<?xml version="1.0" encoding="iso-8859-1" ?>
<newsitem itemid="473992" id="root" date="1997-03-28" xml:lang="en">
<title>USA: GOLF-ELKINGTON GRABS FIRST-ROUND LEAD AT PLAYERS CHAMPIONSHIP.</title>
<headline>GOLF-ELKINGTON GRABS FIRST-ROUND LEAD AT PLAYERS CHAMPIONSHIP.</headline>
<dateline>PONTE VEDRA BEACH, Florida 1997-03-27</dateline>
<text>
<p>Australian Steve Elkington rode a hot start on the TPC at Sawgrass course to a one-stroke lead after the first round of the Players Championship on Thursday.</p>
<p>Elkington, who won this tournament in 1991 and three weeks ago won the Doral-Ryder Open, birdied his first four holes en route to a six-under-par 66.</p>
<p>Tom Lehman, Mark Calcavecchia, Fuzzy Zoeller, David Edwards and Russ Cochran were tied for second after each completed the circuit at five-under 67.</p>
<p>A group of 10 more players, including 1987 winner Sandy Lyle of Britain, South African Ernie Els and Larry Mize, were two strokes off the pace on the crowded leader board at 68.</p>
<p>&quot;Obviously I played very well and am pleased with a 66,&quot; Elkington said.</p>
<p>&quot;Having won Doral already I felt like it gives me momentum for the rest of this swing. I really prepared myself for this week and I got off to a great start with the four birdies and played steady the rest of the day.&quot;</p>
<p>The only blemish on Elkington's round was a double bogey on 18 after he sent a 2-iron second shot into the water.</p>
<p>The win at Doral was his first victory since the 1995 PGA Championship, but Elkington said he did not feel he had been in any kind of prolonged slump. He said his only real setback was the result of having his golf clubs stolen twice in the last 18 months.</p>
<p>&quot;Other than the six months it took me to get over losing my clubs, I feel my game has stayed the same or improved. I still feel very confident,&quot; Elkington said.</p>
<p>Zoeller, who shot 20 under par here in 1994 only to lose to Greg Norman's record-breaking 24-under total, said course conditions Thursday were near perfect.</p>
<p>&quot;It was very, very soft out there, and the course is very vulnerable when it's like this. Just a beautiful day to play golf,&quot; Zoeller said.</p>
<p>Zoeller carded seven birdies and two bogeys -- not bad for his first tournament round after being sidelined six weeks by a back injury.</p>
<p>&quot;I hurt my back and was out for a month and a half. All I could do was fish,&quot; Zoeller said.</p>
<p>Although conditions were perfect and the field featured the top 50 ranked players in the world, the tough TPC course with its treacherous rough made life difficult for anyone who strayed from the fairways.</p>
<p>There were seven scores in the 80's Thursday with three of them coming from former major championship winners -- Australian Wayne Grady (80), Curtis Strange (81) and Ben Crenshaw (81).</p>
<p>Defending champion Fred Couples shot a one-under-par 71, as did pre-tournament favourite Tiger Woods and Masters champion Nick Faldo.</p>
</text>
<copyright>(c) Reuters Limited 1997</copyright>
<metadata>
<codes class="bip:countries:1.0">
  <code code="USA">
    <editdetail attribution="Reuters BIP Coding Group" action="confirmed" date="1997-03-28"/>
  </code>
</codes>
<codes class="bip:topics:1.0">
  <code code="GCAT">
    <editdetail attribution="Reuters BIP Coding Group" action="confirmed" date="1997-03-28"/>
  </code>
  <code code="GSPO">
    <editdetail attribution="Reuters BIP Coding Group" action="confirmed" date="1997-03-28"/>
  </code>
</codes>
<dc element="dc.date.created" value="1997-03-27"/>
<dc element="dc.publisher" value="Reuters Holdings Plc"/>
<dc element="dc.date.published" value="1997-03-28"/>
<dc element="dc.source" value="Reuters"/>
<dc element="dc.creator.location" value="PONTE VEDRA BEACH, Florida"/>
<dc element="dc.creator.location.country.name" value="USA"/>
<dc element="dc.source" value="Reuters"/>
</metadata>
</newsitem>
