<?xml version="1.0" encoding="iso-8859-1" ?>
<newsitem itemid="473974" id="root" date="1997-03-28" xml:lang="en">
<title>ITALY: SOCCER-CROATIAN STRIKER STANIC OUT FOR SIX WEEKS.</title>
<headline>SOCCER-CROATIAN STRIKER STANIC OUT FOR SIX WEEKS.</headline>
<dateline>PARMA, Italy 1997-03-28</dateline>
<text>
<p>Croatian striker Mario Stanic will be out of action for around six weeks after injuring his right knee in midweek, his Italian club Parma said on Friday.</p>
<p>Stanic, who has quickly become one of Parma's key players since arriving in Italy this season, has already been ruled out of Croatia's World Cup qualifiers at home to Denmark on Saturday and neighbours Slovenia next week.</p>
<p>The club, currently second in serie A six points behind Juventus, had been hoping for a far shorter absence.</p>
<p>But an arthroscopy performed on the right knee on Friday showed a partial tear of the cruciate ligament.</p>
</text>
<copyright>(c) Reuters Limited 1997</copyright>
<metadata>
<codes class="bip:countries:1.0">
  <code code="CRTIA">
    <editdetail attribution="Reuters BIP Coding Group" action="confirmed" date="1997-03-28"/>
  </code>
  <code code="ITALY">
    <editdetail attribution="Reuters BIP Coding Group" action="confirmed" date="1997-03-28"/>
  </code>
</codes>
<codes class="bip:topics:1.0">
  <code code="GCAT">
    <editdetail attribution="Reuters BIP Coding Group" action="confirmed" date="1997-03-28"/>
  </code>
  <code code="GSPO">
    <editdetail attribution="Reuters BIP Coding Group" action="confirmed" date="1997-03-28"/>
  </code>
</codes>
<dc element="dc.date.created" value="1997-03-28"/>
<dc element="dc.publisher" value="Reuters Holdings Plc"/>
<dc element="dc.date.published" value="1997-03-28"/>
<dc element="dc.source" value="Reuters"/>
<dc element="dc.creator.location" value="PARMA, Italy"/>
<dc element="dc.creator.location.country.name" value="ITALY"/>
<dc element="dc.source" value="Reuters"/>
</metadata>
</newsitem>
