<?xml version="1.0" encoding="iso-8859-1" ?>
<newsitem itemid="473972" id="root" date="1997-03-28" xml:lang="en">
<title>USA: TENNIS-LIPTON CHAMPIONSHIPS RESULTS.</title>
<headline>TENNIS-LIPTON CHAMPIONSHIPS RESULTS.</headline>
<dateline>KEY BISCAYNE, Fla. 1997-03-28</dateline>
<text>
<p>Results from the</p>
<p>$4.45 million Lipton Championships on Friday (prefix number</p>
<p>denotes seeding):</p>
<p>Men's singles, semifinals</p>
<p>Sergi Bruguera (Spain) beat 1-Pete Sampras (U.S.) 5-7 7-6</p>
<p>(7-2) 6-4</p>
</text>
<copyright>(c) Reuters Limited 1997</copyright>
<metadata>
<codes class="bip:countries:1.0">
  <code code="USA">
    <editdetail attribution="Reuters BIP Coding Group" action="confirmed" date="1997-03-28"/>
  </code>
</codes>
<codes class="bip:topics:1.0">
  <code code="GCAT">
    <editdetail attribution="Reuters BIP Coding Group" action="confirmed" date="1997-03-28"/>
  </code>
  <code code="GSPO">
    <editdetail attribution="Reuters BIP Coding Group" action="confirmed" date="1997-03-28"/>
  </code>
</codes>
<dc element="dc.date.created" value="1997-03-28"/>
<dc element="dc.publisher" value="Reuters Holdings Plc"/>
<dc element="dc.date.published" value="1997-03-28"/>
<dc element="dc.source" value="Reuters"/>
<dc element="dc.creator.location" value="KEY BISCAYNE, Fla."/>
<dc element="dc.creator.location.country.name" value="USA"/>
<dc element="dc.source" value="Reuters"/>
</metadata>
</newsitem>
