<?xml version="1.0" encoding="iso-8859-1" ?>
<newsitem itemid="473990" id="root" date="1997-03-28" xml:lang="en">
<title>USA: GOLF-FIRST ROUND LEADERS AT LPGA DINAH SHORE.</title>
<headline>GOLF-FIRST ROUND LEADERS AT LPGA DINAH SHORE.</headline>
<dateline>RANCHO MIRAGE, California 1997-03-27</dateline>
<text>
<p>Leaders after the first round of the $900,000 Nabisco Dinah Shore LPGA golf tournament on Thursday (U.S. unless noted):</p>
<p>66 Kris Tschetter, Kathryn Marshall (Britain)</p>
<p>68 Sherri Steinhauer, Dale Eggeling, Deb Richard, Jane Geddes</p>
<p>69 Dottie Pepper, Pat Bradley, Karrie Webb (Australia)</p>
<p>70 Lisa Walters, Mayumi Hirase (Japan), Laura Davies (Britain), Nancy Lopez, Nancy Bowen, Tina Barrett, Trish Johnson (Britain), Annika Sorenstam (Sweden), Kelly Robbins, Jenny Lidback (Peru), Lisa Hackney (Britain), Jane Crafter (Australia)</p>
<p>71 Marianne Morris, Missie Berteotti, Betsy King, Julie Piers, Joan Pitcock, Barb Mucha, Gail Graham (Canada), Vickie Fergon</p>
<p>Add non-U.S. players</p>
<p>72 Kaori Harada (Japan), Hiromi Kobayashi (Japan), Alison Nicholas (Britain)</p>
<p>73 Anne Marie Palli (France), Ayako Okamoto (Japan), Aiko Fukushima (Japan)</p>
<p>74 Sally Little (South Africa), Marisa Baena (Columbia)</p>
<p>76 Carin Koch (Sweden), Caroline Pierce (Britain), Alicia Dibos (Peru), Alison Nicholas (Britain)</p>
<p>77 Suzanne Strudwick (Britain), Marta Figueras-Dotti (Spain)</p>
<p>78 Stefania Croce (Italy)</p>
<p>79 Florence Descampe (Belgium), Helen Dobson (Britain)</p>
</text>
<copyright>(c) Reuters Limited 1997</copyright>
<metadata>
<codes class="bip:countries:1.0">
  <code code="USA">
    <editdetail attribution="Reuters BIP Coding Group" action="confirmed" date="1997-03-28"/>
  </code>
</codes>
<codes class="bip:topics:1.0">
  <code code="GCAT">
    <editdetail attribution="Reuters BIP Coding Group" action="confirmed" date="1997-03-28"/>
  </code>
  <code code="GSPO">
    <editdetail attribution="Reuters BIP Coding Group" action="confirmed" date="1997-03-28"/>
  </code>
</codes>
<dc element="dc.date.created" value="1997-03-27"/>
<dc element="dc.publisher" value="Reuters Holdings Plc"/>
<dc element="dc.date.published" value="1997-03-28"/>
<dc element="dc.source" value="Reuters"/>
<dc element="dc.creator.location" value="RANCHO MIRAGE, California"/>
<dc element="dc.creator.location.country.name" value="USA"/>
<dc element="dc.source" value="Reuters"/>
</metadata>
</newsitem>
