<?xml version="1.0" encoding="iso-8859-1" ?>
<newsitem itemid="473993" id="root" date="1997-03-28" xml:lang="en">
<title>USA: TENNIS-COURIER STOPS IVANISEVIC TO REACH LIPTON SEMIS.</title>
<headline>TENNIS-COURIER STOPS IVANISEVIC TO REACH LIPTON SEMIS.</headline>
<dateline>KEY BISCAYNE, Florida 1997-03-27</dateline>
<text>
<p>Jim Courier took another step toward recapturing the form that once made him the world's best tennis player by upsetting fourth seed Goran Ivanisevic Thursday to reach the semifinals of the Lipton Championships.</p>
<p>The 26th-ranked Courier, who won this title in 1991, bounced the big-serving Croatian 6-2 7-6, to reach the final four here for the fourth time in his career.</p>
<p>Courier, a local favourite in southern Florida, next faces the winner of Thursday's later quarter-final between second seed Thomas Muster of Austria and Sweden's Jonas Bjorkman.</p>
<p>The other men's semifinal pits top-seeded world number one Pete Sampras against 35th-ranked Sergi Bruguera of Spain.</p>
<p>Ivanisevic was looking to return to the final here after last year's disappointment when he had to quit three games into the final with Andre Agassi due to a neck injury.</p>
<p>He started out well enough, taking a 2-0 lead over Courier. But the American, showing flashes of that old Grand Slam champion form, reeled off the next six games to take the first set.</p>
<p>Bashing from the baseline and making occasional forays to the net, Courier commited just six unforced errors in the opening set to 22 for the Croatian.</p>
<p>The fifth-ranked Ivanisevic got his dangerous serve on track in the second set and both players held serve throughout, forcing the tie-break.</p>
<p>&quot;I was hoping to keep my momentum going into the second set, but Goran, with his serve, just turned it on,&quot; Courier said. &quot;I wasn't really able to get my teeth into his service games there. Fortunately, he wasn't able to do much on my serve either.&quot;</p>
<p>Courier thoroughly outplayed Ivanisevic in the tiebreaker, jumping out to a 6-1 lead with the help of two double faults by the error-prone fourth seed. The American ended the 78-minute contest by converting his second match point.</p>
<p>Courier, who beat sixth-ranked Wimbledon champion Richard Krajicek in the fourth round, takes consecutive wins over top-10 ranked players into the semifinals -- a sign that he is approaching the form that carried him to the top in 1992.</p>
<p>He said two months off while recovering from a knee injury last autumn had helped renew the enthusiasm for the game he seemed to have lost in recent years.</p>
<p>&quot;I got injured and that gave me a chance to kind of let my mind relax as my body recuperated,&quot; Courier said.</p>
<p>&quot;Sometimes it's almost a curse to be healthy all the time, funny as it seems. If you're healthy all the time, you keep going, going, keep grinding yourself down.</p>
<p>&quot;I hope that I don't get injured again, but I hope if I get to that point again where I need to take a step back, I'll be smart enough to say, I'm tired, I'm going to take a rest, then come back.&quot;</p>
</text>
<copyright>(c) Reuters Limited 1997</copyright>
<metadata>
<codes class="bip:countries:1.0">
  <code code="USA">
    <editdetail attribution="Reuters BIP Coding Group" action="confirmed" date="1997-03-28"/>
  </code>
</codes>
<codes class="bip:topics:1.0">
  <code code="GCAT">
    <editdetail attribution="Reuters BIP Coding Group" action="confirmed" date="1997-03-28"/>
  </code>
  <code code="GSPO">
    <editdetail attribution="Reuters BIP Coding Group" action="confirmed" date="1997-03-28"/>
  </code>
</codes>
<dc element="dc.date.created" value="1997-03-27"/>
<dc element="dc.publisher" value="Reuters Holdings Plc"/>
<dc element="dc.date.published" value="1997-03-28"/>
<dc element="dc.source" value="Reuters"/>
<dc element="dc.creator.location" value="KEY BISCAYNE, Florida"/>
<dc element="dc.creator.location.country.name" value="USA"/>
<dc element="dc.source" value="Reuters"/>
</metadata>
</newsitem>
