<?xml version="1.0" encoding="iso-8859-1" ?>
<newsitem itemid="473997" id="root" date="1997-03-28" xml:lang="en">
<title>UK: SOCCER-CELTIC SIGN VILLA'S JOHNSON FOR $3.9 MILLION.</title>
<headline>SOCCER-CELTIC SIGN VILLA'S JOHNSON FOR $3.9 MILLION.</headline>
<dateline>GLASGOW 1997-03-28</dateline>
<text>
<p>Scottish giants Celtic signed striker Tommy Johnson from English premier league side Aston Villa on Friday for 2.4 million pounds ($3.9 million).</p>
<p>Johnson, 26, joins Celtic on a 4 1/2 year contract after rejecting a move to Villa's Midlands rivals Derby County earlier this month.</p>
<p>&quot;I thought Aston Villa were a big club, but I realise Celtic are another step forward when I see this magnificent stadium and know that I will be playing for over 40,000 supporters at every home match,&quot; Johnson said.</p>
<p>&quot;Celtic are an extremely ambitious club with a great history.&quot;</p>
</text>
<copyright>(c) Reuters Limited 1997</copyright>
<metadata>
<codes class="bip:countries:1.0">
  <code code="UK">
    <editdetail attribution="Reuters BIP Coding Group" action="confirmed" date="1997-03-28"/>
  </code>
</codes>
<codes class="bip:topics:1.0">
  <code code="GCAT">
    <editdetail attribution="Reuters BIP Coding Group" action="confirmed" date="1997-03-28"/>
  </code>
  <code code="GSPO">
    <editdetail attribution="Reuters BIP Coding Group" action="confirmed" date="1997-03-28"/>
  </code>
</codes>
<dc element="dc.date.created" value="1997-03-28"/>
<dc element="dc.publisher" value="Reuters Holdings Plc"/>
<dc element="dc.date.published" value="1997-03-28"/>
<dc element="dc.source" value="Reuters"/>
<dc element="dc.creator.location" value="GLASGOW"/>
<dc element="dc.creator.location.country.name" value="UK"/>
<dc element="dc.source" value="Reuters"/>
</metadata>
</newsitem>
