<?xml version="1.0" encoding="iso-8859-1" ?>
<newsitem itemid="473975" id="root" date="1997-03-28" xml:lang="en">
<title>NETHERLANDS: SOCCER-DUTCH BEAT SAN MARINO 6-0 IN EURO UNDER-21 QUALIFIER.</title>
<headline>SOCCER-DUTCH BEAT SAN MARINO 6-0 IN EURO UNDER-21 QUALIFIER.</headline>
<dateline>HEERENVEEN, Netherlands 1997-03-28</dateline>
<text>
<p>The Netherlands</p>
<p>beat San Marino 6-0 (halftime 3-0) in a European under-21 soccer</p>
<p>championship group seven qualifier on Friday.</p>
<p>Scorers: Makaay 9, Ommel 12, Reuser 19, Ricksen 53,</p>
<p>Musampa 64,71</p>
<p>Red cards: Marani (San Marino)</p>
<p>Yellow cards: Boateng (Netherlands), Bacchiocchi (San</p>
<p>Marino)</p>
<p>Attendance: 12,500</p>
<p>Standings </p>
<p>  Turkey	    3   3   0   0   8   1   9</p>
<p>  Wales	     5   3   0   2   8   5   9</p>
<p>  Netherlands     4   2   1   1   10  3   7</p>
<p>  Belgium	   3   1   1   1   8   5   4</p>
<p>  San Marino	5   0   0   5   1   21  0</p>
</text>
<copyright>(c) Reuters Limited 1997</copyright>
<metadata>
<codes class="bip:countries:1.0">
  <code code="NETH">
    <editdetail attribution="Reuters BIP Coding Group" action="confirmed" date="1997-03-28"/>
  </code>
  <code code="SMARNO">
    <editdetail attribution="Reuters BIP Coding Group" action="confirmed" date="1997-03-28"/>
  </code>
</codes>
<codes class="bip:topics:1.0">
  <code code="GCAT">
    <editdetail attribution="Reuters BIP Coding Group" action="confirmed" date="1997-03-28"/>
  </code>
  <code code="GSPO">
    <editdetail attribution="Reuters BIP Coding Group" action="confirmed" date="1997-03-28"/>
  </code>
</codes>
<dc element="dc.date.created" value="1997-03-28"/>
<dc element="dc.publisher" value="Reuters Holdings Plc"/>
<dc element="dc.date.published" value="1997-03-28"/>
<dc element="dc.source" value="Reuters"/>
<dc element="dc.creator.location" value="HEERENVEEN, Netherlands"/>
<dc element="dc.creator.location.country.name" value="NETHERLANDS"/>
<dc element="dc.source" value="Reuters"/>
</metadata>
</newsitem>
