<?xml version="1.0" encoding="iso-8859-1" ?>
<newsitem itemid="473981" id="root" date="1997-03-28" xml:lang="en">
<title>UK: SOCCER-SCOTLAND BEAT ESTONIA 4-0 IN EUROPEAN UNDER-21 QUALIFIER.</title>
<headline>SOCCER-SCOTLAND BEAT ESTONIA 4-0 IN EUROPEAN UNDER-21 QUALIFIER.</headline>
<dateline>STIRLING, Scotland 1997-03-28</dateline>
<text>
<p>Result of a European under-21 championship group 4 qualifying match on Friday:</p>
<p> Scotland     4     Estonia     0   (halftime 2-0)</p>
<p>    Standings	 P  W  D  L GF  GA Pts</p>
<p> Belarus		4  3  1  0  9  3  10</p>
<p> Sweden		 4  3  0  1 11  5   9</p>
<p> Scotland	     5  2  1  2  6  8   7</p>
<p> Austria		3  1  1  1  5  4   4</p>
<p> Latvia		 4  0  2  2  0  4   2</p>
<p> Estonia		4  0  1  3  2  9   1</p>
</text>
<copyright>(c) Reuters Limited 1997</copyright>
<metadata>
<codes class="bip:countries:1.0">
  <code code="ESTNIA">
    <editdetail attribution="Reuters BIP Coding Group" action="confirmed" date="1997-03-28"/>
  </code>
  <code code="UK">
    <editdetail attribution="Reuters BIP Coding Group" action="confirmed" date="1997-03-28"/>
  </code>
</codes>
<codes class="bip:topics:1.0">
  <code code="GCAT">
    <editdetail attribution="Reuters BIP Coding Group" action="confirmed" date="1997-03-28"/>
  </code>
  <code code="GSPO">
    <editdetail attribution="Reuters BIP Coding Group" action="confirmed" date="1997-03-28"/>
  </code>
</codes>
<dc element="dc.date.created" value="1997-03-28"/>
<dc element="dc.publisher" value="Reuters Holdings Plc"/>
<dc element="dc.date.published" value="1997-03-28"/>
<dc element="dc.source" value="Reuters"/>
<dc element="dc.creator.location" value="STIRLING, Scotland"/>
<dc element="dc.creator.location.country.name" value="UK"/>
<dc element="dc.source" value="Reuters"/>
</metadata>
</newsitem>
