<?xml version="1.0" encoding="iso-8859-1" ?>
<newsitem itemid="473982" id="root" date="1997-03-28" xml:lang="en">
<title>ITALY: SOCCER-ZOLA CONFIDENT ABOUT PARTNERING VIERI.</title>
<headline>SOCCER-ZOLA CONFIDENT ABOUT PARTNERING VIERI.</headline>
<byline>Paddy Agnew</byline>
<dateline>TRIESTE, Italy 1997-03-28</dateline>
<text>
<p>Italy's inspirational striker Gianfranco Zola has no worries about playing alongside uncapped Juventus attacker Christian Vieri in Saturday's World Cup qualifier against Moldova.</p>
<p>Injuries to Pier Luigi Casiraghi and Fabrizio Ravanelli have left Italian coach Cesare Maldini little option but to draft in the uncapped Vieri as partner for Zola, who now plays his club soccer with English side Chelsea.</p>
<p>Italy beat Moldova 3-1 away, leading to expectations of a possible goalscoring feast at home and the likelihood that Zola or Vieri will end the night as the man who scored Italy's 1,000th international goal since the first in 1910.</p>
<p>Zola scored Italy's 997th in 541 official matches with the winner against England at Wembley in February.</p>
<p>Speaking at team training, the little Sardinian predicted there would be no problems partnering 23-year-old Vieri.</p>
<p>&quot;Christian's tactical awareness has surprised me...He's very similar to Casiraghi and I will have to play off and around him but I don't think there'll be any problems of understanding between us,&quot; he said.</p>
<p>&quot;I've given him just one piece of advice, and that is to play according to his instinct.&quot;</p>
<p>Zola's winning goal in the group two qualifier against England at Wembley left Italy joint top with England but with a game in hand. They should go top on Saturday.</p>
<p>Apart from Vieri, the only other change from the side which beat England is the inclusion of Lazio player Alessandro Nesta instead of Parma's Fabio Cannavaro.</p>
<p>Nesta's inclusion is an inevitable reflection of the fact that Maldini expects Moldova to play a defensive game, leaving the Italian defence free to move forward, a point also underlined by Zola.</p>
<p>&quot;The game against Moldova is easy only on paper. Our opponents will close up in numbers in front of their goalkeeper, leaving the initiative to us,&quot; Zola said. &quot;We'll have to be good and score early.&quot;</p>
<p>Saturday's qualifier in the north-eastern port of Trieste, birthplace of Maldini, is the first of two group two games played by Italy in the next week. They face Poland in Chorzow on April 2.</p>
<p>Moldova are bottom of the group having lost all three games so far, beaten at home by England and Italy and away by Poland.</p>
<p>Teams:</p>
<p>Italy - Angelo Peruzzi, Alessandro Costacurta, Alessandro Nesta, Ciro Ferrara, Paolo Maldini, Angelo Di Livio, Demetrio Albertini, Roberto Di Matteo, Dino Baggio, Gianfranco Zola, Christian Vieri.</p>
<p>Moldova - Denis Romanenco, Vitali Culibaba, Vasile Toloconicov, Ion Testimetanu, Oleg Fistican, Alexandr Curtianu, Marin Spinu, Oleg Sischin, Sergiu Epureanu, Alexandr Popovici, Serghei Clescenco.</p>
</text>
<copyright>(c) Reuters Limited 1997</copyright>
<metadata>
<codes class="bip:countries:1.0">
  <code code="ITALY">
    <editdetail attribution="Reuters BIP Coding Group" action="confirmed" date="1997-03-28"/>
  </code>
  <code code="MOLDV">
    <editdetail attribution="Reuters BIP Coding Group" action="confirmed" date="1997-03-28"/>
  </code>
</codes>
<codes class="bip:topics:1.0">
  <code code="GCAT">
    <editdetail attribution="Reuters BIP Coding Group" action="confirmed" date="1997-03-28"/>
  </code>
  <code code="GSPO">
    <editdetail attribution="Reuters BIP Coding Group" action="confirmed" date="1997-03-28"/>
  </code>
</codes>
<dc element="dc.date.created" value="1997-03-28"/>
<dc element="dc.publisher" value="Reuters Holdings Plc"/>
<dc element="dc.date.published" value="1997-03-28"/>
<dc element="dc.source" value="Reuters"/>
<dc element="dc.creator.location" value="TRIESTE, Italy"/>
<dc element="dc.creator.location.country.name" value="ITALY"/>
<dc element="dc.source" value="Reuters"/>
</metadata>
</newsitem>
