<?xml version="1.0" encoding="iso-8859-1" ?>
<newsitem itemid="473998" id="root" date="1997-03-28" xml:lang="en">
<title>UK: SOCCER SHOWCASE-BETTING ON VALENCIA V BARCELONA.</title>
<headline>SOCCER SHOWCASE-BETTING ON VALENCIA V BARCELONA.</headline>
<dateline>LONDON 1997-03-28</dateline>
<text>
<p>William Hill betting on</p>
<p>Sunday's Spanish first division match between Valencia and</p>
<p>Barcelona in Valencia:</p>
<p>To win: 11-5 Valencia; Barcelona 11-10</p>
<p>To draw: 2-1</p>
<p>Correct score:</p>
<p>    Valencia to win			    Barcelona to win</p>
<p>    1-0	     8-1			  1-0	     13-2</p>
<p>    2-0	    12-1			  2-0		9-1</p>
<p>    2-1	    11-1			  2-1		8-1</p>
<p>    3-0	    33-1			  3-0	     18-1</p>
<p>    3-1	    28-1			  3-1	     16-1</p>
<p>    3-2	    25-1			  3-2	     25-1</p>
<p>    4-0	   100-1			  4-0	     40-1</p>
<p>    4-1	   100-1			  4-1	     33-1</p>
<p>    4-2	   100-1			  4-2	     50-1</p>
<p>Draw:</p>
<p>    0-0	   15-2</p>
<p>    1-1	   11-2</p>
<p>    2-2	   14-1</p>
<p>    3-3	   50-1</p>
<p>Double result:</p>
<p>			   half-time		  full-time</p>
<p>     9-2		 Valencia		   Valencia</p>
<p>    12-1		 Valencia		   draw</p>
<p>    25-1		 Valencia		   Barcelona</p>
<p>    13-2		 draw			 Valencia</p>
<p>     4-1		 draw			 draw</p>
<p>     9-2		 draw			 Barcelona</p>
<p>    33-1		 Barcelona		  Valencia</p>
<p>    12-1		 Barcelona		  draw</p>
<p>    12-5		 Barcelona		  Barcelona</p>
</text>
<copyright>(c) Reuters Limited 1997</copyright>
<metadata>
<codes class="bip:countries:1.0">
  <code code="SPAIN">
    <editdetail attribution="Reuters BIP Coding Group" action="confirmed" date="1997-03-28"/>
  </code>
  <code code="UK">
    <editdetail attribution="Reuters BIP Coding Group" action="confirmed" date="1997-03-28"/>
  </code>
</codes>
<codes class="bip:topics:1.0">
  <code code="GCAT">
    <editdetail attribution="Reuters BIP Coding Group" action="confirmed" date="1997-03-28"/>
  </code>
  <code code="GSPO">
    <editdetail attribution="Reuters BIP Coding Group" action="confirmed" date="1997-03-28"/>
  </code>
</codes>
<dc element="dc.date.created" value="1997-03-28"/>
<dc element="dc.publisher" value="Reuters Holdings Plc"/>
<dc element="dc.date.published" value="1997-03-28"/>
<dc element="dc.source" value="Reuters"/>
<dc element="dc.creator.location" value="LONDON"/>
<dc element="dc.creator.location.country.name" value="UK"/>
<dc element="dc.source" value="Reuters"/>
</metadata>
</newsitem>
