<?xml version="1.0" encoding="iso-8859-1" ?>
<newsitem itemid="473973" id="root" date="1997-03-28" xml:lang="en">
<title>PORTUGAL: GOLF-MADEIRA TOURNAMENT CUT TO 54 HOLES.</title>
<headline>GOLF-MADEIRA TOURNAMENT CUT TO 54 HOLES.</headline>
<dateline>SANTO DA SERRA, Madeira 1997-03-28</dateline>
<text>
<p>The Madeira Island Open was cut on Friday from 72 holes to 54 after much of the opening day on Thursday was lost to near gale-force winds and mist.</p>
<p>When all the field had completed one round on Friday, Scotland's Andrew Coltart led by one stroke, having shot a six-under-par 66.</p>
<p>Dutchman Rolf Muntz had a 67, one shot ahead of Briton Ross McFarlane, Sweden's Fredrik Jacobson and Spaniard Ignacio Garrido.</p>
</text>
<copyright>(c) Reuters Limited 1997</copyright>
<metadata>
<codes class="bip:countries:1.0">
  <code code="PORL">
    <editdetail attribution="Reuters BIP Coding Group" action="confirmed" date="1997-03-28"/>
  </code>
</codes>
<codes class="bip:topics:1.0">
  <code code="GCAT">
    <editdetail attribution="Reuters BIP Coding Group" action="confirmed" date="1997-03-28"/>
  </code>
  <code code="GSPO">
    <editdetail attribution="Reuters BIP Coding Group" action="confirmed" date="1997-03-28"/>
  </code>
</codes>
<dc element="dc.date.created" value="1997-03-28"/>
<dc element="dc.publisher" value="Reuters Holdings Plc"/>
<dc element="dc.date.published" value="1997-03-28"/>
<dc element="dc.source" value="Reuters"/>
<dc element="dc.creator.location" value="SANTO DA SERRA, Madeira"/>
<dc element="dc.creator.location.country.name" value="PORTUGAL"/>
<dc element="dc.source" value="Reuters"/>
</metadata>
</newsitem>
