<?xml version="1.0" encoding="iso-8859-1" ?>
<newsitem itemid="473984" id="root" date="1997-03-28" xml:lang="en">
<title>JAPAN: SPEED SKATING-GAGNON STAKES CLAIM TO FOURTH WORLD TITLE.</title>
<headline>SPEED SKATING-GAGNON STAKES CLAIM TO FOURTH WORLD TITLE.</headline>
<dateline>NAGANO, Japan 1997-03-28</dateline>
<text>
<p>Canada's Marc Gagnon began his quest for a fourth world overall title with a win in the men's 1,500 metres at the world short track speed skating championships on Friday.</p>
<p>Double Olympic gold medallist Chun Lee-Kyung of South Korea, who is attempting to win a third world crown, took the women's 1,500 metres.</p>
<p>Gagnon completed the course in two minutes, 21.322 seconds, ahead of Italians Orazio Fagone and Mirko Vuillermin. Fagone clocked 2:21.617 with Vuillermin another 0.446 seconds back.</p>
<p>&quot;I felt strong at the end of the 1,500 today, so I feel I'm in good shape,&quot; said the 21-year-old from the northern Quebec town of Chicoutimi.</p>
<p>&quot;I have confidence that I can win the world championships again, but there are a lot of good skaters here, so I'll have to work hard.&quot;</p>
<p>The women's 1,500 metres was an all-Asia affair with three South Koreans, two Chinese and a Japanese skater advancing to the semi-finals from a field of 29 competitors from 17 countries.</p>
<p>Chun, a 21-year-old university student who won overall titles last year and in 1994, battled with team mate Won Hye-Kyung for four laps before edging to the front on the final lap.</p>
<p>&quot;I didn't expect her to go so fast,&quot; said Chun. &quot;At first it was a bit stressful, but in the end it enabled me to win the race.&quot;</p>
<p>Chun, gold medallist in the 3,000 metres and relay events at the 1994 Olympics, finished in 2:29.426, edging Won by .128 seconds. Yang Yang of China was third.</p>
</text>
<copyright>(c) Reuters Limited 1997</copyright>
<metadata>
<codes class="bip:countries:1.0">
  <code code="CANA">
    <editdetail attribution="Reuters BIP Coding Group" action="confirmed" date="1997-03-28"/>
  </code>
  <code code="CHINA">
    <editdetail attribution="Reuters BIP Coding Group" action="confirmed" date="1997-03-28"/>
  </code>
  <code code="JAP">
    <editdetail attribution="Reuters BIP Coding Group" action="confirmed" date="1997-03-28"/>
  </code>
  <code code="SKOREA">
    <editdetail attribution="Reuters BIP Coding Group" action="confirmed" date="1997-03-28"/>
  </code>
</codes>
<codes class="bip:topics:1.0">
  <code code="GCAT">
    <editdetail attribution="Reuters BIP Coding Group" action="confirmed" date="1997-03-28"/>
  </code>
  <code code="GSPO">
    <editdetail attribution="Reuters BIP Coding Group" action="confirmed" date="1997-03-28"/>
  </code>
</codes>
<dc element="dc.date.created" value="1997-03-28"/>
<dc element="dc.publisher" value="Reuters Holdings Plc"/>
<dc element="dc.date.published" value="1997-03-28"/>
<dc element="dc.source" value="Reuters"/>
<dc element="dc.creator.location" value="NAGANO, Japan"/>
<dc element="dc.creator.location.country.name" value="JAPAN"/>
<dc element="dc.source" value="Reuters"/>
</metadata>
</newsitem>
