<?xml version="1.0" encoding="iso-8859-1" ?>
<newsitem itemid="473989" id="root" date="1997-03-28" xml:lang="en">
<title>USA: GOLF-TSCHETTER, MARSHALL LEAD DINAH SHORE AFTER FIRST ROUND.</title>
<headline>GOLF-TSCHETTER, MARSHALL LEAD DINAH SHORE AFTER FIRST ROUND.</headline>
<dateline>RANCHO MIRAGE, California 1997-03-27</dateline>
<text>
<p>Kris Tschetter used a hot putter on the back nine Thursday to card a six-under-par 66 and share the first-round lead with Scotland's Kathryn Marshall at the LGPA Nabisco Dinah Shore.</p>
<p>Sherri Steinhauer, Deb Richard and Dale Eggeling were two shots back at 68 after their first tours of the Mission Hills Country Club course in the year's first major championship on the LPGA Tour.</p>
<p>Former Dinah Shore winner Dottie Pepper and Pat Bradley stood at 69, while Briton Laura Davies and Hall of Famer Nancy Lopez were among six players at 70.</p>
<p>Tschetter, who has one victory in nine-plus years on the LPGA Tour, birdied five holes on the back nine by making putts from 20, seven, 15, four and 14 feet.</p>
<p>&quot;I felt I was close to playing some great golf before this,&quot; Tschetter said. &quot;But it's hard to play well when you're not making short putts. Three-putting makes the game a lot Tschetter tied for seventh in her previous start and has finished in the top 20 in her last three tournaments.</p>
<p>&quot;Putting has really been a struggle for me the last couple of years,&quot; she said.</p>
<p>Marshall opened her round with a bogey, then got her bearings with birdies on the second and third holes. All told, she made seven birdies and one bogey.</p>
<p>&quot;I got off to the worst start possible,&quot; said Marshall, who has one victory on her LPGA Tour resume.</p>
<p>&quot;I thought, 'here we go, another bad round.' But I have a lot of confidence in my swing right now.&quot;</p>
</text>
<copyright>(c) Reuters Limited 1997</copyright>
<metadata>
<codes class="bip:countries:1.0">
  <code code="USA">
    <editdetail attribution="Reuters BIP Coding Group" action="confirmed" date="1997-03-28"/>
  </code>
</codes>
<codes class="bip:topics:1.0">
  <code code="GCAT">
    <editdetail attribution="Reuters BIP Coding Group" action="confirmed" date="1997-03-28"/>
  </code>
  <code code="GSPO">
    <editdetail attribution="Reuters BIP Coding Group" action="confirmed" date="1997-03-28"/>
  </code>
</codes>
<dc element="dc.date.created" value="1997-03-27"/>
<dc element="dc.publisher" value="Reuters Holdings Plc"/>
<dc element="dc.date.published" value="1997-03-28"/>
<dc element="dc.source" value="Reuters"/>
<dc element="dc.creator.location" value="RANCHO MIRAGE, California"/>
<dc element="dc.creator.location.country.name" value="USA"/>
<dc element="dc.source" value="Reuters"/>
</metadata>
</newsitem>
