<?xml version="1.0" encoding="iso-8859-1" ?>
<newsitem itemid="474012" id="root" date="1997-03-28" xml:lang="en">
<title>AUSTRALIA: RUGBY UNION-ACT BEAT NORTHERN TRANSVAAL 38-19.</title>
<headline>RUGBY UNION-ACT BEAT NORTHERN TRANSVAAL 38-19.</headline>
<dateline>CANBERRA 1997-03-28</dateline>
<text>
<p>Australian Capital Territory (ACT) beat Northern Transvaal 38-19 (halftime 8-5) in a Super 12 rugby union match at Bruce Stadium on Friday.</p>
<p>Scorers:</p>
<p>ACT Brumbies - Tries: Joe Roff (3), Troy Coker, Mitch Hardy. Conversions: David Knox (2). Penalties: David Knox (3).</p>
<p>Northern Transvaal - Tries: Jannie Brooks, Jacques Olivier, Kosie Van Vuuren. Conversions: Theo Van Rensburg (2).</p>
<p>Attendance: 12,032</p>
</text>
<copyright>(c) Reuters Limited 1997</copyright>
<metadata>
<codes class="bip:countries:1.0">
  <code code="AUSTR">
    <editdetail attribution="Reuters BIP Coding Group" action="confirmed" date="1997-03-28"/>
  </code>
</codes>
<codes class="bip:topics:1.0">
  <code code="GCAT">
    <editdetail attribution="Reuters BIP Coding Group" action="confirmed" date="1997-03-28"/>
  </code>
  <code code="GSPO">
    <editdetail attribution="Reuters BIP Coding Group" action="confirmed" date="1997-03-28"/>
  </code>
</codes>
<dc element="dc.date.created" value="1997-03-28"/>
<dc element="dc.publisher" value="Reuters Holdings Plc"/>
<dc element="dc.date.published" value="1997-03-28"/>
<dc element="dc.source" value="Reuters"/>
<dc element="dc.creator.location" value="CANBERRA"/>
<dc element="dc.creator.location.country.name" value="AUSTRALIA"/>
<dc element="dc.source" value="Reuters"/>
</metadata>
</newsitem>
