<?xml version="1.0" encoding="iso-8859-1" ?>
<newsitem itemid="474093" id="root" date="1997-03-28" xml:lang="en">
<title>KENYA: Sudanese rebels say they seized northeast garrisons.</title>
<headline>Sudanese rebels say they seized northeast garrisons.</headline>
<byline>Peter Smerdon</byline>
<dateline>NAIROBI 1997-03-28</dateline>
<text>
<p>Sudanese rebels said on Friday they seized three garrisons in the northeast of Africa's largest country and were threatening Port Sudan, a key link with the rest of the world.</p>
<p>The rebels also said they had repulsed a major army counter-attack near a key town in southern Sudan, inflicting heavy casualties.</p>
<p>Yassir Arman, spokesman for the Sudan People's Liberation Army (SPLA) in Eritrea's capital Asmara, said rebels captured garrisons at Karora town, Itairba and Shabri near the Eritrean border on Thursday.</p>
<p>&quot;We are now advancing towards the town of Tokar,&quot; he said by telephone. Another SPLA spokesman in Nairobi said rebel forces were pursuing the remnants of the garrisons towards Tokar.</p>
<p>&quot;The enemy suffered heavy casualties and large amounts of arms and ammunition were seized,&quot; said spokesman Sampson Kwaje.</p>
<p>Asked whether the aim of the new rebel campaign was to cut the main road from Khartoum to Port Sudan, the Islamist government's commercial link on the Red Sea, Arman said:</p>
<p>&quot;This whole offensive in the east is threatening Port Sudan itself as well as the road to Khartoum.&quot;</p>
<p>Tokar is 100 km (60 miles) from the border with Eritrea and 150 km (90 miles) southeast of Port Sudan. The nearest stretch of the Khartoum-Port Sudan road is 100 km (60 miles) northwest of Tokar.</p>
<p>The Sudanese army said on Thursday Eritrean troops and Sudanese rebels were shelling Sudan army positions on Eritrea's border but the rebels denied any Eritrean forces were involved.</p>
<p>In Nairobi, SPLA spokesman Sampson Kwaje said on Friday rebels repulsed a major army counter-offensive on Wednesday 64 km (40 miles) south of the southern capital of Juba.</p>
<p>&quot;Hundreds of enemy dead bodies litter the area while hundreds more were wounded and taken prisoner,&quot; he added.</p>
<p>A rebel spokesman said the northeast offensive was mounted by the National Democratic Alliance (NDA) rebel coalition and its forces included fighters from the SPLA and Beja Congress.</p>
<p>SPLA commander John Garang told Reuters in January part of rebel strategy was to cut communications between Khartoum and Port Sudan, about 670 km (420 miles) northeast of the capital.</p>
<p>Eritrea's embassy in Cairo denied Eritreans were fighting.</p>
<p>Sudanese army spokesman Lieutenant-General Mohamed al-Senoussi Ahmed said on Thursday Eritrean troops and &quot;a group of outlaws&quot; had been shelling army outposts in Karora and Itairba since early Wednesday.</p>
<p>He said the army was putting up &quot;tough resistance&quot;.</p>
<p>Northern rebels of the opposition NDA opposition coalition attacked the army on the Sudanese side of the Eritrean border in January but that offensive failed to win much territory.</p>
<p>Rebel units farther south, led by the southern-based SPLA, captured the Sudanese towns of Kurmuk and Qeissan on the Ethiopian border in an attack coordinated with the northerners.</p>
<p>Sudan's government said Eritreans and Ethiopians did most of the fighting in both attacks but the two countries, despite very poor relations with Khartoum, said their troops had no role.</p>
<p>The campaign against the Islamist government shifted this month to the far south, where the SPLA captured the major town of Yei and began to advance towards the regional capital Juba.</p>
<p>Khartoum says Ugandan troops are fighting alongside rebels in the south but the Ugandan government denies this and accuses the Sudanese government of supporting rebels in northern Uganda.</p>
<p>The SPLA has been fighting since 1983 for greater autonomy or independence for the Christian and animist south from the Moslem and Arabised north. It and its allies say they want a popular uprising in Khartoum against the Islamist government.</p>
</text>
<copyright>(c) Reuters Limited 1997</copyright>
<metadata>
<codes class="bip:countries:1.0">
  <code code="KENYA">
    <editdetail attribution="Reuters BIP Coding Group" action="confirmed" date="1997-03-28"/>
  </code>
  <code code="SUDAN">
    <editdetail attribution="Reuters BIP Coding Group" action="confirmed" date="1997-03-28"/>
  </code>
</codes>
<codes class="bip:topics:1.0">
  <code code="GCAT">
    <editdetail attribution="Reuters BIP Coding Group" action="confirmed" date="1997-03-28"/>
  </code>
  <code code="GVIO">
    <editdetail attribution="Reuters BIP Coding Group" action="confirmed" date="1997-03-28"/>
  </code>
</codes>
<dc element="dc.date.created" value="1997-03-28"/>
<dc element="dc.publisher" value="Reuters Holdings Plc"/>
<dc element="dc.date.published" value="1997-03-28"/>
<dc element="dc.source" value="Reuters"/>
<dc element="dc.creator.location" value="NAIROBI"/>
<dc element="dc.creator.location.country.name" value="KENYA"/>
<dc element="dc.source" value="Reuters"/>
</metadata>
</newsitem>
