<?xml version="1.0" encoding="iso-8859-1" ?>
<newsitem itemid="474037" id="root" date="1997-03-28" xml:lang="en">
<title>AUSTRIA: SOCCER-INJURY RULES THREE PLAYERS OUT OF AUSTRIA SQUAD.</title>
<headline>SOCCER-INJURY RULES THREE PLAYERS OUT OF AUSTRIA SQUAD.</headline>
<dateline>VIENNA 1997-03-28</dateline>
<text>
<p>Injury ruled three players out of Austria's squad on Friday for next Wednesday's important World Cup group four qualifier against Scotland.</p>
<p>Werder Bremen forward Heimo Pfeifenberger is nursing a broken toe, 1860 Munich's Harald Cerny injured his right ankle in Thursday's Bundesliga match against VfB Stuttgart while Linzer ASK defender Goran Kartalija has calf pains.</p>
<p>Coach Herbert Prohaska has replaced Pfeifenberger with Austria Vienna striker Andreas Ogris, Cerny with Casino Graz's Dieter Ramusch while Sturm Graz's Roman Maehlich will replace Kartalija.</p>
<p>Prohaska already had to do without midfielders Dietmar Kuehbauer of Rapid Vienna and the injured Adi Huetter of SV Salzburg when he named his 18-man squad on Thursday.</p>
<p>Kuehbauer asked not to be considered after opting to stay in Austria with his wife Michaela who is currently in a coma following a car crash.</p>
<p>Prohaska told a news conference on Friday: &quot;There is no point in sulking, we will have to do with what we have.&quot;</p>
<p>Despite the setbacks, Huetter is the only player missing from the team which scored a surprise 1-0 group four victory over Sweden in Stockholm last October.</p>
<p>Austria are currently second in the group standings, a point behind Scotland and a point ahead of Sweden.</p>
<p>But they had their confidence badly shaken 10 days ago when they lost their first international since November 1995 -- a shock 2-0 defeat by Slovenia in Linz.</p>
<p>Squad:</p>
<p>Goalkeepers: Michael Konsel (Rapid Vienna), Franz Wohlfahrt (VfB Stuttgart)</p>
<p>Defenders: Wolfgang Feiersinger (Borussia Dortmund), Michael Hatz (AC Reggiana), Roman Maehlich (Sturm Graz), Walter Kogler (SV Salzburg), Anton Pfeffer (Austria Vienna), Peter Schoettel (Rapid Vienna)</p>
<p>Midfielders: Franz Aigner (SV Salzburg), Andreas Heraf (Rapid Vienna), Andreas Herzog (Werder Bremen), Markus Schopp (Hamburg), Peter Stoeger (Rapid Vienna)</p>
<p>Forwards: Andreas Ogris (Austria Vienna), Dieter Ramusch (Casino Graz), Anton Polster (Cologne), Ivica Vastic (Sturm Graz), Arnold Wetl (FC Porto)</p>
</text>
<copyright>(c) Reuters Limited 1997</copyright>
<metadata>
<codes class="bip:countries:1.0">
  <code code="AUST">
    <editdetail attribution="Reuters BIP Coding Group" action="confirmed" date="1997-03-28"/>
  </code>
  <code code="GFR">
    <editdetail attribution="Reuters BIP Coding Group" action="confirmed" date="1997-03-28"/>
  </code>
  <code code="UK">
    <editdetail attribution="Reuters BIP Coding Group" action="confirmed" date="1997-03-28"/>
  </code>
</codes>
<codes class="bip:topics:1.0">
  <code code="GCAT">
    <editdetail attribution="Reuters BIP Coding Group" action="confirmed" date="1997-03-28"/>
  </code>
  <code code="GSPO">
    <editdetail attribution="Reuters BIP Coding Group" action="confirmed" date="1997-03-28"/>
  </code>
</codes>
<dc element="dc.date.created" value="1997-03-28"/>
<dc element="dc.publisher" value="Reuters Holdings Plc"/>
<dc element="dc.date.published" value="1997-03-28"/>
<dc element="dc.source" value="Reuters"/>
<dc element="dc.creator.location" value="VIENNA"/>
<dc element="dc.creator.location.country.name" value="AUSTRIA"/>
<dc element="dc.source" value="Reuters"/>
</metadata>
</newsitem>
