<?xml version="1.0" encoding="iso-8859-1" ?>
<newsitem itemid="474088" id="root" date="1997-03-28" xml:lang="en">
<title>UGANDA: President Clinton to visit Africa.</title>
<headline>President Clinton to visit Africa.</headline>
<byline>Steve Holland</byline>
<dateline>KAMPALA, Uganda 1997-03-28</dateline>
<text>
<p>U.S. President Bill Clinton will visit Africa during his second four-year term, his wife Hillary Rodham Clinton announced on Friday as she neared the end of her own tour of the continent.</p>
<p>Mrs. Clinton, in a speech to members of the Ugandan parliament, prominent women and students and faculty from the Makerere University, did not say when her husband would be visiting Africa.</p>
<p>But aides ruled out this year, as Clinton has a busy foreign travel schedule and is recovering from knee surgery. Speculation in Washington has been that such a trip would take place in the next two years.</p>
<p>&quot;He asked me to tell you that he will come to Africa during his second term as president,&quot; Mrs. Clinton said to applause at the Nile Conference Centre. &quot;You will have much to show him based on my own remarkable visit.&quot;</p>
<p>Mrs. Clinton devoted the largest section of her speech to urge Africa to give better rights to women, saying a vibrant democracy is not possible without doing so, since women outnumber men in many socieites in Africa and around the world.</p>
<p>&quot;If more than half the citizens on this earth are underpaid, uneducated, under-represented, fed less, fed worse, not heard, threatened by violence in their own homes, and on the streets of their communities, we cannot sustain the democratic values and the way of life we've come to cherish,&quot; she said.</p>
<p>She said Uganda, whose vice president is a woman and whose new constitution requires women hold 14 percent of parliamentary seats, had begun to realise this.</p>
<p>But she said in many places around the world women are considered of little value.</p>
<p>&quot;Women constitute 70 percent of the world's poor, and so we have not done enough yet to liberate the economic potential of women the world over,&quot; she said.</p>
<p>Ugandan Vice President Specioza Wandira Kazibwe agreed in introducing Mrs. Clinton, saying women should go forward &quot;side by side&quot; with men.</p>
<p>&quot;If Africa is going to get out of its troubles, because it has been behind so long, it cannot afford to leave women behind,&quot; she said.</p>
<p>Mrs. Clinton visits Eritrea on Saturday, last stop before she gets back to Washington early on Sunday. She visited Senegal, South Africa, Zimbabwe and Tanzania as well in her two-year trip.</p>
<p>Overall, the first lady said that as she prepared to return home it was with the hope that her trip would &quot;reflect the growing consciousness in the minds of the people of Africa and America that, despite the wide ocean between us, we are neighbours on this shared earth&quot;.</p>
<p>&quot;We share a common home. We are part of a larger family. And if we stop for a minute to think about what we have learned about the origins of humankind, we know that we come from Africa,&quot; she said.</p>
<p>She said President Clinton was eager to work with the U.S. Congress to find new and effective ways to support Africa, including an expanded role for trade and investment.</p>
<p>Earlier, Ugandans danced and sang for Mrs. Clinton as she provided a morale boost to the country's work to reduce AIDS infections, educate children and help women in small businesses.</p>
<p>The first sitting first lady to ever come to Uganda, her visit generated much curiosity as thousands of Ugandans lined city streets for a glimpse of Mrs. Clinton and her daughter Chelsea, 17.</p>
<p>At the dedication of Kampala's new AIDS information centre, Mrs. Clinton was serenaded by a troupe of young people living with HIV infection.</p>
<p>Mrs. Clinton praised Ugandan President Yoweri Museveni for having the &quot;courage and openness&quot; to confront the AIDS epidemic head on.</p>
<p>At Seguku Primary School, Mrs. Clinton was greeted by a robust performance by schoolchildren who danced barefoot on the red-clay ground to the sound of pounding drums. They sang: &quot;You are welcome to Seguku, have a nice time.&quot;</p>
<p>Mrs. Clinton announced Uganda's education system would receive $8 million in additional U.S. aid.</p>
</text>
<copyright>(c) Reuters Limited 1997</copyright>
<metadata>
<codes class="bip:countries:1.0">
  <code code="UGANDA">
    <editdetail attribution="Reuters BIP Coding Group" action="confirmed" date="1997-03-28"/>
  </code>
  <code code="USA">
    <editdetail attribution="Reuters BIP Coding Group" action="confirmed" date="1997-03-28"/>
  </code>
</codes>
<codes class="bip:topics:1.0">
  <code code="GCAT">
    <editdetail attribution="Reuters BIP Coding Group" action="confirmed" date="1997-03-28"/>
  </code>
  <code code="GDIP">
    <editdetail attribution="Reuters BIP Coding Group" action="confirmed" date="1997-03-28"/>
  </code>
</codes>
<dc element="dc.date.created" value="1997-03-28"/>
<dc element="dc.publisher" value="Reuters Holdings Plc"/>
<dc element="dc.date.published" value="1997-03-28"/>
<dc element="dc.source" value="Reuters"/>
<dc element="dc.creator.location" value="KAMPALA, Uganda"/>
<dc element="dc.creator.location.country.name" value="UGANDA"/>
<dc element="dc.source" value="Reuters"/>
</metadata>
</newsitem>
