<?xml version="1.0" encoding="iso-8859-1" ?>
<newsitem itemid="474017" id="root" date="1997-03-28" xml:lang="en">
<title>CHINA: SOCCER - STANDINGS IN CHINA'S PROFESSIONAL LEAGUE.</title>
<headline>SOCCER - STANDINGS IN CHINA'S PROFESSIONAL LEAGUE.</headline>
<dateline>BEIJING 1997-03-28</dateline>
<text>
<p>Standings after third round</p>
<p>matches in China's first division professional soccer league</p>
<p>(tabulate under played, won, drawn, lost, goals for, against and</p>
<p>points):</p>
<p> Dalian Wanda	 3    3    0    0    5    0    9</p>
<p> Shanghai Shenhua   3    2    1    0    7    2    7</p>
<p> Qingdao Hainiu     3    2    1    0    4    1    7</p>
<p> Sichuan Quanxing   3    1    2    0    4    2    5</p>
<p> August First	 3    1    2    0    2    1    5</p>
<p> Guangzhou Apollo   3    1    2    0    1    0    5</p>
<p> Beijing Guo'an     3    1    1    1    3    3    4</p>
<p> Guangdong Hongyuan 3    1    0    2    3    6    3</p>
<p> Jinan Taishan	3    0    1    2    1    3    1</p>
<p> Tianjin Lifei	3    0    1    2    1    4    1</p>
<p> Vanguards Huandao  3    0    1    2    1    5    1</p>
<p> Yanbian Aodong     3    0    0    3    1    6    0</p>
</text>
<copyright>(c) Reuters Limited 1997</copyright>
<metadata>
<codes class="bip:countries:1.0">
  <code code="CHINA">
    <editdetail attribution="Reuters BIP Coding Group" action="confirmed" date="1997-03-28"/>
  </code>
</codes>
<codes class="bip:topics:1.0">
  <code code="GCAT">
    <editdetail attribution="Reuters BIP Coding Group" action="confirmed" date="1997-03-28"/>
  </code>
  <code code="GSPO">
    <editdetail attribution="Reuters BIP Coding Group" action="confirmed" date="1997-03-28"/>
  </code>
</codes>
<dc element="dc.date.created" value="1997-03-28"/>
<dc element="dc.publisher" value="Reuters Holdings Plc"/>
<dc element="dc.date.published" value="1997-03-28"/>
<dc element="dc.source" value="Reuters"/>
<dc element="dc.creator.location" value="BEIJING"/>
<dc element="dc.creator.location.country.name" value="CHINA"/>
<dc element="dc.source" value="Reuters"/>
</metadata>
</newsitem>
