<?xml version="1.0" encoding="iso-8859-1" ?>
<newsitem itemid="474018" id="root" date="1997-03-28" xml:lang="en">
<title>CHINA: RESULTS OF THIRD ROUND OF CHINA SOCCER LEAGUE.</title>
<headline>RESULTS OF THIRD ROUND OF CHINA SOCCER LEAGUE.</headline>
<dateline>BEIJING 1997-03-28</dateline>
<text>
<p>Results of third round of</p>
<p>China's professional soccer league played on Thursday:</p>
<p> Beijing Guo'an     2    Jinan Taishan	1</p>
<p> Dalian Wanda	 2    Tianjin Lifei	0</p>
<p> Qingdao Hainiu     2    Vanguards Huandao  0</p>
<p> Shanghai Shenhua   4    Guangdong Hongyuan 1</p>
<p> August First	 0    Guangzhou Apollo   0</p>
<p> Sichuan Quanxing   3    Yanbian Aodong     1</p>
</text>
<copyright>(c) Reuters Limited 1997</copyright>
<metadata>
<codes class="bip:countries:1.0">
  <code code="CHINA">
    <editdetail attribution="Reuters BIP Coding Group" action="confirmed" date="1997-03-28"/>
  </code>
</codes>
<codes class="bip:topics:1.0">
  <code code="GCAT">
    <editdetail attribution="Reuters BIP Coding Group" action="confirmed" date="1997-03-28"/>
  </code>
  <code code="GSPO">
    <editdetail attribution="Reuters BIP Coding Group" action="confirmed" date="1997-03-28"/>
  </code>
</codes>
<dc element="dc.date.created" value="1997-03-28"/>
<dc element="dc.publisher" value="Reuters Holdings Plc"/>
<dc element="dc.date.published" value="1997-03-28"/>
<dc element="dc.source" value="Reuters"/>
<dc element="dc.creator.location" value="BEIJING"/>
<dc element="dc.creator.location.country.name" value="CHINA"/>
<dc element="dc.source" value="Reuters"/>
</metadata>
</newsitem>
