<?xml version="1.0" encoding="iso-8859-1" ?>
<newsitem itemid="474065" id="root" date="1997-03-28" xml:lang="en">
<title>LITHUANIA: LITHUANIA-CAMBRIDGE GROUP EYES LIETUVA HOTEL - MINISTER.</title>
<headline>LITHUANIA-CAMBRIDGE GROUP EYES LIETUVA HOTEL - MINISTER.</headline>
<dateline>VILNIUS 1997-03-28</dateline>
<text>
<p>Lithuania's European Affairs Minister Laima Andrikiene said on Friday that a company called the Cambridge Group was eyeing the Lietuva Hotel, which has been slated for privatisation.</p>
<p>The group won a bid to privatise the hotel in 1993 but the former government later pulled the plug on the deal.</p>
<p>She gave no details about where Cambridge Group is based.</p>
<p>&quot;We have invited the Cambridge Group to continue negotiations...and in April they will be here,&quot; Andrikiene told a news conference.</p>
<p>She added that the Lietuva Hotel would be sold through the process of direct negotiations.</p>
<p>-- Andrius Vilkancas, Vilnius newsroom +370 2 22 35 17</p>
</text>
<copyright>(c) Reuters Limited 1997</copyright>
<metadata>
<codes class="bip:countries:1.0">
  <code code="LITH">
    <editdetail attribution="Reuters BIP Coding Group" action="confirmed" date="1997-03-28"/>
  </code>
</codes>
<codes class="bip:industries:1.0">
  <code code="I66500">
    <editdetail attribution="Reuters BIP Coding Group" action="confirmed" date="1997-03-28"/>
  </code>
</codes>
<codes class="bip:topics:1.0">
  <code code="C18">
    <editdetail attribution="Reuters BIP Coding Group" action="confirmed" date="1997-03-28"/>
  </code>
  <code code="C183">
    <editdetail attribution="Reuters BIP Coding Group" action="confirmed" date="1997-03-28"/>
  </code>
  <code code="CCAT">
    <editdetail attribution="Reuters BIP Coding Group" action="confirmed" date="1997-03-28"/>
  </code>
</codes>
<dc element="dc.date.created" value="1997-03-28"/>
<dc element="dc.publisher" value="Reuters Holdings Plc"/>
<dc element="dc.date.published" value="1997-03-28"/>
<dc element="dc.source" value="Reuters"/>
<dc element="dc.creator.location" value="VILNIUS"/>
<dc element="dc.creator.location.country.name" value="LITHUANIA"/>
<dc element="dc.source" value="Reuters"/>
</metadata>
</newsitem>
