<?xml version="1.0" encoding="iso-8859-1" ?>
<newsitem itemid="474031" id="root" date="1997-03-28" xml:lang="en">
<title>REPUBLIC OF IRELAND: SOCCER-IRISH PREMIER DIVISION RESULTS.</title>
<headline>SOCCER-IRISH PREMIER DIVISION RESULTS.</headline>
<dateline>DUBLIN 1997-03-28</dateline>
<text>
<p>Results of Irish premier</p>
<p>division soccer matches on Friday:</p>
<p> Bohemians	 0     Dundalk		    0</p>
<p> Cork		3     Bray			 1</p>
<p> Finn Harps	1     Shamrock Rovers	  2</p>
<p> Shelbourne	1     St Patrick's Athletic  1</p>
</text>
<copyright>(c) Reuters Limited 1997</copyright>
<metadata>
<codes class="bip:countries:1.0">
  <code code="IRE">
    <editdetail attribution="Reuters BIP Coding Group" action="confirmed" date="1997-03-28"/>
  </code>
</codes>
<codes class="bip:topics:1.0">
  <code code="GCAT">
    <editdetail attribution="Reuters BIP Coding Group" action="confirmed" date="1997-03-28"/>
  </code>
  <code code="GSPO">
    <editdetail attribution="Reuters BIP Coding Group" action="confirmed" date="1997-03-28"/>
  </code>
</codes>
<dc element="dc.date.created" value="1997-03-28"/>
<dc element="dc.publisher" value="Reuters Holdings Plc"/>
<dc element="dc.date.published" value="1997-03-28"/>
<dc element="dc.source" value="Reuters"/>
<dc element="dc.creator.location" value="DUBLIN"/>
<dc element="dc.creator.location.country.name" value="REPUBLIC OF IRELAND"/>
<dc element="dc.source" value="Reuters"/>
</metadata>
</newsitem>
