<?xml version="1.0" encoding="iso-8859-1" ?>
<newsitem itemid="474015" id="root" date="1997-03-28" xml:lang="en">
<title>THAILAND: OLYMPICS-ARMY CHIEF APPOINTED THAI OLYMPIC PRESIDENT.</title>
<headline>OLYMPICS-ARMY CHIEF APPOINTED THAI OLYMPIC PRESIDENT.</headline>
<dateline>BANGKOK 1997-03-28</dateline>
<text>
<p>The Thai Olympic Council on Friday named the nation's powerful army commander in chief, General Chetta Thanajaro, as its new president.</p>
<p>Chetta, the fifth president for the council, replaces the late Air Chief Marshal Thawee Chulatrap who led the council for more than two decades until his death in late 1995.</p>
<p>General Suraphol Banakitsophone temporarily held the post of president after Thawee died.</p>
</text>
<copyright>(c) Reuters Limited 1997</copyright>
<metadata>
<codes class="bip:countries:1.0">
  <code code="THAIL">
    <editdetail attribution="Reuters BIP Coding Group" action="confirmed" date="1997-03-28"/>
  </code>
</codes>
<codes class="bip:topics:1.0">
  <code code="GCAT">
    <editdetail attribution="Reuters BIP Coding Group" action="confirmed" date="1997-03-28"/>
  </code>
  <code code="GSPO">
    <editdetail attribution="Reuters BIP Coding Group" action="confirmed" date="1997-03-28"/>
  </code>
</codes>
<dc element="dc.date.created" value="1997-03-28"/>
<dc element="dc.publisher" value="Reuters Holdings Plc"/>
<dc element="dc.date.published" value="1997-03-28"/>
<dc element="dc.source" value="Reuters"/>
<dc element="dc.creator.location" value="BANGKOK"/>
<dc element="dc.creator.location.country.name" value="THAILAND"/>
<dc element="dc.source" value="Reuters"/>
</metadata>
</newsitem>
