<?xml version="1.0" encoding="iso-8859-1" ?>
<newsitem itemid="474011" id="root" date="1997-03-28" xml:lang="en">
<title>AUSTRALIA: RUGBY UNION-SUPER 12 STANDINGS.</title>
<headline>RUGBY UNION-SUPER 12 STANDINGS.</headline>
<dateline>SYDNEY 1997-03-28</dateline>
<text>
<p>Standings in the Super 12 rugby</p>
<p>union competition on Friday (tabulated under played, won, drawn,</p>
<p>lost, points for, points against, bonus points, total points):</p>
<p> Gauteng Lions	 4   4   0   0   151   112    2    18</p>
<p> ACT		     5   3   0   2   173   146    4    16</p>
<p> Natal		   3   2   0   1   150   114    4    12</p>
<p> Waikato		 4   3   0   1   103    86    0    12</p>
<p> Auckland		3   2   1   0    90    71    1    11</p>
<p> Free State	    4   2   0   2   115   112    1     9</p>
<p> Northern Transvaal  5   1   1   3   112   172    2     8</p>
<p> Wellington	    3   1   0   2    99    74    3     7</p>
<p> Otago		   3   1   0   2    99   129    2     6</p>
<p> New South Wales     3   1   0   2    78    77    1     5</p>
<p> Canterbury	    3   1   0   2    56    91    1     5</p>
<p> Queensland	    4   0   0   4    62   104    1     1</p>
<p>Note: Gauteng Lions formerly Transvaal.</p>
</text>
<copyright>(c) Reuters Limited 1997</copyright>
<metadata>
<codes class="bip:countries:1.0">
  <code code="AUSTR">
    <editdetail attribution="Reuters BIP Coding Group" action="confirmed" date="1997-03-28"/>
  </code>
  <code code="NZ">
    <editdetail attribution="Reuters BIP Coding Group" action="confirmed" date="1997-03-28"/>
  </code>
  <code code="SAFR">
    <editdetail attribution="Reuters BIP Coding Group" action="confirmed" date="1997-03-28"/>
  </code>
</codes>
<codes class="bip:topics:1.0">
  <code code="GCAT">
    <editdetail attribution="Reuters BIP Coding Group" action="confirmed" date="1997-03-28"/>
  </code>
  <code code="GSPO">
    <editdetail attribution="Reuters BIP Coding Group" action="confirmed" date="1997-03-28"/>
  </code>
</codes>
<dc element="dc.date.created" value="1997-03-28"/>
<dc element="dc.publisher" value="Reuters Holdings Plc"/>
<dc element="dc.date.published" value="1997-03-28"/>
<dc element="dc.source" value="Reuters"/>
<dc element="dc.creator.location" value="SYDNEY"/>
<dc element="dc.creator.location.country.name" value="AUSTRALIA"/>
<dc element="dc.source" value="Reuters"/>
</metadata>
</newsitem>
