<?xml version="1.0" encoding="iso-8859-1" ?>
<newsitem itemid="474066" id="root" date="1997-03-28" xml:lang="en">
<title>LITHUANIA: LITHUANIA-LIETUVOS ENERGIA TO MAKE $75 MLN BOND ISSUE.</title>
<headline>LITHUANIA-LIETUVOS ENERGIA TO MAKE $75 MLN BOND ISSUE.</headline>
<dateline>VILNIUS 1997-03-28</dateline>
<text>
<p>The shareholders meeting of state-owned Lithuanian energy company Lietuvos Energia has backed a suggestion by Merrill Lynch to issue $75 million of bonds, the company said on Friday.</p>
<p>Company deputy director Virgilius Vinciunas told Reuters that the funds will be used to buy fuel.  </p>
<p>He said the fuel acquired would be nuclear fuel, heating oil and gas.</p>
<p>The deputy director said that the problems for the company were due in many cases to the difference between the price that consumers pay for energy and the actual production cost, which is susbstantially higher.</p>
<p>The government recently admitted that it owed the company some 776 million litas due to this price difference in 1994-1996.</p>
<p>The share capital of Lietuvos Energia is 2.8 billion litas.</p>
<p>Thye government has said it wants to sell the company but has given no timetable.</p>
</text>
<copyright>(c) Reuters Limited 1997</copyright>
<metadata>
<codes class="bip:countries:1.0">
  <code code="LITH">
    <editdetail attribution="Reuters BIP Coding Group" action="confirmed" date="1997-03-28"/>
  </code>
</codes>
<codes class="bip:industries:1.0">
  <code code="I16100">
    <editdetail attribution="Reuters BIP Coding Group" action="confirmed" date="1997-03-28"/>
  </code>
</codes>
<codes class="bip:topics:1.0">
  <code code="C17">
    <editdetail attribution="Reuters BIP Coding Group" action="confirmed" date="1997-03-28"/>
  </code>
  <code code="C172">
    <editdetail attribution="Reuters BIP Coding Group" action="confirmed" date="1997-03-28"/>
  </code>
  <code code="CCAT">
    <editdetail attribution="Reuters BIP Coding Group" action="confirmed" date="1997-03-28"/>
  </code>
</codes>
<dc element="dc.date.created" value="1997-03-28"/>
<dc element="dc.publisher" value="Reuters Holdings Plc"/>
<dc element="dc.date.published" value="1997-03-28"/>
<dc element="dc.source" value="Reuters"/>
<dc element="dc.creator.location" value="VILNIUS"/>
<dc element="dc.creator.location.country.name" value="LITHUANIA"/>
<dc element="dc.source" value="Reuters"/>
</metadata>
</newsitem>
