<?xml version="1.0" encoding="iso-8859-1" ?>
<newsitem itemid="474051" id="root" date="1997-03-28" xml:lang="en">
<title>HUNGARY: HUNGARY NOON RADIO HEADLINES - MARCH 28.</title>
<headline>HUNGARY NOON RADIO HEADLINES - MARCH 28.</headline>
<dateline>BUDAPEST 1997-03-28</dateline>
<text>
<p>These are the main headlines on Hungary's Kossuth Radio midday news. Reuters cannot vouch for their accuracy:</p>
<p>- The Hungarian army will withdraw from service the MIG-21 F, MIG-23 M and SU-22 types of aircraft from today.</p>
<p>- Who's responsible? - ask citizens of Budakeszi, who are extremely shocked after roof of a former Russian military warehouse collapsed causing the death of three children.</p>
<p>- GPs, threatening to strike, are trying to sign an agreement with the minister of welfare.</p>
<p>- Miners in Markushegy gave a deadline of April 11 to managers of the state owned company to arrange their working conditions. </p>
<p>- Hungarian journalists who suffered an accident near Bagdad in Iraq, may leave the hospital in a week's time. The crew's cameraman died in Thursday's accident which was caused by unauthorised turning.</p>
<p>-- Budapest newsroom +36 1 327 4040</p>
</text>
<copyright>(c) Reuters Limited 1997</copyright>
<metadata>
<codes class="bip:countries:1.0">
  <code code="HUNG">
    <editdetail attribution="Reuters BIP Coding Group" action="confirmed" date="1997-03-28"/>
  </code>
</codes>
<codes class="bip:topics:1.0">
  <code code="GCAT">
    <editdetail attribution="Reuters BIP Coding Group" action="confirmed" date="1997-03-28"/>
  </code>
</codes>
<dc element="dc.date.created" value="1997-03-28"/>
<dc element="dc.publisher" value="Reuters Holdings Plc"/>
<dc element="dc.date.published" value="1997-03-28"/>
<dc element="dc.source" value="Reuters"/>
<dc element="dc.creator.location" value="BUDAPEST"/>
<dc element="dc.creator.location.country.name" value="HUNGARY"/>
<dc element="dc.source" value="Reuters"/>
</metadata>
</newsitem>
