<?xml version="1.0" encoding="iso-8859-1" ?>
<newsitem itemid="474036" id="root" date="1997-03-28" xml:lang="en">
<title>GERMANY: MOTOR RACING-MERCEDES RETURN TO SPORTSCAR RACING.</title>
<headline>MOTOR RACING-MERCEDES RETURN TO SPORTSCAR RACING.</headline>
<dateline>STUTTGART, Germany 1997-03-28</dateline>
<text>
<p>Mercedes Benz are returning to international sportscar racing for the first time in six years.</p>
<p>The three-car team will be led by Mercedes 1995 international touring car champion German Bernd Schneider and former Italian Formula One driver Alessandro Nannini.</p>
<p>The cars, based on the C-Class Coupe road model, are powered by a production-based V12 engine. </p>
<p>They will compete against Porsche, BMW, McLaren, Lotus and Ferrari in the world championship series, which has 11 races, starting at Hockenheim on April 13.</p>
</text>
<copyright>(c) Reuters Limited 1997</copyright>
<metadata>
<codes class="bip:countries:1.0">
  <code code="GFR">
    <editdetail attribution="Reuters BIP Coding Group" action="confirmed" date="1997-03-28"/>
  </code>
</codes>
<codes class="bip:topics:1.0">
  <code code="GCAT">
    <editdetail attribution="Reuters BIP Coding Group" action="confirmed" date="1997-03-28"/>
  </code>
  <code code="GSPO">
    <editdetail attribution="Reuters BIP Coding Group" action="confirmed" date="1997-03-28"/>
  </code>
</codes>
<dc element="dc.date.created" value="1997-03-28"/>
<dc element="dc.publisher" value="Reuters Holdings Plc"/>
<dc element="dc.date.published" value="1997-03-28"/>
<dc element="dc.source" value="Reuters"/>
<dc element="dc.creator.location" value="STUTTGART, Germany"/>
<dc element="dc.creator.location.country.name" value="GERMANY"/>
<dc element="dc.source" value="Reuters"/>
</metadata>
</newsitem>
