<?xml version="1.0" encoding="iso-8859-1" ?>
<newsitem itemid="474084" id="root" date="1997-03-28" xml:lang="en">
<title>CANADA: Canadian Money Market Rates Closing - March 28.</title>
<headline>Canadian Money Market Rates Closing - March 28.</headline>
<text>
<p>CANADA T-BILLS</p>
<p> 90 DAYS   3.18</p>
<p> 180 DAYS  3.55</p>
<p>FINANCE COMPANY PAPER</p>
<p> 30 DAYS   3.23</p>
<p> 60 DAYS   3.27</p>
<p> 90 DAYS   3.34</p>
<p>BANK PAPER</p>
<p> 30 DAYS   3.27</p>
<p> 60 DAYS   3.29</p>
<p> 90 DAYS   3.33</p>
<p>BANKERS ACCEPTANCES</p>
<p> 30 DAYS   3.18</p>
<p> 60 DAYS   3.23</p>
<p> 90 DAYS   3.30</p>
<p>CANADIAN DOLLAR SWAPS</p>
<p> 30 DAYS   0.94</p>
<p> 60 DAYS   1.06</p>
<p> 90 DAYS   1.15</p>
<p> CALL MONEY3.11</p>
<p> DAY MONEY 3.11</p>
<p> PRIME RATE0.75</p>
<p> U.S. DOLLAR BASE RATE   8.50</p>
</text>
<copyright>(c) Reuters Limited 1997</copyright>
<metadata>
<codes class="bip:countries:1.0">
  <code code="CANA">
    <editdetail attribution="Reuters BIP Coding Group" action="confirmed" date="1997-03-28"/>
  </code>
</codes>
<codes class="bip:topics:1.0">
  <code code="M13">
    <editdetail attribution="Reuters BIP Coding Group" action="confirmed" date="1997-03-28"/>
  </code>
  <code code="M131">
    <editdetail attribution="Reuters BIP Coding Group" action="confirmed" date="1997-03-28"/>
  </code>
  <code code="M132">
    <editdetail attribution="Reuters BIP Coding Group" action="confirmed" date="1997-03-28"/>
  </code>
  <code code="MCAT">
    <editdetail attribution="Reuters BIP Coding Group" action="confirmed" date="1997-03-28"/>
  </code>
</codes>
<dc element="dc.publisher" value="Reuters Holdings Plc"/>
<dc element="dc.date.published" value="1997-03-28"/>
<dc element="dc.source" value="Reuters"/>
<dc element="dc.creator.location.country.name" value="CANADA"/>
<dc element="dc.source" value="Reuters"/>
</metadata>
</newsitem>
