<?xml version="1.0" encoding="iso-8859-1" ?>
<newsitem itemid="474085" id="root" date="1997-03-28" xml:lang="en">
<title>ZAIRE: Zaire rebels advance, refugees die in hundreds.</title>
<headline>Zaire rebels advance, refugees die in hundreds.</headline>
<byline>Richard Meares</byline>
<dateline>LUBUMBASHI, Zaire 1997-03-28</dateline>
<text>
<p>More rebel progress was reported in Zaire's mineral-rich Shaba province on Friday as harrowing proof emerged that Hutu refugees are dying in their hundreds from disease and hunger.</p>
<p>Despite agreeing to negotiate in the next days with President Mobutu Sese Seko's shaky government, Laurent Kabila's rebels captured the town of Kasenga on Friday, expatriate sources in the Shaba capital Lubumbashi said.</p>
<p>A Defence Ministry official in Kinshasa denied the report. The rebels control a quarter of the vast country, five months after launching the revolt to topple the ailing Mobutu, 66.</p>
<p>In and around Ubilo, a village 82 km (50 miles) south of rebel-held Kisangani in northeastern Zaire, aid workers and journalists saw the appalling plight of about 75,000 of the Rwandan Hutu refugees trapped in the war zone.</p>
<p>At least 500 have been buried since March 16 at Ubilo, according to Lubinga Nganda, head of a Zairean Red Cross team.</p>
<p>Emaciated refugees, some almost skeletal, were attempting to walk towards aid at Kisangani but those too weak to start the trek lay dead and dying within the abandoned Ubilo camp.</p>
<p>The U.N. refugee agency UNHCR said it found 20 unburied bodies at Ubilo while at a temporary transit camp nearby journalists watched a baby die in its mother's arms.</p>
<p>The refugees huddling along a railway line are dying of malaria, dysentery, fatigue and malnutrition, a Zairean Red Cross nurse said. Aid workers brought the first 120 tonnes of food and medicine by train on Thursday and Friday.</p>
<p>&quot;There has been a selection. The fittest make it but the unfit die,&quot; said Kilian Kleinschmidt, a UNHCR emergency officer, surveying the scene at Ubilo.</p>
<p>Local people said the Zairean rebels attacked and killed at least 100 armed refugees in two incidents last week.</p>
<p>Former Rwandan soldiers and Interahamwe militiamen, responsible for the genocide of minority Tutsis and moderate Hutus in Rwanda in 1994, are among up to 370,000 refugees still roaming around eastern Zaire.</p>
<p>Care, protection and repatriation of the refugees is part of a five-point U.N. peace plan to end the civil war in Zaire.</p>
<p>The two sides agreed at an African summit in Togo this week to open negotiations, probably in South Africa.</p>
<p>The rebels have rejected a prior ceasefire and say the issue is not whether Mobutu transfers power but how and when his 32-year-old regime comes to an end.</p>
<p>&quot;I think rebel strategy centres around talking while fighting and fighting while talking,&quot; a regional military source told Reuters in Nairobi.</p>
<p>A senior rebel official said the talks would start next Monday or Tuesday and a government source in South Africa confirmed a meeting was on the cards.</p>
<p>But in Kinshasa, Mobutu's spokesman rejected the rebel agenda and denied a firm date for talks had yet been agreed.</p>
<p>Professor Kabuya Lumuna said the talks might lead to a transitional government before elections at which Mobutu has previously said he will be a candidate.</p>
<p>&quot;We are at a stage of proposals, and not diktats,&quot; he told Reuters.</p>
<p>&quot;President Mobutu remains the head of state. The people of Zaire are free to contest the person of Mr Mobutu in elections but not the institution of head of state,&quot; Kabuya said.</p>
<p>The rebels, piling on the pressure before any talks, say their next targets are Lubumbashi, the Shaba capital, and Zaire's diamond centre, Mbuji-Mayi.</p>
<p>Shaba sits on some of the world's biggest deposits of copper, cobalt and precious metals. Kabila's officials are already meeting foreign mining companies about future concessions, industry sources say.</p>
<p>Despite the Defence Ministry denial, the foreign sources in Lubumbashi insisted the alliance's disciplined fighters captured Kasenga, 220 km (135 miles) to the north, on Friday.</p>
<p>&quot;It is definitely rebel troops who are in control of Kasenga,&quot; one source with contacts in Kasenga told Reuters.</p>
<p>He and other sources, who declined to be identified, said it was a lightning takeover and by midday the town of about 17,000 people on the Luapula river bordering Zambia was quiet.</p>
<p>Zaire's demoralised army, the FAZ, has failed to hold any ground threatened by the rebels during the war. They usually go on violent looting sprees before retreating.</p>
</text>
<copyright>(c) Reuters Limited 1997</copyright>
<metadata>
<codes class="bip:countries:1.0">
  <code code="RWANDA">
    <editdetail attribution="Reuters BIP Coding Group" action="confirmed" date="1997-03-28"/>
  </code>
  <code code="ZAIRE">
    <editdetail attribution="Reuters BIP Coding Group" action="confirmed" date="1997-03-28"/>
  </code>
</codes>
<codes class="bip:topics:1.0">
  <code code="GCAT">
    <editdetail attribution="Reuters BIP Coding Group" action="confirmed" date="1997-03-28"/>
  </code>
  <code code="GVIO">
    <editdetail attribution="Reuters BIP Coding Group" action="confirmed" date="1997-03-28"/>
  </code>
</codes>
<dc element="dc.date.created" value="1997-03-28"/>
<dc element="dc.publisher" value="Reuters Holdings Plc"/>
<dc element="dc.date.published" value="1997-03-28"/>
<dc element="dc.source" value="Reuters"/>
<dc element="dc.creator.location" value="LUBUMBASHI, Zaire"/>
<dc element="dc.creator.location.country.name" value="ZAIRE"/>
<dc element="dc.source" value="Reuters"/>
</metadata>
</newsitem>
