<?xml version="1.0" encoding="iso-8859-1" ?>
<newsitem itemid="474040" id="root" date="1997-03-28" xml:lang="en">
<title>FRANCE: SOCCER-STRUGGLING LILLE SACK COACH.</title>
<headline>SOCCER-STRUGGLING LILLE SACK COACH.</headline>
<dateline>LILLE</dateline>
<text>
<p>Struggling French first division side Lille sacked coach Jean-Michel Cavalli and replaced him with former manager Charly Samoy, the club said on Friday.</p>
<p>Samoy, 57, a former goalkeeper in the 1960s and coach at Belgium's Mouscron in the 1970s, will try to save Lille from relegation with seven rounds left in the first division league.</p>
<p>Lille lie 17th of 20 teams on 33 points, 32 points behind leaders Monaco. Four teams will be relegated at the end of the season.</p>
<p>Cavalli, 39, was appointed Lille coach in August 1995.</p>
</text>
<copyright>(c) Reuters Limited 1997</copyright>
<metadata>
<codes class="bip:countries:1.0">
  <code code="BELG">
    <editdetail attribution="Reuters BIP Coding Group" action="confirmed" date="1997-03-28"/>
  </code>
  <code code="FRA">
    <editdetail attribution="Reuters BIP Coding Group" action="confirmed" date="1997-03-28"/>
  </code>
</codes>
<codes class="bip:topics:1.0">
  <code code="GCAT">
    <editdetail attribution="Reuters BIP Coding Group" action="confirmed" date="1997-03-28"/>
  </code>
  <code code="GSPO">
    <editdetail attribution="Reuters BIP Coding Group" action="confirmed" date="1997-03-28"/>
  </code>
</codes>
<dc element="dc.publisher" value="Reuters Holdings Plc"/>
<dc element="dc.date.published" value="1997-03-28"/>
<dc element="dc.source" value="Reuters"/>
<dc element="dc.creator.location" value="LILLE"/>
<dc element="dc.creator.location.country.name" value="FRANCE"/>
<dc element="dc.source" value="Reuters"/>
</metadata>
</newsitem>
