<?xml version="1.0" encoding="iso-8859-1" ?>
<newsitem itemid="474069" id="root" date="1997-03-28" xml:lang="en">
<title>LITHUANIA: NAFTOS TERMINALAS TO PAY 15 LITAS DIVIDEND.</title>
<headline>NAFTOS TERMINALAS TO PAY 15 LITAS DIVIDEND.</headline>
<dateline>VILNIUS 1997-03-28</dateline>
<text>
<p>Lithuania's majority state-owned company Naftos Terminalas said on Friday that it would pay 15.79 million litas in dividends or 15 litas per share.</p>
<p>A company board member Jelena Chernij told Reuters that the dividends were approved at a shareholder meeting.</p>
<p>She also said that the dividends represented 10 percent of the shareholder capital of the company. The share capital is 157.9 million litas.</p>
<p>It earlier reported that it had 57.26 million litas net profit in 1996 versus 48.3 million litas profit in 1995.</p>
<p>The company is 72.2 percent state-owned.</p>
<p>-- Andrius Vilkancas, Vilnius Newsroom +370 2 223 517</p>
</text>
<copyright>(c) Reuters Limited 1997</copyright>
<metadata>
<codes class="bip:countries:1.0">
  <code code="LITH">
    <editdetail attribution="Reuters BIP Coding Group" action="confirmed" date="1997-03-28"/>
  </code>
</codes>
<codes class="bip:topics:1.0">
  <code code="C15">
    <editdetail attribution="Reuters BIP Coding Group" action="confirmed" date="1997-03-28"/>
  </code>
  <code code="C151">
    <editdetail attribution="Reuters BIP Coding Group" action="confirmed" date="1997-03-28"/>
  </code>
  <code code="CCAT">
    <editdetail attribution="Reuters BIP Coding Group" action="confirmed" date="1997-03-28"/>
  </code>
</codes>
<dc element="dc.date.created" value="1997-03-28"/>
<dc element="dc.publisher" value="Reuters Holdings Plc"/>
<dc element="dc.date.published" value="1997-03-28"/>
<dc element="dc.source" value="Reuters"/>
<dc element="dc.creator.location" value="VILNIUS"/>
<dc element="dc.creator.location.country.name" value="LITHUANIA"/>
<dc element="dc.source" value="Reuters"/>
</metadata>
</newsitem>
