<?xml version="1.0" encoding="iso-8859-1" ?>
<newsitem itemid="474039" id="root" date="1997-03-28" xml:lang="en">
<title>SPAIN: SOCCER-BETIS REJECT MAN UNITED OFFER FOR RIOS-PAPER.</title>
<headline>SOCCER-BETIS REJECT MAN UNITED OFFER FOR RIOS-PAPER.</headline>
<dateline>SEVILLE, Spain 1997-03-28</dateline>
<text>
<p>Real Betis have rejected an offer of 1.5 billion pesetas ($10.5 million) for international defender Roberto Rios by Manchester United, the Spanish sports daily Marca said on Friday.</p>
<p>United manager Alex Ferguson has travelled to Spain several times this season to watch Rios play.</p>
</text>
<copyright>(c) Reuters Limited 1997</copyright>
<metadata>
<codes class="bip:countries:1.0">
  <code code="SPAIN">
    <editdetail attribution="Reuters BIP Coding Group" action="confirmed" date="1997-03-28"/>
  </code>
  <code code="UK">
    <editdetail attribution="Reuters BIP Coding Group" action="confirmed" date="1997-03-28"/>
  </code>
</codes>
<codes class="bip:topics:1.0">
  <code code="GCAT">
    <editdetail attribution="Reuters BIP Coding Group" action="confirmed" date="1997-03-28"/>
  </code>
  <code code="GSPO">
    <editdetail attribution="Reuters BIP Coding Group" action="confirmed" date="1997-03-28"/>
  </code>
</codes>
<dc element="dc.date.created" value="1997-03-28"/>
<dc element="dc.publisher" value="Reuters Holdings Plc"/>
<dc element="dc.date.published" value="1997-03-28"/>
<dc element="dc.source" value="Reuters"/>
<dc element="dc.creator.location" value="SEVILLE, Spain"/>
<dc element="dc.creator.location.country.name" value="SPAIN"/>
<dc element="dc.source" value="Reuters"/>
</metadata>
</newsitem>
