<?xml version="1.0" encoding="iso-8859-1" ?>
<newsitem itemid="474082" id="root" date="1997-03-28" xml:lang="en">
<title>UK: UK supermarkets withdraw cornflakes in nut scare.</title>
<headline>UK supermarkets withdraw cornflakes in nut scare.</headline>
<dateline>LONDON 1997-03-28</dateline>
<text>
<p>Three British supermarket chains withdrew thousands of packets of cornflakes on Friday because they might contain nuts that could trigger a potentially fatal allergy.</p>
<p>Some of the plain cornflake packets provided by the same supplier were believed to contain some honeynut cornflakes, so Somerfield, Sainsbury's and Happy Shopper Cornflakes, which are sold at 40,000 independent outlets, took them off the market.</p>
<p>An allergy to nuts, triggering anaphylactic shock, is thought to affect up to one in 100 people in Britain and causes about five deaths a year.</p>
<p>&quot;We think statistically the likelihood of anybody having a problem is incredibly small but I'm afraid one is one too many,&quot; a Somerfield spokeswoman told BBC Television.</p>
</text>
<copyright>(c) Reuters Limited 1997</copyright>
<metadata>
<codes class="bip:countries:1.0">
  <code code="UK">
    <editdetail attribution="Reuters BIP Coding Group" action="confirmed" date="1997-03-28"/>
  </code>
</codes>
<codes class="bip:industries:1.0">
  <code code="I41600">
    <editdetail attribution="Reuters BIP Coding Group" action="confirmed" date="1997-03-28"/>
  </code>
  <code code="I64100">
    <editdetail attribution="Reuters BIP Coding Group" action="confirmed" date="1997-03-28"/>
  </code>
</codes>
<codes class="bip:topics:1.0">
  <code code="C21">
    <editdetail attribution="Reuters BIP Coding Group" action="confirmed" date="1997-03-28"/>
  </code>
  <code code="CCAT">
    <editdetail attribution="Reuters BIP Coding Group" action="confirmed" date="1997-03-28"/>
  </code>
  <code code="GCAT">
    <editdetail attribution="Reuters BIP Coding Group" action="confirmed" date="1997-03-28"/>
  </code>
  <code code="GHEA">
    <editdetail attribution="Reuters BIP Coding Group" action="confirmed" date="1997-03-28"/>
  </code>
</codes>
<dc element="dc.date.created" value="1997-03-28"/>
<dc element="dc.publisher" value="Reuters Holdings Plc"/>
<dc element="dc.date.published" value="1997-03-28"/>
<dc element="dc.source" value="Reuters"/>
<dc element="dc.creator.location" value="LONDON"/>
<dc element="dc.creator.location.country.name" value="UK"/>
<dc element="dc.source" value="Reuters"/>
</metadata>
</newsitem>
