<?xml version="1.0" encoding="iso-8859-1" ?>
<newsitem itemid="474027" id="root" date="1997-03-28" xml:lang="en">
<title>USA: NHL ICE HOCKEY-STANDINGS AFTER THURSDAY'S GAMES.</title>
<headline>NHL ICE HOCKEY-STANDINGS AFTER THURSDAY'S GAMES.</headline>
<dateline>NEW YORK 1997-03-28</dateline>
<text>
<p>Standings of National Hockey</p>
<p>League teams after games played on Thursday (tabulate under</p>
<p>won, lost, tied, goals for, goals against, points):</p>
<p>		 EASTERN CONFERENCE</p>
<p>		 NORTHEAST DIVISION</p>
<p>		    W   L   T   GF   GA   PTS</p>
<p> X-BUFFALO     38  24  11  218  185   87</p>
<p> PITTSBURGH    34  33   7  256  253   75</p>
<p> MONTREAL	28  33  14  232  258   70</p>
<p> HARTFORD	28  36  10  200  231   66</p>
<p> OTTAWA	  25  34  15  203  219   65</p>
<p> BOSTON	  24  42   9  215  272   57</p>
<p>		 ATLANTIC DIVISION</p>
<p>		    W   L   T   GF   GA   PTS</p>
<p> X-PHILADELPHIA42  21  11  251  193   95</p>
<p> X-NEW JERSEY  40  21  13  210  169   93</p>
<p> FLORIDA	 33  25  17  203  182   83</p>
<p> NY RANGERS    35  31   9  239  210   79</p>
<p> WASHINGTON    30  37   8  191  211   68</p>
<p> TAMPA BAY     29  38   7  201  231   65</p>
<p> NY ISLANDERS  27  36  11  211  220   65</p>
<p>		 WESTERN CONFERENCE</p>
<p>		  CENTRAL DIVISION</p>
<p>		    W   L   T   GF   GA   PTS</p>
<p> X-DALLAS	44  23   6  228  174   94</p>
<p> DETROIT	 35  23  15  235  179   85</p>
<p> PHOENIX	 35  34   6  214  223   76</p>
<p> ST LOUIS	32  34   9  218  227   73</p>
<p> CHICAGO	 30  32  12  198  190   72</p>
<p> TORONTO	 27  41   7  213  255   61</p>
<p>		 PACIFIC DIVISION</p>
<p>		    W   L   T   GF   GA   PTS</p>
<p> Y-COLORADO    46  20   9  257  184  101</p>
<p> EDMONTON	34  33   7  230  221   75</p>
<p> ANAHEIM	 31  33  11  221  216   73</p>
<p> CALGARY	 32  35   8  201  210   72</p>
<p> VANCOUVER     31  39   5  231  253   67</p>
<p> LOS ANGELES   26  39  10  195  244   62</p>
<p> SAN JOSE	24  43   7  184  245   55</p>
<p>X -- CLINCHED PLAYOFF BERTH</p>
<p>Y -- CLINCHED DIVISION TITLE</p>
<p>FRIDAY, MARCH 28 SCHEDULE</p>
<p>BUFFALO AT DETROIT</p>
<p>ANAHEIM AT CHICAGO</p>
<p>EDMONTON AT SAN JOSE</p>
</text>
<copyright>(c) Reuters Limited 1997</copyright>
<metadata>
<codes class="bip:countries:1.0">
  <code code="CANA">
    <editdetail attribution="Reuters BIP Coding Group" action="confirmed" date="1997-03-28"/>
  </code>
  <code code="USA">
    <editdetail attribution="Reuters BIP Coding Group" action="confirmed" date="1997-03-28"/>
  </code>
</codes>
<codes class="bip:topics:1.0">
  <code code="GCAT">
    <editdetail attribution="Reuters BIP Coding Group" action="confirmed" date="1997-03-28"/>
  </code>
  <code code="GSPO">
    <editdetail attribution="Reuters BIP Coding Group" action="confirmed" date="1997-03-28"/>
  </code>
</codes>
<dc element="dc.date.created" value="1997-03-28"/>
<dc element="dc.publisher" value="Reuters Holdings Plc"/>
<dc element="dc.date.published" value="1997-03-28"/>
<dc element="dc.source" value="Reuters"/>
<dc element="dc.creator.location" value="NEW YORK"/>
<dc element="dc.creator.location.country.name" value="USA"/>
<dc element="dc.source" value="Reuters"/>
</metadata>
</newsitem>
