<?xml version="1.0" encoding="iso-8859-1" ?>
<newsitem itemid="474000" id="root" date="1997-03-28" xml:lang="en">
<title>CANADA: NBA BASKETBALL-JORDAN HELD TO 12 BUT BULLS STILL WIN.</title>
<headline>NBA BASKETBALL-JORDAN HELD TO 12 BUT BULLS STILL WIN.</headline>
<dateline>TORONTO 1997-03-28</dateline>
<text>
<p>Michael Jordan was held to just 12 points, rebounding king Dennis Rodman sat out injured and still the Chicago Bulls cruised to their 61st victory Thursday, a 96-83 thumping of the Toronto Raptors.</p>
<p>Scottie Pippen and Luc Longley each scored 16 points to lead a balanced Chicago attack and the Bulls never allowed the Raptors closer than seven points in the second half en route to their sixth consecutive victory.</p>
<p>Toronto's Marcus Camby hit a jumper with 8:15 left to cut the margin to 79-72, but the Bulls responded with an 8-0 run.</p>
<p>Toni Kukoc returned to the Bulls lineup and had eight points, six rebounds and six assists in 32 minutes. He had missed 13 games with a foot injury.</p>
<p>&quot;We were a little slow there in the first quarter,&quot; said Bulls coach Phil Jackson. &quot;Toni Kukoc came off the bench and got us going.&quot;</p>
<p>Damon Stoudamire had 18 points, 12 assists and six rebounds to lead the Raptors.</p>
<p>Jordan's 12 points was just two more than his season low and it marked the third successive game that he did not lead the Bulls in scoring.</p>
<p>&quot;He's pretty flawless,&quot; Raptors guard Doug Christie said of Jordan. &quot;It has to be a team effort to defend him. As soon as you mess up, you're already burned.&quot;</p>
<p>In Atlanta, Mookie Blaylock hit five three-pointers and scored 26 points and Steve Smith added 19 as the Hawks won their sixth straight game, a 103-88 defeat of the Los Angeles Clippers.</p>
<p>Blaylock hit three three-pointers in the third quarter and helped spark a 14-4 burst that put the game out of reach.</p>
<p>Dikembe Mutombo added 13 points for the Hawks, who raised their record to 20-6 against Western Conference opponents.</p>
<p>Lorenzen Wright scored 20 points to lead the Clippers, who could get no closer than 12 points down in the fourth quarter.</p>
<p>In Houston, Eddie Johnson came off the bench to score a season-high 27 points as the Rockets beat the Cleveland Cavaliers 107-89 for their fourth win in five games.</p>
<p>Johnson hit 10-of-15 shots from the floor, including 3-of-5 from three-point range, and pulled down 10 rebounds.</p>
<p>The Rockets never trailed and Cleveland got no closer than 10 points in the second half.</p>
<p>Hakeem Olajuwon scored 23 points and Clyde Drexler added 19 for the Rockets, whose 107 points were the most allowed by the Cavaliers this season.</p>
<p>Bobby Sura led Cleveland with 16 points off the bench.</p>
<p>In San Antonio, Monty Williams scored 20 points and Vernon Maxwell added 17 to lead the Spurs to a 97-93 victory over the Orlando Magic.</p>
<p>Dominique Wilkins added 13 off the bench for the Spurs, who won for just the 11th time in 34 home games this season in halting Orlando's four-game winning streak.</p>
<p>Williams shot 10-of-13 from the field and added five assists for San Antonio, which registered a season-high 35 points in the first quarter on 64 percent shooting.</p>
<p>Rony Seikaly had 22 points and Penny Hardaway contributed 19 for Orlando.</p>
<p>In Vancouver, Kobe Bryant scored five of his 20 points in overtime as the Los Angeles Lakers beat the Grizzlies 102-98, handing them their league-worst 61st defeat.</p>
<p>Elden Campbell scored 25 points and grabbed nine rebounds and Travis Knight added 19 points for the Lakers, who closed within 1 1/2 games of idle Seattle for the Pacific Division lead.</p>
<p>Shareef Abdur-Rahim had 21 points, seven rebounds and five assists and Aaron Williams netted a career-high 16 points in 26 minutes off the bench for Vancouver.</p>
</text>
<copyright>(c) Reuters Limited 1997</copyright>
<metadata>
<codes class="bip:countries:1.0">
  <code code="CANA">
    <editdetail attribution="Reuters BIP Coding Group" action="confirmed" date="1997-03-28"/>
  </code>
  <code code="USA">
    <editdetail attribution="Reuters BIP Coding Group" action="confirmed" date="1997-03-28"/>
  </code>
</codes>
<codes class="bip:topics:1.0">
  <code code="GCAT">
    <editdetail attribution="Reuters BIP Coding Group" action="confirmed" date="1997-03-28"/>
  </code>
  <code code="GSPO">
    <editdetail attribution="Reuters BIP Coding Group" action="confirmed" date="1997-03-28"/>
  </code>
</codes>
<dc element="dc.date.created" value="1997-03-28"/>
<dc element="dc.publisher" value="Reuters Holdings Plc"/>
<dc element="dc.date.published" value="1997-03-28"/>
<dc element="dc.source" value="Reuters"/>
<dc element="dc.creator.location" value="TORONTO"/>
<dc element="dc.creator.location.country.name" value="CANADA"/>
<dc element="dc.source" value="Reuters"/>
</metadata>
</newsitem>
