<?xml version="1.0" encoding="iso-8859-1" ?>
<newsitem itemid="474038" id="root" date="1997-03-28" xml:lang="en">
<title>GERMANY: SOCCER-LEVERKUSEN PULL OUT OF SERGIO MOVE TO ROMA.</title>
<headline>SOCCER-LEVERKUSEN PULL OUT OF SERGIO MOVE TO ROMA.</headline>
<dateline>BONN 1997-03-28</dateline>
<text>
<p>Bayer Leverkusen have pulled out of a deal to sell Brazilian midfielder Paulo Sergio to Italy's AS Roma, the German sports news agency SID reported on Friday.</p>
<p>The move was a reaction to a FIFA decision on Wednesday that will allow all out-of-contract foreign players to move between clubs within the European Union on free transfers.</p>
<p>Out-of-contract EU nationals have been able to move between clubs in the Union without a transfer fee since the European Court of Justice's &quot;Bosman ruling&quot; of 1995. But the FIFA decision extended these rights to all players in the EU, regardless of nationality.</p>
<p>Leverkusen and Roma had agreed on a move in January this year for a fee expected to be around six or seven million marks ($3.6 million to $4.6 million). Under the new FIFA ruling, the payment would no longer have been required.</p>
<p>The Bundesliga side has taken advantage of a special clause in players' contracts in Germany which allows clubs to retain a player for an extra year if the transfer system changes.</p>
<p>Leverkusen general manager Reiner Calmund said he did not fear any legal problems. &quot;The matter's settled as far as we're concerned,&quot; he said.</p>
</text>
<copyright>(c) Reuters Limited 1997</copyright>
<metadata>
<codes class="bip:countries:1.0">
  <code code="BRAZ">
    <editdetail attribution="Reuters BIP Coding Group" action="confirmed" date="1997-03-28"/>
  </code>
  <code code="GFR">
    <editdetail attribution="Reuters BIP Coding Group" action="confirmed" date="1997-03-28"/>
  </code>
  <code code="ITALY">
    <editdetail attribution="Reuters BIP Coding Group" action="confirmed" date="1997-03-28"/>
  </code>
</codes>
<codes class="bip:topics:1.0">
  <code code="GCAT">
    <editdetail attribution="Reuters BIP Coding Group" action="confirmed" date="1997-03-28"/>
  </code>
  <code code="GSPO">
    <editdetail attribution="Reuters BIP Coding Group" action="confirmed" date="1997-03-28"/>
  </code>
</codes>
<dc element="dc.date.created" value="1997-03-28"/>
<dc element="dc.publisher" value="Reuters Holdings Plc"/>
<dc element="dc.date.published" value="1997-03-28"/>
<dc element="dc.source" value="Reuters"/>
<dc element="dc.creator.location" value="BONN"/>
<dc element="dc.creator.location.country.name" value="GERMANY"/>
<dc element="dc.source" value="Reuters"/>
</metadata>
</newsitem>
