<?xml version="1.0" encoding="iso-8859-1" ?>
<newsitem itemid="474050" id="root" date="1997-03-28" xml:lang="en">
<title>ROMANIA: RADIO ROMANIA AFTERNOON HEADLINES AT 4 PM.</title>
<headline>RADIO ROMANIA AFTERNOON HEADLINES AT 4 PM.</headline>
<dateline>BUCHAREST 1997-03-28</dateline>
<text>
<p>Radio Romania news:</p>
<p>* The Romanian government is expected to decide on increasing the health budget to 3.2 percent of gross domestic product, up from a previous 2.8 during its weekly session.</p>
<p>* The U.S. Senate has passed a Republican initiative to ask U.S. President Bill Clintom to invite Romania's President Emil Constantinescu for an official trip to Washinghton, Romania's Foreign Ministry spokeswoman Gilda Lazar said.</p>
<p>* Ukraine and Romania need the bilateral treaty to set the bases of cooperation between the two neighbours, said Romanian Foreign Minister Adrian Severin before meeting Ukraine's deputy foreign minister Anton Buteiko.</p>
<p>* Greece supports Romania's bid to join NATO and the European Union, said visiting Greek Defence Minister Akis Tsohatzopoulos during his talks with President Emil Constantinescu and Prime Minister Victor Ciorbea.</p>
<p>* Marin Condescu, leader of the miners' trade union confederation, asked President Emil Constantinescu to help the creation of a joint commission -- unions, employers and government -- to watch the restructuring of mining.</p>
<p>* Agrostar union federation, representing employees in state-owned farms, protested in Bucharest against the government's farming policy.</p>
<p>-- Bucharest Newsroom 40-1 3120264</p>
</text>
<copyright>(c) Reuters Limited 1997</copyright>
<metadata>
<codes class="bip:countries:1.0">
  <code code="ROM">
    <editdetail attribution="Reuters BIP Coding Group" action="confirmed" date="1997-03-28"/>
  </code>
</codes>
<codes class="bip:topics:1.0">
  <code code="GCAT">
    <editdetail attribution="Reuters BIP Coding Group" action="confirmed" date="1997-03-28"/>
  </code>
</codes>
<dc element="dc.date.created" value="1997-03-28"/>
<dc element="dc.publisher" value="Reuters Holdings Plc"/>
<dc element="dc.date.published" value="1997-03-28"/>
<dc element="dc.source" value="Reuters"/>
<dc element="dc.creator.location" value="BUCHAREST"/>
<dc element="dc.creator.location.country.name" value="ROMANIA"/>
<dc element="dc.source" value="Reuters"/>
</metadata>
</newsitem>
