<?xml version="1.0" encoding="iso-8859-1" ?>
<newsitem itemid="474034" id="root" date="1997-03-28" xml:lang="en">
<title>FRANCE: CYCLING-ROMINGER GEARS UP FOR ONE-HOUR RECORD.</title>
<headline>CYCLING-ROMINGER GEARS UP FOR ONE-HOUR RECORD.</headline>
<dateline>BORDEAUX, France 1997-03-28</dateline>
<text>
<p>Swiss Tony Rominger will test a new bicycle in Bordeaux next week before an attempt on the world one-hour record held by Briton Chris Boardman.</p>
<p>Rominger will go to Bordeaux, where he set a record of 55.291 kms in November 1994, with his doctor Michele Ferrari and a mechanic.</p>
<p>Boardman set the current world mark of 56.3759 kms in Manchester last September.</p>
<p>&quot;We want to compare my 1994 bike with a new one which will be designed especially for the attempt. We will try different combinations of tyres and positions to see which one is the fastest,&quot; Rominger said in a statement.</p>
<p>He added he would also go to Manchester for further tests. He has not yet set a date or place for the attempt.</p>
</text>
<copyright>(c) Reuters Limited 1997</copyright>
<metadata>
<codes class="bip:countries:1.0">
  <code code="FRA">
    <editdetail attribution="Reuters BIP Coding Group" action="confirmed" date="1997-03-28"/>
  </code>
  <code code="SWITZ">
    <editdetail attribution="Reuters BIP Coding Group" action="confirmed" date="1997-03-28"/>
  </code>
  <code code="UK">
    <editdetail attribution="Reuters BIP Coding Group" action="confirmed" date="1997-03-28"/>
  </code>
</codes>
<codes class="bip:topics:1.0">
  <code code="GCAT">
    <editdetail attribution="Reuters BIP Coding Group" action="confirmed" date="1997-03-28"/>
  </code>
  <code code="GSPO">
    <editdetail attribution="Reuters BIP Coding Group" action="confirmed" date="1997-03-28"/>
  </code>
</codes>
<dc element="dc.date.created" value="1997-03-28"/>
<dc element="dc.publisher" value="Reuters Holdings Plc"/>
<dc element="dc.date.published" value="1997-03-28"/>
<dc element="dc.source" value="Reuters"/>
<dc element="dc.creator.location" value="BORDEAUX, France"/>
<dc element="dc.creator.location.country.name" value="FRANCE"/>
<dc element="dc.source" value="Reuters"/>
</metadata>
</newsitem>
