<?xml version="1.0" encoding="iso-8859-1" ?>
<newsitem itemid="474028" id="root" date="1997-03-28" xml:lang="en">
<title>USA: NHL ICE HOCKEY-THURSDAY'S RESULTS.</title>
<headline>NHL ICE HOCKEY-THURSDAY'S RESULTS.</headline>
<dateline>NEW YORK 1997-03-28</dateline>
<text>
<p>Results of National Hockey</p>
<p>League games on Thursday (home team in CAPS):</p>
<p> NY Islanders    6   BOSTON	    3</p>
<p> Ottawa	    3   FLORIDA	   2</p>
<p> NEW JERSEY	4   NY Rangers	0</p>
<p> Hartford	  5   TAMPA BAY	 2</p>
<p> ST LOUIS	  2   Los Angeles     1</p>
<p> Toronto	   1   PHOENIX	   1 (OT)</p>
</text>
<copyright>(c) Reuters Limited 1997</copyright>
<metadata>
<codes class="bip:countries:1.0">
  <code code="CANA">
    <editdetail attribution="Reuters BIP Coding Group" action="confirmed" date="1997-03-28"/>
  </code>
  <code code="USA">
    <editdetail attribution="Reuters BIP Coding Group" action="confirmed" date="1997-03-28"/>
  </code>
</codes>
<codes class="bip:topics:1.0">
  <code code="GCAT">
    <editdetail attribution="Reuters BIP Coding Group" action="confirmed" date="1997-03-28"/>
  </code>
  <code code="GSPO">
    <editdetail attribution="Reuters BIP Coding Group" action="confirmed" date="1997-03-28"/>
  </code>
</codes>
<dc element="dc.date.created" value="1997-03-28"/>
<dc element="dc.publisher" value="Reuters Holdings Plc"/>
<dc element="dc.date.published" value="1997-03-28"/>
<dc element="dc.source" value="Reuters"/>
<dc element="dc.creator.location" value="NEW YORK"/>
<dc element="dc.creator.location.country.name" value="USA"/>
<dc element="dc.source" value="Reuters"/>
</metadata>
</newsitem>
