<?xml version="1.0" encoding="iso-8859-1" ?>
<newsitem itemid="474064" id="root" date="1997-03-28" xml:lang="en">
<title>LITHUANIA: LITHUANIA-MINISTER SAYS INVITES SENT ON TELECOM SALE.</title>
<headline>LITHUANIA-MINISTER SAYS INVITES SENT ON TELECOM SALE.</headline>
<dateline>VILNIUS 1997-03-28</dateline>
<text>
<p>European Affairs Minister Laima Andrikiene said on Friday that invites have already been sent to companies and investment houses interested in drawing up the privatisation plans for state-owned Lithuanian Telecom.</p>
<p>She told a news conference that the companies would have two months to draw up the plans although the firms invited to draw up the plan would not be allowed to take part in the sale.</p>
<p>Lithuania has earlier said the government will keep no more than 34 percent of the telecoms firm and five percent will be sold to the employees at a discounted price.</p>
<p>The programme should include details on how long the privatisation will take, what price the government will get, whether to keep telecom as the monopoly provider and a development plan for the company.</p>
<p>Andrikiene said that according to research by Banque Paribas, Lithuania could gain between one billion dollars and $500 million depending on the method of privatisation chosen.</p>
<p>-- Andrius Vilkancas, Vilnius Newsroom +370 2 223 517</p>
</text>
<copyright>(c) Reuters Limited 1997</copyright>
<metadata>
<codes class="bip:countries:1.0">
  <code code="LITH">
    <editdetail attribution="Reuters BIP Coding Group" action="confirmed" date="1997-03-28"/>
  </code>
</codes>
<codes class="bip:industries:1.0">
  <code code="I79020">
    <editdetail attribution="Reuters BIP Coding Group" action="confirmed" date="1997-03-28"/>
  </code>
</codes>
<codes class="bip:topics:1.0">
  <code code="C18">
    <editdetail attribution="Reuters BIP Coding Group" action="confirmed" date="1997-03-28"/>
  </code>
  <code code="C183">
    <editdetail attribution="Reuters BIP Coding Group" action="confirmed" date="1997-03-28"/>
  </code>
  <code code="CCAT">
    <editdetail attribution="Reuters BIP Coding Group" action="confirmed" date="1997-03-28"/>
  </code>
  <code code="E12">
    <editdetail attribution="Reuters BIP Coding Group" action="confirmed" date="1997-03-28"/>
  </code>
  <code code="ECAT">
    <editdetail attribution="Reuters BIP Coding Group" action="confirmed" date="1997-03-28"/>
  </code>
</codes>
<dc element="dc.date.created" value="1997-03-28"/>
<dc element="dc.publisher" value="Reuters Holdings Plc"/>
<dc element="dc.date.published" value="1997-03-28"/>
<dc element="dc.source" value="Reuters"/>
<dc element="dc.creator.location" value="VILNIUS"/>
<dc element="dc.creator.location.country.name" value="LITHUANIA"/>
<dc element="dc.source" value="Reuters"/>
</metadata>
</newsitem>
