<?xml version="1.0" encoding="iso-8859-1" ?>
<newsitem itemid="474058" id="root" date="1997-03-28" xml:lang="en">
<title>LITHUANIA: TAURO BANK TO MAKE 40 MLN LITAS SHARE ISSUE.</title>
<headline>TAURO BANK TO MAKE 40 MLN LITAS SHARE ISSUE.</headline>
<dateline>VILNIUS 1997-03-28</dateline>
<text>
<p>Lithuania's Tauro Bank said on Friday that its shareholders had decided to make a 40 million litas issue which will boost its share capital to 76 million litas.</p>
<p>The bank said in a statement that the issue would be open as it is seeking to have itself listed on the country's bourse.</p>
<p>&quot;We have decided to change our status from a limited liability company to a publicly listed company,&quot; Rasa Shereniene, the bank's deputy chairwoman, told Reuters.</p>
<p>She also said that the bank hoped to list its current 36 million litas in share capital on the bourse in May.</p>
<p>She added that the bank hoped to distribute the new share 40 million litas share issue among foreign investors.</p>
<p>&quot;The bank already has several prospective buyers,&quot; she said but declined to name them.</p>
<p>The bank said that its 1996 net profit was 10.6 million litas versus a loss of 16.8 million litas in 1995.</p>
<p>It also said that the shareholders' meeting decided to use all of the profit for further developments in the bank and not to pay dividends.</p>
<p>The medium-sized bank, the seventh largest in the country interms of assets, said that its liquidity ratio was 61.5 percent at the end of 1996 while its capital adequacy was 17.8 percent.</p>
<p>Both figures are well above the minimum requirements set by the country's central bank.</p>
<p>--Vilnius newsroom, +370 2 22 35 17</p>
</text>
<copyright>(c) Reuters Limited 1997</copyright>
<metadata>
<codes class="bip:countries:1.0">
  <code code="LITH">
    <editdetail attribution="Reuters BIP Coding Group" action="confirmed" date="1997-03-28"/>
  </code>
</codes>
<codes class="bip:industries:1.0">
  <code code="I81402">
    <editdetail attribution="Reuters BIP Coding Group" action="confirmed" date="1997-03-28"/>
  </code>
</codes>
<codes class="bip:topics:1.0">
  <code code="C17">
    <editdetail attribution="Reuters BIP Coding Group" action="confirmed" date="1997-03-28"/>
  </code>
  <code code="C171">
    <editdetail attribution="Reuters BIP Coding Group" action="confirmed" date="1997-03-28"/>
  </code>
  <code code="CCAT">
    <editdetail attribution="Reuters BIP Coding Group" action="confirmed" date="1997-03-28"/>
  </code>
</codes>
<dc element="dc.date.created" value="1997-03-28"/>
<dc element="dc.publisher" value="Reuters Holdings Plc"/>
<dc element="dc.date.published" value="1997-03-28"/>
<dc element="dc.source" value="Reuters"/>
<dc element="dc.creator.location" value="VILNIUS"/>
<dc element="dc.creator.location.country.name" value="LITHUANIA"/>
<dc element="dc.source" value="Reuters"/>
</metadata>
</newsitem>
