<?xml version="1.0" encoding="iso-8859-1" ?>
<newsitem itemid="474073" id="root" date="1997-03-28" xml:lang="en">
<title>LITHUANIA: LITHUANIA-MINISTER SAYS SOCIETE GENERALE EYES BRANCH.</title>
<headline>LITHUANIA-MINISTER SAYS SOCIETE GENERALE EYES BRANCH.</headline>
<dateline>VILNIUS 1997-03-28</dateline>
<text>
<p>Lithuanian European Affairs Minister Laima Andrikiene said on Friday after a visit to Paris that French bank Societe Generale had told her it was interested in opening a branch office in Lithuania.</p>
<p>Andrikiene said that Societe Generale officials will come to Lithuania in April and is currently carrying out a study of the country.</p>
<p>&quot;If this bank meets all the requirements established for foreign banks, I will do everything possible so that they have the possibility to open their branch,&quot; she added.</p>
<p>Andrikiene said she was told by the Lithuanian embassy in Paris that Banque Nationale de Paris also wants to move to Lithuania this year to open a branch office.</p>
<p>-- Andrius Vilkancas, Vilnius Newsroom +370 2 223 517</p>
</text>
<copyright>(c) Reuters Limited 1997</copyright>
<metadata>
<codes class="bip:countries:1.0">
  <code code="FRA">
    <editdetail attribution="Reuters BIP Coding Group" action="confirmed" date="1997-03-28"/>
  </code>
  <code code="LITH">
    <editdetail attribution="Reuters BIP Coding Group" action="confirmed" date="1997-03-28"/>
  </code>
</codes>
<codes class="bip:industries:1.0">
  <code code="I81402">
    <editdetail attribution="Reuters BIP Coding Group" action="confirmed" date="1997-03-28"/>
  </code>
</codes>
<codes class="bip:topics:1.0">
  <code code="C11">
    <editdetail attribution="Reuters BIP Coding Group" action="confirmed" date="1997-03-28"/>
  </code>
  <code code="C24">
    <editdetail attribution="Reuters BIP Coding Group" action="confirmed" date="1997-03-28"/>
  </code>
  <code code="CCAT">
    <editdetail attribution="Reuters BIP Coding Group" action="confirmed" date="1997-03-28"/>
  </code>
</codes>
<dc element="dc.date.created" value="1997-03-28"/>
<dc element="dc.publisher" value="Reuters Holdings Plc"/>
<dc element="dc.date.published" value="1997-03-28"/>
<dc element="dc.source" value="Reuters"/>
<dc element="dc.creator.location" value="VILNIUS"/>
<dc element="dc.creator.location.country.name" value="LITHUANIA"/>
<dc element="dc.source" value="Reuters"/>
</metadata>
</newsitem>
