<?xml version="1.0" encoding="iso-8859-1" ?>
<newsitem itemid="474021" id="root" date="1997-03-28" xml:lang="en">
<title>DUBAI: HORSE RACING-DUBAI TRACK REOPENS BEFORE WORLD CUP.</title>
<headline>HORSE RACING-DUBAI TRACK REOPENS BEFORE WORLD CUP.</headline>
<byline>Barry May</byline>
<dateline>DUBAI 1997-03-28</dateline>
<text>
<p>Dubai's dirt track was reopened on Friday for the first time since a heavy storm on Tuesday and runners in the world's richest horse race had a final chance to get used to the surface.</p>
<p>Race officials said that after two glorious days of drying weather the sand track at Dubai's Nad al-Sheba course was in perfect shape for morning work.</p>
<p>The $4 million Dubai World Cup, with a huge gold trophy and a $2.4 million first prize, is due to be run under floodlights on Saturday at 8:15 pm (1615 GMT).</p>
<p>The track at Nad al-Sheba, a racing oasis in the desert on the outskirts of this glittering Gulf Arab city, has seen only one previous top class event.</p>
<p>That was last year's inaugural Dubai World Cup when the undisputed American champion Cigar raced in Arabia for the first time and became undisputed world champion.</p>
<p>This year's favourite is U.S.-trained Siphon, winner of the Santa Anita Handicap earlier this month.</p>
<p>Siphon and second favourite Sandpit, both bred in Brazil and trained in California by Richard Mandella, stretched their legs along the back of the 2,000 metres (mile and a quarter) course and were the last horses to work.</p>
<p>Mandella, who saddled Soul of the Matter which finished half a length behind Cigar last year, said Siphon's connections were very pleased with his performance on Friday.</p>
<p>&quot;He was hungry to eat up the ground,&quot; Mandella said.</p>
<p>Sandpit, second to Siphon at Santa Anita, was a bit upset in his first few days in Dubai but had adjusted, Mandella said, adding: &quot;He's eight years old and he's a little set in his ways.&quot;</p>
<p>Siphon is a blazing front-runner who has drawn wide at 10 in the 13-horse field, so the opening exchanges before the first turn are likely to be fast and furious.</p>
<p>The key question is whether Europe's leading contenders, European champion Helissio, Japan Cup winner Singspiel, and Sheikh Mohammed bin Rashid's lightly-raced Flemensfirth can turn in their form on dirt rather than their usual turf surface.</p>
<p>If they can face the sand they could pose quite a challenge to the professional American dirt horses. French-owned and trained Helissio, winner of the Prix de l'Arc de Triomphe and rated the world's best three-year-old last year, will be racing on dirt for the first time.</p>
<p>Singspiel, winner of the Breeder's Cup and Japan Cup, was elected grass horse of North America last year.</p>
<p>With jockey Jerry Bailey, who rode Cigar to victory last year, how will he take to the dirt?</p>
<p>&quot;That's the big question,&quot; said trainer Michael Stoute. &quot;I've had a chat with Jerry Bailey about the pace. In Tokyo we changed tactics after the Breeder's Cup where we got it wrong and we should have had him further back. It's going to be a race for men and a tough fight in the arena.</p>
<p>&quot;I'm not sure about the outcome. If it was a race on the turf I would be very optimistic but I must have my reservations about the race.&quot;</p>
<p>Gambling is illegal in the United Arab Emirates but British bookmakers have odds-makers in Dubai for the big race.</p>
<p>&quot;Last year it was an easy bet -- everyone was on Cigar -- but this year any one of half a dozen horses could win,&quot; said David Wood of British bookies William Hill.</p>
<p>William Hill odds: Siphon 11-4, Sandpit 10-3, Formal Gold, Helissio, Singspiel 6-1, Flemensfirth 8-1, Kammtarra 10-1, Key of Luck 12-1, Juggler 20-1, Even Top 25-1, Hokuto Vega, Luso 33-1, Bijou D'Inde 40-1.</p>
</text>
<copyright>(c) Reuters Limited 1997</copyright>
<metadata>
<codes class="bip:countries:1.0">
  <code code="DUBAI">
    <editdetail attribution="Reuters BIP Coding Group" action="confirmed" date="1997-03-28"/>
  </code>
  <code code="FRA">
    <editdetail attribution="Reuters BIP Coding Group" action="confirmed" date="1997-03-28"/>
  </code>
  <code code="JAP">
    <editdetail attribution="Reuters BIP Coding Group" action="confirmed" date="1997-03-28"/>
  </code>
  <code code="UAE">
    <editdetail attribution="Reuters BIP Coding Group" action="confirmed" date="1997-03-28"/>
  </code>
  <code code="UK">
    <editdetail attribution="Reuters BIP Coding Group" action="confirmed" date="1997-03-28"/>
  </code>
  <code code="USA">
    <editdetail attribution="Reuters BIP Coding Group" action="confirmed" date="1997-03-28"/>
  </code>
</codes>
<codes class="bip:topics:1.0">
  <code code="GCAT">
    <editdetail attribution="Reuters BIP Coding Group" action="confirmed" date="1997-03-28"/>
  </code>
  <code code="GSPO">
    <editdetail attribution="Reuters BIP Coding Group" action="confirmed" date="1997-03-28"/>
  </code>
</codes>
<dc element="dc.date.created" value="1997-03-28"/>
<dc element="dc.publisher" value="Reuters Holdings Plc"/>
<dc element="dc.date.published" value="1997-03-28"/>
<dc element="dc.source" value="Reuters"/>
<dc element="dc.creator.location" value="DUBAI"/>
<dc element="dc.creator.location.country.name" value="DUBAI"/>
<dc element="dc.source" value="Reuters"/>
</metadata>
</newsitem>
