<?xml version="1.0" encoding="iso-8859-1" ?>
<newsitem itemid="474003" id="root" date="1997-03-28" xml:lang="en">
<title>ALBANIA: SOCCER-TIRANA CLUBS HOLD FIRST GAME SINCE UNREST.</title>
<headline>SOCCER-TIRANA CLUBS HOLD FIRST GAME SINCE UNREST.</headline>
<dateline>TIRANA 1997-03-28</dateline>
<text>
<p>Two leading Albanian soccer clubs will play a friendly match in Tirana on Saturday, the first game between top teams in two months and a symbol of the capital's gradual return from near-anarchy.</p>
<p>State-owned television said the Tirana soccer club was organising the match against the capital's other club Partizani on Saturday. Ticket receipts would be donated to an orphanage.</p>
<p>&quot;A traditional match between two of the best-known clubs in soccer history -- Tirana and Partizani, will be held tomorrow with the great message of spiritual calm, charity and civic humanism,&quot; the television said.</p>
<p>The match coincides with an Albanian World Cup qualifier against Ukraine on Saturday, to be played on neutral ground in Grenada, Spain, because of armed unrest in the Balkan state.</p>
<p>Albania named a 20-man squad drawn exclusively from Albanians playing for foreign clubs for the group nine qualifiers with Ukraine and another against Germany on April 2.</p>
<p>Albania's first division national championship has been suspended since the end of January because of the armed turmoil sweeping the Balkan country after the collapse of pyramid savings schemes.</p>
<p>&quot;It will not be held for the championship, there will be no winners no losers. The money gathered from the ticket selling will be donated to the orphanage in Tirana,&quot; the television said.</p>
<p>The game will be played in Tirana's stadium, across the city from the national soccer stadium which was used for evacuation of foreign nationals by helicopter earlier this month.</p>
</text>
<copyright>(c) Reuters Limited 1997</copyright>
<metadata>
<codes class="bip:countries:1.0">
  <code code="ALB">
    <editdetail attribution="Reuters BIP Coding Group" action="confirmed" date="1997-03-28"/>
  </code>
</codes>
<codes class="bip:topics:1.0">
  <code code="GCAT">
    <editdetail attribution="Reuters BIP Coding Group" action="confirmed" date="1997-03-28"/>
  </code>
  <code code="GSPO">
    <editdetail attribution="Reuters BIP Coding Group" action="confirmed" date="1997-03-28"/>
  </code>
</codes>
<dc element="dc.date.created" value="1997-03-28"/>
<dc element="dc.publisher" value="Reuters Holdings Plc"/>
<dc element="dc.date.published" value="1997-03-28"/>
<dc element="dc.source" value="Reuters"/>
<dc element="dc.creator.location" value="TIRANA"/>
<dc element="dc.creator.location.country.name" value="ALBANIA"/>
<dc element="dc.source" value="Reuters"/>
</metadata>
</newsitem>
