<?xml version="1.0" encoding="iso-8859-1" ?>
<newsitem itemid="474046" id="root" date="1997-03-28" xml:lang="en">
<title>ITALY: SOCCER-INTER'S KANU ON ROAD TO RECOVERY.</title>
<headline>SOCCER-INTER'S KANU ON ROAD TO RECOVERY.</headline>
<dateline>ROME 1997-03-28</dateline>
<text>
<p>Nigerian striker Kanu Nwankwo is making a rapid recovery from heart surgery but his playing future is still in doubt, his Italian serie A side Internazionale were reported saying on Friday.</p>
<p>&quot;The tests done on Kanu until now have all been positive,&quot; the Milan club's doctor Piero Volpe told the La Gazzetta dello Sport newspaper.</p>
<p>Volpe said it was not possible to speculate on the future of the African Footballer of the Year before crucial clinical tests in late April or May.</p>
<p>&quot;His progress has stunned even us (doctors) but today there is no certainty that Kanu will return and play,&quot; he said.</p>
<p>Kanu, who underwent surgery last November after leading Nigeria to Olympic glory, is following a sports rehabilitation programme in the United States.</p>
</text>
<copyright>(c) Reuters Limited 1997</copyright>
<metadata>
<codes class="bip:countries:1.0">
  <code code="ITALY">
    <editdetail attribution="Reuters BIP Coding Group" action="confirmed" date="1997-03-28"/>
  </code>
  <code code="NIGEA">
    <editdetail attribution="Reuters BIP Coding Group" action="confirmed" date="1997-03-28"/>
  </code>
  <code code="USA">
    <editdetail attribution="Reuters BIP Coding Group" action="confirmed" date="1997-03-28"/>
  </code>
</codes>
<codes class="bip:topics:1.0">
  <code code="GCAT">
    <editdetail attribution="Reuters BIP Coding Group" action="confirmed" date="1997-03-28"/>
  </code>
  <code code="GSPO">
    <editdetail attribution="Reuters BIP Coding Group" action="confirmed" date="1997-03-28"/>
  </code>
</codes>
<dc element="dc.date.created" value="1997-03-28"/>
<dc element="dc.publisher" value="Reuters Holdings Plc"/>
<dc element="dc.date.published" value="1997-03-28"/>
<dc element="dc.source" value="Reuters"/>
<dc element="dc.creator.location" value="ROME"/>
<dc element="dc.creator.location.country.name" value="ITALY"/>
<dc element="dc.source" value="Reuters"/>
</metadata>
</newsitem>
