<?xml version="1.0" encoding="iso-8859-1" ?>
<newsitem itemid="474019" id="root" date="1997-03-28" xml:lang="en">
<title>MOROCCO: TENNIS-GRAND PRIX HASSAN II QUARTER FINALS.</title>
<headline>TENNIS-GRAND PRIX HASSAN II QUARTER FINALS.</headline>
<dateline>RABAT 1997-03-28</dateline>
<text>
<p>Results of quarter-finalts in the Hassan II Grand Prix men's tennis tournament on Friday (prefix number denotes seeding):</p>
<p>1- Karim Alami (Morocco) beat Fernando Vicente (Spain) 6-7 (3-7) 6-1 7-5</p>
<p>Franco Squillari(Argentina) beat Younes El Aynaoui (Morocco) 6-4 6-1</p>
<p>4-Gilbert Schaller (Austria) beat 6-Tomas Carbonell(Spain) 6-4 6-4</p>
<p>2-Hicham Arazi (Morocco) beat 8-Emilio Alvarez (Spain) 6-2 6-1.</p>
</text>
<copyright>(c) Reuters Limited 1997</copyright>
<metadata>
<codes class="bip:countries:1.0">
  <code code="ARG">
    <editdetail attribution="Reuters BIP Coding Group" action="confirmed" date="1997-03-28"/>
  </code>
  <code code="AUST">
    <editdetail attribution="Reuters BIP Coding Group" action="confirmed" date="1997-03-28"/>
  </code>
  <code code="MOROC">
    <editdetail attribution="Reuters BIP Coding Group" action="confirmed" date="1997-03-28"/>
  </code>
  <code code="SPAIN">
    <editdetail attribution="Reuters BIP Coding Group" action="confirmed" date="1997-03-28"/>
  </code>
</codes>
<codes class="bip:topics:1.0">
  <code code="GCAT">
    <editdetail attribution="Reuters BIP Coding Group" action="confirmed" date="1997-03-28"/>
  </code>
  <code code="GSPO">
    <editdetail attribution="Reuters BIP Coding Group" action="confirmed" date="1997-03-28"/>
  </code>
</codes>
<dc element="dc.date.created" value="1997-03-28"/>
<dc element="dc.publisher" value="Reuters Holdings Plc"/>
<dc element="dc.date.published" value="1997-03-28"/>
<dc element="dc.source" value="Reuters"/>
<dc element="dc.creator.location" value="RABAT"/>
<dc element="dc.creator.location.country.name" value="MOROCCO"/>
<dc element="dc.source" value="Reuters"/>
</metadata>
</newsitem>
