<?xml version="1.0" encoding="iso-8859-1" ?>
<newsitem itemid="474067" id="root" date="1997-03-28" xml:lang="en">
<title>HUNGARY: HUNGARIAN BANKS SIGN $240MLN EXPORT FINANCING DEAL.</title>
<headline>HUNGARIAN BANKS SIGN $240MLN EXPORT FINANCING DEAL.</headline>
<dateline>BUDAPEST 1997-03-28</dateline>
<text>
<p>Hungary's Eximbank signed an agreement on Friday on a $240 million preferential export refinancing credit line with 20 Hungarian commercial banks.</p>
<p>&quot;The bank will offer very favourable loan conditions at the expense of its profit,&quot; Eximbank's General Manager Ivan Nyiri told a news conference after the signing.</p>
<p>State-owned Eximbank was set up in 1994 with the aim of promoting Hungarian exports.</p>
<p>Commercial banks are offered funds for short and medium-term refinancing of exports under two different schemes, Nyiri said.</p>
<p>The first scheme offers loans to commercial banks for periods shorter than two years at a floating interest rate of 0.5 percentage points below the three-month LIBOR (London Inter-Bank Offered Rate).</p>
<p>These loans can then be passed on to exporters with a maximum 1.5 percent mark-up.</p>
<p>Under the second scheme loans for periods of over two years will be offered to commercial banks at CIRR (Commercial Interest Reference Rate) minus 1.5 percentage points and the banks can pass them on at maximum the CIRR rate.</p>
<p>The CIRR rate is set monthly by the OECD and published weekly by Eximbank.</p>
<p>Commercial banks can offer loans of up to $5 million for the export of products with a minimum 50 percent domestic production or service content.</p>
<p>Nyiri said that only a &quot;small percentage&quot; of last year's 16 billion forints available under a similar scheme was actually used but this year's favourable terms would probably lead to the full usage of the available amount.</p>
<p>He added that the bank plans to spend 200 million to 400 million forints on these preferential loans.</p>
<p>Eximbank has a five billion forints issued share capital and in 1996 it had a balance sheet total of 5.2 billion forints.</p>
<p>According to customs statistics, Hungary's exports grew to $16 billion in 1996 from $12.9 billion in 1995, while the trade deficit widened to $2.7 billion in 1996 from $2.6 billion the year before.</p>
<p>-- Denes Albert, Budapest newsroom +36 1 327 4040</p>
</text>
<copyright>(c) Reuters Limited 1997</copyright>
<metadata>
<codes class="bip:countries:1.0">
  <code code="HUNG">
    <editdetail attribution="Reuters BIP Coding Group" action="confirmed" date="1997-03-28"/>
  </code>
</codes>
<codes class="bip:industries:1.0">
  <code code="I81402">
    <editdetail attribution="Reuters BIP Coding Group" action="confirmed" date="1997-03-28"/>
  </code>
  <code code="I81501">
    <editdetail attribution="Reuters BIP Coding Group" action="confirmed" date="1997-03-28"/>
  </code>
  <code code="I8150110">
    <editdetail attribution="Reuters BIP Coding Group" action="confirmed" date="1997-03-28"/>
  </code>
</codes>
<codes class="bip:topics:1.0">
  <code code="C17">
    <editdetail attribution="Reuters BIP Coding Group" action="confirmed" date="1997-03-28"/>
  </code>
  <code code="C173">
    <editdetail attribution="Reuters BIP Coding Group" action="confirmed" date="1997-03-28"/>
  </code>
  <code code="CCAT">
    <editdetail attribution="Reuters BIP Coding Group" action="confirmed" date="1997-03-28"/>
  </code>
</codes>
<dc element="dc.date.created" value="1997-03-28"/>
<dc element="dc.publisher" value="Reuters Holdings Plc"/>
<dc element="dc.date.published" value="1997-03-28"/>
<dc element="dc.source" value="Reuters"/>
<dc element="dc.creator.location" value="BUDAPEST"/>
<dc element="dc.creator.location.country.name" value="HUNGARY"/>
<dc element="dc.source" value="Reuters"/>
</metadata>
</newsitem>
