<?xml version="1.0" encoding="iso-8859-1" ?>
<newsitem itemid="474009" id="root" date="1997-03-28" xml:lang="en">
<title>BRAZIL: MOTOR RACING-KEN STILL ENJOYS LIFE IN THE FAST LANE.</title>
<headline>MOTOR RACING-KEN STILL ENJOYS LIFE IN THE FAST LANE.</headline>
<byline>Timothy Coallings</byline>
<dateline>SAO PAULO, Brazil 1997-03-28</dateline>
<text>
<p>- Ken Tyrrell, the most venerable figure in a Grand Prix pitlane, is more of an inspiration than an institution in Formula One.</p>
<p>He represents a way of life that most of his rivals have forgotten but envy. At 72, he is racing for fun -- and still enjoying it.</p>
<p>&quot;Of course, it is my business,&quot; he conceded. &quot;But that is not all there is to it. I actually enjoy the travel, the places we go to and the races.</p>
<p>&quot;You don't think I'd have gone on so long if I didn't, do you?&quot;</p>
<p>When he laughs, it is in huge guffaws that fill the room and draw a crowd. In Brazil the fans are in awe of him.</p>
<p>But everything about Ken Tyrrell is big. He is tall, has a hawk-like bearing and a towering physical presence.</p>
<p>He is also the only man who can claim to have taught Jackie Stewart a thing or two about Grand Prix racing.</p>
<p>&quot;We had a fantastic relationship when he was a driver and we still do now that he is a rival team owner,&quot; said Tyrrell.</p>
<p>&quot;But that is the way it should be. I know everything has become a lot more professional and competitive but we are still normal people below the surface, aren't we?</p>
<p>&quot;I like to enjoy the racing and I think that is the way it should be. But that does not mean I don't want to be successful. It just happens that it is very difficult to win races -- far more difficult than it has ever been before.&quot;</p>
<p>It may be 24 years since a Tyrrell driver won the world drivers' championship and 14 since one of his cars won a race. But that does not bother him or put him off what most men of his age would avoid -- a year-long schedule of tough travel, time changes, long hours and constant political hassle.</p>
<p>This week he has had to face another of many behind-the-scenes disputes over the new 1997 Concorde Agreement, a document which he, Frank Williams and Ron Dennis declined to sign last year in protest at what they believed to be less than fair terms offered.</p>
<p>Tyrrell, above all, is a survivor. While several of the big-name teams who were his rivals in the 1970s and 1980s have disappeared -- normally because of financial problems -- he has carried on racing.</p>
<p>The famous names have included Lotus and Brabham, both also world champion outfits, and the recent demise of Lola -- after only one Grand Prix at which they failed to qualify for the race -- serves only to rub in the point.</p>
<p>Tyrrell, like many other successful businessmen, knows how to balance his books and keep on trading when others fall by the wayside.</p>
<p>He is not afraid of change or delegation. For the last six years, he has been nominally chairman of the Tyrrell Racing Organisation while his son Bob Tyrrell and the engineer, Harvey Postlethwaite, share the duties of being split managing directors for the commerical and technical halves of the company.</p>
<p>&quot;I soon learned about making decisions, early in my life,&quot; said Tyrrell. &quot;I realised when I was a saloon car driver that I would be better off on the management side of things -- and that is how it all began.&quot;</p>
<p>One of the most famous of many Tyrrell tales is the one that he recites when asked how he became interested in motor racing.</p>
<p>As a member of a village football team he went on an organised outing to Silverstone, sank a few beers on the coach and had a fantastic day out.</p>
<p>&quot;I was hooked and that was it,&quot; he said.</p>
<p>But he has not lost his love for soccer and remains a supporter of his favourite team, Tottenham.</p>
<p>When Spurs reached the F.A. Cup final in 1987 the match clashed with a Grand Prix weekend in Europe. &quot;I flew back and forth so I could be at Wembley and I got back in time for the race, too,&quot; said Tyrrell.</p>
<p>Never one to shy from risking his cars with young drivers, Tyrrell can claim to have unearthed and given debuts to many future big names, including Stewart and, in more recent times, Jean Alesi.</p>
<p>&quot;I like seeing new guys come in and do well but that is not the reason this has happened. That would be too romantic,&quot; he admitted.</p>
<p>&quot;No, the truth is that I have usually needed to switch to a different driver for other reasons -- normally business reasons. That is one of the ways we have managed to keep on going all these years.&quot;</p>
</text>
<copyright>(c) Reuters Limited 1997</copyright>
<metadata>
<codes class="bip:countries:1.0">
  <code code="BRAZ">
    <editdetail attribution="Reuters BIP Coding Group" action="confirmed" date="1997-03-28"/>
  </code>
</codes>
<codes class="bip:topics:1.0">
  <code code="GCAT">
    <editdetail attribution="Reuters BIP Coding Group" action="confirmed" date="1997-03-28"/>
  </code>
  <code code="GSPO">
    <editdetail attribution="Reuters BIP Coding Group" action="confirmed" date="1997-03-28"/>
  </code>
</codes>
<dc element="dc.date.created" value="1997-03-28"/>
<dc element="dc.publisher" value="Reuters Holdings Plc"/>
<dc element="dc.date.published" value="1997-03-28"/>
<dc element="dc.source" value="Reuters"/>
<dc element="dc.creator.location" value="SAO PAULO, Brazil"/>
<dc element="dc.creator.location.country.name" value="BRAZIL"/>
<dc element="dc.source" value="Reuters"/>
</metadata>
</newsitem>
