<?xml version="1.0" encoding="iso-8859-1" ?>
<newsitem itemid="474024" id="root" date="1997-03-28" xml:lang="en">
<title>USA: NCAA-MINNESOTA'S HASKINS NOT SURPRISED TO BE IN FIRST FINAL FOUR.</title>
<headline>NCAA-MINNESOTA'S HASKINS NOT SURPRISED TO BE IN FIRST FINAL FOUR.</headline>
<byline>Gary Hill</byline>
<dateline>INDIANAPOLIS, Indiana 1997-03-28</dateline>
<text>
<p>The only coach who isn't acting surprised to find himself in Saturday night's NCAA basketball tournament Final Four is the only one who has never been there here before.</p>
<p>Early in the season, Rick Pitino had lowered his expectations of another national collegiate basketball title for his defending champion Kentucky Wildcats, thinned by four defections to the NBA and two key injuries.</p>
<p>&quot;I'm very surprised at the way we've developed because quite frankly the preseason for me out of all the years I've been in Kentucky was a nightmare as far as our expectations,&quot; Pitino said.</p>
<p>Dean Smith's North Carolina Tar Heels put him atop the all-time wins list among Division I coaches and have won 16 consecutive games, but they started out 0-3 in the Atlantic Coast Conference.</p>
<p>In their first game of the season the Tar Heels suffered an 11-point loss to Saturday's semifinal opponent, Arizona.</p>
<p>&quot;When Arizona and North Carolina met, the first game of the season, both teams were young, and both teams have improved a great deal,&quot; Smith said.</p>
<p>Arizona Wildcats coach Lute Olson's team began the season with just as many doubts, and had close calls every step of the way through the NCAA regionals -- including the big one, the toppling of heavy NCAA Tournament favourite Kansas.</p>
<p>&quot;It's been a satisfying year,&quot; said Olson. &quot;I don't remember a team that came into a year with so many question marks that could get as far as what they've gotten now. And they feel now that they're one of four, why it could be anybody's game.&quot;</p>
<p>By contrast with the other three, Minnesota's Clem Haskins, making his and his school's first appearance in the Final Four, felt maybe people should have seen the Golden Gophers coming.</p>
<p>&quot;I don't know why people don't respect us,&quot; he said.</p>
<p>&quot;We have a problem with that. We know we have a fine ball club. Any time you play the Big 10 and you win 16 basketball games you know you've got to be doing something great, great coaches and great players. We do have a good programme and good team.</p>
<p>&quot;But I think other people are beginning to recognise that.&quot;</p>
<p>Last year, it was Kentucky who had the depth to throw waves of great players at opponents. But in Saturday night's second game, Minnesota (31-3) will have the numbers against Kentucky (34-4).</p>
<p>&quot;We're here because we had nine players that played double-figure minutes for a ball game, and we're here because of a strong defence, and we've done everything we can to win,&quot; said Haskins.</p>
<p>Said Pitino: &quot;Right now we don't have the depth that Minnesota has. But that's something we've been conditioned to go without.&quot;</p>
<p>Of course, who needs depth when you have super swingman Ron Mercer? Headed for the NBA Draft after just two years at Kentucky, Mercer has carried the team and averaged 16.5 points in the four NCAA Tournament games.</p>
<p>&quot;Mercer is one of the finest college players, tremendous quickness and speed, and he played great team basketball,&quot; said Haskins.</p>
<p>Minnesota has its own, less-heralded superstar -- Bobby Jackson, who scored 54 points in the regional semifinal and final. Haskins says Jackson is &quot;kind of one of the best-kept secrets in basketball. I hope that we can keep it two more basketball games.&quot;</p>
<p>Saturday night's first semifinal matchup pits perennial contender North Carolina (28-6) against the surprise of the tournament, Arizona (34-4), which has gotten to the national semifinals twice but never reached a final.</p>
<p>North Carolina has won three NCAA Tournament titles, two under Smith (1982, 1993), and is in the Final Four for the 11th time in his 36-year coaching career.</p>
<p>While Olson raves about the precision of the Tarheels' offence, Smith downplays his team, as is his practice.</p>
<p>&quot;It's been a gradual process and we're still not a great team,&quot; Smith said. &quot;I think we're still improving and I hope we can show improvement against Arizona on Saturday.&quot;</p>
<p>Serge Zwikker, North Carolina's 7-foot-2 (2.18 meters) senior centre in his third Final Four in four years, could provide the edge in height and experience the Tar Heels will need against the Wildcats, who start no seniors.</p>
<p>&quot;They're a very quick team, and quicker than we are,&quot; said Smith. &quot;We have one player with size more than their two 6-11s (2.11 meters) with Serge Zwikker.&quot;</p>
<p>The young Arizona team, the only one of the survivors not seeded first in its region, had to learn how to play together, then how to play together anew when their leader, guard Miles Simon, came aboard after missing the first 11 games due to poor academics.</p>
<p>&quot;But without a doubt we're playing the best basketball that we have all year,&quot; Olson said.</p>
<p>Kentucky is trying to become just the second team to repeat as NCAA Tournament champion since UCLA's seven-year run ended in 1973. Duke, which won the NCAA Tournament in 1991 and 1992, is the only team to repeat since then.</p>
</text>
<copyright>(c) Reuters Limited 1997</copyright>
<metadata>
<codes class="bip:countries:1.0">
  <code code="USA">
    <editdetail attribution="Reuters BIP Coding Group" action="confirmed" date="1997-03-28"/>
  </code>
</codes>
<codes class="bip:topics:1.0">
  <code code="GCAT">
    <editdetail attribution="Reuters BIP Coding Group" action="confirmed" date="1997-03-28"/>
  </code>
  <code code="GSPO">
    <editdetail attribution="Reuters BIP Coding Group" action="confirmed" date="1997-03-28"/>
  </code>
</codes>
<dc element="dc.date.created" value="1997-03-28"/>
<dc element="dc.publisher" value="Reuters Holdings Plc"/>
<dc element="dc.date.published" value="1997-03-28"/>
<dc element="dc.source" value="Reuters"/>
<dc element="dc.creator.location" value="INDIANAPOLIS, Indiana"/>
<dc element="dc.creator.location.country.name" value="USA"/>
<dc element="dc.source" value="Reuters"/>
</metadata>
</newsitem>
