<?xml version="1.0" encoding="iso-8859-1" ?>
<newsitem itemid="474097" id="root" date="1997-03-28" xml:lang="en">
<title>COTE D'IVOIRE: Cement SOCIMAT-CI helps push Abidjan bourse higher.</title>
<headline>Cement SOCIMAT-CI helps push Abidjan bourse higher.</headline>
<dateline>ABIDJAN 1997-03-28</dateline>
<text>
<p>Share indices on the Abidjan bourse rose in the week to Friday, with cement manufacturer SOCIMAT-CI leading the way, the bourse's weekly market report showed.</p>
<p>The All-Share Index rose 1.05 percent to 399.50 points, taking the 1997 rise 11.66 percent. The index rose 0.42 percent in the previous week.</p>
<p>The 12 VB blue-chip index rose 0.25 percent to 270.75 points, taking the 1997 rise to 11.89 percent. The index rose 0.5 percent in the previous week.</p>
<p>SOCIMAT-CI (+3,750 cedis to 40,350 cedis) and bank BICICI (+1,950 to 37,800) were the main risers.</p>
<p>Coffee roaster Nestle-CI (-5,450 to 54,000) and shipping company SIVOM (-400 to 18,150) were the main decliners.</p>
<p>A total of 4,206 shares worth 70,029,900 CFA changed hands, compared with 3,361 shares worth 75,387,245 CFA francs the previous week.</p>
<p>($1=568 CFA francs)</p>
<p>((-- Abidjan newsroom +225 21 90 90))</p>
</text>
<copyright>(c) Reuters Limited 1997</copyright>
<metadata>
<codes class="bip:countries:1.0">
  <code code="ICST">
    <editdetail attribution="Reuters BIP Coding Group" action="confirmed" date="1997-03-28"/>
  </code>
</codes>
<codes class="bip:topics:1.0">
  <code code="M11">
    <editdetail attribution="Reuters BIP Coding Group" action="confirmed" date="1997-03-28"/>
  </code>
  <code code="MCAT">
    <editdetail attribution="Reuters BIP Coding Group" action="confirmed" date="1997-03-28"/>
  </code>
</codes>
<dc element="dc.date.created" value="1997-03-28"/>
<dc element="dc.publisher" value="Reuters Holdings Plc"/>
<dc element="dc.date.published" value="1997-03-28"/>
<dc element="dc.source" value="Reuters"/>
<dc element="dc.creator.location" value="ABIDJAN"/>
<dc element="dc.creator.location.country.name" value="COTE D'IVOIRE"/>
<dc element="dc.source" value="Reuters"/>
</metadata>
</newsitem>
