<?xml version="1.0" encoding="iso-8859-1" ?>
<newsitem itemid="474047" id="root" date="1997-03-28" xml:lang="en">
<title>SPAIN: SOCCER-MATCHES IN THE SPANISH FIRST DIVISION.</title>
<headline>SOCCER-MATCHES IN THE SPANISH FIRST DIVISION.</headline>
<dateline>MADRID 1997-03-28</dateline>
<text>
<p>Matches scheduled for this weekend in the Spanish first division (league positions in parentheses, kick-off times GMT):</p>
<p>Saturday (1930)</p>
<p>Real Sociedad (6) v Deportivo Coruna (4)</p>
<p>Deportivo, with six straight wins, have won two of their last three visits to San Sebastian, where Real Sociedad will be without striker Darko Kovacevic.</p>
<p>Sunday (1600)</p>
<p>Valencia (10) v Barcelona (2)</p>
<p>Valencia will be without star Argentine midfielder Ariel Ortega and several other key players for a crunch match against a Barcelona side also depleted by injury and international call-ups for World Cup matches.</p>
<p>Sevilla (21) v Valladolid (8)</p>
<p>Struggling Sevilla desperately need a result and are one of the teams least affected by international defections with only midfielder Robert Prosinecki absent because of a game with Croatia.</p>
<p>Logrones (20) v Athletic Bilbao (7)</p>
<p>Athletic, who use only Basque players and are therefore unaffected by international call-ups, hope to capitalise in their game against a depleted and struggling Logrones side.</p>
<p>Compostela (15) v Extremadura (17)</p>
<p>Extremadura look to striker Silvani and goalkeeper 'El Mono' Montoya in a bid to continue an extraordinary escape act which has seen them haul themselves up from bottom place in January.</p>
<p>Zaragoza (16) v Celta Vigo (12)</p>
<p>Zaragoza have pulled themselves up five places in a month but tightness at the bottom of the table means they will be looking for a win to ease continuing relegation worries.</p>
<p>Racing Santander (11) v Hercules (22)</p>
<p>Manager Quique Hernandez rapped the knuckles of his players midweek amid growing defeatism in the Hercules camp created by an increasingly desperate situation. Racing still have hopes of a UEFA Cup place and will be looking for a result.</p>
<p>Espanyol (18) v Real Betis (3)</p>
<p>Espanyol will miss the speed of forward Miguel Angel Benitez who is playing for Paraguay. Betis will also be without key personnel in their bid to clock up a sixth successive league win for the first time since 1960.</p>
<p>Oviedo (13) v Rayo Vallecano (19)</p>
<p>Brazilian striker Guilherme could take up an unfamiliar position on the right wing as new Rayo coach Maximo Hernandez shuffles his pack in search of a winning combination. Oviedo striker Oli Alvarez is doubtful for the game with a groin strain.</p>
<p>Sunday (1830)</p>
<p>Tenerife (9) v Real Madrid (1)</p>
<p>The home side will be without Pablo Paz, Slavisa Jokanovic and Meho Kodro -- all on international duty. Real have lost 10 players for the same reason and because of an injury crisis for a fixture that traditionally gives them problems.</p>
<p>Monday (2030)</p>
<p>Atletico Madrid (5) v Sporting Gijon (14)</p>
<p>Daniel Prodan, Veljko Paunovic and Radek Bejbl will be out for Atletico, who saw their run of bad luck brought to an end last week in the last-gasp comeback at Rayo.</p>
</text>
<copyright>(c) Reuters Limited 1997</copyright>
<metadata>
<codes class="bip:countries:1.0">
  <code code="ARG">
    <editdetail attribution="Reuters BIP Coding Group" action="confirmed" date="1997-03-28"/>
  </code>
  <code code="SPAIN">
    <editdetail attribution="Reuters BIP Coding Group" action="confirmed" date="1997-03-28"/>
  </code>
</codes>
<codes class="bip:topics:1.0">
  <code code="GCAT">
    <editdetail attribution="Reuters BIP Coding Group" action="confirmed" date="1997-03-28"/>
  </code>
  <code code="GSPO">
    <editdetail attribution="Reuters BIP Coding Group" action="confirmed" date="1997-03-28"/>
  </code>
</codes>
<dc element="dc.date.created" value="1997-03-28"/>
<dc element="dc.publisher" value="Reuters Holdings Plc"/>
<dc element="dc.date.published" value="1997-03-28"/>
<dc element="dc.source" value="Reuters"/>
<dc element="dc.creator.location" value="MADRID"/>
<dc element="dc.creator.location.country.name" value="SPAIN"/>
<dc element="dc.source" value="Reuters"/>
</metadata>
</newsitem>
