<?xml version="1.0" encoding="iso-8859-1" ?>
<newsitem itemid="474033" id="root" date="1997-03-28" xml:lang="en">
<title>ITALY: OLYMPICS-FIRST IOC VISITOR APPLAUDS ROME 2004 BID.</title>
<headline>OLYMPICS-FIRST IOC VISITOR APPLAUDS ROME 2004 BID.</headline>
<byline>Alan Baldwin</byline>
<dateline>ROME 1997-03-28</dateline>
<text>
<p>The first member of the International Olympic Committee (IOC) to visit Rome since its bid for the 2004 Summer Games made a shortlist of five candidates praised what he had seen on Friday.</p>
<p>International Archery Federation president James Easton, an American, said the bid committee had impressed with their &quot;preparedness&quot; and had answered all his questions.</p>
<p>&quot;They are almost acting like an organising committee in the plans and procedures they are putting in place,&quot; Easton told a news conference at the end if his stay in the capital, which joins Athens as a favourite to win the Games.</p>
<p>The other candidates are Cape Town, Buenos Aires and Stockholm. The final decision will be made on September 5 after IOC members have had a chance to visit the cities.</p>
<p>&quot;From what I have seen, I think Rome has answered all the questions that I had and asked,&quot; said Easton.</p>
<p>&quot;I certainly think Rome has remained in its role as one of the top two or three cities in my mind.&quot;</p>
<p>Easton said that after the Atlanta Games last summer, when transport proved a nightmare for many spectators and athletes, he had particularly wanted to see Rome's plans.</p>
<p>&quot;Transport seems well organised at this early stage,&quot; he said. &quot;I think the plans Rome has for traffic are really quite good...They are thinking about all the possible problems that could happen and have good answers for them.&quot;</p>
<p>Rome organised the 1990 World Cup, as well as hosting the 1960 Summer Olympics, and intends to use mostly existing venues for the 2004 Games if it wins the IOC's approval.</p>
<p>Easton applauded that decision and said he was also delighted with the proposed archery facilities.</p>
<p>Archery's future as an Olympic sport was in some doubt at the start of the decade but Easton said the 1992 Barcelona Games and Atlanta had given it a new lease of life.</p>
<p>In Atlanta, mini-television cameras were embedded in the bulls-eye and the sport attracted sell-out crowds who were encouraged to cheer and celebrate. Loud rock music was also broadcast between rounds.</p>
<p>&quot;We have changed the look of archery,&quot; said Easton. &quot;I think the IOC is much more happy with our sport and I believe we will remain in the Games schedule for the foreseeable future.&quot;</p>
</text>
<copyright>(c) Reuters Limited 1997</copyright>
<metadata>
<codes class="bip:countries:1.0">
  <code code="ARG">
    <editdetail attribution="Reuters BIP Coding Group" action="confirmed" date="1997-03-28"/>
  </code>
  <code code="BRAZ">
    <editdetail attribution="Reuters BIP Coding Group" action="confirmed" date="1997-03-28"/>
  </code>
  <code code="GREECE">
    <editdetail attribution="Reuters BIP Coding Group" action="confirmed" date="1997-03-28"/>
  </code>
  <code code="ITALY">
    <editdetail attribution="Reuters BIP Coding Group" action="confirmed" date="1997-03-28"/>
  </code>
  <code code="SAFR">
    <editdetail attribution="Reuters BIP Coding Group" action="confirmed" date="1997-03-28"/>
  </code>
  <code code="SWED">
    <editdetail attribution="Reuters BIP Coding Group" action="confirmed" date="1997-03-28"/>
  </code>
  <code code="USA">
    <editdetail attribution="Reuters BIP Coding Group" action="confirmed" date="1997-03-28"/>
  </code>
</codes>
<codes class="bip:topics:1.0">
  <code code="GCAT">
    <editdetail attribution="Reuters BIP Coding Group" action="confirmed" date="1997-03-28"/>
  </code>
  <code code="GSPO">
    <editdetail attribution="Reuters BIP Coding Group" action="confirmed" date="1997-03-28"/>
  </code>
</codes>
<dc element="dc.date.created" value="1997-03-28"/>
<dc element="dc.publisher" value="Reuters Holdings Plc"/>
<dc element="dc.date.published" value="1997-03-28"/>
<dc element="dc.source" value="Reuters"/>
<dc element="dc.creator.location" value="ROME"/>
<dc element="dc.creator.location.country.name" value="ITALY"/>
<dc element="dc.source" value="Reuters"/>
</metadata>
</newsitem>
