<?xml version="1.0" encoding="iso-8859-1" ?>
<newsitem itemid="474083" id="root" date="1997-03-28" xml:lang="en">
<title>CANADA: Canadian Exchanges Closing - March 28.</title>
<headline>Canadian Exchanges Closing - March 28.</headline>
<text>
<p>T-BILLS</p>
<p> CAN.DOLLAR 1.3810-15	1M   2.94  CALL LOAN 3.11</p>
<p>   CAD/DEM  1.2159-69	2M   3.03</p>
<p>   CAD/JPY  89.83-93	 3M   3.18</p>
<p>   CAD/CHF  1.0512-22	WI   3.22  CANADA BONDS YIELD</p>
<p>   GBP/CAD  2.2550-60	6M   3.55     2YR    102.43 4.496</p>
<p>				   WI   3.56     5YR    106.03 5.740</p>
<p> CANADA DOLLAR FORWARDS    1Y   4.00    10YR    106.05 6.358</p>
<p>	 1MTH 28.8-28.3	WI   4.02    30YR    103.66 6.739</p>
<p>	 2MTH 58-57</p>
<p>	 3MTH 84-83</p>
</text>
<copyright>(c) Reuters Limited 1997</copyright>
<metadata>
<codes class="bip:countries:1.0">
  <code code="CANA">
    <editdetail attribution="Reuters BIP Coding Group" action="confirmed" date="1997-03-28"/>
  </code>
</codes>
<codes class="bip:topics:1.0">
  <code code="M12">
    <editdetail attribution="Reuters BIP Coding Group" action="confirmed" date="1997-03-28"/>
  </code>
  <code code="M13">
    <editdetail attribution="Reuters BIP Coding Group" action="confirmed" date="1997-03-28"/>
  </code>
  <code code="M131">
    <editdetail attribution="Reuters BIP Coding Group" action="confirmed" date="1997-03-28"/>
  </code>
  <code code="M132">
    <editdetail attribution="Reuters BIP Coding Group" action="confirmed" date="1997-03-28"/>
  </code>
  <code code="MCAT">
    <editdetail attribution="Reuters BIP Coding Group" action="confirmed" date="1997-03-28"/>
  </code>
</codes>
<dc element="dc.publisher" value="Reuters Holdings Plc"/>
<dc element="dc.date.published" value="1997-03-28"/>
<dc element="dc.source" value="Reuters"/>
<dc element="dc.creator.location.country.name" value="CANADA"/>
<dc element="dc.source" value="Reuters"/>
</metadata>
</newsitem>
