<?xml version="1.0" encoding="iso-8859-1" ?>
<newsitem itemid="474013" id="root" date="1997-03-28" xml:lang="en">
<title>MALAYSIA: CRICKET-ICC TROPHY RESULTS.</title>
<headline>CRICKET-ICC TROPHY RESULTS.</headline>
<dateline>KUALA LUMPUR 1997-03-28</dateline>
<text>
<p>Results of International Cricket Council (ICC) Trophy matches on Friday:</p>
<p>Singapore beat Gibraltar on faster run rate in a rain-affected match</p>
<p>Scores:</p>
<p>Singapore 198 in 49.3 overs; Gibraltar 162-6 in 44.4 overs</p>
<p>Malaysia beat West Africa on faster run rate in rain-affected match..</p>
<p>Scores:</p>
<p>Malaysia 170 runs in 48.1 overs; West Africa 123-8 in 44 overs</p>
<p>Netherlands  beat Fiji by six wickets</p>
<p>Scores:</p>
<p>Fiji 96 in 41.2 overs; Netherlands 100-4 in 20.5 overs.</p>
<p>Namibia beat East and Central Africa by one wicket</p>
<p>Scores:</p>
<p>East and Central Africa 143 in 48.1 overs; Namibia 144-9 in 46.5 overs,</p>
<p>Hong Kong beat Italy by 145 runs</p>
<p>Scores:</p>
<p>Hong Kong 282 in 49.4 overs; Italy 137 in 41.0 overs.</p>
<p>Bermuda beat Papua New Guinea by 121 runs</p>
<p>Scores:</p>
<p>Bermuda 204-9 in 41.4 overs; Papua New Guinea 83 in 28.2 overs.</p>
</text>
<copyright>(c) Reuters Limited 1997</copyright>
<metadata>
<codes class="bip:countries:1.0">
  <code code="GIB">
    <editdetail attribution="Reuters BIP Coding Group" action="confirmed" date="1997-03-28"/>
  </code>
  <code code="MALAY">
    <editdetail attribution="Reuters BIP Coding Group" action="confirmed" date="1997-03-28"/>
  </code>
  <code code="SINGP">
    <editdetail attribution="Reuters BIP Coding Group" action="confirmed" date="1997-03-28"/>
  </code>
</codes>
<codes class="bip:topics:1.0">
  <code code="GCAT">
    <editdetail attribution="Reuters BIP Coding Group" action="confirmed" date="1997-03-28"/>
  </code>
  <code code="GSPO">
    <editdetail attribution="Reuters BIP Coding Group" action="confirmed" date="1997-03-28"/>
  </code>
</codes>
<dc element="dc.date.created" value="1997-03-28"/>
<dc element="dc.publisher" value="Reuters Holdings Plc"/>
<dc element="dc.date.published" value="1997-03-28"/>
<dc element="dc.source" value="Reuters"/>
<dc element="dc.creator.location" value="KUALA LUMPUR"/>
<dc element="dc.creator.location.country.name" value="MALAYSIA"/>
<dc element="dc.source" value="Reuters"/>
</metadata>
</newsitem>
