<?xml version="1.0" encoding="iso-8859-1" ?>
<newsitem itemid="474029" id="root" date="1997-03-28" xml:lang="en">
<title>USA: BOXING-BEAN IN UNCHARTED TERRITORY AGAINST MOORER.</title>
<headline>BOXING-BEAN IN UNCHARTED TERRITORY AGAINST MOORER.</headline>
<dateline>LAS VEGAS 1997-03-27</dateline>
<text>
<p>Little known Vaughn Bean will be stepping into uncharted territory when he takes on Michael Moorer for the International Boxing Federation heavyweight crown on Saturday.</p>
<p>&quot;He has never been in a fight of this magnitude,&quot; Moorer said at a Thursday news conference. &quot;I'm on a totally different level than what he is.&quot;</p>
<p>Bean takes a 27-0 record into the fight. But his lack of quality opposition has most calling the fight a mismatch.</p>
<p>The challenger's previous opponents have a dreadful combined record of 126-402-5 and only four had a winning record at the time they fought Bean.</p>
<p>&quot;He hasn't fought the guys that I fought,&quot; said the 38-1 Moorer -- an understatement from a man who has had memorable battles with the likes of Evander Holyfield and George Foreman.</p>
<p>In fact, the Nevada Athletic Commission was worried enough about staging an embarrassing mismatch that two members of the commission checked out Bean before approving the fight.</p>
<p>&quot;We did it because there had been some criticism of his record,&quot; commission director Marc Ratner said.</p>
<p>Bean is not bothered by the talk of him being in way over his head when he steps into the ring with Moorer.</p>
<p>&quot;It doesn't bother me at all, I got no pressure on me for this fight,&quot; said the 23-year-old challenger.</p>
<p>&quot;It's a step up in class, but I prepared myself,&quot; said Bean, who will have former champions Joe Frazier and Michael Spinks in his corner.</p>
<p>The Bean camp is counting on their fighter's style to confuse the champion.</p>
<p>&quot;My kid's style, based on what I've seen of Moorer, will give Michael Moorer problems,&quot; Bean's promoter Butch Lewis said. &quot;My kid punches well with either hand. Moorer is a guy who does not like what my kid will bringing to him, a lot of pressure.&quot;</p>
<p>Lewis is also counting on his record of success with bringing underdog heavyweights to Las Vegas.</p>
<p>&quot;Remember when I came out here with Leon Spinks against Muhammad Ali in 1978 and Michael Spinks against Larry Holmes in 1985. You all know what happened in those fights,&quot; he said of the huge upsets by the Spinks brothers.</p>
<p>&quot;Now we are back here with Vaughn. I don't mind being in this seat.&quot;</p>
</text>
<copyright>(c) Reuters Limited 1997</copyright>
<metadata>
<codes class="bip:countries:1.0">
  <code code="USA">
    <editdetail attribution="Reuters BIP Coding Group" action="confirmed" date="1997-03-28"/>
  </code>
</codes>
<codes class="bip:topics:1.0">
  <code code="GCAT">
    <editdetail attribution="Reuters BIP Coding Group" action="confirmed" date="1997-03-28"/>
  </code>
  <code code="GSPO">
    <editdetail attribution="Reuters BIP Coding Group" action="confirmed" date="1997-03-28"/>
  </code>
</codes>
<dc element="dc.date.created" value="1997-03-27"/>
<dc element="dc.publisher" value="Reuters Holdings Plc"/>
<dc element="dc.date.published" value="1997-03-28"/>
<dc element="dc.source" value="Reuters"/>
<dc element="dc.creator.location" value="LAS VEGAS"/>
<dc element="dc.creator.location.country.name" value="USA"/>
<dc element="dc.source" value="Reuters"/>
</metadata>
</newsitem>
