<?xml version="1.0" encoding="iso-8859-1" ?>
<newsitem itemid="474026" id="root" date="1997-03-28" xml:lang="en">
<title>USA: NBA BASKETBALL-THURSDAY'S RESULTS.</title>
<headline>NBA BASKETBALL-THURSDAY'S RESULTS.</headline>
<dateline>NEW YORK 1997-03-28</dateline>
<text>
<p>Results of National</p>
<p>Basketball Association games on Thursday (home team in CAPS):</p>
<p> Chicago		96   TORONTO	    83</p>
<p> ATLANTA	     103   LA Clippers	88</p>
<p> HOUSTON	     107   Cleveland	  89</p>
<p> SAN ANTONIO	  97   Orlando	    93</p>
<p> LA Lakers	   102   VANCOUVER	  98 (OT)</p>
</text>
<copyright>(c) Reuters Limited 1997</copyright>
<metadata>
<codes class="bip:countries:1.0">
  <code code="CANA">
    <editdetail attribution="Reuters BIP Coding Group" action="confirmed" date="1997-03-28"/>
  </code>
  <code code="USA">
    <editdetail attribution="Reuters BIP Coding Group" action="confirmed" date="1997-03-28"/>
  </code>
</codes>
<codes class="bip:topics:1.0">
  <code code="GCAT">
    <editdetail attribution="Reuters BIP Coding Group" action="confirmed" date="1997-03-28"/>
  </code>
  <code code="GSPO">
    <editdetail attribution="Reuters BIP Coding Group" action="confirmed" date="1997-03-28"/>
  </code>
</codes>
<dc element="dc.date.created" value="1997-03-28"/>
<dc element="dc.publisher" value="Reuters Holdings Plc"/>
<dc element="dc.date.published" value="1997-03-28"/>
<dc element="dc.source" value="Reuters"/>
<dc element="dc.creator.location" value="NEW YORK"/>
<dc element="dc.creator.location.country.name" value="USA"/>
<dc element="dc.source" value="Reuters"/>
</metadata>
</newsitem>
