<?xml version="1.0" encoding="iso-8859-1" ?>
<newsitem itemid="474094" id="root" date="1997-03-28" xml:lang="en">
<title>ZAIRE: Zairean rebels, day after summit talks, take town.</title>
<headline>Zairean rebels, day after summit talks, take town.</headline>
<byline>Richard Meares</byline>
<dateline>LUBUMBASHI, Zaire 1997-03-28</dateline>
<text>
<p>Zairean rebels have taken the town of Kasenga, bringing them within 220 km (135 miles) of the country's second city, the copper capital Lubumbashi, expatriate and local sources said on Friday.</p>
<p>&quot;It is definitely rebel troops who are in control of Kasenga,&quot; said one source with contacts in the town that lies to the south of Lake Mweru, on the river border with Zambia.</p>
<p>The expatriates, who declined to be identified, said the Zairean army had fled south and there were wounded people in Kasenga after clashes late on Thursday, the day the rebels agreed at a summit in Togo to talks with President Mobutu Sese Seko's government.</p>
<p>It was unclear whether the clashes involved fighting between the two sides or looting by Zairean troops before they fled southwards towards Lubumbashi.</p>
<p>Zairean military sources confirmed the town's fall, according to one well-connected Lubumbashi businessman.</p>
<p>Kasenga's fall surprised the sources who on Thursday cast doubt on rebel claims to be closing in on Lubumbashi, one of their next targets after the fall of the jungle city of Kisangani almost two weeks ago.</p>
<p>Kasenga is a small town with an airstrip and little else. It supplies Lubumbashi residents with their fish, caught in Lake Mweru.</p>
<p>The road from Lubumbashi to Kasenga is in poor condition, like most of Zaire's network, and what should be a two-hour journey takes eight.</p>
</text>
<copyright>(c) Reuters Limited 1997</copyright>
<metadata>
<codes class="bip:countries:1.0">
  <code code="ZAIRE">
    <editdetail attribution="Reuters BIP Coding Group" action="confirmed" date="1997-03-28"/>
  </code>
</codes>
<codes class="bip:topics:1.0">
  <code code="GCAT">
    <editdetail attribution="Reuters BIP Coding Group" action="confirmed" date="1997-03-28"/>
  </code>
  <code code="GVIO">
    <editdetail attribution="Reuters BIP Coding Group" action="confirmed" date="1997-03-28"/>
  </code>
</codes>
<dc element="dc.date.created" value="1997-03-28"/>
<dc element="dc.publisher" value="Reuters Holdings Plc"/>
<dc element="dc.date.published" value="1997-03-28"/>
<dc element="dc.source" value="Reuters"/>
<dc element="dc.creator.location" value="LUBUMBASHI, Zaire"/>
<dc element="dc.creator.location.country.name" value="ZAIRE"/>
<dc element="dc.source" value="Reuters"/>
</metadata>
</newsitem>
