<?xml version="1.0" encoding="iso-8859-1" ?>
<newsitem itemid="474161" id="root" date="1997-03-28" xml:lang="en">
<title>BULGARIA: Bulgarian lev ends stable at 1,590-1,600 to dollar.</title>
<headline>Bulgarian lev ends stable at 1,590-1,600 to dollar.</headline>
<dateline>SOFIA 1997-03-28</dateline>
<text>
<p>The Bulgarian lev closed between 1,590-1,600 per dollar in brisk interbank trade, unchanged from the opening and from Thursday's close, as the central bank was seen as the main foreign currency buyer, traders said.</p>
<p>&quot;The lev closed stable as banks and clients actively bid for levs to meet tax and wage payments due at end-month and end-quarter,&quot; said a commercial bank dealer.</p>
<p>Low dollar demand from commercial banks was compensated by central bank purchases in a pattern that has lasted throughout March, traders said.</p>
<p>BNB officials were not available for comment.</p>
<p>&quot;The central bank has been increasing its foreign exchange reserves, capping a lev rise over 1,600 this month by its dollar buying,&quot; another dealer said.</p>
<p>Banks also opted for long lev positions to profit on high yield lev deposits during the weekend as markets in Western Europe and in the U.S are closed for Easter holidays. -- Dessislava Popova, Sofia Newsroom, (++359-2) 981 8569</p>
</text>
<copyright>(c) Reuters Limited 1997</copyright>
<metadata>
<codes class="bip:countries:1.0">
  <code code="BUL">
    <editdetail attribution="Reuters BIP Coding Group" action="confirmed" date="1997-03-28"/>
  </code>
</codes>
<codes class="bip:topics:1.0">
  <code code="M13">
    <editdetail attribution="Reuters BIP Coding Group" action="confirmed" date="1997-03-28"/>
  </code>
  <code code="M132">
    <editdetail attribution="Reuters BIP Coding Group" action="confirmed" date="1997-03-28"/>
  </code>
  <code code="MCAT">
    <editdetail attribution="Reuters BIP Coding Group" action="confirmed" date="1997-03-28"/>
  </code>
</codes>
<dc element="dc.date.created" value="1997-03-28"/>
<dc element="dc.publisher" value="Reuters Holdings Plc"/>
<dc element="dc.date.published" value="1997-03-28"/>
<dc element="dc.source" value="Reuters"/>
<dc element="dc.creator.location" value="SOFIA"/>
<dc element="dc.creator.location.country.name" value="BULGARIA"/>
<dc element="dc.source" value="Reuters"/>
</metadata>
</newsitem>
