<?xml version="1.0" encoding="iso-8859-1" ?>
<newsitem itemid="474184" id="root" date="1997-03-28" xml:lang="en">
<title>HUNGARY: Hungary rate hike will not affect budget - ministry.</title>
<headline>Hungary rate hike will not affect budget - ministry.</headline>
<byline>Sandor Peto</byline>
<dateline>BUDAPEST 1997-03-28</dateline>
<text>
<p>The National Bank of Hungary's (NBH) surprise rate hike announced earlier this week will not substantially increase the debt service expenditures of the state budget, the Finance Ministry said on Friday.</p>
<p>&quot;The rate hike will stabilise interest rates temporarily, but will not affect state budget expenditures substantially,&quot; Deputy Secretary of State Csaba Laszlo told Reuters.</p>
<p>The NBH raised the interest rate of its six-month deposit facility by 0.25 percentage points to 21.00 percent on Monday, shocking the markets which had expected the continuation of a one year long trend of declining interest rates and inflation.</p>
<p>The NBH said its move was aimed at maintaining real interest levels so as to protect savings.</p>
<p>Analysts welcomed the NBH move and said inflation was likely to move a little upward in March and April and may rise slightly further or stabilise by the end of the third quarter of the year, due to energy and food price rises.</p>
<p>&quot;Inflation may be higher in March and April,&quot; Laszlo said, adding that this would not change the underlying falling trend.</p>
<p>&quot;We expect interest rates to go down in line with declining inflation,&quot; he said.</p>
<p>The Finance Ministry and the NBH expects inflation to drop to some 17 percent by December from 18.9 percent in January, while the forecasts of 15 analysts for December 1997 in a recent Reuters survey averaged at 18.39 percent.</p>
<p>Yields on government securities rose slightly on the secondary market following the NBH rate hike, but turnover slumped as buyers demanded sunstantially higher yields with the supply side hesitating to sell and suffer losses.</p>
<p>Traders were uncertain whether the NBH planned to keep its interest rates at current levels for the longer term.</p>
<p>&quot;The pessimistic version (for sellers) is that the NBH will keep its interest rates (at the current level) for as much as two months,&quot; a trader said earlier this week. &quot;At that point even those who have not sold so far may do so.&quot;</p>
<p>Analysts said the NBH interest rate hike may create some tension between the central bank and the Government Debt Management Agency, as it may increase the state budget debt financing burden.</p>
<p>-- Budapest newsroom (36 1) 327 4040</p>
</text>
<copyright>(c) Reuters Limited 1997</copyright>
<metadata>
<codes class="bip:countries:1.0">
  <code code="HUNG">
    <editdetail attribution="Reuters BIP Coding Group" action="confirmed" date="1997-03-28"/>
  </code>
</codes>
<codes class="bip:topics:1.0">
  <code code="E12">
    <editdetail attribution="Reuters BIP Coding Group" action="confirmed" date="1997-03-28"/>
  </code>
  <code code="E21">
    <editdetail attribution="Reuters BIP Coding Group" action="confirmed" date="1997-03-28"/>
  </code>
  <code code="E211">
    <editdetail attribution="Reuters BIP Coding Group" action="confirmed" date="1997-03-28"/>
  </code>
  <code code="E212">
    <editdetail attribution="Reuters BIP Coding Group" action="confirmed" date="1997-03-28"/>
  </code>
  <code code="ECAT">
    <editdetail attribution="Reuters BIP Coding Group" action="confirmed" date="1997-03-28"/>
  </code>
</codes>
<dc element="dc.date.created" value="1997-03-28"/>
<dc element="dc.publisher" value="Reuters Holdings Plc"/>
<dc element="dc.date.published" value="1997-03-28"/>
<dc element="dc.source" value="Reuters"/>
<dc element="dc.creator.location" value="BUDAPEST"/>
<dc element="dc.creator.location.country.name" value="HUNGARY"/>
<dc element="dc.source" value="Reuters"/>
</metadata>
</newsitem>
