<?xml version="1.0" encoding="iso-8859-1" ?>
<newsitem itemid="474107" id="root" date="1997-03-28" xml:lang="en">
<title>TOGO: OAU leaders secure symbolic first steps on Zaire.</title>
<headline>OAU leaders secure symbolic first steps on Zaire.</headline>
<byline>Nicholas Phythian</byline>
<dateline>LOME 1997-03-28</dateline>
<text>
<p>African leaders, anxious to show they can put their troubled house in order, brought together Zaire's warring parties in Togo for a symbolic first step towards talks on ending the conflict.</p>
<p>A special Organisation of African Unity (OAU) summit in the Togolese capital Lome on Wednesday and Thursday secured a handshake between representatives of the civil war foes and a commitment to future talks and a truce.</p>
<p>At their headquarters in Goma, Zaire, the rebels said on Friday that talks with representatives of ailing President Mobutu Sese Seko would start in South Africa early next week.</p>
<p>&quot;If nothing changes, then the talks will be in South Africa and will begin on either Monday or Tuesday,&quot; Moise Nyarugabo, rebel secretary-general told Reuters.</p>
<p>In Johannesburg, a government source confirmed that South Africa had been asked to host peace talks and said senior Foreign Ministry officials had started laying the groundwork.</p>
<p>But even with a date the two sides and mediators still have to resolve the thorny problems of the agenda and a ceasefire.</p>
<p>The rebels of veteran dissident Laurent Kabila hold a quarter of the sprawling Central African nation and are advancing deep inside its key mineral- rich central and southern provinces of Kasai and Shaba. They took up arms last October to topple Mobutu, 66.</p>
<p>Kabila's representatives in Togo, tasting the de facto recognition conferred by an invitation to their first major international forum, addressed the heads of state in closed session -- drawing a strong protest from Kinshasa's delegation.</p>
<p>But they stressed they were not in Togo to negotiate.</p>
<p>&quot;We are very excited to learn that for the first time the people from Kinshasa have decided to agree on a starting of the negotiations which are going to be in a very few days to come,&quot; Bizima Karaha, Kabila's foreign affairs strategist, said.</p>
<p>&quot;We are ready to go in any country as long as those Zaireans are serious,&quot; Karaha said, adding that the rebels were also happy to sign a truce, but the question was with whom as there was a &quot;political vacuum&quot; in Kinshasa.</p>
<p>&quot;There are some people who have a little power, notably Mobutu and we would like to negotiate with him,&quot; he said.</p>
<p>Mobutu, one of Africa's first wave of post-independence military strongmen, has dominated the former Belgian colony since seizing power in 1965.</p>
<p>A combination of prostate cancer surgery in Europe in August, the revolt and the gradual collapse of central authority in Zaire have all but broken his grip.</p>
<p>A dispute over nationality for an ethnic Tutsi minority -- who form the hard core of Kabila's forces -- triggered the revolt which has since rallied a cross section of opponents of the veteran president and won widespread popular acclaim.</p>
<p>Mobutu's despised and ill-disciplined army has collapsed in the face of the rebel advance on several fronts.</p>
<p>Ordinary Zaireans accuse Mobutu and his clan of plundering the wealth of what is potentially one of Africa's richest nations. They are hungry for change -- any change -- from the poverty they have endured under his rule.</p>
<p>The summit, the first organised by the OAU's Central Organ of the Mechanism for Conflict Prevention, Management and Resolution, urged the two sides to hold immediate talks leading to a ceasefire -- a moral victory for Kabila's rebels.</p>
<p>With U.N. Secretary General Kofi Annan playing a full part in the talks, it urged all players to rally round a peace plan formulated by U.N. and OAU special envoy Mohamed Sahnoun.</p>
<p>&quot;The two delegations have reiterated their commitment to accept the principle of a ceasefire and the principle of negotiations,&quot; a separate statement issued by host Togo said after separate talks on the sidelines.</p>
<p>The rebels say the talks should focus on Mobutu's departure. &quot;It's in his interest to negotiate his own departure,&quot; Kabila representative Gaetan Kakudji said in Lome.</p>
<p>Kabila, who is in a position of strength, has little incentive to negotiate other than international recognition.</p>
<p>Diplomats say that once the fighting halts, the focus will switch to elections to end Zaire's lagging democratic transition -- already seven years old and far from complete.</p>
<p>&quot;Kabila needs legitimacy,&quot; one said, adding that elections were the one way to ensure lasting stability.</p>
<p>France and the United States, accused of supporting opposite sides in the war, have called jointly for all-party talks and an agreed electoral process leading to ...&quot;stable, legitimate and recognised institutions&quot;.</p>
<p>Meanwhile, Zaire's political family, sensing the winds of change, is desperately trying to adapt.</p>
<p>One member of the Kinshasa delegation scribbled down his name for a journalist adding that he was a member of the transitional parliament and of Mobutu's Popular Revolutionary Movement (MPR).</p>
<p>As an afterthought, he scribbled out the reference to Mobutu's party.</p>
</text>
<copyright>(c) Reuters Limited 1997</copyright>
<metadata>
<codes class="bip:countries:1.0">
  <code code="OAU">
    <editdetail attribution="Reuters BIP Coding Group" action="confirmed" date="1997-03-28"/>
  </code>
  <code code="TOGO">
    <editdetail attribution="Reuters BIP Coding Group" action="confirmed" date="1997-03-28"/>
  </code>
  <code code="ZAIRE">
    <editdetail attribution="Reuters BIP Coding Group" action="confirmed" date="1997-03-28"/>
  </code>
</codes>
<codes class="bip:topics:1.0">
  <code code="GCAT">
    <editdetail attribution="Reuters BIP Coding Group" action="confirmed" date="1997-03-28"/>
  </code>
  <code code="GDIP">
    <editdetail attribution="Reuters BIP Coding Group" action="confirmed" date="1997-03-28"/>
  </code>
  <code code="GVIO">
    <editdetail attribution="Reuters BIP Coding Group" action="confirmed" date="1997-03-28"/>
  </code>
</codes>
<dc element="dc.date.created" value="1997-03-28"/>
<dc element="dc.publisher" value="Reuters Holdings Plc"/>
<dc element="dc.date.published" value="1997-03-28"/>
<dc element="dc.source" value="Reuters"/>
<dc element="dc.creator.location" value="LOME"/>
<dc element="dc.creator.location.country.name" value="TOGO"/>
<dc element="dc.source" value="Reuters"/>
</metadata>
</newsitem>
