<?xml version="1.0" encoding="iso-8859-1" ?>
<newsitem itemid="474189" id="root" date="1997-03-28" xml:lang="en">
<title>CROATIA: Croatia to build golf courses along Adriatic.</title>
<headline>Croatia to build golf courses along Adriatic.</headline>
<dateline>ZAGREB 1997-03-28</dateline>
<text>
<p>Croatia is planning to build golf courses along its Adriatic coast, including Dubrovnik, in order to upgrade its tourist facilities, deputy Tourist Minister Velimir Simicic said on Friday.</p>
<p>&quot;We are interested in attracting foreign investors for the projects of building golf coursees along the coast in order to extend our tourist season beyond three summer months and to upgrade our offer,&quot; Simicic told Reuters over the telephone.</p>
<p>The ministry is currently in talks with British hotel operator Rocco Forte about building two golf courses outside Dubrovnik.</p>
<p>A team hired by Forte has recently visited the Konavle area south of Dubrovnik, and identified five possible locations for the project.</p>
<p>The ministry on its part is expected to complete a feasibility study in the next month or so.</p>
<p>If an agreement was reached, Forte would find investors and provide the know-how for the construction of the golf courses.</p>
<p>Simicic refused to comment on the value of the project, but a Zagreb daily Vjesnik put the price of building a golf course at $5-7 million.</p>
<p>Forte was also said to be interested in a contract to manage a four-star Hotel Croatia in Cavtat, south of Dubrovnik, and to invest in its upgrading.</p>
<p>-- Davor Huic, Zagreb Newsroom, 385-1-4557-075</p>
</text>
<copyright>(c) Reuters Limited 1997</copyright>
<metadata>
<codes class="bip:countries:1.0">
  <code code="CRTIA">
    <editdetail attribution="Reuters BIP Coding Group" action="confirmed" date="1997-03-28"/>
  </code>
</codes>
<codes class="bip:industries:1.0">
  <code code="I97911">
    <editdetail attribution="Reuters BIP Coding Group" action="confirmed" date="1997-03-28"/>
  </code>
</codes>
<codes class="bip:topics:1.0">
  <code code="C11">
    <editdetail attribution="Reuters BIP Coding Group" action="confirmed" date="1997-03-28"/>
  </code>
  <code code="C24">
    <editdetail attribution="Reuters BIP Coding Group" action="confirmed" date="1997-03-28"/>
  </code>
  <code code="CCAT">
    <editdetail attribution="Reuters BIP Coding Group" action="confirmed" date="1997-03-28"/>
  </code>
  <code code="E51">
    <editdetail attribution="Reuters BIP Coding Group" action="confirmed" date="1997-03-28"/>
  </code>
  <code code="ECAT">
    <editdetail attribution="Reuters BIP Coding Group" action="confirmed" date="1997-03-28"/>
  </code>
  <code code="GCAT">
    <editdetail attribution="Reuters BIP Coding Group" action="confirmed" date="1997-03-28"/>
  </code>
  <code code="GTOUR">
    <editdetail attribution="Reuters BIP Coding Group" action="confirmed" date="1997-03-28"/>
  </code>
</codes>
<dc element="dc.date.created" value="1997-03-28"/>
<dc element="dc.publisher" value="Reuters Holdings Plc"/>
<dc element="dc.date.published" value="1997-03-28"/>
<dc element="dc.source" value="Reuters"/>
<dc element="dc.creator.location" value="ZAGREB"/>
<dc element="dc.creator.location.country.name" value="CROATIA"/>
<dc element="dc.source" value="Reuters"/>
</metadata>
</newsitem>
