<?xml version="1.0" encoding="iso-8859-1" ?>
<newsitem itemid="474133" id="root" date="1997-03-28" xml:lang="en">
<title>ALBANIA: U.N. ponders mandate for foreign force in Albania.</title>
<headline>U.N. ponders mandate for foreign force in Albania.</headline>
<byline>Stephen Weeks</byline>
<dateline>TIRANA 1996-03-29</dateline>
<text>
<p>The U.N. Security Council has edged closer to authorising a European-dominated force to guard food and medical supplies in strife-torn Albania but widespread violence has intensified in the Balkan country.</p>
<p>Security Council president Zbigniew Wlosowicz said members were working on a resolution that he believed &quot;would be ready for adoption soon&quot;.</p>
<p>Italy, expected to lead the force, asked the council to endorse the operation urgently. The force would have a three-month mandate.</p>
<p>President Sali Berisha renewed his calls on Friday for a U.N.-approved force to be sent to his anarchic Balkan state, saying foreign police or troops were essential to safeguard aid supplies.</p>
<p>The humanitarian aid, relatively modest, was seen as a key to stabilising Albania and paving the way for early elections in June.</p>
<p>In the countryside, a gunbattle in which 20 people were killed and the looting of an arsenal contrasted starkly with signs of a return to calm with the arrival of a first Red Cross aid truck and plans for a soccer match in Tirana on Saturday.</p>
<p>Berisha met an EU-led group in Tirana seeking ways to help to restore order and he was reported as saying he wanted the multinational force.</p>
<p>&quot;Berisha stressed the escort of convoys of aid by police or military units of the countries Albania has asked aid from...is indispensable to provide the necessary security of this operation,&quot; an official statement by the European group said.</p>
<p>EU members Italy and Greece want to normalise the situation in Albania, fearing a new wave on illegal immigrants.</p>
<p>An Albanian boat packed with refugees capsized in heavy seas off southern Italy after a collision with an Italian navy ship and at least four people were drowned, Italian officials said.</p>
<p>The Italian Defence Ministry said the small Albanian coastal patrol boat, with about 30 people visible on deck, collided with the corvette Sibilla which was trying to prevent it from entering Italian waters.</p>
<p>Much of the south of the formerly communist country is controlled by rebels and armed gangs after protests against the collapse of savings schemes in January spilled over into insurrection in mid-March.</p>
<p>Greece, France, Spain, Portugal, Austria, Turkey and Romania have all expressed willingness to take part in a force to safeguard relief supplies like flour and medicines.</p>
<p>Police were investigating the deaths of 20 people in a shootout in the village of Frakull on Thursday, the highest toll in two months of crisis that have claimed well over 100 lives.</p>
<p>Villagers shot dead 17 gunmen who drove to the village and began firing weapons in the street. Three villagers were killed in the unexplained exchange, police said.</p>
<p>Radio Tirana said looters seized weapons from a military arsenal near the town of Gramsh after 10 hours of fighting with police.</p>
<p>In a sign of hope, the first Red Cross relief truck since the crisis erupted crossed into southern Albania from Greece to test perilous road routes.</p>
</text>
<copyright>(c) Reuters Limited 1997</copyright>
<metadata>
<codes class="bip:countries:1.0">
  <code code="ALB">
    <editdetail attribution="Reuters BIP Coding Group" action="confirmed" date="1997-03-28"/>
  </code>
  <code code="UN">
    <editdetail attribution="Reuters BIP Coding Group" action="confirmed" date="1997-03-28"/>
  </code>
</codes>
<codes class="bip:topics:1.0">
  <code code="GCAT">
    <editdetail attribution="Reuters BIP Coding Group" action="confirmed" date="1997-03-28"/>
  </code>
  <code code="GDIP">
    <editdetail attribution="Reuters BIP Coding Group" action="confirmed" date="1997-03-28"/>
  </code>
  <code code="GVIO">
    <editdetail attribution="Reuters BIP Coding Group" action="confirmed" date="1997-03-28"/>
  </code>
</codes>
<dc element="dc.date.created" value="1996-03-29"/>
<dc element="dc.publisher" value="Reuters Holdings Plc"/>
<dc element="dc.date.published" value="1997-03-28"/>
<dc element="dc.source" value="Reuters"/>
<dc element="dc.creator.location" value="TIRANA"/>
<dc element="dc.creator.location.country.name" value="ALBANIA"/>
<dc element="dc.source" value="Reuters"/>
</metadata>
</newsitem>
