<?xml version="1.0" encoding="iso-8859-1" ?>
<newsitem itemid="474114" id="root" date="1997-03-28" xml:lang="en">
<title>ZAIRE: Zaire's retired Katanga rebels now back Kabila.</title>
<headline>Zaire's retired Katanga rebels now back Kabila.</headline>
<byline>Richard Meares</byline>
<dateline>LUBUMBASHI, Zaire 1997-03-28</dateline>
<text>
<p>Katangan gendarmes, Africa's most peripatetic fighting force, are ready to switch sides again and back Laurent Kabila, leader of Zaire's advancing rebels.</p>
<p>Officers from the long-exiled force, which fought for the independence of Shaba province in the 1960s and 1970s, said on Friday they now supported the rebels.</p>
<p>&quot;We will help Kabila come here, we are all behind him now,&quot; one senior officer, who declined to be named, said in Lubumbashi. In theory the gendarmes are on the same side as President Mobutu Sese Seko's ragged army.</p>
<p>Zaire's second city is the capital of copper-rich Shaba, called Katanga before President Mobutu Sese Seko renamed it.</p>
<p>&quot;We are Katangan and Kabila is Katangan, it would be hard for us to fight our own brothers.&quot;</p>
<p>The Katangan gendarmes, forced into exile in neighbouring Angola after failed secession attempts in the 1960s, are best known for two incursions into Shaba in 1977 and 1978.</p>
<p>In 1978 they occupied the copper-mining town of Kolwezi, where some of the 2,000 Belgian residents were massacred in a conflict that ended when French troops helped Mobutu regain control.</p>
<p>The massacre sent shudders sround the world and led to the abandonment of major foreign investments in Shaba's mines.</p>
<p>The legendary &quot;gendarmes Katangais&quot; were first recruited by the late Katangan leader Moise Tshombe and Belgian interests who tried to secede after independence from Belgium in 1960.</p>
<p>The bid failed and for 30 years the gendarmes and their offspring were Africa's supreme military opportunists, taking their skills to Angola and renting them out periodically in far-flung conflicts.</p>
<p>In 1990, around half of some 15,000 gendarmes -- by now including sons of the original force and new recruits -- accepted Mobutu's offer to come home and join in the transition to democracy which he has now stretched out for seven years.</p>
<p>The other half mistrusted him and stayed in exile. Some are fighting already with Kabila, who says he opposes secession.</p>
<p>Diplomats in the Angolan capital Luanda told Reuters on March 14 the government was sending exiled Katangese back home to join in the fight to overthrow Mobutu.</p>
<p>&quot;The Angolan government may be saying publicly they do not have any troops in Zaire but the fact is they are flying transport planes with these Katangese aboard out of bases around Luanda to Zaire,&quot; an African diplomat said.</p>
<p>&quot;There are a number of Angolan military units made up entirely of Katangese. These are the ones who have been sent to help out the rebels,&quot; said another.</p>
<p>Angola's government has every reason to get back at Mobutu for supporting Jonas Savimbi's UNITA rebels during the 30-year civil war.</p>
<p>There are repeated but unconfirmed reports that thousands of UNITA veterans have also entered Shaba from Angola to help Mobutu, not topple him.</p>
<p>Even officials close to Mobutu's crumbling rule say the six million Shabans, hungry for change after 32 years of misrule, will mostly welcome Kabila with open arms if he advances further south in the province towards the capital.</p>
<p>The group of officers, while speaking for themselves, claimed all their fellow gendarmes now felt the same way -- despite having vowed to fight Kabila, branded a Rwandan agent, when his rebellion began last October in eastern Zaire.</p>
<p>&quot;Before we thought it was Rwanda but now we think they are fighting for a cause,&quot; one officer said on Friday of the rebels whose startling advances have pushed them deep into Shaba.</p>
<p>The change of heart is no surprise. Today, Kabila looks like a winner and his disciplined fighters control about a quarter of the vast country. By contrast, Mobutu is stricken by cancer, his army has collapsed in the field and prominent members of his regime have sent their families abroad.</p>
</text>
<copyright>(c) Reuters Limited 1997</copyright>
<metadata>
<codes class="bip:countries:1.0">
  <code code="ZAIRE">
    <editdetail attribution="Reuters BIP Coding Group" action="confirmed" date="1997-03-28"/>
  </code>
</codes>
<codes class="bip:topics:1.0">
  <code code="GCAT">
    <editdetail attribution="Reuters BIP Coding Group" action="confirmed" date="1997-03-28"/>
  </code>
  <code code="GVIO">
    <editdetail attribution="Reuters BIP Coding Group" action="confirmed" date="1997-03-28"/>
  </code>
</codes>
<dc element="dc.date.created" value="1997-03-28"/>
<dc element="dc.publisher" value="Reuters Holdings Plc"/>
<dc element="dc.date.published" value="1997-03-28"/>
<dc element="dc.source" value="Reuters"/>
<dc element="dc.creator.location" value="LUBUMBASHI, Zaire"/>
<dc element="dc.creator.location.country.name" value="ZAIRE"/>
<dc element="dc.source" value="Reuters"/>
</metadata>
</newsitem>
