<?xml version="1.0" encoding="iso-8859-1" ?>
<newsitem itemid="474102" id="root" date="1997-03-28" xml:lang="en">
<title>UGANDA: President Clinton will visit Africa in second term.</title>
<headline>President Clinton will visit Africa in second term.</headline>
<dateline>KAMPALA, Uganda 1997-03-28</dateline>
<text>
<p>U.S. President Bill Clinton will make a tour of Africa sometime during the next four years, his wife, Hillary Rodham Clinton, said on Friday.</p>
<p>Mrs. Clinton, in a speech to members of Uganda's parliament, women's groups and others, said Clinton had asked her to make clear his commitment &quot;that he will come to Africa during his second term as president&quot;.</p>
<p>&quot;You will have much to show him, based on my own remarkable visit,&quot; Mrs. Clinton said as she neared the end of her own two- week tour of six African countries.</p>
<p>She did not say when Clinton might make the visit, but aides said it would not be this year as he has a busy schedule of foreign travel. Most speculation in Washington has been that such a trip would take place over the next two years.</p>
</text>
<copyright>(c) Reuters Limited 1997</copyright>
<metadata>
<codes class="bip:countries:1.0">
  <code code="UGANDA">
    <editdetail attribution="Reuters BIP Coding Group" action="confirmed" date="1997-03-28"/>
  </code>
  <code code="USA">
    <editdetail attribution="Reuters BIP Coding Group" action="confirmed" date="1997-03-28"/>
  </code>
</codes>
<codes class="bip:topics:1.0">
  <code code="GCAT">
    <editdetail attribution="Reuters BIP Coding Group" action="confirmed" date="1997-03-28"/>
  </code>
  <code code="GDIP">
    <editdetail attribution="Reuters BIP Coding Group" action="confirmed" date="1997-03-28"/>
  </code>
</codes>
<dc element="dc.date.created" value="1997-03-28"/>
<dc element="dc.publisher" value="Reuters Holdings Plc"/>
<dc element="dc.date.published" value="1997-03-28"/>
<dc element="dc.source" value="Reuters"/>
<dc element="dc.creator.location" value="KAMPALA, Uganda"/>
<dc element="dc.creator.location.country.name" value="UGANDA"/>
<dc element="dc.source" value="Reuters"/>
</metadata>
</newsitem>
