<?xml version="1.0" encoding="iso-8859-1" ?>
<newsitem itemid="474147" id="root" date="1997-03-28" xml:lang="en">
<title>BULGARIA: Bulgaria gas company urges higher natgas prices.</title>
<headline>Bulgaria gas company urges higher natgas prices.</headline>
<dateline>SOFIA 1997-03-28</dateline>
<text>
<p>Bulgaria's state-owned gas company Bulgargas said on Friday it was losing millions of dollars from selling natural gas at unrealistically low prices on the domestic market, hampering its payments to suppliers.</p>
<p>&quot;Bulgargas is selling natural gas on the domestic market at half the import price and at the end of January the company was forced to sell it at some $63 (per cubic metre) cheaper than its import price,&quot; a Bulgargas statement said.</p>
<p>It said the company had suffered a loss of $22 million for the first two months of the year due to low prices and another $8 million due to the drastic fall of the lev to the dollar during this period.</p>
<p>The company urged that domestic sale prices be pegged to the dollar rate.</p>
<p>Bulgargas said it had started curbing natural gas deliveries to its debtors on Thursday.</p>
<p>It cut gas supplies to the country's biggest oil refinery Neftochim earlier this month but restored them after being assured that the plant would find a formula for paying its debts.</p>
<p>&quot;By the end of March Bulgargas had to ensure some $60 million only for natural gas supplies. But how, when less than half of the consumers have paid their debts?</p>
<p>How, when even those who have paid for consumed gas have paid at a price favourable for them which is an absurdity for the new conditions?&quot; the statement said.</p>
<p>Bulgaria, which lacks energy resources, imports all its gas supplies from Russia.</p>
<p>-- Liliana Semerdjieva, Sofia Newsroom, 359-2-84561</p>
</text>
<copyright>(c) Reuters Limited 1997</copyright>
<metadata>
<codes class="bip:countries:1.0">
  <code code="BUL">
    <editdetail attribution="Reuters BIP Coding Group" action="confirmed" date="1997-03-28"/>
  </code>
</codes>
<codes class="bip:industries:1.0">
  <code code="I16200">
    <editdetail attribution="Reuters BIP Coding Group" action="confirmed" date="1997-03-28"/>
  </code>
</codes>
<codes class="bip:topics:1.0">
  <code code="C31">
    <editdetail attribution="Reuters BIP Coding Group" action="confirmed" date="1997-03-28"/>
  </code>
  <code code="CCAT">
    <editdetail attribution="Reuters BIP Coding Group" action="confirmed" date="1997-03-28"/>
  </code>
</codes>
<dc element="dc.date.created" value="1997-03-28"/>
<dc element="dc.publisher" value="Reuters Holdings Plc"/>
<dc element="dc.date.published" value="1997-03-28"/>
<dc element="dc.source" value="Reuters"/>
<dc element="dc.creator.location" value="SOFIA"/>
<dc element="dc.creator.location.country.name" value="BULGARIA"/>
<dc element="dc.source" value="Reuters"/>
</metadata>
</newsitem>
