<?xml version="1.0" encoding="iso-8859-1" ?>
<newsitem itemid="474143" id="root" date="1997-03-28" xml:lang="en">
<title>BELARUS: Belarus says Russia union deal &quot;all-encompassing&quot;.</title>
<headline>Belarus says Russia union deal &quot;all-encompassing&quot;.</headline>
<dateline>MINSK 1997-03-28</dateline>
<text>
<p>A treaty of union due for signature next month by presidents Alexander Lukashenko of Belarus and Boris Yeltsin of Russia will be &quot;all-encompassing&quot;, an aide to the Belarus leader said on Friday.</p>
<p>&quot;An all-encompassing deal is to be signed, foreseeing dual citizenship and a corresponding document. It is too soon to say if this will be a passport or something else,&quot; Ivan Pashkevich, Lukashenko's aide on ideology, told a news conference.</p>
<p>&quot;The agreement significantly broadens the rights of the parliamentary assembly,&quot; Pashkevich, who is the deputy head of Lukashenko's administration, added.</p>
<p>He said these powers could involve direct elections to the assembly, which currently groups 25 deputies from each of the two countries' parliaments.</p>
<p>The assembly was created on April 2 last year, the day Lukashenko and Yeltsin signed a &quot;commonwealth&quot; deal which has drawn vigorous opposition from nationalists in Belarus.</p>
<p>The two men are due to meet again exactly a year later to sign a new deal, heralding even closer ties.</p>
<p>Belarussian President Alexander Lukashenko, speaking to reporters in Moscow, said on Friday the deal provides for a union of independent states rather than a federation.</p>
</text>
<copyright>(c) Reuters Limited 1997</copyright>
<metadata>
<codes class="bip:countries:1.0">
  <code code="BYELRS">
    <editdetail attribution="Reuters BIP Coding Group" action="confirmed" date="1997-03-28"/>
  </code>
  <code code="RUSS">
    <editdetail attribution="Reuters BIP Coding Group" action="confirmed" date="1997-03-28"/>
  </code>
</codes>
<codes class="bip:topics:1.0">
  <code code="GCAT">
    <editdetail attribution="Reuters BIP Coding Group" action="confirmed" date="1997-03-28"/>
  </code>
  <code code="GDIP">
    <editdetail attribution="Reuters BIP Coding Group" action="confirmed" date="1997-03-28"/>
  </code>
</codes>
<dc element="dc.date.created" value="1997-03-28"/>
<dc element="dc.publisher" value="Reuters Holdings Plc"/>
<dc element="dc.date.published" value="1997-03-28"/>
<dc element="dc.source" value="Reuters"/>
<dc element="dc.creator.location" value="MINSK"/>
<dc element="dc.creator.location.country.name" value="BELARUS"/>
<dc element="dc.source" value="Reuters"/>
</metadata>
</newsitem>
