<?xml version="1.0" encoding="iso-8859-1" ?>
<newsitem itemid="474116" id="root" date="1997-03-28" xml:lang="en">
<title>ZIMBABWE: Zimbabwe suspends private phone decision.</title>
<headline>Zimbabwe suspends private phone decision.</headline>
<dateline>HARARE 1997-03-28</dateline>
<text>
<p>Zimbabwe's state tender board has suspended a controversial decision by the government to award the country's first private cellular phone licence to a consortium of black businesses and a Zairean-based company following an appeal by a losing local bidder.</p>
<p>The board said in a statement on Friday the Information, Posts and Telecommunications Ministry should in the next three weeks, reply &quot;point by point&quot; to complaints lodged by bidder Econet against the award of the licence to Telecel.</p>
<p>&quot;By virtue of this appeal, action on TBR 4317B (cellular phone tender award) of 5 March 1997 is automatically suspended until the appeal is cleared,&quot; tender board chairman Stanley Mahlala said.</p>
<p>Econet, which has been involved in court battles for the past three years to win a licence to operate the southern African country's first private cellular telephone service, this week alleged that the tender process was rigged in favour of Telecel.</p>
<p>On Thursday, two other losing contenders, Tritel and Supanet, added their complaints to Econet's and said they were seeking legal advice on the issue.</p>
<p>Econet, Tritel and Supanet spurned an offer from the government that they take a 15-20 percent equity stake in Telecel's project which was scheduled to start service in eight months.</p>
<p>&quot;Our review of the winning bid has raised fundamental questions on the adjudication process that will require consultations with our legal counsel before making our position on the tender process public,&quot; Tritel and Supanet said in a statement on Thursday.</p>
<p>Tritel's Christopher Mutsvangwa alleged that Telecel's bid failed to comply with the tender requirements in key aspects, describing its financial bid as &quot;meaningless&quot;.</p>
<p>-- Harare newsroom +263-4 72 52 28/9</p>
</text>
<copyright>(c) Reuters Limited 1997</copyright>
<metadata>
<codes class="bip:countries:1.0">
  <code code="ZAIRE">
    <editdetail attribution="Reuters BIP Coding Group" action="confirmed" date="1997-03-28"/>
  </code>
  <code code="ZIMBAB">
    <editdetail attribution="Reuters BIP Coding Group" action="confirmed" date="1997-03-28"/>
  </code>
</codes>
<codes class="bip:industries:1.0">
  <code code="I79020">
    <editdetail attribution="Reuters BIP Coding Group" action="confirmed" date="1997-03-28"/>
  </code>
</codes>
<codes class="bip:topics:1.0">
  <code code="C13">
    <editdetail attribution="Reuters BIP Coding Group" action="confirmed" date="1997-03-28"/>
  </code>
  <code code="CCAT">
    <editdetail attribution="Reuters BIP Coding Group" action="confirmed" date="1997-03-28"/>
  </code>
</codes>
<dc element="dc.date.created" value="1997-03-28"/>
<dc element="dc.publisher" value="Reuters Holdings Plc"/>
<dc element="dc.date.published" value="1997-03-28"/>
<dc element="dc.source" value="Reuters"/>
<dc element="dc.creator.location" value="HARARE"/>
<dc element="dc.creator.location.country.name" value="ZIMBABWE"/>
<dc element="dc.source" value="Reuters"/>
</metadata>
</newsitem>
