<?xml version="1.0" encoding="iso-8859-1" ?>
<newsitem itemid="474169" id="root" date="1997-03-28" xml:lang="en">
<title>POLAND: Polifarb-C applies to clear merger issues.</title>
<headline>Polifarb-C applies to clear merger issues.</headline>
<dateline>WARSAW 1997-03-28</dateline>
<text>
<p>Polish paintmaker Polifarb Cieszyn SA applied to the Polish Securities Commission (KPW) to clear its two share issues for the planned merger with Polifarb Wroclaw, Cieszyn said in a statement on Friday.</p>
<p>Cieszyn has said it plans a bonus issue for its current shareholders of 6,375,000 shares and an issue of 22,103,820 shares for Wroclaw shareholders to be exchanged one-for-one to effect the merger.</p>
<p>Cieszyn currently has 19,125,000 shares, 2,978,820 fewer than Wroclaw. @</p>
<p>Wroclaw shareholders approved the merger earlier this week but did not vote on Cieszyn's version, which would give Cieszyn shareholders 53.5 percent of the new firm.</p>
<p>Wroclaw officials have said a mutual shareholder, BIG, might dispute Cieszyn's version in court but that the merger was still likely to go through as a delay would cost both firms.</p>
<p>On Thursday a Wroclaw shareholder said it and other Western investment funds had asked the KPW to prevent Cieszyn's version of the merger.  -- Warsaw Newsroom +48 22 653 9700</p>
</text>
<copyright>(c) Reuters Limited 1997</copyright>
<metadata>
<codes class="bip:countries:1.0">
  <code code="POL">
    <editdetail attribution="Reuters BIP Coding Group" action="confirmed" date="1997-03-28"/>
  </code>
</codes>
<codes class="bip:industries:1.0">
  <code code="I25510">
    <editdetail attribution="Reuters BIP Coding Group" action="confirmed" date="1997-03-28"/>
  </code>
  <code code="I81402">
    <editdetail attribution="Reuters BIP Coding Group" action="confirmed" date="1997-03-28"/>
  </code>
</codes>
<codes class="bip:topics:1.0">
  <code code="C18">
    <editdetail attribution="Reuters BIP Coding Group" action="confirmed" date="1997-03-28"/>
  </code>
  <code code="C181">
    <editdetail attribution="Reuters BIP Coding Group" action="confirmed" date="1997-03-28"/>
  </code>
  <code code="CCAT">
    <editdetail attribution="Reuters BIP Coding Group" action="confirmed" date="1997-03-28"/>
  </code>
</codes>
<dc element="dc.date.created" value="1997-03-28"/>
<dc element="dc.publisher" value="Reuters Holdings Plc"/>
<dc element="dc.date.published" value="1997-03-28"/>
<dc element="dc.source" value="Reuters"/>
<dc element="dc.creator.location" value="WARSAW"/>
<dc element="dc.creator.location.country.name" value="POLAND"/>
<dc element="dc.source" value="Reuters"/>
</metadata>
</newsitem>
