<?xml version="1.0" encoding="iso-8859-1" ?>
<newsitem itemid="474162" id="root" date="1997-03-28" xml:lang="en">
<title>YUGOSLAVIA: Yugo attracts $700 mln foreign investment in 1996.</title>
<headline>Yugo attracts $700 mln foreign investment in 1996.</headline>
<dateline>BELGRADE 1997-03-28</dateline>
<text>
<p>Yugoslavia attracted around $700 million in foreign investment last year and could expect more capital in 1997, Tanjug news agency reported on Friday.</p>
<p>The capital entered the country through more than 1,000 joint stock companies established with foreign partners, Tanjug said quoting Yugoslav deputy foreign trade minister Predrag Maksimovic as saying.</p>
<p>Maksimovic said 146 foreign investment deals have been signed since the beginning of 1997, bringing a fresh $12 million to the country.</p>
<p>The government singled out agriculture, food-processing, wood-processing and metal-processing industries as the most lucrative targets for foreign capital. -- Gordana Filipovic, Belgrade newsroom, +381 11 222 4254</p>
</text>
<copyright>(c) Reuters Limited 1997</copyright>
<metadata>
<codes class="bip:countries:1.0">
  <code code="YUG">
    <editdetail attribution="Reuters BIP Coding Group" action="confirmed" date="1997-03-28"/>
  </code>
</codes>
<codes class="bip:topics:1.0">
  <code code="E51">
    <editdetail attribution="Reuters BIP Coding Group" action="confirmed" date="1997-03-28"/>
  </code>
  <code code="ECAT">
    <editdetail attribution="Reuters BIP Coding Group" action="confirmed" date="1997-03-28"/>
  </code>
</codes>
<dc element="dc.date.created" value="1997-03-28"/>
<dc element="dc.publisher" value="Reuters Holdings Plc"/>
<dc element="dc.date.published" value="1997-03-28"/>
<dc element="dc.source" value="Reuters"/>
<dc element="dc.creator.location" value="BELGRADE"/>
<dc element="dc.creator.location.country.name" value="YUGOSLAVIA"/>
<dc element="dc.source" value="Reuters"/>
</metadata>
</newsitem>
