<?xml version="1.0" encoding="iso-8859-1" ?>
<newsitem itemid="474183" id="root" date="1997-03-28" xml:lang="en">
<title>RUSSIA: Russia Inkombank to issue Eurocommercial paper.</title>
<headline>Russia Inkombank to issue Eurocommercial paper.</headline>
<dateline>MOSCOW 1997-03-28</dateline>
<text>
<p>One of Russia's biggest banks, AB Inkombank has signed an agreement with SBC Warburg to issue European commercial paper, the bank's President Vladimir Vinogradov said on Friday.</p>
<p>He also said the bank planned a Eurobond issue in June.</p>
<p>&quot;The first placement of $20 million of (European commercial paper) will take place in three weeks,&quot; Vinogradov told a news conference.</p>
<p>&quot;Later, in another three weeks, if quotes are favourable and we sell the paper successfully, we can attract a further $60 to $80 million.&quot;</p>
<p>He did not say what the maturity of the paper would be.</p>
<p>The agreement with Warburg did not specify the placement volume, he said.</p>
<p>Vinogradov said that after Inkombank had completed the eurocommercial paper placement, it would issue Eurobonds.</p>
<p>&quot;(In six weeks) the work on eurocommercial paper with SBC Warburg will be over, and we shall move on to a Eurobond issue,&quot; he said. &quot;I think the first issue of our bank's two to three-year Eurobond will take place in June.&quot;</p>
<p>He did name managers or the volume of the proposed Eurobond.</p>
<p>Inkombank is the second Russian bank planning a Eurobond issue. In January, Uneximbank said it planned a Eurobond issue for up to $200 million in mid-1997.</p>
<p>--Alexei Pankratov, Moscow Newsroom, +7095 941 8520</p>
</text>
<copyright>(c) Reuters Limited 1997</copyright>
<metadata>
<codes class="bip:countries:1.0">
  <code code="RUSS">
    <editdetail attribution="Reuters BIP Coding Group" action="confirmed" date="1997-03-28"/>
  </code>
</codes>
<codes class="bip:industries:1.0">
  <code code="I81402">
    <editdetail attribution="Reuters BIP Coding Group" action="confirmed" date="1997-03-28"/>
  </code>
</codes>
<codes class="bip:topics:1.0">
  <code code="C17">
    <editdetail attribution="Reuters BIP Coding Group" action="confirmed" date="1997-03-28"/>
  </code>
  <code code="C172">
    <editdetail attribution="Reuters BIP Coding Group" action="confirmed" date="1997-03-28"/>
  </code>
  <code code="CCAT">
    <editdetail attribution="Reuters BIP Coding Group" action="confirmed" date="1997-03-28"/>
  </code>
</codes>
<dc element="dc.date.created" value="1997-03-28"/>
<dc element="dc.publisher" value="Reuters Holdings Plc"/>
<dc element="dc.date.published" value="1997-03-28"/>
<dc element="dc.source" value="Reuters"/>
<dc element="dc.creator.location" value="MOSCOW"/>
<dc element="dc.creator.location.country.name" value="RUSSIA"/>
<dc element="dc.source" value="Reuters"/>
</metadata>
</newsitem>
