<?xml version="1.0" encoding="iso-8859-1" ?>
<newsitem itemid="474152" id="root" date="1997-03-28" xml:lang="en">
<title>POLAND: Komunalny plans 3.1 mln shares for bonds.</title>
<headline>Komunalny plans 3.1 mln shares for bonds.</headline>
<dateline>WARSAW 1997-03-28</dateline>
<text>
<p>Polish Bank Komunalny SA plans to issue up to 3,060,000 shares to be exchanged for its planned 50-million-zloty convertible bond issue, the bank said in a statement on Friday.</p>
<p>Komunalny said it would vote on both the bond and share issues at its general shareholders meeting on April 21.</p>
<p>The bank said the new issue would increase its number of shares outstanding to up to 6,333,700.</p>
<p>It gave no other details.</p>
<p>-- Warsaw Newsroom +48 22 653 9700</p>
</text>
<copyright>(c) Reuters Limited 1997</copyright>
<metadata>
<codes class="bip:countries:1.0">
  <code code="POL">
    <editdetail attribution="Reuters BIP Coding Group" action="confirmed" date="1997-03-28"/>
  </code>
</codes>
<codes class="bip:industries:1.0">
  <code code="I81402">
    <editdetail attribution="Reuters BIP Coding Group" action="confirmed" date="1997-03-28"/>
  </code>
</codes>
<codes class="bip:topics:1.0">
  <code code="C17">
    <editdetail attribution="Reuters BIP Coding Group" action="confirmed" date="1997-03-28"/>
  </code>
  <code code="C171">
    <editdetail attribution="Reuters BIP Coding Group" action="confirmed" date="1997-03-28"/>
  </code>
  <code code="C172">
    <editdetail attribution="Reuters BIP Coding Group" action="confirmed" date="1997-03-28"/>
  </code>
  <code code="CCAT">
    <editdetail attribution="Reuters BIP Coding Group" action="confirmed" date="1997-03-28"/>
  </code>
</codes>
<dc element="dc.date.created" value="1997-03-28"/>
<dc element="dc.publisher" value="Reuters Holdings Plc"/>
<dc element="dc.date.published" value="1997-03-28"/>
<dc element="dc.source" value="Reuters"/>
<dc element="dc.creator.location" value="WARSAW"/>
<dc element="dc.creator.location.country.name" value="POLAND"/>
<dc element="dc.source" value="Reuters"/>
</metadata>
</newsitem>
