<?xml version="1.0" encoding="iso-8859-1" ?>
<newsitem itemid="474144" id="root" date="1997-03-28" xml:lang="en">
<title>RUSSIA: Transneft, AIOC, SOCAR sign pipeline agreement.</title>
<headline>Transneft, AIOC, SOCAR sign pipeline agreement.</headline>
<dateline>MOSCOW 1997-03-28</dateline>
<text>
<p>A multinational Caspian Sea oil consortium and Russian oil pipeline monopoly AO Transneft have signed agreements to send oil to the Novorossiisk Black Sea port in a Transneft pipeline, a company official said on Friday.</p>
<p>The agreement was signed by the Azerbaijan International Operating Co (AIOC), Transneft and Azeri state oil company SOCAR on March 27, the official said.</p>
<p>Oil will begin flowing in October, by which time a 150-kilometer section of the pipeline in the war-torn Chechnya would be repaired, he said.</p>
<p>The agreement covers the so-called northern route for Caspian oil. A southern route through the former Soviet republic of Georgia is also planned.</p>
<p>The Transneft official said the 1997 oil flow from the Azeri, Chirag and Gunashli fields in the Caspian Sea would amount to 20,000 tonnes .</p>
<p>AIOC is a 13-member international consortium led by an alliance of British Petroleum and Norway's Statoil. It includes Amoco Corp and Exxon.</p>
<p>The fields contain four billion barrels of crude reserves, allowing output to reach 700,000 bpd in the first half of the next decade, AIOC President Terence Adams has estimated.</p>
<p>--Moscow Newsroom, +7095 941 8520</p>
</text>
<copyright>(c) Reuters Limited 1997</copyright>
<metadata>
<codes class="bip:countries:1.0">
  <code code="AZERB">
    <editdetail attribution="Reuters BIP Coding Group" action="confirmed" date="1997-03-28"/>
  </code>
  <code code="RUSS">
    <editdetail attribution="Reuters BIP Coding Group" action="confirmed" date="1997-03-28"/>
  </code>
</codes>
<codes class="bip:industries:1.0">
  <code code="I13000">
    <editdetail attribution="Reuters BIP Coding Group" action="confirmed" date="1997-03-28"/>
  </code>
  <code code="I1300003">
    <editdetail attribution="Reuters BIP Coding Group" action="confirmed" date="1997-03-28"/>
  </code>
  <code code="I14000">
    <editdetail attribution="Reuters BIP Coding Group" action="confirmed" date="1997-03-28"/>
  </code>
</codes>
<codes class="bip:topics:1.0">
  <code code="C33">
    <editdetail attribution="Reuters BIP Coding Group" action="confirmed" date="1997-03-28"/>
  </code>
  <code code="CCAT">
    <editdetail attribution="Reuters BIP Coding Group" action="confirmed" date="1997-03-28"/>
  </code>
</codes>
<dc element="dc.date.created" value="1997-03-28"/>
<dc element="dc.publisher" value="Reuters Holdings Plc"/>
<dc element="dc.date.published" value="1997-03-28"/>
<dc element="dc.source" value="Reuters"/>
<dc element="dc.creator.location" value="MOSCOW"/>
<dc element="dc.creator.location.country.name" value="RUSSIA"/>
<dc element="dc.source" value="Reuters"/>
</metadata>
</newsitem>
