<?xml version="1.0" encoding="iso-8859-1" ?>
<newsitem itemid="474199" id="root" date="1997-03-28" xml:lang="en">
<title>KAZAKHSTAN: More Uzbek pilgrims going to Mecca - paper.</title>
<headline>More Uzbek pilgrims going to Mecca - paper.</headline>
<dateline>ALMATY 1997-03-28</dateline>
<text>
<p>Over 3,000 Uzbeks will visit Mecca this year to make the &quot;haj&quot;, or Moslem pilgrimage, which was banned in Soviet times, a newspaper said on Friday.</p>
<p>Since independence from Moscow in 1991, over 10,000 pilgrims from Uzbekistan have made the haj, the regional weekly Central Asian Post said.</p>
<p>Islam teaches its followers to travel to the holy sites in Mecca, Saudi Arabia, once during their lifetime and millions of Moslems from all over the world flood the Gulf state each year.</p>
<p>But under officially atheist communism, the haj was effectively banned for Uzbeks and for millions of other Moslems across the Soviet Union.</p>
<p>The weekly said that in Soviet times only 20 pilgrims from Uzbekistan's 23 million population had been allowed each year to make the haj.</p>
<p>&quot;The (present) government has supported them (the pilgrims) by establishing an agency that organises tours to the Arabian peninsula,&quot; it said.</p>
<p>The national air carrier, Uzbekiston Havo Yullari, has established a special flight schedule to take the pilgrims to Saudi Arabia's port town of Jeddah.</p>
<p>But while allowing the construction of hundreds of mosques since independence, leaders of the Central Asian states -- most of them ex-Communist Party bosses -- are nervous of militant Islam in neighbouring Afghanistan and Iran.</p>
</text>
<copyright>(c) Reuters Limited 1997</copyright>
<metadata>
<codes class="bip:countries:1.0">
  <code code="RUSS">
    <editdetail attribution="Reuters BIP Coding Group" action="confirmed" date="1997-03-28"/>
  </code>
  <code code="SAARAB">
    <editdetail attribution="Reuters BIP Coding Group" action="confirmed" date="1997-03-28"/>
  </code>
  <code code="USSR">
    <editdetail attribution="Reuters BIP Coding Group" action="confirmed" date="1997-03-28"/>
  </code>
  <code code="UZBK">
    <editdetail attribution="Reuters BIP Coding Group" action="confirmed" date="1997-03-28"/>
  </code>
</codes>
<codes class="bip:topics:1.0">
  <code code="GCAT">
    <editdetail attribution="Reuters BIP Coding Group" action="confirmed" date="1997-03-28"/>
  </code>
  <code code="GDIP">
    <editdetail attribution="Reuters BIP Coding Group" action="confirmed" date="1997-03-28"/>
  </code>
  <code code="GREL">
    <editdetail attribution="Reuters BIP Coding Group" action="confirmed" date="1997-03-28"/>
  </code>
</codes>
<dc element="dc.date.created" value="1997-03-28"/>
<dc element="dc.publisher" value="Reuters Holdings Plc"/>
<dc element="dc.date.published" value="1997-03-28"/>
<dc element="dc.source" value="Reuters"/>
<dc element="dc.creator.location" value="ALMATY"/>
<dc element="dc.creator.location.country.name" value="KAZAKHSTAN"/>
<dc element="dc.source" value="Reuters"/>
</metadata>
</newsitem>
