<?xml version="1.0" encoding="iso-8859-1" ?>
<newsitem itemid="474192" id="root" date="1997-03-28" xml:lang="en">
<title>POLAND: Novita sees bond issue at PLN 20 mln.</title>
<headline>Novita sees bond issue at PLN 20 mln.</headline>
<dateline>WARSAW 1997-03-28</dateline>
<text>
<p>Polish carpet maker Novita SA expects to raise about 20 million zlotys from its planned convertible bond issue at the beginning of the second half of the year, the company's president said on Friday.</p>
<p>Marek Gorny told Reuters that Novita's general shareholders meeting on May 20 would vote on the convertible bonds and said proceeds from the issue would be used for investments in a new production line and modernisation of its existing plant.</p>
<p>&quot;We expect to raise about 20 million zlotys from the issue and we would like to earmark the funds for our three-year investment programme,&quot; he said. @</p>
<p>He said the company would like foreign and domestic financial investors to take up the bonds, but stressed that it had no plans to acquire a strategic investor.</p>
<p>Gorny said the investment programme would amount to 30 million zlotys and said the remaining 10 million zlotys would come from the company's own funds.</p>
<p>He gave no other details on the issue.</p>
<p>-- Malgorzata Rzepka +48 22 653 9700</p>
</text>
<copyright>(c) Reuters Limited 1997</copyright>
<metadata>
<codes class="bip:countries:1.0">
  <code code="POL">
    <editdetail attribution="Reuters BIP Coding Group" action="confirmed" date="1997-03-28"/>
  </code>
</codes>
<codes class="bip:industries:1.0">
  <code code="I45500">
    <editdetail attribution="Reuters BIP Coding Group" action="confirmed" date="1997-03-28"/>
  </code>
</codes>
<codes class="bip:topics:1.0">
  <code code="C17">
    <editdetail attribution="Reuters BIP Coding Group" action="confirmed" date="1997-03-28"/>
  </code>
  <code code="C172">
    <editdetail attribution="Reuters BIP Coding Group" action="confirmed" date="1997-03-28"/>
  </code>
  <code code="CCAT">
    <editdetail attribution="Reuters BIP Coding Group" action="confirmed" date="1997-03-28"/>
  </code>
</codes>
<dc element="dc.date.created" value="1997-03-28"/>
<dc element="dc.publisher" value="Reuters Holdings Plc"/>
<dc element="dc.date.published" value="1997-03-28"/>
<dc element="dc.source" value="Reuters"/>
<dc element="dc.creator.location" value="WARSAW"/>
<dc element="dc.creator.location.country.name" value="POLAND"/>
<dc element="dc.source" value="Reuters"/>
</metadata>
</newsitem>
