<?xml version="1.0" encoding="iso-8859-1" ?>
<newsitem itemid="474105" id="root" date="1997-03-28" xml:lang="en">
<title>ETHIOPIA: Third Red Terror trial opens in Addis Ababa.</title>
<headline>Third Red Terror trial opens in Addis Ababa.</headline>
<byline>Tsegaye Tadesse</byline>
<dateline>ADDIS ABABA 1997-03-28</dateline>
<text>
<p>The trial of 32 people charged with genocide and murder during the 1970s Red Terror campaign in Ethiopia began on Friday, the third such trial to open this week.</p>
<p>Only 23 of the accused appeared in court in Addis Ababa on Friday. The other nine were charged in absentia.</p>
<p>Other trials started on Monday and Wednesday of 173 people including Olympic marathon gold medallist Mamo Wolde.</p>
<p>The 32 who appeared in court on Friday were charged with causing bodily harm through torture and executing members of the opposition without due process of the law between 1975 and 1979.</p>
<p>All the defendants were charged under the Ethiopian Penal Code of 1957 and face the death penalty if found guilty.</p>
<p>&quot;The accused who had served as revolutionary guards and members of Red Terror committees, acting in groups at different times, took prisoners from different detention centres in District 25 (in Addis Ababa) around midnight -- executed them and then dumped their bodies along road sides and under bridges,&quot; the charge sheet stated.</p>
<p>The accused were charged with serving as a group to eliminate political opponents of the Dergue, the Marxist military junta of deposed leader Mengistu Haile Mariam which seized power in Ethiopia in 1974 and was toppled in 1991.</p>
<p>They were also accused of executing political opponents and leaving their bodies on roadsides in the capital and inflicting torture and bodily harm on groups of political opponents.</p>
<p>Friday's trial was adjourned until May 30 to allow the defendants time to find defence lawyers.</p>
<p>The government has charged a total of 5,198 people with war crimes, aggravated homicide and genocide. Of these 1,200 are suspected of involvement in the Red Terror under Mengistu.</p>
<p>Mengistu fled after being ousted in May 1991 and lives in exile in Zimbabwe. He is among 25 former Dergue officials being tried in absentia in Addis Ababa accused of genocide and crimes against humanity.</p>
</text>
<copyright>(c) Reuters Limited 1997</copyright>
<metadata>
<codes class="bip:countries:1.0">
  <code code="ETHPA">
    <editdetail attribution="Reuters BIP Coding Group" action="confirmed" date="1997-03-28"/>
  </code>
</codes>
<codes class="bip:topics:1.0">
  <code code="GCAT">
    <editdetail attribution="Reuters BIP Coding Group" action="confirmed" date="1997-03-28"/>
  </code>
  <code code="GCRIM">
    <editdetail attribution="Reuters BIP Coding Group" action="confirmed" date="1997-03-28"/>
  </code>
  <code code="GVIO">
    <editdetail attribution="Reuters BIP Coding Group" action="confirmed" date="1997-03-28"/>
  </code>
</codes>
<dc element="dc.date.created" value="1997-03-28"/>
<dc element="dc.publisher" value="Reuters Holdings Plc"/>
<dc element="dc.date.published" value="1997-03-28"/>
<dc element="dc.source" value="Reuters"/>
<dc element="dc.creator.location" value="ADDIS ABABA"/>
<dc element="dc.creator.location.country.name" value="ETHIOPIA"/>
<dc element="dc.source" value="Reuters"/>
</metadata>
</newsitem>
