<?xml version="1.0" encoding="iso-8859-1" ?>
<newsitem itemid="474172" id="root" date="1997-03-28" xml:lang="en">
<title>LITHUANIA: Lithuanian shares ease in dull trade.</title>
<headline>Lithuanian shares ease in dull trade.</headline>
<dateline>VILNIUS 1997-03-28</dateline>
<text>
<p>Lithuanian shares eased on Friday in dull trade as foreign investors were sidelined by the Good Friday holiday.</p>
<p>The Litin A index slid 31.17 points to 2,606.97 and overall central market volume was only 715,000 litas.</p>
<p>Dealers said demand was low as Lithuania was of the few European markets open and foreign investors stayed away.</p>
<p>Buyers are also digesting the results of a spate of shareholders' meetings this week.</p>
<p>Dealers said they expected shares to continue easing next week.</p>
<p>&quot;They (shares) seem to have hit their peak for the time being,&quot; said Arvydas Jacikevicius of brokerage firm Suprema.</p>
<p>The session's losers included tractor parts producer Kuro aparatura, which fell to 11.73 litas from 12.10 litas in trade of 11,500 litas.</p>
<p>The Lithuania Sea Shipping Company also eased, with its price dipping to 8.31 litas from 8.90 litas in trade worth 120,000 litas.</p>
<p>The huge state-run Savings Bank, which reported a 1996 net profit of 30 million litas after a loss of 30 million litas the previous year, saw its share price drop to 270.00 litas from 276.00 litas in trade of close to 25,000 litas.</p>
<p>The bank announced on Friday that it would pay a dividend of 2.8 million litas and use the rest of its profit to cover 1995's big losses.</p>
<p>Block trades amounted to over 660,000 litas.</p>
<p>--Ed Stoddard, Vilnius newsroom +370 2 22 35 17</p>
</text>
<copyright>(c) Reuters Limited 1997</copyright>
<metadata>
<codes class="bip:countries:1.0">
  <code code="LITH">
    <editdetail attribution="Reuters BIP Coding Group" action="confirmed" date="1997-03-28"/>
  </code>
</codes>
<codes class="bip:topics:1.0">
  <code code="M11">
    <editdetail attribution="Reuters BIP Coding Group" action="confirmed" date="1997-03-28"/>
  </code>
  <code code="MCAT">
    <editdetail attribution="Reuters BIP Coding Group" action="confirmed" date="1997-03-28"/>
  </code>
</codes>
<dc element="dc.date.created" value="1997-03-28"/>
<dc element="dc.publisher" value="Reuters Holdings Plc"/>
<dc element="dc.date.published" value="1997-03-28"/>
<dc element="dc.source" value="Reuters"/>
<dc element="dc.creator.location" value="VILNIUS"/>
<dc element="dc.creator.location.country.name" value="LITHUANIA"/>
<dc element="dc.source" value="Reuters"/>
</metadata>
</newsitem>
