<?xml version="1.0" encoding="iso-8859-1" ?>
<newsitem itemid="474131" id="root" date="1997-03-28" xml:lang="en">
<title>RUSSIA: CIS leaders begin summit more divided than united.</title>
<headline>CIS leaders begin summit more divided than united.</headline>
<byline>Timothy Heritage</byline>
<dateline>MOSCOW 1997-03-28</dateline>
<text>
<p>Leaders of the Commonwealth of Independent States, which rose from the ashes of the Soviet Union, sat down in the Kremlin on Friday for a summit likely to be marked as much by divisions as unity.</p>
<p>The meeting is likely to last just three hours, the Russian presidential press service said. It will be followed by a news conference.</p>
<p>The heads of the 12 member states, whose prime ministers met in Moscow on Thursday, plan to look at ways to develop economic integration. The meeting was postponed twice while Russian President Boris Yeltsin was recovering from health problems.</p>
<p>Ukrainian President Leonid Kuchma underlined the differences between the former Soviet republics on the eve of the summit by saying the group remained vague and divided, and that he saw little hope of a breakthrough.</p>
<p>&quot;I think that today not a single representative of the countries in the Commonwealth is satisfied by the results of its activities, because there aren't any,&quot; Kuchma told a news conference in the Russian capital.</p>
<p>&quot;The Commonwealth is quite amorphous, not that which had been envisaged at the very beginning.&quot;</p>
<p>Ukraine is one of the more sceptical members of the CIS, which comprises all the former Soviet republics except the three Baltic states of Estonia, Latvia and Lithuania. It was formed after the Soviet Union's collapse in 1991.</p>
<p>The CIS includes some countries which favour rapid integration, such as Russia and Belarus, some which favour somewhat slower moves, such as Kazakhstan and Kyrgyzstan, and others who have taken few concrete steps for fast integration.</p>
<p>Economic reform is also proceeding at different speeds in the various member states and living standards vary widely.</p>
<p>Some of the countries resent what they regard as Russian domination. &quot;When each country has certain privileges within the Commonwealth I think it doesn't foster the mood of togetherness,&quot; Kuchma said.</p>
<p>Liberal Russian newspaper Sevodnya said on Friday: &quot;There is a serious danger the stated goals, put no matter how prettily but as non-binding concepts, risk remaining only on paper.&quot;</p>
<p>Russian officials accuse some of the other member states of trying to create their own economic and military unions which hinder integration by the group as a whole.</p>
<p>The leaders, meeting after their prime ministers held talks on Thursday, plan to discuss creating a &quot;single economic space&quot; which would include free trade zones, a vast customs union and integrated energy and transport systems.</p>
<p>Conflicts in the former Soviet Union are also likely to be raised, including whether to extend the mandate for CIS peacekeeping troops in the Central Asian state of Tajikistan.</p>
<p>Georgia has said it will raise the issue of Russian peacekeeping forces in its breakaway region of Abkhazia. It wants the troops to do more or leave and requires significant changes to the 2,500-strong force's mandate.</p>
<p>Separatists in Abkhazia want no change in the status of the peacekeeping force.</p>
<p>Even the states keen on rapid integration, Russia and Belarus, are not finding it easy going. They are due to sign an agreement next week on closer ties based on a &quot;commonwealth&quot; of two states which they agreed on a year ago.</p>
<p>But Belarus expelled a journalist working for a Russian television network on Thursday, despite the Kremlin expressing concern that media freedoms were being restricted by Minsk.</p>
</text>
<copyright>(c) Reuters Limited 1997</copyright>
<metadata>
<codes class="bip:countries:1.0">
  <code code="RUSS">
    <editdetail attribution="Reuters BIP Coding Group" action="confirmed" date="1997-03-28"/>
  </code>
  <code code="UKRN">
    <editdetail attribution="Reuters BIP Coding Group" action="confirmed" date="1997-03-28"/>
  </code>
  <code code="USSR">
    <editdetail attribution="Reuters BIP Coding Group" action="confirmed" date="1997-03-28"/>
  </code>
</codes>
<codes class="bip:topics:1.0">
  <code code="GCAT">
    <editdetail attribution="Reuters BIP Coding Group" action="confirmed" date="1997-03-28"/>
  </code>
  <code code="GDIP">
    <editdetail attribution="Reuters BIP Coding Group" action="confirmed" date="1997-03-28"/>
  </code>
</codes>
<dc element="dc.date.created" value="1997-03-28"/>
<dc element="dc.publisher" value="Reuters Holdings Plc"/>
<dc element="dc.date.published" value="1997-03-28"/>
<dc element="dc.source" value="Reuters"/>
<dc element="dc.creator.location" value="MOSCOW"/>
<dc element="dc.creator.location.country.name" value="RUSSIA"/>
<dc element="dc.source" value="Reuters"/>
</metadata>
</newsitem>
