<?xml version="1.0" encoding="iso-8859-1" ?>
<newsitem itemid="474119" id="root" date="1997-03-28" xml:lang="en">
<title>ANGOLA: PRESS DIGEST - Angola - March 28.</title>
<headline>PRESS DIGEST - Angola - March 28.</headline>
<dateline>LUANDA 1997-03-28</dateline>
<text>
<p>These are the leading stories in the Angolan press on Friday.</p>
<p>Reuters has not verified these stories and does not vouch for their accuracy.</p>
<p>- - - -</p>
<p>JORNAL DE ANGOLA</p>
<p>- The Angolan Minister of Petroleum, Albina Assis, said on Thursday that the Zaire Province is now producing some 10,000 barrels of oil per day. The minister said that before the renewal of war between UNITA and the government troops in 1992, Zaire Province produced between 25,000 and 30,000 barrels a day and that she hoped that that level would again be reached in the near future.</p>
<p>- The city of Luanda will be without electricity from 0500 GMT until 1100 GMT on Saturday, the National Electricity Company announced on Thursday.</p>
<p>- The African representative for the World Organisation of Tourism, Ousmane N'diaye, met briefly on Thursday with the Angolan Prime Minister. The two spoke about improving tourism infrastructure in Angola.</p>
<p>-- Johannesburg newsroom +27 11 482-1003</p>
</text>
<copyright>(c) Reuters Limited 1997</copyright>
<metadata>
<codes class="bip:countries:1.0">
  <code code="ANGOL">
    <editdetail attribution="Reuters BIP Coding Group" action="confirmed" date="1997-03-28"/>
  </code>
</codes>
<codes class="bip:topics:1.0">
  <code code="GCAT">
    <editdetail attribution="Reuters BIP Coding Group" action="confirmed" date="1997-03-28"/>
  </code>
</codes>
<dc element="dc.date.created" value="1997-03-28"/>
<dc element="dc.publisher" value="Reuters Holdings Plc"/>
<dc element="dc.date.published" value="1997-03-28"/>
<dc element="dc.source" value="Reuters"/>
<dc element="dc.creator.location" value="LUANDA"/>
<dc element="dc.creator.location.country.name" value="ANGOLA"/>
<dc element="dc.source" value="Reuters"/>
</metadata>
</newsitem>
