<?xml version="1.0" encoding="iso-8859-1" ?>
<newsitem itemid="474166" id="root" date="1997-03-28" xml:lang="en">
<title>POLAND: Polish music television hits airwaves April 19.</title>
<headline>Polish music television hits airwaves April 19.</headline>
<dateline>WARSAW 1997-03-28</dateline>
<text>
<p>Polish Television (TVP) on April 19 will begin broadcasting the first-ever Polish-language music channel &quot;Tylko Muzyka&quot; (Only Music), which will be available on cable television, TVP said on Friday.</p>
<p>Joanna Bancerowska, a TVP spokeswoman, told Reuters that more than half of the 24-hour station's programming would cover Polish music, with about 70 percent pop, 20 percent jazz and classical, and 10 percent folk and children's music. @</p>
<p>The music station, which would eventually be self-financing, was expected to be the first of five or six theme channels which Polish television would launch on cable television.</p>
<p>Bancerowska said the channel's revenues would come primarily from advertising, sponsored programming and fees from cable operators.</p>
<p>-- Beata Kocielska +48 22 653 9700</p>
</text>
<copyright>(c) Reuters Limited 1997</copyright>
<metadata>
<codes class="bip:countries:1.0">
  <code code="POL">
    <editdetail attribution="Reuters BIP Coding Group" action="confirmed" date="1997-03-28"/>
  </code>
</codes>
<codes class="bip:industries:1.0">
  <code code="I9741102">
    <editdetail attribution="Reuters BIP Coding Group" action="confirmed" date="1997-03-28"/>
  </code>
</codes>
<codes class="bip:topics:1.0">
  <code code="C22">
    <editdetail attribution="Reuters BIP Coding Group" action="confirmed" date="1997-03-28"/>
  </code>
  <code code="CCAT">
    <editdetail attribution="Reuters BIP Coding Group" action="confirmed" date="1997-03-28"/>
  </code>
  <code code="GCAT">
    <editdetail attribution="Reuters BIP Coding Group" action="confirmed" date="1997-03-28"/>
  </code>
  <code code="GENT">
    <editdetail attribution="Reuters BIP Coding Group" action="confirmed" date="1997-03-28"/>
  </code>
</codes>
<dc element="dc.date.created" value="1997-03-28"/>
<dc element="dc.publisher" value="Reuters Holdings Plc"/>
<dc element="dc.date.published" value="1997-03-28"/>
<dc element="dc.source" value="Reuters"/>
<dc element="dc.creator.location" value="WARSAW"/>
<dc element="dc.creator.location.country.name" value="POLAND"/>
<dc element="dc.source" value="Reuters"/>
</metadata>
</newsitem>
