<?xml version="1.0" encoding="iso-8859-1" ?>
<newsitem itemid="474134" id="root" date="1997-03-28" xml:lang="en">
<title>ALBANIA: Albanian villagers ambush marauding gunmen.</title>
<headline>Albanian villagers ambush marauding gunmen.</headline>
<byline>Stephen Weeks</byline>
<dateline>FRAKULL, Albania 1997-03-28</dateline>
<text>
<p>A bloody shootout between Albanian villagers and a roving gang of gunmen left 20 people dead in this central hamlet in the worst violence since state authority collapsed this month, witnesses said on Friday.</p>
<p>They said five cars ferried some 25 gunmen into the village 110 kms (65 miles) south of Tirana on Thursday. The men, some wearing masks, fired rounds into the air and shouted insults.</p>
<p>&quot;Hand over your weapons, you sons of bitches,&quot; one villager quoted a gunman as screaming.</p>
<p>Two villagers came towards the gunmen and were shot dead, witnesses said. The spots where the men fell in the lone street are marked by white rocks, candles and a vase with flowers.</p>
<p>One man, Frad Selimi, 28, was gunned down just outside his home. Women wailed inside on Friday where his body was laid out with a rose placed in his mouth ahead of burial.</p>
<p>While the gunmen blasted away in broad daylight, villagers took up positions in crumbling buildings overlooking the street and then rained down automatic arms fire.</p>
<p>A long streak of blood and oil lines the street where most of the gunmen were cut down from the rooftops. But some ran to the nearby cars to try to flee.</p>
<p>&quot;Some pleaded for their lives. One offered money to be spared but it was too late,&quot; a villager said. In the end, 17 gunmen were killed and one was badly wounded. Three villagers died in the shooting, witnesses and the local morgue said.</p>
<p>Outlaw gangs have roamed Albania with impunity since police and military authority collapsed this month in the face of a popular uprising. Jails were opened and criminals fled.</p>
<p>Thousands of Albanians stormed army munitions depots and seized huge quantities of weapons, throwing large parts of the country into anarchy and lawlessness.</p>
<p>The uprising began as a challenge to rightest President Sali Berisha over his handling of failed investment schemes in January, which wiped out the savings of many Albanians.</p>
<p>Frakull's mostly gypsy population joined in the wholescale theft of weapons. &quot;We looted the guns to protect ourselves. We have a right to protect ourselves,&quot; another villager said.</p>
<p>A score of men had set up barricades at the entrance to the village and nervously fidgeted with Kalashnikov assault rifles, some fixed with bayonets. Machineguns were set on rooftops.</p>
<p>No motive for the incident has been given. Police have not returned to the village since overseeing the evacuation of the bodies in private cars and on an armoured personnel carrier.</p>
<p>Villagers accused the gunmen variously of being secret police, bandits or just plain thugs out to fighten a gypsy village. Everyone was nervous and bracing for reprisals.</p>
<p>Some families left the village. A family of nine gypsies walked passed. One carried a Kalashnikov, another a baby and the rest sacks of food, pots or personal items in blankets.</p>
<p>In the nearby town of Fier, police said a number of the men came from the region and funerals took place throughout the day to bury the dead.</p>
<p>A large crowd showed up for the funeral of Nebi Backa, 28, described as a businessman by his family.</p>
<p>&quot;So far nobody knows the real motive for what was going on. They went there to meet at a nearby club and have coffee with friends,&quot; said Backa's uncle, Il Backa, 37.</p>
<p>Backa said he blamed the village for what had happened.</p>
<p>&quot;You can't kill people like animals. Maybe one or two but not all of them,&quot; he said.</p>
<p>Backa said his nephew and the other men had gathered from towns around the region &quot;to settle some scores with people from Gjirokaster&quot;, well to the south near the Greek border. He gave no other details.</p>
<p>Asked if he thought his nephew's death would be avenged, he said: &quot;We need only time. It's clear in a country where nothing is functioning that something must be done by us.&quot;</p>
</text>
<copyright>(c) Reuters Limited 1997</copyright>
<metadata>
<codes class="bip:countries:1.0">
  <code code="ALB">
    <editdetail attribution="Reuters BIP Coding Group" action="confirmed" date="1997-03-28"/>
  </code>
</codes>
<codes class="bip:topics:1.0">
  <code code="GCAT">
    <editdetail attribution="Reuters BIP Coding Group" action="confirmed" date="1997-03-28"/>
  </code>
  <code code="GVIO">
    <editdetail attribution="Reuters BIP Coding Group" action="confirmed" date="1997-03-28"/>
  </code>
</codes>
<dc element="dc.date.created" value="1997-03-28"/>
<dc element="dc.publisher" value="Reuters Holdings Plc"/>
<dc element="dc.date.published" value="1997-03-28"/>
<dc element="dc.source" value="Reuters"/>
<dc element="dc.creator.location" value="FRAKULL, Albania"/>
<dc element="dc.creator.location.country.name" value="ALBANIA"/>
<dc element="dc.source" value="Reuters"/>
</metadata>
</newsitem>
