<?xml version="1.0" encoding="iso-8859-1" ?>
<newsitem itemid="474196" id="root" date="1997-03-28" xml:lang="en">
<title>CZECH REPUBLIC: Czechs give Oscar winners beer toast in homecoming.</title>
<headline>Czechs give Oscar winners beer toast in homecoming.</headline>
<dateline>PRAGUE 1997-03-28</dateline>
<text>
<p>Praguers gave a typically Czech homecoming welcome on Friday to Zdenek and Jan Sverak, whose &quot;Kolya&quot; won the Oscar for best foreign language film in a Los Angeles ceremony earlier this week.</p>
<p>Scores of fans and journalists greeted the father and son team as they emerged at Prague's international airport terminal, toasting them with traditional Czech Pilsner beer.</p>
<p>&quot;This is a national celebration,&quot; yelled the father Zdenek, a veteran Czech stage and screen actor who wrote the politically-charged script and played the main role as a soured former symphony cellist under communism.</p>
<p>With the crowd chanting &quot;Show it to us&quot;, the 31-year-old son Jan, who won with his second Oscar-nominated film, whipped out the coveted gold statue to whoops and cheers.</p>
<p>The story of an ageing bachelor's reawakening when he takes the abandoned Russian boy, Kolya, under his wing on the eve of Prague's bloodless 1989 Velvet Revolution touched a chord with nostalgic Czechs, and provided the Sveraks with the country's most successful release abroad.</p>
<p>The Sverak team made their first international splash in 1992, when the post-war drama-comedy &quot;Elementary School&quot; earned a first Oscar nomination but lost. Zdenek is currently working on the team's first original English-language script.</p>
<p>President Vaclav Havel, a former dissident playwright under communism who acted in films himself, sent a victory telegram to the Sveraks after the win, saying &quot;I am happy that after many years a Czech film has again received the Oscar&quot;.</p>
<p>It was the first Czech foreign language film Oscar since Jiri Menzel won in 1968 with &quot;Closely Observed Trains&quot; one of a spate of admired movies known worldwide as the &quot;Czech New Wave&quot;.</p>
</text>
<copyright>(c) Reuters Limited 1997</copyright>
<metadata>
<codes class="bip:countries:1.0">
  <code code="CZREP">
    <editdetail attribution="Reuters BIP Coding Group" action="confirmed" date="1997-03-28"/>
  </code>
  <code code="USA">
    <editdetail attribution="Reuters BIP Coding Group" action="confirmed" date="1997-03-28"/>
  </code>
</codes>
<codes class="bip:topics:1.0">
  <code code="GCAT">
    <editdetail attribution="Reuters BIP Coding Group" action="confirmed" date="1997-03-28"/>
  </code>
  <code code="GENT">
    <editdetail attribution="Reuters BIP Coding Group" action="confirmed" date="1997-03-28"/>
  </code>
</codes>
<dc element="dc.date.created" value="1997-03-28"/>
<dc element="dc.publisher" value="Reuters Holdings Plc"/>
<dc element="dc.date.published" value="1997-03-28"/>
<dc element="dc.source" value="Reuters"/>
<dc element="dc.creator.location" value="PRAGUE"/>
<dc element="dc.creator.location.country.name" value="CZECH REPUBLIC"/>
<dc element="dc.source" value="Reuters"/>
</metadata>
</newsitem>
