<?xml version="1.0" encoding="iso-8859-1" ?>
<newsitem itemid="474176" id="root" date="1997-03-28" xml:lang="en">
<title>POLAND: Zloty fixed weaker at 2.87 pct from parity rate.</title>
<headline>Zloty fixed weaker at 2.87 pct from parity rate.</headline>
<dateline>WARSAW 1997-03-28</dateline>
<text>
<p>The National Bank of Poland fixed the zloty at 3.0760 to the dollar, down from 3.0750 on Thursday and at 1.8345 to the mark, down from 1.8300, the NBP said.</p>
<p>The central bank fixed the zloty at an average of 2.87 percent from the weighted dollar and mark parity rates, weaker than Thursday's 3.00 percent fix.</p>
<p>-- Warsaw Newsroom +48 22 653 9700</p>
</text>
<copyright>(c) Reuters Limited 1997</copyright>
<metadata>
<codes class="bip:countries:1.0">
  <code code="POL">
    <editdetail attribution="Reuters BIP Coding Group" action="confirmed" date="1997-03-28"/>
  </code>
</codes>
<codes class="bip:topics:1.0">
  <code code="M13">
    <editdetail attribution="Reuters BIP Coding Group" action="confirmed" date="1997-03-28"/>
  </code>
  <code code="M132">
    <editdetail attribution="Reuters BIP Coding Group" action="confirmed" date="1997-03-28"/>
  </code>
  <code code="MCAT">
    <editdetail attribution="Reuters BIP Coding Group" action="confirmed" date="1997-03-28"/>
  </code>
</codes>
<dc element="dc.date.created" value="1997-03-28"/>
<dc element="dc.publisher" value="Reuters Holdings Plc"/>
<dc element="dc.date.published" value="1997-03-28"/>
<dc element="dc.source" value="Reuters"/>
<dc element="dc.creator.location" value="WARSAW"/>
<dc element="dc.creator.location.country.name" value="POLAND"/>
<dc element="dc.source" value="Reuters"/>
</metadata>
</newsitem>
