<?xml version="1.0" encoding="iso-8859-1" ?>
<newsitem itemid="474170" id="root" date="1997-03-28" xml:lang="en">
<title>POLAND: GPRD plans PLN 1.0 mln for 1996 payout.</title>
<headline>GPRD plans PLN 1.0 mln for 1996 payout.</headline>
<dateline>WARSAW 1997-03-28</dateline>
<text>
<p>Polish roadbuilder Gdanskie Przedsiebiorstwo Robot Drogowych SA (GPRD) plans to earmark one million zlotys of its 1996 net profit for dividend, the company said in a statement on Friday.</p>
<p>Last year GPRD had a net profit of 7.1 million zlotys.</p>
<p>GPRD has 7.5 million shares outstanding.</p>
<p>-- Warsaw Newsroom +48 22 653 9700</p>
</text>
<copyright>(c) Reuters Limited 1997</copyright>
<metadata>
<codes class="bip:countries:1.0">
  <code code="POL">
    <editdetail attribution="Reuters BIP Coding Group" action="confirmed" date="1997-03-28"/>
  </code>
</codes>
<codes class="bip:industries:1.0">
  <code code="I50200">
    <editdetail attribution="Reuters BIP Coding Group" action="confirmed" date="1997-03-28"/>
  </code>
  <code code="I5020041">
    <editdetail attribution="Reuters BIP Coding Group" action="confirmed" date="1997-03-28"/>
  </code>
</codes>
<codes class="bip:topics:1.0">
  <code code="C15">
    <editdetail attribution="Reuters BIP Coding Group" action="confirmed" date="1997-03-28"/>
  </code>
  <code code="C152">
    <editdetail attribution="Reuters BIP Coding Group" action="confirmed" date="1997-03-28"/>
  </code>
  <code code="CCAT">
    <editdetail attribution="Reuters BIP Coding Group" action="confirmed" date="1997-03-28"/>
  </code>
</codes>
<dc element="dc.date.created" value="1997-03-28"/>
<dc element="dc.publisher" value="Reuters Holdings Plc"/>
<dc element="dc.date.published" value="1997-03-28"/>
<dc element="dc.source" value="Reuters"/>
<dc element="dc.creator.location" value="WARSAW"/>
<dc element="dc.creator.location.country.name" value="POLAND"/>
<dc element="dc.source" value="Reuters"/>
</metadata>
</newsitem>
