<?xml version="1.0" encoding="iso-8859-1" ?>
<newsitem itemid="474106" id="root" date="1997-03-28" xml:lang="en">
<title>MOZAMBIQUE: Mozambique may get iron plant instead of S.Africa.</title>
<headline>Mozambique may get iron plant instead of S.Africa.</headline>
<byline>Iain Christie</byline>
<dateline>MAPUTO 1997-03-28</dateline>
<text>
<p>An iron ore reduction plant originally set to be built in South Africa is now likely to be situated in southern Mozambique, a senior Mozambique official said on Friday.</p>
<p>The initial plan, announced last August, was to build the facility in South Africa, which has the ore, and use natural gas from Mozambique's Pande gas field, transported through a 900 km pipeline to South Africa, for the ore's reduction.</p>
<p>But Arsenio Mabote, Mozambique's national director for coal and hydrocarbons, told Reuters that the most likely location for the plant would be Mozambique.</p>
<p>&quot;There is a feasibility study to see whether the iron ore reduction plant will be located in Phalaborwa in South Africa or in Mozambique. The way it is now, it looks like the feasibility study indicates that the best option would be to locate the iron ore plant in Maputo,&quot; Mabote said.</p>
<p>But he added that siting the plant in Mozambique did not mean the planned 900 km pipeline to South Africa had been cancelled.</p>
<p>&quot;We believe that in Pande there is an upside potential, meaning that we could have excess gas that could be supplied to eventual customers in South Africa,&quot; Mabote said.</p>
<p>He said that a plant in Maputo would be an anchor customer for the Pande gas.</p>
<p>The project, in principle, provides for a slurry pipeline to be built from Phalaborwa to Maputo to transport the iron ore to the plant, Mabote said.</p>
<p>Gas from Pande, 700 km north of Maputo, is vital to the project. Last August a statement from the three partners estimated that Pande had &quot;an estimated two trillion cubic feet of proven and recoverable gas reserves&quot;.</p>
<p>The three partners in the project are the Mozambican National Hydrocarbons Company (ENC), Enron Corp and South Africa's Industrial Development Corporation (IDC).</p>
<p>Senior Enron executive Peter Wilt said in November 1995 that the project would involve an estimated $700 million investment from various sources for the projected 900 km pipeline and production facilities.</p>
<p>Mabote said the feasibility studies into the plant's site and construction were likely to be completed by the end of 1998.</p>
<p>&quot;For Mozambique it (locating the plant there) would be very beneficial in the sense that it would lead Mozambique to economic growth and would create jobs and more opportunities for regional development,&quot; he said.</p>
<p>Mozambique and South Africa are negotiating a bilateral gas trade agreement which is likely to be signed in the next couple of months.</p>
</text>
<copyright>(c) Reuters Limited 1997</copyright>
<metadata>
<codes class="bip:countries:1.0">
  <code code="MOZAM">
    <editdetail attribution="Reuters BIP Coding Group" action="confirmed" date="1997-03-28"/>
  </code>
  <code code="SAFR">
    <editdetail attribution="Reuters BIP Coding Group" action="confirmed" date="1997-03-28"/>
  </code>
</codes>
<codes class="bip:industries:1.0">
  <code code="I13000">
    <editdetail attribution="Reuters BIP Coding Group" action="confirmed" date="1997-03-28"/>
  </code>
  <code code="I22100">
    <editdetail attribution="Reuters BIP Coding Group" action="confirmed" date="1997-03-28"/>
  </code>
  <code code="I81502">
    <editdetail attribution="Reuters BIP Coding Group" action="confirmed" date="1997-03-28"/>
  </code>
  <code code="I8150203">
    <editdetail attribution="Reuters BIP Coding Group" action="confirmed" date="1997-03-28"/>
  </code>
</codes>
<codes class="bip:topics:1.0">
  <code code="C24">
    <editdetail attribution="Reuters BIP Coding Group" action="confirmed" date="1997-03-28"/>
  </code>
  <code code="CCAT">
    <editdetail attribution="Reuters BIP Coding Group" action="confirmed" date="1997-03-28"/>
  </code>
</codes>
<dc element="dc.date.created" value="1997-03-28"/>
<dc element="dc.publisher" value="Reuters Holdings Plc"/>
<dc element="dc.date.published" value="1997-03-28"/>
<dc element="dc.source" value="Reuters"/>
<dc element="dc.creator.location" value="MAPUTO"/>
<dc element="dc.creator.location.country.name" value="MOZAMBIQUE"/>
<dc element="dc.source" value="Reuters"/>
</metadata>
</newsitem>
