<?xml version="1.0" encoding="iso-8859-1" ?>
<newsitem itemid="474128" id="root" date="1997-03-28" xml:lang="en">
<title>ALBANIA: Berisha meets European experts as U.N. mulls force.</title>
<headline>Berisha meets European experts as U.N. mulls force.</headline>
<byline>Alister Doyle</byline>
<dateline>TIRANA 1997-03-28</dateline>
<text>
<p>Albanian President Sali Berisha met European relief experts on Friday and the government hoped separately for a quick U.N. decision to approve a multinational force to guard aid supplies after a slide towards chaos.</p>
<p>Berisha met a delegation headed by senior Dutch diplomat Jan de Marchant et d'Ansembourg for talks in central Tirana on the crisis in the former communist state tormented by gangsterism and insurrection.</p>
<p>United Nations Security Council members met informally late on Thursday night in New York to consider an Italian request to send a force to help protect humanitarian aid shipments to Europe's poorest country.</p>
<p>But, while most delegations were in favour of endorsing a force in principle, they hesitated on giving quick approval without details of its mandate, its duration and who would pay, several council members said.</p>
<p>Greece, France, Spain, Portugal, Austria, Turkey and Romania have expressed willingness to take part. Italy has estimated that about 2,500 personnel would be deployed initially, with another 2,500 in reserve.</p>
<p>Meanwhile, Albanian police were investigating the killings of 18 people in a shootout in central Albania on Thursday night, the worst bloodletting in two months of crisis, an interior ministry source said.</p>
<p>He said that a pile of 17 corpses were discovered in Levan, apparently a group of gunmen killed by local residents to avenge the shooting of a local leader. He said that 14 of the dead had been identified as coming from the southern towns of Vlore, Fier, Tepelene and Memaliaj.</p>
<p>Much of southern Albania is ruled by rebels or armed gangs who blame right-wing Berisha for the collapse of popular savings schemes in recent months in which thousands of people lost everything.</p>
<p>The killings added to a death toll of already well over 100 people. Most military depots have been looted and prisoners released. Most foreign nationals were evacuated this month.</p>
<p>The Organisation for Security and Cooperation in Europe (OSCE) on Thursday asked the U.N. to consider endorsing a force comprising volunteer nations.</p>
<p>Diplomats said that passing the issue to the United Nations might delay approval for any force and that the move reflected unease at the OSCE, especially by Russia, about endorsing use of armed missions to a member state.</p>
<p>Albanian officials have repeatedly urged the quickest possible action by foreign nations to agree to a force to help protect ports.</p>
<p>D'Ansembourg has said any force could range up to about 3,000 personnel -- police, gendarmes or military police.</p>
<p>He said he was &quot;was especially going to discuss the election issue with Mr Berisha&quot;. Berisha signed a pact with a new unity government on March 9 calling for elections by June.</p>
<p>D'Ansembourg said Justice Minister Spartak Ngjela had suggested a slight delay, telling him that &quot;June might be too early while August would be too late.&quot;</p>
<p>Also on Friday, the International Committee of the Red Cross was renewing efforts to transport aid overland into southern Albania in a test of perilous roads held by bandits.</p>
<p>Two Red Cross vehicles returned into Greece after waiting in vain for several hours at a southern border post on Thursday for word from relief workers that it was safe to cross.</p>
<p>&quot;They were due to leave early this morning for another try. The problems they had at the border yesterday have been cleared up,&quot; Red Cross spokeswoman Amanda Williamson said.</p>
<p>In a sign of the weak grip of the central authorities, the self-styled &quot;salvation committee&quot; in the southern town of Vlore was planning to hold talks on the crisis on Friday with political groups, diplomats and representatives of international groups based in Albania.</p>
<p>A bank in Vlore was burnt down on Thursday night by robbers who broke into the main safe. After leaving they set fire to the building, where smaller safes were broken into a day earlier.</p>
</text>
<copyright>(c) Reuters Limited 1997</copyright>
<metadata>
<codes class="bip:countries:1.0">
  <code code="ALB">
    <editdetail attribution="Reuters BIP Coding Group" action="confirmed" date="1997-03-28"/>
  </code>
  <code code="UN">
    <editdetail attribution="Reuters BIP Coding Group" action="confirmed" date="1997-03-28"/>
  </code>
</codes>
<codes class="bip:topics:1.0">
  <code code="GCAT">
    <editdetail attribution="Reuters BIP Coding Group" action="confirmed" date="1997-03-28"/>
  </code>
  <code code="GDIP">
    <editdetail attribution="Reuters BIP Coding Group" action="confirmed" date="1997-03-28"/>
  </code>
</codes>
<dc element="dc.date.created" value="1997-03-28"/>
<dc element="dc.publisher" value="Reuters Holdings Plc"/>
<dc element="dc.date.published" value="1997-03-28"/>
<dc element="dc.source" value="Reuters"/>
<dc element="dc.creator.location" value="TIRANA"/>
<dc element="dc.creator.location.country.name" value="ALBANIA"/>
<dc element="dc.source" value="Reuters"/>
</metadata>
</newsitem>
