<?xml version="1.0" encoding="iso-8859-1" ?>
<newsitem itemid="474120" id="root" date="1997-03-28" xml:lang="en">
<title>KENYA: Bandits said to kill 80 people in northern Kenya.</title>
<headline>Bandits said to kill 80 people in northern Kenya.</headline>
<dateline>NAIROBI 1997-03-28</dateline>
<text>
<p>Bandits from Ethiopia killed 26 people in northern Kenya on Thursday, taking the toll from fighting since Sunday to 80 dead, the Daily Nation newspaper said on Friday.</p>
<p>A police spokesman gave no death toll from clashes between security forces and raiders since Sunday but said 12 policemen and four police reservists went missing in a shootout with the bandits.</p>
<p>The independent Daily Nation said up to 200 raiders from Ethiopia killed 36 people last Sunday in an attack on a camp on the border with Ethiopia and stole cattle, goats and sheep.</p>
<p>Reinforcements were sent to Marsabit district and fighting began on Tuesday when the army spotted the raiders fleeing with livestock. The Nation said bandits ambushed a group of police and troops.</p>
<p>Cattle raids by rival tribesmen armed with automatic rifles and other modern weapons are fairly common in arid northern Kenya, which borders on Ethiopia, Somalia, Sudan and Uganda.</p>
</text>
<copyright>(c) Reuters Limited 1997</copyright>
<metadata>
<codes class="bip:countries:1.0">
  <code code="ETHPA">
    <editdetail attribution="Reuters BIP Coding Group" action="confirmed" date="1997-03-28"/>
  </code>
  <code code="KENYA">
    <editdetail attribution="Reuters BIP Coding Group" action="confirmed" date="1997-03-28"/>
  </code>
</codes>
<codes class="bip:topics:1.0">
  <code code="GCAT">
    <editdetail attribution="Reuters BIP Coding Group" action="confirmed" date="1997-03-28"/>
  </code>
  <code code="GVIO">
    <editdetail attribution="Reuters BIP Coding Group" action="confirmed" date="1997-03-28"/>
  </code>
</codes>
<dc element="dc.date.created" value="1997-03-28"/>
<dc element="dc.publisher" value="Reuters Holdings Plc"/>
<dc element="dc.date.published" value="1997-03-28"/>
<dc element="dc.source" value="Reuters"/>
<dc element="dc.creator.location" value="NAIROBI"/>
<dc element="dc.creator.location.country.name" value="KENYA"/>
<dc element="dc.source" value="Reuters"/>
</metadata>
</newsitem>
