<?xml version="1.0" encoding="iso-8859-1" ?>
<newsitem itemid="474153" id="root" date="1997-03-28" xml:lang="en">
<title>CZECH REPUBLIC: Czech BICS100 bond index falls 0.031pts to 102.647.</title>
<headline>Czech BICS100 bond index falls 0.031pts to 102.647.</headline>
<dateline>PRAGUE 1997-03-28</dateline>
<text>
<p>The BICS 100 index measuring the Czech Republic's most liquid bonds fell 0.031 points in Friday's trading to 102.647 points, bank Ceska Sporitelna said.</p>
<p>It said the duration of the index portfolio shortened by 0.003 points to 2.800 years.</p>
<p>The BICSG 100 index, which Ceska Sporitelna calculates using only government bonds, rose 0.011 points to 99.563, the bank said, and the duration of the index portfolio shortened by 0.003 points to 2.411 years.</p>
<p>It said the yield index YBICS 1000 rose 2.635 points to 1,055.650.</p>
<p>-- Prague Newsroom, 420-2-2423-0003</p>
</text>
<copyright>(c) Reuters Limited 1997</copyright>
<metadata>
<codes class="bip:countries:1.0">
  <code code="CZREP">
    <editdetail attribution="Reuters BIP Coding Group" action="confirmed" date="1997-03-28"/>
  </code>
</codes>
<codes class="bip:topics:1.0">
  <code code="M12">
    <editdetail attribution="Reuters BIP Coding Group" action="confirmed" date="1997-03-28"/>
  </code>
  <code code="MCAT">
    <editdetail attribution="Reuters BIP Coding Group" action="confirmed" date="1997-03-28"/>
  </code>
</codes>
<dc element="dc.date.created" value="1997-03-28"/>
<dc element="dc.publisher" value="Reuters Holdings Plc"/>
<dc element="dc.date.published" value="1997-03-28"/>
<dc element="dc.source" value="Reuters"/>
<dc element="dc.creator.location" value="PRAGUE"/>
<dc element="dc.creator.location.country.name" value="CZECH REPUBLIC"/>
<dc element="dc.source" value="Reuters"/>
</metadata>
</newsitem>
