<?xml version="1.0" encoding="iso-8859-1" ?>
<newsitem itemid="474136" id="root" date="1997-03-28" xml:lang="en">
<title>RUSSIA: Belarus leaders blasts West, wants Moscow ties.</title>
<headline>Belarus leaders blasts West, wants Moscow ties.</headline>
<byline>Anatoly Verbin</byline>
<dateline>MOSCOW 1997-03-28</dateline>
<text>
<p>Belarussian President Alexander Lukashenko, preparing to take a further step in integration with Russia next week, on Friday fiercely defended his decision to expel a U.S. diplomat and his crackdown on the opposition.</p>
<p>Lukashenko, speaking at a news conference, accused the West of waging a slander campaign and of financing the opposition in order to disrupt his drive for union with Russia.</p>
<p>&quot;We are facing a propaganda aggression against Belarus and big money is being spent on it. Its aim is to prevent a next step in the Russian-Belarussian integration,&quot; he said after a summit of the Commonwealth of Independent States in Moscow.</p>
<p>&quot;In those conditions the Belarussian state takes measures to protect the people against foreign interference.&quot;</p>
<p>Likashenko did not name any country involved in the campaign against his rule.</p>
<p>But he defended the decision to expel Serzh Alexandrov, the first secretary at the U.S. embassy in Minsk, who was briefly detained at a rally against the hardline Lukashenko on Sunday.</p>
<p>Minsk accused him of &quot;provocative&quot; actions at the protest, but Washington said Alexandrov was carrying out his normal diplomatic duties by observing a political demonstration.</p>
<p>&quot;Those were forced measures which every state which respects itself has to take,&quot; Lukashenko said winning applause from many top Belarussian officials who were at the news conference.</p>
<p>Washington retaliated by declaring as persona non grata the first secretary and consul of Belarus in the United States, Vladimir Gramyka, and giving  him 24 hours to leave.</p>
<p>U.S. ambassador Kenneth Yalovitz was also recalled for consultations to Washington this week after Alexandrov's arrest.</p>
<p>The United States has told the new Belarussian ambassador not to come to Washington for some time.</p>
<p>Lukashenko said he was not perturbed by Washington's decision to cut $40 million in aid to Belarus over its human rights record.</p>
<p>&quot;I am not going to make any concessions,&quot; he said. &quot;My friendship with the Russians is not for sale&quot;.</p>
<p>Lukashenko, 42, popular with most Belarussians but hated by the small but vociferous liberal and nationalist opposition, was elected in 1994 on a campaign of closer ties with Moscow and promises to uproot corruption.</p>
<p>He had since clamped down on the opposition and used a landslide victory in a referendum last November to rewrite the constitution. The new basic law gave him sweeping powers and extended his term in office.</p>
<p>Lukashenko is pressing ahead with a closer union with Russia while accusing most of the Russian media of presenting a biased picture of events in Belarus. On Thursday Minsk ordered a reporter for the NTV commercial television network to leave the former Soviet republic in the next four days.</p>
<p>Kremlin insiders say Lukashenko's firm drive for integration poses a serious problem for Russian President Boris Yeltsin.</p>
<p>On the one hand, Lukashenko's increasingly authoritarian rule and lack of market reforms make such a union a liability.</p>
<p>But on the other, economic interests of many Russian enterprises in the Belarussian market as well as Minsk's strong opposition to NATO's plans to expand eastwards make such a union potentially profitable for Russia.</p>
<p>Yeltsin and Lukashenko signed a deal on a loose commonwealth on April 2, 1996. They are due to meet in Moscow on the anniversary of the deal to sign more integration accords.</p>
<p>Lukashenko said they would set up a union of equal states rather than a unitary state.</p>
<p>He gave few details of the deals due to be signed, but said their goal was to &quot;bring the relations between the two states to a new level and make the integration irreversible&quot;</p>
</text>
<copyright>(c) Reuters Limited 1997</copyright>
<metadata>
<codes class="bip:countries:1.0">
  <code code="BYELRS">
    <editdetail attribution="Reuters BIP Coding Group" action="confirmed" date="1997-03-28"/>
  </code>
  <code code="RUSS">
    <editdetail attribution="Reuters BIP Coding Group" action="confirmed" date="1997-03-28"/>
  </code>
  <code code="USA">
    <editdetail attribution="Reuters BIP Coding Group" action="confirmed" date="1997-03-28"/>
  </code>
</codes>
<codes class="bip:topics:1.0">
  <code code="GCAT">
    <editdetail attribution="Reuters BIP Coding Group" action="confirmed" date="1997-03-28"/>
  </code>
  <code code="GDIP">
    <editdetail attribution="Reuters BIP Coding Group" action="confirmed" date="1997-03-28"/>
  </code>
</codes>
<dc element="dc.date.created" value="1997-03-28"/>
<dc element="dc.publisher" value="Reuters Holdings Plc"/>
<dc element="dc.date.published" value="1997-03-28"/>
<dc element="dc.source" value="Reuters"/>
<dc element="dc.creator.location" value="MOSCOW"/>
<dc element="dc.creator.location.country.name" value="RUSSIA"/>
<dc element="dc.source" value="Reuters"/>
</metadata>
</newsitem>
