<?xml version="1.0" encoding="iso-8859-1" ?>
<newsitem itemid="474157" id="root" date="1997-03-28" xml:lang="en">
<title>BULGARIA: Bulgaria police crack down on luxury car theft.</title>
<headline>Bulgaria police crack down on luxury car theft.</headline>
<byline>Liliana Semerdjieva</byline>
<dateline>SOFIA 1997-03-28</dateline>
<text>
<p>Bulgarian police have taken thousands of luxury new cars for checks in a crackdown on the organised trade in stolen vehicles, Interior Minister Bogomil Bonev said on Friday.</p>
<p>Bonev told reporters that in Sofia alone police assigned to &quot;Operation Mosquito&quot; had escorted 600 Mercedes, 3,000 Audis, more than 1,000 BMWs and numerous luxury four-wheel-drive vehicles to a barracks on the outskirts of Sofia for checks to be carried out.</p>
<p>&quot;We are checking the cars and we work together with the tax services so that the finance minister is very grateful to me,&quot; Bonev told reporters after meeting police chiefs.</p>
<p>The Interior Ministry began its operation on Thursday, seizing luxury cars to check whether they were legally owned and their customs duties and taxes paid.</p>
<p>Car-owners must also prove they have bought their vehicles from a legitimate source and account for the money used to pay for them.</p>
<p>Some owners described how they had been beaten by riot police with black hoods over their faces.</p>
<p>Bonev said allegations of police violence were being investigated but no one had yet lodged a complaint with the Interior Ministry. One witness who described the scene to Reuters on Thursday said he was afraid to give his name.</p>
<p>Bulgarians typically drive Russian Ladas and the crackdown on ill-gotten wealth has been welcomed by the public, although Douma, the daily of the former ruling Socialist Party, dismissed it as a publicity stunt.</p>
<p>&quot;I hope that this will not be only a single raid but a constant policy of the ministry,&quot; Georgi Nedev, 23, told Reuters. &quot;Young people do not want to live in a mafia state.&quot;</p>
<p>Police say the traffic of stolen cars through Bulgaria is huge. Groups working with gangs in Western Europe alter the appearance of vehicles and forge their documents, ready for local sale or re-export to neighbouring Balkan countries and ex-Soviet republics.</p>
<p>&quot;The criminal world has built up a lot of strength and has tentacles everywhere,&quot; Bonev said. &quot;If we give in to organised crime now, there is a danger of becoming a mafia state.&quot;</p>
<p>Crime has flourished in the seven years since the collapse of communist rule and poorly paid policemen have been easily corrupted.</p>
<p>&quot;I am not happy with the state of the ministry, and one of our management priorities is to shake police chiefs in municipalities out of their lethargy,&quot; Bonev said. &quot;They still live as if they are (communist) militia, not police.&quot;</p>
</text>
<copyright>(c) Reuters Limited 1997</copyright>
<metadata>
<codes class="bip:countries:1.0">
  <code code="BUL">
    <editdetail attribution="Reuters BIP Coding Group" action="confirmed" date="1997-03-28"/>
  </code>
</codes>
<codes class="bip:topics:1.0">
  <code code="GCAT">
    <editdetail attribution="Reuters BIP Coding Group" action="confirmed" date="1997-03-28"/>
  </code>
  <code code="GCRIM">
    <editdetail attribution="Reuters BIP Coding Group" action="confirmed" date="1997-03-28"/>
  </code>
</codes>
<dc element="dc.date.created" value="1997-03-28"/>
<dc element="dc.publisher" value="Reuters Holdings Plc"/>
<dc element="dc.date.published" value="1997-03-28"/>
<dc element="dc.source" value="Reuters"/>
<dc element="dc.creator.location" value="SOFIA"/>
<dc element="dc.creator.location.country.name" value="BULGARIA"/>
<dc element="dc.source" value="Reuters"/>
</metadata>
</newsitem>
