<?xml version="1.0" encoding="iso-8859-1" ?>
<newsitem itemid="474100" id="root" date="1997-03-28" xml:lang="en">
<title>LIBERIA: Liberia parties pick presidential candidate.</title>
<headline>Liberia parties pick presidential candidate.</headline>
<dateline>MONROVIA 1997-03-28</dateline>
<text>
<p>An alliance of seven political parties in Liberia has chosen former minister Cletus Wotorson as its presidential candidate in elections due on May 30.</p>
<p>Wotorson of the Liberia Action Party was selected late on Thursday after a three-day convention, defeating better-known candidates.</p>
<p>He has the daunting challenge of taking on two of Liberia's former warlords, Charles Taylor and Alhaji Kromah, in the polls.</p>
<p>Asked what made him a better choice than Taylor, the frontrunner, Wotorson told the British Broadcasting Corporation:</p>
<p>&quot;First of all, I've never carried a gun. I don't belong to any faction and I have a track record of 35 years of public and private service.&quot;</p>
<p>The elections are the highlight of a peace accord signed in Nigeria last August, ending a civil war that erupted in December 1989 and killed more than 150,000 people.</p>
</text>
<copyright>(c) Reuters Limited 1997</copyright>
<metadata>
<codes class="bip:countries:1.0">
  <code code="LIBER">
    <editdetail attribution="Reuters BIP Coding Group" action="confirmed" date="1997-03-28"/>
  </code>
</codes>
<codes class="bip:topics:1.0">
  <code code="GCAT">
    <editdetail attribution="Reuters BIP Coding Group" action="confirmed" date="1997-03-28"/>
  </code>
  <code code="GPOL">
    <editdetail attribution="Reuters BIP Coding Group" action="confirmed" date="1997-03-28"/>
  </code>
  <code code="GVOTE">
    <editdetail attribution="Reuters BIP Coding Group" action="confirmed" date="1997-03-28"/>
  </code>
</codes>
<dc element="dc.date.created" value="1997-03-28"/>
<dc element="dc.publisher" value="Reuters Holdings Plc"/>
<dc element="dc.date.published" value="1997-03-28"/>
<dc element="dc.source" value="Reuters"/>
<dc element="dc.creator.location" value="MONROVIA"/>
<dc element="dc.creator.location.country.name" value="LIBERIA"/>
<dc element="dc.source" value="Reuters"/>
</metadata>
</newsitem>
