<?xml version="1.0" encoding="iso-8859-1" ?>
<newsitem itemid="474164" id="root" date="1997-03-28" xml:lang="en">
<title>HUNGARY: Dlr drops, Sfr up in tiny Hungary FX futures trade.</title>
<headline>Dlr drops, Sfr up in tiny Hungary FX futures trade.</headline>
<dateline>BUDAPEST 1997-03-28</dateline>
<text>
<p>Firming Swiss franc and easing dollar were in focus on Hungary's forex futures market on Friday, where few deals were struck on the last day before the Easter holidays.</p>
<p>&quot;Turnover was very low, with foreign bourses closed,&quot; said Istvan Koszo, an official of the BUdapest Commodity Exchange (BCE).</p>
<p>The BCE's turnover was a tiny 366 million forint on Friday, down from 3.93 billion forint on Thursday, when trading activity was already low.</p>
<p>The Budapest Stock Exchange (BSE) was tradeless.</p>
<p>On the BCE, the Swiss franc stole show with turnover of 1,000 contracts.</p>
<p>Traders in Swiss franc concentrated on the March maturity, which closed steady at 141.00 forints, while September and December firmed marginally, with both maturities untraded.</p>
<p>September dollar firmed 60 fillers to 188.00 forints in 825 contracts, which accounted for all dollar trading.</p>
<p>June dollar rose one forint on an offer, to finish at 182.00 forints, untraded.</p>
<p>The yen (100 units) gained forty fillers for September and December, to close at 155.80 and 162.49 forints respectively, while the March 1998 maturity ended at 168.05 forints, up by 35 pips.</p>
<p>-- Sandor Peto, Budapest newsroom +36 1 327 4040</p>
</text>
<copyright>(c) Reuters Limited 1997</copyright>
<metadata>
<codes class="bip:countries:1.0">
  <code code="HUNG">
    <editdetail attribution="Reuters BIP Coding Group" action="confirmed" date="1997-03-28"/>
  </code>
</codes>
<codes class="bip:topics:1.0">
  <code code="M13">
    <editdetail attribution="Reuters BIP Coding Group" action="confirmed" date="1997-03-28"/>
  </code>
  <code code="M132">
    <editdetail attribution="Reuters BIP Coding Group" action="confirmed" date="1997-03-28"/>
  </code>
  <code code="MCAT">
    <editdetail attribution="Reuters BIP Coding Group" action="confirmed" date="1997-03-28"/>
  </code>
</codes>
<dc element="dc.date.created" value="1997-03-28"/>
<dc element="dc.publisher" value="Reuters Holdings Plc"/>
<dc element="dc.date.published" value="1997-03-28"/>
<dc element="dc.source" value="Reuters"/>
<dc element="dc.creator.location" value="BUDAPEST"/>
<dc element="dc.creator.location.country.name" value="HUNGARY"/>
<dc element="dc.source" value="Reuters"/>
</metadata>
</newsitem>
