<?xml version="1.0" encoding="iso-8859-1" ?>
<newsitem itemid="474142" id="root" date="1997-03-28" xml:lang="en">
<title>CZECH REPUBLIC: Czech IPB buys Stratton TV Prima stake-CTK.</title>
<headline>Czech IPB buys Stratton TV Prima stake-CTK.</headline>
<dateline>PRAGUE 1997-03-28</dateline>
<text>
<p>Prague-based Investicni a Postovni Banka a.s. (IPB) has bought back a 15 percent stake in the Czech television station TV Prima from Bahamas-based Stratton Investments, the CTK news agency said Friday.</p>
<p>It quoted an IPB spokesman as saying the purchase of the stake, which IPB sold to Stratton last year, was executed for an undisclosed third party. IPB officials were not available for further comment.</p>
<p>IPB owns a majority interest in the Czech company Premiera FTV, which holds a controlling stake in the station, which changed its name from Premiera TV earlier this year.</p>
<p>Poor ratings at Premiera, the second-place nationwide commerical station, put it well behind TV Nova, which claims a nearly 70 percent market share.</p>
<p>Stratton, created by Czech expatriate Viktor Kozeny and American expatriate Michael Dingman, bought its stake in the station after regulators said IPB was directed to divest some of its holdings in the station to conform with Czech law.</p>
<p>((--Prague Newsroom 420-2-2423-0003))</p>
</text>
<copyright>(c) Reuters Limited 1997</copyright>
<metadata>
<codes class="bip:countries:1.0">
  <code code="BAH">
    <editdetail attribution="Reuters BIP Coding Group" action="confirmed" date="1997-03-28"/>
  </code>
  <code code="CZREP">
    <editdetail attribution="Reuters BIP Coding Group" action="confirmed" date="1997-03-28"/>
  </code>
</codes>
<codes class="bip:industries:1.0">
  <code code="I81402">
    <editdetail attribution="Reuters BIP Coding Group" action="confirmed" date="1997-03-28"/>
  </code>
  <code code="I81502">
    <editdetail attribution="Reuters BIP Coding Group" action="confirmed" date="1997-03-28"/>
  </code>
  <code code="I8150203">
    <editdetail attribution="Reuters BIP Coding Group" action="confirmed" date="1997-03-28"/>
  </code>
  <code code="I9741102">
    <editdetail attribution="Reuters BIP Coding Group" action="confirmed" date="1997-03-28"/>
  </code>
</codes>
<codes class="bip:topics:1.0">
  <code code="C18">
    <editdetail attribution="Reuters BIP Coding Group" action="confirmed" date="1997-03-28"/>
  </code>
  <code code="C181">
    <editdetail attribution="Reuters BIP Coding Group" action="confirmed" date="1997-03-28"/>
  </code>
  <code code="CCAT">
    <editdetail attribution="Reuters BIP Coding Group" action="confirmed" date="1997-03-28"/>
  </code>
</codes>
<dc element="dc.date.created" value="1997-03-28"/>
<dc element="dc.publisher" value="Reuters Holdings Plc"/>
<dc element="dc.date.published" value="1997-03-28"/>
<dc element="dc.source" value="Reuters"/>
<dc element="dc.creator.location" value="PRAGUE"/>
<dc element="dc.creator.location.country.name" value="CZECH REPUBLIC"/>
<dc element="dc.source" value="Reuters"/>
</metadata>
</newsitem>
