<?xml version="1.0" encoding="iso-8859-1" ?>
<newsitem itemid="474185" id="root" date="1997-03-28" xml:lang="en">
<title>POLAND: Mostostal-Z revises up 1996 net sales.</title>
<headline>Mostostal-Z revises up 1996 net sales.</headline>
<dateline>WARSAW 1997-03-28</dateline>
<text>
<p>Mostostal Zabrze results for the financial year ending December 31, 1996.</p>
<p>(Figures in millions of zlotys unless stated)</p>
<p>    JANUARY-DECEMBER			 1996	 1995</p>
<p>    Operating profit			12.82 vs    5.67</p>
<p>    Pre-tax profit			  12.82 vs    8.01</p>
<p>    Net profit				 9.04 vs    6.85</p>
<p>NOTE - Full company name is Mostostal Zabrze SA. Earlier company said the net sales was at 206.84 million zlotys.</p>
<p>    Net sales				209.87 vs   142.93</p>
<p>    Costs of sales			 182.89 vs   124.53</p>
<p>    Extraordinary			    0.01 vs     0.23 loss</p>
<p>    Income tax				 3.78 vs    1.16</p>
<p>    Other taxes				 na  vs     na</p>
<p>    Financial revenues		    70.97 vs   27.09</p>
<p>    Financial costs			 71.31 vs   25.11</p>
<p>    Investment				 0.73 vs    1.05</p>
<p>-- Warsaw Newsroom +48 22 653 9700</p>
</text>
<copyright>(c) Reuters Limited 1997</copyright>
<metadata>
<codes class="bip:countries:1.0">
  <code code="POL">
    <editdetail attribution="Reuters BIP Coding Group" action="confirmed" date="1997-03-28"/>
  </code>
</codes>
<codes class="bip:industries:1.0">
  <code code="I50200">
    <editdetail attribution="Reuters BIP Coding Group" action="confirmed" date="1997-03-28"/>
  </code>
</codes>
<codes class="bip:topics:1.0">
  <code code="C15">
    <editdetail attribution="Reuters BIP Coding Group" action="confirmed" date="1997-03-28"/>
  </code>
  <code code="C151">
    <editdetail attribution="Reuters BIP Coding Group" action="confirmed" date="1997-03-28"/>
  </code>
  <code code="C1511">
    <editdetail attribution="Reuters BIP Coding Group" action="confirmed" date="1997-03-28"/>
  </code>
  <code code="C31">
    <editdetail attribution="Reuters BIP Coding Group" action="confirmed" date="1997-03-28"/>
  </code>
  <code code="CCAT">
    <editdetail attribution="Reuters BIP Coding Group" action="confirmed" date="1997-03-28"/>
  </code>
</codes>
<dc element="dc.date.created" value="1997-03-28"/>
<dc element="dc.publisher" value="Reuters Holdings Plc"/>
<dc element="dc.date.published" value="1997-03-28"/>
<dc element="dc.source" value="Reuters"/>
<dc element="dc.creator.location" value="WARSAW"/>
<dc element="dc.creator.location.country.name" value="POLAND"/>
<dc element="dc.source" value="Reuters"/>
</metadata>
</newsitem>
