<?xml version="1.0" encoding="iso-8859-1" ?>
<newsitem itemid="474117" id="root" date="1997-03-28" xml:lang="en">
<title>KENYA: Aid workers find refugees too weak to walk in Zaire.</title>
<headline>Aid workers find refugees too weak to walk in Zaire.</headline>
<byline>Peter Smerdon</byline>
<dateline>NAIROBI 1997-03-28</dateline>
<text>
<p>Aid workers said on Friday more than 75,000 exhausted, hungry and sick refugees were scattered on a 82-km (50-mile) stretch in northeastern Zaire with many too weak to walk.</p>
<p>Paul Stromberg, spokesman for the U.N. refugee agency in the rebel-held northeast capital of Kisangani, said the refugees were found on Thursday by aid workers on a train heading south of the city.</p>
<p>&quot;There are perhaps 25,000 at Lula, seven km (four miles) south, and 25,000 at Kasea at kilometre 25 (mile 15) and another 25,000 at Biaro at kilometre 40 (mile 25) with groups in between,&quot; he said.</p>
<p>&quot;They are in progressively worse condition the farther you go from Kisangani. Besides those with malnutrition and exhaustion there are some wounded at kilometre 40,&quot; he added.</p>
<p>The tens of thousands of Rwandan and Burundian Hutu refugees on the railway route south of Kisangani are the remnants of 170,000 who fled Tingi Tingi and Amisi this month and have been trekking ever deeper into eastern Zaire for up to five months.</p>
<p>&quot;(At Kasea) I saw the most emaciated people I've ever seen in my life,&quot; said a representative of Refugees International on the train. &quot;Many of these people won't last another day without urgent medical attention.&quot;</p>
<p>The aid worker said the refugees at Biaro were in even worse condition and one child had died shortly after a medical worker arrived. Another child, shot in the face, lay untreated nearby.</p>
<p>He said on the side of a road refugee children were retching uncontrollably, too weak to lift their heads from the ground.</p>
<p>&quot;Obviously many of these people cannot go any further towards Kisangani to seek food. It is absolutely imperative that we are able to help these people on the spot,&quot; Stromberg said.</p>
<p>Aid workers said the refugees were progressively in worse shape at each stop further from Kisangani because the weakest, mostly women and children, were lagging behind the stronger.</p>
<p>Stromberg said the train, which took more than nine hours to reach the last group of refugees at kilometre 82 (mile 50), was unloading its 120 tonnes of food aid on Friday before returning to Kisangani.</p>
<p>&quot;We hope to stabilise them where they are and prevail on the (rebel) alliance to airlift a number out,&quot; said Stromberg, adding a second train was due to leave on Saturday with more aid workers, food, milk, biscuits, water and sanitation equipment.</p>
<p>&quot;Now that we have made contact with these groups we have to maintain access or they will be snatched away from us either because they will die or because they will flee,&quot; he said.</p>
<p>He said he had reports of some armed men, apparently Hutu former Rwandan troops and militiamen who had been with the refugees fleeing advancing rebel forces, heading westwards.</p>
<p>The Hutu former Rwandan soldiers and militiamen had a major role in the genocide of some 800,000 Tutsis and Hutu moderates in Rwanda in 1994 and have fought alongside Zairean troops.</p>
<p>Rebels who seized Kisangani on March 15 demand refugees walk back to Ubundu, 100 km (60 miles) south of Kisangani, before being repatriated. They also oppose any moves to set up refugee camps.</p>
<p>&quot;The refugees are at the end of their strength. Refugees International urgently recommends that the AFDL (rebel) leadership immediately drop its demand that these refugees return to Ubundu,&quot; the U.S-based agency said in a statement.</p>
<p>It also urged the rebels to permit air evacuation of the most vulnerable and aid agencies to provide food and water.</p>
<p>Another 200,000 refugees are unaccounted for in the jungle of east Zaire since they fled their camps near the border with Rwanda to escape Tutsi-dominated rebels advancing since last November.</p>
</text>
<copyright>(c) Reuters Limited 1997</copyright>
<metadata>
<codes class="bip:countries:1.0">
  <code code="KENYA">
    <editdetail attribution="Reuters BIP Coding Group" action="confirmed" date="1997-03-28"/>
  </code>
  <code code="UN">
    <editdetail attribution="Reuters BIP Coding Group" action="confirmed" date="1997-03-28"/>
  </code>
  <code code="ZAIRE">
    <editdetail attribution="Reuters BIP Coding Group" action="confirmed" date="1997-03-28"/>
  </code>
</codes>
<codes class="bip:topics:1.0">
  <code code="E51">
    <editdetail attribution="Reuters BIP Coding Group" action="confirmed" date="1997-03-28"/>
  </code>
  <code code="ECAT">
    <editdetail attribution="Reuters BIP Coding Group" action="confirmed" date="1997-03-28"/>
  </code>
  <code code="GCAT">
    <editdetail attribution="Reuters BIP Coding Group" action="confirmed" date="1997-03-28"/>
  </code>
  <code code="GDIS">
    <editdetail attribution="Reuters BIP Coding Group" action="confirmed" date="1997-03-28"/>
  </code>
  <code code="GVIO">
    <editdetail attribution="Reuters BIP Coding Group" action="confirmed" date="1997-03-28"/>
  </code>
</codes>
<dc element="dc.date.created" value="1997-03-28"/>
<dc element="dc.publisher" value="Reuters Holdings Plc"/>
<dc element="dc.date.published" value="1997-03-28"/>
<dc element="dc.source" value="Reuters"/>
<dc element="dc.creator.location" value="NAIROBI"/>
<dc element="dc.creator.location.country.name" value="KENYA"/>
<dc element="dc.source" value="Reuters"/>
</metadata>
</newsitem>
