<?xml version="1.0" encoding="iso-8859-1" ?>
<newsitem itemid="474156" id="root" date="1997-03-28" xml:lang="en">
<title>BOSNIA: Russia to ease gas restrictions on Bosnia.</title>
<headline>Russia to ease gas restrictions on Bosnia.</headline>
<dateline>SARAJEVO 1997-03-28</dateline>
<text>
<p>A Russian gas company will ease restrictions on supplies to Bosnia after reaching an agreement with Bosnian Serbs on debt repayments, an international spokesman told a news conference on Friday.</p>
<p>Bosnian Serbs promised to pay monthly in future for supplies from Gasexport monthly and to pay off debts for past supplies.</p>
<p>Gasexport reduced its gas deliveries to Bosnia in February when the country's debt reached $12.4 million, forcing the authorities to introduce rationing.</p>
<p>Colum Murphy, a spokesman for the international High Representative in Sarajevo said Gasexport was being urged to fully restore supplies to their previous level.</p>
<p>&quot;If this is achieved we would return to gas supply on a 24- hour basis,&quot; Murphy said.</p>
</text>
<copyright>(c) Reuters Limited 1997</copyright>
<metadata>
<codes class="bip:countries:1.0">
  <code code="BSHZG">
    <editdetail attribution="Reuters BIP Coding Group" action="confirmed" date="1997-03-28"/>
  </code>
  <code code="RUSS">
    <editdetail attribution="Reuters BIP Coding Group" action="confirmed" date="1997-03-28"/>
  </code>
  <code code="YUG">
    <editdetail attribution="Reuters BIP Coding Group" action="confirmed" date="1997-03-28"/>
  </code>
</codes>
<codes class="bip:industries:1.0">
  <code code="I16000">
    <editdetail attribution="Reuters BIP Coding Group" action="confirmed" date="1997-03-28"/>
  </code>
</codes>
<codes class="bip:topics:1.0">
  <code code="C31">
    <editdetail attribution="Reuters BIP Coding Group" action="confirmed" date="1997-03-28"/>
  </code>
  <code code="C311">
    <editdetail attribution="Reuters BIP Coding Group" action="confirmed" date="1997-03-28"/>
  </code>
  <code code="CCAT">
    <editdetail attribution="Reuters BIP Coding Group" action="confirmed" date="1997-03-28"/>
  </code>
</codes>
<dc element="dc.date.created" value="1997-03-28"/>
<dc element="dc.publisher" value="Reuters Holdings Plc"/>
<dc element="dc.date.published" value="1997-03-28"/>
<dc element="dc.source" value="Reuters"/>
<dc element="dc.creator.location" value="SARAJEVO"/>
<dc element="dc.creator.location.country.name" value="BOSNIA"/>
<dc element="dc.source" value="Reuters"/>
</metadata>
</newsitem>
