<?xml version="1.0" encoding="iso-8859-1" ?>
<newsitem itemid="474148" id="root" date="1997-03-28" xml:lang="en">
<title>CZECH REPUBLIC: Czech shares mixed, CEZ off despite positive result.</title>
<headline>Czech shares mixed, CEZ off despite positive result.</headline>
<byline>Alan Crosby</byline>
<dateline>PRAGUE 1997-03-27</dateline>
<text>
<p>Czech shares were mixed on the Prague Stock Exchnage on Friday, with minor losses to several blue chips pulling the PX50 index down 0.1 point to 558.2.</p>
<p>Overall, 186 issues rose on the day, while 197 fell and 157 held steady. Trading was moderate with a total of 687,004 shares changing hands on turnover of 789.7 million crowns.</p>
<p>SPT Telecom was the largest net decliner out of major shares, losing 20 crowns to close at 3,450.</p>
<p>But the market focused its attention mainly on electricity generator CEZ, on Friday, which released stronger than expected 1996 profit figures.</p>
<p>CEZ said its 1996 net profit, calculated according to international accounting standards (IAS), was 9.71 billion crowns, up from a previous 9.31 billion.</p>
<p>However, CEZ's net profit, according to Czech accounting standards, fell to 7.85 billion crowns for 1996 from 8.06 billion.</p>
<p>Analysts said they were pleased by the figures and dividend announcement, though CEZ shares failed to respond to the data, closing down five crowns at 1,055.</p>
<p>&quot;Based on IAS figures, the results were better than I expected...I expected about nine billion crowns so its slightly higher.,&quot; said Miroslav Nosal, an equities analyst at Patria Finance.</p>
<p>&quot;I expect the shares will respond favourably to the results and the fact that CEZ said dividends will be suggested to the shareholders at the AGM,&quot; he added.</p>
<p>CEZ has yet to pay a dividend since it was established in 1992. CEZ officials did not specify what the proposed dividend would be.</p>
<p>On the broader market, petrochemical firms Kaucuk and Chemopetrol both fared well, rising 70 crowns and 40 crowns respectively, after AGMs at both companies approved a merger of non-refining operations into the recently created Unipetrol a.s..</p>
<p>Under terms of the merger, each Kaucuk  share with a nominal value of 1,000 crowns will be swapped for 12 100 crown nominally-valued shares of Unipetrol, while a 1,000 crown Chemopetrol share will be exchanged into 11 shares Unipetrol shares.</p>
<p>Unipetrol shares are still 100 percent held by the Czech government until the merger is complete.</p>
<p>Unipetrol controls fuels distribution company Benzina, as well as the 51 percent of the refining company Ceska Rafinerska, which contains the refining operations of Kaucuk and Chemopetrol.</p>
<p>A consortium of Conoco, Agip SpA, and Royal Dutch/Shell took the remaining 49 percent stake in Rafinerska in 1995.</p>
<p>-- Prague Newsroom, 420-2-2423-0003</p>
</text>
<copyright>(c) Reuters Limited 1997</copyright>
<metadata>
<codes class="bip:countries:1.0">
  <code code="CZREP">
    <editdetail attribution="Reuters BIP Coding Group" action="confirmed" date="1997-03-28"/>
  </code>
</codes>
<codes class="bip:topics:1.0">
  <code code="M11">
    <editdetail attribution="Reuters BIP Coding Group" action="confirmed" date="1997-03-28"/>
  </code>
  <code code="MCAT">
    <editdetail attribution="Reuters BIP Coding Group" action="confirmed" date="1997-03-28"/>
  </code>
</codes>
<dc element="dc.date.created" value="1997-03-27"/>
<dc element="dc.publisher" value="Reuters Holdings Plc"/>
<dc element="dc.date.published" value="1997-03-28"/>
<dc element="dc.source" value="Reuters"/>
<dc element="dc.creator.location" value="PRAGUE"/>
<dc element="dc.creator.location.country.name" value="CZECH REPUBLIC"/>
<dc element="dc.source" value="Reuters"/>
</metadata>
</newsitem>
