<?xml version="1.0" encoding="iso-8859-1" ?>
<newsitem itemid="474151" id="root" date="1997-03-28" xml:lang="en">
<title>POLAND: Kredyt Bank delays new share issue.</title>
<headline>Kredyt Bank delays new share issue.</headline>
<dateline>WARSAW 1997-03-28</dateline>
<text>
<p>Poland's Kredyt Bank SA has delayed by two weeks the subscription period for its 10 million new shares to 21-25 April, the bank said in a statement on Friday.</p>
<p>Kredyt Bank has also put off by one week until May 5-6 the subscription for shares earmarked for the European Bank for Reconstruction and Development (EBRD).</p>
<p>The bank said it was moving the subscriptions until after the release of audited 1996 results.</p>
<p> Tranches		  No Of Shares	   Subscription</p>
<p>			     Offered		  Period</p>
<p> Large-investor	  10,000,000	     April 21-25</p>
<p> Small-investor	   2,000,000	     April 21-25</p>
<p> EBRD tranche		 847,000	     May 5-6</p>
<p> Price(PLN):		    8</p>
<p>-- Warsaw Newsroom +48 22 653 9700</p>
</text>
<copyright>(c) Reuters Limited 1997</copyright>
<metadata>
<codes class="bip:countries:1.0">
  <code code="POL">
    <editdetail attribution="Reuters BIP Coding Group" action="confirmed" date="1997-03-28"/>
  </code>
</codes>
<codes class="bip:industries:1.0">
  <code code="I81402">
    <editdetail attribution="Reuters BIP Coding Group" action="confirmed" date="1997-03-28"/>
  </code>
  <code code="I81501">
    <editdetail attribution="Reuters BIP Coding Group" action="confirmed" date="1997-03-28"/>
  </code>
  <code code="I8150106">
    <editdetail attribution="Reuters BIP Coding Group" action="confirmed" date="1997-03-28"/>
  </code>
</codes>
<codes class="bip:topics:1.0">
  <code code="C17">
    <editdetail attribution="Reuters BIP Coding Group" action="confirmed" date="1997-03-28"/>
  </code>
  <code code="C171">
    <editdetail attribution="Reuters BIP Coding Group" action="confirmed" date="1997-03-28"/>
  </code>
  <code code="CCAT">
    <editdetail attribution="Reuters BIP Coding Group" action="confirmed" date="1997-03-28"/>
  </code>
</codes>
<dc element="dc.date.created" value="1997-03-28"/>
<dc element="dc.publisher" value="Reuters Holdings Plc"/>
<dc element="dc.date.published" value="1997-03-28"/>
<dc element="dc.source" value="Reuters"/>
<dc element="dc.creator.location" value="WARSAW"/>
<dc element="dc.creator.location.country.name" value="POLAND"/>
<dc element="dc.source" value="Reuters"/>
</metadata>
</newsitem>
