<?xml version="1.0" encoding="iso-8859-1" ?>
<newsitem itemid="474194" id="root" date="1997-03-28" xml:lang="en">
<title>SLOVENIA: Slovenian shares slip, seen stronger next week.</title>
<headline>Slovenian shares slip, seen stronger next week.</headline>
<dateline>LJUBLJANA 1997-03-28</dateline>
<text>
<p>Slovenian shares eased 0.27 percent on Friday with participants reluctant to take up fresh positions ahead of a long weekend.</p>
<p>Traders said prices could firm as soon as next week due to lower bank deposit interest rates, which will be reduced by about 1.5 percent from April 1.</p>
<p>&quot;Because of lower deposit interest rates some domestic investors may decide to move money into shares,&quot; said Mateja Gubanec, a trader at bank A banka.</p>
<p>&quot;Although shares will not grow to their February levels, the index could gain another 200 points by the end of the year as the growing trend is expected to be sustained by foreign investors that are expected to resume buying in the next month or two,&quot; an analyst said.</p>
<p>The SBI index fell 3.43 points to 1,274.26.</p>
<p>Food company Kolinska had the highest turnover, down 4.19 percent to 2,010 tolars on volume of 12,123 shares.</p>
<p>Overall eight shares fell, six rose, one was unchanged and 11 were untraded. Turnover firmed to 80.6 million tolars from 50.4 million.</p>
<p>Financial consultancy Primofin was the leading decliner, down 17.48 percent to 12,750 tolars on volume of one share only.</p>
<p>Financial consultancy Finmedia was the leading gainer, closing five percent higher at 12,600 on volume of eight shares.</p>
<p>The Ljubljana Stock Exchange will be closed for Easter on Monday. -- Ljubljana newsroom, 386-61-125-8439</p>
</text>
<copyright>(c) Reuters Limited 1997</copyright>
<metadata>
<codes class="bip:countries:1.0">
  <code code="SLVNIA">
    <editdetail attribution="Reuters BIP Coding Group" action="confirmed" date="1997-03-28"/>
  </code>
</codes>
<codes class="bip:topics:1.0">
  <code code="M11">
    <editdetail attribution="Reuters BIP Coding Group" action="confirmed" date="1997-03-28"/>
  </code>
  <code code="MCAT">
    <editdetail attribution="Reuters BIP Coding Group" action="confirmed" date="1997-03-28"/>
  </code>
</codes>
<dc element="dc.date.created" value="1997-03-28"/>
<dc element="dc.publisher" value="Reuters Holdings Plc"/>
<dc element="dc.date.published" value="1997-03-28"/>
<dc element="dc.source" value="Reuters"/>
<dc element="dc.creator.location" value="LJUBLJANA"/>
<dc element="dc.creator.location.country.name" value="SLOVENIA"/>
<dc element="dc.source" value="Reuters"/>
</metadata>
</newsitem>
