<?xml version="1.0" encoding="iso-8859-1" ?>
<newsitem itemid="474149" id="root" date="1997-03-28" xml:lang="en">
<title>UKRAINE: Ukraine T-bill yields: 3-,6-mo same, 9-,12-mo up.</title>
<headline>Ukraine T-bill yields: 3-,6-mo same, 9-,12-mo up.</headline>
<dateline>KIEV 1997-03-28</dateline>
<text>
<p>Average yields at auctions of three-month and six-month treasury bills were unchanged, and nine-month amdd 12-month T-bills yields rose from most recent sales, a central bank statement said on Friday.</p>
<p>Three-month bills remained at 24.24 percent, six-month bills remained at 30.34 percent, nine-month bills firmed to 32.99 percent from 32.93 percent, and 12-month bills rose to 38.02 percent from 37.54 percent.</p>
<p>The results of Friday's three-month discount T-bill auction, compared to the last issue, were as follows:</p>
<p> Auction Number	 123		     119</p>
<p> Issue date	     March 28, 1997	March 27, 1997</p>
<p> Maturity date	  June 27, 1997	 June 25, 1997</p>
<p> Denominations	  100 hryvnia	   100 hryvnia (UAH)</p>
<p> Issue volume	   no limit stated     no limit stated</p>
<p> Amount sold	    1.14 million UAH    1.22 million UAH</p>
<p> Actual amount raised 1.07 million UAH    1.15 million UAH</p>
<p> Average yield	  24.24 percent	 24.24 percent</p>
<p> Average price	  94.30 hryvnia	 94.30 hryvnia</p>
<p> Cut-off price	  94.30 hryvnia	 94.30 hryvnia</p>
<p>The central bank sold 11,391 T-bills, the bank's statement said.</p>
<p>The date of the next auction of three-month discount T-bills is scheduled for March 31.</p>
<p>The results of the six-month discount T-bill auction, compared to the last issue, were as follows:</p>
<p> Auction Number	   124		     120</p>
<p> Issue date		 March 28, 1997	March 27, 1997</p>
<p> Maturity date	    September 26, 1997  September 26, 1997</p>
<p> Denominations	    100 hryvnia	   100 hryvnia</p>
<p> Issue volume	     no limit stated     no limit stated</p>
<p> Amount sold		1.39 million UAH    2.59 million UAH</p>
<p> Actual amount raised   1.20 million UAH    2.25 million UAH</p>
<p> Average yield	    30.34 percent	 30.34 percent</p>
<p> Average price	    86.86 hryvnia	 86.86 hryvnia</p>
<p> Cut-off price	    86.86 hryvnia	 86.86 hryvnia</p>
<p>The central bank sold 13,868 T-bills, the bank's statement said.</p>
<p>The date of the next auction of six-month discount T-bills is scheduled for March 31.</p>
<p>The results of nine-month discount T-bills auction, compared to last issue, were as follows:</p>
<p> Auction Number	    125		     121</p>
<p> Issue date		  March 28, 1997	March 27, 1997</p>
<p> Maturity date	     December 26, 1997   December 26, 1997</p>
<p> Denominations	     100 hryvnia	   100 hryvnia</p>
<p> Issue volume		no limit stated     no limit stated</p>
<p> Amount sold		 1.76 million UAH    2.91 million UAH</p>
<p> Actual amount raised    1.41 million UAH    2.34 million UAH</p>
<p> Average yield	     32.99 percent	 32.93 percent</p>
<p> Average price	     80.21 hryvnia	 80.24 hryvnia</p>
<p> Cut-off price	     80.20 hryvnia	 80.20 hryvnia</p>
<p>The central bank sold 17,630 T-bills, the bank's statement said.</p>
<p>The date of the next auction of nine-month discount T-bills is scheduled for March 31.</p>
<p>The results of the 12-month discount T-bill auction, compared to the last issue, were as follows:</p>
<p> Auction Number	    126		    122</p>
<p> Issue Date		  March 28, 1997     March 27, 1997</p>
<p> Maturity date	     March 27, 1998     March 27, 1998</p>
<p> Denominations	     100 hryvnia	  100 hryvnia</p>
<p> Issue volume		no limit stated    no limit stated</p>
<p> Amount sold		 7.22 million UAH   17.67 million UAH</p>
<p> Actual amount raised    5.23 million UAH   12.85 million UAH</p>
<p> Average yield	     38.02 percent	37.54 percent</p>
<p> Average price	     72.51 hryvnia	72.76 hryvnia</p>
<p> Cut-off price	     72.49 hryvnia	72.49 hryvnia</p>
<p>The central bank sold 72,184 T-bills, the bank's statement said.</p>
<p>The date of the next auction of 12-month discount T-bills is scheduled for March 31.</p>
<p>--Kiev newsroom, +380 44 229-2264</p>
</text>
<copyright>(c) Reuters Limited 1997</copyright>
<metadata>
<codes class="bip:countries:1.0">
  <code code="UKRN">
    <editdetail attribution="Reuters BIP Coding Group" action="confirmed" date="1997-03-28"/>
  </code>
</codes>
<codes class="bip:topics:1.0">
  <code code="M13">
    <editdetail attribution="Reuters BIP Coding Group" action="confirmed" date="1997-03-28"/>
  </code>
  <code code="M131">
    <editdetail attribution="Reuters BIP Coding Group" action="confirmed" date="1997-03-28"/>
  </code>
  <code code="MCAT">
    <editdetail attribution="Reuters BIP Coding Group" action="confirmed" date="1997-03-28"/>
  </code>
</codes>
<dc element="dc.date.created" value="1997-03-28"/>
<dc element="dc.publisher" value="Reuters Holdings Plc"/>
<dc element="dc.date.published" value="1997-03-28"/>
<dc element="dc.source" value="Reuters"/>
<dc element="dc.creator.location" value="KIEV"/>
<dc element="dc.creator.location.country.name" value="UKRAINE"/>
<dc element="dc.source" value="Reuters"/>
</metadata>
</newsitem>
