<?xml version="1.0" encoding="iso-8859-1" ?>
<newsitem itemid="474271" id="root" date="1997-03-28" xml:lang="en">
<title>MALAYSIA: Malaysia moves to curb speculation in economy.</title>
<headline>Malaysia moves to curb speculation in economy.</headline>
<byline>Madhav Reddy</byline>
<dateline>KUALA LUMPUR 1997-03-28</dateline>
<text>
<p>Malaysia said on Friday it would take a pre-emptive strike against speculation in property and share buying to ensure the country's 10th year of sparkling economic growth was not derailed.</p>
<p>The central Bank Negara Malaysia announced the curbs at the release of its 1996 annual report, which showed the current account deficit has narrowed and economic growth has moderated.</p>
<p>The new limits on bank loans to the property sector and for financing share purchases, were &quot;precautionary and prudential&quot; and only affect those sectors deemed &quot;less productive and speculative&quot;, it said in a statement</p>
<p>&quot;These measures are primarily pre-emptive and prudential in nature,&quot; Bank Negara Governor Ahmad Mohamed Don told a news conference.</p>
<p>Under the new measures, financial institutions cannot devote more than 20 percent of their total loan portfolio to the property sector. The measures also restrict borrowing to speculate in the stock market, Ahamd said.</p>
<p>The strike against property speculation adds to curbs enacted in late 1995, which included hefty surcharges on foreign purchases and other real estate loan limits.</p>
<p>Ahmad said the economy would continue to face the cooling effect of tight money and fiscal policies introduced last year.</p>
<p>Analysts said the report contained few surprises but the credit tightening may negatively affect the stockmarket and the property markets.</p>
<p>&quot;Overall, this could be negative on the stock market...,&quot; said Nizam Idris, analyst at research house I.D.E.A.</p>
<p>&quot;It's bad news for the property market,&quot; said Victor Wan, senior analyst at South Johor Securities. &quot;We expect more consolidation within the industry.&quot;</p>
<p>&quot;The stock market should experience weakness firstly on property-related stocks and then for the broader market,&quot; Wan said. &quot;There will be a gradual chain effect as the general contractors experience a slowdown. Cement, tile and steel manufacturers should also see a slow down.&quot;</p>
<p>Responding to international concerns, Malaysia in 1996 reined in galloping economic growth to 8.2 percent from 9.5 percent in 1995, reduced the current account deficit to 13 billion ringgit ($5.2 billion) from 18.7 billion ($7.53 billion) and kept the inflation rate checked at 3.5 percent.</p>
<p>But Ahmad said Malaysia cannot rest on its laurels because its open economy is vulnerable to external developments.</p>
<p>Bank Negara forecast gross domestic product to grow 7.8-8.2 percent this year, depending on whether exports pick up -- particularly in the electronics industry, which accounts for two-thirds of Malaysia's manufactured exports.</p>
<p>The report said slower exports growth could further widen the current account deficit this year, now projected at 14.8 billion ringgit against a 13 billion deficit in 1996.</p>
<p>The Bank said to maintain growth and keep inflation below four percent, it would continue its tight monetary policy, which means interest rates would remain at a relatively high level.</p>
<p>The growth in credit kept the supply of money high, with the broad M3 measure expanding by 22.7 percent last year from a peak of 27 percent in April, 1996. Ahmad said there were signs that M3 growth has showed some slowing this year with the central bank continuing to watch it closely.</p>
<p>&quot;With the current account deficit (reduced) to around five percent of gross domestic product...They don't want to put too much pressure on the system,&quot; said Stephen Weller, director of strategy at Pesaka Jardine Fleming. &quot;Therefore, we feel the chances of a rate increase are very limited.&quot;</p>
<p>&quot;What they are trying to do is curb the inflow of speculative foreign funds, and if interest rates increase foreign funds inflows would increase,&quot; Weller said.</p>
<p>($1 = 2.4830 ringgit)</p>
<p>-- Kuala Lumpur newsroom 603-201-4813</p>
</text>
<copyright>(c) Reuters Limited 1997</copyright>
<metadata>
<codes class="bip:countries:1.0">
  <code code="MALAY">
    <editdetail attribution="Reuters BIP Coding Group" action="confirmed" date="1997-03-28"/>
  </code>
</codes>
<codes class="bip:topics:1.0">
  <code code="E12">
    <editdetail attribution="Reuters BIP Coding Group" action="confirmed" date="1997-03-28"/>
  </code>
  <code code="ECAT">
    <editdetail attribution="Reuters BIP Coding Group" action="confirmed" date="1997-03-28"/>
  </code>
</codes>
<dc element="dc.date.created" value="1997-03-28"/>
<dc element="dc.publisher" value="Reuters Holdings Plc"/>
<dc element="dc.date.published" value="1997-03-28"/>
<dc element="dc.source" value="Reuters"/>
<dc element="dc.creator.location" value="KUALA LUMPUR"/>
<dc element="dc.creator.location.country.name" value="MALAYSIA"/>
<dc element="dc.source" value="Reuters"/>
</metadata>
</newsitem>
