<?xml version="1.0" encoding="iso-8859-1" ?>
<newsitem itemid="474280" id="root" date="1997-03-28" xml:lang="en">
<title>SINGAPORE: Australia's Howard praises economic ties with China.</title>
<headline>Australia's Howard praises economic ties with China.</headline>
<dateline>SINGAPORE 1997-03-28</dateline>
<text>
<p>Australian Prime Minister John Howard said on Friday economic relations between Australia and China were in good shape, but Canberra will not shy away from raising concerns over human rights with its neighbours.</p>
<p>&quot;Australia and China have a lot in common for the future,&quot; Howard told reporters before leaving for China after a brief visit to Singapore. &quot;We have a good economic relationship.&quot;</p>
<p>He said Australia had to be sensible in raising human rights issues with countries such as China by not lecturing.</p>
<p>&quot;It's never possible that human rights issues won't come up in a bilateral relationship,&quot; he said. &quot;(But) one shouldn't be overly hectoring or moralising.&quot;</p>
<p>Sino-Australian relations soured soon after Howard's Liberal Party took power after defeating the long-ruling Labour Party in the March 1996 Australian elections.</p>
<p>Beijing denounced a visit last September to Australia by Tibet's spiritual leader, the Dalai Lama, whom China accuses of separatist ambitions for his homeland.</p>
<p>Last August, China also accused Australia of moving too close to the United States after U.S. Secretary of Defence William Perry described Japan and Australia as the northern and southern anchors of Washington's Asian security arrangements.</p>
<p>Howard dismissed the criticism about Australia's defence links with Washington.</p>
<p>&quot;It is not directed at anybody,&quot; he declared. &quot;It is the result of a hard-headed Australian assessment of Australia's national interest.&quot;</p>
<p>Australia's relations with Indonesia has also been affected in the past because of Canberra's concerns over human rights.</p>
<p>China is Australia's fifth largest trading partner, with two-way trade reaching US$6.3 billion in the year to June 30, 1996. Howard will return to Australia from China on April 2.</p>
</text>
<copyright>(c) Reuters Limited 1997</copyright>
<metadata>
<codes class="bip:countries:1.0">
  <code code="AUSTR">
    <editdetail attribution="Reuters BIP Coding Group" action="confirmed" date="1997-03-28"/>
  </code>
  <code code="CHINA">
    <editdetail attribution="Reuters BIP Coding Group" action="confirmed" date="1997-03-28"/>
  </code>
  <code code="SINGP">
    <editdetail attribution="Reuters BIP Coding Group" action="confirmed" date="1997-03-28"/>
  </code>
</codes>
<codes class="bip:topics:1.0">
  <code code="E51">
    <editdetail attribution="Reuters BIP Coding Group" action="confirmed" date="1997-03-28"/>
  </code>
  <code code="E512">
    <editdetail attribution="Reuters BIP Coding Group" action="confirmed" date="1997-03-28"/>
  </code>
  <code code="ECAT">
    <editdetail attribution="Reuters BIP Coding Group" action="confirmed" date="1997-03-28"/>
  </code>
</codes>
<dc element="dc.date.created" value="1997-03-28"/>
<dc element="dc.publisher" value="Reuters Holdings Plc"/>
<dc element="dc.date.published" value="1997-03-28"/>
<dc element="dc.source" value="Reuters"/>
<dc element="dc.creator.location" value="SINGAPORE"/>
<dc element="dc.creator.location.country.name" value="SINGAPORE"/>
<dc element="dc.source" value="Reuters"/>
</metadata>
</newsitem>
