<?xml version="1.0" encoding="iso-8859-1" ?>
<newsitem itemid="474279" id="root" date="1997-03-28" xml:lang="en">
<title>MALAYSIA: Malaysia to buy S.Africa attack helicopters-report.</title>
<headline>Malaysia to buy S.Africa attack helicopters-report.</headline>
<dateline>KUALA LUMPUR 1997-03-28</dateline>
<text>
<p>Malaysia has agreed to buy Rooivalk combat helicopters from South Africa as part of efforts to strengthen its air force, the national Bernama news agency said on Friday.</p>
<p>It quoted Defence Minister Syed Hamid Albar as saying the Royal Malaysian Air Force would need eight such aircraft under its modenisation plan.</p>
<p>But he said the number of aircraft to be purchased would be determined only after negotiations between the Malaysian government and the helicopter's manufacturer, Denel Group.</p>
<p>&quot;We'll probably purchase eight aircraft but it all depends on the negotiation of the whole deal, and this includes transfer of technology if possible,&quot; he told reporters.</p>
<p>Malaysia also needed to look at its financial strength before it could say how many helicopters it was going to buy, Syed Hamid said.</p>
<p>The South African firm has been courting the Malaysian government for more than two years to sell its product. The company renewed its campaign early this month with the visit of President Nelson Mandela to Kuala Lumpur.</p>
<p>Syed Hamid has said that if the purchase went through, the deal would include a local components manufacturing facility for the Rooivalk.</p>
<p>Defence ministry officials were not immediately available for comment.</p>
</text>
<copyright>(c) Reuters Limited 1997</copyright>
<metadata>
<codes class="bip:countries:1.0">
  <code code="MALAY">
    <editdetail attribution="Reuters BIP Coding Group" action="confirmed" date="1997-03-28"/>
  </code>
  <code code="SAFR">
    <editdetail attribution="Reuters BIP Coding Group" action="confirmed" date="1997-03-28"/>
  </code>
</codes>
<codes class="bip:industries:1.0">
  <code code="I36400">
    <editdetail attribution="Reuters BIP Coding Group" action="confirmed" date="1997-03-28"/>
  </code>
</codes>
<codes class="bip:topics:1.0">
  <code code="C33">
    <editdetail attribution="Reuters BIP Coding Group" action="confirmed" date="1997-03-28"/>
  </code>
  <code code="C331">
    <editdetail attribution="Reuters BIP Coding Group" action="confirmed" date="1997-03-28"/>
  </code>
  <code code="CCAT">
    <editdetail attribution="Reuters BIP Coding Group" action="confirmed" date="1997-03-28"/>
  </code>
  <code code="GCAT">
    <editdetail attribution="Reuters BIP Coding Group" action="confirmed" date="1997-03-28"/>
  </code>
  <code code="GDEF">
    <editdetail attribution="Reuters BIP Coding Group" action="confirmed" date="1997-03-28"/>
  </code>
</codes>
<dc element="dc.date.created" value="1997-03-28"/>
<dc element="dc.publisher" value="Reuters Holdings Plc"/>
<dc element="dc.date.published" value="1997-03-28"/>
<dc element="dc.source" value="Reuters"/>
<dc element="dc.creator.location" value="KUALA LUMPUR"/>
<dc element="dc.creator.location.country.name" value="MALAYSIA"/>
<dc element="dc.source" value="Reuters"/>
</metadata>
</newsitem>
