<?xml version="1.0" encoding="iso-8859-1" ?>
<newsitem itemid="474291" id="root" date="1997-03-28" xml:lang="en">
<title>MALAYSIA: MMC Engineering 1996 net up 49 pct.</title>
<headline>MMC Engineering 1996 net up 49 pct.</headline>
<dateline>KUALA LUMPUR 1997-03-28</dateline>
<text>
<p>Year to Jan 31</p>
<p>		   (in million ringgit unless stated)</p>
<p>    Net profit		  11.75   vs	   7.86</p>
<p>    Shr	 (cents)	 37.1    vs	  24.9</p>
<p>    Turnover		   259.81   vs	 191.50</p>
<p>    Pre-tax profit	    18.23   vs	  12.66</p>
<p>    Minorities	  less   0.77   vs  less   0.77</p>
<p>    Extraordinaries	    0.12   vs	   nil</p>
<p>    Dividend  (cents)	 15.0    vs	  15.0</p>
<p>NOTE - Full name of the company is MMC Engineering Group Bhd.</p>
<p>-- Kuala Lumpur newsroom (603-201 4813)</p>
</text>
<copyright>(c) Reuters Limited 1997</copyright>
<metadata>
<codes class="bip:countries:1.0">
  <code code="MALAY">
    <editdetail attribution="Reuters BIP Coding Group" action="confirmed" date="1997-03-28"/>
  </code>
</codes>
<codes class="bip:industries:1.0">
  <code code="I22471">
    <editdetail attribution="Reuters BIP Coding Group" action="confirmed" date="1997-03-28"/>
  </code>
</codes>
<codes class="bip:topics:1.0">
  <code code="C15">
    <editdetail attribution="Reuters BIP Coding Group" action="confirmed" date="1997-03-28"/>
  </code>
  <code code="C151">
    <editdetail attribution="Reuters BIP Coding Group" action="confirmed" date="1997-03-28"/>
  </code>
  <code code="C1511">
    <editdetail attribution="Reuters BIP Coding Group" action="confirmed" date="1997-03-28"/>
  </code>
  <code code="CCAT">
    <editdetail attribution="Reuters BIP Coding Group" action="confirmed" date="1997-03-28"/>
  </code>
</codes>
<dc element="dc.date.created" value="1997-03-28"/>
<dc element="dc.publisher" value="Reuters Holdings Plc"/>
<dc element="dc.date.published" value="1997-03-28"/>
<dc element="dc.source" value="Reuters"/>
<dc element="dc.creator.location" value="KUALA LUMPUR"/>
<dc element="dc.creator.location.country.name" value="MALAYSIA"/>
<dc element="dc.source" value="Reuters"/>
</metadata>
</newsitem>
