<?xml version="1.0" encoding="iso-8859-1" ?>
<newsitem itemid="474222" id="root" date="1997-03-28" xml:lang="en">
<title>MACEDONIA: PRESS DIGEST - Macedonia - March 28.</title>
<headline>PRESS DIGEST - Macedonia - March 28.</headline>
<text>
<p>SKOPJE, March 28 - These are the leading stories in the Skopje press on Friday. Reuters has not verified these stories and cannot vouch for their accuracy.</p>
<p>NOVA MAKEDONIJA</p>
<p>- Greek military planes violated Macedonian air space Thursday morning entering two km (miles) inside its territory at 0945 and leaving at 0946 local time, said the Defence ministry in a press release. One plane flew over the border crossing Bogorodica at very low altitude.</p>
<p>- Anaestheteics finally arrived in the Skopje hospital centre.</p>
<p>- The association of owners of lost deposits in the savings house TAT from Bitola demand international independent institutions to audit and assess real damage.</p>
<p>DNEVNIK</p>
<p>- According to an opinion poll conducted by Eurobarometer 57 percent of the Macedonians questioned are not satisfied with the development of the democratic processes in the country, 43 percent think the country is moving in a positive direction and the same percentage see the country's future in the European Union and cooperation with the United States. -- Mircela Casule, Skopje newsroom +389 91 201196</p>
</text>
<copyright>(c) Reuters Limited 1997</copyright>
<metadata>
<codes class="bip:countries:1.0">
  <code code="MCDNIA">
    <editdetail attribution="Reuters BIP Coding Group" action="confirmed" date="1997-03-28"/>
  </code>
</codes>
<codes class="bip:topics:1.0">
  <code code="GCAT">
    <editdetail attribution="Reuters BIP Coding Group" action="confirmed" date="1997-03-28"/>
  </code>
</codes>
<dc element="dc.publisher" value="Reuters Holdings Plc"/>
<dc element="dc.date.published" value="1997-03-28"/>
<dc element="dc.source" value="Reuters"/>
<dc element="dc.creator.location.country.name" value="MACEDONIA"/>
<dc element="dc.source" value="Reuters"/>
</metadata>
</newsitem>
