<?xml version="1.0" encoding="iso-8859-1" ?>
<newsitem itemid="474284" id="root" date="1997-03-28" xml:lang="en">
<title>VIETNAM: Labour abuse charge at Vietnam Nike plants refuted.</title>
<headline>Labour abuse charge at Vietnam Nike plants refuted.</headline>
<dateline>HANOI 1997-03-28</dateline>
<text>
<p>A union official and a South Korean industry group on Friday played down charges that factory workers who make Nike Inc shoes in Vietnam are regularly abused.</p>
<p>&quot;There are three Korean (companies) producing Nike shoes in the Ho Chi Minh City area,&quot; said Park Chan shin, director of Korean trade office KOTRA. &quot;There are quite good conditions there, especially compared with local shoe factories.&quot;</p>
<p>The union chief of a Taiwanese firm which makes Nike shoes said there had been one incident recently when a supervisor ordered 56 workers to run twice around the two-km (1.2-mile) factory perimeter for failing to wear regulation workshoes.</p>
<p>&quot;Before the recent dispute there was no big problem,&quot; said Nguyen Minh Quang, chairman of the labour union at Pou Chen Vietnam Enterprises Limited in Dong Nai province.</p>
<p>&quot;If workers want to go to the toilet or take a drink of water they can do so whenever they want,&quot; he said when asked about allegations that some workers were limited to one trip to the bathroom and two drinks of water per shift.</p>
<p>Quang said the union had been concerned about a shift at the Pou Chen Corp unit's plant that stretched from 6 p.m. to 6 a.m. with a break of 2-1/2 hours.  </p>
<p>However, he said most workers were willing to work the shift because they earned more money.</p>
<p>He said the average salary at the factory was about 800,000 dong ($68.67) a month. The average annual per capita income in Vietnam is about $275.</p>
<p>On Thursday a group of human rights and labour activists held a news conference in New York, alleging that workers were paid low wages, suffered abuse and even corporal punishment.</p>
<p>A Nike executive said he could not confirm Nguyen's findings but said the company welcomed and worked with independent observers to monitor, train and improve working conditions overseas.</p>
<p>Vietnam itself has accused foreign managers of labour abuse on several occasions.</p>
<p>A South Korean woman manager was given a three-month suspended jail term last year for hitting workers on the head with a shoe.</p>
<p>KOTRA's Park said he had visited the three Korean factories that make Nike shoes. &quot;I didn't check on (the amount of) time (alloted) to go to the restroom or drink water,&quot; he said. &quot;But as far as I know, such inhuman things are not happening.&quot;</p>
</text>
<copyright>(c) Reuters Limited 1997</copyright>
<metadata>
<codes class="bip:countries:1.0">
  <code code="SKOREA">
    <editdetail attribution="Reuters BIP Coding Group" action="confirmed" date="1997-03-28"/>
  </code>
  <code code="VIETN">
    <editdetail attribution="Reuters BIP Coding Group" action="confirmed" date="1997-03-28"/>
  </code>
</codes>
<codes class="bip:industries:1.0">
  <code code="I45100">
    <editdetail attribution="Reuters BIP Coding Group" action="confirmed" date="1997-03-28"/>
  </code>
</codes>
<codes class="bip:topics:1.0">
  <code code="C24">
    <editdetail attribution="Reuters BIP Coding Group" action="confirmed" date="1997-03-28"/>
  </code>
  <code code="C42">
    <editdetail attribution="Reuters BIP Coding Group" action="confirmed" date="1997-03-28"/>
  </code>
  <code code="CCAT">
    <editdetail attribution="Reuters BIP Coding Group" action="confirmed" date="1997-03-28"/>
  </code>
  <code code="E41">
    <editdetail attribution="Reuters BIP Coding Group" action="confirmed" date="1997-03-28"/>
  </code>
  <code code="ECAT">
    <editdetail attribution="Reuters BIP Coding Group" action="confirmed" date="1997-03-28"/>
  </code>
  <code code="GCAT">
    <editdetail attribution="Reuters BIP Coding Group" action="confirmed" date="1997-03-28"/>
  </code>
  <code code="GJOB">
    <editdetail attribution="Reuters BIP Coding Group" action="confirmed" date="1997-03-28"/>
  </code>
</codes>
<dc element="dc.date.created" value="1997-03-28"/>
<dc element="dc.publisher" value="Reuters Holdings Plc"/>
<dc element="dc.date.published" value="1997-03-28"/>
<dc element="dc.source" value="Reuters"/>
<dc element="dc.creator.location" value="HANOI"/>
<dc element="dc.creator.location.country.name" value="VIETNAM"/>
<dc element="dc.source" value="Reuters"/>
</metadata>
</newsitem>
