<?xml version="1.0" encoding="iso-8859-1" ?>
<newsitem itemid="474234" id="root" date="1997-03-28" xml:lang="en">
<title>POLAND: Polish O/N at lombard on reserve-end, zloty down.</title>
<headline>Polish O/N at lombard on reserve-end, zloty down.</headline>
<dateline>WARSAW 1997-03-28</dateline>
<text>
<p>Polish O/N rates at the lombard rate of 25 percent as the market tightened on the last working day of the March reserve period and on cash withdrawals before Easter holidays, dealers said.</p>
<p>They said, however, tomorrow/next rates eased two points below the lombard rate signalling the market may regain liquidity next week and rates were expected to trade around 23 percent at the start of the April reserve period on Tuesday.</p>
<p>&quot;The market lifted overnight rates to the lombard rate, but the situation should improve next week, as T/N depos are traded lower,&quot; said Ewa Sokolowska from Kredyt Bank SA.  </p>
<p>At 0845 GMT overnight deposit rates were quoted at 24.70/25.05 percent against 24.85/25.20 percent at opening and tomorrow/next rates were at 23.00/23.60 percent against the opening's 22.70/25.20 percent.</p>
<p>Dealers said some smaller banks might have problems with taking lombard financing because their treasuries portfolios, used as collateral for the lombard credit, were often scattered in repo transactions with clients.</p>
<p>They said clients were likely to gain the most on the current market tightness placing surpluses with banks at higher rates.  </p>
<p>&quot;Today I had to accept a six-day client's deposit at 23 percent, while normally I would pay some 20.5 percent,&quot; a dealer at a Polish bank said.</p>
<p>The zloty weakened against the parity rate on small importers' orders amid slow trade with European markets closed for Good Friday.</p>
<p>At 0910 GMT the zloty was quoted at 2.95/2.85 percent from the trading band centre, down from 2.97/2.88 percent at opening. It was at 3.0730/60 to the dollar, down from 3.0720/50 at opening and at 1.8335/55 to the mark against 1.8335/50.</p>
<p>-- Krzysztof Wojcik +48 22 653 9700</p>
</text>
<copyright>(c) Reuters Limited 1997</copyright>
<metadata>
<codes class="bip:countries:1.0">
  <code code="POL">
    <editdetail attribution="Reuters BIP Coding Group" action="confirmed" date="1997-03-28"/>
  </code>
</codes>
<codes class="bip:topics:1.0">
  <code code="M13">
    <editdetail attribution="Reuters BIP Coding Group" action="confirmed" date="1997-03-28"/>
  </code>
  <code code="M131">
    <editdetail attribution="Reuters BIP Coding Group" action="confirmed" date="1997-03-28"/>
  </code>
  <code code="M132">
    <editdetail attribution="Reuters BIP Coding Group" action="confirmed" date="1997-03-28"/>
  </code>
  <code code="MCAT">
    <editdetail attribution="Reuters BIP Coding Group" action="confirmed" date="1997-03-28"/>
  </code>
</codes>
<dc element="dc.date.created" value="1997-03-28"/>
<dc element="dc.publisher" value="Reuters Holdings Plc"/>
<dc element="dc.date.published" value="1997-03-28"/>
<dc element="dc.source" value="Reuters"/>
<dc element="dc.creator.location" value="WARSAW"/>
<dc element="dc.creator.location.country.name" value="POLAND"/>
<dc element="dc.source" value="Reuters"/>
</metadata>
</newsitem>
