<?xml version="1.0" encoding="iso-8859-1" ?>
<newsitem itemid="474229" id="root" date="1997-03-28" xml:lang="en">
<title>POLAND: Poland's Wroclaw looks for muni bond issue agent.</title>
<headline>Poland's Wroclaw looks for muni bond issue agent.</headline>
<dateline>WARSAW 1997-03-28</dateline>
<text>
<p>The city of Wroclaw in south-western Poland opened a tender for lead-managing its planned 50 million zloty municipal bond issue, the city said in an newspaper advertisement on Friday.</p>
<p>Preliminary bids must be entered by May 12, 1997 and will be judged on price, the value of the offer and the realibility of the agent.</p>
<p>Wroclaw officials want to hold the issue roughly around the turn of this year.</p>
<p>-- Warsaw Newsroom +48 22 653 9700</p>
</text>
<copyright>(c) Reuters Limited 1997</copyright>
<metadata>
<codes class="bip:countries:1.0">
  <code code="POL">
    <editdetail attribution="Reuters BIP Coding Group" action="confirmed" date="1997-03-28"/>
  </code>
</codes>
<codes class="bip:topics:1.0">
  <code code="E21">
    <editdetail attribution="Reuters BIP Coding Group" action="confirmed" date="1997-03-28"/>
  </code>
  <code code="E212">
    <editdetail attribution="Reuters BIP Coding Group" action="confirmed" date="1997-03-28"/>
  </code>
  <code code="ECAT">
    <editdetail attribution="Reuters BIP Coding Group" action="confirmed" date="1997-03-28"/>
  </code>
  <code code="M12">
    <editdetail attribution="Reuters BIP Coding Group" action="confirmed" date="1997-03-28"/>
  </code>
  <code code="MCAT">
    <editdetail attribution="Reuters BIP Coding Group" action="confirmed" date="1997-03-28"/>
  </code>
</codes>
<dc element="dc.date.created" value="1997-03-28"/>
<dc element="dc.publisher" value="Reuters Holdings Plc"/>
<dc element="dc.date.published" value="1997-03-28"/>
<dc element="dc.source" value="Reuters"/>
<dc element="dc.creator.location" value="WARSAW"/>
<dc element="dc.creator.location.country.name" value="POLAND"/>
<dc element="dc.source" value="Reuters"/>
</metadata>
</newsitem>
