<?xml version="1.0" encoding="iso-8859-1" ?>
<newsitem itemid="474293" id="root" date="1997-03-28" xml:lang="en">
<title>VIETNAM: Two HK men sentenced to death for drugs in Vietnam.</title>
<headline>Two HK men sentenced to death for drugs in Vietnam.</headline>
<dateline>HANOI 1997-03-28</dateline>
<text>
<p>Two Hong Kong men were sentenced to death by a court in Vietnam on Friday for illegal trafficking in drugs, a court official said.</p>
<p>The two men, both holders of British passports, were arrested at Ho Chi Minh City airport in March 1996 after 18.1 kg (40 pounds) of heroin was found in their possession.  </p>
<p>British diplomats confirmed the verdict for the two men, Sun Chi Kin and Chan Chun Hung Sammy, and said they had 15 days to appeal against the sentence.</p>
<p>Sun and Chan had been travelling with fake Portuguese passports and under false names when they were arrested, and the heroin found in their possession had been concealed in false-bottomed cases.</p>
<p>Diplomats said the authorities had granted consular access to the men for the first time last December. A consulate official who attended part of the one-day trial on Friday said she had spoken to them briefly before the hearing got under way.</p>
<p>A Hong Kong man was found guilty of a similar crime and executed in 1995. A Vietnamese-Canadian woman was sentenced to death last week in Hanoi after being found guilty of attempting to smuggle 5.45 kg (12 pounds) of heroin out of the country.</p>
</text>
<copyright>(c) Reuters Limited 1997</copyright>
<metadata>
<codes class="bip:countries:1.0">
  <code code="HKONG">
    <editdetail attribution="Reuters BIP Coding Group" action="confirmed" date="1997-03-28"/>
  </code>
  <code code="VIETN">
    <editdetail attribution="Reuters BIP Coding Group" action="confirmed" date="1997-03-28"/>
  </code>
</codes>
<codes class="bip:topics:1.0">
  <code code="GCAT">
    <editdetail attribution="Reuters BIP Coding Group" action="confirmed" date="1997-03-28"/>
  </code>
  <code code="GCRIM">
    <editdetail attribution="Reuters BIP Coding Group" action="confirmed" date="1997-03-28"/>
  </code>
</codes>
<dc element="dc.date.created" value="1997-03-28"/>
<dc element="dc.publisher" value="Reuters Holdings Plc"/>
<dc element="dc.date.published" value="1997-03-28"/>
<dc element="dc.source" value="Reuters"/>
<dc element="dc.creator.location" value="HANOI"/>
<dc element="dc.creator.location.country.name" value="VIETNAM"/>
<dc element="dc.source" value="Reuters"/>
</metadata>
</newsitem>
