<?xml version="1.0" encoding="iso-8859-1" ?>
<newsitem itemid="474289" id="root" date="1997-03-28" xml:lang="en">
<title>TAIWAN: Cathay's Tsai is Taiwan's richest person.</title>
<headline>Cathay's Tsai is Taiwan's richest person.</headline>
<dateline>TAIPEI 1997-03-28</dateline>
<text>
<p>Cathay Life Insurance chairman Tsai Wan-lin is Taiwan's richest person with a fortune of T$275 billion (US$10 billion), the April edition of Taiwan's Excellency magazine reported on Friday.</p>
<p>In 1996, Forbes magazine listed Tsai as the world's fifth-richest man with personal assets worth US$12.2 billion.</p>
<p>A ranking released by Excellency rated Wu Tung-chin, head of the Shin Kong Life Insurance, as the country's second-richest person with assets worth T$105 billion.</p>
<p>Douglas Hsu of Far East group ranked third with T$75 billion, the magazine said.</p>
<p>Hsu was followed by petrochemical giant Formosa Plastic chairman Wang Yung-ching, who owns T$65 billion, and his brother Wang Yung-tsai with T$60 billion.</p>
<p>Shipping magnate Chang Yung-fa of Evergreen Marine group was sixth with T$55 billion, followed by Tsai Wan-tsai's T$53 billion and Koo Chen-fu's T$32 billion.</p>
<p>Tsai Wan-tsai is a brother of Tsai Wan-lin. Koo, who is Taiwan's top negotiator with rival China, heads the giant conglomerate Koo's Group.</p>
<p>Koo is head of the semi-official Straits Exchange Foundation that handles dialogues with China in the absence of formal ties. Taiwan has banned official contacts with China since they split at the end of a civil war in 1949.</p>
<p>(US$1=T$27.5)</p>
</text>
<copyright>(c) Reuters Limited 1997</copyright>
<metadata>
<codes class="bip:countries:1.0">
  <code code="TAIWAN">
    <editdetail attribution="Reuters BIP Coding Group" action="confirmed" date="1997-03-28"/>
  </code>
</codes>
<codes class="bip:industries:1.0">
  <code code="I48100">
    <editdetail attribution="Reuters BIP Coding Group" action="confirmed" date="1997-03-28"/>
  </code>
  <code code="I74000">
    <editdetail attribution="Reuters BIP Coding Group" action="confirmed" date="1997-03-28"/>
  </code>
  <code code="I82002">
    <editdetail attribution="Reuters BIP Coding Group" action="confirmed" date="1997-03-28"/>
  </code>
</codes>
<codes class="bip:topics:1.0">
  <code code="C41">
    <editdetail attribution="Reuters BIP Coding Group" action="confirmed" date="1997-03-28"/>
  </code>
  <code code="CCAT">
    <editdetail attribution="Reuters BIP Coding Group" action="confirmed" date="1997-03-28"/>
  </code>
  <code code="GCAT">
    <editdetail attribution="Reuters BIP Coding Group" action="confirmed" date="1997-03-28"/>
  </code>
  <code code="GPRO">
    <editdetail attribution="Reuters BIP Coding Group" action="confirmed" date="1997-03-28"/>
  </code>
</codes>
<dc element="dc.date.created" value="1997-03-28"/>
<dc element="dc.publisher" value="Reuters Holdings Plc"/>
<dc element="dc.date.published" value="1997-03-28"/>
<dc element="dc.source" value="Reuters"/>
<dc element="dc.creator.location" value="TAIPEI"/>
<dc element="dc.creator.location.country.name" value="TAIWAN"/>
<dc element="dc.source" value="Reuters"/>
</metadata>
</newsitem>
