<?xml version="1.0" encoding="iso-8859-1" ?>
<newsitem itemid="474272" id="root" date="1997-03-28" xml:lang="en">
<title>MALAYSIA: Malaysia physical palm oil prices - March 28.</title>
<headline>Malaysia physical palm oil prices - March 28.</headline>
<text>
<p>(Prices in Ringgit/tonne local delivery/Crude, Bulk)</p>
<p>	    BID/ASK	    TRADES</p>
<p>Apr	 1285/1287.50     1290/1287.50 (south)</p>
<p>				   1270/1272.50 (central)</p>
<p>May	 1272.50/1280     1277.50/1265 (south)</p>
<p>	 (Prices in US dollars/Tonne local for Malaysian ports,Bulk)</p>
<p>			  RBD PALM OIL</p>
<p>Apr		     542.50	slr</p>
<p>May		     540	   slr</p>
<p>Jun		     535	   slr</p>
<p>			  RBD PALM OLEIN</p>
<p> Apr		    582.50	slr traded 582.50</p>
<p> May		    572.50	slr traded 572.50/575</p>
<p> Jun		    570	   slr traded 571/572</p>
<p> July/Aug/Sept	565	   slr</p>
<p>			  RBD PALM STEARIN</p>
<p> Apr		    440	   slr</p>
<p>		     PALM FATTY ACID DISTILLATE</p>
<p> Apr		    295	   slr</p>
<p>PALMOIL CRUDE SUMATRAN/MALAYSIAN SLRS OPTIONS</p>
<p>CIF ROTTERDAM DLRS A  TONNE -1100 GMT</p>
<p>Apr			560	  slr</p>
<p>May/Jun		  550	  slr</p>
<p>--Kuala Lumpur newsroom (603 -230-7510)</p>
</text>
<copyright>(c) Reuters Limited 1997</copyright>
<metadata>
<codes class="bip:countries:1.0">
  <code code="MALAY">
    <editdetail attribution="Reuters BIP Coding Group" action="confirmed" date="1997-03-28"/>
  </code>
</codes>
<codes class="bip:topics:1.0">
  <code code="M14">
    <editdetail attribution="Reuters BIP Coding Group" action="confirmed" date="1997-03-28"/>
  </code>
  <code code="M141">
    <editdetail attribution="Reuters BIP Coding Group" action="confirmed" date="1997-03-28"/>
  </code>
  <code code="MCAT">
    <editdetail attribution="Reuters BIP Coding Group" action="confirmed" date="1997-03-28"/>
  </code>
</codes>
<dc element="dc.publisher" value="Reuters Holdings Plc"/>
<dc element="dc.date.published" value="1997-03-28"/>
<dc element="dc.source" value="Reuters"/>
<dc element="dc.creator.location.country.name" value="MALAYSIA"/>
<dc element="dc.source" value="Reuters"/>
</metadata>
</newsitem>
