<?xml version="1.0" encoding="iso-8859-1" ?>
<newsitem itemid="474240" id="root" date="1997-03-28" xml:lang="en">
<title>POLAND: Polish bourse closed Fri, Mon for Easter.</title>
<headline>Polish bourse closed Fri, Mon for Easter.</headline>
<dateline>WARSAW 1997-03-28</dateline>
<text>
<p>The Warsaw bourse is closed on Friday and Monday for the Easter holiday, with trade resuming on Tuesday, April 1.</p>
<p>The main market's all-share WIG index rose 2.1 percent on Thursday to close at 16,690.4 points.</p>
<p>-- Warsaw Newsroom +48 22 653 9700</p>
</text>
<copyright>(c) Reuters Limited 1997</copyright>
<metadata>
<codes class="bip:countries:1.0">
  <code code="POL">
    <editdetail attribution="Reuters BIP Coding Group" action="confirmed" date="1997-03-28"/>
  </code>
</codes>
<codes class="bip:topics:1.0">
  <code code="M11">
    <editdetail attribution="Reuters BIP Coding Group" action="confirmed" date="1997-03-28"/>
  </code>
  <code code="MCAT">
    <editdetail attribution="Reuters BIP Coding Group" action="confirmed" date="1997-03-28"/>
  </code>
</codes>
<dc element="dc.date.created" value="1997-03-28"/>
<dc element="dc.publisher" value="Reuters Holdings Plc"/>
<dc element="dc.date.published" value="1997-03-28"/>
<dc element="dc.source" value="Reuters"/>
<dc element="dc.creator.location" value="WARSAW"/>
<dc element="dc.creator.location.country.name" value="POLAND"/>
<dc element="dc.source" value="Reuters"/>
</metadata>
</newsitem>
