<?xml version="1.0" encoding="iso-8859-1" ?>
<newsitem itemid="474210" id="root" date="1997-03-28" xml:lang="en">
<title>ROMANIA: Romanian industrial output 10.2 pct up in Feb.</title>
<headline>Romanian industrial output 10.2 pct up in Feb.</headline>
<dateline>BUCHAREST 1997-03-28</dateline>
<text>
<p>Romania's industry saw a sharp recovery in February, up 10.2 percent from January, when it dropped by 7.3 percent, the National Statistics Board (CNS) said on Friday.</p>
<p>&quot;February's rebound, after two months of lower output, was led by a sharp rise in the manufacturing sector,&quot; CNS president Pavel Wagner told a news conference.</p>
<p>Manufacturing industry rose by 12.3 percent last month, when the extractive sector was 5.8 percent up. Output in the power sector saw a 4.3 percent drop from the previous month.</p>
<p>Industrial output stood at 9.05 trillion lei in February, with the two-month figure at 16.3 trillion, or 16.5 percent up from January-February 1996.</p>
<p>Inventories accounted for 65.1 percent of February's production, down from 68.5 percent the previous month.</p>
<p>Some 20 percent of last month's output was exported, while productivity per hour went up by 6.0 percent from January.</p>
<p>Industry employed 2.496 million people at end-February, 11,200 less than the previous month.</p>
<p> ROMANIAN INDUSTRIAL OUTPUT    FEB 97     JAN 97     FEB 96</p>
<p> pct change mth/mth	     +10.2	  -7.3	 +2.7</p>
<p> pct change yr/yr		 +20.6	 +12.3	 +2.1</p>
<p> share going to inventories    65.1	  68.5	 73.7</p>
<p>NOTE: Figures were adjusted according to the number of working days.</p>
<p>-- Mirela Eremia, Bucharest Newsroom 40-1 3120264</p>
</text>
<copyright>(c) Reuters Limited 1997</copyright>
<metadata>
<codes class="bip:countries:1.0">
  <code code="ROM">
    <editdetail attribution="Reuters BIP Coding Group" action="confirmed" date="1997-03-28"/>
  </code>
</codes>
<codes class="bip:topics:1.0">
  <code code="E31">
    <editdetail attribution="Reuters BIP Coding Group" action="confirmed" date="1997-03-28"/>
  </code>
  <code code="E311">
    <editdetail attribution="Reuters BIP Coding Group" action="confirmed" date="1997-03-28"/>
  </code>
  <code code="ECAT">
    <editdetail attribution="Reuters BIP Coding Group" action="confirmed" date="1997-03-28"/>
  </code>
</codes>
<dc element="dc.date.created" value="1997-03-28"/>
<dc element="dc.publisher" value="Reuters Holdings Plc"/>
<dc element="dc.date.published" value="1997-03-28"/>
<dc element="dc.source" value="Reuters"/>
<dc element="dc.creator.location" value="BUCHAREST"/>
<dc element="dc.creator.location.country.name" value="ROMANIA"/>
<dc element="dc.source" value="Reuters"/>
</metadata>
</newsitem>
