<?xml version="1.0" encoding="iso-8859-1" ?>
<newsitem itemid="474202" id="root" date="1997-03-28" xml:lang="en">
<title>UKRAINE: Hryvnia edged down to 1.8500 per dlr in Kiev.</title>
<headline>Hryvnia edged down to 1.8500 per dlr in Kiev.</headline>
<dateline>KIEV 1997-03-28</dateline>
<text>
<p>The hryvnia edged down to 1.8500 per dollar on the Ukrainian Interbank Currency Exchange from 1.8450 at the previous session.</p>
<p>					  March 28	   March 27</p>
<p> Hryvnia rate to dollar		1.8500	     1.8450</p>
<p> Volume traded			$14.29 million	 $1.30 million</p>
<p>--Kiev newsroom, +380 44 229 2264</p>
</text>
<copyright>(c) Reuters Limited 1997</copyright>
<metadata>
<codes class="bip:countries:1.0">
  <code code="UKRN">
    <editdetail attribution="Reuters BIP Coding Group" action="confirmed" date="1997-03-28"/>
  </code>
</codes>
<codes class="bip:topics:1.0">
  <code code="M13">
    <editdetail attribution="Reuters BIP Coding Group" action="confirmed" date="1997-03-28"/>
  </code>
  <code code="M132">
    <editdetail attribution="Reuters BIP Coding Group" action="confirmed" date="1997-03-28"/>
  </code>
  <code code="MCAT">
    <editdetail attribution="Reuters BIP Coding Group" action="confirmed" date="1997-03-28"/>
  </code>
</codes>
<dc element="dc.date.created" value="1997-03-28"/>
<dc element="dc.publisher" value="Reuters Holdings Plc"/>
<dc element="dc.date.published" value="1997-03-28"/>
<dc element="dc.source" value="Reuters"/>
<dc element="dc.creator.location" value="KIEV"/>
<dc element="dc.creator.location.country.name" value="UKRAINE"/>
<dc element="dc.source" value="Reuters"/>
</metadata>
</newsitem>
