<?xml version="1.0" encoding="iso-8859-1" ?>
<newsitem itemid="474270" id="root" date="1997-03-28" xml:lang="en">
<title>SOUTH KOREa: S.Korea arrests Hanbo chairman for pocketing funds.</title>
<headline>S.Korea arrests Hanbo chairman for pocketing funds.</headline>
<byline>Jean Yoon</byline>
<dateline>SEOUL 1997-03-28</dateline>
<text>
<p>South Korean prosecutors on Friday arrested the chairman of the stricken Hanbo Group whose steelmaking flagship collapsed in January, a prosecution official said.</p>
<p>&quot;Mr Chung Bo-keun was arrested and taken to the Youngdungpo prison,&quot; he said. Chung was taken into custody after being questioned at the prosecutors' office.</p>
<p>Prosecutors have accused Chung of pocketing about 37 billion won ($41 million) from Hanbo Group funds. Hanbo, with 22 affiliate firms, is South Korea's 14th-biggest industrial conglomerate.</p>
<p>Chung's father, Hanbo founder Chung Tae-soo, is already standing trial along with nine other people in connection with the Hanbo loans scandal that has rocked the nation. He is in custody at a Seoul prison.</p>
<p>Hanbo Steel defaulted on debt repayments after racking up $5.8 billion in largely unsecured loans.</p>
<p>Prosecutors reopened their probe into the Hanbo scandal last Friday after the opposition attacked an earlier investigation as a whitewash which failed to bring major players to justice.</p>
<p>Prosecutors said they would seize the Chung family's assets to &quot;end the bad practice of the past when businessmen survived even when their businesses collapsed&quot;.</p>
<p>On Thursday, prosecutors said they had so far uncovered family assets of 344 billion won, which would be seized because of evidence the family had evaded taxes of 432.7 billion won.</p>
<p>&quot;The prosecution will set up a separate team to track down the Chung family's hidden wealth,&quot; another prosecution official said.</p>
<p>Prosecutors have said they hoped the latest steps would help clear suspicions that the government made a secret deal to allow the Chung family to keep its millions.</p>
<p>Hanbo Steel's failure revealed a web of corruption and influence-peddling involving top bankers and politicians that allowed the company to secure loans far in excess of its capability to repay them.</p>
<p>Kim Dae-jung, leader of the main opposition National Congress for New Politics, on Friday proposed a meeting with President Kim Young-sam, who heads the New Korea Party, and leaders of other parties to discuss economic problems created by the Hanbo collapse.</p>
<p>&quot;The leaders need to discuss ways to counter current economic problems,&quot; Kim Dae-jung told a news conference.</p>
<p>&quot;This is the tragedy of a government-controlled financial system,&quot; he said.</p>
<p>The meeting would aim to &quot;relieve the public from anxiety and recover our falling credit internationally&quot;.</p>
<p>Kim Young-sam immediately responded by agreeing to hold the meeting on April 1.</p>
<p>&quot;The focus will be on stablising the economy,&quot; a presidential aide said. &quot;Prosecutors and parliament should be left to disclose the truth of the Hanbo case.&quot;</p>
<p>Parliament began a 45-day special investigation into the Hanbo scandal last Friday.</p>
<p>On Wednesday, prosecutors questioned two bankers in connection with the affair.</p>
<p>On trial with Chung Tae-soo are his chief accountant, a former cabinet minister, three bank executives, three close aides to President Kim Young-sam, and an opposition legislator.</p>
<p>($1 = 893 won)</p>
</text>
<copyright>(c) Reuters Limited 1997</copyright>
<metadata>
<codes class="bip:countries:1.0">
  <code code="SKOREA">
    <editdetail attribution="Reuters BIP Coding Group" action="confirmed" date="1997-03-28"/>
  </code>
</codes>
<codes class="bip:topics:1.0">
  <code code="C12">
    <editdetail attribution="Reuters BIP Coding Group" action="confirmed" date="1997-03-28"/>
  </code>
  <code code="CCAT">
    <editdetail attribution="Reuters BIP Coding Group" action="confirmed" date="1997-03-28"/>
  </code>
  <code code="GCAT">
    <editdetail attribution="Reuters BIP Coding Group" action="confirmed" date="1997-03-28"/>
  </code>
  <code code="GCRIM">
    <editdetail attribution="Reuters BIP Coding Group" action="confirmed" date="1997-03-28"/>
  </code>
</codes>
<dc element="dc.date.created" value="1997-03-28"/>
<dc element="dc.publisher" value="Reuters Holdings Plc"/>
<dc element="dc.date.published" value="1997-03-28"/>
<dc element="dc.source" value="Reuters"/>
<dc element="dc.creator.location" value="SEOUL"/>
<dc element="dc.creator.location.country.name" value="SOUTH KOREA"/>
<dc element="dc.source" value="Reuters"/>
</metadata>
</newsitem>
