<?xml version="1.0" encoding="iso-8859-1" ?>
<newsitem itemid="474264" id="root" date="1997-03-28" xml:lang="en">
<title>PERU: Peru, rebels see obstacles amid crisis progress.</title>
<headline>Peru, rebels see obstacles amid crisis progress.</headline>
<byline>James Craig</byline>
<dateline>LIMA 1997-03-28</dateline>
<text>
<p>Peru's Marxist rebels cast doubts on reports of an imminent deal and President Alberto Fujimori said problems remained, tempering optimism on Friday that an end to the 101-day Lima hostage crisis was in sight.</p>
<p>In Tokyo, Japan's Prime Minister Ryutaro Hashimoto said on Friday he did not foresee dramatic progress soon in talks between the Peruvian government and Tupac Amaru Revolutionary Movement (MRTA) rebels holding 72 hostages at the Japanese ambassador's home in Lima.</p>
<p>&quot;I can't say with confidence that there will be significant progress,&quot; Hashimoto told reporters.</p>
<p>&quot;I am not optimistic,&quot; he said without elaborating.</p>
<p>In Lima on Thursday, 100 days after rebels stormed the residence, there was a sense of optimism that a negotiated solution could be near.</p>
<p>Both Fujimori and MRTA rebels said the two sides moved closer to a solution to the siege but key issues remained to be resolved as they prepared for fresh talks next week.</p>
<p>&quot;The sides are getting closer but the main demand for the release of prisoners still has to be addressed,&quot; Comrade Alejandro, an MRTA military leader in Peru's central jungle, told Reuters.</p>
<p>The MRTA stormed the diplomatic compound Dec. 17 and took hostages at a cocktail party to demand the freedom of some 450 jailed comrades, a demand the government has flatly rejected.</p>
<p>Fujimori put an upbeat spin on the standoff, in keeping with a growing sense in Peru that momentum is building for an accord to end Latin America's longest hostage siege.</p>
<p>&quot;Even though, naturally, difficulties still exist, we are getting closer,&quot; he told local television.</p>
<p>Direct talks between the government and MRTA -- broken off since March 12 -- are expected to resume Monday or Tuesday amid reports the rebels have agreed to take asylum in Cuba as part of a broader crisis-ending deal.</p>
<p>But the hostage-takers on Thursday called local media reports detailing a deal purportedly made by the two sides &quot;simple speculation.&quot;</p>
<p>Nonetheless, even Fujimori's opponents in Congress saw a quick end to the crisis.</p>
<p>&quot;The way negotiations are progressing, I believe they can come up with a solution in the short term, Congressman Alejandro Santa Maria Silva of the Aprista party told Reuters.</p>
<p>Diplomats, legislators and analysts say that the release of jailed rebels should not be an unsurmountable hurdle when face-to-face contacts resume.</p>
<p>Two mediators in the talks met on Thursday with rebels for 90 minutes but made no comment to reporters afterward.</p>
<p>But the president boosted growing optimism in Lima that a solution to the siege was in sight, saying he was confident the energetic work of the talks' guarantors, hammering out a deal acceptable to both sides, &quot;is going to bear fruit.&quot;</p>
<p>Fujimori also hinted he still had some differences with Tokyo on how to end the crisis.</p>
<p>&quot;Perhaps we live the situation here more intimately. In Japan ... there is a distance that does not allow a precise perception of what is going on and what might happen,&quot; he said.</p>
<p>Rebels issued a statement saying a &quot;peaceful solution for the crisis is in the government's hands and will come about if they address our demands.&quot;</p>
<p>The MRTA has said the group would negotiate a reduced number of freed comrades as long as they were high-ranking rebels. An MRTA international spokeswoman, however, hinted the group would also accept the release of ill prisoners.</p>
<p>&quot;Now it's the turn for the government to show its good faith by releasing the sick prisoners. That would signal a positive turn in negotiations,&quot; Norma Velazco said in an interview published on the MRTA's Internet web site.</p>
</text>
<copyright>(c) Reuters Limited 1997</copyright>
<metadata>
<codes class="bip:countries:1.0">
  <code code="JAP">
    <editdetail attribution="Reuters BIP Coding Group" action="confirmed" date="1997-03-28"/>
  </code>
  <code code="PERU">
    <editdetail attribution="Reuters BIP Coding Group" action="confirmed" date="1997-03-28"/>
  </code>
</codes>
<codes class="bip:topics:1.0">
  <code code="GCAT">
    <editdetail attribution="Reuters BIP Coding Group" action="confirmed" date="1997-03-28"/>
  </code>
  <code code="GVIO">
    <editdetail attribution="Reuters BIP Coding Group" action="confirmed" date="1997-03-28"/>
  </code>
</codes>
<dc element="dc.date.created" value="1997-03-28"/>
<dc element="dc.publisher" value="Reuters Holdings Plc"/>
<dc element="dc.date.published" value="1997-03-28"/>
<dc element="dc.source" value="Reuters"/>
<dc element="dc.creator.location" value="LIMA"/>
<dc element="dc.creator.location.country.name" value="PERU"/>
<dc element="dc.source" value="Reuters"/>
</metadata>
</newsitem>
