<?xml version="1.0" encoding="iso-8859-1" ?>
<newsitem itemid="474294" id="root" date="1997-03-28" xml:lang="en">
<title>THAILAND: Sick Thai firm One Holding needs credit lifeline.</title>
<headline>Sick Thai firm One Holding needs credit lifeline.</headline>
<byline>James Mclean</byline>
<dateline>BANGKOK 1997-03-28</dateline>
<text>
<p>Ailing Thai firm One Holding Plc, the investment arm of Thailand's One group of companies, must ask creditors to extend credit lines if the company is to survive, its financial advisers said on Friday.</p>
<p>One Holding, which recently defaulted on three bills of exchange worth $13.5 million, owes a further 7.018 billion baht ($270 million) in bonds and loans to 38 financial institutions, according to company data.</p>
<p>The firm, which played roles in some of the biggest deals in Thai financial circles over the last six years, has more short-term debts that are due for payment soon.</p>
<p>&quot;We have to solve the liquidity problem first and then we can discuss long-term planning,&quot; said an adviser from Dhana Siam Finance and Securities.</p>
<p>&quot;We haven't talked to the lenders yet, I think we have to talk with them to extend us some kind of credit and we can negotiate after that,&quot; he told Reuters.</p>
<p>The plight of One Holding came to light after Finance One Plc, once the largest finance firm in Thailand, had to see off its own liquidity woes by merging with lender Thai Danu Bank Plc earlier this month.</p>
<p>The demise of the expansionist One group mirrored problems experienced by a number of finance firms caught in a stock market that has lost nearly half its value over the past 12 months and a property sector whose speculative bubble has burst.</p>
<p>It also came as the Thai financial sector faced a liquidity and bad loan crisis that forced the authorities to order a revamp of financial institutions earlier this month.</p>
<p>One Holding employs between 200 and 300 staff. Executives, who asked not to be further identified, said talks were now under way to determine how many jobs would have to go.</p>
<p>Because of its financial situation, One Holding has been left out of the Thai Danu merger deal. With Finance One assets frozen pending the merger, assistance from Finance One was highly unlikely, executives said.</p>
<p>&quot;Finance One owns 9.41 percent of One Holding and has leant money to One Holding which is fully collateralised,&quot; said a company spokeswoman.</p>
<p>Finance One said earlier this month that One Holding was a debtor with a balance sheet of about 1.0 billion baht in loans and bills of exchange in owings.</p>
<p>One Holding's listing among the &quot;others&quot; section of the exchange meant possible assistance from the central bank's Financial Institutions Rehabilitation Fund, which helps struggling finance firms or banks, was also unlikely, the executives said.</p>
<p>One Holdings could sell assets that include real estate developments with a limited amount of central Bangkok property, shares in small finance companies and some industrials, the executives added.</p>
<p>The value of these will be known following a full assessment of assets early next month, the Dhana Siam adviser said.</p>
<p>If the company survives its current troubles, the prospects are that a rescue plan will return the firm to what it does well -- the rubber business.</p>
<p>&quot;One Holding does three core things,&quot; the Dhana Siam adviser said. &quot;It has real estate but the market is not good, it does investment and that is not good either, and it sells rubber and it makes a lot of money from that. If they get through this I think it will go back to rubber,&quot; he said.</p>
</text>
<copyright>(c) Reuters Limited 1997</copyright>
<metadata>
<codes class="bip:countries:1.0">
  <code code="THAIL">
    <editdetail attribution="Reuters BIP Coding Group" action="confirmed" date="1997-03-28"/>
  </code>
</codes>
<codes class="bip:industries:1.0">
  <code code="I81402">
    <editdetail attribution="Reuters BIP Coding Group" action="confirmed" date="1997-03-28"/>
  </code>
  <code code="I83100">
    <editdetail attribution="Reuters BIP Coding Group" action="confirmed" date="1997-03-28"/>
  </code>
</codes>
<codes class="bip:topics:1.0">
  <code code="C17">
    <editdetail attribution="Reuters BIP Coding Group" action="confirmed" date="1997-03-28"/>
  </code>
  <code code="C18">
    <editdetail attribution="Reuters BIP Coding Group" action="confirmed" date="1997-03-28"/>
  </code>
  <code code="C181">
    <editdetail attribution="Reuters BIP Coding Group" action="confirmed" date="1997-03-28"/>
  </code>
  <code code="CCAT">
    <editdetail attribution="Reuters BIP Coding Group" action="confirmed" date="1997-03-28"/>
  </code>
</codes>
<dc element="dc.date.created" value="1997-03-28"/>
<dc element="dc.publisher" value="Reuters Holdings Plc"/>
<dc element="dc.date.published" value="1997-03-28"/>
<dc element="dc.source" value="Reuters"/>
<dc element="dc.creator.location" value="BANGKOK"/>
<dc element="dc.creator.location.country.name" value="THAILAND"/>
<dc element="dc.source" value="Reuters"/>
</metadata>
</newsitem>
