<?xml version="1.0" encoding="iso-8859-1" ?>
<newsitem itemid="474299" id="root" date="1997-03-28" xml:lang="en">
<title>JAPAN: NCB debenture due Jan 99 traded at 7.0 pct-traders. [CORRECTED 02:00 GMT]</title>
<headline>NCB debenture due Jan 99 traded at 7.0 pct-traders. [CORRECTED 02:00 GMT]</headline>
<dateline>TOKYO 1997-03-28</dateline>
<text>
<p>(Corrects the month in the headline and the text to January from November.)</p>
<p>Nippon Credit Bank Ltd's 1.4 percent debenture due January 1999 was traded at 7.0 percent on Friday morning, traders said.  </p>
<p>Trade of the debentures amounted to about 200 million yen, they said.</p>
<p>&quot;A few other NCB debentures with more than one year until maturity were traded at a yield of 7.0 percent this morning,&quot; said a dealer at a securities brokerage.</p>
<p>Traders said NCB debentures with a similar period until maturity were traded at around 8.0 percent on Thursday before the bank said later in the day that it expected to unveil a restructuring plan in early April.</p>
<p>NCB said it could not give a specific date for unveiling the plan until earnings results for the current business year ending March 31 became clearer.</p>
<p>The yield curve of NCB debentures has been flat for several weeks since they came under consistent selling pressure across the yield curve on fears over the bank's health.</p>
<p>Additional selling pressure appeared recently on fears that the government might not protect institutional investors in bank debentures if the issuer collapsed.</p>
<p>Moody's Investors Service on March 21 cut the rating on NCB's debentures to junk bond levels, saying it expected NCB might ultimately require outside assistance due to its massive problem loans. The rating was cut to Ba1 from Baa3.</p>
<p>Taku Yamasaki, chairman of the policy-making committee of the ruling Liberal Democratic Party, said in a television programme last Sunday that bank debentures sold to institutional investors should not be protected by the use of public funds.</p>
<p>-- Tokyo Treasury Desk +81-33432-8570</p>
</text>
<copyright>(c) Reuters Limited 1997</copyright>
<metadata>
<codes class="bip:countries:1.0">
  <code code="JAP">
    <editdetail attribution="Reuters BIP Coding Group" action="confirmed" date="1997-03-28"/>
  </code>
</codes>
<codes class="bip:industries:1.0">
  <code code="I81402">
    <editdetail attribution="Reuters BIP Coding Group" action="confirmed" date="1997-03-28"/>
  </code>
</codes>
<codes class="bip:topics:1.0">
  <code code="C17">
    <editdetail attribution="Reuters BIP Coding Group" action="confirmed" date="1997-03-28"/>
  </code>
  <code code="C172">
    <editdetail attribution="Reuters BIP Coding Group" action="confirmed" date="1997-03-28"/>
  </code>
  <code code="CCAT">
    <editdetail attribution="Reuters BIP Coding Group" action="confirmed" date="1997-03-28"/>
  </code>
</codes>
<dc element="dc.date.created" value="1997-03-28"/>
<dc element="dc.publisher" value="Reuters Holdings Plc"/>
<dc element="dc.date.published" value="1997-03-28"/>
<dc element="dc.source" value="Reuters"/>
<dc element="dc.creator.location" value="TOKYO"/>
<dc element="dc.creator.location.country.name" value="JAPAN"/>
<dc element="dc.source" value="Reuters"/>
</metadata>
</newsitem>
