<?xml version="1.0" encoding="iso-8859-1" ?>
<newsitem itemid="474273" id="root" date="1997-03-28" xml:lang="en">
<title>MALAYSIA: KL palm oil ends week higher, awaits March export.</title>
<headline>KL palm oil ends week higher, awaits March export.</headline>
<text>
<p>PALM OIL FUTURES		PALM OIL PHYSICAL</p>
<p>Jun (3rd pos) 1,245 rgt/tonne	  Apr (south) 1,287.50*</p>
<p>Open/Hi/Low 1,243/1,251/1,243	  Prev close 1,285</p>
<p>Prev settlement  1,241		   * sellers prices</p>
<p>PALM OIL FUTURES - Prices ended higher after some late buying emerged in late dealing. Market awaits March export data from SGS (M) Sdn Bhd and Caleb Brett on Monday. Prices are likely to gain further next week if soyoil rise further after the Good Friday and Easter holidays.</p>
<p>PALM OIL PHYSICAL - The market was also marked up in line with futures. RBD palm olein and CPO saw more business.  </p>
<p>Two cargo surveyors, SGS (M) Sdn Bhd and Caleb Brett are scheduled to release the March export data on Monday to provide the market a lead, traders said.</p>
<p>The market is expected to extend gains into early next week before trading in a tight range if demand is absent.</p>
<p>&quot;We hope the market will rise slightly next week and shortcovering may emerge if soyoil opens higher after the Easter holidays.&quot;</p>
<p>Malaysia's benchmark third position June futures closed at 1,245 ringgit ($502.62) a tonne, up four ringgit. The contract is seen trading between 1,240 and 1,265 ringgit.  </p>
<p>&quot;If June futures contract breaks the 1,255 level, it will try to test the next resistance of 1,265,&quot; a chartist said.</p>
<p>But some traders said gains could be limited as the fundamental outlook remains uncertain with production in coming months seen rising.</p>
<p>Among physicals, April (south) crude palm oil was offered at 1,287.50 ringgit against bids of 1,285, after trading at 1,290 and 1,287.50.</p>
<p>April (central) saw offers at 1,275 against bids of 1,270 and April (north) at 1,260 against 1,250.  </p>
<p>May south) was offered at 1,280 and bids at 1,272.50 with trades at 1,277.50 and 1,275. May (central) saw offers at 1,270 against 1,265.</p>
<p>Among refined products, Apr RBD palm oil was offered at $542.50 a tonne FOB Malaysia, May $540, June at $535 and July/Aug/Sep at $532.50.</p>
<p>Apr RBD palm olein saw offers at $582.50, May at $572.50, Jun at $570 and July/Aug/Sep at 565. Apr was traded at $582.50, May at $572.50 and $575, and June at $571 and $572.</p>
<p>Apr RBD palm stearin was offered at $440 and Apr/May palm fatty acid distillate saw sellers at $295.</p>
<p>--Tan Lee Lee (603-230-7510) ($1=2.4770 ringgit)</p>
</text>
<copyright>(c) Reuters Limited 1997</copyright>
<metadata>
<codes class="bip:countries:1.0">
  <code code="MALAY">
    <editdetail attribution="Reuters BIP Coding Group" action="confirmed" date="1997-03-28"/>
  </code>
</codes>
<codes class="bip:topics:1.0">
  <code code="M14">
    <editdetail attribution="Reuters BIP Coding Group" action="confirmed" date="1997-03-28"/>
  </code>
  <code code="M141">
    <editdetail attribution="Reuters BIP Coding Group" action="confirmed" date="1997-03-28"/>
  </code>
  <code code="MCAT">
    <editdetail attribution="Reuters BIP Coding Group" action="confirmed" date="1997-03-28"/>
  </code>
</codes>
<dc element="dc.publisher" value="Reuters Holdings Plc"/>
<dc element="dc.date.published" value="1997-03-28"/>
<dc element="dc.source" value="Reuters"/>
<dc element="dc.creator.location.country.name" value="MALAYSIA"/>
<dc element="dc.source" value="Reuters"/>
</metadata>
</newsitem>
