<?xml version="1.0" encoding="iso-8859-1" ?>
<newsitem itemid="474226" id="root" date="1997-03-28" xml:lang="en">
<title>ROMANIA: ROMANIAN PRODUCER PRICES JUMPS 8.9 PCT IN JANUARY.</title>
<headline>ROMANIAN PRODUCER PRICES JUMPS 8.9 PCT IN JANUARY.</headline>
<dateline>BUCHAREST 1997-03-28</dateline>
<text>
<p>Producer prices in Romanian industry soared by 8.9 percent in January from last December, when they saw a 2.4 percent rise, National Statistics Board (CNS) data showed on Friday.</p>
<p>January's producer prices were 70.4 percent up year-on-year</p>
<p> ROMANIAN PRODUCER PRICES	 JAN 97    DEC 96   JAN 96</p>
<p> mth/mth change			+8.9     +2.4	+2.6</p>
<p>  extraction industry		+1.4     +0.2	+0.4</p>
<p>  processing industry	     +10.5     +2.9	+2.9</p>
<p>  energy and gas industry	  +1.1     +0.2	+1.4</p>
<p>-- Bucharest Newsroom 40-1 3120264</p>
</text>
<copyright>(c) Reuters Limited 1997</copyright>
<metadata>
<codes class="bip:countries:1.0">
  <code code="ROM">
    <editdetail attribution="Reuters BIP Coding Group" action="confirmed" date="1997-03-28"/>
  </code>
</codes>
<codes class="bip:topics:1.0">
  <code code="E13">
    <editdetail attribution="Reuters BIP Coding Group" action="confirmed" date="1997-03-28"/>
  </code>
  <code code="E132">
    <editdetail attribution="Reuters BIP Coding Group" action="confirmed" date="1997-03-28"/>
  </code>
  <code code="ECAT">
    <editdetail attribution="Reuters BIP Coding Group" action="confirmed" date="1997-03-28"/>
  </code>
</codes>
<dc element="dc.date.created" value="1997-03-28"/>
<dc element="dc.publisher" value="Reuters Holdings Plc"/>
<dc element="dc.date.published" value="1997-03-28"/>
<dc element="dc.source" value="Reuters"/>
<dc element="dc.creator.location" value="BUCHAREST"/>
<dc element="dc.creator.location.country.name" value="ROMANIA"/>
<dc element="dc.source" value="Reuters"/>
</metadata>
</newsitem>
