<?xml version="1.0" encoding="iso-8859-1" ?>
<newsitem itemid="474208" id="root" date="1997-03-28" xml:lang="en">
<title>HUNGARY: Pick may begin producing mineral water.</title>
<headline>Pick may begin producing mineral water.</headline>
<dateline>BUDAPEST 1997-03-28</dateline>
<text>
<p>Hungarian meat processor Pick said on Friday it may start to produce mineral water after discovering a source on its company premises in Szeged, southern Hungary.</p>
<p>&quot;We have the licences to exploit the water and tests show that it contains minerals which qualify it as mineral water,&quot; Pick's finance director Lukacs Vamosi told Reuters.</p>
<p>&quot;Test production has started but it won't be a very big investment. If it proves to be profitable we will spend more on it later.&quot;</p>
<p>Vamosi said the water had been discovered during an effort to dig wells as a cost-saving exercise.</p>
<p>&quot;We use large amounts of mains water in producing our salami and as there is a lot of underground water around Szeged we tried digging wells on our own land to save production costs,&quot; he said.</p>
<p>The management will ask shareholders' approval for its plan to exploit the source at the company's annual general meeting on April 28.</p>
<p>The board of directors said on Wednesday they would propose a 20 percent dividend payout, or 200 forints per share, on the 1996 results, and would seek authorisation to organise a 10 percent equity increase.</p>
<p>The company paid a 15 percent dividend last year.</p>
<p>Pick posted a consolidated pre-tax profit of 2.48 billion forints on net sales of 28.56 billion in 1996.</p>
<p>At 1059 GMT Pick shares stood at 11,500 forints down 200 on Thursday's close.</p>
<p>-- Duncan Shiels, Budapest newsroom +361 327 4040</p>
</text>
<copyright>(c) Reuters Limited 1997</copyright>
<metadata>
<codes class="bip:countries:1.0">
  <code code="HUNG">
    <editdetail attribution="Reuters BIP Coding Group" action="confirmed" date="1997-03-28"/>
  </code>
</codes>
<codes class="bip:industries:1.0">
  <code code="I17000">
    <editdetail attribution="Reuters BIP Coding Group" action="confirmed" date="1997-03-28"/>
  </code>
  <code code="I41220">
    <editdetail attribution="Reuters BIP Coding Group" action="confirmed" date="1997-03-28"/>
  </code>
</codes>
<codes class="bip:topics:1.0">
  <code code="C21">
    <editdetail attribution="Reuters BIP Coding Group" action="confirmed" date="1997-03-28"/>
  </code>
  <code code="CCAT">
    <editdetail attribution="Reuters BIP Coding Group" action="confirmed" date="1997-03-28"/>
  </code>
</codes>
<dc element="dc.date.created" value="1997-03-28"/>
<dc element="dc.publisher" value="Reuters Holdings Plc"/>
<dc element="dc.date.published" value="1997-03-28"/>
<dc element="dc.source" value="Reuters"/>
<dc element="dc.creator.location" value="BUDAPEST"/>
<dc element="dc.creator.location.country.name" value="HUNGARY"/>
<dc element="dc.source" value="Reuters"/>
</metadata>
</newsitem>
