<?xml version="1.0" encoding="iso-8859-1" ?>
<newsitem itemid="474260" id="root" date="1997-03-28" xml:lang="en">
<title>BRAZIL: Brazil income distribution improves slightly.</title>
<headline>Brazil income distribution improves slightly.</headline>
<dateline>BRASILIA 1997-03-28</dateline>
<text>
<p>Income distribution in Brazil, one of the world's most lopsided, improved marginally last year, according to a survey published on Friday.</p>
<p>The study by the Planning Ministry's Institute of Applied Economic Research (IPEA) showed that the proportion of people below the poverty line, or earning less than 65 reais ($62.5) a month, fell to 25.1 percent from 33.4 percent in 1994.</p>
<p>The wealthiest 20 percent of the population earned 62.4 percent of Brazil's total income, down from 64.7 percent two years ago, the survey showed. Half of the nation received 12.3 percent of the country's income, up from 11.3 percent.</p>
<p>IPEA said the improvement was mainly due to Brazil's victory over inflation, which fell to 10 percent a year in 1996 from an annual rate of 5,000 percent in early 1994 through the &quot;Plano Real&quot; economic stabilization plan.</p>
<p>President Fernando Henrique Cardoso's government claims the 30-month-old Plano Real, which Cardoso launched when he was finance minister, has lifted 13 million Brazilians above the poverty line.</p>
<p>But the wealth gap continues to be vast. A United Nations report last June placed Brazil last on a list of 55 countries in terms of wealth distribution.</p>
</text>
<copyright>(c) Reuters Limited 1997</copyright>
<metadata>
<codes class="bip:countries:1.0">
  <code code="BRAZ">
    <editdetail attribution="Reuters BIP Coding Group" action="confirmed" date="1997-03-28"/>
  </code>
</codes>
<codes class="bip:topics:1.0">
  <code code="E14">
    <editdetail attribution="Reuters BIP Coding Group" action="confirmed" date="1997-03-28"/>
  </code>
  <code code="E142">
    <editdetail attribution="Reuters BIP Coding Group" action="confirmed" date="1997-03-28"/>
  </code>
  <code code="ECAT">
    <editdetail attribution="Reuters BIP Coding Group" action="confirmed" date="1997-03-28"/>
  </code>
</codes>
<dc element="dc.date.created" value="1997-03-28"/>
<dc element="dc.publisher" value="Reuters Holdings Plc"/>
<dc element="dc.date.published" value="1997-03-28"/>
<dc element="dc.source" value="Reuters"/>
<dc element="dc.creator.location" value="BRASILIA"/>
<dc element="dc.creator.location.country.name" value="BRAZIL"/>
<dc element="dc.source" value="Reuters"/>
</metadata>
</newsitem>
