<?xml version="1.0" encoding="iso-8859-1" ?>
<newsitem itemid="474228" id="root" date="1997-03-28" xml:lang="en">
<title>HUNGARY: Richter plans 16pct '96 div vs 10pct in '95.</title>
<headline>Richter plans 16pct '96 div vs 10pct in '95.</headline>
<dateline>BUDAPEST 1997-03-28</dateline>
<text>
<p>Hungarian pharmaceuticals company Richter Gedeon Rt said on Friday that its management would propose paying a 16 percent dividend or 160 forints per share on ordinary stocks on the 1996 results.</p>
<p>Richter paid a 10 percent dividend on ordinary shares after the 1995 results.</p>
<p>Holders of preference shares will receive an unchanged 12 percent dividend.</p>
<p>Richter will hold its annual shareholders meeting on April 29.</p>
<p>-- Budapest newsroom +36 1 327-4040</p>
</text>
<copyright>(c) Reuters Limited 1997</copyright>
<metadata>
<codes class="bip:countries:1.0">
  <code code="HUNG">
    <editdetail attribution="Reuters BIP Coding Group" action="confirmed" date="1997-03-28"/>
  </code>
</codes>
<codes class="bip:industries:1.0">
  <code code="I25700">
    <editdetail attribution="Reuters BIP Coding Group" action="confirmed" date="1997-03-28"/>
  </code>
</codes>
<codes class="bip:topics:1.0">
  <code code="C15">
    <editdetail attribution="Reuters BIP Coding Group" action="confirmed" date="1997-03-28"/>
  </code>
  <code code="C151">
    <editdetail attribution="Reuters BIP Coding Group" action="confirmed" date="1997-03-28"/>
  </code>
  <code code="CCAT">
    <editdetail attribution="Reuters BIP Coding Group" action="confirmed" date="1997-03-28"/>
  </code>
</codes>
<dc element="dc.date.created" value="1997-03-28"/>
<dc element="dc.publisher" value="Reuters Holdings Plc"/>
<dc element="dc.date.published" value="1997-03-28"/>
<dc element="dc.source" value="Reuters"/>
<dc element="dc.creator.location" value="BUDAPEST"/>
<dc element="dc.creator.location.country.name" value="HUNGARY"/>
<dc element="dc.source" value="Reuters"/>
</metadata>
</newsitem>
