<?xml version="1.0" encoding="iso-8859-1" ?>
<newsitem itemid="474211" id="root" date="1997-03-28" xml:lang="en">
<title>CZECH REPUBLIC: Czech CEZ sees 1997 net profit around CZK six bln.</title>
<headline>Czech CEZ sees 1997 net profit around CZK six bln.</headline>
<dateline>PRAGUE 1997-03-28</dateline>
<text>
<p>Czech electricity generator CEZ a.s. on Friday said it expects its 1997 net profit to fall to around &quot;the six billion crown&quot; level.</p>
<p>&quot;Net profit will decline to the level of about six billion crowns, which is in line with our long-term expectations of a shift of internal sources from profit to write-offs,&quot; Petr Voboril, head of CEZ's planning section, told a news conference.</p>
<p>He did not say whether he was referring to profit calculated according to Czech or international accounting standards.</p>
</text>
<copyright>(c) Reuters Limited 1997</copyright>
<metadata>
<codes class="bip:countries:1.0">
  <code code="CZREP">
    <editdetail attribution="Reuters BIP Coding Group" action="confirmed" date="1997-03-28"/>
  </code>
</codes>
<codes class="bip:industries:1.0">
  <code code="I16100">
    <editdetail attribution="Reuters BIP Coding Group" action="confirmed" date="1997-03-28"/>
  </code>
</codes>
<codes class="bip:topics:1.0">
  <code code="C15">
    <editdetail attribution="Reuters BIP Coding Group" action="confirmed" date="1997-03-28"/>
  </code>
  <code code="C152">
    <editdetail attribution="Reuters BIP Coding Group" action="confirmed" date="1997-03-28"/>
  </code>
  <code code="CCAT">
    <editdetail attribution="Reuters BIP Coding Group" action="confirmed" date="1997-03-28"/>
  </code>
</codes>
<dc element="dc.date.created" value="1997-03-28"/>
<dc element="dc.publisher" value="Reuters Holdings Plc"/>
<dc element="dc.date.published" value="1997-03-28"/>
<dc element="dc.source" value="Reuters"/>
<dc element="dc.creator.location" value="PRAGUE"/>
<dc element="dc.creator.location.country.name" value="CZECH REPUBLIC"/>
<dc element="dc.source" value="Reuters"/>
</metadata>
</newsitem>
