<?xml version="1.0" encoding="iso-8859-1" ?>
<newsitem itemid="474258" id="root" date="1997-03-28" xml:lang="en">
<title>CUBA: Bishops call for Cuban unity ahead of papal visit.</title>
<headline>Bishops call for Cuban unity ahead of papal visit.</headline>
<dateline>HAVANA 1997-03-28</dateline>
<text>
<p>Cuba's Roman Catholic bishops urged Cubans on Friday to unite in a spirit of love ahead of Pope John Paul II's visit to the Communist-ruled island in January.</p>
<p>An Easter message by the bishops said the Cuban church hoped the pope's presence would &quot;favor sincere and real unity in our church, among different religious faiths and among all Cubans, however they think.&quot;</p>
<p>The pope is due to visit Cuba on Jan. 21-25. It is the only Spanish-speaking Latin American country he has not visited.</p>
<p>The trip was agreed to at a historic first meeting between the pontiff and President Fidel Castro at the Vatican last November that underscored a recent climate of improved relations between the Communist authorities and the church.</p>
<p>The Cuban bishops have made love and reconciliation a message for some time as they press for more tolerance for religion and wider leeway for the church to operate in Cuba. Condemning intolerance in their Easter message, they said the church itself had historically been a culprit when it confused &quot;unity with uniformity or with false unanimity.&quot;</p>
<p>Such an attitude gave rise in the past to &quot;authoritarianism, the excesses of the Inquisition, intolerance, abuse of power and clericalism that have weighed so heavily on the memory of the church,&quot; they said.</p>
<p>The Easter message said reconciliation should be a central part of spiritual preparation for the papal visit.</p>
</text>
<copyright>(c) Reuters Limited 1997</copyright>
<metadata>
<codes class="bip:countries:1.0">
  <code code="CUBA">
    <editdetail attribution="Reuters BIP Coding Group" action="confirmed" date="1997-03-28"/>
  </code>
  <code code="VCAN">
    <editdetail attribution="Reuters BIP Coding Group" action="confirmed" date="1997-03-28"/>
  </code>
</codes>
<codes class="bip:topics:1.0">
  <code code="GCAT">
    <editdetail attribution="Reuters BIP Coding Group" action="confirmed" date="1997-03-28"/>
  </code>
  <code code="GDIP">
    <editdetail attribution="Reuters BIP Coding Group" action="confirmed" date="1997-03-28"/>
  </code>
  <code code="GPOL">
    <editdetail attribution="Reuters BIP Coding Group" action="confirmed" date="1997-03-28"/>
  </code>
  <code code="GREL">
    <editdetail attribution="Reuters BIP Coding Group" action="confirmed" date="1997-03-28"/>
  </code>
</codes>
<dc element="dc.date.created" value="1997-03-28"/>
<dc element="dc.publisher" value="Reuters Holdings Plc"/>
<dc element="dc.date.published" value="1997-03-28"/>
<dc element="dc.source" value="Reuters"/>
<dc element="dc.creator.location" value="HAVANA"/>
<dc element="dc.creator.location.country.name" value="CUBA"/>
<dc element="dc.source" value="Reuters"/>
</metadata>
</newsitem>
