<?xml version="1.0" encoding="iso-8859-1" ?>
<newsitem itemid="474212" id="root" date="1997-03-28" xml:lang="en">
<title>ROMANIA: Romania January trade deficit at $134.5 mln.</title>
<headline>Romania January trade deficit at $134.5 mln.</headline>
<dateline>BUCHAREST 1997-03-28</dateline>
<text>
<p>Romania's trade balance had a $134.5 million deficit in January, down from $158.3 million in the same month of 1996, the National Statistics Board (CNS) said on Friday.</p>
<p>&quot;Both exports and imports went down in January, with imports dropping sharper than the fall in exports,&quot; CNS president Pavel Wagner told a news conference.</p>
<p>January's exports stood at $575.4 million, or 6.8 percent down year-on-year, with textiles and metals holding about 60 percent of the overall figure.</p>
<p>Imports were $709.9 million, falling 8.5 percent from January 1996, with minerals toping the import list.</p>
<p>The private sector accounted for 55.4 percent of exports in January, when it took 43.8 percent of imports.</p>
<p>Germany was Romania's leading trading partner in January.</p>
<p>Romania aims to slash the deficit in the current account -- whose main component is the trade balance -- to $1.4 billion this year from an estimated $2.3 billion last year.</p>
<p> ROMANIAN TRADE		JAN 97    DEC 96	JAN 96</p>
<p> Exports million USD	  575.4     854.0   617.4 (398.0)</p>
<p> Imports			  709.9   1,226.7   775.7 (369.0)</p>
<p> Balance			 -134.5    -372.7  -158.3 (+29.0)</p>
<p>NOTES -- All figures in FOB prices and subject to revisions. Last December's data do not include imports with customs documents delayed.</p>
<p>-- Mirela Eremia, Bucharest Newsroom 40-1 3120264</p>
</text>
<copyright>(c) Reuters Limited 1997</copyright>
<metadata>
<codes class="bip:countries:1.0">
  <code code="ROM">
    <editdetail attribution="Reuters BIP Coding Group" action="confirmed" date="1997-03-28"/>
  </code>
</codes>
<codes class="bip:topics:1.0">
  <code code="E51">
    <editdetail attribution="Reuters BIP Coding Group" action="confirmed" date="1997-03-28"/>
  </code>
  <code code="E512">
    <editdetail attribution="Reuters BIP Coding Group" action="confirmed" date="1997-03-28"/>
  </code>
  <code code="ECAT">
    <editdetail attribution="Reuters BIP Coding Group" action="confirmed" date="1997-03-28"/>
  </code>
</codes>
<dc element="dc.date.created" value="1997-03-28"/>
<dc element="dc.publisher" value="Reuters Holdings Plc"/>
<dc element="dc.date.published" value="1997-03-28"/>
<dc element="dc.source" value="Reuters"/>
<dc element="dc.creator.location" value="BUCHAREST"/>
<dc element="dc.creator.location.country.name" value="ROMANIA"/>
<dc element="dc.source" value="Reuters"/>
</metadata>
</newsitem>
