<?xml version="1.0" encoding="iso-8859-1" ?>
<newsitem itemid="474296" id="root" date="1997-03-28" xml:lang="en">
<title>SOUTH KOREA: S.Korean court approves arrest for Hanbo chairman.</title>
<headline>S.Korean court approves arrest for Hanbo chairman.</headline>
<dateline>SEOUL 1997-03-28</dateline>
<text>
<p>A Seoul court on Friday issued an arrest warrant for the chairman of the troubled Hanbo Group whose steelmaking flagship crumbled in January, a court official said.  </p>
<p>&quot;The court has just approved the arrest warrant for Mr Chung Bo-keun,&quot; he said.</p>
<p>The prosecutors sought an arrest warrant earlier on Friday, accusing Chung of pocketing about 37 billion won ($41 million) from Hanbo Group funds. Hanbo, with 22 member firms, is South Korea's 14th-biggest industrial conglomerate.</p>
<p>Chung's father, Hanbo founder Chung Tae-soo, is standing trial along with nine other people in connection with a loans scandal that has rocked the nation.</p>
<p>Prosecutors reopened their investigation into the Hanbo scandal last Friday after the opposition attacked an earlier investigation as a whitewash which failed to bring major players to justice.</p>
<p>($1 = 893 won)</p>
</text>
<copyright>(c) Reuters Limited 1997</copyright>
<metadata>
<codes class="bip:countries:1.0">
  <code code="SKOREA">
    <editdetail attribution="Reuters BIP Coding Group" action="confirmed" date="1997-03-28"/>
  </code>
</codes>
<codes class="bip:industries:1.0">
  <code code="I22100">
    <editdetail attribution="Reuters BIP Coding Group" action="confirmed" date="1997-03-28"/>
  </code>
</codes>
<codes class="bip:topics:1.0">
  <code code="C12">
    <editdetail attribution="Reuters BIP Coding Group" action="confirmed" date="1997-03-28"/>
  </code>
  <code code="CCAT">
    <editdetail attribution="Reuters BIP Coding Group" action="confirmed" date="1997-03-28"/>
  </code>
  <code code="GCAT">
    <editdetail attribution="Reuters BIP Coding Group" action="confirmed" date="1997-03-28"/>
  </code>
  <code code="GCRIM">
    <editdetail attribution="Reuters BIP Coding Group" action="confirmed" date="1997-03-28"/>
  </code>
</codes>
<dc element="dc.date.created" value="1997-03-28"/>
<dc element="dc.publisher" value="Reuters Holdings Plc"/>
<dc element="dc.date.published" value="1997-03-28"/>
<dc element="dc.source" value="Reuters"/>
<dc element="dc.creator.location" value="SEOUL"/>
<dc element="dc.creator.location.country.name" value="SOUTH KOREA"/>
<dc element="dc.source" value="Reuters"/>
</metadata>
</newsitem>
