<?xml version="1.0" encoding="iso-8859-1" ?>
<newsitem itemid="474216" id="root" date="1997-03-28" xml:lang="en">
<title>POLAND: Polish c.bank to allow more risky investment - paper.</title>
<headline>Polish c.bank to allow more risky investment - paper.</headline>
<dateline>WARSAW 1997-03-28</dateline>
<text>
<p>The National Bank of Poland plans to allow commercial banks to invest in more risky securities providing that banks will make special reserves to cover the risk, the Nowa Europa daily said.</p>
<p>&quot;The NBP's currency department is preparing a regulation allowing banks to buy higher risk securities under the condition that the bank will make a 100 percent reserve to cover the risk,&quot; the financial daily said.</p>
<p>Polish commercial banks have so far only been allowed to buy debt issues of institutions with the highest credit rating and treasuries of countries belonging to the Organisation for Economic Cooperation and Development.</p>
<p>The NBP was not immediately available for comment.</p>
<p>-- Warsaw Newsroom +48 22 653 9700</p>
</text>
<copyright>(c) Reuters Limited 1997</copyright>
<metadata>
<codes class="bip:countries:1.0">
  <code code="POL">
    <editdetail attribution="Reuters BIP Coding Group" action="confirmed" date="1997-03-28"/>
  </code>
</codes>
<codes class="bip:industries:1.0">
  <code code="I81402">
    <editdetail attribution="Reuters BIP Coding Group" action="confirmed" date="1997-03-28"/>
  </code>
  <code code="I83100">
    <editdetail attribution="Reuters BIP Coding Group" action="confirmed" date="1997-03-28"/>
  </code>
</codes>
<codes class="bip:topics:1.0">
  <code code="C13">
    <editdetail attribution="Reuters BIP Coding Group" action="confirmed" date="1997-03-28"/>
  </code>
  <code code="CCAT">
    <editdetail attribution="Reuters BIP Coding Group" action="confirmed" date="1997-03-28"/>
  </code>
</codes>
<dc element="dc.date.created" value="1997-03-28"/>
<dc element="dc.publisher" value="Reuters Holdings Plc"/>
<dc element="dc.date.published" value="1997-03-28"/>
<dc element="dc.source" value="Reuters"/>
<dc element="dc.creator.location" value="WARSAW"/>
<dc element="dc.creator.location.country.name" value="POLAND"/>
<dc element="dc.source" value="Reuters"/>
</metadata>
</newsitem>
