<?xml version="1.0" encoding="iso-8859-1" ?>
<newsitem itemid="474275" id="root" date="1997-03-28" xml:lang="en">
<title>PHILIPPINES: Crucifixions mark Good Friday in Philippines.</title>
<headline>Crucifixions mark Good Friday in Philippines.</headline>
<byline>Uday Khandeparkar</byline>
<dateline>CUTUD, Philippines 1997-03-28</dateline>
<text>
<p>Devout Christians had themselves nailed to wooden crosses while others beat their own backs with whips in a bloody re-enactment of Jesus Christ's crucifixion on Good Friday nearly 2,000 years ago.</p>
<p>The event, which has become a tradition in the Philippines, drew large crowds and vendors in a carnival-like scene that Roman Catholic Church officials refuse to endorse because of its extreme nature.</p>
<p>Fifteen penitents, one of them an elderly woman, lay grimacing on wooden crosses in Cutud San Pedro town, 80 kms (50 miles) north of Manila, as friends hammered four-inch long nails into their palms.</p>
<p>Then under the blazing sun the crosses were hoisted up as the 5,000 spectators looked on.</p>
<p>Just outside the barricaded mound where the penitents suffered, ice cream and soft-drink vendors rang their bells in a cacophony to attract thirsty tourists.</p>
<p>Signboards pointed to Calvary Hill, named after the biblical site where Christ was crucified in the Holy Land nearly 2,000 years ago.</p>
<p>&quot;This way to Calvary,&quot; said one sign placed just above another board saying: &quot;Cali Shandy available&quot;.</p>
<p>&quot;Anyone trying to inflict such pain on themselves is indeed very strange,&quot; said Keith Morton, an American management consultant based in Singapore.</p>
<p>He had come to the Philippines specially to see the crucifixions after he read about it in a book, he said.</p>
<p>&quot;Their faith, their country. They can do what they like,&quot; said David Cowley, a retired Briton who stays in a nearby town.</p>
<p>But to the penitents, all of whom are poor and illiterate, it was their way to atone for sins and seek divine favours.</p>
<p>Chito Sangalang, 37, who had played the role of Jesus Christ and was the first to be crucified, said he made a living selling smoked fish on the sidewalks.</p>
<p>&quot;My wife gets nervous but I am not scared,&quot; he said before the crucifixion.</p>
<p>His mother and one of his children were ill and his sacifice would help them recover, he said, showing a bottle of alcohol in which he had dipped the nails that went through his palms.</p>
<p>Sangalang shivered, bit his lips and screamed as the spikes were driven into him.</p>
<p>He stayed up on the cross for eight minutes.</p>
<p>&quot;I don't want to see anymore,&quot; said an American tourist. &quot;I looked away when they were putting the nails into him... Why should they do this.&quot;</p>
<p>The Catholic Church frowns on the bloody rites that began more than three decades ago in the Philippines, whose population of 68 million is 85 percent Catholic.</p>
<p>Ben Enaje, 36, a signboard painter, said he wanted to be crucified to repay a debt to God. Nine years ago, he had fallen from the third floor of a building while doing a painting job and survived without much injury.</p>
<p>Since then he had offered himself for crucifixion every year and would continue it until he finished 12 years, he said.</p>
<p>&quot;Yes, I am nervous. But it is up to God,&quot; he said.</p>
<p>&quot;I am doing this for the benefit of everybody,&quot; said 55-year-old Mother Paring, the only woman to be crucified.</p>
<p>Meanwhile, dozens of young men with hoods on their faces and crowns of thorns beat their backs into a bloody pulp with bamboo whips encrusted with glass shards.</p>
<p>Police said two people were crucified in nearby towns and and hundreds of devotees in other parts of the country walked barefoot to religious shrines as part of their sacrifice.</p>
</text>
<copyright>(c) Reuters Limited 1997</copyright>
<metadata>
<codes class="bip:countries:1.0">
  <code code="PHLNS">
    <editdetail attribution="Reuters BIP Coding Group" action="confirmed" date="1997-03-28"/>
  </code>
</codes>
<codes class="bip:topics:1.0">
  <code code="GCAT">
    <editdetail attribution="Reuters BIP Coding Group" action="confirmed" date="1997-03-28"/>
  </code>
  <code code="GREL">
    <editdetail attribution="Reuters BIP Coding Group" action="confirmed" date="1997-03-28"/>
  </code>
</codes>
<dc element="dc.date.created" value="1997-03-28"/>
<dc element="dc.publisher" value="Reuters Holdings Plc"/>
<dc element="dc.date.published" value="1997-03-28"/>
<dc element="dc.source" value="Reuters"/>
<dc element="dc.creator.location" value="CUTUD, Philippines"/>
<dc element="dc.creator.location.country.name" value="PHILIPPINES"/>
<dc element="dc.source" value="Reuters"/>
</metadata>
</newsitem>
