<?xml version="1.0" encoding="iso-8859-1" ?>
<newsitem itemid="474206" id="root" date="1997-03-28" xml:lang="en">
<title>SLOVENIA: Slovenian March inflation eases to 7.4 pct yr/yr.</title>
<headline>Slovenian March inflation eases to 7.4 pct yr/yr.</headline>
<dateline>LJUBLJANA 1997-03-28</dateline>
<text>
<p>The Statistical Office of Slovenia reported the following economic indicator details on Friday.</p>
<p>RETAIL PRICE INFLATION</p>
<p>    (changes in percent)	 March  Feb   March 96</p>
<p>    Month-on-month change	 0.3   0.4    1.3</p>
<p>    Year-on-year change	   7.4   8.5    9.3</p>
<p>-- Ljubljana newsroom, 386-61-125-8439</p>
</text>
<copyright>(c) Reuters Limited 1997</copyright>
<metadata>
<codes class="bip:countries:1.0">
  <code code="SLVNIA">
    <editdetail attribution="Reuters BIP Coding Group" action="confirmed" date="1997-03-28"/>
  </code>
</codes>
<codes class="bip:topics:1.0">
  <code code="E13">
    <editdetail attribution="Reuters BIP Coding Group" action="confirmed" date="1997-03-28"/>
  </code>
  <code code="E131">
    <editdetail attribution="Reuters BIP Coding Group" action="confirmed" date="1997-03-28"/>
  </code>
  <code code="ECAT">
    <editdetail attribution="Reuters BIP Coding Group" action="confirmed" date="1997-03-28"/>
  </code>
</codes>
<dc element="dc.date.created" value="1997-03-28"/>
<dc element="dc.publisher" value="Reuters Holdings Plc"/>
<dc element="dc.date.published" value="1997-03-28"/>
<dc element="dc.source" value="Reuters"/>
<dc element="dc.creator.location" value="LJUBLJANA"/>
<dc element="dc.creator.location.country.name" value="SLOVENIA"/>
<dc element="dc.source" value="Reuters"/>
</metadata>
</newsitem>
