<?xml version="1.0" encoding="iso-8859-1" ?>
<newsitem itemid="474266" id="root" date="1997-03-28" xml:lang="en">
<title>COLOMBIA: FEATURE - Civilians in crossfire of Colombia's dirtiest war.</title>
<headline>FEATURE - Civilians in crossfire of Colombia's dirtiest war.</headline>
<byline>Karl Penhaul</byline>
<dateline>APARTADO, Colombia 1997-03-28</dateline>
<text>
<p>Manuel de Jesus Pena does not want to know who blew his legs off in an indiscriminate grenade attack last year -- he just wants the dirty war to stop.</p>
<p>Like thousands of other civilians in this northwest region of Uraba -- the most violent corner of Colombia -- Pena is caught in the crossfire of a bitter conflict between Marxist rebels, right-wing death squads and the army.</p>
<p>&quot;I don't know if it was the guerrillas, the army or the paramilitaries. The important thing is that I survived and that I carry on living,&quot; Pena told Reuters as he sat in his one-room home in the regional center of Apartado. &quot;I would just tell the men of violence to stop this madness because those who are suffering are not directly involved in the war.&quot;</p>
<p>In the last year alone, more than 2,000 people were killed in tit-for-tat political violence across Uraba. At least 350 of those deaths were in Apartado.</p>
<p>Of the dead, 51 were slain by gunmen of the left and right in seven cold-blooded massacres last year, according to figures compiled by Maria Girlesa Villegas, head of the Human Rights Ombudsman's office in Apartado.</p>
<p>Foreigners have not completely escaped the violence. A Russian cyclist was killed last year and a German and an Austrian tourist were kidnapped this year and later killed by guerrillas in the western part of the region.</p>
<p>PARAMILITARIES WAGE SCORCHED EARTH OFFENSIVE</p>
<p>The upsurge in violence in Uraba coincided with the political rise of the leftwing Patriotic Union (UP) party a decade ago, culminating in its victory in mayoral elections in the region's main towns in 1992.</p>
<p>Spawned from a failed government peace process, the UP was seen by detractors on the right as the political wing of the Revolutionary Armed Forces of Colombia (FARC), the country's largest rebel army, formed as a pro-Soviet force in 1964.</p>
<p>In a &quot;fire and blood&quot; offensive, paramilitaries drove the UP and what they saw as other potential rebel sympathizers from the north and south of Uraba. For the past year they have focused on the central zone, known as the &quot;banana belt.&quot;</p>
<p>Jose Herman, a UP leader who fled Apartado last October, is convinced the paramilitaries have forged a covert pact with the army and the banana companies to spearhead a scorched earth policy aimed at annihilating leftists in the region.</p>
<p>&quot;There's strong links between the banana companies and the paramilitaries. Their theory was to take the water away from the fish and they began to kill us, calling us guerrilla collaborators,&quot; he said, adding that although UP and the FARC shared many ideals their command structures were separate.</p>
<p>REBELS IN IDEOLOGICAL ABOUT-FACE</p>
<p>In a confusing ideological about-face, the FARC's former allies, the Maoist-inspired People's Liberation Army (EPL), are now their bitter enemies. Most EPL fighters laid down their arms in 1991 and went on to form the Hope, Peace and Liberty political movement, which now dominates the main banana workers' union Sintrainagro.</p>
<p>But some former EPL rebels joined the ranks of the paramilitary death squads, sparking reprisals by the FARC against all Hope, Peace and Liberty members. &quot;The abuses were committed by the FARC and now they're paying the price,&quot; said Hernan Correa, a Sintrainagro leader and former EPL insurgent.</p>
<p>Underlying the bitter sectarian rivalry is the battle for economic control of this strategic region nestled between the Pacific and Atlantic oceans near the border with Panama. The military say it is a key transit route for drugs and arms.</p>
<p>Some local experts believe the only real hope for an end to the killing is for one side or the other to drive its rival out of the area. But for the moment none of the armed actors has the firepower to fight a classic war of positions and hold on to the territory it gains -- not even the army.</p>
<p>&quot;We lack mobility. We need more budget for arms, ammunition and helicopters. We only have three helicopters here. If they just gave me 10 more then I'm sure that within less than six months we would finish this problem,&quot; regional army commander Gen. Rito Alejo del Rio said.</p>
<p>But no argument will convince one 18-year-old police rookie, who arrived in the town the day before the FARC killed 11 people with a massive car-bomb in February, that this is a war worth fighting and even less one that can be won.</p>
<p>&quot;This is war of the mad, the demented and the psychopaths,&quot; he said.</p>
</text>
<copyright>(c) Reuters Limited 1997</copyright>
<metadata>
<codes class="bip:countries:1.0">
  <code code="COL">
    <editdetail attribution="Reuters BIP Coding Group" action="confirmed" date="1997-03-28"/>
  </code>
</codes>
<codes class="bip:topics:1.0">
  <code code="GCAT">
    <editdetail attribution="Reuters BIP Coding Group" action="confirmed" date="1997-03-28"/>
  </code>
  <code code="GVIO">
    <editdetail attribution="Reuters BIP Coding Group" action="confirmed" date="1997-03-28"/>
  </code>
</codes>
<dc element="dc.date.created" value="1997-03-28"/>
<dc element="dc.publisher" value="Reuters Holdings Plc"/>
<dc element="dc.date.published" value="1997-03-28"/>
<dc element="dc.source" value="Reuters"/>
<dc element="dc.creator.location" value="APARTADO, Colombia"/>
<dc element="dc.creator.location.country.name" value="COLOMBIA"/>
<dc element="dc.source" value="Reuters"/>
</metadata>
</newsitem>
