<?xml version="1.0" encoding="iso-8859-1" ?>
<newsitem itemid="474224" id="root" date="1997-03-28" xml:lang="en">
<title>YUGOSLAVIA: PRESS DIGEST - Yugoslavia - March 28.</title>
<headline>PRESS DIGEST - Yugoslavia - March 28.</headline>
<dateline>BELGRADE 1997-03-28</dateline>
<text>
<p>These are the leading stories in the Serbian and Montenegrin press on Friday. Reuters has not verified them and does not vouch for their accuracy.</p>
<p>- SERBIA -</p>
<p>POLITIKA</p>
<p>- Yugoslav Supreme Defence Council decides to keep a part of the Yugoslav army in the area bordering Albania on alert.</p>
<p>- Serbian President Slobodan Milosevic amnesties a number of prisoners on occasion of Serbia National Day.</p>
<p>- Serbian government decides to immediately start drafting the project of Serbia's development up to 2010 with prospects for 2020.</p>
<p>- It is realistic to expect Yugoslav-Bulgarian trade to reach half a billion dollars in the long term, said president of the Serbian Chamber of Commerce Vlajko Stojiljkovic during talks with Bulgarian guests.</p>
<p>- Zastava car manufacturer still seeking foreign partner, says president Srboljub Vasovic.</p>
<p>- The fact that the new privatisation law is not binding is its main fault, says Democratic Party during talks with Serbia's economic and ownership transformation minister Milan Beko.</p>
<p>- Construction of Belgrade ring road starts Friday.</p>
<p>NASA BORBA</p>
<p>- Belgrade university held elections for first student parliament.</p>
<p>- Group of 17 independent economists urge speedy privatisation.</p>
<p>- U.N. Human Rights rapporteur Elisabeth Rehn says new Serbian information law will not contribute to liberalisaton of the media and calls for its re-examination.</p>
<p>- BK Television to sue official of the Socialist Party of Serbia Dusan Matkovic for claiming it is responsible for the maintenance of the outer-wall of sanctions against Yugoslavia.</p>
<p>- Pristina district prosecutor indicts 15 more Kosovo Albanians for terrorism.</p>
<p>- Serbian Prime Minister Mirko Marjanovic promises that outstanding disability benefits for war invalids will be paid in the next four months.</p>
<p>VECERNJE NOVOSTI</p>
<p>- Serbian Presidential elections will probably be in September, says president of Democratic Party Zoran Djindjic who expects President Slobodan Milosevic to run for a post in the federal state.</p>
<p>POLITIKA EKSPRES</p>
<p>- Kosovo Albanians open fire on policeman in Glogovac on Thursday evening, no one was injured, perpetrators flee.</p>
<p>- MONTENEGRO -</p>
<p>POBJEDA</p>
<p>- Montenegro's interests lie in full contribution to Yugoslavia, says Montenegrin government press release.</p>
<p>- Montenegrin government promises 7 million dinars for the construction of a new Serbian Orthodox Church in Podgorica.</p>
<p>- There is an alternative way for Montenegro but when the ruling DPS loses power, says Liberal Alliance.</p>
<p>- Podgorica municipality budget is worth 86.2 million dinars.</p>
<p>-- Belgrade Newsroom +381 11 2224254</p>
</text>
<copyright>(c) Reuters Limited 1997</copyright>
<metadata>
<codes class="bip:countries:1.0">
  <code code="YUG">
    <editdetail attribution="Reuters BIP Coding Group" action="confirmed" date="1997-03-28"/>
  </code>
</codes>
<codes class="bip:topics:1.0">
  <code code="GCAT">
    <editdetail attribution="Reuters BIP Coding Group" action="confirmed" date="1997-03-28"/>
  </code>
</codes>
<dc element="dc.date.created" value="1997-03-28"/>
<dc element="dc.publisher" value="Reuters Holdings Plc"/>
<dc element="dc.date.published" value="1997-03-28"/>
<dc element="dc.source" value="Reuters"/>
<dc element="dc.creator.location" value="BELGRADE"/>
<dc element="dc.creator.location.country.name" value="YUGOSLAVIA"/>
<dc element="dc.source" value="Reuters"/>
</metadata>
</newsitem>
