<?xml version="1.0" encoding="iso-8859-1" ?>
<newsitem itemid="474219" id="root" date="1997-03-28" xml:lang="en">
<title>BOSNIA: Moslems, Croats agree power-sharing deal for city.</title>
<headline>Moslems, Croats agree power-sharing deal for city.</headline>
<dateline>SARAJEVO 1997-03-28</dateline>
<text>
<p>Bosnian Moslem and Croat leaders agreed late on Thursday on a power-sharing deal for Sarajevo's city government, paving way for the election of a mayor for the Bosnian capital, state television reported.</p>
<p>Sarajevo has had no mayor for more than a year due to months of political stalemate.</p>
<p>International mediators have been calling on local leaders to put aside their differences over power-sharing and throw their support behind a prominent figure as mayor that could promote the city's reconstruction.</p>
<p>&quot;The aim of today's agreement is electing the city mayor,&quot; Michael Steiner, deputy to the international High Representative to Bosnia, said after the agreement was reached.</p>
<p>&quot;The mayor must be a person respected in wider spheres, who will support the multi-ethnic character of Sarajevo,&quot; Steiner said. He did not name that person.</p>
<p>Sarajevo once had large Serb and Croat minorities but after the 1992-95 Bosnian war, the city is now predominantly Moslem.</p>
<p>Croats are estimated to comprise less than 10 percent of the city's post-war population. All but a few Serbs fled in the Spring of 1996 when their suburbs reverted to the Moslem-Croat federation control.</p>
<p>The last mayor of Sarajevo, Tarik Kupusovic, a Moslem, resigned last year in protest over political moves by his own party, the nationalist Moslem Party of Democratic Action (SDA), which he said raised political tensions.</p>
<p>The argument over the structure of Sarajevo's city government has been one of many disputes that has plagued Bosnia's troubled Moslem-Croat federation.</p>
<p>Croats suspect Moslem leaders of trying to dominate the federation based on a larger share of the population.</p>
<p>Moslems have accused Croats of plotting to annex Croat-controlled territory to neighbouring Croatia.</p>
<p>A 1995 peace treaty preserved Bosnia as a single state comprised of the federation and a Serb entity.</p>
<p>If the agreement is implemented, the mayor is supposed to be elected at the inaugural session of the city council scheduled for April 10 -- two days before Pope John Paul II makes a historic visit to Sarajevo.</p>
</text>
<copyright>(c) Reuters Limited 1997</copyright>
<metadata>
<codes class="bip:countries:1.0">
  <code code="BSHZG">
    <editdetail attribution="Reuters BIP Coding Group" action="confirmed" date="1997-03-28"/>
  </code>
  <code code="CRTIA">
    <editdetail attribution="Reuters BIP Coding Group" action="confirmed" date="1997-03-28"/>
  </code>
</codes>
<codes class="bip:topics:1.0">
  <code code="GCAT">
    <editdetail attribution="Reuters BIP Coding Group" action="confirmed" date="1997-03-28"/>
  </code>
  <code code="GDIP">
    <editdetail attribution="Reuters BIP Coding Group" action="confirmed" date="1997-03-28"/>
  </code>
  <code code="GPOL">
    <editdetail attribution="Reuters BIP Coding Group" action="confirmed" date="1997-03-28"/>
  </code>
</codes>
<dc element="dc.date.created" value="1997-03-28"/>
<dc element="dc.publisher" value="Reuters Holdings Plc"/>
<dc element="dc.date.published" value="1997-03-28"/>
<dc element="dc.source" value="Reuters"/>
<dc element="dc.creator.location" value="SARAJEVO"/>
<dc element="dc.creator.location.country.name" value="BOSNIA"/>
<dc element="dc.source" value="Reuters"/>
</metadata>
</newsitem>
