<?xml version="1.0" encoding="iso-8859-1" ?>
<newsitem itemid="474220" id="root" date="1997-03-28" xml:lang="en">
<title>KAZAKHSTAN: Nelson Gold to up gold output at Tajik mine.</title>
<headline>Nelson Gold to up gold output at Tajik mine.</headline>
<dateline>ALMATY, Kazakhstan 1997-03-28</dateline>
<text>
<p>Toronto-listed Nelson Gold Corporation Ltd said on Friday it planned to boost gold output at a mine in Tajikistan to 72,000 ounces this year and up to 100,000 ounces by 1998.</p>
<p>Nelson said its Tajik production, which began in the first quarter of 1996, totalled 44,448 ounces.</p>
<p>&quot;Nelson Gold Corporation is pleased to announce the decision to proceed with...the expansion of the existing mining, milling and carbon-in-leach operations at the Zeravshan Gold Company,&quot; the company said in a statement sent to Reuters.</p>
<p>Expanding gold output would cost $11.03 million, the company said. Nelson previously had said it invested a total of $54 million in Tajikistan by the end of 1996.</p>
<p>Nelson holds a 49 percent stake in Zeravshan Gold, a joint venture with the former Soviet republic. It also manages and operates the project.</p>
<p>Tajikistan's government holds the remaining stake in the venture which exploits the Jilau deposit located in the north of the Central Asian state, near its border with Uzbekistan.</p>
<p>Tajikistan is a mountainous country of 5.7 million people and has been ravaged by four years of civil war.</p>
<p>--Dmitry Solovyov, Almaty Newsroom, +7 3272 509410</p>
</text>
<copyright>(c) Reuters Limited 1997</copyright>
<metadata>
<codes class="bip:countries:1.0">
  <code code="CANA">
    <editdetail attribution="Reuters BIP Coding Group" action="confirmed" date="1997-03-28"/>
  </code>
  <code code="KAZK">
    <editdetail attribution="Reuters BIP Coding Group" action="confirmed" date="1997-03-28"/>
  </code>
  <code code="TADZK">
    <editdetail attribution="Reuters BIP Coding Group" action="confirmed" date="1997-03-28"/>
  </code>
</codes>
<codes class="bip:industries:1.0">
  <code code="I21000">
    <editdetail attribution="Reuters BIP Coding Group" action="confirmed" date="1997-03-28"/>
  </code>
  <code code="I22472">
    <editdetail attribution="Reuters BIP Coding Group" action="confirmed" date="1997-03-28"/>
  </code>
</codes>
<codes class="bip:topics:1.0">
  <code code="C21">
    <editdetail attribution="Reuters BIP Coding Group" action="confirmed" date="1997-03-28"/>
  </code>
  <code code="CCAT">
    <editdetail attribution="Reuters BIP Coding Group" action="confirmed" date="1997-03-28"/>
  </code>
</codes>
<dc element="dc.date.created" value="1997-03-28"/>
<dc element="dc.publisher" value="Reuters Holdings Plc"/>
<dc element="dc.date.published" value="1997-03-28"/>
<dc element="dc.source" value="Reuters"/>
<dc element="dc.creator.location" value="ALMATY, Kazakhstan"/>
<dc element="dc.creator.location.country.name" value="KAZAKHSTAN"/>
<dc element="dc.source" value="Reuters"/>
</metadata>
</newsitem>
