<?xml version="1.0" encoding="iso-8859-1" ?>
<newsitem itemid="474225" id="root" date="1997-03-28" xml:lang="en">
<title>SLOVENIA: Slovenian Radenska to be listed on April 3.</title>
<headline>Slovenian Radenska to be listed on April 3.</headline>
<dateline>LJUBLJANA 1997-03-28</dateline>
<text>
<p>Slovenian health resort operator and mineral water producer Radenska will be listed on the main market of the Ljubljana bourse on April 3, the bourse said on Friday.</p>
<p>The company will list 4.1 million shares that represent 81.2 percent of the firm's equity and have a nominal value of 1,000 tolars each.</p>
<p>Radenska stock currently trades at around 1,500 tolars ($9.8) on the grey market.</p>
<p>Thirty-two newly privatised companies that have been listed on the Ljubljana bourse since January last year.</p>
<p>At the moment there are 26 shares traded on the main market and 35 on the OTC market of the Ljubljana bourse.</p>
<p>-- Marja Novak, Ljubljana newsroom, 386-61-125-8439</p>
</text>
<copyright>(c) Reuters Limited 1997</copyright>
<metadata>
<codes class="bip:countries:1.0">
  <code code="SLVNIA">
    <editdetail attribution="Reuters BIP Coding Group" action="confirmed" date="1997-03-28"/>
  </code>
</codes>
<codes class="bip:industries:1.0">
  <code code="I95100">
    <editdetail attribution="Reuters BIP Coding Group" action="confirmed" date="1997-03-28"/>
  </code>
</codes>
<codes class="bip:topics:1.0">
  <code code="C14">
    <editdetail attribution="Reuters BIP Coding Group" action="confirmed" date="1997-03-28"/>
  </code>
  <code code="CCAT">
    <editdetail attribution="Reuters BIP Coding Group" action="confirmed" date="1997-03-28"/>
  </code>
</codes>
<dc element="dc.date.created" value="1997-03-28"/>
<dc element="dc.publisher" value="Reuters Holdings Plc"/>
<dc element="dc.date.published" value="1997-03-28"/>
<dc element="dc.source" value="Reuters"/>
<dc element="dc.creator.location" value="LJUBLJANA"/>
<dc element="dc.creator.location.country.name" value="SLOVENIA"/>
<dc element="dc.source" value="Reuters"/>
</metadata>
</newsitem>
