<?xml version="1.0" encoding="iso-8859-1" ?>
<newsitem itemid="474239" id="root" date="1997-03-28" xml:lang="en">
<title>ROMANIA: PRESS DIGEST - Romania - March 28.</title>
<headline>PRESS DIGEST - Romania - March 28.</headline>
<dateline>BUCHAREST 1997-03-28</dateline>
<text>
<p>Here are highlights of stories in Romania's press on Friday. Reuters has not verified these stories and does not vouch for their accuracy:</p>
<p>Business:</p>
<p>CURIERUL NATIONAL</p>
<p>- Miners in the Motru coalfield oppose privatisation of the sector.</p>
<p>- Lack of orders forced Roman SA truck maker in Brasov to stop production for one week.</p>
<p>- Commercial banks will give the farm sector credits worth 550 billion lei to start seasonal works.  </p>
<p>General</p>
<p>CURIERUL NATIONAL</p>
<p>- Romania and Ukraine will resume negociations on a bilateral treaty.</p>
<p>ADEVARUL</p>
<p>- The newspaper publishes the indictment against miners' union leader Miron Cosma related to riots which toppled Romania's first post-communist government in 1991.</p>
<p>ROMANIA LIBERA</p>
<p>- A full-page report outlines activities of the Romanian Foreign Intelligence Service and alleges they were &quot;mafia-like&quot;.</p>
<p>EVENIMENTUL ZILEI</p>
<p>- Greece will support Romania's bid to join NATO, said Defence Minister Victor Babiuc after meeting his Greek counterpart.</p>
<p>- Unknown persons kidnapped a 12-year old child in the northeastern city of Iasi and asked for a 100 million lei ransom.</p>
<p>JURNALUL NATIONAL</p>
<p>- The newspaper quotes William Roth, Chairman of the North Atlantic Assembly, as saying that NATO's aim is to integrate in its structures new democracies from Central Europe like Poland, the Czech Republic, Hungary and Slovenia. -- Bucharest Newsroom 40-1 3120264</p>
</text>
<copyright>(c) Reuters Limited 1997</copyright>
<metadata>
<codes class="bip:countries:1.0">
  <code code="ROM">
    <editdetail attribution="Reuters BIP Coding Group" action="confirmed" date="1997-03-28"/>
  </code>
</codes>
<codes class="bip:topics:1.0">
  <code code="GCAT">
    <editdetail attribution="Reuters BIP Coding Group" action="confirmed" date="1997-03-28"/>
  </code>
</codes>
<dc element="dc.date.created" value="1997-03-28"/>
<dc element="dc.publisher" value="Reuters Holdings Plc"/>
<dc element="dc.date.published" value="1997-03-28"/>
<dc element="dc.source" value="Reuters"/>
<dc element="dc.creator.location" value="BUCHAREST"/>
<dc element="dc.creator.location.country.name" value="ROMANIA"/>
<dc element="dc.source" value="Reuters"/>
</metadata>
</newsitem>
