<?xml version="1.0" encoding="iso-8859-1" ?>
<newsitem itemid="474254" id="root" date="1997-03-28" xml:lang="en">
<title>PERU: Peru says progress in rebel talks, problems remain.</title>
<headline>Peru says progress in rebel talks, problems remain.</headline>
<byline>Saul Hudson</byline>
<dateline>LIMA 1997-03-27</dateline>
<text>
<p>Peru's President Alberto Fujimori said on Thursday the government and Marxist rebels holding 72 hostages were making progress toward ending the 100-day crisis but there were still problems to overcome.</p>
<p>The men held at the Japanese ambassador's home are set to spend Easter under the gun, but the final negotiating phase seems likely to start early next week. &quot;Even though, naturally, difficulties still exist, we are getting closer,&quot; Fujimori told local television station Panamericana.</p>
<p>The president boosted growing optimism in Lima that a solution to the siege was in sight. He said he was confident the energetic work of the talks' guarantors, hammering out a deal acceptable to both sides, &quot;is going to bear fruit.&quot;</p>
<p>A Tupac Amaru Revolutionary Movement (MRTA) military leader in Peru's central jungle agreed the sides were getting closer but said the government still had to come up with a viable offer to meet their demand for the freedom of jailed comrades.</p>
<p>&quot;The sides are getting closer but the main demand for the release of prisoners still has to be addressed,&quot; Comrade Alejandro told Reuters from the jungle. He did not elaborate.</p>
<p>In a four-point statement read by the hostage-takers' second-in-command inside the residence, Rolly Rojas, the MRTA said a &quot;peaceful solution for the crisis is in the government's hands and will come about if they address our demands.&quot;</p>
<p>In a radio interview with Reuters, the rebel negotiator also dismissed as &quot;pure speculation&quot; local media reports detailing a deal purportedly made by the two sides.</p>
<p>The MRTA originally demanded freedom for up to 450 prisoners but spokesmen have said the group was willing to negotiate a reduced number if the freed comrades were high-ranking fighters.</p>
<p>An MRTA international spokeswoman, however, hinted the group would also accept the release of ill prisoners.</p>
<p>&quot;Now it's the turn for the government to show its good faith by releasing the sick prisoners. That would signal a positive turn in negotiations,&quot; Norma Velazco said in an interview published on the MRTA's Internet web site.</p>
<p>Meanwhile, police said they quelled a riot at a maximum security jail in the Lima outskirts housing leftist rebels and common criminals. Police and Castro Castro prison spokesmen called it a minor incident which erupted when relatives of inmates were denied special visiting hours for Easter.</p>
<p>Relatives said they were worried about rumours that several people had been injured and were being denied information by the police.</p>
<p>Local residents told reporters they heard machine-gun fire. But the police said no one was injured and did not confirm that MRTA members took part in the riots.</p>
<p>Fujimori has consistently rejected the release of any MRTA member, but speculation has been rife in diplomatic and media circles that he was ready to free some low-ranking members.</p>
<p>This issue was likely to be the most contentious point when talks resume. There is no date for a resumption of talks -- on hold since March 12 -- but the face-to-face meeting was expected to take place on Monday or Tuesday.</p>
<p>&quot;We hope that very soon the government's representative ... can hold a meeting,&quot; Fujimori said. &quot;We have concluded the stage of preliminary conversations and, even if we have not yet started the final conversations, we have an interval for reflection. Easter is just right for that.&quot;</p>
<p>One part of a deal to end Latin America's longest hostage siege appears to be set -- asylum in Cuba for the rebels. Diplomats say the hostage-takers have accepted Havana's offer of safe haven and MRTA international spokesman Isaac Velazco said this week they would take asylum as part of a deal that included the freeing of some jailed comrades.</p>
<p>As the rebels and government moved closer together, Fujimori hinted he still had some differences with Tokyo on how to end the crisis, despite a 50-minute telephone conversation on Wednesday with Japan's Prime Minister Ryutaro Hashimoto.</p>
<p>&quot;Perhaps we live the situation here more intimately. In Japan ... there is a distance that does not allow a precise perception of what is going on and what might happen,&quot; he said.</p>
</text>
<copyright>(c) Reuters Limited 1997</copyright>
<metadata>
<codes class="bip:countries:1.0">
  <code code="JAP">
    <editdetail attribution="Reuters BIP Coding Group" action="confirmed" date="1997-03-28"/>
  </code>
  <code code="PERU">
    <editdetail attribution="Reuters BIP Coding Group" action="confirmed" date="1997-03-28"/>
  </code>
</codes>
<codes class="bip:topics:1.0">
  <code code="GCAT">
    <editdetail attribution="Reuters BIP Coding Group" action="confirmed" date="1997-03-28"/>
  </code>
  <code code="GVIO">
    <editdetail attribution="Reuters BIP Coding Group" action="confirmed" date="1997-03-28"/>
  </code>
</codes>
<dc element="dc.date.created" value="1997-03-27"/>
<dc element="dc.publisher" value="Reuters Holdings Plc"/>
<dc element="dc.date.published" value="1997-03-28"/>
<dc element="dc.source" value="Reuters"/>
<dc element="dc.creator.location" value="LIMA"/>
<dc element="dc.creator.location.country.name" value="PERU"/>
<dc element="dc.source" value="Reuters"/>
</metadata>
</newsitem>
