<?xml version="1.0" encoding="iso-8859-1" ?>
<newsitem itemid="474297" id="root" date="1997-03-28" xml:lang="en">
<title>JAPAN: Tobishima says sets course for restructuring pact.</title>
<headline>Tobishima says sets course for restructuring pact.</headline>
<dateline>TOKYO 1997-03-28</dateline>
<text>
<p>Japan's Tobishima Corp announced on Friday that it has set a clear course for a basic agreement with its creditor banks on its restructuring plan.  </p>
<p>&quot;By today, we have sat a clear course for reaching a basic agreement with all private financial institutions concerned (on a restructuring plan announced last October),&quot; the troubled construction firm said in a statement.</p>
<p>It added that negotiations with public financial firms would continue, but it did not elaborate.</p>
<p>Under the restructuring plan formed last year, debt-ridden Tobishima asked its creditors to reduce their claims against the construction firm for its group companies' debt to 100 billion yen from about 740 billion yen.</p>
<p>There are more than 50 creditor financial institutions, of which Fuji Bank Ltd is the main creditor.  </p>
<p>Tobishima president Shoichiro Ishihara, meanwhile, told a news conference on Friday that a final agreement is likely to be reached in early April on the restructuring plan, which he said should include a cut in creditor banks' claims against Tobishima for its group firms' debts as originally planned.</p>
<p>Tobishima topped the list of Japanese builders which have guaranteed huge loans which may not be recoverable, as of the end of last September, according to leading credit research firm Teikoku Databank Ltd.</p>
<p>Japan's constructors were active participants in Japan's 1980s &quot;bubble&quot; era of skyrocketing asset prices, and were left with heaps of bad loans after the bubble burst in early 1990.</p>
<p>Builders led the bubble-era investment in property and real estate and also guaranteed their real estate units' loans.</p>
</text>
<copyright>(c) Reuters Limited 1997</copyright>
<metadata>
<codes class="bip:countries:1.0">
  <code code="JAP">
    <editdetail attribution="Reuters BIP Coding Group" action="confirmed" date="1997-03-28"/>
  </code>
</codes>
<codes class="bip:industries:1.0">
  <code code="I50200">
    <editdetail attribution="Reuters BIP Coding Group" action="confirmed" date="1997-03-28"/>
  </code>
  <code code="I81402">
    <editdetail attribution="Reuters BIP Coding Group" action="confirmed" date="1997-03-28"/>
  </code>
</codes>
<codes class="bip:topics:1.0">
  <code code="C11">
    <editdetail attribution="Reuters BIP Coding Group" action="confirmed" date="1997-03-28"/>
  </code>
  <code code="C17">
    <editdetail attribution="Reuters BIP Coding Group" action="confirmed" date="1997-03-28"/>
  </code>
  <code code="C173">
    <editdetail attribution="Reuters BIP Coding Group" action="confirmed" date="1997-03-28"/>
  </code>
  <code code="CCAT">
    <editdetail attribution="Reuters BIP Coding Group" action="confirmed" date="1997-03-28"/>
  </code>
</codes>
<dc element="dc.date.created" value="1997-03-28"/>
<dc element="dc.publisher" value="Reuters Holdings Plc"/>
<dc element="dc.date.published" value="1997-03-28"/>
<dc element="dc.source" value="Reuters"/>
<dc element="dc.creator.location" value="TOKYO"/>
<dc element="dc.creator.location.country.name" value="JAPAN"/>
<dc element="dc.source" value="Reuters"/>
</metadata>
</newsitem>
