<?xml version="1.0" encoding="iso-8859-1" ?>
<newsitem itemid="474223" id="root" date="1997-03-28" xml:lang="en">
<title>POLAND: Budapest leads E.Europe bourses after rate rise.</title>
<headline>Budapest leads E.Europe bourses after rate rise.</headline>
<byline>Steven Silber</byline>
<dateline>WARSAW 1997-03-27</dateline>
<text>
<p>The Budapest bourse received a boost this week once it put the U.S. Federal Reserve's Funds rate rise behind it, but analysts in Warsaw and Prague saw no reason for joy in coming days apart from the Easter holiday.</p>
<p>Romanian shares gained this week but Slovenia, Croatia and Slovakia all saw losses.</p>
<p>The Central European Share Index (CESI) of 73 selected Czech, Polish, Hungarian, Slovak and Slovenian stocks rose 2.7 percent on the week to 1,545.77 points.</p>
<p>BUDAPEST</p>
<p>Investors' scaled-down activity kept market volume and price movements low in the first two days of the week but the Fed's 25-basis-point rate hike on Tuesday swept away fears, giving room for massive rises on Wednesday and Thursday.</p>
<p>On Thursday the BUX index finished at 5,438.97 points, up 354.17 from last Friday, gaining almost three percent both on Thursday and Friday.</p>
<p>&quot;Investors' appetite grew, it seems this still stems from the rate hike,&quot; said Laszlo Baranyai of Gog Securities. &quot;The other factor is that new market players entered the market, bringing fresh funds.&quot;</p>
<p>Quiet trade is seen for Friday.</p>
<p>WARSAW</p>
<p>Polish shares are seen falling next week after this week's 4.5 percent gain, as analysts said the market, with a current price-earnings ratio of 15.6, looked fairly valued at best.</p>
<p>They said the bourse, currently at 16,690.4 points, could fall toward 16,000 points next week or stabilise.</p>
<p>Analysts were cheered that the market had survived the U.S.'s 25-basis-point Funds rate rise on Tuesday but said this did not necessarily provide a platform for growth.</p>
<p>&quot;The fact the rise has been discounted does not mean that a long period of growth awaits us,&quot; said Pawel Tarnowski, an analyst at Raiffeisen Capital and Investment.</p>
<p>The bourse is closed on Friday and Monday.</p>
<p>PRAGUE</p>
<p>Czech shares ended their downtrend on the Prague Stock Exchange this week with a mid-week blue chip rally, though traders said the halt may be only temporary.</p>
<p>The PX50 index edged up 0.6 points to 558.3 as major issues SPT Telecom, CEZ and Komercni Banka all broke out of their slump on Wednesday.</p>
<p>But dealers said they saw no real change in market sentiment, with a lack of foreign players keeping volumes low.</p>
<p>&quot;In the short-term, the strengthening will not continue, there's absolutely no reason why the market should change its downward trend,&quot; said Radek Vavra of Citicorp Securities in Prague.</p>
<p>Dealers said poorer-than-expected macroeconomic data in recent weeks, coupled with disappointing company results, have also helped dampen investor interest.</p>
<p>BRATISLAVA</p>
<p>The Bratislava Stock Exchange (BSE) saw another week of low trading activity, caused mainly by a lack of interest among foreign investors, but traders said this might change soon as the market's blue chips now looked cheap.</p>
<p>The official 16-share SAX index eased 1.62 points to 207.02 on Thursday from its year-high of 208.64 last Friday.</p>
<p>Dealers noted that foreign investors, who are the only players to give the market impetus for longer-term trends, may soon return to pick up some undervalued shares.</p>
<p>&quot;They can come out of the blue, as, for example, VSZ or Slovnaft appear to be the region's cheapest shares in their field,&quot; said Dusan Sykora of ING Barings.</p>
<p>LJUBLJANA</p>
<p>Slovenian shares fell 3.29 percent this week as the blue-chip SBI index was down 43.55 points to 1,277.69. Turnover was at 272.5 million tolars ($1.8 million).</p>
<p>Bank SKB was the leading decliner, down 9.8 percent, while warehouse and shopping center operator BTC was the top gainer, up 4.8 percent.</p>
<p>The Ljubljana bourse is closed for Easter on Monday.</p>
<p>ZAGREB</p>
<p>Croatian stocks extended their losses on Thursday after trading lower throughout the week while blue chips held their ground.</p>
<p>Analysts saw few price changes in the next two weeks.</p>
<p>Apart from the usual pre-Easter lull they said investors were also holding back until the financial results of fully-listed Zagrebacka Banka and drugs firm Pliva are released next month.</p>
<p>BUCHAREST</p>
<p>Activity was buoyant on the Bucharest bourse this week with turnover rising to over eight billion lei in three trading sessions from last week's six billion.</p>
<p>Investors focused again on first-tier heavyweights Oltchim SA chemical plant and Azomures SA fertiliser maker, while small-cap trading recovered on Thursday after a dull period earlier in the week.</p>
<p>Two unofficial indices -- the VAB and the BIG -- rose from the previous session by 2.5 percent and 2.6 respectively.  MARCH 27     CLOSE    WEEK'S   CHANGE    1997 HIGH   1997 LOW</p>
<p>				pts	pct</p>
<p> BUDAPEST   5,438.97    354.17   6.96     5,815.38   4,291.29</p>
<p> WARSAW    16,690.4     720.5    4.5     18,339.4   14,421.6</p>
<p> CESI	 1,545.77     40.61   2.70     1,751.89   1,479.18</p>
<p> PRAGUE	 558.3	 0.6    0.11	 629.4	425.9</p>
<p> BUCHAREST</p>
<p>  VAB-Index   494.8	22.0    4.7	  555.9	262.0</p>
<p>  BIG-Index   515.16     30.13   6.2	  557.56     266.43</p>
<p> BRATISLAVA   207.02     -1.62  -0.78	 207.75     174.05</p>
<p> LJUBLJANA  1,277.69    -43.55  -3.29     1,655.4    1,156.02</p>
<p>All-time highs: BUX 5,815.38 (Feb 5,1997), WIG 20,760.3 (March 8, 1994), CESI 1,751.89 (Feb 24, 1997), PX50 1,002.4 (April 7, 1994), SAX 405.49 (Feb 23, 1994), SBI 1,655.4 (Feb 10, 1997)</p>
</text>
<copyright>(c) Reuters Limited 1997</copyright>
<metadata>
<codes class="bip:countries:1.0">
  <code code="CRTIA">
    <editdetail attribution="Reuters BIP Coding Group" action="confirmed" date="1997-03-28"/>
  </code>
  <code code="CZREP">
    <editdetail attribution="Reuters BIP Coding Group" action="confirmed" date="1997-03-28"/>
  </code>
  <code code="HUNG">
    <editdetail attribution="Reuters BIP Coding Group" action="confirmed" date="1997-03-28"/>
  </code>
  <code code="POL">
    <editdetail attribution="Reuters BIP Coding Group" action="confirmed" date="1997-03-28"/>
  </code>
  <code code="ROM">
    <editdetail attribution="Reuters BIP Coding Group" action="confirmed" date="1997-03-28"/>
  </code>
  <code code="SLVAK">
    <editdetail attribution="Reuters BIP Coding Group" action="confirmed" date="1997-03-28"/>
  </code>
  <code code="SLVNIA">
    <editdetail attribution="Reuters BIP Coding Group" action="confirmed" date="1997-03-28"/>
  </code>
</codes>
<codes class="bip:topics:1.0">
  <code code="M11">
    <editdetail attribution="Reuters BIP Coding Group" action="confirmed" date="1997-03-28"/>
  </code>
  <code code="MCAT">
    <editdetail attribution="Reuters BIP Coding Group" action="confirmed" date="1997-03-28"/>
  </code>
</codes>
<dc element="dc.date.created" value="1997-03-27"/>
<dc element="dc.publisher" value="Reuters Holdings Plc"/>
<dc element="dc.date.published" value="1997-03-28"/>
<dc element="dc.source" value="Reuters"/>
<dc element="dc.creator.location" value="WARSAW"/>
<dc element="dc.creator.location.country.name" value="POLAND"/>
<dc element="dc.source" value="Reuters"/>
</metadata>
</newsitem>
