<?xml version="1.0" encoding="iso-8859-1" ?>
<newsitem itemid="474265" id="root" date="1997-03-28" xml:lang="en">
<title>GUATEMALA: One dead, four lost in jungle plane crash.</title>
<headline>One dead, four lost in jungle plane crash.</headline>
<dateline>GUATEMALA CITY 1997-03-27</dateline>
<text>
<p>One man died, four passengers disappeared and four others were taken to hospitals when a light plane crashed into a river in the northwestern lowlands Thursday, emergency workers said.</p>
<p>The missing passengers might have been swept into the Chixoy River, Mario Cruz, a spokesman for the Guatemala City volunteer emergency squad, said.</p>
<p>&quot;That's where they're looking for them,&quot; Cruz said.</p>
<p>The four survivors, including the pilot, were taken by helicopter to a Guatemala City hospital, Cruz said.</p>
<p>The twin-engine plane lost power in one engine and crashed at about 4 p.m. in the remote Ixcan jungle about three miles (5 km) from the Mexican border, Cruz said.</p>
<p>Little information was available due to difficulties communicating with officials in the area of the accident, he said.</p>
<p>The civilian aircraft was travelling from Playa Grande in the Ixcan region to the neighbouring province of Alta Verapaz, officials said. The route is commonly travelled by small commercial planes due to poor or non-existent roads into the Ixcan lowlands.</p>
</text>
<copyright>(c) Reuters Limited 1997</copyright>
<metadata>
<codes class="bip:countries:1.0">
  <code code="GUAT">
    <editdetail attribution="Reuters BIP Coding Group" action="confirmed" date="1997-03-28"/>
  </code>
</codes>
<codes class="bip:industries:1.0">
  <code code="I75000">
    <editdetail attribution="Reuters BIP Coding Group" action="confirmed" date="1997-03-28"/>
  </code>
</codes>
<codes class="bip:topics:1.0">
  <code code="GCAT">
    <editdetail attribution="Reuters BIP Coding Group" action="confirmed" date="1997-03-28"/>
  </code>
  <code code="GDIS">
    <editdetail attribution="Reuters BIP Coding Group" action="confirmed" date="1997-03-28"/>
  </code>
</codes>
<dc element="dc.date.created" value="1997-03-27"/>
<dc element="dc.publisher" value="Reuters Holdings Plc"/>
<dc element="dc.date.published" value="1997-03-28"/>
<dc element="dc.source" value="Reuters"/>
<dc element="dc.creator.location" value="GUATEMALA CITY"/>
<dc element="dc.creator.location.country.name" value="GUATEMALA"/>
<dc element="dc.source" value="Reuters"/>
</metadata>
</newsitem>
