<?xml version="1.0" encoding="iso-8859-1" ?>
<newsitem itemid="474286" id="root" date="1997-03-28" xml:lang="en">
<title>CHINA: Shanghai dissident wife requests visit,medical aid.</title>
<headline>Shanghai dissident wife requests visit,medical aid.</headline>
<dateline>SHANGHAI 1997-03-28</dateline>
<text>
<p>The wife of jailed Shanghai dissident Yao Zhenxian said on Friday that she had written to the National People's Congress (parliament) to protest about his continued confinement, and demanded the right to see him.</p>
<p>Yao's wife, Zhang Yueyin, contacted by telephone, said she had not been allowed to see her husband since last October and that he and his brother Yao Zhenxiang were in poor health and were not receiving adequate medical attention.</p>
<p>&quot;They should be allowed out to see a doctor,&quot; Zhang added.</p>
<p>The brothers, long-time supporters of the democracy movement in China, were both arrested in April last year and sent to a &quot;reform through labour&quot; camp in Jiangsu province north of Shanghai.</p>
<p>They were accused of illegally leaving China and distributing pornographic materials.</p>
<p>&quot;We haven't been able to go and see them since last October. We want to be allowed to go and visit them,&quot; Zhang said.</p>
<p>Yao Zhenxiang fled to Hong Kong in 1994 and was granted political asylum in France. He returned to Shanghai in February last year after the police had promised not to arrest him.</p>
<p>The letter, sent to the parliament and to a human rights group in Hong Kong, called on the Chinese authorities to allow the brothers to appeal against their detention.</p>
<p>Under the terms of &quot;reform through labour&quot;, people can be detained for up to three years without having to be sentenced in a court of law, at the discretion of the Public Security Bureau.</p>
<p>Officials could not be immediately contacted for comment.</p>
</text>
<copyright>(c) Reuters Limited 1997</copyright>
<metadata>
<codes class="bip:countries:1.0">
  <code code="CHINA">
    <editdetail attribution="Reuters BIP Coding Group" action="confirmed" date="1997-03-28"/>
  </code>
</codes>
<codes class="bip:topics:1.0">
  <code code="GCAT">
    <editdetail attribution="Reuters BIP Coding Group" action="confirmed" date="1997-03-28"/>
  </code>
  <code code="GPOL">
    <editdetail attribution="Reuters BIP Coding Group" action="confirmed" date="1997-03-28"/>
  </code>
</codes>
<dc element="dc.date.created" value="1997-03-28"/>
<dc element="dc.publisher" value="Reuters Holdings Plc"/>
<dc element="dc.date.published" value="1997-03-28"/>
<dc element="dc.source" value="Reuters"/>
<dc element="dc.creator.location" value="SHANGHAI"/>
<dc element="dc.creator.location.country.name" value="CHINA"/>
<dc element="dc.source" value="Reuters"/>
</metadata>
</newsitem>
