<?xml version="1.0" encoding="iso-8859-1" ?>
<newsitem itemid="474242" id="root" date="1997-03-28" xml:lang="en">
<title>HUNGARY: MOL buys Amoco 's Romanian stations.</title>
<headline>MOL buys Amoco 's Romanian stations.</headline>
<dateline>BUDAPEST 1997-03-28</dateline>
<text>
<p>Hungary's oil and gas company MOL Rt said on Friday it had bought purchased Amoco Oil Holding Company 's Romanian retail operations.</p>
<p>&quot;MOL has acquired 12 sites from Amoco, out of which construction at three sites is already underway and eight sites are located in Bucharest,&quot; MOL said in a statement.</p>
<p>MOL's expansion into the Romanian retail petroleum market is part of its expansion strategy across the region aiming to develop 100 to 150 retail sites over the next five years, MOL said.</p>
<p>Amoco's move to sell its Romanian retail operations is part of the review of the U.S. company's global retail strategy, the statement said.</p>
<p>It also said that negotiations for the sale of Amoco's petroleum product business in Poland and Bulgaria are continuing.</p>
<p>However, a MOL source told Reuters MOL was not involved in these negotiations as its expansion primarily targets the neighbouring countries.</p>
<p>On Thursday, MOL shares closed at 3,000 forints, up 30 on the Budapest Stock Exchange.</p>
<p>-- Denes Albert, Budapest newsroom +36 1 327 4040</p>
</text>
<copyright>(c) Reuters Limited 1997</copyright>
<metadata>
<codes class="bip:countries:1.0">
  <code code="HUNG">
    <editdetail attribution="Reuters BIP Coding Group" action="confirmed" date="1997-03-28"/>
  </code>
  <code code="ROM">
    <editdetail attribution="Reuters BIP Coding Group" action="confirmed" date="1997-03-28"/>
  </code>
</codes>
<codes class="bip:industries:1.0">
  <code code="I13000">
    <editdetail attribution="Reuters BIP Coding Group" action="confirmed" date="1997-03-28"/>
  </code>
  <code code="I14000">
    <editdetail attribution="Reuters BIP Coding Group" action="confirmed" date="1997-03-28"/>
  </code>
  <code code="I65200">
    <editdetail attribution="Reuters BIP Coding Group" action="confirmed" date="1997-03-28"/>
  </code>
</codes>
<codes class="bip:topics:1.0">
  <code code="C18">
    <editdetail attribution="Reuters BIP Coding Group" action="confirmed" date="1997-03-28"/>
  </code>
  <code code="C182">
    <editdetail attribution="Reuters BIP Coding Group" action="confirmed" date="1997-03-28"/>
  </code>
  <code code="CCAT">
    <editdetail attribution="Reuters BIP Coding Group" action="confirmed" date="1997-03-28"/>
  </code>
</codes>
<dc element="dc.date.created" value="1997-03-28"/>
<dc element="dc.publisher" value="Reuters Holdings Plc"/>
<dc element="dc.date.published" value="1997-03-28"/>
<dc element="dc.source" value="Reuters"/>
<dc element="dc.creator.location" value="BUDAPEST"/>
<dc element="dc.creator.location.country.name" value="HUNGARY"/>
<dc element="dc.source" value="Reuters"/>
</metadata>
</newsitem>
