<?xml version="1.0" encoding="iso-8859-1" ?>
<newsitem itemid="474384" id="root" date="1997-03-28" xml:lang="en">
<title>USA: US Midwest direct hogs seen steady Monday-dealers.</title>
<headline>US Midwest direct hogs seen steady Monday-dealers.</headline>
<dateline>CHICAGO 1997-03-28</dateline>
<text>
<p>U.S. Midwest direct cash hog prices on Monday were seen mostly steady in light trading, with several major packers scheduling closings in observance of the Easter holiday, livestock dealers said.</p>
<p>Hormel Foods Corp said its plants in Austin, Minn., and Fremont, Neb., will be closed. Farmland Industries said its four hog and pork plants will be closed. ConAgra Inc's Swift and Co unit will close its hog plant in Worthington, Minn.</p>
<p>It will be business as usual at all of IBP Inc's seven pork plants and Excel Corp's three hog plants. Excel Corp is a divsion of Cargill Inc.  </p>
<p>Smithfield Foods said its four pork plants in North Carolina and Virginia will be closed on Monday, but two other pork plants operated by its subsidiary, John Morrell and Co in Sioux City, Iowa, and Sioux Falls, S.D., will be open.</p>
<p>Interior Iowa and southern Minnesota top hog prices at the plant on Monday could range $50.00 to $50.50 per cwt.</p>
<p>Illinois top prices for hogs delivered to the plant could range $50.50 to $51.00, and Indiana/Ohio top prices could span $49.00 to $50.00, the livestock dealers said.</p>
<p>((Bob Janis 312-983-7347))</p>
</text>
<copyright>(c) Reuters Limited 1997</copyright>
<metadata>
<codes class="bip:countries:1.0">
  <code code="USA">
    <editdetail attribution="Reuters BIP Coding Group" action="confirmed" date="1997-03-28"/>
  </code>
</codes>
<codes class="bip:topics:1.0">
  <code code="M14">
    <editdetail attribution="Reuters BIP Coding Group" action="confirmed" date="1997-03-28"/>
  </code>
  <code code="M141">
    <editdetail attribution="Reuters BIP Coding Group" action="confirmed" date="1997-03-28"/>
  </code>
  <code code="MCAT">
    <editdetail attribution="Reuters BIP Coding Group" action="confirmed" date="1997-03-28"/>
  </code>
</codes>
<dc element="dc.date.created" value="1997-03-28"/>
<dc element="dc.publisher" value="Reuters Holdings Plc"/>
<dc element="dc.date.published" value="1997-03-28"/>
<dc element="dc.source" value="Reuters"/>
<dc element="dc.creator.location" value="CHICAGO"/>
<dc element="dc.creator.location.country.name" value="USA"/>
<dc element="dc.source" value="Reuters"/>
</metadata>
</newsitem>
