<?xml version="1.0" encoding="iso-8859-1" ?>
<newsitem itemid="474394" id="root" date="1997-03-28" xml:lang="en">
<title>USA: U.S. meat output 1.0 pct above a week ago - USDA.</title>
<headline>U.S. meat output 1.0 pct above a week ago - USDA.</headline>
<dateline>WASHINGTON 1997-03-28</dateline>
<text>
<p>Red meat production for week ending Saturday, March 29, rose 1.0 at 799.4 million lbs.</p>
<p>- USDA</p>
<p>WEEK ENDING/1  BEEF   CALF/VEAL   PORK/2 LAMB/MUTTON TOTALS/3</p>
<p>29-Mar-97	449.4     6.5	 338.6     4.9	799.4</p>
<p>22-Mar-97	443.3     6.6	 334.7     6.5	791.1</p>
<p>Change:	    1.4%   -1.5%	  1.2%  -24.6%	1.0%</p>
<p>30-Mar-96	448.2     6.6	 327.2     7.1	789.1</p>
<p>Change:	    0.3%   -1.5%	  3.5%  -31.0%	1.3%</p>
<p>1997 YTD:     5896.3    81.8	4071.8    63.8    10113.7</p>
<p>1996 YTD:     6165.4    87.9	4312.7    72.3    10638.3</p>
<p>Change:	   -4.4%   -6.9%	 -5.6%  -11.8%     -4.9%</p>
<p>LIVESTOCK SLAUGHTER (HEAD)</p>
<p>WEEK ENDING   CATTLE    CALVES/VEALERS    HOGS     SHEEP/LAMBS</p>
<p>29-Mar-97     650,000	   31,000     1,823,000	73,000</p>
<p>22-Mar-97     642,000	   31,000     1,776,000	98,000</p>
<p>Change:	   1.2%	     0.0%	    1.2%	-25.5%</p>
<p>30-Mar-96     643,000	   31,000     1,776,000     108,000</p>
<p>Change:	   1.1%	     0.0%	    1.2%	-32.4%</p>
<p>1997 YTD:    8,551,000	  390,000    21,633,000    962,000</p>
<p>1996 YTD:*   8,726,000	  420,000    23,220,000  1,107,000</p>
<p>Change:	  -2.0%	    -7.2%	   -6.8%	-13.1%</p>
<p>*1996 slaughter totals adjusted to reflect NASS revisions  </p>
<p>AVERAGE WEIGHTS (LBS.)</p>
<p>WEEK ENDING  LIVE CATTLE   CALVES/VEALERS    HOGS  SHEEP/LAMBS</p>
<p>29-Mar-97    Est     1165	  348	   256	  135</p>
<p>22-Mar-97    Est     1167	  350	   256	  134</p>
<p>30-Mar-96    Actual  1169	  362	   255	  135</p>
<p>Dressed</p>
<p>29-Mar-97    Est	695	  216	   189	   67</p>
<p>22-Mar-97    Est	694	  217	   189	   66</p>
<p>30-Mar-96    Actual   701	  214	   185	   66</p>
<p>FOR THE WEEK PERCENTAGE OF TOTAL CATTLE SLAUGHTERED BY CLASS</p>
<p>ENDING	 STEERS	HEIFERS     COWS     BULLS &amp; STAGS</p>
<p>15-Mar-97     47.0%	 31.4%	19.5%	  2.1%</p>
<p>16-Mar-96     49.8%	 30.0%	18.3%	  1.9%</p>
<p>THE WEEK PERCENTAGE OF TOTAL HOGS SLAUGHTERED BY CLASS</p>
<p>ENDING	BARROWS &amp; GILTS	     SOWS     STAGS &amp; BOARS</p>
<p>15-Mar-97     96.2%			 3.1%	  0.6%</p>
<p>16-Mar-96     95.4%			 3.8%	  0.7%</p>
<p>(1) Previous week estimates may be revised. Year ago data are actuals.</p>
<p>(2) Excludes lard.</p>
<p>(3) Totals may not add due to rounding.</p>
<p>1997 totals are subject to revision *1996 slaughter totals adjusted to reflect NASS revisions</p>
</text>
<copyright>(c) Reuters Limited 1997</copyright>
<metadata>
<codes class="bip:countries:1.0">
  <code code="USA">
    <editdetail attribution="Reuters BIP Coding Group" action="confirmed" date="1997-03-28"/>
  </code>
</codes>
<codes class="bip:industries:1.0">
  <code code="I01001">
    <editdetail attribution="Reuters BIP Coding Group" action="confirmed" date="1997-03-28"/>
  </code>
  <code code="I0100105">
    <editdetail attribution="Reuters BIP Coding Group" action="confirmed" date="1997-03-28"/>
  </code>
  <code code="I0100119">
    <editdetail attribution="Reuters BIP Coding Group" action="confirmed" date="1997-03-28"/>
  </code>
  <code code="I0100124">
    <editdetail attribution="Reuters BIP Coding Group" action="confirmed" date="1997-03-28"/>
  </code>
</codes>
<codes class="bip:topics:1.0">
  <code code="C21">
    <editdetail attribution="Reuters BIP Coding Group" action="confirmed" date="1997-03-28"/>
  </code>
  <code code="CCAT">
    <editdetail attribution="Reuters BIP Coding Group" action="confirmed" date="1997-03-28"/>
  </code>
  <code code="M14">
    <editdetail attribution="Reuters BIP Coding Group" action="confirmed" date="1997-03-28"/>
  </code>
  <code code="M141">
    <editdetail attribution="Reuters BIP Coding Group" action="confirmed" date="1997-03-28"/>
  </code>
  <code code="MCAT">
    <editdetail attribution="Reuters BIP Coding Group" action="confirmed" date="1997-03-28"/>
  </code>
</codes>
<dc element="dc.date.created" value="1997-03-28"/>
<dc element="dc.publisher" value="Reuters Holdings Plc"/>
<dc element="dc.date.published" value="1997-03-28"/>
<dc element="dc.source" value="Reuters"/>
<dc element="dc.creator.location" value="WASHINGTON"/>
<dc element="dc.creator.location.country.name" value="USA"/>
<dc element="dc.source" value="Reuters"/>
</metadata>
</newsitem>
