<?xml version="1.0" encoding="iso-8859-1" ?>
<newsitem itemid="474325" id="root" date="1997-03-28" xml:lang="en">
<title>USA: U.S. Treasury balances at Fed rose on March 27.</title>
<headline>U.S. Treasury balances at Fed rose on March 27.</headline>
<dateline>WASHINGTON 1997-03-28</dateline>
<text>
<p>U.S. Treasury balances at Federal Reserve based on Treasury Department's latest budget statement.</p>
<p>			  (BILLIONS OF DLRS)</p>
<p>				March 27	     March 26</p>
<p>Fed acct			 4.785		  4.420</p>
<p>Tax/loan note acct	  27.865		 29.976</p>
<p>Cash balance		  32.651		 34.396</p>
<p>---</p>
<p>Total public debt,</p>
<p> subject to limit	5,291.649	     5,291.362</p>
<p>---</p>
<p>Treasury said individual income tax refunds valued at $3 million were issued and $201 million of corporate refunds were issued.</p>
</text>
<copyright>(c) Reuters Limited 1997</copyright>
<metadata>
<codes class="bip:countries:1.0">
  <code code="USA">
    <editdetail attribution="Reuters BIP Coding Group" action="confirmed" date="1997-03-28"/>
  </code>
</codes>
<codes class="bip:topics:1.0">
  <code code="E21">
    <editdetail attribution="Reuters BIP Coding Group" action="confirmed" date="1997-03-28"/>
  </code>
  <code code="ECAT">
    <editdetail attribution="Reuters BIP Coding Group" action="confirmed" date="1997-03-28"/>
  </code>
</codes>
<dc element="dc.date.created" value="1997-03-28"/>
<dc element="dc.publisher" value="Reuters Holdings Plc"/>
<dc element="dc.date.published" value="1997-03-28"/>
<dc element="dc.source" value="Reuters"/>
<dc element="dc.creator.location" value="WASHINGTON"/>
<dc element="dc.creator.location.country.name" value="USA"/>
<dc element="dc.source" value="Reuters"/>
</metadata>
</newsitem>
