<?xml version="1.0" encoding="iso-8859-1" ?>
<newsitem itemid="474378" id="root" date="1997-03-28" xml:lang="en">
<title>USA: Labor leader-Clinton &quot;concerned&quot; on welfare workers.</title>
<headline>Labor leader-Clinton &quot;concerned&quot; on welfare workers.</headline>
<dateline>WASHINGTON 1997-03-28</dateline>
<text>
<p>AFL-CIO President John Sweeney met with President Clinton Friday and said Clinton wanted to make sure the nation's labour laws applied to those who must leave welfare to enter the workforce.</p>
<p>&quot;The president expressed his concern and his desire to make sure that these people were considered as workers under the Fair Labour Standards Act and entitled to all protections under the law,&quot; Sweeney told reporters at the White House after meeting Clinton and other labour leaders.</p>
<p>The welfare reform law passed last year requires those on welfare to accept employment. But it is unclear how many of them will be covered by the Fair Labour Standards Act, which sets the minimum wage and requires overtime for work beyond 40 hours a week.</p>
<p>White House spokesman Mike McCurry said that the White House was looking at the law.</p>
<p>&quot;We're weighing the application of the Fair Labour Standards Act to aspects of the welfare reform law,&quot; he told a reporter.</p>
</text>
<copyright>(c) Reuters Limited 1997</copyright>
<metadata>
<codes class="bip:countries:1.0">
  <code code="USA">
    <editdetail attribution="Reuters BIP Coding Group" action="confirmed" date="1997-03-28"/>
  </code>
</codes>
<codes class="bip:topics:1.0">
  <code code="E41">
    <editdetail attribution="Reuters BIP Coding Group" action="confirmed" date="1997-03-28"/>
  </code>
  <code code="ECAT">
    <editdetail attribution="Reuters BIP Coding Group" action="confirmed" date="1997-03-28"/>
  </code>
  <code code="GCAT">
    <editdetail attribution="Reuters BIP Coding Group" action="confirmed" date="1997-03-28"/>
  </code>
  <code code="GJOB">
    <editdetail attribution="Reuters BIP Coding Group" action="confirmed" date="1997-03-28"/>
  </code>
  <code code="GPOL">
    <editdetail attribution="Reuters BIP Coding Group" action="confirmed" date="1997-03-28"/>
  </code>
  <code code="GWELF">
    <editdetail attribution="Reuters BIP Coding Group" action="confirmed" date="1997-03-28"/>
  </code>
</codes>
<dc element="dc.date.created" value="1997-03-28"/>
<dc element="dc.publisher" value="Reuters Holdings Plc"/>
<dc element="dc.date.published" value="1997-03-28"/>
<dc element="dc.source" value="Reuters"/>
<dc element="dc.creator.location" value="WASHINGTON"/>
<dc element="dc.creator.location.country.name" value="USA"/>
<dc element="dc.source" value="Reuters"/>
</metadata>
</newsitem>
