<?xml version="1.0" encoding="iso-8859-1" ?>
<newsitem itemid="474336" id="root" date="1997-03-28" xml:lang="en">
<title>USA: Biodynamics hurt by Japan dura mater ban.</title>
<headline>Biodynamics hurt by Japan dura mater ban.</headline>
<dateline>TAMPA, Fla. 1997-03-28</dateline>
<text>
<p>Biodynamics International Inc said Friday that revenues from Japan will be hurt by the country's ban of all uses of dura mater, a human brain tissue.</p>
<p>On Thursday, the Japanese Ministry of Health banned all uses of human dura mater, including the company's Tutoplast dura mater, in response to a recommendation from the United Nations World Health Organization.</p>
<p>The ban does not include other human tissues processed by Biodynamics and distributed in Japan.</p>
<p>Biodynamics said it lodge a strong protest with WHO and ask that their statement be revised to reflect the record of safety of its human dura mater tissue.</p>
<p>The company said it will also request reinstatement of Tutoplast dura mater by the Japanese Ministry of Health.</p>
</text>
<copyright>(c) Reuters Limited 1997</copyright>
<metadata>
<codes class="bip:countries:1.0">
  <code code="JAP">
    <editdetail attribution="Reuters BIP Coding Group" action="confirmed" date="1997-03-28"/>
  </code>
  <code code="UN">
    <editdetail attribution="Reuters BIP Coding Group" action="confirmed" date="1997-03-28"/>
  </code>
  <code code="USA">
    <editdetail attribution="Reuters BIP Coding Group" action="confirmed" date="1997-03-28"/>
  </code>
</codes>
<codes class="bip:industries:1.0">
  <code code="I95100">
    <editdetail attribution="Reuters BIP Coding Group" action="confirmed" date="1997-03-28"/>
  </code>
</codes>
<codes class="bip:topics:1.0">
  <code code="C13">
    <editdetail attribution="Reuters BIP Coding Group" action="confirmed" date="1997-03-28"/>
  </code>
  <code code="C15">
    <editdetail attribution="Reuters BIP Coding Group" action="confirmed" date="1997-03-28"/>
  </code>
  <code code="C152">
    <editdetail attribution="Reuters BIP Coding Group" action="confirmed" date="1997-03-28"/>
  </code>
  <code code="CCAT">
    <editdetail attribution="Reuters BIP Coding Group" action="confirmed" date="1997-03-28"/>
  </code>
  <code code="GCAT">
    <editdetail attribution="Reuters BIP Coding Group" action="confirmed" date="1997-03-28"/>
  </code>
  <code code="GHEA">
    <editdetail attribution="Reuters BIP Coding Group" action="confirmed" date="1997-03-28"/>
  </code>
</codes>
<dc element="dc.date.created" value="1997-03-28"/>
<dc element="dc.publisher" value="Reuters Holdings Plc"/>
<dc element="dc.date.published" value="1997-03-28"/>
<dc element="dc.source" value="Reuters"/>
<dc element="dc.creator.location" value="TAMPA, Fla."/>
<dc element="dc.creator.location.country.name" value="USA"/>
<dc element="dc.source" value="Reuters"/>
</metadata>
</newsitem>
