<?xml version="1.0" encoding="iso-8859-1" ?>
<newsitem itemid="474372" id="root" date="1997-03-28" xml:lang="en">
<title>USA: Central U.S. carlot pork at 1500 CST - USDA.</title>
<headline>Central U.S. carlot pork at 1500 CST - USDA.</headline>
<dateline>DES MOINES 1997-03-28</dateline>
<text>
<p>Fresh loins steady; butts not fully established; sknd. hams 17-20 lbs. 1.00-2.00 lower, 20-26 lbs. mostly 2.00 lower; sdls. bellies generally lbs. steady; lean trimmings steady.</p>
<p>Trading slow to moderate, with light to moderate demand and offerings.</p>
<p>-------------------------------------------------------</p>
<p>-------</p>
<p>Loads PORK CUTS	     :     48.0</p>
<p>Loads TRIM/PROCESS PORK   :     20.0</p>
<p>	    Weight/lb  Lds   Price Range	  Wghtd avg</p>
<p>HAM, SKINNED, SELECTED</p>
<p>Fresh	17-20#   12.0   60.00 -  63.00	 62.00</p>
<p>Fresh	20-26#   20.0   51.00 -  57.00	 53.33</p>
<p>HAM, SKINNED, COMMODITY</p>
<p>Fresh	20-26#    1.0		56.00	 56.00</p>
<p>Fresh	32/UP#			 56.00	 56.00 A</p>
<p>BELLY, SDLS, SKIN-ON, FRESH</p>
<p>Fresh	10-12#			 60.00	 60.00 A</p>
<p>Fresh	12-14#    1.0		70.00	 70.00</p>
<p>Fresh	14-16#    5.0   70.00 -  71.00	 70.40</p>
<p>Fresh	16-18#    3.0   69.00 -  70.00	 69.33</p>
<p>Fresh	18-20#    1.0		64.00	 64.00</p>
<p>	    Weight/lb  Lds   Price Range	  Wghtd avg</p>
<p>PORK TRIMMINGS/BONELESS PROCESSING PORK (CHEMICAL LEAN):</p>
<p>Combo 42%  Fresh     4.0   30.00 -  31.00	  30.25</p>
<p>Boxed 42%  Frozen    3.0		37.00	  37.00</p>
<p>Combo 72%  Fresh     5.5   58.00 -  60.00	  58.91</p>
<p>Boxed 72%  Frozen    3.0		63.00	  63.00</p>
<p>PICNIC CUSHION MEAT</p>
<p>Combo 92%  Fresh    0.50	     119.00	 119.00</p>
<p>BONELESS PICNIC MEAT</p>
<p>Combo 72%  Fresh     2.0   62.00 -  65.00	  63.50</p>
<p>Boxed 72%  Frozen			 75.00	  75.00 C</p>
<p>SKINNED JOWLS</p>
<p>Combo	Fresh     2.0		26.00	  26.00</p>
<p>Boxed	Frozen	    30.00 -  31.00	  30.38 A</p>
<p>	    Weight/lb  Lds   Price Range	  Wghtd avg</p>
<p>LOINS, REGULAR, FRESH</p>
<p>14-18# *		2.0   117.00 - 118.00	 117.50</p>
<p>1/4&quot; Trim     14-18#		   138.00	 138.00 A</p>
<p>1/8&quot; Trm/less 14-18#2.0   143.00 - 144.00	 143.50</p>
<p>18-22# *		1.0		113.00	 113.00</p>
<p>1/4&quot; Trim   18-22#  1.0		133.00	 133.00</p>
<p>combos 22/Up#			     86.50	  86.50 B</p>
<p>LOIN, BNLS CNTR CUT</p>
<p>5-9#  Strap-on	1.0		231.00	 231.00</p>
<p>5-9# Strap-off		258.00 - 267.00	 266.00 B</p>
<p>BNLS SIRLOIN  .75-1#	144.00 - 153.00	 145.80 B</p>
<p>TENDERLOIN   1.25/DN#     353.00 - 386.00	 355.54 B</p>
<p>PICNIC, FRESH</p>
<p>BOSTON BUTT  4-8 # *	 78.00 -  79.00	  78.10 A</p>
<p>1/4&quot; Trim    4-8 #	   96.00 -  97.00	  96.10 A</p>
<p>combo 's   8/UP#			  70.00	  70.00 A</p>
<p>SPARERIB, FRESH</p>
<p>1.5-3.5#    1.0	     133.00   133.00</p>
<p>SPARERIB, FROZEN</p>
<p>3.5-5.5#			119.00   119.00 A</p>
<p>LOIN BACKRIB (BOXED)</p>
<p>FRSH/FRZN</p>
<p>1.75-2.00#		    254.00   254.00 A</p>
<p>LOIN BACKRIB (COMBOS)</p>
<p>1.75/DN#			288.00   288.00 A</p>
<p>Note! (*) Reflects 1/4&quot; or 1/8&quot; trimmed product brought back to a regular commodity basis.</p>
<p>ABCDE after quotes represents days since last actual market test. Quotes are dropped after 5 days of no test or before if they no longer reflect current market conditions.</p>
</text>
<copyright>(c) Reuters Limited 1997</copyright>
<metadata>
<codes class="bip:countries:1.0">
  <code code="USA">
    <editdetail attribution="Reuters BIP Coding Group" action="confirmed" date="1997-03-28"/>
  </code>
</codes>
<codes class="bip:topics:1.0">
  <code code="M14">
    <editdetail attribution="Reuters BIP Coding Group" action="confirmed" date="1997-03-28"/>
  </code>
  <code code="M141">
    <editdetail attribution="Reuters BIP Coding Group" action="confirmed" date="1997-03-28"/>
  </code>
  <code code="MCAT">
    <editdetail attribution="Reuters BIP Coding Group" action="confirmed" date="1997-03-28"/>
  </code>
</codes>
<dc element="dc.date.created" value="1997-03-28"/>
<dc element="dc.publisher" value="Reuters Holdings Plc"/>
<dc element="dc.date.published" value="1997-03-28"/>
<dc element="dc.source" value="Reuters"/>
<dc element="dc.creator.location" value="DES MOINES"/>
<dc element="dc.creator.location.country.name" value="USA"/>
<dc element="dc.source" value="Reuters"/>
</metadata>
</newsitem>
