<?xml version="1.0" encoding="iso-8859-1" ?>
<newsitem itemid="474339" id="root" date="1997-03-28" xml:lang="en">
<title>USA: Essex mulling operating, cash options.</title>
<headline>Essex mulling operating, cash options.</headline>
<dateline>COLUMBIA, Md. 1997-03-28</dateline>
<text>
<p>Essex Corp said Friday it is reviewing alternatives for rebalancing operations and cash available.</p>
<p>Essex said the alternatives include restructuring of operations, asset sales and outside financing.</p>
<p>The company today reported a 1996 fourth quarter loss of $1.3 million, or $0.36 a share.</p>
</text>
<copyright>(c) Reuters Limited 1997</copyright>
<metadata>
<codes class="bip:countries:1.0">
  <code code="USA">
    <editdetail attribution="Reuters BIP Coding Group" action="confirmed" date="1997-03-28"/>
  </code>
</codes>
<codes class="bip:industries:1.0">
  <code code="I83700">
    <editdetail attribution="Reuters BIP Coding Group" action="confirmed" date="1997-03-28"/>
  </code>
</codes>
<codes class="bip:topics:1.0">
  <code code="C11">
    <editdetail attribution="Reuters BIP Coding Group" action="confirmed" date="1997-03-28"/>
  </code>
  <code code="C17">
    <editdetail attribution="Reuters BIP Coding Group" action="confirmed" date="1997-03-28"/>
  </code>
  <code code="CCAT">
    <editdetail attribution="Reuters BIP Coding Group" action="confirmed" date="1997-03-28"/>
  </code>
</codes>
<dc element="dc.date.created" value="1997-03-28"/>
<dc element="dc.publisher" value="Reuters Holdings Plc"/>
<dc element="dc.date.published" value="1997-03-28"/>
<dc element="dc.source" value="Reuters"/>
<dc element="dc.creator.location" value="COLUMBIA, Md."/>
<dc element="dc.creator.location.country.name" value="USA"/>
<dc element="dc.source" value="Reuters"/>
</metadata>
</newsitem>
