<?xml version="1.0" encoding="iso-8859-1" ?>
<newsitem itemid="474380" id="root" date="1997-03-28" xml:lang="en">
<title>USA: U.S. Plains feedlot cattle trade thin $67-feedlots.</title>
<headline>U.S. Plains feedlot cattle trade thin $67-feedlots.</headline>
<dateline>CHICAGO 1997-03-28</dateline>
<text>
<p>U.S. Plains feedlot cattle on Friday traded in light volume at $67.00 per cwt, steady with active sales the previous day, feedlot sources said.</p>
<p>About 3,000 head sold in the Texas Panhandle and western Oklahoma after a weekly movement of 102,500, they said.</p>
<p>In Kansas, about 200 head (100 each of slaughter steers and heifers) sold at $67.00 following weekly sales of 71,300, including 13,700, or about 19 percent, previously contracted or formulated cattle.</p>
<p>Brisk sales this week in the Panhandle depleted the estimated show list of 95,000 head, feedlot sources said.  </p>
<p>A moderate number of this week's estimated show list of 86,000 head in Kansas reportedly were sold, which was expected to leave some cattle carried over to next week, the feedlot sources said.</p>
<p>Some of the cattle carried over were said to be unfinished and could use a few extra days on feed to reach desirable market weights, they said.</p>
<p>Weather was expected to be mild during the weekend, which should not hinder cattle weight gains, the sources said.</p>
<p>((Bob Janis 312-408-8720))</p>
</text>
<copyright>(c) Reuters Limited 1997</copyright>
<metadata>
<codes class="bip:countries:1.0">
  <code code="USA">
    <editdetail attribution="Reuters BIP Coding Group" action="confirmed" date="1997-03-28"/>
  </code>
</codes>
<codes class="bip:topics:1.0">
  <code code="M14">
    <editdetail attribution="Reuters BIP Coding Group" action="confirmed" date="1997-03-28"/>
  </code>
  <code code="M141">
    <editdetail attribution="Reuters BIP Coding Group" action="confirmed" date="1997-03-28"/>
  </code>
  <code code="MCAT">
    <editdetail attribution="Reuters BIP Coding Group" action="confirmed" date="1997-03-28"/>
  </code>
</codes>
<dc element="dc.date.created" value="1997-03-28"/>
<dc element="dc.publisher" value="Reuters Holdings Plc"/>
<dc element="dc.date.published" value="1997-03-28"/>
<dc element="dc.source" value="Reuters"/>
<dc element="dc.creator.location" value="CHICAGO"/>
<dc element="dc.creator.location.country.name" value="USA"/>
<dc element="dc.source" value="Reuters"/>
</metadata>
</newsitem>
