<?xml version="1.0" encoding="iso-8859-1" ?>
<newsitem itemid="474357" id="root" date="1997-03-28" xml:lang="en">
<title>TUNISIA: Tunisia police hold man over Italian woman's death.</title>
<headline>Tunisia police hold man over Italian woman's death.</headline>
<dateline>TUNIS 1997-03-28</dateline>
<text>
<p>Tunisian police have arrested a man suspected of killing an Italian woman missing since 1995, Tunisian officials said on Friday.</p>
<p>Milena Bianchi, 21, disappeared in 1995 in the Cap Bon region, 50 km (30 miles) south of Tunis, where she was living with her family.</p>
<p>Officials said police recently found Bianchi's body and arrested a man who confessed to killing her. They said the man, identified by police only as Munir, was aged 18 in 1995.</p>
</text>
<copyright>(c) Reuters Limited 1997</copyright>
<metadata>
<codes class="bip:countries:1.0">
  <code code="ITALY">
    <editdetail attribution="Reuters BIP Coding Group" action="confirmed" date="1997-03-28"/>
  </code>
  <code code="TUNIS">
    <editdetail attribution="Reuters BIP Coding Group" action="confirmed" date="1997-03-28"/>
  </code>
</codes>
<codes class="bip:topics:1.0">
  <code code="GCAT">
    <editdetail attribution="Reuters BIP Coding Group" action="confirmed" date="1997-03-28"/>
  </code>
  <code code="GCRIM">
    <editdetail attribution="Reuters BIP Coding Group" action="confirmed" date="1997-03-28"/>
  </code>
</codes>
<dc element="dc.date.created" value="1997-03-28"/>
<dc element="dc.publisher" value="Reuters Holdings Plc"/>
<dc element="dc.date.published" value="1997-03-28"/>
<dc element="dc.source" value="Reuters"/>
<dc element="dc.creator.location" value="TUNIS"/>
<dc element="dc.creator.location.country.name" value="TUNISIA"/>
<dc element="dc.source" value="Reuters"/>
</metadata>
</newsitem>
