<?xml version="1.0" encoding="iso-8859-1" ?>
<newsitem itemid="474355" id="root" date="1997-03-28" xml:lang="en">
<title>CYPRUS: Russian criticises Turkey over Cyprus missiles.</title>
<headline>Russian criticises Turkey over Cyprus missiles.</headline>
<dateline>NICOSIA 1997-03-28</dateline>
<text>
<p>Russia's State Duma Speaker Gennady Seleznyov on Friday criticised Turkish threats to use military force to block the deployment of Russian missiles in Cyprus next year.</p>
<p>&quot;It is blackmail,&quot; Seleznyov told a news conference in Nicosia. &quot;Cyprus is not buying nuclear weapons, bacterial or chemical ones. It is just buying a defence system.&quot;</p>
<p>Greek Cypriots in the Mediterranean island, divided since a Turkish invasion in 1974, are due to take delivery of the first components of the S-300 surface-to-air missile system next year.</p>
<p>News of the deal, signed in January, prompted warnings from Turkey that it would use military force if necessary to block their deployment.</p>
<p>Turkey invaded Cyprus in 1974 after a Greek Cypriot coup in Nicosia engineered by the military then in power in Greece. Turkey has some 30,000 troops stationed in northern Cyprus and is the only country recognising a breakaway Turkish Cypriot state declared there in 1983.</p>
<p>The Greek Cypriot government in the south is internationally recognised as the island's only government.</p>
<p>&quot;If Cyprus acquires these defence systems it means any country thinking about attacking Cyprus will think about it many times,&quot; Seleznyov said. The speaker of Russia's lower house of parliament is on a two-day visit to Cyprus.</p>
<p>International mediation efforts to reunite the island under a federal system have recently gained pace.</p>
<p>The United Nations is engaged in a series of proximity talks between the Greek and Turkish Cypriots to pave the way for direct talks between the two sides by June.</p>
</text>
<copyright>(c) Reuters Limited 1997</copyright>
<metadata>
<codes class="bip:countries:1.0">
  <code code="CYPR">
    <editdetail attribution="Reuters BIP Coding Group" action="confirmed" date="1997-03-28"/>
  </code>
  <code code="RUSS">
    <editdetail attribution="Reuters BIP Coding Group" action="confirmed" date="1997-03-28"/>
  </code>
  <code code="TURK">
    <editdetail attribution="Reuters BIP Coding Group" action="confirmed" date="1997-03-28"/>
  </code>
</codes>
<codes class="bip:topics:1.0">
  <code code="GCAT">
    <editdetail attribution="Reuters BIP Coding Group" action="confirmed" date="1997-03-28"/>
  </code>
  <code code="GDEF">
    <editdetail attribution="Reuters BIP Coding Group" action="confirmed" date="1997-03-28"/>
  </code>
  <code code="GDIP">
    <editdetail attribution="Reuters BIP Coding Group" action="confirmed" date="1997-03-28"/>
  </code>
</codes>
<dc element="dc.date.created" value="1997-03-28"/>
<dc element="dc.publisher" value="Reuters Holdings Plc"/>
<dc element="dc.date.published" value="1997-03-28"/>
<dc element="dc.source" value="Reuters"/>
<dc element="dc.creator.location" value="NICOSIA"/>
<dc element="dc.creator.location.country.name" value="CYPRUS"/>
<dc element="dc.source" value="Reuters"/>
</metadata>
</newsitem>
