<?xml version="1.0" encoding="iso-8859-1" ?>
<newsitem itemid="474369" id="root" date="1997-03-28" xml:lang="en">
<title>USA: Partial list of U.S. cult suicide victims.</title>
<headline>Partial list of U.S. cult suicide victims.</headline>
<dateline>RANCHO SANTA FE, Calif. 1997-03-28</dateline>
<text>
<p>Following is a list of those victims of the mass suicide in San Diego whose families have been notified. Nine other victims names have not yet been disclosed.</p>
<p>Victims are listed by name, sex, age and the state in which their driver's licenses were issued.</p>
<p>Dana Abreo, female, 35, Colorado</p>
<p>Marshall Applewhite, male, 66, no driver's license</p>
<p>Robert Arancio, male, 46, Texas</p>
<p>Raymond Bowers, male, 45, Florida</p>
<p>Ladonna Brugato, female, 40, Colorado</p>
<p>Margaret Bull, female, 53, New Mexico</p>
<p>Cheryl Butcher, female, 43, Texas</p>
<p>Michael Carrier, male, 48, Texas</p>
<p>Suzanne Cooke, female, 54, Minnesota</p>
<p>John Craig, male, 63, New Mexico</p>
<p>Betty Deal, female, 64, Texas</p>
<p>Erika Ernst, female, 40, California</p>
<p>Darwin Johnson, male, 42, Utah</p>
<p>Jacqueline Leonard, female, 72, Colorado</p>
<p>Jeffrey Lewis, male, 41, Texas</p>
<p>Gail Maeder, female, 28, Utah</p>
<p>Joel McCormick, male, 29, Utah</p>
<p>Yvonne McCurdy-Hill, female, 39, Ohio</p>
<p>David Moore, male, 41, California</p>
<p>Nancy Nelson, female, 45, Arizona</p>
<p>Norma Nelson, female, 59, Texas</p>
<p>Thomas Nichols, male, 59, Arizona</p>
<p>Susan Paup, female, 54, New Mexico</p>
<p>Margaret Richter, famale, 46, California</p>
<p>Brian Schaaf, male, 40, New Mexico</p>
<p>Joyce Skalla, female 58, New Mexico</p>
<p>Gary St. Louis, male, 44, New Mexico</p>
<p>Susan Strom, female, 44, Texas</p>
<p>Denise Thurman, female, 44, Texas</p>
<p>David Van Sinderen, male, 48, California</p>
</text>
<copyright>(c) Reuters Limited 1997</copyright>
<metadata>
<codes class="bip:countries:1.0">
  <code code="USA">
    <editdetail attribution="Reuters BIP Coding Group" action="confirmed" date="1997-03-28"/>
  </code>
</codes>
<codes class="bip:topics:1.0">
  <code code="GCAT">
    <editdetail attribution="Reuters BIP Coding Group" action="confirmed" date="1997-03-28"/>
  </code>
  <code code="GCRIM">
    <editdetail attribution="Reuters BIP Coding Group" action="confirmed" date="1997-03-28"/>
  </code>
  <code code="GREL">
    <editdetail attribution="Reuters BIP Coding Group" action="confirmed" date="1997-03-28"/>
  </code>
</codes>
<dc element="dc.date.created" value="1997-03-28"/>
<dc element="dc.publisher" value="Reuters Holdings Plc"/>
<dc element="dc.date.published" value="1997-03-28"/>
<dc element="dc.source" value="Reuters"/>
<dc element="dc.creator.location" value="RANCHO SANTA FE, Calif."/>
<dc element="dc.creator.location.country.name" value="USA"/>
<dc element="dc.source" value="Reuters"/>
</metadata>
</newsitem>
