<?xml version="1.0" encoding="iso-8859-1" ?>
<newsitem itemid="474322" id="root" date="1997-03-28" xml:lang="en">
<title>USA: Applied Micro sees Q1 shr below estimates.</title>
<headline>Applied Micro sees Q1 shr below estimates.</headline>
<dateline>REDMOND, Wash. 1997-03-28</dateline>
<text>
<p>Applied Microsystems Corp said Friday that it expects earnings to be between a loss of $0.07 and a profit of nil, compared to $0.10 in the prior year's quarter and average analysts' expectations of $0.15.</p>
<p>Applied Micro said that it expects revenue for the first quarter to be between $8.5 million and $9.0 million, compared to $8.7 million in the prior year's qurater and to be below expectations.</p>
<p>The company said the lower revenue estimates reflect longer than anticipated quarter-ending sales cycles and unfavorable currency exchange rate fluctuations, especially with the Japanese Yen.</p>
</text>
<copyright>(c) Reuters Limited 1997</copyright>
<metadata>
<codes class="bip:countries:1.0">
  <code code="USA">
    <editdetail attribution="Reuters BIP Coding Group" action="confirmed" date="1997-03-28"/>
  </code>
</codes>
<codes class="bip:topics:1.0">
  <code code="C15">
    <editdetail attribution="Reuters BIP Coding Group" action="confirmed" date="1997-03-28"/>
  </code>
  <code code="C152">
    <editdetail attribution="Reuters BIP Coding Group" action="confirmed" date="1997-03-28"/>
  </code>
  <code code="CCAT">
    <editdetail attribution="Reuters BIP Coding Group" action="confirmed" date="1997-03-28"/>
  </code>
</codes>
<dc element="dc.date.created" value="1997-03-28"/>
<dc element="dc.publisher" value="Reuters Holdings Plc"/>
<dc element="dc.date.published" value="1997-03-28"/>
<dc element="dc.source" value="Reuters"/>
<dc element="dc.creator.location" value="REDMOND, Wash."/>
<dc element="dc.creator.location.country.name" value="USA"/>
<dc element="dc.source" value="Reuters"/>
</metadata>
</newsitem>
