<?xml version="1.0" encoding="iso-8859-1" ?>
<newsitem itemid="474360" id="root" date="1997-03-28" xml:lang="en">
<title>USA: Texas/w Okla feedlot cattle market $67 - USDA.</title>
<headline>Texas/w Okla feedlot cattle market $67 - USDA.</headline>
<dateline>AMARILLO 1997-03-28</dateline>
<text>
<p>Trade slow in the Panhandle Friday, USDA said. Slaughter steers and heifers steady.</p>
<p>Feedlots reporting good inquiry from buyers.</p>
<p>Sales reported on 2,900 head slaughter steers and 100 heifers following weekly movement of 102,500 head.</p>
<p>Note - all cattle prices based on net weights FOB the feedlot after a 4 percent shrink.</p>
<p>Slaughter Steers - Select and Choice 2-3 1100-1250 lbs 67.00.</p>
<p>Slaughter Heifers - Select and Choice 2-3 1100 lbs 67.00.</p>
<p>Confirmed - 3,000  Week Ago - 2,000   Year Ago - 3,700</p>
<p>((Chicago newsdesk 312 408 8720))</p>
</text>
<copyright>(c) Reuters Limited 1997</copyright>
<metadata>
<codes class="bip:countries:1.0">
  <code code="USA">
    <editdetail attribution="Reuters BIP Coding Group" action="confirmed" date="1997-03-28"/>
  </code>
</codes>
<codes class="bip:topics:1.0">
  <code code="M14">
    <editdetail attribution="Reuters BIP Coding Group" action="confirmed" date="1997-03-28"/>
  </code>
  <code code="M141">
    <editdetail attribution="Reuters BIP Coding Group" action="confirmed" date="1997-03-28"/>
  </code>
  <code code="MCAT">
    <editdetail attribution="Reuters BIP Coding Group" action="confirmed" date="1997-03-28"/>
  </code>
</codes>
<dc element="dc.date.created" value="1997-03-28"/>
<dc element="dc.publisher" value="Reuters Holdings Plc"/>
<dc element="dc.date.published" value="1997-03-28"/>
<dc element="dc.source" value="Reuters"/>
<dc element="dc.creator.location" value="AMARILLO"/>
<dc element="dc.creator.location.country.name" value="USA"/>
<dc element="dc.source" value="Reuters"/>
</metadata>
</newsitem>
