<?xml version="1.0" encoding="iso-8859-1" ?>
<newsitem itemid="474391" id="root" date="1997-03-28" xml:lang="en">
<title>USA: U.S. EPA proposes changes to clean fuels program.</title>
<headline>U.S. EPA proposes changes to clean fuels program.</headline>
<dateline>WASHINGTON 1997-03-28</dateline>
<text>
<p>The U.S. Environmental Protection Agency on Friday said it proposed procedural changes in its reformulated gasoline (RFG) program to try to ease the transition to the second phase, which starts in 2000.</p>
<p>The agency proposed changing the time period for withdrawals from the RFG program to become effective, and allowing areas that have come into compliance with ozone air-quality standards to join the RFG program.  </p>
<p>Under its plan, states would decide by December whether they want to continue in the RFG program. The EPA said that if it did not receive a petition by that date, the program would continue through 2003.</p>
<p>If a state chooses to opt out before the second phase starts in 2000, the state can select an effective date anytime before the first phase ends on December 31, 1999.</p>
<p>The agency said the current rule that allows a state to opt out of the RFG program 90 days after its request is approved could cause &quot;market uncertainty&quot; in the start-up of the second phase.  </p>
<p>But the proposed change would &quot;ensure a cost-effective and flexible program for consumers, states and fuel suppliers,&quot; it said.</p>
<p>The agency also proposed giving areas that have come into compliance with ozone standards the option of adopting the RFG program. Areas in attainment currently are not eligible for the program.</p>
<p>This would give states another option to stay in compliance with air standards and would make about 300 additional areas eligible for the program, the EPA said.</p>
<p>&quot;Several states have indicated they would like to have the flexibility to use RFG as a control measure in attainment areas, especially in areas with ozone levels relatively close to exceeding the standard,&quot; the agency said in a statement.</p>
</text>
<copyright>(c) Reuters Limited 1997</copyright>
<metadata>
<codes class="bip:countries:1.0">
  <code code="USA">
    <editdetail attribution="Reuters BIP Coding Group" action="confirmed" date="1997-03-28"/>
  </code>
</codes>
<codes class="bip:industries:1.0">
  <code code="I14000">
    <editdetail attribution="Reuters BIP Coding Group" action="confirmed" date="1997-03-28"/>
  </code>
</codes>
<codes class="bip:topics:1.0">
  <code code="C13">
    <editdetail attribution="Reuters BIP Coding Group" action="confirmed" date="1997-03-28"/>
  </code>
  <code code="CCAT">
    <editdetail attribution="Reuters BIP Coding Group" action="confirmed" date="1997-03-28"/>
  </code>
  <code code="GCAT">
    <editdetail attribution="Reuters BIP Coding Group" action="confirmed" date="1997-03-28"/>
  </code>
  <code code="GENV">
    <editdetail attribution="Reuters BIP Coding Group" action="confirmed" date="1997-03-28"/>
  </code>
</codes>
<dc element="dc.date.created" value="1997-03-28"/>
<dc element="dc.publisher" value="Reuters Holdings Plc"/>
<dc element="dc.date.published" value="1997-03-28"/>
<dc element="dc.source" value="Reuters"/>
<dc element="dc.creator.location" value="WASHINGTON"/>
<dc element="dc.creator.location.country.name" value="USA"/>
<dc element="dc.source" value="Reuters"/>
</metadata>
</newsitem>
