<?xml version="1.0" encoding="iso-8859-1" ?>
<newsitem itemid="474345" id="root" date="1997-03-28" xml:lang="en">
<title>USA: Meridian Sports Inc Q4 loss widens.</title>
<headline>Meridian Sports Inc Q4 loss widens.</headline>
<dateline>VONORE, Tenn. 1997-03-28</dateline>
<text>
<p>(Dollars in millions, except share data)</p>
<p>					    Year		    Q4</p>
<p>				     1996	1995     1996     1995</p>
<p>     Total net sales	   102.4    208.2     18.1     43.7</p>
<p>Net sales:</p>
<p>   Marine and equipment	$78.4    $86.5    $18.1    $17.9</p>
<p>   Businesses sold		24.0    101.4	  -     25.8</p>
<p>   Personal watercraft	     -     20.3	  -	  -</p>
<p>Operating unit contribution:</p>
<p>   Marine and equipment     ( 1.0)   ( 1.9)   ( 1.0)   ( 4.2)</p>
<p>   Businesses sold		 0.7	6.0	  -	0.2</p>
<p>Personal watercraft</p>
<p>(reflects $22.0, $33.2,</p>
<p>$9.6 and $7.9, respectively,</p>
<p>primarily related to</p>
<p>    restructuring)	    (24.0)   (37.6)   (10.5)    (7.9)</p>
<p>Total operating unit</p>
<p>     contribution	     (24.3)   (33.5)   (11.5)   (11.9)</p>
<p>Headquarters expenses</p>
<p>(year-to-date 1996 amount</p>
<p>reflects $1.6 related to</p>
<p>   restructuring)		(3.8)    (3.7)    (0.3)    (1.0)</p>
<p>Amortization of</p>
<p>intangibles (year-to-date</p>
<p>1995 amount reflects</p>
<p>$1.9 mil. related</p>
<p>  to restructuring)	    (0.1)    (2.5)	  -    (0.2)</p>
<p>Interest and related</p>
<p>  amortization expense	 (1.5)    (3.4)    (0.3)    (1.0)</p>
<p>Gain on sale of businesses</p>
<p>   and unusual items	    16.9	  -	  -	  -</p>
<p>Loss before income taxes</p>
<p>and extraordinary charge</p>
<p>				    (12.8)   (43.1)   (12.1)   (14.1)</p>
<p> Provision for income taxes    7.0    (5.6)	  -    (5.7)</p>
<p>Loss before extraordinary</p>
<p>  charge			  (19.8)   (37.5)   (12.1)    (8.4)</p>
<p> Extraordinary charge	    1.3	  -	  -	  -</p>
<p> Net loss			( 21.1)  ( 37.5)  ( 12.1)   ( 8.4)</p>
<p>Earnings per share:</p>
<p>Loss before extraordinary</p>
<p>   charge			 (2.47)   (4.69)   (1.51)   (1.05)</p>
<p> Extraordinary charge	 (0.17)	  -	  -	  -</p>
<p>  Net loss		     ( 2.64)  ( 4.69)  ( 1.51)  ( 1.05)</p>
<p>Weighted average shares</p>
<p>  outstanding (000s)	   8,000    8,000    8,000    8,000</p>
</text>
<copyright>(c) Reuters Limited 1997</copyright>
<metadata>
<codes class="bip:countries:1.0">
  <code code="USA">
    <editdetail attribution="Reuters BIP Coding Group" action="confirmed" date="1997-03-28"/>
  </code>
</codes>
<codes class="bip:industries:1.0">
  <code code="I49420">
    <editdetail attribution="Reuters BIP Coding Group" action="confirmed" date="1997-03-28"/>
  </code>
</codes>
<codes class="bip:topics:1.0">
  <code code="C15">
    <editdetail attribution="Reuters BIP Coding Group" action="confirmed" date="1997-03-28"/>
  </code>
  <code code="C151">
    <editdetail attribution="Reuters BIP Coding Group" action="confirmed" date="1997-03-28"/>
  </code>
  <code code="C1511">
    <editdetail attribution="Reuters BIP Coding Group" action="confirmed" date="1997-03-28"/>
  </code>
  <code code="CCAT">
    <editdetail attribution="Reuters BIP Coding Group" action="confirmed" date="1997-03-28"/>
  </code>
</codes>
<dc element="dc.date.created" value="1997-03-28"/>
<dc element="dc.publisher" value="Reuters Holdings Plc"/>
<dc element="dc.date.published" value="1997-03-28"/>
<dc element="dc.source" value="Reuters"/>
<dc element="dc.creator.location" value="VONORE, Tenn."/>
<dc element="dc.creator.location.country.name" value="USA"/>
<dc element="dc.source" value="Reuters"/>
</metadata>
</newsitem>
