<?xml version="1.0" encoding="iso-8859-1" ?>
<newsitem itemid="474335" id="root" date="1997-03-28" xml:lang="en">
<title>USA: U.S. SEC to open electronic filing Saturday.</title>
<headline>U.S. SEC to open electronic filing Saturday.</headline>
<dateline>WASHINGTON 1997-03-28</dateline>
<text>
<p>The Securities and Exchange Commission said Friday it will open its electronic filing facilities for six hours on Saturday to help companies meet their March 31 deadlines to file annual reports.</p>
<p>The Electronic Data Gathering And Retrieval (EDGAR) system will be open from 8 a.m. to 2 p.m. EST (1300 to 1900 GMT) on Saturday to give extra filing time to companies filing annual reports on Forms 10-K and 10-KSB, the SEC said.</p>
<p>&quot;This step is being taken to accommodate filers in view of the fact that a large number of these reports are due March 31 and many companies will be filing these annual reports electronically for the first time,&quot; the SEC said.</p>
<p>Filings received and processed Saturday will be assigned a March 31 filing date and will not be disseminated until 8 a.m. EST (1300 GMT) on Monday, it said.</p>
</text>
<copyright>(c) Reuters Limited 1997</copyright>
<metadata>
<codes class="bip:countries:1.0">
  <code code="USA">
    <editdetail attribution="Reuters BIP Coding Group" action="confirmed" date="1997-03-28"/>
  </code>
</codes>
<codes class="bip:industries:1.0">
  <code code="I83100">
    <editdetail attribution="Reuters BIP Coding Group" action="confirmed" date="1997-03-28"/>
  </code>
</codes>
<codes class="bip:topics:1.0">
  <code code="C13">
    <editdetail attribution="Reuters BIP Coding Group" action="confirmed" date="1997-03-28"/>
  </code>
  <code code="C24">
    <editdetail attribution="Reuters BIP Coding Group" action="confirmed" date="1997-03-28"/>
  </code>
  <code code="CCAT">
    <editdetail attribution="Reuters BIP Coding Group" action="confirmed" date="1997-03-28"/>
  </code>
  <code code="M11">
    <editdetail attribution="Reuters BIP Coding Group" action="confirmed" date="1997-03-28"/>
  </code>
  <code code="MCAT">
    <editdetail attribution="Reuters BIP Coding Group" action="confirmed" date="1997-03-28"/>
  </code>
</codes>
<dc element="dc.date.created" value="1997-03-28"/>
<dc element="dc.publisher" value="Reuters Holdings Plc"/>
<dc element="dc.date.published" value="1997-03-28"/>
<dc element="dc.source" value="Reuters"/>
<dc element="dc.creator.location" value="WASHINGTON"/>
<dc element="dc.creator.location.country.name" value="USA"/>
<dc element="dc.source" value="Reuters"/>
</metadata>
</newsitem>
