<?xml version="1.0" encoding="iso-8859-1" ?>
<newsitem itemid="474361" id="root" date="1997-03-28" xml:lang="en">
<title>USA: US temporarily shuts Central Africa embassy.</title>
<headline>US temporarily shuts Central Africa embassy.</headline>
<dateline>WASHINGTON 1997-03-28</dateline>
<text>
<p>Clashes between rebels and peacekeepers in the Central African Republic have prompted the United States to suspend operations temporarily at its embassy there, the State Department said on Friday.</p>
<p>&quot;The United States has decided to suspend temporarily its operations in the Central African Republic in light of hostilities between rebel forces and African peacekeepers,&quot; spokesman John Dinger told reporters.</p>
<p>The State Department also issued a new warning against travel by U.S. citizens to the Central African Republic, and strongly urged Americans to leave.</p>
<p>U.S. Ambassador Mosina Jordan and another embassy staff member will cover events in the Central African Republic from the U.S. embassy in Cameroon, Dinger said, but the U.S. government will not be able to give direct protection to U.S. citizens during the shutdown.</p>
<p>The government of France has promised to assist the American community in case of emergency.</p>
<p>There were about 50 U.S. citizens in the Central African Republic as of Friday, Dinger said, most of them based in the capital of Bangui. About half of those, including the embassy staff, will leave this weekend or early next week.</p>
<p>The immediate cause of the U.S. decision was a rocket exchange between peacekeepers and rebels last weekend, according to Dinger. West African mediators are in the Central African Republic trying to restore order, he said.</p>
<p>&quot;Nevertheless there have been violent episodes and they have claimed innocent lives and although Americans are not the object of these attacks, they're clearly in danger,&quot; he said.</p>
</text>
<copyright>(c) Reuters Limited 1997</copyright>
<metadata>
<codes class="bip:countries:1.0">
  <code code="CAFR">
    <editdetail attribution="Reuters BIP Coding Group" action="confirmed" date="1997-03-28"/>
  </code>
  <code code="USA">
    <editdetail attribution="Reuters BIP Coding Group" action="confirmed" date="1997-03-28"/>
  </code>
</codes>
<codes class="bip:topics:1.0">
  <code code="GCAT">
    <editdetail attribution="Reuters BIP Coding Group" action="confirmed" date="1997-03-28"/>
  </code>
  <code code="GDIP">
    <editdetail attribution="Reuters BIP Coding Group" action="confirmed" date="1997-03-28"/>
  </code>
  <code code="GVIO">
    <editdetail attribution="Reuters BIP Coding Group" action="confirmed" date="1997-03-28"/>
  </code>
</codes>
<dc element="dc.date.created" value="1997-03-28"/>
<dc element="dc.publisher" value="Reuters Holdings Plc"/>
<dc element="dc.date.published" value="1997-03-28"/>
<dc element="dc.source" value="Reuters"/>
<dc element="dc.creator.location" value="WASHINGTON"/>
<dc element="dc.creator.location.country.name" value="USA"/>
<dc element="dc.source" value="Reuters"/>
</metadata>
</newsitem>
