<?xml version="1.0" encoding="iso-8859-1" ?>
<newsitem itemid="474396" id="root" date="1997-03-28" xml:lang="en">
<title>USA: Deputies begin removing items from Simpson's home.</title>
<headline>Deputies begin removing items from Simpson's home.</headline>
<dateline>LOS ANGELES 1997-03-28</dateline>
<text>
<p>Sheriff's deputies began removing $400,000 worth of art, jewels and other items from O.J. Simpson's home on Friday, one day after a judge ordered him to turn over the possessions to satisfy part of the civil award against him.</p>
<p>Sgt. Noel Lanier of the Los Angeles County Sheriff's Department said officials arrived at Simpson's home in the posh community of Brentwood early on Friday with a moving van.</p>
<p>&quot;To my knowledge, Mr. Simpson is there and is cooperating,&quot; he said.</p>
<p>A civil jury in February found Simpson liable for the deaths of his ex-wife Nicole Brown Simpson and her friend Ronald Goldman. It awarded $33.5 million in damages to the estate of Nicole Brown and Goldman's parents, Fred Goldman and Sharon Rufo.</p>
<p>Among the items being removed were several pieces of football memorabilia, including the Heisman Trophy, a Buffalo Bills football helmet, four football jerseys, and 10 commemorative footballs.</p>
<p>They were also taking a number of art works in the likeness of Simpson, including an Andy Warhol silkscreen entitled &quot;O.J. Simpson,&quot; a metal sculpture of the former football star and a large photograph.</p>
<p>Simpson also was ordered to turn over several Tiffany lamps, jewels, glassware, a 1996 Chevrolet Suburban and framed congratulatory letters from Richard Nixon.</p>
<p>Superior Court Judge Hiroshi Fujisaki entered the order this week after Fred Goldman submitted a list of more than 100 items he wanted turned over to the court to prevent Simpson from selling them.</p>
<p>Fujisaki ordered Simpson to surrender the property to the sheriff's department, and &quot;let the parties fight it out,&quot; over who gets what.</p>
</text>
<copyright>(c) Reuters Limited 1997</copyright>
<metadata>
<codes class="bip:countries:1.0">
  <code code="USA">
    <editdetail attribution="Reuters BIP Coding Group" action="confirmed" date="1997-03-28"/>
  </code>
</codes>
<codes class="bip:topics:1.0">
  <code code="GCAT">
    <editdetail attribution="Reuters BIP Coding Group" action="confirmed" date="1997-03-28"/>
  </code>
  <code code="GCRIM">
    <editdetail attribution="Reuters BIP Coding Group" action="confirmed" date="1997-03-28"/>
  </code>
  <code code="GPRO">
    <editdetail attribution="Reuters BIP Coding Group" action="confirmed" date="1997-03-28"/>
  </code>
</codes>
<dc element="dc.date.created" value="1997-03-28"/>
<dc element="dc.publisher" value="Reuters Holdings Plc"/>
<dc element="dc.date.published" value="1997-03-28"/>
<dc element="dc.source" value="Reuters"/>
<dc element="dc.creator.location" value="LOS ANGELES"/>
<dc element="dc.creator.location.country.name" value="USA"/>
<dc element="dc.source" value="Reuters"/>
</metadata>
</newsitem>
