<?xml version="1.0" encoding="iso-8859-1" ?>
<newsitem itemid="474362" id="root" date="1997-03-28" xml:lang="en">
<title>USA: Cult members explain mass suicide on video.</title>
<headline>Cult members explain mass suicide on video.</headline>
<byline>Michael Miller</byline>
<dateline>RANCHO SANTA FE, Calif. 1997-03-28</dateline>
<text>
<p>In a dramatic videotaped suicide note aired on Friday, the leader of the Heaven's Gate religious cult and 38 of his followers explained why they decided to commit suicide.</p>
<p>&quot;We have no hesitation to leave this place, to leave the bodies that we have,&quot; Marshall Applewhite, who has been identified as the charismatic leader of the group and one of those who died, said on the video.</p>
<p>The group sent two tapes to a former cult member and left two at the $1.6 million mansion in the exclusive San Diego suburb of Rancho Santa Fe where they committed suicide. Authorities say Applewhite and his followers killed themselves in the belief that a UFO hiding behind the Hale-Bopp comet would transport them to heaven.</p>
<p>The San Diego County Coroner's office continued to perform autopsies on the bodies. By Friday afternoon 17 had been completed, showing the victims died from a combination of alcohol, the drug phenobarbitol and suffocation, according to a spokesman for San Diego County coroner Brian Blackbourne.</p>
<p>Earlier, Blackbourne told reporters the cult members, most of them middle-aged or elderly, had taken the alcohol and drug and then put plastic bags over their heads and secured them with elastic bands.</p>
<p>Blackbourne's office released the names of two other victims on Friday, identifying them as Jacqueline Leonard, 72, a grandmother from Colorado, and Geoffrey Moore, 41, of California.</p>
<p>Jack Merker, director of media for San Diego County, said Blackbourne would disclose other names at a 5 p.m. EST (2200 GMT) news conference, but he cautioned that not all of the victims would be named as some families had requested the names of their dead relatives not be released.</p>
<p>By Friday afternoon, 29 of the victim's families had been notified of their deaths. According to documents found on the bodies, the cult members came from California, Texas, New Mexico, Florida, Colorado, Arizona, Washington, Minnesota, Utah and Canada.</p>
<p>In the videotape, shown on ABC television, the cult members, mainly Caucasian men and women who appeared to be in their 30s, 40s and 50s, for the most part voiced confidence and happiness with their planned suicides, smiling and even laughing as they spoke to the camera in pairs.</p>
<p>&quot;I'm about to take an act that probably this world would consider the most awful thing that any person could do,&quot; one man said.</p>
<p>&quot;We're going to be moving along to the next evolutionary level above human -- taking on a brand new vehicle that we're going to be using in the next level,&quot; another man said.</p>
<p>But two women, one who appeared to be in her 30s and another who appeared to be in her 60s, looked close to tears and choked on their words. &quot;We're very happy and proud to have been members of the Heaven's Gate group and couldn't be happier about what we're going to do,&quot; the younger woman said.</p>
<p>&quot;We are all happy to be doing what we are doing,&quot; the older woman said.</p>
<p>Another woman, apparently in her 20s, smiled broadly as she said, &quot;We are all choosing of our own free will to go to the next level.&quot;</p>
<p>&quot;We just wish you could all be here and doing what we are doing,&quot; another woman said. There were 21 women among the victims, and 18 men.</p>
<p>Meanwhile, more facts emerged about Applewhite, who had been a music teacher in Houston, Texas, in the 1960's before taking the cult path. His sister, Louise Winant, interviewed on television, said Applewhite was the father of two children he had not seen for a number of years and that he also had grandchildren but did not know it.</p>
<p>Asked her reaction to the deaths, Winant said, &quot;Complete sadness that he took that many people into something so far out.&quot;</p>
<p>She said she had not spoken to her brother for more than 20 years. &quot;The last time I saw him he did tell us he was going into (a cult) and we tried to talk him out of it and he said, 'You don't know the real me.'&quot;</p>
<p>Winant, speaking from her home in Corpus Christi, Texas, said her brother, whom she described as &quot;charismatic man,&quot; changed after a near-death experience in the 1970s.</p>
<p>In a videotape made shortly before he died, Applewhite told his followers he would lead them to &quot;the next level.&quot;</p>
<p>&quot;My older member can be your senior shepherd,&quot; said Applewhite who appeared in multiple images on the videotape. &quot;You can follow us but you cannot stay here.&quot;</p>
<p>A woman, also believed to be a cult member, appears on the tape in an outdoor setting.</p>
<p>&quot;Maybe they're crazy for all I know,&quot; she said. &quot;But I don't have any choice but to go for it, because I've been on this planet for 31 years and there's nothing here for me.</p>
</text>
<copyright>(c) Reuters Limited 1997</copyright>
<metadata>
<codes class="bip:countries:1.0">
  <code code="USA">
    <editdetail attribution="Reuters BIP Coding Group" action="confirmed" date="1997-03-28"/>
  </code>
</codes>
<codes class="bip:topics:1.0">
  <code code="GCAT">
    <editdetail attribution="Reuters BIP Coding Group" action="confirmed" date="1997-03-28"/>
  </code>
  <code code="GCRIM">
    <editdetail attribution="Reuters BIP Coding Group" action="confirmed" date="1997-03-28"/>
  </code>
  <code code="GREL">
    <editdetail attribution="Reuters BIP Coding Group" action="confirmed" date="1997-03-28"/>
  </code>
</codes>
<dc element="dc.date.created" value="1997-03-28"/>
<dc element="dc.publisher" value="Reuters Holdings Plc"/>
<dc element="dc.date.published" value="1997-03-28"/>
<dc element="dc.source" value="Reuters"/>
<dc element="dc.creator.location" value="RANCHO SANTA FE, Calif."/>
<dc element="dc.creator.location.country.name" value="USA"/>
<dc element="dc.source" value="Reuters"/>
</metadata>
</newsitem>
