<?xml version="1.0" encoding="iso-8859-1" ?>
<newsitem itemid="474305" id="root" date="1997-03-28" xml:lang="en">
<title>USA: Bell Atlantic filed Cablevision complaint.</title>
<headline>Bell Atlantic filed Cablevision complaint.</headline>
<dateline>WASHINGTON 1997-03-28</dateline>
<text>
<p>Bell Atlantic Corp on Friday said it was filing a complaint with the Federal Communications Commission against Cablevision Systems Corp and an affiliated company, seeking access to their sports programming.</p>
<p>Bell Atlantic said it was also seeking a damage award to compensate for its losses.</p>
<p>The company alleges that Cablevision and Rainbow have refused to provide its Video Services unit with program rights to SportsChannel New York, SportsChannel Philadelphia and the PRISM sports programming service in Philadelphia.</p>
<p>As a result, Bell Atlantic said it was unable to distribute the regional sports programming in the Dover Township, N.J., through its open video system.</p>
<p>In a separate statement, the Cablevision affiliate, Rainbow Programming Holdings Inc, said Bell Atlantic's assertions were &quot;baseless&quot; and the FCC complaint was &quot;without merit&quot;.</p>
<p>Rainbow said it intended to file a complaint against Bell Atlantic with the FCC regarding a $345,000 refund that it alleges it is due from the company.</p>
</text>
<copyright>(c) Reuters Limited 1997</copyright>
<metadata>
<codes class="bip:countries:1.0">
  <code code="USA">
    <editdetail attribution="Reuters BIP Coding Group" action="confirmed" date="1997-03-28"/>
  </code>
</codes>
<codes class="bip:industries:1.0">
  <code code="I79020">
    <editdetail attribution="Reuters BIP Coding Group" action="confirmed" date="1997-03-28"/>
  </code>
  <code code="I97400">
    <editdetail attribution="Reuters BIP Coding Group" action="confirmed" date="1997-03-28"/>
  </code>
</codes>
<codes class="bip:topics:1.0">
  <code code="C12">
    <editdetail attribution="Reuters BIP Coding Group" action="confirmed" date="1997-03-28"/>
  </code>
  <code code="CCAT">
    <editdetail attribution="Reuters BIP Coding Group" action="confirmed" date="1997-03-28"/>
  </code>
  <code code="GCAT">
    <editdetail attribution="Reuters BIP Coding Group" action="confirmed" date="1997-03-28"/>
  </code>
  <code code="GCRIM">
    <editdetail attribution="Reuters BIP Coding Group" action="confirmed" date="1997-03-28"/>
  </code>
</codes>
<dc element="dc.date.created" value="1997-03-28"/>
<dc element="dc.publisher" value="Reuters Holdings Plc"/>
<dc element="dc.date.published" value="1997-03-28"/>
<dc element="dc.source" value="Reuters"/>
<dc element="dc.creator.location" value="WASHINGTON"/>
<dc element="dc.creator.location.country.name" value="USA"/>
<dc element="dc.source" value="Reuters"/>
</metadata>
</newsitem>
