<?xml version="1.0" encoding="iso-8859-1" ?>
<newsitem itemid="474382" id="root" date="1997-03-28" xml:lang="en">
<title>USA: Cultists thought they'd exit on &quot;clouds of light&quot;.</title>
<headline>Cultists thought they'd exit on &quot;clouds of light&quot;.</headline>
<byline>Allan Dowd</byline>
<dateline>PORTLAND, Maine 1997-03-28</dateline>
<text>
<p>A leaflet distributed by Heaven's Gate cult founder Marshall Applewhite's followers told recruits they would leave Earth on a spacecraft or on &quot;clouds of light&quot;, according to a copy uncovered on Friday.</p>
<p>The promotional flier distributed to the news media during a 1994 recruiting drive in Maine and New Hampshire carried the headline &quot;UFOs, SPACE ALIENS, AND THEIR FINAL FIGHT FOR EARTH'S SPOILS.&quot;</p>
<p>The leaflet said the offer to join an &quot;exiting&quot; of the Earth and &quot;human-mammalian&quot; bodies was being made &quot;for the third and last time in this civilisation,&quot; but there is no direct reference to suicide.</p>
<p>&quot;The two representatives who came in the early 1970's, and their crew -- student reps -- all came and will leave in spacecrafts or 'clouds of light' -- the same way the representatives left 2000 years ago,&quot; according to the flier.</p>
<p>The &quot;two representatives&quot; are referred to in the document as &quot;Te and Do.&quot; Authorites have identified Do as Applewhite, who was one of the 39 people killed in this week's mass suicide in California.</p>
<p>The leaflet did not list the group's name and the room at the Portland Public Library for the August 11, 1994, recruiting session was reserved by &quot;Total Overcomers Anonymous&quot; -- a name which other reports have linked to Applewhite's organisation.</p>
<p>The leaflet describes Te and Do as &quot;older members of the Kingdom of Heaven&quot; who returned to Earth in 1975 in search of people willing to give up control of their bodies so their souls can prepared to travel to &quot;An Evolutionary Kingdom Level Above Human.&quot;</p>
<p>&quot;It is that loyalty and personal relationship with that Older Member that motivates those behavioural changes and makes the 'newborn' viable,&quot; the leaflet read.</p>
<p>The neatly handwritten flier draws a direct comparison between Do and Jesus, declaring that Do has the &quot;same relationship with his crew&quot; as &quot;Jesus was in with his disciples.&quot;</p>
<p>&quot;If this strikes a 'chord' in you, you have received a 'chip' -- of recognition -- from the Next Level -- though the hard work of changeover' can only be done by your unending effort under the supervision of the reps here now,&quot; the flier continued.</p>
<p>The leaflet implied there was some competition between members of the &quot;Higher Kingdom&quot; for humans, charging that &quot;adversary forces&quot; have &quot;corrupted&quot; all other religions.</p>
</text>
<copyright>(c) Reuters Limited 1997</copyright>
<metadata>
<codes class="bip:countries:1.0">
  <code code="USA">
    <editdetail attribution="Reuters BIP Coding Group" action="confirmed" date="1997-03-28"/>
  </code>
</codes>
<codes class="bip:topics:1.0">
  <code code="GCAT">
    <editdetail attribution="Reuters BIP Coding Group" action="confirmed" date="1997-03-28"/>
  </code>
  <code code="GCRIM">
    <editdetail attribution="Reuters BIP Coding Group" action="confirmed" date="1997-03-28"/>
  </code>
  <code code="GREL">
    <editdetail attribution="Reuters BIP Coding Group" action="confirmed" date="1997-03-28"/>
  </code>
</codes>
<dc element="dc.date.created" value="1997-03-28"/>
<dc element="dc.publisher" value="Reuters Holdings Plc"/>
<dc element="dc.date.published" value="1997-03-28"/>
<dc element="dc.source" value="Reuters"/>
<dc element="dc.creator.location" value="PORTLAND, Maine"/>
<dc element="dc.creator.location.country.name" value="USA"/>
<dc element="dc.source" value="Reuters"/>
</metadata>
</newsitem>
