<?xml version="1.0" encoding="iso-8859-1" ?>
<newsitem itemid="474337" id="root" date="1997-03-28" xml:lang="en">
<title>USA: Kiddie Academy to be delisted by Nasdaq.</title>
<headline>Kiddie Academy to be delisted by Nasdaq.</headline>
<dateline>BEL AIR, Md. 1997-03-28</dateline>
<text>
<p>Kiddie Academy International Inc on Friday said its common stock and warrants were being delisted from the Nasdaq Small Capitalization Market, effective Monday, March 31.</p>
<p>The company said that the Nasdaq Listing Qualifications Panel determined that it was not in compliance with a rule that companies maintain capital and surplus of at least $1.0 million.</p>
<p>Kiddie Academy, which operates and franchises child-care centers, said it intended to appeal the panel's decision.</p>
<p>It said that trading of its securities may be conducted on the OTC Bulletin Board or in the over-the-counter market, commonly referred to as the pink sheets.</p>
</text>
<copyright>(c) Reuters Limited 1997</copyright>
<metadata>
<codes class="bip:countries:1.0">
  <code code="USA">
    <editdetail attribution="Reuters BIP Coding Group" action="confirmed" date="1997-03-28"/>
  </code>
</codes>
<codes class="bip:topics:1.0">
  <code code="C14">
    <editdetail attribution="Reuters BIP Coding Group" action="confirmed" date="1997-03-28"/>
  </code>
  <code code="CCAT">
    <editdetail attribution="Reuters BIP Coding Group" action="confirmed" date="1997-03-28"/>
  </code>
</codes>
<dc element="dc.date.created" value="1997-03-28"/>
<dc element="dc.publisher" value="Reuters Holdings Plc"/>
<dc element="dc.date.published" value="1997-03-28"/>
<dc element="dc.source" value="Reuters"/>
<dc element="dc.creator.location" value="BEL AIR, Md."/>
<dc element="dc.creator.location.country.name" value="USA"/>
<dc element="dc.source" value="Reuters"/>
</metadata>
</newsitem>
