<?xml version="1.0" encoding="iso-8859-1" ?>
<newsitem itemid="474376" id="root" date="1997-03-28" xml:lang="en">
<title>USA: Iowa-S Minn fed cattle not well established - USDA.</title>
<headline>Iowa-S Minn fed cattle not well established - USDA.</headline>
<dateline>DES MOINES 1997-03-28</dateline>
<text>
<p>Live Sales Compared to Thursdays close - Slaughter steers and heifers were not well established, USDA said. Trade slow. Demand and seller interest light. Offerings current.</p>
<p>Steers - Select to mostly Choice 2-4 no sales.</p>
<p>Heifers - Select to mostly Choice 2-4 1150 lbs ld 67.50.</p>
<p>Carcass Basis (weight only) Compared Thursdays close -</p>
<p>Slaughter steers and heifers not tested.</p>
<p>Steers - Select to mostly Choice 2-4  no sales Holstein - (weight only) Select and Choice 2-3 1250-1400 lbs no sales Holsteins - ( grade and weight) Choice 2-3 1250-1450 lbs no sales Select 2-3 1250-1450 lbs no sales.</p>
<p>Heifers - Select to mostly Choice 2-4 no sales.</p>
<p>Confirmed Sales - 100  Week Ago - 1,700  Year Ago -  600</p>
<p>Wk to Date -	100  Week Ago - 1,700  Year Ago -  600</p>
<p>((Chicago newsdesk 312-408-8720))</p>
</text>
<copyright>(c) Reuters Limited 1997</copyright>
<metadata>
<codes class="bip:countries:1.0">
  <code code="USA">
    <editdetail attribution="Reuters BIP Coding Group" action="confirmed" date="1997-03-28"/>
  </code>
</codes>
<codes class="bip:topics:1.0">
  <code code="M14">
    <editdetail attribution="Reuters BIP Coding Group" action="confirmed" date="1997-03-28"/>
  </code>
  <code code="M141">
    <editdetail attribution="Reuters BIP Coding Group" action="confirmed" date="1997-03-28"/>
  </code>
  <code code="MCAT">
    <editdetail attribution="Reuters BIP Coding Group" action="confirmed" date="1997-03-28"/>
  </code>
</codes>
<dc element="dc.date.created" value="1997-03-28"/>
<dc element="dc.publisher" value="Reuters Holdings Plc"/>
<dc element="dc.date.published" value="1997-03-28"/>
<dc element="dc.source" value="Reuters"/>
<dc element="dc.creator.location" value="DES MOINES"/>
<dc element="dc.creator.location.country.name" value="USA"/>
<dc element="dc.source" value="Reuters"/>
</metadata>
</newsitem>
