<?xml version="1.0" encoding="iso-8859-1" ?>
<newsitem itemid="474392" id="root" date="1997-03-28" xml:lang="en">
<title>USA: Orange County, Calif., finances given high marks.</title>
<headline>Orange County, Calif., finances given high marks.</headline>
<dateline>SANTA ANA, Calif. 1997-03-28</dateline>
<text>
<p>Orange County's outside auditor gave a top rating to the California county's financial statements for the budget year that ended June 30, 1996, a county finance official said on Friday.</p>
<p>The auditing firm Ernst &amp; Young LLP issued an &quot;unqualified&quot; opinion on the county's 1995-96 financial statements, finding that the county's internal controls were adequate and that its transactions were fairly stated, Gary Burton, the county's chief financial officer, said.</p>
<p>&quot;It's another sign of the county's financial recovery,&quot; Burton said.</p>
<p>Last year, the county received a &quot;qualified&quot; opinion.</p>
<p>Orange County filed for bankruptcy in December 1994 after sustaining losses of more than $1.6 billion on risky investments. The county emerged from bankruptcy last June.</p>
</text>
<copyright>(c) Reuters Limited 1997</copyright>
<metadata>
<codes class="bip:countries:1.0">
  <code code="USA">
    <editdetail attribution="Reuters BIP Coding Group" action="confirmed" date="1997-03-28"/>
  </code>
</codes>
<codes class="bip:topics:1.0">
  <code code="E21">
    <editdetail attribution="Reuters BIP Coding Group" action="confirmed" date="1997-03-28"/>
  </code>
  <code code="ECAT">
    <editdetail attribution="Reuters BIP Coding Group" action="confirmed" date="1997-03-28"/>
  </code>
</codes>
<dc element="dc.date.created" value="1997-03-28"/>
<dc element="dc.publisher" value="Reuters Holdings Plc"/>
<dc element="dc.date.published" value="1997-03-28"/>
<dc element="dc.source" value="Reuters"/>
<dc element="dc.creator.location" value="SANTA ANA, Calif."/>
<dc element="dc.creator.location.country.name" value="USA"/>
<dc element="dc.source" value="Reuters"/>
</metadata>
</newsitem>
