<?xml version="1.0" encoding="iso-8859-1" ?>
<newsitem itemid="474364" id="root" date="1997-03-28" xml:lang="en">
<title>USA: Mississippi court stays release of Liggett papers.</title>
<headline>Mississippi court stays release of Liggett papers.</headline>
<dateline>JACKSON, Miss 1997-03-28</dateline>
<text>
<p>The Mississippi Supreme Court Friday stayed the release of internal documents from Brooke Group Ltd's Liggett Group until 6 p.m. EDT April 11.</p>
<p>In a brief two-page order signed by Chief Justice Dan Lee, the court said: &quot;The limited stay is being granted so that this court may properly consider the issues raised.&quot;</p>
<p>The stay came two hours before a 5 p.m. EST deadline imposed by Jones County Circuit Court, after which 11 Liggett documents would have been released to plaintiffs in a $650 million second-hand smoke lawsuit against cigarette makers.</p>
<p>The documents were among the records that Liggett agreed to turn over last week in a settlement with 22 states, which are suing the tobacco industry to recoup an estimated $30 billion in Medicaid funds spent treating poor people for smoking-related illnesses.</p>
<p>Jones County Circuit Judge Billy Joe Landrum ruled Wednesday that the documents could be turned over to attorneys for the family of Burl Butler, a Mississippi barber who died of cancer in 1994.</p>
<p>The family contends that Butler, who was 60 and never smoked, died of the second-hand smoke he breathed in from the cigarettes, cigars and pipes of people who patronised his shop over the course of 30 years.</p>
<p>The suit alleges that cigarette makers knew of the dangers of smoking but concealed the information. Plaintiffs say the Liggett papers may contain information to back up that claim.</p>
<p>When Judge Landrum made his ruling, he also issued a stay so that tobacco industry lawyers would have until 4 p.m. CST (5 P.M. EST) Friday to secure a decision from the high court.</p>
<p>The appeal was submitted by two attorneys, including former Mississippi Supreme Court Justice Reuben Anderson.</p>
<p>&quot;The circuit court's order threatens petitioners with immediate, irreversible harm by disclosure of information protected by the attorney-client privilege,&quot; the appeal said.</p>
<p>Judge Landrum concluded they were outside the scope of attorney-client privilege because they included statements by industry experts who were not meant to testify at trial.</p>
</text>
<copyright>(c) Reuters Limited 1997</copyright>
<metadata>
<codes class="bip:countries:1.0">
  <code code="USA">
    <editdetail attribution="Reuters BIP Coding Group" action="confirmed" date="1997-03-28"/>
  </code>
</codes>
<codes class="bip:industries:1.0">
  <code code="I42900">
    <editdetail attribution="Reuters BIP Coding Group" action="confirmed" date="1997-03-28"/>
  </code>
</codes>
<codes class="bip:topics:1.0">
  <code code="C12">
    <editdetail attribution="Reuters BIP Coding Group" action="confirmed" date="1997-03-28"/>
  </code>
  <code code="CCAT">
    <editdetail attribution="Reuters BIP Coding Group" action="confirmed" date="1997-03-28"/>
  </code>
  <code code="GCAT">
    <editdetail attribution="Reuters BIP Coding Group" action="confirmed" date="1997-03-28"/>
  </code>
  <code code="GCRIM">
    <editdetail attribution="Reuters BIP Coding Group" action="confirmed" date="1997-03-28"/>
  </code>
</codes>
<dc element="dc.date.created" value="1997-03-28"/>
<dc element="dc.publisher" value="Reuters Holdings Plc"/>
<dc element="dc.date.published" value="1997-03-28"/>
<dc element="dc.source" value="Reuters"/>
<dc element="dc.creator.location" value="JACKSON, Miss"/>
<dc element="dc.creator.location.country.name" value="USA"/>
<dc element="dc.source" value="Reuters"/>
</metadata>
</newsitem>
