<?xml version="1.0" encoding="iso-8859-1" ?>
<newsitem itemid="474308" id="root" date="1997-03-28" xml:lang="en">
<title>USA: Mercury Finance to sell unit to Frontier.</title>
<headline>Mercury Finance to sell unit to Frontier.</headline>
<dateline>CHICAGO 1997-03-28</dateline>
<text>
<p>Mercury Finance Co on Friday said it entered a definitive agreement to sell its Lyndon Insurance Group subsidiary to Frontier Insurance Group Inc for $92 million in cash.</p>
<p>The company said it hoped to satisfy non-regulatory conditions to the sale by early April and receive the regulatory approvals needed to close it by the end of April.</p>
<p>Representatives of Mercury's creditors have reviewed the agreement and expressed support for it, the company said..</p>
<p>Lyndon, headquartered in St. Louis, was acquired by Mercury in October 1995 for $72.5 million.</p>
</text>
<copyright>(c) Reuters Limited 1997</copyright>
<metadata>
<codes class="bip:countries:1.0">
  <code code="USA">
    <editdetail attribution="Reuters BIP Coding Group" action="confirmed" date="1997-03-28"/>
  </code>
</codes>
<codes class="bip:industries:1.0">
  <code code="I82002">
    <editdetail attribution="Reuters BIP Coding Group" action="confirmed" date="1997-03-28"/>
  </code>
  <code code="I83100">
    <editdetail attribution="Reuters BIP Coding Group" action="confirmed" date="1997-03-28"/>
  </code>
</codes>
<codes class="bip:topics:1.0">
  <code code="C18">
    <editdetail attribution="Reuters BIP Coding Group" action="confirmed" date="1997-03-28"/>
  </code>
  <code code="C181">
    <editdetail attribution="Reuters BIP Coding Group" action="confirmed" date="1997-03-28"/>
  </code>
  <code code="CCAT">
    <editdetail attribution="Reuters BIP Coding Group" action="confirmed" date="1997-03-28"/>
  </code>
</codes>
<dc element="dc.date.created" value="1997-03-28"/>
<dc element="dc.publisher" value="Reuters Holdings Plc"/>
<dc element="dc.date.published" value="1997-03-28"/>
<dc element="dc.source" value="Reuters"/>
<dc element="dc.creator.location" value="CHICAGO"/>
<dc element="dc.creator.location.country.name" value="USA"/>
<dc element="dc.source" value="Reuters"/>
</metadata>
</newsitem>
