<?xml version="1.0" encoding="iso-8859-1" ?>
<newsitem itemid="474310" id="root" date="1997-03-28" xml:lang="en">
<title>USA: Ampex says Mitsubishi Electric suit thwarted.</title>
<headline>Ampex says Mitsubishi Electric suit thwarted.</headline>
<dateline>REDWOOD CITY, Calif. 1997-03-28</dateline>
<text>
<p>Ampex Corp on Friday said it successfully defended itself against a patent infringement lawsuit brought by Mitsubishi Electric Corp.</p>
<p>The suit was filed in the U.S. District Court for the Central District of California and alleged infringement of two Mitsubishi patents by Ampex in some of its video and data recorder products.</p>
<p>The court determined that Ampex has no liability to Mitsubishi, finding in favor of Ampex with respect to both Mitsubishi patents, Ampex said.</p>
<p>Mitsubishi filed the suit in December 1995, two months after Ampex brought suit against Mitsubishi alleging infringement of three Ampex patents, Ampex said.</p>
<p>That trial is scheduled to begin on Monday, March 31.</p>
</text>
<copyright>(c) Reuters Limited 1997</copyright>
<metadata>
<codes class="bip:countries:1.0">
  <code code="USA">
    <editdetail attribution="Reuters BIP Coding Group" action="confirmed" date="1997-03-28"/>
  </code>
</codes>
<codes class="bip:industries:1.0">
  <code code="I34000">
    <editdetail attribution="Reuters BIP Coding Group" action="confirmed" date="1997-03-28"/>
  </code>
  <code code="I34531">
    <editdetail attribution="Reuters BIP Coding Group" action="confirmed" date="1997-03-28"/>
  </code>
</codes>
<codes class="bip:topics:1.0">
  <code code="C12">
    <editdetail attribution="Reuters BIP Coding Group" action="confirmed" date="1997-03-28"/>
  </code>
  <code code="CCAT">
    <editdetail attribution="Reuters BIP Coding Group" action="confirmed" date="1997-03-28"/>
  </code>
  <code code="GCAT">
    <editdetail attribution="Reuters BIP Coding Group" action="confirmed" date="1997-03-28"/>
  </code>
  <code code="GCRIM">
    <editdetail attribution="Reuters BIP Coding Group" action="confirmed" date="1997-03-28"/>
  </code>
</codes>
<dc element="dc.date.created" value="1997-03-28"/>
<dc element="dc.publisher" value="Reuters Holdings Plc"/>
<dc element="dc.date.published" value="1997-03-28"/>
<dc element="dc.source" value="Reuters"/>
<dc element="dc.creator.location" value="REDWOOD CITY, Calif."/>
<dc element="dc.creator.location.country.name" value="USA"/>
<dc element="dc.source" value="Reuters"/>
</metadata>
</newsitem>
