<?xml version="1.0" encoding="iso-8859-1" ?>
<newsitem itemid="474342" id="root" date="1997-03-28" xml:lang="en">
<title>USA: For Better Living Inc Q4 profit vs loss.</title>
<headline>For Better Living Inc Q4 profit vs loss.</headline>
<dateline>AUBURN, Calif. 1997-03-28</dateline>
<text>
<p>Three Months Ended	 Fiscal Year Ended</p>
<p>		     Dec. 28,    Dec. 30,    Dec. 28,    Dec. 30,</p>
<p>			   1996	 1995	  1996	  1995</p>
<p>NET REVENUES $26,534,000 $22,457,000 $97,971,000 $81,517,000 NET INCOME (LOSS)</p>
<p>			182,000   ( 73,000)     655,000     316,000</p>
<p>NET INCOME (LOSS)</p>
<p>PER COMMON SHARE:</p>
<p>			   0.21	 (.08)	  0.75	  0.36</p>
</text>
<copyright>(c) Reuters Limited 1997</copyright>
<metadata>
<codes class="bip:countries:1.0">
  <code code="USA">
    <editdetail attribution="Reuters BIP Coding Group" action="confirmed" date="1997-03-28"/>
  </code>
</codes>
<codes class="bip:topics:1.0">
  <code code="C15">
    <editdetail attribution="Reuters BIP Coding Group" action="confirmed" date="1997-03-28"/>
  </code>
  <code code="C151">
    <editdetail attribution="Reuters BIP Coding Group" action="confirmed" date="1997-03-28"/>
  </code>
  <code code="C1511">
    <editdetail attribution="Reuters BIP Coding Group" action="confirmed" date="1997-03-28"/>
  </code>
  <code code="CCAT">
    <editdetail attribution="Reuters BIP Coding Group" action="confirmed" date="1997-03-28"/>
  </code>
</codes>
<dc element="dc.date.created" value="1997-03-28"/>
<dc element="dc.publisher" value="Reuters Holdings Plc"/>
<dc element="dc.date.published" value="1997-03-28"/>
<dc element="dc.source" value="Reuters"/>
<dc element="dc.creator.location" value="AUBURN, Calif."/>
<dc element="dc.creator.location.country.name" value="USA"/>
<dc element="dc.source" value="Reuters"/>
</metadata>
</newsitem>
