<?xml version="1.0" encoding="iso-8859-1" ?>
<newsitem itemid="474370" id="root" date="1997-03-28" xml:lang="en">
<title>USA: Calif. treasurer to name state underwriting teams.</title>
<headline>Calif. treasurer to name state underwriting teams.</headline>
<dateline>SACRAMENTO, Calif. 1997-03-28</dateline>
<text>
<p>California Treasurer Matt Fong on Tuesday plans to release the names of the firms selected for the state's underwriting pools, which handle most of its bond issues, his office said on Friday.</p>
<p>A spokesman for Fong said the names of the selected firms would be announced on April 1 when the pools become effective.</p>
<p>For the next two years, the underwriting pools will handle state negotiated bond offerings as well as the debt offerings of state financing authorities and boards.</p>
</text>
<copyright>(c) Reuters Limited 1997</copyright>
<metadata>
<codes class="bip:countries:1.0">
  <code code="USA">
    <editdetail attribution="Reuters BIP Coding Group" action="confirmed" date="1997-03-28"/>
  </code>
</codes>
<codes class="bip:industries:1.0">
  <code code="I83100">
    <editdetail attribution="Reuters BIP Coding Group" action="confirmed" date="1997-03-28"/>
  </code>
</codes>
<codes class="bip:topics:1.0">
  <code code="C33">
    <editdetail attribution="Reuters BIP Coding Group" action="confirmed" date="1997-03-28"/>
  </code>
  <code code="CCAT">
    <editdetail attribution="Reuters BIP Coding Group" action="confirmed" date="1997-03-28"/>
  </code>
  <code code="E21">
    <editdetail attribution="Reuters BIP Coding Group" action="confirmed" date="1997-03-28"/>
  </code>
  <code code="E212">
    <editdetail attribution="Reuters BIP Coding Group" action="confirmed" date="1997-03-28"/>
  </code>
  <code code="ECAT">
    <editdetail attribution="Reuters BIP Coding Group" action="confirmed" date="1997-03-28"/>
  </code>
</codes>
<dc element="dc.date.created" value="1997-03-28"/>
<dc element="dc.publisher" value="Reuters Holdings Plc"/>
<dc element="dc.date.published" value="1997-03-28"/>
<dc element="dc.source" value="Reuters"/>
<dc element="dc.creator.location" value="SACRAMENTO, Calif."/>
<dc element="dc.creator.location.country.name" value="USA"/>
<dc element="dc.source" value="Reuters"/>
</metadata>
</newsitem>
