<?xml version="1.0" encoding="iso-8859-1" ?>
<newsitem itemid="474349" id="root" date="1997-03-28" xml:lang="en">
<title>ISRAEL: US envoy comes up short in Mideast crisis mission.</title>
<headline>US envoy comes up short in Mideast crisis mission.</headline>
<byline>Daniel Sternoff</byline>
<dateline>JERUSALEM 1997-03-28</dateline>
<text>
<p>A U.S. presidential envoy headed for home on Friday without scoring a breakthrough during an emergency Middle East mission to salvage crumbling Israeli-PLO peace talks.</p>
<p>Israeli Prime Minister Benjamin Netanyahu said after talks with veteran mediator Dennis Ross in Jerusalem that only a Palestinian crackdown on &quot;terrorism&quot; -- not just a pledge to fight militants -- would salvage peacemaking.</p>
<p>&quot;We want immediate action,&quot; Netanyahu said. &quot;If the Palestinian side meets its commitments -- again not for just a day or two -- but if we see a basic change during the coming period, we will be able to put the peace process back on course.&quot;</p>
<p>But the PLO insisted the only way out of the crisis was for Israel to order its bulldozers to stop ripping up an Arab East Jerusalem hillside to build a new Jewish settlement.</p>
<p>&quot;These things...call for a quick Palestinian, Arab and Moslem move to face these dangerous developments not only against Jerusalem but also against the Palestinian people,&quot; Palestinian President Yasser Arafat told reporters in Tunis after talks with Tunisian President Zine al-Abidine Ben Ali.</p>
<p>Ross left for Washington after his two-day shuttle between Netanyahu in Israel and Arafat in the Moroccan capital Rabat, saying only that he would report back to U.S. President Bill Clinton and Secretary of State Madeleine Albright.</p>
<p>&quot;They will want to consider the report before deciding what are the most appropriate next steps that might be taken,&quot; Ross told reporters after meeting Netanyahu.</p>
<p>&quot;One thing that's clear as I leave is that it's essential to re-establish calm,&quot; Ross said.</p>
<p>Israeli-PLO talks have been frozen since Netanyahu broke ground last week for the settlement on a hilltop called Har Homa in Hebrew and Jabal Abu Ghneim in Arabic, unleashing Palestinian rage in daily West Bank unrest.</p>
<p>Arabs view East Jerusalem, which Israel occupied in 1967 and annexed, as the capital of a future Palestinian state.</p>
<p>The crisis deepened last Friday, when an Islamist suicide bomber killed three Israeli women at a Tel Aviv cafe. Israel has accused Arafat of giving a tacit &quot;green light&quot; for militant attacks. The PLO denies the charge.</p>
<p>In Hebron, Israeli soldiers dispersed scores of Palestinian stone-throwers. Witnesses said 25 protesters arrived at hospital with rubber bullet wounds and two with wounds from live ammunition. Palestinian police helped contain the riots.</p>
<p>On Jerusalem's Temple Mount, stone-throwers pelted Israeli police after Moslem Friday prayers at al-Aqsa mosque. Police held their fire while guards from the independent Islamic Trust helped to disperse the protesters.</p>
<p>Netanyahu said that Arafat had assured Ross in Rabat that &quot;terrorism&quot; would stop.</p>
<p>&quot;But what we're interested in right now are not verbal assurances in Rabat but action -- actually deeds and words here -- because this is where the terrorism is exploding,&quot; he said.</p>
<p>The Israeli leader demanded Arafat arrest militants, dismantle guerrilla groups and tighten cooperation between Israeli and Palestinian security forces.</p>
<p>In Tunis, Arafat's spokesman Marwan Kanafani shrugged off reports that the Palestinian leader had made a new pledge to stop violence when he met Ross.</p>
<p>&quot;The president didn't charge Ross with a new position regarding violence because the president's and Palestinian Authority's stand is clear on this issue,&quot; Kanafani said.</p>
<p>Arafat left Tunis for Cairo  and was due to return to self-ruled Gaza on Saturday.</p>
<p>Friday's violence overshadowed Easter celebrations on Good Friday at the traditional site of Jesus's crucifixion in Jerusalem.</p>
</text>
<copyright>(c) Reuters Limited 1997</copyright>
<metadata>
<codes class="bip:countries:1.0">
  <code code="ISRAEL">
    <editdetail attribution="Reuters BIP Coding Group" action="confirmed" date="1997-03-28"/>
  </code>
  <code code="USA">
    <editdetail attribution="Reuters BIP Coding Group" action="confirmed" date="1997-03-28"/>
  </code>
</codes>
<codes class="bip:topics:1.0">
  <code code="GCAT">
    <editdetail attribution="Reuters BIP Coding Group" action="confirmed" date="1997-03-28"/>
  </code>
  <code code="GDIP">
    <editdetail attribution="Reuters BIP Coding Group" action="confirmed" date="1997-03-28"/>
  </code>
  <code code="GPOL">
    <editdetail attribution="Reuters BIP Coding Group" action="confirmed" date="1997-03-28"/>
  </code>
</codes>
<dc element="dc.date.created" value="1997-03-28"/>
<dc element="dc.publisher" value="Reuters Holdings Plc"/>
<dc element="dc.date.published" value="1997-03-28"/>
<dc element="dc.source" value="Reuters"/>
<dc element="dc.creator.location" value="JERUSALEM"/>
<dc element="dc.creator.location.country.name" value="ISRAEL"/>
<dc element="dc.source" value="Reuters"/>
</metadata>
</newsitem>
