<?xml version="1.0" encoding="iso-8859-1" ?>
<newsitem itemid="474352" id="root" date="1997-03-28" xml:lang="en">
<title>MOROCCO: Morocco closes subscription on public T-bond issue.</title>
<headline>Morocco closes subscription on public T-bond issue.</headline>
<dateline>RABAT 1997-03-28</dateline>
<text>
<p>Morocco's Finance Ministry on Friday said it closed subscription for a discounted public Treasury bond issue on the Casablanca stock exchange.</p>
<p>&quot;Public subscription for public Treasury bonds at between 8.5 and 9.5 percent interest rate was closed on Friday at 1800 GMT,&quot; a ministry official said.</p>
<p>Subscription was opened on Monday, the official said.</p>
<p>The Treasury bonds, called Emprunt National, are listed on the stock exchange as part of the state domestic debt oriented to small investors and will be negotiable on the market from March 31, he added.</p>
<p>The government bonds showed interest rates down 0.5 percent, a market analyst said.</p>
<p>The bonds were issued as follows: one-year bond at 8.5 percent, three-year bond at 9.0 percent and five-year bond at 9.5 percent, the analyst added.</p>
<p>It was not immediately known in value the T-bond amount raised on the Casablanca bourse, officials said.</p>
<p>($1= 9.3 dirhams)</p>
<p>((-- Newsroom +212-7 72 6518))</p>
</text>
<copyright>(c) Reuters Limited 1997</copyright>
<metadata>
<codes class="bip:countries:1.0">
  <code code="MOROC">
    <editdetail attribution="Reuters BIP Coding Group" action="confirmed" date="1997-03-28"/>
  </code>
</codes>
<codes class="bip:topics:1.0">
  <code code="E21">
    <editdetail attribution="Reuters BIP Coding Group" action="confirmed" date="1997-03-28"/>
  </code>
  <code code="E212">
    <editdetail attribution="Reuters BIP Coding Group" action="confirmed" date="1997-03-28"/>
  </code>
  <code code="ECAT">
    <editdetail attribution="Reuters BIP Coding Group" action="confirmed" date="1997-03-28"/>
  </code>
  <code code="M12">
    <editdetail attribution="Reuters BIP Coding Group" action="confirmed" date="1997-03-28"/>
  </code>
  <code code="MCAT">
    <editdetail attribution="Reuters BIP Coding Group" action="confirmed" date="1997-03-28"/>
  </code>
</codes>
<dc element="dc.date.created" value="1997-03-28"/>
<dc element="dc.publisher" value="Reuters Holdings Plc"/>
<dc element="dc.date.published" value="1997-03-28"/>
<dc element="dc.source" value="Reuters"/>
<dc element="dc.creator.location" value="RABAT"/>
<dc element="dc.creator.location.country.name" value="MOROCCO"/>
<dc element="dc.source" value="Reuters"/>
</metadata>
</newsitem>
