<?xml version="1.0" encoding="iso-8859-1" ?>
<newsitem itemid="474385" id="root" date="1997-03-28" xml:lang="en">
<title>USA: USDA offers Turkey credit guarantees on spirits.</title>
<headline>USDA offers Turkey credit guarantees on spirits.</headline>
<dateline>WASHINGTON 1997-03-28</dateline>
<text>
<p>The U.S. Agriculture Department on Friday said it was offering export credit guarantees to Turkey to facilitate sales of grain neutral spirits.</p>
<p>The commodity was added to other goods eligible for the short-term GSM-102 credits. The USDA said the total available to Turkey in the credits remained at $180 million for fiscal 1997, which ends September 30.</p>
</text>
<copyright>(c) Reuters Limited 1997</copyright>
<metadata>
<codes class="bip:countries:1.0">
  <code code="TURK">
    <editdetail attribution="Reuters BIP Coding Group" action="confirmed" date="1997-03-28"/>
  </code>
  <code code="USA">
    <editdetail attribution="Reuters BIP Coding Group" action="confirmed" date="1997-03-28"/>
  </code>
</codes>
<codes class="bip:topics:1.0">
  <code code="E21">
    <editdetail attribution="Reuters BIP Coding Group" action="confirmed" date="1997-03-28"/>
  </code>
  <code code="E212">
    <editdetail attribution="Reuters BIP Coding Group" action="confirmed" date="1997-03-28"/>
  </code>
  <code code="E51">
    <editdetail attribution="Reuters BIP Coding Group" action="confirmed" date="1997-03-28"/>
  </code>
  <code code="ECAT">
    <editdetail attribution="Reuters BIP Coding Group" action="confirmed" date="1997-03-28"/>
  </code>
</codes>
<dc element="dc.date.created" value="1997-03-28"/>
<dc element="dc.publisher" value="Reuters Holdings Plc"/>
<dc element="dc.date.published" value="1997-03-28"/>
<dc element="dc.source" value="Reuters"/>
<dc element="dc.creator.location" value="WASHINGTON"/>
<dc element="dc.creator.location.country.name" value="USA"/>
<dc element="dc.source" value="Reuters"/>
</metadata>
</newsitem>
