<?xml version="1.0" encoding="iso-8859-1" ?>
<newsitem itemid="474368" id="root" date="1997-03-28" xml:lang="en">
<title>USA: Orange County D.A. disqualified in bankruptcy case.</title>
<headline>Orange County D.A. disqualified in bankruptcy case.</headline>
<dateline>SANTA ANA, Calif. 1997-03-28</dateline>
<text>
<p>A California appeals court on Friday disqualified Orange County's district attorney from prosecuting the county auditor-controller, Steven Lewis, on accusations stemming from the county's bankruptcy.</p>
<p>The state's Fourth District Court of Appeal in Santa Ana granted a request by Lewis to have the county district attorney and his office recused from his case.</p>
<p>The decision was yet another setback for Orange County District Attorney Michael Capizzi. Earlier this month, the California Supreme Court denied his request to revive misconduct charges against two county supervisors.  </p>
<p>Orange County filed for bankruptcy in December 1994 after sustaining losses of more than $1.6 billion on risky investments. The county emerged from bankruptcy last June.</p>
<p>In December 1995, a county grand jury accused Lewis, former county Supervisor Roger Stanton and current Board of Supervisors Chairman William Steiner of misconduct.</p>
<p>The grand jury alleged that Lewis failed to report report county cash-flow projections accurately, allowing the county to inflate the size of its tax-exempt borrowings.</p>
<p>Attorneys for Lewis argued that Capizzi had a conflict of interest and that their client would not receive a fair trial.  </p>
<p>In the ruling Friday, the appeals court sided with Lewis.</p>
<p>&quot;We hold there exists the appearance of a conflict so grave as to render it unlikely petitioner (Lewis) will receive fair treatment during the proceedings and order the motion to recuse be granted,&quot; the appeals court ruling said.</p>
<p>The court said the district attorney and his staff were &quot;direct victims of the alleged conduct underlying the accusation&quot; and that &quot;the district attorney's own conduct may become an issue at trial.&quot;</p>
<p>An attorney for Lewis hailed the ruling.  </p>
<p>&quot;It (the ruling) gives Mr. Lewis the opportunity to have a fair trial,&quot; defense attorney Ellyn Garofalo said, adding that she has asked the appeals court to dismiss the case outright.</p>
<p>Maurice Evans, Orange County's chief assistant district attorney, said his office would review the ruling and consult with the state Attorney General's office.</p>
<p>&quot;Sometime next week we'll make a decision about any action we may take regarding the opinion,&quot; he said.</p>
<p>The Lewis decision was a major blow to Orange County's district attorney, who lost another bankruptcy-related court battle earlier this month.  </p>
<p>In addition to Lewis, the county grand jury had accused Stanton and Steiner of misconduct.</p>
<p>Prosecutors alleged the supervisors failed to oversee county finance officials and voted to issue bonds without making &quot;adequate inquiries&quot; into the need for the borrowings and whether the county could rapay them.</p>
<p>Last November, a state appeals court dismissed the accusations, saying that &quot;something more than neglect&quot; was needed to constitute misconduct.</p>
<p>On March 21, the California Supreme Court declined to reinstate the charges.</p>
<p>Wylie Aitken, Stanton's attorney, on Friday said the district attorney had finally come &quot;to the end of the road.&quot;</p>
<p>&quot;This whole chapter has now been brought to a close,&quot; Aitken said.</p>
</text>
<copyright>(c) Reuters Limited 1997</copyright>
<metadata>
<codes class="bip:countries:1.0">
  <code code="USA">
    <editdetail attribution="Reuters BIP Coding Group" action="confirmed" date="1997-03-28"/>
  </code>
</codes>
<codes class="bip:topics:1.0">
  <code code="GCAT">
    <editdetail attribution="Reuters BIP Coding Group" action="confirmed" date="1997-03-28"/>
  </code>
  <code code="GCRIM">
    <editdetail attribution="Reuters BIP Coding Group" action="confirmed" date="1997-03-28"/>
  </code>
  <code code="GPOL">
    <editdetail attribution="Reuters BIP Coding Group" action="confirmed" date="1997-03-28"/>
  </code>
</codes>
<dc element="dc.date.created" value="1997-03-28"/>
<dc element="dc.publisher" value="Reuters Holdings Plc"/>
<dc element="dc.date.published" value="1997-03-28"/>
<dc element="dc.source" value="Reuters"/>
<dc element="dc.creator.location" value="SANTA ANA, Calif."/>
<dc element="dc.creator.location.country.name" value="USA"/>
<dc element="dc.source" value="Reuters"/>
</metadata>
</newsitem>
