<?xml version="1.0" encoding="iso-8859-1" ?>
<newsitem itemid="474393" id="root" date="1997-03-28" xml:lang="en">
<title>USA: McCurry says more work to be done in Middle East.</title>
<headline>McCurry says more work to be done in Middle East.</headline>
<dateline>WASHINGTON 1997-03-28</dateline>
<text>
<p>White House spokesman Mike McCurry said on Friday Ambassador Dennis Ross' trip to the Middle East was &quot;constructive&quot; but far more work remains to be done.</p>
<p>Ross headed for home on Friday without scoring a breakthrough in an emergency mission to salvage crumbling Israeli-PLO talks.</p>
<p>McCurry said President Bill Clinton &quot;hears that Ambassador Ross had meetings that were constructive, that Ambassador Ross has characterised and described. And it's clear that much more work will need to be done and will be done.&quot;</p>
<p>He said Clinton would meet Ross on Monday and get his report.</p>
<p>After a two-day shuttle between Israeli Prime Minister Benjamin Netanyahu and Palestinian President Yasser Arafat, who was in Tunis, Ross said he would report back to Clinton and Secretary of State Madeleine Albright.</p>
<p>&quot;They will want to consider the report before deciding what are the most appropriate next steps that might be taken,&quot; he told reporters after meeting Netanyahu. &quot;One thing that's clear as I leave is that it's essential to re-establish calm.&quot;</p>
<p>Israeli-PLO talks have been frozen since Netanyahu broke ground last week for a Jewish settlement on an Arab East Jerusalem hillside, unleashing Palestinian rage in daily West Bank unrest. Arabs view East Jerusalem, which Israel occupied in 1967 and annexed, as the capital of a future Palestinian state.</p>
</text>
<copyright>(c) Reuters Limited 1997</copyright>
<metadata>
<codes class="bip:countries:1.0">
  <code code="ISRAEL">
    <editdetail attribution="Reuters BIP Coding Group" action="confirmed" date="1997-03-28"/>
  </code>
  <code code="USA">
    <editdetail attribution="Reuters BIP Coding Group" action="confirmed" date="1997-03-28"/>
  </code>
</codes>
<codes class="bip:topics:1.0">
  <code code="GCAT">
    <editdetail attribution="Reuters BIP Coding Group" action="confirmed" date="1997-03-28"/>
  </code>
  <code code="GDIP">
    <editdetail attribution="Reuters BIP Coding Group" action="confirmed" date="1997-03-28"/>
  </code>
</codes>
<dc element="dc.date.created" value="1997-03-28"/>
<dc element="dc.publisher" value="Reuters Holdings Plc"/>
<dc element="dc.date.published" value="1997-03-28"/>
<dc element="dc.source" value="Reuters"/>
<dc element="dc.creator.location" value="WASHINGTON"/>
<dc element="dc.creator.location.country.name" value="USA"/>
<dc element="dc.source" value="Reuters"/>
</metadata>
</newsitem>
