<?xml version="1.0" encoding="iso-8859-1" ?>
<newsitem itemid="474379" id="root" date="1997-03-28" xml:lang="en">
<title>USA: Central U.S. carlot beef trade 1500 CST -USDA.</title>
<headline>Central U.S. carlot beef trade 1500 CST -USDA.</headline>
<dateline>CHICAGO 1997-03-28</dateline>
<text>
<p>Utility carcasses generally steady; Cutter generally $2.00 per cwt higher compared to last test. Demand and offerings light to moderate, USDA said.</p>
<p>COW &amp; BULL CARCASS FOB OMAHA	  6.0   Loads Reported.</p>
<p>			  Lds     Price Range    Latest Estb. Mkt.</p>
<p>UT,brk 2-4 450#/up  1.0   68.00		 68.00</p>
<p>UT,bng 1-3 400#/up  1.0   72.00		 72.00</p>
<p>Cutter 1-2 350#/up  4.0   70.00		 70.00</p>
<p>Bulls YG 1 500#/up				    unq</p>
<p>BONELESS PROCESSING BEEF/BEEF TRIMMINGS: 11.0  Loads Reported. Fresh lean boneless processing beef not established; 65% generally steady to 1.50 per cwt higher. Demand light for light to moderate offerings. Beef trimmings not established.</p>
<p>FOB OMAHA BASIS:</p>
<p>Chm Ln   Lds     Price Range		     Wtavg</p>
<p>90% fr	 105.0 - 106.0		     105.27 A</p>
<p>90% fz    7  104.0 - 107.0		     105.07</p>
<p>85% fr		    97.0			97.00 A</p>
<p>75% fr		    80.5			80.50 A</p>
<p>65% fr    4   64.0 -  66.0			65.25</p>
<p>FOB EAST TEXAS AND OKLAHOMA:</p>
<p>Chm Ln   Lds     Price Range		     Wtavg</p>
<p>90% fr	 106.0 - 106.5		     106.30 A</p>
<p>CAF NORTHEAST AREAS:</p>
<p>Chm Ln   Lds     Price Range		     Wtavg</p>
<p>90% fr	 109.0 - 110.0		     109.81 B</p>
<p>85% fr		   105.0		     105.00 B</p>
<p>CAF WEST COAST BASIS	 Market for Week Ended: 03/28/97</p>
<p>Chm Ln   Lds     Price Range		     Wtavg</p>
<p>90% fr    2	    106.5		     106.50</p>
<p>85% fr    4	     94.5			94.50</p>
<p>65% fr   12   65.0 -  67.0			65.83</p>
<p>50% fr    9   45.0 -  47.5			45.94</p>
<p>50% fz    2	     49.0			49.00</p>
<p>**ABCDE after quotes represents days since last actual market test. Quotes are dropped after 5 days of no test or before if they no longer reflect current market conditions.**</p>
<p>((Chicago newsdesk 312-408-8720))</p>
</text>
<copyright>(c) Reuters Limited 1997</copyright>
<metadata>
<codes class="bip:countries:1.0">
  <code code="USA">
    <editdetail attribution="Reuters BIP Coding Group" action="confirmed" date="1997-03-28"/>
  </code>
</codes>
<codes class="bip:topics:1.0">
  <code code="M14">
    <editdetail attribution="Reuters BIP Coding Group" action="confirmed" date="1997-03-28"/>
  </code>
  <code code="M141">
    <editdetail attribution="Reuters BIP Coding Group" action="confirmed" date="1997-03-28"/>
  </code>
  <code code="MCAT">
    <editdetail attribution="Reuters BIP Coding Group" action="confirmed" date="1997-03-28"/>
  </code>
</codes>
<dc element="dc.date.created" value="1997-03-28"/>
<dc element="dc.publisher" value="Reuters Holdings Plc"/>
<dc element="dc.date.published" value="1997-03-28"/>
<dc element="dc.source" value="Reuters"/>
<dc element="dc.creator.location" value="CHICAGO"/>
<dc element="dc.creator.location.country.name" value="USA"/>
<dc element="dc.source" value="Reuters"/>
</metadata>
</newsitem>
