<?xml version="1.0" encoding="iso-8859-1" ?>
<newsitem itemid="474363" id="root" date="1997-03-28" xml:lang="en">
<title>USA: Applied Micro says 1st qtr net to be below expectation.</title>
<headline>Applied Micro says 1st qtr net to be below expectation.</headline>
<dateline>REDMOND, Wash.</dateline>
<text>
<p>Applied Microsystems Corp. said Friday it expects revenues and earnings to be below analysts' expectations for its first quarter ending March 31, 1997.</p>
<p>Based on preliminary sales totals, the company expects net revenues for the first quarter to be between $8.5 million and $9.0 million compared with $8.7 million in the prior year's quarter and average street expectations of $11.2 million.</p>
<p>The company said it expects earnings to somewhere around seven cents a share, compared with 10 cents a share in the prior year's quarter and average analysts' expectations of 15 cents a share.</p>
<p>The lower revenue estimates reflect longer than anticipated quarter-ending sales cycles and unfavourable currency exchange rate fluctuations, especially as it relates to a weakening Japanese Yen in relation to the dollar.</p>
<p>&quot;Obviously, we are quite disappointed with these figures,&quot; said Robert Deinhammer, president and chief executive officer of Redmond, Wash.-based Applied Microsystems.</p>
</text>
<copyright>(c) Reuters Limited 1997</copyright>
<metadata>
<codes class="bip:countries:1.0">
  <code code="USA">
    <editdetail attribution="Reuters BIP Coding Group" action="confirmed" date="1997-03-28"/>
  </code>
</codes>
<codes class="bip:topics:1.0">
  <code code="C15">
    <editdetail attribution="Reuters BIP Coding Group" action="confirmed" date="1997-03-28"/>
  </code>
  <code code="C152">
    <editdetail attribution="Reuters BIP Coding Group" action="confirmed" date="1997-03-28"/>
  </code>
  <code code="CCAT">
    <editdetail attribution="Reuters BIP Coding Group" action="confirmed" date="1997-03-28"/>
  </code>
</codes>
<dc element="dc.publisher" value="Reuters Holdings Plc"/>
<dc element="dc.date.published" value="1997-03-28"/>
<dc element="dc.source" value="Reuters"/>
<dc element="dc.creator.location" value="REDMOND, Wash."/>
<dc element="dc.creator.location.country.name" value="USA"/>
<dc element="dc.source" value="Reuters"/>
</metadata>
</newsitem>
