<?xml version="1.0" encoding="iso-8859-1" ?>
<newsitem itemid="474316" id="root" date="1997-03-28" xml:lang="en">
<title>USA: Transamerica settles suit, to take Q1 charge.</title>
<headline>Transamerica settles suit, to take Q1 charge.</headline>
<dateline>SAN FRANCISCO 1997-03-28</dateline>
<text>
<p>Transamerica Corp on Friday said its life-insurance subsidiaries entered a proposed settlement of a class-action lawsuit regarding the sale and performance of some of its universal and whole life insurance policies.</p>
<p>The company said its first-quarter results would reflect about $20 million of costs related to the suit, including the plaintiff's attorney fees and expenses.  </p>
<p>The lawsuit involved Transamerica Occidental Life Insurance Co, Transamerica Assurance Co and First Transamerica Life Insurance Co</p>
<p>Transamerica said the settlement would provide $125 million to $135 million in benefits to policyholders, excluding benefits awarded through the claim review process, which a policyholder could invoke if unsatisfied with the settlement.</p>
<p>A company spokesman said the $125 million to $135 million was not a cash payout but instead represented the economic value of benefits to policyholders.  </p>
<p>He did not estimate what the benefits would mean to the company in terms of unrecognized profit.</p>
<p>The spokesman also said that the company did not believe the claims review process would add much liability.</p>
<p>He said the company was convinced that there was no pattern of wrongdoing and that it settled the suit because it felt it was in its best interests.</p>
<p>A hearing regarding approval of the settlement is scheduled for June 26.</p>
</text>
<copyright>(c) Reuters Limited 1997</copyright>
<metadata>
<codes class="bip:countries:1.0">
  <code code="USA">
    <editdetail attribution="Reuters BIP Coding Group" action="confirmed" date="1997-03-28"/>
  </code>
</codes>
<codes class="bip:industries:1.0">
  <code code="I82000">
    <editdetail attribution="Reuters BIP Coding Group" action="confirmed" date="1997-03-28"/>
  </code>
</codes>
<codes class="bip:topics:1.0">
  <code code="C12">
    <editdetail attribution="Reuters BIP Coding Group" action="confirmed" date="1997-03-28"/>
  </code>
  <code code="CCAT">
    <editdetail attribution="Reuters BIP Coding Group" action="confirmed" date="1997-03-28"/>
  </code>
  <code code="GCAT">
    <editdetail attribution="Reuters BIP Coding Group" action="confirmed" date="1997-03-28"/>
  </code>
  <code code="GCRIM">
    <editdetail attribution="Reuters BIP Coding Group" action="confirmed" date="1997-03-28"/>
  </code>
</codes>
<dc element="dc.date.created" value="1997-03-28"/>
<dc element="dc.publisher" value="Reuters Holdings Plc"/>
<dc element="dc.date.published" value="1997-03-28"/>
<dc element="dc.source" value="Reuters"/>
<dc element="dc.creator.location" value="SAN FRANCISCO"/>
<dc element="dc.creator.location.country.name" value="USA"/>
<dc element="dc.source" value="Reuters"/>
</metadata>
</newsitem>
