<?xml version="1.0" encoding="iso-8859-1" ?>
<newsitem itemid="474365" id="root" date="1997-03-28" xml:lang="en">
<title>USA: U.S. envoy rejects N.Korea aid link on peace talks.</title>
<headline>U.S. envoy rejects N.Korea aid link on peace talks.</headline>
<dateline>WASHINGTON 1997-03-28</dateline>
<text>
<p>The U.S. ambassador to the United Nations rejected on Friday a North Korean demand for more food aid as a condition for taking part in four-party peace talks aimed at formally ending the Korean War.</p>
<p>&quot;We explicitly reject the linkage,&quot; Ambassador Bill Richardson said in a telephone interview. But he predicted the world community might respond more positively to North Korea's needs if it joined the talks.</p>
<p>&quot;If North Korea accepts the four-party talks the international community, in my judgment, might respond more positively to North Korea's humanitarian needs in the future,&quot; he said.</p>
<p>The South Korean Foreign Ministry in Seoul said North Korea conditionally offered to join the talks at a meeting in New York on Wednesday of working-level officials from the two Koreas and the United States. The fourth party to the talks would be China.</p>
<p>At issue is replacing the armistice of 1953 that ended the fighting on the Korean peninsula with a formal peace agreement.</p>
<p>Vice President Al Gore arrived in Seoul on Friday after a five-day visit to China during which he discussed the four-party talks.</p>
<p>&quot;We've told them (North Korea) there will be a great deal of goodwill ... if you come into this four-party process. If you come into them, good things will happen,&quot; an official travelling with Gore told reporters.</p>
<p>The State Department has stressed that the prime criterion for granting aid to North Korea is need.</p>
<p>However, a U.S. official speaking on condition of anonymity said it would be naive to rule out other factors in Washington's decision making.</p>
<p>&quot;If it is a country that is (a) democratic, open, free society, it would be naive to think that you aren't a little more likely to provide assistance than you are to a rigid Stalinist state,&quot; the official said.</p>
</text>
<copyright>(c) Reuters Limited 1997</copyright>
<metadata>
<codes class="bip:countries:1.0">
  <code code="CHINA">
    <editdetail attribution="Reuters BIP Coding Group" action="confirmed" date="1997-03-28"/>
  </code>
  <code code="NKOREA">
    <editdetail attribution="Reuters BIP Coding Group" action="confirmed" date="1997-03-28"/>
  </code>
  <code code="SKOREA">
    <editdetail attribution="Reuters BIP Coding Group" action="confirmed" date="1997-03-28"/>
  </code>
  <code code="UN">
    <editdetail attribution="Reuters BIP Coding Group" action="confirmed" date="1997-03-28"/>
  </code>
  <code code="USA">
    <editdetail attribution="Reuters BIP Coding Group" action="confirmed" date="1997-03-28"/>
  </code>
</codes>
<codes class="bip:topics:1.0">
  <code code="E51">
    <editdetail attribution="Reuters BIP Coding Group" action="confirmed" date="1997-03-28"/>
  </code>
  <code code="ECAT">
    <editdetail attribution="Reuters BIP Coding Group" action="confirmed" date="1997-03-28"/>
  </code>
  <code code="GCAT">
    <editdetail attribution="Reuters BIP Coding Group" action="confirmed" date="1997-03-28"/>
  </code>
  <code code="GDIP">
    <editdetail attribution="Reuters BIP Coding Group" action="confirmed" date="1997-03-28"/>
  </code>
</codes>
<dc element="dc.date.created" value="1997-03-28"/>
<dc element="dc.publisher" value="Reuters Holdings Plc"/>
<dc element="dc.date.published" value="1997-03-28"/>
<dc element="dc.source" value="Reuters"/>
<dc element="dc.creator.location" value="WASHINGTON"/>
<dc element="dc.creator.location.country.name" value="USA"/>
<dc element="dc.source" value="Reuters"/>
</metadata>
</newsitem>
