<?xml version="1.0" encoding="iso-8859-1" ?>
<newsitem itemid="474395" id="root" date="1997-03-28" xml:lang="en">
<title>USA: Report criticizes FBI lawyer's White House dealings.</title>
<headline>Report criticizes FBI lawyer's White House dealings.</headline>
<byline>James Vicini</byline>
<dateline>WASHINGTON 1997-03-28</dateline>
<text>
<p>A U.S. Justice Department internal investigation released on Friday chastised the FBI's top lawyer for poor judgment in his dealings with the Clinton White House on the FBI background files controversy.</p>
<p>The report by the department's Office of Professional Responsibility found that General Counsel Howard Shapiro, a longtime associate of FBI Director Louis Freeh, made &quot;a very serious mistake and exhibited very poor judgment.&quot;</p>
<p>But the internal watchdog unit concluded in the 29-page report that Shapiro's actions did not rise to the level of professional misconduct and had not been motivated &quot;by any alleged personal or political ambitions.&quot;</p>
<p>Freeh said in a statement the report will be referred to an FBI board to consider what, if any, disciplinary action should be taken. A final decision on any disciplinary steps will be made by the deputy attorney general, he said.</p>
<p>The report comes at a time when relations between the FBI and the White House have been especially strained as Freeh last month refused to give the White House details of China's alleged efforts to influence U.S. political campaigns.</p>
<p>FBI sources said Shapiro, a former prosecutor and law professor, soon would leave the FBI, mainly out of concern that his staying would hurt Freeh. He has been considering several offers to go into private law practice, they said.</p>
<p>Shapiro said in a statement he was &quot;gratified&quot; the report found he did not engage in any misconduct or wrongdoing and that he had not been motivated by &quot;any personal ambitions&quot; or &quot;any political agenda.&quot;</p>
<p>White House spokesman Mike McCurry declined comment on the report, calling it an internal Justice Department review.</p>
<p>The investigation began after last year's disclosure that Shapiro alerted the White House about politically damaging information in an FBI background file on former White House personnel security chief Craig Livingstone.</p>
<p>Shapiro tipped off the White House's counsel's office on July 15 about a 1993 report in the file that said Livingstone had been recommended for his job by first lady Hillary Rodham Clinton. She has denied any role in his hiring.</p>
<p>The report said his action &quot;exacerbated a political problem by contributing to the appearance that the FBI, and particularly Shapiro, was not sufficiently independent of the White House.&quot;</p>
<p>Congressional investigators arrived at FBI headquarters to inspect the file on July 16, but by then Shapiro had sent two FBI agents to the home of agent Dennis Sculimbrene, who wrote the report, to question him about it.</p>
<p>The report criticised Shapiro for authorising the interview.</p>
<p>Investigations were underway then by Whitewater special prosecutor Kenneth Starr and congressional committees into the White House's obtaining of hundreds of secret FBI background files, including some on prominent Republicans.</p>
<p>The report rebuked Shapiro for a lack of coordination with Starr and &quot;faulty conjecture&quot; in assuming the Livingstone hiring question was outside Starr's interest.</p>
<p>Shapiro in February gave the White House another tip by providing it with a draft copy of the book &quot;Unlimited Access&quot; by Gary Aldrich, a former FBI agent assigned to the White House.</p>
<p>The book alleged that Clinton aides had used drugs and were sexually promiscuous, citing late-night mysterious disappearances by President Bill Clinton himself. The allegations involving Clinton have been discredited.</p>
<p>The report said Shapiro in providing the draft copy was carrying out a decision at least tacitly endorsed by Freeh.</p>
</text>
<copyright>(c) Reuters Limited 1997</copyright>
<metadata>
<codes class="bip:countries:1.0">
  <code code="USA">
    <editdetail attribution="Reuters BIP Coding Group" action="confirmed" date="1997-03-28"/>
  </code>
</codes>
<codes class="bip:topics:1.0">
  <code code="GCAT">
    <editdetail attribution="Reuters BIP Coding Group" action="confirmed" date="1997-03-28"/>
  </code>
  <code code="GCRIM">
    <editdetail attribution="Reuters BIP Coding Group" action="confirmed" date="1997-03-28"/>
  </code>
  <code code="GPOL">
    <editdetail attribution="Reuters BIP Coding Group" action="confirmed" date="1997-03-28"/>
  </code>
</codes>
<dc element="dc.date.created" value="1997-03-28"/>
<dc element="dc.publisher" value="Reuters Holdings Plc"/>
<dc element="dc.date.published" value="1997-03-28"/>
<dc element="dc.source" value="Reuters"/>
<dc element="dc.creator.location" value="WASHINGTON"/>
<dc element="dc.creator.location.country.name" value="USA"/>
<dc element="dc.source" value="Reuters"/>
</metadata>
</newsitem>
