<?xml version="1.0" encoding="iso-8859-1" ?>
<newsitem itemid="474323" id="root" date="1997-03-28" xml:lang="en">
<title>USA: Mississippi high court to rule on Liggett papers.</title>
<headline>Mississippi high court to rule on Liggett papers.</headline>
<dateline>JACKSON, Miss. 1997-03-28</dateline>
<text>
<p>Attorneys for the tobacco industry have asked the Mississippi Supreme Court to block the release Friday of internal documents from the Liggett Group, papers filed with the court showed.</p>
<p>The nine-judge Supreme Court is being asked to overturn an order issued in Jones County Circuit Court that would allow plaintiffs in a $650 million second-hand-smoke case against cigarette makers to see 11 documents from Liggett, a Brooke Group Ltd subsidiary.</p>
<p>The documents are scheduled to be released at 1700 EST today.  </p>
<p>An appeal of the lower court ruling, which if left standing could effectively make the secret Liggett documents public, was filed with the Supreme Court late yesterday.</p>
<p>Court officials said Supreme Court judges began reviewing the documents Thursday evening.</p>
<p>The documents are among the records that Liggett agreed to turn over last week in a settlement with 22 states that are suing the tobacco industry to recoup an estimated $30 billion in Medicaid funds spent treating people for smoking-related illnesses.  </p>
<p>Jones County Circuit Judge Billy Joe Landrum ruled Wednesday that the documents could be turned over to attorneys for the family of Burl Butler, a Mississippi barber who died of cancer in 1994.</p>
<p>The family contends that Butler, who was 60 and never smoked, died of second-hand smoke from the cigarettes, cigars and pipes of people who patronized his shop over the course of 30 years.</p>
<p>The suit alleges that cigarette makers knew of the dangers of smoking but concealed the information. Plaintiffs say the Liggett papers may contain information to back up that claim.</p>
<p>When Landrum made his ruling, he also issued a stay so that tobacco industry lawyers would have until 1700 EST/2200 GMT today to secure a decision from the high court.</p>
<p>The appeal was submitted by two attorneys, including former Mississippi Supreme Court Justice Reuben Anderson.</p>
<p>&quot;The circuit court's order threatens petitioners with immediate, irreversible harm by disclosure of information protected by the attorney-client privilege,&quot; the appeal said.</p>
<p>Landrum concluded the documents were outside the scope of attorney-client privilege because they included statements by industry experts who were not meant to testify at trial.</p>
<p>((--Atlanta Bureau 404-870-7340))</p>
</text>
<copyright>(c) Reuters Limited 1997</copyright>
<metadata>
<codes class="bip:countries:1.0">
  <code code="USA">
    <editdetail attribution="Reuters BIP Coding Group" action="confirmed" date="1997-03-28"/>
  </code>
</codes>
<codes class="bip:industries:1.0">
  <code code="I42900">
    <editdetail attribution="Reuters BIP Coding Group" action="confirmed" date="1997-03-28"/>
  </code>
</codes>
<codes class="bip:topics:1.0">
  <code code="C12">
    <editdetail attribution="Reuters BIP Coding Group" action="confirmed" date="1997-03-28"/>
  </code>
  <code code="CCAT">
    <editdetail attribution="Reuters BIP Coding Group" action="confirmed" date="1997-03-28"/>
  </code>
  <code code="GCAT">
    <editdetail attribution="Reuters BIP Coding Group" action="confirmed" date="1997-03-28"/>
  </code>
  <code code="GCRIM">
    <editdetail attribution="Reuters BIP Coding Group" action="confirmed" date="1997-03-28"/>
  </code>
</codes>
<dc element="dc.date.created" value="1997-03-28"/>
<dc element="dc.publisher" value="Reuters Holdings Plc"/>
<dc element="dc.date.published" value="1997-03-28"/>
<dc element="dc.source" value="Reuters"/>
<dc element="dc.creator.location" value="JACKSON, Miss."/>
<dc element="dc.creator.location.country.name" value="USA"/>
<dc element="dc.source" value="Reuters"/>
</metadata>
</newsitem>
