<?xml version="1.0" encoding="iso-8859-1" ?>
<newsitem itemid="474371" id="root" date="1997-03-28" xml:lang="en">
<title>USA: Court denies final effort to delay Oklahoma trial.</title>
<headline>Court denies final effort to delay Oklahoma trial.</headline>
<dateline>DENVER 1997-03-28</dateline>
<text>
<p>A federal appeals court on Friday cleared the way for the trial of Oklahoma City bombing defendant Timothy McVeigh to begin on Monday as scheduled when it denied his remaining request to postpone it.</p>
<p>The court said McVeigh's attorneys were &quot;premature&quot; in asking for a delay on grounds of prejudicial pre-trial publicity.  </p>
<p>&quot;The proper occasion for determining whether prejudice is evident and cannot be avoided is during voir dire examination (questioning of proposed jurors),&quot; the 10th Circuit Court of Appeals ruled 3-0. &quot;We deny the petition as premature,&quot; the panel said.</p>
<p>Earlier in the day the appeals court denied two other efforts by McVeigh to have the trial postponed.</p>
<p>McVeigh is charged in the April 19, 1995 bombing of the Alfred P. Murrah federal building in Oklahoma City in which 168 people died.</p>
<p>The appeals court noted that the trial judge &quot;has broad discretion in gauging the effects of allegedly prejudicial publicity and in taking responsive measures to insure a fair trial.&quot;</p>
</text>
<copyright>(c) Reuters Limited 1997</copyright>
<metadata>
<codes class="bip:countries:1.0">
  <code code="USA">
    <editdetail attribution="Reuters BIP Coding Group" action="confirmed" date="1997-03-28"/>
  </code>
</codes>
<codes class="bip:topics:1.0">
  <code code="GCAT">
    <editdetail attribution="Reuters BIP Coding Group" action="confirmed" date="1997-03-28"/>
  </code>
  <code code="GCRIM">
    <editdetail attribution="Reuters BIP Coding Group" action="confirmed" date="1997-03-28"/>
  </code>
  <code code="GVIO">
    <editdetail attribution="Reuters BIP Coding Group" action="confirmed" date="1997-03-28"/>
  </code>
</codes>
<dc element="dc.date.created" value="1997-03-28"/>
<dc element="dc.publisher" value="Reuters Holdings Plc"/>
<dc element="dc.date.published" value="1997-03-28"/>
<dc element="dc.source" value="Reuters"/>
<dc element="dc.creator.location" value="DENVER"/>
<dc element="dc.creator.location.country.name" value="USA"/>
<dc element="dc.source" value="Reuters"/>
</metadata>
</newsitem>
