<?xml version="1.0" encoding="iso-8859-1" ?>
<newsitem itemid="474329" id="root" date="1997-03-28" xml:lang="en">
<title>USA: U.S. EPA adds five sites to Superfund list.</title>
<headline>U.S. EPA adds five sites to Superfund list.</headline>
<dateline>WASHINGTON 1997-03-28</dateline>
<text>
<p>The U.S. Environmental Protection Agency on Friday said it added five sites to its Superfund National Priorities List.</p>
<p>The EPA also proposed that six other sites be added to the list that informs the public of uncontrolled hazardous waste sites that need further investigation to determine whether they pose risks to human health and the environment.</p>
<p>Sites added to the list were Brunswick Wood Preserving in Brunswick, Georgia; Ross Metals Inc in Rossville, Tennessee; Palermo Well Field Ground Water Contamination in Tumwater, Washington; Tyndall Air Force Base in Panama City, Florida; and Norfolk Naval Base in Norfolk, Virginia.</p>
<p>Proposed to be added to the list were Florida Petroleum Reprocessors in Fort Lauderdale, Florida; Terry Creek Dredge Spoil Areas/Hercules Outfall in Brunswick, Georgia; DePue/New Jersey Zinc/Mobil Chemical Corp, in DePue, Illinois; Salford Quarry in Lower Salford Township, Pennsylvania; Sprague Road Ground Water Plume in Odessa, Texas; and Fort George G. Meade in Odenton, Maryland.</p>
</text>
<copyright>(c) Reuters Limited 1997</copyright>
<metadata>
<codes class="bip:countries:1.0">
  <code code="USA">
    <editdetail attribution="Reuters BIP Coding Group" action="confirmed" date="1997-03-28"/>
  </code>
</codes>
<codes class="bip:industries:1.0">
  <code code="I92110">
    <editdetail attribution="Reuters BIP Coding Group" action="confirmed" date="1997-03-28"/>
  </code>
</codes>
<codes class="bip:topics:1.0">
  <code code="C13">
    <editdetail attribution="Reuters BIP Coding Group" action="confirmed" date="1997-03-28"/>
  </code>
  <code code="CCAT">
    <editdetail attribution="Reuters BIP Coding Group" action="confirmed" date="1997-03-28"/>
  </code>
  <code code="GCAT">
    <editdetail attribution="Reuters BIP Coding Group" action="confirmed" date="1997-03-28"/>
  </code>
  <code code="GENV">
    <editdetail attribution="Reuters BIP Coding Group" action="confirmed" date="1997-03-28"/>
  </code>
</codes>
<dc element="dc.date.created" value="1997-03-28"/>
<dc element="dc.publisher" value="Reuters Holdings Plc"/>
<dc element="dc.date.published" value="1997-03-28"/>
<dc element="dc.source" value="Reuters"/>
<dc element="dc.creator.location" value="WASHINGTON"/>
<dc element="dc.creator.location.country.name" value="USA"/>
<dc element="dc.source" value="Reuters"/>
</metadata>
</newsitem>
