<?xml version="1.0" encoding="iso-8859-1" ?>
<newsitem itemid="474326" id="root" date="1997-03-28" xml:lang="en">
<title>USA: Movie Gallery COO resigns.</title>
<headline>Movie Gallery COO resigns.</headline>
<dateline>DOTHAN, Ala. 1997-03-28</dateline>
<text>
<p>Movie Gallery Inc said Friday that Charles Wyse, chief operating officer, resigned, effective immediately, to pursue other business interests.</p>
<p>The company said J. T. Malugen, chairman and chief executive, has assumed day-to-day responsibility of store operations.</p>
</text>
<copyright>(c) Reuters Limited 1997</copyright>
<metadata>
<codes class="bip:countries:1.0">
  <code code="USA">
    <editdetail attribution="Reuters BIP Coding Group" action="confirmed" date="1997-03-28"/>
  </code>
</codes>
<codes class="bip:industries:1.0">
  <code code="I65400">
    <editdetail attribution="Reuters BIP Coding Group" action="confirmed" date="1997-03-28"/>
  </code>
</codes>
<codes class="bip:topics:1.0">
  <code code="C41">
    <editdetail attribution="Reuters BIP Coding Group" action="confirmed" date="1997-03-28"/>
  </code>
  <code code="C411">
    <editdetail attribution="Reuters BIP Coding Group" action="confirmed" date="1997-03-28"/>
  </code>
  <code code="CCAT">
    <editdetail attribution="Reuters BIP Coding Group" action="confirmed" date="1997-03-28"/>
  </code>
</codes>
<dc element="dc.date.created" value="1997-03-28"/>
<dc element="dc.publisher" value="Reuters Holdings Plc"/>
<dc element="dc.date.published" value="1997-03-28"/>
<dc element="dc.source" value="Reuters"/>
<dc element="dc.creator.location" value="DOTHAN, Ala."/>
<dc element="dc.creator.location.country.name" value="USA"/>
<dc element="dc.source" value="Reuters"/>
</metadata>
</newsitem>
