<?xml version="1.0" encoding="iso-8859-1" ?>
<newsitem itemid="474327" id="root" date="1997-03-28" xml:lang="en">
<title>USA: Florida ruling hurts Engle tobacco suit - lawyer.</title>
<headline>Florida ruling hurts Engle tobacco suit - lawyer.</headline>
<byline>Jim Loney</byline>
<dateline>MIAMI 1997-03-28</dateline>
<text>
<p>A Miami lawyer suing the major tobacco companies on behalf of thousands of Florida smokers said on Friday his case had been damaged by a partial summary judgment stripping away some claims against the industry.</p>
<p>The ruling Friday by Dade Circuit Judge Alan Postman was issued in response to claims by tobacco companies that some facets of the plaintiffs' case in a smokers' class-action lawsuit, known as Engle vs R.J. Reynolds, should be pre-empted.  </p>
<p>The landmark lawsuit, seeking damages on behalf of 400,000 to 500,000 Florida cigarette smokers, was named after Dr. Howard Engle, a Miami physician stricken by emphysema.</p>
<p>&quot;We're hurt. There is much in this order that hurts us,&quot; plaintiffs' attorney Stanley Rosenblatt said of the ruling, issued at the end of a pretrial hearing in the Engle case, which is scheduled for trial on September 8.</p>
<p>&quot;Anything that restricts our ability to tell the American people the full story about the decades-long pattern of fraud and concealment on the part of the tobacco industry is a crippling blow,&quot; Rosenblatt said.  </p>
<p>Robert Heim, an attorney for Philip Morris, said &quot;we feel good&quot; about the pre-emptions but declined further comment until he had read the full ruling.</p>
<p>Postman ruled that 36 of the 58 claims challenged by the tobacco companies were pre-empted.</p>
<p>At a hearing March 21, the tobacco companies argued that many plaintiffs' claims should be pre-empted on the basis of a U.S. Supreme Court ruling in the landmark 1988 Cipollone tobacco case. The ruling interpreted pre-emption provisions of the 1969 Public Health Cigarette Smoking Act and the 1965 Federal Cigarette Labeling and Advertising Act.  </p>
<p>Rosenblatt said among the claims Postman ordered pre-empted was the argument that the tobacco industry had targeted teen-agers, women and minorities through its advertising.</p>
<p>Postman also struck a paragraph in which the plaintiffs claimed the industry lied through &quot;a multimillion-dollar campaign pretending that the Council for Tobacco Research is impartial,&quot; Rosenblatt said.</p>
<p>&quot;He wrongly read the Cipollone case,&quot; Rosenblatt said. &quot;He has extended the pre-emptions in the Engle case far beyond any fair reading of the Cipollone case.&quot;</p>
<p>Rosenblatt said he would still be able to make a very strong case against the industry's &quot;history of fraud,&quot; despite the ruling.</p>
<p>&quot;It's a battle; it's not the war,&quot; he said.</p>
<p>Defendants in the Engle suit include Philip Morris Cos Inc, R.J. Reynolds Tobacco Co, a unit of RJR Nabisco Holdings Corp, Brown &amp; Williamson Tobacco Corp, a unit of B.A.T Industries Plc, Lorillard Tobacco Co, a unit of Loews Corp, and Liggett Group Inc, a unit of Brooke Group Ltd.</p>
</text>
<copyright>(c) Reuters Limited 1997</copyright>
<metadata>
<codes class="bip:countries:1.0">
  <code code="USA">
    <editdetail attribution="Reuters BIP Coding Group" action="confirmed" date="1997-03-28"/>
  </code>
</codes>
<codes class="bip:industries:1.0">
  <code code="I42900">
    <editdetail attribution="Reuters BIP Coding Group" action="confirmed" date="1997-03-28"/>
  </code>
  <code code="I83960">
    <editdetail attribution="Reuters BIP Coding Group" action="confirmed" date="1997-03-28"/>
  </code>
</codes>
<codes class="bip:topics:1.0">
  <code code="C12">
    <editdetail attribution="Reuters BIP Coding Group" action="confirmed" date="1997-03-28"/>
  </code>
  <code code="CCAT">
    <editdetail attribution="Reuters BIP Coding Group" action="confirmed" date="1997-03-28"/>
  </code>
  <code code="GCAT">
    <editdetail attribution="Reuters BIP Coding Group" action="confirmed" date="1997-03-28"/>
  </code>
  <code code="GCRIM">
    <editdetail attribution="Reuters BIP Coding Group" action="confirmed" date="1997-03-28"/>
  </code>
</codes>
<dc element="dc.date.created" value="1997-03-28"/>
<dc element="dc.publisher" value="Reuters Holdings Plc"/>
<dc element="dc.date.published" value="1997-03-28"/>
<dc element="dc.source" value="Reuters"/>
<dc element="dc.creator.location" value="MIAMI"/>
<dc element="dc.creator.location.country.name" value="USA"/>
<dc element="dc.source" value="Reuters"/>
</metadata>
</newsitem>
