<?xml version="1.0" encoding="iso-8859-1" ?>
<newsitem itemid="474397" id="root" date="1997-03-28" xml:lang="en">
<title>USA: Martin Lawrence arrested after scuffle.</title>
<headline>Martin Lawrence arrested after scuffle.</headline>
<dateline>LOS ANGELES 1997-03-28</dateline>
<text>
<p>Comedian Martin Lawrence was arrested early Friday after a scuffle at a Hollywood nightclub, police said.</p>
<p>Lawrence, 31, was booked on suspicion of battery and released. Police said the incident occurred after midnight at a nightclub called &quot;The Gate.&quot;</p>
<p>Officers received a telephone call from a man who said he was dancing at the club when he bumped into Lawrence and the comedian punched him in the face. Police did not identify the man.</p>
<p>In May, Lawrence got into a scuffle with police after he ran screaming into the street. His doctor said the star of TV's &quot;Martin&quot; suffered from exhaustion and dehydration. In August, he was arrested for carrying a loaded gun in a suitcase at Burbank Airport.</p>
</text>
<copyright>(c) Reuters Limited 1997</copyright>
<metadata>
<codes class="bip:countries:1.0">
  <code code="USA">
    <editdetail attribution="Reuters BIP Coding Group" action="confirmed" date="1997-03-28"/>
  </code>
</codes>
<codes class="bip:topics:1.0">
  <code code="GCAT">
    <editdetail attribution="Reuters BIP Coding Group" action="confirmed" date="1997-03-28"/>
  </code>
  <code code="GCRIM">
    <editdetail attribution="Reuters BIP Coding Group" action="confirmed" date="1997-03-28"/>
  </code>
  <code code="GENT">
    <editdetail attribution="Reuters BIP Coding Group" action="confirmed" date="1997-03-28"/>
  </code>
</codes>
<dc element="dc.date.created" value="1997-03-28"/>
<dc element="dc.publisher" value="Reuters Holdings Plc"/>
<dc element="dc.date.published" value="1997-03-28"/>
<dc element="dc.source" value="Reuters"/>
<dc element="dc.creator.location" value="LOS ANGELES"/>
<dc element="dc.creator.location.country.name" value="USA"/>
<dc element="dc.source" value="Reuters"/>
</metadata>
</newsitem>
