<?xml version="1.0" encoding="iso-8859-1" ?>
<newsitem itemid="474387" id="root" date="1997-03-28" xml:lang="en">
<title>USA: Marvel widens losses for quarter, year.</title>
<headline>Marvel widens losses for quarter, year.</headline>
<dateline>NEW YORK 1997-03-28</dateline>
<text>
<p>Marvel Entertainment Inc., involved in a tempestuous battle with financier Carl Icahn, Friday reported a greater loss for the fourth quarter and full year.</p>
<p>The comic book and trading card company had a fourth quarter loss of $436.5 million, or $4.29 a share, compared with a year earlier loss of $58.5 million, or 58 cents a share.</p>
<p>Revenues fell to $164.3 million from $2.32.8 million a year earlier.</p>
<p>For the year, Marvel lost $464.4 million, or $4.56 a share, on revenues of $745.5 million. In 1995, Marvel lost $48.4 million, or 48 cents a share, on revenues of $828.9 million.</p>
<p>Earlier this week, Carl Icahn lost a round in court in his fight for Marvel when a federal judge blocked a group led by the financier from taking control of the comic book publisher.</p>
<p>A U.S. Bankruptcy Court judge granted a temporary restraining order Monday that prevents a bondholder group led by Icahn from taking control of the board of directors of Marvel, said officials representing bondholders and Marvel.</p>
<p>&quot;Today's court ruling means that Marvel and the banks are free to explore all options to protect the company's future,&quot; said a Marvel spokesman. He declined further comment.</p>
<p>Bondholders had planned to replace Marvel's current board with their own slate of directors, after foreclosing on 80 million Marvel shares that was collateral for the bonds.</p>
<p>The ruling was just the latest in a battle between Icahn and Ronald Perelman, who bought Marvel in 1988 when it was a relatively small comic book publisher. He expanded it with the purchase of Fleer and SkyBox International trading card companies.</p>
</text>
<copyright>(c) Reuters Limited 1997</copyright>
<metadata>
<codes class="bip:countries:1.0">
  <code code="USA">
    <editdetail attribution="Reuters BIP Coding Group" action="confirmed" date="1997-03-28"/>
  </code>
</codes>
<codes class="bip:industries:1.0">
  <code code="I47520">
    <editdetail attribution="Reuters BIP Coding Group" action="confirmed" date="1997-03-28"/>
  </code>
</codes>
<codes class="bip:topics:1.0">
  <code code="C15">
    <editdetail attribution="Reuters BIP Coding Group" action="confirmed" date="1997-03-28"/>
  </code>
  <code code="C151">
    <editdetail attribution="Reuters BIP Coding Group" action="confirmed" date="1997-03-28"/>
  </code>
  <code code="C1511">
    <editdetail attribution="Reuters BIP Coding Group" action="confirmed" date="1997-03-28"/>
  </code>
  <code code="CCAT">
    <editdetail attribution="Reuters BIP Coding Group" action="confirmed" date="1997-03-28"/>
  </code>
</codes>
<dc element="dc.date.created" value="1997-03-28"/>
<dc element="dc.publisher" value="Reuters Holdings Plc"/>
<dc element="dc.date.published" value="1997-03-28"/>
<dc element="dc.source" value="Reuters"/>
<dc element="dc.creator.location" value="NEW YORK"/>
<dc element="dc.creator.location.country.name" value="USA"/>
<dc element="dc.source" value="Reuters"/>
</metadata>
</newsitem>
