<?xml version="1.0" encoding="iso-8859-1" ?>
<newsitem itemid="474338" id="root" date="1997-03-28" xml:lang="en">
<title>USA: Wang creates office of the president.</title>
<headline>Wang creates office of the president.</headline>
<dateline>BILLERICA, Mass. 1997-03-28</dateline>
<text>
<p>Wang Laboratories Inc said Friday that it has created an office of the president, reporting to Chairman and Chief Executive Joseph Tucci.</p>
<p>Serving in the office of the president will be:</p>
<p>Jose Ofman, president and chief operating officer - Americas, and Mias van Vuuren, chief operating officer - International will serve in the Office of the President.</p>
<p>Ofman joins Wang from Electronic Data Systems Corp, where he most recently held the position of corporate vice president and group executive.</p>
<p>Van Vuuren joined Wang in 1993, as senior vice president and general manager for Europe, Africa and the Middle East and became president of international operations in 1994.</p>
</text>
<copyright>(c) Reuters Limited 1997</copyright>
<metadata>
<codes class="bip:countries:1.0">
  <code code="USA">
    <editdetail attribution="Reuters BIP Coding Group" action="confirmed" date="1997-03-28"/>
  </code>
</codes>
<codes class="bip:industries:1.0">
  <code code="I33020">
    <editdetail attribution="Reuters BIP Coding Group" action="confirmed" date="1997-03-28"/>
  </code>
  <code code="I3302003">
    <editdetail attribution="Reuters BIP Coding Group" action="confirmed" date="1997-03-28"/>
  </code>
  <code code="I83940">
    <editdetail attribution="Reuters BIP Coding Group" action="confirmed" date="1997-03-28"/>
  </code>
</codes>
<codes class="bip:topics:1.0">
  <code code="C11">
    <editdetail attribution="Reuters BIP Coding Group" action="confirmed" date="1997-03-28"/>
  </code>
  <code code="C41">
    <editdetail attribution="Reuters BIP Coding Group" action="confirmed" date="1997-03-28"/>
  </code>
  <code code="CCAT">
    <editdetail attribution="Reuters BIP Coding Group" action="confirmed" date="1997-03-28"/>
  </code>
</codes>
<dc element="dc.date.created" value="1997-03-28"/>
<dc element="dc.publisher" value="Reuters Holdings Plc"/>
<dc element="dc.date.published" value="1997-03-28"/>
<dc element="dc.source" value="Reuters"/>
<dc element="dc.creator.location" value="BILLERICA, Mass."/>
<dc element="dc.creator.location.country.name" value="USA"/>
<dc element="dc.source" value="Reuters"/>
</metadata>
</newsitem>
