<?xml version="1.0" encoding="iso-8859-1" ?>
<newsitem itemid="474437" id="root" date="1997-03-28" xml:lang="en">
<title>ITALY: Italy's Snia Fibre cuts net losses in 1996.</title>
<headline>Italy's Snia Fibre cuts net losses in 1996.</headline>
<dateline>TURIN, Italy 1997-03-28</dateline>
<text>
<p>Snia Fibre SpA, the chemical and fibre company that is in the process of merging with Snia BPD SpA, reported a reduced net consolidated loss of 10.1 billion lire for 1996 after a loss of 25.7 billion in 1995.</p>
<p>Annual consolidated sales were 1.01 trillion lire after 1.04 trillion in 1995, while the group's gross operating margin rose to 108.2 billion lire from 96.2 billion. Operating profits increased to 29.4 billion lire from 21.9 billion.</p>
<p>((--Milan Newsroom 329 66129502))</p>
</text>
<copyright>(c) Reuters Limited 1997</copyright>
<metadata>
<codes class="bip:countries:1.0">
  <code code="ITALY">
    <editdetail attribution="Reuters BIP Coding Group" action="confirmed" date="1997-03-28"/>
  </code>
</codes>
<codes class="bip:industries:1.0">
  <code code="I25000">
    <editdetail attribution="Reuters BIP Coding Group" action="confirmed" date="1997-03-28"/>
  </code>
  <code code="I26000">
    <editdetail attribution="Reuters BIP Coding Group" action="confirmed" date="1997-03-28"/>
  </code>
</codes>
<codes class="bip:topics:1.0">
  <code code="C15">
    <editdetail attribution="Reuters BIP Coding Group" action="confirmed" date="1997-03-28"/>
  </code>
  <code code="C151">
    <editdetail attribution="Reuters BIP Coding Group" action="confirmed" date="1997-03-28"/>
  </code>
  <code code="C1511">
    <editdetail attribution="Reuters BIP Coding Group" action="confirmed" date="1997-03-28"/>
  </code>
  <code code="CCAT">
    <editdetail attribution="Reuters BIP Coding Group" action="confirmed" date="1997-03-28"/>
  </code>
</codes>
<dc element="dc.date.created" value="1997-03-28"/>
<dc element="dc.publisher" value="Reuters Holdings Plc"/>
<dc element="dc.date.published" value="1997-03-28"/>
<dc element="dc.source" value="Reuters"/>
<dc element="dc.creator.location" value="TURIN, Italy"/>
<dc element="dc.creator.location.country.name" value="ITALY"/>
<dc element="dc.source" value="Reuters"/>
</metadata>
</newsitem>
