<?xml version="1.0" encoding="iso-8859-1" ?>
<newsitem itemid="474416" id="root" date="1997-03-28" xml:lang="en">
<title>FRANCE: Lyonnaise and Suez in merger talks.</title>
<headline>Lyonnaise and Suez in merger talks.</headline>
<byline>Brian Love</byline>
<dateline>PARIS 1997-03-28</dateline>
<text>
<p>French conglomerates Lyonnaise des Eaux and Cie de Suez lifted a lengthy veil of silence on Friday to confirm they were in merger talks.</p>
<p>The companies ended over a week of frenzied stock market activity and media speculation on an alliance with a brief statement that the two boards would consider a merger project on April 11.</p>
<p>The joint statement said the Suez and Lyonnaise boards would meet as already planned on April 1 and April 2 respectively to approve 1996 results, and then hold special meetings on April 11 &quot;to discuss a merger plan between the two companies.&quot;</p>
<p>Spokesmen at both companies declined all further comment.</p>
<p>However, one source close to the deal said a straight merger -- rather than a share swap -- would speed up tying the knot.</p>
<p>&quot;With a share swap, we have to submit a bid, and then wait for the investors to turn in their shares. Then we have to make a minority buy-out bid. That takes time,&quot; the source said.</p>
<p>&quot;With a merger, investors have no choice but to turn in their shares. If they don't agree with the merger, they can sell off their new shares afterwards,&quot; the source told Reuters.</p>
<p>Analysts say it makes sense to merge the two, Lyonnaise with its sprawling empire in water distribution, electricity and construction, and Suez, a conglomerate seeking a raison d'etre after selling off investment bank Indosuez and other key assets.</p>
<p>Such a deal would solve an identity crisis for the cash-rich Suez and could provide Lyonnaise with the resources to keep up with expanding rival Cie Generale des Eaux, they say.</p>
<p>A potential political obstacle to an alliance appeared to have receded on Friday when Belgian Prime Minister said he had an offer of guarantees from Suez that a deal would not hurt the independence of Belgian utility holding Tractebel.</p>
<p>Tractebel is 65 percent-controlled by Societe Generale de Belgique (SGB), but because SGB is itself controlled by Suez there were worries in Belgium that a merger between Lyonnaise and Suez could compromise Tractebel's position in the Belgian gas and electricity market.</p>
<p>&quot;There is an approach and willingness on both sides to meet the problems raised by the (Belgian) government,&quot; Dehane told a news conference after the weekly Belgian cabinet meeting. &quot;I am convinced these (talks) will end with an agreement.&quot;</p>
<p>Together, Lyonnaise and Suez would jump the French company league, probably to around tenth position in terms of market capitalisation but still behind rival utilities-to-media giant Generale des Eaux.</p>
<p>The firms affected by any deal through their shareholdings or involvement in the sector include a number of major players such as Generale des Eaux, which has an indirect stake in Suez through a 20 percent holding in Belgium's Electrafina.</p>
<p>Generale des Eaux has denied reports it would try to block a Lyonnaise/Suez alliance by launching a counter-bid for Suez.</p>
<p>Suez, which has sold off assets and has been shoring up its accounts after heavy losses when the property market collapsed in the early 1990s, posted a net attributable loss of 3.96 billion francs in 1995. Lyonnaise profit in the same year fell to 906 million from 1.06 billion francs.</p>
</text>
<copyright>(c) Reuters Limited 1997</copyright>
<metadata>
<codes class="bip:countries:1.0">
  <code code="FRA">
    <editdetail attribution="Reuters BIP Coding Group" action="confirmed" date="1997-03-28"/>
  </code>
</codes>
<codes class="bip:industries:1.0">
  <code code="I17000">
    <editdetail attribution="Reuters BIP Coding Group" action="confirmed" date="1997-03-28"/>
  </code>
  <code code="I81402">
    <editdetail attribution="Reuters BIP Coding Group" action="confirmed" date="1997-03-28"/>
  </code>
  <code code="I83960">
    <editdetail attribution="Reuters BIP Coding Group" action="confirmed" date="1997-03-28"/>
  </code>
</codes>
<codes class="bip:topics:1.0">
  <code code="C18">
    <editdetail attribution="Reuters BIP Coding Group" action="confirmed" date="1997-03-28"/>
  </code>
  <code code="C181">
    <editdetail attribution="Reuters BIP Coding Group" action="confirmed" date="1997-03-28"/>
  </code>
  <code code="CCAT">
    <editdetail attribution="Reuters BIP Coding Group" action="confirmed" date="1997-03-28"/>
  </code>
</codes>
<dc element="dc.date.created" value="1997-03-28"/>
<dc element="dc.publisher" value="Reuters Holdings Plc"/>
<dc element="dc.date.published" value="1997-03-28"/>
<dc element="dc.source" value="Reuters"/>
<dc element="dc.creator.location" value="PARIS"/>
<dc element="dc.creator.location.country.name" value="FRANCE"/>
<dc element="dc.source" value="Reuters"/>
</metadata>
</newsitem>
