<?xml version="1.0" encoding="iso-8859-1" ?>
<newsitem itemid="474457" id="root" date="1997-03-28" xml:lang="en">
<title>INDIA: Mandela says Malaysia telecom deal in final stage.</title>
<headline>Mandela says Malaysia telecom deal in final stage.</headline>
<dateline>NEW DELHI 1997-03-28</dateline>
<text>
<p>South African President Nelson Mandela said on Friday that a strategic equity partnership between South Africa's state-owned Telkom and a Malaysian-U.S. consortium had reached the final stages of negotiations.</p>
<p>Telekom Malaysia Bhd and U.S.-based SBC Communications Inc are teaming up to take a joint 30 percent stake in Telkom for a total of $1.26 billion.</p>
<p>&quot;We are proceeding steadily with a restructuring of our state assets -- the acquisition of a strategic equity partner for our national telecommunications agency is in the final stages of negotiations with a Malaysian-United States based consortium,&quot; Mandela told a meeting of Indian businessmen in New Delhi.</p>
<p>He added: &quot;And there will be further announcements this year in transport, forestry and the leisure industry.&quot;  </p>
<p>Earlier on Friday Malaysian news agency Bernama quoted Telekom chief executive Mohamed Said Mohamed Ali as saying Telekom Malaysia, committed to spending around $500 million for a 12 percent stake in South Africa's Telkom, was ready to invest if required.</p>
<p>&quot;Large projects costing hundreds of millions of rands are under way, changing the shape of our economy and our national and regional infrastructure,&quot; Mandela, who was speaking on the second day of a three-day visit, told the meeting.</p>
<p>He said the economy, which grew at 3.1 percent in 1996, has been set by his government &quot;on a more ambitious path to achieve six percent growth by the year 2000 and the creation of 400,000 new jobs a year.&quot;</p>
<p>&quot;Economic indicators point to underlying changes of the kind we need for sustained growth and development. We are encouraged in particular by our rapidly strengthening export performance; rising productivity and a powerful surge in fixed investment,&quot; he said.</p>
</text>
<copyright>(c) Reuters Limited 1997</copyright>
<metadata>
<codes class="bip:countries:1.0">
  <code code="MALAY">
    <editdetail attribution="Reuters BIP Coding Group" action="confirmed" date="1997-03-28"/>
  </code>
  <code code="SAFR">
    <editdetail attribution="Reuters BIP Coding Group" action="confirmed" date="1997-03-28"/>
  </code>
  <code code="USA">
    <editdetail attribution="Reuters BIP Coding Group" action="confirmed" date="1997-03-28"/>
  </code>
</codes>
<codes class="bip:industries:1.0">
  <code code="I79020">
    <editdetail attribution="Reuters BIP Coding Group" action="confirmed" date="1997-03-28"/>
  </code>
</codes>
<codes class="bip:topics:1.0">
  <code code="C11">
    <editdetail attribution="Reuters BIP Coding Group" action="confirmed" date="1997-03-28"/>
  </code>
  <code code="C18">
    <editdetail attribution="Reuters BIP Coding Group" action="confirmed" date="1997-03-28"/>
  </code>
  <code code="C181">
    <editdetail attribution="Reuters BIP Coding Group" action="confirmed" date="1997-03-28"/>
  </code>
  <code code="CCAT">
    <editdetail attribution="Reuters BIP Coding Group" action="confirmed" date="1997-03-28"/>
  </code>
</codes>
<dc element="dc.date.created" value="1997-03-28"/>
<dc element="dc.publisher" value="Reuters Holdings Plc"/>
<dc element="dc.date.published" value="1997-03-28"/>
<dc element="dc.source" value="Reuters"/>
<dc element="dc.creator.location" value="NEW DELHI"/>
<dc element="dc.creator.location.country.name" value="INDIA"/>
<dc element="dc.source" value="Reuters"/>
</metadata>
</newsitem>
