<?xml version="1.0" encoding="iso-8859-1" ?>
<newsitem itemid="474432" id="root" date="1997-03-28" xml:lang="en">
<title>ITALY: Mediobanca first half net profit seen up.</title>
<headline>Mediobanca first half net profit seen up.</headline>
<dateline>MILAN 1997-03-28</dateline>
<text>
<p>Italian merchant bank Mediobanca - Banca di Credito Finanziario SpA raised its net profits by 10 to 15 percent in the first half of its current corporate year but saw its operating profit fall, board member Luigi Fausti said after a board meeting.</p>
<p>Fausti is also managing director of Banca Commerciale Italiana SpA.</p>
<p>Mediobanca ends its corporate year on June 30.</p>
<p>((--Milan Bureau 392 66129507))</p>
</text>
<copyright>(c) Reuters Limited 1997</copyright>
<metadata>
<codes class="bip:countries:1.0">
  <code code="ITALY">
    <editdetail attribution="Reuters BIP Coding Group" action="confirmed" date="1997-03-28"/>
  </code>
</codes>
<codes class="bip:industries:1.0">
  <code code="I83100">
    <editdetail attribution="Reuters BIP Coding Group" action="confirmed" date="1997-03-28"/>
  </code>
</codes>
<codes class="bip:topics:1.0">
  <code code="C15">
    <editdetail attribution="Reuters BIP Coding Group" action="confirmed" date="1997-03-28"/>
  </code>
  <code code="C152">
    <editdetail attribution="Reuters BIP Coding Group" action="confirmed" date="1997-03-28"/>
  </code>
  <code code="CCAT">
    <editdetail attribution="Reuters BIP Coding Group" action="confirmed" date="1997-03-28"/>
  </code>
</codes>
<dc element="dc.date.created" value="1997-03-28"/>
<dc element="dc.publisher" value="Reuters Holdings Plc"/>
<dc element="dc.date.published" value="1997-03-28"/>
<dc element="dc.source" value="Reuters"/>
<dc element="dc.creator.location" value="MILAN"/>
<dc element="dc.creator.location.country.name" value="ITALY"/>
<dc element="dc.source" value="Reuters"/>
</metadata>
</newsitem>
