<?xml version="1.0" encoding="iso-8859-1" ?>
<newsitem itemid="474436" id="root" date="1997-03-28" xml:lang="en">
<title>FRANCE: Suez-Lyonnaise in merger mode to cut time.</title>
<headline>Suez-Lyonnaise in merger mode to cut time.</headline>
<dateline>PARIS 1997-03-28</dateline>
<text>
<p>French utilities group Lyonnaise des Eaux and holding company Cie de Suez will join forces through a merger rather than a share swap, in order to speed up their marriage, a source close to the deal said on Friday.</p>
<p>&quot;With a share swap, we have to submit a bid, and then wait for the investors to turn in their shares. Then we have to make a minority buy-out bid. That takes time,&quot; the source said.</p>
<p>&quot;With a merger. investors have no choice but to turn in their shares. If they don't agree with the merger, they can sell off their new shares afterwards,&quot; the source said.</p>
</text>
<copyright>(c) Reuters Limited 1997</copyright>
<metadata>
<codes class="bip:countries:1.0">
  <code code="FRA">
    <editdetail attribution="Reuters BIP Coding Group" action="confirmed" date="1997-03-28"/>
  </code>
</codes>
<codes class="bip:industries:1.0">
  <code code="I81402">
    <editdetail attribution="Reuters BIP Coding Group" action="confirmed" date="1997-03-28"/>
  </code>
  <code code="I83960">
    <editdetail attribution="Reuters BIP Coding Group" action="confirmed" date="1997-03-28"/>
  </code>
</codes>
<codes class="bip:topics:1.0">
  <code code="C18">
    <editdetail attribution="Reuters BIP Coding Group" action="confirmed" date="1997-03-28"/>
  </code>
  <code code="C181">
    <editdetail attribution="Reuters BIP Coding Group" action="confirmed" date="1997-03-28"/>
  </code>
  <code code="CCAT">
    <editdetail attribution="Reuters BIP Coding Group" action="confirmed" date="1997-03-28"/>
  </code>
</codes>
<dc element="dc.date.created" value="1997-03-28"/>
<dc element="dc.publisher" value="Reuters Holdings Plc"/>
<dc element="dc.date.published" value="1997-03-28"/>
<dc element="dc.source" value="Reuters"/>
<dc element="dc.creator.location" value="PARIS"/>
<dc element="dc.creator.location.country.name" value="FRANCE"/>
<dc element="dc.source" value="Reuters"/>
</metadata>
</newsitem>
