<?xml version="1.0" encoding="iso-8859-1" ?>
<newsitem itemid="474471" id="root" date="1997-03-28" xml:lang="en">
<title>BANGLADESH: Bangladesh Bengal Biscuit 95/96 profit up 79 pct.</title>
<headline>Bangladesh Bengal Biscuit 95/96 profit up 79 pct.</headline>
<dateline>DHAKA 1997-03-28</dateline>
<text>
<p>The year ended on June 30, 1996.</p>
<p>	  (In million taka unless stated)</p>
<p>			    1995/96		1994/95</p>
<p>    Net profit	  30.1	vs	 16.8</p>
<p>    Gross profit	79.3	vs	 55.4</p>
<p>    Sales		 233.8     vs	 171.2</p>
<p>    Dividend	    Nil vs 25 taka on 100-taka share.</p>
<p>Note: Bengal Biscuits Ltd held its annual general meeting on Friday. It said the higher profit in the year was a result of better quality products and efficient management despite political unrest in the country. It did not pay any dividend, but offered one bonus share against five shares held by the investors.</p>
</text>
<copyright>(c) Reuters Limited 1997</copyright>
<metadata>
<codes class="bip:countries:1.0">
  <code code="BANDH">
    <editdetail attribution="Reuters BIP Coding Group" action="confirmed" date="1997-03-28"/>
  </code>
</codes>
<codes class="bip:industries:1.0">
  <code code="I41900">
    <editdetail attribution="Reuters BIP Coding Group" action="confirmed" date="1997-03-28"/>
  </code>
</codes>
<codes class="bip:topics:1.0">
  <code code="C15">
    <editdetail attribution="Reuters BIP Coding Group" action="confirmed" date="1997-03-28"/>
  </code>
  <code code="C151">
    <editdetail attribution="Reuters BIP Coding Group" action="confirmed" date="1997-03-28"/>
  </code>
  <code code="C1511">
    <editdetail attribution="Reuters BIP Coding Group" action="confirmed" date="1997-03-28"/>
  </code>
  <code code="CCAT">
    <editdetail attribution="Reuters BIP Coding Group" action="confirmed" date="1997-03-28"/>
  </code>
</codes>
<dc element="dc.date.created" value="1997-03-28"/>
<dc element="dc.publisher" value="Reuters Holdings Plc"/>
<dc element="dc.date.published" value="1997-03-28"/>
<dc element="dc.source" value="Reuters"/>
<dc element="dc.creator.location" value="DHAKA"/>
<dc element="dc.creator.location.country.name" value="BANGLADESH"/>
<dc element="dc.source" value="Reuters"/>
</metadata>
</newsitem>
