<?xml version="1.0" encoding="iso-8859-1" ?>
<newsitem itemid="474468" id="root" date="1997-03-28" xml:lang="en">
<title>PAKISTAN: Pakistan money rates jump at end on high demand.</title>
<headline>Pakistan money rates jump at end on high demand.</headline>
<dateline>KARACHI, Pakistan 1997-03-28</dateline>
<text>
<p>Pakistan's money market rates soared towards the end on Friday after wide fluctuations in early hours on high demand from borrowers, but are likely to remain stable on Saturday, dealers said.</p>
<p>&quot;Early deals were conducted around 15 percent, but the rates slid later to 10 percent and a substantial amounts were exchanged around 12 percent,&quot; a dealer at KASB &amp; Co said.</p>
<p>&quot;Borrowers were unable to bring the rates down,&quot; he said. &quot;The closing hour saw the rates rocketing back to 15 percent and then around 19 percent.&quot; -- Amir Zia 9221-5685192</p>
</text>
<copyright>(c) Reuters Limited 1997</copyright>
<metadata>
<codes class="bip:countries:1.0">
  <code code="PAKIS">
    <editdetail attribution="Reuters BIP Coding Group" action="confirmed" date="1997-03-28"/>
  </code>
</codes>
<codes class="bip:topics:1.0">
  <code code="M13">
    <editdetail attribution="Reuters BIP Coding Group" action="confirmed" date="1997-03-28"/>
  </code>
  <code code="M131">
    <editdetail attribution="Reuters BIP Coding Group" action="confirmed" date="1997-03-28"/>
  </code>
  <code code="MCAT">
    <editdetail attribution="Reuters BIP Coding Group" action="confirmed" date="1997-03-28"/>
  </code>
</codes>
<dc element="dc.date.created" value="1997-03-28"/>
<dc element="dc.publisher" value="Reuters Holdings Plc"/>
<dc element="dc.date.published" value="1997-03-28"/>
<dc element="dc.source" value="Reuters"/>
<dc element="dc.creator.location" value="KARACHI, Pakistan"/>
<dc element="dc.creator.location.country.name" value="PAKISTAN"/>
<dc element="dc.source" value="Reuters"/>
</metadata>
</newsitem>
