<?xml version="1.0" encoding="iso-8859-1" ?>
<newsitem itemid="474403" id="root" date="1997-03-28" xml:lang="en">
<title>USA: Hilton extends ITT tender offer.</title>
<headline>Hilton extends ITT tender offer.</headline>
<dateline>BEVERLY HILLS, Calif. 1997-03-28</dateline>
<text>
<p>Hilton Hotels Corp. said Friday it extended its cash tender offer for 50.1 percent of the shares of ITT to April 25, 1997.</p>
<p>Hilton is seeking to purchase ITT in a $6.5 billion bid.</p>
<p>The offer had an expiration date of March 28.</p>
<p>Hilton said that to date, about 1.5 million ITT shares have been tendered. ITT has about 122.7 million shares outstanding on a fully diluted basis.</p>
<p>Hilton launched its hostile bid for ITT, owner of Sheraton Hotels, Caesars World Casinos and a host of entertainment assets, in January. ITT promptly rejected the bid and has embarked on a strategy of selling non-core assets, including a $650 million deal to sell Madison Square Garden Inc.</p>
<p>On March 21, Hilton filed a final proxy solicitation with regulators clearing the way for the company to seek shareholder votes in its attempt to unseat ITT's board of directors.</p>
<p>Hilton, in an aggressive move to put its bid for ITT to a shareholder vote, also has been asking ITT's largest stockholders to sign an affidavit supporting their legal motion for a mid-May annual meeting.</p>
</text>
<copyright>(c) Reuters Limited 1997</copyright>
<metadata>
<codes class="bip:countries:1.0">
  <code code="USA">
    <editdetail attribution="Reuters BIP Coding Group" action="confirmed" date="1997-03-28"/>
  </code>
</codes>
<codes class="bip:industries:1.0">
  <code code="I66500">
    <editdetail attribution="Reuters BIP Coding Group" action="confirmed" date="1997-03-28"/>
  </code>
</codes>
<codes class="bip:topics:1.0">
  <code code="C18">
    <editdetail attribution="Reuters BIP Coding Group" action="confirmed" date="1997-03-28"/>
  </code>
  <code code="C181">
    <editdetail attribution="Reuters BIP Coding Group" action="confirmed" date="1997-03-28"/>
  </code>
  <code code="CCAT">
    <editdetail attribution="Reuters BIP Coding Group" action="confirmed" date="1997-03-28"/>
  </code>
</codes>
<dc element="dc.date.created" value="1997-03-28"/>
<dc element="dc.publisher" value="Reuters Holdings Plc"/>
<dc element="dc.date.published" value="1997-03-28"/>
<dc element="dc.source" value="Reuters"/>
<dc element="dc.creator.location" value="BEVERLY HILLS, Calif."/>
<dc element="dc.creator.location.country.name" value="USA"/>
<dc element="dc.source" value="Reuters"/>
</metadata>
</newsitem>
