<?xml version="1.0" encoding="iso-8859-1" ?>
<newsitem itemid="474446" id="root" date="1997-03-28" xml:lang="en">
<title>INDIA: India shares fall in holiday-hit end-account trade.</title>
<headline>India shares fall in holiday-hit end-account trade.</headline>
<dateline>BOMBAY 1997-03-28</dateline>
<text>
<p>Indian shares finished lower on Friday hit by business-squaring and little fresh support forthcoming because of the Good Friday holiday, brokers said.</p>
<p>The 30-share Bombay Stock Exchange (BSE) index fell 72.05 points or 1.93 percent to 3,663.53.</p>
<p>&quot;Institutions are not active in the market. This fall has taken everyone by surprise,&quot; said Sanjay Vaid, chief dealer at local firm, Lloyds Securities.</p>
<p>The absence of any fund activity ahead of the long Easter week-end and a holiday at the National Stock Exchange (NSE) gave bear operators the upper hand, dealers said.  </p>
<p>The Delhi exchange was also undermined by the close of weekly account, traders said.</p>
<p>The Delhi index lost 11.46 points to 769.14.</p>
<p>&quot;Operators were unable to manage funds to take deliveries and were forced to unload their positions,&quot; said S.C. Juneja at Delhi brokerage Jaico Credit.</p>
<p>Traders said the absence of foreign buying, and reluctance of speculators and investors to stake fresh claims ahead of the end of the current financial year on March 31 also pushed share prices lower.  </p>
<p>Traders expect the market rally next week as fresh demand picks up with the beginning of new fiscal year on April 1.</p>
<p>&quot;The market looks good for a rally,&quot; said Yogendra Shah, director at brokerage YSN Shares Pvt Ltd. &quot;I expect fund demand in side-counters to rise.&quot;</p>
<p>Shares of shoe-maker Bata India ended 4.25 rupees, or 6.4 percent, higher at 71.0 rupees after the firm on Thursday announced profits.</p>
<p>Bata India unveiled a net profit of 41.5 million rupees for calendar 1996 against net loss of 421.6 million rupees in 1995.</p>
<p>--Anshuman Daga, Bombay equities desk +91-22-265-9000</p>
</text>
<copyright>(c) Reuters Limited 1997</copyright>
<metadata>
<codes class="bip:countries:1.0">
  <code code="INDIA">
    <editdetail attribution="Reuters BIP Coding Group" action="confirmed" date="1997-03-28"/>
  </code>
</codes>
<codes class="bip:topics:1.0">
  <code code="M11">
    <editdetail attribution="Reuters BIP Coding Group" action="confirmed" date="1997-03-28"/>
  </code>
  <code code="MCAT">
    <editdetail attribution="Reuters BIP Coding Group" action="confirmed" date="1997-03-28"/>
  </code>
</codes>
<dc element="dc.date.created" value="1997-03-28"/>
<dc element="dc.publisher" value="Reuters Holdings Plc"/>
<dc element="dc.date.published" value="1997-03-28"/>
<dc element="dc.source" value="Reuters"/>
<dc element="dc.creator.location" value="BOMBAY"/>
<dc element="dc.creator.location.country.name" value="INDIA"/>
<dc element="dc.source" value="Reuters"/>
</metadata>
</newsitem>
