<?xml version="1.0" encoding="iso-8859-1" ?>
<newsitem itemid="474420" id="root" date="1997-03-28" xml:lang="en">
<title>FRANCE: Cr Foncier freezes asset sales.</title>
<headline>Cr Foncier freezes asset sales.</headline>
<dateline>PARIS 1997-03-28</dateline>
<text>
<p>French property bank Credit Foncier de France has decided to suspend its program of asset sales while it is looking for a buyer, Chairman Jerome Meyssonnier said on Friday.</p>
<p>&quot;It is important to find a buyer who will decide whether to keep or not these properties,&quot; he told a news conference, adding that 1996 had seen a recovery in rents on Credit Foncier's properties.</p>
<p>Credit Foncier would sell &quot;very few&quot; buildings in the next four or five months, he said. The bank is looking for a buyer to bail it out after making a 1995 net loss of 10.6 billion francs.</p>
<p>It reported on Thursday 1996 consolidated profit of 866 million.</p>
</text>
<copyright>(c) Reuters Limited 1997</copyright>
<metadata>
<codes class="bip:countries:1.0">
  <code code="FRA">
    <editdetail attribution="Reuters BIP Coding Group" action="confirmed" date="1997-03-28"/>
  </code>
</codes>
<codes class="bip:industries:1.0">
  <code code="I81501">
    <editdetail attribution="Reuters BIP Coding Group" action="confirmed" date="1997-03-28"/>
  </code>
</codes>
<codes class="bip:topics:1.0">
  <code code="C11">
    <editdetail attribution="Reuters BIP Coding Group" action="confirmed" date="1997-03-28"/>
  </code>
  <code code="C18">
    <editdetail attribution="Reuters BIP Coding Group" action="confirmed" date="1997-03-28"/>
  </code>
  <code code="C181">
    <editdetail attribution="Reuters BIP Coding Group" action="confirmed" date="1997-03-28"/>
  </code>
  <code code="C182">
    <editdetail attribution="Reuters BIP Coding Group" action="confirmed" date="1997-03-28"/>
  </code>
  <code code="CCAT">
    <editdetail attribution="Reuters BIP Coding Group" action="confirmed" date="1997-03-28"/>
  </code>
</codes>
<dc element="dc.date.created" value="1997-03-28"/>
<dc element="dc.publisher" value="Reuters Holdings Plc"/>
<dc element="dc.date.published" value="1997-03-28"/>
<dc element="dc.source" value="Reuters"/>
<dc element="dc.creator.location" value="PARIS"/>
<dc element="dc.creator.location.country.name" value="FRANCE"/>
<dc element="dc.source" value="Reuters"/>
</metadata>
</newsitem>
