<?xml version="1.0" encoding="iso-8859-1" ?>
<newsitem itemid="474456" id="root" date="1997-03-28" xml:lang="en">
<title>PAKISTAN: Pakistani stocks end lower, off day's high.</title>
<headline>Pakistani stocks end lower, off day's high.</headline>
<dateline>KARACHI, Pakistan 1997-03-28</dateline>
<text>
<p>Pakistani stocks ended lower, off day's high, on Friday after Finance Minister Sartaj Aziz announced an economic reforms package slashing taxes and providing other benefits to boost industrial production and exports, dealers at the Karachi Stock Exchange said.</p>
<p>&quot;The market seems to have over-reacted to the package,&quot; said dealer Zubair Ellahi. Stock prices are likely to remain depressed in the next week after the Saturday-Sunday weekend.</p>
<p>Dealer Ali Husain Rajabali said: &quot;The main reason behind the fall was overbought positions and selling of GDR-related stocks, including (telecom utility) PTCL and Hub Power.&quot;  </p>
<p>The Karachi Stock Exchange (KSE) 100-share index ended 17.55 points lower at 1,598.94 amid 49 losers and 13 gainers in a turnover of 17 million shares in an afternoon special session after the package announcement. In the first session, the index closed 3.11 points, or 0.19 percent, up at 1,616.49 amid 116 gainers and 104 losers.</p>
<p>						   Friday	March 27</p>
<p>KSE all-share index			  1,048.79    1,046.67</p>
<p>Market capitalisation in billion rupees  516.19	515.06</p>
<p>Trading value in billion rupees		0.96	  1.41</p>
<p>($1 = 40.22 rupees) -- Ibrahim Khan 9221-5685192</p>
</text>
<copyright>(c) Reuters Limited 1997</copyright>
<metadata>
<codes class="bip:countries:1.0">
  <code code="PAKIS">
    <editdetail attribution="Reuters BIP Coding Group" action="confirmed" date="1997-03-28"/>
  </code>
</codes>
<codes class="bip:topics:1.0">
  <code code="M11">
    <editdetail attribution="Reuters BIP Coding Group" action="confirmed" date="1997-03-28"/>
  </code>
  <code code="MCAT">
    <editdetail attribution="Reuters BIP Coding Group" action="confirmed" date="1997-03-28"/>
  </code>
</codes>
<dc element="dc.date.created" value="1997-03-28"/>
<dc element="dc.publisher" value="Reuters Holdings Plc"/>
<dc element="dc.date.published" value="1997-03-28"/>
<dc element="dc.source" value="Reuters"/>
<dc element="dc.creator.location" value="KARACHI, Pakistan"/>
<dc element="dc.creator.location.country.name" value="PAKISTAN"/>
<dc element="dc.source" value="Reuters"/>
</metadata>
</newsitem>
