<?xml version="1.0" encoding="iso-8859-1" ?>
<newsitem itemid="474427" id="root" date="1997-03-28" xml:lang="en">
<title>FRANCE: No deadline to find Cr Foncier buyer.</title>
<headline>No deadline to find Cr Foncier buyer.</headline>
<dateline>PARIS 1997-03-28</dateline>
<text>
<p>French home loans lender Credit Foncier de France and the French finance ministry have not set a deadline for finding a buyer for the bank, chairman Jerome Meyssonnier said on Friday.</p>
<p>&quot;It would be quite unfortunate to set a date when we do not know how long it will take,&quot; he told a news conference on the 1996 results. He gave no further details.</p>
<p>Credit Foncier  said on Thursday it had appointed Deutsche Morgan Grenfell to help find a new owner.</p>
<p>The finance ministry this month decided to try again to find a purchaser for the bank, on the advice of state-appointed mediator Philippe Rouvillois.</p>
<p>Meyssonnier estimated the bank needed between 2.5 billion and three billion francs in fresh capital to bring its tier one risk capital back to eight percent.</p>
<p>Finance Director Regis de Larouillere had previously estimated the need at between two billion and 2.5 billion francs. It currently has 3.8 billion in shareholders funds and latent capital gains.</p>
<p>Credit Foncier reported on Thursday 1996 consolidated profit of 858 million francs, after posting 1995 losses of 10.6 billion.</p>
</text>
<copyright>(c) Reuters Limited 1997</copyright>
<metadata>
<codes class="bip:countries:1.0">
  <code code="FRA">
    <editdetail attribution="Reuters BIP Coding Group" action="confirmed" date="1997-03-28"/>
  </code>
</codes>
<codes class="bip:industries:1.0">
  <code code="I81501">
    <editdetail attribution="Reuters BIP Coding Group" action="confirmed" date="1997-03-28"/>
  </code>
</codes>
<codes class="bip:topics:1.0">
  <code code="C11">
    <editdetail attribution="Reuters BIP Coding Group" action="confirmed" date="1997-03-28"/>
  </code>
  <code code="C17">
    <editdetail attribution="Reuters BIP Coding Group" action="confirmed" date="1997-03-28"/>
  </code>
  <code code="C18">
    <editdetail attribution="Reuters BIP Coding Group" action="confirmed" date="1997-03-28"/>
  </code>
  <code code="C181">
    <editdetail attribution="Reuters BIP Coding Group" action="confirmed" date="1997-03-28"/>
  </code>
  <code code="CCAT">
    <editdetail attribution="Reuters BIP Coding Group" action="confirmed" date="1997-03-28"/>
  </code>
</codes>
<dc element="dc.date.created" value="1997-03-28"/>
<dc element="dc.publisher" value="Reuters Holdings Plc"/>
<dc element="dc.date.published" value="1997-03-28"/>
<dc element="dc.source" value="Reuters"/>
<dc element="dc.creator.location" value="PARIS"/>
<dc element="dc.creator.location.country.name" value="FRANCE"/>
<dc element="dc.source" value="Reuters"/>
</metadata>
</newsitem>
