<?xml version="1.0" encoding="iso-8859-1" ?>
<newsitem itemid="474469" id="root" date="1997-03-28" xml:lang="en">
<title>PAKISTAN: Pakistani rupee closing rates in kerb market.</title>
<headline>Pakistani rupee closing rates in kerb market.</headline>
<dateline>KARACHI, Pakistan 1997-03-28</dateline>
<text>
<p>Friday's spot rupee rates in the kerb market from Khanani &amp; Kalia Int'l (Pvt) Ltd:</p>
<p>				Buying rate	 Selling rate</p>
<p>    U.S. dollar	   41.20		 41.30</p>
<p>    Pound sterling	67.50		 67.60</p>
<p>    Deutsche mark	 24.50		 24.55</p>
<p>    Japanese yen	   0.335		 0.337</p>
<p>    Saudi riyal	   11.02		 11.04</p>
<p>    UAE dirham	    11.27		 11.29</p>
<p>    Indian rupee	   1.10		  1.13</p>
<p>    F.E.B.C.		 3.00 pct	    3.20 pct</p>
</text>
<copyright>(c) Reuters Limited 1997</copyright>
<metadata>
<codes class="bip:countries:1.0">
  <code code="PAKIS">
    <editdetail attribution="Reuters BIP Coding Group" action="confirmed" date="1997-03-28"/>
  </code>
</codes>
<codes class="bip:topics:1.0">
  <code code="M13">
    <editdetail attribution="Reuters BIP Coding Group" action="confirmed" date="1997-03-28"/>
  </code>
  <code code="M132">
    <editdetail attribution="Reuters BIP Coding Group" action="confirmed" date="1997-03-28"/>
  </code>
  <code code="MCAT">
    <editdetail attribution="Reuters BIP Coding Group" action="confirmed" date="1997-03-28"/>
  </code>
</codes>
<dc element="dc.date.created" value="1997-03-28"/>
<dc element="dc.publisher" value="Reuters Holdings Plc"/>
<dc element="dc.date.published" value="1997-03-28"/>
<dc element="dc.source" value="Reuters"/>
<dc element="dc.creator.location" value="KARACHI, Pakistan"/>
<dc element="dc.creator.location.country.name" value="PAKISTAN"/>
<dc element="dc.source" value="Reuters"/>
</metadata>
</newsitem>
