<?xml version="1.0" encoding="iso-8859-1" ?>
<newsitem itemid="474430" id="root" date="1997-03-28" xml:lang="en">
<title>BELGIUM: Luxembourg govt seeks second GSM phone network.</title>
<headline>Luxembourg govt seeks second GSM phone network.</headline>
<dateline>BRUSSELS 1997-03-28</dateline>
<text>
<p>The Luxembourg government said Friday it would seek a second mobile telephone operator as part of a new law liberalising the telecommunications sector in the Grand Duchy.  </p>
<p>&quot;An appeal for candidates will be made in the coming weeks,&quot; the government said in a statement released following its weekly cabinet meeting.</p>
<p>The new law, which aims to bring Luxembourg into line with European Union directives opening the telecoms sector to full competition from 1998, received parliamentary approval earlier this month.</p>
<p>The government said the law would enter into force on April 1. It did not indicate whether it was maintaining an earlier request with the EU to continue to protect Luxembourg's domestic voice telephony market until 2000.  </p>
<p>A government spokesman was not available for comment.</p>
<p>&quot;The law creates a new regime for licences and the operation of telecommunications networks and the provision of services,&quot; the government said.</p>
<p>A new regulator -- the Institut Luxembourgeois des Telecommunications -- would be set up to oversee the opening up of the market, it added.</p>
<p>Luxembourg partially privatised electricity company Cegedel is one of the companies that has said it may be interested in entering the telecoms market alone or in partnership with other companies.</p>
<p>((--Nick Antonovics, Brussels Newsroom 32 2 287 6817, Fax 32 2 230 7710))</p>
</text>
<copyright>(c) Reuters Limited 1997</copyright>
<metadata>
<codes class="bip:countries:1.0">
  <code code="LUX">
    <editdetail attribution="Reuters BIP Coding Group" action="confirmed" date="1997-03-28"/>
  </code>
</codes>
<codes class="bip:industries:1.0">
  <code code="I16100">
    <editdetail attribution="Reuters BIP Coding Group" action="confirmed" date="1997-03-28"/>
  </code>
  <code code="I79020">
    <editdetail attribution="Reuters BIP Coding Group" action="confirmed" date="1997-03-28"/>
  </code>
</codes>
<codes class="bip:topics:1.0">
  <code code="C13">
    <editdetail attribution="Reuters BIP Coding Group" action="confirmed" date="1997-03-28"/>
  </code>
  <code code="C24">
    <editdetail attribution="Reuters BIP Coding Group" action="confirmed" date="1997-03-28"/>
  </code>
  <code code="CCAT">
    <editdetail attribution="Reuters BIP Coding Group" action="confirmed" date="1997-03-28"/>
  </code>
</codes>
<dc element="dc.date.created" value="1997-03-28"/>
<dc element="dc.publisher" value="Reuters Holdings Plc"/>
<dc element="dc.date.published" value="1997-03-28"/>
<dc element="dc.source" value="Reuters"/>
<dc element="dc.creator.location" value="BRUSSELS"/>
<dc element="dc.creator.location.country.name" value="BELGIUM"/>
<dc element="dc.source" value="Reuters"/>
</metadata>
</newsitem>
