<?xml version="1.0" encoding="iso-8859-1" ?>
<newsitem itemid="474462" id="root" date="1997-03-28" xml:lang="en">
<title>INDIA: Mandela says Zaire peace efforts under U.N. role.</title>
<headline>Mandela says Zaire peace efforts under U.N. role.</headline>
<dateline>NEW DELHI 1997-03-28</dateline>
<text>
<p>South African President Nelson Mandela said on Friday that his country's role in hosting peace talks expected next week between Zairean rebels and representatives of President Mobutu Sese Seko should be counted within peace initiatives led by the United Nations.</p>
<p>&quot;It is in that context that the role of South Africa should be assessed,&quot; he told a news conference in New Delhi. &quot;We must not exaggerate the role played by South Africa in that country,&quot; said Mandela, who was on a three-day visit to India.  </p>
<p>Mandela, responding to a question on South Africa's hosting of the talks, implicitly confirmed a South African government source who said earlier on Friday in Johannesburg that the two sides in the central African nation were scheduled to meet in South Africa.</p>
<p>The source told Reuters that senior foreign ministry officials had started laying the groundwork for negotiations, which were likely to take place on Monday or Tuesday.</p>
<p>Earlier on Friday Zairean rebels said talks would take place in South Africa on Monday or Tuesday.</p>
<p>Forces led by the rebel Alliance of Democratic Forces for the Liberation of Congo-Zaire (AFDL) under leader Laurent Kabila have seized about a quarter of Africa's third largest country and insist that a ceasefire in the six month civil war can only be declared after negotiations have begun.</p>
</text>
<copyright>(c) Reuters Limited 1997</copyright>
<metadata>
<codes class="bip:countries:1.0">
  <code code="INDIA">
    <editdetail attribution="Reuters BIP Coding Group" action="confirmed" date="1997-03-28"/>
  </code>
  <code code="SAFR">
    <editdetail attribution="Reuters BIP Coding Group" action="confirmed" date="1997-03-28"/>
  </code>
  <code code="UN">
    <editdetail attribution="Reuters BIP Coding Group" action="confirmed" date="1997-03-28"/>
  </code>
  <code code="ZAIRE">
    <editdetail attribution="Reuters BIP Coding Group" action="confirmed" date="1997-03-28"/>
  </code>
</codes>
<codes class="bip:topics:1.0">
  <code code="GCAT">
    <editdetail attribution="Reuters BIP Coding Group" action="confirmed" date="1997-03-28"/>
  </code>
  <code code="GDIP">
    <editdetail attribution="Reuters BIP Coding Group" action="confirmed" date="1997-03-28"/>
  </code>
</codes>
<dc element="dc.date.created" value="1997-03-28"/>
<dc element="dc.publisher" value="Reuters Holdings Plc"/>
<dc element="dc.date.published" value="1997-03-28"/>
<dc element="dc.source" value="Reuters"/>
<dc element="dc.creator.location" value="NEW DELHI"/>
<dc element="dc.creator.location.country.name" value="INDIA"/>
<dc element="dc.source" value="Reuters"/>
</metadata>
</newsitem>
