<?xml version="1.0" encoding="iso-8859-1" ?>
<newsitem itemid="474439" id="root" date="1997-03-28" xml:lang="en">
<title>FRANCE: INTERVIEW - Air France flies into turbulent change.</title>
<headline>INTERVIEW - Air France flies into turbulent change.</headline>
<byline>Pierre Tran</byline>
<dateline>PARIS 1997-03-28</dateline>
<text>
<p>Air France, wracked by labour strife on Easter weekend at its domestic unit and facing increased competition in regional markets, held on Friday to its aim of breaking even in 1997 and being privatised quickly.</p>
<p>The company will officially lose its national monopoly from April 1, when domestic air travel in the European Union is opened up to competition from European carriers.</p>
<p>Jean-Claude Baumgarten, special adviser to Air France chairman Christian Blanc, speaking in a telephone interview from Osaka, Japan, said &quot;Yes&quot; when asked if the group was on track for break-even and a share sale in late 1997 or early 1998.</p>
<p>The group is maintaining its estimate of a 200-million franc loss for 1996/97 at the Air France international airline while losses at the Air France Europe domestic wing should be less than a forecast 800 million, he said.</p>
<p>Those results should allow the group to be sold later this year or early in 1998, he said. But first, Blanc must push through a merger between Air France and Air France Europe.</p>
<p>The merger move sparked a surprise strike on Friday by Air France Europe ground staff, who are protesting against their pay and conditions being brought in line with those of Air France employees when the merger goes ahead in September.</p>
<p>Similar pay concerns lie behind a two-day strike starting on Easter Monday, called by Air France Europe flight crew.</p>
<p>Junior Transport Minister Anne-Marie Idrac sounded a cautious note in an interview in Friday's edition of the French newspaper Le Monde.</p>
<p>&quot;The privatisation of Air France is written in the 1993 law...But the merger between Air France and Air France Europe has to be completed before launching the privatisation,&quot; she said.</p>
<p>&quot;The market has to be ready to absorb Air France shares ...the company's accounts need to inspire confidence. The question is whether six months will be enough. It is in the light of this recovery that we will set the final calendar,&quot; she said.</p>
<p>Baumgarten said Air France Europe, formerly Air Inter, should be close to break-even in 1997/98 and that last year's launch of low-price &quot;Le Shuttle&quot; services between Paris and Toulouse, Marseilles and Nice was paying off.</p>
<p>The Shuttle is a key part of Air France's hold on the domestic market, which together with European traffic, contributes 42 percent to group sales. It is this market which is under attack from European carriers such as British Airways Plc (BA) through its French TAT European Airlines unit.</p>
<p>France is the biggest domestic market in Europe, he said.</p>
<p>Last year saw a savage price war, with ticket discounts of 20 percent, which bled privately held Air Liberte into bankrupcty and acquisition by BA and merger with TAT. French airline AOM was also engaged in the domestic competition.</p>
<p>The Shuttle &quot;is at least breaking even,&quot; Baumgarten said. It has helped Air France Europe regain market share lost to high-speed TGV intercity trains and rival airlines, and has stabilised yields - as measured in revenue per passenger per kilometre transported - at minus one percent compared to minus 20 percent. The load factor - the number of passengers carried - was also climbing.</p>
<p>Baumgarten said the three-city service showed France was ready for a shuttle product, which could be rolled out to other French cities and feed the Paris Charles de Gaulle airport.</p>
<p>&quot;The name of the game is extending the network,&quot; he said. But because the big carriers such as Air France, BA, KLM and Lufthansa have invested heavily in building up their hubs, they will draw on small regional airlines to add the domestic spokes to feed the hub.</p>
<p>Leasing, chartering, code-sharing and franchises with low-cost companies equipped with small planes are the tools to building up that network, he said. Air France currently has relationships with Britair and Eurowings for European coverage.</p>
<p>With more feeder routes, Air France can boost long-haul traffic through the Paris hub, also benefiting its U.S. partners Delta and Continental and Japanese ally Japan Airlines (JAL), he said.</p>
</text>
<copyright>(c) Reuters Limited 1997</copyright>
<metadata>
<codes class="bip:countries:1.0">
  <code code="FRA">
    <editdetail attribution="Reuters BIP Coding Group" action="confirmed" date="1997-03-28"/>
  </code>
</codes>
<codes class="bip:industries:1.0">
  <code code="I75000">
    <editdetail attribution="Reuters BIP Coding Group" action="confirmed" date="1997-03-28"/>
  </code>
</codes>
<codes class="bip:topics:1.0">
  <code code="C15">
    <editdetail attribution="Reuters BIP Coding Group" action="confirmed" date="1997-03-28"/>
  </code>
  <code code="C152">
    <editdetail attribution="Reuters BIP Coding Group" action="confirmed" date="1997-03-28"/>
  </code>
  <code code="C18">
    <editdetail attribution="Reuters BIP Coding Group" action="confirmed" date="1997-03-28"/>
  </code>
  <code code="C183">
    <editdetail attribution="Reuters BIP Coding Group" action="confirmed" date="1997-03-28"/>
  </code>
  <code code="C42">
    <editdetail attribution="Reuters BIP Coding Group" action="confirmed" date="1997-03-28"/>
  </code>
  <code code="CCAT">
    <editdetail attribution="Reuters BIP Coding Group" action="confirmed" date="1997-03-28"/>
  </code>
  <code code="E41">
    <editdetail attribution="Reuters BIP Coding Group" action="confirmed" date="1997-03-28"/>
  </code>
  <code code="ECAT">
    <editdetail attribution="Reuters BIP Coding Group" action="confirmed" date="1997-03-28"/>
  </code>
  <code code="GCAT">
    <editdetail attribution="Reuters BIP Coding Group" action="confirmed" date="1997-03-28"/>
  </code>
  <code code="GJOB">
    <editdetail attribution="Reuters BIP Coding Group" action="confirmed" date="1997-03-28"/>
  </code>
</codes>
<dc element="dc.date.created" value="1997-03-28"/>
<dc element="dc.publisher" value="Reuters Holdings Plc"/>
<dc element="dc.date.published" value="1997-03-28"/>
<dc element="dc.source" value="Reuters"/>
<dc element="dc.creator.location" value="PARIS"/>
<dc element="dc.creator.location.country.name" value="FRANCE"/>
<dc element="dc.source" value="Reuters"/>
</metadata>
</newsitem>
