<?xml version="1.0" encoding="iso-8859-1" ?>
<newsitem itemid="474404" id="root" date="1997-03-28" xml:lang="en">
<title>USA: Meter-feeding grandmother to appear in Ohio parade.</title>
<headline>Meter-feeding grandmother to appear in Ohio parade.</headline>
<dateline>CINCINNATI 1997-03-28</dateline>
<text>
<p>Capitalising on a parking meter-feeding grandmother's notoriety, organisers of a parade celebrating the opening of the Cincinnati Reds baseball season said Friday she has been chosen as an honorary parade marshal.</p>
<p>But instead of putting coins in expired parking meters for motorists unknown to her -- an act of generosity that earned her more than $500 in fines -- Sylvia Stayton will place bags over the meters along the 18-block downtown route of Tuesday's parade.</p>
<p>Stayton, 63, was arrested Oct. 24 for putting coins in meters as a Cincinnati policeman was ticketing cars. She was convicted by a Hamilton County Municipal Court jury of obstructing official business and fined $500 and court costs.</p>
<p>Stayton, who has four children and 10 grandchildren, argued she did nothing wrong and refused to apologise in court for the incident. She said she would appeal the sentence.</p>
<p>Jeff Gibbs, coordinator of the 78th annual Opening Day Parade, said sponsors had received a bit of criticism for naming her an honorary marshal, but he added, &quot;Some people are taking this way too serious.&quot;</p>
<p>&quot;We sought her out to be one of our honorary marshals and help with bagging over the meters. That's all,&quot;  he said.</p>
<p>Ohio Gov. George Voinovich will be the official parade marshal and Stayton will ride in a separate open convertible in the parade, which will have about 150 entries including marching bands, decorated floats and politicians galore, Gibbs said.</p>
<p>Marge Schott, controversial owner of the Reds, will participate in the festivities but will not ride in the parade. Her public activities have been curtailed while she remains under a two-year suspension imposed last April by Major League Baseball for making racially offensive public statements.</p>
</text>
<copyright>(c) Reuters Limited 1997</copyright>
<metadata>
<codes class="bip:countries:1.0">
  <code code="USA">
    <editdetail attribution="Reuters BIP Coding Group" action="confirmed" date="1997-03-28"/>
  </code>
</codes>
<codes class="bip:topics:1.0">
  <code code="GCAT">
    <editdetail attribution="Reuters BIP Coding Group" action="confirmed" date="1997-03-28"/>
  </code>
  <code code="GODD">
    <editdetail attribution="Reuters BIP Coding Group" action="confirmed" date="1997-03-28"/>
  </code>
  <code code="GPRO">
    <editdetail attribution="Reuters BIP Coding Group" action="confirmed" date="1997-03-28"/>
  </code>
</codes>
<dc element="dc.date.created" value="1997-03-28"/>
<dc element="dc.publisher" value="Reuters Holdings Plc"/>
<dc element="dc.date.published" value="1997-03-28"/>
<dc element="dc.source" value="Reuters"/>
<dc element="dc.creator.location" value="CINCINNATI"/>
<dc element="dc.creator.location.country.name" value="USA"/>
<dc element="dc.source" value="Reuters"/>
</metadata>
</newsitem>
