<?xml version="1.0" encoding="iso-8859-1" ?>
<newsitem itemid="474431" id="root" date="1997-03-28" xml:lang="en">
<title>FRANCE: French anti-racist movement sues over murder call.</title>
<headline>French anti-racist movement sues over murder call.</headline>
<dateline>PARIS 1997-03-28</dateline>
<text>
<p>France's anti-racism movement MRAP said on Friday it was seeking legal action against a group which issued a pamphlet calling for the death of its president.</p>
<p>A copy of the pamphlet released by MRAP said: &quot;Let Allah give those Moslems who betray him...such as MRAP President Mouloud Aounit the fate of the sheep on the Aid al-Kebir.&quot;</p>
<p>MRAP said it had asked Paris' state prosecutor to prosecute the authors of the pamphlet, which was signed by a so-called Franco-Islamic Liberation Committee.</p>
<p>Its statement was backed by several dozen prominent people including the widow of president Franois Mitterrand, Danielle, and Louis Viannet, head of the Communist CGT trade union.</p>
<p>MRAP said it had reported the pamphlet to the Interior and Justice ministries but Aounit had not been given any protection.</p>
<p>It said the pamphlet was being distributed by Radio Islam, a radio station based in Stockholm, and the Paris bookshop La Vieille Taupe which has come under fire for selling books questioning whether the World War Two Holocaust ever took place.</p>
</text>
<copyright>(c) Reuters Limited 1997</copyright>
<metadata>
<codes class="bip:countries:1.0">
  <code code="FRA">
    <editdetail attribution="Reuters BIP Coding Group" action="confirmed" date="1997-03-28"/>
  </code>
</codes>
<codes class="bip:topics:1.0">
  <code code="GCAT">
    <editdetail attribution="Reuters BIP Coding Group" action="confirmed" date="1997-03-28"/>
  </code>
  <code code="GCRIM">
    <editdetail attribution="Reuters BIP Coding Group" action="confirmed" date="1997-03-28"/>
  </code>
  <code code="GVIO">
    <editdetail attribution="Reuters BIP Coding Group" action="confirmed" date="1997-03-28"/>
  </code>
</codes>
<dc element="dc.date.created" value="1997-03-28"/>
<dc element="dc.publisher" value="Reuters Holdings Plc"/>
<dc element="dc.date.published" value="1997-03-28"/>
<dc element="dc.source" value="Reuters"/>
<dc element="dc.creator.location" value="PARIS"/>
<dc element="dc.creator.location.country.name" value="FRANCE"/>
<dc element="dc.source" value="Reuters"/>
</metadata>
</newsitem>
