<?xml version="1.0" encoding="iso-8859-1" ?>
<newsitem itemid="474428" id="root" date="1997-03-28" xml:lang="en">
<title>ITALY: Banco Napoli nearly halves losses in '96.</title>
<headline>Banco Napoli nearly halves losses in '96.</headline>
<dateline>ROME 1997-03-28</dateline>
<text>
<p>Year ending December 31, 1996</p>
<p>(In billion lire unless stated)</p>
<p>Parent net profit (loss)(1,651.2)vs (3,155.5)</p>
<p>    Client deposits	   25,329.4 vs  (up 3.9 pct)</p>
<p>    Total deposits	    50,234.2 vs 48,890</p>
<p>    Bad loans		    5,549	 (up 50 pct)</p>
<p>    Difficult loans	    5,875	 (up 32.9 pct)</p>
<p>    Cons loss		    1,668	 (down 47.2 pct)</p>
<p>Note - Banco di Napoli said reduction of losses in respect to 1995 confirmed the gradual return towards normality envisaged in a rescue and restructuring plan.</p>
<p>-- Milan newsroom +392 66129450</p>
</text>
<copyright>(c) Reuters Limited 1997</copyright>
<metadata>
<codes class="bip:countries:1.0">
  <code code="ITALY">
    <editdetail attribution="Reuters BIP Coding Group" action="confirmed" date="1997-03-28"/>
  </code>
</codes>
<codes class="bip:industries:1.0">
  <code code="I81402">
    <editdetail attribution="Reuters BIP Coding Group" action="confirmed" date="1997-03-28"/>
  </code>
</codes>
<codes class="bip:topics:1.0">
  <code code="C15">
    <editdetail attribution="Reuters BIP Coding Group" action="confirmed" date="1997-03-28"/>
  </code>
  <code code="C151">
    <editdetail attribution="Reuters BIP Coding Group" action="confirmed" date="1997-03-28"/>
  </code>
  <code code="C1511">
    <editdetail attribution="Reuters BIP Coding Group" action="confirmed" date="1997-03-28"/>
  </code>
  <code code="CCAT">
    <editdetail attribution="Reuters BIP Coding Group" action="confirmed" date="1997-03-28"/>
  </code>
</codes>
<dc element="dc.date.created" value="1997-03-28"/>
<dc element="dc.publisher" value="Reuters Holdings Plc"/>
<dc element="dc.date.published" value="1997-03-28"/>
<dc element="dc.source" value="Reuters"/>
<dc element="dc.creator.location" value="ROME"/>
<dc element="dc.creator.location.country.name" value="ITALY"/>
<dc element="dc.source" value="Reuters"/>
</metadata>
</newsitem>
