<?xml version="1.0" encoding="iso-8859-1" ?>
<newsitem itemid="474438" id="root" date="1997-03-28" xml:lang="en">
<title>ITALY: Italy's Snia BPD '96 cons net profits rise.</title>
<headline>Italy's Snia BPD '96 cons net profits rise.</headline>
<dateline>TURIN, Italy 1997-03-28</dateline>
<text>
<p>Italian holding group Snia BPD reported on Friday a net consolidated profit for 1996 of 119.7 billion lire after 102.2 billion lire in 1985, with attributable net profits up at 80.1 billion lire from 63.5 billion lire.</p>
<p>At the parent company level, Snia BPD SpA showed a net profit falling to 26.8 billion lire in 1996 from 33.9 billion lire in 1995, said a statement from Snia BPD.</p>
<p>The company proposed an ordinary dividend for 1996 of 60 lire a share from 50 lire in 1995, a dividend on its convertible savings shares of 80 lire a share from 70 lire, and a payout of 90 lire per non-convertible savings shares from 80 lire.</p>
<p>Consoldiated sales of the group rose slightly in 1996 to 2.97 trillion lire from 2.94 trillion lire in 1995, of which 55 percent were made abroad.</p>
<p>Net debt for the group fell to 294.6 billion lire by the end of 1996 from 394 billion lire at end-1995.</p>
<p>-- Milan newsroom +392 66129502</p>
</text>
<copyright>(c) Reuters Limited 1997</copyright>
<metadata>
<codes class="bip:countries:1.0">
  <code code="ITALY">
    <editdetail attribution="Reuters BIP Coding Group" action="confirmed" date="1997-03-28"/>
  </code>
</codes>
<codes class="bip:industries:1.0">
  <code code="I25000">
    <editdetail attribution="Reuters BIP Coding Group" action="confirmed" date="1997-03-28"/>
  </code>
</codes>
<codes class="bip:topics:1.0">
  <code code="C15">
    <editdetail attribution="Reuters BIP Coding Group" action="confirmed" date="1997-03-28"/>
  </code>
  <code code="C151">
    <editdetail attribution="Reuters BIP Coding Group" action="confirmed" date="1997-03-28"/>
  </code>
  <code code="C1511">
    <editdetail attribution="Reuters BIP Coding Group" action="confirmed" date="1997-03-28"/>
  </code>
  <code code="CCAT">
    <editdetail attribution="Reuters BIP Coding Group" action="confirmed" date="1997-03-28"/>
  </code>
</codes>
<dc element="dc.date.created" value="1997-03-28"/>
<dc element="dc.publisher" value="Reuters Holdings Plc"/>
<dc element="dc.date.published" value="1997-03-28"/>
<dc element="dc.source" value="Reuters"/>
<dc element="dc.creator.location" value="TURIN, Italy"/>
<dc element="dc.creator.location.country.name" value="ITALY"/>
<dc element="dc.source" value="Reuters"/>
</metadata>
</newsitem>
