<?xml version="1.0" encoding="iso-8859-1" ?>
<newsitem itemid="474440" id="root" date="1997-03-28" xml:lang="en">
<title>ITALY: Snia BPD details Snia Fibre share swap.</title>
<headline>Snia BPD details Snia Fibre share swap.</headline>
<dateline>TURIN, Italy 1997-03-28</dateline>
<text>
<p>Italian chemicals group Snia BPD said the share exchange ratio for its incorporation of subsidiary Snia Fibre would be two ordinary BPD shares for five Fibre ones.</p>
<p>A statement said Snia BPD also intended to make a capital increase for up to 18.3 billion lire.  </p>
<p>In the statement from Snia's parent group Fiat, it said the project envisaged &quot;a Snia BPD capital increase to service the exchange, through the issue of two BPD shares with a nominal value of 1,000 lire for five ordinary Fibre shares with a nominal value of 1,000 lire held by minority shareholders.&quot;</p>
<p>Snia BPD currently holds 83.68 percent of Snia Fibre's capital.</p>
<p>Under current shareholdings, Snia BPD's shareholders after the incorporation will include Sicind Spa with 46.87 percent of capital, down from its current 48.13 pct, and Mediobanca Spa at 10.88 percent, down from 11.18 percent.</p>
<p>The operation will be put to shareholder approval at a meeting called for May 19 or 23.</p>
<p>--Milan bureau +392 66129507</p>
</text>
<copyright>(c) Reuters Limited 1997</copyright>
<metadata>
<codes class="bip:countries:1.0">
  <code code="ITALY">
    <editdetail attribution="Reuters BIP Coding Group" action="confirmed" date="1997-03-28"/>
  </code>
</codes>
<codes class="bip:industries:1.0">
  <code code="I25000">
    <editdetail attribution="Reuters BIP Coding Group" action="confirmed" date="1997-03-28"/>
  </code>
  <code code="I26000">
    <editdetail attribution="Reuters BIP Coding Group" action="confirmed" date="1997-03-28"/>
  </code>
  <code code="I35101">
    <editdetail attribution="Reuters BIP Coding Group" action="confirmed" date="1997-03-28"/>
  </code>
</codes>
<codes class="bip:topics:1.0">
  <code code="C17">
    <editdetail attribution="Reuters BIP Coding Group" action="confirmed" date="1997-03-28"/>
  </code>
  <code code="C171">
    <editdetail attribution="Reuters BIP Coding Group" action="confirmed" date="1997-03-28"/>
  </code>
  <code code="C18">
    <editdetail attribution="Reuters BIP Coding Group" action="confirmed" date="1997-03-28"/>
  </code>
  <code code="C181">
    <editdetail attribution="Reuters BIP Coding Group" action="confirmed" date="1997-03-28"/>
  </code>
  <code code="CCAT">
    <editdetail attribution="Reuters BIP Coding Group" action="confirmed" date="1997-03-28"/>
  </code>
</codes>
<dc element="dc.date.created" value="1997-03-28"/>
<dc element="dc.publisher" value="Reuters Holdings Plc"/>
<dc element="dc.date.published" value="1997-03-28"/>
<dc element="dc.source" value="Reuters"/>
<dc element="dc.creator.location" value="TURIN, Italy"/>
<dc element="dc.creator.location.country.name" value="ITALY"/>
<dc element="dc.source" value="Reuters"/>
</metadata>
</newsitem>
