<?xml version="1.0" encoding="iso-8859-1" ?>
<newsitem itemid="474448" id="root" date="1997-03-28" xml:lang="en">
<title>INDIA: Bombay index falls 1.85 pct, ends near day's lows.</title>
<headline>Bombay index falls 1.85 pct, ends near day's lows.</headline>
<dateline>BOMBAY 1997-03-28</dateline>
<text>
<p>**  (1005 GMT) - Shares at Bombay exchange close near day's</p>
<p>	  low, speculator-led selling pulls down market</p>
<p>**  Bombay's benchmark 30-share index falls 69.24 points, or</p>
<p>	  1.85 percent, to 3,666.34, off 3,740.75</p>
<p>**  Dull institutional trade on last day of weekly account</p>
<p>	  at Bombay bourse, holiday at National Stock Exchange</p>
<p>**  Foreign funds in holiday mood, long Easter week-end  </p>
<p>Shares suffered fresh losses on Friday as speculators sold at the Bombay Stock Exchange (BSE) on a day clouded by a holiday mood, dealers said.</p>
<p>&quot;Institutions are not active in the market. This fall has taken everyone by surprise,&quot; said Sanjay Vaid, chief dealer at local firm, Lloyds Securities.</p>
<p>The absence of any fund activity ahead of the long Easter week-end and a holiday at the National Stock Exchange prompted bear operators to offload stocks in a big way, dealers said.</p>
<p>The sharp sell-off pulled down Bombay's top-30 index to shed nearly 70 points or 1.85 percent to close near the day's lows.  </p>
<p>The end of the weekly trade account at the Bombay exchange on Friday led to some squaring off by operators, dealers said.</p>
<p>&quot;There might have been a lot of squaring-off of outstanding positions by market players near end of trade,&quot; said Ajit Ambani, a BSE member-broker.</p>
<p>The Bombay index has lost nearly 64 points, or 1.71 percent, in the week ending Friday amid a price consolidation in the market.</p>
<p>&quot;We feel bear operators have taken advantage of a dull day and hammered prices to create some sort of a shaky market mood,&quot; said an equities dealer at a foreign brokerage.  </p>
<p>Trading volumes were low because of Good Friday holiday for banks, government offices and the National Stock Exchange which operates from more than 100 centres across India, traders said.</p>
<p>&quot;It has been really boring trading day. The market weakness near the close of the session lacked any fund based selling,&quot; the dealer at the foreign brokerage said.</p>
<p>Shares of shoe-maker Bata India ended 4.25 rupees, or 6.4 percent, higher at 71.0 rupees after the firm on Thursday announced profits.</p>
<p>Bata India unveiled a net profit of 41.5 million rupees for calendar 1996 against net loss of 421.6 million rupees in 1995.</p>
<p>-- Anshuman Daga, Bombay equities desk +91-22-265 9000</p>
</text>
<copyright>(c) Reuters Limited 1997</copyright>
<metadata>
<codes class="bip:countries:1.0">
  <code code="INDIA">
    <editdetail attribution="Reuters BIP Coding Group" action="confirmed" date="1997-03-28"/>
  </code>
</codes>
<codes class="bip:topics:1.0">
  <code code="M11">
    <editdetail attribution="Reuters BIP Coding Group" action="confirmed" date="1997-03-28"/>
  </code>
  <code code="MCAT">
    <editdetail attribution="Reuters BIP Coding Group" action="confirmed" date="1997-03-28"/>
  </code>
</codes>
<dc element="dc.date.created" value="1997-03-28"/>
<dc element="dc.publisher" value="Reuters Holdings Plc"/>
<dc element="dc.date.published" value="1997-03-28"/>
<dc element="dc.source" value="Reuters"/>
<dc element="dc.creator.location" value="BOMBAY"/>
<dc element="dc.creator.location.country.name" value="INDIA"/>
<dc element="dc.source" value="Reuters"/>
</metadata>
</newsitem>
