<?xml version="1.0" encoding="iso-8859-1" ?>
<newsitem itemid="474411" id="root" date="1997-03-28" xml:lang="en">
<title>UNITED NATIONS: U.N. Council readies approval for force for Albania.</title>
<headline>U.N. Council readies approval for force for Albania.</headline>
<byline>Evelyn Leopold</byline>
<dateline>UNITED NATIONS 1997-03-28</dateline>
<text>
<p>The U.N. Security Council may authorise as early as Friday a European-dominated force for Albania to guard deliveries of food and other necessities and help the country recover from violence and near-anarchy.</p>
<p>Council president Zbigniew Wlosowicz of Poland said members were working on a resolution that he believed &quot;would be ready for adoption soon, hopefully for tonight (Friday).&quot;</p>
<p>Several council members, after an informal session, said the vote would probably be taken late on Friday, or if this was not possible, on Saturday.</p>
<p>They said China still had strong reservations about U.N. approval of a regional force and might abstain, while Japan and Sweden wanted more details and precision on the mandate.</p>
<p>Italy, expected to lead and dominate the force, asked the council on Thursday to endorse the operation urgently and meet during the three-day holiday weekend.</p>
<p>Italian Ambassador Paolo Fulci, not a council member, circulated the resolution calling for authorisation for a &quot;temporary and limited multinational force to facilitate the safe and prompt delivery of humanitarian assistance&quot; and to help create a secure environment for that aid. France presented the document, now amended, to the council.</p>
<p>The force would have a three-month mandate.</p>
<p>Albania was swept by violence in January when a string of popular savings schemes collapsed, erasing millions of dollars. Rebels seized the south in March in an armed insurrection, blaming President Sali Berisha for the fiasco and demanding that he quit.</p>
<p>Since then gangs have roamed the south, stealing, looting, killing and creating a food crisis. On Thursday, 17 people died in a gun battle in Levan in central Albania in the country's most violent incident in the last two months.</p>
<p>The Italian proposal follows a Vienna meeting of the Organisation for Security and Cooperation in Europe (OSCE), which agreed to establish a civilian mission for the purpose of &quot;providing advice and assistance&quot; in democratization, the media, human rights and monitoring elections in June.</p>
<p>But the 54-nation body, reflecting divisions among its members, did not authorise foreign police or troops, saying the Security Council needed to give the mission a green light.</p>
<p>Asked why the OSCE was so hesitant, Fulci said, &quot;Only the U.N. Security Council has a mandate for the whole international community. This is why it is important.&quot;</p>
<p>Seven Council members belong to the OSCE -- France, Britain, Russia and the United States, which are permanent members with veto power, as well as Sweden, Portugal and Poland.</p>
<p>Among those which have expressed willingness to send troops are France, Portugal, Spain, Greece, Turkey, Romania and Austria in addition to Italy. Britain, Germany and the United States will not send forces.</p>
<p>Italy has estimated about 2,500 personnel would be deployed initially, with another 2,500 in reserve. Albania wants foreign police or troops to help secure ports, airports, roads and railroads to ensure distribution of relief supplies.</p>
<p>Whether or not the troops guarding Albanian ports would prevent refugees from leaving is not clear.</p>
<p>Many Albanians have sought asylum in Italy, which on Monday decided to turn away boats heading towards southeast Italian ports across the Adriatic, a journey already made by some 12,000 people since March 13.</p>
<p>If authorised, diplomats said the status of the force would be similar to the U.S.-led operation to expel Iraqi troops from Kuwait or France's 1994 intervention. In both cases the United Nations gave the operations international legitimacy without organising the missions.</p>
</text>
<copyright>(c) Reuters Limited 1997</copyright>
<metadata>
<codes class="bip:countries:1.0">
  <code code="ALB">
    <editdetail attribution="Reuters BIP Coding Group" action="confirmed" date="1997-03-28"/>
  </code>
  <code code="UN">
    <editdetail attribution="Reuters BIP Coding Group" action="confirmed" date="1997-03-28"/>
  </code>
</codes>
<codes class="bip:topics:1.0">
  <code code="E51">
    <editdetail attribution="Reuters BIP Coding Group" action="confirmed" date="1997-03-28"/>
  </code>
  <code code="ECAT">
    <editdetail attribution="Reuters BIP Coding Group" action="confirmed" date="1997-03-28"/>
  </code>
  <code code="GCAT">
    <editdetail attribution="Reuters BIP Coding Group" action="confirmed" date="1997-03-28"/>
  </code>
  <code code="GDEF">
    <editdetail attribution="Reuters BIP Coding Group" action="confirmed" date="1997-03-28"/>
  </code>
  <code code="GDIP">
    <editdetail attribution="Reuters BIP Coding Group" action="confirmed" date="1997-03-28"/>
  </code>
  <code code="GVIO">
    <editdetail attribution="Reuters BIP Coding Group" action="confirmed" date="1997-03-28"/>
  </code>
</codes>
<dc element="dc.date.created" value="1997-03-28"/>
<dc element="dc.publisher" value="Reuters Holdings Plc"/>
<dc element="dc.date.published" value="1997-03-28"/>
<dc element="dc.source" value="Reuters"/>
<dc element="dc.creator.location" value="UNITED NATIONS"/>
<dc element="dc.creator.location.country.name" value="UNITED NATIONS"/>
<dc element="dc.source" value="Reuters"/>
</metadata>
</newsitem>
