<?xml version="1.0" encoding="iso-8859-1" ?>
<newsitem itemid="474453" id="root" date="1997-03-28" xml:lang="en">
<title>SRI LANKA: PRESS DIGEST - Sri Lanka Newspapers - March 28.</title>
<headline>PRESS DIGEST - Sri Lanka Newspapers - March 28.</headline>
<text>
<p>Following were the leading stories in the Sri Lankan press on Friday. Reuters has not verified these stories and does not vouch for their accuracy.</p>
<p>---</p>
<p>DAILY NEWS</p>
<p>Sri Lanka's exports to the United kingdom rose by 13 percent in 1996 led by the garment industry.</p>
<p>Government issues special national identity cards to residents of the northern Jaffna area. Military recaptured the area from separatist rebels after almost a decade, in 1996.</p>
<p>---</p>
<p>THE ISLAND</p>
<p>Ruling People's Alliance coalition minister C.V. Gooneratne says action should be taken against cabinet colleague Srimani Athulathmudali who broke ranks and supported an independent candidate at recent local govenrment polls.</p>
<p>---</p>
<p>LANKADEEPA</p>
<p>People in Weliveriya about 10 miles north of Colombo, demonstrate against removal of statue of St. Anthony by unknown persons on Thursday.</p>
<p>---</p>
<p>DIVAINA</p>
<p>Police take steps to catch young man and woman who have been duping Sri Lankan businessmen with counterfeit currency notes.</p>
<p>---</p>
<p>DINAMINA</p>
<p>South Indian fishermen recover body of solider who was aboard Sri Lanka Air Force Mi-24 helicopter which went missing over eatern Mullaitivu earlier this month.</p>
<p>-- Colombo newsroom 941-434319</p>
</text>
<copyright>(c) Reuters Limited 1997</copyright>
<metadata>
<codes class="bip:countries:1.0">
  <code code="SRILAN">
    <editdetail attribution="Reuters BIP Coding Group" action="confirmed" date="1997-03-28"/>
  </code>
</codes>
<codes class="bip:topics:1.0">
  <code code="GCAT">
    <editdetail attribution="Reuters BIP Coding Group" action="confirmed" date="1997-03-28"/>
  </code>
</codes>
<dc element="dc.publisher" value="Reuters Holdings Plc"/>
<dc element="dc.date.published" value="1997-03-28"/>
<dc element="dc.source" value="Reuters"/>
<dc element="dc.creator.location.country.name" value="SRI LANKA"/>
<dc element="dc.source" value="Reuters"/>
</metadata>
</newsitem>
