<?xml version="1.0" encoding="iso-8859-1" ?>
<newsitem itemid="474464" id="root" date="1997-03-28" xml:lang="en">
<title>INDIA: Delhi shares close sharply lower at settlement end.</title>
<headline>Delhi shares close sharply lower at settlement end.</headline>
<dateline>NEW DELHI 1997-03-28</dateline>
<text>
<p>Share prices on the Delhi Stock Exchange closed sharply lower on Friday as investors and speculators squared their positions on the last day of the current settlement period, brokers said.</p>
<p>The bourse's benchmark index closed 11.46 points lower at 769.14 points.  </p>
<p>Traders said the absence of foreign buying, and reluctance of speculators and investors to stake fresh claims ahead of the end of the current financial year on March 31 also pushed share prices lower.</p>
<p>&quot;The business was largely of position-squaring throughout the session as operators were unable to manage funds to take deliveries and were forced to unload their positions,&quot; said S.C. Juneja of brokers Jaico Credit.</p>
<p>ACC plunged 65 rupees to 1,461 on heavy selling by speculators, brokers said.</p>
<p>Reliance Industries fell 4.85 rupees to 286.75 as speculators squared positions, they said.</p>
<p>TISCO lost 5.05 rupees to 178.25.</p>
<p>ITC dropped 10.25 rupees to 397.0.</p>
<p>Larsen and Toubro shed 5.60 rupees to 216.90.</p>
<p>-- New Delhi newsroom +91-11 301 2024</p>
</text>
<copyright>(c) Reuters Limited 1997</copyright>
<metadata>
<codes class="bip:countries:1.0">
  <code code="INDIA">
    <editdetail attribution="Reuters BIP Coding Group" action="confirmed" date="1997-03-28"/>
  </code>
</codes>
<codes class="bip:topics:1.0">
  <code code="M11">
    <editdetail attribution="Reuters BIP Coding Group" action="confirmed" date="1997-03-28"/>
  </code>
  <code code="MCAT">
    <editdetail attribution="Reuters BIP Coding Group" action="confirmed" date="1997-03-28"/>
  </code>
</codes>
<dc element="dc.date.created" value="1997-03-28"/>
<dc element="dc.publisher" value="Reuters Holdings Plc"/>
<dc element="dc.date.published" value="1997-03-28"/>
<dc element="dc.source" value="Reuters"/>
<dc element="dc.creator.location" value="NEW DELHI"/>
<dc element="dc.creator.location.country.name" value="INDIA"/>
<dc element="dc.source" value="Reuters"/>
</metadata>
</newsitem>
