<?xml version="1.0" encoding="iso-8859-1" ?>
<newsitem itemid="474461" id="root" date="1997-03-28" xml:lang="en">
<title>INDIA: Bombay stock exchange relaxes trading norms.</title>
<headline>Bombay stock exchange relaxes trading norms.</headline>
<dateline>BOMBAY 1997-03-28</dateline>
<text>
<p>The Bombay Stock Exchange (BSE) said on Friday it has relaxed the ceiling on outstanding businesses for the least actively traded stocks.</p>
<p>The ceiling on net and gross cumulative outstanding positions in B2 group shares have been raised to 1.0 million rupees and 7.5 million respectively from 750,000 rupees and 5.0 million, the BSE said in a note.</p>
<p>In the case of Bank of Baroda and Dena Bank, two state-run banks listed in the past four months, the BSE has allowed net cumulative positions of 2.0 million rupees subject to the overall gross business of 7.5 million.</p>
<p>The higher limits are effective immediately, it said.</p>
<p>&quot;Keeping in view the improved market conditions, it has been decided to increase the above limits,&quot; the note said.</p>
<p>Net cumulative business is the difference betweem purchases and sales in any one stock by each member-broker. Gross positions are the total of purchases and sales in all stocks taken together by a broker.</p>
<p>The B2 group comprises of shares which are not very actively traded.</p>
<p>--Bombay Newsroom +91-22-265-9000</p>
</text>
<copyright>(c) Reuters Limited 1997</copyright>
<metadata>
<codes class="bip:countries:1.0">
  <code code="INDIA">
    <editdetail attribution="Reuters BIP Coding Group" action="confirmed" date="1997-03-28"/>
  </code>
</codes>
<codes class="bip:industries:1.0">
  <code code="I81402">
    <editdetail attribution="Reuters BIP Coding Group" action="confirmed" date="1997-03-28"/>
  </code>
</codes>
<codes class="bip:topics:1.0">
  <code code="C13">
    <editdetail attribution="Reuters BIP Coding Group" action="confirmed" date="1997-03-28"/>
  </code>
  <code code="CCAT">
    <editdetail attribution="Reuters BIP Coding Group" action="confirmed" date="1997-03-28"/>
  </code>
  <code code="M11">
    <editdetail attribution="Reuters BIP Coding Group" action="confirmed" date="1997-03-28"/>
  </code>
  <code code="MCAT">
    <editdetail attribution="Reuters BIP Coding Group" action="confirmed" date="1997-03-28"/>
  </code>
</codes>
<dc element="dc.date.created" value="1997-03-28"/>
<dc element="dc.publisher" value="Reuters Holdings Plc"/>
<dc element="dc.date.published" value="1997-03-28"/>
<dc element="dc.source" value="Reuters"/>
<dc element="dc.creator.location" value="BOMBAY"/>
<dc element="dc.creator.location.country.name" value="INDIA"/>
<dc element="dc.source" value="Reuters"/>
</metadata>
</newsitem>
