<?xml version="1.0" encoding="iso-8859-1" ?>
<newsitem itemid="474412" id="root" date="1997-03-28" xml:lang="en">
<title>ITALY: Albanian refugee boat capsizes off Italy, 4 dead.</title>
<headline>Albanian refugee boat capsizes off Italy, 4 dead.</headline>
<dateline>BRINDISI, Italy 1997-03-28</dateline>
<text>
<p>An Albanian boat packed with refugees capsized in heavy seas off southern Italy on Friday and at least four people were drowned, Italian officials said.</p>
<p>Colonel Giuseppe Serrano, commander of customs police in the southern Italian port of Brindisi, told Reuters by telephone that he believed two of the dead were children.</p>
<p>He said 30 Albanians had been rescued so far when the boat capsized in international waters 30 miles off the port of Otranto in the heel of Italy.</p>
<p>There were conflicting reports of the number on board, with estimates ranging from 45 to more than 100.</p>
<p>Serrano said four customs police patrol boats had gone to the scene and others were on their way.</p>
<p>No further details were available about the incident, the first involving fatalities since an exodus of Albanian refugees began on March 13.</p>
<p>Serrano said helicopters with spotlights were looking for Italian television said two navy corvettes and a fixed-wing aircraft had also been dispatched.</p>
<p>The Italian news agency ANSA said hospitals in Brindisi had been put on alert.</p>
<p>More than 13,000 Albanians have flooded into Italy in the past two weeks on a flotilla of ancient and rusty boats after rebels in the impoverished Balkan country took control of towns in the south in an armed insurrection.</p>
<p>Italy, concerned that many refugees are simply people looking for a better life abroad rather than genuinely fleeing danger, has ordered its navy to patrol the Adriatic and has advised Albanian boats to turn back.</p>
<p>Coastguards said earlier on Friday that the flow of immigrants seemed to have dried up due to a combination of bad weather and the naval patrols. They said radar had detected only a single boat approaching Brindisi.</p>
<p>Italy has said it will grant temporary sanctuary to genuine refugees but has vowed to repatriate &quot;undesirables&quot;.</p>
<p>Some 1,000 have been sent home since the crisis began, including 250 on Thursday. All had broken the law since arriving in Italy or were believed to be escaped convicts.</p>
</text>
<copyright>(c) Reuters Limited 1997</copyright>
<metadata>
<codes class="bip:countries:1.0">
  <code code="ALB">
    <editdetail attribution="Reuters BIP Coding Group" action="confirmed" date="1997-03-28"/>
  </code>
  <code code="ITALY">
    <editdetail attribution="Reuters BIP Coding Group" action="confirmed" date="1997-03-28"/>
  </code>
</codes>
<codes class="bip:topics:1.0">
  <code code="GCAT">
    <editdetail attribution="Reuters BIP Coding Group" action="confirmed" date="1997-03-28"/>
  </code>
  <code code="GDIS">
    <editdetail attribution="Reuters BIP Coding Group" action="confirmed" date="1997-03-28"/>
  </code>
</codes>
<dc element="dc.date.created" value="1997-03-28"/>
<dc element="dc.publisher" value="Reuters Holdings Plc"/>
<dc element="dc.date.published" value="1997-03-28"/>
<dc element="dc.source" value="Reuters"/>
<dc element="dc.creator.location" value="BRINDISI, Italy"/>
<dc element="dc.creator.location.country.name" value="ITALY"/>
<dc element="dc.source" value="Reuters"/>
</metadata>
</newsitem>
