<?xml version="1.0" encoding="iso-8859-1" ?>
<newsitem itemid="474425" id="root" date="1997-03-28" xml:lang="en">
<title>BELGIUM: Belgacom deal on job cuts worries Belgian gov't.</title>
<headline>Belgacom deal on job cuts worries Belgian gov't.</headline>
<dateline>BRUSSELS 1997-03-28</dateline>
<text>
<p>Belgacom SA, Belgium's partially privatised state telephone company, on Friday said it had reached a landmark deal with unions on job cuts, but the government warned it would scrutinise the agreement closely.</p>
<p>In a statement, Belgacom said it would offer up to 6,500 of its 26,000 workers early retirement from the age of 50, guaranteeing them 75 percent of their last monthly salary until the age of 60 -- the age at which workers are legally allowed to claim early retirement.  </p>
<p>However, Pensions Minister Marcel Colla told a news conference after the government's weekly cabinet meeting that the early retirement plan could set a dangerous precedent and cost the social security system dearly.</p>
<p>&quot;I don't want to create any dangerous precedents in the delicate area of pensions,&quot; he said.</p>
<p>Colla declined to say if the government might use its 51 percent controlling interest in Belgacom to block the move. Belgacom's other shareholders include Ameritech, Singapore Telecom and TeleDanmark.  </p>
<p>&quot;For the moment I have not blocked it. I have done nothing for the simple reason I have not received any official notification of the agreement....I want to react wisely,&quot; Colla said.</p>
<p>The government announced separately on Friday it had approved the transfer of about 496 Belgacom staff working in the areas of television licences and maritime radio to the publicly run telecommunications industry regulator.</p>
</text>
<copyright>(c) Reuters Limited 1997</copyright>
<metadata>
<codes class="bip:countries:1.0">
  <code code="BELG">
    <editdetail attribution="Reuters BIP Coding Group" action="confirmed" date="1997-03-28"/>
  </code>
</codes>
<codes class="bip:industries:1.0">
  <code code="I79020">
    <editdetail attribution="Reuters BIP Coding Group" action="confirmed" date="1997-03-28"/>
  </code>
</codes>
<codes class="bip:topics:1.0">
  <code code="C42">
    <editdetail attribution="Reuters BIP Coding Group" action="confirmed" date="1997-03-28"/>
  </code>
  <code code="CCAT">
    <editdetail attribution="Reuters BIP Coding Group" action="confirmed" date="1997-03-28"/>
  </code>
  <code code="E41">
    <editdetail attribution="Reuters BIP Coding Group" action="confirmed" date="1997-03-28"/>
  </code>
  <code code="ECAT">
    <editdetail attribution="Reuters BIP Coding Group" action="confirmed" date="1997-03-28"/>
  </code>
  <code code="GCAT">
    <editdetail attribution="Reuters BIP Coding Group" action="confirmed" date="1997-03-28"/>
  </code>
  <code code="GJOB">
    <editdetail attribution="Reuters BIP Coding Group" action="confirmed" date="1997-03-28"/>
  </code>
  <code code="GPOL">
    <editdetail attribution="Reuters BIP Coding Group" action="confirmed" date="1997-03-28"/>
  </code>
</codes>
<dc element="dc.date.created" value="1997-03-28"/>
<dc element="dc.publisher" value="Reuters Holdings Plc"/>
<dc element="dc.date.published" value="1997-03-28"/>
<dc element="dc.source" value="Reuters"/>
<dc element="dc.creator.location" value="BRUSSELS"/>
<dc element="dc.creator.location.country.name" value="BELGIUM"/>
<dc element="dc.source" value="Reuters"/>
</metadata>
</newsitem>
