<?xml version="1.0" encoding="iso-8859-1" ?>
<newsitem itemid="474419" id="root" date="1997-03-28" xml:lang="en">
<title>ITALY: Pope leads Good Friday service at Colosseum.</title>
<headline>Pope leads Good Friday service at Colosseum.</headline>
<byline>Philip Pullella</byline>
<dateline>ROME 1997-03-28</dateline>
<text>
<p>A sombre-looking Pope John Paul presided at a Good Friday &quot;Way of the Cross&quot; procession around the ruins of Rome's ancient Colosseum to commemorate Christ's passion and death.</p>
<p>For the third year running the 76-year-old Pope carried a wooden cross only at the start and end of the outdoor, candlelight procession.</p>
<p>The Pope has walked with difficulty since 1994, when he underwent bone replacement surgery and he broke his right thigh in a fall.</p>
<p>Other faithful, ranging from an Armenian archbishop to an Albanian woman, carried the cerimonial cross for 12 of the 14 &quot;stations of the cross&quot; which commemorate events from Christ's betrayal and arrest to his crucifixion and burial.</p>
<p>The Pope appeared in relatively good form throughout the nearly two-hour service and read his homily in a firm voice, although he walked very slowly.</p>
<p>He looked pensive and sombre in the chilly Roman evening as he listened to meditations about Christ's final hours.</p>
<p>In brief remarks after the service, the leader of the world's some 860 million Roman Catholics addressed thousands of faithful from the Palatine hill overlooking the Colosseum, where early Christians were put to death by the Romans.</p>
<p>He told them Christ's passion &quot;in our own day too continues in the pain and suffering of individuals and peoples severely tried by violence and war.&quot;.</p>
<p>&quot;Wherever a person is struck and killed, it is Christ himself who is hurt and crucified,&quot; he said.</p>
<p>At each of the 14 stops in the procession around the inside of the ancient Roman amphitheatre, the Pope appeared to be in deep thought as he listened to reflections written by the patriarch of the Armenian Catholic Church.</p>
<p>&quot;Wars around the world are like thorns in the head of Jesus,&quot; one of the meditations said, referring to the gospel account of how Roman soldiers tortured Christ by imbeding a crown of thorns into his head.</p>
<p>&quot;But look at the contrast. Forgiveness is the answer to torture and the torturer,&quot; another meditation said.</p>
<p>The Pope told the crowd that the Colosseum was a fitting place to re-enact Christ's suffering and death.</p>
<p>&quot;How many of our brothers and sisters in the faith came to share in the cross of Christ during the Roman persecutions,&quot; he said.</p>
<p>Last October the Pope underwent surgery to remove an inflamed appendix, an ailment the Vatican said had caused several bouts of fever which forced him to cancel public engagements during 1996.</p>
<p>It was the latest in a series of health problems.</p>
<p>Good Friday was the second of four hectic days of Holy Week actitivites leading up Easter Sunday.</p>
<p>Earlier on Friday the Pope heard the confessions of 13 ordinary Catholics chosen at random among tourists and pilgrims in St Peter's Basilica.</p>
<p>The Pontiff's Holy Week activities culminate on Easter Sunday when he says mass in St Peter's Square and delivers his twice-yearly &quot;Urbi et Orbi&quot; (to the city and the world) message and blessing.</p>
<p>He is expected to rest at the Papal summer residence at Castelgandolfo, south of Rome, for several days after Easter.</p>
<p>The Pope has six foreign trips planned for this year -- Sarajevo, Prague, Lebanon, his native Poland, Paris and Brazil.</p>
</text>
<copyright>(c) Reuters Limited 1997</copyright>
<metadata>
<codes class="bip:countries:1.0">
  <code code="ITALY">
    <editdetail attribution="Reuters BIP Coding Group" action="confirmed" date="1997-03-28"/>
  </code>
</codes>
<codes class="bip:topics:1.0">
  <code code="GCAT">
    <editdetail attribution="Reuters BIP Coding Group" action="confirmed" date="1997-03-28"/>
  </code>
  <code code="GREL">
    <editdetail attribution="Reuters BIP Coding Group" action="confirmed" date="1997-03-28"/>
  </code>
</codes>
<dc element="dc.date.created" value="1997-03-28"/>
<dc element="dc.publisher" value="Reuters Holdings Plc"/>
<dc element="dc.date.published" value="1997-03-28"/>
<dc element="dc.source" value="Reuters"/>
<dc element="dc.creator.location" value="ROME"/>
<dc element="dc.creator.location.country.name" value="ITALY"/>
<dc element="dc.source" value="Reuters"/>
</metadata>
</newsitem>
