<?xml version="1.0" encoding="iso-8859-1" ?>
<newsitem itemid="474447" id="root" date="1997-03-28" xml:lang="en">
<title>PAKISTAN: Pakistan trims taxes in economic reforms package.</title>
<headline>Pakistan trims taxes in economic reforms package.</headline>
<byline>Raja Asghar</byline>
<dateline>ISLAMABAD 1997-03-28</dateline>
<text>
<p>New Pakistani Prime Minister Nawaz Sharif's government reduced several taxes on Friday in an economic reforms package that it said would form the basis of talks for an International Monetary Fund (IMF) loan.</p>
<p>Finance Minister Sartaj Aziz said in a speech to the National Assembly (lower house) that any potential loss from the cut in taxes and duties, such as general sales tax, personal income tax and import tariffs, would be offset by increasing the tax base and efficient recoveries.</p>
<p>The assembly still must approve the package, which cuts the maximum import tariff to 45 percent from the existing 65 percent, except for automobiles.</p>
<p>It also would reduce the general sales tax (GST) to 12.5 percent from 18 percent, and personal income tax rates to five to 20 percent from 10 to 35 percent.</p>
<p>Aziz also proposed the introduction of a three percent general sales tax (GST) at the retail level from July 1, initially in large cities, after discussing its details with traders, but said food and medicines would be exempted.</p>
<p>The reforms were proposed less than six weeks after Sharif won a landslide election victory and three months before the end of fiscal 1996/97 (July/June), for which former prime minister Benazir Bhutto introduced a tax-packed budget last June.</p>
<p>Sharif is due to unveil an agricultural package on April 3.</p>
<p>Bhutto was sacked in November by President Farooq Leghari on disputed charges of corruption and misrule. But most analysts blamed high taxes, which led to high prices for commodities, for her party's crushing defeat in the February 3 election.</p>
<p>Aziz said the package would form the basis for proposed talks &quot;in the next few weeks&quot; for an Extended Structural Adjustment Facility loan from the IMF, which suspended a standby loan last week after Pakistan failed to meet conditions.</p>
<p>He said the government also aimed to double exports in dollar value in the next three years by strengthening the manufacturing sector and giving incentives to exports.</p>
<p>A central pillar of the economic recovery programme was a strategy of growth led by exports, which amounted to $8.3 billion in fiscal 1995/96, he said. The duty on machinery import would be cut to 10 percent and raw materials for export would be zero-rated.</p>
<p>&quot;By bringing down the general level of tariffs, we hope to improve the relative profitability of investments in export-oriented sectors,&quot; Aziz said.</p>
<p>&quot;Reduction of tariffs on industrial raw materials will stimulate industrial production.&quot;</p>
<p>&quot;Any potential loss of revenues is being compensated for by measures like the introduction of a minimum tariff of 10 percent on imports and by recovering the revenues currently foregone due to the concessionary (orders).</p>
<p>&quot;The overall impact of lower taxes as proposed by the finance minister will be positive on the industry,&quot; Karachi Stock Exchange president Arif Habib said.</p>
<p>He said the cuts in corporate taxes, general sales tax and income taxes would boost company profits.</p>
</text>
<copyright>(c) Reuters Limited 1997</copyright>
<metadata>
<codes class="bip:countries:1.0">
  <code code="PAKIS">
    <editdetail attribution="Reuters BIP Coding Group" action="confirmed" date="1997-03-28"/>
  </code>
</codes>
<codes class="bip:topics:1.0">
  <code code="E21">
    <editdetail attribution="Reuters BIP Coding Group" action="confirmed" date="1997-03-28"/>
  </code>
  <code code="E211">
    <editdetail attribution="Reuters BIP Coding Group" action="confirmed" date="1997-03-28"/>
  </code>
  <code code="E212">
    <editdetail attribution="Reuters BIP Coding Group" action="confirmed" date="1997-03-28"/>
  </code>
  <code code="ECAT">
    <editdetail attribution="Reuters BIP Coding Group" action="confirmed" date="1997-03-28"/>
  </code>
</codes>
<dc element="dc.date.created" value="1997-03-28"/>
<dc element="dc.publisher" value="Reuters Holdings Plc"/>
<dc element="dc.date.published" value="1997-03-28"/>
<dc element="dc.source" value="Reuters"/>
<dc element="dc.creator.location" value="ISLAMABAD"/>
<dc element="dc.creator.location.country.name" value="PAKISTAN"/>
<dc element="dc.source" value="Reuters"/>
</metadata>
</newsitem>
