<?xml version="1.0" encoding="iso-8859-1" ?>
<newsitem itemid="474450" id="root" date="1997-03-28" xml:lang="en">
<title>INDIA: Indian chemicals prices - Delhi - March 28.</title>
<headline>Indian chemicals prices - Delhi - March 28.</headline>
<text>
<p>Rates supplied by Asian News International, New Delhi.</p>
<p>     Time: 281338	   -- Tel: 011 331 2724</p>
<p>					     indicative	    previous</p>
<p>						  open		 close</p>
<p>Chemicals		  (in rupees per 50 kg. unless stated)</p>
<p>----------------------------------------------------------------</p>
<p>Ammonium Bicarb (25 kg)		   265-270		265-270</p>
<p>Soda Ash (75 bag)			   850		    850</p>
<p>Amonium Chloride			    225		    225</p>
<p>Stable Bleaching Powder (25 kg)	 360-380		360-380</p>
<p>Soda Hydro Sulphate(one kg)		72		     72</p>
<p>Boric Acid technical		     1900		    1900</p>
<p>Borax Granular			     1378		    1378</p>
<p>Sodium Nitrite			     1350		    1375</p>
<p>Camphor (one kg)			    185-210</p>
<p>185-210</p>
<p>Oxalic Acid PCPL(red)		    1500		    1500</p>
<p>S.H.M.P. (one kg)			    51-50		   51-50</p>
<p>T.S.P.					 1275		    1260</p>
<p>Glycerine (one kg)			   87			88</p>
<p>Titanium Dioxide  (one kg)		 96			96</p>
<p>Caustic  Soda (50 kg)		     890		     900</p>
<p>Acetic Acid   (one kg)		     21-75		   21-75</p>
<p>Source: Delhi chemicals market traders</p>
<p>To contribute to this daily table of indicative market rates please fax Delhi on 011-332 0841, attention: Subhash  Chopra &amp; Satish Sharma.</p>
</text>
<copyright>(c) Reuters Limited 1997</copyright>
<metadata>
<codes class="bip:countries:1.0">
  <code code="INDIA">
    <editdetail attribution="Reuters BIP Coding Group" action="confirmed" date="1997-03-28"/>
  </code>
</codes>
<codes class="bip:topics:1.0">
  <code code="M14">
    <editdetail attribution="Reuters BIP Coding Group" action="confirmed" date="1997-03-28"/>
  </code>
  <code code="M141">
    <editdetail attribution="Reuters BIP Coding Group" action="confirmed" date="1997-03-28"/>
  </code>
  <code code="MCAT">
    <editdetail attribution="Reuters BIP Coding Group" action="confirmed" date="1997-03-28"/>
  </code>
</codes>
<dc element="dc.publisher" value="Reuters Holdings Plc"/>
<dc element="dc.date.published" value="1997-03-28"/>
<dc element="dc.source" value="Reuters"/>
<dc element="dc.creator.location.country.name" value="INDIA"/>
<dc element="dc.source" value="Reuters"/>
</metadata>
</newsitem>
