<?xml version="1.0" encoding="iso-8859-1" ?>
<newsitem itemid="474407" id="root" date="1997-03-28" xml:lang="en">
<title>USA: Sports reward girls in many ways, US report says.</title>
<headline>Sports reward girls in many ways, US report says.</headline>
<dateline>WASHINGTON 1997-03-28</dateline>
<text>
<p>Early involvement in sports may help girls improve their grades, self-image and physical and mental health, a presidential panel reported Friday.</p>
<p>The President's Council on Physical Fitnesses and Sports said regular physical activity fosters positive feelings about body image, improved self-esteem and increased self-confidence.</p>
<p>&quot;It can also help with academic achievement,&quot; a summary of the report by the Health and Human Services Department said without elaborating.</p>
<p>The report, Physical Activity and Sport in the Lives of Girls, was released as part of a national public education campaign to encourage 9- to 14-year-old girls to make the most of their lives.</p>
</text>
<copyright>(c) Reuters Limited 1997</copyright>
<metadata>
<codes class="bip:countries:1.0">
  <code code="USA">
    <editdetail attribution="Reuters BIP Coding Group" action="confirmed" date="1997-03-28"/>
  </code>
</codes>
<codes class="bip:topics:1.0">
  <code code="GCAT">
    <editdetail attribution="Reuters BIP Coding Group" action="confirmed" date="1997-03-28"/>
  </code>
  <code code="GHEA">
    <editdetail attribution="Reuters BIP Coding Group" action="confirmed" date="1997-03-28"/>
  </code>
</codes>
<dc element="dc.date.created" value="1997-03-28"/>
<dc element="dc.publisher" value="Reuters Holdings Plc"/>
<dc element="dc.date.published" value="1997-03-28"/>
<dc element="dc.source" value="Reuters"/>
<dc element="dc.creator.location" value="WASHINGTON"/>
<dc element="dc.creator.location.country.name" value="USA"/>
<dc element="dc.source" value="Reuters"/>
</metadata>
</newsitem>
