<?xml version="1.0" encoding="iso-8859-1" ?>
<newsitem itemid="474466" id="root" date="1997-03-28" xml:lang="en">
<title>INDIA: India metals steady on low demand, fewer arrivals.</title>
<headline>India metals steady on low demand, fewer arrivals.</headline>
<dateline>BOMBAY 1997-03-28</dateline>
<text>
<p>Indian base metals remained steady in a narrow price band on the local market with low demand from industrial consumers offset by limited arrivals of imported metals which kept prices around previous levels.</p>
<p>Copper was steady at 13,500 rupees per quintal, as was zinc at 7750 rupees and lead at 4,550 rupees in limited activity.</p>
<p>Trading volumes were at low ebb as major players kept to the sidelines, busy with their books of account ahead of the end of fiscal year, which in India concludes on March 31.</p>
<p>Nickel was steady at the reduced level of 37,000 rupees per quintal after losing 100 rupees on Thursday while tin was quiet at 31,600 rupees, as was aluminium at 7,425 rupees.</p>
<p>&quot;Narrow fluctuations and poor activity in world markets due to Good Friday and the upcoming Easter holidays also kept local markets quiet,&quot; said Sharad Parikh, president of Bombay Metal Exchange.</p>
<p>-- Bombay Commodities +91-22-265 9000</p>
</text>
<copyright>(c) Reuters Limited 1997</copyright>
<metadata>
<codes class="bip:countries:1.0">
  <code code="INDIA">
    <editdetail attribution="Reuters BIP Coding Group" action="confirmed" date="1997-03-28"/>
  </code>
</codes>
<codes class="bip:topics:1.0">
  <code code="M14">
    <editdetail attribution="Reuters BIP Coding Group" action="confirmed" date="1997-03-28"/>
  </code>
  <code code="M142">
    <editdetail attribution="Reuters BIP Coding Group" action="confirmed" date="1997-03-28"/>
  </code>
  <code code="MCAT">
    <editdetail attribution="Reuters BIP Coding Group" action="confirmed" date="1997-03-28"/>
  </code>
</codes>
<dc element="dc.date.created" value="1997-03-28"/>
<dc element="dc.publisher" value="Reuters Holdings Plc"/>
<dc element="dc.date.published" value="1997-03-28"/>
<dc element="dc.source" value="Reuters"/>
<dc element="dc.creator.location" value="BOMBAY"/>
<dc element="dc.creator.location.country.name" value="INDIA"/>
<dc element="dc.source" value="Reuters"/>
</metadata>
</newsitem>
