<?xml version="1.0" encoding="iso-8859-1" ?>
<newsitem itemid="474465" id="root" date="1997-03-28" xml:lang="en">
<title>INDIA: India detains Kashmiris before Pakistan talks.</title>
<headline>India detains Kashmiris before Pakistan talks.</headline>
<dateline>NEW DELHI 1997-03-28</dateline>
<text>
<p>Indian police on Friday detained senior leaders of Kashmir's separatist Hurriyat (Freedom) umbrella group hours before Indian and Pakistani diplomats began official talks, witnesses said.</p>
<p>&quot;No Talks on Kashmir without Kashmiris,&quot; said one of the placards carried by supporters of Hurriyat chairman Mirwaiz Omar Farooq and his senior colleagues before they were detained in a New Delhi suburb.  </p>
<p>The All Party Hurriyat Conference (APHC), the umbrella group comprising some 30 separatist organisations, has opposed bilateral talks between India and Pakistan over the disputed Himalayan region.</p>
<p>An APHC statement said its leaders were planning to hold a peaceful demonstration at New Delhi's Hyderabad House, venue of the official talks, when they were arrested.</p>
<p>Pakistan says Kashmir is a &quot;core issue&quot; to be discussed during the four-day talks between the top diplomats of the two countries which have fought two of their three wars since independence from Britain in 1947 over Kashmir.</p>
<p>&quot;The proposed peaceful demonstration...was meant to impress upon the world leadership that the Kashmir issue cannot be solved without the genuine representatives of the people of Jammu and Kashmir,&quot; the APHC statement said.</p>
</text>
<copyright>(c) Reuters Limited 1997</copyright>
<metadata>
<codes class="bip:countries:1.0">
  <code code="INDIA">
    <editdetail attribution="Reuters BIP Coding Group" action="confirmed" date="1997-03-28"/>
  </code>
  <code code="PAKIS">
    <editdetail attribution="Reuters BIP Coding Group" action="confirmed" date="1997-03-28"/>
  </code>
</codes>
<codes class="bip:topics:1.0">
  <code code="GCAT">
    <editdetail attribution="Reuters BIP Coding Group" action="confirmed" date="1997-03-28"/>
  </code>
  <code code="GDIP">
    <editdetail attribution="Reuters BIP Coding Group" action="confirmed" date="1997-03-28"/>
  </code>
</codes>
<dc element="dc.date.created" value="1997-03-28"/>
<dc element="dc.publisher" value="Reuters Holdings Plc"/>
<dc element="dc.date.published" value="1997-03-28"/>
<dc element="dc.source" value="Reuters"/>
<dc element="dc.creator.location" value="NEW DELHI"/>
<dc element="dc.creator.location.country.name" value="INDIA"/>
<dc element="dc.source" value="Reuters"/>
</metadata>
</newsitem>
