<?xml version="1.0" encoding="iso-8859-1" ?>
<newsitem itemid="475997" id="root" date="1997-03-31" xml:lang="en">
<title>USA: NCAA BASKETBALL-SATURDAY NIGHT'S CASUALTIES FINE FOR MONDAY TITLE GAME.</title>
<headline>NCAA BASKETBALL-SATURDAY NIGHT'S CASUALTIES FINE FOR MONDAY TITLE GAME.</headline>
<byline>Gary Hill</byline>
<dateline>INDIANAPOLIS, Indiana 1997-03-30</dateline>
<text>
<p>There were casualties in Saturday night's NCAA semifinal battles but the victors said Sunday that everybody would be ready for Monday's national championship game.</p>
<p>Kentucky's NBA-bound shooting star Ron Mercer had cramps in both calves and a tightening hamstring that cut into both his playing time and jumping ability. He shot just 7-for-21 but still scored a team-high 19 points in the win over Minnesota.</p>
<p>&quot;Right now, I'm fine,&quot; Mercer told reporters Sunday. &quot;Come Monday I don't think we'll have time to feel tired. We have one more game left for the national championship and I don't think anybody is going to feel tired because we know we have to go out and do it.&quot;</p>
<p>&quot;Ron's been playing a lot of minutes,&quot; Kentucky coach Rick Pitino said,&quot; and people have been hitting him, banging him, and he was physically a little whipped last night.&quot;</p>
<p>Mercer needed several leg massages on the sidelines and still played 34 of the 40 minutes Saturday, so his coach was letting him rest up Sunday. But come game day, there would be no mercy.</p>
<p>&quot;Because of all those cramps he got the option to rest, and he should come out really fired up tomorrow, because he rested yesterday,&quot; Pitino said with a smile.</p>
<p>Arizona's useful backup guard Jason Terry played only 20 minutes, his lowest total of the season, and was taken to a hospital for tests and intravenous treatment after he fell during the Wildcats' upset of North Carolina.</p>
<p>&quot;We were going to put him in late in the game,&quot; said Arizona coach Lute Olson. &quot;He had played a lot before that, of course, but when we're protecting a lead, we like getting four perimeter guys in there and that gives us another (ball) handler, gives us another free throw shooter.</p>
<p>&quot;And I called for him to come and Ed Orr, our trainer, said Coach, he can't go. He was feeling very faint and just very, very ill at that point.</p>
<p>&quot;After the game, he was checked. He was dehydrated. He was taken to the hospital. He was put on IVs to take care of the dehydration.</p>
<p>&quot;He's back, he had breakfast with the guys this morning, I understand .... Our trainer said he looked good.</p>
<p>Olson added: &quot;He did leave a deposit in the ambulance on the way to the hospital, so he was a sick puppy last night. But I think he's fine today.&quot;</p>
<p>Kentucky's quiet young point guard Wayne Turner said: &quot;Physically there was a lot of bumping and banging. I was hoping to have some bumps and bruises. If I left the game without bumps and feeling really tired, I would have cheated my team.&quot;</p>
<p>Pitino predicted that Monday's championship game would be more of the same, in view of Kentucky's all-out pressure defence and Arizona's blazing speed: &quot;I think the team standing at the end is going to win this. I think they're going to have to give a lot of their bodies to win this game.&quot;</p>
</text>
<copyright>(c) Reuters Limited 1997</copyright>
<metadata>
<codes class="bip:countries:1.0">
  <code code="USA">
    <editdetail attribution="Reuters BIP Coding Group" action="confirmed" date="1997-03-31"/>
  </code>
</codes>
<codes class="bip:topics:1.0">
  <code code="GCAT">
    <editdetail attribution="Reuters BIP Coding Group" action="confirmed" date="1997-03-31"/>
  </code>
  <code code="GSPO">
    <editdetail attribution="Reuters BIP Coding Group" action="confirmed" date="1997-03-31"/>
  </code>
</codes>
<dc element="dc.date.created" value="1997-03-30"/>
<dc element="dc.publisher" value="Reuters Holdings Plc"/>
<dc element="dc.date.published" value="1997-03-31"/>
<dc element="dc.source" value="Reuters"/>
<dc element="dc.creator.location" value="INDIANAPOLIS, Indiana"/>
<dc element="dc.creator.location.country.name" value="USA"/>
<dc element="dc.source" value="Reuters"/>
</metadata>
</newsitem>
