<?xml version="1.0" encoding="iso-8859-1" ?>
<newsitem itemid="475963" id="root" date="1997-03-31" xml:lang="en">
<title>RUSSIA: SOCCER-RUSSIANS KEEP FAITH AFTER CYPRUS DRAW.</title>
<headline>SOCCER-RUSSIANS KEEP FAITH AFTER CYPRUS DRAW.</headline>
<dateline>MOSCOW 1997-03-31</dateline>
<text>
<p>Russia, held to a 1-1 draw by unfancied Cyprus in a World Cup qualifier, will keep faith with their squad, deputy trainer Yuri Syomin said on Monday.</p>
<p>&quot;It was the sort of slip that happens to every team,&quot; Syomin said. &quot;We're not going to make some sort of tragedy of it.</p>
<p>&quot;We're keeping our eyes on the future. We still have a good chance of finishing first.&quot;</p>
<p>Saturday's result in Cyprus left Russia leading group five by one point from Israel but with Bulgaria, whom Russia play twice this summer, lurking two points behind with a game in hand.</p>
<p>Syomin refused to criticise his Italy-based striking partnership of Igor Kolyvanov and Igor Simutenkov. Reggiana's Simutenkov scored the equaliser after Sinica Gogic gave the injury-hit home side a shock lead in the 31st minute.</p>
<p>But midfielder Alexander Mostovoy's point-blank miss in the dying seconds summed up the Russians' night.</p>
<p>&quot;The team selection was fine,&quot; Syomin said.</p>
<p>The absence of Anatoly Kanishchev, who disappeared before the squad left for Cyprus, may have made some difference, he said.</p>
<p>The Alania Vladikavkaz striker resurfaced at the weekend and insisted he had told the squad doctor he was injured.</p>
<p>Kanishchev told the Sport-Express newspaper he visited his family in southern Russia and could not telephone the squad in Cyprus.</p>
</text>
<copyright>(c) Reuters Limited 1997</copyright>
<metadata>
<codes class="bip:countries:1.0">
  <code code="CYPR">
    <editdetail attribution="Reuters BIP Coding Group" action="confirmed" date="1997-03-31"/>
  </code>
  <code code="RUSS">
    <editdetail attribution="Reuters BIP Coding Group" action="confirmed" date="1997-03-31"/>
  </code>
</codes>
<codes class="bip:topics:1.0">
  <code code="GCAT">
    <editdetail attribution="Reuters BIP Coding Group" action="confirmed" date="1997-03-31"/>
  </code>
  <code code="GSPO">
    <editdetail attribution="Reuters BIP Coding Group" action="confirmed" date="1997-03-31"/>
  </code>
</codes>
<dc element="dc.date.created" value="1997-03-31"/>
<dc element="dc.publisher" value="Reuters Holdings Plc"/>
<dc element="dc.date.published" value="1997-03-31"/>
<dc element="dc.source" value="Reuters"/>
<dc element="dc.creator.location" value="MOSCOW"/>
<dc element="dc.creator.location.country.name" value="RUSSIA"/>
<dc element="dc.source" value="Reuters"/>
</metadata>
</newsitem>
