<?xml version="1.0" encoding="iso-8859-1" ?>
<newsitem itemid="475990" id="root" date="1997-03-31" xml:lang="en">
<title>USA: NBA BASKETBALL-STANDINGS AFTER SUNDAY'S GAMES.</title>
<headline>NBA BASKETBALL-STANDINGS AFTER SUNDAY'S GAMES.</headline>
<dateline>NEW YORK 1997-03-30</dateline>
<text>
<p>Standings of National</p>
<p>Basketball Association teams after games played on Sunday</p>
<p>(tabulate under won, lost, winning percentage, games behind):</p>
<p>		EASTERN CONFERENCE</p>
<p>		ATLANTIC DIVISION</p>
<p>			W    L    PCT  GB</p>
<p> X-MIAMI	   53   18   .746   -</p>
<p> X-NEW YORK	51   21   .708   2 1/2</p>
<p> ORLANDO	   40   31   .563  13</p>
<p> WASHINGTON	36   35   .507  17</p>
<p> NEW JERSEY	23   48   .324  30</p>
<p> PHILADELPHIA    20   50   .286  32 1/2</p>
<p> BOSTON	    13   59   .181  40 1/2</p>
<p>		   CENTRAL DIVISION</p>
<p>			W    L    PCT  GB</p>
<p> Y-CHICAGO	 62    9   .873   -</p>
<p> X-ATLANTA	 50   22   .694  12 1/2</p>
<p> X-DETROIT	 49   22   .690  13</p>
<p> CHARLOTTE	 45   26   .634  17</p>
<p> CLEVELAND	 37   34   .521  25</p>
<p> INDIANA	   35   36   .493  27</p>
<p> MILWAUKEE	 28   43   .394  34</p>
<p> TORONTO	   26   47   .356  37</p>
<p>		   WESTERN CONFERENCE</p>
<p>		    MIDWEST DIVISION</p>
<p>			W    L    PCT  GB</p>
<p> X-UTAH	    54   17   .761   -</p>
<p> X-HOUSTON	 48   23   .676   6</p>
<p> MINNESOTA	 35   37   .486  19 1/2</p>
<p> DALLAS	    22   49   .310  32</p>
<p> DENVER	    20   51   .282  34</p>
<p> SAN ANTONIO     18   53   .254  36</p>
<p> VANCOUVER	 12   62   .162  43 1/2</p>
<p>		  PACIFIC DIVISION</p>
<p>			W    L    PCT  GB</p>
<p> X-SEATTLE	 50   22   .694   -</p>
<p> X-LA LAKERS     48   23   .676   1 1/2</p>
<p> X-PORTLAND	43   30   .589   7 1/2</p>
<p> PHOENIX	   33   39   .458  17</p>
<p> LA CLIPPERS     31   40   .437  18 1/2</p>
<p> SACRAMENTO	29   43   .403  21</p>
<p> GOLDEN STATE    25   46   .352  24 1/2</p>
<p>X -- CLINCHED PLAYOFF BERTH</p>
<p>MONDAY, MARCH 31ST SCHEDULE</p>
<p>NO GAMES SCHEDULED</p>
</text>
<copyright>(c) Reuters Limited 1997</copyright>
<metadata>
<codes class="bip:countries:1.0">
  <code code="USA">
    <editdetail attribution="Reuters BIP Coding Group" action="confirmed" date="1997-03-31"/>
  </code>
</codes>
<codes class="bip:topics:1.0">
  <code code="GCAT">
    <editdetail attribution="Reuters BIP Coding Group" action="confirmed" date="1997-03-31"/>
  </code>
  <code code="GSPO">
    <editdetail attribution="Reuters BIP Coding Group" action="confirmed" date="1997-03-31"/>
  </code>
</codes>
<dc element="dc.date.created" value="1997-03-30"/>
<dc element="dc.publisher" value="Reuters Holdings Plc"/>
<dc element="dc.date.published" value="1997-03-31"/>
<dc element="dc.source" value="Reuters"/>
<dc element="dc.creator.location" value="NEW YORK"/>
<dc element="dc.creator.location.country.name" value="USA"/>
<dc element="dc.source" value="Reuters"/>
</metadata>
</newsitem>
