<?xml version="1.0" encoding="iso-8859-1" ?>
<newsitem itemid="475938" id="root" date="1997-03-31" xml:lang="en">
<title>BELGIUM: CYCLING-WALLOON GRAND PRIX RESULT.</title>
<headline>CYCLING-WALLOON GRAND PRIX RESULT.</headline>
<dateline>NAMUR, Belgium 1997-03-31</dateline>
<text>
<p>Walloon Grand Prix</p>
<p>result on Monday:</p>
<p> 1. Dmitry Konyshev (Russia)	    4 hours 50 minutes</p>
<p> 2. Laurent Madouas (France)	    same time</p>
<p> 3. Davide Casarotto (Italy)	    29 seconds behind</p>
<p> 4. Maarten Den Bakker (Netherlands)  0:57</p>
<p> 5. Chris Peers (Belgium)		 1:00 </p>
<p> 6. Baggio Conte (Italy)		  1:13</p>
<p> 7. Andrea Ferrigato (Italy)	    same time</p>
<p> 8. Hendrik Van Dijck (Belgium)	 1:14</p>
<p> 9. Luc Roosen (Belgium)		  1:15</p>
<p> 10. Bjarne Riis (Denmark)		1:18</p>
<p> 11. Eddy Bouwmans (Netherlands)	1:20</p>
<p> 12. Pavel Padrnos (Czech Republic)   1:25</p>
<p> 13. Andrea Brognara (Italy)	    same time</p>
<p> 14. Benoit Salmon (France)	     2:03</p>
<p> 15. Thierry Marichal (Belgium)	 2:05</p>
<p> 16. Stephane Hennebert (Belgium)     4:25</p>
<p> 17. Alexander Kastenhuber (Germany)  same time</p>
<p> 18. John Van Den Akker (Netherlands) 6:16</p>
<p> 19. Torsten Schmidt (Germany)	  same time</p>
<p> 20. Michel Lafis (Sweden)		same time</p>
</text>
<copyright>(c) Reuters Limited 1997</copyright>
<metadata>
<codes class="bip:countries:1.0">
  <code code="BELG">
    <editdetail attribution="Reuters BIP Coding Group" action="confirmed" date="1997-03-31"/>
  </code>
</codes>
<codes class="bip:topics:1.0">
  <code code="GCAT">
    <editdetail attribution="Reuters BIP Coding Group" action="confirmed" date="1997-03-31"/>
  </code>
  <code code="GSPO">
    <editdetail attribution="Reuters BIP Coding Group" action="confirmed" date="1997-03-31"/>
  </code>
</codes>
<dc element="dc.date.created" value="1997-03-31"/>
<dc element="dc.publisher" value="Reuters Holdings Plc"/>
<dc element="dc.date.published" value="1997-03-31"/>
<dc element="dc.source" value="Reuters"/>
<dc element="dc.creator.location" value="NAMUR, Belgium"/>
<dc element="dc.creator.location.country.name" value="BELGIUM"/>
<dc element="dc.source" value="Reuters"/>
</metadata>
</newsitem>
