<?xml version="1.0" encoding="iso-8859-1" ?>
<newsitem itemid="475951" id="root" date="1997-03-31" xml:lang="en">
<title>UK: GOLF-WORLD RANKINGS.</title>
<headline>GOLF-WORLD RANKINGS.</headline>
<dateline>LONDON 1997-03-31</dateline>
<text>
<p>Leading world golf rankings</p>
<p>issued on Monday (U.S. unless stated)</p>
<p> 1. Greg Norman (Australia)	  10.87 points average</p>
<p> 2. Tom Lehman			    9.62</p>
<p> 3. Colin Montgomerie (Britain)     8.78</p>
<p> 4. Steve Elkington (Australia)     8.52</p>
<p> 5. Mark O'Meara			  8.49</p>
<p> 6. Ernie Els (South Africa)	  8.46</p>
<p> 7. Masashi Ozaki (Japan)	     8.14</p>
<p> 8. Nick Faldo (Britain)		8.05</p>
<p> 9. Phil Mickelson			7.86</p>
<p>10. Nick Price (Zimbabwe)	     7.83</p>
<p>11. Fred Couples			  6.93</p>
<p>12. Scott Hoch			    6.89</p>
<p>13. Davis Love			    6.40</p>
<p>14. Tiger Woods			   6.28</p>
<p>15. Corey Pavin			   5.84</p>
<p>16. Steve Jones			   5.76</p>
<p>17. Steve Stricker			5.47</p>
<p>18. David Duval			   5.40</p>
<p>19. Bernhard Langer (Germany)	 5.33</p>
<p>20. Mark McNulty (Zimbabwe)	   5.18</p>
</text>
<copyright>(c) Reuters Limited 1997</copyright>
<metadata>
<codes class="bip:countries:1.0">
  <code code="AUSTR">
    <editdetail attribution="Reuters BIP Coding Group" action="confirmed" date="1997-03-31"/>
  </code>
  <code code="UK">
    <editdetail attribution="Reuters BIP Coding Group" action="confirmed" date="1997-03-31"/>
  </code>
  <code code="USA">
    <editdetail attribution="Reuters BIP Coding Group" action="confirmed" date="1997-03-31"/>
  </code>
</codes>
<codes class="bip:topics:1.0">
  <code code="GCAT">
    <editdetail attribution="Reuters BIP Coding Group" action="confirmed" date="1997-03-31"/>
  </code>
  <code code="GSPO">
    <editdetail attribution="Reuters BIP Coding Group" action="confirmed" date="1997-03-31"/>
  </code>
</codes>
<dc element="dc.date.created" value="1997-03-31"/>
<dc element="dc.publisher" value="Reuters Holdings Plc"/>
<dc element="dc.date.published" value="1997-03-31"/>
<dc element="dc.source" value="Reuters"/>
<dc element="dc.creator.location" value="LONDON"/>
<dc element="dc.creator.location.country.name" value="UK"/>
<dc element="dc.source" value="Reuters"/>
</metadata>
</newsitem>
