<?xml version="1.0" encoding="iso-8859-1" ?>
<newsitem itemid="475946" id="root" date="1997-03-31" xml:lang="en">
<title>UK: SOCCER-LEAGUE OF WALES RESULTS/STANDINGS.</title>
<headline>SOCCER-LEAGUE OF WALES RESULTS/STANDINGS.</headline>
<dateline>CARDIFF 1997-03-31</dateline>
<text>
<p>Results of League of Wales</p>
<p>soccer matches on Monday:</p>
<p> Caersws		    0 Barry Town		 0</p>
<p> Cwmbran		    1 Flint Town		 2</p>
<p> Ebbw Vale		  3 Caernarfon Town	  1</p>
<p> Holywell		   5 Porthmadog		 0</p>
<p> Inter Cable-Tel	  3 Conwy			0</p>
<p> Llansantffraid	   1 Cemaes Bay		 2</p>
<p> Ton Pentre		 4 Bangor City		3</p>
<p> Welshpool		  0 Aberystwyth		0</p>
<p>    Standings		Pl  W  D  L   F  A  Pts</p>
<p>  1.Barry Town	     32 25  6  1  99  21  81</p>
<p>  2.Inter Cable-Tel	33 22  5  6  66  24  71</p>
<p>  3.Conwy		    36 19  8  9  59  35  65</p>
<p>  4.Caernarfon Town	33 19  8  6  67  52  65</p>
<p>  5.Ebbw Vale		33 19  7  7  71  34  64</p>
<p>  6.Cwmbran		  34 18  6 10  62  47  60</p>
<p>  7.Newtown		  33 18  5 10  59  37  59</p>
<p>  8.Llansantffraid	 33 15 10  8  58  46  55</p>
<p>  9.Bangor City	    33 16  5 12  64  44  53</p>
<p> 10.Porthmadog	     34 15  7 12  50  49  52</p>
<p> 11.Connah's Quay	  35 14  7 14  54  58  49</p>
<p> 12.Flint Town	     33 11  5 17  43  58  38</p>
<p> 13.Cemaes Bay	     34  9 10 15  49  61  37</p>
<p> 14.Ton Pentre	     33 11  2 20  48  66  35</p>
<p> 15.Aberystwyth	    34  9  7 18  50  71  34</p>
<p> 16.Carmarthen Town	35  9  7 19  36  72  34</p>
<p> 17.Caersws		  33  8  7 18  40  68  31</p>
<p> 18.Welshpool		33  7  8 18  37  68  29</p>
<p> 19.Holywell		 32  7  7 18  44  62  28</p>
<p> 20.Rhyl		     32  7  6 19  38  57  27</p>
<p> 21.Briton Ferry	   32  5  1 26  31  95  16</p>
</text>
<copyright>(c) Reuters Limited 1997</copyright>
<metadata>
<codes class="bip:countries:1.0">
  <code code="UK">
    <editdetail attribution="Reuters BIP Coding Group" action="confirmed" date="1997-03-31"/>
  </code>
</codes>
<codes class="bip:topics:1.0">
  <code code="GCAT">
    <editdetail attribution="Reuters BIP Coding Group" action="confirmed" date="1997-03-31"/>
  </code>
  <code code="GSPO">
    <editdetail attribution="Reuters BIP Coding Group" action="confirmed" date="1997-03-31"/>
  </code>
</codes>
<dc element="dc.date.created" value="1997-03-31"/>
<dc element="dc.publisher" value="Reuters Holdings Plc"/>
<dc element="dc.date.published" value="1997-03-31"/>
<dc element="dc.source" value="Reuters"/>
<dc element="dc.creator.location" value="CARDIFF"/>
<dc element="dc.creator.location.country.name" value="UK"/>
<dc element="dc.source" value="Reuters"/>
</metadata>
</newsitem>
