<?xml version="1.0" encoding="iso-8859-1" ?>
<newsitem itemid="475947" id="root" date="1997-03-31" xml:lang="en">
<title>UK: SOCCER-ENGLISH LEAGUE STANDINGS.</title>
<headline>SOCCER-ENGLISH LEAGUE STANDINGS.</headline>
<dateline>LONDON 1997-03-31</dateline>
<text>
<p>English league soccer standings</p>
<p>after Monday's matches:</p>
<p>			    Pl  W  D  L   F  A  Pts</p>
<p>Division one</p>
<p> Bolton		   40 24 12  4  86  48  84</p>
<p> Barnsley		 39 19 13  7  64  44  70</p>
<p> Wolverhampton	  40 19  9 12  57  43  66</p>
<p> Sheffield United     41 18 11 12  69  49  65</p>
<p> Port Vale		41 15 15 11  51  48  60</p>
<p> Crystal Palace	 38 16 11 11  68  39  59</p>
<p> Norwich		  41 16 11 14  59  60  59</p>
<p> Portsmouth	     39 17  8 14  50  43  59</p>
<p> Ipswich		  40 15 13 12  55  49  58</p>
<p> Queens Park Rangers  41 15 12 14  55  55  57</p>
<p> Stoke		    40 16  9 15  46  50  57</p>
<p> Tranmere		 40 15 11 14  54  50  56</p>
<p> Swindon		  41 15  7 19  52  63  52</p>
<p> Oxford		   41 14  9 18  57  59  51</p>
<p> Charlton		 39 14  9 16  46  54  51</p>
<p> Birmingham	     39 13 12 14  43  45  51</p>
<p> Reading		  40 13 11 16  49  57  50</p>
<p> Manchester City	38 14  8 16  48  49  50</p>
<p> Huddersfield	   40 12 12 16  44  56  48</p>
<p> West Bromwich	  40 11 14 15  61  66  47</p>
<p> Bradford		 40 10 11 19  42  64  41</p>
<p> Grimsby		  39  9 12 18  52  71  39</p>
<p> Oldham		   39  9 11 19  44  53  38</p>
<p> Southend		 40  7 13 20  37  74  34</p>
<p>Note: Does not include result of Southend v Portsmouth which</p>
<p>kicks off at 1845 GMT.</p>
<p>Division two</p>
<p> Bury		     38 20 10  8  56  34  70</p>
<p> Brentford		39 18 13  8  54  38  67</p>
<p> Luton		    37 18 10  9  60  39  64</p>
<p> Watford		  38 15 17  6  39  27  62</p>
<p> Stockport		35 17 10  8  50  36  61</p>
<p> Burnley		  39 17  9 13  61  42  60</p>
<p> Millwall		 39 16 11 12  49  47  59</p>
<p> Crewe		    38 18  5 15  48  42  59</p>
<p> Bristol City	   39 16  9 14  56  45  57</p>
<p> Walsall		  38 16  9 13  46  41  57</p>
<p> Blackpool		39 14 14 11  50  40  56</p>
<p> Wrexham		  38 13 17  8  43  41  56</p>
<p> Gillingham	     39 15  8 16  47  52  53</p>
<p> Bournemouth	    40 14 11 15  37  38  53</p>
<p> Chesterfield	   36 14 11 11  33  31  53</p>
<p> Preston		  40 15  6 19  43  51  51</p>
<p> Bristol Rovers	 40 13 11 16  42  43  50</p>
<p> Plymouth		 39 11 14 14  42  52  47</p>
<p> York		     38 11 11 16  40  55  44</p>
<p> Shrewsbury	     40 10 12 18  47  66  42</p>
<p> Wycombe		  39 11  8 20  39  52  41</p>
<p> Peterborough	   40  8 14 18  49  69  38</p>
<p> Rotherham		40  6 13 21  34  59  31</p>
<p> Notts County	   40  5 13 22  27  52  28</p>
<p>Note: Does not include result of Crewe v Preston which kicks</p>
<p>off at 1700 GMT</p>
<p>Division three</p>
<p> Wigan		    41 23  8 10  77  49  77</p>
<p> Carlisle		 40 22 11  7  60  36  77</p>
<p> Fulham		   40 22 10  8  67  36  76</p>
<p> Swansea		  41 20  7 14  56  46  67</p>
<p> Chester		  41 16 15 10  48  39  63</p>
<p> Cardiff		  39 18  6 15  48  46  60</p>
<p> Scarborough	    41 15 14 12  62  63  59</p>
<p> Cambridge		40 17  8 15  50  54  59</p>
<p> Northampton	    40 16 10 14  60  43  58</p>
<p> Colchester	     40 14 16 10  53  45  58</p>
<p> Lincoln		  41 15 11 15  59  64  56</p>
<p> Mansfield		40 14 14 12  42  39  56</p>
<p> Scunthorpe	     39 16  6 17  54  56  54</p>
<p> Hull		     40 12 17 11  38  39  53</p>
<p> Rochdale		 41 11 16 14  49  54  49</p>
<p> Leyton Orient	  41 12 12 17  42  50  48</p>
<p> Torquay		  41 13  9 19  42  53  48</p>
<p> Barnet		   39 11 15 13  37  39  48</p>
<p> Darlington	     40 12 10 18  58  67  46</p>
<p> Exeter		   41 12 10 19  42  58  46</p>
<p> Doncaster		40 12  8 20  43  59  44</p>
<p> Hereford		 41 10 11 20  45  60  41</p>
<p> Hartlepool	     41 11  8 22  42  60  41</p>
<p> Brighton		 40 10  8 22  48  67  36</p>
<p>Note: Brighton deducted 2 points</p>
</text>
<copyright>(c) Reuters Limited 1997</copyright>
<metadata>
<codes class="bip:countries:1.0">
  <code code="UK">
    <editdetail attribution="Reuters BIP Coding Group" action="confirmed" date="1997-03-31"/>
  </code>
</codes>
<codes class="bip:topics:1.0">
  <code code="GCAT">
    <editdetail attribution="Reuters BIP Coding Group" action="confirmed" date="1997-03-31"/>
  </code>
  <code code="GSPO">
    <editdetail attribution="Reuters BIP Coding Group" action="confirmed" date="1997-03-31"/>
  </code>
</codes>
<dc element="dc.date.created" value="1997-03-31"/>
<dc element="dc.publisher" value="Reuters Holdings Plc"/>
<dc element="dc.date.published" value="1997-03-31"/>
<dc element="dc.source" value="Reuters"/>
<dc element="dc.creator.location" value="LONDON"/>
<dc element="dc.creator.location.country.name" value="UK"/>
<dc element="dc.source" value="Reuters"/>
</metadata>
</newsitem>
