<?xml version="1.0" encoding="iso-8859-1" ?>
<newsitem itemid="475982" id="root" date="1997-03-31" xml:lang="en">
<title>CHINA: SOCCER - STANDINGS IN CHINA'S PROFESSIONAL LEAGUE.</title>
<headline>SOCCER - STANDINGS IN CHINA'S PROFESSIONAL LEAGUE.</headline>
<dateline>BEIJING 1997-03-31</dateline>
<text>
<p>Standings after fourth round</p>
<p>matches in China's first division professional soccer league</p>
<p>(tabulate under played, won, drawn, lost, goals for, against and</p>
<p>points):</p>
<p> Dalian Wanda		4    4    0    0    8    1     12</p>
<p> Shanghai Shenhua	  4    2    2    0    8    3	8</p>
<p> Guangzhou Apollo	  4    2    2    0    3    1	8</p>
<p> Qingdao Hainiu	    4    2    1    1    4    2	7</p>
<p> August First		4    1    3    0    3    2	6</p>
<p> Sichuan Quanxin	   4    1    2    1    5    5	5</p>
<p> Beijing Guoan	     4    1    2    1    4    4	5</p>
<p> Tianjin Samsung	   4    1    1    2    2    4	4</p>
<p> Guangdong Hongyuan	4    1    1    2    3    6	4</p>
<p> Jinan Taishan	     4    0    2    2    2    4	2</p>
<p> Vanguard Huandao	  4    0    1    3    2    6	1</p>
<p> Yanbian Aodong	    4    0    1    3    1    6	1</p>
</text>
<copyright>(c) Reuters Limited 1997</copyright>
<metadata>
<codes class="bip:countries:1.0">
  <code code="CHINA">
    <editdetail attribution="Reuters BIP Coding Group" action="confirmed" date="1997-03-31"/>
  </code>
</codes>
<codes class="bip:topics:1.0">
  <code code="GCAT">
    <editdetail attribution="Reuters BIP Coding Group" action="confirmed" date="1997-03-31"/>
  </code>
  <code code="GSPO">
    <editdetail attribution="Reuters BIP Coding Group" action="confirmed" date="1997-03-31"/>
  </code>
</codes>
<dc element="dc.date.created" value="1997-03-31"/>
<dc element="dc.publisher" value="Reuters Holdings Plc"/>
<dc element="dc.date.published" value="1997-03-31"/>
<dc element="dc.source" value="Reuters"/>
<dc element="dc.creator.location" value="BEIJING"/>
<dc element="dc.creator.location.country.name" value="CHINA"/>
<dc element="dc.source" value="Reuters"/>
</metadata>
</newsitem>
