<?xml version="1.0" encoding="iso-8859-1" ?>
<newsitem itemid="475968" id="root" date="1997-03-31" xml:lang="en">
<title>BRAZIL: MOTOR RACING-SCHUMACHER READY FOR THE BRIDGESTONE THREAT.</title>
<headline>MOTOR RACING-SCHUMACHER READY FOR THE BRIDGESTONE THREAT.</headline>
<dateline>SAO PAULO 1997-03-31</dateline>
<text>
<p>Double world champion Michael Schumacher learned on Sunday that his season was again going to be a struggle -- thanks to the Formula One tyre war.</p>
<p>The German Ferrari driver struggled to finish fifth behind the victorious Jacques Villeneuve in the Brazilian Grand Prix, second race of the year.</p>
<p>Schumacher had hoped to lead his Italian team on a championship challenge this year and he made it clear he felt his bid had been undermined by his car's Goodyear tyres, while rivals like Frenchman Olivier Panis and reigning champion Damon Hill were making the most of the new Bridgestone rubber.</p>
<p>The 28-year-old German, champion in 1994 and 1995, said: &quot;I was hoping for better than fifth place. But just as I expected, our tyres did not maintain their performance level over the whole race.</p>
<p>&quot; I had a job getting past Hill as his tyres were still in top condition and this lost me a lot of time and probably cost me at least one or two places.&quot;</p>
<p>Even before the season began, Schumacher was warning former monopoly suppliers Goodyear that they needed to improve the tyres they supplied to the top teams if they were to resist the challenge from the newly-entered Japanese company Bridgestone.</p>
<p>On Sunday his warnings proved to be correct. Although Villeneuve dominated the twice-started race in his Goodyear-shod Williams, it was the performances of Panis, in a Bridgestone-tyred Prost, and Hill, in his much improved Arrows using Bridgestone rubber, which were most notable.</p>
<p>Panis, fifth in the first race of the season in Australia, finished third to score the Prost team and Bridgestone's first podium finish, while Hill, after running as high as fourth in a car which was abysmal in Melbourne, eventually retired with a blown Yamaha engine.</p>
<p>&quot;The tyres were fantastic,&quot; Panis said. &quot;It will not be long before we can win a race with them.&quot;</p>
<p>Hill's team also praised the Bridgestone tyres. Team manager John Walton said: &quot;I think we could have gone the distance with these tyres and scored a good finish if it had not been for other problems.&quot;</p>
<p>Villeneuve's victory, however, proved that the Canadian had the ability to produce strong racing even when things were tough and he was not running on the best tyres.</p>
<p>He overcame the problems of two poor starts from pole position to lead and control the race and resisted heavy pressure from Austrian Gerhard Berger in a Benetton to hang on and win.</p>
<p>It was his first victory of the season and the fifth of his career and put him level top of the drivers' championship after two of this year's 17 races. But it was a bad day for his new team mate, German Heinz-Harald Frentzen, who finished ninth.</p>
<p>&quot;He had a lot of problems this weekend and we need to sit down and sort them out,&quot; Williams team technical director Patrick Head said. &quot;There is some talking to be done.&quot;</p>
<p>Given Hill's strong showing, the Williams team may be wondering if they made the right decision in dropping the world champion last year and bringing in the relatively inexperienced Frentzen to replace him.</p>
<p>Frentzen clearly needs to produce a top-level performance for the third round of the series in Argentina on April 13 if he is to secure his future with the defending constructors' champions -- and improved tyres from Goodyear would certainly help.</p>
</text>
<copyright>(c) Reuters Limited 1997</copyright>
<metadata>
<codes class="bip:countries:1.0">
  <code code="BRAZ">
    <editdetail attribution="Reuters BIP Coding Group" action="confirmed" date="1997-03-31"/>
  </code>
  <code code="GFR">
    <editdetail attribution="Reuters BIP Coding Group" action="confirmed" date="1997-03-31"/>
  </code>
</codes>
<codes class="bip:topics:1.0">
  <code code="GCAT">
    <editdetail attribution="Reuters BIP Coding Group" action="confirmed" date="1997-03-31"/>
  </code>
  <code code="GSPO">
    <editdetail attribution="Reuters BIP Coding Group" action="confirmed" date="1997-03-31"/>
  </code>
</codes>
<dc element="dc.date.created" value="1997-03-31"/>
<dc element="dc.publisher" value="Reuters Holdings Plc"/>
<dc element="dc.date.published" value="1997-03-31"/>
<dc element="dc.source" value="Reuters"/>
<dc element="dc.creator.location" value="SAO PAULO"/>
<dc element="dc.creator.location.country.name" value="BRAZIL"/>
<dc element="dc.source" value="Reuters"/>
</metadata>
</newsitem>
