<?xml version="1.0" encoding="iso-8859-1" ?>
<newsitem itemid="475983" id="root" date="1997-03-31" xml:lang="en">
<title>CHINA: RESULTS OF FOURTH ROUND OF CHINA SOCCER LEAGUE.</title>
<headline>RESULTS OF FOURTH ROUND OF CHINA SOCCER LEAGUE.</headline>
<dateline>BEIJING 1997-03-31</dateline>
<text>
<p>Results of the fourth round of</p>
<p>China's professional soccer league played on Sunday:</p>
<p> Dalian Wanda	 3   Sichuan Quanxin    1</p>
<p> Beijing Guoan	1   August First	 1</p>
<p> Jilin Aodong	 0   Guangdong Hongyuan 0</p>
<p> Guangzhou Apollo   2   Vanguard Huandao   1</p>
<p> Jinan Taishan	1   Shanghai Shenhua   1</p>
<p> Tianjin Samsung    1   Qingdao Hainiu     0</p>
</text>
<copyright>(c) Reuters Limited 1997</copyright>
<metadata>
<codes class="bip:countries:1.0">
  <code code="CHINA">
    <editdetail attribution="Reuters BIP Coding Group" action="confirmed" date="1997-03-31"/>
  </code>
</codes>
<codes class="bip:topics:1.0">
  <code code="GCAT">
    <editdetail attribution="Reuters BIP Coding Group" action="confirmed" date="1997-03-31"/>
  </code>
  <code code="GSPO">
    <editdetail attribution="Reuters BIP Coding Group" action="confirmed" date="1997-03-31"/>
  </code>
</codes>
<dc element="dc.date.created" value="1997-03-31"/>
<dc element="dc.publisher" value="Reuters Holdings Plc"/>
<dc element="dc.date.published" value="1997-03-31"/>
<dc element="dc.source" value="Reuters"/>
<dc element="dc.creator.location" value="BEIJING"/>
<dc element="dc.creator.location.country.name" value="CHINA"/>
<dc element="dc.source" value="Reuters"/>
</metadata>
</newsitem>
