<?xml version="1.0" encoding="iso-8859-1" ?>
<newsitem itemid="475971" id="root" date="1997-03-31" xml:lang="en">
<title>BARBADOS: CRICKET-INDIA SET FOR VICTORY AFTER WEST INDIES CRASH.</title>
<headline>CRICKET-INDIA SET FOR VICTORY AFTER WEST INDIES CRASH.</headline>
<dateline>BRIDGETOWN, Barbados 1997-03-30</dateline>
<text>
<p>India were poised to claim only their third win in 31 tests in the Caribbean after their seam bowlers routed the West Indies batsmen during the third day of the third test on Sunday.</p>
<p>The West Indies were bowled out for a meagre 140 in their second innings, their lowest score ever against India, to leave the tourists needing 120 to win in their second innings with two full days left.</p>
<p>At the close, India, who earlier in the day were bowled out in their first innings for 319 in reply to West Indies'first innings 298, were two without loss. Navjot Sidhu was not out two and Vangipurrapu Laxman was still to get off the mark.</p>
<p>Abey Kuruvilla, a tall, gangling fast bowler in only his third test, was India's hero with career-best figures of five for 68 off 21 overs.</p>
<p>Kuruvilla was given admirable support from Venkatesh Prasad, whose three for 39 off 18 overs gave him match figures of eight for 121, the best match haul by an Indian in six tests at the Kensington Oval.</p>
<p>Dodda Ganesh chipped in with two for 28 off six overs as only stand-in West Indies captain Brian Lara, with 45, made more than 25 runs.</p>
<p>The West Indies' total, eleven runs short of the 151 they managed at Madras during the 1978-79 series, would have been even lower but for a last wicket stand of 33 runs between fast bowlers Mervyn Dillon (21) and Curtly Ambrose (18 not out).</p>
<p>Earlier in the day the West Indies had done well in reducing India from 249 for three overnight to 319 all out, capturing the last four wickets for 29 runs and restricting India's first innings lead to 21 runs.</p>
<p>India lost the wickets of Saurav Ganguly (22), Rahul Dravid (78) and Nayan Mongia (one) in the first session for the addition of only 41 runs as the West Indies bowlers dominated.</p>
<p>Dravid, who was bowled by fast bowler Ian Bishop, batted for six hours and 12 minutes, faced 243 balls and struck eight fours.</p>
<p>In the third over after lunch, former captain Mohammad Azharuddin, who struggled for two hours in scoring 17, was caught by wicketkeeper Courtney Browne off fast bowler Franklyn Rose.</p>
<p>In the next over, Curtly Ambrose bowled Kuruvilla for nought to leave India on 296 for eight. Rose wrapped up the innings to end with 4-77 as the home team appeared to be back in with a shout.</p>
<p>In fact, the West Indies' problems were just begining. They quickly lost opener Stuart Williams (0) and first innings century-maker Shivnarine Chanderpaul (3) in reaching on 31 for two at tea.</p>
<p>After the break, the wickets of Sherwin Campbell (18), Carl Hooper (4), Lara, Courtney Browne (1), Roland Holder (13) and Bishop (6) tumbled in quick succession as the West Indies collapsed to 95 for eight.</p>
<p>Prasad captured the key wicket of Lara, who after facing 67 balls in 104 minutes, edged an outswinger to Azharuddin at second slip.</p>
</text>
<copyright>(c) Reuters Limited 1997</copyright>
<metadata>
<codes class="bip:countries:1.0">
  <code code="BARB">
    <editdetail attribution="Reuters BIP Coding Group" action="confirmed" date="1997-03-31"/>
  </code>
  <code code="INDIA">
    <editdetail attribution="Reuters BIP Coding Group" action="confirmed" date="1997-03-31"/>
  </code>
</codes>
<codes class="bip:topics:1.0">
  <code code="GCAT">
    <editdetail attribution="Reuters BIP Coding Group" action="confirmed" date="1997-03-31"/>
  </code>
  <code code="GSPO">
    <editdetail attribution="Reuters BIP Coding Group" action="confirmed" date="1997-03-31"/>
  </code>
</codes>
<dc element="dc.date.created" value="1997-03-30"/>
<dc element="dc.publisher" value="Reuters Holdings Plc"/>
<dc element="dc.date.published" value="1997-03-31"/>
<dc element="dc.source" value="Reuters"/>
<dc element="dc.creator.location" value="BRIDGETOWN, Barbados"/>
<dc element="dc.creator.location.country.name" value="BARBADOS"/>
<dc element="dc.source" value="Reuters"/>
</metadata>
</newsitem>
