<?xml version="1.0" encoding="iso-8859-1" ?>
<newsitem itemid="475991" id="root" date="1997-03-31" xml:lang="en">
<title>USA: NBA BASKETBALL-SUNDAY'S RESULTS.</title>
<headline>NBA BASKETBALL-SUNDAY'S RESULTS.</headline>
<dateline>NEW YORK 1997-03-30</dateline>
<text>
<p>Results of National</p>
<p>Basketball Association games on Sunday (home team in CAPS):</p>
<p> New York	  101  ORLANDO	   86</p>
<p> TORONTO	   102  Miami	     97</p>
<p> INDIANA	   103  La Clippers     96 (OT)</p>
<p> CLEVELAND	  84  Dallas	    80</p>
<p> Philadelphia     96  DETROIT	   92</p>
<p> Minnesota	 113  GOLDEN STATE   102</p>
<p> DENVER	     99  Milwaukee	 97</p>
<p> PHOENIX	   107  Seattle	  106</p>
</text>
<copyright>(c) Reuters Limited 1997</copyright>
<metadata>
<codes class="bip:countries:1.0">
  <code code="CANA">
    <editdetail attribution="Reuters BIP Coding Group" action="confirmed" date="1997-03-31"/>
  </code>
  <code code="USA">
    <editdetail attribution="Reuters BIP Coding Group" action="confirmed" date="1997-03-31"/>
  </code>
</codes>
<codes class="bip:topics:1.0">
  <code code="GCAT">
    <editdetail attribution="Reuters BIP Coding Group" action="confirmed" date="1997-03-31"/>
  </code>
  <code code="GSPO">
    <editdetail attribution="Reuters BIP Coding Group" action="confirmed" date="1997-03-31"/>
  </code>
</codes>
<dc element="dc.date.created" value="1997-03-30"/>
<dc element="dc.publisher" value="Reuters Holdings Plc"/>
<dc element="dc.date.published" value="1997-03-31"/>
<dc element="dc.source" value="Reuters"/>
<dc element="dc.creator.location" value="NEW YORK"/>
<dc element="dc.creator.location.country.name" value="USA"/>
<dc element="dc.source" value="Reuters"/>
</metadata>
</newsitem>
