<?xml version="1.0" encoding="iso-8859-1" ?>
<newsitem itemid="475942" id="root" date="1997-03-31" xml:lang="en">
<title>USA: LPGA GOLF-KING WINS DINAH SHORE BY TWO STROKES OVER TSCHETTER.</title>
<headline>LPGA GOLF-KING WINS DINAH SHORE BY TWO STROKES OVER TSCHETTER.</headline>
<dateline>RANCHO MIRAGE, California 1997-03-30</dateline>
<text>
<p>Betsy King methodically wore down the competition to win the Nabisco Dinah Shore for the third time in her 20-year career on Sunday.</p>
<p>King closed with a final-round, one-under-par 71 at Mission Hills Country Club to finish at 12-under par 276, two strokes ahead of Kris Tschetter.</p>
<p>Kelly Robbins, who was three strokes ahead of King with eight holes to play, played the back nine in four-over-par 40 and fell to third place, three strokes behind King.</p>
<p>&quot;When I was down three, I thought I was not going to win the tournament,&quot; said King, who earned $135,000. &quot;I figured Kelly was going to win. I was watching what was happening to Kris (Tschetter) and Amy (Fruhwirth) to see what I needed to do to finish second.&quot;</p>
<p>Robbins bogeyed the 12th and 13th holes, then lost the lead at 14, when King made a 15-foot birdie putt. Robbins doubled-bogeyed the par-4 15th hole to fall from contention.</p>
<p>The victory was the 31st of King's career, but her first since winning the ShopRite LPGA Classic in 1995. It was the sixth major championship of a career that has landed her in the LPGA Hall of Fame.</p>
<p>&quot;Once in a while the old guard can still do it,&quot; said King, 41. &quot;I'm just trying to get back to where I was. I'm definitely hitting the ball better. I feel like I can play again.&quot;</p>
<p>Robbins' bid to win a second major championship ended with the double-bogey. She muffed a chip from the back of the green, the ball barely reaching the putting surface. Then she badly misread her par putt and missed her bogey putt coming back.</p>
<p>&quot;Half of the round was pretty good,&quot; Robbins said. &quot;When I hit it back in a couple of spots it got the best of me. You never like to finish that way.&quot;</p>
</text>
<copyright>(c) Reuters Limited 1997</copyright>
<metadata>
<codes class="bip:countries:1.0">
  <code code="USA">
    <editdetail attribution="Reuters BIP Coding Group" action="confirmed" date="1997-03-31"/>
  </code>
</codes>
<codes class="bip:topics:1.0">
  <code code="GCAT">
    <editdetail attribution="Reuters BIP Coding Group" action="confirmed" date="1997-03-31"/>
  </code>
  <code code="GSPO">
    <editdetail attribution="Reuters BIP Coding Group" action="confirmed" date="1997-03-31"/>
  </code>
</codes>
<dc element="dc.date.created" value="1997-03-30"/>
<dc element="dc.publisher" value="Reuters Holdings Plc"/>
<dc element="dc.date.published" value="1997-03-31"/>
<dc element="dc.source" value="Reuters"/>
<dc element="dc.creator.location" value="RANCHO MIRAGE, California"/>
<dc element="dc.creator.location.country.name" value="USA"/>
<dc element="dc.source" value="Reuters"/>
</metadata>
</newsitem>
