<?xml version="1.0" encoding="iso-8859-1" ?>
<newsitem itemid="475939" id="root" date="1997-03-31" xml:lang="en">
<title>BARBADOS: CRICKET-INDIA COLLAPSE CHASING ONLY 120 TO WIN.</title>
<headline>CRICKET-INDIA COLLAPSE CHASING ONLY 120 TO WIN.</headline>
<dateline>BRIDGETOWN, Barbados 1997-03-31</dateline>
<text>
<p>West Indies were on the verge of a remarkable victory on the fourth day of the third test on Monday as India, chasing just 120, were reduced to 62 for seven at lunch.</p>
<p>The pace trio of Franklyn Rose, Curtly Ambrose and Ian Bishop ripped through the Indian batting to leave the tourists still needing 58 runs. Wicket-keeper Nayan Mongia, on three, and fast bowler Dodda Ganesh, 2, were at the crease.</p>
<p>Rose has so far captured three for 19 off nine overs. Ambrose has two for 28 off 10 overs and Bishop two for 15 in seven.</p>
<p>West Indies had been dismissed for 140, leaving India two days to reach the target and claim just their third win in 31 tests in the Caribbean.</p>
</text>
<copyright>(c) Reuters Limited 1997</copyright>
<metadata>
<codes class="bip:countries:1.0">
  <code code="BARB">
    <editdetail attribution="Reuters BIP Coding Group" action="confirmed" date="1997-03-31"/>
  </code>
  <code code="INDIA">
    <editdetail attribution="Reuters BIP Coding Group" action="confirmed" date="1997-03-31"/>
  </code>
</codes>
<codes class="bip:topics:1.0">
  <code code="GCAT">
    <editdetail attribution="Reuters BIP Coding Group" action="confirmed" date="1997-03-31"/>
  </code>
  <code code="GSPO">
    <editdetail attribution="Reuters BIP Coding Group" action="confirmed" date="1997-03-31"/>
  </code>
</codes>
<dc element="dc.date.created" value="1997-03-31"/>
<dc element="dc.publisher" value="Reuters Holdings Plc"/>
<dc element="dc.date.published" value="1997-03-31"/>
<dc element="dc.source" value="Reuters"/>
<dc element="dc.creator.location" value="BRIDGETOWN, Barbados"/>
<dc element="dc.creator.location.country.name" value="BARBADOS"/>
<dc element="dc.source" value="Reuters"/>
</metadata>
</newsitem>
