<?xml version="1.0" encoding="iso-8859-1" ?>
<newsitem itemid="475976" id="root" date="1997-03-31" xml:lang="en">
<title>AUSTRALIA: AUSTRALIAN RULES-AFL RESULTS AND STANDINGS.</title>
<headline>AUSTRALIAN RULES-AFL RESULTS AND STANDINGS.</headline>
<dateline>MELBOURNE 1997-03-31</dateline>
<text>
<p>Results of Australian</p>
<p>Football League matches.</p>
<p>Played Monday:</p>
<p> Essendon    16.10  (106)  Carlton	     15.9    (99)</p>
<p>Played Sunday:</p>
<p> Richmond    15.14  (104)  Geelong	     13.17   (95)</p>
<p> Adelaide    20.12  (132)  Brisbane	    14.12   (96)</p>
<p>Played Saturday:</p>
<p> West Coast  12.6    (78)  Sydney		 5.7    (37)</p>
<p> Hawthorn    11.11   (77)  St Kilda	    10.11   (71)</p>
<p> Fremantle   10.20   (80)  Western Bulldogs  10.6    (76)</p>
<p> Collingwood 26.10  (166)  Port Adelaide     13.9    (87)</p>
<p>Played Thursday:</p>
<p> Melbourne   10.10   (70)  North Melbourne    7.13   (55)</p>
<p>Standings (tabulate under played, won, lost, drawn, points</p>
<p>for, against, percentage, total points):</p>
<p> West Coast	  1   1   0   0     78    37   210.8     4</p>
<p> Collingwood	 1   1   0   0    166    87   190.8     4</p>
<p> Adelaide	    1   1   0   0    132    96   137.5     4</p>
<p> Melbourne	   1   1   0   0     70    55   127.3     4</p>
<p> Richmond	    1   1   0   0    104    95   109.5     4</p>
<p> Hawthorn	    1   1   0   0     77    71   108.5     4</p>
<p> Essendon	    1   1   0   0    106    99   107.1     4</p>
<p> Fremantle	   1   1   0   0     80    76   105.3     4</p>
<p> Western Bulldogs  1   0   0   1     76    80    95.0     0</p>
<p> Carlton	     1   0   0   1     99   106    93.4     0</p>
<p> St Kilda	    1   0   0   1     71    77    92.2     0</p>
<p> Geelong	     1   0   0   1     95   104    91.3     0</p>
<p> North Melbourne   1   0   0   1     55    70    78.6     0</p>
<p> Brisbane	    1   0   0   1     96   132    72.7     0</p>
<p> Port Adelaide     1   0   0   1     87   166    52.4     0</p>
<p> Sydney		1   0   0   1     37    78    47.4     0</p>
</text>
<copyright>(c) Reuters Limited 1997</copyright>
<metadata>
<codes class="bip:countries:1.0">
  <code code="AUSTR">
    <editdetail attribution="Reuters BIP Coding Group" action="confirmed" date="1997-03-31"/>
  </code>
  <code code="USA">
    <editdetail attribution="Reuters BIP Coding Group" action="confirmed" date="1997-03-31"/>
  </code>
</codes>
<codes class="bip:topics:1.0">
  <code code="GCAT">
    <editdetail attribution="Reuters BIP Coding Group" action="confirmed" date="1997-03-31"/>
  </code>
  <code code="GSPO">
    <editdetail attribution="Reuters BIP Coding Group" action="confirmed" date="1997-03-31"/>
  </code>
</codes>
<dc element="dc.date.created" value="1997-03-31"/>
<dc element="dc.publisher" value="Reuters Holdings Plc"/>
<dc element="dc.date.published" value="1997-03-31"/>
<dc element="dc.source" value="Reuters"/>
<dc element="dc.creator.location" value="MELBOURNE"/>
<dc element="dc.creator.location.country.name" value="AUSTRALIA"/>
<dc element="dc.source" value="Reuters"/>
</metadata>
</newsitem>
