<?xml version="1.0" encoding="iso-8859-1" ?>
<newsitem itemid="475999" id="root" date="1997-03-31" xml:lang="en">
<title>SPAIN: SOCCER-ATLETICO HANG ON FOR VALUABLE WIN.</title>
<headline>SOCCER-ATLETICO HANG ON FOR VALUABLE WIN.</headline>
<dateline>MADRID 1997-03-31</dateline>
<text>
<p>Atletico Madrid maintained their slim hopes of taking Spain's second European Cup place by hanging on for a 2-1 home victory over Sporting Gijon on Monday.</p>
<p>The title-holders stayed fifth with a game in hand, five points behind Deportivo Coruna and eight behind Barcelona and Real Betis.</p>
<p>Atletico dominated the first half and went ahead with goals from Spanish internationals Jose Luis Caminero and Kiko Narvaez before David Cano struck back as Sporting took control after the break.</p>
</text>
<copyright>(c) Reuters Limited 1997</copyright>
<metadata>
<codes class="bip:countries:1.0">
  <code code="SPAIN">
    <editdetail attribution="Reuters BIP Coding Group" action="confirmed" date="1997-03-31"/>
  </code>
</codes>
<codes class="bip:topics:1.0">
  <code code="GCAT">
    <editdetail attribution="Reuters BIP Coding Group" action="confirmed" date="1997-03-31"/>
  </code>
  <code code="GSPO">
    <editdetail attribution="Reuters BIP Coding Group" action="confirmed" date="1997-03-31"/>
  </code>
</codes>
<dc element="dc.date.created" value="1997-03-31"/>
<dc element="dc.publisher" value="Reuters Holdings Plc"/>
<dc element="dc.date.published" value="1997-03-31"/>
<dc element="dc.source" value="Reuters"/>
<dc element="dc.creator.location" value="MADRID"/>
<dc element="dc.creator.location.country.name" value="SPAIN"/>
<dc element="dc.source" value="Reuters"/>
</metadata>
</newsitem>
