<?xml version="1.0" encoding="iso-8859-1" ?>
<newsitem itemid="475948" id="root" date="1997-03-31" xml:lang="en">
<title>UK: SOCCER-ENGLISH LEAGUE RESULTS.</title>
<headline>SOCCER-ENGLISH LEAGUE RESULTS.</headline>
<dateline>LONDON 1997-03-31</dateline>
<text>
<p>Results of English league soccer</p>
<p>matches on Monday:</p>
<p>Division one</p>
<p> Birmingham		0 Charlton	    0</p>
<p> Bradford		  1 Stoke		 0</p>
<p> Grimsby		   2 Ipswich	     1</p>
<p> Huddersfield	    2 Sheffield United  1</p>
<p> Norwich		   1 Oxford		1</p>
<p> Oldham		    5 Swindon	     1</p>
<p> Port Vale		 2 Tranmere	    1</p>
<p> Queens Park Rangers   2 Wolverhampton     2</p>
<p> Reading		   1 Barnsley	    2</p>
<p> Southend		  v Portsmouth	kickoff 1845 GMT</p>
<p> West Bromwich	   v Crystal Palace  postponed</p>
<p>Division two</p>
<p> Blackpool		 4 Rotherham	   1</p>
<p> Bristol Rovers	  2 Wrexham	     0</p>
<p> Bury			2 Wycombe	     0</p>
<p> Crewe		     v Preston	   kickoff 1700 GMT</p>
<p> Gillingham		1 Brentford	   2</p>
<p> Notts County	    0 Peterborough	0</p>
<p> Plymouth		  0 Watford	     0</p>
<p>Division three</p>
<p> Cambridge		 1 Lincoln	     3</p>
<p> Colchester		0 Darlington	  3</p>
<p> Doncaster		 1 Exeter		2</p>
<p> Fulham		    1 Rochdale	    1</p>
<p> Hull			1 Hereford	    1</p>
<p> Leyton Orient	   2 Carlisle	    1</p>
<p> Mansfield		 1 Hartlepool	  0</p>
<p> Scarborough	     3 Scunthorpe	  2</p>
<p> Swansea		   2 Chester	     1</p>
<p> Torquay		   1 Northampton	 2</p>
<p> Wigan		     0 Cardiff	     1</p>
</text>
<copyright>(c) Reuters Limited 1997</copyright>
<metadata>
<codes class="bip:countries:1.0">
  <code code="UK">
    <editdetail attribution="Reuters BIP Coding Group" action="confirmed" date="1997-03-31"/>
  </code>
</codes>
<codes class="bip:topics:1.0">
  <code code="GCAT">
    <editdetail attribution="Reuters BIP Coding Group" action="confirmed" date="1997-03-31"/>
  </code>
  <code code="GSPO">
    <editdetail attribution="Reuters BIP Coding Group" action="confirmed" date="1997-03-31"/>
  </code>
</codes>
<dc element="dc.date.created" value="1997-03-31"/>
<dc element="dc.publisher" value="Reuters Holdings Plc"/>
<dc element="dc.date.published" value="1997-03-31"/>
<dc element="dc.source" value="Reuters"/>
<dc element="dc.creator.location" value="LONDON"/>
<dc element="dc.creator.location.country.name" value="UK"/>
<dc element="dc.source" value="Reuters"/>
</metadata>
</newsitem>
