<?xml version="1.0" encoding="iso-8859-1" ?>
<newsitem itemid="475943" id="root" date="1997-03-31" xml:lang="en">
<title>USA: GOLF-ELKINGTON ROMPS TO SEVEN-SHOT VICTORY IN FLORIDA.</title>
<headline>GOLF-ELKINGTON ROMPS TO SEVEN-SHOT VICTORY IN FLORIDA.</headline>
<dateline>PONTE VEDRA BEACH, Florida 1997-03-30</dateline>
<text>
<p>Steve Elkington birdied the first four holes on the first day and never looked back, beating the best field in PGA history to win the Players Championship by a record seven strokes Sunday.</p>
<p>Elkington, who won here in 1991, shot a 3-under-par 69 -- his fourth straight round in the 60s -- and finished at 16-under 272, seven shots in front of Scott Hoch.</p>
<p>Elkington won $630,000.</p>
<p>Loren Roberts shot a final-round 69 and was third at 8-under 280, one shot better than Brad Faxon, who carded a 70. Billy Andrade struggled to a 74 and was fifth at 282, just in front of 1996 Player of the Year Tom Lehman, who had a 72.</p>
<p>&quot;I basically blew away the best field we've ever had, and it's something I didn't know I was capable of. It was an unbelievable day for me. Leading this tournament wire to wire was the most difficult thing I've done in golf,&quot; Elkington said.</p>
<p>The 1995 PGA Championship winner vaulted past Mark O'Meara to the top of the money list with $984,400 in just four events. He won the Doral Open three weeks ago and joined O'Meara as the only multiple winners on Tour this year.</p>
<p>While Elkington won a lot of money, Davis Love III gave away more than $105,000. Love would have finished tied for seventh had he not signed an incorrect scorecard caused by a mistake at the 17th hole.</p>
<p>Love accidentally hit his ball with a practice swing. He did not replace the ball and scored himself a bogey 4 rather than a double-bogey 5, accounting for the one-shot penalty.</p>
<p>For the first time in PGA Tour history, the top 50 players in the world rankings were entered in the same event.</p>
<p>Elkington's margin of victory broke the record of five strokes set by Lanny Wadkins in 1979 and matched by Nick Price four years ago.</p>
<p>Elkington squandered half of a four-shot lead when he bogeyed the final two holes Saturday. But he shook that off with a solid start Sunday. His birdie at the par-3 eighth hole extended his lead to six shots.</p>
<p>Elkington bogeyed just once, on the par five 11th when he failed to get out of a bunker.</p>
<p>The final birdie came on the 18th hole when Elkington chipped in from 30 feet. &quot;I chuckled to myself that that's the way it goes when you're playing well,&quot; Elkington said.</p>
<p>Thinking ahead to the Masters in two weeks, Elkington said: &quot;The confidence I've got now should help me immensely, but at Augusta I either finish top five or I miss the cut. I can never predict how I'll do there.&quot;</p>
<p>Hoch, the 1989 Masters runner-up who has won once in each of the last three years, got off to an awful start and never recovered. He dropped two strokes over the first four holes and stumbled to a 2-over 74 for 9-under 279.</p>
<p>&quot;After the 14th hole or so it would have taken an act of God for me to catch him. I had an opportunity today, but Steve shut that down for me,&quot; said Hoch.</p>
<p>Elkington assured himself of the biggest win margin and a fourth straight sub-70 round when he birdied the par-4 18th -- a nice turnaround from his bogey-bogey finish on Saturday.</p>
<p>&quot;Steve's a (Nick) Faldo-like player in that he can keep it in play and make pars when he has to and never give up the lead,&quot; Faxon said.</p>
<p>Defending champion Fred Couples had a hole-in-one en route to a 69 for 3-under 285, 13 shots off the pace.  He was not a factor, and neither were big names such as Greg Norman, Nick Faldo and 21-year-old sensation Tiger Woods, who has now gone 13 straight weeks without a win.</p>
<p>Norman muddled to a 79 and finished at 6-over 294.  Faldo had four rounds of 71 or better for par 288.  Woods, playing in his first Players Championship, also was 71 or worse in each round and finished at 1-over 289.</p>
<p>The TPC at Sawgrass golf course is a par-72 that measures 6,896 yards.</p>
<p>The final day of the tournament also was notable by the announcement by John Daly that he is entering the Betty Ford Centre for the second time to battle alcohol abuse.</p>
<p>Daly, who has two major championships and two suspensions during his rollercoaster PGA Tour career, withdrew from the tourney on Friday after reportedly damaging his hotel room Thursday night following an evening of drinking.</p>
</text>
<copyright>(c) Reuters Limited 1997</copyright>
<metadata>
<codes class="bip:countries:1.0">
  <code code="USA">
    <editdetail attribution="Reuters BIP Coding Group" action="confirmed" date="1997-03-31"/>
  </code>
</codes>
<codes class="bip:topics:1.0">
  <code code="GCAT">
    <editdetail attribution="Reuters BIP Coding Group" action="confirmed" date="1997-03-31"/>
  </code>
  <code code="GSPO">
    <editdetail attribution="Reuters BIP Coding Group" action="confirmed" date="1997-03-31"/>
  </code>
</codes>
<dc element="dc.date.created" value="1997-03-30"/>
<dc element="dc.publisher" value="Reuters Holdings Plc"/>
<dc element="dc.date.published" value="1997-03-31"/>
<dc element="dc.source" value="Reuters"/>
<dc element="dc.creator.location" value="PONTE VEDRA BEACH, Florida"/>
<dc element="dc.creator.location.country.name" value="USA"/>
<dc element="dc.source" value="Reuters"/>
</metadata>
</newsitem>
