<?xml version="1.0" encoding="iso-8859-1" ?>
<newsitem itemid="475986" id="root" date="1997-03-31" xml:lang="en">
<title>MOROCCO: SOCCER-MOROCCAN FIRST DIVISION RESULTS/STANDINGS.</title>
<headline>SOCCER-MOROCCAN FIRST DIVISION RESULTS/STANDINGS.</headline>
<dateline>RABAT 1997-03-31</dateline>
<text>
<p>Results of Moroccan first</p>
<p>division soccer matches played over the weekend:</p>
<p> Khouribga	     2	  Tetouan		 1</p>
<p> Widad Casablanca    1	  Meknes		  0</p>
<p> Widad Fes	     0	  Royal Armed Forces  0</p>
<p> Sidi Kacem	    1	  Oujda		   0</p>
<p> El Jadida	     0	  Raja  Casablanca    1</p>
<p> Jeunesse Massira    3	  Marrakesh	     1</p>
<p> Sporting Sale	 1	  Settat		  1</p>
<p> Mohammedia	    1	  Agadir		  0</p>
<p>    Standings	     Pl    W   D    L     F   A   Pts</p>
<p>  1.Jeunesse Massira    21   11   7    3    25   14   40</p>
<p>  2.Raja Casablanca     19   11   5    3    30   14   38</p>
<p>  3.Widad Casablanca    21    9   8    4    30   14   35</p>
<p>  4.Settat		  20    9   6    5    19   10   33</p>
<p>  5.Meknes		  21    8   9    4    15    9   33</p>
<p>  6.El Jadida	     21   10   2    9    17   17   32</p>
<p>  7.Agadir		  21    7   8    6    16   14   29</p>
<p>  8.Royal Armed Forces  21    6   9    6    14   17   27</p>
<p>  9.Mohammedia	    20    6   6    8    17   19   24</p>
<p> 10.Sidi Kacem	    21    4  12    5    17   21   24</p>
<p> 11.Oujda		   21    6   6    9    15   28   24</p>
<p> 12.Widad Fes	     19    5   8    6    18   17   23</p>
<p> 13.Marrakesh	     21    6   5   10    12   15   23</p>
<p> 14.Sporting Sale	 21    4   7   10    16   27   19</p>
<p> 15.Khouribga	     21    4   5   12    19   28   17</p>
<p> 16.Tetouan		 21    3   8   10    16   37   17</p>
</text>
<copyright>(c) Reuters Limited 1997</copyright>
<metadata>
<codes class="bip:countries:1.0">
  <code code="MOROC">
    <editdetail attribution="Reuters BIP Coding Group" action="confirmed" date="1997-03-31"/>
  </code>
</codes>
<codes class="bip:topics:1.0">
  <code code="GCAT">
    <editdetail attribution="Reuters BIP Coding Group" action="confirmed" date="1997-03-31"/>
  </code>
  <code code="GSPO">
    <editdetail attribution="Reuters BIP Coding Group" action="confirmed" date="1997-03-31"/>
  </code>
</codes>
<dc element="dc.date.created" value="1997-03-31"/>
<dc element="dc.publisher" value="Reuters Holdings Plc"/>
<dc element="dc.date.published" value="1997-03-31"/>
<dc element="dc.source" value="Reuters"/>
<dc element="dc.creator.location" value="RABAT"/>
<dc element="dc.creator.location.country.name" value="MOROCCO"/>
<dc element="dc.source" value="Reuters"/>
</metadata>
</newsitem>
