<?xml version="1.0" encoding="iso-8859-1" ?>
<newsitem itemid="475970" id="root" date="1997-03-31" xml:lang="en">
<title>BRAZIL: SOCCER-BRAZILIAN SOCCER RESULTS/STANDINGS.</title>
<headline>SOCCER-BRAZILIAN SOCCER RESULTS/STANDINGS.</headline>
<dateline>RIO DE JANEIRO 1997-03-30</dateline>
<text>
<p>Results of Brazilian soccer matches played at the weekend.</p>
<p>Sao Paulo championship</p>
<p> Botafogo-Ribeirao Preto 0  Corinthians		   2</p>
<p> Palmeiras		   1  Sao Paulo		     0</p>
<p> Juventus		    3  Rio Branco		    3</p>
<p> Portuguesa		  2  Portuguesa Santista	 2</p>
<p> America-S.J.Rio Preto   1  Uniao Sao Joao		4</p>
<p> Santos			4  Mogi Mirim		    2</p>
<p> Sao Jose		    3  Internacional Limeira     3</p>
<p> Guarani		     0  Aracatuba		     0</p>
<p>Standings (tabulate under played, won, drawn, lost, goals for, goals against, points)</p>
<p>Group One</p>
<p> Palmeiras		12  8  4  0 35 12 28</p>
<p> Santos		   12  6  4  2 21 14 22</p>
<p> Portuguesa	     12  5  5  2 30 21 20</p>
<p> Guarani		  12  4  5  3 23 27 17</p>
<p> Juventus		 12  3  4  5 23 26 13</p>
<p> Sao Jose		 12  2  5  5 18 28 11</p>
<p> Botafogo		 12  0  8  4  8 14  8</p>
<p> America		  12  1  3  8  9 28  6</p>
<p>Group two</p>
<p> Corinthians	    12  7  3  2 29 15 24</p>
<p> Sao Paulo		12  5  6  1 20 11 21</p>
<p> Mogi Mirim	     12  4  5  3 17 17 17</p>
<p> Uniao Sao Joao	 12  4  4  4 17 15 16</p>
<p> Internacional Limeira12  4  3  5 19 21 15</p>
<p> Rio Branco	     12  2  6  4 15 20 12</p>
<p> Aracatuba		12  2  4  6 11 18 10</p>
<p> Portuguesa Santista  12  2  4  6 13 21 10</p>
<p>Note: The teams play once against the other teams in their own group, then twice against the teams in the other group. At the end of this, the top two teams in each group qualify for the play-off stage. If teams are level on points, positions are decided by the number of games won.</p>
<p>Rio de Janeiro championship, first stage final</p>
<p> Botafogo		    1  Vasco da Gama		  0</p>
<p>Note:</p>
<p>The winners of the first stage, second stage and third stages qualify for the final play-off.</p>
</text>
<copyright>(c) Reuters Limited 1997</copyright>
<metadata>
<codes class="bip:countries:1.0">
  <code code="BRAZ">
    <editdetail attribution="Reuters BIP Coding Group" action="confirmed" date="1997-03-31"/>
  </code>
</codes>
<codes class="bip:topics:1.0">
  <code code="GCAT">
    <editdetail attribution="Reuters BIP Coding Group" action="confirmed" date="1997-03-31"/>
  </code>
  <code code="GSPO">
    <editdetail attribution="Reuters BIP Coding Group" action="confirmed" date="1997-03-31"/>
  </code>
</codes>
<dc element="dc.date.created" value="1997-03-30"/>
<dc element="dc.publisher" value="Reuters Holdings Plc"/>
<dc element="dc.date.published" value="1997-03-31"/>
<dc element="dc.source" value="Reuters"/>
<dc element="dc.creator.location" value="RIO DE JANEIRO"/>
<dc element="dc.creator.location.country.name" value="BRAZIL"/>
<dc element="dc.source" value="Reuters"/>
</metadata>
</newsitem>
