<?xml version="1.0" encoding="iso-8859-1" ?>
<newsitem itemid="475978" id="root" date="1997-03-31" xml:lang="en">
<title>NEW ZEALAND: RUGBY UNION-AUCKLAND BEAT QUEENSLAND 49-26.</title>
<headline>RUGBY UNION-AUCKLAND BEAT QUEENSLAND 49-26.</headline>
<dateline>AUCKLAND, New Zealand 1997-03-31</dateline>
<text>
<p>The Auckland Blues beat the Queensland Reds 49-26 (halftime 17-6) in their super 12 rugby union match at Eden Park on Monday.</p>
<p>Scorers:</p>
<p>Auckland - Tries: Brian Lima (2), Andrew Blowers (2), Joeli Vidiri, Carlos Spencer tries. Conversions: Adrian Cashmore (5). Penalty goals: Cashmore (3).</p>
<p>Queensland - Tries: Jason Little, Matthew Pini. Penalty goals: John Eales (4). Conversions: Eales (2).</p>
</text>
<copyright>(c) Reuters Limited 1997</copyright>
<metadata>
<codes class="bip:countries:1.0">
  <code code="AUSTR">
    <editdetail attribution="Reuters BIP Coding Group" action="confirmed" date="1997-03-31"/>
  </code>
  <code code="NZ">
    <editdetail attribution="Reuters BIP Coding Group" action="confirmed" date="1997-03-31"/>
  </code>
</codes>
<codes class="bip:topics:1.0">
  <code code="GCAT">
    <editdetail attribution="Reuters BIP Coding Group" action="confirmed" date="1997-03-31"/>
  </code>
  <code code="GSPO">
    <editdetail attribution="Reuters BIP Coding Group" action="confirmed" date="1997-03-31"/>
  </code>
</codes>
<dc element="dc.date.created" value="1997-03-31"/>
<dc element="dc.publisher" value="Reuters Holdings Plc"/>
<dc element="dc.date.published" value="1997-03-31"/>
<dc element="dc.source" value="Reuters"/>
<dc element="dc.creator.location" value="AUCKLAND, New Zealand"/>
<dc element="dc.creator.location.country.name" value="NEW ZEALAND"/>
<dc element="dc.source" value="Reuters"/>
</metadata>
</newsitem>
