<?xml version="1.0" encoding="iso-8859-1" ?>
<newsitem itemid="475981" id="root" date="1997-03-31" xml:lang="en">
<title>CHINA: DALIAN BEATS SICHUAN IN CHINA SOCCER LEAGUE.</title>
<headline>DALIAN BEATS SICHUAN IN CHINA SOCCER LEAGUE.</headline>
<dateline>BEIJING 1997-03-31</dateline>
<text>
<p>League champions Dalian Wanda beat Sichuan Quanxin 3-1 in Chengdu in Sichuan province on Sunday to extend its unbeaten streak to 38 games after the fourth round of China's first division soccer league.</p>
<p>After a scoreless first half, Wang Tao opened the scoring for Dalian in the 53rd minute, only to see Sichuan Quanxin tie the score at 1-1 one minute later through a header from Liu Bin, the Xinhua news agency said.</p>
<p>Dalian surged ahead again in the 77th minute when Wang converted a pass from Hao Haidong and sealed the victory in the last minute with a goal from Li Ming.</p>
<p>In other matches, a 10-man Guangzhou Apollo team rallied from behind to overcome Vanguard Huandao 2-1, Tianjin Samsung beat Qingdao Hainiu 1-0, while Jilin Aodong forced a scoreless draw with Guangdong Hongyuan.</p>
<p>Beijing Guoan tied 1-1 with August First and Jinan Taishan drew 1-1 with Shanghai Shenhua.</p>
</text>
<copyright>(c) Reuters Limited 1997</copyright>
<metadata>
<codes class="bip:countries:1.0">
  <code code="CHINA">
    <editdetail attribution="Reuters BIP Coding Group" action="confirmed" date="1997-03-31"/>
  </code>
</codes>
<codes class="bip:topics:1.0">
  <code code="GCAT">
    <editdetail attribution="Reuters BIP Coding Group" action="confirmed" date="1997-03-31"/>
  </code>
  <code code="GSPO">
    <editdetail attribution="Reuters BIP Coding Group" action="confirmed" date="1997-03-31"/>
  </code>
</codes>
<dc element="dc.date.created" value="1997-03-31"/>
<dc element="dc.publisher" value="Reuters Holdings Plc"/>
<dc element="dc.date.published" value="1997-03-31"/>
<dc element="dc.source" value="Reuters"/>
<dc element="dc.creator.location" value="BEIJING"/>
<dc element="dc.creator.location.country.name" value="CHINA"/>
<dc element="dc.source" value="Reuters"/>
</metadata>
</newsitem>
