<?xml version="1.0" encoding="iso-8859-1" ?>
<newsitem itemid="475973" id="root" date="1997-03-31" xml:lang="en">
<title>AUSTRALIA: RUGBY LEAGUE-AUSTRALIAN SUPER LEAGUE RESULTS/STANDINGS.</title>
<headline>RUGBY LEAGUE-AUSTRALIAN SUPER LEAGUE RESULTS/STANDINGS.</headline>
<dateline>SYDNEY 1997-03-31</dateline>
<text>
<p>Results of Australian Super</p>
<p>League rugby league matches played on Monday:</p>
<p> Brisbane    14  Cronulla	    12</p>
<p>Canterbury  14  North Queensland  16</p>
<p>    Standings	Pl   W    D    L     F    A    Pts</p>
<p> Brisbane	    5    5    0    0   106    50    10</p>
<p> Penrith	     5    4    0    1   134    78     8</p>
<p> Cronulla	    5    3    0    2    95    76     6</p>
<p> Perth		 5    3    0    2   110    98     6</p>
<p> Canterbury	  5    2    0    3    90   105     4</p>
<p> Adelaide	    5    2    0    3    70    90     4</p>
<p> North Queensland  5    2    0    3    82   109     4</p>
<p> Auckland	    5    2    0    3    56    92     4</p>
<p> Hunter Mariners   5    1    0    4    88    76     2</p>
<p> Canberra	    5    1    0    4    76   133     2</p>
</text>
<copyright>(c) Reuters Limited 1997</copyright>
<metadata>
<codes class="bip:countries:1.0">
  <code code="AUSTR">
    <editdetail attribution="Reuters BIP Coding Group" action="confirmed" date="1997-03-31"/>
  </code>
  <code code="NZ">
    <editdetail attribution="Reuters BIP Coding Group" action="confirmed" date="1997-03-31"/>
  </code>
</codes>
<codes class="bip:topics:1.0">
  <code code="GCAT">
    <editdetail attribution="Reuters BIP Coding Group" action="confirmed" date="1997-03-31"/>
  </code>
  <code code="GSPO">
    <editdetail attribution="Reuters BIP Coding Group" action="confirmed" date="1997-03-31"/>
  </code>
</codes>
<dc element="dc.date.created" value="1997-03-31"/>
<dc element="dc.publisher" value="Reuters Holdings Plc"/>
<dc element="dc.date.published" value="1997-03-31"/>
<dc element="dc.source" value="Reuters"/>
<dc element="dc.creator.location" value="SYDNEY"/>
<dc element="dc.creator.location.country.name" value="AUSTRALIA"/>
<dc element="dc.source" value="Reuters"/>
</metadata>
</newsitem>
