<?xml version="1.0" encoding="iso-8859-1" ?>
<newsitem itemid="475962" id="root" date="1997-03-31" xml:lang="en">
<title>SOUTH AFRICA: CRICKET-AUSTRALIA WIN TOSS, SOUTH AFRICA BAT.</title>
<headline>CRICKET-AUSTRALIA WIN TOSS, SOUTH AFRICA BAT.</headline>
<dateline>PORT ELIZABETH, South Africa 1996-04-01</dateline>
<text>
<p>Australia won the toss and put South Africa in to bat in the second of a series of seven one-day internationals on Monday:</p>
<p>Teams:</p>
<p>South Africa: Adam Bacher, Louis Koen, Jacques Kallis, Daryll Cullinan, Hansie Cronje (captain), Jonty Rhodes, Shaun Pollock, Lance Klusener, Pat Symcox, Dave Richardson, Allan Donald.</p>
<p>Australia: Mark Taylor (captain), Mark Waugh, Stuart Law, Steve Waugh, Greg Blewett, Michael Bevan, Adam Gilchrist, Paul Reiffel, Shane Warne, Adam Dale, Jason Gillespie.</p>
</text>
<copyright>(c) Reuters Limited 1997</copyright>
<metadata>
<codes class="bip:countries:1.0">
  <code code="AUSTR">
    <editdetail attribution="Reuters BIP Coding Group" action="confirmed" date="1997-03-31"/>
  </code>
  <code code="SAFR">
    <editdetail attribution="Reuters BIP Coding Group" action="confirmed" date="1997-03-31"/>
  </code>
</codes>
<codes class="bip:topics:1.0">
  <code code="GCAT">
    <editdetail attribution="Reuters BIP Coding Group" action="confirmed" date="1997-03-31"/>
  </code>
  <code code="GSPO">
    <editdetail attribution="Reuters BIP Coding Group" action="confirmed" date="1997-03-31"/>
  </code>
</codes>
<dc element="dc.date.created" value="1996-04-01"/>
<dc element="dc.publisher" value="Reuters Holdings Plc"/>
<dc element="dc.date.published" value="1997-03-31"/>
<dc element="dc.source" value="Reuters"/>
<dc element="dc.creator.location" value="PORT ELIZABETH, South Africa"/>
<dc element="dc.creator.location.country.name" value="SOUTH AFRICA"/>
<dc element="dc.source" value="Reuters"/>
</metadata>
</newsitem>
