<?xml version="1.0" encoding="iso-8859-1" ?>
<newsitem itemid="475964" id="root" date="1997-03-31" xml:lang="en">
<title>BARBADOS: CRICKET-WEST INDIES SKITTLE INDIA FOR ASTONISHING WIN.</title>
<headline>CRICKET-WEST INDIES SKITTLE INDIA FOR ASTONISHING WIN.</headline>
<dateline>BRIDGETOWN, Barbados 1997-03-31</dateline>
<text>
<p>West Indies staged a remarkable third test victory over India on Monday.</p>
<p>Set just 120 to win and two days to achieve it, India were dismissed for a paltry 81.</p>
<p>The pace trio of Franklyn Rose, Curtly Ambrose and Ian Bishop tore through the fragile Indian batting as only opener Venkata Laxman reached double figures with 19.</p>
<p>Bishop completed the unexpected victory when he yorked Venkatesh Prasad to finish with four for 22 off 11.5 overs. It was India's lowest total in a Caribbean test.</p>
<p>Rose, who started the rout with three wickets in the first hour of the day, ended with three for 19 in nine overs. Ambrose weighed in with three for 36.</p>
<p>It was the 16th consecutive time a victory has been achieved at Kensington Oval and gave the West Indies a 1-0 lead in the five-match series. The first two tests in Jamaica and Trinidad were drawn. The fourth test stats in Antigua on Friday.</p>
<p>The win brought back memories of the West Indies' famous 52-run victory in their first test against South Africa in 1992 when the Springboks were bowled out for 148 after starting the final day on 122 for two, just 79 short of victory.</p>
<p>It also marked the first test victory as captain for Brian Lara, leading the West Indies for the first time after replacing the injured Courtney Walsh.</p>
<p>Shivnarine Chanderpaul, who hit his maiden century, 137 not out in the West Indies first innings total of 298, was named man-of-the-match.</p>
<p>Resuming on two without loss, India immediately lost opener Navjot Singh, caught at slip off Rose.</p>
<p>Rose, playing in only his third test, then had Rahul Sravid caught behind for two after occupying the crease for 36 minutes.</p>
<p>Rose then claimed his 15th wicket of the series, bowling the defiant Laxman, who had survived 77 minutes.</p>
<p>Skipper Sachin Tendulkar followed, brilliantly caught by Lara for four, then Ambrose returned for a third spell to bowl Saurav Ganguly and Mohammad Azharuddin with deliveries which kept low.</p>
<p>India's batsmen failed to show the necessary discipline and when Anil Kumble scooped a simple catch to Roland Holder at square leg they were 57 for seven.</p>
<p>After all-too-brief resistance, the tail was wrapped up after lunch to secure a famous victory.</p>
</text>
<copyright>(c) Reuters Limited 1997</copyright>
<metadata>
<codes class="bip:countries:1.0">
  <code code="BARB">
    <editdetail attribution="Reuters BIP Coding Group" action="confirmed" date="1997-03-31"/>
  </code>
  <code code="INDIA">
    <editdetail attribution="Reuters BIP Coding Group" action="confirmed" date="1997-03-31"/>
  </code>
  <code code="WEIND">
    <editdetail attribution="Reuters BIP Coding Group" action="confirmed" date="1997-03-31"/>
  </code>
</codes>
<codes class="bip:topics:1.0">
  <code code="GCAT">
    <editdetail attribution="Reuters BIP Coding Group" action="confirmed" date="1997-03-31"/>
  </code>
  <code code="GSPO">
    <editdetail attribution="Reuters BIP Coding Group" action="confirmed" date="1997-03-31"/>
  </code>
</codes>
<dc element="dc.date.created" value="1997-03-31"/>
<dc element="dc.publisher" value="Reuters Holdings Plc"/>
<dc element="dc.date.published" value="1997-03-31"/>
<dc element="dc.source" value="Reuters"/>
<dc element="dc.creator.location" value="BRIDGETOWN, Barbados"/>
<dc element="dc.creator.location.country.name" value="BARBADOS"/>
<dc element="dc.source" value="Reuters"/>
</metadata>
</newsitem>
