<?xml version="1.0" encoding="iso-8859-1" ?>
<newsitem itemid="476085" id="root" date="1997-03-31" xml:lang="en">
<title>CANADA: Canada's dollar ends weaker, nearing two-year low.</title>
<headline>Canada's dollar ends weaker, nearing two-year low.</headline>
<text>
<p>FORECAST RANGE   1.3780/1.3850	    ASIAN CLOSE     1.3794</p>
<p>RESISTANCE 1.3740   SUPPORT 1.3850	HI 1.3807   LO  1.3795</p>
<p>CANADA OPEN  1.3798/03    HI 1.3850     EUROPE OPEN     1.3799</p>
<p>PREV CLOSE   1.3803/08    LO 1.3795     HI 1.3807   LO  1.3795</p>
<p>----------------------MARKET COMMENT--------------------------</p>
<p>* Canada's dollar ended weaker on Monday at C$1.3849 (US$0.7220) from today's open of C$1.3798 (US$0.7247), hovering near a two-year low of C$1.3851 (US$0.7219).</p>
<p>* Dealers said nervous investors pushed the dollar weaker amid speculation of further U.S. rate hikes in May and tumbling Toronto stocks as a result of the Bre-X Minerals Ltd saga.  </p>
<p>Dealers said the only interest in buying the Canadian dollar has come from sporadic orders by the Bank of Canada and Canadian exporters buying Canada dollars.</p>
<p>They said last week's hike in U.S. interest rates increased pressure on the Canadian dollar as interest rate spreads between Canada and the U.S. grew wider and speculation that more U.S. rate rises are in the offing for May.</p>
<p>&quot;The Fed tightened 25 basis points and the (Canada) dollar continued to weaken as people focused on the timing of the next move because it is widely believed they will go another 25 (basis) points,&quot; Wateridge said.</p>
</text>
<copyright>(c) Reuters Limited 1997</copyright>
<metadata>
<codes class="bip:countries:1.0">
  <code code="CANA">
    <editdetail attribution="Reuters BIP Coding Group" action="confirmed" date="1997-03-31"/>
  </code>
</codes>
<codes class="bip:topics:1.0">
  <code code="M13">
    <editdetail attribution="Reuters BIP Coding Group" action="confirmed" date="1997-03-31"/>
  </code>
  <code code="M132">
    <editdetail attribution="Reuters BIP Coding Group" action="confirmed" date="1997-03-31"/>
  </code>
  <code code="MCAT">
    <editdetail attribution="Reuters BIP Coding Group" action="confirmed" date="1997-03-31"/>
  </code>
</codes>
<dc element="dc.publisher" value="Reuters Holdings Plc"/>
<dc element="dc.date.published" value="1997-03-31"/>
<dc element="dc.source" value="Reuters"/>
<dc element="dc.creator.location.country.name" value="CANADA"/>
<dc element="dc.source" value="Reuters"/>
</metadata>
</newsitem>
