<?xml version="1.0" encoding="iso-8859-1" ?>
<newsitem itemid="476010" id="root" date="1997-03-31" xml:lang="en">
<title>GERMANY: SOCCER-VOGTS CALLS UP DUNDEE FOR ALBANIA GAME.</title>
<headline>SOCCER-VOGTS CALLS UP DUNDEE FOR ALBANIA GAME.</headline>
<dateline>FRANKFURT, Germany 1997-03-31</dateline>
<text>
<p>South African-born Sean Dundee was added to the Germany squad on Monday by national coach Bertie Vogts for the group nine World Cup qualifier against Albania on Wednesday.</p>
<p>Vogts drafted in the uncapped Karlsruhe striker after Bayern Munich midfielder Mario Basler pulled out, with the coach's permission, because his girlfriend was due to give birth in the next few days.</p>
<p>Dundee, who was granted German citizenship at the end of last year, was due to travel with the squad anyway as an observer, to get to know the national team set-up.</p>
<p>The 24-year old striker, who will probably begin Wednesday's game on the bench, was due to make his Germany debut in a friendly against Israel in February but had to withdraw because of a calf injury.</p>
<p>&quot;The last time I was unlucky. This time I've had a bit of luck,&quot; Dundee commented.</p>
<p>The match will take place in the Spanish city of Granada instead of Tirana, the original venue, because of concern about political unrest in Albania.</p>
</text>
<copyright>(c) Reuters Limited 1997</copyright>
<metadata>
<codes class="bip:countries:1.0">
  <code code="ALB">
    <editdetail attribution="Reuters BIP Coding Group" action="confirmed" date="1997-03-31"/>
  </code>
  <code code="GFR">
    <editdetail attribution="Reuters BIP Coding Group" action="confirmed" date="1997-03-31"/>
  </code>
  <code code="SAFR">
    <editdetail attribution="Reuters BIP Coding Group" action="confirmed" date="1997-03-31"/>
  </code>
</codes>
<codes class="bip:topics:1.0">
  <code code="GCAT">
    <editdetail attribution="Reuters BIP Coding Group" action="confirmed" date="1997-03-31"/>
  </code>
  <code code="GSPO">
    <editdetail attribution="Reuters BIP Coding Group" action="confirmed" date="1997-03-31"/>
  </code>
</codes>
<dc element="dc.date.created" value="1997-03-31"/>
<dc element="dc.publisher" value="Reuters Holdings Plc"/>
<dc element="dc.date.published" value="1997-03-31"/>
<dc element="dc.source" value="Reuters"/>
<dc element="dc.creator.location" value="FRANKFURT, Germany"/>
<dc element="dc.creator.location.country.name" value="GERMANY"/>
<dc element="dc.source" value="Reuters"/>
</metadata>
</newsitem>
