<?xml version="1.0" encoding="iso-8859-1" ?>
<newsitem itemid="476033" id="root" date="1997-03-31" xml:lang="en">
<title>ESTONIA: RAKVERE UNDECIDED ON INVESTMENT: REPORT.</title>
<headline>RAKVERE UNDECIDED ON INVESTMENT: REPORT.</headline>
<dateline>TALLINN 1997-03-31</dateline>
<text>
<p>Rakvere meat plant is undecided over a two to three million kroon investment into a local pig producer, Simuna Ivax, Aripave said on Monday.</p>
<p>Rakvere meat plant's board met last Wednesday to discuss possible investment into pig producer Simuna with no decision reached, the business paper said.</p>
<p>Board chairman, Toomas Kouhkna, said the investment idea is possible, but he did not support the idea as he thought Simuna was too small, the paper added.</p>
<p>Simuna raises 1500 pigs the paper said.</p>
<p>The idea of supporting the producer was from from local pig producers, the paper added.</p>
<p>--Tallinn newsroom +372 630 8400 reuters@reuters.ee</p>
</text>
<copyright>(c) Reuters Limited 1997</copyright>
<metadata>
<codes class="bip:countries:1.0">
  <code code="ESTNIA">
    <editdetail attribution="Reuters BIP Coding Group" action="confirmed" date="1997-03-31"/>
  </code>
</codes>
<codes class="bip:industries:1.0">
  <code code="I41200">
    <editdetail attribution="Reuters BIP Coding Group" action="confirmed" date="1997-03-31"/>
  </code>
</codes>
<codes class="bip:topics:1.0">
  <code code="C11">
    <editdetail attribution="Reuters BIP Coding Group" action="confirmed" date="1997-03-31"/>
  </code>
  <code code="C18">
    <editdetail attribution="Reuters BIP Coding Group" action="confirmed" date="1997-03-31"/>
  </code>
  <code code="C181">
    <editdetail attribution="Reuters BIP Coding Group" action="confirmed" date="1997-03-31"/>
  </code>
  <code code="CCAT">
    <editdetail attribution="Reuters BIP Coding Group" action="confirmed" date="1997-03-31"/>
  </code>
</codes>
<dc element="dc.date.created" value="1997-03-31"/>
<dc element="dc.publisher" value="Reuters Holdings Plc"/>
<dc element="dc.date.published" value="1997-03-31"/>
<dc element="dc.source" value="Reuters"/>
<dc element="dc.creator.location" value="TALLINN"/>
<dc element="dc.creator.location.country.name" value="ESTONIA"/>
<dc element="dc.source" value="Reuters"/>
</metadata>
</newsitem>
