<?xml version="1.0" encoding="iso-8859-1" ?>
<newsitem itemid="476044" id="root" date="1997-03-31" xml:lang="en">
<title>AUSTRALIA: PRESS DIGEST-Australian Sports News - April 1.</title>
<headline>PRESS DIGEST-Australian Sports News - April 1.</headline>
<text>
<p>(Compiled for Reuters by Media Monitors)</p>
<p>THE AUSTRALIAN</p>
<p>The Brisbane Broncos remain undefeated in Super League after their tough 14-12 victory over the Cronulla Sharks at the ANZ Stadium yesterday. Brisbane trailed for most of the match but Darren Smith scored the winning try in the 65th minute. Page 26.</p>
<p>--</p>
<p>Sydney United defeated Collingwood 3-2 in the national soccer league with David Zdrilic scoring a late goal for United. Only 450 supporters watched the match, which keeps United on track for the minor premiership. Page 24.</p>
<p>--</p>
<p>THE SYDNEY MORNING HERALD</p>
<p>The AJC Sires Produce Stakes at Randwick yesterday was won by the Clarrie Conners trained Encounter, ridden by Shane Dye. Dye begins a five-meeting suspension today, while Conners has now trained three Sires' winners from the same family. Page 38.</p>
<p>--</p>
<p>The three Australian Super Twelve rugby union sides will all play home games this weekend, as Australia tries to gain ground on the other nations competing in the tournament. Queensland yesterday suffered their fifth loss in a row, falling 49-26 to Aucklnd at Eden Park, Queensland. Page 37.</p>
<p>--</p>
<p>The NSW Rugby Union has been accused of making a stupid mistake in predicting a reduction in the number of teams in the first grade competition from 14 to 12. Their proposal to introduce a world club tournament in Australia has been seen, however, as a wecome move. Page 36.</p>
<p>--</p>
<p>THE AGE</p>
<p>Carlton AFL coach David Parkin has requested the league to monitor the deliberate time-wasting of players near the end of matches. Parkin claims the tactic is influencing the result of games and can result in the game being labelled a farce. Page B8.</p>
<p>--</p>
<p>Daniel Millard won the Stawell Gift foot race yesterday as he repeated the performance of his great-grandfather, William Millard, who won in 1878. Millard yesterday collected $30,000 after almost withdrawing due to a bad handicap. Page B8.</p>
<p>--</p>
<p>Matt Hoy yesterday won the Rip Curl Pro surfing tournament at Bells Beach against Damien Hardman in a 1.5 metre surf. The Newcastle surfer won the year's third tournament and is now second in the world rankings to American Kelly Slater. Page B6.</p>
<p>--</p>
<p>THE HERALD SUN</p>
<p>Carlton AFL player Greg Williams may be on report after pushing an umpire in yesterday's game against Essendon. Essendon won the game 106 to 99 in front of a crowd of 82,363 at the Melbourne Cricket Ground. Page 80.</p>
<p>--</p>
<p>Geelong full-forward Gary Ablett has been cleared of serious damage to his right knee and will return to the senior grade this weekend. Ablett jarred his knee in a reserves game against Richmond last weekend, where he scored seven goals. Page 73.</p>
<p>--</p>
<p>In the final of the women's basketball league pre-season competition, the Sydney Casino Flames have defeated the Melbourne Tigers 64-58. Melbourne coach Ron Tomlinson was optimistic about the loss and has predicted a successful year for his team. Page 71</p>
<p>---</p>
<p>THE DAILY TELEGRAPH</p>
<p>North Queensland captain Steve Walters has been sent off for an alleged kneeing incident, as North Queensland defeated the Canterbury Bulldogs 16-14 at Belmore Sports Ground. It was Canterbury's second successive defeat and only the Cowboy's second win for the season. Page 60.</p>
<p>--</p>
<p>Star Sydney Swans full-forward Tony Lockett will not return from injury until round three after off-season groin surgery. Defender Paul Roos will miss at least one week after twisting a knee and Mark Baytes will be absent for a fortnight with a strained amstring. Page 58.</p>
<p>--</p>
<p>Newcastle ARL player Paul Harragon has been cleared to play after migraine concerns and will return in a fortnight. After suffering severe headaches earlier in the season, he was banned from playing for a month. Page 54.</p>
<p>Reuters Sydney Newsroom 61-2 9373</p>
</text>
<copyright>(c) Reuters Limited 1997</copyright>
<metadata>
<codes class="bip:countries:1.0">
  <code code="AUSTR">
    <editdetail attribution="Reuters BIP Coding Group" action="confirmed" date="1997-03-31"/>
  </code>
</codes>
<codes class="bip:topics:1.0">
  <code code="GCAT">
    <editdetail attribution="Reuters BIP Coding Group" action="confirmed" date="1997-03-31"/>
  </code>
  <code code="GSPO">
    <editdetail attribution="Reuters BIP Coding Group" action="confirmed" date="1997-03-31"/>
  </code>
</codes>
<dc element="dc.publisher" value="Reuters Holdings Plc"/>
<dc element="dc.date.published" value="1997-03-31"/>
<dc element="dc.source" value="Reuters"/>
<dc element="dc.creator.location.country.name" value="AUSTRALIA"/>
<dc element="dc.source" value="Reuters"/>
</metadata>
</newsitem>
