<?xml version="1.0" encoding="iso-8859-1" ?>
<newsitem itemid="476053" id="root" date="1997-03-31" xml:lang="en">
<title>CANADA: Daily Canadian spot natgas prices - March 31.</title>
<headline>Daily Canadian spot natgas prices - March 31.</headline>
<text>
<p>DOMESTIC (APRIL SALES)	     $CDN/GJ		$US/MMBTU</p>
<p>  AECO				  1.54/1.59	     1.20/1.24</p>
<p>  ALBERTA BORDER - EMPRESS	1.64/1.69	     1.27/1.31</p>
<p>EXPORT (APRIL SALES)</p>
<p>  SUMAS (HUNTINGDON, BC)	  1.55/1.61	     1.20/1.25</p>
<p>  NIAGARA, ONT			2.82/2.88	     2.19/2.24</p>
<p>NOTE - CANADA, U.S. DOLLAR CONVERSION BASED ON BANK OF CANADA NOON RATE.</p>
</text>
<copyright>(c) Reuters Limited 1997</copyright>
<metadata>
<codes class="bip:countries:1.0">
  <code code="CANA">
    <editdetail attribution="Reuters BIP Coding Group" action="confirmed" date="1997-03-31"/>
  </code>
</codes>
<codes class="bip:topics:1.0">
  <code code="M14">
    <editdetail attribution="Reuters BIP Coding Group" action="confirmed" date="1997-03-31"/>
  </code>
  <code code="M143">
    <editdetail attribution="Reuters BIP Coding Group" action="confirmed" date="1997-03-31"/>
  </code>
  <code code="MCAT">
    <editdetail attribution="Reuters BIP Coding Group" action="confirmed" date="1997-03-31"/>
  </code>
</codes>
<dc element="dc.publisher" value="Reuters Holdings Plc"/>
<dc element="dc.date.published" value="1997-03-31"/>
<dc element="dc.source" value="Reuters"/>
<dc element="dc.creator.location.country.name" value="CANADA"/>
<dc element="dc.source" value="Reuters"/>
</metadata>
</newsitem>
