<?xml version="1.0" encoding="iso-8859-1" ?>
<newsitem itemid="476064" id="root" date="1997-03-31" xml:lang="en">
<title>ZAIRE: Thousands of Hutu refugees arrive at Zaire village.</title>
<headline>Thousands of Hutu refugees arrive at Zaire village.</headline>
<byline>Matthew Bigg</byline>
<dateline>GOMA, Zaire 1997-03-31</dateline>
<text>
<p>Thousands of Rwandan Hutu refugees arrived at a village in east Zaire's Masisi region on Monday saying they wanted to return home, the U.N. refugee agency said.</p>
<p>Up to 30,000 refugees who fled camps around Goma and Bukavu in November at the start of a rebel campaign arrived at Karuba village west of Goma, UNHCR official Filippo Grandi told Reuters.</p>
<p>Aid workers would on Tuesday give food and water to the refugees and prepare for their journey to Rwanda by truck or on foot, Grandi said.</p>
<p>&quot;We have asked the Alliance (rebels) to give them safe passage ... The people seemed in reasonable health so there shouldn't be too many problems,&quot; Grandi said.</p>
<p>Rebels from the Alliance of Democratic Forces for the Liberation of Congo/Zaire (AFDL) have captured around a quarter of Zaire since launching their rebellion in October to topple President Mobutu Sese Seko.</p>
<p>There was no explanation for the sudden arrival of the refugees but Tutsis and extremist Hutus are fighting a dirty ethnic war in the Masisi connected to ethnic strife in neighbouring Rwanda.</p>
<p>Members of the Hutu Interahamwe militias and former Rwandan army blamed for the genocide of an estimated 800,000 Tutsis and Hutu moderates in Rwanda in 1994 took to the hills west of Goma after rebels overran their refugee camps last year.</p>
<p>The area is now controlled by rebels, many of whom are Tutsi trying to secure East Zaire from the extremist Hutu threat and control more land for their cattle.</p>
<p>More than a million refugees fled camps in Kivu region in October and November at the start of Zaire's civil war, but more than 600,000 returned to Rwanda via Goma in November.</p>
<p>Since then UNHCR says it has repatriated 140,000 refugees through Kivu region.</p>
</text>
<copyright>(c) Reuters Limited 1997</copyright>
<metadata>
<codes class="bip:countries:1.0">
  <code code="UN">
    <editdetail attribution="Reuters BIP Coding Group" action="confirmed" date="1997-03-31"/>
  </code>
  <code code="ZAIRE">
    <editdetail attribution="Reuters BIP Coding Group" action="confirmed" date="1997-03-31"/>
  </code>
</codes>
<codes class="bip:topics:1.0">
  <code code="GCAT">
    <editdetail attribution="Reuters BIP Coding Group" action="confirmed" date="1997-03-31"/>
  </code>
  <code code="GVIO">
    <editdetail attribution="Reuters BIP Coding Group" action="confirmed" date="1997-03-31"/>
  </code>
</codes>
<dc element="dc.date.created" value="1997-03-31"/>
<dc element="dc.publisher" value="Reuters Holdings Plc"/>
<dc element="dc.date.published" value="1997-03-31"/>
<dc element="dc.source" value="Reuters"/>
<dc element="dc.creator.location" value="GOMA, Zaire"/>
<dc element="dc.creator.location.country.name" value="ZAIRE"/>
<dc element="dc.source" value="Reuters"/>
</metadata>
</newsitem>
