<?xml version="1.0" encoding="iso-8859-1" ?>
<newsitem itemid="476077" id="root" date="1997-03-31" xml:lang="en">
<title>NIGERIA: PRESS DIGEST - Nigeria - March 31.</title>
<headline>PRESS DIGEST - Nigeria - March 31.</headline>
<dateline>LAGOS 1997-03-31</dateline>
<text>
<p>These are significant stories in the Nigerian press on Monday. Reuters has not verified these stories and does not vouch for their accuracy.</p>
<p>DAILY TIMES</p>
<p>- Subsidiary of state oil firm NNPC indicted over fresh fuel scarcity; accused of failing to replenish stocks in Lagos area.</p>
<p>- Nigerian unit of Royal Dutch Shell Group may resume oil production in the ethnic Ijaw areas as protesters end occupation of its oil flow stations.</p>
<p>- Shareholders association urges federal government to ban importation of cement to encourage local production.</p>
<p>THE GUARDIAN</p>
<p>- Many ailing banks appear ready for liquidation, having sold their assets ahead of 31 March government deadline to recapitalise or face being wound up.</p>
<p>- New decree gives state insurance firm NICON monopoly over insuring government firms.</p>
<p>- Foreign partner in Nigerian Ropes Plc, Bridon International of Britain, may increase its stake following visit of senior executive to Lagos.</p>
<p>THISDAY</p>
<p>- Secretary-general of Organisation of African Unity Salim Ahmed Salim calls for removal of visa restrictions among African nations to allow for free movement of goods and people; he was speaking at an OAU trade fair in Kaduna, northern Nigeria.</p>
<p>- Turnover on Nigerian stock exchange last week rose by 39.06 percent from the previous week while index improved by 2.9 percent.</p>
<p>($1=85 naira)</p>
<p>-- Lagos newsroom +234 1 2630317</p>
</text>
<copyright>(c) Reuters Limited 1997</copyright>
<metadata>
<codes class="bip:countries:1.0">
  <code code="NIGEA">
    <editdetail attribution="Reuters BIP Coding Group" action="confirmed" date="1997-03-31"/>
  </code>
</codes>
<codes class="bip:topics:1.0">
  <code code="GCAT">
    <editdetail attribution="Reuters BIP Coding Group" action="confirmed" date="1997-03-31"/>
  </code>
</codes>
<dc element="dc.date.created" value="1997-03-31"/>
<dc element="dc.publisher" value="Reuters Holdings Plc"/>
<dc element="dc.date.published" value="1997-03-31"/>
<dc element="dc.source" value="Reuters"/>
<dc element="dc.creator.location" value="LAGOS"/>
<dc element="dc.creator.location.country.name" value="NIGERIA"/>
<dc element="dc.source" value="Reuters"/>
</metadata>
</newsitem>
