<?xml version="1.0" encoding="iso-8859-1" ?>
<newsitem itemid="476082" id="root" date="1997-03-31" xml:lang="en">
<title>SOUTH AFRICA: PRESS DIGEST - South Africa - March 31.</title>
<headline>PRESS DIGEST - South Africa - March 31.</headline>
<dateline>JOHANNESBURG 1997-03-31</dateline>
<text>
<p>These are the leading stories in the South African press on Monday.</p>
<p>Reuters has not verified these stories and does not vouch for their accuracy.</p>
<p>- - - -</p>
<p>THE STAR</p>
<p>- Traffic authorities are bracing themselves for a deluge of motorists returning from their Easter weekend holidays on Monday as the country's road death toll topped 200.</p>
<p>- Zaire's rebels say they are grabbing more territory in the mineral-rich Shaba region of the south, ahead of peace talks that could begin this week in South Africa.</p>
<p>- South African singer Miriam Makeba was the victim of abusive can-throwing hooligans at a rock concert held in the Karoo, in the Western Cape province.</p>
<p>- Three million supporters of the Zion Christian Church gathered at Moria City in the north of the country for their annual Easter pilgrimage.</p>
<p>- Shootouts between robbers and police left three people - a civilian and two robbers - dead on Sunday.</p>
<p>- - - -</p>
<p>THE CITIZEN</p>
<p>- President Nelson Mandela left for Mozambique on Sunday almost immediately after his arrival back in South Africa after a visit to India and Bangladesh. His spokesman said Mandela would spend a week relaxing in the company of his companion Graca Machel.</p>
<p>- - - -</p>
<p>BEELD</p>
<p>- South Africa is on the brink of closing a weapons deal with Britain, including British Aerospeace's Hawke fighter plane, worth more than 14 million rand.</p>
</text>
<copyright>(c) Reuters Limited 1997</copyright>
<metadata>
<codes class="bip:countries:1.0">
  <code code="SAFR">
    <editdetail attribution="Reuters BIP Coding Group" action="confirmed" date="1997-03-31"/>
  </code>
</codes>
<codes class="bip:topics:1.0">
  <code code="GCAT">
    <editdetail attribution="Reuters BIP Coding Group" action="confirmed" date="1997-03-31"/>
  </code>
</codes>
<dc element="dc.date.created" value="1997-03-31"/>
<dc element="dc.publisher" value="Reuters Holdings Plc"/>
<dc element="dc.date.published" value="1997-03-31"/>
<dc element="dc.source" value="Reuters"/>
<dc element="dc.creator.location" value="JOHANNESBURG"/>
<dc element="dc.creator.location.country.name" value="SOUTH AFRICA"/>
<dc element="dc.source" value="Reuters"/>
</metadata>
</newsitem>
