<?xml version="1.0" encoding="iso-8859-1" ?>
<newsitem itemid="476067" id="root" date="1997-03-31" xml:lang="en">
<title>SUDAN: Sudan says fighting invading rebels in northeast.</title>
<headline>Sudan says fighting invading rebels in northeast.</headline>
<dateline>KHARTOUM 1997-03-31</dateline>
<text>
<p>Sudan said on Monday it was fighting Eritrean and Ethiopian troops that have taken control of border areas in the northeastern Red Sea state.</p>
<p>&quot;Our forces are now advancing on all fronts and are working to clear the border areas this week,&quot; the government-owned Sudan al-Hadith newspaper quoted the commissioner of Tokar province, Abdel Rahman Balal, as saying.</p>
<p>&quot;The armed forces and the popular defence force are now clearing the pockets of mercenaries, agents and the minority Ethiopian (troops) amongst the mountains,&quot; the daily added.</p>
<p>Sudanese rebels said last week they were mounting a major offensive in the northeast of Africa's largest country and were advancing on Tokar town in the northeast en route to heading towards Port Sudan, a key link with the outside world.</p>
<p>The daily also quoted Red Sea state governor Badawi al-Khair Idris as saying the army was also battling Eritreans and that their counter-attack began two days ago.</p>
<p>Sudan said last week that Eritreans bombed the garrisons but the official's comments are its first admission that the rebels had also taken over the towns.</p>
<p>John Garang, leader of the Sudan People's Liberation Army (SPLA) and head of the military command of the National Democratic Alliance (NDA) coalition, said rebels seized garrisons at Karora, Itairba and Shabri near the Red Sea coast.</p>
<p>Sudan maintains that Eritrea, Ethiopia and Uganda are fighting alongside the rebels who launched their offensive to topple the government in January.</p>
<p>All three states deny any involvement in the clashes.</p>
<p>Al-Sudan al-Hadith also quoted Balal as saying the Eritreans had looted property, imprisoned local leaders and killed a 70-year-old religious figure. There was no independent confirmation of the report.</p>
</text>
<copyright>(c) Reuters Limited 1997</copyright>
<metadata>
<codes class="bip:countries:1.0">
  <code code="ERTRA">
    <editdetail attribution="Reuters BIP Coding Group" action="confirmed" date="1997-03-31"/>
  </code>
  <code code="ETHPA">
    <editdetail attribution="Reuters BIP Coding Group" action="confirmed" date="1997-03-31"/>
  </code>
  <code code="SUDAN">
    <editdetail attribution="Reuters BIP Coding Group" action="confirmed" date="1997-03-31"/>
  </code>
</codes>
<codes class="bip:topics:1.0">
  <code code="GCAT">
    <editdetail attribution="Reuters BIP Coding Group" action="confirmed" date="1997-03-31"/>
  </code>
  <code code="GVIO">
    <editdetail attribution="Reuters BIP Coding Group" action="confirmed" date="1997-03-31"/>
  </code>
</codes>
<dc element="dc.date.created" value="1997-03-31"/>
<dc element="dc.publisher" value="Reuters Holdings Plc"/>
<dc element="dc.date.published" value="1997-03-31"/>
<dc element="dc.source" value="Reuters"/>
<dc element="dc.creator.location" value="KHARTOUM"/>
<dc element="dc.creator.location.country.name" value="SUDAN"/>
<dc element="dc.source" value="Reuters"/>
</metadata>
</newsitem>
