<?xml version="1.0" encoding="iso-8859-1" ?>
<newsitem itemid="476096" id="root" date="1997-03-31" xml:lang="en">
<title>CANADA: DBRS upgrades Four Seasons notes.</title>
<headline>DBRS upgrades Four Seasons notes.</headline>
<dateline>TORONTO 1997-03-31</dateline>
<text>
<p>Dominion Bond Rating Service on Monday raised the rating on the unsecured notes of Four Seasons Hotels to BBB (low) from BB (high) with a stable trend.  </p>
<p>The Toronto-based bond rating agency said the upgrade reflects the company's transformation from essentially the ownership of luxury hotels to the management of luxury hotels and resorts around the world. The upgrade also reflects the elimination of a substantial amount of debt from its balance sheet, DBRS said.</p>
<p>The company's association with Prince Alwaleed of Saudi Arabia also offer substantial growth opportunities around to world to gain new hotel management contracts, DBRS said.</p>
<p>DBRS said challenges facing the company include the inherent cyclicality of the hospitality industry, the intense competition in the luxury hotel industry, and the potential loss of the highly profitable management contract of the Regent Hong Kong in 2000.</p>
<p>((Jeffrey Hodgson (416) 941-8105, e-mail: jeffrey.hodgson@reuters.com))</p>
</text>
<copyright>(c) Reuters Limited 1997</copyright>
<metadata>
<codes class="bip:countries:1.0">
  <code code="CANA">
    <editdetail attribution="Reuters BIP Coding Group" action="confirmed" date="1997-03-31"/>
  </code>
</codes>
<codes class="bip:industries:1.0">
  <code code="I66500">
    <editdetail attribution="Reuters BIP Coding Group" action="confirmed" date="1997-03-31"/>
  </code>
</codes>
<codes class="bip:topics:1.0">
  <code code="C17">
    <editdetail attribution="Reuters BIP Coding Group" action="confirmed" date="1997-03-31"/>
  </code>
  <code code="C174">
    <editdetail attribution="Reuters BIP Coding Group" action="confirmed" date="1997-03-31"/>
  </code>
  <code code="CCAT">
    <editdetail attribution="Reuters BIP Coding Group" action="confirmed" date="1997-03-31"/>
  </code>
</codes>
<dc element="dc.date.created" value="1997-03-31"/>
<dc element="dc.publisher" value="Reuters Holdings Plc"/>
<dc element="dc.date.published" value="1997-03-31"/>
<dc element="dc.source" value="Reuters"/>
<dc element="dc.creator.location" value="TORONTO"/>
<dc element="dc.creator.location.country.name" value="CANADA"/>
<dc element="dc.source" value="Reuters"/>
</metadata>
</newsitem>
