<?xml version="1.0" encoding="iso-8859-1" ?>
<newsitem itemid="476099" id="root" date="1997-03-31" xml:lang="en">
<title>CANADA: Bank Canada sets 3rd round of specials at 3.25 pct.</title>
<headline>Bank Canada sets 3rd round of specials at 3.25 pct.</headline>
<dateline>TORONTO 1997-03-31</dateline>
<text>
<p>The Bank of Canada on Monday conducted a third round of special purchase and resale agreements in the money market at 3.25 percent, dealers said.  </p>
<p>The Bank of Canada intervened to add liquidity to the money market for a third time as the call loan or overnight lending rate continued to trade in the upper half of the central bank's 2.75-3.25 percent target range.</p>
<p>Dealers had attributed the unusual pressure on the call loan rate during today's session to end of quarter settlement pressures and a rise in U.S. financing costs.</p>
<p>The central bank had set two rounds of specials at 3.25 percent in money markets on Thursday.</p>
<p>Canada's three-month when-issued T-bill was trading at 3.26 percent in the wake of the intervention.</p>
<p>((Jeffrey Hodgson (416) 941-8105, e-mail: jeffrey.hodgson@reuters.com))</p>
</text>
<copyright>(c) Reuters Limited 1997</copyright>
<metadata>
<codes class="bip:countries:1.0">
  <code code="CANA">
    <editdetail attribution="Reuters BIP Coding Group" action="confirmed" date="1997-03-31"/>
  </code>
</codes>
<codes class="bip:topics:1.0">
  <code code="M13">
    <editdetail attribution="Reuters BIP Coding Group" action="confirmed" date="1997-03-31"/>
  </code>
  <code code="M131">
    <editdetail attribution="Reuters BIP Coding Group" action="confirmed" date="1997-03-31"/>
  </code>
  <code code="MCAT">
    <editdetail attribution="Reuters BIP Coding Group" action="confirmed" date="1997-03-31"/>
  </code>
</codes>
<dc element="dc.date.created" value="1997-03-31"/>
<dc element="dc.publisher" value="Reuters Holdings Plc"/>
<dc element="dc.date.published" value="1997-03-31"/>
<dc element="dc.source" value="Reuters"/>
<dc element="dc.creator.location" value="TORONTO"/>
<dc element="dc.creator.location.country.name" value="CANADA"/>
<dc element="dc.source" value="Reuters"/>
</metadata>
</newsitem>
