<?xml version="1.0" encoding="iso-8859-1" ?>
<newsitem itemid="476063" id="root" date="1997-03-31" xml:lang="en">
<title>KENYA: 10,000 Kenyans homeless after Mombasa slum fire.</title>
<headline>10,000 Kenyans homeless after Mombasa slum fire.</headline>
<dateline>NAIROBI 1997-03-31</dateline>
<text>
<p>Fire swept through a Mombasa slum over the weekend, destroying the homes of 10,000 people, Kenyan television reported on Monday evening.</p>
<p>The report, monitored by the BBC, did not mention any deaths or injuries in the Sunday night blaze in Kisimani slums of the Indian Ocean port's Kisauni Division.</p>
<p>It said thousands of homless people were camping in churches and mosques and appealing to the government for assistance.</p>
</text>
<copyright>(c) Reuters Limited 1997</copyright>
<metadata>
<codes class="bip:countries:1.0">
  <code code="KENYA">
    <editdetail attribution="Reuters BIP Coding Group" action="confirmed" date="1997-03-31"/>
  </code>
</codes>
<codes class="bip:topics:1.0">
  <code code="GCAT">
    <editdetail attribution="Reuters BIP Coding Group" action="confirmed" date="1997-03-31"/>
  </code>
  <code code="GDIS">
    <editdetail attribution="Reuters BIP Coding Group" action="confirmed" date="1997-03-31"/>
  </code>
</codes>
<dc element="dc.date.created" value="1997-03-31"/>
<dc element="dc.publisher" value="Reuters Holdings Plc"/>
<dc element="dc.date.published" value="1997-03-31"/>
<dc element="dc.source" value="Reuters"/>
<dc element="dc.creator.location" value="NAIROBI"/>
<dc element="dc.creator.location.country.name" value="KENYA"/>
<dc element="dc.source" value="Reuters"/>
</metadata>
</newsitem>
