<?xml version="1.0" encoding="iso-8859-1" ?>
<newsitem itemid="476051" id="root" date="1997-03-31" xml:lang="en">
<title>canada: Montreal indices closing - March 31.</title>
<headline>Montreal indices closing - March 31.</headline>
<text>
<p>Industrials		  2759.78  -51.54</p>
<p> Utilities		    2704.22  -34.82</p>
<p> Banks			  4496.30</p>
<p> Portfolio		    2949.74  -51.71</p>
<p> Volume			14298772</p>
</text>
<copyright>(c) Reuters Limited 1997</copyright>
<metadata>
<codes class="bip:countries:1.0">
  <code code="CANA">
    <editdetail attribution="Reuters BIP Coding Group" action="confirmed" date="1997-03-31"/>
  </code>
</codes>
<codes class="bip:topics:1.0">
  <code code="M11">
    <editdetail attribution="Reuters BIP Coding Group" action="confirmed" date="1997-03-31"/>
  </code>
  <code code="MCAT">
    <editdetail attribution="Reuters BIP Coding Group" action="confirmed" date="1997-03-31"/>
  </code>
</codes>
<dc element="dc.publisher" value="Reuters Holdings Plc"/>
<dc element="dc.date.published" value="1997-03-31"/>
<dc element="dc.source" value="Reuters"/>
<dc element="dc.creator.location.country.name" value="CANADA"/>
<dc element="dc.source" value="Reuters"/>
</metadata>
</newsitem>
