<?xml version="1.0" encoding="iso-8859-1" ?>
<newsitem itemid="476078" id="root" date="1997-03-31" xml:lang="en">
<title>NIGERIA: Nigerian peacekeepers told to make peace, not babies.</title>
<headline>Nigerian peacekeepers told to make peace, not babies.</headline>
<dateline>LAGOS 1997-03-31</dateline>
<text>
<p>The commander of West African peacekeeping troops ECOMOG in Liberia said Nigerian soldiers who married local girls there would be discharged from the army.</p>
<p>&quot;We are here to make peace, not babies,&quot; the semi-official Daily Times newspaper on Monday quoted Major-General Sam Victor Malu as saying in the Liberian capital Monrovia.</p>
<p>&quot;You get married to a Liberian, you discharge from the army and leave the barracks a freeman,&quot; he told the troops during a tour of ECOMOG operations by Nigerian journalists.</p>
<p>&quot;But if you want to continue to remain in service, get rid of the Liberian woman, marry a Nigerian and remain in the army and we keep you in the barracks.&quot;</p>
<p>Nigerians constitute the majority of the 10,000 troops that intervened in 1990 in the Liberian civil war. The war has now ended and election to choose a new president is slated for May.</p>
<p>Daily Times said Nigeria's government was planning a census of hundreds of children fathered by its soldiers in Liberia.</p>
</text>
<copyright>(c) Reuters Limited 1997</copyright>
<metadata>
<codes class="bip:countries:1.0">
  <code code="LIBER">
    <editdetail attribution="Reuters BIP Coding Group" action="confirmed" date="1997-03-31"/>
  </code>
  <code code="NIGEA">
    <editdetail attribution="Reuters BIP Coding Group" action="confirmed" date="1997-03-31"/>
  </code>
</codes>
<codes class="bip:topics:1.0">
  <code code="GCAT">
    <editdetail attribution="Reuters BIP Coding Group" action="confirmed" date="1997-03-31"/>
  </code>
  <code code="GODD">
    <editdetail attribution="Reuters BIP Coding Group" action="confirmed" date="1997-03-31"/>
  </code>
  <code code="GVIO">
    <editdetail attribution="Reuters BIP Coding Group" action="confirmed" date="1997-03-31"/>
  </code>
</codes>
<dc element="dc.date.created" value="1997-03-31"/>
<dc element="dc.publisher" value="Reuters Holdings Plc"/>
<dc element="dc.date.published" value="1997-03-31"/>
<dc element="dc.source" value="Reuters"/>
<dc element="dc.creator.location" value="LAGOS"/>
<dc element="dc.creator.location.country.name" value="NIGERIA"/>
<dc element="dc.source" value="Reuters"/>
</metadata>
</newsitem>
