<?xml version="1.0" encoding="iso-8859-1" ?>
<newsitem itemid="476029" id="root" date="1997-03-31" xml:lang="en">
<title>ESTONIA: PRESS DIGEST - ESTONIA - MARCH 31.</title>
<headline>PRESS DIGEST - ESTONIA - MARCH 31.</headline>
<dateline>TALLINN 1997-03-31</dateline>
<text>
<p>The following are the reports carried by Estonia's newspapers on Monday. Reuters has not verified these reports and does not vouch for their accuracy:</p>
<p>ALL NEWSPAPERS</p>
<p>- Foreign Minister Toomas Ilves said during his visit to the U.S. that countries have agreed to hold a second wave of enlargement. The U.S. government is offering the Baltic states a security pact aimed at integrating them into European and international organisations.</p>
<p>- The government of the southern city of Tartu may have to resign as the council factions are uncertain about which partners to choose.</p>
<p>- The ruling Coalition Party council met on Saturday, March 29, to discuss its internal affairs. Mayor of Tallinn Robert Lepikson declared that he had not left the party.</p>
<p>SONUMILEHT</p>
<p>- Interior ministry chancellor Jaan Toots used ministry cars for personal affairs, a news magazine claims.</p>
<p>- Estonia is a member of the Spitzbergen agreement and has a right to mine coal and other minerals in the region, director of the Ecology Institute reminded.</p>
<p>EESTI PAEVALEHT</p>
<p>- The inter-departmental traffic commission proposed to allow a maximum 100-kilometre speed on roads this summer, instead of the present 90-kilometre top speed.</p>
<p>- The international Carnegie Foundation has invited ex-premier Mart Laar to join the advisory chamber of economic reforms as founding member.</p>
<p>POSTIMEES</p>
<p>- The police are to decide, whether to dismiss the prefect of eastern city Narva for distortion of crime statistics and inadequate control over the activities of the subordinated.</p>
<p>- The human rights situation in Estonia in the past or present has been inadequately studied, rector of the Tartu University Peeter Tulviste said at a history conference.</p>
<p>ARIPAEV</p>
<p>- Life in Tallinn has become more expensive due to an impending rises of water, heating and electricity rates. Rises of telephone rates, fuel excise and a national motor vehicle tax will come this summer.</p>
<p>- The interest of local investors is the reason for the continued rise of share prices in the Estonian exchange, analysts claim.</p>
<p>- The Finnish border guard is not yet ready for the Estonian passports with bar codes but scanners are to be set up in most checkpoints by May 1.</p>
<p>-- Riga Newsroom, +371 721 5240</p>
</text>
<copyright>(c) Reuters Limited 1997</copyright>
<metadata>
<codes class="bip:countries:1.0">
  <code code="ESTNIA">
    <editdetail attribution="Reuters BIP Coding Group" action="confirmed" date="1997-03-31"/>
  </code>
</codes>
<codes class="bip:topics:1.0">
  <code code="GCAT">
    <editdetail attribution="Reuters BIP Coding Group" action="confirmed" date="1997-03-31"/>
  </code>
</codes>
<dc element="dc.date.created" value="1997-03-31"/>
<dc element="dc.publisher" value="Reuters Holdings Plc"/>
<dc element="dc.date.published" value="1997-03-31"/>
<dc element="dc.source" value="Reuters"/>
<dc element="dc.creator.location" value="TALLINN"/>
<dc element="dc.creator.location.country.name" value="ESTONIA"/>
<dc element="dc.source" value="Reuters"/>
</metadata>
</newsitem>
