<?xml version="1.0" encoding="iso-8859-1" ?>
<newsitem itemid="476098" id="root" date="1997-03-31" xml:lang="en">
<title>CANADA: Canada gold sector sinks, some juniors rebound.</title>
<headline>Canada gold sector sinks, some juniors rebound.</headline>
<dateline>TORONTO 1997-03-31</dateline>
<text>
<p>The Toronto Stock Exchange gold group sank to a 52-week low on Monday, hit by a general malaise as well as continued jitters about the future of Bre-X Minerals Ltd and its Indonesian gold property.</p>
<p>But analysts said the sector is just now returning to &quot;fair value&quot; after a long stint at lofty levels.</p>
<p>The group was down 92.37 points, or nearly one percent, to 9467.17. This was up from a year-low of 9309.71 hit earlier.</p>
<p>&quot;They have been inflated for some time. It's been the longest run-up, or inflated values, that we have seen ever,&quot; Barry Allan of Gordon Capital Corp said.  </p>
<p>&quot;So on a relative basis (to the TSE 300), yeah, the sector looks cheap. But you have to go back and look at it on an absolute basis. We are only really coming into fair value now, even after what's gone on up to Friday,&quot; Allan added.</p>
<p>On Wednesday and Thursday, gold shares sold off sharply after Bre-X's partner Freeport-McMoRan Copper &amp; Gold Inc cast doubt on the company's claims that it had found a massive gold deposit in Indonesia.</p>
<p>Some junior shares recovered part of the ground lost last week on Monday. Corriente Resources Inc shares spiked 2.55 to 15.85 in active trade.  </p>
<p>Indochina Goldfields Ltd climbed 1.60 to 14.25 while Scorpion Minerals moved up 1.10 to 3.70.</p>
<p>Senior gold shares did not fare as well. But analysts said Bre-X is not the only culprit in the gold sector's fall.</p>
<p>An erosion in the gold price in recent weeks has spooked technical analysts who believe a breach of the US$343 per ounce level would be very bearish for the yellow metal.</p>
<p>A breach of US$352.50 on the upside would take gold bullion into the US$367 range. Bullion was not trading on Monday because of a market holiday in Britain.</p>
<p>&quot;So you've got five points upside from here (to US$352.50 an ounce), and five points downside from here (to US$343 an ounce). We are sitting absolutely in very neutral zone -- it's like a mine field,&quot; Maison Placements technical analyst Joe Ismail said.</p>
<p>&quot;The index was sloppy and it continued to drop down. The index, 9300 (is a good support level). I think when you break 9000, there's a major critical support zone on that index at 8750. If you take the 8750 on that group, forget it.&quot;</p>
<p>Ismail said the index is probably being kept from a rebound because of negative sentiment, which is chiefly a result of the Bre-X jitters.</p>
<p>((Sarah Edmonds, Reuters Toronto Bureau (416) 941-8100, E-mail sarah.edmonds@reuters.com))</p>
</text>
<copyright>(c) Reuters Limited 1997</copyright>
<metadata>
<codes class="bip:countries:1.0">
  <code code="CANA">
    <editdetail attribution="Reuters BIP Coding Group" action="confirmed" date="1997-03-31"/>
  </code>
</codes>
<codes class="bip:industries:1.0">
  <code code="I13000">
    <editdetail attribution="Reuters BIP Coding Group" action="confirmed" date="1997-03-31"/>
  </code>
  <code code="I1300003">
    <editdetail attribution="Reuters BIP Coding Group" action="confirmed" date="1997-03-31"/>
  </code>
  <code code="I21000">
    <editdetail attribution="Reuters BIP Coding Group" action="confirmed" date="1997-03-31"/>
  </code>
</codes>
<codes class="bip:topics:1.0">
  <code code="C15">
    <editdetail attribution="Reuters BIP Coding Group" action="confirmed" date="1997-03-31"/>
  </code>
  <code code="C152">
    <editdetail attribution="Reuters BIP Coding Group" action="confirmed" date="1997-03-31"/>
  </code>
  <code code="CCAT">
    <editdetail attribution="Reuters BIP Coding Group" action="confirmed" date="1997-03-31"/>
  </code>
</codes>
<dc element="dc.date.created" value="1997-03-31"/>
<dc element="dc.publisher" value="Reuters Holdings Plc"/>
<dc element="dc.date.published" value="1997-03-31"/>
<dc element="dc.source" value="Reuters"/>
<dc element="dc.creator.location" value="TORONTO"/>
<dc element="dc.creator.location.country.name" value="CANADA"/>
<dc element="dc.source" value="Reuters"/>
</metadata>
</newsitem>
