<?xml version="1.0" encoding="iso-8859-1" ?>
<newsitem itemid="476094" id="root" date="1997-03-31" xml:lang="en">
<title>CANADA: DBRS confirms Empire ratings.</title>
<headline>DBRS confirms Empire ratings.</headline>
<dateline>TORONTO 1997-03-31</dateline>
<text>
<p>Dominion Bond Rating Service said on Monday it confirmed the ratings for Empire Co's debentures at A (low) and its preferred shares at Pfd-2, both with a negative trend.</p>
<p>The rating agency also confirmed Empire's commercial paper at R-1 (low) with a stable trend.</p>
<p>DBRS said the price war with Loblaw Cos continues to affect earnings at Empire's Sobeys retail unit. The company's investment portfolio has continued to increase in value, which has improved debt coverage ratios, DBRS said.</p>
<p>Empire remained dependent on the mature, slow growth economy of Atlantic Canada but is starting to diversify earnings with expansion into Quebec, DBRS said.</p>
<p>((Reuters Montreal bureau 514-985-2434))</p>
</text>
<copyright>(c) Reuters Limited 1997</copyright>
<metadata>
<codes class="bip:countries:1.0">
  <code code="CANA">
    <editdetail attribution="Reuters BIP Coding Group" action="confirmed" date="1997-03-31"/>
  </code>
</codes>
<codes class="bip:industries:1.0">
  <code code="I61000">
    <editdetail attribution="Reuters BIP Coding Group" action="confirmed" date="1997-03-31"/>
  </code>
  <code code="I64100">
    <editdetail attribution="Reuters BIP Coding Group" action="confirmed" date="1997-03-31"/>
  </code>
</codes>
<codes class="bip:topics:1.0">
  <code code="C17">
    <editdetail attribution="Reuters BIP Coding Group" action="confirmed" date="1997-03-31"/>
  </code>
  <code code="C174">
    <editdetail attribution="Reuters BIP Coding Group" action="confirmed" date="1997-03-31"/>
  </code>
  <code code="CCAT">
    <editdetail attribution="Reuters BIP Coding Group" action="confirmed" date="1997-03-31"/>
  </code>
</codes>
<dc element="dc.date.created" value="1997-03-31"/>
<dc element="dc.publisher" value="Reuters Holdings Plc"/>
<dc element="dc.date.published" value="1997-03-31"/>
<dc element="dc.source" value="Reuters"/>
<dc element="dc.creator.location" value="TORONTO"/>
<dc element="dc.creator.location.country.name" value="CANADA"/>
<dc element="dc.source" value="Reuters"/>
</metadata>
</newsitem>
