<?xml version="1.0" encoding="iso-8859-1" ?>
<newsitem itemid="476017" id="root" date="1997-03-31" xml:lang="en">
<title>MACEDONIA: PRESS DIGEST - MACEDONIA - MARCH  31.</title>
<headline>PRESS DIGEST - MACEDONIA - MARCH  31.</headline>
<text>
<p>SKOPJE, March 31 - These are the leading stories in the Skopje press on Monday. Reuters has not verified these stories and cannot vouch for their accuracy.</p>
<p>NOVA MAKEDONIJA</p>
<p>- Minister for Construction Jorgo Sundovski denies any link with scandal-ridden TAT financial institution, says there is no reason for him to resign.</p>
<p>- Association of depositors complains about authorities' tardy handing of TAT problem.</p>
<p>VECER</p>
<p>- Bitola city Mayor Siljan Micevski and wife arrested on suspicion of involvement in TAT scandal. Municipal authorities to discuss problem on Tuesday.</p>
<p>-- Mircela Casule, Skopje newsroom +389 91 201196</p>
</text>
<copyright>(c) Reuters Limited 1997</copyright>
<metadata>
<codes class="bip:countries:1.0">
  <code code="MCDNIA">
    <editdetail attribution="Reuters BIP Coding Group" action="confirmed" date="1997-03-31"/>
  </code>
</codes>
<codes class="bip:topics:1.0">
  <code code="GCAT">
    <editdetail attribution="Reuters BIP Coding Group" action="confirmed" date="1997-03-31"/>
  </code>
</codes>
<dc element="dc.publisher" value="Reuters Holdings Plc"/>
<dc element="dc.date.published" value="1997-03-31"/>
<dc element="dc.source" value="Reuters"/>
<dc element="dc.creator.location.country.name" value="MACEDONIA"/>
<dc element="dc.source" value="Reuters"/>
</metadata>
</newsitem>
