<?xml version="1.0" encoding="iso-8859-1" ?>
<newsitem itemid="476024" id="root" date="1997-03-31" xml:lang="en">
<title>BULGARIA: BULGARIA SEEKS ADVISERS FOR SALE OF STATE FIRMS.</title>
<headline>BULGARIA SEEKS ADVISERS FOR SALE OF STATE FIRMS.</headline>
<dateline>SOFIA 1997-03-31</dateline>
<text>
<p>The Bulgarian government is seeking financial advisers for the planned sale of 22 state firms, including Balkan Airlines, the Neftochim refinery, shipyards and steelworks.</p>
<p>An announcement from the Privatisation Agency said bids for the enterprises would be invited from April 21, and banks and consultancies should apply by April 18.</p>
<p>Companies to be privatised include the Varna, Rousse and Bourgas shipyards, the Kremikovtsi and Stomana steelworks, fertiliser producer Neohim, motor vehicle producer Chavdar, and fuel distributor and retailer Petrol.</p>
<p>Many of the companies have been on the Privatisation Agency's list for some time. Russia's Rosneft has expressed an interest in buying a stake in Neftochim, but the Privatisation Agency suspended a previous attempt to privatise Balkan Airlines after it failed to find a buyer.</p>
<p>Privatisations are a key part of Bulgaria's commitments to the International Monetary Fund under a new standby agreement due to go before the IMF board in April for approval.</p>
<p>The privatisations will take place under the new government to be elected on April 19. The previous Socialist administration, ousted in February after a month of mass protests, was blamed for moving too slowly on privatisation.</p>
<p>On Wednesday, the Privatisation Agency supervisory board dismissed executive director Vesselin Blagoev, citing a lack of initiative and flexibility in the privatisation process and a lack of co-ordination between the agency's executive body and the supervisory board and government.</p>
<p>His successor is expected to be named this week.</p>
</text>
<copyright>(c) Reuters Limited 1997</copyright>
<metadata>
<codes class="bip:countries:1.0">
  <code code="BUL">
    <editdetail attribution="Reuters BIP Coding Group" action="confirmed" date="1997-03-31"/>
  </code>
</codes>
<codes class="bip:industries:1.0">
  <code code="I22100">
    <editdetail attribution="Reuters BIP Coding Group" action="confirmed" date="1997-03-31"/>
  </code>
  <code code="I25120">
    <editdetail attribution="Reuters BIP Coding Group" action="confirmed" date="1997-03-31"/>
  </code>
  <code code="I35102">
    <editdetail attribution="Reuters BIP Coding Group" action="confirmed" date="1997-03-31"/>
  </code>
  <code code="I36101">
    <editdetail attribution="Reuters BIP Coding Group" action="confirmed" date="1997-03-31"/>
  </code>
  <code code="I65200">
    <editdetail attribution="Reuters BIP Coding Group" action="confirmed" date="1997-03-31"/>
  </code>
  <code code="I75000">
    <editdetail attribution="Reuters BIP Coding Group" action="confirmed" date="1997-03-31"/>
  </code>
</codes>
<codes class="bip:topics:1.0">
  <code code="C18">
    <editdetail attribution="Reuters BIP Coding Group" action="confirmed" date="1997-03-31"/>
  </code>
  <code code="C183">
    <editdetail attribution="Reuters BIP Coding Group" action="confirmed" date="1997-03-31"/>
  </code>
  <code code="C33">
    <editdetail attribution="Reuters BIP Coding Group" action="confirmed" date="1997-03-31"/>
  </code>
  <code code="CCAT">
    <editdetail attribution="Reuters BIP Coding Group" action="confirmed" date="1997-03-31"/>
  </code>
</codes>
<dc element="dc.date.created" value="1997-03-31"/>
<dc element="dc.publisher" value="Reuters Holdings Plc"/>
<dc element="dc.date.published" value="1997-03-31"/>
<dc element="dc.source" value="Reuters"/>
<dc element="dc.creator.location" value="SOFIA"/>
<dc element="dc.creator.location.country.name" value="BULGARIA"/>
<dc element="dc.source" value="Reuters"/>
</metadata>
</newsitem>
