<?xml version="1.0" encoding="iso-8859-1" ?>
<newsitem itemid="476084" id="root" date="1997-03-31" xml:lang="en">
<title>CANADA: Toronto stocks recover some losses, but end down.</title>
<headline>Toronto stocks recover some losses, but end down.</headline>
<dateline>TORONTO 1997-03-31</dateline>
<text>
<p>CHANGE				    CHANGE</p>
<p>TSE	  5850.22   -81.53    HI 5908.81	    LO  5908.52</p>
<p>DJI	  6603.87   -136.72   GOLD (LONDON)   US$348.10 +2.10</p>
<p>FTSE100    4312.90    +11.40   GOLD (NY-COMEX) US$349.20 -1.00</p>
<p>NIKKEI    18003.40   -186.32   LME CASH NICKEL US$7580   +20.0</p>
<p>CANDLR	1.3841		 LME CASH ALUM   US$1606.0  +0.0</p>
<p>CAN 30-YR   107.60     -0.13   NYMEX CRUDE     US$20.72  +0.02</p>
<p>--------------------MARKET COMMENT----------------------------</p>
<p>* Toronto stocks recovered from midday losses of around two percent, but ended the session 1.23 percent lower on Monday on rate jitters and fallout from the Bre-X Minerals Ltd saga.  </p>
<p>Toronto stocks recovered from midday losses, but still ended the day 1.23 percent lower on interest rate fears and fallout from Bre-X Minerals Ltd.</p>
<p>The TSE 300 key composite index fell 81.53 points to 5850.22 on turnover of 74.94 million shares for a value of C$1.21 billion. Advancing stocks trailed declining stocks 264 to 739 with 294 stocks unchanged.</p>
<p>Traders said investor jitters remained dominant in the market amid confusion over the Bre-X situation and the belief that a 25-basis point hike in interest rates last week by the U.S. Federal Reserve could be matched by another in May.  </p>
<p>&quot;It's the Bre-X fears, the higher interest rate fears and you've got a very nervous market here,&quot; said Josef Schachter of Schachter Asset Management Inc.</p>
<p>Schachter said there is probably another 100 to 200 points worth of losses to come, but a recovery could come from first quarter earnings reports due to begin appearing next week.</p>
<p>&quot;Right now the market is running on fear and with the quarter's end there is probably a ton of dumping going on as people blow positions away.&quot;</p>
<p>Banks and brokerages led the fall for sub-indices on the Toronto as the Financial Services index slid 2.14 percent.</p>
<p>Analysts said the possibility of higher U.S. rates could mean thinner bottom lines for Canadian banks as spreads widen and speculation emerges about possible interest rate rises in Canada.</p>
<p>HOT STOCKS</p>
<p>* Bre-X Minerals Ltd shares were halted, but the exchange said on Monday that it plans to resume trading on Tuesday.</p>
<p>The company issued a statement earlier, urging the Toronto exchange to keep the shares halted until a study by Freeport- McMoran Copper and Gold Inc was completed and Strathcona Minerals, Bre-X's consultant completed an audit of earlier drilling results. Traders said the &quot;sheer number of orders&quot; backlogged on the stock should spur another active session for the small miner.</p>
<p>((Reuters Toronto Bureau 416 941-8100))</p>
</text>
<copyright>(c) Reuters Limited 1997</copyright>
<metadata>
<codes class="bip:countries:1.0">
  <code code="CANA">
    <editdetail attribution="Reuters BIP Coding Group" action="confirmed" date="1997-03-31"/>
  </code>
</codes>
<codes class="bip:topics:1.0">
  <code code="M11">
    <editdetail attribution="Reuters BIP Coding Group" action="confirmed" date="1997-03-31"/>
  </code>
  <code code="MCAT">
    <editdetail attribution="Reuters BIP Coding Group" action="confirmed" date="1997-03-31"/>
  </code>
</codes>
<dc element="dc.date.created" value="1997-03-31"/>
<dc element="dc.publisher" value="Reuters Holdings Plc"/>
<dc element="dc.date.published" value="1997-03-31"/>
<dc element="dc.source" value="Reuters"/>
<dc element="dc.creator.location" value="TORONTO"/>
<dc element="dc.creator.location.country.name" value="CANADA"/>
<dc element="dc.source" value="Reuters"/>
</metadata>
</newsitem>
