<?xml version="1.0" encoding="iso-8859-1" ?>
<newsitem itemid="476061" id="root" date="1997-03-31" xml:lang="en">
<title>ZAIRE: Blast kills man at Kinshasa airport, bomb suspected.</title>
<headline>Blast kills man at Kinshasa airport, bomb suspected.</headline>
<byline>William Wallis</byline>
<dateline>KINSHASA 1997-03-31</dateline>
<text>
<p>An explosion killed one man in Kinshasa's international airport early on Monday, airport officials said.</p>
<p>Airline sources said it looked as though the cause was a bomb.</p>
<p>It was not immediately clear whether the blast, at a customs office adjoining an office of Zairean military intelligence, was linked to the revolt in the east or a personal grievance against the customs service.</p>
<p>The blast did not disrupt flights to and from the airport but Western airlines called for increased security.</p>
<p>The dead man, a retired Zairean telecommunications worker, was killed when a wall collapsed due to the 4 a.m. blast. A second man was slightly hurt.</p>
<p>Soldiers sealed the area off and launched an investigation.</p>
<p>One Western airline source said initial investigations suggested that the explosive TNT had been used.</p>
<p>&quot;Zaire isn't used to the idea of terrorist attacks,&quot; he said. &quot;They don't have any sophisticated laboratires to help their investigations.&quot;</p>
<p>&quot;We don't know yet what caused the incident but it doesn't look like an accident,&quot; a senior airport official told Reuters. &quot;It was lucky it happened during the night when there were few people around,&quot; he added.</p>
<p>Western airlines called for tighter security. They insisted that informal protocol fixers used by many passengers to smooth their arrival be banned.</p>
<p>Air France, Sabena, South African Airlines, Cameroon Airlines, Ethiopian Airlines and the Portuguese airline TAP run flights to the airport.</p>
<p>A Sabena flight landed an hour after the blast. Zaire Airlines, the main commercial airline in Zaire, said it would be running a normal schedule.</p>
<p>The senior airport officials said the dead man was a retired employee of the state telecommunications company who was at the airport to buy goods to trade in town.</p>
<p>Rebels, who took up arms in October, are fighting to topple veteran President Mobutu Sese Seko. They hold a quarter of the sprawling Central African nation, mainly in the east and south.</p>
</text>
<copyright>(c) Reuters Limited 1997</copyright>
<metadata>
<codes class="bip:countries:1.0">
  <code code="ZAIRE">
    <editdetail attribution="Reuters BIP Coding Group" action="confirmed" date="1997-03-31"/>
  </code>
</codes>
<codes class="bip:industries:1.0">
  <code code="I76400">
    <editdetail attribution="Reuters BIP Coding Group" action="confirmed" date="1997-03-31"/>
  </code>
</codes>
<codes class="bip:topics:1.0">
  <code code="CCAT">
    <editdetail attribution="Reuters BIP Coding Group" action="confirmed" date="1997-03-31"/>
  </code>
  <code code="GCAT">
    <editdetail attribution="Reuters BIP Coding Group" action="confirmed" date="1997-03-31"/>
  </code>
  <code code="GVIO">
    <editdetail attribution="Reuters BIP Coding Group" action="confirmed" date="1997-03-31"/>
  </code>
</codes>
<dc element="dc.date.created" value="1997-03-31"/>
<dc element="dc.publisher" value="Reuters Holdings Plc"/>
<dc element="dc.date.published" value="1997-03-31"/>
<dc element="dc.source" value="Reuters"/>
<dc element="dc.creator.location" value="KINSHASA"/>
<dc element="dc.creator.location.country.name" value="ZAIRE"/>
<dc element="dc.source" value="Reuters"/>
</metadata>
</newsitem>
