<?xml version="1.0" encoding="iso-8859-1" ?>
<newsitem itemid="476055" id="root" date="1997-03-31" xml:lang="en">
<title>CANADA: Barrick did assays on Busang cores.</title>
<headline>Barrick did assays on Busang cores.</headline>
<dateline>TORONTO 1997-03-31</dateline>
<text>
<p>Barrick Gold Corp, the thwarted suitor of Bre-X Minerals Ltd, did tests on hundreds of Busang gold samples supplied to it by Bre-X, the company said on Monday.</p>
<p>But Barrick never did its own drilling.</p>
<p>&quot;We started our due diligence process and that included taking the samples provided to us and doing assays. But we never did our own drilling,&quot; Barrick spokesman Vince Borg said in a telephone interview.</p>
<p>Borg would not discuss what the assays disclosed because of a confidentiality agreement between Barrick and Bre-X. One industry source said that the Barrick results &quot;largely&quot; confirmed Bre-X's.</p>
<p>Bre-X shares have skyrocketed over the past two years after it discovered what was touted as the largest gold find this century.</p>
<p>But the bubble burst last week when Freeport-McMoRan Copper &amp; Gold Inc, the new partner of Calgary-based Bre-X, said samples it had drilled and tested from the Indonesian property contained &quot;insignificant&quot; amounts of gold.</p>
<p>On Thursday, sellers hacked almost C$3 billion off Bre-X's market value when the stock resumed trading on the Toronto Stock Exchange after being halted for most of the session.</p>
<p>Bre-X shares were halted on the Toronto and Nasdaq exchanges on Monday, pending news.</p>
<p>((Sarah Edmonds, Reuters Toronto Bureau (416) 941-8100, E-mail sarah.edmonds@reuters.com))</p>
</text>
<copyright>(c) Reuters Limited 1997</copyright>
<metadata>
<codes class="bip:countries:1.0">
  <code code="CANA">
    <editdetail attribution="Reuters BIP Coding Group" action="confirmed" date="1997-03-31"/>
  </code>
</codes>
<codes class="bip:industries:1.0">
  <code code="I21000">
    <editdetail attribution="Reuters BIP Coding Group" action="confirmed" date="1997-03-31"/>
  </code>
</codes>
<codes class="bip:topics:1.0">
  <code code="C24">
    <editdetail attribution="Reuters BIP Coding Group" action="confirmed" date="1997-03-31"/>
  </code>
  <code code="CCAT">
    <editdetail attribution="Reuters BIP Coding Group" action="confirmed" date="1997-03-31"/>
  </code>
</codes>
<dc element="dc.date.created" value="1997-03-31"/>
<dc element="dc.publisher" value="Reuters Holdings Plc"/>
<dc element="dc.date.published" value="1997-03-31"/>
<dc element="dc.source" value="Reuters"/>
<dc element="dc.creator.location" value="TORONTO"/>
<dc element="dc.creator.location.country.name" value="CANADA"/>
<dc element="dc.source" value="Reuters"/>
</metadata>
</newsitem>
