<?xml version="1.0" encoding="iso-8859-1" ?>
<newsitem itemid="476072" id="root" date="1997-03-31" xml:lang="en">
<title>SIERRA LEONE: Sierra Leone rebel commanders take envoys hostage.</title>
<headline>Sierra Leone rebel commanders take envoys hostage.</headline>
<dateline>FREETOWN 1997-03-31</dateline>
<text>
<p>Rebel commanders in Sierra Leone seized its ambassador to Guinea and rebel officials who went for elections to replace Foday Sankoh as their leader, a member of the movement's political wing said on Monday.</p>
<p>Agnes Jalloh told Reuters that Revolutionary United Front (RUF) field commanders, apparently Sankoh loyalists, tricked the ambassador and officials from the RUF external delegation into crossing into Sierra Leone from Guinea on Saturday.</p>
<p>&quot;The RUF delegation had been warned not to cross over to Sierra Leone (from Guinea) but the RUF field commanders deceived them... assuring them of their security and of their desire to replace Sankoh,&quot; she said in the capital Freetown.</p>
<p>Jalloh, whose husband is among three officials held, said they were seized in Kailahun district on Saturday evening.</p>
<p>The commanders had made no immediate demands, she added.</p>
<p>The RUF's external negotiators announced on March 15 that Sankoh was to be replaced as head of the movement because he had been blocking the peace process. At the time, they said that the move had the full backing of RUF field commanders.</p>
<p>Sankoh has been in Nigeria since early March. Officially, the Nigerians say he is a guest of the government but Nigeria's ambassador to Freetown has said he is under house arrest after trying to enter the country with a gun.</p>
<p>Nigeria is the regional power broker in West Africa.</p>
<p>Sankoh, who took up arms in 1991, signed a peace deal with civilian President Ahmad Tejan Kabbah in Ivory Coast on November 30. Implementation has dragged.</p>
</text>
<copyright>(c) Reuters Limited 1997</copyright>
<metadata>
<codes class="bip:countries:1.0">
  <code code="GUREP">
    <editdetail attribution="Reuters BIP Coding Group" action="confirmed" date="1997-03-31"/>
  </code>
  <code code="SILEN">
    <editdetail attribution="Reuters BIP Coding Group" action="confirmed" date="1997-03-31"/>
  </code>
</codes>
<codes class="bip:topics:1.0">
  <code code="GCAT">
    <editdetail attribution="Reuters BIP Coding Group" action="confirmed" date="1997-03-31"/>
  </code>
  <code code="GDIP">
    <editdetail attribution="Reuters BIP Coding Group" action="confirmed" date="1997-03-31"/>
  </code>
  <code code="GVIO">
    <editdetail attribution="Reuters BIP Coding Group" action="confirmed" date="1997-03-31"/>
  </code>
</codes>
<dc element="dc.date.created" value="1997-03-31"/>
<dc element="dc.publisher" value="Reuters Holdings Plc"/>
<dc element="dc.date.published" value="1997-03-31"/>
<dc element="dc.source" value="Reuters"/>
<dc element="dc.creator.location" value="FREETOWN"/>
<dc element="dc.creator.location.country.name" value="SIERRA LEONE"/>
<dc element="dc.source" value="Reuters"/>
</metadata>
</newsitem>
