<?xml version="1.0" encoding="iso-8859-1" ?>
<newsitem itemid="476089" id="root" date="1997-03-31" xml:lang="en">
<title>CANADA: Gulf signs land deal with Alberta Indians.</title>
<headline>Gulf signs land deal with Alberta Indians.</headline>
<dateline>CALGARY 1997-03-31</dateline>
<text>
<p>Gulf Canada Resources Ltd said on Monday it signed a land access agreement with an Alberta native group, the company's second deal with North American Indians in the past four months.</p>
<p>Gulf Canada said it signed an exclusive lease with the Four Nations of Hobbema for the right to explore for oil and gas on their 4,800-acre reserve at Pigeon Lake, Alberta.</p>
<p>The lease, which calls for a 3D seismic program, up to two well re-entries and a commitment to drill up to two new wells, was approved by the Samson Cree Nation, the Ermineskin Nation, the Louis Bull Nation and the Montana Nation, the company said.</p>
<p>In December, Gulf Canada signed an agreement with the Sioux and Assiniboine tribes of Fort Peck, Montana, giving it access to 110,000 acres of exploration lands in that state.</p>
<p>Besides paying an undisclosed bonus, Gulf Canada said it would agreed to establish a C$50,000 college scholarship for members of the four Indian nations.</p>
<p>It said operations would be carried out under a joint agreement between Gulf Canada, with a 75 percent interest, and Native Power Canada Corp, with 25 percent.</p>
<p>((Reuters Calgary Bureau (403) 531-1624))</p>
</text>
<copyright>(c) Reuters Limited 1997</copyright>
<metadata>
<codes class="bip:countries:1.0">
  <code code="CANA">
    <editdetail attribution="Reuters BIP Coding Group" action="confirmed" date="1997-03-31"/>
  </code>
</codes>
<codes class="bip:industries:1.0">
  <code code="I13000">
    <editdetail attribution="Reuters BIP Coding Group" action="confirmed" date="1997-03-31"/>
  </code>
  <code code="I1300003">
    <editdetail attribution="Reuters BIP Coding Group" action="confirmed" date="1997-03-31"/>
  </code>
</codes>
<codes class="bip:topics:1.0">
  <code code="C24">
    <editdetail attribution="Reuters BIP Coding Group" action="confirmed" date="1997-03-31"/>
  </code>
  <code code="C33">
    <editdetail attribution="Reuters BIP Coding Group" action="confirmed" date="1997-03-31"/>
  </code>
  <code code="CCAT">
    <editdetail attribution="Reuters BIP Coding Group" action="confirmed" date="1997-03-31"/>
  </code>
</codes>
<dc element="dc.date.created" value="1997-03-31"/>
<dc element="dc.publisher" value="Reuters Holdings Plc"/>
<dc element="dc.date.published" value="1997-03-31"/>
<dc element="dc.source" value="Reuters"/>
<dc element="dc.creator.location" value="CALGARY"/>
<dc element="dc.creator.location.country.name" value="CANADA"/>
<dc element="dc.source" value="Reuters"/>
</metadata>
</newsitem>
