<?xml version="1.0" encoding="iso-8859-1" ?>
<newsitem itemid="476043" id="root" date="1997-03-31" xml:lang="en">
<title>UK: Reuters historical calendar - April 7.</title>
<headline>Reuters historical calendar - April 7.</headline>
<dateline>LONDON 1997-03-31</dateline>
<text>
<p>Following are some of the major events to have occurred on April 7 in history:</p>
<p>1118 - Pope Gelasius II excommunicated Henry V, Holy Roman Emperor, at Capua.</p>
<p>1348 - Prague University, the first in central Europe, was founded by Charles IV, King of Bohemia.</p>
<p>1506 - St Francis Xavier, Spanish Jesuit missionary, born. One of the best known Roman Catholic missionaries, he brought Christianity to Japan and India.</p>
<p>1739 - Dick Turpin, English highwayman, was hanged for murder at York. Before turning into a highwayman, he was a butcher's apprentice.</p>
<p>1770 - William Wordsworth, English poet, born. The English Lake District supplied the inspiration for much of his his best poetry.</p>
<p>1823 - French forces under Louis de Bourbon invaded Spain, beginning the Franco-Spanish war.</p>
<p>1831 - Pedro I of Brazil abdicated in favour of his son Pedro II in order to return to Portugal.</p>
<p>1862 - In the U.S civil war, the Federal army under Grant defeated the Confederates under Albert Johnston at the Battle of Shiloh near Pittsburgh Landing. Johnston was killed during the battle.</p>
<p>1891 - Phineas T. Barnum, U.S. showman, died. Famed for his amusements and spectacular circuses, he also brought Swedish operatic soprano Jenny Lind to tour America in 1850.</p>
<p>1915 - Billie Holiday, U.S. jazz singer, born as Eleanora Fagan. She sang with all the American big band leaders of her day while developing her own intimate style.</p>
<p>1934 - In India, Mahatma Gandhi suspended his campaign of civil disobedience.</p>
<p>1939 - Italian troops began their invasion of Albania.</p>
<p>1943 - Adolf Hitler and Benito Mussolini met for an Axis conference in Salzburg.</p>
<p>1945 - U.S. navy aircraft sank Japan's largest battleship, the Yamato.</p>
<p>1947 - Henry Ford, U.S. motor manufacturer, died. He pioneered the &quot;assembly line&quot; mass production technique and was thus able to sell cars at only $500.</p>
<p>1948 - The constitution of the World Health Organisation came into force.</p>
<p>1953 - Dag Hammarskjold of Sweden was elected Secretary General of the United Nations by 57 votes to one.</p>
<p>1955 - Theda Bara (Theodosia Goodman), U.S. silent film actress, died. In films from 1915, she was best known for her exotic roles in films notably &quot;Carmen&quot; and &quot;Cleopatra&quot;.</p>
<p>1963 - The Socialist Federal Republic of Yugoslavia was established with Marshall Tito as its president for life.</p>
<p>1970 - U.S. court confirmed it had closed the investigation of Senator Edward Kennedy over the car crash in which Mary Jo Kopechne died at Chappaquiddick in 1969.</p>
<p>1980 - U.S. President Jimmy Carter broke off diplomatic relations with Iran and ordered out all Iranian embassy staff because of the detention of U.S. embassy hostages in Tehran.</p>
<p>1981 - Voters approved a new constitution in the Philippines, giving President Marcos sweeping powers.</p>
<p>1990 - The Scandinavian Star, a Bahamas-registered ferry operated by the Da No Line, caught fire while on a journey between Norway and Denmark; 158 people were killed.</p>
<p>1994 - Rwandan Prime Minister Agathe Uwilingiyimana was killed as troops, presidential guards, police and gangs of youths rampaged through the capital Kigali in a chaotic orgy of bloodletting.</p>
<p>1994 - Israel indefinitely sealed off the occupied West bank and Gaza Strip, banning Palestinians from entering Israel-proper and East Jerusalem after two Arab guerrilla attacks.</p>
</text>
<copyright>(c) Reuters Limited 1997</copyright>
<metadata>
<codes class="bip:countries:1.0">
  <code code="UK">
    <editdetail attribution="Reuters BIP Coding Group" action="confirmed" date="1997-03-31"/>
  </code>
</codes>
<codes class="bip:topics:1.0">
  <code code="GCAT">
    <editdetail attribution="Reuters BIP Coding Group" action="confirmed" date="1997-03-31"/>
  </code>
</codes>
<dc element="dc.date.created" value="1997-03-31"/>
<dc element="dc.publisher" value="Reuters Holdings Plc"/>
<dc element="dc.date.published" value="1997-03-31"/>
<dc element="dc.source" value="Reuters"/>
<dc element="dc.creator.location" value="LONDON"/>
<dc element="dc.creator.location.country.name" value="UK"/>
<dc element="dc.source" value="Reuters"/>
</metadata>
</newsitem>
