<?xml version="1.0" encoding="iso-8859-1" ?>
<newsitem itemid="476031" id="root" date="1997-03-31" xml:lang="en">
<title>KAZAKHSTAN: UZBEK PRESIDENT KARIMOV TO VISIT GREECE.</title>
<headline>UZBEK PRESIDENT KARIMOV TO VISIT GREECE.</headline>
<dateline>ALMATY, Kazakhstan 1997-03-31</dateline>
<text>
<p>Uzbek President Islam Karimov leaves on Monday for a three-day official visit to Greece, a Foreign Ministry official said.</p>
<p>Karimov was to hold talks with Greek President Costis Stephanopoulos and the country's parliamentary chairman, the spokeswoman told Reuters by telephone from the Uzbek capital Tashkent.</p>
<p>The leader of the former Soviet republic, a major cotton and gold producer, was also due to meet Greek businessmen.</p>
<p>&quot;But the most important event within the framework of the visit will be the signing of a friendship and cooperation treaty between both countries,&quot; the official said.</p>
</text>
<copyright>(c) Reuters Limited 1997</copyright>
<metadata>
<codes class="bip:countries:1.0">
  <code code="GREECE">
    <editdetail attribution="Reuters BIP Coding Group" action="confirmed" date="1997-03-31"/>
  </code>
  <code code="KAZK">
    <editdetail attribution="Reuters BIP Coding Group" action="confirmed" date="1997-03-31"/>
  </code>
  <code code="UZBK">
    <editdetail attribution="Reuters BIP Coding Group" action="confirmed" date="1997-03-31"/>
  </code>
</codes>
<codes class="bip:topics:1.0">
  <code code="GCAT">
    <editdetail attribution="Reuters BIP Coding Group" action="confirmed" date="1997-03-31"/>
  </code>
  <code code="GDIP">
    <editdetail attribution="Reuters BIP Coding Group" action="confirmed" date="1997-03-31"/>
  </code>
</codes>
<dc element="dc.date.created" value="1997-03-31"/>
<dc element="dc.publisher" value="Reuters Holdings Plc"/>
<dc element="dc.date.published" value="1997-03-31"/>
<dc element="dc.source" value="Reuters"/>
<dc element="dc.creator.location" value="ALMATY, Kazakhstan"/>
<dc element="dc.creator.location.country.name" value="KAZAKHSTAN"/>
<dc element="dc.source" value="Reuters"/>
</metadata>
</newsitem>
