<?xml version="1.0" encoding="iso-8859-1" ?>
<newsitem itemid="476026" id="root" date="1997-03-31" xml:lang="en">
<title>LITHUANIA: UKIO TO RAISE CAPITAL, ELECTS SWEDFUND MEMBER.</title>
<headline>UKIO TO RAISE CAPITAL, ELECTS SWEDFUND MEMBER.</headline>
<dateline>VILNIUS 1997-03-31</dateline>
<text>
<p>Lithuania's Ukio Bankas plans to boost its capital by a further 18 million litas with an issue of shares or a mix of shares and subordinated debt in the second half of the year, the bank said on Monday.</p>
<p>The bank said in a statement after a Saturday shareholder meeting that shareholders approved the planned capital rise.</p>
<p>&quot;The bank has identified a need for further capital increase of 18 million litas in 1997 to expand lending acitivity, attract more funding, invest in the development of a debit card network and venture into leasing and the insurance business,&quot; Ukio said.</p>
<p>The bank also said it has elected the managing director of Swedfund to the bank, Olle Arefalk. Two other new board members were also elected: Byoung Hom Kim and In Hwan Song.</p>
<p>The bank said that it last increased its capital in December 1996 by 18 million litas and more than 50 percent of the bank is now owned by foreign investors.</p>
<p>-- Riga Newsroom, +371 721 5240</p>
</text>
<copyright>(c) Reuters Limited 1997</copyright>
<metadata>
<codes class="bip:countries:1.0">
  <code code="LITH">
    <editdetail attribution="Reuters BIP Coding Group" action="confirmed" date="1997-03-31"/>
  </code>
  <code code="SWED">
    <editdetail attribution="Reuters BIP Coding Group" action="confirmed" date="1997-03-31"/>
  </code>
</codes>
<codes class="bip:industries:1.0">
  <code code="I81402">
    <editdetail attribution="Reuters BIP Coding Group" action="confirmed" date="1997-03-31"/>
  </code>
  <code code="I81403">
    <editdetail attribution="Reuters BIP Coding Group" action="confirmed" date="1997-03-31"/>
  </code>
</codes>
<codes class="bip:topics:1.0">
  <code code="C17">
    <editdetail attribution="Reuters BIP Coding Group" action="confirmed" date="1997-03-31"/>
  </code>
  <code code="C171">
    <editdetail attribution="Reuters BIP Coding Group" action="confirmed" date="1997-03-31"/>
  </code>
  <code code="C172">
    <editdetail attribution="Reuters BIP Coding Group" action="confirmed" date="1997-03-31"/>
  </code>
  <code code="C41">
    <editdetail attribution="Reuters BIP Coding Group" action="confirmed" date="1997-03-31"/>
  </code>
  <code code="C411">
    <editdetail attribution="Reuters BIP Coding Group" action="confirmed" date="1997-03-31"/>
  </code>
  <code code="CCAT">
    <editdetail attribution="Reuters BIP Coding Group" action="confirmed" date="1997-03-31"/>
  </code>
</codes>
<dc element="dc.date.created" value="1997-03-31"/>
<dc element="dc.publisher" value="Reuters Holdings Plc"/>
<dc element="dc.date.published" value="1997-03-31"/>
<dc element="dc.source" value="Reuters"/>
<dc element="dc.creator.location" value="VILNIUS"/>
<dc element="dc.creator.location.country.name" value="LITHUANIA"/>
<dc element="dc.source" value="Reuters"/>
</metadata>
</newsitem>
