<?xml version="1.0" encoding="iso-8859-1" ?>
<newsitem itemid="476042" id="root" date="1997-03-31" xml:lang="en">
<title>UK: UK business failure rates drops in Q1 - survey.</title>
<headline>UK business failure rates drops in Q1 - survey.</headline>
<dateline>LONDON 1996-04-01</dateline>
<text>
<p>The number of British businesses going bust dropped in the first quarter of this year, according to a survey published on Tuesday.</p>
<p>The number of business failures fell to 10,329 in the quarter compared with 11,430 in the same period of 1996, according to the survey by Dun and Bradstreet, the business information company.</p>
<p>Dun and Bradstreet said a decline of 13.7 percent in the proportion of larger companies going into liquidation was mainly behind the overall drop.</p>
<p>Company liquidations fell to 4,517 in the first quarter of this year from 5,237 in the first three months of 1996.</p>
<p>Business failures dropped in every region of the the UK except the West Midlands.</p>
<p>--London Newsroom +44 171 542 4019</p>
</text>
<copyright>(c) Reuters Limited 1997</copyright>
<metadata>
<codes class="bip:countries:1.0">
  <code code="UK">
    <editdetail attribution="Reuters BIP Coding Group" action="confirmed" date="1997-03-31"/>
  </code>
</codes>
<codes class="bip:topics:1.0">
  <code code="C16">
    <editdetail attribution="Reuters BIP Coding Group" action="confirmed" date="1997-03-31"/>
  </code>
  <code code="CCAT">
    <editdetail attribution="Reuters BIP Coding Group" action="confirmed" date="1997-03-31"/>
  </code>
  <code code="ECAT">
    <editdetail attribution="Reuters BIP Coding Group" action="confirmed" date="1997-03-31"/>
  </code>
</codes>
<dc element="dc.date.created" value="1996-04-01"/>
<dc element="dc.publisher" value="Reuters Holdings Plc"/>
<dc element="dc.date.published" value="1997-03-31"/>
<dc element="dc.source" value="Reuters"/>
<dc element="dc.creator.location" value="LONDON"/>
<dc element="dc.creator.location.country.name" value="UK"/>
<dc element="dc.source" value="Reuters"/>
</metadata>
</newsitem>
