<?xml version="1.0" encoding="iso-8859-1" ?>
<newsitem itemid="476081" id="root" date="1997-03-31" xml:lang="en">
<title>ZAIRE: Zaire rebels ready for peace talks on Thursday.</title>
<headline>Zaire rebels ready for peace talks on Thursday.</headline>
<dateline>GOMA, Zaire 1997-03-31</dateline>
<text>
<p>Zaire rebels said on Monday they were ready for talks with President Mobutu Sese Seko's representatives on Thursday to prepare for a meeting between him and rebel chief Laurent Kabila.</p>
<p>Mwanze Kongolo, justice commissioner in the rebel Alliance of Democratic Forces for the Liberation Congo-Zaire (AFDL), told Reuters this week's talks would almost certainly take place in South Africa.</p>
<p>&quot;We are ready for peace talks on Thursday,&quot; he said.</p>
<p>&quot;We are going to prepare for the meeting between our president (Kabila) and Mr Mobutu, what is feasible, the modalities. It will be just a practical session,&quot; Kongolo added.</p>
<p>A ceasefire, the departure of Mobutu and the integration of the Zairean government and rebel armies would be the main issues for an eventual meeting between both leaders, he said. The rebels have repeatedly refused a ceasefire before negotiations.</p>
<p>Kongolo said Bizima Karaha, who lead a rebel delegation to an Organisation of African Unity summit in the Togolese capital Lome last week, would lead the rebel team to the talks with Mobutu's representatives.</p>
<p>He said rebel forces were 60 km (37 miles) from Mbuji-Mayi, the diamond capital of Zaire, and would take it or the southeastern city of Lubumbashi, capital of Shaba mineral-rich province, by the end of the week or possibly even by Thursday.</p>
<p>The rebels have seized a quarter of Africa's third largest country since October and are following a strategy of fighting while talking in their bid to oust Mobutu, who has ruled since 1965.</p>
</text>
<copyright>(c) Reuters Limited 1997</copyright>
<metadata>
<codes class="bip:countries:1.0">
  <code code="SAFR">
    <editdetail attribution="Reuters BIP Coding Group" action="confirmed" date="1997-03-31"/>
  </code>
  <code code="ZAIRE">
    <editdetail attribution="Reuters BIP Coding Group" action="confirmed" date="1997-03-31"/>
  </code>
</codes>
<codes class="bip:topics:1.0">
  <code code="GCAT">
    <editdetail attribution="Reuters BIP Coding Group" action="confirmed" date="1997-03-31"/>
  </code>
  <code code="GDIP">
    <editdetail attribution="Reuters BIP Coding Group" action="confirmed" date="1997-03-31"/>
  </code>
  <code code="GVIO">
    <editdetail attribution="Reuters BIP Coding Group" action="confirmed" date="1997-03-31"/>
  </code>
</codes>
<dc element="dc.date.created" value="1997-03-31"/>
<dc element="dc.publisher" value="Reuters Holdings Plc"/>
<dc element="dc.date.published" value="1997-03-31"/>
<dc element="dc.source" value="Reuters"/>
<dc element="dc.creator.location" value="GOMA, Zaire"/>
<dc element="dc.creator.location.country.name" value="ZAIRE"/>
<dc element="dc.source" value="Reuters"/>
</metadata>
</newsitem>
