<?xml version="1.0" encoding="iso-8859-1" ?>
<newsitem itemid="476014" id="root" date="1997-03-31" xml:lang="en">
<title>SRI LANKA: CRICKET-SRI LANKA'S MADUGALLE TO REFEREE &quot;ASHES&quot; TEST.</title>
<headline>CRICKET-SRI LANKA'S MADUGALLE TO REFEREE &quot;ASHES&quot; TEST.</headline>
<dateline>COLOMBO 1997-03-31</dateline>
<text>
<p>The International Cricket Council has appointed former Sri Lankan cricket captain Ranjan Madugalle as referee for the forthcoming test series between England and Australia, a newspaper said on Monday.</p>
<p>The state-owned Daily News said Madugalle, who retired from international cricket nine years ago, will be match referee for three of six test matches and the three one-day internationals to be played from May to early July when the Australians visit England.</p>
</text>
<copyright>(c) Reuters Limited 1997</copyright>
<metadata>
<codes class="bip:countries:1.0">
  <code code="AUSTR">
    <editdetail attribution="Reuters BIP Coding Group" action="confirmed" date="1997-03-31"/>
  </code>
  <code code="SRILAN">
    <editdetail attribution="Reuters BIP Coding Group" action="confirmed" date="1997-03-31"/>
  </code>
  <code code="UK">
    <editdetail attribution="Reuters BIP Coding Group" action="confirmed" date="1997-03-31"/>
  </code>
</codes>
<codes class="bip:topics:1.0">
  <code code="GCAT">
    <editdetail attribution="Reuters BIP Coding Group" action="confirmed" date="1997-03-31"/>
  </code>
  <code code="GSPO">
    <editdetail attribution="Reuters BIP Coding Group" action="confirmed" date="1997-03-31"/>
  </code>
</codes>
<dc element="dc.date.created" value="1997-03-31"/>
<dc element="dc.publisher" value="Reuters Holdings Plc"/>
<dc element="dc.date.published" value="1997-03-31"/>
<dc element="dc.source" value="Reuters"/>
<dc element="dc.creator.location" value="COLOMBO"/>
<dc element="dc.creator.location.country.name" value="SRI LANKA"/>
<dc element="dc.source" value="Reuters"/>
</metadata>
</newsitem>
