<?xml version="1.0" encoding="iso-8859-1" ?>
<newsitem itemid="476071" id="root" date="1997-03-31" xml:lang="en">
<title>ETHIOPIA: Ethiopia says financial sector underdeveloped.</title>
<headline>Ethiopia says financial sector underdeveloped.</headline>
<byline>Tsegaye Tadesse</byline>
<dateline>ADDIS ABABA 1997-03-31</dateline>
<text>
<p>Ethiopia said on Monday economic reforms had produced significant results but its banking and financial sectors were largely underdeveloped.</p>
<p>Deputy Prime Minister Kassu Ilala told African finance ministers and officials from lending institutions meeting in the capital Addis Ababa that the Horn of African country was committed to creating an environment to foster investment.</p>
<p>&quot;Our banking and financial structures are still undeveloped and financial instruments remain narrow in scope,&quot; he said.</p>
<p>Ethiopia is classified as one of the least developed and most heavily indebted countries. It has obtained a total of $380 million debt reduction under the so-called &quot;Naples terms&quot;, which allow reduction on debt repayments of up to 67 percent.</p>
<p>Ethiopia expects a further $167 million of its total $4.4 billion external debt to be restructured in the near future under the same Naples terms, Kassu said.</p>
<p>An additional $256 million of Ethiopian debt has been retired through a commercial buy-back programme, using funds from the World Bank, Britain and the Netherlands.</p>
<p>Ethiopia successfuly implemented the first stages of economic reforms starting in 1992/93 under the supervision of the World Bank and the International Monetary Fund, leading to average gross domestic product growth of 7.6 percent a year, according to finance ministry figures.</p>
<p>Ethiopia has embarked on the second phase of reforms from 1996/97 which it sees leading to an average economic growth of 8.0 percent, said Finance Minister Sufian Ahmed.</p>
<p>Sufian said average inflation in the 1992/93 to 1994/95 period was 6.3 percent and there were indications that it would decline more during the second phase of strict reforms.</p>
<p>&quot;We are determined to make more efforts to improve the dispersion of financial infrastructure, deepen financial instruments and strengthen further the sector's capacity to mobilise and efficiently allocate resources,&quot; Kassu said.</p>
<p>He added that Ethiopia had licensed privately-owned commercial banks along with other financial institutions such as insurance companies as part of financial sector reform.</p>
<p>He said the government also eliminated preferential credit treatment for state-owned companies, helping to speed private sector expansion.</p>
<p>Other reforms included weekly currency auctions and the launch of debt instruments such as government treasury bills.</p>
<p>Kassu said Ethiopia expected to be one of the candidates to benefit from the new Heavily Indebted Poor Countries initiative which targets the globe's poorest countries.</p>
<p>Uganda is expected to the the first beneficiary.</p>
</text>
<copyright>(c) Reuters Limited 1997</copyright>
<metadata>
<codes class="bip:countries:1.0">
  <code code="ETHPA">
    <editdetail attribution="Reuters BIP Coding Group" action="confirmed" date="1997-03-31"/>
  </code>
</codes>
<codes class="bip:topics:1.0">
  <code code="E12">
    <editdetail attribution="Reuters BIP Coding Group" action="confirmed" date="1997-03-31"/>
  </code>
  <code code="ECAT">
    <editdetail attribution="Reuters BIP Coding Group" action="confirmed" date="1997-03-31"/>
  </code>
</codes>
<dc element="dc.date.created" value="1997-03-31"/>
<dc element="dc.publisher" value="Reuters Holdings Plc"/>
<dc element="dc.date.published" value="1997-03-31"/>
<dc element="dc.source" value="Reuters"/>
<dc element="dc.creator.location" value="ADDIS ABABA"/>
<dc element="dc.creator.location.country.name" value="ETHIOPIA"/>
<dc element="dc.source" value="Reuters"/>
</metadata>
</newsitem>
