<?xml version="1.0" encoding="iso-8859-1" ?>
<newsitem itemid="476004" id="root" date="1997-03-31" xml:lang="en">
<title>MALTA: SOCCER-SLOVAKIA BEAT MALTA 2-0 TO GO JOINT SECOND.</title>
<headline>SOCCER-SLOVAKIA BEAT MALTA 2-0 TO GO JOINT SECOND.</headline>
<dateline>VALLETTA 1997-03-31</dateline>
<text>
<p>Slovakia beat Malta 2-0 away on Monday to draw level on points with Yugoslavia in World Cup qualifying group six.</p>
<p>Tibor Jancula put the Slovaks ahead in the 39th minute and Dusan Tittel added a second two minutes into injury time.</p>
<p>The Maltese, weakened by the absence of four key players through injury and suspension, were always on the defensive but their reserve goalkeeper Mario Muscat was outstanding.</p>
<p>Jancula broke the deadlock late in the first half when he broke almost from the halfway line and placed the ball beyond the reach of the advancing Muscat.</p>
<p>Maltese defender Lawrence Attard was unlucky not to head home from a corner a few minutes after the interval and Slovak keeper Alexander Vancel saved a powerful shot from outside the box by Joseph Brincat.</p>
<p>Ten minutes later Brincat beat Vancel only to see his goal ruled offside.</p>
<p>Tittel scored Slovakia's second goal in injury time with a header.</p>
<p>Slovakia lie joint second in the group, four points behind leaders Spain. Malta have lost all six of their matches, conceding 27 goals without scoring any.</p>
<p>Teams:</p>
<p>Slovakia - 1-Alexander Vencel, 2-Ivan Kozak 3-Miroslav Karhan, 4-Marian Zeman, 5-Marek Spilar, 6-Dusan Tittel, 7-Samuel Slovak (Vladislav Zvara 57), 8-Julius Simon, 9-Tibor Jancula (Jozef Majoros 50), 10-Robert Semenik, 11-Lubomir Moravcik</p>
<p>Malta - 1-Mario Muscat, 2-Dennis Cauchi, 3-Jeffrey Chetcuti, 4-Lawrence Attard, 5-Darren Debono, 6-Nicky Saliba, 7-Gilbert Agius, 8-Noel Turner, 9-Stefan Sultana (Hubert Suda 65), 10-Joe Brincat, 11-David Carabott</p>
</text>
<copyright>(c) Reuters Limited 1997</copyright>
<metadata>
<codes class="bip:countries:1.0">
  <code code="MALTA">
    <editdetail attribution="Reuters BIP Coding Group" action="confirmed" date="1997-03-31"/>
  </code>
  <code code="SLVAK">
    <editdetail attribution="Reuters BIP Coding Group" action="confirmed" date="1997-03-31"/>
  </code>
  <code code="YUG">
    <editdetail attribution="Reuters BIP Coding Group" action="confirmed" date="1997-03-31"/>
  </code>
</codes>
<codes class="bip:topics:1.0">
  <code code="GCAT">
    <editdetail attribution="Reuters BIP Coding Group" action="confirmed" date="1997-03-31"/>
  </code>
  <code code="GSPO">
    <editdetail attribution="Reuters BIP Coding Group" action="confirmed" date="1997-03-31"/>
  </code>
</codes>
<dc element="dc.date.created" value="1997-03-31"/>
<dc element="dc.publisher" value="Reuters Holdings Plc"/>
<dc element="dc.date.published" value="1997-03-31"/>
<dc element="dc.source" value="Reuters"/>
<dc element="dc.creator.location" value="VALLETTA"/>
<dc element="dc.creator.location.country.name" value="MALTA"/>
<dc element="dc.source" value="Reuters"/>
</metadata>
</newsitem>
