<?xml version="1.0" encoding="iso-8859-1" ?>
<newsitem itemid="476062" id="root" date="1997-03-31" xml:lang="en">
<title>ZAIRE: Zaire war rivals jockey for position before talks.</title>
<headline>Zaire war rivals jockey for position before talks.</headline>
<byline>William Wallis</byline>
<dateline>KINSHASA 1996-04-01</dateline>
<text>
<p>Zaire's civil war rivals are jockeying for battlefield position ahead of a promised first round of formal talks which the United Nations says are tentatively scheduled for Saturday in South Africa.</p>
<p>With veteran President Mobutu Sese Seko and the Kinshasa authorities promising to name a negotiating team shortly, state radio on Monday reported fierce fighting around the rebel-held port of Moba on Lake Tanganyika.</p>
<p>Expatriates and traders in the southern mining capital of Lubumbashi said the Shaba province rail hub of Kamina -- a 24-hour rail journey from Lubumbashi itself -- had fallen to the rebels on Monday without a fight.</p>
<p>&quot;In Kinshasa we should know within the coming days the names of the personalities who will make up the committee of negotiators,&quot; state radio said. &quot;On the battlefield, the two sides are trying to increase pressure to have strong arguments at the negotiating table.&quot;</p>
<p>Laurent Kabila's rebels took up arms in October, vowing to topple Mobutu, who has dominated the sprawling former Belgian colony in Central Africa since a 1965 coup.</p>
<p>Mobutu, who had cancer surgery in Europe in August, has seen his grip on Zaire weaken as rebels have advanced west and south. Many Zaireans, weary and impoverished after three decades of his rule, are openly welcoming the rebel advances.</p>
<p>In New York, U.N. officials said the organisation's special Zaire envoy Mohamed Sahnoun would lead the talks in South Africa. Sahnoun also represents the Organisation of African Unity, which brought the two sides together last week in Togo.</p>
<p>The thorny question of a ceasefire date and the agenda remain to be worked out. Rebel spokesmen have said the first session will prepare a meeting between Mobutu and Kabila to discuss Mobutu's departure.</p>
<p>On the humanitarian front, the Tutsi-dominated rebels have told Rwandan Hutu refugees to move away from Zaire's third city Kisangani, which they captured on March 15.</p>
<p>They say the Hutus might include armed hardliners blamed for the 1994 genocide of minority Tutsis in Rwanda.</p>
<p>Aid officials hope to complete the move by Tuesday.</p>
<p>In the east, the U.N. refugee agency reported up to 30,000 Rwandan refugees arriving from the Masisi area at a village called Karuba west of Goma and saying they want to go home.</p>
<p>Ethnic Tutsis have been fighting Hutu hardliners in Masisi. Indigenous tribes in the hilly region also resent the intrusion of outsiders, saying they alone belong.</p>
</text>
<copyright>(c) Reuters Limited 1997</copyright>
<metadata>
<codes class="bip:countries:1.0">
  <code code="SAFR">
    <editdetail attribution="Reuters BIP Coding Group" action="confirmed" date="1997-03-31"/>
  </code>
  <code code="UN">
    <editdetail attribution="Reuters BIP Coding Group" action="confirmed" date="1997-03-31"/>
  </code>
  <code code="ZAIRE">
    <editdetail attribution="Reuters BIP Coding Group" action="confirmed" date="1997-03-31"/>
  </code>
</codes>
<codes class="bip:topics:1.0">
  <code code="GCAT">
    <editdetail attribution="Reuters BIP Coding Group" action="confirmed" date="1997-03-31"/>
  </code>
  <code code="GPOL">
    <editdetail attribution="Reuters BIP Coding Group" action="confirmed" date="1997-03-31"/>
  </code>
  <code code="GVIO">
    <editdetail attribution="Reuters BIP Coding Group" action="confirmed" date="1997-03-31"/>
  </code>
</codes>
<dc element="dc.date.created" value="1996-04-01"/>
<dc element="dc.publisher" value="Reuters Holdings Plc"/>
<dc element="dc.date.published" value="1997-03-31"/>
<dc element="dc.source" value="Reuters"/>
<dc element="dc.creator.location" value="KINSHASA"/>
<dc element="dc.creator.location.country.name" value="ZAIRE"/>
<dc element="dc.source" value="Reuters"/>
</metadata>
</newsitem>
