<?xml version="1.0" encoding="iso-8859-1" ?>
<newsitem itemid="476027" id="root" date="1997-03-31" xml:lang="en">
<title>ESTONIA: FOREKSPANK 1996 GROUP PROFIT 46.1 MLN KROONS.</title>
<headline>FOREKSPANK 1996 GROUP PROFIT 46.1 MLN KROONS.</headline>
<dateline>TALLINN 1997-03-31</dateline>
<text>
<p>Forekspank on Monday said that its 1996 group profit was 46.13 million kroons compared with a 1995 group profit of 12.94 million kroons.</p>
<p>The bank said in a statement that the profit per share was 11.3 kroons.</p>
<p>Group income was 159.09 million kroons compared with the 1995 income of 86.57 million kroons.</p>
<p>The bank also said that assets rose to 1.45 billion kroons from 721.56 million kroons.</p>
<p>Total deposits rose to 978.35 million kroons from 484.04 million kroons.</p>
<p>Net lending rose to 443.91 million kroons from 206.17 million kroons.</p>
<p>Net interest income grew to 44.33 million kroons from 23.04 million kroons while income from commissions rose to 36.29 million kroons from 24.87 million kroons.</p>
<p>Income from forex operations rose to 42.19 million kroons from 26.89 million kroons and income from investments rose to 22.58 million kroons from 3.67 million kroons.</p>
<p>-- Riga Newsroom, +371 721 5240</p>
</text>
<copyright>(c) Reuters Limited 1997</copyright>
<metadata>
<codes class="bip:countries:1.0">
  <code code="ESTNIA">
    <editdetail attribution="Reuters BIP Coding Group" action="confirmed" date="1997-03-31"/>
  </code>
</codes>
<codes class="bip:industries:1.0">
  <code code="I81402">
    <editdetail attribution="Reuters BIP Coding Group" action="confirmed" date="1997-03-31"/>
  </code>
</codes>
<codes class="bip:topics:1.0">
  <code code="C15">
    <editdetail attribution="Reuters BIP Coding Group" action="confirmed" date="1997-03-31"/>
  </code>
  <code code="C151">
    <editdetail attribution="Reuters BIP Coding Group" action="confirmed" date="1997-03-31"/>
  </code>
  <code code="C1511">
    <editdetail attribution="Reuters BIP Coding Group" action="confirmed" date="1997-03-31"/>
  </code>
  <code code="CCAT">
    <editdetail attribution="Reuters BIP Coding Group" action="confirmed" date="1997-03-31"/>
  </code>
</codes>
<dc element="dc.date.created" value="1997-03-31"/>
<dc element="dc.publisher" value="Reuters Holdings Plc"/>
<dc element="dc.date.published" value="1997-03-31"/>
<dc element="dc.source" value="Reuters"/>
<dc element="dc.creator.location" value="TALLINN"/>
<dc element="dc.creator.location.country.name" value="ESTONIA"/>
<dc element="dc.source" value="Reuters"/>
</metadata>
</newsitem>
