<?xml version="1.0" encoding="iso-8859-1" ?>
<newsitem itemid="476047" id="root" date="1997-03-31" xml:lang="en">
<title>SOUTH AFRICA: Cricket-Sth Africa v Australia one-day scoreboard.</title>
<headline>Cricket-Sth Africa v Australia one-day scoreboard.</headline>
<dateline>PORT ELIZABETH, South Africa 1996-04-01</dateline>
<text>
<p>Scoreboard in the second one-day international between South Africa and Australia at St George's Park on Monday.</p>
<p>South Africa</p>
<p> A.Bacher c Bevan b Dale		     3</p>
<p> L.Koen c M.Waugh b Dale		     0</p>
<p> J.Kallis b Gillespie			 82</p>
<p> D.Cullinan b Dale			     0</p>
<p> J.Rhodes c Reiffel b Bevan		 57</p>
<p> H.Cronje b Gillespie			 31</p>
<p> S.Pollock c Dale b Warne		    9</p>
<p> L.Klusener not out			   27</p>
<p> D.Richardson run out			  1</p>
<p> P.Symcox not out				0</p>
<p> Extras (b-1 lb-4 nb-3 w-3)		 11</p>
<p>Total (for eight wickets - 50 overs)  221</p>
<p>Fall of wickets: 1-2 2-4 3-16 4-120 5-181 6-183 7-212 8-215</p>
<p>Did not bat: Allan Donald</p>
<p>Bowling: Reiffel 9-0-33-0 (1nb), Dale 7-3-18-3, Blewett 10-1-42-0, Gillespie 10-0-51-2 (1w), Warne 6-0-39-1 (2w 2nb), Bevan 8-0-33-1</p>
<p>Australia</p>
<p> M.Waugh not out			     115</p>
<p> M.Taylor c Cullinan b Donald	     17</p>
<p> S.Law c Rhodes b Symcox		    33</p>
<p> S.Warne lbw b Symcox			  0</p>
<p> S.Waugh not out				50</p>
<p> Extras (lb-2 nb-3 w-2)			7</p>
<p>Total (for three wickets - 45 overs)  222</p>
<p>Fall of wickets: 1-47 2-115 3-115</p>
<p>Did not bat: G.Blewett, M.Bevan, A.Gilchrist, P.Reiffel, A.Dale, J.Gillespie</p>
<p>Bowling: Pollock 8-0-39-0 (2nb), Kallis 5-0-21-0 (1w), Donald 9-1-22-1 (1w), Cronje 5-0-25-0, Symcox 10-0-65-2, Klusener 8-1-48-0 (1nb)</p>
<p>Result: Australia won by seven wickets</p>
<p>First match: East London - South Africa won by six wickets</p>
<p>Third match: Cape Town, April 2</p>
<p>Fourth match: Durban, April 5</p>
<p>Fifth match: Johannesburg, April 8</p>
<p>Sixth match: Verwoerdburg, April 10</p>
<p>Seven and final match: Bloemfontein, April 13</p>
</text>
<copyright>(c) Reuters Limited 1997</copyright>
<metadata>
<codes class="bip:countries:1.0">
  <code code="AUSTR">
    <editdetail attribution="Reuters BIP Coding Group" action="confirmed" date="1997-03-31"/>
  </code>
  <code code="SAFR">
    <editdetail attribution="Reuters BIP Coding Group" action="confirmed" date="1997-03-31"/>
  </code>
</codes>
<codes class="bip:topics:1.0">
  <code code="GCAT">
    <editdetail attribution="Reuters BIP Coding Group" action="confirmed" date="1997-03-31"/>
  </code>
  <code code="GSPO">
    <editdetail attribution="Reuters BIP Coding Group" action="confirmed" date="1997-03-31"/>
  </code>
</codes>
<dc element="dc.date.created" value="1996-04-01"/>
<dc element="dc.publisher" value="Reuters Holdings Plc"/>
<dc element="dc.date.published" value="1997-03-31"/>
<dc element="dc.source" value="Reuters"/>
<dc element="dc.creator.location" value="PORT ELIZABETH, South Africa"/>
<dc element="dc.creator.location.country.name" value="SOUTH AFRICA"/>
<dc element="dc.source" value="Reuters"/>
</metadata>
</newsitem>
