<?xml version="1.0" encoding="iso-8859-1" ?>
<newsitem itemid="476046" id="root" date="1997-03-31" xml:lang="en">
<title>BARBADOS: Cricket-West Indies v India scoreboard.</title>
<headline>Cricket-West Indies v India scoreboard.</headline>
<dateline>BRIDGETOWN, Barbados 1997-03-30</dateline>
<text>
<p>Scoreboard on the</p>
<p>third day of the third test between West Indies and India on</p>
<p>Sunday:</p>
<p>West Indies first innings 298</p>
<p>India first innings (overnight 249-3)</p>
<p>N.Sidhu c Browne b Rose		 26</p>
<p>V.Laxman b Ambrose			 6</p>
<p>R.Dravid b Bishop			 78</p>
<p>S.Tendulkar c Campbell b Bishop     92</p>
<p>S.Ganguly c Browne b Dillon	   22</p>
<p>M.Azharuddin c Browne b Rose	  17</p>
<p>N.Mongia c Williams b Bishop	   1</p>
<p>A.Kumble not out			  23</p>
<p>A.Kuruvilla b Ambrose		    0</p>
<p>D.Ganesh c Browne b Rose		 8</p>
<p>V.Prasad c Holder b Rose		 0</p>
<p>Extras (b-2 lb-12 w-2 nb-30)	  46</p>
<p>Total (in 106 overs)		   319</p>
<p>Fall of wickets: 1-23 2-42 3-212 4-253 5-273 6-275 7-295</p>
<p>8-296 9-319.</p>
<p>Bowling: Ambrose 29-8-74-2, Bishop 28-6-70-3, Dillon</p>
<p>19-5-56-1, Rose 22-4-77-4, Hooper 8-1-28-0.</p>
<p>West Indies second innings</p>
<p> S.Campbell c Mongia b Ganesh	  18</p>
<p> S.Williams b Prasad			0</p>
<p> S.Chanderpaul lbw Kuruvilla	    3</p>
<p> B.Lara c Azharuddin b Prasad	  45</p>
<p> C.Hooper lbw Ganesh			4</p>
<p> R.Holder c Mongia b Prasad	    13</p>
<p> C.Browne c Mongia b Kuruvilla	  1</p>
<p> I.Bishop lbw Kuruvilla		   6</p>
<p> C.Ambrose not out			 18</p>
<p> F.Rose c Ganguly b Kuruvilla	   4</p>
<p> M.Dillon b Kuruvilla		    21</p>
<p> Extras					 7</p>
<p> Total					140</p>
<p>Fall of wickets: 1-9 2-18 3-37 4-65 5-86 6-87 7-91 8-95 9-</p>
<p>107.</p>
<p>Bowling: Prasad 18-6-39-3, Kuruvilla 21-5-68-5, Ganesh 6-1-</p>
<p>28-2.</p>
<p>India second innings</p>
<p> V.V.Laxman not out			 0</p>
<p> N.Sidhu not out			    2</p>
<p> Extras					 0</p>
<p> Total (without loss)		     2</p>
<p>Bowling: Ambrose 1-1-0-0, Bishop 1-0-2-0.</p>
</text>
<copyright>(c) Reuters Limited 1997</copyright>
<metadata>
<codes class="bip:countries:1.0">
  <code code="BARB">
    <editdetail attribution="Reuters BIP Coding Group" action="confirmed" date="1997-03-31"/>
  </code>
  <code code="INDIA">
    <editdetail attribution="Reuters BIP Coding Group" action="confirmed" date="1997-03-31"/>
  </code>
  <code code="WEIND">
    <editdetail attribution="Reuters BIP Coding Group" action="confirmed" date="1997-03-31"/>
  </code>
</codes>
<codes class="bip:topics:1.0">
  <code code="GCAT">
    <editdetail attribution="Reuters BIP Coding Group" action="confirmed" date="1997-03-31"/>
  </code>
  <code code="GSPO">
    <editdetail attribution="Reuters BIP Coding Group" action="confirmed" date="1997-03-31"/>
  </code>
</codes>
<dc element="dc.date.created" value="1997-03-30"/>
<dc element="dc.publisher" value="Reuters Holdings Plc"/>
<dc element="dc.date.published" value="1997-03-31"/>
<dc element="dc.source" value="Reuters"/>
<dc element="dc.creator.location" value="BRIDGETOWN, Barbados"/>
<dc element="dc.creator.location.country.name" value="BARBADOS"/>
<dc element="dc.source" value="Reuters"/>
</metadata>
</newsitem>
