<?xml version="1.0" encoding="iso-8859-1" ?>
<newsitem itemid="476039" id="root" date="1997-03-31" xml:lang="en">
<title>UK: Britain's Major seeks to defuse sleaze row.</title>
<headline>Britain's Major seeks to defuse sleaze row.</headline>
<byline>Helen Smith</byline>
<dateline>LONDON 1997-03-31</dateline>
<text>
<p>Prime Minister John Major tried on Monday to defuse the row over sleaze that has dogged his party for the first two weeks of his campaign for Britain's May 1 election.</p>
<p>With two politicians from his Conservative Party resisting pressure to resign over allegations of impropriety, Major wrote to local party officials warning that he would act &quot;quickly and decisively&quot; against any MP found guilty of wrongdoing.</p>
<p>Ten Conservative MPs are under investigation by a parliamentary committee into allegations that they accepted payments in exchange for asking questions in the House of Commons (lower house.)</p>
<p>One Conservative MP resigned last week over the allegations and another two have stepped down because of scandal in their private lives.</p>
<p>But Neil Hamilton, accused of accepting hefty payments from Harrods owner Mohammed Al-Fayed, and Piers Merchant, a married MP alleged to have had a too-public fling with a 17-year-old night-club hostess, have defied resignation calls from senior party figures.</p>
<p>The committee's report into the &quot;cash for questions&quot; affair will not be published until after the election and opposition Labour has accused Major of closing parliament early to avoid its findings being made public before polling day.</p>
<p>But Major said in his letter that he would support tough action against any MPs criticised in the report.</p>
<p>He said local Conservative party groups were free to choose their own candidates, but that the day of reckoning would come after the election.</p>
<p>&quot;The House of Commons has draconian powers. The Conservative Party will support their use if criticism is severe enough to merit it,&quot; he wrote.</p>
<p>The prime minister appeared to have shifted from recent remarks in which he urged the resignations of Hamilton and Merchant, both of whom have the support of their local parties.</p>
<p>The sleaze issue has given Labour an unexpected boost in the early stages of the election campaign.</p>
<p>The opposition party has a lead of over 20 points over the Conservatives and this has recently risen as high as 28 points.</p>
<p>But Labour leader Tony Blair said on Monday he wanted to rise above sleaze and turn the focus of the campaign to policy.</p>
<p>&quot;I do not want this election fought on negative issues. I want it fought on the policies that we offer to the people of our country,&quot; he told supporters.</p>
<p>Nevertheless, a statement issued by his deputy, John Prescott, made clear that the opposition was not quite ready to drop the sleaze issue.</p>
<p>&quot;If Mr Major thinks that this letter draws a line under the issue he is wrong. While he fails to give leadership, sleaze will continue to dominate this election because the state of the Tory (Conservative) party and the weakness of John Major are of vital importance to everyone casting a vote on May 1,&quot; Prescott said.</p>
<p>While leading Conservatives took a day's rest on Monday, a national holiday in Britain, Blair was on the campaign trail, outlining his party's policies.</p>
<p>He said Labour would divert 100 million pounds ($160 million) in the national health service from administration costs to patient care.</p>
<p>He promised safer streets, smaller classes in schools, low interest and mortgage rates and no income tax increases for the life of the next parliament.</p>
</text>
<copyright>(c) Reuters Limited 1997</copyright>
<metadata>
<codes class="bip:countries:1.0">
  <code code="UK">
    <editdetail attribution="Reuters BIP Coding Group" action="confirmed" date="1997-03-31"/>
  </code>
</codes>
<codes class="bip:topics:1.0">
  <code code="GCAT">
    <editdetail attribution="Reuters BIP Coding Group" action="confirmed" date="1997-03-31"/>
  </code>
  <code code="GPOL">
    <editdetail attribution="Reuters BIP Coding Group" action="confirmed" date="1997-03-31"/>
  </code>
  <code code="GVOTE">
    <editdetail attribution="Reuters BIP Coding Group" action="confirmed" date="1997-03-31"/>
  </code>
</codes>
<dc element="dc.date.created" value="1997-03-31"/>
<dc element="dc.publisher" value="Reuters Holdings Plc"/>
<dc element="dc.date.published" value="1997-03-31"/>
<dc element="dc.source" value="Reuters"/>
<dc element="dc.creator.location" value="LONDON"/>
<dc element="dc.creator.location.country.name" value="UK"/>
<dc element="dc.source" value="Reuters"/>
</metadata>
</newsitem>
