<?xml version="1.0" encoding="iso-8859-1" ?>
<newsitem itemid="476054" id="root" date="1997-03-31" xml:lang="en">
<title>CANADA: WCE canola closes lower on new crop CBOT soy slide.</title>
<headline>WCE canola closes lower on new crop CBOT soy slide.</headline>
<dateline>WINNIPEG 1997-03-31</dateline>
<text>
<p>WCE canola futures closed lower on spillover weakness from sharp declines in new crop CBOT soybeans with late export-related buying helping to curb losses on the May contract, floor sources said.</p>
<p>However, they noted that nearby old crop canola had failed to match the relatively strong performance of old crop CBOT soybeans with U.S. oilseed supplies tighter than in Canada.</p>
<p>&quot;We've got enough (canola) to carry us through,&quot; one WCE oilseed trader said.</p>
<p>May closed off $1.30 at $427.60. The May WCE crush profit margin fell to -17.98 Monday from -14.96 Thursday.</p>
<p>Crushers were small buyers of new crop months but were deterred from chasing the market aggressively by the decline in new crop soybeans on news USDA had forecast U.S. soybean acreage at 68.80 million acres, well above trade forecasts.</p>
<p>Statistics Canada is due to issue its first forecast for Canadian planting intentions on April 30.</p>
<p>Flaxseed prices closed lower but overall performed much more strongly than canola or soybeans, aided by commercial buying in fairly heavy volume, traders said.</p>
<p>&quot;Flax held very well. We have the best volume in a couple of weeks and commercials were buying,&quot; one WCE trader said.</p>
<p>May flax ended off $0.80 at $356.00.</p>
<p>Western barley futures ended lower won commission house and commercial selling. May barley ended off $1.50 at $142.40. Wheat was also lower with May down $0.20 at $171.50.</p>
<p>December feed peas ended up US$1.50 at US$191.50. Oats were tradeless.</p>
<p>(All values in Canadian dollars, except feed peas)</p>
<p>((Nigel Hunt 312-408 8720))</p>
</text>
<copyright>(c) Reuters Limited 1997</copyright>
<metadata>
<codes class="bip:countries:1.0">
  <code code="CANA">
    <editdetail attribution="Reuters BIP Coding Group" action="confirmed" date="1997-03-31"/>
  </code>
</codes>
<codes class="bip:topics:1.0">
  <code code="M14">
    <editdetail attribution="Reuters BIP Coding Group" action="confirmed" date="1997-03-31"/>
  </code>
  <code code="M141">
    <editdetail attribution="Reuters BIP Coding Group" action="confirmed" date="1997-03-31"/>
  </code>
  <code code="MCAT">
    <editdetail attribution="Reuters BIP Coding Group" action="confirmed" date="1997-03-31"/>
  </code>
</codes>
<dc element="dc.date.created" value="1997-03-31"/>
<dc element="dc.publisher" value="Reuters Holdings Plc"/>
<dc element="dc.date.published" value="1997-03-31"/>
<dc element="dc.source" value="Reuters"/>
<dc element="dc.creator.location" value="WINNIPEG"/>
<dc element="dc.creator.location.country.name" value="CANADA"/>
<dc element="dc.source" value="Reuters"/>
</metadata>
</newsitem>
