<?xml version="1.0" encoding="iso-8859-1" ?>
<newsitem itemid="476036" id="root" date="1997-03-31" xml:lang="en">
<title>ESTONIA: NAITUSTE SUBSCRIPTION CERTS TO BE TRADED.</title>
<headline>NAITUSTE SUBSCRIPTION CERTS TO BE TRADED.</headline>
<dateline>TALLINN 1997-03-31</dateline>
<text>
<p>Eesti Naituste's, an exhibition and fairs company, subscription certificates will be traded from Monday, the Tallinn Stock exchange said on Monday.</p>
<p>The subscription certificates will be traded in amounts greater than 100 and have a face value of 0.05 kroons, the statement said.</p>
<p>Until all 400 000 subscriptions certificates have been traded under a different name from Eesti Naituste the share capital increase cannot be entered into the business register, the statment added.</p>
<p>--David Mardiste, Tallinn newsroom +372 630 8400 reuters@reuters.ee</p>
</text>
<copyright>(c) Reuters Limited 1997</copyright>
<metadata>
<codes class="bip:countries:1.0">
  <code code="ESTNIA">
    <editdetail attribution="Reuters BIP Coding Group" action="confirmed" date="1997-03-31"/>
  </code>
</codes>
<codes class="bip:industries:1.0">
  <code code="I83952">
    <editdetail attribution="Reuters BIP Coding Group" action="confirmed" date="1997-03-31"/>
  </code>
</codes>
<codes class="bip:topics:1.0">
  <code code="C14">
    <editdetail attribution="Reuters BIP Coding Group" action="confirmed" date="1997-03-31"/>
  </code>
  <code code="C17">
    <editdetail attribution="Reuters BIP Coding Group" action="confirmed" date="1997-03-31"/>
  </code>
  <code code="C171">
    <editdetail attribution="Reuters BIP Coding Group" action="confirmed" date="1997-03-31"/>
  </code>
  <code code="CCAT">
    <editdetail attribution="Reuters BIP Coding Group" action="confirmed" date="1997-03-31"/>
  </code>
</codes>
<dc element="dc.date.created" value="1997-03-31"/>
<dc element="dc.publisher" value="Reuters Holdings Plc"/>
<dc element="dc.date.published" value="1997-03-31"/>
<dc element="dc.source" value="Reuters"/>
<dc element="dc.creator.location" value="TALLINN"/>
<dc element="dc.creator.location.country.name" value="ESTONIA"/>
<dc element="dc.source" value="Reuters"/>
</metadata>
</newsitem>
