<?xml version="1.0" encoding="iso-8859-1" ?>
<newsitem itemid="476012" id="root" date="1997-03-31" xml:lang="en">
<title>MONACO: TENNIS-LEADING ATP RANKINGS.</title>
<headline>TENNIS-LEADING ATP RANKINGS.</headline>
<dateline>MONACO 1997-03-31</dateline>
<text>
<p>Leading rankings issued by the</p>
<p>ATP Tour on Monday:</p>
<p>  1. Pete Sampras (U.S.)		  5,666 points</p>
<p>  2. Thomas Muster (Austria)	    4,080</p>
<p>  3. Michael Chang (U.S.)		 3,554</p>
<p>  4. Yevgeny Kafelnikov (Russia)	3,147</p>
<p>  5. Goran Ivanisevic (Croatia)	 2,710</p>
<p>  6. Richard Krajicek (Netherlands)   2,598</p>
<p>  7. Thomas Enqvist (Sweden)	    2,312</p>
<p>  8. Carlos Moya (Spain)		  2,180</p>
<p>  9. Marcelo Rios (Chile)		 2,168</p>
<p> 10. Wayne Ferreira (South Africa)    1,940</p>
<p> 11. Boris Becker (Germany)	     1,863</p>
<p> 12. Albert Costa (Spain)		 1,857</p>
<p> 13. Todd Martin (U.S.)		   1,693</p>
<p> 14. Felix Mantilla (Spain)	     1,681</p>
<p> 15. Tim Henman (Britain)		 1,611</p>
<p> 16. Stefan Edberg (Sweden)	     1,510</p>
<p> 17. Jim Courier (U.S.)		   1,452</p>
<p> 18. Marc Rosset (Switzerland)	  1,444</p>
<p> 19. Alberto Berasategui (Spain)	1,443</p>
<p> 20. Sergi Bruguera (Spain)	     1,437</p>
</text>
<copyright>(c) Reuters Limited 1997</copyright>
<metadata>
<codes class="bip:countries:1.0">
  <code code="FRA">
    <editdetail attribution="Reuters BIP Coding Group" action="confirmed" date="1997-03-31"/>
  </code>
  <code code="MONAC">
    <editdetail attribution="Reuters BIP Coding Group" action="confirmed" date="1997-03-31"/>
  </code>
</codes>
<codes class="bip:topics:1.0">
  <code code="GCAT">
    <editdetail attribution="Reuters BIP Coding Group" action="confirmed" date="1997-03-31"/>
  </code>
  <code code="GSPO">
    <editdetail attribution="Reuters BIP Coding Group" action="confirmed" date="1997-03-31"/>
  </code>
</codes>
<dc element="dc.date.created" value="1997-03-31"/>
<dc element="dc.publisher" value="Reuters Holdings Plc"/>
<dc element="dc.date.published" value="1997-03-31"/>
<dc element="dc.source" value="Reuters"/>
<dc element="dc.creator.location" value="MONACO"/>
<dc element="dc.creator.location.country.name" value="MONACO"/>
<dc element="dc.source" value="Reuters"/>
</metadata>
</newsitem>
