<?xml version="1.0" encoding="iso-8859-1" ?>
<newsitem itemid="476070" id="root" date="1997-03-31" xml:lang="en">
<title>NIGERIA: Shell says to resume all Nigerian oil flow Monday.</title>
<headline>Shell says to resume all Nigerian oil flow Monday.</headline>
<dateline>LAGOS 1997-03-31</dateline>
<text>
<p>The Nigerian unit of Royal Dutch Shell Group said on Monday it would resume oil output from its western sector which was disrupted last week.</p>
<p>&quot;We intend to restart production today at Egwa, Jones Creek and Odidi areas,&quot; a company spokesman said in Lagos.</p>
<p>He said output had started at all five oil flow stations in Nembe creek in the southeast, which were also shut down on March 22 by a political dispute between villagers and the military government.</p>
<p>&quot;Nembe production is back to normal. Three flow stations had restarted by Saturday, two yesterday and by midday production was back to normal,&quot; he said.</p>
<p>He added that &quot;except for minor problems like terminal capacity the situation is now alright.&quot;</p>
<p>The spokesman said there was no new information on whether or not the threat of imposing a force majuere on Nigerian crude oil shipments had been lifted.</p>
<p>Militant villagers protesting against a merger of two communities and relocation of the capital of another council area last week disrupted Shell's operations in both the west and the east of the Niger delat, shutting in a total of 210,000 barrels per day (bpd) of crude oil.</p>
<p>The Shell spokesman said peace had been fully restored in the oil producing areas.</p>
<p>Nigerian oil communities have long been restive over the lack of modern amenities in their vicinities and frequently vent their anger by disrupting oil production activities.</p>
<p>--Lagos newsroom +234 1 2630317</p>
</text>
<copyright>(c) Reuters Limited 1997</copyright>
<metadata>
<codes class="bip:countries:1.0">
  <code code="NIGEA">
    <editdetail attribution="Reuters BIP Coding Group" action="confirmed" date="1997-03-31"/>
  </code>
</codes>
<codes class="bip:industries:1.0">
  <code code="I13000">
    <editdetail attribution="Reuters BIP Coding Group" action="confirmed" date="1997-03-31"/>
  </code>
  <code code="I1300003">
    <editdetail attribution="Reuters BIP Coding Group" action="confirmed" date="1997-03-31"/>
  </code>
</codes>
<codes class="bip:topics:1.0">
  <code code="C21">
    <editdetail attribution="Reuters BIP Coding Group" action="confirmed" date="1997-03-31"/>
  </code>
  <code code="CCAT">
    <editdetail attribution="Reuters BIP Coding Group" action="confirmed" date="1997-03-31"/>
  </code>
  <code code="GCAT">
    <editdetail attribution="Reuters BIP Coding Group" action="confirmed" date="1997-03-31"/>
  </code>
  <code code="GVIO">
    <editdetail attribution="Reuters BIP Coding Group" action="confirmed" date="1997-03-31"/>
  </code>
</codes>
<dc element="dc.date.created" value="1997-03-31"/>
<dc element="dc.publisher" value="Reuters Holdings Plc"/>
<dc element="dc.date.published" value="1997-03-31"/>
<dc element="dc.source" value="Reuters"/>
<dc element="dc.creator.location" value="LAGOS"/>
<dc element="dc.creator.location.country.name" value="NIGERIA"/>
<dc element="dc.source" value="Reuters"/>
</metadata>
</newsitem>
