<?xml version="1.0" encoding="iso-8859-1" ?>
<newsitem itemid="476110" id="root" date="1997-03-31" xml:lang="en">
<title>USA: RESEARCH ALERT - Kmart buy reiterated.</title>
<headline>RESEARCH ALERT - Kmart buy reiterated.</headline>
<text>
<p>--Gruntal &amp; Co Inc said Monday it reiterated its buy recommendation on most of Kmart Corp's bonds because of the attractive fundamentals and yields.</p>
<p>--Gruntal noted in a report that the retailer completed repayment of its $1.2 billion three-year term loan well ahead of its scheduled due date. The loan was part of Kmart's refinancing in mid-1996 and was not planned to be fully paid until 1999.</p>
<p>--Gruntal also repeated its hold on Kmart's 7.75 percent convertible predferred stock.</p>
<p>--Kmart ended off 1/8 at 12.</p>
<p>		((Reuters Chicago Newsdesk (312) 408-8787))</p>
</text>
<copyright>(c) Reuters Limited 1997</copyright>
<metadata>
<codes class="bip:countries:1.0">
  <code code="USA">
    <editdetail attribution="Reuters BIP Coding Group" action="confirmed" date="1997-03-31"/>
  </code>
</codes>
<codes class="bip:industries:1.0">
  <code code="I65600">
    <editdetail attribution="Reuters BIP Coding Group" action="confirmed" date="1997-03-31"/>
  </code>
</codes>
<codes class="bip:topics:1.0">
  <code code="C15">
    <editdetail attribution="Reuters BIP Coding Group" action="confirmed" date="1997-03-31"/>
  </code>
  <code code="C152">
    <editdetail attribution="Reuters BIP Coding Group" action="confirmed" date="1997-03-31"/>
  </code>
  <code code="CCAT">
    <editdetail attribution="Reuters BIP Coding Group" action="confirmed" date="1997-03-31"/>
  </code>
</codes>
<dc element="dc.publisher" value="Reuters Holdings Plc"/>
<dc element="dc.date.published" value="1997-03-31"/>
<dc element="dc.source" value="Reuters"/>
<dc element="dc.creator.location.country.name" value="USA"/>
<dc element="dc.source" value="Reuters"/>
</metadata>
</newsitem>
