<?xml version="1.0" encoding="iso-8859-1" ?>
<newsitem itemid="476145" id="root" date="1997-03-31" xml:lang="en">
<title>USA: Applix Inc sees Q1 loss.</title>
<headline>Applix Inc sees Q1 loss.</headline>
<dateline>WESTBORO, Mass 1997-03-31</dateline>
<text>
<p>Applix Inc said Monday evening that it expected to post a first-quarter loss on revenues of about $11 million.</p>
<p>Before the company's statement, Wall Street analysts were forecasting first-quarter earnings of $0.18 per share, according to a First Call survey.</p>
<p>The company, which produces software applications, did not provide an exact estimate of its expected loss. Officials were not immediately available for further comment.</p>
<p>The company said its forecast was based on a slowdown in its European business and several large transactions that would not be completed during the quarter.</p>
<p>&quot;We have undertaken several initiatives during the past year with new product introductions and acquisitions, and we remain confident in our business strategy and are optimistic about the company's long-term prospects,&quot; Applix said.</p>
</text>
<copyright>(c) Reuters Limited 1997</copyright>
<metadata>
<codes class="bip:countries:1.0">
  <code code="USA">
    <editdetail attribution="Reuters BIP Coding Group" action="confirmed" date="1997-03-31"/>
  </code>
</codes>
<codes class="bip:industries:1.0">
  <code code="I33020">
    <editdetail attribution="Reuters BIP Coding Group" action="confirmed" date="1997-03-31"/>
  </code>
  <code code="I3302020">
    <editdetail attribution="Reuters BIP Coding Group" action="confirmed" date="1997-03-31"/>
  </code>
</codes>
<codes class="bip:topics:1.0">
  <code code="C15">
    <editdetail attribution="Reuters BIP Coding Group" action="confirmed" date="1997-03-31"/>
  </code>
  <code code="C152">
    <editdetail attribution="Reuters BIP Coding Group" action="confirmed" date="1997-03-31"/>
  </code>
  <code code="CCAT">
    <editdetail attribution="Reuters BIP Coding Group" action="confirmed" date="1997-03-31"/>
  </code>
</codes>
<dc element="dc.date.created" value="1997-03-31"/>
<dc element="dc.publisher" value="Reuters Holdings Plc"/>
<dc element="dc.date.published" value="1997-03-31"/>
<dc element="dc.source" value="Reuters"/>
<dc element="dc.creator.location" value="WESTBORO, Mass"/>
<dc element="dc.creator.location.country.name" value="USA"/>
<dc element="dc.source" value="Reuters"/>
</metadata>
</newsitem>
