<?xml version="1.0" encoding="iso-8859-1" ?>
<newsitem itemid="476196" id="root" date="1997-03-31" xml:lang="en">
<title>USA: TGC Industries Inc Q4 net loss narrows.</title>
<headline>TGC Industries Inc Q4 net loss narrows.</headline>
<dateline>PLANO, Texas 1997-03-31</dateline>
<text>
<p>1996			1995</p>
<p> Shr	   loss	 $0.04     loss	 $0.25</p>
<p>Income from continuing operations per shr</p>
<p>		 loss	  0.04   profit	  0.01</p>
<p>Income from discontinued operations per shr</p>
<p>				  nil     loss	  0.26</p>
<p>Income from continuing operations</p>
<p>		 loss	    92   profit	    91</p>
<p>Income from discontinued operations</p>
<p>				  nil     loss	 1,632</p>
<p> Net	   loss	    92     loss	 1,541</p>
<p> Revs			 2,240		    2,053</p>
<p> Avg shrs		   6,258		    6,290</p>
<p>		 year</p>
<p> Shr	   loss	 $0.19     loss	  0.46</p>
<p>Income from continuing operations per shr</p>
<p>	     profit	  0.02			nil</p>
<p>Income from discontinued operations per shr</p>
<p>		 loss	  0.21     loss	  0.46</p>
<p>Income from continuing operations</p>
<p>	     profit	   389     loss	   $24</p>
<p>Income from discontinued operations</p>
<p>		 loss	 1,403     loss	 2,628</p>
<p> Net	   loss	 1,014     loss	 2,652</p>
<p> Revs			 9,340		    7,543</p>
<p> Avg shrs		   6,630		    5,740</p>
<p>(All data above 000s except per share numbers)</p>
<p>NOTE:  Net income was calculated before the payment of preferred dividends, earnings per share were calculated after the payment of preferred dividends.</p>
</text>
<copyright>(c) Reuters Limited 1997</copyright>
<metadata>
<codes class="bip:countries:1.0">
  <code code="USA">
    <editdetail attribution="Reuters BIP Coding Group" action="confirmed" date="1997-03-31"/>
  </code>
</codes>
<codes class="bip:topics:1.0">
  <code code="C15">
    <editdetail attribution="Reuters BIP Coding Group" action="confirmed" date="1997-03-31"/>
  </code>
  <code code="C151">
    <editdetail attribution="Reuters BIP Coding Group" action="confirmed" date="1997-03-31"/>
  </code>
  <code code="C1511">
    <editdetail attribution="Reuters BIP Coding Group" action="confirmed" date="1997-03-31"/>
  </code>
  <code code="CCAT">
    <editdetail attribution="Reuters BIP Coding Group" action="confirmed" date="1997-03-31"/>
  </code>
</codes>
<dc element="dc.date.created" value="1997-03-31"/>
<dc element="dc.publisher" value="Reuters Holdings Plc"/>
<dc element="dc.date.published" value="1997-03-31"/>
<dc element="dc.source" value="Reuters"/>
<dc element="dc.creator.location" value="PLANO, Texas"/>
<dc element="dc.creator.location.country.name" value="USA"/>
<dc element="dc.source" value="Reuters"/>
</metadata>
</newsitem>
