<?xml version="1.0" encoding="iso-8859-1" ?>
<newsitem itemid="476146" id="root" date="1997-03-31" xml:lang="en">
<title>USA: Eltrax Systems posts 9-month period loss.</title>
<headline>Eltrax Systems posts 9-month period loss.</headline>
<dateline>MINNETONKA, Minn. 1997-03-31</dateline>
<text>
<p>Eltrax Systems Inc said for nine-month period ended December 31, 1996 it incurred a loss of $1.1 million or $0.16 per share on revenue of $28.1 million.</p>
<p>The company changed its year end to December 31 from March 31, resulting in a transitional short reporting period ending December 31.</p>
<p>During that transition, Eltrax sold its historical card business, so those results are presented as discontinued operations. The transition period results include operations of Eltrax's Datatech subsidiary from its May 17, 1996 acquisition. Its ANS subsidiary is accounted for as a pooling of interests, and thus its results are included for the entire transition period and for prior periods.</p>
<p>	  ((Reuters Chicago Newsdesk (312) 408-8787))</p>
</text>
<copyright>(c) Reuters Limited 1997</copyright>
<metadata>
<codes class="bip:countries:1.0">
  <code code="USA">
    <editdetail attribution="Reuters BIP Coding Group" action="confirmed" date="1997-03-31"/>
  </code>
</codes>
<codes class="bip:industries:1.0">
  <code code="I33020">
    <editdetail attribution="Reuters BIP Coding Group" action="confirmed" date="1997-03-31"/>
  </code>
  <code code="I3302021">
    <editdetail attribution="Reuters BIP Coding Group" action="confirmed" date="1997-03-31"/>
  </code>
</codes>
<codes class="bip:topics:1.0">
  <code code="C15">
    <editdetail attribution="Reuters BIP Coding Group" action="confirmed" date="1997-03-31"/>
  </code>
  <code code="C151">
    <editdetail attribution="Reuters BIP Coding Group" action="confirmed" date="1997-03-31"/>
  </code>
  <code code="CCAT">
    <editdetail attribution="Reuters BIP Coding Group" action="confirmed" date="1997-03-31"/>
  </code>
</codes>
<dc element="dc.date.created" value="1997-03-31"/>
<dc element="dc.publisher" value="Reuters Holdings Plc"/>
<dc element="dc.date.published" value="1997-03-31"/>
<dc element="dc.source" value="Reuters"/>
<dc element="dc.creator.location" value="MINNETONKA, Minn."/>
<dc element="dc.creator.location.country.name" value="USA"/>
<dc element="dc.source" value="Reuters"/>
</metadata>
</newsitem>
