<?xml version="1.0" encoding="iso-8859-1" ?>
<newsitem itemid="476119" id="root" date="1997-03-31" xml:lang="en">
<title>USA: RESEARCH ALERT - K.C. Southern view repeated.</title>
<headline>RESEARCH ALERT - K.C. Southern view repeated.</headline>
<text>
<p>--Gruntal &amp; Co Inc said on Monday it reiterated an outperform rating on Kansas City Southern Industries Inc</p>
<p>--&quot;We remain buyers because the shares remain undervalued relative to assets owned,&quot; Gruntal said in a report, noting that weather battered much of the railroad industry during the Q1 but the company's Kansas City Railway was generally spared.</p>
<p>--It said some unit coal business was lost because of three utility outages. As a result, Gruntal said it will be harder for the company to meet Gruntal's Q1 earnings per share estimate of $0.70 per share. Earnings may fall &quot;somewhere in the upper end of a $0.70 to $0.65 range.&quot;</p>
<p>--Kansas City Southern was off 1-3/4 at 50-1/8.</p>
<p>		((Reuters Chicago Newsdesk (312) 408-8787))</p>
</text>
<copyright>(c) Reuters Limited 1997</copyright>
<metadata>
<codes class="bip:countries:1.0">
  <code code="USA">
    <editdetail attribution="Reuters BIP Coding Group" action="confirmed" date="1997-03-31"/>
  </code>
</codes>
<codes class="bip:industries:1.0">
  <code code="I71000">
    <editdetail attribution="Reuters BIP Coding Group" action="confirmed" date="1997-03-31"/>
  </code>
</codes>
<codes class="bip:topics:1.0">
  <code code="C15">
    <editdetail attribution="Reuters BIP Coding Group" action="confirmed" date="1997-03-31"/>
  </code>
  <code code="C152">
    <editdetail attribution="Reuters BIP Coding Group" action="confirmed" date="1997-03-31"/>
  </code>
  <code code="CCAT">
    <editdetail attribution="Reuters BIP Coding Group" action="confirmed" date="1997-03-31"/>
  </code>
</codes>
<dc element="dc.publisher" value="Reuters Holdings Plc"/>
<dc element="dc.date.published" value="1997-03-31"/>
<dc element="dc.source" value="Reuters"/>
<dc element="dc.creator.location.country.name" value="USA"/>
<dc element="dc.source" value="Reuters"/>
</metadata>
</newsitem>
