<?xml version="1.0" encoding="iso-8859-1" ?>
<newsitem itemid="476121" id="root" date="1997-03-31" xml:lang="en">
<title>USA: U.S. Gold Corp announces 1996 profit.</title>
<headline>U.S. Gold Corp announces 1996 profit.</headline>
<text>
<p>U.S. Gold Corp.</p>
<p>			    Results of Operations</p>
<p>		   Year Ended Dec. 31, 1996, and 1995</p>
<p>						   12 Months Ended</p>
<p>							 Dec. 31,</p>
<p>						 1996	     1995</p>
<p>Installment Gain on Sale</p>
<p>  of Tonkin Springs Interest	 $1,165,418   $  702,828</p>
<p>Dividend Income				    --	247,500</p>
<p>Interest Income			     144,716	201,723</p>
<p>Gain on Sale of Assets			1,215	215,506</p>
<p>						1,311,349    1,367,557</p>
<p>Expenses:</p>
<p>General &amp; Administrative		  807,711	762,829</p>
<p>Interest					  1,695	 27,369</p>
<p>Depreciation				   11,516	  5,725</p>
<p>						  820,922	795,923</p>
<p>Income before income taxes		490,427	571,634</p>
<p>Net Income				 $  490,427   $  571,634</p>
<p>Net Income Per Share		   $     0.03   $     0.04</p>
<p>Weighted Average Shares		14,678,096   14,591,970</p>
</text>
<copyright>(c) Reuters Limited 1997</copyright>
<metadata>
<codes class="bip:countries:1.0">
  <code code="USA">
    <editdetail attribution="Reuters BIP Coding Group" action="confirmed" date="1997-03-31"/>
  </code>
</codes>
<codes class="bip:industries:1.0">
  <code code="I21000">
    <editdetail attribution="Reuters BIP Coding Group" action="confirmed" date="1997-03-31"/>
  </code>
</codes>
<codes class="bip:topics:1.0">
  <code code="C15">
    <editdetail attribution="Reuters BIP Coding Group" action="confirmed" date="1997-03-31"/>
  </code>
  <code code="C151">
    <editdetail attribution="Reuters BIP Coding Group" action="confirmed" date="1997-03-31"/>
  </code>
  <code code="C1511">
    <editdetail attribution="Reuters BIP Coding Group" action="confirmed" date="1997-03-31"/>
  </code>
  <code code="CCAT">
    <editdetail attribution="Reuters BIP Coding Group" action="confirmed" date="1997-03-31"/>
  </code>
</codes>
<dc element="dc.publisher" value="Reuters Holdings Plc"/>
<dc element="dc.date.published" value="1997-03-31"/>
<dc element="dc.source" value="Reuters"/>
<dc element="dc.creator.location.country.name" value="USA"/>
<dc element="dc.source" value="Reuters"/>
</metadata>
</newsitem>
