<?xml version="1.0" encoding="iso-8859-1" ?>
<newsitem itemid="476180" id="root" date="1997-03-31" xml:lang="en">
<title>USA: Catalina sees Q4 net below estimates.</title>
<headline>Catalina sees Q4 net below estimates.</headline>
<dateline>ST. PETERSBURG, Fla. 1997-03-31</dateline>
<text>
<p>Catalina Marketing Corp said on Monday it expects its financial performance for the fourth quarter ending today to be below analysts' expectations.</p>
<p>The company also said it expects fiscal 1998 to have lower core business growth than originally anticipated.</p>
<p>Full-year 1997 will have record results, the company said, which will establish a difficult baseline for 1998.</p>
<p>Fourth-quarter 1997 results will reflect a one-time charge of $2.0 million, or $0.06 per share, from shutting down the company's electronic coupon operation. Lower-than-expected revuenes from its checkout coupon business in Mexico will reduce net income by another $0.05 per share, to a range of $0.26 to $0.27. Analysts had expected $0.36 per share.</p>
<p>First-quarter net income per share in fiscal 1998 should be in the $0.30 to $0.31 range, compared with expectations of $0.37, the company said.</p>
<p>For full-year 1998, Catalina said it expects net income per share in the $1.70 to $1.75 range. Catalina provides in-store electronic marketing programs for consumer-goods companies.</p>
</text>
<copyright>(c) Reuters Limited 1997</copyright>
<metadata>
<codes class="bip:countries:1.0">
  <code code="USA">
    <editdetail attribution="Reuters BIP Coding Group" action="confirmed" date="1997-03-31"/>
  </code>
</codes>
<codes class="bip:industries:1.0">
  <code code="I33010">
    <editdetail attribution="Reuters BIP Coding Group" action="confirmed" date="1997-03-31"/>
  </code>
</codes>
<codes class="bip:topics:1.0">
  <code code="C15">
    <editdetail attribution="Reuters BIP Coding Group" action="confirmed" date="1997-03-31"/>
  </code>
  <code code="C152">
    <editdetail attribution="Reuters BIP Coding Group" action="confirmed" date="1997-03-31"/>
  </code>
  <code code="CCAT">
    <editdetail attribution="Reuters BIP Coding Group" action="confirmed" date="1997-03-31"/>
  </code>
</codes>
<dc element="dc.date.created" value="1997-03-31"/>
<dc element="dc.publisher" value="Reuters Holdings Plc"/>
<dc element="dc.date.published" value="1997-03-31"/>
<dc element="dc.source" value="Reuters"/>
<dc element="dc.creator.location" value="ST. PETERSBURG, Fla."/>
<dc element="dc.creator.location.country.name" value="USA"/>
<dc element="dc.source" value="Reuters"/>
</metadata>
</newsitem>
