<?xml version="1.0" encoding="iso-8859-1" ?>
<newsitem itemid="476112" id="root" date="1997-03-31" xml:lang="en">
<title>USA: U.S. IPO Pricings Week of March 31.</title>
<headline>U.S. IPO Pricings Week of March 31.</headline>
<text>
<p>COMPANY			SIZE(MLN) RANGE UNDERWRITER TRADEDATE</p>
<p>Objective Comms		 1.8     5-6   Barrington     Apr2</p>
<p>Scoop Inc			 1.3     5-6   Shamus	   Apr2</p>
<p>AmeriPath			 6.2   13-15   MorganSt	 Apr2</p>
<p>Nexar Technologies	    2.5   11-13   Sands	    Apr3</p>
<p>ASI Solutions		   2.2     7-8   Wainwright     Apr3</p>
<p>E-Net			     1.5     5     BarronChase    Apr4</p>
<p>Brookdale			 6.25  15-17   Friedman	 Apr4</p>
<p>Meade Instruments	     3.37  8-10    MorganKeeg     Apr4</p>
<p>Gulf Island		     2     14-16   MorganKeeg     Apr4</p>
<p>Commodore Separation	  1.5u   6-8    Natl Secs	Apr4</p>
</text>
<copyright>(c) Reuters Limited 1997</copyright>
<metadata>
<codes class="bip:countries:1.0">
  <code code="USA">
    <editdetail attribution="Reuters BIP Coding Group" action="confirmed" date="1997-03-31"/>
  </code>
</codes>
<codes class="bip:industries:1.0">
  <code code="I33020">
    <editdetail attribution="Reuters BIP Coding Group" action="confirmed" date="1997-03-31"/>
  </code>
  <code code="I3302021">
    <editdetail attribution="Reuters BIP Coding Group" action="confirmed" date="1997-03-31"/>
  </code>
  <code code="I34400">
    <editdetail attribution="Reuters BIP Coding Group" action="confirmed" date="1997-03-31"/>
  </code>
  <code code="I37300">
    <editdetail attribution="Reuters BIP Coding Group" action="confirmed" date="1997-03-31"/>
  </code>
  <code code="I83954">
    <editdetail attribution="Reuters BIP Coding Group" action="confirmed" date="1997-03-31"/>
  </code>
  <code code="I95100">
    <editdetail attribution="Reuters BIP Coding Group" action="confirmed" date="1997-03-31"/>
  </code>
</codes>
<codes class="bip:topics:1.0">
  <code code="C14">
    <editdetail attribution="Reuters BIP Coding Group" action="confirmed" date="1997-03-31"/>
  </code>
  <code code="C17">
    <editdetail attribution="Reuters BIP Coding Group" action="confirmed" date="1997-03-31"/>
  </code>
  <code code="C171">
    <editdetail attribution="Reuters BIP Coding Group" action="confirmed" date="1997-03-31"/>
  </code>
  <code code="CCAT">
    <editdetail attribution="Reuters BIP Coding Group" action="confirmed" date="1997-03-31"/>
  </code>
</codes>
<dc element="dc.publisher" value="Reuters Holdings Plc"/>
<dc element="dc.date.published" value="1997-03-31"/>
<dc element="dc.source" value="Reuters"/>
<dc element="dc.creator.location.country.name" value="USA"/>
<dc element="dc.source" value="Reuters"/>
</metadata>
</newsitem>
