<?xml version="1.0" encoding="iso-8859-1" ?>
<newsitem itemid="476108" id="root" date="1997-03-31" xml:lang="en">
<title>CANADA: Bank of Canada sets specials at 3.25 percent.</title>
<headline>Bank of Canada sets specials at 3.25 percent.</headline>
<dateline>TORONTO 1997-03-31</dateline>
<text>
<p>The Bank of Canada on Monday conducted a round of special purchase and resale agreements in the money market at 3.25 percent, dealers said.  </p>
<p>The central bank intervened after the call loan or overnight lending rate traded at the top of its 2.75-3.25 percent target range for the rate. Dealers said the rate was trading unusually high for a Monday.</p>
<p>&quot;Money is getting a little tight so they're just telling us they're keeping the range where it is,&quot; said a T-bill dealer with one bank-owned brokerage.</p>
<p>The call loan rate remained bid at 3.25 percent in the wake of the intervention, the dealer said. The three-month when-issued T-bill traded at 3.25 percent in the wake of the intervention.</p>
<p>((Jeffrey Hodgson (416) 941-8105, e-mail: jeffrey.hodgson@reuters.com))</p>
</text>
<copyright>(c) Reuters Limited 1997</copyright>
<metadata>
<codes class="bip:countries:1.0">
  <code code="CANA">
    <editdetail attribution="Reuters BIP Coding Group" action="confirmed" date="1997-03-31"/>
  </code>
</codes>
<codes class="bip:topics:1.0">
  <code code="E12">
    <editdetail attribution="Reuters BIP Coding Group" action="confirmed" date="1997-03-31"/>
  </code>
  <code code="ECAT">
    <editdetail attribution="Reuters BIP Coding Group" action="confirmed" date="1997-03-31"/>
  </code>
  <code code="M13">
    <editdetail attribution="Reuters BIP Coding Group" action="confirmed" date="1997-03-31"/>
  </code>
  <code code="MCAT">
    <editdetail attribution="Reuters BIP Coding Group" action="confirmed" date="1997-03-31"/>
  </code>
</codes>
<dc element="dc.date.created" value="1997-03-31"/>
<dc element="dc.publisher" value="Reuters Holdings Plc"/>
<dc element="dc.date.published" value="1997-03-31"/>
<dc element="dc.source" value="Reuters"/>
<dc element="dc.creator.location" value="TORONTO"/>
<dc element="dc.creator.location.country.name" value="CANADA"/>
<dc element="dc.source" value="Reuters"/>
</metadata>
</newsitem>
