<?xml version="1.0" encoding="iso-8859-1" ?>
<newsitem itemid="476117" id="root" date="1997-03-31" xml:lang="en">
<title>USA: RESEARCH ALERT - Quaker Oats EPS view up.</title>
<headline>RESEARCH ALERT - Quaker Oats EPS view up.</headline>
<text>
<p>-- Goldman Sachs anlaysts Nomi Ghez said Monday she raised her estimates for earnings from continuing operations, excluding charges, for Quaker Oats Co to $1.80 a share from $1.55 for 1997 and to $2.10 a share from $1.75 for 1998.</p>
<p>-- The higher estimates reflect the removal of operating losses from Snapple, which Quaker Oats has agreed to sell for $300 million, and reduced interest expenses.</p>
<p>-- Ghez said she had always been negative on the acquisition of Snapple, which posted operating losses for the two years since Quaker purchased it.</p>
<p>-- But she called Quaker's agreement to sell Snapple for $300 million, compared with its original acquisition cost of $1.8 billion, the &quot;best solution&quot; for right now.</p>
<p>-- Quaker shares were off 7/8 at 36-7/8.</p>
<p>((Reuters Chicago Newsdesk (312) 408-8787))</p>
</text>
<copyright>(c) Reuters Limited 1997</copyright>
<metadata>
<codes class="bip:countries:1.0">
  <code code="USA">
    <editdetail attribution="Reuters BIP Coding Group" action="confirmed" date="1997-03-31"/>
  </code>
</codes>
<codes class="bip:industries:1.0">
  <code code="I41000">
    <editdetail attribution="Reuters BIP Coding Group" action="confirmed" date="1997-03-31"/>
  </code>
</codes>
<codes class="bip:topics:1.0">
  <code code="C15">
    <editdetail attribution="Reuters BIP Coding Group" action="confirmed" date="1997-03-31"/>
  </code>
  <code code="C152">
    <editdetail attribution="Reuters BIP Coding Group" action="confirmed" date="1997-03-31"/>
  </code>
  <code code="CCAT">
    <editdetail attribution="Reuters BIP Coding Group" action="confirmed" date="1997-03-31"/>
  </code>
</codes>
<dc element="dc.publisher" value="Reuters Holdings Plc"/>
<dc element="dc.date.published" value="1997-03-31"/>
<dc element="dc.source" value="Reuters"/>
<dc element="dc.creator.location.country.name" value="USA"/>
<dc element="dc.source" value="Reuters"/>
</metadata>
</newsitem>
