<?xml version="1.0" encoding="iso-8859-1" ?>
<newsitem itemid="476199" id="root" date="1997-03-31" xml:lang="en">
<title>USA: Hilton Vice Chairman Eric Hilton retires.</title>
<headline>Hilton Vice Chairman Eric Hilton retires.</headline>
<dateline>BEVERLY HILLS, Calif. 1997-03-31</dateline>
<text>
<p>Hilton Hotels Corp on Monday said Eric Hilton will retire as Vice Chairman of the company, effective immediately.</p>
<p>Hilton will remain a member of the board of directors, and he will serve as Hilton's representative to the International Rivercenter Corp Joint Venture in New Orleans, Louisiana, operators of the New Orleans Hilton Riverside Hotel.</p>
<p>&quot;His accomplishments in the areas of domestic and international strategic planning and property development have been important to the continued growth of the company our father, Conrad N. Hilton, founded more than 75 years ago,&quot; Chairman Barron Hilton said in a statement.</p>
<p>Hilton was named vice chairman of Hilton Hotels Corporation in 1993 after serving as executive vice president and director of the company and as president and director of Conrad International, Hilton's chain of international hotels.</p>
<p>He first joined Conrad International as senior vice president - development in 1983, and was elected executive vice president in 1986. Prior to joining Conrad International, Hilton had served as senior vice president of Hilton's franchise division, Hilton Inns Inc.</p>
</text>
<copyright>(c) Reuters Limited 1997</copyright>
<metadata>
<codes class="bip:countries:1.0">
  <code code="USA">
    <editdetail attribution="Reuters BIP Coding Group" action="confirmed" date="1997-03-31"/>
  </code>
</codes>
<codes class="bip:industries:1.0">
  <code code="I66500">
    <editdetail attribution="Reuters BIP Coding Group" action="confirmed" date="1997-03-31"/>
  </code>
</codes>
<codes class="bip:topics:1.0">
  <code code="C41">
    <editdetail attribution="Reuters BIP Coding Group" action="confirmed" date="1997-03-31"/>
  </code>
  <code code="C411">
    <editdetail attribution="Reuters BIP Coding Group" action="confirmed" date="1997-03-31"/>
  </code>
  <code code="CCAT">
    <editdetail attribution="Reuters BIP Coding Group" action="confirmed" date="1997-03-31"/>
  </code>
</codes>
<dc element="dc.date.created" value="1997-03-31"/>
<dc element="dc.publisher" value="Reuters Holdings Plc"/>
<dc element="dc.date.published" value="1997-03-31"/>
<dc element="dc.source" value="Reuters"/>
<dc element="dc.creator.location" value="BEVERLY HILLS, Calif."/>
<dc element="dc.creator.location.country.name" value="USA"/>
<dc element="dc.source" value="Reuters"/>
</metadata>
</newsitem>
