<?xml version="1.0" encoding="iso-8859-1" ?>
<newsitem itemid="476157" id="root" date="1997-03-31" xml:lang="en">
<title>USA: Catalina to buy back $40 mln in shares.</title>
<headline>Catalina to buy back $40 mln in shares.</headline>
<dateline>ST. PETERSBURG, Fla. 1997-03-31</dateline>
<text>
<p>Catalina Marketing Corp on Monday said its board approved the repurchase of up to $40 million of additional shares of the company's common stock.</p>
<p>The company currently has about 19.6 million shares outstanding. Its shares closed at 39, down 1-1/2, on Monday. The company said the stock will be purchased in the open market and in privately negotiated transactions. The timing of repurchases and number of shares actually repurchased will depend on a variety of factors such as price and other market considerations.</p>
<p>The company, which provides in-store electronic marketing programs for more than 150 consumer goods companies, also announced that it completed its $10 million repurchase program announced in July 1995, including the repurchase of about 130,000 shares at an average price of $44.62 in February and March.</p>
<p>Since September 1994, Catalina Marketing said it has invested about $30 million for the repurchase of about 1.2 million shares, including 227,000 shares acquired under the program announced in July 1995.</p>
</text>
<copyright>(c) Reuters Limited 1997</copyright>
<metadata>
<codes class="bip:countries:1.0">
  <code code="USA">
    <editdetail attribution="Reuters BIP Coding Group" action="confirmed" date="1997-03-31"/>
  </code>
</codes>
<codes class="bip:industries:1.0">
  <code code="I33010">
    <editdetail attribution="Reuters BIP Coding Group" action="confirmed" date="1997-03-31"/>
  </code>
</codes>
<codes class="bip:topics:1.0">
  <code code="C17">
    <editdetail attribution="Reuters BIP Coding Group" action="confirmed" date="1997-03-31"/>
  </code>
  <code code="C171">
    <editdetail attribution="Reuters BIP Coding Group" action="confirmed" date="1997-03-31"/>
  </code>
  <code code="C18">
    <editdetail attribution="Reuters BIP Coding Group" action="confirmed" date="1997-03-31"/>
  </code>
  <code code="C181">
    <editdetail attribution="Reuters BIP Coding Group" action="confirmed" date="1997-03-31"/>
  </code>
  <code code="CCAT">
    <editdetail attribution="Reuters BIP Coding Group" action="confirmed" date="1997-03-31"/>
  </code>
</codes>
<dc element="dc.date.created" value="1997-03-31"/>
<dc element="dc.publisher" value="Reuters Holdings Plc"/>
<dc element="dc.date.published" value="1997-03-31"/>
<dc element="dc.source" value="Reuters"/>
<dc element="dc.creator.location" value="ST. PETERSBURG, Fla."/>
<dc element="dc.creator.location.country.name" value="USA"/>
<dc element="dc.source" value="Reuters"/>
</metadata>
</newsitem>
