<?xml version="1.0" encoding="iso-8859-1" ?>
<newsitem itemid="476177" id="root" date="1997-03-31" xml:lang="en">
<title>USA: U.S. airlines trim spring and summer fares.</title>
<headline>U.S. airlines trim spring and summer fares.</headline>
<dateline>NEW YORK 1997-03-31</dateline>
<text>
<p>Several U.S. airlines slashed some spring and summer fares, following a similar move by American Airlines on Sunday.</p>
<p>AMR Corp's American Airlines said it cut fares up to 50 percent on most domestic routes for travel through May 5 and up to 45 percent savings through September 6. Sale fares are also available for Mexico, Latin America and the Caribbean.</p>
<p>Continental Airlines Inc and US Airways Group Inc on Monday announced similar fares cuts.</p>
<p>Vanguard Airlines Inc said it will offer a 50 percent discount on all childrens fares for travel completed by October 1. Vanguard also said it continued its spring fare promotion, offering price cuts to its 15 destinations.</p>
</text>
<copyright>(c) Reuters Limited 1997</copyright>
<metadata>
<codes class="bip:countries:1.0">
  <code code="USA">
    <editdetail attribution="Reuters BIP Coding Group" action="confirmed" date="1997-03-31"/>
  </code>
</codes>
<codes class="bip:industries:1.0">
  <code code="I75000">
    <editdetail attribution="Reuters BIP Coding Group" action="confirmed" date="1997-03-31"/>
  </code>
</codes>
<codes class="bip:topics:1.0">
  <code code="C31">
    <editdetail attribution="Reuters BIP Coding Group" action="confirmed" date="1997-03-31"/>
  </code>
  <code code="CCAT">
    <editdetail attribution="Reuters BIP Coding Group" action="confirmed" date="1997-03-31"/>
  </code>
</codes>
<dc element="dc.date.created" value="1997-03-31"/>
<dc element="dc.publisher" value="Reuters Holdings Plc"/>
<dc element="dc.date.published" value="1997-03-31"/>
<dc element="dc.source" value="Reuters"/>
<dc element="dc.creator.location" value="NEW YORK"/>
<dc element="dc.creator.location.country.name" value="USA"/>
<dc element="dc.source" value="Reuters"/>
</metadata>
</newsitem>
