<?xml version="1.0" encoding="iso-8859-1" ?>
<newsitem itemid="476166" id="root" date="1997-03-31" xml:lang="en">
<title>USA: Empire of Carolina Q4 net loss widens.</title>
<headline>Empire of Carolina Q4 net loss widens.</headline>
<dateline>DELRAY BEACH, Fla. 1997-03-31</dateline>
<text>
<p>EMPIRE OF CAROLINA INC AND SUBSIDIARIES</p>
<p>		CONSOLIDATED CONDENSED STATEMENTS OF OPERATIONS</p>
<p>		    (In Thousands, Except Per Share Amounts)</p>
<p>			    Three Months Ended  Twelve Months Ended</p>
<p>					 December 31,    December 31,</p>
<p>				    1996	1995     1996	1995</p>
<p> NET SALES		    $42,847  $61,404  $148,908 $153,744</p>
<p> COST OF GOODS SOLD	  50,322   46,383   133,464  111,905</p>
<p>NONRECURRING INVENTORY CHARGES</p>
<p>				    1,860	  0    12,185	  0</p>
<p> GROSS PROFIT (LOSS)	(9,335)   15,021     3,259   41,839</p>
<p>SELLING AND ADMINISTRATIVE</p>
<p>				   16,043   10,178    41,751   36,183</p>
<p>EXPENSES</p>
<p> RESTRUCTURING AND	    1,303    6,451     8,800    7,550</p>
<p>OTHER CHARGES</p>
<p>OPERATING INCOME (LOSS)</p>
<p>				 (26,681)  (1,608)  (47,292)  (1,894)</p>
<p>OTHER INCOME (EXPENSES):</p>
<p>Interest income, dividends</p>
<p>  and net realized gains     (21)	 55	 (5)	514</p>
<p>  Interest expense	  (4,737)  (2,593)  (11,236)  (5,996)</p>
<p>Total other income (expenses)</p>
<p>				  (4,758)  (2,538)  (11,241)  (5,482)</p>
<p>INCOME (LOSS) BEFORE INCOME</p>
<p>  TAXES			(31,439)  (4,146)  (58,533)  (7,376)</p>
<p>INCOME TAX EXPENSE (BENEFIT)</p>
<p>				  (1,978)  (1,860)  (12,332)  (2,875)</p>
<p> NET INCOME(LOSS)	  (29,461)  (2,286)  (46,201)  (4,501)</p>
<p>INCOME (LOSS) PER</p>
<p>  COMMON SHARE		 (3.98)   (0.44)    (7.89)   (0.96)</p>
<p>WEIGHTED AVERAGE COMMON</p>
<p>  SHARES OUTSTANDING	  7,404    5,195     5,859    4,681</p>
</text>
<copyright>(c) Reuters Limited 1997</copyright>
<metadata>
<codes class="bip:countries:1.0">
  <code code="USA">
    <editdetail attribution="Reuters BIP Coding Group" action="confirmed" date="1997-03-31"/>
  </code>
</codes>
<codes class="bip:industries:1.0">
  <code code="I49410">
    <editdetail attribution="Reuters BIP Coding Group" action="confirmed" date="1997-03-31"/>
  </code>
</codes>
<codes class="bip:topics:1.0">
  <code code="C15">
    <editdetail attribution="Reuters BIP Coding Group" action="confirmed" date="1997-03-31"/>
  </code>
  <code code="C151">
    <editdetail attribution="Reuters BIP Coding Group" action="confirmed" date="1997-03-31"/>
  </code>
  <code code="C1511">
    <editdetail attribution="Reuters BIP Coding Group" action="confirmed" date="1997-03-31"/>
  </code>
  <code code="CCAT">
    <editdetail attribution="Reuters BIP Coding Group" action="confirmed" date="1997-03-31"/>
  </code>
</codes>
<dc element="dc.date.created" value="1997-03-31"/>
<dc element="dc.publisher" value="Reuters Holdings Plc"/>
<dc element="dc.date.published" value="1997-03-31"/>
<dc element="dc.source" value="Reuters"/>
<dc element="dc.creator.location" value="DELRAY BEACH, Fla."/>
<dc element="dc.creator.location.country.name" value="USA"/>
<dc element="dc.source" value="Reuters"/>
</metadata>
</newsitem>
