<?xml version="1.0" encoding="iso-8859-1" ?>
<newsitem itemid="476178" id="root" date="1997-03-31" xml:lang="en">
<title>USA: Aasche Transportation Q4 Dec 31 loss.</title>
<headline>Aasche Transportation Q4 Dec 31 loss.</headline>
<dateline>SHANNON, Ill. 1997-03-31</dateline>
<text>
<p>Fourth Quarter	  Year</p>
<p>					1996     1995     1996     1995</p>
<p> NET REVENUES		 $ 18,395 $ 18,767 $ 77,365 $ 67,748</p>
<p>OPERATING EXPENSES</p>
<p>Salaries, wages and benefits</p>
<p>				     7,471    6,672   27,109   24,352</p>
<p> Fuel				3,648    3,132   13,350   10,532</p>
<p> Purchased transportation    1,840    2,233   10,772    7,148</p>
<p> Supplies and maintenance    1,930    1,750    7,032    6,369</p>
<p> Depreciation/amortization   2,408    2,519    8,547    7,887</p>
<p> Taxes and licenses		537	516    2,073    1,762</p>
<p> Insurance			   681	735    2,838    2,784</p>
<p> Communications and utilities  203	216	818	809</p>
<p>Loss (gain) on disposition</p>
<p>   of equipment		  1,221    (214)    1,165    (323)</p>
<p> Litigation settlement	    --	 --	150	 --</p>
<p> Polar restructuring expense    --	 --	490	 --</p>
<p> Investment write-off	    100	 --	100	 --</p>
<p>Writedown of equipment to net</p>
<p>   realizable value	    1,155	 --    1,155	 --</p>
<p> Severance expense		  39	 --	 81	 --</p>
<p> Merger consummation costs	--    1,269	 --    1,269</p>
<p> Other				 608	384    2,298    1,297</p>
<p> Total operating expenses   21,841   19,212   77,978   63,886</p>
<p> OPERATING (LOSS) INCOME   (3,446)    (445)    (613)    3,862</p>
<p>OTHER (EXPENSES) INCOME:</p>
<p> Interest expense		(798)  (1,162)  (3,464)  (4,069)</p>
<p>Amortization of debt issuance cost</p>
<p>					  --	 --	 --    (447)</p>
<p> Other				  32	 14	136	127</p>
<p>LOSS BEFORE INCOME TAX BENEFIT (PROVISION), EXTRAORDINARY</p>
<p>   ITEM			  (4,212)  (1,593)  (3,941)    (527)</p>
<p>INCOME TAX BENEFIT (PROVISION)</p>
<p>				     1,432    (231)    1,321    (538)</p>
<p>LOSS BEFORE EXTRAORDINARY ITEM</p>
<p>				   (2,780)  (1,824)  (2,620)  (1,065)</p>
<p>Loss on extinguishment of debt,</p>
<p>net of income tax benefit of</p>
<p>   $134				 --	261	 --	261</p>
<p> NET LOSS			(2,780)  (2,085)  (2,620)  (1,326)</p>
<p>Net loss per common share:</p>
<p>Loss before extraordinary</p>
<p>     item			 (0.70)   (0.46)   (0.67)   (0.27)</p>
<p>  Extraordinary item		 --   (0.07)	 --   (0.07)</p>
<p> Net loss			 (0.70)   (0.53)   (0.67)   (0.34)</p>
<p>		    (in thousands, except per share data)</p>
<p>		((Chicago newsdesk 312 408 8787))</p>
</text>
<copyright>(c) Reuters Limited 1997</copyright>
<metadata>
<codes class="bip:countries:1.0">
  <code code="USA">
    <editdetail attribution="Reuters BIP Coding Group" action="confirmed" date="1997-03-31"/>
  </code>
</codes>
<codes class="bip:industries:1.0">
  <code code="I72300">
    <editdetail attribution="Reuters BIP Coding Group" action="confirmed" date="1997-03-31"/>
  </code>
</codes>
<codes class="bip:topics:1.0">
  <code code="C15">
    <editdetail attribution="Reuters BIP Coding Group" action="confirmed" date="1997-03-31"/>
  </code>
  <code code="C151">
    <editdetail attribution="Reuters BIP Coding Group" action="confirmed" date="1997-03-31"/>
  </code>
  <code code="C1511">
    <editdetail attribution="Reuters BIP Coding Group" action="confirmed" date="1997-03-31"/>
  </code>
  <code code="CCAT">
    <editdetail attribution="Reuters BIP Coding Group" action="confirmed" date="1997-03-31"/>
  </code>
</codes>
<dc element="dc.date.created" value="1997-03-31"/>
<dc element="dc.publisher" value="Reuters Holdings Plc"/>
<dc element="dc.date.published" value="1997-03-31"/>
<dc element="dc.source" value="Reuters"/>
<dc element="dc.creator.location" value="SHANNON, Ill."/>
<dc element="dc.creator.location.country.name" value="USA"/>
<dc element="dc.source" value="Reuters"/>
</metadata>
</newsitem>
