<?xml version="1.0" encoding="iso-8859-1" ?>
<newsitem itemid="476156" id="root" date="1997-03-31" xml:lang="en">
<title>USA: Sallie Mae group pleased with second meeting.</title>
<headline>Sallie Mae group pleased with second meeting.</headline>
<dateline>WASHINGTON 1997-03-31</dateline>
<text>
<p>A dissident shareholders group said Monday it was pleased that Student Loan Marketing Association (Sallie Mae) shareholders have backed its call for a second special meeting.</p>
<p>&quot;We're hopeful that they schedule the two meetings together,&quot; said Albert Lord of the Committee to Restore Value.  </p>
<p>Lord said while the original meeting called by Sallie Mae management will allow shareholders to approve or reject a management reorganization plan, the second meeting, which his group had been seeking, will allow shareholders to vote on separate plans of reorganization and a separate slate of directors.</p>
<p>Lord said his group wants a business plan which is &quot;more aggressive&quot; than the company's plan. He said the management plan would confine Sallie Mae to the secondary market for student loans, while the Committee's plan would get Sallie Mae into the origination of student loans as a primary lender.  </p>
<p>Asked to comment on the two plans, Sallie Mae spokeswoman Gisela Vallandigham said, &quot;the biggest difference is that we haven't seen his plan.&quot;</p>
<p>She said the management believes it has a prudent business plan. &quot;Our shareholders understand it and approved of it in the marketplace,&quot; she said. She added that the Sallie Mae stock price has tripled over the last two and one-half years and &quot;we think that is testimony to the value of the plan we have had and will continue to have going forward.&quot;</p>
<p>Sallie Mae's announcement Monday said it understood that shareholders representing more than one-third of the outstanding shares have returned proxies calling for the second shareholders meeting.</p>
<p>The meeting originally called by Salie Mae is scheduled for May 15. In response to a question, a Sallie Mae spokesman said the time of the second meeting would be determined and announced &quot;fairly shortly.&quot;</p>
</text>
<copyright>(c) Reuters Limited 1997</copyright>
<metadata>
<codes class="bip:countries:1.0">
  <code code="USA">
    <editdetail attribution="Reuters BIP Coding Group" action="confirmed" date="1997-03-31"/>
  </code>
</codes>
<codes class="bip:industries:1.0">
  <code code="I81501">
    <editdetail attribution="Reuters BIP Coding Group" action="confirmed" date="1997-03-31"/>
  </code>
</codes>
<codes class="bip:topics:1.0">
  <code code="C11">
    <editdetail attribution="Reuters BIP Coding Group" action="confirmed" date="1997-03-31"/>
  </code>
  <code code="C41">
    <editdetail attribution="Reuters BIP Coding Group" action="confirmed" date="1997-03-31"/>
  </code>
  <code code="CCAT">
    <editdetail attribution="Reuters BIP Coding Group" action="confirmed" date="1997-03-31"/>
  </code>
</codes>
<dc element="dc.date.created" value="1997-03-31"/>
<dc element="dc.publisher" value="Reuters Holdings Plc"/>
<dc element="dc.date.published" value="1997-03-31"/>
<dc element="dc.source" value="Reuters"/>
<dc element="dc.creator.location" value="WASHINGTON"/>
<dc element="dc.creator.location.country.name" value="USA"/>
<dc element="dc.source" value="Reuters"/>
</metadata>
</newsitem>
