<?xml version="1.0" encoding="iso-8859-1" ?>
<newsitem itemid="476155" id="root" date="1997-03-31" xml:lang="en">
<title>USA: California Real Estate Investment Q4 loss.</title>
<headline>California Real Estate Investment Q4 loss.</headline>
<dateline>SAN FRANCISCO 1997-03-31</dateline>
<text>
<p>Twelve Months Ended Dec. 31,</p>
<p>					   1996		1995</p>
<p>				In thousands except per share amounts</p>
<p>Operating Results:</p>
<p> Total revenues		    $ 3,155	  $ 3,535</p>
<p> Total expenses			2,895	    3,098</p>
<p> Income from operations		260		437</p>
<p>Gain on foreclosure or sale</p>
<p>  of investments		     1,069		 66</p>
<p> Valuation losses		  (1,743)	  (3,281)</p>
<p> Net loss				(414)	  (2,778)</p>
<p> Funds from operations(a)	    324	    1,099</p>
<p> Total assets			 30,036	   33,532</p>
<p> Shareholders' equity	     24,471	   24,907</p>
<p>Per Share Results:</p>
<p> Net loss per share		 (0.05)	   (0.30)</p>
<p> Shares outstanding		  9,137	    9,137 (a)</p>
<p>Funds from operations (FFO) means net income, excluding gain (loss) on the sales of property, valuation losses, extraordinary items and minority interest plus depreciation and amortization.  FFO here was computed without adding back amortization of deferred financing costs and depreciation of non-rental real estate assets.</p>
<p>The Trust further announced that it intends to file its annual report on Form 10-K with the Securities and Exchange Commission within the next 15 days.</p>
</text>
<copyright>(c) Reuters Limited 1997</copyright>
<metadata>
<codes class="bip:countries:1.0">
  <code code="USA">
    <editdetail attribution="Reuters BIP Coding Group" action="confirmed" date="1997-03-31"/>
  </code>
</codes>
<codes class="bip:industries:1.0">
  <code code="I81502">
    <editdetail attribution="Reuters BIP Coding Group" action="confirmed" date="1997-03-31"/>
  </code>
  <code code="I8150206">
    <editdetail attribution="Reuters BIP Coding Group" action="confirmed" date="1997-03-31"/>
  </code>
</codes>
<codes class="bip:topics:1.0">
  <code code="C15">
    <editdetail attribution="Reuters BIP Coding Group" action="confirmed" date="1997-03-31"/>
  </code>
  <code code="C151">
    <editdetail attribution="Reuters BIP Coding Group" action="confirmed" date="1997-03-31"/>
  </code>
  <code code="C1511">
    <editdetail attribution="Reuters BIP Coding Group" action="confirmed" date="1997-03-31"/>
  </code>
  <code code="CCAT">
    <editdetail attribution="Reuters BIP Coding Group" action="confirmed" date="1997-03-31"/>
  </code>
</codes>
<dc element="dc.date.created" value="1997-03-31"/>
<dc element="dc.publisher" value="Reuters Holdings Plc"/>
<dc element="dc.date.published" value="1997-03-31"/>
<dc element="dc.source" value="Reuters"/>
<dc element="dc.creator.location" value="SAN FRANCISCO"/>
<dc element="dc.creator.location.country.name" value="USA"/>
<dc element="dc.source" value="Reuters"/>
</metadata>
</newsitem>
