<?xml version="1.0" encoding="iso-8859-1" ?>
<newsitem itemid="476126" id="root" date="1997-03-31" xml:lang="en">
<title>USA: AIM 85 Reports fourth quarter net earnings.</title>
<headline>AIM 85 Reports fourth quarter net earnings.</headline>
<text>
<p>AMERICAN INSURED MORTGAGE INVESTORS - SERIES 85, L.P.</p>
<p>				   STATEMENTS OF OPERATIONS</p>
<p>	   For the three months ended    For the year ended</p>
<p>		     December 31,		  December 31,</p>
<p>	     1996	  1995	    1996	    1995</p>
<p>Income:</p>
<p>Mortgage investment income</p>
<p>	    $4,297,169 $4,550,365 $17,731,547 $18,404,737</p>
<p>Interest and other income</p>
<p>		57,649     54,145     211,779     183,846</p>
<p>		4,354,818  4,604,510  17,943,326  18,588,583</p>
<p>Expenses:</p>
<p>Asset management fee</p>
<p>	  to related parties</p>
<p>	     494,379    507,990   1,997,649   2,042,886</p>
<p>General and administrative</p>
<p>	     208,705    149,246     655,426     655,831</p>
<p>Interest expense to affiliate</p>
<p>		5,783	5,783	23,132	23,133</p>
<p>	     708,867    663,019   2,676,207   2,721,850</p>
<p>Earnings before mortgage</p>
<p>dispositions</p>
<p>	   3,645,951  3,941,491  15,267,119  15,866,733</p>
<p>Gains on mortgage dispositions/</p>
<p>modifications</p>
<p>	    7,206	  --	666,179	52,730</p>
<p>Losses on mortgage dispositions/</p>
<p>modifications</p>
<p>		--     19,967     (144,595)   (16,665)</p>
<p>Net earnings</p>
<p>	  $3,653,157 $3,961,458 $15,788,703 $15,902,798</p>
<p>Net earnings per Limited</p>
<p>Partnership Unit</p>
<p>	    $.30	  $.32	 $1.26	 $1.27</p>
<p>Limited Partnership Units</p>
<p>outstanding as of Dec. 31,</p>
<p>	  12,079,514  12,079,514 12,079,514  12,079,514</p>
<p>Balance Sheet Data:</p>
<p>	     As of December 31,</p>
<p>		 1996	   1995</p>
<p>Investment in insured mortgages</p>
<p>		$204,192,966  $220,229,526</p>
<p>Total assets</p>
<p>	     $215,951,486  $225,691,123</p>
<p>SOURCE  American Insured Mortgage Investors Series 85 LP.</p>
<p>    -0-				     03/31/97</p>
<p>/CONTACT:  Susan B. Railey, 301-468-3120, or Traci O'Neill, 301-231-0351, both for AIM 85/</p>
<p>(AII) CO:  American Insured Mortgage Investors - Series 85, L.P. ST:  Maryland IN:  FIN SU:  ERN</p>
</text>
<copyright>(c) Reuters Limited 1997</copyright>
<metadata>
<codes class="bip:countries:1.0">
  <code code="USA">
    <editdetail attribution="Reuters BIP Coding Group" action="confirmed" date="1997-03-31"/>
  </code>
</codes>
<codes class="bip:industries:1.0">
  <code code="I81502">
    <editdetail attribution="Reuters BIP Coding Group" action="confirmed" date="1997-03-31"/>
  </code>
</codes>
<codes class="bip:topics:1.0">
  <code code="C15">
    <editdetail attribution="Reuters BIP Coding Group" action="confirmed" date="1997-03-31"/>
  </code>
  <code code="C151">
    <editdetail attribution="Reuters BIP Coding Group" action="confirmed" date="1997-03-31"/>
  </code>
  <code code="C1511">
    <editdetail attribution="Reuters BIP Coding Group" action="confirmed" date="1997-03-31"/>
  </code>
  <code code="CCAT">
    <editdetail attribution="Reuters BIP Coding Group" action="confirmed" date="1997-03-31"/>
  </code>
</codes>
<dc element="dc.publisher" value="Reuters Holdings Plc"/>
<dc element="dc.date.published" value="1997-03-31"/>
<dc element="dc.source" value="Reuters"/>
<dc element="dc.creator.location.country.name" value="USA"/>
<dc element="dc.source" value="Reuters"/>
</metadata>
</newsitem>
