<?xml version="1.0" encoding="iso-8859-1" ?>
<newsitem itemid="476190" id="root" date="1997-03-31" xml:lang="en">
<title>USA: Detroit &amp; Canada Tunnel sale completed.</title>
<headline>Detroit &amp; Canada Tunnel sale completed.</headline>
<dateline>DETROIT 1997-03-31</dateline>
<text>
<p>Detroit &amp; Canada Tunnel Corp. said Monday its $36.5 million acquisition by Hyde Park Holdings Inc and a major insurance and investment company has been completed.</p>
<p>Detroit &amp; Canada Tunnel shareholders will receive $54 a share in cash for company's the 676,027 shares outstanding. The company operates the toll tunnel that connects Detroit to Windsor, Ontario.</p>
</text>
<copyright>(c) Reuters Limited 1997</copyright>
<metadata>
<codes class="bip:countries:1.0">
  <code code="CANA">
    <editdetail attribution="Reuters BIP Coding Group" action="confirmed" date="1997-03-31"/>
  </code>
  <code code="USA">
    <editdetail attribution="Reuters BIP Coding Group" action="confirmed" date="1997-03-31"/>
  </code>
</codes>
<codes class="bip:industries:1.0">
  <code code="I72300">
    <editdetail attribution="Reuters BIP Coding Group" action="confirmed" date="1997-03-31"/>
  </code>
</codes>
<codes class="bip:topics:1.0">
  <code code="C18">
    <editdetail attribution="Reuters BIP Coding Group" action="confirmed" date="1997-03-31"/>
  </code>
  <code code="C181">
    <editdetail attribution="Reuters BIP Coding Group" action="confirmed" date="1997-03-31"/>
  </code>
  <code code="CCAT">
    <editdetail attribution="Reuters BIP Coding Group" action="confirmed" date="1997-03-31"/>
  </code>
</codes>
<dc element="dc.date.created" value="1997-03-31"/>
<dc element="dc.publisher" value="Reuters Holdings Plc"/>
<dc element="dc.date.published" value="1997-03-31"/>
<dc element="dc.source" value="Reuters"/>
<dc element="dc.creator.location" value="DETROIT"/>
<dc element="dc.creator.location.country.name" value="USA"/>
<dc element="dc.source" value="Reuters"/>
</metadata>
</newsitem>
