<?xml version="1.0" encoding="iso-8859-1" ?>
<newsitem itemid="476142" id="root" date="1997-03-31" xml:lang="en">
<title>USA: Alliance Entertainment Corp Q4 loss.</title>
<headline>Alliance Entertainment Corp Q4 loss.</headline>
<dateline>NEW YORK 1997-03-31</dateline>
<text>
<p>(In millions except per share data)</p>
<p>Fourth Quarter Ended December 31,  Year Ended December 31,</p>
<p>			   1996	 1995	  1996	  1995</p>
<p> Net Sales	   $ 191.1     $228.8    $  691.1	$720.3</p>
<p> Net income (loss) (112.8)	   --     (148.7)	   5.3</p>
<p>Earnings (loss)</p>
<p>  per share	   (2.87)	 0.02	(3.82)	  0.16</p>
<p> Avg shrs	 44,764,853  38,495,380  39,540,216  39,099,500</p>
<p>NOTE: 1996 periods include charges totaling $118.9 million</p>
<p>relating to consolidation plan, disposition of non core businesses, termination of a merger agreement and certain industry conditions.</p>
<p>((-- New York Newsdesk 212 859-1610))</p>
</text>
<copyright>(c) Reuters Limited 1997</copyright>
<metadata>
<codes class="bip:countries:1.0">
  <code code="USA">
    <editdetail attribution="Reuters BIP Coding Group" action="confirmed" date="1997-03-31"/>
  </code>
</codes>
<codes class="bip:industries:1.0">
  <code code="I61000">
    <editdetail attribution="Reuters BIP Coding Group" action="confirmed" date="1997-03-31"/>
  </code>
</codes>
<codes class="bip:topics:1.0">
  <code code="C15">
    <editdetail attribution="Reuters BIP Coding Group" action="confirmed" date="1997-03-31"/>
  </code>
  <code code="C151">
    <editdetail attribution="Reuters BIP Coding Group" action="confirmed" date="1997-03-31"/>
  </code>
  <code code="C1511">
    <editdetail attribution="Reuters BIP Coding Group" action="confirmed" date="1997-03-31"/>
  </code>
  <code code="CCAT">
    <editdetail attribution="Reuters BIP Coding Group" action="confirmed" date="1997-03-31"/>
  </code>
</codes>
<dc element="dc.date.created" value="1997-03-31"/>
<dc element="dc.publisher" value="Reuters Holdings Plc"/>
<dc element="dc.date.published" value="1997-03-31"/>
<dc element="dc.source" value="Reuters"/>
<dc element="dc.creator.location" value="NEW YORK"/>
<dc element="dc.creator.location.country.name" value="USA"/>
<dc element="dc.source" value="Reuters"/>
</metadata>
</newsitem>
