<?xml version="1.0" encoding="iso-8859-1" ?>
<newsitem itemid="476111" id="root" date="1997-03-31" xml:lang="en">
<title>USA: BroadBand authorizes 1.3 mln shr buyback.</title>
<headline>BroadBand authorizes 1.3 mln shr buyback.</headline>
<dateline>RESEARCH TRIANGLE PARK, N.C. 1997-03-31</dateline>
<text>
<p>BroadBand Technologies Inc said on Monday that its board of directors has authorized the repurchase of up to 1.3 million shares of common stock.</p>
<p>The shares represent about 10 percent of the company's 13.3 million shares outstanding, BroadBand said.</p>
<p>The repurchases will be made in open market or privately negotiated transactions, BroadBand said.</p>
</text>
<copyright>(c) Reuters Limited 1997</copyright>
<metadata>
<codes class="bip:countries:1.0">
  <code code="USA">
    <editdetail attribution="Reuters BIP Coding Group" action="confirmed" date="1997-03-31"/>
  </code>
</codes>
<codes class="bip:industries:1.0">
  <code code="I34410">
    <editdetail attribution="Reuters BIP Coding Group" action="confirmed" date="1997-03-31"/>
  </code>
</codes>
<codes class="bip:topics:1.0">
  <code code="C17">
    <editdetail attribution="Reuters BIP Coding Group" action="confirmed" date="1997-03-31"/>
  </code>
  <code code="C171">
    <editdetail attribution="Reuters BIP Coding Group" action="confirmed" date="1997-03-31"/>
  </code>
  <code code="C18">
    <editdetail attribution="Reuters BIP Coding Group" action="confirmed" date="1997-03-31"/>
  </code>
  <code code="C181">
    <editdetail attribution="Reuters BIP Coding Group" action="confirmed" date="1997-03-31"/>
  </code>
  <code code="CCAT">
    <editdetail attribution="Reuters BIP Coding Group" action="confirmed" date="1997-03-31"/>
  </code>
</codes>
<dc element="dc.date.created" value="1997-03-31"/>
<dc element="dc.publisher" value="Reuters Holdings Plc"/>
<dc element="dc.date.published" value="1997-03-31"/>
<dc element="dc.source" value="Reuters"/>
<dc element="dc.creator.location" value="RESEARCH TRIANGLE PARK, N.C."/>
<dc element="dc.creator.location.country.name" value="USA"/>
<dc element="dc.source" value="Reuters"/>
</metadata>
</newsitem>
