<?xml version="1.0" encoding="iso-8859-1" ?>
<newsitem itemid="476113" id="root" date="1997-03-31" xml:lang="en">
<title>USA: CONSENSUS: U.S. corporate earnings surprise data.</title>
<headline>CONSENSUS: U.S. corporate earnings surprise data.</headline>
<text>
<p>Earnings surprise for March 31, provided by Zacks Investment Research. The following companies reported the greatest deviations, above or below analysts' mean estimates, as compiled by Zacks.</p>
<p>COMPANY		   ESTIMATE  ACTUAL  PCT SURPRISE</p>
<p>PREMIER PKS INC	 -0.73    -0.04	 94.52%</p>
<p>GENOME THERAPEU	 -0.04    -0.01	 75.00%</p>
<p>ARCH PETROLEUM	   0.02     0.03	 50.00%</p>
<p>HOLLYWOOD CASINO	-0.19    -0.11	 42.11%</p>
<p>DMI FURNITURE	    0.05     0.07	 40.00%</p>
<p>MED-DESIGN CORP	 -0.20    -0.16	 20.00%</p>
<p>FLOWERS INDS		0.18     0.21	 16.67%</p>
<p>FINISH LINE -CLA	 0.23     0.26	 13.04%</p>
<p>RAILAMERICA INC	  0.09     0.10	 11.11%</p>
<p>GENSIA INC		-0.34    -0.33	  2.94%</p>
<p>PHYSICIAN CORP AM	0.06    -3.85    -6516.67%</p>
<p>EAGLE FINANCE	    0.05    -1.38    -2860.00%</p>
<p>CROP GROWERS CORP     -0.13    -0.59     -353.85%</p>
<p>SA TELECOM INC	  -0.04    -0.15     -275.00%</p>
<p>EIS INTL INC	     0.15    -0.08     -153.33%</p>
<p>SUBMICRON SYS	   999.0    -0.31     -100.03%</p>
<p>CORAM HEALTHCARE	 -0.21    -0.39	-85.71%</p>
<p>MOBILE MINI INC	  0.08     0.04	-50.00%</p>
<p>DAVEL COMMS GROUP	0.25     0.14	-44.00%</p>
<p>BIO-PLEXUS INC	  -0.40    -0.57	-42.50%</p>
</text>
<copyright>(c) Reuters Limited 1997</copyright>
<metadata>
<codes class="bip:countries:1.0">
  <code code="USA">
    <editdetail attribution="Reuters BIP Coding Group" action="confirmed" date="1997-03-31"/>
  </code>
</codes>
<codes class="bip:industries:1.0">
  <code code="I13000">
    <editdetail attribution="Reuters BIP Coding Group" action="confirmed" date="1997-03-31"/>
  </code>
  <code code="I25700">
    <editdetail attribution="Reuters BIP Coding Group" action="confirmed" date="1997-03-31"/>
  </code>
  <code code="I31000">
    <editdetail attribution="Reuters BIP Coding Group" action="confirmed" date="1997-03-31"/>
  </code>
  <code code="I32450">
    <editdetail attribution="Reuters BIP Coding Group" action="confirmed" date="1997-03-31"/>
  </code>
  <code code="I33020">
    <editdetail attribution="Reuters BIP Coding Group" action="confirmed" date="1997-03-31"/>
  </code>
  <code code="I37200">
    <editdetail attribution="Reuters BIP Coding Group" action="confirmed" date="1997-03-31"/>
  </code>
  <code code="I41000">
    <editdetail attribution="Reuters BIP Coding Group" action="confirmed" date="1997-03-31"/>
  </code>
  <code code="I46700">
    <editdetail attribution="Reuters BIP Coding Group" action="confirmed" date="1997-03-31"/>
  </code>
  <code code="I65400">
    <editdetail attribution="Reuters BIP Coding Group" action="confirmed" date="1997-03-31"/>
  </code>
  <code code="I66500">
    <editdetail attribution="Reuters BIP Coding Group" action="confirmed" date="1997-03-31"/>
  </code>
  <code code="I71000">
    <editdetail attribution="Reuters BIP Coding Group" action="confirmed" date="1997-03-31"/>
  </code>
  <code code="I79020">
    <editdetail attribution="Reuters BIP Coding Group" action="confirmed" date="1997-03-31"/>
  </code>
  <code code="I81501">
    <editdetail attribution="Reuters BIP Coding Group" action="confirmed" date="1997-03-31"/>
  </code>
  <code code="I82003">
    <editdetail attribution="Reuters BIP Coding Group" action="confirmed" date="1997-03-31"/>
  </code>
  <code code="I85000">
    <editdetail attribution="Reuters BIP Coding Group" action="confirmed" date="1997-03-31"/>
  </code>
  <code code="I95100">
    <editdetail attribution="Reuters BIP Coding Group" action="confirmed" date="1997-03-31"/>
  </code>
</codes>
<codes class="bip:topics:1.0">
  <code code="C15">
    <editdetail attribution="Reuters BIP Coding Group" action="confirmed" date="1997-03-31"/>
  </code>
  <code code="C152">
    <editdetail attribution="Reuters BIP Coding Group" action="confirmed" date="1997-03-31"/>
  </code>
  <code code="CCAT">
    <editdetail attribution="Reuters BIP Coding Group" action="confirmed" date="1997-03-31"/>
  </code>
</codes>
<dc element="dc.publisher" value="Reuters Holdings Plc"/>
<dc element="dc.date.published" value="1997-03-31"/>
<dc element="dc.source" value="Reuters"/>
<dc element="dc.creator.location.country.name" value="USA"/>
<dc element="dc.source" value="Reuters"/>
</metadata>
</newsitem>
