<?xml version="1.0" encoding="iso-8859-1" ?>
<newsitem itemid="476194" id="root" date="1997-03-31" xml:lang="en">
<title>USA: ADC completes Apex acquisition.</title>
<headline>ADC completes Apex acquisition.</headline>
<dateline>MINNEAPOLIS 1997-03-31</dateline>
<text>
<p>ADC Telecommunications Inc said Monday it completed its acquisition of The Apex Group Inc in a stock-for-stock purchase valued at about $26 million.</p>
<p>The transaction was accounted for as a pooling of interests.</p>
<p>Based in Columbia, Maryland, Apex is a software development and information management company.</p>
<p>ADC said Apex will add software-related services and strengthen ADC's network deployment solutions. In addition, ADC said it expects to benefit from Apex's private network applications.</p>
<p>((--Chicago newsdesk, 312-408-8787))</p>
</text>
<copyright>(c) Reuters Limited 1997</copyright>
<metadata>
<codes class="bip:countries:1.0">
  <code code="USA">
    <editdetail attribution="Reuters BIP Coding Group" action="confirmed" date="1997-03-31"/>
  </code>
</codes>
<codes class="bip:industries:1.0">
  <code code="I34400">
    <editdetail attribution="Reuters BIP Coding Group" action="confirmed" date="1997-03-31"/>
  </code>
</codes>
<codes class="bip:topics:1.0">
  <code code="C18">
    <editdetail attribution="Reuters BIP Coding Group" action="confirmed" date="1997-03-31"/>
  </code>
  <code code="C181">
    <editdetail attribution="Reuters BIP Coding Group" action="confirmed" date="1997-03-31"/>
  </code>
  <code code="CCAT">
    <editdetail attribution="Reuters BIP Coding Group" action="confirmed" date="1997-03-31"/>
  </code>
</codes>
<dc element="dc.date.created" value="1997-03-31"/>
<dc element="dc.publisher" value="Reuters Holdings Plc"/>
<dc element="dc.date.published" value="1997-03-31"/>
<dc element="dc.source" value="Reuters"/>
<dc element="dc.creator.location" value="MINNEAPOLIS"/>
<dc element="dc.creator.location.country.name" value="USA"/>
<dc element="dc.source" value="Reuters"/>
</metadata>
</newsitem>
