<?xml version="1.0" encoding="iso-8859-1" ?>
<newsitem itemid="476176" id="root" date="1997-03-31" xml:lang="en">
<title>USA: US Airways CEO 1996 salary at $452,000.</title>
<headline>US Airways CEO 1996 salary at $452,000.</headline>
<dateline>WASHINGTON 1997-03-31</dateline>
<text>
<p>Stephen Wolf, chairman and chief executive officer of US Airways, was paid a salary of $451,923 in 1996, according to a proxy filed with the Securities and Exchange Commission.</p>
<p>In 1996, US Airways granted Wolf, 55, a stock option covering 1.3 million shares, effective January 16, and 325,000 shares of restricted stock, effective January 22, 1996.</p>
<p>The strike price for the stock option was $12.1875 per share for all options that expire February 16, 2006, US Airways said.</p>
<p>Wolf was appointed chairman and CEO in January 1996, succeeding Seth Schofield, who retired after 38 years with US Airways, US Airways said in the proxy.</p>
<p>Upon his retirement, Schofield received an aggregate of $1,719,231 and based on an employment agreement, was entitled to receive payment for his six-month consulting arrangement at a salary rate of $500,000.</p>
</text>
<copyright>(c) Reuters Limited 1997</copyright>
<metadata>
<codes class="bip:countries:1.0">
  <code code="USA">
    <editdetail attribution="Reuters BIP Coding Group" action="confirmed" date="1997-03-31"/>
  </code>
</codes>
<codes class="bip:industries:1.0">
  <code code="I75000">
    <editdetail attribution="Reuters BIP Coding Group" action="confirmed" date="1997-03-31"/>
  </code>
</codes>
<codes class="bip:topics:1.0">
  <code code="C41">
    <editdetail attribution="Reuters BIP Coding Group" action="confirmed" date="1997-03-31"/>
  </code>
  <code code="CCAT">
    <editdetail attribution="Reuters BIP Coding Group" action="confirmed" date="1997-03-31"/>
  </code>
</codes>
<dc element="dc.date.created" value="1997-03-31"/>
<dc element="dc.publisher" value="Reuters Holdings Plc"/>
<dc element="dc.date.published" value="1997-03-31"/>
<dc element="dc.source" value="Reuters"/>
<dc element="dc.creator.location" value="WASHINGTON"/>
<dc element="dc.creator.location.country.name" value="USA"/>
<dc element="dc.source" value="Reuters"/>
</metadata>
</newsitem>
