<?xml version="1.0" encoding="iso-8859-1" ?>
<newsitem itemid="476195" id="root" date="1997-03-31" xml:lang="en">
<title>USA: First-quarter mergers set record at $183 billion.</title>
<headline>First-quarter mergers set record at $183 billion.</headline>
<byline>Robin Sidel</byline>
<dateline>NEW YORK 1997-03-31</dateline>
<text>
<p>The U.S. corporate merger boom roared ahead in the first three months of 1997, racking up a record $183 billion worth of transactions.</p>
<p>The deals were distributed over a wide range of industries, but companies generally did not diversify outside their core businesses.</p>
<p>&quot;In terms of major mergers, there's more than ever a feeling of sticking to the type of activity you're in. And it's a great time to sell a business because the values are high,&quot; said Bruce Nolop, managing director at investment banking boutique Wasserstein Perella &amp; Co.</p>
<p>The record $183 billion in total transactions announced in the first quarter eclipsed the previous first-quarter record of $120.6 billion set in 1995, according to Newark, N.J.-based Securities Data Co., which tracks merger activity.</p>
<p>The banking industry, which had settled down after a frenzy of activity in 1995 and early 1996, came charging back in early 1997 with $16.5 billion in announced transactions.</p>
<p>&quot;You're likely to see quite a few more of these mega-transactions as banks seek to establish themselves as one of the four or five regional survivors that we're all expecting to see by the beginning of the next century,&quot; said Oliver Sarkozy, director in the financial institutions merger and acquisition department of CS First Boston Corp.</p>
<p>The quarter's largest transaction was the announced $10.6 billion merger between Morgan Stanley Group Inc. and Dean Witter, Discover &amp; Co., a deal that is expected to have a ripple effect through the U.S. securities industry.</p>
<p>Other top deals included Raytheon Co.'s planned $9.5 billion acquisition of Hughes Electronics Corp., a division of General Motors Corp.</p>
<p>The strong activity seen in early 1997 marks a continuation of a trend that began in 1995. Companies around the world are participating in the merger boom, which has been fueled by strong stock markets and a need for consolidation.</p>
<p>Computer networking took its share of the spotlight with a $6.6 billion transaction between 3Com Corp. and U.S. Robotics Corp., and Sunday's $3.7 billion deal between Ascend Communications Inc. and Cascade Communications Corp.</p>
<p>Other big deals of the first quarter were CVS Corp.'s planned $2.8 billion acquisition of Revco D.S. Inc.</p>
<p>A five-month battle for control of Conrail Inc. appeared to end when friendly bidder CSX Corp. raised its offer to $10.3 billion and agreed to negotiate a division of Conrail's assets with hostile suitor Norfolk Southern Corp.</p>
<p>Hostile bidders unleashed a series of attacks in the first quarter, several of which are still pending. They include a $6.5 billion bid for ITT Corp. from Hilton Hotels Corp. and Invacare Corp.'s  $166 million unsolicited offer for Healthdyne Technologies Corp. Applied Magnetics Corp.  launched a $1.76 billion hostile offer for Read-Rite  but withdrew its bid a few weeks later.</p>
<p>Meanwhile, an unsolicited offer by H.F. Ahmanson and Co. drove target Great Western Financial Corp. into the arms of Washington Mutual Savings Bank Electronic security giant ADT Ltd.  , which was the target of Western Resources Inc. , announced a plan to merge with Tyco International in a $5.6 billion deal.</p>
<p>Despite the rush of first quarter deals and the seemingly endless merger talk in corporate boardrooms, some Wall Street veterans say the cycle is likely to turn downward soon.</p>
<p>&quot;My sense is that sometime in mid-year the pace is going to slow down a lot,&quot; said Robert Kindler of law firm Cravath, Swaine &amp; Moore, which represents top companies involved in mergers.</p>
<p>Several deals collapsed in the first quarter, including Sierra Health Services Inc.'s  purchase of Physician Corp. of America. Meanwhile, St Jude Medical Inc. and Ventritex Inc.  revised downward the value of their planned transaction to $365 million from $505 million due to concerns about Ventritex products.</p>
</text>
<copyright>(c) Reuters Limited 1997</copyright>
<metadata>
<codes class="bip:countries:1.0">
  <code code="USA">
    <editdetail attribution="Reuters BIP Coding Group" action="confirmed" date="1997-03-31"/>
  </code>
</codes>
<codes class="bip:industries:1.0">
  <code code="I16100">
    <editdetail attribution="Reuters BIP Coding Group" action="confirmed" date="1997-03-31"/>
  </code>
  <code code="I33020">
    <editdetail attribution="Reuters BIP Coding Group" action="confirmed" date="1997-03-31"/>
  </code>
  <code code="I3302003">
    <editdetail attribution="Reuters BIP Coding Group" action="confirmed" date="1997-03-31"/>
  </code>
  <code code="I3302019">
    <editdetail attribution="Reuters BIP Coding Group" action="confirmed" date="1997-03-31"/>
  </code>
  <code code="I34410">
    <editdetail attribution="Reuters BIP Coding Group" action="confirmed" date="1997-03-31"/>
  </code>
  <code code="I34420">
    <editdetail attribution="Reuters BIP Coding Group" action="confirmed" date="1997-03-31"/>
  </code>
  <code code="I34430">
    <editdetail attribution="Reuters BIP Coding Group" action="confirmed" date="1997-03-31"/>
  </code>
  <code code="I34440">
    <editdetail attribution="Reuters BIP Coding Group" action="confirmed" date="1997-03-31"/>
  </code>
  <code code="I34532">
    <editdetail attribution="Reuters BIP Coding Group" action="confirmed" date="1997-03-31"/>
  </code>
  <code code="I35101">
    <editdetail attribution="Reuters BIP Coding Group" action="confirmed" date="1997-03-31"/>
  </code>
  <code code="I37200">
    <editdetail attribution="Reuters BIP Coding Group" action="confirmed" date="1997-03-31"/>
  </code>
  <code code="I64300">
    <editdetail attribution="Reuters BIP Coding Group" action="confirmed" date="1997-03-31"/>
  </code>
  <code code="I65400">
    <editdetail attribution="Reuters BIP Coding Group" action="confirmed" date="1997-03-31"/>
  </code>
  <code code="I66500">
    <editdetail attribution="Reuters BIP Coding Group" action="confirmed" date="1997-03-31"/>
  </code>
  <code code="I71000">
    <editdetail attribution="Reuters BIP Coding Group" action="confirmed" date="1997-03-31"/>
  </code>
  <code code="I79020">
    <editdetail attribution="Reuters BIP Coding Group" action="confirmed" date="1997-03-31"/>
  </code>
  <code code="I81402">
    <editdetail attribution="Reuters BIP Coding Group" action="confirmed" date="1997-03-31"/>
  </code>
  <code code="I81501">
    <editdetail attribution="Reuters BIP Coding Group" action="confirmed" date="1997-03-31"/>
  </code>
  <code code="I8150103">
    <editdetail attribution="Reuters BIP Coding Group" action="confirmed" date="1997-03-31"/>
  </code>
  <code code="I83100">
    <editdetail attribution="Reuters BIP Coding Group" action="confirmed" date="1997-03-31"/>
  </code>
  <code code="I83960">
    <editdetail attribution="Reuters BIP Coding Group" action="confirmed" date="1997-03-31"/>
  </code>
  <code code="I95100">
    <editdetail attribution="Reuters BIP Coding Group" action="confirmed" date="1997-03-31"/>
  </code>
</codes>
<codes class="bip:topics:1.0">
  <code code="C18">
    <editdetail attribution="Reuters BIP Coding Group" action="confirmed" date="1997-03-31"/>
  </code>
  <code code="C181">
    <editdetail attribution="Reuters BIP Coding Group" action="confirmed" date="1997-03-31"/>
  </code>
  <code code="CCAT">
    <editdetail attribution="Reuters BIP Coding Group" action="confirmed" date="1997-03-31"/>
  </code>
</codes>
<dc element="dc.date.created" value="1997-03-31"/>
<dc element="dc.publisher" value="Reuters Holdings Plc"/>
<dc element="dc.date.published" value="1997-03-31"/>
<dc element="dc.source" value="Reuters"/>
<dc element="dc.creator.location" value="NEW YORK"/>
<dc element="dc.creator.location.country.name" value="USA"/>
<dc element="dc.source" value="Reuters"/>
</metadata>
</newsitem>
