<?xml version="1.0" encoding="iso-8859-1" ?>
<newsitem itemid="476135" id="root" date="1997-03-31" xml:lang="en">
<title>USA: RESEARCH ALERT-Atwood cut to neutral.</title>
<headline>RESEARCH ALERT-Atwood cut to neutral.</headline>
<text>
<p>--Rodman &amp; Renshaw analyst Iain Smith said he downgraded Atwood Oceanics Inc to neutral from buy.</p>
<p>--Shares in the deep-water drilling concern were off 1-5/8 to 66.</p>
<p>--Smith said Atwood's long-term outlook remains good, but the stock offers the least value in the sector over the short term and looks less likely to be an acquisition target.</p>
<p>((--Chicago Newsdesk 312-408-8787))</p>
</text>
<copyright>(c) Reuters Limited 1997</copyright>
<metadata>
<codes class="bip:countries:1.0">
  <code code="USA">
    <editdetail attribution="Reuters BIP Coding Group" action="confirmed" date="1997-03-31"/>
  </code>
</codes>
<codes class="bip:industries:1.0">
  <code code="I13000">
    <editdetail attribution="Reuters BIP Coding Group" action="confirmed" date="1997-03-31"/>
  </code>
  <code code="I1300003">
    <editdetail attribution="Reuters BIP Coding Group" action="confirmed" date="1997-03-31"/>
  </code>
</codes>
<codes class="bip:topics:1.0">
  <code code="C15">
    <editdetail attribution="Reuters BIP Coding Group" action="confirmed" date="1997-03-31"/>
  </code>
  <code code="C152">
    <editdetail attribution="Reuters BIP Coding Group" action="confirmed" date="1997-03-31"/>
  </code>
  <code code="CCAT">
    <editdetail attribution="Reuters BIP Coding Group" action="confirmed" date="1997-03-31"/>
  </code>
</codes>
<dc element="dc.publisher" value="Reuters Holdings Plc"/>
<dc element="dc.date.published" value="1997-03-31"/>
<dc element="dc.source" value="Reuters"/>
<dc element="dc.creator.location.country.name" value="USA"/>
<dc element="dc.source" value="Reuters"/>
</metadata>
</newsitem>
