<?xml version="1.0" encoding="iso-8859-1" ?>
<newsitem itemid="476167" id="root" date="1997-03-31" xml:lang="en">
<title>USA: US Thrift regulator asks for Internet guidance.</title>
<headline>US Thrift regulator asks for Internet guidance.</headline>
<dateline>WASHINGTON 1997-03-31</dateline>
<text>
<p>The regulator of U.S. savings and loan institutions said on Monday that it needed outside advice to help craft policies for the evolving world of electronic banking on the Internet.</p>
<p>Office of Thrift Supervision, facing a growing barrage of questions from savings and loans about the applicability of existing regulations in cyberspace, will publish a request for comments April 2, director Nicholas Retsinas said.</p>
<p>Instead of issuing proposed rules, the agency will issue a less developed &quot;Advance Notice of Proposed Rulemaking&quot; that asks questions without suggesting answers.  </p>
<p>&quot;Washington doesn't always know better,&quot; Retsinas said at a press briefing here. &quot;This is an evolving issue. This is an issue that we need to listen and make sure we are as inclusive as possible.&quot;</p>
<p>The release will cover home banking on personal computers, automated loan machines, stored-value cards also known as smart cards, and the use of computer &quot;artificial intelligence&quot; software in lending decisions.</p>
<p>Thrifts have asked the agency whether they may provide banking services over the Internet, issue loans from machines in remote locations, or open accounts for overseas depositors.  </p>
<p>Thrifts have also asked how they should apply the Community Reinvestment Act, a 1977 law requiring banks to make loans in the communities where they take deposits, to Internet accounts.</p>
<p>The Office of Thrift Supervision was the first U.S. regulator to approve a virtual bank, an institution that has no branches but offers its services over the Internet. In May 1995, the agency approved an application from Security First Network Bank to move to cyberspace.</p>
<p>Commenters will have 60 days to submit responses. The agency plans to study the comments and possibly issue proposed rules for electronic banking, Retsinas said.</p>
<p>--Aaron Pressman((202-898-8312))</p>
</text>
<copyright>(c) Reuters Limited 1997</copyright>
<metadata>
<codes class="bip:countries:1.0">
  <code code="USA">
    <editdetail attribution="Reuters BIP Coding Group" action="confirmed" date="1997-03-31"/>
  </code>
</codes>
<codes class="bip:industries:1.0">
  <code code="I33030">
    <editdetail attribution="Reuters BIP Coding Group" action="confirmed" date="1997-03-31"/>
  </code>
  <code code="I81403">
    <editdetail attribution="Reuters BIP Coding Group" action="confirmed" date="1997-03-31"/>
  </code>
  <code code="I81501">
    <editdetail attribution="Reuters BIP Coding Group" action="confirmed" date="1997-03-31"/>
  </code>
  <code code="I8150103">
    <editdetail attribution="Reuters BIP Coding Group" action="confirmed" date="1997-03-31"/>
  </code>
</codes>
<codes class="bip:topics:1.0">
  <code code="C13">
    <editdetail attribution="Reuters BIP Coding Group" action="confirmed" date="1997-03-31"/>
  </code>
  <code code="CCAT">
    <editdetail attribution="Reuters BIP Coding Group" action="confirmed" date="1997-03-31"/>
  </code>
</codes>
<dc element="dc.date.created" value="1997-03-31"/>
<dc element="dc.publisher" value="Reuters Holdings Plc"/>
<dc element="dc.date.published" value="1997-03-31"/>
<dc element="dc.source" value="Reuters"/>
<dc element="dc.creator.location" value="WASHINGTON"/>
<dc element="dc.creator.location.country.name" value="USA"/>
<dc element="dc.source" value="Reuters"/>
</metadata>
</newsitem>
