<?xml version="1.0" encoding="iso-8859-1" ?>
<newsitem itemid="476159" id="root" date="1997-03-31" xml:lang="en">
<title>USA: Lynch Corp Q4 loss vs profit.</title>
<headline>Lynch Corp Q4 loss vs profit.</headline>
<dateline>GREENWICH, Conn. 1997-03-31</dateline>
<text>
<p>(Dollars In Thousands, Except Per Share Data)</p>
<p>			    Three Months		 Full Year</p>
<p>			 Ending December 31    Ending December 31</p>
<p>				1996	 1995	1996	 1995</p>
<p> Revenues		111,591     108,958   451,880    333,627</p>
<p>Gains on sales of</p>
<p>subsidiary and affiliate</p>
<p>   stock		     968	     0     5,146	   59</p>
<p>INCOME (LOSS) FROM</p>
<p>CONTINUING OPERATIONS</p>
<p>			    ( 894)	 1,764     4,794	5,469</p>
<p>DISCONTINUED OPERATIONS:</p>
<p>LOSS FROM OPERATIONS OF</p>
<p>DISCONTINUED LYNCH TRI-CAN</p>
<p>  INTERNATIONAL	    (4)	 (193)     (263)	(324)</p>
<p>LOSS ON DISPOSAL OF LYNCH</p>
<p>TRI-CAN INTERNATIONAL (LESS</p>
<p>APPLICABLE INCOME TAXES</p>
<p>   OF $167)		  (3)	     0     (487)	    0</p>
<p>LOSS ON EARLY</p>
<p>EXTINGUISHMENT OF DEBT</p>
<p>			   (1,348)	     0   (1,348)	    0</p>
<p> NET INCOME (LOSS)  ( 2,249)	 1,571     2,696	5,145</p>
<p> Avg shrs	    1,408,000   1,413,000  1,405,000  1,407,000</p>
<p>PRIMARY EARNINGS PER</p>
<p>SHARE</p>
<p>Income from operations</p>
<p>			   ( 0.64)	  1.25	3.41	 3.89</p>
<p>Loss from operations of</p>
<p>discontinued operation</p>
<p>			   ( 0.00)     ( 0.14)   ( 0.18)    ( 0.23)</p>
<p>Loss on disposal of</p>
<p>discontinued operation</p>
<p>				0.00     ( 0.00)   ( 0.35)    ( 0.00)</p>
<p>  Extraordinary Item  (0.96)	  0.00    (0.96)	 0.00</p>
<p>  Net Income	   ( 1.60)	  1.11	1.92	 3.66</p>
</text>
<copyright>(c) Reuters Limited 1997</copyright>
<metadata>
<codes class="bip:countries:1.0">
  <code code="USA">
    <editdetail attribution="Reuters BIP Coding Group" action="confirmed" date="1997-03-31"/>
  </code>
</codes>
<codes class="bip:industries:1.0">
  <code code="I83960">
    <editdetail attribution="Reuters BIP Coding Group" action="confirmed" date="1997-03-31"/>
  </code>
</codes>
<codes class="bip:topics:1.0">
  <code code="C15">
    <editdetail attribution="Reuters BIP Coding Group" action="confirmed" date="1997-03-31"/>
  </code>
  <code code="C151">
    <editdetail attribution="Reuters BIP Coding Group" action="confirmed" date="1997-03-31"/>
  </code>
  <code code="C1511">
    <editdetail attribution="Reuters BIP Coding Group" action="confirmed" date="1997-03-31"/>
  </code>
  <code code="CCAT">
    <editdetail attribution="Reuters BIP Coding Group" action="confirmed" date="1997-03-31"/>
  </code>
</codes>
<dc element="dc.date.created" value="1997-03-31"/>
<dc element="dc.publisher" value="Reuters Holdings Plc"/>
<dc element="dc.date.published" value="1997-03-31"/>
<dc element="dc.source" value="Reuters"/>
<dc element="dc.creator.location" value="GREENWICH, Conn."/>
<dc element="dc.creator.location.country.name" value="USA"/>
<dc element="dc.source" value="Reuters"/>
</metadata>
</newsitem>
