<?xml version="1.0" encoding="iso-8859-1" ?>
<newsitem itemid="476103" id="root" date="1997-03-31" xml:lang="en">
<title>CANADA: Bre-X urges stock remain halted until audit.</title>
<headline>Bre-X urges stock remain halted until audit.</headline>
<dateline>CALGARY, Alberta 1997-03-31</dateline>
<text>
<p>Bre-X Minerals Ltd on Monday urged the Toronto Stock Exchange to keep the stock halted until after Freeport-McMoRan Copper &amp; Gold Inc has finished its due diligence and Bre-X's independent consultant Strathcona Minerals completes an audit.</p>
<p>Bre-X also said it will be reviewing recent statements about the company and may consider legal action.</p>
<p>&quot;John Felderhof and the entire technical team at Busang as well as the Canadian management of Bre-X, has initiated a thorough review of all recent statements and actions by persons, parties and publications responsible for the proliferation of misinformation that has served to tarnish personal reputations and the integrity of the Busang project, with the intent to take legal action where warranted,&quot; Bre-X said in a statement.  </p>
<p>&quot;I strongly suggest that the stock remain halted until FCX (Freeport-McMoRan Copper &amp; Gold Inc ) has had the opportunity to complete its due diligence and that Strathcona complete their audit,&quot; Bre-X Chairman, President and Chief Executive David Walsh said in a letter to Toronto Stock Exchange President Rowland Fleming.</p>
<p>He said that he told Fleming on Thursday that shareholders would suffer enormously and unnecessarily due to incomplete data available to them if the stock was resumed at that time.</p>
<p>Walsh said in the letter during his conversation with Fleming on Thursday he re-iterated that Bre-X stood by its reserve estimates for the deposit and that the company needed time for the independent drill and sampling audit.</p>
<p>&quot;During our conversation of March 27, I implored you not to open Bre-X for trading, my reason being that there was only an hour of trading remaining in the day on your exchange and that, given the dynamics and fluidity of recent events, we could likely have additional pertinent information to provide shareholders by Monday,&quot; Walsh said.</p>
<p>&quot;I found your response to my request 'that the subject was not open to debate,' shocking,&quot; he added.</p>
<p>((Reuters Toronto Bureau (416) 941-8100))</p>
</text>
<copyright>(c) Reuters Limited 1997</copyright>
<metadata>
<codes class="bip:countries:1.0">
  <code code="CANA">
    <editdetail attribution="Reuters BIP Coding Group" action="confirmed" date="1997-03-31"/>
  </code>
</codes>
<codes class="bip:industries:1.0">
  <code code="I21000">
    <editdetail attribution="Reuters BIP Coding Group" action="confirmed" date="1997-03-31"/>
  </code>
</codes>
<codes class="bip:topics:1.0">
  <code code="C11">
    <editdetail attribution="Reuters BIP Coding Group" action="confirmed" date="1997-03-31"/>
  </code>
  <code code="C15">
    <editdetail attribution="Reuters BIP Coding Group" action="confirmed" date="1997-03-31"/>
  </code>
  <code code="C152">
    <editdetail attribution="Reuters BIP Coding Group" action="confirmed" date="1997-03-31"/>
  </code>
  <code code="C24">
    <editdetail attribution="Reuters BIP Coding Group" action="confirmed" date="1997-03-31"/>
  </code>
  <code code="CCAT">
    <editdetail attribution="Reuters BIP Coding Group" action="confirmed" date="1997-03-31"/>
  </code>
</codes>
<dc element="dc.date.created" value="1997-03-31"/>
<dc element="dc.publisher" value="Reuters Holdings Plc"/>
<dc element="dc.date.published" value="1997-03-31"/>
<dc element="dc.source" value="Reuters"/>
<dc element="dc.creator.location" value="CALGARY, Alberta"/>
<dc element="dc.creator.location.country.name" value="CANADA"/>
<dc element="dc.source" value="Reuters"/>
</metadata>
</newsitem>
