<?xml version="1.0" encoding="iso-8859-1" ?>
<newsitem itemid="476183" id="root" date="1997-03-31" xml:lang="en">
<title>USA: Sale of U.S. power agencies would be complex - GAO.</title>
<headline>Sale of U.S. power agencies would be complex - GAO.</headline>
<dateline>WASHINGTON 1997-03-31</dateline>
<text>
<p>Selling off federal hydropower plants and power marketing agencies would be very complex and would likely affect electricity prices in some areas, according to a Congressional report released Monday.</p>
<p>The General Accounting Office report surveyed all the interests that the government would need to address if it chose to sell the Southeastern, Southwestern and Western Area Power Marketing Administrations.</p>
<p>However, the report did not weigh the costs and benefits of a sale, a hot issue for lawmakers looking to balance the budget and for companies pushing for open power markets.  </p>
<p>The lawmakers who asked for the report, led by Rep. Charles Norwood, a Georgia Republican, last week urged House Republican leaders to reject any plans to sell the power agencies, saying the fiscal benefits were questionable.</p>
<p>The report did not specify what the effect would be on rates, saying: &quot;The potential effects of a divestiture on wholesale and retail electric rates, which in turn would affect regional economies, are other important issues.&quot;</p>
<p>Citing advocates for selling the power marketing agencies, the GAO said the private sector would be able to operate and maintain the assets more efficiently than the government.  </p>
<p>But it said that opponents of privatization believed that in the long run the Treasury would lose more revenue than it would gain in proceeds from a sale.</p>
<p>&quot;Until a specific divestiture plan is presented for evaluation, it will be impossible to quantify how much various groups will be helped and hurt by the privatization of Federal hydropower assets,&quot; the Energy Department said in a February 18 letter attached to the report.</p>
<p>&quot;It is highly unlikely that a 'win-win' situation exists that would make all taxpayers and all power customers better off,&quot; the department said.  </p>
<p>The Clinton administration itself proposed privatizing the agencies two years ago to earn some quick revenue, but dropped the idea when lawmakers balked at losing the cheap electricity in their districts.</p>
<p>If the government decided to privatize the federal assets, it would have to find a way to balance the competing uses of water from federal projects for irrigation, power generation, and protection of fish and wildlife, the GAO said.</p>
<p>It would also have to settle contracts involving several agencies and settle Native American water and property claims.</p>
<p>The three power marketing administrations covered in the report supply about 7 percent of the electricity needs of their utility customers, mostly to meet peak demand, at half the rates charged by other utilities, the report said.</p>
<p>((-- Sonali Paul, (202) 898-8320))</p>
</text>
<copyright>(c) Reuters Limited 1997</copyright>
<metadata>
<codes class="bip:countries:1.0">
  <code code="USA">
    <editdetail attribution="Reuters BIP Coding Group" action="confirmed" date="1997-03-31"/>
  </code>
</codes>
<codes class="bip:industries:1.0">
  <code code="I1610107">
    <editdetail attribution="Reuters BIP Coding Group" action="confirmed" date="1997-03-31"/>
  </code>
</codes>
<codes class="bip:topics:1.0">
  <code code="C13">
    <editdetail attribution="Reuters BIP Coding Group" action="confirmed" date="1997-03-31"/>
  </code>
  <code code="C18">
    <editdetail attribution="Reuters BIP Coding Group" action="confirmed" date="1997-03-31"/>
  </code>
  <code code="C183">
    <editdetail attribution="Reuters BIP Coding Group" action="confirmed" date="1997-03-31"/>
  </code>
  <code code="CCAT">
    <editdetail attribution="Reuters BIP Coding Group" action="confirmed" date="1997-03-31"/>
  </code>
</codes>
<dc element="dc.date.created" value="1997-03-31"/>
<dc element="dc.publisher" value="Reuters Holdings Plc"/>
<dc element="dc.date.published" value="1997-03-31"/>
<dc element="dc.source" value="Reuters"/>
<dc element="dc.creator.location" value="WASHINGTON"/>
<dc element="dc.creator.location.country.name" value="USA"/>
<dc element="dc.source" value="Reuters"/>
</metadata>
</newsitem>
