<?xml version="1.0" encoding="iso-8859-1" ?>
<newsitem itemid="476148" id="root" date="1997-03-31" xml:lang="en">
<title>USA: Puget Energy restoring power after winds.</title>
<headline>Puget Energy restoring power after winds.</headline>
<dateline>LOS ANGELES 1997-03-31</dateline>
<text>
<p>About 30,000 of Puget Sound Energy's electricity customers still had no power after transmission lines were felled by strong winds on Sunday, a company spokeswoman said Monday afternoon.</p>
<p>As many as 100,000 of the utility's customers experienced outages during the storm, spokeswoman Kristin Wappler said.</p>
<p>Puget expects to have power restored to most remaining customers by Tuesday, but may not have the work completed until Wednesday, she noted.</p>
<p>In addition, a lighting storm is forecast for the Seattle region Monday night.</p>
<p>Puget had as many as 30 transmission lines, all 200 kilovolts or less, down during the storm, but repairs are now down to the neighborhood level, Wappler said.</p>
<p>--D Beasley, Los Angeles bureau + 1 213 955 6761</p>
</text>
<copyright>(c) Reuters Limited 1997</copyright>
<metadata>
<codes class="bip:countries:1.0">
  <code code="USA">
    <editdetail attribution="Reuters BIP Coding Group" action="confirmed" date="1997-03-31"/>
  </code>
</codes>
<codes class="bip:industries:1.0">
  <code code="I16100">
    <editdetail attribution="Reuters BIP Coding Group" action="confirmed" date="1997-03-31"/>
  </code>
</codes>
<codes class="bip:topics:1.0">
  <code code="C21">
    <editdetail attribution="Reuters BIP Coding Group" action="confirmed" date="1997-03-31"/>
  </code>
  <code code="C24">
    <editdetail attribution="Reuters BIP Coding Group" action="confirmed" date="1997-03-31"/>
  </code>
  <code code="CCAT">
    <editdetail attribution="Reuters BIP Coding Group" action="confirmed" date="1997-03-31"/>
  </code>
  <code code="GCAT">
    <editdetail attribution="Reuters BIP Coding Group" action="confirmed" date="1997-03-31"/>
  </code>
  <code code="GWEA">
    <editdetail attribution="Reuters BIP Coding Group" action="confirmed" date="1997-03-31"/>
  </code>
</codes>
<dc element="dc.date.created" value="1997-03-31"/>
<dc element="dc.publisher" value="Reuters Holdings Plc"/>
<dc element="dc.date.published" value="1997-03-31"/>
<dc element="dc.source" value="Reuters"/>
<dc element="dc.creator.location" value="LOS ANGELES"/>
<dc element="dc.creator.location.country.name" value="USA"/>
<dc element="dc.source" value="Reuters"/>
</metadata>
</newsitem>
