<?xml version="1.0" encoding="iso-8859-1" ?>
<newsitem itemid="476160" id="root" date="1997-03-31" xml:lang="en">
<title>USA: AFTER THE BELL - Few stocks moving in late trading.</title>
<headline>AFTER THE BELL - Few stocks moving in late trading.</headline>
<dateline>NEW YORK 1997-03-31</dateline>
<text>
<p>After another bad day on Wall Street, most stocks changing hands in late trading on Monday were selling for the price they had closed at, traders said.</p>
<p>For example, Kronos Inc, which fell 5-1/2 points to 17-1/2 during regular trading hours, was trading at the closing price, traders said. Kronos on Monday said it expects second-quarter earnings to be below analysts' projections.</p>
<p>The New York Stock Exchange said session one volume was 134,300, compared with 35,800 on Thursday. Session two volume was 8,572,700, while on Thursday it was 828, 326.</p>
</text>
<copyright>(c) Reuters Limited 1997</copyright>
<metadata>
<codes class="bip:countries:1.0">
  <code code="USA">
    <editdetail attribution="Reuters BIP Coding Group" action="confirmed" date="1997-03-31"/>
  </code>
</codes>
<codes class="bip:topics:1.0">
  <code code="M11">
    <editdetail attribution="Reuters BIP Coding Group" action="confirmed" date="1997-03-31"/>
  </code>
  <code code="MCAT">
    <editdetail attribution="Reuters BIP Coding Group" action="confirmed" date="1997-03-31"/>
  </code>
</codes>
<dc element="dc.date.created" value="1997-03-31"/>
<dc element="dc.publisher" value="Reuters Holdings Plc"/>
<dc element="dc.date.published" value="1997-03-31"/>
<dc element="dc.source" value="Reuters"/>
<dc element="dc.creator.location" value="NEW YORK"/>
<dc element="dc.creator.location.country.name" value="USA"/>
<dc element="dc.source" value="Reuters"/>
</metadata>
</newsitem>
