<?xml version="1.0" encoding="iso-8859-1" ?>
<newsitem itemid="476151" id="root" date="1997-03-31" xml:lang="en">
<title>USA: Edison Brothers files disclosure statement.</title>
<headline>Edison Brothers files disclosure statement.</headline>
<dateline>WILMINGTON, Del. 1997-03-31</dateline>
<text>
<p>Edison Brothers Stores Inc filed its disclosure statement Monday in the U.S. Bankruptcy Court in Delaware.</p>
<p>The disclosure statement provides financial details for the plan of reorganization filed on February 27.</p>
<p>Under the reorganization plan, all of Edison's existing common stock will be canceled and the company will issue 10 million shares of new common stock.</p>
<p>The company's shareholders will receive two sets of warrants that will entitle them to buy up to nine percent of the new common stock.  </p>
<p>According to the disclosure statement, Edison will distribute 416,667 3-year warrants and 548,247 6-year warrants.</p>
<p>The exercise price of the 3-year warrants is $13.85 and of the 6-year warrants is $22.10. The estimated recovery by shareholders is $0.18 per share, court papers say.</p>
<p>The plan also provides creditors with a combination of cash, new corporate debt and other assets to settle about $440 million in creditor claims.</p>
<p>The reorganization plan must be approved by both the creditors and the bankruptcy court. Edison Brothers hopes to have the plan confirmed by mid-summer.</p>
<p>Edison Brothers filed for Chapter 11 bankruptcy protection on November 3, 1995.</p>
<p>((--Rita Farrell (212) 859-1610))</p>
</text>
<copyright>(c) Reuters Limited 1997</copyright>
<metadata>
<codes class="bip:countries:1.0">
  <code code="USA">
    <editdetail attribution="Reuters BIP Coding Group" action="confirmed" date="1997-03-31"/>
  </code>
</codes>
<codes class="bip:industries:1.0">
  <code code="I65400">
    <editdetail attribution="Reuters BIP Coding Group" action="confirmed" date="1997-03-31"/>
  </code>
</codes>
<codes class="bip:topics:1.0">
  <code code="C16">
    <editdetail attribution="Reuters BIP Coding Group" action="confirmed" date="1997-03-31"/>
  </code>
  <code code="C17">
    <editdetail attribution="Reuters BIP Coding Group" action="confirmed" date="1997-03-31"/>
  </code>
  <code code="C171">
    <editdetail attribution="Reuters BIP Coding Group" action="confirmed" date="1997-03-31"/>
  </code>
  <code code="CCAT">
    <editdetail attribution="Reuters BIP Coding Group" action="confirmed" date="1997-03-31"/>
  </code>
</codes>
<dc element="dc.date.created" value="1997-03-31"/>
<dc element="dc.publisher" value="Reuters Holdings Plc"/>
<dc element="dc.date.published" value="1997-03-31"/>
<dc element="dc.source" value="Reuters"/>
<dc element="dc.creator.location" value="WILMINGTON, Del."/>
<dc element="dc.creator.location.country.name" value="USA"/>
<dc element="dc.source" value="Reuters"/>
</metadata>
</newsitem>
