<?xml version="1.0" encoding="iso-8859-1" ?>
<newsitem itemid="476198" id="root" date="1997-03-31" xml:lang="en">
<title>USA: US OPTIONS FOCUS/Investors gun-shy on options.</title>
<headline>US OPTIONS FOCUS/Investors gun-shy on options.</headline>
<dateline>CHICAGO 1997-03-31</dateline>
<text>
<p>Investors grew gun-shy toward most individual U.S. equity options as stocks posted a second-straight sharp selloff, traders said Monday.</p>
<p>Rod Jamieson at EVEREN Securities in Chicago said activity even in the normally busy technology stock options was relatively slow Monday.</p>
<p>&quot;Even though the stocks are moving, the options are drying up,&quot; he said.</p>
<p>But the most active options were on technology stocks including Intel Corp, Microsoft Corp and International Business Machines Corp.  </p>
<p>Overall, however, the busiest individual equity option was the Philip Morris Cos Inc June 125 call, which traded about 10,600 contracts.</p>
<p>The option fell 3/4 to 3-5/8 as the underlying stock dropped 3 to 114-1/8.</p>
<p>Most of the volume was done in several blocks of 1,000 contracts. The option's open interest through last Thursday was 12,724 contracts.</p>
<p>Another active non-technology stock option was the Wal-Mart Stores Inc May 27-1/2 put, which traded 5,000 contracts.  </p>
<p>The option, which had open interest of 90 contracts, added 1/8 to 1/2. Walmart shares fell 1-1/8 to 27-7/8.</p>
<p>Options on shares of Ascend Communications Inc were fairly active as the stock tumbled 11-1/4 to 40-3/4 after it said it would acquire Cascade Communications Corp.</p>
<p>Options trading in Ascend was steady in most strikes, particularly the 40 and 45 puts and calls. The heaviest volume was in the April 45 calls, which traded about 2,755 contracts.</p>
<p>The June 60 call traded a total of about 2,600 contracts.</p>
<p>Ascend options trade on four of the five options exchanges.  </p>
<p>Cascade options were not heavily traded. Cascade shares finished at 26-3/8, down 2.</p>
<p>((Gregory Crawford, 312 408 8750))</p>
<p>E-mail: derivatives@reuters.com</p>
</text>
<copyright>(c) Reuters Limited 1997</copyright>
<metadata>
<codes class="bip:countries:1.0">
  <code code="USA">
    <editdetail attribution="Reuters BIP Coding Group" action="confirmed" date="1997-03-31"/>
  </code>
</codes>
<codes class="bip:industries:1.0">
  <code code="I33020">
    <editdetail attribution="Reuters BIP Coding Group" action="confirmed" date="1997-03-31"/>
  </code>
  <code code="I3302003">
    <editdetail attribution="Reuters BIP Coding Group" action="confirmed" date="1997-03-31"/>
  </code>
  <code code="I3302020">
    <editdetail attribution="Reuters BIP Coding Group" action="confirmed" date="1997-03-31"/>
  </code>
  <code code="I34440">
    <editdetail attribution="Reuters BIP Coding Group" action="confirmed" date="1997-03-31"/>
  </code>
  <code code="I34531">
    <editdetail attribution="Reuters BIP Coding Group" action="confirmed" date="1997-03-31"/>
  </code>
  <code code="I42900">
    <editdetail attribution="Reuters BIP Coding Group" action="confirmed" date="1997-03-31"/>
  </code>
  <code code="I65600">
    <editdetail attribution="Reuters BIP Coding Group" action="confirmed" date="1997-03-31"/>
  </code>
  <code code="I79020">
    <editdetail attribution="Reuters BIP Coding Group" action="confirmed" date="1997-03-31"/>
  </code>
</codes>
<codes class="bip:topics:1.0">
  <code code="C15">
    <editdetail attribution="Reuters BIP Coding Group" action="confirmed" date="1997-03-31"/>
  </code>
  <code code="C152">
    <editdetail attribution="Reuters BIP Coding Group" action="confirmed" date="1997-03-31"/>
  </code>
  <code code="CCAT">
    <editdetail attribution="Reuters BIP Coding Group" action="confirmed" date="1997-03-31"/>
  </code>
  <code code="M11">
    <editdetail attribution="Reuters BIP Coding Group" action="confirmed" date="1997-03-31"/>
  </code>
  <code code="MCAT">
    <editdetail attribution="Reuters BIP Coding Group" action="confirmed" date="1997-03-31"/>
  </code>
</codes>
<dc element="dc.date.created" value="1997-03-31"/>
<dc element="dc.publisher" value="Reuters Holdings Plc"/>
<dc element="dc.date.published" value="1997-03-31"/>
<dc element="dc.source" value="Reuters"/>
<dc element="dc.creator.location" value="CHICAGO"/>
<dc element="dc.creator.location.country.name" value="USA"/>
<dc element="dc.source" value="Reuters"/>
</metadata>
</newsitem>
