<?xml version="1.0" encoding="iso-8859-1" ?>
<newsitem itemid="476171" id="root" date="1997-03-31" xml:lang="en">
<title>USA: USTR outlines global trade barriers in report.</title>
<headline>USTR outlines global trade barriers in report.</headline>
<dateline>WASHINGTON 1997-03-31</dateline>
<text>
<p>The U.S. Trade Representative's Office on Monday released a 381-page report providing a country-by-country breakdown of trade barriers that it says thwart U.S. sales abroad.</p>
<p>Some 45 pages of the report are devoted to Japan, where the USTR said problems involving a number of business sectors remain despite 24 trade agreements since 1992.</p>
<p>U.S. Trade Representative Charlene Barshefsky in a statement accompanying the report specifically pointed to problems concerning Japan's Nippon Telegraph and Telephone Corp (NTT).</p>
<p>&quot;Despite recent progress with procurement among some Japanese government agencies, I am particularly concerned that the results U.S. companies have achieved with NTT compared with the private Japanese telecommunications sector suggests NTT is still captive to its monopoly legacy and not fully responsive to market principles,&quot; she said.</p>
<p>The USTR devoted some 35 pages to the European Union, which it said maintains barriers to U.S. exports in many key areas.</p>
<p>&quot;I am particularly concerned by the EU's pervasive discrimination against U.S. agricultural exports -- including rice, wheat, wheat flour, bananas, beef, dairy products and certain fruit,&quot; Barshefsky said.</p>
<p>&quot;We have been working aggressively on all these issues to ensure the EU's full compliance with its internaitonal commitments to provide fair access to U.S. agricultural products,&quot; she said.</p>
</text>
<copyright>(c) Reuters Limited 1997</copyright>
<metadata>
<codes class="bip:countries:1.0">
  <code code="JAP">
    <editdetail attribution="Reuters BIP Coding Group" action="confirmed" date="1997-03-31"/>
  </code>
  <code code="USA">
    <editdetail attribution="Reuters BIP Coding Group" action="confirmed" date="1997-03-31"/>
  </code>
</codes>
<codes class="bip:industries:1.0">
  <code code="I79020">
    <editdetail attribution="Reuters BIP Coding Group" action="confirmed" date="1997-03-31"/>
  </code>
</codes>
<codes class="bip:topics:1.0">
  <code code="C31">
    <editdetail attribution="Reuters BIP Coding Group" action="confirmed" date="1997-03-31"/>
  </code>
  <code code="C34">
    <editdetail attribution="Reuters BIP Coding Group" action="confirmed" date="1997-03-31"/>
  </code>
  <code code="CCAT">
    <editdetail attribution="Reuters BIP Coding Group" action="confirmed" date="1997-03-31"/>
  </code>
  <code code="E51">
    <editdetail attribution="Reuters BIP Coding Group" action="confirmed" date="1997-03-31"/>
  </code>
  <code code="E512">
    <editdetail attribution="Reuters BIP Coding Group" action="confirmed" date="1997-03-31"/>
  </code>
  <code code="ECAT">
    <editdetail attribution="Reuters BIP Coding Group" action="confirmed" date="1997-03-31"/>
  </code>
</codes>
<dc element="dc.date.created" value="1997-03-31"/>
<dc element="dc.publisher" value="Reuters Holdings Plc"/>
<dc element="dc.date.published" value="1997-03-31"/>
<dc element="dc.source" value="Reuters"/>
<dc element="dc.creator.location" value="WASHINGTON"/>
<dc element="dc.creator.location.country.name" value="USA"/>
<dc element="dc.source" value="Reuters"/>
</metadata>
</newsitem>
