<?xml version="1.0" encoding="iso-8859-1" ?>
<newsitem itemid="476181" id="root" date="1997-03-31" xml:lang="en">
<title>USA: Beazer sees Q2 loss after $6 mln writedown.</title>
<headline>Beazer sees Q2 loss after $6 mln writedown.</headline>
<dateline>ATLANTA 1997-03-31</dateline>
<text>
<p>Beazer Homes USA Inc said Monday it expects to record a pretax charge of $6 million, or $0.58 a share, to write down the value of two properties in Nevada, resulting in a net loss during the quarter ended March 31 of between $0.50 and $0.55 per share on a primary basis.</p>
<p>Earnings excluding the charge for the second quarter are expected to be $0.03 to $0.08 per share versus $0.40 in the year-earlier period.</p>
<p>The company said the main reasons for the earnings decrease are reduced home closings and a reduction in gross margins in its Nevada operations.  </p>
<p>The two properties involved are Craig Ranch, in North Las Vegas, and Promontory, in Reno/Sparks, Nevada.</p>
<p>The company said the writedown of these two properties results from significant overruns in development costs, the most significant relating to adverse unanticipated ground conditions at Promontory.</p>
<p>Beazer said it expects to report actual results for the quarter on April 30.</p>
<p>The company added that it has reorganized its management structure in Nevada by appointing a new division president for Las Vegas and transferring the management responsibility for the Reno/Sparks property to its management team in Northern California based in Sacramento.</p>
<p>Beazer said it has completed the development of Craig Ranch, and expects to complete the development of Promontory during the current fiscal year and sell out of both of these projects within two years.</p>
</text>
<copyright>(c) Reuters Limited 1997</copyright>
<metadata>
<codes class="bip:countries:1.0">
  <code code="USA">
    <editdetail attribution="Reuters BIP Coding Group" action="confirmed" date="1997-03-31"/>
  </code>
</codes>
<codes class="bip:industries:1.0">
  <code code="I50100">
    <editdetail attribution="Reuters BIP Coding Group" action="confirmed" date="1997-03-31"/>
  </code>
  <code code="I5010022">
    <editdetail attribution="Reuters BIP Coding Group" action="confirmed" date="1997-03-31"/>
  </code>
</codes>
<codes class="bip:topics:1.0">
  <code code="C15">
    <editdetail attribution="Reuters BIP Coding Group" action="confirmed" date="1997-03-31"/>
  </code>
  <code code="C152">
    <editdetail attribution="Reuters BIP Coding Group" action="confirmed" date="1997-03-31"/>
  </code>
  <code code="CCAT">
    <editdetail attribution="Reuters BIP Coding Group" action="confirmed" date="1997-03-31"/>
  </code>
</codes>
<dc element="dc.date.created" value="1997-03-31"/>
<dc element="dc.publisher" value="Reuters Holdings Plc"/>
<dc element="dc.date.published" value="1997-03-31"/>
<dc element="dc.source" value="Reuters"/>
<dc element="dc.creator.location" value="ATLANTA"/>
<dc element="dc.creator.location.country.name" value="USA"/>
<dc element="dc.source" value="Reuters"/>
</metadata>
</newsitem>
