<?xml version="1.0" encoding="iso-8859-1" ?>
<newsitem itemid="476184" id="root" date="1997-03-31" xml:lang="en">
<title>USA: US Airways pilots say to meet with management.</title>
<headline>US Airways pilots say to meet with management.</headline>
<dateline>NEW YORK 1997-03-31</dateline>
<text>
<p>Pilots at US Airways Group Inc said they will meet with the airlines' management over the next ten days to discuss the development of a low-cost unit and continue labor contract talks.</p>
<p>Representatives from the Air Line Pilots Association said they will hold several meetings with management from April 1 to April 10. US Airways representatives could not be reached for comment.  </p>
<p>The Arlington, Va.-based airline and its pilots have been mulling ways to create a new low-cost unit to compete with rivals such as Southwest Airlines Co.</p>
<p>Under a preliminary proposal, US Airways could convert up to 40 percent of its flying time or &quot;block hours&quot; into a new, low-cost service, sources said. The airline and its pilots are at odds about the size of the low-cost operations, the routes it would fly and the pay rates for those workers.</p>
<p>Contract negotiations with the pilots also continue, the pilots union said.</p>
<p>US Airways, which has one of the highest cost structures in the industry, has asked its pilots to accept pay cuts up to 12 percent. The proposed wage cuts come at a time when unions at rival carriers are seeking double-digit wage increases.</p>
<p>The low-cost service and the contract talks are part of US Airways' efforts to cut costs and remain competitive in the face of increased competition from regional and low-cost carriers.</p>
<p>US Airways' order for 400 Airbus Industrie aircraft depends on the airline achieving a &quot;competitive cost structure.&quot;</p>
<p>(( Jessica Hall, New York newsdesk 212-859-1610 ))</p>
</text>
<copyright>(c) Reuters Limited 1997</copyright>
<metadata>
<codes class="bip:countries:1.0">
  <code code="USA">
    <editdetail attribution="Reuters BIP Coding Group" action="confirmed" date="1997-03-31"/>
  </code>
</codes>
<codes class="bip:industries:1.0">
  <code code="I36400">
    <editdetail attribution="Reuters BIP Coding Group" action="confirmed" date="1997-03-31"/>
  </code>
  <code code="I3640010">
    <editdetail attribution="Reuters BIP Coding Group" action="confirmed" date="1997-03-31"/>
  </code>
  <code code="I75000">
    <editdetail attribution="Reuters BIP Coding Group" action="confirmed" date="1997-03-31"/>
  </code>
</codes>
<codes class="bip:topics:1.0">
  <code code="C42">
    <editdetail attribution="Reuters BIP Coding Group" action="confirmed" date="1997-03-31"/>
  </code>
  <code code="CCAT">
    <editdetail attribution="Reuters BIP Coding Group" action="confirmed" date="1997-03-31"/>
  </code>
  <code code="E41">
    <editdetail attribution="Reuters BIP Coding Group" action="confirmed" date="1997-03-31"/>
  </code>
  <code code="ECAT">
    <editdetail attribution="Reuters BIP Coding Group" action="confirmed" date="1997-03-31"/>
  </code>
  <code code="GCAT">
    <editdetail attribution="Reuters BIP Coding Group" action="confirmed" date="1997-03-31"/>
  </code>
  <code code="GJOB">
    <editdetail attribution="Reuters BIP Coding Group" action="confirmed" date="1997-03-31"/>
  </code>
</codes>
<dc element="dc.date.created" value="1997-03-31"/>
<dc element="dc.publisher" value="Reuters Holdings Plc"/>
<dc element="dc.date.published" value="1997-03-31"/>
<dc element="dc.source" value="Reuters"/>
<dc element="dc.creator.location" value="NEW YORK"/>
<dc element="dc.creator.location.country.name" value="USA"/>
<dc element="dc.source" value="Reuters"/>
</metadata>
</newsitem>
