<?xml version="1.0" encoding="iso-8859-1" ?>
<newsitem itemid="476106" id="root" date="1997-03-31" xml:lang="en">
<title>CANADA: Oxford Properties shares fall for 2nd day.</title>
<headline>Oxford Properties shares fall for 2nd day.</headline>
<dateline>TORONTO 1997-03-31</dateline>
<text>
<p>Oxford Properties Group Inc shares slid for a second session on Monday as a broad-based market selloff prompted investors to take profits on the recent high-flying stock, analysts said.</p>
<p>&quot;In this kind of environment, people, where they have profits, are intent on locking them in. There is certainly nothing fundamentally wrong with the company that we are aware of,&quot; said Frank Mayer, a real estate analyst with HSBC James Capel Canada.</p>
<p>Oxford was down 1.75 to 21.25 in afternoon trading on the Toronto Stock Exchange. Oxford shares traded as low as 20.30 earlier today.</p>
<p>Shares of the Toronto-based real estate company fell as the benchmark TSE 300 index lost more than one percent of its value this morning. The drop in the TSE 300 mirrored a similar decline in U.S. stocks.</p>
<p>The overall decline in stocks took a harsh toll on Oxford. The real estate company peaked at a 52-week high of 27.50 on February 20 after climbing from 5 on March 29, 1996. Oxford closed as high as 25 last Wednesday.</p>
<p>The company had made no recent announcements and there had been no recent articles that might have prompted the selloff, said Oxford Chief Executive Jon Love.</p>
<p>&quot;There's nothing I'm aware off,&quot; said Love.</p>
<p>Oxford's latest announcement came last week, when it said that the Canadian Partners Fund, of which it is co-sponsor and manager, completed the acquisition of phases three and four of the West Metro Corporate Centre in Toronto. The acquisition was a positive for the company, Love said.</p>
<p>Analysts noted that the price of Oxford moved on very low volume in the session. Just more than 6,000 shares changed hands today in Toronto.</p>
<p>((Jeffrey Hodgson (416) 941-8105, e-mail: jeffrey.hodgson@reuters.com))</p>
</text>
<copyright>(c) Reuters Limited 1997</copyright>
<metadata>
<codes class="bip:countries:1.0">
  <code code="CANA">
    <editdetail attribution="Reuters BIP Coding Group" action="confirmed" date="1997-03-31"/>
  </code>
</codes>
<codes class="bip:industries:1.0">
  <code code="I85000">
    <editdetail attribution="Reuters BIP Coding Group" action="confirmed" date="1997-03-31"/>
  </code>
</codes>
<codes class="bip:topics:1.0">
  <code code="C15">
    <editdetail attribution="Reuters BIP Coding Group" action="confirmed" date="1997-03-31"/>
  </code>
  <code code="C152">
    <editdetail attribution="Reuters BIP Coding Group" action="confirmed" date="1997-03-31"/>
  </code>
  <code code="CCAT">
    <editdetail attribution="Reuters BIP Coding Group" action="confirmed" date="1997-03-31"/>
  </code>
</codes>
<dc element="dc.date.created" value="1997-03-31"/>
<dc element="dc.publisher" value="Reuters Holdings Plc"/>
<dc element="dc.date.published" value="1997-03-31"/>
<dc element="dc.source" value="Reuters"/>
<dc element="dc.creator.location" value="TORONTO"/>
<dc element="dc.creator.location.country.name" value="CANADA"/>
<dc element="dc.source" value="Reuters"/>
</metadata>
</newsitem>
