<?xml version="1.0" encoding="iso-8859-1" ?>
<newsitem itemid="476134" id="root" date="1997-03-31" xml:lang="en">
<title>USA: RESEARCH ALERT-Gruntal cuts airlines.</title>
<headline>RESEARCH ALERT-Gruntal cuts airlines.</headline>
<text>
<p>-- Gruntal said it downgraded Continental Airlines Inc to neutral from outperform speculative and UAL Corp to neutral from outperform.</p>
<p>-- Gruntal said it downgraded AMR Corp to neutral from outperform and cut Southwest Airlines Co to outperform speculative from outperform.</p>
</text>
<copyright>(c) Reuters Limited 1997</copyright>
<metadata>
<codes class="bip:countries:1.0">
  <code code="USA">
    <editdetail attribution="Reuters BIP Coding Group" action="confirmed" date="1997-03-31"/>
  </code>
</codes>
<codes class="bip:industries:1.0">
  <code code="I75000">
    <editdetail attribution="Reuters BIP Coding Group" action="confirmed" date="1997-03-31"/>
  </code>
</codes>
<codes class="bip:topics:1.0">
  <code code="C15">
    <editdetail attribution="Reuters BIP Coding Group" action="confirmed" date="1997-03-31"/>
  </code>
  <code code="C152">
    <editdetail attribution="Reuters BIP Coding Group" action="confirmed" date="1997-03-31"/>
  </code>
  <code code="CCAT">
    <editdetail attribution="Reuters BIP Coding Group" action="confirmed" date="1997-03-31"/>
  </code>
</codes>
<dc element="dc.publisher" value="Reuters Holdings Plc"/>
<dc element="dc.date.published" value="1997-03-31"/>
<dc element="dc.source" value="Reuters"/>
<dc element="dc.creator.location.country.name" value="USA"/>
<dc element="dc.source" value="Reuters"/>
</metadata>
</newsitem>
