<?xml version="1.0" encoding="iso-8859-1" ?>
<newsitem itemid="476122" id="root" date="1997-03-31" xml:lang="en">
<title>USA: RESEARCH ALERT - IDEXX raised to attractive.</title>
<headline>RESEARCH ALERT - IDEXX raised to attractive.</headline>
<text>
<p>--Vector Securities International Inc said Monday it raised its rating on IDEXX Laboratories Inc to attractive from neutral.</p>
<p>--It cited the company's strong senior management team, an expectation that the animal health market fundamentals is strong (growing at 25 percent annually) and said the company is trading, net of cash, at a market value of only 1.2 times revenues.</p>
<p>--Vector set a one-year price target of $20 on the company's stock.</p>
<p>--IDEXX, which makes animal biomedical test products, was up 3/4 at 14-5/8.</p>
<p>		((Reuters Chicago Newsdesk (312) 408-8787))</p>
</text>
<copyright>(c) Reuters Limited 1997</copyright>
<metadata>
<codes class="bip:countries:1.0">
  <code code="USA">
    <editdetail attribution="Reuters BIP Coding Group" action="confirmed" date="1997-03-31"/>
  </code>
</codes>
<codes class="bip:industries:1.0">
  <code code="I25700">
    <editdetail attribution="Reuters BIP Coding Group" action="confirmed" date="1997-03-31"/>
  </code>
</codes>
<codes class="bip:topics:1.0">
  <code code="C15">
    <editdetail attribution="Reuters BIP Coding Group" action="confirmed" date="1997-03-31"/>
  </code>
  <code code="C152">
    <editdetail attribution="Reuters BIP Coding Group" action="confirmed" date="1997-03-31"/>
  </code>
  <code code="CCAT">
    <editdetail attribution="Reuters BIP Coding Group" action="confirmed" date="1997-03-31"/>
  </code>
</codes>
<dc element="dc.publisher" value="Reuters Holdings Plc"/>
<dc element="dc.date.published" value="1997-03-31"/>
<dc element="dc.source" value="Reuters"/>
<dc element="dc.creator.location.country.name" value="USA"/>
<dc element="dc.source" value="Reuters"/>
</metadata>
</newsitem>
