<?xml version="1.0" encoding="iso-8859-1" ?>
<newsitem itemid="476187" id="root" date="1997-03-31" xml:lang="en">
<title>USA: US Defense Stockpile rejects chromite bids.</title>
<headline>US Defense Stockpile rejects chromite bids.</headline>
<dateline>NEW YORK 1997-03-31</dateline>
<text>
<p>The U.S. Defense National Stockpile Center said it made no award for metallurgical grade chromite ore under the March 11 tender.</p>
<p>Chromite is being offered for sale on the second Tuesday of each month and the next monthly tender will be on April 8.</p>
<p>--New York Commodities Desk, +1-212-859-1640.</p>
</text>
<copyright>(c) Reuters Limited 1997</copyright>
<metadata>
<codes class="bip:countries:1.0">
  <code code="USA">
    <editdetail attribution="Reuters BIP Coding Group" action="confirmed" date="1997-03-31"/>
  </code>
</codes>
<codes class="bip:topics:1.0">
  <code code="M14">
    <editdetail attribution="Reuters BIP Coding Group" action="confirmed" date="1997-03-31"/>
  </code>
  <code code="M142">
    <editdetail attribution="Reuters BIP Coding Group" action="confirmed" date="1997-03-31"/>
  </code>
  <code code="MCAT">
    <editdetail attribution="Reuters BIP Coding Group" action="confirmed" date="1997-03-31"/>
  </code>
</codes>
<dc element="dc.date.created" value="1997-03-31"/>
<dc element="dc.publisher" value="Reuters Holdings Plc"/>
<dc element="dc.date.published" value="1997-03-31"/>
<dc element="dc.source" value="Reuters"/>
<dc element="dc.creator.location" value="NEW YORK"/>
<dc element="dc.creator.location.country.name" value="USA"/>
<dc element="dc.source" value="Reuters"/>
</metadata>
</newsitem>
