<?xml version="1.0" encoding="iso-8859-1" ?>
<newsitem itemid="476247" id="root" date="1997-03-31" xml:lang="en">
<title>USA: Physiometrix seeks device's FDA approval.</title>
<headline>Physiometrix seeks device's FDA approval.</headline>
<dateline>NORTH BILLERICA, Mass. 1997-03-31</dateline>
<text>
<p>Physiometrix Inc said on Monday that it filed a 510(k) application with the U.S. Food and Drug Administration (FDA) for its Patient State Analyzer.</p>
<p>Under this filing, the company said it is seeking marketing approval for the neuromonitoring system.</p>
<p>The Patient State Analyzer includes proprietary software which processes brain wave data and converts it to a display for anesthesiologists to evaluate a patient's brain status during surgery, Physiometrix said.</p>
</text>
<copyright>(c) Reuters Limited 1997</copyright>
<metadata>
<codes class="bip:countries:1.0">
  <code code="USA">
    <editdetail attribution="Reuters BIP Coding Group" action="confirmed" date="1997-03-31"/>
  </code>
</codes>
<codes class="bip:industries:1.0">
  <code code="I37200">
    <editdetail attribution="Reuters BIP Coding Group" action="confirmed" date="1997-03-31"/>
  </code>
</codes>
<codes class="bip:topics:1.0">
  <code code="C13">
    <editdetail attribution="Reuters BIP Coding Group" action="confirmed" date="1997-03-31"/>
  </code>
  <code code="C22">
    <editdetail attribution="Reuters BIP Coding Group" action="confirmed" date="1997-03-31"/>
  </code>
  <code code="CCAT">
    <editdetail attribution="Reuters BIP Coding Group" action="confirmed" date="1997-03-31"/>
  </code>
</codes>
<dc element="dc.date.created" value="1997-03-31"/>
<dc element="dc.publisher" value="Reuters Holdings Plc"/>
<dc element="dc.date.published" value="1997-03-31"/>
<dc element="dc.source" value="Reuters"/>
<dc element="dc.creator.location" value="NORTH BILLERICA, Mass."/>
<dc element="dc.creator.location.country.name" value="USA"/>
<dc element="dc.source" value="Reuters"/>
</metadata>
</newsitem>
