<?xml version="1.0" encoding="iso-8859-1" ?>
<newsitem itemid="476244" id="root" date="1997-03-31" xml:lang="en">
<title>USA: Atlantic Tele-Network Inc Q4 net slips.</title>
<headline>Atlantic Tele-Network Inc Q4 net slips.</headline>
<dateline>NEW YORK 1997-03-31</dateline>
<text>
<p>(In thousands, except per share data)</p>
<p>			    Three Months Ended  Twelve Months Ended</p>
<p>					Dec. 31		Dec. 31</p>
<p>				   1995	1996     1995	1996</p>
<p>  Total revenues	  $51,199   $49,153  $184,632  $206,002</p>
<p>Non-operating revenues</p>
<p>and expenses (other</p>
<p>   than interest), net  (1,628)     (657)  (10,219)   (6,658)</p>
<p> Litigation expenses	  ---	 ---	 ---   (2,800)</p>
<p> Net Income		   5,305     4,904    17,210    18,007</p>
<p> Net Income per share	0.43	0.40	1.40	1.47</p>
<p>Weighted average</p>
<p>  number of shares	 12,273    12,273    12,273    12,273</p>
<p>((-- New York Newsdesk   212-859-1610))</p>
</text>
<copyright>(c) Reuters Limited 1997</copyright>
<metadata>
<codes class="bip:countries:1.0">
  <code code="USA">
    <editdetail attribution="Reuters BIP Coding Group" action="confirmed" date="1997-03-31"/>
  </code>
</codes>
<codes class="bip:industries:1.0">
  <code code="I79020">
    <editdetail attribution="Reuters BIP Coding Group" action="confirmed" date="1997-03-31"/>
  </code>
</codes>
<codes class="bip:topics:1.0">
  <code code="C15">
    <editdetail attribution="Reuters BIP Coding Group" action="confirmed" date="1997-03-31"/>
  </code>
  <code code="C151">
    <editdetail attribution="Reuters BIP Coding Group" action="confirmed" date="1997-03-31"/>
  </code>
  <code code="C1511">
    <editdetail attribution="Reuters BIP Coding Group" action="confirmed" date="1997-03-31"/>
  </code>
  <code code="CCAT">
    <editdetail attribution="Reuters BIP Coding Group" action="confirmed" date="1997-03-31"/>
  </code>
</codes>
<dc element="dc.date.created" value="1997-03-31"/>
<dc element="dc.publisher" value="Reuters Holdings Plc"/>
<dc element="dc.date.published" value="1997-03-31"/>
<dc element="dc.source" value="Reuters"/>
<dc element="dc.creator.location" value="NEW YORK"/>
<dc element="dc.creator.location.country.name" value="USA"/>
<dc element="dc.source" value="Reuters"/>
</metadata>
</newsitem>
