<?xml version="1.0" encoding="iso-8859-1" ?>
<newsitem itemid="476275" id="root" date="1997-03-31" xml:lang="en">
<title>USA: IMM currency futures fall again late, most end off.</title>
<headline>IMM currency futures fall again late, most end off.</headline>
<dateline>CHICAGO 1997-03-31</dateline>
<text>
<p>Most IMM currency futures eroded again late and finished spotty pit trading weaker.</p>
<p>Futures moved in fits and starts, driven partly by swings in U.S. Treasuries and equities as well as by technicals.</p>
<p>But currencies glossed over a late renewed fall in the Dow Jones average, which retreated again to more than a 100-point loss, and they instead slipped to pit-session lows.</p>
<p>Brokers said one house sold some 1,500 June Swiss francs at the market, while other market-on-close sell orders helped shove that contract down again during the final minutes.</p>
<p>&quot;It was very thin and very kooky,&quot; said one floor broker.  </p>
<p>He said the market's unpredictability Monday seems largely a function of a shallow cash market, which remained thin due to the absence of major European centers that stayed on extended holiday.</p>
<p>&quot;The last time the Dow was down 120, the Swiss was at $0.7022,&quot; added the floor broker. &quot;Now the Dow's off 120 again and we're at $0.6950. Did someone change the rules while I was at lunch?&quot;</p>
<p>Currencies gave back the bulk of morning gains in late trading that some brokers called sloppy and thin after a morning of sometimes-brisk turnover.  </p>
<p>June marks backed down into a support area that brokers pegged variously at $0.6000 and $0.5991, the former level roughly equal to 1.6750 spot. But it hung well above the overnight price trough $0.5978.</p>
<p>Futures had risen early to morning peaks after U.S. stocks resumed Thursday's slide and also tugged Treasury bond futures briefly lower.</p>
<p>They showed muted response to U.S. economic data, including February personal income and spending and the March Chicago purchasing manager's index.  </p>
<p>On Tuesday, the national purchasing managers index for March is expected to rise to 53.6 from February's 53.1. February U.S. leading indicators are forecast up 0.4 percent, while construction spending is expected to gain 0.9 percent.</p>
<p>The yen was buffeted overnight by a drop in Nikkei stock index and announcement of Japan's land revitalization program.</p>
<p>June yen lost $0.000015 to $0.008178, mark off $0.0008 at $0.6000, Swiss franc fell $0.0013 to $0.6956, pound up $0.0088 at $1.6386, Canadian dollar lost $0.0029 to $0.7259, Aussie dollar rose $0.0027 to $0.7856, Mex peso lost $0.000050 to $0.122325. ((DerivativesDesk(312)408-8750)) E-mail:derivatives@reuters.com</p>
</text>
<copyright>(c) Reuters Limited 1997</copyright>
<metadata>
<codes class="bip:countries:1.0">
  <code code="USA">
    <editdetail attribution="Reuters BIP Coding Group" action="confirmed" date="1997-03-31"/>
  </code>
</codes>
<codes class="bip:topics:1.0">
  <code code="M13">
    <editdetail attribution="Reuters BIP Coding Group" action="confirmed" date="1997-03-31"/>
  </code>
  <code code="M132">
    <editdetail attribution="Reuters BIP Coding Group" action="confirmed" date="1997-03-31"/>
  </code>
  <code code="MCAT">
    <editdetail attribution="Reuters BIP Coding Group" action="confirmed" date="1997-03-31"/>
  </code>
</codes>
<dc element="dc.date.created" value="1997-03-31"/>
<dc element="dc.publisher" value="Reuters Holdings Plc"/>
<dc element="dc.date.published" value="1997-03-31"/>
<dc element="dc.source" value="Reuters"/>
<dc element="dc.creator.location" value="CHICAGO"/>
<dc element="dc.creator.location.country.name" value="USA"/>
<dc element="dc.source" value="Reuters"/>
</metadata>
</newsitem>
