<?xml version="1.0" encoding="iso-8859-1" ?>
<newsitem itemid="476268" id="root" date="1997-03-31" xml:lang="en">
<title>USA: Telscape says names Binet as CFO.</title>
<headline>Telscape says names Binet as CFO.</headline>
<dateline>DALLAS 1997-03-31</dateline>
<text>
<p>Telscape International Inc said on Monday that its chief financial officer Mark Vance had been replaced by Todd Binet.</p>
<p>The company also announced that Gary Panno and Christopher Efird had resigned as directors. Telscape said that Panno stepped down to allow for succession as his involvement in the company has diminished subsequent to his resignation as chief financial officer.  Efird resigned in connection with the complete sale of his holdings in the company.</p>
<p>Telscape, which was formerly known as Polish Telephones and Microwave International Inc, named Manuel Landa as chairman in November.  The company merged with Orion Communications in August.</p>
</text>
<copyright>(c) Reuters Limited 1997</copyright>
<metadata>
<codes class="bip:countries:1.0">
  <code code="USA">
    <editdetail attribution="Reuters BIP Coding Group" action="confirmed" date="1997-03-31"/>
  </code>
</codes>
<codes class="bip:industries:1.0">
  <code code="I34400">
    <editdetail attribution="Reuters BIP Coding Group" action="confirmed" date="1997-03-31"/>
  </code>
</codes>
<codes class="bip:topics:1.0">
  <code code="C41">
    <editdetail attribution="Reuters BIP Coding Group" action="confirmed" date="1997-03-31"/>
  </code>
  <code code="C411">
    <editdetail attribution="Reuters BIP Coding Group" action="confirmed" date="1997-03-31"/>
  </code>
  <code code="CCAT">
    <editdetail attribution="Reuters BIP Coding Group" action="confirmed" date="1997-03-31"/>
  </code>
</codes>
<dc element="dc.date.created" value="1997-03-31"/>
<dc element="dc.publisher" value="Reuters Holdings Plc"/>
<dc element="dc.date.published" value="1997-03-31"/>
<dc element="dc.source" value="Reuters"/>
<dc element="dc.creator.location" value="DALLAS"/>
<dc element="dc.creator.location.country.name" value="USA"/>
<dc element="dc.source" value="Reuters"/>
</metadata>
</newsitem>
