<?xml version="1.0" encoding="iso-8859-1" ?>
<newsitem itemid="476214" id="root" date="1997-03-31" xml:lang="en">
<title>USA: NYMEX May COB electricity ends lower, May PV flat.</title>
<headline>NYMEX May COB electricity ends lower, May PV flat.</headline>
<dateline>NEW YORK 1997-03-31</dateline>
<text>
<p>NYMEX May California-Oregon (COB) electricity futures settled a touch lower Monday, while the May Palo Verde (PV) contract finished unchanged from last Thursday's settlement.</p>
<p>News of an unplanned outage at the 1,087 megawatt (MW) Diablo Canyone nuclear power unit 2 in central California gave the complex an early boost following the three-day Easter weekend, brokers and traders said.</p>
<p>NYMEX was closed Friday in observance of Good Friday.</p>
<p>But nearby months softened when the operator Pacific Gas &amp; Electric Co said the Diablo Canyon 2 shutdown that began Saturday would only last until middle of this week,</p>
<p>&quot;That's basically negated because it's shortlived,&quot; said a Houston futures trader, referring to the outage.</p>
<p>A late sell-off in futures was cushioned by strength in cash power prices and forecasts of snow and much colder weather in the western U.S. for much of the week.</p>
<p>There was also paper maneuvering of second-quarter 1997 positions when April 1 delivery begins tomorrow, brokers and traders said.</p>
<p>Day-ahead electricity prices for firm, peak delivery at the COB rose 50-75 cents to $11.75-12.75 a megawatt hour (MWh), while those at PV firmed 25-50 cents to $14.75-15.50.     May</p>
<p>COB settled down two cents at $10.68 after posting a high at $10.90. June COB ended up eight cents at $11.03. Other COB months finished down 10 cents to up 25 cents.</p>
<p>May PV settled unchanged at $15.20 after traded between $15.10 and $15.35. June PV ended up five cents at $16.26. Other active PV contracts finished three to 16 cents higher.</p>
<p>Market sources said the complex would likely test the upper end of today's ranges Tuesday on the outlook of winter-like weather returning in the West.</p>
<p>In addition to Diablo Canyon 2, the 750 MW unit 2 at the Mohave coal-fired power plant in Nevada was shut Saturday for planned maintenance. The unit would stay down until May 11.</p>
<p>The 1,158 MW WNP-2 nuclear plant in Washington shut since last Thursday for maintenance. A 750 MW unit at the Navajo coal-fired plant in Arizona was heard still idled for repairs which could take as long as two weeks.</p>
<p>Those outages were offset by the return of the 1,221 MW Palo Verde nuclear unit 3 in Arizona, 1,070 MW San Onofre nuclear unit 2 in southern California and increased power flow on the Pacific Intertie.</p>
<p>Late last week, capacity on the Intertie's high-voltage power transmission lines, linking the Northwest to Southern California, was increased about 20 percent to 6,250 MW.</p>
<p>NYMEX estimated 243 COB and 219 PV contracts were sold, compared with Thursday's 235 COB and 463 PV lots.</p>
<p>((--New York Power Desk +1 212 859 1622))</p>
</text>
<copyright>(c) Reuters Limited 1997</copyright>
<metadata>
<codes class="bip:countries:1.0">
  <code code="USA">
    <editdetail attribution="Reuters BIP Coding Group" action="confirmed" date="1997-03-31"/>
  </code>
</codes>
<codes class="bip:topics:1.0">
  <code code="M14">
    <editdetail attribution="Reuters BIP Coding Group" action="confirmed" date="1997-03-31"/>
  </code>
  <code code="M143">
    <editdetail attribution="Reuters BIP Coding Group" action="confirmed" date="1997-03-31"/>
  </code>
  <code code="MCAT">
    <editdetail attribution="Reuters BIP Coding Group" action="confirmed" date="1997-03-31"/>
  </code>
</codes>
<dc element="dc.date.created" value="1997-03-31"/>
<dc element="dc.publisher" value="Reuters Holdings Plc"/>
<dc element="dc.date.published" value="1997-03-31"/>
<dc element="dc.source" value="Reuters"/>
<dc element="dc.creator.location" value="NEW YORK"/>
<dc element="dc.creator.location.country.name" value="USA"/>
<dc element="dc.source" value="Reuters"/>
</metadata>
</newsitem>
