<?xml version="1.0" encoding="iso-8859-1" ?>
<newsitem itemid="476296" id="root" date="1997-03-31" xml:lang="en">
<title>USA: Bogen Communications Intl Q4 full results.</title>
<headline>Bogen Communications Intl Q4 full results.</headline>
<dateline>RAMSEY, N.J. 1997-03-31</dateline>
<text>
<p>Bogen Communications International Inc.</p>
<p>				  Financial Summary</p>
<p>	   (In thousands of dollars, except per share amounts)</p>
<p> Revenues	     $ 12,191   $ 10,368   $ 42,269   $ 44,518</p>
<p> Cost of goods sold    6,376	7,439     25,004     27,338</p>
<p> Gross profit	    5,815	2,929     21,265     17,180</p>
<p>Operating expenses:</p>
<p>Research and development</p>
<p>				 742	  714	2,892	2,307</p>
<p>Selling, general and</p>
<p>   administrative	4,082	4,319     14,360     15,067</p>
<p>Amortization of</p>
<p>goodwill and</p>
<p>   intangibles	     115	  112	  445	  443</p>
<p>Income (loss) from</p>
<p>  operations		 876    (2,216)	3,568	(637)</p>
<p>Other expenses:</p>
<p>  Other (income)	    --	(239)	   --	(237)</p>
<p>  Interest expense, net  120	   34	  596	  587</p>
<p>Interest expense to</p>
<p>   related parties	  23	  270	   72	  619</p>
<p>  Minority interest	109	 (84)	  337	  184</p>
<p>  Transaction costs	 --	   --	   --	1,491</p>
<p>Net income (loss)</p>
<p>  before income taxes    624    (2,197)	2,563    (3,281)</p>
<p>Provision for income taxes</p>
<p>				(34)	   84	(555)    (1,262)</p>
<p> Net income (loss)	 658   ( 2,281)   ( 2,008)   ( 4,543)</p>
<p>NET INCOME (LOSS)</p>
<p>  PER COMMON SHARE	0.12    ( 0.40)	 0.35    ( 1.37)</p>
<p>WEIGHTED AVERAGE</p>
<p>NUMBER OF COMMON</p>
<p>SHARES OUTSTANDING</p>
<p>			 5,758,850  5,759,350  5,759,075  3,311,668</p>
<p>((-- New York Newsdesk 212 859-1610))</p>
</text>
<copyright>(c) Reuters Limited 1997</copyright>
<metadata>
<codes class="bip:countries:1.0">
  <code code="USA">
    <editdetail attribution="Reuters BIP Coding Group" action="confirmed" date="1997-03-31"/>
  </code>
</codes>
<codes class="bip:industries:1.0">
  <code code="I33030">
    <editdetail attribution="Reuters BIP Coding Group" action="confirmed" date="1997-03-31"/>
  </code>
</codes>
<codes class="bip:topics:1.0">
  <code code="C15">
    <editdetail attribution="Reuters BIP Coding Group" action="confirmed" date="1997-03-31"/>
  </code>
  <code code="C151">
    <editdetail attribution="Reuters BIP Coding Group" action="confirmed" date="1997-03-31"/>
  </code>
  <code code="C1511">
    <editdetail attribution="Reuters BIP Coding Group" action="confirmed" date="1997-03-31"/>
  </code>
  <code code="CCAT">
    <editdetail attribution="Reuters BIP Coding Group" action="confirmed" date="1997-03-31"/>
  </code>
</codes>
<dc element="dc.date.created" value="1997-03-31"/>
<dc element="dc.publisher" value="Reuters Holdings Plc"/>
<dc element="dc.date.published" value="1997-03-31"/>
<dc element="dc.source" value="Reuters"/>
<dc element="dc.creator.location" value="RAMSEY, N.J."/>
<dc element="dc.creator.location.country.name" value="USA"/>
<dc element="dc.source" value="Reuters"/>
</metadata>
</newsitem>
