<?xml version="1.0" encoding="iso-8859-1" ?>
<newsitem itemid="476293" id="root" date="1997-03-31" xml:lang="en">
<title>USA: PECO ready to file restructuring plan.</title>
<headline>PECO ready to file restructuring plan.</headline>
<dateline>PHILADELPHIA 1997-03-31</dateline>
<text>
<p>PECO Energy Co said Monday it will file a restructuring plan Tuesday with the Pennsylvania Public Utility Commission, detailing the company's proposed plan to carry out full customer choice of electric generation supply.</p>
<p>The filing, which is required under the Commonwealth's Electricity Generation Competition and Customer Choice Act, will propose:</p>
<p>-- Procedures for ensuring direct customer access, beginning in 1999, to all licensed power suppliers;  </p>
<p>-- Unbundled rates for generation, transmission, distribution and other services;</p>
<p>-- An initial plan to meet universal service and energy conservation obligations to assist low income customers;</p>
<p>-- The recovery of $6.8 billion in net transition and stranded costs through a Competitive Transition Charge or Intangible Transition Charge;</p>
<p>-- Proposed tariff provisions and rate schedules; and</p>
<p>-- A broad based-consumer education program to thoroughly inform customers about competition and the transition to full customer choice.  </p>
<p>Details on the various parts of the proposal are not available at this time, spokesman Neil McDermott said.</p>
<p>The company statement did say the filing will propose phase-in to full customer choice be implemented in three steps in 1999, 2000 and 2001 with residential customers randomly selected by an independent third party while commercial and industrial customers be selected on a &quot;first-come-first-served&quot; basis.</p>
<p>PECO said its restructuring plan does not request any additional refinancing of its generation related assets during the transition from regulation to customer choice.</p>
<p>The company noted it filed in January to securitize, or refinance, $3.6 billion of its estimated transition costs.</p>
<p>If that securitization is approved, PECO said, it estimates customers could realize up to $111 million annually in rate reductions, or an average reduction of 3.4 percent.</p>
<p>The company said its filing also includes a proposed $24 million consumer education program involving a broad-based multi-media approach using direct mailings, bill inserts, radio and television advertisements, newspaper ads, news releases, customer meetings, and a toll-free 800 number service to answer customer questions.</p>
<p>((-- New York Newsdesk 212-859-1610.))</p>
</text>
<copyright>(c) Reuters Limited 1997</copyright>
<metadata>
<codes class="bip:countries:1.0">
  <code code="USA">
    <editdetail attribution="Reuters BIP Coding Group" action="confirmed" date="1997-03-31"/>
  </code>
</codes>
<codes class="bip:industries:1.0">
  <code code="I16000">
    <editdetail attribution="Reuters BIP Coding Group" action="confirmed" date="1997-03-31"/>
  </code>
</codes>
<codes class="bip:topics:1.0">
  <code code="C11">
    <editdetail attribution="Reuters BIP Coding Group" action="confirmed" date="1997-03-31"/>
  </code>
  <code code="C21">
    <editdetail attribution="Reuters BIP Coding Group" action="confirmed" date="1997-03-31"/>
  </code>
  <code code="CCAT">
    <editdetail attribution="Reuters BIP Coding Group" action="confirmed" date="1997-03-31"/>
  </code>
</codes>
<dc element="dc.date.created" value="1997-03-31"/>
<dc element="dc.publisher" value="Reuters Holdings Plc"/>
<dc element="dc.date.published" value="1997-03-31"/>
<dc element="dc.source" value="Reuters"/>
<dc element="dc.creator.location" value="PHILADELPHIA"/>
<dc element="dc.creator.location.country.name" value="USA"/>
<dc element="dc.source" value="Reuters"/>
</metadata>
</newsitem>
