<?xml version="1.0" encoding="iso-8859-1" ?>
<newsitem itemid="476221" id="root" date="1997-03-31" xml:lang="en">
<title>USA: Rockwell unit gets $1.2 mln contract.</title>
<headline>Rockwell unit gets $1.2 mln contract.</headline>
<dateline>MILWAUKEE, Wis. 1997-03-31</dateline>
<text>
<p>Rockwell Automation, a unit of Rockwell International Corp, said Monday that Griset Engineering S.A. of Saint Paul, France, placed a $1.2 million order for drive systems for a hot and a cold mill to be installed at Brush Wellman Inc, Elmore, Ohio.</p>
<p>Griset Engineering manufactures specialized rolling mills and process lines for non-ferrous materials.</p>
<p>Scheduled to begin production in 1998, the mills are part of a major expansion at Brush Wellman to produce copper beryllium alloy coil and stock for such electronic industry applications as printed circuit boards and connectors.</p>
<p>	  ((Reuters Chicago Newsdesk (312) 408-8787))</p>
</text>
<copyright>(c) Reuters Limited 1997</copyright>
<metadata>
<codes class="bip:countries:1.0">
  <code code="FRA">
    <editdetail attribution="Reuters BIP Coding Group" action="confirmed" date="1997-03-31"/>
  </code>
  <code code="USA">
    <editdetail attribution="Reuters BIP Coding Group" action="confirmed" date="1997-03-31"/>
  </code>
</codes>
<codes class="bip:industries:1.0">
  <code code="I22400">
    <editdetail attribution="Reuters BIP Coding Group" action="confirmed" date="1997-03-31"/>
  </code>
  <code code="I36400">
    <editdetail attribution="Reuters BIP Coding Group" action="confirmed" date="1997-03-31"/>
  </code>
</codes>
<codes class="bip:topics:1.0">
  <code code="C33">
    <editdetail attribution="Reuters BIP Coding Group" action="confirmed" date="1997-03-31"/>
  </code>
  <code code="CCAT">
    <editdetail attribution="Reuters BIP Coding Group" action="confirmed" date="1997-03-31"/>
  </code>
</codes>
<dc element="dc.date.created" value="1997-03-31"/>
<dc element="dc.publisher" value="Reuters Holdings Plc"/>
<dc element="dc.date.published" value="1997-03-31"/>
<dc element="dc.source" value="Reuters"/>
<dc element="dc.creator.location" value="MILWAUKEE, Wis."/>
<dc element="dc.creator.location.country.name" value="USA"/>
<dc element="dc.source" value="Reuters"/>
</metadata>
</newsitem>
