<?xml version="1.0" encoding="iso-8859-1" ?>
<newsitem itemid="476256" id="root" date="1997-03-31" xml:lang="en">
<title>USA: Florida university sets MERCOSUR graduate studies.</title>
<headline>Florida university sets MERCOSUR graduate studies.</headline>
<dateline>MIAMI 1997-03-31</dateline>
<text>
<p>Florida International University said on Monday it was establishing a graduate studies program for issues related to the MERCOSUR trade grouping.</p>
<p>The program, which will offer a graduate certificate, will likely start in January and arises from an agreement between Florida International and MERCOSUR, the university said.</p>
<p>-- Miami newsroom, 305-374-5013</p>
</text>
<copyright>(c) Reuters Limited 1997</copyright>
<metadata>
<codes class="bip:countries:1.0">
  <code code="MRCSL">
    <editdetail attribution="Reuters BIP Coding Group" action="confirmed" date="1997-03-31"/>
  </code>
  <code code="USA">
    <editdetail attribution="Reuters BIP Coding Group" action="confirmed" date="1997-03-31"/>
  </code>
</codes>
<codes class="bip:topics:1.0">
  <code code="GCAT">
    <editdetail attribution="Reuters BIP Coding Group" action="confirmed" date="1997-03-31"/>
  </code>
</codes>
<dc element="dc.date.created" value="1997-03-31"/>
<dc element="dc.publisher" value="Reuters Holdings Plc"/>
<dc element="dc.date.published" value="1997-03-31"/>
<dc element="dc.source" value="Reuters"/>
<dc element="dc.creator.location" value="MIAMI"/>
<dc element="dc.creator.location.country.name" value="USA"/>
<dc element="dc.source" value="Reuters"/>
</metadata>
</newsitem>
