<?xml version="1.0" encoding="iso-8859-1" ?>
<newsitem itemid="476266" id="root" date="1997-03-31" xml:lang="en">
<title>USA: International Lottery Q4 loss narrows.</title>
<headline>International Lottery Q4 loss narrows.</headline>
<dateline>CARLSBAD, Calif. 1997-03-27</dateline>
<text>
<p>(thousands of dollars except per share amounts)</p>
<p>				   3	   3	   12	    12</p>
<p>			    MONTHS    MONTHS     MONTHS	MONTHS</p>
<p>			     ENDED     ENDED     ENDED	 ENDED</p>
<p>			 DEC. 31,   DEC. 31,    DEC. 31    DEC. 31,</p>
<p>				1996     1995	 1996	  1995</p>
<p> Revenue		  $1,801    $5,213    $16,594     $18,641</p>
<p> Operating loss     ( 2,334)  ( 2,771)  B( 6,894)  A( 14,221)</p>
<p> Net loss	     ( 1,949)  ( 2,645)  B( 5,498)  A( 13,869)</p>
<p> Loss per share	( 0.11)   ( 0.16)    ( 0.31)     ( 0.83)</p>
<p>A) Includes costs related to the unwinding of the Russian lottery project and a $4.2 million reserve recorded for costs associated with the proposed settlement of a shareholders' class action lawsuit.</p>
<p>B) Includes a $2.8 million reserve recorded against the United Kingdom lottery service project.</p>
<p>Full co name is International Lottery &amp; Totalizator Systems Inc.</p>
</text>
<copyright>(c) Reuters Limited 1997</copyright>
<metadata>
<codes class="bip:countries:1.0">
  <code code="USA">
    <editdetail attribution="Reuters BIP Coding Group" action="confirmed" date="1997-03-31"/>
  </code>
</codes>
<codes class="bip:industries:1.0">
  <code code="I33020">
    <editdetail attribution="Reuters BIP Coding Group" action="confirmed" date="1997-03-31"/>
  </code>
</codes>
<codes class="bip:topics:1.0">
  <code code="C15">
    <editdetail attribution="Reuters BIP Coding Group" action="confirmed" date="1997-03-31"/>
  </code>
  <code code="C151">
    <editdetail attribution="Reuters BIP Coding Group" action="confirmed" date="1997-03-31"/>
  </code>
  <code code="C1511">
    <editdetail attribution="Reuters BIP Coding Group" action="confirmed" date="1997-03-31"/>
  </code>
  <code code="CCAT">
    <editdetail attribution="Reuters BIP Coding Group" action="confirmed" date="1997-03-31"/>
  </code>
</codes>
<dc element="dc.date.created" value="1997-03-27"/>
<dc element="dc.publisher" value="Reuters Holdings Plc"/>
<dc element="dc.date.published" value="1997-03-31"/>
<dc element="dc.source" value="Reuters"/>
<dc element="dc.creator.location" value="CARLSBAD, Calif."/>
<dc element="dc.creator.location.country.name" value="USA"/>
<dc element="dc.source" value="Reuters"/>
</metadata>
</newsitem>
