<?xml version="1.0" encoding="iso-8859-1" ?>
<newsitem itemid="476264" id="root" date="1997-03-31" xml:lang="en">
<title>USA: Algos Pharmaceutical Corp Q4 full results.</title>
<headline>Algos Pharmaceutical Corp Q4 full results.</headline>
<dateline>NEPTUNE, N.J. 1997-03-31</dateline>
<text>
<p>Year ended December 31,			1996	    1995</p>
<p> Revenues				    $2,000,000		$0</p>
<p> Net loss				   (3,087,478)   (2,122,435)</p>
<p> Per share					 (0.23)	  (0.17)</p>
<p>Weighted average shares</p>
<p>  outstanding, as reported	     13,161,287    12,199,217</p>
<p> Fourth quarter ended December 31:	  1996	    1995</p>
<p> Revenues					 500,000		 0</p>
<p> Net loss				   (1,124,915)     (531,960)</p>
<p> Per share					 (0.07)	  (0.04)</p>
<p>Weighted average shares</p>
<p>  outstanding, as reported	     15,627,463    12,206,493</p>
<p>Balance Sheet data:</p>
<p> December 31:				     1996	    1995</p>
<p> Cash and equivalents		   $48,575,719    $3,707,100</p>
<p> Total assets				49,201,741     3,820,452</p>
<p> Stockholders' equity		    48,228,271     3,520,820</p>
<p>SOURCE  Algos Pharmaceutical</p>
<p>-- New York Newsdesk 212 859-1610</p>
</text>
<copyright>(c) Reuters Limited 1997</copyright>
<metadata>
<codes class="bip:countries:1.0">
  <code code="USA">
    <editdetail attribution="Reuters BIP Coding Group" action="confirmed" date="1997-03-31"/>
  </code>
</codes>
<codes class="bip:industries:1.0">
  <code code="I25700">
    <editdetail attribution="Reuters BIP Coding Group" action="confirmed" date="1997-03-31"/>
  </code>
</codes>
<codes class="bip:topics:1.0">
  <code code="C15">
    <editdetail attribution="Reuters BIP Coding Group" action="confirmed" date="1997-03-31"/>
  </code>
  <code code="C151">
    <editdetail attribution="Reuters BIP Coding Group" action="confirmed" date="1997-03-31"/>
  </code>
  <code code="C1511">
    <editdetail attribution="Reuters BIP Coding Group" action="confirmed" date="1997-03-31"/>
  </code>
  <code code="CCAT">
    <editdetail attribution="Reuters BIP Coding Group" action="confirmed" date="1997-03-31"/>
  </code>
</codes>
<dc element="dc.date.created" value="1997-03-31"/>
<dc element="dc.publisher" value="Reuters Holdings Plc"/>
<dc element="dc.date.published" value="1997-03-31"/>
<dc element="dc.source" value="Reuters"/>
<dc element="dc.creator.location" value="NEPTUNE, N.J."/>
<dc element="dc.creator.location.country.name" value="USA"/>
<dc element="dc.source" value="Reuters"/>
</metadata>
</newsitem>
