<?xml version="1.0" encoding="iso-8859-1" ?>
<newsitem itemid="476248" id="root" date="1997-03-31" xml:lang="en">
<title>USA: Pan Am Q4 net loss, oper revs of $10.2 mln.</title>
<headline>Pan Am Q4 net loss, oper revs of $10.2 mln.</headline>
<dateline>MIAMI 1997-03-31</dateline>
<text>
<p>Pan American World Airways on Monday said its fourth quarter operating revenues were $10.2 million and reported expenses of $24.9 million, resulting in a net loss of $14.7 million from start-up operations.</p>
<p>Pan Am said net loss was $27.5 million for the full year 1996, including about nine months of pre-flight activities.</p>
<p>The company did not provide year-ago comparisons, saying it began scheduled service on September 26 and such comparisons were therefore not applicable.  </p>
<p>The airline said its loss was consistent with expectations for the pre-start-up and launch periods and that passenger load factors have been rising since it started service.</p>
<p>It said its October load factor was 28.2 percent, its November load factor was 36.9 percent and in December, the load factor was 64.6 percent.</p>
<p>&quot;The very positive increase in load factor has continued in the first two months of 1997,&quot; the company said in a release, adding its January load factor was 64.8 percent and that its February load factors was 67.4 percent. It said it expects to report a March load factor of about 69 percent.</p>
</text>
<copyright>(c) Reuters Limited 1997</copyright>
<metadata>
<codes class="bip:countries:1.0">
  <code code="USA">
    <editdetail attribution="Reuters BIP Coding Group" action="confirmed" date="1997-03-31"/>
  </code>
</codes>
<codes class="bip:industries:1.0">
  <code code="I75000">
    <editdetail attribution="Reuters BIP Coding Group" action="confirmed" date="1997-03-31"/>
  </code>
</codes>
<codes class="bip:topics:1.0">
  <code code="C15">
    <editdetail attribution="Reuters BIP Coding Group" action="confirmed" date="1997-03-31"/>
  </code>
  <code code="C151">
    <editdetail attribution="Reuters BIP Coding Group" action="confirmed" date="1997-03-31"/>
  </code>
  <code code="C1511">
    <editdetail attribution="Reuters BIP Coding Group" action="confirmed" date="1997-03-31"/>
  </code>
  <code code="CCAT">
    <editdetail attribution="Reuters BIP Coding Group" action="confirmed" date="1997-03-31"/>
  </code>
</codes>
<dc element="dc.date.created" value="1997-03-31"/>
<dc element="dc.publisher" value="Reuters Holdings Plc"/>
<dc element="dc.date.published" value="1997-03-31"/>
<dc element="dc.source" value="Reuters"/>
<dc element="dc.creator.location" value="MIAMI"/>
<dc element="dc.creator.location.country.name" value="USA"/>
<dc element="dc.source" value="Reuters"/>
</metadata>
</newsitem>
