<?xml version="1.0" encoding="iso-8859-1" ?>
<newsitem itemid="476298" id="root" date="1997-03-31" xml:lang="en">
<title>USA: Hunter Aircraft names Townes president/COO.</title>
<headline>Hunter Aircraft names Townes president/COO.</headline>
<dateline>ALEXANDRIA, Va. 1997-03-31</dateline>
<text>
<p>Hunter Aircraft Corp said Monday it has appointed Stephen Townes as president, chief operating officer and director of the company.</p>
<p>Townes was previously a divisional president and vice chairman at a St. Louis-based aerospace company.</p>
<p>Townes succeeds Barry Meuse as presdident and chief operating officer, said the company. Meuse remains with the company as chairman and chief executive officer.</p>
<p>Hunter Aircraft Corp is an  aerospace services and specialty aircraft development/manufacturing company seeking sotck-leveraged acquisitions for new growth.</p>
</text>
<copyright>(c) Reuters Limited 1997</copyright>
<metadata>
<codes class="bip:countries:1.0">
  <code code="USA">
    <editdetail attribution="Reuters BIP Coding Group" action="confirmed" date="1997-03-31"/>
  </code>
</codes>
<codes class="bip:industries:1.0">
  <code code="I36400">
    <editdetail attribution="Reuters BIP Coding Group" action="confirmed" date="1997-03-31"/>
  </code>
  <code code="I3640010">
    <editdetail attribution="Reuters BIP Coding Group" action="confirmed" date="1997-03-31"/>
  </code>
</codes>
<codes class="bip:topics:1.0">
  <code code="C41">
    <editdetail attribution="Reuters BIP Coding Group" action="confirmed" date="1997-03-31"/>
  </code>
  <code code="C411">
    <editdetail attribution="Reuters BIP Coding Group" action="confirmed" date="1997-03-31"/>
  </code>
  <code code="CCAT">
    <editdetail attribution="Reuters BIP Coding Group" action="confirmed" date="1997-03-31"/>
  </code>
</codes>
<dc element="dc.date.created" value="1997-03-31"/>
<dc element="dc.publisher" value="Reuters Holdings Plc"/>
<dc element="dc.date.published" value="1997-03-31"/>
<dc element="dc.source" value="Reuters"/>
<dc element="dc.creator.location" value="ALEXANDRIA, Va."/>
<dc element="dc.creator.location.country.name" value="USA"/>
<dc element="dc.source" value="Reuters"/>
</metadata>
</newsitem>
