<?xml version="1.0" encoding="iso-8859-1" ?>
<newsitem itemid="476250" id="root" date="1997-03-31" xml:lang="en">
<title>USA: Richmond Fed says local labor mart unusually tight.</title>
<headline>Richmond Fed says local labor mart unusually tight.</headline>
<byline>Jose Paulo Vicente</byline>
<dateline>NEW YORK 1997-03-31</dateline>
<text>
<p>The Federal Reserve Bank of Richmond has detected unusually tight labor market conditions in its region, which has been viewed as a concern by local businesses, a Richmond Fed economist said.</p>
<p>&quot;I think the single biggest cause for concern here would be the unusually tight labor markets,&quot; Richmond Fed economist Raymond Owens told Reuters.</p>
<p>&quot;We hear quite a few comments from businessmen, and certainly those comments indicate that exceedingly tight labor markets are their single biggest concern,&quot; Owens added.  </p>
<p>Owens said economic growth in the region seemed to be running at a solid pace, while recent weakeness in some specific parts of the district's manufacturing sectors appeared to be nearing an end.</p>
<p>&quot;In the manufacturing sector, those key components where weakness has been -- apparel, textile, and furniture -- perhaps is coming to an end now,&quot; he said.</p>
<p>&quot;Layoffs appear to be trailing off in those particular manufacturing sectors ... And it does appear that these manufacturing sectors are perhaps headed for a brighter future than they've experienced,&quot; he added.  </p>
<p>The economist said the phenomenon was particularly apparent in North and South Carolina.</p>
<p>The Federal Reserve Bank of Richmond covers the country's fifth economic region, which includes the District of Columbia, Maryland, North Carolina, South Carolina, Virginia and most of West Virginia.</p>
<p>Owens also said some isolated wage pressures seemed to be on the horizon. &quot;We do look at some pressures perhaps isolated at this point of rising wages,&quot; the Richmond Fed economist said.</p>
<p>He said it was still hard to tell whether the incipient signs of wage pressures would lead to a pick up in wages in the near future, but he stressed that &quot;certainly (labor) markets in our district do remain quite tight.&quot;</p>
<p>The economist added that the Richmond Fed had received numerous comments from local employers, saying wages have been moving up, particularly for two groups -- highly skilled workers, especially those with computer knowledge, and also unskilled workers.</p>
</text>
<copyright>(c) Reuters Limited 1997</copyright>
<metadata>
<codes class="bip:countries:1.0">
  <code code="USA">
    <editdetail attribution="Reuters BIP Coding Group" action="confirmed" date="1997-03-31"/>
  </code>
</codes>
<codes class="bip:topics:1.0">
  <code code="E12">
    <editdetail attribution="Reuters BIP Coding Group" action="confirmed" date="1997-03-31"/>
  </code>
  <code code="E41">
    <editdetail attribution="Reuters BIP Coding Group" action="confirmed" date="1997-03-31"/>
  </code>
  <code code="ECAT">
    <editdetail attribution="Reuters BIP Coding Group" action="confirmed" date="1997-03-31"/>
  </code>
  <code code="GCAT">
    <editdetail attribution="Reuters BIP Coding Group" action="confirmed" date="1997-03-31"/>
  </code>
  <code code="GJOB">
    <editdetail attribution="Reuters BIP Coding Group" action="confirmed" date="1997-03-31"/>
  </code>
</codes>
<dc element="dc.date.created" value="1997-03-31"/>
<dc element="dc.publisher" value="Reuters Holdings Plc"/>
<dc element="dc.date.published" value="1997-03-31"/>
<dc element="dc.source" value="Reuters"/>
<dc element="dc.creator.location" value="NEW YORK"/>
<dc element="dc.creator.location.country.name" value="USA"/>
<dc element="dc.source" value="Reuters"/>
</metadata>
</newsitem>
