<?xml version="1.0" encoding="iso-8859-1" ?>
<newsitem itemid="476299" id="root" date="1997-03-31" xml:lang="en">
<title>USA: Belmont Homes revises 1996 year earnings.</title>
<headline>Belmont Homes revises 1996 year earnings.</headline>
<dateline>BELMONT, Miss. 1997-03-31</dateline>
<text>
<p>Belmont Homes said Monday it was revising its earnings report of February 13, 1997, for the full year 1996.</p>
<p>Belmont said its actual net income for the year was $12.1 million, or $1.29 per share, instead of $12.2 million, or $1.30 a share, as reported originally.</p>
<p>The company said the revision followed from an additional $82,000 of income tax expense for the period and a $56,000 correction for subsidiary consolidations.</p>
</text>
<copyright>(c) Reuters Limited 1997</copyright>
<metadata>
<codes class="bip:countries:1.0">
  <code code="USA">
    <editdetail attribution="Reuters BIP Coding Group" action="confirmed" date="1997-03-31"/>
  </code>
</codes>
<codes class="bip:industries:1.0">
  <code code="I85000">
    <editdetail attribution="Reuters BIP Coding Group" action="confirmed" date="1997-03-31"/>
  </code>
  <code code="I8500031">
    <editdetail attribution="Reuters BIP Coding Group" action="confirmed" date="1997-03-31"/>
  </code>
</codes>
<codes class="bip:topics:1.0">
  <code code="C15">
    <editdetail attribution="Reuters BIP Coding Group" action="confirmed" date="1997-03-31"/>
  </code>
  <code code="C151">
    <editdetail attribution="Reuters BIP Coding Group" action="confirmed" date="1997-03-31"/>
  </code>
  <code code="C1511">
    <editdetail attribution="Reuters BIP Coding Group" action="confirmed" date="1997-03-31"/>
  </code>
  <code code="CCAT">
    <editdetail attribution="Reuters BIP Coding Group" action="confirmed" date="1997-03-31"/>
  </code>
</codes>
<dc element="dc.date.created" value="1997-03-31"/>
<dc element="dc.publisher" value="Reuters Holdings Plc"/>
<dc element="dc.date.published" value="1997-03-31"/>
<dc element="dc.source" value="Reuters"/>
<dc element="dc.creator.location" value="BELMONT, Miss."/>
<dc element="dc.creator.location.country.name" value="USA"/>
<dc element="dc.source" value="Reuters"/>
</metadata>
</newsitem>
