<?xml version="1.0" encoding="iso-8859-1" ?>
<newsitem itemid="476287" id="root" date="1997-03-31" xml:lang="en">
<title>USA: U.S. mortgage-backeds inch higher, spreads idle.</title>
<headline>U.S. mortgage-backeds inch higher, spreads idle.</headline>
<dateline>NEW YORK 1997-03-31</dateline>
<text>
<p>U.S. mortgage-backed securities were slightly higher with Treasuries for most of a quiet session, following a long Easter holiday weekend.</p>
<p>Overall yield spreads to Treasuries remained largely unchanged, traders said.</p>
<p>&quot;It's very quiet,&quot; one trader in New York said. &quot;Everything is pretty much unchanged. If anything, (spreads) are a little bit on the tight side right now,&quot; he said.</p>
<p>By late afternoon, pass-through prices were flat to 2/32 higher overall, while comparable Treasuries were unchanged to 2/32 higher.  </p>
<p>No major bid lists were spotted in the market, traders said.</p>
<p>In key coupons, Ginnie Mae 30-year 8.0 percent coupons inched 1/32 higher at 100-15/32 bid, yielding 119 basis points over the five-year Treasury note.</p>
<p>Comparable Fannie Mae and Freddie Mac issues were 1/32 higher as well, at 100-15/32 and 100-21/32, respectively.</p>
<p>The five-year Treasury note was up 2/32 at 99-13/32 to yield 6.77 percent, while the 10-year Treasury note was up flat to yield 6.91 percent.</p>
<p>(( -- Jeff Coelho, 212-859-1660 ))</p>
</text>
<copyright>(c) Reuters Limited 1997</copyright>
<metadata>
<codes class="bip:countries:1.0">
  <code code="USA">
    <editdetail attribution="Reuters BIP Coding Group" action="confirmed" date="1997-03-31"/>
  </code>
</codes>
<codes class="bip:topics:1.0">
  <code code="M12">
    <editdetail attribution="Reuters BIP Coding Group" action="confirmed" date="1997-03-31"/>
  </code>
  <code code="MCAT">
    <editdetail attribution="Reuters BIP Coding Group" action="confirmed" date="1997-03-31"/>
  </code>
</codes>
<dc element="dc.date.created" value="1997-03-31"/>
<dc element="dc.publisher" value="Reuters Holdings Plc"/>
<dc element="dc.date.published" value="1997-03-31"/>
<dc element="dc.source" value="Reuters"/>
<dc element="dc.creator.location" value="NEW YORK"/>
<dc element="dc.creator.location.country.name" value="USA"/>
<dc element="dc.source" value="Reuters"/>
</metadata>
</newsitem>
