<?xml version="1.0" encoding="iso-8859-1" ?>
<newsitem itemid="476262" id="root" date="1997-03-31" xml:lang="en">
<title>USA: Hallwood Group Q4 shr profit vs loss.</title>
<headline>Hallwood Group Q4 shr profit vs loss.</headline>
<dateline>DALLAS 1997-03-31</dateline>
<text>
<p>1996			1995</p>
<p> Shr profit	$2.53	    loss  $1.79</p>
<p> Net profit	3,319	    loss  2,367</p>
<p> Revs		27,971		   23,468</p>
<p> Avg shrs	  1,314		    1,331</p>
<p>	  12 MONTHS</p>
<p> Shr profit	$4.87	     loss $2.25</p>
<p> Net profit	6,523	     loss 3,209</p>
<p> Revs		15,401		   111,327</p>
<p> Avg shrs	  1,329		    1,354</p>
<p>(All data above 000s except per share numbers)</p>
<p>NOTE: 1996 Q4 and full-year results include tax benefits of $5.1 million and 44.5 million, respectively.</p>
</text>
<copyright>(c) Reuters Limited 1997</copyright>
<metadata>
<codes class="bip:countries:1.0">
  <code code="USA">
    <editdetail attribution="Reuters BIP Coding Group" action="confirmed" date="1997-03-31"/>
  </code>
</codes>
<codes class="bip:industries:1.0">
  <code code="I85000">
    <editdetail attribution="Reuters BIP Coding Group" action="confirmed" date="1997-03-31"/>
  </code>
</codes>
<codes class="bip:topics:1.0">
  <code code="C15">
    <editdetail attribution="Reuters BIP Coding Group" action="confirmed" date="1997-03-31"/>
  </code>
  <code code="C151">
    <editdetail attribution="Reuters BIP Coding Group" action="confirmed" date="1997-03-31"/>
  </code>
  <code code="C1511">
    <editdetail attribution="Reuters BIP Coding Group" action="confirmed" date="1997-03-31"/>
  </code>
  <code code="CCAT">
    <editdetail attribution="Reuters BIP Coding Group" action="confirmed" date="1997-03-31"/>
  </code>
</codes>
<dc element="dc.date.created" value="1997-03-31"/>
<dc element="dc.publisher" value="Reuters Holdings Plc"/>
<dc element="dc.date.published" value="1997-03-31"/>
<dc element="dc.source" value="Reuters"/>
<dc element="dc.creator.location" value="DALLAS"/>
<dc element="dc.creator.location.country.name" value="USA"/>
<dc element="dc.source" value="Reuters"/>
</metadata>
</newsitem>
