<?xml version="1.0" encoding="iso-8859-1" ?>
<newsitem itemid="476208" id="root" date="1997-03-31" xml:lang="en">
<title>USA: Government to host auction for nationwide radio.</title>
<headline>Government to host auction for nationwide radio.</headline>
<byline>Roger Fillion</byline>
<dateline>WASHINGTON 1997-03-31</dateline>
<text>
<p>Regulators will host an auction Tuesday that supporters promise will usher in a new breed of nationwide radio service but critics charge may cost U.S. taxpayers millions of dollars in lost revenue.</p>
<p>Up for grabs are two licenses to provide radio programming that will be beamed coast-to-coast via satellite. Digital radio will offer listeners CD-quality sound and specialized programming that can be tuned in anywhere in the nation.</p>
<p>&quot;Americans will be able to travel anywhere in the country, including remote rural areas where radio reception is poor, and enjoy the same high-quality audio and wide selection of programs the entire trip,&quot; said William Caldwell, president of Seattle-based Digital Satellite Broadcasting Corp., one of the bidders at the Federal Communications Commission sale.</p>
<p>The FCC resolved a long-standing dispute among its four commissioners in early March by limiting the auction to the four companies that had applied by the end of 1992 to offer digital radio.</p>
<p>Two of the commissioners -- Chairman Reed Hundt and Susan Ness -- favored opening the sale to any company wanting to bid. But in the end they agreed reluctantly to limit the auction so the launch of digital radio would not be delayed further.</p>
<p>&quot;The decision to keep the auction door closed may needlessly cost the public millions of dollars,&quot; Hundt said when the agency announced its decision.</p>
<p>Hundt said that if other companies value the digital radio airwaves but are &quot;arbitrarily excluded from the auction, it is safe to predict that the auction winners will simply sell their licenses to those companies.&quot;</p>
<p>Aside from DBSC, the other three bidders are: CD Radio Inc. of Washington, D.C.; American Mobile Radio Corp., a unit of American Mobile Satellite Corp. of Reston, Va.; and Primosphere LP of New York.</p>
<p>Commissioner Rachelle Chong contended that opening the bidding would have been unfair to the four.</p>
<p>&quot;These applicants have been ready and willing to move forward for some time. The have expended considerable rsources in developing this technology,&quot; she said, adding that the first application was filed seven years ago.</p>
<p>Digital radio is unlikely to be on the air for at least three years -- if not longer -- owing to the time it takes to get satellites built and deployed into orbit.</p>
<p>The service will probably be subscription-based, with an expected cost of about $10 a month. Listeners will have to buy a special radio receiver that will cost about $200, on top of the price of a regular radio.</p>
<p>The credit-card sized satellite antenna could be installed in cars, trucks and homes.</p>
<p>If it wins a license, DBSC plans to deliver regional programming throughout the country. It would offer, among other things, children's programming, foreign-language, classical music, opera, all-news, all-sport and educational programs to targeted demographic groups.</p>
<p>The programming would be offered as an advertising-supported service and as a commercial-free subscription service.</p>
</text>
<copyright>(c) Reuters Limited 1997</copyright>
<metadata>
<codes class="bip:countries:1.0">
  <code code="USA">
    <editdetail attribution="Reuters BIP Coding Group" action="confirmed" date="1997-03-31"/>
  </code>
</codes>
<codes class="bip:industries:1.0">
  <code code="I9741105">
    <editdetail attribution="Reuters BIP Coding Group" action="confirmed" date="1997-03-31"/>
  </code>
</codes>
<codes class="bip:topics:1.0">
  <code code="C13">
    <editdetail attribution="Reuters BIP Coding Group" action="confirmed" date="1997-03-31"/>
  </code>
  <code code="C24">
    <editdetail attribution="Reuters BIP Coding Group" action="confirmed" date="1997-03-31"/>
  </code>
  <code code="C33">
    <editdetail attribution="Reuters BIP Coding Group" action="confirmed" date="1997-03-31"/>
  </code>
  <code code="CCAT">
    <editdetail attribution="Reuters BIP Coding Group" action="confirmed" date="1997-03-31"/>
  </code>
</codes>
<dc element="dc.date.created" value="1997-03-31"/>
<dc element="dc.publisher" value="Reuters Holdings Plc"/>
<dc element="dc.date.published" value="1997-03-31"/>
<dc element="dc.source" value="Reuters"/>
<dc element="dc.creator.location" value="WASHINGTON"/>
<dc element="dc.creator.location.country.name" value="USA"/>
<dc element="dc.source" value="Reuters"/>
</metadata>
</newsitem>
