<?xml version="1.0" encoding="iso-8859-1" ?>
<newsitem itemid="476202" id="root" date="1997-03-31" xml:lang="en">
<title>USA: DLJ says Comcast Cellular debt deal not postponed.</title>
<headline>DLJ says Comcast Cellular debt deal not postponed.</headline>
<dateline>NEW YORK 1997-03-31</dateline>
<text>
<p>Donaldson, Lufkin &amp; Jenrette syndicate officials on Monday denied rumors a planned $900 million high-yield debt offering from Comcast Corp unit Comcast Cellular Holdings Inc had been postponed.</p>
<p>However, other buy- and sell-side sources indicated the issue has been postponed for two weeks. Sources speculated the current deterioration in high-yield prices prompted the move.</p>
<p>The roadshow for the deal was said slated to begin on April 2, according to market sources.</p>
<p>Comcast did not immediately return a telephone call.</p>
<p>Further information from DLJ was not available.</p>
<p>((U.S. corporate bond unit, 212-859-1672))</p>
</text>
<copyright>(c) Reuters Limited 1997</copyright>
<metadata>
<codes class="bip:countries:1.0">
  <code code="USA">
    <editdetail attribution="Reuters BIP Coding Group" action="confirmed" date="1997-03-31"/>
  </code>
</codes>
<codes class="bip:industries:1.0">
  <code code="I97400">
    <editdetail attribution="Reuters BIP Coding Group" action="confirmed" date="1997-03-31"/>
  </code>
</codes>
<codes class="bip:topics:1.0">
  <code code="C17">
    <editdetail attribution="Reuters BIP Coding Group" action="confirmed" date="1997-03-31"/>
  </code>
  <code code="C172">
    <editdetail attribution="Reuters BIP Coding Group" action="confirmed" date="1997-03-31"/>
  </code>
  <code code="CCAT">
    <editdetail attribution="Reuters BIP Coding Group" action="confirmed" date="1997-03-31"/>
  </code>
</codes>
<dc element="dc.date.created" value="1997-03-31"/>
<dc element="dc.publisher" value="Reuters Holdings Plc"/>
<dc element="dc.date.published" value="1997-03-31"/>
<dc element="dc.source" value="Reuters"/>
<dc element="dc.creator.location" value="NEW YORK"/>
<dc element="dc.creator.location.country.name" value="USA"/>
<dc element="dc.source" value="Reuters"/>
</metadata>
</newsitem>
