<?xml version="1.0" encoding="iso-8859-1" ?>
<newsitem itemid="476220" id="root" date="1997-03-31" xml:lang="en">
<title>USA: Leslie Fay Cos Inc Q4 loss widens.</title>
<headline>Leslie Fay Cos Inc Q4 loss widens.</headline>
<dateline>NEW YORK 1997-03-31</dateline>
<text>
<p>(In thousands, except per share data)</p>
<p>			Fifty-Two Weeks Ended  Thirteen Weeks Ended</p>
<p>				Dec 28    Dec 30     Dec 28,   Dec 30</p>
<p>				  1996	1995	 1996	1995</p>
<p>Statement of</p>
<p>Operations Data</p>
<p> Net Sales		$429,676  $442,084     $90,266  $77,869</p>
<p>Operating Income</p>
<p>  (loss)		    17,965     1,235     (2,138)  (3,622)</p>
<p>Interest and</p>
<p>  Financing Costs	  3,932     3,262	 1,096	689</p>
<p> Net Income (Loss)	 9,728  (17,841)     (4,340)  (3,155)</p>
<p>Net Income (Loss) Per</p>
<p>  Share of Common Stock   0.52   ( 0.95)     ( 0.23)  ( 0.17)</p>
<p>Weighted Average</p>
<p>Common Shares</p>
<p>  Outstanding	     18,771    18,771	18,771   18,771</p>
<p>						Dec 28		Dec 30</p>
<p>						  1996		 1995</p>
<p>Balance Sheet Data:</p>
<p> Total Assets			   $237,661	    $245,980</p>
<p> Total Liabilities		     383,138	     401,888</p>
<p> Stockholders' Deficit	     (145,477)	   (155,908)</p>
<p>-- New York Newsdesk 212 859-1610</p>
</text>
<copyright>(c) Reuters Limited 1997</copyright>
<metadata>
<codes class="bip:countries:1.0">
  <code code="USA">
    <editdetail attribution="Reuters BIP Coding Group" action="confirmed" date="1997-03-31"/>
  </code>
</codes>
<codes class="bip:industries:1.0">
  <code code="I45300">
    <editdetail attribution="Reuters BIP Coding Group" action="confirmed" date="1997-03-31"/>
  </code>
</codes>
<codes class="bip:topics:1.0">
  <code code="C15">
    <editdetail attribution="Reuters BIP Coding Group" action="confirmed" date="1997-03-31"/>
  </code>
  <code code="C151">
    <editdetail attribution="Reuters BIP Coding Group" action="confirmed" date="1997-03-31"/>
  </code>
  <code code="C1511">
    <editdetail attribution="Reuters BIP Coding Group" action="confirmed" date="1997-03-31"/>
  </code>
  <code code="CCAT">
    <editdetail attribution="Reuters BIP Coding Group" action="confirmed" date="1997-03-31"/>
  </code>
</codes>
<dc element="dc.date.created" value="1997-03-31"/>
<dc element="dc.publisher" value="Reuters Holdings Plc"/>
<dc element="dc.date.published" value="1997-03-31"/>
<dc element="dc.source" value="Reuters"/>
<dc element="dc.creator.location" value="NEW YORK"/>
<dc element="dc.creator.location.country.name" value="USA"/>
<dc element="dc.source" value="Reuters"/>
</metadata>
</newsitem>
