<?xml version="1.0" encoding="iso-8859-1" ?>
<newsitem itemid="476205" id="root" date="1997-03-31" xml:lang="en">
<title>USA: Children's Broadcasting Corp Q4 loss.</title>
<headline>Children's Broadcasting Corp Q4 loss.</headline>
<dateline>MINNEAPOLIS 1997-03-31</dateline>
<text>
<p>Three Months Ended    Twelve Months Ended</p>
<p>			    December 31		December 31</p>
<p>			     1996	1995	  1996	 1995</p>
<p>Total Revenues  $1,722,427 $1,221,990  $5,654,938 $5,106,545</p>
<p>Operating Expenses</p>
<p>			4,671,581  2,530,153  15,123,949 10,006,059</p>
<p>Loss From Operations</p>
<p>		   (2,949,154) (1,308,163) (9,469,011)(4,899,514)</p>
<p>Interest Income</p>
<p>  (Expense), Net  (236,945)  (248,580)   (398,868)(1,208,263)</p>
<p>Net Loss</p>
<p>		 ( 3,186,099)($1,556,743) (9,867,879) (6,107,777)</p>
<p>Net Loss Per Share</p>
<p>			  ( 0.67)    ( 0.55)	(1.99)     (2.22)</p>
<p>Weighted Average</p>
<p>Common and Common</p>
<p>Equivalent Shares</p>
<p>  Outstanding     5,149,000  2,815,500   5,149,000  2,815,500</p>
<p>	  ((Reuters Chicago Newsdesk (312) 408-8787))</p>
</text>
<copyright>(c) Reuters Limited 1997</copyright>
<metadata>
<codes class="bip:countries:1.0">
  <code code="USA">
    <editdetail attribution="Reuters BIP Coding Group" action="confirmed" date="1997-03-31"/>
  </code>
</codes>
<codes class="bip:industries:1.0">
  <code code="I97400">
    <editdetail attribution="Reuters BIP Coding Group" action="confirmed" date="1997-03-31"/>
  </code>
</codes>
<codes class="bip:topics:1.0">
  <code code="C15">
    <editdetail attribution="Reuters BIP Coding Group" action="confirmed" date="1997-03-31"/>
  </code>
  <code code="C151">
    <editdetail attribution="Reuters BIP Coding Group" action="confirmed" date="1997-03-31"/>
  </code>
  <code code="C1511">
    <editdetail attribution="Reuters BIP Coding Group" action="confirmed" date="1997-03-31"/>
  </code>
  <code code="CCAT">
    <editdetail attribution="Reuters BIP Coding Group" action="confirmed" date="1997-03-31"/>
  </code>
</codes>
<dc element="dc.date.created" value="1997-03-31"/>
<dc element="dc.publisher" value="Reuters Holdings Plc"/>
<dc element="dc.date.published" value="1997-03-31"/>
<dc element="dc.source" value="Reuters"/>
<dc element="dc.creator.location" value="MINNEAPOLIS"/>
<dc element="dc.creator.location.country.name" value="USA"/>
<dc element="dc.source" value="Reuters"/>
</metadata>
</newsitem>
