<?xml version="1.0" encoding="iso-8859-1" ?>
<newsitem itemid="476230" id="root" date="1997-03-31" xml:lang="en">
<title>USA: Nasdaq suffers further losses, drops 2.22 pct.</title>
<headline>Nasdaq suffers further losses, drops 2.22 pct.</headline>
<dateline>NEW YORK 1997-03-31</dateline>
<text>
<p>Interest rate fears continued to batter stocks, pushing Nasdaq shares down to their lowest level since November 4.</p>
<p>The Nasdaq Composite Index dropped 27.79 points or 2.22 percent to 1221.72. Declining issues doubled the number of gainers on total volume of almost 593 million. The Dow industrials fell 157 points to 6583.</p>
<p>&quot;Everything was down across the board. It's just the continuation of the weakness we've been seeing lately,&quot; said Patrick Davis, head of over-the-counter trading at Salomon Brothers.</p>
<p>&quot;Investors are reluctant to jump in and buy with interest rate fears looming ahead. Many are staying on the sidelines waiting for more direction on where things are likely to go,&quot; one trader said.</p>
<p>Ascend Communications Inc led the Nasdaq decline, falling 11-1/4 to 40-3/4 after it agreed to acquire Cascade Communications Corp in a stock deal valued at about $3.7 billion. Cascade fell 2 to 26-3/8.</p>
<p>Alkermes Inc dropped 6-1/4 to 14 after it said a clinical trial fell short of expectations. Shiva Corp also slipped about 25 percent after an earnings warning.</p>
</text>
<copyright>(c) Reuters Limited 1997</copyright>
<metadata>
<codes class="bip:countries:1.0">
  <code code="USA">
    <editdetail attribution="Reuters BIP Coding Group" action="confirmed" date="1997-03-31"/>
  </code>
</codes>
<codes class="bip:topics:1.0">
  <code code="M11">
    <editdetail attribution="Reuters BIP Coding Group" action="confirmed" date="1997-03-31"/>
  </code>
  <code code="MCAT">
    <editdetail attribution="Reuters BIP Coding Group" action="confirmed" date="1997-03-31"/>
  </code>
</codes>
<dc element="dc.date.created" value="1997-03-31"/>
<dc element="dc.publisher" value="Reuters Holdings Plc"/>
<dc element="dc.date.published" value="1997-03-31"/>
<dc element="dc.source" value="Reuters"/>
<dc element="dc.creator.location" value="NEW YORK"/>
<dc element="dc.creator.location.country.name" value="USA"/>
<dc element="dc.source" value="Reuters"/>
</metadata>
</newsitem>
