<?xml version="1.0" encoding="iso-8859-1" ?>
<newsitem itemid="476260" id="root" date="1997-03-31" xml:lang="en">
<title>USA: Coram eases after Integrated deal terms cut.</title>
<headline>Coram eases after Integrated deal terms cut.</headline>
<dateline>NEW YORK 1997-03-31</dateline>
<text>
<p>Coram Healthcare Corp stock fell Monday after the company said its merger partner Integrated Health Services Inc lowered the amount it will pay for Coram, traders said.</p>
<p>In afternoon New York Stock Exchange trade, Coram shares were off 3.12 percent, or 1/8, to 3-7/8 in above-average trading volume, while Integrated shares gained 0.9 percent, or 1/4, to 29-1/4.  </p>
<p>The companies said the share-exchange ratio in their five-month-old agreement was amended to 0.15 Integrated common shares for each Coram common share from 0.2111 shares.</p>
<p>Integrated Health said Monday that based on the closing price of its stock on the last business day before execution of the new terms, it would be paying $4.35 per Coram share.</p>
<p>When the merger was first announced last October, it said Coram holders would get about $5.50 worth of Integrated stock for each Coram share under the previous, fixed ratio.  </p>
<p>The deal then was worth $655 million, $280 million of that contained in the equity part of the transaction and the balance in the assumption of Coram debt and other financial obligations.</p>
<p>A Coram spokesman said the new terms were negotiated in response to the &quot;overall pressure on the IV (intravenous) therapy industry.  Coram has been given more certainty of the merger closing by virtue of the $25 million breakup fee&quot; contained in the new terms that go into effect this Friday.  </p>
<p>Joel Ray, analyst at Wheat First Butcher Singer, said &quot;The stated reason (for the change in the terms) is the weakness in the sector in general.  It has caused a little consternation on the part of IHS.  They renegotiated the terms down about 30 percent on the stock side.  The same amount of debt is being assumed.&quot;</p>
<p>&quot;We have been recommending Integrated Health,&quot; Ray said. &quot;The transaction makes a lot of sense for the intermediate- and long-run.  I still like the deal.&quot;</p>
<p>Coram also announced this morning a fourth quarter loss of $0.75 per share, or $31.6 million, including a $15.1 million provision for settlement of a shareholder lawsuit, versus a year-ago loss of $0.45 per share, or $17.6 million.</p>
<p>Revenues for the three months ended December 31 fell to $126 million from $153.7 million, Coram said.</p>
<p>((--Brendan Intindola, Wall Street Desk, 212-859-1734))</p>
</text>
<copyright>(c) Reuters Limited 1997</copyright>
<metadata>
<codes class="bip:countries:1.0">
  <code code="USA">
    <editdetail attribution="Reuters BIP Coding Group" action="confirmed" date="1997-03-31"/>
  </code>
</codes>
<codes class="bip:industries:1.0">
  <code code="I95100">
    <editdetail attribution="Reuters BIP Coding Group" action="confirmed" date="1997-03-31"/>
  </code>
</codes>
<codes class="bip:topics:1.0">
  <code code="C15">
    <editdetail attribution="Reuters BIP Coding Group" action="confirmed" date="1997-03-31"/>
  </code>
  <code code="C152">
    <editdetail attribution="Reuters BIP Coding Group" action="confirmed" date="1997-03-31"/>
  </code>
  <code code="C18">
    <editdetail attribution="Reuters BIP Coding Group" action="confirmed" date="1997-03-31"/>
  </code>
  <code code="C181">
    <editdetail attribution="Reuters BIP Coding Group" action="confirmed" date="1997-03-31"/>
  </code>
  <code code="CCAT">
    <editdetail attribution="Reuters BIP Coding Group" action="confirmed" date="1997-03-31"/>
  </code>
</codes>
<dc element="dc.date.created" value="1997-03-31"/>
<dc element="dc.publisher" value="Reuters Holdings Plc"/>
<dc element="dc.date.published" value="1997-03-31"/>
<dc element="dc.source" value="Reuters"/>
<dc element="dc.creator.location" value="NEW YORK"/>
<dc element="dc.creator.location.country.name" value="USA"/>
<dc element="dc.source" value="Reuters"/>
</metadata>
</newsitem>
