<?xml version="1.0" encoding="iso-8859-1" ?>
<newsitem itemid="476292" id="root" date="1997-03-31" xml:lang="en">
<title>USA: CSCE world sugar ends barely down in dull dealings.</title>
<headline>CSCE world sugar ends barely down in dull dealings.</headline>
<dateline>NEW YORK 1997-03-31</dateline>
<text>
<p>CSCE world sugar futures ended barely weaker after a late-session bout of commission house selling knocked prices below unchanged, dealers said.</p>
<p>Refiner pricing on a scale-down basis kept prices steady for most of the day, but speculative selling in the May/July spread and commission house selling in the May contract put pressure on the market.</p>
<p>&quot;It's time to roll,&quot; a trader said. &quot;People are getting the inclination to move positions before the crowd comes in.&quot;</p>
<p>He expects further liquidation on Tuesday, April 1. The last trading day for benchmark May is April 30.</p>
<p>LIFFE, closed for the Easter holiday, kept activity light, dealers said. But trade could remain rangebound and thin amid a dearth of fundamental news and a neutral technical outlook.</p>
<p>Volume was estimated at only 6,689 lots compared to Thursday's official 9,671 lots.</p>
<p>May closed 0.02 cent weaker at 10.79 cents per lb, having ranged from 10.87 to 10.78. The deferred contracts settled 0.02 and 0.01 weaker.</p>
<p>Support remained at 10.68 cents basis May and resistance at 11.09 cents.</p>
<p>Open interest in most-active May fell 1,259 lots to 58,654 lots as of Thursday's close.</p>
<p>((Suzanne Rostler, New York Commodity Desk, 212-859-1640))</p>
</text>
<copyright>(c) Reuters Limited 1997</copyright>
<metadata>
<codes class="bip:countries:1.0">
  <code code="USA">
    <editdetail attribution="Reuters BIP Coding Group" action="confirmed" date="1997-03-31"/>
  </code>
</codes>
<codes class="bip:topics:1.0">
  <code code="M14">
    <editdetail attribution="Reuters BIP Coding Group" action="confirmed" date="1997-03-31"/>
  </code>
  <code code="M141">
    <editdetail attribution="Reuters BIP Coding Group" action="confirmed" date="1997-03-31"/>
  </code>
  <code code="MCAT">
    <editdetail attribution="Reuters BIP Coding Group" action="confirmed" date="1997-03-31"/>
  </code>
</codes>
<dc element="dc.date.created" value="1997-03-31"/>
<dc element="dc.publisher" value="Reuters Holdings Plc"/>
<dc element="dc.date.published" value="1997-03-31"/>
<dc element="dc.source" value="Reuters"/>
<dc element="dc.creator.location" value="NEW YORK"/>
<dc element="dc.creator.location.country.name" value="USA"/>
<dc element="dc.source" value="Reuters"/>
</metadata>
</newsitem>
