<?xml version="1.0" encoding="iso-8859-1" ?>
<newsitem itemid="476223" id="root" date="1997-03-31" xml:lang="en">
<title>USA: NBC buys stake in Cablevision's Rainbow.</title>
<headline>NBC buys stake in Cablevision's Rainbow.</headline>
<dateline>NEW YORK 1997-03-31</dateline>
<text>
<p>General Electric Co's NBC television network said on Monday it has acquired a 25 percent equity interest in Cablevision Systems Corp's Rainbow Programming Holdings Inc, which gives it a stake in Madison Square Garden properties.</p>
<p>Terms of the agreement were not disclosed. The companies could not be reached immediately for comment.</p>
<p>The move came a week after reports that Cablevision was pursuing several debt-reduction plans, including lining up a strategic financial partner for all or part of its cable and programming operations.  </p>
<p>NBC already had a stake in Rainbow networks. The companies said that under certain unspecified circumstances, NBC's stake in Rainbow could grow to 27 percent.</p>
<p>Earlier this month, ITT Corp, which is fending off a hostile takeover bid from Hilton Hotels Corp, said it would sell its half interest in Madison Square Garden to Cablevision, its partner, for $650 million.</p>
<p>As a result of the deal between NBC and Rainbow, NBC would now have a stake in the Garden properties, which include MSG Network, the New York Knicks basketball team and the New York Rangers hockey team.  </p>
<p>NBC spokeswoman Lela Cocoros said later Monday that NBC did not have to spend any money to convert its stake in Rainbow networks, such as American Movie Classics and Bravo, to a 25 percent equity interest in the company.</p>
<p>&quot;No money has exchanged hands,&quot; Cocoros said.  </p>
<p>Rainbow President and Chief Executive Joshua Sapan said later Monday that although no money was involved in the deal, the partnership with NBC could &quot;clear the path&quot; for such arrangements in the future.</p>
<p>If Cablevision or Rainbow &quot;chose to take in a strategic partner, that's a simpler thing to accomplish&quot; under the new relationship, he said.</p>
</text>
<copyright>(c) Reuters Limited 1997</copyright>
<metadata>
<codes class="bip:countries:1.0">
  <code code="USA">
    <editdetail attribution="Reuters BIP Coding Group" action="confirmed" date="1997-03-31"/>
  </code>
</codes>
<codes class="bip:industries:1.0">
  <code code="I34000">
    <editdetail attribution="Reuters BIP Coding Group" action="confirmed" date="1997-03-31"/>
  </code>
  <code code="I66500">
    <editdetail attribution="Reuters BIP Coding Group" action="confirmed" date="1997-03-31"/>
  </code>
  <code code="I97400">
    <editdetail attribution="Reuters BIP Coding Group" action="confirmed" date="1997-03-31"/>
  </code>
  <code code="I9741109">
    <editdetail attribution="Reuters BIP Coding Group" action="confirmed" date="1997-03-31"/>
  </code>
</codes>
<codes class="bip:topics:1.0">
  <code code="C18">
    <editdetail attribution="Reuters BIP Coding Group" action="confirmed" date="1997-03-31"/>
  </code>
  <code code="C181">
    <editdetail attribution="Reuters BIP Coding Group" action="confirmed" date="1997-03-31"/>
  </code>
  <code code="CCAT">
    <editdetail attribution="Reuters BIP Coding Group" action="confirmed" date="1997-03-31"/>
  </code>
</codes>
<dc element="dc.date.created" value="1997-03-31"/>
<dc element="dc.publisher" value="Reuters Holdings Plc"/>
<dc element="dc.date.published" value="1997-03-31"/>
<dc element="dc.source" value="Reuters"/>
<dc element="dc.creator.location" value="NEW YORK"/>
<dc element="dc.creator.location.country.name" value="USA"/>
<dc element="dc.source" value="Reuters"/>
</metadata>
</newsitem>
