<?xml version="1.0" encoding="iso-8859-1" ?>
<newsitem itemid="476288" id="root" date="1997-03-31" xml:lang="en">
<title>USA: Avatar Holdings Q4 Dec 31 profit vs loss.</title>
<headline>Avatar Holdings Q4 Dec 31 profit vs loss.</headline>
<dateline>MIAMI 1997-03-31</dateline>
<text>
<p>1996			  1995</p>
<p> Shr profit		 $0.26     loss	 $0.54</p>
<p> Net profit		 2,238     loss	 4,895</p>
<p> Revs			49,192		   26,323</p>
<p> Avg shrs		     n/a			n/a</p>
<p>(All Data Above 000s Except Per Share Numbers)</p>
<p>					 12 MONTHS</p>
<p> Shr profit		 $0.11     loss	 $1.14</p>
<p> Net profit		 1,040     loss	10,339</p>
<p> Revs		     152,698		  102,165</p>
<p> Avg shrs		     n/a			n/a</p>
<p>(All Data Above 000s Except Per Share Numbers)</p>
</text>
<copyright>(c) Reuters Limited 1997</copyright>
<metadata>
<codes class="bip:countries:1.0">
  <code code="USA">
    <editdetail attribution="Reuters BIP Coding Group" action="confirmed" date="1997-03-31"/>
  </code>
</codes>
<codes class="bip:industries:1.0">
  <code code="I85000">
    <editdetail attribution="Reuters BIP Coding Group" action="confirmed" date="1997-03-31"/>
  </code>
</codes>
<codes class="bip:topics:1.0">
  <code code="C15">
    <editdetail attribution="Reuters BIP Coding Group" action="confirmed" date="1997-03-31"/>
  </code>
  <code code="C151">
    <editdetail attribution="Reuters BIP Coding Group" action="confirmed" date="1997-03-31"/>
  </code>
  <code code="C1511">
    <editdetail attribution="Reuters BIP Coding Group" action="confirmed" date="1997-03-31"/>
  </code>
  <code code="CCAT">
    <editdetail attribution="Reuters BIP Coding Group" action="confirmed" date="1997-03-31"/>
  </code>
</codes>
<dc element="dc.date.created" value="1997-03-31"/>
<dc element="dc.publisher" value="Reuters Holdings Plc"/>
<dc element="dc.date.published" value="1997-03-31"/>
<dc element="dc.source" value="Reuters"/>
<dc element="dc.creator.location" value="MIAMI"/>
<dc element="dc.creator.location.country.name" value="USA"/>
<dc element="dc.source" value="Reuters"/>
</metadata>
</newsitem>
