<?xml version="1.0" encoding="iso-8859-1" ?>
<newsitem itemid="476283" id="root" date="1997-03-31" xml:lang="en">
<title>USA: White House doubts Fed nominations this week.</title>
<headline>White House doubts Fed nominations this week.</headline>
<dateline>WASHINGTON 1997-03-31</dateline>
<text>
<p>White House spokesman Mike McCurry said on Monday he doubted there would be announcements this week on filling the two Federal Reserve Board vacancies.</p>
<p>After saying earlier on Monday that the White House was &quot;close&quot; to an announcement, McCurry was asked at his midday briefing if he expected one on Monday and replied: &quot;I don't expect it today, no. In fact, I doubt it will be this week.&quot;</p>
<p>Earlier on Monday, National Economic Council Chairman Gene Sperling also said the White House was &quot;close&quot; to wrapping the matter up but gave no further details.</p>
</text>
<copyright>(c) Reuters Limited 1997</copyright>
<metadata>
<codes class="bip:countries:1.0">
  <code code="USA">
    <editdetail attribution="Reuters BIP Coding Group" action="confirmed" date="1997-03-31"/>
  </code>
</codes>
<codes class="bip:industries:1.0">
  <code code="I81401">
    <editdetail attribution="Reuters BIP Coding Group" action="confirmed" date="1997-03-31"/>
  </code>
</codes>
<codes class="bip:topics:1.0">
  <code code="C41">
    <editdetail attribution="Reuters BIP Coding Group" action="confirmed" date="1997-03-31"/>
  </code>
  <code code="C411">
    <editdetail attribution="Reuters BIP Coding Group" action="confirmed" date="1997-03-31"/>
  </code>
  <code code="CCAT">
    <editdetail attribution="Reuters BIP Coding Group" action="confirmed" date="1997-03-31"/>
  </code>
  <code code="E12">
    <editdetail attribution="Reuters BIP Coding Group" action="confirmed" date="1997-03-31"/>
  </code>
  <code code="ECAT">
    <editdetail attribution="Reuters BIP Coding Group" action="confirmed" date="1997-03-31"/>
  </code>
  <code code="GCAT">
    <editdetail attribution="Reuters BIP Coding Group" action="confirmed" date="1997-03-31"/>
  </code>
  <code code="GPOL">
    <editdetail attribution="Reuters BIP Coding Group" action="confirmed" date="1997-03-31"/>
  </code>
</codes>
<dc element="dc.date.created" value="1997-03-31"/>
<dc element="dc.publisher" value="Reuters Holdings Plc"/>
<dc element="dc.date.published" value="1997-03-31"/>
<dc element="dc.source" value="Reuters"/>
<dc element="dc.creator.location" value="WASHINGTON"/>
<dc element="dc.creator.location.country.name" value="USA"/>
<dc element="dc.source" value="Reuters"/>
</metadata>
</newsitem>
