<?xml version="1.0" encoding="iso-8859-1" ?>
<newsitem itemid="476272" id="root" date="1997-03-31" xml:lang="en">
<title>USA: Telscape Intl Q4 full results.</title>
<headline>Telscape Intl Q4 full results.</headline>
<dateline>HOUSTON 1997-03-31</dateline>
<text>
<p>Telscape International Inc .</p>
<p>				Consolidated Statements of Loss</p>
<p>						   Years ended Dec. 31,</p>
<p>							1996	    1995</p>
<p> Revenues				   $ 5,705,313   $ 1,108,473</p>
<p> Cost of Revenues			   3,040,919	 619,431</p>
<p> Gross Profit				 2,664,394	 489,042</p>
<p>Selling, General and</p>
<p>  Administrative			    4,422,835     1,397,688</p>
<p> Operating Loss			   (1,758,441)     (908,646)</p>
<p> Other Income (Expense):		    113,402	 228,948</p>
<p> Loss before income tax benefit     (1,645,039)     (679,698)</p>
<p> Income tax benefit			    53,427		 0</p>
<p>Net Loss Before Minority Interests</p>
<p>						(1,591,612)     (679,698)</p>
<p> Minority Interests in Subsidiaries     (6,396)	   6,633</p>
<p> Net Loss				   (1,598,008)     (673,065)</p>
<p> Net Loss Per Common Share		   (0.51)	  (0.34)</p>
<p>Weighted Average Common and</p>
<p>Common Equivalent Shares</p>
<p>  Outstanding				 3,161,238     1,982,214</p>
<p> Dividends Paid Per Common Share		 --		--</p>
<p>-- New York Newsdesk 212 859-1610</p>
</text>
<copyright>(c) Reuters Limited 1997</copyright>
<metadata>
<codes class="bip:countries:1.0">
  <code code="USA">
    <editdetail attribution="Reuters BIP Coding Group" action="confirmed" date="1997-03-31"/>
  </code>
</codes>
<codes class="bip:industries:1.0">
  <code code="I34400">
    <editdetail attribution="Reuters BIP Coding Group" action="confirmed" date="1997-03-31"/>
  </code>
</codes>
<codes class="bip:topics:1.0">
  <code code="C15">
    <editdetail attribution="Reuters BIP Coding Group" action="confirmed" date="1997-03-31"/>
  </code>
  <code code="C151">
    <editdetail attribution="Reuters BIP Coding Group" action="confirmed" date="1997-03-31"/>
  </code>
  <code code="C1511">
    <editdetail attribution="Reuters BIP Coding Group" action="confirmed" date="1997-03-31"/>
  </code>
  <code code="CCAT">
    <editdetail attribution="Reuters BIP Coding Group" action="confirmed" date="1997-03-31"/>
  </code>
</codes>
<dc element="dc.date.created" value="1997-03-31"/>
<dc element="dc.publisher" value="Reuters Holdings Plc"/>
<dc element="dc.date.published" value="1997-03-31"/>
<dc element="dc.source" value="Reuters"/>
<dc element="dc.creator.location" value="HOUSTON"/>
<dc element="dc.creator.location.country.name" value="USA"/>
<dc element="dc.source" value="Reuters"/>
</metadata>
</newsitem>
