<?xml version="1.0" encoding="iso-8859-1" ?>
<newsitem itemid="476285" id="root" date="1997-03-31" xml:lang="en">
<title>USA: NYCE cotton ends weaker on USDA acreage survey.</title>
<headline>NYCE cotton ends weaker on USDA acreage survey.</headline>
<dateline>NEW YORK 1997-03-31</dateline>
<text>
<p>NYCE cotton futures closed sharply weaker on the U.S. Department of Agriculture's forecast for planted cotton area, market sources said.</p>
<p>The USDA put 1997 planted area at 14.48 million acres compared to expectations that ranged from 13.7 million to 14.3 million acres.</p>
<p>Growers planted 14.67 million acres in 1996.</p>
<p>The forecast prompted early fund and speculative selling which persisted throughout the day, traders said.</p>
<p>Benchmark May closed down 1.48 cents to settle at 71.35 cents per lb, having hit a fresh contract low of 71.05.</p>
<p>Second-position July also hit a contract low of 72.70, but new-crop December held above its contract low of 74.30 cents and settled at 75.35 cents, down 1.09.</p>
<p>Volume was estimated at 20,000 lots compared to Thursday's official 5,276 lots.</p>
<p>Despite the initial shock to the market, prices are not likely to remain sharply down in the near term. Analysts said the USDA typically reduces its estimate by the end of June, when the second acreage survey is released. Expectations for a reduction, they said, could provide support.</p>
<p>&quot;We still expect producers to change their plantings, particularly in the face of stronger corn and soybean prices,&quot; Carl Anderson, a cotton marketing specialist with Texas A &amp; M University, said.</p>
<p>He said that growers in Texas and Oklahoma, who said they would plant 2 percent more cotton in 1997 than in 1996 according to the survey, were encouraged by high yields in the previous crop.</p>
<p>The USDA's estimate put total cotton area only 1 percent less than in 1996, with the greatest losses expected in the Delta.</p>
<p>((Suzanne Rostler, New York Commodity Desk, 212-859-1640))</p>
</text>
<copyright>(c) Reuters Limited 1997</copyright>
<metadata>
<codes class="bip:countries:1.0">
  <code code="USA">
    <editdetail attribution="Reuters BIP Coding Group" action="confirmed" date="1997-03-31"/>
  </code>
</codes>
<codes class="bip:topics:1.0">
  <code code="M14">
    <editdetail attribution="Reuters BIP Coding Group" action="confirmed" date="1997-03-31"/>
  </code>
  <code code="M141">
    <editdetail attribution="Reuters BIP Coding Group" action="confirmed" date="1997-03-31"/>
  </code>
  <code code="MCAT">
    <editdetail attribution="Reuters BIP Coding Group" action="confirmed" date="1997-03-31"/>
  </code>
</codes>
<dc element="dc.date.created" value="1997-03-31"/>
<dc element="dc.publisher" value="Reuters Holdings Plc"/>
<dc element="dc.date.published" value="1997-03-31"/>
<dc element="dc.source" value="Reuters"/>
<dc element="dc.creator.location" value="NEW YORK"/>
<dc element="dc.creator.location.country.name" value="USA"/>
<dc element="dc.source" value="Reuters"/>
</metadata>
</newsitem>
