<?xml version="1.0" encoding="iso-8859-1" ?>
<newsitem itemid="476271" id="root" date="1997-03-31" xml:lang="en">
<title>USA: COMEX copper ends higher on light holiday volumes.</title>
<headline>COMEX copper ends higher on light holiday volumes.</headline>
<dateline>NEW YORK 1997-03-31</dateline>
<text>
<p>COMEX copper futures ended higher Monday, on light volumes, with the London Metal Exchange (LME) still closed for the Easter holidays and some New York metals trading desks still out also.</p>
<p>Both COMEX and the LME were also closed Friday.</p>
<p>COMEX May copper ended up 1.05 cents at 112.85 cents a pound, after trading a 111.30-113.20 cent range on estimated total COMEX copper volume of 7,000 lots.</p>
<p>&quot;The fundamentals still look good, but I'm not sure how long that's going to last with production expected to pick up later this year,&quot; one trader said.</p>
<p>Resistance is still seen around last week's high at 113.20 cents and the contract high at 114.50 cents seen on March 7, but the four-month old rally still looks to have some momentum, traders said.</p>
<p>The COMEX May/July spread remains firmly backwardated around 3.55 cents, while the COMEX/LME arbitrage remains in COMEX's favor by around 3.00 cents in the May contract.</p>
<p>The latest CFTC Commitment of Traders data for the period ended March 25, released late Friday, showed the funds remaining heavily net long by 12,339 contracts.</p>
<p>The low level of global refined copper stocks, representing only about three weeks of consumption, combined with potential labor unrest, at the Polish KGHM Polska Miedz operation and at the U.S. Phelps Dodge Chino mine, continued to support copper prices, traders said.</p>
<p>Better-than-expected activity in the U.S. housing and auto sectors in recent data suggests good gains in copper consumption in 1997, though a supply surplus is still expected later in the year, analysts said.</p>
<p>-email: clive.mckeef @ reuters.com</p>
<p>((Clive McKeef, New York Commodities Desk, +1-212-859-1641))</p>
</text>
<copyright>(c) Reuters Limited 1997</copyright>
<metadata>
<codes class="bip:countries:1.0">
  <code code="USA">
    <editdetail attribution="Reuters BIP Coding Group" action="confirmed" date="1997-03-31"/>
  </code>
</codes>
<codes class="bip:topics:1.0">
  <code code="M14">
    <editdetail attribution="Reuters BIP Coding Group" action="confirmed" date="1997-03-31"/>
  </code>
  <code code="M142">
    <editdetail attribution="Reuters BIP Coding Group" action="confirmed" date="1997-03-31"/>
  </code>
  <code code="MCAT">
    <editdetail attribution="Reuters BIP Coding Group" action="confirmed" date="1997-03-31"/>
  </code>
</codes>
<dc element="dc.date.created" value="1997-03-31"/>
<dc element="dc.publisher" value="Reuters Holdings Plc"/>
<dc element="dc.date.published" value="1997-03-31"/>
<dc element="dc.source" value="Reuters"/>
<dc element="dc.creator.location" value="NEW YORK"/>
<dc element="dc.creator.location.country.name" value="USA"/>
<dc element="dc.source" value="Reuters"/>
</metadata>
</newsitem>
