<?xml version="1.0" encoding="iso-8859-1" ?>
<newsitem itemid="476204" id="root" date="1997-03-31" xml:lang="en">
<title>USA: Claridge Hotel and Casino Corp 1996 net loss.</title>
<headline>Claridge Hotel and Casino Corp 1996 net loss.</headline>
<dateline>ATLANTIC CITY, N.J. 1997-03-31</dateline>
<text>
<p>(In thousands)	    (unaudited)</p>
<p>					  1996			   1995</p>
<p>Revenues:</p>
<p> Casino			    $163,369		    $169,607</p>
<p>Hotel, food, beverage</p>
<p>  and other			  13,935			16,546</p>
<p> Interest from the Partnership 16,007			17,195</p>
<p> Total net revenue		193,311		     203,348</p>
<p>Costs and expenses:</p>
<p> Casino			     100,220			92,571</p>
<p> Gaming taxes			13,053			13,583</p>
<p> Hotel, food, beverage, other  19,136			20,762</p>
<p> General and administrative    30,539			28,641</p>
<p> Rent expense to Partnership   38,561			37,638</p>
<p> Depreciation and amortization  3,239			 2,915</p>
<p> Interest expense		   9,350			 9,516</p>
<p> Total costs and expenses     214,098		     205,626</p>
<p> Loss before income taxes    (20,787)		     (2,278)</p>
<p> Income tax benefit	     (5,398)			 (370)</p>
<p> Net loss			  (15,389)		     (1,908)</p>
<p>((  -- New York Newsdesk 212 859-1700))</p>
</text>
<copyright>(c) Reuters Limited 1997</copyright>
<metadata>
<codes class="bip:countries:1.0">
  <code code="USA">
    <editdetail attribution="Reuters BIP Coding Group" action="confirmed" date="1997-03-31"/>
  </code>
</codes>
<codes class="bip:industries:1.0">
  <code code="I97912">
    <editdetail attribution="Reuters BIP Coding Group" action="confirmed" date="1997-03-31"/>
  </code>
</codes>
<codes class="bip:topics:1.0">
  <code code="C15">
    <editdetail attribution="Reuters BIP Coding Group" action="confirmed" date="1997-03-31"/>
  </code>
  <code code="C151">
    <editdetail attribution="Reuters BIP Coding Group" action="confirmed" date="1997-03-31"/>
  </code>
  <code code="C1511">
    <editdetail attribution="Reuters BIP Coding Group" action="confirmed" date="1997-03-31"/>
  </code>
  <code code="CCAT">
    <editdetail attribution="Reuters BIP Coding Group" action="confirmed" date="1997-03-31"/>
  </code>
</codes>
<dc element="dc.date.created" value="1997-03-31"/>
<dc element="dc.publisher" value="Reuters Holdings Plc"/>
<dc element="dc.date.published" value="1997-03-31"/>
<dc element="dc.source" value="Reuters"/>
<dc element="dc.creator.location" value="ATLANTIC CITY, N.J."/>
<dc element="dc.creator.location.country.name" value="USA"/>
<dc element="dc.source" value="Reuters"/>
</metadata>
</newsitem>
