<?xml version="1.0" encoding="iso-8859-1" ?>
<newsitem itemid="476216" id="root" date="1997-03-31" xml:lang="en">
<title>USA: Vivus fall on misreading of news - analyst.</title>
<headline>Vivus fall on misreading of news - analyst.</headline>
<dateline>LOS ANGELES 1997-03-31</dateline>
<text>
<p>Shares of VIVUS Inc fell sharply Monday after some investors misread the company's news about a temporary reduction in shipments, one analysts who follows the company said. Vivus shares were off 8-1/8 to 40.</p>
<p>The company, which makes a treatment to correct male impotence, announced it would reduce shipments through April 10 because its staff had been diverted by a Food and Drug Adminstration inspection that turned up certain deficiencies.</p>
<p>However, PaineWebber analyst Charles Olsziewski said those deficiencies were most likely minor and would not have an impact on long term production.  </p>
<p>&quot;Based on the conversations I've had today, people have totally misread the facts,&quot; Olsziewski said. &quot;People think the production slowdown relates to the deficiencies turned up in the FDA inspection and that couldn't be further from the truth. The truth is that during the FDA inspection a lot of people were diverted (from normal duties), so while production was still going on, the product has been stockpiling.&quot;</p>
<p>&quot;I would think that 98 percent of inspections come up with deficiencies,&quot; he said, adding that they were usually minor.</p>
<p>Olsziewski said he expects Vivus will &quot;quite handily&quot; exceed his first quarter sales and earnings forecasts.  </p>
<p>For the first quarter, which ends March 31, Olsziewski had forecast Vivus would reprt $19 million in product revenue and net income of $0.25 per share, numbers which he now says are too low.</p>
<p>Vivus representatives were not immediately available for comment.</p>
</text>
<copyright>(c) Reuters Limited 1997</copyright>
<metadata>
<codes class="bip:countries:1.0">
  <code code="USA">
    <editdetail attribution="Reuters BIP Coding Group" action="confirmed" date="1997-03-31"/>
  </code>
</codes>
<codes class="bip:industries:1.0">
  <code code="I83940">
    <editdetail attribution="Reuters BIP Coding Group" action="confirmed" date="1997-03-31"/>
  </code>
</codes>
<codes class="bip:topics:1.0">
  <code code="C15">
    <editdetail attribution="Reuters BIP Coding Group" action="confirmed" date="1997-03-31"/>
  </code>
  <code code="C152">
    <editdetail attribution="Reuters BIP Coding Group" action="confirmed" date="1997-03-31"/>
  </code>
  <code code="CCAT">
    <editdetail attribution="Reuters BIP Coding Group" action="confirmed" date="1997-03-31"/>
  </code>
</codes>
<dc element="dc.date.created" value="1997-03-31"/>
<dc element="dc.publisher" value="Reuters Holdings Plc"/>
<dc element="dc.date.published" value="1997-03-31"/>
<dc element="dc.source" value="Reuters"/>
<dc element="dc.creator.location" value="LOS ANGELES"/>
<dc element="dc.creator.location.country.name" value="USA"/>
<dc element="dc.source" value="Reuters"/>
</metadata>
</newsitem>
