<?xml version="1.0" encoding="iso-8859-1" ?>
<newsitem itemid="476243" id="root" date="1997-03-31" xml:lang="en">
<title>USA: Calprop Corp Q4 shr loss widens.</title>
<headline>Calprop Corp Q4 shr loss widens.</headline>
<dateline>LOS ANGELES 1997-03-31</dateline>
<text>
<p>Calprop Corp.</p>
<p>			  Statements of Operations</p>
<p>			(Unaudited)</p>
<p>		  Three Months Ended	Twelve Months Ended</p>
<p>			 Dec. 31,		     Dec. 31,</p>
<p>			 1996	  1995	   1996	  1995</p>
<p>Development Operations:</p>
<p>Real estate sales</p>
<p>		 $6,696,250   $4,260,648  $13,717,126 $17,061,239</p>
<p>Cost of real estate</p>
<p>   sales	6,901,995    4,335,441   14,150,124  16,236,833</p>
<p>		  (205,745)     (74,793)    (432,998)     824,406</p>
<p>Recognition of</p>
<p>impairment of</p>
<p>real estate under</p>
<p>development and</p>
<p>land held for</p>
<p>investment</p>
<p>		(1,766,627)	     --  (6,093,475)	    --</p>
<p>(Loss) income</p>
<p>from development</p>
<p>operations</p>
<p>		(1,972,372)     (74,793)  (6,526,473)     824,406</p>
<p> Other income   141,382	 37,005	181,788   2,406,350</p>
<p>Other expenses:</p>
<p>General and</p>
<p>administrative</p>
<p>   expenses     472,792	780,240    2,332,444   2,429,009</p>
<p>Interest expense</p>
<p>		    217,854	106,762	217,854	25,211</p>
<p>Investment property</p>
<p>holding costs</p>
<p>		     75,600	     --	305,359     263,155</p>
<p>Total other expenses</p>
<p>		    766,246	887,002    2,855,657   2,717,375</p>
<p>Net (loss) income</p>
<p>	     ( 2,597,236)   ( 924,789) ( 9,200,342)     513,381</p>
<p>Net (loss) income</p>
<p>allocable to</p>
<p>common stock (a)</p>
<p>	     ( 2,597,236) ( 1,041,813) ( 9,402,589)	48,938</p>
<p>Net (loss) income</p>
<p>per share (a)</p>
<p>		   (28 cts)     (21 cts)	( 1.28)	  1 ct</p>
<p>Weighted average</p>
<p>number of shares</p>
<p>of common stock</p>
<p>		  9,224,585    4,895,069    7,346,772   4,836,393</p>
<p>Units sold:</p>
<p>Single-family homes</p>
<p>			   21		9	     40	    61</p>
<p>  Townhomes	     9		8	     26	    15</p>
<p>  Lots		    0		0		0	     2</p>
<p>   Total		 30	     17	     66	    78</p>
<p>(a)  Includes $202,247 preferred dividend for the twelve-month period ended Dec. 31, 1996, and $117,023 and $464,443 preferred dividends for three- and twelve-month periods ending Dec. 31, 1995, respectively.</p>
</text>
<copyright>(c) Reuters Limited 1997</copyright>
<metadata>
<codes class="bip:countries:1.0">
  <code code="USA">
    <editdetail attribution="Reuters BIP Coding Group" action="confirmed" date="1997-03-31"/>
  </code>
</codes>
<codes class="bip:industries:1.0">
  <code code="I85000">
    <editdetail attribution="Reuters BIP Coding Group" action="confirmed" date="1997-03-31"/>
  </code>
</codes>
<codes class="bip:topics:1.0">
  <code code="C15">
    <editdetail attribution="Reuters BIP Coding Group" action="confirmed" date="1997-03-31"/>
  </code>
  <code code="C151">
    <editdetail attribution="Reuters BIP Coding Group" action="confirmed" date="1997-03-31"/>
  </code>
  <code code="C1511">
    <editdetail attribution="Reuters BIP Coding Group" action="confirmed" date="1997-03-31"/>
  </code>
  <code code="CCAT">
    <editdetail attribution="Reuters BIP Coding Group" action="confirmed" date="1997-03-31"/>
  </code>
</codes>
<dc element="dc.date.created" value="1997-03-31"/>
<dc element="dc.publisher" value="Reuters Holdings Plc"/>
<dc element="dc.date.published" value="1997-03-31"/>
<dc element="dc.source" value="Reuters"/>
<dc element="dc.creator.location" value="LOS ANGELES"/>
<dc element="dc.creator.location.country.name" value="USA"/>
<dc element="dc.source" value="Reuters"/>
</metadata>
</newsitem>
