<?xml version="1.0" encoding="iso-8859-1" ?>
<newsitem itemid="476203" id="root" date="1997-03-31" xml:lang="en">
<title>USA: CYBEX International Inc cuts Q4 loss.</title>
<headline>CYBEX International Inc cuts Q4 loss.</headline>
<dateline>COLORADO SPRINGS, Colo. 1997-03-31</dateline>
<text>
<p>1996			1995</p>
<p> Shr loss		   $0.93     loss	 $2.48</p>
<p> Net loss		   4,061     loss	10,841</p>
<p> Revs			23,848		   24,708</p>
<p> Avg shrs		   4,367		    4,389</p>
<p>(All data above 000s except per share numbers)  </p>
<p>		 YEAR</p>
<p> Shr loss		   $1.10     loss	 $2.96</p>
<p> Net loss		   4,849     loss	12,904</p>
<p> Revs			80,711		   75,448</p>
<p> Avg shrs		   4,393		    4,389</p>
<p>(All data above 000s except per share numbers)</p>
<p>NOTE: Q4 shr loss from continuing operations: $0.11 vs $1.76.</p>
<p>Year shr loss from continuing operations: $0.19 vs $2.55.</p>
</text>
<copyright>(c) Reuters Limited 1997</copyright>
<metadata>
<codes class="bip:countries:1.0">
  <code code="USA">
    <editdetail attribution="Reuters BIP Coding Group" action="confirmed" date="1997-03-31"/>
  </code>
</codes>
<codes class="bip:industries:1.0">
  <code code="I95100">
    <editdetail attribution="Reuters BIP Coding Group" action="confirmed" date="1997-03-31"/>
  </code>
</codes>
<codes class="bip:topics:1.0">
  <code code="C15">
    <editdetail attribution="Reuters BIP Coding Group" action="confirmed" date="1997-03-31"/>
  </code>
  <code code="C151">
    <editdetail attribution="Reuters BIP Coding Group" action="confirmed" date="1997-03-31"/>
  </code>
  <code code="C1511">
    <editdetail attribution="Reuters BIP Coding Group" action="confirmed" date="1997-03-31"/>
  </code>
  <code code="CCAT">
    <editdetail attribution="Reuters BIP Coding Group" action="confirmed" date="1997-03-31"/>
  </code>
</codes>
<dc element="dc.date.created" value="1997-03-31"/>
<dc element="dc.publisher" value="Reuters Holdings Plc"/>
<dc element="dc.date.published" value="1997-03-31"/>
<dc element="dc.source" value="Reuters"/>
<dc element="dc.creator.location" value="COLORADO SPRINGS, Colo."/>
<dc element="dc.creator.location.country.name" value="USA"/>
<dc element="dc.source" value="Reuters"/>
</metadata>
</newsitem>
