<?xml version="1.0" encoding="iso-8859-1" ?>
<newsitem itemid="476201" id="root" date="1997-03-31" xml:lang="en">
<title>USA: Children's Broadcasting hurt by warrant writeoff.</title>
<headline>Children's Broadcasting hurt by warrant writeoff.</headline>
<dateline>MINNEAPOLIS 1997-03-31</dateline>
<text>
<p>Children's Broadcasting Corp, posting a wider loss for the fourth quarter, said network expenses were hurt by the addition of the unamortized value of ABC Radio Network Inc's warrant to purchase stock along with subsequent litigation expense.</p>
<p>It said these two items totaled nearly $2.7 million.</p>
<p>In the third quarter, Children's Broadcasting sued ABC Radio Networks Inc and its parent, Walt Disney Co after ABC Radio terminated an operations agreement with Children's Broadcasting.</p>
<p>Children's Broadcasting also said it realized a sizable increase in depreciation and amortization due to the acquisition of the assets of radio stations in Detroit, New York and Philadelphia.</p>
<p>The company, a radio network that provides programming for children, reported a loss for the fourth quarter of $0.67 per share, compared to a year-ago loss of $0.55. For the full year, its loss was $1.99 per share compared to a 1995 loss of $2.22 per share.</p>
<p>		((Reuters Chicago Newsdesk (312) 408-8787))</p>
</text>
<copyright>(c) Reuters Limited 1997</copyright>
<metadata>
<codes class="bip:countries:1.0">
  <code code="USA">
    <editdetail attribution="Reuters BIP Coding Group" action="confirmed" date="1997-03-31"/>
  </code>
</codes>
<codes class="bip:industries:1.0">
  <code code="I97100">
    <editdetail attribution="Reuters BIP Coding Group" action="confirmed" date="1997-03-31"/>
  </code>
  <code code="I97400">
    <editdetail attribution="Reuters BIP Coding Group" action="confirmed" date="1997-03-31"/>
  </code>
</codes>
<codes class="bip:topics:1.0">
  <code code="C12">
    <editdetail attribution="Reuters BIP Coding Group" action="confirmed" date="1997-03-31"/>
  </code>
  <code code="C15">
    <editdetail attribution="Reuters BIP Coding Group" action="confirmed" date="1997-03-31"/>
  </code>
  <code code="C151">
    <editdetail attribution="Reuters BIP Coding Group" action="confirmed" date="1997-03-31"/>
  </code>
  <code code="C1511">
    <editdetail attribution="Reuters BIP Coding Group" action="confirmed" date="1997-03-31"/>
  </code>
  <code code="C17">
    <editdetail attribution="Reuters BIP Coding Group" action="confirmed" date="1997-03-31"/>
  </code>
  <code code="C171">
    <editdetail attribution="Reuters BIP Coding Group" action="confirmed" date="1997-03-31"/>
  </code>
  <code code="CCAT">
    <editdetail attribution="Reuters BIP Coding Group" action="confirmed" date="1997-03-31"/>
  </code>
  <code code="GCAT">
    <editdetail attribution="Reuters BIP Coding Group" action="confirmed" date="1997-03-31"/>
  </code>
  <code code="GCRIM">
    <editdetail attribution="Reuters BIP Coding Group" action="confirmed" date="1997-03-31"/>
  </code>
</codes>
<dc element="dc.date.created" value="1997-03-31"/>
<dc element="dc.publisher" value="Reuters Holdings Plc"/>
<dc element="dc.date.published" value="1997-03-31"/>
<dc element="dc.source" value="Reuters"/>
<dc element="dc.creator.location" value="MINNEAPOLIS"/>
<dc element="dc.creator.location.country.name" value="USA"/>
<dc element="dc.source" value="Reuters"/>
</metadata>
</newsitem>
