<?xml version="1.0" encoding="iso-8859-1" ?>
<newsitem itemid="476276" id="root" date="1997-03-31" xml:lang="en">
<title>USA: US OPTIONS FOCUS/Indexes slow, more declines seen.</title>
<headline>US OPTIONS FOCUS/Indexes slow, more declines seen.</headline>
<dateline>CHICAGO 1997-03-31</dateline>
<text>
<p>Turnover remained relatively slow in major U.S. stock index options despite the continued slide, traders said Monday.</p>
<p>One trader in Chicago said the low volume indicated the selloff may not be over.</p>
<p>&quot;What I see is low volume and when you have low volume in a dropping market, that's not good because you don't get the climax,&quot; he said. &quot;Looking at it today, this is not the climax becaue the volume is very low.&quot;</p>
<p>By late trading, the bellwether Dow industrial average was down 111 points, or 1.65 percent, at about 6,630.  </p>
<p>The Dow slumped 140 points last Thursday.</p>
<p>Among broader indices, the S&amp;P 100 .OEX was off about 10 points at 744 and the S&amp;P 500 .SPX lost 10.5 points to 763.</p>
<p>A string of economic reports, including the key jobs report, which is scheduled for release Friday, was one factor keeping investors sidelined, but traders said last week's selloff also was a factor.</p>
<p>&quot;As far as buying, there hasn't been a lot,&quot; the trader in Chicago said. &quot;Everyone is just holding their breath.  </p>
<p>&quot;Nobody is paying up for the puts&quot; where premiums remained rich, he said, adding that some investors were buying puts, expecting a bounce.</p>
<p>One broker in Chicago said some investors were attempting to play the OEX options, but wide spreads and stiff premiums made them difficult to trade.</p>
<p>He agreed activity was quiet.</p>
<p>&quot;The market goes down and nobody wants to do anything,&quot; he said. &quot;If we get some kind of a reversal, I'm sure we'll get some action.&quot;  </p>
<p>Some analysts continued to look for some quarter-ending portfolio buying to emerge and support the market, but others noted that investor complacency appeared to be high, which is a bearish sign in a declining market.</p>
<p>Jerry Hegarty, an analyst at Thomson Financial Services, said in a report that by afternoon, OEX put buying topped call buying by only 6,000 contracts despite the market's drop.</p>
<p>By 1400 CST/2000 GMT, OEX call volume at the Chicago Board Options Exchange was 101,014 compared to put volume of 70,309.</p>
<p>Hegarty said first-of-the-month buying may help the market recover Tuesday and Wednesday.  </p>
<p>Although options trading indicated investor complacency, some indicators suggested bearishness was on the rise, which is bullish for contrarians.</p>
<p>Joseph Sunderman, an analyst at Investment Research Institute in Cincinnati, said in a report that investor sentiment has turned &quot;decisively&quot; bearish on stocks.</p>
<p>He cited three sentiment indicators that all showed a notable drop in bullishness recently.</p>
<p>&quot;We believe that these kind of psychological reaction are healthy amid a long term market uptrend,&quot; Sunderman said in the report.</p>
<p>((Gregory Crawford, 312 408 8750))</p>
<p>E-mail: derivatives@reuters.com</p>
</text>
<copyright>(c) Reuters Limited 1997</copyright>
<metadata>
<codes class="bip:countries:1.0">
  <code code="USA">
    <editdetail attribution="Reuters BIP Coding Group" action="confirmed" date="1997-03-31"/>
  </code>
</codes>
<codes class="bip:topics:1.0">
  <code code="M11">
    <editdetail attribution="Reuters BIP Coding Group" action="confirmed" date="1997-03-31"/>
  </code>
  <code code="MCAT">
    <editdetail attribution="Reuters BIP Coding Group" action="confirmed" date="1997-03-31"/>
  </code>
</codes>
<dc element="dc.date.created" value="1997-03-31"/>
<dc element="dc.publisher" value="Reuters Holdings Plc"/>
<dc element="dc.date.published" value="1997-03-31"/>
<dc element="dc.source" value="Reuters"/>
<dc element="dc.creator.location" value="CHICAGO"/>
<dc element="dc.creator.location.country.name" value="USA"/>
<dc element="dc.source" value="Reuters"/>
</metadata>
</newsitem>
