<?xml version="1.0" encoding="iso-8859-1" ?>
<newsitem itemid="476278" id="root" date="1997-03-31" xml:lang="en">
<title>USA: NEC unit says US biased in computer ruling.</title>
<headline>NEC unit says US biased in computer ruling.</headline>
<dateline>WASHINGTON 1997-03-31</dateline>
<text>
<p>NEC Corp's U.S. subsidiary, HNSX Supercomputers Inc., said Monday that the Department of Commerce was biased in its finding that the Japanese firm was dumping supercomputers in the U.S. market.</p>
<p>&quot;Months before this investigation was even initiated, Commerce, with the approval of then Secretary (Mickey) Kantor, released an analysis finding our company guilty of dumping in order to keep NEC supercomputers out of the U.S. market,&quot; HNSX Supercomputers Vice President Samuel Adams said in a statement.</p>
<p>&quot;Clearly, Commerce is not capable of judging the dumping allegations subsequently filed by Cray Research in its antidumping petition in a fair and impartial manner,&quot; he added. He said the charges made by Cray, a unit of Silicon Graphics Inc, were unfounded.</p>
<p>NEC has refused to participate in the Commerce Department dumping investigation. The company said it is willing to participate in an investigation by an impartial forum. It has sued the department in the Court of International Trade (CIT) and a trial has been set to begin on April 7.</p>
<p>The court denied a request by NEC to bar the Commerce Department from ruling on the case until after the court decides on the lawsuit.</p>
</text>
<copyright>(c) Reuters Limited 1997</copyright>
<metadata>
<codes class="bip:countries:1.0">
  <code code="JAP">
    <editdetail attribution="Reuters BIP Coding Group" action="confirmed" date="1997-03-31"/>
  </code>
  <code code="USA">
    <editdetail attribution="Reuters BIP Coding Group" action="confirmed" date="1997-03-31"/>
  </code>
</codes>
<codes class="bip:industries:1.0">
  <code code="I33020">
    <editdetail attribution="Reuters BIP Coding Group" action="confirmed" date="1997-03-31"/>
  </code>
  <code code="I3302003">
    <editdetail attribution="Reuters BIP Coding Group" action="confirmed" date="1997-03-31"/>
  </code>
</codes>
<codes class="bip:topics:1.0">
  <code code="C13">
    <editdetail attribution="Reuters BIP Coding Group" action="confirmed" date="1997-03-31"/>
  </code>
  <code code="C31">
    <editdetail attribution="Reuters BIP Coding Group" action="confirmed" date="1997-03-31"/>
  </code>
  <code code="C311">
    <editdetail attribution="Reuters BIP Coding Group" action="confirmed" date="1997-03-31"/>
  </code>
  <code code="CCAT">
    <editdetail attribution="Reuters BIP Coding Group" action="confirmed" date="1997-03-31"/>
  </code>
  <code code="E51">
    <editdetail attribution="Reuters BIP Coding Group" action="confirmed" date="1997-03-31"/>
  </code>
  <code code="E512">
    <editdetail attribution="Reuters BIP Coding Group" action="confirmed" date="1997-03-31"/>
  </code>
  <code code="ECAT">
    <editdetail attribution="Reuters BIP Coding Group" action="confirmed" date="1997-03-31"/>
  </code>
</codes>
<dc element="dc.date.created" value="1997-03-31"/>
<dc element="dc.publisher" value="Reuters Holdings Plc"/>
<dc element="dc.date.published" value="1997-03-31"/>
<dc element="dc.source" value="Reuters"/>
<dc element="dc.creator.location" value="WASHINGTON"/>
<dc element="dc.creator.location.country.name" value="USA"/>
<dc element="dc.source" value="Reuters"/>
</metadata>
</newsitem>
