<?xml version="1.0" encoding="iso-8859-1" ?>
<newsitem itemid="476224" id="root" date="1997-03-31" xml:lang="en">
<title>USA: Med-Design Corp FY 96 net loss narrows.</title>
<headline>Med-Design Corp FY 96 net loss narrows.</headline>
<dateline>PHILADELPHIA 1997-03-31</dateline>
<text>
<p>1996			1995</p>
<p> Shr	   loss	 $0.63     loss	 $1.71</p>
<p> Net	   loss	 4,322     loss	 8,492</p>
<p> Revs			   nil			nil</p>
<p> Avg shrs		   6,831		    4,962</p>
<p>(All data above 000s except per share numbers)</p>
<p>NOTE:  Net loss for fiscal 1995 included a one-time charge of $5.9 million, or $1.20 per share.</p>
<p>The company said that there were no revenues because it is in the research and development stage.</p>
</text>
<copyright>(c) Reuters Limited 1997</copyright>
<metadata>
<codes class="bip:countries:1.0">
  <code code="USA">
    <editdetail attribution="Reuters BIP Coding Group" action="confirmed" date="1997-03-31"/>
  </code>
</codes>
<codes class="bip:industries:1.0">
  <code code="I37200">
    <editdetail attribution="Reuters BIP Coding Group" action="confirmed" date="1997-03-31"/>
  </code>
</codes>
<codes class="bip:topics:1.0">
  <code code="C15">
    <editdetail attribution="Reuters BIP Coding Group" action="confirmed" date="1997-03-31"/>
  </code>
  <code code="C151">
    <editdetail attribution="Reuters BIP Coding Group" action="confirmed" date="1997-03-31"/>
  </code>
  <code code="C1511">
    <editdetail attribution="Reuters BIP Coding Group" action="confirmed" date="1997-03-31"/>
  </code>
  <code code="CCAT">
    <editdetail attribution="Reuters BIP Coding Group" action="confirmed" date="1997-03-31"/>
  </code>
</codes>
<dc element="dc.date.created" value="1997-03-31"/>
<dc element="dc.publisher" value="Reuters Holdings Plc"/>
<dc element="dc.date.published" value="1997-03-31"/>
<dc element="dc.source" value="Reuters"/>
<dc element="dc.creator.location" value="PHILADELPHIA"/>
<dc element="dc.creator.location.country.name" value="USA"/>
<dc element="dc.source" value="Reuters"/>
</metadata>
</newsitem>
