<?xml version="1.0" encoding="iso-8859-1" ?>
<newsitem itemid="476236" id="root" date="1997-03-31" xml:lang="en">
<title>USA: American Insured Mortgage 88 Q4 shr $0.28.</title>
<headline>American Insured Mortgage 88 Q4 shr $0.28.</headline>
<dateline>ROCKVILLE, Md. 1997-03-31</dateline>
<text>
<p>AMERICAN INSURED MORTGAGE INVESTORS L.P. - SERIES 88</p>
<p>			 For the 3 months ended  For the year ended</p>
<p>			    December 31,		 December 31,</p>
<p>			 1996	  1995	   1996	  1995</p>
<p> Total Income  3,048,115   3,179,585   12,465,133   13,235,638</p>
<p> Total Expenses  442,746     478,189    1,794,475    1,892,964</p>
<p>Earnings before gain and</p>
<p>loss on mortgage</p>
<p>  disposition  2,605,369   2,701,396   10,670,658   11,342,674</p>
<p>Gains on mortgage dispositions/</p>
<p>    modifications    --	     --	     --    2,452,221</p>
<p>Losses on mortgage dispositions/</p>
<p>    modifications    --	     --     (377,900)	    --</p>
<p>Net earnings  $2,605,369  $2,701,396  $10,292,758  $13,794,895</p>
<p>Net earnings per Limited</p>
<p>  Partnership Unit  $.28	  $.29	  $1.11	  $1.49</p>
<p>Weighted average Limited Partnership</p>
<p>  Units outstn  8,802,091   8,802,091   8,802,091    8,802,091</p>
<p>-- New York Newsdesk 212-859-1700</p>
</text>
<copyright>(c) Reuters Limited 1997</copyright>
<metadata>
<codes class="bip:countries:1.0">
  <code code="USA">
    <editdetail attribution="Reuters BIP Coding Group" action="confirmed" date="1997-03-31"/>
  </code>
</codes>
<codes class="bip:industries:1.0">
  <code code="I81501">
    <editdetail attribution="Reuters BIP Coding Group" action="confirmed" date="1997-03-31"/>
  </code>
</codes>
<codes class="bip:topics:1.0">
  <code code="C15">
    <editdetail attribution="Reuters BIP Coding Group" action="confirmed" date="1997-03-31"/>
  </code>
  <code code="C151">
    <editdetail attribution="Reuters BIP Coding Group" action="confirmed" date="1997-03-31"/>
  </code>
  <code code="C1511">
    <editdetail attribution="Reuters BIP Coding Group" action="confirmed" date="1997-03-31"/>
  </code>
  <code code="CCAT">
    <editdetail attribution="Reuters BIP Coding Group" action="confirmed" date="1997-03-31"/>
  </code>
</codes>
<dc element="dc.date.created" value="1997-03-31"/>
<dc element="dc.publisher" value="Reuters Holdings Plc"/>
<dc element="dc.date.published" value="1997-03-31"/>
<dc element="dc.source" value="Reuters"/>
<dc element="dc.creator.location" value="ROCKVILLE, Md."/>
<dc element="dc.creator.location.country.name" value="USA"/>
<dc element="dc.source" value="Reuters"/>
</metadata>
</newsitem>
