<?xml version="1.0" encoding="iso-8859-1" ?>
<newsitem itemid="476273" id="root" date="1997-03-31" xml:lang="en">
<title>USA: Hudson Hotels Corp Q4 loss includes charge.</title>
<headline>Hudson Hotels Corp Q4 loss includes charge.</headline>
<dateline>ROCHESTER, N.Y. 1997-03-31</dateline>
<text>
<p>1996			1995</p>
<p> Shr loss		   $0.07   profit	 $0.25</p>
<p> Net loss		     277   profit	   969</p>
<p> Revs			 5,461		    1,906</p>
<p> Avg shrs		   4,554		    3,824</p>
<p>		 YEAR</p>
<p> Shr profit		 $0.12   profit	 $0.33</p>
<p> Net profit		   636   profit	 1,311</p>
<p> Revs			14,148		    6,896</p>
<p> Avg shrs		   4,249		    3,706</p>
<p>(All data above 000s except per share numbers)</p>
<p>NOTE: 1995 period is a nine month period, due to change of fiscal year end to December from March.</p>
<p>1996 periods include a one time charge of $551,149.</p>
<p>1995 diluted earnings per share $0.21 for Q4 and $0.31 for nine months ended 1995.</p>
</text>
<copyright>(c) Reuters Limited 1997</copyright>
<metadata>
<codes class="bip:countries:1.0">
  <code code="USA">
    <editdetail attribution="Reuters BIP Coding Group" action="confirmed" date="1997-03-31"/>
  </code>
</codes>
<codes class="bip:industries:1.0">
  <code code="I66500">
    <editdetail attribution="Reuters BIP Coding Group" action="confirmed" date="1997-03-31"/>
  </code>
</codes>
<codes class="bip:topics:1.0">
  <code code="C15">
    <editdetail attribution="Reuters BIP Coding Group" action="confirmed" date="1997-03-31"/>
  </code>
  <code code="C151">
    <editdetail attribution="Reuters BIP Coding Group" action="confirmed" date="1997-03-31"/>
  </code>
  <code code="C1511">
    <editdetail attribution="Reuters BIP Coding Group" action="confirmed" date="1997-03-31"/>
  </code>
  <code code="CCAT">
    <editdetail attribution="Reuters BIP Coding Group" action="confirmed" date="1997-03-31"/>
  </code>
</codes>
<dc element="dc.date.created" value="1997-03-31"/>
<dc element="dc.publisher" value="Reuters Holdings Plc"/>
<dc element="dc.date.published" value="1997-03-31"/>
<dc element="dc.source" value="Reuters"/>
<dc element="dc.creator.location" value="ROCHESTER, N.Y."/>
<dc element="dc.creator.location.country.name" value="USA"/>
<dc element="dc.source" value="Reuters"/>
</metadata>
</newsitem>
