<?xml version="1.0" encoding="iso-8859-1" ?>
<newsitem itemid="476227" id="root" date="1997-03-31" xml:lang="en">
<title>USA: NYMEX gasoline leads oil complex losses at expiry.</title>
<headline>NYMEX gasoline leads oil complex losses at expiry.</headline>
<dateline>NEW YORK 1997-03-31</dateline>
<text>
<p>NYMEX gasoline futures led the oil complex mostly down at the close on Monday amid light volume and the expiry of the April refined products contracts.</p>
<p>With U.S. markets closed Friday for Easter, many players closed their positions on Thursday. London trade was also closed Monday for the holiday, taking out extra players.</p>
<p>&quot;When you get the expiry spread out like this along with light volumes there are more dramatic movements,&quot; said a trader, referring to gasolines late-session fall.</p>
<p>April NYMEX gasoline future ended down 0.95 at 63.68 cents a gallon. Crude closed down 29 cents at $20.41 a barrel.  </p>
<p>Traders said there was more interest in the May gasoline contract than the April one, particularly with the approach of the start of the driving season in late May.</p>
<p>Gasoline hit a day low of 63.00 cents after breaking support at 63.60 cents. The high for the day was 64.90 cents.</p>
<p>Gasoline knocked heating oil off its high of 57.50 cents.</p>
<p>April heat, the sole gainer of the day, ended up 0.65 cents at 56.72 cents a gallon, helped by cold weather in the Northeast and fund rolling out of April-May spread trades.</p>
<p>&quot;It was pretty much a quiet day,&quot; said Tom Bentz, of ING Derivatives Clearing Inc.</p>
<p>Traders said news state-owned Petroleos de Venezuela's subsidiary Maraven plans to restart a downed fluid catalytic cracker at the giant Cardon refinery on Tuesday or Wednesday would likely add some bearish pressure on the market.</p>
<p>News of the refinery, which has a crude distillation capacity of 286,000 barrels per day, reached the market too late on Monday to be fully digested.</p>
<p>May crude, after trading range bound around unchanged levels all day, headed lower to its $20.41 a barrel settlement after breaking support at $20.50, traders said.</p>
<p>--New York Energy Desk +1 212 859 1620</p>
</text>
<copyright>(c) Reuters Limited 1997</copyright>
<metadata>
<codes class="bip:countries:1.0">
  <code code="USA">
    <editdetail attribution="Reuters BIP Coding Group" action="confirmed" date="1997-03-31"/>
  </code>
</codes>
<codes class="bip:topics:1.0">
  <code code="M14">
    <editdetail attribution="Reuters BIP Coding Group" action="confirmed" date="1997-03-31"/>
  </code>
  <code code="M143">
    <editdetail attribution="Reuters BIP Coding Group" action="confirmed" date="1997-03-31"/>
  </code>
  <code code="MCAT">
    <editdetail attribution="Reuters BIP Coding Group" action="confirmed" date="1997-03-31"/>
  </code>
</codes>
<dc element="dc.date.created" value="1997-03-31"/>
<dc element="dc.publisher" value="Reuters Holdings Plc"/>
<dc element="dc.date.published" value="1997-03-31"/>
<dc element="dc.source" value="Reuters"/>
<dc element="dc.creator.location" value="NEW YORK"/>
<dc element="dc.creator.location.country.name" value="USA"/>
<dc element="dc.source" value="Reuters"/>
</metadata>
</newsitem>
