<?xml version="1.0" encoding="iso-8859-1" ?>
<newsitem itemid="476279" id="root" date="1997-03-31" xml:lang="en">
<title>USA: Hudson Hotels sees '97 revs topping $40 mln.</title>
<headline>Hudson Hotels sees '97 revs topping $40 mln.</headline>
<dateline>ROCHESTER, N.Y. 1997-03-31</dateline>
<text>
<p>Hudson Hotels Corp said on Monday that it expects 1997 revenues to exceed $40 million, topping the $14.1 million reported for 1996.</p>
<p>In 1996, Hudson Hotels completed acquisitions of 17 properties, including 12 on November 27.</p>
<p>Hudson Hotels said it manages 31 hotel properties, including 17 that it owns.</p>
<p>&quot;This year we will benefit from an entire year of operations of the 17 acquisitions, as compared to less than five months of 1996,&quot; the company said in a statement.</p>
</text>
<copyright>(c) Reuters Limited 1997</copyright>
<metadata>
<codes class="bip:countries:1.0">
  <code code="USA">
    <editdetail attribution="Reuters BIP Coding Group" action="confirmed" date="1997-03-31"/>
  </code>
</codes>
<codes class="bip:industries:1.0">
  <code code="I66500">
    <editdetail attribution="Reuters BIP Coding Group" action="confirmed" date="1997-03-31"/>
  </code>
</codes>
<codes class="bip:topics:1.0">
  <code code="C15">
    <editdetail attribution="Reuters BIP Coding Group" action="confirmed" date="1997-03-31"/>
  </code>
  <code code="C152">
    <editdetail attribution="Reuters BIP Coding Group" action="confirmed" date="1997-03-31"/>
  </code>
  <code code="CCAT">
    <editdetail attribution="Reuters BIP Coding Group" action="confirmed" date="1997-03-31"/>
  </code>
</codes>
<dc element="dc.date.created" value="1997-03-31"/>
<dc element="dc.publisher" value="Reuters Holdings Plc"/>
<dc element="dc.date.published" value="1997-03-31"/>
<dc element="dc.source" value="Reuters"/>
<dc element="dc.creator.location" value="ROCHESTER, N.Y."/>
<dc element="dc.creator.location.country.name" value="USA"/>
<dc element="dc.source" value="Reuters"/>
</metadata>
</newsitem>
