<?xml version="1.0" encoding="iso-8859-1" ?>
<newsitem itemid="476228" id="root" date="1997-03-31" xml:lang="en">
<title>USA: March U.S. vehicle market seen steady, competitive.</title>
<headline>March U.S. vehicle market seen steady, competitive.</headline>
<byline>David Lawder</byline>
<dateline>DETROIT 1997-03-31</dateline>
<text>
<p>Continuing at a steady but unspectacular pace, U.S. car and truck sales for March are expected to show gains for Japanese and German automakers at the expense of Detroit's Big Three, analysts said Monday.</p>
<p>Both Chrysler Corp. and Ford Motor Co. are expected to report March sales declines of about 3 percent, compared with a year ago, while General Motors Corp. may post gains of 3 percent to 6 percent over last year's strike-affected results.</p>
<p>Chrysler plans to report sales on Tuesday, with GM following Wednesday and Ford on Thursday.</p>
<p>Analysts said Japanese automakers are expected to continue increasing sales and market share, based on a hot portfolio of new products coupled with a weak Japanese yen that allows them to price more aggressively.</p>
<p>&quot;It still sounds pretty sloppy. This year's market is very competitive,&quot; said Schroder Wertheim analyst John Casesa. &quot;The March numbers are going to show that the market is not as robust as the annual rate suggests.&quot;</p>
<p>Analysts estimate that the seasonally adjusted annual sales rate for March light vehicle sales will be about 15 million to 15.4 million units, compared with 15.5 million a year ago.</p>
<p>As the year drags on, automakers will probably have to fork over increasingly higher incentives to maintain sales rates above 15 million, Casesa said.</p>
<p>The Federal Reserve's quarter-point increase in interest rates last week is not expected to have an immediate effect on vehicle sales, analysts said.</p>
<p>&quot;Another round or two of what we saw could lead to slightly less income growth,&quot; said independent auto analyst Scott Merlis. He added that increases in adjustable rate mortgage payments and credit card interest reduce consumers' ability to make new car payments.</p>
<p>Last week at the New York Auto Show, both Chrysler and Ford signaled that their sales may be down slightly.</p>
<p>Analysts predict that much of the losses will be in passenger cars. Ford's truck sales are expected to be up 2 percent to 3 percent, while Chrysler's truck sales are expected to be flat to down 1 percent.</p>
<p>&quot;The spring selling season hasn't really yet gotten underway so it's likely they'll be down a little bit,&quot; Chrysler Chairman Robert Eaton said of Chrysler's overall results.</p>
<p>CS First Boston analyst Nicholas Colas said Chrysler's sluggish passenger car sales are &quot;troublesome,&quot; given the company's increased dealer incentive spending in the first quarter. &quot;They do not appear to have had much impact on March sales,&quot; he said in a research report.</p>
<p>Ford Division General Manager Ross Roberts on Thursday confirmed that Ford is adding new dealer incentives. The automaker has a $1,000 national rebate on the Taurus, which expires on Wednesday, and Roberts said Ford would keep the car competitive with Japanese competitors.</p>
<p>GM's sales in March 1996 suffered from a 17-day brake plant strike that shut down production of nearly all of its North American assembly plants, particularly affecting the availability of light trucks.</p>
<p>But GM's improved sales are not expected to be enough to offset the market share gains by Toyota Motor Corp., Honda Motor Co. Ltd. and other Japanese automakers, particular in the intermediate passenger car market.</p>
<p>German automakers, including Audi AG and Mercedes-Benz AG, are also expected to show improvements, adding to impressive market share gains of a full percentage point through the first two months of the year.</p>
<p>GM shares closed off 75 cents at $55.375, Ford rose 50 cents to $31.375, and Chrysler slid 25 cents to $30, all on the New York Stock Exchange.</p>
</text>
<copyright>(c) Reuters Limited 1997</copyright>
<metadata>
<codes class="bip:countries:1.0">
  <code code="USA">
    <editdetail attribution="Reuters BIP Coding Group" action="confirmed" date="1997-03-31"/>
  </code>
</codes>
<codes class="bip:industries:1.0">
  <code code="I35000">
    <editdetail attribution="Reuters BIP Coding Group" action="confirmed" date="1997-03-31"/>
  </code>
  <code code="I35101">
    <editdetail attribution="Reuters BIP Coding Group" action="confirmed" date="1997-03-31"/>
  </code>
</codes>
<codes class="bip:topics:1.0">
  <code code="C31">
    <editdetail attribution="Reuters BIP Coding Group" action="confirmed" date="1997-03-31"/>
  </code>
  <code code="CCAT">
    <editdetail attribution="Reuters BIP Coding Group" action="confirmed" date="1997-03-31"/>
  </code>
</codes>
<dc element="dc.date.created" value="1997-03-31"/>
<dc element="dc.publisher" value="Reuters Holdings Plc"/>
<dc element="dc.date.published" value="1997-03-31"/>
<dc element="dc.source" value="Reuters"/>
<dc element="dc.creator.location" value="DETROIT"/>
<dc element="dc.creator.location.country.name" value="USA"/>
<dc element="dc.source" value="Reuters"/>
</metadata>
</newsitem>
