<?xml version="1.0" encoding="iso-8859-1" ?>
<newsitem itemid="476246" id="root" date="1997-03-31" xml:lang="en">
<title>USA: N.J. says imposes hiring freeze on state jobs.</title>
<headline>N.J. says imposes hiring freeze on state jobs.</headline>
<dateline>TRENTON 1997-03-31</dateline>
<text>
<p>New Jersey has imposed an immediate hiring freeze for all state government positions, Personnel Commissioner Linda Anselmini said Monday.</p>
<p>Anselmini said the freeze is intended to reduce the state payroll in anticipation of the new budget year, which begins July 1 and to reserve job vacancies for the 700 to 1,235 state workers whose jobs are targeted for elimination in next year's budget.  </p>
<p>Hundreds of state workers will be given formal notice at least 60 days before layoffs are announced, but the labor rules mean pink slips need not be final. Senior workers are permitted to &quot;bump,&quot; or claim a similar post held by a more junior staffer.</p>
<p>In addition to the layoffs already announced, another 600 to 1,000 workers could lose their jobs in the final stage of closing the Marlboro Psychiatric Hospital and North Princeton Development Center.</p>
</text>
<copyright>(c) Reuters Limited 1997</copyright>
<metadata>
<codes class="bip:countries:1.0">
  <code code="USA">
    <editdetail attribution="Reuters BIP Coding Group" action="confirmed" date="1997-03-31"/>
  </code>
</codes>
<codes class="bip:topics:1.0">
  <code code="E21">
    <editdetail attribution="Reuters BIP Coding Group" action="confirmed" date="1997-03-31"/>
  </code>
  <code code="E211">
    <editdetail attribution="Reuters BIP Coding Group" action="confirmed" date="1997-03-31"/>
  </code>
  <code code="E41">
    <editdetail attribution="Reuters BIP Coding Group" action="confirmed" date="1997-03-31"/>
  </code>
  <code code="ECAT">
    <editdetail attribution="Reuters BIP Coding Group" action="confirmed" date="1997-03-31"/>
  </code>
  <code code="GCAT">
    <editdetail attribution="Reuters BIP Coding Group" action="confirmed" date="1997-03-31"/>
  </code>
  <code code="GJOB">
    <editdetail attribution="Reuters BIP Coding Group" action="confirmed" date="1997-03-31"/>
  </code>
  <code code="GPOL">
    <editdetail attribution="Reuters BIP Coding Group" action="confirmed" date="1997-03-31"/>
  </code>
</codes>
<dc element="dc.date.created" value="1997-03-31"/>
<dc element="dc.publisher" value="Reuters Holdings Plc"/>
<dc element="dc.date.published" value="1997-03-31"/>
<dc element="dc.source" value="Reuters"/>
<dc element="dc.creator.location" value="TRENTON"/>
<dc element="dc.creator.location.country.name" value="USA"/>
<dc element="dc.source" value="Reuters"/>
</metadata>
</newsitem>
