<?xml version="1.0" encoding="iso-8859-1" ?>
<newsitem itemid="476294" id="root" date="1997-03-31" xml:lang="en">
<title>USA: Great Western says Ahmanson consents short.</title>
<headline>Great Western says Ahmanson consents short.</headline>
<dateline>CHATSWORTH, Calif. 1997-03-31</dateline>
<text>
<p>Great Western Financial Corp said Monday hostile suitor H.F. Ahmanson and Co's effort to solicit shareholder consents to start negotiations has fallen &quot;far short&quot; of a majority of the outstanding shares.</p>
<p>Earlier Monday, Ahmanson said more than 80 percent of &quot;voted&quot; Great Western shares supported its proposals. But the Ahmanson statement did not say what percentage of the outstanding shares were received.  </p>
<p>Great Western has agreed to be acquired by Seattle-based Washington Mutual Inc and has rejected Ahmanson's initial offer and a subsequent revision that increased the amount of stock that would be offered to Great Western shareholders.</p>
<p>The Ahmanson proposals are designed to pressure the Great Western board to run an open auction process. One proposal is for adoption of a non-binding resolution urging the Great Western board to provide non-public information to Ahmanson and to enter into negotiations.  </p>
<p>In a press release, Great Western said &quot;it is an indisputable fact that an overwhelming majority of Great Western stockholders have not consented to Ahmanson's proposed resolutions and amendments to Great Western's By-laws.&quot;</p>
<p>The release continued, &quot;what Ahmanson has carefully avoided acknowledging is that it has fallen far short of obtaining the necessary consents from a majority of Great Western shares by its artificial March 27 deadline.&quot;  </p>
<p>Peter Gleason, an analyst with Institutional Shareholder Services (ISS) said that, under Delaware law, Ahmanson can continue soliciting consents until approximately May 12. He said that, although Ahmanson had tried to garner a majority of consents by March 27, that was &quot;not a real date.&quot;</p>
<p>ISS is a consulting firm that advises large institutional investors on how to vote their shares on issues of corporate governance. Gleason said ISS's views on whether or not to back the Ahmanson consent solicitation will be distributed to clients late on Wednesday after an analysis is completed.  </p>
<p>A spokesman for Ahmanson, reading a prepared statement, characterized Great Western's announcement as &quot;more obfuscation.&quot;</p>
<p>The spokesman said Ahmanson stands behind its numbers that more than 80 percent of voted shares back its solicitation and that 19 of Great Western's 20 largest shareholders have voted for or indicated a vote for Ahmanson's proposals.</p>
<p>The spokesman declined to specify how many consents Ahmanson has actually received. Asked if Ahmanson would continue to solicit consents, he responded, &quot;that's correct.&quot;  </p>
<p>The Ahmanson spokesman continued: &quot;Despite Great Western's rhetoric it has been clear from the outset that this consent solicitation is about creating a level playing field for all bidders, good corporate governance and maximizing stockholder value.&quot;</p>
<p>Great Western, in its press release, said Ahmamnson was trying to divert attention from an &quot;inferior merger proposdal.&quot;</p>
<p>A Wall Street arbitrager, who requested anonymity, said that, without knowing how many shares have been voted, the Ahmanson figures were like an &quot;exit poll.&quot;  </p>
<p>&quot;It's impressive they're getting this percentage of consents without a doubt, but I'm still not sure where it leaves you,&quot; the arbitrager said.</p>
<p>Based on stock prices late Monday, the Ahmanson proposal was worth $43.65 per Great Western share and the Washington Mutual proposal was worth $43.48. Great Western shares were trading at $40.375 per share, down $2.25. Ahmanson was off $1.00 to $36.375 and Washington Mutual was off $1.25 to $48.31. All three stocks have dropped sharply in the last several weeks amid pressure on most financial stocks as U.S. interest rates have moved higher.</p>
</text>
<copyright>(c) Reuters Limited 1997</copyright>
<metadata>
<codes class="bip:countries:1.0">
  <code code="USA">
    <editdetail attribution="Reuters BIP Coding Group" action="confirmed" date="1997-03-31"/>
  </code>
</codes>
<codes class="bip:industries:1.0">
  <code code="I81501">
    <editdetail attribution="Reuters BIP Coding Group" action="confirmed" date="1997-03-31"/>
  </code>
  <code code="I8150103">
    <editdetail attribution="Reuters BIP Coding Group" action="confirmed" date="1997-03-31"/>
  </code>
</codes>
<codes class="bip:topics:1.0">
  <code code="C18">
    <editdetail attribution="Reuters BIP Coding Group" action="confirmed" date="1997-03-31"/>
  </code>
  <code code="C181">
    <editdetail attribution="Reuters BIP Coding Group" action="confirmed" date="1997-03-31"/>
  </code>
  <code code="CCAT">
    <editdetail attribution="Reuters BIP Coding Group" action="confirmed" date="1997-03-31"/>
  </code>
</codes>
<dc element="dc.date.created" value="1997-03-31"/>
<dc element="dc.publisher" value="Reuters Holdings Plc"/>
<dc element="dc.date.published" value="1997-03-31"/>
<dc element="dc.source" value="Reuters"/>
<dc element="dc.creator.location" value="CHATSWORTH, Calif."/>
<dc element="dc.creator.location.country.name" value="USA"/>
<dc element="dc.source" value="Reuters"/>
</metadata>
</newsitem>
