<?xml version="1.0" encoding="iso-8859-1" ?>
<newsitem itemid="476282" id="root" date="1997-03-31" xml:lang="en">
<title>USA: Maraven FCC to restart Tues/Wed; reformer out.</title>
<headline>Maraven FCC to restart Tues/Wed; reformer out.</headline>
<dateline>NEW YORK 1997-03-31</dateline>
<text>
<p>State Petroleos de Venezuela subsidiary Maraven plans to restart a downed fluid catalytic cracker at the giant Cardon refinery on Tuesday or Wednesday, a source familiar with the plant's operations said on Monday.</p>
<p>The refinery's reformer, which has been operating at a &quot;minimum level,&quot; is expected to return to full operation in the second half of April, he said.</p>
<p>The refinery has a crude distillation capacity of 286,000 barrels per day (bpd). The cat cracking capacity of around 70,000 bpd has been completely lost since last Thursday morning because of a faulty valve.</p>
<p>In a separate incident, the plant's reformer has been down for two weeks and is operating at 25,000 bpd out of a normal 40,000 bpd. The stoppage was also forced by a technical problem.</p>
<p>Maraven has bought one cargo of high-octane gasoline to cover its customer program but is unlikely to need any more, the source said. However, some traders said Maraven appears still to be in the market.</p>
<p>--((New York Energy Desk, + 1 212 859 1620))</p>
</text>
<copyright>(c) Reuters Limited 1997</copyright>
<metadata>
<codes class="bip:countries:1.0">
  <code code="USA">
    <editdetail attribution="Reuters BIP Coding Group" action="confirmed" date="1997-03-31"/>
  </code>
  <code code="VEN">
    <editdetail attribution="Reuters BIP Coding Group" action="confirmed" date="1997-03-31"/>
  </code>
</codes>
<codes class="bip:industries:1.0">
  <code code="I13000">
    <editdetail attribution="Reuters BIP Coding Group" action="confirmed" date="1997-03-31"/>
  </code>
  <code code="I1300003">
    <editdetail attribution="Reuters BIP Coding Group" action="confirmed" date="1997-03-31"/>
  </code>
</codes>
<codes class="bip:topics:1.0">
  <code code="C24">
    <editdetail attribution="Reuters BIP Coding Group" action="confirmed" date="1997-03-31"/>
  </code>
  <code code="CCAT">
    <editdetail attribution="Reuters BIP Coding Group" action="confirmed" date="1997-03-31"/>
  </code>
</codes>
<dc element="dc.date.created" value="1997-03-31"/>
<dc element="dc.publisher" value="Reuters Holdings Plc"/>
<dc element="dc.date.published" value="1997-03-31"/>
<dc element="dc.source" value="Reuters"/>
<dc element="dc.creator.location" value="NEW YORK"/>
<dc element="dc.creator.location.country.name" value="USA"/>
<dc element="dc.source" value="Reuters"/>
</metadata>
</newsitem>
