<?xml version="1.0" encoding="iso-8859-1" ?>
<newsitem itemid="476215" id="root" date="1997-03-31" xml:lang="en">
<title>USA: EXX Inc Q4 net loss vs profit.</title>
<headline>EXX Inc Q4 net loss vs profit.</headline>
<dateline>LAS VEGAS 1997-03-31</dateline>
<text>
<p>1996			1995</p>
<p> Shr	   loss	 $0.19   profit	 $0.14</p>
<p> Net	   loss	   509   profit	   386</p>
<p> Revs			 6,079		    6,352</p>
<p> Avg shrs		   2,706		    2,708</p>
<p>		 year</p>
<p> Shr	   loss	 $0.60   profit	 $0.86</p>
<p> Net	   loss	 1,624   profit	 2,330</p>
<p> Revs			19,746		   30,522</p>
<p> Avg shrs		   2,706		    2,708</p>
<p>(All data above 000s except per share numbers)</p>
</text>
<copyright>(c) Reuters Limited 1997</copyright>
<metadata>
<codes class="bip:countries:1.0">
  <code code="USA">
    <editdetail attribution="Reuters BIP Coding Group" action="confirmed" date="1997-03-31"/>
  </code>
</codes>
<codes class="bip:topics:1.0">
  <code code="C15">
    <editdetail attribution="Reuters BIP Coding Group" action="confirmed" date="1997-03-31"/>
  </code>
  <code code="C151">
    <editdetail attribution="Reuters BIP Coding Group" action="confirmed" date="1997-03-31"/>
  </code>
  <code code="C1511">
    <editdetail attribution="Reuters BIP Coding Group" action="confirmed" date="1997-03-31"/>
  </code>
  <code code="CCAT">
    <editdetail attribution="Reuters BIP Coding Group" action="confirmed" date="1997-03-31"/>
  </code>
</codes>
<dc element="dc.date.created" value="1997-03-31"/>
<dc element="dc.publisher" value="Reuters Holdings Plc"/>
<dc element="dc.date.published" value="1997-03-31"/>
<dc element="dc.source" value="Reuters"/>
<dc element="dc.creator.location" value="LAS VEGAS"/>
<dc element="dc.creator.location.country.name" value="USA"/>
<dc element="dc.source" value="Reuters"/>
</metadata>
</newsitem>
