<?xml version="1.0" encoding="iso-8859-1" ?>
<newsitem itemid="476334" id="root" date="1997-03-31" xml:lang="en">
<title>USA: Microvision Inc Year 1996 shr loss $0.66. [CORRECTED 22:20 GMT]</title>
<headline>Microvision Inc Year 1996 shr loss $0.66. [CORRECTED 22:20 GMT]</headline>
<dateline>SEATTLE 1997-03-31</dateline>
<text>
<p>(Corrects 1996 full year share loss from $0.68 in headline and table).</p>
<p>				    MICROVISION, INC.</p>
<p>			  (A Development Stage Company)</p>
<p>				  STATEMENT OF OPERATIONS</p>
<p>								    Inception</p>
<p>			     Year ended    Year ended    (May 1993)</p>
<p>				   Dec 31,	Dec 31,	 Dec 31,</p>
<p>					1996	  1995	    1996</p>
<p> Contract Revenue    $     102,200 $     29,300 $     131,500</p>
<p>Research and development</p>
<p>  expense		    1,788,500    1,931,200     6,670,900</p>
<p>Marketing, general and</p>
<p>administrative expense</p>
<p>				 1,849,800    1,037,700     4,150,100</p>
<p>    Total expenses	 3,638,300    2,968,900    10,821,000</p>
<p> Loss from operations  (3,536,100)  (2,939,600)  (10,689,500)</p>
<p> Interest income	     280,000	 31,800	 362,300</p>
<p> Interest expense	    200,500	 35,800	 236,300</p>
<p> Net loss		  (3,456,600)  (2,943,600)  (10,563,500)</p>
<p> Net loss per share	   (0.66) (Corrects)</p>
<p>Weighted average shares and</p>
<p>share equivalents</p>
<p>   outstanding	     5,061,774</p>
<p>Pro forma net loss per share (unaudited) (0.63)</p>
<p>Pro forma weighted average shares and</p>
<p>share equivalents outstanding</p>
<p>   (unaudited)				4,677,077</p>
</text>
<copyright>(c) Reuters Limited 1997</copyright>
<metadata>
<codes class="bip:countries:1.0">
  <code code="USA">
    <editdetail attribution="Reuters BIP Coding Group" action="confirmed" date="1997-03-31"/>
  </code>
</codes>
<codes class="bip:topics:1.0">
  <code code="C15">
    <editdetail attribution="Reuters BIP Coding Group" action="confirmed" date="1997-03-31"/>
  </code>
  <code code="C151">
    <editdetail attribution="Reuters BIP Coding Group" action="confirmed" date="1997-03-31"/>
  </code>
  <code code="C1511">
    <editdetail attribution="Reuters BIP Coding Group" action="confirmed" date="1997-03-31"/>
  </code>
  <code code="CCAT">
    <editdetail attribution="Reuters BIP Coding Group" action="confirmed" date="1997-03-31"/>
  </code>
</codes>
<dc element="dc.date.created" value="1997-03-31"/>
<dc element="dc.publisher" value="Reuters Holdings Plc"/>
<dc element="dc.date.published" value="1997-03-31"/>
<dc element="dc.source" value="Reuters"/>
<dc element="dc.creator.location" value="SEATTLE"/>
<dc element="dc.creator.location.country.name" value="USA"/>
<dc element="dc.source" value="Reuters"/>
</metadata>
</newsitem>
