<?xml version="1.0" encoding="iso-8859-1" ?>
<newsitem itemid="476346" id="root" date="1997-03-31" xml:lang="en">
<title>USA: Finish Line Q4 Mar 1 net up on sales gain.</title>
<headline>Finish Line Q4 Mar 1 net up on sales gain.</headline>
<dateline>INDIANAPOLIS 1997-03-31</dateline>
<text>
<p>Finish Line Inc said Monday infrastructure improvements and higher sales helped earnings climb to record levels in the fourth quarter ended March 1.</p>
<p>The company reported net income of $6.7 million, or $0.26 a share, up from $3.6 million, or $0.17, a year ago. Sales in the period rose to $96.2 million from $70.6 million, Finish Line said.</p>
<p>The retailer added its sales are growing as it also sees significant decreases in inventory on a per square foot basis.</p>
<p>Finish Line sells athletic and lifestyle footwear, activewear and accessories.</p>
<p>Its shares were off 1-1/4 Monday at 22-1/4.</p>
<p>((Chicago newsdesk (312) 408-8787))</p>
</text>
<copyright>(c) Reuters Limited 1997</copyright>
<metadata>
<codes class="bip:countries:1.0">
  <code code="USA">
    <editdetail attribution="Reuters BIP Coding Group" action="confirmed" date="1997-03-31"/>
  </code>
</codes>
<codes class="bip:industries:1.0">
  <code code="I65400">
    <editdetail attribution="Reuters BIP Coding Group" action="confirmed" date="1997-03-31"/>
  </code>
</codes>
<codes class="bip:topics:1.0">
  <code code="C15">
    <editdetail attribution="Reuters BIP Coding Group" action="confirmed" date="1997-03-31"/>
  </code>
  <code code="C151">
    <editdetail attribution="Reuters BIP Coding Group" action="confirmed" date="1997-03-31"/>
  </code>
  <code code="C1511">
    <editdetail attribution="Reuters BIP Coding Group" action="confirmed" date="1997-03-31"/>
  </code>
  <code code="CCAT">
    <editdetail attribution="Reuters BIP Coding Group" action="confirmed" date="1997-03-31"/>
  </code>
</codes>
<dc element="dc.date.created" value="1997-03-31"/>
<dc element="dc.publisher" value="Reuters Holdings Plc"/>
<dc element="dc.date.published" value="1997-03-31"/>
<dc element="dc.source" value="Reuters"/>
<dc element="dc.creator.location" value="INDIANAPOLIS"/>
<dc element="dc.creator.location.country.name" value="USA"/>
<dc element="dc.source" value="Reuters"/>
</metadata>
</newsitem>
