<?xml version="1.0" encoding="iso-8859-1" ?>
<newsitem itemid="476378" id="root" date="1997-03-31" xml:lang="en">
<title>USA: VSE expects volatile earnings in 1997.</title>
<headline>VSE expects volatile earnings in 1997.</headline>
<dateline>ALEXANDRIA, Va. 1997-03-31</dateline>
<text>
<p>VSE Corp said Monday that based on backlog estimates, the company has the potential to increase annual revenues and earnings per share in 1997.</p>
<p>But the company added that based on its current business and contract mix, which includes both fixed-price contracts and long- lead commercial software sales, its expects quarterly earnings in 1997 to fluctuate with more volatility than in recent years.</p>
<p>As a result, VSE said it is likely that its future quarterly operating results, beginning with the quarter ending March 31, may not be consistent with recent 1996 quarterly results and that the price of its stock may be materially and adversely affected.</p>
<p>VSE provides diversified services and products to the engineering, energy and environment, health care, information technology, and defense services markets.  VSE's principal customers are agencies of the U.S. Government and other prime contractors.</p>
</text>
<copyright>(c) Reuters Limited 1997</copyright>
<metadata>
<codes class="bip:countries:1.0">
  <code code="USA">
    <editdetail attribution="Reuters BIP Coding Group" action="confirmed" date="1997-03-31"/>
  </code>
</codes>
<codes class="bip:topics:1.0">
  <code code="C15">
    <editdetail attribution="Reuters BIP Coding Group" action="confirmed" date="1997-03-31"/>
  </code>
  <code code="C152">
    <editdetail attribution="Reuters BIP Coding Group" action="confirmed" date="1997-03-31"/>
  </code>
  <code code="CCAT">
    <editdetail attribution="Reuters BIP Coding Group" action="confirmed" date="1997-03-31"/>
  </code>
</codes>
<dc element="dc.date.created" value="1997-03-31"/>
<dc element="dc.publisher" value="Reuters Holdings Plc"/>
<dc element="dc.date.published" value="1997-03-31"/>
<dc element="dc.source" value="Reuters"/>
<dc element="dc.creator.location" value="ALEXANDRIA, Va."/>
<dc element="dc.creator.location.country.name" value="USA"/>
<dc element="dc.source" value="Reuters"/>
</metadata>
</newsitem>
