<?xml version="1.0" encoding="iso-8859-1" ?>
<newsitem itemid="476344" id="root" date="1997-03-31" xml:lang="en">
<title>USA: West Virginia bill would allow hotel bed tax hike.</title>
<headline>West Virginia bill would allow hotel bed tax hike.</headline>
<dateline>CHARLESTON, W.Va. 1997-03-31</dateline>
<text>
<p>A bill pending in the West Virginia House of Delegates would allow cities and counties to raise their hotel bed taxes to six percent to fund convention centers and recreation facilities.</p>
<p>The current limit is three percent. The proposal (HB2545) was undergoing legal review before the House Finance Committee Monday. Sponsors include House Speaker Bob Kiss, D-Raleigh.</p>
<p>Under the bill, the new revenue could only be used for convention centers and recreation facilities. The finance committee added an amendment exempting the dozen or so large hotels that have golf courses.</p>
<p>Motel and hotel industry officials have lobbied against the proposal. City officials in Charleston said that if it passes, they would seek a tax increase to fund renovation at the city's civic center.</p>
<p>((--Jane Sutton, 305-374-5013))</p>
</text>
<copyright>(c) Reuters Limited 1997</copyright>
<metadata>
<codes class="bip:countries:1.0">
  <code code="USA">
    <editdetail attribution="Reuters BIP Coding Group" action="confirmed" date="1997-03-31"/>
  </code>
</codes>
<codes class="bip:industries:1.0">
  <code code="I66500">
    <editdetail attribution="Reuters BIP Coding Group" action="confirmed" date="1997-03-31"/>
  </code>
</codes>
<codes class="bip:topics:1.0">
  <code code="C13">
    <editdetail attribution="Reuters BIP Coding Group" action="confirmed" date="1997-03-31"/>
  </code>
  <code code="CCAT">
    <editdetail attribution="Reuters BIP Coding Group" action="confirmed" date="1997-03-31"/>
  </code>
  <code code="E21">
    <editdetail attribution="Reuters BIP Coding Group" action="confirmed" date="1997-03-31"/>
  </code>
  <code code="E211">
    <editdetail attribution="Reuters BIP Coding Group" action="confirmed" date="1997-03-31"/>
  </code>
  <code code="ECAT">
    <editdetail attribution="Reuters BIP Coding Group" action="confirmed" date="1997-03-31"/>
  </code>
  <code code="GCAT">
    <editdetail attribution="Reuters BIP Coding Group" action="confirmed" date="1997-03-31"/>
  </code>
  <code code="GPOL">
    <editdetail attribution="Reuters BIP Coding Group" action="confirmed" date="1997-03-31"/>
  </code>
</codes>
<dc element="dc.date.created" value="1997-03-31"/>
<dc element="dc.publisher" value="Reuters Holdings Plc"/>
<dc element="dc.date.published" value="1997-03-31"/>
<dc element="dc.source" value="Reuters"/>
<dc element="dc.creator.location" value="CHARLESTON, W.Va."/>
<dc element="dc.creator.location.country.name" value="USA"/>
<dc element="dc.source" value="Reuters"/>
</metadata>
</newsitem>
