<?xml version="1.0" encoding="iso-8859-1" ?>
<newsitem itemid="476331" id="root" date="1997-03-31" xml:lang="en">
<title>USA: Transtech Industries Inc 1996 loss grows.</title>
<headline>Transtech Industries Inc 1996 loss grows.</headline>
<dateline>PISCATAWAY, N.J. 1997-03-31</dateline>
<text>
<p>(In $000's, except per share data)</p>
<p>						    For the Year</p>
<p>						  Ended December 31,</p>
<p>					     1996		    1995</p>
<p> Revenues				    363		     373</p>
<p> Income (loss) from operations   (2,285)		 (2,929)</p>
<p> Other income (expense)	   (472)(a)		2,066(b)</p>
<p>Net income (loss) from</p>
<p>   continuing operations	   (2,755)		   (417)</p>
<p>Income (loss) from discontinued</p>
<p>   operations				 --		   (351)</p>
<p> Extraordinary item		 (512)(c)			--</p>
<p> Net income (loss)		   (3,267)		   (768)</p>
<p>Income (loss) per common</p>
<p>share:</p>
<p>Income (loss) from</p>
<p>continuing operations</p>
<p>	net of income taxes	    (.97)		   (.15)</p>
<p>Income (loss) from</p>
<p>	 discontinued</p>
<p>	 operations			   --		   (.12)</p>
<p>    Extraordinary item		 (.18)			--</p>
<p>    Net income (loss)		 (1.15)		   (.27)</p>
<p>Number of shares used in</p>
<p>   calculation		     2,829,000	     2,829,000</p>
<p>(a) Includes charges of $671,000 and $500,000 in 1996, reflecting reductions in the carrying value of assets held for sale and clay deposits, respectively.  Also includes charge of $37,000 in 1996 related to a reduction in the carrying value of the investment in computer equipment. (b) Includes income of $1,451,000 in 1995 from the reversal of accrued remediation expenses related to a site on which the company operated a solvents-recovery facility. Also includes a charge of $360,000 in 1995 related to a reduction in the carrying value of an investment in computer equipment. (c) Write-off of some intangible assets in conjunction with the sale of Hunt Valve Co Inc.</p>
</text>
<copyright>(c) Reuters Limited 1997</copyright>
<metadata>
<codes class="bip:countries:1.0">
  <code code="USA">
    <editdetail attribution="Reuters BIP Coding Group" action="confirmed" date="1997-03-31"/>
  </code>
</codes>
<codes class="bip:industries:1.0">
  <code code="I92110">
    <editdetail attribution="Reuters BIP Coding Group" action="confirmed" date="1997-03-31"/>
  </code>
</codes>
<codes class="bip:topics:1.0">
  <code code="C15">
    <editdetail attribution="Reuters BIP Coding Group" action="confirmed" date="1997-03-31"/>
  </code>
  <code code="C151">
    <editdetail attribution="Reuters BIP Coding Group" action="confirmed" date="1997-03-31"/>
  </code>
  <code code="C1511">
    <editdetail attribution="Reuters BIP Coding Group" action="confirmed" date="1997-03-31"/>
  </code>
  <code code="CCAT">
    <editdetail attribution="Reuters BIP Coding Group" action="confirmed" date="1997-03-31"/>
  </code>
</codes>
<dc element="dc.date.created" value="1997-03-31"/>
<dc element="dc.publisher" value="Reuters Holdings Plc"/>
<dc element="dc.date.published" value="1997-03-31"/>
<dc element="dc.source" value="Reuters"/>
<dc element="dc.creator.location" value="PISCATAWAY, N.J."/>
<dc element="dc.creator.location.country.name" value="USA"/>
<dc element="dc.source" value="Reuters"/>
</metadata>
</newsitem>
