<?xml version="1.0" encoding="iso-8859-1" ?>
<newsitem itemid="476347" id="root" date="1997-03-31" xml:lang="en">
<title>USA: Senetek PLC Q4 full results.</title>
<headline>Senetek PLC Q4 full results.</headline>
<dateline>NEW YORK 1997-03-31</dateline>
<text>
<p>SENETEK PLC</p>
<p>				   Year Ended	     Qtr Ended</p>
<p>			 Dec. 31	Dec. 31     Dec. 31   Dec. 31</p>
<p>			    1996	  1995	  1996	1995</p>
<p> Revenues	 $6,486,000  $1,931,000  $1,635,000 $1,850,000</p>
<p> Net Loss	 (4,020,000) (3,721,000) (1,333,000) (809,000)</p>
<p>Net (Loss) Per Share</p>
<p>			   (0.10)	(0.09)	(0.03)    (0.02)</p>
<p>((-- New York Newsdesk 212 859-1610))</p>
</text>
<copyright>(c) Reuters Limited 1997</copyright>
<metadata>
<codes class="bip:countries:1.0">
  <code code="USA">
    <editdetail attribution="Reuters BIP Coding Group" action="confirmed" date="1997-03-31"/>
  </code>
</codes>
<codes class="bip:industries:1.0">
  <code code="I25700">
    <editdetail attribution="Reuters BIP Coding Group" action="confirmed" date="1997-03-31"/>
  </code>
</codes>
<codes class="bip:topics:1.0">
  <code code="C15">
    <editdetail attribution="Reuters BIP Coding Group" action="confirmed" date="1997-03-31"/>
  </code>
  <code code="C151">
    <editdetail attribution="Reuters BIP Coding Group" action="confirmed" date="1997-03-31"/>
  </code>
  <code code="C1511">
    <editdetail attribution="Reuters BIP Coding Group" action="confirmed" date="1997-03-31"/>
  </code>
  <code code="CCAT">
    <editdetail attribution="Reuters BIP Coding Group" action="confirmed" date="1997-03-31"/>
  </code>
</codes>
<dc element="dc.date.created" value="1997-03-31"/>
<dc element="dc.publisher" value="Reuters Holdings Plc"/>
<dc element="dc.date.published" value="1997-03-31"/>
<dc element="dc.source" value="Reuters"/>
<dc element="dc.creator.location" value="NEW YORK"/>
<dc element="dc.creator.location.country.name" value="USA"/>
<dc element="dc.source" value="Reuters"/>
</metadata>
</newsitem>
