<?xml version="1.0" encoding="iso-8859-1" ?>
<newsitem itemid="476332" id="root" date="1997-03-31" xml:lang="en">
<title>USA: Mobile America Corp Q4 shr $0.35 vs $0.25.</title>
<headline>Mobile America Corp Q4 shr $0.35 vs $0.25.</headline>
<dateline>JACKSONVILLE, Fla. 1997-03-27</dateline>
<text>
<p>MOBILE AMERICA CORP.</p>
<p> QUARTER ENDED DEC. 31:		  1996	     1995</p>
<p> Total Revenues		    $13,052,277    $16,943,727</p>
<p> Net Income			    2,096,914	1,552,723</p>
<p>Weighted average number of</p>
<p>common stock and common</p>
<p>  stock equivalents		  6,255,040	6,260,040</p>
<p> Net Income Per Share			.34		.25</p>
<p> YEAR ENDED DEC. 31:		     1996	     1995</p>
<p> Total Revenues		    $48,163,935    $52,925,874</p>
<p> Net Income			    7,571,392	5,999,694</p>
<p>Weighted average number of</p>
<p>common stock and common</p>
<p>  stock equivalents		  6,255,040	6,260,040</p>
<p> Net Income Per Share		     1.21		.96</p>
</text>
<copyright>(c) Reuters Limited 1997</copyright>
<metadata>
<codes class="bip:countries:1.0">
  <code code="USA">
    <editdetail attribution="Reuters BIP Coding Group" action="confirmed" date="1997-03-31"/>
  </code>
</codes>
<codes class="bip:industries:1.0">
  <code code="I82000">
    <editdetail attribution="Reuters BIP Coding Group" action="confirmed" date="1997-03-31"/>
  </code>
</codes>
<codes class="bip:topics:1.0">
  <code code="C15">
    <editdetail attribution="Reuters BIP Coding Group" action="confirmed" date="1997-03-31"/>
  </code>
  <code code="C151">
    <editdetail attribution="Reuters BIP Coding Group" action="confirmed" date="1997-03-31"/>
  </code>
  <code code="C1511">
    <editdetail attribution="Reuters BIP Coding Group" action="confirmed" date="1997-03-31"/>
  </code>
  <code code="CCAT">
    <editdetail attribution="Reuters BIP Coding Group" action="confirmed" date="1997-03-31"/>
  </code>
</codes>
<dc element="dc.date.created" value="1997-03-27"/>
<dc element="dc.publisher" value="Reuters Holdings Plc"/>
<dc element="dc.date.published" value="1997-03-31"/>
<dc element="dc.source" value="Reuters"/>
<dc element="dc.creator.location" value="JACKSONVILLE, Fla."/>
<dc element="dc.creator.location.country.name" value="USA"/>
<dc element="dc.source" value="Reuters"/>
</metadata>
</newsitem>
