<?xml version="1.0" encoding="iso-8859-1" ?>
<newsitem itemid="476351" id="root" date="1997-03-31" xml:lang="en">
<title>USA: U.S. Crude Outlook - prices entrenched in weakness.</title>
<headline>U.S. Crude Outlook - prices entrenched in weakness.</headline>
<dateline>NEW YORK 1997-03-31</dateline>
<text>
<p>U.S. crude oil prices are likely to remain entrenched in a weak range this week amid ample physical supplies, but analysts say the upcoming &quot;driving season&quot; could begin to mop up some of the excess.</p>
<p>Analysts are keeping watch on today's expiry of the April contracts for refined products, especially for gasoline, to set the tone for the oil complex this week.</p>
<p>&quot;Much hinges on how gasoline progresses,&quot; said John Saucer, an analyst with Smith Barney in Houston. &quot;At this point, it's still struggling relative to the rest of the complex.&quot;</p>
<p>Tom Bentz of ING Derivatives in New York seconded that view. &quot;Gasoline still hasn't exhibited a lot of strength. There doesn't seem to be a lot of fear about gasoline,&quot; he said.</p>
<p>NYMEX gasoline for April was trading around 64.30 cents a gallon in New York Harbor early Monday afternoon, down 0.33 cents from Thursday's settlement.</p>
<p>Still, Saucer pointed out that refinery runs are beginning to pick up in anticipation of the summer driving season.</p>
<p>&quot;The crude market won't be as sloppy as it has been&quot; in the weeks ahead, he said.</p>
<p>Market activity was subdued on Monday after the long Easter weekend. London's International Petroleum Exchange (IPE) is closed today to observe Easter Monday, and some  state-side traders have not yet returned to their offices.</p>
<p>May West Texas Intermediate/Cushing was trading around $20.70-80 a barrel at midday, up about five cents from late Thursday's cash market.</p>
<p>Sweet domestic cash grade differentials were talked slightly weaker, reflecting the resolution of last week's hostage crisis at Royal Dutch/Shell's operations in the Niger Delta.</p>
<p>The disturbances shut down some 210,000 barrel per day (bpd) of Nigerian production from top equity producer Royal Dutch/Shell's operations, or about 10 percent of the country's total flows. Shell said Monday it was restarting oil output at all affected locations following the restoration of peace in the region, though Nigerian production remained some 160,000 bpd below normal.</p>
<p>U.S. sour cash crudes were steady although traders expect these grades to lose steam in the weeks ahead.</p>
<p>&quot;If there's one thing we've got plenty of it's sour,&quot; said a Texas broker. &quot;I still think we could be below below $3.00 (discount to WTI/Cushing).&quot;</p>
<p>West Texas Sour/Midland was trading around WTI/Cushing minus $2.40 a barrel late Monday morning.</p>
<p>Abundant foreign crudes continue to pressure the U.S. domestic crude market. Swiss-based trader Glencore has chartered a ULCC for North Sea Brent which could arrive on the Gulf Coast at the end of April, although it's still possible that the trading house could head to South Africa instead.</p>
<p>The May spread between WTI and Brent was around $1.35-40 a barrel on Monday, a level that would ordinarily discourage transatlantic trade except for the continued weakness of dated Brent.</p>
<p>Dated Brent stood around May Brent minus 85 cents a barrel on Monday.</p>
<p>Nigerian crude as well as short-haul barrels from Latin America are also plentiful, giving Gulf Coast refiners a wide range of crudes to choose from as they gear up to produce more gasoline.</p>
<p>One trader pointed out, however, that improved refining margins are transforming the current crude surplus into a product surplus, a concept that could be borne out in this week's inventory statistics.</p>
<p>--New York Energy Desk ((+1 212 859 1620))</p>
</text>
<copyright>(c) Reuters Limited 1997</copyright>
<metadata>
<codes class="bip:countries:1.0">
  <code code="USA">
    <editdetail attribution="Reuters BIP Coding Group" action="confirmed" date="1997-03-31"/>
  </code>
</codes>
<codes class="bip:topics:1.0">
  <code code="M14">
    <editdetail attribution="Reuters BIP Coding Group" action="confirmed" date="1997-03-31"/>
  </code>
  <code code="M143">
    <editdetail attribution="Reuters BIP Coding Group" action="confirmed" date="1997-03-31"/>
  </code>
  <code code="MCAT">
    <editdetail attribution="Reuters BIP Coding Group" action="confirmed" date="1997-03-31"/>
  </code>
</codes>
<dc element="dc.date.created" value="1997-03-31"/>
<dc element="dc.publisher" value="Reuters Holdings Plc"/>
<dc element="dc.date.published" value="1997-03-31"/>
<dc element="dc.source" value="Reuters"/>
<dc element="dc.creator.location" value="NEW YORK"/>
<dc element="dc.creator.location.country.name" value="USA"/>
<dc element="dc.source" value="Reuters"/>
</metadata>
</newsitem>
