<?xml version="1.0" encoding="iso-8859-1" ?>
<newsitem itemid="476337" id="root" date="1997-03-31" xml:lang="en">
<title>USA: U.S. bill auction rates average 5.18, 5.31 pct.</title>
<headline>U.S. bill auction rates average 5.18, 5.31 pct.</headline>
<dateline>WASHINGTON 1997-03-31</dateline>
<text>
<p>The U.S. Treasury said its auction of three and six-month bills brought these results:</p>
<p>91-DAY BILLS DUE JULY 3, 1997 * $7.062 BILLION</p>
<p>	 DISCOUNT INVESTMENT PRICE</p>
<p> Low	  5.17   5.31   98.693   LOW SINCE 5.13%--17.Mar.97</p>
<p> High	 5.19   5.33   98.688   ACCEPTED AT HIGH   10 PCT</p>
<p> Average    5.18   5.32   98.691   AVG RATE LAST WK    5.26</p>
<p>182-DAY BILLS DUE OCT 2, 1997 * $7.040 BILLION</p>
<p> Low	  5.29   5.51   97.326   LOW SINCE 5.26%--17.Mar.97</p>
<p> High	 5.31   5.53   97.316   ACCEPTED AT HIGH   35 PCT</p>
<p> Average    5.31   5.53   97.316   AVG RATE LAST WK    5.33</p>
<p> U.S. TREASURY (GOVERNMENT DEBT)		 MATURITY 03.Jul.97</p>
<p> MATURITY/TYPE    91-DAY BILLS		   PAY DATE 03.Apr.97</p>
<p> TYPE OF DEBT     STRAIGHT			 LAUNCHED 31.Mar.97</p>
<p> ISSUED/ACCEPTED   7.062 BLN USD		 CUSIP    9127945D2</p>
<p> BIDS SUBMITTED   37.979			   COUNTRY	  USA</p>
<p> NONCOMPETITIVE    1.418			    AUCTION AVERAGES</p>
<p> NY FED DISTRICT    N.A.			   DISCOUNT     5.18</p>
<p> FOREIGN INSTITN  480.20 MLN		     PRICE	98.691</p>
<p> BIDDING RANGE     5.17-5.19 PCT		 YIELD	  5.32</p>
<p>	 COVER (Bids Over Amount Auctioned) = 5.378 TIMES</p>
<p>	 TAIL  (High  Minus Average  Yield) = 1 BASIS PTS</p>
<p> U.S. TREASURY (GOVERNMENT DEBT)		 MATURITY 02.Oct.97</p>
<p> MATURITY/TYPE    182-DAY BILLS		  PAY DATE 03.Apr.97</p>
<p> TYPE OF DEBT     STRAIGHT			 LAUNCHED 31.Mar.97</p>
<p> ISSUED/ACCEPTED   7.040 BLN USD		 CUSIP    9127945P5</p>
<p> BIDS SUBMITTED   37.156			   COUNTRY	  USA</p>
<p> NONCOMPETITIVE    1.212			    AUCTION AVERAGES</p>
<p> NY FED DISTRICT    N.A.			   DISCOUNT     5.31</p>
<p> FOREIGN INSTITN   1.703			   PRICE	97.316</p>
<p> BIDDING RANGE     5.29-5.31 PCT		 YIELD	  5.53</p>
<p>	 COVER (Bids Over Amount Auctioned) = 5.278 TIMES</p>
<p>	 TAIL  (High  Minus Average  Yield) = 0 BASIS PTS</p>
</text>
<copyright>(c) Reuters Limited 1997</copyright>
<metadata>
<codes class="bip:countries:1.0">
  <code code="USA">
    <editdetail attribution="Reuters BIP Coding Group" action="confirmed" date="1997-03-31"/>
  </code>
</codes>
<codes class="bip:topics:1.0">
  <code code="M13">
    <editdetail attribution="Reuters BIP Coding Group" action="confirmed" date="1997-03-31"/>
  </code>
  <code code="M131">
    <editdetail attribution="Reuters BIP Coding Group" action="confirmed" date="1997-03-31"/>
  </code>
  <code code="MCAT">
    <editdetail attribution="Reuters BIP Coding Group" action="confirmed" date="1997-03-31"/>
  </code>
</codes>
<dc element="dc.date.created" value="1997-03-31"/>
<dc element="dc.publisher" value="Reuters Holdings Plc"/>
<dc element="dc.date.published" value="1997-03-31"/>
<dc element="dc.source" value="Reuters"/>
<dc element="dc.creator.location" value="WASHINGTON"/>
<dc element="dc.creator.location.country.name" value="USA"/>
<dc element="dc.source" value="Reuters"/>
</metadata>
</newsitem>
