<?xml version="1.0" encoding="iso-8859-1" ?>
<newsitem itemid="476379" id="root" date="1997-03-31" xml:lang="en">
<title>USA: Med/Waste to buy stake in Biomedical.</title>
<headline>Med/Waste to buy stake in Biomedical.</headline>
<dateline>OPA LOCKA, Fla. 1997-03-31</dateline>
<text>
<p>Med/Waste Inc on Monday said it agreed to buy 40 percent of Biomedical Waste Systems as part of a reorganization of Biomedical.</p>
<p>Biomedical, which owns a medical waste incineration facility, filed for Chapter 11 bankruptcy protection two years ago, Med/Waste said.</p>
<p>As plan funder, Med/Waste would invest $2 million to purchase 1.5 million shares of newly issued Biomed capital stock and up to a maximum of 3.75 million shares of newly issued capital common stock contemplated under the plan of reorganization, the company said.  </p>
<p>Under the terms of the agreement, Med/Waste would have the right to name five of the eight members of the board of directors, Med/Waste said.</p>
<p>Med/Waste said it would acquire five-year warrants to purchase up to 1 million additional shares of newly issued Biomed capital stock at $2.00 per share, which if exercised, would give it more than 50 percent ownership of Biomed.</p>
<p>The deal is conditioned upon completion of due diligence by Med/Waste and approvals by Biomed creditors and the Bankruptcy Court of the Southern District of New York, Med/Waste said.  </p>
<p>Also, under the plan funding agreement, Biomed must secure $6.o million in long-term debt financing, the company said.</p>
<p>If the plan of reorganization is approved by the court and creditors, long-term financing is secured and the plan is funded by Med/Waste, all of the current common stock will be canceled, Med/Waste said.</p>
<p>The present timetable calls for a closing of the transaction no later than August 1.</p>
</text>
<copyright>(c) Reuters Limited 1997</copyright>
<metadata>
<codes class="bip:countries:1.0">
  <code code="USA">
    <editdetail attribution="Reuters BIP Coding Group" action="confirmed" date="1997-03-31"/>
  </code>
</codes>
<codes class="bip:industries:1.0">
  <code code="I92110">
    <editdetail attribution="Reuters BIP Coding Group" action="confirmed" date="1997-03-31"/>
  </code>
</codes>
<codes class="bip:topics:1.0">
  <code code="C18">
    <editdetail attribution="Reuters BIP Coding Group" action="confirmed" date="1997-03-31"/>
  </code>
  <code code="C181">
    <editdetail attribution="Reuters BIP Coding Group" action="confirmed" date="1997-03-31"/>
  </code>
  <code code="CCAT">
    <editdetail attribution="Reuters BIP Coding Group" action="confirmed" date="1997-03-31"/>
  </code>
</codes>
<dc element="dc.date.created" value="1997-03-31"/>
<dc element="dc.publisher" value="Reuters Holdings Plc"/>
<dc element="dc.date.published" value="1997-03-31"/>
<dc element="dc.source" value="Reuters"/>
<dc element="dc.creator.location" value="OPA LOCKA, Fla."/>
<dc element="dc.creator.location.country.name" value="USA"/>
<dc element="dc.source" value="Reuters"/>
</metadata>
</newsitem>
