<?xml version="1.0" encoding="iso-8859-1" ?>
<newsitem itemid="476330" id="root" date="1997-03-31" xml:lang="en">
<title>USA: Cellegy Pharmaceuticals 1996 shr loss $1.11.</title>
<headline>Cellegy Pharmaceuticals 1996 shr loss $1.11.</headline>
<dateline>FOSTER CITY, Calif. 1997-03-31</dateline>
<text>
<p>Cellegy Pharmaceuticals Inc.</p>
<p>			     Summary Financial Results</p>
<p>			   December 31, 1996</p>
<p>				   Income Statements</p>
<p>		 (Amounts in thousands, expect per-share amounts)</p>
<p>						  Year Ended December 31,</p>
<p>							   1996	  1995</p>
<p> Revenues					    $  648	$1,000</p>
<p> Operating and other income (expenses)	4,016	 3,152</p>
<p>    Net loss					  3,368	 2,152</p>
<p> Non-cash preferred dividends		   1,414	    --</p>
<p>Net loss applicable to common</p>
<p>     shareholders (a)			     4,782	 2,152</p>
<p>Pro forma net loss per share applicable</p>
<p>     to common shareholders		    (1.11)	(0.67)</p>
</text>
<copyright>(c) Reuters Limited 1997</copyright>
<metadata>
<codes class="bip:countries:1.0">
  <code code="USA">
    <editdetail attribution="Reuters BIP Coding Group" action="confirmed" date="1997-03-31"/>
  </code>
</codes>
<codes class="bip:industries:1.0">
  <code code="I25700">
    <editdetail attribution="Reuters BIP Coding Group" action="confirmed" date="1997-03-31"/>
  </code>
</codes>
<codes class="bip:topics:1.0">
  <code code="C15">
    <editdetail attribution="Reuters BIP Coding Group" action="confirmed" date="1997-03-31"/>
  </code>
  <code code="C151">
    <editdetail attribution="Reuters BIP Coding Group" action="confirmed" date="1997-03-31"/>
  </code>
  <code code="C1511">
    <editdetail attribution="Reuters BIP Coding Group" action="confirmed" date="1997-03-31"/>
  </code>
  <code code="CCAT">
    <editdetail attribution="Reuters BIP Coding Group" action="confirmed" date="1997-03-31"/>
  </code>
</codes>
<dc element="dc.date.created" value="1997-03-31"/>
<dc element="dc.publisher" value="Reuters Holdings Plc"/>
<dc element="dc.date.published" value="1997-03-31"/>
<dc element="dc.source" value="Reuters"/>
<dc element="dc.creator.location" value="FOSTER CITY, Calif."/>
<dc element="dc.creator.location.country.name" value="USA"/>
<dc element="dc.source" value="Reuters"/>
</metadata>
</newsitem>
