<?xml version="1.0" encoding="iso-8859-1" ?>
<newsitem itemid="476359" id="root" date="1997-03-31" xml:lang="en">
<title>USA: D&amp;P reaffirms Provident Life ratings.</title>
<headline>D&amp;P reaffirms Provident Life ratings.</headline>
<dateline>CHICAGO 1997-03-31</dateline>
<text>
<p>Duff &amp; Phelps Credit Rating Co said Monday it reaffirmed the claims paying ability rating of Provident Cos' Provident Life &amp; Accident Insurance Co and Provident National Assurance Co.</p>
<p>It also removed these ratings from rating watch-uncertain.</p>
<p>These ratings were placed on rating watch after the parent company said it was acquiring Paul Revere Corp in a $1.2 billion transaction. The merger closed March 27.</p>
<p>Based on a review of the situation, Duff &amp; Phelps concluded the merger has the potential for substantial unit cost reductions, new operational efficiencies and marketing synergies for the combined companies.</p>
<p>		((Reuters Chicago Newsdesk (312) 408-8787))</p>
</text>
<copyright>(c) Reuters Limited 1997</copyright>
<metadata>
<codes class="bip:countries:1.0">
  <code code="USA">
    <editdetail attribution="Reuters BIP Coding Group" action="confirmed" date="1997-03-31"/>
  </code>
</codes>
<codes class="bip:industries:1.0">
  <code code="I82002">
    <editdetail attribution="Reuters BIP Coding Group" action="confirmed" date="1997-03-31"/>
  </code>
</codes>
<codes class="bip:topics:1.0">
  <code code="C17">
    <editdetail attribution="Reuters BIP Coding Group" action="confirmed" date="1997-03-31"/>
  </code>
  <code code="C174">
    <editdetail attribution="Reuters BIP Coding Group" action="confirmed" date="1997-03-31"/>
  </code>
  <code code="CCAT">
    <editdetail attribution="Reuters BIP Coding Group" action="confirmed" date="1997-03-31"/>
  </code>
</codes>
<dc element="dc.date.created" value="1997-03-31"/>
<dc element="dc.publisher" value="Reuters Holdings Plc"/>
<dc element="dc.date.published" value="1997-03-31"/>
<dc element="dc.source" value="Reuters"/>
<dc element="dc.creator.location" value="CHICAGO"/>
<dc element="dc.creator.location.country.name" value="USA"/>
<dc element="dc.source" value="Reuters"/>
</metadata>
</newsitem>
