<?xml version="1.0" encoding="iso-8859-1" ?>
<newsitem itemid="476307" id="root" date="1997-03-31" xml:lang="en">
<title>USA: Symbollon Corp 1996 loss narrows.</title>
<headline>Symbollon Corp 1996 loss narrows.</headline>
<dateline>SUDBURY, Mass. 1997-03-31</dateline>
<text>
<p>(U.S. dollars, in thousands, except share and per share amounts)</p>
<p>						Year Ended Dec. 31,</p>
<p>						 1996	   1995</p>
<p> Net sales				$    118     $    123</p>
<p> Contract/License fee revenue	    645	    250</p>
<p>  Total revenue				763	    373</p>
<p>Operating expenses:</p>
<p>  Cost of goods sold			  70	    104</p>
<p>  Research and development	     1,002	    980</p>
<p>  General and administrative	     686	    798</p>
<p>  Total costs and expenses	     1,758	  1,882</p>
<p> Loss from operations		    (995)	(1,509)</p>
<p> Other income (net)			   90	    135</p>
<p> Net Loss				    (905)	(1,374)</p>
<p> Net Loss Per Share		     (0.52)	 (0.79)</p>
<p>Weighted average number</p>
<p>  of shares outstanding	    1,781,796    1,734,019</p>
</text>
<copyright>(c) Reuters Limited 1997</copyright>
<metadata>
<codes class="bip:countries:1.0">
  <code code="USA">
    <editdetail attribution="Reuters BIP Coding Group" action="confirmed" date="1997-03-31"/>
  </code>
</codes>
<codes class="bip:industries:1.0">
  <code code="I25700">
    <editdetail attribution="Reuters BIP Coding Group" action="confirmed" date="1997-03-31"/>
  </code>
</codes>
<codes class="bip:topics:1.0">
  <code code="C15">
    <editdetail attribution="Reuters BIP Coding Group" action="confirmed" date="1997-03-31"/>
  </code>
  <code code="C151">
    <editdetail attribution="Reuters BIP Coding Group" action="confirmed" date="1997-03-31"/>
  </code>
  <code code="C1511">
    <editdetail attribution="Reuters BIP Coding Group" action="confirmed" date="1997-03-31"/>
  </code>
  <code code="CCAT">
    <editdetail attribution="Reuters BIP Coding Group" action="confirmed" date="1997-03-31"/>
  </code>
</codes>
<dc element="dc.date.created" value="1997-03-31"/>
<dc element="dc.publisher" value="Reuters Holdings Plc"/>
<dc element="dc.date.published" value="1997-03-31"/>
<dc element="dc.source" value="Reuters"/>
<dc element="dc.creator.location" value="SUDBURY, Mass."/>
<dc element="dc.creator.location.country.name" value="USA"/>
<dc element="dc.source" value="Reuters"/>
</metadata>
</newsitem>
