<?xml version="1.0" encoding="iso-8859-1" ?>
<newsitem itemid="476306" id="root" date="1997-03-31" xml:lang="en">
<title>USA: U.S. interest rates higher in latest week.</title>
<headline>U.S. interest rates higher in latest week.</headline>
<dateline>WASHINGTON 1997-03-31</dateline>
<text>
<p>The Federal Reserve announced average interest rates for the week ended March 28, compared with the March 21 week, as follows:</p>
<p>   Federal funds rate.................5.40 vs 5.26</p>
<p>   3-month Treasury bills.............5.25 vs 5.17</p>
<p>   3-month commercial paper...........5.70 vs 5.55</p>
<p>   3-month bankers acceptances........5.58 vs 5.44</p>
<p>   3-month CDs........................5.65 vs 5.54</p>
<p>   3-month Eurodollar.................5.61 vs 5.50</p>
<p>   30-year Government bond............7.00 vs 6.97</p>
</text>
<copyright>(c) Reuters Limited 1997</copyright>
<metadata>
<codes class="bip:countries:1.0">
  <code code="USA">
    <editdetail attribution="Reuters BIP Coding Group" action="confirmed" date="1997-03-31"/>
  </code>
</codes>
<codes class="bip:topics:1.0">
  <code code="M12">
    <editdetail attribution="Reuters BIP Coding Group" action="confirmed" date="1997-03-31"/>
  </code>
  <code code="M13">
    <editdetail attribution="Reuters BIP Coding Group" action="confirmed" date="1997-03-31"/>
  </code>
  <code code="M131">
    <editdetail attribution="Reuters BIP Coding Group" action="confirmed" date="1997-03-31"/>
  </code>
  <code code="MCAT">
    <editdetail attribution="Reuters BIP Coding Group" action="confirmed" date="1997-03-31"/>
  </code>
</codes>
<dc element="dc.date.created" value="1997-03-31"/>
<dc element="dc.publisher" value="Reuters Holdings Plc"/>
<dc element="dc.date.published" value="1997-03-31"/>
<dc element="dc.source" value="Reuters"/>
<dc element="dc.creator.location" value="WASHINGTON"/>
<dc element="dc.creator.location.country.name" value="USA"/>
<dc element="dc.source" value="Reuters"/>
</metadata>
</newsitem>
