<?xml version="1.0" encoding="iso-8859-1" ?>
<newsitem itemid="476368" id="root" date="1997-03-31" xml:lang="en">
<title>USA: Bull &amp; Bear Group 1996 loss.</title>
<headline>Bull &amp; Bear Group 1996 loss.</headline>
<dateline>NEW YORK 1997-03-31</dateline>
<text>
<p>Year Ended Dec. 31:		     1996		 1995</p>
<p> Revenues			     $7,417,012	 $5,291,030</p>
<p> Net income (loss)		   (320,525)	    156,376</p>
<p>Average shares</p>
<p>  Primary				1,463,279	  1,549,815</p>
<p>  Fully diluted			1,469,354	  1,551,564</p>
<p>Share earnings</p>
<p>  Primary and fully diluted	    (.22)		  .10</p>
</text>
<copyright>(c) Reuters Limited 1997</copyright>
<metadata>
<codes class="bip:countries:1.0">
  <code code="USA">
    <editdetail attribution="Reuters BIP Coding Group" action="confirmed" date="1997-03-31"/>
  </code>
</codes>
<codes class="bip:industries:1.0">
  <code code="I83100">
    <editdetail attribution="Reuters BIP Coding Group" action="confirmed" date="1997-03-31"/>
  </code>
</codes>
<codes class="bip:topics:1.0">
  <code code="C15">
    <editdetail attribution="Reuters BIP Coding Group" action="confirmed" date="1997-03-31"/>
  </code>
  <code code="C151">
    <editdetail attribution="Reuters BIP Coding Group" action="confirmed" date="1997-03-31"/>
  </code>
  <code code="C1511">
    <editdetail attribution="Reuters BIP Coding Group" action="confirmed" date="1997-03-31"/>
  </code>
  <code code="CCAT">
    <editdetail attribution="Reuters BIP Coding Group" action="confirmed" date="1997-03-31"/>
  </code>
</codes>
<dc element="dc.date.created" value="1997-03-31"/>
<dc element="dc.publisher" value="Reuters Holdings Plc"/>
<dc element="dc.date.published" value="1997-03-31"/>
<dc element="dc.source" value="Reuters"/>
<dc element="dc.creator.location" value="NEW YORK"/>
<dc element="dc.creator.location.country.name" value="USA"/>
<dc element="dc.source" value="Reuters"/>
</metadata>
</newsitem>
