<?xml version="1.0" encoding="iso-8859-1" ?>
<newsitem itemid="476320" id="root" date="1997-03-31" xml:lang="en">
<title>USA: US YIELD CURVE - Bills said the place to be for now.</title>
<headline>US YIELD CURVE - Bills said the place to be for now.</headline>
<byline>Steven Scheer</byline>
<dateline>NEW YORK 1997-03-31</dateline>
<text>
<p>With the increasing likelihood the Federal Reserve will hike interest rates again by early July, U.S. Treasury market participants said that the bill sector should benefit from rising coupon yields and a big drop in stock prices.</p>
<p>Bills -- primarily three- and six-month -- have outperformed the rest of the yield curve since last Tuesday's quarter-point rate hike by the Fed.  </p>
<p>While two-year note yields have jumped to 6.44 percent from 6.26 percent and bond yields rose to 7.08 percent from 6.92 percent, the three-month bill rate was down to 5.17 percent Monday morning from 5.25 percent.</p>
<p>The six-month bill rate was at 5.31 percent, down about five basis points from early last week.</p>
<p>Players said the sector is highly expensive, but between quarter-end pressures and the Fed seemingly embarking on a tightening cycle, it is logical for bills to do well.  </p>
<p>&quot;This is a preservation-of-capital period,&quot; said Craig Coats, co-head of taxable fixed income at Prudential Securities Inc, noting players will continue to park money in safe-haven areas such as bills and repos for the time being.</p>
<p>&quot;People will stay short until the Fed is at the end of its (tightening) program,&quot; he said. &quot;They'll buy the short end to be defensive.&quot;</p>
<p>Helping drive rates down, traders said, is the smaller pool of bills offered. For example, at Monday afternoon's weekly auction, Treasury sold only $14 billion three- and six-month bills -- way down from $23 billion in the prior few auctions.  </p>
<p>Mostly, though, the strong performance in the front end was attributed to quarter end &quot;window dressing&quot; and the fear of a string of rate hikes this year.</p>
<p>Also, &quot;because of what is going on in other markets we could hold these levels and do better,&quot; said a bill trader at a primary dealership, referring to U.S. stocks. &quot;We are seeing flight-to-quality.&quot;</p>
<p>After falling 140 points Thursday, the Dow Jones industrial average was down another 80 points Monday afternoon. Some of the money in stocks was shifted to bills, traders said, although a major allocation out of stocks is not expected.  </p>
<p>&quot;Unless you see stocks down 1,000 points, you won't see a meaningful shift,&quot; said Mark Mahoney, Treasury market strategist at Donaldson, Lufkin &amp; Jenrette Securities Corp.</p>
<p>Mahoney said that weaker stock prices aside, there are enough reasons the front end should do well in the near term.</p>
<p>&quot;The front end holds more value,&quot; he said. &quot;So, we should see the front end outperform the back end for the next month.&quot;</p>
<p>As such, Mahoney forecasts a steepening of the overall yield curve, perhaps as much as 10 basis points.</p>
<p>The two-year to 30-year curve steepened a bit on Monday, with the spread widening out to 66 basis points from 64 late Thursday.</p>
<p>Traders noted that the near term directon of the curve and whether bills can hold at what is perceived to be 10 basis points too expensive lies with Friday's March employment report.</p>
<p>&quot;If we get a weaker jobs report and people say the Fed will (skip) the next tightening (in May), we may see bills start to loosen up,&quot; said a trader at a Japanese-based dealer.</p>
<p>(( -- N.A. Treasury Desk, 212-859-1867 ))</p>
</text>
<copyright>(c) Reuters Limited 1997</copyright>
<metadata>
<codes class="bip:countries:1.0">
  <code code="USA">
    <editdetail attribution="Reuters BIP Coding Group" action="confirmed" date="1997-03-31"/>
  </code>
</codes>
<codes class="bip:topics:1.0">
  <code code="M12">
    <editdetail attribution="Reuters BIP Coding Group" action="confirmed" date="1997-03-31"/>
  </code>
  <code code="M13">
    <editdetail attribution="Reuters BIP Coding Group" action="confirmed" date="1997-03-31"/>
  </code>
  <code code="M131">
    <editdetail attribution="Reuters BIP Coding Group" action="confirmed" date="1997-03-31"/>
  </code>
  <code code="MCAT">
    <editdetail attribution="Reuters BIP Coding Group" action="confirmed" date="1997-03-31"/>
  </code>
</codes>
<dc element="dc.date.created" value="1997-03-31"/>
<dc element="dc.publisher" value="Reuters Holdings Plc"/>
<dc element="dc.date.published" value="1997-03-31"/>
<dc element="dc.source" value="Reuters"/>
<dc element="dc.creator.location" value="NEW YORK"/>
<dc element="dc.creator.location.country.name" value="USA"/>
<dc element="dc.source" value="Reuters"/>
</metadata>
</newsitem>
