<?xml version="1.0" encoding="iso-8859-1" ?>
<newsitem itemid="476343" id="root" date="1997-03-31" xml:lang="en">
<title>USA: Liuski International Inc Q4 loss vs net.</title>
<headline>Liuski International Inc Q4 loss vs net.</headline>
<dateline>NORCROSS, Ga. 1997-03-31</dateline>
<text>
<p>Three Months Ended	  Year Ended</p>
<p>			December 31,	     December 31,</p>
<p>			1996	  1995	   1996	   1995</p>
<p>Net Sales$ 111,645,693 $101,693,434 $422,310,269 $395,135,113</p>
<p>Net Income</p>
<p>  (Loss)    (5,004,327)     308,610  (7,815,440)  (1,068,540)</p>
<p>Net Income (Loss) per</p>
<p>Common and Common</p>
<p>Equivalent Share:</p>
<p>		     (1.14)	  0.07	 (1.78)	 (0.24)</p>
<p> Avg shrs     4,380,525   4,380,525    4,380,525    4,380,525</p>
</text>
<copyright>(c) Reuters Limited 1997</copyright>
<metadata>
<codes class="bip:countries:1.0">
  <code code="USA">
    <editdetail attribution="Reuters BIP Coding Group" action="confirmed" date="1997-03-31"/>
  </code>
</codes>
<codes class="bip:industries:1.0">
  <code code="I61000">
    <editdetail attribution="Reuters BIP Coding Group" action="confirmed" date="1997-03-31"/>
  </code>
</codes>
<codes class="bip:topics:1.0">
  <code code="C15">
    <editdetail attribution="Reuters BIP Coding Group" action="confirmed" date="1997-03-31"/>
  </code>
  <code code="C151">
    <editdetail attribution="Reuters BIP Coding Group" action="confirmed" date="1997-03-31"/>
  </code>
  <code code="C1511">
    <editdetail attribution="Reuters BIP Coding Group" action="confirmed" date="1997-03-31"/>
  </code>
  <code code="CCAT">
    <editdetail attribution="Reuters BIP Coding Group" action="confirmed" date="1997-03-31"/>
  </code>
</codes>
<dc element="dc.date.created" value="1997-03-31"/>
<dc element="dc.publisher" value="Reuters Holdings Plc"/>
<dc element="dc.date.published" value="1997-03-31"/>
<dc element="dc.source" value="Reuters"/>
<dc element="dc.creator.location" value="NORCROSS, Ga."/>
<dc element="dc.creator.location.country.name" value="USA"/>
<dc element="dc.source" value="Reuters"/>
</metadata>
</newsitem>
