<?xml version="1.0" encoding="iso-8859-1" ?>
<newsitem itemid="476384" id="root" date="1997-03-31" xml:lang="en">
<title>USA: Vse Corp Q4 shr $0.31 vs $0.27.</title>
<headline>Vse Corp Q4 shr $0.31 vs $0.27.</headline>
<dateline>ALEXANDRIA, Va. 1997-03-31</dateline>
<text>
<p>VSE CORPORATION AND SUBSIDIARIES</p>
<p>			   CONSOLIDATED FINANCIAL RESULTS</p>
<p>						1996		    1995</p>
<p>Quarter ended Dec. 31:</p>
<p> Revenues			  $46,309,000	    $20,088,000</p>
<p>Income from</p>
<p>  continuing operations	    533,000		  439,000</p>
<p>Gain from discontinued</p>
<p>  operations				  --		   37,000</p>
<p> Net income			    533,000		  476,000</p>
<p> Average shares		    1,716,334		1,738,334</p>
<p>Share earns:</p>
<p>Income from</p>
<p>  continuing operations		 0.31		     0.25</p>
<p>(Loss) gain from</p>
<p>  discontinued operations		 --		     0.02</p>
<p> Net income				 0.31		     0.27</p>
<p>						1996		    1995</p>
<p>Year ended Dec. 31:</p>
<p> Revenues			 $120,087,000	    $73,790,000</p>
<p>Income from</p>
<p>  continuing operations	  1,946,000		1,738,000</p>
<p>(Loss) from</p>
<p>  discontinued operations	(204,000)		 (92,000)</p>
<p> Net income			  1,742,000		1,646,000</p>
<p> Average shares		    1,731,601		1,732,796</p>
<p>Share earns:</p>
<p> Income from continuing operations  1.12		     1.00</p>
<p>(Loss) gain from</p>
<p>  discontinued operations	    (.11)		    (.05)</p>
<p> Net income				 1.01		     0.95</p>
</text>
<copyright>(c) Reuters Limited 1997</copyright>
<metadata>
<codes class="bip:countries:1.0">
  <code code="USA">
    <editdetail attribution="Reuters BIP Coding Group" action="confirmed" date="1997-03-31"/>
  </code>
</codes>
<codes class="bip:topics:1.0">
  <code code="C15">
    <editdetail attribution="Reuters BIP Coding Group" action="confirmed" date="1997-03-31"/>
  </code>
  <code code="C151">
    <editdetail attribution="Reuters BIP Coding Group" action="confirmed" date="1997-03-31"/>
  </code>
  <code code="C1511">
    <editdetail attribution="Reuters BIP Coding Group" action="confirmed" date="1997-03-31"/>
  </code>
  <code code="CCAT">
    <editdetail attribution="Reuters BIP Coding Group" action="confirmed" date="1997-03-31"/>
  </code>
</codes>
<dc element="dc.date.created" value="1997-03-31"/>
<dc element="dc.publisher" value="Reuters Holdings Plc"/>
<dc element="dc.date.published" value="1997-03-31"/>
<dc element="dc.source" value="Reuters"/>
<dc element="dc.creator.location" value="ALEXANDRIA, Va."/>
<dc element="dc.creator.location.country.name" value="USA"/>
<dc element="dc.source" value="Reuters"/>
</metadata>
</newsitem>
