<?xml version="1.0" encoding="iso-8859-1" ?>
<newsitem itemid="476316" id="root" date="1997-03-31" xml:lang="en">
<title>USA: Finch soars on 1st over-water leg of Earhart flight.</title>
<headline>Finch soars on 1st over-water leg of Earhart flight.</headline>
<byline>Jim Loney</byline>
<dateline>MIAMI 1997-03-31</dateline>
<text>
<p>Linda Finch, the Texas businesswoman and aviator who is retracing the flight of the legendary Amelia Earhart 60 years ago, took off on Monday on the first over-water leg of her round-the-world journey.</p>
<p>A highly polished, 1935 Lockheed Electra 10E, the same model used by Earhart in 1937, carried Finch and navigator Bob Fodge into a cloudy Miami sky enroute to Puerto Rico.</p>
<p>Hundreds of spectators waved and cheered as Finch, dressed in a beige flight suit, climbed into the cockpit of the Electra and revved the engines.</p>
<p>The plane, one of only two remaining, was painstakingly restored for &quot;World Flight 1997,&quot; a $4.5-million project to visit five continents and 20 countries on a 30,000-mile (48,000 km) route similar to that taken by Earhart.</p>
<p>&quot;We're finally ready to leave. We've been getting ready for years. To finally leave the U.S. is great,&quot; said Finch shortly before takeoff from suburban Kendall-Tamiami Executive Airport. The Miami airfield from which Amelia Earhart and navigator Fred Noonan left no longer exists.</p>
<p>Trailed by a blue Grumman amphibious plane that will act as her safety net, Finch left Miami after a week of meetings with schoolchildren, preparations on the Electra and a bit of fishing, as Earhart is said to have done six decades ago.</p>
<p>Finch, who early on Monday helped stow luggage aboard the plane and joined a horde of helpers to push it from a hangar, said she had been consumed with final flight details.</p>
<p>&quot;I think Amelia was probably the same way. You really get focused on the details of making the flight and the plane and what it needs as you're flying,&quot; Finch said.</p>
<p>&quot;I think Amelia's journey was much harder without fax machines and telephones to arrange for fuel and oil and landing permits,&quot; she said. &quot;It must have been difficult.&quot;</p>
<p>Finch's aides say the pilot is reluctant to compare her flight to Earhart's, believing the message of the pioneering aviator's cause was lost in the mystery of her disappearance.</p>
<p>Earhart, the first woman to fly solo across the Atlantic, completed 22,000 miles (35,400 km) of her journey and vanished in July 1937 on the leg from New Guinea to Howland Island.</p>
<p>Finch, who left Oakland, California, on March 17 and expects to return there in late May, posed for pictures, signed autographs and shook hands with hundreds of spectators who turned out to bid her farewell.</p>
<p>Jane Logman of the Netherlands, the wife of a pilot, said Finch was a role model to her 15-year-old daughter, who had just begun pilot training. &quot;I would like my daughter to do the same (as Finch),&quot; Logman said. &quot;She's an inspiration and especially because she's a woman.&quot;</p>
<p>World Flight is sponsored by Pratt &amp; Whitney, a subsidiary of United Technologies Corp, which distributed a free educational program to schools throughout the United States. Bob Malott, a United Technologies director, rode with Finch and Fodge on the Electra to Puerto Rico.</p>
<p>The twin-propeller plane, its aluminum skin buffed to gleaming silver, was a wreck when it was hauled from the scrap heap in Wisconsin. It has been refurbished in minute detail -- down to the brilliant orange paint on wings and tail meant to help rescuers find it in an emergency -- with a few modern gizmos added for safety.</p>
<p>&quot;Amelia had the most modern stuff at the time, and so do we,&quot; navigator Fodge said.</p>
<p>The education program was designed to teach students about Earhart and to spur interest in science, math and geography.</p>
<p>&quot;What Amelia did is to try and set a new world record,&quot; Finch said. &quot;But what we're doing is to communicate a message, that you do not have to live within defined limits that society sets or that many people set for themselves.&quot;</p>
<p>Some children in the crowd, many of whose parents had not been born when Earhart died, seemed well-informed about Earhart's journey, calling her a &quot;hero&quot; and an &quot;inspiration.&quot; But Matt Bodenhamer, 8, of Miami, expressed doubts about Finch's re-creation.</p>
<p>&quot;I think it's crazy. She might to the same thing as Amelia. She might crash and die,&quot; he said.</p>
</text>
<copyright>(c) Reuters Limited 1997</copyright>
<metadata>
<codes class="bip:countries:1.0">
  <code code="USA">
    <editdetail attribution="Reuters BIP Coding Group" action="confirmed" date="1997-03-31"/>
  </code>
</codes>
<codes class="bip:topics:1.0">
  <code code="GCAT">
    <editdetail attribution="Reuters BIP Coding Group" action="confirmed" date="1997-03-31"/>
  </code>
  <code code="GODD">
    <editdetail attribution="Reuters BIP Coding Group" action="confirmed" date="1997-03-31"/>
  </code>
</codes>
<dc element="dc.date.created" value="1997-03-31"/>
<dc element="dc.publisher" value="Reuters Holdings Plc"/>
<dc element="dc.date.published" value="1997-03-31"/>
<dc element="dc.source" value="Reuters"/>
<dc element="dc.creator.location" value="MIAMI"/>
<dc element="dc.creator.location.country.name" value="USA"/>
<dc element="dc.source" value="Reuters"/>
</metadata>
</newsitem>
