<?xml version="1.0" encoding="iso-8859-1" ?>
<newsitem itemid="476335" id="root" date="1997-03-31" xml:lang="en">
<title>USA: ModaCAD Inc 1996 shr profit $0.20.</title>
<headline>ModaCAD Inc 1996 shr profit $0.20.</headline>
<dateline>LOS ANGELES 1997-03-31</dateline>
<text>
<p>ModaCAD Inc.</p>
<p>				Financial Highlights</p>
<p>						  Year Ended Dec. 31,</p>
<p>						 1996		   1995</p>
<p> Net sales			   $3,370,222	    $1,904,725</p>
<p> Net income			     645,435		   8,122</p>
<p> Net income per share		    0.20		    0.00</p>
<p>Weighted average common</p>
<p>  shares outstanding		3,307,288	     1,694,816</p>
</text>
<copyright>(c) Reuters Limited 1997</copyright>
<metadata>
<codes class="bip:countries:1.0">
  <code code="USA">
    <editdetail attribution="Reuters BIP Coding Group" action="confirmed" date="1997-03-31"/>
  </code>
</codes>
<codes class="bip:industries:1.0">
  <code code="I83954">
    <editdetail attribution="Reuters BIP Coding Group" action="confirmed" date="1997-03-31"/>
  </code>
  <code code="I8395449">
    <editdetail attribution="Reuters BIP Coding Group" action="confirmed" date="1997-03-31"/>
  </code>
</codes>
<codes class="bip:topics:1.0">
  <code code="C15">
    <editdetail attribution="Reuters BIP Coding Group" action="confirmed" date="1997-03-31"/>
  </code>
  <code code="C151">
    <editdetail attribution="Reuters BIP Coding Group" action="confirmed" date="1997-03-31"/>
  </code>
  <code code="C1511">
    <editdetail attribution="Reuters BIP Coding Group" action="confirmed" date="1997-03-31"/>
  </code>
  <code code="CCAT">
    <editdetail attribution="Reuters BIP Coding Group" action="confirmed" date="1997-03-31"/>
  </code>
</codes>
<dc element="dc.date.created" value="1997-03-31"/>
<dc element="dc.publisher" value="Reuters Holdings Plc"/>
<dc element="dc.date.published" value="1997-03-31"/>
<dc element="dc.source" value="Reuters"/>
<dc element="dc.creator.location" value="LOS ANGELES"/>
<dc element="dc.creator.location.country.name" value="USA"/>
<dc element="dc.source" value="Reuters"/>
</metadata>
</newsitem>
