<?xml version="1.0" encoding="iso-8859-1" ?>
<newsitem itemid="476361" id="root" date="1997-03-31" xml:lang="en">
<title>USA: CET Environmental 1996 loss vs profit.</title>
<headline>CET Environmental 1996 loss vs profit.</headline>
<dateline>ENGLEWOOD, Colo. 1997-03-27</dateline>
<text>
<p>CET Environmental Services Inc</p>
<p>						 12 Months Ended</p>
<p> Year to Date Ended     Dec 31, 1996		 Dec 31, 1995</p>
<p> Revenues		    $54,918,520		  $47,871,972</p>
<p> Net Income		 ( 3,756,450)		    1,809,251</p>
<p>Average Shares Outstanding</p>
<p>				   5,077,946		    4,113,725</p>
<p> Net Income Per Common Share  ( .74)			    .44</p>
</text>
<copyright>(c) Reuters Limited 1997</copyright>
<metadata>
<codes class="bip:countries:1.0">
  <code code="USA">
    <editdetail attribution="Reuters BIP Coding Group" action="confirmed" date="1997-03-31"/>
  </code>
</codes>
<codes class="bip:topics:1.0">
  <code code="C15">
    <editdetail attribution="Reuters BIP Coding Group" action="confirmed" date="1997-03-31"/>
  </code>
  <code code="C151">
    <editdetail attribution="Reuters BIP Coding Group" action="confirmed" date="1997-03-31"/>
  </code>
  <code code="C1511">
    <editdetail attribution="Reuters BIP Coding Group" action="confirmed" date="1997-03-31"/>
  </code>
  <code code="CCAT">
    <editdetail attribution="Reuters BIP Coding Group" action="confirmed" date="1997-03-31"/>
  </code>
</codes>
<dc element="dc.date.created" value="1997-03-27"/>
<dc element="dc.publisher" value="Reuters Holdings Plc"/>
<dc element="dc.date.published" value="1997-03-31"/>
<dc element="dc.source" value="Reuters"/>
<dc element="dc.creator.location" value="ENGLEWOOD, Colo."/>
<dc element="dc.creator.location.country.name" value="USA"/>
<dc element="dc.source" value="Reuters"/>
</metadata>
</newsitem>
