<?xml version="1.0" encoding="iso-8859-1" ?>
<newsitem itemid="476374" id="root" date="1997-03-31" xml:lang="en">
<title>USA: Investors Insurance unsure about note.</title>
<headline>Investors Insurance unsure about note.</headline>
<dateline>JACKSONVILLE, Fla. 1997-03-31</dateline>
<text>
<p>Investors Insurance Group said Monday it was unsure whether or not it can settle an $8.0 million note on March 31, when the obligation is scheduled to be retired.</p>
<p>The note was issued in connection with the company's purchase of IIC Inc and its subsidiary, Investors Insurance Corp, from New Era Life Insurance Co in early in 1996. The note is secured by shares of IIC, it said.</p>
<p>It added it believes that the balance on the note is overstated because certain warranties made by the seller were false.  </p>
<p>The company said that, after the purchase, the seller attempted to transfer the note to another insurance company. Both insurance companies then went into rehabilitation and both claim ownership of the note, it said.</p>
<p>At this time, it said it cannot negotiate an appropriate adjustment to the note because of the ownership issue. It expects the ownership of the note to be settled soon and to begin negotiations on the amount of the reductions.</p>
<p>While it plans to raise the capital needed to settle the note, it said there can be no assurance it will succeed in its efforts.</p>
</text>
<copyright>(c) Reuters Limited 1997</copyright>
<metadata>
<codes class="bip:countries:1.0">
  <code code="USA">
    <editdetail attribution="Reuters BIP Coding Group" action="confirmed" date="1997-03-31"/>
  </code>
</codes>
<codes class="bip:industries:1.0">
  <code code="I82003">
    <editdetail attribution="Reuters BIP Coding Group" action="confirmed" date="1997-03-31"/>
  </code>
</codes>
<codes class="bip:topics:1.0">
  <code code="C17">
    <editdetail attribution="Reuters BIP Coding Group" action="confirmed" date="1997-03-31"/>
  </code>
  <code code="C172">
    <editdetail attribution="Reuters BIP Coding Group" action="confirmed" date="1997-03-31"/>
  </code>
  <code code="CCAT">
    <editdetail attribution="Reuters BIP Coding Group" action="confirmed" date="1997-03-31"/>
  </code>
</codes>
<dc element="dc.date.created" value="1997-03-31"/>
<dc element="dc.publisher" value="Reuters Holdings Plc"/>
<dc element="dc.date.published" value="1997-03-31"/>
<dc element="dc.source" value="Reuters"/>
<dc element="dc.creator.location" value="JACKSONVILLE, Fla."/>
<dc element="dc.creator.location.country.name" value="USA"/>
<dc element="dc.source" value="Reuters"/>
</metadata>
</newsitem>
