<?xml version="1.0" encoding="iso-8859-1" ?>
<newsitem itemid="476309" id="root" date="1997-03-31" xml:lang="en">
<title>USA: Northwestern Steel chairman resigns.</title>
<headline>Northwestern Steel chairman resigns.</headline>
<dateline>STERLING, Ill. 1997-03-31</dateline>
<text>
<p>Northwestern Steel &amp; Wire Co said Robert Gurnitz resigned as chairman, chief executive and a director of the company.</p>
<p>In an announcement dated March 28, the company said Thomas Gildehaus was named to replace Gurnitz.</p>
<p>No reason was given for the resignation of Gurnitz, who was chairman since 1994 and chief executive officer since 1991.</p>
<p>Gildehaus had been president and chief executive officer of UNR Industries Inc. Earlier this month, UNR named a successor to Gildehaus.</p>
<p>Northwestern Steel said Gildehaus will formally join the company on April 14. The board named Richard Way, president and chief operating officer, to serve as interim chief executive officer until then.</p>
<p>Northwestern Steel makes structural steel components.</p>
<p>((Reuters Chicago Newsdesk (312) 408-8787))</p>
</text>
<copyright>(c) Reuters Limited 1997</copyright>
<metadata>
<codes class="bip:countries:1.0">
  <code code="USA">
    <editdetail attribution="Reuters BIP Coding Group" action="confirmed" date="1997-03-31"/>
  </code>
</codes>
<codes class="bip:industries:1.0">
  <code code="I22100">
    <editdetail attribution="Reuters BIP Coding Group" action="confirmed" date="1997-03-31"/>
  </code>
</codes>
<codes class="bip:topics:1.0">
  <code code="C41">
    <editdetail attribution="Reuters BIP Coding Group" action="confirmed" date="1997-03-31"/>
  </code>
  <code code="C411">
    <editdetail attribution="Reuters BIP Coding Group" action="confirmed" date="1997-03-31"/>
  </code>
  <code code="CCAT">
    <editdetail attribution="Reuters BIP Coding Group" action="confirmed" date="1997-03-31"/>
  </code>
</codes>
<dc element="dc.date.created" value="1997-03-31"/>
<dc element="dc.publisher" value="Reuters Holdings Plc"/>
<dc element="dc.date.published" value="1997-03-31"/>
<dc element="dc.source" value="Reuters"/>
<dc element="dc.creator.location" value="STERLING, Ill."/>
<dc element="dc.creator.location.country.name" value="USA"/>
<dc element="dc.source" value="Reuters"/>
</metadata>
</newsitem>
