<?xml version="1.0" encoding="iso-8859-1" ?>
<newsitem itemid="476371" id="root" date="1997-03-31" xml:lang="en">
<title>USA: AMCOL to move some operations to Wyo. unit.</title>
<headline>AMCOL to move some operations to Wyo. unit.</headline>
<dateline>ARLINGTON HEIGHTS, Ill. 1997-03-31</dateline>
<text>
<p>AMCOL International Corp on Monday said it was transferring certain operations at its Belle Fourche, South Dakota, minerals plant to one of its subsidiaries in Wyoming, effective April 1.</p>
<p>AMCOL said the minerals-processing operation of its American Colloid unit was being shifted to Colloid Environmental Technologies Co, AMCOL's environmental products and services subsidiary, located in Colony, Wyoming.</p>
<p>An AMCOL spokeswoman said a small, undetermined number of the 35 employees at Belle Fourche will be affected by the move.</p>
<p>The mining operation, fabrication shop and specialty white bentonite-processing business will remain at Belle Fourche under American Colloid management, the company said.</p>
<p>AMCOL is a specialty chemicals and minerals processor.</p>
<p>Its shares were unchanged early Monday afternoon at 18.</p>
<p>((Chicago newsdesk (312) 408-8787))</p>
</text>
<copyright>(c) Reuters Limited 1997</copyright>
<metadata>
<codes class="bip:countries:1.0">
  <code code="USA">
    <editdetail attribution="Reuters BIP Coding Group" action="confirmed" date="1997-03-31"/>
  </code>
</codes>
<codes class="bip:industries:1.0">
  <code code="I25140">
    <editdetail attribution="Reuters BIP Coding Group" action="confirmed" date="1997-03-31"/>
  </code>
</codes>
<codes class="bip:topics:1.0">
  <code code="C24">
    <editdetail attribution="Reuters BIP Coding Group" action="confirmed" date="1997-03-31"/>
  </code>
  <code code="CCAT">
    <editdetail attribution="Reuters BIP Coding Group" action="confirmed" date="1997-03-31"/>
  </code>
</codes>
<dc element="dc.date.created" value="1997-03-31"/>
<dc element="dc.publisher" value="Reuters Holdings Plc"/>
<dc element="dc.date.published" value="1997-03-31"/>
<dc element="dc.source" value="Reuters"/>
<dc element="dc.creator.location" value="ARLINGTON HEIGHTS, Ill."/>
<dc element="dc.creator.location.country.name" value="USA"/>
<dc element="dc.source" value="Reuters"/>
</metadata>
</newsitem>
