<?xml version="1.0" encoding="iso-8859-1" ?>
<newsitem itemid="476370" id="root" date="1997-03-31" xml:lang="en">
<title>USA: FiberCore Inc Q4 full results.</title>
<headline>FiberCore Inc Q4 full results.</headline>
<dateline>STURBRIDGE, Mass. 1997-03-31</dateline>
<text>
<p>1996		     1995</p>
<p> Sales				    $8,096		   $3,094</p>
<p> Gross profit (loss)		     896		 ( 1,415)</p>
<p> Net Loss			     ( 4,133)		 ( 4,009)</p>
<p> Loss per share			( 0.13)		   ( .15)</p>
<p>This press release contains forward-looking statements.  Such statements involve various risks that may cause actual results to differ materially.  These risks include but are not limited to the ability of FCI to raise capital to finance its production requirements, to grow internally or by acquisition and to integrate acquired business into the corporate structure of FCI.</p>
<p>	 -- New York Newsdesk 212 859-1610</p>
</text>
<copyright>(c) Reuters Limited 1997</copyright>
<metadata>
<codes class="bip:countries:1.0">
  <code code="USA">
    <editdetail attribution="Reuters BIP Coding Group" action="confirmed" date="1997-03-31"/>
  </code>
</codes>
<codes class="bip:topics:1.0">
  <code code="C15">
    <editdetail attribution="Reuters BIP Coding Group" action="confirmed" date="1997-03-31"/>
  </code>
  <code code="C151">
    <editdetail attribution="Reuters BIP Coding Group" action="confirmed" date="1997-03-31"/>
  </code>
  <code code="C1511">
    <editdetail attribution="Reuters BIP Coding Group" action="confirmed" date="1997-03-31"/>
  </code>
  <code code="CCAT">
    <editdetail attribution="Reuters BIP Coding Group" action="confirmed" date="1997-03-31"/>
  </code>
</codes>
<dc element="dc.date.created" value="1997-03-31"/>
<dc element="dc.publisher" value="Reuters Holdings Plc"/>
<dc element="dc.date.published" value="1997-03-31"/>
<dc element="dc.source" value="Reuters"/>
<dc element="dc.creator.location" value="STURBRIDGE, Mass."/>
<dc element="dc.creator.location.country.name" value="USA"/>
<dc element="dc.source" value="Reuters"/>
</metadata>
</newsitem>
