<?xml version="1.0" encoding="iso-8859-1" ?>
<newsitem itemid="476327" id="root" date="1997-03-31" xml:lang="en">
<title>USA: Canada spot natgas prices rise on storage refills.</title>
<headline>Canada spot natgas prices rise on storage refills.</headline>
<dateline>NEW YORK 1997-03-31</dateline>
<text>
<p>Canadian spot natural gas prices were mostly higher Monday as storage injections continued at a brisk pace in the West and an unexpected outage spurred additional demand across the border.</p>
<p>At the AECO storage hub, prices rose gradually throughout today's session to about C$1.54-1.59 per gigajoule (GJ) as buyers replenished storage inventories.</p>
<p>May AECO prices were talked at C$1.58-1.60 per GJ, traders said.</p>
<p>At Sumas, Wash., prices edged into the low-$1.20s per million British thermal units (mmBtu).</p>
<p>An unscheduled outage at Pacific Gas and Electric's 1,073 megawatt (MW) Diablo Canyon 2 nuclear unit Saturday attracted more northern California buyers to the export market, thereby pushing prices higher, market sources said.</p>
<p>The company said the unit would likely restart in a couple of days.</p>
<p>At Niagara, prices were up at least five cents to the low-$2.20s per mmBtu as colder weather in the East triggered a resurgence in buying interest.</p>
<p>((--H McCulloch, New York Power Desk +212-859-1628))</p>
</text>
<copyright>(c) Reuters Limited 1997</copyright>
<metadata>
<codes class="bip:countries:1.0">
  <code code="CANA">
    <editdetail attribution="Reuters BIP Coding Group" action="confirmed" date="1997-03-31"/>
  </code>
  <code code="USA">
    <editdetail attribution="Reuters BIP Coding Group" action="confirmed" date="1997-03-31"/>
  </code>
</codes>
<codes class="bip:topics:1.0">
  <code code="M14">
    <editdetail attribution="Reuters BIP Coding Group" action="confirmed" date="1997-03-31"/>
  </code>
  <code code="M143">
    <editdetail attribution="Reuters BIP Coding Group" action="confirmed" date="1997-03-31"/>
  </code>
  <code code="MCAT">
    <editdetail attribution="Reuters BIP Coding Group" action="confirmed" date="1997-03-31"/>
  </code>
</codes>
<dc element="dc.date.created" value="1997-03-31"/>
<dc element="dc.publisher" value="Reuters Holdings Plc"/>
<dc element="dc.date.published" value="1997-03-31"/>
<dc element="dc.source" value="Reuters"/>
<dc element="dc.creator.location" value="NEW YORK"/>
<dc element="dc.creator.location.country.name" value="USA"/>
<dc element="dc.source" value="Reuters"/>
</metadata>
</newsitem>
