<?xml version="1.0" encoding="iso-8859-1" ?>
<newsitem itemid="476319" id="root" date="1997-03-31" xml:lang="en">
<title>USA: Aon completes catastrophe equity put.</title>
<headline>Aon completes catastrophe equity put.</headline>
<dateline>CHICAGO 1997-03-31</dateline>
<text>
<p>Aon Group Inc, acting with the capital markets subsidiaries of Aon Corp, said Monday that Horace Mann Educators Corp entered into a multi-year $100 million catastrophe equity put (CatEPUT) option program structured by Aon.</p>
<p>Aon Re Inc, Horace Mann's reinsurance broker, worked with Aon subsidiaries to develop the program, which allows Horace Mann to replace equity in the event of a mega-catastrophe or a series of large catastrophes that produce losses in excess of its strong traditional reinsurance protection.</p>
<p>Aon is an insurance services holding company. Horace Mann sells retirement annunities and car, home and life insurance to teachers.</p>
<p>((Reuters Chicago Newsdesk (312) 408-8787))</p>
</text>
<copyright>(c) Reuters Limited 1997</copyright>
<metadata>
<codes class="bip:countries:1.0">
  <code code="USA">
    <editdetail attribution="Reuters BIP Coding Group" action="confirmed" date="1997-03-31"/>
  </code>
</codes>
<codes class="bip:industries:1.0">
  <code code="I82000">
    <editdetail attribution="Reuters BIP Coding Group" action="confirmed" date="1997-03-31"/>
  </code>
  <code code="I82001">
    <editdetail attribution="Reuters BIP Coding Group" action="confirmed" date="1997-03-31"/>
  </code>
</codes>
<codes class="bip:topics:1.0">
  <code code="C17">
    <editdetail attribution="Reuters BIP Coding Group" action="confirmed" date="1997-03-31"/>
  </code>
  <code code="C21">
    <editdetail attribution="Reuters BIP Coding Group" action="confirmed" date="1997-03-31"/>
  </code>
  <code code="CCAT">
    <editdetail attribution="Reuters BIP Coding Group" action="confirmed" date="1997-03-31"/>
  </code>
</codes>
<dc element="dc.date.created" value="1997-03-31"/>
<dc element="dc.publisher" value="Reuters Holdings Plc"/>
<dc element="dc.date.published" value="1997-03-31"/>
<dc element="dc.source" value="Reuters"/>
<dc element="dc.creator.location" value="CHICAGO"/>
<dc element="dc.creator.location.country.name" value="USA"/>
<dc element="dc.source" value="Reuters"/>
</metadata>
</newsitem>
