<?xml version="1.0" encoding="iso-8859-1" ?>
<newsitem itemid="476355" id="root" date="1997-03-31" xml:lang="en">
<title>USA: Tyler Corp names Bruce Wilkinson CEO.</title>
<headline>Tyler Corp names Bruce Wilkinson CEO.</headline>
<dateline>DALLAS 1997-03-31</dateline>
<text>
<p>Tyler Corp said Monday it has appointed Bruce Wilkinson, chief executive officer.</p>
<p>Wilkinson comes to Tyler after a six-month stint as interim chief executive officer of Proler International Corp, where he successfully negotiated the sale of the company to Schnitzer Steel Industries.</p>
<p>Wilkerson, said the company, takes over the position of CEO from C.A. Rundell, who remains with Tyler as chairman.</p>
<p>Tyler Corp provides products for fund-raising programs and retails automotive parts.</p>
</text>
<copyright>(c) Reuters Limited 1997</copyright>
<metadata>
<codes class="bip:countries:1.0">
  <code code="USA">
    <editdetail attribution="Reuters BIP Coding Group" action="confirmed" date="1997-03-31"/>
  </code>
</codes>
<codes class="bip:industries:1.0">
  <code code="I61000">
    <editdetail attribution="Reuters BIP Coding Group" action="confirmed" date="1997-03-31"/>
  </code>
</codes>
<codes class="bip:topics:1.0">
  <code code="C41">
    <editdetail attribution="Reuters BIP Coding Group" action="confirmed" date="1997-03-31"/>
  </code>
  <code code="C411">
    <editdetail attribution="Reuters BIP Coding Group" action="confirmed" date="1997-03-31"/>
  </code>
  <code code="CCAT">
    <editdetail attribution="Reuters BIP Coding Group" action="confirmed" date="1997-03-31"/>
  </code>
</codes>
<dc element="dc.date.created" value="1997-03-31"/>
<dc element="dc.publisher" value="Reuters Holdings Plc"/>
<dc element="dc.date.published" value="1997-03-31"/>
<dc element="dc.source" value="Reuters"/>
<dc element="dc.creator.location" value="DALLAS"/>
<dc element="dc.creator.location.country.name" value="USA"/>
<dc element="dc.source" value="Reuters"/>
</metadata>
</newsitem>
