<?xml version="1.0" encoding="iso-8859-1" ?>
<newsitem itemid="476341" id="root" date="1997-03-31" xml:lang="en">
<title>USA: Columbia/HCA still seen as solid buy despite probe.</title>
<headline>Columbia/HCA still seen as solid buy despite probe.</headline>
<dateline>NEW YORK 1997-03-31</dateline>
<text>
<p>While shares of Columbia/HCA Healthcare Corp took a beating Monday following a federal probe and media reports about its billing practices, industry analysts continued to support the stock.</p>
<p>Columbia/HCA lost 4-3/4 to 33 and was the heavily traded issue on the New York Stock Exchange.</p>
<p>The stock has dropped sharply in the past two weeks as news of the federal probe of its El Paso operations surfaced. The stock closed at 44-1/8 on March 12.  </p>
<p>&quot;We're not in a hurry to sell the stock.  The stock is still good long-term.  Anyone who is selling will probably regret it long-term,&quot; said Brian Eisenbarth, an analyst with Collins &amp; Co.</p>
<p>&quot;The market is pricing in a lot of bad news that, on the surface, dosen't seem that big of a deal,&quot; Eisenbarth.</p>
<p>Columbia/HCA, the nation's largest hospital company, said Monday it cooperated with federal agents who searched its El Paso, Texas, facilities.  The probe covered a &quot;broad range of records and documents&quot; and was completed by March 20, the company said.  </p>
<p>&quot;If regulators believed that the problems were systemic, they would have gone into many locations.  So, the fact that they are only in one location leads one to think that it's not a company-wide issue,&quot; Joseph Chiarelli, an analyst with J.P. Morgan Securities.  &quot;What would make me uncomfortable is if the government went into other markets and locations at Columbia. Then I'd be concerned,&quot; he said.</p>
<p>Chiarelli said he continues to rate the stock as a buy.  </p>
<p>Investor concerns also have been fueled by a recent New York Times report concerning the Nashville, Tenn.-based company's Medicare coding practices and physician ownership in certain of its hospitals.  Analysts cautioned that the New York Times used its own methodology, which has not been verified by others in the healthcare industry, as the basis of its article.</p>
<p>Columbia/HCA said it was not given the opportunity to review the New York Times' data and could not address the newspaper's findings.</p>
<p>Analysts expect Columbia/HCA's stock to continue to face near-term pressure but said the company will remain a market leader over the long-term.</p>
<p>&quot;The stock was in for a tough day today.  The stock will rebound, but I expect continued negative commentary to pressure the stock for the near-term,&quot; John Hindelong, an analyst with Donaldson, Lufkin &amp; Jenrette.</p>
<p>&quot;We still think Columbia is a giant -- a market leader that is incredibly successful.  You don't get there on criminal or fraudulent activity,&quot; said de Rham.</p>
<p>(( New York newsdesk 212-859-1610 ))</p>
</text>
<copyright>(c) Reuters Limited 1997</copyright>
<metadata>
<codes class="bip:countries:1.0">
  <code code="USA">
    <editdetail attribution="Reuters BIP Coding Group" action="confirmed" date="1997-03-31"/>
  </code>
</codes>
<codes class="bip:industries:1.0">
  <code code="I95100">
    <editdetail attribution="Reuters BIP Coding Group" action="confirmed" date="1997-03-31"/>
  </code>
</codes>
<codes class="bip:topics:1.0">
  <code code="C13">
    <editdetail attribution="Reuters BIP Coding Group" action="confirmed" date="1997-03-31"/>
  </code>
  <code code="C15">
    <editdetail attribution="Reuters BIP Coding Group" action="confirmed" date="1997-03-31"/>
  </code>
  <code code="C152">
    <editdetail attribution="Reuters BIP Coding Group" action="confirmed" date="1997-03-31"/>
  </code>
  <code code="CCAT">
    <editdetail attribution="Reuters BIP Coding Group" action="confirmed" date="1997-03-31"/>
  </code>
</codes>
<dc element="dc.date.created" value="1997-03-31"/>
<dc element="dc.publisher" value="Reuters Holdings Plc"/>
<dc element="dc.date.published" value="1997-03-31"/>
<dc element="dc.source" value="Reuters"/>
<dc element="dc.creator.location" value="NEW YORK"/>
<dc element="dc.creator.location.country.name" value="USA"/>
<dc element="dc.source" value="Reuters"/>
</metadata>
</newsitem>
