<?xml version="1.0" encoding="iso-8859-1" ?>
<newsitem itemid="476366" id="root" date="1997-03-31" xml:lang="en">
<title>USA: Transcontinental Realty 1996 loss widens.</title>
<headline>Transcontinental Realty 1996 loss widens.</headline>
<dateline>DALLAS 1997-03-27</dateline>
<text>
<p>(in thousands, except share and per share data)</p>
<p>				     For the years ended December 31,</p>
<p>							1996	    1995</p>
<p> Revenue				    $   46,878     $   48,272</p>
<p> Loss from operations			(9,621)	  (9,902)</p>
<p> Equity in losses of investees		(20)	  (1,083)</p>
<p> Gain on sale of real estate		 1,579	    5,822</p>
<p> Extraordinary gain				256	    1,437</p>
<p> Net (loss)				    (7,806)	  (3,726)</p>
<p>Earnings per share</p>
<p>(Loss) before</p>
<p>   extraordinary gain			 (2.02)	   (1.29)</p>
<p> Extraordinary gain			     0.06		.36</p>
<p> Net (loss)				     (1.96)	   (0.93)</p>
<p>Weighted average common shares</p>
<p>used in computing earnings</p>
<p>  per share				  3,994,687	4,012,275</p>
<p>The company's full name is Transcontinental Realty Investors Inc.</p>
</text>
<copyright>(c) Reuters Limited 1997</copyright>
<metadata>
<codes class="bip:countries:1.0">
  <code code="USA">
    <editdetail attribution="Reuters BIP Coding Group" action="confirmed" date="1997-03-31"/>
  </code>
</codes>
<codes class="bip:industries:1.0">
  <code code="I81502">
    <editdetail attribution="Reuters BIP Coding Group" action="confirmed" date="1997-03-31"/>
  </code>
  <code code="I8150206">
    <editdetail attribution="Reuters BIP Coding Group" action="confirmed" date="1997-03-31"/>
  </code>
</codes>
<codes class="bip:topics:1.0">
  <code code="C15">
    <editdetail attribution="Reuters BIP Coding Group" action="confirmed" date="1997-03-31"/>
  </code>
  <code code="C151">
    <editdetail attribution="Reuters BIP Coding Group" action="confirmed" date="1997-03-31"/>
  </code>
  <code code="C1511">
    <editdetail attribution="Reuters BIP Coding Group" action="confirmed" date="1997-03-31"/>
  </code>
  <code code="CCAT">
    <editdetail attribution="Reuters BIP Coding Group" action="confirmed" date="1997-03-31"/>
  </code>
</codes>
<dc element="dc.date.created" value="1997-03-27"/>
<dc element="dc.publisher" value="Reuters Holdings Plc"/>
<dc element="dc.date.published" value="1997-03-31"/>
<dc element="dc.source" value="Reuters"/>
<dc element="dc.creator.location" value="DALLAS"/>
<dc element="dc.creator.location.country.name" value="USA"/>
<dc element="dc.source" value="Reuters"/>
</metadata>
</newsitem>
