<?xml version="1.0" encoding="iso-8859-1" ?>
<newsitem itemid="476360" id="root" date="1997-03-31" xml:lang="en">
<title>USA: Union Pacific to invest $100 mln in fields.</title>
<headline>Union Pacific to invest $100 mln in fields.</headline>
<dateline>FORT WORTH, Texas 1997-03-31</dateline>
<text>
<p>Union Pacific Resources Group Inc said on Monday it will invest about $100 million in eastern Colorado to develop several natural gas fields which contain high concentrations of helium.</p>
<p>The project will include drilling natural gas wells, construction of a gathering and compression infrastructure, a natural gas processing plant and a helium liquefaction facility, Union Pacific said.</p>
<p>In addition to helium and natural gas, the facility, to be located near Cheyenne Wells, will also produce natural gas liquid (NGL) products, the company said.  </p>
<p>Union Pacific said the combined facilities will employ up to 16 people and will have an annual payroll in excess of $550,000.</p>
<p>The plant will be located on a 25-acre site one mile south of U.S. Hwy, 40, southwest of Cheyenne Wells in Cheyenne County, Union Pacific said.</p>
<p>The facility will operate 24 hours a day, processing 35 million cubic feet per day (MMcfd) of natural gas and producing liquid helium for ultimate use in high-technology processes, the company said.</p>
<p>If necessary, the plant may be expanded to process a total of 50 MMcfc, the company said.</p>
<p>Praxair Inc will purchase the liquid helium produced in Cheyenne Wells, Union Pacific said.</p>
</text>
<copyright>(c) Reuters Limited 1997</copyright>
<metadata>
<codes class="bip:countries:1.0">
  <code code="USA">
    <editdetail attribution="Reuters BIP Coding Group" action="confirmed" date="1997-03-31"/>
  </code>
</codes>
<codes class="bip:industries:1.0">
  <code code="I13000">
    <editdetail attribution="Reuters BIP Coding Group" action="confirmed" date="1997-03-31"/>
  </code>
</codes>
<codes class="bip:topics:1.0">
  <code code="C11">
    <editdetail attribution="Reuters BIP Coding Group" action="confirmed" date="1997-03-31"/>
  </code>
  <code code="C24">
    <editdetail attribution="Reuters BIP Coding Group" action="confirmed" date="1997-03-31"/>
  </code>
  <code code="CCAT">
    <editdetail attribution="Reuters BIP Coding Group" action="confirmed" date="1997-03-31"/>
  </code>
</codes>
<dc element="dc.date.created" value="1997-03-31"/>
<dc element="dc.publisher" value="Reuters Holdings Plc"/>
<dc element="dc.date.published" value="1997-03-31"/>
<dc element="dc.source" value="Reuters"/>
<dc element="dc.creator.location" value="FORT WORTH, Texas"/>
<dc element="dc.creator.location.country.name" value="USA"/>
<dc element="dc.source" value="Reuters"/>
</metadata>
</newsitem>
