<?xml version="1.0" encoding="iso-8859-1" ?>
<newsitem itemid="476363" id="root" date="1997-03-31" xml:lang="en">
<title>USA: Tangram, Western NY, form alliance.</title>
<headline>Tangram, Western NY, form alliance.</headline>
<dateline>CARY, N.C. 1997-03-31</dateline>
<text>
<p>Tangram Enterprise Solutions Inc  said Monday that it has teamed with Western New York Computing Systems Inc to market IT asset tracking software solutions to its business partners in the Western New York State region.</p>
<p>The company said its Asset Insight and the Asset Insight Internet Subsystem, will play a key role in launching WNYCS's Asset Management Services, which adds asset tracking/asset management to WNYCS's computer capabilities.</p>
<p>Tangram is a member of the Safeguard Scientifics Inc partnership of companies, which develops advanced technology- oriented, entrepreneurially driven companies with an emphasis on information systems markets.</p>
</text>
<copyright>(c) Reuters Limited 1997</copyright>
<metadata>
<codes class="bip:countries:1.0">
  <code code="USA">
    <editdetail attribution="Reuters BIP Coding Group" action="confirmed" date="1997-03-31"/>
  </code>
</codes>
<codes class="bip:industries:1.0">
  <code code="I33020">
    <editdetail attribution="Reuters BIP Coding Group" action="confirmed" date="1997-03-31"/>
  </code>
  <code code="I3302021">
    <editdetail attribution="Reuters BIP Coding Group" action="confirmed" date="1997-03-31"/>
  </code>
</codes>
<codes class="bip:topics:1.0">
  <code code="C31">
    <editdetail attribution="Reuters BIP Coding Group" action="confirmed" date="1997-03-31"/>
  </code>
  <code code="C33">
    <editdetail attribution="Reuters BIP Coding Group" action="confirmed" date="1997-03-31"/>
  </code>
  <code code="CCAT">
    <editdetail attribution="Reuters BIP Coding Group" action="confirmed" date="1997-03-31"/>
  </code>
</codes>
<dc element="dc.date.created" value="1997-03-31"/>
<dc element="dc.publisher" value="Reuters Holdings Plc"/>
<dc element="dc.date.published" value="1997-03-31"/>
<dc element="dc.source" value="Reuters"/>
<dc element="dc.creator.location" value="CARY, N.C."/>
<dc element="dc.creator.location.country.name" value="USA"/>
<dc element="dc.source" value="Reuters"/>
</metadata>
</newsitem>
