<?xml version="1.0" encoding="iso-8859-1" ?>
<newsitem itemid="476387" id="root" date="1997-03-31" xml:lang="en">
<title>USA: Sirco Q1 shr loss $0.32 vs profit $0.21.</title>
<headline>Sirco Q1 shr loss $0.32 vs profit $0.21.</headline>
<dateline>STAMFORD, Conn. 1997-03-31</dateline>
<text>
<p>Sirco International Corp</p>
<p>					     For the Three Months Ended</p>
<p>					   Feb. 28, 1997    Feb. 29, 1996</p>
<p>Net sales				 $ 3,066,144     $ 6,578,047</p>
<p>Net income (loss)			 ($427,082)	 $260,815</p>
<p>Net income (loss) per share of</p>
<p>common stock:</p>
<p>Primary					  ($0.32)	$    0.21</p>
<p>Fully diluted				  ($0.32)	$    0.20</p>
<p>Shares used in computing earnings</p>
<p>(loss) per common and common</p>
<p>equivalent share:</p>
<p>Primary				     1,314,233	 1,261,633</p>
<p>Assuming full dilution		  1,314,233	 1,276,465</p>
</text>
<copyright>(c) Reuters Limited 1997</copyright>
<metadata>
<codes class="bip:countries:1.0">
  <code code="USA">
    <editdetail attribution="Reuters BIP Coding Group" action="confirmed" date="1997-03-31"/>
  </code>
</codes>
<codes class="bip:industries:1.0">
  <code code="I45300">
    <editdetail attribution="Reuters BIP Coding Group" action="confirmed" date="1997-03-31"/>
  </code>
</codes>
<codes class="bip:topics:1.0">
  <code code="C15">
    <editdetail attribution="Reuters BIP Coding Group" action="confirmed" date="1997-03-31"/>
  </code>
  <code code="C151">
    <editdetail attribution="Reuters BIP Coding Group" action="confirmed" date="1997-03-31"/>
  </code>
  <code code="CCAT">
    <editdetail attribution="Reuters BIP Coding Group" action="confirmed" date="1997-03-31"/>
  </code>
</codes>
<dc element="dc.date.created" value="1997-03-31"/>
<dc element="dc.publisher" value="Reuters Holdings Plc"/>
<dc element="dc.date.published" value="1997-03-31"/>
<dc element="dc.source" value="Reuters"/>
<dc element="dc.creator.location" value="STAMFORD, Conn."/>
<dc element="dc.creator.location.country.name" value="USA"/>
<dc element="dc.source" value="Reuters"/>
</metadata>
</newsitem>
