<?xml version="1.0" encoding="iso-8859-1" ?>
<newsitem itemid="476333" id="root" date="1997-03-31" xml:lang="en">
<title>USA: Acacia Research Corp year 1996 shr $0.16.</title>
<headline>Acacia Research Corp year 1996 shr $0.16.</headline>
<dateline>PASADENA, Calif. 1997-03-31</dateline>
<text>
<p>Acacia Research Corp.</p>
<p>				Earnings Recap</p>
<p>						   Fiscal Year Ended</p>
<p>					  Dec. 31, 1996   Dec. 31, 1995</p>
<p> Revenue				   $ 3,240,582    $ 3,517,711</p>
<p> Net income (after taxes)		  426,420	1,831,311</p>
<p> Earnings per share (fully diluted)     16 cts	   72 cts</p>
<p>Weighted average number of</p>
<p>   shares outstanding		    2,680,433	2,558,647</p>
</text>
<copyright>(c) Reuters Limited 1997</copyright>
<metadata>
<codes class="bip:countries:1.0">
  <code code="USA">
    <editdetail attribution="Reuters BIP Coding Group" action="confirmed" date="1997-03-31"/>
  </code>
</codes>
<codes class="bip:industries:1.0">
  <code code="I33020">
    <editdetail attribution="Reuters BIP Coding Group" action="confirmed" date="1997-03-31"/>
  </code>
  <code code="I3302021">
    <editdetail attribution="Reuters BIP Coding Group" action="confirmed" date="1997-03-31"/>
  </code>
</codes>
<codes class="bip:topics:1.0">
  <code code="C15">
    <editdetail attribution="Reuters BIP Coding Group" action="confirmed" date="1997-03-31"/>
  </code>
  <code code="C151">
    <editdetail attribution="Reuters BIP Coding Group" action="confirmed" date="1997-03-31"/>
  </code>
  <code code="C1511">
    <editdetail attribution="Reuters BIP Coding Group" action="confirmed" date="1997-03-31"/>
  </code>
  <code code="CCAT">
    <editdetail attribution="Reuters BIP Coding Group" action="confirmed" date="1997-03-31"/>
  </code>
</codes>
<dc element="dc.date.created" value="1997-03-31"/>
<dc element="dc.publisher" value="Reuters Holdings Plc"/>
<dc element="dc.date.published" value="1997-03-31"/>
<dc element="dc.source" value="Reuters"/>
<dc element="dc.creator.location" value="PASADENA, Calif."/>
<dc element="dc.creator.location.country.name" value="USA"/>
<dc element="dc.source" value="Reuters"/>
</metadata>
</newsitem>
