<?xml version="1.0" encoding="iso-8859-1" ?>
<newsitem itemid="476304" id="root" date="1997-03-31" xml:lang="en">
<title>USA: Pilgrim America sets monthly dividend.</title>
<headline>Pilgrim America sets monthly dividend.</headline>
<dateline>PHOENIX, Ariz. 1997-03-31</dateline>
<text>
<p>Monthly</p>
<p>		   Latest		    Prior</p>
<p> Amount		$0.0695		   $ 0.063</p>
<p> Pay		  April 22</p>
<p> Record	     April 10</p>
<p>NOTE: Full company name is Pilgrim America Prime Rate Trust</p>
<p>Current payment for 31-day month of March.</p>
</text>
<copyright>(c) Reuters Limited 1997</copyright>
<metadata>
<codes class="bip:countries:1.0">
  <code code="USA">
    <editdetail attribution="Reuters BIP Coding Group" action="confirmed" date="1997-03-31"/>
  </code>
</codes>
<codes class="bip:topics:1.0">
  <code code="C15">
    <editdetail attribution="Reuters BIP Coding Group" action="confirmed" date="1997-03-31"/>
  </code>
  <code code="C151">
    <editdetail attribution="Reuters BIP Coding Group" action="confirmed" date="1997-03-31"/>
  </code>
  <code code="CCAT">
    <editdetail attribution="Reuters BIP Coding Group" action="confirmed" date="1997-03-31"/>
  </code>
</codes>
<dc element="dc.date.created" value="1997-03-31"/>
<dc element="dc.publisher" value="Reuters Holdings Plc"/>
<dc element="dc.date.published" value="1997-03-31"/>
<dc element="dc.source" value="Reuters"/>
<dc element="dc.creator.location" value="PHOENIX, Ariz."/>
<dc element="dc.creator.location.country.name" value="USA"/>
<dc element="dc.source" value="Reuters"/>
</metadata>
</newsitem>
