<?xml version="1.0" encoding="iso-8859-1" ?>
<newsitem itemid="476397" id="root" date="1997-03-31" xml:lang="en">
<title>USA: Accel International Corp Q4 profit vs loss.</title>
<headline>Accel International Corp Q4 profit vs loss.</headline>
<dateline>DUBLIN, Ohio 1997-03-28</dateline>
<text>
<p>Three Months Ended   Twelve Months Ended</p>
<p>				Dec. 31,		  Dec. 31,</p>
<p>				1996	1995	 1996	 1995</p>
<p>		    (Thousands of dollars, except per share data)</p>
<p>Net premium written</p>
<p>			     8,837     10,081     45,552     43,296</p>
<p>Decrease (increase) in</p>
<p>unearned premium reserves</p>
<p>			     2,381	  831	  405    (2,443)</p>
<p>Realized gains (losses)</p>
<p>				 257	  152	  484	  455</p>
<p>Decrease (increase) in</p>
<p>deferred policy acquisition</p>
<p>   costs		   1,688	  495	  893	(750)</p>
<p>Extraordinary item --</p>
<p>gain on extinguishment</p>
<p>  of debt		     --	   --	  131	   --</p>
<p> NET INCOME (LOSS)     1,852    (2,292)	2,104    (1,460)</p>
<p>Per Common Share:</p>
<p>Income before</p>
<p>   extraordinary item    .22	(.52)	  .34	(.33)</p>
<p>  Extraordinary item	--	   --	  .02	   --</p>
<p>Net income (loss)</p>
<p>   per share		 .22	(.52)	  .36	(.33)</p>
<p> Avg shrs	    8,603,742  4,446,432  5,904,398  4,446,432</p>
</text>
<copyright>(c) Reuters Limited 1997</copyright>
<metadata>
<codes class="bip:countries:1.0">
  <code code="USA">
    <editdetail attribution="Reuters BIP Coding Group" action="confirmed" date="1997-03-31"/>
  </code>
</codes>
<codes class="bip:industries:1.0">
  <code code="I82001">
    <editdetail attribution="Reuters BIP Coding Group" action="confirmed" date="1997-03-31"/>
  </code>
</codes>
<codes class="bip:topics:1.0">
  <code code="C15">
    <editdetail attribution="Reuters BIP Coding Group" action="confirmed" date="1997-03-31"/>
  </code>
  <code code="C151">
    <editdetail attribution="Reuters BIP Coding Group" action="confirmed" date="1997-03-31"/>
  </code>
  <code code="C1511">
    <editdetail attribution="Reuters BIP Coding Group" action="confirmed" date="1997-03-31"/>
  </code>
  <code code="CCAT">
    <editdetail attribution="Reuters BIP Coding Group" action="confirmed" date="1997-03-31"/>
  </code>
</codes>
<dc element="dc.date.created" value="1997-03-28"/>
<dc element="dc.publisher" value="Reuters Holdings Plc"/>
<dc element="dc.date.published" value="1997-03-31"/>
<dc element="dc.source" value="Reuters"/>
<dc element="dc.creator.location" value="DUBLIN, Ohio"/>
<dc element="dc.creator.location.country.name" value="USA"/>
<dc element="dc.source" value="Reuters"/>
</metadata>
</newsitem>
