<?xml version="1.0" encoding="iso-8859-1" ?>
<newsitem itemid="476302" id="root" date="1997-03-31" xml:lang="en">
<title>USA: CSCE cocoa ends quiet session firmer.</title>
<headline>CSCE cocoa ends quiet session firmer.</headline>
<dateline>NEW YORK 1997-03-31</dateline>
<text>
<p>CSCE cocoa futures ended modestly higher on Monday, but turnover was thin, with the London market still closed for the Easter holiday, trading sources said.</p>
<p>LIFFE trading resumes on Tuesday.</p>
<p>Cocoa prices rose from the outset, peaking at $1,460 a tonne basis the spot May contract on speculative buying, but scale-up trade selling emerged toward the highs and sparked a modest retracement.</p>
<p>&quot;It was very, very quiet,&quot; one trader said. &quot;We got up to $1,460 early, but there was no follow-through and we ended up sitting in mid-range for most of the day.&quot;</p>
<p>Most-active May ended up $3 a tonne, at $1,453, traded from $1,460 to $1,445. Second-month July also rose $3, to $1,482, while the outer months closed $8 to $10 higher.</p>
<p>Technically, traders said the May contract would need to clear Wednesday's close of $1,461 to solidify its stance. Further resistance was seen at $1,475. Support was pegged near $1,425.</p>
<p>Dealers said the latest CFTC Commitment of Traders data, which showed an increase of net long position (non-commercial plus non-reportable) to 24,763 lots as of March 25, was within expectations and largely priced into the market.</p>
<p>Volume on the exchange was estimated at 5,208 lots, with AAs (against actuals) accounting for nearly 2,000 lots, traders said.</p>
<p>((--Patricia Avidan, New York Commodities Desk +1 212 859 1640))</p>
</text>
<copyright>(c) Reuters Limited 1997</copyright>
<metadata>
<codes class="bip:countries:1.0">
  <code code="USA">
    <editdetail attribution="Reuters BIP Coding Group" action="confirmed" date="1997-03-31"/>
  </code>
</codes>
<codes class="bip:topics:1.0">
  <code code="M14">
    <editdetail attribution="Reuters BIP Coding Group" action="confirmed" date="1997-03-31"/>
  </code>
  <code code="M141">
    <editdetail attribution="Reuters BIP Coding Group" action="confirmed" date="1997-03-31"/>
  </code>
  <code code="MCAT">
    <editdetail attribution="Reuters BIP Coding Group" action="confirmed" date="1997-03-31"/>
  </code>
</codes>
<dc element="dc.date.created" value="1997-03-31"/>
<dc element="dc.publisher" value="Reuters Holdings Plc"/>
<dc element="dc.date.published" value="1997-03-31"/>
<dc element="dc.source" value="Reuters"/>
<dc element="dc.creator.location" value="NEW YORK"/>
<dc element="dc.creator.location.country.name" value="USA"/>
<dc element="dc.source" value="Reuters"/>
</metadata>
</newsitem>
