<?xml version="1.0" encoding="iso-8859-1" ?>
<newsitem itemid="476388" id="root" date="1997-03-31" xml:lang="en">
<title>USA: Crystal Systems Q4 loss narrows.</title>
<headline>Crystal Systems Q4 loss narrows.</headline>
<dateline>NEW YORK 1997-03-31</dateline>
<text>
<p>CRYSTAL SYSTEMS SOLUTIONS LTD.</p>
<p>		     (in thousands, except per share data)</p>
<p>					 YEAR ENDED  THREE MONTHS ENDED</p>
<p>					     DECEMBER 31,  DECEMBER 31,</p>
<p>					  1996	 1995   1996   1995</p>
<p> REVENUES			    $4,486    $1,928 $1,760   $621</p>
<p> OPERATING INCOME (LOSS)	  (538)     (345)     19  (105)</p>
<p>MINORITY SHARE IN LOSSES OF A</p>
<p>  CONSOLIDATED SUBSIDIARY	    --	  37     --     --</p>
<p> NET LOSS			     (841)     (414)   (93)  (124)</p>
<p>LOSS PER SHARE:</p>
<p> NET LOSS			    (0.12)    (0.06) (0.01) (0.02)</p>
<p>WEIGHTED AVERAGE NUMBER OF</p>
<p>  SHARES OUTSTANDING		7,214     7,214  7,214  7,214</p>
</text>
<copyright>(c) Reuters Limited 1997</copyright>
<metadata>
<codes class="bip:countries:1.0">
  <code code="USA">
    <editdetail attribution="Reuters BIP Coding Group" action="confirmed" date="1997-03-31"/>
  </code>
</codes>
<codes class="bip:industries:1.0">
  <code code="I33020">
    <editdetail attribution="Reuters BIP Coding Group" action="confirmed" date="1997-03-31"/>
  </code>
  <code code="I3302021">
    <editdetail attribution="Reuters BIP Coding Group" action="confirmed" date="1997-03-31"/>
  </code>
</codes>
<codes class="bip:topics:1.0">
  <code code="C15">
    <editdetail attribution="Reuters BIP Coding Group" action="confirmed" date="1997-03-31"/>
  </code>
  <code code="C151">
    <editdetail attribution="Reuters BIP Coding Group" action="confirmed" date="1997-03-31"/>
  </code>
  <code code="C1511">
    <editdetail attribution="Reuters BIP Coding Group" action="confirmed" date="1997-03-31"/>
  </code>
  <code code="CCAT">
    <editdetail attribution="Reuters BIP Coding Group" action="confirmed" date="1997-03-31"/>
  </code>
</codes>
<dc element="dc.date.created" value="1997-03-31"/>
<dc element="dc.publisher" value="Reuters Holdings Plc"/>
<dc element="dc.date.published" value="1997-03-31"/>
<dc element="dc.source" value="Reuters"/>
<dc element="dc.creator.location" value="NEW YORK"/>
<dc element="dc.creator.location.country.name" value="USA"/>
<dc element="dc.source" value="Reuters"/>
</metadata>
</newsitem>
