<?xml version="1.0" encoding="iso-8859-1" ?>
<newsitem itemid="476382" id="root" date="1997-03-31" xml:lang="en">
<title>USA: Publicker Industries Inc Q4 profit vs loss.</title>
<headline>Publicker Industries Inc Q4 profit vs loss.</headline>
<dateline>OLD GREENWICH, Conn. 1997-03-31</dateline>
<text>
<p>(In Thousands Except for Share Information)</p>
<p>				 Three Months	     Year</p>
<p>			    Ended December 31,  Ended December 31,</p>
<p>			    1996	1995*	 1996	 1995*</p>
<p>				 (unaudited)</p>
<p> Net sales	    $5,417	$5,720    $24,143     $26,956</p>
<p>Income (loss) from</p>
<p>  continuing opers   (450)     (1,756)    (3,704)     (5,266)</p>
<p>Income (loss) from</p>
<p> discontinued opers  4,290	 1,391     14,699	 4,975</p>
<p> Net income (loss)   3,840	 (365)     10,995	 (291)</p>
<p>Earnings (loss) per common share:</p>
<p>  Continuing opers   (.02)	 (.11)	(.21)	 (.36)</p>
<p>  Discontinued opers   .25	   .09	  .86	   .34</p>
<p>  Net income (loss)    .23	 (.02)	  .65	 (.02)</p>
<p>Average shares</p>
<p>  outstanding   15,384,385  14,860,910 15,294,504  14,760,586</p>
<p>Common shares used in</p>
<p>calculation of earnings</p>
<p>  per share     17,162,190  14,860,910 17,072,309  14,760,586</p>
<p>-- New York Newsdesk 212 859-1700</p>
</text>
<copyright>(c) Reuters Limited 1997</copyright>
<metadata>
<codes class="bip:countries:1.0">
  <code code="USA">
    <editdetail attribution="Reuters BIP Coding Group" action="confirmed" date="1997-03-31"/>
  </code>
</codes>
<codes class="bip:topics:1.0">
  <code code="C15">
    <editdetail attribution="Reuters BIP Coding Group" action="confirmed" date="1997-03-31"/>
  </code>
  <code code="C151">
    <editdetail attribution="Reuters BIP Coding Group" action="confirmed" date="1997-03-31"/>
  </code>
  <code code="C1511">
    <editdetail attribution="Reuters BIP Coding Group" action="confirmed" date="1997-03-31"/>
  </code>
  <code code="CCAT">
    <editdetail attribution="Reuters BIP Coding Group" action="confirmed" date="1997-03-31"/>
  </code>
</codes>
<dc element="dc.date.created" value="1997-03-31"/>
<dc element="dc.publisher" value="Reuters Holdings Plc"/>
<dc element="dc.date.published" value="1997-03-31"/>
<dc element="dc.source" value="Reuters"/>
<dc element="dc.creator.location" value="OLD GREENWICH, Conn."/>
<dc element="dc.creator.location.country.name" value="USA"/>
<dc element="dc.source" value="Reuters"/>
</metadata>
</newsitem>
