<?xml version="1.0" encoding="iso-8859-1" ?>
<newsitem itemid="476318" id="root" date="1997-03-31" xml:lang="en">
<title>USA: Telebyte Technology Inc 1996 net drops.</title>
<headline>Telebyte Technology Inc 1996 net drops.</headline>
<dateline>GREENLAWN, N.Y. 1997-03-31</dateline>
<text>
<p>Year Ended Dec. 31</p>
<p>					     1996		   1995</p>
<p>Net Sales			     $4,136,685	   $3,758,953</p>
<p>Net Income			    $   30,455	   $  101,592</p>
<p>Net Income Per Share		$     0.02	   $     0.07</p>
<p>Average Shares Outstanding	 1,489,958	    1,511,292</p>
</text>
<copyright>(c) Reuters Limited 1997</copyright>
<metadata>
<codes class="bip:countries:1.0">
  <code code="USA">
    <editdetail attribution="Reuters BIP Coding Group" action="confirmed" date="1997-03-31"/>
  </code>
</codes>
<codes class="bip:industries:1.0">
  <code code="I33030">
    <editdetail attribution="Reuters BIP Coding Group" action="confirmed" date="1997-03-31"/>
  </code>
</codes>
<codes class="bip:topics:1.0">
  <code code="C15">
    <editdetail attribution="Reuters BIP Coding Group" action="confirmed" date="1997-03-31"/>
  </code>
  <code code="C151">
    <editdetail attribution="Reuters BIP Coding Group" action="confirmed" date="1997-03-31"/>
  </code>
  <code code="C1511">
    <editdetail attribution="Reuters BIP Coding Group" action="confirmed" date="1997-03-31"/>
  </code>
  <code code="CCAT">
    <editdetail attribution="Reuters BIP Coding Group" action="confirmed" date="1997-03-31"/>
  </code>
</codes>
<dc element="dc.date.created" value="1997-03-31"/>
<dc element="dc.publisher" value="Reuters Holdings Plc"/>
<dc element="dc.date.published" value="1997-03-31"/>
<dc element="dc.source" value="Reuters"/>
<dc element="dc.creator.location" value="GREENLAWN, N.Y."/>
<dc element="dc.creator.location.country.name" value="USA"/>
<dc element="dc.source" value="Reuters"/>
</metadata>
</newsitem>
