<?xml version="1.0" encoding="iso-8859-1" ?>
<newsitem itemid="476350" id="root" date="1997-03-31" xml:lang="en">
<title>USA: Reunion Industries Q4 shr loss $0.74.</title>
<headline>Reunion Industries Q4 shr loss $0.74.</headline>
<dateline>STAMFORD, Conn. 1997-03-31</dateline>
<text>
<p>REUNION INDUSTRIES, INC.</p>
<p>		  CONSOLIDATED SUMMARY OF OPERATIONS</p>
<p>				(Unaudited)</p>
<p>		 (In Thousands, Except Per Share Data)</p>
<p>				 Three Months Ended     Year Ended</p>
<p>				    December 31,	 December 31,</p>
<p>				 1996    1995 (1)    1996    1995 (1)</p>
<p> Net Sales		     $18,020   $9,051  $60,305  $10,855</p>
<p> Operating income (loss)	 400     (80)    1,449  (3,016)</p>
<p>Loss from continuing</p>
<p>  operations		     (631)    (356)    (965)  (3,282)</p>
<p>Income (loss) from</p>
<p>discontinued operations:</p>
<p>	Agriculture	    (2,086)    (541)  (2,439)    (299)</p>
<p>	Oil &amp; gas		 (126)  (2,787)    1,122  (10,389)</p>
<p> Net Loss			(2,843)  (3,684)  (2,282) (13,970)</p>
<p>Net loss per common and common equivalent</p>
<p>share - primary and fully diluted</p>
<p>   Continuing operations    (0.16)   (0.09)   (0.25)   (0.86)</p>
<p>   Discontinued operations  (0.58)   (0.86)   (0.34)   (2.79)</p>
<p>   Net Loss		     (0.74)   (0.95)   (0.59)   (3.65)</p>
<p>Weighted average number of common</p>
<p>and common equivalent</p>
<p>   shares outstanding	  3,855    3,855    3,855    3,832</p>
<p>(1)  Restated for discontinued agricultural operations.</p>
<p>-- New York Newsdesk 212 859-1610</p>
</text>
<copyright>(c) Reuters Limited 1997</copyright>
<metadata>
<codes class="bip:countries:1.0">
  <code code="USA">
    <editdetail attribution="Reuters BIP Coding Group" action="confirmed" date="1997-03-31"/>
  </code>
</codes>
<codes class="bip:industries:1.0">
  <code code="I13000">
    <editdetail attribution="Reuters BIP Coding Group" action="confirmed" date="1997-03-31"/>
  </code>
</codes>
<codes class="bip:topics:1.0">
  <code code="C15">
    <editdetail attribution="Reuters BIP Coding Group" action="confirmed" date="1997-03-31"/>
  </code>
  <code code="C151">
    <editdetail attribution="Reuters BIP Coding Group" action="confirmed" date="1997-03-31"/>
  </code>
  <code code="C1511">
    <editdetail attribution="Reuters BIP Coding Group" action="confirmed" date="1997-03-31"/>
  </code>
  <code code="CCAT">
    <editdetail attribution="Reuters BIP Coding Group" action="confirmed" date="1997-03-31"/>
  </code>
</codes>
<dc element="dc.date.created" value="1997-03-31"/>
<dc element="dc.publisher" value="Reuters Holdings Plc"/>
<dc element="dc.date.published" value="1997-03-31"/>
<dc element="dc.source" value="Reuters"/>
<dc element="dc.creator.location" value="STAMFORD, Conn."/>
<dc element="dc.creator.location.country.name" value="USA"/>
<dc element="dc.source" value="Reuters"/>
</metadata>
</newsitem>
