<?xml version="1.0" encoding="iso-8859-1" ?>
<newsitem itemid="476358" id="root" date="1997-03-31" xml:lang="en">
<title>USA: Maxim Group sets 1 mln share buyback.</title>
<headline>Maxim Group sets 1 mln share buyback.</headline>
<dateline>KENNESAW, Ga. 1997-03-31</dateline>
<text>
<p>Maxim Group Inc said Monday its directors had approved a program to repurchase up to one million shares of common stock in the open market.</p>
<p>&quot;At its present trading levels, there is a compelling reason for a repurchase program for our common shares. The stock repurchase program serves both our current stockholders and our company well,&quot; said Maxim Chairman and Chief Executive A.J. Nassar.</p>
<p>Maxim is a floor covering retailer operating in about 600 locations in the U.S. and Canada, including 57 company-owned stores.</p>
</text>
<copyright>(c) Reuters Limited 1997</copyright>
<metadata>
<codes class="bip:countries:1.0">
  <code code="USA">
    <editdetail attribution="Reuters BIP Coding Group" action="confirmed" date="1997-03-31"/>
  </code>
</codes>
<codes class="bip:industries:1.0">
  <code code="I64700">
    <editdetail attribution="Reuters BIP Coding Group" action="confirmed" date="1997-03-31"/>
  </code>
</codes>
<codes class="bip:topics:1.0">
  <code code="C17">
    <editdetail attribution="Reuters BIP Coding Group" action="confirmed" date="1997-03-31"/>
  </code>
  <code code="C171">
    <editdetail attribution="Reuters BIP Coding Group" action="confirmed" date="1997-03-31"/>
  </code>
  <code code="C18">
    <editdetail attribution="Reuters BIP Coding Group" action="confirmed" date="1997-03-31"/>
  </code>
  <code code="C181">
    <editdetail attribution="Reuters BIP Coding Group" action="confirmed" date="1997-03-31"/>
  </code>
  <code code="CCAT">
    <editdetail attribution="Reuters BIP Coding Group" action="confirmed" date="1997-03-31"/>
  </code>
</codes>
<dc element="dc.date.created" value="1997-03-31"/>
<dc element="dc.publisher" value="Reuters Holdings Plc"/>
<dc element="dc.date.published" value="1997-03-31"/>
<dc element="dc.source" value="Reuters"/>
<dc element="dc.creator.location" value="KENNESAW, Ga."/>
<dc element="dc.creator.location.country.name" value="USA"/>
<dc element="dc.source" value="Reuters"/>
</metadata>
</newsitem>
