<?xml version="1.0" encoding="iso-8859-1" ?>
<newsitem itemid="476380" id="root" date="1997-03-31" xml:lang="en">
<title>USA: BOWLIN Outdoor FY 97 net increases.</title>
<headline>BOWLIN Outdoor FY 97 net increases.</headline>
<dateline>ALBUQUERQUE, N.M. 1997-03-31</dateline>
<text>
<p>1997			1996</p>
<p> Shr			  $0.26		    $0.11</p>
<p> Net			    905			384</p>
<p> Revs			25,151		   23,237</p>
<p> Avg shrs		   3,441		    3,361</p>
<p>(All data above 000s except per share numbers)</p>
<p>NOTE:  Full name of company is Bowlin Outdoor Advertising &amp; Travel Center Inc.</p>
</text>
<copyright>(c) Reuters Limited 1997</copyright>
<metadata>
<codes class="bip:countries:1.0">
  <code code="USA">
    <editdetail attribution="Reuters BIP Coding Group" action="confirmed" date="1997-03-31"/>
  </code>
</codes>
<codes class="bip:topics:1.0">
  <code code="C15">
    <editdetail attribution="Reuters BIP Coding Group" action="confirmed" date="1997-03-31"/>
  </code>
  <code code="C151">
    <editdetail attribution="Reuters BIP Coding Group" action="confirmed" date="1997-03-31"/>
  </code>
  <code code="C1511">
    <editdetail attribution="Reuters BIP Coding Group" action="confirmed" date="1997-03-31"/>
  </code>
  <code code="CCAT">
    <editdetail attribution="Reuters BIP Coding Group" action="confirmed" date="1997-03-31"/>
  </code>
</codes>
<dc element="dc.date.created" value="1997-03-31"/>
<dc element="dc.publisher" value="Reuters Holdings Plc"/>
<dc element="dc.date.published" value="1997-03-31"/>
<dc element="dc.source" value="Reuters"/>
<dc element="dc.creator.location" value="ALBUQUERQUE, N.M."/>
<dc element="dc.creator.location.country.name" value="USA"/>
<dc element="dc.source" value="Reuters"/>
</metadata>
</newsitem>
