<?xml version="1.0" encoding="iso-8859-1" ?>
<newsitem itemid="476381" id="root" date="1997-03-31" xml:lang="en">
<title>USA: ASA International Q4 loss vs profit.</title>
<headline>ASA International Q4 loss vs profit.</headline>
<dateline>FRAMINGHAM, Mass. 1997-03-27</dateline>
<text>
<p>Three months ended Dec. 31,  Year ended Dec. 31,</p>
<p>			    1996	1995	   1996	 1995</p>
<p> Net Revenue    $6,649,000 $8,293,000 $25,471,000 $31,032,000</p>
<p>Earnings (Loss)</p>
<p>from Operations</p>
<p>			(278,000)   363,000    (144,000)  1,502,000</p>
<p>Net Earnings (Loss)</p>
<p>			(459,000)   231,000    (649,000)    457,000</p>
<p>Net Earnings (Loss)</p>
<p>  Per Share	    ( .12)	 .05	 ( .17)	  .11</p>
<p>Weighted Average Number</p>
<p>of Common &amp; Common</p>
<p>Equivalent Shares</p>
<p>  Outstanding     3,958,377  4,268,797   3,934,893  4,224,503</p>
</text>
<copyright>(c) Reuters Limited 1997</copyright>
<metadata>
<codes class="bip:countries:1.0">
  <code code="USA">
    <editdetail attribution="Reuters BIP Coding Group" action="confirmed" date="1997-03-31"/>
  </code>
</codes>
<codes class="bip:industries:1.0">
  <code code="I33020">
    <editdetail attribution="Reuters BIP Coding Group" action="confirmed" date="1997-03-31"/>
  </code>
  <code code="I3302021">
    <editdetail attribution="Reuters BIP Coding Group" action="confirmed" date="1997-03-31"/>
  </code>
</codes>
<codes class="bip:topics:1.0">
  <code code="C15">
    <editdetail attribution="Reuters BIP Coding Group" action="confirmed" date="1997-03-31"/>
  </code>
  <code code="C151">
    <editdetail attribution="Reuters BIP Coding Group" action="confirmed" date="1997-03-31"/>
  </code>
  <code code="C1511">
    <editdetail attribution="Reuters BIP Coding Group" action="confirmed" date="1997-03-31"/>
  </code>
  <code code="CCAT">
    <editdetail attribution="Reuters BIP Coding Group" action="confirmed" date="1997-03-31"/>
  </code>
</codes>
<dc element="dc.date.created" value="1997-03-27"/>
<dc element="dc.publisher" value="Reuters Holdings Plc"/>
<dc element="dc.date.published" value="1997-03-31"/>
<dc element="dc.source" value="Reuters"/>
<dc element="dc.creator.location" value="FRAMINGHAM, Mass."/>
<dc element="dc.creator.location.country.name" value="USA"/>
<dc element="dc.source" value="Reuters"/>
</metadata>
</newsitem>
