<?xml version="1.0" encoding="iso-8859-1" ?>
<newsitem itemid="476376" id="root" date="1997-03-31" xml:lang="en">
<title>USA: Edison buys rest of Australian power plant.</title>
<headline>Edison buys rest of Australian power plant.</headline>
<dateline>IRVINE, Calif. 1997-03-31</dateline>
<text>
<p>Edison Mission Energy, a unit of Edison International, announced Monday a deal with the State Electricity Commission of Victoria to acquire the remaining 49 percent of the 1,000-megawatt (MW) Loy Yang B Power Station near Melbourne, Australia.</p>
<p>The plant, consisting of two 500 MW units fired by brown coal, generates around 18 percent of Victoria's electricity.</p>
<p>Edison Mission Energy acquired 51 percent of Loy Yang B in December 1992.</p>
<p>The acquisition of the remaining 49 percent and restructuring of the existing agreements will occur at the close of financing, which is scheduled for early May.</p>
<p>--Los Angeles bureau + 1 213 955 6761</p>
</text>
<copyright>(c) Reuters Limited 1997</copyright>
<metadata>
<codes class="bip:countries:1.0">
  <code code="AUSTR">
    <editdetail attribution="Reuters BIP Coding Group" action="confirmed" date="1997-03-31"/>
  </code>
  <code code="USA">
    <editdetail attribution="Reuters BIP Coding Group" action="confirmed" date="1997-03-31"/>
  </code>
</codes>
<codes class="bip:industries:1.0">
  <code code="I16100">
    <editdetail attribution="Reuters BIP Coding Group" action="confirmed" date="1997-03-31"/>
  </code>
</codes>
<codes class="bip:topics:1.0">
  <code code="C18">
    <editdetail attribution="Reuters BIP Coding Group" action="confirmed" date="1997-03-31"/>
  </code>
  <code code="C182">
    <editdetail attribution="Reuters BIP Coding Group" action="confirmed" date="1997-03-31"/>
  </code>
  <code code="CCAT">
    <editdetail attribution="Reuters BIP Coding Group" action="confirmed" date="1997-03-31"/>
  </code>
</codes>
<dc element="dc.date.created" value="1997-03-31"/>
<dc element="dc.publisher" value="Reuters Holdings Plc"/>
<dc element="dc.date.published" value="1997-03-31"/>
<dc element="dc.source" value="Reuters"/>
<dc element="dc.creator.location" value="IRVINE, Calif."/>
<dc element="dc.creator.location.country.name" value="USA"/>
<dc element="dc.source" value="Reuters"/>
</metadata>
</newsitem>
