<?xml version="1.0" encoding="iso-8859-1" ?>
<newsitem itemid="476373" id="root" date="1997-03-31" xml:lang="en">
<title>USA: Imperial Industries Inc Q4 full results.</title>
<headline>Imperial Industries Inc Q4 full results.</headline>
<dateline>MIAMI 1997-03-31</dateline>
<text>
<p>Financial Highlights</p>
<p>					     Year Ended December 31,</p>
<p>					  1996			  1995</p>
<p> Net sales		    $13,742,000		 $11,615,000</p>
<p> Net income (loss)		274,000		     122,000</p>
<p>Less: Dividends</p>
<p>on redeemable</p>
<p>  preferred stock	     (330,000)		   (330,000)</p>
<p>Net loss applicable to</p>
<p>  common stockholders	  (56,000)		   (208,000)</p>
<p>Net loss per share</p>
<p>  of common stock		   (.01)			 (.04)</p>
<p>Weighted average number of</p>
<p>  shares outstanding	  5,471,000		   5,382,000</p>
<p>SOURCE  Imperial Industries, Inc.</p>
<p>-- New York Newsdesk 212 859-1610</p>
</text>
<copyright>(c) Reuters Limited 1997</copyright>
<metadata>
<codes class="bip:countries:1.0">
  <code code="USA">
    <editdetail attribution="Reuters BIP Coding Group" action="confirmed" date="1997-03-31"/>
  </code>
</codes>
<codes class="bip:topics:1.0">
  <code code="C15">
    <editdetail attribution="Reuters BIP Coding Group" action="confirmed" date="1997-03-31"/>
  </code>
  <code code="C151">
    <editdetail attribution="Reuters BIP Coding Group" action="confirmed" date="1997-03-31"/>
  </code>
  <code code="C1511">
    <editdetail attribution="Reuters BIP Coding Group" action="confirmed" date="1997-03-31"/>
  </code>
  <code code="CCAT">
    <editdetail attribution="Reuters BIP Coding Group" action="confirmed" date="1997-03-31"/>
  </code>
</codes>
<dc element="dc.date.created" value="1997-03-31"/>
<dc element="dc.publisher" value="Reuters Holdings Plc"/>
<dc element="dc.date.published" value="1997-03-31"/>
<dc element="dc.source" value="Reuters"/>
<dc element="dc.creator.location" value="MIAMI"/>
<dc element="dc.creator.location.country.name" value="USA"/>
<dc element="dc.source" value="Reuters"/>
</metadata>
</newsitem>
