<?xml version="1.0" encoding="iso-8859-1" ?>
<newsitem itemid="476325" id="root" date="1997-03-31" xml:lang="en">
<title>USA: Nocopi Q4 shr loss $0.01 vs profit nil.</title>
<headline>Nocopi Q4 shr loss $0.01 vs profit nil.</headline>
<dateline>WAYNE, Pa. 1997-03-31</dateline>
<text>
<p>Nocopi Technologies Inc</p>
<p>							 1996	   1995</p>
<p>Three months ended December 31:</p>
<p> Revenues					 $877,400     $841,300</p>
<p> Net earnings (loss)			( 199,500)	  9,900</p>
<p> Net earnings (loss) per common share(A)  ( .01)	    .00</p>
<p>Average common shares outstanding(A)</p>
<p>						  14,080,654   14,039,612</p>
<p>Year ended December 31:</p>
<p> Revenues					3,640,300    3,019,700</p>
<p> Net loss				     ( 408,300)   ( 241,900)</p>
<p> Net loss per common share(A)		 ( .03)	 ( .02)</p>
<p>Average common shares outstanding(A)</p>
<p>						  14,067,606   14,006,254</p>
<p>(A) Restated to reflect the one-for-five reverse stock split effective July 15, 1996.</p>
</text>
<copyright>(c) Reuters Limited 1997</copyright>
<metadata>
<codes class="bip:countries:1.0">
  <code code="USA">
    <editdetail attribution="Reuters BIP Coding Group" action="confirmed" date="1997-03-31"/>
  </code>
</codes>
<codes class="bip:industries:1.0">
  <code code="I33010">
    <editdetail attribution="Reuters BIP Coding Group" action="confirmed" date="1997-03-31"/>
  </code>
</codes>
<codes class="bip:topics:1.0">
  <code code="C15">
    <editdetail attribution="Reuters BIP Coding Group" action="confirmed" date="1997-03-31"/>
  </code>
  <code code="C151">
    <editdetail attribution="Reuters BIP Coding Group" action="confirmed" date="1997-03-31"/>
  </code>
  <code code="C1511">
    <editdetail attribution="Reuters BIP Coding Group" action="confirmed" date="1997-03-31"/>
  </code>
  <code code="CCAT">
    <editdetail attribution="Reuters BIP Coding Group" action="confirmed" date="1997-03-31"/>
  </code>
</codes>
<dc element="dc.date.created" value="1997-03-31"/>
<dc element="dc.publisher" value="Reuters Holdings Plc"/>
<dc element="dc.date.published" value="1997-03-31"/>
<dc element="dc.source" value="Reuters"/>
<dc element="dc.creator.location" value="WAYNE, Pa."/>
<dc element="dc.creator.location.country.name" value="USA"/>
<dc element="dc.source" value="Reuters"/>
</metadata>
</newsitem>
