<?xml version="1.0" encoding="iso-8859-1" ?>
<newsitem itemid="476414" id="root" date="1997-03-31" xml:lang="en">
<title>USA: Hydron Q4 shr loss $0.04 vs nil.</title>
<headline>Hydron Q4 shr loss $0.04 vs nil.</headline>
<dateline>BOCA RATON, Fla. 1997-03-31</dateline>
<text>
<p>HYDRON TECHNOLOGIES, INC.</p>
<p>				Financial Summary Table</p>
<p>		(in thousands, except share and per share data)</p>
<p>			    Fiscal Year Ended  Three Months Ended</p>
<p>		     12/31/96    12/31/95    12/31/96    12/31/95</p>
<p> Net Sales	   $8,113	$7,303	$1,076	$1,578</p>
<p>Distribution</p>
<p> Agreement Expense  3,150	   ---	   ---	   ---</p>
<p>Net Income (Loss)</p>
<p>			(2,824)	 1,783	 (963)	     2</p>
<p>Net Income</p>
<p>(Loss)/Share (Fully</p>
<p>  Diluted)	    (.12)	   .08	 (.04)	   .00</p>
<p>Weighted Avg.</p>
<p>Common Shares</p>
<p>Outstanding (Fully</p>
<p>  Diluted)     22,905,175  23,138,665  22,905,175  22,702,543</p>
<p>NOTE: Q$ 1996 results include a one-time charge of $3.1 million relecting a licensing agreement with a distributor</p>
</text>
<copyright>(c) Reuters Limited 1997</copyright>
<metadata>
<codes class="bip:countries:1.0">
  <code code="USA">
    <editdetail attribution="Reuters BIP Coding Group" action="confirmed" date="1997-03-31"/>
  </code>
</codes>
<codes class="bip:industries:1.0">
  <code code="I25800">
    <editdetail attribution="Reuters BIP Coding Group" action="confirmed" date="1997-03-31"/>
  </code>
</codes>
<codes class="bip:topics:1.0">
  <code code="C15">
    <editdetail attribution="Reuters BIP Coding Group" action="confirmed" date="1997-03-31"/>
  </code>
  <code code="C151">
    <editdetail attribution="Reuters BIP Coding Group" action="confirmed" date="1997-03-31"/>
  </code>
  <code code="C1511">
    <editdetail attribution="Reuters BIP Coding Group" action="confirmed" date="1997-03-31"/>
  </code>
  <code code="CCAT">
    <editdetail attribution="Reuters BIP Coding Group" action="confirmed" date="1997-03-31"/>
  </code>
</codes>
<dc element="dc.date.created" value="1997-03-31"/>
<dc element="dc.publisher" value="Reuters Holdings Plc"/>
<dc element="dc.date.published" value="1997-03-31"/>
<dc element="dc.source" value="Reuters"/>
<dc element="dc.creator.location" value="BOCA RATON, Fla."/>
<dc element="dc.creator.location.country.name" value="USA"/>
<dc element="dc.source" value="Reuters"/>
</metadata>
</newsitem>
