<?xml version="1.0" encoding="iso-8859-1" ?>
<newsitem itemid="476424" id="root" date="1997-03-31" xml:lang="en">
<title>USA: Muni bond volume drops nine pct in Q1 1997 -- SDC.</title>
<headline>Muni bond volume drops nine pct in Q1 1997 -- SDC.</headline>
<dateline>NEW YORK 1997-03-31</dateline>
<text>
<p>Municipal bond volume dropped nine percent to $37.4 billion in first quarter 1997 from first quarter 1996, Securities Data Co said Monday.</p>
<p>The decline was a 29.7 percent drop from the $53.2 billion of municipal bonds sold in fourth quarter 1996, according to Securities Data.  </p>
<p>Smith Barney Inc, a unit of Travelers Group Inc, was the top-ranked underwriter during the quarter, acting as senior manager for 99 issues totaling $5.4 billion.</p>
<p>Goldman Sachs &amp; Co, the previous top-ranked underwriter, dropped to third with $3.7 billion and 48 deals. Securities Data said PaineWebber Inc, a unit of PaineWebber Group Inc, was second with $4.1 billion and 66 issues.</p>
<p>Merrill Lynch &amp; Co, traditionally among the top muni underwriters, fell to fifth place for the first quarter with $2.7 billion and 60 issues.</p>
<p>Orrick, Herrington &amp; Sutcliffe was the top bond counsel for the quarter with 54 issues totaling $3 billion to its credit. Public Resources Advisory Group had the most volume among financial advisers, with $3.3 billion and 19 issues.</p>
<p>--Steven Dickson, 212-859-1652</p>
</text>
<copyright>(c) Reuters Limited 1997</copyright>
<metadata>
<codes class="bip:countries:1.0">
  <code code="USA">
    <editdetail attribution="Reuters BIP Coding Group" action="confirmed" date="1997-03-31"/>
  </code>
</codes>
<codes class="bip:industries:1.0">
  <code code="I83100">
    <editdetail attribution="Reuters BIP Coding Group" action="confirmed" date="1997-03-31"/>
  </code>
</codes>
<codes class="bip:topics:1.0">
  <code code="C31">
    <editdetail attribution="Reuters BIP Coding Group" action="confirmed" date="1997-03-31"/>
  </code>
  <code code="C313">
    <editdetail attribution="Reuters BIP Coding Group" action="confirmed" date="1997-03-31"/>
  </code>
  <code code="CCAT">
    <editdetail attribution="Reuters BIP Coding Group" action="confirmed" date="1997-03-31"/>
  </code>
  <code code="M12">
    <editdetail attribution="Reuters BIP Coding Group" action="confirmed" date="1997-03-31"/>
  </code>
  <code code="MCAT">
    <editdetail attribution="Reuters BIP Coding Group" action="confirmed" date="1997-03-31"/>
  </code>
</codes>
<dc element="dc.date.created" value="1997-03-31"/>
<dc element="dc.publisher" value="Reuters Holdings Plc"/>
<dc element="dc.date.published" value="1997-03-31"/>
<dc element="dc.source" value="Reuters"/>
<dc element="dc.creator.location" value="NEW YORK"/>
<dc element="dc.creator.location.country.name" value="USA"/>
<dc element="dc.source" value="Reuters"/>
</metadata>
</newsitem>
