<?xml version="1.0" encoding="iso-8859-1" ?>
<newsitem itemid="476409" id="root" date="1997-03-31" xml:lang="en">
<title>USA: Informix turns to outside tools vendors.</title>
<headline>Informix turns to outside tools vendors.</headline>
<dateline>MENLO PARK, Calif. 1997-03-31</dateline>
<text>
<p>Informix Corp, revamping the weakest part of its software business, said Monday it will let customers use application development tools from other companies, including rivals.</p>
<p>Informix, based in Menlo Park, Calif., writes computer programs, called databases, that stores and retrieves huge amounts of corporate information. Customers use other computer programs, called development tools, to write custom software to put in and take out information from these databases.  </p>
<p>The company said customers can now use popular and cheap application development tools from companies such as Microsoft Corp, Symantec Corp and Powersoft Corp, a unit of rival database vendor Sybase Inc. Millions of programmers already use these tools to write commercial- quality programs and make World Wide Web pages.</p>
<p>Until now, Informix customers could write custom applications for Informix databases only with Informix's relatively expensive and esoteric New Era development tools.  </p>
<p>The strategy will make it easier for customers to write software for Informix databases, which could lead to higher sales of Informix's flagship Universal Server database product, said Brett Bachman, Informix general manager of enterprise products.</p>
<p>&quot;We expect it to yield dramatic increases in revenue associated with Universal Server,&quot; Bachman said.</p>
<p>The strategy also would free up Informix's research and development efforts to concentrate on its core products, analysts said. New Era has accounted for a decreasing share of Informix's total revenue in recent quarters because of weak sales.</p>
<p>Informix said customers can use Microsoft's Visual Basic or Java-based development tools -- which cost as little as $100 -- to write applications for its databases.</p>
<p>The company also said it will continue to sell its own New Era development tools for $4,495.</p>
<p>((--Kourosh Karimkhany, in Palo Alto, 415 846 5401))</p>
</text>
<copyright>(c) Reuters Limited 1997</copyright>
<metadata>
<codes class="bip:countries:1.0">
  <code code="USA">
    <editdetail attribution="Reuters BIP Coding Group" action="confirmed" date="1997-03-31"/>
  </code>
</codes>
<codes class="bip:industries:1.0">
  <code code="I33020">
    <editdetail attribution="Reuters BIP Coding Group" action="confirmed" date="1997-03-31"/>
  </code>
  <code code="I3302020">
    <editdetail attribution="Reuters BIP Coding Group" action="confirmed" date="1997-03-31"/>
  </code>
  <code code="I3302021">
    <editdetail attribution="Reuters BIP Coding Group" action="confirmed" date="1997-03-31"/>
  </code>
</codes>
<codes class="bip:topics:1.0">
  <code code="C11">
    <editdetail attribution="Reuters BIP Coding Group" action="confirmed" date="1997-03-31"/>
  </code>
  <code code="C21">
    <editdetail attribution="Reuters BIP Coding Group" action="confirmed" date="1997-03-31"/>
  </code>
  <code code="C31">
    <editdetail attribution="Reuters BIP Coding Group" action="confirmed" date="1997-03-31"/>
  </code>
  <code code="CCAT">
    <editdetail attribution="Reuters BIP Coding Group" action="confirmed" date="1997-03-31"/>
  </code>
</codes>
<dc element="dc.date.created" value="1997-03-31"/>
<dc element="dc.publisher" value="Reuters Holdings Plc"/>
<dc element="dc.date.published" value="1997-03-31"/>
<dc element="dc.source" value="Reuters"/>
<dc element="dc.creator.location" value="MENLO PARK, Calif."/>
<dc element="dc.creator.location.country.name" value="USA"/>
<dc element="dc.source" value="Reuters"/>
</metadata>
</newsitem>
