<?xml version="1.0" encoding="iso-8859-1" ?>
<newsitem itemid="476423" id="root" date="1997-03-31" xml:lang="en">
<title>USA: Stacey's Buffet Inc 1996 loss narrows.</title>
<headline>Stacey's Buffet Inc 1996 loss narrows.</headline>
<dateline>LARGO, Fla. 1997-03-28</dateline>
<text>
<p>Year Ended    Year Ended   Year Ended</p>
<p>			  Jan. 1, 1997  Jan. 3, 1996  Dec. 28, 1994</p>
<p> Restaurant sales	$ 38,781,000   48,826,000   54,259,000</p>
<p> Restaurant profit	  1,040,000	938,000	 29,000</p>
<p>General and administrative</p>
<p>   expenses		   2,270,000    2,720,000    3,324,000</p>
<p> Amortization of goodwill   475,000	532,000	581,000</p>
<p>Provision for restaurant</p>
<p>   closings		     225,000    1,750,000    2,192,000</p>
<p>Impairment of long-lived</p>
<p>   assets				--    4,475,000	     --</p>
<p> Net loss		   (1,566,000)  (8,110,000)  (5,812,000)</p>
<p> Shr				 (0.63)	 (3.00)	 (2.02)</p>
<p> Avg shrs		     2,493,144    2,704,539    2,880,128</p>
</text>
<copyright>(c) Reuters Limited 1997</copyright>
<metadata>
<codes class="bip:countries:1.0">
  <code code="USA">
    <editdetail attribution="Reuters BIP Coding Group" action="confirmed" date="1997-03-31"/>
  </code>
</codes>
<codes class="bip:industries:1.0">
  <code code="I66100">
    <editdetail attribution="Reuters BIP Coding Group" action="confirmed" date="1997-03-31"/>
  </code>
</codes>
<codes class="bip:topics:1.0">
  <code code="C15">
    <editdetail attribution="Reuters BIP Coding Group" action="confirmed" date="1997-03-31"/>
  </code>
  <code code="C151">
    <editdetail attribution="Reuters BIP Coding Group" action="confirmed" date="1997-03-31"/>
  </code>
  <code code="C1511">
    <editdetail attribution="Reuters BIP Coding Group" action="confirmed" date="1997-03-31"/>
  </code>
  <code code="CCAT">
    <editdetail attribution="Reuters BIP Coding Group" action="confirmed" date="1997-03-31"/>
  </code>
</codes>
<dc element="dc.date.created" value="1997-03-28"/>
<dc element="dc.publisher" value="Reuters Holdings Plc"/>
<dc element="dc.date.published" value="1997-03-31"/>
<dc element="dc.source" value="Reuters"/>
<dc element="dc.creator.location" value="LARGO, Fla."/>
<dc element="dc.creator.location.country.name" value="USA"/>
<dc element="dc.source" value="Reuters"/>
</metadata>
</newsitem>
