<?xml version="1.0" encoding="iso-8859-1" ?>
<newsitem itemid="476426" id="root" date="1997-03-31" xml:lang="en">
<title>USA: Integrated Technology USA Q4 full results.</title>
<headline>Integrated Technology USA Q4 full results.</headline>
<dateline>TEANECK, N.J. 1997-03-31</dateline>
<text>
<p>INTEGRATED TECHNOLOGY USA, INC.</p>
<p>			Consolidated Statement of Operations</p>
<p>						 Year Ended	 Dec 31,</p>
<p>							1995	    1996</p>
<p> Net sales				     $803,705    $1,224,596</p>
<p> Cost of products sold			491,315	 819,645</p>
<p>   Gross Profit				 312,390	 404,951</p>
<p>Operating expenses:</p>
<p> Selling, general and administrative  1,634,164     2,371,682</p>
<p> Research and development, net	    357,117	 441,516</p>
<p>   Total costs and expenses	     1,991,281     2,813,198</p>
<p>   Loss from operations		 (1,678,891)   (2,408,247)</p>
<p> Interest income (expense), net	   (4,173)     (287,791)</p>
<p>   Loss before extraordinary loss   (1,683,064)   (2,696,038)</p>
<p>   Extraordinary loss				--     (224,061)</p>
<p>     Net loss			     (1,683,064)   (2,920,099)</p>
<p>Loss per share before extraordinary loss</p>
<p>						     (0.54)	  (0.71)</p>
<p>   Extraordinary loss per share		  --	  (0.06)</p>
<p> Net loss per share			    (0.54)	  (0.77)</p>
<p> Weighted average shares outstanding  3,095,361     3,802,880</p>
<p>SOURCE  Integrated Technology USA Inc</p>
<p>-- New York Newsdesk 212 859-1610</p>
</text>
<copyright>(c) Reuters Limited 1997</copyright>
<metadata>
<codes class="bip:countries:1.0">
  <code code="USA">
    <editdetail attribution="Reuters BIP Coding Group" action="confirmed" date="1997-03-31"/>
  </code>
</codes>
<codes class="bip:topics:1.0">
  <code code="C15">
    <editdetail attribution="Reuters BIP Coding Group" action="confirmed" date="1997-03-31"/>
  </code>
  <code code="C151">
    <editdetail attribution="Reuters BIP Coding Group" action="confirmed" date="1997-03-31"/>
  </code>
  <code code="C1511">
    <editdetail attribution="Reuters BIP Coding Group" action="confirmed" date="1997-03-31"/>
  </code>
  <code code="CCAT">
    <editdetail attribution="Reuters BIP Coding Group" action="confirmed" date="1997-03-31"/>
  </code>
</codes>
<dc element="dc.date.created" value="1997-03-31"/>
<dc element="dc.publisher" value="Reuters Holdings Plc"/>
<dc element="dc.date.published" value="1997-03-31"/>
<dc element="dc.source" value="Reuters"/>
<dc element="dc.creator.location" value="TEANECK, N.J."/>
<dc element="dc.creator.location.country.name" value="USA"/>
<dc element="dc.source" value="Reuters"/>
</metadata>
</newsitem>
