<?xml version="1.0" encoding="iso-8859-1" ?>
<newsitem itemid="476415" id="root" date="1997-03-31" xml:lang="en">
<title>USA: Hydron sees &quot;nominal&quot; earnings in Q1.</title>
<headline>Hydron sees &quot;nominal&quot; earnings in Q1.</headline>
<dateline>BOCA RATON, Fla. 1997-03-31</dateline>
<text>
<p>Hydron Technologies Inc said Monday that it expects a nominal profit in the first quarter of 1997, and sales just below last year's record first quarter. The company did say, however, that sales will be well above 1996 fourth quarter sales, despite the fact that first quarter was primarily HyTech's transition period for developing and proceeding with its own marketing program.</p>
<p>The company said it finished the first quarter with no short or long term debt, paying its ninth consecutive dividend, and with over $5 million in cash.</p>
<p>The company said it brought eleven new products to market in 1996 and expects to launch several more throughout the balance of 1997. In the second quarter the company said it expects to launch its new vitamin and nutritional supplements, announced earlier this month.</p>
<p>Hydron develops a broad range of personal care products, including skin care, hair care, bath and body, and topical over-the-counter pharmaceutical products.</p>
</text>
<copyright>(c) Reuters Limited 1997</copyright>
<metadata>
<codes class="bip:countries:1.0">
  <code code="USA">
    <editdetail attribution="Reuters BIP Coding Group" action="confirmed" date="1997-03-31"/>
  </code>
</codes>
<codes class="bip:industries:1.0">
  <code code="I25800">
    <editdetail attribution="Reuters BIP Coding Group" action="confirmed" date="1997-03-31"/>
  </code>
</codes>
<codes class="bip:topics:1.0">
  <code code="C15">
    <editdetail attribution="Reuters BIP Coding Group" action="confirmed" date="1997-03-31"/>
  </code>
  <code code="C152">
    <editdetail attribution="Reuters BIP Coding Group" action="confirmed" date="1997-03-31"/>
  </code>
  <code code="CCAT">
    <editdetail attribution="Reuters BIP Coding Group" action="confirmed" date="1997-03-31"/>
  </code>
</codes>
<dc element="dc.date.created" value="1997-03-31"/>
<dc element="dc.publisher" value="Reuters Holdings Plc"/>
<dc element="dc.date.published" value="1997-03-31"/>
<dc element="dc.source" value="Reuters"/>
<dc element="dc.creator.location" value="BOCA RATON, Fla."/>
<dc element="dc.creator.location.country.name" value="USA"/>
<dc element="dc.source" value="Reuters"/>
</metadata>
</newsitem>
