<?xml version="1.0" encoding="iso-8859-1" ?>
<newsitem itemid="476411" id="root" date="1997-03-31" xml:lang="en">
<title>USA: Emerging Markets Q3 net loss vs profit.</title>
<headline>Emerging Markets Q3 net loss vs profit.</headline>
<dateline>NEW YORK 1997-03-31</dateline>
<text>
<p>1997			1996</p>
<p> Shr	   loss	 $0.01   profit	 $0.04</p>
<p>Realized and unrealized incomr per shr</p>
<p>	     profit	 $2.00   profit	 $1.20</p>
<p> Net	   loss	   122   profit	   360</p>
<p>Net realized and unrealized income</p>
<p>	     profit	16,854   profit	10,123</p>
<p> Avg shrs		   8,435		    8,434</p>
<p>	   9 MONTHS</p>
<p> Shr	 profit	 $0.02   profit	 $0.09</p>
<p>Realized and unrealized incomr per shr</p>
<p>	     profit	 $1.38   profit	 $0.22</p>
<p> Net	 profit	   128   profit	   831</p>
<p>Net realized and unrealized income</p>
<p>	     profit	11,639   profit	 1,834</p>
<p> Avg shrs		   8,435		    8,434</p>
<p>(All data above 000s except per share numbers)</p>
<p>NOTE:  Emerging Markets Telecommunications Fund said the third quarter period ended February 28.</p>
</text>
<copyright>(c) Reuters Limited 1997</copyright>
<metadata>
<codes class="bip:countries:1.0">
  <code code="USA">
    <editdetail attribution="Reuters BIP Coding Group" action="confirmed" date="1997-03-31"/>
  </code>
</codes>
<codes class="bip:industries:1.0">
  <code code="I81502">
    <editdetail attribution="Reuters BIP Coding Group" action="confirmed" date="1997-03-31"/>
  </code>
  <code code="I8150206">
    <editdetail attribution="Reuters BIP Coding Group" action="confirmed" date="1997-03-31"/>
  </code>
</codes>
<codes class="bip:topics:1.0">
  <code code="C15">
    <editdetail attribution="Reuters BIP Coding Group" action="confirmed" date="1997-03-31"/>
  </code>
  <code code="C151">
    <editdetail attribution="Reuters BIP Coding Group" action="confirmed" date="1997-03-31"/>
  </code>
  <code code="CCAT">
    <editdetail attribution="Reuters BIP Coding Group" action="confirmed" date="1997-03-31"/>
  </code>
</codes>
<dc element="dc.date.created" value="1997-03-31"/>
<dc element="dc.publisher" value="Reuters Holdings Plc"/>
<dc element="dc.date.published" value="1997-03-31"/>
<dc element="dc.source" value="Reuters"/>
<dc element="dc.creator.location" value="NEW YORK"/>
<dc element="dc.creator.location.country.name" value="USA"/>
<dc element="dc.source" value="Reuters"/>
</metadata>
</newsitem>
