<?xml version="1.0" encoding="iso-8859-1" ?>
<newsitem itemid="476418" id="root" date="1997-03-31" xml:lang="en">
<title>USA: RTI Inc Q4 net loss narrows.</title>
<headline>RTI Inc Q4 net loss narrows.</headline>
<dateline>NEW YORK 1997-03-31</dateline>
<text>
<p>RTI INC.</p>
<p>		 Consolidated Condensed Statements of Operations</p>
<p>			Three Months Ended	Twelve Months Ended</p>
<p>			   December 31		  December 31</p>
<p>			    1996	1995	   1996	 1995</p>
<p>			    (Unaudited)</p>
<p> Net revenues	$72,813     $  829     $122,129    $ 9,776</p>
<p>(Loss) from</p>
<p>continuing</p>
<p>  operations	(86,724)  (101,518)    (200,940)  (419,104)</p>
<p> Net loss	   (95,701)  (188,317)    (297,182)  (524,643)</p>
<p> Net loss per share (0.09)     (0.17)	 (0.27)     (0.49)</p>
<p>Average number of</p>
<p>shares</p>
<p>  outstanding    1,101,166  1,076,819    1,090,627  1,076,907</p>
<p>((-- New York Newsdesk 212 859-1610))</p>
</text>
<copyright>(c) Reuters Limited 1997</copyright>
<metadata>
<codes class="bip:countries:1.0">
  <code code="USA">
    <editdetail attribution="Reuters BIP Coding Group" action="confirmed" date="1997-03-31"/>
  </code>
</codes>
<codes class="bip:industries:1.0">
  <code code="I37200">
    <editdetail attribution="Reuters BIP Coding Group" action="confirmed" date="1997-03-31"/>
  </code>
</codes>
<codes class="bip:topics:1.0">
  <code code="C15">
    <editdetail attribution="Reuters BIP Coding Group" action="confirmed" date="1997-03-31"/>
  </code>
  <code code="C151">
    <editdetail attribution="Reuters BIP Coding Group" action="confirmed" date="1997-03-31"/>
  </code>
  <code code="C1511">
    <editdetail attribution="Reuters BIP Coding Group" action="confirmed" date="1997-03-31"/>
  </code>
  <code code="CCAT">
    <editdetail attribution="Reuters BIP Coding Group" action="confirmed" date="1997-03-31"/>
  </code>
</codes>
<dc element="dc.date.created" value="1997-03-31"/>
<dc element="dc.publisher" value="Reuters Holdings Plc"/>
<dc element="dc.date.published" value="1997-03-31"/>
<dc element="dc.source" value="Reuters"/>
<dc element="dc.creator.location" value="NEW YORK"/>
<dc element="dc.creator.location.country.name" value="USA"/>
<dc element="dc.source" value="Reuters"/>
</metadata>
</newsitem>
