<?xml version="1.0" encoding="iso-8859-1" ?>
<newsitem itemid="476404" id="root" date="1997-03-31" xml:lang="en">
<title>USA: UAL Corp CEO 1996 salary at $657,000.</title>
<headline>UAL Corp CEO 1996 salary at $657,000.</headline>
<dateline>WASHINGTON 1997-03-31</dateline>
<text>
<p>Gerald Greenwald, chairman and chief executive officer of UAL Corp was paid a salary of $657,184 for 1996 and received a $725,000 bonus, according to a regulatory filing Monday.</p>
<p>UAL paid the value of the bonus to Greenwald, 61, in common stock instead of cash, it said in a proxy filed with the Securities and Exchange Commision.</p>
<p>UAL also granted Greenwald a stock option covering 132,000 shares of stock, exercisable in four equal annual installments starting April 24, 1997, one year from the date of the grant, the filing said.</p>
<p>The strike price for these stock options is $53.47 a share for all options that expire April 23, 2006, UAL said.</p>
</text>
<copyright>(c) Reuters Limited 1997</copyright>
<metadata>
<codes class="bip:countries:1.0">
  <code code="USA">
    <editdetail attribution="Reuters BIP Coding Group" action="confirmed" date="1997-03-31"/>
  </code>
</codes>
<codes class="bip:industries:1.0">
  <code code="I75000">
    <editdetail attribution="Reuters BIP Coding Group" action="confirmed" date="1997-03-31"/>
  </code>
</codes>
<codes class="bip:topics:1.0">
  <code code="C41">
    <editdetail attribution="Reuters BIP Coding Group" action="confirmed" date="1997-03-31"/>
  </code>
  <code code="CCAT">
    <editdetail attribution="Reuters BIP Coding Group" action="confirmed" date="1997-03-31"/>
  </code>
</codes>
<dc element="dc.date.created" value="1997-03-31"/>
<dc element="dc.publisher" value="Reuters Holdings Plc"/>
<dc element="dc.date.published" value="1997-03-31"/>
<dc element="dc.source" value="Reuters"/>
<dc element="dc.creator.location" value="WASHINGTON"/>
<dc element="dc.creator.location.country.name" value="USA"/>
<dc element="dc.source" value="Reuters"/>
</metadata>
</newsitem>
