<?xml version="1.0" encoding="iso-8859-1" ?>
<newsitem itemid="476402" id="root" date="1997-03-31" xml:lang="en">
<title>USA: Bufete wins $29.5 mln contract in Chile.</title>
<headline>Bufete wins $29.5 mln contract in Chile.</headline>
<dateline>NEW YORK 1997-03-31</dateline>
<text>
<p>Bufete Industrial SA said Monday that its Chilean subsidiary, Empresas de Obras y Montajes Ovalle Moore, SA, has won a $29.5 million fixed-price contract for the procurement and construction of a housing complex at Vina del mar, on the west coast of Chile. The company said the contract was with Cooperative Mallen Ltda.</p>
<p>The project includes eitght buildings and is scheduled to be finished within the next two years.</p>
<p>Bufete is an engineering, procurement and construction firm based in Mexico City.</p>
</text>
<copyright>(c) Reuters Limited 1997</copyright>
<metadata>
<codes class="bip:countries:1.0">
  <code code="CHIL">
    <editdetail attribution="Reuters BIP Coding Group" action="confirmed" date="1997-03-31"/>
  </code>
  <code code="MEX">
    <editdetail attribution="Reuters BIP Coding Group" action="confirmed" date="1997-03-31"/>
  </code>
  <code code="USA">
    <editdetail attribution="Reuters BIP Coding Group" action="confirmed" date="1997-03-31"/>
  </code>
</codes>
<codes class="bip:industries:1.0">
  <code code="I50200">
    <editdetail attribution="Reuters BIP Coding Group" action="confirmed" date="1997-03-31"/>
  </code>
</codes>
<codes class="bip:topics:1.0">
  <code code="C33">
    <editdetail attribution="Reuters BIP Coding Group" action="confirmed" date="1997-03-31"/>
  </code>
  <code code="CCAT">
    <editdetail attribution="Reuters BIP Coding Group" action="confirmed" date="1997-03-31"/>
  </code>
</codes>
<dc element="dc.date.created" value="1997-03-31"/>
<dc element="dc.publisher" value="Reuters Holdings Plc"/>
<dc element="dc.date.published" value="1997-03-31"/>
<dc element="dc.source" value="Reuters"/>
<dc element="dc.creator.location" value="NEW YORK"/>
<dc element="dc.creator.location.country.name" value="USA"/>
<dc element="dc.source" value="Reuters"/>
</metadata>
</newsitem>
