<?xml version="1.0" encoding="iso-8859-1" ?>
<newsitem itemid="476407" id="root" date="1997-03-31" xml:lang="en">
<title>USA: Ascend sees 1997 EPS dilution from merger.</title>
<headline>Ascend sees 1997 EPS dilution from merger.</headline>
<dateline>NEW YORK 1997-03-31</dateline>
<text>
<p>Ascend Communications Inc expects its proposed merger with Cascade Communications Corp to dilute full-year 1997 earnings by $0.05 to $0.10 per share, Chief Financial Officer Bob Dahl said Monday.</p>
<p>Dahl, in a conference call with analysts, said in response to a question that Ascend expected the $3.7 billion merger to be &quot;mildly dilutive&quot; to first quarter earnings.</p>
<p>The questioner asked if the impact would be $0.05 to $0.10 per share, or a larger figure like $0.25.</p>
<p>&quot;We expect that for 1997 (the merger) will be mildly dilutive,&quot; Dahl said.  </p>
<p>Asked if this meant $0.05 to $0.10 per share, the executive said, &quot;That's a good way to cast it.&quot;</p>
<p>Dahl's comments were relayed to Reuters by First Albany analyst Matt Barzowskas, who participated in the conference call. A tape of the teleconference was later made available to reporters by Ascend.</p>
<p>Dahl said that for 1998, the merger will be slightly accretive.</p>
<p>The First Call consensus prior to news of the merger deal, announced late Sunday, was for Ascend to report 1997 earnings of $1.54 per share.  </p>
<p>Dahl, when pressed by an analyst, said the deal could be accretive in 1998 by &quot;more than $0.05 to $0.10&quot; a share.</p>
<p>Executives for Ascend and Cascade said the companies have highly complementary products and distribution channels but limited sales overlap.</p>
<p>&quot;The actual overlap as a percentage of sales is not very large,&quot; Dahl said.</p>
<p>Ascend Chief Executive Mory Ejabat said the companies, which have about 900 employees each, would combine their sales and service sectors.  </p>
<p>&quot;We are going to ask the majority of management in Cascade to help grow this company,&quot; he said.</p>
<p>Cascade said late Sunday it expected to report first quarter earnings below anlaysts' estimates.</p>
<p>Cascade Chief Executive Dan Smith said the reason for the weaker quarter was &quot;uneven&quot; buying patterns of telecom equipment from telephone carriers, despite record levels of port utilization.</p>
<p>&quot;While the timing of customer commitments has been delayed, we have not lost any key customer accounts and continue to be the market leader in frame-relay and ATM backbone switching,&quot; Smith said.</p>
<p>((--617-367-4106))</p>
</text>
<copyright>(c) Reuters Limited 1997</copyright>
<metadata>
<codes class="bip:countries:1.0">
  <code code="USA">
    <editdetail attribution="Reuters BIP Coding Group" action="confirmed" date="1997-03-31"/>
  </code>
</codes>
<codes class="bip:industries:1.0">
  <code code="I34440">
    <editdetail attribution="Reuters BIP Coding Group" action="confirmed" date="1997-03-31"/>
  </code>
  <code code="I79020">
    <editdetail attribution="Reuters BIP Coding Group" action="confirmed" date="1997-03-31"/>
  </code>
</codes>
<codes class="bip:topics:1.0">
  <code code="C15">
    <editdetail attribution="Reuters BIP Coding Group" action="confirmed" date="1997-03-31"/>
  </code>
  <code code="C152">
    <editdetail attribution="Reuters BIP Coding Group" action="confirmed" date="1997-03-31"/>
  </code>
  <code code="C18">
    <editdetail attribution="Reuters BIP Coding Group" action="confirmed" date="1997-03-31"/>
  </code>
  <code code="C181">
    <editdetail attribution="Reuters BIP Coding Group" action="confirmed" date="1997-03-31"/>
  </code>
  <code code="CCAT">
    <editdetail attribution="Reuters BIP Coding Group" action="confirmed" date="1997-03-31"/>
  </code>
</codes>
<dc element="dc.date.created" value="1997-03-31"/>
<dc element="dc.publisher" value="Reuters Holdings Plc"/>
<dc element="dc.date.published" value="1997-03-31"/>
<dc element="dc.source" value="Reuters"/>
<dc element="dc.creator.location" value="NEW YORK"/>
<dc element="dc.creator.location.country.name" value="USA"/>
<dc element="dc.source" value="Reuters"/>
</metadata>
</newsitem>
