<?xml version="1.0" encoding="iso-8859-1" ?>
<newsitem itemid="476408" id="root" date="1997-03-31" xml:lang="en">
<title>USA: INSIGHT - Dow tests critical support at 6600.</title>
<headline>INSIGHT - Dow tests critical support at 6600.</headline>
<byline>Richard Jacobsen</byline>
<dateline>NEW YORK 1997-03-31</dateline>
<text>
<p>The Dow Jones Industrial Average was testing critical technical support at the 6600 level on Monday during a second session of steep losses.</p>
<p>The 6600 level &quot;is very important and if it should happen to break that would mean 6300,&quot; said Robert Dickey, technical analyst at Dain Bosworth.</p>
<p>The Dow was off 105 points, or 1.5 percent, at 6637 in late morning trading on Monday. Earlier in the session the index hit 6599 before paring its losses.  </p>
<p>The Dow fell 140 points on Thursday in a selloff triggered by the move by the 30-year Treasury bond yield over the seven percent level. U.S. financial markets were closed Friday.</p>
<p>The seven-percent yield on the long bond is seen as drawing investors away from stocks into bonds. Analysts said that a move by the long bond yield through the 7.2 percent level would mean an even more serious psycholgical and technical breakdown for stocks.</p>
<p>The long bond was down 1/32 to yield 7.09 percent on Monday.  </p>
<p>Techical analysts said the Dow support around the 6600 level was built by Dow highs in November and December and its January low.</p>
<p>Ricky Harrington, technical analyst analyst, Interstate/Johnson Lane, pointed to 6400 as the next key support after 6600. He said he did not expect any broad rallies off the support levels.</p>
<p>&quot;I would only look for a technical rebound, not much of a rally, from any one of these supports,&quot; Harrington said. &quot;I think the market has broken down and I think you're going to see continued and increased volatility.&quot;  </p>
<p>Technical analysts said the put/call ratio has been relatively low in recent sessions, a sign that there was not sufficient bearish sentiment to provide support for stocks. A higher ratio would indicate investors are buying put options, which allow them to sell stocks at a specified price.</p>
<p>Technical analysts view higher bearish sentiment as a contrary indicator and a positive for stocks.</p>
<p>&quot;I'm pretty nervous the way people are so complacent about this pullback,&quot; Dickey said.</p>
<p>However, Frank Gretz, technical analyst at Shields &amp; Co, said the put/call ratio had picked up Monday morning. European investors returning Tuesday from the long Easter weekend holiday could add to the selling, leading to a &quot;washout&quot; in U.S. stocks that would provide a near-term bottom, he said.</p>
<p>&quot;It all suggest we could be close to a low here, at least temporarily,&quot; Gretz said.</p>
<p>((--Wall St Desk, 212-859-1721))</p>
</text>
<copyright>(c) Reuters Limited 1997</copyright>
<metadata>
<codes class="bip:countries:1.0">
  <code code="USA">
    <editdetail attribution="Reuters BIP Coding Group" action="confirmed" date="1997-03-31"/>
  </code>
</codes>
<codes class="bip:topics:1.0">
  <code code="M11">
    <editdetail attribution="Reuters BIP Coding Group" action="confirmed" date="1997-03-31"/>
  </code>
  <code code="MCAT">
    <editdetail attribution="Reuters BIP Coding Group" action="confirmed" date="1997-03-31"/>
  </code>
</codes>
<dc element="dc.date.created" value="1997-03-31"/>
<dc element="dc.publisher" value="Reuters Holdings Plc"/>
<dc element="dc.date.published" value="1997-03-31"/>
<dc element="dc.source" value="Reuters"/>
<dc element="dc.creator.location" value="NEW YORK"/>
<dc element="dc.creator.location.country.name" value="USA"/>
<dc element="dc.source" value="Reuters"/>
</metadata>
</newsitem>
