<?xml version="1.0" encoding="iso-8859-1" ?>
<newsitem itemid="476421" id="root" date="1997-03-31" xml:lang="en">
<title>USA: Interstate Bakeries buys bread maker.</title>
<headline>Interstate Bakeries buys bread maker.</headline>
<dateline>KANSAS CITY, Mo. 1997-03-31</dateline>
<text>
<p>Interstate Bakeries Corp said Monday its Interstate Brands Corp subsidiary acquired the assets of the San Francisco French Bread Co from privately held Specialty Foods Corp for undisclosed terms.</p>
<p>San Francisco French Bread produces and distributes sourdough breads and rolls principally under the Parisian, Columbo and Toscana brand names throughout northern California as well as in the San Diego area. It had 1996 sales of about $100 million.</p>
<p>Interstate Bakeries is a wholesale baking company with 62 bread and cake bakeries.</p>
<p>	  ((Reuters Chicago Newsdesk (312) 408-8787))</p>
</text>
<copyright>(c) Reuters Limited 1997</copyright>
<metadata>
<codes class="bip:countries:1.0">
  <code code="USA">
    <editdetail attribution="Reuters BIP Coding Group" action="confirmed" date="1997-03-31"/>
  </code>
</codes>
<codes class="bip:industries:1.0">
  <code code="I41900">
    <editdetail attribution="Reuters BIP Coding Group" action="confirmed" date="1997-03-31"/>
  </code>
</codes>
<codes class="bip:topics:1.0">
  <code code="C18">
    <editdetail attribution="Reuters BIP Coding Group" action="confirmed" date="1997-03-31"/>
  </code>
  <code code="C181">
    <editdetail attribution="Reuters BIP Coding Group" action="confirmed" date="1997-03-31"/>
  </code>
  <code code="CCAT">
    <editdetail attribution="Reuters BIP Coding Group" action="confirmed" date="1997-03-31"/>
  </code>
</codes>
<dc element="dc.date.created" value="1997-03-31"/>
<dc element="dc.publisher" value="Reuters Holdings Plc"/>
<dc element="dc.date.published" value="1997-03-31"/>
<dc element="dc.source" value="Reuters"/>
<dc element="dc.creator.location" value="KANSAS CITY, Mo."/>
<dc element="dc.creator.location.country.name" value="USA"/>
<dc element="dc.source" value="Reuters"/>
</metadata>
</newsitem>
