<?xml version="1.0" encoding="iso-8859-1" ?>
<newsitem itemid="476412" id="root" date="1997-03-31" xml:lang="en">
<title>USA: Bresler &amp; Reiner Inc 1996 net rises.</title>
<headline>Bresler &amp; Reiner Inc 1996 net rises.</headline>
<dateline>WASHINGTON 1997-03-28</dateline>
<text>
<p>Twelve Months Ending December 31,	1996	     1995</p>
<p> Revenues				 $35,143,000    $33,824,000</p>
<p>Net Income (LOSS) Before</p>
<p>Debt Elimination and</p>
<p>   Minority Interest		    7,330,000	4,435,000</p>
<p>Extraordinary Item:</p>
<p>Debt Elimination</p>
<p>(Net of Income Taxes of</p>
<p>   $942,000 in 1995)			     --	1,736,000</p>
<p>Net Income</p>
<p>  Before Minority Interest	    7,330,000	6,171,000</p>
<p> Minority Interest			   57,000	   31,000</p>
<p> Net income				 7,273,000	6,140,000</p>
<p>Earnings Per Common</p>
<p>   Share Before Debt Elimination	   2.60	     1.57</p>
<p> Debt Elimination				  --	     0.61</p>
<p> Earnings Per Common Share		   2.60	     2.18</p>
<p> Avg shrs				   2,792,653	2,823,886</p>
</text>
<copyright>(c) Reuters Limited 1997</copyright>
<metadata>
<codes class="bip:countries:1.0">
  <code code="USA">
    <editdetail attribution="Reuters BIP Coding Group" action="confirmed" date="1997-03-31"/>
  </code>
</codes>
<codes class="bip:industries:1.0">
  <code code="I85000">
    <editdetail attribution="Reuters BIP Coding Group" action="confirmed" date="1997-03-31"/>
  </code>
</codes>
<codes class="bip:topics:1.0">
  <code code="C15">
    <editdetail attribution="Reuters BIP Coding Group" action="confirmed" date="1997-03-31"/>
  </code>
  <code code="C151">
    <editdetail attribution="Reuters BIP Coding Group" action="confirmed" date="1997-03-31"/>
  </code>
  <code code="C1511">
    <editdetail attribution="Reuters BIP Coding Group" action="confirmed" date="1997-03-31"/>
  </code>
  <code code="CCAT">
    <editdetail attribution="Reuters BIP Coding Group" action="confirmed" date="1997-03-31"/>
  </code>
</codes>
<dc element="dc.date.created" value="1997-03-28"/>
<dc element="dc.publisher" value="Reuters Holdings Plc"/>
<dc element="dc.date.published" value="1997-03-31"/>
<dc element="dc.source" value="Reuters"/>
<dc element="dc.creator.location" value="WASHINGTON"/>
<dc element="dc.creator.location.country.name" value="USA"/>
<dc element="dc.source" value="Reuters"/>
</metadata>
</newsitem>
