<?xml version="1.0" encoding="iso-8859-1" ?>
<newsitem itemid="462382" id="root" date="1997-03-24" xml:lang="en">
<title>EU:  OFFICIAL JOURNAL CONTENTS - OJ C 94 OF MARCH 22, 1997.</title>
<headline>OFFICIAL JOURNAL CONTENTS - OJ C 94 OF MARCH 22, 1997.</headline>
<text>
<p>*</p>
<p>(Note - contents are displayed in reverse order to that in the printed Journal)</p>
<p>*</p>
<p>Action brought on 30 January 1997 by Sofivo and Others against the Commission of the European Communities (Case T-20/97) (97/C 94/47)</p>
<p>Action brought on 29 January 1997 by Claude Richter against the Commission of the European Communities (Case T-19/97) (97/C 94/46)</p>
<p>Action brought on 27 January 1997 by Atlantic Container Line AB and others against the Commission of the European Communities (Case T-18/97) (97/C 94/45)</p>
<p>Action brought on 24 January 1997 by Kermene SA and Vals SA against the Council of the European Union (Case T-15/97) (97/C 94/44)</p>
<p>Action brought on 21 January 1997 by Sofivo and Others against the Council of the European Union (Case T-14/97) (97/C 94/43)</p>
<p>Action brought on 20 January 1997 by Anna Barnett against the Commission of the European Communities (Case T-12/97) (97/C 94/42)</p>
<p>Action brought on 17 January 1997 by CPL Imperial 2 Spa against the Commission of the European Communities (Case T-11/97) (97/C 94/41)</p>
<p>Action brought on 17 January 1997 by Unifrigo Gadus Srl against the Commission of the European Communities (Case T-10/97) (97/C 94/40)</p>
<p>Action brought on 23 December 1996 by Massalombarda Colombani SpA against the Commission of the European Communities (Case T-216/96) (97/C 94/39)</p>
<p>Action brought on 23 December 1996 by Fabrizio Gillet against the Commission of the European Communities (Case T-215/96) (97/C 94/38)</p>
<p>Action brought on 17 December 1996 by Enrico Palermo against the Commission of the European Communities (Case T-212/96) (97/C 94/37)</p>
<p>Action brought on 12 December 1996 by Eberhard Eiselt against the Commission of the European Communities (Case T-208/96) (97/C 94/36)</p>
<p>Action brought on 25 November 1996 by C. A. S. Succhi di Frutta SpA against the Commission of the European Communities (Case T-191/96) (97/C 94/35)</p>
<p>Removal from the register of Case C-244/96 (1) (97/C 94/34)</p>
<p>Removal from the register of Case C-241/96 (1) (97/C 94/33)</p>
<p>Removal from the register of Case C-227/96 (1) (97/C 94/32)</p>
<p>Removal from the register of Case C-226/96 (1) (97/C 94/31)</p>
<p>Removal from the register of Case C-211/96 (1) (97/C 94/30)</p>
<p>Removal from the register of Joined Cases C-109/96, C-110/96, C-111/96 and C-112/96 (1) (97/C 94/29)</p>
<p>Removal from the register of Case C-94/96 (1) (97/C 94/28)</p>
<p>Reference for a preliminary ruling by the Cour de Cassation, Paris, by judgment of that court of 28 January 1997 in the case of La Reunion Europeenne and Others v. Spliethoff's Bevrachtingskantoor and Others (Case C-51/97) (97/C 94/27)</p>
<p>Reference for a preliminary ruling from the Arrondissementsrechtbank te Almelo, by judgment of that court of 5 February 1997 in the case of Jan Blauw and Others v. Gavema BV (Case C-50/97) (97/C 94/26)</p>
<p>Reference for a preliminary ruling made by the Richmond Magistrates Court by order of that court of 3 September 1996 in the case of Vehicle Inspectorate against 1. E. Clarke &amp; Sons (Coaches) Limited and 2. D. J. Ferne (Case C-47/97) (97/C 94/25)</p>
<p>Action brought on 4 February 1997 by the Kingdom of Spain against the Commission of the European Communities (Case C-45/97) (97/C 94/24)</p>
<p>Action brought on 3 February 1997 by the Commission of the European Communities against the Italian Republic (Case C-43/97) (97/C 94/23)</p>
<p>Reference for a preliminary ruling by the Hof van Beroep, Antwerp, by judgment of that court of 27 January 1997 in the case of the Belgian State v. Foodic BV and Others (Case C-41/97) (97/C 94/22)</p>
<p>Reference for a preliminary ruling from the Sozialgericht, Hamburg, by order of that court of 28 November 1996 in the case of Peter Michael Jordy against 1. Techniker Krankenkasse and 2. Techniker Krankenkasse Pflegeversicherung (Case C-40/97) (97/C 94/21)</p>
<p>Reference for a preliminary ruling from the Bundes-gerichtshof by order of that court of 12 December 1996 in the case of Canon Kabushiki Kaisha v. Pathe Communications Corporation (Case C-39/97) (97/C 94/20)</p>
<p>Reference for a preliminary ruling by the Ufficio del Giudice di Pace di Genova by order of that court of 30 December 1996 in the case of Autotrasporti Librandi snc against Cuttica Spedizioni e Servizi Internazionali srl (Case C-38/97) (97/C 94/19)</p>
<p>Reference for a preliminary ruling from the Schleswig-Holsteinisches Verwaltungsgericht by order of that court of 18 October 1996 in the case of Ernst-Detlef Ketelsen v. Amt fur Land-und Wasserwirtschaft Husum (Case C-37/97) (97/C 94/18)</p>
<p>Reference for a preliminary ruling from the Schleswig-Holsteinisches Verwaltungsgericht by order of that court of 18 October 1996 in the case of Hilmar Kellinghusen v. Amt fur Land-und Wasserwirtschaft Kiel (Case C-36/97) (97/C 94/17)</p>
<p>Action brought on 24 January 1997 by the Commission of the European Communities against the French Republic (Case C-35/97) (97/C 94/16)</p>
<p>Reference for a preliminary ruling by the Kammergericht, Berlin, by order of that court of 23 December 1996 in the cartel administration proceedings between 1. RWE Energie Aktiengesellschaft; 2. Stadt Nordhorn and the Bundeskartellamt (Case C-34/97) (97/C 94/15)</p>
<p>Reference for a preliminary ruling from the Rechtbank van Koophandel by judgment of that court of 10 January 1997 in the case of Colim NV against Bigg's Continent Noord NV (Case C-33/97) (97/C 94/14)</p>
<p>References for a preliminary ruling by the Tribunal Superior de Justicia de Catalunya by orders of that court of 3 and 9 December 1996 in the cases of (i) Fuerzas Electricas de Catalunya SA (Fecsa) and (ii) Autopistas Concesionaria Espanola SA against Tribunal Economico-Administrativo Regional de Catalunya and Departament d'Economia i Finances de la Generalitat de Catalunya (Cases C-31/97 and C-32/97) (97/C 94/13)</p>
<p>References for preliminary rulings by the Pretura di Roma by orders of that court of 17 December 1996 in the cases of Ministero delle Finanze v. 1. IN.CO.GE.'90 srl; 2. Idelgard srl; 3. IRIS '90 srl; 4. Camed srl; 5. PPA - Pomezia Progetti Appalti srl; 6. Edilcam srl; 7. Impresa A. Cecchini EC srl; 8. EMO srl; 9. Emoda srl; 10. Sappesi srl; 11. ING. Luigi Martini srl; 12. Giacomo srl and 13. Mafar srl (Cases C-10/97 to C-22/97) (97/C 94/12)</p>
<p>Action brought on 15 January 1997 by the Commission of the European Communities against the Hellenic Republic (Case C-8/97) (97/C 94/11)</p>
<p>Action brought on 10 January 1997 by the Italian Republic against the Commission of the European Communities (Case C-6/97) (97/C 94/10)</p>
<p>Reference for a preliminary ruling by the Fourth Chamber of the Commissione Tributaria Provinciale di Firenze, by order of that court of 18 October 1996 in the case of Manifattura Italiana Nonwoven SpA v. Direzione Regionale delle Entrate (Florence Office, Tuscany) (Case C-4/97) (97/C 94/09)</p>
<p>Reference for a preliminary ruling by the Tribunale di Genova - Sesta Sezione Civile, by order of that court of 14 December 1996 in the case of Italiana Petroli (IP) SpA against Borsana Srl (Case C-2/97) (97/C 94/08)</p>
<p>Action brought on 30 December 1996 by the Kingdom of Spain against the Commission of the European Communities (Case C-415/96) (97/C 94/07)</p>
<p>Reference for a preliminary ruling from the Sozialgericht Hamburg by order of that court of 31 July 1996 in the case of Mechthild Kehrl v. Allgemeine Ortskrankenkasse Hamburg (interested third party: Bundesanstalt fur Arbeit) (Case C-414/96) (97/C 94/06)</p>
<p>ORDER OF THE COURT (First Chamber) of 21 January 1997 in Case C-156/96 P: Calvin Williams v. Court of Auditors of the European Communities (1) (Appeal - Officials - Obligations - Acts incompatible with the dignity of the official's office - Duty of loyalty - Disciplinary proceedings - Removal from post) (97/C 94/05)</p>
<p>JUDGMENT OF THE COURT (Fifth Chamber) of 6 February 1997 in Case C-205/96: Commission of the European Communities v. Kingdom of Belgium (1) (Directive 92/42/EEC on efficiency requirements for new hot-water boilers fired with liquid or gaseous fuels - Non-transposition) (97/C 94/04)</p>
<p>JUDGMENT OF THE COURT of 4 February 1997 in Joined Cases C-9/95, C-23/95 and C-156/95: Kingdom of Belgium and Federal Republic of Germany v. Commission of the European Communities, supported by the United Kingdom of Great Britain and Northern Ireland and by the French Republic (1) (Bananas - Common organization of the markets - Natural disaster - Import quota - Adjustment and allocation) (97/C 94/03)</p>
<p>JUDGMENT OF THE COURT (Fifth Chamber) of 30 January 1997 in Case C-221/95 (reference for a preliminary ruling from the Tribunal du Travail, Tournai): Institut National d'Assurances Sociales pour Travailleurs Independants (Inasti) v. Claude Hervein, Hervillier SA (1) (Social security for migrant workers - Determination of the legislation applicable - Definition of employed and self-employed) (97/C 94/02)</p>
<p>JUDGMENT OF THE COURT (Fifth Chamber) of 30 January 1997 in Case C-178/95 (reference for a preliminary ruling from the Rechtbank van Koophandel, Antwerp): Wiljo NV v. Belgian State (1) (Structural improvements in inland waterway transport - Special contribution - Exclusion of 'specialized vessels' - Commission decision rejecting an application for exemption - Decision not contested under Article 173 of the Treaty - Validity of the decision then contested before the national court) (97/C 94/01) END OF DOCUMENT.</p>
</text>
<copyright>(c) Reuters Limited 1997</copyright>
<metadata>
<codes class="bip:countries:1.0">
  <code code="EEC">
    <editdetail attribution="Reuters BIP Coding Group" action="confirmed" date="1997-03-24"/>
  </code>
</codes>
<codes class="bip:industries:1.0">
  <code code="I74000">
    <editdetail attribution="Reuters BIP Coding Group" action="confirmed" date="1997-03-24"/>
  </code>
</codes>
<codes class="bip:topics:1.0">
  <code code="G15">
    <editdetail attribution="Reuters BIP Coding Group" action="confirmed" date="1997-03-24"/>
  </code>
  <code code="G155">
    <editdetail attribution="Reuters BIP Coding Group" action="confirmed" date="1997-03-24"/>
  </code>
  <code code="GCAT">
    <editdetail attribution="Reuters BIP Coding Group" action="confirmed" date="1997-03-24"/>
  </code>
</codes>
<dc element="dc.publisher" value="Reuters Holdings Plc"/>
<dc element="dc.date.published" value="1997-03-24"/>
<dc element="dc.source" value="Reuters"/>
<dc element="dc.creator.location.country.name" value="EU"/>
<dc element="dc.source" value="Reuters"/>
</metadata>
</newsitem>
