<?xml version="1.0" encoding="iso-8859-1" ?>
<newsitem itemid="462390" id="root" date="1997-03-24" xml:lang="en">
<title>UK: SOCCER-LIVERPOOL KEEP IN TOUCH WITH LEADERS UNITED.</title>
<headline>SOCCER-LIVERPOOL KEEP IN TOUCH WITH LEADERS UNITED.</headline>
<dateline>LONDON 1997-03-24</dateline>
<text>
<p>Liverpool closed to within three points of English premier league leaders Manchester United on Monday with a controversial 2-1 win at third-placed Arsenal.</p>
<p>The relegation battle between Middlesbrough and Nottingham Forest ended 1-1.</p>
<p>The first half at Highbury was a high-speed affair with little time on the ball for either side.</p>
<p>Liverpool's Stan Collymore missed three decent chances while Dennis Bergkamp blazed over for Arsenal.</p>
<p>But five minutes into the second half Collymore was presented with an unmissable opportunity when David Seaman failed to hold a shot by Stig Inge Bjornebye.</p>
<p>Seaman, playing his first game after nearly two months out injured, was heavily involved in the second Liverpool goal in the 65th minute.</p>
<p>He was penalised for bringing down Robbie Fowler in the box -- despite the Liverpool player doing his best to convince the referee that there was no contact.</p>
<p>Seaman then saved Fowler's poorly-struck penalty -- only for Jason McAteer to bang in the rebound.</p>
<p>Ian Wright pulled one back 12 minutes from time but it was too late for Arsenal who stayed six points behind United from a game more.</p>
<p>Liverpool manager Roy Evans said he thought his side deserved to win a &quot;very competitive game&quot;. &quot;It's a tough place to come and win,&quot; he said.</p>
<p>However, he refused to accept the championship is now a two-horse race.</p>
<p>&quot;Anyone who thinks that is crazy,&quot; he said. This game has kicked people in the teeth all season.&quot;</p>
<p>Evans said he was unaware that Fowler had tried to tell the referee it should not have been a penalty, but added: &quot;If that's what he did then he's very honest.&quot;</p>
<p>In the important relegation duel at the Riverside Stadium, Alf-Inge Haaland put visiting Forest ahead after four minutes, driving the ball home after Pierre van Hooydonk's shot had been parried by Mark Schwarzer.</p>
<p>Mikkel Beck equalised for Middlesbrough in the 56th when he touched in Neil Cox's cross.</p>
<p>Forest move above Coventry into 18th place --  still in the relegation zone -- while Middlesbrough are one place above.</p>
</text>
<copyright>(c) Reuters Limited 1997</copyright>
<metadata>
<codes class="bip:countries:1.0">
  <code code="UK">
    <editdetail attribution="Reuters BIP Coding Group" action="confirmed" date="1997-03-24"/>
  </code>
</codes>
<codes class="bip:topics:1.0">
  <code code="GCAT">
    <editdetail attribution="Reuters BIP Coding Group" action="confirmed" date="1997-03-24"/>
  </code>
  <code code="GSPO">
    <editdetail attribution="Reuters BIP Coding Group" action="confirmed" date="1997-03-24"/>
  </code>
</codes>
<dc element="dc.date.created" value="1997-03-24"/>
<dc element="dc.publisher" value="Reuters Holdings Plc"/>
<dc element="dc.date.published" value="1997-03-24"/>
<dc element="dc.source" value="Reuters"/>
<dc element="dc.creator.location" value="LONDON"/>
<dc element="dc.creator.location.country.name" value="UK"/>
<dc element="dc.source" value="Reuters"/>
</metadata>
</newsitem>
