<?xml version="1.0" encoding="iso-8859-1" ?>
<newsitem itemid="462383" id="root" date="1997-03-24" xml:lang="en">
<title>EU:  OFFICIAL JOURNAL CONTENTS - OJ C 93 OF MARCH 22, 1997.</title>
<headline>OFFICIAL JOURNAL CONTENTS - OJ C 93 OF MARCH 22, 1997.</headline>
<text>
<p>*</p>
<p>(Note - contents are displayed in reverse order to that in the printed Journal)</p>
<p>*</p>
<p>Targeted Socio-Economic Research Programme Notice concerning the third call for proposals for the specific programme on research, technology development and demonstration in the area of Targeted Socio-Economic Research (1994-1998) (97/C 93/12)</p>
<p>Preliminary notice concerning a call for proposals for the specific programme for the dissemination and optimization of the results of activities in the field of research and technological development, including demonstration (1994 to 1998), relating to validation and technology transfer projects (97/C 93/11)</p>
<p>Call for proposals involving actions for persons with Alzheimer's disease Information notice (97/C 93/10)</p>
<p>Notice of invitation to tender for the refund for the export of milled long grain rice to certain third countries (97/C 93/09)</p>
<p>Notice of invitation to tender for the subsidy for the export of husked long grain rice to Reunion (97/C 93/08)</p>
<p>Authorization for State aid pursuant to Articles 92 and 93 of the EC Treaty Cases where the Commission raises no objections (97/C 93/07)</p>
<p>Authorization for State aid pursuant to Articles 92 and 93 of the EC Treaty Cases where the Commission raises no objections (97/C 93/06)</p>
<p>STATE AID C 2/97 (N 854/95) Netherlands (97/C 93/05)</p>
<p>STATE AID C 10/95 (ex N 286/94) Italy (97/C 93/04)</p>
<p>Commission communication in the framework of the implementation of Council Directive 89/392/EEC of 14 June 1989 in relation to machinery (1), as amended by Directives 91/368/EEC (2), 93/44/EEC (3) and 93/68/EEC (4) (97/C 93/03)</p>
<p>Communication of Decisions under sundry tendering procedures in agriculture (cereals) (97/C 93/02)</p>
<p>Ecu (1) 21 March 1997 (97/C 93/01) END OF DOCUMENT.</p>
</text>
<copyright>(c) Reuters Limited 1997</copyright>
<metadata>
<codes class="bip:countries:1.0">
  <code code="EEC">
    <editdetail attribution="Reuters BIP Coding Group" action="confirmed" date="1997-03-24"/>
  </code>
</codes>
<codes class="bip:topics:1.0">
  <code code="G15">
    <editdetail attribution="Reuters BIP Coding Group" action="confirmed" date="1997-03-24"/>
  </code>
  <code code="GCAT">
    <editdetail attribution="Reuters BIP Coding Group" action="confirmed" date="1997-03-24"/>
  </code>
</codes>
<dc element="dc.publisher" value="Reuters Holdings Plc"/>
<dc element="dc.date.published" value="1997-03-24"/>
<dc element="dc.source" value="Reuters"/>
<dc element="dc.creator.location.country.name" value="EU"/>
<dc element="dc.source" value="Reuters"/>
</metadata>
</newsitem>
