<?xml version="1.0" encoding="iso-8859-1" ?>
<newsitem itemid="462395" id="root" date="1997-03-24" xml:lang="en">
<title>FRANCE: SOCCER-MARSEILLE PRESIDENT PLEDGES FUTURE TO CLUB.</title>
<headline>SOCCER-MARSEILLE PRESIDENT PLEDGES FUTURE TO CLUB.</headline>
<dateline>MARSEILLE, France 1997-03-24</dateline>
<text>
<p>Marseille president Robert Louis-Dreyfus vowed on Monday to pour money into the French club next season and described rumours he would quit as &quot;pure fantasy&quot;.</p>
<p>The former European champions have virtually given up on their pre-season target of a UEFA Cup place. Newly-promoted to the first division, they are currently 11th after four successive defeats.</p>
<p>&quot;In 25 years in business I have never left (a job) on a losing note,&quot; said Louis-Dreyfus, head of the Adidas sports equipment company. &quot;Marseille will be no different.&quot;</p>
<p>Calling rumours of his departure &quot;pure fantasy&quot;, he vowed to invest 150 million francs ($26.3 million) into the club.</p>
<p>And he confirmed coach Gerard Gili will remain in charge until the end of the season.</p>
<p>&quot;Then we'll look at the positive and negative aspects and draw our conclusions. We have big projects for the future,&quot; said the president.</p>
<p>Louis-Dreyfus said Marseille would strengthen their squad with six or seven new players, including one or two top strikers, next season with a view to finishing among the top five.</p>
<p>&quot;If we don't get into Europe next year you can say I've failed,&quot; he concluded.</p>
</text>
<copyright>(c) Reuters Limited 1997</copyright>
<metadata>
<codes class="bip:countries:1.0">
  <code code="FRA">
    <editdetail attribution="Reuters BIP Coding Group" action="confirmed" date="1997-03-24"/>
  </code>
</codes>
<codes class="bip:topics:1.0">
  <code code="GCAT">
    <editdetail attribution="Reuters BIP Coding Group" action="confirmed" date="1997-03-24"/>
  </code>
  <code code="GSPO">
    <editdetail attribution="Reuters BIP Coding Group" action="confirmed" date="1997-03-24"/>
  </code>
</codes>
<dc element="dc.date.created" value="1997-03-24"/>
<dc element="dc.publisher" value="Reuters Holdings Plc"/>
<dc element="dc.date.published" value="1997-03-24"/>
<dc element="dc.source" value="Reuters"/>
<dc element="dc.creator.location" value="MARSEILLE, France"/>
<dc element="dc.creator.location.country.name" value="FRANCE"/>
<dc element="dc.source" value="Reuters"/>
</metadata>
</newsitem>
