<?xml version="1.0" encoding="iso-8859-1" ?>
<newsitem itemid="462393" id="root" date="1997-03-24" xml:lang="en">
<title>PORTUGAL: RALLYING-ERIKSSON AMD MAKINEN DUEL FOR SUPREMACY.</title>
<headline>RALLYING-ERIKSSON AMD MAKINEN DUEL FOR SUPREMACY.</headline>
<dateline>FIGUERIRA DA FOZ, Portugal 1997-03-24</dateline>
<text>
<p>Swede Kenneth Eriksson held a 14 seconds lead over world champion Tommi Makinen of Finland after a thrilling duel in the Portuguese Rally on Monday.</p>
<p>Once championship leaders Colin McRae and Carlos Sainz retired with mechanical problems, the two Scandinavians took turns at the front during 170 km of stages held on gravelled roads.</p>
<p>Eriksson, who won the Swedish Rally last month, went ahead on the sixth stage from Subaru team mate McRae when the British driver was forced out with engine problems.</p>
<p>Makinen, in a Mitsubishi, slowly chipped away at the lead and moved in front at the end of the ninth stage. But he dropped to second again on the 11th when Eriksson opted for a wider-treaded tyre which paid dividends on the loose surface.</p>
<p>&quot;It obviously proved a bit of a winner,&quot; said a Subaru team spokesman. &quot;The conditions were very dusty and being first on the road definitely helped as well. Kenneth is feeling really confident now.&quot;</p>
<p>Eriksson is currently fourth in the championship and a victory in Portugal, the fourth event in this year's calendar, would give him the lead.</p>
<p>Although McRae was able to push the car to the end of the stage, he did not reach the service point in time and was forced out.</p>
<p>&quot;It is more than a disappointment,&quot; he said.  &quot;Everything felt good on this event and we were pulling out a good lead. It is easy to say now, but I had a feeling about this one and believe we could have won it.&quot;</p>
<p>Sainz had also been in contention during the opening stages when he encountered gearbox problems on the fifth stage.</p>
<p>&quot;Everything was going fine in the stage and it would have been a good time, but just two kilometres from the end there was a big bang in the transmission,&quot; said the Spaniard, currently second in the championship behind McRae.</p>
<p>&quot;Maybe something in the gearbox tried to seize, but there was nothing we could do and I was forced to park the car.&quot;</p>
<p>Belgian Friday Loix ended the day in third place, more than a minute adrift of the leaders in his Toyota, with Briton Richard Burns fourth and Portugal's Rui Madeira fifth. The rally ends on Wednesday.</p>
</text>
<copyright>(c) Reuters Limited 1997</copyright>
<metadata>
<codes class="bip:countries:1.0">
  <code code="FIN">
    <editdetail attribution="Reuters BIP Coding Group" action="confirmed" date="1997-03-24"/>
  </code>
  <code code="PORL">
    <editdetail attribution="Reuters BIP Coding Group" action="confirmed" date="1997-03-24"/>
  </code>
  <code code="SWED">
    <editdetail attribution="Reuters BIP Coding Group" action="confirmed" date="1997-03-24"/>
  </code>
</codes>
<codes class="bip:topics:1.0">
  <code code="GCAT">
    <editdetail attribution="Reuters BIP Coding Group" action="confirmed" date="1997-03-24"/>
  </code>
  <code code="GSPO">
    <editdetail attribution="Reuters BIP Coding Group" action="confirmed" date="1997-03-24"/>
  </code>
</codes>
<dc element="dc.date.created" value="1997-03-24"/>
<dc element="dc.publisher" value="Reuters Holdings Plc"/>
<dc element="dc.date.published" value="1997-03-24"/>
<dc element="dc.source" value="Reuters"/>
<dc element="dc.creator.location" value="FIGUERIRA DA FOZ, Portugal"/>
<dc element="dc.creator.location.country.name" value="PORTUGAL"/>
<dc element="dc.source" value="Reuters"/>
</metadata>
</newsitem>
