<?xml version="1.0" encoding="iso-8859-1" ?>
<newsitem itemid="462388" id="root" date="1997-03-24" xml:lang="en">
<title>USA: TENNIS-COURIER SURVIVES A SCARE AT LIPTON CHAMPIONSHIPS.</title>
<headline>TENNIS-COURIER SURVIVES A SCARE AT LIPTON CHAMPIONSHIPS.</headline>
<dateline>KEY BISCAYNE, Florida 1997-03-24</dateline>
<text>
<p>Jim Courier, showing glimpses of the fire that made him number one in the world five years ago, won a tough third-round match at the $4.45 million Lipton Championships on Monday.</p>
<p>Courier, ranked 26th and still struggling to regain the form that won him two Australian and two French Open titles, fought hard from 4-1 down in the third set to defeat talented Australian lefthander Scott Draper 4-6 6-1 6-4.</p>
<p>Thomas Muster of Austria, the second seed, handed 166th-ranked Tommy Haas a lesson on stadium court, defeating the 19-year old German prospect 6-1 6-2 in 52 minutes.</p>
<p>The women's second seed was upset when Arantxa Sanchez Vicario of Spain played a lacklustre match with little-known Sandrine Testud of France, going out 6-0 7-5.</p>
<p>Testud, ranked 29th, missed a match point at 5-4 but the usually tigerish Spaniard could not force a comeback, going out on the second match point with a netted forehand.  </p>
<p>Top seeded woman Martina Hingis of Switzerland was tested in her fourth-round match before beating Russia's Elena Likhovtseva 6-3 2-6 6-3.</p>
<p>Hingis will meet Mary Joe Fernandez in the quarter-finals. Fernandez, ranked 12th, beat her former friend and doubles partner Lindsay Davenport 6-2 6-4. Davenport, ranked seventth, dumped Fernandez as her doubles partner at the end of last year, causing a rift between the two.</p>
<p>Monica Seles, the fourth seed, needed just 55 minutes to advance past Asa Carlsson of Sweden 6-2 6-1.  </p>
<p>Courier was overwhelmed at first by the booming lefthanded serves and searing groundstrokes of Draper, often compared to his famous lefthanded countryman Rod Laver, but yet to fulfil that potential.</p>
<p>Draper, 22, won the first set 6-4 before going off the boil in the second to drop it 6-1. But the Australian got the first break of serve in the third set, pounding groundstroke winners to run his opponent all over the court.</p>
<p>He led 4-1 before Courier fought back, varying the pace and coming to net, breaking Draper for 4-3. Courier then used an effective serve and volley game to reach 4-4, winning the game with a low, angled drop shot.</p>
<p>As quickly as Courier's confidence returned, Draper's evaporated. An ace saved one break point in the next game, but the Australian handed Courier the lead 5-4 with a double fault. The American served out the match 6-4 as Draper netted a backhand return.</p>
<p>&quot;I picked up my game at 4-2 and cut out the unforced errors which were killing me in the match,&quot; said Courier of his late comeback. &quot;Clearly today I didn't play my best tennis, but I used my brain in the end to win the match. That's very satisfying.&quot;</p>
<p>Draper said he paid the price for overconfidence. &quot;I felt like the match was mine and that's a big mistake against a guy like Courier. My serve went off and he changed his tactics and went to the net more. It's pretty tough to beat a player like that with your second serve.&quot;</p>
</text>
<copyright>(c) Reuters Limited 1997</copyright>
<metadata>
<codes class="bip:countries:1.0">
  <code code="USA">
    <editdetail attribution="Reuters BIP Coding Group" action="confirmed" date="1997-03-24"/>
  </code>
</codes>
<codes class="bip:topics:1.0">
  <code code="GCAT">
    <editdetail attribution="Reuters BIP Coding Group" action="confirmed" date="1997-03-24"/>
  </code>
  <code code="GSPO">
    <editdetail attribution="Reuters BIP Coding Group" action="confirmed" date="1997-03-24"/>
  </code>
</codes>
<dc element="dc.date.created" value="1997-03-24"/>
<dc element="dc.publisher" value="Reuters Holdings Plc"/>
<dc element="dc.date.published" value="1997-03-24"/>
<dc element="dc.source" value="Reuters"/>
<dc element="dc.creator.location" value="KEY BISCAYNE, Florida"/>
<dc element="dc.creator.location.country.name" value="USA"/>
<dc element="dc.source" value="Reuters"/>
</metadata>
</newsitem>
