<?xml version="1.0" encoding="iso-8859-1" ?>
<newsitem itemid="462397" id="root" date="1997-03-24" xml:lang="en">
<title>PORTUGAL: RALLYING-PORTUGUESE RALLY POSITIONS.</title>
<headline>RALLYING-PORTUGUESE RALLY POSITIONS.</headline>
<dateline>FIGUEIRA DA FOZ, Portugal 1997-03-24</dateline>
<text>
<p>Leading</p>
<p>positions in the Portuguese Rally after 10 of Monday's 12</p>
<p>special stages:</p>
<p>1. Tommi Makinen (Finland) Mitsubishi  1 hour 32 minutes 32</p>
<p>seconds</p>
<p> 2. Kenneth Eriksson (Sweden) Subaru	   1:32:37</p>
<p> 3. Freddy Loix (Belgium) Toyota		 1:33:37</p>
<p> 4. Richard Burns (Britain) Mitsubishi	 1:34:00</p>
<p> 5. Rui Madeira (Portugal) Subaru		1:34.28</p>
<p> 6. Armin Schwarz (Germany) Ford		 2:02:39</p>
<p> 7. Gregoire de Mevius (France) Ford	   2:04:36</p>
<p> 8. Jean-Pierre Richelmi (Monaco) Ford	 2:06:49</p>
<p> 9. Gustavo Trelles (Uruguay) Mitsubishi     2:07:20</p>
<p> 10. Adruzilo Lopes (Portugal) Peugeot	 2:07:22</p>
</text>
<copyright>(c) Reuters Limited 1997</copyright>
<metadata>
<codes class="bip:countries:1.0">
  <code code="FIN">
    <editdetail attribution="Reuters BIP Coding Group" action="confirmed" date="1997-03-24"/>
  </code>
  <code code="PORL">
    <editdetail attribution="Reuters BIP Coding Group" action="confirmed" date="1997-03-24"/>
  </code>
</codes>
<codes class="bip:topics:1.0">
  <code code="GCAT">
    <editdetail attribution="Reuters BIP Coding Group" action="confirmed" date="1997-03-24"/>
  </code>
  <code code="GSPO">
    <editdetail attribution="Reuters BIP Coding Group" action="confirmed" date="1997-03-24"/>
  </code>
</codes>
<dc element="dc.date.created" value="1997-03-24"/>
<dc element="dc.publisher" value="Reuters Holdings Plc"/>
<dc element="dc.date.published" value="1997-03-24"/>
<dc element="dc.source" value="Reuters"/>
<dc element="dc.creator.location" value="FIGUEIRA DA FOZ, Portugal"/>
<dc element="dc.creator.location.country.name" value="PORTUGAL"/>
<dc element="dc.source" value="Reuters"/>
</metadata>
</newsitem>
