<?xml version="1.0" encoding="iso-8859-1" ?>
<newsitem itemid="462399" id="root" date="1997-03-24" xml:lang="en">
<title>SOUTH AFRICA: CRICKET-CRONJE LAMENTS LOST OPPORTUNITIES.</title>
<headline>CRICKET-CRONJE LAMENTS LOST OPPORTUNITIES.</headline>
<byline>Andy Colquhoun</byline>
<dateline>PRETORIA 1997-03-24</dateline>
<text>
<p>South African captain Hansie Cronje claimed his side was not far behind Australia after recording a consolation eight-wicket victory in the third and final test at Centurion Park on Monday.</p>
<p>South Africa, who had already lost the first two tests, dismissed Australia for 185 in their second innings and knocked off the 29 they needed to win for the loss of openers Gary Kirsten and Adam Bacher.</p>
<p>&quot;One day when we sit back in our armchairs we will kick ourselves for what happened in the second test at Port Elizabeth. The series was a lot closer than people made out,&quot; Cronje said.</p>
<p>Having been heavily beaten in the first test in Johannesburg, South Africa lost a low-scoring second test at Port Elizabeth after holding a lead of 188 in their second innings with 10 wickets in hand.</p>
<p>Australia won that match by two wickets to clinch the series 2-0.</p>
<p>Their consolation win came quickly on Monday thanks to some devastating fast bowling from Allan Donald, who took five for 36. It was his first five-wicket haul against Australia and the eighth in his 33-test career.</p>
<p>His match figures of eight for 96 were enough to give him the man-of-the-match award and it meant that, in the eight tests he has played this season, five against India and three against Australia, he has taken 41 wickets.</p>
<p>&quot;This year has been my best year in all the cricket I have played,&quot; Donald said. &quot;I don't think I have ever bowled as consistently well.&quot;</p>
<p>Donald took three wickets as Australia, who resumed on 96 for four on the fourth day, were able to add only 89 runs to the overnight total.</p>
<p>Only Steve Waugh, who added to his first innings 67 with a battling 60 not out, provided any durable resistance. His aggregate of 313 runs at an average of 78.3 was enough to earn him the man-of-the-series award.</p>
<p>Donald bowled Greg Blewett for a duck in the first over and by lunch the Australians had also lost Michael Bevan and Ian Healy.</p>
<p>Healy, adjudged to have been caught down the leg side, was unhappy with the decision and later collected a suspension which rules him out of the first two one-day internationals.</p>
<p>The tail was wrapped up in the first seven overs after lunch to leave South Africa needing 29 for victory.</p>
<p>&quot;After this test match we certainly feel that we can beat Australia, although they may have relaxed going into the match with a 2-0 lead,&quot; said Cronje.</p>
<p>&quot;But we showed we can play well against them.&quot;</p>
<p>It was the second succesive time Australia had lost the last test after winning a series. They recently lost inside three days to the West Indies in Perth in a series in which they already held a 3-1 lead.</p>
<p>&quot;It's a good habit and a bad habit,&quot; joked their skipper Mark Taylor.</p>
<p>&quot;I hope we keep doing it for the next five or six series. If we can have the series in the bag before the last test I will give that one up every time.&quot;</p>
<p>The sides now meet in a seven match one-day international series which begins in East London on Saturday.</p>
</text>
<copyright>(c) Reuters Limited 1997</copyright>
<metadata>
<codes class="bip:countries:1.0">
  <code code="AUSTR">
    <editdetail attribution="Reuters BIP Coding Group" action="confirmed" date="1997-03-24"/>
  </code>
  <code code="SAFR">
    <editdetail attribution="Reuters BIP Coding Group" action="confirmed" date="1997-03-24"/>
  </code>
</codes>
<codes class="bip:topics:1.0">
  <code code="GCAT">
    <editdetail attribution="Reuters BIP Coding Group" action="confirmed" date="1997-03-24"/>
  </code>
  <code code="GSPO">
    <editdetail attribution="Reuters BIP Coding Group" action="confirmed" date="1997-03-24"/>
  </code>
</codes>
<dc element="dc.date.created" value="1997-03-24"/>
<dc element="dc.publisher" value="Reuters Holdings Plc"/>
<dc element="dc.date.published" value="1997-03-24"/>
<dc element="dc.source" value="Reuters"/>
<dc element="dc.creator.location" value="PRETORIA"/>
<dc element="dc.creator.location.country.name" value="SOUTH AFRICA"/>
<dc element="dc.source" value="Reuters"/>
</metadata>
</newsitem>
