<?xml version="1.0" encoding="iso-8859-1" ?>
<newsitem itemid="462384" id="root" date="1997-03-24" xml:lang="en">
<title>EU:  OFFICIAL JOURNAL CONTENTS - OJ L 80 OF MARCH 21, 1997.</title>
<headline>OFFICIAL JOURNAL CONTENTS - OJ L 80 OF MARCH 21, 1997.</headline>
<text>
<p>*</p>
<p>(Note - contents are displayed in reverse order to that in the printed Journal)</p>
<p>*</p>
<p>COUNCIL RECOMMENDATION of 17 March 1997 concerning the discharge to be given to the Commission in respect of the implementation of the operations of the European Development Fund (1989) (Seventh EDF) for the financial year 1995 (97/191/EC)</p>
<p>COUNCIL RECOMMENDATION of 17 March 1997 concerning the discharge to be given to the Commission in respect of the implementation of the operations of the European Development Fund (1984) (Sixth EDF) for the financial year 1995 (07/190/EC) END OF DOCUMENT.</p>
</text>
<copyright>(c) Reuters Limited 1997</copyright>
<metadata>
<codes class="bip:countries:1.0">
  <code code="EEC">
    <editdetail attribution="Reuters BIP Coding Group" action="confirmed" date="1997-03-24"/>
  </code>
</codes>
<codes class="bip:topics:1.0">
  <code code="G15">
    <editdetail attribution="Reuters BIP Coding Group" action="confirmed" date="1997-03-24"/>
  </code>
  <code code="G151">
    <editdetail attribution="Reuters BIP Coding Group" action="confirmed" date="1997-03-24"/>
  </code>
  <code code="GCAT">
    <editdetail attribution="Reuters BIP Coding Group" action="confirmed" date="1997-03-24"/>
  </code>
</codes>
<dc element="dc.publisher" value="Reuters Holdings Plc"/>
<dc element="dc.date.published" value="1997-03-24"/>
<dc element="dc.source" value="Reuters"/>
<dc element="dc.creator.location.country.name" value="EU"/>
<dc element="dc.source" value="Reuters"/>
</metadata>
</newsitem>
