<?xml version="1.0" encoding="iso-8859-1" ?>
<newsitem itemid="462479" id="root" date="1997-03-24" xml:lang="en">
<title>BELGIUM: SOCCER-NILIS OUT FOR WALES MATCH, ALBERT DOUBTFUL.</title>
<headline>SOCCER-NILIS OUT FOR WALES MATCH, ALBERT DOUBTFUL.</headline>
<dateline>BRUSSELS 1997-03-24</dateline>
<text>
<p>PSV Eindhoven striker Luc Nilis has pulled out of Belgium's squad for Saturday's World Cup qualifier against Wales in Cardiff, coach Georges Leekens said on Monday.</p>
<p>&quot;I don't think he'll be able to play in the next few weeks...it's serious, his ankle,&quot; Leekens told VTM television.</p>
<p>Newcastle defender Philippe Albert is doubtful with a knee injury and Belgium's 1996 player of the year Franky Van der Elst has a groin problem.</p>
<p>Nilis, last season's leading striker in the Dutch first division and named Netherlands Player of the Year, sustained an ankle injury late last month.</p>
<p>&quot;Perhaps he started again too early and forced his ankle,&quot; Leekens said.</p>
<p>Belgium must avoid defeat to stay in the running for second place in European qualifying group seven. They are currently third, behind the Netherlands and Wales.</p>
</text>
<copyright>(c) Reuters Limited 1997</copyright>
<metadata>
<codes class="bip:countries:1.0">
  <code code="BELG">
    <editdetail attribution="Reuters BIP Coding Group" action="confirmed" date="1997-03-24"/>
  </code>
  <code code="NETH">
    <editdetail attribution="Reuters BIP Coding Group" action="confirmed" date="1997-03-24"/>
  </code>
  <code code="UK">
    <editdetail attribution="Reuters BIP Coding Group" action="confirmed" date="1997-03-24"/>
  </code>
</codes>
<codes class="bip:topics:1.0">
  <code code="GCAT">
    <editdetail attribution="Reuters BIP Coding Group" action="confirmed" date="1997-03-24"/>
  </code>
  <code code="GSPO">
    <editdetail attribution="Reuters BIP Coding Group" action="confirmed" date="1997-03-24"/>
  </code>
</codes>
<dc element="dc.date.created" value="1997-03-24"/>
<dc element="dc.publisher" value="Reuters Holdings Plc"/>
<dc element="dc.date.published" value="1997-03-24"/>
<dc element="dc.source" value="Reuters"/>
<dc element="dc.creator.location" value="BRUSSELS"/>
<dc element="dc.creator.location.country.name" value="BELGIUM"/>
<dc element="dc.source" value="Reuters"/>
</metadata>
</newsitem>
