<?xml version="1.0" encoding="iso-8859-1" ?>
<newsitem itemid="462495" id="root" date="1997-03-24" xml:lang="en">
<title>ZIMBABWE: ZIMBABWE DOLLAR ENDS MIXED ON KEY CURRENCIES.</title>
<headline>ZIMBABWE DOLLAR ENDS MIXED ON KEY CURRENCIES.</headline>
<dateline>HARARE 1997-03-24</dateline>
<text>
<p>The Zimbabwe dollar ended Monday's session firmer on the U.S. dollar on the back of some foreign currency inflows and on central bank support but it softened on key European units as it tracked their movements overseas.</p>
<p>&quot;I don't think there were any major payments made today but there were some receipts coming in and the dollar strengthened on the U.S. dollar,&quot; one dealer said.</p>
<p>&quot;The Reserve Bank was also in the market but not in a big way to support the dollar around the 11.2875 level,&quot; he added.</p>
<p>The local unit closed at 11.2750/2850 on the U.S. dollar from 11.2825/2925 at Friday's close and also firmed marginally to 2.5425/5460 on the rand versus 2.5470/5490.</p>
<p>On the crosses, it weakened to 18.1440/1670 on sterling from 18.0520/0620 and to 6.6690/6770 compared to 6.6660/6680.</p>
<p>--Emelia Sithole, Harare Newsroom: +263-4 72 52 27/8/9--</p>
</text>
<copyright>(c) Reuters Limited 1997</copyright>
<metadata>
<codes class="bip:countries:1.0">
  <code code="ZIMBAB">
    <editdetail attribution="Reuters BIP Coding Group" action="confirmed" date="1997-03-24"/>
  </code>
</codes>
<codes class="bip:topics:1.0">
  <code code="M13">
    <editdetail attribution="Reuters BIP Coding Group" action="confirmed" date="1997-03-24"/>
  </code>
  <code code="M132">
    <editdetail attribution="Reuters BIP Coding Group" action="confirmed" date="1997-03-24"/>
  </code>
  <code code="MCAT">
    <editdetail attribution="Reuters BIP Coding Group" action="confirmed" date="1997-03-24"/>
  </code>
</codes>
<dc element="dc.date.created" value="1997-03-24"/>
<dc element="dc.publisher" value="Reuters Holdings Plc"/>
<dc element="dc.date.published" value="1997-03-24"/>
<dc element="dc.source" value="Reuters"/>
<dc element="dc.creator.location" value="HARARE"/>
<dc element="dc.creator.location.country.name" value="ZIMBABWE"/>
<dc element="dc.source" value="Reuters"/>
</metadata>
</newsitem>
