<?xml version="1.0" encoding="iso-8859-1" ?>
<newsitem itemid="462445" id="root" date="1997-03-24" xml:lang="en">
<title>ARGENTINA: SOCCER-ARGENTINE CHAMPIONSHIP RESULTS/STANDINGS.</title>
<headline>SOCCER-ARGENTINE CHAMPIONSHIP RESULTS/STANDINGS.</headline>
<dateline>BUENOS AIRES 1997-03-23</dateline>
<text>
<p>Results of Argentine</p>
<p>soccer championship matches played at the weekend.</p>
<p> River Plate	  3    Boca Juniors	  3</p>
<p> Colon		  3    Estudiantes	   1</p>
<p> Lanus		  1    Gimnasia-Jujuy	1</p>
<p> Huracan Corrientes 1    Platense		1</p>
<p> Velez Sarsfield    2    Banfield		1</p>
<p> Independiente	4    Union		   4</p>
<p> San Lorenzo	  3    Rosario Central     1</p>
<p> Newell's Old Boys  2    Huracan		 0  </p>
<p>Standings (tabulate under played, won, drawn, lost, goals</p>
<p>for, goals against, points)</p>
<p> River Plate		   6  4  2  0 15  4 14</p>
<p> Colon			   6  4  2  0 13  5 14</p>
<p> San Lorenzo		   6  4  1  1 17  8 13</p>
<p> Newell's Old Boys	   6  4  1  1  9  4 13</p>
<p> Velez Sarsfield	     6  3  1  2  7  5 10</p>
<p> Platense			6  2  3  1  9  8  9</p>
<p> Racing Club		   5  3  0  2  6  8  9</p>
<p> Rosario Central	     6  2  2  2  8  6  8</p>
<p> Boca Juniors		  6  2  2  2 10 11  8</p>
<p> Union			   6  2  2  2  8 11  8</p>
<p> Lanus			   6  1  4  1  5  4  7</p>
<p> Gimnasia-La Plata	   5  2  1  2  3  4  7</p>
<p> Deportivo Espanol	   5  1  3  1  8  8  6</p>
<p> Ferro Carril Oeste	  5  1  2  2  7  8  5</p>
<p> Huracan Corrientes	  6  0  5  1  6  9  5</p>
<p> Independiente		 6  1  2  3 10 14  5</p>
<p> Banfield			6  1  2  3  4  8  5</p>
<p> Estudiantes		   6  1  0  5  6 11  3</p>
<p> Gimnasia-Jujuy		6  0  3  3  7 12  3</p>
<p> Huracan			 6  0  2  4  5 15  2</p>
<p>Note: the Clausura is the second of two championships</p>
<p>played in the Argentine season. The teams meet each other once</p>
<p>in each and there is no overall champion.</p>
</text>
<copyright>(c) Reuters Limited 1997</copyright>
<metadata>
<codes class="bip:countries:1.0">
  <code code="ARG">
    <editdetail attribution="Reuters BIP Coding Group" action="confirmed" date="1997-03-24"/>
  </code>
</codes>
<codes class="bip:topics:1.0">
  <code code="GCAT">
    <editdetail attribution="Reuters BIP Coding Group" action="confirmed" date="1997-03-24"/>
  </code>
  <code code="GSPO">
    <editdetail attribution="Reuters BIP Coding Group" action="confirmed" date="1997-03-24"/>
  </code>
</codes>
<dc element="dc.date.created" value="1997-03-23"/>
<dc element="dc.publisher" value="Reuters Holdings Plc"/>
<dc element="dc.date.published" value="1997-03-24"/>
<dc element="dc.source" value="Reuters"/>
<dc element="dc.creator.location" value="BUENOS AIRES"/>
<dc element="dc.creator.location.country.name" value="ARGENTINA"/>
<dc element="dc.source" value="Reuters"/>
</metadata>
</newsitem>
