<?xml version="1.0" encoding="iso-8859-1" ?>
<newsitem itemid="462491" id="root" date="1997-03-24" xml:lang="en">
<title>ITALY: SOCCER-BOLOGNA STAND UP POPE BUT STILL DRAW.</title>
<headline>SOCCER-BOLOGNA STAND UP POPE BUT STILL DRAW.</headline>
<dateline>ROME 1997-03-24</dateline>
<text>
<p>Pope John Paul rather than team tactics figured large in post-match analysis by Italian serie A side Bologna following their 1-1 draw with Roma on Sunday.</p>
<p>Bologna provoked a minor diplomatic incident on Saturday when they failed to show up for a private audience at the Vatican with the Pope.</p>
<p>At the Olympic Stadium in Rome on Sunday, embarrassed club president Giuseppe Gazzoni Frascara was at pains to apologise for the gaffe rather than comment on his side's match performance.</p>
<p>&quot;We apologise to the Pontiff for not making the visit...But it's not true to suggest that we preferred to go training rather than visit the Pope,&quot; Frascara said.</p>
<p>&quot;The truth is that it's difficult to travel in Italy...The team got delayed 45 minutes on a routine scheduled flight (from Bologna to Rome)...and at that stage it simply wasn't possible to guarantee that we would arrive at the Vatican in time.&quot;</p>
<p>Even if the incident provoked dismay in the Vatican, it seems that the sporting gods were in a forgiving mood.</p>
<p>Bologna picked up a useful away point in a game vital to the UEFA Cup qualifying prospects of both teams.</p>
</text>
<copyright>(c) Reuters Limited 1997</copyright>
<metadata>
<codes class="bip:countries:1.0">
  <code code="ITALY">
    <editdetail attribution="Reuters BIP Coding Group" action="confirmed" date="1997-03-24"/>
  </code>
  <code code="VCAN">
    <editdetail attribution="Reuters BIP Coding Group" action="confirmed" date="1997-03-24"/>
  </code>
</codes>
<codes class="bip:topics:1.0">
  <code code="GCAT">
    <editdetail attribution="Reuters BIP Coding Group" action="confirmed" date="1997-03-24"/>
  </code>
  <code code="GREL">
    <editdetail attribution="Reuters BIP Coding Group" action="confirmed" date="1997-03-24"/>
  </code>
  <code code="GSPO">
    <editdetail attribution="Reuters BIP Coding Group" action="confirmed" date="1997-03-24"/>
  </code>
</codes>
<dc element="dc.date.created" value="1997-03-24"/>
<dc element="dc.publisher" value="Reuters Holdings Plc"/>
<dc element="dc.date.published" value="1997-03-24"/>
<dc element="dc.source" value="Reuters"/>
<dc element="dc.creator.location" value="ROME"/>
<dc element="dc.creator.location.country.name" value="ITALY"/>
<dc element="dc.source" value="Reuters"/>
</metadata>
</newsitem>
