<?xml version="1.0" encoding="iso-8859-1" ?>
<newsitem itemid="462489" id="root" date="1997-03-24" xml:lang="en">
<title>GERMANY: SOCCER-DUNDEE COMEBACK TOO LATE FOR GERMANY SQUAD.</title>
<headline>SOCCER-DUNDEE COMEBACK TOO LATE FOR GERMANY SQUAD.</headline>
<dateline>BONN 1997-03-24</dateline>
<text>
<p>South African-born striker Sean Dundee will have to wait a while longer for his first German cap after Berti Vogts omitted him on Monday from the squad for next week's World Cup qualifier against Albania.</p>
<p>The Karlsruhe striker looked set to make his debut against Israel in a friendly last month, just two months after being granted German citizenship. But he had to withdraw from the squad because of a calf injury.</p>
<p>Dundee made his comeback from the injury on Sunday night in Karlsruhe's 2-0 defeat by Bayern Munich -- too late to achive the fitness required for the Albania game.</p>
<p>Vogts is also deprived of Dundee's club mate Thomas Haessler, who is sidelined with an ankle injury.</p>
<p>For security reasons, the group nine qualifier on April 2 has been moved from Tirana to the Spanish city of Granada, although it will be recorded as a home game for Albania.</p>
<p>FIFA decided to switch the match amid concern about unrest in the impoverished Balkan country.</p>
<p>Squad:</p>
<p>Goalkeepers - Oliver Kahn (Bayern Munich), Andreas Koepke (Marseille)</p>
<p>Defenders - Markus Babbel (Bayern Munich), Thomas Helmer (Bayern Munich), Juergen Kohler (Borussia Dortmund), Stefan Reuter (Borussia Dortmund), Matthias Sammer (Borussia Dortmund), Christian Woerns (Bayer Leverkusen)</p>
<p>Midfielders - Mario Basler (Bayern Munich), Dieter Eilts (Werder Bremen), Joerg Heinrich (Borussia Dortmund), Andreas Moeller (Borussia Dortmund), Dariusz Wosz (Bochum), Christian Ziege (Bayern Munich)</p>
<p>Forwards - Oliver Bierhoff (Udinese), Fredi Bobic (VfB Stuttgart), Ulf Kirsten (Bayer Leverkusen), Juergen Klinsmann (Bayern Munich)</p>
</text>
<copyright>(c) Reuters Limited 1997</copyright>
<metadata>
<codes class="bip:countries:1.0">
  <code code="ALB">
    <editdetail attribution="Reuters BIP Coding Group" action="confirmed" date="1997-03-24"/>
  </code>
  <code code="GFR">
    <editdetail attribution="Reuters BIP Coding Group" action="confirmed" date="1997-03-24"/>
  </code>
  <code code="ISRAEL">
    <editdetail attribution="Reuters BIP Coding Group" action="confirmed" date="1997-03-24"/>
  </code>
  <code code="SAFR">
    <editdetail attribution="Reuters BIP Coding Group" action="confirmed" date="1997-03-24"/>
  </code>
</codes>
<codes class="bip:topics:1.0">
  <code code="GCAT">
    <editdetail attribution="Reuters BIP Coding Group" action="confirmed" date="1997-03-24"/>
  </code>
  <code code="GSPO">
    <editdetail attribution="Reuters BIP Coding Group" action="confirmed" date="1997-03-24"/>
  </code>
</codes>
<dc element="dc.date.created" value="1997-03-24"/>
<dc element="dc.publisher" value="Reuters Holdings Plc"/>
<dc element="dc.date.published" value="1997-03-24"/>
<dc element="dc.source" value="Reuters"/>
<dc element="dc.creator.location" value="BONN"/>
<dc element="dc.creator.location.country.name" value="GERMANY"/>
<dc element="dc.source" value="Reuters"/>
</metadata>
</newsitem>
