<?xml version="1.0" encoding="iso-8859-1" ?>
<newsitem itemid="462410" id="root" date="1997-03-24" xml:lang="en">
<title>USA: TENNIS-CHANG UPSET, HINGIS MARCHES ON AT LIPTON CHAMPIONSHIPS.</title>
<headline>TENNIS-CHANG UPSET, HINGIS MARCHES ON AT LIPTON CHAMPIONSHIPS.</headline>
<dateline>KEY BISCAYNE, Florida 1997-03-23</dateline>
<text>
<p>Third seed Michael Chang saw his hot streak halted by Sergi Bruguera in the third round of the Lipton Championships Sunday, but women's top seed Martina Hingis showed no sign that her own winning streak would end any time soon.</p>
<p>A sluggish looking Chang fell 6-4 6-3 to the 35th-ranked Spaniard in a clash of former French Open champions, ending the American's string of 11 consecutive match wins.</p>
<p>Chang, who won Lipton in 1992, had claimed titles in his previous two tour events at Memphis and Indian Wells.</p>
<p>&quot;It's been a good run for me,&quot; said Chang, who complained of cramping despite the relatively short 94-minute match.</p>
<p>&quot;Unfortunately, it ended a little earlier than I wanted it to. Actually, I didn't want the streak to end,&quot; Chang said.</p>
<p>Hingis, meanwhile, stretch her unblemished 1997 match record to 22-0 by taking out a player who has been projected as one of the Swiss teen's likely future challengers.</p>
<p>In a third-round matchup of 16-year-olds, soon-to-be world number one Hingis picked off American Venus Williams 6-4 6-2 after spotting Williams the first three games.</p>
<p>Williams came up with two early service breaks for her 3-0 first-set lead. But Hingis seized control and rumbled toward her fifth title of the year.</p>
<p>&quot;She is the same age as I am, and maybe two heads taller,&quot; Hingis said. &quot;It's a different feeling playing a player the same age as I am.</p>
<p>&quot;You never want to lose to someone the same age as you are,&quot; said Hingis, who takes over the top ranking from Steffi Graf March 31 regardless of what happens here.</p>
<p>The youth brigade produced another third-round winner when promising 15-year-old Russian Anna Kournikova recovered from a first-set drubbing to oust 34th-ranked Katarina Studenikova of Slovakia 1-6 6-4 6-0.</p>
<p>&quot;I'm happy, I'm not surprised,&quot; said the 90th-ranked Russian teenager. &quot;I worked for it, you know?&quot;</p>
<p>Second seed Arantxa Sanchez Vicario, third seed Jana Novotna and fourth seed Monica Seles, playing her first tournament of the year, also advanced.</p>
<p>In men's play, swift-serving Australian Mark Philippoussis dominated ninth-seed Wayne Ferreira of South Africa 6-3 6-3 in another third round match, while Andrei Medvedev of Ukraine bounced 11th seed Alberto Costa of Spain 6-3 3-6 7-6.</p>
<p>The 28th-ranked Philippoussis came extremely close to matching his ATP Tour record 142 mile per hour (228 kph) serve during the 61-minute match.</p>
<p>At 30-0 in the second game of the second set, Philippoussis belted a serve that was clocked at 141 mph (227 kph). The 10th-ranked Ferreira was able to get his racket on the ball, but just barely.</p>
<p>&quot;Hopefully, it's not going to end,&quot; Philippoussis said of his supersonic service speed.</p>
<p>&quot;I'm going to keep on trying to serve harder and harder,&quot; added the Australian, who approached his record serve on two other occasions.</p>
<p>Chang, inexplicably, seemed to lack his trademark tenacity Sunday.</p>
<p>&quot;I didn't really feel that comfortable out there,&quot; said Chang, who had won four of his previous five meetings with the Spaniard. &quot;Sergi was playing some good tennis today.&quot;</p>
<p>For Bruguera, who has slipped in the rankings since being third in 1994, this marked his first victory over a top-five player since he beat Goran Ivanisevic at Rome in 1995.</p>
<p>Bruguera did offer Chang eight opportunities to break his serve. But the third seed managed to convert just one -- in the second game of the second set.</p>
<p>&quot;I went out there playing very relaxed,&quot; Bruguera said.</p>
<p>&quot;I think I served very well, especially in important moments. He had a lot of break points and didn't break me, only one time.&quot;</p>
</text>
<copyright>(c) Reuters Limited 1997</copyright>
<metadata>
<codes class="bip:countries:1.0">
  <code code="USA">
    <editdetail attribution="Reuters BIP Coding Group" action="confirmed" date="1997-03-24"/>
  </code>
</codes>
<codes class="bip:topics:1.0">
  <code code="GCAT">
    <editdetail attribution="Reuters BIP Coding Group" action="confirmed" date="1997-03-24"/>
  </code>
  <code code="GSPO">
    <editdetail attribution="Reuters BIP Coding Group" action="confirmed" date="1997-03-24"/>
  </code>
</codes>
<dc element="dc.date.created" value="1997-03-23"/>
<dc element="dc.publisher" value="Reuters Holdings Plc"/>
<dc element="dc.date.published" value="1997-03-24"/>
<dc element="dc.source" value="Reuters"/>
<dc element="dc.creator.location" value="KEY BISCAYNE, Florida"/>
<dc element="dc.creator.location.country.name" value="USA"/>
<dc element="dc.source" value="Reuters"/>
</metadata>
</newsitem>
