<?xml version="1.0" encoding="iso-8859-1" ?>
<newsitem itemid="462470" id="root" date="1997-03-24" xml:lang="en">
<title>USA: GOLF-MICKELSON CLAIMS 10TH TITLE WITH BAY HILL WIN.</title>
<headline>GOLF-MICKELSON CLAIMS 10TH TITLE WITH BAY HILL WIN.</headline>
<dateline>ORLANDO, Florida 1997-03-23</dateline>
<text>
<p>Phil Mickelson fired a final-round seven-under-par 65 on Sunday to win the Bay Hill Invitational golf tournament by three strokes for his 10th career title on the PGA Tour.</p>
<p>Mickelson used a late charge to beat Australian Stuart Appleby, the winner last week at the Honda Classic.</p>
<p>Mickelson picked up six strokes in six holes on the back nine to finish 16 strokes under par. Appleby came in at 13-under with a bogey on the final hole for a round of 69.</p>
<p>Tied for third place at 12-under were Payne Stewart, with a 67, Mark O'Meara, who closed with a 70, and overnight leader Omar Uresti, who shot 71.</p>
<p>&quot;Winning Arnold Palmer's tournament makes this win so special, especially to do it the week that he came back from cancer,&quot; Mickelson said of the tournament's legendary host who returned to the links after recent prostate cancer surgery.</p>
<p>The 26-year-old Mickelson said he was inspired by Palmer.</p>
<p>&quot;I've been looking at the old pictures of Mr Palmer in the locker room, his putter raised up in victory after those Arnie charges, and I thought I'd try to emulate the master.&quot;</p>
<p>Mickelson was three strokes behind when he made the turn and caught fire on the back nine.</p>
<p>He birdied the 11th hole from 12 feet, then sank a 50 foot putt for eagle on the par-five 12th hole.</p>
<p>&quot;I didn't expect that one to fall in. I was just trying to make birdie and creep up the leader board, and suddenly I was pushed up to the top of it,&quot; Mickelson said.</p>
<p>He then birdied 13 and 14 to take the lead alone. Another birdie on 16 extended his lead to a comfortable three strokes with two holes to play.</p>
<p>Appleby needed to hole his 7-iron second shot on 18 for eagle to catch Mickelson, but instead nearly hit into the water and made bogey.</p>
<p>&quot;If I had been in this position a year ago I probably wouldn't have been so aggressive, but winning last week was a big boost for my confidence and today I just went for it on every shot,&quot; Appleby explained.</p>
<p>&quot;I tried to think about last week, and the fact that I'm playing well. I tried to reenact last week. It's a different golf course, a different situation, but the same ideas were there and I got similar results,&quot; Appleby said.</p>
<p>Only Jack Nicklaus won more tournaments than Mickelson by the age of 26, but the Golden Bear had won all four major titles by that age.</p>
<p>Mickelson, who has yet to win a major, picked up $270,000 for this victory. He also moved up to eighth place on the 1997 earnings list and to third place in the U.S. Ryder Cup team standings.</p>
</text>
<copyright>(c) Reuters Limited 1997</copyright>
<metadata>
<codes class="bip:countries:1.0">
  <code code="USA">
    <editdetail attribution="Reuters BIP Coding Group" action="confirmed" date="1997-03-24"/>
  </code>
</codes>
<codes class="bip:topics:1.0">
  <code code="GCAT">
    <editdetail attribution="Reuters BIP Coding Group" action="confirmed" date="1997-03-24"/>
  </code>
  <code code="GSPO">
    <editdetail attribution="Reuters BIP Coding Group" action="confirmed" date="1997-03-24"/>
  </code>
</codes>
<dc element="dc.date.created" value="1997-03-23"/>
<dc element="dc.publisher" value="Reuters Holdings Plc"/>
<dc element="dc.date.published" value="1997-03-24"/>
<dc element="dc.source" value="Reuters"/>
<dc element="dc.creator.location" value="ORLANDO, Florida"/>
<dc element="dc.creator.location.country.name" value="USA"/>
<dc element="dc.source" value="Reuters"/>
</metadata>
</newsitem>
