<?xml version="1.0" encoding="iso-8859-1" ?>
<newsitem itemid="462492" id="root" date="1997-03-24" xml:lang="en">
<title>NETHERLANDS: SOCCER-DUTCH DILEMMA ON HOW TO COMBAT RIVAL SOCCER GANGS.</title>
<headline>SOCCER-DUTCH DILEMMA ON HOW TO COMBAT RIVAL SOCCER GANGS.</headline>
<byline>Ian Geoghegan</byline>
<dateline>AMSTERDAM 1997-03-24</dateline>
<text>
<p>The hatred between rival Dutch soccer gangs is just as intense, but the battleground for their brief but brutal confrontations has changed since the 1970s when fans invaded pitches and fought on crumbling concrete terraces.</p>
<p>The death of an Ajax Amsterdam gang leader, a 35-year-old hotel owner, in violent clashes with rival Feyenoord Rotterdam supporters on waste ground near a motorway on Sunday marks a turning point for this small, soccer-crazed country.</p>
<p>It was the first fatality linked to the soccer hooliganism that has blighted the sport for over 20 years.</p>
<p>The Netherlands, in common with most countries riddled with the hooliganism disease, thought it had wrested control from the thugs who terrorised soccer crowds in the 1970s and 1980s.</p>
<p>But, while better policing and the move to all-seater stadiums appeared to have rid the game of its worst excesses of violence, the brief calm has prompted a new generation of hooligans hell-bent on carrying on the age-old rivalries.</p>
<p>Owing more to the gang warfare of the United States than to the traditional European image of pitched battles between fans and riot police, the new breed of hooligan is more sophisticated and organised, the fighting pre-arranged and premeditated.</p>
<p>Today's gangs, a volatile mix of old-style, street-hard skinhead and modish, professional thirtysomething, have taken their brutal skirmishing away from the soccer grounds and heavy policing presence to the urban wastelands and motorway parks.</p>
<p>Meetings are pre-arranged by mobile telephone, allowing the organisers to change venue at the last minute.</p>
<p>The fans, wearing jeans, jackets and often balaclavas, arrive by car, brandishing all manner of weapons, but nearly always knives and baseball bats, go into brief combat and then disperse at the sound of police sirens.</p>
<p>While these gangs swear allegiance to soccer clubs and wear their teams' colours and insignia -- many die-hard Feyenoord fans sport an &quot;SCF&quot; (Sporting Club Feyenoord) tattoo -- the sport itself claims it is powerless to intervene. Clubs have traditionally been held culpable for violence by their fans.</p>
<p>But many now reckon that this latest gang-style feuding has little to do with the game.</p>
<p>&quot;I have said it many times before and say it again now...this (violence) has nothing to do with football,&quot; Feyenoord chairman Jorien van den Herik said.</p>
<p>&quot;Fighting of this sort falls outside the competence of the clubs and the (Dutch) soccer associatio n.&quot;</p>
<p>&quot;This is pure criminality. Football is just an excuse,&quot; state secretary for sport Erica Terpstra said on Sunday.</p>
<p>Deputy Prime Minister Hans Dijkstal said the government was losing its grip in the face of escalating violence.</p>
<p>&quot;These are gangs of hardened criminals, groups who seek each other out to fight,&quot; he said.</p>
<p>Calling for tougher sentences, he added: &quot;This is hard work for the police and judiciary.</p>
<p>We must track down these groups and punish them.&quot; Politicians, meeting police and soccer chiefs for urgent talks on Monday, remain divided over how to react.</p>
<p>The conservative Liberal Party, the rightist element in the ruling three-party coalition, has called for maximum penalties to deter these &quot;small mobile armies&quot; from staging their brutal combat in public places.</p>
<p>The senior coalition partner Labour Party prefers to improve police infiltration in the gangs, keeping mobile troops up-to-date with the gangs' last-minute venue alterations.</p>
<p>The police, working with the criminal intelligence agency set up in the 1980s to track soccer hooligans, knew in advance that the rival gangs had set up a meeting, but were powerless to stop it when the venue was switched at the last moment.</p>
<p>&quot;We tried everything...to keep the two gangs apart, but we would have needed airborne troops to get between them,&quot; said local Kennemerland chief of police Bob Visser.</p>
<p>There is a long history of rivalry between Feyenoord and Ajax, bordering on naked hatred which, in part, reflects the cultural divide between the nation's two largest cities.</p>
<p>Rotterdam, the industrial heart, has long felt slighted by aristocratic Amsterdam.</p>
<p>In October 1989, 14 people were injured when a Feyenoord supporter lobbed a home-made bomb in amongst Ajax fans during a league game in Amsterdam.</p>
<p>And last November fans hurled fire-bombs and pelted police with ball bearings ahead of a league game in Rotterdam.</p>
<p>At the ground, over 100 baying Feyenoord supporters attacked the Ajax team coach, hurling bottles and stones and breaking windows.</p>
<p>Dutch media have dubbed games between these two teams, among the most successful in the Netherlands, as &quot;The Match of Hate&quot;.</p>
</text>
<copyright>(c) Reuters Limited 1997</copyright>
<metadata>
<codes class="bip:countries:1.0">
  <code code="NETH">
    <editdetail attribution="Reuters BIP Coding Group" action="confirmed" date="1997-03-24"/>
  </code>
</codes>
<codes class="bip:topics:1.0">
  <code code="GCAT">
    <editdetail attribution="Reuters BIP Coding Group" action="confirmed" date="1997-03-24"/>
  </code>
  <code code="GSPO">
    <editdetail attribution="Reuters BIP Coding Group" action="confirmed" date="1997-03-24"/>
  </code>
</codes>
<dc element="dc.date.created" value="1997-03-24"/>
<dc element="dc.publisher" value="Reuters Holdings Plc"/>
<dc element="dc.date.published" value="1997-03-24"/>
<dc element="dc.source" value="Reuters"/>
<dc element="dc.creator.location" value="AMSTERDAM"/>
<dc element="dc.creator.location.country.name" value="NETHERLANDS"/>
<dc element="dc.source" value="Reuters"/>
</metadata>
</newsitem>
