<?xml version="1.0" encoding="iso-8859-1" ?>
<newsitem itemid="462448" id="root" date="1997-03-24" xml:lang="en">
<title>AUSTRALIA: RUGBY LEAGUE-SUPER LEAGUE RESULT.</title>
<headline>RUGBY LEAGUE-SUPER LEAGUE RESULT.</headline>
<dateline>SYDNEY 1997-03-24</dateline>
<text>
<p>Result of a Super League rugby</p>
<p>league match played on Monday.</p>
<p> Brisbane Broncos	24  Canberra Raiders     8</p>
</text>
<copyright>(c) Reuters Limited 1997</copyright>
<metadata>
<codes class="bip:countries:1.0">
  <code code="AUSTR">
    <editdetail attribution="Reuters BIP Coding Group" action="confirmed" date="1997-03-24"/>
  </code>
</codes>
<codes class="bip:topics:1.0">
  <code code="GCAT">
    <editdetail attribution="Reuters BIP Coding Group" action="confirmed" date="1997-03-24"/>
  </code>
  <code code="GSPO">
    <editdetail attribution="Reuters BIP Coding Group" action="confirmed" date="1997-03-24"/>
  </code>
</codes>
<dc element="dc.date.created" value="1997-03-24"/>
<dc element="dc.publisher" value="Reuters Holdings Plc"/>
<dc element="dc.date.published" value="1997-03-24"/>
<dc element="dc.source" value="Reuters"/>
<dc element="dc.creator.location" value="SYDNEY"/>
<dc element="dc.creator.location.country.name" value="AUSTRALIA"/>
<dc element="dc.source" value="Reuters"/>
</metadata>
</newsitem>
