<?xml version="1.0" encoding="iso-8859-1" ?>
<newsitem itemid="462476" id="root" date="1997-03-24" xml:lang="en">
<title>ITALY: ATHLETICS-CROSS-COUNTRY GRAND PRIX CIRCUIT PROPOSED.</title>
<headline>ATHLETICS-CROSS-COUNTRY GRAND PRIX CIRCUIT PROPOSED.</headline>
<byline>Phil Minshull</byline>
<dateline>TURIN, Italy 1997-03-24</dateline>
<text>
<p>Leading European cross-country promoters look set to establish their own Grand Prix circuit within the International Amateur Athletic Federation (IAAF) World Cross Challenge series.</p>
<p>&quot;We want to make it like the Golden Four on the track,&quot; said Jos Van Roy, promoter of the Brussels Cross Challenge meeting, on Monday.</p>
<p>&quot;It would work within the existing Cross Challenge structure and offer prize money to European runners,&quot; he said.</p>
<p>Details are yet to be finalised and presented to the IAAF but Van Roy indicated the circuit would consist of between four and six meetings.</p>
<p>Among those included in the new circuit would be his own event in Brussels; the meeting in Tourcoing, France, and the Cinque Mulini race in San Vittore Olona, Italy.</p>
<p>Van Roy believes the circuit will encourage European distance runners, who are currently lagging behind their African counterparts.</p>
<p>Eight African runners were in the top 10 of the senior men's race at the World Cross-Country championships in Turin on Sunday.</p>
<p>Ironically, one of the two Europeans to prevent an African clean sweep of the leading positions was Mohammed Mourit, a former Moroccan national champion who now runs for Belgium.</p>
<p>European women fared slightly better with four runners in the top 10 of the senior women's race, compared with six Africans.</p>
<p>The IAAF confirmed on Monday their World Cross Challenge series would remain the same next year, with 11 meetings in addition to the World Cross-Country Championships.</p>
<p>There had been suggestions the series was about to shrink further after being reduced by three meetings prior to 1996/97 season.</p>
<p>The only change is that the IAAF have asked the Kenya Amateur Athletic Association to move their event from Nairobi, which is at altitude, to sea-level Mombassa with the intention of encouraging more foreign competitors.</p>
<p>&quot;We cannot expect international runners to have to acclimatise in one or two days,&quot; said Alberto Baronet, the IAAF deputy director of competitions.</p>
</text>
<copyright>(c) Reuters Limited 1997</copyright>
<metadata>
<codes class="bip:countries:1.0">
  <code code="BELG">
    <editdetail attribution="Reuters BIP Coding Group" action="confirmed" date="1997-03-24"/>
  </code>
  <code code="FRA">
    <editdetail attribution="Reuters BIP Coding Group" action="confirmed" date="1997-03-24"/>
  </code>
  <code code="ITALY">
    <editdetail attribution="Reuters BIP Coding Group" action="confirmed" date="1997-03-24"/>
  </code>
  <code code="KENYA">
    <editdetail attribution="Reuters BIP Coding Group" action="confirmed" date="1997-03-24"/>
  </code>
</codes>
<codes class="bip:topics:1.0">
  <code code="GCAT">
    <editdetail attribution="Reuters BIP Coding Group" action="confirmed" date="1997-03-24"/>
  </code>
  <code code="GSPO">
    <editdetail attribution="Reuters BIP Coding Group" action="confirmed" date="1997-03-24"/>
  </code>
</codes>
<dc element="dc.date.created" value="1997-03-24"/>
<dc element="dc.publisher" value="Reuters Holdings Plc"/>
<dc element="dc.date.published" value="1997-03-24"/>
<dc element="dc.source" value="Reuters"/>
<dc element="dc.creator.location" value="TURIN, Italy"/>
<dc element="dc.creator.location.country.name" value="ITALY"/>
<dc element="dc.source" value="Reuters"/>
</metadata>
</newsitem>
