<?xml version="1.0" encoding="iso-8859-1" ?>
<newsitem itemid="462485" id="root" date="1997-03-24" xml:lang="en">
<title>FRANCE: CYCLING-JALABERT AND MUSEEUW FREE OF SERIOUS INJURY.</title>
<headline>CYCLING-JALABERT AND MUSEEUW FREE OF SERIOUS INJURY.</headline>
<dateline>PARIS 1997-03-24</dateline>
<text>
<p>Paris-Nice winner Laurent Jalabert of France and Belgium's world champion Johan Museeuw have escaped with no more than bruises and aches from their crash in the Milan-San Remo classic.</p>
<p>&quot;I've got nothing broken but I've got aches like you'd expect after such a fall,&quot; Jalabert told Monday's L'Equipe after doing two hours' training on Sunday.</p>
<p>Museeuw, who bruised his shoulder, told the Belgian daily Het Nieuwsblad that he would probably be out of action for another two days but expected to take part in Wednesday's &quot;Through Belgium&quot; race.</p>
<p>Jalabert, victim of an horrendous crash in the 1994 Tour de France, appeared to ride into Museeuw, bringing down several riders including Briton Max Sciandri in the sprint finish to Saturday's race.</p>
<p>The Frenchman, who was not wearing a helmet, said he thought he was hit from behind.</p>
<p>Jalabert was lucky to get away with no more than a bruised temple. &quot;I went head first, I was afraid,&quot; he said.</p>
<p>The crash brought back memories of Jalabert's collision with a gendarme at Armentieres in the Tour de France three years ago, which put him out for the rest of the season.</p>
<p>Erik Zabel of Germany won the Paris-Nice race, the first of the season's World Cup series.</p>
<p>Jalabert was 16th, one behind Sciandri, by virtue of a rarely-used rule whereby rider and cycle must be in contact on crossing the line.</p>
<p>Jalabert and Sciandri were still in contact with their bikes despite the fall but Museeuw was not and he was placed 39th -- last in the group -- under the rules.</p>
</text>
<copyright>(c) Reuters Limited 1997</copyright>
<metadata>
<codes class="bip:countries:1.0">
  <code code="BELG">
    <editdetail attribution="Reuters BIP Coding Group" action="confirmed" date="1997-03-24"/>
  </code>
  <code code="FRA">
    <editdetail attribution="Reuters BIP Coding Group" action="confirmed" date="1997-03-24"/>
  </code>
  <code code="ITALY">
    <editdetail attribution="Reuters BIP Coding Group" action="confirmed" date="1997-03-24"/>
  </code>
</codes>
<codes class="bip:topics:1.0">
  <code code="GCAT">
    <editdetail attribution="Reuters BIP Coding Group" action="confirmed" date="1997-03-24"/>
  </code>
  <code code="GSPO">
    <editdetail attribution="Reuters BIP Coding Group" action="confirmed" date="1997-03-24"/>
  </code>
</codes>
<dc element="dc.date.created" value="1997-03-24"/>
<dc element="dc.publisher" value="Reuters Holdings Plc"/>
<dc element="dc.date.published" value="1997-03-24"/>
<dc element="dc.source" value="Reuters"/>
<dc element="dc.creator.location" value="PARIS"/>
<dc element="dc.creator.location.country.name" value="FRANCE"/>
<dc element="dc.source" value="Reuters"/>
</metadata>
</newsitem>
