<?xml version="1.0" encoding="iso-8859-1" ?>
<newsitem itemid="462460" id="root" date="1997-03-24" xml:lang="en">
<title>CYPRUS: SOCCER-CYPRUS FIRST DIVISION RESULTS/STANDINGS.</title>
<headline>SOCCER-CYPRUS FIRST DIVISION RESULTS/STANDINGS.</headline>
<dateline>NICOSIA 1997-03-24</dateline>
<text>
<p>Results of Cyprus first</p>
<p>division soccer matches played at the weekend:</p>
<p> Anorthosis    1  APOEL     0</p>
<p> Ethnikos	2  Apollon   3</p>
<p> Olympiakos    2  AEK	 0</p>
<p> APEP	    2  Omonia    2</p>
<p> Aris	    0  APOP	1</p>
<p> Anagennisis   2  Salamina  1</p>
<p> Alki	    1  Paralimni 0</p>
<p>   Standings			P    W   D   L  F   A  PTS</p>
<p>  1. Anorthosis Famagusta    21   17   3   1  51  11  54</p>
<p>  2. Apollon Limassol	  20   14   3   4  37  18  45</p>
<p>  3. APOEL Nicosia	     21   12   3   6  50  29  39</p>
<p>  4. AEK Larnaca		 21    9   7   5  40  30  34</p>
<p>  5. Omonia Nicosia	    21   10   4   7  33  28  34</p>
<p>  6. Ethnikos Achna	    21    8   4   9  29  31  28</p>
<p>  7. Enosis Paralimni	  21    7   6   8  39  40  27</p>
<p>  8  Salamina Famagusta	21    6   8   7  34  30  26</p>
<p>  9. Alki Larnaca		21    7   5   9  31  34  26</p>
<p> 10. Anagennisis Dherinia    21    7   4  10  21  31  25</p>
<p> 11. Aris Limassol	     21    5   7   9  25  31  22</p>
<p> 12. Olympiakos Nicosia	21    6   3  12  20  38  21</p>
<p> 13. APOP Paphos		 21    6   3  12  19  38  21</p>
<p> 14. APEP Kyperounda	   21    2   2  17  17  57   8</p>
</text>
<copyright>(c) Reuters Limited 1997</copyright>
<metadata>
<codes class="bip:countries:1.0">
  <code code="CYPR">
    <editdetail attribution="Reuters BIP Coding Group" action="confirmed" date="1997-03-24"/>
  </code>
</codes>
<codes class="bip:topics:1.0">
  <code code="GCAT">
    <editdetail attribution="Reuters BIP Coding Group" action="confirmed" date="1997-03-24"/>
  </code>
  <code code="GSPO">
    <editdetail attribution="Reuters BIP Coding Group" action="confirmed" date="1997-03-24"/>
  </code>
</codes>
<dc element="dc.date.created" value="1997-03-24"/>
<dc element="dc.publisher" value="Reuters Holdings Plc"/>
<dc element="dc.date.published" value="1997-03-24"/>
<dc element="dc.source" value="Reuters"/>
<dc element="dc.creator.location" value="NICOSIA"/>
<dc element="dc.creator.location.country.name" value="CYPRUS"/>
<dc element="dc.source" value="Reuters"/>
</metadata>
</newsitem>
