<?xml version="1.0" encoding="iso-8859-1" ?>
<newsitem itemid="462468" id="root" date="1997-03-24" xml:lang="en">
<title>USA: NHL ICE HOCKEY-SUNDAY'S RESULTS.</title>
<headline>NHL ICE HOCKEY-SUNDAY'S RESULTS.</headline>
<dateline>NEW YORK 1997-03-23</dateline>
<text>
<p>Results of National Hockey</p>
<p>League games on Sunday (home team in CAPS):</p>
<p> CHICAGO	   5   Detroit	   3</p>
<p> Anaheim	   4   EDMONTON	  1</p>
<p> Dallas	    4   ST LOUIS	  1</p>
<p> PHILADELPHIA    2   Colorado	  0</p>
</text>
<copyright>(c) Reuters Limited 1997</copyright>
<metadata>
<codes class="bip:countries:1.0">
  <code code="CANA">
    <editdetail attribution="Reuters BIP Coding Group" action="confirmed" date="1997-03-24"/>
  </code>
  <code code="USA">
    <editdetail attribution="Reuters BIP Coding Group" action="confirmed" date="1997-03-24"/>
  </code>
</codes>
<codes class="bip:topics:1.0">
  <code code="GCAT">
    <editdetail attribution="Reuters BIP Coding Group" action="confirmed" date="1997-03-24"/>
  </code>
  <code code="GSPO">
    <editdetail attribution="Reuters BIP Coding Group" action="confirmed" date="1997-03-24"/>
  </code>
</codes>
<dc element="dc.date.created" value="1997-03-23"/>
<dc element="dc.publisher" value="Reuters Holdings Plc"/>
<dc element="dc.date.published" value="1997-03-24"/>
<dc element="dc.source" value="Reuters"/>
<dc element="dc.creator.location" value="NEW YORK"/>
<dc element="dc.creator.location.country.name" value="USA"/>
<dc element="dc.source" value="Reuters"/>
</metadata>
</newsitem>
