<?xml version="1.0" encoding="iso-8859-1" ?>
<newsitem itemid="462421" id="root" date="1997-03-24" xml:lang="en">
<title>SOUTH AFRICA: CRICKET-SOUTH AFRICA DROP KIRSTEN FOR ONE-DAY SERIES.</title>
<headline>CRICKET-SOUTH AFRICA DROP KIRSTEN FOR ONE-DAY SERIES.</headline>
<dateline>PRETORIA 1997-03-24</dateline>
<text>
<p>South Africa have dropped leading one-day run scorer Gary Kirsten from their squad for the forthcoming seven-match limited overs series against Australia.</p>
<p>Kirsten paid the price for a miserable test series, won 2-1 by Australia, in which he scored just 82 runs from six innings.</p>
<p>Also left out from the team which won the third test by eight wickets on Monday were all-rounder Brian McMillan, who has a heel injury and cannot bowl, and fast bowler Brett Schultz.</p>
<p>Kirsten set a world record for one-day internationals in a calendar year by scoring 1,442 runs, including six centuries, from 29 innings in 1996, although it was subsequently surpassed by Sachin Tendulkar who made 1,611 runs from 32 innings.</p>
<p>Kirsten is also second on South Africa's all time aggregate list with 2,723 runs at a record average of 46.94 from 66 matches.</p>
<p>Winning a first international call in the 14-man squad is 29-year-old Eastern province batsman Louis Koen, leading run scorer in domestic cricket in the last two seasons.</p>
<p>Recalled are Natal trio of off-spinner Derek Crookes, batsman Jonty Rhodes and all-rounder Shaun Pollock as well as Northern Transvaal fast bowler Rudi Bryson.</p>
<p>Squad: Hansie Cronje (captain), Adam Bacher, Daryll Cullinan, Jacques Kallis, Dave Richardson, Lance Klusener, Shaun Pollock, Pat Symcox, Louis Koen, Herschelle Gibbs, Derek Crookes, Jonty Rhodes, Allan Donald, Rudi Bryson.</p>
</text>
<copyright>(c) Reuters Limited 1997</copyright>
<metadata>
<codes class="bip:countries:1.0">
  <code code="AUSTR">
    <editdetail attribution="Reuters BIP Coding Group" action="confirmed" date="1997-03-24"/>
  </code>
  <code code="SAFR">
    <editdetail attribution="Reuters BIP Coding Group" action="confirmed" date="1997-03-24"/>
  </code>
</codes>
<codes class="bip:topics:1.0">
  <code code="GCAT">
    <editdetail attribution="Reuters BIP Coding Group" action="confirmed" date="1997-03-24"/>
  </code>
  <code code="GSPO">
    <editdetail attribution="Reuters BIP Coding Group" action="confirmed" date="1997-03-24"/>
  </code>
</codes>
<dc element="dc.date.created" value="1997-03-24"/>
<dc element="dc.publisher" value="Reuters Holdings Plc"/>
<dc element="dc.date.published" value="1997-03-24"/>
<dc element="dc.source" value="Reuters"/>
<dc element="dc.creator.location" value="PRETORIA"/>
<dc element="dc.creator.location.country.name" value="SOUTH AFRICA"/>
<dc element="dc.source" value="Reuters"/>
</metadata>
</newsitem>
