<?xml version="1.0" encoding="iso-8859-1" ?>
<newsitem itemid="462427" id="root" date="1997-03-24" xml:lang="en">
<title>SOUTH AFRICA: SOCCER-KHUMALO RETURNS TO SOUTH AFRICAN SQUAD.</title>
<headline>SOCCER-KHUMALO RETURNS TO SOUTH AFRICAN SQUAD.</headline>
<dateline>JOHANNESBURG 1997-03-24</dateline>
<text>
<p>South Africa called up two uncapped players and restored top midfielder Doctor Khumalo to their squad for the World Cup qualifier against Congo in Pointe Noire on April 6.</p>
<p>Coach Clive Barker recalled the American-based Khumalo after dropping him for the last qualifying match aginst Zambia in January and also named defender Gavin Lane and striker George Koumantarakis in his squad for the first time.</p>
<p>Khumalo, who plays in Major League Soccer in the U.S. for Columbus Crew, was left out in January after a mediocre season but recalled in the wake of improved performances while on a short loan to South African club Kaizer Chiefs last month.</p>
<p>He was one of the country's heroes in last year's African Nations' Cup final victory.</p>
<p>Koumantarakis, who was born in Greece but capped by South Africa at junior level, is the leading goalscorer in the South African Premier Soccer League while Lane, who plays for former African club champions Orlando Pirates, comes into the squad as defensive cover.</p>
<p>Mark Fish, who plays for Lazio in Italy's Serie A, returns after suspension and is one of nine foreign-based players in the 19-man squad.</p>
<p>Barker has also included Sizwe Motaung and David Nyathi of Spanish club Tenerife even though the pair will be needed for a UEFA Cup semifinal, first leg against Schalke of Germany two days after the match in the Congo.</p>
<p>Squad:</p>
<p>Goalkeepers: Mark Anderson (Umtata Bucks), Andre Arendse (Cape Town Spurs)</p>
<p>Defenders: Mark Fish (Lazio, Italy), Gavin Lane (Orlando Pirates), Sizwe Motaung, David Nyathi (both Tenerife, Spain), Lucas Radebe (Leeds United, England), Neil Tovey (Kaizer Chiefs)</p>
<p>Midfielders: Linda Buthelezi (Mamelodi Sundowns), Doctor Khumalo (Columbus Crew, U.S.), John Moeti, Helman Mkhalele (both Orlando Pirates), John Moshoeu (Kocaelispor, Turkey), Dumisa Ngobe (Orlando Pirates), Eric Tinkler (Cagliari, Italy)</p>
<p>Strikers: Brendan Augustine (Linzer ASK, Austria), Shaun Bartlett (Columbus Crew, U.S.), George Koumantarakis (Manning Rangers), Jerry Sikhosana (Orlando Pirates).</p>
</text>
<copyright>(c) Reuters Limited 1997</copyright>
<metadata>
<codes class="bip:countries:1.0">
  <code code="CONGO">
    <editdetail attribution="Reuters BIP Coding Group" action="confirmed" date="1997-03-24"/>
  </code>
  <code code="SAFR">
    <editdetail attribution="Reuters BIP Coding Group" action="confirmed" date="1997-03-24"/>
  </code>
  <code code="USA">
    <editdetail attribution="Reuters BIP Coding Group" action="confirmed" date="1997-03-24"/>
  </code>
  <code code="ZAMBIA">
    <editdetail attribution="Reuters BIP Coding Group" action="confirmed" date="1997-03-24"/>
  </code>
</codes>
<codes class="bip:topics:1.0">
  <code code="GCAT">
    <editdetail attribution="Reuters BIP Coding Group" action="confirmed" date="1997-03-24"/>
  </code>
  <code code="GSPO">
    <editdetail attribution="Reuters BIP Coding Group" action="confirmed" date="1997-03-24"/>
  </code>
</codes>
<dc element="dc.date.created" value="1997-03-24"/>
<dc element="dc.publisher" value="Reuters Holdings Plc"/>
<dc element="dc.date.published" value="1997-03-24"/>
<dc element="dc.source" value="Reuters"/>
<dc element="dc.creator.location" value="JOHANNESBURG"/>
<dc element="dc.creator.location.country.name" value="SOUTH AFRICA"/>
<dc element="dc.source" value="Reuters"/>
</metadata>
</newsitem>
