<?xml version="1.0" encoding="iso-8859-1" ?>
<newsitem itemid="462405" id="root" date="1997-03-24" xml:lang="en">
<title>USA: TENNIS-IVANISEVIC OVERCOMES SPADEA, HOSTILE CROWD AT LIPTON.</title>
<headline>TENNIS-IVANISEVIC OVERCOMES SPADEA, HOSTILE CROWD AT LIPTON.</headline>
<dateline>KEY BISCAYNE, Florida 1997-03-23</dateline>
<text>
<p>Fourth seed Goran Ivanisevic of Croatia narrowly avoided upset at the Lipton Championships Sunday night, but eked out a win over local favourite Vince Spadea in an ill-tempered third round match.</p>
<p>The unpredictable Croatian fought off Spadea and a hostile crowd to record a 3-6 7-6 6-4 victory.</p>
<p>&quot;They were saying 'damn me' which isn't very nice but then I hit ace. I like it when there is more pressure on me,&quot; Ivanisevic said.</p>
<p>Ivanisevic, runner-up here last year, looked sluggish early in the match, throwing in the occasional ace but missing on many of his groundstrokes.</p>
<p>Spadea, from nearby Boca Raton, jumped out to a 5-3 lead and served out the first set with the help of two aces of his own in the final game.</p>
<p>Ivanisevic blew a chance to close out the second set when he squandering a set point at 5-4 by netting a backhand.</p>
<p>But the man who annually hits the most aces on the ATP Tour had the upper hand in the tiebreaker, taking it 7-4 with a backhand volley to send the match into a deciding set.</p>
<p>The atmosphere turned ugly late in the third set when the umpire overruled two apparent Ivanisevic double-faults in the eighth game, each coming at break point for Spadea.</p>
<p>Howls and boos from the partisan crowd over the controversial and critical rulings stopped play briefly before Ivanisevic held serve.</p>
<p>Spadea by then had lost his composure and the fourth seed took advantage.</p>
<p>The American was penalised the first point of the next game for a less than friendly gesture at the umpire and Ivanisevic broke the angry Spadea for a 5-4 lead.</p>
<p>&quot;I got too consumed with what was going on instead of focusing on things I had control of,&quot; Spadea said. &quot;I thought I had a lot of opportunities out there that slipped by.&quot;</p>
<p>Ivanisevic then belted three more aces in the final game to bring his total to 17, before ending the contest with a backhand winner.</p>
<p>&quot;There were some idiots there in the crowd,&quot; Ivanisevic said of the raucous atmosphere.</p>
<p>&quot;But it's a free country and even an idiot can come to watch tennis.&quot;</p>
</text>
<copyright>(c) Reuters Limited 1997</copyright>
<metadata>
<codes class="bip:countries:1.0">
  <code code="USA">
    <editdetail attribution="Reuters BIP Coding Group" action="confirmed" date="1997-03-24"/>
  </code>
</codes>
<codes class="bip:topics:1.0">
  <code code="GCAT">
    <editdetail attribution="Reuters BIP Coding Group" action="confirmed" date="1997-03-24"/>
  </code>
  <code code="GSPO">
    <editdetail attribution="Reuters BIP Coding Group" action="confirmed" date="1997-03-24"/>
  </code>
</codes>
<dc element="dc.date.created" value="1997-03-23"/>
<dc element="dc.publisher" value="Reuters Holdings Plc"/>
<dc element="dc.date.published" value="1997-03-24"/>
<dc element="dc.source" value="Reuters"/>
<dc element="dc.creator.location" value="KEY BISCAYNE, Florida"/>
<dc element="dc.creator.location.country.name" value="USA"/>
<dc element="dc.source" value="Reuters"/>
</metadata>
</newsitem>
