<?xml version="1.0" encoding="iso-8859-1" ?>
<newsitem itemid="462463" id="root" date="1997-03-24" xml:lang="en">
<title>USA: NBA BASKETBALL-MOURNING MAKES TRIUMPHANT RETURN TO HEAT LINEUP.</title>
<headline>NBA BASKETBALL-MOURNING MAKES TRIUMPHANT RETURN TO HEAT LINEUP.</headline>
<dateline>MINNEAPOLIS 1997-03-24</dateline>
<text>
<p>Star centre Alonzo Mourning made a triumphant return to the Miami lineup Sunday, scoring 21 points and pulling down eight rebounds to lead the Heat to a 113-108 victory over the Minnesota Timberwolves.</p>
<p>Miami's sixth consecutive win, combined with a loss by the Knicks, pushed the first-place Heat 2 1/2 games ahead of New York in the Atlantic Division.</p>
<p>Tim Hardaway had 22 points and eight assists and Voshon Lenard added 22 and seven rebounds for Miami, which went 9-4 with Mourning sidelined by a torn tendon in his right foot.</p>
<p>&quot;It was a good day to bring Mourning back,&quot; Miami coach Pat Riley said. &quot;We needed him.&quot;</p>
<p>Riley was not thrilled with his team's performance but said: &quot;We stayed close enough to make the plays needed to win the game.&quot;</p>
<p>Stephon Marbury had 27 points and nine assists and Tom Gugliotta added 25 and 14 rebounds for Minnesota.</p>
<p>The T-Wolves tied the game at 97-97, but Jamal Mashburn and Hardaway responded with consecutive three-pointers to help the Heat pull away down the stretch.</p>
<p>In New York, Kenny Anderson had 13 of his 24 points in the fourth quarter and Isaiah Rider keyed a pivotal second-half run as the Portland Trail Blazers beat the Knicks 94-88 for their 12th win in 13 games.</p>
<p>Rider scored 12 of his 23 during a 16-5 run that bridged the third and fourth quarters and put Portland in front.</p>
<p>Patrick Ewing, as usual, led New York with 35 points.</p>
<p>Portland needs one more with to clinch its 15th consecutive NBA playoff berth.</p>
<p>In Orlando, Nick Anderson scored 13 of his 21 points in the first half and Horace Grant had 16 points and 16 rebounds as the Magic dominated the first half and coasted to a 110-84 victory over the Los Angeles Lakers.</p>
<p>The Magic built a 31-14 lead after one quarter and a commanding 66-38 advantage by halftime.</p>
<p>Penny Hardaway added 21 points, five rebounds and five assists for the Magic, who received tremendous support from the crowd for the game against the team that stole Shaquille O'Neal from Orlando. O'Neal, who is injured did not play.</p>
<p>&quot;The emotion level was at an all-time high,&quot; Orlando's Rony Seikaly said. &quot;At one point, it got so loud that I couldn't hear my teammates ... standing two feet from me.&quot;</p>
<p>In Denver, Karl Malone scored 35 points and John Stockton added 22 points and dished out 15 assists as the red-hot Utah Jazz breezed to a 120-103 rout of the Nuggets.</p>
<p>Jeff Hornacek added 14 points for the Jazz, who posted their seventh straight victory.</p>
<p>Antonio McDyess scored 24 points and LaPhonso Ellis added 22 for the Nuggets, losers of four in a row.</p>
<p>Malone, who has at least 30 points in five of Utah's last six games, scored 17 in the third quarter as Utah took a 90-75 lead into the fourth.</p>
<p>In Vancouver, Gary Payton and Shawn Kemp combined for 22 of Seattle's 34 first-quarter points as the SuperSonics raced to a 15-point lead and never looked back in a 106-92 victory over the Grizzlies.</p>
<p>Payton finished with 31 points, six rebounds and 11 assists, while Kemp had 18 and six rebounds for the Sonics, who shot 52 percent (38-of-73) from the field and forced 19 Vancouver turnovers, leading to 29 Seattle points.</p>
<p>Shareef Abdur-Rahim scored 23 points and Bryant Reeves added 21 for Vancouver.</p>
<p>In Toronto, Mookie Blaylock scored 14 of his 18 points in the first half as the Atlanta Hawks clinched a playoff berth with a 90-79 victory over the Raptors.</p>
<p>Steve Smith added 17 points and Christian Laettner had 15 points and 12 rebounds for Atlanta, which notched its fourth straight win to close within 1 1/2 games of Detroit for the fourth playoff spot in the East.</p>
<p>Rookie Marcus Camby scored a season-high 37 points to pace the Raptors.</p>
<p>In Boston, Sam Cassell scored six of his 30 points in a 10-0 burst that opened the fourth quarter as the New Jersey Nets recorded a 100-91 victory over the woeful Celtics.</p>
<p>Kerry Kittles scored 18 points and Jimmy Jackson added 15 for the Nets.</p>
<p>Eric Williams scored 29 points and Antoine Walker added 22 for the Celtics (13-57), who have established a club record for losses in a season and fell to 0-19 against Atlantic Division foes.</p>
<p>In Los Angeles, Malik Sealy scored 30 points and Rodney Rogers added 15 to lead the Clippers to a 106-91 victory over the injury-plagued San Antonio Spurs.</p>
<p>Loy Vaught added 15 for the Clippers, who moved 1 1/2 games ahead of Phoenix in the race for the seventh playoff spot in the West.</p>
<p>Monty Williams and Vinny Del Negro had 17 points apiece to lead San Antonio.</p>
</text>
<copyright>(c) Reuters Limited 1997</copyright>
<metadata>
<codes class="bip:countries:1.0">
  <code code="USA">
    <editdetail attribution="Reuters BIP Coding Group" action="confirmed" date="1997-03-24"/>
  </code>
</codes>
<codes class="bip:topics:1.0">
  <code code="GCAT">
    <editdetail attribution="Reuters BIP Coding Group" action="confirmed" date="1997-03-24"/>
  </code>
  <code code="GSPO">
    <editdetail attribution="Reuters BIP Coding Group" action="confirmed" date="1997-03-24"/>
  </code>
</codes>
<dc element="dc.date.created" value="1997-03-24"/>
<dc element="dc.publisher" value="Reuters Holdings Plc"/>
<dc element="dc.date.published" value="1997-03-24"/>
<dc element="dc.source" value="Reuters"/>
<dc element="dc.creator.location" value="MINNEAPOLIS"/>
<dc element="dc.creator.location.country.name" value="USA"/>
<dc element="dc.source" value="Reuters"/>
</metadata>
</newsitem>
