<?xml version="1.0" encoding="iso-8859-1" ?>
<newsitem itemid="462411" id="root" date="1997-03-24" xml:lang="en">
<title>UK: SOCCER-LIVERPOOL BEAT ARSENAL TO CLOSE GAP AT TOP.</title>
<headline>SOCCER-LIVERPOOL BEAT ARSENAL TO CLOSE GAP AT TOP.</headline>
<dateline>LONDON 1997-03-24</dateline>
<text>
<p>Liverpool closed to within three points of English premier league leaders Manchester United on Monday with a tense 2-1 win at third-placed Arsenal.</p>
<p>Stan Collymore opened the scoring five minutes into the second half when David Seaman failed to hold a shot by Stig Inge Bjornebye.</p>
<p>Seaman, playing his first game for nearly two months, thought he had made amends in the 65th minute when he saved a controversial Robbie Fowler penalty -- only for Jason McAteer to bang in the rebound.</p>
<p>Ian Wright pulled one back 12 minutes from time but it was too late for Arsenal who stayed six points behind United.</p>
<p>The night's other game, a relegation battle between Middlesbrough and Nottingham Forest ended 1-1.</p>
<p>Alf-Inge Haaland put Forest ahead after four minutes but Mikkel Beck equalised for Middlesbrough in the 56th.</p>
</text>
<copyright>(c) Reuters Limited 1997</copyright>
<metadata>
<codes class="bip:countries:1.0">
  <code code="UK">
    <editdetail attribution="Reuters BIP Coding Group" action="confirmed" date="1997-03-24"/>
  </code>
</codes>
<codes class="bip:topics:1.0">
  <code code="GCAT">
    <editdetail attribution="Reuters BIP Coding Group" action="confirmed" date="1997-03-24"/>
  </code>
  <code code="GSPO">
    <editdetail attribution="Reuters BIP Coding Group" action="confirmed" date="1997-03-24"/>
  </code>
</codes>
<dc element="dc.date.created" value="1997-03-24"/>
<dc element="dc.publisher" value="Reuters Holdings Plc"/>
<dc element="dc.date.published" value="1997-03-24"/>
<dc element="dc.source" value="Reuters"/>
<dc element="dc.creator.location" value="LONDON"/>
<dc element="dc.creator.location.country.name" value="UK"/>
<dc element="dc.source" value="Reuters"/>
</metadata>
</newsitem>
