<?xml version="1.0" encoding="iso-8859-1" ?>
<newsitem itemid="462416" id="root" date="1997-03-24" xml:lang="en">
<title>UK: GROBBELAAR'S MATCH-RIGGING RETRIAL SET FOR JUNE 4.</title>
<headline>GROBBELAAR'S MATCH-RIGGING RETRIAL SET FOR JUNE 4.</headline>
<dateline>LONDON 1997-03-24</dateline>
<text>
<p>The retrial of former Liverpool goalkeeper Bruce Grobbelaar and two other stars of British soccer on match-rigging charges will begin on June 4 this year, a judge ruled on Monday.</p>
<p>Grobbelaar with former Wimbledon goalkeeper Hans Segers, former Aston Villa striker John Fashanu and Malaysian businessman Heng Suan Lim, is charged with attempting to throw football matches in Britain's premier league. Their original trial ended on March 4 after eight weeks when a jury failed to reach a verdict despite two days of deliberations in the southern city of Winchester. The retrial will also be held in Winchester. Grobbelaar and Dutch-born Segers were accused of rigging matches on behalf of an Asian betting syndicate.</p>
<p>Grobbelaar faced a separate charge of accepting money as an inducement to throw matches.</p>
<p>John Fashanu and Malaysian businessman Lim were charged with acting as middlemen in the alleged conspiracy. All four denied the charges.</p>
</text>
<copyright>(c) Reuters Limited 1997</copyright>
<metadata>
<codes class="bip:countries:1.0">
  <code code="UK">
    <editdetail attribution="Reuters BIP Coding Group" action="confirmed" date="1997-03-24"/>
  </code>
</codes>
<codes class="bip:topics:1.0">
  <code code="GCAT">
    <editdetail attribution="Reuters BIP Coding Group" action="confirmed" date="1997-03-24"/>
  </code>
  <code code="GSPO">
    <editdetail attribution="Reuters BIP Coding Group" action="confirmed" date="1997-03-24"/>
  </code>
</codes>
<dc element="dc.date.created" value="1997-03-24"/>
<dc element="dc.publisher" value="Reuters Holdings Plc"/>
<dc element="dc.date.published" value="1997-03-24"/>
<dc element="dc.source" value="Reuters"/>
<dc element="dc.creator.location" value="LONDON"/>
<dc element="dc.creator.location.country.name" value="UK"/>
<dc element="dc.source" value="Reuters"/>
</metadata>
</newsitem>
