<?xml version="1.0" encoding="iso-8859-1" ?>
<newsitem itemid="462499" id="root" date="1997-03-24" xml:lang="en">
<title>SOUTH AFRICA: SA WEEK AHEAD-FEB INFLATION SEEN AT 20-MONTH HIGH.</title>
<headline>SA WEEK AHEAD-FEB INFLATION SEEN AT 20-MONTH HIGH.</headline>
<byline>Ben Hirschler</byline>
<dateline>JOHANNESBURG 1997-03-24</dateline>
<text>
<p>South Africa's annual rate of consumer price inflation will have increased again in February to the highest level since June 1995, according to the consensus of 11 economists.</p>
<p>However, the expected rise to 9.75 percent from 9.4 percent in January mainly reflects a low year-ago base. The month-on-month rate of increase is expected to slow to 0.45 percent after 1.3 percent in January.</p>
<p>The CPI data, due for release on March 27, will be the main focus of attention for local markets in the coming week.</p>
<p>But traders will also be keeping a watchful eye on the possible release of February trade data over the next week or two, which is expected to show an improved trade balance after disappointing figures in January.</p>
<p>Economists said that food prices were expected to have increased only modestly in February and they noted that February was generally a low survey month.</p>
<p>But inflation will have been stoked by substantial increases in telephone charges announced by state utility Telkom, as well as high new car prices which will increase the transport index despite a modest fall in fuel prices.</p>
<p>Consumer price inflation is likely to increase for a few more months as the final effects of the rand's sharp depreciation in 1996 feed through. But the CPI should peak at around 10 percent late in the first quarter or early in the second.</p>
<p>&quot;We should see the top of the cycle at just above 10 percent in April,&quot; predicted Herman van Papendorp, economist at SMK Securities.</p>
<p>Pieter Calitz of life assurer Sanlam also saw a peak in April or May and said the rate should then come down to around 7.5 percent by year-end.</p>
<p>February trade data, due either this week or the week after according to officials, should show an improvement on January when a small surplus disappointed the market, analysts said.</p>
<p>&quot;We continue to look for an improving trade balance and therefore for an improving current account in 1997,&quot; said Rand Merchant Bank Treasury economist Julia Roy.</p>
<p>The consensus was for a February trade surplus of 1.04 billion rand after 517.20 million rand in January.</p>
<p>For the full year, analysts expect strong exports -- helped by a lower rand -- and relatively weak imports to lead to a sharp improvement in the country's current acount position.</p>
<p>A Reuters survey released last week showed local and overseas economists expected the deficit to narrow to 3.65 billion rand in 1997 from 8.5 billion in 1996.</p>
<p>-- Johannesburg newsroom +27 11 482 1003</p>
</text>
<copyright>(c) Reuters Limited 1997</copyright>
<metadata>
<codes class="bip:countries:1.0">
  <code code="SAFR">
    <editdetail attribution="Reuters BIP Coding Group" action="confirmed" date="1997-03-24"/>
  </code>
</codes>
<codes class="bip:topics:1.0">
  <code code="E13">
    <editdetail attribution="Reuters BIP Coding Group" action="confirmed" date="1997-03-24"/>
  </code>
  <code code="E131">
    <editdetail attribution="Reuters BIP Coding Group" action="confirmed" date="1997-03-24"/>
  </code>
  <code code="ECAT">
    <editdetail attribution="Reuters BIP Coding Group" action="confirmed" date="1997-03-24"/>
  </code>
</codes>
<dc element="dc.date.created" value="1997-03-24"/>
<dc element="dc.publisher" value="Reuters Holdings Plc"/>
<dc element="dc.date.published" value="1997-03-24"/>
<dc element="dc.source" value="Reuters"/>
<dc element="dc.creator.location" value="JOHANNESBURG"/>
<dc element="dc.creator.location.country.name" value="SOUTH AFRICA"/>
<dc element="dc.source" value="Reuters"/>
</metadata>
</newsitem>
