<?xml version="1.0" encoding="iso-8859-1" ?>
<newsitem itemid="462415" id="root" date="1997-03-24" xml:lang="en">
<title>UK: SQUASH-DETACHED RETINA RULES OUT BRITISH CHAMPION.</title>
<headline>SQUASH-DETACHED RETINA RULES OUT BRITISH CHAMPION.</headline>
<dateline>LONDON 1997-03-24</dateline>
<text>
<p>British squash champion Mark Cairns has withdrawn from this week's Super Series finals in Hatfield, England following emergency surgery for a detached retina.</p>
<p>The operation last week was said to be successful but Cairns accepted his doctor's advice not to play.</p>
<p>Pakistan's Zubair Jahan Khan has replaced Cairns and will play world champion and compatriot Jansher Khan in the first round.</p>
</text>
<copyright>(c) Reuters Limited 1997</copyright>
<metadata>
<codes class="bip:countries:1.0">
  <code code="UK">
    <editdetail attribution="Reuters BIP Coding Group" action="confirmed" date="1997-03-24"/>
  </code>
</codes>
<codes class="bip:topics:1.0">
  <code code="GCAT">
    <editdetail attribution="Reuters BIP Coding Group" action="confirmed" date="1997-03-24"/>
  </code>
  <code code="GSPO">
    <editdetail attribution="Reuters BIP Coding Group" action="confirmed" date="1997-03-24"/>
  </code>
</codes>
<dc element="dc.date.created" value="1997-03-24"/>
<dc element="dc.publisher" value="Reuters Holdings Plc"/>
<dc element="dc.date.published" value="1997-03-24"/>
<dc element="dc.source" value="Reuters"/>
<dc element="dc.creator.location" value="LONDON"/>
<dc element="dc.creator.location.country.name" value="UK"/>
<dc element="dc.source" value="Reuters"/>
</metadata>
</newsitem>
