<?xml version="1.0" encoding="iso-8859-1" ?>
<newsitem itemid="462454" id="root" date="1997-03-24" xml:lang="en">
<title>MALAYSIA: CRICKET-ICC TROPHY FIRST DAY MATCH SCORES.</title>
<headline>CRICKET-ICC TROPHY FIRST DAY MATCH SCORES.</headline>
<dateline>KUALA LUMPUR 1997-03-24</dateline>
<text>
<p>Close of play scores on the first day of the 50-overs matches in the 22-nation International Cricket Council Trophy (ICC) on Monday:</p>
<p>Netherlands beat East and Central Africa by eight wickets</p>
<p>Scores:</p>
<p>East and Central Africa 26 all out (15 overs)</p>
<p>Netherlands 27/2 (5.2 overs)</p>
</text>
<copyright>(c) Reuters Limited 1997</copyright>
<metadata>
<codes class="bip:countries:1.0">
  <code code="MALAY">
    <editdetail attribution="Reuters BIP Coding Group" action="confirmed" date="1997-03-24"/>
  </code>
  <code code="NETH">
    <editdetail attribution="Reuters BIP Coding Group" action="confirmed" date="1997-03-24"/>
  </code>
</codes>
<codes class="bip:topics:1.0">
  <code code="GCAT">
    <editdetail attribution="Reuters BIP Coding Group" action="confirmed" date="1997-03-24"/>
  </code>
  <code code="GSPO">
    <editdetail attribution="Reuters BIP Coding Group" action="confirmed" date="1997-03-24"/>
  </code>
</codes>
<dc element="dc.date.created" value="1997-03-24"/>
<dc element="dc.publisher" value="Reuters Holdings Plc"/>
<dc element="dc.date.published" value="1997-03-24"/>
<dc element="dc.source" value="Reuters"/>
<dc element="dc.creator.location" value="KUALA LUMPUR"/>
<dc element="dc.creator.location.country.name" value="MALAYSIA"/>
<dc element="dc.source" value="Reuters"/>
</metadata>
</newsitem>
