<?xml version="1.0" encoding="iso-8859-1" ?>
<newsitem itemid="462428" id="root" date="1997-03-24" xml:lang="en">
<title>SOUTH AFRICA: CRICKET-STEVE WAUGH HOLDS UP SOUTH AFRICA.</title>
<headline>CRICKET-STEVE WAUGH HOLDS UP SOUTH AFRICA.</headline>
<dateline>PRETORIA 1997-03-24</dateline>
<text>
<p>A defiant undefeated 51 from Steve Waugh held up South Africa but Australia still found themselves on the brink of defeat at lunch on the fourth day of the third and final test at Centurion Park on Monday.</p>
<p>Waugh, who began the day 24 not out, lost three partners as Australia stuttered to 160 for seven in their second innings, a lead of just three runs over South Africa who were bowled out for 384 in their first innings.</p>
<p>The day began disastrously for Australia, who already have an unbeatable 2-0 lead in the series, when Greg Blewett was bowled by a fast inswinging yorker from Allan Donald in the first over.</p>
<p>Michael Bevan was then bowled behind his legs as he injudiciously tried to sweep off-spinner Pat Symcox and it became 131 for seven when Ian Healy was scooped up down the leg side by wicket-keeper Dave Richardson off Brett Schultz.</p>
<p>Healy stood disbelievingly with hand on hip and glowered at South African umpire Cyril Mitchley when he belatedly raised his finger. Healy then marched angrily from the field, throwing his bat through the dressing room door.</p>
<p>Replays suggested Healy might have been justified in his view that the ball had flicked his pad rather than bat on its way to Richardson.</p>
<p>Waugh edged a ball from Schultz over the slips when he had reached 31 and was missed two runs later when Brian McMillan was unable to hold a bat-pad chance at silly-point off the bowling of Symcox.</p>
<p>He survived and, with partner Shane Warne (11 not out) also lucky to escape when he was dropped on nought by Donald diving forward at mid-on, had added 29 for the eighth wicket at the interval.</p>
</text>
<copyright>(c) Reuters Limited 1997</copyright>
<metadata>
<codes class="bip:countries:1.0">
  <code code="AUSTR">
    <editdetail attribution="Reuters BIP Coding Group" action="confirmed" date="1997-03-24"/>
  </code>
  <code code="SAFR">
    <editdetail attribution="Reuters BIP Coding Group" action="confirmed" date="1997-03-24"/>
  </code>
</codes>
<codes class="bip:topics:1.0">
  <code code="GCAT">
    <editdetail attribution="Reuters BIP Coding Group" action="confirmed" date="1997-03-24"/>
  </code>
  <code code="GSPO">
    <editdetail attribution="Reuters BIP Coding Group" action="confirmed" date="1997-03-24"/>
  </code>
</codes>
<dc element="dc.date.created" value="1997-03-24"/>
<dc element="dc.publisher" value="Reuters Holdings Plc"/>
<dc element="dc.date.published" value="1997-03-24"/>
<dc element="dc.source" value="Reuters"/>
<dc element="dc.creator.location" value="PRETORIA"/>
<dc element="dc.creator.location.country.name" value="SOUTH AFRICA"/>
<dc element="dc.source" value="Reuters"/>
</metadata>
</newsitem>
