<?xml version="1.0" encoding="iso-8859-1" ?>
<newsitem itemid="462420" id="root" date="1997-03-24" xml:lang="en">
<title>SOUTH AFRICA: SOCCER-NEW DATE FOR MOROCCO-ETHIOPIA GAME.</title>
<headline>SOCCER-NEW DATE FOR MOROCCO-ETHIOPIA GAME.</headline>
<dateline>JOHANNESBURG 1997-03-24</dateline>
<text>
<p>Morocco and Ethiopia will play their outstanding African Nations Cup qualifying match in Casablanca on June 1, the Confederation of African Football (CAF) said on Monday.</p>
<p>The match was originally scheduled for January 26, but postponed after 16 Ethiopian players defected in Rome while travelling from Ethiopia.</p>
<p>It was the second time the Ethiopian team had suffered a mass defection while travelling through Italy on their way to matches in Morocco.</p>
<p>Ethiopia, who had considered withdrawing from the competition, had decided to continue playing their qualifiers, the CAF said in a statement.</p>
<p>The Ethiopians have played two other qualifying matches, drawing one and losing the other. Morocco have drawn both their opening two qualifying matches.</p>
<p>Senegal lead the group with four points while Egypt are second, one point adrift.</p>
<p>The top two teams qualify for the finals in Burkina Faso next February.</p>
</text>
<copyright>(c) Reuters Limited 1997</copyright>
<metadata>
<codes class="bip:countries:1.0">
  <code code="ETHPA">
    <editdetail attribution="Reuters BIP Coding Group" action="confirmed" date="1997-03-24"/>
  </code>
  <code code="MOROC">
    <editdetail attribution="Reuters BIP Coding Group" action="confirmed" date="1997-03-24"/>
  </code>
  <code code="SAFR">
    <editdetail attribution="Reuters BIP Coding Group" action="confirmed" date="1997-03-24"/>
  </code>
</codes>
<codes class="bip:topics:1.0">
  <code code="GCAT">
    <editdetail attribution="Reuters BIP Coding Group" action="confirmed" date="1997-03-24"/>
  </code>
  <code code="GSPO">
    <editdetail attribution="Reuters BIP Coding Group" action="confirmed" date="1997-03-24"/>
  </code>
</codes>
<dc element="dc.date.created" value="1997-03-24"/>
<dc element="dc.publisher" value="Reuters Holdings Plc"/>
<dc element="dc.date.published" value="1997-03-24"/>
<dc element="dc.source" value="Reuters"/>
<dc element="dc.creator.location" value="JOHANNESBURG"/>
<dc element="dc.creator.location.country.name" value="SOUTH AFRICA"/>
<dc element="dc.source" value="Reuters"/>
</metadata>
</newsitem>
