<?xml version="1.0" encoding="iso-8859-1" ?>
<newsitem itemid="462494" id="root" date="1997-03-24" xml:lang="en">
<title>GREECE: BASKETBALL-GREEK GIANTS CLASH WITH 7,000 POLICE READY FOR DUTY.</title>
<headline>BASKETBALL-GREEK GIANTS CLASH WITH 7,000 POLICE READY FOR DUTY.</headline>
<byline>Costas Paris</byline>
<dateline>ATHENS 1997-03-24</dateline>
<text>
<p>Holders Panathinaikos and twice European finalists Olympiakos cross swords in a Greek classic this week to decide who wins the ticket for the Final Four basketball championship in Rome next month.</p>
<p>The history of such action-packed thrillers guarantees a basketball fervour unmatched anywhere else in Europe.</p>
<p>For millions of Greek fans &quot;the true European kings&quot; will emerge after the quarter-finals in Athens and not the championship in Rome.</p>
<p>&quot;If we win the crown in Rome so much the better. But nothing beats the satisfaction of crashing Panathinaikos,&quot; said Panos Tertzis, a 17-year-old Olympiakos fanatic, adding confidently: &quot;They will be wrecks for a year until we meet again.&quot;</p>
<p>The clubs need two victories to advance in the last four with Panathinaikos having the home advatage if it comes down to a third leg decider on April 3.</p>
<p>The matches are the talk of the town with heated arguments in cafes, schools, public offices and even bank dealing rooms. Tickets go for as much as $300 each on the black market with sell-outs at both venues a certainty.</p>
<p>Police plan a massive operation with 7,000 officers on duty to prevent clashes at the 20,000 capacity Olympic Stadium Arena of Pananthinaikos and the 16,000-seat Peace and Friendship stadium of Olympiakos..</p>
<p>&quot;The clubs can take advantage of FIBA regulations which say the home team manages the ticket sales and can give none to fans of the other team. But even if this happens there can be clashes outside the stadium,&quot; a police official said.</p>
<p>&quot;These are the matches of the year and there is going to be a lot of security out there. There will be body searches for coins, lighters and flares that may be hurled to the pit. Riot units will be inside the stadium and anyone going wild will be immediately arrested,&quot; he added.</p>
<p>Panathinaikos coach Bozidar Maljkovic, who led the club to their first European championship last season, believes the first match at the Olympic Stadium could well decide the winner.</p>
<p>&quot;The first match is the most crucial because it sets the psychology and largely determines who will pass,&quot; he said. &quot;We must first control our anxiety and then focus to improve on the play details that will determine the winner.&quot;</p>
<p>The European crown captured last year was a moment of glory for Panathinaikos president Pavlos Yannakopoulos, who has spent $50 million in the past five years to assemble a team of stars, but saw his club lose to Olympiakos in the Final Fours of 1994 and 1995.</p>
<p>Yannakopoulos bought eight new players from Europe at the start of the season, including German guard Michael Koch, Spanish forward Feran Martinez, Italian power forward Hugo Sconokini and John Amaechi the best Britsh pivot with many years in the NBA.</p>
<p>They had an impressive record in this year's first expanded EuroLeague tournament finishing first in their group and advancing to the quarters with a home advantage. But they have had a poor season in the Greek championship, finishing only third in the regular season.</p>
<p>Olympiakos, Greek champions for the past three years, dominated again in the championship finishing first, but their performance in Europe was inconsistent with several surprise defeats at home.</p>
<p>&quot;We play better when the pressure is on,&quot; Olympiakos pivot Panayotis Fasoulas said. &quot;We proved it when we were against the wall in the playoffs and managed to beat Partizan twice in Belgrade.&quot;</p>
<p>&quot;Both Olympiakos and Panathinaikos play better away from home. The chances for each team are 50/50,&quot; he added.</p>
<p>Olympiakos are now at full strength after a long period of injuries and field mostly the same players who kicked off the club's meteoric rise four years ago.</p>
<p>They include guard George Sigalas, probably Europe's best defender, American playmaker and top scorer David Rivers, Chicago Bulls hopeful Dragan Tarlac from Yugoslavia and Fasoulas, the best Greek blocker.</p>
<p>The Fasoulas-Tarlac towering duo gives Olympiakos a clear height advantage under the boards but Panathinaikos has better shooters outside the D, such as Koch and American playmaker Byron Dinkins.</p>
<p>The duel also features star Yugoslav coaches Dusan Ivkovic of Olympiakos, who has led Yugoslavia to win the world and European championships, and Maljkovic, winner of four European championships with Yugoplastika, Limoges and Panathinaikos.</p>
</text>
<copyright>(c) Reuters Limited 1997</copyright>
<metadata>
<codes class="bip:countries:1.0">
  <code code="GREECE">
    <editdetail attribution="Reuters BIP Coding Group" action="confirmed" date="1997-03-24"/>
  </code>
  <code code="ITALY">
    <editdetail attribution="Reuters BIP Coding Group" action="confirmed" date="1997-03-24"/>
  </code>
</codes>
<codes class="bip:topics:1.0">
  <code code="GCAT">
    <editdetail attribution="Reuters BIP Coding Group" action="confirmed" date="1997-03-24"/>
  </code>
  <code code="GSPO">
    <editdetail attribution="Reuters BIP Coding Group" action="confirmed" date="1997-03-24"/>
  </code>
</codes>
<dc element="dc.date.created" value="1997-03-24"/>
<dc element="dc.publisher" value="Reuters Holdings Plc"/>
<dc element="dc.date.published" value="1997-03-24"/>
<dc element="dc.source" value="Reuters"/>
<dc element="dc.creator.location" value="ATHENS"/>
<dc element="dc.creator.location.country.name" value="GREECE"/>
<dc element="dc.source" value="Reuters"/>
</metadata>
</newsitem>
