<?xml version="1.0" encoding="iso-8859-1" ?>
<newsitem itemid="462455" id="root" date="1997-03-24" xml:lang="en">
<title>CHINA: SOCCER - DALIAN WANDA SURGE AHEAD IN CHINA LEAGUE.</title>
<headline>SOCCER - DALIAN WANDA SURGE AHEAD IN CHINA LEAGUE.</headline>
<dateline>BEIJING 1997-03-24</dateline>
<text>
<p>Defending champions Dalian Wanda managed a 1-0 home victory over Yanbian Aodong in the second round of China's professional soccer league on Sunday and surged ahead in the table.</p>
<p>The defending champions extended their unbeaten streak to 36 games and topped the 12-team league with six points after two games this season.</p>
<p>The sole goal of the match came in the 23rd minute as forward Wang Tao converted a pass from Wei Yiming.</p>
<p>The match was mostly dominated by Dalian Wanda, and although Yanbian Aodong had some chances in the second half, they failed to convert.</p>
<p>It was the second straight defeat for Yanbian Aodong.</p>
<p>Last season's runners-up Shanghai Shenhua dropped to second place in the team standings after they were forced to a 1-1 draw by guests Sichuan Quanxin.</p>
<p>The Shanghai team, coached by a Bulgarian, led 1-0 after four minutes. But Sichuan Quanxin refused to give up and equalised after 25 minutes of fierce attacks.</p>
<p>Vanguard Huandao, who suffered a 0-2 loss to Dalian Wanda in the first round, played an inspired game against Tianjin Lifei.</p>
<p>The Vanguards conceded a goal due to an error by defenders and goal-keeper in the first half but fought back in the second half to level with a shot just outside the penalty area.</p>
<p>In other matches played on Sunday, Guangdong Hongyuan beat Beijing Guo'an 2-1, Jinan Taishan drew with Guangzhou Apollo 0-0 and August First drew with Qingdao Hainiu 1-1.</p>
</text>
<copyright>(c) Reuters Limited 1997</copyright>
<metadata>
<codes class="bip:countries:1.0">
  <code code="CHINA">
    <editdetail attribution="Reuters BIP Coding Group" action="confirmed" date="1997-03-24"/>
  </code>
</codes>
<codes class="bip:topics:1.0">
  <code code="GCAT">
    <editdetail attribution="Reuters BIP Coding Group" action="confirmed" date="1997-03-24"/>
  </code>
  <code code="GSPO">
    <editdetail attribution="Reuters BIP Coding Group" action="confirmed" date="1997-03-24"/>
  </code>
</codes>
<dc element="dc.date.created" value="1997-03-24"/>
<dc element="dc.publisher" value="Reuters Holdings Plc"/>
<dc element="dc.date.published" value="1997-03-24"/>
<dc element="dc.source" value="Reuters"/>
<dc element="dc.creator.location" value="BEIJING"/>
<dc element="dc.creator.location.country.name" value="CHINA"/>
<dc element="dc.source" value="Reuters"/>
</metadata>
</newsitem>
