<?xml version="1.0" encoding="iso-8859-1" ?>
<newsitem itemid="462461" id="root" date="1997-03-24" xml:lang="en">
<title>OMAN: SOCCER-JAPAN BEAT OMAN 1-0, MACAO AND NEPAL DRAW 1-1.</title>
<headline>SOCCER-JAPAN BEAT OMAN 1-0, MACAO AND NEPAL DRAW 1-1.</headline>
<dateline>MUSCAT 1997-03-24</dateline>
<text>
<p>Results of World Cup qualifying matches in Asian group four on Sunday:</p>
<p>    Japan	  1	    Oman	    0 (halftime 1-0)</p>
<p>Scorer: Omara Yohara (10)</p>
<p>    Macao	1	    Nepal	    1 (halftime 1-1)</p>
<p>Scorers: Macao - Chining Chon (10)</p>
<p>			Nepal - Hari Khadka (20)</p>
</text>
<copyright>(c) Reuters Limited 1997</copyright>
<metadata>
<codes class="bip:countries:1.0">
  <code code="JAP">
    <editdetail attribution="Reuters BIP Coding Group" action="confirmed" date="1997-03-24"/>
  </code>
  <code code="MACAO">
    <editdetail attribution="Reuters BIP Coding Group" action="confirmed" date="1997-03-24"/>
  </code>
  <code code="NEPAL">
    <editdetail attribution="Reuters BIP Coding Group" action="confirmed" date="1997-03-24"/>
  </code>
  <code code="OMAN">
    <editdetail attribution="Reuters BIP Coding Group" action="confirmed" date="1997-03-24"/>
  </code>
</codes>
<codes class="bip:topics:1.0">
  <code code="GCAT">
    <editdetail attribution="Reuters BIP Coding Group" action="confirmed" date="1997-03-24"/>
  </code>
  <code code="GSPO">
    <editdetail attribution="Reuters BIP Coding Group" action="confirmed" date="1997-03-24"/>
  </code>
</codes>
<dc element="dc.date.created" value="1997-03-24"/>
<dc element="dc.publisher" value="Reuters Holdings Plc"/>
<dc element="dc.date.published" value="1997-03-24"/>
<dc element="dc.source" value="Reuters"/>
<dc element="dc.creator.location" value="MUSCAT"/>
<dc element="dc.creator.location.country.name" value="OMAN"/>
<dc element="dc.source" value="Reuters"/>
</metadata>
</newsitem>
