<?xml version="1.0" encoding="iso-8859-1" ?>
<newsitem itemid="462430" id="root" date="1997-03-24" xml:lang="en">
<title>SOUTH AFRICA: SOCCER-AFRICAN CLUB COMPETITIONS DRAW.</title>
<headline>SOCCER-AFRICAN CLUB COMPETITIONS DRAW.</headline>
<dateline>JOHANNESBURG 1997-03-24</dateline>
<text>
<p>The draw for the second round of the three African club competitions:</p>
<p>African Champions Cup:</p>
<p>Desportivo Travadores (Cape Verde Islands) or Mouloudia Alger (Algeria) v Udoji United (Nigeria)</p>
<p>Unisport Bafang (Cameroon) or Munisport (Congo) v Ferroviario Maputo (Mozambique)</p>
<p>Raja Casablanca (Morocco) v Mbilinga (Gabon)</p>
<p>Africa Sports (Ivory Coast) v Primiero Agosto (Angola)</p>
<p>Zamalek (Egypt, holders) v Mufulira Wanderers (Zambia)</p>
<p>Club Africain (Tunisia) v St Pierroise (Reunion)</p>
<p>El Hilal (Sudan) v Goldfields (Ghana)</p>
<p>Caps United (Zimbabwe) v Orlando Pirates (South Africa)</p>
<p>African Cup Winners' Cup:</p>
<p>Julius Berger (Nigeria) v Mansoura (Egypt)</p>
<p>Red Stars FC (Seychelles) v St Louissienne (Reunion)</p>
<p>Dynamos (Zimbabwe) v Jomo Cosmos (South Africa)</p>
<p>Nchanga Rangers (Zambia) v Arab Contractors (Egypt, holders)</p>
<p>FC 105 Libreville (Gabon) v Royal Armed Forces (Morocco)</p>
<p>Hearts of Oak (Ghana) v Etoile Sahel (Tunisia)</p>
<p>Umeme (Uganda) or Racing Bafoussam (Cameroon) v Mouloudia Oran (Algeria)</p>
<p>SO Armee (Ivory Coast) v Dragons (Kinshasa)</p>
<p>Confederation of African Football (CAF) Cup:</p>
<p>Centre Chiefs (Botswana) v DSA (Madagascar)</p>
<p>AS Bantous (Zaire) v Kampala City Council (Uganda)</p>
<p>Petro Atletico (Angola) v C+M Sales (Swaziland)</p>
<p>AFC Leopards (Kenya) v Kabwe Warriors (Zambia)</p>
<p>USFA (Burkina Faso) v Esperance (Tunisia)</p>
<p>Asante Kotoko (Ghana) v Stade Malien (Mali) or USM Ein Beida (Algeria)</p>
<p>Kawkab Marrakesh (Morocco, holders) v Cotonsport (Cameroon)</p>
<p>Chabab Mohammedia (Morocco) v Jasper United (Nigeria)</p>
<p>Team mentioned first plays at home in the first leg on the weekend of May 2-4. The return leg will be played on the weekend of May 16-18. The winners qualify for the quarter-finals in September.</p>
</text>
<copyright>(c) Reuters Limited 1997</copyright>
<metadata>
<codes class="bip:countries:1.0">
  <code code="SAFR">
    <editdetail attribution="Reuters BIP Coding Group" action="confirmed" date="1997-03-24"/>
  </code>
</codes>
<codes class="bip:topics:1.0">
  <code code="GCAT">
    <editdetail attribution="Reuters BIP Coding Group" action="confirmed" date="1997-03-24"/>
  </code>
  <code code="GSPO">
    <editdetail attribution="Reuters BIP Coding Group" action="confirmed" date="1997-03-24"/>
  </code>
</codes>
<dc element="dc.date.created" value="1997-03-24"/>
<dc element="dc.publisher" value="Reuters Holdings Plc"/>
<dc element="dc.date.published" value="1997-03-24"/>
<dc element="dc.source" value="Reuters"/>
<dc element="dc.creator.location" value="JOHANNESBURG"/>
<dc element="dc.creator.location.country.name" value="SOUTH AFRICA"/>
<dc element="dc.source" value="Reuters"/>
</metadata>
</newsitem>
