<?xml version="1.0" encoding="iso-8859-1" ?>
<newsitem itemid="462441" id="root" date="1997-03-24" xml:lang="en">
<title>BARBADOS: CRICKET-BARBADOS V INDIA MATCH ENDS IN DRAW.</title>
<headline>CRICKET-BARBADOS V INDIA MATCH ENDS IN DRAW.</headline>
<dateline>BRIDGETOWN 1997-03-24</dateline>
<text>
<p>The three-day between Barbados and India ended in a draw at Kensington Oval on Monday.</p>
<p>Scores: India 210 and 166-5; Barbados 338-4 declared.</p>
</text>
<copyright>(c) Reuters Limited 1997</copyright>
<metadata>
<codes class="bip:countries:1.0">
  <code code="BARB">
    <editdetail attribution="Reuters BIP Coding Group" action="confirmed" date="1997-03-24"/>
  </code>
  <code code="INDIA">
    <editdetail attribution="Reuters BIP Coding Group" action="confirmed" date="1997-03-24"/>
  </code>
</codes>
<codes class="bip:topics:1.0">
  <code code="GCAT">
    <editdetail attribution="Reuters BIP Coding Group" action="confirmed" date="1997-03-24"/>
  </code>
  <code code="GSPO">
    <editdetail attribution="Reuters BIP Coding Group" action="confirmed" date="1997-03-24"/>
  </code>
</codes>
<dc element="dc.date.created" value="1997-03-24"/>
<dc element="dc.publisher" value="Reuters Holdings Plc"/>
<dc element="dc.date.published" value="1997-03-24"/>
<dc element="dc.source" value="Reuters"/>
<dc element="dc.creator.location" value="BRIDGETOWN"/>
<dc element="dc.creator.location.country.name" value="BARBADOS"/>
<dc element="dc.source" value="Reuters"/>
</metadata>
</newsitem>
