<?xml version="1.0" encoding="iso-8859-1" ?>
<newsitem itemid="462456" id="root" date="1997-03-24" xml:lang="en">
<title>CHINA: SOCCER - STANDINGS IN CHINA'S PROFESSIONAL LEAGUE.</title>
<headline>SOCCER - STANDINGS IN CHINA'S PROFESSIONAL LEAGUE.</headline>
<dateline>BEIJING 1997-03-24</dateline>
<text>
<p>Standings in China's first</p>
<p>division professional soccer league (tabulate under played,</p>
<p>won,</p>
<p>drawn, lost, goals for, against and points):</p>
<p> Dalian Wanda	 2    2    0    0    3    0    6</p>
<p> Shanghai Shenhua   2    1    1    0    3    1    4</p>
<p> August First	 2    1    1    0    2    1    4</p>
<p> Guangzhou Apollo   2    1    1    0    2    1    4</p>
<p> Qingdao Hainiu     2    1    1    0    2    1    4</p>
<p> Guangdong Hongyuan 2    1    0    1    2    2    3</p>
<p> Sichuan Quanxin    2    0    2    0    1    1    2</p>
<p> Beijing Guo'an     2    0    1    1    1    2    1</p>
<p> Tianjin Lifei	2    0    1    1    1    2    1</p>
<p> Vanguard Huandao   2    0    1    1    1    3    1</p>
<p> Jinan Taishan	2    0    1    1    0    1    1</p>
<p> Yanbian Aodong     2    0    0    2    0    3    0</p>
</text>
<copyright>(c) Reuters Limited 1997</copyright>
<metadata>
<codes class="bip:countries:1.0">
  <code code="CHINA">
    <editdetail attribution="Reuters BIP Coding Group" action="confirmed" date="1997-03-24"/>
  </code>
</codes>
<codes class="bip:topics:1.0">
  <code code="GCAT">
    <editdetail attribution="Reuters BIP Coding Group" action="confirmed" date="1997-03-24"/>
  </code>
  <code code="GSPO">
    <editdetail attribution="Reuters BIP Coding Group" action="confirmed" date="1997-03-24"/>
  </code>
</codes>
<dc element="dc.date.created" value="1997-03-24"/>
<dc element="dc.publisher" value="Reuters Holdings Plc"/>
<dc element="dc.date.published" value="1997-03-24"/>
<dc element="dc.source" value="Reuters"/>
<dc element="dc.creator.location" value="BEIJING"/>
<dc element="dc.creator.location.country.name" value="CHINA"/>
<dc element="dc.source" value="Reuters"/>
</metadata>
</newsitem>
