<?xml version="1.0" encoding="iso-8859-1" ?>
<newsitem itemid="462418" id="root" date="1997-03-24" xml:lang="en">
<title>UK: GOLF-WORLD RANKINGS.</title>
<headline>GOLF-WORLD RANKINGS.</headline>
<dateline>LONDON 1997-03-24</dateline>
<text>
<p>Leading world golf rankings issued on Monday (U.S. unless stated)   1. Greg Norman (Australia)	  11.11 points average</p>
<p>  2. Tom Lehman			    9.59</p>
<p>  3. Colin Montgomerie (Britain)     9.07</p>
<p>  4. Mark O'Meara			  8.70</p>
<p>  5. Ernie Els (South Africa)	  8.52</p>
<p>  6. Masashi Ozaki (Japan)	     8.33</p>
<p>  7. Nick Faldo (Britain)		8.14</p>
<p>  8. Phil Mickelson			8.04</p>
<p>  9. Nick Price (Zimbabwe)	     7.93</p>
<p> 10. Fred Couples			  7.65</p>
<p> 11. Steve Elkington (Australia)     6.93</p>
<p> 12. Davis Love			    6.82</p>
<p> 13. Scott Hoch			    6.25</p>
<p> 14. Tiger Woods			   6.18</p>
<p> 15. Corey Pavin			   5.98</p>
<p> 16. Steve Jones			   5.80</p>
<p> 17. David Duval			   5.69</p>
<p> 18. Steve Stricker			5.59</p>
<p> 19. Bernhard Langer (Germany)	 5.35</p>
<p> 20. Mark McNulty (Zimbabwe)	   5.13</p>
</text>
<copyright>(c) Reuters Limited 1997</copyright>
<metadata>
<codes class="bip:countries:1.0">
  <code code="AUSTR">
    <editdetail attribution="Reuters BIP Coding Group" action="confirmed" date="1997-03-24"/>
  </code>
  <code code="GFR">
    <editdetail attribution="Reuters BIP Coding Group" action="confirmed" date="1997-03-24"/>
  </code>
  <code code="JAP">
    <editdetail attribution="Reuters BIP Coding Group" action="confirmed" date="1997-03-24"/>
  </code>
  <code code="SAFR">
    <editdetail attribution="Reuters BIP Coding Group" action="confirmed" date="1997-03-24"/>
  </code>
  <code code="UK">
    <editdetail attribution="Reuters BIP Coding Group" action="confirmed" date="1997-03-24"/>
  </code>
  <code code="USA">
    <editdetail attribution="Reuters BIP Coding Group" action="confirmed" date="1997-03-24"/>
  </code>
  <code code="ZIMBAB">
    <editdetail attribution="Reuters BIP Coding Group" action="confirmed" date="1997-03-24"/>
  </code>
</codes>
<codes class="bip:topics:1.0">
  <code code="GCAT">
    <editdetail attribution="Reuters BIP Coding Group" action="confirmed" date="1997-03-24"/>
  </code>
  <code code="GSPO">
    <editdetail attribution="Reuters BIP Coding Group" action="confirmed" date="1997-03-24"/>
  </code>
</codes>
<dc element="dc.date.created" value="1997-03-24"/>
<dc element="dc.publisher" value="Reuters Holdings Plc"/>
<dc element="dc.date.published" value="1997-03-24"/>
<dc element="dc.source" value="Reuters"/>
<dc element="dc.creator.location" value="LONDON"/>
<dc element="dc.creator.location.country.name" value="UK"/>
<dc element="dc.source" value="Reuters"/>
</metadata>
</newsitem>
