<?xml version="1.0" encoding="iso-8859-1" ?>
<newsitem itemid="462458" id="root" date="1997-03-24" xml:lang="en">
<title>TUNISIA: SOCCER-TUNISIA FIRST DIVISION RESULTS/STANDINGS.</title>
<headline>SOCCER-TUNISIA FIRST DIVISION RESULTS/STANDINGS.</headline>
<dateline>TUNIS 1997-03-24</dateline>
<text>
<p>Results of Tunisian first</p>
<p>division soccer matches played on Sunday:</p>
<p> S Tunisien	     2	A S Marsa	  0</p>
<p> C A Bizertin	   1	E S Zarzis	 0</p>
<p> O Kef		    1	O C Kerkennah    0</p>
<p> J S Kairouan	   2	C O Transport    0</p>
<p> C S Sfaxien	    1	S Soussien	 0</p>
<p>     Standings		P    W   D   L    F   A   Pts</p>
<p> 1. E S Sahel		 19   14  4   1   29   07   46</p>
<p> 2. Esperance ST	    19   12  6   1   39   12   42</p>
<p> 3. C A Bizertin	    20   9   8   3   20   13   35</p>
<p> 4. Club Africain	   19   9   5   5   25   19   32</p>
<p> 5. C S Sfaxien	     20   9   5   6   18   14   32</p>
<p> 6. O Beja		    19   8   6   5   30   20   30</p>
<p> 7. Stade Tunisien	  20   7   8   5   23   22   29</p>
<p> 8. J S Kairouan	    20   6   8   6   19   20   26</p>
<p> 9. A S Marsa		 20   6   7   7   17   16   25</p>
<p>10. O Kef		     20   6   5   9   20   32   23</p>
<p>11. E S Zarzis		20   4   6   10  10   19   18</p>
<p>12. O C Kerkennah	   20   3   5   12  12   23   14</p>
<p>13. C O Transport	   20   3   5   12  18   41   14</p>
<p>14. Stade Soussien	  20   0   6   14  15   38   06</p>
</text>
<copyright>(c) Reuters Limited 1997</copyright>
<metadata>
<codes class="bip:countries:1.0">
  <code code="TUNIS">
    <editdetail attribution="Reuters BIP Coding Group" action="confirmed" date="1997-03-24"/>
  </code>
</codes>
<codes class="bip:topics:1.0">
  <code code="GCAT">
    <editdetail attribution="Reuters BIP Coding Group" action="confirmed" date="1997-03-24"/>
  </code>
  <code code="GSPO">
    <editdetail attribution="Reuters BIP Coding Group" action="confirmed" date="1997-03-24"/>
  </code>
</codes>
<dc element="dc.date.created" value="1997-03-24"/>
<dc element="dc.publisher" value="Reuters Holdings Plc"/>
<dc element="dc.date.published" value="1997-03-24"/>
<dc element="dc.source" value="Reuters"/>
<dc element="dc.creator.location" value="TUNIS"/>
<dc element="dc.creator.location.country.name" value="TUNISIA"/>
<dc element="dc.source" value="Reuters"/>
</metadata>
</newsitem>
