<?xml version="1.0" encoding="iso-8859-1" ?>
<newsitem itemid="462414" id="root" date="1997-03-24" xml:lang="en">
<title>UK: SOCCER-ENGLISH PREMIER LEAGUE RESULTS/STANDINGS.</title>
<headline>SOCCER-ENGLISH PREMIER LEAGUE RESULTS/STANDINGS.</headline>
<dateline>LONDON 1997-03-24</dateline>
<text>
<p>Results of English premier</p>
<p>league soccer matches on Monday:</p>
<p> Arsenal		   1  Liverpool		 2</p>
<p> Middlesbrough	   1  Nottingham Forest     1</p>
<p>Played on Sunday:</p>
<p> Wimbledon		 1  Newcastle		 1</p>
<p>Played on Saturday:</p>
<p> Blackburn		 0  Aston Villa	     2</p>
<p> Coventry		  1  West Ham		  3</p>
<p> Derby		     4  Tottenham		 2</p>
<p> Everton		   0  Manchester United     2</p>
<p> Middlesbrough	   1  Chelsea		   0</p>
<p> Sheffield Wednesday   2  Leeds		     2</p>
<p> Southampton	     2  Leicester		 2</p>
<p> Sunderland		1  Nottingham Forest     1</p>
<p>    Standings		  Pl  W  D  L  F A   Pts</p>
<p>  1.Manchester United	31 18  9  4 61 33   63</p>
<p>  2.Liverpool		  31 17  9  5 53 26   60</p>
<p>  3.Arsenal		    32 16  9  7 52 28   57</p>
<p>  4.Newcastle		  30 15  7  8 59 36   52</p>
<p>  5.Aston Villa		31 14  8  9 37 27   50</p>
<p>  6.Chelsea		    31 13 10  8 51 44   49</p>
<p>  7.Sheffield Wednesday    31 12 13  6 41 37   49</p>
<p>  8.Wimbledon		  30 12 10  8 42 37   46</p>
<p>  9.Leeds			32 11  8 13 26 34   41</p>
<p> 10.Tottenham		  31 11  6 14 38 43   39</p>
<p> 11.Leicester		  31 10  9 12 37 44   39</p>
<p> 12.Blackburn		  31  8 12 11 33 32   36</p>
<p> 13.Everton		    31  9  9 13 37 45   36</p>
<p> 14.Derby			31  8 11 12 35 47   35</p>
<p> 15.West Ham		   31  8  9 14 31 41   33</p>
<p> 16.Sunderland		 32  8  9 15 29 48   33</p>
<p> 17.Middlesbrough	    31  9  8 14 44 52   32</p>
<p> 18.Nottingham Forest	33  6 13 14 28 49   31</p>
<p> 19.Coventry		   32  6 12 14 27 46   30</p>
<p> 20.Southampton		31  6  9 16 39 51   27</p>
<p>Note: Middlesbrough deducted 3 points</p>
</text>
<copyright>(c) Reuters Limited 1997</copyright>
<metadata>
<codes class="bip:countries:1.0">
  <code code="UK">
    <editdetail attribution="Reuters BIP Coding Group" action="confirmed" date="1997-03-24"/>
  </code>
</codes>
<codes class="bip:topics:1.0">
  <code code="GCAT">
    <editdetail attribution="Reuters BIP Coding Group" action="confirmed" date="1997-03-24"/>
  </code>
  <code code="GSPO">
    <editdetail attribution="Reuters BIP Coding Group" action="confirmed" date="1997-03-24"/>
  </code>
</codes>
<dc element="dc.date.created" value="1997-03-24"/>
<dc element="dc.publisher" value="Reuters Holdings Plc"/>
<dc element="dc.date.published" value="1997-03-24"/>
<dc element="dc.source" value="Reuters"/>
<dc element="dc.creator.location" value="LONDON"/>
<dc element="dc.creator.location.country.name" value="UK"/>
<dc element="dc.source" value="Reuters"/>
</metadata>
</newsitem>
