<?xml version="1.0" encoding="iso-8859-1" ?>
<newsitem itemid="462473" id="root" date="1997-03-24" xml:lang="en">
<title>PORTUGAL: SOCCER-PORTUGUESE FIRST DIVISION RESULT/STANDINGS.</title>
<headline>SOCCER-PORTUGUESE FIRST DIVISION RESULT/STANDINGS.</headline>
<dateline>LISBON 1997-03-24</dateline>
<text>
<p>Result of an Portuguese first division soccer match on Monday:  Estrela Amadora 1 Benfica	1</p>
<p>Played on Sunday:</p>
<p> Chaves	    4 Gil Vicente  1</p>
<p> Boavista	  0 Porto	  2</p>
<p> Farense	   1 Maritimo     0</p>
<p> Salgueiros	3 Braga	  0</p>
<p> Rio Ave	   4 Belenenses   1</p>
<p> Espinho	   0 Leca	   2</p>
<p> Uniao Leiria    0 Setubal	0</p>
<p>Played on Saturday</p>
<p> Sporting	  4 Guimaraes    1</p>
<p>    Standings	 Pl    W    D    L     F    A    Pts</p>
<p> 1. Porto	     24   19    3    2    56   16    60</p>
<p> 2. Sporting	  24   16    5    3    40   13    53</p>
<p> 3. Benfica	   24   13    5    6    41   20    44</p>
<p> 4. Braga	     24   11    7    6    32   34    40</p>
<p> 5. Guimaraes	 24   11    5    8    39   32    38</p>
<p> 6. Salgueiros	24    9    8    7    34   34    35</p>
<p> 7. Chaves	    24    9    6    9    32   38    33</p>
<p> 8. Estrela Amadora 24    8    9    7    28   26    33</p>
<p> 9. Belenenses	24    8    7    9    31   40    31</p>
<p> 10.Farense	   24    7    9    8    20   22    30</p>
<p> 11.Boavista	  24    6   11    7    32   30    29</p>
<p> 12.Setubal	   24    7    8    9    26   31    29</p>
<p> 13.Espinho	   24    8    4   12    21   33    28</p>
<p> 14.Maritimo	  24    7    6   11    26   35    27</p>
<p> 15.Leca		24    7    6   11    27   31    27</p>
<p> 16.Rio Ave	   24    5    6   13    26   35    21</p>
<p> 17.Uniao Leiria    24    5    5   14    20   38    20</p>
<p> 18.Gil Vicente     24    2    6   16    23   46    12</p>
</text>
<copyright>(c) Reuters Limited 1997</copyright>
<metadata>
<codes class="bip:countries:1.0">
  <code code="PORL">
    <editdetail attribution="Reuters BIP Coding Group" action="confirmed" date="1997-03-24"/>
  </code>
</codes>
<codes class="bip:topics:1.0">
  <code code="GCAT">
    <editdetail attribution="Reuters BIP Coding Group" action="confirmed" date="1997-03-24"/>
  </code>
  <code code="GSPO">
    <editdetail attribution="Reuters BIP Coding Group" action="confirmed" date="1997-03-24"/>
  </code>
</codes>
<dc element="dc.date.created" value="1997-03-24"/>
<dc element="dc.publisher" value="Reuters Holdings Plc"/>
<dc element="dc.date.published" value="1997-03-24"/>
<dc element="dc.source" value="Reuters"/>
<dc element="dc.creator.location" value="LISBON"/>
<dc element="dc.creator.location.country.name" value="PORTUGAL"/>
<dc element="dc.source" value="Reuters"/>
</metadata>
</newsitem>
