<?xml version="1.0" encoding="iso-8859-1" ?>
<newsitem itemid="462408" id="root" date="1997-03-24" xml:lang="en">
<title>BOLIVIA: SOCCER-FRIENDLY TURNS TO FARCE AS JAMAICANS CLOWN AROUND.</title>
<headline>SOCCER-FRIENDLY TURNS TO FARCE AS JAMAICANS CLOWN AROUND.</headline>
<dateline>ORURO, Bolivia 1997-03-23</dateline>
<text>
<p>A friendly soccer international between Bolivia and Jamaica turned into a farce on Sunday as the Jamaicans, unable to cope with the altitude, began clowning around on the field.</p>
<p>On several occasions, Jamaican players burst out laughing as Bolivian players, unaffected by the thin air, sped past them. Some Jamaican players also collapsed to the ground during the match, pretending they had fainted.</p>
<p>When the Jamaicans got near the ball they simply whacked it as far as they possibly could, in any direction.</p>
<p>They also vented their frustration on their opponents, committing a number of bad challenges, and finished with nine men after Onandi Lowe and Ian Goodison were sent off during the second half.</p>
<p>The match was played at 3,700 metres (12,139 feet) above sea level in the mining town of Oruro, where the rarified air makes simply walking a streuous exercise for the unacclimatised.</p>
<p>Bolivia won the match 6-0 desite easing up in the face of Jamaican indifference.</p>
<p>The serious football stopped in the 13th minute when Oscar Sanchez put Bolivia in front. Sanchez, Juan Berthy Suarez and Mauro Blanco each scored two goals apiece.</p>
<p>Bolivia coach Antonio Lopez was livid. &quot;We had 15 minutes of football and the rest was all crap,&quot; he fumed.</p>
<p>Jamaica are in the final stage of the CONCACAF World Cup qualifying tournaments and drew their first match 0-0 at home to the United States.</p>
</text>
<copyright>(c) Reuters Limited 1997</copyright>
<metadata>
<codes class="bip:countries:1.0">
  <code code="BOL">
    <editdetail attribution="Reuters BIP Coding Group" action="confirmed" date="1997-03-24"/>
  </code>
  <code code="JAMA">
    <editdetail attribution="Reuters BIP Coding Group" action="confirmed" date="1997-03-24"/>
  </code>
</codes>
<codes class="bip:topics:1.0">
  <code code="GCAT">
    <editdetail attribution="Reuters BIP Coding Group" action="confirmed" date="1997-03-24"/>
  </code>
  <code code="GSPO">
    <editdetail attribution="Reuters BIP Coding Group" action="confirmed" date="1997-03-24"/>
  </code>
</codes>
<dc element="dc.date.created" value="1997-03-23"/>
<dc element="dc.publisher" value="Reuters Holdings Plc"/>
<dc element="dc.date.published" value="1997-03-24"/>
<dc element="dc.source" value="Reuters"/>
<dc element="dc.creator.location" value="ORURO, Bolivia"/>
<dc element="dc.creator.location.country.name" value="BOLIVIA"/>
<dc element="dc.source" value="Reuters"/>
</metadata>
</newsitem>
