<?xml version="1.0" encoding="iso-8859-1" ?>
<newsitem itemid="462437" id="root" date="1997-03-24" xml:lang="en">
<title>CROATIA: SOCCER-CROATIA CALL UP TWO NEWCOMERS FOR DENMARK TIE.</title>
<headline>SOCCER-CROATIA CALL UP TWO NEWCOMERS FOR DENMARK TIE.</headline>
<dateline>ZAGREB 1997-03-24</dateline>
<text>
<p>Croatian coach Miroslav Blazevic called up two new players in his 20-man squad for next Saturday's World Cup qualifier against Denmark in Split, Croatian media reported on Monday.</p>
<p>Defender Niko Kovac of German first division Bayer Leverkusen and midfielder Nenad Pralija of Spain's Espanyol are the new names for last year's European championship quarter-finalists.</p>
<p>Croatia beat Denmark 3-0 in Euro 96 in a memorable match before going out 2-1 to eventual champions Germany in quarter-finals.</p>
<p>Croatia rely heavily on their experienced &quot;foreign legion&quot;, including strikers Davor Suker of Real Madrid and Alen Boksic of Juventus, AC Milan midfielder Zvonimir Boban and Real Betis defender Robert Jarni.</p>
<p>After managing only a 1-1 draw against Greece in Zagreb, Croatia need all six points from two key games in Split -- against Denmark on Saturday and against Slovenia four days later -- in order to qualify for the 1998 World Cup finals in France from a relatively weak group.</p>
<p>&quot;The most important thing is that all the players I was counting on will come to Split. This concerns especially Suker, who has managed to recover from injury,&quot; the Zagreb daily Vjesnik quoted Blazevic as saying.</p>
<p>&quot;This game is our 'to be or not to be'.&quot;</p>
<p>Squad:</p>
<p>Goalkeepers - Drazen Ladic (Croatia Zagreb), Tonci Gabric (Hajduk Split), Marijan Mrmic (Besiktas Istanbul, Turkey)</p>
<p>Defenders - Niko Kovac (Bayer Leverkusen, Germany), Slaven Bilic (West Ham, England), Nikola Jerkan (Nottingham Forest, England), Igor Stimac (Derby County, England), Dario Simic (Croatia), Robert Jarni (Real Betis, Spain)</p>
<p>Midfielders - Zvonimir Soldo (VfB Stuttgart, Germany), Mario Stanic (Parma, Italy), Robert Prosinecki (Sevilla, Spain), Nikola Jurcevic (Freiburg, Germany), Zvonimir Boban (AC Milan, Italy), Aljosa Asanovic (Derby County, England), Nenad Pralija (Espanyol, Spain)</p>
<p>Strikers - Alen Boksic (Juventus, Italy), Davor Suker (Real Madrid, Spain), Goran Vlaovic (Valencia, Spain), Igor Cvitanovic (Croatia).</p>
</text>
<copyright>(c) Reuters Limited 1997</copyright>
<metadata>
<codes class="bip:countries:1.0">
  <code code="CRTIA">
    <editdetail attribution="Reuters BIP Coding Group" action="confirmed" date="1997-03-24"/>
  </code>
  <code code="DEN">
    <editdetail attribution="Reuters BIP Coding Group" action="confirmed" date="1997-03-24"/>
  </code>
  <code code="GFR">
    <editdetail attribution="Reuters BIP Coding Group" action="confirmed" date="1997-03-24"/>
  </code>
  <code code="SPAIN">
    <editdetail attribution="Reuters BIP Coding Group" action="confirmed" date="1997-03-24"/>
  </code>
</codes>
<codes class="bip:topics:1.0">
  <code code="GCAT">
    <editdetail attribution="Reuters BIP Coding Group" action="confirmed" date="1997-03-24"/>
  </code>
  <code code="GDIP">
    <editdetail attribution="Reuters BIP Coding Group" action="confirmed" date="1997-03-24"/>
  </code>
  <code code="GSPO">
    <editdetail attribution="Reuters BIP Coding Group" action="confirmed" date="1997-03-24"/>
  </code>
</codes>
<dc element="dc.date.created" value="1997-03-24"/>
<dc element="dc.publisher" value="Reuters Holdings Plc"/>
<dc element="dc.date.published" value="1997-03-24"/>
<dc element="dc.source" value="Reuters"/>
<dc element="dc.creator.location" value="ZAGREB"/>
<dc element="dc.creator.location.country.name" value="CROATIA"/>
<dc element="dc.source" value="Reuters"/>
</metadata>
</newsitem>
