<?xml version="1.0" encoding="iso-8859-1" ?>
<newsitem itemid="462481" id="root" date="1997-03-24" xml:lang="en">
<title>NETHERLANDS: SOCCER-WITSCHGE RECALLED TO DUTCH SQUAD FOR SAN MARINO.</title>
<headline>SOCCER-WITSCHGE RECALLED TO DUTCH SQUAD FOR SAN MARINO.</headline>
<dateline>AMSTERDAM 1997-03-24</dateline>
<text>
<p>Coach Guus Hiddink has called Ajax midfielder Richard Witschge back into Dutch squad for their home World Cup group seven qualifier against San Marino on Saturday.</p>
<p>Witschge, who has not played since the European championship in England last summer, replaces injured Feyenoord midfielder Jean-Paul van Gastel.</p>
<p>Otherwise the sqaud for the match in Amsterdam was largely unchanged from that which beat Belgium 3-0 in Brussels in December to maintain the Netherlands' 100 percent record after three group matches.</p>
<p>Squad:</p>
<p>Goalkeepers - Edwin van der Sar (Ajax), Ed de Goey (Feyenoord)</p>
<p>Defenders - Frank de Boer (Ajax), Jaap Stam, Stan Valckx, Arthur Numan (all PSV Eindhoven), Michael Reiziger (AC Milan), Johan de Kock (Schalke 04)</p>
<p>Midfielders - Ronald de Boer, Richard Witschge (both Ajax), Giovanni van Bronckhorst (Feyenoord), Wim Jonk, Philip Cocu (both PSV Eindhoven), Clarence Seedorf (Real Madrid), Aron Winter (Internazionale)</p>
<p>Strikers - Patrick Kluivert, Marc Overmars (both Ajax), Dennis Bergkamp (Arsenal), Pierre van Hooydonk (Nottingham Forest)</p>
</text>
<copyright>(c) Reuters Limited 1997</copyright>
<metadata>
<codes class="bip:countries:1.0">
  <code code="NETH">
    <editdetail attribution="Reuters BIP Coding Group" action="confirmed" date="1997-03-24"/>
  </code>
  <code code="SMARNO">
    <editdetail attribution="Reuters BIP Coding Group" action="confirmed" date="1997-03-24"/>
  </code>
</codes>
<codes class="bip:topics:1.0">
  <code code="GCAT">
    <editdetail attribution="Reuters BIP Coding Group" action="confirmed" date="1997-03-24"/>
  </code>
  <code code="GSPO">
    <editdetail attribution="Reuters BIP Coding Group" action="confirmed" date="1997-03-24"/>
  </code>
</codes>
<dc element="dc.date.created" value="1997-03-24"/>
<dc element="dc.publisher" value="Reuters Holdings Plc"/>
<dc element="dc.date.published" value="1997-03-24"/>
<dc element="dc.source" value="Reuters"/>
<dc element="dc.creator.location" value="AMSTERDAM"/>
<dc element="dc.creator.location.country.name" value="NETHERLANDS"/>
<dc element="dc.source" value="Reuters"/>
</metadata>
</newsitem>
