<?xml version="1.0" encoding="iso-8859-1" ?>
<newsitem itemid="462483" id="root" date="1997-03-24" xml:lang="en">
<title>SPAIN: SOCCER-SEEDORF SUCCEEDS IN BID FOR YELLOW CARD.</title>
<headline>SOCCER-SEEDORF SUCCEEDS IN BID FOR YELLOW CARD.</headline>
<dateline>MADRID 1997-03-24</dateline>
<text>
<p>Real Madrid's Predrag Mijatovic and Christian Panucci failed in their bid to get themselves booked at the weekend but Dutch midfielder Clarence Seedorf succeeded.</p>
<p>All three players had said before Sunday's match against Zaragoza they would deliberately look for yellow cards so they could serve looming suspensions while they were on international duty.</p>
<p>Seedorf was the only player who succeeded. He was shown the yellow card for a challenge that will leave Zaragoza's Santiago Aragon out of action for three weeks.</p>
<p>&quot;It was lucky for me but I didn't want it to come so early in the match,&quot; said Seedorf, who insisted the foul was not deliberate.</p>
<p>Zaragoza coach Luis Costa was unimpressed.</p>
<p>&quot;It's a shame to go home with an injured player because another is looking for a card,&quot; he said.</p>
<p>Seedorf can now serve his Spanish suspension while away with the Netherlands, who face San Marino in a World Cup qualifier on March 29.</p>
<p>Pannuci is a member of the Italian party for their match against Moldova on the same day while Mijatovic is in the Yugoslav squad to face the Czech Republic on April 2.</p>
</text>
<copyright>(c) Reuters Limited 1997</copyright>
<metadata>
<codes class="bip:countries:1.0">
  <code code="NETH">
    <editdetail attribution="Reuters BIP Coding Group" action="confirmed" date="1997-03-24"/>
  </code>
  <code code="SPAIN">
    <editdetail attribution="Reuters BIP Coding Group" action="confirmed" date="1997-03-24"/>
  </code>
</codes>
<codes class="bip:topics:1.0">
  <code code="GCAT">
    <editdetail attribution="Reuters BIP Coding Group" action="confirmed" date="1997-03-24"/>
  </code>
  <code code="GSPO">
    <editdetail attribution="Reuters BIP Coding Group" action="confirmed" date="1997-03-24"/>
  </code>
</codes>
<dc element="dc.date.created" value="1997-03-24"/>
<dc element="dc.publisher" value="Reuters Holdings Plc"/>
<dc element="dc.date.published" value="1997-03-24"/>
<dc element="dc.source" value="Reuters"/>
<dc element="dc.creator.location" value="MADRID"/>
<dc element="dc.creator.location.country.name" value="SPAIN"/>
<dc element="dc.source" value="Reuters"/>
</metadata>
</newsitem>
