<?xml version="1.0" encoding="iso-8859-1" ?>
<newsitem itemid="462435" id="root" date="1997-03-24" xml:lang="en">
<title>RUSSIA: SOCCER-RUSSIA'S KAMAZ IN SHOCK AFTER TWO 5-0 DEFEATS.</title>
<headline>SOCCER-RUSSIA'S KAMAZ IN SHOCK AFTER TWO 5-0 DEFEATS.</headline>
<dateline>MOSCOW 1997-03-24</dateline>
<text>
<p>Two 5-0 defeats in their first two games of the Russian premier league season have left KamAZ in a state of shock.</p>
<p>&quot;In both games the team broke down after letting in a second goal,&quot; coach Beniaminas Zelkiavichius said after his side lost to Rotor Volgograd on Friday. &quot;We've got to work on our playing style.&quot;</p>
<p>The Lithuanian trainer acknowledged KamAZ's biggest problem seemed to be lasting a full 90 minutes. In both matches they trailed just 1-0 going into the final quarter.</p>
<p>Earlier this month, Zelkiavichius said the club from Naberezhniye Chelny in the ethnic republic of Tatarstan in central Russia might struggle to avoid relegation.</p>
<p>It took a an extraordinary 5-4 away win on the final day of the 1996 season to save KamAZ from the drop.</p>
</text>
<copyright>(c) Reuters Limited 1997</copyright>
<metadata>
<codes class="bip:countries:1.0">
  <code code="RUSS">
    <editdetail attribution="Reuters BIP Coding Group" action="confirmed" date="1997-03-24"/>
  </code>
</codes>
<codes class="bip:topics:1.0">
  <code code="GCAT">
    <editdetail attribution="Reuters BIP Coding Group" action="confirmed" date="1997-03-24"/>
  </code>
  <code code="GSPO">
    <editdetail attribution="Reuters BIP Coding Group" action="confirmed" date="1997-03-24"/>
  </code>
</codes>
<dc element="dc.date.created" value="1997-03-24"/>
<dc element="dc.publisher" value="Reuters Holdings Plc"/>
<dc element="dc.date.published" value="1997-03-24"/>
<dc element="dc.source" value="Reuters"/>
<dc element="dc.creator.location" value="MOSCOW"/>
<dc element="dc.creator.location.country.name" value="RUSSIA"/>
<dc element="dc.source" value="Reuters"/>
</metadata>
</newsitem>
