<?xml version="1.0" encoding="iso-8859-1" ?>
<newsitem itemid="462586" id="root" date="1997-03-24" xml:lang="en">
<title>UK: LME copper ends slightly weaker in late trading.</title>
<headline>LME copper ends slightly weaker in late trading.</headline>
<dateline>LONDON 1997-03-24</dateline>
<text>
<p>Copper prices drifted lower in late inter-office trading on Monday, compounding the weaker sentiment seen on the market during the day's disappointing session.</p>
<p>Traders commented on a lack of follow-through buying when prices reached a peak of $2,390 a tonne after the day's earlier flurry based on talk of Chinese buying.</p>
<p>At 1900 GMT three months prices were indicated at $2,361/63 after finishing the kerb at $2,367 a tonne, down just $1 from Friday's kerb close.</p>
<p>&quot;The poor close is suggestive of further selling pressure but with the technical indicators maintaining their upward trend, we would look for further dips to provide buying opportunities with stops below $2,350,&quot; said Rudolf Wolff in its evening metal report.</p>
<p>LME warehouse stocks are expected to fall again on Tuesday as more copper is shipped out of Singapore. Traders said some some 25,000 tonnes of metal may be lifted from this location in the coming week.</p>
<p>Aluminium followed the tone set by copper and was indicated at $1,651/53 after finishing at $1,657, unchanged from Friday. Earlier it saw a test of $1,670.</p>
<p>Nickel continued to move lower and was indicated at $7,780/85, compared with a kerb close of $7,820 which was $135 lower than Friday. Wolff said a test of initial support at $7,750 could be expected, followed by $7,620.</p>
<p>Other metals were little changed to slightly lower.</p>
<p>-- London Newsroom +44 171 542 8064</p>
</text>
<copyright>(c) Reuters Limited 1997</copyright>
<metadata>
<codes class="bip:countries:1.0">
  <code code="UK">
    <editdetail attribution="Reuters BIP Coding Group" action="confirmed" date="1997-03-24"/>
  </code>
</codes>
<codes class="bip:topics:1.0">
  <code code="M14">
    <editdetail attribution="Reuters BIP Coding Group" action="confirmed" date="1997-03-24"/>
  </code>
  <code code="M142">
    <editdetail attribution="Reuters BIP Coding Group" action="confirmed" date="1997-03-24"/>
  </code>
  <code code="MCAT">
    <editdetail attribution="Reuters BIP Coding Group" action="confirmed" date="1997-03-24"/>
  </code>
</codes>
<dc element="dc.date.created" value="1997-03-24"/>
<dc element="dc.publisher" value="Reuters Holdings Plc"/>
<dc element="dc.date.published" value="1997-03-24"/>
<dc element="dc.source" value="Reuters"/>
<dc element="dc.creator.location" value="LONDON"/>
<dc element="dc.creator.location.country.name" value="UK"/>
<dc element="dc.source" value="Reuters"/>
</metadata>
</newsitem>
