<?xml version="1.0" encoding="iso-8859-1" ?>
<newsitem itemid="462512" id="root" date="1997-03-24" xml:lang="en">
<title>HUNGARY: HUNGARY NOON RADIO HEADLINES - MARCH 24.</title>
<headline>HUNGARY NOON RADIO HEADLINES - MARCH 24.</headline>
<dateline>BUDAPEST 1997-03-24</dateline>
<text>
<p>These are the main headlines on Hungary's Kossuth Radio midday news. Reuters cannot vouch for their accuracy:</p>
<p>- Probe starts into unauthorised scrutiny of Socialist members of parliament by one of Hungary's secret services.</p>
<p>- Marta Tocsik, adviser to privatisation agency APV Rt will be questioned again by police in connection with the 800 million forints success fee APV paid her.</p>
<p>- Welfare Minister Mihaly Kokeny has promised above-inflation pension increases for the next two years.</p>
<p>- The 250-million-forint prescription proofing system of the Healthcare Self-Government is not working.</p>
<p>- Three opposition parties say reorganisation and sackings at the Ministry for the Environment are politically motivated.</p>
<p>-- Budapest newsroom +36 1 327 4040</p>
</text>
<copyright>(c) Reuters Limited 1997</copyright>
<metadata>
<codes class="bip:countries:1.0">
  <code code="HUNG">
    <editdetail attribution="Reuters BIP Coding Group" action="confirmed" date="1997-03-24"/>
  </code>
</codes>
<codes class="bip:topics:1.0">
  <code code="GCAT">
    <editdetail attribution="Reuters BIP Coding Group" action="confirmed" date="1997-03-24"/>
  </code>
</codes>
<dc element="dc.date.created" value="1997-03-24"/>
<dc element="dc.publisher" value="Reuters Holdings Plc"/>
<dc element="dc.date.published" value="1997-03-24"/>
<dc element="dc.source" value="Reuters"/>
<dc element="dc.creator.location" value="BUDAPEST"/>
<dc element="dc.creator.location.country.name" value="HUNGARY"/>
<dc element="dc.source" value="Reuters"/>
</metadata>
</newsitem>
