<?xml version="1.0" encoding="iso-8859-1" ?>
<newsitem itemid="462532" id="root" date="1997-03-24" xml:lang="en">
<title>ROMANIA: BUCHAREST CINEMA LIST - MARCH 24-27.</title>
<headline>BUCHAREST CINEMA LIST - MARCH 24-27.</headline>
<dateline>BUCHAREST 1997-03-24</dateline>
<text>
<p>Bucharest cinema list:</p>
<p>101 Dalmatians		SCALA		 2110372</p>
<p>				  0900 1100 1300 1500 1715 1930</p>
<p>				  CORSO		 6151355</p>
<p>				  0900 1100 1300 1500 1700 1900</p>
<p>				  GLORIA		6474675</p>
<p>				  1030 1315 1600 1845</p>
<p>The Shawshanr Redemption  STUDIO		6595315</p>
<p>				  0915 1145 1430 1715 2000</p>
<p>Solo			    PATRIA		2118625</p>
<p>				  0900 1115 1330 1545 1800 2000</p>
<p>				  LUCEAFARUL	  6158767</p>
<p>				  0900 1100 1300 1500 1715 1930</p>
<p>Star Wars		     SALA PALATULUI    6157372</p>
<p>				  1730 2000</p>
<p>People vs Larry Flynt     BUCURESTI	   6155154</p>
<p>				  0845 1130 1400 1630 1900</p>
<p>Romeo &amp; Juliet		FAVORIT	     7453170</p>
<p>				  1200 1415 1630 1830</p>
<p>				  AURORA		6350466</p>
<p>				  1100 1315 1530 1745</p>
<p>Independence Day	    CULTURAL	    6835013</p>
<p>				  1000 1330 1545 1900</p>
<p>Twelve Monkeys Army   LUMINA		6147416</p>
<p>				  0900 1130 1400 1630 1900</p>
<p>Michael Collins	     MIORITA	     6142714</p>
<p>				  1000 1230 1500 1730</p>
<p>Forrest Gump		  FLAMURA	     6857712</p>
<p>				  1000 1230 1500 1730</p>
<p>Eraser			  EXCELSIOR	   6654945</p>
<p>				  1200 1415 1630 1830</p>
<p>The Preacher's Wife	 FLOREASCA	   2306972</p>
<p>				  1500 1730</p>
<p>				  1300 1530 1730 (Saturday-Sunday)</p>
<p>Kongo			   DACIA		 6504594</p>
<p>				  1200 1400 1600 1800</p>
<p>The Huntchback		STUDIO MARTIN     2303245</p>
<p>				  1400 1600 1800</p>
<p>Space Jam		     GRVITA OLYMPIA PALLAS 2223085</p>
<p>				  1000 1200 1400</p>
<p>(Source: Romaniafilm distribution company)</p>
</text>
<copyright>(c) Reuters Limited 1997</copyright>
<metadata>
<codes class="bip:countries:1.0">
  <code code="ROM">
    <editdetail attribution="Reuters BIP Coding Group" action="confirmed" date="1997-03-24"/>
  </code>
</codes>
<codes class="bip:topics:1.0">
  <code code="GCAT">
    <editdetail attribution="Reuters BIP Coding Group" action="confirmed" date="1997-03-24"/>
  </code>
  <code code="GENT">
    <editdetail attribution="Reuters BIP Coding Group" action="confirmed" date="1997-03-24"/>
  </code>
</codes>
<dc element="dc.date.created" value="1997-03-24"/>
<dc element="dc.publisher" value="Reuters Holdings Plc"/>
<dc element="dc.date.published" value="1997-03-24"/>
<dc element="dc.source" value="Reuters"/>
<dc element="dc.creator.location" value="BUCHAREST"/>
<dc element="dc.creator.location.country.name" value="ROMANIA"/>
<dc element="dc.source" value="Reuters"/>
</metadata>
</newsitem>
