<?xml version="1.0" encoding="iso-8859-1" ?>
<newsitem itemid="462540" id="root" date="1997-03-24" xml:lang="en">
<title>LITHUANIA: LITHUANIA - DEALERS DIVIDED OVER BOURSE PROSPECTS.</title>
<headline>LITHUANIA - DEALERS DIVIDED OVER BOURSE PROSPECTS.</headline>
<byline>Ed Stoddard</byline>
<dateline>VILNIUS 1997-03-24</dateline>
<text>
<p>Dealers are divided over when the Lithuanian bourse's Litin A index will reach the 3,000 mark again, according to a Reuters poll of seven brokerage houses active in the Lithuanian market.</p>
<p>The Litin A index, which tracks the bourse's 35 top listings, hit a high of 3,242.25 on January 17, more than doubling its value in late October when it was officially launched.</p>
<p>The index has since fallen to just over 2,600 as of Friday and most dealers were not bullish about its immediate prospects.</p>
<p>Three of the seven dealers polled said that they expected the index to claw its way back over the 3,000 mark in one to two months' time.</p>
<p>One said in three months' time while another said it should reach 3,000 by the end of the summer.</p>
<p>One dealer said by the end of the year while another said it would occur sometime this year but would not make a specific forecast.</p>
<p>&quot;It depends a lot on Lithuania Gas, and it has some room to go up,&quot; said Tomas Andrejauskas of brokerage firm Suprema.</p>
<p>Some dealers complained that Lithuania Gas' value is weighted too heavily on the index, a situation which they said gives a distorted view of the market's actual progress.</p>
<p>&quot;Foreign investors should be coming to the market in a big one soon,&quot; said one of the more optimistic dealers, who predicted that some of the players in the Estonian market would soon move their money south.</p>
<p>&quot;Lithuania's market is larger than Estonia's and it has more options,&quot; he said.</p>
<p>&quot;Most of the foreign newcomers who are looking at the Baltics are interested in Lithuania,&quot; said Kari Salonen, a broker with Williams de Broe in Helsinki.</p>
<p>But he said that bureaucratic obstacles were keeping some foreign investors out of the Lithuanian market.</p>
<p>&quot;Making settlements and transfering shares is slow and expensive in Lithuania, especially compared to Estonia,&quot; he said.</p>
<p>He added that bureaucratic problems aside, Lithuanian shares looked very attractive right now.</p>
<p>&quot;Lithuania has the best variety of listed companies in the Baltics with at least two or three from each sector,&quot; he said.</p>
<p>He also said that the market rose too high too fast in January and that it would probably not reach 3,000 again until the end of the summer.</p>
<p>Suprema, Vilniaus Bank, Litimpeks Bank, Snoras Bank, Vilfima, Mendes Prior Europe and Williams de Broe were the brokerage companies which participated in the poll.</p>
<p>--Vilnius newsroom +370 2 22 35 18</p>
</text>
<copyright>(c) Reuters Limited 1997</copyright>
<metadata>
<codes class="bip:countries:1.0">
  <code code="LITH">
    <editdetail attribution="Reuters BIP Coding Group" action="confirmed" date="1997-03-24"/>
  </code>
</codes>
<codes class="bip:topics:1.0">
  <code code="M11">
    <editdetail attribution="Reuters BIP Coding Group" action="confirmed" date="1997-03-24"/>
  </code>
  <code code="MCAT">
    <editdetail attribution="Reuters BIP Coding Group" action="confirmed" date="1997-03-24"/>
  </code>
</codes>
<dc element="dc.date.created" value="1997-03-24"/>
<dc element="dc.publisher" value="Reuters Holdings Plc"/>
<dc element="dc.date.published" value="1997-03-24"/>
<dc element="dc.source" value="Reuters"/>
<dc element="dc.creator.location" value="VILNIUS"/>
<dc element="dc.creator.location.country.name" value="LITHUANIA"/>
<dc element="dc.source" value="Reuters"/>
</metadata>
</newsitem>
