<?xml version="1.0" encoding="iso-8859-1" ?>
<newsitem itemid="462529" id="root" date="1997-03-24" xml:lang="en">
<title>ESTONIA: HANDELSBANKEN EYES LATVIA, LITHUANIA.</title>
<headline>HANDELSBANKEN EYES LATVIA, LITHUANIA.</headline>
<dateline>TALLINN 1997-03-24</dateline>
<text>
<p>Leading Swedish bank Handelsbanken , which earlier said it bought Estonian broker Aktoris, on Monday said it was looking beyond Estonia and wanted to get involved in Latvian and Lithuanian markets.</p>
<p>&quot;We have a long-term commitment to the Baltic countries,&quot; Handelsbanken Tallinn representative office head Bo Kragh told a news conference.</p>
<p>&quot;Naturally our long-term perspective includes activities in your neighbouring countres of Latvia and Lithuania. But we have decided to start here,&quot; Kragh said.</p>
<p>But Handelsbanken has not yet made any formal decisions on pan-Baltic expansion and is still at the research stage.</p>
<p>&quot;We have some thinking to do in regards to these (Latvian and Lithuanian) markets,&quot; Kragh added.</p>
<p>Estonia is seen as the most advanced of the Baltic financial markets with many companies planning to list their shares on the stock exchange.</p>
<p>However, both local and foreign interest to the Latvian and Lithuanian markets have been increasing.</p>
<p>&quot;There is no decision as yet. It depends on the market, but the aim is as quickly as possible,&quot; Aktoris managing director Auli Kumpulainen said of expansion into the other markets.</p>
<p>-- David Mardiste, Tallinn Newsroom +372 630 8400</p>
</text>
<copyright>(c) Reuters Limited 1997</copyright>
<metadata>
<codes class="bip:countries:1.0">
  <code code="ESTNIA">
    <editdetail attribution="Reuters BIP Coding Group" action="confirmed" date="1997-03-24"/>
  </code>
  <code code="LATV">
    <editdetail attribution="Reuters BIP Coding Group" action="confirmed" date="1997-03-24"/>
  </code>
  <code code="LITH">
    <editdetail attribution="Reuters BIP Coding Group" action="confirmed" date="1997-03-24"/>
  </code>
  <code code="SWED">
    <editdetail attribution="Reuters BIP Coding Group" action="confirmed" date="1997-03-24"/>
  </code>
</codes>
<codes class="bip:industries:1.0">
  <code code="I81402">
    <editdetail attribution="Reuters BIP Coding Group" action="confirmed" date="1997-03-24"/>
  </code>
</codes>
<codes class="bip:topics:1.0">
  <code code="C11">
    <editdetail attribution="Reuters BIP Coding Group" action="confirmed" date="1997-03-24"/>
  </code>
  <code code="C18">
    <editdetail attribution="Reuters BIP Coding Group" action="confirmed" date="1997-03-24"/>
  </code>
  <code code="C181">
    <editdetail attribution="Reuters BIP Coding Group" action="confirmed" date="1997-03-24"/>
  </code>
  <code code="C31">
    <editdetail attribution="Reuters BIP Coding Group" action="confirmed" date="1997-03-24"/>
  </code>
  <code code="CCAT">
    <editdetail attribution="Reuters BIP Coding Group" action="confirmed" date="1997-03-24"/>
  </code>
</codes>
<dc element="dc.date.created" value="1997-03-24"/>
<dc element="dc.publisher" value="Reuters Holdings Plc"/>
<dc element="dc.date.published" value="1997-03-24"/>
<dc element="dc.source" value="Reuters"/>
<dc element="dc.creator.location" value="TALLINN"/>
<dc element="dc.creator.location.country.name" value="ESTONIA"/>
<dc element="dc.source" value="Reuters"/>
</metadata>
</newsitem>
