<?xml version="1.0" encoding="iso-8859-1" ?>
<newsitem itemid="462599" id="root" date="1997-03-24" xml:lang="en">
<title>UK: Both Brent cargoes kept from chains - trade.</title>
<headline>Both Brent cargoes kept from chains - trade.</headline>
<dateline>LONDON 1997-03-24</dateline>
<text>
<p>The two Brent cargoes nominated from the paper chains on Monday were kept ahead of the five o'clock deadline, traders said.</p>
<p>The cargoes, loading April 8-10, were kept by BP, which has kept the first 12 cargoes from the April loading programme.</p>
<p>Brent cargoes are traded on a paper, or forward market until the 1700 London time deadline on the nearest trading day 15 days before their assigned loading date.</p>
<p>A trading company is clocked when it is left with a paper cargo which has turned physical after that deadline and therefore cannot be passed on as part of pre-sold paper cargo deals.</p>
<p>--London Newsroom +44 171 542 5387</p>
</text>
<copyright>(c) Reuters Limited 1997</copyright>
<metadata>
<codes class="bip:countries:1.0">
  <code code="UK">
    <editdetail attribution="Reuters BIP Coding Group" action="confirmed" date="1997-03-24"/>
  </code>
</codes>
<codes class="bip:topics:1.0">
  <code code="M14">
    <editdetail attribution="Reuters BIP Coding Group" action="confirmed" date="1997-03-24"/>
  </code>
  <code code="M143">
    <editdetail attribution="Reuters BIP Coding Group" action="confirmed" date="1997-03-24"/>
  </code>
  <code code="MCAT">
    <editdetail attribution="Reuters BIP Coding Group" action="confirmed" date="1997-03-24"/>
  </code>
</codes>
<dc element="dc.date.created" value="1997-03-24"/>
<dc element="dc.publisher" value="Reuters Holdings Plc"/>
<dc element="dc.date.published" value="1997-03-24"/>
<dc element="dc.source" value="Reuters"/>
<dc element="dc.creator.location" value="LONDON"/>
<dc element="dc.creator.location.country.name" value="UK"/>
<dc element="dc.source" value="Reuters"/>
</metadata>
</newsitem>
