<?xml version="1.0" encoding="iso-8859-1" ?>
<newsitem itemid="462517" id="root" date="1997-03-24" xml:lang="en">
<title>CZECH REPUBLIC: IBM, AFTER UNISYS, APPEAL CZECH TENDER RESULT.</title>
<headline>IBM, AFTER UNISYS, APPEAL CZECH TENDER RESULT.</headline>
<byline>Jan Lopatka</byline>
<dateline>PRAGUE 1997-03-24</dateline>
<text>
<p>IBM Corp's Czech unit said on Monday it would appeal against a Defence Ministry decision to award a 1.3 billion crown deal to deliver an information system to a consortium of EDS and Digital Equipment Corp.</p>
<p>IBM said in a statement that EDS-Digital did not fulfil a tender condition that stipulated participation of only those companies which have acomplished projects in the Czech Republic to a similar extent.</p>
<p>&quot;There are a number of reasons why we are appealing, we are still working on it,&quot; said IBM's spokesman Michal Urvalek. He declined to give more information on the appeal.</p>
<p>The IBM move comes on the heels of Unisys Corp's announcement on Thursday that it too would appeal the decision. Any appeals must be delivered to the ministry this week.</p>
<p>IBM placed third in the eyes of an 11-member committee evaluating bidders in the tender behind, Unisys which came in first and EDS-Digital, which won the contract after the ministry decided not to follow ratings.</p>
<p>Implementation of the staff information system is seen as a large step on the path to make the Czech army more compatible with armed forces of NATO countries, but finding its supplier has been a struggle.</p>
<p>Unisys won an original four billion crown supply tender which was abolished last year after Czech competition authorities found irregularities in the process.</p>
<p>The original tender was cancelled by the Defence Ministry, but the former Ministry for Economic Competition intervened and cancelled that decision before ordering a new tender itself.</p>
<p>Unisys and IDOM, a unit of Deloitte and Touche, were ousted from the new tender earlier this year for application violations, but were later allowed to re-enter the competition.</p>
<p>Unisys denied the mistakes, as revealed by the ministry, ever happened.</p>
<p>In announcing the winner, Defence Minister Miloslav Vyborny said that technical quality of EDS-Digital and Unisys bids was almost identical, but EDS was chosen because its offer was 109 million crowns cheaper.</p>
<p>After the Vyborny's announcement, Unisys immediately said it would and to go to the Economic Competition Office if necessary. On Monday Unisys officials added they could not rule out a request for police to investigate the tender proceedings.</p>
<p>&quot;Our lawyers are investigating this possibility... but it is priority number two, a step after other possibilities fail,&quot; said Jiri Nykodym, of Unisys's Czech unit.</p>
<p>Unisys said Vyborny was wrong to take the decision since under tender rules, price should have been a decisive factor only if two bidders received identical scores from the commission.</p>
<p>&quot;By decision... the tender rules were broken, and, in fact, the way of evaluation of bids was changed in the course of the tender at the moment when it became clear that... Unisys would have won the tender for the second time,&quot; Nykodym said.</p>
<p>-- Prague Newsroom, 420-2-2423-0003</p>
</text>
<copyright>(c) Reuters Limited 1997</copyright>
<metadata>
<codes class="bip:countries:1.0">
  <code code="CZREP">
    <editdetail attribution="Reuters BIP Coding Group" action="confirmed" date="1997-03-24"/>
  </code>
  <code code="USA">
    <editdetail attribution="Reuters BIP Coding Group" action="confirmed" date="1997-03-24"/>
  </code>
</codes>
<codes class="bip:industries:1.0">
  <code code="I33020">
    <editdetail attribution="Reuters BIP Coding Group" action="confirmed" date="1997-03-24"/>
  </code>
  <code code="I3302003">
    <editdetail attribution="Reuters BIP Coding Group" action="confirmed" date="1997-03-24"/>
  </code>
  <code code="I83940">
    <editdetail attribution="Reuters BIP Coding Group" action="confirmed" date="1997-03-24"/>
  </code>
</codes>
<codes class="bip:topics:1.0">
  <code code="C33">
    <editdetail attribution="Reuters BIP Coding Group" action="confirmed" date="1997-03-24"/>
  </code>
  <code code="C331">
    <editdetail attribution="Reuters BIP Coding Group" action="confirmed" date="1997-03-24"/>
  </code>
  <code code="CCAT">
    <editdetail attribution="Reuters BIP Coding Group" action="confirmed" date="1997-03-24"/>
  </code>
  <code code="GCAT">
    <editdetail attribution="Reuters BIP Coding Group" action="confirmed" date="1997-03-24"/>
  </code>
  <code code="GDEF">
    <editdetail attribution="Reuters BIP Coding Group" action="confirmed" date="1997-03-24"/>
  </code>
</codes>
<dc element="dc.date.created" value="1997-03-24"/>
<dc element="dc.publisher" value="Reuters Holdings Plc"/>
<dc element="dc.date.published" value="1997-03-24"/>
<dc element="dc.source" value="Reuters"/>
<dc element="dc.creator.location" value="PRAGUE"/>
<dc element="dc.creator.location.country.name" value="CZECH REPUBLIC"/>
<dc element="dc.source" value="Reuters"/>
</metadata>
</newsitem>
