<?xml version="1.0" encoding="iso-8859-1" ?>
<newsitem itemid="462589" id="root" date="1997-03-24" xml:lang="en">
<title>UK: FOCUS - Coffee prices tumble as investors sell.</title>
<headline>FOCUS - Coffee prices tumble as investors sell.</headline>
<byline>Paul Carrel</byline>
<dateline>LONDON 1997-03-24</dateline>
<text>
<p>Coffee prices were sent tumbling down on Monday as fund investors clamoured to sell and maximize profits from extraordinary gains so far this year.</p>
<p>Benchmark robusta coffee futures on the London Commodity Exchange (LCE) dived by 7.7 percent or $128 to the day's low before recovering slightly to close at $1,540, down $123.</p>
<p>The drop was largely spurred by worries over weak technicals, analysts said, though the arrival of the main Indonesian crop in the coming weeks and signs that supply of arabica coffee might ease also added to the downward pressure.</p>
<p>&quot;Obviously, people turned negative quite quickly,&quot; one analyst said. &quot;Sentiment has changed.&quot;</p>
<p>The drop was made all the sharper by a report fom UK trade house E D &amp; F Man on Monday which suggested an easing of the coffee supply situation in the United States, traders said.</p>
<p>Cocoa also slipped lower in London and then in New York as traders worried that a possible drop through technical support levels might spark a pronounced sell-off.</p>
<p>LCE Cocoa May futures shed 13 sterling to close at 1,005. But technical analysts said the gap between 982-989 sterling could trigger further falls if it was breached.</p>
<p>Copper was boosted in early trade by reports that Chinese buying would continue. Some traders said the buying was part of a programme, with the country needing regular shipments of refined metal.</p>
<p>&quot;The Far East is busy at the moment, and it is  China... they are short of copper,&quot; one European physical trader said.</p>
<p>But copper could not sustain its early gains and fell to $2,367 from its high of $2,390, dragging aluminium and zinc in its wake.</p>
<p>Aluminium chugged up to $1,670 before slipping back to $1,657 at the close while zinc topped the $1,300 level at $1,301 before retreating to 1,294.</p>
<p>Copper stock figures would be closely watched on Tuesday to see if more copper moves from Singapore into China after 6,175 tonnes took that route last week.</p>
<p>Volume was thin in most commodities, apart from coffee, as traders held their positions in the run-up to a four-day weekend in Britain, starting on Friday.</p>
<p>Soyabeans took a hit on the Chicago Board of Trade (CBOT), shedding 9-1/2 cents to $8.33 a bushel by 1742 GMT as technical worries and forecasts of warm weather in the main growing areas prompted market jitters.</p>
<p>Gold suffered from speculative selling but later clawed its way back above the psychologically important $350 level.</p>
<p>Bullion hit a low of bid of $348.55 before rebounding to fix at $350.20 an ounce compared to 350.65 in the morning. Market nerves were on edge ahead of Tuesday's over-the-counter options expiry and a possible U.S. interest rate hike by the Federal Open Market Committee, dealers said.</p>
<p>Meanwhile, IPE Brent Crude was kept under downside pressure by weak fundamentals with the physical brent market well supplied, despite concerns about disruptions to crude production in Nigeria.</p>
<p>Some key prices at 1815 GMT on Monday</p>
<p>							Monday    Friday   </p>
<p>Ldn Spot Gold ($ per ounce)		   350.75     350.50 </p>
<p>IPE Brent Crude Oil (May)		     19.77	20.14</p>
<p>Ldn Metal Exchange(3 mths delivery)</p>
<p>Copper ($ per tonne)			  2,367.00   2,367.00</p>
<p>Aluminium ($ per tonne)		     1,657.00   1,655.00 </p>
<p>LIFFE Robusta Coffee ($/tonne) May)     1,540.00   1,663.00 </p>
<p>Cocoa (Stg per tonne) (May)		 1,005.00   1,016.00 </p>
<p>White Sugar ($ p/t May)			 306.50     305.70 </p>
<p>Chicago Board of Trade Wheat</p>
<p>(Cents per bushel)(May)		   387	  392</p>
</text>
<copyright>(c) Reuters Limited 1997</copyright>
<metadata>
<codes class="bip:countries:1.0">
  <code code="UK">
    <editdetail attribution="Reuters BIP Coding Group" action="confirmed" date="1997-03-24"/>
  </code>
</codes>
<codes class="bip:topics:1.0">
  <code code="M14">
    <editdetail attribution="Reuters BIP Coding Group" action="confirmed" date="1997-03-24"/>
  </code>
  <code code="M141">
    <editdetail attribution="Reuters BIP Coding Group" action="confirmed" date="1997-03-24"/>
  </code>
  <code code="M142">
    <editdetail attribution="Reuters BIP Coding Group" action="confirmed" date="1997-03-24"/>
  </code>
  <code code="M143">
    <editdetail attribution="Reuters BIP Coding Group" action="confirmed" date="1997-03-24"/>
  </code>
  <code code="MCAT">
    <editdetail attribution="Reuters BIP Coding Group" action="confirmed" date="1997-03-24"/>
  </code>
</codes>
<dc element="dc.date.created" value="1997-03-24"/>
<dc element="dc.publisher" value="Reuters Holdings Plc"/>
<dc element="dc.date.published" value="1997-03-24"/>
<dc element="dc.source" value="Reuters"/>
<dc element="dc.creator.location" value="LONDON"/>
<dc element="dc.creator.location.country.name" value="UK"/>
<dc element="dc.source" value="Reuters"/>
</metadata>
</newsitem>
