<?xml version="1.0" encoding="iso-8859-1" ?>
<newsitem itemid="462523" id="root" date="1997-03-24" xml:lang="en">
<title>LATVIA: RIGA CITY SAYS HAS BBB- S&amp;P CREDIT RATING.</title>
<headline>RIGA CITY SAYS HAS BBB- S&amp;P CREDIT RATING.</headline>
<dateline>RIGA 1997-03-24</dateline>
<text>
<p>Latvian capital Riga said on Monday that it has been awarded a BBB- long-term credit rating by Standard &amp; Poor's but was seeking a higher rating.</p>
<p>Riga city finance department deputy director for investment credit questions Inga Cerbule told Reuters that Riga was awarded the rating in January but has not made it public.</p>
<p>She said that the city did not make the rating public as it was not satisfied with it and wanted a higher one.  </p>
<p>&quot;Riga council did not distribute this information more widely as we were planning to apply for a new one,&quot; Cerbule said.</p>
<p>She said that Riga last week applied for a review of the rating, which it wanted increased to the level of the Latvian state rating, which was BBB.</p>
<p>The city expects the new rating in around one month.</p>
<p>She said that the Latvian capital asked for the rating because it would need investors in the future in the its heating, port and other infrastructure sectors.</p>
<p>She said that a credit rating would be a sign that Riga was a secure investment proposition.  </p>
<p>Cerbule said the city wanted the rating even though under finance ministry rules it was not allowed to borrow abroad.</p>
<p>But she noted that even if at the moment the city was not allowed to take loans it was still useful in boosting the city's credibility to have the credit rating.</p>
<p>Latvia in January received a BBB rating by S&amp;P, which put its debt into investment grade class, higher than that of fellow Baltic state, Lithuania.</p>
<p>-- Riga Newsroom, +371 721 5240</p>
</text>
<copyright>(c) Reuters Limited 1997</copyright>
<metadata>
<codes class="bip:countries:1.0">
  <code code="LATV">
    <editdetail attribution="Reuters BIP Coding Group" action="confirmed" date="1997-03-24"/>
  </code>
</codes>
<codes class="bip:topics:1.0">
  <code code="C17">
    <editdetail attribution="Reuters BIP Coding Group" action="confirmed" date="1997-03-24"/>
  </code>
  <code code="C174">
    <editdetail attribution="Reuters BIP Coding Group" action="confirmed" date="1997-03-24"/>
  </code>
  <code code="CCAT">
    <editdetail attribution="Reuters BIP Coding Group" action="confirmed" date="1997-03-24"/>
  </code>
  <code code="E21">
    <editdetail attribution="Reuters BIP Coding Group" action="confirmed" date="1997-03-24"/>
  </code>
  <code code="E212">
    <editdetail attribution="Reuters BIP Coding Group" action="confirmed" date="1997-03-24"/>
  </code>
  <code code="ECAT">
    <editdetail attribution="Reuters BIP Coding Group" action="confirmed" date="1997-03-24"/>
  </code>
</codes>
<dc element="dc.date.created" value="1997-03-24"/>
<dc element="dc.publisher" value="Reuters Holdings Plc"/>
<dc element="dc.date.published" value="1997-03-24"/>
<dc element="dc.source" value="Reuters"/>
<dc element="dc.creator.location" value="RIGA"/>
<dc element="dc.creator.location.country.name" value="LATVIA"/>
<dc element="dc.source" value="Reuters"/>
</metadata>
</newsitem>
