<?xml version="1.0" encoding="iso-8859-1" ?>
<newsitem itemid="462583" id="root" date="1997-03-24" xml:lang="en">
<title>UK: IPE Brent ends weaker under heavy prompt supply.</title>
<headline>IPE Brent ends weaker under heavy prompt supply.</headline>
<dateline>LONDON 1997-03-24</dateline>
<text>
<p>IPE Brent crude futures were pulled lower on Monday by a glut of prompt North Sea barrels on the physical market, brokers said.</p>
<p>May Brent closed 41 cents down at $19.58 a barrel, with more than ten cents of losses made in a burst of selling led by a Wall Street trading house shortly before the close.</p>
<p>Brokers said that a well supplied physical Brent market in Europe, and intermonth spreads trading in contango on the cash Brent market were keeping up the pressure on futures.</p>
<p>&quot;The physical glut in Europe, illustrated by the discount on Dated Brent, continues to weigh on the market,&quot; said brokers Prudential Bache in their daily report.</p>
<p>Support breaks in the $19.70/75 area triggered technical selling stops which helped to fuel the downward move, brokers said.</p>
<p>And a poor performance by NYMEX unleaded gasoline, the key market leader in the run-up to the summer driving season, compounded the bearish tone this side of the Atlantic, they added.</p>
<p>April NYMEX unleaded gasoline futures shed over one cent a gallon to close at 66.45 cents a gallon.</p>
<p>Weak fundamentals eclipsed any bullish impact of disruptions to crude production in Nigeria, dealers said.</p>
<p>Shell Nigeria said a dispute between rival villagers caused the weekend shutdown of five pumping stations which cut output through the Forcados crude export system by 100,000 bpd.</p>
<p>But traders said that that a supply cushion of 1.8 million barrels of Forcados held by Shell should shield against disruptions to exports.</p>
<p>A spokesman for the company said it would be able to meet all of its March export commitments.</p>
<p>Earlier, IPE April gas oil ended Monday unchanged at $170.75 a tonne, while the weakening of crude futures pushed out the crack spread, a rough indicator of refining margins.</p>
<p>&quot;There's no real strength in gas oil, it's just Brent is ultra weak,&quot; said one broker.</p>
<p>--Rosalind Russell, London Newsroom +44 171 542 5387</p>
</text>
<copyright>(c) Reuters Limited 1997</copyright>
<metadata>
<codes class="bip:countries:1.0">
  <code code="UK">
    <editdetail attribution="Reuters BIP Coding Group" action="confirmed" date="1997-03-24"/>
  </code>
</codes>
<codes class="bip:topics:1.0">
  <code code="M14">
    <editdetail attribution="Reuters BIP Coding Group" action="confirmed" date="1997-03-24"/>
  </code>
  <code code="M143">
    <editdetail attribution="Reuters BIP Coding Group" action="confirmed" date="1997-03-24"/>
  </code>
  <code code="MCAT">
    <editdetail attribution="Reuters BIP Coding Group" action="confirmed" date="1997-03-24"/>
  </code>
</codes>
<dc element="dc.date.created" value="1997-03-24"/>
<dc element="dc.publisher" value="Reuters Holdings Plc"/>
<dc element="dc.date.published" value="1997-03-24"/>
<dc element="dc.source" value="Reuters"/>
<dc element="dc.creator.location" value="LONDON"/>
<dc element="dc.creator.location.country.name" value="UK"/>
<dc element="dc.source" value="Reuters"/>
</metadata>
</newsitem>
