<?xml version="1.0" encoding="iso-8859-1" ?>
<newsitem itemid="462533" id="root" date="1997-03-24" xml:lang="en">
<title>LITHUANIA: UTENOS BEVERAGES 1996 PROFIT FALLS.</title>
<headline>UTENOS BEVERAGES 1996 PROFIT FALLS.</headline>
<dateline>VILNIUS 1997-03-24</dateline>
<text>
<p>Leading Lithuanian brewer Utenos Beverages said on Monday that its net profit in 1996 fell a bit to 7.2 million litas from 7.5 million litas the previous year.</p>
<p>The company also said that it expected its profit to dip again in 1997 as it plans to launch an agressive sales and marketing campaign to maintain its leading position in the share of the thirsty Lithuanian beer market.</p>
<p>&quot;We plan that our net profit in 1997 will be 6.5 million litas since we shall put more money in the development of sales and adveritising of our product this year,&quot; the chairman of Utenos Beverages Arunas Lubys told Reuters by phone.</p>
<p>He added that the company decided to pay 12 percent per share in dividends for 1996.</p>
<p>Lubys also said that the company planned to invest around 5.2 million litas in upgrading its production lines and marketing this year.</p>
<p>&quot;We had 35 percent of the country's beer market in 1996 and produced 400,000 hectolitres of beer last year,&quot; Lubys said.</p>
<p>--Andrius Vilkancas, Vilnius newsroom +370 2 22 35 17</p>
</text>
<copyright>(c) Reuters Limited 1997</copyright>
<metadata>
<codes class="bip:countries:1.0">
  <code code="LITH">
    <editdetail attribution="Reuters BIP Coding Group" action="confirmed" date="1997-03-24"/>
  </code>
</codes>
<codes class="bip:industries:1.0">
  <code code="I42700">
    <editdetail attribution="Reuters BIP Coding Group" action="confirmed" date="1997-03-24"/>
  </code>
</codes>
<codes class="bip:topics:1.0">
  <code code="C15">
    <editdetail attribution="Reuters BIP Coding Group" action="confirmed" date="1997-03-24"/>
  </code>
  <code code="C151">
    <editdetail attribution="Reuters BIP Coding Group" action="confirmed" date="1997-03-24"/>
  </code>
  <code code="C1511">
    <editdetail attribution="Reuters BIP Coding Group" action="confirmed" date="1997-03-24"/>
  </code>
  <code code="CCAT">
    <editdetail attribution="Reuters BIP Coding Group" action="confirmed" date="1997-03-24"/>
  </code>
</codes>
<dc element="dc.date.created" value="1997-03-24"/>
<dc element="dc.publisher" value="Reuters Holdings Plc"/>
<dc element="dc.date.published" value="1997-03-24"/>
<dc element="dc.source" value="Reuters"/>
<dc element="dc.creator.location" value="VILNIUS"/>
<dc element="dc.creator.location.country.name" value="LITHUANIA"/>
<dc element="dc.source" value="Reuters"/>
</metadata>
</newsitem>
