<?xml version="1.0" encoding="iso-8859-1" ?>
<newsitem itemid="462544" id="root" date="1997-03-24" xml:lang="en">
<title>YUGOSLAVIA: PRESS DIGEST - YUGOSLAVIA - MARCH 24.</title>
<headline>PRESS DIGEST - YUGOSLAVIA - MARCH 24.</headline>
<dateline>BELGRADE 1997-03-24</dateline>
<text>
<p>These are the leading stories in the Serbian and Montenegrin press on Monday. Reuters has not verified them and does not vouch for their accuracy. ----SERBIA</p>
<p>POLITIKA</p>
<p>- Serbian Prime Minister Mirko Marjanovic opens construction of 71-km stage of trans-Yugoslav highway from Subotica to Feketic (single carriageway, with stop lanes)</p>
<p>- Injection of fresh capital into banks and privatization are essential to rescue the banking system, says National Bank Vice-Governor Ratko Banovic</p>
<p>- Yugoslav economy managed to find local substitutes for 6,000 previously imported products since 1991 and subsequent international sanctions, says the Chamber of Commerce vice- -president</p>
<p>- Serbian thermal power plants in worsening state, major pollution-cutting work needed</p>
<p>- Printing fresh money to finance budget impermissible, says Yugoslav Finance Minister Bozidar Gazivoda, adding: &quot;new 100-dinar bills have already been printed&quot;.</p>
<p>- Zmaj of Belgrade to deliver 200 harvesters to China by May in barter-for-oil deal</p>
<p>NASA BORBA</p>
<p>- Sources say serious split in Montenegrin leadership expected at ruling party's meeting today.</p>
<p>- Former Russian foreign minister Andrei Kozyrev, now a deputy in the Russian parliament, said that &quot;Milan Panic is an exceptional figure and well known politician in Russia who proved in practice that he can lead Yugoslavia out of the profound social and economic crisis.&quot;</p>
<p>- Serbian opposition threats to boycott elections if media scene is not fully liberalized.</p>
<p>- Serious split in Bosnian Serbs' ruling party, which tried to oust Biljana Plavsic from post of Bosnian Serb Republic president</p>
<p>- New shooting of Serbian policeman in Kosovo.</p>
<p>- Government says privately-owned BK-TV operating without valid permits ; opposition says this is latest move in crackdown on independent media</p>
<p>VECERNJE NOVOSTI</p>
<p>- &quot;If the Croatian side agrees with the proposal on dual citizenship for Serbs in border zones on the Danube, we will participate in the elections on April 13,&quot; says eastern Slavonia Serb leader Vojislav Stanimirovic.</p>
<p>- Patriarch Pavle to visit Dalj, eastern Slavonia, on Tuesday for session of Serbian Orthodox Church Synod.</p>
<p>- Although some banks have reduced monthly interest on credits to 3.25 percent, the problem of lack of money for credits remains. Interest three to four times higher on the money market, but demand exceeds supply of money.</p>
<p>POLITIKA EKSPRES</p>
<p>- Serbian government to issue tourist passes valid 30 days instead of entry visas to promote tourism.</p>
<p>BORBA</p>
<p>- Salvation for Yugoslavia's economy lies in increased production and improved quality, politics must be separated from economy, says Yugoslav Economy Minister Rade Filipovic.</p>
<p>DEMOKRATIJA</p>
<p>- Sources say Slobodan Milosevic will be the new Yugoslav president, Momir Bulatovic the new prime minister and Zeljko Simic the Socialist candidate for Serbia's president. ----MONTENEGRO</p>
<p>POBJEDA</p>
<p>- Opposition People's Party president Novak Kilibarda broke up the party's central board and local organs, and called an extraodrinary congress for next month. Deputy president Bozidar Bojovic stripped Kilibarda of his presidential powers and moved against other leading party members.</p>
<p>- Montenegrin Government set aside seven million dinars for tourist propaganda in 1997, and expects a further 1.9 million worth of advertising to come from the holiday sector.</p>
<p>- The government also earmarked 39 million dinars for agricultural development, one-third going towards purchasing milk from small farmers.</p>
<p>- Education minister Dragan Kujovic says government is looking into religious education in schools -- Orthodox and Moslem leaders want religion back in schools, while Catholic church prefers Sunday school. -- Belgrade Newsroom +381 11 2224254</p>
</text>
<copyright>(c) Reuters Limited 1997</copyright>
<metadata>
<codes class="bip:countries:1.0">
  <code code="YUG">
    <editdetail attribution="Reuters BIP Coding Group" action="confirmed" date="1997-03-24"/>
  </code>
</codes>
<codes class="bip:topics:1.0">
  <code code="GCAT">
    <editdetail attribution="Reuters BIP Coding Group" action="confirmed" date="1997-03-24"/>
  </code>
</codes>
<dc element="dc.date.created" value="1997-03-24"/>
<dc element="dc.publisher" value="Reuters Holdings Plc"/>
<dc element="dc.date.published" value="1997-03-24"/>
<dc element="dc.source" value="Reuters"/>
<dc element="dc.creator.location" value="BELGRADE"/>
<dc element="dc.creator.location.country.name" value="YUGOSLAVIA"/>
<dc element="dc.source" value="Reuters"/>
</metadata>
</newsitem>
