<?xml version="1.0" encoding="iso-8859-1" ?>
<newsitem itemid="462581" id="root" date="1997-03-24" xml:lang="en">
<title>UK: Tactical voting campaign threatens Britain's Major.</title>
<headline>Tactical voting campaign threatens Britain's Major.</headline>
<byline>Gerrard Raven</byline>
<dateline>ABINGDON, England 1996-03-25</dateline>
<text>
<p>When Liberal Democrat leader Paddy Ashdown made the first trip on his election &quot;battlebus&quot;, his choice of Abingdon as a destination could have been seen as ominous for the ruling Conservatives.</p>
<p>For the old market town near Oxford is the birthplace of a movement which could worsen any defeat the ruling party is set to suffer in Britain's May 1 general election.</p>
<p>GROT -- Get Rid of Them -- is appealing to Britons who want Prime Minister John Major out of power to vote for whichever centre-left candidate is more likely to defeat the Conservative in their particular constituency, under the first-past-the-post electoral system.</p>
<p>In most Conservative seats, that will be the nominee of Tony Blair's Labour Party, which opinion polls show heading for the biggest landslide for a left-leaning party since 1945.</p>
<p>In a few, including the seat of Oxford West and Abingdon, it will be the candidate of Ashdown's minority party.</p>
<p>GROT was founded by Bruce Kent, the Labour candidate in the constituency at the 1992 general election, after he polled 7,652 votes, just over twice the margin by which Conservative John Patten won the seat against a strong Liberal challenge.</p>
<p>&quot;Bruce Kent got that tactical voting message when standing here last time,&quot; Evan Harris, a 31-year-old doctor who is prospective Liberal candidate, as he waited in the rain to welcome Ashdown to Abingdon on Monday.</p>
<p>&quot;People seem to have taken it to heart because despite Labour's showing nationally, its vote has been falling here in local elections. I believe it is going to be very close between us and the Conservatives in May.&quot;</p>
<p>The Liberals now hold 37 of the 59 local council seats in the constituency, against just 13 for Labour.</p>
<p>Even a town centre confectionery shop selling chocolate models of the party leaders confirmed that in Abingdon the battle is between Conservatives and Liberals -- assistants told Ashdown he was easily outselling Blair and not far short of Major.</p>
<p>Aides to Ashdown insist that while the opinion polls show the party well below the 18 percent of the vote it won in 1992, support in seats it can realistically win -- perhaps 50 of the 659 being fought -- is holding up. It currently holds just 20.</p>
<p>If they are right, and if voters prove receptive to the arguments for tactical voting, Labour and the Liberal Democrats could catch the Conservatives in a pincer movement.</p>
<p>The dramatic effects of this have already been seen in parliamentary by-elections held since 1992.</p>
<p>In 1993 at Newbury, some 20 miles (32 km) south of Abingdon, Labour won just two percent of the vote as the Liberals overturned a large Conservative majority to take the seat.</p>
<p>Ashdown himself was reluctant to deploy the tactical vote argument during his Abingdon visit, preferring to stress that only his party was prepared to increase taxes to push through vital improvements to education and health services.</p>
<p>But Liberals in &quot;battleground&quot; seats -- mainly in western England -- will emphasise the facts of local life.</p>
<p>In at least one seat, monthly newsletters delivered to voters for the past year have all included a chart showing the 1992 voting figures, under the slogan &quot;Labour cannot win here&quot;.</p>
<p>&quot;If voters don't get the message, it won't be through lack of trying,&quot; an aide to Ashdown said.</p>
</text>
<copyright>(c) Reuters Limited 1997</copyright>
<metadata>
<codes class="bip:countries:1.0">
  <code code="UK">
    <editdetail attribution="Reuters BIP Coding Group" action="confirmed" date="1997-03-24"/>
  </code>
</codes>
<codes class="bip:topics:1.0">
  <code code="GCAT">
    <editdetail attribution="Reuters BIP Coding Group" action="confirmed" date="1997-03-24"/>
  </code>
  <code code="GPOL">
    <editdetail attribution="Reuters BIP Coding Group" action="confirmed" date="1997-03-24"/>
  </code>
  <code code="GVOTE">
    <editdetail attribution="Reuters BIP Coding Group" action="confirmed" date="1997-03-24"/>
  </code>
</codes>
<dc element="dc.date.created" value="1996-03-25"/>
<dc element="dc.publisher" value="Reuters Holdings Plc"/>
<dc element="dc.date.published" value="1997-03-24"/>
<dc element="dc.source" value="Reuters"/>
<dc element="dc.creator.location" value="ABINGDON, England"/>
<dc element="dc.creator.location.country.name" value="UK"/>
<dc element="dc.source" value="Reuters"/>
</metadata>
</newsitem>
