<?xml version="1.0" encoding="iso-8859-1" ?>
<newsitem itemid="462530" id="root" date="1997-03-24" xml:lang="en">
<title>LITHUANIA: UTENOS, CARLSBERG IN INVESTMENT TALKS.</title>
<headline>UTENOS, CARLSBERG IN INVESTMENT TALKS.</headline>
<dateline>VILNIUS 1997-03-24</dateline>
<text>
<p>Lithuania's leading brewer Utenos Beverages said on Monday that it was pursuing talks with Denmark's Carlsberg over a possible 80 to 100 million litas investment.</p>
<p>&quot;We continue serious talks with Carlsberg...the potential investment for our company is worth 80 to 100 million litas,&quot; the chairman of Utenos' board Arunas Lubys told Reuters by phone from his office in Utena.</p>
<p>Lubys added that a delegation from Carlsberg was arriving in Utena today.</p>
<p>Lubys said that a delay in the registeration of his company's shares with the Securities Commission had proven to be an obstacle to the Carlsberg investment.</p>
<p>&quot;If our shares had of been registered, the investment might have been made by now,&quot; he said.</p>
<p>He said the delay had been caused by a dispute with the government, which owns a 21.5 percent stake in the brewer.</p>
<p>Utenos earlier announced that its 1996 net profit had slipped to 7.2 million litas from 7.5 million litas the previous year.</p>
<p>The company also said that it expects its 1997 net profit to fall further to 6.5 million litas because it plans to launch an agressive sales and marketing campaign to retain its leading hold on the Lithuanian beer market.</p>
<p>Lubys said that Utenos' share of the local beer market in 1996 was 35 percent.</p>
<p>--Andrius Vilkancas, Vilnius newsroom +370 2 22 35 17</p>
</text>
<copyright>(c) Reuters Limited 1997</copyright>
<metadata>
<codes class="bip:countries:1.0">
  <code code="DEN">
    <editdetail attribution="Reuters BIP Coding Group" action="confirmed" date="1997-03-24"/>
  </code>
  <code code="LITH">
    <editdetail attribution="Reuters BIP Coding Group" action="confirmed" date="1997-03-24"/>
  </code>
</codes>
<codes class="bip:industries:1.0">
  <code code="I42700">
    <editdetail attribution="Reuters BIP Coding Group" action="confirmed" date="1997-03-24"/>
  </code>
</codes>
<codes class="bip:topics:1.0">
  <code code="C18">
    <editdetail attribution="Reuters BIP Coding Group" action="confirmed" date="1997-03-24"/>
  </code>
  <code code="C181">
    <editdetail attribution="Reuters BIP Coding Group" action="confirmed" date="1997-03-24"/>
  </code>
  <code code="CCAT">
    <editdetail attribution="Reuters BIP Coding Group" action="confirmed" date="1997-03-24"/>
  </code>
</codes>
<dc element="dc.date.created" value="1997-03-24"/>
<dc element="dc.publisher" value="Reuters Holdings Plc"/>
<dc element="dc.date.published" value="1997-03-24"/>
<dc element="dc.source" value="Reuters"/>
<dc element="dc.creator.location" value="VILNIUS"/>
<dc element="dc.creator.location.country.name" value="LITHUANIA"/>
<dc element="dc.source" value="Reuters"/>
</metadata>
</newsitem>
