<?xml version="1.0" encoding="iso-8859-1" ?>
<newsitem itemid="462582" id="root" date="1997-03-24" xml:lang="en">
<title>UK: Reuters historical calendar - March 31.</title>
<headline>Reuters historical calendar - March 31.</headline>
<dateline>LONDON 1997-03-24</dateline>
<text>
<p>Following are some of the major events to have occurred on March 31 in history:</p>
<p>1084 - Clement III, elected antipope in 1080 by a synod convoked by Henry IV, crowned Henry as Holy Roman Emperor.</p>
<p>1492 - Jews in Spain were given three months to accept Christianity or leave.</p>
<p>1499 - Pope Pius IV born. He became archbishop of Ragusa in 1545 and was elected pope in December 1559.</p>
<p>1547 - King Francis I of France died and was succeeded by Henry II.</p>
<p>1621 - Philip III of Spain died and was succeeded by his son, Philip IV. He also ruled Portugal as Philip II.</p>
<p>1596 - French philosopher and mathematician Rene Descartes born.</p>
<p>1631 - John Donne, English poet, died; he was also a prominent churchman and preacher.</p>
<p>1732 - Franz Joseph Haydn, Austrian composer of 104 symphonies and numerous chamber and vocal works, born.</p>
<p>1811 - Robert Wilhelm Bunsen, German physicist and chemist, born. He is credited with inventing the Bunsen burner and the galvanic battery as well as sharing the discovery of spectrum analysis.</p>
<p>1837 - English landscape painter John Constable died. Some of his finest landscapes include the &quot;Valley Farm&quot;, &quot;Cornfield&quot; and &quot;Haywain&quot;.</p>
<p>1854 - The Treaty of Kanagawa was signed between the U.S. and Japan, opening up the ports of Shimoda and Hakodate to U.S. traders.</p>
<p>1855 - Charlotte Bronte, British author of &quot;Jane Eyre&quot; and the oldest of three literary sisters, died in pregnancy.</p>
<p>1870 - In the United States, Thomas Peterson-Mundy became the first black to vote under the Fifteenth Amendment (passed by Congress February 1870) which required all Southern States to allow blacks to vote.</p>
<p>1889 - The Eiffel Tower in Paris was inaugurated.</p>
<p>1917 - The U.S. purchased the Danish West Indies for $25 million and called them the Virgin Islands.</p>
<p>1939 - British Prime Minister Neville Chamberlain undertook to defend Poland in an Anglo-French alliance if attacked.</p>
<p>1949 - Newfoundland joined the Canadian Federation as the tenth province.</p>
<p>1954 - The Soviet Union offered to join NATO.</p>
<p>1959 - The Dalai Lama, fleeing Chinese repression of an uprising in Tibet, arrived at the Indian border and was granted political asylum.</p>
<p>1964 - In Brazil, a period of economic crisis, exacerbated by allegations of official corruption, led to a military revolt against the government of President Joao Goulart.</p>
<p>1968 - U.S. President Lyndon Johnson announced he would not stand for re-election.</p>
<p>1970 - Lesotho's prime minister, Leabua Jonathan, announced that King Moshoeshoe II was leaving the country indefinitely and Queen Mamohato would act as Regent.</p>
<p>1971 - U.S. lieutenant William Calley was sentenced to life imprisonment (later reduced to 20 years) for the killings of Vietnamese civilians at My Lai in March 1968.</p>
<p>1979 - The military relationship between Britain and Malta ended after 181 years with the departure of the destroyer HMS London from Valetta Harbour.</p>
<p>1980 - Former U.S. olympic athlete Jessie Owens died. He won four gold medals at the 1936 Berlin Olympics but Hitler refused to give him the customary winner's handshake because he was black.</p>
<p>1988 - Sir William McMahon, Australian prime minister 1971-72, died.</p>
<p>1990 - A rally against a new and unpopular poll tax turned into a violent riot in the heart of London.</p>
<p>1992 - Israel and Spain celebrated the 500th anniversary of Roman Catholic monarchs banishing Jews from Spain with a visit to King Juan Carlos by President Chaim Herzog.</p>
<p>1994 - Israel and the PLO signed an agreement to put international observers in the West Bank town of Hebron, the first time Israel had agreed to an international presence in the occupied territories since it captured them in 1967.</p>
<p>1994 - President F.W. de Klerk announced a state of emergency to halt spiralling violence in South Africa's Zulu heartland.</p>
<p>1995 - All 60 people aboard a Romanian Tarom airlines Airbus were killed when it crashed and burst into flames shortly after takeoff for Brussels.</p>
<p>1995 - The Paris Appeals Court ruled that maverick French soccer boss-turned-politician Bernard Tapie was bankrupt, clearing a way for him to be stripped of his French and European parliament seats.</p>
</text>
<copyright>(c) Reuters Limited 1997</copyright>
<metadata>
<codes class="bip:countries:1.0">
  <code code="UK">
    <editdetail attribution="Reuters BIP Coding Group" action="confirmed" date="1997-03-24"/>
  </code>
</codes>
<codes class="bip:topics:1.0">
  <code code="GCAT">
    <editdetail attribution="Reuters BIP Coding Group" action="confirmed" date="1997-03-24"/>
  </code>
</codes>
<dc element="dc.date.created" value="1997-03-24"/>
<dc element="dc.publisher" value="Reuters Holdings Plc"/>
<dc element="dc.date.published" value="1997-03-24"/>
<dc element="dc.source" value="Reuters"/>
<dc element="dc.creator.location" value="LONDON"/>
<dc element="dc.creator.location.country.name" value="UK"/>
<dc element="dc.source" value="Reuters"/>
</metadata>
</newsitem>
