<?xml version="1.0" encoding="iso-8859-1" ?>
<newsitem itemid="462557" id="root" date="1997-03-24" xml:lang="en">
<title>ESTONIA: TALLINNA FARMA REVISES UPWARD 1996 PROFITS.</title>
<headline>TALLINNA FARMA REVISES UPWARD 1996 PROFITS.</headline>
<dateline>TALLINN 1997-03-24</dateline>
<text>
<p>Tallinna Farma said on Monday that it was revising slightly its 1996 unaudited net profit, increasing it to 29.6 million kroons from a previously stated 29.4 million kroons.</p>
<p>The bank also said in a statement that it was revising its 1996 pre-tax profit statement to 39.4 million kroons against a previously stated 39.3 million kroons.</p>
<p>The company made a 1995 pre-tax profit of 22.2 million kroons.</p>
<p>-- Tallinn newsroom +372 630 8400 reuters@reuters.ee</p>
</text>
<copyright>(c) Reuters Limited 1997</copyright>
<metadata>
<codes class="bip:countries:1.0">
  <code code="ESTNIA">
    <editdetail attribution="Reuters BIP Coding Group" action="confirmed" date="1997-03-24"/>
  </code>
</codes>
<codes class="bip:industries:1.0">
  <code code="I25700">
    <editdetail attribution="Reuters BIP Coding Group" action="confirmed" date="1997-03-24"/>
  </code>
</codes>
<codes class="bip:topics:1.0">
  <code code="C15">
    <editdetail attribution="Reuters BIP Coding Group" action="confirmed" date="1997-03-24"/>
  </code>
  <code code="C151">
    <editdetail attribution="Reuters BIP Coding Group" action="confirmed" date="1997-03-24"/>
  </code>
  <code code="C1511">
    <editdetail attribution="Reuters BIP Coding Group" action="confirmed" date="1997-03-24"/>
  </code>
  <code code="CCAT">
    <editdetail attribution="Reuters BIP Coding Group" action="confirmed" date="1997-03-24"/>
  </code>
</codes>
<dc element="dc.date.created" value="1997-03-24"/>
<dc element="dc.publisher" value="Reuters Holdings Plc"/>
<dc element="dc.date.published" value="1997-03-24"/>
<dc element="dc.source" value="Reuters"/>
<dc element="dc.creator.location" value="TALLINN"/>
<dc element="dc.creator.location.country.name" value="ESTONIA"/>
<dc element="dc.source" value="Reuters"/>
</metadata>
</newsitem>
