<?xml version="1.0" encoding="iso-8859-1" ?>
<newsitem itemid="462559" id="root" date="1997-03-24" xml:lang="en">
<title>LATVIA: AIR BALTIC IN $24 MLN 1996 REVENUES.</title>
<headline>AIR BALTIC IN $24 MLN 1996 REVENUES.</headline>
<dateline>RIGA 1997-03-24</dateline>
<text>
<p>Latvian national carrier Air Baltic, in which Scandinavian Airlines owns one third, said its operating and investment expenses were $41 million in 1996 while operating revenue was $24 million.</p>
<p>The company said in a statement released late on Friday that 75 percent of its revenues in 1996 came from ticket sales outside Latvia.</p>
<p>A company spokesman told Reuters that Air Baltic was now at breakeven on the operating side. It said in a statement that its assets were worth $27.3 million.</p>
<p>The government owns 51.07 percent of the airline, SAS 28.51 percent, Baltic International USA INC 8.02 percent while a Danish and Swedish investment fund each own 6.2 percent.</p>
<p>-- Riga Newsroom, +371 721 5240</p>
</text>
<copyright>(c) Reuters Limited 1997</copyright>
<metadata>
<codes class="bip:countries:1.0">
  <code code="LATV">
    <editdetail attribution="Reuters BIP Coding Group" action="confirmed" date="1997-03-24"/>
  </code>
</codes>
<codes class="bip:industries:1.0">
  <code code="I75000">
    <editdetail attribution="Reuters BIP Coding Group" action="confirmed" date="1997-03-24"/>
  </code>
</codes>
<codes class="bip:topics:1.0">
  <code code="C15">
    <editdetail attribution="Reuters BIP Coding Group" action="confirmed" date="1997-03-24"/>
  </code>
  <code code="C151">
    <editdetail attribution="Reuters BIP Coding Group" action="confirmed" date="1997-03-24"/>
  </code>
  <code code="C1511">
    <editdetail attribution="Reuters BIP Coding Group" action="confirmed" date="1997-03-24"/>
  </code>
  <code code="C31">
    <editdetail attribution="Reuters BIP Coding Group" action="confirmed" date="1997-03-24"/>
  </code>
  <code code="CCAT">
    <editdetail attribution="Reuters BIP Coding Group" action="confirmed" date="1997-03-24"/>
  </code>
</codes>
<dc element="dc.date.created" value="1997-03-24"/>
<dc element="dc.publisher" value="Reuters Holdings Plc"/>
<dc element="dc.date.published" value="1997-03-24"/>
<dc element="dc.source" value="Reuters"/>
<dc element="dc.creator.location" value="RIGA"/>
<dc element="dc.creator.location.country.name" value="LATVIA"/>
<dc element="dc.source" value="Reuters"/>
</metadata>
</newsitem>
