<?xml version="1.0" encoding="iso-8859-1" ?>
<newsitem itemid="462579" id="root" date="1997-03-24" xml:lang="en">
<title>UK: UK's Clarke says economy not in boom-bust cycle.</title>
<headline>UK's Clarke says economy not in boom-bust cycle.</headline>
<dateline>LONDON 1997-03-24</dateline>
<text>
<p>British Chancellor of the Exchequer (finance minister) Kenneth Clarke said in a television interview on Monday that strong growth in the UK economy would not lead to a recession.</p>
<p>Speaking on BBC Television's Newsnight, he said good economic figures would continue, and the country had prospects of sustained growth.</p>
<p>&quot;Investment's been running well and getting stronger over the last year...Our exports are standing up despite the strong pound,&quot; Clarke said. &quot;We have no balance of payments problem this time which we did in 1987.&quot;</p>
<p>He denied that the ruling Conservative government, trailing in the polls, had engineered a &quot;boom&quot; in the economy which would leave a difficult legacy for an incoming government.</p>
<p>He said the one &quot;cloud on the horizon&quot; was the possibility that the opposition Labour Party, if it were elected in May, would upset the economy with a July budget.</p>
<p>In the same interview, Labour economics spokesman Gordon Brown said current investment levels would not support a lasting recovery, although he said the economy was not actually booming.</p>
<p>&quot;I think we're in danger of overheating because the fundamentals are not right,&quot; said Brown.</p>
<p>Asked about whether he would raise interest rates if he took over in May, and was requested to do so by governor of the Bank of England Eddie George, Brown refused to speculate.</p>
</text>
<copyright>(c) Reuters Limited 1997</copyright>
<metadata>
<codes class="bip:countries:1.0">
  <code code="UK">
    <editdetail attribution="Reuters BIP Coding Group" action="confirmed" date="1997-03-24"/>
  </code>
</codes>
<codes class="bip:topics:1.0">
  <code code="E11">
    <editdetail attribution="Reuters BIP Coding Group" action="confirmed" date="1997-03-24"/>
  </code>
  <code code="ECAT">
    <editdetail attribution="Reuters BIP Coding Group" action="confirmed" date="1997-03-24"/>
  </code>
</codes>
<dc element="dc.date.created" value="1997-03-24"/>
<dc element="dc.publisher" value="Reuters Holdings Plc"/>
<dc element="dc.date.published" value="1997-03-24"/>
<dc element="dc.source" value="Reuters"/>
<dc element="dc.creator.location" value="LONDON"/>
<dc element="dc.creator.location.country.name" value="UK"/>
<dc element="dc.source" value="Reuters"/>
</metadata>
</newsitem>
