<?xml version="1.0" encoding="iso-8859-1" ?>
<newsitem itemid="462542" id="root" date="1997-03-24" xml:lang="en">
<title>SLOVAKIA: SLOVAK FINMIN SETS ONE-YEAR BOND AUCTION FOR TUE. [CORRECTED 16:55 GMT]</title>
<headline>SLOVAK FINMIN SETS ONE-YEAR BOND AUCTION FOR TUE. [CORRECTED 16:55 GMT]</headline>
<dateline>BRATISLAVA 1997-03-24</dateline>
<text>
<p>(Corrects auction date in headline and first paragraph from Wednesday.)</p>
<p>The Slovak Finance Ministry on Monday said it will auction an unspecified tranche of one- year state bonds on Tuesday.</p>
<p>The ministry said the bonds will have a fixed annual coupon of 10.00 percent and that no limit price has been set on bids.</p>
<p>Marian Horvath, head of the ministry's State Assets and Liabilities Department, told Reuters the ministry would welcome bids with yields as close as possible to the coupon.</p>
<p>But, he added, that &quot;this now seemed unrealistic, due to the interbank market situation&quot;.</p>
<p>He would not disclose at what level the ministry would accept bids. Slovak interbank money market rates with longer maturities have been hovering at around 16 to 18 percent over the past few weeks.</p>
<p>In the last successful auction of one year state bonds on February 25, the ministry accepted bids worth 1.11 billion crowns, with the average yield at 14.66 percent.</p>
<p>-- Peter Laca, Bratislava Newsreoom, 421-7-521-8402</p>
</text>
<copyright>(c) Reuters Limited 1997</copyright>
<metadata>
<codes class="bip:countries:1.0">
  <code code="SLVAK">
    <editdetail attribution="Reuters BIP Coding Group" action="confirmed" date="1997-03-24"/>
  </code>
</codes>
<codes class="bip:topics:1.0">
  <code code="M12">
    <editdetail attribution="Reuters BIP Coding Group" action="confirmed" date="1997-03-24"/>
  </code>
  <code code="MCAT">
    <editdetail attribution="Reuters BIP Coding Group" action="confirmed" date="1997-03-24"/>
  </code>
</codes>
<dc element="dc.date.created" value="1997-03-24"/>
<dc element="dc.publisher" value="Reuters Holdings Plc"/>
<dc element="dc.date.published" value="1997-03-24"/>
<dc element="dc.source" value="Reuters"/>
<dc element="dc.creator.location" value="BRATISLAVA"/>
<dc element="dc.creator.location.country.name" value="SLOVAKIA"/>
<dc element="dc.source" value="Reuters"/>
</metadata>
</newsitem>
