<?xml version="1.0" encoding="iso-8859-1" ?>
<newsitem itemid="462558" id="root" date="1997-03-24" xml:lang="en">
<title>LATVIA: ALDARIS HITS ALL-TIME SALES HIGH IN 1996.</title>
<headline>ALDARIS HITS ALL-TIME SALES HIGH IN 1996.</headline>
<dateline>RIGA 1997-03-24</dateline>
<text>
<p>Aldaris, largest Latvia's brewery, said it registered 2.381 million lats of net profit in 1996 versus 2.170 million lats in 1995 and reached an all-time high in sales of 39.4 million litres of beer.</p>
<p>Aldaris, like Saku in Estonia and Kalnapilis in Lithuania, is owned by Baltic Beverages, itself owned by Hartwall and Nordic brewer Pripps.</p>
<p>&quot;For 1997, the shareholders' meeting approved figures not lower than those of last year,&quot; Vitalii Gavrilov, the brewery's president, told a news conference late on Friday.</p>
<p>&quot;Profits perhaps will be higher than last year's,&quot; he added.</p>
<p>Aldaris' market share increased by four percent to 57 percent in Latvia during 1996, including imported produce, while per capita beer consumption slipped to 27 litres from 31 litres.</p>
<p>Aldaris last year re-entered the non-alcocholic drinks market by launching mineral water Vichy in April and sees profits in the growing mineral water market in 1997.</p>
<p>It plans more investment in this area by June.</p>
<p>&quot;There is a definite need for quality mineral water. We have already sold 1.5 times more than budgeted in 1997. We hope to earn on our mineral water,&quot; Gavrilov said.</p>
<p>Gavrilov confirmed Aldaris' intentions to become a public company but said it was a matter of time.</p>
<p>He said that Aldaris' operations still had too much of a seasonal character, which might hit the share price.</p>
<p>Aldaris will pay a 10 lat dividend for 1996 versus 5.70 lats in 1995.</p>
<p>Aldaris said it was the second largest brewer in the Baltics after Lithiania'sUtenos, which registered 39.45 million litres of sales.</p>
<p>-- Martinsh Gravitis, Riga Newsroom, 371 721 5240</p>
</text>
<copyright>(c) Reuters Limited 1997</copyright>
<metadata>
<codes class="bip:countries:1.0">
  <code code="LATV">
    <editdetail attribution="Reuters BIP Coding Group" action="confirmed" date="1997-03-24"/>
  </code>
</codes>
<codes class="bip:industries:1.0">
  <code code="I42700">
    <editdetail attribution="Reuters BIP Coding Group" action="confirmed" date="1997-03-24"/>
  </code>
</codes>
<codes class="bip:topics:1.0">
  <code code="C15">
    <editdetail attribution="Reuters BIP Coding Group" action="confirmed" date="1997-03-24"/>
  </code>
  <code code="C151">
    <editdetail attribution="Reuters BIP Coding Group" action="confirmed" date="1997-03-24"/>
  </code>
  <code code="C1511">
    <editdetail attribution="Reuters BIP Coding Group" action="confirmed" date="1997-03-24"/>
  </code>
  <code code="CCAT">
    <editdetail attribution="Reuters BIP Coding Group" action="confirmed" date="1997-03-24"/>
  </code>
</codes>
<dc element="dc.date.created" value="1997-03-24"/>
<dc element="dc.publisher" value="Reuters Holdings Plc"/>
<dc element="dc.date.published" value="1997-03-24"/>
<dc element="dc.source" value="Reuters"/>
<dc element="dc.creator.location" value="RIGA"/>
<dc element="dc.creator.location.country.name" value="LATVIA"/>
<dc element="dc.source" value="Reuters"/>
</metadata>
</newsitem>
