<?xml version="1.0" encoding="iso-8859-1" ?>
<newsitem itemid="462588" id="root" date="1997-03-24" xml:lang="en">
<title>UK: New Parkinson's drug makes old one work better.</title>
<headline>New Parkinson's drug makes old one work better.</headline>
<dateline>LONDON 1997-03-24</dateline>
<text>
<p>Drugs that help standard Parkinson's treatments work better may be the next line in treating patients with the debilitating brain illness, delegates told a conference on Monday.</p>
<p>Finnish drug leader Orion's Entacapone showed significant results with few side-effects when given with standard levodopa treatment, they told the 12th International Symposium on Parkinson's Disease in London.</p>
<p>Entacapone is a member of a class of drugs known as cathechol-O-methytransferase (COMT) inhibitors, which make more levodopa available in the body.</p>
<p>Levodopa, the standard Parkinson's treatment, only works well for about five years. After that it starts to wear off.</p>
<p>&quot;This problem is clinically great because levodopa still today constitutes the core of therapy in Parkinson's disease,&quot; Dr Urpo Rinne, a neurologist at the University of Turku in Finland, told the conference.</p>
<p>Parkinson's, which causes tremors, progressive debilitation and sometimes dementia, is characterised by a lack of dopamine in the brain. Levodopa helps replenish it.</p>
<p>&quot;COMT inhibition seems to be the next clinically significant improvement of levodopa treatment in Parkinson's disease,&quot; Rinne told the conference.</p>
<p>Dr Heikki Teravainen and colleagues at the University of Helsinki tested 15 patients and found entacapone improved clinical response.</p>
<p>Rinne's group, working with Orion, tested 21 Parkinson's patients and found entacapone increased availability of levodopa in the blood by 23 percent and improved response to the drug as measured by standard tests.</p>
<p>&quot;For the time being, COMT inhibitors are one of the most important advances in the development of levodopa therapy for Parkinson patients,&quot; Rinne told the conference.</p>
<p>Parkinson's is the second most common neurodegenerative disorder after Alzheimer's, afflicting about one percent of all people over 50.</p>
</text>
<copyright>(c) Reuters Limited 1997</copyright>
<metadata>
<codes class="bip:countries:1.0">
  <code code="FIN">
    <editdetail attribution="Reuters BIP Coding Group" action="confirmed" date="1997-03-24"/>
  </code>
  <code code="UK">
    <editdetail attribution="Reuters BIP Coding Group" action="confirmed" date="1997-03-24"/>
  </code>
</codes>
<codes class="bip:industries:1.0">
  <code code="I25700">
    <editdetail attribution="Reuters BIP Coding Group" action="confirmed" date="1997-03-24"/>
  </code>
</codes>
<codes class="bip:topics:1.0">
  <code code="C22">
    <editdetail attribution="Reuters BIP Coding Group" action="confirmed" date="1997-03-24"/>
  </code>
  <code code="C23">
    <editdetail attribution="Reuters BIP Coding Group" action="confirmed" date="1997-03-24"/>
  </code>
  <code code="CCAT">
    <editdetail attribution="Reuters BIP Coding Group" action="confirmed" date="1997-03-24"/>
  </code>
  <code code="GCAT">
    <editdetail attribution="Reuters BIP Coding Group" action="confirmed" date="1997-03-24"/>
  </code>
  <code code="GHEA">
    <editdetail attribution="Reuters BIP Coding Group" action="confirmed" date="1997-03-24"/>
  </code>
</codes>
<dc element="dc.date.created" value="1997-03-24"/>
<dc element="dc.publisher" value="Reuters Holdings Plc"/>
<dc element="dc.date.published" value="1997-03-24"/>
<dc element="dc.source" value="Reuters"/>
<dc element="dc.creator.location" value="LONDON"/>
<dc element="dc.creator.location.country.name" value="UK"/>
<dc element="dc.source" value="Reuters"/>
</metadata>
</newsitem>
