<?xml version="1.0" encoding="iso-8859-1" ?>
<newsitem itemid="462507" id="root" date="1997-03-24" xml:lang="en">
<title>CZECH REPUBLIC: INDICATORS - CZECH REPUBLIC - UPDATED MARCH 24.</title>
<headline>INDICATORS - CZECH REPUBLIC - UPDATED MARCH 24.</headline>
<text>
<p>KEY INTEREST RATES	   DISCOUNT		 LOMBARD</p>
<p> rate				10.5 pct		14.0 pct</p>
<p> last changed		June 20, 1996	 June 20, 1996</p>
<p> former rate		     9.5 pct		 12.5 pct</p>
<p> CZECH GDP (in pct)		Q4 96   Q3 96  FY 96    FY 95</p>
<p>  real change yr/yr		+4.7     3.6    +4.4     +4.8</p>
<p>  household demand		 +7.6     5.2    +6.0     +6.4</p>
<p>  public-sector demand	   +4.2     2.9    +1.9     -4.3</p>
<p>gross creation/</p>
<p>   fixed capital		   +2.8    17.8   +12.4    +16.1</p>
<p>  chg stock/reserves		n/a    n/a     n/a	n/a</p>
<p>  exports goods/services	 +6.8    +6.1    +5.3     +7.9</p>
<p>  imports goods/services	 +9.7   +21.8   +13.3    +19.2</p>
<p> CZECH GDP (in CZK bln)	   Q4 96	  Q1-Q4 96</p>
<p>  real amount			 298.0	 1,186.6</p>
<p>  household demand		  198.5	   695.2</p>
<p>  public-sector demand	     64.1	   221.6</p>
<p>  gross creation/ fixed capital 146.0	   402.2</p>
<p>  chg stock/reserves		-74.5	    -6.3</p>
<p>  exports goods/services	  197.0	   725.1</p>
<p>  imports goods/services	  233.1	   851.2</p>
<p>Note. All figures are subject to revision. All results</p>
<p>measure percentage change for period, year-on-year, except</p>
<p>where listed as being in crowns. All percentage changes, and</p>
<p>total amount listed in real, inflation adjusted terms.</p>
<p>The CSU said in a statement that it had revised upwards it</p>
<p>second quarter 1996 figure to 4.6 percent from 4.0 percent</p>
<p>growth.</p>
<p>  REVISED 1995 CZECH GDP	 Q1    Q2	Q3     Q4     1995</p>
<p>  NOMINAL (in CZK bln)	288.9  310.8   327.1  325.3 1,252.1</p>
<p>  REAL			    272.2  283.6   296.6  284.6 1,137.0</p>
<p>Note. Above inflation adjusted figures use new methodology</p>
<p>with 1994 prices as the base. Deflator used for 1995 real GDP</p>
<p>results was 10.1 percent, compared with 7.9 percent for the</p>
<p>first quarter and 9.1 percent for the second quarter 1996.</p>
<p>				    FY 1996    Q1-Q3/96     FY 1995</p>
<p> CURRENT ACCOUNT ($ mln)   -4,475.8    -3,082.7    -1,588.5</p>
<p>   Trade Balance	     -5,971.8    -4,118.4    -3,955.6</p>
<p>     -exports		  21,702.5    16,061.9    14,916.5</p>
<p>     -imports		  27,674.3    20,180.3    18,872.1</p>
<p>   Balance of Services	1,785.0     1,129.1     1,852.2</p>
<p>     revenues		   7,951.5     5,540.3     6,180.0</p>
<p>	transport		 1,320.7	 951.6     1,445.8</p>
<p>	tourism		   4,075.2     2,796.9     2,875.0</p>
<p>	other services	  2,555.6     1,791.8     1,859.2</p>
<p>     expenditure		6,166.5     4,411.2     4,327.8</p>
<p>	transport		   696.5	 506.8	 773.8</p>
<p>	tourism		   2,953.4     2,025.3     1,630.0</p>
<p>	other services	  2,516.6     1,879.1     1,924.0</p>
<p>   Balance of income	   -679.9	-483.1	 -94.5</p>
<p>	credit		    1,198.2	 895.0     1,145.3</p>
<p>	debit		     1,878.1     1,378.1     1,239.8</p>
<p>   Unrequitted transfers	390.0	 389.7	 609.4</p>
<p> CAPITAL ACCOUNT		4,071.7     2,023.2     7,686.8</p>
<p>   Direct investment	  1,387.9	 946.6     2,526.1</p>
<p>    Czech invest. abroad	-40.5	 -25.8	 -32.4</p>
<p>    Foreign invest in CR    1,428.4	 972.4     2,558.5</p>
<p>   Portfolio investment	 725.5	 413.4     1,619.1</p>
<p>   Other Capital		1,958.3	 663.2     3,545.6</p>
<p>	 long-term		2,500.5     1,565.1     3,312.7</p>
<p>	  assets		   -523.6	 -64.5	   0.7</p>
<p>	  liabilities	   3,248.8     1,629.6     3,313.4</p>
<p>	 short-term		-757.9	-901.9	 232.9</p>
<p>Errors, ommissions and</p>
<p> exchange rate differences   -423.9	 261.6     1,359.8</p>
<p>Change in foreign exchange</p>
<p> reserves			   828.0	 797.9    -7,458.1</p>
<p>Note. All results are preliminary and subject to revision.</p>
<p> CZECH FOREIGN EXCHANGE RESERVES  JAN 1997   DEC 1997  JAN 1996</p>
<p>  Czech National Bank ($ bln)	11.997    12.435     13.500</p>
<p>  commercial banks			3.181     3.637	2.900</p>
<p>  total forex reserves		 15.178    16.072     16.400</p>
<p>Note. Measures through end of period listed.</p>
<p> CZECH CONSUMER INFLATION	  Feb 97    Jan 97   Feb 96</p>
<p>  pct change month/month	    +0.3     +1.2	+0.5</p>
<p>  pct change year/year		+7.3     +7.4	+8.6</p>
<p> FEB CPI BASKET COMPONENTS	  CHANGE MO/MO     CHANGE YR/YR</p>
<p> food, tobacco, beverages	     0.0  (1.3)	 5.5  (6.0)</p>
<p> clothing				   0.4  (0.3)	 8.8  (9.2)</p>
<p> housing				    0.4  (1.3)	13.4 (13.4)</p>
<p> furnishing/household operations    0.9  (0.2)	 3.8  (3.4)</p>
<p> healthcare				 0.1  (0.4)	 2.4  (2.4)</p>
<p> transport				  0.3  (3.6)	 9.3  (9.2)</p>
<p> leisure				    0.7  (0.7)	 4.4  (4.2)</p>
<p> education				  0.5  (2.0)	10.4 (10.8)</p>
<p> public subsistence/housing	   0.6  (0.4)	 5.8  (5.8)</p>
<p> other goods and services	     0.7  (0.5)	 7.3  (7.0)</p>
<p>Note. January basket component changes in brackets. All</p>
<p>changes are rises except where stated. Prices have risen 24.1</p>
<p>percent from the average level for 1994 while the sliding</p>
<p>average in February using a 1993 base was 8.6 percent. Basket</p>
<p>of goods and services is unchanged from 1995.</p>
<p> CZECH PRODUCER PRICES   FEB 1997    JAN 1997    FEB 1996</p>
<p>Industrial</p>
<p>  pct change month/month   +0.5	  +1.4	  +0.8</p>
<p>  pct change year/year     +4.2	  +4.5	  +5.7</p>
<p>Construction prices</p>
<p>  pct change month/month   +1.0	  +1.2	  +2.1</p>
<p>  pct change year/year    +10.1	 +10.1	 +13.1</p>
<p>Agricultural prices</p>
<p>  pct change month/month    n/a	   n/a	   n/a</p>
<p>  pct change year/year     +4.9	  +5.4	  +2.2</p>
<p> CZECH UNEMPLOYMENT	  FEB 1997    JAN 1997    FEB 1996</p>
<p> total jobless		 206,658     205,185     163,982</p>
<p> percentage of workforce    4.1	    4.0	   3.1</p>
<p>Note. Measures through end of period listed.</p>
<p> CZECH FOREIGN TRADE     JAN 97     JAN-DEC 96    JAN 96</p>
<p>  imports (CZK bln)	60.042	755.278	55.484</p>
<p>  exports		    46.445	594.952	47.625</p>
<p>  balance		   -13.597     -160.326	-7.859</p>
<p>Note. All figures in billions of crowns on customs-cleared</p>
<p>basis and subject to revision. Previously reported figures in</p>
<p>brackets.</p>
<p> CZECH M2 MONEY	  DEC 1996     NOV 1996     DEC 1995</p>
<p>pct change yr/yr</p>
<p>    including SPT*	+7.8	   +9.7	   +20.2</p>
<p>    excluding SPT	 +9.2	  +11.3	   +16.3</p>
<p>* Includes domestic deposits connected to the $1.32 billion</p>
<p>equity expansion of SPT Telecom a.s. in the summer of 1995.</p>
<p> INDUSTRIAL OUTPUT	 JAN/97     DEC/96  JAN/96</p>
<p>  pct change yr/yr	  -3.9*	+1.5    +12.0</p>
<p>NOMINAL INDUSTRIAL MONTHLY WAGES</p>
<p>  pct change yr/yr	 +14.4	+21.1    +19.9</p>
<p>INDUSTRIAL SALES</p>
<p>  real pct chg yr/yr	-0.2	  n/a	n/a</p>
<p>REAL INDEX OF IND WAGES</p>
<p>  real chg yr/yr	     +6.5    +11.5     +10.0</p>
<p> CONSTRUCTION OUTPUT    JAN/96   DEC/96   JAN/96</p>
<p>   real pct chg yr/yr   -18.6     -5.7    + 5.3</p>
<p>avg nominal monthly</p>
<p>   wages chg yr/yr	 10.1	8.9    +18.4</p>
<p>NOTE. The CSU said in a statement that it had changed its</p>
<p>methodology for calculating industrial production.</p>
<p> CZECH REAL RETAIL SALES	 JAN 97   DEC 96   JAN 96</p>
<p>  pct change yr/yr		   -2.3    +12.5    +9.4</p>
<p>CZECH REAL INTERNAL TRADE</p>
<p>  pct change yr/yr		   -1.4    +11.2     n/a</p>
<p>-- Prague Newsroom, 42-2-2423-0003</p>
</text>
<copyright>(c) Reuters Limited 1997</copyright>
<metadata>
<codes class="bip:countries:1.0">
  <code code="CZREP">
    <editdetail attribution="Reuters BIP Coding Group" action="confirmed" date="1997-03-24"/>
  </code>
</codes>
<codes class="bip:topics:1.0">
  <code code="E71">
    <editdetail attribution="Reuters BIP Coding Group" action="confirmed" date="1997-03-24"/>
  </code>
  <code code="ECAT">
    <editdetail attribution="Reuters BIP Coding Group" action="confirmed" date="1997-03-24"/>
  </code>
</codes>
<dc element="dc.publisher" value="Reuters Holdings Plc"/>
<dc element="dc.date.published" value="1997-03-24"/>
<dc element="dc.source" value="Reuters"/>
<dc element="dc.creator.location.country.name" value="CZECH REPUBLIC"/>
<dc element="dc.source" value="Reuters"/>
</metadata>
</newsitem>
