<?xml version="1.0" encoding="iso-8859-1" ?>
<newsitem itemid="462548" id="root" date="1997-03-24" xml:lang="en">
<title>HUNGARY: HUNGARY FARMERS TO HINDER BORDER CROSSINGS.</title>
<headline>HUNGARY FARMERS TO HINDER BORDER CROSSINGS.</headline>
<dateline>BUDAPEST 1997-03-24</dateline>
<text>
<p>Hungarian farmers' union METESZ said on Monday they plan to obstruct but not block traffic at six border crossings on Wednesday.</p>
<p>&quot;At least several hundred cars will take part in the protest,&quot; METESZ leader Gyula Kosa told Reuters.</p>
<p>Farmers plan to slow down traffic by blocking one lane and will attempt to hinder traffic at frontiers with all neighbouring countries except Croatia by repeatedly crossing the border with their cars.</p>
<p>Kosa said two smaller unions have joined their protest.</p>
<p>The Kiskoros farmers have organised nationwide protests for the last month against the government's 1997 income and social security tax increases for individual farmers.</p>
<p>Last Monday they sent an ultimatum to the government threatening to block border crossings and roads to Budapest unless a demand for unconditional tax relief for farmers earning less than 1.5 million forints ($8,500) a year was met.</p>
<p>Interior Minister Gabor Kuncze warned the farmers that police would prevent METESZ from carrying out its threat.</p>
<p>Kosa said other farmers' unions which were &quot;playing into the government's hands&quot; did not join their action.</p>
<p>In a Sunday statement, METESZ described the Socialist-led government's farming programme as  &quot;the ruthlessly exploitative economic policy pursued by the anti-national liberal-Bolshevist government.&quot;</p>
<p>Government leaders attacked the statement on Sunday as political in tone.</p>
<p>Kosa said no government official had contacted them since METESZ issued its call for Wednesday's border obstructions.</p>
<p>METESZ is one of the smaller but more radical of Hungary's almost thirty farmers' unions which which have so far failed to establish a common stance over land ownership, distribution of subsidies and farming taxation.</p>
</text>
<copyright>(c) Reuters Limited 1997</copyright>
<metadata>
<codes class="bip:countries:1.0">
  <code code="HUNG">
    <editdetail attribution="Reuters BIP Coding Group" action="confirmed" date="1997-03-24"/>
  </code>
</codes>
<codes class="bip:industries:1.0">
  <code code="I01000">
    <editdetail attribution="Reuters BIP Coding Group" action="confirmed" date="1997-03-24"/>
  </code>
</codes>
<codes class="bip:topics:1.0">
  <code code="C13">
    <editdetail attribution="Reuters BIP Coding Group" action="confirmed" date="1997-03-24"/>
  </code>
  <code code="C42">
    <editdetail attribution="Reuters BIP Coding Group" action="confirmed" date="1997-03-24"/>
  </code>
  <code code="CCAT">
    <editdetail attribution="Reuters BIP Coding Group" action="confirmed" date="1997-03-24"/>
  </code>
  <code code="E41">
    <editdetail attribution="Reuters BIP Coding Group" action="confirmed" date="1997-03-24"/>
  </code>
  <code code="ECAT">
    <editdetail attribution="Reuters BIP Coding Group" action="confirmed" date="1997-03-24"/>
  </code>
  <code code="GCAT">
    <editdetail attribution="Reuters BIP Coding Group" action="confirmed" date="1997-03-24"/>
  </code>
  <code code="GJOB">
    <editdetail attribution="Reuters BIP Coding Group" action="confirmed" date="1997-03-24"/>
  </code>
  <code code="GPOL">
    <editdetail attribution="Reuters BIP Coding Group" action="confirmed" date="1997-03-24"/>
  </code>
  <code code="GVIO">
    <editdetail attribution="Reuters BIP Coding Group" action="confirmed" date="1997-03-24"/>
  </code>
</codes>
<dc element="dc.date.created" value="1997-03-24"/>
<dc element="dc.publisher" value="Reuters Holdings Plc"/>
<dc element="dc.date.published" value="1997-03-24"/>
<dc element="dc.source" value="Reuters"/>
<dc element="dc.creator.location" value="BUDAPEST"/>
<dc element="dc.creator.location.country.name" value="HUNGARY"/>
<dc element="dc.source" value="Reuters"/>
</metadata>
</newsitem>
