<?xml version="1.0" encoding="iso-8859-1" ?>
<newsitem itemid="462556" id="root" date="1997-03-24" xml:lang="en">
<title>LITHUANIA: CONSERVATIVES RETAIN GRIP ON LOCAL GOVERNMENT.</title>
<headline>CONSERVATIVES RETAIN GRIP ON LOCAL GOVERNMENT.</headline>
<dateline>VILNIUS 1997-03-24</dateline>
<text>
<p>Lithuania's Homeland Union, or Conservative Party, retained its grip on municipal government with a convincing victory in Sunday's local elections, the election commission said on Monday.</p>
<p>Preliminary results showed the Conservatives garnered 34 percent of the vote compared with 28 percent two years ago, the country's election commissioner Zenonas Vaigauskas told a news conference.</p>
<p>Like the parliamentary elections last fall which brought the Conservatives to power at the national level, Sunday's poll was characterised by voter apathy, with only 39.92 percent of eligible voters casting ballots.</p>
<p>The Lithuanian Democratic Labour Party (LDDP), trounced at the parliamentary level last fall, was a surprise second with 15 percent of the vote, compared with 19.6 percent in 1995.</p>
<p>The Christian Democrats saw their share of the local vote fall to 13 percent from 16 percent two years ago.</p>
<p>The Social Democrats and Centre Union each got nine percent of the vote while the Farmers' Party took six percent.</p>
<p>With firm control at both the national and local levels of government, the Conservatives should be able to pursue their agenda, which includes increasing the pace of privatisation and decentralising the energy sector.</p>
<p>But Vaigauskas said that they would likely have to form a coalition, like they did with the Christian Democrats at the national level.</p>
<p>&quot;With one-third of the vote, the Conservatives will probably need to build a coalition,&quot; he said.</p>
<p>Eighteen of the 24 parties in Sunday's race secured seats.</p>
<p>--Andrius Vilkancas, Vilnius newsroom +370 2 22 35 17</p>
</text>
<copyright>(c) Reuters Limited 1997</copyright>
<metadata>
<codes class="bip:countries:1.0">
  <code code="LITH">
    <editdetail attribution="Reuters BIP Coding Group" action="confirmed" date="1997-03-24"/>
  </code>
</codes>
<codes class="bip:topics:1.0">
  <code code="GCAT">
    <editdetail attribution="Reuters BIP Coding Group" action="confirmed" date="1997-03-24"/>
  </code>
  <code code="GPOL">
    <editdetail attribution="Reuters BIP Coding Group" action="confirmed" date="1997-03-24"/>
  </code>
  <code code="GVOTE">
    <editdetail attribution="Reuters BIP Coding Group" action="confirmed" date="1997-03-24"/>
  </code>
</codes>
<dc element="dc.date.created" value="1997-03-24"/>
<dc element="dc.publisher" value="Reuters Holdings Plc"/>
<dc element="dc.date.published" value="1997-03-24"/>
<dc element="dc.source" value="Reuters"/>
<dc element="dc.creator.location" value="VILNIUS"/>
<dc element="dc.creator.location.country.name" value="LITHUANIA"/>
<dc element="dc.source" value="Reuters"/>
</metadata>
</newsitem>
