<?xml version="1.0" encoding="iso-8859-1" ?>
<newsitem itemid="462524" id="root" date="1997-03-24" xml:lang="en">
<title>LITHUANIA: BOURSE OFFICIAL LIST TO START APRIL 7.</title>
<headline>BOURSE OFFICIAL LIST TO START APRIL 7.</headline>
<dateline>VILNIUS 1997-03-24</dateline>
<text>
<p>The Lithuanian stock exchange is to start trading its new official list of shares on April 7, stock exchange director general Rimantas Busila said on Monday.</p>
<p>&quot;Next Tuesday we (the stock exchange board) are planning to discuss the candidate list to the official trading list and we plan that the trade will start on April 7,&quot; Busila told Reuters.</p>
<p>He said that four applications to be included on the list have already been received from Vilnius and Hermis banks and the Rokishkis Cheese and Medienos Plaushas companies.</p>
<p>&quot;It is a new list where only the most reliable companies in the country will be included, companies which have a good name on the market, companies whose financial reports are stably growing and the market share fluctuates only slightly,&quot; he added.</p>
<p>Lithuania currently has the LITIN A list as it main list and the LITIN B list as a secondary list.</p>
<p>The stock exchange wants to boost trade on the market, which is seen as less liquid than its Baltic neighbours Latvia and Estonia.</p>
<p>-- Andrius Vilkancas, Vilnius Newsroom +370 2 223 517</p>
</text>
<copyright>(c) Reuters Limited 1997</copyright>
<metadata>
<codes class="bip:countries:1.0">
  <code code="LITH">
    <editdetail attribution="Reuters BIP Coding Group" action="confirmed" date="1997-03-24"/>
  </code>
</codes>
<codes class="bip:industries:1.0">
  <code code="I41300">
    <editdetail attribution="Reuters BIP Coding Group" action="confirmed" date="1997-03-24"/>
  </code>
  <code code="I47200">
    <editdetail attribution="Reuters BIP Coding Group" action="confirmed" date="1997-03-24"/>
  </code>
  <code code="I81402">
    <editdetail attribution="Reuters BIP Coding Group" action="confirmed" date="1997-03-24"/>
  </code>
</codes>
<codes class="bip:topics:1.0">
  <code code="C14">
    <editdetail attribution="Reuters BIP Coding Group" action="confirmed" date="1997-03-24"/>
  </code>
  <code code="CCAT">
    <editdetail attribution="Reuters BIP Coding Group" action="confirmed" date="1997-03-24"/>
  </code>
  <code code="M11">
    <editdetail attribution="Reuters BIP Coding Group" action="confirmed" date="1997-03-24"/>
  </code>
  <code code="MCAT">
    <editdetail attribution="Reuters BIP Coding Group" action="confirmed" date="1997-03-24"/>
  </code>
</codes>
<dc element="dc.date.created" value="1997-03-24"/>
<dc element="dc.publisher" value="Reuters Holdings Plc"/>
<dc element="dc.date.published" value="1997-03-24"/>
<dc element="dc.source" value="Reuters"/>
<dc element="dc.creator.location" value="VILNIUS"/>
<dc element="dc.creator.location.country.name" value="LITHUANIA"/>
<dc element="dc.source" value="Reuters"/>
</metadata>
</newsitem>
