<?xml version="1.0" encoding="iso-8859-1" ?>
<newsitem itemid="462596" id="root" date="1997-03-24" xml:lang="en">
<title>UK: LIFFE cocoa ends sharply lower but support holds.</title>
<headline>LIFFE cocoa ends sharply lower but support holds.</headline>
<dateline>LONDON 1997-03-24</dateline>
<text>
<p>London cocoa futures ended sharply lower in Monday's thin dealings but the benchmark May contract found support below 1,000 stg.</p>
<p>The losses of 13 stg on May to 1,005 stg per tonne, however, left the market vulnerable to a new assault to fill a crucial chart gap between 989-982 stg, traders said. Analysts reckon failure to hold this level may trigger a sell-off.</p>
<p>&quot;I think New York sentiment seems to be that the market will go down to $1,395 and the London sentiment is that it will fill the gap at 982 sterling,&quot; said one trader.</p>
<p>&quot;I think the market will continue to come down, backing and filling, and it will go up again,&quot; he added.</p>
<p>May bounced off an intraday low of 996 stg but stayed in negative territory throughout the session with sterling's gains against the dollar weighing on London prices. The day's main sellers were said to be Cargill, Credit Lyonnais Rouse and Sucden.</p>
<p>&quot;It's dropped down 18 pounds on the day. It's not too unexpected to find some friendly interest,&quot; said the trader. He said the selling included long liquidation by some short-term funds and possibly origins.</p>
<p>Turnover was a slim 3,891 lots, suggesting that the market has not yet shaken off its consolidative mood after last week's spike to 1,048 basis May.</p>
<p>As May edged closer to the gap, traders were on alert for fundamental developments that could steer the market. Some players were looking for a change in the so-far gloomy fundamental picture to prop the market up again.</p>
<p>&quot;If it holds there's still a chance the market can push higher,&quot; said Adrian Haylor, technical analyst of Sucden. &quot;If it gets filled, it's a signal of the end off this whole bull move.&quot;</p>
<p>One critical factor is the Ivorian midcrop, which could come in lower this year due to weather problems. But analysts in Abidjan said the midcrop was likely to exceed 100,000 tonnes and could even surpass 160,000.</p>
<p>-- Clelia Oziel, London Newsroom +44-171-542 8072</p>
</text>
<copyright>(c) Reuters Limited 1997</copyright>
<metadata>
<codes class="bip:countries:1.0">
  <code code="UK">
    <editdetail attribution="Reuters BIP Coding Group" action="confirmed" date="1997-03-24"/>
  </code>
</codes>
<codes class="bip:topics:1.0">
  <code code="M14">
    <editdetail attribution="Reuters BIP Coding Group" action="confirmed" date="1997-03-24"/>
  </code>
  <code code="M141">
    <editdetail attribution="Reuters BIP Coding Group" action="confirmed" date="1997-03-24"/>
  </code>
  <code code="MCAT">
    <editdetail attribution="Reuters BIP Coding Group" action="confirmed" date="1997-03-24"/>
  </code>
</codes>
<dc element="dc.date.created" value="1997-03-24"/>
<dc element="dc.publisher" value="Reuters Holdings Plc"/>
<dc element="dc.date.published" value="1997-03-24"/>
<dc element="dc.source" value="Reuters"/>
<dc element="dc.creator.location" value="LONDON"/>
<dc element="dc.creator.location.country.name" value="UK"/>
<dc element="dc.source" value="Reuters"/>
</metadata>
</newsitem>
