<?xml version="1.0" encoding="iso-8859-1" ?>
<newsitem itemid="462570" id="root" date="1997-03-24" xml:lang="en">
<title>UK: Oil prices fall despite cut in Nigerian output.</title>
<headline>Oil prices fall despite cut in Nigerian output.</headline>
<dateline>LONDON 1997-03-24</dateline>
<text>
<p>Oil prices fell on Monday as sluggish demand for physical barrels eclipsed the potentially bullish loss of some Nigerian crude oil output, dealers said.</p>
<p>They attributed crude oil's weakness to a relative lack of buying interest for crude oil in the key refining regions of Singapore, the United States and Northwest Europe.</p>
<p>London futures for North Sea benchmark Brent blend closed 40 cents down at $19.58 a barrel.</p>
<p>Sluggish fundamentals discouraged any knee-jerk reactions to the Nigerian news among futures traders.</p>
<p>&quot;It may be difficult to look for a recovery in oil prices until we're able to clear out the physical overhang we're seeing in North Sea markets,&quot; said Smith Barney analyst Mari Buglass.</p>
<p>&quot;One might have expected some notional support from the Nigeria news to buoy futures prices, but we really haven't seen it,&quot; Buglass added.</p>
<p>Anglo-Dutch oil giant Royal Dutch/Shell said on Monday it had been dragged into a dispute between villagers in Nigeria's oil rich Niger Delta region and 126 of its staff and contractors, all Nigerians, had been detained.</p>
<p>Villagers on Monday agreed to release six of the detained staff who had been injured, Shell said.</p>
<p>The occupation of six pumping stations in the oil-rich region by villagers forced Shell to shut in some 100,000 barrels per day (bpd) of crude oil production, equivalent to about 10 percent of its Nigerian output.</p>
<p>Shell said exports and deliveries to refineries in Nigeria had not been affected and would continue as normal for the foreseeable future.</p>
<p>&quot;This will not affect exports for the remainder of this month,&quot; a Shell official said.</p>
<p>Nigeria, with a crude oil output of about 2.15 million bpd, is the fifth biggest producer in the Organisation of the Petroleum Exporting Countries (OPEC). Shell pumps about half.</p>
<p>Brokers attributed Monday's sliding oil price to a growing congregation of unsold cargoes in the North Sea as seasonal refinery maintenance curtailed regional crude needs and transatlantic trade opportunities failed to provide a viable outlet.</p>
<p>European markets continued to look to the U.S. gasoline market for support, but questions surrounding the demand forecast for the all-important U.S. driving season left traders on the New York Mercantile Exchange (NYMEX) less than exuberant about short-term prospects.</p>
<p>&quot;U.S. gasoline has been looming in the wings for a  while. The question is when it will kick in to lend support,&quot; said one trader.</p>
<p>Crude oil prices in dollars per barrel:</p>
<p>						 Mar 24   Mar 21</p>
<p>						 (close) (close)</p>
<p>    Dated Brent			    $18.93   $19.23</p>
<p>    IPE London Brent futures  (May)  $19.58   $20.00</p>
<p>    NYMEX light crude futures (May)  $21.02   $21.52</p>
<p>-- Peter Lardner, London Newsroom +44 171 542 8978</p>
</text>
<copyright>(c) Reuters Limited 1997</copyright>
<metadata>
<codes class="bip:countries:1.0">
  <code code="UK">
    <editdetail attribution="Reuters BIP Coding Group" action="confirmed" date="1997-03-24"/>
  </code>
</codes>
<codes class="bip:topics:1.0">
  <code code="M14">
    <editdetail attribution="Reuters BIP Coding Group" action="confirmed" date="1997-03-24"/>
  </code>
  <code code="M143">
    <editdetail attribution="Reuters BIP Coding Group" action="confirmed" date="1997-03-24"/>
  </code>
  <code code="MCAT">
    <editdetail attribution="Reuters BIP Coding Group" action="confirmed" date="1997-03-24"/>
  </code>
</codes>
<dc element="dc.date.created" value="1997-03-24"/>
<dc element="dc.publisher" value="Reuters Holdings Plc"/>
<dc element="dc.date.published" value="1997-03-24"/>
<dc element="dc.source" value="Reuters"/>
<dc element="dc.creator.location" value="LONDON"/>
<dc element="dc.creator.location.country.name" value="UK"/>
<dc element="dc.source" value="Reuters"/>
</metadata>
</newsitem>
