<?xml version="1.0" encoding="iso-8859-1" ?>
<newsitem itemid="462525" id="root" date="1997-03-24" xml:lang="en">
<title>ESTONIA: TALLINNA FARMA TO HOLD BACK SOME OF PROFIT.</title>
<headline>TALLINNA FARMA TO HOLD BACK SOME OF PROFIT.</headline>
<dateline>TALLINN 1997-03-24</dateline>
<text>
<p>Tallinna Farma, Estonia's only listed pharmaceuticials company, said on Monday that it will prospose to its shareholders to hold back some 23 million kroons of 1996's 29.6 million kroon profit.</p>
<p>In a statement Farma said that it will propose that 23 million kroons remains undistributed, 0.95 million kroons will be transferred to reserves and 6.7 million kroons wil be paid out as 1.5 kroons in dividends for every 10-kroon share held.</p>
<p>The company's audited balance sheet and results will be ready at the latest on April 2, the company said. It has already released unaudited 1996 figures.</p>
<p>-- David Mardiste, Tallinn newsroom +372 630 8400 reuters@reuters.ee</p>
</text>
<copyright>(c) Reuters Limited 1997</copyright>
<metadata>
<codes class="bip:countries:1.0">
  <code code="ESTNIA">
    <editdetail attribution="Reuters BIP Coding Group" action="confirmed" date="1997-03-24"/>
  </code>
</codes>
<codes class="bip:industries:1.0">
  <code code="I25700">
    <editdetail attribution="Reuters BIP Coding Group" action="confirmed" date="1997-03-24"/>
  </code>
</codes>
<codes class="bip:topics:1.0">
  <code code="C15">
    <editdetail attribution="Reuters BIP Coding Group" action="confirmed" date="1997-03-24"/>
  </code>
  <code code="C151">
    <editdetail attribution="Reuters BIP Coding Group" action="confirmed" date="1997-03-24"/>
  </code>
  <code code="CCAT">
    <editdetail attribution="Reuters BIP Coding Group" action="confirmed" date="1997-03-24"/>
  </code>
</codes>
<dc element="dc.date.created" value="1997-03-24"/>
<dc element="dc.publisher" value="Reuters Holdings Plc"/>
<dc element="dc.date.published" value="1997-03-24"/>
<dc element="dc.source" value="Reuters"/>
<dc element="dc.creator.location" value="TALLINN"/>
<dc element="dc.creator.location.country.name" value="ESTONIA"/>
<dc element="dc.source" value="Reuters"/>
</metadata>
</newsitem>
