<?xml version="1.0" encoding="iso-8859-1" ?>
<newsitem itemid="462563" id="root" date="1997-03-24" xml:lang="en">
<title>LATVIA: OLAINE PEAT ON OFFER FROM APRIL 14 - REPORT.</title>
<headline>OLAINE PEAT ON OFFER FROM APRIL 14 - REPORT.</headline>
<dateline>RIGA 1997-03-24</dateline>
<text>
<p>Olaine peat factory, just outside RIga, will have 20.5 percent of its basic capital sold in public offer, privatisation agency (LPA) officials were quoted by Diena Bizness newspaper as saying on Monday.</p>
<p>Some 246,00 shares, worth 1.2 million lats, will be sold for privatisation vouchers from April 14 until May 9.</p>
<p>The Mono company bought the controling stake in Olaine earlier in March for 612,00 lats. It has to pay 35 percent of the sum in cash during the next three years and the remainder in privatisation vouchers.</p>
<p>Olaine Peat registered 15,000 lats after-tax profit on turnover of 781,100 lats in 1996, LPA official Maris Paeglis is quoted as saying.</p>
<p>-- Martinsh Gravitis, Riga Newsroom, +371 721 5240</p>
</text>
<copyright>(c) Reuters Limited 1997</copyright>
<metadata>
<codes class="bip:countries:1.0">
  <code code="LATV">
    <editdetail attribution="Reuters BIP Coding Group" action="confirmed" date="1997-03-24"/>
  </code>
</codes>
<codes class="bip:industries:1.0">
  <code code="I23000">
    <editdetail attribution="Reuters BIP Coding Group" action="confirmed" date="1997-03-24"/>
  </code>
</codes>
<codes class="bip:topics:1.0">
  <code code="C17">
    <editdetail attribution="Reuters BIP Coding Group" action="confirmed" date="1997-03-24"/>
  </code>
  <code code="C171">
    <editdetail attribution="Reuters BIP Coding Group" action="confirmed" date="1997-03-24"/>
  </code>
  <code code="C18">
    <editdetail attribution="Reuters BIP Coding Group" action="confirmed" date="1997-03-24"/>
  </code>
  <code code="C183">
    <editdetail attribution="Reuters BIP Coding Group" action="confirmed" date="1997-03-24"/>
  </code>
  <code code="CCAT">
    <editdetail attribution="Reuters BIP Coding Group" action="confirmed" date="1997-03-24"/>
  </code>
</codes>
<dc element="dc.date.created" value="1997-03-24"/>
<dc element="dc.publisher" value="Reuters Holdings Plc"/>
<dc element="dc.date.published" value="1997-03-24"/>
<dc element="dc.source" value="Reuters"/>
<dc element="dc.creator.location" value="RIGA"/>
<dc element="dc.creator.location.country.name" value="LATVIA"/>
<dc element="dc.source" value="Reuters"/>
</metadata>
</newsitem>
