<?xml version="1.0" encoding="iso-8859-1" ?>
<newsitem itemid="462561" id="root" date="1997-03-24" xml:lang="en">
<title>LATVIA: CENTRAL BANK LAT FIXING FOR MARCH 25.</title>
<headline>CENTRAL BANK LAT FIXING FOR MARCH 25.</headline>
<dateline>RIGA 1997-03-24</dateline>
<text>
<p>The central bank set the following</p>
<p>currency fixings for the lat on Monday, which are valid for</p>
<p>March 25.</p>
<p>    USD	  0.580</p>
<p>    ATS	  0.0488</p>
<p>    AUD	  0.457</p>
<p>    BEF	  0.0166</p>
<p>    CAD	  0.421</p>
<p>    CHF	  0.397</p>
<p>    CZK	  0.0198</p>
<p>    DEM	  0.343</p>
<p>    DKK	  0.0901</p>
<p>    ECU	  0.666</p>
<p>    EEK	  0.0429</p>
<p>    100ESP     0.405</p>
<p>    FIM	  0.115</p>
<p>    FRF	  0.1018</p>
<p>    GBP	  0.931</p>
<p>    100HUF     0.328</p>
<p>    100ITL     0.0343</p>
<p>    100JPY     0.472</p>
<p>    KGS	  0.0331</p>
<p>    LTL	  0.145</p>
<p>    MDL	  0.125</p>
<p>    NLG	  0.305</p>
<p>    NOK	  0.0866</p>
<p>    PLN	  0.188</p>
<p>    1000RUR    0.1016</p>
<p>    SDR	  0.7997</p>
<p>    SEK	  0.0762</p>
<p>    SKK	  0.0175</p>
<p>    XAU	204.23</p>
<p>-- Riga Newsroom, +371 721 5240</p>
</text>
<copyright>(c) Reuters Limited 1997</copyright>
<metadata>
<codes class="bip:countries:1.0">
  <code code="LATV">
    <editdetail attribution="Reuters BIP Coding Group" action="confirmed" date="1997-03-24"/>
  </code>
</codes>
<codes class="bip:topics:1.0">
  <code code="M13">
    <editdetail attribution="Reuters BIP Coding Group" action="confirmed" date="1997-03-24"/>
  </code>
  <code code="M132">
    <editdetail attribution="Reuters BIP Coding Group" action="confirmed" date="1997-03-24"/>
  </code>
  <code code="MCAT">
    <editdetail attribution="Reuters BIP Coding Group" action="confirmed" date="1997-03-24"/>
  </code>
</codes>
<dc element="dc.date.created" value="1997-03-24"/>
<dc element="dc.publisher" value="Reuters Holdings Plc"/>
<dc element="dc.date.published" value="1997-03-24"/>
<dc element="dc.source" value="Reuters"/>
<dc element="dc.creator.location" value="RIGA"/>
<dc element="dc.creator.location.country.name" value="LATVIA"/>
<dc element="dc.source" value="Reuters"/>
</metadata>
</newsitem>
