<?xml version="1.0" encoding="iso-8859-1" ?>
<newsitem itemid="462518" id="root" date="1997-03-24" xml:lang="en">
<title>POLAND: ELEKTROMONTAZ-E GROUP FEB NET PLN 0.2 MLN.</title>
<headline>ELEKTROMONTAZ-E GROUP FEB NET PLN 0.2 MLN.</headline>
<dateline>WARSAW 1997-03-24</dateline>
<text>
<p>Preliminary results February</p>
<p>(in million zlotys unless stated)</p>
<p>FEBRUARY</p>
<p> Group net profit	     0.24</p>
<p> Group pre-tax profit	 0.46</p>
<p> Group operating profit     0.41</p>
<p> Group sales		   12.06</p>
<p>JANUARY-FEBRUARY</p>
<p> Group net profit	     0.49</p>
<p> Group pre-tax profit	 0.92</p>
<p> Group operating profit     0.94</p>
<p> Group sales		   22.96</p>
<p>Note. Full name of the Polish construction firm is</p>
<p>Elektromontaz Export SA.</p>
<p>The company did not release comparison figures.</p>
<p>-- Warsaw Newsroom +48 22 653 9700</p>
</text>
<copyright>(c) Reuters Limited 1997</copyright>
<metadata>
<codes class="bip:countries:1.0">
  <code code="POL">
    <editdetail attribution="Reuters BIP Coding Group" action="confirmed" date="1997-03-24"/>
  </code>
</codes>
<codes class="bip:industries:1.0">
  <code code="I50200">
    <editdetail attribution="Reuters BIP Coding Group" action="confirmed" date="1997-03-24"/>
  </code>
</codes>
<codes class="bip:topics:1.0">
  <code code="C15">
    <editdetail attribution="Reuters BIP Coding Group" action="confirmed" date="1997-03-24"/>
  </code>
  <code code="C151">
    <editdetail attribution="Reuters BIP Coding Group" action="confirmed" date="1997-03-24"/>
  </code>
  <code code="CCAT">
    <editdetail attribution="Reuters BIP Coding Group" action="confirmed" date="1997-03-24"/>
  </code>
</codes>
<dc element="dc.date.created" value="1997-03-24"/>
<dc element="dc.publisher" value="Reuters Holdings Plc"/>
<dc element="dc.date.published" value="1997-03-24"/>
<dc element="dc.source" value="Reuters"/>
<dc element="dc.creator.location" value="WARSAW"/>
<dc element="dc.creator.location.country.name" value="POLAND"/>
<dc element="dc.source" value="Reuters"/>
</metadata>
</newsitem>
