<?xml version="1.0" encoding="iso-8859-1" ?>
<newsitem itemid="462590" id="root" date="1997-03-24" xml:lang="en">
<title>UK: LIFFE white sugar ends touch firmer after muted day.</title>
<headline>LIFFE white sugar ends touch firmer after muted day.</headline>
<dateline>LONDON 1997-03-24</dateline>
<text>
<p>White sugar futures closed slightly firmer on Monday but the bulk of the traded volume derived from crosses and spread dealings on the two nearby months, traders said.</p>
<p>One leading commission house led the way with the crossed spread trades, with the May/August spread also attracting some light broker interest.</p>
<p>London's spot May contract closed just 30 cents firmer at $306.50 after moving in a tight range of $1.50. August was up $1.00 at $306.30 and overall volume reached 1,321 lots, nearly all of which was in May and August.</p>
<p>Technically, May traded an outside day, closing marginally to the upside. Analysts said the position was moving rangebound within a contracting channel.</p>
<p>-- Jeremy Smith, London Newsroom +44 171 542 8064</p>
</text>
<copyright>(c) Reuters Limited 1997</copyright>
<metadata>
<codes class="bip:countries:1.0">
  <code code="UK">
    <editdetail attribution="Reuters BIP Coding Group" action="confirmed" date="1997-03-24"/>
  </code>
</codes>
<codes class="bip:topics:1.0">
  <code code="M14">
    <editdetail attribution="Reuters BIP Coding Group" action="confirmed" date="1997-03-24"/>
  </code>
  <code code="M141">
    <editdetail attribution="Reuters BIP Coding Group" action="confirmed" date="1997-03-24"/>
  </code>
  <code code="MCAT">
    <editdetail attribution="Reuters BIP Coding Group" action="confirmed" date="1997-03-24"/>
  </code>
</codes>
<dc element="dc.date.created" value="1997-03-24"/>
<dc element="dc.publisher" value="Reuters Holdings Plc"/>
<dc element="dc.date.published" value="1997-03-24"/>
<dc element="dc.source" value="Reuters"/>
<dc element="dc.creator.location" value="LONDON"/>
<dc element="dc.creator.location.country.name" value="UK"/>
<dc element="dc.source" value="Reuters"/>
</metadata>
</newsitem>
