<?xml version="1.0" encoding="iso-8859-1" ?>
<newsitem itemid="462539" id="root" date="1997-03-24" xml:lang="en">
<title>ESTONIA: CENTRAL BANK FIXINGS FOR MARCH 24/25.</title>
<headline>CENTRAL BANK FIXINGS FOR MARCH 24/25.</headline>
<dateline>TALLINN 1997-03-24</dateline>
<text>
<p>The Estonian central bank</p>
<p>released the following fixings for the Estonian kroon for March</p>
<p>24/25 at 1100GMT. The Estonian kroon is pegged at eight kroons</p>
<p>to a German mark.</p>
<p>March 24/25  March 21-24</p>
<p> CZK     0.46189	0.45936</p>
<p> DKK     2.09824	2.09804</p>
<p> FIM     2.67918	2.67529</p>
<p> HUF     0.07646	0.0765</p>
<p> JPY     0.11001	0.10961</p>
<p> LTL     3.38231	3.38315</p>
<p> LVL    23.26666     23.25204</p>
<p> RUR     0.00237	0.00237</p>
<p> SEK     1.7707	 1.77021</p>
<p> UAH     7.30771	7.34285</p>
<p> USD    13.5284	13.5292</p>
<p> XEU    15.52722     15.51055</p>
<p>For a full listing see Bank of Estonia </p>
<p>--Tallinn Newsroom, +372 630 8400 or reuters@reuters.ee</p>
</text>
<copyright>(c) Reuters Limited 1997</copyright>
<metadata>
<codes class="bip:countries:1.0">
  <code code="ESTNIA">
    <editdetail attribution="Reuters BIP Coding Group" action="confirmed" date="1997-03-24"/>
  </code>
</codes>
<codes class="bip:topics:1.0">
  <code code="M13">
    <editdetail attribution="Reuters BIP Coding Group" action="confirmed" date="1997-03-24"/>
  </code>
  <code code="M132">
    <editdetail attribution="Reuters BIP Coding Group" action="confirmed" date="1997-03-24"/>
  </code>
  <code code="MCAT">
    <editdetail attribution="Reuters BIP Coding Group" action="confirmed" date="1997-03-24"/>
  </code>
</codes>
<dc element="dc.date.created" value="1997-03-24"/>
<dc element="dc.publisher" value="Reuters Holdings Plc"/>
<dc element="dc.date.published" value="1997-03-24"/>
<dc element="dc.source" value="Reuters"/>
<dc element="dc.creator.location" value="TALLINN"/>
<dc element="dc.creator.location.country.name" value="ESTONIA"/>
<dc element="dc.source" value="Reuters"/>
</metadata>
</newsitem>
