<?xml version="1.0" encoding="iso-8859-1" ?>
<newsitem itemid="462554" id="root" date="1997-03-24" xml:lang="en">
<title>LATVIA: PARLIAMENT STRIPS KRISBERGS OF IMMUNITY.</title>
<headline>PARLIAMENT STRIPS KRISBERGS OF IMMUNITY.</headline>
<dateline>RIGA 1997-03-24</dateline>
<text>
<p>Parliament on Monday stripped MP Valdis Krisbergs of his parliamentary immunity after he was accused of fraud by the prosecutor's office, politicians said.</p>
<p>Krisbergs, a former businessman, had been accused of large scale fraud and falsifying accounts.</p>
<p>&quot;I doubt whether there is any other way for me to prove my innocence other than going through a court hearing,&quot; Krisbergs told parliament.</p>
<p>Krisbergs owned the bankrupt Auseklitis company, in which people lost their savings after depositing money with the company on the promise of high returns.</p>
<p>Krisbergs blames his successors in the company management for any irregularities.</p>
<p>Krisbergs entered the parliament on the list of the Democratic Party Saimnieks, but severed his links with it in the wake of the fraud allegations.</p>
<p>-- Riga Newsroom +371 721 5240</p>
</text>
<copyright>(c) Reuters Limited 1997</copyright>
<metadata>
<codes class="bip:countries:1.0">
  <code code="LATV">
    <editdetail attribution="Reuters BIP Coding Group" action="confirmed" date="1997-03-24"/>
  </code>
</codes>
<codes class="bip:topics:1.0">
  <code code="GCAT">
    <editdetail attribution="Reuters BIP Coding Group" action="confirmed" date="1997-03-24"/>
  </code>
  <code code="GCRIM">
    <editdetail attribution="Reuters BIP Coding Group" action="confirmed" date="1997-03-24"/>
  </code>
  <code code="GPOL">
    <editdetail attribution="Reuters BIP Coding Group" action="confirmed" date="1997-03-24"/>
  </code>
</codes>
<dc element="dc.date.created" value="1997-03-24"/>
<dc element="dc.publisher" value="Reuters Holdings Plc"/>
<dc element="dc.date.published" value="1997-03-24"/>
<dc element="dc.source" value="Reuters"/>
<dc element="dc.creator.location" value="RIGA"/>
<dc element="dc.creator.location.country.name" value="LATVIA"/>
<dc element="dc.source" value="Reuters"/>
</metadata>
</newsitem>
