<?xml version="1.0" encoding="iso-8859-1" ?>
<newsitem itemid="462593" id="root" date="1997-03-24" xml:lang="en">
<title>UK: Newcastle season ticket holders to take shares.</title>
<headline>Newcastle season ticket holders to take shares.</headline>
<byline>Keith Weir</byline>
<dateline>LONDON 1997-03-24</dateline>
<text>
<p>Newcastle United season ticket holders were rewarded for their loyalty on Monday when the English premier league club said only those regular fans would be able to buy shares in a flotation.</p>
<p>Initial interest in the listing appeared to confound the sceptics who suggested that the London stock market's enthusiasm for soccer stocks was waning.</p>
<p>The prices of listed clubs have fallen heavily in recent weeks. First division Charlton Athletic is trading at a heavy discount to its offer price after joining the junior Alternative Investment Market on Friday.</p>
<p>Share analysts said that Newcastle's status as one of the elite of English soccer and a squad boasting talent such as England captain Alan Shearer was bound to tempt investors.</p>
<p>Each Newcastle season ticket holder who has applied for stock will be allocated 370 shares, an investment of 500 pounds ($805), when the club joins the stock market next week.</p>
<p>Newcastle made 15 percent of the placing available to individuals, the remainder going to large institutions. The level of demand meant that ordinary members of the public who are not season ticket holders missed out completely.</p>
<p>The offer price has been set at 135p, capitalising Newcastle at 193 million pounds and making it the third largest English soccer stock after Manchester United and Chelsea.</p>
<p>Former European champions Aston Villa, one place below Newcastle at fifth in the premier league, moved a step closer to the market on Monday when shareholders approved flotation plans.</p>
<p>The Birmingham-based club is aiming to raise 15-20 million pounds in a flotation valuing at in excess of 120 million. The flotation is expected before the soccer season ends in May.</p>
<p>Leicester City, a newly promoted premier league team who have reached this year's League Cup final, are also reported to be considering a flotation.</p>
<p>Soccer club owners have recently cashed in on the game's popularity by joining the stock market. The move allows clubs to raise finance to fund stadium redevelopment and enables directors to spread ownership more widely and see a return on their own investment. ($1=.6215 Pound)</p>
</text>
<copyright>(c) Reuters Limited 1997</copyright>
<metadata>
<codes class="bip:countries:1.0">
  <code code="UK">
    <editdetail attribution="Reuters BIP Coding Group" action="confirmed" date="1997-03-24"/>
  </code>
</codes>
<codes class="bip:industries:1.0">
  <code code="I97911">
    <editdetail attribution="Reuters BIP Coding Group" action="confirmed" date="1997-03-24"/>
  </code>
</codes>
<codes class="bip:topics:1.0">
  <code code="C14">
    <editdetail attribution="Reuters BIP Coding Group" action="confirmed" date="1997-03-24"/>
  </code>
  <code code="C17">
    <editdetail attribution="Reuters BIP Coding Group" action="confirmed" date="1997-03-24"/>
  </code>
  <code code="C171">
    <editdetail attribution="Reuters BIP Coding Group" action="confirmed" date="1997-03-24"/>
  </code>
  <code code="CCAT">
    <editdetail attribution="Reuters BIP Coding Group" action="confirmed" date="1997-03-24"/>
  </code>
</codes>
<dc element="dc.date.created" value="1997-03-24"/>
<dc element="dc.publisher" value="Reuters Holdings Plc"/>
<dc element="dc.date.published" value="1997-03-24"/>
<dc element="dc.source" value="Reuters"/>
<dc element="dc.creator.location" value="LONDON"/>
<dc element="dc.creator.location.country.name" value="UK"/>
<dc element="dc.source" value="Reuters"/>
</metadata>
</newsitem>
