<?xml version="1.0" encoding="iso-8859-1" ?>
<newsitem itemid="462506" id="root" date="1997-03-24" xml:lang="en">
<title>SLOVAKIA: INDICATORS - SLOVAKIA - UPDATED MARCH 20.</title>
<headline>INDICATORS - SLOVAKIA - UPDATED MARCH 20.</headline>
<text>
<p>KEY INTEREST RATES	     DISCOUNT		LOMBARD</p>
<p>  rate				  8.80		   15.00</p>
<p>  last changed		  Jan 12, 1996	 July 17, 1996</p>
<p>  former rate			 9.75		   13.00</p>
<p>INDICATORS - quarterly</p>
<p> GROSS DOMESTIC PRODUCT	  FY/96   Q4/96   FY/95  Q4/95</p>
<p>  real change yr/yr (pct)	+6.9    +6.7     +6.8   +7.4</p>
<p>  absolute amount (SKK bln)   443.3   109.7    414.5  102.2</p>
<p>(pct change)</p>
<p>  household demand		 +7.2    +5.4    +3.4    +5.3</p>
<p>  state administration demand +24.2   +21.1    +1.6   +11.5</p>
<p>  gross capital creation	+33.3   +38.0    +5.8   +19.4</p>
<p>  exports of goods/services    -1.6    +7.6    +3.5   -10.7</p>
<p>  imports of goods/services   +18.5   +31.2    +9.6    +7.6</p>
<p>change in stocks and reserves</p>
<p>   (SKK bln)			 +6.5    -9.5    -3.5   -12.7</p>
<p> REAL INVESTMENTS INDEX	 +38.9   +48.7    +9.4    +6.4</p>
<p>AVERAGE WAGE INDEX</p>
<p>  real (yr/yr)		     +7.2    +9.5    +4.4    +7.6</p>
<p>  nominal (yr/yr)		 +13.3   +15.3   +14.3   +15.2</p>
<p> INDICATORS - monthly     Month   Pvs Month    Yr Ago</p>
<p> SLOVAK CURRENT ACCT	FY/96    11MO'96	FY/95</p>
<p>  overall ($ million)  -1,940.8   -1,400.5   +391.4 (+648.8)</p>
<p>  trade balance	  -2,105.8   -1,596.8   -227.5 (+24.1)</p>
<p>  balance of services	+7.4	+37.9   +540.4 (+546.2)</p>
<p>  income balance	    -44.7	-22.6    -13.7 (-13.7)</p>
<p>  current transfers	+202.3     +181.0    +92.2 (+92.2)</p>
<p>CAPITAL ACCOUNT</p>
<p>  Total balance	   +2,143.8   +1,571.6   +993.9</p>
<p>  capital transfers	  +29.7	+29.7    +45.7</p>
<p>direct investment balance</p>
<p>  inv. in Slovak Republic +142.8     +108.8   +141.9</p>
<p>  Slovak investment abroad -48.5	-45.1     -7.9</p>
<p>portfolio investment balance</p>
<p>  inv. in Slovak Republic  +35.0	 +5.7    +74.4</p>
<p>  Slovak investment abroad +67.1	+61.7   +171.7</p>
<p>other long-term financial</p>
<p>  account		     +997.8     +496.3   +393.8</p>
<p> short-term fin. account  +919.9     +914.5    +91.3</p>
<p>Note. All figures are in millions of U.S. dollars and</p>
<p>subject to revision. Figures in the brackets have been revised.</p>
<p>The central bank used the following exchange rates in</p>
<p>calculating the figures: full year '96 (USD=30.647 SKK),</p>
<p>Jan-Nov'96 (USD=30.571 SKK), full year '95 (USD=29.735 SKK).</p>
<p>SLOVAK CONSUMER INFLATION  Feb</p>
<p>  pct change mo/mo		  0.4	   1.1	0.3</p>
<p>  pct change yr/yr		  6.0	   5.8	n/a</p>
<p>Foodstuffs, soft drinks</p>
<p>  pct change month/month	  0.4	   1.7     -0.7</p>
<p>  pct change year/year	    6.6	   5.4	n/a</p>
<p>Leisure and culture</p>
<p> pct change month/month	   0.5	   1.4	0.6</p>
<p>  pct change year/year	    3.9	   4.1	n/a</p>
<p>Hotels, cafes, restaurants</p>
<p>  pct change month/month	  0.2	   1.3	0.8</p>
<p>  pct change year/year	    7.0	   7.7	n/a</p>
<p>Transportation</p>
<p>  pct change month/month	  0.3	   1.0	0.4</p>
<p>  pct change year/year	    6.7	   6.9	n/a</p>
<p>Household, energy, utilities and fuels</p>
<p>  pct change month/month	  0.4	   0.6	0.8</p>
<p>  pct change year/year	    5.0	   5.4	n/a</p>
<p>Alcohol, tobacco and pharmaceuticals</p>
<p>  pct change month/month	  0.4	   0.8	0.4</p>
<p>  pct change year/year	    4.4	   4.2	n/a</p>
<p>Furniture, household appliances and maintenance</p>
<p>  pct change month/month	  0.5	   0.3	0.4</p>
<p>  pct change year/year	    4.5	   4.3	n/a</p>
<p>Education</p>
<p>  pct change month/month	  0.2	   0.9	0.3</p>
<p>  pct change year/year	   12.4	  12.5	n/a</p>
<p>Healthcare</p>
<p>  pct change month/month	  0.8	   0.4	2.7</p>
<p>  pct change year/year	    9.0	  11.1	n/a</p>
<p>Clothes and shoes</p>
<p>  pct change month/month	  0.5	   0.6	0.4</p>
<p>  pct change year/year	    7.4	   7.2	n/a</p>
<p>Various goods and services</p>
<p>  pct change month/month	  0.8	   0.7	0.4</p>
<p>  pct change year/year	    4.8	   4.4	n/a</p>
<p>Note. SUSR said that due to the changes in the population's</p>
<p>expenditure structure, it had revised the formulas for</p>
<p>calcuating CPI, using 1995 data as a base. SUSR did not release</p>
<p>revised figures for 1996 under the new formula.</p>
<p> PRODUCER PRICES   Jan</p>
<p> Producer Price Index		6.1	4.9	n/a</p>
<p>Industrial production</p>
<p> pct change month/month	    1.6	n/a	n/a</p>
<p> pct change year/year		6.5	5.2	n/a</p>
<p> SLOVAK INDUSTRIAL OUTPUT  Jan 97   Dec 96   Jan 96   FY 96</p>
<p>  pct change yr/yr	    +2.0     +1.4    +11.2     +2.5</p>
<p>Construction Output</p>
<p>  pct change yr/yr	    +1.4     +3.2     +7.9     +3.7</p>
<p>Note. All figures are preliminary and subject to revision.</p>
<p> RETAIL SALES	    Jan 97  FY/96  Dec 96  Jan 96  FY/95</p>
<p> real pct change yr/yr  +8.7   +6.9    +3.7   +16.3   +2.0</p>
<p> AVERAGE INDUST WAGES    FY/96   Dec 96   FY/95   Dec 95</p>
<p> nominal pct chg yr/yr  +14.6    +19.9   +15.9    +13.9</p>
<p> SLOVAK UNEMPLOYMENT	  FEB 1996   JAN 1997    FEB 1996</p>
<p>  Total jobless		 356,181    353,605     352,109</p>
<p>  Percentage of workforce    13.69	13.59	 13.70</p>
<p> SLOVAK FOREIGN TADE   Jan 97   Jan-Dec 96    Jan 96</p>
<p>  exports (SKK bln)    20.588     270.63	20.489</p>
<p>  imports		  27.649     335.17	22.614</p>
<p>  balance		  -7.061     -64.54	-2.125</p>
<p> FOREX RESERVES	  March 12   March 5   Feb 26  Dec 31/96</p>
<p>  NBS reserves ($bln)    3.431     3.457    3.514    3.473</p>
<p>  Commercial banks	 1.837     1.831    1.830    2.321</p>
<p>  Entire banking sector  5.268     5.288    5.344    5.794</p>
<p> SLOVAK MONEY SUPPLY  Jan 97  FY/96   Jan 96   FY/95</p>
<p>M2 overall</p>
<p>  pct change yr/yr    +15.5   +15.7   +21.0   +20.7</p>
<p>Note. The NBS's full-year target was an M2 expansion of</p>
<p>11.6 percent year-on-year. M2 measures currency, demand and</p>
<p>time deposits, savings deposits, and foreign currency deposits.</p>
<p>SLOVAK STATE BUDGET Jan-Feb'97 Jan-Feb'96 Jan97  '96 '97(plan)</p>
<p>(SKK bln)</p>
<p>  budget revenues	25.773   21.952    16.206  166.3   171.1</p>
<p>  budget expenditures  26.135   29.289    13.322  191.8   208.0</p>
<p>  balance		  -0.361   -7.337    +2.884  -25.5   -36.9</p>
<p>-- Bratislava Newsroom, 421-7-521-8402</p>
</text>
<copyright>(c) Reuters Limited 1997</copyright>
<metadata>
<codes class="bip:countries:1.0">
  <code code="SLVAK">
    <editdetail attribution="Reuters BIP Coding Group" action="confirmed" date="1997-03-24"/>
  </code>
</codes>
<codes class="bip:topics:1.0">
  <code code="E71">
    <editdetail attribution="Reuters BIP Coding Group" action="confirmed" date="1997-03-24"/>
  </code>
  <code code="ECAT">
    <editdetail attribution="Reuters BIP Coding Group" action="confirmed" date="1997-03-24"/>
  </code>
</codes>
<dc element="dc.publisher" value="Reuters Holdings Plc"/>
<dc element="dc.date.published" value="1997-03-24"/>
<dc element="dc.source" value="Reuters"/>
<dc element="dc.creator.location.country.name" value="SLOVAKIA"/>
<dc element="dc.source" value="Reuters"/>
</metadata>
</newsitem>
