<?xml version="1.0" encoding="iso-8859-1" ?>
<newsitem itemid="462531" id="root" date="1997-03-24" xml:lang="en">
<title>ESTONIA: HANDELSBANKEN LOOKS FOR BIG ESTONIA SHARE.</title>
<headline>HANDELSBANKEN LOOKS FOR BIG ESTONIA SHARE.</headline>
<dateline>TALLINN 1997-03-24</dateline>
<text>
<p>Sweden's Handelsbanken said it was seeking to be a significant player on the Estonian market after buying Estonian broker and corporate finance company Aktoris.</p>
<p>&quot;Our intention is to be an significant player in the local market here,&quot; Bo Kragh, head of Handelsbanken's Tallinn office, told a news conference.</p>
<p>The purchase will allow Aktoris as the 100 percent locally registered corporate finance group to sell the services of its large Swedish investor.</p>
<p>&quot;The aim is to be able to provide more efficient products in in the Estonian investment sector,&quot; said Auli Kumpulainen, managing director of Aktoris.</p>
<p>&quot;Large Estonian companies will be able to use Svenska Handelsbanken services in Stockholm, Helsinki and in...London, Paris and other offices,&quot; she added.</p>
<p>Aktoris sees having one of Scandinavia's largest banks as one of the key ways to increase market share and foreign invesment in Estonia.</p>
<p>&quot;In order to increase market share in Estonia ... it requires credibility when it comes to foreign investors and that credibility is very much achieved by having Hansdelsbanken as a share holder,&quot; said Kumpilainen.</p>
<p>But Aktoris was aware that there are problems with the size of the Estonian market for foreign investors.</p>
<p>&quot;Estonia is a difficult market,&quot; Kumpulainen said.</p>
<p>She said that foreign firms do not usually want to get more than 10 percent of a company but have a minimum they can invest of some one million dollars.</p>
<p>However, in many cases in Estonia this sum is already more than 10 percent of the company's shares.</p>
<p>&quot;Hopefully because of the booming secondary (equities market) the value of the companies will increase and it is easier to sell larger companies,&quot; she added.</p>
<p>-- David Mardiste, Tallinn newsroom +372 630 8400 reuters@reuters.ee</p>
</text>
<copyright>(c) Reuters Limited 1997</copyright>
<metadata>
<codes class="bip:countries:1.0">
  <code code="ESTNIA">
    <editdetail attribution="Reuters BIP Coding Group" action="confirmed" date="1997-03-24"/>
  </code>
</codes>
<codes class="bip:industries:1.0">
  <code code="I81402">
    <editdetail attribution="Reuters BIP Coding Group" action="confirmed" date="1997-03-24"/>
  </code>
  <code code="I83100">
    <editdetail attribution="Reuters BIP Coding Group" action="confirmed" date="1997-03-24"/>
  </code>
</codes>
<codes class="bip:topics:1.0">
  <code code="C11">
    <editdetail attribution="Reuters BIP Coding Group" action="confirmed" date="1997-03-24"/>
  </code>
  <code code="C18">
    <editdetail attribution="Reuters BIP Coding Group" action="confirmed" date="1997-03-24"/>
  </code>
  <code code="C181">
    <editdetail attribution="Reuters BIP Coding Group" action="confirmed" date="1997-03-24"/>
  </code>
  <code code="CCAT">
    <editdetail attribution="Reuters BIP Coding Group" action="confirmed" date="1997-03-24"/>
  </code>
</codes>
<dc element="dc.date.created" value="1997-03-24"/>
<dc element="dc.publisher" value="Reuters Holdings Plc"/>
<dc element="dc.date.published" value="1997-03-24"/>
<dc element="dc.source" value="Reuters"/>
<dc element="dc.creator.location" value="TALLINN"/>
<dc element="dc.creator.location.country.name" value="ESTONIA"/>
<dc element="dc.source" value="Reuters"/>
</metadata>
</newsitem>
