<?xml version="1.0" encoding="iso-8859-1" ?>
<newsitem itemid="462502" id="root" date="1997-03-24" xml:lang="en">
<title>BULGARIA: MALEV STARTS TRUCKING CARGO TO UKRAINE.</title>
<headline>MALEV STARTS TRUCKING CARGO TO UKRAINE.</headline>
<text>
<p>BUDAPEST, March 24 (Budapest) - Hungarian national airline Malev Rt [MALV.CN] said on Monday it recently started weekly cargo shipments by truck to Lviv, an industrial city in western Ukraine.</p>
<p>The truck, which has capacity to carry 20 tonnes or 80 cubic meters, leaves Budapest on Tuesdays, arrives in Lviv on Thursdays and returns to Budapest on Saturdays, Ferenc Harmath, Malev's commercial manager for cargo operations, told Reuters.</p>
<p>&quot;We started the service because we had some requests from Germany and the United States to export a variety of goods to Lviv,&quot; Harmath said. &quot;We've carried electronics, textiles and toys.&quot;</p>
<p>The volumes have been small, and the trucks have been returning empty from Lviv, but Malev expects the route to improve over time, he said.</p>
<p>&quot;When our road service to Skopje started in 1995, the loads were only in the hundreds of kilograms,&quot; Harmath said. &quot;Now we're transporting five-to-six tonnes on the route every week.&quot;</p>
<p>Malev started road-haulage services in 1994 as substitutes or supplements for short-range flights in Europe, mainly in the former East bloc.</p>
<p>The airline has trucked cargo to Bratislava, Frankfurt, Kiev, Ljubljana, Tirana, Vienna, Zagreb and Moldova's capital Chisinau, he said.</p>
<p>Malev plans no other new truck routes this year, he said.</p>
<p>The airline is owned 63.9 percent by Hungarian state privatisation agency APV Rt, 30.0 percent by Italian national airline Alitalia , 5.0 percent by the Italian Ministry of Foreign Trade's investment agency SIMEST and 1.1 percent by other interests, including Hungarian municipalities.</p>
<p>-- Ryan Tutak, Budapest newsroom (36 1) 327 4040</p>
</text>
<copyright>(c) Reuters Limited 1997</copyright>
<metadata>
<codes class="bip:countries:1.0">
  <code code="HUNG">
    <editdetail attribution="Reuters BIP Coding Group" action="confirmed" date="1997-03-24"/>
  </code>
  <code code="UKRN">
    <editdetail attribution="Reuters BIP Coding Group" action="confirmed" date="1997-03-24"/>
  </code>
</codes>
<codes class="bip:industries:1.0">
  <code code="I72300">
    <editdetail attribution="Reuters BIP Coding Group" action="confirmed" date="1997-03-24"/>
  </code>
  <code code="I75000">
    <editdetail attribution="Reuters BIP Coding Group" action="confirmed" date="1997-03-24"/>
  </code>
  <code code="I77002">
    <editdetail attribution="Reuters BIP Coding Group" action="confirmed" date="1997-03-24"/>
  </code>
</codes>
<codes class="bip:topics:1.0">
  <code code="C22">
    <editdetail attribution="Reuters BIP Coding Group" action="confirmed" date="1997-03-24"/>
  </code>
  <code code="CCAT">
    <editdetail attribution="Reuters BIP Coding Group" action="confirmed" date="1997-03-24"/>
  </code>
</codes>
<dc element="dc.publisher" value="Reuters Holdings Plc"/>
<dc element="dc.date.published" value="1997-03-24"/>
<dc element="dc.source" value="Reuters"/>
<dc element="dc.creator.location.country.name" value="BULGARIA"/>
<dc element="dc.source" value="Reuters"/>
</metadata>
</newsitem>
