<?xml version="1.0" encoding="iso-8859-1" ?>
<newsitem itemid="462545" id="root" date="1997-03-24" xml:lang="en">
<title>SLOVAKIA: SLOVAK FINMIN SAYS MULLS INTERNATIONAL BOND ISSUE.</title>
<headline>SLOVAK FINMIN SAYS MULLS INTERNATIONAL BOND ISSUE.</headline>
<dateline>BRATISLAVA 1997-03-24</dateline>
<text>
<p>The Slovak Finance Ministry on Monday said it was &quot;seriously considering&quot; issuing an unspecified tranche of bonds on international markets to help cover budget expenditures.</p>
<p>&quot;Interbank money market rates show that the time now seems ripe to tap international finacial sources to help cover our budget expenditures,&quot; Marian Horvath, head of the ministry's State Assets and Liabilities Department, told Reuters. &quot;We are now working on an analysis of foreign markets so that we could issue the bond as soon as possible, he added.  </p>
<p>Slovak interbank money market rates with longer maturities have been hovering at around 16 to 18 percent over the past few weeks. &quot;The (domestic) market situation makes it expensive to refinance budget expenditures, so it seems that we have to go abroad,&quot; Horvath said.</p>
<p>Horvath would not comment on which currency the planned bond would be denominated, nor would he say whether the issue would go through private placement or a standard auction.</p>
<p>&quot;We will analyse, let's say, bonds denominated in German marks, their rates, and then we will chose a bid from foreign institution,&quot; Horvath said.  </p>
<p>The government plans to run a budget deficit of 36.9 billion crowns this year, compared with a shortfall of 25.5 billion in 1995.</p>
<p>The Slovak state budget posted a deficit of 361.3 million crowns for the first two months of 1997, compared with a surplus of 2.884 billion crowns in January.</p>
<p>The government plans to issue 70 billion crowns worth of securities on the domestic market this year.</p>
<p>-- Peter Laca, Bratislava Newsroom, 421-7-521-8402</p>
</text>
<copyright>(c) Reuters Limited 1997</copyright>
<metadata>
<codes class="bip:countries:1.0">
  <code code="SLVAK">
    <editdetail attribution="Reuters BIP Coding Group" action="confirmed" date="1997-03-24"/>
  </code>
</codes>
<codes class="bip:topics:1.0">
  <code code="E21">
    <editdetail attribution="Reuters BIP Coding Group" action="confirmed" date="1997-03-24"/>
  </code>
  <code code="E212">
    <editdetail attribution="Reuters BIP Coding Group" action="confirmed" date="1997-03-24"/>
  </code>
  <code code="ECAT">
    <editdetail attribution="Reuters BIP Coding Group" action="confirmed" date="1997-03-24"/>
  </code>
</codes>
<dc element="dc.date.created" value="1997-03-24"/>
<dc element="dc.publisher" value="Reuters Holdings Plc"/>
<dc element="dc.date.published" value="1997-03-24"/>
<dc element="dc.source" value="Reuters"/>
<dc element="dc.creator.location" value="BRATISLAVA"/>
<dc element="dc.creator.location.country.name" value="SLOVAKIA"/>
<dc element="dc.source" value="Reuters"/>
</metadata>
</newsitem>
