<?xml version="1.0" encoding="iso-8859-1" ?>
<newsitem itemid="462501" id="root" date="1997-03-24" xml:lang="en">
<title>POLAND: POLIFARB CN DOUBLES ISSUE FOR MERGER.</title>
<headline>POLIFARB CN DOUBLES ISSUE FOR MERGER.</headline>
<dateline>CIESZYN, Poland 1997-03-24</dateline>
<text>
<p>Shareholders of Polish paint maker Polifarb Cieszyn voted to double to six million shares a bonus issue to facilitate a merger with Polifarb Wroclaw and give Cieszyn shareholders 53.5 percent of the new firm.  </p>
<p>The extraordinary shareholders meeting supported a proposal by First Polish Mutual Fund Company Pioneer to increase the bonus issue from the originally planned 2.98 million shares, a Cieszyn official said.</p>
<p>Earlier Polifarb Cieszyn and Wroclaw had said they wanted to carry out the merger to give their shareholders equal control of the new firm.</p>
<p>But last week Pioneer, which has about 10 percent in Cieszyn and 1.5 percent in Wroclaw, said it would seek more control in the new firm for Cieszyn shareholders because it believed Cieszyn was worth more than its Wroclaw namesake.  </p>
<p>Wladyslaw Burczak, Polifarb Wroclaw's board member, present at the meeting as an observer, said Monday's decision made the merger unlikely as he believed Wroclaw shareholders would not be willing to accept a change in the original plan when they vote on the plan on Tuesday.</p>
<p>&quot;It is extremely hard to expect a situation where Polifarb Wroclaw shareholders will agree to a change in an earlier accepted merger plan,&quot; Burczak said.</p>
<p>&quot;Now we don't know how tomorrow's shareholders' meeting will look like,&quot; he added.</p>
<p>The Cieszyn shareholders, who voted not to pay a 1996 dividend, passed a motion that the merger would only be effective if Wroclaw shareholders also skip a 1996 payout.</p>
<p>Cieszyn's shareholders also approved an issue of 22,103,820 shares for Wroclaw shareholders for a one-for-one share exchange to effect the merger on the condition that Wroclaw shareholders accept Cieszyn's no-payout and bonus issue terms.</p>
<p>Bernard Andrzejewski, outgoing Polifarb Cieszyn president, warned the failure of the merger would pitch the two companies against each other scrambling for market share.</p>
<p>&quot;If the merger with Polifarb Wroclaw fails it can turn out that the two companies that wanted to cooperate will fight each other for potential clients,&quot; he told the meeting.</p>
<p>Under the plan, first announced last December, the two firms would form a new company, Polifarb Cieszyn-Wroclaw SA, that would command 26 percent market share and account for 40 percent of the domestic paint production.</p>
<p>-- Warsaw Newsroom +48 22 653 9700</p>
</text>
<copyright>(c) Reuters Limited 1997</copyright>
<metadata>
<codes class="bip:countries:1.0">
  <code code="POL">
    <editdetail attribution="Reuters BIP Coding Group" action="confirmed" date="1997-03-24"/>
  </code>
</codes>
<codes class="bip:industries:1.0">
  <code code="I25510">
    <editdetail attribution="Reuters BIP Coding Group" action="confirmed" date="1997-03-24"/>
  </code>
  <code code="I81502">
    <editdetail attribution="Reuters BIP Coding Group" action="confirmed" date="1997-03-24"/>
  </code>
  <code code="I8150206">
    <editdetail attribution="Reuters BIP Coding Group" action="confirmed" date="1997-03-24"/>
  </code>
</codes>
<codes class="bip:topics:1.0">
  <code code="C17">
    <editdetail attribution="Reuters BIP Coding Group" action="confirmed" date="1997-03-24"/>
  </code>
  <code code="C171">
    <editdetail attribution="Reuters BIP Coding Group" action="confirmed" date="1997-03-24"/>
  </code>
  <code code="C18">
    <editdetail attribution="Reuters BIP Coding Group" action="confirmed" date="1997-03-24"/>
  </code>
  <code code="C181">
    <editdetail attribution="Reuters BIP Coding Group" action="confirmed" date="1997-03-24"/>
  </code>
  <code code="CCAT">
    <editdetail attribution="Reuters BIP Coding Group" action="confirmed" date="1997-03-24"/>
  </code>
</codes>
<dc element="dc.date.created" value="1997-03-24"/>
<dc element="dc.publisher" value="Reuters Holdings Plc"/>
<dc element="dc.date.published" value="1997-03-24"/>
<dc element="dc.source" value="Reuters"/>
<dc element="dc.creator.location" value="CIESZYN, Poland"/>
<dc element="dc.creator.location.country.name" value="POLAND"/>
<dc element="dc.source" value="Reuters"/>
</metadata>
</newsitem>
