<?xml version="1.0" encoding="iso-8859-1" ?>
<newsitem itemid="462534" id="root" date="1997-03-24" xml:lang="en">
<title>POLAND: WORK INJURIES UP 4.4 PCT IN POLAND IN 1996.</title>
<headline>WORK INJURIES UP 4.4 PCT IN POLAND IN 1996.</headline>
<dateline>WARSAW 1997-03-24</dateline>
<text>
<p>Poles had 4.4 percent more workplace injuries last year than in 1995, with 10.3 out of every 1000 workers suffering injuries, the Central Statistical Office (GUS) said on Monday.</p>
<p>GUS said in a report that out of the total 117,100 people injured at work last year, nearly 50,000 were hurt in production and 13,000 in construction.</p>
<p>-- Warsaw Newsroom +48 22 653 9700</p>
</text>
<copyright>(c) Reuters Limited 1997</copyright>
<metadata>
<codes class="bip:countries:1.0">
  <code code="POL">
    <editdetail attribution="Reuters BIP Coding Group" action="confirmed" date="1997-03-24"/>
  </code>
</codes>
<codes class="bip:topics:1.0">
  <code code="E41">
    <editdetail attribution="Reuters BIP Coding Group" action="confirmed" date="1997-03-24"/>
  </code>
  <code code="ECAT">
    <editdetail attribution="Reuters BIP Coding Group" action="confirmed" date="1997-03-24"/>
  </code>
  <code code="GCAT">
    <editdetail attribution="Reuters BIP Coding Group" action="confirmed" date="1997-03-24"/>
  </code>
  <code code="GHEA">
    <editdetail attribution="Reuters BIP Coding Group" action="confirmed" date="1997-03-24"/>
  </code>
  <code code="GJOB">
    <editdetail attribution="Reuters BIP Coding Group" action="confirmed" date="1997-03-24"/>
  </code>
</codes>
<dc element="dc.date.created" value="1997-03-24"/>
<dc element="dc.publisher" value="Reuters Holdings Plc"/>
<dc element="dc.date.published" value="1997-03-24"/>
<dc element="dc.source" value="Reuters"/>
<dc element="dc.creator.location" value="WARSAW"/>
<dc element="dc.creator.location.country.name" value="POLAND"/>
<dc element="dc.source" value="Reuters"/>
</metadata>
</newsitem>
