<?xml version="1.0" encoding="iso-8859-1" ?>
<newsitem itemid="462572" id="root" date="1997-03-24" xml:lang="en">
<title>UK: World Oil Tanker Charter Rates -- March 24.</title>
<headline>World Oil Tanker Charter Rates -- March 24.</headline>
<text>
<p>SIZE	 WS RATE    $/TONNE   PREVIOUS</p>
<p>DIRTY</p>
<p>MIDEAST-WEST	     250,000	W60	 10.58	W57.5</p>
<p>MIDEAST-JAPAN	    250,000	W67.5	8.05	W67.5</p>
<p>MIDEAST-SINGAPORE	250,000	W62.5	4.50	W62.5</p>
<p>W.AFRICA-U.S. GULF     260,000	W72.5	7.18	W72.5</p>
<p>W.AFRICA-U.S. GULF     130,000	W97.5	9.65	W97.5</p>
<p>N.SEA-USAC		 250,000	W77.5	5.67	W77.5</p>
<p>N.SEA-USAC		 130,000	W110	 8.04	W110</p>
<p>INTER-UK/CONT	     80,000	W140	 4.79	W140</p>
<p>CARIBS-UPCOAST U.S.     70,000	W235	10.41	W210</p>
<p>CROSS-MEDITERRANEAN    130,000	W100	 3.75	W100</p>
<p>CROSS-MEDITERRANEAN     80,000	W120	 4.50	W120</p>
<p>FUEL OIL</p>
<p>INTER-UK/CONT	     25,000	W200	 8.58	W200</p>
<p>CROSS-MEDITERRANEAN     25,000	W205	10.56	W205</p>
<p>CLEAN</p>
<p>MIDEAST-JAPAN	     55,000	W202.5    25.37	W195</p>
<p>INTER-UK/CONT GAS OIL   20,000	W230	 7.82	W230</p>
<p>CARIBS-UPCOAST U.S.     30,000	W270	12.15	W270</p>
<p>OTHER ROUTES	     SIZE	 WS RATE    PREVIOUS</p>
<p>DIRTY</p>
<p>MIDEAST-U.S. GULF	280,000	W52.5	W52.5</p>
<p>W.AFRICA-USAC	    130,000	W100	 W100</p>
<p>CARIBS-U.S. GULF	  70,000	W235	 W210</p>
<p>CARIBS-USAC (FUEL OIL)  50,000	W212.5     W210</p>
<p>INDONESIA-JAPAN	   80,000	W135	 W135</p>
</text>
<copyright>(c) Reuters Limited 1997</copyright>
<metadata>
<codes class="bip:countries:1.0">
  <code code="UK">
    <editdetail attribution="Reuters BIP Coding Group" action="confirmed" date="1997-03-24"/>
  </code>
</codes>
<codes class="bip:topics:1.0">
  <code code="M14">
    <editdetail attribution="Reuters BIP Coding Group" action="confirmed" date="1997-03-24"/>
  </code>
  <code code="M143">
    <editdetail attribution="Reuters BIP Coding Group" action="confirmed" date="1997-03-24"/>
  </code>
  <code code="MCAT">
    <editdetail attribution="Reuters BIP Coding Group" action="confirmed" date="1997-03-24"/>
  </code>
</codes>
<dc element="dc.publisher" value="Reuters Holdings Plc"/>
<dc element="dc.date.published" value="1997-03-24"/>
<dc element="dc.source" value="Reuters"/>
<dc element="dc.creator.location.country.name" value="UK"/>
<dc element="dc.source" value="Reuters"/>
</metadata>
</newsitem>
