<?xml version="1.0" encoding="iso-8859-1" ?>
<newsitem itemid="462585" id="root" date="1997-03-24" xml:lang="en">
<title>UK: NWE gas oil slightly firmer, futures unchanged.</title>
<headline>NWE gas oil slightly firmer, futures unchanged.</headline>
<dateline>LONDON 1997-03-24</dateline>
<text>
<p>NWE gas oil was a touch firmer on Monday with some premiums showing a stronger tone and futures unchanged. The market has almost finished with March.</p>
<p>April IPE gas oil closed unchanged at $170.75.</p>
<p>Heating oil barge premiums were seen a touch firmer as the market looked for April material.</p>
<p>&quot;March is pretty much done and if you want prompt barrels it is costing more,&quot; said one barge trader.</p>
<p>Second half March was talked around April IPE -$1 to -75 cents, a gain since Friday of about 50 cents. April barrels were also about 50 cents stronger but there was very little interest.</p>
<p>Diesel barge premiums were also marginally higher with Rotterdam refinery -3,-13 material heard offered at April IPE +$14 fob ARA.</p>
<p>DIN cargoes continued to be supported from buying interest of April IPE +$5 cif Germany for April 1-10 dates. An offer of April IPE +$4 cif Hamburg was also heard.</p>
<p>Some traders said the potential buyer was trying to keep the market strong, possibly to cover swaps positions, while other players said +$5 was fair level for the option to take into Bremen.</p>
</text>
<copyright>(c) Reuters Limited 1997</copyright>
<metadata>
<codes class="bip:countries:1.0">
  <code code="UK">
    <editdetail attribution="Reuters BIP Coding Group" action="confirmed" date="1997-03-24"/>
  </code>
</codes>
<codes class="bip:topics:1.0">
  <code code="M14">
    <editdetail attribution="Reuters BIP Coding Group" action="confirmed" date="1997-03-24"/>
  </code>
  <code code="M143">
    <editdetail attribution="Reuters BIP Coding Group" action="confirmed" date="1997-03-24"/>
  </code>
  <code code="MCAT">
    <editdetail attribution="Reuters BIP Coding Group" action="confirmed" date="1997-03-24"/>
  </code>
</codes>
<dc element="dc.date.created" value="1997-03-24"/>
<dc element="dc.publisher" value="Reuters Holdings Plc"/>
<dc element="dc.date.published" value="1997-03-24"/>
<dc element="dc.source" value="Reuters"/>
<dc element="dc.creator.location" value="LONDON"/>
<dc element="dc.creator.location.country.name" value="UK"/>
<dc element="dc.source" value="Reuters"/>
</metadata>
</newsitem>
