<?xml version="1.0" encoding="iso-8859-1" ?>
<newsitem itemid="462567" id="root" date="1997-03-24" xml:lang="en">
<title>LITHUANIA: MINISTRY DRAWING UP PORT PRIVATISATION PLAN.</title>
<headline>MINISTRY DRAWING UP PORT PRIVATISATION PLAN.</headline>
<dateline>VILNIUS 1997-03-24</dateline>
<text>
<p>Lithuania's transport ministry plans to draw up a privatisation plan in the near future for strategic companies in the port of Klaipeda, the daily Lietuvos rytas reported on Monday.</p>
<p>The newspaper said that the ministry will use a 290,000 ECU grant from the PHARE programme to prepare a strategy for selling off the Lithuanian Sea Shipping Company, Klaipeda Stevedoring and other key port assets.</p>
<p>&quot;In any way, we will have to privatise the port companies 100 percent,&quot; the paper quoted Transport Minister Algis Zhvaliauskas as saying.</p>
<p>The paper said that in the first stage, the ministry aims to create a favourable climate for investors by privatising 51 percent of the share capital in the port enterprises.</p>
<p>--Andrius Vilkancas, Vilnius newsroom +370 2 22 35 18</p>
</text>
<copyright>(c) Reuters Limited 1997</copyright>
<metadata>
<codes class="bip:countries:1.0">
  <code code="LITH">
    <editdetail attribution="Reuters BIP Coding Group" action="confirmed" date="1997-03-24"/>
  </code>
</codes>
<codes class="bip:industries:1.0">
  <code code="I36101">
    <editdetail attribution="Reuters BIP Coding Group" action="confirmed" date="1997-03-24"/>
  </code>
  <code code="I74000">
    <editdetail attribution="Reuters BIP Coding Group" action="confirmed" date="1997-03-24"/>
  </code>
  <code code="I76300">
    <editdetail attribution="Reuters BIP Coding Group" action="confirmed" date="1997-03-24"/>
  </code>
</codes>
<codes class="bip:topics:1.0">
  <code code="C13">
    <editdetail attribution="Reuters BIP Coding Group" action="confirmed" date="1997-03-24"/>
  </code>
  <code code="C18">
    <editdetail attribution="Reuters BIP Coding Group" action="confirmed" date="1997-03-24"/>
  </code>
  <code code="C183">
    <editdetail attribution="Reuters BIP Coding Group" action="confirmed" date="1997-03-24"/>
  </code>
  <code code="CCAT">
    <editdetail attribution="Reuters BIP Coding Group" action="confirmed" date="1997-03-24"/>
  </code>
</codes>
<dc element="dc.date.created" value="1997-03-24"/>
<dc element="dc.publisher" value="Reuters Holdings Plc"/>
<dc element="dc.date.published" value="1997-03-24"/>
<dc element="dc.source" value="Reuters"/>
<dc element="dc.creator.location" value="VILNIUS"/>
<dc element="dc.creator.location.country.name" value="LITHUANIA"/>
<dc element="dc.source" value="Reuters"/>
</metadata>
</newsitem>
