<?xml version="1.0" encoding="iso-8859-1" ?>
<newsitem itemid="462621" id="root" date="1997-03-24" xml:lang="en">
<title>UK: Shield declines comment on Greig Middleton.</title>
<headline>Shield declines comment on Greig Middleton.</headline>
<dateline>LONDON 1997-03-24</dateline>
<text>
<p>Shield Diagnostics Group Plc declined to comment on Monday on whether it would continue to retain Greig Middleton &amp; Co Ltd as its broker.</p>
<p>Recent press comment said Shield might drop its link with Greig Middleton because of irritation over advice on the way information about its key product was handled and on the timing of share sale by the group's board last year.</p>
<p>&quot;There has been much speculation and that is what it has been, speculation,&quot; Shield chief executive officer Gordon Hall told a news conference. &quot;It has not been speculation moved by the company.&quot;  </p>
<p>Despite being repeatedly pressed, however, Hall declined to say whether Greig Middleton would continue as brokers to Shield. Press reports have suggested that UBS could take over the role.</p>
<p>One industry expert who knows Shield well, who declined to be identified, said Shield's board had been advised to sell shareholdings a year ago, just as the group's share price was rising on the back of optimism about its test for Activated factor twelve (AFT), which it believes to be a much more accurate predictor of heart attack potential than cholesterol levels.  </p>
<p>He said this led to a sharp drop in the value of Shield shares as other investors took this as a sign of lack of confidence.</p>
<p>There was further controversy in January, when the company published a newsletter on the AFT test which was not initially sent to the stock exchange. The newsletter sparked a strong rise in the company's share price. Managers at Monday's news conference insisted that the newsletter had not contained any information not already in the public domain.</p>
<p>The industry specialist said &quot;a lot of investors have not been getting a straight story&quot; on the AFT test.</p>
<p>-- London Newsroom +44 171 542 7717</p>
</text>
<copyright>(c) Reuters Limited 1997</copyright>
<metadata>
<codes class="bip:countries:1.0">
  <code code="UK">
    <editdetail attribution="Reuters BIP Coding Group" action="confirmed" date="1997-03-24"/>
  </code>
</codes>
<codes class="bip:industries:1.0">
  <code code="I25700">
    <editdetail attribution="Reuters BIP Coding Group" action="confirmed" date="1997-03-24"/>
  </code>
  <code code="I83100">
    <editdetail attribution="Reuters BIP Coding Group" action="confirmed" date="1997-03-24"/>
  </code>
</codes>
<codes class="bip:topics:1.0">
  <code code="C33">
    <editdetail attribution="Reuters BIP Coding Group" action="confirmed" date="1997-03-24"/>
  </code>
  <code code="CCAT">
    <editdetail attribution="Reuters BIP Coding Group" action="confirmed" date="1997-03-24"/>
  </code>
</codes>
<dc element="dc.date.created" value="1997-03-24"/>
<dc element="dc.publisher" value="Reuters Holdings Plc"/>
<dc element="dc.date.published" value="1997-03-24"/>
<dc element="dc.source" value="Reuters"/>
<dc element="dc.creator.location" value="LONDON"/>
<dc element="dc.creator.location.country.name" value="UK"/>
<dc element="dc.source" value="Reuters"/>
</metadata>
</newsitem>
