<?xml version="1.0" encoding="iso-8859-1" ?>
<newsitem itemid="462687" id="root" date="1997-03-24" xml:lang="en">
<title>GHANA: Ghana bourse falls in light trade.</title>
<headline>Ghana bourse falls in light trade.</headline>
<dateline>ACCRA 1997-03-24</dateline>
<text>
<p>The Ghana Stock Exchange index continued to edge downwards on Monday, dragged down by Ashanti Goldfields Company (-60 cedis to 21,200) and Ghana Commercial Bank (-10 to 609).</p>
<p>The Ghana All-Share index fell 1.18 points down to 361.61 from 362.79 on Friday.</p>
<p>Guinness Ghana Limited shares rose (+1 to 355) in otherwise quiet trade.</p>
<p>&quot;This is normal with trading at this time of the year,&quot; said one dealer.</p>
<p>Trade was thin with 12,230 shares changing hands but slightly busier compared to 9,940 on Monday. Bids continued to outpace offers by 684,330 to 3,758,190.</p>
<p>-- Abidjan newsroom: +225 21 90 90</p>
</text>
<copyright>(c) Reuters Limited 1997</copyright>
<metadata>
<codes class="bip:countries:1.0">
  <code code="GHANA">
    <editdetail attribution="Reuters BIP Coding Group" action="confirmed" date="1997-03-24"/>
  </code>
</codes>
<codes class="bip:topics:1.0">
  <code code="M11">
    <editdetail attribution="Reuters BIP Coding Group" action="confirmed" date="1997-03-24"/>
  </code>
  <code code="MCAT">
    <editdetail attribution="Reuters BIP Coding Group" action="confirmed" date="1997-03-24"/>
  </code>
</codes>
<dc element="dc.date.created" value="1997-03-24"/>
<dc element="dc.publisher" value="Reuters Holdings Plc"/>
<dc element="dc.date.published" value="1997-03-24"/>
<dc element="dc.source" value="Reuters"/>
<dc element="dc.creator.location" value="ACCRA"/>
<dc element="dc.creator.location.country.name" value="GHANA"/>
<dc element="dc.source" value="Reuters"/>
</metadata>
</newsitem>
