<?xml version="1.0" encoding="iso-8859-1" ?>
<newsitem itemid="462651" id="root" date="1997-03-24" xml:lang="en">
<title>CANADA: Toronto's key stock index closes one percent higher.</title>
<headline>Toronto's key stock index closes one percent higher.</headline>
<byline>Lydia Zajc</byline>
<dateline>TORONTO</dateline>
<text>
<p>Toronto's key stock index soared to close more than one percent higher on Monday but the broader market ended mixed as gold issues slipped on weaker bullion prices.</p>
<p>The Toronto Stock Exchange's key 300 Composite Index jumped 69.47 points, or 1.1 percent, to 6144.25.</p>
<p>Trading was moderately heavy  at 89.8 million shares worth C$1.72 billion ($1.25 billion).</p>
<p>Despite broad gains, declining issues still outnumbered advances 488 to 465 while 286 stocks were unchanged.</p>
<p>&quot;Quite a blue chip rally,&quot; remarked portfolio manager Josef Schachter, head of Schachter Asset Management.</p>
<p>Schachter said investors concluded Canada's largest equities market had fallen enough in recent weeks to account for a 25-basis-point hike in U.S. short-term interest rates.</p>
<p>The U.S. Federal Reserve is widely expected to raise rates at its Federal Open Market Committee meeting on Tuesday.</p>
<p>Investors are saying &quot;okay, we can get a quarter point, we can live on that,&quot; Schachter said.</p>
<p>Of Toronto's 14 sub-indices, 12 posted gains led by financial services, pipelines, consumer products and media.</p>
<p>The only two weak sectors were gold and real estate.</p>
<p>Bullion prices ended weaker on Monday with Comex April gold down US$2.60 at US$350.40 an ounce.</p>
<p>Hot stocks included Bre-X Minerals Ltd. which led heavy traders and closed up 0.50 at 15.70 on volume of six million shares.</p>
<p>The Calgary-based gold prospector on Monday defended the accuracy of assay results and resource calculations for the Busang gold find in Indonesia.</p>
<p>Doubts about the size of the discovery pushed Bre-X shares to a 52-week low of 14.25 on Friday.</p>
<p>In other Bre-X news, U.S. brokerage Lehman Brothers cut its rating on the stock to neutral from outperform.</p>
<p>Another active issue was forestry firm Avenor Inc., adding 1.45 to close at 24 on 567,000 shares.</p>
<p>Avenor said on Monday that it will refuse a merger proposal from Domtar Inc. and will instead focus on a merger with Repap Enterprises Inc.</p>
<p>But the Avenor/Repap deal was put in doubt on Monday after Canada's largest pension fund, Caisse de depot et placement, gave the deal a thumbs down. The Caisse holds a 10 percent stake in Avenor.</p>
<p>Repap fell 0.23 to close at 2.19 on 945,000 shares, while Domtar lost 0.15 to close at 11.45 on 136,000 shares.</p>
</text>
<copyright>(c) Reuters Limited 1997</copyright>
<metadata>
<codes class="bip:countries:1.0">
  <code code="CANA">
    <editdetail attribution="Reuters BIP Coding Group" action="confirmed" date="1997-03-24"/>
  </code>
</codes>
<codes class="bip:topics:1.0">
  <code code="M11">
    <editdetail attribution="Reuters BIP Coding Group" action="confirmed" date="1997-03-24"/>
  </code>
  <code code="MCAT">
    <editdetail attribution="Reuters BIP Coding Group" action="confirmed" date="1997-03-24"/>
  </code>
</codes>
<dc element="dc.publisher" value="Reuters Holdings Plc"/>
<dc element="dc.date.published" value="1997-03-24"/>
<dc element="dc.source" value="Reuters"/>
<dc element="dc.creator.location" value="TORONTO"/>
<dc element="dc.creator.location.country.name" value="CANADA"/>
<dc element="dc.source" value="Reuters"/>
</metadata>
</newsitem>
