<?xml version="1.0" encoding="iso-8859-1" ?>
<newsitem itemid="462618" id="root" date="1997-03-24" xml:lang="en">
<title>UK: UK eases restrictions on pools, bingo, casinos.</title>
<headline>UK eases restrictions on pools, bingo, casinos.</headline>
<dateline>LONDON 1997-03-24</dateline>
<text>
<p>New laws easing restrictions on casinos, bingo clubs and soccer pools operators will come into effect next month, Britain's Home Office said on Monday.</p>
<p>The laws will allow pools operators to collect stakes for midweek competitions in pubs, shops and other premises. This will bring the regulations in line with those in force at weekends and facilitate a midweek competition.</p>
<p>Another provision enables casinos and bingo clubs to accept payments on debit cards in addition to by cheque.</p>
<p>A third sweeps away all restrictions on bingo advertising, including commercials on radio and television.</p>
<p>Britain's gaming companies have lobbied for an easing of restrictions following stiff competition from the UK National Lottery, launched in November 1994.</p>
<p>Pools companies Littlewoods and Vernons, owned by Ladbroke Group Plc, have announced job cuts in recent weeks as competition from the second weekly lottery draw bites.</p>
<p>-- Keith Weir, London Newsroom +44 171 542 7717</p>
</text>
<copyright>(c) Reuters Limited 1997</copyright>
<metadata>
<codes class="bip:countries:1.0">
  <code code="UK">
    <editdetail attribution="Reuters BIP Coding Group" action="confirmed" date="1997-03-24"/>
  </code>
</codes>
<codes class="bip:industries:1.0">
  <code code="I97912">
    <editdetail attribution="Reuters BIP Coding Group" action="confirmed" date="1997-03-24"/>
  </code>
</codes>
<codes class="bip:topics:1.0">
  <code code="C13">
    <editdetail attribution="Reuters BIP Coding Group" action="confirmed" date="1997-03-24"/>
  </code>
  <code code="CCAT">
    <editdetail attribution="Reuters BIP Coding Group" action="confirmed" date="1997-03-24"/>
  </code>
</codes>
<dc element="dc.date.created" value="1997-03-24"/>
<dc element="dc.publisher" value="Reuters Holdings Plc"/>
<dc element="dc.date.published" value="1997-03-24"/>
<dc element="dc.source" value="Reuters"/>
<dc element="dc.creator.location" value="LONDON"/>
<dc element="dc.creator.location.country.name" value="UK"/>
<dc element="dc.source" value="Reuters"/>
</metadata>
</newsitem>
