<?xml version="1.0" encoding="iso-8859-1" ?>
<newsitem itemid="462657" id="root" date="1997-03-24" xml:lang="en">
<title>CANADA: Canada daily lumber export figures to U.S.</title>
<headline>Canada daily lumber export figures to U.S.</headline>
<dateline>OTTAWA 1997-03-24</dateline>
<text>
<p>Canada softwood lumber exports to the United States as of 0001 EST on March 24 in board feet, according to data from the Canadian Department of Foreign Affairs and International Trade:</p>
<p>		   For the Jan 1 - March 31 quarter:</p>
<p>Province   BC	 Alberta     Ontario    Quebec     Total</p>
<p>bonus    14.87 mln  11.06 mln   9.67 mln  46.61 mln  82.20 mln</p>
<p>EB	  1.47 bln 173.17 mln 245.99 mln 466.50 mln   2.35 bln</p>
<p>LFB     122.26 mln  14.61 mln  26.96 mln  60.58 mln 224.47 mln</p>
<p>UFB	85.26 mln   9.30 mln  45.03 mln 110.03 mln 249.63 mln</p>
<p>Total     1.69 bln 208.14 mln 327.65 mln 683.72 mln   2.91 bln</p>
<p>Pct exported: EB - 16.00, LFB - 34.52</p>
<p>		   For the Oct 1 - Dec 31 quarter:</p>
<p>Province   BC	 Alberta     Ontario    Quebec    Total</p>
<p>bonus    6.33 mln    7.66 mln   9.29 mln  51.04 mln  74.32 mln</p>
<p>EB	 2.11 bln  296.74 mln 408.13 mln 895.08 mln   3.70 bln</p>
<p>LFB	7.27 mln   10.88 mln   6.41 mln  12.74 mln  37.31 mln</p>
<p>UFB	6.68 mln   12.27 mln   5.12 mln  29.15 mln  53.22 mln</p>
<p>Total    2.12 bln  327.55 mln 428.96 mln 988.01 mln   3.87 bln</p>
<p>Pct exported: EB - 25.18, LFB - 5.73</p>
<p>		   April 1 - present:</p>
<p>Province   BC	 Alberta     Ontario    Quebec    Total</p>
<p>bonus   21.20 mln   18.72 mln  18.96 mln  97.65 mln 156.52 mln</p>
<p>EB	 8.20 bln    1.11 bln   1.60 bln   3.46 bln  14.37 bln</p>
<p>LFB    185.20 mln   30.24 mln  61.82 mln 145.52 mln 422.77 mln</p>
<p>UFB     91.94 mln   21.57 mln  50.18 mln 139.18 mln 302.88 mln</p>
<p>Total    8.50 bln    1.18 bln   1.74 bln   3.84 bln  15.26 bln</p>
<p>Pct exported: EB - 97.78, LFB - 65.04.</p>
<p>Source: Export and Import Controls Bureau, Department of Foreign Affairs and International Trade.</p>
<p>NOTE: EB = established base shipments, LFB = lower fee base, UFB = upper base fee.  </p>
<p>From April 1, Canadian lumber exports which exceed quarterly or annual quotas are subject to export fees. Exports above 14.7 billion board feet annually or 4.226 billion board feet quarterly are subject to US$50 fee for every 1,000 board feet. If such excess exports exceed 650 million board feet, they are subject to a US$100 fee for every 1,000 board feet.</p>
<p>Export quotas are allocated for each province on a company-by-company basis. Shippers who have not been given an allocation are subject to the US$100 fee for any lumber they export.</p>
<p>This export data is based on Canadian export permits. There is about a one-week lag between the entry of lumber into the United States and the application for a Canadian permit.</p>
<p>((Reuters Ottawa Bureau (613) 235-6745))</p>
</text>
<copyright>(c) Reuters Limited 1997</copyright>
<metadata>
<codes class="bip:countries:1.0">
  <code code="CANA">
    <editdetail attribution="Reuters BIP Coding Group" action="confirmed" date="1997-03-24"/>
  </code>
  <code code="USA">
    <editdetail attribution="Reuters BIP Coding Group" action="confirmed" date="1997-03-24"/>
  </code>
</codes>
<codes class="bip:industries:1.0">
  <code code="I02000">
    <editdetail attribution="Reuters BIP Coding Group" action="confirmed" date="1997-03-24"/>
  </code>
  <code code="I46000">
    <editdetail attribution="Reuters BIP Coding Group" action="confirmed" date="1997-03-24"/>
  </code>
</codes>
<codes class="bip:topics:1.0">
  <code code="C31">
    <editdetail attribution="Reuters BIP Coding Group" action="confirmed" date="1997-03-24"/>
  </code>
  <code code="C312">
    <editdetail attribution="Reuters BIP Coding Group" action="confirmed" date="1997-03-24"/>
  </code>
  <code code="CCAT">
    <editdetail attribution="Reuters BIP Coding Group" action="confirmed" date="1997-03-24"/>
  </code>
  <code code="E51">
    <editdetail attribution="Reuters BIP Coding Group" action="confirmed" date="1997-03-24"/>
  </code>
  <code code="E512">
    <editdetail attribution="Reuters BIP Coding Group" action="confirmed" date="1997-03-24"/>
  </code>
  <code code="ECAT">
    <editdetail attribution="Reuters BIP Coding Group" action="confirmed" date="1997-03-24"/>
  </code>
  <code code="M14">
    <editdetail attribution="Reuters BIP Coding Group" action="confirmed" date="1997-03-24"/>
  </code>
  <code code="M141">
    <editdetail attribution="Reuters BIP Coding Group" action="confirmed" date="1997-03-24"/>
  </code>
  <code code="MCAT">
    <editdetail attribution="Reuters BIP Coding Group" action="confirmed" date="1997-03-24"/>
  </code>
</codes>
<dc element="dc.date.created" value="1997-03-24"/>
<dc element="dc.publisher" value="Reuters Holdings Plc"/>
<dc element="dc.date.published" value="1997-03-24"/>
<dc element="dc.source" value="Reuters"/>
<dc element="dc.creator.location" value="OTTAWA"/>
<dc element="dc.creator.location.country.name" value="CANADA"/>
<dc element="dc.source" value="Reuters"/>
</metadata>
</newsitem>
