<?xml version="1.0" encoding="iso-8859-1" ?>
<newsitem itemid="462601" id="root" date="1997-03-24" xml:lang="en">
<title>UK: LIFFE wheat rises, taking cue from firm French mkt.</title>
<headline>LIFFE wheat rises, taking cue from firm French mkt.</headline>
<dateline>LONDON 1997-03-24</dateline>
<text>
<p>LIFFE wheat futures rose on Monday, taking their cue from a strong French market, traders said.</p>
<p>As the rise gathered momentum, more buyers came into the market, giving London some follow-through, they said.</p>
<p>&quot;It found a bit of support from the French early in the day and followed through, hitting technical levels. Then people wanted to have a go,&quot; one trader said.</p>
<p>But the higher levels brought some sellers back into the market later into the day, taking wheat off its highs.</p>
<p>The French physical market was steady today, after the firm end to last week which so excited London, traders there said. They did not expect active trade ahead of the holiday Friday, especially as there is no EU tender this week.</p>
<p>Futures were helped by firm UK physical markets, as operators struggled to find grain off farms.</p>
<p>Active July wheat last traded 0.75 stg higher at 104.40 stg, having seen a high of 105.50 stg earlier in the day. July volume was 292 of a total 753 lots of wheat</p>
<p>The main buyers were physical market traders who had found supplies off farm short and turned to the futures market, traders said.</p>
<p>Wheat's rise was despite a firm sterling, which gained against the mark on robust UK current account and GDP data. &quot;Sterling was nothing to do with it,&quot; the trader said, noting that the market would probably have gone down by as much as it actually went up if traders' eyes had been on the currency.</p>
<p>Barley firmed in thin trade. By the close only November had traded, with 15 lots changing hands. It last traded 0.25 sterling higher at 95.25 stg.</p>
<p>--Christopher Lyddon, London newsroom +44 171 542 7928</p>
</text>
<copyright>(c) Reuters Limited 1997</copyright>
<metadata>
<codes class="bip:countries:1.0">
  <code code="UK">
    <editdetail attribution="Reuters BIP Coding Group" action="confirmed" date="1997-03-24"/>
  </code>
</codes>
<codes class="bip:topics:1.0">
  <code code="M14">
    <editdetail attribution="Reuters BIP Coding Group" action="confirmed" date="1997-03-24"/>
  </code>
  <code code="M141">
    <editdetail attribution="Reuters BIP Coding Group" action="confirmed" date="1997-03-24"/>
  </code>
  <code code="MCAT">
    <editdetail attribution="Reuters BIP Coding Group" action="confirmed" date="1997-03-24"/>
  </code>
</codes>
<dc element="dc.date.created" value="1997-03-24"/>
<dc element="dc.publisher" value="Reuters Holdings Plc"/>
<dc element="dc.date.published" value="1997-03-24"/>
<dc element="dc.source" value="Reuters"/>
<dc element="dc.creator.location" value="LONDON"/>
<dc element="dc.creator.location.country.name" value="UK"/>
<dc element="dc.source" value="Reuters"/>
</metadata>
</newsitem>
