<?xml version="1.0" encoding="iso-8859-1" ?>
<newsitem itemid="462672" id="root" date="1997-03-24" xml:lang="en">
<title>SENEGAL: Rebels kill two soldiers in southern Senegal.</title>
<headline>Rebels kill two soldiers in southern Senegal.</headline>
<dateline>DAKAR 1997-03-24</dateline>
<text>
<p>Separatist rebels in Senegal's troubled Casamance province have killed two soldiers in the worst ceasefire breach for many months, military sources reported on Monday.</p>
<p>Rebel sources told Reuters they were investigating Sunday's incident but denied they had called off a self-imposed ceasefire in the 15-year-old rebellion.</p>
<p>&quot;Rebels of the MFDC (Movement of Democratic Forces of Casamance) attacked an army unit stationed at the village of Djirack and killed two soldiers,&quot; the military sources said.</p>
<p>An army spokesman said troops returning fire killed a number of rebels but declined to say how many.</p>
<p>An official source in the provincial capital, Ziguinchor, said by telephone at least 30 rebels were killed.</p>
<p>Hundreds of people have died in Casamance since the MFDC started fighting for independence in 1982.</p>
<p>In December 1995 the movement's main figurehead, Catholic churchman Diamacoune Senghor, declared a unilateral ceasefire.</p>
<p>The ceasefire has been broadly respected since then although two government soldiers were killed in Casamance last January when they drove over a land mine.</p>
<p>On March 17, clashes were reported between soldiers and rebels of the MFDC, close to the border with Guinea Bissau.</p>
<p>A source close to Senghor said the MFDC's civilian wing was investigating Sunday's killings.</p>
<p>&quot;In any case we will not call off our unilateral ceasefire,&quot; the source said. The rebels deny they are split between a faction backing negotiations with the Dakar government and another wanting to pursue armed rebellion.</p>
</text>
<copyright>(c) Reuters Limited 1997</copyright>
<metadata>
<codes class="bip:countries:1.0">
  <code code="SENEG">
    <editdetail attribution="Reuters BIP Coding Group" action="confirmed" date="1997-03-24"/>
  </code>
</codes>
<codes class="bip:topics:1.0">
  <code code="GCAT">
    <editdetail attribution="Reuters BIP Coding Group" action="confirmed" date="1997-03-24"/>
  </code>
  <code code="GVIO">
    <editdetail attribution="Reuters BIP Coding Group" action="confirmed" date="1997-03-24"/>
  </code>
</codes>
<dc element="dc.date.created" value="1997-03-24"/>
<dc element="dc.publisher" value="Reuters Holdings Plc"/>
<dc element="dc.date.published" value="1997-03-24"/>
<dc element="dc.source" value="Reuters"/>
<dc element="dc.creator.location" value="DAKAR"/>
<dc element="dc.creator.location.country.name" value="SENEGAL"/>
<dc element="dc.source" value="Reuters"/>
</metadata>
</newsitem>
