<?xml version="1.0" encoding="iso-8859-1" ?>
<newsitem itemid="462608" id="root" date="1997-03-24" xml:lang="en">
<title>UK: Standard Chartered appoints exec director.</title>
<headline>Standard Chartered appoints exec director.</headline>
<dateline>LONDON 1997-03-24</dateline>
<text>
<p>Standard Chartered Plc said that Rana Talwar would join the company on April 1 and become a group executive director on April 22, from his current position as executive vice president for consumer banking in Europe and the U.S. at Citibank.</p>
<p>At Standard Chartered, Talwar will have responsibility for business in Africa, the Middle East and South Asia and for governance in Europe, India and the Americas as well as for the problem country debt unit and human resources.</p>
<p>Talwar joined Citibank in 1969.</p>
<p>-- London Newsroom +44171 542 7717</p>
</text>
<copyright>(c) Reuters Limited 1997</copyright>
<metadata>
<codes class="bip:countries:1.0">
  <code code="UK">
    <editdetail attribution="Reuters BIP Coding Group" action="confirmed" date="1997-03-24"/>
  </code>
</codes>
<codes class="bip:industries:1.0">
  <code code="I81402">
    <editdetail attribution="Reuters BIP Coding Group" action="confirmed" date="1997-03-24"/>
  </code>
</codes>
<codes class="bip:topics:1.0">
  <code code="C41">
    <editdetail attribution="Reuters BIP Coding Group" action="confirmed" date="1997-03-24"/>
  </code>
  <code code="C411">
    <editdetail attribution="Reuters BIP Coding Group" action="confirmed" date="1997-03-24"/>
  </code>
  <code code="CCAT">
    <editdetail attribution="Reuters BIP Coding Group" action="confirmed" date="1997-03-24"/>
  </code>
</codes>
<dc element="dc.date.created" value="1997-03-24"/>
<dc element="dc.publisher" value="Reuters Holdings Plc"/>
<dc element="dc.date.published" value="1997-03-24"/>
<dc element="dc.source" value="Reuters"/>
<dc element="dc.creator.location" value="LONDON"/>
<dc element="dc.creator.location.country.name" value="UK"/>
<dc element="dc.source" value="Reuters"/>
</metadata>
</newsitem>
