<?xml version="1.0" encoding="iso-8859-1" ?>
<newsitem itemid="462628" id="root" date="1997-03-24" xml:lang="en">
<title>UK: Boots transfers items with BASF unit.</title>
<headline>Boots transfers items with BASF unit.</headline>
<dateline>LONDON 1997-03-24</dateline>
<text>
<p>The Boots Co Plc said it had agreed to bring forward transfer of products with Knoll AG, the pharmaceuticals arm of BASF AG of Germany.</p>
<p>Knoll will pay the British pharmaceuticals company 10 million marks in the deal.</p>
<p>Boots, which sold Boots Pharmaceuticals to BASF a year ago, said it would regain control of over-the-counter medicine sales in India, Pakistan and Canada, while Knoll will take control of global and local prescription products in Australia, New Zealand and South Africa.</p>
<p>Boots sold its pharmaceuticals business for 840 million stg.</p>
<p>Boots said the deal on Monday &quot;completes the transfer of both product portfolios ahead of schedule.&quot;</p>
<p>-- London Newsroom +44171 542 7717</p>
</text>
<copyright>(c) Reuters Limited 1997</copyright>
<metadata>
<codes class="bip:countries:1.0">
  <code code="GFR">
    <editdetail attribution="Reuters BIP Coding Group" action="confirmed" date="1997-03-24"/>
  </code>
  <code code="UK">
    <editdetail attribution="Reuters BIP Coding Group" action="confirmed" date="1997-03-24"/>
  </code>
</codes>
<codes class="bip:industries:1.0">
  <code code="I25000">
    <editdetail attribution="Reuters BIP Coding Group" action="confirmed" date="1997-03-24"/>
  </code>
  <code code="I64300">
    <editdetail attribution="Reuters BIP Coding Group" action="confirmed" date="1997-03-24"/>
  </code>
</codes>
<codes class="bip:topics:1.0">
  <code code="C18">
    <editdetail attribution="Reuters BIP Coding Group" action="confirmed" date="1997-03-24"/>
  </code>
  <code code="C181">
    <editdetail attribution="Reuters BIP Coding Group" action="confirmed" date="1997-03-24"/>
  </code>
  <code code="CCAT">
    <editdetail attribution="Reuters BIP Coding Group" action="confirmed" date="1997-03-24"/>
  </code>
</codes>
<dc element="dc.date.created" value="1997-03-24"/>
<dc element="dc.publisher" value="Reuters Holdings Plc"/>
<dc element="dc.date.published" value="1997-03-24"/>
<dc element="dc.source" value="Reuters"/>
<dc element="dc.creator.location" value="LONDON"/>
<dc element="dc.creator.location.country.name" value="UK"/>
<dc element="dc.source" value="Reuters"/>
</metadata>
</newsitem>
