<?xml version="1.0" encoding="iso-8859-1" ?>
<newsitem itemid="462647" id="root" date="1997-03-24" xml:lang="en">
<title>REPUBLIC OF IRELAND: Horse racing-Tote announces Fairyhouse jackpot dat.</title>
<headline>Horse racing-Tote announces Fairyhouse jackpot dat.</headline>
<dateline>DUBLIN 1997-03-24</dateline>
<text>
<p>Tote Ireland, which provides a cash and credit betting service on-course and an off-course credit betting service, said on Monday it was guaranteeing a jackpot of 57,500 Irish pounds at the three-day Fairyhouse Easter Festival of Racing.</p>
<p>The Tote said in a statement there would be a guaranteed jackpot of 25,000 Irish pounds on Monday, March 31, when the Irish Grand National is run at the County Meath racecourse.</p>
<p>It said there would be a guaranteed jackpot of 17,500 punts at Fairyhouse on April 1 while there will be a guaranteed jackpot of 15,000 punts on April 2.</p>
<p>To be in with a chance of  winning the jackpot, a punter must mark in the number of the horse(s) he or she thinks is likely to win the four jackpot races (normally the third to the sixth races inclusive) on the race card.</p>
<p>--Damien Lynch, Dublin newsroom 353-1-661-3377.</p>
</text>
<copyright>(c) Reuters Limited 1997</copyright>
<metadata>
<codes class="bip:countries:1.0">
  <code code="IRE">
    <editdetail attribution="Reuters BIP Coding Group" action="confirmed" date="1997-03-24"/>
  </code>
</codes>
<codes class="bip:topics:1.0">
  <code code="GCAT">
    <editdetail attribution="Reuters BIP Coding Group" action="confirmed" date="1997-03-24"/>
  </code>
  <code code="GSPO">
    <editdetail attribution="Reuters BIP Coding Group" action="confirmed" date="1997-03-24"/>
  </code>
</codes>
<dc element="dc.date.created" value="1997-03-24"/>
<dc element="dc.publisher" value="Reuters Holdings Plc"/>
<dc element="dc.date.published" value="1997-03-24"/>
<dc element="dc.source" value="Reuters"/>
<dc element="dc.creator.location" value="DUBLIN"/>
<dc element="dc.creator.location.country.name" value="REPUBLIC OF IRELAND"/>
<dc element="dc.source" value="Reuters"/>
</metadata>
</newsitem>
