<?xml version="1.0" encoding="iso-8859-1" ?>
<newsitem itemid="462688" id="root" date="1997-03-24" xml:lang="en">
<title>SOUTH AFRICA: S.Africa's Toco reshuffles top management.</title>
<headline>S.Africa's Toco reshuffles top management.</headline>
<dateline>JOHANNESBURG 1997-03-24</dateline>
<text>
<p>South African industrial products to vehicle parking systems firm Toco Holdings Ltd on Monday said it was reshuffling its top management.</p>
<p>Toco said its two joint-managing directors Michael Todd and Eric Mayer had both resigned and will leave the company and Ron Astrup had been appointed managing director.</p>
<p>Astrup was previously chief executive of Toco's Sacmech unit.</p>
<p>Willie Hancke, previously chairman of Sacmech, is to become executive chairman following the retirement of Paul Todd.</p>
<p>-- Johannesburg newsroom +27 11 482 1003</p>
</text>
<copyright>(c) Reuters Limited 1997</copyright>
<metadata>
<codes class="bip:countries:1.0">
  <code code="SAFR">
    <editdetail attribution="Reuters BIP Coding Group" action="confirmed" date="1997-03-24"/>
  </code>
</codes>
<codes class="bip:topics:1.0">
  <code code="C41">
    <editdetail attribution="Reuters BIP Coding Group" action="confirmed" date="1997-03-24"/>
  </code>
  <code code="C411">
    <editdetail attribution="Reuters BIP Coding Group" action="confirmed" date="1997-03-24"/>
  </code>
  <code code="CCAT">
    <editdetail attribution="Reuters BIP Coding Group" action="confirmed" date="1997-03-24"/>
  </code>
</codes>
<dc element="dc.date.created" value="1997-03-24"/>
<dc element="dc.publisher" value="Reuters Holdings Plc"/>
<dc element="dc.date.published" value="1997-03-24"/>
<dc element="dc.source" value="Reuters"/>
<dc element="dc.creator.location" value="JOHANNESBURG"/>
<dc element="dc.creator.location.country.name" value="SOUTH AFRICA"/>
<dc element="dc.source" value="Reuters"/>
</metadata>
</newsitem>
