<?xml version="1.0" encoding="iso-8859-1" ?>
<newsitem itemid="462624" id="root" date="1997-03-24" xml:lang="en">
<title>UK: Shell's Forcados barrels take pressure off - trade.</title>
<headline>Shell's Forcados barrels take pressure off - trade.</headline>
<dateline>LONDON 1997-03-24</dateline>
<text>
<p>Shell has a cushion of about 1.8 million barrels of Forcados crude oil to act as a shield against potential supply disruption caused by the occupation of some of its Niger delta pumping stations at the weekend, traders said on Monday.</p>
<p>Shell said it had been forced to reduce output by about 100,000 barrels per day (bpd) since Saturday because of the incident, but exports in March would be unaffected.</p>
<p>Traders said the oil giant had two standard-sized cargoes of 900,000 barrels of Forcados, one due to load in the next two or three days and the other at the end of March.</p>
<p>The oil was expected to end up on one very large crude carrier with capacity for 1.8 million barrels.</p>
<p>The two cargoes were handed back to Nigeria earlier in March by a lifter unable to sell it profitably in a weakening market.</p>
<p>Traders said it was not immediately clear on what basis Shell had claim to the oil.</p>
<p>It might be part of its equity stake &quot;but if (Nigerian state oil company) NNPC asks the equity holder to get rid of some Forcados it will take care of it,&quot; a trader said.</p>
<p>&quot;What's clear is that this will help their (Shell's) marketing of Forcados,&quot; the trader said.</p>
<p>Shell officials were not immediately available for comment.</p>
<p>Shell produces almost half of Nigeria's two million barrels per day of crude oil.</p>
<p>-- London newsroom +44 171 542 7646</p>
</text>
<copyright>(c) Reuters Limited 1997</copyright>
<metadata>
<codes class="bip:countries:1.0">
  <code code="NETH">
    <editdetail attribution="Reuters BIP Coding Group" action="confirmed" date="1997-03-24"/>
  </code>
  <code code="NIGEA">
    <editdetail attribution="Reuters BIP Coding Group" action="confirmed" date="1997-03-24"/>
  </code>
  <code code="UK">
    <editdetail attribution="Reuters BIP Coding Group" action="confirmed" date="1997-03-24"/>
  </code>
</codes>
<codes class="bip:industries:1.0">
  <code code="I13000">
    <editdetail attribution="Reuters BIP Coding Group" action="confirmed" date="1997-03-24"/>
  </code>
  <code code="I1300003">
    <editdetail attribution="Reuters BIP Coding Group" action="confirmed" date="1997-03-24"/>
  </code>
</codes>
<codes class="bip:topics:1.0">
  <code code="C21">
    <editdetail attribution="Reuters BIP Coding Group" action="confirmed" date="1997-03-24"/>
  </code>
  <code code="CCAT">
    <editdetail attribution="Reuters BIP Coding Group" action="confirmed" date="1997-03-24"/>
  </code>
</codes>
<dc element="dc.date.created" value="1997-03-24"/>
<dc element="dc.publisher" value="Reuters Holdings Plc"/>
<dc element="dc.date.published" value="1997-03-24"/>
<dc element="dc.source" value="Reuters"/>
<dc element="dc.creator.location" value="LONDON"/>
<dc element="dc.creator.location.country.name" value="UK"/>
<dc element="dc.source" value="Reuters"/>
</metadata>
</newsitem>
