<?xml version="1.0" encoding="iso-8859-1" ?>
<newsitem itemid="462640" id="root" date="1997-03-24" xml:lang="en">
<title>UK: HK stocks in London slip, cautious after HK rally.</title>
<headline>HK stocks in London slip, cautious after HK rally.</headline>
<dateline>LONDON 1997-03-24</dateline>
<text>
<p>Hong Kong shares in London nudged lower on Monday as an overnight rally in Hong Kong failed to carry through to London and weakness in UK shares weighed on stocks, traders said.</p>
<p>The Hang Seng London Reference Index was down 34.22 points, or 0.27 percent, at 12,714.92 by 1530 GMT.</p>
<p>&quot;I don't think people trust the movement in Hong Kong overnight and no-one's jumping in to follow it,&quot; one trader said.</p>
<p>Traders said bank stocks were weaker this morning, and despite rebounding later in the day they were still trading below Hong Kong closing levels.</p>
<p>They said all the property developers were marked lower after good rises overnight.</p>
<p>HSBC Holdings was trading at HK$178.125 in London after closing at HK$178.500 in Hong Kong, and Wharf Holdings was at HK$30.850 after closing in Hong Kong at HK$31.200.</p>
<p>-- Tara FitzGerald, London Newsroom +44 171 542 4366</p>
</text>
<copyright>(c) Reuters Limited 1997</copyright>
<metadata>
<codes class="bip:countries:1.0">
  <code code="HKONG">
    <editdetail attribution="Reuters BIP Coding Group" action="confirmed" date="1997-03-24"/>
  </code>
  <code code="UK">
    <editdetail attribution="Reuters BIP Coding Group" action="confirmed" date="1997-03-24"/>
  </code>
</codes>
<codes class="bip:topics:1.0">
  <code code="M11">
    <editdetail attribution="Reuters BIP Coding Group" action="confirmed" date="1997-03-24"/>
  </code>
  <code code="MCAT">
    <editdetail attribution="Reuters BIP Coding Group" action="confirmed" date="1997-03-24"/>
  </code>
</codes>
<dc element="dc.date.created" value="1997-03-24"/>
<dc element="dc.publisher" value="Reuters Holdings Plc"/>
<dc element="dc.date.published" value="1997-03-24"/>
<dc element="dc.source" value="Reuters"/>
<dc element="dc.creator.location" value="LONDON"/>
<dc element="dc.creator.location.country.name" value="UK"/>
<dc element="dc.source" value="Reuters"/>
</metadata>
</newsitem>
