<?xml version="1.0" encoding="iso-8859-1" ?>
<newsitem itemid="462623" id="root" date="1997-03-24" xml:lang="en">
<title>UK: LIFFE suspends Dec 97 Bund contract pending review.</title>
<headline>LIFFE suspends Dec 97 Bund contract pending review.</headline>
<dateline>LONDON 1997-03-24</dateline>
<text>
<p>The London International Financial Futures and Options Exchange (LIFFE) on Monday said it was suspending its December 1997 Bund futures contract pending a review of legal specifications, particularly criteria for deliverable debt.  </p>
<p>&quot;Today's announcement by the Bundesbank outlining the planned issuance for the second quarter of 1997 of Federal German government debt shows a change to the issuance maturity of 10-year Bundesanleihen debt,&quot; LIFFE said in a statement.</p>
<p>&quot;In view of this fact the Board has determined that the listing of the December 1997 delivery month of the Bund contract shall be suspended with immediate effect, pending a review of the legal specification and specifically the deliverable criteria,&quot; the statement said.</p>
<p>LIFFE said members would be informed of the results of the review and relisting of the month &quot;as soon as practicable&quot;.  </p>
<p>A LIFFE official told Reuters the review takes into account any change that the Bundesbank may make in issuing policy.</p>
<p>&quot;Only deutschemark debt of maturity between 8-1/2 and 10 years is currently deliverable into the LIFFE Bund contract,&quot; the official said.</p>
<p>The Bundesbank, as issuing agent for the German government, said on Monday the government planned some 44 billion marks of debt issuance in the second quarter</p>
<p>There is currently no open interest on the December 1997 Bund contract, the LIFFE official said.</p>
<p>-- International Bonds Unit +44 171 542 6784</p>
</text>
<copyright>(c) Reuters Limited 1997</copyright>
<metadata>
<codes class="bip:countries:1.0">
  <code code="GFR">
    <editdetail attribution="Reuters BIP Coding Group" action="confirmed" date="1997-03-24"/>
  </code>
  <code code="UK">
    <editdetail attribution="Reuters BIP Coding Group" action="confirmed" date="1997-03-24"/>
  </code>
</codes>
<codes class="bip:topics:1.0">
  <code code="M12">
    <editdetail attribution="Reuters BIP Coding Group" action="confirmed" date="1997-03-24"/>
  </code>
  <code code="MCAT">
    <editdetail attribution="Reuters BIP Coding Group" action="confirmed" date="1997-03-24"/>
  </code>
</codes>
<dc element="dc.date.created" value="1997-03-24"/>
<dc element="dc.publisher" value="Reuters Holdings Plc"/>
<dc element="dc.date.published" value="1997-03-24"/>
<dc element="dc.source" value="Reuters"/>
<dc element="dc.creator.location" value="LONDON"/>
<dc element="dc.creator.location.country.name" value="UK"/>
<dc element="dc.source" value="Reuters"/>
</metadata>
</newsitem>
