<?xml version="1.0" encoding="iso-8859-1" ?>
<newsitem itemid="462656" id="root" date="1997-03-24" xml:lang="en">
<title>CANADA: Teenagers sought refuge from cult group suicide.</title>
<headline>Teenagers sought refuge from cult group suicide.</headline>
<byline>Patrick White</byline>
<dateline>QUEBEC CITY 1997-03-24</dateline>
<text>
<p>Three teenagers who survived the weekend group suicide of their parents and three other members of the Solar Temple death cult had been given the choice of living or dying, Quebec police said on Monday.</p>
<p>Police found the charred bodies of the three women and two men on Saturday night in a house owned by a member of the Order of the Solar Temple, an international sect that believes death by ritualized suicide leads to rebirth in a star called &quot;Sirius.&quot;</p>
<p>Two victims were the owner of the house, Didier Queze, 39, and his wife, Chantale Goupillot, also 39. Their bodies were found in a second-floor bedroom, laid out on a bed with another couple in the form of a cross.</p>
<p>As firefighters fought the blaze on Saturday, the three teenage children of Queze and Goupillot emerged dazed and shaky from a nearby shed. They appeared heavily drugged and anxiously asked firefighters about the fate of their parents.</p>
<p>The children, a 14-year-old girl and two boys, 13 and 16, told police that their parents had asked them whether they wanted to join the group suicide, which cult members believed was a &quot;departure&quot; to another world, police said.</p>
<p>&quot;On Saturday, the children spoke with their parents and were given the choice of staying or leaving and they chose to take refuge outside the house,&quot; Mathias Tellier, a spokesman for the Surete du Quebec, the provincial police force, told Reuters.</p>
<p>&quot;The children took sleeping pills, to lessen their pain or sadness over of what was happening inside the house,&quot; Tellier said.</p>
<p>After being examined at the Laval University Hospital Center in Quebec City, the teenagers were turned over to the Quebec Youth protection agency (Direction de Protection de la jeunesse).</p>
<p>&quot;Physically speaking, the kids are doing fine but psychologically speaking, they are traumatized and under a state of shock,&quot; agency official Jean Lortie said.</p>
<p>&quot;For us they are orphans and they have no families. Nobody from Switzerland and France has contacted us yet,&quot; he said.</p>
<p>The children's parents and three other people -- Suzanne Druau, Goupillot's 63-year-old mother, Bruno Klaus, 49, and Pauline Rioux, 54 -- died after a deliberately set fire burned the inside of the house, police said.</p>
<p>Investigators found propane gas tanks and electric hot plates grouped on the ground floor of the house. A fire accelerant, which may have been gasoline, had been spread around the home. Goupillot was found on a sofa on the ground floor with a plastic bag wrapped over her head.</p>
<p>A Quebec coroner said he expected to have autopsy results of the five victims on Thursday.</p>
<p>Meanwhile, Quebec police said they contacted between 30 and 40 people in Quebec who are believed to still be members of the Solar Temple. French and Swiss authorities have already taken similar measures.</p>
<p>The deaths brought to 74 the known number of fatalities involving members of the Order of the Solar Temple. In October 1994, five people were found in a burned out chalet in Morin Heights, a trendy ski resort in the Laurentians region north of Montreal.</p>
<p>The dead included a couple and their baby, who had been stabbed in the heart.</p>
<p>At almost the same time, 48 bodies were found in a farmhouse and two chalets in the Swiss villages of Cheiry and Granges-sur-Salvan. Some of those victims had been stabbed, poisoned, shot or asphyxiated.</p>
<p>In December 1995, police found 16 charred bodies in a remote area of the French Alps. The victims include three children and Edith Vuarnet, wife of a 1960 Olympic ski champion, and her son Patrick.</p>
</text>
<copyright>(c) Reuters Limited 1997</copyright>
<metadata>
<codes class="bip:countries:1.0">
  <code code="CANA">
    <editdetail attribution="Reuters BIP Coding Group" action="confirmed" date="1997-03-24"/>
  </code>
</codes>
<codes class="bip:topics:1.0">
  <code code="GCAT">
    <editdetail attribution="Reuters BIP Coding Group" action="confirmed" date="1997-03-24"/>
  </code>
  <code code="GODD">
    <editdetail attribution="Reuters BIP Coding Group" action="confirmed" date="1997-03-24"/>
  </code>
  <code code="GREL">
    <editdetail attribution="Reuters BIP Coding Group" action="confirmed" date="1997-03-24"/>
  </code>
</codes>
<dc element="dc.date.created" value="1997-03-24"/>
<dc element="dc.publisher" value="Reuters Holdings Plc"/>
<dc element="dc.date.published" value="1997-03-24"/>
<dc element="dc.source" value="Reuters"/>
<dc element="dc.creator.location" value="QUEBEC CITY"/>
<dc element="dc.creator.location.country.name" value="CANADA"/>
<dc element="dc.source" value="Reuters"/>
</metadata>
</newsitem>
