<?xml version="1.0" encoding="iso-8859-1" ?>
<newsitem itemid="462668" id="root" date="1997-03-24" xml:lang="en">
<title>ANGOLA: Port conditions update - Angola - Lloyds Shipping.</title>
<headline>Port conditions update - Angola - Lloyds Shipping.</headline>
<text>
<p>Port conditions from Lloyds Shipping Intelligence Service --</p>
<p>ANGOLA, March 24 - Luanda - Public sector workers, which included ministries of commerce, health and finance, taking industrial action in one or two day strikes. This has started to effect customs in the port area, but only appears so far to be carried out in Luanda.</p>
</text>
<copyright>(c) Reuters Limited 1997</copyright>
<metadata>
<codes class="bip:countries:1.0">
  <code code="ANGOL">
    <editdetail attribution="Reuters BIP Coding Group" action="confirmed" date="1997-03-24"/>
  </code>
</codes>
<codes class="bip:industries:1.0">
  <code code="I76300">
    <editdetail attribution="Reuters BIP Coding Group" action="confirmed" date="1997-03-24"/>
  </code>
</codes>
<codes class="bip:topics:1.0">
  <code code="C24">
    <editdetail attribution="Reuters BIP Coding Group" action="confirmed" date="1997-03-24"/>
  </code>
  <code code="CCAT">
    <editdetail attribution="Reuters BIP Coding Group" action="confirmed" date="1997-03-24"/>
  </code>
</codes>
<dc element="dc.publisher" value="Reuters Holdings Plc"/>
<dc element="dc.date.published" value="1997-03-24"/>
<dc element="dc.source" value="Reuters"/>
<dc element="dc.creator.location.country.name" value="ANGOLA"/>
<dc element="dc.source" value="Reuters"/>
</metadata>
</newsitem>
