<?xml version="1.0" encoding="iso-8859-1" ?>
<newsitem itemid="462637" id="root" date="1997-03-24" xml:lang="en">
<title>UK: UK gilts this week-FOMC takes eyes off UK election.</title>
<headline>UK gilts this week-FOMC takes eyes off UK election.</headline>
<byline>Catherine Bremer</byline>
<dateline>LONDON 1997-03-24</dateline>
<text>
<p>UK gilts will suffer more flutters over fears of a U.S. interest rate rise this week than from political sideswipes as the UK election campaign cools off for the Easter break on Friday.</p>
<p>HSBC Markets analyst Don Smith said &quot;everything paled into insignificance&quot; beside the meeting of the U.S. Federal Open Market Committee (FOMC) on Tuesday, as dealers fear a 1/4 point rate hike may be announced.</p>
<p>Smith said the market had factored in a tightening, but he thought Federal Reserve chairman Alan Greenspan would wait another month before raising rates.</p>
<p>&quot;Gilts would get some support from a decision not to raise rates,&quot; said Smith. &quot;If, on the other hand, Greenspan does increase by a 1/4 percent, that will undoubtedly send the market off - but only slightly as the market's looking further ahead.&quot;</p>
<p>U.S. central bank policymakers were expected to vote to tighten rates in order to cool rapid growth, which analysts say could reach four percent in the first quarter of 1997.</p>
<p>&quot;A rate rise in the U.S. would be negative for global bond markets and would confirm we are heading for a change in the interest rate cycle this year,&quot; Graham McDevitt, head of bond strategy at Paribas Capital Markets in London said.</p>
<p>Analysts said the success of Wednesday's 10-year gilt auction would hinge on the FOMC meeting, although the market had been making room for the new benchmark issue for some time.</p>
<p>&quot;Volume is going to stay very thin on Monday and Tuesday,&quot; said Kleinwort Benson analyst Steve Scott, &quot;But buying at the auction may be a natural way back into the market. There's a good chance of prices going up after the auction.&quot;</p>
<p>The Bank of England is to issue 2.5 billion sterling worth of debt with a 2007 maturity and 7.25 percent yield.</p>
<p>Gilts were unmoved by Monday's revised fourth quarter GDP data as it barely changed provisional estimates.</p>
<p>Final quarter growth was unchanged at 0.8 percent, while the year-on-year figure was revised down to 2.6 percent from 2.7.</p>
<p>Also released were balance of payment figures showing that the current account was virtually in balance in 1996, its best performance since a small surplus in 1985. Chancellor of the Exchequer Kenneth Clarke said they showed the UK economy was not out of control and that &quot;the boom was not a consumer bubble&quot;.</p>
<p>On the political front, the last thing the gilt market wants is a revival of support for the ruling Conservative Party, currently 20 points and more behind in the polls.</p>
<p>UK markets have always favoured the Tories but far more of a problem than a Labour government, which has shed its tax and spending image, would be the uncertainty of a hung parliament or coalition government.</p>
<p>Gilts showed signs of volatility last week after Prime Minister John Major set Britain's election date for May 1, but traders said they expected the initial rumbles to settle down.</p>
<p>&quot;We're in for a quiet couple of weeks on the political front,&quot; said Smith, &quot;It's a long election campaign. The parties aren't going to fire all their ammunition straight away.&quot;</p>
<p>Analysts said a perceived revival in Conservative party support could widen gilt/bund yield spread.</p>
<p>Gilts were trading 185 basis points over 10-year Bunds on Monday. Just before the 1992 election that spread ballooned to 227 as fears of a Labour government gripped the market.</p>
<p>This time, Labour is a very different prospect. Merrill Lynch economists said a Labour lead was narrowing the yield spread as investors weighed up the relative prospects of Britain's joining a European single currency under a Labour government, and the possibility of a tougher monetary stance.</p>
<p>UK trade data due Wednesday at 0930 GMT is expected to show Britain's trade gap with non-European nations has narrowed, according to a Reuter poll of economists.</p>
<p>January figures for trade with non-European nations, released last month, showed Britain's trade shortfall dropped to 398 million stg from 640 million the month before. -- London Newsroom +44 171 542 7717</p>
</text>
<copyright>(c) Reuters Limited 1997</copyright>
<metadata>
<codes class="bip:countries:1.0">
  <code code="UK">
    <editdetail attribution="Reuters BIP Coding Group" action="confirmed" date="1997-03-24"/>
  </code>
</codes>
<codes class="bip:topics:1.0">
  <code code="M12">
    <editdetail attribution="Reuters BIP Coding Group" action="confirmed" date="1997-03-24"/>
  </code>
  <code code="MCAT">
    <editdetail attribution="Reuters BIP Coding Group" action="confirmed" date="1997-03-24"/>
  </code>
</codes>
<dc element="dc.date.created" value="1997-03-24"/>
<dc element="dc.publisher" value="Reuters Holdings Plc"/>
<dc element="dc.date.published" value="1997-03-24"/>
<dc element="dc.source" value="Reuters"/>
<dc element="dc.creator.location" value="LONDON"/>
<dc element="dc.creator.location.country.name" value="UK"/>
<dc element="dc.source" value="Reuters"/>
</metadata>
</newsitem>
