<?xml version="1.0" encoding="iso-8859-1" ?>
<newsitem itemid="462654" id="root" date="1997-03-24" xml:lang="en">
<title>CANADA: Toronto indices closing - March 24.</title>
<headline>Toronto indices closing - March 24.</headline>
<text>
<p>Coms			 6144.30   +69.52</p>
<p> Met/Min		    5681.77   +72.61</p>
<p> Gold			10542.42   -52.36</p>
<p> Oil/Gas		    6514.44   +49.99</p>
<p> Volume		  91,316,692</p>
</text>
<copyright>(c) Reuters Limited 1997</copyright>
<metadata>
<codes class="bip:countries:1.0">
  <code code="CANA">
    <editdetail attribution="Reuters BIP Coding Group" action="confirmed" date="1997-03-24"/>
  </code>
</codes>
<codes class="bip:topics:1.0">
  <code code="M11">
    <editdetail attribution="Reuters BIP Coding Group" action="confirmed" date="1997-03-24"/>
  </code>
  <code code="MCAT">
    <editdetail attribution="Reuters BIP Coding Group" action="confirmed" date="1997-03-24"/>
  </code>
</codes>
<dc element="dc.publisher" value="Reuters Holdings Plc"/>
<dc element="dc.date.published" value="1997-03-24"/>
<dc element="dc.source" value="Reuters"/>
<dc element="dc.creator.location.country.name" value="CANADA"/>
<dc element="dc.source" value="Reuters"/>
</metadata>
</newsitem>
