<?xml version="1.0" encoding="iso-8859-1" ?>
<newsitem itemid="462699" id="root" date="1997-03-24" xml:lang="en">
<title>KENYA: Kenyan bank denies split in top ranks.</title>
<headline>Kenyan bank denies split in top ranks.</headline>
<byline>Wambui Chege</byline>
<dateline>NAIROBI 1997-03-24</dateline>
<text>
<p>The Kenya Commercial Bank Group (KCB) on Monday denied reports of a split in its top ranks as brokers at the Nairobi Stock Exchange reported cautious trading with investors waiting for events to unfold at the bank.</p>
<p>The KCB board of directors called a news conference to deny local media allegations that differences between chairman and chief executive Alexander Kaminchia and general manager Elijah arap Bii had split management and was undermining performance.</p>
<p>&quot;At no time has there been any corporate war or any conflict within the bank's top management. Consequently, there are no groupings or split in the board or senior management,&quot; senior Treasury official Njeru Kirira told reporters.</p>
<p>On Friday, the independent The People weekly newspaper spoke of an unfolding corporate war between Kaminchia and Bii. It said the sharp rift had put the bank's future in jeopardy.</p>
<p>Kaminchia described the report, which suggested he feared losing his position to Bii, as &quot;lies and nonsense&quot;.</p>
<p>Asked whether he planned to leave his job, Kaminchia said: &quot;I am not about to retire. This is a presidential appointment and I will retire at the president's leisure.&quot;</p>
<p>Nairobi Stock Exchange brokers said investors were treading cautiously in the wake of the reports, waiting for events to unfold. KCB eased to 94 from 95 in Monday trading.</p>
<p>&quot;There's bound to be a slight shock in the market mainly out of panic but not for the long term,&quot; a senior broker said.</p>
<p>&quot;The problem, however, is small and solvable and can easily be sorted out by the government. If politics gets in the way of sound management, it can easily do away with one of them (bank executives),&quot; another broker said.</p>
<p>Kaminchia made no specific reference to the KCB stock.</p>
<p>The government owns 60 percent of KCB while 40 percent belongs to the public through the Nairobi Stock Exchange.</p>
<p>Market analysts said a majority of foreign investor interest in KCB was unlikely to be discouraged as the main logic behind their investment was a belief the share was undervalued. On Monday, foreign investors bought 20,900 shares at 95 and 94.50.</p>
<p>Early this month, KCB announced a seven percent rise in pre-tax profits to 4.045 billion shillings ($73.67 million) in the trading year to 31 December 1996 compared with 3.784 billion shillings in the previous year.</p>
<p>($1=54.9 Kenyan shillings).</p>
<p>--Nairobi Newsroom ++254-2 330-261.</p>
</text>
<copyright>(c) Reuters Limited 1997</copyright>
<metadata>
<codes class="bip:countries:1.0">
  <code code="KENYA">
    <editdetail attribution="Reuters BIP Coding Group" action="confirmed" date="1997-03-24"/>
  </code>
</codes>
<codes class="bip:industries:1.0">
  <code code="I81402">
    <editdetail attribution="Reuters BIP Coding Group" action="confirmed" date="1997-03-24"/>
  </code>
</codes>
<codes class="bip:topics:1.0">
  <code code="C41">
    <editdetail attribution="Reuters BIP Coding Group" action="confirmed" date="1997-03-24"/>
  </code>
  <code code="C411">
    <editdetail attribution="Reuters BIP Coding Group" action="confirmed" date="1997-03-24"/>
  </code>
  <code code="CCAT">
    <editdetail attribution="Reuters BIP Coding Group" action="confirmed" date="1997-03-24"/>
  </code>
</codes>
<dc element="dc.date.created" value="1997-03-24"/>
<dc element="dc.publisher" value="Reuters Holdings Plc"/>
<dc element="dc.date.published" value="1997-03-24"/>
<dc element="dc.source" value="Reuters"/>
<dc element="dc.creator.location" value="NAIROBI"/>
<dc element="dc.creator.location.country.name" value="KENYA"/>
<dc element="dc.source" value="Reuters"/>
</metadata>
</newsitem>
