<?xml version="1.0" encoding="iso-8859-1" ?>
<newsitem itemid="462666" id="root" date="1997-03-24" xml:lang="en">
<title>ZAIRE: Zaire's Prime Minister Kengo resigns.</title>
<headline>Zaire's Prime Minister Kengo resigns.</headline>
<dateline>KINSHASA 1997-03-24</dateline>
<text>
<p>Prime Minister Kengo wa Dondo of Zaire, where rebels have taken over about a quarter of the country, resigned on Monday, a spokesman for his party said.</p>
<p>&quot;The prime minister handed his resignation to the President (Mobutu Sese Seko),&quot; Zola Kinkela, spokesman for the Union of Independent Democrats (UDI), told Reuters in Kinshasa.</p>
<p>Kengo had become the prime scapegoat for the government army's failure to stem the advance of Laurent Kabila's rebels.</p>
<p>The transitional parliament voted to oust Kengo and his government last week but the prime minister had earlier rejected the move as unconstitutional.</p>
<p>Political analysts said Kengo's decision to quit was inevitable after Mobutu effectively backed parliament's position on Monday, saying he &quot;took note&quot; of the anti-Kengo vote.</p>
<p>Zola said Kengo handed his resignation to Mobutu at 6:30 P.M. (1630 GMT).</p>
<p>Political parties were expected to meet quickly to designate a successor. Zaire's main opposition leader, Etienne Tshisekedi, is a likely candidate if he can agree key conditions with Mobutu, political sources said.</p>
<p>Under the terms of the transitional constitution, opposition parties in parliament have the right to pick the prime minister.</p>
<p>Kengo had been prime minister since 1994. Mobutu picked him largely because of his track record as an able administrator who enjoyed a degree of confidence among Western donors.</p>
<p>But Kengo was a soft target after the launch of the rebellion last October. His pledges to muster a strong defence by the army proved empty and his parenthood -- half Belgian and half Tutsi -- left him vulnerable to claims he was in league with the Tutsi-led rebels.</p>
</text>
<copyright>(c) Reuters Limited 1997</copyright>
<metadata>
<codes class="bip:countries:1.0">
  <code code="ZAIRE">
    <editdetail attribution="Reuters BIP Coding Group" action="confirmed" date="1997-03-24"/>
  </code>
</codes>
<codes class="bip:topics:1.0">
  <code code="GCAT">
    <editdetail attribution="Reuters BIP Coding Group" action="confirmed" date="1997-03-24"/>
  </code>
  <code code="GPOL">
    <editdetail attribution="Reuters BIP Coding Group" action="confirmed" date="1997-03-24"/>
  </code>
  <code code="GVIO">
    <editdetail attribution="Reuters BIP Coding Group" action="confirmed" date="1997-03-24"/>
  </code>
</codes>
<dc element="dc.date.created" value="1997-03-24"/>
<dc element="dc.publisher" value="Reuters Holdings Plc"/>
<dc element="dc.date.published" value="1997-03-24"/>
<dc element="dc.source" value="Reuters"/>
<dc element="dc.creator.location" value="KINSHASA"/>
<dc element="dc.creator.location.country.name" value="ZAIRE"/>
<dc element="dc.source" value="Reuters"/>
</metadata>
</newsitem>
