<?xml version="1.0" encoding="iso-8859-1" ?>
<newsitem itemid="462682" id="root" date="1997-03-24" xml:lang="en">
<title>NIGERIA: Nigeria executes two robbers.</title>
<headline>Nigeria executes two robbers.</headline>
<dateline>LAGOS 1997-03-24</dateline>
<text>
<p>Nigeria's military authorities have executed two convicted armed robbers by a firing squad, the national news agency reported on Monday.</p>
<p>It said several people from nearby Yola and Jimeta towns trekked a distance of about 10 km (six miles) to watch the execution which took place at the weekend in the northern Veninkilan village.</p>
<p>The executed men were convicted of armed robbery and inflicting injuries on their victims during separate incidents in 1992, the agency said.</p>
<p>The local and international communities have criticised the Nigerian government for executing robbers. But the military authorities, under fire for alleged human rights abuses, say it is the only way to stem violent crime which is common in most of the nation's impoverished cities.</p>
</text>
<copyright>(c) Reuters Limited 1997</copyright>
<metadata>
<codes class="bip:countries:1.0">
  <code code="NIGEA">
    <editdetail attribution="Reuters BIP Coding Group" action="confirmed" date="1997-03-24"/>
  </code>
</codes>
<codes class="bip:topics:1.0">
  <code code="GCAT">
    <editdetail attribution="Reuters BIP Coding Group" action="confirmed" date="1997-03-24"/>
  </code>
  <code code="GCRIM">
    <editdetail attribution="Reuters BIP Coding Group" action="confirmed" date="1997-03-24"/>
  </code>
</codes>
<dc element="dc.date.created" value="1997-03-24"/>
<dc element="dc.publisher" value="Reuters Holdings Plc"/>
<dc element="dc.date.published" value="1997-03-24"/>
<dc element="dc.source" value="Reuters"/>
<dc element="dc.creator.location" value="LAGOS"/>
<dc element="dc.creator.location.country.name" value="NIGERIA"/>
<dc element="dc.source" value="Reuters"/>
</metadata>
</newsitem>
