<?xml version="1.0" encoding="iso-8859-1" ?>
<newsitem itemid="462678" id="root" date="1997-03-24" xml:lang="en">
<title>ZAIRE: Advancing rebels claim scalp of Zaire PM.</title>
<headline>Advancing rebels claim scalp of Zaire PM.</headline>
<byline>William Wallis</byline>
<dateline>KINSHASA 1996-03-25</dateline>
<text>
<p>Zaire's advancing rebels have claimed their biggest political scalp so far, forcing the resignation of President Mobutu Sese Seko's prime minister.</p>
<p>After five months of apparently unstoppable rebel successes in the east of the vast country, Kengo wa Dondo threw in the towel on Monday night.</p>
<p>The resignation plunged the capital Kinshasa into political uncertainty as hundreds of American, Belgian and French troops gathered across the mighty Zaire river in neighbouring Congo to prepare to evacuate foreign nationals.</p>
<p>The sizeable foreign force was mustering in Brazzaville with the stated mission of being ready to evacuate the estimated 7,000 Westerners living in Zaire.</p>
<p>&quot;It is impossible for me to continue my task and therefore I resign,&quot; Kengo said in his letter of resignation to Mobutu.</p>
<p>The 66-year-old president, struggling against prostate cancer as well as Laurent Kabila's rebellion, accepted the letter but asked Kengo to remain in office until a successor was found.</p>
<p>A host of aspirants were jostling for the job but Etienne Tshisekedi, a longtime foe of Mobutu, was clearly the preferred candidate on the streets of Kinshasa.</p>
<p>Opposition parties were meeting on Tuesday to try to designate the new premier. Under Zaire's transitional constitution the opposition picks its choice but Mobutu must give his approval.</p>
<p>The paramount issue facing a new government is how to persuade Kabila to agree a ceasefire and enter negotiations.</p>
<p>Kabila, rejecting a U.N. ceasefire resolution, has said he will only stop fighting after the start of direct talks with Mobutu or Zaire's crumbling army.</p>
<p>Kengo, accusing Uganda and Rwanda of backing the rebels, had rejected any compromise but his pledge to whip the indisciplined army into shape proved empty.</p>
<p>The rebels, now in control of about one quarter of the country, are advancing on the vital Shaba region in the south whose colossal resources of copper, cobalt and precious metals make Zaire one of Africa's potentially richest countries.</p>
<p>Mobutu's MPR party signalled a major policy shift on Monday night, saying it now backed face-to-face talks with Kabila.</p>
<p>&quot;The MPR thinks that direct negotiations with the rebels are very necessary. We are prepared to meet the devil himself to make peace and save lives,&quot; MPR vice-chairman Banza Mukalayi told Reuters.</p>
<p>U.S. Defence Secretary William Cohen said on Monday that 219 U.S. troops were on standby near Zaire to evacuate American citizens and more than 600 troops should be in the area by Tuesday.</p>
<p>Other U.S. defence officials said the 219 American troops were in Brazzaville and in Gabon's capital Libreville.</p>
<p>Belgium began airlifting the first of 550 soldiers to Congo on Monday in operation &quot;Green Stream&quot;, the sixth of its kind since Zaire won independence from Belgium in 1960.</p>
<p>&quot;If necessary we'll stay in Brazzaville but I would prefer to get access to Kinshasa to help our nationals,&quot; Belgian Defence Minister Jean-Pol Poncelet told BRTN television. &quot;The Americans and French have the same problem,&quot; he said.</p>
<p>Military sources in Paris said on Monday 300 French troops were in Brazzaville.</p>
<p>African efforts to mediate a solution to the Zaire crisis will begin on Tuesday in the West African state of Togo when foreign ministers meet ahead of a summit on Wednesday.</p>
<p>Kabila's aides said he would not attend the Organisation of African Unity (OAU) summit because of security fears in Togo, a close ally of Zaire's Mobutu.</p>
<p>But the rebels, invited to an OAU forum for the first time, were sending a senior delegation.</p>
<p>In Kinshasa, Mukalayi said Mobutu was still convalescing but would be represented by a three-man delegation: Andre Boboliko, a parliamentary vice-president and opposition supporter, Honore Ngbanda, Mobutu's security adviser, and Tshimbombo Mukuna, head of Zaire's intelligence services.</p>
</text>
<copyright>(c) Reuters Limited 1997</copyright>
<metadata>
<codes class="bip:countries:1.0">
  <code code="ZAIRE">
    <editdetail attribution="Reuters BIP Coding Group" action="confirmed" date="1997-03-24"/>
  </code>
</codes>
<codes class="bip:topics:1.0">
  <code code="GCAT">
    <editdetail attribution="Reuters BIP Coding Group" action="confirmed" date="1997-03-24"/>
  </code>
  <code code="GVIO">
    <editdetail attribution="Reuters BIP Coding Group" action="confirmed" date="1997-03-24"/>
  </code>
</codes>
<dc element="dc.date.created" value="1996-03-25"/>
<dc element="dc.publisher" value="Reuters Holdings Plc"/>
<dc element="dc.date.published" value="1997-03-24"/>
<dc element="dc.source" value="Reuters"/>
<dc element="dc.creator.location" value="KINSHASA"/>
<dc element="dc.creator.location.country.name" value="ZAIRE"/>
<dc element="dc.source" value="Reuters"/>
</metadata>
</newsitem>
