<?xml version="1.0" encoding="iso-8859-1" ?>
<newsitem itemid="462689" id="root" date="1997-03-24" xml:lang="en">
<title>KENYA: Zaire rebels target Shaba, Mbuji-Mayi before truce.</title>
<headline>Zaire rebels target Shaba, Mbuji-Mayi before truce.</headline>
<byline>Buchizya Mseteka</byline>
<dateline>NAIROBI 1997-03-24</dateline>
<text>
<p>Zairean rebels are unlikely to agree to a ceasefire until they have irreversibly broken the back of the government of President Mobutu Sese Seko, a regional military source said on Monday.</p>
<p>The devastating blow would be dealt by the rebels capturing the mineral-rich Shaba region and the diamond centre of Mbuji-Mayi, he said.</p>
<p>The source, who closely monitors the war between Laurent Kabila's Alliance of Democratic Forces for the Liberation of Congo-Zaire (ADFL) and Zaire's ragged and fast retreating mercenary-backed army, said the ADFL was consolidating troops in Shaba province.</p>
<p>He said the troop consolidation in the volatile region, where the embattled Kinshasa government has deployed the elite presidential guard, was in preparation for a final assault on the Shaba capital Lubumbashi.</p>
<p>&quot;All our information and intelligence points to the fact that they (rebels) are unlikely to agree to a ceasefire before taking Lubumbashi,&quot; the source said.</p>
<p>&quot;They are also eyeing Mbuji-Mayi and troop movements in that direction have been detected. The central political theme in the Alliance is they need Lubumbashi and Mbuji-Mayi to irreversibly break Mobutu,&quot; he said.</p>
<p>&quot;Once the two areas are taken, the rebels believe it will be impossible for Mobutu to survive or to be intransigent at the negotiating table. He will have no economy to talk of.&quot;</p>
<p>The source said rebel forces were advancing towards the town of Kasenga 190 km (120 miles) from Lubumbashi. Other frontline fighting units were moving from Kabila's home village of Manono towards the huge American-built military base at Kamina some 310 km (190 miles) away.</p>
<p>The political climate in rebellion-prone Shaba will make it extremely difficult for the Zairean army and even the well-equipped and better paid presidential guard to mount a good fight against the rebels, the source added.</p>
<p>Reporters in Lubumbashi say the people of Shaba province, whose mineral wealth has helped keep Mobutu's Zaire afloat during three decades of ruinous rule, have high hopes of Kabila's rebellion.</p>
<p>Ordinary Shaba people complain that corruption and self-enrichment by officials have eaten away at hopes of economic progress.</p>
<p>Shaba region, better known locally by its traditional name Katanga, is sitting on some of the world's richest reserves of copper, cobalt and other precious minerals.</p>
<p>Opposition to Mobutu's government runs high in Shaba province in the south which has fought several times in vain for secession during Mobutu's 32 years in power in Zaire.</p>
<p>Alliance officials say their forces are moving fast towards the diamond capital Mbuji-Mayi and frontline units were within 100 km (60 miles) reach of the city, a view backed by the regional source.</p>
<p>The alliance already controls more than a fifth of the giant but chaotic Central African nation.</p>
<p>The source said Kabila had come under intense international pressure to agree to a ceasefire and South Africa had dispatched an envoy on Monday to sound him out on latest proposals.</p>
<p>&quot;The South Africans have sent people to see Kabila in Kisangani. They are on their way there as we talk,&quot; the source added.</p>
<p>Kabila has refused to attend a special summit on Wednesday of the Organisation of African Unity (OAU) called to tackle the Zaire crisis but he dispatched a senior aide to represent him.</p>
<p>And in a major drawback for the summit, officials in Rwanda and Uganda said the two countries -- accused by Zaire of backing Kabila's forces -- would only send low-level ministerial delegations.</p>
<p>Rwanda is sending Foreign Minister Anastaza Gasana while Uganda will be represented by Minister of State for Foreign Affairs and Regional Cooperation Rebecca Kadaga.</p>
<p>Analysts said without the personal attendance of Ugandan president and regional power broker Yoweri Museveni and Rwandan President Pasteur Bizimungu, it will be impossible for the OAU summit to extract a truce out of the victorious rebels.</p>
</text>
<copyright>(c) Reuters Limited 1997</copyright>
<metadata>
<codes class="bip:countries:1.0">
  <code code="ZAIRE">
    <editdetail attribution="Reuters BIP Coding Group" action="confirmed" date="1997-03-24"/>
  </code>
</codes>
<codes class="bip:topics:1.0">
  <code code="GCAT">
    <editdetail attribution="Reuters BIP Coding Group" action="confirmed" date="1997-03-24"/>
  </code>
  <code code="GVIO">
    <editdetail attribution="Reuters BIP Coding Group" action="confirmed" date="1997-03-24"/>
  </code>
</codes>
<dc element="dc.date.created" value="1997-03-24"/>
<dc element="dc.publisher" value="Reuters Holdings Plc"/>
<dc element="dc.date.published" value="1997-03-24"/>
<dc element="dc.source" value="Reuters"/>
<dc element="dc.creator.location" value="NAIROBI"/>
<dc element="dc.creator.location.country.name" value="KENYA"/>
<dc element="dc.source" value="Reuters"/>
</metadata>
</newsitem>
