<?xml version="1.0" encoding="iso-8859-1" ?>
<newsitem itemid="462600" id="root" date="1997-03-24" xml:lang="en">
<title>UK: Copper consumption growth seen strong - CRU.</title>
<headline>Copper consumption growth seen strong - CRU.</headline>
<dateline>LONDON 1997-03-24</dateline>
<text>
<p>World copper consumption is growing strongly, and the prospects are for growth to continue at double the historic average of 1.5 percent a year, industry specialists CRU International said.</p>
<p>In a special report CRU said construction is now the big growth market for copper, more than compenstating for reduced usage in telecommunications.</p>
<p>&quot;By 2010 global annual consumption levels should reach almost 18 million tonnes, 50 percent more than today,&quot; it said.</p>
<p>Copper usage in emerging countries, such as China, India, will account for almost half of the increase. The market will also gain from the recovery of the CIS and Eastern European countries, which will use an extra 1.6 million tonnes by 2010, it added.</p>
<p>--London Newsroom 44 171 542 8080</p>
</text>
<copyright>(c) Reuters Limited 1997</copyright>
<metadata>
<codes class="bip:countries:1.0">
  <code code="UK">
    <editdetail attribution="Reuters BIP Coding Group" action="confirmed" date="1997-03-24"/>
  </code>
</codes>
<codes class="bip:topics:1.0">
  <code code="M14">
    <editdetail attribution="Reuters BIP Coding Group" action="confirmed" date="1997-03-24"/>
  </code>
  <code code="M142">
    <editdetail attribution="Reuters BIP Coding Group" action="confirmed" date="1997-03-24"/>
  </code>
  <code code="MCAT">
    <editdetail attribution="Reuters BIP Coding Group" action="confirmed" date="1997-03-24"/>
  </code>
</codes>
<dc element="dc.date.created" value="1997-03-24"/>
<dc element="dc.publisher" value="Reuters Holdings Plc"/>
<dc element="dc.date.published" value="1997-03-24"/>
<dc element="dc.source" value="Reuters"/>
<dc element="dc.creator.location" value="LONDON"/>
<dc element="dc.creator.location.country.name" value="UK"/>
<dc element="dc.source" value="Reuters"/>
</metadata>
</newsitem>
