<?xml version="1.0" encoding="iso-8859-1" ?>
<newsitem itemid="462606" id="root" date="1997-03-24" xml:lang="en">
<title>UK: Japanese stocks in London hold firm after weakness.</title>
<headline>Japanese stocks in London hold firm after weakness.</headline>
<dateline>LONDON 1997-03-24</dateline>
<text>
<p>Japanese shares held firm in London on Monday after weaknes overnight in Tokyo on reports there could be further hikes in consumption tax in Japan, traders said.</p>
<p>&quot;The market (in Japan) overreacted anyway, partly because tomorrow is the last day for fiscal year-end closing...so there was some year-end selling and that was why the market reacted so sharply,&quot; one trader said.</p>
<p>&quot;The market in London was very firm and it would certainly suggest we'll see a bounce tomorrow in Tokyo,&quot; the trader said.</p>
<p>London's Nikkei/Ise 50 share index finished 21.97 points lower at 1,422.88.</p>
<p>The market was quiet overall but traders said people were particularly looking at some of the high-quality blue-chip stocks and bank issues.</p>
<p>&quot;The fall overnight was quite overdone. Some of the closings are definitely too low and we've seen buyers on the back of that,&quot; another trader said.</p>
<p>The Nikkei-225 index finished down 589.34 points or 3.16 percent to 18,043.82.</p>
<p>-- Tara FitzGerald, London Newsroom +44 171 542 4366</p>
</text>
<copyright>(c) Reuters Limited 1997</copyright>
<metadata>
<codes class="bip:countries:1.0">
  <code code="JAP">
    <editdetail attribution="Reuters BIP Coding Group" action="confirmed" date="1997-03-24"/>
  </code>
  <code code="UK">
    <editdetail attribution="Reuters BIP Coding Group" action="confirmed" date="1997-03-24"/>
  </code>
</codes>
<codes class="bip:topics:1.0">
  <code code="M11">
    <editdetail attribution="Reuters BIP Coding Group" action="confirmed" date="1997-03-24"/>
  </code>
  <code code="MCAT">
    <editdetail attribution="Reuters BIP Coding Group" action="confirmed" date="1997-03-24"/>
  </code>
</codes>
<dc element="dc.date.created" value="1997-03-24"/>
<dc element="dc.publisher" value="Reuters Holdings Plc"/>
<dc element="dc.date.published" value="1997-03-24"/>
<dc element="dc.source" value="Reuters"/>
<dc element="dc.creator.location" value="LONDON"/>
<dc element="dc.creator.location.country.name" value="UK"/>
<dc element="dc.source" value="Reuters"/>
</metadata>
</newsitem>
