<?xml version="1.0" encoding="iso-8859-1" ?>
<newsitem itemid="462670" id="root" date="1997-03-24" xml:lang="en">
<title>ZAIRE: Zaire's Mobutu signals he might change premier.</title>
<headline>Zaire's Mobutu signals he might change premier.</headline>
<byline>William Wallis</byline>
<dateline>KINSHASA 1997-03-24</dateline>
<text>
<p>Zaire's ailing President Mobutu Sese Seko, battling rebels and political infighting as well as cancer, signalled on Monday he was ready to accept a new prime minister.</p>
<p>State radio said that Mobutu, who arrived back in Zaire on Friday after more cancer treatment in Europe, had &quot;taken note&quot; of a disputed vote by the transitional parliament to sack Prime Minister Kengo wa Dondo.</p>
<p>Kengo, a Mobutu ally for two decades despite joining the moderate opposition in recent years, looked likely to pay the price for the rebel advance, political sources said.</p>
<p>&quot;He has effectively been ousted,&quot; a senior government official close to Kengo told Reuters.</p>
<p>Supporters of veteran opposition leader Etienne Tshisekedi, who has long coveted the premiership, and even Mobutu loyalists, said the veteran president's comments suggested that Kengo's government, in office since 1994, was finished.</p>
<p>&quot;Mobutu has taken note...If he did not agree he would have said so,&quot; Andre Boboliko, a vice-president of parliament, said. Boboliko, whose radical pro-opposition group spearheaded the motion to dump Kengo, said opposition parties would meet soon to chose a candidate for the premiership.</p>
<p>Mobutu's 32-year reign is facing gradual collapse because of the dramatic success of the rebellion in the east launched last October by Laurent Kabila.</p>
<p>The veteran anti-Mobutu fighter now controls about one quarter of Africa's third-largest country.</p>
<p>The Organisation of African Unity (OAU) holds a special summit on the Zaire crisis on Wednesday in the small West African state of Togo. There was no official word from Kinshasa whether Mobutu would attend but Kabila, invited to an OAU meeting for the first time, agreed to send a delegation.</p>
<p>Kabila's aides told Reuters in Kisangani that Bizima Karaha, chief foreign policy strategist for the rebel Alliance of Democratic Forces for the Liberation of Congo-Zaire (ADFL), would attend the summit in Lome, the Togolese capital.</p>
<p>The aides said Kabila would not be going because of security concerns.</p>
<p>Togo's President Gnassingbe Eyadema, in power since 1967, is one of Mobutu's closest political friends and is among the African leaders distrusted by Zaire's rebels.</p>
<p>Officials in Rwanda and Uganda told Reuters the two countries -- accused by Zaire of backing Kabila's forces -- would only send low-level ministerial delegations.</p>
<p>Mobutu refused to be drawn on Sunday about whether he would negotiate with Kabila. &quot;In the next 48 hours you will know,&quot; he told reporters.</p>
<p>Diplomatic efforts to end the war have focused on calls for a truce and talks.</p>
<p>The U.N. Security Council came up with a ceasefire plan, which the Zairean government accepted but Kabila demanded direct talks with Mobutu before a ceasefire.</p>
<p>U.S. and French envoys were lobbying about 20 African governments on Monday to push for a ceasefire agreement at the Lome summit, French officials said.</p>
<p>&quot;Joint Franco-American approaches are being made today in a number of African countries to draw their attention to the importance we place upon the end of hostilities and the start of negotiations,&quot; Foreign Ministry spokesman Jacques Rummelhardt told reporters in Paris.</p>
<p>U.N. envoy Mohamed Sahnoun had talks with Kabila in Kisangani on Saturday but Kabila stood firm -- with 10,000 enthusiastic supporters calling for the war to continue.</p>
<p>The rebels say their forces are 200 km (125 miles) from the southern mining capital of Lubumbashi and half that distance from the diamond-mining capital of Mbuji-Mayi.</p>
<p>Belgium started airlifting paratroopers to Zaire on Monday, ready to evacuate Belgian citizens from its war-torn former colony.</p>
<p>Operation &quot;Green Stream&quot;, the sixth of its kind since Zairean independence in 1960, will fly 550 Belgian soldiers to Brazzaville, the capital of Congo, which lies just across the Zaire river from the Zairean capital Kinshasa.</p>
<p>The United States and France have sent troops to the region, ready to rescue their citizens should that prove necessary.</p>
</text>
<copyright>(c) Reuters Limited 1997</copyright>
<metadata>
<codes class="bip:countries:1.0">
  <code code="ZAIRE">
    <editdetail attribution="Reuters BIP Coding Group" action="confirmed" date="1997-03-24"/>
  </code>
</codes>
<codes class="bip:topics:1.0">
  <code code="GCAT">
    <editdetail attribution="Reuters BIP Coding Group" action="confirmed" date="1997-03-24"/>
  </code>
  <code code="GPOL">
    <editdetail attribution="Reuters BIP Coding Group" action="confirmed" date="1997-03-24"/>
  </code>
  <code code="GVIO">
    <editdetail attribution="Reuters BIP Coding Group" action="confirmed" date="1997-03-24"/>
  </code>
</codes>
<dc element="dc.date.created" value="1997-03-24"/>
<dc element="dc.publisher" value="Reuters Holdings Plc"/>
<dc element="dc.date.published" value="1997-03-24"/>
<dc element="dc.source" value="Reuters"/>
<dc element="dc.creator.location" value="KINSHASA"/>
<dc element="dc.creator.location.country.name" value="ZAIRE"/>
<dc element="dc.source" value="Reuters"/>
</metadata>
</newsitem>
