<?xml version="1.0" encoding="iso-8859-1" ?>
<newsitem itemid="462690" id="root" date="1997-03-24" xml:lang="en">
<title>SOUTH AFRICA: S.African diplomats grapple with rights issues.</title>
<headline>S.African diplomats grapple with rights issues.</headline>
<dateline>CAPE TOWN 1997-03-24</dateline>
<text>
<p>South Africa cannot satisfy over-ambitious expectations that it will champion human rights causes around the world, a senior diplomat said on Monday.</p>
<p>&quot;Precisely because we have carried this human rights torch, the expectation is that we are going to speak about each and every human rights violation wherever it rears its head,&quot; Tebogo Mafole, a deputy director general in the foreign affairs department, told a parliamentary committee.</p>
<p>&quot;We haven't been able to live up to the expectations,&quot; he said, citing President Nelson Mandela's trip to Southeast Asia earlier this month during which he was criticised for not taking Burma to task over human rights.</p>
<p>Another foreign affairs official Lesley Labuschagne told the committee that South Africa was involved in a secret initiative over Burma, but declined to give details in public.</p>
<p>Mandela, who won the Nobel peace prize in 1993 for his role in defeating apartheid, has committed his government to making human rights a cornerstone of foreign policy.</p>
<p>But Anthony Mongalo, responsible for Africa within the foreign affairs department, said this was a difficult policy to interpret.</p>
<p>&quot;In the Far East, their concept of human rights is different to ours. How do we impose our standards on others?&quot; he asked.</p>
<p>Citing a row with the United States earlier this year over proposals to sell arms to Syria, Mongalo said if South Africa refused to sell weapons to countries that violated human rights, &quot;you sell to nowhere&quot;.</p>
</text>
<copyright>(c) Reuters Limited 1997</copyright>
<metadata>
<codes class="bip:countries:1.0">
  <code code="SAFR">
    <editdetail attribution="Reuters BIP Coding Group" action="confirmed" date="1997-03-24"/>
  </code>
</codes>
<codes class="bip:topics:1.0">
  <code code="GCAT">
    <editdetail attribution="Reuters BIP Coding Group" action="confirmed" date="1997-03-24"/>
  </code>
  <code code="GDIP">
    <editdetail attribution="Reuters BIP Coding Group" action="confirmed" date="1997-03-24"/>
  </code>
  <code code="GPOL">
    <editdetail attribution="Reuters BIP Coding Group" action="confirmed" date="1997-03-24"/>
  </code>
</codes>
<dc element="dc.date.created" value="1997-03-24"/>
<dc element="dc.publisher" value="Reuters Holdings Plc"/>
<dc element="dc.date.published" value="1997-03-24"/>
<dc element="dc.source" value="Reuters"/>
<dc element="dc.creator.location" value="CAPE TOWN"/>
<dc element="dc.creator.location.country.name" value="SOUTH AFRICA"/>
<dc element="dc.source" value="Reuters"/>
</metadata>
</newsitem>
