<?xml version="1.0" encoding="iso-8859-1" ?>
<newsitem itemid="462636" id="root" date="1997-03-24" xml:lang="en">
<title>UK: London Tea Auction price indications.</title>
<headline>London Tea Auction price indications.</headline>
<dateline>LONDON 1997-03-24</dateline>
<text>
<p>At today's London landed Tea Auction of 11,521 packages of 53.50 kgs, including 5,600 offshore, price indications in pence a kilo compared to the last sale and the corresponding week last year.</p>
<p>    Best available  195   (153)</p>
<p>    Good		152   (145)</p>
<p>    Good Medium     140   (135)</p>
<p>    Medium	    133   (128)</p>
<p>    Low Medium	unq   (100)</p>
<p>The highest price paid was 195 pence for a Burundi PD.</p>
</text>
<copyright>(c) Reuters Limited 1997</copyright>
<metadata>
<codes class="bip:countries:1.0">
  <code code="UK">
    <editdetail attribution="Reuters BIP Coding Group" action="confirmed" date="1997-03-24"/>
  </code>
</codes>
<codes class="bip:topics:1.0">
  <code code="M14">
    <editdetail attribution="Reuters BIP Coding Group" action="confirmed" date="1997-03-24"/>
  </code>
  <code code="M141">
    <editdetail attribution="Reuters BIP Coding Group" action="confirmed" date="1997-03-24"/>
  </code>
  <code code="MCAT">
    <editdetail attribution="Reuters BIP Coding Group" action="confirmed" date="1997-03-24"/>
  </code>
</codes>
<dc element="dc.date.created" value="1997-03-24"/>
<dc element="dc.publisher" value="Reuters Holdings Plc"/>
<dc element="dc.date.published" value="1997-03-24"/>
<dc element="dc.source" value="Reuters"/>
<dc element="dc.creator.location" value="LONDON"/>
<dc element="dc.creator.location.country.name" value="UK"/>
<dc element="dc.source" value="Reuters"/>
</metadata>
</newsitem>
