<?xml version="1.0" encoding="iso-8859-1" ?>
<newsitem itemid="462653" id="root" date="1997-03-24" xml:lang="en">
<title>CANADA: Montreal indices closing - March 24.</title>
<headline>Montreal indices closing - March 24.</headline>
<text>
<p>Industrials		  2908.35  +36.99</p>
<p> Utilities		    2750.82  +33.21</p>
<p> Banks			  4902.89 +123.64</p>
<p> Portfolio		    3118.61  +61.65</p>
<p> Volume			15175093</p>
</text>
<copyright>(c) Reuters Limited 1997</copyright>
<metadata>
<codes class="bip:countries:1.0">
  <code code="CANA">
    <editdetail attribution="Reuters BIP Coding Group" action="confirmed" date="1997-03-24"/>
  </code>
</codes>
<codes class="bip:topics:1.0">
  <code code="M11">
    <editdetail attribution="Reuters BIP Coding Group" action="confirmed" date="1997-03-24"/>
  </code>
  <code code="MCAT">
    <editdetail attribution="Reuters BIP Coding Group" action="confirmed" date="1997-03-24"/>
  </code>
</codes>
<dc element="dc.publisher" value="Reuters Holdings Plc"/>
<dc element="dc.date.published" value="1997-03-24"/>
<dc element="dc.source" value="Reuters"/>
<dc element="dc.creator.location.country.name" value="CANADA"/>
<dc element="dc.source" value="Reuters"/>
</metadata>
</newsitem>
