<?xml version="1.0" encoding="iso-8859-1" ?>
<newsitem itemid="462698" id="root" date="1997-03-24" xml:lang="en">
<title>SOUTH AFRICA: S.African golds fall to close, trade seen subdued.</title>
<headline>S.African golds fall to close, trade seen subdued.</headline>
<dateline>JOHANNESBURG</dateline>
<text>
<p>South African gold shares closed Monday's quiet trade far down, bashed by a weak bullion price, expectations of poor first quarter gold mine results and worry about a possible U.S. rate hike, dealers said.</p>
<p>The bullion price held slightly above the key $350 an ounce level for much of the day before falling through and was last trading at $349.10/60 an ounce.</p>
<p>Dealers said that the first quarter gold reporting round, kicking off on April 17 with Gold Fields of South Africa Ltd, was likely to be disappointing due to the soft dollar gold price, firmer rand and four public holidays in the period.</p>
<p>Tuesday's Federal reserve meeting, at which Governor Alan Greenspan was largely expected to hike U.S. interest rates by 0.25 percentage points, was also sparking nerves.</p>
<p>Greg Amoils, portfolio manager at Irish &amp; Co, added that in the event of Greenspan not raising rates, local industrial shares could even enjoy some firming.</p>
<p>&quot;Any strong or reasonable factor could influence the market strongly. If Greenspan doesn't raise rates then our industrials could see a little run up,&quot; he said.</p>
<p>Otherwise, trade on Monday was subdued, and seen hushed for the rest of the week, by vacation fever ahead of the Good Friday and Easter Monday holidays as players relinquished positions for closed markets, dealers said.</p>
<p>They added that the local industrial board was well-supported and unlikely to shrink much in this quiet trade.</p>
<p>&quot;Johannesburg is being very resilient. As much as you hit it, it's not coming off,&quot; a dealer said.</p>
<p>Gold shares fell 56.4 points to 1,326.0, industrials hopped 5.7 points to 8,328.4 and all-shares dipped 9.6 points to 7,088.9 points.</p>
</text>
<copyright>(c) Reuters Limited 1997</copyright>
<metadata>
<codes class="bip:countries:1.0">
  <code code="SAFR">
    <editdetail attribution="Reuters BIP Coding Group" action="confirmed" date="1997-03-24"/>
  </code>
</codes>
<codes class="bip:topics:1.0">
  <code code="M11">
    <editdetail attribution="Reuters BIP Coding Group" action="confirmed" date="1997-03-24"/>
  </code>
  <code code="MCAT">
    <editdetail attribution="Reuters BIP Coding Group" action="confirmed" date="1997-03-24"/>
  </code>
</codes>
<dc element="dc.publisher" value="Reuters Holdings Plc"/>
<dc element="dc.date.published" value="1997-03-24"/>
<dc element="dc.source" value="Reuters"/>
<dc element="dc.creator.location" value="JOHANNESBURG"/>
<dc element="dc.creator.location.country.name" value="SOUTH AFRICA"/>
<dc element="dc.source" value="Reuters"/>
</metadata>
</newsitem>
