<?xml version="1.0" encoding="iso-8859-1" ?>
<newsitem itemid="462665" id="root" date="1997-03-24" xml:lang="en">
<title>ZAIRE: Zaire prime minister resigns in face of rebel war.</title>
<headline>Zaire prime minister resigns in face of rebel war.</headline>
<byline>William Wallis</byline>
<dateline>KINSHASA 1997-03-24</dateline>
<text>
<p>Zaire's embattled Prime Minister Kengo wa Dondo, a victim of the rebellion in the east and political infighting in the capital, resigned on Monday, a spokesman said.</p>
<p>State television said ailing President Mobutu Sese Seko had accepted the resignation but asked Kengo and his government to remain in office until a successor was found.</p>
<p>&quot;The prime minister handed his resignation to the President (Mobutu Sese Seko),&quot; Zola Kinkela, spokesman for Kengo's Union of Independent Democrats (UDI), told Reuters in Kinshasa.</p>
<p>Under Zaire's transitional constitution, opposition parties can designate the prime minister. They were due to meet quickly and Etienne Tshisekedi, an opposition radical, was one of the leading candidates, political sources said.</p>
<p>The transitional parliament voted to oust Kengo and his government last week but the prime minister had earlier rejected the move as unconstitutional.</p>
<p>Political analysts said Kengo's decision to quit was inevitable after Mobutu effectively backed parliament's position on Monday, saying he &quot;took note&quot; of the anti-Kengo vote.</p>
<p>Kengo was appointed in 1994 as Mobutu sought a credible figure to try to restore Zaire's relations with Western donors, undermined by rampant corruption and abuse of human rights.</p>
<p>But he was overwhelmed, with the rest of the Kinshasa political class, by the speed and vigour of Laurent Kabila's rebellion in the east.</p>
<p>Only five months after launching the offensive, Kabila controls about a quarter of the vast country.</p>
<p>Kengo's pledges of turning the tide were empty as the indisciplined government army collapsed in the field.</p>
<p>Mobutu's 32-year reign is looking shakier by the day, partly because the president is struggling against prostate cancer which has kept him in Europe for most of the past eight months. He returned to Kinshasa last Friday.</p>
<p>A host of aspirants were jostling for the vacant premiership. On the streets of Kinshasa the most popular is Tshisekedi, a long-time Mobutu foe who has never accepted his sacking as prime minister in 1992.</p>
<p>&quot;Tshisekedi has always been prime minister,&quot; one of his senior aides, Laurent Mbayo, told Reuters when asked if Tshisekedi was a candidate to succeed Kengo.</p>
<p>&quot;He's been holding cabinet meetings every Thursday since 1992,&quot; Mbayo said.</p>
<p>The Organisation of African Unity (OAU) holds a special summit on the Zaire crisis on Wednesday in the small West African state of Togo. There was no official word from Kinshasa whether Mobutu would attend but Kabila, invited to an OAU meeting for the first time, agreed to send a delegation.</p>
<p>Kabila's aides told Reuters in Kisangani that Bizima Karaha, chief foreign policy strategist for the rebel Alliance of Democratic Forces for the Liberation of Congo-Zaire (ADFL), would attend the summit in Lome, the Togolese capital.</p>
<p>The aides said Kabila would not be going because of security concerns.</p>
<p>Togo's President Gnassingbe Eyadema, in power since 1967, is one of Mobutu's closest political friends and is among the African leaders distrusted by Zaire's rebels.</p>
<p>Mobutu refused to be drawn on Sunday about whether he would negotiate with Kabila. &quot;In the next 48 hours you will know,&quot; he told reporters.</p>
<p>Diplomatic efforts to end the war have focused on calls for a truce and talks.</p>
<p>The U.N. Security Council came up with a ceasefire plan, which the Zairean government accepted, but Kabila demanded direct talks with Mobutu before a ceasefire.</p>
<p>U.S. and French envoys were lobbying about 20 African governments on Monday to push for a ceasefire agreement at the Lome summit, French officials said.</p>
<p>Belgium started airlifting paratroopers to Zaire on Monday, ready to evacuate Belgian citizens from its war-torn former colony.</p>
<p>Operation &quot;Green Stream&quot;, the sixth of its kind since Zairean independence in 1960, will fly 550 Belgian soldiers to Brazzaville, the capital of Congo, which lies just across the Zaire river from the Zairean capital Kinshasa.</p>
<p>The United States and France have sent troops to the region, ready to rescue their citizens should that prove necessary.</p>
</text>
<copyright>(c) Reuters Limited 1997</copyright>
<metadata>
<codes class="bip:countries:1.0">
  <code code="ZAIRE">
    <editdetail attribution="Reuters BIP Coding Group" action="confirmed" date="1997-03-24"/>
  </code>
</codes>
<codes class="bip:topics:1.0">
  <code code="GCAT">
    <editdetail attribution="Reuters BIP Coding Group" action="confirmed" date="1997-03-24"/>
  </code>
  <code code="GPOL">
    <editdetail attribution="Reuters BIP Coding Group" action="confirmed" date="1997-03-24"/>
  </code>
  <code code="GVIO">
    <editdetail attribution="Reuters BIP Coding Group" action="confirmed" date="1997-03-24"/>
  </code>
</codes>
<dc element="dc.date.created" value="1997-03-24"/>
<dc element="dc.publisher" value="Reuters Holdings Plc"/>
<dc element="dc.date.published" value="1997-03-24"/>
<dc element="dc.source" value="Reuters"/>
<dc element="dc.creator.location" value="KINSHASA"/>
<dc element="dc.creator.location.country.name" value="ZAIRE"/>
<dc element="dc.source" value="Reuters"/>
</metadata>
</newsitem>
