<?xml version="1.0" encoding="iso-8859-1" ?>
<newsitem itemid="462692" id="root" date="1997-03-24" xml:lang="en">
<title>COTE D'IVOIRE: Ivory Coast coffee arrivals seen at 150,000 T.</title>
<headline>Ivory Coast coffee arrivals seen at 150,000 T.</headline>
<byline>Matthew Bunce</byline>
<dateline>ABIDJAN 1997-03-24</dateline>
<text>
<p>Port arrivals of 1996/97 (Oct-Sept) Ivorian coffee totalled about 150,000 tonnes by March 16 compared to about 110,000 tonnes in 1995/96 despite doubts over quality, exporters said.</p>
<p>&quot;It is a larger crop than last year,&quot; said one industry buyer. &quot;The figures tie in with forecasts of upwards of 230,000 tonnes but as with last year marketing has been left a little later because of a large cocoa crop.&quot;</p>
<p>Ivory Coast produced around 180,000 tonnes of mainly robusta coffee in 1995/96 and has slated 230,000 tonnes for 1996/97.</p>
<p>A mild January-March flowering period in early 1996 and a peak in the strong-moderate-weak production cycle had helped boost the 1996/97 harvest, crop analysts said.</p>
<p>Exporters said 120,000 tonnes had been taken to Abidjan and 30,000 to Ivory Coast's second port, San Pedro, since the season opened in mid-November.</p>
<p>Port sources put coffee exports to mid-March at little over 40,000 tonnes as sorting and grading had slowed port throughput, leaving warehouse stocks of around 100,000 tonnes.</p>
<p>&quot;Trade is still talking about 230,000 tonnes to 300,000 tonnes but even 230,000 tonnes is big for Ivory Coast,&quot; said one. &quot;Exports are still low so stocks have built up.&quot;</p>
<p>Large volumes of cocoa had reduced available warehouse space from December until a wave of shipments against March contracts, exporters said in February.</p>
<p>Coffee marketing usually picks up from Janaury as cocoa arrivals fall.</p>
<p>One port source said quality problems meant that not more than 150,000 tonnes would be exported in 1996/97, but others disagreed.</p>
<p>&quot;There is now a lot of buying of all grades but the coffee is taking a long time to prepare for export,&quot; he added.</p>
<p>Yields per hectare had risen this year -- with one plantation manager citing 600 kilos per hectare compared to 400 last year -- but grading was taking much longer.</p>
<p>Exporters who fund upcountry purchases to meet export contracts (Oct-Sept year) said careless harvesting and poor sorting continued to be a problem.</p>
<p>Markets were now being found for lower grades after a world price rally followed a slump in late 1996, exporters said.</p>
<p>&quot;Everything will find a way out so nothing will be wasted. Some will be sent out to eastern Europe or other such markets,&quot; said one. &quot;There are possiblities for black beans (sub-grade) but you never know what arrangement people have been able to make.&quot;</p>
<p>Crop analysts recently touring upcountry farms said village farmers' wives were still busy winnowing large volumes of coffee initially rejected by upcountry buyers.</p>
<p>Farm union officials said coffee had had been badly stored after rains hampered drying in December. Some cooperatives were still short of sacks for sending coffee to ports, one said.</p>
<p>-- Matthew Bunce, Abidjan Newsroom +225 21 90 90</p>
</text>
<copyright>(c) Reuters Limited 1997</copyright>
<metadata>
<codes class="bip:countries:1.0">
  <code code="ICST">
    <editdetail attribution="Reuters BIP Coding Group" action="confirmed" date="1997-03-24"/>
  </code>
</codes>
<codes class="bip:industries:1.0">
  <code code="I01001">
    <editdetail attribution="Reuters BIP Coding Group" action="confirmed" date="1997-03-24"/>
  </code>
  <code code="I0100137">
    <editdetail attribution="Reuters BIP Coding Group" action="confirmed" date="1997-03-24"/>
  </code>
</codes>
<codes class="bip:topics:1.0">
  <code code="C21">
    <editdetail attribution="Reuters BIP Coding Group" action="confirmed" date="1997-03-24"/>
  </code>
  <code code="C31">
    <editdetail attribution="Reuters BIP Coding Group" action="confirmed" date="1997-03-24"/>
  </code>
  <code code="C312">
    <editdetail attribution="Reuters BIP Coding Group" action="confirmed" date="1997-03-24"/>
  </code>
  <code code="CCAT">
    <editdetail attribution="Reuters BIP Coding Group" action="confirmed" date="1997-03-24"/>
  </code>
  <code code="M14">
    <editdetail attribution="Reuters BIP Coding Group" action="confirmed" date="1997-03-24"/>
  </code>
  <code code="M141">
    <editdetail attribution="Reuters BIP Coding Group" action="confirmed" date="1997-03-24"/>
  </code>
  <code code="MCAT">
    <editdetail attribution="Reuters BIP Coding Group" action="confirmed" date="1997-03-24"/>
  </code>
</codes>
<dc element="dc.date.created" value="1997-03-24"/>
<dc element="dc.publisher" value="Reuters Holdings Plc"/>
<dc element="dc.date.published" value="1997-03-24"/>
<dc element="dc.source" value="Reuters"/>
<dc element="dc.creator.location" value="ABIDJAN"/>
<dc element="dc.creator.location.country.name" value="COTE D'IVOIRE"/>
<dc element="dc.source" value="Reuters"/>
</metadata>
</newsitem>
