<?xml version="1.0" encoding="iso-8859-1" ?>
<newsitem itemid="462630" id="root" date="1997-03-24" xml:lang="en">
<title>UK: UK charity funds beat indices in 1996 -- survey.</title>
<headline>UK charity funds beat indices in 1996 -- survey.</headline>
<dateline>LONDON 1997-03-24</dateline>
<text>
<p>UK charity funds outperformed the main indices in almost all sectors in 1996, a report on the sector from the WM Company said.</p>
<p>The report, surveying more than 350 charity funds with total assets of 10 billion stg, said funds produced an average overall return of 11.7 percent in 1996, above the three year return of eight percent and close to the 12.1 percent average return of the past 10 years.</p>
<p>It said UK equities were the best performing major sector, earning some 17.1 percent against a FTSE All-Share return of 16.7 percent.</p>
<p>In overseas investments, charity funds outperformed or matched the key indices in all but one of the major markets -- the Pacific excluding Japan.</p>
<p>Overall overseas returns of 2.6 percent were ahead of the FT/S&amp;P World (ex UK) index return of 1.4 percent.</p>
<p>&quot;North America and Europe both delivered strong returns of over 12 percent, but the negative return from Japan of minus 22 percent was disappointing,&quot; WM director Peter Warrington said.</p>
<p>&quot;The benefits of overseas investments generally were reduced by the strong appreciation of sterling during the year.&quot;</p>
<p>WM said performance was not significantly affected by the differing investment objectives of the funds, although those funds with a requirement to provide a high level of income slightly outperformed those with full discretion and those with asset mix restrictions.</p>
<p>Funds with high income targets have a relatively high proportion of their assets in UK bonds.</p>
<p>&quot;While this may have held them back, its effect was offset by their light exposure to those overseas markets which performed poorly and they suffered less from sterling's appreciation,&quot; Warrington said.</p>
<p>-- Andrew Gill, London newsroom +44 171 542 5887</p>
</text>
<copyright>(c) Reuters Limited 1997</copyright>
<metadata>
<codes class="bip:countries:1.0">
  <code code="UK">
    <editdetail attribution="Reuters BIP Coding Group" action="confirmed" date="1997-03-24"/>
  </code>
</codes>
<codes class="bip:industries:1.0">
  <code code="I81502">
    <editdetail attribution="Reuters BIP Coding Group" action="confirmed" date="1997-03-24"/>
  </code>
</codes>
<codes class="bip:topics:1.0">
  <code code="C15">
    <editdetail attribution="Reuters BIP Coding Group" action="confirmed" date="1997-03-24"/>
  </code>
  <code code="C151">
    <editdetail attribution="Reuters BIP Coding Group" action="confirmed" date="1997-03-24"/>
  </code>
  <code code="CCAT">
    <editdetail attribution="Reuters BIP Coding Group" action="confirmed" date="1997-03-24"/>
  </code>
</codes>
<dc element="dc.date.created" value="1997-03-24"/>
<dc element="dc.publisher" value="Reuters Holdings Plc"/>
<dc element="dc.date.published" value="1997-03-24"/>
<dc element="dc.source" value="Reuters"/>
<dc element="dc.creator.location" value="LONDON"/>
<dc element="dc.creator.location.country.name" value="UK"/>
<dc element="dc.source" value="Reuters"/>
</metadata>
</newsitem>
