<?xml version="1.0" encoding="iso-8859-1" ?>
<newsitem itemid="462620" id="root" date="1997-03-24" xml:lang="en">
<title>UK: China's Datang debuts on London Stock Exchange.</title>
<headline>China's Datang debuts on London Stock Exchange.</headline>
<dateline>LONDON 1997-03-24</dateline>
<text>
<p>Beijing Datang Power Generation on Monday made its market debut as the first Chinese company to have its shares quoted in London.</p>
<p>Datang, one of China's largest independent electric power producers, raised over HK$3 billion ($387.4 million) in an international equity offering.</p>
<p>The issue, brought to the market by investment banks Morgan Stanley and Dresdner Kleinwort Benson, was heavily oversubcribed.</p>
<p>&quot;We are delighted to welcome Datang to the Exchange. Its listing illustrates that Chinese companies are aware of the strengths of London's financial market and the role the Exchange can play in enabling them to raise capital,&quot; the London Stock Exchange said.</p>
<p>Jiao Yian, Chairman of Datang, Zhou Daojiong, Chairman of the China Securities Regulatory Commission and Ma Zhengang, the new Chinese Ambassador were welcomed to the Exchange by Chairman John Kemp-Welch to mark the occasion.</p>
<p>-- Tara FitzGerald, London Newsroom +44 171 542 4366</p>
</text>
<copyright>(c) Reuters Limited 1997</copyright>
<metadata>
<codes class="bip:countries:1.0">
  <code code="CHINA">
    <editdetail attribution="Reuters BIP Coding Group" action="confirmed" date="1997-03-24"/>
  </code>
  <code code="UK">
    <editdetail attribution="Reuters BIP Coding Group" action="confirmed" date="1997-03-24"/>
  </code>
</codes>
<codes class="bip:industries:1.0">
  <code code="I16100">
    <editdetail attribution="Reuters BIP Coding Group" action="confirmed" date="1997-03-24"/>
  </code>
</codes>
<codes class="bip:topics:1.0">
  <code code="C17">
    <editdetail attribution="Reuters BIP Coding Group" action="confirmed" date="1997-03-24"/>
  </code>
  <code code="C171">
    <editdetail attribution="Reuters BIP Coding Group" action="confirmed" date="1997-03-24"/>
  </code>
  <code code="CCAT">
    <editdetail attribution="Reuters BIP Coding Group" action="confirmed" date="1997-03-24"/>
  </code>
</codes>
<dc element="dc.date.created" value="1997-03-24"/>
<dc element="dc.publisher" value="Reuters Holdings Plc"/>
<dc element="dc.date.published" value="1997-03-24"/>
<dc element="dc.source" value="Reuters"/>
<dc element="dc.creator.location" value="LONDON"/>
<dc element="dc.creator.location.country.name" value="UK"/>
<dc element="dc.source" value="Reuters"/>
</metadata>
</newsitem>
