<?xml version="1.0" encoding="iso-8859-1" ?>
<newsitem itemid="462691" id="root" date="1997-03-24" xml:lang="en">
<title>TANZANIA: Mrs. Clinton begins four-day trip to Tanzania.</title>
<headline>Mrs. Clinton begins four-day trip to Tanzania.</headline>
<byline>Steve Holland</byline>
<dateline>DAR ES SALAAM, Tanzania 1997-03-24</dateline>
<text>
<p>Tanzanian women wrapped a traditional Khanga garment around U.S. First Lady Hillary Rodham Clinton on Monday then clapped their hands and cheered to welcome her on a four-day visit to this East African nation.</p>
<p>In a prelude to a visit to Tanzania's northern safari country -- the exotic high point of her two-week tour of Africa -- Mrs. Clinton and her daughter Chelsea flew from Zimbabwe to the Tanzanian capital, Dar es Salaam, situated on the Indian Ocean.</p>
<p>President Clinton's wife paid a courtesy call on President Benjamin Mkapa, held a roundtable discussion with Tanzanian women on their work to improve their status in the male- dominated society, saw a skull touted as the world's oldest and praised Tanzania's humanitarian role in easing Africa's refugee crisis.</p>
<p>After an hour-long discussion with the women, interrupted once by the screeching of a peacock perched atop the National Museum building where the roundtable was held, a Tanzanian women's rights advocate, Gertrude Mongello, presented Mrs. Clinton with a Khanga.</p>
<p>It is a traditional garment used for just about everything -- a dress, a skirt, a shawl, even a tablecloth. The inscription on Mrs. Clinton's said: &quot;The value of a mother increases. It is like precious gold.&quot;</p>
<p>She wrapped it around like a dress on the clearly delighted Mrs. Clinton, who insisted she keep it on when the women tried to take it off. &quot;Leave it on,&quot; she said.</p>
<p>The women clapped their hands and gave ululations of joy as they escorted Mrs. Clinton out of the humid room.</p>
<p>During the session, Mrs. Clinton praised Tanzania for providing refugees with a safe haven from crises in Burundi and Zaire. U.S. officials estimate at least 300,000 refugees from Burundi and Zaire are on Tanzanian soil.</p>
<p>&quot;The United States is certainly aware of the unique role that Tanzania has played in keeping the peace and being gracious and hospitable to the refugees that come across your border seeking safety. It is an enormous burden that you have borne,&quot; Mrs. Clinton said.</p>
<p>She also urged Tanzania to stay on the path of economic reform and cultural transformation even when times are rough.</p>
<p>&quot;It will not be without difficulties here in this country,&quot; she said. &quot;Take on these hard issues now. They will not be any easier if they are postponed. They will only become more difficult.&quot;</p>
<p>Tanzanian women told Mrs. Clinton they were seeking to improve their education and training, gain legal rights, reduce sexual violence, and cut AIDS infections.</p>
<p>Zakia Meghji, Tanzanian minister of natural resources, said more women need to be involved in policy-making decisions in government.</p>
<p>&quot;If we have more women in policy-making positions, changes will take place,&quot; she said.</p>
<p>Mrs. Clinton crossed to another museum building and took a look at an Australopithecus skull called the world's oldest at 1.75 million years old. Mary Leakey found it in 1959 in Tanzania's Olduvai Gorge, which Mrs. Clinton will visit later this week along with the Ngorongoro Crater and the Serengeti Plain.</p>
<p>Mrs. Clinton told reporters she hopes her trip, which ends March 30, will call attention to Africans' work to strengthen their economies and build their democracies.</p>
<p>&quot;If my coming here can bring more attention to this continent and particularly to the countries we visit, I hope that that will help Americans to have a broader understanding of Africa, and understand more fully the real stake we have in a successful, prosperous, stable Africa in the future,&quot; she said.</p>
</text>
<copyright>(c) Reuters Limited 1997</copyright>
<metadata>
<codes class="bip:countries:1.0">
  <code code="TANZA">
    <editdetail attribution="Reuters BIP Coding Group" action="confirmed" date="1997-03-24"/>
  </code>
  <code code="USA">
    <editdetail attribution="Reuters BIP Coding Group" action="confirmed" date="1997-03-24"/>
  </code>
  <code code="ZIMBAB">
    <editdetail attribution="Reuters BIP Coding Group" action="confirmed" date="1997-03-24"/>
  </code>
</codes>
<codes class="bip:topics:1.0">
  <code code="GCAT">
    <editdetail attribution="Reuters BIP Coding Group" action="confirmed" date="1997-03-24"/>
  </code>
  <code code="GDIP">
    <editdetail attribution="Reuters BIP Coding Group" action="confirmed" date="1997-03-24"/>
  </code>
</codes>
<dc element="dc.date.created" value="1997-03-24"/>
<dc element="dc.publisher" value="Reuters Holdings Plc"/>
<dc element="dc.date.published" value="1997-03-24"/>
<dc element="dc.source" value="Reuters"/>
<dc element="dc.creator.location" value="DAR ES SALAAM, Tanzania"/>
<dc element="dc.creator.location.country.name" value="TANZANIA"/>
<dc element="dc.source" value="Reuters"/>
</metadata>
</newsitem>
