<?xml version="1.0" encoding="iso-8859-1" ?>
<newsitem itemid="462631" id="root" date="1997-03-24" xml:lang="en">
<title>UK: British election delays merger decisions.</title>
<headline>British election delays merger decisions.</headline>
<dateline>LONDON 1997-03-24</dateline>
<text>
<p>Britain's Department of Trade and Industry said on Monday it did not expect to make any decisions on British Airways Plc's planned alliance with AMR Corp's American Airlines until after national elections on May 1.</p>
<p>The mergers watchdog also said it did not plan to take any decisions on three merger reports, including Bass Plc's planned acquisition of Carlsberg-Tetley, before the election.  </p>
<p>British election delays merger decisions =2</p>
<p>Earlier, the Monopolies and Mergers Commission confirmed that its findings on the Bass deal had gone to trade secretary Ian Lang.</p>
<p>The MMC was expected to report by April 4 on Peninsular and Oriental Steam Navigation Co's planned ferry tie-up with Sweden's Stena Line AB and by April 17 on Klaus J. Jacobs Holding AG's planned acquisition of Societe Centrale D'Investissement et Associes.</p>
<p>Normally, Lang would be expected to make a decision on whether to wave a deal through in four to six weeks after delivery of an MMC report.</p>
<p>But Lang said he did not expect to take any decisions on merger cases after the scheduled dissolution of Parliament on April 8, except in a few situations. Bass shares fell 7.5 pence to close at 801.5, while BA slipped 5.0 pence to 631p ($10.11), and P&amp;O ended the day down 9.0 pence at 624.5. ($ = 0.623 British Pounds)</p>
</text>
<copyright>(c) Reuters Limited 1997</copyright>
<metadata>
<codes class="bip:countries:1.0">
  <code code="UK">
    <editdetail attribution="Reuters BIP Coding Group" action="confirmed" date="1997-03-24"/>
  </code>
  <code code="USA">
    <editdetail attribution="Reuters BIP Coding Group" action="confirmed" date="1997-03-24"/>
  </code>
</codes>
<codes class="bip:industries:1.0">
  <code code="I42700">
    <editdetail attribution="Reuters BIP Coding Group" action="confirmed" date="1997-03-24"/>
  </code>
  <code code="I74000">
    <editdetail attribution="Reuters BIP Coding Group" action="confirmed" date="1997-03-24"/>
  </code>
  <code code="I75000">
    <editdetail attribution="Reuters BIP Coding Group" action="confirmed" date="1997-03-24"/>
  </code>
</codes>
<codes class="bip:topics:1.0">
  <code code="C11">
    <editdetail attribution="Reuters BIP Coding Group" action="confirmed" date="1997-03-24"/>
  </code>
  <code code="C13">
    <editdetail attribution="Reuters BIP Coding Group" action="confirmed" date="1997-03-24"/>
  </code>
  <code code="C18">
    <editdetail attribution="Reuters BIP Coding Group" action="confirmed" date="1997-03-24"/>
  </code>
  <code code="C181">
    <editdetail attribution="Reuters BIP Coding Group" action="confirmed" date="1997-03-24"/>
  </code>
  <code code="C34">
    <editdetail attribution="Reuters BIP Coding Group" action="confirmed" date="1997-03-24"/>
  </code>
  <code code="CCAT">
    <editdetail attribution="Reuters BIP Coding Group" action="confirmed" date="1997-03-24"/>
  </code>
</codes>
<dc element="dc.date.created" value="1997-03-24"/>
<dc element="dc.publisher" value="Reuters Holdings Plc"/>
<dc element="dc.date.published" value="1997-03-24"/>
<dc element="dc.source" value="Reuters"/>
<dc element="dc.creator.location" value="LONDON"/>
<dc element="dc.creator.location.country.name" value="UK"/>
<dc element="dc.source" value="Reuters"/>
</metadata>
</newsitem>
