<?xml version="1.0" encoding="iso-8859-1" ?>
<newsitem itemid="462658" id="root" date="1997-03-24" xml:lang="en">
<title>CANADA: British Columbia says seeks more forest jobs.</title>
<headline>British Columbia says seeks more forest jobs.</headline>
<dateline>VICTORIA, British Columbia 1997-03-24</dateline>
<text>
<p>British Columbia vowed on Monday to create 21,000 new jobs in its forest sector by 2001 and held out the promise of reduced bureacracy for forest companies.</p>
<p>The government and industry officials have been negotiating an accord designed to satisfy the province's demands for new forest jobs and respond to forest companies' complaints that regulation is creating excessive costs.</p>
<p>&quot;The jobs and timber accord must...assist the industry as it weathers cyclical changes in world markets,&quot; the government said in a speech from the throne.  </p>
<p>The speech was read by Lieutenant Governor Garde Gardom, the Queen's representative in the province, at the start of a new sitting of the provincial legislature.</p>
<p>The accord must involve a number of initiatives &quot;including a reduction in bureaucracy and red tape and an increase in the level and types of investment undertaken by Forest Renewal B.C.,&quot; the government said. Forest Renewal is a provincial fund created to revitalize the sector's economic base.</p>
<p>Premier Glen Clark has threatened to remove companies' logging rights if they did not create new jobs.</p>
<p>Forest companies including Canada's biggest, MacMillan Bloedel Ltd, have complained that the cost of doing business in British Columbia has soared due to recent stricter regulations.</p>
<p>Executives have said the results of their talks with the province on the jobs and timber accord may be known by the end of March.</p>
<p>((Reuters Vancouver Bureau (604) 664-7314))</p>
</text>
<copyright>(c) Reuters Limited 1997</copyright>
<metadata>
<codes class="bip:countries:1.0">
  <code code="CANA">
    <editdetail attribution="Reuters BIP Coding Group" action="confirmed" date="1997-03-24"/>
  </code>
</codes>
<codes class="bip:industries:1.0">
  <code code="I02000">
    <editdetail attribution="Reuters BIP Coding Group" action="confirmed" date="1997-03-24"/>
  </code>
</codes>
<codes class="bip:topics:1.0">
  <code code="C42">
    <editdetail attribution="Reuters BIP Coding Group" action="confirmed" date="1997-03-24"/>
  </code>
  <code code="CCAT">
    <editdetail attribution="Reuters BIP Coding Group" action="confirmed" date="1997-03-24"/>
  </code>
  <code code="E12">
    <editdetail attribution="Reuters BIP Coding Group" action="confirmed" date="1997-03-24"/>
  </code>
  <code code="E41">
    <editdetail attribution="Reuters BIP Coding Group" action="confirmed" date="1997-03-24"/>
  </code>
  <code code="ECAT">
    <editdetail attribution="Reuters BIP Coding Group" action="confirmed" date="1997-03-24"/>
  </code>
  <code code="GCAT">
    <editdetail attribution="Reuters BIP Coding Group" action="confirmed" date="1997-03-24"/>
  </code>
  <code code="GJOB">
    <editdetail attribution="Reuters BIP Coding Group" action="confirmed" date="1997-03-24"/>
  </code>
</codes>
<dc element="dc.date.created" value="1997-03-24"/>
<dc element="dc.publisher" value="Reuters Holdings Plc"/>
<dc element="dc.date.published" value="1997-03-24"/>
<dc element="dc.source" value="Reuters"/>
<dc element="dc.creator.location" value="VICTORIA, British Columbia"/>
<dc element="dc.creator.location.country.name" value="CANADA"/>
<dc element="dc.source" value="Reuters"/>
</metadata>
</newsitem>
