<?xml version="1.0" encoding="iso-8859-1" ?>
<newsitem itemid="462633" id="root" date="1997-03-24" xml:lang="en">
<title>UK: Sterling debt and futures closing report.</title>
<headline>Sterling debt and futures closing report.</headline>
<dateline>LONDON 1997-03-24</dateline>
<text>
<p>Gilts ended a touch higher on Monday with investors facing a whole host of reasons not to dive into the market, dealers said.</p>
<p>On Tuesday, the Federal Open Market Committee may put up U.S. interest rates by a quarter-point. That could signal the turn of the international interest rate cycle, a bitter pill for the bond markets to swallow.</p>
<p>And for gilts, an auction of 10-year stock on Wednesday will keep trade subdued, as will the Easter holiday starting Friday.</p>
<p>&quot;The auction won't be a problem but I don't expect to see the market rising before it,&quot; one gilts salesman said.  </p>
<p>&quot;It will be a quiet week anyway with Easter coming up.&quot;</p>
<p>Only a paltry 46,000 June gilt future contracts changed hands on Monday. The future settled 4/32 higher at 109-10 which represented something of a come-back having dropped as low as 108-27 earlier in the session.</p>
<p>The market paid little attention to this morning's batch of UK economic data which showed gross domestic product grew by 0.8 percent in the fourth quarter and a current account surplus of 873 million stg.</p>
<p>On Wednesday, the Bank of England will auction 2.5 billion stg of 7.25 percent gilts due 2007 -- the new 10-year benchmark.  </p>
<p>Analysts at Merrill Lynch said with no further 10-year supply expected two months or more, the 10-year gilt could outperform the rest of the curve.</p>
<p>But before the auction comes the FOMC. A poll of 48 economists by Reuters showed 34 expected the Fed to raise its federal funds target to at least 5.50 percent on Tuesday from 5.25 percent. With bond markets ready for a rate rise, they could even rally for a while. But not for too long. &quot;One's really hard pressed to say a Fed rate hike is positive for global bonds,&quot; said George Magnus, chief international economist at UBS.  </p>
<p>&quot;It may be for a day or two but the fundamentals that are giving rise to this Fed rate hike are actually causing sentiment in Japan and Europe to turn,&quot; he added.</p>
<p>The gilt/Bund spread, which was at 182 basis points late last week, edged out to 184 on Monday.</p>
<p>&quot;The domestics aren't really involved at the moment. Everyone is holding back in case the U.S. does anything tomorrow and with the auction on Wednesday,&quot; one gilt dealer said.</p>
<p>June short sterling futures settled unchanged at 93.32 on Monday, pricing in a half-point UK interest rate rise by the end of the first half.  </p>
<p>Jonathan Loynes, UK economist at HSBC Markets, said Monday's robust GDP numbers reaffirmed the likelihood of a rate rise after the May Day election.</p>
<p>&quot;These numbers provide further evidence of the robust background to growth this year,&quot; he said. &quot;We expect base rates to rise by a 1/4 point shortly after the poll.&quot;</p>
<p>-- Mike Peacock, London Newsroom +44 171 542 5109</p>
</text>
<copyright>(c) Reuters Limited 1997</copyright>
<metadata>
<codes class="bip:countries:1.0">
  <code code="UK">
    <editdetail attribution="Reuters BIP Coding Group" action="confirmed" date="1997-03-24"/>
  </code>
</codes>
<codes class="bip:topics:1.0">
  <code code="M12">
    <editdetail attribution="Reuters BIP Coding Group" action="confirmed" date="1997-03-24"/>
  </code>
  <code code="MCAT">
    <editdetail attribution="Reuters BIP Coding Group" action="confirmed" date="1997-03-24"/>
  </code>
</codes>
<dc element="dc.date.created" value="1997-03-24"/>
<dc element="dc.publisher" value="Reuters Holdings Plc"/>
<dc element="dc.date.published" value="1997-03-24"/>
<dc element="dc.source" value="Reuters"/>
<dc element="dc.creator.location" value="LONDON"/>
<dc element="dc.creator.location.country.name" value="UK"/>
<dc element="dc.source" value="Reuters"/>
</metadata>
</newsitem>
