<?xml version="1.0" encoding="iso-8859-1" ?>
<newsitem itemid="462680" id="root" date="1997-03-24" xml:lang="en">
<title>NIGERIA: Nigerian oil shares unmoved despite fuel crisis.</title>
<headline>Nigerian oil shares unmoved despite fuel crisis.</headline>
<dateline>LAGOS 1997-03-24</dateline>
<text>
<p>Oil shares remained steady on the Nigerian stock market on Monday as the fuel crisis that began last week showed no sign of ending.</p>
<p>The all share index was not updated due to technical problems. Traders said the market remained driven by interest in blue chip stocks in banking, conglomerates and food and beverages as traders decided to overlook the oil stocks.</p>
<p>&quot;Dealers were unrelenting in their decision to shun the oil marketers until the fuel supply situation is normalised,&quot; one analyst said. &quot;They hope that way, those in authority would act to end the crisis that is crippling business.&quot;  </p>
<p>Motorists and commuters said on Monday that the fuel shortages that gripped the commercial capital Lagos last week was still on and had spread to neighbouring towns.</p>
<p>Shares of Lever Brothers moved 15 kobo to 25.40 naira, while PZ Industries rose five kobo to 25.70 naira.</p>
<p>Among food shares, Nestle was up 50 kobo to 67.00 naira on increasing demand.</p>
<p>Banks shares also strengthened on growing interest. First Bank led the pack, closing at 18.25 naira, up by 25 kobo, while Union Bank was up at 15.50 naira.</p>
<p>Nigerian Breweries rose 30 kobo to 19.05 naira, showing investors had completely mopped up excess shares that depressed the price for much of last year.</p>
<p>Tyremakers Dunlop added 20 kobo to 13.10 naira, while Industrial Gases surged to 9.00 naira, gaining 25 kobo. But dwindling fortunes at stationery firm Thomas Wyatt forced a 10 kobo drop to 4.70 naira. National Salt Co also fell 10 kobo to 6.10 naira.</p>
<p>($1=85 naira)</p>
<p>-- Lagos newsroom +234 1 263 03 17</p>
</text>
<copyright>(c) Reuters Limited 1997</copyright>
<metadata>
<codes class="bip:countries:1.0">
  <code code="NIGEA">
    <editdetail attribution="Reuters BIP Coding Group" action="confirmed" date="1997-03-24"/>
  </code>
</codes>
<codes class="bip:topics:1.0">
  <code code="M11">
    <editdetail attribution="Reuters BIP Coding Group" action="confirmed" date="1997-03-24"/>
  </code>
  <code code="MCAT">
    <editdetail attribution="Reuters BIP Coding Group" action="confirmed" date="1997-03-24"/>
  </code>
</codes>
<dc element="dc.date.created" value="1997-03-24"/>
<dc element="dc.publisher" value="Reuters Holdings Plc"/>
<dc element="dc.date.published" value="1997-03-24"/>
<dc element="dc.source" value="Reuters"/>
<dc element="dc.creator.location" value="LAGOS"/>
<dc element="dc.creator.location.country.name" value="NIGERIA"/>
<dc element="dc.source" value="Reuters"/>
</metadata>
</newsitem>
