<?xml version="1.0" encoding="iso-8859-1" ?>
<newsitem itemid="462686" id="root" date="1997-03-24" xml:lang="en">
<title>NIGERIA: Nigerian Tobacco Co. 1996 profits rise.</title>
<headline>Nigerian Tobacco Co. 1996 profits rise.</headline>
<dateline>LAGOS 1997-03-24</dateline>
<text>
<p>Full year result for Nigerian Tobacco Company to end-December 1996.</p>
<p>(In million naira)</p>
<p>				  1996	  1995</p>
<p> Turnover		    1,600	 1,400</p>
<p>Profit before taxation     280.4	 172.9</p>
<p>Taxation			  28.3	  53.9</p>
<p> Profit after taxation     252	   119</p>
<p>($1=85 naira)</p>
<p>-- Lagos newsroom +234 1 263 03 17</p>
</text>
<copyright>(c) Reuters Limited 1997</copyright>
<metadata>
<codes class="bip:countries:1.0">
  <code code="NIGEA">
    <editdetail attribution="Reuters BIP Coding Group" action="confirmed" date="1997-03-24"/>
  </code>
</codes>
<codes class="bip:industries:1.0">
  <code code="I42900">
    <editdetail attribution="Reuters BIP Coding Group" action="confirmed" date="1997-03-24"/>
  </code>
</codes>
<codes class="bip:topics:1.0">
  <code code="C15">
    <editdetail attribution="Reuters BIP Coding Group" action="confirmed" date="1997-03-24"/>
  </code>
  <code code="C151">
    <editdetail attribution="Reuters BIP Coding Group" action="confirmed" date="1997-03-24"/>
  </code>
  <code code="C1511">
    <editdetail attribution="Reuters BIP Coding Group" action="confirmed" date="1997-03-24"/>
  </code>
  <code code="CCAT">
    <editdetail attribution="Reuters BIP Coding Group" action="confirmed" date="1997-03-24"/>
  </code>
</codes>
<dc element="dc.date.created" value="1997-03-24"/>
<dc element="dc.publisher" value="Reuters Holdings Plc"/>
<dc element="dc.date.published" value="1997-03-24"/>
<dc element="dc.source" value="Reuters"/>
<dc element="dc.creator.location" value="LAGOS"/>
<dc element="dc.creator.location.country.name" value="NIGERIA"/>
<dc element="dc.source" value="Reuters"/>
</metadata>
</newsitem>
