<?xml version="1.0" encoding="iso-8859-1" ?>
<newsitem itemid="462674" id="root" date="1997-03-24" xml:lang="en">
<title>ZAIRE: Zaire's Mobutu keeps world guessing about plans.</title>
<headline>Zaire's Mobutu keeps world guessing about plans.</headline>
<byline>William Wallis</byline>
<dateline>KINSHASA 1997-03-24</dateline>
<text>
<p>Zaire's ailing President Mobutu Sese Seko, his grip on his sprawling Central African nation weakening, kept the world guessing on Monday about his response to advancing rebels demanding that he stand down.</p>
<p>State radio said that Mobutu, who arrived back in Zaire on Friday after fresh cancer treatment, had &quot;taken note&quot; of a disputed vote by the transitional parliament to sack Prime Minister Kengo wa Dondo.</p>
<p>Supporters of veteran opposition leader Etienne Tshisekedi, who has long coveted the job, and even supporters of Mobutu and Kengo aides, said the veteran president's comments suggested that Kengo was finished.</p>
<p>Mobutu, making his first public outing since his return home, told journalists on Sunday he came back to take care of Zaire's higher interests -- in particular its unity and territorial integrity.</p>
<p>Asked about his plans and whether he would negotiate with Kabila, he replied: &quot;In the next 48 hours you will know.&quot;</p>
<p>A senior South African official, who was on a delegation that had talks with Mobutu on Sunday, said in Cape Town on Monday that Mobutu was due to make a major announcement -- possibly before the end of the day.</p>
<p>&quot;Possibly even by this evening, he will have made those announcements which we hope will be leading us to finding a solution to that problem there,&quot; Anthony Mongalo, deputy director-general of the department of foreign affairs, said.</p>
<p>The Organisation of African Unity holds a special summit on the five-month-old civil war on Wednesday. Host Togo says both Mobutu and rebel leader Laurent Kabila have been invited.</p>
<p>Togo's foreign minister, Pierre Koffi Panou, told Reuters that Kabila had agreed to send a delegation. &quot;That's a positive step,&quot; he said by telephone from Lome.</p>
<p>Diplomatic efforts to end the war have focused on calls for a truce and talks.</p>
<p>The U.N. Security Council came up with a ceasefire plan, which the Zairean government accept.</p>
<p>Mobutu called for a truce and talks before leaving France for home but Kabila says talks must come first.</p>
<p>U.N. envoy Mohamed Sahnoun had talks with Kabila in Zaire's captured second city of Kisangani on Saturday but Kabila stood firm -- with 10,000 enthusiastic supporters calling for the war to continue.</p>
<p>The South African team, led by Nelson Mandela's deputy Thabo Mbeki, delivered a letter from Mandela outlining proposals for solving the crisis at the heart of Central Africa, already a volatile region.</p>
<p>The rebels, who control, one fifth of Zaire, say their forces are 200 km (125 miles) from the southern mining capital of Lubumbashi and half that distance from the diamond-mining capital of Mbuji-Mayi.</p>
<p>The United States, France and Belgium, the former colonial power, have sent troops to the region, ready to rescue their citizens should that prove necessary.</p>
</text>
<copyright>(c) Reuters Limited 1997</copyright>
<metadata>
<codes class="bip:countries:1.0">
  <code code="ZAIRE">
    <editdetail attribution="Reuters BIP Coding Group" action="confirmed" date="1997-03-24"/>
  </code>
</codes>
<codes class="bip:topics:1.0">
  <code code="GCAT">
    <editdetail attribution="Reuters BIP Coding Group" action="confirmed" date="1997-03-24"/>
  </code>
  <code code="GPOL">
    <editdetail attribution="Reuters BIP Coding Group" action="confirmed" date="1997-03-24"/>
  </code>
  <code code="GVIO">
    <editdetail attribution="Reuters BIP Coding Group" action="confirmed" date="1997-03-24"/>
  </code>
</codes>
<dc element="dc.date.created" value="1997-03-24"/>
<dc element="dc.publisher" value="Reuters Holdings Plc"/>
<dc element="dc.date.published" value="1997-03-24"/>
<dc element="dc.source" value="Reuters"/>
<dc element="dc.creator.location" value="KINSHASA"/>
<dc element="dc.creator.location.country.name" value="ZAIRE"/>
<dc element="dc.source" value="Reuters"/>
</metadata>
</newsitem>
