<?xml version="1.0" encoding="iso-8859-1" ?>
<newsitem itemid="462718" id="root" date="1997-03-24" xml:lang="en">
<title>NIGERIA: Output halved at Nigeria's Port-Harcourt refinery.</title>
<headline>Output halved at Nigeria's Port-Harcourt refinery.</headline>
<dateline>LAGOS 1997-03-24</dateline>
<text>
<p>Production output in Nigeria's southeastern Port-Harcourt refinery has dropped to 50 percent capacity due to a damage to the operation control unit, the semi-official Daily Times reported on Monday.</p>
<p>It quoted an official of state oil company NNPC as saying the development could worsen the on-going fuel shortages that hit the commercial capital Lagos last week and had spread to some neighbouring towns.</p>
<p>NNPC officials were not immediately available for comments.</p>
<p>&quot;A damage to the operation control unit of the refinery has reduced production to 50 percent from its total capacity,&quot; the paper quoted the official as saying, adding that he did not state reason for the damage.</p>
<p>On Saturday, NNPC said in a statement the nation's four refineries were operating normally despite the fuel crisis, the fifth this year.</p>
<p>It was silent on the operating capacity of the Port-Harcourt refinery, but said the second refinery in the same city and those of midwestern Warri and northern Kaduna had each been operating steadily in the past three weeks at 60 and 70 percent, respectively.</p>
<p>The refineries have a combined theoretical capacity of 445,000 barrels per day but poor management has made production reduce to well below that.</p>
<p>As a result, Nigeria has had to frequently import fuel to stem shortages, a common phenomenon in Africa's largest producer of crude oil.</p>
<p>Motorists said vehicles still jammed pump stations on Monday in search of petrol as the fuel shortages continued to bite hard.</p>
<p>Thousands of commuters were stranded along major roads while commercial buses and taxis maintained the two-fold fare hike they resorted to since last week when the fuel crunch began.</p>
<p>&quot;We have not lifted supplies at depots since Friday and it is unclear how this crisis will be resolved,&quot; Amos Jimoh, one tanker driver, told Reuters.</p>
<p>Industry sources, citing a dispute between Petroleum Tanker Drivers' Association and the National Asociation of Road Transport Owners, last week warned of disruption in fuel distribution in the run-up to the Easter holiday this weekend.</p>
<p>There has been no comment from both unions.</p>
<p>-- Lagos newsroom + 234 1 263 03 17</p>
</text>
<copyright>(c) Reuters Limited 1997</copyright>
<metadata>
<codes class="bip:countries:1.0">
  <code code="NIGEA">
    <editdetail attribution="Reuters BIP Coding Group" action="confirmed" date="1997-03-24"/>
  </code>
</codes>
<codes class="bip:industries:1.0">
  <code code="I13000">
    <editdetail attribution="Reuters BIP Coding Group" action="confirmed" date="1997-03-24"/>
  </code>
  <code code="I1300003">
    <editdetail attribution="Reuters BIP Coding Group" action="confirmed" date="1997-03-24"/>
  </code>
  <code code="I14000">
    <editdetail attribution="Reuters BIP Coding Group" action="confirmed" date="1997-03-24"/>
  </code>
</codes>
<codes class="bip:topics:1.0">
  <code code="C21">
    <editdetail attribution="Reuters BIP Coding Group" action="confirmed" date="1997-03-24"/>
  </code>
  <code code="C24">
    <editdetail attribution="Reuters BIP Coding Group" action="confirmed" date="1997-03-24"/>
  </code>
  <code code="CCAT">
    <editdetail attribution="Reuters BIP Coding Group" action="confirmed" date="1997-03-24"/>
  </code>
</codes>
<dc element="dc.date.created" value="1997-03-24"/>
<dc element="dc.publisher" value="Reuters Holdings Plc"/>
<dc element="dc.date.published" value="1997-03-24"/>
<dc element="dc.source" value="Reuters"/>
<dc element="dc.creator.location" value="LAGOS"/>
<dc element="dc.creator.location.country.name" value="NIGERIA"/>
<dc element="dc.source" value="Reuters"/>
</metadata>
</newsitem>
