<?xml version="1.0" encoding="iso-8859-1" ?>
<newsitem itemid="462766" id="root" date="1997-03-24" xml:lang="en">
<title>CANADA: Sands Petroleum buys into Arakis. [CORRECTED 20:55 GMT]</title>
<headline>Sands Petroleum buys into Arakis. [CORRECTED 20:55 GMT]</headline>
<byline>Jeffrey Jones</byline>
<dateline>CALGARY 1997-03-24</dateline>
<text>
<p>Sands Petroleum AB, a Swedish company affiliated with Canada's International Petroleum Corp (IPC), has amassed about seven percent of Arakis Energy Corp's stock and is lobbying to install a director on Arakis's board.</p>
<p>(Corrects percentage from 13 percent).</p>
<p>But Sands and IPC, two of several international companies controlled by the Lundin family, have no plans &quot;in the near future&quot; to launch a bid for all of Arakis's stock, IPC director Lukas Lundin said in a telephone interview from Vancouver.  </p>
<p>&quot;We hold 7.2 million shares. We filed with the SEC,&quot; Lundin said. &quot;There will be a press release tomorrow, I guess.&quot;</p>
<p>The purchase was being viewed by the acquisitor as an investment and not immediately as a way of establishing a toehold for a takeover bid, he said.</p>
<p>&quot;Not in the near future -- that's not our plan at all,&quot; he said. &quot;We met with management on Sunday and told them this was a friendly deal as long as they give us a board seat.&quot;  </p>
<p>Takeover speculation regarding Arakis intensified over the past week as large volumes of the company's shares changed hands in Nasdaq trade.</p>
<p>Arakis, which is developing a 12.2-million-acre oil concession in strife-torn Sudan, fueled the speculation on Friday by saying it was vulnerable to a takeover and was instituting a shareholder rights plan.</p>
<p>IPC lobbied unsuccessfully last year for a stake in Arakis's US$1 billion joint venture to develop its project. It recently won operatorship of less-explored concession in Sudan adjacent to the Arakis lands.  </p>
<p>The Arakis investment &quot;is very cheap. It has big reserves. It's one of the biggest basins in the world and they control lots of it,&quot; Lundin said.</p>
<p>Arakis's partners in the project are China National Petroleum Corp, Malaysia state oil company Petronas and the Sudan government. Petronas and Sudan also have interests in the IPC concession.</p>
<p>Lundin said Arakis officials were expected to respond to the board seat request later this week.</p>
<p>Meanwhile, Arakis said on Monday it appointed former Occidental Petroleum Corp and Canadian Occidental Petroleum Ltd executive James B. Taylor to its board.</p>
<p>Other board members would be proposed for shareholder approval at Arakis's next annual meeting, it said.</p>
<p>Arakis also said it formed an advisory committee to assist directors in decisions regarding the company's expanded Sudan operations and in other international ventures. The committee's membership was expected to be announced shortly.</p>
<p>((Reuters Calgary Bureau (403) 531-1624))</p>
</text>
<copyright>(c) Reuters Limited 1997</copyright>
<metadata>
<codes class="bip:countries:1.0">
  <code code="CANA">
    <editdetail attribution="Reuters BIP Coding Group" action="confirmed" date="1997-03-24"/>
  </code>
  <code code="SWED">
    <editdetail attribution="Reuters BIP Coding Group" action="confirmed" date="1997-03-24"/>
  </code>
</codes>
<codes class="bip:industries:1.0">
  <code code="I13000">
    <editdetail attribution="Reuters BIP Coding Group" action="confirmed" date="1997-03-24"/>
  </code>
  <code code="I1300003">
    <editdetail attribution="Reuters BIP Coding Group" action="confirmed" date="1997-03-24"/>
  </code>
</codes>
<codes class="bip:topics:1.0">
  <code code="C18">
    <editdetail attribution="Reuters BIP Coding Group" action="confirmed" date="1997-03-24"/>
  </code>
  <code code="C181">
    <editdetail attribution="Reuters BIP Coding Group" action="confirmed" date="1997-03-24"/>
  </code>
  <code code="CCAT">
    <editdetail attribution="Reuters BIP Coding Group" action="confirmed" date="1997-03-24"/>
  </code>
</codes>
<dc element="dc.date.created" value="1997-03-24"/>
<dc element="dc.publisher" value="Reuters Holdings Plc"/>
<dc element="dc.date.published" value="1997-03-24"/>
<dc element="dc.source" value="Reuters"/>
<dc element="dc.creator.location" value="CALGARY"/>
<dc element="dc.creator.location.country.name" value="CANADA"/>
<dc element="dc.source" value="Reuters"/>
</metadata>
</newsitem>
