<?xml version="1.0" encoding="iso-8859-1" ?>
<newsitem itemid="462777" id="root" date="1997-03-24" xml:lang="en">
<title>USA: RESEARCH ALERT - IDEXX estimate, rating cut.</title>
<headline>RESEARCH ALERT - IDEXX estimate, rating cut.</headline>
<text>
<p>- Vector Securities said it lowered 1997 and 1998 earnings estimates for IDEXX Laboratories Inc , and downgraded to neutral from a buy its rating on the stock, based on an uncertain outlook for the veterinary business.  </p>
<p>- Vector Securities analyst Peter Drake said he cut his earnings estimate for 1997 to $0.50 a share from $1.15 and his 1998 estimate to $0.80 from $1.60. He reduced his estimates for 1997 revenues to $306 million from $358 million and for 1998 to $378 million from $452 million.</p>
<p>- Earlier today, IDEXX said it would report 1997 first quarter earnings of $0.02 to $0.05 and revenues of $60 million-$65 million, which is below analysts estimate of $0.21.</p>
<p>- The primary reason for the earnings shortfall was inventory build-up for consumable products in veterinary business. This inventory build-up was unexpected and is the result of market saturation and poor financial controls by management, Drake said in a research note.</p>
<p>- Vector believes the core veterinary  business is approaching saturation and this shift led to the lowered expectations for revenues and earnings, the report said.</p>
<p>- Shares of IDEXX fell 20 to 12 in active trading.</p>
<p>	  ((Chicago newsdesk 312 408 8787))</p>
</text>
<copyright>(c) Reuters Limited 1997</copyright>
<metadata>
<codes class="bip:countries:1.0">
  <code code="USA">
    <editdetail attribution="Reuters BIP Coding Group" action="confirmed" date="1997-03-24"/>
  </code>
</codes>
<codes class="bip:industries:1.0">
  <code code="I25700">
    <editdetail attribution="Reuters BIP Coding Group" action="confirmed" date="1997-03-24"/>
  </code>
</codes>
<codes class="bip:topics:1.0">
  <code code="C15">
    <editdetail attribution="Reuters BIP Coding Group" action="confirmed" date="1997-03-24"/>
  </code>
  <code code="C152">
    <editdetail attribution="Reuters BIP Coding Group" action="confirmed" date="1997-03-24"/>
  </code>
  <code code="CCAT">
    <editdetail attribution="Reuters BIP Coding Group" action="confirmed" date="1997-03-24"/>
  </code>
</codes>
<dc element="dc.publisher" value="Reuters Holdings Plc"/>
<dc element="dc.date.published" value="1997-03-24"/>
<dc element="dc.source" value="Reuters"/>
<dc element="dc.creator.location.country.name" value="USA"/>
<dc element="dc.source" value="Reuters"/>
</metadata>
</newsitem>
