<?xml version="1.0" encoding="iso-8859-1" ?>
<newsitem itemid="462790" id="root" date="1997-03-24" xml:lang="en">
<title>USA: International Family Q4 shr $0.12 vs $0.11. [CORRECTED 16:55 GMT]</title>
<headline>International Family Q4 shr $0.12 vs $0.11. [CORRECTED 16:55 GMT]</headline>
<dateline>VIRGINIA BEACH, Va. 1997-03-24</dateline>
<text>
<p>Three Months Ended</p>
<p>						   December 31</p>
<p>					   1996		1995</p>
<p>Revenue			$104,184,000    $ 92,033,000</p>
<p>Net income		   $  5,735,000    $  5,306,000</p>
<p>Earnings (loss) per common share</p>
<p>					  $0.12	   $0.11</p>
<p>Average common and common equivalent shares</p>
<p>				   48,000,468	41,269,990</p>
<p>----</p>
<p>						    Year Ended</p>
<p>						    December 31,</p>
<p>					 1996		1995</p>
<p>Revenue		    $332,810,000    $294,858,000</p>
<p>Net income		 $ 32,125,000    $ 18,664,000</p>
<p>Earnings (loss) per common share</p>
<p>					$0.69	     $0.40</p>
<p>Average common and common equivalent shares</p>
<p>				 48,022,327	40,754,635</p>
<p>NOTE:  Net income for fiscal 1996 includes a pretax gain on disposition of assets of $13,685,000.</p>
<p>Earnings per share for the fourth quarter and fiscal 1995 does not include a $0.24 reduction related to the exchange of preferred stock for common stock in the fourth quarter of 1995.  Net earnings per share for the fourth quarter of 1995 was a loss of $0.13 (corrects from $0.11) per share. Net earnings per share for fiscal 1995 was $0.40 per share.</p>
</text>
<copyright>(c) Reuters Limited 1997</copyright>
<metadata>
<codes class="bip:countries:1.0">
  <code code="USA">
    <editdetail attribution="Reuters BIP Coding Group" action="confirmed" date="1997-03-24"/>
  </code>
</codes>
<codes class="bip:industries:1.0">
  <code code="I97100">
    <editdetail attribution="Reuters BIP Coding Group" action="confirmed" date="1997-03-24"/>
  </code>
</codes>
<codes class="bip:topics:1.0">
  <code code="C15">
    <editdetail attribution="Reuters BIP Coding Group" action="confirmed" date="1997-03-24"/>
  </code>
  <code code="C151">
    <editdetail attribution="Reuters BIP Coding Group" action="confirmed" date="1997-03-24"/>
  </code>
  <code code="C1511">
    <editdetail attribution="Reuters BIP Coding Group" action="confirmed" date="1997-03-24"/>
  </code>
  <code code="CCAT">
    <editdetail attribution="Reuters BIP Coding Group" action="confirmed" date="1997-03-24"/>
  </code>
</codes>
<dc element="dc.date.created" value="1997-03-24"/>
<dc element="dc.publisher" value="Reuters Holdings Plc"/>
<dc element="dc.date.published" value="1997-03-24"/>
<dc element="dc.source" value="Reuters"/>
<dc element="dc.creator.location" value="VIRGINIA BEACH, Va."/>
<dc element="dc.creator.location.country.name" value="USA"/>
<dc element="dc.source" value="Reuters"/>
</metadata>
</newsitem>
