<?xml version="1.0" encoding="iso-8859-1" ?>
<newsitem itemid="462771" id="root" date="1997-03-24" xml:lang="en">
<title>CANADA: Shell Canada plans 3-for-1 stock split.</title>
<headline>Shell Canada plans 3-for-1 stock split.</headline>
<dateline>CALGARY 1997-03-24</dateline>
<text>
<p>Shell Canada Ltd said on Monday it planned a three-for-one split of its class A shares.</p>
<p>The proposed split required shareholder approval at Shell Canada's annual meeting on April 30.</p>
<p>If shareholders approved the proposal, the record date would likely be near the end of June, Shell Canada said.  </p>
<p>&quot;Shell Canada's share value has enjoyed steady growth from about C$34 in early 1993 to its current level of approximately C$57 per share,&quot; Shell Canada chief executive Chuck Wilson said in a statement.</p>
<p>&quot;We believe the stock split will benefit all shareholders by increasing the number of shares available for trading, and the lower share price will appeal to a broader range of investors.&quot;</p>
<p>Shell Canada shares were at C$56.50 before being halted on Monday for the stock split announcement.</p>
<p>The company has 112.6 million class A shares outstanding.</p>
<p>Shell Investments (1996) Ltd, part of the Royal Dutch/Shell Group, holds 87.7 million, or 77.9 percent, of Shell Canada's stock.</p>
<p>((Reuters Calgary Bureau (403) 531-1624))</p>
</text>
<copyright>(c) Reuters Limited 1997</copyright>
<metadata>
<codes class="bip:countries:1.0">
  <code code="CANA">
    <editdetail attribution="Reuters BIP Coding Group" action="confirmed" date="1997-03-24"/>
  </code>
</codes>
<codes class="bip:industries:1.0">
  <code code="I13000">
    <editdetail attribution="Reuters BIP Coding Group" action="confirmed" date="1997-03-24"/>
  </code>
  <code code="I1300003">
    <editdetail attribution="Reuters BIP Coding Group" action="confirmed" date="1997-03-24"/>
  </code>
  <code code="I14000">
    <editdetail attribution="Reuters BIP Coding Group" action="confirmed" date="1997-03-24"/>
  </code>
</codes>
<codes class="bip:topics:1.0">
  <code code="C17">
    <editdetail attribution="Reuters BIP Coding Group" action="confirmed" date="1997-03-24"/>
  </code>
  <code code="C171">
    <editdetail attribution="Reuters BIP Coding Group" action="confirmed" date="1997-03-24"/>
  </code>
  <code code="CCAT">
    <editdetail attribution="Reuters BIP Coding Group" action="confirmed" date="1997-03-24"/>
  </code>
</codes>
<dc element="dc.date.created" value="1997-03-24"/>
<dc element="dc.publisher" value="Reuters Holdings Plc"/>
<dc element="dc.date.published" value="1997-03-24"/>
<dc element="dc.source" value="Reuters"/>
<dc element="dc.creator.location" value="CALGARY"/>
<dc element="dc.creator.location.country.name" value="CANADA"/>
<dc element="dc.source" value="Reuters"/>
</metadata>
</newsitem>
