<?xml version="1.0" encoding="iso-8859-1" ?>
<newsitem itemid="462706" id="root" date="1997-03-24" xml:lang="en">
<title>SOUTH AFRICA: S.Africa golds slide on Q1 worries, U.S. rate fear.</title>
<headline>S.Africa golds slide on Q1 worries, U.S. rate fear.</headline>
<dateline>JOHANNESBURG 1997-03-24</dateline>
<text>
<p>Anxiety over expected poor first quarter gold results, weak bullion and fears of a U.S. interest rate hike knocked South African gold shares on Monday with Western Areas Gold Mining Co Ltd taking the brunt.</p>
<p>Western Areas fell to a 20-month low of 45 rand a share before inching back up to 45.50 rand, 575 cents lower than open, in a traded volume of 61,600 shares.</p>
<p>The gold index was last 57.1 points down at 1,325.3 points.</p>
<p>Expectations of a disappointing first quarter for gold mines due to a weaker bullion price, stronger rand and four public holidays hitting production was partly to blame for weakness on the gold board, dealers said.</p>
<p>&quot;It's partly due to the fact that results for Q1 are going to be affected by the stronger rand and weaker gold price. They're not going to be good,&quot; one dealer said.</p>
<p>The bullion price has been eroded for most of this year and on Monday broke the key $350 an ounce level again to trade last at $349.70/350.20 an ounce.</p>
<p>After last year's 29 percent fall against the dollar, the rand has since firmed and was last bid at 4.4280 on the dollar. A stronger rand does not bode well for local gold companies, shrinking their export dollar earnings.</p>
<p>Tuesday's Federal Reserve meeting at which Governor Alan Greenspan is widely expected to hike U.S. interest rates -- a blow to bullion -- was another culprit blamed for triggering anxiety and knocking gold shares, dealers said.</p>
<p>&quot;There is the fear that if there is a U.S. interest rate hike then this doesn't exactly help gold,&quot; another dealer said.</p>
<p>But market expectations are that if rates rise it will likely be by 0.25 or 0.5 percentage points and much of this has already been discounted.</p>
<p>Free State Consolidated Gold Mines Ltd lost 150 cents to 33.50 rand, Vaal Reefs Exploration and Mining Co Ltd shed 14.25 rand to 278 rand and Kloof Gold Mining Co Ltd cut 145 cents to 32.75 rand.</p>
<p>-- Melanie Cheary, Johannesburg newsroom +27 11 482-1003</p>
</text>
<copyright>(c) Reuters Limited 1997</copyright>
<metadata>
<codes class="bip:countries:1.0">
  <code code="SAFR">
    <editdetail attribution="Reuters BIP Coding Group" action="confirmed" date="1997-03-24"/>
  </code>
</codes>
<codes class="bip:industries:1.0">
  <code code="I21000">
    <editdetail attribution="Reuters BIP Coding Group" action="confirmed" date="1997-03-24"/>
  </code>
</codes>
<codes class="bip:topics:1.0">
  <code code="C15">
    <editdetail attribution="Reuters BIP Coding Group" action="confirmed" date="1997-03-24"/>
  </code>
  <code code="C152">
    <editdetail attribution="Reuters BIP Coding Group" action="confirmed" date="1997-03-24"/>
  </code>
  <code code="CCAT">
    <editdetail attribution="Reuters BIP Coding Group" action="confirmed" date="1997-03-24"/>
  </code>
  <code code="M11">
    <editdetail attribution="Reuters BIP Coding Group" action="confirmed" date="1997-03-24"/>
  </code>
  <code code="MCAT">
    <editdetail attribution="Reuters BIP Coding Group" action="confirmed" date="1997-03-24"/>
  </code>
</codes>
<dc element="dc.date.created" value="1997-03-24"/>
<dc element="dc.publisher" value="Reuters Holdings Plc"/>
<dc element="dc.date.published" value="1997-03-24"/>
<dc element="dc.source" value="Reuters"/>
<dc element="dc.creator.location" value="JOHANNESBURG"/>
<dc element="dc.creator.location.country.name" value="SOUTH AFRICA"/>
<dc element="dc.source" value="Reuters"/>
</metadata>
</newsitem>
