<?xml version="1.0" encoding="iso-8859-1" ?>
<newsitem itemid="462734" id="root" date="1997-03-24" xml:lang="en">
<title>MAURITIUS: Mauritius rupee firms on dollar, weaker on pound.</title>
<headline>Mauritius rupee firms on dollar, weaker on pound.</headline>
<dateline>PORT LOUIS 1997-03-24</dateline>
<text>
<p>The Mauritian rupee firmed against the dollar but was weaker versus the pound on Monday in line with international trends, forex dealers said.</p>
<p>The rupee was fixed at a mean commercial rate of 20.194 against the dollar from 20.213 last Friday. The rupee traded at a mean of 32.389 for one pound from 32.180 last Friday.</p>
<p>Dealers said the rupee's fixing reflected the dollar's trend in international markets.</p>
<p>&quot;On the local front, things are quiet. A few (commercial) banks have indicated a shortage in their forex reserves on importers' demand and if it more become so, the central bank might get in the market at a later stage,&quot; one dealer said.</p>
<p>Last week, the central bank intervened twice by selling dollars in the interbank forex market to relieve shortages at commercial banks, dealers said.</p>
<p>--Mike Chung, ++230 211-9555.</p>
</text>
<copyright>(c) Reuters Limited 1997</copyright>
<metadata>
<codes class="bip:countries:1.0">
  <code code="MAURTS">
    <editdetail attribution="Reuters BIP Coding Group" action="confirmed" date="1997-03-24"/>
  </code>
</codes>
<codes class="bip:topics:1.0">
  <code code="M13">
    <editdetail attribution="Reuters BIP Coding Group" action="confirmed" date="1997-03-24"/>
  </code>
  <code code="M132">
    <editdetail attribution="Reuters BIP Coding Group" action="confirmed" date="1997-03-24"/>
  </code>
  <code code="MCAT">
    <editdetail attribution="Reuters BIP Coding Group" action="confirmed" date="1997-03-24"/>
  </code>
</codes>
<dc element="dc.date.created" value="1997-03-24"/>
<dc element="dc.publisher" value="Reuters Holdings Plc"/>
<dc element="dc.date.published" value="1997-03-24"/>
<dc element="dc.source" value="Reuters"/>
<dc element="dc.creator.location" value="PORT LOUIS"/>
<dc element="dc.creator.location.country.name" value="MAURITIUS"/>
<dc element="dc.source" value="Reuters"/>
</metadata>
</newsitem>
