<?xml version="1.0" encoding="iso-8859-1" ?>
<newsitem itemid="462788" id="root" date="1997-03-24" xml:lang="en">
<title>USA: RESEARCH ALERT - U S West Media started.</title>
<headline>RESEARCH ALERT - U S West Media started.</headline>
<text>
<p>-- ABN AMRO Chicago Corp said Monday it initiated coverage of U S West Media Group with a buy rating and a 12-month price target of $25.</p>
<p>-- U S West Media Group's management is positioning the company for long-term cash flow growth and asset appreciation, ABN AMRO said.</p>
<p>-- The brokerage firm's bullish view is based on the existence of several events specific to the cable company that could drive its near- and intermediate-term stock performance higher than expectations for other cable stocks, ABN AMRO said. These events include completion of a merger of its wireless communications business with AirTouch Communications Inc, a restructuring of its partnership with Time Warner Inc and the expected separation from its parent U S West Communications Group in 1998, ABN AMRO said.</p>
<p>-- U S West Media is the nation's third-largest multiple cable systems operator.</p>
<p>-- Its shares were unchanged Monday at 19-1/8.</p>
<p>((Chicago newsdesk (312) 408-8787))</p>
</text>
<copyright>(c) Reuters Limited 1997</copyright>
<metadata>
<codes class="bip:countries:1.0">
  <code code="USA">
    <editdetail attribution="Reuters BIP Coding Group" action="confirmed" date="1997-03-24"/>
  </code>
</codes>
<codes class="bip:industries:1.0">
  <code code="I79020">
    <editdetail attribution="Reuters BIP Coding Group" action="confirmed" date="1997-03-24"/>
  </code>
</codes>
<codes class="bip:topics:1.0">
  <code code="C15">
    <editdetail attribution="Reuters BIP Coding Group" action="confirmed" date="1997-03-24"/>
  </code>
  <code code="C152">
    <editdetail attribution="Reuters BIP Coding Group" action="confirmed" date="1997-03-24"/>
  </code>
  <code code="CCAT">
    <editdetail attribution="Reuters BIP Coding Group" action="confirmed" date="1997-03-24"/>
  </code>
</codes>
<dc element="dc.publisher" value="Reuters Holdings Plc"/>
<dc element="dc.date.published" value="1997-03-24"/>
<dc element="dc.source" value="Reuters"/>
<dc element="dc.creator.location.country.name" value="USA"/>
<dc element="dc.source" value="Reuters"/>
</metadata>
</newsitem>
