<?xml version="1.0" encoding="iso-8859-1" ?>
<newsitem itemid="462730" id="root" date="1997-03-24" xml:lang="en">
<title>ZIMBABWE: PRESS DIGEST - Zimbabwe - March 24.</title>
<headline>PRESS DIGEST - Zimbabwe - March 24.</headline>
<dateline>HARARE 1997-03-24</dateline>
<text>
<p>These are the leading stories in Zimbabwe's state-owned Herald newspaper on Monday. Reuters has not verified these stories and does not vouch for their accuracy.</p>
<p>- The 12-nation Southern African Development Community (SADC) has agreed to press the Convention on International Trade in Endangered Species (CITES) to allow trade in ivory from Africa, July Moyo, permanent secretary in Zimbabwe's ministry of environment and tourism, told the Herald. He said SADC -- which consists Angola, Botswana, Malawi, Mauritius, Mozambique, Lesotho, Namibia, Tanzania, South Africa, Swaziland, Zambia and Zimbabwe -- would speak with one voice at a CITES conference in Harare in June and hoped other countries would also support at least the partial lifting of a 1989 world ban in ivory trade.</p>
<p>- State-owned Air Zimbabwe's flights returned to normal on Sunday, a day after some 70 pilots and flight engineers ended a week-long strike for higher pay.</p>
<p>-------Harare Newsroom: +263-4 72 52 28/9.----</p>
</text>
<copyright>(c) Reuters Limited 1997</copyright>
<metadata>
<codes class="bip:countries:1.0">
  <code code="ZIMBAB">
    <editdetail attribution="Reuters BIP Coding Group" action="confirmed" date="1997-03-24"/>
  </code>
</codes>
<codes class="bip:topics:1.0">
  <code code="GCAT">
    <editdetail attribution="Reuters BIP Coding Group" action="confirmed" date="1997-03-24"/>
  </code>
</codes>
<dc element="dc.date.created" value="1997-03-24"/>
<dc element="dc.publisher" value="Reuters Holdings Plc"/>
<dc element="dc.date.published" value="1997-03-24"/>
<dc element="dc.source" value="Reuters"/>
<dc element="dc.creator.location" value="HARARE"/>
<dc element="dc.creator.location.country.name" value="ZIMBABWE"/>
<dc element="dc.source" value="Reuters"/>
</metadata>
</newsitem>
