<?xml version="1.0" encoding="iso-8859-1" ?>
<newsitem itemid="462796" id="root" date="1997-03-24" xml:lang="en">
<title>USA: Converse stake cut by Vinik group.</title>
<headline>Converse stake cut by Vinik group.</headline>
<dateline>WASHINGTON 1997-03-24</dateline>
<text>
<p>A group led by former Fidelity Magellan Fund manager Jeffrey Vinik said Monday it cut its stake in Converse Inc to 1,034,800 common or 6.2 percent from 7.5 percent held previously.</p>
<p>In a filing with the Securities and Exchange Commission, the group said its latest transactions include the sale of common stock between March 6 and March 21 at prices ranging from $19.7333 to $22.4543 per share.</p>
<p>Converse, based in Boston, Mass., makes athletic footwear and apparel.</p>
</text>
<copyright>(c) Reuters Limited 1997</copyright>
<metadata>
<codes class="bip:countries:1.0">
  <code code="USA">
    <editdetail attribution="Reuters BIP Coding Group" action="confirmed" date="1997-03-24"/>
  </code>
</codes>
<codes class="bip:industries:1.0">
  <code code="I49420">
    <editdetail attribution="Reuters BIP Coding Group" action="confirmed" date="1997-03-24"/>
  </code>
</codes>
<codes class="bip:topics:1.0">
  <code code="C18">
    <editdetail attribution="Reuters BIP Coding Group" action="confirmed" date="1997-03-24"/>
  </code>
  <code code="C181">
    <editdetail attribution="Reuters BIP Coding Group" action="confirmed" date="1997-03-24"/>
  </code>
  <code code="CCAT">
    <editdetail attribution="Reuters BIP Coding Group" action="confirmed" date="1997-03-24"/>
  </code>
</codes>
<dc element="dc.date.created" value="1997-03-24"/>
<dc element="dc.publisher" value="Reuters Holdings Plc"/>
<dc element="dc.date.published" value="1997-03-24"/>
<dc element="dc.source" value="Reuters"/>
<dc element="dc.creator.location" value="WASHINGTON"/>
<dc element="dc.creator.location.country.name" value="USA"/>
<dc element="dc.source" value="Reuters"/>
</metadata>
</newsitem>
