<?xml version="1.0" encoding="iso-8859-1" ?>
<newsitem itemid="462703" id="root" date="1997-03-24" xml:lang="en">
<title>SOUTH AFRICA: Nestle S.Africa strike drags on.</title>
<headline>Nestle S.Africa strike drags on.</headline>
<dateline>JOHANNESBURG 1997-03-24</dateline>
<text>
<p>A strike for higher pay by about 2,800 workers at 10 South African factories of food and beverage group Nestle SA went into a fifth day on Monday with the company predicting no immediate resolution to it.</p>
<p>Nestle spokesman Humphrey Khoza said the company was scheduled to meet with the Food and Allied Workers Union (FAWU) on Tuesday over the wage impasse, but a speedy resolution was unlikely.</p>
<p>&quot;There has been no change in the situation. There will be a meeting between FAWU and managment on Tuesday, (but)...a resolution in the very short term is unlikely,&quot; Khoza told Reuters</p>
<p>FAWU is demanding a 9.1 percent increase across the board plus a reduction of the 45-hour working week to 40 hours and the subsidising of workers for company supplies such as milk formulae for staff with young babies. The company has offered a nine percent wage increase.</p>
<p>Nestle employs 6,000 workers nationally and those not striking were continuing with their normal duty, Khoza said, adding he could not say how much in value terms the strike had cost the company.</p>
<p>&quot;We are not able at this stage to estimate how much the company has lost and the overall impact that it (strike) has on the company,&quot; he said</p>
<p>FAWU officials were not available for comment.</p>
<p>-- Ellis Mnyandu, Johannesburg newsroom +27 11 482 1003</p>
</text>
<copyright>(c) Reuters Limited 1997</copyright>
<metadata>
<codes class="bip:countries:1.0">
  <code code="SAFR">
    <editdetail attribution="Reuters BIP Coding Group" action="confirmed" date="1997-03-24"/>
  </code>
</codes>
<codes class="bip:industries:1.0">
  <code code="I41000">
    <editdetail attribution="Reuters BIP Coding Group" action="confirmed" date="1997-03-24"/>
  </code>
</codes>
<codes class="bip:topics:1.0">
  <code code="C42">
    <editdetail attribution="Reuters BIP Coding Group" action="confirmed" date="1997-03-24"/>
  </code>
  <code code="CCAT">
    <editdetail attribution="Reuters BIP Coding Group" action="confirmed" date="1997-03-24"/>
  </code>
  <code code="E41">
    <editdetail attribution="Reuters BIP Coding Group" action="confirmed" date="1997-03-24"/>
  </code>
  <code code="ECAT">
    <editdetail attribution="Reuters BIP Coding Group" action="confirmed" date="1997-03-24"/>
  </code>
  <code code="GCAT">
    <editdetail attribution="Reuters BIP Coding Group" action="confirmed" date="1997-03-24"/>
  </code>
  <code code="GJOB">
    <editdetail attribution="Reuters BIP Coding Group" action="confirmed" date="1997-03-24"/>
  </code>
</codes>
<dc element="dc.date.created" value="1997-03-24"/>
<dc element="dc.publisher" value="Reuters Holdings Plc"/>
<dc element="dc.date.published" value="1997-03-24"/>
<dc element="dc.source" value="Reuters"/>
<dc element="dc.creator.location" value="JOHANNESBURG"/>
<dc element="dc.creator.location.country.name" value="SOUTH AFRICA"/>
<dc element="dc.source" value="Reuters"/>
</metadata>
</newsitem>
