<?xml version="1.0" encoding="iso-8859-1" ?>
<newsitem itemid="462715" id="root" date="1997-03-24" xml:lang="en">
<title>KENYA: Serena issue opens at Nairobi bourse.</title>
<headline>Serena issue opens at Nairobi bourse.</headline>
<byline>Wambui Chege</byline>
<dateline>NAIROBI 1997-03-24</dateline>
<text>
<p>The initial public offering on the Nairobi Stock Exchange of shares in Serena Hotels opened on Monday and will close on April 14, brokers said.</p>
<p>Serena Hotels is the trading name of Serena Lodges &amp; Hotels. Shares offered for sale belong to the majority Aga Khan-owned Tourism Promotion Services, which operates the Serena Hotels.</p>
<p>Brokers said the sale of a total 9,025,100 shares at an initial price of 13 to the public would be oversubcribed.</p>
<p>&quot;The shares on offer are too few and will not quench the public's thirst for new issues,&quot; a senior broker said.</p>
<p>At 13, the shares are discounted from the net asset value per share price of 13.63 given in the prospectus on the basis of their audited accounts for the year ended December 31, 1996, according to market analysts.</p>
<p>&quot;The price is a Kenyan price. Many Kenyans fear anything above 50, and it should not be difficult to raise the capital (Serena envisages),&quot; another broker said.</p>
<p>The offer for sale represents a 23.3 percent holding in Tourism Promotion Services held by government tourism agency Kenya Tourism Development Corporation (KTDC).</p>
<p>The government says by pulling out of Serena, it will give mostly ordinary Kenyans a chance to invest in one of the East African country's leading luxury hotels.</p>
<p>The KTDC holds a 33.3 percent stake in Tourism Promotion Services. It will retain a 10 percent holding.</p>
<p>Market analysts forecast a scramble for what they described as scarce shares and saw attention mainly from investors who sought a chance to diversify their portfolio.</p>
<p>&quot;The tourism industry, one of Kenya's biggest foreign exchange earners, is underepresented in the market,&quot; a broker said. &quot;With a 60 percent occupancy, Serena has growth potential and investors will benefit from profitability of the industry.&quot;</p>
<p>The only other hotel concern listed on the Nairobi Stock Exchange is African Tours &amp; Hotels.</p>
<p>Serena falls in the high premium segment of the tourism industry which was least affected by declining inflows of tourists to Kenya in recent years, market experts said.</p>
<p>The offer is open to foreigners, subject to rules that restrict such investment to 40 percent in a company and five percent for every individual in one company.</p>
<p>--Nairobi Newsroom ++254-2 330-261</p>
</text>
<copyright>(c) Reuters Limited 1997</copyright>
<metadata>
<codes class="bip:countries:1.0">
  <code code="KENYA">
    <editdetail attribution="Reuters BIP Coding Group" action="confirmed" date="1997-03-24"/>
  </code>
</codes>
<codes class="bip:topics:1.0">
  <code code="C14">
    <editdetail attribution="Reuters BIP Coding Group" action="confirmed" date="1997-03-24"/>
  </code>
  <code code="C17">
    <editdetail attribution="Reuters BIP Coding Group" action="confirmed" date="1997-03-24"/>
  </code>
  <code code="C171">
    <editdetail attribution="Reuters BIP Coding Group" action="confirmed" date="1997-03-24"/>
  </code>
  <code code="C18">
    <editdetail attribution="Reuters BIP Coding Group" action="confirmed" date="1997-03-24"/>
  </code>
  <code code="C181">
    <editdetail attribution="Reuters BIP Coding Group" action="confirmed" date="1997-03-24"/>
  </code>
  <code code="CCAT">
    <editdetail attribution="Reuters BIP Coding Group" action="confirmed" date="1997-03-24"/>
  </code>
</codes>
<dc element="dc.date.created" value="1997-03-24"/>
<dc element="dc.publisher" value="Reuters Holdings Plc"/>
<dc element="dc.date.published" value="1997-03-24"/>
<dc element="dc.source" value="Reuters"/>
<dc element="dc.creator.location" value="NAIROBI"/>
<dc element="dc.creator.location.country.name" value="KENYA"/>
<dc element="dc.source" value="Reuters"/>
</metadata>
</newsitem>
