<?xml version="1.0" encoding="iso-8859-1" ?>
<newsitem itemid="462755" id="root" date="1997-03-24" xml:lang="en">
<title>CANADA: Teenagers were to die in Quebec cult group suicide.</title>
<headline>Teenagers were to die in Quebec cult group suicide.</headline>
<byline>Patrick White</byline>
<dateline>QUEBEC CITY 1997-03-24</dateline>
<text>
<p>Three teenagers who survived the group suicide of their parents and three other members of the Solar Temple doomsday cult were initially meant to die with them, Quebec police said on Monday.</p>
<p>Police found the charred bodies of two Swiss men and three women, two of them French, on Saturday night in a house owned by a member of the international sect that believes death by ritualized suicide leads to rebirth on the star &quot;Sirius.&quot;</p>
<p>Two victims owned the house, Didier Queze, 39, and his French wife, Chantale Goupillot, also 39. Their bodies were found in a bedroom, laid out on a bed with another couple in the form of a cross.</p>
<p>The body of Suzanne Druau, Goupillot's 63-year-old mother, was found on a sofa with a plastic bag over her head.</p>
<p>As firefighters fought the blaze on Saturday, the three teenage children of Queze and Goupillot emerged dazed and shaky from a nearby shed. They appeared heavily drugged and anxiously asked firefighters about the fate of their parents.</p>
<p>The children, a 14-year-old girl and two boys, 13 and 16, told police that their parents had initially included them in the suicide plan. The group was to &quot;depart&quot; to another world at the time of the spring equinox, police said.</p>
<p>&quot;The voyage was set for Thursday, for the spring equinox, a voyage for eight people, and the children were included without their knowledge,&quot; Pierre Robichaud, an officer with the provincial police force Surete du Quebec, told Reuters.</p>
<p>Investigators said the blaze was deliberately set, using a crudely prepared system consisting of propane tanks, portable electric elements, gasoline and a timer-based lighting mechanism grouped in the house basement.</p>
<p>&quot;What happened is that the lighting mechanism did not work Thursday night, so when the parents woke up Friday morning, they were surprised to still be alive,&quot; Robichaud said.</p>
<p>&quot;The children understood what was happening and they told their parents that they did not want to go, and on Saturday, the parents gave them a choice,&quot; he said.</p>
<p>&quot;The children voluntarily took medication, sleeping pills, and went to sleep in the shed knowing that when they woke up, their parents and grandmother would be dead,&quot; Robichaud said.</p>
<p>After being examined at the Laval University Hospital Center in Quebec City, the teenagers were turned over to the Quebec youth protection agency.</p>
<p>&quot;Physically speaking, the kids are doing fine but psychologically speaking, they are traumatized and under a state of shock,&quot; agency official Jean Lortie said.</p>
<p>&quot;For us they are orphans and they have no families. Nobody from Switzerland and France has contacted us yet,&quot; he said. The other victims of the fire were Bruno Klauss, 49, of Switzerland and Canadian Pauline Rioux, 54.</p>
<p>Police continued to search the house for clues on Monday, and said they were closely examining any role the children might have played in the tragedy.</p>
<p>A Quebec coroner said he expected to have autopsy results on the five victims on Thursday.</p>
<p>Quebec police said they contacted between 30 and 40 people in Quebec who are believed to still be members of the Order of the Solar Temple. French and Swiss authorities have already taken similar measures.</p>
<p>The deaths brought to 74 the known number of deaths involving members of the Solar Temple. In October 1994, five people were found in a burned out chalet in Morin Heights, a trendy ski resort in the Laurentians region north of Montreal.</p>
<p>The dead included a couple and their baby, who had been stabbed in the heart.</p>
<p>At almost the same time, 48 bodies were found in a farmhouse and two chalets in the Swiss villages of Cheiry and Granges-sur-Salvan. Some of those victims had been stabbed, poisoned, shot or asphyxiated.</p>
<p>In December 1995, police found 16 charred bodies in a remote area of the French Alps. The victims include three children and Edith Vuarnet, wife of a 1960 Olympic ski champion, and her son Patrick.</p>
</text>
<copyright>(c) Reuters Limited 1997</copyright>
<metadata>
<codes class="bip:countries:1.0">
  <code code="CANA">
    <editdetail attribution="Reuters BIP Coding Group" action="confirmed" date="1997-03-24"/>
  </code>
</codes>
<codes class="bip:topics:1.0">
  <code code="GCAT">
    <editdetail attribution="Reuters BIP Coding Group" action="confirmed" date="1997-03-24"/>
  </code>
  <code code="GODD">
    <editdetail attribution="Reuters BIP Coding Group" action="confirmed" date="1997-03-24"/>
  </code>
  <code code="GREL">
    <editdetail attribution="Reuters BIP Coding Group" action="confirmed" date="1997-03-24"/>
  </code>
</codes>
<dc element="dc.date.created" value="1997-03-24"/>
<dc element="dc.publisher" value="Reuters Holdings Plc"/>
<dc element="dc.date.published" value="1997-03-24"/>
<dc element="dc.source" value="Reuters"/>
<dc element="dc.creator.location" value="QUEBEC CITY"/>
<dc element="dc.creator.location.country.name" value="CANADA"/>
<dc element="dc.source" value="Reuters"/>
</metadata>
</newsitem>
