<?xml version="1.0" encoding="iso-8859-1" ?>
<newsitem itemid="462758" id="root" date="1997-03-24" xml:lang="en">
<title>CANADA: Nav Canada closes C$750 million bond issue.</title>
<headline>Nav Canada closes C$750 million bond issue.</headline>
<dateline>TORONTO 1997-03-24</dateline>
<text>
<p>Nav Canada on Monday said it closed its second public offering of C$750 million in revenue bonds and the offer was fully subscribed.</p>
<p>Nav Canada, a non-profit entity that runs Canada's air traffic control system, had priced the bonds on March 14.</p>
<p>The bonds were issued by Nav Canada to repay part of the C$3 billion bank debt the organization incurred when it bought the air navigation system from the Government of Canada. Nav Canada said about 50 percent of its debt is now in the form of revenue bonds.</p>
<p>((Jeffrey Hodgson (416) 941-8105, e-mail: jeffrey.hodgson@reuters.com))</p>
</text>
<copyright>(c) Reuters Limited 1997</copyright>
<metadata>
<codes class="bip:countries:1.0">
  <code code="CANA">
    <editdetail attribution="Reuters BIP Coding Group" action="confirmed" date="1997-03-24"/>
  </code>
</codes>
<codes class="bip:topics:1.0">
  <code code="E21">
    <editdetail attribution="Reuters BIP Coding Group" action="confirmed" date="1997-03-24"/>
  </code>
  <code code="E212">
    <editdetail attribution="Reuters BIP Coding Group" action="confirmed" date="1997-03-24"/>
  </code>
  <code code="ECAT">
    <editdetail attribution="Reuters BIP Coding Group" action="confirmed" date="1997-03-24"/>
  </code>
</codes>
<dc element="dc.date.created" value="1997-03-24"/>
<dc element="dc.publisher" value="Reuters Holdings Plc"/>
<dc element="dc.date.published" value="1997-03-24"/>
<dc element="dc.source" value="Reuters"/>
<dc element="dc.creator.location" value="TORONTO"/>
<dc element="dc.creator.location.country.name" value="CANADA"/>
<dc element="dc.source" value="Reuters"/>
</metadata>
</newsitem>
