<?xml version="1.0" encoding="iso-8859-1" ?>
<newsitem itemid="462799" id="root" date="1997-03-24" xml:lang="en">
<title>USA: Oxford Industries Inc Q3 net vs loss.</title>
<headline>Oxford Industries Inc Q3 net vs loss.</headline>
<dateline>ATLANTA 1997-03-24</dateline>
<text>
<p>Nine Months Ended	    Quarter Ended</p>
<p>		   Feb. 28,	March  1,    Feb. 28,    March 1,</p>
<p>		    1997	    1996	   1997	  1996</p>
<p> Net Sales     $543,221     $514,920   $167,470	 $138,600</p>
<p>Provision for environmental</p>
<p>    remediation	 0	  4,500	    0		0</p>
<p> Net Earnings    14,473	    881	4,399	($2,020)</p>
<p>Net Earnings</p>
<p>   Per Common Share 1.66	    .10	 0.51	($0.23)</p>
<p> Avg shrs	8,738,400    8,731,074  8,732,054    8,779,344</p>
</text>
<copyright>(c) Reuters Limited 1997</copyright>
<metadata>
<codes class="bip:countries:1.0">
  <code code="USA">
    <editdetail attribution="Reuters BIP Coding Group" action="confirmed" date="1997-03-24"/>
  </code>
</codes>
<codes class="bip:industries:1.0">
  <code code="I45300">
    <editdetail attribution="Reuters BIP Coding Group" action="confirmed" date="1997-03-24"/>
  </code>
</codes>
<codes class="bip:topics:1.0">
  <code code="C15">
    <editdetail attribution="Reuters BIP Coding Group" action="confirmed" date="1997-03-24"/>
  </code>
  <code code="C151">
    <editdetail attribution="Reuters BIP Coding Group" action="confirmed" date="1997-03-24"/>
  </code>
  <code code="CCAT">
    <editdetail attribution="Reuters BIP Coding Group" action="confirmed" date="1997-03-24"/>
  </code>
</codes>
<dc element="dc.date.created" value="1997-03-24"/>
<dc element="dc.publisher" value="Reuters Holdings Plc"/>
<dc element="dc.date.published" value="1997-03-24"/>
<dc element="dc.source" value="Reuters"/>
<dc element="dc.creator.location" value="ATLANTA"/>
<dc element="dc.creator.location.country.name" value="USA"/>
<dc element="dc.source" value="Reuters"/>
</metadata>
</newsitem>
