<?xml version="1.0" encoding="iso-8859-1" ?>
<newsitem itemid="462787" id="root" date="1997-03-24" xml:lang="en">
<title>USA: RESEARCH ALERT - IONA Technologies start.</title>
<headline>RESEARCH ALERT - IONA Technologies start.</headline>
<text>
<p>-- Robertson Stephens &amp; Co said it started coverage of IONA Technologies Plc with a buy rating based on its position as a &quot;significant player in the early stage, rapidly growing market for software tools.&quot;</p>
<p>-- IONA provides software connectivity and integration tools for professional developers and corporate programmers.</p>
<p>-- In a statement, Robertson Stephens said IONA grew revenues by 145 percent in 1996. The investment firm expects revenues to grow by 89 percent in 1997 and 69 percent in 1998.</p>
<p>-- Robertson Stephens has a price targe of $30, which is 44 times its 1998 earnings forecast of $0.68/shr.</p>
</text>
<copyright>(c) Reuters Limited 1997</copyright>
<metadata>
<codes class="bip:countries:1.0">
  <code code="IRE">
    <editdetail attribution="Reuters BIP Coding Group" action="confirmed" date="1997-03-24"/>
  </code>
  <code code="USA">
    <editdetail attribution="Reuters BIP Coding Group" action="confirmed" date="1997-03-24"/>
  </code>
</codes>
<codes class="bip:industries:1.0">
  <code code="I33020">
    <editdetail attribution="Reuters BIP Coding Group" action="confirmed" date="1997-03-24"/>
  </code>
  <code code="I3302021">
    <editdetail attribution="Reuters BIP Coding Group" action="confirmed" date="1997-03-24"/>
  </code>
</codes>
<codes class="bip:topics:1.0">
  <code code="C15">
    <editdetail attribution="Reuters BIP Coding Group" action="confirmed" date="1997-03-24"/>
  </code>
  <code code="C152">
    <editdetail attribution="Reuters BIP Coding Group" action="confirmed" date="1997-03-24"/>
  </code>
  <code code="CCAT">
    <editdetail attribution="Reuters BIP Coding Group" action="confirmed" date="1997-03-24"/>
  </code>
</codes>
<dc element="dc.publisher" value="Reuters Holdings Plc"/>
<dc element="dc.date.published" value="1997-03-24"/>
<dc element="dc.source" value="Reuters"/>
<dc element="dc.creator.location.country.name" value="USA"/>
<dc element="dc.source" value="Reuters"/>
</metadata>
</newsitem>
