<?xml version="1.0" encoding="iso-8859-1" ?>
<newsitem itemid="462717" id="root" date="1997-03-24" xml:lang="en">
<title>MAURITIUS: Mauritius and Kuwait sign tax avoidance treaty.</title>
<headline>Mauritius and Kuwait sign tax avoidance treaty.</headline>
<dateline>PORT LOUIS 1997-03-24</dateline>
<text>
<p>Kuwait and the Indian Ocean island of Mauritius on Monday signed a double taxation avoidance (DTA) agreement aiming at boosting cross-border investments between the two countries, government officials said.</p>
<p>&quot;The Agreement also provides for reduced taxation at source or exemption on various sources of income and this should be an added incentive for an increase in cross border activities,&quot; Mauritian Finance Minister Vasant Bunwaree said.</p>
<p>&quot;I am confident that investors from both our countries will avail themselves of the new opportunities that will arise, for the mutual development of our countries,&quot; Bunwaree added.</p>
<p>The DTA treaty with Kuwait adds to the some 20 others Mauritius has already signed for its offshore sector.</p>
<p>An overwhelming majority of business in the Mauritian offshore sector has investments concentrated in India, officials of the Mauritius Offshore Business Activities Authority said.</p>
<p>Some 5,000 firms are registered in the Mauritian offshore sector, managing 62 billion rupees ($3.1 billion) in funds.</p>
<p>($1=20.194 Mauritian rupees).</p>
<p>--Mike Chung, Port Louis ++230 211-9555.</p>
</text>
<copyright>(c) Reuters Limited 1997</copyright>
<metadata>
<codes class="bip:countries:1.0">
  <code code="KUWAIT">
    <editdetail attribution="Reuters BIP Coding Group" action="confirmed" date="1997-03-24"/>
  </code>
  <code code="MAURTS">
    <editdetail attribution="Reuters BIP Coding Group" action="confirmed" date="1997-03-24"/>
  </code>
</codes>
<codes class="bip:topics:1.0">
  <code code="E21">
    <editdetail attribution="Reuters BIP Coding Group" action="confirmed" date="1997-03-24"/>
  </code>
  <code code="E211">
    <editdetail attribution="Reuters BIP Coding Group" action="confirmed" date="1997-03-24"/>
  </code>
  <code code="E51">
    <editdetail attribution="Reuters BIP Coding Group" action="confirmed" date="1997-03-24"/>
  </code>
  <code code="E512">
    <editdetail attribution="Reuters BIP Coding Group" action="confirmed" date="1997-03-24"/>
  </code>
  <code code="ECAT">
    <editdetail attribution="Reuters BIP Coding Group" action="confirmed" date="1997-03-24"/>
  </code>
</codes>
<dc element="dc.date.created" value="1997-03-24"/>
<dc element="dc.publisher" value="Reuters Holdings Plc"/>
<dc element="dc.date.published" value="1997-03-24"/>
<dc element="dc.source" value="Reuters"/>
<dc element="dc.creator.location" value="PORT LOUIS"/>
<dc element="dc.creator.location.country.name" value="MAURITIUS"/>
<dc element="dc.source" value="Reuters"/>
</metadata>
</newsitem>
