<?xml version="1.0" encoding="iso-8859-1" ?>
<newsitem itemid="462721" id="root" date="1997-03-24" xml:lang="en">
<title>ETHIOPIA: Ethiopia tenders $63.4 million in T-bills.</title>
<headline>Ethiopia tenders $63.4 million in T-bills.</headline>
<dateline>ADDIS ABABA 1997-03-24</dateline>
<text>
<p>The central National Bank of Ethiopia (NBE) on Monday tendered for sale treasury bills valued at 400 million birr ($63.4 million).</p>
<p>The bills were for 28-day, 91-day and 182-day categories and are to be issued on Wednesday March 26, 1997.</p>
<p>The amounts tendered were 200 million birr for 28-day bills maturing on April 23, some 150 million birr for 91-day bills maturing on June 25 and 50 million birr for 182-day bills maturing on September 24. ($ = 6.308 Ethiopian Birr)</p>
</text>
<copyright>(c) Reuters Limited 1997</copyright>
<metadata>
<codes class="bip:countries:1.0">
  <code code="ETHPA">
    <editdetail attribution="Reuters BIP Coding Group" action="confirmed" date="1997-03-24"/>
  </code>
</codes>
<codes class="bip:topics:1.0">
  <code code="M13">
    <editdetail attribution="Reuters BIP Coding Group" action="confirmed" date="1997-03-24"/>
  </code>
  <code code="M131">
    <editdetail attribution="Reuters BIP Coding Group" action="confirmed" date="1997-03-24"/>
  </code>
  <code code="MCAT">
    <editdetail attribution="Reuters BIP Coding Group" action="confirmed" date="1997-03-24"/>
  </code>
</codes>
<dc element="dc.date.created" value="1997-03-24"/>
<dc element="dc.publisher" value="Reuters Holdings Plc"/>
<dc element="dc.date.published" value="1997-03-24"/>
<dc element="dc.source" value="Reuters"/>
<dc element="dc.creator.location" value="ADDIS ABABA"/>
<dc element="dc.creator.location.country.name" value="ETHIOPIA"/>
<dc element="dc.source" value="Reuters"/>
</metadata>
</newsitem>
