<?xml version="1.0" encoding="iso-8859-1" ?>
<newsitem itemid="462738" id="root" date="1997-03-24" xml:lang="en">
<title>ETHIOPIA: Ethiopian birr strengthens against the dollar.</title>
<headline>Ethiopian birr strengthens against the dollar.</headline>
<dateline>ADDIS ABABA 1997-03-24</dateline>
<text>
<p>The Ethiopian birr strengthened marginally against the dollar on Monday, the central National Bank of Ethiopia (NBE) said.</p>
<p>It quoted the birr at a mean rate of 6.6310 against the dollar compared to 6.6510 last week.</p>
<p>The bank said that following a currency auction on March 22, the applicable rate for all transactions outside the auction in the March 24 to 29 period would be 6.6310 to the dollar.</p>
<p>The bank posted the birr at a mean rate of 10.5598 against the pound sterling from 10.6050 last week, while against the yen, the birr traded at 0.053814 from 0.054254 last week.</p>
</text>
<copyright>(c) Reuters Limited 1997</copyright>
<metadata>
<codes class="bip:countries:1.0">
  <code code="ETHPA">
    <editdetail attribution="Reuters BIP Coding Group" action="confirmed" date="1997-03-24"/>
  </code>
</codes>
<codes class="bip:topics:1.0">
  <code code="M13">
    <editdetail attribution="Reuters BIP Coding Group" action="confirmed" date="1997-03-24"/>
  </code>
  <code code="M132">
    <editdetail attribution="Reuters BIP Coding Group" action="confirmed" date="1997-03-24"/>
  </code>
  <code code="MCAT">
    <editdetail attribution="Reuters BIP Coding Group" action="confirmed" date="1997-03-24"/>
  </code>
</codes>
<dc element="dc.date.created" value="1997-03-24"/>
<dc element="dc.publisher" value="Reuters Holdings Plc"/>
<dc element="dc.date.published" value="1997-03-24"/>
<dc element="dc.source" value="Reuters"/>
<dc element="dc.creator.location" value="ADDIS ABABA"/>
<dc element="dc.creator.location.country.name" value="ETHIOPIA"/>
<dc element="dc.source" value="Reuters"/>
</metadata>
</newsitem>
