<?xml version="1.0" encoding="iso-8859-1" ?>
<newsitem itemid="462705" id="root" date="1997-03-24" xml:lang="en">
<title>ZIMBABWE: Zimbabwe shares mixed to firmer in active trade.</title>
<headline>Zimbabwe shares mixed to firmer in active trade.</headline>
<dateline>HARARE 1997-03-24</dateline>
<text>
<p>Zimbabwean shares opened the week mixed to firmer in active trade on Monday, driven largely by a spate of company results released last week and a couple of broker presentations, brokers said.</p>
<p>They however said volumes were still rather small as major institutional investors continued to sit on the sidelines watching new issues leaving smaller investors and unit trusts doing a bit of portfolio balancing the main market players.</p>
<p>&quot;Generally the market is mixed and it's being driven by recent results and broker presentations. The major institutions are still on the sidelines looking at new issues,&quot; one broker said.</p>
<p>The key industrial index put on 10.08 points to close at 10,372.69, pushed up by merchant banker FMB's 200 cent rise to 4,700 and timber producer Border 's 150 cent gain to 1,200.</p>
<p>Soft drinks manufacturer Schweppes jumped 50 cents to 410, tobacco company TSL added 20 cents to 700 as did glass firm PGI to 660 while seed manufacturer and distributor Seedco put on 15 cents to 300 and cement producer Porthold gained 10 cents to 1,650.</p>
<p>Among the day's losers, publishing group Zimpapers retraced some of its gains last week, dropping 200 cents to 5,300 while 50 cent cuts were recorded in pharmaceutical group Caps to 1,200, engineering firm Gulliver to 350 and hotel and supermarket company Meikles to 2,650.</p>
<p>Minings were lacklustre with prices showing little conviction either way. Nickel producer Bindura and gold counters Rio Tinto and Falgold were unchanged while Ashanti slid 500 cents to 9,500.</p>
<p>The mining index eased a marginal 1.75 points to 989.56.</p>
<p>--Emelia Sithole, Harare Newsroom: +263-4 72 52 27/8/9--</p>
</text>
<copyright>(c) Reuters Limited 1997</copyright>
<metadata>
<codes class="bip:countries:1.0">
  <code code="ZIMBAB">
    <editdetail attribution="Reuters BIP Coding Group" action="confirmed" date="1997-03-24"/>
  </code>
</codes>
<codes class="bip:topics:1.0">
  <code code="M11">
    <editdetail attribution="Reuters BIP Coding Group" action="confirmed" date="1997-03-24"/>
  </code>
  <code code="MCAT">
    <editdetail attribution="Reuters BIP Coding Group" action="confirmed" date="1997-03-24"/>
  </code>
</codes>
<dc element="dc.date.created" value="1997-03-24"/>
<dc element="dc.publisher" value="Reuters Holdings Plc"/>
<dc element="dc.date.published" value="1997-03-24"/>
<dc element="dc.source" value="Reuters"/>
<dc element="dc.creator.location" value="HARARE"/>
<dc element="dc.creator.location.country.name" value="ZIMBABWE"/>
<dc element="dc.source" value="Reuters"/>
</metadata>
</newsitem>
