<?xml version="1.0" encoding="iso-8859-1" ?>
<newsitem itemid="462759" id="root" date="1997-03-24" xml:lang="en">
<title>CANADA: Ulster Petroleums Q4 share profit climbs.</title>
<headline>Ulster Petroleums Q4 share profit climbs.</headline>
<dateline>CALGARY 1997-03-24</dateline>
<text>
<p>1996			  1995</p>
<p> Shr			 C$0.15		   C$0.03</p>
<p> Net			  4,416			539</p>
<p> Cash flow/shr	     0.70		     0.37</p>
<p> Revs			32,589		   19,273</p>
<p>	   YEAR</p>
<p> Shr			 C$0.32		   C$0.22</p>
<p> Net			  9,307		    6,352</p>
<p> Cash flow/shr	     1.94		     1.57</p>
<p> Revs			95,273		   73,554</p>
<p> Avg shrs		     n/a			n/a</p>
<p>		  (All data above 000s except per share numbers)</p>
<p>Company full name is Ultster Petroleums Ltd.</p>
<p>((Reuters Calgary Bureau (403) 531-1624))</p>
</text>
<copyright>(c) Reuters Limited 1997</copyright>
<metadata>
<codes class="bip:countries:1.0">
  <code code="CANA">
    <editdetail attribution="Reuters BIP Coding Group" action="confirmed" date="1997-03-24"/>
  </code>
</codes>
<codes class="bip:industries:1.0">
  <code code="I13000">
    <editdetail attribution="Reuters BIP Coding Group" action="confirmed" date="1997-03-24"/>
  </code>
  <code code="I1300003">
    <editdetail attribution="Reuters BIP Coding Group" action="confirmed" date="1997-03-24"/>
  </code>
</codes>
<codes class="bip:topics:1.0">
  <code code="C15">
    <editdetail attribution="Reuters BIP Coding Group" action="confirmed" date="1997-03-24"/>
  </code>
  <code code="C151">
    <editdetail attribution="Reuters BIP Coding Group" action="confirmed" date="1997-03-24"/>
  </code>
  <code code="C1511">
    <editdetail attribution="Reuters BIP Coding Group" action="confirmed" date="1997-03-24"/>
  </code>
  <code code="CCAT">
    <editdetail attribution="Reuters BIP Coding Group" action="confirmed" date="1997-03-24"/>
  </code>
</codes>
<dc element="dc.date.created" value="1997-03-24"/>
<dc element="dc.publisher" value="Reuters Holdings Plc"/>
<dc element="dc.date.published" value="1997-03-24"/>
<dc element="dc.source" value="Reuters"/>
<dc element="dc.creator.location" value="CALGARY"/>
<dc element="dc.creator.location.country.name" value="CANADA"/>
<dc element="dc.source" value="Reuters"/>
</metadata>
</newsitem>
