<?xml version="1.0" encoding="iso-8859-1" ?>
<newsitem itemid="462736" id="root" date="1997-03-24" xml:lang="en">
<title>NAMIBIA: PRESS DIGEST - Namibia - March 24.</title>
<headline>PRESS DIGEST - Namibia - March 24.</headline>
<dateline>WINDHOEK 1997-03-24</dateline>
<text>
<p>These are the leading stories in the Namibian press on Monday.</p>
<p>Reuters has not verified these stories and does not vouch for their accuracy.</p>
<p>- - - -</p>
<p>THE NAMIBIAN</p>
<p>- President Sam Nujoma told visiting U.N. Secretary General Kofi Annan on Saturday he would send troops to Zaire if the U.N. commits a peacekeeping mission to help oversee an end to the civil war there.</p>
<p>- The Namibian government could be losing millions through customs duty evasion and loopholes in the granting of Duty Credit Certificates, an investigation by the newspaper found.</p>
<p>- - - -</p>
<p>ALLGEMENINE ZEITUNG</p>
<p>- President Nujoma has pardoned 1,212 prisoners, including all those whose conditional release on parole in 1997 was approved on or before March 21 this year, as well as first time offenders serving sentences of not more than two years.</p>
</text>
<copyright>(c) Reuters Limited 1997</copyright>
<metadata>
<codes class="bip:countries:1.0">
  <code code="NAMIB">
    <editdetail attribution="Reuters BIP Coding Group" action="confirmed" date="1997-03-24"/>
  </code>
</codes>
<codes class="bip:topics:1.0">
  <code code="GCAT">
    <editdetail attribution="Reuters BIP Coding Group" action="confirmed" date="1997-03-24"/>
  </code>
</codes>
<dc element="dc.date.created" value="1997-03-24"/>
<dc element="dc.publisher" value="Reuters Holdings Plc"/>
<dc element="dc.date.published" value="1997-03-24"/>
<dc element="dc.source" value="Reuters"/>
<dc element="dc.creator.location" value="WINDHOEK"/>
<dc element="dc.creator.location.country.name" value="NAMIBIA"/>
<dc element="dc.source" value="Reuters"/>
</metadata>
</newsitem>
