<?xml version="1.0" encoding="iso-8859-1" ?>
<newsitem itemid="462724" id="root" date="1997-03-24" xml:lang="en">
<title>COTE D'IVOIRE: Zaire's Kabila to send team to OAU summit.</title>
<headline>Zaire's Kabila to send team to OAU summit.</headline>
<byline>Nicholas Phythian</byline>
<dateline>ABIDJAN 1997-03-24</dateline>
<text>
<p>Rebel leader Laurent Kabila has been invited to attend Wednesday's special Organisation of African Unity (OAU) summit on Zaire's civil war and has said he will send a delegation, host Togo said on Monday.</p>
<p>Togo's Foreign Ministry said in a statement that both Kabila and his arch-rival, veteran President Mobutu Sese Seko, had been formally invited to take part.</p>
<p>Foreign Minister Pierre Koffi Panou told Reuters that Kabila, whose forces control a fifth of the sprawling Central African nation, had agreed to send a delegation.</p>
<p>&quot;That's a positive sign,&quot; Panou said by telephone, adding that Kabila's representatives had not so far taken part in other major meetings on the five-month-old war.</p>
<p>Mobutu, back in Zaire after fresh cancer treatment, has not said whether he will attend in person but his journey home on Friday left him so drained that he sent away an official welcoming committee and did not appear in public until Sunday.</p>
<p>&quot;I'm in the process of examining the question,&quot; he told journalists in Kinshasa on Sunday.</p>
<p>Before leaving France for home, Mobutu called for a truce and talks and the creation of a national council to find ways out of the crisis &quot;with all our brothers, without exclusion&quot;.</p>
<p>His government has backed a U.N. ceasefire and talks plan but Kabila, his popularity rising with each battlefield victory, says talks must come before any truce.</p>
<p>Kabila repeated his position on Saturday in Zaire's captured third city of Kisangani during talks with U.N. special envoy Mohamed Sahnoun, who has been spearheading peace efforts.</p>
<p>Kabila has called for a transitional government to run Zaire for no more than a year but says he will not work with anyone who has shared power with Mobutu.</p>
<p>The government, he said on Saturday, should include his Alliance for Democratic Forces for the Liberation Congo/Zaire &quot;and only anti-Mobutists and anti-regime people who have never been in power and who never shared power&quot;.</p>
<p>Mobutu, 66, has ruled Zaire since seizing power in an army coup in 1965, but many ordinary Zaireans, ground down by three decades of poverty and hardship under his rule, are eager for a change and are openly rallying to Kabila.</p>
<p>Mobutu, appearing in public on Sunday for the first time since his homecoming, took delivery of a letter from South African President Nelson Mandela.</p>
<p>Asked about his plans and whether he would negotiate with Kabila, he replied: &quot;In the next 48 hours you will know.&quot;</p>
<p>Mandela's deputy Thabo Mbeki, who delivered the letter, said afterwards that a U.N. peace plan for a truce and talks was at the heart of efforts to end the war.</p>
<p>&quot;We are convinced that in the immediate future steps will be taken practically to move the peace process forward towards a resolution,&quot; Mbeki told reporters in Kinshasa.</p>
<p>He said the U.N. Security Council had spelled out &quot;a very important position&quot; in its resolution and he highlighted its call for a truce and negotiations. &quot;I think these are particular matters of focus that everyone is looking at,&quot; he added.</p>
<p>The rebels, who took up arms in October over a dispute about nationality for an ethnic Tutsi minority in the east, say their forces are 200 km (125 miles) from Zaire's second city Lubumbashi, capital of the southern mining province of Shaba.</p>
</text>
<copyright>(c) Reuters Limited 1997</copyright>
<metadata>
<codes class="bip:countries:1.0">
  <code code="ICST">
    <editdetail attribution="Reuters BIP Coding Group" action="confirmed" date="1997-03-24"/>
  </code>
  <code code="OAU">
    <editdetail attribution="Reuters BIP Coding Group" action="confirmed" date="1997-03-24"/>
  </code>
  <code code="TOGO">
    <editdetail attribution="Reuters BIP Coding Group" action="confirmed" date="1997-03-24"/>
  </code>
  <code code="ZAIRE">
    <editdetail attribution="Reuters BIP Coding Group" action="confirmed" date="1997-03-24"/>
  </code>
</codes>
<codes class="bip:topics:1.0">
  <code code="GCAT">
    <editdetail attribution="Reuters BIP Coding Group" action="confirmed" date="1997-03-24"/>
  </code>
  <code code="GDIP">
    <editdetail attribution="Reuters BIP Coding Group" action="confirmed" date="1997-03-24"/>
  </code>
  <code code="GPOL">
    <editdetail attribution="Reuters BIP Coding Group" action="confirmed" date="1997-03-24"/>
  </code>
  <code code="GVIO">
    <editdetail attribution="Reuters BIP Coding Group" action="confirmed" date="1997-03-24"/>
  </code>
</codes>
<dc element="dc.date.created" value="1997-03-24"/>
<dc element="dc.publisher" value="Reuters Holdings Plc"/>
<dc element="dc.date.published" value="1997-03-24"/>
<dc element="dc.source" value="Reuters"/>
<dc element="dc.creator.location" value="ABIDJAN"/>
<dc element="dc.creator.location.country.name" value="COTE D'IVOIRE"/>
<dc element="dc.source" value="Reuters"/>
</metadata>
</newsitem>
