<?xml version="1.0" encoding="iso-8859-1" ?>
<newsitem itemid="462757" id="root" date="1997-03-24" xml:lang="en">
<title>CANADA: Imperial Oil cuts posted oil prices.</title>
<headline>Imperial Oil cuts posted oil prices.</headline>
<dateline>CALGARY 1997-03-24</dateline>
<text>
<p>Imperial Oil Ltd said it lowered the price it would pay for Edmonton light sweet crude oil by C$6.00/cubic metre or C$0.95/barrel, to C$179.00/cubic metre or C$28.46/barrel, effective immediately.</p>
<p>Other new prices were listed as follows:</p>
<p>Cromer light sour C$169.00/cubic metre, or C$26.87/barrel</p>
<p>Bow River at Hardisty C$139.00/cubic metre, or C$22.10/barrel</p>
<p>Midale at Cromer C$150.00/cubic metre, or C$23.85/barrel</p>
<p>((Reuters Calgary Bureau (403) 531-1624))</p>
</text>
<copyright>(c) Reuters Limited 1997</copyright>
<metadata>
<codes class="bip:countries:1.0">
  <code code="CANA">
    <editdetail attribution="Reuters BIP Coding Group" action="confirmed" date="1997-03-24"/>
  </code>
</codes>
<codes class="bip:topics:1.0">
  <code code="M14">
    <editdetail attribution="Reuters BIP Coding Group" action="confirmed" date="1997-03-24"/>
  </code>
  <code code="M143">
    <editdetail attribution="Reuters BIP Coding Group" action="confirmed" date="1997-03-24"/>
  </code>
  <code code="MCAT">
    <editdetail attribution="Reuters BIP Coding Group" action="confirmed" date="1997-03-24"/>
  </code>
</codes>
<dc element="dc.date.created" value="1997-03-24"/>
<dc element="dc.publisher" value="Reuters Holdings Plc"/>
<dc element="dc.date.published" value="1997-03-24"/>
<dc element="dc.source" value="Reuters"/>
<dc element="dc.creator.location" value="CALGARY"/>
<dc element="dc.creator.location.country.name" value="CANADA"/>
<dc element="dc.source" value="Reuters"/>
</metadata>
</newsitem>
