<?xml version="1.0" encoding="iso-8859-1" ?>
<newsitem itemid="462765" id="root" date="1997-03-24" xml:lang="en">
<title>CANADA: Ontario Teachers in group buying MacBlo shrs.</title>
<headline>Ontario Teachers in group buying MacBlo shrs.</headline>
<dateline>TORONTO 1997-03-24</dateline>
<text>
<p>Ontario Teachers' Pension Board Plan said on Monday that it is part of a group which acquired 3.8 million shares in Vancouver-based MacMillan Bloedel Ltd between February 5 and March 21.</p>
<p>In a filing with the U.S. Securities and Exchange Commission, the group said it bought the shares at prices ranging between C$12.71 and C$13.95 per share.</p>
<p>The Teachers' share of the purchase was not disclosed, said Lee Fullerton, manager of communications for the Teachers' board.</p>
<p>The shares were acquired by an investment company owned by Thomas Taylor which invests on behalf of the Teachers' and the Bass Family of Fort Worth, Texas, Fullerton said.</p>
<p>The group now holds a total of 11.8 million shares or a 9.5 percent stake in MacMillan Bloedel.</p>
<p>MacMillan Bloedel's stock was up 0.05 at 19.30 on 701,000 shares on the Toronto Stock Exchange.</p>
<p>((Reuters Toronto Bureau (416) 941-8100))</p>
</text>
<copyright>(c) Reuters Limited 1997</copyright>
<metadata>
<codes class="bip:countries:1.0">
  <code code="CANA">
    <editdetail attribution="Reuters BIP Coding Group" action="confirmed" date="1997-03-24"/>
  </code>
  <code code="USA">
    <editdetail attribution="Reuters BIP Coding Group" action="confirmed" date="1997-03-24"/>
  </code>
</codes>
<codes class="bip:industries:1.0">
  <code code="I47100">
    <editdetail attribution="Reuters BIP Coding Group" action="confirmed" date="1997-03-24"/>
  </code>
  <code code="I81502">
    <editdetail attribution="Reuters BIP Coding Group" action="confirmed" date="1997-03-24"/>
  </code>
  <code code="I8150214">
    <editdetail attribution="Reuters BIP Coding Group" action="confirmed" date="1997-03-24"/>
  </code>
</codes>
<codes class="bip:topics:1.0">
  <code code="C18">
    <editdetail attribution="Reuters BIP Coding Group" action="confirmed" date="1997-03-24"/>
  </code>
  <code code="C181">
    <editdetail attribution="Reuters BIP Coding Group" action="confirmed" date="1997-03-24"/>
  </code>
  <code code="CCAT">
    <editdetail attribution="Reuters BIP Coding Group" action="confirmed" date="1997-03-24"/>
  </code>
</codes>
<dc element="dc.date.created" value="1997-03-24"/>
<dc element="dc.publisher" value="Reuters Holdings Plc"/>
<dc element="dc.date.published" value="1997-03-24"/>
<dc element="dc.source" value="Reuters"/>
<dc element="dc.creator.location" value="TORONTO"/>
<dc element="dc.creator.location.country.name" value="CANADA"/>
<dc element="dc.source" value="Reuters"/>
</metadata>
</newsitem>
