<?xml version="1.0" encoding="iso-8859-1" ?>
<newsitem itemid="462731" id="root" date="1997-03-24" xml:lang="en">
<title>KENYA: PRESS DIGEST - Kenya - March 24.</title>
<headline>PRESS DIGEST - Kenya - March 24.</headline>
<dateline>NAIROBI 1997-03-24</dateline>
<text>
<p>These are the leading stories in the Kenyan press on Monday. Reuters has not verified these stories and does not vouch for their accuracy.</p>
<p>DAILY NATION</p>
<p>- Kenyan authorities launch full investigations to establish the source of a letter allegedly written by President Daniel arap Moi exonerating Kenyan-born Dubai-based businessman Ketan Somaia from dubious business dealings in Kenya.</p>
<p>- Kenyan runners clinch the overall team title in the World Cross Country Championships in Turin, for the 12th year.</p>
<p>- Police hold several people. among them staff members of the treasury, over an attempt to defraud the government of more than 150 million shillings ($2.7 million).</p>
<p>EAST AFRICAN STANDARD</p>
<p>- The Supreme Council of Kenya Moslems vows to fight for a controversial plot in Nairobi city centre valued at 160 million shillings following President Moi's directive that hawkers be allowed to conduct business on the plot.</p>
<p>- The government launches investigations into an alleged lesbian sex scandal.</p>
<p>- A boy's body is found in the nose-wheel of a British Airways plane on arrival at London's Gatwick Airport.</p>
<p>KENYA TIMES</p>
<p>- Police launch a massive man-hunt for about 500 minibus &quot;matatu&quot; operators turned-vigilante who on Friday lynched three suspected pick-pockets in the city.</p>
<p>- The management of Standard Chartered Bank launches an intensive security audit throughout its branches.</p>
<p>- Unscrupulous retail traders in the city and other urban centres in Kenya mint money from illegally hiked prices of milk.</p>
<p>THE EAST AFRICAN</p>
<p>- A number of officials and diplomats suggest Tanzanian President Benjamin Mkapa's refusal to attend the regional summit on eastern Zaire last week in Nairobi may have been due to concern over failure to invite Uganda.</p>
<p>- Kenya accepts a request from John Odongo, the self-styled dissident who claims to head a guerilla movement opposed to President Moi, to return home from exile in Ghana.</p>
<p>- Tanzania turns to the International Monetary Fund for assistance to review a proposed tax system that will be incorporated into the 1997/98 budget.</p>
<p>($1=55 Kenyan shillings)</p>
</text>
<copyright>(c) Reuters Limited 1997</copyright>
<metadata>
<codes class="bip:countries:1.0">
  <code code="KENYA">
    <editdetail attribution="Reuters BIP Coding Group" action="confirmed" date="1997-03-24"/>
  </code>
</codes>
<codes class="bip:topics:1.0">
  <code code="GCAT">
    <editdetail attribution="Reuters BIP Coding Group" action="confirmed" date="1997-03-24"/>
  </code>
</codes>
<dc element="dc.date.created" value="1997-03-24"/>
<dc element="dc.publisher" value="Reuters Holdings Plc"/>
<dc element="dc.date.published" value="1997-03-24"/>
<dc element="dc.source" value="Reuters"/>
<dc element="dc.creator.location" value="NAIROBI"/>
<dc element="dc.creator.location.country.name" value="KENYA"/>
<dc element="dc.source" value="Reuters"/>
</metadata>
</newsitem>
