<?xml version="1.0" encoding="iso-8859-1" ?>
<newsitem itemid="462792" id="root" date="1997-03-24" xml:lang="en">
<title>USA: Edison, IBM offer Internet access.</title>
<headline>Edison, IBM offer Internet access.</headline>
<dateline>LOS ANGELES 1997-03-24</dateline>
<text>
<p>Edison International's Edison Select announced Monday an agreement with IBM to provide personal computer users high-speed access to the Internet.</p>
<p>IBM will provide the Internet access through it's global network offering local dial access from 860 cities and 100 countries, while Edison Select will provide the user interface as well as the sales and marketing of the service.</p>
<p>Edison is initially marketing the service in the San Diego region, making this the unit's first foray out of Edison's own service territory, said spokeswoman Carolyn Murray.</p>
<p>The company plans to next expand marketing efforts to other parts of Southern California, she added.</p>
<p>--Los Angeles bureau + 1 213 955 6761</p>
</text>
<copyright>(c) Reuters Limited 1997</copyright>
<metadata>
<codes class="bip:countries:1.0">
  <code code="USA">
    <editdetail attribution="Reuters BIP Coding Group" action="confirmed" date="1997-03-24"/>
  </code>
</codes>
<codes class="bip:industries:1.0">
  <code code="I16100">
    <editdetail attribution="Reuters BIP Coding Group" action="confirmed" date="1997-03-24"/>
  </code>
  <code code="I33020">
    <editdetail attribution="Reuters BIP Coding Group" action="confirmed" date="1997-03-24"/>
  </code>
  <code code="I3302003">
    <editdetail attribution="Reuters BIP Coding Group" action="confirmed" date="1997-03-24"/>
  </code>
</codes>
<codes class="bip:topics:1.0">
  <code code="C22">
    <editdetail attribution="Reuters BIP Coding Group" action="confirmed" date="1997-03-24"/>
  </code>
  <code code="C33">
    <editdetail attribution="Reuters BIP Coding Group" action="confirmed" date="1997-03-24"/>
  </code>
  <code code="CCAT">
    <editdetail attribution="Reuters BIP Coding Group" action="confirmed" date="1997-03-24"/>
  </code>
</codes>
<dc element="dc.date.created" value="1997-03-24"/>
<dc element="dc.publisher" value="Reuters Holdings Plc"/>
<dc element="dc.date.published" value="1997-03-24"/>
<dc element="dc.source" value="Reuters"/>
<dc element="dc.creator.location" value="LOS ANGELES"/>
<dc element="dc.creator.location.country.name" value="USA"/>
<dc element="dc.source" value="Reuters"/>
</metadata>
</newsitem>
