<?xml version="1.0" encoding="iso-8859-1" ?>
<newsitem itemid="462740" id="root" date="1997-03-24" xml:lang="en">
<title>SOUTH AFRICA: Malbak confirms motor subsidiary sale.</title>
<headline>Malbak confirms motor subsidiary sale.</headline>
<dateline>JOHANNESBURG 1997-03-24</dateline>
<text>
<p>Malbak Ltd confirmed on Monday that Sankorp Ltd had bought its subsidiary Malbak Motor Holdings (MMH) in a transaction valued at 265 million rand.</p>
<p>Malbak said in a statement that agreement had been reached between the two parties late last week and that the transaction was effective retrospectively from March 1.</p>
<p>This forms part of the Malbak group's unbundling whereby it is disposing of its unlisted investments. Malbak plans to distribute the sale proceeds to its shareholders in cash at the same time as distributing shares in its listed subsidiaries.</p>
<p>Sankorp, which will be paying cash for the purchase, has not yet outlined its intentions for the motor group which achieved sales of 3.2 billion rand in the year ended August 31, 1996.</p>
<p>&quot;The group has a well spread portfolio of marques and competent management who have experience of the difficult trading conditions the motor industry is currency going through,&quot; said Sankorp director Tony Routledge.</p>
<p>&quot;We are confident that MMH will make a growing contribution to Sankorp's bottom line.&quot;</p>
<p>In a separate announcement on Monday Scaw Metals, a division of Amic Industries Ltd, said it had agreed to buy a further 16 percent stake in Haggie Ltd from Malbak at a purchase price of 25 rand a share.</p>
<p>Malbak's remaining 20 percent stake in Haggie will be distributed pro-rata to its shareholders on the basis of 1.24 Haggie shares for every 100 Malbak shares held.</p>
<p>-- Johannesburg newsroom 27 11 482 1003</p>
</text>
<copyright>(c) Reuters Limited 1997</copyright>
<metadata>
<codes class="bip:countries:1.0">
  <code code="SAFR">
    <editdetail attribution="Reuters BIP Coding Group" action="confirmed" date="1997-03-24"/>
  </code>
</codes>
<codes class="bip:industries:1.0">
  <code code="I35101">
    <editdetail attribution="Reuters BIP Coding Group" action="confirmed" date="1997-03-24"/>
  </code>
  <code code="I83960">
    <editdetail attribution="Reuters BIP Coding Group" action="confirmed" date="1997-03-24"/>
  </code>
</codes>
<codes class="bip:topics:1.0">
  <code code="C18">
    <editdetail attribution="Reuters BIP Coding Group" action="confirmed" date="1997-03-24"/>
  </code>
  <code code="C181">
    <editdetail attribution="Reuters BIP Coding Group" action="confirmed" date="1997-03-24"/>
  </code>
  <code code="CCAT">
    <editdetail attribution="Reuters BIP Coding Group" action="confirmed" date="1997-03-24"/>
  </code>
</codes>
<dc element="dc.date.created" value="1997-03-24"/>
<dc element="dc.publisher" value="Reuters Holdings Plc"/>
<dc element="dc.date.published" value="1997-03-24"/>
<dc element="dc.source" value="Reuters"/>
<dc element="dc.creator.location" value="JOHANNESBURG"/>
<dc element="dc.creator.location.country.name" value="SOUTH AFRICA"/>
<dc element="dc.source" value="Reuters"/>
</metadata>
</newsitem>
