<?xml version="1.0" encoding="iso-8859-1" ?>
<newsitem itemid="462723" id="root" date="1997-03-24" xml:lang="en">
<title>SOUTH AFRICA: Foreigners net buyers of S.Africa shares last week.</title>
<headline>Foreigners net buyers of S.Africa shares last week.</headline>
<dateline>JOHANNESBURG 1997-03-24</dateline>
<text>
<p>The Johannesburg Stock Exchange (JSE) said non-residents were net buyers of 197.69 million rand's worth of South African shares last week.</p>
<p>Non-resident transactions (million rand) -</p>
<p>			   Week to March 21  Year to date   Year ago</p>
<p>Equities:</p>
<p>- purchases		   1,188.73     13,177.47     10,068.54</p>
<p>- sales			   991.04     10,013.46	7,764.96</p>
<p>- net purchases/(sales)     197.69	3,164.01	2,303.58</p>
<p>NOTE - The figures reflect only the portion of the market where non-resident transactions are executed through the JSE, and are therefore not comprehensive.</p>
<p>-- Johannesburg newsroom +27 11 482-1003</p>
</text>
<copyright>(c) Reuters Limited 1997</copyright>
<metadata>
<codes class="bip:countries:1.0">
  <code code="SAFR">
    <editdetail attribution="Reuters BIP Coding Group" action="confirmed" date="1997-03-24"/>
  </code>
</codes>
<codes class="bip:topics:1.0">
  <code code="M11">
    <editdetail attribution="Reuters BIP Coding Group" action="confirmed" date="1997-03-24"/>
  </code>
  <code code="MCAT">
    <editdetail attribution="Reuters BIP Coding Group" action="confirmed" date="1997-03-24"/>
  </code>
</codes>
<dc element="dc.date.created" value="1997-03-24"/>
<dc element="dc.publisher" value="Reuters Holdings Plc"/>
<dc element="dc.date.published" value="1997-03-24"/>
<dc element="dc.source" value="Reuters"/>
<dc element="dc.creator.location" value="JOHANNESBURG"/>
<dc element="dc.creator.location.country.name" value="SOUTH AFRICA"/>
<dc element="dc.source" value="Reuters"/>
</metadata>
</newsitem>
