<?xml version="1.0" encoding="iso-8859-1" ?>
<newsitem itemid="462743" id="root" date="1997-03-24" xml:lang="en">
<title>SOUTH AFRICA: S&amp;J Land attrib loss shrinks, no div.</title>
<headline>S&amp;J Land attrib loss shrinks, no div.</headline>
<dateline>JOHANNESBURG 1997-03-24</dateline>
<text>
<p>Half year ended December 31, 1996</p>
<p>			(million rand unless stated)</p>
<p>Shr, attrib loss (cts)</p>
<p>				  0.3	   vs 2.3</p>
<p>    Attrib loss	     0.09	  vs 0.60</p>
<p>    Tax			 nil	   vs nil</p>
<p>    Net interest received 0.62	  vs 0.57</p>
<p>    Operating loss	  0.70	  vs 0.23</p>
<p>    Abnormal item	   nil	   vs 0.95</p>
<p>    Turnover		  0.55	  vs 6.18</p>
<p>Full name: S &amp; J Land Holdings Ltd</p>
<p>NOTE - Diretors said the fall in turnover was attributable to reduced property sales. They said the removal of mine dumps in some sectors of the company's property was progressing. Negotiations for the resettlement of illegal occupants on parts of the firm's land was being negotiated.</p>
<p>They said negotiations were taking place with regard to the proposed sale of an additional 7.5 hectares of property.</p>
<p>-- Johannesburg newsroom +27 11 482 1003</p>
</text>
<copyright>(c) Reuters Limited 1997</copyright>
<metadata>
<codes class="bip:countries:1.0">
  <code code="SAFR">
    <editdetail attribution="Reuters BIP Coding Group" action="confirmed" date="1997-03-24"/>
  </code>
</codes>
<codes class="bip:topics:1.0">
  <code code="C15">
    <editdetail attribution="Reuters BIP Coding Group" action="confirmed" date="1997-03-24"/>
  </code>
  <code code="C151">
    <editdetail attribution="Reuters BIP Coding Group" action="confirmed" date="1997-03-24"/>
  </code>
  <code code="CCAT">
    <editdetail attribution="Reuters BIP Coding Group" action="confirmed" date="1997-03-24"/>
  </code>
</codes>
<dc element="dc.date.created" value="1997-03-24"/>
<dc element="dc.publisher" value="Reuters Holdings Plc"/>
<dc element="dc.date.published" value="1997-03-24"/>
<dc element="dc.source" value="Reuters"/>
<dc element="dc.creator.location" value="JOHANNESBURG"/>
<dc element="dc.creator.location.country.name" value="SOUTH AFRICA"/>
<dc element="dc.source" value="Reuters"/>
</metadata>
</newsitem>
