<?xml version="1.0" encoding="iso-8859-1" ?>
<newsitem itemid="462764" id="root" date="1997-03-24" xml:lang="en">
<title>CANADA: Loewen says offerings to cover beyond 1997.</title>
<headline>Loewen says offerings to cover beyond 1997.</headline>
<dateline>VANCOUVER 1997-03-24</dateline>
<text>
<p>The Loewen Group Inc said Monday that its US$1.0 billion shelf registration with the U.S. Securities and Exchange Commission should cover one to two years of financing.</p>
<p>Chief financial officer Paul Wagler also said in an interview that the debt and equity offerings would not have an impact on earnings forecasts.</p>
<p>&quot;The earnings expectations remain unchanged,&quot; he said. Consensus forecasts are for the funeral home operator to earn around US$1.57 to US$1.58 a share this year.  </p>
<p>The registration &quot;certainly (will cover) beyond this year,&quot; Wagler said. Loewen Vice President of Finance Dwight Hawes said such shelf registrations were &quot;supposed to represent about a two-year window.&quot;</p>
<p>The funds are likely to be used to finance Loewen's aggressive acquisition program. It has previously projected US$600 million to US$750 million in acquisitions in 1997. Last year Loewen raised about US$1.5 billion but that was a record that will not be repeated in 1997, Wagler said.</p>
<p>Loewen said the offerings would consist of debt and equity but that the proportions have not yet been allocated.  </p>
<p>The past pattern at the company has been to raise twice as much debt as equity, Wagler said.</p>
<p>Loewen shares were down 0.15 to 45.50 in Toronto and unchanged at 33 in New York. Wagler said the announcement was in line with market expectations.</p>
<p>((Reuters Vancouver Bureau (604) 664-7314))</p>
</text>
<copyright>(c) Reuters Limited 1997</copyright>
<metadata>
<codes class="bip:countries:1.0">
  <code code="CANA">
    <editdetail attribution="Reuters BIP Coding Group" action="confirmed" date="1997-03-24"/>
  </code>
  <code code="USA">
    <editdetail attribution="Reuters BIP Coding Group" action="confirmed" date="1997-03-24"/>
  </code>
</codes>
<codes class="bip:topics:1.0">
  <code code="C17">
    <editdetail attribution="Reuters BIP Coding Group" action="confirmed" date="1997-03-24"/>
  </code>
  <code code="C171">
    <editdetail attribution="Reuters BIP Coding Group" action="confirmed" date="1997-03-24"/>
  </code>
  <code code="C172">
    <editdetail attribution="Reuters BIP Coding Group" action="confirmed" date="1997-03-24"/>
  </code>
  <code code="CCAT">
    <editdetail attribution="Reuters BIP Coding Group" action="confirmed" date="1997-03-24"/>
  </code>
</codes>
<dc element="dc.date.created" value="1997-03-24"/>
<dc element="dc.publisher" value="Reuters Holdings Plc"/>
<dc element="dc.date.published" value="1997-03-24"/>
<dc element="dc.source" value="Reuters"/>
<dc element="dc.creator.location" value="VANCOUVER"/>
<dc element="dc.creator.location.country.name" value="CANADA"/>
<dc element="dc.source" value="Reuters"/>
</metadata>
</newsitem>
