<?xml version="1.0" encoding="iso-8859-1" ?>
<newsitem itemid="462789" id="root" date="1997-03-24" xml:lang="en">
<title>USA: RESEARCH ALERT - Medicis.</title>
<headline>RESEARCH ALERT - Medicis.</headline>
<text>
<p>-- Roberston Stephens raised estimates on Medicis Pharmaceutical Corp and reiterated a buy rating.</p>
<p>-- Raised fiscal 1998 EPS estimate to $2.76 from $1.28 and raised 1998 revenue estimate to $58.6 million from $36.3 million.</p>
<p>-- Noted the company has exceeded expectations for new product intriductions, revenue growth and profitability.</p>
<p>-- Expects company to launch an additional internally developed drug by the end of June and possibly spend some of its $90 million in cash on another acquisition by Q497.</p>
</text>
<copyright>(c) Reuters Limited 1997</copyright>
<metadata>
<codes class="bip:countries:1.0">
  <code code="USA">
    <editdetail attribution="Reuters BIP Coding Group" action="confirmed" date="1997-03-24"/>
  </code>
</codes>
<codes class="bip:industries:1.0">
  <code code="I25700">
    <editdetail attribution="Reuters BIP Coding Group" action="confirmed" date="1997-03-24"/>
  </code>
</codes>
<codes class="bip:topics:1.0">
  <code code="C15">
    <editdetail attribution="Reuters BIP Coding Group" action="confirmed" date="1997-03-24"/>
  </code>
  <code code="C152">
    <editdetail attribution="Reuters BIP Coding Group" action="confirmed" date="1997-03-24"/>
  </code>
  <code code="CCAT">
    <editdetail attribution="Reuters BIP Coding Group" action="confirmed" date="1997-03-24"/>
  </code>
</codes>
<dc element="dc.publisher" value="Reuters Holdings Plc"/>
<dc element="dc.date.published" value="1997-03-24"/>
<dc element="dc.source" value="Reuters"/>
<dc element="dc.creator.location.country.name" value="USA"/>
<dc element="dc.source" value="Reuters"/>
</metadata>
</newsitem>
