<?xml version="1.0" encoding="iso-8859-1" ?>
<newsitem itemid="462774" id="root" date="1997-03-24" xml:lang="en">
<title>USA: Broadband names David Orr president, CEO.</title>
<headline>Broadband names David Orr president, CEO.</headline>
<dateline>RESEARCH TRIANGLE PARK, N.C. 1997-03-24</dateline>
<text>
<p>Broadband Technologies Inc said on Monday David Orr will become president and chief executive officer.</p>
<p>Salim Bhatia, founder, president and chief executive since the company's inception, will become chairman, Broadband said.</p>
<p>Orr previously was president and chief executive officer of Alcatel Network Systems, Broadband said.</p>
<p>John Hutchins III, a founder and chairman, will become chairman emeritus and remain on the board of directors, the company said.</p>
</text>
<copyright>(c) Reuters Limited 1997</copyright>
<metadata>
<codes class="bip:countries:1.0">
  <code code="USA">
    <editdetail attribution="Reuters BIP Coding Group" action="confirmed" date="1997-03-24"/>
  </code>
</codes>
<codes class="bip:industries:1.0">
  <code code="I34410">
    <editdetail attribution="Reuters BIP Coding Group" action="confirmed" date="1997-03-24"/>
  </code>
</codes>
<codes class="bip:topics:1.0">
  <code code="C41">
    <editdetail attribution="Reuters BIP Coding Group" action="confirmed" date="1997-03-24"/>
  </code>
  <code code="C411">
    <editdetail attribution="Reuters BIP Coding Group" action="confirmed" date="1997-03-24"/>
  </code>
  <code code="CCAT">
    <editdetail attribution="Reuters BIP Coding Group" action="confirmed" date="1997-03-24"/>
  </code>
</codes>
<dc element="dc.date.created" value="1997-03-24"/>
<dc element="dc.publisher" value="Reuters Holdings Plc"/>
<dc element="dc.date.published" value="1997-03-24"/>
<dc element="dc.source" value="Reuters"/>
<dc element="dc.creator.location" value="RESEARCH TRIANGLE PARK, N.C."/>
<dc element="dc.creator.location.country.name" value="USA"/>
<dc element="dc.source" value="Reuters"/>
</metadata>
</newsitem>
