<?xml version="1.0" encoding="iso-8859-1" ?>
<newsitem itemid="462728" id="root" date="1997-03-24" xml:lang="en">
<title>SOUTH AFRICA: SAfrica tobacco shares hacked by US firm admission.</title>
<headline>SAfrica tobacco shares hacked by US firm admission.</headline>
<dateline>JOHANNESBURG 1997-03-24</dateline>
<text>
<p>South African tobacco companies Rembrandt and Richemont were buffetted on Monday by industry worries over U.S. firm Liggett's cooperation with anti-tobacco plaintiffs, dealers said.</p>
<p>Tobacco group Liggett last week released sensitive documents to U.S. states suing the tobacco industry which, among other admissions, said smoking damages health and is addictive.</p>
<p>The admissions are expected to have far-reaching legal effects, including boosting the U.S. Justice Department's criminal probe of cigarette companies and are seen having repercussions for tobacco companies worldwide.</p>
<p>Rembrandt and Richemont were respectively the second and third largest traders by value on the Johannesburg Stock Exchange by 0945 GMT.</p>
<p>Rembrandt had lost 45 cents to 45.05 rand in a traded volume of 278,700 shares for value 12.5 million rand.</p>
<p>Richemont Securities had shed 75 cents or over one percent to 58.75 rand with 241,400 shares having changed hands for value 14.2 million rand.</p>
<p>&quot;We could see big selling in Rembrandt which will come under pressure because of that (Liggett news),&quot; one dealer said.</p>
<p>&quot;It ties in with a current market trend that will see continued pressure for tobacco stocks,&quot; he added.</p>
<p>The companies merged their tobacco interests in October 1995 to form Luxembourg-incorporated company Rothmans International Holdings. Richemont owns two thirds of Rothmans International and Rembrandt one third.</p>
<p>-- Melanie Cheary, Johannesburg newsroom +27 11 482-1003</p>
</text>
<copyright>(c) Reuters Limited 1997</copyright>
<metadata>
<codes class="bip:countries:1.0">
  <code code="SAFR">
    <editdetail attribution="Reuters BIP Coding Group" action="confirmed" date="1997-03-24"/>
  </code>
</codes>
<codes class="bip:industries:1.0">
  <code code="I42900">
    <editdetail attribution="Reuters BIP Coding Group" action="confirmed" date="1997-03-24"/>
  </code>
  <code code="I83960">
    <editdetail attribution="Reuters BIP Coding Group" action="confirmed" date="1997-03-24"/>
  </code>
</codes>
<codes class="bip:topics:1.0">
  <code code="C15">
    <editdetail attribution="Reuters BIP Coding Group" action="confirmed" date="1997-03-24"/>
  </code>
  <code code="C152">
    <editdetail attribution="Reuters BIP Coding Group" action="confirmed" date="1997-03-24"/>
  </code>
  <code code="CCAT">
    <editdetail attribution="Reuters BIP Coding Group" action="confirmed" date="1997-03-24"/>
  </code>
</codes>
<dc element="dc.date.created" value="1997-03-24"/>
<dc element="dc.publisher" value="Reuters Holdings Plc"/>
<dc element="dc.date.published" value="1997-03-24"/>
<dc element="dc.source" value="Reuters"/>
<dc element="dc.creator.location" value="JOHANNESBURG"/>
<dc element="dc.creator.location.country.name" value="SOUTH AFRICA"/>
<dc element="dc.source" value="Reuters"/>
</metadata>
</newsitem>
