<?xml version="1.0" encoding="iso-8859-1" ?>
<newsitem itemid="462720" id="root" date="1997-03-24" xml:lang="en">
<title>SOUTH AFRICA: S.Africa and Namibia sign debt relief agreement.</title>
<headline>S.Africa and Namibia sign debt relief agreement.</headline>
<dateline>CAPE TOWN 1997-03-24</dateline>
<text>
<p>Namibia and South Africa on Monday signed an agreement that Namibia would not have to repay 1.24 billion rand lent to it by South Africa during the apartheid era.</p>
<p>Finance Ministers Trevor Manuel and Nangolo Mbumba told reporters that the agreement marked the beginning of a new relationship between the two countries.</p>
<p>The debt was incurred before Namibia's independence in 1990 and consisted mainly of privately placed and domestic registered bonds held by South African financial institutions, as well as some foreign loans.</p>
<p>The South African parliament recently amended the Exchequer Act to allow for the writing off of the debt and Manuel and Mbumba will now ask their parliaments to officially ratify the agreement signed on Monday.</p>
<p>The agreement will come into force 30 days after ratification.</p>
<p>Manuel said the 1.24 billion rand was &quot;one third of one percent of  South Africa's debt as it stands now. It will merely be factored into what exists and will be redeemed over a period of time.&quot;</p>
<p>But for Namibia, the debt was considerable, Mbumba said, and its removal would provide his country with a solid basis from which to finance much needed development projects.</p>
<p>-- Parliamentary office +27 21 403-2502</p>
</text>
<copyright>(c) Reuters Limited 1997</copyright>
<metadata>
<codes class="bip:countries:1.0">
  <code code="NAMIB">
    <editdetail attribution="Reuters BIP Coding Group" action="confirmed" date="1997-03-24"/>
  </code>
  <code code="SAFR">
    <editdetail attribution="Reuters BIP Coding Group" action="confirmed" date="1997-03-24"/>
  </code>
</codes>
<codes class="bip:topics:1.0">
  <code code="E21">
    <editdetail attribution="Reuters BIP Coding Group" action="confirmed" date="1997-03-24"/>
  </code>
  <code code="E212">
    <editdetail attribution="Reuters BIP Coding Group" action="confirmed" date="1997-03-24"/>
  </code>
  <code code="ECAT">
    <editdetail attribution="Reuters BIP Coding Group" action="confirmed" date="1997-03-24"/>
  </code>
  <code code="GCAT">
    <editdetail attribution="Reuters BIP Coding Group" action="confirmed" date="1997-03-24"/>
  </code>
  <code code="GDIP">
    <editdetail attribution="Reuters BIP Coding Group" action="confirmed" date="1997-03-24"/>
  </code>
  <code code="GPOL">
    <editdetail attribution="Reuters BIP Coding Group" action="confirmed" date="1997-03-24"/>
  </code>
</codes>
<dc element="dc.date.created" value="1997-03-24"/>
<dc element="dc.publisher" value="Reuters Holdings Plc"/>
<dc element="dc.date.published" value="1997-03-24"/>
<dc element="dc.source" value="Reuters"/>
<dc element="dc.creator.location" value="CAPE TOWN"/>
<dc element="dc.creator.location.country.name" value="SOUTH AFRICA"/>
<dc element="dc.source" value="Reuters"/>
</metadata>
</newsitem>
