<?xml version="1.0" encoding="iso-8859-1" ?>
<newsitem itemid="462756" id="root" date="1997-03-24" xml:lang="en">
<title>CANADA: Brascan seeks approval for class B shares.</title>
<headline>Brascan seeks approval for class B shares.</headline>
<dateline>TORONTO 1997-03-24</dateline>
<text>
<p>Brascan Ltd said on Monday that it would seek shareholder approval for a new class of shares that would track certain business units of the company.</p>
<p>&quot;While the corporation currently has no specific plans for the issue of class B shares, consideration is being given to issuing such shares targeted to the corporation's Brazilian operations or one specific operating division thereof,&quot; Brascan said in a statement.</p>
<p>The vote on the special resolution will occur at Brascan's annual meeting on April 30.</p>
<p>((Reuters Toronto Bureau (416) 941-8100))</p>
</text>
<copyright>(c) Reuters Limited 1997</copyright>
<metadata>
<codes class="bip:countries:1.0">
  <code code="BRAZ">
    <editdetail attribution="Reuters BIP Coding Group" action="confirmed" date="1997-03-24"/>
  </code>
  <code code="CANA">
    <editdetail attribution="Reuters BIP Coding Group" action="confirmed" date="1997-03-24"/>
  </code>
</codes>
<codes class="bip:industries:1.0">
  <code code="I83960">
    <editdetail attribution="Reuters BIP Coding Group" action="confirmed" date="1997-03-24"/>
  </code>
</codes>
<codes class="bip:topics:1.0">
  <code code="C17">
    <editdetail attribution="Reuters BIP Coding Group" action="confirmed" date="1997-03-24"/>
  </code>
  <code code="C171">
    <editdetail attribution="Reuters BIP Coding Group" action="confirmed" date="1997-03-24"/>
  </code>
  <code code="CCAT">
    <editdetail attribution="Reuters BIP Coding Group" action="confirmed" date="1997-03-24"/>
  </code>
</codes>
<dc element="dc.date.created" value="1997-03-24"/>
<dc element="dc.publisher" value="Reuters Holdings Plc"/>
<dc element="dc.date.published" value="1997-03-24"/>
<dc element="dc.source" value="Reuters"/>
<dc element="dc.creator.location" value="TORONTO"/>
<dc element="dc.creator.location.country.name" value="CANADA"/>
<dc element="dc.source" value="Reuters"/>
</metadata>
</newsitem>
