<?xml version="1.0" encoding="iso-8859-1" ?>
<newsitem itemid="462719" id="root" date="1997-03-24" xml:lang="en">
<title>SOUTH AFRICA: Independent unions form new S.African federation.</title>
<headline>Independent unions form new S.African federation.</headline>
<dateline>JOHANNESBURG 1997-03-24</dateline>
<text>
<p>Two independent South African labour groups said on Monday they were uniting to form new federation with over half a million members.</p>
<p>The new group, the Federation of Unions of South Africa (Fedusa), unites the Federation of South African Labour Unions (Fedsal) and the Federation of Organisations Representing Civil Employees, they said in a statement.</p>
<p>Organisers said Fedusa, which comes into being on April 1, will number over 500,000 employees from 25 workers' organisations.</p>
<p>It will include technicians, administrative workers, general assistants, nurses, doctors, teachers and other skilled and semi-skilled employees from the private and public sectors, the statement said.</p>
<p>Fedusa's founding principles include political independence, equal opportunities, professionalism, disciplined action and &quot;support for balanced policies&quot;.</p>
<p>Fedusa will take the place of Fedsal in South Africa's National Economic Development and Labour Council (Nedlac), which groups the country's other major labour federations, Cosatu and Nactu, with the government and business representatives.</p>
<p>-- Johannesburg newsroom, +27-11 482 1003</p>
</text>
<copyright>(c) Reuters Limited 1997</copyright>
<metadata>
<codes class="bip:countries:1.0">
  <code code="SAFR">
    <editdetail attribution="Reuters BIP Coding Group" action="confirmed" date="1997-03-24"/>
  </code>
</codes>
<codes class="bip:topics:1.0">
  <code code="C42">
    <editdetail attribution="Reuters BIP Coding Group" action="confirmed" date="1997-03-24"/>
  </code>
  <code code="CCAT">
    <editdetail attribution="Reuters BIP Coding Group" action="confirmed" date="1997-03-24"/>
  </code>
  <code code="E41">
    <editdetail attribution="Reuters BIP Coding Group" action="confirmed" date="1997-03-24"/>
  </code>
  <code code="ECAT">
    <editdetail attribution="Reuters BIP Coding Group" action="confirmed" date="1997-03-24"/>
  </code>
  <code code="GCAT">
    <editdetail attribution="Reuters BIP Coding Group" action="confirmed" date="1997-03-24"/>
  </code>
  <code code="GJOB">
    <editdetail attribution="Reuters BIP Coding Group" action="confirmed" date="1997-03-24"/>
  </code>
</codes>
<dc element="dc.date.created" value="1997-03-24"/>
<dc element="dc.publisher" value="Reuters Holdings Plc"/>
<dc element="dc.date.published" value="1997-03-24"/>
<dc element="dc.source" value="Reuters"/>
<dc element="dc.creator.location" value="JOHANNESBURG"/>
<dc element="dc.creator.location.country.name" value="SOUTH AFRICA"/>
<dc element="dc.source" value="Reuters"/>
</metadata>
</newsitem>
