<?xml version="1.0" encoding="iso-8859-1" ?>
<newsitem itemid="462746" id="root" date="1997-03-24" xml:lang="en">
<title>SOUTH AFRICA: Foreigners net buyers of S.African bonds last week.</title>
<headline>Foreigners net buyers of S.African bonds last week.</headline>
<dateline>JOHANNESBURG 1997-03-24</dateline>
<text>
<p>Foreigners were net buyers of South African bonds last week, latest Bond Exchange of South Africa figures show.</p>
<p>Non-resident transactions (million rand):</p>
<p>				   Week to March 21  Year to date</p>
<p>    - purchases		 7,910.80	   78,463.38</p>
<p>    - sales		     7,618.87	   73,596.00</p>
<p>    - net purchases (sales)   291.93	    4,867.38</p>
<p>-- Johannesburg newsroom +27 11 482 1003</p>
</text>
<copyright>(c) Reuters Limited 1997</copyright>
<metadata>
<codes class="bip:countries:1.0">
  <code code="SAFR">
    <editdetail attribution="Reuters BIP Coding Group" action="confirmed" date="1997-03-24"/>
  </code>
</codes>
<codes class="bip:topics:1.0">
  <code code="M12">
    <editdetail attribution="Reuters BIP Coding Group" action="confirmed" date="1997-03-24"/>
  </code>
  <code code="MCAT">
    <editdetail attribution="Reuters BIP Coding Group" action="confirmed" date="1997-03-24"/>
  </code>
</codes>
<dc element="dc.date.created" value="1997-03-24"/>
<dc element="dc.publisher" value="Reuters Holdings Plc"/>
<dc element="dc.date.published" value="1997-03-24"/>
<dc element="dc.source" value="Reuters"/>
<dc element="dc.creator.location" value="JOHANNESBURG"/>
<dc element="dc.creator.location.country.name" value="SOUTH AFRICA"/>
<dc element="dc.source" value="Reuters"/>
</metadata>
</newsitem>
