<?xml version="1.0" encoding="iso-8859-1" ?>
<newsitem itemid="462786" id="root" date="1997-03-24" xml:lang="en">
<title>USA: RESEARCH ALERT - Telebras still a buy.</title>
<headline>RESEARCH ALERT - Telebras still a buy.</headline>
<text>
<p>-- Robert Flemings in a report reiterated its buy recommendation for Brazil's Telebras common stocks after the company announced a proposed divident payment of 1.878 reais per 1,000 stocks.</p>
<p>-- &quot;If confirmed, this would represent a pay-out ratio of 18 percent and yield of 1.7 percent,&quot; it said.</p>
<p>-- Although significantly below expectations, the dividend per share would still be 22 percent higher year-on-year, the report said.</p>
<p>-- &quot;More importantly, lower dividend payments this year will enhance dividend growth going forward. Furthermore, higher profitability in 1996 has for the first time since 1994 equalized dividend payments to both classes of shares, thus affirming our long preference for common shares,&quot; it added.</p>
<p>-- Telebras common stock was 0.79 percent lower at 112.11 reais earlier on the Sao Paulo bourse.</p>
<p>((--Fatima Cristina, Sao Paulo Newsroom, 5511 2485412))</p>
</text>
<copyright>(c) Reuters Limited 1997</copyright>
<metadata>
<codes class="bip:countries:1.0">
  <code code="BRAZ">
    <editdetail attribution="Reuters BIP Coding Group" action="confirmed" date="1997-03-24"/>
  </code>
</codes>
<codes class="bip:industries:1.0">
  <code code="I79020">
    <editdetail attribution="Reuters BIP Coding Group" action="confirmed" date="1997-03-24"/>
  </code>
</codes>
<codes class="bip:topics:1.0">
  <code code="C15">
    <editdetail attribution="Reuters BIP Coding Group" action="confirmed" date="1997-03-24"/>
  </code>
  <code code="C152">
    <editdetail attribution="Reuters BIP Coding Group" action="confirmed" date="1997-03-24"/>
  </code>
  <code code="CCAT">
    <editdetail attribution="Reuters BIP Coding Group" action="confirmed" date="1997-03-24"/>
  </code>
</codes>
<dc element="dc.publisher" value="Reuters Holdings Plc"/>
<dc element="dc.date.published" value="1997-03-24"/>
<dc element="dc.source" value="Reuters"/>
<dc element="dc.creator.location.country.name" value="USA"/>
<dc element="dc.source" value="Reuters"/>
</metadata>
</newsitem>
