<?xml version="1.0" encoding="iso-8859-1" ?>
<newsitem itemid="462737" id="root" date="1997-03-24" xml:lang="en">
<title>MAURITIUS: Mauritian conglomerate reports 1996 profit slump.</title>
<headline>Mauritian conglomerate reports 1996 profit slump.</headline>
<dateline>PORT LOUIS 1997-03-24</dateline>
<text>
<p>Conglomerate Ireland Blyth on Monday reported a 60 percent slump in its profit before tax to 20.1 million rupees ($995,000) for the year ended 31 December 1996, from 50.3 million rupees in 1995.</p>
<p>Company officials said turnover rose by 11.5 percent to 3.17 billion rupees in 1996 from 2.85 billion rupees in 1995 but profit after tax crashed by 78 percent to 8.74 million rupees in 1996 from 39.6 million rupees one year earlier.</p>
<p>&quot;1996 has been a year of transition and the board (of directors) is confident in the company's performance in the short to medium term,&quot; the officials said.</p>
<p>They blamed difficult conditions in the local trading sector for the worse financial results and said re-organisation was already under way in the company.</p>
<p>They saw higher contribution towards profitability and growth from the conglomerate's growing regional presence in Zimbabwe, Tanzania and Seychelles in the tourism and environmental sectors.</p>
<p>($1=20.213 Mauritian rupees).</p>
</text>
<copyright>(c) Reuters Limited 1997</copyright>
<metadata>
<codes class="bip:countries:1.0">
  <code code="MAURTS">
    <editdetail attribution="Reuters BIP Coding Group" action="confirmed" date="1997-03-24"/>
  </code>
</codes>
<codes class="bip:topics:1.0">
  <code code="C15">
    <editdetail attribution="Reuters BIP Coding Group" action="confirmed" date="1997-03-24"/>
  </code>
  <code code="C151">
    <editdetail attribution="Reuters BIP Coding Group" action="confirmed" date="1997-03-24"/>
  </code>
  <code code="C1511">
    <editdetail attribution="Reuters BIP Coding Group" action="confirmed" date="1997-03-24"/>
  </code>
  <code code="CCAT">
    <editdetail attribution="Reuters BIP Coding Group" action="confirmed" date="1997-03-24"/>
  </code>
</codes>
<dc element="dc.date.created" value="1997-03-24"/>
<dc element="dc.publisher" value="Reuters Holdings Plc"/>
<dc element="dc.date.published" value="1997-03-24"/>
<dc element="dc.source" value="Reuters"/>
<dc element="dc.creator.location" value="PORT LOUIS"/>
<dc element="dc.creator.location.country.name" value="MAURITIUS"/>
<dc element="dc.source" value="Reuters"/>
</metadata>
</newsitem>
