<?xml version="1.0" encoding="iso-8859-1" ?>
<newsitem itemid="462773" id="root" date="1997-03-24" xml:lang="en">
<title>USA: EEOC intervenes in Home Depot suit.</title>
<headline>EEOC intervenes in Home Depot suit.</headline>
<dateline>NEW YORK 1997-03-24</dateline>
<text>
<p>The Equal Employment Opportunity Commission said on Monday it has moved to intervene in a private sex discrimination suit filed against do-it-yourself retailing giant Home Depot Inc.</p>
<p>The suit, which was filed in 1995 in U.S. District Court for the Eastern District of Louisiana, focuses on 310 stores east of the Mississippi. The EEOC said this was the largest private sex discrimination case in which it has sought to intervene.</p>
<p>The EEOC alleges that women were hired only at low level positions with no opportunities for advancement.</p>
<p>Atlanta-based Home Depot said it will oppose the EEOC's intervention, adding that the agency only heard one side of the story before deciding to intervene.</p>
<p>&quot;The Home Depot will vigorously oppose intervention, and is confident that it can demonstrate that intervention is not only futile, but a waste of government resources,&quot; Larry Smith, Home Depot's vice president for legal affairs, said in a statement.</p>
<p>Home Depot said it was proud of its record of hiring and promoting women to every level in the company.</p>
<p>C. Gregory Stewart, general counsel of the EEOC, alleged that &quot;while Home Depot has a glass ceiling, Home Depot traps its female employees into what amounts to a glass basement with glass walls.&quot;</p>
<p>He charged that women were hired for jobs such as cashier but were not hired or considered for promotion for other positions, such as sales or managerial positions.</p>
<p>He said the suit was one of three pending against Home Depot, whose roughly 50 stores sell building materials and home improvement products in the United States and Canada. Stewart said the EEOC would assist the private lawyers in every aspect of litigation in the Louisiana case.</p>
<p>Home Depot's stock rose 37.5 cents to $57.875 on the New York Stock Exchange.</p>
</text>
<copyright>(c) Reuters Limited 1997</copyright>
<metadata>
<codes class="bip:countries:1.0">
  <code code="USA">
    <editdetail attribution="Reuters BIP Coding Group" action="confirmed" date="1997-03-24"/>
  </code>
</codes>
<codes class="bip:industries:1.0">
  <code code="I65400">
    <editdetail attribution="Reuters BIP Coding Group" action="confirmed" date="1997-03-24"/>
  </code>
</codes>
<codes class="bip:topics:1.0">
  <code code="C12">
    <editdetail attribution="Reuters BIP Coding Group" action="confirmed" date="1997-03-24"/>
  </code>
  <code code="CCAT">
    <editdetail attribution="Reuters BIP Coding Group" action="confirmed" date="1997-03-24"/>
  </code>
  <code code="GCAT">
    <editdetail attribution="Reuters BIP Coding Group" action="confirmed" date="1997-03-24"/>
  </code>
  <code code="GCRIM">
    <editdetail attribution="Reuters BIP Coding Group" action="confirmed" date="1997-03-24"/>
  </code>
</codes>
<dc element="dc.date.created" value="1997-03-24"/>
<dc element="dc.publisher" value="Reuters Holdings Plc"/>
<dc element="dc.date.published" value="1997-03-24"/>
<dc element="dc.source" value="Reuters"/>
<dc element="dc.creator.location" value="NEW YORK"/>
<dc element="dc.creator.location.country.name" value="USA"/>
<dc element="dc.source" value="Reuters"/>
</metadata>
</newsitem>
