<?xml version="1.0" encoding="iso-8859-1" ?>
<newsitem itemid="462732" id="root" date="1997-03-24" xml:lang="en">
<title>COTE D'IVOIRE: PRESS DIGEST - Ivory Coast - March 24.</title>
<headline>PRESS DIGEST - Ivory Coast - March 24.</headline>
<dateline>ABIDJAN 1997-03-24</dateline>
<text>
<p>These are significant items in the Ivorian press on Monday. Reuters has not verified these items and does not vouch for their accuracy.</p>
<p>FRATERNITE MATIN</p>
<p>- Ivorian President Henri Konan Bedie preaches regional peace</p>
<p>on visit to neighbouring Mali</p>
<p>LA VOIE</p>
<p>- Leader of opposition Rally of the Republicans Party, Djeni Kobina, says his party will only enter broad-based government if President Bedie agrees to set up an independent national</p>
<p>electoral commission</p>
<p>LE JOUR</p>
<p>- Number of new tuberculosis cases in Ivory Coast has risen by 10 percent, health officials say</p>
<p>- Producers and buyers of tropical produce in Ivory Coast ask government to lower export tax for their sector</p>
<p>($1=568 CFA francs)</p>
<p>-- Abidjan newsroom +225 21 90 90</p>
</text>
<copyright>(c) Reuters Limited 1997</copyright>
<metadata>
<codes class="bip:countries:1.0">
  <code code="ICST">
    <editdetail attribution="Reuters BIP Coding Group" action="confirmed" date="1997-03-24"/>
  </code>
</codes>
<codes class="bip:topics:1.0">
  <code code="GCAT">
    <editdetail attribution="Reuters BIP Coding Group" action="confirmed" date="1997-03-24"/>
  </code>
</codes>
<dc element="dc.date.created" value="1997-03-24"/>
<dc element="dc.publisher" value="Reuters Holdings Plc"/>
<dc element="dc.date.published" value="1997-03-24"/>
<dc element="dc.source" value="Reuters"/>
<dc element="dc.creator.location" value="ABIDJAN"/>
<dc element="dc.creator.location.country.name" value="COTE D'IVOIRE"/>
<dc element="dc.source" value="Reuters"/>
</metadata>
</newsitem>
