<?xml version="1.0" encoding="iso-8859-1" ?>
<newsitem itemid="462750" id="root" date="1997-03-24" xml:lang="en">
<title>SOUTH AFRICA: Scaw to buy Malbak Haggie stake.</title>
<headline>Scaw to buy Malbak Haggie stake.</headline>
<dateline>JOHANNESBURG 1997-03-24</dateline>
<text>
<p>Scaw Metals, a division of Amic Industries Ltd, has agreed to buy a further 16 percent stake in Haggie Ltd from Malbak Ltd at a purchase price of 25 rand a share, the firms said in a joint statement Monday.  </p>
<p>At the same time Business Day newspaper reported that Malbak had sold its unlisted subsidiary Malbak Motor Holdings (MMH) to Sankorp for 265 million rand.</p>
<p>The paper said the agreement with Sankorp, which is the majority shareholder in Malbak, had been reached late last week and would be effective from March 1. Sankorp would pay cash for the purchase, the paper said.</p>
<p>In terms of the Haggie agreement, the statement said that Amic Industries had agreed in principle to buy 3.4 million shares in Haggie from Malbak, paying in cash for the purchase.</p>
<p>As Amic Industries already holds a 36 percent stake in Haggie, having joint control of the company with Malbak which also owns 36 percent, Amic Industries' holding will increase to approximately 52 percent.</p>
<p>Malbak will distribute its remaining 20 percent holding in Haggie pro-rata to its own shareholders on the basis of 1.24 Haggie shares for every 100 Malbak shares held. This would be done simultaneously with the distribution of Malbak's other listed holdings.</p>
<p>The sales form part of Malbak's decision to unbundle its assets to its shareholders. A Malbak spokesman told Business Day that the unbundling process would be complete once negotiations for the sale of its controlling stake in computer company ICL had been concluded.</p>
<p>-- Johannesburg newsroom 27 11 482 1003</p>
</text>
<copyright>(c) Reuters Limited 1997</copyright>
<metadata>
<codes class="bip:countries:1.0">
  <code code="SAFR">
    <editdetail attribution="Reuters BIP Coding Group" action="confirmed" date="1997-03-24"/>
  </code>
</codes>
<codes class="bip:industries:1.0">
  <code code="I83960">
    <editdetail attribution="Reuters BIP Coding Group" action="confirmed" date="1997-03-24"/>
  </code>
</codes>
<codes class="bip:topics:1.0">
  <code code="C18">
    <editdetail attribution="Reuters BIP Coding Group" action="confirmed" date="1997-03-24"/>
  </code>
  <code code="C181">
    <editdetail attribution="Reuters BIP Coding Group" action="confirmed" date="1997-03-24"/>
  </code>
  <code code="CCAT">
    <editdetail attribution="Reuters BIP Coding Group" action="confirmed" date="1997-03-24"/>
  </code>
</codes>
<dc element="dc.date.created" value="1997-03-24"/>
<dc element="dc.publisher" value="Reuters Holdings Plc"/>
<dc element="dc.date.published" value="1997-03-24"/>
<dc element="dc.source" value="Reuters"/>
<dc element="dc.creator.location" value="JOHANNESBURG"/>
<dc element="dc.creator.location.country.name" value="SOUTH AFRICA"/>
<dc element="dc.source" value="Reuters"/>
</metadata>
</newsitem>
