<?xml version="1.0" encoding="iso-8859-1" ?>
<newsitem itemid="462780" id="root" date="1997-03-24" xml:lang="en">
<title>USA: RESEARCH ALERT - Telemig still a buy.</title>
<headline>RESEARCH ALERT - Telemig still a buy.</headline>
<text>
<p>-- Salomon Brothers/Patrimonio said in a report they were maintaining their buy rating on Minas Gerais state-owned telecom firm Telemig.</p>
<p>-- It estimated Telemig would post net earnings of 324 million reais ($305.6 million) this year under the new accounting methodology compared with $338 million under the previous methodology.</p>
<p>-- &quot;This reflects an increase in the income tax payable, due to a change in the income tax effective in 1997,&quot; it said.</p>
<p>-- Telemig preferred B shares were trading at 153.90 reais, down 0.32 percent.</p>
<p>((-- Romina Nicaretta, Sao Paulo newsroom, 5511 248 5415))</p>
</text>
<copyright>(c) Reuters Limited 1997</copyright>
<metadata>
<codes class="bip:countries:1.0">
  <code code="BRAZ">
    <editdetail attribution="Reuters BIP Coding Group" action="confirmed" date="1997-03-24"/>
  </code>
  <code code="USA">
    <editdetail attribution="Reuters BIP Coding Group" action="confirmed" date="1997-03-24"/>
  </code>
</codes>
<codes class="bip:industries:1.0">
  <code code="I79020">
    <editdetail attribution="Reuters BIP Coding Group" action="confirmed" date="1997-03-24"/>
  </code>
</codes>
<codes class="bip:topics:1.0">
  <code code="C15">
    <editdetail attribution="Reuters BIP Coding Group" action="confirmed" date="1997-03-24"/>
  </code>
  <code code="C152">
    <editdetail attribution="Reuters BIP Coding Group" action="confirmed" date="1997-03-24"/>
  </code>
  <code code="CCAT">
    <editdetail attribution="Reuters BIP Coding Group" action="confirmed" date="1997-03-24"/>
  </code>
</codes>
<dc element="dc.publisher" value="Reuters Holdings Plc"/>
<dc element="dc.date.published" value="1997-03-24"/>
<dc element="dc.source" value="Reuters"/>
<dc element="dc.creator.location.country.name" value="USA"/>
<dc element="dc.source" value="Reuters"/>
</metadata>
</newsitem>
