<?xml version="1.0" encoding="iso-8859-1" ?>
<newsitem itemid="462770" id="root" date="1997-03-24" xml:lang="en">
<title>CANADA: Caisse to vote against Avenor-Repap merger.</title>
<headline>Caisse to vote against Avenor-Repap merger.</headline>
<dateline>MONTREAL 1997-03-24</dateline>
<text>
<p>The Caisse de depot et placement, Quebec's public pension fund manager, said on Monday it planned to vote against the proposed merger of Avenor Inc and and Repap Enterprises Inc.</p>
<p>After a media conference, Caisse officials told reporters that discussions with other institutional holders of Avenor indicated that most of them would also vote against the proposed merger under the current terms of the C$2.75 billion deal.</p>
<p>Asked if the Caisse would vote against the merger, first vice-president Michel Nadeau said, &quot;Yes&quot;, adding that the Caisse had great reservations about the size of the debt load the proposed merged entity would carry.</p>
<p>&quot;We have spoken to others (institutions) and most of them express reservations,&quot; Nadeau said.</p>
<p>Jean-Claude Scraire, chairman and chief executive of the Caisse, said the pension fund manager urged Avenor to consider other &quot;avenues or options&quot; to the Avenor-Repap merger as it now stood.</p>
<p>Scraire said that the Caisse held just under 10 percent of Avenor's shares, adding that he did not think institutional shareholders held enough shares to block the proposed merger.</p>
<p>Denis Aubin, chief financial officer of Avenor, said he believed the Repap merger would close on schedule.</p>
<p>&quot;Clearly we want to complete the Repap transaction on Wednesday. We believe we have got strong support from our shareholders. We need two-thirds. We believe we're there,&quot; Aubin said in a telephone interview.</p>
<p>Domtar Inc approached Avenor last week about starting merger discussions, Avenor said in an earlier statement. Avenor said a senior Domtar executive approached it, indicating that Domtar wanted to pursue negotiations with Avenor &quot;with a view to enter into a pre-merger agreement within 72 hours.&quot;</p>
<p>Avenor said it turned away the suitor so it could focus on its soon to close acquisition of Repap.</p>
<p>The Caisse, with C$51 billion of assets under management, is Canada's largest institutional investor.</p>
<p>The pension fund holds 21 percent of Domtar shares, and the Societe generale de financement (SGF), a Quebec government investment agency, holds another 24 percent.</p>
<p>The Quebec government, through these two agencies, effectively controls Domtar.</p>
<p>((Reuters Montreal Bureau (416) 941-8100))</p>
</text>
<copyright>(c) Reuters Limited 1997</copyright>
<metadata>
<codes class="bip:countries:1.0">
  <code code="CANA">
    <editdetail attribution="Reuters BIP Coding Group" action="confirmed" date="1997-03-24"/>
  </code>
</codes>
<codes class="bip:industries:1.0">
  <code code="I47100">
    <editdetail attribution="Reuters BIP Coding Group" action="confirmed" date="1997-03-24"/>
  </code>
  <code code="I83100">
    <editdetail attribution="Reuters BIP Coding Group" action="confirmed" date="1997-03-24"/>
  </code>
</codes>
<codes class="bip:topics:1.0">
  <code code="C18">
    <editdetail attribution="Reuters BIP Coding Group" action="confirmed" date="1997-03-24"/>
  </code>
  <code code="C181">
    <editdetail attribution="Reuters BIP Coding Group" action="confirmed" date="1997-03-24"/>
  </code>
  <code code="CCAT">
    <editdetail attribution="Reuters BIP Coding Group" action="confirmed" date="1997-03-24"/>
  </code>
</codes>
<dc element="dc.date.created" value="1997-03-24"/>
<dc element="dc.publisher" value="Reuters Holdings Plc"/>
<dc element="dc.date.published" value="1997-03-24"/>
<dc element="dc.source" value="Reuters"/>
<dc element="dc.creator.location" value="MONTREAL"/>
<dc element="dc.creator.location.country.name" value="CANADA"/>
<dc element="dc.source" value="Reuters"/>
</metadata>
</newsitem>
