<?xml version="1.0" encoding="iso-8859-1" ?>
<newsitem itemid="462791" id="root" date="1997-03-24" xml:lang="en">
<title>USA: Northeast Utils units raise auditor doubts.</title>
<headline>Northeast Utils units raise auditor doubts.</headline>
<dateline>HARTFORD, Conn. 1997-03-24</dateline>
<text>
<p>Northeast Utilities said on Monday that its financial statements for two subsidiaries contain paragraphs by its auditors that note &quot;substantial doubt&quot; about their ability to continue as going concerns.</p>
<p>Arthur Andersen LLP said uncertainties around Public Service Co of New Hampshire and North Atlantic Energy Corp prompted the statement, since the New Hampshire Public Utilities Commission ordered a restructuring of the electric power business.  </p>
<p>Northeast Utilities said the New Hampshire order could lead to $400 million in writeoffs and would result in defaults that would give investors and lenders the right to accelerate payment on $1.2 billion of debt owed by the two subsidiaries.</p>
<p>Northeast also said it has lined up financing that is expected to be adequate to fund the return of its Millstone nuclear power plant into service.</p>
<p>The company said, however, that any delays would require additional funding or cost cutting.  </p>
<p>Northeast Utilities said it is currently maintaining access to a new $313 million credit agreement that expires March 28, but the company expects it to be extended until November 1999, pending approval of certain amendments.</p>
<p>Northeast Utilities said it continues to maintain access to $240 million through the sale of receivables, $225 million through a revolving credit agreement for Public Service New Hampshire and $56 million under separate banklaon agreements for its operations outside New Hampshire.</p>
<p>In 1996, Northeast expensed $403 million on Millstone-related non-fuel operation and maintenance costs in 1996, including $179 million related to outages.</p>
<p>Northeast said it expects to expanse $386 million in Millstone-related costs in 1997.</p>
<p>Millstone is expected to have at least one of the units on line by the end of 1997, the company said.</p>
</text>
<copyright>(c) Reuters Limited 1997</copyright>
<metadata>
<codes class="bip:countries:1.0">
  <code code="USA">
    <editdetail attribution="Reuters BIP Coding Group" action="confirmed" date="1997-03-24"/>
  </code>
</codes>
<codes class="bip:industries:1.0">
  <code code="I16000">
    <editdetail attribution="Reuters BIP Coding Group" action="confirmed" date="1997-03-24"/>
  </code>
  <code code="I16100">
    <editdetail attribution="Reuters BIP Coding Group" action="confirmed" date="1997-03-24"/>
  </code>
</codes>
<codes class="bip:topics:1.0">
  <code code="C15">
    <editdetail attribution="Reuters BIP Coding Group" action="confirmed" date="1997-03-24"/>
  </code>
  <code code="C151">
    <editdetail attribution="Reuters BIP Coding Group" action="confirmed" date="1997-03-24"/>
  </code>
  <code code="C17">
    <editdetail attribution="Reuters BIP Coding Group" action="confirmed" date="1997-03-24"/>
  </code>
  <code code="C173">
    <editdetail attribution="Reuters BIP Coding Group" action="confirmed" date="1997-03-24"/>
  </code>
  <code code="CCAT">
    <editdetail attribution="Reuters BIP Coding Group" action="confirmed" date="1997-03-24"/>
  </code>
</codes>
<dc element="dc.date.created" value="1997-03-24"/>
<dc element="dc.publisher" value="Reuters Holdings Plc"/>
<dc element="dc.date.published" value="1997-03-24"/>
<dc element="dc.source" value="Reuters"/>
<dc element="dc.creator.location" value="HARTFORD, Conn."/>
<dc element="dc.creator.location.country.name" value="USA"/>
<dc element="dc.source" value="Reuters"/>
</metadata>
</newsitem>
