<?xml version="1.0" encoding="iso-8859-1" ?>
<newsitem itemid="462741" id="root" date="1997-03-24" xml:lang="en">
<title>SOUTH AFRICA: Plessey renews cautionary on negotiations.</title>
<headline>Plessey renews cautionary on negotiations.</headline>
<dateline>JOHANNESBURG 1997-03-24</dateline>
<text>
<p>Electronics group Plessey Corp Ltd on Monday renewed a cautionary first issued on February 7, saying it was still in talks which could have an impact on its share price.</p>
<p>It urged shareholders to exercise caution in their dealings but gave no further details in a brief announcement.</p>
<p>-- Johannesburg newsroom +27 11 482 1003</p>
</text>
<copyright>(c) Reuters Limited 1997</copyright>
<metadata>
<codes class="bip:countries:1.0">
  <code code="SAFR">
    <editdetail attribution="Reuters BIP Coding Group" action="confirmed" date="1997-03-24"/>
  </code>
</codes>
<codes class="bip:topics:1.0">
  <code code="C15">
    <editdetail attribution="Reuters BIP Coding Group" action="confirmed" date="1997-03-24"/>
  </code>
  <code code="C152">
    <editdetail attribution="Reuters BIP Coding Group" action="confirmed" date="1997-03-24"/>
  </code>
  <code code="CCAT">
    <editdetail attribution="Reuters BIP Coding Group" action="confirmed" date="1997-03-24"/>
  </code>
</codes>
<dc element="dc.date.created" value="1997-03-24"/>
<dc element="dc.publisher" value="Reuters Holdings Plc"/>
<dc element="dc.date.published" value="1997-03-24"/>
<dc element="dc.source" value="Reuters"/>
<dc element="dc.creator.location" value="JOHANNESBURG"/>
<dc element="dc.creator.location.country.name" value="SOUTH AFRICA"/>
<dc element="dc.source" value="Reuters"/>
</metadata>
</newsitem>
