<?xml version="1.0" encoding="iso-8859-1" ?>
<newsitem itemid="462772" id="root" date="1997-03-24" xml:lang="en">
<title>USA: RESEARCH ALERT - Covance upgraded to buy.</title>
<headline>RESEARCH ALERT - Covance upgraded to buy.</headline>
<text>
<p>-- Vector Securities International Inc said on Monday it upgraded Covance Inc to buy from attractive with a 12-month price target of $25.</p>
<p>-- Vector said the stock has fallen below $18, a level at which it believes investors can aggressively buy the stock. Positive fundamentals for the company are also likely to be highlighted over the next several weeks with the release of first-quarter earnings, Vector said.</p>
<p>-- Vector is estimating that Covance's earnings will reach $0.15 a share in the first quarter, up from $0.13.</p>
<p>-- Covance, which provides product development services to biotechnology, pharmaceutical and medical device industries, was recently spun off from Corning Inc.</p>
<p>-- Covance shares closed down 5/8 Monday at 17-1/2.</p>
<p>((Chicago newsdesk (312) 408-8787))</p>
</text>
<copyright>(c) Reuters Limited 1997</copyright>
<metadata>
<codes class="bip:countries:1.0">
  <code code="USA">
    <editdetail attribution="Reuters BIP Coding Group" action="confirmed" date="1997-03-24"/>
  </code>
</codes>
<codes class="bip:industries:1.0">
  <code code="I24000">
    <editdetail attribution="Reuters BIP Coding Group" action="confirmed" date="1997-03-24"/>
  </code>
  <code code="I25700">
    <editdetail attribution="Reuters BIP Coding Group" action="confirmed" date="1997-03-24"/>
  </code>
</codes>
<codes class="bip:topics:1.0">
  <code code="C15">
    <editdetail attribution="Reuters BIP Coding Group" action="confirmed" date="1997-03-24"/>
  </code>
  <code code="C152">
    <editdetail attribution="Reuters BIP Coding Group" action="confirmed" date="1997-03-24"/>
  </code>
  <code code="CCAT">
    <editdetail attribution="Reuters BIP Coding Group" action="confirmed" date="1997-03-24"/>
  </code>
</codes>
<dc element="dc.publisher" value="Reuters Holdings Plc"/>
<dc element="dc.date.published" value="1997-03-24"/>
<dc element="dc.source" value="Reuters"/>
<dc element="dc.creator.location.country.name" value="USA"/>
<dc element="dc.source" value="Reuters"/>
</metadata>
</newsitem>
