<?xml version="1.0" encoding="iso-8859-1" ?>
<newsitem itemid="462722" id="root" date="1997-03-24" xml:lang="en">
<title>SOUTH AFRICA: Major announcement by Mobutu likely soon -S.Africa.</title>
<headline>Major announcement by Mobutu likely soon -S.Africa.</headline>
<dateline>CAPE TOWN 1997-03-24</dateline>
<text>
<p>President Mobutu Sese Seko of Zaire will make a major announcement on the war in his country possibly by the end of the day, a South African envoy said on Monday.</p>
<p>Anthony Mongalo, deputy director-general of the department of foreign affairs, made the remarks to a parliamentary committee after accompanying Deputy President Thabo Mbeki to Zaire at the weekend.</p>
<p>Mongalo said Mbeki delivered a letter from President Nelson Mandela to Mobutu urging him to make greater efforts towards peace. The South Africans were informed that Mobutu would make an important announcement within 48 hours, he said.</p>
<p>&quot;Possibly even by this evening, he will have made those announcements which we hope will be leading us to finding a solution to that problem there,&quot; Mongalo said.</p>
<p>Mbeki has been at the heart of a bid by South African President Nelson Mandela to broker peace between the two sides.</p>
<p>Rebel leader Laurent Kabila has resisted sustained diplomatic pressure for an immediate ceasefire and talks on Zaire's future.</p>
</text>
<copyright>(c) Reuters Limited 1997</copyright>
<metadata>
<codes class="bip:countries:1.0">
  <code code="SAFR">
    <editdetail attribution="Reuters BIP Coding Group" action="confirmed" date="1997-03-24"/>
  </code>
  <code code="ZAIRE">
    <editdetail attribution="Reuters BIP Coding Group" action="confirmed" date="1997-03-24"/>
  </code>
</codes>
<codes class="bip:topics:1.0">
  <code code="GCAT">
    <editdetail attribution="Reuters BIP Coding Group" action="confirmed" date="1997-03-24"/>
  </code>
  <code code="GVIO">
    <editdetail attribution="Reuters BIP Coding Group" action="confirmed" date="1997-03-24"/>
  </code>
</codes>
<dc element="dc.date.created" value="1997-03-24"/>
<dc element="dc.publisher" value="Reuters Holdings Plc"/>
<dc element="dc.date.published" value="1997-03-24"/>
<dc element="dc.source" value="Reuters"/>
<dc element="dc.creator.location" value="CAPE TOWN"/>
<dc element="dc.creator.location.country.name" value="SOUTH AFRICA"/>
<dc element="dc.source" value="Reuters"/>
</metadata>
</newsitem>
