<?xml version="1.0" encoding="iso-8859-1" ?>
<newsitem itemid="462779" id="root" date="1997-03-24" xml:lang="en">
<title>USA: RESEARCH ALERT - Parexel Int'l raised.</title>
<headline>RESEARCH ALERT - Parexel Int'l raised.</headline>
<text>
<p>-- Vector Securities International Inc said on Monday it upgraded Parexel International Corp to buy from neutral based in part on recent weakness among Contract Research Organization (CRO) sector stocks that makes Parexel more of a bargain for investors.</p>
<p>-- Vector said the CRO group is down 19 percent for the year to date and down 11 percent over the last week.</p>
<p>-- Vector said Parexel has enjoyed acceleration in revenues, margins and earnings in the past year as its investment in global expansion paid off. Parexel is now the fourth-largest CRO, but is generating the best trends in the group with organic growth of more than 60 percent, Vector said.</p>
<p>-- Vector set a 12-month price target of $34 a share.</p>
<p>-- Parexel shares were up 1/2 Monday at 24.</p>
<p>((Chicago newsdesk (312) 408-8787))</p>
</text>
<copyright>(c) Reuters Limited 1997</copyright>
<metadata>
<codes class="bip:countries:1.0">
  <code code="USA">
    <editdetail attribution="Reuters BIP Coding Group" action="confirmed" date="1997-03-24"/>
  </code>
</codes>
<codes class="bip:topics:1.0">
  <code code="C15">
    <editdetail attribution="Reuters BIP Coding Group" action="confirmed" date="1997-03-24"/>
  </code>
  <code code="C152">
    <editdetail attribution="Reuters BIP Coding Group" action="confirmed" date="1997-03-24"/>
  </code>
  <code code="CCAT">
    <editdetail attribution="Reuters BIP Coding Group" action="confirmed" date="1997-03-24"/>
  </code>
</codes>
<dc element="dc.publisher" value="Reuters Holdings Plc"/>
<dc element="dc.date.published" value="1997-03-24"/>
<dc element="dc.source" value="Reuters"/>
<dc element="dc.creator.location.country.name" value="USA"/>
<dc element="dc.source" value="Reuters"/>
</metadata>
</newsitem>
