<?xml version="1.0" encoding="iso-8859-1" ?>
<newsitem itemid="462785" id="root" date="1997-03-24" xml:lang="en">
<title>USA: RESEARCH ALERT - Donaldson Co off focus list.</title>
<headline>RESEARCH ALERT - Donaldson Co off focus list.</headline>
<text>
<p>- Mesirow Financial said it has removed Donaldson Co Inc from its focus list, as the share price has reached the lower end of the Mesirow's $36 to $38 price target.</p>
<p>- In a release dated March 21, Mesirow analyst Gary Prestopino said Donaldson's fundamental outlook continues to be strong, but Friday's price of $36.63, 19 times the earnings estimate for fiscal 1997, is fair valuation.</p>
<p>- Mesirow continues to rate the stock a buy, but has removed it from its focus list.</p>
<p>- Shares of Donaldson were off 1/2 at 36-1/8.</p>
<p>((--Chicago newsdesk, 312-408-8787))</p>
</text>
<copyright>(c) Reuters Limited 1997</copyright>
<metadata>
<codes class="bip:countries:1.0">
  <code code="USA">
    <editdetail attribution="Reuters BIP Coding Group" action="confirmed" date="1997-03-24"/>
  </code>
</codes>
<codes class="bip:industries:1.0">
  <code code="I35300">
    <editdetail attribution="Reuters BIP Coding Group" action="confirmed" date="1997-03-24"/>
  </code>
</codes>
<codes class="bip:topics:1.0">
  <code code="C15">
    <editdetail attribution="Reuters BIP Coding Group" action="confirmed" date="1997-03-24"/>
  </code>
  <code code="C152">
    <editdetail attribution="Reuters BIP Coding Group" action="confirmed" date="1997-03-24"/>
  </code>
  <code code="CCAT">
    <editdetail attribution="Reuters BIP Coding Group" action="confirmed" date="1997-03-24"/>
  </code>
</codes>
<dc element="dc.publisher" value="Reuters Holdings Plc"/>
<dc element="dc.date.published" value="1997-03-24"/>
<dc element="dc.source" value="Reuters"/>
<dc element="dc.creator.location.country.name" value="USA"/>
<dc element="dc.source" value="Reuters"/>
</metadata>
</newsitem>
