<?xml version="1.0" encoding="iso-8859-1" ?>
<newsitem itemid="462754" id="root" date="1997-03-24" xml:lang="en">
<title>CANADA: Canadian dollar ends weaker ahead of FOMC meeting.</title>
<headline>Canadian dollar ends weaker ahead of FOMC meeting.</headline>
<text>
<p>FORECAST RANGE   1.3770/1.3815	    ASIAN CLOSE     1.3764</p>
<p>RESISTANCE 1.3540   SUPPORT 1.3800	HI 1.3788   LO  1.3750</p>
<p>CANADA OPEN  1.3754/59    HI 1.3783     EUROPE OPEN     1.3753</p>
<p>PREV CLOSE   1.3783/88    LO 1.3749     HI 1.3762   LO  1.3752</p>
<p>----------------------MARKET COMMENT--------------------------</p>
<p>* The Canadian dollar ended softer on Monday as investors nervously awaited U.S. Federal Open Market Committee meeting on Tuesday * Canada unit finished around C$1.3792 (US$0.7250) from Friday's close at C$1.3783 (US$0.7255) * Currency seen trading quietly within narrow range overnight * Bank of Canada seen holding Canada rates steady in face of U.S. rate increase.  </p>
<p>Traders did not expect the Canadian dollar to take a huge hit on Tuesday if the Bank of Canada kept Canadian rates steady in the face of a U.S. rate increase.</p>
<p>Bank of Canada Governor Gordon Thiessen said last week that the central bank had more room to maneuver in reaction to possible U.S. interest rate hikes.</p>
<p>&quot;People are definitely thinking that the Bank of Canada will keep things steady,&quot; the trader said.</p>
<p>Some Canadian economists said the Bank of Canada's independence had already been priced into the Canadian dollar, noting the unit last week fell to its lowest point in a year.  </p>
<p>&quot;If the bank holds tight, even though the Fed hikes, the Canadian dollar will probably fare much better that it did in 1994-95 after the Mexican peso crisis,&quot; said Bank of Nova Scotia economist Mark Levesque.</p>
<p>However, a minority of analysts noted Canada's economy has shown signs of stronger growth which might warrant a small rate increase to spare the Canadian dollar the consequences of resisting a Fed hike.</p>
<p>On the crosses, the Canadian dollar slipped to 1.2242 marks from 1.2277 marks on Friday and jumped to 89.14 yen from Friday's 88.98 yen.</p>
<p>((Reuters Toronto Bureau (416) 941-8100))</p>
</text>
<copyright>(c) Reuters Limited 1997</copyright>
<metadata>
<codes class="bip:countries:1.0">
  <code code="CANA">
    <editdetail attribution="Reuters BIP Coding Group" action="confirmed" date="1997-03-24"/>
  </code>
</codes>
<codes class="bip:topics:1.0">
  <code code="M13">
    <editdetail attribution="Reuters BIP Coding Group" action="confirmed" date="1997-03-24"/>
  </code>
  <code code="M132">
    <editdetail attribution="Reuters BIP Coding Group" action="confirmed" date="1997-03-24"/>
  </code>
  <code code="MCAT">
    <editdetail attribution="Reuters BIP Coding Group" action="confirmed" date="1997-03-24"/>
  </code>
</codes>
<dc element="dc.publisher" value="Reuters Holdings Plc"/>
<dc element="dc.date.published" value="1997-03-24"/>
<dc element="dc.source" value="Reuters"/>
<dc element="dc.creator.location.country.name" value="CANADA"/>
<dc element="dc.source" value="Reuters"/>
</metadata>
</newsitem>
