<?xml version="1.0" encoding="iso-8859-1" ?>
<newsitem itemid="462846" id="root" date="1997-03-24" xml:lang="en">
<title>USA: Summit Bancorp starts Internet site.</title>
<headline>Summit Bancorp starts Internet site.</headline>
<dateline>PRINCETON, N.J. 1997-03-24</dateline>
<text>
<p>Summit Bancorp, New Jersey's largest bank, said it has launched an Internet site that includes educational content and interactive tools.</p>
<p>A spokeswoman said the site, accessible at www.summitbank.com., is not currently transactional.</p>
<p>&quot;The primary function right now is as an information medium,&quot; she said. &quot;It also enables customers to do financial calculations.</p>
<p>The Internet site is separate from a personal computer banking service Summit launched last month. The spokeswoman said the PC service has had a &quot;tremendous response.&quot;</p>
<p>Summit said the site was developed by Quadravision Communications Ltd.</p>
</text>
<copyright>(c) Reuters Limited 1997</copyright>
<metadata>
<codes class="bip:countries:1.0">
  <code code="USA">
    <editdetail attribution="Reuters BIP Coding Group" action="confirmed" date="1997-03-24"/>
  </code>
</codes>
<codes class="bip:industries:1.0">
  <code code="I33030">
    <editdetail attribution="Reuters BIP Coding Group" action="confirmed" date="1997-03-24"/>
  </code>
  <code code="I81402">
    <editdetail attribution="Reuters BIP Coding Group" action="confirmed" date="1997-03-24"/>
  </code>
</codes>
<codes class="bip:topics:1.0">
  <code code="C22">
    <editdetail attribution="Reuters BIP Coding Group" action="confirmed" date="1997-03-24"/>
  </code>
  <code code="CCAT">
    <editdetail attribution="Reuters BIP Coding Group" action="confirmed" date="1997-03-24"/>
  </code>
</codes>
<dc element="dc.date.created" value="1997-03-24"/>
<dc element="dc.publisher" value="Reuters Holdings Plc"/>
<dc element="dc.date.published" value="1997-03-24"/>
<dc element="dc.source" value="Reuters"/>
<dc element="dc.creator.location" value="PRINCETON, N.J."/>
<dc element="dc.creator.location.country.name" value="USA"/>
<dc element="dc.source" value="Reuters"/>
</metadata>
</newsitem>
