<?xml version="1.0" encoding="iso-8859-1" ?>
<newsitem itemid="462858" id="root" date="1997-03-24" xml:lang="en">
<title>USA: TCF Financial to form bank holding company.</title>
<headline>TCF Financial to form bank holding company.</headline>
<dateline>MINNEAPOLIS 1997-03-24</dateline>
<text>
<p>TCF Financial Corp said on Monday it received permission from the Federal Reserve Board to form a bank holding company.</p>
<p>TCF said it received approval from the Office of the Comptroller of the Currency last month to convert its federal savings bank subsidiaries in Minnesota, Illinois, Wisconsin and Michigan into national banks and to charter new national banks in Ohio and Colorado.</p>
<p>The company said it is still waiting for approval from the Federal Deposit Insurance Corp for federal deposit insurance for the Ohio and Colorado banks.</p>
<p>TCF expects to complete the conversion to national bank charters next month.</p>
<p>The company's shares closed up 5/8 Monday at 43-3/8.</p>
<p>((Chicago newsdesk (312) 408-8787))</p>
</text>
<copyright>(c) Reuters Limited 1997</copyright>
<metadata>
<codes class="bip:countries:1.0">
  <code code="USA">
    <editdetail attribution="Reuters BIP Coding Group" action="confirmed" date="1997-03-24"/>
  </code>
</codes>
<codes class="bip:industries:1.0">
  <code code="I81402">
    <editdetail attribution="Reuters BIP Coding Group" action="confirmed" date="1997-03-24"/>
  </code>
  <code code="I81501">
    <editdetail attribution="Reuters BIP Coding Group" action="confirmed" date="1997-03-24"/>
  </code>
  <code code="I8150103">
    <editdetail attribution="Reuters BIP Coding Group" action="confirmed" date="1997-03-24"/>
  </code>
</codes>
<codes class="bip:topics:1.0">
  <code code="C11">
    <editdetail attribution="Reuters BIP Coding Group" action="confirmed" date="1997-03-24"/>
  </code>
  <code code="CCAT">
    <editdetail attribution="Reuters BIP Coding Group" action="confirmed" date="1997-03-24"/>
  </code>
</codes>
<dc element="dc.date.created" value="1997-03-24"/>
<dc element="dc.publisher" value="Reuters Holdings Plc"/>
<dc element="dc.date.published" value="1997-03-24"/>
<dc element="dc.source" value="Reuters"/>
<dc element="dc.creator.location" value="MINNEAPOLIS"/>
<dc element="dc.creator.location.country.name" value="USA"/>
<dc element="dc.source" value="Reuters"/>
</metadata>
</newsitem>
