<?xml version="1.0" encoding="iso-8859-1" ?>
<newsitem itemid="462877" id="root" date="1997-03-24" xml:lang="en">
<title>USA: Gold supply seen weighing on demand - JP Morgan.</title>
<headline>Gold supply seen weighing on demand - JP Morgan.</headline>
<dateline>LAGUNA NIGUEL, Calif 1997-03-24</dateline>
<text>
<p>Rising gold mine output in the next ten years may be sufficient to meet demand, limiting the upside for gold prices, JP Morgan vice president for commodities, Kevin Crisp, said Monday.</p>
<p>&quot;I think demand is going to be met in the future by more than adequate levels of supply,&quot; Crisp told the annual conference of the Gold and Silver Institute.</p>
<p>Crisp showed the conference a chart projecting gold prices in a $3.30-$3.80 an ounce range, out to the year 2005.</p>
<p>&quot;Clearly, gold prices will trade over a wider range during the period, but the key point is that the price of gold may well trade in defined ranges for prolonged periods of time over the next ten years,&quot; he said.</p>
<p>Gold mine output was forecast to rise to 2,700-2,900 tonnes by 2005, from 2,600-2,800 tonnes in 2000, and 2,328 tonnes in 1996 and 2,135 tonnes in 1990, Crisp said.</p>
<p>Total supply, including scrap, was forecast to rise to 3,950-4,550 tonnes in 2005, from 3,800-4,400 tonnes in 2000 and 3,431 tonnes in 1996 and 3,093 tonnes in 1990.</p>
<p>The largest expansions in gold mining are set to come from emerging markets, as exploration spending translates into new deposits in Latin America, Africa and Southeast Asia, while South African output will stabilize around the 500-tonne-a-year level, he said.</p>
<p>&quot;Rising exploration spending, more overseas spending on exploration, increasingly freer markets, and improved or new funding and risk-management structures strongly support our outlook for mine supply,&quot; he said.</p>
<p>&quot;If my supply-side forecasts are realized, the burdens placed upon demand, and particularly the jewelry sector, are going to grow substantially,&quot; he said.</p>
<p>Goldfields Mineral Services Limited's annual survey showed world gold jewelry fabrication rose 28 percent between 1990 and 1996, and last year the jewelry industry consumed 460 tonnes more gold than was produced by the world's mines.</p>
<p>&quot;There is therefore scope for rising mine output to be absorbed by consumers as long as other sources of supply are maintained at levels not far different from those seen on average in recent years,&quot; Crisp said.</p>
<p>&quot;Demand growth to be maintained will require greater innovation in product development to meet changes in consumer tastes and to compete for discretionary spending.&quot;</p>
<p>((Clive McKeef, New York Commodity Desk, 212-859-1640))</p>
</text>
<copyright>(c) Reuters Limited 1997</copyright>
<metadata>
<codes class="bip:countries:1.0">
  <code code="USA">
    <editdetail attribution="Reuters BIP Coding Group" action="confirmed" date="1997-03-24"/>
  </code>
</codes>
<codes class="bip:industries:1.0">
  <code code="I22472">
    <editdetail attribution="Reuters BIP Coding Group" action="confirmed" date="1997-03-24"/>
  </code>
</codes>
<codes class="bip:topics:1.0">
  <code code="C21">
    <editdetail attribution="Reuters BIP Coding Group" action="confirmed" date="1997-03-24"/>
  </code>
  <code code="C31">
    <editdetail attribution="Reuters BIP Coding Group" action="confirmed" date="1997-03-24"/>
  </code>
  <code code="CCAT">
    <editdetail attribution="Reuters BIP Coding Group" action="confirmed" date="1997-03-24"/>
  </code>
  <code code="M14">
    <editdetail attribution="Reuters BIP Coding Group" action="confirmed" date="1997-03-24"/>
  </code>
  <code code="M142">
    <editdetail attribution="Reuters BIP Coding Group" action="confirmed" date="1997-03-24"/>
  </code>
  <code code="MCAT">
    <editdetail attribution="Reuters BIP Coding Group" action="confirmed" date="1997-03-24"/>
  </code>
</codes>
<dc element="dc.date.created" value="1997-03-24"/>
<dc element="dc.publisher" value="Reuters Holdings Plc"/>
<dc element="dc.date.published" value="1997-03-24"/>
<dc element="dc.source" value="Reuters"/>
<dc element="dc.creator.location" value="LAGUNA NIGUEL, Calif"/>
<dc element="dc.creator.location.country.name" value="USA"/>
<dc element="dc.source" value="Reuters"/>
</metadata>
</newsitem>
