<?xml version="1.0" encoding="iso-8859-1" ?>
<newsitem itemid="462837" id="root" date="1997-03-24" xml:lang="en">
<title>USA: Nabors says Samson deal to close in April.</title>
<headline>Nabors says Samson deal to close in April.</headline>
<dateline>HOUSTON 1997-03-24</dateline>
<text>
<p>Nabors Industries Inc said Monday its $85 million cash deal to acquire two companies from a subsidiary of Samson Investment Co was expected to close in April, not in May as it earlier reported.</p>
<p>To be acquired under a definitive agreement are Samson Rig Co and Rig Properties Inc, whose assets include 25 rigs many of which are capable of drilling greater than 15,000 feet, component equipment and a few parcels of real estate and associate buildings and yard facilities.</p>
<p>Gene Isenberg, chairman and chief executive officer of Nabors, said the company expects to start utilizing some of the rigs shortly and have most, if not all of them, generating revenues within the next two years.</p>
</text>
<copyright>(c) Reuters Limited 1997</copyright>
<metadata>
<codes class="bip:countries:1.0">
  <code code="USA">
    <editdetail attribution="Reuters BIP Coding Group" action="confirmed" date="1997-03-24"/>
  </code>
</codes>
<codes class="bip:industries:1.0">
  <code code="I13000">
    <editdetail attribution="Reuters BIP Coding Group" action="confirmed" date="1997-03-24"/>
  </code>
  <code code="I1300003">
    <editdetail attribution="Reuters BIP Coding Group" action="confirmed" date="1997-03-24"/>
  </code>
</codes>
<codes class="bip:topics:1.0">
  <code code="C18">
    <editdetail attribution="Reuters BIP Coding Group" action="confirmed" date="1997-03-24"/>
  </code>
  <code code="C181">
    <editdetail attribution="Reuters BIP Coding Group" action="confirmed" date="1997-03-24"/>
  </code>
  <code code="CCAT">
    <editdetail attribution="Reuters BIP Coding Group" action="confirmed" date="1997-03-24"/>
  </code>
</codes>
<dc element="dc.date.created" value="1997-03-24"/>
<dc element="dc.publisher" value="Reuters Holdings Plc"/>
<dc element="dc.date.published" value="1997-03-24"/>
<dc element="dc.source" value="Reuters"/>
<dc element="dc.creator.location" value="HOUSTON"/>
<dc element="dc.creator.location.country.name" value="USA"/>
<dc element="dc.source" value="Reuters"/>
</metadata>
</newsitem>
