<?xml version="1.0" encoding="iso-8859-1" ?>
<newsitem itemid="462872" id="root" date="1997-03-24" xml:lang="en">
<title>USA: Advanced Financial trades on Nasdaq bulletin board.</title>
<headline>Advanced Financial trades on Nasdaq bulletin board.</headline>
<dateline>SHAWNEE, Kan. 1997-03-24</dateline>
<text>
<p>Advanced Financial Inc said Monday it will resume trading on the NASDAQ electronic bulletin board effective immediately.</p>
<p>The company was previously listed on the American Stock Exchange under the symbol AVF.</p>
<p>Advanced Financial said its negotiations with several companies for potential acquisitions that would increase the company's net worth and operating revenues are continuing on an active basis.</p>
<p>Advanced Financial is a holding company with its principal operations conducted through its wholly owned AFI Mortgage Corp subsidiary.</p>
<p>((--Chicago newsdesk, 312-408-8787))</p>
</text>
<copyright>(c) Reuters Limited 1997</copyright>
<metadata>
<codes class="bip:countries:1.0">
  <code code="USA">
    <editdetail attribution="Reuters BIP Coding Group" action="confirmed" date="1997-03-24"/>
  </code>
</codes>
<codes class="bip:industries:1.0">
  <code code="I81501">
    <editdetail attribution="Reuters BIP Coding Group" action="confirmed" date="1997-03-24"/>
  </code>
  <code code="I8150103">
    <editdetail attribution="Reuters BIP Coding Group" action="confirmed" date="1997-03-24"/>
  </code>
</codes>
<codes class="bip:topics:1.0">
  <code code="C14">
    <editdetail attribution="Reuters BIP Coding Group" action="confirmed" date="1997-03-24"/>
  </code>
  <code code="CCAT">
    <editdetail attribution="Reuters BIP Coding Group" action="confirmed" date="1997-03-24"/>
  </code>
</codes>
<dc element="dc.date.created" value="1997-03-24"/>
<dc element="dc.publisher" value="Reuters Holdings Plc"/>
<dc element="dc.date.published" value="1997-03-24"/>
<dc element="dc.source" value="Reuters"/>
<dc element="dc.creator.location" value="SHAWNEE, Kan."/>
<dc element="dc.creator.location.country.name" value="USA"/>
<dc element="dc.source" value="Reuters"/>
</metadata>
</newsitem>
