<?xml version="1.0" encoding="iso-8859-1" ?>
<newsitem itemid="462864" id="root" date="1997-03-24" xml:lang="en">
<title>USA: Cadus Pharmaceutical Q4 net loss widens.</title>
<headline>Cadus Pharmaceutical Q4 net loss widens.</headline>
<dateline>TARRYTOWN, N.Y. 1997-03-24</dateline>
<text>
<p>Three Months Ended     Year Ended</p>
<p>			     December 31,	 December 31,</p>
<p>			  1996	1995	  1996	    1995</p>
<p> Revenues     $1,624,998 $1,417,809  $6,500,000    $4,417,809</p>
<p>Net loss  ( 1,441,891)  ( 586,731)($2,440,725)  ( 1,482,490)</p>
<p>Net loss per share</p>
<p>		     ( 0.12)	   --     ( 0.39)	 ( 0.16)</p>
<p>Shares used in</p>
<p>calculation of</p>
<p>net loss per share</p>
<p>		  12,061,233	   --   6,280,917     9,132,577</p>
<p>NOTE:  Results for fiscal year 1995 are pro forma to reflect the conversion of Cadus' preferred series A and B shares at the beginning of the period and to include the shares issued in connection with the initial public offering from the date of issuance.</p>
</text>
<copyright>(c) Reuters Limited 1997</copyright>
<metadata>
<codes class="bip:countries:1.0">
  <code code="USA">
    <editdetail attribution="Reuters BIP Coding Group" action="confirmed" date="1997-03-24"/>
  </code>
</codes>
<codes class="bip:industries:1.0">
  <code code="I25700">
    <editdetail attribution="Reuters BIP Coding Group" action="confirmed" date="1997-03-24"/>
  </code>
</codes>
<codes class="bip:topics:1.0">
  <code code="C15">
    <editdetail attribution="Reuters BIP Coding Group" action="confirmed" date="1997-03-24"/>
  </code>
  <code code="C151">
    <editdetail attribution="Reuters BIP Coding Group" action="confirmed" date="1997-03-24"/>
  </code>
  <code code="C1511">
    <editdetail attribution="Reuters BIP Coding Group" action="confirmed" date="1997-03-24"/>
  </code>
  <code code="CCAT">
    <editdetail attribution="Reuters BIP Coding Group" action="confirmed" date="1997-03-24"/>
  </code>
</codes>
<dc element="dc.date.created" value="1997-03-24"/>
<dc element="dc.publisher" value="Reuters Holdings Plc"/>
<dc element="dc.date.published" value="1997-03-24"/>
<dc element="dc.source" value="Reuters"/>
<dc element="dc.creator.location" value="TARRYTOWN, N.Y."/>
<dc element="dc.creator.location.country.name" value="USA"/>
<dc element="dc.source" value="Reuters"/>
</metadata>
</newsitem>
