<?xml version="1.0" encoding="iso-8859-1" ?>
<newsitem itemid="462869" id="root" date="1997-03-24" xml:lang="en">
<title>USA: Orange County bankruptcy trial gets underway.</title>
<headline>Orange County bankruptcy trial gets underway.</headline>
<dateline>SANTA ANA, Calif. 1997-03-24</dateline>
<text>
<p>Orange County assistant treasurer Matthew Raabe concealed fund diversions and risky investments that led to the largest municipal bankruptcy in U.S. history, prosecutors alleged on Monday.</p>
<p>Deputy Orange County District Attorney Matthew Anderson told a jury of six men and six women that Raabe was behind a scheme to divert interest earnings from local governments that had invested in the county-run portfolio.</p>
<p>&quot;No, he didn't put it (the diverted funds) in his own pocket,&quot; Anderson said in his opening remarks. &quot;But he put it in his employer's pocket. He gave it to the county of Orange.&quot;  </p>
<p>Raabe's defense will deliver its opening remarks later on Monday. His attorneys are expected to say that Raabe followed the instructions of then-county treasurer Robert Citron.</p>
<p>Orange County filed for bankruptcy in December 1994 after sustaining losses of more than $1.6 billion on risky investments. The county emerged from bankruptcy last June.</p>
<p>Raabe was indicted in May 1995 on several counts, including making false statements in the sale of securities and misappropriation of public funds.</p>
<p>Raabe, who has denied any wrongdoing, faces up to 12 years in prison. His trial could last until mid-May, attorneys said.  </p>
<p>Raabe was one of several Orange County officials to face charges following the bankruptcy.</p>
<p>In April 1995, Citron pleaded guilty to six felonies for his role in the crisis. A judge last November ordered him to spend a year in jail and pay a $100,000 fine, but Citron was later assigned to a community work program instead of jail.</p>
<p>Citron's attorney claimed that his client was &quot;manipulated&quot; by Raabe, who allegedly was the &quot;mastermind.&quot;</p>
<p>Last October, a judge sentenced former Orange County budget director Ronald Rubino to probation for charges stemming from the investment crisis.  </p>
<p>The case against county auditor Steven Lewis was put on hold by a state court pending a decision on his motion to disqualify the district attorney.</p>
<p>The Orange County bankruptcy also prompted the Securities and Exchange Commission to take action.</p>
<p>In January 1996, the SEC filed complaints against Citron and Raabe for making &quot;material misstatements and omissions&quot; in the official statements for county bond issues.</p>
</text>
<copyright>(c) Reuters Limited 1997</copyright>
<metadata>
<codes class="bip:countries:1.0">
  <code code="USA">
    <editdetail attribution="Reuters BIP Coding Group" action="confirmed" date="1997-03-24"/>
  </code>
</codes>
<codes class="bip:topics:1.0">
  <code code="E21">
    <editdetail attribution="Reuters BIP Coding Group" action="confirmed" date="1997-03-24"/>
  </code>
  <code code="E212">
    <editdetail attribution="Reuters BIP Coding Group" action="confirmed" date="1997-03-24"/>
  </code>
  <code code="ECAT">
    <editdetail attribution="Reuters BIP Coding Group" action="confirmed" date="1997-03-24"/>
  </code>
  <code code="GCAT">
    <editdetail attribution="Reuters BIP Coding Group" action="confirmed" date="1997-03-24"/>
  </code>
  <code code="GCRIM">
    <editdetail attribution="Reuters BIP Coding Group" action="confirmed" date="1997-03-24"/>
  </code>
</codes>
<dc element="dc.date.created" value="1997-03-24"/>
<dc element="dc.publisher" value="Reuters Holdings Plc"/>
<dc element="dc.date.published" value="1997-03-24"/>
<dc element="dc.source" value="Reuters"/>
<dc element="dc.creator.location" value="SANTA ANA, Calif."/>
<dc element="dc.creator.location.country.name" value="USA"/>
<dc element="dc.source" value="Reuters"/>
</metadata>
</newsitem>
