<?xml version="1.0" encoding="iso-8859-1" ?>
<newsitem itemid="462853" id="root" date="1997-03-24" xml:lang="en">
<title>USA: Fleet Financial to sell 18 New York branches.</title>
<headline>Fleet Financial to sell 18 New York branches.</headline>
<dateline>BOSTON 1997-03-24</dateline>
<text>
<p>Fleet Financial Group Inc said Monday it has definitive agreements for the sale of eighteen bank branch locations in upstate New York.</p>
<p>Twelve branches are being sold to Community Bank System Inc headquartered in Canton.  The remaining six branches are being acquired by Glens Falls National Bank and Trust Co, a subsidiary of Arrow Financial Corp.</p>
<p>Both transactions are expected to be completed by mid-summer and are subject to regulatory review.  Terms of the agreements were not disclosed.</p>
<p>Branches acquired by Community Bank represent $183 million in deposits and $70 million in loans as of December 31.</p>
<p>Branches acquired by Glens Falls represent $144 million in deposits and $37 million in loans as of December 31.</p>
<p>In upstate New York New York, Fleet operates 259 branches and 215 ATMs.</p>
</text>
<copyright>(c) Reuters Limited 1997</copyright>
<metadata>
<codes class="bip:countries:1.0">
  <code code="USA">
    <editdetail attribution="Reuters BIP Coding Group" action="confirmed" date="1997-03-24"/>
  </code>
</codes>
<codes class="bip:industries:1.0">
  <code code="I81402">
    <editdetail attribution="Reuters BIP Coding Group" action="confirmed" date="1997-03-24"/>
  </code>
</codes>
<codes class="bip:topics:1.0">
  <code code="C18">
    <editdetail attribution="Reuters BIP Coding Group" action="confirmed" date="1997-03-24"/>
  </code>
  <code code="C182">
    <editdetail attribution="Reuters BIP Coding Group" action="confirmed" date="1997-03-24"/>
  </code>
  <code code="CCAT">
    <editdetail attribution="Reuters BIP Coding Group" action="confirmed" date="1997-03-24"/>
  </code>
</codes>
<dc element="dc.date.created" value="1997-03-24"/>
<dc element="dc.publisher" value="Reuters Holdings Plc"/>
<dc element="dc.date.published" value="1997-03-24"/>
<dc element="dc.source" value="Reuters"/>
<dc element="dc.creator.location" value="BOSTON"/>
<dc element="dc.creator.location.country.name" value="USA"/>
<dc element="dc.source" value="Reuters"/>
</metadata>
</newsitem>
