<?xml version="1.0" encoding="iso-8859-1" ?>
<newsitem itemid="462844" id="root" date="1997-03-24" xml:lang="en">
<title>USA: Consolidated unit to build Hawaii plant.</title>
<headline>Consolidated unit to build Hawaii plant.</headline>
<dateline>PITTSBURGH 1997-03-24</dateline>
<text>
<p>Hawaii has awarded a subsidiary of Consolidated Natural Gas Co a $35- million contract to build a 26-megawatt power plant, the company said Monday.</p>
<p>The U.S. state gave CNG Energy Services Corp a 25-year, power purchase contract for the plant with Kauai Electric, an electric utility that is a division of Citizens Utilities Co, it said.</p>
<p>CNG Energy is to build the plant on Kauai island and carry out the project as Kauai Power Partners LP, it said.</p>
<p>The plant will be fueled by naphtha, a clean oil refinery by-product that is plentiful in Hawaii, it added.</p>
<p>CNG Energy Services Corporation is the energy marketing subsidiary of Consolidated Natural Gas Company, a producer and distributor of natural gas.</p>
</text>
<copyright>(c) Reuters Limited 1997</copyright>
<metadata>
<codes class="bip:countries:1.0">
  <code code="USA">
    <editdetail attribution="Reuters BIP Coding Group" action="confirmed" date="1997-03-24"/>
  </code>
</codes>
<codes class="bip:industries:1.0">
  <code code="I16000">
    <editdetail attribution="Reuters BIP Coding Group" action="confirmed" date="1997-03-24"/>
  </code>
  <code code="I16200">
    <editdetail attribution="Reuters BIP Coding Group" action="confirmed" date="1997-03-24"/>
  </code>
</codes>
<codes class="bip:topics:1.0">
  <code code="C24">
    <editdetail attribution="Reuters BIP Coding Group" action="confirmed" date="1997-03-24"/>
  </code>
  <code code="C33">
    <editdetail attribution="Reuters BIP Coding Group" action="confirmed" date="1997-03-24"/>
  </code>
  <code code="CCAT">
    <editdetail attribution="Reuters BIP Coding Group" action="confirmed" date="1997-03-24"/>
  </code>
</codes>
<dc element="dc.date.created" value="1997-03-24"/>
<dc element="dc.publisher" value="Reuters Holdings Plc"/>
<dc element="dc.date.published" value="1997-03-24"/>
<dc element="dc.source" value="Reuters"/>
<dc element="dc.creator.location" value="PITTSBURGH"/>
<dc element="dc.creator.location.country.name" value="USA"/>
<dc element="dc.source" value="Reuters"/>
</metadata>
</newsitem>
