<?xml version="1.0" encoding="iso-8859-1" ?>
<newsitem itemid="462819" id="root" date="1997-03-24" xml:lang="en">
<title>USA: TransTexas has La Grulla natgas find.</title>
<headline>TransTexas has La Grulla natgas find.</headline>
<dateline>HOUSTON 1997-03-24</dateline>
<text>
<p>TransTexas Gas Corp said Monday its drilling program in Starr County, Texas, has resulted in the discovery of a new natural gas field.</p>
<p>The discovery well, the Vera 1 was drilled on a 3-D seismic anomaly to a depth of 8,500 feet and encountered 45 feet of Yegua formation natural gas pay in multiple zones between 6,370 and 6,970 feet depth, based upon electric logs made this past weekend, spokesman Simon Ward said.</p>
<p>The well is currently being completed in preparation for flow testing, which is scheduled for early April.</p>
<p>TransTexas noted it completed construction of a 20-inch diameter transmission pipeline from its La Grulla area in 1996 that will be used for natural gas transport from the new field.</p>
<p>It said a delineation drilling program is planned to begin in the area in April.</p>
<p>((-- New York Newsdesk 212-859-1610.))</p>
</text>
<copyright>(c) Reuters Limited 1997</copyright>
<metadata>
<codes class="bip:countries:1.0">
  <code code="USA">
    <editdetail attribution="Reuters BIP Coding Group" action="confirmed" date="1997-03-24"/>
  </code>
</codes>
<codes class="bip:industries:1.0">
  <code code="I13000">
    <editdetail attribution="Reuters BIP Coding Group" action="confirmed" date="1997-03-24"/>
  </code>
  <code code="I1300014">
    <editdetail attribution="Reuters BIP Coding Group" action="confirmed" date="1997-03-24"/>
  </code>
</codes>
<codes class="bip:topics:1.0">
  <code code="C24">
    <editdetail attribution="Reuters BIP Coding Group" action="confirmed" date="1997-03-24"/>
  </code>
  <code code="CCAT">
    <editdetail attribution="Reuters BIP Coding Group" action="confirmed" date="1997-03-24"/>
  </code>
</codes>
<dc element="dc.date.created" value="1997-03-24"/>
<dc element="dc.publisher" value="Reuters Holdings Plc"/>
<dc element="dc.date.published" value="1997-03-24"/>
<dc element="dc.source" value="Reuters"/>
<dc element="dc.creator.location" value="HOUSTON"/>
<dc element="dc.creator.location.country.name" value="USA"/>
<dc element="dc.source" value="Reuters"/>
</metadata>
</newsitem>
