<?xml version="1.0" encoding="iso-8859-1" ?>
<newsitem itemid="462822" id="root" date="1997-03-24" xml:lang="en">
<title>USA: Borg-Warner Security completes financing.</title>
<headline>Borg-Warner Security completes financing.</headline>
<dateline>CHICAGO 1997-03-24</dateline>
<text>
<p>Borg-Warner Security Corp said Monday it has completed new financing arrangements totaling about $410 million.</p>
<p>Proceeds from financing were used to repay a bank term loan of $115 million and an existing bank revolving facility under which about $82 million was outstanding. In addition, an existing letter of credit facility is being replaced.</p>
<p>The financings include the issuance of $125 million face amount of 9.625 percent senior subordinated notes maturing in 2007 and a new $285 million revolving bank credit facility maturing in 2002. The bank facility provides for up to $155 million in direct borrowing and up to $155 million for letters of credit.</p>
<p>&quot;This financing strengthens our capital structure, one of our top goals,&quot; said Joe Adorjan, Borg-Warner Security's chairman and chief executive officer.</p>
<p>&quot;It provides significant longer term debt capacity, with improved flexibility and reduced cost for Borg-Warner Security,&quot; he said in a statement.</p>
<p>Borg-Warner Security provides security services including electronic and physical security services under the Wells Fargo and Burns brand names.</p>
<p>		 ((Chicago newsdesk 312 408 8787))</p>
</text>
<copyright>(c) Reuters Limited 1997</copyright>
<metadata>
<codes class="bip:countries:1.0">
  <code code="USA">
    <editdetail attribution="Reuters BIP Coding Group" action="confirmed" date="1997-03-24"/>
  </code>
</codes>
<codes class="bip:industries:1.0">
  <code code="I83954">
    <editdetail attribution="Reuters BIP Coding Group" action="confirmed" date="1997-03-24"/>
  </code>
</codes>
<codes class="bip:topics:1.0">
  <code code="C17">
    <editdetail attribution="Reuters BIP Coding Group" action="confirmed" date="1997-03-24"/>
  </code>
  <code code="C172">
    <editdetail attribution="Reuters BIP Coding Group" action="confirmed" date="1997-03-24"/>
  </code>
  <code code="C173">
    <editdetail attribution="Reuters BIP Coding Group" action="confirmed" date="1997-03-24"/>
  </code>
  <code code="CCAT">
    <editdetail attribution="Reuters BIP Coding Group" action="confirmed" date="1997-03-24"/>
  </code>
</codes>
<dc element="dc.date.created" value="1997-03-24"/>
<dc element="dc.publisher" value="Reuters Holdings Plc"/>
<dc element="dc.date.published" value="1997-03-24"/>
<dc element="dc.source" value="Reuters"/>
<dc element="dc.creator.location" value="CHICAGO"/>
<dc element="dc.creator.location.country.name" value="USA"/>
<dc element="dc.source" value="Reuters"/>
</metadata>
</newsitem>
