<?xml version="1.0" encoding="iso-8859-1" ?>
<newsitem itemid="462824" id="root" date="1997-03-24" xml:lang="en">
<title>USA: GT says Wal-Mart to test software purchases.</title>
<headline>GT says Wal-Mart to test software purchases.</headline>
<dateline>NEW YORK 1997-03-24</dateline>
<text>
<p>GT Interactive Software Corp, an entertainment software provider, said on Monday that it has reached an understanding that allows Wal-Mart Stores Inc to begin testing direct purchasing of software from three software publishers during the second half of 1997.</p>
<p>GT Interactive, however, will continue to manage the inventories and shelf space for over 120 software publishers whose products are sold in Wal-Mart, the company said.</p>
<p>Wal-Mart's direct purchases from three software makers would not materially affect GT's 1997 earnings, the company said.  </p>
<p>GT Interactive said Wal-Mart will begin purchases from CUC International Inc, Electronic Arts Inc and LucasArts Entertainment.</p>
<p>Distribution to Wal-Mart of the titles of the three publishers accounted for about $20 million in 1996, GT Interactive said.</p>
<p>GT Interactive said it planned to gradually handle distribution for fewer third party vendors at Wal-Mart so it could focus on its higher margin software publishing business.</p>
</text>
<copyright>(c) Reuters Limited 1997</copyright>
<metadata>
<codes class="bip:countries:1.0">
  <code code="USA">
    <editdetail attribution="Reuters BIP Coding Group" action="confirmed" date="1997-03-24"/>
  </code>
</codes>
<codes class="bip:industries:1.0">
  <code code="I33020">
    <editdetail attribution="Reuters BIP Coding Group" action="confirmed" date="1997-03-24"/>
  </code>
  <code code="I3302021">
    <editdetail attribution="Reuters BIP Coding Group" action="confirmed" date="1997-03-24"/>
  </code>
  <code code="I65600">
    <editdetail attribution="Reuters BIP Coding Group" action="confirmed" date="1997-03-24"/>
  </code>
  <code code="I83954">
    <editdetail attribution="Reuters BIP Coding Group" action="confirmed" date="1997-03-24"/>
  </code>
</codes>
<codes class="bip:topics:1.0">
  <code code="C23">
    <editdetail attribution="Reuters BIP Coding Group" action="confirmed" date="1997-03-24"/>
  </code>
  <code code="C33">
    <editdetail attribution="Reuters BIP Coding Group" action="confirmed" date="1997-03-24"/>
  </code>
  <code code="CCAT">
    <editdetail attribution="Reuters BIP Coding Group" action="confirmed" date="1997-03-24"/>
  </code>
</codes>
<dc element="dc.date.created" value="1997-03-24"/>
<dc element="dc.publisher" value="Reuters Holdings Plc"/>
<dc element="dc.date.published" value="1997-03-24"/>
<dc element="dc.source" value="Reuters"/>
<dc element="dc.creator.location" value="NEW YORK"/>
<dc element="dc.creator.location.country.name" value="USA"/>
<dc element="dc.source" value="Reuters"/>
</metadata>
</newsitem>
