<?xml version="1.0" encoding="iso-8859-1" ?>
<newsitem itemid="462865" id="root" date="1997-03-24" xml:lang="en">
<title>USA: Banc One granted more underwriting powers.</title>
<headline>Banc One granted more underwriting powers.</headline>
<dateline>WASHINGTON 1997-03-24</dateline>
<text>
<p>The Federal Reserve on Monday said it approved a proposal by Banc One Corp to allow the company, through a subsidiary, to engage in underwriting and dealing in most types of debt and equity securities.</p>
<p>The only restriction will be that Banc One cannot deal in ownership interests in open-end investment companies.</p>
<p>Banc One is the 10th-largest bank in the United States with assets of $98.6 billion.  </p>
<p>Banc One, based in Columbus, Ohio, currently has the power to conduct limited underwriting and dealing in some types of securities, as permitted under section 20 of the Glass-Steagall Act.</p>
<p>The company will continue to be a broker-dealer registered with the Securities and Exchange Commission and a member of the National Association of Securities Dealers Inc.</p>
</text>
<copyright>(c) Reuters Limited 1997</copyright>
<metadata>
<codes class="bip:countries:1.0">
  <code code="USA">
    <editdetail attribution="Reuters BIP Coding Group" action="confirmed" date="1997-03-24"/>
  </code>
</codes>
<codes class="bip:industries:1.0">
  <code code="I81402">
    <editdetail attribution="Reuters BIP Coding Group" action="confirmed" date="1997-03-24"/>
  </code>
</codes>
<codes class="bip:topics:1.0">
  <code code="C11">
    <editdetail attribution="Reuters BIP Coding Group" action="confirmed" date="1997-03-24"/>
  </code>
  <code code="C13">
    <editdetail attribution="Reuters BIP Coding Group" action="confirmed" date="1997-03-24"/>
  </code>
  <code code="C22">
    <editdetail attribution="Reuters BIP Coding Group" action="confirmed" date="1997-03-24"/>
  </code>
  <code code="CCAT">
    <editdetail attribution="Reuters BIP Coding Group" action="confirmed" date="1997-03-24"/>
  </code>
</codes>
<dc element="dc.date.created" value="1997-03-24"/>
<dc element="dc.publisher" value="Reuters Holdings Plc"/>
<dc element="dc.date.published" value="1997-03-24"/>
<dc element="dc.source" value="Reuters"/>
<dc element="dc.creator.location" value="WASHINGTON"/>
<dc element="dc.creator.location.country.name" value="USA"/>
<dc element="dc.source" value="Reuters"/>
</metadata>
</newsitem>
