<?xml version="1.0" encoding="iso-8859-1" ?>
<newsitem itemid="462876" id="root" date="1997-03-24" xml:lang="en">
<title>USA: Elamex names Carlos Martens CFO.</title>
<headline>Elamex names Carlos Martens CFO.</headline>
<dateline>EL PASO, Texas 1997-03-24</dateline>
<text>
<p>Elamex SA De CV said Monday that it had hired Carlos Martens, a former executive at Grupo Empresarial G SA, as its chief financial officer, effective immediately.</p>
<p>The position had been vacant since August, when former chief financial officer Salvador Almeida left to take a position with Coca-Cola Co, a spokeswoman for Elamex said.  </p>
<p>Elamex said Martens had been executive vice president for corporate planning and finance at Grupo Empresarial before joining Elamex.</p>
</text>
<copyright>(c) Reuters Limited 1997</copyright>
<metadata>
<codes class="bip:countries:1.0">
  <code code="USA">
    <editdetail attribution="Reuters BIP Coding Group" action="confirmed" date="1997-03-24"/>
  </code>
</codes>
<codes class="bip:industries:1.0">
  <code code="I34000">
    <editdetail attribution="Reuters BIP Coding Group" action="confirmed" date="1997-03-24"/>
  </code>
  <code code="I42800">
    <editdetail attribution="Reuters BIP Coding Group" action="confirmed" date="1997-03-24"/>
  </code>
</codes>
<codes class="bip:topics:1.0">
  <code code="C41">
    <editdetail attribution="Reuters BIP Coding Group" action="confirmed" date="1997-03-24"/>
  </code>
  <code code="C411">
    <editdetail attribution="Reuters BIP Coding Group" action="confirmed" date="1997-03-24"/>
  </code>
  <code code="CCAT">
    <editdetail attribution="Reuters BIP Coding Group" action="confirmed" date="1997-03-24"/>
  </code>
</codes>
<dc element="dc.date.created" value="1997-03-24"/>
<dc element="dc.publisher" value="Reuters Holdings Plc"/>
<dc element="dc.date.published" value="1997-03-24"/>
<dc element="dc.source" value="Reuters"/>
<dc element="dc.creator.location" value="EL PASO, Texas"/>
<dc element="dc.creator.location.country.name" value="USA"/>
<dc element="dc.source" value="Reuters"/>
</metadata>
</newsitem>
