<?xml version="1.0" encoding="iso-8859-1" ?>
<newsitem itemid="462847" id="root" date="1997-03-24" xml:lang="en">
<title>USA: IMF staff official to meet with Albanian leaders.</title>
<headline>IMF staff official to meet with Albanian leaders.</headline>
<dateline>WASHINGTON 1997-03-24</dateline>
<text>
<p>An International Monetary Fund staff official will meet with members of the new Albanian government, including Prime Minister Bashkim Fino, in Rome within a day or two, a spokeswoman for the lending agency said Monday.</p>
<p>&quot;The purpose of the visit was to reestablish contact with the government,&quot; the IMF said.&quot;</p>
<p>The official will also meet with Finance Minister Arben Malaj. No futher details were given.</p>
<p>An IMF mission had been scheduled to visit Albania sometime in mid-March but this was delayed after conditions deteriorated in the country following the collapse of a string of pyramid savings schemes.</p>
<p>The IMF had approved a $58 million, three year loan program with Albania in July 1993 but the country was unable to meet the conditions and it went of track in mid-1995.</p>
</text>
<copyright>(c) Reuters Limited 1997</copyright>
<metadata>
<codes class="bip:countries:1.0">
  <code code="ALB">
    <editdetail attribution="Reuters BIP Coding Group" action="confirmed" date="1997-03-24"/>
  </code>
  <code code="ITALY">
    <editdetail attribution="Reuters BIP Coding Group" action="confirmed" date="1997-03-24"/>
  </code>
</codes>
<codes class="bip:topics:1.0">
  <code code="E21">
    <editdetail attribution="Reuters BIP Coding Group" action="confirmed" date="1997-03-24"/>
  </code>
  <code code="E212">
    <editdetail attribution="Reuters BIP Coding Group" action="confirmed" date="1997-03-24"/>
  </code>
  <code code="ECAT">
    <editdetail attribution="Reuters BIP Coding Group" action="confirmed" date="1997-03-24"/>
  </code>
</codes>
<dc element="dc.date.created" value="1997-03-24"/>
<dc element="dc.publisher" value="Reuters Holdings Plc"/>
<dc element="dc.date.published" value="1997-03-24"/>
<dc element="dc.source" value="Reuters"/>
<dc element="dc.creator.location" value="WASHINGTON"/>
<dc element="dc.creator.location.country.name" value="USA"/>
<dc element="dc.source" value="Reuters"/>
</metadata>
</newsitem>
