<?xml version="1.0" encoding="iso-8859-1" ?>
<newsitem itemid="462805" id="root" date="1997-03-24" xml:lang="en">
<title>USA: Playboy to seek permanent injunction on cable law.</title>
<headline>Playboy to seek permanent injunction on cable law.</headline>
<dateline>CHICAGO 1997-03-24</dateline>
<text>
<p>Playboy Enterprises Inc said Monday it will seek a permanent restraining order and a stay of implementation from a Delaware District Court now that the U.S. Supreme Court has decided not to hear its challenge of part of the Telecommunications Act of 1996.</p>
<p>The nation's highest court decided not to hear arguments in the company's case to have Section 505 of the Act declared unconstitutional. Playboy said Section 505 requires new equipment to block audio and momentary flashes of adult-oriented video programming that can accidentally &quot;bleed&quot; through from premium or pay-per-view channels on some cable systems.  </p>
<p>The company said the rule also prohibits cable operators from offering adult-themed services for two-thirds of the broadcast day, making it available between 10 P.M. and 6 A.M.</p>
<p>In March 1996, Playboy received a temporary restraining order preventing enforcement of Section 505. After a three-judge panel in U.S. District Court in Wilmington, Delaware, denied Playboy's request for a preliminary injunction in November, the company appealed the preliminary injunction decision to the Supreme Court.</p>
<p>The District Court subsequently issued an order blocking enforcement of Section 505 pending Supreme Court review.  </p>
<p>&quot;We are extremely disappointed with the Court's decision,&quot; Christie Hefner, chairman and chief executive officer of Playboy, said in a statement. &quot;We believe that Section 505 is unconstitutional, as well as impractical and unnecessary.&quot;</p>
<p>Playboy progamming is currently available in about 21 million cable households nationwide. The company said the five million subscribers who receive its network through direct-to-home satellite services are not affected by the Section 505 provisions.</p>
<p>Playboy shares closed up 1/8 Monday at 15-1/4.</p>
<p>((Chris Scott-Chicago newsdesk (312) 408-8787))</p>
</text>
<copyright>(c) Reuters Limited 1997</copyright>
<metadata>
<codes class="bip:countries:1.0">
  <code code="USA">
    <editdetail attribution="Reuters BIP Coding Group" action="confirmed" date="1997-03-24"/>
  </code>
</codes>
<codes class="bip:industries:1.0">
  <code code="I47520">
    <editdetail attribution="Reuters BIP Coding Group" action="confirmed" date="1997-03-24"/>
  </code>
  <code code="I9741109">
    <editdetail attribution="Reuters BIP Coding Group" action="confirmed" date="1997-03-24"/>
  </code>
</codes>
<codes class="bip:topics:1.0">
  <code code="C12">
    <editdetail attribution="Reuters BIP Coding Group" action="confirmed" date="1997-03-24"/>
  </code>
  <code code="C13">
    <editdetail attribution="Reuters BIP Coding Group" action="confirmed" date="1997-03-24"/>
  </code>
  <code code="C34">
    <editdetail attribution="Reuters BIP Coding Group" action="confirmed" date="1997-03-24"/>
  </code>
  <code code="CCAT">
    <editdetail attribution="Reuters BIP Coding Group" action="confirmed" date="1997-03-24"/>
  </code>
  <code code="GCAT">
    <editdetail attribution="Reuters BIP Coding Group" action="confirmed" date="1997-03-24"/>
  </code>
  <code code="GCRIM">
    <editdetail attribution="Reuters BIP Coding Group" action="confirmed" date="1997-03-24"/>
  </code>
</codes>
<dc element="dc.date.created" value="1997-03-24"/>
<dc element="dc.publisher" value="Reuters Holdings Plc"/>
<dc element="dc.date.published" value="1997-03-24"/>
<dc element="dc.source" value="Reuters"/>
<dc element="dc.creator.location" value="CHICAGO"/>
<dc element="dc.creator.location.country.name" value="USA"/>
<dc element="dc.source" value="Reuters"/>
</metadata>
</newsitem>
