<?xml version="1.0" encoding="iso-8859-1" ?>
<newsitem itemid="462814" id="root" date="1997-03-24" xml:lang="en">
<title>USA: UtiliCorp offers to buy 10.5 pct notes.</title>
<headline>UtiliCorp offers to buy 10.5 pct notes.</headline>
<dateline>KANSAS CITY, Mo. 1997-03-24</dateline>
<text>
<p>UtiliCorp United Inc said Monday it is offering to purchase any and all of the $125 million of its outstanding 10.5 percent senior notes due December 1, 2020.</p>
<p>Morgan Stanley &amp; Co Inc is the exclusive dealer manager for this tender offer, which expires on March 31, 1997 unless extended by UtiliCorp United.</p>
<p>Shares of UtiliCorp United, a $4.7 billion international energy company, closed at 26 unchanged from Friday's close.</p>
<p>		  ((Chicago newsdesk 312 408 8787))</p>
</text>
<copyright>(c) Reuters Limited 1997</copyright>
<metadata>
<codes class="bip:countries:1.0">
  <code code="USA">
    <editdetail attribution="Reuters BIP Coding Group" action="confirmed" date="1997-03-24"/>
  </code>
</codes>
<codes class="bip:industries:1.0">
  <code code="I16000">
    <editdetail attribution="Reuters BIP Coding Group" action="confirmed" date="1997-03-24"/>
  </code>
</codes>
<codes class="bip:topics:1.0">
  <code code="C17">
    <editdetail attribution="Reuters BIP Coding Group" action="confirmed" date="1997-03-24"/>
  </code>
  <code code="C172">
    <editdetail attribution="Reuters BIP Coding Group" action="confirmed" date="1997-03-24"/>
  </code>
  <code code="CCAT">
    <editdetail attribution="Reuters BIP Coding Group" action="confirmed" date="1997-03-24"/>
  </code>
</codes>
<dc element="dc.date.created" value="1997-03-24"/>
<dc element="dc.publisher" value="Reuters Holdings Plc"/>
<dc element="dc.date.published" value="1997-03-24"/>
<dc element="dc.source" value="Reuters"/>
<dc element="dc.creator.location" value="KANSAS CITY, Mo."/>
<dc element="dc.creator.location.country.name" value="USA"/>
<dc element="dc.source" value="Reuters"/>
</metadata>
</newsitem>
