<?xml version="1.0" encoding="iso-8859-1" ?>
<newsitem itemid="462868" id="root" date="1997-03-24" xml:lang="en">
<title>USA: Computer Learning sets 3-for-2 split.</title>
<headline>Computer Learning sets 3-for-2 split.</headline>
<dateline>FAIRFAX, Va. 1997-03-24</dateline>
<text>
<p>Computer Learning Centers Inc said on Monday its board of directors declared a three-for-two stock split.</p>
<p>Distribution will be made on April 14, 1997 to shareholders of record as of the close of business on April 8, 1997, the company said. Fractional shares will be paid in cash, Computer Learning said.</p>
<p>After the split, the number of outstanding shares of Computer Learning's common stock will increase to approximately 7.8 million, the company said.</p>
</text>
<copyright>(c) Reuters Limited 1997</copyright>
<metadata>
<codes class="bip:countries:1.0">
  <code code="USA">
    <editdetail attribution="Reuters BIP Coding Group" action="confirmed" date="1997-03-24"/>
  </code>
</codes>
<codes class="bip:industries:1.0">
  <code code="I83954">
    <editdetail attribution="Reuters BIP Coding Group" action="confirmed" date="1997-03-24"/>
  </code>
</codes>
<codes class="bip:topics:1.0">
  <code code="C17">
    <editdetail attribution="Reuters BIP Coding Group" action="confirmed" date="1997-03-24"/>
  </code>
  <code code="C171">
    <editdetail attribution="Reuters BIP Coding Group" action="confirmed" date="1997-03-24"/>
  </code>
  <code code="CCAT">
    <editdetail attribution="Reuters BIP Coding Group" action="confirmed" date="1997-03-24"/>
  </code>
</codes>
<dc element="dc.date.created" value="1997-03-24"/>
<dc element="dc.publisher" value="Reuters Holdings Plc"/>
<dc element="dc.date.published" value="1997-03-24"/>
<dc element="dc.source" value="Reuters"/>
<dc element="dc.creator.location" value="FAIRFAX, Va."/>
<dc element="dc.creator.location.country.name" value="USA"/>
<dc element="dc.source" value="Reuters"/>
</metadata>
</newsitem>
