<?xml version="1.0" encoding="iso-8859-1" ?>
<newsitem itemid="462836" id="root" date="1997-03-24" xml:lang="en">
<title>USA: Hot Topic Q4 net rises.</title>
<headline>Hot Topic Q4 net rises.</headline>
<dateline>POMONA, Calif. 1997-03-24</dateline>
<text>
<p>(In thousands, except per share data)</p>
<p>					Fourth quarter ended</p>
<p>					 Feb. 1,	Feb. 3,</p>
<p>					    1997	   1996</p>
<p> Net Sales			    $16,429    $  9,958</p>
<p>Cost of goods sold, including</p>
<p>buying, distribution and</p>
<p>  occupancy costs		     9,620	 5,824</p>
<p> Gross margin			   6,809	 4,134</p>
<p>Selling, general and</p>
<p>  administrative expenses	   3,856	 2,467</p>
<p> Operating income		     2,953	 1,667</p>
<p> Interest income - net		  264	    50</p>
<p> Income before income taxes	 3,217	 1,717</p>
<p> Provision for income taxes	 1,217	   687</p>
<p> Net Income			     2,000	 1,030</p>
<p> Net income per share		  0.41	  0.33</p>
<p>Weighted average shares</p>
<p>  outstanding			   4,912	 3,135</p>
<p>					 Twelve months ended</p>
<p>					  Feb. 1,     Feb. 3,</p>
<p>					    1997	   1996</p>
<p> Net Sales			    $43,618     $23,632</p>
<p>Cost of goods sold, including</p>
<p>buying, distribution and</p>
<p>  occupancy costs		    27,049	15,067</p>
<p> Gross margin			  16,569	 8,565</p>
<p>Selling, general and</p>
<p>  administrative expenses	  12,846	 7,981</p>
<p> Operating income		     3,723	   584</p>
<p> Interest income - net		  382	   143</p>
<p> Income before income taxes	 4,105	   727</p>
<p> Provision for income taxes	 1,535	   291</p>
<p> Net Income			     2,570	   436</p>
<p> Net income per share		  0.67	  0.14</p>
<p>Weighted average shares</p>
<p>  outstanding			   3,845	 3,135</p>
</text>
<copyright>(c) Reuters Limited 1997</copyright>
<metadata>
<codes class="bip:countries:1.0">
  <code code="USA">
    <editdetail attribution="Reuters BIP Coding Group" action="confirmed" date="1997-03-24"/>
  </code>
</codes>
<codes class="bip:industries:1.0">
  <code code="I64500">
    <editdetail attribution="Reuters BIP Coding Group" action="confirmed" date="1997-03-24"/>
  </code>
</codes>
<codes class="bip:topics:1.0">
  <code code="C15">
    <editdetail attribution="Reuters BIP Coding Group" action="confirmed" date="1997-03-24"/>
  </code>
  <code code="C151">
    <editdetail attribution="Reuters BIP Coding Group" action="confirmed" date="1997-03-24"/>
  </code>
  <code code="C1511">
    <editdetail attribution="Reuters BIP Coding Group" action="confirmed" date="1997-03-24"/>
  </code>
  <code code="CCAT">
    <editdetail attribution="Reuters BIP Coding Group" action="confirmed" date="1997-03-24"/>
  </code>
</codes>
<dc element="dc.date.created" value="1997-03-24"/>
<dc element="dc.publisher" value="Reuters Holdings Plc"/>
<dc element="dc.date.published" value="1997-03-24"/>
<dc element="dc.source" value="Reuters"/>
<dc element="dc.creator.location" value="POMONA, Calif."/>
<dc element="dc.creator.location.country.name" value="USA"/>
<dc element="dc.source" value="Reuters"/>
</metadata>
</newsitem>
