<?xml version="1.0" encoding="iso-8859-1" ?>
<newsitem itemid="462880" id="root" date="1997-03-24" xml:lang="en">
<title>USA: Cincinnati Microwave Q4 shr loss $0.99.</title>
<headline>Cincinnati Microwave Q4 shr loss $0.99.</headline>
<dateline>CINCINNATI 1997-03-24</dateline>
<text>
<p>(Amount in thousands except share data)</p>
<p>				 Three months ended</p>
<p>			  Dec. 29, 1996   Dec. 31, 1995</p>
<p>Net sales	     $     6,749     $     12,141</p>
<p>Operating income</p>
<p> (loss)		     (15,046)	    (8,724)</p>
<p>Net income (loss)	 (15,543)	    (9,032)</p>
<p>Earnings (loss)</p>
<p> per share		    (0.99)	     (0.58)</p>
<p>Weighted average</p>
<p> shares outstanding	15,767	     15,619</p>
<p>				Twelve months ended</p>
<p>			  Dec. 29, 1996   Dec. 31, 1995</p>
<p>Net sales	     $    31,181     $     51,484</p>
<p>Operating income</p>
<p> (loss)		     (27,240)	   (13,272)</p>
<p>Net income (loss)	 (28,365)	   (13,034)</p>
<p>Earnings (loss)</p>
<p> per share		    (1.00)	     (0.90)</p>
<p>Weighted average</p>
<p> shares outstanding	15,744	     14,539</p>
<p>NOTE: The company has been entertaining bids for its various businesses following its filing on February 14, 1997 for protection from creditors under chapter 11 of the U.S. Bankruptcy Code.</p>
<p>--((New York Newsdesk 212 859-1610))</p>
</text>
<copyright>(c) Reuters Limited 1997</copyright>
<metadata>
<codes class="bip:countries:1.0">
  <code code="USA">
    <editdetail attribution="Reuters BIP Coding Group" action="confirmed" date="1997-03-24"/>
  </code>
</codes>
<codes class="bip:industries:1.0">
  <code code="I34400">
    <editdetail attribution="Reuters BIP Coding Group" action="confirmed" date="1997-03-24"/>
  </code>
</codes>
<codes class="bip:topics:1.0">
  <code code="C15">
    <editdetail attribution="Reuters BIP Coding Group" action="confirmed" date="1997-03-24"/>
  </code>
  <code code="C151">
    <editdetail attribution="Reuters BIP Coding Group" action="confirmed" date="1997-03-24"/>
  </code>
  <code code="C1511">
    <editdetail attribution="Reuters BIP Coding Group" action="confirmed" date="1997-03-24"/>
  </code>
  <code code="CCAT">
    <editdetail attribution="Reuters BIP Coding Group" action="confirmed" date="1997-03-24"/>
  </code>
</codes>
<dc element="dc.date.created" value="1997-03-24"/>
<dc element="dc.publisher" value="Reuters Holdings Plc"/>
<dc element="dc.date.published" value="1997-03-24"/>
<dc element="dc.source" value="Reuters"/>
<dc element="dc.creator.location" value="CINCINNATI"/>
<dc element="dc.creator.location.country.name" value="USA"/>
<dc element="dc.source" value="Reuters"/>
</metadata>
</newsitem>
