<?xml version="1.0" encoding="iso-8859-1" ?>
<newsitem itemid="462829" id="root" date="1997-03-24" xml:lang="en">
<title>USA: Herman Miller splits stock, raises payout.</title>
<headline>Herman Miller splits stock, raises payout.</headline>
<dateline>ZEELAND, Mich. 1997-03-24</dateline>
<text>
<p>Herman Miller Inc said Monday its board of directors approved a two-for-one stock split and raised the company's quarterly cash dividend rate by 11.5 percent.</p>
<p>Herman Miller said a 100 percent stock dividend will be paid on April 15 to shareholders of record on March 31. The company will pay a cash dividend of $0.725 a share on July7 15 to shareholders of record as of May 31.</p>
<p>The post-split quarterly dividend rate represents an 11.5 percent increase from the current pre-split rate of $0.13 a share.  </p>
<p>Herman Miller also reported record net income for the third quarter ended March 1 of $13.5 million, or $0.56 a share, which included a restructuring charge of $5.4 million or $0.23 a sahre. A year earlier, Herman Miller posted third quarter net income of $11.9 million, or $0.47 a share.</p>
<p>&quot;The two-for-one stock split reflects the company's desire to maintain a trading range of $25 to $40 a share. We believe that when the stock is priced in this trading range, it is attractive to both our retail and institutional investors,&quot; Herman Miller's chief executive, Michael Volkema, said in a statement.</p>
</text>
<copyright>(c) Reuters Limited 1997</copyright>
<metadata>
<codes class="bip:countries:1.0">
  <code code="USA">
    <editdetail attribution="Reuters BIP Coding Group" action="confirmed" date="1997-03-24"/>
  </code>
</codes>
<codes class="bip:industries:1.0">
  <code code="I46700">
    <editdetail attribution="Reuters BIP Coding Group" action="confirmed" date="1997-03-24"/>
  </code>
</codes>
<codes class="bip:topics:1.0">
  <code code="C15">
    <editdetail attribution="Reuters BIP Coding Group" action="confirmed" date="1997-03-24"/>
  </code>
  <code code="C151">
    <editdetail attribution="Reuters BIP Coding Group" action="confirmed" date="1997-03-24"/>
  </code>
  <code code="C17">
    <editdetail attribution="Reuters BIP Coding Group" action="confirmed" date="1997-03-24"/>
  </code>
  <code code="C171">
    <editdetail attribution="Reuters BIP Coding Group" action="confirmed" date="1997-03-24"/>
  </code>
  <code code="CCAT">
    <editdetail attribution="Reuters BIP Coding Group" action="confirmed" date="1997-03-24"/>
  </code>
</codes>
<dc element="dc.date.created" value="1997-03-24"/>
<dc element="dc.publisher" value="Reuters Holdings Plc"/>
<dc element="dc.date.published" value="1997-03-24"/>
<dc element="dc.source" value="Reuters"/>
<dc element="dc.creator.location" value="ZEELAND, Mich."/>
<dc element="dc.creator.location.country.name" value="USA"/>
<dc element="dc.source" value="Reuters"/>
</metadata>
</newsitem>
