<?xml version="1.0" encoding="iso-8859-1" ?>
<newsitem itemid="462838" id="root" date="1997-03-24" xml:lang="en">
<title>USA: SEC EDGAR processing hits snag.</title>
<headline>SEC EDGAR processing hits snag.</headline>
<dateline>WASHINGTON 1997-03-24</dateline>
<text>
<p>Monday's successful restart of the Securities and Exchange Commission's main electronic filing computer was short-lived after problems developed in the key database, limiting public access in its public reference room branch terminals.</p>
<p>Despite snags in the system though, public access to the electronic filings were still available through commercial information providers and the SEC website www.sec.gov., the commission said in a statement.</p>
<p>Problems to the Electronic Data Gathering Analysis and Retrieval (EDGAR) main computer apparently stemmed from components of the system weakened or altered during the power failure that occured on March 21, SEC said.</p>
<p>A power failure to the main computer located in Alexandria, Va., resulted in a major system failure which precluded it from being able to receive, process or disseminate electronic filings on March 21.</p>
</text>
<copyright>(c) Reuters Limited 1997</copyright>
<metadata>
<codes class="bip:countries:1.0">
  <code code="USA">
    <editdetail attribution="Reuters BIP Coding Group" action="confirmed" date="1997-03-24"/>
  </code>
</codes>
<codes class="bip:industries:1.0">
  <code code="I33020">
    <editdetail attribution="Reuters BIP Coding Group" action="confirmed" date="1997-03-24"/>
  </code>
  <code code="I81502">
    <editdetail attribution="Reuters BIP Coding Group" action="confirmed" date="1997-03-24"/>
  </code>
  <code code="I83100">
    <editdetail attribution="Reuters BIP Coding Group" action="confirmed" date="1997-03-24"/>
  </code>
</codes>
<codes class="bip:topics:1.0">
  <code code="C13">
    <editdetail attribution="Reuters BIP Coding Group" action="confirmed" date="1997-03-24"/>
  </code>
  <code code="C24">
    <editdetail attribution="Reuters BIP Coding Group" action="confirmed" date="1997-03-24"/>
  </code>
  <code code="CCAT">
    <editdetail attribution="Reuters BIP Coding Group" action="confirmed" date="1997-03-24"/>
  </code>
  <code code="M11">
    <editdetail attribution="Reuters BIP Coding Group" action="confirmed" date="1997-03-24"/>
  </code>
  <code code="MCAT">
    <editdetail attribution="Reuters BIP Coding Group" action="confirmed" date="1997-03-24"/>
  </code>
</codes>
<dc element="dc.date.created" value="1997-03-24"/>
<dc element="dc.publisher" value="Reuters Holdings Plc"/>
<dc element="dc.date.published" value="1997-03-24"/>
<dc element="dc.source" value="Reuters"/>
<dc element="dc.creator.location" value="WASHINGTON"/>
<dc element="dc.creator.location.country.name" value="USA"/>
<dc element="dc.source" value="Reuters"/>
</metadata>
</newsitem>
