<?xml version="1.0" encoding="iso-8859-1" ?>
<newsitem itemid="462852" id="root" date="1997-03-24" xml:lang="en">
<title>USA: Energy Under Secretary Grumbly resigns. [CORRECTED 23:59 GMT]</title>
<headline>Energy Under Secretary Grumbly resigns. [CORRECTED 23:59 GMT]</headline>
<dateline>WASHINGTON 1997-03-24</dateline>
<text>
<p>The head of the Energy Department's multibillion-dollar program to clean up contaminated nuclear weapons sites will resign on April 4 (corrects from Friday) to join private industry, the department said Monday.</p>
<p>Under Secretary Thomas Grumbly, the department's third highest ranking official, will become an executive vice president of ICF Kaiser International Inc. and president of the engineering, construction and environmental cleanup firm's federal programs group. The company is based in Fairfax, Va.</p>
<p>Grumbly joined the Energy Department in June 1993 as an assistant secretary for environmental management and became an under secretary in May 1996.</p>
<p>&quot;He transformed the Environmental Management program from a bureaucracy focused on studying problems to one that is accomplishing hundreds of on-the-ground cleanup projects at former weapons sites around the country,&quot; Energy Secretary Federico Pena said in a statement.</p>
<p>Grumbly also was involved in efforts to regain control of U.S. nuclear fuel from foreign research reactors to keep bomb-grade material out of unauthorized hands.</p>
</text>
<copyright>(c) Reuters Limited 1997</copyright>
<metadata>
<codes class="bip:countries:1.0">
  <code code="USA">
    <editdetail attribution="Reuters BIP Coding Group" action="confirmed" date="1997-03-24"/>
  </code>
</codes>
<codes class="bip:topics:1.0">
  <code code="C41">
    <editdetail attribution="Reuters BIP Coding Group" action="confirmed" date="1997-03-24"/>
  </code>
  <code code="C411">
    <editdetail attribution="Reuters BIP Coding Group" action="confirmed" date="1997-03-24"/>
  </code>
  <code code="CCAT">
    <editdetail attribution="Reuters BIP Coding Group" action="confirmed" date="1997-03-24"/>
  </code>
  <code code="GCAT">
    <editdetail attribution="Reuters BIP Coding Group" action="confirmed" date="1997-03-24"/>
  </code>
  <code code="GPOL">
    <editdetail attribution="Reuters BIP Coding Group" action="confirmed" date="1997-03-24"/>
  </code>
</codes>
<dc element="dc.date.created" value="1997-03-24"/>
<dc element="dc.publisher" value="Reuters Holdings Plc"/>
<dc element="dc.date.published" value="1997-03-24"/>
<dc element="dc.source" value="Reuters"/>
<dc element="dc.creator.location" value="WASHINGTON"/>
<dc element="dc.creator.location.country.name" value="USA"/>
<dc element="dc.source" value="Reuters"/>
</metadata>
</newsitem>
