<?xml version="1.0" encoding="iso-8859-1" ?>
<newsitem itemid="462866" id="root" date="1997-03-24" xml:lang="en">
<title>USA: Standard Commercial registers offering.</title>
<headline>Standard Commercial registers offering.</headline>
<dateline>WILSON, N.C. 1997-03-24</dateline>
<text>
<p>Standard Commercial Corp said it has filed with the Securities and Exchange Commission a registration statement for a proposed public offering of 3,525,000 shares of common stock.</p>
<p>The company said it proposes to sell 3.5 million shares in the offering, and a shareholder of the company is proposing to sell the additional 25,000 shares.</p>
<p>Standard Commercial said it plans to use the net proceeds of the offering to reduce short-term indebtedness. The offering will be underwritten by Wheat First Butcher Singer and BT Securities Corp.</p>
</text>
<copyright>(c) Reuters Limited 1997</copyright>
<metadata>
<codes class="bip:countries:1.0">
  <code code="USA">
    <editdetail attribution="Reuters BIP Coding Group" action="confirmed" date="1997-03-24"/>
  </code>
</codes>
<codes class="bip:industries:1.0">
  <code code="I61000">
    <editdetail attribution="Reuters BIP Coding Group" action="confirmed" date="1997-03-24"/>
  </code>
</codes>
<codes class="bip:topics:1.0">
  <code code="C17">
    <editdetail attribution="Reuters BIP Coding Group" action="confirmed" date="1997-03-24"/>
  </code>
  <code code="C171">
    <editdetail attribution="Reuters BIP Coding Group" action="confirmed" date="1997-03-24"/>
  </code>
  <code code="CCAT">
    <editdetail attribution="Reuters BIP Coding Group" action="confirmed" date="1997-03-24"/>
  </code>
</codes>
<dc element="dc.date.created" value="1997-03-24"/>
<dc element="dc.publisher" value="Reuters Holdings Plc"/>
<dc element="dc.date.published" value="1997-03-24"/>
<dc element="dc.source" value="Reuters"/>
<dc element="dc.creator.location" value="WILSON, N.C."/>
<dc element="dc.creator.location.country.name" value="USA"/>
<dc element="dc.source" value="Reuters"/>
</metadata>
</newsitem>
