<?xml version="1.0" encoding="iso-8859-1" ?>
<newsitem itemid="462812" id="root" date="1997-03-24" xml:lang="en">
<title>USA: Security Capital Atlantic in $56 mln stock swap.</title>
<headline>Security Capital Atlantic in $56 mln stock swap.</headline>
<dateline>ATLANTA 1997-03-24</dateline>
<text>
<p>Security Capital Atlantic Inc said on Monday that it has unanimously approved an agreement with Security Capital Group Inc to exchange Security Capital Group's REIT management and property management companies for $54.6 million of Atlantic common stock.</p>
<p>As a result of the transaction, SC Atlantic will become an internally managed real estate investment trust, with SC Group continuing as its largest shareholder.</p>
<p>Based on SC Atlantic's 1997 forecast, the company said the transaction will be immediately accretive to its per share funds from operations.</p>
<p>Under the terms of the agreement, SC Atlantic and SC Group said that they have agreed the number of shares issued to SC Group will not exceed a maximum of 2.6 million shares (equivalent to $20.64 per share) or fall below a minimum of 2.1 million shares (equivalent to $25.86 per share).</p>
<p>The parties expect the transaction to close in the third quarter of 1997, subject to approvals.</p>
</text>
<copyright>(c) Reuters Limited 1997</copyright>
<metadata>
<codes class="bip:countries:1.0">
  <code code="USA">
    <editdetail attribution="Reuters BIP Coding Group" action="confirmed" date="1997-03-24"/>
  </code>
</codes>
<codes class="bip:industries:1.0">
  <code code="I85000">
    <editdetail attribution="Reuters BIP Coding Group" action="confirmed" date="1997-03-24"/>
  </code>
</codes>
<codes class="bip:topics:1.0">
  <code code="C18">
    <editdetail attribution="Reuters BIP Coding Group" action="confirmed" date="1997-03-24"/>
  </code>
  <code code="C181">
    <editdetail attribution="Reuters BIP Coding Group" action="confirmed" date="1997-03-24"/>
  </code>
  <code code="CCAT">
    <editdetail attribution="Reuters BIP Coding Group" action="confirmed" date="1997-03-24"/>
  </code>
</codes>
<dc element="dc.date.created" value="1997-03-24"/>
<dc element="dc.publisher" value="Reuters Holdings Plc"/>
<dc element="dc.date.published" value="1997-03-24"/>
<dc element="dc.source" value="Reuters"/>
<dc element="dc.creator.location" value="ATLANTA"/>
<dc element="dc.creator.location.country.name" value="USA"/>
<dc element="dc.source" value="Reuters"/>
</metadata>
</newsitem>
