<?xml version="1.0" encoding="iso-8859-1" ?>
<newsitem itemid="462815" id="root" date="1997-03-24" xml:lang="en">
<title>USA: ARCO to settle notes with Lyondell stock.</title>
<headline>ARCO to settle notes with Lyondell stock.</headline>
<dateline>LOS ANGELES 1997-03-24</dateline>
<text>
<p>Atlantic Richfield Co on Monday said it intended to settle all its 9 percent exchangeable notes, due September 15, with its holdings of Lyondell Petrochemical Co stock.</p>
<p>&quot;Our current intention to exchange out ARCO's equity interest in Lyondell is consistent with ARCO's priorities,&quot; Mike Bowlin, chief executive officer, said in a statement.</p>
<p>&quot;While ARCO has enjoyed a successful relationship with Lyondell, we no longer consider Lyondell central to ARCO's core business or part of our strategic growth objectives,&quot; he said.</p>
<p>If there was no change in market conditions, ARCO would expect to realize a gain of more than $300 million upon the exchange of its shares of Lyondell stock. The decision to settle the notes with Lyondell shares can still be affected by a material change in market conditions, ARCO said.</p>
<p>ARCO currently owns 39.9 million shares, or about 49.9 percent of the total outstanding shares of Houston-based Lyondell.</p>
</text>
<copyright>(c) Reuters Limited 1997</copyright>
<metadata>
<codes class="bip:countries:1.0">
  <code code="USA">
    <editdetail attribution="Reuters BIP Coding Group" action="confirmed" date="1997-03-24"/>
  </code>
</codes>
<codes class="bip:industries:1.0">
  <code code="I14000">
    <editdetail attribution="Reuters BIP Coding Group" action="confirmed" date="1997-03-24"/>
  </code>
</codes>
<codes class="bip:topics:1.0">
  <code code="C17">
    <editdetail attribution="Reuters BIP Coding Group" action="confirmed" date="1997-03-24"/>
  </code>
  <code code="C172">
    <editdetail attribution="Reuters BIP Coding Group" action="confirmed" date="1997-03-24"/>
  </code>
  <code code="C18">
    <editdetail attribution="Reuters BIP Coding Group" action="confirmed" date="1997-03-24"/>
  </code>
  <code code="C181">
    <editdetail attribution="Reuters BIP Coding Group" action="confirmed" date="1997-03-24"/>
  </code>
  <code code="CCAT">
    <editdetail attribution="Reuters BIP Coding Group" action="confirmed" date="1997-03-24"/>
  </code>
</codes>
<dc element="dc.date.created" value="1997-03-24"/>
<dc element="dc.publisher" value="Reuters Holdings Plc"/>
<dc element="dc.date.published" value="1997-03-24"/>
<dc element="dc.source" value="Reuters"/>
<dc element="dc.creator.location" value="LOS ANGELES"/>
<dc element="dc.creator.location.country.name" value="USA"/>
<dc element="dc.source" value="Reuters"/>
</metadata>
</newsitem>
