<?xml version="1.0" encoding="iso-8859-1" ?>
<newsitem itemid="462881" id="root" date="1997-03-24" xml:lang="en">
<title>USA: North Dakota town recovers from flooding.</title>
<headline>North Dakota town recovers from flooding.</headline>
<dateline>BEULAH, N.D. 1997-03-24</dateline>
<text>
<p>Icy floodwaters from the overflowing Knife River receded on Monday and residents who had evacuated over the weekend began returning to their mud-splattered homes.</p>
<p>&quot;We had about 200 people displaced, and a lot of them still have water in their homes,&quot; Beulah Mayor Darold Benz said. &quot;A lot of people are sick and sore, but we were lucky that nobody got hurt.&quot;</p>
<p>He described several rescues late on Saturday and early Sunday in the town of 4,500 people, including one couple's narrow escape when their pickup truck stalled in an icy stream. &quot;They were up to their necks in ice water when they got rescued,&quot; Benz said.</p>
<p>Several elderly people had to be saved when they tried to wait out the flooding but became trapped in waters that inundated the basements and first floors of some 150 homes in the south end of Beulah.</p>
<p>Weather forecasters warned of further flooding along creeks and rivers across the region as the winter's record snowfall melted.</p>
<p>Ice-jams along the Knife and Cannonball Rivers poured floodwaters into small towns where residents and volunteers stacked sandbags, set up pumps and dug channels through the snowbanks to guide runoff away from vulnerable homes.</p>
<p>Another storm dumped three inches (eight cm) of snow on Bismarck, the state capitol 50 miles (80 km) southeast of Beulah.</p>
<p>National Weather Service hydrologist Charlene Prindiville said she expected to issue flood warnings to residents living near Apple Creek, a few miles (km) east of Bismarck.</p>
<p>&quot;There are still problems with flooded roads and farmland,&quot; Prindiville said. Many of the areas in danger of flooding were sparsely populated, she added.</p>
<p>The storm dumped a layer of heavy, wet snow on the eastern half of the state where some of the worst spring flooding was anticipated in the coming weeks. Dozens of towns along the Red River on the state's eastern border were hurriedly erecting earthen levees to divert the expected floodwaters.</p>
</text>
<copyright>(c) Reuters Limited 1997</copyright>
<metadata>
<codes class="bip:countries:1.0">
  <code code="USA">
    <editdetail attribution="Reuters BIP Coding Group" action="confirmed" date="1997-03-24"/>
  </code>
</codes>
<codes class="bip:topics:1.0">
  <code code="GCAT">
    <editdetail attribution="Reuters BIP Coding Group" action="confirmed" date="1997-03-24"/>
  </code>
  <code code="GDIS">
    <editdetail attribution="Reuters BIP Coding Group" action="confirmed" date="1997-03-24"/>
  </code>
  <code code="GWEA">
    <editdetail attribution="Reuters BIP Coding Group" action="confirmed" date="1997-03-24"/>
  </code>
</codes>
<dc element="dc.date.created" value="1997-03-24"/>
<dc element="dc.publisher" value="Reuters Holdings Plc"/>
<dc element="dc.date.published" value="1997-03-24"/>
<dc element="dc.source" value="Reuters"/>
<dc element="dc.creator.location" value="BEULAH, N.D."/>
<dc element="dc.creator.location.country.name" value="USA"/>
<dc element="dc.source" value="Reuters"/>
</metadata>
</newsitem>
