<?xml version="1.0" encoding="iso-8859-1" ?>
<newsitem itemid="462878" id="root" date="1997-03-24" xml:lang="en">
<title>USA: Puget Energy, Duke/Louis Dreyfus in joint venture.</title>
<headline>Puget Energy, Duke/Louis Dreyfus in joint venture.</headline>
<dateline>BELLEVUE, Wash. 1997-03-24</dateline>
<text>
<p>Puget Sound Energy and Duke/Louis Dreyfus announced Monday formation of a new company to broker electricity and natural gas over a five-state area in the U.S. Northwest.</p>
<p>The new company, called Duke/Louis Dreyfus-Puget Energy Services, LLC, is a 50/50 joint venture that will be headquartered in or near Seattle, Washington.</p>
<p>Duke/Louis Dreyfus is a joint venture between North Carolina's Duke Power Co and Louis Dreyfus Co.  </p>
<p>Puget Sound Energy, based in Bellevue, Wash., was formed last month by the merger of Puget Sound Power &amp; Light Co and Washington Energy Co.</p>
<p>The new venture, DLD-Puget Energy, will serve as a broker of electric power, natural gas and related services to utilities and retail energy users in Washington, Oregon, Idaho, Montana and Wyoming.</p>
<p>It will also provide a wide range of energy-related services to end-use customers, such as energy efficiency, fuel options, engineering, and technical support.</p>
<p>In late 1996, Puget Sound Energy and Duke/Louis Dreyfus (DLD) entered into an advisory agreement in which DLD would work for several years with Puget on the management of its generation resources and wholesale power supply arrangements.</p>
<p>Under the agreement, DLD is assisting Puget Sound Energy in developing trading and risk management policies and strategies as well as energy trading systems and support.</p>
<p>--Los Angeles bureau + 1 213 955 6761</p>
</text>
<copyright>(c) Reuters Limited 1997</copyright>
<metadata>
<codes class="bip:countries:1.0">
  <code code="USA">
    <editdetail attribution="Reuters BIP Coding Group" action="confirmed" date="1997-03-24"/>
  </code>
</codes>
<codes class="bip:industries:1.0">
  <code code="I13000">
    <editdetail attribution="Reuters BIP Coding Group" action="confirmed" date="1997-03-24"/>
  </code>
  <code code="I16100">
    <editdetail attribution="Reuters BIP Coding Group" action="confirmed" date="1997-03-24"/>
  </code>
</codes>
<codes class="bip:topics:1.0">
  <code code="C11">
    <editdetail attribution="Reuters BIP Coding Group" action="confirmed" date="1997-03-24"/>
  </code>
  <code code="CCAT">
    <editdetail attribution="Reuters BIP Coding Group" action="confirmed" date="1997-03-24"/>
  </code>
</codes>
<dc element="dc.date.created" value="1997-03-24"/>
<dc element="dc.publisher" value="Reuters Holdings Plc"/>
<dc element="dc.date.published" value="1997-03-24"/>
<dc element="dc.source" value="Reuters"/>
<dc element="dc.creator.location" value="BELLEVUE, Wash."/>
<dc element="dc.creator.location.country.name" value="USA"/>
<dc element="dc.source" value="Reuters"/>
</metadata>
</newsitem>
