<?xml version="1.0" encoding="iso-8859-1" ?>
<newsitem itemid="462845" id="root" date="1997-03-24" xml:lang="en">
<title>USA: NYSE UNAVAILABLES.</title>
<headline>NYSE UNAVAILABLES.</headline>
<dateline>NEW YORK 1997-03-24</dateline>
<text>
<p>The New York Stock Exchange said on Monday that Northeast Utilities, Catellus Development Corp and Standard Commercial Corp were unavailable for after-hours trading due to news pending.</p>
<p>Also unavailable was Corimon SACA.</p>
</text>
<copyright>(c) Reuters Limited 1997</copyright>
<metadata>
<codes class="bip:countries:1.0">
  <code code="USA">
    <editdetail attribution="Reuters BIP Coding Group" action="confirmed" date="1997-03-24"/>
  </code>
</codes>
<codes class="bip:industries:1.0">
  <code code="I16000">
    <editdetail attribution="Reuters BIP Coding Group" action="confirmed" date="1997-03-24"/>
  </code>
  <code code="I61000">
    <editdetail attribution="Reuters BIP Coding Group" action="confirmed" date="1997-03-24"/>
  </code>
  <code code="I83960">
    <editdetail attribution="Reuters BIP Coding Group" action="confirmed" date="1997-03-24"/>
  </code>
  <code code="I85000">
    <editdetail attribution="Reuters BIP Coding Group" action="confirmed" date="1997-03-24"/>
  </code>
</codes>
<codes class="bip:topics:1.0">
  <code code="C15">
    <editdetail attribution="Reuters BIP Coding Group" action="confirmed" date="1997-03-24"/>
  </code>
  <code code="C152">
    <editdetail attribution="Reuters BIP Coding Group" action="confirmed" date="1997-03-24"/>
  </code>
  <code code="CCAT">
    <editdetail attribution="Reuters BIP Coding Group" action="confirmed" date="1997-03-24"/>
  </code>
</codes>
<dc element="dc.date.created" value="1997-03-24"/>
<dc element="dc.publisher" value="Reuters Holdings Plc"/>
<dc element="dc.date.published" value="1997-03-24"/>
<dc element="dc.source" value="Reuters"/>
<dc element="dc.creator.location" value="NEW YORK"/>
<dc element="dc.creator.location.country.name" value="USA"/>
<dc element="dc.source" value="Reuters"/>
</metadata>
</newsitem>
