<?xml version="1.0" encoding="iso-8859-1" ?>
<newsitem itemid="462811" id="root" date="1997-03-24" xml:lang="en">
<title>USA: Knight-Ridder February oper revs $214.3 mln.</title>
<headline>Knight-Ridder February oper revs $214.3 mln.</headline>
<dateline>MIAMI 1997-03-24</dateline>
<text>
<p>Knight-Ridder Inc said Monday that February operating revenues were $214.3 million, down 2.6 percent from $220 million in February of 1995.</p>
<p>The company said total February newspaper revenue was $188.8 million, compared to $177.5 million.</p>
<p>Total advertising revenue was up 8.7 percent for the month, on a full-run linage increase of 6.4 percent, and retail advertising was up five percent for the month on a full-run linage increase of 2.4 percent, the company said.</p>
<p>Classified was up 10 percent on a full-run linage increase of nine percent. Excluding acquisitions and Knight-Ridder Financial, revenue in the business information services division was down 8.3 percent for the month, the company said.</p>
</text>
<copyright>(c) Reuters Limited 1997</copyright>
<metadata>
<codes class="bip:countries:1.0">
  <code code="USA">
    <editdetail attribution="Reuters BIP Coding Group" action="confirmed" date="1997-03-24"/>
  </code>
</codes>
<codes class="bip:industries:1.0">
  <code code="I47510">
    <editdetail attribution="Reuters BIP Coding Group" action="confirmed" date="1997-03-24"/>
  </code>
</codes>
<codes class="bip:topics:1.0">
  <code code="C15">
    <editdetail attribution="Reuters BIP Coding Group" action="confirmed" date="1997-03-24"/>
  </code>
  <code code="C151">
    <editdetail attribution="Reuters BIP Coding Group" action="confirmed" date="1997-03-24"/>
  </code>
  <code code="CCAT">
    <editdetail attribution="Reuters BIP Coding Group" action="confirmed" date="1997-03-24"/>
  </code>
</codes>
<dc element="dc.date.created" value="1997-03-24"/>
<dc element="dc.publisher" value="Reuters Holdings Plc"/>
<dc element="dc.date.published" value="1997-03-24"/>
<dc element="dc.source" value="Reuters"/>
<dc element="dc.creator.location" value="MIAMI"/>
<dc element="dc.creator.location.country.name" value="USA"/>
<dc element="dc.source" value="Reuters"/>
</metadata>
</newsitem>
