<?xml version="1.0" encoding="iso-8859-1" ?>
<newsitem itemid="462879" id="root" date="1997-03-24" xml:lang="en">
<title>USA: B. V. R. Technologies Q4 full results.</title>
<headline>B. V. R. Technologies Q4 full results.</headline>
<dateline>NEW YORK 1997-03-24</dateline>
<text>
<p>BVR TECHNOLOGIES LTD.</p>
<p>SELECTED FINANCIAL DATA</p>
<p>Statement of Income Data:</p>
<p>					     Year ended</p>
<p>					     December 31,</p>
<p>					 1996		  1995</p>
<p>					    (US$ in thousands)</p>
<p>					  Consolidated</p>
<p> Sales				 20,277   100%    10,469   100%</p>
<p> Gross profit			  6807    34%     2,590    25%</p>
<p> Operating loss		    (4001)  (20%)   (5,312)  (51%)</p>
<p> Loss for the period		(329)   (2%)   (7,082)  (68%)</p>
<p> Loss per share		    (0.10)	     (1.21)</p>
<p>Weighted average number</p>
<p>of shares outstanding</p>
<p> (in thousands)		     5,908		5,861</p>
<p>					     Three months ended</p>
<p>				Mar 31,   Jun 30,   Sep 30,  Dec. 31,</p>
<p>				  1996	 1996	1996	1996</p>
<p>						  (US$ in thousands)</p>
<p>						   Consolidated</p>
<p> Sales			   4775	3718	4598	7186</p>
<p> Gross profit		  1883	1257	1800	1867</p>
<p> Operating loss	     (991)    (1491)     (825)     (694)</p>
<p> Loss for the period	  954	(86)     (805)     (392)</p>
<p>NOTE: First and second quarters of 1996 were restated to include capital gains of US$  1761 thousands which have been recorded following a change in Israeli GAAP.</p>
<p>STATEMENT OF INCOME DATA:</p>
<p>Figures for the Company only (excluding subsidiaries):</p>
<p>					     Year ended</p>
<p>					     December 31,</p>
<p>					 1996		 1995</p>
<p>					    (US$ in thousands)</p>
<p>					  Consolidated</p>
<p> Sales				 18,652   100%    10,226   100%</p>
<p> Gross profit			  5957    32%     2,400    23%</p>
<p> Operating income (loss)	  (646)   (3%)   (3,047)  (30%)</p>
<p> Income loss for the period     (329)   (2%)   (7,082)  (69%)</p>
<p>					     Three months ended</p>
<p>				Mar 31,    Jun 30, Sept 30,  Dec. 31,</p>
<p>				  1996	  1996     1996	1996</p>
<p>						  (US$ in thousands)</p>
<p>						   Consolidated</p>
<p> Sales			   4237	 3613     4059	6743</p>
<p> Gross profit		  1375	 1228     1614	1740</p>
<p> Operating income (loss)  (543)	(403)	238	  62</p>
<p>Income loss for the period</p>
<p>				    954	 (86)    (805)     (392)</p>
<p>Consolidated Balance Sheet Data:</p>
<p>						   December 31</p>
<p>						 1996		1995</p>
<p>						  (US$ in thousands)</p>
<p> Total assets			     28,304	   19,933</p>
<p> Working capital			    4530	    3,027</p>
<p> Shareholders' equity		     5999	    6,339</p>
<p>First and second quarters of 1996 were restated to include capital gains of US$  1761 thousands which have been recorded following a change in Israeli GAAP.</p>
<p>((-- New York Newsdesk 212 859-1610))</p>
</text>
<copyright>(c) Reuters Limited 1997</copyright>
<metadata>
<codes class="bip:countries:1.0">
  <code code="ISRAEL">
    <editdetail attribution="Reuters BIP Coding Group" action="confirmed" date="1997-03-24"/>
  </code>
  <code code="USA">
    <editdetail attribution="Reuters BIP Coding Group" action="confirmed" date="1997-03-24"/>
  </code>
</codes>
<codes class="bip:topics:1.0">
  <code code="C15">
    <editdetail attribution="Reuters BIP Coding Group" action="confirmed" date="1997-03-24"/>
  </code>
  <code code="C151">
    <editdetail attribution="Reuters BIP Coding Group" action="confirmed" date="1997-03-24"/>
  </code>
  <code code="C1511">
    <editdetail attribution="Reuters BIP Coding Group" action="confirmed" date="1997-03-24"/>
  </code>
  <code code="CCAT">
    <editdetail attribution="Reuters BIP Coding Group" action="confirmed" date="1997-03-24"/>
  </code>
</codes>
<dc element="dc.date.created" value="1997-03-24"/>
<dc element="dc.publisher" value="Reuters Holdings Plc"/>
<dc element="dc.date.published" value="1997-03-24"/>
<dc element="dc.source" value="Reuters"/>
<dc element="dc.creator.location" value="NEW YORK"/>
<dc element="dc.creator.location.country.name" value="USA"/>
<dc element="dc.source" value="Reuters"/>
</metadata>
</newsitem>
