<?xml version="1.0" encoding="iso-8859-1" ?>
<newsitem itemid="462820" id="root" date="1997-03-24" xml:lang="en">
<title>USA: Toro buys OSMAC from Motorola.</title>
<headline>Toro buys OSMAC from Motorola.</headline>
<dateline>BLOOMINGTON, Minn. 1997-03-24</dateline>
<text>
<p>Toro Co said Monday it has acquired OSMAC, a central irrigation control system for large turf irrigation, from Motorola Inc.</p>
<p>Terms of the acquisition were not disclosed.</p>
<p>Toro said it bought the exclusive marketing rights to the OSMAC control system, the OSMAC trademark, the OSMAC 4.0 software and a license to the proprietary communications protocol that drives field hardware.</p>
<p>Motorola will continue to manufacture and supply Toro with components for OSMAC, Toro said.</p>
<p>Motorola has manufactured OSMAC products and Toro has marketed them for more than five years.</p>
<p>Motorola provides wireless communications, semiconductors and advanced electronic systems, components and services.</p>
<p>Toro provides consumer and commercial lawn equipment, snow removal equipment and irrigation systems.</p>
<p>((--Chicago newsdesk, 312-408-8787))</p>
</text>
<copyright>(c) Reuters Limited 1997</copyright>
<metadata>
<codes class="bip:countries:1.0">
  <code code="USA">
    <editdetail attribution="Reuters BIP Coding Group" action="confirmed" date="1997-03-24"/>
  </code>
</codes>
<codes class="bip:industries:1.0">
  <code code="I32000">
    <editdetail attribution="Reuters BIP Coding Group" action="confirmed" date="1997-03-24"/>
  </code>
  <code code="I34531">
    <editdetail attribution="Reuters BIP Coding Group" action="confirmed" date="1997-03-24"/>
  </code>
</codes>
<codes class="bip:topics:1.0">
  <code code="C18">
    <editdetail attribution="Reuters BIP Coding Group" action="confirmed" date="1997-03-24"/>
  </code>
  <code code="C182">
    <editdetail attribution="Reuters BIP Coding Group" action="confirmed" date="1997-03-24"/>
  </code>
  <code code="CCAT">
    <editdetail attribution="Reuters BIP Coding Group" action="confirmed" date="1997-03-24"/>
  </code>
</codes>
<dc element="dc.date.created" value="1997-03-24"/>
<dc element="dc.publisher" value="Reuters Holdings Plc"/>
<dc element="dc.date.published" value="1997-03-24"/>
<dc element="dc.source" value="Reuters"/>
<dc element="dc.creator.location" value="BLOOMINGTON, Minn."/>
<dc element="dc.creator.location.country.name" value="USA"/>
<dc element="dc.source" value="Reuters"/>
</metadata>
</newsitem>
