<?xml version="1.0" encoding="iso-8859-1" ?>
<newsitem itemid="462855" id="root" date="1997-03-24" xml:lang="en">
<title>USA: Trinitech Systems Inc Q4 full results.</title>
<headline>Trinitech Systems Inc Q4 full results.</headline>
<dateline>STAMFORD, Conn. 1997-03-24</dateline>
<text>
<p>TRINITECH SYSTEMS, INC.</p>
<p>				 RESULTS OF OPERATIONS</p>
<p>				 Three Months Ended   Year Ended</p>
<p>				    December 31,     December 31,</p>
<p>				1996	1995	 1996	 1995</p>
<p> Gross revenues   $3,419,623 $1,756,725 $7,013,605 $5,044,647</p>
<p> Net income (loss)   209,631     89,912  ( 445,285)    81,466</p>
<p>Net income (loss)</p>
<p>  per share		 0.03	 0.01    ( 0.06)	 0.01</p>
<p>Average common shares</p>
<p>			 7,315,400  7,663,000  7,297,900  7,551,700</p>
<p>outstanding (including</p>
<p>common share equivalents</p>
<p>in 1995)</p>
<p>((-- New York Newsdesk 212 859-1610))</p>
</text>
<copyright>(c) Reuters Limited 1997</copyright>
<metadata>
<codes class="bip:countries:1.0">
  <code code="USA">
    <editdetail attribution="Reuters BIP Coding Group" action="confirmed" date="1997-03-24"/>
  </code>
</codes>
<codes class="bip:industries:1.0">
  <code code="I33020">
    <editdetail attribution="Reuters BIP Coding Group" action="confirmed" date="1997-03-24"/>
  </code>
</codes>
<codes class="bip:topics:1.0">
  <code code="C15">
    <editdetail attribution="Reuters BIP Coding Group" action="confirmed" date="1997-03-24"/>
  </code>
  <code code="C151">
    <editdetail attribution="Reuters BIP Coding Group" action="confirmed" date="1997-03-24"/>
  </code>
  <code code="C1511">
    <editdetail attribution="Reuters BIP Coding Group" action="confirmed" date="1997-03-24"/>
  </code>
  <code code="CCAT">
    <editdetail attribution="Reuters BIP Coding Group" action="confirmed" date="1997-03-24"/>
  </code>
</codes>
<dc element="dc.date.created" value="1997-03-24"/>
<dc element="dc.publisher" value="Reuters Holdings Plc"/>
<dc element="dc.date.published" value="1997-03-24"/>
<dc element="dc.source" value="Reuters"/>
<dc element="dc.creator.location" value="STAMFORD, Conn."/>
<dc element="dc.creator.location.country.name" value="USA"/>
<dc element="dc.source" value="Reuters"/>
</metadata>
</newsitem>
