<?xml version="1.0" encoding="iso-8859-1" ?>
<newsitem itemid="462834" id="root" date="1997-03-24" xml:lang="en">
<title>USA: Home Depot to fight EOCC entry in bias case.</title>
<headline>Home Depot to fight EOCC entry in bias case.</headline>
<dateline>ATLANTA 1997-03-24</dateline>
<text>
<p>Home Depot Inc on Monday said it would oppose the U.S. Equal Employment Opportunity Commission's intervention in a sex discrimination case.</p>
<p>The federal agency is intervening in a 1995 case, filed in U.S. District Court for the Eastern District of Louisiana, that claims that women were hired for jobs as cashiers but not considered for promotions.</p>
<p>Home Depot said the agency only heard one side before deciding to intervene.</p>
<p>&quot;The Home Depot will vigorously oppose intervention and is confident that it can demonstrate that intervention is not only futile but a waste of government resources,&quot; Larry Smith, Home Depot's vice president-legal, said in a statement.</p>
<p>Home Depot, a do-it-yourself building supply retailer, said it was proud of its record of hiring and promoting women to every level in the company.</p>
</text>
<copyright>(c) Reuters Limited 1997</copyright>
<metadata>
<codes class="bip:countries:1.0">
  <code code="USA">
    <editdetail attribution="Reuters BIP Coding Group" action="confirmed" date="1997-03-24"/>
  </code>
</codes>
<codes class="bip:industries:1.0">
  <code code="I65400">
    <editdetail attribution="Reuters BIP Coding Group" action="confirmed" date="1997-03-24"/>
  </code>
</codes>
<codes class="bip:topics:1.0">
  <code code="C12">
    <editdetail attribution="Reuters BIP Coding Group" action="confirmed" date="1997-03-24"/>
  </code>
  <code code="CCAT">
    <editdetail attribution="Reuters BIP Coding Group" action="confirmed" date="1997-03-24"/>
  </code>
  <code code="E41">
    <editdetail attribution="Reuters BIP Coding Group" action="confirmed" date="1997-03-24"/>
  </code>
  <code code="ECAT">
    <editdetail attribution="Reuters BIP Coding Group" action="confirmed" date="1997-03-24"/>
  </code>
  <code code="GCAT">
    <editdetail attribution="Reuters BIP Coding Group" action="confirmed" date="1997-03-24"/>
  </code>
  <code code="GJOB">
    <editdetail attribution="Reuters BIP Coding Group" action="confirmed" date="1997-03-24"/>
  </code>
</codes>
<dc element="dc.date.created" value="1997-03-24"/>
<dc element="dc.publisher" value="Reuters Holdings Plc"/>
<dc element="dc.date.published" value="1997-03-24"/>
<dc element="dc.source" value="Reuters"/>
<dc element="dc.creator.location" value="ATLANTA"/>
<dc element="dc.creator.location.country.name" value="USA"/>
<dc element="dc.source" value="Reuters"/>
</metadata>
</newsitem>
