<?xml version="1.0" encoding="iso-8859-1" ?>
<newsitem itemid="462802" id="root" date="1997-03-24" xml:lang="en">
<title>USA: MS Financial Inc year loss vs profit.</title>
<headline>MS Financial Inc year loss vs profit.</headline>
<dateline>JACKSON, Miss. 1997-03-24</dateline>
<text>
<p>1996			1995</p>
<p>		 YEAR</p>
<p> Shr loss		   $2.11   profit	 $0.65</p>
<p> Net loss		  22,000   profit	 6,500</p>
<p>(All data above 000s except per share numbers)</p>
<p>NOTE: Company said loss attributable to slowdown in originations, an increase in chargeoffs and a larger loss provision.</p>
</text>
<copyright>(c) Reuters Limited 1997</copyright>
<metadata>
<codes class="bip:countries:1.0">
  <code code="USA">
    <editdetail attribution="Reuters BIP Coding Group" action="confirmed" date="1997-03-24"/>
  </code>
</codes>
<codes class="bip:industries:1.0">
  <code code="I81402">
    <editdetail attribution="Reuters BIP Coding Group" action="confirmed" date="1997-03-24"/>
  </code>
</codes>
<codes class="bip:topics:1.0">
  <code code="C15">
    <editdetail attribution="Reuters BIP Coding Group" action="confirmed" date="1997-03-24"/>
  </code>
  <code code="C151">
    <editdetail attribution="Reuters BIP Coding Group" action="confirmed" date="1997-03-24"/>
  </code>
  <code code="C1511">
    <editdetail attribution="Reuters BIP Coding Group" action="confirmed" date="1997-03-24"/>
  </code>
  <code code="CCAT">
    <editdetail attribution="Reuters BIP Coding Group" action="confirmed" date="1997-03-24"/>
  </code>
</codes>
<dc element="dc.date.created" value="1997-03-24"/>
<dc element="dc.publisher" value="Reuters Holdings Plc"/>
<dc element="dc.date.published" value="1997-03-24"/>
<dc element="dc.source" value="Reuters"/>
<dc element="dc.creator.location" value="JACKSON, Miss."/>
<dc element="dc.creator.location.country.name" value="USA"/>
<dc element="dc.source" value="Reuters"/>
</metadata>
</newsitem>
