<?xml version="1.0" encoding="iso-8859-1" ?>
<newsitem itemid="462833" id="root" date="1997-03-24" xml:lang="en">
<title>USA: A.M. Best downgrades Blue Cross of Washington.</title>
<headline>A.M. Best downgrades Blue Cross of Washington.</headline>
<dateline>OLDWICK, N.J. 1997-03-24</dateline>
<text>
<p>A.M. Best Co said on Monday that it has lowered its rating on Blue Cross of Washington &amp; Alaska in Mountlake Terrace, Washington from &quot;A-&quot; to &quot;B++.&quot;</p>
<p>A.M. Best attributed the move to poor earnings performance in 1995 and 1996 and challenges the company faces in shifting its enrollment base to managed-care products and adjusting to health-care reform in Washington State.  </p>
<p>&quot;Although results in 1996 were poor, the company has taken steps to improve its results in 1997, including recontracting of provider networks and tighter underwriting practices,&quot; A.M. Best said in a release.</p>
<p>It said the company's concentration in individual products make it particularly vulnerable to regulatory constraints, but said rate increases approved last week may signal a change in the previously adversarial regulatory environment. &quot;This should also have a positive impact on future earnings,&quot; A.M. Best said.</p>
</text>
<copyright>(c) Reuters Limited 1997</copyright>
<metadata>
<codes class="bip:countries:1.0">
  <code code="USA">
    <editdetail attribution="Reuters BIP Coding Group" action="confirmed" date="1997-03-24"/>
  </code>
</codes>
<codes class="bip:industries:1.0">
  <code code="I82003">
    <editdetail attribution="Reuters BIP Coding Group" action="confirmed" date="1997-03-24"/>
  </code>
</codes>
<codes class="bip:topics:1.0">
  <code code="C17">
    <editdetail attribution="Reuters BIP Coding Group" action="confirmed" date="1997-03-24"/>
  </code>
  <code code="C174">
    <editdetail attribution="Reuters BIP Coding Group" action="confirmed" date="1997-03-24"/>
  </code>
  <code code="CCAT">
    <editdetail attribution="Reuters BIP Coding Group" action="confirmed" date="1997-03-24"/>
  </code>
</codes>
<dc element="dc.date.created" value="1997-03-24"/>
<dc element="dc.publisher" value="Reuters Holdings Plc"/>
<dc element="dc.date.published" value="1997-03-24"/>
<dc element="dc.source" value="Reuters"/>
<dc element="dc.creator.location" value="OLDWICK, N.J."/>
<dc element="dc.creator.location.country.name" value="USA"/>
<dc element="dc.source" value="Reuters"/>
</metadata>
</newsitem>
