<?xml version="1.0" encoding="iso-8859-1" ?>
<newsitem itemid="455160" id="root" date="1997-03-20" xml:lang="en">
<title>CANADA: Synergistics Q4 shr net rises.</title>
<headline>Synergistics Q4 shr net rises.</headline>
<dateline>MISSISSAUGA, Ontario 1997-03-20</dateline>
<text>
<p>1996			    1995</p>
<p> Shr			 C$0.48		   C$0.32</p>
<p> Net			  2,480		    1,648</p>
<p> Revs			75,100		   62,900</p>
<p>	   12 MONTHS</p>
<p> Shr			 C$1.54		   C$0.52</p>
<p> Net			  7,975		    2,568</p>
<p> Revs		     292,556		  274,965</p>
<p>(All data above 000s except per share numbers)</p>
<p>Note: Full name is Synergistics Industries Ltd.</p>
<p>((Reuters Toronto Bureau (416) 941-8100))</p>
</text>
<copyright>(c) Reuters Limited 1997</copyright>
<metadata>
<codes class="bip:countries:1.0">
  <code code="CANA">
    <editdetail attribution="Reuters BIP Coding Group" action="confirmed" date="1997-03-20"/>
  </code>
</codes>
<codes class="bip:industries:1.0">
  <code code="I25140">
    <editdetail attribution="Reuters BIP Coding Group" action="confirmed" date="1997-03-20"/>
  </code>
</codes>
<codes class="bip:topics:1.0">
  <code code="C15">
    <editdetail attribution="Reuters BIP Coding Group" action="confirmed" date="1997-03-20"/>
  </code>
  <code code="C151">
    <editdetail attribution="Reuters BIP Coding Group" action="confirmed" date="1997-03-20"/>
  </code>
  <code code="C1511">
    <editdetail attribution="Reuters BIP Coding Group" action="confirmed" date="1997-03-20"/>
  </code>
  <code code="CCAT">
    <editdetail attribution="Reuters BIP Coding Group" action="confirmed" date="1997-03-20"/>
  </code>
</codes>
<dc element="dc.date.created" value="1997-03-20"/>
<dc element="dc.publisher" value="Reuters Holdings Plc"/>
<dc element="dc.date.published" value="1997-03-20"/>
<dc element="dc.source" value="Reuters"/>
<dc element="dc.creator.location" value="MISSISSAUGA, Ontario"/>
<dc element="dc.creator.location.country.name" value="CANADA"/>
<dc element="dc.source" value="Reuters"/>
</metadata>
</newsitem>
