<?xml version="1.0" encoding="iso-8859-1" ?>
<newsitem itemid="455197" id="root" date="1997-03-20" xml:lang="en">
<title>USA: First Merchants sees &quot;break-even&quot; Q1.</title>
<headline>First Merchants sees &quot;break-even&quot; Q1.</headline>
<dateline>DEERFIELD, Ill. 1997-03-20</dateline>
<text>
<p>First Merchants Acceptance Corp said on Thursday it expected to report a &quot;break-even&quot; 1997 first quarter, which it said was below market expectations.</p>
<p>Analysts had expected the company to earn a profit of $0.42 per share in the quarter, according to First Call's consensus estimate.  </p>
<p>However, the company cited $0.41 a share as consensus market expectations.</p>
<p>&quot;Although smaller than the fourth quarter of 1996, loan loss provisions in the current quarter were higher than normal as the company continued to...address the problem loans identified in the fourth quarter of 1996,&quot; it said.</p>
<p>First Merchants is a national specialty company, primarily engaged in financing the purchase of used automobiles by consumers who have limited access to traditional sources of credit.</p>
</text>
<copyright>(c) Reuters Limited 1997</copyright>
<metadata>
<codes class="bip:countries:1.0">
  <code code="USA">
    <editdetail attribution="Reuters BIP Coding Group" action="confirmed" date="1997-03-20"/>
  </code>
</codes>
<codes class="bip:industries:1.0">
  <code code="I65100">
    <editdetail attribution="Reuters BIP Coding Group" action="confirmed" date="1997-03-20"/>
  </code>
</codes>
<codes class="bip:topics:1.0">
  <code code="C15">
    <editdetail attribution="Reuters BIP Coding Group" action="confirmed" date="1997-03-20"/>
  </code>
  <code code="C152">
    <editdetail attribution="Reuters BIP Coding Group" action="confirmed" date="1997-03-20"/>
  </code>
  <code code="CCAT">
    <editdetail attribution="Reuters BIP Coding Group" action="confirmed" date="1997-03-20"/>
  </code>
</codes>
<dc element="dc.date.created" value="1997-03-20"/>
<dc element="dc.publisher" value="Reuters Holdings Plc"/>
<dc element="dc.date.published" value="1997-03-20"/>
<dc element="dc.source" value="Reuters"/>
<dc element="dc.creator.location" value="DEERFIELD, Ill."/>
<dc element="dc.creator.location.country.name" value="USA"/>
<dc element="dc.source" value="Reuters"/>
</metadata>
</newsitem>
