<?xml version="1.0" encoding="iso-8859-1" ?>
<newsitem itemid="455175" id="root" date="1997-03-20" xml:lang="en">
<title>USA: Federal Reserve business loans down in March 12 wk.</title>
<headline>Federal Reserve business loans down in March 12 wk.</headline>
<text>
<p>ONE WEEK ENDED MARCH 5</p>
<p>(Seasonally adjusted, millions of dollars)</p>
<p> Business loans............806,300 up.....1,300</p>
<p> U.S. Govt securities......702,500 up.......300</p>
<p> Large time deposits.......538,800 UP.....1,300</p>
<p> ONE WEEK ENDED MARCH 12</p>
<p> U.S. commercial paper.....819,805 up.....2,690</p>
<p> Financial companies.......634,269 up.......897</p>
<p> New York business loans....44,940 down...1,058</p>
<p> Excluding acceptances......44,670 down...1,075</p>
</text>
<copyright>(c) Reuters Limited 1997</copyright>
<metadata>
<codes class="bip:countries:1.0">
  <code code="USA">
    <editdetail attribution="Reuters BIP Coding Group" action="confirmed" date="1997-03-20"/>
  </code>
</codes>
<codes class="bip:topics:1.0">
  <code code="E51">
    <editdetail attribution="Reuters BIP Coding Group" action="confirmed" date="1997-03-20"/>
  </code>
  <code code="E513">
    <editdetail attribution="Reuters BIP Coding Group" action="confirmed" date="1997-03-20"/>
  </code>
  <code code="ECAT">
    <editdetail attribution="Reuters BIP Coding Group" action="confirmed" date="1997-03-20"/>
  </code>
  <code code="M13">
    <editdetail attribution="Reuters BIP Coding Group" action="confirmed" date="1997-03-20"/>
  </code>
  <code code="M131">
    <editdetail attribution="Reuters BIP Coding Group" action="confirmed" date="1997-03-20"/>
  </code>
  <code code="MCAT">
    <editdetail attribution="Reuters BIP Coding Group" action="confirmed" date="1997-03-20"/>
  </code>
</codes>
<dc element="dc.publisher" value="Reuters Holdings Plc"/>
<dc element="dc.date.published" value="1997-03-20"/>
<dc element="dc.source" value="Reuters"/>
<dc element="dc.creator.location.country.name" value="USA"/>
<dc element="dc.source" value="Reuters"/>
</metadata>
</newsitem>
