<?xml version="1.0" encoding="iso-8859-1" ?>
<newsitem itemid="455193" id="root" date="1997-03-20" xml:lang="en">
<title>USA: Bio-Vascular seeks FDA nod on device.</title>
<headline>Bio-Vascular seeks FDA nod on device.</headline>
<dateline>ST. PAUL, Minn. 1997-03-20</dateline>
<text>
<p>Bio-Vascular Inc said Thursday it filed with the U.S. Food and Drug Administration for approval of Petri-Strips Dry, an advanced version of its Petri-Strips product.</p>
<p>Petri-Strips are used to reinforce the surgical staple-line and prevent leakage of air during and after lung volume reduction surgery for treating late-stage emphysema.</p>
<p>The new product is affixed to surgical staplers using hydrogel developed by Bio-Vascular called PSD Gel.</p>
<p>Bio-Vascular manufactures and markets proprietary specialty medical products.</p>
<p>		((Reuters Chicago Newsdesk (312) 408-8787))</p>
</text>
<copyright>(c) Reuters Limited 1997</copyright>
<metadata>
<codes class="bip:countries:1.0">
  <code code="USA">
    <editdetail attribution="Reuters BIP Coding Group" action="confirmed" date="1997-03-20"/>
  </code>
</codes>
<codes class="bip:industries:1.0">
  <code code="I37200">
    <editdetail attribution="Reuters BIP Coding Group" action="confirmed" date="1997-03-20"/>
  </code>
</codes>
<codes class="bip:topics:1.0">
  <code code="C13">
    <editdetail attribution="Reuters BIP Coding Group" action="confirmed" date="1997-03-20"/>
  </code>
  <code code="C22">
    <editdetail attribution="Reuters BIP Coding Group" action="confirmed" date="1997-03-20"/>
  </code>
  <code code="CCAT">
    <editdetail attribution="Reuters BIP Coding Group" action="confirmed" date="1997-03-20"/>
  </code>
</codes>
<dc element="dc.date.created" value="1997-03-20"/>
<dc element="dc.publisher" value="Reuters Holdings Plc"/>
<dc element="dc.date.published" value="1997-03-20"/>
<dc element="dc.source" value="Reuters"/>
<dc element="dc.creator.location" value="ST. PAUL, Minn."/>
<dc element="dc.creator.location.country.name" value="USA"/>
<dc element="dc.source" value="Reuters"/>
</metadata>
</newsitem>
