<?xml version="1.0" encoding="iso-8859-1" ?>
<newsitem itemid="455174" id="root" date="1997-03-20" xml:lang="en">
<title>USA: Federal Reserve money supply report - March 20.</title>
<headline>Federal Reserve money supply report - March 20.</headline>
<text>
<p>One week ended March 10 (billions dollars)</p>
<p>	 Latest   Change     Prev week  Rvsd from</p>
<p>M-1...1,076.5..down 3.0 vs 1,079.5......1,080.2</p>
<p>M-2...3,875.0..up...4.4 vs 3,870.6......3,871.4</p>
<p>M-3...5,017.5..up...7.7 vs 5,009.8......5,024.5</p>
<p>M2 Avg 4 wks (Vs Wk Ago)...3,870.7..vs..3,867.5</p>
<p>Monthly aggregates (Adjusted avgs in billions)</p>
<p>M-1 (Feb vs Jan)..........1,080.4..vs..1,079.7</p>
<p>M-2 (Feb vs Jan)..........3,866.1..vs..3,849.8</p>
<p>M-3 (Feb vs Jan)..........4,995.8..vs..4,952.7</p>
</text>
<copyright>(c) Reuters Limited 1997</copyright>
<metadata>
<codes class="bip:countries:1.0">
  <code code="USA">
    <editdetail attribution="Reuters BIP Coding Group" action="confirmed" date="1997-03-20"/>
  </code>
</codes>
<codes class="bip:topics:1.0">
  <code code="E12">
    <editdetail attribution="Reuters BIP Coding Group" action="confirmed" date="1997-03-20"/>
  </code>
  <code code="E121">
    <editdetail attribution="Reuters BIP Coding Group" action="confirmed" date="1997-03-20"/>
  </code>
  <code code="ECAT">
    <editdetail attribution="Reuters BIP Coding Group" action="confirmed" date="1997-03-20"/>
  </code>
</codes>
<dc element="dc.publisher" value="Reuters Holdings Plc"/>
<dc element="dc.date.published" value="1997-03-20"/>
<dc element="dc.source" value="Reuters"/>
<dc element="dc.creator.location.country.name" value="USA"/>
<dc element="dc.source" value="Reuters"/>
</metadata>
</newsitem>
