<?xml version="1.0" encoding="iso-8859-1" ?>
<newsitem itemid="455173" id="root" date="1997-03-20" xml:lang="en">
<title>USA: Federal Reserve report 1 (H.3/H.4.1) - March 20.</title>
<headline>Federal Reserve report 1 (H.3/H.4.1) - March 20.</headline>
<text>
<p>Two weeks ended March 12 - daily avgs-millions (H.3)</p>
<p> Free reserves.........rvsd.1,217  vs..rvsd...949</p>
<p> Bank borrowings...............35  vs..........50</p>
<p> Seasonal loans................27  vs..........23</p>
<p> Extended loans...............nil  vs........unch</p>
<p> Excess reserves............1,252  vs.........999</p>
<p> Required reserves (adj)...47,285  vs......47,846</p>
<p> Required reserves.........46,618  vs......46,497</p>
<p> Total reserves............47,870  vs......47,496</p>
<p> Non-borrowed reserves.....47,835  vs......47,446</p>
<p> Monetary base (unadj)....461,681  vs.....459,943</p>
</text>
<copyright>(c) Reuters Limited 1997</copyright>
<metadata>
<codes class="bip:countries:1.0">
  <code code="USA">
    <editdetail attribution="Reuters BIP Coding Group" action="confirmed" date="1997-03-20"/>
  </code>
</codes>
<codes class="bip:topics:1.0">
  <code code="E12">
    <editdetail attribution="Reuters BIP Coding Group" action="confirmed" date="1997-03-20"/>
  </code>
  <code code="E121">
    <editdetail attribution="Reuters BIP Coding Group" action="confirmed" date="1997-03-20"/>
  </code>
  <code code="ECAT">
    <editdetail attribution="Reuters BIP Coding Group" action="confirmed" date="1997-03-20"/>
  </code>
  <code code="M13">
    <editdetail attribution="Reuters BIP Coding Group" action="confirmed" date="1997-03-20"/>
  </code>
  <code code="M131">
    <editdetail attribution="Reuters BIP Coding Group" action="confirmed" date="1997-03-20"/>
  </code>
  <code code="MCAT">
    <editdetail attribution="Reuters BIP Coding Group" action="confirmed" date="1997-03-20"/>
  </code>
</codes>
<dc element="dc.publisher" value="Reuters Holdings Plc"/>
<dc element="dc.date.published" value="1997-03-20"/>
<dc element="dc.source" value="Reuters"/>
<dc element="dc.creator.location.country.name" value="USA"/>
<dc element="dc.source" value="Reuters"/>
</metadata>
</newsitem>
