<?xml version="1.0" encoding="iso-8859-1" ?>
<newsitem itemid="455190" id="root" date="1997-03-20" xml:lang="en">
<title>USA: Union Pacific Resources finds gas in USG.</title>
<headline>Union Pacific Resources finds gas in USG.</headline>
<dateline>FORT WORTH, Texas 1997-03-20</dateline>
<text>
<p>Union Pacific Resources Group Inc announced an offshore natural gas discovery in Ship Shoal block 105 in the central Gulf of Mexico.</p>
<p>The well has five separate productive sands which represent more than 100 feet of net pay. Union Pacific said it is the operator and owns a 58 percent working interest in the well.</p>
<p>Union Pacific plans to spend up to $25 million net to drill as many as three more wells in this area during the third and fourth quarter of this year.</p>
<p>The new wells will be drilled to test additional potentially productive formations which have been identified by 3-D seismic.</p>
<p>At least one of the new wells will be on an adjacent location owned 100 percent by Union Pacific.</p>
<p>Production facilities are expected to be completed by fourth quarter 1997 in order to accommodate the production from the Ship Shoal 105 well and the pending wells.</p>
</text>
<copyright>(c) Reuters Limited 1997</copyright>
<metadata>
<codes class="bip:countries:1.0">
  <code code="USA">
    <editdetail attribution="Reuters BIP Coding Group" action="confirmed" date="1997-03-20"/>
  </code>
</codes>
<codes class="bip:industries:1.0">
  <code code="I13000">
    <editdetail attribution="Reuters BIP Coding Group" action="confirmed" date="1997-03-20"/>
  </code>
  <code code="I1300013">
    <editdetail attribution="Reuters BIP Coding Group" action="confirmed" date="1997-03-20"/>
  </code>
</codes>
<codes class="bip:topics:1.0">
  <code code="C24">
    <editdetail attribution="Reuters BIP Coding Group" action="confirmed" date="1997-03-20"/>
  </code>
  <code code="CCAT">
    <editdetail attribution="Reuters BIP Coding Group" action="confirmed" date="1997-03-20"/>
  </code>
</codes>
<dc element="dc.date.created" value="1997-03-20"/>
<dc element="dc.publisher" value="Reuters Holdings Plc"/>
<dc element="dc.date.published" value="1997-03-20"/>
<dc element="dc.source" value="Reuters"/>
<dc element="dc.creator.location" value="FORT WORTH, Texas"/>
<dc element="dc.creator.location.country.name" value="USA"/>
<dc element="dc.source" value="Reuters"/>
</metadata>
</newsitem>
