<?xml version="1.0" encoding="iso-8859-1" ?>
<newsitem itemid="455161" id="root" date="1997-03-20" xml:lang="en">
<title>CANADA: Bank of Canada sets specials at 3.25 pct - traders.</title>
<headline>Bank of Canada sets specials at 3.25 pct - traders.</headline>
<dateline>TORONTO 1997-03-20</dateline>
<text>
<p>The Bank of Canada on Thursday conducted a round of special purchase and resale agreements in the money markets at 3.25 percent, dealers said.  </p>
<p>The central bank intervened after the call loan or overnight lending rate was bid at 3.25 percent, which is the top of the central bank's 2.75-3.25 percent target range for the rate.</p>
<p>&quot;I just think that someone was holding back on the cash, and someone was left very short, short enough for them to put a bid on the screen at 3.25 percent to get get the bank in,&quot; said a T-bill trader with one bank-owned brokerage.</p>
<p>The trader said a second round of specials was not likely.</p>
<p>The three-month when issued T-bill traded at 3.17 percent in the wake of the intervention.</p>
<p>((Jeffrey Hodgson (416) 941-8105, e-mail: jeffrey.hodgson@reuters.com))</p>
</text>
<copyright>(c) Reuters Limited 1997</copyright>
<metadata>
<codes class="bip:countries:1.0">
  <code code="CANA">
    <editdetail attribution="Reuters BIP Coding Group" action="confirmed" date="1997-03-20"/>
  </code>
</codes>
<codes class="bip:topics:1.0">
  <code code="M13">
    <editdetail attribution="Reuters BIP Coding Group" action="confirmed" date="1997-03-20"/>
  </code>
  <code code="M131">
    <editdetail attribution="Reuters BIP Coding Group" action="confirmed" date="1997-03-20"/>
  </code>
  <code code="MCAT">
    <editdetail attribution="Reuters BIP Coding Group" action="confirmed" date="1997-03-20"/>
  </code>
</codes>
<dc element="dc.date.created" value="1997-03-20"/>
<dc element="dc.publisher" value="Reuters Holdings Plc"/>
<dc element="dc.date.published" value="1997-03-20"/>
<dc element="dc.source" value="Reuters"/>
<dc element="dc.creator.location" value="TORONTO"/>
<dc element="dc.creator.location.country.name" value="CANADA"/>
<dc element="dc.source" value="Reuters"/>
</metadata>
</newsitem>
