<?xml version="1.0" encoding="iso-8859-1" ?>
<newsitem itemid="455181" id="root" date="1997-03-20" xml:lang="en">
<title>USA: RESEARCH ALERT - U.S. Restaurant FFO raised.</title>
<headline>RESEARCH ALERT - U.S. Restaurant FFO raised.</headline>
<text>
<p>--EVEREN Securities Inc said Thursday it increased its 1998 funds from operations estimates on U.S. Restaurant Properties MLP to $2.76 from $2.72.</p>
<p>--It said the increase represents the higher than expected acquisitions year to date which have totaled $58 million.</p>
<p>--EVEREN said its price targets remain $31.50 for the six months and $34 for the 18 months.</p>
<p>--U.S. Restaurant Properties was down 1/8 at 28.</p>
<p>		((Reuters Chicago Newsdesk (312) 408-8787))</p>
</text>
<copyright>(c) Reuters Limited 1997</copyright>
<metadata>
<codes class="bip:countries:1.0">
  <code code="USA">
    <editdetail attribution="Reuters BIP Coding Group" action="confirmed" date="1997-03-20"/>
  </code>
</codes>
<codes class="bip:industries:1.0">
  <code code="I81502">
    <editdetail attribution="Reuters BIP Coding Group" action="confirmed" date="1997-03-20"/>
  </code>
  <code code="I8150206">
    <editdetail attribution="Reuters BIP Coding Group" action="confirmed" date="1997-03-20"/>
  </code>
</codes>
<codes class="bip:topics:1.0">
  <code code="C15">
    <editdetail attribution="Reuters BIP Coding Group" action="confirmed" date="1997-03-20"/>
  </code>
  <code code="C152">
    <editdetail attribution="Reuters BIP Coding Group" action="confirmed" date="1997-03-20"/>
  </code>
  <code code="CCAT">
    <editdetail attribution="Reuters BIP Coding Group" action="confirmed" date="1997-03-20"/>
  </code>
</codes>
<dc element="dc.publisher" value="Reuters Holdings Plc"/>
<dc element="dc.date.published" value="1997-03-20"/>
<dc element="dc.source" value="Reuters"/>
<dc element="dc.creator.location.country.name" value="USA"/>
<dc element="dc.source" value="Reuters"/>
</metadata>
</newsitem>
