<?xml version="1.0" encoding="iso-8859-1" ?>
<newsitem itemid="455154" id="root" date="1997-03-20" xml:lang="en">
<title>CANADA: Delgratia shares plunge on uncertainty.</title>
<headline>Delgratia shares plunge on uncertainty.</headline>
<dateline>TORONTO 1997-03-20</dateline>
<text>
<p>Shares in Delgratia Mining Corp fell sharply on Thursday in Nasdaq trading after partial drill results released on Wednesday raised questions about the value of the small exploration company's Nevada gold project.</p>
<p>Delgratia Chief Financial Officer Eric Lavarack acknowledged that a member of the company's investor relations department was the source of a published report earlier today about investors selling the stock short.</p>
<p>But Lavarack declined to comment on the accuracy of the official's comments and said the company would release a statement later today.</p>
<p>&quot;Our duty now is to publish what the facts are...correct any misperceptions and I'm not going to say that we may not have been guilty of causing these misperceptions.</p>
<p>&quot;A statement that may have been made with enthusiasm and interpreted with even more enthusiasm, and of course caused some distortion there. And if that's the case, the company will apologize or the company will take appropriate measures to correct any statements that might have given cause to be misinterpreted,&quot; Lavarack said in a phone interview.</p>
<p>Analysts said scant information about Delgratia -- which is closely associated with Vancouver promoter Terry Alexander -- added to the uncertainty surrounding the miner.</p>
<p>Delgratia shares fell 16-1/2 to 17-1/8 on 2.8 million shares in afternoon trading.</p>
<p>&quot;I have seen the drill hole results. And I have had a call into the company and it hasn't been returned,&quot; said one analyst, who spoke on condition of anonymity. &quot;Three out of the four drill holes are reasonably good.&quot;</p>
<p>Results from three of the four holes were previously released on February 28 but the analyst said it was too early to judge the project based on the drill results.</p>
<p>&quot;Let's put it this way, as of yesterday's close, you would probably need about 11 million ounces to justify the market cap. Who can tell (how much they have from four drill holes).&quot;</p>
<p>The analyst said few insiders followed the dealings of Delgratia.</p>
<p>&quot;What's the upside for a Canadian analyst to follow this company that doesn't trade in Canada?&quot;</p>
<p>Since January 1, Delgratia's share price had more than quadrupled to 32-3/8.</p>
<p>Delgratia said on Wednesday it elected to increase its interest in the Nevada project to 70 percent from 40 percent based on the drill results.</p>
<p>Delgratia is committed to spend C$15 million on the project and to issue 3 million treasury shares by November 1, 1998, bringing the total outstanding shares to 14.6 million.</p>
</text>
<copyright>(c) Reuters Limited 1997</copyright>
<metadata>
<codes class="bip:countries:1.0">
  <code code="CANA">
    <editdetail attribution="Reuters BIP Coding Group" action="confirmed" date="1997-03-20"/>
  </code>
</codes>
<codes class="bip:industries:1.0">
  <code code="I21000">
    <editdetail attribution="Reuters BIP Coding Group" action="confirmed" date="1997-03-20"/>
  </code>
</codes>
<codes class="bip:topics:1.0">
  <code code="C15">
    <editdetail attribution="Reuters BIP Coding Group" action="confirmed" date="1997-03-20"/>
  </code>
  <code code="C152">
    <editdetail attribution="Reuters BIP Coding Group" action="confirmed" date="1997-03-20"/>
  </code>
  <code code="CCAT">
    <editdetail attribution="Reuters BIP Coding Group" action="confirmed" date="1997-03-20"/>
  </code>
</codes>
<dc element="dc.date.created" value="1997-03-20"/>
<dc element="dc.publisher" value="Reuters Holdings Plc"/>
<dc element="dc.date.published" value="1997-03-20"/>
<dc element="dc.source" value="Reuters"/>
<dc element="dc.creator.location" value="TORONTO"/>
<dc element="dc.creator.location.country.name" value="CANADA"/>
<dc element="dc.source" value="Reuters"/>
</metadata>
</newsitem>
