<?xml version="1.0" encoding="iso-8859-1" ?>
<newsitem itemid="455177" id="root" date="1997-03-20" xml:lang="en">
<title>USA: USDATA CFO Shipowitz expands duties. [CORRECTED 23:30 GMT]</title>
<headline>USDATA CFO Shipowitz expands duties. [CORRECTED 23:30 GMT]</headline>
<dateline>NEW YORK 1997-03-20</dateline>
<text>
<p>USDATA Corp said Thursday its chief financial officer, Jay Shipowitz, had added the title of senior vice president-finance and administration.</p>
<p>(Corrects Shipowitz's new duties)</p>
<p>Shipowitz was named CFO and vice president-finance last July, it said.</p>
<p>USDATA provides computer software to businesses.</p>
</text>
<copyright>(c) Reuters Limited 1997</copyright>
<metadata>
<codes class="bip:countries:1.0">
  <code code="USA">
    <editdetail attribution="Reuters BIP Coding Group" action="confirmed" date="1997-03-20"/>
  </code>
</codes>
<codes class="bip:topics:1.0">
  <code code="C41">
    <editdetail attribution="Reuters BIP Coding Group" action="confirmed" date="1997-03-20"/>
  </code>
  <code code="C411">
    <editdetail attribution="Reuters BIP Coding Group" action="confirmed" date="1997-03-20"/>
  </code>
  <code code="CCAT">
    <editdetail attribution="Reuters BIP Coding Group" action="confirmed" date="1997-03-20"/>
  </code>
</codes>
<dc element="dc.date.created" value="1997-03-20"/>
<dc element="dc.publisher" value="Reuters Holdings Plc"/>
<dc element="dc.date.published" value="1997-03-20"/>
<dc element="dc.source" value="Reuters"/>
<dc element="dc.creator.location" value="NEW YORK"/>
<dc element="dc.creator.location.country.name" value="USA"/>
<dc element="dc.source" value="Reuters"/>
</metadata>
</newsitem>
