<?xml version="1.0" encoding="iso-8859-1" ?>
<newsitem itemid="455180" id="root" date="1997-03-20" xml:lang="en">
<title>USA: RESEARCH ALERT - PageNet rating lowered.</title>
<headline>RESEARCH ALERT - PageNet rating lowered.</headline>
<text>
<p>-- Market sources said Wessels, Arnold &amp; Henderson lowered its rating of Paging Network Inc to a hold from a buy.</p>
<p>-- PageNet shares fell 1-3/8 to 11 in heavy midday trading on Nasdaq.</p>
<p>-- Sources said Wessels was concerned a recent discount in the handset price for the company's newest product, VoiceNow, and the additional number of prepackaged messages available on VoiceNow, may suggest trouble with the company's subscriber growth rate.</p>
<p>-- Wessels, based in Minneapolis, declined to comment.</p>
</text>
<copyright>(c) Reuters Limited 1997</copyright>
<metadata>
<codes class="bip:countries:1.0">
  <code code="USA">
    <editdetail attribution="Reuters BIP Coding Group" action="confirmed" date="1997-03-20"/>
  </code>
</codes>
<codes class="bip:industries:1.0">
  <code code="I79020">
    <editdetail attribution="Reuters BIP Coding Group" action="confirmed" date="1997-03-20"/>
  </code>
</codes>
<codes class="bip:topics:1.0">
  <code code="C15">
    <editdetail attribution="Reuters BIP Coding Group" action="confirmed" date="1997-03-20"/>
  </code>
  <code code="C152">
    <editdetail attribution="Reuters BIP Coding Group" action="confirmed" date="1997-03-20"/>
  </code>
  <code code="CCAT">
    <editdetail attribution="Reuters BIP Coding Group" action="confirmed" date="1997-03-20"/>
  </code>
</codes>
<dc element="dc.publisher" value="Reuters Holdings Plc"/>
<dc element="dc.date.published" value="1997-03-20"/>
<dc element="dc.source" value="Reuters"/>
<dc element="dc.creator.location.country.name" value="USA"/>
<dc element="dc.source" value="Reuters"/>
</metadata>
</newsitem>
