<?xml version="1.0" encoding="iso-8859-1" ?>
<newsitem itemid="455167" id="root" date="1997-03-20" xml:lang="en">
<title>USA: Nasdaq closing most actives - March 20.</title>
<headline>Nasdaq closing most actives - March 20.</headline>
<dateline>NEW YORK</dateline>
<text>
<p>The following were the most active issues in Nasdaq trading Thursday.</p>
<p>  Intel Corp	 13,474,300	 133 1/4    off    1/8</p>
<p>  Cisco Systems    12,738,700	 51 1/8     up     1 1/8</p>
<p>  Ascend Comm	12,239,100	 50 1/4     up     4 1/2</p>
<p>  Microsoft Cp     10,172,800	 96	   off    3/4</p>
<p>  Paging Network    2,160,100	 11 1/8     off    1 1/4</p>
<p>  Applied Matl	  240,900	 45 1/4     off    3/4</p>
<p>  Sun Microsys	6,610,800	 28 3/4     up     2 1/8</p>
<p>  Dell Computer	 149,900	 63 1/2     up     5/8</p>
<p>  Fore Systems	5,953,600	 19 15/16   off    1 7/16</p>
<p>  Adaptec Inc	 5,919,900	 37 3/8     up   3 15/16</p>
<p>Volume:  632,064,000</p>
</text>
<copyright>(c) Reuters Limited 1997</copyright>
<metadata>
<codes class="bip:countries:1.0">
  <code code="USA">
    <editdetail attribution="Reuters BIP Coding Group" action="confirmed" date="1997-03-20"/>
  </code>
</codes>
<codes class="bip:topics:1.0">
  <code code="M11">
    <editdetail attribution="Reuters BIP Coding Group" action="confirmed" date="1997-03-20"/>
  </code>
  <code code="MCAT">
    <editdetail attribution="Reuters BIP Coding Group" action="confirmed" date="1997-03-20"/>
  </code>
</codes>
<dc element="dc.publisher" value="Reuters Holdings Plc"/>
<dc element="dc.date.published" value="1997-03-20"/>
<dc element="dc.source" value="Reuters"/>
<dc element="dc.creator.location" value="NEW YORK"/>
<dc element="dc.creator.location.country.name" value="USA"/>
<dc element="dc.source" value="Reuters"/>
</metadata>
</newsitem>
