<?xml version="1.0" encoding="iso-8859-1" ?>
<newsitem itemid="455153" id="root" date="1997-03-20" xml:lang="en">
<title>CANADA: Canadian key economic indicators.</title>
<headline>Canadian key economic indicators.</headline>
<text>
<p>INDICATOR		    PERIOD  LATEST  PREV1  PREV2  NEXT</p>
<p>UNEMPLOYMENT	     PCT  Feb     9.7     9.7     9.7  04/04</p>
<p>EMPLOYMENT GROWTH	THD  Jan     -18     +5	+34  04/04</p>
<p>CPI (MONTHLY, S/ADJ)   PCT  Jan    +0.1    +0.2    +0.3  03/21</p>
<p>CPI (MONTHLY, UNADJ)   PCT  Jan     0.2     0.0     0.4  03/21</p>
<p>CPI (ALL ITEMS, YR/YR) PCT  Jan    +2.2    +2.3    +2.0  03/21</p>
<p>CPI (EX-FOOD/ENER)     PCT  Jan     1.8    +1.8    +1.4  03/21</p>
<p>MERCH TRADE BALANCE    BLN  Jan  +C$2.10 +C$2.84 +C$1.82 04/17</p>
<p>MERCH IMPORTS (S/ADJ)  BLN  Dec  C$21.40 C$19.96 C$20.57 04/17</p>
<p>MERCH EXPORTS (S/ADJ)  BLN  Dec  C$23.49 C$22.79 C$22.39 04/17</p>
<p>CURR ACCT(SA QUARTERLY)BLN  Q1   -C$1.70 +C$0.55 +C$1.15 06/02</p>
<p>   INDICATOR		    PERIOD  LATEST  PREV1  PREV2  NEXT</p>
<p>GDP (MONTHLY)	    PCT   Dec    -0.2   +0.5   +0.3   03/27</p>
<p>GDP (QUARTERLY)	  PCT   Q4     +0.7   +0.8   +0.3   03/27</p>
<p>GDP PRICE DEFLATOR     PCT   Q4     +0.6   +0.7   +0.5   03/27</p>
<p>INDUSTRIAL PRICES	PCT   Jan    -0.2   +0.4   -0.2   03/26</p>
<p>RAW MATERIALS PRICES   PCT   Jan    +0.1   +1.3   +2.4   03/26</p>
<p>BUDGET DEF (MONTHLY)   BLN   Jan   C$1.415  VS   C$1.859   N/A</p>
<p>BUDGET DEF (YR-DATE)   BLN   10MO  C$7.34   VS   C$20.97   N/A</p>
<p>HOUSING STARTS (ANNUALIZED)  Feb 158,900 145,000 134,500 04/08</p>
<p>HOUSING STARTS (ANNUALIZED)  Q4  129,300 128,800 138,200 04/24</p>
<p>BUILDING PERMITS	 PCT   Jan    +8.5   -4.6   +3.5   04/07</p>
<p>  INDICATOR		    PERIOD  LATEST  PREV1  PREV2  NEXT</p>
<p>COMPOS LEADING INDIC   PCT   Feb   +1.0    +1.0   +0.9   04/22</p>
<p>MANUFAC SHIPMENTS	PCT   Jan   +2.2    -0.6   +3.2   04/16</p>
<p>MANUF UNFILLED ORDERS  PCT   Jan   +3.0    +0.9   -0.8   04/16</p>
<p>MANUF NEW ORDERS	 PCT   Jan   +4.3    +1.0   +2.2   04/16</p>
<p>INVENTORIES/SHIPMENTS RATIO  Jan   1.29    1.33   1.32   04/16</p>
<p>CAPACITY UTILIZATION   PCT   Q4    84.8    84.1   82.7   06/09</p>
<p>HELP WANTED INDEX	PCT   Jan    97	96	93   04/03</p>
<p>WAGE SETTLEMENTS	 PCT   Jan   +1.3    +0.7    +1.9  04/15</p>
<p>INDICATOR			 PERIOD  LATEST  PREV1  PREV2  NEXT</p>
<p>NEW MOTOR VEHICLE SALES  PCT  Jan    -6.3   +5.1  +0.5   04/09</p>
<p>AVG WEEKLY EARNINGS Y/Y  PCT  Dec    +2.7   +3.1  +3.0   03/27</p>
<p>RETAIL SALES		 PCT  Jan    +1.4   -0.3  +0.9   04/22</p>
<p>WHOLESALE TRADE M/M	PCT  Jan     1.4    0.0  -0.7   04/21</p>
<p>NEW HOUSING PRICE Y/Y    PCT  Jan    -0.6   -0.9  -1.0   04/09</p>
<p>((Reuters Ottawa Bureau (613) 235-6745))</p>
</text>
<copyright>(c) Reuters Limited 1997</copyright>
<metadata>
<codes class="bip:countries:1.0">
  <code code="CANA">
    <editdetail attribution="Reuters BIP Coding Group" action="confirmed" date="1997-03-20"/>
  </code>
</codes>
<codes class="bip:topics:1.0">
  <code code="E71">
    <editdetail attribution="Reuters BIP Coding Group" action="confirmed" date="1997-03-20"/>
  </code>
  <code code="ECAT">
    <editdetail attribution="Reuters BIP Coding Group" action="confirmed" date="1997-03-20"/>
  </code>
</codes>
<dc element="dc.publisher" value="Reuters Holdings Plc"/>
<dc element="dc.date.published" value="1997-03-20"/>
<dc element="dc.source" value="Reuters"/>
<dc element="dc.creator.location.country.name" value="CANADA"/>
<dc element="dc.source" value="Reuters"/>
</metadata>
</newsitem>
