<?xml version="1.0" encoding="iso-8859-1" ?>
<newsitem itemid="455158" id="root" date="1997-03-20" xml:lang="en">
<title>CANADA: Martin says Canada on track to meet program cuts.</title>
<headline>Martin says Canada on track to meet program cuts.</headline>
<dateline>OTTAWA 1997-03-20</dateline>
<text>
<p>The federal government is on track to meet cuts in program spending as set out in the 1995 budget, Finance Minister Paul Martin and Treasury Board President Marcel Masse said on Thursday.</p>
<p>&quot;The government has bettered its deficit targets for three consecutive years and reductions to government program spending will be delivered on time and on target,&quot; they said in a statement.  </p>
<p>The statement said departmental spending subject to Program Review -- that process by which the Liberal government slashed nearly every department's programs in an effort to bring down the overall budget deficit -- would fall to C$44.99 billion in 1997-98 from C$51.72 billion in 1994-95.</p>
<p>In fact, Martin's budget in February 1995 had forecast that that would fall to C$42.09 billion in 1997-98.</p>
<p>&quot;The difference between the 1995 budget and the current number is largely explained by the C$1.4 billion in new spending initiatives announced over the past two years and C$820 million in framework adjustments,&quot; the statement said.  </p>
<p>&quot;This leaves a residual amount of C$655 million which, based on recent experience, could be more than off-set by the 'lapse' in departmental spending,&quot; the statement continued.</p>
<p>Delineating the C$1.42 billion in new spending, it listed C$425 million for infrastructure, C$145 million for jobs and youth, C$228 million for national revenue enforcement and C$141 million for anti-smuggling initiative/firearms.</p>
<p>Overall departmental spending is planned to decline to C$50.23 billion in 1997-98 -- the year starts April 1 -- from C$55.86 billion in 1994-95.</p>
<p>The statement subtracts from that figure spending not subject to Program Review -- spending that is supposed to rise to C$5.24 billion in 1997-98 from C$4.14 billion in 1994-95 -- in order to arrive at the spending subject to Program Review.</p>
<p>&quot;By bettering its deficit targets over the past the past three years the government has been able to invest in key priority areas for Canadians,&quot; the statement said.</p>
<p>&quot;The 1995-96 deficit target of C$28.6 billion was bettered by C$4.1 billion, which included C$800 million in spending initiatives. The 1996-97 deficit will not be any higher than C$19.0 billion -- C$5.3 billion lower than the original deficit target of C$24.3 billion. The 1997 budget included C$1.0 billion in spending initiatives for 1997-98.&quot;</p>
<p>((Randall Palmer, Reuters Ottawa Bureau 613-235-6745))</p>
</text>
<copyright>(c) Reuters Limited 1997</copyright>
<metadata>
<codes class="bip:countries:1.0">
  <code code="CANA">
    <editdetail attribution="Reuters BIP Coding Group" action="confirmed" date="1997-03-20"/>
  </code>
</codes>
<codes class="bip:topics:1.0">
  <code code="E21">
    <editdetail attribution="Reuters BIP Coding Group" action="confirmed" date="1997-03-20"/>
  </code>
  <code code="E211">
    <editdetail attribution="Reuters BIP Coding Group" action="confirmed" date="1997-03-20"/>
  </code>
  <code code="ECAT">
    <editdetail attribution="Reuters BIP Coding Group" action="confirmed" date="1997-03-20"/>
  </code>
</codes>
<dc element="dc.date.created" value="1997-03-20"/>
<dc element="dc.publisher" value="Reuters Holdings Plc"/>
<dc element="dc.date.published" value="1997-03-20"/>
<dc element="dc.source" value="Reuters"/>
<dc element="dc.creator.location" value="OTTAWA"/>
<dc element="dc.creator.location.country.name" value="CANADA"/>
<dc element="dc.source" value="Reuters"/>
</metadata>
</newsitem>
