<?xml version="1.0" encoding="iso-8859-1" ?>
<newsitem itemid="455172" id="root" date="1997-03-20" xml:lang="en">
<title>USA: Federal Reserve report 2 (H.3/H.4.1)- March 20.</title>
<headline>Federal Reserve report 2 (H.3/H.4.1)- March 20.</headline>
<text>
<p>Two Weeks Ended March 19 - daily avgs-millions</p>
<p> Total Vault Cash.............42,836 vs........41,948</p>
<p> Inc Cash Equal to Req Res....36,492 vs........35,676</p>
<p>One Week Ended  March 19 (H.4.1)</p>
<p> Bank Borrowings.................334 up...........306</p>
<p> Seasonal Loans...................35 up.............9</p>
<p> Extended Loans..................nil ............unch</p>
<p> Float...........................529 up............79</p>
<p> Balances/Adjustments..........7,033 down .........72</p>
<p> Currency....................443,573 up............66</p>
<p> Treasury Deposits.............7,479 up.. ......2,310</p>
</text>
<copyright>(c) Reuters Limited 1997</copyright>
<metadata>
<codes class="bip:countries:1.0">
  <code code="USA">
    <editdetail attribution="Reuters BIP Coding Group" action="confirmed" date="1997-03-20"/>
  </code>
</codes>
<codes class="bip:topics:1.0">
  <code code="E12">
    <editdetail attribution="Reuters BIP Coding Group" action="confirmed" date="1997-03-20"/>
  </code>
  <code code="E121">
    <editdetail attribution="Reuters BIP Coding Group" action="confirmed" date="1997-03-20"/>
  </code>
  <code code="E51">
    <editdetail attribution="Reuters BIP Coding Group" action="confirmed" date="1997-03-20"/>
  </code>
  <code code="E513">
    <editdetail attribution="Reuters BIP Coding Group" action="confirmed" date="1997-03-20"/>
  </code>
  <code code="ECAT">
    <editdetail attribution="Reuters BIP Coding Group" action="confirmed" date="1997-03-20"/>
  </code>
</codes>
<dc element="dc.publisher" value="Reuters Holdings Plc"/>
<dc element="dc.date.published" value="1997-03-20"/>
<dc element="dc.source" value="Reuters"/>
<dc element="dc.creator.location.country.name" value="USA"/>
<dc element="dc.source" value="Reuters"/>
</metadata>
</newsitem>
