<?xml version="1.0" encoding="iso-8859-1" ?>
<newsitem itemid="455196" id="root" date="1997-03-20" xml:lang="en">
<title>USA: CapMAC sees Q1 EPS at $0.30 to $0.33/shr.</title>
<headline>CapMAC sees Q1 EPS at $0.30 to $0.33/shr.</headline>
<dateline>NEW YORK 1997-03-20</dateline>
<text>
<p>CapMAC Holdings Inc on Thursday said its first-quarter operating earnings would range between $0.30 and $0.33 per share on a fully diluted basis.</p>
<p>The company in a statement said its expected results were &quot;lower than some expectations and less than the prior year's first quarter.&quot;</p>
<p>The company said the results came on lower advisory and other fees for the quarter.</p>
<p>The company also said it expected to take a non-operating charge of between $3.5 million and $4.0 million to its earnings to write down its remaining $9.0 million investment in TMG Group. The write-off will be partially offset by $2 million of securities gains realized on the company's portfolio, the company said.</p>
<p>TMG Group is derivatives subsidiary of the Mutual Life Group of Canada. CapMac Holdings is minority investor in TMG.</p>
<p>The net effect will reduce the company's first-quarter fully diluted non-operating earnings by about $0.06 per share, the company said.</p>
</text>
<copyright>(c) Reuters Limited 1997</copyright>
<metadata>
<codes class="bip:countries:1.0">
  <code code="USA">
    <editdetail attribution="Reuters BIP Coding Group" action="confirmed" date="1997-03-20"/>
  </code>
</codes>
<codes class="bip:industries:1.0">
  <code code="I82003">
    <editdetail attribution="Reuters BIP Coding Group" action="confirmed" date="1997-03-20"/>
  </code>
</codes>
<codes class="bip:topics:1.0">
  <code code="C15">
    <editdetail attribution="Reuters BIP Coding Group" action="confirmed" date="1997-03-20"/>
  </code>
  <code code="C152">
    <editdetail attribution="Reuters BIP Coding Group" action="confirmed" date="1997-03-20"/>
  </code>
  <code code="CCAT">
    <editdetail attribution="Reuters BIP Coding Group" action="confirmed" date="1997-03-20"/>
  </code>
</codes>
<dc element="dc.date.created" value="1997-03-20"/>
<dc element="dc.publisher" value="Reuters Holdings Plc"/>
<dc element="dc.date.published" value="1997-03-20"/>
<dc element="dc.source" value="Reuters"/>
<dc element="dc.creator.location" value="NEW YORK"/>
<dc element="dc.creator.location.country.name" value="USA"/>
<dc element="dc.source" value="Reuters"/>
</metadata>
</newsitem>
