<?xml version="1.0" encoding="iso-8859-1" ?>
<newsitem itemid="455155" id="root" date="1997-03-20" xml:lang="en">
<title>CANADA: PacFor, Avenor to seek buyers.</title>
<headline>PacFor, Avenor to seek buyers.</headline>
<dateline>MONTREAL 1997-03-20</dateline>
<text>
<p>Pacific Forest Products Ltd and Avenor Inc said on Thursday they have agreed to undertake a search for potential buyers of all of Pacific's common shares.</p>
<p>The companies said in a statement that they are also considering creating a timberland income fund to maximize shareholder value.  </p>
<p>Avenor currently owns approximately 53 percent of Pacific's outstanding common shares. The remaining shares are held by independent investors, the statement said.</p>
<p>The agreement follows Avenor's announcement on January 28 that it intends to focus on core businesses and proceed with the divestiture of its assets in British Columbia in connection with the proposed acquisition of Repap Enterprises Inc.</p>
<p>A special committee of Pacific's board -- made up of two Avenor representatives and two independent members of the board -- has been formed to oversee the process.  </p>
<p>The board has retained RBC Dominion Securities Inc as financial advisors in connection with the transaction, the statement said.</p>
<p>British Columbia-based Pacific Forest owns and operates three sawmills on Vancouver Island with an annual capacity of 700,000 cubic metres of lumber and 500,000 cubic metres of woodchips.</p>
<p>Located in coastal British Columbia, Pacific's forest resources include 125,000 hectares of privately-owned timberlands and Crown timber tenures which provide an aggregate annual harvest of 2.5 million cubic metres.</p>
</text>
<copyright>(c) Reuters Limited 1997</copyright>
<metadata>
<codes class="bip:countries:1.0">
  <code code="CANA">
    <editdetail attribution="Reuters BIP Coding Group" action="confirmed" date="1997-03-20"/>
  </code>
</codes>
<codes class="bip:industries:1.0">
  <code code="I02000">
    <editdetail attribution="Reuters BIP Coding Group" action="confirmed" date="1997-03-20"/>
  </code>
  <code code="I47100">
    <editdetail attribution="Reuters BIP Coding Group" action="confirmed" date="1997-03-20"/>
  </code>
</codes>
<codes class="bip:topics:1.0">
  <code code="C18">
    <editdetail attribution="Reuters BIP Coding Group" action="confirmed" date="1997-03-20"/>
  </code>
  <code code="C181">
    <editdetail attribution="Reuters BIP Coding Group" action="confirmed" date="1997-03-20"/>
  </code>
  <code code="CCAT">
    <editdetail attribution="Reuters BIP Coding Group" action="confirmed" date="1997-03-20"/>
  </code>
</codes>
<dc element="dc.date.created" value="1997-03-20"/>
<dc element="dc.publisher" value="Reuters Holdings Plc"/>
<dc element="dc.date.published" value="1997-03-20"/>
<dc element="dc.source" value="Reuters"/>
<dc element="dc.creator.location" value="MONTREAL"/>
<dc element="dc.creator.location.country.name" value="CANADA"/>
<dc element="dc.source" value="Reuters"/>
</metadata>
</newsitem>
