<?xml version="1.0" encoding="iso-8859-1" ?>
<newsitem itemid="455157" id="root" date="1997-03-20" xml:lang="en">
<title>CANADA: TrizecHahn to develop Las Vegas complex.</title>
<headline>TrizecHahn to develop Las Vegas complex.</headline>
<dateline>TORONTO 1997-03-20</dateline>
<text>
<p>TrizecHahn Corp on Thursday said it had signed an agreement to develop a 450,000 square foot retail and entertainment complex in Las Vegas.</p>
<p>The value of the deal was not disclosed.</p>
<p>The new complex is part of the overall redevelopment of the Aladdin Hotel and Casino. TrizecHahn said it signed the agreement with Aladdin Holdings LLC, which is controlled by the Sommer family of Las Vegas and New York.  </p>
<p>The new shopping center is part of the overal l redevelopment of the Aladdin Hotel and Casino. TrizecHahn said it signed the agreement with Aladdin Holdings LLC, which is controlled by the Sommer family of Las Vegas and New York.</p>
<p>The new complex will be known as the Aladdin Shopping Center and will be designed to complement the overall theme of the redeveloped hotel and casino. TrizecHahn's retail division, TrizecHahn Centers will develop, lease and operate the new mall.</p>
<p>TrizecHahn spokeswoman Laurie Ludwick told Reuters the project cost of the retail complex will be about US$200 million, while the cost of the overall Aladdin redevelopment including the shopping center will be about US$600 million.</p>
<p>The company said it expects the redevelopment of the Aladdin and the construction of the retail center to begin later this year, with the center scheduled to open in 1999.</p>
<p>TrizecHahn executive vice president Lee Wagman said in a statement that the center will be well located on the Las Vegas Strip and will benefit from a huge volume of pedestrian and automobile traffic.</p>
<p>Based in Toronto, TrizecHahn is one of North America's largest publicly traded real estate companies. The company's shares were down C$0.10 to C$30.80 in midafternoon trading on the Toronto Stock Exchange.</p>
<p>((Jeffrey Hodgson (416) 941-8105, e-mail: jeffrey.hodgson@reuters.com))</p>
</text>
<copyright>(c) Reuters Limited 1997</copyright>
<metadata>
<codes class="bip:countries:1.0">
  <code code="CANA">
    <editdetail attribution="Reuters BIP Coding Group" action="confirmed" date="1997-03-20"/>
  </code>
  <code code="USA">
    <editdetail attribution="Reuters BIP Coding Group" action="confirmed" date="1997-03-20"/>
  </code>
</codes>
<codes class="bip:industries:1.0">
  <code code="I21000">
    <editdetail attribution="Reuters BIP Coding Group" action="confirmed" date="1997-03-20"/>
  </code>
</codes>
<codes class="bip:topics:1.0">
  <code code="C24">
    <editdetail attribution="Reuters BIP Coding Group" action="confirmed" date="1997-03-20"/>
  </code>
  <code code="CCAT">
    <editdetail attribution="Reuters BIP Coding Group" action="confirmed" date="1997-03-20"/>
  </code>
</codes>
<dc element="dc.date.created" value="1997-03-20"/>
<dc element="dc.publisher" value="Reuters Holdings Plc"/>
<dc element="dc.date.published" value="1997-03-20"/>
<dc element="dc.source" value="Reuters"/>
<dc element="dc.creator.location" value="TORONTO"/>
<dc element="dc.creator.location.country.name" value="CANADA"/>
<dc element="dc.source" value="Reuters"/>
</metadata>
</newsitem>
