<?xml version="1.0" encoding="iso-8859-1" ?>
<newsitem itemid="455182" id="root" date="1997-03-20" xml:lang="en">
<title>USA: RESEARCH ALERT-Pep Boys at outperform.</title>
<headline>RESEARCH ALERT-Pep Boys at outperform.</headline>
<text>
<p>--EVEREN Securities Inc said Thursday it reiterated its outperform rating on Pep Boys -- Manny, Moe &amp; Jack and its price targets of $41 for the six months and $45 for the 18 months.</p>
<p>--EVEREN repeated its FY98 earnings per share estimate of $1.98 and established a FY99 EPS projection of $2.40.</p>
<p>--&quot;Although our FY98 estimate is at the high end of analysts' estimates, we believe earnings estimates will move higher over the next several months,&quot; said analyst Beth Richard in a report.</p>
<p>--Pep Boys was off 1/4 at 31-3/4.</p>
<p>((Reuters Chicago Newsdesk (312) 408-8787))</p>
</text>
<copyright>(c) Reuters Limited 1997</copyright>
<metadata>
<codes class="bip:countries:1.0">
  <code code="USA">
    <editdetail attribution="Reuters BIP Coding Group" action="confirmed" date="1997-03-20"/>
  </code>
</codes>
<codes class="bip:industries:1.0">
  <code code="I65400">
    <editdetail attribution="Reuters BIP Coding Group" action="confirmed" date="1997-03-20"/>
  </code>
</codes>
<codes class="bip:topics:1.0">
  <code code="C15">
    <editdetail attribution="Reuters BIP Coding Group" action="confirmed" date="1997-03-20"/>
  </code>
  <code code="C152">
    <editdetail attribution="Reuters BIP Coding Group" action="confirmed" date="1997-03-20"/>
  </code>
  <code code="CCAT">
    <editdetail attribution="Reuters BIP Coding Group" action="confirmed" date="1997-03-20"/>
  </code>
</codes>
<dc element="dc.publisher" value="Reuters Holdings Plc"/>
<dc element="dc.date.published" value="1997-03-20"/>
<dc element="dc.source" value="Reuters"/>
<dc element="dc.creator.location.country.name" value="USA"/>
<dc element="dc.source" value="Reuters"/>
</metadata>
</newsitem>
