<?xml version="1.0" encoding="iso-8859-1" ?>
<newsitem itemid="455166" id="root" date="1997-03-20" xml:lang="en">
<title>USA: FULL TEXT - Delta in Boeing order.</title>
<headline>FULL TEXT - Delta in Boeing order.</headline>
<text>
<p>Delta Air Lines Inc signed an exclusive supply pact with Boeing Co that will cover its aircraft acquisition needs for the next 20 to 25 years.</p>
<p>The Atlanta-based carrier said it ordered 106 Boeing aircraft and has options for 124 more in a deal valued at $15 billion.</p>
<p>The plan also includes &quot;rolling options&quot; for 414 aircraft, bringing the potential deal to 644 planes.</p>
<p>A full text of the press release follows.</p>
<p>-----------------Full Text---------------------------------------</p>
<p>SEATTLE, March 20 /PRNewswire/ -- Boeing Commercial Airplane Group today confirmed that Delta Air Lines intends to order 106 Boeing jetliners as part of a &quot;flexible and disciplined&quot; airplane fleet acquisition plan spanning the next two decades.</p>
<p>Delta placed orders for 10 of the popular Boeing 767-300ER (extended range) airplanes and five of the efficient 757-200 twinjets.  In addition, the airline placed 70 orders for the Next-Generation 737 family of jetliners and 21 orders for the 767-400ERX.  The total order is valued at about $6.7 billion. This does not include the value of options and &quot;rolling options&quot; Delta also has placed.</p>
<p>&quot;We are delighted that Delta chose Boeing for its future fleet,&quot; said Ron Woodard, president of Boeing Commercial Airplane Group.  &quot;We are looking forward to continuing to strengthen our 30-year relationship well into the next century.&quot;</p>
<p>In ordering the 767-400ERX, a stretch version of the 767-300ER, Delta becomes the first customer for the newest member of  the 767 family.  &quot;Boeing is proud that this order will 'kick-off' the program,&quot; said Woodard, adding that a review is expected at the next Boeing board of directors meeting to formalize a launch of the program.</p>
<p>Deliveries of Delta's airplanes are scheduled to begin with a Boeing 757 as soon as April 1998.  Delta's first Next-Generation 737 delivery is targeted for August 1998.  The first 767-400ERX is scheduled to be delivered in mid-2000.  Deliveries of all the airplanes ordered today will extend through the year 2006.  If all options and rolling options are exercised, deliveries would extend to 2018.</p>
<p>&quot;This flexible and disciplined fleet acquisition plan gives us the right aircraft at the right time at the right price to build on Delta's competitive advantages as we put our global strategy in place,&quot; said Ronald W. Allen, Delta chairman, president and chief executive officer.</p>
<p>Since Boeing announced the launch of the latest members of the Boeing 737 family -- the 737-600/-700/-800 models -- they have outsold all others in their market segment.  Today's order brings the Next-Generation 737 total to 605 airplanes.</p>
<p>The Boeing 757-200 is a twin-engine, medium-to-long-range jetliner incorporating advanced technology for exceptional fuel efficiency, low noise levels, increased passenger comfort and top operating performance.  Delta holds the distinction of taking delivery of the 500th Boeing 757 in 1992. The twin-aisle Boeing 767-300ER provides airlines with a profitable, comfortable airliner sized between the standard-body Boeing 757 and the larger Boeing 777.  The 767-400ERX will allow airlines to serve the medium-size market, with seating for 200 to 400 passengers on transcontinental routes. Its performance, excellent operating economics and family ties to the 757/767 fleet give operators a strategic advantage in this complex, but growing market.  The 767-400ERX is expected to replace older tri-engined airplanes and accommodate growth in markets requiring less capacity than the 777-200.</p>
</text>
<copyright>(c) Reuters Limited 1997</copyright>
<metadata>
<codes class="bip:countries:1.0">
  <code code="USA">
    <editdetail attribution="Reuters BIP Coding Group" action="confirmed" date="1997-03-20"/>
  </code>
</codes>
<codes class="bip:industries:1.0">
  <code code="I36400">
    <editdetail attribution="Reuters BIP Coding Group" action="confirmed" date="1997-03-20"/>
  </code>
  <code code="I3640010">
    <editdetail attribution="Reuters BIP Coding Group" action="confirmed" date="1997-03-20"/>
  </code>
  <code code="I75000">
    <editdetail attribution="Reuters BIP Coding Group" action="confirmed" date="1997-03-20"/>
  </code>
</codes>
<codes class="bip:topics:1.0">
  <code code="C33">
    <editdetail attribution="Reuters BIP Coding Group" action="confirmed" date="1997-03-20"/>
  </code>
  <code code="CCAT">
    <editdetail attribution="Reuters BIP Coding Group" action="confirmed" date="1997-03-20"/>
  </code>
</codes>
<dc element="dc.publisher" value="Reuters Holdings Plc"/>
<dc element="dc.date.published" value="1997-03-20"/>
<dc element="dc.source" value="Reuters"/>
<dc element="dc.creator.location.country.name" value="USA"/>
<dc element="dc.source" value="Reuters"/>
</metadata>
</newsitem>
