<?xml version="1.0" encoding="iso-8859-1" ?>
<newsitem itemid="455188" id="root" date="1997-03-20" xml:lang="en">
<title>USA: Integrated Process gets $13.5 mln orders.</title>
<headline>Integrated Process gets $13.5 mln orders.</headline>
<dateline>SAN JOSE, Calif. 1997-03-20</dateline>
<text>
<p>Integrated Process Equipment Corp said on Thursday the company recently received multiple orders totaling more than $13.5 million from major customers in the United States, Europe and Asia for its planarization systems used in the manufacture of semiconductors.</p>
<p>It said the orders were received from Dynamic Random Access Memory and microprocessor manufacturers.</p>
<p>The equipment will be used for both metal and oxide planarization applications, the company said.</p>
</text>
<copyright>(c) Reuters Limited 1997</copyright>
<metadata>
<codes class="bip:countries:1.0">
  <code code="USA">
    <editdetail attribution="Reuters BIP Coding Group" action="confirmed" date="1997-03-20"/>
  </code>
</codes>
<codes class="bip:industries:1.0">
  <code code="I34531">
    <editdetail attribution="Reuters BIP Coding Group" action="confirmed" date="1997-03-20"/>
  </code>
</codes>
<codes class="bip:topics:1.0">
  <code code="C33">
    <editdetail attribution="Reuters BIP Coding Group" action="confirmed" date="1997-03-20"/>
  </code>
  <code code="CCAT">
    <editdetail attribution="Reuters BIP Coding Group" action="confirmed" date="1997-03-20"/>
  </code>
</codes>
<dc element="dc.date.created" value="1997-03-20"/>
<dc element="dc.publisher" value="Reuters Holdings Plc"/>
<dc element="dc.date.published" value="1997-03-20"/>
<dc element="dc.source" value="Reuters"/>
<dc element="dc.creator.location" value="SAN JOSE, Calif."/>
<dc element="dc.creator.location.country.name" value="USA"/>
<dc element="dc.source" value="Reuters"/>
</metadata>
</newsitem>
