<?xml version="1.0" encoding="iso-8859-1" ?>
<newsitem itemid="455205" id="root" date="1997-03-20" xml:lang="en">
<title>USA: Outback says Q1 earnings below expectations.</title>
<headline>Outback says Q1 earnings below expectations.</headline>
<dateline>TAMPA, Fla. 1997-03-20</dateline>
<text>
<p>Outback Steakhouse Inc said Thursday it expects earnings for the quarter ending March 31 to fall short of analysts' expectations of $0.40 to $0.41 per share by ten to twelve percent.</p>
<p>The shortfall, said the company, can be attributed to soft sales in February and to date in March in the Outback Steakhouse concept.</p>
<p>Comparable store sales were down 3.2 percent in February (4.8 percent before adjusting for leap year in 1996) and are running between three and four percent lower in March after being up 3.1 percent in January.</p>
<p>The company said results have also been impacted by a two percent decline in per-person averages and soft sales throughout the state of Florida. An unusally mild winter in the North this year kept levels of tourists and other vacationers to the Sunshine State below usual seasonal levels, the company said.</p>
<p>The company attributed the decline in per person averages to the recent addition of entree salads, hamburgers and sandwiches to the dinner menu, which the company said has resulted in lower customer expenditures.</p>
<p>The company also said that while a television advertising for its Carrabba's units  has not contributed to the profitability of the company in the first quarter, it is encouraged by the results in the advertising campaign and expect a more positive result.</p>
</text>
<copyright>(c) Reuters Limited 1997</copyright>
<metadata>
<codes class="bip:countries:1.0">
  <code code="USA">
    <editdetail attribution="Reuters BIP Coding Group" action="confirmed" date="1997-03-20"/>
  </code>
</codes>
<codes class="bip:industries:1.0">
  <code code="I66100">
    <editdetail attribution="Reuters BIP Coding Group" action="confirmed" date="1997-03-20"/>
  </code>
</codes>
<codes class="bip:topics:1.0">
  <code code="C15">
    <editdetail attribution="Reuters BIP Coding Group" action="confirmed" date="1997-03-20"/>
  </code>
  <code code="C152">
    <editdetail attribution="Reuters BIP Coding Group" action="confirmed" date="1997-03-20"/>
  </code>
  <code code="CCAT">
    <editdetail attribution="Reuters BIP Coding Group" action="confirmed" date="1997-03-20"/>
  </code>
</codes>
<dc element="dc.date.created" value="1997-03-20"/>
<dc element="dc.publisher" value="Reuters Holdings Plc"/>
<dc element="dc.date.published" value="1997-03-20"/>
<dc element="dc.source" value="Reuters"/>
<dc element="dc.creator.location" value="TAMPA, Fla."/>
<dc element="dc.creator.location.country.name" value="USA"/>
<dc element="dc.source" value="Reuters"/>
</metadata>
</newsitem>
