<?xml version="1.0" encoding="iso-8859-1" ?>
<newsitem itemid="455211" id="root" date="1997-03-20" xml:lang="en">
<title>USA: Grist Mill sees further efficiency gains.</title>
<headline>Grist Mill sees further efficiency gains.</headline>
<dateline>LAKEVILLE, Minn. 1997-03-20</dateline>
<text>
<p>Grist Mill Co said Thursday it made progress in the fiscal third quarter to lower costs and expects to see gradual improvements in production efficiencies in the future.</p>
<p>Earlier, Grist Mill reported third quarter earnings of $0.08 a share, even with a year ago. For the nine-month period, earnings were $0.24 a share, down from $0.36 last year.</p>
<p>Grist Mill makes store brand and value-priced branded food products, including ready-to-eat cereals, fruit snacks, granola and other snack bars, and pie crusts.</p>
<p>&quot;Our primary focus continues to be on the growth of our store brand grocery business,&quot; Glen Bolander, chief executive officer, said in a statement. &quot;Sales in this area have grown 40 percent over the prior year reflecting our fast growing ready-to-eat cereal (up 52 percent) and wholesome snack bar (up 66 percent) businesses.&quot;</p>
<p>Contract manufacturing sales, reflecting product made on behalf of a customer, declined 17 percent form the previous year. Bolander said Grist Mill's largest contract customer, which was not named, reduced its orders.</p>
<p>((Reuters Chicago Newsdesk (312) 408-8787))</p>
</text>
<copyright>(c) Reuters Limited 1997</copyright>
<metadata>
<codes class="bip:countries:1.0">
  <code code="USA">
    <editdetail attribution="Reuters BIP Coding Group" action="confirmed" date="1997-03-20"/>
  </code>
</codes>
<codes class="bip:industries:1.0">
  <code code="I41000">
    <editdetail attribution="Reuters BIP Coding Group" action="confirmed" date="1997-03-20"/>
  </code>
</codes>
<codes class="bip:topics:1.0">
  <code code="C15">
    <editdetail attribution="Reuters BIP Coding Group" action="confirmed" date="1997-03-20"/>
  </code>
  <code code="C152">
    <editdetail attribution="Reuters BIP Coding Group" action="confirmed" date="1997-03-20"/>
  </code>
  <code code="CCAT">
    <editdetail attribution="Reuters BIP Coding Group" action="confirmed" date="1997-03-20"/>
  </code>
</codes>
<dc element="dc.date.created" value="1997-03-20"/>
<dc element="dc.publisher" value="Reuters Holdings Plc"/>
<dc element="dc.date.published" value="1997-03-20"/>
<dc element="dc.source" value="Reuters"/>
<dc element="dc.creator.location" value="LAKEVILLE, Minn."/>
<dc element="dc.creator.location.country.name" value="USA"/>
<dc element="dc.source" value="Reuters"/>
</metadata>
</newsitem>
