<?xml version="1.0" encoding="iso-8859-1" ?>
<newsitem itemid="455263" id="root" date="1997-03-20" xml:lang="en">
<title>USA: Delta places $800 million engine order.</title>
<headline>Delta places $800 million engine order.</headline>
<dateline>EVENDALE, Ohio 1997-03-20</dateline>
<text>
<p>Delta Air Lines said it has placed an $800 million order with CFM International for CFM56-7 engines to power 70 Boeing Next-Generation 737 aircraft scheduled to begin delivery in mid-1998.</p>
<p>CFM International is a 50/50 joint company between General Electric Co and Snecma of France.</p>
<p>Earlier, Delta announced that it had signed an exclusive $15 billion pact with Boeing covering Delta's aircraft needs for the next 20 to 25 years.  </p>
<p>The CFM56-7 is the exclusive powerplant for the Boeing 737-600, 737-700 and 737-800 aircraft.</p>
<p>&quot;Our relationship with Delta Air Lines goes back a long way...The confidence Delta has shown by selecting the CFM56-7-powered 737 as the foundation of its narrow body fleet for the next 20 years is highly gratifying,&quot; said CFM International North American sales director Dick Papes.</p>
<p>Delta's order brings the total of announced Next-Generation 737 aircraft orders to 605, making this the fastest-selling engine/aircraft combinatioon in aviation history.</p>
</text>
<copyright>(c) Reuters Limited 1997</copyright>
<metadata>
<codes class="bip:countries:1.0">
  <code code="FRA">
    <editdetail attribution="Reuters BIP Coding Group" action="confirmed" date="1997-03-20"/>
  </code>
  <code code="USA">
    <editdetail attribution="Reuters BIP Coding Group" action="confirmed" date="1997-03-20"/>
  </code>
</codes>
<codes class="bip:industries:1.0">
  <code code="I34000">
    <editdetail attribution="Reuters BIP Coding Group" action="confirmed" date="1997-03-20"/>
  </code>
  <code code="I36400">
    <editdetail attribution="Reuters BIP Coding Group" action="confirmed" date="1997-03-20"/>
  </code>
  <code code="I3640002">
    <editdetail attribution="Reuters BIP Coding Group" action="confirmed" date="1997-03-20"/>
  </code>
  <code code="I75000">
    <editdetail attribution="Reuters BIP Coding Group" action="confirmed" date="1997-03-20"/>
  </code>
</codes>
<codes class="bip:topics:1.0">
  <code code="C33">
    <editdetail attribution="Reuters BIP Coding Group" action="confirmed" date="1997-03-20"/>
  </code>
  <code code="CCAT">
    <editdetail attribution="Reuters BIP Coding Group" action="confirmed" date="1997-03-20"/>
  </code>
</codes>
<dc element="dc.date.created" value="1997-03-20"/>
<dc element="dc.publisher" value="Reuters Holdings Plc"/>
<dc element="dc.date.published" value="1997-03-20"/>
<dc element="dc.source" value="Reuters"/>
<dc element="dc.creator.location" value="EVENDALE, Ohio"/>
<dc element="dc.creator.location.country.name" value="USA"/>
<dc element="dc.source" value="Reuters"/>
</metadata>
</newsitem>
