<?xml version="1.0" encoding="iso-8859-1" ?>
<newsitem itemid="455296" id="root" date="1997-03-20" xml:lang="en">
<title>USA: Firm formed by Quayle group to be sold for $50 mln.</title>
<headline>Firm formed by Quayle group to be sold for $50 mln.</headline>
<dateline>NEW YORK 1997-03-20</dateline>
<text>
<p>IFS Financial Corp, a Woodlands, Texas, holding company, said Thursday it has signed a definitive agreement to acquire Circle Investors Inc, an Indianapolis investment firm formed by a group led by former Vice President Dan Quayle.</p>
<p>The cash and stock deal is valued at $50.2 million and is subject to approval by state insurance regulators, IFS said.</p>
<p>The deal includes Circle Investors' four subvsidiaries led by American Founders Life Insurance Co, IFS said.  </p>
<p>Hugo Pimienta, IFS chairman and chief executive officer, said IFS &quot;remains committed to growth and expects the Circle acquisition to lead to others.&quot;</p>
<p>Plans call for American Founders and IFS' subsidiary Bradford National Life Insurance Co, an annuity specialist, to operate as units of IFS Circle Insurance Holdings Corp, which IFS owns, IFS said.</p>
<p>Circle's president and chief executive, Matthew Neff, will become president and CEO of IFS Circle while Douglas Pierce, chairman and CEO of Bradford National, will be chairman of IFS Circle and American Founders, it said.  </p>
<p>American Founders, based in Phoenix, has $255 million in assets and $1.2 billion in life insurance in force.  Other Circle companies in the deal are Liberty Bankers Life Insurance Co, of Ohio; Laurel Life Insurance Co, of Texas; and Aztec Life Insurance Co, of California, IFS said.</p>
<p>In addition to to Bradford National, which is based in New Orleans, IFS' major subsidiaries are AccuBanc Mortgage Corp, of Dallas; GAMMA Capital Corp and International Mortgage Resources Corp, both of Woodlands, Texas; and Structured Servicing Transactions Group, of New York.</p>
</text>
<copyright>(c) Reuters Limited 1997</copyright>
<metadata>
<codes class="bip:countries:1.0">
  <code code="USA">
    <editdetail attribution="Reuters BIP Coding Group" action="confirmed" date="1997-03-20"/>
  </code>
</codes>
<codes class="bip:industries:1.0">
  <code code="I81502">
    <editdetail attribution="Reuters BIP Coding Group" action="confirmed" date="1997-03-20"/>
  </code>
</codes>
<codes class="bip:topics:1.0">
  <code code="C18">
    <editdetail attribution="Reuters BIP Coding Group" action="confirmed" date="1997-03-20"/>
  </code>
  <code code="C181">
    <editdetail attribution="Reuters BIP Coding Group" action="confirmed" date="1997-03-20"/>
  </code>
  <code code="CCAT">
    <editdetail attribution="Reuters BIP Coding Group" action="confirmed" date="1997-03-20"/>
  </code>
</codes>
<dc element="dc.date.created" value="1997-03-20"/>
<dc element="dc.publisher" value="Reuters Holdings Plc"/>
<dc element="dc.date.published" value="1997-03-20"/>
<dc element="dc.source" value="Reuters"/>
<dc element="dc.creator.location" value="NEW YORK"/>
<dc element="dc.creator.location.country.name" value="USA"/>
<dc element="dc.source" value="Reuters"/>
</metadata>
</newsitem>
