<?xml version="1.0" encoding="iso-8859-1" ?>
<newsitem itemid="455200" id="root" date="1997-03-20" xml:lang="en">
<title>USA: WellPoint files for share offering.</title>
<headline>WellPoint files for share offering.</headline>
<dateline>WOODLAND HILLS, Calif. 1997-03-20</dateline>
<text>
<p>WellPoint Health Network Inc said it filed a registration statement with the Securities and Exchange Commission for the offering of 10 million shares of its common stock.</p>
<p>Of the shares being offered, three million will be sold by the company and the remaining seven million by the California HealthCare Foundation, the company's principal shareholder. WellPoint will not receive proceeds from the California HealthCare Foundation's sales.</p>
</text>
<copyright>(c) Reuters Limited 1997</copyright>
<metadata>
<codes class="bip:countries:1.0">
  <code code="USA">
    <editdetail attribution="Reuters BIP Coding Group" action="confirmed" date="1997-03-20"/>
  </code>
</codes>
<codes class="bip:industries:1.0">
  <code code="I95100">
    <editdetail attribution="Reuters BIP Coding Group" action="confirmed" date="1997-03-20"/>
  </code>
</codes>
<codes class="bip:topics:1.0">
  <code code="C13">
    <editdetail attribution="Reuters BIP Coding Group" action="confirmed" date="1997-03-20"/>
  </code>
  <code code="C17">
    <editdetail attribution="Reuters BIP Coding Group" action="confirmed" date="1997-03-20"/>
  </code>
  <code code="C171">
    <editdetail attribution="Reuters BIP Coding Group" action="confirmed" date="1997-03-20"/>
  </code>
  <code code="CCAT">
    <editdetail attribution="Reuters BIP Coding Group" action="confirmed" date="1997-03-20"/>
  </code>
</codes>
<dc element="dc.date.created" value="1997-03-20"/>
<dc element="dc.publisher" value="Reuters Holdings Plc"/>
<dc element="dc.date.published" value="1997-03-20"/>
<dc element="dc.source" value="Reuters"/>
<dc element="dc.creator.location" value="WOODLAND HILLS, Calif."/>
<dc element="dc.creator.location.country.name" value="USA"/>
<dc element="dc.source" value="Reuters"/>
</metadata>
</newsitem>
