<?xml version="1.0" encoding="iso-8859-1" ?>
<newsitem itemid="455208" id="root" date="1997-03-20" xml:lang="en">
<title>USA: Heartland Communications Q4 loss widens.</title>
<headline>Heartland Communications Q4 loss widens.</headline>
<dateline>DALLAS 1997-03-20</dateline>
<text>
<p>Heartland Wireless Communications Inc said on Thursday its fourth-quarter earnings before interest, taxes, depreciation and amortization (EBITDA) results were a loss of $9.6 million, compared to a loss of $0.4 million for the same period the year before.</p>
<p>The company did not provide figures on net income per share.</p>
<p>Heartland's revenues for the fourth quarter of 1996 were $17.1 million, compared to $6.0 million for the same quarter in 1995.</p>
<p>The company said the fourth quarter results for 1996 included one-time charges totalling $9.1 million, including $5.2 million for bad debt and a reserve for uncollectable accounts receivable.</p>
<p>For full-year 1996, Heartland had an EBITDA loss of $7.7 million compared to a loss of $1.5 million the previous year. Revenues were $56.0 million in 1996, while they were $15.3 million in 1995.</p>
</text>
<copyright>(c) Reuters Limited 1997</copyright>
<metadata>
<codes class="bip:countries:1.0">
  <code code="USA">
    <editdetail attribution="Reuters BIP Coding Group" action="confirmed" date="1997-03-20"/>
  </code>
</codes>
<codes class="bip:industries:1.0">
  <code code="I9741105">
    <editdetail attribution="Reuters BIP Coding Group" action="confirmed" date="1997-03-20"/>
  </code>
</codes>
<codes class="bip:topics:1.0">
  <code code="C15">
    <editdetail attribution="Reuters BIP Coding Group" action="confirmed" date="1997-03-20"/>
  </code>
  <code code="C151">
    <editdetail attribution="Reuters BIP Coding Group" action="confirmed" date="1997-03-20"/>
  </code>
  <code code="C1511">
    <editdetail attribution="Reuters BIP Coding Group" action="confirmed" date="1997-03-20"/>
  </code>
  <code code="CCAT">
    <editdetail attribution="Reuters BIP Coding Group" action="confirmed" date="1997-03-20"/>
  </code>
</codes>
<dc element="dc.date.created" value="1997-03-20"/>
<dc element="dc.publisher" value="Reuters Holdings Plc"/>
<dc element="dc.date.published" value="1997-03-20"/>
<dc element="dc.source" value="Reuters"/>
<dc element="dc.creator.location" value="DALLAS"/>
<dc element="dc.creator.location.country.name" value="USA"/>
<dc element="dc.source" value="Reuters"/>
</metadata>
</newsitem>
