<?xml version="1.0" encoding="iso-8859-1" ?>
<newsitem itemid="455214" id="root" date="1997-03-20" xml:lang="en">
<title>USA: Fla. sees case against tobacco aided by settlement.</title>
<headline>Fla. sees case against tobacco aided by settlement.</headline>
<dateline>TALLAHASSEE, Fla. 1997-03-20</dateline>
<text>
<p>An attorney assisting Florida in a lawsuit seeking RICO damages from the tobacco industry said Thursday he expected the case to be bolstered by Liggett Group's settlement of tobacco lawsuits with 22 states.</p>
<p>As part of the settlement, Liggett, owned by Bennet LeBow's Brooke Group Ltd, will turn over material, including internal documents and attorney-client correspondence.  </p>
<p>&quot;(The documents) validate our RICO allegations that this was a concerted effort to deceive the public and addict our children and hide the evidence,&quot; the Florida attorney, Tim Howard, told Reuters after a news conference following the announcement of the Liggett settlement.</p>
<p>Howard also said that, as the case progresses over the next few weeks, his team would be deposing a number of prominent physicians in preparation for a trial expected to begin this summer.</p>
<p>In the lawsuit filed in West Palm Beach, Fla., the state is using provisions of the Florida Racketeer Influenced and Corrupt Organizations (RICO) act, which is similar to the federal statute of the same name, to enhance its claim the tobacco industry should reimburse it for more than $1 billion spent to provide health care for people with tobacco-related illnesses.</p>
<p>If Florida were to win its claims against tobacco companies under the RICO Act, the damages it is seeking could be tripled to more than $3 billion and set a precedent for other states.</p>
</text>
<copyright>(c) Reuters Limited 1997</copyright>
<metadata>
<codes class="bip:countries:1.0">
  <code code="USA">
    <editdetail attribution="Reuters BIP Coding Group" action="confirmed" date="1997-03-20"/>
  </code>
</codes>
<codes class="bip:industries:1.0">
  <code code="I42900">
    <editdetail attribution="Reuters BIP Coding Group" action="confirmed" date="1997-03-20"/>
  </code>
</codes>
<codes class="bip:topics:1.0">
  <code code="C12">
    <editdetail attribution="Reuters BIP Coding Group" action="confirmed" date="1997-03-20"/>
  </code>
  <code code="CCAT">
    <editdetail attribution="Reuters BIP Coding Group" action="confirmed" date="1997-03-20"/>
  </code>
  <code code="GCAT">
    <editdetail attribution="Reuters BIP Coding Group" action="confirmed" date="1997-03-20"/>
  </code>
  <code code="GCRIM">
    <editdetail attribution="Reuters BIP Coding Group" action="confirmed" date="1997-03-20"/>
  </code>
  <code code="GHEA">
    <editdetail attribution="Reuters BIP Coding Group" action="confirmed" date="1997-03-20"/>
  </code>
</codes>
<dc element="dc.date.created" value="1997-03-20"/>
<dc element="dc.publisher" value="Reuters Holdings Plc"/>
<dc element="dc.date.published" value="1997-03-20"/>
<dc element="dc.source" value="Reuters"/>
<dc element="dc.creator.location" value="TALLAHASSEE, Fla."/>
<dc element="dc.creator.location.country.name" value="USA"/>
<dc element="dc.source" value="Reuters"/>
</metadata>
</newsitem>
