<?xml version="1.0" encoding="iso-8859-1" ?>
<newsitem itemid="455257" id="root" date="1997-03-20" xml:lang="en">
<title>USA: DSP Technology Q4 shr $0.09 vs $0.19.</title>
<headline>DSP Technology Q4 shr $0.09 vs $0.19.</headline>
<dateline>FREMONT, Calif. 1997-03-20</dateline>
<text>
<p>Three Months ended</p>
<p>							     Jan. 31,</p>
<p>							   1997	 1996</p>
<p> Net sales				     $5,275,000  $4,510,000</p>
<p> Cost of sales				  2,526,000   1,952,000</p>
<p> Gross profit				   2,749,000   2,558,000</p>
<p>Operating expenses:</p>
<p>  Research and development		    556,000     627,000</p>
<p>Marketing, general and</p>
<p>    administrative			    1,910,000   1,227,000</p>
<p>						    2,466,000   1,854,000</p>
<p> Operating income				 283,000     704,000</p>
<p> Interest income				    7,000	41,000</p>
<p> Income before income taxes		   290,000     745,000</p>
<p> Income taxes					82,000     295,000</p>
<p> Net income					 208,000     450,000</p>
<p>Net income per common and</p>
<p>   common equivalent share			 0.09	  0.19</p>
<p>Weighted average common</p>
<p>and common equivalent</p>
<p>   shares outstanding			 2,300,000   2,351,000</p>
<p>						    Twelve Months Ended</p>
<p>							    Jan. 31,</p>
<p>							  1997	  1996</p>
<p> Net sales				   $18,033,000  $15,538,000</p>
<p> Cost of sales				 7,832,000    6,187,000</p>
<p> Gross profit				 10,201,000    9,351,000</p>
<p>Operating expenses:</p>
<p>  Research and development		 2,189,000    2,250,000</p>
<p>Marketing, general and</p>
<p>    administrative			   6,769,000    5,145,000</p>
<p>						   8,958,000    7,395,000</p>
<p> Operating income			    1,243,000    1,956,000</p>
<p> Interest income				 102,000	136,000</p>
<p> Income before income taxes		1,345,000    2,092,000</p>
<p> Income taxes				    433,000	815,000</p>
<p> Net income					912,000    1,277,000</p>
<p>Net income per common and</p>
<p>   common equivalent share			0.40	   0.55</p>
<p>Weighted average common</p>
<p>and common equivalent</p>
<p>   shares outstanding			2,304,000    2,331,000</p>
</text>
<copyright>(c) Reuters Limited 1997</copyright>
<metadata>
<codes class="bip:countries:1.0">
  <code code="USA">
    <editdetail attribution="Reuters BIP Coding Group" action="confirmed" date="1997-03-20"/>
  </code>
</codes>
<codes class="bip:industries:1.0">
  <code code="I34420">
    <editdetail attribution="Reuters BIP Coding Group" action="confirmed" date="1997-03-20"/>
  </code>
</codes>
<codes class="bip:topics:1.0">
  <code code="C15">
    <editdetail attribution="Reuters BIP Coding Group" action="confirmed" date="1997-03-20"/>
  </code>
  <code code="C151">
    <editdetail attribution="Reuters BIP Coding Group" action="confirmed" date="1997-03-20"/>
  </code>
  <code code="C1511">
    <editdetail attribution="Reuters BIP Coding Group" action="confirmed" date="1997-03-20"/>
  </code>
  <code code="CCAT">
    <editdetail attribution="Reuters BIP Coding Group" action="confirmed" date="1997-03-20"/>
  </code>
</codes>
<dc element="dc.date.created" value="1997-03-20"/>
<dc element="dc.publisher" value="Reuters Holdings Plc"/>
<dc element="dc.date.published" value="1997-03-20"/>
<dc element="dc.source" value="Reuters"/>
<dc element="dc.creator.location" value="FREMONT, Calif."/>
<dc element="dc.creator.location.country.name" value="USA"/>
<dc element="dc.source" value="Reuters"/>
</metadata>
</newsitem>
