<?xml version="1.0" encoding="iso-8859-1" ?>
<newsitem itemid="455290" id="root" date="1997-03-20" xml:lang="en">
<title>USA: CSCE world sugar ends firm but off highs, in range.</title>
<headline>CSCE world sugar ends firm but off highs, in range.</headline>
<dateline>NEW YORK 1997-03-20</dateline>
<text>
<p>CSCE world sugar futures settled firmer but well off the highs amid brisk activity.</p>
<p>Dealers attributed gains to technically-driven local and fund short-covering coupled with a lack of selling, in early activity.</p>
<p>The benchmark May contract climbed to a high of 11.01 cents, where trade selling emerged and knocked the contract towards the middle of the day's range.</p>
<p>Trade scale-up selling was cited at each tick higher from midday and by the close, prices had retreated to their recent trading range, with no sign that they will break out in the near term, market sources said.</p>
<p>The spot month closed up 0.15 cent at 10.90 cents per lb, having ranged from 11.01 to 10.70 cents. The outer months settled 0.11 to 0.06 firmer.</p>
<p>Volume was estimated at 20,109 lots compared to Wednesday's official 19,273 lots.</p>
<p>Open interest in most-active May fell 1,925 lots to 63,601 lots as of Wednesday's close.</p>
<p>Despite today's gains, May closed under the week's high of 10.93 cents reached on Monday. Technically, the contract will need to get above 11.10 to attract more substantial buying, dealers said. Support in May was pegged at 10.68, the low hit March 3.</p>
<p>Fundamentally, there is still not enough physical offtake to jolt the market out of its range, market analysts said.</p>
<p>((Suzanne Rostler, New York Commodity Desk, 212-859-1640))</p>
</text>
<copyright>(c) Reuters Limited 1997</copyright>
<metadata>
<codes class="bip:countries:1.0">
  <code code="USA">
    <editdetail attribution="Reuters BIP Coding Group" action="confirmed" date="1997-03-20"/>
  </code>
</codes>
<codes class="bip:topics:1.0">
  <code code="M14">
    <editdetail attribution="Reuters BIP Coding Group" action="confirmed" date="1997-03-20"/>
  </code>
  <code code="M141">
    <editdetail attribution="Reuters BIP Coding Group" action="confirmed" date="1997-03-20"/>
  </code>
  <code code="MCAT">
    <editdetail attribution="Reuters BIP Coding Group" action="confirmed" date="1997-03-20"/>
  </code>
</codes>
<dc element="dc.date.created" value="1997-03-20"/>
<dc element="dc.publisher" value="Reuters Holdings Plc"/>
<dc element="dc.date.published" value="1997-03-20"/>
<dc element="dc.source" value="Reuters"/>
<dc element="dc.creator.location" value="NEW YORK"/>
<dc element="dc.creator.location.country.name" value="USA"/>
<dc element="dc.source" value="Reuters"/>
</metadata>
</newsitem>
