<?xml version="1.0" encoding="iso-8859-1" ?>
<newsitem itemid="455207" id="root" date="1997-03-20" xml:lang="en">
<title>USA: Broderbund Q2 shr loss $0.17.</title>
<headline>Broderbund Q2 shr loss $0.17.</headline>
<dateline>NOVATO, Calif. 1997-03-20</dateline>
<text>
<p>BRODERBUND SOFTWARE, INC.</p>
<p>		   CONDENSED CONSOLIDATED STATEMENTS OF INCOME</p>
<p>			(In thousands, except per share data)</p>
<p>				 Three months ended  Six months ended</p>
<p>				    Feb. 28 and 29,   Feb. 28 and 29,</p>
<p>				     1997	1996     1997     1996</p>
<p> Net revenues		  $44,315  $48,044 $105,806 $119,005</p>
<p> Cost of revenues	     15,258   15,035   37,435   39,955</p>
<p> Gross margin		   29,057   33,009   68,371   79,050</p>
<p>Operating expenses:</p>
<p>  Sales and marketing	 11,220    9,288   25,374   20,080</p>
<p>  Research and development   9,527    7,576   17,240   15,013</p>
<p>General and administrative</p>
<p>				     3,610    2,929    6,517    5,761</p>
<p>Charge for acquired in-</p>
<p>process technology and</p>
<p>   amortization		 10,542	  -   11,564	  -</p>
<p>Total operating expenses</p>
<p>				    34,899   19,793   60,695   40,854</p>
<p>Income (loss) from</p>
<p>  operations		   (5,842)   13,216    7,676   38,196</p>
<p>Interest and dividend</p>
<p>  income, net		    1,524    1,697    3,073    3,008</p>
<p>Equity in earnings (loss)</p>
<p>  of joint venture		   -    1,022    (603)    1,291</p>
<p> Terminated merger fee, net	-   15,464	  -   15,464</p>
<p>Income (loss) before</p>
<p>  income taxes		 (4,318)   31,399   10,146   57,959</p>
<p> Provision for income taxes  (856)   12,560    4,713   23,184</p>
<p> Net income (loss)	   (3,462)   18,839    5,433   34,775</p>
<p>Net income (loss)</p>
<p>  per share		     (0.17)     0.87     0.26     1.61</p>
<p>Shares used in computing</p>
<p>  per share data		20,601   21,559   21,128   21,641</p>
</text>
<copyright>(c) Reuters Limited 1997</copyright>
<metadata>
<codes class="bip:countries:1.0">
  <code code="USA">
    <editdetail attribution="Reuters BIP Coding Group" action="confirmed" date="1997-03-20"/>
  </code>
</codes>
<codes class="bip:industries:1.0">
  <code code="I33020">
    <editdetail attribution="Reuters BIP Coding Group" action="confirmed" date="1997-03-20"/>
  </code>
  <code code="I3302021">
    <editdetail attribution="Reuters BIP Coding Group" action="confirmed" date="1997-03-20"/>
  </code>
</codes>
<codes class="bip:topics:1.0">
  <code code="C15">
    <editdetail attribution="Reuters BIP Coding Group" action="confirmed" date="1997-03-20"/>
  </code>
  <code code="C151">
    <editdetail attribution="Reuters BIP Coding Group" action="confirmed" date="1997-03-20"/>
  </code>
  <code code="CCAT">
    <editdetail attribution="Reuters BIP Coding Group" action="confirmed" date="1997-03-20"/>
  </code>
</codes>
<dc element="dc.date.created" value="1997-03-20"/>
<dc element="dc.publisher" value="Reuters Holdings Plc"/>
<dc element="dc.date.published" value="1997-03-20"/>
<dc element="dc.source" value="Reuters"/>
<dc element="dc.creator.location" value="NOVATO, Calif."/>
<dc element="dc.creator.location.country.name" value="USA"/>
<dc element="dc.source" value="Reuters"/>
</metadata>
</newsitem>
