<?xml version="1.0" encoding="iso-8859-1" ?>
<newsitem itemid="455233" id="root" date="1997-03-20" xml:lang="en">
<title>USA: CBL &amp; Associates ups qtly div to $0.4425.</title>
<headline>CBL &amp; Associates ups qtly div to $0.4425.</headline>
<dateline>CHATTANOOGA, Tenn. 1997-03-20</dateline>
<text>
<p>Quarterly</p>
<p>				    Latest	Prior</p>
<p>Amount			   $0.4425	$0.42</p>
<p>Pay				April 18</p>
<p>Record			   March 31</p>
<p>Full company name is CBL &amp; Associates Properties Inc.</p>
</text>
<copyright>(c) Reuters Limited 1997</copyright>
<metadata>
<codes class="bip:countries:1.0">
  <code code="USA">
    <editdetail attribution="Reuters BIP Coding Group" action="confirmed" date="1997-03-20"/>
  </code>
</codes>
<codes class="bip:industries:1.0">
  <code code="I81502">
    <editdetail attribution="Reuters BIP Coding Group" action="confirmed" date="1997-03-20"/>
  </code>
  <code code="I8150206">
    <editdetail attribution="Reuters BIP Coding Group" action="confirmed" date="1997-03-20"/>
  </code>
</codes>
<codes class="bip:topics:1.0">
  <code code="C15">
    <editdetail attribution="Reuters BIP Coding Group" action="confirmed" date="1997-03-20"/>
  </code>
  <code code="C151">
    <editdetail attribution="Reuters BIP Coding Group" action="confirmed" date="1997-03-20"/>
  </code>
  <code code="CCAT">
    <editdetail attribution="Reuters BIP Coding Group" action="confirmed" date="1997-03-20"/>
  </code>
</codes>
<dc element="dc.date.created" value="1997-03-20"/>
<dc element="dc.publisher" value="Reuters Holdings Plc"/>
<dc element="dc.date.published" value="1997-03-20"/>
<dc element="dc.source" value="Reuters"/>
<dc element="dc.creator.location" value="CHATTANOOGA, Tenn."/>
<dc element="dc.creator.location.country.name" value="USA"/>
<dc element="dc.source" value="Reuters"/>
</metadata>
</newsitem>
