<?xml version="1.0" encoding="iso-8859-1" ?>
<newsitem itemid="455265" id="root" date="1997-03-20" xml:lang="en">
<title>USA: Tektronix Q3 shr rises to $0.87.</title>
<headline>Tektronix Q3 shr rises to $0.87.</headline>
<dateline>WILSONVILLE, Ore. 1997-03-20</dateline>
<text>
<p>Consolidated Statements of Operations</p>
<p>				  Quarter Ended  Three Quarters Ended</p>
<p> (In thousands,	 Mar. 1,  Feb. 24,    Mar. 1,   Feb. 24,</p>
<p>  except per share amounts)  1997  1996	1997	 1996</p>
<p> Net sales	    $  478,886  433,500 $1,396,167 $1,278,120</p>
<p> Cost of sales	   273,653  253,665    799,900    741,673</p>
<p>   Gross profit	  205,233  179,835    596,267    536,447</p>
<p>Research and development</p>
<p>  expenses		  45,621   40,045    137,684    119,096</p>
<p>Selling, general, and</p>
<p>administrative expenses</p>
<p>			     117,496  109,400    345,535    316,941</p>
<p>Equity in business ventures'</p>
<p>  earnings (loss)	  (861)    1,061	(467)	2,154</p>
<p>   Operating income     41,255   31,451    112,581    102,564</p>
<p>Other income (expense)</p>
<p>			 - net 1,042	617	2,026	(524)</p>
<p>Earnings before taxes</p>
<p>				42,297   32,068    114,607    102,040</p>
<p> Income taxes	     13,535    9,620     36,674     30,612</p>
<p>   Net earnings	   28,762   22,448     77,933     71,428</p>
<p> Earnings per share	 0.87     0.67	 2.37	 2.14</p>
<p>Average shares outstanding</p>
<p>				33,077   33,381     32,908     33,353</p>
<p>NOTE: Full company name is Tektronix Inc.</p>
</text>
<copyright>(c) Reuters Limited 1997</copyright>
<metadata>
<codes class="bip:countries:1.0">
  <code code="USA">
    <editdetail attribution="Reuters BIP Coding Group" action="confirmed" date="1997-03-20"/>
  </code>
</codes>
<codes class="bip:industries:1.0">
  <code code="I34420">
    <editdetail attribution="Reuters BIP Coding Group" action="confirmed" date="1997-03-20"/>
  </code>
</codes>
<codes class="bip:topics:1.0">
  <code code="C15">
    <editdetail attribution="Reuters BIP Coding Group" action="confirmed" date="1997-03-20"/>
  </code>
  <code code="C151">
    <editdetail attribution="Reuters BIP Coding Group" action="confirmed" date="1997-03-20"/>
  </code>
  <code code="CCAT">
    <editdetail attribution="Reuters BIP Coding Group" action="confirmed" date="1997-03-20"/>
  </code>
</codes>
<dc element="dc.date.created" value="1997-03-20"/>
<dc element="dc.publisher" value="Reuters Holdings Plc"/>
<dc element="dc.date.published" value="1997-03-20"/>
<dc element="dc.source" value="Reuters"/>
<dc element="dc.creator.location" value="WILSONVILLE, Ore."/>
<dc element="dc.creator.location.country.name" value="USA"/>
<dc element="dc.source" value="Reuters"/>
</metadata>
</newsitem>
