<?xml version="1.0" encoding="iso-8859-1" ?>
<newsitem itemid="455297" id="root" date="1997-03-20" xml:lang="en">
<title>USA: ValueVision Q4 net falls on higher costs.</title>
<headline>ValueVision Q4 net falls on higher costs.</headline>
<dateline>MINNEAPOLIS 1997-03-20</dateline>
<text>
<p>ValueVision International Inc said Thursday higher costs associated with producing and marketing its home shopping operation contributed to a decline in net income in the fourth quarter.</p>
<p>The company reported net income of $882,000, or $0.03 a share, in the period ended January 31, down from $3.2 million, or $0.11 a share, a year ago. The 1996 figure included a $2.0 million gain from affiliate earnings, the company said.</p>
<p>ValueVision also reported sales of $65.2 million in the quarter, more than double sales one year ago of $27.2 million.</p>
<p>ValueVision shares were off 3/16 Thursday at 4.</p>
<p>((Chicago newsdesk (312) 408-8787))</p>
</text>
<copyright>(c) Reuters Limited 1997</copyright>
<metadata>
<codes class="bip:countries:1.0">
  <code code="USA">
    <editdetail attribution="Reuters BIP Coding Group" action="confirmed" date="1997-03-20"/>
  </code>
</codes>
<codes class="bip:industries:1.0">
  <code code="I9741102">
    <editdetail attribution="Reuters BIP Coding Group" action="confirmed" date="1997-03-20"/>
  </code>
</codes>
<codes class="bip:topics:1.0">
  <code code="C15">
    <editdetail attribution="Reuters BIP Coding Group" action="confirmed" date="1997-03-20"/>
  </code>
  <code code="C151">
    <editdetail attribution="Reuters BIP Coding Group" action="confirmed" date="1997-03-20"/>
  </code>
  <code code="C1511">
    <editdetail attribution="Reuters BIP Coding Group" action="confirmed" date="1997-03-20"/>
  </code>
  <code code="CCAT">
    <editdetail attribution="Reuters BIP Coding Group" action="confirmed" date="1997-03-20"/>
  </code>
</codes>
<dc element="dc.date.created" value="1997-03-20"/>
<dc element="dc.publisher" value="Reuters Holdings Plc"/>
<dc element="dc.date.published" value="1997-03-20"/>
<dc element="dc.source" value="Reuters"/>
<dc element="dc.creator.location" value="MINNEAPOLIS"/>
<dc element="dc.creator.location.country.name" value="USA"/>
<dc element="dc.source" value="Reuters"/>
</metadata>
</newsitem>
