<?xml version="1.0" encoding="iso-8859-1" ?>
<newsitem itemid="455242" id="root" date="1997-03-20" xml:lang="en">
<title>USA: NYSE March short interest rises 162.5 mln shares.</title>
<headline>NYSE March short interest rises 162.5 mln shares.</headline>
<dateline>NEW YORK 1997-03-20</dateline>
<text>
<p>The New York Stock Exchange said on Thursday that short interest rose to an all time high of 3,099,416,910 shares in the month ended March 14.</p>
<p>This was an increase of 162,454,534 shares from the total of 2,936,962,376 shares reported a month ago. The exchange reports short interest, an indicator of investors that expect stock prices to fall, on a monthly basis.</p>
</text>
<copyright>(c) Reuters Limited 1997</copyright>
<metadata>
<codes class="bip:countries:1.0">
  <code code="USA">
    <editdetail attribution="Reuters BIP Coding Group" action="confirmed" date="1997-03-20"/>
  </code>
</codes>
<codes class="bip:topics:1.0">
  <code code="E12">
    <editdetail attribution="Reuters BIP Coding Group" action="confirmed" date="1997-03-20"/>
  </code>
  <code code="ECAT">
    <editdetail attribution="Reuters BIP Coding Group" action="confirmed" date="1997-03-20"/>
  </code>
</codes>
<dc element="dc.date.created" value="1997-03-20"/>
<dc element="dc.publisher" value="Reuters Holdings Plc"/>
<dc element="dc.date.published" value="1997-03-20"/>
<dc element="dc.source" value="Reuters"/>
<dc element="dc.creator.location" value="NEW YORK"/>
<dc element="dc.creator.location.country.name" value="USA"/>
<dc element="dc.source" value="Reuters"/>
</metadata>
</newsitem>
