<?xml version="1.0" encoding="iso-8859-1" ?>
<newsitem itemid="455222" id="root" date="1997-03-20" xml:lang="en">
<title>USA: AMEX closing averages.</title>
<headline>AMEX closing averages.</headline>
<dateline>NEW YORK 1997-03-20</dateline>
<text>
<p>Prices on the American Stock Exchange closed lower in moderate trading.</p>
<p>The Amex index closed at 591.55, down 0.24.</p>
<p>Losers beat winners 289 to 209.</p>
<p>The average price per share was down $0.01.</p>
<p>Preliminary volume was 19,071,410 compared with 21,253,150 on Wednesday.</p>
<p>	  (Prices official as of 1645 EST/2145 GMT)</p>
</text>
<copyright>(c) Reuters Limited 1997</copyright>
<metadata>
<codes class="bip:countries:1.0">
  <code code="USA">
    <editdetail attribution="Reuters BIP Coding Group" action="confirmed" date="1997-03-20"/>
  </code>
</codes>
<codes class="bip:topics:1.0">
  <code code="M11">
    <editdetail attribution="Reuters BIP Coding Group" action="confirmed" date="1997-03-20"/>
  </code>
  <code code="MCAT">
    <editdetail attribution="Reuters BIP Coding Group" action="confirmed" date="1997-03-20"/>
  </code>
</codes>
<dc element="dc.date.created" value="1997-03-20"/>
<dc element="dc.publisher" value="Reuters Holdings Plc"/>
<dc element="dc.date.published" value="1997-03-20"/>
<dc element="dc.source" value="Reuters"/>
<dc element="dc.creator.location" value="NEW YORK"/>
<dc element="dc.creator.location.country.name" value="USA"/>
<dc element="dc.source" value="Reuters"/>
</metadata>
</newsitem>
