<?xml version="1.0" encoding="iso-8859-1" ?>
<newsitem itemid="455213" id="root" date="1997-03-20" xml:lang="en">
<title>USA: Toy Biz sets buyback of three million shrs.</title>
<headline>Toy Biz sets buyback of three million shrs.</headline>
<dateline>NEW YORK 1997-03-20</dateline>
<text>
<p>Toy Biz Inc said Thursday it will repurchase up to three million shares of its class A common stock.</p>
<p>The company said the purchases will be made on the open market at prevailing rates.</p>
<p>The company said it believes its stock is undervalued and that the purchase of its stock  at current prices is a favorable investment opportunity.</p>
<p>Toy Biz designs, markets and sells new and traditional toys in the boys, girls, preschool, activity and electronic toy categories.</p>
</text>
<copyright>(c) Reuters Limited 1997</copyright>
<metadata>
<codes class="bip:countries:1.0">
  <code code="USA">
    <editdetail attribution="Reuters BIP Coding Group" action="confirmed" date="1997-03-20"/>
  </code>
</codes>
<codes class="bip:industries:1.0">
  <code code="I49410">
    <editdetail attribution="Reuters BIP Coding Group" action="confirmed" date="1997-03-20"/>
  </code>
</codes>
<codes class="bip:topics:1.0">
  <code code="C17">
    <editdetail attribution="Reuters BIP Coding Group" action="confirmed" date="1997-03-20"/>
  </code>
  <code code="C171">
    <editdetail attribution="Reuters BIP Coding Group" action="confirmed" date="1997-03-20"/>
  </code>
  <code code="C18">
    <editdetail attribution="Reuters BIP Coding Group" action="confirmed" date="1997-03-20"/>
  </code>
  <code code="C181">
    <editdetail attribution="Reuters BIP Coding Group" action="confirmed" date="1997-03-20"/>
  </code>
  <code code="CCAT">
    <editdetail attribution="Reuters BIP Coding Group" action="confirmed" date="1997-03-20"/>
  </code>
</codes>
<dc element="dc.date.created" value="1997-03-20"/>
<dc element="dc.publisher" value="Reuters Holdings Plc"/>
<dc element="dc.date.published" value="1997-03-20"/>
<dc element="dc.source" value="Reuters"/>
<dc element="dc.creator.location" value="NEW YORK"/>
<dc element="dc.creator.location.country.name" value="USA"/>
<dc element="dc.source" value="Reuters"/>
</metadata>
</newsitem>
