<?xml version="1.0" encoding="iso-8859-1" ?>
<newsitem itemid="455230" id="root" date="1997-03-20" xml:lang="en">
<title>USA: U.S. stock index futures end mostly lower.</title>
<headline>U.S. stock index futures end mostly lower.</headline>
<dateline>CHICAGO 1997-03-20</dateline>
<text>
<p>U.S. stock index futures finished another volatile session mostly lower, but were barely fazed by the first part of the quarterly expiration.</p>
<p>March S&amp;P 500s expired at the close today and are settled based on the opening of the index Friday. Other March futures and options contracts expire at the close Friday.</p>
<p>&quot;If there were imbalances, I wasn't aware of them,&quot; said one S&amp;P 500 trader on the floor of the Chicago Mercantile Exchange, referring to order imbalances related to expiration published by the New York Stock Exchange in the last half-hour of the session.  </p>
<p>Weakness in the bond market during the morning weighed on index futures, which set session lows early in the day and then recovered, only to trade in a wide choppy band in late morning and afternoon dealings, traders said.</p>
<p>Support remained intact near 779.00 in the June S&amp;P 500 contract, representing a 10-month uptrend line, some traders noted.</p>
<p>Futures recovered in afternoon activity, reaching a new daily high, but followthrough buying failed to emerge and selling surfaced again late that pushed contracts lower.  </p>
<p>Traders noted that overall open interest in S&amp;P futures was somewhat low, although March open interest remained high as there was little rolling of March positions into June.</p>
<p>Open interest in all contracts has been typically around 250,000 at the end of a quarter, said Kevin O'Brien, stock index analyst at Prudential Securities. At this expiration it totaled about 225,000, meaning that after expiration, with the small roll, open interest would probably decline to about 175,000 contracts.</p>
<p>Nikkei 225 stock index futures also firmed in afternoon dealings but came under pressure by the close.  </p>
<p>At settlement, June S&amp;P 500s were off 3.85 points at 788.40, Nasdaq 100s were 9.25 higher at 832.75, Russell 2000s were up 3.10 points to 356.40, KCBT Value Line futures were down 0.10 points to 707.40, Nikkei 225 index futures fell 95.0 to 18,430.0 and Midcap 400s rose 2.05 points to 262.60. ((--Derivatives Desk: 312-408-8750)) email:derivatives@reuters.com</p>
</text>
<copyright>(c) Reuters Limited 1997</copyright>
<metadata>
<codes class="bip:countries:1.0">
  <code code="USA">
    <editdetail attribution="Reuters BIP Coding Group" action="confirmed" date="1997-03-20"/>
  </code>
</codes>
<codes class="bip:topics:1.0">
  <code code="M11">
    <editdetail attribution="Reuters BIP Coding Group" action="confirmed" date="1997-03-20"/>
  </code>
  <code code="MCAT">
    <editdetail attribution="Reuters BIP Coding Group" action="confirmed" date="1997-03-20"/>
  </code>
</codes>
<dc element="dc.date.created" value="1997-03-20"/>
<dc element="dc.publisher" value="Reuters Holdings Plc"/>
<dc element="dc.date.published" value="1997-03-20"/>
<dc element="dc.source" value="Reuters"/>
<dc element="dc.creator.location" value="CHICAGO"/>
<dc element="dc.creator.location.country.name" value="USA"/>
<dc element="dc.source" value="Reuters"/>
</metadata>
</newsitem>
