<?xml version="1.0" encoding="iso-8859-1" ?>
<newsitem itemid="455269" id="root" date="1997-03-20" xml:lang="en">
<title>USA: Teletek disovers possible accounting woes.</title>
<headline>Teletek disovers possible accounting woes.</headline>
<dateline>LAS VEGAS 1997-03-20</dateline>
<text>
<p>Teletek Inc said it has discovered possible irregularities in its accounting and billing procedures.</p>
<p>In November, the U.S. Attorney for the District of Nevada said a federal grand jury charged 19 people, including two past presidents of the company, in connection with alleged securities fraud involving bribes paid in cash and stock to promoters and brokers to sell Teletek shares to the public.</p>
<p>Teletek said Thursday it was conducting an internal audit and probe to discover the extent of any potential problem and, evaluate bonuses to past officers based on improved revenue.  </p>
<p>Teletek said it has notified the U.S. Securities and Exchange Commission and is cooperating with all involved agencies.</p>
<p>It said that upon preliminary investigation, an Independent Advisory Committee discovered several issues which cause the committee concern as to its ability to continue conducting business on an ongoing basis.</p>
<p>These issues include service shut-off from vendors due to excessive account payables and lack of substantial working capital or reliable accounts receivable, potential de-listing on Nasdaq and likelihood of significant litigation costs due to shareholder lawsuits and arbitration.</p>
</text>
<copyright>(c) Reuters Limited 1997</copyright>
<metadata>
<codes class="bip:countries:1.0">
  <code code="USA">
    <editdetail attribution="Reuters BIP Coding Group" action="confirmed" date="1997-03-20"/>
  </code>
</codes>
<codes class="bip:topics:1.0">
  <code code="C12">
    <editdetail attribution="Reuters BIP Coding Group" action="confirmed" date="1997-03-20"/>
  </code>
  <code code="C15">
    <editdetail attribution="Reuters BIP Coding Group" action="confirmed" date="1997-03-20"/>
  </code>
  <code code="C151">
    <editdetail attribution="Reuters BIP Coding Group" action="confirmed" date="1997-03-20"/>
  </code>
  <code code="CCAT">
    <editdetail attribution="Reuters BIP Coding Group" action="confirmed" date="1997-03-20"/>
  </code>
  <code code="GCAT">
    <editdetail attribution="Reuters BIP Coding Group" action="confirmed" date="1997-03-20"/>
  </code>
  <code code="GCRIM">
    <editdetail attribution="Reuters BIP Coding Group" action="confirmed" date="1997-03-20"/>
  </code>
</codes>
<dc element="dc.date.created" value="1997-03-20"/>
<dc element="dc.publisher" value="Reuters Holdings Plc"/>
<dc element="dc.date.published" value="1997-03-20"/>
<dc element="dc.source" value="Reuters"/>
<dc element="dc.creator.location" value="LAS VEGAS"/>
<dc element="dc.creator.location.country.name" value="USA"/>
<dc element="dc.source" value="Reuters"/>
</metadata>
</newsitem>
