<?xml version="1.0" encoding="iso-8859-1" ?>
<newsitem itemid="455236" id="root" date="1997-03-20" xml:lang="en">
<title>USA: Uniflex Inc Q4 shr $0.07.</title>
<headline>Uniflex Inc Q4 shr $0.07.</headline>
<dateline>HICKSVILLE, N.Y. 1997-03-20</dateline>
<text>
<p>Financial Highlights (Unaudited)</p>
<p>		For the Three Months Ended   For the Year Ended</p>
<p>		  1/31/97    1/31/96(a)     1/31/97     1/31/96(a)</p>
<p>Net sales   $7,929,965    $7,227,674  $34,466,262  $31,509,963</p>
<p>Income before</p>
<p>provision for</p>
<p> income taxes  495,979	 368,735    3,169,138    2,316,581</p>
<p>Net income    $303,779	$261,735   $1,916,938   $1,458,581</p>
<p>Weighted average shares</p>
<p> outstandin  4,515,665     4,222,500    4,480,414    4,118,802</p>
<p>Net income</p>
<p>  per share    $.07	    $.06(a)	$.43	   $.35(a)</p>
<p>(a) Adjusted to reflect three-for-two stock split paid as a stock dividend on Oct.  15, 1996.</p>
<p>--- New York Newsdesk 212-859-1700</p>
</text>
<copyright>(c) Reuters Limited 1997</copyright>
<metadata>
<codes class="bip:countries:1.0">
  <code code="USA">
    <editdetail attribution="Reuters BIP Coding Group" action="confirmed" date="1997-03-20"/>
  </code>
</codes>
<codes class="bip:industries:1.0">
  <code code="I48300">
    <editdetail attribution="Reuters BIP Coding Group" action="confirmed" date="1997-03-20"/>
  </code>
</codes>
<codes class="bip:topics:1.0">
  <code code="C15">
    <editdetail attribution="Reuters BIP Coding Group" action="confirmed" date="1997-03-20"/>
  </code>
  <code code="C151">
    <editdetail attribution="Reuters BIP Coding Group" action="confirmed" date="1997-03-20"/>
  </code>
  <code code="C1511">
    <editdetail attribution="Reuters BIP Coding Group" action="confirmed" date="1997-03-20"/>
  </code>
  <code code="CCAT">
    <editdetail attribution="Reuters BIP Coding Group" action="confirmed" date="1997-03-20"/>
  </code>
</codes>
<dc element="dc.date.created" value="1997-03-20"/>
<dc element="dc.publisher" value="Reuters Holdings Plc"/>
<dc element="dc.date.published" value="1997-03-20"/>
<dc element="dc.source" value="Reuters"/>
<dc element="dc.creator.location" value="HICKSVILLE, N.Y."/>
<dc element="dc.creator.location.country.name" value="USA"/>
<dc element="dc.source" value="Reuters"/>
</metadata>
</newsitem>
