<?xml version="1.0" encoding="iso-8859-1" ?>
<newsitem itemid="455272" id="root" date="1997-03-20" xml:lang="en">
<title>USA: Ensec International FY96 shr loss widens.</title>
<headline>Ensec International FY96 shr loss widens.</headline>
<dateline>NEW YORK 1997-03-20</dateline>
<text>
<p>Year Ended December 31,</p>
<p>						  1996		  1995</p>
<p> Sales				   $8,576,915	  $8,560,815</p>
<p> Cost of goods sold		   5,506,674	   5,833,695</p>
<p> Gross profit			   3,070,241	   2,727,120</p>
<p>Selling, general and</p>
<p>  administrative expenses	   6,001,953	   5,287,938</p>
<p>Research and development expenses</p>
<p>					    1,162,168	     600,000</p>
<p> Translation loss (gain)	    (450,000)	   1,229,960</p>
<p>	    (Loss) from operations</p>
<p>					  (3,643,880)	 (4,390,778)</p>
<p>Other (income) expenses</p>
<p>   Interest income		    (125,308)	   (648,341)</p>
<p>   Interest expense		   3,542,107	   2,519,517</p>
<p>   Other, net			     140,161	     395,329</p>
<p>					    3,556,960	   2,266,505</p>
<p>Loss from continuing operations</p>
<p>  before income taxes	     (7,200,840)	 (6,657,283)</p>
<p> Income tax (benefit)		 (319,000)	 (1,395,857)</p>
<p>Loss from continuing operations</p>
<p>					  (6,881,840)	 (5,261,426)</p>
<p>Discontinued operations</p>
<p>Earnings from operations of</p>
<p>discontinued division (less</p>
<p>applicable income taxes of</p>
<p>   $208,773)				     --	     435,587</p>
<p>Gain on disposal of discontinued</p>
<p>division (Less applicable income</p>
<p>   taxes of $483,084)			  --	   1,007,916</p>
<p> Net loss			     (6,881,840)	 (3,817,923)</p>
<p>Net earnings (loss) per common share:</p>
<p>   Continuing operations		 (1.63)		(1.35)</p>
<p>	  Discontinued operations	    --		  0.37</p>
<p> Net (loss) per common share	   (1.63)		(0.98)</p>
<p> average stock			  4,223,408	   3,904,896</p>
<p>Full company name is Ensec International Inc.</p>
</text>
<copyright>(c) Reuters Limited 1997</copyright>
<metadata>
<codes class="bip:countries:1.0">
  <code code="USA">
    <editdetail attribution="Reuters BIP Coding Group" action="confirmed" date="1997-03-20"/>
  </code>
</codes>
<codes class="bip:industries:1.0">
  <code code="I33010">
    <editdetail attribution="Reuters BIP Coding Group" action="confirmed" date="1997-03-20"/>
  </code>
</codes>
<codes class="bip:topics:1.0">
  <code code="C15">
    <editdetail attribution="Reuters BIP Coding Group" action="confirmed" date="1997-03-20"/>
  </code>
  <code code="C151">
    <editdetail attribution="Reuters BIP Coding Group" action="confirmed" date="1997-03-20"/>
  </code>
  <code code="C1511">
    <editdetail attribution="Reuters BIP Coding Group" action="confirmed" date="1997-03-20"/>
  </code>
  <code code="CCAT">
    <editdetail attribution="Reuters BIP Coding Group" action="confirmed" date="1997-03-20"/>
  </code>
</codes>
<dc element="dc.date.created" value="1997-03-20"/>
<dc element="dc.publisher" value="Reuters Holdings Plc"/>
<dc element="dc.date.published" value="1997-03-20"/>
<dc element="dc.source" value="Reuters"/>
<dc element="dc.creator.location" value="NEW YORK"/>
<dc element="dc.creator.location.country.name" value="USA"/>
<dc element="dc.source" value="Reuters"/>
</metadata>
</newsitem>
