<?xml version="1.0" encoding="iso-8859-1" ?>
<newsitem itemid="455270" id="root" date="1997-03-20" xml:lang="en">
<title>USA: FOCUS--Oregon terms may trip Enron, Portland deal.</title>
<headline>FOCUS--Oregon terms may trip Enron, Portland deal.</headline>
<byline>Deena Beasley</byline>
<dateline>LOS ANGELES 1997-03-20</dateline>
<text>
<p>A $2.1 billion merger between Texas gas giant Enron Corp and Portland General Corp may be short-circuited by Oregon's Public Utility Commission (OPUC), industry analysts said Thursday.</p>
<p>&quot;We don't believe Enron has demonstrated customers would be better off if the merger is approved,&quot; Phil Nyegaard, OPUC's financial analysis administrator, told Reuters Thursday.  </p>
<p>When Enron and Portland General, the parent of Portland General Electric Co, announced the stock-for-stock deal last July, it was widely touted as a model of convergence between the gas and electricy industries in a deregulated marketplace.</p>
<p>But the companies said late Wednesday they were warned the OPUC staff, citing inadequate advantages for Oregonians, was recommending against approving the merger.</p>
<p>A spokeswoman for Portland General said the companies will await the OPUC staff's report, due April 11, before deciding how to proceed.  </p>
<p>But she emphasized &quot;We are following this through to the conclusion,&quot; and there are no plans to call off the merger.</p>
<p>Enron said separately it would make its case directly to the OPUC commissioners.</p>
<p>&quot;Hopefully, they will realize that our offer is beneficial to Oregon,&quot; an Enron spokesman said earlier Thursday.</p>
<p>The most recent settlement meeting ended last week with the two sides still far apart on how big a cut in Oregonians' electricity bills the merger should provide.  </p>
<p>Sources involved in the negotiations told Reuters the talks have foundered amid Enron's lack of experience in dealing with a state regulatory agency and OPUC staff's determination to identify and extract benefits for customers.</p>
<p>One intervenor said the OPUC staff, during the first round of negotiations, identified parts of the Portland utility that ratepayers helped create - such as its wholesale power trading operations - which would be transferred permanently to Enron.</p>
<p>&quot;The premium that Enron was paying indicated they planned to use those assets and expertise to their benefit,&quot; the intervenor said.  </p>
<p>OPUC analyst Nyegaard said the bulk of the rate cut represents compensation to ratepayers for revenue that would have been generated by the utility even without a merger.</p>
<p>Industry sources said Enron also made a tactical mistake by not negotiating directly with OPUC staff, who were looking to establish the tone of a relationship with a new company.</p>
<p>Instead, the companies held out for a February public hearing before the three-member commission, during which the commissioners made clear that Enron's estimated $3 million per year in unguaranteed cost savings was simply not enough.  </p>
<p>Enron and Portland subsequently raised their rate cut offer to $61 million, and reportedly made a one-time offer of $108 million to the staff during last week's meeting.</p>
<p>The OPUC staff originally sought a rate cut of $189.6 million, but trimmed it to $141 million early this month.</p>
<p>Jason Eisdorfer, director of the Citizens' Utility Board of Oregon, said the &quot;secret&quot; nature of the companies' last $108 million offer added to the animosity between the sides.</p>
<p>&quot;You could say that staff turned down the latest offer based on its size, but you could also say the fact that it wasn't an open offer had something to do with it,&quot; he noted.  </p>
<p>Eisdorfer noted customers and other intervenors are not terribly concerned about whether Portland General ends up merging with anyone, since potential risks may well outweigh any future benefits.</p>
<p>&quot;We are dealing with a new entity that clearly didn't understand the regulatory process. They (Enron) are in another state and there would be gas and electricity transactions that would have to be regulated,&quot; he said.  </p>
<p>The companies may seek a &quot;contested case hearing&quot; before the commission, if the staff report raises disputes over factual points such as natural gas price forecasts and market share, Portland General spokeswoman Rochelle Lessner said.</p>
<p>--Los Angeles bureau + 1 213 955 6761</p>
</text>
<copyright>(c) Reuters Limited 1997</copyright>
<metadata>
<codes class="bip:countries:1.0">
  <code code="USA">
    <editdetail attribution="Reuters BIP Coding Group" action="confirmed" date="1997-03-20"/>
  </code>
</codes>
<codes class="bip:industries:1.0">
  <code code="I13000">
    <editdetail attribution="Reuters BIP Coding Group" action="confirmed" date="1997-03-20"/>
  </code>
  <code code="I16100">
    <editdetail attribution="Reuters BIP Coding Group" action="confirmed" date="1997-03-20"/>
  </code>
</codes>
<codes class="bip:topics:1.0">
  <code code="C13">
    <editdetail attribution="Reuters BIP Coding Group" action="confirmed" date="1997-03-20"/>
  </code>
  <code code="C18">
    <editdetail attribution="Reuters BIP Coding Group" action="confirmed" date="1997-03-20"/>
  </code>
  <code code="C181">
    <editdetail attribution="Reuters BIP Coding Group" action="confirmed" date="1997-03-20"/>
  </code>
  <code code="CCAT">
    <editdetail attribution="Reuters BIP Coding Group" action="confirmed" date="1997-03-20"/>
  </code>
</codes>
<dc element="dc.date.created" value="1997-03-20"/>
<dc element="dc.publisher" value="Reuters Holdings Plc"/>
<dc element="dc.date.published" value="1997-03-20"/>
<dc element="dc.source" value="Reuters"/>
<dc element="dc.creator.location" value="LOS ANGELES"/>
<dc element="dc.creator.location.country.name" value="USA"/>
<dc element="dc.source" value="Reuters"/>
</metadata>
</newsitem>
