<?xml version="1.0" encoding="iso-8859-1" ?>
<newsitem itemid="455291" id="root" date="1997-03-20" xml:lang="en">
<title>USA: Logic Devices Q4 shr loss $0.05 vs profit.</title>
<headline>Logic Devices Q4 shr loss $0.05 vs profit.</headline>
<dateline>SUNNYVALE, Calif. 1997-03-20</dateline>
<text>
<p>LOGIC Devices Inc.</p>
<p>		  Consolidated Statement of Income</p>
<p>	  (Dollars in thousands, except per share data)</p>
<p>			  Three months Ended	    Year Ended</p>
<p>				December 31,		December 31,</p>
<p>			   1996	  1995	   1996	 1995</p>
<p>Sales (Net)	   $2,030	$4,136	$12,525    $16,611</p>
<p>Gross Profit	     644	 2,026	  5,516	7,352</p>
<p>Pre-Tax Profit	  (542)	  450	    202	2,100</p>
<p>Net Income		(328)	  264	    122	1,384</p>
<p>Earnings per share  ($0.05)	$0.05	  $0.02	$0.26</p>
<p>Weighted Average</p>
<p>shares</p>
<p> outstanding     6,041,483   5,419,672    6,041,483  5,419,672</p>
</text>
<copyright>(c) Reuters Limited 1997</copyright>
<metadata>
<codes class="bip:countries:1.0">
  <code code="USA">
    <editdetail attribution="Reuters BIP Coding Group" action="confirmed" date="1997-03-20"/>
  </code>
</codes>
<codes class="bip:industries:1.0">
  <code code="I34531">
    <editdetail attribution="Reuters BIP Coding Group" action="confirmed" date="1997-03-20"/>
  </code>
</codes>
<codes class="bip:topics:1.0">
  <code code="C15">
    <editdetail attribution="Reuters BIP Coding Group" action="confirmed" date="1997-03-20"/>
  </code>
  <code code="C151">
    <editdetail attribution="Reuters BIP Coding Group" action="confirmed" date="1997-03-20"/>
  </code>
  <code code="C1511">
    <editdetail attribution="Reuters BIP Coding Group" action="confirmed" date="1997-03-20"/>
  </code>
  <code code="CCAT">
    <editdetail attribution="Reuters BIP Coding Group" action="confirmed" date="1997-03-20"/>
  </code>
</codes>
<dc element="dc.date.created" value="1997-03-20"/>
<dc element="dc.publisher" value="Reuters Holdings Plc"/>
<dc element="dc.date.published" value="1997-03-20"/>
<dc element="dc.source" value="Reuters"/>
<dc element="dc.creator.location" value="SUNNYVALE, Calif."/>
<dc element="dc.creator.location.country.name" value="USA"/>
<dc element="dc.source" value="Reuters"/>
</metadata>
</newsitem>
