<?xml version="1.0" encoding="iso-8859-1" ?>
<newsitem itemid="455240" id="root" date="1997-03-20" xml:lang="en">
<title>USA: Amex march short interest rises 12.4 million.</title>
<headline>Amex march short interest rises 12.4 million.</headline>
<dateline>NEW YORK 1997-03-20</dateline>
<text>
<p>The American Stock Exchange said Thursday that short interest reached a record 148,245,083 shares on March 14, an increase of 12,400,271 from the previous month's record of 135,844,812 shares.</p>
<p>The exchange reports short interest, an indicator of the number of investors who expect stock prices to fall, on a monthly basis.</p>
</text>
<copyright>(c) Reuters Limited 1997</copyright>
<metadata>
<codes class="bip:countries:1.0">
  <code code="USA">
    <editdetail attribution="Reuters BIP Coding Group" action="confirmed" date="1997-03-20"/>
  </code>
</codes>
<codes class="bip:topics:1.0">
  <code code="M11">
    <editdetail attribution="Reuters BIP Coding Group" action="confirmed" date="1997-03-20"/>
  </code>
  <code code="MCAT">
    <editdetail attribution="Reuters BIP Coding Group" action="confirmed" date="1997-03-20"/>
  </code>
</codes>
<dc element="dc.date.created" value="1997-03-20"/>
<dc element="dc.publisher" value="Reuters Holdings Plc"/>
<dc element="dc.date.published" value="1997-03-20"/>
<dc element="dc.source" value="Reuters"/>
<dc element="dc.creator.location" value="NEW YORK"/>
<dc element="dc.creator.location.country.name" value="USA"/>
<dc element="dc.source" value="Reuters"/>
</metadata>
</newsitem>
