<?xml version="1.0" encoding="iso-8859-1" ?>
<newsitem itemid="455288" id="root" date="1997-03-20" xml:lang="en">
<title>USA: Sheldahl blames Q2 loss on unit production.</title>
<headline>Sheldahl blames Q2 loss on unit production.</headline>
<dateline>NORTHFIELD, Minn. 1997-03-20</dateline>
<text>
<p>Sheldahl Inc said Thursday lower-than-breakeven production at its Micro Products unit contributed to a loss in the second quarter.</p>
<p>The company reported a loss of $1.5 million, or $0.17 a share, in the period ended February 28 versus net income of $1.6 million, or $0.18 a share, a year ago. Sheldahl had an operating loss of $2.3 million in the period.</p>
<p>Sheldahl said the results were expected, adding it expects to see an increase in production shortly.</p>
<p>Sheldahl makes substrates, flexible printed circuitry and flexible laminates for sale to the automotive electronics and data communications markets.</p>
<p>Its shares were up 3/4 Thursday at 23.</p>
<p>((Chicago newsdesk (312) 408-8787))</p>
</text>
<copyright>(c) Reuters Limited 1997</copyright>
<metadata>
<codes class="bip:countries:1.0">
  <code code="USA">
    <editdetail attribution="Reuters BIP Coding Group" action="confirmed" date="1997-03-20"/>
  </code>
</codes>
<codes class="bip:industries:1.0">
  <code code="I25140">
    <editdetail attribution="Reuters BIP Coding Group" action="confirmed" date="1997-03-20"/>
  </code>
</codes>
<codes class="bip:topics:1.0">
  <code code="C15">
    <editdetail attribution="Reuters BIP Coding Group" action="confirmed" date="1997-03-20"/>
  </code>
  <code code="C151">
    <editdetail attribution="Reuters BIP Coding Group" action="confirmed" date="1997-03-20"/>
  </code>
  <code code="CCAT">
    <editdetail attribution="Reuters BIP Coding Group" action="confirmed" date="1997-03-20"/>
  </code>
</codes>
<dc element="dc.date.created" value="1997-03-20"/>
<dc element="dc.publisher" value="Reuters Holdings Plc"/>
<dc element="dc.date.published" value="1997-03-20"/>
<dc element="dc.source" value="Reuters"/>
<dc element="dc.creator.location" value="NORTHFIELD, Minn."/>
<dc element="dc.creator.location.country.name" value="USA"/>
<dc element="dc.source" value="Reuters"/>
</metadata>
</newsitem>
