<?xml version="1.0" encoding="iso-8859-1" ?>
<newsitem itemid="455231" id="root" date="1997-03-20" xml:lang="en">
<title>USA: Port Authority of NY-NJ delays and trims bond sale.</title>
<headline>Port Authority of NY-NJ delays and trims bond sale.</headline>
<dateline>NEW YORK 1997-03-20</dateline>
<text>
<p>The Port Authority of New York and New Jersey said Thursday it was delaying the sale of airport improvement bonds until April and also had trimmed the offering's size to $920 million from around $1.2 billion.</p>
<p>&quot;We don't know the exact date but we now expect those bonds to be issued in early to mid-April,&quot; said a spokesman for the Authority, which runs terminals and transportation. This is the second time the bond sale was delayed.  </p>
<p>Initially, the Authority had planned to sell the debt in December, but the transaction was delayed until the first quarter of 1997 due to its complexity.</p>
<p>No explanation for the sale's second delay or for the reduction in the offering's size was immediately available.</p>
<p>The bi-state agency had approved the bonds in November to finance a new international arrivals building at John F. Kennedy Airport in the Borough of Queens in New York City. Lehman Brothers and Citicorp were chosen to lead the underwriters.</p>
<p>((Joan Gralla, 212-859-1654))</p>
</text>
<copyright>(c) Reuters Limited 1997</copyright>
<metadata>
<codes class="bip:countries:1.0">
  <code code="USA">
    <editdetail attribution="Reuters BIP Coding Group" action="confirmed" date="1997-03-20"/>
  </code>
</codes>
<codes class="bip:industries:1.0">
  <code code="I76300">
    <editdetail attribution="Reuters BIP Coding Group" action="confirmed" date="1997-03-20"/>
  </code>
</codes>
<codes class="bip:topics:1.0">
  <code code="C17">
    <editdetail attribution="Reuters BIP Coding Group" action="confirmed" date="1997-03-20"/>
  </code>
  <code code="C172">
    <editdetail attribution="Reuters BIP Coding Group" action="confirmed" date="1997-03-20"/>
  </code>
  <code code="CCAT">
    <editdetail attribution="Reuters BIP Coding Group" action="confirmed" date="1997-03-20"/>
  </code>
</codes>
<dc element="dc.date.created" value="1997-03-20"/>
<dc element="dc.publisher" value="Reuters Holdings Plc"/>
<dc element="dc.date.published" value="1997-03-20"/>
<dc element="dc.source" value="Reuters"/>
<dc element="dc.creator.location" value="NEW YORK"/>
<dc element="dc.creator.location.country.name" value="USA"/>
<dc element="dc.source" value="Reuters"/>
</metadata>
</newsitem>
