<?xml version="1.0" encoding="iso-8859-1" ?>
<newsitem itemid="455285" id="root" date="1997-03-20" xml:lang="en">
<title>USA: Advanced Aerodynamics '96 shr loss $0.96.</title>
<headline>Advanced Aerodynamics '96 shr loss $0.96.</headline>
<dateline>LONG BEACH, Calif. 1997-03-20</dateline>
<text>
<p>ADVANCED AERODYNAMICS &amp; STRUCTURES INC.</p>
<p>			  (A Development Stage Enterprise)</p>
<p>				STATEMENTS OF OPERATIONS</p>
<p>								 Year Ended</p>
<p>								   Dec. 31</p>
<p>							   1996	     1995</p>
<p>Other income				  $     23,000   $     27,000</p>
<p>Interest income				    110,000		 --</p>
<p>							 133,000	   27,000</p>
<p>Costs and expenses:</p>
<p>  General and administrative expense     1,927,000	1,453,000</p>
<p>  Interest expense				 652,000	  262,000</p>
<p>						     2,579,000	1,715,000</p>
<p>Loss before extraordinary item	    (2,446,000)    (1,688,000)</p>
<p>Extraordinary loss on extinguishment</p>
<p> of debt					     942,000		 --</p>
<p>Net loss					$ (3,388,000)  $ (1,688,000)</p>
<p>Net loss per share			  $	(0.96)  $	(0.50)</p>
<p>Weighted average number of shares</p>
<p> outstanding				     3,546,000	3,400,000</p>
</text>
<copyright>(c) Reuters Limited 1997</copyright>
<metadata>
<codes class="bip:countries:1.0">
  <code code="USA">
    <editdetail attribution="Reuters BIP Coding Group" action="confirmed" date="1997-03-20"/>
  </code>
</codes>
<codes class="bip:topics:1.0">
  <code code="C15">
    <editdetail attribution="Reuters BIP Coding Group" action="confirmed" date="1997-03-20"/>
  </code>
  <code code="C151">
    <editdetail attribution="Reuters BIP Coding Group" action="confirmed" date="1997-03-20"/>
  </code>
  <code code="C1511">
    <editdetail attribution="Reuters BIP Coding Group" action="confirmed" date="1997-03-20"/>
  </code>
  <code code="CCAT">
    <editdetail attribution="Reuters BIP Coding Group" action="confirmed" date="1997-03-20"/>
  </code>
</codes>
<dc element="dc.date.created" value="1997-03-20"/>
<dc element="dc.publisher" value="Reuters Holdings Plc"/>
<dc element="dc.date.published" value="1997-03-20"/>
<dc element="dc.source" value="Reuters"/>
<dc element="dc.creator.location" value="LONG BEACH, Calif."/>
<dc element="dc.creator.location.country.name" value="USA"/>
<dc element="dc.source" value="Reuters"/>
</metadata>
</newsitem>
