<?xml version="1.0" encoding="iso-8859-1" ?>
<newsitem itemid="455248" id="root" date="1997-03-20" xml:lang="en">
<title>USA: Kroger Co to make two-for-one stock split.</title>
<headline>Kroger Co to make two-for-one stock split.</headline>
<dateline>CINCINNATI, Ohio 1997-03-20</dateline>
<text>
<p>Kroger Co said Thursday it was going to make a two-for-one stock split of its common stock, effective April 4.  </p>
<p>The company said the board of directors was confident in the long-term performance and strength of Kroger.</p>
<p>&quot;The Company's increased sales, cash flow and earnings in each of the past four years, the reduction of long-term debt and our investment in new stores and technology have all been factors in the steady increase in Kroger's stock price,&quot; it said.</p>
<p>A company spokesman said its total circulation was about 132 million in diluted shares against 129.2 million a year ago. The figures are before the split.</p>
<p>On Thursday, Kroger's stock closed at 53-1/2 on the New York Stock Exchange, against 53-7/8 the previous day.</p>
<p>In January, Kroger reported an operating share profit of $0.95 for the fourth quarter against $0.84 a year ago.</p>
</text>
<copyright>(c) Reuters Limited 1997</copyright>
<metadata>
<codes class="bip:countries:1.0">
  <code code="USA">
    <editdetail attribution="Reuters BIP Coding Group" action="confirmed" date="1997-03-20"/>
  </code>
</codes>
<codes class="bip:industries:1.0">
  <code code="I64100">
    <editdetail attribution="Reuters BIP Coding Group" action="confirmed" date="1997-03-20"/>
  </code>
</codes>
<codes class="bip:topics:1.0">
  <code code="C17">
    <editdetail attribution="Reuters BIP Coding Group" action="confirmed" date="1997-03-20"/>
  </code>
  <code code="C171">
    <editdetail attribution="Reuters BIP Coding Group" action="confirmed" date="1997-03-20"/>
  </code>
  <code code="CCAT">
    <editdetail attribution="Reuters BIP Coding Group" action="confirmed" date="1997-03-20"/>
  </code>
</codes>
<dc element="dc.date.created" value="1997-03-20"/>
<dc element="dc.publisher" value="Reuters Holdings Plc"/>
<dc element="dc.date.published" value="1997-03-20"/>
<dc element="dc.source" value="Reuters"/>
<dc element="dc.creator.location" value="CINCINNATI, Ohio"/>
<dc element="dc.creator.location.country.name" value="USA"/>
<dc element="dc.source" value="Reuters"/>
</metadata>
</newsitem>
