<?xml version="1.0" encoding="iso-8859-1" ?>
<newsitem itemid="455264" id="root" date="1997-03-20" xml:lang="en">
<title>USA: U.S. Treasury balances at Fed fell on March 19.</title>
<headline>U.S. Treasury balances at Fed fell on March 19.</headline>
<dateline>WASHINGTON 1997-03-20</dateline>
<text>
<p>U.S. Treasury balances at Federal Reserve based on Treasury Department's latest budget statement.</p>
<p>			  (BILLIONS OF DLRS)</p>
<p>				March 19	     March 18</p>
<p>Fed acct			 9.035		 12.885</p>
<p>Tax/loan note acct	  29.811		 27.089</p>
<p>Cash balance		  38.847		 39.974</p>
<p>---</p>
<p>Total public debt,  subject to limit</p>
<p>			     5,282.267	    5,280.729</p>
<p>---</p>
<p>Treasury said individual income tax refunds valued at $3 million were issued and $147 million of corporate refunds were issued.</p>
</text>
<copyright>(c) Reuters Limited 1997</copyright>
<metadata>
<codes class="bip:countries:1.0">
  <code code="USA">
    <editdetail attribution="Reuters BIP Coding Group" action="confirmed" date="1997-03-20"/>
  </code>
</codes>
<codes class="bip:topics:1.0">
  <code code="E51">
    <editdetail attribution="Reuters BIP Coding Group" action="confirmed" date="1997-03-20"/>
  </code>
  <code code="E513">
    <editdetail attribution="Reuters BIP Coding Group" action="confirmed" date="1997-03-20"/>
  </code>
  <code code="ECAT">
    <editdetail attribution="Reuters BIP Coding Group" action="confirmed" date="1997-03-20"/>
  </code>
</codes>
<dc element="dc.date.created" value="1997-03-20"/>
<dc element="dc.publisher" value="Reuters Holdings Plc"/>
<dc element="dc.date.published" value="1997-03-20"/>
<dc element="dc.source" value="Reuters"/>
<dc element="dc.creator.location" value="WASHINGTON"/>
<dc element="dc.creator.location.country.name" value="USA"/>
<dc element="dc.source" value="Reuters"/>
</metadata>
</newsitem>
