<?xml version="1.0" encoding="iso-8859-1" ?>
<newsitem itemid="455255" id="root" date="1997-03-20" xml:lang="en">
<title>USA: RDO Equipment Co Q4 Jan 31 pro forma net.</title>
<headline>RDO Equipment Co Q4 Jan 31 pro forma net.</headline>
<dateline>FARGO, N.D. 1997-03-20</dateline>
<text>
<p>1997			1996</p>
<p> Shr pro forma	    $0.06		   $ 0.03</p>
<p> Net pro forma		583			247</p>
<p> Revs			73,153		   46,732</p>
<p> Avg shrs		   9,567		    9,429</p>
<p>	 (All Data Above 000s Except Per Share Numbers)</p>
<p>NOTE: Pro forma net income reflects income taxes as though the company were a tax-paying entity for all periods. Its initial public offering was on January 29, 1997.  </p>
<p>			YEAR</p>
<p> Shr pro forma	   $ 0.68		   $ 0.51</p>
<p> Net pro forma	    6,483		    4,841</p>
<p> Revs		     302,413		  223,557</p>
<p> Avg shrs		   9,459		    9,429</p>
<p>	 (All Data Above 000s Except Per Share Numbers)</p>
<p>	  ((Reuters Chicago Newsdesk (312) 408-8787))</p>
</text>
<copyright>(c) Reuters Limited 1997</copyright>
<metadata>
<codes class="bip:countries:1.0">
  <code code="USA">
    <editdetail attribution="Reuters BIP Coding Group" action="confirmed" date="1997-03-20"/>
  </code>
</codes>
<codes class="bip:industries:1.0">
  <code code="I65400">
    <editdetail attribution="Reuters BIP Coding Group" action="confirmed" date="1997-03-20"/>
  </code>
</codes>
<codes class="bip:topics:1.0">
  <code code="C15">
    <editdetail attribution="Reuters BIP Coding Group" action="confirmed" date="1997-03-20"/>
  </code>
  <code code="C151">
    <editdetail attribution="Reuters BIP Coding Group" action="confirmed" date="1997-03-20"/>
  </code>
  <code code="C1511">
    <editdetail attribution="Reuters BIP Coding Group" action="confirmed" date="1997-03-20"/>
  </code>
  <code code="CCAT">
    <editdetail attribution="Reuters BIP Coding Group" action="confirmed" date="1997-03-20"/>
  </code>
</codes>
<dc element="dc.date.created" value="1997-03-20"/>
<dc element="dc.publisher" value="Reuters Holdings Plc"/>
<dc element="dc.date.published" value="1997-03-20"/>
<dc element="dc.source" value="Reuters"/>
<dc element="dc.creator.location" value="FARGO, N.D."/>
<dc element="dc.creator.location.country.name" value="USA"/>
<dc element="dc.source" value="Reuters"/>
</metadata>
</newsitem>
