<?xml version="1.0" encoding="iso-8859-1" ?>
<newsitem itemid="455276" id="root" date="1997-03-20" xml:lang="en">
<title>USA: U.S. debt futures finish erratic trade mixed.</title>
<headline>U.S. debt futures finish erratic trade mixed.</headline>
<dateline>CHICAGO 1997-03-20</dateline>
<text>
<p>U.S. debt futures ended a session of spotty trading mixed, with the long end recouping the bulk of morning losses and ending mainly on the plus side.</p>
<p>June Treasury bond futures hit day's highs late, with some traders saying the morning's breakdown below the seven-percent yield equivalent area near 108-05/32 may have drawn buyers.</p>
<p>&quot;I saw some big buy orders down there,&quot; said one Treasury bond futures floor broker.</p>
<p>Other brokers mentioned market talk they said had circulated this week that fund managers and overseas investors were ready to scoop up U.S. Treasuries at seven percent.  </p>
<p>But brokers said they thought Thursday's resilience in T-bonds emanated mainly from shortcovering and briefly drew power from buy stops, as that contract returned above the 108-00 area after probing lower.</p>
<p>Some said shorts were disappointed with the lack of downside extension after Federal Reserve chairman Alan Greenspan comments that many brokers viewed as hawkish.</p>
<p>Greenspan said the United States ideally must act pre- emptively to keep inflation low, if Fed acts next week the effect on inflation may not be felt for a while, and core CPI is likely to come under pressure from a tight labor market.  </p>
<p>Brokers said they construed Greenspan's remarks as suggesting the Fed might tighten credit March 25.</p>
<p>&quot;We have priced in a quarter point,&quot; said one Eurodollar broker. &quot;We hit our low on stops and rallied back on short covering. I think a lot of what this (recovery) is, is the idea there will be a quarter point next week and no more.&quot;</p>
<p>Others said the curve flattened on technicals as well as ideas that a small Fed tightening might usher in a &quot;relief&quot; bounce up in price in the long end.</p>
<p>&quot;I think you could at least see a point rally,&quot; said another T-bond futures floor broker.  </p>
<p>Futures early showed muted initial response to U.S economic data. Weekly jobless claims rose 3,000 to 312,000 from a revised 309,000 and compared to forecasts for 316,000.</p>
<p>But January's U.S. trade deficit surged 21.1 percent to $12.71 billion, far above estimates for a $10.7 billion shortfall. It fostered talk of downward revisions in analysts' first-quarter gross domestic product estimates.</p>
<p>June T-bonds rose 6/32 to 108-21/32, T-notes lost 1/32 to 106-16/32, muni-bonds rose 9/32 to 113-09/32, Sept T-bills lost 0.045 bps to 94.385, and Eurodollars lost 0.045 to 93.825.</p>
<p>((DerivativesDesk(312)408-8750))</p>
<p>E-mail:derivatives@reuters.com</p>
</text>
<copyright>(c) Reuters Limited 1997</copyright>
<metadata>
<codes class="bip:countries:1.0">
  <code code="USA">
    <editdetail attribution="Reuters BIP Coding Group" action="confirmed" date="1997-03-20"/>
  </code>
</codes>
<codes class="bip:topics:1.0">
  <code code="M12">
    <editdetail attribution="Reuters BIP Coding Group" action="confirmed" date="1997-03-20"/>
  </code>
  <code code="MCAT">
    <editdetail attribution="Reuters BIP Coding Group" action="confirmed" date="1997-03-20"/>
  </code>
</codes>
<dc element="dc.date.created" value="1997-03-20"/>
<dc element="dc.publisher" value="Reuters Holdings Plc"/>
<dc element="dc.date.published" value="1997-03-20"/>
<dc element="dc.source" value="Reuters"/>
<dc element="dc.creator.location" value="CHICAGO"/>
<dc element="dc.creator.location.country.name" value="USA"/>
<dc element="dc.source" value="Reuters"/>
</metadata>
</newsitem>
