<?xml version="1.0" encoding="iso-8859-1" ?>
<newsitem itemid="455206" id="root" date="1997-03-20" xml:lang="en">
<title>USA: BCAM says to buy Drew Shoe for $4.6 mln.</title>
<headline>BCAM says to buy Drew Shoe for $4.6 mln.</headline>
<dateline>MELVILLE, N.Y. 1997-03-20</dateline>
<text>
<p>BCAM International Inc said Thursday it agreed to acquire Drew Shoe Corp, a 125-year-old designer, manufacturer and distributor of medical footwear and orthotic products, for $4.6 million.</p>
<p>BCAM's acquisition of Drew Shoe and related financing are expected to be completed within the next 45 days, BCAM said.</p>
<p>Under the terms of the agreement, Drew will be retaining its current management team and workforce.  Drew's facilities include a 108,000-square-foot plant, located on 11 acres in Lancaster, Ohio.</p>
</text>
<copyright>(c) Reuters Limited 1997</copyright>
<metadata>
<codes class="bip:countries:1.0">
  <code code="USA">
    <editdetail attribution="Reuters BIP Coding Group" action="confirmed" date="1997-03-20"/>
  </code>
</codes>
<codes class="bip:industries:1.0">
  <code code="I83700">
    <editdetail attribution="Reuters BIP Coding Group" action="confirmed" date="1997-03-20"/>
  </code>
</codes>
<codes class="bip:topics:1.0">
  <code code="C18">
    <editdetail attribution="Reuters BIP Coding Group" action="confirmed" date="1997-03-20"/>
  </code>
  <code code="C181">
    <editdetail attribution="Reuters BIP Coding Group" action="confirmed" date="1997-03-20"/>
  </code>
  <code code="CCAT">
    <editdetail attribution="Reuters BIP Coding Group" action="confirmed" date="1997-03-20"/>
  </code>
</codes>
<dc element="dc.date.created" value="1997-03-20"/>
<dc element="dc.publisher" value="Reuters Holdings Plc"/>
<dc element="dc.date.published" value="1997-03-20"/>
<dc element="dc.source" value="Reuters"/>
<dc element="dc.creator.location" value="MELVILLE, N.Y."/>
<dc element="dc.creator.location.country.name" value="USA"/>
<dc element="dc.source" value="Reuters"/>
</metadata>
</newsitem>
