<?xml version="1.0" encoding="iso-8859-1" ?>
<newsitem itemid="455254" id="root" date="1997-03-20" xml:lang="en">
<title>USA: Marriott to buy $1.3 bln of hotels in '97.</title>
<headline>Marriott to buy $1.3 bln of hotels in '97.</headline>
<dateline>BETHESDA, Md. 1997-03-20</dateline>
<text>
<p>Host Marriott Corp said Thursday it acquired about $850 million in properties in the first quarter and was raising its original 1997 acquisition goal of $1.0 billion to $1.3 billion.</p>
<p>The company disclosed it raised its acquisition target after it said Thursday it acquired the New York Marriott Financial Center Hotel, a property it expects will generate $11.5 million in earnings before interest, taxes, depreciation and amortization (EBITDA).</p>
<p>The company purchased the mortgage on the 504-room New York hotel from a financial institution for approximately $101 million in December. By acquiring it at about 63 percent of replacement cost during a strong lodging market, it was confident it would realize outstanding results.</p>
<p>The company also expected significant savings in hotel operations by consolidating management of the hotel with a second one it owns in lower Manhattan.</p>
<p>Host Marriott is a real estate company that currently owns or holds controlling interests in 84 upscale and luxury full service hotel properties operated primarily under the Marriott and Ritz-Carlton brand names.</p>
</text>
<copyright>(c) Reuters Limited 1997</copyright>
<metadata>
<codes class="bip:countries:1.0">
  <code code="USA">
    <editdetail attribution="Reuters BIP Coding Group" action="confirmed" date="1997-03-20"/>
  </code>
</codes>
<codes class="bip:industries:1.0">
  <code code="I66500">
    <editdetail attribution="Reuters BIP Coding Group" action="confirmed" date="1997-03-20"/>
  </code>
</codes>
<codes class="bip:topics:1.0">
  <code code="C18">
    <editdetail attribution="Reuters BIP Coding Group" action="confirmed" date="1997-03-20"/>
  </code>
  <code code="C182">
    <editdetail attribution="Reuters BIP Coding Group" action="confirmed" date="1997-03-20"/>
  </code>
  <code code="CCAT">
    <editdetail attribution="Reuters BIP Coding Group" action="confirmed" date="1997-03-20"/>
  </code>
</codes>
<dc element="dc.date.created" value="1997-03-20"/>
<dc element="dc.publisher" value="Reuters Holdings Plc"/>
<dc element="dc.date.published" value="1997-03-20"/>
<dc element="dc.source" value="Reuters"/>
<dc element="dc.creator.location" value="BETHESDA, Md."/>
<dc element="dc.creator.location.country.name" value="USA"/>
<dc element="dc.source" value="Reuters"/>
</metadata>
</newsitem>
