<?xml version="1.0" encoding="iso-8859-1" ?>
<newsitem itemid="455252" id="root" date="1997-03-20" xml:lang="en">
<title>USA: US stocks end sharply mixed, Dow falls 57 points.</title>
<headline>US stocks end sharply mixed, Dow falls 57 points.</headline>
<byline>Richard Melville</byline>
<dateline>NEW YORK 1997-03-20</dateline>
<text>
<p>Wall Street stocks turned in a sharply mixed performance on Thursday that saw blue chips dragged lower by a stiff sell-off in tobacco shares, but technology stocks rebound from their extended slide.</p>
<p>The Dow industrials fell 57 points to close unofficially at 6820. Component Philip Morris Cos Inc slid 6-1/4 to 115-3/4, contributing about one-third of the average's loss.</p>
<p>The decline in blue chip stocks extended well beyond tobacco stocks, however, and suggested to analysts that investors were now opting to seek out bargains elsewhere.  </p>
<p>One beneficiary was the battered tech sector, whose recent woes have produced a double-digit percentage decline in the Nasdaq Composite over the last two months weeks.</p>
<p>&quot;We passed the 10 percent correction level yesterday and that seems to be a magical level that brings out the bargain hunters,&quot; said Charlie Crane, chief market strategist at Key Asset Management.</p>
<p>Investors also turned to the bond market, which was wobbled early by comments from Federal Reserve Chairman Alan Greenspan only to rebound sharply later in the day.  </p>
<p>Greenspan, who in testimony to Congress spoke of the need for the Fed to act &quot;promptly - ideally pre-emptively&quot; in its fight against inflation, heightened Wall Street's expectations for an interest rate increase at next week's Fed meeting.</p>
<p>However, a bond market decline has yields high enough that some now feel bonds can effectively compete with stocks.</p>
<p>&quot;A lot of people think that if the Fed tightens, it's already priced into the bond market,&quot; said Roy Blumberg, chief investment strategist at Josephthal Lyon &amp; Ross. &quot;That makes bonds attractive, especially when you consider there's no driving inflation in the economy.&quot;  </p>
<p>The story was far different for tobacco stocks, which toppled on news cigarette maker Liggett Group Inc was close to announcing a settlement of anti-smoking litigation with attorneys general in several states.</p>
<p>Sources familiar with talks between the states and Liggett, a unit of Brooke Group Ltd, said the settlement would include an offer by Liggett to turn over potentially damaging documents about the entire industry.</p>
<p>Shares in RJR Nabisco Holdings Corp fell 3/4 to 31-1/2 and Loews Corp, which owns Lorillard Tobacco Co, fell 2-1/4 to 98-1/2. Brooke Group rose 5/8 to 4-7/8.  </p>
<p>In the wake of today's tumultuous session, which saw New York Stock Exchange program trading curbs imposed on three separate occasions, analysts said it would likely be some time before the market's murky outlook could clear.</p>
<p>Looming tomorrow is the quarterly so-called &quot;triple witching&quot; expiration of options, index options and index futures, an event that invariably adds volatility.</p>
<p>Next Tuesday, the Federal Reserve will finally begin its long-awaited interest rate policy meeting.  </p>
<p>In the midst of it all, though, some analysts said a key measure will be whether or not the spark of life that emerged from the tech sector today gains momentum in the coming sessions.</p>
<p>&quot;The techs are putting in what appears to be a pretty good bounce,&quot; said Scott Bleier, chief investment strategist at Prime Charter Ltd. &quot;If the techs can stabilize, the primary market won't be far behind.&quot;</p>
<p>In individual issues, Unisource Worldwide Inc fell 3-3/4 to 16 after warning its fiscal second quarter earnings would be below analysts' estimates.  </p>
<p>U.S. Bancorp jumped 6-7/8 to 55-1/8 after agreeing to be acquired by First Bank System Inc for $59 per share in stock. First Bank fell 2-3/4 to 75-1/2.</p>
<p>The S&amp;P 500 index fell 3.12 points to 782.65.</p>
<p>The Nasdaq Composite rose 9.97 points to 1259.26.</p>
<p>((-- Wall Street desk, 212-859-1730))</p>
</text>
<copyright>(c) Reuters Limited 1997</copyright>
<metadata>
<codes class="bip:countries:1.0">
  <code code="USA">
    <editdetail attribution="Reuters BIP Coding Group" action="confirmed" date="1997-03-20"/>
  </code>
</codes>
<codes class="bip:topics:1.0">
  <code code="M11">
    <editdetail attribution="Reuters BIP Coding Group" action="confirmed" date="1997-03-20"/>
  </code>
  <code code="MCAT">
    <editdetail attribution="Reuters BIP Coding Group" action="confirmed" date="1997-03-20"/>
  </code>
</codes>
<dc element="dc.date.created" value="1997-03-20"/>
<dc element="dc.publisher" value="Reuters Holdings Plc"/>
<dc element="dc.date.published" value="1997-03-20"/>
<dc element="dc.source" value="Reuters"/>
<dc element="dc.creator.location" value="NEW YORK"/>
<dc element="dc.creator.location.country.name" value="USA"/>
<dc element="dc.source" value="Reuters"/>
</metadata>
</newsitem>
