<?xml version="1.0" encoding="iso-8859-1" ?>
<newsitem itemid="455298" id="root" date="1997-03-20" xml:lang="en">
<title>USA: Orbotech stake cut by Elron.</title>
<headline>Orbotech stake cut by Elron.</headline>
<dateline>WASHINGTON 1997-03-20</dateline>
<text>
<p>Elron Electronic Industries Ltd said Thursday it cut its stake in Orbotech Ltd to 1,350,000 ordinary shares or 10.47 percent from 11.88 percent held previously.</p>
<p>In a filing with the Securities and Exchange Commission, Elron said its latest transactions include the sale of 150,000 ordinary shares between January 16 and March 7 in a private placement transaction under rule 144 of the Securities Act.</p>
<p>Orbotech, based in Yavne, Israel, automates the Printed Circuit Board Industry. Elron, based in Haifa, Israel, is a multinational high-technology holding company.</p>
</text>
<copyright>(c) Reuters Limited 1997</copyright>
<metadata>
<codes class="bip:countries:1.0">
  <code code="USA">
    <editdetail attribution="Reuters BIP Coding Group" action="confirmed" date="1997-03-20"/>
  </code>
</codes>
<codes class="bip:industries:1.0">
  <code code="I34000">
    <editdetail attribution="Reuters BIP Coding Group" action="confirmed" date="1997-03-20"/>
  </code>
  <code code="I34440">
    <editdetail attribution="Reuters BIP Coding Group" action="confirmed" date="1997-03-20"/>
  </code>
</codes>
<codes class="bip:topics:1.0">
  <code code="C18">
    <editdetail attribution="Reuters BIP Coding Group" action="confirmed" date="1997-03-20"/>
  </code>
  <code code="C181">
    <editdetail attribution="Reuters BIP Coding Group" action="confirmed" date="1997-03-20"/>
  </code>
  <code code="CCAT">
    <editdetail attribution="Reuters BIP Coding Group" action="confirmed" date="1997-03-20"/>
  </code>
</codes>
<dc element="dc.date.created" value="1997-03-20"/>
<dc element="dc.publisher" value="Reuters Holdings Plc"/>
<dc element="dc.date.published" value="1997-03-20"/>
<dc element="dc.source" value="Reuters"/>
<dc element="dc.creator.location" value="WASHINGTON"/>
<dc element="dc.creator.location.country.name" value="USA"/>
<dc element="dc.source" value="Reuters"/>
</metadata>
</newsitem>
