<?xml version="1.0" encoding="iso-8859-1" ?>
<newsitem itemid="455274" id="root" date="1997-03-20" xml:lang="en">
<title>USA: Gucci rises ahead of results.</title>
<headline>Gucci rises ahead of results.</headline>
<dateline>NEW YORK 1997-03-20</dateline>
<text>
<p>Luxury goods maker Gucci Group NV rose strongly on Thursday, boosted by speculation of stronger-than-expected 1996 results, traders and analysts said.</p>
<p>Gucci American Depositary Receipts (ADRs) rose 3-3/4 to 73-1/2 by mid-afternoon, bucking an overall decline in ADRs. Volume was almost 810,000 shares, more than twice normal daily trade.</p>
<p>&quot;This is strong for a market that's basically down,&quot; a trader said.  </p>
<p>Gijsbert Groenewegen, an analyst for Europe Co Ltd in London, said Gucci would report its 1996 results next Thursday and he thought they would be better than the consensus estimate.</p>
<p>&quot;There is a consensus that the last three months might be quite good for Gucci and everybody is getting excited,&quot; he said.  &quot;So the momentum is building up.&quot;</p>
<p>The I/B/E/S consensus estimate for the fiscal year ended Jan 31, 1996, is 4.69 guilders, or $2.47, a share.  The company reported earnings of 3.15 guilders, or $1.65, a share for the previous year.</p>
<p>He said the ADRs' Thursday price translated into about 139 guilders, above Gucci's resistance level of 136 to 137 guilders on the Amsterdam exchange.</p>
<p>((--Ian Simpson, Wall Street desk, (212) 859-1879))</p>
</text>
<copyright>(c) Reuters Limited 1997</copyright>
<metadata>
<codes class="bip:countries:1.0">
  <code code="USA">
    <editdetail attribution="Reuters BIP Coding Group" action="confirmed" date="1997-03-20"/>
  </code>
</codes>
<codes class="bip:industries:1.0">
  <code code="I44000">
    <editdetail attribution="Reuters BIP Coding Group" action="confirmed" date="1997-03-20"/>
  </code>
</codes>
<codes class="bip:topics:1.0">
  <code code="C15">
    <editdetail attribution="Reuters BIP Coding Group" action="confirmed" date="1997-03-20"/>
  </code>
  <code code="C152">
    <editdetail attribution="Reuters BIP Coding Group" action="confirmed" date="1997-03-20"/>
  </code>
  <code code="CCAT">
    <editdetail attribution="Reuters BIP Coding Group" action="confirmed" date="1997-03-20"/>
  </code>
</codes>
<dc element="dc.date.created" value="1997-03-20"/>
<dc element="dc.publisher" value="Reuters Holdings Plc"/>
<dc element="dc.date.published" value="1997-03-20"/>
<dc element="dc.source" value="Reuters"/>
<dc element="dc.creator.location" value="NEW YORK"/>
<dc element="dc.creator.location.country.name" value="USA"/>
<dc element="dc.source" value="Reuters"/>
</metadata>
</newsitem>
