<?xml version="1.0" encoding="iso-8859-1" ?>
<newsitem itemid="455271" id="root" date="1997-03-20" xml:lang="en">
<title>USA: Weirton Steel increases prices May 4.</title>
<headline>Weirton Steel increases prices May 4.</headline>
<dateline>WEIRTON, W.Va. 1997-03-20</dateline>
<text>
<p>Weirton Steel Corp said Thursday it will increase the base prices of its sheet products, effective with shipments May 4.</p>
<p>The company said the increases of between two percent and three percent, or from $10 to $18 per ton, correspond to increases in sheet products (hot rolled, cold rolled, hot dipped galvanized and electro-galvanized) announced recently by other major integrated producers.</p>
</text>
<copyright>(c) Reuters Limited 1997</copyright>
<metadata>
<codes class="bip:countries:1.0">
  <code code="USA">
    <editdetail attribution="Reuters BIP Coding Group" action="confirmed" date="1997-03-20"/>
  </code>
</codes>
<codes class="bip:industries:1.0">
  <code code="I22100">
    <editdetail attribution="Reuters BIP Coding Group" action="confirmed" date="1997-03-20"/>
  </code>
</codes>
<codes class="bip:topics:1.0">
  <code code="C31">
    <editdetail attribution="Reuters BIP Coding Group" action="confirmed" date="1997-03-20"/>
  </code>
  <code code="CCAT">
    <editdetail attribution="Reuters BIP Coding Group" action="confirmed" date="1997-03-20"/>
  </code>
</codes>
<dc element="dc.date.created" value="1997-03-20"/>
<dc element="dc.publisher" value="Reuters Holdings Plc"/>
<dc element="dc.date.published" value="1997-03-20"/>
<dc element="dc.source" value="Reuters"/>
<dc element="dc.creator.location" value="WEIRTON, W.Va."/>
<dc element="dc.creator.location.country.name" value="USA"/>
<dc element="dc.source" value="Reuters"/>
</metadata>
</newsitem>
