<?xml version="1.0" encoding="iso-8859-1" ?>
<newsitem itemid="455275" id="root" date="1997-03-20" xml:lang="en">
<title>USA: United machinists approve wage agreement.</title>
<headline>United machinists approve wage agreement.</headline>
<dateline>CHICAGO 1997-03-20</dateline>
<text>
<p>The International Association of Machinists said Thursday its members ratified a mid-contract wage agreement reached earlier this month with United Airlines, the chief operating subsidiary of UAL Corp.</p>
<p>The union said more than 80 percent of the eligible employees who voted approved the contract, which calls for two wage increases of five percent in July of 1997 and 1998.</p>
<p>Under the agreement, wages will be restored by the year 2000 to levels in effect prior to July of 1994.</p>
<p>In early January, the union, which represents more than 12,000 of United's employee-owners, rejected a proposal that would have increased pay by 10 percent over four years.</p>
<p>A United spokesman told Reuters the carrier's union pilots have yet to vote on a similar tentative wage increase agreement also reached earlier this month.</p>
<p>UAL shares were off 1-1/4 Thursday at 67.</p>
<p>((Chicago newsdesk (312) 408-8787))</p>
</text>
<copyright>(c) Reuters Limited 1997</copyright>
<metadata>
<codes class="bip:countries:1.0">
  <code code="USA">
    <editdetail attribution="Reuters BIP Coding Group" action="confirmed" date="1997-03-20"/>
  </code>
</codes>
<codes class="bip:industries:1.0">
  <code code="I75000">
    <editdetail attribution="Reuters BIP Coding Group" action="confirmed" date="1997-03-20"/>
  </code>
</codes>
<codes class="bip:topics:1.0">
  <code code="C42">
    <editdetail attribution="Reuters BIP Coding Group" action="confirmed" date="1997-03-20"/>
  </code>
  <code code="CCAT">
    <editdetail attribution="Reuters BIP Coding Group" action="confirmed" date="1997-03-20"/>
  </code>
  <code code="E41">
    <editdetail attribution="Reuters BIP Coding Group" action="confirmed" date="1997-03-20"/>
  </code>
  <code code="ECAT">
    <editdetail attribution="Reuters BIP Coding Group" action="confirmed" date="1997-03-20"/>
  </code>
  <code code="GCAT">
    <editdetail attribution="Reuters BIP Coding Group" action="confirmed" date="1997-03-20"/>
  </code>
  <code code="GJOB">
    <editdetail attribution="Reuters BIP Coding Group" action="confirmed" date="1997-03-20"/>
  </code>
</codes>
<dc element="dc.date.created" value="1997-03-20"/>
<dc element="dc.publisher" value="Reuters Holdings Plc"/>
<dc element="dc.date.published" value="1997-03-20"/>
<dc element="dc.source" value="Reuters"/>
<dc element="dc.creator.location" value="CHICAGO"/>
<dc element="dc.creator.location.country.name" value="USA"/>
<dc element="dc.source" value="Reuters"/>
</metadata>
</newsitem>
