<?xml version="1.0" encoding="iso-8859-1" ?>
<newsitem itemid="455247" id="root" date="1997-03-20" xml:lang="en">
<title>USA: Coast Guard delays opening section of Mississippi.</title>
<headline>Coast Guard delays opening section of Mississippi.</headline>
<dateline>BATON ROUGE, La. 1997-03-20</dateline>
<text>
<p>The U.S. Coast Guard said it delayed reopening of a key deep-draft shipping lane at the mouth of the Mississippi River while it surveys depths in the swollen channel.</p>
<p>A survey boat is making passes through the Southwest Pass at the mouth of the Mississippi to make sure shipping will be safe through the channel, the only entrance to the river from the Gulf of Mexico for deep-draft freighters and tankers, Coast Guard Cmdr. Ken Parris said.</p>
<p>The U.S. Army Corps of Engineers also has four dredging boats working to clear the pass of mud lumps and sand bars that can form in the swirling currents of the rising river.</p>
<p>The Norwegian-flagged freighter Ariel, bound for the United Kingdom with a load of coal, grounded overnight on a mud lump near the mouth of river.</p>
<p>After the freighter was refloated, local pilots had expected shipping through the river's Southwest Pass to resume today with restrictions on ships with over 40-foot drafts.</p>
</text>
<copyright>(c) Reuters Limited 1997</copyright>
<metadata>
<codes class="bip:countries:1.0">
  <code code="USA">
    <editdetail attribution="Reuters BIP Coding Group" action="confirmed" date="1997-03-20"/>
  </code>
</codes>
<codes class="bip:industries:1.0">
  <code code="I72603">
    <editdetail attribution="Reuters BIP Coding Group" action="confirmed" date="1997-03-20"/>
  </code>
</codes>
<codes class="bip:topics:1.0">
  <code code="C13">
    <editdetail attribution="Reuters BIP Coding Group" action="confirmed" date="1997-03-20"/>
  </code>
  <code code="C24">
    <editdetail attribution="Reuters BIP Coding Group" action="confirmed" date="1997-03-20"/>
  </code>
  <code code="CCAT">
    <editdetail attribution="Reuters BIP Coding Group" action="confirmed" date="1997-03-20"/>
  </code>
</codes>
<dc element="dc.date.created" value="1997-03-20"/>
<dc element="dc.publisher" value="Reuters Holdings Plc"/>
<dc element="dc.date.published" value="1997-03-20"/>
<dc element="dc.source" value="Reuters"/>
<dc element="dc.creator.location" value="BATON ROUGE, La."/>
<dc element="dc.creator.location.country.name" value="USA"/>
<dc element="dc.source" value="Reuters"/>
</metadata>
</newsitem>
