<?xml version="1.0" encoding="iso-8859-1" ?>
<newsitem itemid="455253" id="root" date="1997-03-20" xml:lang="en">
<title>USA: JFAX names Richard Ressler chief executive.</title>
<headline>JFAX names Richard Ressler chief executive.</headline>
<dateline>NEW YORK 1997-03-20</dateline>
<text>
<p>JFAX Personal Telecom, a private company that allows people to send faxes to and from electronic mailboxes, on Thursday said it named Richard Ressler to the new position of chief executive.</p>
<p>JFAX also said Michael Schulhof, the former chairman and president of Sony Corp North America, had become an active investor in the company.</p>
<p>Both men made &quot;significant&quot; investments of undisclosed amounts in JFAX, according to Jaye Muller, the company's president and founder.  </p>
<p>Muller told Reuters the involvement and the investments of Ressler and Schulhof were a &quot;next step&quot; in the company's evolution, though he said there were no firm plans for an initial public  offering.</p>
<p>&quot;There are no direct dates. It is definitely something we are considering,&quot; he said.</p>
<p>The JFAX personal telecom technology converts faxes and automatically delivers them to an electronic mailbox or a fax machine. People are also able to receive voice mail with the technology.  </p>
<p>Muller said JFAX allowed its customers, including business travelers and smaller operations, to select phone numbers from around the world and set up &quot;virtual offices.&quot;</p>
<p>Ressler, most recently president and chief executive at MAI Systems Corp, will focus on an accelerated global rollout in the next quarter, Muller said.</p>
<p>The company's network includes 22 cities, with recent launches in Paris, Amsterdam, Vancouver, Toronto and Montreal.</p>
<p>&quot;Richard Ressler's experience in repositioning global companies will push JFAX to establish true leadership in the industry,&quot; Muller said. &quot;At the same time, Michael Schulhof's capital infusion and role as an active investor will help JFAX to establish important partnerships and relations with traditional and non-traditional business giants.&quot;</p>
<p>The company said it planned to double its staff within three months and open a co-headquarters in Los Angeles, which Ressler will oversee.</p>
<p>The research and development team and the operations and customer support departments will move to Los Angeles. The marketing and sales departments will remain in New York.</p>
<p>((-- Patricia Willens, 212-859-1727))</p>
</text>
<copyright>(c) Reuters Limited 1997</copyright>
<metadata>
<codes class="bip:countries:1.0">
  <code code="USA">
    <editdetail attribution="Reuters BIP Coding Group" action="confirmed" date="1997-03-20"/>
  </code>
</codes>
<codes class="bip:industries:1.0">
  <code code="I33030">
    <editdetail attribution="Reuters BIP Coding Group" action="confirmed" date="1997-03-20"/>
  </code>
  <code code="I83940">
    <editdetail attribution="Reuters BIP Coding Group" action="confirmed" date="1997-03-20"/>
  </code>
</codes>
<codes class="bip:topics:1.0">
  <code code="C41">
    <editdetail attribution="Reuters BIP Coding Group" action="confirmed" date="1997-03-20"/>
  </code>
  <code code="C411">
    <editdetail attribution="Reuters BIP Coding Group" action="confirmed" date="1997-03-20"/>
  </code>
  <code code="CCAT">
    <editdetail attribution="Reuters BIP Coding Group" action="confirmed" date="1997-03-20"/>
  </code>
</codes>
<dc element="dc.date.created" value="1997-03-20"/>
<dc element="dc.publisher" value="Reuters Holdings Plc"/>
<dc element="dc.date.published" value="1997-03-20"/>
<dc element="dc.source" value="Reuters"/>
<dc element="dc.creator.location" value="NEW YORK"/>
<dc element="dc.creator.location.country.name" value="USA"/>
<dc element="dc.source" value="Reuters"/>
</metadata>
</newsitem>
