<?xml version="1.0" encoding="iso-8859-1" ?>
<newsitem itemid="455234" id="root" date="1997-03-20" xml:lang="en">
<title>USA: Vallen Corp Q3 Feb 28 net rises.</title>
<headline>Vallen Corp Q3 Feb 28 net rises.</headline>
<dateline>HOUSTON 1997-03-20</dateline>
<text>
<p>Operating Results</p>
<p>						   Third Quarter Ended</p>
<p>						  Feb 28,	   Feb 29,</p>
<p>						    1997		1996</p>
<p> Net sales			     $ 67,032,000    $ 61,516,000</p>
<p> Operating income			 2,896,000	 2,823,000</p>
<p> Net earnings			     2,078,000	 2,028,000</p>
<p> Net earnings per common share		.29		 .28</p>
<p>Average number of common</p>
<p>  shares outstanding		    7,270,000	 7,260,000</p>
<p>						     Nine Months Ended</p>
<p>						  Feb 28,	   Feb 29,</p>
<p>						    1997		1996</p>
<p> Net sales			     $190,241,000    $174,345,000</p>
<p> Operating income			 8,399,000	 8,329,000</p>
<p> Net earnings			     5,830,000	 5,734,000</p>
<p> Net earnings per common share		.80		 .79</p>
<p>Average number of common</p>
<p>  shares outstanding		    7,266,000	 7,235,000</p>
<p>-- New York Newsdesk 212 859-1610</p>
</text>
<copyright>(c) Reuters Limited 1997</copyright>
<metadata>
<codes class="bip:countries:1.0">
  <code code="USA">
    <editdetail attribution="Reuters BIP Coding Group" action="confirmed" date="1997-03-20"/>
  </code>
</codes>
<codes class="bip:industries:1.0">
  <code code="I37200">
    <editdetail attribution="Reuters BIP Coding Group" action="confirmed" date="1997-03-20"/>
  </code>
</codes>
<codes class="bip:topics:1.0">
  <code code="C15">
    <editdetail attribution="Reuters BIP Coding Group" action="confirmed" date="1997-03-20"/>
  </code>
  <code code="C151">
    <editdetail attribution="Reuters BIP Coding Group" action="confirmed" date="1997-03-20"/>
  </code>
  <code code="CCAT">
    <editdetail attribution="Reuters BIP Coding Group" action="confirmed" date="1997-03-20"/>
  </code>
</codes>
<dc element="dc.date.created" value="1997-03-20"/>
<dc element="dc.publisher" value="Reuters Holdings Plc"/>
<dc element="dc.date.published" value="1997-03-20"/>
<dc element="dc.source" value="Reuters"/>
<dc element="dc.creator.location" value="HOUSTON"/>
<dc element="dc.creator.location.country.name" value="USA"/>
<dc element="dc.source" value="Reuters"/>
</metadata>
</newsitem>
