<?xml version="1.0" encoding="iso-8859-1" ?>
<newsitem itemid="455299" id="root" date="1997-03-20" xml:lang="en">
<title>USA: SCAC near deal on Solplax market rights.</title>
<headline>SCAC near deal on Solplax market rights.</headline>
<dateline>KANSAS CITY, Mo. 1997-03-20</dateline>
<text>
<p>SCAC Holdings Corp said Thursday it completed primary negotiations to bring its environmentally friendly plastic to Middle East markets.</p>
<p>The company, which recently acquired all patent rights to the so-called Solplax process, said it has an agreement in principal with a Middle East consortium that will pay between $75 million and $100 million to make and market Solplax.</p>
<p>Solplax is an alcohol-based biodegradable plastic that can be used to create non-toxic products for consumer, medical, industrial and hygiene applications, SCAC said.</p>
<p>SCAC shares were trading up 1/2 Thursday at 15-1/2.</p>
<p>((Chicago newsdesk (312) 408-8787))</p>
</text>
<copyright>(c) Reuters Limited 1997</copyright>
<metadata>
<codes class="bip:countries:1.0">
  <code code="USA">
    <editdetail attribution="Reuters BIP Coding Group" action="confirmed" date="1997-03-20"/>
  </code>
</codes>
<codes class="bip:topics:1.0">
  <code code="C31">
    <editdetail attribution="Reuters BIP Coding Group" action="confirmed" date="1997-03-20"/>
  </code>
  <code code="C33">
    <editdetail attribution="Reuters BIP Coding Group" action="confirmed" date="1997-03-20"/>
  </code>
  <code code="CCAT">
    <editdetail attribution="Reuters BIP Coding Group" action="confirmed" date="1997-03-20"/>
  </code>
</codes>
<dc element="dc.date.created" value="1997-03-20"/>
<dc element="dc.publisher" value="Reuters Holdings Plc"/>
<dc element="dc.date.published" value="1997-03-20"/>
<dc element="dc.source" value="Reuters"/>
<dc element="dc.creator.location" value="KANSAS CITY, Mo."/>
<dc element="dc.creator.location.country.name" value="USA"/>
<dc element="dc.source" value="Reuters"/>
</metadata>
</newsitem>
