<?xml version="1.0" encoding="iso-8859-1" ?>
<newsitem itemid="455201" id="root" date="1997-03-20" xml:lang="en">
<title>USA: Capital Gaming names Tracy chairman.</title>
<headline>Capital Gaming names Tracy chairman.</headline>
<dateline>NEW YORK 1997-03-20</dateline>
<text>
<p>Capital Gaming International Inc said it has elected president and chief executive Edward Tracy to the position of chairman of the board.</p>
<p>The company also said its reorganization plan was confirmed by the Federal Court for the District of New Jersey on March 19.</p>
<p>Its financial restructuring consisted of the issuance by the company of a combination of equity and debt securities in exchange for about $104.6 million in Senior Secured Notes, as well as all of the company's remaining unsecured debt.</p>
<p>As a result, the company has issued new debt securities consisting of $23.1 million in Senior Secured Notes due 2001.</p>
</text>
<copyright>(c) Reuters Limited 1997</copyright>
<metadata>
<codes class="bip:countries:1.0">
  <code code="USA">
    <editdetail attribution="Reuters BIP Coding Group" action="confirmed" date="1997-03-20"/>
  </code>
</codes>
<codes class="bip:topics:1.0">
  <code code="C41">
    <editdetail attribution="Reuters BIP Coding Group" action="confirmed" date="1997-03-20"/>
  </code>
  <code code="C411">
    <editdetail attribution="Reuters BIP Coding Group" action="confirmed" date="1997-03-20"/>
  </code>
  <code code="CCAT">
    <editdetail attribution="Reuters BIP Coding Group" action="confirmed" date="1997-03-20"/>
  </code>
</codes>
<dc element="dc.date.created" value="1997-03-20"/>
<dc element="dc.publisher" value="Reuters Holdings Plc"/>
<dc element="dc.date.published" value="1997-03-20"/>
<dc element="dc.source" value="Reuters"/>
<dc element="dc.creator.location" value="NEW YORK"/>
<dc element="dc.creator.location.country.name" value="USA"/>
<dc element="dc.source" value="Reuters"/>
</metadata>
</newsitem>
