<?xml version="1.0" encoding="iso-8859-1" ?>
<newsitem itemid="455227" id="root" date="1997-03-20" xml:lang="en">
<title>USA: CSCE cocoa ends up sharply as speculators buy.</title>
<headline>CSCE cocoa ends up sharply as speculators buy.</headline>
<dateline>NEW YORK 1997-03-20</dateline>
<text>
<p>After pulling back sharply for two days in a row, CSCE cocoa futures staged a strong comeback on Thursday as speculative buying drove most contracts up some $40 a tonne, trading sources said.</p>
<p>&quot;This market is very buoyant,&quot; one trader said. &quot;There is a lot of speculative interest. It has its setbacks but it keeps proving itself.&quot;</p>
<p>Most-active May futures surged $42 a tonne on the day, to $1,473, after ranging from $1,476 to $1,439. July finished up $41, to $1,499, while the back months closed $22 to $42 higher.</p>
<p>Prices gapped higher at the opening, as expected, with upward momentum accelerating after the May contract broke through $1,449-$1,451, activating light commission house buy-stops, dealers said. Arbitrage-related interest early in the session was also noted.</p>
<p>May delivery briefly breached key technical resistance at $1,475, but scale-up selling by the trade capped gains, dealers said.</p>
<p>Although nothing new fundamentally emerged today, some market participants said a global cocoa deficit in 1996/97 after a surplus the previous season continued to underpin prices.</p>
<p>&quot;With supply down plus growing consumption, we are going to see the underlying rise in consumption chip away at carryover stocks,&quot; one analyst said.</p>
<p>Additionally, forecasts calling for dry weather in West Africa over the next few days were viewed as supportive.</p>
<p>Light rains in southern Ivory Coast's cocoa belt eased off in the last weeks after breaking a drought that had threatened to reduce the midcrop, crop analysts in Abidjan said Thursday.</p>
<p>So far, however, cocoa trees showed little evidence of being stressed, they said.</p>
<p>Technically, dealers said May near-term resistance was pegged at $1,490, with a strong psychological hurdle at $1,500. But to get past May's life-of-contract high of $1,526, traders said some fresh fundamental input would be needed.</p>
<p>Volume reached an estimated 9,494 lots, compared with Wednesday's official tally of 8,244 lots.</p>
<p>((--Patricia Avidan, New York Commodities Desk +1 212 859 1640))</p>
</text>
<copyright>(c) Reuters Limited 1997</copyright>
<metadata>
<codes class="bip:countries:1.0">
  <code code="USA">
    <editdetail attribution="Reuters BIP Coding Group" action="confirmed" date="1997-03-20"/>
  </code>
</codes>
<codes class="bip:topics:1.0">
  <code code="M14">
    <editdetail attribution="Reuters BIP Coding Group" action="confirmed" date="1997-03-20"/>
  </code>
  <code code="M141">
    <editdetail attribution="Reuters BIP Coding Group" action="confirmed" date="1997-03-20"/>
  </code>
  <code code="MCAT">
    <editdetail attribution="Reuters BIP Coding Group" action="confirmed" date="1997-03-20"/>
  </code>
</codes>
<dc element="dc.date.created" value="1997-03-20"/>
<dc element="dc.publisher" value="Reuters Holdings Plc"/>
<dc element="dc.date.published" value="1997-03-20"/>
<dc element="dc.source" value="Reuters"/>
<dc element="dc.creator.location" value="NEW YORK"/>
<dc element="dc.creator.location.country.name" value="USA"/>
<dc element="dc.source" value="Reuters"/>
</metadata>
</newsitem>
