<?xml version="1.0" encoding="iso-8859-1" ?>
<newsitem itemid="455235" id="root" date="1997-03-20" xml:lang="en">
<title>USA: Nasdaq stocks find support at last, close higher.</title>
<headline>Nasdaq stocks find support at last, close higher.</headline>
<dateline>NEW YORK 1997-03-20</dateline>
<text>
<p>Nasdaq stocks lurched higher on Thursday as technology shares ended a string of heavy losses despite a warning of potential interest rate hikes from Federal Reserve Chairman Alan Greenspan.</p>
<p>The Nasdaq Composite Index rose 9.97 points, or 0.8 percent, to an unofficial close of 1259.26.</p>
<p>&quot;The techs were overdue for a bounce,&quot; said Brian Finnerty, managing director of trading at Unterberg Harris. &quot;You've got to go through these shakeouts every now and then, even though they're gut-wrenching.&quot;</p>
<p>Intel was the most active share, down 1/8 to 133-1/4. Other technology issues rose, including Ascend Communications, which gained 4-1/2 to 50-1/4 after Dillon Read reiterated its buy rating and price target of 90.</p>
<p>Sun Microsystems rose 2-1/8 to 28-3/4 after a positive report on the outlook for network computers. Adaptec rose 3-15/16 to 37-3/8.</p>
<p>Greenspan appeared to warn a Congressional panel that the Fed could raise interest rates, possibly as soon as next Tuesday's meeting, analysts said.</p>
<p>Advancing issues led declining shares 2,081 to 1,915. Trading volume totaled 631 million shares.</p>
<p>((-- Wall Street desk (212) 859-1730))</p>
</text>
<copyright>(c) Reuters Limited 1997</copyright>
<metadata>
<codes class="bip:countries:1.0">
  <code code="USA">
    <editdetail attribution="Reuters BIP Coding Group" action="confirmed" date="1997-03-20"/>
  </code>
</codes>
<codes class="bip:topics:1.0">
  <code code="M11">
    <editdetail attribution="Reuters BIP Coding Group" action="confirmed" date="1997-03-20"/>
  </code>
  <code code="MCAT">
    <editdetail attribution="Reuters BIP Coding Group" action="confirmed" date="1997-03-20"/>
  </code>
</codes>
<dc element="dc.date.created" value="1997-03-20"/>
<dc element="dc.publisher" value="Reuters Holdings Plc"/>
<dc element="dc.date.published" value="1997-03-20"/>
<dc element="dc.source" value="Reuters"/>
<dc element="dc.creator.location" value="NEW YORK"/>
<dc element="dc.creator.location.country.name" value="USA"/>
<dc element="dc.source" value="Reuters"/>
</metadata>
</newsitem>
