<?xml version="1.0" encoding="iso-8859-1" ?>
<newsitem itemid="455239" id="root" date="1997-03-20" xml:lang="en">
<title>USA: Tidewater says O.I.L. acquisition accretive.</title>
<headline>Tidewater says O.I.L. acquisition accretive.</headline>
<dateline>NEW ORLEANS 1997-03-20</dateline>
<text>
<p>Tidewater Inc Chairman William C. O'Malley on Thursday said he expects the company's acquisition of Ocean Group Plc's O.I.L. Ltd subsidiary to add two cents a share to earnings in the first year.</p>
<p>The New Orleans-based energy services firm, which posted $1.23 a share earnings in fiscal 1996, agreed to acquire the Ocean Group unit for 328 million stg, or about $525 million.  </p>
<p>The accretion assumes continuation of a share repurchase plan out of free cash flow, O'Malley said.</p>
<p>The company expects international day rates to rise over the next three years to come into line with higher U.S. day rates, boosting cash flow and profits from the acquisition.</p>
<p>The deal will be financed under a $600 million credit facility the company expects to repay out of total cash flow in two to two-and-a-half years, Tidewater executives said.</p>
<p>The acquisition of O.I.L. and its fleet of about 100 vessels allowed Tidewater to add to its market share without increasing the number of vessels in the market, O'Malley said.</p>
<p>Tidewater operates a major fleet of about 650 vessels in the international offshore energy industry, and also rents natural gas compressors in the United States.</p>
</text>
<copyright>(c) Reuters Limited 1997</copyright>
<metadata>
<codes class="bip:countries:1.0">
  <code code="USA">
    <editdetail attribution="Reuters BIP Coding Group" action="confirmed" date="1997-03-20"/>
  </code>
</codes>
<codes class="bip:industries:1.0">
  <code code="I74000">
    <editdetail attribution="Reuters BIP Coding Group" action="confirmed" date="1997-03-20"/>
  </code>
  <code code="I83954">
    <editdetail attribution="Reuters BIP Coding Group" action="confirmed" date="1997-03-20"/>
  </code>
</codes>
<codes class="bip:topics:1.0">
  <code code="C15">
    <editdetail attribution="Reuters BIP Coding Group" action="confirmed" date="1997-03-20"/>
  </code>
  <code code="C152">
    <editdetail attribution="Reuters BIP Coding Group" action="confirmed" date="1997-03-20"/>
  </code>
  <code code="C18">
    <editdetail attribution="Reuters BIP Coding Group" action="confirmed" date="1997-03-20"/>
  </code>
  <code code="C181">
    <editdetail attribution="Reuters BIP Coding Group" action="confirmed" date="1997-03-20"/>
  </code>
  <code code="CCAT">
    <editdetail attribution="Reuters BIP Coding Group" action="confirmed" date="1997-03-20"/>
  </code>
</codes>
<dc element="dc.date.created" value="1997-03-20"/>
<dc element="dc.publisher" value="Reuters Holdings Plc"/>
<dc element="dc.date.published" value="1997-03-20"/>
<dc element="dc.source" value="Reuters"/>
<dc element="dc.creator.location" value="NEW ORLEANS"/>
<dc element="dc.creator.location.country.name" value="USA"/>
<dc element="dc.source" value="Reuters"/>
</metadata>
</newsitem>
