<?xml version="1.0" encoding="iso-8859-1" ?>
<newsitem itemid="455225" id="root" date="1997-03-20" xml:lang="en">
<title>USA: FTC chairman says Staples deal fixable.</title>
<headline>FTC chairman says Staples deal fixable.</headline>
<dateline>WASHINGTON 1997-03-20</dateline>
<text>
<p>Federal Trade Comission Chairman Robert Pitofsky said Thursday the proposed deal between Staples Inc and Office Depot Inc is potentially &quot;fixable,&quot; and  his agency will act within 10 to 14 days on the new merger proposal.</p>
<p>&quot;Yes it's fixable,&quot; Pitofsky said when asked by a reporter if the original merger plan -- which had been turned down by the commission -- could be altered so that it would win approval.</p>
<p>But he said he had not seen the new plan.</p>
<p>&quot;I'm really just speculating here, I don't know what they're offering or what we would require,&quot; he said.</p>
<p>He added that the commission would likely act relatively quickly. &quot;There's no reason for us to sit around with this for more than 10 days, two weeks, something like that,&quot; he said.</p>
<p>The commission voted 4-1 last week to reject the proposed merger. A few days later, the two stores reached an agreement in principle to divest 63 stores to the third player in the office superstore field, OfficeMax.</p>
</text>
<copyright>(c) Reuters Limited 1997</copyright>
<metadata>
<codes class="bip:countries:1.0">
  <code code="USA">
    <editdetail attribution="Reuters BIP Coding Group" action="confirmed" date="1997-03-20"/>
  </code>
</codes>
<codes class="bip:industries:1.0">
  <code code="I61000">
    <editdetail attribution="Reuters BIP Coding Group" action="confirmed" date="1997-03-20"/>
  </code>
  <code code="I65400">
    <editdetail attribution="Reuters BIP Coding Group" action="confirmed" date="1997-03-20"/>
  </code>
</codes>
<codes class="bip:topics:1.0">
  <code code="C13">
    <editdetail attribution="Reuters BIP Coding Group" action="confirmed" date="1997-03-20"/>
  </code>
  <code code="C18">
    <editdetail attribution="Reuters BIP Coding Group" action="confirmed" date="1997-03-20"/>
  </code>
  <code code="C181">
    <editdetail attribution="Reuters BIP Coding Group" action="confirmed" date="1997-03-20"/>
  </code>
  <code code="CCAT">
    <editdetail attribution="Reuters BIP Coding Group" action="confirmed" date="1997-03-20"/>
  </code>
</codes>
<dc element="dc.date.created" value="1997-03-20"/>
<dc element="dc.publisher" value="Reuters Holdings Plc"/>
<dc element="dc.date.published" value="1997-03-20"/>
<dc element="dc.source" value="Reuters"/>
<dc element="dc.creator.location" value="WASHINGTON"/>
<dc element="dc.creator.location.country.name" value="USA"/>
<dc element="dc.source" value="Reuters"/>
</metadata>
</newsitem>
