<?xml version="1.0" encoding="iso-8859-1" ?>
<newsitem itemid="455278" id="root" date="1997-03-20" xml:lang="en">
<title>USA: Most IMM currencies end lower on Greenspan remarks.</title>
<headline>Most IMM currencies end lower on Greenspan remarks.</headline>
<dateline>CHICAGO 1997-03-20</dateline>
<text>
<p>Most IMM currencies finished lower after U.S. Federal Reserve chairman Alan Greenspan's remarks solidified market expectations for a U.S. rate hike at next Tuesday's FOMC meeting, traders and analysts said.</p>
<p>&quot;The dollar started rallying before Greenspan's comments, and he certainly delivered,&quot; Dave Durrant, senior currency strategist at I.D.E.A. Inc, said.</p>
<p>Greenspan in prepared testimony to Congress said the U.S. must ideally act pre-emptively to keep inflation low, and said a further drop in joblessness would boost the risk of higher wages and prices.  </p>
<p>While analysts believe currency futures will continue to fall ahead of the March 25 Federal Open Market Committee meeting, Durrant said the dollar's gains would be limited at 1.6950 marks and 124.10 yen in the interim.</p>
<p>Those cash levels correspond to $0.5932 in June marks and $0.008156 in June yen -- levels both contracts managed to hold above despite active fund and dealer selling in both pits, traders said.</p>
<p>Both contracts, plus June Swiss francs, steadily inched lower in the afternoon, but one technician said Swiss franc futures looked firmer technically.  </p>
<p>&quot;Swiss franc futures look a little better than marks because June once again rose above $0.6965, but I would say for the contract to turn around it would have to close above $0.7140,&quot; he said, referring to the 1-1/2-month high.</p>
<p>Resistance for June marks is at the 1-1/4-month high of $0.6037.</p>
<p>Some pit traders said June marks could hit that level on continued talk about a delay in the European Monetary Union start date. Earlier in the day, rumors circulated in the futures market that there would be an EMU announcement during Thursday's overnight GLOBEX session.  </p>
<p>On Monday, German Finance Minister Theo Waigel was quoted in a daily German newspaper as saying that fulfilling the Maastricht criteria was more important than sticking to a strict timetable.</p>
<p>&quot;The thing curbing the dollar's rally is talk of an EMU delay,&quot; Durrant said.</p>
<p>Durrant noted that anticipation the U.S. administration may jawbone the dollar lower was also undermining the dollar's upside momentum. The U.S. manufacturing sector could pressure the administration into forsaking its strong dollar policy, as U.S. exports fell in January.  </p>
<p>According to the U.S. January trade report, U.S. exports fell 0.6 percent to $70.78 billion, from a downward revised $71.21 billion in December.</p>
<p>At the end of pit trade, June yen was off $0.000063 at $0.008180, marks were down $0.0038 at $0.5944, Swiss francs were off $0.0044 at $0.6948, sterling was off $0.0056 at $1.5914, Canadian dollars were off $0.0013 at $0.7293, Australian dollars were up $0.0002 at $0.7866 and Mexican pesos were up $0.000325 at $0.121450. ((Derivatives desk 312-408-8750))E-mail derivatives@reuters.com</p>
</text>
<copyright>(c) Reuters Limited 1997</copyright>
<metadata>
<codes class="bip:countries:1.0">
  <code code="USA">
    <editdetail attribution="Reuters BIP Coding Group" action="confirmed" date="1997-03-20"/>
  </code>
</codes>
<codes class="bip:topics:1.0">
  <code code="M13">
    <editdetail attribution="Reuters BIP Coding Group" action="confirmed" date="1997-03-20"/>
  </code>
  <code code="M132">
    <editdetail attribution="Reuters BIP Coding Group" action="confirmed" date="1997-03-20"/>
  </code>
  <code code="MCAT">
    <editdetail attribution="Reuters BIP Coding Group" action="confirmed" date="1997-03-20"/>
  </code>
</codes>
<dc element="dc.date.created" value="1997-03-20"/>
<dc element="dc.publisher" value="Reuters Holdings Plc"/>
<dc element="dc.date.published" value="1997-03-20"/>
<dc element="dc.source" value="Reuters"/>
<dc element="dc.creator.location" value="CHICAGO"/>
<dc element="dc.creator.location.country.name" value="USA"/>
<dc element="dc.source" value="Reuters"/>
</metadata>
</newsitem>
