<?xml version="1.0" encoding="iso-8859-1" ?>
<newsitem itemid="455393" id="root" date="1997-03-20" xml:lang="en">
<title>PORTUGAL: SOCCER-UNITED FANS HIT BY ANTI-RIOT PELLETS.</title>
<headline>SOCCER-UNITED FANS HIT BY ANTI-RIOT PELLETS.</headline>
<byline>Richard Waddington</byline>
<dateline>OPORTO, Portugal 1997-03-20</dateline>
<text>
<p>Several Manchester United fans were being treated in hospital early on Thursday after police opened fire with anti-riot pellets during disturbances at the European Cup quarter-final second leg tie with Porto on Wednesday night.</p>
<p>Officials at the Sao Jorge hospital said six or seven English fans had been brought in from the Das Antas stadium with plastic pellet wounds, including one supporter who had been hit in the head.</p>
<p>&quot;They were hit...but no vital organs were damaged,&quot; Doctor Luis Aguiar told Reuters, adding that all the injured were expected to be able to leave hospital within the following few hours.</p>
<p>Police had battled  to restrain a crowd of United fans trying to leave the ground as the match, in which the English champions clinched a place in the European Cup semifinals, was drawing to a close.</p>
<p>The  game ended 0-0 but United coasted through on aggregate, having trounced Porto 4-0 in the first leg in Manchester.</p>
<p>The fans had ignored a police warning that they should remain in the ground for at least 45 minutes after the game to give local Porto supporters time to clear the stadium.</p>
<p>Witnesses said the police also used batons and tear gas to force back the dozens of fans converging on the exit. Police said some 15 officers were also slightly injured in the clashes, but no arrests were made.</p>
<p>&quot;It was a disgrace, they opened fire on us. I have five wounds,&quot; one United fan told Reuters.</p>
<p>It was the second incident of the night involving the visiting supporters.</p>
<p>Earlier, 20 United fans were hurt, including three who were taken to hospital. Most had cuts and bruises after clashing with riot police in a disturbance outside the stadium.</p>
<p>A spokeswoman for the British consulate told BBC Radio Five Live that all the supporters involved were Manchester United fans.</p>
<p>&quot;They were stuck outside the ground and upset they could not get in after the match started,&quot; she said.</p>
<p>The problem appears to have arisen after they were found to have tickets reserved for areas where Porto fans were allocated.</p>
<p>&quot;We cannot confirm that there were any forged tickets,&quot; she said.</p>
<p>About 10,000 fans had followed their team to Portugal for the match.</p>
<p>It was reported that around 200 United fans were involved in the fracas before the game and were told they would not be allowed in as their tickets were forged.</p>
<p>However, room was later found for them inside the stadium.</p>
</text>
<copyright>(c) Reuters Limited 1997</copyright>
<metadata>
<codes class="bip:countries:1.0">
  <code code="PORL">
    <editdetail attribution="Reuters BIP Coding Group" action="confirmed" date="1997-03-20"/>
  </code>
  <code code="UK">
    <editdetail attribution="Reuters BIP Coding Group" action="confirmed" date="1997-03-20"/>
  </code>
</codes>
<codes class="bip:topics:1.0">
  <code code="GCAT">
    <editdetail attribution="Reuters BIP Coding Group" action="confirmed" date="1997-03-20"/>
  </code>
  <code code="GSPO">
    <editdetail attribution="Reuters BIP Coding Group" action="confirmed" date="1997-03-20"/>
  </code>
</codes>
<dc element="dc.date.created" value="1997-03-20"/>
<dc element="dc.publisher" value="Reuters Holdings Plc"/>
<dc element="dc.date.published" value="1997-03-20"/>
<dc element="dc.source" value="Reuters"/>
<dc element="dc.creator.location" value="OPORTO, Portugal"/>
<dc element="dc.creator.location.country.name" value="PORTUGAL"/>
<dc element="dc.source" value="Reuters"/>
</metadata>
</newsitem>
