<?xml version="1.0" encoding="iso-8859-1" ?>
<newsitem itemid="455344" id="root" date="1997-03-20" xml:lang="en">
<title>USA: N.C. court rules to protect shared tobacco papers.</title>
<headline>N.C. court rules to protect shared tobacco papers.</headline>
<dateline>NEW YORK 1997-03-20</dateline>
<text>
<p>Philip Morris Cos Inc said Thursday a North Carolina court granted a temporary restraining order that prevents Liggett Group Inc from disclosing documents owned jointly with the other four major U.S. tobacco companies.</p>
<p>The ruling was granted on behalf of Philip Morris, R.J. Reynolds Tobacco Co, a unit of RJR Nabisco Holdings Corp, Lorillard Tobacco Co, a unit of Loews Corp, and Brown &amp; Williamson Tobacco Corp, a unit of B.A.T Industries Plc.</p>
<p>The court decision was granted amid swirling developments on the tobacco litigation front, including reports that Liggett, a unit of Brooke Group Ltd, would soon announce an expanded litigation settlement package.</p>
<p>Sources close to the situation told Reuters a press conference was scheduled for 1600 EST/2100 GMT in Washington to announce the settlement between Liggett and a group of state attorneys general who are suing the tobacco industry to recover billions of dollars in state funds spent treating smoking-related illnesses.  </p>
<p>The documents at issue in the North Caroline court are notes and other papers owned by the Committee of Counsel, a panel of attorneys and company executives from the major U.S. tobacco firms.</p>
<p>According to various sources and published reports, Brooke Group Chairman Bennett LeBow was prepared to include these papers among documents he would hand over to plaintiffs' attorneys as part of his new settlement deal.</p>
<p>&quot;There is a right way and a wrong way to pursue discovery in litigation. The attorneys general are proposing to take an inappropriate route,&quot; Philip Morris said in announcing the court ruling.</p>
<p>&quot;We cannot allow them to proceed in an unchecked, reckless fashion to undermine long-settled principles that protect from disclosure materials covered by attorney-client privilege,&quot; the company said.</p>
</text>
<copyright>(c) Reuters Limited 1997</copyright>
<metadata>
<codes class="bip:countries:1.0">
  <code code="USA">
    <editdetail attribution="Reuters BIP Coding Group" action="confirmed" date="1997-03-20"/>
  </code>
</codes>
<codes class="bip:industries:1.0">
  <code code="I42900">
    <editdetail attribution="Reuters BIP Coding Group" action="confirmed" date="1997-03-20"/>
  </code>
  <code code="I83960">
    <editdetail attribution="Reuters BIP Coding Group" action="confirmed" date="1997-03-20"/>
  </code>
</codes>
<codes class="bip:topics:1.0">
  <code code="C12">
    <editdetail attribution="Reuters BIP Coding Group" action="confirmed" date="1997-03-20"/>
  </code>
  <code code="CCAT">
    <editdetail attribution="Reuters BIP Coding Group" action="confirmed" date="1997-03-20"/>
  </code>
  <code code="GCAT">
    <editdetail attribution="Reuters BIP Coding Group" action="confirmed" date="1997-03-20"/>
  </code>
  <code code="GCRIM">
    <editdetail attribution="Reuters BIP Coding Group" action="confirmed" date="1997-03-20"/>
  </code>
  <code code="GHEA">
    <editdetail attribution="Reuters BIP Coding Group" action="confirmed" date="1997-03-20"/>
  </code>
</codes>
<dc element="dc.date.created" value="1997-03-20"/>
<dc element="dc.publisher" value="Reuters Holdings Plc"/>
<dc element="dc.date.published" value="1997-03-20"/>
<dc element="dc.source" value="Reuters"/>
<dc element="dc.creator.location" value="NEW YORK"/>
<dc element="dc.creator.location.country.name" value="USA"/>
<dc element="dc.source" value="Reuters"/>
</metadata>
</newsitem>
