<?xml version="1.0" encoding="iso-8859-1" ?>
<newsitem itemid="455315" id="root" date="1997-03-20" xml:lang="en">
<title>USA: Bank of Commerce sets stock split.</title>
<headline>Bank of Commerce sets stock split.</headline>
<dateline>SAN DIEGO 1997-03-20</dateline>
<text>
<p>Bank of Commerce said Thursday its board of directors has approved a five-for-two split of its common stock to be issued May 5, to shareholders of record April 15.</p>
<p>Shareholder will receive 150 additional shares of common stock for every 100 shares currently owned. Cash payments will be made in lieu of fractional shares.</p>
<p>Bank of Commerce has about 2,012,209 shares outstanding and will have 5,030,522 shares outstanding after the new shares are issued.</p>
<p>&quot;Bank of Commerce has achieved several successful years of solid growth and we believe in sharing our success with stockholders by paying this stock dividend,&quot; said President and Chief Executive Officer Peter  Davis. &quot;We believe the stock split will improve the trading liquidity of our shares.&quot;</p>
</text>
<copyright>(c) Reuters Limited 1997</copyright>
<metadata>
<codes class="bip:countries:1.0">
  <code code="USA">
    <editdetail attribution="Reuters BIP Coding Group" action="confirmed" date="1997-03-20"/>
  </code>
</codes>
<codes class="bip:topics:1.0">
  <code code="C15">
    <editdetail attribution="Reuters BIP Coding Group" action="confirmed" date="1997-03-20"/>
  </code>
  <code code="C151">
    <editdetail attribution="Reuters BIP Coding Group" action="confirmed" date="1997-03-20"/>
  </code>
  <code code="C17">
    <editdetail attribution="Reuters BIP Coding Group" action="confirmed" date="1997-03-20"/>
  </code>
  <code code="C171">
    <editdetail attribution="Reuters BIP Coding Group" action="confirmed" date="1997-03-20"/>
  </code>
  <code code="CCAT">
    <editdetail attribution="Reuters BIP Coding Group" action="confirmed" date="1997-03-20"/>
  </code>
</codes>
<dc element="dc.date.created" value="1997-03-20"/>
<dc element="dc.publisher" value="Reuters Holdings Plc"/>
<dc element="dc.date.published" value="1997-03-20"/>
<dc element="dc.source" value="Reuters"/>
<dc element="dc.creator.location" value="SAN DIEGO"/>
<dc element="dc.creator.location.country.name" value="USA"/>
<dc element="dc.source" value="Reuters"/>
</metadata>
</newsitem>
