<?xml version="1.0" encoding="iso-8859-1" ?>
<newsitem itemid="455359" id="root" date="1997-03-20" xml:lang="en">
<title>USA: FDA okays wider use of Rhone-Poulenc polio shot.</title>
<headline>FDA okays wider use of Rhone-Poulenc polio shot.</headline>
<dateline>SWIFTWATER, Pa. 1997-03-20</dateline>
<text>
<p>Pasteur Merieux Connaught, a unit of Rhone-Poulenc Rorer Inc, said Thursday the U.S. Food and Drug Administration has licensed the expanded use its IPOL Poliovirus Vaccine Inactivated (an enhanced, inactivated polio vaccine or eIPV) to include routine vaccination as part of an all-eIPV or a sequential schedule for all U.S. children.</p>
<p>The company said the expanded use supports recommendations published by the Centers for Disease Control and Prevention on January 24.  The purpose of the change in the CDC's polio policy is to help reduce the incidence of disease associated with the live-virus, oral polio vaccine.</p>
<p>There are 8-10 such cases reported each year in the U.S., said the company, which added that the CDC's recommendations are due to be implemented during the first quarter of 1997.</p>
</text>
<copyright>(c) Reuters Limited 1997</copyright>
<metadata>
<codes class="bip:countries:1.0">
  <code code="USA">
    <editdetail attribution="Reuters BIP Coding Group" action="confirmed" date="1997-03-20"/>
  </code>
</codes>
<codes class="bip:industries:1.0">
  <code code="I25000">
    <editdetail attribution="Reuters BIP Coding Group" action="confirmed" date="1997-03-20"/>
  </code>
  <code code="I25700">
    <editdetail attribution="Reuters BIP Coding Group" action="confirmed" date="1997-03-20"/>
  </code>
</codes>
<codes class="bip:topics:1.0">
  <code code="C13">
    <editdetail attribution="Reuters BIP Coding Group" action="confirmed" date="1997-03-20"/>
  </code>
  <code code="C21">
    <editdetail attribution="Reuters BIP Coding Group" action="confirmed" date="1997-03-20"/>
  </code>
  <code code="CCAT">
    <editdetail attribution="Reuters BIP Coding Group" action="confirmed" date="1997-03-20"/>
  </code>
  <code code="GCAT">
    <editdetail attribution="Reuters BIP Coding Group" action="confirmed" date="1997-03-20"/>
  </code>
  <code code="GHEA">
    <editdetail attribution="Reuters BIP Coding Group" action="confirmed" date="1997-03-20"/>
  </code>
</codes>
<dc element="dc.date.created" value="1997-03-20"/>
<dc element="dc.publisher" value="Reuters Holdings Plc"/>
<dc element="dc.date.published" value="1997-03-20"/>
<dc element="dc.source" value="Reuters"/>
<dc element="dc.creator.location" value="SWIFTWATER, Pa."/>
<dc element="dc.creator.location.country.name" value="USA"/>
<dc element="dc.source" value="Reuters"/>
</metadata>
</newsitem>
