<?xml version="1.0" encoding="iso-8859-1" ?>
<newsitem itemid="455387" id="root" date="1997-03-20" xml:lang="en">
<title>NEW ZEALAND: CRICKET-CENTRAL DISTRICTS V SRI LANKA SCOREBOARD.</title>
<headline>CRICKET-CENTRAL DISTRICTS V SRI LANKA SCOREBOARD.</headline>
<dateline>NAPIER, New Zealand 1997-03-20</dateline>
<text>
<p>Scoreboard for the</p>
<p>day/night match between Central Districts and Sri Lanka on</p>
<p>Thursday:</p>
<p>Central Districts</p>
<p> G.Sulzberger c and b Dharmasena		16</p>
<p> C.Spearman b Chandana			    56</p>
<p> M.Sinclair c Chandana b Jayasuriya	   67</p>
<p> L.Howell c Kaluwitharana b Chandana	   9</p>
<p> M.Greatbatch c Pushpakumara b Kalpage	 0</p>
<p> M.Walker lbw b Jayasuriya			18</p>
<p> C.Furlong st Kaluwitharana b Jayasuriya    10</p>
<p> A.Penn c S de Silva b Chandana		 21</p>
<p> C.Findlay not out				  13</p>
<p> B.Williams c Pushpakumara b Jayasuriya	4</p>
<p> C.Bulfin b Jayasuriya			     5</p>
<p> Extras (b-4 lb-1 nb-2 w-1)			8</p>
<p> Total (50 overs)				  227</p>
<p>Fall of wickets: 1-74 2-83 3-97 4-98 5-136 6-156</p>
<p>7-201 8-213 9-220</p>
<p>Bowling: Pushpakumara 3-0-28-0 (nb-2), S. de Silva 7-2-25-0,</p>
<p>Dharmasena 8-1-32-1, Kalpage 10-0-44-1, Chandana 10-0-37-3</p>
<p>(w-1), Jayasuriya 9-0-37-5, A. de Silva 3-0-19-0.</p>
<p>Sri Lanka</p>
<p> S.Jayasuriya lbw b Penn			   0</p>
<p> R.Kaluwitharana c Sinclair b Findlay	 21</p>
<p> M.Atapattu b Williams			    14</p>
<p> A.de Silva c Penn b Williams		   34</p>
<p> A.Ranatunga not out				96</p>
<p> H.Tillekaratne not out			   47</p>
<p> Extras (lb-6 nb-5 w-5)			   16</p>
<p>Total (for for four wickets, 43.3 overs)  228</p>
<p>Fall of wickets: 1-6 2-29 3-73 4-78</p>
<p>Bowling: Penn 9-1-47-1 (w-3), Findlay 7-0-43-1 (nb-2),</p>
<p>Williams 4-0-23-2, Bulfin 5-0-18-0 (nb-3), Furlong 7-0-35-0</p>
<p>(w-2), Sulzberger 4-0-19-0, Walker 6-0-20-0, Spearman 1-0-11-0,</p>
<p>Greatbatch 0.3-0-6-0.</p>
<p>Result: Sri Lanka won by six wickets.</p>
</text>
<copyright>(c) Reuters Limited 1997</copyright>
<metadata>
<codes class="bip:countries:1.0">
  <code code="NZ">
    <editdetail attribution="Reuters BIP Coding Group" action="confirmed" date="1997-03-20"/>
  </code>
  <code code="SRILAN">
    <editdetail attribution="Reuters BIP Coding Group" action="confirmed" date="1997-03-20"/>
  </code>
</codes>
<codes class="bip:topics:1.0">
  <code code="GCAT">
    <editdetail attribution="Reuters BIP Coding Group" action="confirmed" date="1997-03-20"/>
  </code>
  <code code="GSPO">
    <editdetail attribution="Reuters BIP Coding Group" action="confirmed" date="1997-03-20"/>
  </code>
</codes>
<dc element="dc.date.created" value="1997-03-20"/>
<dc element="dc.publisher" value="Reuters Holdings Plc"/>
<dc element="dc.date.published" value="1997-03-20"/>
<dc element="dc.source" value="Reuters"/>
<dc element="dc.creator.location" value="NAPIER, New Zealand"/>
<dc element="dc.creator.location.country.name" value="NEW ZEALAND"/>
<dc element="dc.source" value="Reuters"/>
</metadata>
</newsitem>
