<?xml version="1.0" encoding="iso-8859-1" ?>
<newsitem itemid="455379" id="root" date="1997-03-20" xml:lang="en">
<title>GREECE: SOCCER-LOKO HAT-TRICK SENDS PSG IN TO SEMIS.</title>
<headline>SOCCER-LOKO HAT-TRICK SENDS PSG IN TO SEMIS.</headline>
<byline>Costas Paris</byline>
<dateline>ATHENS 1997-03-20</dateline>
<text>
<p>French international striker Patrice Loko scored a hat-trick on Thursday to give defending champions Paris St Germain a 3-0 away victory over AEK Athens and a place in the semifinals of the European Cup Winners' Cup.</p>
<p>It is the fifth successive season PSG have reached a European semifinal.</p>
<p>PSG shook off the poor form haunting them for much of the season - including the goalless first leg in Paris - to dominate Thursday's tie with Loko and Brazilian Leonardo often spreading panic in the Greek defence.</p>
<p>Midfielder Paul Le Guen crashed a shot against the woodwork after 20 minutes as PSG signalled their attacking intentions.</p>
<p>And two minutes later Loko got the opener when he seized on a cross by Jerome Leroy to beat goalkeeper Ilias Atmatsidis from 10 metres.</p>
<p>Loko claimed his second just before half time, converting a pass by Leonardo, to shatter the hopes of AEK's 28,000 fervent fans.</p>
<p>The Greeks had high hopes of a first European semifinal for 20 years after holding PSG to a goalless draw in Paris. But their only effort of note in the first half was a shot by Georgian Timour Ketspagia which flew wide.</p>
<p>Loko was foiled by Atmatsidis early in the second half but made amends 10 minutes from time when he finished off a solo run in great style.</p>
<p>&quot;It was by far our best away match this season. I am very happy with my three goals,&quot; said Loko.</p>
<p>Ricardo, PSG's Brazilian manager, said: &quot;All our plans worked. We controlled the match after the first goal but I never believed we would end with such a wide victory.</p>
<p>&quot;This match is a positive turning point and I believe the crisis in PSG is over.&quot;</p>
<p>AEK coach Petros Ravousis gave credit to the French side, saying: &quot;PSG proved that it remains a big club despite their problems,&quot;. &quot;They deserved the win.&quot;</p>
</text>
<copyright>(c) Reuters Limited 1997</copyright>
<metadata>
<codes class="bip:countries:1.0">
  <code code="FRA">
    <editdetail attribution="Reuters BIP Coding Group" action="confirmed" date="1997-03-20"/>
  </code>
  <code code="GREECE">
    <editdetail attribution="Reuters BIP Coding Group" action="confirmed" date="1997-03-20"/>
  </code>
</codes>
<codes class="bip:topics:1.0">
  <code code="GCAT">
    <editdetail attribution="Reuters BIP Coding Group" action="confirmed" date="1997-03-20"/>
  </code>
  <code code="GSPO">
    <editdetail attribution="Reuters BIP Coding Group" action="confirmed" date="1997-03-20"/>
  </code>
</codes>
<dc element="dc.date.created" value="1997-03-20"/>
<dc element="dc.publisher" value="Reuters Holdings Plc"/>
<dc element="dc.date.published" value="1997-03-20"/>
<dc element="dc.source" value="Reuters"/>
<dc element="dc.creator.location" value="ATHENS"/>
<dc element="dc.creator.location.country.name" value="GREECE"/>
<dc element="dc.source" value="Reuters"/>
</metadata>
</newsitem>
