<?xml version="1.0" encoding="iso-8859-1" ?>
<newsitem itemid="455339" id="root" date="1997-03-20" xml:lang="en">
<title>USA: U.S. inflation tame but Fed must look ahead - Rivlin.</title>
<headline>U.S. inflation tame but Fed must look ahead - Rivlin.</headline>
<dateline>WASHINGTON 1997-03-20</dateline>
<text>
<p>Federal Reserve Vice Chairwoman Alice Rivlin on Thursday said U.S. inflation appeared to be contained for the time being, but emphasized that the central bank needed to look ahead.</p>
<p>&quot;We've seen a strong economy with moderate wage increases and so far no real evidence of acceleration of inflation but the real question is, how long will this go on?&quot; Rivlin said.</p>
<p>&quot;The Federal Reserve has to look at what might be happening a few months out,&quot; she added.  </p>
<p>Earlier, in testimony to the Joint Economic Committee of Congress, Fed Chairman Alan Greenspan made similar remarks about the need for the Fed to be forward-looking.</p>
<p>Rivlin said there was &quot;some mystery&quot; as to why inflation had not picked up so far.</p>
<p>&quot;With this tight labor market, we would have expected a more rapid increase in wages and more pass-through of wage increase into prices,&quot; Rivlin said, adding that it was also a mystery as to whether the unexpected relationship between labor markets and inflation would continue.  </p>
<p>Rivlin, who was addressing reporters after delivering a lecture in Lincoln, Neb., was also asked about proposals to deal with the perceived overstatement of the Consumer Price Index.</p>
<p>Greenspan has suggested that Congress name a commission that would set cost-of-living increases for federal benefits and taxes, taking into account of the bias.</p>
<p>Rivlin, however, said she did not think such a panel was necessary, adding that it might make more sense for Congress to legislate a temporary adjustment for the CPI.</p>
<p>&quot;It ought to be temporary and have a sunset for a defined period of years, maybe five years,&quot; Rivlin said. During that time, she said Congress could assess the effects of technical changes to the index that the Labor Department's Bureau of Labor Statistics is putting into effect.</p>
</text>
<copyright>(c) Reuters Limited 1997</copyright>
<metadata>
<codes class="bip:countries:1.0">
  <code code="USA">
    <editdetail attribution="Reuters BIP Coding Group" action="confirmed" date="1997-03-20"/>
  </code>
</codes>
<codes class="bip:topics:1.0">
  <code code="E12">
    <editdetail attribution="Reuters BIP Coding Group" action="confirmed" date="1997-03-20"/>
  </code>
  <code code="E13">
    <editdetail attribution="Reuters BIP Coding Group" action="confirmed" date="1997-03-20"/>
  </code>
  <code code="E131">
    <editdetail attribution="Reuters BIP Coding Group" action="confirmed" date="1997-03-20"/>
  </code>
  <code code="ECAT">
    <editdetail attribution="Reuters BIP Coding Group" action="confirmed" date="1997-03-20"/>
  </code>
</codes>
<dc element="dc.date.created" value="1997-03-20"/>
<dc element="dc.publisher" value="Reuters Holdings Plc"/>
<dc element="dc.date.published" value="1997-03-20"/>
<dc element="dc.source" value="Reuters"/>
<dc element="dc.creator.location" value="WASHINGTON"/>
<dc element="dc.creator.location.country.name" value="USA"/>
<dc element="dc.source" value="Reuters"/>
</metadata>
</newsitem>
