<?xml version="1.0" encoding="iso-8859-1" ?>
<newsitem itemid="455398" id="root" date="1997-03-20" xml:lang="en">
<title>UK: SOCCER-LIVERPOOL V BRANN BERGEN TEAMS.</title>
<headline>SOCCER-LIVERPOOL V BRANN BERGEN TEAMS.</headline>
<dateline>LIVERPOOL, England 1997-03-20</dateline>
<text>
<p>Teams for Thursday's European Cup Winners' Cup quarter-final second leg between Liverpool of England and Brann Bergen of Norway:</p>
<p>Liverpool: 1-David James; 5-Mark Wright, 21-Dominic Matteo, 12-Steve Harkness, 4-Jason McAteer, 20-Stig Inge Bjornebye, 7- Steve McManaman, 10-John Barnes, 11-Jamie Redknapp, 9-Robbie Fowler, 15-Patrick Berger.</p>
<p>Brann Bergen: 24-Vidar Bahus; 18-Morten Pedersen, 3-Claus Eftevaag, 16-Per Ove Ludvigsen, 26-Stefan Paldan, 6-Eirik Skjaelaaen, 5-Roger Helland, 8-Geir Hasund, 27-Arne Vidar Moen, 9-Tore Andre Flo, 22-Mons Ivar Mjelde.</p>
</text>
<copyright>(c) Reuters Limited 1997</copyright>
<metadata>
<codes class="bip:countries:1.0">
  <code code="NORW">
    <editdetail attribution="Reuters BIP Coding Group" action="confirmed" date="1997-03-20"/>
  </code>
  <code code="UK">
    <editdetail attribution="Reuters BIP Coding Group" action="confirmed" date="1997-03-20"/>
  </code>
</codes>
<codes class="bip:topics:1.0">
  <code code="GCAT">
    <editdetail attribution="Reuters BIP Coding Group" action="confirmed" date="1997-03-20"/>
  </code>
  <code code="GSPO">
    <editdetail attribution="Reuters BIP Coding Group" action="confirmed" date="1997-03-20"/>
  </code>
</codes>
<dc element="dc.date.created" value="1997-03-20"/>
<dc element="dc.publisher" value="Reuters Holdings Plc"/>
<dc element="dc.date.published" value="1997-03-20"/>
<dc element="dc.source" value="Reuters"/>
<dc element="dc.creator.location" value="LIVERPOOL, England"/>
<dc element="dc.creator.location.country.name" value="UK"/>
<dc element="dc.source" value="Reuters"/>
</metadata>
</newsitem>
