<?xml version="1.0" encoding="iso-8859-1" ?>
<newsitem itemid="455397" id="root" date="1997-03-20" xml:lang="en">
<title>UK: SOCCER-LIVERPOOL 3 BRANN BERGEN 0 - RESULT.</title>
<headline>SOCCER-LIVERPOOL 3 BRANN BERGEN 0 - RESULT.</headline>
<dateline>LIVERPOOL, England 1997-03-20</dateline>
<text>
<p>Liverpool of England beat Brann Bergen of Norway 3-0 (halftime 1-0) in their European Cup Winners' Cup quarter-final second leg match on Thursday.</p>
<p>Scorers: Robbie Fowler pen 25, 78, Stan Collymore 62</p>
<p>Attendance: 40,326</p>
<p>Liverpool won 4-1 on aggregate</p>
<p>Teams:</p>
<p>Liverpool: 1-David James; 5-Mark Wright, 21-Dominic Matteo (6-Phil Babb 46), 12-Steve Harkness, 4-Jason McAteer, 20-Stig Inge Bjornebye, 7-Steve McManaman, 10-John Barnes, 11-Jamie Redknapp, 9-Robbie Fowler, 15-Patrick Berger (8-Stan Collymore 60)</p>
<p>Brann Bergen: 24-Vidar Bahus; 18-Morten Pedersen, 3-Claus Eftevaag (17-Agust Gylfason 44), 16-Per Ove Ludvigsen, 26-Stefan Paldan, 6-Eirik Skjaelaaen (19-Erik Johannessen 86), 5-Roger Helland, 8-Geir Hasund (2-Cato Guntveit 66), 27-Arne Vidar Moen, 9-Tore Andre Flo, 22-Mons Ivar Mjelde.</p>
</text>
<copyright>(c) Reuters Limited 1997</copyright>
<metadata>
<codes class="bip:countries:1.0">
  <code code="NORW">
    <editdetail attribution="Reuters BIP Coding Group" action="confirmed" date="1997-03-20"/>
  </code>
  <code code="UK">
    <editdetail attribution="Reuters BIP Coding Group" action="confirmed" date="1997-03-20"/>
  </code>
</codes>
<codes class="bip:topics:1.0">
  <code code="GCAT">
    <editdetail attribution="Reuters BIP Coding Group" action="confirmed" date="1997-03-20"/>
  </code>
  <code code="GSPO">
    <editdetail attribution="Reuters BIP Coding Group" action="confirmed" date="1997-03-20"/>
  </code>
</codes>
<dc element="dc.date.created" value="1997-03-20"/>
<dc element="dc.publisher" value="Reuters Holdings Plc"/>
<dc element="dc.date.published" value="1997-03-20"/>
<dc element="dc.source" value="Reuters"/>
<dc element="dc.creator.location" value="LIVERPOOL, England"/>
<dc element="dc.creator.location.country.name" value="UK"/>
<dc element="dc.source" value="Reuters"/>
</metadata>
</newsitem>
