<?xml version="1.0" encoding="iso-8859-1" ?>
<newsitem itemid="455345" id="root" date="1997-03-20" xml:lang="en">
<title>USA: Pa. 614 MW Homer City coal unit back after repairs.</title>
<headline>Pa. 614 MW Homer City coal unit back after repairs.</headline>
<dateline>NEW YORK 1997-03-20</dateline>
<text>
<p>A 614 megawatt (MW) unit at the Homer City, Pa., coal-fired generating station reconnected to the grid Thursday after its was shut Wednesday to repair a precipitator, the operator said.</p>
<p>&quot;It came back on line this morning,&quot; said a spokesman for GPU Generation Inc, referring to Homer City's unit 2.</p>
<p>The adjacent 620 MW unit 1 and 650 MW unit 3 were operating at full production, the GPU spokesman said.</p>
<p>Pennsylvania Electric Co (Penelec) and New York State Electric &amp; Gas Co each have a 50 percent stake in the Homer City units.</p>
<p>Both Penelec and GPU Generation are subsidiaries of GPU Inc of Parsippany, N.J.</p>
<p>The three Homer City units represent 11 percent of GPU Inc's total generating capacity.</p>
<p>((--New York Power Desk +1 212 859 1622))</p>
</text>
<copyright>(c) Reuters Limited 1997</copyright>
<metadata>
<codes class="bip:countries:1.0">
  <code code="USA">
    <editdetail attribution="Reuters BIP Coding Group" action="confirmed" date="1997-03-20"/>
  </code>
</codes>
<codes class="bip:industries:1.0">
  <code code="I16000">
    <editdetail attribution="Reuters BIP Coding Group" action="confirmed" date="1997-03-20"/>
  </code>
  <code code="I16100">
    <editdetail attribution="Reuters BIP Coding Group" action="confirmed" date="1997-03-20"/>
  </code>
</codes>
<codes class="bip:topics:1.0">
  <code code="C24">
    <editdetail attribution="Reuters BIP Coding Group" action="confirmed" date="1997-03-20"/>
  </code>
  <code code="CCAT">
    <editdetail attribution="Reuters BIP Coding Group" action="confirmed" date="1997-03-20"/>
  </code>
</codes>
<dc element="dc.date.created" value="1997-03-20"/>
<dc element="dc.publisher" value="Reuters Holdings Plc"/>
<dc element="dc.date.published" value="1997-03-20"/>
<dc element="dc.source" value="Reuters"/>
<dc element="dc.creator.location" value="NEW YORK"/>
<dc element="dc.creator.location.country.name" value="USA"/>
<dc element="dc.source" value="Reuters"/>
</metadata>
</newsitem>
