<?xml version="1.0" encoding="iso-8859-1" ?>
<newsitem itemid="455371" id="root" date="1997-03-20" xml:lang="en">
<title>USA: Somatogen says Lilly ends support of rHb1.1.</title>
<headline>Somatogen says Lilly ends support of rHb1.1.</headline>
<dateline>BOULDER, Colo. 1997-03-20</dateline>
<text>
<p>Somatogen Inc said Thursday that Eli Lilly and Co has decided to discontinue support for rHb1.1 under their current agreement.</p>
<p>The company said the decision entitles it to receive certain termination payments. However, Lilly has expressed an interest in exploring restructuring the collaboration with respect to other indications of rHb1.1 and future generations of Somatogen's recombinant hemoglobin technology, said the company.</p>
<p>Somatogen said it intends to pursue discussions with Lilly and other potential corporate partners.</p>
<p>The company also said it plans to proceed with a cardiopulmonary bypass study of rHb1.1, which is scheduled to begin shortly.  The current intraoperative clinical study of rHb1.1 being conducted by Lilly will be discontinued and Somatogen said it is assessing how to proceed with this indication.  The Phase I clinical trials of rHb1.1 in hematopoiesis will continue.</p>
<p>Somatogen is a biopharmaceutical company engaged in the development and commercialization of genetically engineered recombinant human hemoglobin-based products.  rHb1.1 is Somatogen's lead recombinant hemoglobin compound.</p>
</text>
<copyright>(c) Reuters Limited 1997</copyright>
<metadata>
<codes class="bip:countries:1.0">
  <code code="USA">
    <editdetail attribution="Reuters BIP Coding Group" action="confirmed" date="1997-03-20"/>
  </code>
</codes>
<codes class="bip:industries:1.0">
  <code code="I25700">
    <editdetail attribution="Reuters BIP Coding Group" action="confirmed" date="1997-03-20"/>
  </code>
</codes>
<codes class="bip:topics:1.0">
  <code code="C11">
    <editdetail attribution="Reuters BIP Coding Group" action="confirmed" date="1997-03-20"/>
  </code>
  <code code="C23">
    <editdetail attribution="Reuters BIP Coding Group" action="confirmed" date="1997-03-20"/>
  </code>
  <code code="C33">
    <editdetail attribution="Reuters BIP Coding Group" action="confirmed" date="1997-03-20"/>
  </code>
  <code code="CCAT">
    <editdetail attribution="Reuters BIP Coding Group" action="confirmed" date="1997-03-20"/>
  </code>
  <code code="GCAT">
    <editdetail attribution="Reuters BIP Coding Group" action="confirmed" date="1997-03-20"/>
  </code>
  <code code="GHEA">
    <editdetail attribution="Reuters BIP Coding Group" action="confirmed" date="1997-03-20"/>
  </code>
</codes>
<dc element="dc.date.created" value="1997-03-20"/>
<dc element="dc.publisher" value="Reuters Holdings Plc"/>
<dc element="dc.date.published" value="1997-03-20"/>
<dc element="dc.source" value="Reuters"/>
<dc element="dc.creator.location" value="BOULDER, Colo."/>
<dc element="dc.creator.location.country.name" value="USA"/>
<dc element="dc.source" value="Reuters"/>
</metadata>
</newsitem>
