<?xml version="1.0" encoding="iso-8859-1" ?>
<newsitem itemid="455337" id="root" date="1997-03-20" xml:lang="en">
<title>USA: Fed's Rivlin says US economy doing extremely well.</title>
<headline>Fed's Rivlin says US economy doing extremely well.</headline>
<dateline>LINCOLN, Neb. 1997-03-20</dateline>
<text>
<p>Federal Reserve Vice Chair Alice Rivlin said Thursday that the U.S. economy was doing extremely.</p>
<p>&quot;The economy is doing extremely well at the moment,&quot; Rivlin told students and local business community members at the University of Nebraska.</p>
<p>Asked whether she attributed the current low unemployment rate to monetary policy or government fiscal policy, Rivlin said, &quot;both and a lot of luck.&quot;  </p>
<p>&quot;The (Clinton) administration gets credit for having had courage in 1993 to continue (the efforts) ... by President Bush and Congress,&quot; Rivlin said.</p>
<p>She added, &quot;the Federal Reserve gets credit, too, for having run a sensible monetary policy in 1994.&quot;</p>
<p>Asked whether the U.S. economy might be threatened by the creation of the European Monetary Union, Rivlin said &quot;we can only benefit from having a strong economy in Europe in the long run.&quot; She said, however, that she did not expect the EMU would be a &quot;revolution in our lives.&quot;  </p>
<p>When asked if the Fed felt that growth in consumer debt may lead to inflation, Rivlin said the increase in credit card debt was &quot;not hugely worrisome yet.&quot;</p>
<p>Rivlin declined to comment on stockmarket levels.</p>
<p>&quot;I'm not going to comment on stockmarket levels,&quot; she said. &quot;It's not something I've ever done and I'm not going to start at the Federal Reserve.&quot;  </p>
<p>Commenting on the overall U.S. economic picture, Rivlin said &quot;the standard statistical models ... aren't doing very well in predicting what's been happening over the last year.&quot;</p>
<p>She explained that although labor markets were tight, they did not appear to be exerting too much upward pressure on inflation.</p>
<p>&quot;Labor markets are tight, and surprisingly uniform across the country,&quot; Rivlin said.</p>
<p>Rivlin was also asked what she thought about privatizing the U.S. social security system.</p>
<p>&quot;I am very dubious about privatizing social security,&quot; Rivlin said.</p>
<p>She said proposals to invest the social security trust fund in private assets rather than government bonds was &quot;superficially attractive,&quot; but she was opposed to these proposals because it was not desirable for the government to play a &quot;large role in the private market.&quot;</p>
</text>
<copyright>(c) Reuters Limited 1997</copyright>
<metadata>
<codes class="bip:countries:1.0">
  <code code="USA">
    <editdetail attribution="Reuters BIP Coding Group" action="confirmed" date="1997-03-20"/>
  </code>
</codes>
<codes class="bip:topics:1.0">
  <code code="E11">
    <editdetail attribution="Reuters BIP Coding Group" action="confirmed" date="1997-03-20"/>
  </code>
  <code code="E12">
    <editdetail attribution="Reuters BIP Coding Group" action="confirmed" date="1997-03-20"/>
  </code>
  <code code="ECAT">
    <editdetail attribution="Reuters BIP Coding Group" action="confirmed" date="1997-03-20"/>
  </code>
</codes>
<dc element="dc.date.created" value="1997-03-20"/>
<dc element="dc.publisher" value="Reuters Holdings Plc"/>
<dc element="dc.date.published" value="1997-03-20"/>
<dc element="dc.source" value="Reuters"/>
<dc element="dc.creator.location" value="LINCOLN, Neb."/>
<dc element="dc.creator.location.country.name" value="USA"/>
<dc element="dc.source" value="Reuters"/>
</metadata>
</newsitem>
