<?xml version="1.0" encoding="iso-8859-1" ?>
<newsitem itemid="455307" id="root" date="1997-03-20" xml:lang="en">
<title>USA: National HealthCare LP in deal with Lenox.</title>
<headline>National HealthCare LP in deal with Lenox.</headline>
<dateline>MURFREESBORO, Tenn. 1997-03-20</dateline>
<text>
<p>National HealthCare LP said on Thursday it signed a long-term management contract with Lenox HealthCare for a 128-bed center in Carthage, Tenn.</p>
<p>With this 10-year contract in place, National HealthCare now operates 3,492 long-term health care center beds at 29 Tennessee locations.</p>
<p>National HealthCare also said it opened a new center in Columbia, S.C. Nationwide, the company operates 107 long-term health care centers with a total of 13,556 beds.</p>
</text>
<copyright>(c) Reuters Limited 1997</copyright>
<metadata>
<codes class="bip:countries:1.0">
  <code code="USA">
    <editdetail attribution="Reuters BIP Coding Group" action="confirmed" date="1997-03-20"/>
  </code>
</codes>
<codes class="bip:industries:1.0">
  <code code="I95100">
    <editdetail attribution="Reuters BIP Coding Group" action="confirmed" date="1997-03-20"/>
  </code>
</codes>
<codes class="bip:topics:1.0">
  <code code="C33">
    <editdetail attribution="Reuters BIP Coding Group" action="confirmed" date="1997-03-20"/>
  </code>
  <code code="CCAT">
    <editdetail attribution="Reuters BIP Coding Group" action="confirmed" date="1997-03-20"/>
  </code>
</codes>
<dc element="dc.date.created" value="1997-03-20"/>
<dc element="dc.publisher" value="Reuters Holdings Plc"/>
<dc element="dc.date.published" value="1997-03-20"/>
<dc element="dc.source" value="Reuters"/>
<dc element="dc.creator.location" value="MURFREESBORO, Tenn."/>
<dc element="dc.creator.location.country.name" value="USA"/>
<dc element="dc.source" value="Reuters"/>
</metadata>
</newsitem>
