<?xml version="1.0" encoding="iso-8859-1" ?>
<newsitem itemid="455390" id="root" date="1997-03-20" xml:lang="en">
<title>GERMANY: TENNIS-BECKER DENIES QUITTING GERMANY.</title>
<headline>TENNIS-BECKER DENIES QUITTING GERMANY.</headline>
<dateline>MUNICH, Germany 1997-03-20</dateline>
<text>
<p>Three-times Wimbledon champion Boris Becker denied on Thursday he had left his native Germany for good and said he and his wife Barbara had not yet made any such decision about their future.</p>
<p>&quot;Suspicions that I have turned by back on Germany are false. My wife and I have not yet made any such decision,&quot; Becker said in a statement released by his lawyer in Munich.</p>
<p>Becker added he had done nothing wrong from a tax point of view and said the behaviour of tax investigators, who raided his Munich house in December, would not play a role in such a decision.</p>
<p>&quot;We would not make such an important decision dependent on the behaviour of the financial administration, whose proceedings up to now I disapprove of,&quot; Becker said. &quot;I have done nothing wrong from a tax point of view and I am sure that will be recognised by the financial authorities.&quot;</p>
<p>Becker's statement came after the German media reported on Monday he was leaving Germany for good and moving to a luxury home in the United States.</p>
<p>Becker flew to Miami on Monday and the German media reported he was planning to make a new home on the exclusive Fisher Island just off Miami Beach, where fellow tennis player Jim Courier owns a home.</p>
<p>His wife Barbara and three-year-old son Noah arrived in Florida last weekend.</p>
<p>But Becker said he was there to play at the Lipton Championships in Key Biscayne at the end of the week.</p>
<p>The former world number one had said last year that he wanted to move to the United States when his son was old enough to begin school. But after the raid by German tax investigators on his Munich house in his absence in December an angry Becker warned he could leave his country sooner.</p>
<p>Becker and his wife, who is black, have said they want Noah to attend school in the United States to avoid the pressures in Germany of having a famous father, and so that he might be able to lead a more normal life in a multi-racial society.</p>
<p>Axel Meyer-Woelden, Becker's lawyer, on Thursday denied media reports that the Becker family had held a farewell party and said Noah's room was empty because the family always took all the child's belongings with them when they travelled.</p>
<p>Meyer-Woelden said Becker had sold his old car only in order to buy a new Mercedes.</p>
<p>The mass-circulation daily Bild, which on Monday ran a story headlined: &quot;Boris's bitter farewell&quot;, said on Thursday there was still a chance the beloved tennis star could stay in his country.</p>
</text>
<copyright>(c) Reuters Limited 1997</copyright>
<metadata>
<codes class="bip:countries:1.0">
  <code code="GFR">
    <editdetail attribution="Reuters BIP Coding Group" action="confirmed" date="1997-03-20"/>
  </code>
</codes>
<codes class="bip:topics:1.0">
  <code code="GCAT">
    <editdetail attribution="Reuters BIP Coding Group" action="confirmed" date="1997-03-20"/>
  </code>
  <code code="GSPO">
    <editdetail attribution="Reuters BIP Coding Group" action="confirmed" date="1997-03-20"/>
  </code>
</codes>
<dc element="dc.date.created" value="1997-03-20"/>
<dc element="dc.publisher" value="Reuters Holdings Plc"/>
<dc element="dc.date.published" value="1997-03-20"/>
<dc element="dc.source" value="Reuters"/>
<dc element="dc.creator.location" value="MUNICH, Germany"/>
<dc element="dc.creator.location.country.name" value="GERMANY"/>
<dc element="dc.source" value="Reuters"/>
</metadata>
</newsitem>
