<?xml version="1.0" encoding="iso-8859-1" ?>
<newsitem itemid="455317" id="root" date="1997-03-20" xml:lang="en">
<title>USA: New York Times sees Q1 EPS $0.47 to $0.57.</title>
<headline>New York Times sees Q1 EPS $0.47 to $0.57.</headline>
<dateline>NEW YORK 1997-03-20</dateline>
<text>
<p>New York Times Co said Thursday it expects first quarter earnings of $0.47 to $0.57 per share, higher than analysts' estimates.</p>
<p>The company said higher advertising revenues at its newspaper and broadcast properties and lower newsprint prices were behind the improved earnings.  </p>
<p>In the prior year's first quarter, the company reported earnings of $0.33 per share.  According to First Call, analysts' consensus estimates for this year's first quarter were $0.45 per share.</p>
<p>The quarter's results are to be released April 17.</p>
<p>The New York Times, which besides its flagship paper also owns the Boston Globe and 21 regional newspapers, said it expects newsprint prices to drift upward in 1997.  However, it said newsprint prices are not expected to be as volatile as in the last two years.  </p>
<p>The paper industry recently set increased prices, Times spokeswoman Nancy Nielsen said.</p>
<p>&quot;The question is always whether it will hold or not,&quot; Nielsen said.  &quot;It's too early to tell.&quot;</p>
<p>The company said it will be difficult to compare full-year 1997 with 1996, which had increased revenue from the Summer Olympics and the presidential election.</p>
<p>In addition, it said it expects increased promotional expenses in 1997 from the planned introduction in September of a new New York regional edition of The Times and &quot;a difficult circulation environment&quot; for its newspaper group.</p>
<p>The company said it also expects increasing depreciation and decreasing capitalized interest expense from two new printing facilities that are to come online this year.</p>
<p>((-- Lisa Marie Pane, New York newsdesk 212-859-1713))</p>
</text>
<copyright>(c) Reuters Limited 1997</copyright>
<metadata>
<codes class="bip:countries:1.0">
  <code code="USA">
    <editdetail attribution="Reuters BIP Coding Group" action="confirmed" date="1997-03-20"/>
  </code>
</codes>
<codes class="bip:industries:1.0">
  <code code="I47510">
    <editdetail attribution="Reuters BIP Coding Group" action="confirmed" date="1997-03-20"/>
  </code>
</codes>
<codes class="bip:topics:1.0">
  <code code="C15">
    <editdetail attribution="Reuters BIP Coding Group" action="confirmed" date="1997-03-20"/>
  </code>
  <code code="C152">
    <editdetail attribution="Reuters BIP Coding Group" action="confirmed" date="1997-03-20"/>
  </code>
  <code code="CCAT">
    <editdetail attribution="Reuters BIP Coding Group" action="confirmed" date="1997-03-20"/>
  </code>
</codes>
<dc element="dc.date.created" value="1997-03-20"/>
<dc element="dc.publisher" value="Reuters Holdings Plc"/>
<dc element="dc.date.published" value="1997-03-20"/>
<dc element="dc.source" value="Reuters"/>
<dc element="dc.creator.location" value="NEW YORK"/>
<dc element="dc.creator.location.country.name" value="USA"/>
<dc element="dc.source" value="Reuters"/>
</metadata>
</newsitem>
