<?xml version="1.0" encoding="iso-8859-1" ?>
<newsitem itemid="455330" id="root" date="1997-03-20" xml:lang="en">
<title>USA: Nichols Research Q2 Feb 28 rises to $0.23.</title>
<headline>Nichols Research Q2 Feb 28 rises to $0.23.</headline>
<dateline>HUNTSVILLE, Fla. 1997-03-20</dateline>
<text>
<p>Quarter ended February 28,</p>
<p>					1997	   1996</p>
<p>Revenues		     $ 91,974,000  $ 49,003,000</p>
<p>Operating profits	     4,377,000     3,093,000</p>
<p>Net income			2,780,000     2,051,000</p>
<p>Earnings per share		   0.23	    0.20</p>
<p>				 Six months ended Februuary 28,</p>
<p>					1997	   1996</p>
<p>Revenues		     $174,821,000  $ 98,033,000</p>
<p>Operating profits	     8,774,000     6,031,000</p>
<p>Net income			5,715,000     4,065,000</p>
<p>Earnings per share		   0.47	    0.41</p>
<p>Full company name is Nichols Research Corp. --((New York Newsdesk 212-859-1610))</p>
</text>
<copyright>(c) Reuters Limited 1997</copyright>
<metadata>
<codes class="bip:countries:1.0">
  <code code="USA">
    <editdetail attribution="Reuters BIP Coding Group" action="confirmed" date="1997-03-20"/>
  </code>
</codes>
<codes class="bip:industries:1.0">
  <code code="I83940">
    <editdetail attribution="Reuters BIP Coding Group" action="confirmed" date="1997-03-20"/>
  </code>
</codes>
<codes class="bip:topics:1.0">
  <code code="C15">
    <editdetail attribution="Reuters BIP Coding Group" action="confirmed" date="1997-03-20"/>
  </code>
  <code code="C151">
    <editdetail attribution="Reuters BIP Coding Group" action="confirmed" date="1997-03-20"/>
  </code>
  <code code="CCAT">
    <editdetail attribution="Reuters BIP Coding Group" action="confirmed" date="1997-03-20"/>
  </code>
</codes>
<dc element="dc.date.created" value="1997-03-20"/>
<dc element="dc.publisher" value="Reuters Holdings Plc"/>
<dc element="dc.date.published" value="1997-03-20"/>
<dc element="dc.source" value="Reuters"/>
<dc element="dc.creator.location" value="HUNTSVILLE, Fla."/>
<dc element="dc.creator.location.country.name" value="USA"/>
<dc element="dc.source" value="Reuters"/>
</metadata>
</newsitem>
