<?xml version="1.0" encoding="iso-8859-1" ?>
<newsitem itemid="455343" id="root" date="1997-03-20" xml:lang="en">
<title>USA: Specialty Equipment sees difficult Q1 comparison.</title>
<headline>Specialty Equipment sees difficult Q1 comparison.</headline>
<dateline>AURORA, Ill. 1997-03-20</dateline>
<text>
<p>Specialty Equipment Cos Inc said Thursday it expects a difficult comparison in the first quarter against last year's comparable period due to a very successful freezer trade-in program at that time.</p>
<p>In its first quarter last year, the company, which makes commercial cooking and refrigeration equipment for the food service industry, reported earnings of $7.1 million or $0.33 a share on revenues of $105.3 million.</p>
<p>Earlier today, Specialty Equipment reported earnings for its fiscal year ended January 31, 1997 rose to $32.3 million or $1.51 a share from $8.7 million or $0.41 a year earlier. Revenues increased to $401.2 million from $392.5 million.</p>
<p>The company attributed its gains to increased sales of refrigeration products to international soft drink bottlers and higher sales of ice cream freezer equipment.</p>
<p>&quot;The projected growth of the international market continues to present a significant opportunity for us, said William Dotterweich, chief executive, in a statement.</p>
<p>Higher gross margins were held back by a larger percent of sales to the soft drink bottler market which carries lower than average gross margins, costs associated with a new plant and stiff price competition in the soft drink bottler market.</p>
<p>((Chicago Newsdesk 312-408-8787))</p>
</text>
<copyright>(c) Reuters Limited 1997</copyright>
<metadata>
<codes class="bip:countries:1.0">
  <code code="USA">
    <editdetail attribution="Reuters BIP Coding Group" action="confirmed" date="1997-03-20"/>
  </code>
</codes>
<codes class="bip:topics:1.0">
  <code code="C15">
    <editdetail attribution="Reuters BIP Coding Group" action="confirmed" date="1997-03-20"/>
  </code>
  <code code="C152">
    <editdetail attribution="Reuters BIP Coding Group" action="confirmed" date="1997-03-20"/>
  </code>
  <code code="CCAT">
    <editdetail attribution="Reuters BIP Coding Group" action="confirmed" date="1997-03-20"/>
  </code>
</codes>
<dc element="dc.date.created" value="1997-03-20"/>
<dc element="dc.publisher" value="Reuters Holdings Plc"/>
<dc element="dc.date.published" value="1997-03-20"/>
<dc element="dc.source" value="Reuters"/>
<dc element="dc.creator.location" value="AURORA, Ill."/>
<dc element="dc.creator.location.country.name" value="USA"/>
<dc element="dc.source" value="Reuters"/>
</metadata>
</newsitem>
