<?xml version="1.0" encoding="iso-8859-1" ?>
<newsitem itemid="455351" id="root" date="1997-03-20" xml:lang="en">
<title>USA: Universal Automotive Inds Q4 loss widens.</title>
<headline>Universal Automotive Inds Q4 loss widens.</headline>
<dateline>CHICAGO 1997-03-20</dateline>
<text>
<p>1996			1995</p>
<p> Shr loss		  $ 0.16     loss     $  0.06</p>
<p> Net loss		   1,098     loss	   388</p>
<p> Revs			12,972		   12,547</p>
<p> Avg shrs		   6,729		    6,500</p>
<p>(All data above 000s except per share numbers)</p>
<p>NOTE: 1996 Q4 loss includes pre-tax bad debt reserve charge of $195,000 related to a customer.</p>
</text>
<copyright>(c) Reuters Limited 1997</copyright>
<metadata>
<codes class="bip:countries:1.0">
  <code code="USA">
    <editdetail attribution="Reuters BIP Coding Group" action="confirmed" date="1997-03-20"/>
  </code>
</codes>
<codes class="bip:topics:1.0">
  <code code="C15">
    <editdetail attribution="Reuters BIP Coding Group" action="confirmed" date="1997-03-20"/>
  </code>
  <code code="C151">
    <editdetail attribution="Reuters BIP Coding Group" action="confirmed" date="1997-03-20"/>
  </code>
  <code code="C1511">
    <editdetail attribution="Reuters BIP Coding Group" action="confirmed" date="1997-03-20"/>
  </code>
  <code code="CCAT">
    <editdetail attribution="Reuters BIP Coding Group" action="confirmed" date="1997-03-20"/>
  </code>
</codes>
<dc element="dc.date.created" value="1997-03-20"/>
<dc element="dc.publisher" value="Reuters Holdings Plc"/>
<dc element="dc.date.published" value="1997-03-20"/>
<dc element="dc.source" value="Reuters"/>
<dc element="dc.creator.location" value="CHICAGO"/>
<dc element="dc.creator.location.country.name" value="USA"/>
<dc element="dc.source" value="Reuters"/>
</metadata>
</newsitem>
