<?xml version="1.0" encoding="iso-8859-1" ?>
<newsitem itemid="455385" id="root" date="1997-03-20" xml:lang="en">
<title>PORTUGAL: SOCCER-POLICE CHIEF DENIES CLAIM OF EXCESSIVE FORCE.</title>
<headline>SOCCER-POLICE CHIEF DENIES CLAIM OF EXCESSIVE FORCE.</headline>
<byline>Richard Waddington</byline>
<dateline>OPORTO, Portugal 1997-03-20</dateline>
<text>
<p>Oporto police chief Delfim Passos has denied claims that his men used excessive force after eight Manchester United fans were injured by anti-riot pellets following Wednesday's European Cup quarter-final against Porto.</p>
<p>The injured, including one fan with head wounds, were taken to hospital but all were discharged in the early hours of Thursday, British consular officials said.</p>
<p>Angry United fans returning to Britain accused Portuguese police of attacking them.</p>
<p>But Passos denied on Thursday that his men had used excessive force, saying that they had acted to contain a dangerous situation.</p>
<p>British officials declined to comment further until they had received the police report of the incidents which erupted as some United fans tried to leave the stadium shortly before the end of the game, ignoring official instructions to stay put.</p>
<p>&quot;We are urgently seeking a police report from the Portuguese authorities,&quot; a British Foreign Office spokesman said in London.</p>
<p>Passos said police had fired plastic pellets and small rubber balls -- both part of anti-riot equipment -- to contain United fans seeking to break out of the stadium.</p>
<p>He said a couple of flares were fired at police ranks.</p>
<p>Police and Manchester United officials had told the fans to remain inside the ground after the game so that they could be taken to buses waiting to ferry them to the airport.</p>
<p>The police chief said the trouble had started among the same group of fans that had earlier clashed with police outside the ground before the game when many of them arrived with invalid tickets.</p>
<p>A number of people were slightly injured in scuffles before police eventually let the group of fans into the stadium.</p>
<p>&quot;These were the same people who caused the problems at the end. They were hooligans,&quot; Passos said.</p>
<p>He said 18 police officers had been injured in the various incidents, although none of them seriously. No arrests were made.</p>
<p>The match ended 0-0 but Manchester United went through 4-0 on aggregate after trouncing Porto at Old Trafford.</p>
<p>United become the first English side to reach the last four of Europe's top European club competition since 1985. On that occasion Liverpool reached the final but lost 1-0 to Juventus in a game that went ahead after the Heysel stadium tragedy. Thirty-nine Italian fans died after Liverpool followers rioted.</p>
</text>
<copyright>(c) Reuters Limited 1997</copyright>
<metadata>
<codes class="bip:countries:1.0">
  <code code="PORL">
    <editdetail attribution="Reuters BIP Coding Group" action="confirmed" date="1997-03-20"/>
  </code>
  <code code="UK">
    <editdetail attribution="Reuters BIP Coding Group" action="confirmed" date="1997-03-20"/>
  </code>
</codes>
<codes class="bip:topics:1.0">
  <code code="GCAT">
    <editdetail attribution="Reuters BIP Coding Group" action="confirmed" date="1997-03-20"/>
  </code>
  <code code="GSPO">
    <editdetail attribution="Reuters BIP Coding Group" action="confirmed" date="1997-03-20"/>
  </code>
</codes>
<dc element="dc.date.created" value="1997-03-20"/>
<dc element="dc.publisher" value="Reuters Holdings Plc"/>
<dc element="dc.date.published" value="1997-03-20"/>
<dc element="dc.source" value="Reuters"/>
<dc element="dc.creator.location" value="OPORTO, Portugal"/>
<dc element="dc.creator.location.country.name" value="PORTUGAL"/>
<dc element="dc.source" value="Reuters"/>
</metadata>
</newsitem>
