<?xml version="1.0" encoding="iso-8859-1" ?>
<newsitem itemid="455308" id="root" date="1997-03-20" xml:lang="en">
<title>USA: U.S. stocks seen braced for Fed rate hike.</title>
<headline>U.S. stocks seen braced for Fed rate hike.</headline>
<byline>Richard Jacobsen</byline>
<dateline>NEW YORK 1997-03-20</dateline>
<text>
<p>The pullback in U.S. stocks from their record highs in recent sessions has built in a reaction to a long-dreaded hike in short-term interest rates, which much of Wall Street now sees as an inevitability.</p>
<p>Market watchers said that stocks could absorb a 25-basis-point hike in short-term rates without a major reaction, although a larger hike would likely shock investors.</p>
<p>&quot;If they raise rates 25 basis points, it's pretty much there,&quot; said Marshall Acuff, portfolio strategist at Smith Barney.  </p>
<p>The Federal Reserve's policy-making Federal Open Market Committee meets Tuesday to debate whether to raise short-term rates in order to cool the economy.</p>
<p>In a Reuter poll, 34 of 48 -- or about 71 percent -- of economists at banks, securities firms, consultancies and academic institutions said they expect the Fed to raise the federal funds rate at least a quarter point to 5.50 percent.</p>
<p>The Dow industrials were off about 50 points at 6828 in afternoon trading on Thursday, bringing the blue chip index down about 3.5 percent from its record closing high of 7085 set March 11.  </p>
<p>Further damage has been done to stocks in high technology companies, hit in past sessions by growth-rate concerns, and in smaller company stocks.</p>
<p>Reflecting this, the Nasdaq composite index, while rebounding up about 11 points to 1260 on Thursday, is off nine percent from its January 22 closing high at 1388.</p>
<p>Fed Chairman Alan Greenspan on Thursday helped further convince Wall Street that a rate hike was likely by stressing in testimony before the Joint Economic Committee of Congress the importance of prompt action to keep inflation at bay.  </p>
<p>&quot;It would come as a great shock if they don't raise short-term rates next Tuesday,&quot; said Alfred Kugel, Stein Roe senior investment strategist.</p>
<p>While the broad stock market appears to be bracing itself for a rate hike, market players are looking for groups of stocks that may benefit, or be hurt, by rising interest rates.</p>
<p>Traditional laggards at times of rising interest rates are the so-called cyclical stocks, such as paper, chemical and machinery makers, because their earnings are sensitive to the swings in the economy.  </p>
<p>But analysts said the cyclical stocks have been underperforming in past weeks and could even begin to rally. Fed action to raise rates would be a sign of a strong economy, which could mean cyclical companies are due to post strong earnings in coming quarters, they said.</p>
<p>Interest-rate sensitive financial stocks are also typically hurt by rising rates. But that group has also been hit by profit taking ahead of a rate hike and might not be as vulnerable to a relatively small hike in rates, analysts said.  </p>
<p>&quot;If indeed the increase in the Fed funds rate is modest...I think (financial stocks) would rally pretty well in this market,&quot; Kugel said.</p>
<p>Investors often flock to consumer non-durable stocks when interest rates rise, but smoking-litigation worries could keep investors away from group leaders including Philip Morris Cos Inc and RJR Nabisco Holdings Corp, analysts said.</p>
<p>Stumbling high technology and secondary stocks, however, would also likely loose further momentum. &quot;If they raise rates, that continues to pressure the secondary stocks, the growth stocks in general,&quot; said Robert Robbins, market strategist at Robinson-Humphrey Co.</p>
<p>Robbins said the stocks in energy companies, such as international oil and oil services firms, could benefit from rising demand in an economy that is heating up. These stocks are also in good technical shape, he said.</p>
<p>But if the Fed does not raise rates or hikes them only a quarter point, stocks may be kept in check by speculation over more interest rate hikes to come, analysts said. &quot;Speculation about rate hikes probably don't end with what they do next week,&quot; Acuff said.</p>
<p>((--Wall St Desk, 212-859-1721))</p>
</text>
<copyright>(c) Reuters Limited 1997</copyright>
<metadata>
<codes class="bip:countries:1.0">
  <code code="USA">
    <editdetail attribution="Reuters BIP Coding Group" action="confirmed" date="1997-03-20"/>
  </code>
</codes>
<codes class="bip:topics:1.0">
  <code code="E12">
    <editdetail attribution="Reuters BIP Coding Group" action="confirmed" date="1997-03-20"/>
  </code>
  <code code="ECAT">
    <editdetail attribution="Reuters BIP Coding Group" action="confirmed" date="1997-03-20"/>
  </code>
  <code code="M11">
    <editdetail attribution="Reuters BIP Coding Group" action="confirmed" date="1997-03-20"/>
  </code>
  <code code="MCAT">
    <editdetail attribution="Reuters BIP Coding Group" action="confirmed" date="1997-03-20"/>
  </code>
</codes>
<dc element="dc.date.created" value="1997-03-20"/>
<dc element="dc.publisher" value="Reuters Holdings Plc"/>
<dc element="dc.date.published" value="1997-03-20"/>
<dc element="dc.source" value="Reuters"/>
<dc element="dc.creator.location" value="NEW YORK"/>
<dc element="dc.creator.location.country.name" value="USA"/>
<dc element="dc.source" value="Reuters"/>
</metadata>
</newsitem>
