<?xml version="1.0" encoding="iso-8859-1" ?>
<newsitem itemid="455318" id="root" date="1997-03-20" xml:lang="en">
<title>USA: First Bank sees no major deals until 1998.</title>
<headline>First Bank sees no major deals until 1998.</headline>
<dateline>CHICAGO 1997-03-20</dateline>
<text>
<p>First Bank System Inc expects to make no significant acquisitions while it is integrating U.S. Bancorp, Chief Executive John Grundhofer said on Thursday.</p>
<p>The banks, which announced a $9.0 billion merger agreement earlier Thursday, said full integration was expected by the second or third quarter of 1998.</p>
<p>&quot;It would be folly for us to even think about doing something actively while this is going on,&quot; Grundhofer said in an interview with Reuters, referring to &quot;significant&quot; deals.  </p>
<p>Minneapolis-based First Bank was not the only suitor interested in U.S. Bancorp, Gerry Cameron, chief executive officer of U.S. Bancorp, said.</p>
<p>He would not identify other companies that expressed an interest or whether any made specific proposals to buy U.S. Bancorp, based in Portland, Oregon.</p>
<p>&quot;This turned out to be the one to be the best fit for all our constituencies,&quot; Cameron told Reuters.</p>
</text>
<copyright>(c) Reuters Limited 1997</copyright>
<metadata>
<codes class="bip:countries:1.0">
  <code code="USA">
    <editdetail attribution="Reuters BIP Coding Group" action="confirmed" date="1997-03-20"/>
  </code>
</codes>
<codes class="bip:industries:1.0">
  <code code="I81402">
    <editdetail attribution="Reuters BIP Coding Group" action="confirmed" date="1997-03-20"/>
  </code>
</codes>
<codes class="bip:topics:1.0">
  <code code="C18">
    <editdetail attribution="Reuters BIP Coding Group" action="confirmed" date="1997-03-20"/>
  </code>
  <code code="C181">
    <editdetail attribution="Reuters BIP Coding Group" action="confirmed" date="1997-03-20"/>
  </code>
  <code code="CCAT">
    <editdetail attribution="Reuters BIP Coding Group" action="confirmed" date="1997-03-20"/>
  </code>
</codes>
<dc element="dc.date.created" value="1997-03-20"/>
<dc element="dc.publisher" value="Reuters Holdings Plc"/>
<dc element="dc.date.published" value="1997-03-20"/>
<dc element="dc.source" value="Reuters"/>
<dc element="dc.creator.location" value="CHICAGO"/>
<dc element="dc.creator.location.country.name" value="USA"/>
<dc element="dc.source" value="Reuters"/>
</metadata>
</newsitem>
