<?xml version="1.0" encoding="iso-8859-1" ?>
<newsitem itemid="455375" id="root" date="1997-03-20" xml:lang="en">
<title>USA: TENNIS-RESULTS AT LIPTON CHAMPIONSHIPS.</title>
<headline>TENNIS-RESULTS AT LIPTON CHAMPIONSHIPS.</headline>
<dateline>KEY BISCAYNE, Florida 1997-03-20</dateline>
<text>
<p>Results from</p>
<p>the $4.45 million Lipton Championships Thursday (prefix #</p>
<p>denotes seedings):</p>
<p>Men's singles, first round</p>
<p>Jason Stoltenberg (Australia) beat Jim Grabb (U.S.) 6-3 6-2</p>
<p>Nicolas Kiefer (Germany) beat Dennis van Scheppingen</p>
<p>(Netherlands) 6-2 5-7 7-6 (7-3)</p>
<p>Byron Black (Zimbabwe) beat Andrea Gaudenzi (Italy) 6-2 6-3</p>
<p>Mikael Tillstrom (Sweden) beat Lionel Roux (France) 7-6 (8-6)</p>
<p>6-1</p>
<p>Jiri Novak (Czech Republic) beat Juan Albert Viloca (Spain)</p>
<p>6-0 6-3</p>
<p>Hernan Gumy (Argentina) beat Patrick Rafter (Australia) 6-4</p>
<p>6-4</p>
<p>Adrian Voinea (Romania) beat Mariano Zabaleta (Argentina) 5-7</p>
<p>7-5 6-6 default</p>
<p>Fernando Meligeni (Brazil) beat Marc Goellner (Germany) 4-6</p>
<p>6-2 6-3</p>
<p>Filip Dewulf (Belgium) beat Alejandro Hernandez (Mexico) 7-6</p>
<p>(7-3) 6-1</p>
<p>Martin Damm (Czech Republic) beat Carlos Costa (Spain) 6-1</p>
<p>5-7 6-4</p>
<p>Women's singles, first round</p>
<p>Anna Kournikova (Russia) beat Nana Miyagi (Japan) 6-2 6-0</p>
<p>Lori McNeil (U.S.) beat Miriam Oremans (Netherlands) 6-4 6-4</p>
<p>Lindsay Lee (U.S.) beat Catalina Cristea (Romania) 6-3 6-4</p>
<p>Els Callens (Belgium) beat Maria Sanchez Lorenzo (Spain) 6-1</p>
<p>6-3</p>
<p>Naoka Sawamatsu (Japan) beat Silvia Farina (Italy) 4-6 6-1</p>
<p>6-2</p>
<p>Ines Gorrochategui (Argentina) beat Brie Rippner (U.S.) 6-4</p>
<p>7-6 (8-6)</p>
<p>Shi-Ting Wang (Taipei) beat Radka Zrubakova (Slovakia) 6-3</p>
<p>6-4</p>
<p>Patricia Hy-Boulais (Canada) beat Nathalie Dechy (France) 6-2</p>
<p>6-4</p>
<p>Jolene Watanabe (U.S.) beat Angeles Montolio (Spain) 2-6 6-3</p>
<p>6-2</p>
<p>Annabel Ellwood (Australia) beat Denisa Chladkova (Czech</p>
<p>Republic) 6-2 6-1</p>
<p>Magdalena Grzybowska (Poland) beat Corina Marariu (U.S.) 6-1</p>
<p>7-6 (7-4)</p>
<p>Rika Hiraki (Japan) beat Mana Endo (Japan) 4-6 6-4 6-3</p>
<p>Flora Perfetti (Italy) beat Meghan Shaugnessy (U.S.) 6-0 4-6</p>
<p>6-3</p>
<p>Maria Luisa Serna (Spain) beat Cristina Brandi (U.S.) 6-3 6-3</p>
<p>Petra Begerow (Germany) beat Sandra Kleinova (Czech Republic)</p>
<p>7-6 (7-3) 7-6 (7-2)</p>
<p>Meilen Tu (U.S.) beat Anne Miller (U.S.) 7-5 6-1</p>
<p>Anne-Gaelle Sidot (France) beat Paola Suarez (Argentina) 6-1</p>
<p>6-4</p>
<p>Florencia Labat (Argentina) beat Mariaan De Swardt (South</p>
<p>Africa) 6-2 6-3</p>
<p>Miho Saeki (Japan) beat Rita Grande (Italy) 0-6 6-1 6-3</p>
<p>Alexandra Fusai (France) beat Marion Maruska (Austria) 6-4</p>
<p>5-7 6-3</p>
<p>Elena Wagner (Germany) beat Tami Whitlinger-Jones (U.S.) 2-6</p>
<p>6-4 6-3</p>
<p>Barbara Rittner (Germany) beat Stephanie De Ville (Belgium)</p>
<p>6-3 6-1</p>
</text>
<copyright>(c) Reuters Limited 1997</copyright>
<metadata>
<codes class="bip:countries:1.0">
  <code code="USA">
    <editdetail attribution="Reuters BIP Coding Group" action="confirmed" date="1997-03-20"/>
  </code>
</codes>
<codes class="bip:topics:1.0">
  <code code="GCAT">
    <editdetail attribution="Reuters BIP Coding Group" action="confirmed" date="1997-03-20"/>
  </code>
  <code code="GSPO">
    <editdetail attribution="Reuters BIP Coding Group" action="confirmed" date="1997-03-20"/>
  </code>
</codes>
<dc element="dc.date.created" value="1997-03-20"/>
<dc element="dc.publisher" value="Reuters Holdings Plc"/>
<dc element="dc.date.published" value="1997-03-20"/>
<dc element="dc.source" value="Reuters"/>
<dc element="dc.creator.location" value="KEY BISCAYNE, Florida"/>
<dc element="dc.creator.location.country.name" value="USA"/>
<dc element="dc.source" value="Reuters"/>
</metadata>
</newsitem>
