<?xml version="1.0" encoding="iso-8859-1" ?>
<newsitem itemid="455396" id="root" date="1997-03-20" xml:lang="en">
<title>UK: SOCCER-LIVERPOOL REACH FIRST EURO SEMI SINCE 1985.</title>
<headline>SOCCER-LIVERPOOL REACH FIRST EURO SEMI SINCE 1985.</headline>
<dateline>LIVERPOOL 1997-03-20</dateline>
<text>
<p>Two goals from Robbie Fowler and one from substitute Stan Collymore gave Liverpool a comprehensive 3-0 victory over Brann Bergen in the second leg of their Cup Winners' Cup quarter-final at Anfield on Thursday.</p>
<p>And Liverpool's 4-1 aggregate victory gave them  a place in a European semifinal for the first time in 12 years which their dominance thoroughly warranted.</p>
<p>Fowler opened the scoring with a 25th minute penalty, Collymore bulldozed his way through the centre of the Norwegian defence to make it 2-0 in the 62nd - two minutes after replacing Czech Patrick Berger - and Fowler added the third in the 78th minute with a low shot into the far corner of the net.</p>
<p>Brann, bidding to become the first Norwegian club ever to reach a European semifinal, rarely troubled the Liverpool defence in which Mark Wright and Steve Harkness were outstanding. Dominic Matteo was also a commanding presence at the back in the first half before injury forced him off at half- time.</p>
<p>John Barnes, Jamie Redknapp and Steve McManaman also had particularly good games for the home side, who were only denied a bigger winning margin because of wasted chances in front of goal -- and some good goalkeeping from 33-veteran reserve Vidar Bahus.</p>
</text>
<copyright>(c) Reuters Limited 1997</copyright>
<metadata>
<codes class="bip:countries:1.0">
  <code code="NORW">
    <editdetail attribution="Reuters BIP Coding Group" action="confirmed" date="1997-03-20"/>
  </code>
  <code code="UK">
    <editdetail attribution="Reuters BIP Coding Group" action="confirmed" date="1997-03-20"/>
  </code>
</codes>
<codes class="bip:topics:1.0">
  <code code="GCAT">
    <editdetail attribution="Reuters BIP Coding Group" action="confirmed" date="1997-03-20"/>
  </code>
  <code code="GSPO">
    <editdetail attribution="Reuters BIP Coding Group" action="confirmed" date="1997-03-20"/>
  </code>
</codes>
<dc element="dc.date.created" value="1997-03-20"/>
<dc element="dc.publisher" value="Reuters Holdings Plc"/>
<dc element="dc.date.published" value="1997-03-20"/>
<dc element="dc.source" value="Reuters"/>
<dc element="dc.creator.location" value="LIVERPOOL"/>
<dc element="dc.creator.location.country.name" value="UK"/>
<dc element="dc.source" value="Reuters"/>
</metadata>
</newsitem>
