<?xml version="1.0" encoding="iso-8859-1" ?>
<newsitem itemid="455348" id="root" date="1997-03-20" xml:lang="en">
<title>USA: Alta Gold Co Q4 shr falls.</title>
<headline>Alta Gold Co Q4 shr falls.</headline>
<dateline>HENDERSON, Nev. 1997-03-20</dateline>
<text>
<p>ALTA GOLD CO.</p>
<p>			    CONDENSED STATEMENTS OF OPERATIONS</p>
<p>					   Year Ended December 31,</p>
<p>						   1996	     1995</p>
<p>REVENUE</p>
<p>Sales of gold and other metals     $19,581,000     $20,636,000</p>
<p>OPERATING COSTS AND EXPENSES:</p>
<p>Direct mining, production</p>
<p>and holding costs			 14,590,000	15,396,000</p>
<p>General and administrative	     1,611,000	 1,432,000</p>
<p>Exploration				     92,000	    30,000</p>
<p>						16,293,000	16,858,000</p>
<p>Income from operations		   3,288,000	 3,778,000</p>
<p>OTHER INCOME (EXPENSE), net:</p>
<p>Gain on sale of assets			   ---	 2,589,000</p>
<p>Interest income and other		   92,000	   167,000</p>
<p>Interest expense and other	     (133,000)	 (645,000)</p>
<p>						  (41,000)	 2,111,000</p>
<p>NET INCOME				   3,247,000	 5,889,000</p>
<p>PROVISION FOR INCOME TAXES		     ---		 ---</p>
<p>NET INCOME				  $3,247,000	$5,889,000</p>
<p>NET INCOME PER SHARE:			  $0.11	     $0.21</p>
<p>					  ALTA GOLD CO.</p>
<p>			    CONDENSED STATEMENTS OF OPERATIONS</p>
<p>					 Three Months Ended December 31,</p>
<p>							1996		1995</p>
<p>REVENUE:</p>
<p>Sales of gold and other metals	$4,581,000	$7,737,000</p>
<p>OPERATING COSTS AND EXPENSES:</p>
<p>Direct mining, production</p>
<p>and holding costs			  3,454,000	 5,836,000</p>
<p>General and administrative		 517,000	   457,000</p>
<p>Exploration				     37,000	     2,000</p>
<p>						 4,008,000	 6,295,000</p>
<p>Income from operations		     573,000	 1,442,000</p>
<p>OTHER INCOME (EXPENSE), net:</p>
<p>Gain on sale of assets			    --	   164,000</p>
<p>Interest income and other		   26,000	    58,000</p>
<p>Interest expense and other		  53,000	 (163,000)</p>
<p>						    79,000	    59,000</p>
<p>INCOME BEFORE PROVISION FOR</p>
<p>INCOME TAXES				   652,000	 1,501,000</p>
<p>PROVISION FOR INCOME TAXES			--		  --</p>
<p>NET INCOME				    $652,000	$1,501,000</p>
<p>NET INCOME PER SHARE:			  $0.02	     $0.05</p>
</text>
<copyright>(c) Reuters Limited 1997</copyright>
<metadata>
<codes class="bip:countries:1.0">
  <code code="USA">
    <editdetail attribution="Reuters BIP Coding Group" action="confirmed" date="1997-03-20"/>
  </code>
</codes>
<codes class="bip:industries:1.0">
  <code code="I21000">
    <editdetail attribution="Reuters BIP Coding Group" action="confirmed" date="1997-03-20"/>
  </code>
</codes>
<codes class="bip:topics:1.0">
  <code code="C15">
    <editdetail attribution="Reuters BIP Coding Group" action="confirmed" date="1997-03-20"/>
  </code>
  <code code="C151">
    <editdetail attribution="Reuters BIP Coding Group" action="confirmed" date="1997-03-20"/>
  </code>
  <code code="C1511">
    <editdetail attribution="Reuters BIP Coding Group" action="confirmed" date="1997-03-20"/>
  </code>
  <code code="CCAT">
    <editdetail attribution="Reuters BIP Coding Group" action="confirmed" date="1997-03-20"/>
  </code>
</codes>
<dc element="dc.date.created" value="1997-03-20"/>
<dc element="dc.publisher" value="Reuters Holdings Plc"/>
<dc element="dc.date.published" value="1997-03-20"/>
<dc element="dc.source" value="Reuters"/>
<dc element="dc.creator.location" value="HENDERSON, Nev."/>
<dc element="dc.creator.location.country.name" value="USA"/>
<dc element="dc.source" value="Reuters"/>
</metadata>
</newsitem>
