<?xml version="1.0" encoding="iso-8859-1" ?>
<newsitem itemid="455355" id="root" date="1997-03-20" xml:lang="en">
<title>USA: Grounded freighter delays 13 ships in Mississippi.</title>
<headline>Grounded freighter delays 13 ships in Mississippi.</headline>
<dateline>BATON ROUGE 1997-03-20</dateline>
<text>
<p>Six inbound and seven outbound deep-draft ships have been delayed below Boothville, La., after a freighter grounded at the mouth of the Mississippi River, an Associated Branch Pilots dispatcher said on Thursday.</p>
<p>The river was closed at Southwest Pass early Thursday after Norwegian-flagged Ariel, a coal freighter steaming for the United Kingdom, grounded on a mud lump in the swirling waters of the swollen river, the Coast Guard said.</p>
<p>Southwest Pass is the only river entrance for deep draft vessels.  </p>
<p>Rising waters have contributed to three accidents that have closed sections of the river this week.</p>
<p>In addition to the grounded freighter, crews are working to secure 100 barges that broke free at Laplace, upriver from New Orleans. That accident shut down the river between mile 120 and mile 132 at midnight.</p>
<p>At Baton Rouge, the river is open during daylight hours to north- and south-bound traffic on a one-way, one vessel at a time basis past a barge that capsized Monday. The barge, part of a tow of 25 barges that hit a bridge at Baton Rouge and broke loose, contains a volatile mix of benzene and gasoline.</p>
</text>
<copyright>(c) Reuters Limited 1997</copyright>
<metadata>
<codes class="bip:countries:1.0">
  <code code="UK">
    <editdetail attribution="Reuters BIP Coding Group" action="confirmed" date="1997-03-20"/>
  </code>
  <code code="USA">
    <editdetail attribution="Reuters BIP Coding Group" action="confirmed" date="1997-03-20"/>
  </code>
</codes>
<codes class="bip:industries:1.0">
  <code code="I74000">
    <editdetail attribution="Reuters BIP Coding Group" action="confirmed" date="1997-03-20"/>
  </code>
</codes>
<codes class="bip:topics:1.0">
  <code code="C24">
    <editdetail attribution="Reuters BIP Coding Group" action="confirmed" date="1997-03-20"/>
  </code>
  <code code="CCAT">
    <editdetail attribution="Reuters BIP Coding Group" action="confirmed" date="1997-03-20"/>
  </code>
  <code code="GCAT">
    <editdetail attribution="Reuters BIP Coding Group" action="confirmed" date="1997-03-20"/>
  </code>
  <code code="GDIS">
    <editdetail attribution="Reuters BIP Coding Group" action="confirmed" date="1997-03-20"/>
  </code>
</codes>
<dc element="dc.date.created" value="1997-03-20"/>
<dc element="dc.publisher" value="Reuters Holdings Plc"/>
<dc element="dc.date.published" value="1997-03-20"/>
<dc element="dc.source" value="Reuters"/>
<dc element="dc.creator.location" value="BATON ROUGE"/>
<dc element="dc.creator.location.country.name" value="USA"/>
<dc element="dc.source" value="Reuters"/>
</metadata>
</newsitem>
