<?xml version="1.0" encoding="iso-8859-1" ?>
<newsitem itemid="455319" id="root" date="1997-03-20" xml:lang="en">
<title>USA: Greenspan opposes tax cuts that add to deficit.</title>
<headline>Greenspan opposes tax cuts that add to deficit.</headline>
<dateline>WASHINGTON 1997-03-20</dateline>
<text>
<p>Federal Reserve Board Chairman Alan Greenspan on Thursday said he would not favor tax cuts that would add to the budget deficit.</p>
<p>In testimony bofore the Joint Economic Committee of Congress, Greenspan was asked whether he would put reducing the deficit ahead of a tax cut.</p>
<p>&quot;I've testified to that issue affirmatively before and I would continue it,&quot; he said.</p>
<p>Greenspan also said that, so far, increases in wages have been matched by increases in productivity, adding that there was some evidence that productivity was on the rise.</p>
</text>
<copyright>(c) Reuters Limited 1997</copyright>
<metadata>
<codes class="bip:countries:1.0">
  <code code="USA">
    <editdetail attribution="Reuters BIP Coding Group" action="confirmed" date="1997-03-20"/>
  </code>
</codes>
<codes class="bip:topics:1.0">
  <code code="E12">
    <editdetail attribution="Reuters BIP Coding Group" action="confirmed" date="1997-03-20"/>
  </code>
  <code code="E21">
    <editdetail attribution="Reuters BIP Coding Group" action="confirmed" date="1997-03-20"/>
  </code>
  <code code="E211">
    <editdetail attribution="Reuters BIP Coding Group" action="confirmed" date="1997-03-20"/>
  </code>
  <code code="ECAT">
    <editdetail attribution="Reuters BIP Coding Group" action="confirmed" date="1997-03-20"/>
  </code>
</codes>
<dc element="dc.date.created" value="1997-03-20"/>
<dc element="dc.publisher" value="Reuters Holdings Plc"/>
<dc element="dc.date.published" value="1997-03-20"/>
<dc element="dc.source" value="Reuters"/>
<dc element="dc.creator.location" value="WASHINGTON"/>
<dc element="dc.creator.location.country.name" value="USA"/>
<dc element="dc.source" value="Reuters"/>
</metadata>
</newsitem>
