<?xml version="1.0" encoding="iso-8859-1" ?>
<newsitem itemid="455326" id="root" date="1997-03-20" xml:lang="en">
<title>USA: NYNEX weighing N.Y.'s merger conditions.</title>
<headline>NYNEX weighing N.Y.'s merger conditions.</headline>
<dateline>NEW YORK 1997-03-20</dateline>
<text>
<p>Bell Atlantic Corp and NYNEX Corp said they were pleased that the New York State Public Service Commission had voted to okay their merger deal but were still assessing the conditions attached to that approval.</p>
<p>In a joint statement, the companies also noted that approval at the federal level is taking longer than expected.</p>
<p>It said the U.S. Department of Justice and the U.S. Federal Communications Commission continue to review the proposed merger. It noted that the companies had been aiming to complete the merger by April.  </p>
<p>In a separate statement issued by NYNEX, Don Reed, the company's president said &quot;What we have here is a mixed bag.&quot;</p>
<p>While noting he was pleased that the N.Y. State Public Service Commission (NYPSC) had given its approval to the deal, he said that, &quot;At the same time, the PSC has imposed rigorous conditions that must be carefully reviewed in order to assess their impact on our business.</p>
<p>&quot;The commission created a laundry list of requirements and significant obligations that qualify its approval of this transaction,&quot; he said, adding these would affect its long-term regulatory status and near-term investment and hiring plans.</p>
</text>
<copyright>(c) Reuters Limited 1997</copyright>
<metadata>
<codes class="bip:countries:1.0">
  <code code="USA">
    <editdetail attribution="Reuters BIP Coding Group" action="confirmed" date="1997-03-20"/>
  </code>
</codes>
<codes class="bip:industries:1.0">
  <code code="I79020">
    <editdetail attribution="Reuters BIP Coding Group" action="confirmed" date="1997-03-20"/>
  </code>
</codes>
<codes class="bip:topics:1.0">
  <code code="C18">
    <editdetail attribution="Reuters BIP Coding Group" action="confirmed" date="1997-03-20"/>
  </code>
  <code code="C181">
    <editdetail attribution="Reuters BIP Coding Group" action="confirmed" date="1997-03-20"/>
  </code>
  <code code="CCAT">
    <editdetail attribution="Reuters BIP Coding Group" action="confirmed" date="1997-03-20"/>
  </code>
</codes>
<dc element="dc.date.created" value="1997-03-20"/>
<dc element="dc.publisher" value="Reuters Holdings Plc"/>
<dc element="dc.date.published" value="1997-03-20"/>
<dc element="dc.source" value="Reuters"/>
<dc element="dc.creator.location" value="NEW YORK"/>
<dc element="dc.creator.location.country.name" value="USA"/>
<dc element="dc.source" value="Reuters"/>
</metadata>
</newsitem>
