<?xml version="1.0" encoding="iso-8859-1" ?>
<newsitem itemid="455320" id="root" date="1997-03-20" xml:lang="en">
<title>USA: Engineering Animation wins software pact.</title>
<headline>Engineering Animation wins software pact.</headline>
<dateline>AMES, Iowa 1997-03-20</dateline>
<text>
<p>Engineering Animation Inc said Thursday it received a contract from the University of Wisconsin-Madison to install its VisLab animation software at two of the school's departments.</p>
<p>The company said the software will be used by students and faculty at the college's Computer-Aided Engineering Center and Model Advanced Facility to create animations that help in the teaching and visualization of engineering concepts.</p>
<p>Financial terms of the agreement were not announced.</p>
<p>Engineering Animation is a software development company.</p>
<p>Its shares were off 3/8 Thursday at 23-1/4.</p>
<p>((Chicago newsdesk (312) 408-8787))</p>
</text>
<copyright>(c) Reuters Limited 1997</copyright>
<metadata>
<codes class="bip:countries:1.0">
  <code code="USA">
    <editdetail attribution="Reuters BIP Coding Group" action="confirmed" date="1997-03-20"/>
  </code>
</codes>
<codes class="bip:industries:1.0">
  <code code="I33020">
    <editdetail attribution="Reuters BIP Coding Group" action="confirmed" date="1997-03-20"/>
  </code>
  <code code="I3302021">
    <editdetail attribution="Reuters BIP Coding Group" action="confirmed" date="1997-03-20"/>
  </code>
</codes>
<codes class="bip:topics:1.0">
  <code code="C33">
    <editdetail attribution="Reuters BIP Coding Group" action="confirmed" date="1997-03-20"/>
  </code>
  <code code="CCAT">
    <editdetail attribution="Reuters BIP Coding Group" action="confirmed" date="1997-03-20"/>
  </code>
</codes>
<dc element="dc.date.created" value="1997-03-20"/>
<dc element="dc.publisher" value="Reuters Holdings Plc"/>
<dc element="dc.date.published" value="1997-03-20"/>
<dc element="dc.source" value="Reuters"/>
<dc element="dc.creator.location" value="AMES, Iowa"/>
<dc element="dc.creator.location.country.name" value="USA"/>
<dc element="dc.source" value="Reuters"/>
</metadata>
</newsitem>
