<?xml version="1.0" encoding="iso-8859-1" ?>
<newsitem itemid="455357" id="root" date="1997-03-20" xml:lang="en">
<title>USA: Unisource Worldwide down on weaker outlook. [CORRECTED 21:57 GMT]</title>
<headline>Unisource Worldwide down on weaker outlook. [CORRECTED 21:57 GMT]</headline>
<dateline>NEW YORK 1997-03-20</dateline>
<text>
<p>Shares of Unisource Worldwide fell sharply on Thursday after the company announced it would post disappointing earnings and revenues in the second quarter.</p>
<p>The Valley Forge, Pa.-based company on Wednesday said earnings could be as much as $0.15 to $0.20 below analysts' consensus estimates of $0.36.</p>
<p>The company cited reduced prices for printing paper for the expected disappointment. Unisource's business plan had assumed relatively flat paper prices.</p>
<p>&quot;We don't believe it's a reflection of lost market share as much as that our projections were higher than were realized (corrects quote),&quot; said JoAnn Huston, investor relations manager.</p>
<p>Unisource shares were trading at 16, down 3-3/4.</p>
<p>((-- Wall Street desk (212) 859-1730))</p>
</text>
<copyright>(c) Reuters Limited 1997</copyright>
<metadata>
<codes class="bip:countries:1.0">
  <code code="USA">
    <editdetail attribution="Reuters BIP Coding Group" action="confirmed" date="1997-03-20"/>
  </code>
</codes>
<codes class="bip:topics:1.0">
  <code code="C15">
    <editdetail attribution="Reuters BIP Coding Group" action="confirmed" date="1997-03-20"/>
  </code>
  <code code="C152">
    <editdetail attribution="Reuters BIP Coding Group" action="confirmed" date="1997-03-20"/>
  </code>
  <code code="CCAT">
    <editdetail attribution="Reuters BIP Coding Group" action="confirmed" date="1997-03-20"/>
  </code>
</codes>
<dc element="dc.date.created" value="1997-03-20"/>
<dc element="dc.publisher" value="Reuters Holdings Plc"/>
<dc element="dc.date.published" value="1997-03-20"/>
<dc element="dc.source" value="Reuters"/>
<dc element="dc.creator.location" value="NEW YORK"/>
<dc element="dc.creator.location.country.name" value="USA"/>
<dc element="dc.source" value="Reuters"/>
</metadata>
</newsitem>
