<?xml version="1.0" encoding="iso-8859-1" ?>
<newsitem itemid="455365" id="root" date="1997-03-20" xml:lang="en">
<title>USA: DenAmerica Q4 shr loss $0.01.</title>
<headline>DenAmerica Q4 shr loss $0.01.</headline>
<text>
<p>SCOTTSDALE, Ariz., March 20 (Reuter)</p>
<p>			    DENAMERICA CORP. AND SUBSIDIARIES</p>
<p>Unaudited Consolidated Condensed Statements of Operations(a)</p>
<p>				(In thousands, except per share data)</p>
<p>			   Fourth Quarter Ended	  Year Ended</p>
<p>			 1/1/97	 12/27/95	1/1/97  12/27/95</p>
<p>		 (13 weeks)  (13 weeks)    (53 weeks)(52 weeks)</p>
<p>Restaurant sales  $ 77,708   $ 20,839	 $241,480 $ 74,683</p>
<p>Restaurant costs and</p>
<p>expenses:</p>
<p>Cost of food and</p>
<p>  beverages	  20,994	5,892	   65,966   20,343</p>
<p>Payroll and payroll</p>
<p>  related costs    27,309	7,434	   82,794   25,025</p>
<p>Depreciation and</p>
<p>  amortization	1,785	  957	    7,000    2,936</p>
<p>Charge for</p>
<p>    impaired assets     -	  523		  -	523</p>
<p>Other restaurant operating</p>
<p>  costs		21,479	5,417	   63,583   19,213</p>
<p>Total restaurant costs</p>
<p>and operating expenses</p>
<p>			 71,567     20,223	  219,343   68,040</p>
<p>Restaurant operating</p>
<p>	     income   6,141	  616	   22,137    6,643</p>
<p>Administrative expenses</p>
<p>			  3,899	  952	   10,303    3,380</p>
<p>Operating income (loss)</p>
<p>			  2,242	 (336)	  11,834    3,263</p>
<p>Interest expense, net</p>
<p>			  3,024	  818	    9,605    2,467</p>
<p>Income (loss) before</p>
<p>minority interest in joint</p>
<p>venture, income taxes</p>
<p>and extraordinary item</p>
<p>			   (782)    (1,154)	   2,229	796</p>
<p>Minority interest     260	 (115)	     256     (291)</p>
<p>Income (loss) before income</p>
<p>taxes and extraordinary item</p>
<p>			    (522)    (1,269)	   2,485	505</p>
<p>Income tax expense (benefit)</p>
<p>			    (335)	(302)	     870	305</p>
<p>Income (loss) before</p>
<p> extraordinary item   (187)	(967)	   1,615	200</p>
<p>Extraordinary item -</p>
<p>loss on debt extinguishment</p>
<p>				 -	    -		497	  -</p>
<p>Net income (loss)     (187)	(967)	   1,118	200</p>
<p>Preferred stock dividend</p>
<p> and accretion	    -	 (155)	    (149)    (593)</p>
<p>Net income (loss) applicable</p>
<p>to common shareholders</p>
<p>			  $ (187)   $(1,122)	  $  969  $  (393)</p>
<p>Net income (loss) per share</p>
<p>before extraordinary item</p>
<p>			 $ (0.01)   $ (0.14)	  $ 0.14   $ 0.03</p>
<p>Net income (loss) per share</p>
<p>			 $ (0.01)   $ (0.16)	  $ 0.08   $(0.06)</p>
<p>Weighted average shares</p>
<p> outstanding	   13,399	6,938	   11,784    6,938</p>
<p>(a) Historical Company financial statements are those of Denwest Restaurant Corp., and as a result of the reverse acquisition, historical American Family Restaurants financials are not presented.</p>
</text>
<copyright>(c) Reuters Limited 1997</copyright>
<metadata>
<codes class="bip:countries:1.0">
  <code code="USA">
    <editdetail attribution="Reuters BIP Coding Group" action="confirmed" date="1997-03-20"/>
  </code>
</codes>
<codes class="bip:industries:1.0">
  <code code="I66100">
    <editdetail attribution="Reuters BIP Coding Group" action="confirmed" date="1997-03-20"/>
  </code>
</codes>
<codes class="bip:topics:1.0">
  <code code="C15">
    <editdetail attribution="Reuters BIP Coding Group" action="confirmed" date="1997-03-20"/>
  </code>
  <code code="C151">
    <editdetail attribution="Reuters BIP Coding Group" action="confirmed" date="1997-03-20"/>
  </code>
  <code code="C1511">
    <editdetail attribution="Reuters BIP Coding Group" action="confirmed" date="1997-03-20"/>
  </code>
  <code code="CCAT">
    <editdetail attribution="Reuters BIP Coding Group" action="confirmed" date="1997-03-20"/>
  </code>
</codes>
<dc element="dc.publisher" value="Reuters Holdings Plc"/>
<dc element="dc.date.published" value="1997-03-20"/>
<dc element="dc.source" value="Reuters"/>
<dc element="dc.creator.location.country.name" value="USA"/>
<dc element="dc.source" value="Reuters"/>
</metadata>
</newsitem>
