<?xml version="1.0" encoding="iso-8859-1" ?>
<newsitem itemid="455301" id="root" date="1997-03-20" xml:lang="en">
<title>USA: Banc One sets $750 mln in four-part deal.</title>
<headline>Banc One sets $750 mln in four-part deal.</headline>
<dateline>NEW YORK 1997-03-20</dateline>
<text>
<p>The following four-tranche issue from Banc One Corp was priced on Thursday, according to lead manager Goldman Sachs &amp; Co.</p>
<p>BORROWER BANC ONE CORP</p>
<p>FIRST TRANCHE:</p>
<p>AMT $200 MLN	 COUPON		MATURITY 3/24/2000</p>
<p>TYPE FLTG RTS NTS  ISS PRICE 100.00  FIRST PAY DATE 9/15/1997</p>
<p>LAST MOODY'S AA3   YIELD		 PAY FREQ  SEMI-ANNUAL</p>
<p>LAST S&amp;P AA-MINUS  SPREAD 7 BP VS    CALLABLE  NO</p>
<p>				  3-MO LIBOR</p>
<p>SECOND TRANCHE:</p>
<p>AMT $200 MLN	 COUPON 6.70 PCT   MATURITY 3/24/2000</p>
<p>TYPE FXD RATE NTS  ISS PRICE 99.938  FIRST PAY DATE 9/15/1997</p>
<p>LAST MOODY'S AA3   YIELD 6.723 PCT   PAY FREQ  SEMI-ANNUAL</p>
<p>LAST S&amp;P AA-MINUS  SPREAD 30 BPS     CALLABLE  NO</p>
<p>THIRD TRANCHE:</p>
<p>AMT $200 MLN	 COUPON		MATURITY 3/23/2001</p>
<p>TYPE FLTG RTS NTS  ISS PRICE 100.00  FIRST PAY DATE 9/15/1997</p>
<p>LAST MOODY'S AA3   YIELD		 PAY FREQ  SEMI-ANNUAL</p>
<p>LAST S&amp;P AA-MINUS  SPREAD 13.5 BP VS CALLABLE  NO</p>
<p>				  3-MO LIBOR</p>
<p>FOURTH TRANCHE</p>
<p>AMT $150 MLN	 COUPON 7.00 PCT   MATURITY 3/25/2002</p>
<p>TYPE FXD RATE NTS  ISS PRICE 99.896  FIRST PAY DATE 9/15/1997</p>
<p>LAST MOODY'S AA3   YIELD 7.025 PCT   PAY FREQ  SEMI-ANNUAL</p>
<p>LAST S&amp;P AA-MINUS  SPREAD 42 BPS     CALLABLE  NO</p>
<p>((-U.S. corporate bond unit, 212-859-1678))</p>
</text>
<copyright>(c) Reuters Limited 1997</copyright>
<metadata>
<codes class="bip:countries:1.0">
  <code code="USA">
    <editdetail attribution="Reuters BIP Coding Group" action="confirmed" date="1997-03-20"/>
  </code>
</codes>
<codes class="bip:industries:1.0">
  <code code="I81402">
    <editdetail attribution="Reuters BIP Coding Group" action="confirmed" date="1997-03-20"/>
  </code>
</codes>
<codes class="bip:topics:1.0">
  <code code="C17">
    <editdetail attribution="Reuters BIP Coding Group" action="confirmed" date="1997-03-20"/>
  </code>
  <code code="C172">
    <editdetail attribution="Reuters BIP Coding Group" action="confirmed" date="1997-03-20"/>
  </code>
  <code code="CCAT">
    <editdetail attribution="Reuters BIP Coding Group" action="confirmed" date="1997-03-20"/>
  </code>
</codes>
<dc element="dc.date.created" value="1997-03-20"/>
<dc element="dc.publisher" value="Reuters Holdings Plc"/>
<dc element="dc.date.published" value="1997-03-20"/>
<dc element="dc.source" value="Reuters"/>
<dc element="dc.creator.location" value="NEW YORK"/>
<dc element="dc.creator.location.country.name" value="USA"/>
<dc element="dc.source" value="Reuters"/>
</metadata>
</newsitem>
