<?xml version="1.0" encoding="iso-8859-1" ?>
<newsitem itemid="455327" id="root" date="1997-03-20" xml:lang="en">
<title>USA: Enron seeks constructive talks on Portland.</title>
<headline>Enron seeks constructive talks on Portland.</headline>
<dateline>NEW YORK 1997-03-20</dateline>
<text>
<p>Enron Corp is seeking constructive discussions with the Commissioners of the Oregon Public Utilities Commission (PUC) on its $2.1 proposed merger with Portland General Corp after the rejection of its rate reduction proposals by the staff of the PUC, a spokesman for Enron said.</p>
<p>&quot;We look forward to making our case directly to the commissioners.  Hopefully, they will realise that our offer is beneficial to Oregon,&quot; an Enron spokesman told Reuters.</p>
<p>The commission's staff rejected a rate reduction worth $61 million over three years for Oregon electricity consumers and is demanding that the two companies promise $141 million.</p>
<p>The case now moves from the staff of the commission to the commissioners themselves and Enron has said it will not hold any more discussions with the staff.</p>
<p>The Enron spokesman declined to comment on whether the two companies would offer the commissioners a better rate deal.</p>
<p>&quot;I just cannot comment on that,&quot; he said.</p>
<p>Shares in Portland, which had fallen 7/8 in early trade, recovered to trade up 1/4 at 37-3/4 by 1336 EST/1836 GMT. Enron held on to gains earlier in the day and its stock was trading up 3/4 at 39-7/8. ((-- David Chance New York Newsroom 212 859 1902))</p>
</text>
<copyright>(c) Reuters Limited 1997</copyright>
<metadata>
<codes class="bip:countries:1.0">
  <code code="USA">
    <editdetail attribution="Reuters BIP Coding Group" action="confirmed" date="1997-03-20"/>
  </code>
</codes>
<codes class="bip:industries:1.0">
  <code code="I13000">
    <editdetail attribution="Reuters BIP Coding Group" action="confirmed" date="1997-03-20"/>
  </code>
  <code code="I16100">
    <editdetail attribution="Reuters BIP Coding Group" action="confirmed" date="1997-03-20"/>
  </code>
</codes>
<codes class="bip:topics:1.0">
  <code code="C18">
    <editdetail attribution="Reuters BIP Coding Group" action="confirmed" date="1997-03-20"/>
  </code>
  <code code="C181">
    <editdetail attribution="Reuters BIP Coding Group" action="confirmed" date="1997-03-20"/>
  </code>
  <code code="CCAT">
    <editdetail attribution="Reuters BIP Coding Group" action="confirmed" date="1997-03-20"/>
  </code>
</codes>
<dc element="dc.date.created" value="1997-03-20"/>
<dc element="dc.publisher" value="Reuters Holdings Plc"/>
<dc element="dc.date.published" value="1997-03-20"/>
<dc element="dc.source" value="Reuters"/>
<dc element="dc.creator.location" value="NEW YORK"/>
<dc element="dc.creator.location.country.name" value="USA"/>
<dc element="dc.source" value="Reuters"/>
</metadata>
</newsitem>
