<?xml version="1.0" encoding="iso-8859-1" ?>
<newsitem itemid="455380" id="root" date="1997-03-20" xml:lang="en">
<title>ITALY: SOCCER-FIORENTINA FANS STAGE SILENT PROTEST.</title>
<headline>SOCCER-FIORENTINA FANS STAGE SILENT PROTEST.</headline>
<dateline>FLORENCE, Italy 1997-03-20</dateline>
<text>
<p>Diehard Fiorentina fans, whose team are staging a media blackout, held a silent protest of their own during a European Cup Winners' Cup quarter-final second leg against Benfica on Thursday.</p>
<p>The fans in the Fiesole curve section of the stadium remained resolutely silent as the players appeared on the pitch and stayed that way for the entire first half in a protest against the banning of some of their number.</p>
<p>&quot;Silence to defend our rights,&quot; declared a large banner draped along the end of the Stadio Comunale.</p>
<p>Some 27 Fiorentina fans have been identified and banned from the Italian club after a recent league match against Juventus, when the visiting team's coach was stoned.</p>
<p>The Italian news agency Ansa quoted the fans saying in a statement that they would repeat the protest in all future league and cup matches at the stadium.</p>
<p>&quot;This initiative has nothing to do with the players' behaviour or the poor performances of the team, but is for ourselves. We cannot accept the way in which the 27 have been identified, banned and condemned without trial,&quot; they said.</p>
<p>At half time the fans rolled up the protest banner and brought out their flags. When the teams reappeared, the fans broke into deafening chants and the Fiesole end vanished behind a barrage of red flares and smoke.</p>
<p>Fiorentina players have been refusing to talk to the media in an unrelated protest.</p>
</text>
<copyright>(c) Reuters Limited 1997</copyright>
<metadata>
<codes class="bip:countries:1.0">
  <code code="ITALY">
    <editdetail attribution="Reuters BIP Coding Group" action="confirmed" date="1997-03-20"/>
  </code>
</codes>
<codes class="bip:topics:1.0">
  <code code="GCAT">
    <editdetail attribution="Reuters BIP Coding Group" action="confirmed" date="1997-03-20"/>
  </code>
  <code code="GSPO">
    <editdetail attribution="Reuters BIP Coding Group" action="confirmed" date="1997-03-20"/>
  </code>
</codes>
<dc element="dc.date.created" value="1997-03-20"/>
<dc element="dc.publisher" value="Reuters Holdings Plc"/>
<dc element="dc.date.published" value="1997-03-20"/>
<dc element="dc.source" value="Reuters"/>
<dc element="dc.creator.location" value="FLORENCE, Italy"/>
<dc element="dc.creator.location.country.name" value="ITALY"/>
<dc element="dc.source" value="Reuters"/>
</metadata>
</newsitem>
