<?xml version="1.0" encoding="iso-8859-1" ?>
<newsitem itemid="455329" id="root" date="1997-03-20" xml:lang="en">
<title>USA: Genta's capital needs exceed resources.</title>
<headline>Genta's capital needs exceed resources.</headline>
<dateline>SAN DIEGO 1997-03-20</dateline>
<text>
<p>Drug development company Genta Inc said Thursday that because its capital needs exceed its existing resources, its auditors have included an emphasis paragraph in its 1996 financial statements with respect to the company's ability to continue as a going concern.</p>
<p>The company was not immediately available to elaborate on its auditors' comments.</p>
<p>However, it said in a statement that it anticipates its existing capital resouces will last through July of this year, and that it believes it needs at least $6.4 million of additional financing to sustain operations and satisfy other obligations through the end of 1997.</p>
<p>The company said it is actively seeking additional sources of financing and is in talks with pharmaceutical companies regarding possible collaborative agreements or other financing arrangements.</p>
</text>
<copyright>(c) Reuters Limited 1997</copyright>
<metadata>
<codes class="bip:countries:1.0">
  <code code="USA">
    <editdetail attribution="Reuters BIP Coding Group" action="confirmed" date="1997-03-20"/>
  </code>
</codes>
<codes class="bip:industries:1.0">
  <code code="I25700">
    <editdetail attribution="Reuters BIP Coding Group" action="confirmed" date="1997-03-20"/>
  </code>
</codes>
<codes class="bip:topics:1.0">
  <code code="C15">
    <editdetail attribution="Reuters BIP Coding Group" action="confirmed" date="1997-03-20"/>
  </code>
  <code code="C151">
    <editdetail attribution="Reuters BIP Coding Group" action="confirmed" date="1997-03-20"/>
  </code>
  <code code="C17">
    <editdetail attribution="Reuters BIP Coding Group" action="confirmed" date="1997-03-20"/>
  </code>
  <code code="CCAT">
    <editdetail attribution="Reuters BIP Coding Group" action="confirmed" date="1997-03-20"/>
  </code>
</codes>
<dc element="dc.date.created" value="1997-03-20"/>
<dc element="dc.publisher" value="Reuters Holdings Plc"/>
<dc element="dc.date.published" value="1997-03-20"/>
<dc element="dc.source" value="Reuters"/>
<dc element="dc.creator.location" value="SAN DIEGO"/>
<dc element="dc.creator.location.country.name" value="USA"/>
<dc element="dc.source" value="Reuters"/>
</metadata>
</newsitem>
