<?xml version="1.0" encoding="iso-8859-1" ?>
<newsitem itemid="455300" id="root" date="1997-03-20" xml:lang="en">
<title>USA: IBM still faces tough Q1 comparison - Merrill.</title>
<headline>IBM still faces tough Q1 comparison - Merrill.</headline>
<dateline>NEW YORK 1997-03-20</dateline>
<text>
<p>Merrill Lynch analyst Daniel Mandresh said he expects International Business Machines Corp's first quarter to remain a tough comparison with the year-ago period and he maintains an estimate of $2.32 a share.</p>
<p>&quot;Our Q1 estimate for IBM calls for revenue growth of three percent and EPS of $2.32 vs $2.21, the narrowest gain of the year at five percent,&quot; Mandresh said in a report to clients.</p>
<p>Last month Mandresh lowered his first quarter earnings estimate on IBM due to the strengthening dollar outside the U.S. He expects a currency hit of about $0.20 a share, which would neutralize a $0.16-a-share benefit from a share buyback.  </p>
<p>Mandresh reiterated his short-term and long-term buy ratings on IBM, saying he does not believe the company's fundamental outlook has changed.</p>
<p>&quot;Our belief that a 13 P/E (price/earnings ratio) on our 1998 outlook of $15 (a share) is an appropriate goal,&quot; Mandresh said. &quot;As the year progresses, both the currency and product comparison hurdles moderate quite a bit.&quot;</p>
<p>He said his full-year forecast for 1997 is still revenues of $80.5 billion, up six percent from 1996, and earnings of $12.50 a share, up 13 percent.</p>
</text>
<copyright>(c) Reuters Limited 1997</copyright>
<metadata>
<codes class="bip:countries:1.0">
  <code code="USA">
    <editdetail attribution="Reuters BIP Coding Group" action="confirmed" date="1997-03-20"/>
  </code>
</codes>
<codes class="bip:industries:1.0">
  <code code="I33020">
    <editdetail attribution="Reuters BIP Coding Group" action="confirmed" date="1997-03-20"/>
  </code>
  <code code="I3302003">
    <editdetail attribution="Reuters BIP Coding Group" action="confirmed" date="1997-03-20"/>
  </code>
</codes>
<codes class="bip:topics:1.0">
  <code code="C15">
    <editdetail attribution="Reuters BIP Coding Group" action="confirmed" date="1997-03-20"/>
  </code>
  <code code="C152">
    <editdetail attribution="Reuters BIP Coding Group" action="confirmed" date="1997-03-20"/>
  </code>
  <code code="CCAT">
    <editdetail attribution="Reuters BIP Coding Group" action="confirmed" date="1997-03-20"/>
  </code>
</codes>
<dc element="dc.date.created" value="1997-03-20"/>
<dc element="dc.publisher" value="Reuters Holdings Plc"/>
<dc element="dc.date.published" value="1997-03-20"/>
<dc element="dc.source" value="Reuters"/>
<dc element="dc.creator.location" value="NEW YORK"/>
<dc element="dc.creator.location.country.name" value="USA"/>
<dc element="dc.source" value="Reuters"/>
</metadata>
</newsitem>
