<?xml version="1.0" encoding="iso-8859-1" ?>
<newsitem itemid="455363" id="root" date="1997-03-20" xml:lang="en">
<title>USA: Iron Mountain shares off after N.J. fire.</title>
<headline>Iron Mountain shares off after N.J. fire.</headline>
<dateline>BOSTON 1997-03-20</dateline>
<text>
<p>Shares of Iron Mountain Inc fell one to 24-1/4 late morning Thursday after news of a fire at its facility in South Brunswick, New Jersey.  </p>
<p>The company said the fire is not yet out and that despite early response by employees and fire department personnel, damage to the building which housed paper records was extensive. The fire is of suspicious origin and is under investigation by fire officials, Iron Mountain said. The company carries insurance to protect its assets and its operations, and is currently assessing the potential impact of the fire.</p>
<p>Iron Mountain operates 117 facilities nationally, providing business records storage and management services, data protection services for electronic records, vital records protection, and records management consulting services. The Company stores and manages document and electronic records for more than 23,000 customers, including more than half of the Fortune 500 companies.</p>
</text>
<copyright>(c) Reuters Limited 1997</copyright>
<metadata>
<codes class="bip:countries:1.0">
  <code code="USA">
    <editdetail attribution="Reuters BIP Coding Group" action="confirmed" date="1997-03-20"/>
  </code>
</codes>
<codes class="bip:topics:1.0">
  <code code="C15">
    <editdetail attribution="Reuters BIP Coding Group" action="confirmed" date="1997-03-20"/>
  </code>
  <code code="C152">
    <editdetail attribution="Reuters BIP Coding Group" action="confirmed" date="1997-03-20"/>
  </code>
  <code code="CCAT">
    <editdetail attribution="Reuters BIP Coding Group" action="confirmed" date="1997-03-20"/>
  </code>
</codes>
<dc element="dc.date.created" value="1997-03-20"/>
<dc element="dc.publisher" value="Reuters Holdings Plc"/>
<dc element="dc.date.published" value="1997-03-20"/>
<dc element="dc.source" value="Reuters"/>
<dc element="dc.creator.location" value="BOSTON"/>
<dc element="dc.creator.location.country.name" value="USA"/>
<dc element="dc.source" value="Reuters"/>
</metadata>
</newsitem>
