<?xml version="1.0" encoding="iso-8859-1" ?>
<newsitem itemid="455373" id="root" date="1997-03-20" xml:lang="en">
<title>USA: TENNIS-KOURNIKOVA WINS, THEN ROASTS AGE RULES.</title>
<headline>TENNIS-KOURNIKOVA WINS, THEN ROASTS AGE RULES.</headline>
<byline>Linda Pentz</byline>
<dateline>KEY BISCAYNE, Florida 1997-03-20</dateline>
<text>
<p>The younger generation took centre stage on Thursday, as the $4.45 million Lipton Championships got under way with first-round action.</p>
<p>Anna Kournikova, the dynamic 15-year-old Russian, easily defeated Japan's Nana Miyagi 6-2 6-0 but saved her energy to complain about the age restriction rules on the women's tour.</p>
<p>Germany's 19-year-old phenomenon Nicolas Kiefer won his opening-round men's singles match with Dennis Van Scheppingen of the Netherlands, 6-2 5-7 7-6 (7-3). Australia's young hopeful Annabel Ellwood, 19, was also a first-round winner, beating Czech Denisa Chladkova 6-2 6-1.</p>
<p>Ellwood, currently ranked 74th, first grabbed headlines by ousting Jennifer Capriati in the first round of last year's U.S. Open.</p>
<p>Miyagi toppled Martina Hingis of Switzerland in Hingis's first match at the Lipton last year. Hingis, seeded 16th then, is the top seed this week and will automatically seize the number one ranking from Steffi Graf, not playing in Key Biscayne, on Monday, April 1.</p>
<p>Kournikova, ranked 90th, needed just 46 minutes of relentless groundstroking to eliminate Miyagi and was equally animated in the press conference afterwards.</p>
<p>A junior rival of Hingis but now well behind her in the rankings, Kournikova said she felt &quot;frozen&quot; by the age-limit rules -- designed to prevent teenage burnout -- which prevent her from playing more than 10 tournaments in the 12-month period between her June 7 birthdays.</p>
<p>&quot;Other girls are playing 30 tournaments so they will do better than me even if I win all of my ten,&quot; she said. &quot;I have no chance to play, especially if I draw a seed in the first round.&quot;</p>
<p>Kournikova did not turn professional in time to avoid the new regulations. Venus Williams and Hingis, both a year older than Kournikova, were &quot;grandfathered&quot; under the old system and can play more often. Kournikova will not be able to play an unrestricted schedule until she is 18, more than two years from now.</p>
<p>After being eliminated in the first round of the Australian Open, Kournikova penned her own letter of protest to the COREL WTA TOUR requesting a revision of the ruling. She has not received a response.</p>
<p>&quot;I feel like I have to win every match,&quot; Kournikova said. &quot;How can you learn how to play if you're not playing? I have to get match experience. I can't play junior tournaments for the next five years.&quot;</p>
</text>
<copyright>(c) Reuters Limited 1997</copyright>
<metadata>
<codes class="bip:countries:1.0">
  <code code="JAP">
    <editdetail attribution="Reuters BIP Coding Group" action="confirmed" date="1997-03-20"/>
  </code>
  <code code="RUSS">
    <editdetail attribution="Reuters BIP Coding Group" action="confirmed" date="1997-03-20"/>
  </code>
  <code code="USA">
    <editdetail attribution="Reuters BIP Coding Group" action="confirmed" date="1997-03-20"/>
  </code>
</codes>
<codes class="bip:topics:1.0">
  <code code="GCAT">
    <editdetail attribution="Reuters BIP Coding Group" action="confirmed" date="1997-03-20"/>
  </code>
  <code code="GSPO">
    <editdetail attribution="Reuters BIP Coding Group" action="confirmed" date="1997-03-20"/>
  </code>
</codes>
<dc element="dc.date.created" value="1997-03-20"/>
<dc element="dc.publisher" value="Reuters Holdings Plc"/>
<dc element="dc.date.published" value="1997-03-20"/>
<dc element="dc.source" value="Reuters"/>
<dc element="dc.creator.location" value="KEY BISCAYNE, Florida"/>
<dc element="dc.creator.location.country.name" value="USA"/>
<dc element="dc.source" value="Reuters"/>
</metadata>
</newsitem>
