<?xml version="1.0" encoding="iso-8859-1" ?>
<newsitem itemid="455304" id="root" date="1997-03-20" xml:lang="en">
<title>USA: Zeneca gets U.S. exclusivity on Diprivan.</title>
<headline>Zeneca gets U.S. exclusivity on Diprivan.</headline>
<dateline>WILMINGTON, Del. 1997-03-20</dateline>
<text>
<p>Zeneca Inc said Thursday the U.S. Food and Drug Administration had given it exclusivity for the modified formulation of Diprivan, an intravenous sedative, until June 11, 1999.</p>
<p>Diprivan is used to induce and maintain anesthesia and ICU sedation.</p>
<p>Zeneca Inc is a subsidiary of Zeneca Group Plc of Britain.</p>
</text>
<copyright>(c) Reuters Limited 1997</copyright>
<metadata>
<codes class="bip:countries:1.0">
  <code code="USA">
    <editdetail attribution="Reuters BIP Coding Group" action="confirmed" date="1997-03-20"/>
  </code>
</codes>
<codes class="bip:industries:1.0">
  <code code="I25700">
    <editdetail attribution="Reuters BIP Coding Group" action="confirmed" date="1997-03-20"/>
  </code>
</codes>
<codes class="bip:topics:1.0">
  <code code="C13">
    <editdetail attribution="Reuters BIP Coding Group" action="confirmed" date="1997-03-20"/>
  </code>
  <code code="C22">
    <editdetail attribution="Reuters BIP Coding Group" action="confirmed" date="1997-03-20"/>
  </code>
  <code code="CCAT">
    <editdetail attribution="Reuters BIP Coding Group" action="confirmed" date="1997-03-20"/>
  </code>
</codes>
<dc element="dc.date.created" value="1997-03-20"/>
<dc element="dc.publisher" value="Reuters Holdings Plc"/>
<dc element="dc.date.published" value="1997-03-20"/>
<dc element="dc.source" value="Reuters"/>
<dc element="dc.creator.location" value="WILMINGTON, Del."/>
<dc element="dc.creator.location.country.name" value="USA"/>
<dc element="dc.source" value="Reuters"/>
</metadata>
</newsitem>
