<?xml version="1.0" encoding="iso-8859-1" ?>
<newsitem itemid="455316" id="root" date="1997-03-20" xml:lang="en">
<title>USA: Amerihost weighing acquisition proposal.</title>
<headline>Amerihost weighing acquisition proposal.</headline>
<dateline>DES PLAINES, Ill. 1997-03-20</dateline>
<text>
<p>Amerihost Properties Inc said Thursday it is in the process of evaluating preliminary proposals for the acquisition of its outstanding common stock.</p>
<p>The company said it is also consulting with an unnamed investment banking firm to assist with its evaluation.  </p>
<p>Amerihost said that no agreement has been reached with respect to any such sale, and there can be no assurances that any transaction will be consummated.</p>
<p>Amerihost owns, builds and manages mid-priced hotels. It currently owns or manages 75 properties with 6,557 rooms, and has an ownership position in 65 of these hotels.</p>
<p>Russ Cerqua, chief financial officer, declined to say whether Amerihost had sought out the preliminary acquisition proposals.</p>
<p>He also declined to comment on when Amerihost might make a decision on the proposals.</p>
<p>((Reuters Chicago Newsdesk (312) 408-8787))</p>
</text>
<copyright>(c) Reuters Limited 1997</copyright>
<metadata>
<codes class="bip:countries:1.0">
  <code code="USA">
    <editdetail attribution="Reuters BIP Coding Group" action="confirmed" date="1997-03-20"/>
  </code>
</codes>
<codes class="bip:industries:1.0">
  <code code="I66500">
    <editdetail attribution="Reuters BIP Coding Group" action="confirmed" date="1997-03-20"/>
  </code>
</codes>
<codes class="bip:topics:1.0">
  <code code="C18">
    <editdetail attribution="Reuters BIP Coding Group" action="confirmed" date="1997-03-20"/>
  </code>
  <code code="C181">
    <editdetail attribution="Reuters BIP Coding Group" action="confirmed" date="1997-03-20"/>
  </code>
  <code code="CCAT">
    <editdetail attribution="Reuters BIP Coding Group" action="confirmed" date="1997-03-20"/>
  </code>
</codes>
<dc element="dc.date.created" value="1997-03-20"/>
<dc element="dc.publisher" value="Reuters Holdings Plc"/>
<dc element="dc.date.published" value="1997-03-20"/>
<dc element="dc.source" value="Reuters"/>
<dc element="dc.creator.location" value="DES PLAINES, Ill."/>
<dc element="dc.creator.location.country.name" value="USA"/>
<dc element="dc.source" value="Reuters"/>
</metadata>
</newsitem>
