<?xml version="1.0" encoding="iso-8859-1" ?>
<newsitem itemid="455306" id="root" date="1997-03-20" xml:lang="en">
<title>USA: Philip Morris, RJR debt widen on tobacco news.</title>
<headline>Philip Morris, RJR debt widen on tobacco news.</headline>
<dateline>NEW YORK 1997-03-20</dateline>
<text>
<p>Philip Morris Cos Inc and RJR Nabisco Holdings Corp debt widened five to ten basis points on Thursday, corporate bond traders said.</p>
<p>News that the nation's state attorney generals are close to a tobacco settlement with Liggett Group Inc, a unit of Brooke Group Ltd caused spreads on tobacco bonds to widen and stocks to drop.</p>
<p>&quot;Tobacco has been the focus today,&quot; said one high-grade trader. &quot;Spreads widened between five-to-ten basis points depending on the issue.&quot;  </p>
<p>RJR Nabisco's 8-3/4 debt due 2007 was offered at 200 basis points over Treasuries, traders said.</p>
<p>&quot;I'd say that's wider by at least 10 to 15 basis points from the beginning of this week,&quot; one trader said of RJR's debt.</p>
<p>Philip Morris debt was also seen trading wider by about five basis points, traders added.</p>
<p>As part of the settlement, Ligget Group is expected to hand over potentially damaging documents against the tobacco industry.</p>
<p>Shares of Philip Morris, the nation's largest cigarette company fell $6.25 to $115.875 in early afternoon trading on the New York Stock Exchange, where it was the most heavily traded issue.</p>
<p>RJR Nabisco stock fell 1/2 to 31-3/4; however, Liggett parent, Brooke Group Ltd, added 62.5 cents to $4.875, also on the New York Stock Exchange.</p>
<p>RJR Nabisco's senior debt is currently rated BBB-minus by Standard &amp; Poor's and Baa3 by Moody's Investors Service.</p>
<p>Philip Morris Cos' senior unsecured debt is rated single-A by Standad &amp; Poor's and A2 by Moody's Investors Service.</p>
<p>A news conference is expected later today, to annouce the settlement between Liggett Group and the state attornies general, a source close to the talks told Reuters.</p>
<p>(( --Nancy Leinfuss, 212-859-1675 ))</p>
</text>
<copyright>(c) Reuters Limited 1997</copyright>
<metadata>
<codes class="bip:countries:1.0">
  <code code="USA">
    <editdetail attribution="Reuters BIP Coding Group" action="confirmed" date="1997-03-20"/>
  </code>
</codes>
<codes class="bip:industries:1.0">
  <code code="I42900">
    <editdetail attribution="Reuters BIP Coding Group" action="confirmed" date="1997-03-20"/>
  </code>
</codes>
<codes class="bip:topics:1.0">
  <code code="C15">
    <editdetail attribution="Reuters BIP Coding Group" action="confirmed" date="1997-03-20"/>
  </code>
  <code code="C152">
    <editdetail attribution="Reuters BIP Coding Group" action="confirmed" date="1997-03-20"/>
  </code>
  <code code="CCAT">
    <editdetail attribution="Reuters BIP Coding Group" action="confirmed" date="1997-03-20"/>
  </code>
</codes>
<dc element="dc.date.created" value="1997-03-20"/>
<dc element="dc.publisher" value="Reuters Holdings Plc"/>
<dc element="dc.date.published" value="1997-03-20"/>
<dc element="dc.source" value="Reuters"/>
<dc element="dc.creator.location" value="NEW YORK"/>
<dc element="dc.creator.location.country.name" value="USA"/>
<dc element="dc.source" value="Reuters"/>
</metadata>
</newsitem>
