<?xml version="1.0" encoding="iso-8859-1" ?>
<newsitem itemid="455332" id="root" date="1997-03-20" xml:lang="en">
<title>USA: Mass. utility deregulation seeks 10 pct rate cut.</title>
<headline>Mass. utility deregulation seeks 10 pct rate cut.</headline>
<dateline>BOSTON 1997-03-20</dateline>
<text>
<p>Massachusetts legislators, unveiling a plan Thursday to deregulate the state's electricity industry, called for a mandatory 10 percent cut in all retail power prices across the state by January 1, 1998.</p>
<p>The plan, presented at the state house by the Joint Committee on Electric Utility Restructuring, also called for allowing the state's seven utilities to fully recover their &quot;stranded costs&quot;, referring to those investments they made back in the days of a tightly regulated power market.</p>
<p>The proposal encourages these same utilities to sell off all their current power generating assets.  </p>
<p>The report, citing figures from a recent Moody's Investors Service analysis of stranded costs for utilities, estimated that those costs top $5.2 billion for Massachusetts utilities.</p>
<p>Legislators also want the utilities to renegotiate their contracts with independent power producers that are above market rates.</p>
<p>&quot;Just about all the contracts with independent power companies are significantly above the rates,&quot; New England Electric Systems spokeswoman Karen Berardino said. Her company's recent deregulation agreement reached with the Massachusetts attorney general will be subject to the legislation.</p>
<p>Before the measure becomes law it must pass both houses in the Legislature and be signed into law by Gov. William Weld, who introduced his own deregulation bill earlier in the session.</p>
<p>The bi-partisan committee with members from both the Senate and the House of Representatives said their measure went further than Weld's by guaranteeing consumers a 10 mandated rate cut and encouraging voluntary divestiture of non-nuclear generating assets by providing incentives.</p>
<p>((--Leslie Gevirtz, 617-367-4142))</p>
</text>
<copyright>(c) Reuters Limited 1997</copyright>
<metadata>
<codes class="bip:countries:1.0">
  <code code="USA">
    <editdetail attribution="Reuters BIP Coding Group" action="confirmed" date="1997-03-20"/>
  </code>
</codes>
<codes class="bip:industries:1.0">
  <code code="I16100">
    <editdetail attribution="Reuters BIP Coding Group" action="confirmed" date="1997-03-20"/>
  </code>
</codes>
<codes class="bip:topics:1.0">
  <code code="C13">
    <editdetail attribution="Reuters BIP Coding Group" action="confirmed" date="1997-03-20"/>
  </code>
  <code code="C31">
    <editdetail attribution="Reuters BIP Coding Group" action="confirmed" date="1997-03-20"/>
  </code>
  <code code="CCAT">
    <editdetail attribution="Reuters BIP Coding Group" action="confirmed" date="1997-03-20"/>
  </code>
</codes>
<dc element="dc.date.created" value="1997-03-20"/>
<dc element="dc.publisher" value="Reuters Holdings Plc"/>
<dc element="dc.date.published" value="1997-03-20"/>
<dc element="dc.source" value="Reuters"/>
<dc element="dc.creator.location" value="BOSTON"/>
<dc element="dc.creator.location.country.name" value="USA"/>
<dc element="dc.source" value="Reuters"/>
</metadata>
</newsitem>
