<?xml version="1.0" encoding="iso-8859-1" ?>
<newsitem itemid="455370" id="root" date="1997-03-20" xml:lang="en">
<title>USA: Key US Senator urges Fed to rethink firewall plan.</title>
<headline>Key US Senator urges Fed to rethink firewall plan.</headline>
<dateline>WASHINGTON 1997-03-20</dateline>
<text>
<p>The head of the Senate Banking Committee urged the Federal Reserve on Thursday to reconsider its proposal to eliminate firewalls between commercial banks and their securities affiliates.</p>
<p>&quot;I believe strongly in the need for firewalls and other safeguards,&quot; New York Republican Alfonse D'Amato said during a committee hearing on the issue.  </p>
<p>The Federal Reserve has proposed lifting many of the longstanding firewalls, which are designed to insulate traditional banking activities from a bank's securities business.</p>
<p>D'Amato called the plan a &quot;mad dash into an area that I think can jeopardize the taxpayers of this country.&quot;</p>
</text>
<copyright>(c) Reuters Limited 1997</copyright>
<metadata>
<codes class="bip:countries:1.0">
  <code code="USA">
    <editdetail attribution="Reuters BIP Coding Group" action="confirmed" date="1997-03-20"/>
  </code>
</codes>
<codes class="bip:industries:1.0">
  <code code="I81402">
    <editdetail attribution="Reuters BIP Coding Group" action="confirmed" date="1997-03-20"/>
  </code>
  <code code="I81502">
    <editdetail attribution="Reuters BIP Coding Group" action="confirmed" date="1997-03-20"/>
  </code>
  <code code="I83100">
    <editdetail attribution="Reuters BIP Coding Group" action="confirmed" date="1997-03-20"/>
  </code>
</codes>
<codes class="bip:topics:1.0">
  <code code="C13">
    <editdetail attribution="Reuters BIP Coding Group" action="confirmed" date="1997-03-20"/>
  </code>
  <code code="CCAT">
    <editdetail attribution="Reuters BIP Coding Group" action="confirmed" date="1997-03-20"/>
  </code>
  <code code="E12">
    <editdetail attribution="Reuters BIP Coding Group" action="confirmed" date="1997-03-20"/>
  </code>
  <code code="ECAT">
    <editdetail attribution="Reuters BIP Coding Group" action="confirmed" date="1997-03-20"/>
  </code>
</codes>
<dc element="dc.date.created" value="1997-03-20"/>
<dc element="dc.publisher" value="Reuters Holdings Plc"/>
<dc element="dc.date.published" value="1997-03-20"/>
<dc element="dc.source" value="Reuters"/>
<dc element="dc.creator.location" value="WASHINGTON"/>
<dc element="dc.creator.location.country.name" value="USA"/>
<dc element="dc.source" value="Reuters"/>
</metadata>
</newsitem>
