<?xml version="1.0" encoding="iso-8859-1" ?>
<newsitem itemid="455381" id="root" date="1997-03-20" xml:lang="en">
<title>CANARY ISLANDS: GOLF-TURESPANA MASTERS FIRST ROUND SCORES.</title>
<headline>GOLF-TURESPANA MASTERS FIRST ROUND SCORES.</headline>
<dateline>MASPALOMAS, Gran Canaria 1997-03-20</dateline>
<text>
<p>Leading first round scores in the Turespana Masters golf tournament on Thursday (Britain unless stated):</p>
<p>66 Brian Davis</p>
<p>67 Jose Rivero (Spain), Jose Coceres (Argentina),</p>
<p>Mats Hallberg (Sweden), Adam Hunter, Peter Baker 68 Neal Briggs, Peter Mitchell, Katsuyoshi Tomori</p>
<p>(Japan)</p>
<p>69 Andrew Beal, Retief Goosen (South Africa), Jonathan</p>
<p>Lomas, Jose Maria Canizares (Spain), Paul Broadhurst,</p>
<p>Miguel Angel Jimenez (Spain), Darren Lee, Michael</p>
<p>Jonzon (Sweden), Scott Henderson, Mark Davis, Warren</p>
<p>Bennett.</p>
<p>70 Daniel Westermark (Sweden), Stephen Allan</p>
<p>(Australia), Des Smyth (Ireland), Robert Lee,</p>
<p>Darren Cole (Australia), David Gilford, Jim Payne,</p>
<p>Darren Clarke, Jose Maria Olazabal (Spain), Alex</p>
<p>Cejka (Germany), Ben Tinning (Denmark), Francisco</p>
<p>Valera (Spain), Ignacio Garrido (Spain), Eduardo</p>
<p>Romero (Argentina), Jean Van de Velde (France),</p>
<p>Diego Borrego (Spain), Patrik Sjoland (Sweden), Juan</p>
<p>Carlos Pinero (Spain), Fabrice Tarnaud (France),</p>
<p>Joakim Haeggman (Sweden), Michael Campbell</p>
<p>(New Zealand).</p>
<p>71 Daniel Chopra (Sweden), Domingo Hospital (Spain),</p>
<p>Raymond Russell, Andrew Sandywell, Andrew Coltart,</p>
<p>Mark Mouland, Phil Golding, Jarmo Sandelin (Sweden),</p>
<p>Miguel Angel Martin (Spain), Christy O'Connor</p>
<p>(Ireland), Francisco Cea (Spain), Raphael Jacquelin</p>
<p>(France), Stephen Field, Richard Boxall, Anders</p>
<p>Forsbrand (Sweden), Gary Evans, Alan Tait,</p>
<p>Christian Cevaer (France)</p>
</text>
<copyright>(c) Reuters Limited 1997</copyright>
<metadata>
<codes class="bip:countries:1.0">
  <code code="ARG">
    <editdetail attribution="Reuters BIP Coding Group" action="confirmed" date="1997-03-20"/>
  </code>
  <code code="CANI">
    <editdetail attribution="Reuters BIP Coding Group" action="confirmed" date="1997-03-20"/>
  </code>
  <code code="JAP">
    <editdetail attribution="Reuters BIP Coding Group" action="confirmed" date="1997-03-20"/>
  </code>
  <code code="SAFR">
    <editdetail attribution="Reuters BIP Coding Group" action="confirmed" date="1997-03-20"/>
  </code>
  <code code="SPAIN">
    <editdetail attribution="Reuters BIP Coding Group" action="confirmed" date="1997-03-20"/>
  </code>
  <code code="SWED">
    <editdetail attribution="Reuters BIP Coding Group" action="confirmed" date="1997-03-20"/>
  </code>
  <code code="UK">
    <editdetail attribution="Reuters BIP Coding Group" action="confirmed" date="1997-03-20"/>
  </code>
</codes>
<codes class="bip:topics:1.0">
  <code code="GCAT">
    <editdetail attribution="Reuters BIP Coding Group" action="confirmed" date="1997-03-20"/>
  </code>
  <code code="GSPO">
    <editdetail attribution="Reuters BIP Coding Group" action="confirmed" date="1997-03-20"/>
  </code>
</codes>
<dc element="dc.date.created" value="1997-03-20"/>
<dc element="dc.publisher" value="Reuters Holdings Plc"/>
<dc element="dc.date.published" value="1997-03-20"/>
<dc element="dc.source" value="Reuters"/>
<dc element="dc.creator.location" value="MASPALOMAS, Gran Canaria"/>
<dc element="dc.creator.location.country.name" value="CANARY ISLANDS"/>
<dc element="dc.source" value="Reuters"/>
</metadata>
</newsitem>
