<?xml version="1.0" encoding="iso-8859-1" ?>
<newsitem itemid="455362" id="root" date="1997-03-20" xml:lang="en">
<title>USA: Fed weighs costs/benefits in looking ahead - G'span.</title>
<headline>Fed weighs costs/benefits in looking ahead - G'span.</headline>
<dateline>WASHINGTON 1997-03-20</dateline>
<text>
<p>Federal Reserve Chairman Alan Greenspan said the Fed had to weigh carefully the costs and benefits of any pre-emptive shifts in monetary policy.</p>
<p>&quot;What we try to do...is to try to make judgements about the relative probabalities of what the outlook is and then sort of array a series of different types of monetary policy moves and make judgements -- not only what they would contribute if that forecast is correct but also what is the cost if we are wrong,&quot; he told Congress's Joint Economic Committee.  </p>
<p>&quot;And clearly, if we find that if the costs of being wrong are substantial, relative to the potential benefits, that would argue for not moving in a certain direction,&quot; he added.</p>
<p>Nevertheless, Greenspan said the Fed had to forecast where the economy was headed and act on that forecast.</p>
<p>&quot;We have no choice but to forecast and act upon a forecast,&quot; he said, &quot;..unless we do that, we will be behind the curve a good deal of the time.</p>
<p>&quot;Monetary policy in years past has been demonstrably counter productive in certain periods, largely because we were too late in moving,&quot; he said.  </p>
<p>Greenspan, in answer to a separate question, said there was no compelling evidence that the nation's trade deficit affected interest rates.</p>
<p>Although he did say that a strong dollar, other things being equal, worked to increase the trade deficit.</p>
<p>&quot;It is certainly the case that the stronger the dollar, other things equal, I emphasize other things equal, the greater the trade deficit,&quot; he said.</p>
<p>&quot;There is no evidence that I find compelling which, however, suggests that the trade deficit itself has a material effect one way or the other on interest rates,&quot; he said.</p>
</text>
<copyright>(c) Reuters Limited 1997</copyright>
<metadata>
<codes class="bip:countries:1.0">
  <code code="USA">
    <editdetail attribution="Reuters BIP Coding Group" action="confirmed" date="1997-03-20"/>
  </code>
</codes>
<codes class="bip:topics:1.0">
  <code code="E12">
    <editdetail attribution="Reuters BIP Coding Group" action="confirmed" date="1997-03-20"/>
  </code>
  <code code="ECAT">
    <editdetail attribution="Reuters BIP Coding Group" action="confirmed" date="1997-03-20"/>
  </code>
</codes>
<dc element="dc.date.created" value="1997-03-20"/>
<dc element="dc.publisher" value="Reuters Holdings Plc"/>
<dc element="dc.date.published" value="1997-03-20"/>
<dc element="dc.source" value="Reuters"/>
<dc element="dc.creator.location" value="WASHINGTON"/>
<dc element="dc.creator.location.country.name" value="USA"/>
<dc element="dc.source" value="Reuters"/>
</metadata>
</newsitem>
