<?xml version="1.0" encoding="iso-8859-1" ?>
<newsitem itemid="455384" id="root" date="1997-03-20" xml:lang="en">
<title>switzerland: FIGURE SKATING-COACH FASSI DIES DURING WORLD CHAMPIONSHIPS.</title>
<headline>FIGURE SKATING-COACH FASSI DIES DURING WORLD CHAMPIONSHIPS.</headline>
<byline>Brian Creighton</byline>
<dateline>LAUSANNE, Switzerland 1997-03-20</dateline>
<text>
<p>Respected Italian figure skating coach Carlo Fassi died of a heart attack during the world championships on Thursday, an International Skating Union (ISU) spokesperson said. He was 67.</p>
<p>Fassi complained of stomach pains at the rink late on Thursday morning and at noon (1100 GMT) was taken to hospital where he died later, U.S. team spokesperson Heather Linhart said.</p>
<p>ISU press officer Penny Dain later confirmed that Fassi, a diabetic, had died of a heart attack at 2.30 p.m. (1330 GMT).</p>
<p>Linhart said Fassi had complained to the U.S. team doctor, Ed Reisman, of stomach pains during the morning. Reisman gave Fassi indigestion tablets and immediately arranged for him to go to hospital.</p>
<p>Fassi coached U.S. women's skater Nicole Bobek, whose event starts on Friday, but one of his most famous pupils was Britain's 1980 Olympic men's champion Robin Cousins.</p>
<p>Cousins was in tears at hearing of the death of the man who coached him from 1977 until after his Olympic triumph.</p>
<p>&quot;He was one of the great coaches. He didn't have a magic wand and didn't click with everyone. But he had a passion and drive. He had a way with him and if it worked for you, you knew that would be it,&quot; said Cousins, now a television commentator.</p>
<p>&quot;He had the unique ability to make everyone feel they were the best, whether it was a novice or someone like myself trying to be an Olympic champion,&quot; Cousins added.</p>
<p>The Italian, who was based in Lake Arrowhead, California, where he was assisted in his coaching by his wife Christa, was the European men's figure skating champion in 1953 and 1954.</p>
<p>He sprang to prominence as a coach when he trained American Peggy Fleming to the world titles from 1966 to 1968 and to the 1968 Olympic title.</p>
<p>He also coached both the 1976 Olympic gold medallists, John Curry of Britain and American Dorothy Hamill.</p>
<p>He is survived by his wife, their two sons and a daughter.</p>
</text>
<copyright>(c) Reuters Limited 1997</copyright>
<metadata>
<codes class="bip:countries:1.0">
  <code code="SWITZ">
    <editdetail attribution="Reuters BIP Coding Group" action="confirmed" date="1997-03-20"/>
  </code>
</codes>
<codes class="bip:topics:1.0">
  <code code="GCAT">
    <editdetail attribution="Reuters BIP Coding Group" action="confirmed" date="1997-03-20"/>
  </code>
  <code code="GSPO">
    <editdetail attribution="Reuters BIP Coding Group" action="confirmed" date="1997-03-20"/>
  </code>
</codes>
<dc element="dc.date.created" value="1997-03-20"/>
<dc element="dc.publisher" value="Reuters Holdings Plc"/>
<dc element="dc.date.published" value="1997-03-20"/>
<dc element="dc.source" value="Reuters"/>
<dc element="dc.creator.location" value="LAUSANNE, Switzerland"/>
<dc element="dc.creator.location.country.name" value="SWITZERLAND"/>
<dc element="dc.source" value="Reuters"/>
</metadata>
</newsitem>
