<?xml version="1.0" encoding="iso-8859-1" ?>
<newsitem itemid="455366" id="root" date="1997-03-20" xml:lang="en">
<title>USA: Tobacco stocks slide again on Liggett plan.</title>
<headline>Tobacco stocks slide again on Liggett plan.</headline>
<dateline>NEW YORK 1997-03-20</dateline>
<text>
<p>Tobacco stocks were sharply lower in early trade amid reports that Brooke Group Ltd unit Liggett Group Inc would expand its litigation settlement plan with plaintiffs in tobacco suits to free more potentially damning information.</p>
<p>On the New York Stock Exchange, Philip Morris Cos Inc shares were down five at 117. RJR Nabisco Holdings Corp, parent company of R.J. Reynolds Tobacco Co, saw its stock drop one, while Loews Corp was off 2-1/4.</p>
<p>On the American Stock Exchange, the newly christened Tobacco Index was down 8.15 at 282.30.  </p>
<p>Liggett Group is said to be readying the announcement of a broader version of the settlement package it struck one year ago with potential plaintiffs, sources told Reuters Wednesday.</p>
<p>The accord would be expanded to include the Medicaid suits filed by 22 states in their effort to recoup the cost of smoking-related illnesses.</p>
<p>Liggett's previous settlement package, an unprecedented move at the time that rocked Wall Street, concentrated on suits filed by plaintiffs outside the Medicaid actions.  </p>
<p>The new settlement would purportedly include the release of more documents about what tobacco companies knew with regard to the dangers of smoking, and warning labels on Liggett-brand cigarettes that admit cigarettes are addictive and carcinogenic.</p>
<p>Published reports said the deal would also include permission for former Liggett employees to come forward with any information they have about the company or the industry.</p>
<p>Lawyers close to the talks said the talks have been ongoing but no final deal is imminent.</p>
<p>Brooke Group shares were up 1/2 at 4-3/4.  </p>
<p>Tobacco stocks have been repeatedly pressured over the past few weeks from news and rumors that grow increasingly ominous, despite assertions from analysts that the developments pose no added threats to the tobacco industry.</p>
<p>&quot;It's an old settlement and it's not worth the paper it's written on,&quot; said Sanford C. Bernstein analyst Gary Black.</p>
<p>&quot;You would think (this) time around investors would learn,&quot; Black said.</p>
</text>
<copyright>(c) Reuters Limited 1997</copyright>
<metadata>
<codes class="bip:countries:1.0">
  <code code="USA">
    <editdetail attribution="Reuters BIP Coding Group" action="confirmed" date="1997-03-20"/>
  </code>
</codes>
<codes class="bip:industries:1.0">
  <code code="I42900">
    <editdetail attribution="Reuters BIP Coding Group" action="confirmed" date="1997-03-20"/>
  </code>
  <code code="I83960">
    <editdetail attribution="Reuters BIP Coding Group" action="confirmed" date="1997-03-20"/>
  </code>
</codes>
<codes class="bip:topics:1.0">
  <code code="C12">
    <editdetail attribution="Reuters BIP Coding Group" action="confirmed" date="1997-03-20"/>
  </code>
  <code code="C15">
    <editdetail attribution="Reuters BIP Coding Group" action="confirmed" date="1997-03-20"/>
  </code>
  <code code="C152">
    <editdetail attribution="Reuters BIP Coding Group" action="confirmed" date="1997-03-20"/>
  </code>
  <code code="CCAT">
    <editdetail attribution="Reuters BIP Coding Group" action="confirmed" date="1997-03-20"/>
  </code>
  <code code="GCAT">
    <editdetail attribution="Reuters BIP Coding Group" action="confirmed" date="1997-03-20"/>
  </code>
  <code code="GCRIM">
    <editdetail attribution="Reuters BIP Coding Group" action="confirmed" date="1997-03-20"/>
  </code>
</codes>
<dc element="dc.date.created" value="1997-03-20"/>
<dc element="dc.publisher" value="Reuters Holdings Plc"/>
<dc element="dc.date.published" value="1997-03-20"/>
<dc element="dc.source" value="Reuters"/>
<dc element="dc.creator.location" value="NEW YORK"/>
<dc element="dc.creator.location.country.name" value="USA"/>
<dc element="dc.source" value="Reuters"/>
</metadata>
</newsitem>
