<?xml version="1.0" encoding="iso-8859-1" ?>
<newsitem itemid="455399" id="root" date="1997-03-20" xml:lang="en">
<title>UK: CYCLING-MUSEEUW CHASES WORLD CUP HAT-TRICK.</title>
<headline>CYCLING-MUSEEUW CHASES WORLD CUP HAT-TRICK.</headline>
<dateline>LONDON 1997-03-20</dateline>
<text>
<p>Belgian Johan Museeuw starts his bid to become the first rider to complete a World Cup hat-trick in the 1997 season-opening Milan-San Remo race on Saturday.</p>
<p>Museeuw, 31, reversed a decision to retire after a tremendous 1996 which also saw him lift the world road crown in Lugano.</p>
<p>Museeuw, cup runner-up in 1993 and 1994, will become the first to win three times since the one-day series began in 1989. Italy's Maurizio Fondriest triumphed in 1991 and 1993.</p>
<p>The 10-race programme will stay in Europe this season after forays to Canada and Japan in recent years.</p>
<p>After eight months of racing throughout Europe last year, many riders blasted authorities for taking the competition to Japan for the finale.</p>
<p>For five years until 1992 a round was also contested in Montreal in the middle of the European season.</p>
<p>It was not so much the extra travelling that upset riders, rather the lack of reward. The cup has no prize fund, just a jersey for the winner.</p>
<p>This year there is the extra incentive of world-ranking points.</p>
<p>Nine years ago the series began with Britain and Canada given the chance to show the &quot;classics&quot; that they too could stage major one-day races.</p>
<p>Of the 'new' races only the British round, the Rochester Classic, has survived, but the traditional events roll on.</p>
<p>The 1997 series opens with one of the oldest, the Milan-San Remo, celebrating its 88th year.</p>
<p>It is the first of the spring classics which continue each weekend in April with the Tour of Flanders, the Paris-Roubaix, Liege-Bastogne-Leige and the Amstel Gold race.</p>
<p>The campaign takes a break for the Giro d'Italia and the Tour de France, resuming in August with the San Sebastian Classic, the Rochester Classic, and the GP Suisse, before winding up in October with the Paris-Tours race and the Tour of Lombardy.</p>
</text>
<copyright>(c) Reuters Limited 1997</copyright>
<metadata>
<codes class="bip:countries:1.0">
  <code code="BELG">
    <editdetail attribution="Reuters BIP Coding Group" action="confirmed" date="1997-03-20"/>
  </code>
  <code code="ITALY">
    <editdetail attribution="Reuters BIP Coding Group" action="confirmed" date="1997-03-20"/>
  </code>
  <code code="UK">
    <editdetail attribution="Reuters BIP Coding Group" action="confirmed" date="1997-03-20"/>
  </code>
</codes>
<codes class="bip:topics:1.0">
  <code code="GCAT">
    <editdetail attribution="Reuters BIP Coding Group" action="confirmed" date="1997-03-20"/>
  </code>
  <code code="GSPO">
    <editdetail attribution="Reuters BIP Coding Group" action="confirmed" date="1997-03-20"/>
  </code>
</codes>
<dc element="dc.date.created" value="1997-03-20"/>
<dc element="dc.publisher" value="Reuters Holdings Plc"/>
<dc element="dc.date.published" value="1997-03-20"/>
<dc element="dc.source" value="Reuters"/>
<dc element="dc.creator.location" value="LONDON"/>
<dc element="dc.creator.location.country.name" value="UK"/>
<dc element="dc.source" value="Reuters"/>
</metadata>
</newsitem>
