<?xml version="1.0" encoding="iso-8859-1" ?>
<newsitem itemid="455342" id="root" date="1997-03-20" xml:lang="en">
<title>USA: US Fed likely to raise rates -- ex-Fed Gov Angell.</title>
<headline>US Fed likely to raise rates -- ex-Fed Gov Angell.</headline>
<dateline>WASHINGTON 1997-03-20</dateline>
<text>
<p>Former Federal Reserve Governor Wayne Angell said Thursday the Fed was likely to raise interest rates by a quarter of a percentage point next week.</p>
<p>The Fed's policymaking Federal Open Market Committee is scheduled to meet March 25.</p>
<p>Angell said he expected Fed Chairman Alan Greenspan would make a recommendation &quot;to raise rates a quarter of a point&quot; and other Fed policymakers would go along with that at the meeting.  </p>
<p>Last month, Angell had said he expected the central bank to keep interest rates steady as inflation was not expected to accelerate.</p>
<p>Angell spoke to reporters after listening to Greenspan's testimony before the congressional Joint Economic Committee. He said he found Greenspan's use of the word &quot;promptly&quot; significant.</p>
<p>In his testimony, Greenspan stressed &quot;the importance of acting promptly -- ideally pre-emptively -- to keep inflation low over the intermediate term and to promote price stability over time.&quot;</p>
</text>
<copyright>(c) Reuters Limited 1997</copyright>
<metadata>
<codes class="bip:countries:1.0">
  <code code="USA">
    <editdetail attribution="Reuters BIP Coding Group" action="confirmed" date="1997-03-20"/>
  </code>
</codes>
<codes class="bip:topics:1.0">
  <code code="E12">
    <editdetail attribution="Reuters BIP Coding Group" action="confirmed" date="1997-03-20"/>
  </code>
  <code code="ECAT">
    <editdetail attribution="Reuters BIP Coding Group" action="confirmed" date="1997-03-20"/>
  </code>
</codes>
<dc element="dc.date.created" value="1997-03-20"/>
<dc element="dc.publisher" value="Reuters Holdings Plc"/>
<dc element="dc.date.published" value="1997-03-20"/>
<dc element="dc.source" value="Reuters"/>
<dc element="dc.creator.location" value="WASHINGTON"/>
<dc element="dc.creator.location.country.name" value="USA"/>
<dc element="dc.source" value="Reuters"/>
</metadata>
</newsitem>
