<?xml version="1.0" encoding="iso-8859-1" ?>
<newsitem itemid="455368" id="root" date="1997-03-20" xml:lang="en">
<title>USA: NY Court turns down NYC plan to sell water system.</title>
<headline>NY Court turns down NYC plan to sell water system.</headline>
<dateline>NEW YORK 1997-03-20</dateline>
<text>
<p>The New York State Court of Appeals on Thursday, upholding previous court decisions, ruled that New York City could not go ahead with a plan to sell its water and sewer system by issuing $2.3 billion of bonds.</p>
<p>Asked if the Giuliani Administration likely would drop its plans to try to sell the system, which the city has owned for 150 years, a spokesman for the the Water Finance Authority Board replied: &quot;I assume so.&quot;</p>
<p>He added &quot;The court made some pretty strong statements here.&quot;  </p>
<p>A spokesman for New York City Mayor Rudolph Giuliani was not immediately available to comment.  Giuliani had taken his fight to sell the water system to court, suing the New York City Comptroller, Alan Hevesi, who had said he would block the deal by declining to approve the bond offering.</p>
<p>In prepared remarks, the city comptroller's office said: &quot;Comptroller Alan Hevesi has been a long-standing critic of using the sale of a precious asset to pay non-water system operating costs and fill budget gaps.&quot;  </p>
<p>Under Giuliani's plan, the sale would have given the city about $1 billion for capital projects that were not related to its water system, the court ruling explained.  Around $1.3 billion of the new bonds would have been used to retire the financing for improvements to the city's system, which provides about eight million residents of New York City and Westchester County with 1.5 billion gallons of water a day.</p>
<p>The state's highest court held that &quot;Use of the Authority's debt power is permissable only if the purchase of the water system on the terms proposed is of a 'water project' or furthers 'other corporate purposes' of the Authority,&quot; according to the decision written by Chief Judge Judith Kaye.</p>
<p>Rejecting the city's contention that the municipal bond sales should be allowed unless &quot;patently illegal,&quot; the court, in a unanimous decision, found that the legislation that created the Water Finance Authority did not permit the transaction.  &quot;Like the courts below, we conclude that the statute does not permit the proposed transaction and it therefore cannot be consummated.&quot;</p>
<p>((--Joan Gralla, 212-859-1654))</p>
</text>
<copyright>(c) Reuters Limited 1997</copyright>
<metadata>
<codes class="bip:countries:1.0">
  <code code="USA">
    <editdetail attribution="Reuters BIP Coding Group" action="confirmed" date="1997-03-20"/>
  </code>
</codes>
<codes class="bip:industries:1.0">
  <code code="I17000">
    <editdetail attribution="Reuters BIP Coding Group" action="confirmed" date="1997-03-20"/>
  </code>
</codes>
<codes class="bip:topics:1.0">
  <code code="C12">
    <editdetail attribution="Reuters BIP Coding Group" action="confirmed" date="1997-03-20"/>
  </code>
  <code code="C18">
    <editdetail attribution="Reuters BIP Coding Group" action="confirmed" date="1997-03-20"/>
  </code>
  <code code="C183">
    <editdetail attribution="Reuters BIP Coding Group" action="confirmed" date="1997-03-20"/>
  </code>
  <code code="CCAT">
    <editdetail attribution="Reuters BIP Coding Group" action="confirmed" date="1997-03-20"/>
  </code>
  <code code="E21">
    <editdetail attribution="Reuters BIP Coding Group" action="confirmed" date="1997-03-20"/>
  </code>
  <code code="E212">
    <editdetail attribution="Reuters BIP Coding Group" action="confirmed" date="1997-03-20"/>
  </code>
  <code code="ECAT">
    <editdetail attribution="Reuters BIP Coding Group" action="confirmed" date="1997-03-20"/>
  </code>
  <code code="GCAT">
    <editdetail attribution="Reuters BIP Coding Group" action="confirmed" date="1997-03-20"/>
  </code>
  <code code="GCRIM">
    <editdetail attribution="Reuters BIP Coding Group" action="confirmed" date="1997-03-20"/>
  </code>
</codes>
<dc element="dc.date.created" value="1997-03-20"/>
<dc element="dc.publisher" value="Reuters Holdings Plc"/>
<dc element="dc.date.published" value="1997-03-20"/>
<dc element="dc.source" value="Reuters"/>
<dc element="dc.creator.location" value="NEW YORK"/>
<dc element="dc.creator.location.country.name" value="USA"/>
<dc element="dc.source" value="Reuters"/>
</metadata>
</newsitem>
