<?xml version="1.0" encoding="iso-8859-1" ?>
<newsitem itemid="455350" id="root" date="1997-03-20" xml:lang="en">
<title>USA: News conference set in tobacco settlement - source.</title>
<headline>News conference set in tobacco settlement - source.</headline>
<dateline>WASHINGTON 1997-03-20</dateline>
<text>
<p>A news conference is set for 1600 EST (2100 GMT ) Thursday in Washington to announce a settlement between Liggett Group and a large group of state attorneys general, a source close to talks said.</p>
<p>Terms of the settlement are expected to include Liggett's agreement to turn over potentially damaging evidence against the tobacco industry and to include warnings on cigarette packages that smoking is addictive.</p>
<p>If the warning is included, it would mark the first time a cigarette company admits that nicotine is addictive.  </p>
<p>Attorneys general have been meeting in Washington since Tuesday night to iron out a deal that would include all 22 states suing the industry to recoup health-care costs of smokers.</p>
<p>Scott Harshbarger, the Massachusetts attorney general, would not confirm that the deal was final but told reporters at a briefing on the White House lawn that terms of the pact under consideration would include the turning-over of documents.  </p>
<p>&quot;This, were it to be finalized, would be the first time the stone wall has been breached, that evidence is actually being made available from the companies themselves,&quot; he said. Harshbarger, who is president of the National Association of Attorneys General, which is meeting in Washington this week, said he was making comments on his own and his views did not reflect those of the association.</p>
<p>He said that if the terms under consideration were met, &quot;it will be one of the most important breakthroughs in the battle against big tobacco and the tobacco wars we have seen.&quot;  </p>
<p>&quot;This settlement will produce information that indicates that major tobacco companies were fully aware that the product they were selling is addictive, that the product they were selling had great impact on public health in terms of disease and lung cancer and that there was a targeting ...of young people as a major way to try to addict the next generation of adults,&quot; he said.</p>
<p>Harshbarger said the evidence that may be turned over could be used in the numerous lawsuits against the tobacco industry.</p>
<p>&quot;This is a very significant victory we believe,&quot; he said.</p>
</text>
<copyright>(c) Reuters Limited 1997</copyright>
<metadata>
<codes class="bip:countries:1.0">
  <code code="USA">
    <editdetail attribution="Reuters BIP Coding Group" action="confirmed" date="1997-03-20"/>
  </code>
</codes>
<codes class="bip:industries:1.0">
  <code code="I42900">
    <editdetail attribution="Reuters BIP Coding Group" action="confirmed" date="1997-03-20"/>
  </code>
</codes>
<codes class="bip:topics:1.0">
  <code code="C12">
    <editdetail attribution="Reuters BIP Coding Group" action="confirmed" date="1997-03-20"/>
  </code>
  <code code="CCAT">
    <editdetail attribution="Reuters BIP Coding Group" action="confirmed" date="1997-03-20"/>
  </code>
  <code code="GCAT">
    <editdetail attribution="Reuters BIP Coding Group" action="confirmed" date="1997-03-20"/>
  </code>
  <code code="GCRIM">
    <editdetail attribution="Reuters BIP Coding Group" action="confirmed" date="1997-03-20"/>
  </code>
  <code code="GHEA">
    <editdetail attribution="Reuters BIP Coding Group" action="confirmed" date="1997-03-20"/>
  </code>
</codes>
<dc element="dc.date.created" value="1997-03-20"/>
<dc element="dc.publisher" value="Reuters Holdings Plc"/>
<dc element="dc.date.published" value="1997-03-20"/>
<dc element="dc.source" value="Reuters"/>
<dc element="dc.creator.location" value="WASHINGTON"/>
<dc element="dc.creator.location.country.name" value="USA"/>
<dc element="dc.source" value="Reuters"/>
</metadata>
</newsitem>
