<?xml version="1.0" encoding="iso-8859-1" ?>
<newsitem itemid="455394" id="root" date="1997-03-20" xml:lang="en">
<title>UK: SOCCER-LIVERPOOL PLAYERS BACK SACKED DOCKERS.</title>
<headline>SOCCER-LIVERPOOL PLAYERS BACK SACKED DOCKERS.</headline>
<dateline>LIVERPOOL 1997-03-20</dateline>
<text>
<p>Two Liverpool footballers showed solidarity with 500 sacked dockers by wearing T-shirts supporting the men at Thursday's European Cup Winners' Cup match against Brann Bergen of Norway.</p>
<p>Robbie Fowler, who scored twice in Liverpool's 3-0 victory, lifted up his red Liverpool shirt after scoring his second goal to display the T-shirt underneath which read: &quot;Support The 500 Sacked Dockers&quot;.</p>
<p>Liverpool manager Roy Evans said he was unaware the player had been wearing the T-shirt. UEFA regulations prohibit players from displaying any political logos at matches.</p>
<p>The dispute has been going on for two years since the men were sacked from Liverpool Docks.</p>
<p>Steve McManaman said: &quot;The T-Shirts are on sale all over the city and I bought two of them. I wore one and gave one to Robbie.&quot;</p>
</text>
<copyright>(c) Reuters Limited 1997</copyright>
<metadata>
<codes class="bip:countries:1.0">
  <code code="NORW">
    <editdetail attribution="Reuters BIP Coding Group" action="confirmed" date="1997-03-20"/>
  </code>
  <code code="UK">
    <editdetail attribution="Reuters BIP Coding Group" action="confirmed" date="1997-03-20"/>
  </code>
</codes>
<codes class="bip:topics:1.0">
  <code code="GCAT">
    <editdetail attribution="Reuters BIP Coding Group" action="confirmed" date="1997-03-20"/>
  </code>
  <code code="GSPO">
    <editdetail attribution="Reuters BIP Coding Group" action="confirmed" date="1997-03-20"/>
  </code>
</codes>
<dc element="dc.date.created" value="1997-03-20"/>
<dc element="dc.publisher" value="Reuters Holdings Plc"/>
<dc element="dc.date.published" value="1997-03-20"/>
<dc element="dc.source" value="Reuters"/>
<dc element="dc.creator.location" value="LIVERPOOL"/>
<dc element="dc.creator.location.country.name" value="UK"/>
<dc element="dc.source" value="Reuters"/>
</metadata>
</newsitem>
