<?xml version="1.0" encoding="iso-8859-1" ?>
<newsitem itemid="455313" id="root" date="1997-03-20" xml:lang="en">
<title>USA: Bell Atlantic sees merger closing delayed.</title>
<headline>Bell Atlantic sees merger closing delayed.</headline>
<dateline>NEW YORK 1997-03-20</dateline>
<text>
<p>Bell Atlantic Corp said its merger with NYNEX Corp was being held up by delays in federal regulatory approval and it expected the closing to be delayed past the April 22 date on which it had envisioned closing the deal.</p>
<p>&quot;Obviously things are moving slower than we had hoped,&quot; Bell Atlantic spokesman Eric Rabe told Reuters.</p>
<p>&quot;Here we are at March 20 and we still have the (U.S.) Justice Department offering no indication (when they will approve the deal),&quot; Rabe said.  </p>
<p>The Bell Atlantic spokesman noted that the U.S. Federal Communications Commission has said it will take 30 days after the Justice Department completes its antitrust review before it gives its final assent to the deal.</p>
<p>Separately, N.Y. State Attorney General Dennis Vacco criticized a decision taken earlier Thursday by New York State utility regulators to approve the Bell Atlantic-NYNEX merger.</p>
<p>He said the conditional blessing granted for the deal by the New York State Public Service Commission (NYPSC) had failed to address the issue of rate relief for consumers.  </p>
<p>&quot;I continue to have reservations about this proposed merger's impact on competition in the local telephone service market,&quot; Vacco said.</p>
<p>His concerns focused on how the merger could reinforce the monopoly position NYNEX holds in local New York local telephone service markets, in a period when regulators are aiming at prying open these markets to wider competition.</p>
<p>Vacco said he planned to investigate the antitrust implications of the merger.  </p>
<p>&quot;I will review the PSC's plan further to determine the impact this merger will have on competition and to ensure that consumers are protected from an anti-competitive marketplace,&quot; he said.</p>
<p>((-- E. Auchard, New York newsdesk, 212-859-1736))</p>
</text>
<copyright>(c) Reuters Limited 1997</copyright>
<metadata>
<codes class="bip:countries:1.0">
  <code code="USA">
    <editdetail attribution="Reuters BIP Coding Group" action="confirmed" date="1997-03-20"/>
  </code>
</codes>
<codes class="bip:industries:1.0">
  <code code="I79020">
    <editdetail attribution="Reuters BIP Coding Group" action="confirmed" date="1997-03-20"/>
  </code>
</codes>
<codes class="bip:topics:1.0">
  <code code="C18">
    <editdetail attribution="Reuters BIP Coding Group" action="confirmed" date="1997-03-20"/>
  </code>
  <code code="C181">
    <editdetail attribution="Reuters BIP Coding Group" action="confirmed" date="1997-03-20"/>
  </code>
  <code code="CCAT">
    <editdetail attribution="Reuters BIP Coding Group" action="confirmed" date="1997-03-20"/>
  </code>
</codes>
<dc element="dc.date.created" value="1997-03-20"/>
<dc element="dc.publisher" value="Reuters Holdings Plc"/>
<dc element="dc.date.published" value="1997-03-20"/>
<dc element="dc.source" value="Reuters"/>
<dc element="dc.creator.location" value="NEW YORK"/>
<dc element="dc.creator.location.country.name" value="USA"/>
<dc element="dc.source" value="Reuters"/>
</metadata>
</newsitem>
