<?xml version="1.0" encoding="iso-8859-1" ?>
<newsitem itemid="455418" id="root" date="1997-03-20" xml:lang="en">
<title>USA: NBA BASKETBALL-WEDNESDAY'S RESULTS.</title>
<headline>NBA BASKETBALL-WEDNESDAY'S RESULTS.</headline>
<dateline>NEW YORK 1997-03-20</dateline>
<text>
<p>Results of National</p>
<p>Basketball Association games on Wednesday (home team in CAPS):</p>
<p> Utah		 113  BOSTON		100</p>
<p> CHARLOTTE	   90  Cleveland	    72</p>
<p> Toronto	     99  DETROIT		97</p>
<p> New York	   111  PHILADELPHIA	100</p>
<p> ATLANTA	    107  Indiana		95</p>
<p> MIAMI		 93  Golden State	 91 (OT)</p>
<p> MINNESOTA	   95  Vancouver	    72</p>
<p> LA CLIPPERS	108  Sacramento	   98</p>
</text>
<copyright>(c) Reuters Limited 1997</copyright>
<metadata>
<codes class="bip:countries:1.0">
  <code code="CANA">
    <editdetail attribution="Reuters BIP Coding Group" action="confirmed" date="1997-03-20"/>
  </code>
  <code code="USA">
    <editdetail attribution="Reuters BIP Coding Group" action="confirmed" date="1997-03-20"/>
  </code>
</codes>
<codes class="bip:topics:1.0">
  <code code="GCAT">
    <editdetail attribution="Reuters BIP Coding Group" action="confirmed" date="1997-03-20"/>
  </code>
  <code code="GSPO">
    <editdetail attribution="Reuters BIP Coding Group" action="confirmed" date="1997-03-20"/>
  </code>
</codes>
<dc element="dc.date.created" value="1997-03-20"/>
<dc element="dc.publisher" value="Reuters Holdings Plc"/>
<dc element="dc.date.published" value="1997-03-20"/>
<dc element="dc.source" value="Reuters"/>
<dc element="dc.creator.location" value="NEW YORK"/>
<dc element="dc.creator.location.country.name" value="USA"/>
<dc element="dc.source" value="Reuters"/>
</metadata>
</newsitem>
