<?xml version="1.0" encoding="iso-8859-1" ?>
<newsitem itemid="455401" id="root" date="1997-03-20" xml:lang="en">
<title>UK: SOCCER-ENGLAND CALL UP BUTT FOR MEXICO GAME.</title>
<headline>SOCCER-ENGLAND CALL UP BUTT FOR MEXICO GAME.</headline>
<byline>Gideon Long</byline>
<dateline>LONDON 1997-03-20</dateline>
<text>
<p>Manchester United forward Nicky Butt received his first England call on Thursday as manager Glenn Hoddle announced a much-changed squad for a home friendly against Mexico on March 29.</p>
<p>Butt, who has helped United to the European Cup semifinals, was one of seven new faces in the 25-man party since last month's 1-0 defeat by Italy at Wembley.</p>
<p>His United team mate Gary Pallister was recalled, along with Martin Keown, Darren Anderton, Jamie Redknapp, Teddy Sheringham and goalkeeper Nigel Martyn.</p>
<p>&quot;I feel the time is right to bring Butt in and have a look at him, have a look at his temperament. I've already seen his talent and he's certainly a player for the future,&quot; Hoddle said.</p>
<p>Hoddle said he had not spoken to Manchester United's manager Alex Ferguson about a possible conflict of interests between club and country.</p>
<p>United could be playing in the European Cup final in Munich on May 28, just three days before England face Poland in a vital World Cup qualifier.</p>
<p>&quot;It's not somthing that will be talked about until it becomes relatity,&quot; Hoddle said. &quot;Alex and I have got enough on our plates at the moment.</p>
<p>&quot;If the problem is there it would be a nice problem to have and I would converse with Alex.&quot;</p>
<p>As well as Butt, three other United players Garry Neville, David Beckham, Gary Pallister could be involved in the same situation.</p>
<p>Alan Shearer is sidelined for the Mexico match following a groin operation and his Newcastle strike partner Les Ferdinand is recovering from a hamstring injury.</p>
<p>Midfielder Paul Merson, who played against Italy, is out following a hernia operation as is his Arsenal team mate and goalkeeper David Seaman who is recovering from a knee operation.</p>
<p>Paul Gascoigne is still out with an ankle injury and Hoddle has remained loyal to Southampton midfielder Matt Le Tissier, the English media's scapegoat after last month's 1-0 home defeat by Italy in a World Cup qualifier.</p>
<p>Hoddle has hinted he might experiment with his side against the Mexicans.</p>
<p>England's next competitive match is a group two World Cup qualifier at home to Georgia on April 30.</p>
<p>Mexico are top of their World Cup qualifying final round group after two matches in which they beat Canada 4-0 and drew 0-0 with Costa Rica.</p>
<p>Squad:    </p>
<p>Goalkeepers - Ian Walker (Tottenham Hotspur), David James (Liverpool), Tim Flowers (Blackburn), Nigel Martyn (Leeds)</p>
<p>Defenders - Gary Neville (Manchester United), Graeme Le Saux (Blackburn), Gareth Southgate (Aston Villa), Tony Adams (Arsenal), Sol Campbell (Tottenham Hotspur), Dominic Matteo (Liverpool), Gary Pallister (Manchester United), Martin Keown (Arsenal)</p>
<p>Midfielders - Paul Ince (Inter Milan), David Beckham (Manchester United), Steve McManaman (Liverpool), David Batty (Newcastle), Matthew Le Tissier (Southampton), Robert Lee (Newcastle), Darren Anderton (Tottenham), Jamie Redknapp (Liverpool)</p>
<p>Strikers - Nicky Barmby (Everton), Robbie Fowler (Liverpool), Ian Wright (Arsenal), Nicky Butt (Manchester United), Teddy Sheringham (Tottenham).</p>
</text>
<copyright>(c) Reuters Limited 1997</copyright>
<metadata>
<codes class="bip:countries:1.0">
  <code code="MEX">
    <editdetail attribution="Reuters BIP Coding Group" action="confirmed" date="1997-03-20"/>
  </code>
  <code code="UK">
    <editdetail attribution="Reuters BIP Coding Group" action="confirmed" date="1997-03-20"/>
  </code>
</codes>
<codes class="bip:topics:1.0">
  <code code="GCAT">
    <editdetail attribution="Reuters BIP Coding Group" action="confirmed" date="1997-03-20"/>
  </code>
  <code code="GSPO">
    <editdetail attribution="Reuters BIP Coding Group" action="confirmed" date="1997-03-20"/>
  </code>
</codes>
<dc element="dc.date.created" value="1997-03-20"/>
<dc element="dc.publisher" value="Reuters Holdings Plc"/>
<dc element="dc.date.published" value="1997-03-20"/>
<dc element="dc.source" value="Reuters"/>
<dc element="dc.creator.location" value="LONDON"/>
<dc element="dc.creator.location.country.name" value="UK"/>
<dc element="dc.source" value="Reuters"/>
</metadata>
</newsitem>
