<?xml version="1.0" encoding="iso-8859-1" ?>
<newsitem itemid="455441" id="root" date="1997-03-20" xml:lang="en">
<title>SWITZERLAND: FIGURE SKATING-WORLD CHAMPIONSHIP RESULTS.</title>
<headline>FIGURE SKATING-WORLD CHAMPIONSHIP RESULTS.</headline>
<dateline>LAUSANNE, Switzerland 1997-03-20</dateline>
<text>
<p>Results at the</p>
<p>world figure skating championships on Thursday:</p>
<p>Ice dance, after original dance Tango:</p>
<p> 1. Oksana Gritschuk/Evgeny Platov (Russia) 1.0 factored</p>
<p> placements</p>
<p> 2. Anjelika Krylova/Oleg Ovsiannikov (Russia)	2.0</p>
<p> 3. Shae-Lynn Bourne/Victor Kraatz (Canada)	   2.8</p>
<p> 4. Sophie Moniotte/Pascal Lavanchy (France)	  4.2</p>
<p> 5. Marina Anissina/Gwendal Peizerat (France)	 4.8</p>
<p> 6. Elisabeth Punsalan/Jerod Swallow (U.S.)	   6.0</p>
<p> 7. Irina Lobacheva/Ilya Averbukh (Russia)	    7.0</p>
<p> 8. Irina Romanova/Igor Yaroshenko (Ukraine)	  8.0</p>
<p> 9. Margarita Drobiazko/Povilas Vanagas (Lithuania) 9.2</p>
<p>10. Barbara Fusar-Poli/Maurizio Margaglio (Italy)  9.8</p>
<p>11. Sylwia Nowak/Sebastian Kolasinski (Poland)    11.4</p>
<p>12. Katerina Mrazova/Martin Simecek (Czech Republic)</p>
<p>								   11.6</p>
<p> 13. Kati Winkler/Rene Lohse (Germany)		 13.2</p>
<p> 14. Tatjana Navka/Nikolai Morozov (Belarus)	 13.8</p>
<p> 15. Elizaveta Stekolnikova/Dmitri Kazarlyga (Kazakhstan)</p>
<p>								   15.0</p>
<p> 16. Marika Humphreys/Philip Askew (Britain)	 16.0</p>
<p> 17. Galit Chait/Sergey Sakhnovsky (Israel)	  17.2</p>
<p> 18. Eve Chalom/Mathew Gates (U.S.)		    17.8</p>
<p> 19. Albena Denkova/Maxim Stavisky (Bulgaria)	19.2</p>
<p> 20. Chantal Lefebvre/Michel Brunet (Canada)	 19.8</p>
<p> 21. Aya Kawai/Hiroshi Tanaka (Japan)		  21.0</p>
<p> 22. Angelika Fuhring/Bruna Ellinger (Austria)     22.2</p>
<p> 23. Sarka Vondrkova/Lukas Kral (Czech Republic)   23.2</p>
<p> 24. Jenny Dahlen/Juris Razgulajevs (Latvia)	 23.6</p>
<p>Did not qualify for final:</p>
<p> 25. Chantal Loyer/Justin Bell (Australia)	   25.0</p>
<p> 26. Kristina Kalesnik/Alexander Terentjev (Estonia)</p>
<p>								   26.2</p>
<p> 27. Bianca Szijgyarto/Szilard Toth (Hungary)	26.8</p>
<p> 28. Olga Slobodova/Dmitri Beljk (Uzbekistan)	28.2</p>
<p> 29. Lucine Chakmakjian/Corey Lapaige (Belgium)    28.8</p>
<p>(End ice dance)</p>
<p>Men's final result:</p>
<p>1. Elvis Stojko (Canada) 3.0 factored placements</p>
<p>2. Todd Eldredge U.S.) 3.0</p>
<p>3. Alexei Yagudin (Russia) 5.5</p>
<p>4. Viacheslav Zagorodniuk (Ukraine) 7.0</p>
<p>5. Ilya Kulik (Russia) 7.5</p>
<p>6. Andrei Vlascenko (Germany) 10.0</p>
<p>7. Michael Weiss (U.S.) 12.5</p>
<p>8. Igor Pashkevich (Azerbaijan) 13.0</p>
<p>9. Jeff Langdon (Canada) 14.5</p>
<p>10. Takeshi Honda (Japan) 15.5</p>
<p>11. Steven Cousins (Britain) 19.5</p>
<p>12. Eric Millot (France) 19.5</p>
<p>13. Laurent Tobel (France) 20.0</p>
<p>14. Cornel Gheorghe (Romania) 23.0</p>
<p>15. Michael Shmerkin (Israel) 24.0</p>
<p>16. Szabolcs Vidrai (Hungary) 24.5</p>
<p>17. Konstantin Kostin (Latvia) 25.0</p>
<p>18. Michael Tyllesen (Denmark) 25.5</p>
<p>19. Guo Zhengxin (China) 26.0</p>
<p>20. Roman Skorniakov (Uzbekistan) 27.0</p>
<p>21. Michael Hopfes (Germany) 31.5</p>
<p>22. Anthony Lui (Australia) 34.5</p>
<p>23. Ivan Dinev (Bulgaria) 35.5</p>
<p>24. Patrick Meier (Switzerland) 36.0</p>
<p>Withdrew injured: Alexei Urmanov (Russia)</p>
<p>Did not reach final: Markus Leminen (Finland), Gilberto</p>
<p>Viadana (Italy), Lee Kyu-hyun (South Korea), Robert Grzegorczyk</p>
<p>(Poland), Patrick Schmit (Luxembourg) and Vakhtang Murvanidze (</p>
<p>Georgia) 15.5</p>
<p>(End results)</p>
</text>
<copyright>(c) Reuters Limited 1997</copyright>
<metadata>
<codes class="bip:countries:1.0">
  <code code="RUSS">
    <editdetail attribution="Reuters BIP Coding Group" action="confirmed" date="1997-03-20"/>
  </code>
  <code code="SWITZ">
    <editdetail attribution="Reuters BIP Coding Group" action="confirmed" date="1997-03-20"/>
  </code>
</codes>
<codes class="bip:topics:1.0">
  <code code="GCAT">
    <editdetail attribution="Reuters BIP Coding Group" action="confirmed" date="1997-03-20"/>
  </code>
  <code code="GSPO">
    <editdetail attribution="Reuters BIP Coding Group" action="confirmed" date="1997-03-20"/>
  </code>
</codes>
<dc element="dc.date.created" value="1997-03-20"/>
<dc element="dc.publisher" value="Reuters Holdings Plc"/>
<dc element="dc.date.published" value="1997-03-20"/>
<dc element="dc.source" value="Reuters"/>
<dc element="dc.creator.location" value="LAUSANNE, Switzerland"/>
<dc element="dc.creator.location.country.name" value="SWITZERLAND"/>
<dc element="dc.source" value="Reuters"/>
</metadata>
</newsitem>
