<?xml version="1.0" encoding="iso-8859-1" ?>
<newsitem itemid="455484" id="root" date="1997-03-20" xml:lang="en">
<title>POLAND: POLAND HANDS MOSCOW STRONG PROTEST OVER SHIP.</title>
<headline>POLAND HANDS MOSCOW STRONG PROTEST OVER SHIP.</headline>
<dateline>WARSAW 1997-03-20</dateline>
<text>
<p>Poland on Thursday handed Russia an official protest note, unprecedented in their recent relations, demanding fast release of a detained Polish fishing trawler and a full explanation, the foreign ministry said.</p>
<p>Spokesman Pawel Dobrowolski told Reuters the government-to-government note had been given to Russia's ambassador to Warsaw in the foreign ministry building.</p>
<p>&quot;It clearly demanded the release of the ship and a full explanation to be provided,&quot; Dobrowolski said.</p>
<p>Despite some previous tensions in relations with Moscow, Poland has never before issued Russia this calibre of protest.</p>
<p>The decision followed repeated bids to secure the release of the Aquarius, which was arrested on February 26 by Russian fishery protection and border officials on the Sea of Okhotsk off Russia's Far East.</p>
<p>On Thursday the ship remained under detention in the port of Pietropavlovsk in Kamchatka, where it was brought under armed guard, despite successive assurances from Moscow's foreign ministry that it was about to be freed.</p>
<p>Polish Prime Minister Wlodzimierz Cimoszewicz, who has appealed without success to his Moscow counterpart Viktor Chernomyrdin to resolve the issue, said on Tuesday that Poland was considering the tough official protest.</p>
<p>But he urged caution, saying that the incident may have been fomented within Russia to harm bilateral ties at a highly sensitive moment in Poland's approach to NATO entry.</p>
<p>Poland seeks good, quiet relations with Russia which will help its bid to join the pact, as Western countries want to avoid NATO enlargement increasing friction with Moscow which portrays the process as a threat to its own security.</p>
<p>Cimoszewicz said he hoped that delay in releasing the ship stemmed simply from chaos in Russia's administration and that authorities on Kamchatka were defying Moscow's orders.</p>
<p>Thursday's note showed hopes of a breakthrough had faded.</p>
<p>Russian officials, who say the ship began fishing a day earlier than its permit allowed and allege irregularities in documentation, want to fine the vessel or even confiscate its catch worth more than $1.2 million, Polish reports say.</p>
<p>They have submitted the case to a local court.</p>
<p>The ship's owners deny wrongdoing, argue that the detention of the ship and other Russian actions infringed a fishery agreeement between the two countries, and want compensation.</p>
<p>Poland's Dobrowolski said the lengthy protest note set out the whole history of the incident, demanded release of the ship, and quoted a July 1995 Polish-Russian agreement on fishing, which laid out methods of resolving such disputes.</p>
</text>
<copyright>(c) Reuters Limited 1997</copyright>
<metadata>
<codes class="bip:countries:1.0">
  <code code="POL">
    <editdetail attribution="Reuters BIP Coding Group" action="confirmed" date="1997-03-20"/>
  </code>
  <code code="RUSS">
    <editdetail attribution="Reuters BIP Coding Group" action="confirmed" date="1997-03-20"/>
  </code>
</codes>
<codes class="bip:industries:1.0">
  <code code="I03000">
    <editdetail attribution="Reuters BIP Coding Group" action="confirmed" date="1997-03-20"/>
  </code>
</codes>
<codes class="bip:topics:1.0">
  <code code="C13">
    <editdetail attribution="Reuters BIP Coding Group" action="confirmed" date="1997-03-20"/>
  </code>
  <code code="CCAT">
    <editdetail attribution="Reuters BIP Coding Group" action="confirmed" date="1997-03-20"/>
  </code>
  <code code="GCAT">
    <editdetail attribution="Reuters BIP Coding Group" action="confirmed" date="1997-03-20"/>
  </code>
  <code code="GDIP">
    <editdetail attribution="Reuters BIP Coding Group" action="confirmed" date="1997-03-20"/>
  </code>
</codes>
<dc element="dc.date.created" value="1997-03-20"/>
<dc element="dc.publisher" value="Reuters Holdings Plc"/>
<dc element="dc.date.published" value="1997-03-20"/>
<dc element="dc.source" value="Reuters"/>
<dc element="dc.creator.location" value="WARSAW"/>
<dc element="dc.creator.location.country.name" value="POLAND"/>
<dc element="dc.source" value="Reuters"/>
</metadata>
</newsitem>
