<?xml version="1.0" encoding="iso-8859-1" ?>
<newsitem itemid="455487" id="root" date="1997-03-20" xml:lang="en">
<title>LITHUANIA: AGRICULTURAL BANK'S 1996 PROFIT SLIPS.</title>
<headline>AGRICULTURAL BANK'S 1996 PROFIT SLIPS.</headline>
<dateline>VILNIUS 1997-03-20</dateline>
<text>
<p>Lithuania's state-run agricultural bank said on Thursday that its 1996 profit after taxes slipped to 25.5 million litas from 26.43 million litas the previous year.  </p>
<p>The bank also said in a statement of audited results that its total income was 160.87 million litas in 1996 versus 112.1 million litas the previous year.</p>
<p>It added that its profit before taxation was 30.75 million litas compared with 30.81 million litas in 1995.</p>
<p>It said that its provision for loan losses was 35.63 million litas versus 1.018 million litas the year before.</p>
<p>The bank's assets grew to 1.27 billion litas in 1996 from 1.145 billion litas at the end of 1995.</p>
<p>Its share capital at the end of the year was 128 million litas, up from 20 million litas the previous year.</p>
<p>In terms of assets, the Agricultural bank is the largest of the country's three state-run banks and second largest in terms of share capital.</p>
<p>The government has said it intends to privatise the bank after it sells off the troubled State Commercial Bank later this year.</p>
<p>A number of private banks in Lithuania, including Hermis Bank and Vilniaus Bank, have expressed an interest in participating in the privatisation of state banks.</p>
<p>--Aundrius Vilkancas, Vilnius newsroom +370 2 22 35 17</p>
</text>
<copyright>(c) Reuters Limited 1997</copyright>
<metadata>
<codes class="bip:countries:1.0">
  <code code="LITH">
    <editdetail attribution="Reuters BIP Coding Group" action="confirmed" date="1997-03-20"/>
  </code>
</codes>
<codes class="bip:industries:1.0">
  <code code="I81000">
    <editdetail attribution="Reuters BIP Coding Group" action="confirmed" date="1997-03-20"/>
  </code>
  <code code="I81402">
    <editdetail attribution="Reuters BIP Coding Group" action="confirmed" date="1997-03-20"/>
  </code>
</codes>
<codes class="bip:topics:1.0">
  <code code="C15">
    <editdetail attribution="Reuters BIP Coding Group" action="confirmed" date="1997-03-20"/>
  </code>
  <code code="C151">
    <editdetail attribution="Reuters BIP Coding Group" action="confirmed" date="1997-03-20"/>
  </code>
  <code code="C1511">
    <editdetail attribution="Reuters BIP Coding Group" action="confirmed" date="1997-03-20"/>
  </code>
  <code code="CCAT">
    <editdetail attribution="Reuters BIP Coding Group" action="confirmed" date="1997-03-20"/>
  </code>
</codes>
<dc element="dc.date.created" value="1997-03-20"/>
<dc element="dc.publisher" value="Reuters Holdings Plc"/>
<dc element="dc.date.published" value="1997-03-20"/>
<dc element="dc.source" value="Reuters"/>
<dc element="dc.creator.location" value="VILNIUS"/>
<dc element="dc.creator.location.country.name" value="LITHUANIA"/>
<dc element="dc.source" value="Reuters"/>
</metadata>
</newsitem>
