<?xml version="1.0" encoding="iso-8859-1" ?>
<newsitem itemid="455462" id="root" date="1997-03-20" xml:lang="en">
<title>SOUTH AFRICA: S.AFRICAN BUILDERS SEEN VITAL TO JOB CREATION.</title>
<headline>S.AFRICAN BUILDERS SEEN VITAL TO JOB CREATION.</headline>
<dateline>CAPE TOWN 1997-03-20</dateline>
<text>
<p>The department of public works was examining ways in which the construction sector could play a bigger role in job creation, deputy director general Lulu Gwagwa said on Thursday.</p>
<p>Briefing the parliamentary finance committee, Gwagwa said that it was recognised that government had found it difficult to &quot;offload&quot; funds set aside for infrastructural projects and several initiatives had been launched to increase its ability to plan and implement projects.</p>
<p>But it would be a mistake to focus only on this problem because the ability of the industry to absorb these funds also had to be examined.</p>
<p>&quot;It is an issue that we are debating with the industry at the moment,&quot; she said.</p>
<p>&quot;But you could offload money and industry could absorb it and you could land up with infrastructure and no jobs. It does not necessary follow that if you invest in infrastructure, that you will necessarily have job creation within that framework.</p>
<p>&quot;What is important is whether industry is able to adopt job creation strategies in the implementation of that infrastructure and for us that is the critical issue.</p>
<p>&quot;There are a whole lot of issues that we are raising with the industry and there is a green paper that is going to be coming out in the next month addressing the transformation of the construction industry,&quot; she said.</p>
<p>South African Federation of Civil Engineering Contractors economist Hank Langenhoven told the committee earlier that the construction industry was concerned about bottlenecks in the allocation of funds set aside for infrastructural problems.</p>
<p>Several committee members said that they could not understand why the private sector, which had generally shown improved profitability since 1994, had not been able to increase jobs at the same time.</p>
<p>Chamber of Mines public policy consultant Johann Liebenberg said that business was not in business to create jobs.</p>
<p>&quot;We use a mix of labour capital, natural resources and entrepreneurship to do something else and the decision as to how one makes up that mix depends on all the factors and circumstances existing at that moment in time,&quot; he said.</p>
<p>The sharp increase in private sector fixed investment over the last few years would not immediately translate into more jobs, especially when the immediate priority was to update machinery and equipment neglected during the sanctions period.</p>
<p>Job creation would also be stimulated in the longer term if local and foreign investors felt confident about government policies.</p>
<p>Business South Africa representative and economist Rudolph Gouws said that the recent budget had re-established investor confidence although there were still concerns about high taxation and the feasibility of tight government spending targets.</p>
<p>-- Parliamentary newsroom +27 21 403-2502</p>
</text>
<copyright>(c) Reuters Limited 1997</copyright>
<metadata>
<codes class="bip:countries:1.0">
  <code code="SAFR">
    <editdetail attribution="Reuters BIP Coding Group" action="confirmed" date="1997-03-20"/>
  </code>
</codes>
<codes class="bip:industries:1.0">
  <code code="I50100">
    <editdetail attribution="Reuters BIP Coding Group" action="confirmed" date="1997-03-20"/>
  </code>
  <code code="I50200">
    <editdetail attribution="Reuters BIP Coding Group" action="confirmed" date="1997-03-20"/>
  </code>
</codes>
<codes class="bip:topics:1.0">
  <code code="C13">
    <editdetail attribution="Reuters BIP Coding Group" action="confirmed" date="1997-03-20"/>
  </code>
  <code code="C42">
    <editdetail attribution="Reuters BIP Coding Group" action="confirmed" date="1997-03-20"/>
  </code>
  <code code="CCAT">
    <editdetail attribution="Reuters BIP Coding Group" action="confirmed" date="1997-03-20"/>
  </code>
  <code code="E41">
    <editdetail attribution="Reuters BIP Coding Group" action="confirmed" date="1997-03-20"/>
  </code>
  <code code="ECAT">
    <editdetail attribution="Reuters BIP Coding Group" action="confirmed" date="1997-03-20"/>
  </code>
  <code code="GCAT">
    <editdetail attribution="Reuters BIP Coding Group" action="confirmed" date="1997-03-20"/>
  </code>
  <code code="GJOB">
    <editdetail attribution="Reuters BIP Coding Group" action="confirmed" date="1997-03-20"/>
  </code>
</codes>
<dc element="dc.date.created" value="1997-03-20"/>
<dc element="dc.publisher" value="Reuters Holdings Plc"/>
<dc element="dc.date.published" value="1997-03-20"/>
<dc element="dc.source" value="Reuters"/>
<dc element="dc.creator.location" value="CAPE TOWN"/>
<dc element="dc.creator.location.country.name" value="SOUTH AFRICA"/>
<dc element="dc.source" value="Reuters"/>
</metadata>
</newsitem>
