<?xml version="1.0" encoding="iso-8859-1" ?>
<newsitem itemid="455433" id="root" date="1997-03-20" xml:lang="en">
<title>GREECE: SOCCER-AEK 0 PSG 3 - RESULT.</title>
<headline>SOCCER-AEK 0 PSG 3 - RESULT.</headline>
<dateline>ATHENS 1997-03-20</dateline>
<text>
<p>Paris St Germain (France) beat AEK Athens (Greece) 3-0 (halftime 2-0) in their European Cup Winners' Cup quarter-final second leg match on Thursday:</p>
<p>Scorers: Patrice Loko 22, 43, 80</p>
<p>Attendance: 28,000</p>
<p>PSG won 3-0 on aggregate</p>
<p>Teams:</p>
<p>AEK: 1-Ilias Atmatsidis, 25-Vassilis Borbokis, 21-Michalis Kasapis, 12-Stelios Manolas, 6-Michalis Vlachos (13-Vaios Karagiannis 56), 2-Triantafilos Maheridis, 7-Timour Ketspagia, 8-Toni Savevski, 9-Daniel Batista (23-Christos Maladenis 59), 10-Christos Costis, 11-Demis Nikolaidis.</p>
<p>PSG: 1-Bernard Lama, 13-Laurent Fournier (17-Jimmy Algerino 85), 4-Bruno N'Gotty, 6-Paul le Guen, 2-Daniel Kenedy, 8-Vincent Guerin, 15-Benoit Cauet, 10-Rai, 7-Leonardo (26-Cyrille Pouget 82), 11-Patrice Loko, 19-Jerome Leroy.</p>
</text>
<copyright>(c) Reuters Limited 1997</copyright>
<metadata>
<codes class="bip:countries:1.0">
  <code code="FRA">
    <editdetail attribution="Reuters BIP Coding Group" action="confirmed" date="1997-03-20"/>
  </code>
  <code code="GREECE">
    <editdetail attribution="Reuters BIP Coding Group" action="confirmed" date="1997-03-20"/>
  </code>
</codes>
<codes class="bip:topics:1.0">
  <code code="GCAT">
    <editdetail attribution="Reuters BIP Coding Group" action="confirmed" date="1997-03-20"/>
  </code>
  <code code="GSPO">
    <editdetail attribution="Reuters BIP Coding Group" action="confirmed" date="1997-03-20"/>
  </code>
</codes>
<dc element="dc.date.created" value="1997-03-20"/>
<dc element="dc.publisher" value="Reuters Holdings Plc"/>
<dc element="dc.date.published" value="1997-03-20"/>
<dc element="dc.source" value="Reuters"/>
<dc element="dc.creator.location" value="ATHENS"/>
<dc element="dc.creator.location.country.name" value="GREECE"/>
<dc element="dc.source" value="Reuters"/>
</metadata>
</newsitem>
