<?xml version="1.0" encoding="iso-8859-1" ?>
<newsitem itemid="455455" id="root" date="1997-03-20" xml:lang="en">
<title>ITALY: SOCCER-JUVENTUS COULD BECOME WANDERERS OF ITALY.</title>
<headline>SOCCER-JUVENTUS COULD BECOME WANDERERS OF ITALY.</headline>
<byline>Alan Baldwin</byline>
<dateline>TURIN, Italy 1997-03-20</dateline>
<text>
<p>European Cup holders Juventus and Ajax, the Dutch team the Italians prised the title from last year, will meet at Turin's Delle Alpi stadium next month fighting for a place in the Munich final.</p>
<p>For once, the cavernous and unpopular ground may see something close to a capacity crowd.</p>
<p>The match could also, if some reports are to be believed, be the last time Juventus appear there in a European club competition before beginning a new life on the road just when the &quot;Old Lady&quot; is celebrating her 100th anniversary.</p>
<p>&quot;Maybe it was the penultimate cup tie in the scandal-stadium,&quot; declared the local Tuttosport daily newspaper on Thursday in a headline over an article highlighting the empty stands, poor lighting and rough pitch.</p>
<p>The runaway Italian league leaders are locked in long-standing talks with the city council over the lease, shared with serie B club Torino, on a stadium that was completed only seven years ago for the 1990 World Cup.</p>
<p>Juventus, while giving clear signs that they want to stay, have threatened to leave the city of their birth.</p>
<p>They have made the threat before, only to come to a compromise, but this time it seems less empty.</p>
<p>A scan of the terraces during Wednesday's quarter-final against Norway's Rosenbborg, won 2-0 by the Italians, suggested that the exodus would not upset too many fans.</p>
<p>The futuristic stadium, with a rarely-used running track distancing the pitch from the stands and making viewing difficult, has never been a popular venue.</p>
<p>It has been called at various times a cathedral in the desert, a refrigerator and a spaceship.</p>
<p>Among the banners displayed were &quot;Juventus fans Grenoble,&quot; &quot;Taranto presente&quot; and &quot;Cervinia presente&quot; -- towns in France, the southernmost heel of Italy and the far north.</p>
<p>The maintenance costs at the delle Alpi are huge, like the stadium whose 69,000 seats are rarely filled. Juventus have 28,000 season ticket holders, with two thirds coming from outside the city, Torino just 8,000.</p>
<p>&quot;Turin has created a monster,&quot; declared the daily Gazzetta dello Sport in a recent editorial.</p>
<p>Unlike the more advanced English soccer clubs, with their stock listings, merchandising and multi-purpose stadiums, Juventus and Torino have little say in the city-owned delle Alpi, which is used barely more than once a week.</p>
<p>Juventus, with a record 23 league championships and more silverware than any other Italian club, have been looking enviously at the new riches flooding into less successful clubs abroad and do not want to be left behind.</p>
<p>Negotiations are underway with the outgoing council for their old Comunale stadium to be handed over to the club for development into a state-of-the-art ground, allowing Juventus to control fully the advertising income.</p>
<p>The project may well come to fruition but before that, the Delle Alpi rent problem, which also involves a third party in the form of a private company with the advertising and administrative rights, has still to be resolved.</p>
<p>The difficulties have festered for years.</p>
<p>In May 1995, Juventus played a UEFA Cup semifinal in Milan in protest and threatened to leave Turin the following season unless a more favourable deal was forthcoming.</p>
<p>A contract was reportedly signed with Bologna allowing Juventus to play at the Dall'Ara stadium that season but in the end a temporary deal was found to keep them at home.</p>
<p>This season, Juventus played their European Supercup final against Paris St Germain in Palermo and have reportedly agreed with Reggiana to play league matches there. Cup ties would be moved to Milan's San Siro stadium.</p>
<p>Unless, of course, a last-minute solution is reached.</p>
</text>
<copyright>(c) Reuters Limited 1997</copyright>
<metadata>
<codes class="bip:countries:1.0">
  <code code="GFR">
    <editdetail attribution="Reuters BIP Coding Group" action="confirmed" date="1997-03-20"/>
  </code>
  <code code="ITALY">
    <editdetail attribution="Reuters BIP Coding Group" action="confirmed" date="1997-03-20"/>
  </code>
  <code code="NETH">
    <editdetail attribution="Reuters BIP Coding Group" action="confirmed" date="1997-03-20"/>
  </code>
</codes>
<codes class="bip:topics:1.0">
  <code code="GCAT">
    <editdetail attribution="Reuters BIP Coding Group" action="confirmed" date="1997-03-20"/>
  </code>
  <code code="GSPO">
    <editdetail attribution="Reuters BIP Coding Group" action="confirmed" date="1997-03-20"/>
  </code>
</codes>
<dc element="dc.date.created" value="1997-03-20"/>
<dc element="dc.publisher" value="Reuters Holdings Plc"/>
<dc element="dc.date.published" value="1997-03-20"/>
<dc element="dc.source" value="Reuters"/>
<dc element="dc.creator.location" value="TURIN, Italy"/>
<dc element="dc.creator.location.country.name" value="ITALY"/>
<dc element="dc.source" value="Reuters"/>
</metadata>
</newsitem>
