<?xml version="1.0" encoding="iso-8859-1" ?>
<newsitem itemid="455416" id="root" date="1997-03-20" xml:lang="en">
<title>USA: NHL ICE HOCKEY-WEDNESDAY'S RESULTS.</title>
<headline>NHL ICE HOCKEY-WEDNESDAY'S RESULTS.</headline>
<dateline>NEW YORK 1997-03-20</dateline>
<text>
<p>Results of National Hockey</p>
<p>League games on Wednesday (home team in CAPS):</p>
<p> DETROIT	   4  Boston	    1</p>
<p> NY ISLANDERS    7  Florida	   4</p>
<p> Montreal	  5  NY RANGERS	4</p>
<p> Philadelphia    6  TORONTO	   3</p>
<p> WASHINGTON	2  New Jersey	2 (OT)</p>
<p> DALLAS	    7  Phoenix	   2</p>
<p> CALGARY	   4  San Jose	  2</p>
<p> EDMONTON	  3  Tampa Bay	 1</p>
<p> ANAHEIM	   6  Los Angeles     2</p>
</text>
<copyright>(c) Reuters Limited 1997</copyright>
<metadata>
<codes class="bip:countries:1.0">
  <code code="CANA">
    <editdetail attribution="Reuters BIP Coding Group" action="confirmed" date="1997-03-20"/>
  </code>
  <code code="USA">
    <editdetail attribution="Reuters BIP Coding Group" action="confirmed" date="1997-03-20"/>
  </code>
</codes>
<codes class="bip:topics:1.0">
  <code code="GCAT">
    <editdetail attribution="Reuters BIP Coding Group" action="confirmed" date="1997-03-20"/>
  </code>
  <code code="GSPO">
    <editdetail attribution="Reuters BIP Coding Group" action="confirmed" date="1997-03-20"/>
  </code>
</codes>
<dc element="dc.date.created" value="1997-03-20"/>
<dc element="dc.publisher" value="Reuters Holdings Plc"/>
<dc element="dc.date.published" value="1997-03-20"/>
<dc element="dc.source" value="Reuters"/>
<dc element="dc.creator.location" value="NEW YORK"/>
<dc element="dc.creator.location.country.name" value="USA"/>
<dc element="dc.source" value="Reuters"/>
</metadata>
</newsitem>
