<?xml version="1.0" encoding="iso-8859-1" ?>
<newsitem itemid="455410" id="root" date="1997-03-20" xml:lang="en">
<title>RUSSIA: SOCCER-DAVYDOV 'DOUBLE' MAKES RUSSIAN HISTORY.</title>
<headline>SOCCER-DAVYDOV 'DOUBLE' MAKES RUSSIAN HISTORY.</headline>
<dateline>MOSCOW 1997-03-20</dateline>
<text>
<p>Anatoly Davydov, 43, became the oldest player to appear in the Russian premier league when he turned out in this week's season opener for Zenit St Petersburg.</p>
<p>He then went one better for the record books when his son Dmitry, 22, came on as a last-minute substitute in Monday's 1-0 win over Fakel Voronezh. It was the first time a father and son had played together in Russia's top division.</p>
<p>The previous Russian age record was a mere 39, set by Lada Togliatti goalkeeper Alexander Balakhnin in 1994.</p>
</text>
<copyright>(c) Reuters Limited 1997</copyright>
<metadata>
<codes class="bip:countries:1.0">
  <code code="RUSS">
    <editdetail attribution="Reuters BIP Coding Group" action="confirmed" date="1997-03-20"/>
  </code>
</codes>
<codes class="bip:topics:1.0">
  <code code="GCAT">
    <editdetail attribution="Reuters BIP Coding Group" action="confirmed" date="1997-03-20"/>
  </code>
  <code code="GSPO">
    <editdetail attribution="Reuters BIP Coding Group" action="confirmed" date="1997-03-20"/>
  </code>
</codes>
<dc element="dc.date.created" value="1997-03-20"/>
<dc element="dc.publisher" value="Reuters Holdings Plc"/>
<dc element="dc.date.published" value="1997-03-20"/>
<dc element="dc.source" value="Reuters"/>
<dc element="dc.creator.location" value="MOSCOW"/>
<dc element="dc.creator.location.country.name" value="RUSSIA"/>
<dc element="dc.source" value="Reuters"/>
</metadata>
</newsitem>
