<?xml version="1.0" encoding="iso-8859-1" ?>
<newsitem itemid="455491" id="root" date="1997-03-20" xml:lang="en">
<title>BULGARIA: ALBANIA EVACUEES ARRIVE IN BULGARIA.</title>
<headline>ALBANIA EVACUEES ARRIVE IN BULGARIA.</headline>
<dateline>SOFIA 1997-03-20</dateline>
<text>
<p>The first plane to leave Tirana airport since it was closed a week ago by armed unrest landed in Sofia on Thursday with 30 passengers of various nationalities on board.</p>
<p>They included 14 Albanians admitted by the Bulgarian authorities on humanitarian grounds although one 16-year-old boy had no documents and those of two girls had expired.</p>
<p>The evacuees said the Bulgarian authorities had been very helpful to them both in Tirana and in Sofia.</p>
<p>The Albanian Airlines plane took off only hours after airport authorities declared the airport had been secured by special forces, all key staff were in place and it was open for business.</p>
<p>Tirana airport is Albania's main gateway to the outside world, and the staging point for any flow of the humanitarian aid that its government and European observers say it will require soon to cope with food and other shortages.</p>
</text>
<copyright>(c) Reuters Limited 1997</copyright>
<metadata>
<codes class="bip:countries:1.0">
  <code code="ALB">
    <editdetail attribution="Reuters BIP Coding Group" action="confirmed" date="1997-03-20"/>
  </code>
  <code code="BUL">
    <editdetail attribution="Reuters BIP Coding Group" action="confirmed" date="1997-03-20"/>
  </code>
</codes>
<codes class="bip:topics:1.0">
  <code code="GCAT">
    <editdetail attribution="Reuters BIP Coding Group" action="confirmed" date="1997-03-20"/>
  </code>
  <code code="GDIP">
    <editdetail attribution="Reuters BIP Coding Group" action="confirmed" date="1997-03-20"/>
  </code>
  <code code="GPOL">
    <editdetail attribution="Reuters BIP Coding Group" action="confirmed" date="1997-03-20"/>
  </code>
  <code code="GVIO">
    <editdetail attribution="Reuters BIP Coding Group" action="confirmed" date="1997-03-20"/>
  </code>
</codes>
<dc element="dc.date.created" value="1997-03-20"/>
<dc element="dc.publisher" value="Reuters Holdings Plc"/>
<dc element="dc.date.published" value="1997-03-20"/>
<dc element="dc.source" value="Reuters"/>
<dc element="dc.creator.location" value="SOFIA"/>
<dc element="dc.creator.location.country.name" value="BULGARIA"/>
<dc element="dc.source" value="Reuters"/>
</metadata>
</newsitem>
