<?xml version="1.0" encoding="iso-8859-1" ?>
<newsitem itemid="455430" id="root" date="1997-03-20" xml:lang="en">
<title>ITALY: SOCCER-FIORENTINA COMPLETE ITALIAN CLUB HAT-TRICK.</title>
<headline>SOCCER-FIORENTINA COMPLETE ITALIAN CLUB HAT-TRICK.</headline>
<dateline>FLORENCE, Italy 1997-03-20</dateline>
<text>
<p>Fiorentina ensured Italian clubs remained in all three European club soccer competitions on Thursday, beating Benfica 2-1 on aggregate after losing a Cup Winners' Cup quarter-final second leg 1-0.</p>
<p>Juventus and Inter won through to the European and UEFA Cup semifinals respectively earlier in the week.</p>
<p>The Portuguese visitors, taking advantage of complete silence at the Fiorentina end of the Comunale Stadium due to a protest by diehard supporters, took the lead in the 22nd minute when Edgar banged in a cross from Paulao on the right.</p>
<p>Fiorentina, who scored two vital away goals in Lisbon, looked distinctly shaky in defence with Argentine striker Gabriel Batistuta failing to break through up front.</p>
<p>The home team -- winners of the inaugural Cup Winners' Cup in 1961 -- were unlucky not to pull level in the 44th minute however, when striker Francesco Baiano hit the post after a cross from former Benfica midfielder Rui Costa.</p>
<p>Benfica had Belgian international goalkeeper Michel Preud'homme to thank for two excellent first-half saves from Batistuta, tipping one shot just over the bar.</p>
<p>Benfica attacked hard at the finish but failed to find the missing goal.</p>
</text>
<copyright>(c) Reuters Limited 1997</copyright>
<metadata>
<codes class="bip:countries:1.0">
  <code code="ITALY">
    <editdetail attribution="Reuters BIP Coding Group" action="confirmed" date="1997-03-20"/>
  </code>
  <code code="PORL">
    <editdetail attribution="Reuters BIP Coding Group" action="confirmed" date="1997-03-20"/>
  </code>
</codes>
<codes class="bip:topics:1.0">
  <code code="GCAT">
    <editdetail attribution="Reuters BIP Coding Group" action="confirmed" date="1997-03-20"/>
  </code>
  <code code="GSPO">
    <editdetail attribution="Reuters BIP Coding Group" action="confirmed" date="1997-03-20"/>
  </code>
</codes>
<dc element="dc.date.created" value="1997-03-20"/>
<dc element="dc.publisher" value="Reuters Holdings Plc"/>
<dc element="dc.date.published" value="1997-03-20"/>
<dc element="dc.source" value="Reuters"/>
<dc element="dc.creator.location" value="FLORENCE, Italy"/>
<dc element="dc.creator.location.country.name" value="ITALY"/>
<dc element="dc.source" value="Reuters"/>
</metadata>
</newsitem>
