<?xml version="1.0" encoding="iso-8859-1" ?>
<newsitem itemid="455471" id="root" date="1997-03-20" xml:lang="en">
<title>ROMANIA: RADIO ROMANIA AFTERNOON HEADLINES AT 1 PM.</title>
<headline>RADIO ROMANIA AFTERNOON HEADLINES AT 1 PM.</headline>
<dateline>BUCHAREST 1997-03-20</dateline>
<text>
<p>Radio news headlines:</p>
<p>* Romania's President Emil Constantinescu has invited opposition leaders for talks this evening. Party of Social Democracy (PDSR) leader, ex-president Ion Iliescu, to attend.</p>
<p>* An economic Romanian-Italian forum started on Bucharest, where over 5,000 Italian entrepeneurs attending.</p>
<p>* Italian Foreign Trade Augusto Fantozzi said his country would support Romania's bid to join European structures, state radio said.</p>
<p>* The amount of over 1.8 trillion lei in state budget money allotted for transport in 1997 is not enough for investments, Transport Minister Traian Basescu told a news conference. -- Bucharest Newsroom 40-1 3120264</p>
</text>
<copyright>(c) Reuters Limited 1997</copyright>
<metadata>
<codes class="bip:countries:1.0">
  <code code="ROM">
    <editdetail attribution="Reuters BIP Coding Group" action="confirmed" date="1997-03-20"/>
  </code>
</codes>
<codes class="bip:topics:1.0">
  <code code="GCAT">
    <editdetail attribution="Reuters BIP Coding Group" action="confirmed" date="1997-03-20"/>
  </code>
</codes>
<dc element="dc.date.created" value="1997-03-20"/>
<dc element="dc.publisher" value="Reuters Holdings Plc"/>
<dc element="dc.date.published" value="1997-03-20"/>
<dc element="dc.source" value="Reuters"/>
<dc element="dc.creator.location" value="BUCHAREST"/>
<dc element="dc.creator.location.country.name" value="ROMANIA"/>
<dc element="dc.source" value="Reuters"/>
</metadata>
</newsitem>
