<?xml version="1.0" encoding="iso-8859-1" ?>
<newsitem itemid="455498" id="root" date="1997-03-20" xml:lang="en">
<title>LITHUANIA: PM SEES 1997 INFLATION AT 11 TO 12 PERCENT.</title>
<headline>PM SEES 1997 INFLATION AT 11 TO 12 PERCENT.</headline>
<dateline>VILNIUS 1997-03-20</dateline>
<text>
<p>Lithuanian Prime Minister Gediminas Vagnorius said on Thursday that he expected inflation in 1997 to be 11 to 12 percent and that the rate will fall below ten percent in 1998.</p>
<p>&quot;Inflation this year (should)...reach 11 to 12 percent,&quot; Vagnorius said at a news conference.</p>
<p>&quot;The rate should fall below ten percent next year,&quot; he added.</p>
<p>The government said in a statement on Wednesday that statistics department data suggested that inflation would be 11.5 percent this year if energy prices are raised.</p>
<p>Inflation fell sharply in 1996 to 13.1 percent from 35.7 percent in 1995.</p>
<p>Vagnorius added that it would not be good for the economy if inflation fell too quickly but did not explain why such a scenario would be a cause for concern.</p>
<p>&quot;I wouldn't be very happy if monthly inflation was less than 0.6 percent...It would be slightly dangerous for our economy if inflation fell abruptly this year to seven percent,&quot; he said.</p>
<p>--Andrius Vilkancas, Vilnius newsroom +370 2 22 35 17</p>
</text>
<copyright>(c) Reuters Limited 1997</copyright>
<metadata>
<codes class="bip:countries:1.0">
  <code code="LITH">
    <editdetail attribution="Reuters BIP Coding Group" action="confirmed" date="1997-03-20"/>
  </code>
</codes>
<codes class="bip:topics:1.0">
  <code code="E13">
    <editdetail attribution="Reuters BIP Coding Group" action="confirmed" date="1997-03-20"/>
  </code>
  <code code="E131">
    <editdetail attribution="Reuters BIP Coding Group" action="confirmed" date="1997-03-20"/>
  </code>
  <code code="ECAT">
    <editdetail attribution="Reuters BIP Coding Group" action="confirmed" date="1997-03-20"/>
  </code>
</codes>
<dc element="dc.date.created" value="1997-03-20"/>
<dc element="dc.publisher" value="Reuters Holdings Plc"/>
<dc element="dc.date.published" value="1997-03-20"/>
<dc element="dc.source" value="Reuters"/>
<dc element="dc.creator.location" value="VILNIUS"/>
<dc element="dc.creator.location.country.name" value="LITHUANIA"/>
<dc element="dc.source" value="Reuters"/>
</metadata>
</newsitem>
