<?xml version="1.0" encoding="iso-8859-1" ?>
<newsitem itemid="455438" id="root" date="1997-03-20" xml:lang="en">
<title>GREECE: SOCCER-AEK ATHENS V PARIS ST GERMAIN TEAMS.</title>
<headline>SOCCER-AEK ATHENS V PARIS ST GERMAIN TEAMS.</headline>
<dateline>ATHENS 1997-03-20</dateline>
<text>
<p>Teams for Thursday's European Cup Winners' Cup quarter-final second leg match between Greece's AEK Athens and France's Paris St Germain.</p>
<p>AEK: 1-Ilias Atmatsidis, 25-Vassilis Borbokis, 21-Michalis Kasapis, 12-Stelios Manolas, 6-Michalis Vlachos, 2-Triantafilos Maheridis, 7-Timour Ketspagia, 8-Toni Savevski, 9-Daniel Batista, 10-Christos Costis, 11-Demis Nikolaidis.</p>
<p>PSG: 1-Bernard Lama, 13-Laurent Fournier, 4-Bruno N'Gotty, 6-Paul le Guen, 2-Daniel Kenedy, 8-Vincent Guerin, 15-Benoit Cauet, 10-Rai, 7-Leonardo, 11-Patrice Loko, 19-Jerome Leroy.</p>
</text>
<copyright>(c) Reuters Limited 1997</copyright>
<metadata>
<codes class="bip:countries:1.0">
  <code code="FRA">
    <editdetail attribution="Reuters BIP Coding Group" action="confirmed" date="1997-03-20"/>
  </code>
  <code code="GREECE">
    <editdetail attribution="Reuters BIP Coding Group" action="confirmed" date="1997-03-20"/>
  </code>
</codes>
<codes class="bip:topics:1.0">
  <code code="GCAT">
    <editdetail attribution="Reuters BIP Coding Group" action="confirmed" date="1997-03-20"/>
  </code>
  <code code="GSPO">
    <editdetail attribution="Reuters BIP Coding Group" action="confirmed" date="1997-03-20"/>
  </code>
</codes>
<dc element="dc.date.created" value="1997-03-20"/>
<dc element="dc.publisher" value="Reuters Holdings Plc"/>
<dc element="dc.date.published" value="1997-03-20"/>
<dc element="dc.source" value="Reuters"/>
<dc element="dc.creator.location" value="ATHENS"/>
<dc element="dc.creator.location.country.name" value="GREECE"/>
<dc element="dc.source" value="Reuters"/>
</metadata>
</newsitem>
