<?xml version="1.0" encoding="iso-8859-1" ?>
<newsitem itemid="455447" id="root" date="1997-03-20" xml:lang="en">
<title>FRANCE: RUGBY UNION-FRANCE PICK MAKESHIFT SIDE AGAINST ITALY.</title>
<headline>RUGBY UNION-FRANCE PICK MAKESHIFT SIDE AGAINST ITALY.</headline>
<dateline>GRENOBLE, France 1997-03-20</dateline>
<text>
<p>Former captain Philippe Saint-Andre returns for newly-crowned Five Nations champions France in a much-changed team to play Italy in Saturday's test in Grenoble.</p>
<p>Wing Saint-Andre, out for more than three months after a groin surgery, was named on Thursday in a completely changed three-quarter line after missing the two tests against South Africa last year and the Five Nations tournament.</p>
<p>&quot;Three and a half months ago, I didn't know if I'd play rugby again,&quot; Saint-Andre said. &quot;I'm reviving. I want to take and give pleasure and win with the French team.&quot;</p>
<p>Half the side who clinched the grand slam last weekend are missing because of World Sevens or club commitments or they are being rested before the tour to Australia in June.</p>
<p>Captain Abdelatif Benazzi, who is nursing bruised ribs, is among them. Fellow back row forward Fabien Pelous is captain for the day.</p>
<p>Narbonne centre Pierre Bondouy wins his first cap, World Cup flanker Philippe Benetton also returns after injury kept him out of the Five Nations tournament and hooker Marc de Rougemont will try a new position for him at prop.</p>
<p>&quot;The match will be a reference for the tour of Australia,&quot; coach Jean-Claude Skrela said. &quot;Some players must show they have the required capacity to get on the plane.&quot;</p>
<p>Team: 15-Jean-Luc Sadourny; 14-Stephane Ougier, 13-Yann Delaigue, 12-Pierre Bondouy, 11-Philippe Saint-Andre; 10-David Aucagne, 9-Guy Accoceberry; 8-Fabien Pelous (captain), 7-Philippe Benetton, 6-Arnaud Costes, 5-Hugues Miorin, 4-Olivier Merle, 3-Franck Tournaire, 2-Marc Dal Maso, 1-Marc de Rougemont.</p>
</text>
<copyright>(c) Reuters Limited 1997</copyright>
<metadata>
<codes class="bip:countries:1.0">
  <code code="FRA">
    <editdetail attribution="Reuters BIP Coding Group" action="confirmed" date="1997-03-20"/>
  </code>
  <code code="ITALY">
    <editdetail attribution="Reuters BIP Coding Group" action="confirmed" date="1997-03-20"/>
  </code>
</codes>
<codes class="bip:topics:1.0">
  <code code="GCAT">
    <editdetail attribution="Reuters BIP Coding Group" action="confirmed" date="1997-03-20"/>
  </code>
  <code code="GSPO">
    <editdetail attribution="Reuters BIP Coding Group" action="confirmed" date="1997-03-20"/>
  </code>
</codes>
<dc element="dc.date.created" value="1997-03-20"/>
<dc element="dc.publisher" value="Reuters Holdings Plc"/>
<dc element="dc.date.published" value="1997-03-20"/>
<dc element="dc.source" value="Reuters"/>
<dc element="dc.creator.location" value="GRENOBLE, France"/>
<dc element="dc.creator.location.country.name" value="FRANCE"/>
<dc element="dc.source" value="Reuters"/>
</metadata>
</newsitem>
