<?xml version="1.0" encoding="iso-8859-1" ?>
<newsitem itemid="455439" id="root" date="1997-03-20" xml:lang="en">
<title>SWEDEN: SOCCER-AIK STOCKHOLM V BARCELONA TEAMS.</title>
<headline>SOCCER-AIK STOCKHOLM V BARCELONA TEAMS.</headline>
<dateline>STOCKHOLM 1997-03-20</dateline>
<text>
<p>Teams for Thursday's European Cup Winners' Cup quarter-final second leg between AIK Stockholm of Sweden and Barcelona of Spain:</p>
<p>AIK - 1-Magnus Hedman, 3-Per Millqvist, 4-Ola Andersson, 5-Mikael Brundin, 9-Pascal Simpson, 10-Johan Mjallby, 26-Gary Sundgren, 27-Nebojsa Novakovic, 14-Thomas Lagerlof, 17-Pierre Gallo, 15-Cesar Pacha 15.</p>
<p>Barcelona - 1-Vitor Baia, 27-Fernando Couto, 20-Miguel Angel Nadal, 2-Albert Ferrer, 12-Sergi Barjuan, 4-Josep Guardiola, 5-Gheorghe Popescu, 23-Ivan de la Pena, 7-Luis Figo, 9-Ronaldo, 8-Hristo Stoitchkov.</p>
</text>
<copyright>(c) Reuters Limited 1997</copyright>
<metadata>
<codes class="bip:countries:1.0">
  <code code="SPAIN">
    <editdetail attribution="Reuters BIP Coding Group" action="confirmed" date="1997-03-20"/>
  </code>
  <code code="SWED">
    <editdetail attribution="Reuters BIP Coding Group" action="confirmed" date="1997-03-20"/>
  </code>
</codes>
<codes class="bip:topics:1.0">
  <code code="GCAT">
    <editdetail attribution="Reuters BIP Coding Group" action="confirmed" date="1997-03-20"/>
  </code>
  <code code="GSPO">
    <editdetail attribution="Reuters BIP Coding Group" action="confirmed" date="1997-03-20"/>
  </code>
</codes>
<dc element="dc.date.created" value="1997-03-20"/>
<dc element="dc.publisher" value="Reuters Holdings Plc"/>
<dc element="dc.date.published" value="1997-03-20"/>
<dc element="dc.source" value="Reuters"/>
<dc element="dc.creator.location" value="STOCKHOLM"/>
<dc element="dc.creator.location.country.name" value="SWEDEN"/>
<dc element="dc.source" value="Reuters"/>
</metadata>
</newsitem>
