<?xml version="1.0" encoding="iso-8859-1" ?>
<newsitem itemid="455464" id="root" date="1997-03-20" xml:lang="en">
<title>ZIMBABWE: ZIMBABWE MONEY RATES DEPRESSED IN LIQUID MARKET.</title>
<headline>ZIMBABWE MONEY RATES DEPRESSED IN LIQUID MARKET.</headline>
<dateline>HARARE 1997-03-20</dateline>
<text>
<p>Zimbabwe's money market opened liquid on Thursday with short-term trading rates quoted softer, dealers said.</p>
<p>They said the market closed the previous day with a surplus of Z$202 million, from Tuesday's Z$42.6 million shortage.</p>
<p>The central Reserve Bank on Thursday auctioned 60-day treasury bills worth Z$500 million at 17 percent. This compared with Z$500 million worth of 91-day bills sold at 17.16 percent on Wednesday.</p>
<p>Meanwhile, the central bank paper was being resold on the secondary market at 16.95 percent, down from 17.10 percent.</p>
<p>NCD bills with maturity of 30, 60 and 90 days were quoted at 18.25 and 17 percent (buying and selling respectively) from 18.50 and 17.75 percent while bankers acceptances were being bought at 17.85 percent, down from 18 percent and sold at 16.95 from 17.25 percent. Call money eased to 16.75 percent from 17.50.</p>
<p>-- Stella Mapenzauswa, Harare Newsroom: +263-4 72 52 28/9</p>
</text>
<copyright>(c) Reuters Limited 1997</copyright>
<metadata>
<codes class="bip:countries:1.0">
  <code code="ZIMBAB">
    <editdetail attribution="Reuters BIP Coding Group" action="confirmed" date="1997-03-20"/>
  </code>
</codes>
<codes class="bip:topics:1.0">
  <code code="M13">
    <editdetail attribution="Reuters BIP Coding Group" action="confirmed" date="1997-03-20"/>
  </code>
  <code code="M131">
    <editdetail attribution="Reuters BIP Coding Group" action="confirmed" date="1997-03-20"/>
  </code>
  <code code="MCAT">
    <editdetail attribution="Reuters BIP Coding Group" action="confirmed" date="1997-03-20"/>
  </code>
</codes>
<dc element="dc.date.created" value="1997-03-20"/>
<dc element="dc.publisher" value="Reuters Holdings Plc"/>
<dc element="dc.date.published" value="1997-03-20"/>
<dc element="dc.source" value="Reuters"/>
<dc element="dc.creator.location" value="HARARE"/>
<dc element="dc.creator.location.country.name" value="ZIMBABWE"/>
<dc element="dc.source" value="Reuters"/>
</metadata>
</newsitem>
