<?xml version="1.0" encoding="iso-8859-1" ?>
<newsitem itemid="455494" id="root" date="1997-03-20" xml:lang="en">
<title>LATVIA: OGRE FORESTRY SAYS BACK IN PROFIT JAN, FEB 97.</title>
<headline>OGRE FORESTRY SAYS BACK IN PROFIT JAN, FEB 97.</headline>
<byline>Martinsh Gravitis</byline>
<dateline>RIGA 1997-03-20</dateline>
<text>
<p>Timber company Ogre Forestry said on Thursday it was back in profit in January and February of 1997 versus the same period of 1996 and saw more hope if the current pulpwood prices and dollar rate persisted.</p>
<p>&quot;Given that the current pulpwood prices and dollar exchange rate will continue, there is a glimmer of hope,&quot; Imants Ansons, Ogre president, told Reuters in an interview.</p>
<p>&quot;$33 dollars for a cubic metre of coniferous pulp wood and $27 dollars for birch is quite satisfactory,&quot; he added.</p>
<p>Ogre had a 7,347 lats profit before tax in the first two months of this year against a loss of 17,357 lats before tax in January and February of 1996, Ansons said.</p>
<p>Ogre, a secondary list share on the Riga bourse, earlier reported a loss of 58,759 lats in 1996 on net turnover of 475,801 lats. Its fixed assets were 166,147 lats.</p>
<p>Out of some 45,000 cubic metres of timber produced last year some 10,000 cubic metres were sold as pulpwood and about 20,000 tonnes as sawmill timber.</p>
<p>The rest was sold as fire-wood on the local market.</p>
<p>Ogre expected to increase its total volume this year, Ansons said, but declined to be specific.</p>
<p>-- Riga Newsroom +371 721 5240</p>
</text>
<copyright>(c) Reuters Limited 1997</copyright>
<metadata>
<codes class="bip:countries:1.0">
  <code code="LATV">
    <editdetail attribution="Reuters BIP Coding Group" action="confirmed" date="1997-03-20"/>
  </code>
</codes>
<codes class="bip:industries:1.0">
  <code code="I46000">
    <editdetail attribution="Reuters BIP Coding Group" action="confirmed" date="1997-03-20"/>
  </code>
</codes>
<codes class="bip:topics:1.0">
  <code code="C15">
    <editdetail attribution="Reuters BIP Coding Group" action="confirmed" date="1997-03-20"/>
  </code>
  <code code="C151">
    <editdetail attribution="Reuters BIP Coding Group" action="confirmed" date="1997-03-20"/>
  </code>
  <code code="CCAT">
    <editdetail attribution="Reuters BIP Coding Group" action="confirmed" date="1997-03-20"/>
  </code>
</codes>
<dc element="dc.date.created" value="1997-03-20"/>
<dc element="dc.publisher" value="Reuters Holdings Plc"/>
<dc element="dc.date.published" value="1997-03-20"/>
<dc element="dc.source" value="Reuters"/>
<dc element="dc.creator.location" value="RIGA"/>
<dc element="dc.creator.location.country.name" value="LATVIA"/>
<dc element="dc.source" value="Reuters"/>
</metadata>
</newsitem>
