<?xml version="1.0" encoding="iso-8859-1" ?>
<newsitem itemid="455480" id="root" date="1997-03-20" xml:lang="en">
<title>LATVIA: PARLIAMENT SETS UP COMMITTEE TO LOOK AT G24 LOANS.</title>
<headline>PARLIAMENT SETS UP COMMITTEE TO LOOK AT G24 LOANS.</headline>
<dateline>RIGA 1997-03-20</dateline>
<text>
<p>Latvia's parliament on Thursday voted to set up a special committee to investigate the taking and use of credits provided in the framework of the G24.</p>
<p>The credits, put as high as $300 million by some politicians, have been controversial as some MPs say they have been abused and not used for the purpose meant.</p>
<p>The committee, which will sit until June 1, has to investigate how these credits can be returned and whether anyone is guilty of squandering them, politicians said.</p>
<p>77 MPs backed the formation of the committee and noone opposed it.</p>
<p>Each parliament faction has to delegate a representative to the committee and it will probably begin sitting next week.</p>
<p>It is expected that largest parliament party, Saimnieks, will chair the committee.</p>
<p>-- Riga Newsroom, +371 721 5240</p>
</text>
<copyright>(c) Reuters Limited 1997</copyright>
<metadata>
<codes class="bip:countries:1.0">
  <code code="LATV">
    <editdetail attribution="Reuters BIP Coding Group" action="confirmed" date="1997-03-20"/>
  </code>
</codes>
<codes class="bip:topics:1.0">
  <code code="E21">
    <editdetail attribution="Reuters BIP Coding Group" action="confirmed" date="1997-03-20"/>
  </code>
  <code code="E212">
    <editdetail attribution="Reuters BIP Coding Group" action="confirmed" date="1997-03-20"/>
  </code>
  <code code="ECAT">
    <editdetail attribution="Reuters BIP Coding Group" action="confirmed" date="1997-03-20"/>
  </code>
  <code code="GCAT">
    <editdetail attribution="Reuters BIP Coding Group" action="confirmed" date="1997-03-20"/>
  </code>
  <code code="GPOL">
    <editdetail attribution="Reuters BIP Coding Group" action="confirmed" date="1997-03-20"/>
  </code>
</codes>
<dc element="dc.date.created" value="1997-03-20"/>
<dc element="dc.publisher" value="Reuters Holdings Plc"/>
<dc element="dc.date.published" value="1997-03-20"/>
<dc element="dc.source" value="Reuters"/>
<dc element="dc.creator.location" value="RIGA"/>
<dc element="dc.creator.location.country.name" value="LATVIA"/>
<dc element="dc.source" value="Reuters"/>
</metadata>
</newsitem>
