<?xml version="1.0" encoding="iso-8859-1" ?>
<newsitem itemid="455436" id="root" date="1997-03-20" xml:lang="en">
<title>ITALY: SOCCER-FIORENTINA FANS STAGE SILENT PROTEST.</title>
<headline>SOCCER-FIORENTINA FANS STAGE SILENT PROTEST.</headline>
<dateline>FLORENCE, Italy 1997-03-20</dateline>
<text>
<p>Diehard Fiorentina fans, whose team are staging a media blackout, held a silent protest of their own during a European Cup Winners' Cup quarter-final second leg against Benfica on Thursday.</p>
<p>The fans in the Fiesole curve section of the stadium remained resolutely silent as the players appeared on the pitch and stayed that way once the match had started in protest against the banning of some of their number.</p>
<p>Some 27 Fiorentina fans have been identified and banned from the Italian club after a recent league match against Juventus, when the visiting team's coach was stoned.</p>
<p>The Italian news agency Ansa quoted fans as saying in a statement that they would stay silent in protest for the entire first half and then make amends in the second.</p>
<p>They said they would do the same in all future league and cup matches at the Stadio Comunale.</p>
<p>&quot;This initiative has nothing to do with the players' behaviour or the poor performances of the team, but is for ourselves. We cannot accept the way in which the 27 have been identified, banned and condemned without trial,&quot; they said.</p>
<p>Fans at the other end of the stadium chanted and banged drums to make up for the lack of noise.</p>
<p>Fiorentina players have been refusing to talk to the media since last year. No official reason has been given.</p>
</text>
<copyright>(c) Reuters Limited 1997</copyright>
<metadata>
<codes class="bip:countries:1.0">
  <code code="ITALY">
    <editdetail attribution="Reuters BIP Coding Group" action="confirmed" date="1997-03-20"/>
  </code>
  <code code="PORL">
    <editdetail attribution="Reuters BIP Coding Group" action="confirmed" date="1997-03-20"/>
  </code>
</codes>
<codes class="bip:topics:1.0">
  <code code="GCAT">
    <editdetail attribution="Reuters BIP Coding Group" action="confirmed" date="1997-03-20"/>
  </code>
  <code code="GSPO">
    <editdetail attribution="Reuters BIP Coding Group" action="confirmed" date="1997-03-20"/>
  </code>
</codes>
<dc element="dc.date.created" value="1997-03-20"/>
<dc element="dc.publisher" value="Reuters Holdings Plc"/>
<dc element="dc.date.published" value="1997-03-20"/>
<dc element="dc.source" value="Reuters"/>
<dc element="dc.creator.location" value="FLORENCE, Italy"/>
<dc element="dc.creator.location.country.name" value="ITALY"/>
<dc element="dc.source" value="Reuters"/>
</metadata>
</newsitem>
