<?xml version="1.0" encoding="iso-8859-1" ?>
<newsitem itemid="455426" id="root" date="1997-03-20" xml:lang="en">
<title>SWITZERLAND: BADMINTON-SWISS OPEN RESULTS.</title>
<headline>BADMINTON-SWISS OPEN RESULTS.</headline>
<dateline>BASLE, Switzerland 1997-03-20</dateline>
<text>
<p>Third round results on Thursday at the Swiss Open badminton championships (prefix denotes seeding)</p>
<p>Men's singles 1-Poul-Erik Hoyer-Larsen (Denmark) beat 9/16-Gang Chen (China) 15-12 15-9 5/8-Park Sung-woo (South Korea) beat 9/16-Hermawan Susanto (Indonesia) 15-9 15-17 18-13 3/4-Sun Jun (China) beat 9/16-Heryanto Arbi (Indonesia) 12-15 15-8 15-10 Indra Wijaya (Indonesia) beat Henrik Bengtsson (Sweden) 15-10 15-3 5/8-Peter Gade (Denmark) beat 16-Ardy Wiranata (Indonesia) 15-10 9-15 15-8 9/16-Dong Jiong (China) beat Yang Zhuo (China) 15-7 15-5 5/8-Allan Budi Kusuma beat Xie Yangchun (China) 15-6 15-10 Peter Rasmussen (Denmark) beat 2-Rashid Sidek (Malaysia) 15-5 5-15 7-10 (Sidek retired).</p>
<p>Women's singles 1-Camilla Martin (Denmark) beat Cindana (one word) (Indonesia) 11-5 11-5 5/8-Kim Ji-hyun (South Korea) beat Dai Yun (China) 11-8 11-6 3/4-Chen Wang (China) beat Mette Pedsersen (Denmark) 8-11 11-4 11-6 5/8-Lee Joo-hyun (South Korea) beat Judith Meulendjiks (Netherlands) 11-4 11-5 5/8-Han Jingna (China) beat Lee Soon-deuk (South Korea) 11-6 11-2 3/4-Susi Susanti (Indonesia) beat Anne Sondergaard (Denmark) 11-1 11-0 Mette Sorensen (Denmark) beat Santi Wibowo (Switzerland) 11-2 11-3 2-Ye Zhaoying (China) Ma Ree-choi (South Korea) 11-8 11-4</p>
</text>
<copyright>(c) Reuters Limited 1997</copyright>
<metadata>
<codes class="bip:countries:1.0">
  <code code="CHINA">
    <editdetail attribution="Reuters BIP Coding Group" action="confirmed" date="1997-03-20"/>
  </code>
  <code code="DEN">
    <editdetail attribution="Reuters BIP Coding Group" action="confirmed" date="1997-03-20"/>
  </code>
  <code code="INDON">
    <editdetail attribution="Reuters BIP Coding Group" action="confirmed" date="1997-03-20"/>
  </code>
  <code code="SKOREA">
    <editdetail attribution="Reuters BIP Coding Group" action="confirmed" date="1997-03-20"/>
  </code>
  <code code="SWED">
    <editdetail attribution="Reuters BIP Coding Group" action="confirmed" date="1997-03-20"/>
  </code>
  <code code="SWITZ">
    <editdetail attribution="Reuters BIP Coding Group" action="confirmed" date="1997-03-20"/>
  </code>
</codes>
<codes class="bip:topics:1.0">
  <code code="GCAT">
    <editdetail attribution="Reuters BIP Coding Group" action="confirmed" date="1997-03-20"/>
  </code>
  <code code="GSPO">
    <editdetail attribution="Reuters BIP Coding Group" action="confirmed" date="1997-03-20"/>
  </code>
</codes>
<dc element="dc.date.created" value="1997-03-20"/>
<dc element="dc.publisher" value="Reuters Holdings Plc"/>
<dc element="dc.date.published" value="1997-03-20"/>
<dc element="dc.source" value="Reuters"/>
<dc element="dc.creator.location" value="BASLE, Switzerland"/>
<dc element="dc.creator.location.country.name" value="SWITZERLAND"/>
<dc element="dc.source" value="Reuters"/>
</metadata>
</newsitem>
