<?xml version="1.0" encoding="iso-8859-1" ?>
<newsitem itemid="455420" id="root" date="1997-03-20" xml:lang="en">
<title>USA: FIGURE SKATING-SCOTT HAMILTON HAS CANCER.</title>
<headline>FIGURE SKATING-SCOTT HAMILTON HAS CANCER.</headline>
<dateline>LOS ANGELES 1997-03-19</dateline>
<text>
<p>Olympic gold medal-winning figure skater Scott Hamilton has been diagnosed with testicular cancer and will undergo chemotherapy, his doctors announced Wednesday.</p>
<p>The 38-year-old skater, who won the gold medal in Sarajevo in 1984 and was a four-time world champion, underwent a series of tests at a hospital in Cleveland, Ohio, this week after complaining of recent stomach pains.</p>
<p>Doctors confirmed a tumour in Hamilton's lower abdomen was caused by cancer cells in his testicle area.</p>
<p>The doctors agreed that chemotherapy was the best form of treatment. They noted that men with a similar condition had a 70-80 percent cure rate.</p>
<p>&quot;I feel 100 percent confident that I can overcome this disease and be back on the ice within a few months,&quot; Hamilton said in a statement.</p>
<p>Hamilton, who had been headlining a 60-city U.S. tour of the ice show &quot;Discover Stars on Ice,&quot; last performed in Peoria, Illinois, Sunday.</p>
<p>He will not appear in the remaining seven scheduled cities and has cancelled appearances in Europe and Asia.</p>
</text>
<copyright>(c) Reuters Limited 1997</copyright>
<metadata>
<codes class="bip:countries:1.0">
  <code code="USA">
    <editdetail attribution="Reuters BIP Coding Group" action="confirmed" date="1997-03-20"/>
  </code>
</codes>
<codes class="bip:topics:1.0">
  <code code="GCAT">
    <editdetail attribution="Reuters BIP Coding Group" action="confirmed" date="1997-03-20"/>
  </code>
  <code code="GSPO">
    <editdetail attribution="Reuters BIP Coding Group" action="confirmed" date="1997-03-20"/>
  </code>
</codes>
<dc element="dc.date.created" value="1997-03-19"/>
<dc element="dc.publisher" value="Reuters Holdings Plc"/>
<dc element="dc.date.published" value="1997-03-20"/>
<dc element="dc.source" value="Reuters"/>
<dc element="dc.creator.location" value="LOS ANGELES"/>
<dc element="dc.creator.location.country.name" value="USA"/>
<dc element="dc.source" value="Reuters"/>
</metadata>
</newsitem>
