<?xml version="1.0" encoding="iso-8859-1" ?>
<newsitem itemid="455495" id="root" date="1997-03-20" xml:lang="en">
<title>BULGARIA: BULGARIA SELLS 42.156 BLN LEVS 1- AND 4-WK T-BILLS.</title>
<headline>BULGARIA SELLS 42.156 BLN LEVS 1- AND 4-WK T-BILLS.</headline>
<dateline>SOFIA 1997-03-20</dateline>
<text>
<p>Bulgaria's Finance Ministry on</p>
<p>Thursday sold two discount T-bill issues with maturities of</p>
<p>one week and four weeks, yielding 3.83 percent and 17.69</p>
<p>percent to maturity, respectively, the central bank said.</p>
<p>Bids were received for a total of 42.936 billion levs of</p>
<p>T-bills but the ministry approved bids for 42.156 billion levs</p>
<p>worth of paper.</p>
<p>The issues were offered with no par value or minimum</p>
<p>acceptable price set in advance by the ministry. Auction date</p>
<p>and maturity date for each issue overlap.</p>
<p>Details of the issues follow. Prices are in percent of par:</p>
<p> Issue number		  BG3022297009	 BG3022397007</p>
<p> Term			    one week	     four weeks</p>
<p> Issue date		    March 20	     March 20</p>
<p> Maturity date		 March 27	     April 17</p>
<p> Bids received		 20,794.2 mln levs  22,141.5 mln levs</p>
<p> Avg price of bids	   96.31 pct	    84.97</p>
<p> Bids approved		 20,064.2 mln levs  22,091.5 mln levs</p>
<p> Avg accepted price	  96.31 pct	    84.97 pct</p>
<p> Avg yield to maturity     3.83 pct	     17.69 pct</p>
<p>-- Sofia Newsroom, (++359-2) 981 8569</p>
</text>
<copyright>(c) Reuters Limited 1997</copyright>
<metadata>
<codes class="bip:countries:1.0">
  <code code="BUL">
    <editdetail attribution="Reuters BIP Coding Group" action="confirmed" date="1997-03-20"/>
  </code>
</codes>
<codes class="bip:topics:1.0">
  <code code="M13">
    <editdetail attribution="Reuters BIP Coding Group" action="confirmed" date="1997-03-20"/>
  </code>
  <code code="M131">
    <editdetail attribution="Reuters BIP Coding Group" action="confirmed" date="1997-03-20"/>
  </code>
  <code code="MCAT">
    <editdetail attribution="Reuters BIP Coding Group" action="confirmed" date="1997-03-20"/>
  </code>
</codes>
<dc element="dc.date.created" value="1997-03-20"/>
<dc element="dc.publisher" value="Reuters Holdings Plc"/>
<dc element="dc.date.published" value="1997-03-20"/>
<dc element="dc.source" value="Reuters"/>
<dc element="dc.creator.location" value="SOFIA"/>
<dc element="dc.creator.location.country.name" value="BULGARIA"/>
<dc element="dc.source" value="Reuters"/>
</metadata>
</newsitem>
