<?xml version="1.0" encoding="iso-8859-1" ?>
<newsitem itemid="455456" id="root" date="1997-03-20" xml:lang="en">
<title>MONACO: SOCCER-COACH TIGANA LOOKING FOR SUCCESS HE MISSED AS A PLAYER.</title>
<headline>SOCCER-COACH TIGANA LOOKING FOR SUCCESS HE MISSED AS A PLAYER.</headline>
<byline>Rex Gowar</byline>
<dateline>MONACO 1997-03-20</dateline>
<text>
<p>For most French soccer fans the abiding memory of Jean Tigana is of the goal he created for Michel Platini in the last minute of extra time against Portugal in the semifinals of the 1984 European championship.</p>
<p>Tigana set up the winner by beating three players and squaring the ball across to skipper Platini.</p>
<p>Platini then appeared to take the ball in slow motion to score France's third goal in their famous 3-2 win on a sultry June night at Marseille's Velodrome Stadium.</p>
<p>It capped one of the great internationals of all time and France, boasting the brilliant midfield quartet of Platini, Tigana, Alain Giresse and Luis Fernandez, went on to beat Spain 2-0 in the final to become champions of Europe.</p>
<p>For Tigana, who was born in Mali and spent most of his playing days with Bordeaux, that was the peak of his dazzling career. He never tasted European success with his club, although his trophy cabinet was not entirely bare.</p>
<p>Under current French national team coach Aime Jacquet, Tigana won a French Cup and three league championship medals in the 1980s.</p>
<p>But now Tigana, the 41-year-old coach, is planning to achieve something Tigana the player never did -- win that elusive European club honour.</p>
<p>For he has moulded Monaco into a side brimming with such talent and style that they could well go on to win the UEFA Cup - something no French club has ever managed.</p>
<p>The way they demolished Newcastle United 4-0 on aggregate in their UEFA Cup quarter-final, together with earlier wins in the competition over Hamburg (aggregate 5-0) and Borussia Moenchengladbach (4-3), shows they can compete amongst the best -- and beat them.</p>
<p>&quot;I hope we're going to get through to the final because as a player I often played in semifinals without reaching the final,&quot; Tigana said after Monaco's 3-0 second leg home victory over Newcastle on Tuesday.</p>
<p>Tigana played in European Cup and Cup Winners' Cup semifinals as well as two World Cup semifinals.</p>
<p>As a player alongside a dream-weaver like Platini, Tigana was a pragmatist -- winning the ball in midfield, battling for possession, laying off balls for others to convert into goals.</p>
<p>As a coach, he still retains a pragmatic approach, adding: &quot;I'm not bothered about knowing who we're going to face in the semifinals or whether we'll be at home or away in the first leg.</p>
<p>&quot;The important thing is what happens on the field. The rest is nothing more than literature, even if the players were magnificent,&quot; he said.</p>
<p>Tigana has galvanised the potential of a highly-skilled squad into a probable title-winning side after several near missess in the latter years of Arsene Wenger's period as coach with Monaco.</p>
<p>The club last won the French title in 1988 but are now seven points clear of the field and playing with a belief and confidence that almost gives them a goal start from the kick-off.</p>
<p>Tigana has built on the promise of the second half of last season, when Monaco made up lost ground to finish equal second on points behind Auxerre after a dismal start.</p>
<p>Now he works as hard on the mental aspects as the physical and technical qualities of his team with the full co-operation of a squad desperate for success.</p>
<p>His favourite phrase has become: &quot;There is no reason to change course.&quot;</p>
<p>Even in defeat, Monaco are faithful to their style of play and it only requires a tweak in the mental attitude for the team to regain their winning form after a setback.</p>
<p>&quot;The UEFA Cup is in large part a question of concentration, determination and mental attitude,&quot; said Tigana, who joined Monaco last season after coaching Lyon, one of his former clubs as a player, between 1993 and 1995.</p>
<p>Monaco dropped their guard in the second round after a brilliant 4-2 away leg victory against Borussia Moenchengladbach and lost the return 1-0, their only home defeat this season.</p>
<p>Tigana admitted the players had relaxed and he has since had to redress the balance in their concentration again after losing away in the league days before the away leg of their quarter-final first leg in Newcastle.</p>
<p>&quot;We have the attacking potential and the organisation, but when you don't control the game, that's when you're in danger,&quot; said Tigana, who might have be given the national team job had it not gone to Jacquet in 1994. There are some now saying that when Jacquet eventually leaves the job, Tigana would be a likely successor.</p>
<p>Newcastle manager Kenny Dalglish was impressed by the qualities of the Monaco side, pointing to their organisation in defence and pace in attack.</p>
<p>Dalglish, who knows what it takes to win in Europe, said after Tuesday's match: &quot;Monaco are the sort of team we can learn from. It has to be a very good side who can beat them.&quot;</p>
</text>
<copyright>(c) Reuters Limited 1997</copyright>
<metadata>
<codes class="bip:countries:1.0">
  <code code="FRA">
    <editdetail attribution="Reuters BIP Coding Group" action="confirmed" date="1997-03-20"/>
  </code>
  <code code="MONAC">
    <editdetail attribution="Reuters BIP Coding Group" action="confirmed" date="1997-03-20"/>
  </code>
</codes>
<codes class="bip:topics:1.0">
  <code code="GCAT">
    <editdetail attribution="Reuters BIP Coding Group" action="confirmed" date="1997-03-20"/>
  </code>
  <code code="GSPO">
    <editdetail attribution="Reuters BIP Coding Group" action="confirmed" date="1997-03-20"/>
  </code>
</codes>
<dc element="dc.date.created" value="1997-03-20"/>
<dc element="dc.publisher" value="Reuters Holdings Plc"/>
<dc element="dc.date.published" value="1997-03-20"/>
<dc element="dc.source" value="Reuters"/>
<dc element="dc.creator.location" value="MONACO"/>
<dc element="dc.creator.location.country.name" value="MONACO"/>
<dc element="dc.source" value="Reuters"/>
</metadata>
</newsitem>
