<?xml version="1.0" encoding="iso-8859-1" ?>
<newsitem itemid="455452" id="root" date="1997-03-20" xml:lang="en">
<title>GERMANY: SOCCER SHOWCASE-MOENCHENGLADBACH LOOK BACK IN HOPE.</title>
<headline>SOCCER SHOWCASE-MOENCHENGLADBACH LOOK BACK IN HOPE.</headline>
<byline>Adrian Warner</byline>
<dateline>BONN 1997-03-20</dateline>
<text>
<p>Struggling Borussia Moenchengladbach have decided to turn their minds back to a rare bright day in their dismal first half of the season before they visit German league leaders Borussia Dortmund on Saturday.</p>
<p>Moenchengladbach have wanted to forget most of their matches before the winter break when they slipped down and down the Bundesliga --- apart from a wonderful day in September when they fired five goals past Dortmund in the western German derby.</p>
<p>The reigning champions were outplayed that day in the clash of the two Borussias. But now former UEFA Cup winners Moenchengladbach are struggling down in 13th in the league before the clash in Dortmund's intimidating Westfalen stadium.</p>
<p>&quot;We must put that game into our minds on Saturday,&quot; Moenchengladbach's versatile midfielder Martin Schneider said.</p>
<p>Dortmund, who lead the table on goal difference from Bayern Munich, are on a high after beating France's Auxerre in midweek to clinch a place in the European Cup semifinals where they will meet England's Manchester United next month.</p>
<p>The champions' biggest problem is consistency, however. Last week they were taken apart by VfB Stuttgart in a 4-1 defeat but still bounced back to win 1-0 in Auxerre.</p>
<p>Saturday's game could be tight, however, despite the two teams' contrasting positions in the table.</p>
<p>&quot;We are still missing consistent form. There are too many highs and lows,&quot; the club's experienced defender Juergen Kohler said. &quot;We have to deal with that.&quot;</p>
<p>Moenchengladbach are a lot better side than their lowly position suggests. With their former international midfielder Stefan Effenberg returning to his best, they are playing well again.</p>
<p>The statistics are against them, however. Dortmund, who are chasing a third consecutive title, have not lost at home this season while Moenchengladbach have won just one of 12 games away from home.</p>
<p>Dortmund chairman Gerd Niebaum was quick to point out to the team that they should not get too carried away by the success in Europe. They are unlikely to lack concentration with such a tight situation in the Bundesliga.</p>
<p>Just two points separate the top four -- Dortmund, Bayern, Stuttgart and Bayer Leverkusen.</p>
<p>&quot;After going through in Europe we are going to have more problems defending our title,&quot; Niebaum said. &quot;If we had gone out the chances of getting the third title would have been better.</p>
<p>&quot;I want to win the championship again. That is our task. The European Cup is a Sunday afternoon out.&quot;</p>
<p>Dortmund were trying to rest their legs after the European tie before seeing who is carrying injuries before Saturday.</p>
<p>Moenchengladbach will definitely be without Romanian midfielder Ioan Lupescu who is suspended but the in-form Schneider should be able to step into his defensive midfield role.</p>
<p>Probable teams (with shirt numbers)</p>
<p>Borussia Dortmund - 1-Stefan Klos, 6-Matthias Sammer, 15-Juergen Kohler, 17-Joerg Heinrich, 19-Paulo Sousa, 14-Paul Lambert, 18-Lars Ricken, 7-Stefan Reuter, 10-Andy Moeller, 9-Stephane Chapuisat, 13-Karlheinz Riedle.</p>
<p>Moenchengladbach - 1-Uwe Kamps, 27-Stephan Passlack, 4-Patrik Andersson, 21-Hubert Fournier, 6-Joerg Neun, 13-Martin Schneider, 10-Stefan Effenberg, 7-Karlheinz Pflipsen, 8-Peter Wynhoff, 9-Andrzej Juskoviak, 30-Martin Dahlin.</p>
</text>
<copyright>(c) Reuters Limited 1997</copyright>
<metadata>
<codes class="bip:countries:1.0">
  <code code="GFR">
    <editdetail attribution="Reuters BIP Coding Group" action="confirmed" date="1997-03-20"/>
  </code>
</codes>
<codes class="bip:topics:1.0">
  <code code="GCAT">
    <editdetail attribution="Reuters BIP Coding Group" action="confirmed" date="1997-03-20"/>
  </code>
  <code code="GSPO">
    <editdetail attribution="Reuters BIP Coding Group" action="confirmed" date="1997-03-20"/>
  </code>
</codes>
<dc element="dc.date.created" value="1997-03-20"/>
<dc element="dc.publisher" value="Reuters Holdings Plc"/>
<dc element="dc.date.published" value="1997-03-20"/>
<dc element="dc.source" value="Reuters"/>
<dc element="dc.creator.location" value="BONN"/>
<dc element="dc.creator.location.country.name" value="GERMANY"/>
<dc element="dc.source" value="Reuters"/>
</metadata>
</newsitem>
