<?xml version="1.0" encoding="iso-8859-1" ?>
<newsitem itemid="455449" id="root" date="1997-03-20" xml:lang="en">
<title>NETHERLANDS: SOCCER-DUTCH TOAST AJAX'S &quot;MIRACLE&quot; WIN IN MADRID.</title>
<headline>SOCCER-DUTCH TOAST AJAX'S &quot;MIRACLE&quot; WIN IN MADRID.</headline>
<dateline>AMSTERDAM 1997-03-20</dateline>
<text>
<p>Ajax Amsterdam were hailed as heroes on Thursday after their &quot;miraculous&quot; 3-2 victory over Atletico Madrid set up a mouth-watering European Cup semifinal clash with holders Juventus.</p>
<p>Described as the &quot;Miracle in Madrid&quot;, Amsterdam newspapers praised their team's character to come back from 1-0 down and eventually win in extra-time. The Dutch side won 4-3 on aggregate.</p>
<p>&quot;What a sensation! What a spectacle! Ajax played what was perhaps the most spell-binding game in their history,&quot; said the top-selling Telegraaf newspaper.</p>
<p>Newspapers ignored the error-filled nature of the game, instead dwelling on the two occasions that had tipped the tie in Ajax's favour -- goalkeeper Edwin van der Saar's late penalty save and Dani's spectacular long-range strike in extra-time.</p>
<p>But the victory came at a price. Dani and defender John Veldman went for hospital check-ups after suffering shoulder and ankle injuries.</p>
<p>An average 4.1 million people watched the match on television and even members of parliament followed the game. The Algemeen Dagblad reported that a messenger carried a board with the score through the lower chamber as the match unfolded in Madrid.</p>
<p>The semifinal against Juventus gives Ajax the chance to avenge last year's loss to the Italian club in the final.</p>
<p>For some, it was less important to see Ajax win than to silence Jesus Gil, Atletico's volatile chairman.</p>
<p>Prior to the match in Amsterdam, Gil said Ajax's training session was like a scene from the Congo. His comments led Ajax board members to boycott a lunch with Atletico officials.</p>
</text>
<copyright>(c) Reuters Limited 1997</copyright>
<metadata>
<codes class="bip:countries:1.0">
  <code code="NETH">
    <editdetail attribution="Reuters BIP Coding Group" action="confirmed" date="1997-03-20"/>
  </code>
  <code code="SPAIN">
    <editdetail attribution="Reuters BIP Coding Group" action="confirmed" date="1997-03-20"/>
  </code>
</codes>
<codes class="bip:topics:1.0">
  <code code="GCAT">
    <editdetail attribution="Reuters BIP Coding Group" action="confirmed" date="1997-03-20"/>
  </code>
  <code code="GSPO">
    <editdetail attribution="Reuters BIP Coding Group" action="confirmed" date="1997-03-20"/>
  </code>
</codes>
<dc element="dc.date.created" value="1997-03-20"/>
<dc element="dc.publisher" value="Reuters Holdings Plc"/>
<dc element="dc.date.published" value="1997-03-20"/>
<dc element="dc.source" value="Reuters"/>
<dc element="dc.creator.location" value="AMSTERDAM"/>
<dc element="dc.creator.location.country.name" value="NETHERLANDS"/>
<dc element="dc.source" value="Reuters"/>
</metadata>
</newsitem>
