<?xml version="1.0" encoding="iso-8859-1" ?>
<newsitem itemid="455459" id="root" date="1997-03-20" xml:lang="en">
<title>PAKISTAN: HOCKEY-GOLDEN JUBILEE RESULT/STANDINGS.</title>
<headline>HOCKEY-GOLDEN JUBILEE RESULT/STANDINGS.</headline>
<dateline>KARACHI 1997-03-20</dateline>
<text>
<p>Result on the fifth day of the</p>
<p>Golden Jubilee of Pakistan men's hockey tournament on Thursday:</p>
<p>Germany 3 Pakistan 3 (halftime 1-2)</p>
<p>Scorers:</p>
<p>Germany - Bjorn Michel 30, Oliver Domke 41, Kai</p>
<p>Hollensteiner 49</p>
<p>Pakistan- Tahir Zaman 19 penalty stroke, Muhammad Shahbaz</p>
<p>24,</p>
<p>Kamran Ashraf 69</p>
<p>    Standings  P   W   D   L   F     A   PTS</p>
<p>Netherlands    3   2   1   0   12    5   7</p>
<p>Germany	  3   2   1   0    7    4   7</p>
<p>Pakistan	 3   0   3   0    7    7   3</p>
<p>England	  3   0   1   2    1    9   1</p>
<p>Australia	2   0   0   2    3    5   0</p>
<p>Netherlands and Germany qualify for Sunday's final</p>
</text>
<copyright>(c) Reuters Limited 1997</copyright>
<metadata>
<codes class="bip:countries:1.0">
  <code code="AUSTR">
    <editdetail attribution="Reuters BIP Coding Group" action="confirmed" date="1997-03-20"/>
  </code>
  <code code="GFR">
    <editdetail attribution="Reuters BIP Coding Group" action="confirmed" date="1997-03-20"/>
  </code>
  <code code="NETH">
    <editdetail attribution="Reuters BIP Coding Group" action="confirmed" date="1997-03-20"/>
  </code>
  <code code="PAKIS">
    <editdetail attribution="Reuters BIP Coding Group" action="confirmed" date="1997-03-20"/>
  </code>
  <code code="UK">
    <editdetail attribution="Reuters BIP Coding Group" action="confirmed" date="1997-03-20"/>
  </code>
</codes>
<codes class="bip:topics:1.0">
  <code code="GCAT">
    <editdetail attribution="Reuters BIP Coding Group" action="confirmed" date="1997-03-20"/>
  </code>
  <code code="GSPO">
    <editdetail attribution="Reuters BIP Coding Group" action="confirmed" date="1997-03-20"/>
  </code>
</codes>
<dc element="dc.date.created" value="1997-03-20"/>
<dc element="dc.publisher" value="Reuters Holdings Plc"/>
<dc element="dc.date.published" value="1997-03-20"/>
<dc element="dc.source" value="Reuters"/>
<dc element="dc.creator.location" value="KARACHI"/>
<dc element="dc.creator.location.country.name" value="PAKISTAN"/>
<dc element="dc.source" value="Reuters"/>
</metadata>
</newsitem>
