<?xml version="1.0" encoding="iso-8859-1" ?>
<newsitem itemid="455403" id="root" date="1997-03-20" xml:lang="en">
<title>UK: CYCLING-WORLD CUP PEN PICTURES.</title>
<headline>CYCLING-WORLD CUP PEN PICTURES.</headline>
<dateline>LONDON 1997-03-20</dateline>
<text>
<p>Pen pictures of the leading riders in the 1997 World Cup which starts with the Milan-San Remo race on Saturday:</p>
<p>Johan Museeuw (Belgium). Age 31. His World Cup record underlines his favouritism. He has won the series for the past two years and was second in 1994 and 1993. Won the cobbled classic, Paris-Roubaix, then six months later added the world road race title to his 1996 cup success and reversed his premature decision to retire.</p>
<p>Andrea Ferrigato (Italy). 27. Two cup wins in as many weeks in Leeds and Zurich to finish second overall in 1996. All this despite being sidelined for two months following an operation.</p>
<p>Michele Bartoli (Italy). 26. His progress was checked by a long bout of tendinitis in 1995, but his potential shone through when he won last year's Tour of Flanders. A second placing in the GP Suisse left him third in the series.</p>
<p>Andrea Tafi (Italy). 30. He came with a late rush of 70 points inside a week to shoot into fourth position overall. He won the Tour of Lombardy then placed fourth in the Japan Cup, six months after figuring in his Mapei team's 1-2-3 in the Paris-Roubaix race.</p>
<p>Mauro Gianetti (Switzerland). 33. He lost to Museeuw in the battle for the world road race title in his home town, Lugano. Then he travelled halfway around the world to win the final cup round in Japan. That boosted him to sixth in a series in which he was third in 1995 thanks to victories in the Liege-Bastogne-Liege and the Amstel Gold.</p>
<p>Laurent Jalabert (France). 28. Green points jersey winner in the Tour de France, overall winner of the Tour of Spain and ranked number one in the world. The best from France since Bernard Hinault and still their main hope of breaking into the World Cup honours especially after winning the 1995 Milan-San Remo.</p>
<p>Andrei Tchmil (Ukraine). 34. Failed to live up to his expectations last year after finishing runner-up in 1995 and third the previous year. Winner of Paris-Roubaix in 1994.</p>
<p>Maurizio Fondriest (Italy). 32. Twice World Cup champion. He has consistently popped up in the honours list and became the only rider to take the series without winning one of its rounds in 1991. His 1993 cup triumph was graced with victories in Milan-San Remo and the Championship of Zurich.</p>
<p>Franco Ballerini (Italy). 32. Won his first World Cup race seven years ago in Montreal, and usually provides a significant victory each year. His last was another World Cup qualifier, the 1995 Paris-Roubaix.</p>
</text>
<copyright>(c) Reuters Limited 1997</copyright>
<metadata>
<codes class="bip:countries:1.0">
  <code code="BELG">
    <editdetail attribution="Reuters BIP Coding Group" action="confirmed" date="1997-03-20"/>
  </code>
  <code code="FRA">
    <editdetail attribution="Reuters BIP Coding Group" action="confirmed" date="1997-03-20"/>
  </code>
  <code code="GFR">
    <editdetail attribution="Reuters BIP Coding Group" action="confirmed" date="1997-03-20"/>
  </code>
  <code code="IRE">
    <editdetail attribution="Reuters BIP Coding Group" action="confirmed" date="1997-03-20"/>
  </code>
  <code code="ITALY">
    <editdetail attribution="Reuters BIP Coding Group" action="confirmed" date="1997-03-20"/>
  </code>
  <code code="NETH">
    <editdetail attribution="Reuters BIP Coding Group" action="confirmed" date="1997-03-20"/>
  </code>
  <code code="UK">
    <editdetail attribution="Reuters BIP Coding Group" action="confirmed" date="1997-03-20"/>
  </code>
</codes>
<codes class="bip:topics:1.0">
  <code code="GCAT">
    <editdetail attribution="Reuters BIP Coding Group" action="confirmed" date="1997-03-20"/>
  </code>
  <code code="GSPO">
    <editdetail attribution="Reuters BIP Coding Group" action="confirmed" date="1997-03-20"/>
  </code>
</codes>
<dc element="dc.date.created" value="1997-03-20"/>
<dc element="dc.publisher" value="Reuters Holdings Plc"/>
<dc element="dc.date.published" value="1997-03-20"/>
<dc element="dc.source" value="Reuters"/>
<dc element="dc.creator.location" value="LONDON"/>
<dc element="dc.creator.location.country.name" value="UK"/>
<dc element="dc.source" value="Reuters"/>
</metadata>
</newsitem>
