<?xml version="1.0" encoding="iso-8859-1" ?>
<newsitem itemid="455422" id="root" date="1997-03-20" xml:lang="en">
<title>USA: NFL AMERICAN FOOTBALL-COWBOYS RE-SIGN FULLBACK JOHNSTON.</title>
<headline>NFL AMERICAN FOOTBALL-COWBOYS RE-SIGN FULLBACK JOHNSTON.</headline>
<dateline>DALLAS 1997-03-19</dateline>
<text>
<p>The Dallas Cowboys announced Wednesday they have re-signed unrestricted free-agent fullback Daryl &quot;Moose&quot; Johnston to a five-year, $7.5 million contract.</p>
<p>The 31-year-old Johnston has played eight seasons in the NFL, all with the Cowboys. He rushed only 22 times for 48 yards and caught 43 passes for 278 yards and a touchdown -- bringing cheers of &quot;Moose&quot; from the fans each time he touched the ball -- but his main value is as Emmitt Smith's blocking back.</p>
<p>&quot;Probably the happiest person in receiving this news about Daryl being our fullback again next year is Emmitt Smith,&quot; Dallas coach Barry Switzer said. &quot;I know he has a big smile on his face now and is thrilled to death, along with our coaching staff.</p>
<p>&quot;Daryl means so much to us in the fact that his position is a dinosaur,&quot; he added. &quot;There are very few type of football players remaining today, in the systems that are employed offensively, a true, tough, hard-nosed fullback that actually is a guard that ends up most of the time in the backfield blocking for a tailback.&quot;</p>
<p>Johnston has never missed a regular-season or playoff game during his career, playing in 143 straight and starting 84 of the last 85. He was selected to the Pro Bowl in 1993 and 1994.</p>
<p>&quot;There were problems off the field (last season), there were a lot of things, but I've been here since 1989 and I know what this organisation is about,&quot; Johnston said. &quot;I know what the players on this football team are about.&quot;</p>
<p>He said he believed the team could get back to the form that brought three Super Bowl championships in four years from 1993 to 1996 before stumbling last season.</p>
<p>&quot;Since they (team management) pointed out maintaining the core and nucleus of this football team, and keeping that together, these are the guys that are going to bring Dallas back to the place that it was in the recent past,&quot; Johnston said.</p>
<p>The re-signing was better news for the Cowboys than the recent losses because of salary cap limitations of kicker Chris Boniol, to Philadlephia, and punter John Jett, to Detroit.</p>
</text>
<copyright>(c) Reuters Limited 1997</copyright>
<metadata>
<codes class="bip:countries:1.0">
  <code code="USA">
    <editdetail attribution="Reuters BIP Coding Group" action="confirmed" date="1997-03-20"/>
  </code>
</codes>
<codes class="bip:topics:1.0">
  <code code="GCAT">
    <editdetail attribution="Reuters BIP Coding Group" action="confirmed" date="1997-03-20"/>
  </code>
  <code code="GSPO">
    <editdetail attribution="Reuters BIP Coding Group" action="confirmed" date="1997-03-20"/>
  </code>
</codes>
<dc element="dc.date.created" value="1997-03-19"/>
<dc element="dc.publisher" value="Reuters Holdings Plc"/>
<dc element="dc.date.published" value="1997-03-20"/>
<dc element="dc.source" value="Reuters"/>
<dc element="dc.creator.location" value="DALLAS"/>
<dc element="dc.creator.location.country.name" value="USA"/>
<dc element="dc.source" value="Reuters"/>
</metadata>
</newsitem>
