<?xml version="1.0" encoding="iso-8859-1" ?>
<newsitem itemid="455415" id="root" date="1997-03-20" xml:lang="en">
<title>USA: NHL ICE HOCKEY-STANDINGS AFTER WEDNESDAY'S GAMES.</title>
<headline>NHL ICE HOCKEY-STANDINGS AFTER WEDNESDAY'S GAMES.</headline>
<dateline>NEW YORK 1997-03-20</dateline>
<text>
<p>Standings of National Hockey</p>
<p>League teams after games played on Wednesday (tabulate under</p>
<p>won, lost, tied, goals for, goals against, points):</p>
<p>		 EASTERN CONFERENCE</p>
<p>		 NORTHEAST DIVISION</p>
<p>		    W   L   T   GF   GA   PTS</p>
<p> BUFFALO	 37  22  11  210  178   85</p>
<p> PITTSBURGH    33  30   7  243  236   73</p>
<p> MONTREAL	26  32  14  220  249   66</p>
<p> HARTFORD	27  33  10  194  219   64</p>
<p> OTTAWA	  23  33  14  193  206   60</p>
<p> BOSTON	  24  39   9  207  258   57</p>
<p>		 ATLANTIC DIVISION</p>
<p>		    W   L   T   GF   GA   PTS</p>
<p> X-PHILADELPHIA 40 21  10  242  187   90</p>
<p> X-NEW JERSEY  38  20  13  200  163   89</p>
<p> FLORIDA	 32  24  16  196  175   80</p>
<p> NY RANGERS    33  30   9  233  205   75</p>
<p> WASHINGTON    28  35   8  181  199   64</p>
<p> TAMPA BAY     27  36   7  188  220   61</p>
<p> NY ISLANDERS  25  36  10  199  212   60</p>
<p>X -- CLINCHED PLAYOFF BERTH</p>
<p>		 WESTERN CONFERENCE</p>
<p>		 CENTRAL DIVISION</p>
<p>		    W   L   T   GF   GA   PTS</p>
<p> X-DALLAS	42  23   6  222  173   90</p>
<p> DETROIT	 34  21  15  225  166   83</p>
<p> PHOENIX	 33  34   5  206  220   71</p>
<p> ST LOUIS	30  32   9  209  218   69</p>
<p> CHICAGO	 28  31  12  186  180   68</p>
<p> TORONTO	 26  39   6  207  244   58</p>
<p>X -- CLINCHED PLAYOFF BERTH</p>
<p>		 PACIFIC DIVISION</p>
<p>		    W   L   T   GF   GA   PTS</p>
<p> Y-COLORADO    44  18   9  244  173   97</p>
<p> EDMONTON	33  32   7  224  216   73</p>
<p> ANAHEIM	 30  30  11  209  203   71</p>
<p> CALGARY	 31  34   8  195  204   70</p>
<p> VANCOUVER     29  38   4  220  244   62</p>
<p> LOS ANGELES   25  38   9  190  239   59</p>
<p> SAN JOSE	23  40   7  179  235   53</p>
<p>Y -- CLINCHED DIVISION TITLE</p>
<p>THURSDAY, MARCH 20 SCHEDULE</p>
<p>FLORIDA AT OTTAWA		 </p>
<p>TORONTO AT PITTSBURGH	   </p>
<p>PHOENIX AT CHICAGO		</p>
<p>HARTFORD AT ST LOUIS	    </p>
<p>SAN JOSE AT VANCOUVER</p>
</text>
<copyright>(c) Reuters Limited 1997</copyright>
<metadata>
<codes class="bip:countries:1.0">
  <code code="CANA">
    <editdetail attribution="Reuters BIP Coding Group" action="confirmed" date="1997-03-20"/>
  </code>
  <code code="USA">
    <editdetail attribution="Reuters BIP Coding Group" action="confirmed" date="1997-03-20"/>
  </code>
</codes>
<codes class="bip:topics:1.0">
  <code code="GCAT">
    <editdetail attribution="Reuters BIP Coding Group" action="confirmed" date="1997-03-20"/>
  </code>
  <code code="GSPO">
    <editdetail attribution="Reuters BIP Coding Group" action="confirmed" date="1997-03-20"/>
  </code>
</codes>
<dc element="dc.date.created" value="1997-03-20"/>
<dc element="dc.publisher" value="Reuters Holdings Plc"/>
<dc element="dc.date.published" value="1997-03-20"/>
<dc element="dc.source" value="Reuters"/>
<dc element="dc.creator.location" value="NEW YORK"/>
<dc element="dc.creator.location.country.name" value="USA"/>
<dc element="dc.source" value="Reuters"/>
</metadata>
</newsitem>
