<?xml version="1.0" encoding="iso-8859-1" ?>
<newsitem itemid="455408" id="root" date="1997-03-20" xml:lang="en">
<title>RUSSIA: SOCCER-RUSSIA DROPS BESCHASTNYKH FOR CYPRUS GAME.</title>
<headline>SOCCER-RUSSIA DROPS BESCHASTNYKH FOR CYPRUS GAME.</headline>
<dateline>MOSCOW 1997-03-20</dateline>
<text>
<p>Russian coach Boris Ignatyev has dropped Vladimir Beschastnykh of Spanish club Racing Santander for next week's World Cup qualifier against Cyprus.</p>
<p>&quot;He's not in good fighting form,&quot; squad spokesman Yuri Yudin said on Thursday. &quot;We're going to Cyprus to win.&quot;</p>
<p>Sporting Gijon's Yuri Nikiforov, suspended after being sent off in the previous group five game in Luxembourg, and injured Spartak Moscow winger Andrei Tikhonov will also miss the game on March 29.</p>
<p>Tikhonov, Russia's 1996 Player of the Year, is nursing a muscle strain and will be out for around a fortnight.</p>
<p>Spartak captain and playmaker Ilya Tsymbalar is named in the squad but there is also a question mark over his fitness.</p>
<p>Bestchastnykh was in form for Russia last year, netting most recently in their 4-0 win over Cyprus in Moscow last September and in their 4-0 defeat of Luxembourg.</p>
<p>Ignatyev, facing a Cypriot side boosted by their shock 2-0 win over Israel, has preferred Bologna's Igor Kolyvanov and Reggiana's Igor Simutenkov up front.</p>
<p>Squad:</p>
<p>Goalkeepers - Stanislav Cherchesov (Tirol Innsbruck), Sergei Ovchinnikov (Lokomotiv Moscow).</p>
<p>Defenders - Ramiz Mamedov (Spartak Moscow), Dmitry Khlestov (Spartak Moscow), Omar Tetradze (Roma), Igor Chugaynov (Lokomotiv Moscow), Maxim Bokov (CSKA Moscow), Dmitry Popov (Compostela), Viktor Onopko (Oviedo).</p>
<p>Midfielders - Igor Yanovsky (Alania), Andrei Kanchelskis (Fiorentina), Dmitry Alenichev (Spartak Moscow), Ilya Tsymbalar (Spartak Moscow), Alexander Mostovoy (Celta Vigo), Valery Karpin (Valencia), Yevgeny Kharlachev (Lokomotiv Moscow).</p>
<p>Forwards - Igor Kolyvanov (Bologna), Igor Simutenkov (Reggiana), Anatoly Kanishchev (Alania Vladikavkaz), Alexei Gerasimenko (Rostselmash Rostov).</p>
</text>
<copyright>(c) Reuters Limited 1997</copyright>
<metadata>
<codes class="bip:countries:1.0">
  <code code="CYPR">
    <editdetail attribution="Reuters BIP Coding Group" action="confirmed" date="1997-03-20"/>
  </code>
  <code code="RUSS">
    <editdetail attribution="Reuters BIP Coding Group" action="confirmed" date="1997-03-20"/>
  </code>
</codes>
<codes class="bip:topics:1.0">
  <code code="GCAT">
    <editdetail attribution="Reuters BIP Coding Group" action="confirmed" date="1997-03-20"/>
  </code>
  <code code="GSPO">
    <editdetail attribution="Reuters BIP Coding Group" action="confirmed" date="1997-03-20"/>
  </code>
</codes>
<dc element="dc.date.created" value="1997-03-20"/>
<dc element="dc.publisher" value="Reuters Holdings Plc"/>
<dc element="dc.date.published" value="1997-03-20"/>
<dc element="dc.source" value="Reuters"/>
<dc element="dc.creator.location" value="MOSCOW"/>
<dc element="dc.creator.location.country.name" value="RUSSIA"/>
<dc element="dc.source" value="Reuters"/>
</metadata>
</newsitem>
