<?xml version="1.0" encoding="iso-8859-1" ?>
<newsitem itemid="455463" id="root" date="1997-03-20" xml:lang="en">
<title>ZIMBABWE: ZIMBABWE DOLLAR CLOSES WEAKER ON HARD UNITS.</title>
<headline>ZIMBABWE DOLLAR CLOSES WEAKER ON HARD UNITS.</headline>
<dateline>HARARE 1997-03-20</dateline>
<text>
<p>The Zimbabwe dollar closed weaker against hard currencies on Thursday under import pressure, with dealers saying an element of speculation also seemed to have crept into the market.</p>
<p>&quot;It looks like import pressure is still on but there could also be speculation,&quot; one dealer said.</p>
<p>He said some market players could possibly be pushing the rates up for the benefit of tobacco producers ahead of the annual sales set to commence in April.</p>
<p>&quot;But anyway when the tobacco inflows start coming in the dollar should start appreciating,&quot; the dealer added.</p>
<p>The local unit finished Thursday trade at 11.2800/2900 against the U.S. dollar, down from 11.2575/2675 at Wednesday's close and was quoted at 18.0200/0400 from 17.9690/9960 against sterling.</p>
<p>It slipped to 6.7300/7500 from 6.6700/6900 against the mark but was quoted a touch firmer on the rand at 2.5400/5600 compared to 2.5415/5455.</p>
<p>-- Stella Mapenzauswa, Harare Newsroom +263-4 72 52 27/8/9</p>
</text>
<copyright>(c) Reuters Limited 1997</copyright>
<metadata>
<codes class="bip:countries:1.0">
  <code code="ZIMBAB">
    <editdetail attribution="Reuters BIP Coding Group" action="confirmed" date="1997-03-20"/>
  </code>
</codes>
<codes class="bip:topics:1.0">
  <code code="M13">
    <editdetail attribution="Reuters BIP Coding Group" action="confirmed" date="1997-03-20"/>
  </code>
  <code code="M132">
    <editdetail attribution="Reuters BIP Coding Group" action="confirmed" date="1997-03-20"/>
  </code>
  <code code="MCAT">
    <editdetail attribution="Reuters BIP Coding Group" action="confirmed" date="1997-03-20"/>
  </code>
</codes>
<dc element="dc.date.created" value="1997-03-20"/>
<dc element="dc.publisher" value="Reuters Holdings Plc"/>
<dc element="dc.date.published" value="1997-03-20"/>
<dc element="dc.source" value="Reuters"/>
<dc element="dc.creator.location" value="HARARE"/>
<dc element="dc.creator.location.country.name" value="ZIMBABWE"/>
<dc element="dc.source" value="Reuters"/>
</metadata>
</newsitem>
