<?xml version="1.0" encoding="iso-8859-1" ?>
<newsitem itemid="455465" id="root" date="1997-03-20" xml:lang="en">
<title>POLAND: POLISH BIUROSYSTEM PLANS BOURSE ENTRY.</title>
<headline>POLISH BIUROSYSTEM PLANS BOURSE ENTRY.</headline>
<dateline>LODZ, Poland 1997-03-20</dateline>
<text>
<p>Polish office equipment distributor Biurosystem SA plans to issue 434,000 new shares and enter the Warsaw bourse's parallel market, the firm's president said on Thursday.</p>
<p>Stanislaw Kosucki told Reuters the company had already sent its issue prospectus to the Polish Securities Commission.</p>
<p>&quot;We are planning to issue 434,000 shares at a par value of five zlotys...and our share capital will grow...to over three million zlotys, which will let us in a longer perspective to enter the Warsaw bourse's parallel market,&quot; he said.</p>
<p>Biurosystem, which employs 200, had sales of 21.5 million zlotys in 1996.</p>
<p>-- Janusz Brzeszczynski +48 22 653 9700</p>
</text>
<copyright>(c) Reuters Limited 1997</copyright>
<metadata>
<codes class="bip:countries:1.0">
  <code code="POL">
    <editdetail attribution="Reuters BIP Coding Group" action="confirmed" date="1997-03-20"/>
  </code>
</codes>
<codes class="bip:industries:1.0">
  <code code="I65300">
    <editdetail attribution="Reuters BIP Coding Group" action="confirmed" date="1997-03-20"/>
  </code>
</codes>
<codes class="bip:topics:1.0">
  <code code="C14">
    <editdetail attribution="Reuters BIP Coding Group" action="confirmed" date="1997-03-20"/>
  </code>
  <code code="C17">
    <editdetail attribution="Reuters BIP Coding Group" action="confirmed" date="1997-03-20"/>
  </code>
  <code code="C171">
    <editdetail attribution="Reuters BIP Coding Group" action="confirmed" date="1997-03-20"/>
  </code>
  <code code="CCAT">
    <editdetail attribution="Reuters BIP Coding Group" action="confirmed" date="1997-03-20"/>
  </code>
</codes>
<dc element="dc.date.created" value="1997-03-20"/>
<dc element="dc.publisher" value="Reuters Holdings Plc"/>
<dc element="dc.date.published" value="1997-03-20"/>
<dc element="dc.source" value="Reuters"/>
<dc element="dc.creator.location" value="LODZ, Poland"/>
<dc element="dc.creator.location.country.name" value="POLAND"/>
<dc element="dc.source" value="Reuters"/>
</metadata>
</newsitem>
