<?xml version="1.0" encoding="iso-8859-1" ?>
<newsitem itemid="455477" id="root" date="1997-03-20" xml:lang="en">
<title>CZECH REPUBLIC: SKODA COMPLETES HALF MILLION FELICIA CARS.</title>
<headline>SKODA COMPLETES HALF MILLION FELICIA CARS.</headline>
<dateline>PRAGUE 1997-03-20</dateline>
<text>
<p>The Czech car making unit of Volkswagen AG, Skoda Automobilova a.s., said on Thursday that it had completed 500,000 of its flagship Felicia compacts since production on the VW-upgraded car began in October 1994.</p>
<p>The company, in Mlada Boleslav north of Prague, said in a statement that it planned a 10 percent increase in 1997 production after last year making 262,000 of the Felicia line, which is a plusher version of Skoda's more boxy communist era hatchback, the Favorit.</p>
<p>Skoda launched its first mid-sized Octavia line last autumn.</p>
<p>Earlier this month, Skoda reported overall unit sales for the first two months of this year were up 10.5 percent, year-on-year, with sales growth of more than 30 percent reported in western Europe.</p>
<p>Volkswagen took control of Skoda, building up a 70 percent stake in the company by 1995, after participating in the company's post-Communist privatisation earlier in the decade.</p>
<p>-- John Mastrini, Prague Newsroom, 420-2-2423-0003</p>
</text>
<copyright>(c) Reuters Limited 1997</copyright>
<metadata>
<codes class="bip:countries:1.0">
  <code code="CZREP">
    <editdetail attribution="Reuters BIP Coding Group" action="confirmed" date="1997-03-20"/>
  </code>
</codes>
<codes class="bip:industries:1.0">
  <code code="I35101">
    <editdetail attribution="Reuters BIP Coding Group" action="confirmed" date="1997-03-20"/>
  </code>
</codes>
<codes class="bip:topics:1.0">
  <code code="C21">
    <editdetail attribution="Reuters BIP Coding Group" action="confirmed" date="1997-03-20"/>
  </code>
  <code code="CCAT">
    <editdetail attribution="Reuters BIP Coding Group" action="confirmed" date="1997-03-20"/>
  </code>
</codes>
<dc element="dc.date.created" value="1997-03-20"/>
<dc element="dc.publisher" value="Reuters Holdings Plc"/>
<dc element="dc.date.published" value="1997-03-20"/>
<dc element="dc.source" value="Reuters"/>
<dc element="dc.creator.location" value="PRAGUE"/>
<dc element="dc.creator.location.country.name" value="CZECH REPUBLIC"/>
<dc element="dc.source" value="Reuters"/>
</metadata>
</newsitem>
