<?xml version="1.0" encoding="iso-8859-1" ?>
<newsitem itemid="455406" id="root" date="1997-03-20" xml:lang="en">
<title>SOUTH AFRICA: SOCCER-ROVERS POISED TO SINK PIRATES.</title>
<headline>SOCCER-ROVERS POISED TO SINK PIRATES.</headline>
<byline>Mark Gleeson</byline>
<dateline>JOHANNESBURG 1997-03-20</dateline>
<text>
<p>South Africa's Orlando Pirates face humiliating defeat in the first round of the African Champions' Cup at the weekend.</p>
<p>The popular Soweto club, known in South Africa as the &quot;people's team&quot;, broke a 12-year stranglehold by clubs from Arab-speaking north Africa when they won the top African club title in 1995.</p>
<p>It was the first time since 1983 that a team from sub-Sahara Africa had taken the Champions' Cup and signaled a change in the continent's soccer's powerbase.</p>
<p>Last year, Pirates lost in a penalty shootout at the quarter-final stage in defence of their title but were among the trophy favourites again this year.</p>
<p>But now they face elimination by Roma Rovers, a student team from the tiny mountain kingdom of Lesotho.</p>
<p>Pirates have a slender 1-0 lead to take to Maseru for Sunday's second leg and will face a country bent on upsetting the main attraction from their powerful neighbours.</p>
<p>Rovers, playing in the cup for the first time, scored five goals at home in the preliminary round and will be better placed to used the uneven bounce and difficult conditions of the Sesotho stadium.</p>
<p>Also in their favour is the fact that Pirates remain rudderless after coach Augusto Palacios was attacked by angry fans earlier this month after they lost a league match.</p>
<p>Rovers are not the only small side with a chance of a rare upset this weekend.</p>
<p>Notwane from Botswana are in line to reach the second round for the first time when they host Primiero de Agosto of Angola in Gaborone on Sunday after drawing 1-1 in Luanda in the first leg two weeks ago.</p>
<p>In the African Cup Winners' Cup, Senegalese second division club US Goreenne take a 1-0 lead to Algeria for their second leg against Mouloudia Oran.</p>
<p>Confederation of African Football (CAF) Cup holders Kawkab Marrakesh travel to Senegal with a slender one-goal lead against ASC la Linguere.</p>
</text>
<copyright>(c) Reuters Limited 1997</copyright>
<metadata>
<codes class="bip:countries:1.0">
  <code code="SAFR">
    <editdetail attribution="Reuters BIP Coding Group" action="confirmed" date="1997-03-20"/>
  </code>
</codes>
<codes class="bip:topics:1.0">
  <code code="GCAT">
    <editdetail attribution="Reuters BIP Coding Group" action="confirmed" date="1997-03-20"/>
  </code>
  <code code="GSPO">
    <editdetail attribution="Reuters BIP Coding Group" action="confirmed" date="1997-03-20"/>
  </code>
</codes>
<dc element="dc.date.created" value="1997-03-20"/>
<dc element="dc.publisher" value="Reuters Holdings Plc"/>
<dc element="dc.date.published" value="1997-03-20"/>
<dc element="dc.source" value="Reuters"/>
<dc element="dc.creator.location" value="JOHANNESBURG"/>
<dc element="dc.creator.location.country.name" value="SOUTH AFRICA"/>
<dc element="dc.source" value="Reuters"/>
</metadata>
</newsitem>
