<?xml version="1.0" encoding="iso-8859-1" ?>
<newsitem itemid="455486" id="root" date="1997-03-20" xml:lang="en">
<title>LATVIA: BALTIJAS TRANZITU BANK BACK IN PROFIT IN 1996.</title>
<headline>BALTIJAS TRANZITU BANK BACK IN PROFIT IN 1996.</headline>
<dateline>RIGA 1997-03-20</dateline>
<text>
<p>Latvia's Baltijas Tranzitu Bank (Baltic Transit Bank), among the top ten banks by way of assets, said on Thursday it was back in profit in 1996.</p>
<p>It said in a statement it had an audited figure of 1.223 million lats in 1996 versus a loss of 282,000 lats in 1995.</p>
<p>&quot;The bank has restructured its asset portfolio during 1996, as well as reorganised its loan policy, devoting its attention to crediting medium and big business,&quot; the bank said.</p>
<p>The bank's assets have grown by 5.85 million lats to 45.85 million lats and its own capital increased by 973,000 to 7.68 million, the bank added.</p>
<p>Loans and advance payments to clients came to 19.7 million lats, an increase of 3.1 million lats on the previous year.</p>
<p>Deposits in the bank were 31.67 million lats, an increase of four million lats, the bank added.</p>
<p>&quot;The bank has considerably increased its activity in the stock market, both in Latvia and abroad, including transactions in clients name,&quot; Tranzitu added.</p>
<p>-- Martinsh Gravitis, Riga Newsroom +371 721 5240</p>
</text>
<copyright>(c) Reuters Limited 1997</copyright>
<metadata>
<codes class="bip:countries:1.0">
  <code code="LATV">
    <editdetail attribution="Reuters BIP Coding Group" action="confirmed" date="1997-03-20"/>
  </code>
</codes>
<codes class="bip:industries:1.0">
  <code code="I81402">
    <editdetail attribution="Reuters BIP Coding Group" action="confirmed" date="1997-03-20"/>
  </code>
</codes>
<codes class="bip:topics:1.0">
  <code code="C15">
    <editdetail attribution="Reuters BIP Coding Group" action="confirmed" date="1997-03-20"/>
  </code>
  <code code="C151">
    <editdetail attribution="Reuters BIP Coding Group" action="confirmed" date="1997-03-20"/>
  </code>
  <code code="C1511">
    <editdetail attribution="Reuters BIP Coding Group" action="confirmed" date="1997-03-20"/>
  </code>
  <code code="CCAT">
    <editdetail attribution="Reuters BIP Coding Group" action="confirmed" date="1997-03-20"/>
  </code>
</codes>
<dc element="dc.date.created" value="1997-03-20"/>
<dc element="dc.publisher" value="Reuters Holdings Plc"/>
<dc element="dc.date.published" value="1997-03-20"/>
<dc element="dc.source" value="Reuters"/>
<dc element="dc.creator.location" value="RIGA"/>
<dc element="dc.creator.location.country.name" value="LATVIA"/>
<dc element="dc.source" value="Reuters"/>
</metadata>
</newsitem>
