<?xml version="1.0" encoding="iso-8859-1" ?>
<newsitem itemid="455405" id="root" date="1997-03-20" xml:lang="en">
<title>SOUTH AFRICA: SOCCER-SOWETO TEAM FACES HUMILIATING DEFEAT.</title>
<headline>SOCCER-SOWETO TEAM FACES HUMILIATING DEFEAT.</headline>
<byline>Mark Gleeson</byline>
<dateline>JOHANNESBURG 1997-03-20</dateline>
<text>
<p>South Africa's Orlando Pirates, who threatened to create a new era in African club soccer just over a year ago, face humiliating defeat in the first round of the African Champions Cup on the weekend.</p>
<p>The much-beloved Soweto club, known in South Africa as the &quot;people's team&quot;, broke a 12-year stranglehold by clubs from Arab-speaking north Africa when they won the top African club title in 1995.</p>
<p>It was the first time since 1983 that a team from sub-Saharan Africa had taken the Champions Cup and signaled a change in African soccer's powerbase.</p>
<p>Last year Pirates lost in a penalty shootout at the quarter-final stage in defence of their title but were among the favourites to again bid for the Champions Cup this year -- and strike another blow for club soccer in the southern region.</p>
<p>But now the Buccaneers face defeat in the first round of the competition at the hands of Roma Rovers, a student team from the tiny mountain kingdom of Lesotho.</p>
<p>Pirates have a slender 1-0 lead to take to Maseru for Sunday's second leg and will face a fanatical country bent on upsetting the star attraction from their powerful neighbouring country.</p>
<p>The match has top billing among all the African club competition first round, first leg games this weekend.</p>
<p>Rovers, playing in the Champions Cup for the first time, scored five goals at home in the preliminary round and will be better placed to used the uneven bounce and difficult conditions of the Sesotho stadium in Maseru.</p>
<p>Added in their favour is the fact that Pirates remain rudderless after coach Augusto Palacios was attacked by angry fans earlier this month after Pirates lost a league match.</p>
<p>Rovers are not the only minnows with a chance of a rare upset this weekend.</p>
<p>Notwane from Botswana are in line to reach the second round for the first time in club history when they host Primiero de Agosto of Angola in Gaborone on Sunday after scoring a 1-1 draw away in Luanda in the first leg two weeks ago.</p>
<p>In the African Cup Winners' Cup, Senegalese second division club US Goreenne take a 1-0 lead to Algeria for their second leg tie against Mouloudia Oran while Confederation of African Football (CAF) Cup holders Kawkab Marrakesh travel to Senegal with aslender one-goal lead against ASC la Linguere.</p>
<p>Kawkab, who became the first Moroccan team to win the CAF Cup last year, needed a second-half penalty to win the game.</p>
</text>
<copyright>(c) Reuters Limited 1997</copyright>
<metadata>
<codes class="bip:countries:1.0">
  <code code="SAFR">
    <editdetail attribution="Reuters BIP Coding Group" action="confirmed" date="1997-03-20"/>
  </code>
</codes>
<codes class="bip:topics:1.0">
  <code code="GCAT">
    <editdetail attribution="Reuters BIP Coding Group" action="confirmed" date="1997-03-20"/>
  </code>
  <code code="GSPO">
    <editdetail attribution="Reuters BIP Coding Group" action="confirmed" date="1997-03-20"/>
  </code>
</codes>
<dc element="dc.date.created" value="1997-03-20"/>
<dc element="dc.publisher" value="Reuters Holdings Plc"/>
<dc element="dc.date.published" value="1997-03-20"/>
<dc element="dc.source" value="Reuters"/>
<dc element="dc.creator.location" value="JOHANNESBURG"/>
<dc element="dc.creator.location.country.name" value="SOUTH AFRICA"/>
<dc element="dc.source" value="Reuters"/>
</metadata>
</newsitem>
