<?xml version="1.0" encoding="iso-8859-1" ?>
<newsitem itemid="455431" id="root" date="1997-03-20" xml:lang="en">
<title>SWEDEN: SOCCER-BARCELONA HELD BY AIK BUT REACH SEMIFINALS.</title>
<headline>SOCCER-BARCELONA HELD BY AIK BUT REACH SEMIFINALS.</headline>
<dateline>STOCKHOLM 1997-03-20</dateline>
<text>
<p>Barcelona were held 1-1 by AIK Stockholm in their European Cup Winners' Cup quarter-final second leg match on Thursday but reached the semifinals 4-2 on aggregate.</p>
<p>Freezing temperatures of minus four degrees Celsius at Stockholm's Rasunda stadium failed to inhibit the Spaniards, who quickly added to their 3-1 first-leg lead.</p>
<p>Brazilian striker Ronaldo lived up to the crowd's high expectations in the 12th minute when he scored a textbook goal, receiving a well-timed pass from midfielder Ivan de la Pena and driving his shot into the roof of the net.</p>
<p>But AIK adopted more aggressive tactics in the second half and equalised in the 75th minute through Pascal Simpson.</p>
<p>The goal rejuvenated AIK, with Johan Mjallby making an effective move from defence into midfield, but despite two near attempts they could not overturn Barcelona's advantage.</p>
</text>
<copyright>(c) Reuters Limited 1997</copyright>
<metadata>
<codes class="bip:countries:1.0">
  <code code="SPAIN">
    <editdetail attribution="Reuters BIP Coding Group" action="confirmed" date="1997-03-20"/>
  </code>
  <code code="SWED">
    <editdetail attribution="Reuters BIP Coding Group" action="confirmed" date="1997-03-20"/>
  </code>
</codes>
<codes class="bip:topics:1.0">
  <code code="GCAT">
    <editdetail attribution="Reuters BIP Coding Group" action="confirmed" date="1997-03-20"/>
  </code>
  <code code="GSPO">
    <editdetail attribution="Reuters BIP Coding Group" action="confirmed" date="1997-03-20"/>
  </code>
</codes>
<dc element="dc.date.created" value="1997-03-20"/>
<dc element="dc.publisher" value="Reuters Holdings Plc"/>
<dc element="dc.date.published" value="1997-03-20"/>
<dc element="dc.source" value="Reuters"/>
<dc element="dc.creator.location" value="STOCKHOLM"/>
<dc element="dc.creator.location.country.name" value="SWEDEN"/>
<dc element="dc.source" value="Reuters"/>
</metadata>
</newsitem>
