<?xml version="1.0" encoding="iso-8859-1" ?>
<newsitem itemid="455473" id="root" date="1997-03-20" xml:lang="en">
<title>LATVIA: LATVIA EARLY AFTERNOON RADIO HEADLINES MARCH 20.</title>
<headline>LATVIA EARLY AFTERNOON RADIO HEADLINES MARCH 20.</headline>
<dateline>RIGA 1997-03-20</dateline>
<text>
<p>Here are the main headlines reported on Latvia's state radio in the early afternon on Thursday. Reuters has not verified these stories and does not vouch for their accuracy.</p>
<p>- Latvian President Guntis Ulmanis concludes a three-day visit to Denmark and meets MPs, political parties and expatriates.</p>
<p>- Parliament will decide on stripping MP Valdis Krisbergs of his parliamentary immunity. The prosecutors office wants to charge Krisbergs with large-scale fraud.</p>
<p>- Oil company Statoil is worried about the oil terminal construction agreement still not signed by Riga city council.</p>
<p>- Latvian and Russian border delimitation talks continue in Riga today and tomorrow.</p>
<p>-- Riga Newsroom +371 721 5240</p>
</text>
<copyright>(c) Reuters Limited 1997</copyright>
<metadata>
<codes class="bip:countries:1.0">
  <code code="LATV">
    <editdetail attribution="Reuters BIP Coding Group" action="confirmed" date="1997-03-20"/>
  </code>
</codes>
<codes class="bip:topics:1.0">
  <code code="GCAT">
    <editdetail attribution="Reuters BIP Coding Group" action="confirmed" date="1997-03-20"/>
  </code>
</codes>
<dc element="dc.date.created" value="1997-03-20"/>
<dc element="dc.publisher" value="Reuters Holdings Plc"/>
<dc element="dc.date.published" value="1997-03-20"/>
<dc element="dc.source" value="Reuters"/>
<dc element="dc.creator.location" value="RIGA"/>
<dc element="dc.creator.location.country.name" value="LATVIA"/>
<dc element="dc.source" value="Reuters"/>
</metadata>
</newsitem>
