<?xml version="1.0" encoding="iso-8859-1" ?>
<newsitem itemid="455423" id="root" date="1997-03-20" xml:lang="en">
<title>USA: TENNIS-GRAF WOMEN'S PLAYER OF YEAR FOR RECORD EIGHTH TIME.</title>
<headline>TENNIS-GRAF WOMEN'S PLAYER OF YEAR FOR RECORD EIGHTH TIME.</headline>
<dateline>MIAMI 1997-03-19</dateline>
<text>
<p>Steffi Graf was chosen the women's tennis player of the year for an unprecedented eighth time in voting by international media, the tour announced at the first-ever WTA TOUR/ATP Tour Awards Gala Wednesday.</p>
<p>It was the fourth consecutive year and eighth time in the last 10 years that Graf won the award. She had shared the record of seven with Martina Navratilova.</p>
<p>The German outpolled 16-year-old Martina Hingis of Switzerland, who won her first two career titles in 1996 and will take the number one ranking from Graf later this month.</p>
<p>Graf went 54-4 in 1996 and won seven titles, including the French Open, Wimbledon, the U.S. Open and the season-ending Chase Championships.</p>
<p>Graf also was selected by fans as the most exciting player in balloting conducted at several tournaments in the late summer and on the Tour's website in late 1996.</p>
<p>Following are the 1996 WTA Tour Award finalists and winners:</p>
<p>Player of the Year Finalists: Martina Hingis and Steffi Graf Winner: Graf</p>
<p>Doubles team of the year Finalists: Martina Hingis/Helena Sukova, Lindsay Davenport/Mary Joe Fernandez, Jana Novotna/Arantxa Sanchez Vicario Winner: Novotna/Sanchez Vicario</p>
<p>Most improved player of the year Finalists: Irina Spirlea, Karina Habsudova, Martina Hingis Winner: Hingis</p>
<p>Most impressive newcomer of the year Finalists: Patty Schnyder, Henrieta Nagyova, Anna Kournikova Winner: Kournikova</p>
<p>Comeback player of the year Finalists: Meredith McGrath, Barbara Paulus, Jennifer Capriati Winner: Capriati</p>
<p>Karen Krantzcke sportsmanship award (voted by players) Finalists: Sabine Appelmans, Amy Frazier, Yayuk Basuki Winner: Basuki</p>
<p>Player service award (voted by players) Finalists: Mariaan de Swardt, Marianne Werdel Witmeyer, Katrina Adams Winner: Adams</p>
<p>Diamond aces award (voted by tournaments) Finalists: Gabriela Sabatini, Arantxa Sanchez Vicario, Monica Seles Winner: Sabatini</p>
<p>David Gray service award (awarded by the Tour) Winner: Martina Navratilova</p>
<p>Ted Tinling media person of the year Mary Carillo</p>
</text>
<copyright>(c) Reuters Limited 1997</copyright>
<metadata>
<codes class="bip:countries:1.0">
  <code code="GFR">
    <editdetail attribution="Reuters BIP Coding Group" action="confirmed" date="1997-03-20"/>
  </code>
  <code code="USA">
    <editdetail attribution="Reuters BIP Coding Group" action="confirmed" date="1997-03-20"/>
  </code>
</codes>
<codes class="bip:topics:1.0">
  <code code="GCAT">
    <editdetail attribution="Reuters BIP Coding Group" action="confirmed" date="1997-03-20"/>
  </code>
  <code code="GSPO">
    <editdetail attribution="Reuters BIP Coding Group" action="confirmed" date="1997-03-20"/>
  </code>
</codes>
<dc element="dc.date.created" value="1997-03-19"/>
<dc element="dc.publisher" value="Reuters Holdings Plc"/>
<dc element="dc.date.published" value="1997-03-20"/>
<dc element="dc.source" value="Reuters"/>
<dc element="dc.creator.location" value="MIAMI"/>
<dc element="dc.creator.location.country.name" value="USA"/>
<dc element="dc.source" value="Reuters"/>
</metadata>
</newsitem>
