<?xml version="1.0" encoding="iso-8859-1" ?>
<newsitem itemid="455454" id="root" date="1997-03-20" xml:lang="en">
<title>PORTUGAL: SOCCER-BRITAIN WANTS REPORT ON PORTO TROUBLE.</title>
<headline>SOCCER-BRITAIN WANTS REPORT ON PORTO TROUBLE.</headline>
<byline>Richard Waddington</byline>
<dateline>OPORTO, Portugal 1997-03-20</dateline>
<text>
<p>Britain said on Thursday it was urgently seeking a report from Portugal after eight Manchester United soccer fans were injured when police opened fire with anti-riot pellets after a European Cup match against Porto.</p>
<p>&quot;We are urgently seeking a police report from the Portuguese authorities,&quot; a British Foreign Office spokesman said in London.</p>
<p>Eight United fans were taken to Oporto's main hospital with pellet wounds after Wednesday's quarter-final, but all were discharged in the early hours of Thursday, a British Embassy spokeswoman in the city said.</p>
<p>&quot;They have all left (hospital),&quot; Marilia Astle said. She said that there was only one Briton still being treated but that was for a case of dehydration.</p>
<p>Some 20 other English fans were also slightly hurt in the clashes in which police used batons and threw smoke grenades when some United fans tried to leave the ground before the end of the game, ignoring an order to stay put.</p>
<p>Authorities at Porto's As Antas stadium had told United fans, totalling some 10,000, to remain in the ground at the end of the match to allow local supporters to leave first as a security precaution.</p>
<p>It was not immediately known why a number of fans ignored the call, but when they tried to force one of the exit doors, they were driven back by police.</p>
<p>&quot;It was a disgrace, they opened fire on us. I have five wounds,&quot; one United fan said.</p>
<p>A police spokesman said that some 15 police officials were also hurt in the incident.</p>
<p>The match ended 0-0 but Manchester United went through 4-0 on aggregate after trouncing Porto in the first leg at Old Trafford.</p>
<p>There had also been trouble involving United supporters at the start of the game. Some 20 English fans were hurt -- most of them with cuts and bruises -- after a group with no valid tickets sought to force their way into the ground. They were eventually allowed in to see the game.</p>
</text>
<copyright>(c) Reuters Limited 1997</copyright>
<metadata>
<codes class="bip:countries:1.0">
  <code code="PORL">
    <editdetail attribution="Reuters BIP Coding Group" action="confirmed" date="1997-03-20"/>
  </code>
  <code code="UK">
    <editdetail attribution="Reuters BIP Coding Group" action="confirmed" date="1997-03-20"/>
  </code>
</codes>
<codes class="bip:topics:1.0">
  <code code="GCAT">
    <editdetail attribution="Reuters BIP Coding Group" action="confirmed" date="1997-03-20"/>
  </code>
  <code code="GSPO">
    <editdetail attribution="Reuters BIP Coding Group" action="confirmed" date="1997-03-20"/>
  </code>
</codes>
<dc element="dc.date.created" value="1997-03-20"/>
<dc element="dc.publisher" value="Reuters Holdings Plc"/>
<dc element="dc.date.published" value="1997-03-20"/>
<dc element="dc.source" value="Reuters"/>
<dc element="dc.creator.location" value="OPORTO, Portugal"/>
<dc element="dc.creator.location.country.name" value="PORTUGAL"/>
<dc element="dc.source" value="Reuters"/>
</metadata>
</newsitem>
