<?xml version="1.0" encoding="iso-8859-1" ?>
<newsitem itemid="455421" id="root" date="1997-03-20" xml:lang="en">
<title>USA: SOCCER-AMBITIOUS WOMEN'S WORLD CUP PLANNED FOR 1999.</title>
<headline>SOCCER-AMBITIOUS WOMEN'S WORLD CUP PLANNED FOR 1999.</headline>
<dateline>NEW YORK 1997-03-19</dateline>
<text>
<p>U.S. soccer organisers are planning an ambitious 1999 Women's World Cup that will dwarf the previous two stagings of the event, tournament officials said Wednesday.</p>
<p>&quot;The first one in China was sort of hidden away in China and in Sweden it was purposefully done very small and low-key,&quot; U.S. Soccer president Alan Rothenberg said of the first two Women's World Cups, held in 1991 and 1995.</p>
<p>&quot;This time we are going for it,&quot; Rothenberg said at a news conference to introduce members of the organising committee including former Olympic gold medalist swimmer Donna de Varona as chairwoman.</p>
<p>&quot;We are going to make this the biggest women's sports tournament in our lifetime,&quot; said Rothenberg, who was the head of the men's World Cup held in the United States in 1994.</p>
<p>The Women's World Cup is scheduled for June 20-July 7. Sixteen teams will play, with only the host U.S. team, the 1991 champions, assured of a spot. Defending champions Norway will have to qualify.</p>
<p>When the United States first won the right to stage the event, organisers envisioned a small tournament played in four cities all located in the American Northeast.</p>
<p>&quot;Our thinking was to hold a small event and have a nice little soccer tournament,&quot; said Hank Steinbrecher, executive director of U.S. Soccer.</p>
<p>According to Rothenberg, planners originally envisaged using stadiums of no more than 15,000 capacity.</p>
<p>But after seeing the rousing success of women's soccer in last year's Olympic Games in Atlanta, where a crowd of 76,489 watched the United States beat China in the gold medal game, organisers began thinking much bigger.</p>
<p>&quot;We really want to move this from being a small regional tournament to becoming an international, large-scale tournament,&quot; said Rothenberg.</p>
<p>&quot;We want to give it the surroundings it deserve,&quot; he added. &quot;We want major stadiums. I would venture to say that every stadium that was in used in 1994 (World Cup) with the possible exception of the (Detroit) Silverdome would be in the hunt.&quot;</p>
<p>Twenty cities are expected to bid to hold games with the final six or seven to be announced later this year.</p>
<p>Comparisions to the 1994 World Cup will be made but this tournament will have its own lasting significance, said Rothenberg.</p>
<p>&quot;In terms of impact it could be greater, because World Cup was a big challenge, but at the same time it had a history,&quot; he said. &quot;Here in many ways there is no history.&quot;</p>
</text>
<copyright>(c) Reuters Limited 1997</copyright>
<metadata>
<codes class="bip:countries:1.0">
  <code code="USA">
    <editdetail attribution="Reuters BIP Coding Group" action="confirmed" date="1997-03-20"/>
  </code>
</codes>
<codes class="bip:topics:1.0">
  <code code="GCAT">
    <editdetail attribution="Reuters BIP Coding Group" action="confirmed" date="1997-03-20"/>
  </code>
  <code code="GSPO">
    <editdetail attribution="Reuters BIP Coding Group" action="confirmed" date="1997-03-20"/>
  </code>
</codes>
<dc element="dc.date.created" value="1997-03-19"/>
<dc element="dc.publisher" value="Reuters Holdings Plc"/>
<dc element="dc.date.published" value="1997-03-20"/>
<dc element="dc.source" value="Reuters"/>
<dc element="dc.creator.location" value="NEW YORK"/>
<dc element="dc.creator.location.country.name" value="USA"/>
<dc element="dc.source" value="Reuters"/>
</metadata>
</newsitem>
