<?xml version="1.0" encoding="iso-8859-1" ?>
<newsitem itemid="455448" id="root" date="1997-03-20" xml:lang="en">
<title>GERMANY: SOCCER-WEEKEND MATCHES IN GERMAN FIRST DIVISION.</title>
<headline>SOCCER-WEEKEND MATCHES IN GERMAN FIRST DIVISION.</headline>
<dateline>BONN 1997-03-20</dateline>
<text>
<p>Programme of soccer matches in the German first division at the weekend in addition to Saturday's clash between Borussia Dortmund and Borussia Moenchengladbach, Reuters European match of the week (league positions in parentheses, kickoff times GMT):</p>
<p>Friday (1900)</p>
<p>Fortuna Duesseldorf (15) v VfB Stuttgart (3)</p>
<p>Stuttgart hitting form with an astonishing 13 goals in their last three games, including 4-1 defeat of leaders Borussia Dortmund. They should be capable of three points at struggling Fortuna, who have lost four of 11 games at home so far.</p>
<p>Werder Bremen (9) v Duisburg (14)</p>
<p>Bremen's talented Austrian midfielder Andreas Herzog doubtful because of injury but Werder are unbeaten in last four home games. Duisburg need points to get out of relegation danger.</p>
<p>Saturday (1430)</p>
<p>Hamburg (12) v Bochum (6)</p>
<p>Promoted Bochum are the surprise team of the season but have won just twice away from home. Hamburg have to make changes with defender Andreas Fischer suspended.</p>
<p>Cologne (8) v St. Pauli (17)</p>
<p>Both teams have struggled lately. Cologne need a win to keep alive their UEFA Cup aspirations and St. Pauli are struggling in relegation zone. Cologne without suspended libero Thomas Cichon.</p>
<p>1860 Munich (10) v Hansa Rostock (16)</p>
<p>Relegation-threatened Rostock have not won away from home since the sixth day of the season. The fact that 1860 should be at full strength will not help their hopes of ending the poor run.</p>
<p>Schalke (5) v Arminia Bielefeld (11)</p>
<p>Schalke on a high after reaching semifinals of UEFA Cup during the week but defender Thomas Linke is suspended and midfielder Tom Dooley on international duty for United States.</p>
<p>Freiburg (18) v Bayer Leverkusen (4)</p>
<p>Leverkusen have superb chance to keep up the pressure at the top with a game against a weak team who looking almost certain to go down. Bayer are without defender Christian Woerns and Dutch forward Erik Meijer (both suspended). Freiburg have not won for 10 games and six points drift at the bottom.</p>
<p>Sunday (1800)</p>
<p>Karlsruhe (7) v Bayern Munich (2)</p>
<p>Bayern recovering from controversy-packed week during which striker Juergen Klinsmann announced he was going to leave at end of season because he is unhappy at the club. Klinsmann is suspended for match because of bookings. Carsten Jancker expected to take his place.</p>
</text>
<copyright>(c) Reuters Limited 1997</copyright>
<metadata>
<codes class="bip:countries:1.0">
  <code code="GFR">
    <editdetail attribution="Reuters BIP Coding Group" action="confirmed" date="1997-03-20"/>
  </code>
</codes>
<codes class="bip:topics:1.0">
  <code code="GCAT">
    <editdetail attribution="Reuters BIP Coding Group" action="confirmed" date="1997-03-20"/>
  </code>
  <code code="GSPO">
    <editdetail attribution="Reuters BIP Coding Group" action="confirmed" date="1997-03-20"/>
  </code>
</codes>
<dc element="dc.date.created" value="1997-03-20"/>
<dc element="dc.publisher" value="Reuters Holdings Plc"/>
<dc element="dc.date.published" value="1997-03-20"/>
<dc element="dc.source" value="Reuters"/>
<dc element="dc.creator.location" value="BONN"/>
<dc element="dc.creator.location.country.name" value="GERMANY"/>
<dc element="dc.source" value="Reuters"/>
</metadata>
</newsitem>
