<?xml version="1.0" encoding="iso-8859-1" ?>
<newsitem itemid="455427" id="root" date="1997-03-20" xml:lang="en">
<title>GREECE: SOCCER-LOKO HAT-TRICK PUTS PSG INTO SEMIFINALS.</title>
<headline>SOCCER-LOKO HAT-TRICK PUTS PSG INTO SEMIFINALS.</headline>
<dateline>ATHENS 1997-03-20</dateline>
<text>
<p>A hat-trick from French international striker Patrice Loko guided holders Paris St Germain into the Cup Winners' Cup semifinals as they beat AEK Athens 3-0 on Thursday.</p>
<p>The teams had drawn the first leg 0-0 in Paris.</p>
<p>Loko fired home the first after 22 minutes and made it 2-0 two minutes before halftime when he latched on to Leonardo's pass.</p>
<p>Loko put the tie beyond doubt 10 minutes from the end of the game when he dribbled past one defender and coolly slotted past the Greek goalkeeper.</p>
</text>
<copyright>(c) Reuters Limited 1997</copyright>
<metadata>
<codes class="bip:countries:1.0">
  <code code="FRA">
    <editdetail attribution="Reuters BIP Coding Group" action="confirmed" date="1997-03-20"/>
  </code>
  <code code="GREECE">
    <editdetail attribution="Reuters BIP Coding Group" action="confirmed" date="1997-03-20"/>
  </code>
</codes>
<codes class="bip:topics:1.0">
  <code code="GCAT">
    <editdetail attribution="Reuters BIP Coding Group" action="confirmed" date="1997-03-20"/>
  </code>
  <code code="GSPO">
    <editdetail attribution="Reuters BIP Coding Group" action="confirmed" date="1997-03-20"/>
  </code>
</codes>
<dc element="dc.date.created" value="1997-03-20"/>
<dc element="dc.publisher" value="Reuters Holdings Plc"/>
<dc element="dc.date.published" value="1997-03-20"/>
<dc element="dc.source" value="Reuters"/>
<dc element="dc.creator.location" value="ATHENS"/>
<dc element="dc.creator.location.country.name" value="GREECE"/>
<dc element="dc.source" value="Reuters"/>
</metadata>
</newsitem>
