<?xml version="1.0" encoding="iso-8859-1" ?>
<newsitem itemid="455429" id="root" date="1997-03-20" xml:lang="en">
<title>SWITZERLAND: FIGURE SKATING-STOJKO TAKES GOLD AS URMANOV WITHDRAWS.</title>
<headline>FIGURE SKATING-STOJKO TAKES GOLD AS URMANOV WITHDRAWS.</headline>
<byline>Brian Creighton</byline>
<dateline>LAUSANNE, Switzerland 1997-03-20</dateline>
<text>
<p>Canada's Elvis Stojko produced his spectacular trademark, a quadruple-triple jump combination, as he recaptured the men's world figure skating title on Thursday.</p>
<p>His task, however, was made simpler by the withdrawal through injury of Olympic champion Alexei Urmanov.</p>
<p>The Russian, who led after Wednesday's short programme and was favourite to take the title, pulled out with a groin injury after warming up with just the last group of skaters to go.</p>
<p>His withdrawal left Stojko with a virtual open door to walk through to the title he won in 1994 and 1995 although he still had to contend with the defending champion Todd Eldredge.</p>
<p>But the 25-year-old American had nothing to match Stojko's pyrotechnics and he fluffed two jumps late in his programme, singling out of a triple axel and falling on a double axel.</p>
<p>There were also a couple of scratchy landings in Stojko's programme to music from the movie &quot;Dragonheart&quot; but an Italian judge gave him a perfect 6.0 for technique while the others awarded him 5.9.</p>
<p>He had one score of 5.9 for artistry, six of 5.8 and two of 5.6 and won the free skating on the cards of eight of the nine judges.</p>
<p>That was enough to give him first place after both he and Eldredge totalled 3.0 factored placements based on positions in the short and long programmes.</p>
<p>Stojko first produced the quadruple toe loop-triple toe loop combination as he won the Champions Series final in Hamilton, Ontario, earlier this month.</p>
<p>After his fourth place finish -- despite a faultless performance -- in the short programme, he knew he needed to produce it again - and he did.</p>
<p>Russian teenager Alexei Yagudin captured third place with Viacheslav Zagorodniuk of Ukraine fourth after both made uncharacteristic jumping errors.</p>
<p>Russian Ilya Kulik had a bad night and dropped from third to fifth with the sixth best free programme.</p>
<p>Earlier on Friday, Russians Oksana Gritschuk and Evgeny Platov strengthened their lead in the ice dance by winning the tango, with teammates Anjelika Krylova and Oleg Ovsiannikov remaining second and Canadians Shae-Lynn Bourne and Victor Kraatz third.</p>
</text>
<copyright>(c) Reuters Limited 1997</copyright>
<metadata>
<codes class="bip:countries:1.0">
  <code code="CANA">
    <editdetail attribution="Reuters BIP Coding Group" action="confirmed" date="1997-03-20"/>
  </code>
  <code code="SWITZ">
    <editdetail attribution="Reuters BIP Coding Group" action="confirmed" date="1997-03-20"/>
  </code>
</codes>
<codes class="bip:topics:1.0">
  <code code="C13">
    <editdetail attribution="Reuters BIP Coding Group" action="confirmed" date="1997-03-20"/>
  </code>
  <code code="CCAT">
    <editdetail attribution="Reuters BIP Coding Group" action="confirmed" date="1997-03-20"/>
  </code>
  <code code="GCAT">
    <editdetail attribution="Reuters BIP Coding Group" action="confirmed" date="1997-03-20"/>
  </code>
  <code code="GSPO">
    <editdetail attribution="Reuters BIP Coding Group" action="confirmed" date="1997-03-20"/>
  </code>
</codes>
<dc element="dc.date.created" value="1997-03-20"/>
<dc element="dc.publisher" value="Reuters Holdings Plc"/>
<dc element="dc.date.published" value="1997-03-20"/>
<dc element="dc.source" value="Reuters"/>
<dc element="dc.creator.location" value="LAUSANNE, Switzerland"/>
<dc element="dc.creator.location.country.name" value="SWITZERLAND"/>
<dc element="dc.source" value="Reuters"/>
</metadata>
</newsitem>
