<?xml version="1.0" encoding="iso-8859-1" ?>
<newsitem itemid="455490" id="root" date="1997-03-20" xml:lang="en">
<title>LITHUANIA: SHARES EASE IN DULL TRADE.</title>
<headline>SHARES EASE IN DULL TRADE.</headline>
<dateline>VILNIUS 1997-03-20</dateline>
<text>
<p>Lithuanian shares eased in dull trade on Thursday and dealers said they did not anticipate the market to really pick up for at least a few weeks.</p>
<p>&quot;Things are slow now, but the market should become more active soon...The Estonian market seems to have hit its peak, and there are signals that investors from there will soon switch to Lithuania,&quot; one dealer told Reuters.</p>
<p>&quot;Lithuania is a larger market and has more investment opportunities,&quot; he added.</p>
<p>Dealers also say that investors are biding their time pending the outcomes of a spate of shareholders' meetings.</p>
<p>The Litin A index fell by 13.50 points to 2,573.91 in central market trade of only 906,000 litas.</p>
<p>Blue chip losers included Birzai Dairy, which fell to 10.10 litas from 10.50 litas in trade of 10,100 litas.</p>
<p>The company said earlier today that it expected a 1997 profit of 12 to 14 million litas versus 1.9 million litas in 1996.</p>
<p>Its profit for the first two months of this year was 700,000 litas, double the figure for the same period last year.</p>
<p>Lithuania Gas slipped to 2.36 litas from 2.37 litas in trade of over 350,000 litas.</p>
<p>Dealers say that Lithuania Gas looks set to make some gains as investors consider getting a piece of it now before the state sells its majority stake.</p>
<p>Mazeikiu Nafta oil refinery slid over 14 percent to 11.11 litas in trade of 31,719 litas.</p>
<p>Medienos Plaushas also eased, inching down by .07 percent to 13.50 litas.</p>
<p>Electronics components producer Vilniaus Vingis' price rose to 5.90 litas from 5.50 litas in trade worth almost 26,000 litas.</p>
<p>Dealers were bullish about its prospects, saying the company's future looked good as it sought international partners and markets.</p>
<p>Vilniaus Bank continued to ease despite Monday's release of its 1996 results, which showed a huge leap in its net profit to 24.4 million litas from 2.9 million litas the previous year.</p>
<p>Its ordinary shares fell to 225.00 litas from 234.00 litas in trade of 4,500 litas while its preferential shares dropped to 1,550 litas from 1,600 litas in turnover of over 10,000 litas.</p>
<p>Block trades reached only 29,015 litas.</p>
<p>--Ed Stoddard, Vilnius newsroom +370 2 22 35 17</p>
</text>
<copyright>(c) Reuters Limited 1997</copyright>
<metadata>
<codes class="bip:countries:1.0">
  <code code="LITH">
    <editdetail attribution="Reuters BIP Coding Group" action="confirmed" date="1997-03-20"/>
  </code>
</codes>
<codes class="bip:topics:1.0">
  <code code="M11">
    <editdetail attribution="Reuters BIP Coding Group" action="confirmed" date="1997-03-20"/>
  </code>
  <code code="MCAT">
    <editdetail attribution="Reuters BIP Coding Group" action="confirmed" date="1997-03-20"/>
  </code>
</codes>
<dc element="dc.date.created" value="1997-03-20"/>
<dc element="dc.publisher" value="Reuters Holdings Plc"/>
<dc element="dc.date.published" value="1997-03-20"/>
<dc element="dc.source" value="Reuters"/>
<dc element="dc.creator.location" value="VILNIUS"/>
<dc element="dc.creator.location.country.name" value="LITHUANIA"/>
<dc element="dc.source" value="Reuters"/>
</metadata>
</newsitem>
