<?xml version="1.0" encoding="iso-8859-1" ?>
<newsitem itemid="455469" id="root" date="1997-03-20" xml:lang="en">
<title>RUSSIA: PRESS DIGEST - RUSSIA - MARCH 20.</title>
<headline>PRESS DIGEST - RUSSIA - MARCH 20.</headline>
<text>
<p>IZVESTIA</p>
<p>- The Clinton-Yeltsin summit in Helsinki will demonstrate that Russia's status has weakened significantly, Russian and American journalists say.</p>
<p>- Russia's first deputy prime minister Anatoly Chubais will try to cut a deal with miners in Kemerovo to blunt a national day of action set for March, 27.</p>
<p>SEVODNYA</p>
<p>- Instead of going to Helsinki with President Yeltsin, Anatoly Chubais is flying to Kemerovo in an attempt to defuse tensions there.</p>
<p>- The newly appointed first deputy prime minister Boris Nemtsov will have to resist powerful industrial and regional lobbys in the government.</p>
<p>NEZAVISIMAYA GAZETA</p>
<p>- Despite serious disagreements between Russa and U.S., Helsinki may once again become a symbol of cooperation in Europe.</p>
<p>ROSSIISKIYE VESTI</p>
<p>- On the eve of Russia's nationwide strike the authorities are receiving alarming signals from different regions.</p>
<p>SOVIETSKAYA ROSSIA</p>
<p>- We should be resolute and brave on March 27, says the headline of the pro-communist paper which actively supports the day of action.</p>
<p>MOSKOVSKY KOMSOMOLETS</p>
<p>- President Clinton has injured his knee on the eve of the summit but it is Russia that is on its knees now.</p>
<p>--Svetlana Kovaleva, Moscow Newsroom, +7095 941 8520</p>
</text>
<copyright>(c) Reuters Limited 1997</copyright>
<metadata>
<codes class="bip:countries:1.0">
  <code code="RUSS">
    <editdetail attribution="Reuters BIP Coding Group" action="confirmed" date="1997-03-20"/>
  </code>
</codes>
<codes class="bip:topics:1.0">
  <code code="GCAT">
    <editdetail attribution="Reuters BIP Coding Group" action="confirmed" date="1997-03-20"/>
  </code>
</codes>
<dc element="dc.publisher" value="Reuters Holdings Plc"/>
<dc element="dc.date.published" value="1997-03-20"/>
<dc element="dc.source" value="Reuters"/>
<dc element="dc.creator.location.country.name" value="RUSSIA"/>
<dc element="dc.source" value="Reuters"/>
</metadata>
</newsitem>
