<?xml version="1.0" encoding="iso-8859-1" ?>
<newsitem itemid="455482" id="root" date="1997-03-20" xml:lang="en">
<title>BULGARIA: BULGARIA BULBANK POSTS 12.4 BLN LEV '96 NET PROFIT.</title>
<headline>BULGARIA BULBANK POSTS 12.4 BLN LEV '96 NET PROFIT.</headline>
<dateline>SOFIA 1997-03-20</dateline>
<text>
<p>Bulgaria's Bulbank (Bulgarian Foreign Trade Bank) posted 12.4 billion lev net profit for 1996, up from 788 million levs for 1995, the bank's chief excutive director said on Thursday.</p>
<p>&quot;The bank had 12.4 billion lev net profit last year. We would use 10.083 billion levs of the net to raise the bank's capital,&quot; Chavdar Kanchev told a news conference.</p>
<p>The annual shareholders' meeting due on April 17 is expected to approve a capital rise to 15.124 billion levs from 5.041 billion levs through a new share issue to be backed by the 1996 net.</p>
<p>Only current shareholders would be entitled to two shares from the new issue for each share they hold now.</p>
<p>The Bank Consolidation Company (BCC), which manages state equity in local commercial banks, holds 98.03 percent of Bulbank.</p>
<p>Instead of distributing dividend for last year Bulbank will pay 15 percent profit tax or 1.5 billion levs from the net for its shareholders after they acquire shares from the new issue, Kanchev said.</p>
<p>The remaining 793 million levs of the net would be transferred to the bank's reserves.</p>
<p>Bulbank's pre-tax profit for last year amounted to 185.7 billion levs, from which the bank set aside provisions against risk assets of 163.9 billion levs and paid 9.6 billion levs in taxes.</p>
<p>The bank plans to change name to Bulbank Ltd. from Bulbank (Bulgarian Foreign Trade Bank) Ltd. at the shareholders' meeting.</p>
<p>&quot;This is to indicate to the international financial community that the period of narrow-field performance is over and now the bank is operating as an universal bank,&quot; Kanchev said.</p>
<p>Bulbank is considered the biggest Bulgarian commercial bank with assets totalling 1.35 trillion levs ($2.769 billion) at the end of 1996. -- Roumiana Tikholova, Sofia Newsroom, (++359-2) 981 8569</p>
</text>
<copyright>(c) Reuters Limited 1997</copyright>
<metadata>
<codes class="bip:countries:1.0">
  <code code="BUL">
    <editdetail attribution="Reuters BIP Coding Group" action="confirmed" date="1997-03-20"/>
  </code>
</codes>
<codes class="bip:industries:1.0">
  <code code="I81402">
    <editdetail attribution="Reuters BIP Coding Group" action="confirmed" date="1997-03-20"/>
  </code>
</codes>
<codes class="bip:topics:1.0">
  <code code="C15">
    <editdetail attribution="Reuters BIP Coding Group" action="confirmed" date="1997-03-20"/>
  </code>
  <code code="C151">
    <editdetail attribution="Reuters BIP Coding Group" action="confirmed" date="1997-03-20"/>
  </code>
  <code code="C1511">
    <editdetail attribution="Reuters BIP Coding Group" action="confirmed" date="1997-03-20"/>
  </code>
  <code code="CCAT">
    <editdetail attribution="Reuters BIP Coding Group" action="confirmed" date="1997-03-20"/>
  </code>
</codes>
<dc element="dc.date.created" value="1997-03-20"/>
<dc element="dc.publisher" value="Reuters Holdings Plc"/>
<dc element="dc.date.published" value="1997-03-20"/>
<dc element="dc.source" value="Reuters"/>
<dc element="dc.creator.location" value="SOFIA"/>
<dc element="dc.creator.location.country.name" value="BULGARIA"/>
<dc element="dc.source" value="Reuters"/>
</metadata>
</newsitem>
