<?xml version="1.0" encoding="iso-8859-1" ?>
<newsitem itemid="455450" id="root" date="1997-03-20" xml:lang="en">
<title>GERMANY: SOCCER SHOWCASE-EFFENBERG HITS SEMANTICS AS WELL AS PASSES.</title>
<headline>SOCCER SHOWCASE-EFFENBERG HITS SEMANTICS AS WELL AS PASSES.</headline>
<byline>Adrian Warner</byline>
<dateline>BONN 1997-03-20</dateline>
<text>
<p>It is rare for a soccer player to have so much influence on the life of a country that he brings about a change in its language.</p>
<p>But Borussia Moenchengladbach's Stefan Effenberg is an unusual breed of footballer.</p>
<p>The 28-year-old blonde-haired midfielder has the sweet looks of a choirboy but his career has been full of sour notes.</p>
<p>When he was sent home from the 1994 World Cup finals in the United States for sticking up his middle finger at mocking German fans during a match, he not only brought a premature end to his international career but also influenced semantics.</p>
<p>The obscene gesture was front page news across a country. Now Germans talk about &quot;someone showing an Effenberg or 'Effe'&quot; when they are faced with the gesture. Tennis star Boris Becker used the expression in public recently.</p>
<p>It is a piece of language which helps life because it brings in a touch of humour to what can be an aggressive experience.</p>
<p>People need to have a sense of humour when they are dealing with Effenberg.</p>
<p>The tall midfielder has a determined side to his character which is very useful on a football pitch. His ability to land a pass on a deutschmark piece from 30 metres helps him control the play at Moenchengladbach.</p>
<p>There is no doubt that Borussia Dortmund will be looking to cancel out his influence when the two teams meet in the Bundesliga on Saturday.</p>
<p>But Effenberg has ruffled the feathers of team mates and coaches over the years with his outspoken comments. Despite some superb performances for Germany, he was regarded as a bad influence in the national team.</p>
<p>When he first played for Moenchengladbach between 1987 and 1990, he took out the coach's jeep for a joy ride and crashed it. After his move to Bayern Munich in 1990 he annoyed his team mates with arrogant comments.</p>
<p>&quot;A player who wants to have my position can't be my friend,&quot; he once said. &quot;He is after my money and I have to defend myself.&quot;</p>
<p>Another classic from his Bayern days: &quot;The other clubs are too stupid to win the championship.&quot;</p>
<p>For a long time he was a target for abuse on the terraces. He was whistled and booed at in virtually every ground in the country during his last season at Bayern in 1991-92 and afterwards left for Italy to play for Fiorentina.</p>
<p>Effenberg has mellowed at little since his return to Germany and Borussia in 1994 but he is rarely out of the news. Nevertheless he is loved by the Moenchengladbach fans.</p>
<p>Saturday's game will witness an interesting clash in midfield between the controversial player and Dortmund's talented international Andy Moeller.</p>
<p>Ironically Moeller also enjoyed a very difficult time at the 1994 World Cup but has since recovered to play a major role in the national side.</p>
</text>
<copyright>(c) Reuters Limited 1997</copyright>
<metadata>
<codes class="bip:countries:1.0">
  <code code="GFR">
    <editdetail attribution="Reuters BIP Coding Group" action="confirmed" date="1997-03-20"/>
  </code>
</codes>
<codes class="bip:topics:1.0">
  <code code="GCAT">
    <editdetail attribution="Reuters BIP Coding Group" action="confirmed" date="1997-03-20"/>
  </code>
  <code code="GSPO">
    <editdetail attribution="Reuters BIP Coding Group" action="confirmed" date="1997-03-20"/>
  </code>
</codes>
<dc element="dc.date.created" value="1997-03-20"/>
<dc element="dc.publisher" value="Reuters Holdings Plc"/>
<dc element="dc.date.published" value="1997-03-20"/>
<dc element="dc.source" value="Reuters"/>
<dc element="dc.creator.location" value="BONN"/>
<dc element="dc.creator.location.country.name" value="GERMANY"/>
<dc element="dc.source" value="Reuters"/>
</metadata>
</newsitem>
