<?xml version="1.0" encoding="iso-8859-1" ?>
<newsitem itemid="455567" id="root" date="1997-03-20" xml:lang="en">
<title>UK: Firmer business prevails on sugar freight market.</title>
<headline>Firmer business prevails on sugar freight market.</headline>
<dateline>LONDON 1997-03-20</dateline>
<text>
<p>Fixtures continued to emerge on London's sugar freight market on Thursday but new inquiry appeared to be slackening towards the end of the week, shipbrokers said.</p>
<p>E D &amp; F Man quoted for 19/20,000 tonnes of bulk sugar from Puerto Quetzal to Casablanca plus Black Sea options for mid-April.</p>
<p>Cargill was said to have fixed its bulk order for 11/12,000 tonnes from Rio Haina to US Gulf/Atlantic for early April and also a further 14,000 tonnes from Buenaventura to the same destinations for March/April.</p>
<p>Rates reported for the latter fixture were $18 for the Gulf, $19 for Savannah and $20 for Baltimore/New York, shipbrokers said.</p>
<p>The 26,715 dwt &quot;Cherry Flower&quot;, fixed on timecharter from Queensland to Korea for an early April trip, was said to be booked to carry sugar at a daily rate of $5,800 with $80,000 bonus to Pan Ocean.</p>
<p>Shipbrokers reported a rate of $31.50 achieved on a recent order for 25,000 tonnes of bulk sugar from Maceio to Black Sea for end-March, some $3 higher than the last rate for a similar inquiry. The charterer was unnamed.</p>
<p>In other news, Syria tendered to buy 13,000 tonnes of white sugar and 13,000 tonnes of raws to be shipped between April 15 and May 15.</p>
<p>March 26 was set as the final date to receive offers.</p>
<p>-- Jeremy Smith, London Newsroom +44 171 542 8064</p>
</text>
<copyright>(c) Reuters Limited 1997</copyright>
<metadata>
<codes class="bip:countries:1.0">
  <code code="UK">
    <editdetail attribution="Reuters BIP Coding Group" action="confirmed" date="1997-03-20"/>
  </code>
</codes>
<codes class="bip:topics:1.0">
  <code code="M14">
    <editdetail attribution="Reuters BIP Coding Group" action="confirmed" date="1997-03-20"/>
  </code>
  <code code="M141">
    <editdetail attribution="Reuters BIP Coding Group" action="confirmed" date="1997-03-20"/>
  </code>
  <code code="MCAT">
    <editdetail attribution="Reuters BIP Coding Group" action="confirmed" date="1997-03-20"/>
  </code>
</codes>
<dc element="dc.date.created" value="1997-03-20"/>
<dc element="dc.publisher" value="Reuters Holdings Plc"/>
<dc element="dc.date.published" value="1997-03-20"/>
<dc element="dc.source" value="Reuters"/>
<dc element="dc.creator.location" value="LONDON"/>
<dc element="dc.creator.location.country.name" value="UK"/>
<dc element="dc.source" value="Reuters"/>
</metadata>
</newsitem>
