<?xml version="1.0" encoding="iso-8859-1" ?>
<newsitem itemid="455501" id="root" date="1997-03-20" xml:lang="en">
<title>BULGARIA: BULGARIA FEB PRODUCER PRICES UP 129.4 PCT MTH/MTH.</title>
<headline>BULGARIA FEB PRODUCER PRICES UP 129.4 PCT MTH/MTH.</headline>
<dateline>SOFIA 1997-03-20</dateline>
<text>
<p>Bulgaria's producer price inflation in February was 129.4 percent month on month and 1,500.9 percent year on year, National Statistics Institute (NSI) figures show.</p>
<p> BULGARIAN PRODUCER PRICES    FEB	 JAN	   FEB'96</p>
<p> monthly pct change	  +129.4     +42.0	    +2.3</p>
<p> yr/yr pct change	  +1,500.9    +572.4	   +32.0</p>
<p>&quot;The sharp lev fall in February boosted prices of imported</p>
<p>raw materials and fuels on which Bulgaria's economy is strongly</p>
<p>dependent,&quot; an NSI official told Reuters.</p>
<p>The lev hit a record low of 3,200 per dollar in the first</p>
<p>week of February before rebounding to around 2,000 at the end</p>
<p>of the month. It traded near 600 at the beginning of the year.</p>
<p>-- Sofia Newsroom, 359-2-84561</p>
</text>
<copyright>(c) Reuters Limited 1997</copyright>
<metadata>
<codes class="bip:countries:1.0">
  <code code="BUL">
    <editdetail attribution="Reuters BIP Coding Group" action="confirmed" date="1997-03-20"/>
  </code>
</codes>
<codes class="bip:topics:1.0">
  <code code="E13">
    <editdetail attribution="Reuters BIP Coding Group" action="confirmed" date="1997-03-20"/>
  </code>
  <code code="E132">
    <editdetail attribution="Reuters BIP Coding Group" action="confirmed" date="1997-03-20"/>
  </code>
  <code code="ECAT">
    <editdetail attribution="Reuters BIP Coding Group" action="confirmed" date="1997-03-20"/>
  </code>
</codes>
<dc element="dc.date.created" value="1997-03-20"/>
<dc element="dc.publisher" value="Reuters Holdings Plc"/>
<dc element="dc.date.published" value="1997-03-20"/>
<dc element="dc.source" value="Reuters"/>
<dc element="dc.creator.location" value="SOFIA"/>
<dc element="dc.creator.location.country.name" value="BULGARIA"/>
<dc element="dc.source" value="Reuters"/>
</metadata>
</newsitem>
