<?xml version="1.0" encoding="iso-8859-1" ?>
<newsitem itemid="455571" id="root" date="1997-03-20" xml:lang="en">
<title>UK: SocGen Romania fund heavily oversubscribed.</title>
<headline>SocGen Romania fund heavily oversubscribed.</headline>
<dateline>LONDON 1997-03-20</dateline>
<text>
<p>Societe Generale's Emerging Europe Asset Management (SGEEAM) said on Thursday its new Romanian equity fund had been heavily oversubscribed, and it would raise the issue size to $50 million from $30 million by exercising a greenshoe option.</p>
<p>The book closed on the new fund on Wednesday with subscriptions totalling about $150 million, SGEEAM managing director Richard Harding told Reuters.</p>
<p>Harding said subscriptions had come from a broad range of financial institutions and banks from the UK, continental Europe and the U.S.</p>
<p>The fund, which will invest in listed and unlisted securities, will be a closed-end investment company incorporated in Guernsey. It had an initial issue size of $30 million, with a $50 million maximum.</p>
<p>&quot;As central Europe's second largest market, Romania is attracting a great deal of international attention from investors,&quot; it said in a statement.</p>
<p>It said the new government had committed itself to a comprehensive package of social and economic reforms.</p>
<p>&quot;The change in political will and the potential growth have convinced SGEEAM to establish this new fund to provide investors with the opportunity to participate in dynamic companies at an early stage of development,&quot; SocGen said.</p>
<p>A local asset management office has been set up.</p>
<p>-- Andrew Gill, London newsroom +172 542 5887</p>
</text>
<copyright>(c) Reuters Limited 1997</copyright>
<metadata>
<codes class="bip:countries:1.0">
  <code code="ROM">
    <editdetail attribution="Reuters BIP Coding Group" action="confirmed" date="1997-03-20"/>
  </code>
  <code code="UK">
    <editdetail attribution="Reuters BIP Coding Group" action="confirmed" date="1997-03-20"/>
  </code>
</codes>
<codes class="bip:industries:1.0">
  <code code="I81402">
    <editdetail attribution="Reuters BIP Coding Group" action="confirmed" date="1997-03-20"/>
  </code>
  <code code="I81502">
    <editdetail attribution="Reuters BIP Coding Group" action="confirmed" date="1997-03-20"/>
  </code>
  <code code="I8150211">
    <editdetail attribution="Reuters BIP Coding Group" action="confirmed" date="1997-03-20"/>
  </code>
</codes>
<codes class="bip:topics:1.0">
  <code code="C11">
    <editdetail attribution="Reuters BIP Coding Group" action="confirmed" date="1997-03-20"/>
  </code>
  <code code="C17">
    <editdetail attribution="Reuters BIP Coding Group" action="confirmed" date="1997-03-20"/>
  </code>
  <code code="C171">
    <editdetail attribution="Reuters BIP Coding Group" action="confirmed" date="1997-03-20"/>
  </code>
  <code code="C22">
    <editdetail attribution="Reuters BIP Coding Group" action="confirmed" date="1997-03-20"/>
  </code>
  <code code="CCAT">
    <editdetail attribution="Reuters BIP Coding Group" action="confirmed" date="1997-03-20"/>
  </code>
</codes>
<dc element="dc.date.created" value="1997-03-20"/>
<dc element="dc.publisher" value="Reuters Holdings Plc"/>
<dc element="dc.date.published" value="1997-03-20"/>
<dc element="dc.source" value="Reuters"/>
<dc element="dc.creator.location" value="LONDON"/>
<dc element="dc.creator.location.country.name" value="UK"/>
<dc element="dc.source" value="Reuters"/>
</metadata>
</newsitem>
