<?xml version="1.0" encoding="iso-8859-1" ?>
<newsitem itemid="455592" id="root" date="1997-03-20" xml:lang="en">
<title>UK: LIFFE cocoa futures end firm, crosses boost volume.</title>
<headline>LIFFE cocoa futures end firm, crosses boost volume.</headline>
<dateline>LONDON 1997-03-20</dateline>
<text>
<p>LIFFE cocoa ended firmer across the board on Thursday, with help from New York's gap higher at the open.</p>
<p>Benchmark May cocoa ended up 17 stg at 1,032 stg per tonne, one tick off its session high. Thursday's high of 1,033 stg matched Wednesday's high and could be seen as a double top on daily charts.</p>
<p>New York's gains encouraged some short-covering and new longs into the market after two days of sharp losses there.</p>
<p>However, London traders were not yet convinced cocoa would resume its upward path. They said outright activity was still thin and volatile, marked by local trade, which can exaggerate price movements in either direction.</p>
<p>Crosses dominated London's activity, grabbing the bulk of Thursday's volume of 9,698 contracts. Mees Pierson's 2,050 distant May/December cross in the morning between 41 and 43 stg was seen as the day's highlight.</p>
<p>The market was expected to consolidate nervously at higher levels, with first resistance at 1,035 and then, around 1,048-50, traders and analysts said. Support was pegged at 989 and 982, the bottom of a gap.</p>
<p>Traders expect the market to consolidate further while charts are correcting from oversold levels.</p>
<p>But forecasts for dry weather in Ghana and the Ivory Coast over the next few days were seen limiting any losses.</p>
<p>Light rains in southern Ivory Coast's cocoa belt eased off in the last weeks after breaking a drought that had threatened to reduce the midcrop, crop analysts in Abidjan said.</p>
<p>-- Medora Lee, London Newsroom +44-171-542 8072</p>
</text>
<copyright>(c) Reuters Limited 1997</copyright>
<metadata>
<codes class="bip:countries:1.0">
  <code code="UK">
    <editdetail attribution="Reuters BIP Coding Group" action="confirmed" date="1997-03-20"/>
  </code>
</codes>
<codes class="bip:topics:1.0">
  <code code="M14">
    <editdetail attribution="Reuters BIP Coding Group" action="confirmed" date="1997-03-20"/>
  </code>
  <code code="M141">
    <editdetail attribution="Reuters BIP Coding Group" action="confirmed" date="1997-03-20"/>
  </code>
  <code code="MCAT">
    <editdetail attribution="Reuters BIP Coding Group" action="confirmed" date="1997-03-20"/>
  </code>
</codes>
<dc element="dc.date.created" value="1997-03-20"/>
<dc element="dc.publisher" value="Reuters Holdings Plc"/>
<dc element="dc.date.published" value="1997-03-20"/>
<dc element="dc.source" value="Reuters"/>
<dc element="dc.creator.location" value="LONDON"/>
<dc element="dc.creator.location.country.name" value="UK"/>
<dc element="dc.source" value="Reuters"/>
</metadata>
</newsitem>
