<?xml version="1.0" encoding="iso-8859-1" ?>
<newsitem itemid="455569" id="root" date="1997-03-20" xml:lang="en">
<title>UK: LIFFE white sugar pushes higher as NY stops hit.</title>
<headline>LIFFE white sugar pushes higher as NY stops hit.</headline>
<dateline>LONDON 1997-03-20</dateline>
<text>
<p>White sugar futures finally made an effort to push higher on Thursday afternoon after New York's May raws contract briefly broke through the 11.00 cents/lb mark, traders said.</p>
<p>&quot;London has just followed suit -- it's seen a bit of movement but it's still stuck in a range,&quot; said one.</p>
<p>Trade buying in London, coupled with commission house crosses, provided the impetus for the rise on the whites but profit-takers then moved in to cap the gains.</p>
<p>At 1730 GMT May was $2.40 higher at $307.90 and August up $2.10 at $306.70. Volume totalled 833 lots, nearly all in the front two positions.</p>
<p>Arbitrage trading was reported to be light as most sellers were though to be waiting above the market, at $69 and $70 basis May.</p>
<p>May dominated the Paris market, accounting for 229 of the total 254 lots traded. The position stood $1.00 higher at $306.50 and August was unchanged at $304.50.</p>
<p>-- Jeremy Smith, London Newsroom +44 171 542 8064</p>
</text>
<copyright>(c) Reuters Limited 1997</copyright>
<metadata>
<codes class="bip:countries:1.0">
  <code code="UK">
    <editdetail attribution="Reuters BIP Coding Group" action="confirmed" date="1997-03-20"/>
  </code>
</codes>
<codes class="bip:topics:1.0">
  <code code="M14">
    <editdetail attribution="Reuters BIP Coding Group" action="confirmed" date="1997-03-20"/>
  </code>
  <code code="M143">
    <editdetail attribution="Reuters BIP Coding Group" action="confirmed" date="1997-03-20"/>
  </code>
  <code code="MCAT">
    <editdetail attribution="Reuters BIP Coding Group" action="confirmed" date="1997-03-20"/>
  </code>
</codes>
<dc element="dc.date.created" value="1997-03-20"/>
<dc element="dc.publisher" value="Reuters Holdings Plc"/>
<dc element="dc.date.published" value="1997-03-20"/>
<dc element="dc.source" value="Reuters"/>
<dc element="dc.creator.location" value="LONDON"/>
<dc element="dc.creator.location.country.name" value="UK"/>
<dc element="dc.source" value="Reuters"/>
</metadata>
</newsitem>
