<?xml version="1.0" encoding="iso-8859-1" ?>
<newsitem itemid="455584" id="root" date="1997-03-20" xml:lang="en">
<title>UK: SocGen launches $30mln Romania equity fund.</title>
<headline>SocGen launches $30mln Romania equity fund.</headline>
<dateline>LONDON 1997-03-20</dateline>
<text>
<p>Societe Generale's Emerging Europe Asset Management (SGEEAM) said on Thursday it had set up a $30 million Romanian fund investing in a balanced portfolio of Romanian-based equities.</p>
<p>The Societe Generale Romania Fund, with an issue size of $30 million, had a $50 million maximum and $100,000 minimum investment. The closing subscription date is March 20.</p>
<p>&quot;As central Europe's second largest market, Romania is attracting a great deal of international attention from investors,&quot; it said in a statement.</p>
<p>The fund, which will invest in listed and unlisted securities, will be a closed-end investment company incorporated in Guernsey.</p>
<p>It said the new government had committed itself to a comprehensive package of social and economic reforms.</p>
<p>&quot;The change in political will and the potential growth have convinced SGEEAM to establish this new fund to provide investors with the opportunity to participate in dynamic companies at an early stage of development,&quot; SocGen said.</p>
<p>A local asset management office has been set up.</p>
<p>-- Andrew Gill, London newsroom +172 542 5887</p>
</text>
<copyright>(c) Reuters Limited 1997</copyright>
<metadata>
<codes class="bip:countries:1.0">
  <code code="ROM">
    <editdetail attribution="Reuters BIP Coding Group" action="confirmed" date="1997-03-20"/>
  </code>
  <code code="UK">
    <editdetail attribution="Reuters BIP Coding Group" action="confirmed" date="1997-03-20"/>
  </code>
</codes>
<codes class="bip:industries:1.0">
  <code code="I81402">
    <editdetail attribution="Reuters BIP Coding Group" action="confirmed" date="1997-03-20"/>
  </code>
  <code code="I81502">
    <editdetail attribution="Reuters BIP Coding Group" action="confirmed" date="1997-03-20"/>
  </code>
  <code code="I8150211">
    <editdetail attribution="Reuters BIP Coding Group" action="confirmed" date="1997-03-20"/>
  </code>
</codes>
<codes class="bip:topics:1.0">
  <code code="C11">
    <editdetail attribution="Reuters BIP Coding Group" action="confirmed" date="1997-03-20"/>
  </code>
  <code code="C22">
    <editdetail attribution="Reuters BIP Coding Group" action="confirmed" date="1997-03-20"/>
  </code>
  <code code="CCAT">
    <editdetail attribution="Reuters BIP Coding Group" action="confirmed" date="1997-03-20"/>
  </code>
</codes>
<dc element="dc.date.created" value="1997-03-20"/>
<dc element="dc.publisher" value="Reuters Holdings Plc"/>
<dc element="dc.date.published" value="1997-03-20"/>
<dc element="dc.source" value="Reuters"/>
<dc element="dc.creator.location" value="LONDON"/>
<dc element="dc.creator.location.country.name" value="UK"/>
<dc element="dc.source" value="Reuters"/>
</metadata>
</newsitem>
