<?xml version="1.0" encoding="iso-8859-1" ?>
<newsitem itemid="455560" id="root" date="1997-03-20" xml:lang="en">
<title>UK: NWE oil products end mixed, fuel and gasoline up.</title>
<headline>NWE oil products end mixed, fuel and gasoline up.</headline>
<dateline>LONDON 1997-03-20</dateline>
<text>
<p>NWE oil products ended mixed on Thursday.</p>
<p>Gas oil was hit by easier premiums and weaker futures. Only Russian cargo premiums held steady in thin trade.</p>
<p>Fuel oil firmed gently as crude held up but the markets were more notional than real. High sulphur barges gained $2 to $92 fob ARA before slipping back to $90-$91. Low sulphur cargo prices were held stable by weakness in the straight-run market.</p>
<p>Gasoline was encouraged by higher on gains in crude futures and amid good business. April swaps last traded at $216.50 fob ARA. -- London Newsroom, +44 171 542 7714. (c) Reuters Limited 1997</p>
</text>
<copyright>(c) Reuters Limited 1997</copyright>
<metadata>
<codes class="bip:countries:1.0">
  <code code="UK">
    <editdetail attribution="Reuters BIP Coding Group" action="confirmed" date="1997-03-20"/>
  </code>
</codes>
<codes class="bip:topics:1.0">
  <code code="M14">
    <editdetail attribution="Reuters BIP Coding Group" action="confirmed" date="1997-03-20"/>
  </code>
  <code code="M143">
    <editdetail attribution="Reuters BIP Coding Group" action="confirmed" date="1997-03-20"/>
  </code>
  <code code="MCAT">
    <editdetail attribution="Reuters BIP Coding Group" action="confirmed" date="1997-03-20"/>
  </code>
</codes>
<dc element="dc.date.created" value="1997-03-20"/>
<dc element="dc.publisher" value="Reuters Holdings Plc"/>
<dc element="dc.date.published" value="1997-03-20"/>
<dc element="dc.source" value="Reuters"/>
<dc element="dc.creator.location" value="LONDON"/>
<dc element="dc.creator.location.country.name" value="UK"/>
<dc element="dc.source" value="Reuters"/>
</metadata>
</newsitem>
