<?xml version="1.0" encoding="iso-8859-1" ?>
<newsitem itemid="455566" id="root" date="1997-03-20" xml:lang="en">
<title>UK: NWE gasoline ends higher on crude futures gains.</title>
<headline>NWE gasoline ends higher on crude futures gains.</headline>
<dateline>LONDON 1997-03-20</dateline>
<text>
<p>NWE gasoline ended firmer on moderate gains in crude futures in late trade and amid fairly healthy business, traders said.</p>
<p>Eurograde summer specification barges traded at $216 fob ARA in early trade and there was talk of offers around the $216.50-$217 level, deals at these levels, however, failed to materialise.</p>
<p>In the afternoon, deals were heard at $214 for a barge which could be delivered as either summer or winter specification material, and at $213 and $212.50 fob ARA for wintergrade.</p>
<p>On the swaps front, April swaps traded at $216.50 having wavered around the $215 level for most the day, and were talked around $216.25/$216.75 fob ARA as crude futures picked up.</p>
<p>There were signs that refineries in the region were feeling more optimistic about profit margins.</p>
<p>Texaco Netherlands returned to full capacity in the afternoon at the 400,000 barrel per day Nerefco refinery it shares with British Petroleum. It cut margins by 12.5 percent on March 6 due to poor margins.</p>
<p>Esso Slagen also confirmed it restored runs late last week at its 100,000 bpd refinery in Norway, having cut runs by 15 percent on March 10.</p>
<p>A number of other NWE refineries were also considering the possibility of returning to normal capacity.</p>
<p>Many local players were examining the possibility of sending cargoes trans-Atlantic, especially with the front-end of the NYMEX gasoline futures seemingly pulling the rest of the complex higher.</p>
<p>April NYMEX gasoline was trading 0.49 cent higher at 68.45 cents a gallon, while the May contract was up 0.36 cent at 68.00 cents.</p>
<p>-- Melanie Goodfellow, London Newsroom, +44 171 542 7714.</p>
</text>
<copyright>(c) Reuters Limited 1997</copyright>
<metadata>
<codes class="bip:countries:1.0">
  <code code="UK">
    <editdetail attribution="Reuters BIP Coding Group" action="confirmed" date="1997-03-20"/>
  </code>
</codes>
<codes class="bip:topics:1.0">
  <code code="M14">
    <editdetail attribution="Reuters BIP Coding Group" action="confirmed" date="1997-03-20"/>
  </code>
  <code code="M143">
    <editdetail attribution="Reuters BIP Coding Group" action="confirmed" date="1997-03-20"/>
  </code>
  <code code="MCAT">
    <editdetail attribution="Reuters BIP Coding Group" action="confirmed" date="1997-03-20"/>
  </code>
</codes>
<dc element="dc.date.created" value="1997-03-20"/>
<dc element="dc.publisher" value="Reuters Holdings Plc"/>
<dc element="dc.date.published" value="1997-03-20"/>
<dc element="dc.source" value="Reuters"/>
<dc element="dc.creator.location" value="LONDON"/>
<dc element="dc.creator.location.country.name" value="UK"/>
<dc element="dc.source" value="Reuters"/>
</metadata>
</newsitem>
