<?xml version="1.0" encoding="iso-8859-1" ?>
<newsitem itemid="455586" id="root" date="1997-03-20" xml:lang="en">
<title>UK: Ivory&amp;Sime loses contract after departures.</title>
<headline>Ivory&amp;Sime loses contract after departures.</headline>
<dateline>LONDON 1997-03-20</dateline>
<text>
<p>Fund management firm Ivory &amp; Sime Plc said on Thursday it would lose about 460 million stg in funds under management following a decision by BAA Plc's Pension Scheme to terminate its contract.</p>
<p>A source close to the pension scheme told Reuters the decision to terminate was linked to a spate of resignations at I&amp;S earlier in the year.</p>
<p>He said I&amp;S was a comparatively small house, and was managing a significant portion of the BAA scheme's assets of some 1.3 billion stg.</p>
<p>&quot;That and the reports about staff changes were taken into account in making the decision,&quot; the source said, adding that its funds at I&amp;S had been managed by some of the managers that had since left.</p>
<p>The management contract was being moved to Mercury Asset Management. Fidelity and Natwest are the scheme's other fund managers.</p>
<p>I&amp;S said in a statement funds under management including the BAA funds totalled 3.8 billion pounds.</p>
<p>During the year to April 30, 1996, the gross revenues arising from the management of the BAA Scheme equated to 5.5 percent of total gross revenues of 17.3 million sterling.</p>
<p>&quot;It is very disappointing to lose a client of this  stature, particularly when Ivory &amp; Sime has delivered outstanding investment performance over both the short and the longer term,&quot; I&amp;S chairman David Kinloch said in a statement.</p>
<p>BAA Pension Scheme group pensions manager Eric Hunt said I&amp;S had delivered a 21.8 percent return for the scheme last year through a UK equity portfolio.</p>
<p>Several senior fund managers resigned from Ivory &amp; Sime in recent months, followed by managing director Colin Hook who resigned at the start of February.</p>
<p>The company has since announced a number of new appointments to fill the gaps caused by the resignations.</p>
<p>-- Andrew Gill, London newsroom +171 542 5887.</p>
</text>
<copyright>(c) Reuters Limited 1997</copyright>
<metadata>
<codes class="bip:countries:1.0">
  <code code="UK">
    <editdetail attribution="Reuters BIP Coding Group" action="confirmed" date="1997-03-20"/>
  </code>
</codes>
<codes class="bip:industries:1.0">
  <code code="I76400">
    <editdetail attribution="Reuters BIP Coding Group" action="confirmed" date="1997-03-20"/>
  </code>
  <code code="I83100">
    <editdetail attribution="Reuters BIP Coding Group" action="confirmed" date="1997-03-20"/>
  </code>
</codes>
<codes class="bip:topics:1.0">
  <code code="C15">
    <editdetail attribution="Reuters BIP Coding Group" action="confirmed" date="1997-03-20"/>
  </code>
  <code code="C151">
    <editdetail attribution="Reuters BIP Coding Group" action="confirmed" date="1997-03-20"/>
  </code>
  <code code="C33">
    <editdetail attribution="Reuters BIP Coding Group" action="confirmed" date="1997-03-20"/>
  </code>
  <code code="CCAT">
    <editdetail attribution="Reuters BIP Coding Group" action="confirmed" date="1997-03-20"/>
  </code>
</codes>
<dc element="dc.date.created" value="1997-03-20"/>
<dc element="dc.publisher" value="Reuters Holdings Plc"/>
<dc element="dc.date.published" value="1997-03-20"/>
<dc element="dc.source" value="Reuters"/>
<dc element="dc.creator.location" value="LONDON"/>
<dc element="dc.creator.location.country.name" value="UK"/>
<dc element="dc.source" value="Reuters"/>
</metadata>
</newsitem>
