<?xml version="1.0" encoding="iso-8859-1" ?>
<newsitem itemid="455572" id="root" date="1997-03-20" xml:lang="en">
<title>UK: LIFFE grains track sterling, end mostly down.</title>
<headline>LIFFE grains track sterling, end mostly down.</headline>
<dateline>LONDON 1997-03-20</dateline>
<text>
<p>LIFFE grains ended mostly narrowly down, after a day spent tracking sterling's moves against other European currencies, trader said.</p>
<p>May, the most active contract on wheat, last traded 0.35 stg lower at 101 stg, its low for the day, having seen a high of 102.00 in earlier trading. March wheat rose by 0.50 stg, to 99.40, but only one lot of March changed hands and all other contracts ended down.</p>
<p>May volume was 302 of a total 633 lots.</p>
<p>Barley was traded unchanged, with November, the most active contract, last traded at 94.75 stg. November volume was 15 of a total 19 lots.</p>
<p>News of French bids for more than a million tonnes of wheat ahead of the EU tender helped the market to its highs. But by the time they got news of the award of 480,000 tonnes, traders had decided the amount was less important than it looks.</p>
<p>&quot;It's not too exciting,&quot; one said, pointing out that the bids, and the award, were high because there is no EU tender next week.</p>
<p>&quot;Currency's been the main factor,&quot; he said.</p>
<p>Sterling slid during the morning, weighed by dollar mark weakness, and then moved up against the mark, especially after comments U.S. by Federal Reserve Chairman Alan Greenspan which fuelled rate hike expectations.</p>
<p>--Christopher Lyddon, London newsroom +44 171 542 7928</p>
</text>
<copyright>(c) Reuters Limited 1997</copyright>
<metadata>
<codes class="bip:countries:1.0">
  <code code="UK">
    <editdetail attribution="Reuters BIP Coding Group" action="confirmed" date="1997-03-20"/>
  </code>
</codes>
<codes class="bip:topics:1.0">
  <code code="M14">
    <editdetail attribution="Reuters BIP Coding Group" action="confirmed" date="1997-03-20"/>
  </code>
  <code code="M141">
    <editdetail attribution="Reuters BIP Coding Group" action="confirmed" date="1997-03-20"/>
  </code>
  <code code="MCAT">
    <editdetail attribution="Reuters BIP Coding Group" action="confirmed" date="1997-03-20"/>
  </code>
</codes>
<dc element="dc.date.created" value="1997-03-20"/>
<dc element="dc.publisher" value="Reuters Holdings Plc"/>
<dc element="dc.date.published" value="1997-03-20"/>
<dc element="dc.source" value="Reuters"/>
<dc element="dc.creator.location" value="LONDON"/>
<dc element="dc.creator.location.country.name" value="UK"/>
<dc element="dc.source" value="Reuters"/>
</metadata>
</newsitem>
