<?xml version="1.0" encoding="iso-8859-1" ?>
<newsitem itemid="455578" id="root" date="1997-03-20" xml:lang="en">
<title>UK: Two Euro refiners restore runs, others undecided.</title>
<headline>Two Euro refiners restore runs, others undecided.</headline>
<dateline>LONDON 1997-03-20</dateline>
<text>
<p>European refineries are feeling more confident about profit margins and two have decided to restore crude runs after cuts early this month.</p>
<p>Texaco Netherlands will return to full capacity on Thursday at the 400,000 barrel per day Nerefco refinery it shares with British Petroleum, a trader familiar with the refinery said.</p>
<p>Texaco, which controls 35 percent of the Pernis and Europoort complex, cut crude runs by 12.5 percent on March 6.</p>
<p>British Petroleum, which controls 65 percent of the refinery, was understood to be closely examining the situation, according to industry sources.</p>
<p>Esso Slagen also confirmed it restored runs late last week at its 100,000 bpd refinery in Norway, having cut runs by 15 percent on March 10.</p>
<p>Other refiners were also examining the possibility of resuming normal capacity crude runs, but so far the run cuts introduced in early March were still effective.</p>
<p>Margins for a complex Rotterdam refinery have risen to $1.14 a barrel compared with 80 cents at the beginning of the month, according to Reuters price data using standard product yields.</p>
<p>Less sophisticated hydroskimmer units were still in negative territory of -42 cents.</p>
<p>Refinery run cuts may have helped support oil products in recent days but traders have also cited strong Asian demand that has been pulling material east and thinning European supplies.</p>
<p>Around 500,000 tonnes of Russian gas oil and 250,000 tonnes of heavy fuel are heading for Asia, they said.</p>
<p>Shell is still cutting runs by 12-15 percent at its 350,000 bpd Rotterdam refinery, which has a nameplate capacity of 374,000 bpd, a trader close to the company said on Thursday.</p>
<p>Daewoo said a 15 percent cut at its 60,000 bpd Universal refinery in Antwerp also remains effective because of continued weakness in the straight run fuel market.</p>
<p>INPC's Whitegate plant in Ireland was still running about 80 percent of its 65,000 bpd capacity, it said.</p>
<p>-- London Newsroom +44 171 542 8980</p>
</text>
<copyright>(c) Reuters Limited 1997</copyright>
<metadata>
<codes class="bip:countries:1.0">
  <code code="NETH">
    <editdetail attribution="Reuters BIP Coding Group" action="confirmed" date="1997-03-20"/>
  </code>
  <code code="UK">
    <editdetail attribution="Reuters BIP Coding Group" action="confirmed" date="1997-03-20"/>
  </code>
</codes>
<codes class="bip:industries:1.0">
  <code code="I13000">
    <editdetail attribution="Reuters BIP Coding Group" action="confirmed" date="1997-03-20"/>
  </code>
  <code code="I1300003">
    <editdetail attribution="Reuters BIP Coding Group" action="confirmed" date="1997-03-20"/>
  </code>
  <code code="I14000">
    <editdetail attribution="Reuters BIP Coding Group" action="confirmed" date="1997-03-20"/>
  </code>
</codes>
<codes class="bip:topics:1.0">
  <code code="C21">
    <editdetail attribution="Reuters BIP Coding Group" action="confirmed" date="1997-03-20"/>
  </code>
  <code code="C24">
    <editdetail attribution="Reuters BIP Coding Group" action="confirmed" date="1997-03-20"/>
  </code>
  <code code="CCAT">
    <editdetail attribution="Reuters BIP Coding Group" action="confirmed" date="1997-03-20"/>
  </code>
  <code code="M14">
    <editdetail attribution="Reuters BIP Coding Group" action="confirmed" date="1997-03-20"/>
  </code>
  <code code="M143">
    <editdetail attribution="Reuters BIP Coding Group" action="confirmed" date="1997-03-20"/>
  </code>
  <code code="MCAT">
    <editdetail attribution="Reuters BIP Coding Group" action="confirmed" date="1997-03-20"/>
  </code>
</codes>
<dc element="dc.date.created" value="1997-03-20"/>
<dc element="dc.publisher" value="Reuters Holdings Plc"/>
<dc element="dc.date.published" value="1997-03-20"/>
<dc element="dc.source" value="Reuters"/>
<dc element="dc.creator.location" value="LONDON"/>
<dc element="dc.creator.location.country.name" value="UK"/>
<dc element="dc.source" value="Reuters"/>
</metadata>
</newsitem>
