<?xml version="1.0" encoding="iso-8859-1" ?>
<newsitem itemid="455524" id="root" date="1997-03-20" xml:lang="en">
<title>LATVIA: SHIPPING CO NEEDS TO IMPROVE MANAGEMENT - REPORT.</title>
<headline>SHIPPING CO NEEDS TO IMPROVE MANAGEMENT - REPORT.</headline>
<dateline>RIGA 1997-03-20</dateline>
<text>
<p>One of Latvia's largest companies, Latvian Shipping Company, said it needs to improve its financial management in 1997, especially in its holding companies, the company told newspaper Dienas Bizness on Thursday.</p>
<p>From August 1997, its holding companies will face monthly financial reporting requirements, chairman Druvis Skulte told the newspaper.</p>
<p>Lack of proper financial management was a reason the group made losses in 1996 and dividends from the holding companies were not returning to the mother company, Skulte added.</p>
<p>Skulte said he saw tanker transport as its priority and its board has decided radically to change its policy in the dry-cargo transports.</p>
<p>&quot;Continuing in the dry-cargo market with existing ships and organisation would mean only losses,&quot; Skulte said.</p>
<p>The group could return to the dry-cargo market if tanker transports faced a sharp fall in business but to compete the company would need new ships.</p>
<p>Skulte said that the debts of the company also have to be settled before privatisation. He said that the debts to energy group Latvenergo should be capitalised by turning them into shares in Latvenergo.</p>
<p>-- Martinsh Gravitis, Riga Newsroom +371 721 5240</p>
</text>
<copyright>(c) Reuters Limited 1997</copyright>
<metadata>
<codes class="bip:countries:1.0">
  <code code="LATV">
    <editdetail attribution="Reuters BIP Coding Group" action="confirmed" date="1997-03-20"/>
  </code>
</codes>
<codes class="bip:industries:1.0">
  <code code="I74000">
    <editdetail attribution="Reuters BIP Coding Group" action="confirmed" date="1997-03-20"/>
  </code>
</codes>
<codes class="bip:topics:1.0">
  <code code="C11">
    <editdetail attribution="Reuters BIP Coding Group" action="confirmed" date="1997-03-20"/>
  </code>
  <code code="C15">
    <editdetail attribution="Reuters BIP Coding Group" action="confirmed" date="1997-03-20"/>
  </code>
  <code code="C151">
    <editdetail attribution="Reuters BIP Coding Group" action="confirmed" date="1997-03-20"/>
  </code>
  <code code="C41">
    <editdetail attribution="Reuters BIP Coding Group" action="confirmed" date="1997-03-20"/>
  </code>
  <code code="CCAT">
    <editdetail attribution="Reuters BIP Coding Group" action="confirmed" date="1997-03-20"/>
  </code>
</codes>
<dc element="dc.date.created" value="1997-03-20"/>
<dc element="dc.publisher" value="Reuters Holdings Plc"/>
<dc element="dc.date.published" value="1997-03-20"/>
<dc element="dc.source" value="Reuters"/>
<dc element="dc.creator.location" value="RIGA"/>
<dc element="dc.creator.location.country.name" value="LATVIA"/>
<dc element="dc.source" value="Reuters"/>
</metadata>
</newsitem>
