<?xml version="1.0" encoding="iso-8859-1" ?>
<newsitem itemid="455573" id="root" date="1997-03-20" xml:lang="en">
<title>UK: NWE straight-run fuel dips as refiners dump product.</title>
<headline>NWE straight-run fuel dips as refiners dump product.</headline>
<dateline>LONDON 1997-03-20</dateline>
<text>
<p>NWE straight-run fuel oil prices slipped on Thursday as refiners off-loaded product on the market to free storage, traders said.</p>
<p>Two European refiners were heard offering low sulphur material at $104 fob and a 30,000 tonne cargo was heard traded on Wednesday at $114 cif to a destination on the Mediterranean coast of France.</p>
<p>Refiners with more tank space and outlets in the bunker market for straight run blended with high sulphur fuel oil were offering material at $108 fob.</p>
<p>&quot;Cargoes were dumped because of a storage crisis,&quot; said one trader, adding that a lack of appropriate shipping to satisfy U.S. interest exacerbated the problem.</p>
<p>&quot;The price has blipped down on that technical basis despite strong crude futures but it should recover.&quot;</p>
<p>-- London newsroom +44 171 542 8060</p>
</text>
<copyright>(c) Reuters Limited 1997</copyright>
<metadata>
<codes class="bip:countries:1.0">
  <code code="UK">
    <editdetail attribution="Reuters BIP Coding Group" action="confirmed" date="1997-03-20"/>
  </code>
</codes>
<codes class="bip:topics:1.0">
  <code code="M14">
    <editdetail attribution="Reuters BIP Coding Group" action="confirmed" date="1997-03-20"/>
  </code>
  <code code="M143">
    <editdetail attribution="Reuters BIP Coding Group" action="confirmed" date="1997-03-20"/>
  </code>
  <code code="MCAT">
    <editdetail attribution="Reuters BIP Coding Group" action="confirmed" date="1997-03-20"/>
  </code>
</codes>
<dc element="dc.date.created" value="1997-03-20"/>
<dc element="dc.publisher" value="Reuters Holdings Plc"/>
<dc element="dc.date.published" value="1997-03-20"/>
<dc element="dc.source" value="Reuters"/>
<dc element="dc.creator.location" value="LONDON"/>
<dc element="dc.creator.location.country.name" value="UK"/>
<dc element="dc.source" value="Reuters"/>
</metadata>
</newsitem>
