<?xml version="1.0" encoding="iso-8859-1" ?>
<newsitem itemid="455576" id="root" date="1997-03-20" xml:lang="en">
<title>UK: IPE gas oil ends down after range-bound session.</title>
<headline>IPE gas oil ends down after range-bound session.</headline>
<dateline>LONDON 1997-03-20</dateline>
<text>
<p>IPE gas oil closed about $2 weaker on Thursday, after hovering in a tight $172-$174 a tonne holding pattern, with brokers reporting thin volumes and a market dancing mainly to the tune of NYMEX heating oil.</p>
<p>&quot;What the market really needs is some headline driven trading to break us out of this range,&quot; said one trader.</p>
<p>April gas oil reached a high of $174.25 before slipping to a close of $173.25, $2.00 down on the day, but $1.25 above the day's low.</p>
<p>The inactivity in the April market had some traders reshifting their principle focus to May.</p>
<p>Progress on Friday above Thursday's $174.50 a tonne close could herald further gains, brokers said.</p>
<p>&quot;Our May continuation charts indicate any movement above this level tomorrow morning will be the screen's key indicator,&quot; another trader said.</p>
<p>IPE Brent appeared to be taking some heart from news that two European refiners were restoring throughputs to normal levels, following the weak-margin related runcuts seen over the past two weeks.</p>
<p>By 1806 GMT, May Brent was trading seven cents firmer at $20.39 a barrel, just six cents off the session high.</p>
<p>A bounce off technical support in the $20.07 a barrel area was also helping Brent, dealers said.</p>
<p>Traders said crude runs at Texaco Netherlands' 400,000 bpd Rotterdam refinery, a 35-65 joint venture with British Petroleum, were returning to normal.</p>
<p>-- Peter Lardner, London Newsroom +44 171 542 7930</p>
</text>
<copyright>(c) Reuters Limited 1997</copyright>
<metadata>
<codes class="bip:countries:1.0">
  <code code="UK">
    <editdetail attribution="Reuters BIP Coding Group" action="confirmed" date="1997-03-20"/>
  </code>
</codes>
<codes class="bip:topics:1.0">
  <code code="M14">
    <editdetail attribution="Reuters BIP Coding Group" action="confirmed" date="1997-03-20"/>
  </code>
  <code code="M143">
    <editdetail attribution="Reuters BIP Coding Group" action="confirmed" date="1997-03-20"/>
  </code>
  <code code="MCAT">
    <editdetail attribution="Reuters BIP Coding Group" action="confirmed" date="1997-03-20"/>
  </code>
</codes>
<dc element="dc.date.created" value="1997-03-20"/>
<dc element="dc.publisher" value="Reuters Holdings Plc"/>
<dc element="dc.date.published" value="1997-03-20"/>
<dc element="dc.source" value="Reuters"/>
<dc element="dc.creator.location" value="LONDON"/>
<dc element="dc.creator.location.country.name" value="UK"/>
<dc element="dc.source" value="Reuters"/>
</metadata>
</newsitem>
