<?xml version="1.0" encoding="iso-8859-1" ?>
<newsitem itemid="455535" id="root" date="1997-03-20" xml:lang="en">
<title>UK: IPE natgas down in Sep but only 3 afternoon deals.</title>
<headline>IPE natgas down in Sep but only 3 afternoon deals.</headline>
<dateline>LONDON 1997-03-20</dateline>
<text>
<p>The IPE natural gas futures contract saw another thin afternoon on Thursday, with only three trades done, all in the last five minutes before the 1600 GMT close of the contract.</p>
<p>All the afternoon trades were done in September, which had already traded in the morning. And the price went down throughout the day, trading last at 10.00 pence a therm, after opening at 10.20 and trading at 10.125 and 10.05 on the way down.</p>
<p>A futures broker attributed the disappointing performance of the futures market to the fact the OTC market was quiet. He added that the physical price was currently the main driver for futures, so there was no surprise in seeing a thin day on futures.</p>
<p>As well as September losing 0.15 pence a therm, the other two traded contracts, January and February, were also off by 0.015 pence and 0.05 pence, respectively.</p>
<p>-- London Newsroom, +44 171 542 6412</p>
</text>
<copyright>(c) Reuters Limited 1997</copyright>
<metadata>
<codes class="bip:countries:1.0">
  <code code="UK">
    <editdetail attribution="Reuters BIP Coding Group" action="confirmed" date="1997-03-20"/>
  </code>
</codes>
<codes class="bip:topics:1.0">
  <code code="M14">
    <editdetail attribution="Reuters BIP Coding Group" action="confirmed" date="1997-03-20"/>
  </code>
  <code code="M143">
    <editdetail attribution="Reuters BIP Coding Group" action="confirmed" date="1997-03-20"/>
  </code>
  <code code="MCAT">
    <editdetail attribution="Reuters BIP Coding Group" action="confirmed" date="1997-03-20"/>
  </code>
</codes>
<dc element="dc.date.created" value="1997-03-20"/>
<dc element="dc.publisher" value="Reuters Holdings Plc"/>
<dc element="dc.date.published" value="1997-03-20"/>
<dc element="dc.source" value="Reuters"/>
<dc element="dc.creator.location" value="LONDON"/>
<dc element="dc.creator.location.country.name" value="UK"/>
<dc element="dc.source" value="Reuters"/>
</metadata>
</newsitem>
