<?xml version="1.0" encoding="iso-8859-1" ?>
<newsitem itemid="455542" id="root" date="1997-03-20" xml:lang="en">
<title>UK: Dollar ends European session just below 1.69 marks.</title>
<headline>Dollar ends European session just below 1.69 marks.</headline>
<dateline>LONDON 1997-03-20</dateline>
<text>
<p>The dollar soared in late Europe, less than two hours after plummeting on data showing a ballooning U.S. trade gap, as comments by Federal Reserve Chairman Alan Greenspan fuelled rate hike expectations.</p>
<p>&quot;Greenspan is still holding out the idea of a pre-emptive move,&quot; said Tony Norfield, treasury economist at ABN AMRO.</p>
<p>&quot;It is clear the economy is growing strongly and that is the environment in which you would expect a pre-emptive rate hike,&quot; said Norfield.</p>
<p>At 1550 GMT the dollar was trading at 1.6846/51 marks against 1.6816/10 in late Europe on Wednesday and well above lows of 1.6708.</p>
<p>Against the yen, the dollar stood at 123.55/3.61 yen at 1604 GMT against 122.69 yen in late Europe on Wednesday and well off session lows at 122.19 yen.</p>
<p>In the U.S. Wall Street shares and bonds fell after a raft of comments on the state of the economy and inflation, delivered in prepared testimony by Greenspan to Congress's Joint Economic Committee, spooked those markets in anticipation of higher U.S. rates.</p>
<p>&quot;It looks like he is preparing the ground for some pre-emptive action,&quot; said Jeremy Stretch, currency strategist at NatWest Markets.</p>
<p>The central bank's policy-making Federal Open Market Committee meets on Tuesday to consider raising short-term rates. &quot;Should we choose to alter monetary policy, we know from past experience that, although the financial markets may respond immediately, the main effects on inflationary pressures may not be felt until late this year and in 1998,&quot; Greenspan said on Thursday. And, as he has done before, he stressed the importance of the Fed acting promptly to keep inflation low. &quot;While inflation may not be a problem at the moment, tightness in labour markets, wages does suggest that a pre-emptive strike is probable,&quot; said Stretch. A stronger-than-forecast 17.4 reading in the February Philly Fed index against January's 11.3 added fresh fuel to the belief the Fed will raise rates, said analysts.</p>
<p>Earlier, however, the dollar was slapped to lows of 1.6708 marks and 122.19 yen after U.S. data showed the trade gap soared for a second consecutive month in January to hit its highest level in nearly 10 years.</p>
<p>&quot;I think it's clearly a surprising figure,&quot; said Adam Chester, international analyst at Yamaichi International, after data showed the gap swelling 21.1 percent to $12.7 bln in January and much higher than forecasts for a gap of $10.7 bln.</p>
<p>In other currencies, the mark ended the session a touch softer on its European crosses, aided by dollar/mark's rally, while mark/lira dipped below 1001 lire after the release of March inflation data.</p>
<p>Earlier the Geman unit sank to 1997 lows against the Swiss franc. The mark dipped to as low as 85.43 centimes, its lowest level since 85.42 on December 18.</p>
<p>--Julia Meehan, London newsroom +4471 542 6701</p>
</text>
<copyright>(c) Reuters Limited 1997</copyright>
<metadata>
<codes class="bip:countries:1.0">
  <code code="UK">
    <editdetail attribution="Reuters BIP Coding Group" action="confirmed" date="1997-03-20"/>
  </code>
  <code code="USA">
    <editdetail attribution="Reuters BIP Coding Group" action="confirmed" date="1997-03-20"/>
  </code>
</codes>
<codes class="bip:topics:1.0">
  <code code="M13">
    <editdetail attribution="Reuters BIP Coding Group" action="confirmed" date="1997-03-20"/>
  </code>
  <code code="M132">
    <editdetail attribution="Reuters BIP Coding Group" action="confirmed" date="1997-03-20"/>
  </code>
  <code code="MCAT">
    <editdetail attribution="Reuters BIP Coding Group" action="confirmed" date="1997-03-20"/>
  </code>
</codes>
<dc element="dc.date.created" value="1997-03-20"/>
<dc element="dc.publisher" value="Reuters Holdings Plc"/>
<dc element="dc.date.published" value="1997-03-20"/>
<dc element="dc.source" value="Reuters"/>
<dc element="dc.creator.location" value="LONDON"/>
<dc element="dc.creator.location.country.name" value="UK"/>
<dc element="dc.source" value="Reuters"/>
</metadata>
</newsitem>
