<?xml version="1.0" encoding="iso-8859-1" ?>
<newsitem itemid="455580" id="root" date="1997-03-20" xml:lang="en">
<title>UK: Britain, Germany improve position on EU grains mkt.</title>
<headline>Britain, Germany improve position on EU grains mkt.</headline>
<dateline>LONDON 1997-03-19</dateline>
<text>
<p>Britain and Germany have improved their position on Europe's domestic grain market, with the help of a stand-off on France's market and, in Britain's case, by currency moves.</p>
<p>French wheat prices were steady early this week with buyers and sellers engaged in a war of nerves, dealers said.</p>
<p>But prices firmed on Thursday after exporters bid via France to export over one million tonnes of wheat at prices traders described as &quot;very aggressive&quot; at the latest EU grain tender.</p>
<p>Barley and maize were broadly unchanged over the previous week as there was little fresh news to drive prices.</p>
<p>Faced with sellers determined to hold on to firm prices, wheat buyers have tried to delay cover despite a heavy loading schedule in ports, they said.</p>
<p>But on Thursday prompt wheat into Rouen was bid at 890 per tonne and offered at 895 francs per tonne, up five francs on Wednesday.</p>
<p>&quot;The bids came as a surprise to the French market,&quot; one trader said, adding sellers were now bound to remain on the sidelines.</p>
<p>In France exporters bid to export 1,097,500 tonnes of free-market soft wheat at subsidies ranging from 8.73 to 17.99 Ecus per tonne, national grain office ONIC reported.</p>
<p>The best bid of 8.73 Ecus per tonne meant a world price of around $161 per tonne, Fob April, and was for the export of up to 125,000 tonnes of wheat, exporters said.</p>
<p>Wheat volume bid in France was hefty but traders noted there would be no grain tenders next Thursday for Easter.</p>
<p>Last week the EU's grain panel granted licences for the export of 273,500 tonnes of free-market soft wheat at a maximum rebate of 11.47 Ecus per tonne.</p>
<p>On the export front Algeria has launched a tender for the export of 75,000 tonnes of optional-origin milling wheat.</p>
<p>But French exporters said they had been excluded from the tender in what they described as possible evidence of new political tensions between France and Algeria.</p>
<p>Traders said French wheat could still be sold in the tender but only through non-French companies or foreign subsidiaries of French firms.</p>
<p>Barley prices were quoted at 850 francs per tonne on Thursday as traders still await confirmation Saudi Arabia may soon be back in the market for feed-barley.</p>
<p>A report Saudi Arabia was tendering on April 1 for a million tonnes was widely discounted.</p>
<p>UK grains are competitive again, thanks to a lower sterling, British traders said.</p>
<p>The fall in sterling was largely responsible for a 1.45 stg jump in the bellwether May wheat contract at LIFFE, traders said.</p>
<p>Although the UK grain market has tightened up, there are still exports needed, traders said. They hoped the easier pound would last long enough to give them a good window of export opportunity.</p>
<p>&quot;There are still exports required,&quot; one trader said. &quot;Obviously it's a bit tighter than it was,&quot; he said.</p>
<p>He reckoned compounder demand for grain was still healthy, but feed industry sources felt that the industry was fairly well bought forward.</p>
<p>&quot;The consumer part of the market is reasonably well covered,&quot; one industrial consumer buyer said.</p>
<p>Consumers had covered themselves steadily over the past few months, despite limited supplies off farms.</p>
<p>&quot;There's no doubt there's quite a bit left to do, but its the last ten per cent,&quot; he said. Feed compounders, millers and industrial users were congratulating themselves on having largely avoided the most recent price rises.</p>
<p>And with little left to buy, they would not worry too much about having to get the last of their supplies in a rising market.</p>
<p>&quot;I haven't heard any reports of consumers desperate to buy for weeks,&quot; he said.</p>
<p>German traders reckon they have the cheapest market in Europe. &quot;We're importing nothing but old contracts,&quot; one said. And traders were buying back deals for imported wheat to replace it with domestic production.</p>
<p>The trader reckoned that most of the EU's barley exports through Rotterdam and other northern ports were coming from Germany.</p>
<p>Spanish feed and milling wheat ex-farm prices pushed higher as the prospect of crop damage loomed due to a lack of rain.</p>
<p>Farmers say water has been scarce and is much-needed. Without rain, this year's crop could suffer and there are already signs of some damage in the south, traders said.</p>
<p>However, this scarcely affected durum wheat prices with little trading taking place.</p>
<p>Barley prices were largely unchanged, but traders said farmers were complaining that they needed more water for their crops.</p>
<p>Wheat prices were marginally higher. Demand for April or May delivery remained high with prices around 23,500.</p>
<p>Italian wheat prices were slightly higher this week as foreign wheat price increases continued to be magnified by the weakening of the lira over the past week.</p>
<p>The following are benchmark European prices. French prices exclude carrying charges. Italian prices are Wednesday's official closes on the Milan Exchange.</p>
<p>					   March 20	  March 14</p>
<p>French Rouen dlvd wheat March  890-895 ffr ($157)     890</p>
<p>French Rouen dlvd wheat April  875-890 ffr ($154-157) 885 French Rouen dlvd barley March     850 ffr ($149)     855</p>
<p>French Dunkirk dlvd barley spot    870 ffr ($153)     870</p>
<p>French Bordeaux dlvd maize Mar-Apr 860 ffr ($151)     860</p>
<p>German Hamburg Exch bread wheat 277.50 marks ($165)  277.50</p>
<p>(12.5 pct spot)</p>
<p>German Hamburg Exch feed wheat  272.50 marks ($162)  272.50 UK feed wheat E. Anglia (Mar)   101.50 stg ($163)    102.00</p>
<p>(Apr-Jun)</p>
<p>UK barley E. Anglia		   NA			98.00</p>
<p>(Apr-Jun) Spain feed wheat		    24,500 ptas ($171)    24,000</p>
<p>Spain milling wheat		 25,000 ptas ($175)    24,500</p>
<p>Spain durum wheat		   30,000 ptas ($209)   30,000</p>
<p>Spain barley			  21,500 ptas ($150)   21,500</p>
<p>Spain maize			   23,250 ptas ($162)   22,750</p>
<p>Italy soft wheat		   319-321,000 lire ($189-190)</p>
<p>317-319,000</p>
<p>Italy durum (North)	  360-363,000 lire ($213-215)</p>
<p>353-356,000</p>
<p>Italy durum (Centre)	 362-365,000 lire ($214-216)</p>
<p>355-358,000</p>
<p>Italy maize		    259-261,000 lire ($153-154)</p>
<p>259-261,000</p>
<p>--Compiled by Christopher Lyddon in London (+44 171 542 7928), with contributions from Paris, Milan and Madrid</p>
<p>--one dollar equals 1.686 German Marks, 5.686 French Francs, 1,689 Italian Lire, 0.624 Pounds Sterling and 143.2 Spanish Pesetas)</p>
</text>
<copyright>(c) Reuters Limited 1997</copyright>
<metadata>
<codes class="bip:countries:1.0">
  <code code="EEC">
    <editdetail attribution="Reuters BIP Coding Group" action="confirmed" date="1997-03-20"/>
  </code>
  <code code="FRA">
    <editdetail attribution="Reuters BIP Coding Group" action="confirmed" date="1997-03-20"/>
  </code>
  <code code="GFR">
    <editdetail attribution="Reuters BIP Coding Group" action="confirmed" date="1997-03-20"/>
  </code>
  <code code="UK">
    <editdetail attribution="Reuters BIP Coding Group" action="confirmed" date="1997-03-20"/>
  </code>
</codes>
<codes class="bip:topics:1.0">
  <code code="M14">
    <editdetail attribution="Reuters BIP Coding Group" action="confirmed" date="1997-03-20"/>
  </code>
  <code code="M141">
    <editdetail attribution="Reuters BIP Coding Group" action="confirmed" date="1997-03-20"/>
  </code>
  <code code="MCAT">
    <editdetail attribution="Reuters BIP Coding Group" action="confirmed" date="1997-03-20"/>
  </code>
</codes>
<dc element="dc.date.created" value="1997-03-19"/>
<dc element="dc.publisher" value="Reuters Holdings Plc"/>
<dc element="dc.date.published" value="1997-03-20"/>
<dc element="dc.source" value="Reuters"/>
<dc element="dc.creator.location" value="LONDON"/>
<dc element="dc.creator.location.country.name" value="UK"/>
<dc element="dc.source" value="Reuters"/>
</metadata>
</newsitem>
