<?xml version="1.0" encoding="iso-8859-1" ?>
<newsitem itemid="455520" id="root" date="1997-03-20" xml:lang="en">
<title>LITHUANIA: LITHUANIA- BIRZAI DAIRY SEES 12-14 MILLION LITAS PROFIT.</title>
<headline>LITHUANIA- BIRZAI DAIRY SEES 12-14 MILLION LITAS PROFIT.</headline>
<dateline>VILNIUS 1997-03-20</dateline>
<text>
<p>Lithuania's Birzai dairy said on Thursday that it expected its 1997 net profit to soar to 12 to 14 million litas versus 1.9 million litas last year.  </p>
<p>&quot;We anticipate our 1997 net profit to be 12 to 14 million litas,&quot; the company's general director Vladas Songaila told Reuters by telephone.</p>
<p>The company's unaudited results for 1996 show a net profit of 1.9 million litas versus 3.8 million litas in 1995.</p>
<p>Songaila said that the audited results, due out next week, would be almost the same.</p>
<p>Songaila said that the he based the forecast on the company's plans to upgrade its production lines.</p>
<p>The upgrading will be funded with the 1996 profits and with the capital raised by the company's $6.0 million Global depository receipts (GDR) issue of last year.</p>
<p>Birzai is one of the leading blue chip stocks on Lithuania's bourse.</p>
<p>--Andrius Vilkancas, Vilnius newsroom +370 2 22 35 17</p>
</text>
<copyright>(c) Reuters Limited 1997</copyright>
<metadata>
<codes class="bip:countries:1.0">
  <code code="LITH">
    <editdetail attribution="Reuters BIP Coding Group" action="confirmed" date="1997-03-20"/>
  </code>
</codes>
<codes class="bip:industries:1.0">
  <code code="I41300">
    <editdetail attribution="Reuters BIP Coding Group" action="confirmed" date="1997-03-20"/>
  </code>
</codes>
<codes class="bip:topics:1.0">
  <code code="C15">
    <editdetail attribution="Reuters BIP Coding Group" action="confirmed" date="1997-03-20"/>
  </code>
  <code code="C152">
    <editdetail attribution="Reuters BIP Coding Group" action="confirmed" date="1997-03-20"/>
  </code>
  <code code="CCAT">
    <editdetail attribution="Reuters BIP Coding Group" action="confirmed" date="1997-03-20"/>
  </code>
</codes>
<dc element="dc.date.created" value="1997-03-20"/>
<dc element="dc.publisher" value="Reuters Holdings Plc"/>
<dc element="dc.date.published" value="1997-03-20"/>
<dc element="dc.source" value="Reuters"/>
<dc element="dc.creator.location" value="VILNIUS"/>
<dc element="dc.creator.location.country.name" value="LITHUANIA"/>
<dc element="dc.source" value="Reuters"/>
</metadata>
</newsitem>
