<?xml version="1.0" encoding="iso-8859-1" ?>
<newsitem itemid="455583" id="root" date="1997-03-20" xml:lang="en">
<title>UK: Liverpool cotton - Buyers prefer to wait on prices.</title>
<headline>Liverpool cotton - Buyers prefer to wait on prices.</headline>
<dateline>LONDON 1997-03-20</dateline>
<text>
<p>Business activity in Europe was somewhat restricted with most buyers preferring to wait for fresh pricing developments before they add significantly to inventories.</p>
<p>But market sources added that latent buying interest was in evidence in Portugal, Belgium and Germany - and sales prospects in Syrian cotton remained at the centre of attention in Italy.</p>
<p>Markets in eastern Europe were mostly featureless although some potential demand for cotton near at hand was noted in Poland. Long staple varieties were neglected. London Newsroom  + 44 171 542 7729</p>
</text>
<copyright>(c) Reuters Limited 1997</copyright>
<metadata>
<codes class="bip:countries:1.0">
  <code code="UK">
    <editdetail attribution="Reuters BIP Coding Group" action="confirmed" date="1997-03-20"/>
  </code>
</codes>
<codes class="bip:topics:1.0">
  <code code="M14">
    <editdetail attribution="Reuters BIP Coding Group" action="confirmed" date="1997-03-20"/>
  </code>
  <code code="M141">
    <editdetail attribution="Reuters BIP Coding Group" action="confirmed" date="1997-03-20"/>
  </code>
  <code code="MCAT">
    <editdetail attribution="Reuters BIP Coding Group" action="confirmed" date="1997-03-20"/>
  </code>
</codes>
<dc element="dc.date.created" value="1997-03-20"/>
<dc element="dc.publisher" value="Reuters Holdings Plc"/>
<dc element="dc.date.published" value="1997-03-20"/>
<dc element="dc.source" value="Reuters"/>
<dc element="dc.creator.location" value="LONDON"/>
<dc element="dc.creator.location.country.name" value="UK"/>
<dc element="dc.source" value="Reuters"/>
</metadata>
</newsitem>
