<?xml version="1.0" encoding="iso-8859-1" ?>
<newsitem itemid="455588" id="root" date="1997-03-20" xml:lang="en">
<title>UK: ITT, Siemens/Racal consortia win UK deal.</title>
<headline>ITT, Siemens/Racal consortia win UK deal.</headline>
<dateline>LONDON 1997-03-20</dateline>
<text>
<p>The government said on Thursday that it had decided to ask two consortia which had bid for a defence contract to produce a combat radio system worth more than one billion stg to cooperate on the scheme.</p>
<p>The consortia which had been bidding for the BOWMAN contract are Crossbow led by ITT Corp's UK unit and Yeoman led by Siemens Plessey Systems and Racal Electronics Plc.</p>
<p>&quot;We have decided to issue a request for proposals for initial production and support to Archer, a joint venture company which is being formed by the leaders of Crossbow and Yeoman,&quot; defence procurement minister James Arbuthnot said in a written parliamentary answer.</p>
<p>He said the ministry planned to award a contract in 1999 to meet an in-service date of 2002.</p>
<p>The two groups announced last December that they had decided to cut losses and drop their rivalry after competing for the long-delayed order for over five years.</p>
<p>Instead, ITT and Racal said the two groups were proposing to the Ministry of Defence that they should combine their technical, production and manufacturing resources for Bowman.</p>
<p>Racal had said the new alliance could yield joint savings of 100 million pounds in development costs.</p>
<p>With further delays threatened, Racal said both sides' bid costs were in danger of running to 100 million stg apiece on research and development costs.</p>
<p>-- London Newsroom +44 171 542 7767</p>
</text>
<copyright>(c) Reuters Limited 1997</copyright>
<metadata>
<codes class="bip:countries:1.0">
  <code code="UK">
    <editdetail attribution="Reuters BIP Coding Group" action="confirmed" date="1997-03-20"/>
  </code>
</codes>
<codes class="bip:industries:1.0">
  <code code="I34400">
    <editdetail attribution="Reuters BIP Coding Group" action="confirmed" date="1997-03-20"/>
  </code>
  <code code="I34430">
    <editdetail attribution="Reuters BIP Coding Group" action="confirmed" date="1997-03-20"/>
  </code>
  <code code="I66500">
    <editdetail attribution="Reuters BIP Coding Group" action="confirmed" date="1997-03-20"/>
  </code>
</codes>
<codes class="bip:topics:1.0">
  <code code="C33">
    <editdetail attribution="Reuters BIP Coding Group" action="confirmed" date="1997-03-20"/>
  </code>
  <code code="C331">
    <editdetail attribution="Reuters BIP Coding Group" action="confirmed" date="1997-03-20"/>
  </code>
  <code code="CCAT">
    <editdetail attribution="Reuters BIP Coding Group" action="confirmed" date="1997-03-20"/>
  </code>
  <code code="GCAT">
    <editdetail attribution="Reuters BIP Coding Group" action="confirmed" date="1997-03-20"/>
  </code>
  <code code="GDEF">
    <editdetail attribution="Reuters BIP Coding Group" action="confirmed" date="1997-03-20"/>
  </code>
</codes>
<dc element="dc.date.created" value="1997-03-20"/>
<dc element="dc.publisher" value="Reuters Holdings Plc"/>
<dc element="dc.date.published" value="1997-03-20"/>
<dc element="dc.source" value="Reuters"/>
<dc element="dc.creator.location" value="LONDON"/>
<dc element="dc.creator.location.country.name" value="UK"/>
<dc element="dc.source" value="Reuters"/>
</metadata>
</newsitem>
