<?xml version="1.0" encoding="iso-8859-1" ?>
<newsitem itemid="455549" id="root" date="1997-03-20" xml:lang="en">
<title>UK: FOCUS -Producers to revoke arabica quotas, up sale.</title>
<headline>FOCUS -Producers to revoke arabica quotas, up sale.</headline>
<byline>Jalil Hamid</byline>
<dateline>LONDON 1997-03-20</dateline>
<text>
<p>The Association of Coffee Producing Countries (ACPC) agreed on Thursday to relax its export curbs in the first half of 1997 in support of arabica coffee growers after the recent surge in world prices.</p>
<p>The group, at a technical meeting in London, decided to lift arabica exports by 500,000 60-kg bags but left robusta quotas intact.</p>
<p>The meeting was called by key Central American arabica producers which had sought to raise the supply of arabica coffee to the market.</p>
<p>Central American delegates welcomed the plan. &quot;There has been a lot of pressure on us from our growers,&quot; said a Costa Rican delegate.</p>
<p>The decision also reflected producer concerns about runaway arabica coffee prices and the impact on consumption, and the growing margins between arabicas and robustas.</p>
<p>Colombian Finance Minister Jose Antonio Ocampo said in Paris on Thursday that leading producers should raise sales quotas or anticipate a part of their quota for later in the year in order to put downward pressure on prices.</p>
<p>He said prices must remain above $1.30-$1.40 a lb if the world wants good-quality coffee. A level above $2.00 is considered excessive and $1.00 to $1.10 is insufficient to assure quality.</p>
<p>Arabica prices have started to come down lately after rising by more than 50 percent since early this year on a combination of factors including the recent truck drivers' strike in Colombia.</p>
<p>Prices hit a peak of $2.09 on the New York arabica futures in early March. It closed at 169.15 cents on Thursday.</p>
<p>Under the latest ACPC plan, which is subject to the council approval, members will release an additional 200,000 bags of arabica coffee to the market, ACPC President Rubens Barbosa of Brazil said.</p>
<p>It also agreed to revoke a previous decision to reduce exports of arabica by 300,000 bags during the same period.</p>
<p>The ACPC decided at a meeting in Rio de Janeiro in January to cut 1.3 million bags of exports -- 1.0 million bags of robusta and 300,000 bags of arabica. So the net effect of Thursday's decision will be a reduction of 800,000 bags of exports, Barbosa added.</p>
<p>The 1.3 million bag cut agreed in January would have bring exports by the 14-member group down to 24.98 million in the first six months of 1997.</p>
<p>But the technical group -- comprising Brazil, Indonesia, Colombia, Ivory Coast, Uganda and El Salvador -- kept the robusta quotas unchanged at 1.0 million bags. Representatives from Honduras, Costa Rica and Kenya also attended the one-day meeting.</p>
<p>The ACPC supply news drew a mixed reaction from analysts.</p>
<p>Lawrence Eagles, head of research at brokerage GNI, said the producer decision was seen as positive.</p>
<p>&quot;The group is concerned by the high prices of arabica coffee and the continued weakeness of robusta in relation to arabica,&quot; he said.</p>
<p>&quot;But the market yawned at the news. It showed that most of the pricing for that extra coffee could have been done,&quot; he said.</p>
<p>Judith Ganes, an analyst at Merrill Lynch said the news did not come as a surprise as producers had been wanting to stabilise the market by trying to release more coffee.</p>
<p>The market will absorb the additional quantity and that's still probably not enough to satisfy demand, she added.</p>
<p>Smith Barney analyst Walt Spilka viewed the news as bearish.</p>
<p>&quot;The chances of the market moving higher is now diminished,&quot; he said.</p>
<p>The ACPC full council is expected to ratify Thursday's decision by the technical committee at a meeting in May in London.</p>
<p>Barbosa said the committee did not discuss the quota distribution among the arabica producer members.</p>
<p>He also said the technical group would start discussions from next month on new market mechanism to succeed the current one-year export programme which expires this June.</p>
<p>((--London Newsroom 44 171 542-4985))</p>
</text>
<copyright>(c) Reuters Limited 1997</copyright>
<metadata>
<codes class="bip:countries:1.0">
  <code code="UK">
    <editdetail attribution="Reuters BIP Coding Group" action="confirmed" date="1997-03-20"/>
  </code>
</codes>
<codes class="bip:industries:1.0">
  <code code="I01001">
    <editdetail attribution="Reuters BIP Coding Group" action="confirmed" date="1997-03-20"/>
  </code>
  <code code="I0100137">
    <editdetail attribution="Reuters BIP Coding Group" action="confirmed" date="1997-03-20"/>
  </code>
</codes>
<codes class="bip:topics:1.0">
  <code code="C13">
    <editdetail attribution="Reuters BIP Coding Group" action="confirmed" date="1997-03-20"/>
  </code>
  <code code="C31">
    <editdetail attribution="Reuters BIP Coding Group" action="confirmed" date="1997-03-20"/>
  </code>
  <code code="C312">
    <editdetail attribution="Reuters BIP Coding Group" action="confirmed" date="1997-03-20"/>
  </code>
  <code code="CCAT">
    <editdetail attribution="Reuters BIP Coding Group" action="confirmed" date="1997-03-20"/>
  </code>
  <code code="M14">
    <editdetail attribution="Reuters BIP Coding Group" action="confirmed" date="1997-03-20"/>
  </code>
  <code code="M141">
    <editdetail attribution="Reuters BIP Coding Group" action="confirmed" date="1997-03-20"/>
  </code>
  <code code="MCAT">
    <editdetail attribution="Reuters BIP Coding Group" action="confirmed" date="1997-03-20"/>
  </code>
</codes>
<dc element="dc.date.created" value="1997-03-20"/>
<dc element="dc.publisher" value="Reuters Holdings Plc"/>
<dc element="dc.date.published" value="1997-03-20"/>
<dc element="dc.source" value="Reuters"/>
<dc element="dc.creator.location" value="LONDON"/>
<dc element="dc.creator.location.country.name" value="UK"/>
<dc element="dc.source" value="Reuters"/>
</metadata>
</newsitem>
