<?xml version="1.0" encoding="iso-8859-1" ?>
<newsitem itemid="455579" id="root" date="1997-03-20" xml:lang="en">
<title>UK: Canadian mine development spending to soar in 1997.</title>
<headline>Canadian mine development spending to soar in 1997.</headline>
<dateline>LONDON 1997-03-20</dateline>
<text>
<p>Mineral exploration and mine development in Canada is booming again after a slump during the 1980s, officials at a seminar said.</p>
<p>&quot;Development spending is racing up,&quot; Keith Brewer, an official with Natural Resources Canada, told a government-sponsored seminar in London.</p>
<p>Capital spending on new mines in Canada is forecast to more than triple to C$1.7 billion in 1997 from C$500 million this year, said Brewer, director general of mining and minerals financial analysis for the government agency.</p>
<p>Capital spending should plateau at around C$2.5 billion from 1998 to 2000, he added.</p>
<p>Exploration spending in Canada increased about C$200 million to C$900 million in 1996 and should remain steady this year, Brewer said.</p>
<p>As the Canadian mining sector has matured, large companies are relying more and more on junior firms to undertake exploration.</p>
<p>&quot;It is becoming increasingly apparent that a number of major Canadian mining companies are withdrawing from the mineral exploration business as they have been unable to compete with the exploration success of the Canadian juniors,&quot; said Steve Vaughan, a Toronto lawyer and a director of the Prospectors and Developers Association of Canada.</p>
<p>&quot;What we are seeing is the segmenting of the industry and allowing its various component parts to specialise in those areas of the mineral business in which they excel,&quot; he added.</p>
<p>About C$550 million of the C$900 million exploration spending was by small firms whose total exploration budgets were less than C$4 million, Brewer said.</p>
<p>The mining industry was in decline during the 1980s, suffering a dive of nearly 50 percent in capital investment between 1981 and 1991, said Vaughan.</p>
<p>But the Whitehorse Mining Initiative launched in 1992 brought together groups which have a stake in the mining industry, including companies, labour groups, environmental organisations, aboriginal groups, government and industry associations.</p>
<p>The groups were able to reach consensus on many issues and signed an accord in September 1994, said Vaughan, who participated in the initiative.</p>
<p>--Eric Onstad, London Newsroom +44 171 542-8065</p>
</text>
<copyright>(c) Reuters Limited 1997</copyright>
<metadata>
<codes class="bip:countries:1.0">
  <code code="CANA">
    <editdetail attribution="Reuters BIP Coding Group" action="confirmed" date="1997-03-20"/>
  </code>
  <code code="UK">
    <editdetail attribution="Reuters BIP Coding Group" action="confirmed" date="1997-03-20"/>
  </code>
</codes>
<codes class="bip:industries:1.0">
  <code code="I21000">
    <editdetail attribution="Reuters BIP Coding Group" action="confirmed" date="1997-03-20"/>
  </code>
  <code code="I23000">
    <editdetail attribution="Reuters BIP Coding Group" action="confirmed" date="1997-03-20"/>
  </code>
</codes>
<codes class="bip:topics:1.0">
  <code code="C11">
    <editdetail attribution="Reuters BIP Coding Group" action="confirmed" date="1997-03-20"/>
  </code>
  <code code="C24">
    <editdetail attribution="Reuters BIP Coding Group" action="confirmed" date="1997-03-20"/>
  </code>
  <code code="C31">
    <editdetail attribution="Reuters BIP Coding Group" action="confirmed" date="1997-03-20"/>
  </code>
  <code code="CCAT">
    <editdetail attribution="Reuters BIP Coding Group" action="confirmed" date="1997-03-20"/>
  </code>
</codes>
<dc element="dc.date.created" value="1997-03-20"/>
<dc element="dc.publisher" value="Reuters Holdings Plc"/>
<dc element="dc.date.published" value="1997-03-20"/>
<dc element="dc.source" value="Reuters"/>
<dc element="dc.creator.location" value="LONDON"/>
<dc element="dc.creator.location.country.name" value="UK"/>
<dc element="dc.source" value="Reuters"/>
</metadata>
</newsitem>
