<?xml version="1.0" encoding="iso-8859-1" ?>
<newsitem itemid="455545" id="root" date="1997-03-20" xml:lang="en">
<title>UK: Britain's Major refuses to prolong parliament.</title>
<headline>Britain's Major refuses to prolong parliament.</headline>
<byline>Paul Mylrea</byline>
<dateline>LONDON 1997-03-20</dateline>
<text>
<p>Prime Minister John Major refused on Thursday to extend parliament to allow publication of a report into sleaze charges against members of his ruling party that have soured his campaign for the May 1 election.</p>
<p>The Labour and Liberal Democrat opposition accused Major of trying to cover up the report into allegations that Conservative MPs were paid to ask parliamentary questions on behalf of Egyptian-born businessman Mohammed Al-Fayed.</p>
<p>Labour leader Tony Blair told Major: &quot;Has this parliament not ended as it began, by a government breaking its word?&quot;</p>
<p>&quot;If he fails to have this report published when everyone knows he could, it will leave a stain on the character of his government that will only be erased by a new government with a fresh mandate that will restore confidence in our public life.&quot;</p>
<p>But in his last parliamentary question time before an election that polls forecast will end 18 years of Conservative rule, Major accused Labour of a &quot;political stunt&quot; to distract attention from excellent economic statistics.</p>
<p>To cheers from ranks of Conservative MPs behind him and cries of &quot;sleaze&quot; from Labour benches, Major shouted back: &quot;The stain, if stain there will be, is upon a Labour front bench that have smeared and smeared and smeared again.&quot;</p>
<p>An interim report by a parliamentary ethics watchdog, published after pressure from the opposition, cleared 15 members of parliament on Thursday of any wrongdoing.</p>
<p>The 15 included Labour and Liberal Democrat MPs, who Sir Gordon Downey, parliament's commissioner for standards, said had not broken rules on declaring income from outside parliament.</p>
<p>But Downey said he had been unable to complete his investigation into another 10 MPs, all Conservatives, due to &quot;the complexity of the web of accusations that have been made...and the volume of evidence produced&quot;.</p>
<p>Downey has been looking into the alleged payments by Al-Fayed. He has also examined payments made as election expenses to several MPs by a parliamentary lobbyist, Ian Greer.</p>
<p>Major declared this week that parliament must stop sitting on Friday to allow a six-week election campaign -- the longest for 80 years.</p>
<p>The report on the remaining 10 MPs cannot be published before the election because it has to be issued through the House of Commons standards and privileges committee, set up after earlier sleaze rows.</p>
<p>Labour put down a parliamentary bill on Thursday in a last-gasp bid to keep the committee sitting between Friday's closure and the official dissolution on April 8.</p>
<p>But it is up to the government to accept or reject the measure on Friday, and Major's clear statement that he had &quot;no intention&quot; of changing his plans appeared to rule that out.</p>
<p>His decision means the sleaze row could roll on through the election campaign, weakening hopes the ruling party may have of cutting back Labour's 25-point poll lead,</p>
<p>The most prominent of the 10 MPs are former ministers Neil Hamilton and Tim Smith. Smith resigned after admitting that he had failed to declare cash payments from Al-Fayed.</p>
<p>Hamilton has proclaimed his innocence, but in October he abandoned a libel action against the Guardian newspaper over the allegations, reviving a scandal that has dogged Major's efforts to lead his party to a record fifth election victory in a row.</p>
<p>The renewed focus on sleaze is likely to reinforce the hopes of Labour leader Tony Blair that he can achieve the 4.3-percent swing his party needs compared with the 1992 election to secure an overall majority in the next parliament.</p>
</text>
<copyright>(c) Reuters Limited 1997</copyright>
<metadata>
<codes class="bip:countries:1.0">
  <code code="UK">
    <editdetail attribution="Reuters BIP Coding Group" action="confirmed" date="1997-03-20"/>
  </code>
</codes>
<codes class="bip:topics:1.0">
  <code code="GCAT">
    <editdetail attribution="Reuters BIP Coding Group" action="confirmed" date="1997-03-20"/>
  </code>
  <code code="GPOL">
    <editdetail attribution="Reuters BIP Coding Group" action="confirmed" date="1997-03-20"/>
  </code>
  <code code="GVOTE">
    <editdetail attribution="Reuters BIP Coding Group" action="confirmed" date="1997-03-20"/>
  </code>
</codes>
<dc element="dc.date.created" value="1997-03-20"/>
<dc element="dc.publisher" value="Reuters Holdings Plc"/>
<dc element="dc.date.published" value="1997-03-20"/>
<dc element="dc.source" value="Reuters"/>
<dc element="dc.creator.location" value="LONDON"/>
<dc element="dc.creator.location.country.name" value="UK"/>
<dc element="dc.source" value="Reuters"/>
</metadata>
</newsitem>
