<?xml version="1.0" encoding="iso-8859-1" ?>
<newsitem itemid="455543" id="root" date="1997-03-20" xml:lang="en">
<title>UK: FOCUS-Norwich Union unveils share giveaway.</title>
<headline>FOCUS-Norwich Union unveils share giveaway.</headline>
<byline>Simon Cowell</byline>
<dateline>LONDON 1997-03-20</dateline>
<text>
<p>About three million Norwich Union  policyholders are to receive free shares under flotation plans announced on Thursday that would value the insurer at about five billion pounds ($8 billion).</p>
<p>Almost two million will receive shares worth 800 pounds on average and another one million &quot;non-profit&quot; members of the mutually-owned insurance group will receive a fixed hand-out of shares worth between 330 and 400 pounds on the group's flotation in June.</p>
<p>The demutalisation and flotation - the first by a British insurer - will rank Norwich among Britain's largest 50 companies.</p>
<p>Norwich Union's 10,000 employees will share in the giveaway, receiving 150 shares each.</p>
<p>Norwich's adviser Dresdner Kleinwort Benson estimated the shares would be worth between 220 and 265 pence each had they been listed at the end of February.</p>
<p>The company, Britain's third largest life insurer, also unveiled plans to raise a further 1.75 billion pounds through an offer of new shares in May.</p>
<p>Existing Norwich members will be able to purchase shares at a discount, the size of which has yet to be finalised.</p>
<p>Members will vote on the proposals at an extraordinary meeting in London on April 18 with the company needing the backing of three-quarters of those who vote.</p>
<p>The size of the planned payouts is comfortably ahead of the 500 pounds many industry observers had expected.</p>
<p>Norwich chief executive Allan Bridegwater said he believed the group's mutual structure was no longer appropriate and that flotation was the best way forward for the company and its members.</p>
<p>&quot;The distribution of free shares represents a significant release of value to qualifying members,&quot; he said.</p>
<p>&quot;The discounted offer of additional shares will give members a further opportunity to participate in the future of Norwich Union.&quot;</p>
<p>The share handout will be worth a total of around 3.1 billion pounds. The two million with-profit members will receive a minimum of 300 shares with additional shares based on the value and duration of their holdings as of October 1, 1996.</p>
<p>Three-quarters of with-profit policyholders - life insurance policies which share in the investment profits of the life fund through bonuses - will get between 300 and 600 shares. Non-profit members will get a fixed allocation of 150 shares.</p>
<p>Most of Norwich Union's half-a-million overseas members will have the choice of a cash payment instead of free shares.</p>
<p>The flotation will allow the separation of the group's life operations from the risks associated with its more volatile and cyclical general business.</p>
<p>It will also strengthen the group's financial position and allow the core life business greater investment freedom.</p>
<p>The general insurance business will be transferred from the life fund to shareholder ownership and the life and pensions operations to a subsidiary company.</p>
<p>Norwich Union, which reported pre-tax profit in 1996 of 483 million pounds, said it believed the opportunities for sustained growth were good but that results in its general insurance arm would continue to be affected by pricing pressure in 1997, particularly in Britain.</p>
<p>Around 1.5 billion pounds of the money raised under today's plans will go into the with-profits fund to enable the company to continue to keep up policy benefits to existing policyholders.</p>
<p>The balance, less the 120 million pound cost of the flotation, will be used for corporate purposes.</p>
<p>While the company did not rule out the possibility of future acquisitions, it said it had no immediate plans to do so and was not &quot;raising a war chest.&quot;</p>
<p>Policyholders circulars were due to be mailed on Thursday and the group expects the prospectus for the additional share offer to be issued in May. ($ = 0.624 British Pounds)</p>
</text>
<copyright>(c) Reuters Limited 1997</copyright>
<metadata>
<codes class="bip:countries:1.0">
  <code code="UK">
    <editdetail attribution="Reuters BIP Coding Group" action="confirmed" date="1997-03-20"/>
  </code>
</codes>
<codes class="bip:industries:1.0">
  <code code="I82002">
    <editdetail attribution="Reuters BIP Coding Group" action="confirmed" date="1997-03-20"/>
  </code>
</codes>
<codes class="bip:topics:1.0">
  <code code="C17">
    <editdetail attribution="Reuters BIP Coding Group" action="confirmed" date="1997-03-20"/>
  </code>
  <code code="C171">
    <editdetail attribution="Reuters BIP Coding Group" action="confirmed" date="1997-03-20"/>
  </code>
  <code code="CCAT">
    <editdetail attribution="Reuters BIP Coding Group" action="confirmed" date="1997-03-20"/>
  </code>
</codes>
<dc element="dc.date.created" value="1997-03-20"/>
<dc element="dc.publisher" value="Reuters Holdings Plc"/>
<dc element="dc.date.published" value="1997-03-20"/>
<dc element="dc.source" value="Reuters"/>
<dc element="dc.creator.location" value="LONDON"/>
<dc element="dc.creator.location.country.name" value="UK"/>
<dc element="dc.source" value="Reuters"/>
</metadata>
</newsitem>
