<?xml version="1.0" encoding="iso-8859-1" ?>
<newsitem itemid="455519" id="root" date="1997-03-20" xml:lang="en">
<title>ESTONIA: KAIJA OPTIMISTIC ON 1997.</title>
<headline>KAIJA OPTIMISTIC ON 1997.</headline>
<dateline>TALLINN 1997-03-20</dateline>
<text>
<p>Latvian fish cannery Kaija plans a 20 percent increase in profits in 1997 and that sales volume would be 14.45 million lats, chairman Arno Karklinsh told Reuters on Thursday.</p>
<p>He did not give a figure for 1996 profits as he said they were not yet available.</p>
<p>He also said that sales in January and February were &quot;significantly higher&quot; than sales in the same months in 1996.</p>
<p>Karklinsh also said that production in January and February was 2,110 tonnes of product of which it sold 1,715 tonnes.</p>
<p>Production figures for January and February in 1996 were 1,871 tonnes of which it sold 1,473 tonnes.</p>
<p>&quot;In 1997 we plan to introduce more than 20 new types of produce, including culinary products,&quot; Karklinsh said.</p>
<p>Kaija is the largest ocean fish producer in the Baltic states, with some 70 percent of raw material being ocean catch.</p>
<p>The main markets are still Russia and the CIS although more attention is to be devoted to the Baltics, especially Lithuania.</p>
<p>-- Martinsh Gravitis, Riga Newsroom, +371 721 5240</p>
</text>
<copyright>(c) Reuters Limited 1997</copyright>
<metadata>
<codes class="bip:countries:1.0">
  <code code="LATV">
    <editdetail attribution="Reuters BIP Coding Group" action="confirmed" date="1997-03-20"/>
  </code>
</codes>
<codes class="bip:industries:1.0">
  <code code="I41500">
    <editdetail attribution="Reuters BIP Coding Group" action="confirmed" date="1997-03-20"/>
  </code>
</codes>
<codes class="bip:topics:1.0">
  <code code="C15">
    <editdetail attribution="Reuters BIP Coding Group" action="confirmed" date="1997-03-20"/>
  </code>
  <code code="C152">
    <editdetail attribution="Reuters BIP Coding Group" action="confirmed" date="1997-03-20"/>
  </code>
  <code code="CCAT">
    <editdetail attribution="Reuters BIP Coding Group" action="confirmed" date="1997-03-20"/>
  </code>
</codes>
<dc element="dc.date.created" value="1997-03-20"/>
<dc element="dc.publisher" value="Reuters Holdings Plc"/>
<dc element="dc.date.published" value="1997-03-20"/>
<dc element="dc.source" value="Reuters"/>
<dc element="dc.creator.location" value="TALLINN"/>
<dc element="dc.creator.location.country.name" value="ESTONIA"/>
<dc element="dc.source" value="Reuters"/>
</metadata>
</newsitem>
