<?xml version="1.0" encoding="iso-8859-1" ?>
<newsitem itemid="455563" id="root" date="1997-03-20" xml:lang="en">
<title>UK: NWE fuel oil products end firm in thin trade.</title>
<headline>NWE fuel oil products end firm in thin trade.</headline>
<dateline>LONDON 1997-03-20</dateline>
<text>
<p>NWE fuel oil prices lifted gently on Thursday as crude futures held up, but little real business was done with traders sceptical higher values will hold.</p>
<p>Fuel oil barge prices rose by $2 in the morning to trade at $92 fob ARA before settling back, with deals done at $90.50 and $88.50.</p>
<p>Bunker interest was stronger than usual and was being aggressively pursued by one refiner, dealers said.</p>
<p>The high sulphur cargo market was stable after its recent rise with utilities happy to wait for the product to lose the boost inherited from this week's futures rally.</p>
<p>&quot;Numbers have gone up on the back of paper and nothing else,&quot; said one hesitant buyer. &quot;There's a few dollars to come of those values yet.&quot;</p>
<p>Low sulphur barges were up on the back of short prompt supply. One refiner said he bought at $95 fob ARA on Tuesday and had been told figures were now higher.</p>
<p>&quot;It will be difficult to find product now for less than $96 (fob ARA),&quot; he said.</p>
<p>The low sulphur cargo market was thin, with values held down by weakness in the straight-run sector, where storage problems have released stocks of cheap material. Traders anticipated value creeping back as cargoes clear.</p>
<p>With oil product prices higher across the board in northern Europe since last week, two European refineries were confident enough of profit margins to restore cuts in plant throughputs.</p>
<p>Margins for a complex Rotterdam refinery have risen to $1.14 a barrel compared with 80 cents at the beginning of the month, according to Reuters price date using standard product yields.</p>
<p>-- Sean Maguire, London newsroom +44 171 542 8060</p>
</text>
<copyright>(c) Reuters Limited 1997</copyright>
<metadata>
<codes class="bip:countries:1.0">
  <code code="UK">
    <editdetail attribution="Reuters BIP Coding Group" action="confirmed" date="1997-03-20"/>
  </code>
</codes>
<codes class="bip:topics:1.0">
  <code code="M14">
    <editdetail attribution="Reuters BIP Coding Group" action="confirmed" date="1997-03-20"/>
  </code>
  <code code="M143">
    <editdetail attribution="Reuters BIP Coding Group" action="confirmed" date="1997-03-20"/>
  </code>
  <code code="MCAT">
    <editdetail attribution="Reuters BIP Coding Group" action="confirmed" date="1997-03-20"/>
  </code>
</codes>
<dc element="dc.date.created" value="1997-03-20"/>
<dc element="dc.publisher" value="Reuters Holdings Plc"/>
<dc element="dc.date.published" value="1997-03-20"/>
<dc element="dc.source" value="Reuters"/>
<dc element="dc.creator.location" value="LONDON"/>
<dc element="dc.creator.location.country.name" value="UK"/>
<dc element="dc.source" value="Reuters"/>
</metadata>
</newsitem>
