<?xml version="1.0" encoding="iso-8859-1" ?>
<newsitem itemid="455559" id="root" date="1997-03-20" xml:lang="en">
<title>UK: RTRS-Canadian gold exploration firms head home.</title>
<headline>RTRS-Canadian gold exploration firms head home.</headline>
<dateline>LONDON 1997-03-20</dateline>
<text>
<p>Canadian gold exploration firms are returning home after branching out abroad, discovering a huge untapped domestic potential, a geologist told a seminar in London.</p>
<p>&quot;There's been a resurgent emphasis on Canada over the last few years,&quot; said Francois Robert, a research scientist with the Geological Survey of Canada.</p>
<p>Firms are finding new types of deposits in traditional mining areas as well as hitting classical types of targets in remote areas which have never been mined before, he said at a seminar sponsored by the Canadian government.</p>
<p>Only 35-40 percent of the vast country has been mapped sufficiently for exploration purposes, Robert said.</p>
<p>Canadian firms have gone increasingly abroad over the past decade, exploring for gold in Latin America, Africa and Asia.</p>
<p>But over the past few years many firms have come home to discover, for example, new deep sulphidic deposits in Canada's traditional mining region of the Abitibi Belt, where quartz vein deposits have been the norm.</p>
<p>One example is the Harker-Holloway area of the Abitibi Belt, where Battle Mountain Gold Co is set to start mining the Lightning Zone mine in May, which is 200-250 metres underground, Robert said.</p>
<p>The mine has reserves of 5.8 million tonnes with 6.7 grams of gold per tonne.</p>
<p>&quot;There's tremendous potential to find new deep discoveries in Abitibi,&quot; Robert said.</p>
<p>There is also growing activity in areas which have never seen miners before.</p>
<p>In the Meliadine District of Hudson Bay, not a traditional mining area, two junior firms found quartz vein deposits, he said.</p>
<p>Comaplex Minerals Corp and Cumberland Resources Ltd found 670,000 tonnes at 9.94 grams of gold per tonne at the Discovery site in North West Territories.</p>
<p>Canadian gold production is estimated to have risen last year from 149 tonnes in 1995, but the figures have not been finalised, Robert said.</p>
<p>This is down from a peak in 1991 of nearly 180 tonnes, which matched a similar level in the early 1940s.</p>
<p>--Eric Onstad, London Newsroom +44 171 542-8065</p>
</text>
<copyright>(c) Reuters Limited 1997</copyright>
<metadata>
<codes class="bip:countries:1.0">
  <code code="CANA">
    <editdetail attribution="Reuters BIP Coding Group" action="confirmed" date="1997-03-20"/>
  </code>
  <code code="UK">
    <editdetail attribution="Reuters BIP Coding Group" action="confirmed" date="1997-03-20"/>
  </code>
</codes>
<codes class="bip:industries:1.0">
  <code code="I21000">
    <editdetail attribution="Reuters BIP Coding Group" action="confirmed" date="1997-03-20"/>
  </code>
  <code code="I23000">
    <editdetail attribution="Reuters BIP Coding Group" action="confirmed" date="1997-03-20"/>
  </code>
</codes>
<codes class="bip:topics:1.0">
  <code code="C11">
    <editdetail attribution="Reuters BIP Coding Group" action="confirmed" date="1997-03-20"/>
  </code>
  <code code="C24">
    <editdetail attribution="Reuters BIP Coding Group" action="confirmed" date="1997-03-20"/>
  </code>
  <code code="CCAT">
    <editdetail attribution="Reuters BIP Coding Group" action="confirmed" date="1997-03-20"/>
  </code>
</codes>
<dc element="dc.date.created" value="1997-03-20"/>
<dc element="dc.publisher" value="Reuters Holdings Plc"/>
<dc element="dc.date.published" value="1997-03-20"/>
<dc element="dc.source" value="Reuters"/>
<dc element="dc.creator.location" value="LONDON"/>
<dc element="dc.creator.location.country.name" value="UK"/>
<dc element="dc.source" value="Reuters"/>
</metadata>
</newsitem>
