<?xml version="1.0" encoding="iso-8859-1" ?>
<newsitem itemid="455593" id="root" date="1997-03-20" xml:lang="en">
<title>UK: UK air cargo agent Pace re-opens Manchester office.</title>
<headline>UK air cargo agent Pace re-opens Manchester office.</headline>
<dateline>LONDON 1997-03-20</dateline>
<text>
<p>UK cargo general sales agent Pace Airline Services, said it has re-opened a sales and reservations office at Manchester Airport after an absence of more than two years.</p>
<p>It added that this was due to increasing demand from local and north-west England regional customers.</p>
<p>Along with Manchester, in February 1995 Pace closed its London Heathrow and Glasgow offices to locate all central reservations operations in Birmingham.</p>
<p>With effect from April 1, the company said it will transfer its headquarters and central reservations office to Longford, Middlesex, near Heathrow.</p>
<p>The new Manchester operations will be managed by northern regional director Allan Burck and reservations manager Sarah Strutt.</p>
<p>Pace also has offices in Glasgow, Dublin, Chicago, Kiev and Beijing.</p>
<p>Its cargo GSA clients include Air China, Britannia Airways, CSA Czech Airlines, Korean Airlines, Malev Hungarian Airlines, TAP-Air Portugal, Sabena, Ukraine International Airlines and United Airlines.</p>
<p>-Reuters Air Cargo Newsroom Tel +44 171 542 7706; fax +5017</p>
</text>
<copyright>(c) Reuters Limited 1997</copyright>
<metadata>
<codes class="bip:countries:1.0">
  <code code="UK">
    <editdetail attribution="Reuters BIP Coding Group" action="confirmed" date="1997-03-20"/>
  </code>
</codes>
<codes class="bip:industries:1.0">
  <code code="I77002">
    <editdetail attribution="Reuters BIP Coding Group" action="confirmed" date="1997-03-20"/>
  </code>
</codes>
<codes class="bip:topics:1.0">
  <code code="C11">
    <editdetail attribution="Reuters BIP Coding Group" action="confirmed" date="1997-03-20"/>
  </code>
  <code code="C24">
    <editdetail attribution="Reuters BIP Coding Group" action="confirmed" date="1997-03-20"/>
  </code>
  <code code="CCAT">
    <editdetail attribution="Reuters BIP Coding Group" action="confirmed" date="1997-03-20"/>
  </code>
</codes>
<dc element="dc.date.created" value="1997-03-20"/>
<dc element="dc.publisher" value="Reuters Holdings Plc"/>
<dc element="dc.date.published" value="1997-03-20"/>
<dc element="dc.source" value="Reuters"/>
<dc element="dc.creator.location" value="LONDON"/>
<dc element="dc.creator.location.country.name" value="UK"/>
<dc element="dc.source" value="Reuters"/>
</metadata>
</newsitem>
