<?xml version="1.0" encoding="iso-8859-1" ?>
<newsitem itemid="455507" id="root" date="1997-03-20" xml:lang="en">
<title>HUNGARY: HUNGARY FARMERS SAY BLOCKADE THREAT STILL STANDS.</title>
<headline>HUNGARY FARMERS SAY BLOCKADE THREAT STILL STANDS.</headline>
<dateline>BUDAPEST 1997-03-20</dateline>
<text>
<p>Hungarian farmers' union METESZ maintained its threat on Thursday to blockade border crossings after what it said was a government refusal of further talks.</p>
<p>&quot;The government has squarely refused our Wednesday offer for negotiations,&quot; METESZ's leader Gyula Kosa told Reuters. &quot;We do not expect any further development today and we will decide on Friday morning what the next step will be&quot;.</p>
<p>The union sent an ultimatum to the government on Monday threatening to block border crossings and roads to Budapest unless a demand for unconditional tax relief for farmers earning less than 1.5 million forints ($8,500) a year is met.</p>
<p>Interior Minister Gabor Kuncze warned the farmers on Wednesday that police would prevent METESZ, which is one of several farmers unions, from carrying out its threat.</p>
<p>Jozsef Veress, deputy cabinet chief of Prime Minister Gyula Horn, sent a letter to METESZ on Wednesday inviting its leaders to take part in a nationwide debate about a newly devised 10-year farming policy draft.</p>
<p>The letter said most of METESZ's claims are connected to the farming policy draft and the government is prepared to discuss all the issues within the framework of the nationwide debate.</p>
<p>Horn has ceded to farmers' union demands for roundtable talks to solve the crisis that has hit Hungarian agriculture. He announced on Tuesday that the talks would take place on April 25 to 27.</p>
<p>Veress's letter also said the government has already yielded to 10 of an original set of 14 demands from METESZ and that the union has failed to show up at two tentative meetings with government officials.</p>
<p>A February demonstration in the central Hungarian town of Kiskoros sparked a series of farmers' protests following the government's 1997 income and social security tax increases for individual farmers.</p>
<p>Hungary has almost 30 farmers' unions which sometimes have conflicting interests regarding land ownership, taxation and subsidy issues.</p>
</text>
<copyright>(c) Reuters Limited 1997</copyright>
<metadata>
<codes class="bip:countries:1.0">
  <code code="HUNG">
    <editdetail attribution="Reuters BIP Coding Group" action="confirmed" date="1997-03-20"/>
  </code>
</codes>
<codes class="bip:industries:1.0">
  <code code="I01000">
    <editdetail attribution="Reuters BIP Coding Group" action="confirmed" date="1997-03-20"/>
  </code>
</codes>
<codes class="bip:topics:1.0">
  <code code="C42">
    <editdetail attribution="Reuters BIP Coding Group" action="confirmed" date="1997-03-20"/>
  </code>
  <code code="CCAT">
    <editdetail attribution="Reuters BIP Coding Group" action="confirmed" date="1997-03-20"/>
  </code>
  <code code="E41">
    <editdetail attribution="Reuters BIP Coding Group" action="confirmed" date="1997-03-20"/>
  </code>
  <code code="ECAT">
    <editdetail attribution="Reuters BIP Coding Group" action="confirmed" date="1997-03-20"/>
  </code>
  <code code="GCAT">
    <editdetail attribution="Reuters BIP Coding Group" action="confirmed" date="1997-03-20"/>
  </code>
  <code code="GJOB">
    <editdetail attribution="Reuters BIP Coding Group" action="confirmed" date="1997-03-20"/>
  </code>
  <code code="GVIO">
    <editdetail attribution="Reuters BIP Coding Group" action="confirmed" date="1997-03-20"/>
  </code>
</codes>
<dc element="dc.date.created" value="1997-03-20"/>
<dc element="dc.publisher" value="Reuters Holdings Plc"/>
<dc element="dc.date.published" value="1997-03-20"/>
<dc element="dc.source" value="Reuters"/>
<dc element="dc.creator.location" value="BUDAPEST"/>
<dc element="dc.creator.location.country.name" value="HUNGARY"/>
<dc element="dc.source" value="Reuters"/>
</metadata>
</newsitem>
