<?xml version="1.0" encoding="iso-8859-1" ?>
<newsitem itemid="455516" id="root" date="1997-03-20" xml:lang="en">
<title>LATVIA: DIVIDENDS TO BE PAID VIA DEPOSITORY.</title>
<headline>DIVIDENDS TO BE PAID VIA DEPOSITORY.</headline>
<dateline>RIGA 1997-03-20</dateline>
<text>
<p>Latvia's central depository said on Thursday it has introduced new rules for the payment of dividends, which means payments will be made via the depository.</p>
<p>&quot;Dividend payments will take place through the depository, which is the accepted practice elsewhere in the world,&quot; depository president Martinsh Rikshis told a news conference.</p>
<p>The regulations, effective from March 14, provide for dividends or interest on fixed interest paper to be paid through both the depository and account holders, brokerages or banks.</p>
<p>A company will transfer money on the pay day into the depository account, which transfers it to the account holder.</p>
<p>The account holder will transfer money into the account of the share owner, he added.</p>
<p>The depository has to receive information on the dividend calculation date, the payment date and the amount to be paid.</p>
<p>The calculation date has to be set at an earliest 10 days after a decision on dividend payment has been taken.</p>
<p>The payment day has to be set earliest on the third day after the calculation date.</p>
<p>This would replace the earlier practice whereby the company informed about the amount of money it has to transfer to the account holder without the actual transfer of money through the depository.</p>
<p>-- Riga Newsroom +371 721 5240</p>
</text>
<copyright>(c) Reuters Limited 1997</copyright>
<metadata>
<codes class="bip:countries:1.0">
  <code code="LATV">
    <editdetail attribution="Reuters BIP Coding Group" action="confirmed" date="1997-03-20"/>
  </code>
</codes>
<codes class="bip:topics:1.0">
  <code code="C13">
    <editdetail attribution="Reuters BIP Coding Group" action="confirmed" date="1997-03-20"/>
  </code>
  <code code="C15">
    <editdetail attribution="Reuters BIP Coding Group" action="confirmed" date="1997-03-20"/>
  </code>
  <code code="C151">
    <editdetail attribution="Reuters BIP Coding Group" action="confirmed" date="1997-03-20"/>
  </code>
  <code code="CCAT">
    <editdetail attribution="Reuters BIP Coding Group" action="confirmed" date="1997-03-20"/>
  </code>
</codes>
<dc element="dc.date.created" value="1997-03-20"/>
<dc element="dc.publisher" value="Reuters Holdings Plc"/>
<dc element="dc.date.published" value="1997-03-20"/>
<dc element="dc.source" value="Reuters"/>
<dc element="dc.creator.location" value="RIGA"/>
<dc element="dc.creator.location.country.name" value="LATVIA"/>
<dc element="dc.source" value="Reuters"/>
</metadata>
</newsitem>
