<?xml version="1.0" encoding="iso-8859-1" ?>
<newsitem itemid="455502" id="root" date="1997-03-20" xml:lang="en">
<title>MACEDONIA: MACEDONIA FOREX RESERVES FELL FEB TO $250.6 MLN.</title>
<headline>MACEDONIA FOREX RESERVES FELL FEB TO $250.6 MLN.</headline>
<dateline>SKOPJE 1997-03-20</dateline>
<text>
<p>The National Bank of Macedonia (NBM)  said on Thursday foreign exchange reserves fell to $250.6 million in February from $254 million in January. The NBM gave no further details. -- Sofia Newsroom, 359-2-84561</p>
</text>
<copyright>(c) Reuters Limited 1997</copyright>
<metadata>
<codes class="bip:countries:1.0">
  <code code="MCDNIA">
    <editdetail attribution="Reuters BIP Coding Group" action="confirmed" date="1997-03-20"/>
  </code>
</codes>
<codes class="bip:topics:1.0">
  <code code="E51">
    <editdetail attribution="Reuters BIP Coding Group" action="confirmed" date="1997-03-20"/>
  </code>
  <code code="E513">
    <editdetail attribution="Reuters BIP Coding Group" action="confirmed" date="1997-03-20"/>
  </code>
  <code code="ECAT">
    <editdetail attribution="Reuters BIP Coding Group" action="confirmed" date="1997-03-20"/>
  </code>
</codes>
<dc element="dc.date.created" value="1997-03-20"/>
<dc element="dc.publisher" value="Reuters Holdings Plc"/>
<dc element="dc.date.published" value="1997-03-20"/>
<dc element="dc.source" value="Reuters"/>
<dc element="dc.creator.location" value="SKOPJE"/>
<dc element="dc.creator.location.country.name" value="MACEDONIA"/>
<dc element="dc.source" value="Reuters"/>
</metadata>
</newsitem>
