<?xml version="1.0" encoding="iso-8859-1" ?>
<newsitem itemid="455551" id="root" date="1997-03-20" xml:lang="en">
<title>UK: LONDON CURRENCY AND GOLD BULLION RATES.</title>
<headline>LONDON CURRENCY AND GOLD BULLION RATES.</headline>
<text>
<p>LONDON, Reuter - Following are the buying and selling rates for leading world currencies and gold against the dollar on the London foreign exchange and bullion markets today.</p>
<p>(Tourist rates will differ from those quoted)</p>
<p>US$1.00 COSTS    1.3790/95  Canadian Dollars</p>
<p>		     1.6920/30  German Marks</p>
<p>		     1.9060/70  Dutch Guilders</p>
<p>		     1.4530/40  Swiss Francs</p>
<p>		     34.90/91   Belgian Francs</p>
<p>		     5.7130/60  French Francs</p>
<p>		     1692.0/3.0 Italian Lire</p>
<p>		     123.73/78  Japanese Yen</p>
<p>		     7.6808/83  Swedish Crowns</p>
<p>		     6.7785/05  Norwegian Crowns</p>
<p>		     6.4571/91  Danish Crowns</p>
<p>		     1.4468/73  Singapore Dollars</p>
<p>		     0.7865/70  Australian Dollars</p>
<p>		     7.7470/75  Hong Kong Dollars</p>
<p>One Sterling     US$1.5930/40</p>
<p>Gold (ounce)     US$351.25/351.75</p>
</text>
<copyright>(c) Reuters Limited 1997</copyright>
<metadata>
<codes class="bip:countries:1.0">
  <code code="UK">
    <editdetail attribution="Reuters BIP Coding Group" action="confirmed" date="1997-03-20"/>
  </code>
</codes>
<codes class="bip:topics:1.0">
  <code code="M13">
    <editdetail attribution="Reuters BIP Coding Group" action="confirmed" date="1997-03-20"/>
  </code>
  <code code="M132">
    <editdetail attribution="Reuters BIP Coding Group" action="confirmed" date="1997-03-20"/>
  </code>
  <code code="M14">
    <editdetail attribution="Reuters BIP Coding Group" action="confirmed" date="1997-03-20"/>
  </code>
  <code code="M142">
    <editdetail attribution="Reuters BIP Coding Group" action="confirmed" date="1997-03-20"/>
  </code>
  <code code="MCAT">
    <editdetail attribution="Reuters BIP Coding Group" action="confirmed" date="1997-03-20"/>
  </code>
</codes>
<dc element="dc.publisher" value="Reuters Holdings Plc"/>
<dc element="dc.date.published" value="1997-03-20"/>
<dc element="dc.source" value="Reuters"/>
<dc element="dc.creator.location.country.name" value="UK"/>
<dc element="dc.source" value="Reuters"/>
</metadata>
</newsitem>
