<?xml version="1.0" encoding="iso-8859-1" ?>
<newsitem itemid="455512" id="root" date="1997-03-20" xml:lang="en">
<title>LITHUANIA: EXPORT PROMOTION PLAN TO START IN APRIL.</title>
<headline>EXPORT PROMOTION PLAN TO START IN APRIL.</headline>
<dateline>VILNIUS 1997-03-20</dateline>
<text>
<p>Lithuanian Prime Minister Gediminas Vagnorius said on Thursday that the government's export-promotion and credit programme would begin in April.</p>
<p>Under the programme, unveiled earlier this year, the government plans to provide guarantees to banks for loans given to export-oriented companies.</p>
<p>It has set aside 45 million litas in the 1997 budget to cover the programme.</p>
<p>&quot;The mechanism should be ready in three weeks, and both smaller and bigger industrial companies should be ready to make use of it in April,&quot; Vagnorius said at a news conference.</p>
<p>Boosting exports was a key plank in the government's platform during last fall's election campaign.</p>
<p>--Andrius Vilkancas, Vilnius newsroom +370 2 22 35 17</p>
</text>
<copyright>(c) Reuters Limited 1997</copyright>
<metadata>
<codes class="bip:countries:1.0">
  <code code="LITH">
    <editdetail attribution="Reuters BIP Coding Group" action="confirmed" date="1997-03-20"/>
  </code>
</codes>
<codes class="bip:topics:1.0">
  <code code="E51">
    <editdetail attribution="Reuters BIP Coding Group" action="confirmed" date="1997-03-20"/>
  </code>
  <code code="E512">
    <editdetail attribution="Reuters BIP Coding Group" action="confirmed" date="1997-03-20"/>
  </code>
  <code code="ECAT">
    <editdetail attribution="Reuters BIP Coding Group" action="confirmed" date="1997-03-20"/>
  </code>
</codes>
<dc element="dc.date.created" value="1997-03-20"/>
<dc element="dc.publisher" value="Reuters Holdings Plc"/>
<dc element="dc.date.published" value="1997-03-20"/>
<dc element="dc.source" value="Reuters"/>
<dc element="dc.creator.location" value="VILNIUS"/>
<dc element="dc.creator.location.country.name" value="LITHUANIA"/>
<dc element="dc.source" value="Reuters"/>
</metadata>
</newsitem>
