<?xml version="1.0" encoding="iso-8859-1" ?>
<newsitem itemid="455599" id="root" date="1997-03-20" xml:lang="en">
<title>UK: GDR REPORT-India GDRs climb on steady volumes.</title>
<headline>GDR REPORT-India GDRs climb on steady volumes.</headline>
<dateline>LONDON 1997-03-20</dateline>
<text>
<p>Indian global depository receipts (GDRs) posted steady gains on good volumes on Thursday, traders said.</p>
<p>They said gains in Bombay had supported the market, which was attracting buyers despite concern that an impending issue by VSNL could dampen demand in the market.</p>
<p>The Bombay Stock Exchange 30 share index rose 1.17 percent to 3,732.05.</p>
<p>Bajaj, Hindalco and SBI attracted good volumes, traders said, Bajaj adding $1.31 to $31.00/$32.00.</p>
<p>The HSBC James Capel Indian GDR index added 0.62 percent by the close to 74.32, while the premium rose to 17.05 percent from 16.89 percent.</p>
<p>In other Asian markets, the Capel Taiwan GDR Index added 0.77 point to 118.91. The discount to the local market was 0.63 percent.</p>
<p>The Capel Korea GDR Index ended 1.31 points lower at 55.69, while the premium fell to 34.20 from 39.20 percent.</p>
<p>-- Andrew Gill, London Newsroom +44 171 542 5887 (fax +44 171 583 7239)</p>
</text>
<copyright>(c) Reuters Limited 1997</copyright>
<metadata>
<codes class="bip:countries:1.0">
  <code code="HKONG">
    <editdetail attribution="Reuters BIP Coding Group" action="confirmed" date="1997-03-20"/>
  </code>
  <code code="INDIA">
    <editdetail attribution="Reuters BIP Coding Group" action="confirmed" date="1997-03-20"/>
  </code>
  <code code="TAIWAN">
    <editdetail attribution="Reuters BIP Coding Group" action="confirmed" date="1997-03-20"/>
  </code>
  <code code="UK">
    <editdetail attribution="Reuters BIP Coding Group" action="confirmed" date="1997-03-20"/>
  </code>
</codes>
<codes class="bip:topics:1.0">
  <code code="M11">
    <editdetail attribution="Reuters BIP Coding Group" action="confirmed" date="1997-03-20"/>
  </code>
  <code code="MCAT">
    <editdetail attribution="Reuters BIP Coding Group" action="confirmed" date="1997-03-20"/>
  </code>
</codes>
<dc element="dc.date.created" value="1997-03-20"/>
<dc element="dc.publisher" value="Reuters Holdings Plc"/>
<dc element="dc.date.published" value="1997-03-20"/>
<dc element="dc.source" value="Reuters"/>
<dc element="dc.creator.location" value="LONDON"/>
<dc element="dc.creator.location.country.name" value="UK"/>
<dc element="dc.source" value="Reuters"/>
</metadata>
</newsitem>
