<?xml version="1.0" encoding="iso-8859-1" ?>
<newsitem itemid="455522" id="root" date="1997-03-20" xml:lang="en">
<title>LITHUANIA: LITHUANIA- BIRZAI TO KEEP 1996 PROFITS IN COMPANY.</title>
<headline>LITHUANIA- BIRZAI TO KEEP 1996 PROFITS IN COMPANY.</headline>
<dateline>VILNIUS 1997-03-20</dateline>
<text>
<p>Birzai Dairy, one of Lithuania's leading dairies, said on Thursday that it planned to reinvest all of its 1996 profits to upgrade its production lines.</p>
<p>&quot;We will propose to our shareholders at the general meeting next week to retain all of our profits from last year within the company,&quot; Birzai's general director Vladas Songaila told Reuters by telephone.</p>
<p>&quot;We have already reached an agreement on this issue with our major shareholders,&quot; he added.</p>
<p>He said that the profits and the capital raised from the company's $6.0 million global depository receipt (GDR) issue last year would be used to upgrade production lines.</p>
<p>He said that the work would begin in April and be completed by June.</p>
<p>The company's unaudited results from 1996 showed a 1.9 million litas net profit versus 3.8 million litas the previous year.</p>
<p>--Andrius Vilkancas, Vilnius newsroom +370 2 22 35 18</p>
</text>
<copyright>(c) Reuters Limited 1997</copyright>
<metadata>
<codes class="bip:countries:1.0">
  <code code="LITH">
    <editdetail attribution="Reuters BIP Coding Group" action="confirmed" date="1997-03-20"/>
  </code>
</codes>
<codes class="bip:industries:1.0">
  <code code="I41300">
    <editdetail attribution="Reuters BIP Coding Group" action="confirmed" date="1997-03-20"/>
  </code>
</codes>
<codes class="bip:topics:1.0">
  <code code="C11">
    <editdetail attribution="Reuters BIP Coding Group" action="confirmed" date="1997-03-20"/>
  </code>
  <code code="C15">
    <editdetail attribution="Reuters BIP Coding Group" action="confirmed" date="1997-03-20"/>
  </code>
  <code code="C151">
    <editdetail attribution="Reuters BIP Coding Group" action="confirmed" date="1997-03-20"/>
  </code>
  <code code="C1511">
    <editdetail attribution="Reuters BIP Coding Group" action="confirmed" date="1997-03-20"/>
  </code>
  <code code="CCAT">
    <editdetail attribution="Reuters BIP Coding Group" action="confirmed" date="1997-03-20"/>
  </code>
</codes>
<dc element="dc.date.created" value="1997-03-20"/>
<dc element="dc.publisher" value="Reuters Holdings Plc"/>
<dc element="dc.date.published" value="1997-03-20"/>
<dc element="dc.source" value="Reuters"/>
<dc element="dc.creator.location" value="VILNIUS"/>
<dc element="dc.creator.location.country.name" value="LITHUANIA"/>
<dc element="dc.source" value="Reuters"/>
</metadata>
</newsitem>
