<?xml version="1.0" encoding="iso-8859-1" ?>
<newsitem itemid="455541" id="root" date="1997-03-20" xml:lang="en">
<title>UK: Guinness posts higher profits, sees encouraging signs.</title>
<headline>Guinness posts higher profits, sees encouraging signs.</headline>
<dateline>LONDON</dateline>
<text>
<p>Guinness Plc posted an 11 percent rise in 1996 pretax profits to 975 million pounds ($1.56 billion) Thursday, aided by strength of its distilled spirits.</p>
<p>&quot;We have seen in developed markets, and particularly in the United States, the start of a turnaround, for the first time since the early 1980's,&quot; said Chairman Tony Greener.</p>
<p>Sales volumes at United Distillers (UD), the company's spirits arm, rose 1 percent in 1996 to 45.7 million cases, an increase of 0.6 million on 1995. UD achieved an overall average price increase in the year of around 1.5 percent and Greener made positive remarks about the climate for pricing in the coming year.</p>
<p>&quot;Going forward our feeling is the climate for pricing is improving and in terms of Scotch (whisky) volume we would expect to see the underlying rate of growth on Scotch sales improving again.&quot;</p>
<p>Greener said the company had already announced a number of price increases for the coming year, &quot;Our sense is the overall climate for price increases will be somewhat more favourable this year.&quot;</p>
<p>Scotch whisky sales at 25.7 million cases were 1 percent below the comparable 1995 level due to deliberately reduced shipments designed to reduce trade stock levels.</p>
<p>&quot;Sales of Johnnie Walker Black Label were up by 6 percent. So we are really seeing a good strong performance at consumer level in the States which I really think is encouraging,&quot; he said.</p>
<p>The company has announced a 2 percent price rise in the United States, due to come into effect on July 1.</p>
<p>&quot;The U.S economy, being strong, is very helpful although in Europe, progress remains slow and we do not expect a big consumer bounceback in Germany and France,&quot; Greener said.</p>
</text>
<copyright>(c) Reuters Limited 1997</copyright>
<metadata>
<codes class="bip:countries:1.0">
  <code code="UK">
    <editdetail attribution="Reuters BIP Coding Group" action="confirmed" date="1997-03-20"/>
  </code>
</codes>
<codes class="bip:industries:1.0">
  <code code="I42700">
    <editdetail attribution="Reuters BIP Coding Group" action="confirmed" date="1997-03-20"/>
  </code>
</codes>
<codes class="bip:topics:1.0">
  <code code="C15">
    <editdetail attribution="Reuters BIP Coding Group" action="confirmed" date="1997-03-20"/>
  </code>
  <code code="C151">
    <editdetail attribution="Reuters BIP Coding Group" action="confirmed" date="1997-03-20"/>
  </code>
  <code code="C1511">
    <editdetail attribution="Reuters BIP Coding Group" action="confirmed" date="1997-03-20"/>
  </code>
  <code code="CCAT">
    <editdetail attribution="Reuters BIP Coding Group" action="confirmed" date="1997-03-20"/>
  </code>
</codes>
<dc element="dc.publisher" value="Reuters Holdings Plc"/>
<dc element="dc.date.published" value="1997-03-20"/>
<dc element="dc.source" value="Reuters"/>
<dc element="dc.creator.location" value="LONDON"/>
<dc element="dc.creator.location.country.name" value="UK"/>
<dc element="dc.source" value="Reuters"/>
</metadata>
</newsitem>
