<?xml version="1.0" encoding="iso-8859-1" ?>
<newsitem itemid="455530" id="root" date="1997-03-20" xml:lang="en">
<title>LATVIA: CENTRAL BANK FIXING FOR MARCH 21-23.</title>
<headline>CENTRAL BANK FIXING FOR MARCH 21-23.</headline>
<dateline>RIGA 1997-03-20</dateline>
<text>
<p>The Latvian central bank on Thursday set the following fixings for the lat, which are valid for the period from March 21 until March 23.</p>
<p>    ATS	 0.0489</p>
<p>    AUD	 0.457</p>
<p>    BEF	 0.0167</p>
<p>    CAD	 0.421</p>
<p>    CHF	 0.402</p>
<p>    CZK	 0.0199</p>
<p>    DEM	 0.344</p>
<p>    DKK	 0.0902</p>
<p>    ECU	 0.666</p>
<p>    EEK	 0.0430</p>
<p> 100ESP	 0.406</p>
<p>    FIM	 0.115</p>
<p>    FRF	 0.1021</p>
<p>    GBP	 0.928</p>
<p> 100HUF	 0.329</p>
<p> 100ITL	 0.0344</p>
<p> 100JPY	 0.472</p>
<p>    KGS	 0.0330</p>
<p>    LTL	 0.145</p>
<p>    MDL	 0.124</p>
<p>    NLG	 0.306</p>
<p>    NOK	 0.0857</p>
<p>    PLN	 0.188</p>
<p>1000RUR	 0.1014</p>
<p>    SDR	 0.7997</p>
<p>    SEK	 0.0754</p>
<p>    SKK	 0.0176</p>
<p>    USD	 0.580</p>
<p>XAU(gold) 203.89</p>
<p>-- Riga Newsoom +371 721 5240</p>
</text>
<copyright>(c) Reuters Limited 1997</copyright>
<metadata>
<codes class="bip:countries:1.0">
  <code code="LATV">
    <editdetail attribution="Reuters BIP Coding Group" action="confirmed" date="1997-03-20"/>
  </code>
</codes>
<codes class="bip:topics:1.0">
  <code code="M13">
    <editdetail attribution="Reuters BIP Coding Group" action="confirmed" date="1997-03-20"/>
  </code>
  <code code="M132">
    <editdetail attribution="Reuters BIP Coding Group" action="confirmed" date="1997-03-20"/>
  </code>
  <code code="MCAT">
    <editdetail attribution="Reuters BIP Coding Group" action="confirmed" date="1997-03-20"/>
  </code>
</codes>
<dc element="dc.date.created" value="1997-03-20"/>
<dc element="dc.publisher" value="Reuters Holdings Plc"/>
<dc element="dc.date.published" value="1997-03-20"/>
<dc element="dc.source" value="Reuters"/>
<dc element="dc.creator.location" value="RIGA"/>
<dc element="dc.creator.location.country.name" value="LATVIA"/>
<dc element="dc.source" value="Reuters"/>
</metadata>
</newsitem>
