<?xml version="1.0" encoding="iso-8859-1" ?>
<newsitem itemid="455525" id="root" date="1997-03-20" xml:lang="en">
<title>LITHUANIA: LITHUANIA- BIRZAI SAYS PROFIT UP IN JAN-FEB 97'.</title>
<headline>LITHUANIA- BIRZAI SAYS PROFIT UP IN JAN-FEB 97'.</headline>
<dateline>VILNIUS 1997-03-20</dateline>
<text>
<p>Lithuania's Birzai Dairy said on Thursday that its net profit in the first two months of 1997 doubled to 700,000 litas versus the same period in 1996.</p>
<p>&quot;Our profit doubled to 700,000 litas in the first two months' of this year compared to the same period last year,&quot; Birzai's general director Vladas Songaila told Reuters by telephone.</p>
<p>He did not say exactly what the figure was for the first two months of last year.</p>
<p>The company's unaudited results for 1996 show a net profit of 1.9 million litas versus 3.8 million litas the year before.</p>
<p>Songaila told Reuters that the company's audited figures, due out next week, would show almost the same results as the unaudited statement.</p>
<p>The company is one of the leading blue chip shares on Lithuania's bourse.</p>
<p>--Andrius Vilkancas, Vilnius newsroom +370 2 22 35 18</p>
</text>
<copyright>(c) Reuters Limited 1997</copyright>
<metadata>
<codes class="bip:countries:1.0">
  <code code="LITH">
    <editdetail attribution="Reuters BIP Coding Group" action="confirmed" date="1997-03-20"/>
  </code>
</codes>
<codes class="bip:industries:1.0">
  <code code="I41300">
    <editdetail attribution="Reuters BIP Coding Group" action="confirmed" date="1997-03-20"/>
  </code>
</codes>
<codes class="bip:topics:1.0">
  <code code="C15">
    <editdetail attribution="Reuters BIP Coding Group" action="confirmed" date="1997-03-20"/>
  </code>
  <code code="C151">
    <editdetail attribution="Reuters BIP Coding Group" action="confirmed" date="1997-03-20"/>
  </code>
  <code code="CCAT">
    <editdetail attribution="Reuters BIP Coding Group" action="confirmed" date="1997-03-20"/>
  </code>
</codes>
<dc element="dc.date.created" value="1997-03-20"/>
<dc element="dc.publisher" value="Reuters Holdings Plc"/>
<dc element="dc.date.published" value="1997-03-20"/>
<dc element="dc.source" value="Reuters"/>
<dc element="dc.creator.location" value="VILNIUS"/>
<dc element="dc.creator.location.country.name" value="LITHUANIA"/>
<dc element="dc.source" value="Reuters"/>
</metadata>
</newsitem>
