<?xml version="1.0" encoding="iso-8859-1" ?>
<newsitem itemid="455554" id="root" date="1997-03-20" xml:lang="en">
<title>UK: IPE Brent ends range-bound after NYMEX-led spurt.</title>
<headline>IPE Brent ends range-bound after NYMEX-led spurt.</headline>
<dateline>LONDON 1997-03-20</dateline>
<text>
<p>IPE Brent crude futures rallied to session highs in late dealing, pulled up by short-covering on the expiring April NYMEX contract, but fell back into mid-range at the close, dealers said.</p>
<p>May Brent closed 13 cents off at $20.19 a barrel, 36 cents below the session high posted in the last 20 minutes of trade.</p>
<p>&quot;There was no obvious explanation other than (short) liquidation on the (NYMEX) April contract,&quot; said a broker, referring to the late strength.</p>
<p>NYMEX April crude expired up six cents at $22.10 a barrel, pulling the prompt April/May spread out by five cents.  </p>
<p>Brent had spent much of the session trapped in a range between last Friday's low of $20.07 and $20.50, Tuesday's high.</p>
<p>But a finish below $20.32, Thursday's closing level, and the relatively light volumes suggested further losses could be looming, dealers said.</p>
<p>&quot;The trade is still not convinced, partly because there's a lot of oil in Europe,&quot; said a broker.</p>
<p>North Sea benchmark Dated Brent traded again on Thursday at a deep discount to the forward market, although there was some evidence that differentials for other regional crudes could be ready for a move higher.  </p>
<p>News some refiners in northwest Europe were restoring crude runs to normal levels after recent reductions due to poor margins was providing mild support, traders said.</p>
<p>Technical analysts said both the early downward correction on Brent and the subsequent recovery were expected, given a lacklustre close Wednesday and the ability of the May contract to hold above $19.61 a barrel, keeping intact the uptrend channel in place since the beginning of the month.</p>
<p>Earlier, IPE April gas oil closed at $173.00 a tonne, down $2 after hovering in a $172-$174 holding pattern in thin volumes. --Mark Thompson, London Newsroom +44 171 542 7930</p>
</text>
<copyright>(c) Reuters Limited 1997</copyright>
<metadata>
<codes class="bip:countries:1.0">
  <code code="UK">
    <editdetail attribution="Reuters BIP Coding Group" action="confirmed" date="1997-03-20"/>
  </code>
</codes>
<codes class="bip:topics:1.0">
  <code code="M14">
    <editdetail attribution="Reuters BIP Coding Group" action="confirmed" date="1997-03-20"/>
  </code>
  <code code="M143">
    <editdetail attribution="Reuters BIP Coding Group" action="confirmed" date="1997-03-20"/>
  </code>
  <code code="MCAT">
    <editdetail attribution="Reuters BIP Coding Group" action="confirmed" date="1997-03-20"/>
  </code>
</codes>
<dc element="dc.date.created" value="1997-03-20"/>
<dc element="dc.publisher" value="Reuters Holdings Plc"/>
<dc element="dc.date.published" value="1997-03-20"/>
<dc element="dc.source" value="Reuters"/>
<dc element="dc.creator.location" value="LONDON"/>
<dc element="dc.creator.location.country.name" value="UK"/>
<dc element="dc.source" value="Reuters"/>
</metadata>
</newsitem>
