<?xml version="1.0" encoding="iso-8859-1" ?>
<newsitem itemid="455528" id="root" date="1997-03-20" xml:lang="en">
<title>ESTONIA: PRODUCER PRICE INDEX UP 0.8 MO/MO IN FEB.</title>
<headline>PRODUCER PRICE INDEX UP 0.8 MO/MO IN FEB.</headline>
<dateline>TALLINN 1997-03-20</dateline>
<text>
<p>Estonia's Producer Price Index</p>
<p>(PPI) rose by a month-on-month 0.8 percent in February compared</p>
<p>to January's monthly 0.9 percent rise, the statistics office</p>
<p>said on Thursday.</p>
<p> PPI			  Feb 97  Jan 97  Feb 96</p>
<p> Month-on-month change    0.8    0.9	0.9</p>
<p> Year-on-year change	8.3    8.4     14.2</p>
</text>
<copyright>(c) Reuters Limited 1997</copyright>
<metadata>
<codes class="bip:countries:1.0">
  <code code="ESTNIA">
    <editdetail attribution="Reuters BIP Coding Group" action="confirmed" date="1997-03-20"/>
  </code>
</codes>
<codes class="bip:topics:1.0">
  <code code="E13">
    <editdetail attribution="Reuters BIP Coding Group" action="confirmed" date="1997-03-20"/>
  </code>
  <code code="E132">
    <editdetail attribution="Reuters BIP Coding Group" action="confirmed" date="1997-03-20"/>
  </code>
  <code code="ECAT">
    <editdetail attribution="Reuters BIP Coding Group" action="confirmed" date="1997-03-20"/>
  </code>
</codes>
<dc element="dc.date.created" value="1997-03-20"/>
<dc element="dc.publisher" value="Reuters Holdings Plc"/>
<dc element="dc.date.published" value="1997-03-20"/>
<dc element="dc.source" value="Reuters"/>
<dc element="dc.creator.location" value="TALLINN"/>
<dc element="dc.creator.location.country.name" value="ESTONIA"/>
<dc element="dc.source" value="Reuters"/>
</metadata>
</newsitem>
