<?xml version="1.0" encoding="iso-8859-1" ?>
<newsitem itemid="455527" id="root" date="1997-03-20" xml:lang="en">
<title>LITHUANIA: ROKISHKIS PROFIT UP IN FIRST TWO MONTHS '97.</title>
<headline>ROKISHKIS PROFIT UP IN FIRST TWO MONTHS '97.</headline>
<dateline>VILNIUS 1997-03-20</dateline>
<text>
<p>One of Lithuania's leading dairy companies, Rokishkis Cheese, had a 3.5 million litas net profit in the first two months of this year versus 600,000 litas in the same period in 1996, newspaper Lietuvos rytas reported on Thursday.</p>
<p>&quot;The profit has increased because the company does not have to pay profit taxes this year,&quot; the head of the company Antanas Trumpa told the newspaper.</p>
<p>The newspaper said the company was exempt from profit tax because it has eight million litas in foreign investments. Its total share capital is 30 million litas.</p>
<p>Investment bank Williams de Broe is one of the company's foreign owners, having bought a stake earlier this year.</p>
<p>The newspaper also said that Trumpa was sure that the profit of the company during the first quarter of 1997 will be at least five million litas and the profit for the entire year will be around 20 million litas.</p>
<p>The company's net profit in 1996 rose to 12.2 million litas from 9.3 million litas the previous year.</p>
<p>Rokishkis is one of the leading blue chip stocks on the Vilnius bourse.</p>
<p>--Andrius Vilkancas, Vilnius newsroom +370 2 22 35 18</p>
</text>
<copyright>(c) Reuters Limited 1997</copyright>
<metadata>
<codes class="bip:countries:1.0">
  <code code="LITH">
    <editdetail attribution="Reuters BIP Coding Group" action="confirmed" date="1997-03-20"/>
  </code>
</codes>
<codes class="bip:industries:1.0">
  <code code="I41300">
    <editdetail attribution="Reuters BIP Coding Group" action="confirmed" date="1997-03-20"/>
  </code>
</codes>
<codes class="bip:topics:1.0">
  <code code="C15">
    <editdetail attribution="Reuters BIP Coding Group" action="confirmed" date="1997-03-20"/>
  </code>
  <code code="C151">
    <editdetail attribution="Reuters BIP Coding Group" action="confirmed" date="1997-03-20"/>
  </code>
  <code code="CCAT">
    <editdetail attribution="Reuters BIP Coding Group" action="confirmed" date="1997-03-20"/>
  </code>
</codes>
<dc element="dc.date.created" value="1997-03-20"/>
<dc element="dc.publisher" value="Reuters Holdings Plc"/>
<dc element="dc.date.published" value="1997-03-20"/>
<dc element="dc.source" value="Reuters"/>
<dc element="dc.creator.location" value="VILNIUS"/>
<dc element="dc.creator.location.country.name" value="LITHUANIA"/>
<dc element="dc.source" value="Reuters"/>
</metadata>
</newsitem>
