<?xml version="1.0" encoding="iso-8859-1" ?>
<newsitem itemid="455514" id="root" date="1997-03-20" xml:lang="en">
<title>LITHUANIA: GOVERNMENT NOT TO BACK DOWN ON PRIVATISATION.</title>
<headline>GOVERNMENT NOT TO BACK DOWN ON PRIVATISATION.</headline>
<dateline>VILNIUS 1997-03-20</dateline>
<text>
<p>Lithuanian Prime Minister Gediminas Vagnorius said on Thursday that the government would not back down on its privatisation plans despite a growing chorus of protests from public sector employees.</p>
<p>&quot;The political decision has been made...we will carry out privatisation even if administrators from certain companies object,&quot; Vagnorius told Reuters after a news conference.</p>
<p>Vagnorius' government has committed itself to completing the privatisation process started during his first term of office in 1991-1992.</p>
<p>It says it will sell off several key assets in the energy, communications and transportation sectors.</p>
<p>The government's plans have sparked protests from a number of state-run companies, including Lithuania Telecomm.</p>
<p>Daily Lietuvos rytas printed an open letter on Thursday from employees of Lithuania Telecomm's Kaunas branch, expressing opposition to the sale of their company.</p>
<p>Employees at the state-run television transmission centre and a transport firm in the port of Klaipeda have also protested the government's privatisation campaign in recent weeks.</p>
<p>Vagnorius said that in the case of Lithuania Telecomm, he was uncertain if the protest was inspired by management or workers.</p>
<p>&quot;I am not sure that this letter belongs to the workers (of Lithuania Telecomm),&quot; Vagnorius said.</p>
<p>&quot;I think that the workers of telecomm will benefit most from the investment of private capital,&quot; he added.</p>
<p>&quot;I have no doubt that the number of jobs will not decrease and salaries will probably increase,&quot; he said.</p>
<p>--Andrius Vilkancas, Vilnius newsroom +370 2 22 35 18</p>
</text>
<copyright>(c) Reuters Limited 1997</copyright>
<metadata>
<codes class="bip:countries:1.0">
  <code code="LITH">
    <editdetail attribution="Reuters BIP Coding Group" action="confirmed" date="1997-03-20"/>
  </code>
</codes>
<codes class="bip:topics:1.0">
  <code code="C18">
    <editdetail attribution="Reuters BIP Coding Group" action="confirmed" date="1997-03-20"/>
  </code>
  <code code="C183">
    <editdetail attribution="Reuters BIP Coding Group" action="confirmed" date="1997-03-20"/>
  </code>
  <code code="CCAT">
    <editdetail attribution="Reuters BIP Coding Group" action="confirmed" date="1997-03-20"/>
  </code>
  <code code="E12">
    <editdetail attribution="Reuters BIP Coding Group" action="confirmed" date="1997-03-20"/>
  </code>
  <code code="ECAT">
    <editdetail attribution="Reuters BIP Coding Group" action="confirmed" date="1997-03-20"/>
  </code>
  <code code="GCAT">
    <editdetail attribution="Reuters BIP Coding Group" action="confirmed" date="1997-03-20"/>
  </code>
  <code code="GPOL">
    <editdetail attribution="Reuters BIP Coding Group" action="confirmed" date="1997-03-20"/>
  </code>
</codes>
<dc element="dc.date.created" value="1997-03-20"/>
<dc element="dc.publisher" value="Reuters Holdings Plc"/>
<dc element="dc.date.published" value="1997-03-20"/>
<dc element="dc.source" value="Reuters"/>
<dc element="dc.creator.location" value="VILNIUS"/>
<dc element="dc.creator.location.country.name" value="LITHUANIA"/>
<dc element="dc.source" value="Reuters"/>
</metadata>
</newsitem>
