<?xml version="1.0" encoding="iso-8859-1" ?>
<newsitem itemid="455596" id="root" date="1997-03-20" xml:lang="en">
<title>UK: British media highlights political leaders' wives.</title>
<headline>British media highlights political leaders' wives.</headline>
<byline>Patricia Reaney</byline>
<text>
<p>LONDON, March 20 - With Britain's general election campaign barely under way, the nation's press and television have already highlighted the contrasting styles of the wives of Prime Minister John Major and Labour leader Tony Blair.</p>
<p>Most newspapers and TV channels focused on Thursday on the first public appearance together of the leading ladies, Norma Major and Cherie Blair.</p>
<p>While their husbands battled in parliament over a committee report on political sleaze, photographs of the two women sharing a laugh together at a bravery awards luncheon were splashed across the front pages of the nation's press.</p>
<p>&quot;Ladies who laugh take their minds off May Day,&quot; said the tabloid Daily Mail headline of Wednesday's lunch.</p>
<p>&quot;Their husbands may be engaged in a bitter political struggle, but Cherie Blair and Norma Major saw the funny side yesterday,&quot; another tabloid, the Express, commented.</p>
<p>British political wives were previously relegated to the sidelines but in 1997 no detail in the life of a present or future leader is too inconsequential to be reported in the run-up to the May 1 election.</p>
<p>Veteran political wife and country housewife Norma Major was deemed to have won the style war in her smart fuschia suit, while working mother and top lawyer Cherie Blair, 10 years her junior, was criticised for her more casual black trouser suit. Diana, Princess of Wales, Britain's most famous clothes horse, was also at the lunch.</p>
<p>&quot;The consensus in the lunch-hour crowd outside the hotel was that Mrs Blair still had much to learn from the princess and Mrs Major about how to dress like a first lady,&quot; said the broadsheet Daily Telegraph, which featured photographs of all three women as their arrived for the ceremony at a London hotel.</p>
<p>Although it was only their third meeting, the two women -- who are poles apart politically -- shared a joke and an animated conversation.</p>
<p>The ruling Conservatives, who are trailing Labour by up to 25 percentage points in opinon polls, have called mother-of-two Norma their secret weapon and a sure vote-winner among the middle class.</p>
<p>Cherie Blair, an ambitious barrister and mother of three who has combined a busy family life and successful career, is likely to attract the younger voters in tune with her modern lifestyle and views.</p>
<p>&quot;Mrs Blair is beautiful...but she looks like she's trying too hard,&quot; said an onlooker as the wives arrived. &quot;Mrs Major looks more like a prime minister's wife.&quot;</p>
</text>
<copyright>(c) Reuters Limited 1997</copyright>
<metadata>
<codes class="bip:countries:1.0">
  <code code="UK">
    <editdetail attribution="Reuters BIP Coding Group" action="confirmed" date="1997-03-20"/>
  </code>
</codes>
<codes class="bip:topics:1.0">
  <code code="GCAT">
    <editdetail attribution="Reuters BIP Coding Group" action="confirmed" date="1997-03-20"/>
  </code>
  <code code="GPOL">
    <editdetail attribution="Reuters BIP Coding Group" action="confirmed" date="1997-03-20"/>
  </code>
  <code code="GVOTE">
    <editdetail attribution="Reuters BIP Coding Group" action="confirmed" date="1997-03-20"/>
  </code>
</codes>
<dc element="dc.publisher" value="Reuters Holdings Plc"/>
<dc element="dc.date.published" value="1997-03-20"/>
<dc element="dc.source" value="Reuters"/>
<dc element="dc.creator.location.country.name" value="UK"/>
<dc element="dc.source" value="Reuters"/>
</metadata>
</newsitem>
