<?xml version="1.0" encoding="iso-8859-1" ?>
<newsitem itemid="455548" id="root" date="1997-03-20" xml:lang="en">
<title>UK: Telkom at $30.75 in London.</title>
<headline>Telkom at $30.75 in London.</headline>
<dateline>LONDON 1996-03-21</dateline>
<text>
<p>PT Telekomunikasi Indonesia (Telkom) closed at $30.75 in London on Thursday. It recorded the day's low of $30.75 and the day's high of $31.12.</p>
<p>Its previous close on Wednesday as $30.8500.</p>
<p>One ADS represents 20 ordinary shares.</p>
<p>-- Jakarta newsroom +6221 384-6364.</p>
</text>
<copyright>(c) Reuters Limited 1997</copyright>
<metadata>
<codes class="bip:countries:1.0">
  <code code="INDON">
    <editdetail attribution="Reuters BIP Coding Group" action="confirmed" date="1997-03-20"/>
  </code>
  <code code="UK">
    <editdetail attribution="Reuters BIP Coding Group" action="confirmed" date="1997-03-20"/>
  </code>
</codes>
<codes class="bip:industries:1.0">
  <code code="I79020">
    <editdetail attribution="Reuters BIP Coding Group" action="confirmed" date="1997-03-20"/>
  </code>
</codes>
<codes class="bip:topics:1.0">
  <code code="C15">
    <editdetail attribution="Reuters BIP Coding Group" action="confirmed" date="1997-03-20"/>
  </code>
  <code code="C152">
    <editdetail attribution="Reuters BIP Coding Group" action="confirmed" date="1997-03-20"/>
  </code>
  <code code="CCAT">
    <editdetail attribution="Reuters BIP Coding Group" action="confirmed" date="1997-03-20"/>
  </code>
</codes>
<dc element="dc.date.created" value="1996-03-21"/>
<dc element="dc.publisher" value="Reuters Holdings Plc"/>
<dc element="dc.date.published" value="1997-03-20"/>
<dc element="dc.source" value="Reuters"/>
<dc element="dc.creator.location" value="LONDON"/>
<dc element="dc.creator.location.country.name" value="UK"/>
<dc element="dc.source" value="Reuters"/>
</metadata>
</newsitem>
