<?xml version="1.0" encoding="iso-8859-1" ?>
<newsitem itemid="455561" id="root" date="1997-03-20" xml:lang="en">
<title>UK: North Sea steady but sellers claim better bids.</title>
<headline>North Sea steady but sellers claim better bids.</headline>
<dateline>LONDON 1997-03-20</dateline>
<text>
<p>North Sea crudes traded at broadly unchanged levels on Thursday but some sellers said they detected improved interest for April barrels, particularly those with high gasoline yields.</p>
<p>March 29-31 Brent fetched April Brent -90 cents a barrel, worth a bearish May Brent -77 cents, but traders said most attention was switching to early April wet values.</p>
<p>British Petroleum now holds six of the seven April Brents which have turned wet so far, one of them taken in a &quot;late pass&quot; from Wall Street trader Aron who was clocked on Thursday.</p>
<p>Another April 4-6 stem was clocked to Phibro, traders said.</p>
<p>Brent paper markets were quiet, May gaining about six cents to $20.38 by 1830 GMT. Next week's CFDs traded twice at a slightly weaker May Brent -46 cents.</p>
<p>Forties was the pick of the North Sea grades, trading at Dated Brent +10 cents for a first decade loader, three cents firmer than on Wednesday, traders said.</p>
<p>News some refiners in northwest Europe were restoring crude runs to normal levels after recent reductions due to poor margins was providing mild support to differentials, they said.</p>
<p>In the Mediterranean, pressure on Urals eased a shade with the sale of Iraqi Kirkuk into northwest Europe.</p>
<p>Prompt and cross-month Urals were pegged at Dated Brent -$1.40/-$1.20 a barrel basis cif Augusta.</p>
<p>Syrian price talks for April reached a deadlock with Sytrol holding to its opening offer of Dated Brent -78 cents for Light crude, representing a cut of 28 cents on the March OSP. Heavy Souedie was offered at Dated Brent -$4.60 a barrel.</p>
<p>Much West African trade was shrouded by widespread insistence on confidential terms, with sellers unwilling to disclose apparently weak traded values.</p>
<p>Mid-April loaders were the main market for end-users but three unsold cargoes at the end of March provided a distraction.</p>
</text>
<copyright>(c) Reuters Limited 1997</copyright>
<metadata>
<codes class="bip:countries:1.0">
  <code code="UK">
    <editdetail attribution="Reuters BIP Coding Group" action="confirmed" date="1997-03-20"/>
  </code>
</codes>
<codes class="bip:topics:1.0">
  <code code="M14">
    <editdetail attribution="Reuters BIP Coding Group" action="confirmed" date="1997-03-20"/>
  </code>
  <code code="M143">
    <editdetail attribution="Reuters BIP Coding Group" action="confirmed" date="1997-03-20"/>
  </code>
  <code code="MCAT">
    <editdetail attribution="Reuters BIP Coding Group" action="confirmed" date="1997-03-20"/>
  </code>
</codes>
<dc element="dc.date.created" value="1997-03-20"/>
<dc element="dc.publisher" value="Reuters Holdings Plc"/>
<dc element="dc.date.published" value="1997-03-20"/>
<dc element="dc.source" value="Reuters"/>
<dc element="dc.creator.location" value="LONDON"/>
<dc element="dc.creator.location.country.name" value="UK"/>
<dc element="dc.source" value="Reuters"/>
</metadata>
</newsitem>
