<?xml version="1.0" encoding="iso-8859-1" ?>
<newsitem itemid="455553" id="root" date="1997-03-20" xml:lang="en">
<title>UK: UK's TSMSi does Internet ad deal with MoneyWorld.</title>
<headline>UK's TSMSi does Internet ad deal with MoneyWorld.</headline>
<dateline>LONDON 1997-03-20</dateline>
<text>
<p>Britain's biggest Internet advertising sales house announced on Thursday a deal with financial Websites that it said would boost advertising revenue on the Internet.</p>
<p>TSMSi, a newly-created Internet division of Britain's largest television advertising sales house, TSMS, said it reached an agreement with a Website group called MoneyWorld and another financial Website.</p>
<p>TSMSi said it had agreed to sell advertising space on MoneyWorld's Website -- located at www.moneyworld.co.uk -- and other financial websites as part of a &quot;Smarter Investor&quot; bundle to be presented to British ad agencies and Internet sales houses.</p>
<p>TSMSi is a newly formed unit of United News &amp; Media Plc .</p>
<p>In some cases TSMSi sells advertising space directly to advertisers or sponsors, but in other cases it says it bundles together similar Websites and sells advertising space to ad agencies and a growing number of new Internet &quot;media buyers&quot;.</p>
<p>&quot;We're building critical mass. It's good news for Website owners. It's good news for advertisers. And it's good news for advertisers' agencies,&quot; Paul Simon, the general manager of TSMSi, told Reuters.</p>
<p>He said the &quot;Smarter Investor&quot; package meant Internet media buyers could easily target Britain's &quot;AB Men audience&quot; -- professional men at the top of the socio-economic scale.</p>
<p>MoneyWorld describes itself as the &quot;UK's Personal Finance Website&quot;, with financial news and information provided by 21 journalists and &quot;finance professionals&quot;. The group said it was independent and not owned by any other company.</p>
<p>MoneyWorld's editor, Danny Bowers, said in a statement, &quot;We are convinced (TSMSi's) expertise in the new media marketplace will allow MoneyWorld to significantly increase its return from advertising revenue.&quot;</p>
<p>Simon told Reuters another financial Website that had been &quot;bundled&quot; into TSMSi's &quot;Smarter Investor&quot; package was called Electronic Share Information -- located at www.esi.co.uk..</p>
<p>The Website for Cambridge-based ESI says it offers investors real-time share prices, portfolio management and an &quot;online trading gateway&quot;.</p>
<p>TSMSi -- a part of TSMS, which sells advertising space for Britain's ITV television network -- was created recently to sell advertising space on the Internet and other new media.</p>
<p>TSMSi unit said in February that British companies spent less than one million pounds on Internet advertising in 1996, but it expected the figure to rise to close to 90 million pounds by 2000.</p>
</text>
<copyright>(c) Reuters Limited 1997</copyright>
<metadata>
<codes class="bip:countries:1.0">
  <code code="UK">
    <editdetail attribution="Reuters BIP Coding Group" action="confirmed" date="1997-03-20"/>
  </code>
</codes>
<codes class="bip:industries:1.0">
  <code code="I33030">
    <editdetail attribution="Reuters BIP Coding Group" action="confirmed" date="1997-03-20"/>
  </code>
  <code code="I47510">
    <editdetail attribution="Reuters BIP Coding Group" action="confirmed" date="1997-03-20"/>
  </code>
</codes>
<codes class="bip:topics:1.0">
  <code code="C32">
    <editdetail attribution="Reuters BIP Coding Group" action="confirmed" date="1997-03-20"/>
  </code>
  <code code="C33">
    <editdetail attribution="Reuters BIP Coding Group" action="confirmed" date="1997-03-20"/>
  </code>
  <code code="CCAT">
    <editdetail attribution="Reuters BIP Coding Group" action="confirmed" date="1997-03-20"/>
  </code>
</codes>
<dc element="dc.date.created" value="1997-03-20"/>
<dc element="dc.publisher" value="Reuters Holdings Plc"/>
<dc element="dc.date.published" value="1997-03-20"/>
<dc element="dc.source" value="Reuters"/>
<dc element="dc.creator.location" value="LONDON"/>
<dc element="dc.creator.location.country.name" value="UK"/>
<dc element="dc.source" value="Reuters"/>
</metadata>
</newsitem>
