<?xml version="1.0" encoding="iso-8859-1" ?>
<newsitem itemid="455640" id="root" date="1997-03-20" xml:lang="en">
<title>CANADA: Weekly Canadian spot LPG prices  March 13.</title>
<headline>Weekly Canadian spot LPG prices  March 13.</headline>
<text>
<p>Weekly Canadian spot LPG prices  March 13</p>
<p>FOB US CTS/GALLON		 SARNIA	  EDMONTON</p>
<p>PROPANE   (spot)	     39.00/40.00    31.50/32.50</p>
<p>BUTANE			   41.50/42.50</p>
<p>ISOBUTANE			43.50/44.25</p>
<p>FIELD BUTANE					33.25/34.50</p>
</text>
<copyright>(c) Reuters Limited 1997</copyright>
<metadata>
<codes class="bip:countries:1.0">
  <code code="CANA">
    <editdetail attribution="Reuters BIP Coding Group" action="confirmed" date="1997-03-20"/>
  </code>
</codes>
<codes class="bip:topics:1.0">
  <code code="M14">
    <editdetail attribution="Reuters BIP Coding Group" action="confirmed" date="1997-03-20"/>
  </code>
  <code code="M143">
    <editdetail attribution="Reuters BIP Coding Group" action="confirmed" date="1997-03-20"/>
  </code>
  <code code="MCAT">
    <editdetail attribution="Reuters BIP Coding Group" action="confirmed" date="1997-03-20"/>
  </code>
</codes>
<dc element="dc.publisher" value="Reuters Holdings Plc"/>
<dc element="dc.date.published" value="1997-03-20"/>
<dc element="dc.source" value="Reuters"/>
<dc element="dc.creator.location.country.name" value="CANADA"/>
<dc element="dc.source" value="Reuters"/>
</metadata>
</newsitem>
