<?xml version="1.0" encoding="iso-8859-1" ?>
<newsitem itemid="455648" id="root" date="1997-03-20" xml:lang="en">
<title>CANADA: Saskatchewan sees C$24.1 mln surplus in 1997/98.</title>
<headline>Saskatchewan sees C$24.1 mln surplus in 1997/98.</headline>
<dateline>REGINA 1997-03-20</dateline>
<text>
<p>The Canadian province of Saskatchewan on Thursday said its budget for fiscal 1997/98 ending March 31 projects a surplus of C$24.1 million.</p>
<p>It was the fourth straight balanced budget from Saskatchewan Finance Minister Janice MacKinnon.</p>
<p>Saskatchewan's provincial sales tax will be cut to seven percent from nine at 2400 CST Thursday, 0600 GMT on Friday.</p>
<p>&quot;These are the rewards of sound, careful management of the public purse. Our economy is strong and growing, our fiscal position is strong and we're paying down the public debt,&quot; MacKinnon said.</p>
<p>Revenues were forecast at C$5.07 billion in fiscal 1997/98 compared to C$5.48 billion in the current year, budget documents showed.</p>
<p>Operating expenses were projected at C$4.28 billion in 1997/98 compared to C$4.32 billion.</p>
<p>The budget surplus was forecast at C$24.1 million in 1997/98 compared to C$368.9 million in the current year.</p>
<p>MacKinnon's C$180 million sales tax reduction follows prior cuts to personal and business income taxes.</p>
<p>She announced new investments in roads, health, education and social programs.</p>
<p>Three other tax cuts announced by MacKinnon include: --a sales tax rebate on building materials and equipment for livestock and horticultural activities to assist in tripling Saskatchewan's hog production by 2005. --an extension of the Manufacturing and Processing Investment Tax Credit to include taxable used equipment. --a new sales tax exemption on some medical devices.</p>
<p>((Gilbert Le Gras 204 947 3548))</p>
</text>
<copyright>(c) Reuters Limited 1997</copyright>
<metadata>
<codes class="bip:countries:1.0">
  <code code="CANA">
    <editdetail attribution="Reuters BIP Coding Group" action="confirmed" date="1997-03-20"/>
  </code>
</codes>
<codes class="bip:topics:1.0">
  <code code="E21">
    <editdetail attribution="Reuters BIP Coding Group" action="confirmed" date="1997-03-20"/>
  </code>
  <code code="E211">
    <editdetail attribution="Reuters BIP Coding Group" action="confirmed" date="1997-03-20"/>
  </code>
  <code code="ECAT">
    <editdetail attribution="Reuters BIP Coding Group" action="confirmed" date="1997-03-20"/>
  </code>
</codes>
<dc element="dc.date.created" value="1997-03-20"/>
<dc element="dc.publisher" value="Reuters Holdings Plc"/>
<dc element="dc.date.published" value="1997-03-20"/>
<dc element="dc.source" value="Reuters"/>
<dc element="dc.creator.location" value="REGINA"/>
<dc element="dc.creator.location.country.name" value="CANADA"/>
<dc element="dc.source" value="Reuters"/>
</metadata>
</newsitem>
