<?xml version="1.0" encoding="iso-8859-1" ?>
<newsitem itemid="455624" id="root" date="1997-03-20" xml:lang="en">
<title>UK: Give every British child E-mail address - report.</title>
<headline>Give every British child E-mail address - report.</headline>
<dateline>LONDON 1997-03-20</dateline>
<text>
<p>Britain's opposition Party leader Tony Blair on Thursday welcomed an independent report calling for every British child to have access to a computer and to have his or her own E-mail address.</p>
<p>But Blair said he could not commit the Labour government he hopes to form after the May 1 election to providing extra resources to allow this to happen.</p>
<p>The report was commissioned by Labour from a committee under the chairmanship of Dennis Stevenson, chairman of GPA Group Plc and chairman elect of Pearson Plc.</p>
<p>&quot;I like the idea that every child over the age of nine and every adult should have their own E-mail address, accessible from school, home, library or cybercafe, symbolising the personal stake they will have in the new education technology of the future,&quot; Blair told a news conference.</p>
<p>&quot;The Committee say it is a low-cost initiative. We will be examining just how low-cost, and how soon it can be done.&quot;</p>
<p>But in answer to questions, Blair stressed that although the priority of his government would be to improve education, it would not be willing to compromise on its commitment to keep government spending totals down in order to do so.</p>
<p>However, Blair announced that Stevenson had agreed to chair a Standing Committee under a Labour government &quot;to help drive forward the implementation of our plans on the use of new technology in schools.&quot;</p>
<p>The Stevenson report says children who do not have access to a computer at home should be given access to one via a programme which would be analogous to the building up of public libraries in the 19th century.</p>
<p>It calls for teachers to receive tax breaks when they buy their own computers for school or home use and says a minister in the Department of Education should be given a specific remit to improve information technology in schools. -- London Newsroom +44 171 5427767</p>
</text>
<copyright>(c) Reuters Limited 1997</copyright>
<metadata>
<codes class="bip:countries:1.0">
  <code code="UK">
    <editdetail attribution="Reuters BIP Coding Group" action="confirmed" date="1997-03-20"/>
  </code>
</codes>
<codes class="bip:industries:1.0">
  <code code="I33030">
    <editdetail attribution="Reuters BIP Coding Group" action="confirmed" date="1997-03-20"/>
  </code>
  <code code="I83960">
    <editdetail attribution="Reuters BIP Coding Group" action="confirmed" date="1997-03-20"/>
  </code>
  <code code="I84804">
    <editdetail attribution="Reuters BIP Coding Group" action="confirmed" date="1997-03-20"/>
  </code>
  <code code="I8480401">
    <editdetail attribution="Reuters BIP Coding Group" action="confirmed" date="1997-03-20"/>
  </code>
</codes>
<codes class="bip:topics:1.0">
  <code code="C21">
    <editdetail attribution="Reuters BIP Coding Group" action="confirmed" date="1997-03-20"/>
  </code>
  <code code="CCAT">
    <editdetail attribution="Reuters BIP Coding Group" action="confirmed" date="1997-03-20"/>
  </code>
  <code code="GCAT">
    <editdetail attribution="Reuters BIP Coding Group" action="confirmed" date="1997-03-20"/>
  </code>
  <code code="GPOL">
    <editdetail attribution="Reuters BIP Coding Group" action="confirmed" date="1997-03-20"/>
  </code>
</codes>
<dc element="dc.date.created" value="1997-03-20"/>
<dc element="dc.publisher" value="Reuters Holdings Plc"/>
<dc element="dc.date.published" value="1997-03-20"/>
<dc element="dc.source" value="Reuters"/>
<dc element="dc.creator.location" value="LONDON"/>
<dc element="dc.creator.location.country.name" value="UK"/>
<dc element="dc.source" value="Reuters"/>
</metadata>
</newsitem>
