<?xml version="1.0" encoding="iso-8859-1" ?>
<newsitem itemid="455617" id="root" date="1997-03-20" xml:lang="en">
<title>UK: Boots buys French, Spanish Roval groups.</title>
<headline>Boots buys French, Spanish Roval groups.</headline>
<dateline>LONDON 1997-03-20</dateline>
<text>
<p>British retailer and chemist Boots Company Plc said on Thursday its unit Boots Contract Manufacturing had bought PLCP SA, the private holding company of a group including France's Roval SA and Spain's Roval Cosmetica SA for 15.2 million stg in cash.</p>
<p>Boots said both companies manufacture and supply personal care toiletry products.  </p>
<p>Boots said Roval was the leading supplier of own brand toiletries in France and had a growing business in Spain and Portugal. Sales totalled around 27 million stg last year and the group employed 170 staff in France and 35 in Spain.</p>
<p>Boots said Boots Contract Manufacturing was the largest producer of private label cosmetics and toiletries in Europe. The unit bought two toiletries and cosmetics companies in France and Germany in 1995 from Croda International Plc.</p>
<p>BCM managing director John Watson said the deal would complement the businesses bought from Croda, adding the capacity to produce large volume toiletries. Boots said sales at its company in France, BCM Cosmetique, and Roval would total almost 40 million stg.</p>
<p>Boots Contract Manufacturing makes personal care products, cosmetics and healthcare items for Boots as well as own label toiletries for major British food retailers.</p>
<p>Watson said although the deal would allow BCM to satisfy demand in Spain, France and Portugal for the foreseeable future, BCM was also looking at Germany and Italy.</p>
<p>Over time BCM would look at other European markets, he said.</p>
<p>--London Newsroom +44 171 542 7717</p>
</text>
<copyright>(c) Reuters Limited 1997</copyright>
<metadata>
<codes class="bip:countries:1.0">
  <code code="FRA">
    <editdetail attribution="Reuters BIP Coding Group" action="confirmed" date="1997-03-20"/>
  </code>
  <code code="SPAIN">
    <editdetail attribution="Reuters BIP Coding Group" action="confirmed" date="1997-03-20"/>
  </code>
  <code code="UK">
    <editdetail attribution="Reuters BIP Coding Group" action="confirmed" date="1997-03-20"/>
  </code>
</codes>
<codes class="bip:industries:1.0">
  <code code="I25000">
    <editdetail attribution="Reuters BIP Coding Group" action="confirmed" date="1997-03-20"/>
  </code>
  <code code="I64300">
    <editdetail attribution="Reuters BIP Coding Group" action="confirmed" date="1997-03-20"/>
  </code>
</codes>
<codes class="bip:topics:1.0">
  <code code="C18">
    <editdetail attribution="Reuters BIP Coding Group" action="confirmed" date="1997-03-20"/>
  </code>
  <code code="C181">
    <editdetail attribution="Reuters BIP Coding Group" action="confirmed" date="1997-03-20"/>
  </code>
  <code code="CCAT">
    <editdetail attribution="Reuters BIP Coding Group" action="confirmed" date="1997-03-20"/>
  </code>
</codes>
<dc element="dc.date.created" value="1997-03-20"/>
<dc element="dc.publisher" value="Reuters Holdings Plc"/>
<dc element="dc.date.published" value="1997-03-20"/>
<dc element="dc.source" value="Reuters"/>
<dc element="dc.creator.location" value="LONDON"/>
<dc element="dc.creator.location.country.name" value="UK"/>
<dc element="dc.source" value="Reuters"/>
</metadata>
</newsitem>
