<?xml version="1.0" encoding="iso-8859-1" ?>
<newsitem itemid="455602" id="root" date="1997-03-20" xml:lang="en">
<title>UK: Green LPG fuel to be introduced to U.K. forecourts.</title>
<headline>Green LPG fuel to be introduced to U.K. forecourts.</headline>
<dateline>LONDON 1997-03-20</dateline>
<text>
<p>British motorists will soon be able to top up their tanks with environmentally friendly liquified petroleum gas (LPG) at service stations across the country, Calor Group Plc and petrol retailer Jet said on Thursday.</p>
<p>&quot;Jet outlets in Leeds, Bradford, Birmingham, Staines and London have been selected as the first in a network of service stations to sell the green road fuel, LPG,&quot; the companies said in a joint statement.</p>
<p>&quot;The LPG will be dispensed from a forecourt pump alongside petrol, diesel and unleaded fuels,&quot; they said.</p>
<p>Recent studies have shown LPG -- which is more familiar to most British consumers as the fuel used in camping lamps and cookers -- produces far lower engine emissions than other motor fuels.</p>
<p>&quot;Tried and tested as a clean fuel, research has proven that LPG reduces particulate emissions by over 95 percent,&quot; Calor and Jet, the retail arm of U.S.-based Conoco, said.</p>
<p>They expected initial take-up of the fuel to be highest among local operators of light commercial vehicles, such as taxis and small vans. A number of fleet operators have already started using LPG, they said.</p>
<p>&quot;In the U.K., Calor and Jet are working with a number of public and private fleet operators who have successfully switched to LPG, together with the ambulance and police services,&quot; they said.</p>
<p>Critics of LPG as a motor fuel say it will be slow to catch on due to the costs of converting vehicles to its use, but Calor and Jet said this would be cushioned by the lower costs of the fuel.</p>
<p>&quot;Costs to convert a petrol engine to run in parallel with existing fuel start from 1,100 stg,&quot; they said. &quot;The vehicle's boot-mounted LPG tank gives a similar mileage range to petrol without taking up significant space.&quot;</p>
<p>&quot;In addition to lower fuel prices, drivers will also benefit from improved engine performance as a clean burning fuel contributes to less wear and tear,&quot; they said.</p>
<p>Calor and Jet said their promotion of LPG tied in with the moves by the British government to cut harmful motor emissions.</p>
<p>&quot;In the November budget the chancellor made a 25 percent reduction in duty on road fuel gases. Meanwhile duty on petrol and diesel continues to rise,&quot; they noted.</p>
<p>-- Melanie Goodfellow, London Newsroom, +44 171 542 7714.</p>
</text>
<copyright>(c) Reuters Limited 1997</copyright>
<metadata>
<codes class="bip:countries:1.0">
  <code code="UK">
    <editdetail attribution="Reuters BIP Coding Group" action="confirmed" date="1997-03-20"/>
  </code>
</codes>
<codes class="bip:industries:1.0">
  <code code="I14000">
    <editdetail attribution="Reuters BIP Coding Group" action="confirmed" date="1997-03-20"/>
  </code>
  <code code="I25000">
    <editdetail attribution="Reuters BIP Coding Group" action="confirmed" date="1997-03-20"/>
  </code>
  <code code="I65200">
    <editdetail attribution="Reuters BIP Coding Group" action="confirmed" date="1997-03-20"/>
  </code>
</codes>
<codes class="bip:topics:1.0">
  <code code="C11">
    <editdetail attribution="Reuters BIP Coding Group" action="confirmed" date="1997-03-20"/>
  </code>
  <code code="C21">
    <editdetail attribution="Reuters BIP Coding Group" action="confirmed" date="1997-03-20"/>
  </code>
  <code code="C24">
    <editdetail attribution="Reuters BIP Coding Group" action="confirmed" date="1997-03-20"/>
  </code>
  <code code="C31">
    <editdetail attribution="Reuters BIP Coding Group" action="confirmed" date="1997-03-20"/>
  </code>
  <code code="CCAT">
    <editdetail attribution="Reuters BIP Coding Group" action="confirmed" date="1997-03-20"/>
  </code>
</codes>
<dc element="dc.date.created" value="1997-03-20"/>
<dc element="dc.publisher" value="Reuters Holdings Plc"/>
<dc element="dc.date.published" value="1997-03-20"/>
<dc element="dc.source" value="Reuters"/>
<dc element="dc.creator.location" value="LONDON"/>
<dc element="dc.creator.location.country.name" value="UK"/>
<dc element="dc.source" value="Reuters"/>
</metadata>
</newsitem>
