<?xml version="1.0" encoding="iso-8859-1" ?>
<newsitem itemid="455641" id="root" date="1997-03-20" xml:lang="en">
<title>CANADA: Montreal indices closing - March 20.</title>
<headline>Montreal indices closing - March 20.</headline>
<text>
<p>Industrials		  2873.17   -1.22</p>
<p> Utilities		    2720.83   -1.07</p>
<p> Banks			  4719.13  -18.63</p>
<p> Portfolio		     3047.9  -22.66</p>
<p> Volume			16181661</p>
</text>
<copyright>(c) Reuters Limited 1997</copyright>
<metadata>
<codes class="bip:countries:1.0">
  <code code="CANA">
    <editdetail attribution="Reuters BIP Coding Group" action="confirmed" date="1997-03-20"/>
  </code>
</codes>
<codes class="bip:topics:1.0">
  <code code="M11">
    <editdetail attribution="Reuters BIP Coding Group" action="confirmed" date="1997-03-20"/>
  </code>
  <code code="MCAT">
    <editdetail attribution="Reuters BIP Coding Group" action="confirmed" date="1997-03-20"/>
  </code>
</codes>
<dc element="dc.publisher" value="Reuters Holdings Plc"/>
<dc element="dc.date.published" value="1997-03-20"/>
<dc element="dc.source" value="Reuters"/>
<dc element="dc.creator.location.country.name" value="CANADA"/>
<dc element="dc.source" value="Reuters"/>
</metadata>
</newsitem>
