<?xml version="1.0" encoding="iso-8859-1" ?>
<newsitem itemid="455618" id="root" date="1997-03-20" xml:lang="en">
<title>UK: Lockheed, Raytheon bidders for UK radar deal.</title>
<headline>Lockheed, Raytheon bidders for UK radar deal.</headline>
<dateline>LONDON 1997-03-20</dateline>
<text>
<p>Consortia led by Lockheed Martin Corp and Raytheon Co are to be invited to submit final offers for a 750 million stg contract for an ASTOR stand-off radar system for Britain's armed forces, defence procurement minister James Arbuthnot said on Thursday.</p>
<p>&quot;We have decided to invite the two consortia to submit best and final offers for the full development, production and in-service support of ASTOR,&quot; he said in a written parliamentary answer.</p>
<p>&quot;We aim to place a contract with the winning consortium in 1998.&quot;</p>
<p>Arbuthnot said both consortia included British sub-contractors. -- London Newsroom +44 171 5427767</p>
</text>
<copyright>(c) Reuters Limited 1997</copyright>
<metadata>
<codes class="bip:countries:1.0">
  <code code="UK">
    <editdetail attribution="Reuters BIP Coding Group" action="confirmed" date="1997-03-20"/>
  </code>
  <code code="USA">
    <editdetail attribution="Reuters BIP Coding Group" action="confirmed" date="1997-03-20"/>
  </code>
</codes>
<codes class="bip:industries:1.0">
  <code code="I34430">
    <editdetail attribution="Reuters BIP Coding Group" action="confirmed" date="1997-03-20"/>
  </code>
  <code code="I36400">
    <editdetail attribution="Reuters BIP Coding Group" action="confirmed" date="1997-03-20"/>
  </code>
  <code code="I3640026">
    <editdetail attribution="Reuters BIP Coding Group" action="confirmed" date="1997-03-20"/>
  </code>
</codes>
<codes class="bip:topics:1.0">
  <code code="C33">
    <editdetail attribution="Reuters BIP Coding Group" action="confirmed" date="1997-03-20"/>
  </code>
  <code code="C331">
    <editdetail attribution="Reuters BIP Coding Group" action="confirmed" date="1997-03-20"/>
  </code>
  <code code="CCAT">
    <editdetail attribution="Reuters BIP Coding Group" action="confirmed" date="1997-03-20"/>
  </code>
  <code code="GCAT">
    <editdetail attribution="Reuters BIP Coding Group" action="confirmed" date="1997-03-20"/>
  </code>
  <code code="GDEF">
    <editdetail attribution="Reuters BIP Coding Group" action="confirmed" date="1997-03-20"/>
  </code>
</codes>
<dc element="dc.date.created" value="1997-03-20"/>
<dc element="dc.publisher" value="Reuters Holdings Plc"/>
<dc element="dc.date.published" value="1997-03-20"/>
<dc element="dc.source" value="Reuters"/>
<dc element="dc.creator.location" value="LONDON"/>
<dc element="dc.creator.location.country.name" value="UK"/>
<dc element="dc.source" value="Reuters"/>
</metadata>
</newsitem>
