<?xml version="1.0" encoding="iso-8859-1" ?>
<newsitem itemid="455603" id="root" date="1997-03-20" xml:lang="en">
<title>UK: Both Brents clocked, BP gets one in &quot;late pass&quot;.</title>
<headline>Both Brents clocked, BP gets one in &quot;late pass&quot;.</headline>
<dateline>LONDON 1997-03-20</dateline>
<text>
<p>Both Brent crude cargoes nominated from the paper chains were unclaimed at the five o'clock deadline, traders said.</p>
<p>The cargoes due to load April 4-6 were clocked to Wall Street traders Phibro and Aron. The latter then moved its cargo to British Petroleum (BP) in a &quot;late pass&quot;, traders said.</p>
<p>BP now has six of the seven April Brents which have turned wet so far.</p>
<p>Brent cargoes are traded on a paper, or forward market until the 1700 London time deadline on the nearest trading day 15 days before their assigned loading date.</p>
<p>A trading company is clocked when it is left with a paper cargo which has turned physical after that deadline and therefore cannot be passed on as part of pre-sold paper cargo deals.</p>
<p>-- London Newsroom +44 171 542 7930</p>
</text>
<copyright>(c) Reuters Limited 1997</copyright>
<metadata>
<codes class="bip:countries:1.0">
  <code code="UK">
    <editdetail attribution="Reuters BIP Coding Group" action="confirmed" date="1997-03-20"/>
  </code>
</codes>
<codes class="bip:topics:1.0">
  <code code="M14">
    <editdetail attribution="Reuters BIP Coding Group" action="confirmed" date="1997-03-20"/>
  </code>
  <code code="M143">
    <editdetail attribution="Reuters BIP Coding Group" action="confirmed" date="1997-03-20"/>
  </code>
  <code code="MCAT">
    <editdetail attribution="Reuters BIP Coding Group" action="confirmed" date="1997-03-20"/>
  </code>
</codes>
<dc element="dc.date.created" value="1997-03-20"/>
<dc element="dc.publisher" value="Reuters Holdings Plc"/>
<dc element="dc.date.published" value="1997-03-20"/>
<dc element="dc.source" value="Reuters"/>
<dc element="dc.creator.location" value="LONDON"/>
<dc element="dc.creator.location.country.name" value="UK"/>
<dc element="dc.source" value="Reuters"/>
</metadata>
</newsitem>
