<?xml version="1.0" encoding="iso-8859-1" ?>
<newsitem itemid="455644" id="root" date="1997-03-20" xml:lang="en">
<title>CANADA: TransCanada busy on international front.</title>
<headline>TransCanada busy on international front.</headline>
<dateline>CALGARY 1997-03-20</dateline>
<text>
<p>TransCanada PipeLines Ltd, serving notice it was serious about international expansion, announced multi-million-dollar projects in Mexico and the United States on Thursday.</p>
<p>TransCanada, the country's biggest pipeline company, said its consortium beat out four other corporate groups in its bid to build and operate a US$250 million-US$300 million natural gas pipeline in Mexico's Yucatan peninsula.</p>
<p>Also on Thursday, 50-percent-owned Great Lakes Gas Transmission, a pipeline that carries Canadian gas through the northern U.S., unveiled plans for a US$2.5 billion expansion project which would double the system's capacity.</p>
<p>The Mexican pipeline, called the Merida project, is just one of several proposals that have been studied by the company for the last three to four years.</p>
<p>Other partners in the Merida plan include  InterGen and Corporacion GUTSA. The project was developed to ship gas to power plants owned by Mexico's national electric utility and other industrial customers.</p>
<p>&quot;The importance of this is huge,&quot; TransCanada spokesman David Annesley said.</p>
<p>&quot;We've got interests in other projects that we think will be furthered because of this.&quot;</p>
<p>TransCanada has made an expression of interest in becoming a natural gas local distrubution company in Mexico City and is looking at various other pipeline projects. It said on Thursday it also planned to open an office in the Mexican capital.</p>
<p>The company is involved in other projects in South America and early this year bought a 10 percent stake in the Paiton coal-fired power plant project in Indonesia.</p>
<p>The aim of its international division is to boost its contribution to corporate net earnings to C$100 million by the year 2000 from the current figure of less than zero, Tony McCallum, Annesley's company spokesman counterpart, said.</p>
<p>The Great Lakes project, part of the TransCanada's major Nexus expansion plans for adding export capacity for Canadian gas production, would increase the capacity of that system by two billion cubic feet per day by the year 2000.</p>
<p>For the total system expansion, which includes TransCanada's mainline, the company has precedent agreements for 1.4 billion cubic feet of new firm capacity, but that could be expanded to 2.3 BCFD, Annesley said.</p>
<p>Of that, about 500 million cubic feet a day off new capacity is expected to be added next year.</p>
<p>TransCanada's partner in Great Lakes is Houston-based Coastal Corp</p>
<p>((Reuters Calgary Bureau (403) 531-1624))</p>
</text>
<copyright>(c) Reuters Limited 1997</copyright>
<metadata>
<codes class="bip:countries:1.0">
  <code code="CANA">
    <editdetail attribution="Reuters BIP Coding Group" action="confirmed" date="1997-03-20"/>
  </code>
  <code code="MEX">
    <editdetail attribution="Reuters BIP Coding Group" action="confirmed" date="1997-03-20"/>
  </code>
  <code code="USA">
    <editdetail attribution="Reuters BIP Coding Group" action="confirmed" date="1997-03-20"/>
  </code>
</codes>
<codes class="bip:industries:1.0">
  <code code="I16200">
    <editdetail attribution="Reuters BIP Coding Group" action="confirmed" date="1997-03-20"/>
  </code>
  <code code="I83960">
    <editdetail attribution="Reuters BIP Coding Group" action="confirmed" date="1997-03-20"/>
  </code>
</codes>
<codes class="bip:topics:1.0">
  <code code="C11">
    <editdetail attribution="Reuters BIP Coding Group" action="confirmed" date="1997-03-20"/>
  </code>
  <code code="C33">
    <editdetail attribution="Reuters BIP Coding Group" action="confirmed" date="1997-03-20"/>
  </code>
  <code code="CCAT">
    <editdetail attribution="Reuters BIP Coding Group" action="confirmed" date="1997-03-20"/>
  </code>
</codes>
<dc element="dc.date.created" value="1997-03-20"/>
<dc element="dc.publisher" value="Reuters Holdings Plc"/>
<dc element="dc.date.published" value="1997-03-20"/>
<dc element="dc.source" value="Reuters"/>
<dc element="dc.creator.location" value="CALGARY"/>
<dc element="dc.creator.location.country.name" value="CANADA"/>
<dc element="dc.source" value="Reuters"/>
</metadata>
</newsitem>
