<?xml version="1.0" encoding="iso-8859-1" ?>
<newsitem itemid="455620" id="root" date="1997-03-20" xml:lang="en">
<title>UK: BA appoints new revenue management head.</title>
<headline>BA appoints new revenue management head.</headline>
<dateline>LONDON 1997-03-20</dateline>
<text>
<p>British Airways Plc said it had appointed Aleks Popovich as head of revenue management effective April 1.</p>
<p>The company said in a statement that Popovich would be responsible for optimising the airline's profits.</p>
<p>Popovich is currently general manager network management at British Airways World Cargo. In his new post, he will replace Ray Lyons, who is taking up a post outside BA.</p>
<p>BA chief executive Bob Ayling said Popovich's promotion &quot;demonstrates the commitment we have of promoting our key people from within the airline&quot;. -- London Newsroom +44171 542 7717</p>
</text>
<copyright>(c) Reuters Limited 1997</copyright>
<metadata>
<codes class="bip:countries:1.0">
  <code code="UK">
    <editdetail attribution="Reuters BIP Coding Group" action="confirmed" date="1997-03-20"/>
  </code>
</codes>
<codes class="bip:industries:1.0">
  <code code="I75000">
    <editdetail attribution="Reuters BIP Coding Group" action="confirmed" date="1997-03-20"/>
  </code>
</codes>
<codes class="bip:topics:1.0">
  <code code="C41">
    <editdetail attribution="Reuters BIP Coding Group" action="confirmed" date="1997-03-20"/>
  </code>
  <code code="C411">
    <editdetail attribution="Reuters BIP Coding Group" action="confirmed" date="1997-03-20"/>
  </code>
  <code code="CCAT">
    <editdetail attribution="Reuters BIP Coding Group" action="confirmed" date="1997-03-20"/>
  </code>
</codes>
<dc element="dc.date.created" value="1997-03-20"/>
<dc element="dc.publisher" value="Reuters Holdings Plc"/>
<dc element="dc.date.published" value="1997-03-20"/>
<dc element="dc.source" value="Reuters"/>
<dc element="dc.creator.location" value="LONDON"/>
<dc element="dc.creator.location.country.name" value="UK"/>
<dc element="dc.source" value="Reuters"/>
</metadata>
</newsitem>
