<?xml version="1.0" encoding="iso-8859-1" ?>
<newsitem itemid="455649" id="root" date="1997-03-20" xml:lang="en">
<title>CANADA: Quebec threatens to order public sector wage cut.</title>
<headline>Quebec threatens to order public sector wage cut.</headline>
<dateline>MONTREAL 1997-03-20</dateline>
<text>
<p>Quebec Premier Lucien Bouchard threatened on Thursday to introduce a special law imposing a six percent wage reduction on public sector employees who do not accept government ordered job cuts.</p>
<p>Bouchard told Quebec's National Assembly that law could be introduced in a special session on Friday. The Premier made the announcement as unions representing 440,000 public sector employees continued to negotiate with government officials.</p>
<p>The Quebec government is seeking to eliminate 15,000 public sector jobs by July 1 as part of its efforts to reduce its budget deficit to C$2.2 billion in 1997/98.  </p>
<p>Although the Quebec government reached a tentative agreement with unions representing about 100,000 health care workers late Wednesday night, talks continued with union leaders for 250,000 other workers.</p>
<p>Some union leaders said on Thursday that they were approaching an agreement with the government, but others, notably the head of Quebec's largest teachers union, said they would request a personal meeting with Bouchard to resolve the impasse.</p>
<p>((Reuters Montreal bureau 514-985-2434))</p>
</text>
<copyright>(c) Reuters Limited 1997</copyright>
<metadata>
<codes class="bip:countries:1.0">
  <code code="CANA">
    <editdetail attribution="Reuters BIP Coding Group" action="confirmed" date="1997-03-20"/>
  </code>
</codes>
<codes class="bip:topics:1.0">
  <code code="C13">
    <editdetail attribution="Reuters BIP Coding Group" action="confirmed" date="1997-03-20"/>
  </code>
  <code code="C42">
    <editdetail attribution="Reuters BIP Coding Group" action="confirmed" date="1997-03-20"/>
  </code>
  <code code="CCAT">
    <editdetail attribution="Reuters BIP Coding Group" action="confirmed" date="1997-03-20"/>
  </code>
  <code code="E41">
    <editdetail attribution="Reuters BIP Coding Group" action="confirmed" date="1997-03-20"/>
  </code>
  <code code="ECAT">
    <editdetail attribution="Reuters BIP Coding Group" action="confirmed" date="1997-03-20"/>
  </code>
  <code code="GCAT">
    <editdetail attribution="Reuters BIP Coding Group" action="confirmed" date="1997-03-20"/>
  </code>
  <code code="GJOB">
    <editdetail attribution="Reuters BIP Coding Group" action="confirmed" date="1997-03-20"/>
  </code>
  <code code="GPOL">
    <editdetail attribution="Reuters BIP Coding Group" action="confirmed" date="1997-03-20"/>
  </code>
</codes>
<dc element="dc.date.created" value="1997-03-20"/>
<dc element="dc.publisher" value="Reuters Holdings Plc"/>
<dc element="dc.date.published" value="1997-03-20"/>
<dc element="dc.source" value="Reuters"/>
<dc element="dc.creator.location" value="MONTREAL"/>
<dc element="dc.creator.location.country.name" value="CANADA"/>
<dc element="dc.source" value="Reuters"/>
</metadata>
</newsitem>
