<?xml version="1.0" encoding="iso-8859-1" ?>
<newsitem itemid="455635" id="root" date="1997-03-20" xml:lang="en">
<title>TRINIDAD AND TOBAGO: GOVERNMENT LIST.</title>
<headline>GOVERNMENT LIST.</headline>
<text>
<p>TRINIDAD AND TOBAGO GOVERNMENT LIST (970320)</p>
<p>President (Sworn in 19 Mar 97).A.N.R. ROBINSON</p>
<p>			    - - - - - - -</p>
<p>COALITION GOVERNMENT (Sworn in 15 Nov 95)</p>
<p> Prime Minister (Sworn in 9 Nov 95)..............Basdeo PANDAY</p>
<p>			    - - - - - - -</p>
<p>MINISTERS:</p>
<p> Agriculture, Lands &amp; Mineral Resources......Dr Reeza MOHAMMED</p>
<p> Attorney-General.......Ramesh Lawrence MAHARAJ</p>
<p> Education........Dr Adesh NANAN</p>
<p> Energy..........Finbar K. GANGA</p>
<p> Finance.........Brian Kuei TUNG</p>
<p> Foreign Affairs.....Ralph MARAJ</p>
<p> Health..........Dr Hamza RAFEEK</p>
<p> Housing...........John HUMPHREY</p>
<p> Labour.............Harry PARTAP</p>
<p> Legal Affairs...........Kamla PERSAD-BISSESSAR</p>
<p> Local Government..Dhanraj SINGH</p>
<p> National Security..Joe THEODORE</p>
<p> Planning &amp; Development...........Trevor SUDAMA</p>
<p> Public Administration &amp; Information..Wade MARK</p>
<p> Public Utilities....Ganga SINGH</p>
<p> Sport &amp; Youth Affairs.........Pamela NICHOLSON</p>
<p> Trade &amp; Industry...Mervyn ASSAM</p>
<p> Works &amp; Transport..Sadeek BAKSH</p>
<p>			    - - - - - - -</p>
<p> Central Bank Governor.......Ainsworth HAREWOOD</p>
<p>			    - - - - - - -</p>
<p>	 NOTE: Any comments/queries on the content of this</p>
<p>		 government list, please contact the Reuter</p>
<p>		 Editorial Reference Unit, London, on (171) 542</p>
<p>		 7968.</p>
<p>			(End Government List)</p>
</text>
<copyright>(c) Reuters Limited 1997</copyright>
<metadata>
<codes class="bip:countries:1.0">
  <code code="TRTO">
    <editdetail attribution="Reuters BIP Coding Group" action="confirmed" date="1997-03-20"/>
  </code>
</codes>
<codes class="bip:topics:1.0">
  <code code="GCAT">
    <editdetail attribution="Reuters BIP Coding Group" action="confirmed" date="1997-03-20"/>
  </code>
  <code code="GPOL">
    <editdetail attribution="Reuters BIP Coding Group" action="confirmed" date="1997-03-20"/>
  </code>
</codes>
<dc element="dc.publisher" value="Reuters Holdings Plc"/>
<dc element="dc.date.published" value="1997-03-20"/>
<dc element="dc.source" value="Reuters"/>
<dc element="dc.creator.location.country.name" value="TRINIDAD AND TOBAGO"/>
<dc element="dc.source" value="Reuters"/>
</metadata>
</newsitem>
