<?xml version="1.0" encoding="iso-8859-1" ?>
<newsitem itemid="455605" id="root" date="1997-03-20" xml:lang="en">
<title>UK: North Sea crudes steady, sours compete in Med.</title>
<headline>North Sea crudes steady, sours compete in Med.</headline>
<dateline>LONDON 1997-03-20</dateline>
<text>
<p>North Sea crudes were steady on Thursday despite a weaker wet Brent deal, traders said.</p>
<p>The March 29-31 cargo traded at April Brent -90 cents a barrel, but other North Sea grades showed signs of firming.</p>
<p>&quot;For the grades things are looking up,&quot; said a trader.</p>
<p>Forties sellers reported bids of between Dated Brent +10/+15 cents a barrel for April loading cargoes.</p>
<p>In the Mediterranean sour crude markets remained depressed with demand for distillate-laden crudes minimal as refiners switched to lighter gasoline-rich crudes where seasonally better profit margins lie, traders said.</p>
<p>Avails of most grades were seen ample although traders saw the sale of some 300,000 barrels of Iraqi Kirkuk into Northwest Europe taking some of the current pressure off prices for Russian Urals cargoes.</p>
<p>Prompt and cross-month Urals cargoes were offered at around Dated Brent -$1.20 but traders said stiff competition from other grades kept nearest bids 20 cents below this.</p>
<p>Negotiations for April lifting Syrian crudes were at a stalemate with state oil firm Sytrol holding offers at dated Brent -78 cents for Syrian light, some 28 cents below the OSP for March.</p>
<p>Heavy Souedie was offered at Dated Brent -$4.60 with bids around Dated Brent -$5.00-$5.25 a tonne.</p>
<p>Algerian Saharan Blend contracts for April were reported offered at +43 cents around half the March OSP, but traders said there was little buying interest here either.</p>
<p>Much West African trade was shrouded by widespread insistence on confidential terms, with sellers unwilling to disclose apparently weak traded values.</p>
<p>Mid-April loaders were the main market for end-users but the back end of March remained a distraction, with three cargoes of Forcados and a Qua Iboe still unsold.</p>
</text>
<copyright>(c) Reuters Limited 1997</copyright>
<metadata>
<codes class="bip:countries:1.0">
  <code code="UK">
    <editdetail attribution="Reuters BIP Coding Group" action="confirmed" date="1997-03-20"/>
  </code>
</codes>
<codes class="bip:topics:1.0">
  <code code="M14">
    <editdetail attribution="Reuters BIP Coding Group" action="confirmed" date="1997-03-20"/>
  </code>
  <code code="M143">
    <editdetail attribution="Reuters BIP Coding Group" action="confirmed" date="1997-03-20"/>
  </code>
  <code code="MCAT">
    <editdetail attribution="Reuters BIP Coding Group" action="confirmed" date="1997-03-20"/>
  </code>
</codes>
<dc element="dc.date.created" value="1997-03-20"/>
<dc element="dc.publisher" value="Reuters Holdings Plc"/>
<dc element="dc.date.published" value="1997-03-20"/>
<dc element="dc.source" value="Reuters"/>
<dc element="dc.creator.location" value="LONDON"/>
<dc element="dc.creator.location.country.name" value="UK"/>
<dc element="dc.source" value="Reuters"/>
</metadata>
</newsitem>
