<?xml version="1.0" encoding="iso-8859-1" ?>
<newsitem itemid="455606" id="root" date="1997-03-20" xml:lang="en">
<title>UK: Eastern Electricity prices stg bond to sell.</title>
<headline>Eastern Electricity prices stg bond to sell.</headline>
<dateline>LONDON 1997-03-20</dateline>
<text>
<p>The first sterling Eurobond since the call for the May 1 British election gave a generous pick-up over gilts in order to sell, given the current politicking as well as debate over windfall taxes on utilities, traders said on Thursday.</p>
<p>&quot;Doing something at the moment does mean you've got to price it properly,&quot; syndicate manager at HSBC said.</p>
<p>Syndicate manager at joint lead BZW said: &quot;It has been a defensive period in the market since the election call, so we factored the election into the price.</p>
<p>&quot;The high profile government discussions on utilities also meant we could not risk a failure,&quot; he said.</p>
<p>Eastern Electricity, the largest of 12 British regional electricity utilities, raised 200 million stg over 15 years.</p>
<p>Eastern Electricity is a unit of Energy Group.</p>
<p>The bond was priced to yield 90 basis points over gilts which sold, at a 99.322 reoffer price, to British institutional investors. The paper pays a coupon of 8.75 percent.</p>
<p>&quot;We felt with at 90 (b.p.) over, we would get a full subscription from people who had previously been a bit defensive in putting money into the market and into the utility sector in general,&quot; BZW's syndicate manager said.</p>
<p>&quot;Because the risks in the sterling market in the long end are high, we could not contemplate a failure.&quot;</p>
<p>A syndicate manager away from the joint leads said: &quot;It was a very fairly priced transaction so it flew out the door.&quot;</p>
<p>HSBC's syndicate manager said the British election was one of the many factors affecting investor sentiment. He said spreads had generally widened and there was some shakiness in the pound.</p>
<p>Syndicate managers have said the campaign period would curb sterling supply, particularly retail-targeted deals which would be hit by investor swings in demand caused by politicking.</p>
<p>Eastern Electricity has one outstanding sterling Eurobond which matures in 2004. It is rated A1 by Moody's Investors Service and A by Standard &amp; Poor's Corp.</p>
<p>-- Hayley Pienaar, London Newsroom +44 171 542 7718</p>
</text>
<copyright>(c) Reuters Limited 1997</copyright>
<metadata>
<codes class="bip:countries:1.0">
  <code code="UK">
    <editdetail attribution="Reuters BIP Coding Group" action="confirmed" date="1997-03-20"/>
  </code>
</codes>
<codes class="bip:industries:1.0">
  <code code="I16000">
    <editdetail attribution="Reuters BIP Coding Group" action="confirmed" date="1997-03-20"/>
  </code>
  <code code="I16100">
    <editdetail attribution="Reuters BIP Coding Group" action="confirmed" date="1997-03-20"/>
  </code>
</codes>
<codes class="bip:topics:1.0">
  <code code="C17">
    <editdetail attribution="Reuters BIP Coding Group" action="confirmed" date="1997-03-20"/>
  </code>
  <code code="C172">
    <editdetail attribution="Reuters BIP Coding Group" action="confirmed" date="1997-03-20"/>
  </code>
  <code code="CCAT">
    <editdetail attribution="Reuters BIP Coding Group" action="confirmed" date="1997-03-20"/>
  </code>
</codes>
<dc element="dc.date.created" value="1997-03-20"/>
<dc element="dc.publisher" value="Reuters Holdings Plc"/>
<dc element="dc.date.published" value="1997-03-20"/>
<dc element="dc.source" value="Reuters"/>
<dc element="dc.creator.location" value="LONDON"/>
<dc element="dc.creator.location.country.name" value="UK"/>
<dc element="dc.source" value="Reuters"/>
</metadata>
</newsitem>
