<?xml version="1.0" encoding="iso-8859-1" ?>
<newsitem itemid="455609" id="root" date="1997-03-20" xml:lang="en">
<title>UK: One year on, tears and anger among CJD sufferers.</title>
<headline>One year on, tears and anger among CJD sufferers.</headline>
<byline>Scott McCormack</byline>
<dateline>COVENTRY, England 1997-03-20</dateline>
<text>
<p>Mourning relatives of victims of the human version of mad cow disease attacked the British government on Thursday, the first anniversary of its announcement that eating infected beef might kill humans.</p>
<p>Tears and anger dominated a meeting of family members and carers with leading scientific experts to discuss the fatal brain-wasting disease, Creutzfeldt-Jacob Disease (CJD).</p>
<p>The survivors blame the government for consistently telling the public there was no risk of contracting CJD by eating beef contaminated with BSE (bovine spongiform encephalopathy).</p>
<p>&quot;It is as though the government murdered my partner,&quot; said Marie Lawrence, who nursed her partner Mike as he died of CJD last year.</p>
<p>&quot;They might just as well have picked up a gun and shot him through the head,&quot; she added, fingers trembling around a cigarette as she fought back tears.</p>
<p>Nearly 200 people gathered at the conference, which was organised by the CJD Support Network -- a lobby group for those caring for victims of CJD. Families shared their experiences with one another and grilled researchers in the field.</p>
<p>&quot;This is really for the families so we can share with them our knowledge and try to make these dreadful events a little more bearable,&quot; explained Professor John Pattison, chairman of the Spongiform Encephalopathy Advisory Council.</p>
<p>Nods and anxious looks of understanding passed between audience members as Pattison outlined the symptoms of the disease that slowly eats away at the human brain.</p>
<p>&quot;Many of you know these symptoms all too well,&quot; he said. Some of the listeners clutched photographs of loved ones as he spoke.</p>
<p>As late as November 1995, Chief Medical Officer Kenneth Calman said: &quot;There is currently no evidence that BSE can be transmitted to humans or that eating beef causes CJD.&quot;</p>
<p>But on March 20, 1996, researchers announced that 10 cases of a new kind of CJD had been identified and the only cause they could think of was eating infected beef.</p>
<p>Health Minister Stephen Dorrell then informed parliament, triggering a storm of protest and a worldwide ban on British beef exports by the European Union.</p>
<p>Scientists at Thursday's conference emphasised that, while the case for a definitive link between eating beef and contracting the disease had strengthened, they still did not completely understand the disease or know how many people could have been infected by eating beef.</p>
<p>Estimates of potential victims range from several hundred to tens of thousands because the disease's incubation period is not known, though it is thought to range between 10 and 20 years.</p>
<p>&quot;The assumption has to be that there is a causal link between CJD and BSE. The evidence has substantially strengthened in the last year,&quot; said Professor Peter Smith, adviser to the CJD Surveillance Unit. &quot;But the bottom line is we simply don't know.&quot;</p>
<p>Upon hearing those words Gerard Callaghan, whose brother Maurice died from CJD, jumped to his feet and shouted: &quot;Come off the fence and stop pissing about. It is a disgrace to say there is no final evidence.&quot;</p>
<p>&quot;We have been subjected to the most concentrated official indifference and have had to bear the most crass insensitivity at times. This has to stop,&quot; Callaghan said.</p>
<p>At the top of the survivors' list of demands is an official inquiry into events leading up to the announcement that mad cow disease could indeed pass to humans in the form of CJD.</p>
<p>David Churchill, whose son Stephen was the youngest to die of CJD, called for those responsible to be brought to justice. &quot;It's like they murdered my son, albeit by incompetence.&quot;</p>
</text>
<copyright>(c) Reuters Limited 1997</copyright>
<metadata>
<codes class="bip:countries:1.0">
  <code code="UK">
    <editdetail attribution="Reuters BIP Coding Group" action="confirmed" date="1997-03-20"/>
  </code>
</codes>
<codes class="bip:industries:1.0">
  <code code="I01001">
    <editdetail attribution="Reuters BIP Coding Group" action="confirmed" date="1997-03-20"/>
  </code>
  <code code="I0100105">
    <editdetail attribution="Reuters BIP Coding Group" action="confirmed" date="1997-03-20"/>
  </code>
  <code code="I41220">
    <editdetail attribution="Reuters BIP Coding Group" action="confirmed" date="1997-03-20"/>
  </code>
</codes>
<codes class="bip:topics:1.0">
  <code code="C13">
    <editdetail attribution="Reuters BIP Coding Group" action="confirmed" date="1997-03-20"/>
  </code>
  <code code="C24">
    <editdetail attribution="Reuters BIP Coding Group" action="confirmed" date="1997-03-20"/>
  </code>
  <code code="CCAT">
    <editdetail attribution="Reuters BIP Coding Group" action="confirmed" date="1997-03-20"/>
  </code>
  <code code="GCAT">
    <editdetail attribution="Reuters BIP Coding Group" action="confirmed" date="1997-03-20"/>
  </code>
  <code code="GHEA">
    <editdetail attribution="Reuters BIP Coding Group" action="confirmed" date="1997-03-20"/>
  </code>
  <code code="GPOL">
    <editdetail attribution="Reuters BIP Coding Group" action="confirmed" date="1997-03-20"/>
  </code>
</codes>
<dc element="dc.date.created" value="1997-03-20"/>
<dc element="dc.publisher" value="Reuters Holdings Plc"/>
<dc element="dc.date.published" value="1997-03-20"/>
<dc element="dc.source" value="Reuters"/>
<dc element="dc.creator.location" value="COVENTRY, England"/>
<dc element="dc.creator.location.country.name" value="UK"/>
<dc element="dc.source" value="Reuters"/>
</metadata>
</newsitem>
