<?xml version="1.0" encoding="iso-8859-1" ?>
<newsitem itemid="455634" id="root" date="1997-03-20" xml:lang="en">
<title>PAKISTAN: GOVERNMENT LIST.</title>
<headline>GOVERNMENT LIST.</headline>
<text>
<p>PAKISTAN GOVERNMENT LIST (970320)</p>
<p>President...Farooq Khan LEGHARI</p>
<p>(Elected 13 Nov 93 for a five-year term)</p>
<p> Prime Minister (Sworn in 17 Feb 97)..............Nawaz SHARIF</p>
<p>				  - - - - - - -</p>
<p>MINISTERS:</p>
<p> Commerce..............Ishaq DAR</p>
<p> Communications........Azam HOTI</p>
<p> Finance.............Sartaj AZIZ</p>
<p> Foreign.........Gohar Ayub KHAN</p>
<p> Interior........Shujaat HUSSAIN</p>
<p> Population Welfare...............Abida HUSSAIN</p>
<p>Water &amp; Power....Nisar Ali KHAN</p>
<p>				  - - - - - - -</p>
<p>MINISTERS OF STATE</p>
<p> Housing &amp; Works................Asghar Ali SHAH</p>
<p>				  - - - - - - -</p>
<p>Speaker National Assembly (Lower House)....Ilahi Buksh SOOMRO</p>
<p>				  - - - - - - -</p>
<p> Governor State (central) Bank of Pakistan......Muhammad YAQUB</p>
<p>				  - - - - - - -</p>
<p>	 NOTE: Any comments/queries on the content of this</p>
<p>		 government list, please contact the Reuter</p>
<p>		 Editorial Reference Unit, London, on (171) 542</p>
<p>		 7968.</p>
<p>			     (End Government List)</p>
</text>
<copyright>(c) Reuters Limited 1997</copyright>
<metadata>
<codes class="bip:countries:1.0">
  <code code="PAKIS">
    <editdetail attribution="Reuters BIP Coding Group" action="confirmed" date="1997-03-20"/>
  </code>
</codes>
<codes class="bip:topics:1.0">
  <code code="GCAT">
    <editdetail attribution="Reuters BIP Coding Group" action="confirmed" date="1997-03-20"/>
  </code>
  <code code="GPOL">
    <editdetail attribution="Reuters BIP Coding Group" action="confirmed" date="1997-03-20"/>
  </code>
</codes>
<dc element="dc.publisher" value="Reuters Holdings Plc"/>
<dc element="dc.date.published" value="1997-03-20"/>
<dc element="dc.source" value="Reuters"/>
<dc element="dc.creator.location.country.name" value="PAKISTAN"/>
<dc element="dc.source" value="Reuters"/>
</metadata>
</newsitem>
