<?xml version="1.0" encoding="iso-8859-1" ?>
<newsitem itemid="455601" id="root" date="1997-03-20" xml:lang="en">
<title>UK: M.Lynch makes Marks head of new Euro region.</title>
<headline>M.Lynch makes Marks head of new Euro region.</headline>
<dateline>LONDON 1997-03-20</dateline>
<text>
<p>U.S. investment bank Merrill Lynch &amp; Co said on Thursday it had made Michael Marks, co-head of global equities and deputy chairman of Merrill Lynch International, chief operating officer of the Europe, Middle East and Africa region.</p>
<p>Marks' appointment is part of what Merrill called a &quot;realignment&quot; of its organisation &quot;designed to enhance services provided to a diverse global client base and position the company for the substantial worldwide growth opportunities in financial services&quot;.</p>
</text>
<copyright>(c) Reuters Limited 1997</copyright>
<metadata>
<codes class="bip:countries:1.0">
  <code code="UK">
    <editdetail attribution="Reuters BIP Coding Group" action="confirmed" date="1997-03-20"/>
  </code>
  <code code="USA">
    <editdetail attribution="Reuters BIP Coding Group" action="confirmed" date="1997-03-20"/>
  </code>
</codes>
<codes class="bip:industries:1.0">
  <code code="I83100">
    <editdetail attribution="Reuters BIP Coding Group" action="confirmed" date="1997-03-20"/>
  </code>
</codes>
<codes class="bip:topics:1.0">
  <code code="C41">
    <editdetail attribution="Reuters BIP Coding Group" action="confirmed" date="1997-03-20"/>
  </code>
  <code code="C411">
    <editdetail attribution="Reuters BIP Coding Group" action="confirmed" date="1997-03-20"/>
  </code>
  <code code="CCAT">
    <editdetail attribution="Reuters BIP Coding Group" action="confirmed" date="1997-03-20"/>
  </code>
</codes>
<dc element="dc.date.created" value="1997-03-20"/>
<dc element="dc.publisher" value="Reuters Holdings Plc"/>
<dc element="dc.date.published" value="1997-03-20"/>
<dc element="dc.source" value="Reuters"/>
<dc element="dc.creator.location" value="LONDON"/>
<dc element="dc.creator.location.country.name" value="UK"/>
<dc element="dc.source" value="Reuters"/>
</metadata>
</newsitem>
