<?xml version="1.0" encoding="iso-8859-1" ?>
<newsitem itemid="455642" id="root" date="1997-03-20" xml:lang="en">
<title>CANADA: Toronto indices closing - March 20.</title>
<headline>Toronto indices closing - March 20.</headline>
<text>
<p>Coms			 6055.30   -33.66</p>
<p> Met/Min		    5629.73   -74.81</p>
<p> Gold			10713.18  -174.71</p>
<p> Oil/Gas		    6420.01   -10.52</p>
<p> Volume		  84,826,332</p>
</text>
<copyright>(c) Reuters Limited 1997</copyright>
<metadata>
<codes class="bip:countries:1.0">
  <code code="CANA">
    <editdetail attribution="Reuters BIP Coding Group" action="confirmed" date="1997-03-20"/>
  </code>
</codes>
<codes class="bip:topics:1.0">
  <code code="M11">
    <editdetail attribution="Reuters BIP Coding Group" action="confirmed" date="1997-03-20"/>
  </code>
  <code code="MCAT">
    <editdetail attribution="Reuters BIP Coding Group" action="confirmed" date="1997-03-20"/>
  </code>
</codes>
<dc element="dc.publisher" value="Reuters Holdings Plc"/>
<dc element="dc.date.published" value="1997-03-20"/>
<dc element="dc.source" value="Reuters"/>
<dc element="dc.creator.location.country.name" value="CANADA"/>
<dc element="dc.source" value="Reuters"/>
</metadata>
</newsitem>
