<?xml version="1.0" encoding="iso-8859-1" ?>
<newsitem itemid="455630" id="root" date="1997-03-20" xml:lang="en">
<title>YUGOSLAVIA: GOVERNMENT LIST.</title>
<headline>GOVERNMENT LIST.</headline>
<text>
<p>YUGOSLAVIA GOVERNMENT LIST (970320)</p>
<p> (See end of list for party affiliations)</p>
<p> President (Elected 25 Jun 93)......Zoran LILIC</p>
<p> Vice President..........Vojin DJUKANOVIC (DPS)</p>
<p> Vice President...........Nikola SAINOVIC (SPS)</p>
<p> Vice President.....Danko DJUNIC (non partisan)</p>
<p> Vice President...........Vladan KUTLESIC (SPS)</p>
<p>				  - - - - - - -</p>
<p>CABINET</p>
<p> Prime Minister (Took office 3 Mar 93)...........Radoje KONTIC</p>
<p>				  - - - - - - -</p>
<p>MINISTERS:</p>
<p> Agriculture.............Nedeljko SIPOVAC (SPS)</p>
<p> Coordinator with IMF...Nebojsa MALJKOVIC (JUL)</p>
<p> Defence...Pavle BULATOVIC (DPS)</p>
<p> Development..............Jagos ZELENOVIC (SPS)</p>
<p> Economy....Rade FILIPOVIC (DPS)</p>
<p> Finance..Bozidar GAZIVODA (DPS)</p>
<p> Foreign Affairs.........Milan MILUTINOVIC(SPS)</p>
<p> Foreign Trade...........Borislav VUKOVIC (JUL)</p>
<p> Internal Affairs.........Zoran SOKOLOVIC (SPS)</p>
<p> Internal Trade..........Milorad MISKOVIC (SPS)</p>
<p> Justice....Zoran KNEZEVIC (DPS)</p>
<p> Sport......Zoran BINGULAC (SPS)</p>
<p> Telecommunications.....Dojcilo RADOJEVIC (SPS)</p>
<p> Traffic &amp; Communications.............Dejan DROBNJAKOVIC (DPS)</p>
<p> Without Portfolio........Jugoslav KOSTIC (SPS)</p>
<p> Work, Health &amp; Social Protection.......Oslav IVANISEVIC (DPS)</p>
<p>				  - - - - - - -</p>
<p>PARTY AFFILIATIONS:</p>
<p> DPS - Democratic Party of Socialists of Montenegro</p>
<p> SPS - Socialist Party of Serbia</p>
<p> JUL - Jugoslav Left</p>
<p>				  - - - - - - -</p>
<p> Central Bank Governor (Acting)...............Bozidar GAZIVODA</p>
<p>				  - - - - - - -</p>
<p>	 NOTE: Any comments/queries on the content of this</p>
<p>		 GOVERNMENT LIST, please contact the Reuter</p>
<p>		 Editorial Reference Unit, London, on (171) 542</p>
<p>		 7968.</p>
<p>			    (END GOVERNMENT LIST)</p>
</text>
<copyright>(c) Reuters Limited 1997</copyright>
<metadata>
<codes class="bip:countries:1.0">
  <code code="YUG">
    <editdetail attribution="Reuters BIP Coding Group" action="confirmed" date="1997-03-20"/>
  </code>
</codes>
<codes class="bip:topics:1.0">
  <code code="GCAT">
    <editdetail attribution="Reuters BIP Coding Group" action="confirmed" date="1997-03-20"/>
  </code>
  <code code="GPOL">
    <editdetail attribution="Reuters BIP Coding Group" action="confirmed" date="1997-03-20"/>
  </code>
</codes>
<dc element="dc.publisher" value="Reuters Holdings Plc"/>
<dc element="dc.date.published" value="1997-03-20"/>
<dc element="dc.source" value="Reuters"/>
<dc element="dc.creator.location.country.name" value="YUGOSLAVIA"/>
<dc element="dc.source" value="Reuters"/>
</metadata>
</newsitem>
