<?xml version="1.0" encoding="iso-8859-1" ?>
<newsitem itemid="455614" id="root" date="1997-03-20" xml:lang="en">
<title>UK: UK Treasury Committee urges further reforms at LSE.</title>
<headline>UK Treasury Committee urges further reforms at LSE.</headline>
<byline>Debra Sherman</byline>
<dateline>LONDON 1997-03-20</dateline>
<text>
<p>An influential British parliamentary committee on Thursday urged the London Stock Exchange (LSE) to give up its member club status and adopt a more open business structure.</p>
<p>The Treasury Select Committee, which has been critical of the way the exchange has been run, said the LSE would better reflect the interests of the market if it was not owned by member firms.</p>
<p>&quot;We can see no reason why the Stock Exchange should now not develop a corporate structure,&quot; the Committee said in its report.</p>
<p>It added, &quot;...We would not be surprised if the LSE came under further scrutiny from this Committee in the new Parliament.&quot;</p>
<p>The committee, which  has been following developments at the exchange for about 18 months, said it was concerned that the LSE &quot;remains so non-committal about the issue of ownership, particularly in the light of the increasingly competitive environment in which it finds itself.&quot;</p>
<p>Some market watchers say one option for the exchange is an eventual flotation.</p>
<p>An LSE spokeswoman said the issue of governance is &quot;constantly under review,&quot; but the LSE has not specifically discussed a flotation.</p>
<p>&quot;We have no plans now, but we're open to change,&quot; she said. &quot;At the moment, we have a very full agenda so we probably won't be addressing it soon.&quot;</p>
<p>The Committee also urged Europe's biggest stock exchange to increase market transparency it launches its electronic order-driven order book in October 1997.</p>
<p>The LSE now uses a system under which share prices are set by primary dealers, known as market makers. It is the only major exchange where market makers set prices.</p>
<p>The LSE is still thrashing out the details of the new order-driven regime, and has put forth a controversial rule that would allow market makers to delay reporting large trades for the sake of market liquidity under the new order book regime.</p>
<p>&quot;...We do not accept the view of the LSE that there is necessarily a trade off between transparency and liquidity,&quot; the committee reported.</p>
<p>It concluded, &quot;...The LSE will be best served by ensuring that an effective, transparent order book -- with suitably formulated rules to allow a significant flow of business -- for the most liquid stocks is implemented as soon as possible ...&quot; --London newsroom +44 171 542 5106</p>
</text>
<copyright>(c) Reuters Limited 1997</copyright>
<metadata>
<codes class="bip:countries:1.0">
  <code code="UK">
    <editdetail attribution="Reuters BIP Coding Group" action="confirmed" date="1997-03-20"/>
  </code>
</codes>
<codes class="bip:industries:1.0">
  <code code="I83100">
    <editdetail attribution="Reuters BIP Coding Group" action="confirmed" date="1997-03-20"/>
  </code>
</codes>
<codes class="bip:topics:1.0">
  <code code="C13">
    <editdetail attribution="Reuters BIP Coding Group" action="confirmed" date="1997-03-20"/>
  </code>
  <code code="CCAT">
    <editdetail attribution="Reuters BIP Coding Group" action="confirmed" date="1997-03-20"/>
  </code>
  <code code="M11">
    <editdetail attribution="Reuters BIP Coding Group" action="confirmed" date="1997-03-20"/>
  </code>
  <code code="MCAT">
    <editdetail attribution="Reuters BIP Coding Group" action="confirmed" date="1997-03-20"/>
  </code>
</codes>
<dc element="dc.date.created" value="1997-03-20"/>
<dc element="dc.publisher" value="Reuters Holdings Plc"/>
<dc element="dc.date.published" value="1997-03-20"/>
<dc element="dc.source" value="Reuters"/>
<dc element="dc.creator.location" value="LONDON"/>
<dc element="dc.creator.location.country.name" value="UK"/>
<dc element="dc.source" value="Reuters"/>
</metadata>
</newsitem>
