<?xml version="1.0" encoding="iso-8859-1" ?>
<newsitem itemid="475585" id="root" date="1997-03-30" xml:lang="en">
<title>BULGARIA: BULGARIA C.BANK TAKES OVER MOLLOVBANK FOR 3 MONTHS.</title>
<headline>BULGARIA C.BANK TAKES OVER MOLLOVBANK FOR 3 MONTHS.</headline>
<dateline>SOFIA 1997-03-28</dateline>
<text>
<p>The Bulgarian National Bank (BNB) decided to put under direct administration the private Mollovbank, in receivership since September 23, in a bid to save it from bankruptcy, the State Gazette said on Friday.</p>
<p>&quot;The BNB board decided to take over the powers of Mollovbank general shareholders' meeting for three months to create possibilities for its rehabilitation and avoid insolvency,&quot; the State Gazette said.</p>
<p>The BNB put Mollovbank in receivership, dismissed its management and appointed sequestrators on September 23 due to a danger of insolvency, citing a negative capital-to-risk assets ratio of 19 percent and oustanding payments of 22 million levs.</p>
<p>On October 31 the BNB filed a bankruptcy suit against Mollovbank, saying the bank's performing assets were not large enough to cover its liabilities.</p>
<p>Under BNB regulations sequestrators have managed the current affairs of a bank in receivership but its shareholders have retained their voting rights.</p>
<p>&quot;Taking over the powers (of the shareholders meeting) could be seen as a step towards a possible Mollovbank's acquisition by a foreign investor expected to contribute to a capital rise with fresh money,&quot; a BNB official who declined to be named told Reuters.</p>
<p>The BNB was expected next week to announce a capital rise for the bank, the official said, declining to elaborate.</p>
<p>Mollovbank's registered share capital amounts to 1.4 billion levs, the minumum required for a domestic licence at present but figures of the effectively paid-in capital are not available.</p>
<p>If the BNB estimated the expected investment large enough to boost Mollovbank's liquidity and cover its capital gap it might be willing to consider lifting the receivership, the official said.</p>
<p>Since last May the BNB has filed insolvency suits against sixteen state and private banks, a third of Bulgaria's banks.</p>
<p>Only Madan-based Krystalbank, which stopped operating in November 1995, has been declared insolvent by the court so far. -- Sofia Newsroom, (++359-2) 981 8569</p>
</text>
<copyright>(c) Reuters Limited 1997</copyright>
<metadata>
<codes class="bip:countries:1.0">
  <code code="BUL">
    <editdetail attribution="Reuters BIP Coding Group" action="confirmed" date="1997-03-30"/>
  </code>
</codes>
<codes class="bip:industries:1.0">
  <code code="I81402">
    <editdetail attribution="Reuters BIP Coding Group" action="confirmed" date="1997-03-30"/>
  </code>
</codes>
<codes class="bip:topics:1.0">
  <code code="C16">
    <editdetail attribution="Reuters BIP Coding Group" action="confirmed" date="1997-03-30"/>
  </code>
  <code code="CCAT">
    <editdetail attribution="Reuters BIP Coding Group" action="confirmed" date="1997-03-30"/>
  </code>
</codes>
<dc element="dc.date.created" value="1997-03-28"/>
<dc element="dc.publisher" value="Reuters Holdings Plc"/>
<dc element="dc.date.published" value="1997-03-30"/>
<dc element="dc.source" value="Reuters"/>
<dc element="dc.creator.location" value="SOFIA"/>
<dc element="dc.creator.location.country.name" value="BULGARIA"/>
<dc element="dc.source" value="Reuters"/>
</metadata>
</newsitem>
