<?xml version="1.0" encoding="iso-8859-1" ?>
<newsitem itemid="475525" id="root" date="1997-03-30" xml:lang="en">
<title>PORTUGAL: GOLF-MADEIRA OPEN FINAL SCORES.</title>
<headline>GOLF-MADEIRA OPEN FINAL SCORES.</headline>
<dateline>SANTO DA SERRA, Madeira 1997-03-30</dateline>
<text>
<p>Leading final scores in the Madeira Island Open ending on Sunday (British unless stated):</p>
<p>204 Peter Mitchell 70 63 71</p>
<p>205 Fredrik Jacobson (Sweden) 68 73 64</p>
<p>206 Andrew Coltart 66 72 68</p>
<p>207 Andrew Sherborne 72 65 70</p>
<p>208 Carl Suneson (Spain) 70 72 66, Jose Coceres</p>
<p>(Argentina) 73 67 68, David Tapping 70 68 70</p>
<p>209 Thomas Goegele (Germany) 71 67 71</p>
<p>210 Malcolm Mackenzie 69 73 68, Padraig Harrington</p>
<p>(Ireland) 73 69 68, Paul Affleck 72 69 69, Dean</p>
<p>Robertson 71 67 72</p>
<p>211 Jean Van de Velde (France) 69 74 68, Anders</p>
<p>Forsbrand (Sweden) 69 73 69, John Bickerton 72 70 69</p>
<p>Heinz Thuel (Germany) 70 68 73</p>
<p>212 Robert Coles 72 71 69, Gordon J. Brand 73 71 68,</p>
<p>Bob May (U.S.) 69 73 70</p>
<p>213 David Howell 72 71 70, Philip Walton (Ireland) 74 70</p>
<p>69, Des Smyth (Ireland) 72 73 68, Van Phillips 73 70</p>
<p>70, Mark Mouland 71 71 71, Andrew Sandywell 69 73 71</p>
<p>Paul Lawrie 71 71 71, Ross McFarlane 68 73 72,</p>
<p>Russell Claydon 69 71 73.</p>
</text>
<copyright>(c) Reuters Limited 1997</copyright>
<metadata>
<codes class="bip:countries:1.0">
  <code code="PORL">
    <editdetail attribution="Reuters BIP Coding Group" action="confirmed" date="1997-03-30"/>
  </code>
</codes>
<codes class="bip:topics:1.0">
  <code code="GCAT">
    <editdetail attribution="Reuters BIP Coding Group" action="confirmed" date="1997-03-30"/>
  </code>
  <code code="GSPO">
    <editdetail attribution="Reuters BIP Coding Group" action="confirmed" date="1997-03-30"/>
  </code>
</codes>
<dc element="dc.date.created" value="1997-03-30"/>
<dc element="dc.publisher" value="Reuters Holdings Plc"/>
<dc element="dc.date.published" value="1997-03-30"/>
<dc element="dc.source" value="Reuters"/>
<dc element="dc.creator.location" value="SANTO DA SERRA, Madeira"/>
<dc element="dc.creator.location.country.name" value="PORTUGAL"/>
<dc element="dc.source" value="Reuters"/>
</metadata>
</newsitem>
