<?xml version="1.0" encoding="iso-8859-1" ?>
<newsitem itemid="475519" id="root" date="1997-03-30" xml:lang="en">
<title>FRANCE: CYCLING-CRITERIUM INTERNATIONAL RESULTS.</title>
<headline>CYCLING-CRITERIUM INTERNATIONAL RESULTS.</headline>
<dateline>CASTRES 1997-03-30</dateline>
<text>
<p>Leading final placings</p>
<p>in the Criterium international cycle race on Sunday:</p>
<p>Second stage (Mazamet-Pic de Nore, 80 kms):</p>
<p>  1. Marcelino Garcia (Spain) ONCE     2 hours 10 minutes 59 secs</p>
<p>  2. Laurent Jalabert (France) ONCE			 1:01 behind</p>
<p>  3. Pascal Herve (France) Festina</p>
<p>  4. Marco Pantani (Italy) Mercatone Uno	  both same time</p>
<p>  5. Pascal Lino (France) Big Mat			   1:05</p>
<p>  6. Mauro Gianetti (Switzerland) Francaise des Jeux  1:07</p>
<p>  7. Andrea Noe (Italy) Asics				 1:12</p>
<p>  8. Marco Velo (Italy) Brescialat			  1:13</p>
<p>  9. Bingen Fernandez (Spain) Euskadi		     1:41</p>
<p> 10. Luc Leblanc (France) Polti			     1:51</p>
<p>Third stage (Castres-Castres 8 kms individual time trial):</p>
<p>  1. Aitor Garmendia (Spain) ONCE   Nine minutes 38.65 seconds</p>
<p>  2. Chris Boardman (Britain) GAN			    3 secs</p>
<p>  3. Pascal Lino (France) Big Mat			    8 secs</p>
<p>  4. Laurent Jalabert (France) ONCE			 10</p>
<p>  5. Tony Rominger (Switzerland) Cofidis		  14</p>
<p>  6. Marcelino Garcia (Spain) ONCE			  19</p>
<p>  7. Martin Hvastija (Slovakia) Cantina Tollo	   21</p>
<p>  8. Stephane Barthe (France) Casino			22</p>
<p>  9. Dariusz Baranowski (Poland) US Postal Service    22</p>
<p> 10. Ludovic Auger (France) Big Mat			 24</p>
<p>Leading final standings:</p>
<p> 1. Marcelino Garcia (Spain) ONCE    7 hours 8 minutes 4 seconds</p>
<p> 2. Laurent Jalabert (France) ONCE			  50 seconds</p>
<p> 3. Pascal Lino (France) Big Mat			    54</p>
<p> 4. Marco Pantani (Italy) Mercatone Uno		  1:10</p>
<p> 5. Pascal Herve (France) Festina			  1:15</p>
<p> 6. Mauro Gianetti (Switzerland) Francaise des Jeux  1:26</p>
<p> 7. Marco Velo (Italy) Brescialat			  1:29</p>
<p> 8. Andrea Noe (Italy) Asics				 1:33</p>
<p> 9. Luc Leblanc (France) Polti			     2:06</p>
<p> 10. Aitor Garmedia (Spain) ONCE			   2:09</p>
</text>
<copyright>(c) Reuters Limited 1997</copyright>
<metadata>
<codes class="bip:countries:1.0">
  <code code="FRA">
    <editdetail attribution="Reuters BIP Coding Group" action="confirmed" date="1997-03-30"/>
  </code>
</codes>
<codes class="bip:topics:1.0">
  <code code="GCAT">
    <editdetail attribution="Reuters BIP Coding Group" action="confirmed" date="1997-03-30"/>
  </code>
  <code code="GSPO">
    <editdetail attribution="Reuters BIP Coding Group" action="confirmed" date="1997-03-30"/>
  </code>
</codes>
<dc element="dc.date.created" value="1997-03-30"/>
<dc element="dc.publisher" value="Reuters Holdings Plc"/>
<dc element="dc.date.published" value="1997-03-30"/>
<dc element="dc.source" value="Reuters"/>
<dc element="dc.creator.location" value="CASTRES"/>
<dc element="dc.creator.location.country.name" value="FRANCE"/>
<dc element="dc.source" value="Reuters"/>
</metadata>
</newsitem>
