<?xml version="1.0" encoding="iso-8859-1" ?>
<newsitem itemid="475538" id="root" date="1997-03-30" xml:lang="en">
<title>UK: GOLF-LEADING MONEY WINNERS ON EUROPEAN TOUR.</title>
<headline>GOLF-LEADING MONEY WINNERS ON EUROPEAN TOUR.</headline>
<dateline>LONDON 1997-03-30</dateline>
<text>
<p>Leading money winners on the</p>
<p>European golf tour after the Madeira Island Open won on Sunday</p>
<p>by Peter Mitchell:</p>
<p>  1. Ernie Els (South Afric)	157,017 pounds sterling</p>
<p>  2. Miguel Angel Martin (Spain)	125,307</p>
<p>  3. Richard Green (Australia)	  121,560</p>
<p>  4. Ian Woosnam (Wales)		  104,056</p>
<p>  5. Jose Maria Olazabal (Spain)	 86,339</p>
<p>  6. Clinton Whitelaw (South Africa)   68,916</p>
<p>  7. Paul Broadhurst (England)	   67,234</p>
<p>  8. Jean Van de Velde (France)	  65,872</p>
<p>  9. Michael Jonzon (Sweden)	     64,627</p>
<p> 10. Peter Lonard (Australia)	    63,244</p>
<p> 11. Peter Mitchell (England)	    62,314</p>
<p> 12. Michael Long (New Zealand)	  62,013</p>
<p> 13. Wayne Riley (Australia)	     61,404</p>
<p> 14. Ignacio Garrido (Spain)	     59,777</p>
<p> 15. Padraig Harrington (Ireland)	55,169</p>
<p> 16. Marc Farry (France)		   52,246</p>
<p> 17. Bernhard Langer (Germany)	   49,900</p>
<p> 18. Lee Westwood (England)		49,597</p>
<p> 19. Thomas Goegele (Germany)	    48,277</p>
<p> 20. Roger Chapman (England)	     45,943</p>
</text>
<copyright>(c) Reuters Limited 1997</copyright>
<metadata>
<codes class="bip:countries:1.0">
  <code code="UK">
    <editdetail attribution="Reuters BIP Coding Group" action="confirmed" date="1997-03-30"/>
  </code>
</codes>
<codes class="bip:topics:1.0">
  <code code="GCAT">
    <editdetail attribution="Reuters BIP Coding Group" action="confirmed" date="1997-03-30"/>
  </code>
  <code code="GSPO">
    <editdetail attribution="Reuters BIP Coding Group" action="confirmed" date="1997-03-30"/>
  </code>
</codes>
<dc element="dc.date.created" value="1997-03-30"/>
<dc element="dc.publisher" value="Reuters Holdings Plc"/>
<dc element="dc.date.published" value="1997-03-30"/>
<dc element="dc.source" value="Reuters"/>
<dc element="dc.creator.location" value="LONDON"/>
<dc element="dc.creator.location.country.name" value="UK"/>
<dc element="dc.source" value="Reuters"/>
</metadata>
</newsitem>
