<?xml version="1.0" encoding="iso-8859-1" ?>
<newsitem itemid="475554" id="root" date="1997-03-30" xml:lang="en">
<title>BRAZIL: MOTOR RACING-CRASH HALTS BRAZILIAN GRAND PRIX.</title>
<headline>MOTOR RACING-CRASH HALTS BRAZILIAN GRAND PRIX.</headline>
<dateline>SAO PAULO, Brazil 1997-03-30</dateline>
<text>
<p>The Brazilian Grand Prix was halted on the opening lap on Sunday after a multiple collision at the first corner.</p>
<p>Canadian Jacques Villeneuve, in a Williams, appeared to be forced wide by German Michael Schumacher's Ferrari as they went into the opening bend.</p>
<p>Villeneuve had started from pole position but was unable to take advantage and careered wide across the gravel track through the downhill Senna curve where he was followed by four other cars as the field started the race.</p>
<p>Italian Giancarlo Fisichella in a Jordan spun on the opening bend, causing chaos among the following cars, including the Arrows of world champion Damon Hill.</p>
</text>
<copyright>(c) Reuters Limited 1997</copyright>
<metadata>
<codes class="bip:countries:1.0">
  <code code="BRAZ">
    <editdetail attribution="Reuters BIP Coding Group" action="confirmed" date="1997-03-30"/>
  </code>
  <code code="CANA">
    <editdetail attribution="Reuters BIP Coding Group" action="confirmed" date="1997-03-30"/>
  </code>
  <code code="GFR">
    <editdetail attribution="Reuters BIP Coding Group" action="confirmed" date="1997-03-30"/>
  </code>
</codes>
<codes class="bip:topics:1.0">
  <code code="GCAT">
    <editdetail attribution="Reuters BIP Coding Group" action="confirmed" date="1997-03-30"/>
  </code>
  <code code="GSPO">
    <editdetail attribution="Reuters BIP Coding Group" action="confirmed" date="1997-03-30"/>
  </code>
</codes>
<dc element="dc.date.created" value="1997-03-30"/>
<dc element="dc.publisher" value="Reuters Holdings Plc"/>
<dc element="dc.date.published" value="1997-03-30"/>
<dc element="dc.source" value="Reuters"/>
<dc element="dc.creator.location" value="SAO PAULO, Brazil"/>
<dc element="dc.creator.location.country.name" value="BRAZIL"/>
<dc element="dc.source" value="Reuters"/>
</metadata>
</newsitem>
