<?xml version="1.0" encoding="iso-8859-1" ?>
<newsitem itemid="475572" id="root" date="1997-03-30" xml:lang="en">
<title>USA: BOXING-LOPEZ KEEPS TITLE IN SURPRISINGLY TOUGH FIGHT.</title>
<headline>BOXING-LOPEZ KEEPS TITLE IN SURPRISINGLY TOUGH FIGHT.</headline>
<dateline>LAS VEGAS 1997-03-29</dateline>
<text>
<p>Ricardo Lopez of Mexico made his 19th consecutive title defence of the World Boxing Council strawweight title by beating Mongol Charoen of Thailand in a unanimous decision on Saturday.</p>
<p>Lopez was given every round by judges Carol Castellano and Martin Sammon, 120-107, and judge Joraicio Castillo had it 119-108.</p>
<p>Lopez is 45-0. Charoen dropped to 17-2.</p>
<p>Lopez has held the title since 1990 the longest of any reigning champion.</p>
</text>
<copyright>(c) Reuters Limited 1997</copyright>
<metadata>
<codes class="bip:countries:1.0">
  <code code="MEX">
    <editdetail attribution="Reuters BIP Coding Group" action="confirmed" date="1997-03-30"/>
  </code>
  <code code="THAIL">
    <editdetail attribution="Reuters BIP Coding Group" action="confirmed" date="1997-03-30"/>
  </code>
  <code code="USA">
    <editdetail attribution="Reuters BIP Coding Group" action="confirmed" date="1997-03-30"/>
  </code>
</codes>
<codes class="bip:topics:1.0">
  <code code="GCAT">
    <editdetail attribution="Reuters BIP Coding Group" action="confirmed" date="1997-03-30"/>
  </code>
  <code code="GSPO">
    <editdetail attribution="Reuters BIP Coding Group" action="confirmed" date="1997-03-30"/>
  </code>
</codes>
<dc element="dc.date.created" value="1997-03-29"/>
<dc element="dc.publisher" value="Reuters Holdings Plc"/>
<dc element="dc.date.published" value="1997-03-30"/>
<dc element="dc.source" value="Reuters"/>
<dc element="dc.creator.location" value="LAS VEGAS"/>
<dc element="dc.creator.location.country.name" value="USA"/>
<dc element="dc.source" value="Reuters"/>
</metadata>
</newsitem>
