<?xml version="1.0" encoding="iso-8859-1" ?>
<newsitem itemid="475539" id="root" date="1997-03-30" xml:lang="en">
<title>UK: SQUASH-JANSHER AIMS FOR SIXTH BRITISH OPEN.</title>
<headline>SQUASH-JANSHER AIMS FOR SIXTH BRITISH OPEN.</headline>
<dateline>CARDIFF 1997-03-30</dateline>
<text>
<p>Jansher Khan heads into this week's British Open with records in mind.</p>
<p>The world number one needs no reminding of the achievements of fellow Pakistani Jahangir Khan, winner of 10 successive British Opens and six World Opens in the 1980s.</p>
<p>But Jansher wants to make his mark the other way around -- 10 world titles and six British.</p>
<p>He has collected eight worlds and five British crowns to date. Victory in the Cardiff final on April 6 would complete one half of his double.</p>
<p>&quot;My most important target is the World Open because I have to win that twice more to equal Jahangir's run in the British Open,&quot; said Jansher.</p>
<p>&quot;I have perhaps four or five more years to do it which makes one more British Open the easier of the two to achieve.&quot;</p>
<p>Jansher plays Irish champion Derek Ryan in the first round on Tuesday and then possibly Greek champion Paul Gregory.</p>
<p>In the last 16 he is due to meet England's world number four Simon Parke, although Egyptian teenager Ahmed Barada will be trying to improve on his five-game loss to Parke in the third-place play-off in the Super Series finals on Saturday.</p>
<p>The top half of the draw also includes England number one Chris Walker and Australian prospects Craig Rowland and Dan Jenson.</p>
<p>Australia also leads the bottom half of the draw with the second-seeded Rodney Eyles, world number eight Brett Martin and Anthony Hill, who is making his first tournament appearance since he was banned in Qatar last year.</p>
<p>Martin reached the Super Series final with some stunning attacking play only to be dismissed in 24 minutes by Jansher. The Australian faces former world number two Peter Marshall of England, who qualifies as a wild card after two years out of the game with chronic fatigue syndrome.</p>
<p>The women's event has been weakened by the withdrawal of the third-seeded Cassie Jackman of England with an ankle injury.</p>
<p>Her absence increased the chances of an all-Australian final between Michelle Martin and Sarah Fitz-Gerald, who became world champion in Kuala Lumpur in October.</p>
</text>
<copyright>(c) Reuters Limited 1997</copyright>
<metadata>
<codes class="bip:countries:1.0">
  <code code="PAKIS">
    <editdetail attribution="Reuters BIP Coding Group" action="confirmed" date="1997-03-30"/>
  </code>
  <code code="UK">
    <editdetail attribution="Reuters BIP Coding Group" action="confirmed" date="1997-03-30"/>
  </code>
</codes>
<codes class="bip:topics:1.0">
  <code code="GCAT">
    <editdetail attribution="Reuters BIP Coding Group" action="confirmed" date="1997-03-30"/>
  </code>
  <code code="GSPO">
    <editdetail attribution="Reuters BIP Coding Group" action="confirmed" date="1997-03-30"/>
  </code>
</codes>
<dc element="dc.date.created" value="1997-03-30"/>
<dc element="dc.publisher" value="Reuters Holdings Plc"/>
<dc element="dc.date.published" value="1997-03-30"/>
<dc element="dc.source" value="Reuters"/>
<dc element="dc.creator.location" value="CARDIFF"/>
<dc element="dc.creator.location.country.name" value="UK"/>
<dc element="dc.source" value="Reuters"/>
</metadata>
</newsitem>
