<?xml version="1.0" encoding="iso-8859-1" ?>
<newsitem itemid="475568" id="root" date="1997-03-30" xml:lang="en">
<title>USA: NBA BASKETBALL-STANDINGS AFTER SATURDAY'S GAMES.</title>
<headline>NBA BASKETBALL-STANDINGS AFTER SATURDAY'S GAMES.</headline>
<dateline>NEW YORK 1997-03-29</dateline>
<text>
<p>Standings of National</p>
<p>Basketball Association teams after games played on Saturday</p>
<p>(tabulate under won, lost, winning percentage, games behind):</p>
<p>		EASTERN CONFERENCE</p>
<p>		ATLANTIC DIVISION</p>
<p>			W    L    PCT  GB</p>
<p> X-MIAMI	   53   17   .757   -</p>
<p> X-NEW YORK	50   21   .704   3 1/2</p>
<p> ORLANDO	   40   30   .571  13</p>
<p> WASHINGTON	36   35   .507  17 1/2</p>
<p> NEW JERSEY	23   48   .324  30 1/2</p>
<p> PHILADELPHIA    19   50   .275  33 1/2</p>
<p> BOSTON	    13   59   .181  41</p>
<p>		  CENTRAL DIVISION</p>
<p>			W    L    PCT  GB</p>
<p> X-CHICAGO	 62    9   .873   -</p>
<p> X-DETROIT	 49   21   .700  12 1/2</p>
<p> X-ATLANTA	 50   22   .694  12 1/2</p>
<p> CHARLOTTE	 45   26   .634  17</p>
<p> CLEVELAND	 36   34   .514  25 1/2</p>
<p> INDIANA	   34   36   .486  27 1/2</p>
<p> MILWAUKEE	 28   42   .400  33 1/2</p>
<p> TORONTO	   25   47   .347  37 1/2</p>
<p>		  WESTERN CONFERENCE</p>
<p>		   MIDWEST DIVISION</p>
<p>			W    L    PCT  GB</p>
<p> X-UTAH	    54   17   .761   -</p>
<p> X-HOUSTON	 48   23   .676   6</p>
<p> MINNESOTA	 34   37   .479  20</p>
<p> DALLAS	    22   48   .314  31 1/2</p>
<p> DENVER	    19   51   .271  34 1/2</p>
<p> SAN ANTONIO     18   53   .254  36</p>
<p> VANCOUVER	 12   62   .162  43 1/2</p>
<p>		 PACIFIC DIVISION</p>
<p>			W    L    PCT  GB</p>
<p> X-SEATTLE	 50   21   .704   -</p>
<p> X-LA LAKERS     48   23   .676   2</p>
<p> X-PORTLAND	43   30   .589   8</p>
<p> PHOENIX	   32   39   .451  18</p>
<p> LA CLIPPERS     31   39   .443  18 1/2</p>
<p> SACRAMENTO	29   43   .403  21 1/2</p>
<p> GOLDEN STATE    25   45   .357  24 1/2</p>
<p>X -- CLINCHED PLAYOFF BERTH</p>
<p>SUNDAY, MARCH 30TH SCHEDULE</p>
<p> NEW YORK AT ORLANDO	    </p>
<p> MIAMI AT TORONTO		 </p>
<p> LA CLIPPERS AT INDIANA	 </p>
<p> DALLAS AT CLEVELAND	    </p>
<p> PHILADELPHIA AT DETROIT	</p>
<p> MINNESOTA AT GOLDEN STATE    </p>
<p> MILWAUKEE AT DENVER	    </p>
<p> SEATTLE AT PHOENIX</p>
</text>
<copyright>(c) Reuters Limited 1997</copyright>
<metadata>
<codes class="bip:countries:1.0">
  <code code="CANA">
    <editdetail attribution="Reuters BIP Coding Group" action="confirmed" date="1997-03-30"/>
  </code>
  <code code="USA">
    <editdetail attribution="Reuters BIP Coding Group" action="confirmed" date="1997-03-30"/>
  </code>
</codes>
<codes class="bip:topics:1.0">
  <code code="GCAT">
    <editdetail attribution="Reuters BIP Coding Group" action="confirmed" date="1997-03-30"/>
  </code>
  <code code="GSPO">
    <editdetail attribution="Reuters BIP Coding Group" action="confirmed" date="1997-03-30"/>
  </code>
</codes>
<dc element="dc.date.created" value="1997-03-29"/>
<dc element="dc.publisher" value="Reuters Holdings Plc"/>
<dc element="dc.date.published" value="1997-03-30"/>
<dc element="dc.source" value="Reuters"/>
<dc element="dc.creator.location" value="NEW YORK"/>
<dc element="dc.creator.location.country.name" value="USA"/>
<dc element="dc.source" value="Reuters"/>
</metadata>
</newsitem>
