<?xml version="1.0" encoding="iso-8859-1" ?>
<newsitem itemid="475506" id="root" date="1997-03-30" xml:lang="en">
<title>USA: GOLF-LEADING SCORES AT PLAYERS CHAMPIONSHIP.</title>
<headline>GOLF-LEADING SCORES AT PLAYERS CHAMPIONSHIP.</headline>
<dateline>PONTE VEDRA BEACH, Fla. 1997-03-30</dateline>
<text>
<p>Final scores from the $3.5 million Players Championship tournament on Sunday (U.S. unless noted):</p>
<p>272  Steve Elkington (Australia) 66 69 68 69</p>
<p>279  Scott Hoch 69 71 65 74</p>
<p>280  Loren Roberts 70 74 67 69</p>
<p>281  Brad Faxon 70 69 72 70</p>
<p>282  Billy Andrade 68 72 68 74</p>
<p>283  Tom Lehman 67 71 73 72</p>
<p>284  Colin Montgomerie (Britain) 70 70 71 73, Tommy Tolles 70</p>
<p>     70 71 73, Mark Brooks 72 68 70 74</p>
<p>285  Fred Couples 71 74 71 69, Russ Cochran 67 74 72 72, Ernie</p>
<p>     Els (South Africa) 68 71 72 74, Kirk Triplett 71 68 70 76</p>
<p>286  Paul Azinger 72 72 71 71, Michael Bradley 68 74 72 72,</p>
<p>     Paul Stankowski 73 70 71 72, David Edwards 67 70 76 73, Fred</p>
<p>     Funk 71 75 68 72, Stuart Appleby (Australia) 71 71 70 74,</p>
<p>     Fuzzy Zoeller 67 72 73 74, Larry Mize 68 68 74 76</p>
<p>Additional Regional Scores</p>
<p>287  Craig Parry (Australia) 71 67 80 69</p>
<p>288  Nick Faldo (Britain) 71 72 73 72, Nick Price (Zimbabwe)</p>
<p>     75 68 74 71</p>
<p>289  Bernhard Langer (Germany) 71 73 75 70, Vijay Singh (Fiji)</p>
<p>     71 69 74 75</p>
<p>291  Costantino Rocca (Italy) 74 69 73 75, Mark McNulty</p>
<p>     (Zimbabwe) 71 73 69 78</p>
<p>293  Masahi &quot;Jumbo&quot; Ozaki (Japan) 70 76 71 76</p>
<p>294  Greg Norman (Australia) 71 72 72 79</p>
<p>297  Naomichi &quot;Joe&quot; Ozaki (Japan) 68 74 74 81</p>
<p>299  Sandy Lyle (Britain) 68 74 77 80</p>
</text>
<copyright>(c) Reuters Limited 1997</copyright>
<metadata>
<codes class="bip:countries:1.0">
  <code code="USA">
    <editdetail attribution="Reuters BIP Coding Group" action="confirmed" date="1997-03-30"/>
  </code>
</codes>
<codes class="bip:topics:1.0">
  <code code="GCAT">
    <editdetail attribution="Reuters BIP Coding Group" action="confirmed" date="1997-03-30"/>
  </code>
  <code code="GSPO">
    <editdetail attribution="Reuters BIP Coding Group" action="confirmed" date="1997-03-30"/>
  </code>
</codes>
<dc element="dc.date.created" value="1997-03-30"/>
<dc element="dc.publisher" value="Reuters Holdings Plc"/>
<dc element="dc.date.published" value="1997-03-30"/>
<dc element="dc.source" value="Reuters"/>
<dc element="dc.creator.location" value="PONTE VEDRA BEACH, Fla."/>
<dc element="dc.creator.location.country.name" value="USA"/>
<dc element="dc.source" value="Reuters"/>
</metadata>
</newsitem>
