<?xml version="1.0" encoding="iso-8859-1" ?>
<newsitem itemid="475547" id="root" date="1997-03-30" xml:lang="en">
<title>BRAZIL: MOTOR RACING-BRAZILIAN GRAND PRIX RESULT.</title>
<headline>MOTOR RACING-BRAZILIAN GRAND PRIX RESULT.</headline>
<dateline>SAO PAULO 1997-03-30</dateline>
<text>
<p>Result of Brazilian Grand Prix at Interlagos on Sunday:</p>
<p>Race distance: 72 laps (309.024 km)</p>
<p>1. Jacques Villeneuve (Canada) Williams 1 hour 36 minutes 6.990</p>
<p>seconds (average speed 192.905 kph)</p>
<p>2. Gerhard Berger (Austria) Benetton 4.190 seconds behind</p>
<p>3. Olivier Panis (France) Prost 15.870</p>
<p>4. Mika Hakkinen (Finland) McLaren 33.033</p>
<p>5. Michael Schumacher (Germany) Ferrari 33.731</p>
<p>6. Jean Alesi (France) Benetton 34.020</p>
<p>7. Johnny Herbert (Britain) Sauber 50.912</p>
<p>8. Giancarlo Fisichella (Italy) Jordan 1:0.639</p>
<p>9. Heinz-Harald Frentzen (Germany) Williams 1:15.402</p>
<p>10. David Coulthard (Britain) McLaren 1 lap behind</p>
<p>11. Nicola Larini (Italy) Sauber 1 lap</p>
<p>12. Jarni Trulli (Italy) Minardi 1 lap</p>
<p>13. Mika Salo (Finland) Tyrrell 1 lap</p>
<p>14. Sanji Nakano (Japan) Prost 1 lap</p>
<p>15. Jos Verstappen (Netherlands) Tyrrell 2 laps</p>
<p>16. Eddie Irvine (Britain) Ferrari 2 laps</p>
<p>17. Damon Hill (Britain) Arrows 4 laps</p>
<p>18. Ukyo Katayama (Japan) Minardi 5 laps</p>
<p>Did not finish (not classified):</p>
<p>19. Ralf Schumacher (Germany) Jordan 52 laps completed</p>
<p>20. Rubens Barrichello (Brazil) Stewart 16</p>
<p>21. Pedro Diniz (Brazil) Arrows 15</p>
<p>Did not start: Jan Magnussen (Denmark) Stewart</p>
<p>Fastest lap: Villeneuve 1:18.397 (197.089 kph)</p>
</text>
<copyright>(c) Reuters Limited 1997</copyright>
<metadata>
<codes class="bip:countries:1.0">
  <code code="BRAZ">
    <editdetail attribution="Reuters BIP Coding Group" action="confirmed" date="1997-03-30"/>
  </code>
</codes>
<codes class="bip:topics:1.0">
  <code code="GCAT">
    <editdetail attribution="Reuters BIP Coding Group" action="confirmed" date="1997-03-30"/>
  </code>
  <code code="GSPO">
    <editdetail attribution="Reuters BIP Coding Group" action="confirmed" date="1997-03-30"/>
  </code>
</codes>
<dc element="dc.date.created" value="1997-03-30"/>
<dc element="dc.publisher" value="Reuters Holdings Plc"/>
<dc element="dc.date.published" value="1997-03-30"/>
<dc element="dc.source" value="Reuters"/>
<dc element="dc.creator.location" value="SAO PAULO"/>
<dc element="dc.creator.location.country.name" value="BRAZIL"/>
<dc element="dc.source" value="Reuters"/>
</metadata>
</newsitem>
