<?xml version="1.0" encoding="iso-8859-1" ?>
<newsitem itemid="475540" id="root" date="1997-03-30" xml:lang="en">
<title>UK: SOCCER-HODDLE'S SUBS EARN NEW CHANCE.</title>
<headline>SOCCER-HODDLE'S SUBS EARN NEW CHANCE.</headline>
<dateline>LONDON 1997-03-30</dateline>
<text>
<p>Several  members of the makeshift England side who beat Mexico 2-0 in a friendly at Wembley on Saturday did enough to stake strong claims for World Cup places, according to manager Glenn Hoddle.</p>
<p>Georgia visit Wembley for a group two qualifying match on April 30 and some of the players who might have been thought to have been making up the numbers against Mexico could get another outing.</p>
<p>&quot;Opportunities are always there to stake a claim,'' said Hoddle. &quot;Rob Lee did well attacking and defensively. Robbie Fowler started a little bit nervously, but he's still got a lot to learn at this level. He got off the mark in international football and that's a burden off his shoulders.</p>
<p>&quot;And David James made his debut in goal, and there's a bit of pressure on you when you make your debut, so he will be better for that.</p>
<p>&quot;People have to challenge other people, and if there are people challenging for an England shirt that's good for the coach. The one in the international shirt can't take his foot off the pedal and the others are pushing to get in,'' Hoddle added.</p>
<p>He said the game had given him a chance to use a new system, with Graeme Le Saux playing in a back four when the opponents were attacking but pushing into the midfield when England had the ball.</p>
<p>&quot;Playing that way was a lot of hard work for Graeme, and he did well. It proves he's firmly back to full fitness.''</p>
<p>Despite knocks to Lee (ankle) and Teddy Sheringham, who left the pitch before half-time with concussion, Hoddle said his squad would return to their clubs in fine fettle.</p>
</text>
<copyright>(c) Reuters Limited 1997</copyright>
<metadata>
<codes class="bip:countries:1.0">
  <code code="MEX">
    <editdetail attribution="Reuters BIP Coding Group" action="confirmed" date="1997-03-30"/>
  </code>
  <code code="UK">
    <editdetail attribution="Reuters BIP Coding Group" action="confirmed" date="1997-03-30"/>
  </code>
</codes>
<codes class="bip:topics:1.0">
  <code code="GCAT">
    <editdetail attribution="Reuters BIP Coding Group" action="confirmed" date="1997-03-30"/>
  </code>
  <code code="GSPO">
    <editdetail attribution="Reuters BIP Coding Group" action="confirmed" date="1997-03-30"/>
  </code>
</codes>
<dc element="dc.date.created" value="1997-03-30"/>
<dc element="dc.publisher" value="Reuters Holdings Plc"/>
<dc element="dc.date.published" value="1997-03-30"/>
<dc element="dc.source" value="Reuters"/>
<dc element="dc.creator.location" value="LONDON"/>
<dc element="dc.creator.location.country.name" value="UK"/>
<dc element="dc.source" value="Reuters"/>
</metadata>
</newsitem>
