<?xml version="1.0" encoding="iso-8859-1" ?>
<newsitem itemid="475593" id="root" date="1997-03-30" xml:lang="en">
<title>UK: N. Ireland's flashpoint marching season opens.</title>
<headline>N. Ireland's flashpoint marching season opens.</headline>
<byline>Andrew Hill</byline>
<dateline>BELFAST 1996-03-31</dateline>
<text>
<p>Northern Ireland's flashpoint &quot;marching season&quot; of Protestant parades begins on Monday amid signs that extremist sympathisers have abandoned a 29-month truce against Irish nationalist targets.</p>
<p>The British government accused so-called Loyalists of planting a 40-kg (88-lb) car bomb outside a Belfast office of Sinn Fein, the Irish Republican Army's political wing, on Sunday in breach their October 1994 ceasefire.</p>
<p>The bomb, which failed to explode, raised tensions ahead of a month-long series of Protestant parades across the province to display pro-British loyalties in an annual show of allegiance to London.</p>
<p>Last year Northern Ireland suffered its worst civil strife for decades when Protestant and Catholics rioted over a police decision to ban and then allow an Orange Order parade through a Catholic street of the town of Portadown.</p>
<p>Northern Ireland's police chief, Ronnie Flanagan, said he expected &quot;difficulties&quot; in this year's marching season but hoped that people would have learned the lesson of last year's descent to the brink of chaos.</p>
<p>Monday's march is by the Apprentice Boys of Londonderry, an order which traces its origin to a 17th century siege of the town by an invading Catholic king.</p>
<p>The corresponding march last year was marked by violence as police tried to prevent the column passing through a Catholic section of Belfast's Lower Ormeau Road. But this year the order has changed its route to avoid a repetititon.</p>
<p>The marches start as Northern Ireland enters a period of deep uncertainty caused by rising IRA attacks, the apparent breakdown of the Loyalist truce and British elections on May 1.</p>
<p>The political allies of the two main Loyalist guerrilla groups have been allowed to take part in Belfast peace talks by virtue of the Loyalist ceasefire but there will be pressure to expel them if it is deemed to have ended.</p>
<p>A Loyalist source, quoted by the British Broadcasting Corporation, said the attempt to bomb the Sinn Fein office in Belfast's New Lodge Road was a &quot;measured&quot; response to increasing activity by a resurgent IRA.</p>
<p>Weekend IRA attacks included the attempted bombing of a British army patrol on a country road and the shooting by a sniper of a policeman, who suffered a serious leg wound.</p>
<p>Sinn Fein spokesmen said they were encouraged by a Northern Ireland policy statement by the opposition Labour Party, which looks set to win the British elections.</p>
<p>Northern Ireland spokeswoman Mo Mowlam said that if the IRA declared a ceasefire immediately, Sinn Fein could attend the Belfast peace talks when they resumed on June 3.</p>
<p>Her statement did not signal any clear change of policy from that of the Conservative government, which says the IRA must declare a complete end to its 28-year guerrilla war to earn a seat for Sinn Fein at the talks.</p>
<p>Northern Ireland's Protestant Unionist parties, which are usually allied with the Conservatives, say the IRA cannot be trusted and will call only a tactical truce at best while making no move to disarm.</p>
</text>
<copyright>(c) Reuters Limited 1997</copyright>
<metadata>
<codes class="bip:countries:1.0">
  <code code="IRE">
    <editdetail attribution="Reuters BIP Coding Group" action="confirmed" date="1997-03-30"/>
  </code>
  <code code="UK">
    <editdetail attribution="Reuters BIP Coding Group" action="confirmed" date="1997-03-30"/>
  </code>
</codes>
<codes class="bip:topics:1.0">
  <code code="GCAT">
    <editdetail attribution="Reuters BIP Coding Group" action="confirmed" date="1997-03-30"/>
  </code>
  <code code="GDIP">
    <editdetail attribution="Reuters BIP Coding Group" action="confirmed" date="1997-03-30"/>
  </code>
  <code code="GPOL">
    <editdetail attribution="Reuters BIP Coding Group" action="confirmed" date="1997-03-30"/>
  </code>
  <code code="GVIO">
    <editdetail attribution="Reuters BIP Coding Group" action="confirmed" date="1997-03-30"/>
  </code>
</codes>
<dc element="dc.date.created" value="1996-03-31"/>
<dc element="dc.publisher" value="Reuters Holdings Plc"/>
<dc element="dc.date.published" value="1997-03-30"/>
<dc element="dc.source" value="Reuters"/>
<dc element="dc.creator.location" value="BELFAST"/>
<dc element="dc.creator.location.country.name" value="UK"/>
<dc element="dc.source" value="Reuters"/>
</metadata>
</newsitem>
