<?xml version="1.0" encoding="iso-8859-1" ?>
<newsitem itemid="475515" id="root" date="1997-03-30" xml:lang="en">
<title>ITALY: CYCLING-PETITO FALLS BUT WINS IN SARDINIA.</title>
<headline>CYCLING-PETITO FALLS BUT WINS IN SARDINIA.</headline>
<dateline>LA MADDALENA, Sardinia 1997-03-30</dateline>
<text>
<p>Roberto Petito, winner of this month's Tirreno-Adriatico race, took the Tour of Sardinia on Sunday despite falling near the finish.</p>
<p>The Italian, who had been leading the pack in the fifth and final stage, went too fast into a bend around 400 metres from the line and fell.</p>
<p>But he had enough of an advantage to take overall victory as well as the mountains crown.</p>
<p>Fellow Italian Claudio Chiappucci was second in the final stage to finish eight seconds adrift of Petito and runner-up in Sardinia for the third time in his career.</p>
<p>Italy's Massimiliano Mori won the stage and finished fifth overall.</p>
</text>
<copyright>(c) Reuters Limited 1997</copyright>
<metadata>
<codes class="bip:countries:1.0">
  <code code="ITALY">
    <editdetail attribution="Reuters BIP Coding Group" action="confirmed" date="1997-03-30"/>
  </code>
</codes>
<codes class="bip:topics:1.0">
  <code code="GCAT">
    <editdetail attribution="Reuters BIP Coding Group" action="confirmed" date="1997-03-30"/>
  </code>
  <code code="GSPO">
    <editdetail attribution="Reuters BIP Coding Group" action="confirmed" date="1997-03-30"/>
  </code>
</codes>
<dc element="dc.date.created" value="1997-03-30"/>
<dc element="dc.publisher" value="Reuters Holdings Plc"/>
<dc element="dc.date.published" value="1997-03-30"/>
<dc element="dc.source" value="Reuters"/>
<dc element="dc.creator.location" value="LA MADDALENA, Sardinia"/>
<dc element="dc.creator.location.country.name" value="ITALY"/>
<dc element="dc.source" value="Reuters"/>
</metadata>
</newsitem>
