<?xml version="1.0" encoding="iso-8859-1" ?>
<newsitem itemid="475514" id="root" date="1997-03-30" xml:lang="en">
<title>SPAIN: SOCCER-SPANISH LEAGUE RESULTS/STANDINGS.</title>
<headline>SOCCER-SPANISH LEAGUE RESULTS/STANDINGS.</headline>
<dateline>VALENCIA, Spain 1997-03-30</dateline>
<text>
<p>Results in the Spanish</p>
<p>league championship on Sunday:</p>
<p> Tenerife	   1   Real Madrid	1</p>
<p>Played earlier:</p>
<p> Valencia	   1   Barcelona	  1</p>
<p> Sevilla	    2     Valladolid     2</p>
<p> Logrones	   1   Athletic Bilbao  4</p>
<p> Compostela	 4   Extremadura	0</p>
<p> Zaragoza	   2   Celta Vigo	 2</p>
<p> Racing Santander 1   Hercules	   2</p>
<p> Espanyol	   0   Real Betis	 0</p>
<p> Oviedo	     0   Rayo Vallecano   2</p>
<p>played Saturday:</p>
<p> Real Sociedad    1   Deportivo Coruna 1</p>
<p>playing Monday:</p>
<p>Atletico Madrid  vs  Sporting Gijon</p>
<p>Standings:</p>
<p>				P     W    D    L  F   A   Pts</p>
<p> 1.Real Madrid	   31    21    9    1  65  24   72</p>
<p> 2.Barcelona	     31    19    6    6  76  38   63</p>
<p> 3.Real Betis	    31    18    9    4  68  32   63</p>
<p> 4.Deportivo Coruna    31    16   12    3  47  22   60</p>
<p> 5.Atletico Madrid     29    15    7    7  56  39   52</p>
<p> 6.Real Sociedad	 31    13    8   10  38  34   47</p>
<p> 7.Athletic Bilbao     31    11   14    6  57  44   47</p>
<p> 8.Valladolid	    31    12    9   10  40  36   45</p>
<p> 9.Tenerife		30    12    8   10  51  34   44</p>
<p> 10.Valencia	     31    12    7   12  46  41   43</p>
<p> 11.Racing Santander   31    10   11   10  35  34   41</p>
<p> 12.Celta Vigo	   31     8   12   11  35  39   36</p>
<p> 13.Compostela	   31     9    9   13  35  52   36</p>
<p> 14.Oviedo		 31     9    8   14  36  49   35</p>
<p> 15.Sporting Gijon     30     9    8   13  33  46   35</p>
<p> 16.Zaragoza	     31     7   12   12  39  50   33</p>
<p> 17.Rayo Vallecano     31     9    6   16  31  46   33</p>
<p> 18.Extremadura	  31     8    8   15  25  47   32</p>
<p> 19.Espanyol	     31     8    7   16  33  46   31</p>
<p> 20.Logrones	     31     8    4   19  26  62   28</p>
<p> 21.Sevilla		31     7    4   20  29  56   25</p>
<p> 22.Hercules	     31     7    4   20  27  58   25</p>
<p>Note: Two teams qualify for the European Cup, four qualify</p>
<p>for the UEFA Cup, four are automatically relegated, and one more</p>
<p>must face a relegation play-off with the third-placed team from</p>
<p>the second division.</p>
</text>
<copyright>(c) Reuters Limited 1997</copyright>
<metadata>
<codes class="bip:countries:1.0">
  <code code="SPAIN">
    <editdetail attribution="Reuters BIP Coding Group" action="confirmed" date="1997-03-30"/>
  </code>
</codes>
<codes class="bip:topics:1.0">
  <code code="GCAT">
    <editdetail attribution="Reuters BIP Coding Group" action="confirmed" date="1997-03-30"/>
  </code>
  <code code="GSPO">
    <editdetail attribution="Reuters BIP Coding Group" action="confirmed" date="1997-03-30"/>
  </code>
</codes>
<dc element="dc.date.created" value="1997-03-30"/>
<dc element="dc.publisher" value="Reuters Holdings Plc"/>
<dc element="dc.date.published" value="1997-03-30"/>
<dc element="dc.source" value="Reuters"/>
<dc element="dc.creator.location" value="VALENCIA, Spain"/>
<dc element="dc.creator.location.country.name" value="SPAIN"/>
<dc element="dc.source" value="Reuters"/>
</metadata>
</newsitem>
