<?xml version="1.0" encoding="iso-8859-1" ?>
<newsitem itemid="475588" id="root" date="1997-03-30" xml:lang="en">
<title>UK: Car bomb against Sinn Fein defused in N. Ireland. [CORRECTED 22:56 GMT]</title>
<headline>Car bomb against Sinn Fein defused in N. Ireland. [CORRECTED 22:56 GMT]</headline>
<byline>Andrew Hill</byline>
<dateline>BELFAST 1997-03-30</dateline>
<text>
<p>Pro-British Loyalists planted a bomb outside the offices of their pro-Irish rivals, Sinn Fein, on Sunday as Irish republicans marked the 1916 Dublin rising against British rule.</p>
<p>Britain's Northern Ireland Secretary, Sir Patrick Mayhew, said the car bomb was &quot;designed to murder&quot; and openly blamed Loyalist groups, who are supposed to be observing an October 1994 ceasefire.</p>
<p>Police carried out controlled explosions on the car, which was left close to the office of Sinn Fein, the IRA guerrillas' political arm, in the New Lodge area of Belfast.</p>
<p>Mayhew also condemned the Irish Republican Army for an overnight sniper attack at Forkhill, county Armagh, in which a policeman was seriously injured.</p>
<p>He said the message from the rival guerrilla groups was &quot;that the organisations concerned still rely upon death and destruction to secure what they want in this democracy.&quot;</p>
<p>Sinn Fein is barred from Belfast peace talks after the IRA ended a 17-month truce in February 1996 (corrects from 1994) but Loyalist groups are taking part because their umbrella organisation maintains that its own truce is intact, despite attacks it blames on mavericks.</p>
<p>Sources close to the Loyalist groups say near-daily IRA violence has put their truce under immense strain and say activists want to avenge IRA attacks.</p>
<p>On the other side of the border, Irish police said they had uncovered an IRA training camp including an underground firing range in the village of Scotstown in County Monaghan.</p>
<p>The camp was found in a three-week-old search of the border area for arms dumps used by the Irish Republican Army (IRA) in its 28-year war against British rule of Northern Ireland.</p>
<p>Irish republicans marked the anniversary of the Easter uprising in Dublin which led to the end of British rule with parades and rallies across the island of Ireland.</p>
<p>Northern Ireland's police chief, Ronnie Flanagan,  said that resurgent IRA violence had created &quot;a very dangerous situation&quot; in the province.</p>
<p>Chief Constable Flanagan dismissed media suggestions that the Irish Republican Army was engaged in shadow boxing in the runup to British elections on May 1 and said the guerrillas were mounting &quot;real attacks with a determination to kill.&quot;</p>
<p>Flanagan was speaking to Sky television the day after security forces found a 1,000-lb (500 kg) bomb abandoned in a country road where it was being assembled to ambush British soldiers from the nearby Ballykinler army base.</p>
<p>Superintendent Sam Martin said nine plastic bags of fertiliser-based explosive and detonators were being put together in an attempt to cause &quot;appalling injury or death to passers-by.&quot; No-one claimed responsibility for the device but it was thought to be the latest attempted attack on British targets of the IRA in defiance of appeals by Britain, Ireland and the United States to declare a new ceasefire.</p>
<p>Labour's spokeswoman on Northern Ireland, Mo Mowlam, told the British Broadcasting Corporation that a truce called now would allow sufficient time to elapse for the authorities to determine it was genuine and allow Sinn Fein to the talks.</p>
<p>Her words appeared to signal no change in the policy adopted by Prime Minister John Major's Conservative government but a Sinn Fein spokesman said Mowlam's comments were &quot;encouraging.&quot;</p>
</text>
<copyright>(c) Reuters Limited 1997</copyright>
<metadata>
<codes class="bip:countries:1.0">
  <code code="UK">
    <editdetail attribution="Reuters BIP Coding Group" action="confirmed" date="1997-03-30"/>
  </code>
</codes>
<codes class="bip:topics:1.0">
  <code code="GCAT">
    <editdetail attribution="Reuters BIP Coding Group" action="confirmed" date="1997-03-30"/>
  </code>
  <code code="GPOL">
    <editdetail attribution="Reuters BIP Coding Group" action="confirmed" date="1997-03-30"/>
  </code>
  <code code="GVIO">
    <editdetail attribution="Reuters BIP Coding Group" action="confirmed" date="1997-03-30"/>
  </code>
</codes>
<dc element="dc.date.created" value="1997-03-30"/>
<dc element="dc.publisher" value="Reuters Holdings Plc"/>
<dc element="dc.date.published" value="1997-03-30"/>
<dc element="dc.source" value="Reuters"/>
<dc element="dc.creator.location" value="BELFAST"/>
<dc element="dc.creator.location.country.name" value="UK"/>
<dc element="dc.source" value="Reuters"/>
</metadata>
</newsitem>
