<?xml version="1.0" encoding="iso-8859-1" ?>
<newsitem itemid="475567" id="root" date="1997-03-30" xml:lang="en">
<title>USA: NBA BASKETBALL-OLAJUWON'S 45 POINTS LEADS ROCKETS PAST NUGGETS.</title>
<headline>NBA BASKETBALL-OLAJUWON'S 45 POINTS LEADS ROCKETS PAST NUGGETS.</headline>
<dateline>HOUSTON 1997-03-29</dateline>
<text>
<p>Hakeem Olajuwon continued his dominance of the Denver Nuggets with 45 points as he led the Houston Rockets to their fifth victory in six games, 120-105.</p>
<p>Olajuwon, who has averaged 43 points in three games against Denver this season, made 14-of-24 shots from the field and 16-of-17 free throws. He also pulled down 11 rebounds as Houston won its third straight game.</p>
<p>LaPhonso Ellis scored 24 points for Denver.</p>
<p>In Atlanta, Christian Laettner scored 24 points and the Atlanta Hawks held the Sacramento Kings to nine baskets in the second half of an 88-74 victory, their seventh straight win.</p>
<p>Steve Smith scored 23 points and Mookie Blaylock added 16 and 12 rebounds for the Hawks, who surrendered just 29 points in the second half and improved to 33-4 at home.</p>
<p>Billy Owens scored 15 points and Corliss Williamson added 13 for the Kings, who have lost 11 of their last 12 games.</p>
<p>In Chicago, Scottie Pippen scored 31 points and Michael Jordan added eight of his 21 in the fourth-quarter burst as the Chicago Bulls defeated the New Jersey Nets, 111-101, for their 28th straight home win.</p>
<p>Luc Longley added 17 points for the Bulls, who have won seven in a row. Jimmy Jackson scored a season-high 33 points and Sam Cassell added 29 for the Nets.</p>
<p>In Washington, Rod Strickland scored seven of his 21 points in the fourth quarter, including four in a decisive burst, as the Washington Bullets won 94-87 over the Dallas Mavericks in their last game at the Baltimore Arena.</p>
<p>Juwan Howard scored 20 points and pulled down eight rebounds and Chris Webber added 17 and 18 for Washington, which moved within a half-game of the Cleveland Cavaliers and the final Eastern Conference playoff berth.</p>
<p>Michael Finley had 25 points and seven rebounds for Dallas, which has dropped six straight.</p>
<p>In San Antonio,  Karl Malone poured in 33 points and the Utah Jazz exploded for 37 points in the fourth quarter to beat the San Antonio Spurs, 115-102, for their ninth straight victory.</p>
<p>Bryon Russell scored 18 points and Jeff Hornacek had 10 of his 15 in the final period for the Jazz, who won for the 14th time in 15 games this month.</p>
<p>Dominique Wilkins scored 26 points for the Spurs.</p>
</text>
<copyright>(c) Reuters Limited 1997</copyright>
<metadata>
<codes class="bip:countries:1.0">
  <code code="USA">
    <editdetail attribution="Reuters BIP Coding Group" action="confirmed" date="1997-03-30"/>
  </code>
</codes>
<codes class="bip:topics:1.0">
  <code code="GCAT">
    <editdetail attribution="Reuters BIP Coding Group" action="confirmed" date="1997-03-30"/>
  </code>
  <code code="GSPO">
    <editdetail attribution="Reuters BIP Coding Group" action="confirmed" date="1997-03-30"/>
  </code>
</codes>
<dc element="dc.date.created" value="1997-03-29"/>
<dc element="dc.publisher" value="Reuters Holdings Plc"/>
<dc element="dc.date.published" value="1997-03-30"/>
<dc element="dc.source" value="Reuters"/>
<dc element="dc.creator.location" value="HOUSTON"/>
<dc element="dc.creator.location.country.name" value="USA"/>
<dc element="dc.source" value="Reuters"/>
</metadata>
</newsitem>
