<?xml version="1.0" encoding="iso-8859-1" ?>
<newsitem itemid="475589" id="root" date="1997-03-30" xml:lang="en">
<title>UK: British Conservatives battle sleaze allegations.</title>
<headline>British Conservatives battle sleaze allegations.</headline>
<byline>Gerrard Raven</byline>
<dateline>LONDON 1997-03-30</dateline>
<text>
<p>Britain's Conservatives faced an uphill struggle on Sunday to wrench the focus of the election battle away from sleaze allegations onto policy differences with their resurgent Labour opponents.</p>
<p>With newspapers predicting a Labour landslide on May 1 if the headlines remain dominated by claims of sexual indiscretions and financial irregularities, legislators at the centre of the scandals refused to step down as candidates.</p>
<p>Sir Michael Hirst, chairman of the Scottish Conservatives, resigned on Saturday over claims he had had a homosexual lover.</p>
<p>But Neil Hamilton, a former minister at the centre of allegations that Harrods store owner Mohammed Al-Fayed paid several MPs generously to ask parliamentary questions, refused to quit as candidate for his safe northern England seat.</p>
<p>Instead he handed a pro-Conservative newspaper, the Sunday Telegraph, the text of part of the proceedings of an internal parliamentary inquiry into the allegations against him in which Fayed gave evidence in the hope it would clear his name.</p>
<p>Piers Merchant, whose photograph kissing a 17-year-old nightclub hostess in a park appeared in a tabloid newspaper last week, on Saturday won the backing of his local party as their standard-bearer in the London commuter town of Beckenham.</p>
<p>Prime Minister John Major hinted he would like to see Merchant and Hamilton sacrifice themselves for the wider interests of their party in a letter he sent to Hirst.</p>
<p>&quot;I fully understand your position and support the decision you have made so speedily and in such a courageous and honourable manner,&quot; he said.</p>
<p>However, the Sunday Mirror said Hirst quit only after seven hours of pressure by two senior colleagues in the Scottish party who told him, incorrectly, that the newspaper had a dossier about a past indiscretion in his private life.</p>
<p>Major announced the election date on March 15, giving an unusually long 6-1/2 weeks notice of polling day, in the hope that the long campaign would enable his party to make inroads into Labour's opinion poll lead of over 20 points.</p>
<p>But the first two weeks have seen a series of publicity disasters for his party, which has held power since 1979.</p>
<p>As well as Hirst, one of their Scottish MPs has stepped down as a candidate amid rumours about his private life while former minister Tim Smith, implicated in the &quot;cash for questions&quot; affair, was disowned by his local party.</p>
<p>&quot;The Tories face not simply being buried under a tide of sleaze, but under a Labour landslide,&quot; the Sunday Times commented. &quot;To have any chance of avoiding that fate, they must abort the careers of the two MPs (Hamilton and Merchant).&quot;</p>
<p>Bookmakers William Hill offered odds of 11-to-one that Major would be reelected. The chances of a Labour victory rose to six-to-one on, the best they have been for Labour since 1979.</p>
<p>A poll in the Mail on Sunday newspaper gave Labour 52 percent support among women against 30 percent for the Conservatives and 14 percent for the minority Liberal Democrats.</p>
</text>
<copyright>(c) Reuters Limited 1997</copyright>
<metadata>
<codes class="bip:countries:1.0">
  <code code="UK">
    <editdetail attribution="Reuters BIP Coding Group" action="confirmed" date="1997-03-30"/>
  </code>
</codes>
<codes class="bip:topics:1.0">
  <code code="GCAT">
    <editdetail attribution="Reuters BIP Coding Group" action="confirmed" date="1997-03-30"/>
  </code>
  <code code="GPOL">
    <editdetail attribution="Reuters BIP Coding Group" action="confirmed" date="1997-03-30"/>
  </code>
  <code code="GVOTE">
    <editdetail attribution="Reuters BIP Coding Group" action="confirmed" date="1997-03-30"/>
  </code>
</codes>
<dc element="dc.date.created" value="1997-03-30"/>
<dc element="dc.publisher" value="Reuters Holdings Plc"/>
<dc element="dc.date.published" value="1997-03-30"/>
<dc element="dc.source" value="Reuters"/>
<dc element="dc.creator.location" value="LONDON"/>
<dc element="dc.creator.location.country.name" value="UK"/>
<dc element="dc.source" value="Reuters"/>
</metadata>
</newsitem>
