<?xml version="1.0" encoding="iso-8859-1" ?>
<newsitem itemid="475581" id="root" date="1997-03-30" xml:lang="en">
<title>GERMANY: SOCCER-VOGTS SLAMS BIG SALARIES FOR AVERAGE PLAYERS.</title>
<headline>SOCCER-VOGTS SLAMS BIG SALARIES FOR AVERAGE PLAYERS.</headline>
<dateline>BONN 1997-03-30</dateline>
<text>
<p>Germany coach Berti Vogts on Sunday slammed clubs for paying big salaries to average players, although he defended the pay packages of major figures such as Stefan Effenberg and Thomas Haessler.</p>
<p>Vogts, preparing for Germany's World Cup qualifier with Albania on Wednesday, also said too many senior club players were not doing enough to help their younger team mates.</p>
<p>Players such as Effenberg at Borussia Moenchengladbach and Karlsruhe's Haessler had helped revive their clubs' fortunes by coming back to Germany after lucrative spells in Italy, he said.</p>
<p>&quot;These players earn their millions quite rightly. The problem in Germany is that average players earn too much,&quot; Vogts told the Welt am Sonntag weekly newspaper.</p>
<p>He recalled his own playing days at Moenchengladbach, when senior players such as Guenter Netzer helped the coach make important decisions and helped the side's newcomers.</p>
<p>&quot;That's lacking today,&quot; Vogts said. &quot;Too many professionals turn up for training five minutes before it starts and they're gone five minutes after they've finished showering.&quot;</p>
</text>
<copyright>(c) Reuters Limited 1997</copyright>
<metadata>
<codes class="bip:countries:1.0">
  <code code="ALB">
    <editdetail attribution="Reuters BIP Coding Group" action="confirmed" date="1997-03-30"/>
  </code>
  <code code="GFR">
    <editdetail attribution="Reuters BIP Coding Group" action="confirmed" date="1997-03-30"/>
  </code>
</codes>
<codes class="bip:topics:1.0">
  <code code="GCAT">
    <editdetail attribution="Reuters BIP Coding Group" action="confirmed" date="1997-03-30"/>
  </code>
  <code code="GSPO">
    <editdetail attribution="Reuters BIP Coding Group" action="confirmed" date="1997-03-30"/>
  </code>
</codes>
<dc element="dc.date.created" value="1997-03-30"/>
<dc element="dc.publisher" value="Reuters Holdings Plc"/>
<dc element="dc.date.published" value="1997-03-30"/>
<dc element="dc.source" value="Reuters"/>
<dc element="dc.creator.location" value="BONN"/>
<dc element="dc.creator.location.country.name" value="GERMANY"/>
<dc element="dc.source" value="Reuters"/>
</metadata>
</newsitem>
