<?xml version="1.0" encoding="iso-8859-1" ?>
<newsitem itemid="475574" id="root" date="1997-03-30" xml:lang="en">
<title>USA: BOXING-BOUDOUANI RETAINS TITLE.</title>
<headline>BOXING-BOUDOUANI RETAINS TITLE.</headline>
<dateline>LAS VEGAS 1997-03-29</dateline>
<text>
<p>Laurent Boudouani of France retained his World Boxing Association junior middleweight crown with a unanimous decision over American Carl Daniels on Saturday.</p>
<p>Judge Marcial Vargas scored it 118-108 for the Boudouani, while Melchior Taylor had it 115-111 and Duane Ford 117-109.</p>
<p>Boudouani is 35-2, and Daniels fell to 38-3.</p>
</text>
<copyright>(c) Reuters Limited 1997</copyright>
<metadata>
<codes class="bip:countries:1.0">
  <code code="FRA">
    <editdetail attribution="Reuters BIP Coding Group" action="confirmed" date="1997-03-30"/>
  </code>
  <code code="USA">
    <editdetail attribution="Reuters BIP Coding Group" action="confirmed" date="1997-03-30"/>
  </code>
</codes>
<codes class="bip:topics:1.0">
  <code code="GCAT">
    <editdetail attribution="Reuters BIP Coding Group" action="confirmed" date="1997-03-30"/>
  </code>
  <code code="GSPO">
    <editdetail attribution="Reuters BIP Coding Group" action="confirmed" date="1997-03-30"/>
  </code>
</codes>
<dc element="dc.date.created" value="1997-03-29"/>
<dc element="dc.publisher" value="Reuters Holdings Plc"/>
<dc element="dc.date.published" value="1997-03-30"/>
<dc element="dc.source" value="Reuters"/>
<dc element="dc.creator.location" value="LAS VEGAS"/>
<dc element="dc.creator.location.country.name" value="USA"/>
<dc element="dc.source" value="Reuters"/>
</metadata>
</newsitem>
