<?xml version="1.0" encoding="iso-8859-1" ?>
<newsitem itemid="475526" id="root" date="1997-03-30" xml:lang="en">
<title>JAPAN: SPEED SKATING-KOREAN TEENAGER TAKES SHORT TRACK TITLE.</title>
<headline>SPEED SKATING-KOREAN TEENAGER TAKES SHORT TRACK TITLE.</headline>
<dateline>NAGANO, Japan 1997-03-30</dateline>
<text>
<p>Korean teenager Kim Dong-sung unseated reigning champion Marc Gagnon of Canada for the men's overall title at the world short track speed skating championships on Sunday.</p>
<p>But he was then accused of using illegal tactics to achieve the surprise win.</p>
<p>With a slim two-point lead over Gagnon entering the 3,000 metres, the final individual event of the three-day championships, the 17-year-old stayed tucked behind the leaders for most of the race while teammate Lee Jun-hwan set the pace.</p>
<p>Kim took a late lead to finish in five minutes, 14.057 seconds and take the title. Gagnon, world champion in three of the past four years, could only come third in the race which gave him a second place overall.</p>
<p>&quot;The Koreans knew that in order for me to win (the title), I had to win that race,&quot; said Gagnon. &quot;(Kim) just followed me the whole race and the other Korean led.</p>
<p>&quot;If he just won on his own, that's all right but if they planned it, I don't think it's fair.&quot;</p>
<p>&quot;It's like me skating against the Korean team,&quot; he added. &quot;It's an individual sport and we try to win by ourselves.&quot;</p>
<p>Kim denied any collusion, saying his teammate had taken the lead without any instructions from their coach and officials also brushed it aside.</p>
<p>&quot;I'm not so sure we can say it was deliberate,&quot; said International Skating Union council member Lars-Olof Eklund.</p>
<p>It was a tough day for Gagnon, who earlier saw his overall lead evaporate after a disqualification for cross-tracking wiped out his win in the 1,000 metres.</p>
<p>Kim, the first skater since American Eric Heiden to win junior and senior titles in the same year, moved up to first place to vault into the overall lead. Earlier he finished second in the 500 metres after being disqualified in the opening 1,500 metres.</p>
<p>In the women's event, Chun Lee-kyung of South Korea earned her third consecutive world crown, tying with Yang Yang who became China's first world short track champion.</p>
<p>Korea finished the day by beating Canada in the men's relay. The result was reversed in the women's event.</p>
<p>Chun and Yang split Sunday's races, with Yang triumphing in the 1,000 metres and Chun taking the 3,000 metres.</p>
</text>
<copyright>(c) Reuters Limited 1997</copyright>
<metadata>
<codes class="bip:countries:1.0">
  <code code="CANA">
    <editdetail attribution="Reuters BIP Coding Group" action="confirmed" date="1997-03-30"/>
  </code>
  <code code="JAP">
    <editdetail attribution="Reuters BIP Coding Group" action="confirmed" date="1997-03-30"/>
  </code>
</codes>
<codes class="bip:topics:1.0">
  <code code="GCAT">
    <editdetail attribution="Reuters BIP Coding Group" action="confirmed" date="1997-03-30"/>
  </code>
  <code code="GSPO">
    <editdetail attribution="Reuters BIP Coding Group" action="confirmed" date="1997-03-30"/>
  </code>
</codes>
<dc element="dc.date.created" value="1997-03-30"/>
<dc element="dc.publisher" value="Reuters Holdings Plc"/>
<dc element="dc.date.published" value="1997-03-30"/>
<dc element="dc.source" value="Reuters"/>
<dc element="dc.creator.location" value="NAGANO, Japan"/>
<dc element="dc.creator.location.country.name" value="JAPAN"/>
<dc element="dc.source" value="Reuters"/>
</metadata>
</newsitem>
