<?xml version="1.0" encoding="iso-8859-1" ?>
<newsitem itemid="475577" id="root" date="1997-03-30" xml:lang="en">
<title>SPAIN: SOCCER-SPANISH LEAGUE LEADING SCORERS.</title>
<headline>SOCCER-SPANISH LEAGUE LEADING SCORERS.</headline>
<dateline>MADRID 1997-03-30</dateline>
<text>
<p>Leading goalscorers in the</p>
<p>Spanish first division after Sunday's games:</p>
<p>24 - Ronaldo (Barcelona)</p>
<p>22 - Alfonso Perez (Real Betis)</p>
<p>19 - Davor Suker (Real Madrid)</p>
<p>16 - Raul Gonzalez (Real Madrid)</p>
<p>15- Jose Ziganda (Athletic Bilbao</p>
<p>14 - Oli Alvarez (Oviedo), Rivaldo (Deportivo Coruna)</p>
<p>13 -  Julen Guerrero (Athletic Bilbao), Luis Enrique Martinez</p>
<p>(Barcelona), Corentin Martins (Deportivo Coruna)</p>
<p>12 - Predrag Mijatovic (Real Madrid), Juan Eduardo Esnaider</p>
<p>(Atletico Madrid), Victor Fernandez (Valladolid), Lyuboslav</p>
<p>Penev (Compostela), Ismael Urzaiz (Athletic Bilbao)</p>
</text>
<copyright>(c) Reuters Limited 1997</copyright>
<metadata>
<codes class="bip:countries:1.0">
  <code code="SPAIN">
    <editdetail attribution="Reuters BIP Coding Group" action="confirmed" date="1997-03-30"/>
  </code>
</codes>
<codes class="bip:topics:1.0">
  <code code="GCAT">
    <editdetail attribution="Reuters BIP Coding Group" action="confirmed" date="1997-03-30"/>
  </code>
  <code code="GSPO">
    <editdetail attribution="Reuters BIP Coding Group" action="confirmed" date="1997-03-30"/>
  </code>
</codes>
<dc element="dc.date.created" value="1997-03-30"/>
<dc element="dc.publisher" value="Reuters Holdings Plc"/>
<dc element="dc.date.published" value="1997-03-30"/>
<dc element="dc.source" value="Reuters"/>
<dc element="dc.creator.location" value="MADRID"/>
<dc element="dc.creator.location.country.name" value="SPAIN"/>
<dc element="dc.source" value="Reuters"/>
</metadata>
</newsitem>
