<?xml version="1.0" encoding="iso-8859-1" ?>
<newsitem itemid="475528" id="root" date="1997-03-30" xml:lang="en">
<title>JAPAN: SPEED SKATING-WORLD CHAMPIONSHIP RESULTS.</title>
<headline>SPEED SKATING-WORLD CHAMPIONSHIP RESULTS.</headline>
<dateline>NAGANO, Japan 1997-03-30</dateline>
<text>
<p>Results on the final day</p>
<p>of the world short track speed skating championships at White</p>
<p>Ring arena on Sunday:</p>
<p>Men</p>
<p>1,000 metres</p>
<p>  1. Kim Dong-Sung (South Korea)     one minute 35.187 seconds</p>
<p>  2. Lee Jun-Hwan (South Korea)	    1:35.303</p>
<p>  3. Feng Kai (China)				    1:50.706</p>
<p>  disqualified: Marc Gagnon (Canada)    </p>
<p>3,000 metres</p>
<p>  1. Kim Dong-Sung (South Korea)	5:14.057</p>
<p>  2. Satoru Terao (Japan)			   5:14.353</p>
<p>  3. Marc Gagnon (Canada)		     5:14.484</p>
<p>  4. Mirko Vuillermin (Italy)		     5:15.091</p>
<p>  5. Derrick Campbell (Canada)	     5:15.325</p>
<p>  6. Feng Kai (China)				   5:15.350</p>
<p>  7. Lee Jun-Hwan (South Korea)	   5:16.549</p>
<p>  8. Orazio Fagone (Italy)			  5:45.524</p>
<p>Final overall standings after four events</p>
<p>  1. Kim Dong-Sung (South Korea)	   13 points</p>
<p>  2. Marc Gagnon (Canada)			    8</p>
<p>  3 equal. Satoru Terao (Japan)		     5</p>
<p>  3 equal. Derrick Campbell (Canada)	  5</p>
<p>  5 equal. Orazio Fagone (Italy)		     3</p>
<p>  5 equal. Feng Kai (China)			     3</p>
<p>  5 equal. Lee Jun-Hwan (South Korea)     3</p>
<p>  5 equal. Mirko Vuillermin (Italy)		  3</p>
<p>  9. Martin Johansson (Sweden)		    0</p>
<p>Relay</p>
<p>1. South Korea (Kim Sun-Tae, Lee Jun-Hwan, Kim Dong-Sung, Lee</p>
<p>Ho-Eung) 7:00.042</p>
<p>2. Canada (Marc Gagnon, Francois Drolet, Derrick Campbell,</p>
<p>Jonathan Guilmette) 7:07.206</p>
<p>3. Italy (Mirko Vuillermin, Orazio Fagone, Fabio Carta,</p>
<p>Michele Antonioli) 7:09.028</p>
<p>4. USA (Apolo Ohno, Rusty Smith, Kip Carpenter, Tony</p>
<p>Goskowicz) 7:17.000</p>
<p>Women</p>
<p>1,000 metres</p>
<p>  1. Yang Yang (A) (China)			    1:35.394</p>
<p>  2. Won Hye-Kyung (South Korea)	   1:35.461</p>
<p>  3. Chun Lee-Kyung (South Korea)	   1:35.463</p>
<p>  4. Nathalie Lambert (Canada)		     1:36.176</p>
<p>3,000 metres</p>
<p>  1. Chun Lee-Kyung (South Korea)	   5:44.161</p>
<p>  2. Won Hye-Kyung (South Korea)	   5:44.261</p>
<p>  3. Yang Yang (A) (China)			    5:44.358</p>
<p>  4. Yang Yang (S) (China)			    5:44.443</p>
<p>  5. Ikue Teshigawara (Japan)			 5:44.467</p>
<p>  6. Isabelle Charest (Canada)			5:44.635</p>
<p>  7. Marinella Canclini (Italy)			  5:44.957</p>
<p>  8. Nathalie Lambert (Canada)		    6:15.788</p>
<p>Final overall standings after four events:</p>
<p>1 equal. Chun Lee-Kyung (South Korea)  12</p>
<p>  1 equal. Yang Yang (A) (China)		   12</p>
<p>  3. Won Hye-Kyung (South Korea)		 9</p>
<p>  4 equal. Isabelle Charest (Canada)		 3</p>
<p>  4 equal. Yang Yang (S) (China)		     3</p>
<p>  6. Marinella Canclini (Italy)				2</p>
<p>  7 equal. Nathalie Lambert (Canada)		1</p>
<p>  7 equal. Ikue Teshigawara (Japan)		  1</p>
<p>  9. Kim Yun-Mi (South Korea)			 0</p>
<p>Relay</p>
<p>1. Canada (Isabelle Charest, Nathalie Lambert, Christine</p>
<p>Boudrias, Annie Perreault) 4:21.232</p>
<p>2. South Korea (Chun Lee-Kyung, Won Hye-Kyung, An Sang-Mi, Kim</p>
<p>Yun-Mi) 4:21.363</p>
<p>3. Japan (Ikue Teshigawara, Chikage Tanaka, Nobuko Yamada,</p>
<p>Ayako Tsubaki) 4:21.606</p>
<p>4. Italy (Marinella Canclini, Mara Urbani, Katia Colturi,</p>
<p>Barbara Baldissera) 4:27.574</p>
</text>
<copyright>(c) Reuters Limited 1997</copyright>
<metadata>
<codes class="bip:countries:1.0">
  <code code="JAP">
    <editdetail attribution="Reuters BIP Coding Group" action="confirmed" date="1997-03-30"/>
  </code>
</codes>
<codes class="bip:topics:1.0">
  <code code="GCAT">
    <editdetail attribution="Reuters BIP Coding Group" action="confirmed" date="1997-03-30"/>
  </code>
  <code code="GSPO">
    <editdetail attribution="Reuters BIP Coding Group" action="confirmed" date="1997-03-30"/>
  </code>
</codes>
<dc element="dc.date.created" value="1997-03-30"/>
<dc element="dc.publisher" value="Reuters Holdings Plc"/>
<dc element="dc.date.published" value="1997-03-30"/>
<dc element="dc.source" value="Reuters"/>
<dc element="dc.creator.location" value="NAGANO, Japan"/>
<dc element="dc.creator.location.country.name" value="JAPAN"/>
<dc element="dc.source" value="Reuters"/>
</metadata>
</newsitem>
