<?xml version="1.0" encoding="iso-8859-1" ?>
<newsitem itemid="475508" id="root" date="1997-03-30" xml:lang="en">
<title>USA: GOLF-DALY ENTERS CLINIC TO FIGHT ALCOHOLISM.</title>
<headline>GOLF-DALY ENTERS CLINIC TO FIGHT ALCOHOLISM.</headline>
<dateline>PONTE VEDRA BEACH, Fla. 1997-03-30</dateline>
<text>
<p>U.S. golfer John Daly has entered the Betty Ford Centre in another attempt to overcome his battle with alcoholism, he said in a statement issued by the American PGA Tour on Sunday.</p>
<p>It is the second time Daly, the big-hitting 1991 PGA Champion and 1995 British Open champion, has undergone alcohol rehabilitation. In 1993 he was treated for two weeks at Sierra Tucson Rehabilitation Facility in Arizona.</p>
<p>Daly withdrew from this week's Players Championship in Ponte Vedra Beach, Florida, after shooting a 76 on Thursday, saying he had a sore hip.</p>
<p>After the round Daly was reportedly seen drinking well into Friday morning at Sloppy Joe's, a Jacksonville Beach bar, dancing, jamming with the band, and drinking with a couple of members of the Jacksonville Jaguars NFL team.</p>
<p>The PGA Tour released a statement from Daly which read: &quot;As part of my ongoing battle to overcome alcoholism, I have decided to immediately enter the Betty Ford Alcohol Rehabilitation Programme.</p>
<p>&quot;In August of 1996, I suffered a setback in dealing with my disease. Until that time, I felt I had won the battle alone by simply stopping the act of drinking.</p>
<p>&quot;I've come to realise this terrible disease is much tougher than I thought and have decided, with the support of my family and friends, to let others help me. I apologise to others who struggle with me in fighting this disease. I am going to do my best, and hopefully we will prevail together.&quot;</p>
<p>At the end of 1992 Daly was suspended from the tour by then-commissioner Deane Beman after he was arrested for assaulting his then-wife Bettye Fulford. Soon afterward Daly entered alcohol rehabilitation.</p>
<p>Although he stopped drinking he was suspended again at the end of 1993 after he withdrew from the Kapalua International. He voluntarily removed himself from the PGA Tour in September 1994 after he got into a scuffle with the 62-year-old father of one of his fellow competitors at the '94 World Series of Golf.</p>
<p>In between all the trouble, Daly has won four times, two of the wins, including the British Open, while sober. He took his first drink since January 1993 the week after last year's British Open.</p>
<p>PGA Tour commissioner Tim Finchem also issued a statement on Sunday, saying: &quot;It is an important step for John to continue to recognise and acknowledge his disease and his relapse.</p>
<p>&quot;We fully support his decision to enter the Betty Ford programme, and we admire his courage in taking the action he has to find the best professional help he can.&quot;</p>
</text>
<copyright>(c) Reuters Limited 1997</copyright>
<metadata>
<codes class="bip:countries:1.0">
  <code code="USA">
    <editdetail attribution="Reuters BIP Coding Group" action="confirmed" date="1997-03-30"/>
  </code>
</codes>
<codes class="bip:topics:1.0">
  <code code="GCAT">
    <editdetail attribution="Reuters BIP Coding Group" action="confirmed" date="1997-03-30"/>
  </code>
  <code code="GSPO">
    <editdetail attribution="Reuters BIP Coding Group" action="confirmed" date="1997-03-30"/>
  </code>
</codes>
<dc element="dc.date.created" value="1997-03-30"/>
<dc element="dc.publisher" value="Reuters Holdings Plc"/>
<dc element="dc.date.published" value="1997-03-30"/>
<dc element="dc.source" value="Reuters"/>
<dc element="dc.creator.location" value="PONTE VEDRA BEACH, Fla."/>
<dc element="dc.creator.location.country.name" value="USA"/>
<dc element="dc.source" value="Reuters"/>
</metadata>
</newsitem>
