<?xml version="1.0" encoding="iso-8859-1" ?>
<newsitem itemid="475516" id="root" date="1997-03-30" xml:lang="en">
<title>SPAIN: SOCCER SHOWCASE-ZUBIZARRETA ERROR HANDS BARCELONA A POINT.</title>
<headline>SOCCER SHOWCASE-ZUBIZARRETA ERROR HANDS BARCELONA A POINT.</headline>
<dateline>VALENCIA, Spain 1997-03-30</dateline>
<text>
<p>A mistake by Valencia goalkeeper Andoni Zubizarreta helped Barcelona salvage a point from a thrilling Mediterranean derby on Sunday to keep alive their slim Spanish title aspirations.</p>
<p>Zubizarreta had pulled off a series of fine saves to deny his former team mates after Leandro had put Valencia ahead in the 42nd minute.</p>
<p>But the veteran Spanish international was badly at fault midway through the second half when he allowed a cross from Hristo Stoichkov to sail over his head and straight to Ronaldo who scored with ease.</p>
<p>Ronaldo's equaliser made up for several missed chances, two of them in a frantic opening five minutes.</p>
<p>With 11 games left to play in the Spanish championship, Barcelona trail Real Madrid by eight points. That gap may be widened later on Sunday when the leaders play at Tenerife.</p>
<p>Barcelona held on to second place on goal difference from Real Betis, whose game at struggling Espanyol finished goalless.</p>
</text>
<copyright>(c) Reuters Limited 1997</copyright>
<metadata>
<codes class="bip:countries:1.0">
  <code code="SPAIN">
    <editdetail attribution="Reuters BIP Coding Group" action="confirmed" date="1997-03-30"/>
  </code>
</codes>
<codes class="bip:topics:1.0">
  <code code="GCAT">
    <editdetail attribution="Reuters BIP Coding Group" action="confirmed" date="1997-03-30"/>
  </code>
  <code code="GSPO">
    <editdetail attribution="Reuters BIP Coding Group" action="confirmed" date="1997-03-30"/>
  </code>
</codes>
<dc element="dc.date.created" value="1997-03-30"/>
<dc element="dc.publisher" value="Reuters Holdings Plc"/>
<dc element="dc.date.published" value="1997-03-30"/>
<dc element="dc.source" value="Reuters"/>
<dc element="dc.creator.location" value="VALENCIA, Spain"/>
<dc element="dc.creator.location.country.name" value="SPAIN"/>
<dc element="dc.source" value="Reuters"/>
</metadata>
</newsitem>
