<?xml version="1.0" encoding="iso-8859-1" ?>
<newsitem itemid="475537" id="root" date="1997-03-30" xml:lang="en">
<title>UK: GOLF-LEADING EUROPEAN RYDER CUP POINTS STANDINGS.</title>
<headline>GOLF-LEADING EUROPEAN RYDER CUP POINTS STANDINGS.</headline>
<dateline>LONDON 1997-03-30</dateline>
<text>
<p>Leading European Ryder Cup</p>
<p>points standings after the Madeira Island Open won by Peter</p>
<p>Mitchell on Sunday:</p>
<p>  1. Colin Montgomerie (Scotland)	331,364 points</p>
<p>  2. Miguel Angel Martin (Spain)	 269,335</p>
<p>  3. Thomas Bjorn (Denmark)		238,057</p>
<p>  4. Darren Clarke (Northern Ireland)  201,379</p>
<p>  5. Costantino Rocca (Italy)	    200,326</p>
<p>  6. Paul Broadhurst (England)	   176,019</p>
<p>  7. Ian Woosnam (Wales)		   173,862</p>
<p>  8. Jean Van de Velde (France)	  171,264</p>
<p>  9. Per-Ulrik Johansson (Sweden)	162,633</p>
<p> 10. Peter Mitchell (England)	    158,970</p>
<p> 11. Sam Torrance (Scotland)	     150,908</p>
<p> 12. Lee Westwood (England)		145,319</p>
<p> 13. Roger Chapman (England)	     121,601</p>
<p> 14. Padraig Harrington (Ireland)	121,600</p>
<p> 15. Andrew Coltart (Scotland)	   116,047</p>
<p> 16. Miguel Angel Jimenez (Spain)	101,006</p>
<p> 17. David Gilford (England)		98,851</p>
<p> 18. Mark Davis (England)		   88,478</p>
<p> 19. Michael Jonzon (Sweden)		86,436</p>
<p> 20. Jose Maria Olazabal (Spain)	  86,339</p>
</text>
<copyright>(c) Reuters Limited 1997</copyright>
<metadata>
<codes class="bip:countries:1.0">
  <code code="UK">
    <editdetail attribution="Reuters BIP Coding Group" action="confirmed" date="1997-03-30"/>
  </code>
</codes>
<codes class="bip:topics:1.0">
  <code code="GCAT">
    <editdetail attribution="Reuters BIP Coding Group" action="confirmed" date="1997-03-30"/>
  </code>
  <code code="GSPO">
    <editdetail attribution="Reuters BIP Coding Group" action="confirmed" date="1997-03-30"/>
  </code>
</codes>
<dc element="dc.date.created" value="1997-03-30"/>
<dc element="dc.publisher" value="Reuters Holdings Plc"/>
<dc element="dc.date.published" value="1997-03-30"/>
<dc element="dc.source" value="Reuters"/>
<dc element="dc.creator.location" value="LONDON"/>
<dc element="dc.creator.location.country.name" value="UK"/>
<dc element="dc.source" value="Reuters"/>
</metadata>
</newsitem>
