<?xml version="1.0" encoding="iso-8859-1" ?>
<newsitem itemid="475541" id="root" date="1997-03-30" xml:lang="en">
<title>CANADA: NHL ICE HOCKEY-VANCOUVER BEATS CALGARY TO MOVE CLOSER TO THE PLAYOFFS.</title>
<headline>NHL ICE HOCKEY-VANCOUVER BEATS CALGARY TO MOVE CLOSER TO THE PLAYOFFS.</headline>
<dateline>CALGARY 1997-03-29</dateline>
<text>
<p>Trevor Linden scored for the first time in nearly a month to cap a three-goal first period and Kirk McLean stopped 28 shots as the Vancouver Canucks defeated the Calgary Flames, 5-2, on Saturday.</p>
<p>Sergei Nemchinov and Brian Noonan, acquired from the New York Rangers on March 8th, also scored in the first period for Vancouver.</p>
<p>The Canucks moved within three points of Calgary and Chicago for the final playoff berth in the West.</p>
<p>At the Islanders, Bryan Smolinski scored twice in a four-goal first period and Zigmund Palffy had a hat trick in the second period as the New York Islanders cruised to an 8-2 victory over the Boston Bruins.</p>
<p>New York improved to 4-0-1 in its last five games, its longest unbeaten streak of the season, and moved to within one point of eighth-place Washington in the Eastern Conference.</p>
<p>Newly-acquired Robert Reichel had four assists, giving him 12 points in five games since being acquired from Calgary.</p>
<p>In Hartford, Derek King and Geoff Sanderson scored first-period goals as the Hartford Whalers posted a 2-1 victory over the New York Rangers.</p>
<p>Sean Burke made 25 saves for Hartford.</p>
<p>Despite the news that the team will leave Hartford, a sellout crowd of 14,660 still showed.</p>
<p>Jeff Beukeboom scored the lone goal and Glenn Healy stopped 27 shots for New York, which has lost four of its last six games. All-Star centre Mark Messier did not play due to a leg injury.</p>
<p>In Pittsburgh, Jaromir Jagr made a successful return with two assists and Ken Wregget also returned and stopped 27 shots as the Pittsburgh Penguins snapped a three-game losing streak with a 4-1 victory over the Los Angeles Kings.</p>
<p>Ron Francis scored two goals, including the 400th of his career, as the Penguins won for just the fifth time in their last 22 games.</p>
<p>In Colorado, rookies Sergei Berezin and Mike Johnson scored 49 seconds apart late in the third period and the Toronto Maple Leafs rallied to beat the Avalanche, 3-2.</p>
<p>Wendel Clark had the other goal for the Maple Leafs.</p>
<p>Valeri Kamensky and Rene Corbet scored in the second period for Colorado, which played without injured goaltender Patrick Roy and rested regulars Keith Jones and Uwe Krupp.</p>
<p>&quot;There's just no drive out there,&quot; said Colorado defenceman Adam Foote. &quot;(There's) nothing positive about this game, except that it's over.&quot;</p>
<p>At Florida, Tom Fitzgerald scored his first goal in more than two months with 85 seconds left in regulation, lifting the Florida Panthers into a 1-1 deadlock with the Tampa Bay Lightning.</p>
<p>Fitzgerald knotted the game by deflecting Terry Carkner's slap shot from the left point past goaltender Daren Puppa and just inside the left post. It was Fitzgerald's 10th goal of the season and first since January 22nd.</p>
<p>&quot;It has been a long time,&quot; said Fitzgerald. &quot;I'm a streaky scorer but I have other jobs to do than score goals.&quot;</p>
<p>&quot;It was a lucky goal,&quot; Puppa said. &quot;Anytime you tip it in the air from three feet away it's lucky.&quot;</p>
<p>In Ottawa, Shawn McEachern scored twice and Alexei Yashin added a goal and two assists as the surging Ottawa Senators defeated the Montreal Canadiens, 5-2, creating a logjam in the race for the final two Eastern Conference playoff berths.</p>
<p>Steve Duchesne and Daniel Alfredsson also scored for Ottawa.</p>
<p>Ottawa spotted the Canadiens a 1-0 lead before scoring the next five goals.</p>
<p>Only three points separate five teams battling for the final two berths.</p>
<p>In Washington, Eric Lindros scored twice in his return to the lineup and Ron Hextall made 21 saves as the Philadelphia Flyers increased their lead atop the Eastern Conference with a 5-3 victory over the Washington Capitals.</p>
<p>The Flyers moved four points ahead of idle New Jersey for the lead in the Atlantic Division and Eastern Conference.</p>
<p>&quot;You get a little success on the road and you get confidence, and confidence and success breeds more success,&quot; Lindros said. &quot;The key to any hockey team is solid goaltending and we've had that all year.</p>
<p>Former Flyer Rick Tocchet had a goal and an assist for Washington.</p>
<p>In Phoenix, Steve Kelly's first NHL goal turned out to be the game-winner and Curtis Joseph made 35 saves as the Edmonton Oilers vaulted over Phoenix into fourth place in the Western Conference with a 3-1 victory over the Coyotes.</p>
<p>Andrei Kovalenko and Mariusz Czerkawski also scored for Edmonton.</p>
<p>Dallas Drake had the lone goal for Phoenix.</p>
</text>
<copyright>(c) Reuters Limited 1997</copyright>
<metadata>
<codes class="bip:countries:1.0">
  <code code="CANA">
    <editdetail attribution="Reuters BIP Coding Group" action="confirmed" date="1997-03-30"/>
  </code>
  <code code="USA">
    <editdetail attribution="Reuters BIP Coding Group" action="confirmed" date="1997-03-30"/>
  </code>
</codes>
<codes class="bip:topics:1.0">
  <code code="GCAT">
    <editdetail attribution="Reuters BIP Coding Group" action="confirmed" date="1997-03-30"/>
  </code>
  <code code="GSPO">
    <editdetail attribution="Reuters BIP Coding Group" action="confirmed" date="1997-03-30"/>
  </code>
</codes>
<dc element="dc.date.created" value="1997-03-29"/>
<dc element="dc.publisher" value="Reuters Holdings Plc"/>
<dc element="dc.date.published" value="1997-03-30"/>
<dc element="dc.source" value="Reuters"/>
<dc element="dc.creator.location" value="CALGARY"/>
<dc element="dc.creator.location.country.name" value="CANADA"/>
<dc element="dc.source" value="Reuters"/>
</metadata>
</newsitem>
