<?xml version="1.0" encoding="iso-8859-1" ?>
<newsitem itemid="475544" id="root" date="1997-03-30" xml:lang="en">
<title>HUNGARY: SOCCER - HUNGARY CHAMPIONSHIP RESULTS/STANDINGS.</title>
<headline>SOCCER - HUNGARY CHAMPIONSHIP RESULTS/STANDINGS.</headline>
<dateline>BUDAPEST 1996-03-31</dateline>
<text>
<p>Results of Hungary's</p>
<p>championship matches played on Saturday.</p>
<p> Bekescsaba     3	    ZTE		1</p>
<p> Kispest	  1	    Gyor	     1</p>
<p> Csepel	   0	    Pecs	     1</p>
<p> Stadler	  0	    Ferencvaros    0</p>
<p> Siofok	   2	    III. ker TVE   1</p>
<p> MTK		1	    Debrecen	 0</p>
<p> Vac		0	    Ujpest	   1</p>
<p> Haladas	  0	    Videoton	 0</p>
<p> BVSC	     0	    Vasas	    1</p>
<p>Standings (tabulated under played, won, drawn, lost, goals</p>
<p>for, goals against, points)</p>
<p>  1. MTK	     23  20   2   1  62  14  62</p>
<p>  2. Ferencvaros   23  16   5   2  50  26  53</p>
<p>  3. Ujpest	  23  16   4   3  49  22  42</p>
<p>  4. Vasas	   23  16   3   4  36  17  51</p>
<p>  5. Debrecen	23   9   8   6  34  22  35</p>
<p>  6. BVSC	    23  10   4   9  29  24  34</p>
<p>  7. Kispest	 23   9   6   8  28  30  33</p>
<p>  8. Haladas	 23   7   7   9  27  25  28</p>
<p>  9. Videoton	23   7   7   9  25  26  28</p>
<p> 10. Gyor	    23   7   7   9  28  35  28</p>
<p> 11. Vac	     23   6   7  10  25  32  25</p>
<p> 12. ZTE	     23   8   1  14  22  40  25</p>
<p> 13. III Ker TVE   23   5   9   9  30  39  24</p>
<p> 14. Bekescsaba    23   7   3  13  27  42  24</p>
<p> 15. Siofok	  23   5   6  12  20  41  21</p>
<p> 16. Pecs	    23   4   6  13  19  46  18</p>
<p> 17. Csepel	  23   3   7  13  32  43  16</p>
<p> 18. Stadler	 23   4   4  15  14  33  16</p>
<p>-- Budapest newsroom +36 1 327-4040</p>
</text>
<copyright>(c) Reuters Limited 1997</copyright>
<metadata>
<codes class="bip:countries:1.0">
  <code code="HUNG">
    <editdetail attribution="Reuters BIP Coding Group" action="confirmed" date="1997-03-30"/>
  </code>
</codes>
<codes class="bip:topics:1.0">
  <code code="GCAT">
    <editdetail attribution="Reuters BIP Coding Group" action="confirmed" date="1997-03-30"/>
  </code>
  <code code="GSPO">
    <editdetail attribution="Reuters BIP Coding Group" action="confirmed" date="1997-03-30"/>
  </code>
</codes>
<dc element="dc.date.created" value="1996-03-31"/>
<dc element="dc.publisher" value="Reuters Holdings Plc"/>
<dc element="dc.date.published" value="1997-03-30"/>
<dc element="dc.source" value="Reuters"/>
<dc element="dc.creator.location" value="BUDAPEST"/>
<dc element="dc.creator.location.country.name" value="HUNGARY"/>
<dc element="dc.source" value="Reuters"/>
</metadata>
</newsitem>
