<?xml version="1.0" encoding="iso-8859-1" ?>
<newsitem itemid="475523" id="root" date="1997-03-30" xml:lang="en">
<title>PORTUGAL: GOLF - MITCHELL WINS WITH GREAT FINISH.</title>
<headline>GOLF - MITCHELL WINS WITH GREAT FINISH.</headline>
<dateline>SANTO DA SERRA, Madeira 1997-03-30</dateline>
<text>
<p>A brilliant 130-yard wedge shot to within one foot at the final hole earned Peter Mitchell of Britain a one-stroke victory in the Madeira Island Open on Sunday.</p>
<p>After 22-year-old Swede Fredrik Jacobson had completed an eight-under-par 64 to put the pressure on the 38-year-old Londoner, Mitchell capped a nervous one-under-par 71 with his closing birdie to record his second European Tour victory.</p>
<p>&quot;I felt awful over that last putt because I had missed some close ones earlier,&quot; said Mitchell, whose last win was in the 1992 Austrian Open.</p>
<p>The victory earned him 50,000 pounds ($81,500) and pushed him up to 10th spot on the European Ryder Cup list, which could earn him a callup for this September's match.</p>
<p>&quot;I'll have to win another tournament to get in and hopefully I'll make a better job of it the next time I have a chance,&quot; he said.</p>
<p>Mitchell, who took a four-shot lead into the final round, missed several opportunities and when he bogeyed the 15th hole, he and Jacobson were level.</p>
<p>One round was lost to bad weather and Mitchell finished with a total of 204, 12 under par.</p>
<p>Jacobson, from Molndal, shot nine birdies with a longest putt of 15 feet and after missing halfway cuts in his last three events he was pleased.</p>
<p>&quot;I was playing without a game plan. Now I've decided on a strategy, thinking how to play every hole, and I'm sticking to it,&quot; he said.</p>
<p>Jacobson lost his tour card in 1995 but regained it last year from the Challenger Tour.</p>
<p>Scotsman Andrew Coltart had a chance to tie for second place but missed from six feet at the last. He was third with a 68.</p>
</text>
<copyright>(c) Reuters Limited 1997</copyright>
<metadata>
<codes class="bip:countries:1.0">
  <code code="PORL">
    <editdetail attribution="Reuters BIP Coding Group" action="confirmed" date="1997-03-30"/>
  </code>
</codes>
<codes class="bip:topics:1.0">
  <code code="GCAT">
    <editdetail attribution="Reuters BIP Coding Group" action="confirmed" date="1997-03-30"/>
  </code>
  <code code="GSPO">
    <editdetail attribution="Reuters BIP Coding Group" action="confirmed" date="1997-03-30"/>
  </code>
</codes>
<dc element="dc.date.created" value="1997-03-30"/>
<dc element="dc.publisher" value="Reuters Holdings Plc"/>
<dc element="dc.date.published" value="1997-03-30"/>
<dc element="dc.source" value="Reuters"/>
<dc element="dc.creator.location" value="SANTO DA SERRA, Madeira"/>
<dc element="dc.creator.location.country.name" value="PORTUGAL"/>
<dc element="dc.source" value="Reuters"/>
</metadata>
</newsitem>
