<?xml version="1.0" encoding="iso-8859-1" ?>
<newsitem itemid="475571" id="root" date="1997-03-30" xml:lang="en">
<title>USA: BOXING-LOPEZ KEEPS TITLE AGAINST A COURAGEOUS THAI.</title>
<headline>BOXING-LOPEZ KEEPS TITLE AGAINST A COURAGEOUS THAI.</headline>
<dateline>LAS VEGAS 1997-03-29</dateline>
<text>
<p>World Boxing Council (WBC) strawwweight champion Ricardo Lopez of Mexico surprisingly was forced to go the distance by unheralded Thai challenger Mongol Charoen to win his 19th consecutive title defence on Saturday.</p>
<p>Lopez, 45-0, who was bleeding over his right eye after an accidental head butt in the 10th round, had to fight until the final bell for only the fourth time in his professional career.</p>
<p>Lopez was given every round by judges Carol Castellano and Martin Sammon, 120-107 and judge Joraicio Castillo scored it 119-108.</p>
<p>Chareon, 18, the 10th rated challenger by the WBC and was fighting for the first time out of his homeland and had only arrived here five days before the bout.</p>
<p>&quot;He was well prepared,&quot; Lopez said of Charoen, 17-2. &quot;He surprsied me how tough he was. I was surprised he didn't go down.&quot;</p>
<p>Chareon had a bloody nose after the first round and continued to absorb a lot more punishment from the champion's stinging head and body apunches.</p>
<p>Charoen took a pounding throughout the fight but particularly in the 11th round, starting with a right to the nose. But Charoen, showing tremendous courage and a concrete chin, managed to stand up to the assault. The challenger refused to go down late in the 12th round after Lopez's unloaded four rights to the head.</p>
<p>&quot;I am very proud to have gone the distance with Lopez,&quot; said Charoen.</p>
<p>Chareon was deducted a point by referee Jay Nady for the head butt that left Lopez with blood streaming down the side of his face.</p>
<p>&quot;The blood didn't scare me, but it did worry me ,&quot; Lopez said of the cut. &quot;I had to be careful.&quot;</p>
<p>Lopez has held the title since 1990 the longest of any reigning champion in boxing.</p>
</text>
<copyright>(c) Reuters Limited 1997</copyright>
<metadata>
<codes class="bip:countries:1.0">
  <code code="MEX">
    <editdetail attribution="Reuters BIP Coding Group" action="confirmed" date="1997-03-30"/>
  </code>
  <code code="THAIL">
    <editdetail attribution="Reuters BIP Coding Group" action="confirmed" date="1997-03-30"/>
  </code>
  <code code="USA">
    <editdetail attribution="Reuters BIP Coding Group" action="confirmed" date="1997-03-30"/>
  </code>
</codes>
<codes class="bip:topics:1.0">
  <code code="GCAT">
    <editdetail attribution="Reuters BIP Coding Group" action="confirmed" date="1997-03-30"/>
  </code>
  <code code="GSPO">
    <editdetail attribution="Reuters BIP Coding Group" action="confirmed" date="1997-03-30"/>
  </code>
</codes>
<dc element="dc.date.created" value="1997-03-29"/>
<dc element="dc.publisher" value="Reuters Holdings Plc"/>
<dc element="dc.date.published" value="1997-03-30"/>
<dc element="dc.source" value="Reuters"/>
<dc element="dc.creator.location" value="LAS VEGAS"/>
<dc element="dc.creator.location.country.name" value="USA"/>
<dc element="dc.source" value="Reuters"/>
</metadata>
</newsitem>
