<?xml version="1.0" encoding="iso-8859-1" ?>
<newsitem itemid="475535" id="root" date="1997-03-30" xml:lang="en">
<title>USA: NCAA BASKETBALL-Final Four results</title>
<headline>NCAA BASKETBALL-Final Four results</headline>
<dateline>INDIANAPOLIS, Indiana 1997-03-29</dateline>
<text>
<p>Results at the NCAA Final Four basketball tournament on Saturday:</p>
<p> Arizona	66  North Carolina    58</p>
<p> Kentucky     vs  Minnesota</p>
<p>	   (late game)</p>
</text>
<copyright>(c) Reuters Limited 1997</copyright>
<metadata>
<codes class="bip:countries:1.0">
  <code code="USA">
    <editdetail attribution="Reuters BIP Coding Group" action="confirmed" date="1997-03-30"/>
  </code>
</codes>
<codes class="bip:topics:1.0">
  <code code="GCAT">
    <editdetail attribution="Reuters BIP Coding Group" action="confirmed" date="1997-03-30"/>
  </code>
  <code code="GSPO">
    <editdetail attribution="Reuters BIP Coding Group" action="confirmed" date="1997-03-30"/>
  </code>
</codes>
<dc element="dc.date.created" value="1997-03-29"/>
<dc element="dc.publisher" value="Reuters Holdings Plc"/>
<dc element="dc.date.published" value="1997-03-30"/>
<dc element="dc.source" value="Reuters"/>
<dc element="dc.creator.location" value="INDIANAPOLIS, Indiana"/>
<dc element="dc.creator.location.country.name" value="USA"/>
<dc element="dc.source" value="Reuters"/>
</metadata>
</newsitem>
