<?xml version="1.0" encoding="iso-8859-1" ?>
<newsitem itemid="475556" id="root" date="1997-03-30" xml:lang="en">
<title>JAPAN: BOXING-CHAMPION VASQUEZ BREAKS OPPONENT'S JAW.</title>
<headline>BOXING-CHAMPION VASQUEZ BREAKS OPPONENT'S JAW.</headline>
<dateline>TOKYO 1997-03-30</dateline>
<text>
<p>Japan's Yuji Watanabe had his jaw broken in two places as his challenge for Puerto Rican Wilfredo Vasquez's World Boxing Association featherweight crown ended in fifth round defeat on Sunday.</p>
<p>The challenger was floored twice in the second round and again in the fifth before British referee John Coyle stopped the fight.</p>
<p>The end came 31 seconds into the fifth round after the champion stood Watanabe up with a left upper-cut and then landed a devastating right cross.</p>
<p>Watanabe sank to the canvas but as he struggled to regain his feet, the referee stepped in.</p>
<p>From the beginning, Vasquez hammered Watanabe with right hand punches.</p>
<p>The challenger went down in the second after a looping right and again after a sharp left, taking a standing eight count, only to be saved by the bell with Vasquez poised to finish the fight.</p>
<p>Watanabe attempted to rally in the third and fourth rounds, going toe-to-toe with the champion and landing the occasional blow, but it was a brief respite before his third loss in 22 bouts. It was Vasquez's 48th victory.</p>
<p>&quot;I want to defend my title at this weight two more times and then move up and try to win the junior-lightweight championship,&quot; Vasquez said.</p>
</text>
<copyright>(c) Reuters Limited 1997</copyright>
<metadata>
<codes class="bip:countries:1.0">
  <code code="JAP">
    <editdetail attribution="Reuters BIP Coding Group" action="confirmed" date="1997-03-30"/>
  </code>
  <code code="PURI">
    <editdetail attribution="Reuters BIP Coding Group" action="confirmed" date="1997-03-30"/>
  </code>
</codes>
<codes class="bip:topics:1.0">
  <code code="GCAT">
    <editdetail attribution="Reuters BIP Coding Group" action="confirmed" date="1997-03-30"/>
  </code>
  <code code="GSPO">
    <editdetail attribution="Reuters BIP Coding Group" action="confirmed" date="1997-03-30"/>
  </code>
</codes>
<dc element="dc.date.created" value="1997-03-30"/>
<dc element="dc.publisher" value="Reuters Holdings Plc"/>
<dc element="dc.date.published" value="1997-03-30"/>
<dc element="dc.source" value="Reuters"/>
<dc element="dc.creator.location" value="TOKYO"/>
<dc element="dc.creator.location.country.name" value="JAPAN"/>
<dc element="dc.source" value="Reuters"/>
</metadata>
</newsitem>
