<?xml version="1.0" encoding="iso-8859-1" ?>
<newsitem itemid="475558" id="root" date="1997-03-30" xml:lang="en">
<title>MALAYSIA: CRICKET-ICC TROPHY RESULTS.</title>
<headline>CRICKET-ICC TROPHY RESULTS.</headline>
<dateline>KUALA LUMPUR 1997-03-30</dateline>
<text>
<p>Results of International</p>
<p>Cricket Council (ICC) Trophy matches on Sunday:</p>
<p>Bangladesh beat Malaysia by 59 runs</p>
<p>Scores: Bangladesh 211-9 in 50 overs; Malaysia 152-8 in 50</p>
<p>overs</p>
<p>Denmark beat West Africa by eight wickets</p>
<p>Scores: West Africa 104 in 45.5 overs; Denmark 106-2 in</p>
<p>22.5 overs</p>
<p>Canada v Netherlands - match abandoned without play.  One</p>
<p>point each</p>
<p>Gibraltar beat Israel by two wickets</p>
<p>Scores: Israel 87 in 42 overs; Gibraltar 88-8 in 35.2</p>
<p>overs;</p>
<p>Kenya beat United States by 211 runs</p>
<p>Scores: Kenya 243-7 in 50 overs; United States 32 in 19</p>
<p>overs</p>
<p>Scotland beat Bermuda by 57 runs</p>
<p>Scores: Scotland 231-8 in 50 overs; Bermuda 174 in 50 overs</p>
<p>United Arab Emirates beat Argentina by eight wickets</p>
<p>Scores: Argentina 189-7 in 50 overs; UAE 190-2 in 31.3</p>
<p>overs.</p>
<p>Ireland beat Singapore by 10 wickets</p>
<p>Scores: Singapore 110 in 46.5 overs; Ireland 113-0 in 10.2</p>
<p>overs.</p>
</text>
<copyright>(c) Reuters Limited 1997</copyright>
<metadata>
<codes class="bip:countries:1.0">
  <code code="BANDH">
    <editdetail attribution="Reuters BIP Coding Group" action="confirmed" date="1997-03-30"/>
  </code>
  <code code="DEN">
    <editdetail attribution="Reuters BIP Coding Group" action="confirmed" date="1997-03-30"/>
  </code>
  <code code="MALAY">
    <editdetail attribution="Reuters BIP Coding Group" action="confirmed" date="1997-03-30"/>
  </code>
</codes>
<codes class="bip:topics:1.0">
  <code code="GCAT">
    <editdetail attribution="Reuters BIP Coding Group" action="confirmed" date="1997-03-30"/>
  </code>
  <code code="GSPO">
    <editdetail attribution="Reuters BIP Coding Group" action="confirmed" date="1997-03-30"/>
  </code>
</codes>
<dc element="dc.date.created" value="1997-03-30"/>
<dc element="dc.publisher" value="Reuters Holdings Plc"/>
<dc element="dc.date.published" value="1997-03-30"/>
<dc element="dc.source" value="Reuters"/>
<dc element="dc.creator.location" value="KUALA LUMPUR"/>
<dc element="dc.creator.location.country.name" value="MALAYSIA"/>
<dc element="dc.source" value="Reuters"/>
</metadata>
</newsitem>
