<?xml version="1.0" encoding="iso-8859-1" ?>
<newsitem itemid="475551" id="root" date="1997-03-30" xml:lang="en">
<title>BRAZIL: MOTOR RACING- VILLENEUVE WINS BRAZILIAN GRAND PRIX.</title>
<headline>MOTOR RACING- VILLENEUVE WINS BRAZILIAN GRAND PRIX.</headline>
<dateline>SAO PAULO, Brazil 1997-03-30</dateline>
<text>
<p>Jacques Villeneuve of Canada, driving a Williams, won the Brazilian Grand Prix at the Interlagos circuit on Sunday.  </p>
<p>Austrian Gerhard Berger, in a Benetton, came second and Olivier Panis of France, driving a Prost was third.  </p>
<p>Mika Hakkinen of Finland, in a McLaren came home fourth, Michael Schumacher of Germany in a Ferrari, was fifth and Jean Alessi of France, in a Benetton, finished sixth.</p>
</text>
<copyright>(c) Reuters Limited 1997</copyright>
<metadata>
<codes class="bip:countries:1.0">
  <code code="BRAZ">
    <editdetail attribution="Reuters BIP Coding Group" action="confirmed" date="1997-03-30"/>
  </code>
  <code code="CANA">
    <editdetail attribution="Reuters BIP Coding Group" action="confirmed" date="1997-03-30"/>
  </code>
</codes>
<codes class="bip:topics:1.0">
  <code code="GCAT">
    <editdetail attribution="Reuters BIP Coding Group" action="confirmed" date="1997-03-30"/>
  </code>
  <code code="GSPO">
    <editdetail attribution="Reuters BIP Coding Group" action="confirmed" date="1997-03-30"/>
  </code>
</codes>
<dc element="dc.date.created" value="1997-03-30"/>
<dc element="dc.publisher" value="Reuters Holdings Plc"/>
<dc element="dc.date.published" value="1997-03-30"/>
<dc element="dc.source" value="Reuters"/>
<dc element="dc.creator.location" value="SAO PAULO, Brazil"/>
<dc element="dc.creator.location.country.name" value="BRAZIL"/>
<dc element="dc.source" value="Reuters"/>
</metadata>
</newsitem>
