<?xml version="1.0" encoding="iso-8859-1" ?>
<newsitem itemid="475597" id="root" date="1997-03-30" xml:lang="en">
<title>UK: UK magazine paper suppliers Salehurst to float.</title>
<headline>UK magazine paper suppliers Salehurst to float.</headline>
<dateline>LONDON 1997-03-30</dateline>
<text>
<p>Salehurst Plc, which supplies paper to more than 420 magazine titles, said on Sunday it would seek a full listing on the London Stock Exchange by way of a share placing.</p>
<p>It said it intended to raise two million stg net of expenses from the placing, and that in addition 2.5 million stg of existing shares will be sold.</p>
<p>The company said this would leave chief executive Michael Jackson and his family controlling some 55 to 60 percent of the equity, and that on flotation it was expected to be valued at between 15 and 18 million stg.</p>
<p>Saleshurst made a pre-tax profit of 1.75 million stg in the year ended January 31 on turnover of 28.72 million. -- London Newsroom +44 171 5427767</p>
</text>
<copyright>(c) Reuters Limited 1997</copyright>
<metadata>
<codes class="bip:countries:1.0">
  <code code="UK">
    <editdetail attribution="Reuters BIP Coding Group" action="confirmed" date="1997-03-30"/>
  </code>
</codes>
<codes class="bip:topics:1.0">
  <code code="C14">
    <editdetail attribution="Reuters BIP Coding Group" action="confirmed" date="1997-03-30"/>
  </code>
  <code code="C17">
    <editdetail attribution="Reuters BIP Coding Group" action="confirmed" date="1997-03-30"/>
  </code>
  <code code="C171">
    <editdetail attribution="Reuters BIP Coding Group" action="confirmed" date="1997-03-30"/>
  </code>
  <code code="CCAT">
    <editdetail attribution="Reuters BIP Coding Group" action="confirmed" date="1997-03-30"/>
  </code>
</codes>
<dc element="dc.date.created" value="1997-03-30"/>
<dc element="dc.publisher" value="Reuters Holdings Plc"/>
<dc element="dc.date.published" value="1997-03-30"/>
<dc element="dc.source" value="Reuters"/>
<dc element="dc.creator.location" value="LONDON"/>
<dc element="dc.creator.location.country.name" value="UK"/>
<dc element="dc.source" value="Reuters"/>
</metadata>
</newsitem>
