<?xml version="1.0" encoding="iso-8859-1" ?>
<newsitem itemid="475573" id="root" date="1997-03-30" xml:lang="en">
<title>USA: BOXING-BOUDOUANI BEATS DANIELS TO RETAIN TITLE.</title>
<headline>BOXING-BOUDOUANI BEATS DANIELS TO RETAIN TITLE.</headline>
<dateline>LAS VEGAS 1997-03-29</dateline>
<text>
<p>Coming on strong in the later rounds, Laurent Boudouani made a successful first title defence of his World Boxing Association junior middleweight crown by beating former champion Carl Daniels on Saturday.</p>
<p>Boudouani scored the only knockdown in the fight in the eighth round after knocking Daniel's mouthpiece flying in the sixth round.</p>
<p>In the final moments of the 11th round, Boudouani wobbled Daniels with a flurry of punches that had the American challenger holding on at the bell.</p>
<p>&quot;He was hitting me with some good shots,&quot;Daniels said.</p>
<p>Boudouani won the last six rounds on one judge's scorecard and won five of the final six on the other two scorecards.</p>
<p>Judge Marcial Vargas scored it 118-108 for the Frenchman while Melchior Taylor had it 115-111 and Duane Ford 117-109.</p>
<p>Daniels had a point deducted by referee Richard Steele for spitting out his mouthpiece on purpose early in the final round before Boudouani sent the mouthpiece flying with a solid blow later in the round.</p>
<p>Daniels was trying to reclaim the title that he had lost to Argentine Julio Cesar Vasquez in 1995. Vasquez lost the crown to Boudouani last year.</p>
<p>Boudouani is 35-2 and  Daniels fell to 38-3.</p>
</text>
<copyright>(c) Reuters Limited 1997</copyright>
<metadata>
<codes class="bip:countries:1.0">
  <code code="USA">
    <editdetail attribution="Reuters BIP Coding Group" action="confirmed" date="1997-03-30"/>
  </code>
</codes>
<codes class="bip:topics:1.0">
  <code code="GCAT">
    <editdetail attribution="Reuters BIP Coding Group" action="confirmed" date="1997-03-30"/>
  </code>
  <code code="GSPO">
    <editdetail attribution="Reuters BIP Coding Group" action="confirmed" date="1997-03-30"/>
  </code>
</codes>
<dc element="dc.date.created" value="1997-03-29"/>
<dc element="dc.publisher" value="Reuters Holdings Plc"/>
<dc element="dc.date.published" value="1997-03-30"/>
<dc element="dc.source" value="Reuters"/>
<dc element="dc.creator.location" value="LAS VEGAS"/>
<dc element="dc.creator.location.country.name" value="USA"/>
<dc element="dc.source" value="Reuters"/>
</metadata>
</newsitem>
