<?xml version="1.0" encoding="iso-8859-1" ?>
<newsitem itemid="475594" id="root" date="1997-03-30" xml:lang="en">
<title>UK: Reuters historical calendar - April 6.</title>
<headline>Reuters historical calendar - April 6.</headline>
<dateline>LONDON 1997-03-30</dateline>
<text>
<p>Following are some of the major events to have occurred on April 6 in history:</p>
<p>1199 - King Richard The Lionheart (Richard I) died after being wounded whilst besieging the castle of Chalus in France. He was succeeded by his brother John.</p>
<p>1483 - Raphael, Italian painter, born as Rafaello Sanzio. A master of Renaissance style, he decorated a large papal chamber in the Vatican - the Stanza della Segnatura. He died on this day in 1520.</p>
<p>1490 - Matthias I Corvinus, King of Hungary, died. King from 1458, he succeeded in binding Hungary together and occupied much Habsburg territory including Vienna. On his death all his conquests were lost.</p>
<p>1528 - Albrecht Duerer, German artist and engraver, died. One of the great German Renaissance artists, he was famed for his copper engravings &quot;Knight, Death and Devil&quot; (1513).</p>
<p>1580 - An earthquake badly damaged St Paul's Cathedral and other churches in London.</p>
<p>1652 - Jan van Riebeeck landed at Table Bay, at the Cape, South Africa, to establish a trading station for the Dutch East India Company.</p>
<p>1789 - George Washington was elected first president of the United States. He was the only president to be unanimously elected.</p>
<p>1830 - The Church of Jesus Christ of the Latter Day Saints, whose followers are known as Mormons, founded by Joseph Smith at Fayette in New York State.</p>
<p>1862 - In the U.S. Civil War, the Confederates under Johnston with 43,000 men surprised the Federal army under Grant at the battle of Shiloh.</p>
<p>1868 - In Japan, Emperor Meiji established the Charter Oath which changed the form of government and promised an assembly.</p>
<p>1874 - Harry Houdini, U.S. magician and escapologist, born as Ehrich Weiss. He could escape from any kind of bonds, container, prison cell or padlocked underwater box.</p>
<p>1890 - Anthony Herman Gerard Fokker, Dutch aircraft designer, born in Java. He founded the Fokker aircraft factory at Johannistal near Berlin in 1912.</p>
<p>1895 - &quot;Waltzing Matilda&quot;, one of Australia's best-known tunes written by bush poet Banjo Paterson, was first publicly performed at a hotel in the remote northern town of Winton.</p>
<p>1896 - The first modern Olympic Games, revived by Baron de Coubetin, were inaugurated in Athens.</p>
<p>1909 - U.S. navy commander Robert Peary, leading an expedition, reached the North pole.</p>
<p>1917 - In World War One, the United States declared war on Germany.</p>
<p>1929 - Andre Previn, U.S. conductor, pianist and composer, born in Berlin. Known as a classical orchestral conductor, notably of Shostakovich, he also conducted and scored film music and arrangements especially &quot;Gigi&quot; and &quot;Porgy and Bess&quot;.</p>
<p>1941 - In World War Two, Germany invaded Greece and Yugoslavia, and heavily bombed Belgrade.</p>
<p>1942 - Japan bombed India for the first time and attacked ports in Madras.</p>
<p>1955 - Winston Churchill stepped down as British prime minister for the last time and was succeeded by Anthony Eden.</p>
<p>1965 - Early Bird I, the world's first  commercial communications satellite, was launched from Cape Kennedy, Florida. It became operational on June 28.</p>
<p>1968 - Pierre Trudeau became Liberal prime minister of Canada succeeding Lester Pearson.</p>
<p>1971 - Igor Stravinsky, Russian-born composer, died in New York. One of the 20th Century's leading musical figures and most famous for his ballets &quot;The Rite of Spring&quot; and &quot;Petrushka&quot;.</p>
<p>1984 - The Cocos (Keeling) Islands in the Indian Ocean voted to integrate with Australia, ending the 150-year rule of the British Clunies-Ross family.</p>
<p>1992 - The European Community recognised Bosnia-Herzegovina as an independent state and war broke out between Bosnian government and local Serbs, who laid siege to the capital Sarajevo.</p>
<p>1994 - The Presidents of Burundi and Rwanda, Cyprien Ntaryamira and Juvenal Habyarimana, were killed when a rocket downed their plane as it landed in Rwanda. The assassinations unleashed genocide in Rwanda.</p>
<p>1996 - Actress Greer Garson died aged 92. Best known for her 1942 film &quot;Mrs. Miniver,&quot; for which she won an Oscar.</p>
</text>
<copyright>(c) Reuters Limited 1997</copyright>
<metadata>
<codes class="bip:countries:1.0">
  <code code="UK">
    <editdetail attribution="Reuters BIP Coding Group" action="confirmed" date="1997-03-30"/>
  </code>
</codes>
<codes class="bip:topics:1.0">
  <code code="GCAT">
    <editdetail attribution="Reuters BIP Coding Group" action="confirmed" date="1997-03-30"/>
  </code>
</codes>
<dc element="dc.date.created" value="1997-03-30"/>
<dc element="dc.publisher" value="Reuters Holdings Plc"/>
<dc element="dc.date.published" value="1997-03-30"/>
<dc element="dc.source" value="Reuters"/>
<dc element="dc.creator.location" value="LONDON"/>
<dc element="dc.creator.location.country.name" value="UK"/>
<dc element="dc.source" value="Reuters"/>
</metadata>
</newsitem>
