<?xml version="1.0" encoding="iso-8859-1" ?>
<newsitem itemid="475584" id="root" date="1997-03-30" xml:lang="en">
<title>REPUBLIC OF IRELAND: SOCCER-HOUGHTON OUT OF IRELAND SQUAD.</title>
<headline>SOCCER-HOUGHTON OUT OF IRELAND SQUAD.</headline>
<dateline>DUBLIN 1997-03-30</dateline>
<text>
<p>Veteran midfielder Ray Houghton has pulled out of the Republic of Ireland squad for their World Cup qualifier in Macedonia on Wednesday.</p>
<p>Houghton, who won the last of his 67 caps against Liechtenstein at the start of this season's World Cup campaign, has just come back from a 12-week absence with groin trouble.</p>
<p>He played 90 minutes in Crystal Palace's 1-0 home defeat against Birmingham City on Saturday, missing two good chances in the closing stages.</p>
<p>Republic manager Mick McCarthy said:  &quot;Ray rang me after the game and said he was just not up to it at the moment. It was too soon after his recovery from injury, and I accept that.''</p>
</text>
<copyright>(c) Reuters Limited 1997</copyright>
<metadata>
<codes class="bip:countries:1.0">
  <code code="IRAN">
    <editdetail attribution="Reuters BIP Coding Group" action="confirmed" date="1997-03-30"/>
  </code>
  <code code="IRE">
    <editdetail attribution="Reuters BIP Coding Group" action="confirmed" date="1997-03-30"/>
  </code>
  <code code="LIECHT">
    <editdetail attribution="Reuters BIP Coding Group" action="confirmed" date="1997-03-30"/>
  </code>
  <code code="MCDNIA">
    <editdetail attribution="Reuters BIP Coding Group" action="confirmed" date="1997-03-30"/>
  </code>
  <code code="UK">
    <editdetail attribution="Reuters BIP Coding Group" action="confirmed" date="1997-03-30"/>
  </code>
</codes>
<codes class="bip:topics:1.0">
  <code code="GCAT">
    <editdetail attribution="Reuters BIP Coding Group" action="confirmed" date="1997-03-30"/>
  </code>
  <code code="GSPO">
    <editdetail attribution="Reuters BIP Coding Group" action="confirmed" date="1997-03-30"/>
  </code>
</codes>
<dc element="dc.date.created" value="1997-03-30"/>
<dc element="dc.publisher" value="Reuters Holdings Plc"/>
<dc element="dc.date.published" value="1997-03-30"/>
<dc element="dc.source" value="Reuters"/>
<dc element="dc.creator.location" value="DUBLIN"/>
<dc element="dc.creator.location.country.name" value="REPUBLIC OF IRELAND"/>
<dc element="dc.source" value="Reuters"/>
</metadata>
</newsitem>
