<?xml version="1.0" encoding="iso-8859-1" ?>
<newsitem itemid="475578" id="root" date="1997-03-30" xml:lang="en">
<title>FRANCE: RUGBY UNION-FRENCH CHAMPIONSHIP RESULTS.</title>
<headline>RUGBY UNION-FRENCH CHAMPIONSHIP RESULTS.</headline>
<dateline>PARIS 1997-03-30</dateline>
<text>
<p>Result of French rugby union</p>
<p>championship matches played at the weekend:</p>
<p>Group 1:</p>
<p> Toulouse	  18  Agen	  23</p>
<p> Bourgoin	  36  Nimes	 10</p>
<p> Castres	   53  Grenoble    23</p>
<p> Dax		 33  Beziers     20</p>
<p> Biarritz	  34  Perigueux   13</p>
<p>Group 2:</p>
<p> Montferrand     41  Dijon	 12</p>
<p> PUC		 10  Brive	 60</p>
<p> Narbonne	  28  Pau	   13</p>
<p> Toulon	    25  Colomiers   13</p>
<p> Begles-Bordeaux 23  Perpignan   23</p>
</text>
<copyright>(c) Reuters Limited 1997</copyright>
<metadata>
<codes class="bip:countries:1.0">
  <code code="FRA">
    <editdetail attribution="Reuters BIP Coding Group" action="confirmed" date="1997-03-30"/>
  </code>
</codes>
<codes class="bip:topics:1.0">
  <code code="GCAT">
    <editdetail attribution="Reuters BIP Coding Group" action="confirmed" date="1997-03-30"/>
  </code>
  <code code="GSPO">
    <editdetail attribution="Reuters BIP Coding Group" action="confirmed" date="1997-03-30"/>
  </code>
</codes>
<dc element="dc.date.created" value="1997-03-30"/>
<dc element="dc.publisher" value="Reuters Holdings Plc"/>
<dc element="dc.date.published" value="1997-03-30"/>
<dc element="dc.source" value="Reuters"/>
<dc element="dc.creator.location" value="PARIS"/>
<dc element="dc.creator.location.country.name" value="FRANCE"/>
<dc element="dc.source" value="Reuters"/>
</metadata>
</newsitem>
