<?xml version="1.0" encoding="iso-8859-1" ?>
<newsitem itemid="475511" id="root" date="1997-03-30" xml:lang="en">
<title>SPAIN: SOCCER SHOWCASE-BARCELONA GRATEFUL FOR GOALKEEPING ERROR.</title>
<headline>SOCCER SHOWCASE-BARCELONA GRATEFUL FOR GOALKEEPING ERROR.</headline>
<byline>Richard Bastin</byline>
<dateline>VALENCIA, Spain 1997-03-30</dateline>
<text>
<p>A mistake by veteran international goalkeeper Andoni Zubizarreta helped Barcelona salvage a point from a thrilling Mediterranean derby with Valencia on Sunday,</p>
<p>Zubizarreta had denied his former team mates with a series of fine saves after Leandro had put Valencia ahead in the 42nd minute.</p>
<p>But he was at fault midway through the second half when he allowed a cross from Hristo Stoichkov to sail over his head, and the unmarked Ronaldo had no problems tapping in the equaliser.</p>
<p>The Brazilian's 24th goal of the season made up for several chances missed earlier in the game, two of them after he had broken through in a frantic opening five minutes.</p>
<p>Zubizarreta did well to stop one of those efforts, but as Valencia found their feet it was Barcelona keeper Vitor Baia who felt the pressure.</p>
<p>Portuguese international Baia had been flown in for the game in a specially-hired plane straight from Saturday's World Cup qualifier with Northern Ireland in Belfast.</p>
<p>He was kept on his toes and showed none of the sluggishness that had affected him the last time he had juggled club and international commitments.</p>
<p>Baia twice stopped efforts from winger Claudio Lopez, but could do nothing to prevent Leandro heading home Xabier Eskurza's cross from the left just before halftime.</p>
<p>Valencia went close to a second right after the break when Jorge Otero found Gabriel Moya unmarked on the left, and the former Sevilla striker forced a fine save out of Baia.</p>
<p>Although Valencia continued to look dangerous on the break it was Barcelona who took control in the second half, as Giovanni combined well with fellow midfielder Ivan de la Pena to create danger down the flanks.</p>
<p>Ronaldo's 70th minute goal came after Stoichkov found space down the left, and was able to clear a badly-positioned Zubizarreta.</p>
<p>&quot;It was more or less fair, it was a great game,&quot; said Barcelona coach Bobby Robson.</p>
<p>&quot;Because we're nine points behind Madrid people think it's a disappointing result, but as an isolated result it's good. Valencia is always a difficult game.&quot;</p>
<p>He rejected criticism of Ronaldo, who may have been affected by a slight leg injury.</p>
<p>&quot;I think the chances came very early,&quot; said the manager. &quot;It's very difficult to take a chance in the first two minutes and it can affect your confidence. So it was important for him to score in the second half.</p>
<p>&quot;Ronaldo is 20 and he's playing all the games, all the time. He got a goal, and was in a position to get others, and in that respect I'm happy,&quot; he added.</p>
<p>Valencia coach Jorge Valdano said his injury-hit squad had not been equal to the demands of the second half, but agreed that the result was fair.</p>
<p>Valdano said he had successfully disrupted the creativity of Barcelona playmaker Josep Guardiola, while acknowledging that he was not always happy at stopping skilful opponents</p>
<p>&quot;Watching players like Guardiola gives me great aesthetic pleasure,&quot; said the former Argentine international.</p>
<p>Valencia: 1-Andoni Zubizarreta, 3-Jorge Otero (6-Gaizka Mendieta 75), 8-Gabriel Moya, 9-Leandro, 12-Ivan Campo, 14-Jose Ignacio, 15-Francisco Ferreira, 16-Claudio Lopez (22-Jose Galvez 75), 20-Xabier Eskurza (17-Inaki Hurtado 68), 23-Vicente Engonga, 24-Fernando Caceres.</p>
<p>Barcelona: 1-Vitor Baia, 2-Albert Ferrer, 4-Josep Guardiola, 8-Hristo Stoichkov (17-Emmanuel Amunike 85), 9-Ronaldo, 10-Giovanni (16-Oscar Garcia 85h), 15-Laurent Blanc, 18-Guillermo Amor (19-Juan Pizzi 60), 20-Miguel Angel Nadal, 23-Ivan de la Pena, 27-Roger Garcia.</p>
</text>
<copyright>(c) Reuters Limited 1997</copyright>
<metadata>
<codes class="bip:countries:1.0">
  <code code="SPAIN">
    <editdetail attribution="Reuters BIP Coding Group" action="confirmed" date="1997-03-30"/>
  </code>
</codes>
<codes class="bip:topics:1.0">
  <code code="GCAT">
    <editdetail attribution="Reuters BIP Coding Group" action="confirmed" date="1997-03-30"/>
  </code>
  <code code="GSPO">
    <editdetail attribution="Reuters BIP Coding Group" action="confirmed" date="1997-03-30"/>
  </code>
</codes>
<dc element="dc.date.created" value="1997-03-30"/>
<dc element="dc.publisher" value="Reuters Holdings Plc"/>
<dc element="dc.date.published" value="1997-03-30"/>
<dc element="dc.source" value="Reuters"/>
<dc element="dc.creator.location" value="VALENCIA, Spain"/>
<dc element="dc.creator.location.country.name" value="SPAIN"/>
<dc element="dc.source" value="Reuters"/>
</metadata>
</newsitem>
