<?xml version="1.0" encoding="iso-8859-1" ?>
<newsitem itemid="475579" id="root" date="1997-03-30" xml:lang="en">
<title>LUXEMBOURG: SOCCER-ISRAEL BEAT LUXEMBOURG 5-0 IN UNDER-21 QUALIFIER.</title>
<headline>SOCCER-ISRAEL BEAT LUXEMBOURG 5-0 IN UNDER-21 QUALIFIER.</headline>
<dateline>LUXEMBOURG 1997-03-30</dateline>
<text>
<p>European under-21</p>
<p>championship group five result on Sunday:</p>
<p>Luxembourg 0 Israel 5</p>
<p>Scorers: Eli Abrabanel 45, 76, 90, Edan Tal 71, Hasan Manor,</p>
<p>pen 85.</p>
<p>Halftime 0-1. Attendance: 500.</p>
</text>
<copyright>(c) Reuters Limited 1997</copyright>
<metadata>
<codes class="bip:countries:1.0">
  <code code="ISRAEL">
    <editdetail attribution="Reuters BIP Coding Group" action="confirmed" date="1997-03-30"/>
  </code>
  <code code="LUX">
    <editdetail attribution="Reuters BIP Coding Group" action="confirmed" date="1997-03-30"/>
  </code>
</codes>
<codes class="bip:topics:1.0">
  <code code="GCAT">
    <editdetail attribution="Reuters BIP Coding Group" action="confirmed" date="1997-03-30"/>
  </code>
  <code code="GSPO">
    <editdetail attribution="Reuters BIP Coding Group" action="confirmed" date="1997-03-30"/>
  </code>
</codes>
<dc element="dc.date.created" value="1997-03-30"/>
<dc element="dc.publisher" value="Reuters Holdings Plc"/>
<dc element="dc.date.published" value="1997-03-30"/>
<dc element="dc.source" value="Reuters"/>
<dc element="dc.creator.location" value="LUXEMBOURG"/>
<dc element="dc.creator.location.country.name" value="LUXEMBOURG"/>
<dc element="dc.source" value="Reuters"/>
</metadata>
</newsitem>
