<?xml version="1.0" encoding="iso-8859-1" ?>
<newsitem itemid="475518" id="root" date="1997-03-30" xml:lang="en">
<title>INDIA: SOCCER-NEHRU GOLD CUP RESULT.</title>
<headline>SOCCER-NEHRU GOLD CUP RESULT.</headline>
<dateline>COCHIN, India 1997-03-30</dateline>
<text>
<p>Iraq beat China  2-0 (halftime 1-0) in the opening preliminary league match of the five-nation Nehru Gold Cup international soccer tournament on Sunday.</p>
<p>Scorers: Hayder Majeed 30, Alla Jabbar 60.</p>
</text>
<copyright>(c) Reuters Limited 1997</copyright>
<metadata>
<codes class="bip:countries:1.0">
  <code code="CHINA">
    <editdetail attribution="Reuters BIP Coding Group" action="confirmed" date="1997-03-30"/>
  </code>
  <code code="INDIA">
    <editdetail attribution="Reuters BIP Coding Group" action="confirmed" date="1997-03-30"/>
  </code>
  <code code="IRAQ">
    <editdetail attribution="Reuters BIP Coding Group" action="confirmed" date="1997-03-30"/>
  </code>
</codes>
<codes class="bip:topics:1.0">
  <code code="GCAT">
    <editdetail attribution="Reuters BIP Coding Group" action="confirmed" date="1997-03-30"/>
  </code>
  <code code="GSPO">
    <editdetail attribution="Reuters BIP Coding Group" action="confirmed" date="1997-03-30"/>
  </code>
</codes>
<dc element="dc.date.created" value="1997-03-30"/>
<dc element="dc.publisher" value="Reuters Holdings Plc"/>
<dc element="dc.date.published" value="1997-03-30"/>
<dc element="dc.source" value="Reuters"/>
<dc element="dc.creator.location" value="COCHIN, India"/>
<dc element="dc.creator.location.country.name" value="INDIA"/>
<dc element="dc.source" value="Reuters"/>
</metadata>
</newsitem>
