<?xml version="1.0" encoding="iso-8859-1" ?>
<newsitem itemid="475580" id="root" date="1997-03-30" xml:lang="en">
<title>MALTA: SOCCER-SLOVAKIA BEAT MALTA 6-0 IN UNDER-21 QUALIFIER.</title>
<headline>SOCCER-SLOVAKIA BEAT MALTA 6-0 IN UNDER-21 QUALIFIER.</headline>
<dateline>VALLETTA 1997-03-30</dateline>
<text>
<p>Slovakia beat Malta 6-0</p>
<p>(halftime 3-0) in a European under-21 soccer championship group</p>
<p>6 qualifier on Sunday.</p>
<p>Scorers: Szilard Nemeth 27, 29, 31, Robert Formanko 51,</p>
<p>Milan Jambor 58, 73.</p>
<p>    Standings	   P   W   D   L   F   A  Pts</p>
<p> Spain		    5   4   1   0   8   2  13</p>
<p> Slovakia		 3   2   1   0  10   1   7</p>
<p> Yugoslavia	     3   2   0   1   4   1   6</p>
<p> Czech Rebublic	 3   1   0   2   5   5   3</p>
<p> Malta		    6   0   0   6   0  18   0</p>
<p>Next match: Czech Republic v Yugoslavia, April 1.</p>
</text>
<copyright>(c) Reuters Limited 1997</copyright>
<metadata>
<codes class="bip:countries:1.0">
  <code code="ITALY">
    <editdetail attribution="Reuters BIP Coding Group" action="confirmed" date="1997-03-30"/>
  </code>
  <code code="MALTA">
    <editdetail attribution="Reuters BIP Coding Group" action="confirmed" date="1997-03-30"/>
  </code>
  <code code="SLVAK">
    <editdetail attribution="Reuters BIP Coding Group" action="confirmed" date="1997-03-30"/>
  </code>
</codes>
<codes class="bip:topics:1.0">
  <code code="GCAT">
    <editdetail attribution="Reuters BIP Coding Group" action="confirmed" date="1997-03-30"/>
  </code>
  <code code="GSPO">
    <editdetail attribution="Reuters BIP Coding Group" action="confirmed" date="1997-03-30"/>
  </code>
</codes>
<dc element="dc.date.created" value="1997-03-30"/>
<dc element="dc.publisher" value="Reuters Holdings Plc"/>
<dc element="dc.date.published" value="1997-03-30"/>
<dc element="dc.source" value="Reuters"/>
<dc element="dc.creator.location" value="VALLETTA"/>
<dc element="dc.creator.location.country.name" value="MALTA"/>
<dc element="dc.source" value="Reuters"/>
</metadata>
</newsitem>
