<?xml version="1.0" encoding="iso-8859-1" ?>
<newsitem itemid="475542" id="root" date="1997-03-30" xml:lang="en">
<title>ROMANIA: SOCCER-POPESCU SCORES FOUR IN ROMANIA BIGGEST WIN FOR 24 YEARS.</title>
<headline>SOCCER-POPESCU SCORES FOUR IN ROMANIA BIGGEST WIN FOR 24 YEARS.</headline>
<dateline>BUCHAREST 1997-03-29</dateline>
<text>
<p>Romania crushed the part-timers of Liechtenstein 8-0 in a World Cup group eight qualifier on Saturday with Barcelona midfielder Gheorghe Popescu leading the rout with four goals.</p>
<p>Gheorghe Hagi, Viorel Moldovan, Dan Petrescu and Gheorghe Craioveanu completed the scoring which maintained Romania's 100 per cent record in the group with four wins out of four matches played and a goal difference of 18-0.</p>
<p>Romania could easily have had more goals, going close on at least another eight occasions against their totally outclassed opponents who have now lost all five of their qualifiers with a goal tally of 2-29. At least this score was something of an improvement on their last outing which ended in an 11-1 loss to Macedonia.</p>
<p>In the end they failed to hit double figures but still chalked up their biggest win since beating Finland 9-0 in a World Cup qualifier in Bucharest almost 24 years ago.</p>
<p>Leichtenstein's cause was not helped by heavy rain and a muddy field. But Romania's team, comprising 11 overseas-based players, totally domintated proceedings to stay on course for a place in the finals in France next year.</p>
<p>Romania are unlikely to have things quite as much their own way on Wednesday when they face Lithuania but whatever happens then, the Romanians will stay top of the group as they go into that game five points clear of second-placed Ireland.</p>
</text>
<copyright>(c) Reuters Limited 1997</copyright>
<metadata>
<codes class="bip:countries:1.0">
  <code code="LIECHT">
    <editdetail attribution="Reuters BIP Coding Group" action="confirmed" date="1997-03-30"/>
  </code>
  <code code="ROM">
    <editdetail attribution="Reuters BIP Coding Group" action="confirmed" date="1997-03-30"/>
  </code>
</codes>
<codes class="bip:topics:1.0">
  <code code="GCAT">
    <editdetail attribution="Reuters BIP Coding Group" action="confirmed" date="1997-03-30"/>
  </code>
  <code code="GSPO">
    <editdetail attribution="Reuters BIP Coding Group" action="confirmed" date="1997-03-30"/>
  </code>
</codes>
<dc element="dc.date.created" value="1997-03-29"/>
<dc element="dc.publisher" value="Reuters Holdings Plc"/>
<dc element="dc.date.published" value="1997-03-30"/>
<dc element="dc.source" value="Reuters"/>
<dc element="dc.creator.location" value="BUCHAREST"/>
<dc element="dc.creator.location.country.name" value="ROMANIA"/>
<dc element="dc.source" value="Reuters"/>
</metadata>
</newsitem>
