<?xml version="1.0" encoding="iso-8859-1" ?>
<newsitem itemid="475598" id="root" date="1997-03-30" xml:lang="en">
<title>UK: Loyalist bomb found near Sinn Fein office.</title>
<headline>Loyalist bomb found near Sinn Fein office.</headline>
<dateline>BELFAST 1997-03-30</dateline>
<text>
<p>Police in Northern Ireland said on Sunday they had defused a bomb planted by pro-British Loyalists outside the Belfast offices of their ideological foes, the IRA's political wing, Sinn Fein.</p>
<p>Britain's Northern Ireland Secretary, Sir Patrick Mayhew, also blamed the incident on Loyalists, who have officially been observing a ceasefire since October 1994.  </p>
<p>The device was mounted in a car which was left near the offices of Sinn Fein, which seeks an end to British rule of Northern Ireland, in the New Lodge area of Belfast.</p>
<p>Loyalists, Protestants who pledge unswerving allegiance to British rule, called their truce to get their political spokesmen into Belfast peace talks.</p>
<p>The device was found as Irish republicans marked the 1916 Easter Rising against British rule in Ireland with parades and rallies across the island.</p>
</text>
<copyright>(c) Reuters Limited 1997</copyright>
<metadata>
<codes class="bip:countries:1.0">
  <code code="UK">
    <editdetail attribution="Reuters BIP Coding Group" action="confirmed" date="1997-03-30"/>
  </code>
</codes>
<codes class="bip:topics:1.0">
  <code code="GCAT">
    <editdetail attribution="Reuters BIP Coding Group" action="confirmed" date="1997-03-30"/>
  </code>
  <code code="GVIO">
    <editdetail attribution="Reuters BIP Coding Group" action="confirmed" date="1997-03-30"/>
  </code>
</codes>
<dc element="dc.date.created" value="1997-03-30"/>
<dc element="dc.publisher" value="Reuters Holdings Plc"/>
<dc element="dc.date.published" value="1997-03-30"/>
<dc element="dc.source" value="Reuters"/>
<dc element="dc.creator.location" value="BELFAST"/>
<dc element="dc.creator.location.country.name" value="UK"/>
<dc element="dc.source" value="Reuters"/>
</metadata>
</newsitem>
