<?xml version="1.0" encoding="iso-8859-1" ?>
<newsitem itemid="475550" id="root" date="1997-03-30" xml:lang="en">
<title>BARBADOS: CRICKET-INDIA 319 ALL OUT V WEST INDIES.</title>
<headline>CRICKET-INDIA 319 ALL OUT V WEST INDIES.</headline>
<dateline>BRIDGETOWN, Barbados 1997-03-30</dateline>
<text>
<p>India, replying to West Indies' first innings total of 298, were dismissed for 319 on the third day of the third test on Sunday.</p>
<p>Scores: West Indies 298 (S.Chanderpaul 137 not out; V. Prasad 5-82). India 319 (S.Tendulkar 92, R.Dravid 78; F.Rose 4-77).</p>
</text>
<copyright>(c) Reuters Limited 1997</copyright>
<metadata>
<codes class="bip:countries:1.0">
  <code code="BARB">
    <editdetail attribution="Reuters BIP Coding Group" action="confirmed" date="1997-03-30"/>
  </code>
  <code code="INDIA">
    <editdetail attribution="Reuters BIP Coding Group" action="confirmed" date="1997-03-30"/>
  </code>
  <code code="WEIND">
    <editdetail attribution="Reuters BIP Coding Group" action="confirmed" date="1997-03-30"/>
  </code>
</codes>
<codes class="bip:topics:1.0">
  <code code="GCAT">
    <editdetail attribution="Reuters BIP Coding Group" action="confirmed" date="1997-03-30"/>
  </code>
  <code code="GSPO">
    <editdetail attribution="Reuters BIP Coding Group" action="confirmed" date="1997-03-30"/>
  </code>
</codes>
<dc element="dc.date.created" value="1997-03-30"/>
<dc element="dc.publisher" value="Reuters Holdings Plc"/>
<dc element="dc.date.published" value="1997-03-30"/>
<dc element="dc.source" value="Reuters"/>
<dc element="dc.creator.location" value="BRIDGETOWN, Barbados"/>
<dc element="dc.creator.location.country.name" value="BARBADOS"/>
<dc element="dc.source" value="Reuters"/>
</metadata>
</newsitem>
