<?xml version="1.0" encoding="iso-8859-1" ?>
<newsitem itemid="475524" id="root" date="1997-03-30" xml:lang="en">
<title>FRANCE: CYCLING-SPANIARD GARCIA WINS CRITERIUM INTERNATIONAL.</title>
<headline>CYCLING-SPANIARD GARCIA WINS CRITERIUM INTERNATIONAL.</headline>
<dateline>CASTRES, France 1997-03-30</dateline>
<text>
<p>Unheralded Spaniard Marcelino Garcia surprised the favourites to win the Criterium International on Sunday.</p>
<p>As the top challengers watched each other closely in Sunday morning's 80 km mountain stage, ONCE team leader Laurent Jalabert of France asked Garcia to make a move.</p>
<p>The Oviedo rider responded by attacking at the start of the 12 km climb to the Pic de Nore and finished with a one minute lead over Jalabert and two other leading contenders, Italian Marco Pantani and France's Pascal Herve.</p>
<p>The advantage was more than enough for Garcia to remain overall leader after the eight km afternoon time trial won by fellow-Spaniard and ONCE team mate Aitor Garmendia.</p>
<p>Jalabert was second overall, ahead of compatriot Pascal Lino and Pantani.</p>
<p>Defending champion Chris Boardman of Britain lost over two minutes in the morning's climb, too much to make up in the short time trial.</p>
<p>&quot;I did not have any legs today. I'm far too off-form,&quot; said Boardman, who had only six days of racing under his belt before the weekend.</p>
<p>Boardman, the one-hour world record holder, was still good enough to snatch second place in the time trial, three seconds behind Garmendia.</p>
<p>Jalabert said he had lost too much strength in a bad crash at the end of last week's Milan-San Remo classic to be able to reclaim the Criterium crown he won in 1995.</p>
</text>
<copyright>(c) Reuters Limited 1997</copyright>
<metadata>
<codes class="bip:countries:1.0">
  <code code="FRA">
    <editdetail attribution="Reuters BIP Coding Group" action="confirmed" date="1997-03-30"/>
  </code>
  <code code="SPAIN">
    <editdetail attribution="Reuters BIP Coding Group" action="confirmed" date="1997-03-30"/>
  </code>
</codes>
<codes class="bip:topics:1.0">
  <code code="GCAT">
    <editdetail attribution="Reuters BIP Coding Group" action="confirmed" date="1997-03-30"/>
  </code>
  <code code="GSPO">
    <editdetail attribution="Reuters BIP Coding Group" action="confirmed" date="1997-03-30"/>
  </code>
</codes>
<dc element="dc.date.created" value="1997-03-30"/>
<dc element="dc.publisher" value="Reuters Holdings Plc"/>
<dc element="dc.date.published" value="1997-03-30"/>
<dc element="dc.source" value="Reuters"/>
<dc element="dc.creator.location" value="CASTRES, France"/>
<dc element="dc.creator.location.country.name" value="FRANCE"/>
<dc element="dc.source" value="Reuters"/>
</metadata>
</newsitem>
