<?xml version="1.0" encoding="iso-8859-1" ?>
<newsitem itemid="475698" id="root" date="1997-03-30" xml:lang="en">
<title>PHILIPPINES: Philippines sees FCDUs hitting record $20 bln.</title>
<headline>Philippines sees FCDUs hitting record $20 bln.</headline>
<dateline>MANILA 1997-03-30</dateline>
<text>
<p>Foreign currency deposit units (FCDU) held by the Philippine commercial banking system are expected to reach a record level of $20 billion by the end of this year, the Central Bank said.</p>
<p>A Central Bank statement on Saturday said FCDU deposits as of last March 14 stood at $15.425 billion, an increase of $5.17 billion from the year-ago level of $10.25 billion.</p>
<p>&quot;Given the rate of increase, the FCDU deposits could hit the $20 billion level by year-end,&quot; Bank Governor Gabriel Singson said.</p>
<p>Although not officially counted as part of the country's gross international reserves, FCDU deposits are considered a second layer of foreign reserves because most of these accounts are held by local exporters, officials say.</p>
<p>-- Manila newsroom 841 8913 Fax 817 6267</p>
</text>
<copyright>(c) Reuters Limited 1997</copyright>
<metadata>
<codes class="bip:countries:1.0">
  <code code="PHLNS">
    <editdetail attribution="Reuters BIP Coding Group" action="confirmed" date="1997-03-30"/>
  </code>
</codes>
<codes class="bip:topics:1.0">
  <code code="E51">
    <editdetail attribution="Reuters BIP Coding Group" action="confirmed" date="1997-03-30"/>
  </code>
  <code code="E513">
    <editdetail attribution="Reuters BIP Coding Group" action="confirmed" date="1997-03-30"/>
  </code>
  <code code="ECAT">
    <editdetail attribution="Reuters BIP Coding Group" action="confirmed" date="1997-03-30"/>
  </code>
</codes>
<dc element="dc.date.created" value="1997-03-30"/>
<dc element="dc.publisher" value="Reuters Holdings Plc"/>
<dc element="dc.date.published" value="1997-03-30"/>
<dc element="dc.source" value="Reuters"/>
<dc element="dc.creator.location" value="MANILA"/>
<dc element="dc.creator.location.country.name" value="PHILIPPINES"/>
<dc element="dc.source" value="Reuters"/>
</metadata>
</newsitem>
