<?xml version="1.0" encoding="iso-8859-1" ?>
<newsitem itemid="475609" id="root" date="1997-03-30" xml:lang="en">
<title>SUDAN: 10,000 displaced reach Juba in southern Sudan.</title>
<headline>10,000 displaced reach Juba in southern Sudan.</headline>
<dateline>KHARTOUM 1997-03-30</dateline>
<text>
<p>About 10,000 displaced Sudanese and Ugandan and Zairean refugees have taken refuge in the south Sudanese town of Juba from fighting between the Sudanese army and southern rebels, state radio said on Sunday.</p>
<p>The radio quoted Fath al-Rahman al-Gadi, the head of Sudan's Humanitarian Aid Commission as saying his department had allocated 1,000 tonnes of sorghum to feed the newcomers.</p>
<p>The rebel Sudan People's Liberation Army says it is advancing on Juba after capturing the towns of Yei to the southwest and Kajo-Kaji to the south.</p>
<p>Many of the 250,000 people in Juba, southern Sudan's largest town, are themselves displaced from earlier rounds of fighting.</p>
<p>A local member of parliament said last week that tens of thousands of Sudanese civilians had fled to Juba from surrounding areas including Yei.</p>
</text>
<copyright>(c) Reuters Limited 1997</copyright>
<metadata>
<codes class="bip:countries:1.0">
  <code code="SUDAN">
    <editdetail attribution="Reuters BIP Coding Group" action="confirmed" date="1997-03-30"/>
  </code>
  <code code="UGANDA">
    <editdetail attribution="Reuters BIP Coding Group" action="confirmed" date="1997-03-30"/>
  </code>
  <code code="ZAIRE">
    <editdetail attribution="Reuters BIP Coding Group" action="confirmed" date="1997-03-30"/>
  </code>
</codes>
<codes class="bip:topics:1.0">
  <code code="GCAT">
    <editdetail attribution="Reuters BIP Coding Group" action="confirmed" date="1997-03-30"/>
  </code>
  <code code="GVIO">
    <editdetail attribution="Reuters BIP Coding Group" action="confirmed" date="1997-03-30"/>
  </code>
</codes>
<dc element="dc.date.created" value="1997-03-30"/>
<dc element="dc.publisher" value="Reuters Holdings Plc"/>
<dc element="dc.date.published" value="1997-03-30"/>
<dc element="dc.source" value="Reuters"/>
<dc element="dc.creator.location" value="KHARTOUM"/>
<dc element="dc.creator.location.country.name" value="SUDAN"/>
<dc element="dc.source" value="Reuters"/>
</metadata>
</newsitem>
