<?xml version="1.0" encoding="iso-8859-1" ?>
<newsitem itemid="475645" id="root" date="1997-03-30" xml:lang="en">
<title>USA: Millennium Pharma, ChemGenics execs leave.</title>
<headline>Millennium Pharma, ChemGenics execs leave.</headline>
<dateline>CAMBRIDGE, Mass. 1997-03-30</dateline>
<text>
<p>Millennium Pharmaceuticals Inc said that Barry Berkowitz, chief executive officer at ChemGenics, will depart the company in June, 1997.</p>
<p>Millennium and ChemGenics Pharmaceuticals Inc merged in February. In the interim, Berkowitz will serve as a senior advisor to Millennium.</p>
<p>The company also said that it appointed Janet Bush, interim CFO at ChemGenics, to interim vice president of finance following the resignation of Harry Arader who served as chief financial officer at Millennium.</p>
</text>
<copyright>(c) Reuters Limited 1997</copyright>
<metadata>
<codes class="bip:countries:1.0">
  <code code="USA">
    <editdetail attribution="Reuters BIP Coding Group" action="confirmed" date="1997-03-30"/>
  </code>
</codes>
<codes class="bip:industries:1.0">
  <code code="I25700">
    <editdetail attribution="Reuters BIP Coding Group" action="confirmed" date="1997-03-30"/>
  </code>
</codes>
<codes class="bip:topics:1.0">
  <code code="C41">
    <editdetail attribution="Reuters BIP Coding Group" action="confirmed" date="1997-03-30"/>
  </code>
  <code code="C411">
    <editdetail attribution="Reuters BIP Coding Group" action="confirmed" date="1997-03-30"/>
  </code>
  <code code="CCAT">
    <editdetail attribution="Reuters BIP Coding Group" action="confirmed" date="1997-03-30"/>
  </code>
</codes>
<dc element="dc.date.created" value="1997-03-30"/>
<dc element="dc.publisher" value="Reuters Holdings Plc"/>
<dc element="dc.date.published" value="1997-03-30"/>
<dc element="dc.source" value="Reuters"/>
<dc element="dc.creator.location" value="CAMBRIDGE, Mass."/>
<dc element="dc.creator.location.country.name" value="USA"/>
<dc element="dc.source" value="Reuters"/>
</metadata>
</newsitem>
