<?xml version="1.0" encoding="iso-8859-1" ?>
<newsitem itemid="475669" id="root" date="1997-03-30" xml:lang="en">
<title>PAPUA NEW GUINEA: Peace returns to PNG, but fears linger over army role.</title>
<headline>Peace returns to PNG, but fears linger over army role.</headline>
<byline>Terry Friel</byline>
<dateline>PORT MORESBY 1997-03-30</dateline>
<text>
<p>A large, shining cross stands on a hill overlooking the army's Murray barracks in Port Moresby.</p>
<p>For many Papua New Guineans the cross, erected for the Christian holiday of Easter, has become a symbol of hope after this South Pacific nation weathered its worst political crisis in 22 years of independence.</p>
<p>Peace has returned to Port Moresby after Prime Minister Sir Julius Chan stepped down on Wednesday in the face of an army mutiny and angry street protests over his plan to use mercenaries to quell a rebellion on Bougainville island.</p>
<p>But the incident has raised fears about the future role of the 4,000-strong defence force in politics.</p>
<p>&quot;This is the first time in 22 years of our independence that the military has been involved in any political debate,&quot; said Post-Courier newspaper editor Oseah Philemon.</p>
<p>&quot;The precedent has been set. It could happen again.</p>
<p>&quot;We were lucky this time because (sacked defence force commander Brigadier-General) Jerry Singirok ... was able to contain the soldiers and they were loyal to him. It may not be the same in the future.</p>
<p>&quot;This is the worrying thing because some other commander in many years down the track will say well, they got close to doing it, perhaps we'll get a little further this time.&quot;</p>
<p>The crisis erupted when Singirok condemned Chan's plan to use mercenaries to quell the rebellion on Bougainville. Singirok demanded Chan step down and an inquiry into the awarding of the $36 million contract.</p>
<p>Chan sacked Singirok, but opposition to the deal sparked street protests and an army mutiny.</p>
<p>Other analysts, while concerned that the precedent of army involvement in politics had been set, were more optimistic.</p>
<p>&quot;I don't think there's any reason to be alarmist,&quot; said Jim Griffin emeritus professor of history at the University of PNG.</p>
<p>&quot;The military are not going to intervene on a month-by-month basis simply because they were able to intervene on this occasion,&quot; he told Reuters by phone from his home in Canberra.</p>
<p>Most analysts and politicians agree that Papua New Guinea's democratic institutions have survived for the time being and that parliament's supremacy was upheld.</p>
<p>&quot;The events of the last fortnight have clearly indicated that Papua New Guinea is not Africa,&quot; Griffin said.</p>
<p>The country's founding prime minister and a leader of the parliamentary push to oust Chan, Sir Michael Somare, said the political system had not been wrecked.</p>
<p>&quot;It proves Papua New Guinea's institutions work, rather than that they have failed,&quot; he told Reuters.</p>
<p>Vital to protecting the system was parliament's vote against a motion calling for Chan's ousting, while an angry mob that included armed soldiers rallied outside demanding he quit.</p>
<p>&quot;It was very important that the parliament not be seen giving into this kind (of action),&quot; a long-time PNG watcher told Reuters.</p>
<p>But many fear the root tensions behind this month's mutiny and popular uprising remain.</p>
<p>&quot;There is always the chance of this sort of thing happening as long as corruption remains a way of life in politics,&quot; said one Port Moresby-based diplomat.</p>
<p>&quot;And while the politicians get richer and the army continues to be treated appallingly -- problems with pay, food, housing that falls down around them -- a lot of ordinary soldiers are going to stay very, very angry.&quot;</p>
<p>Caretaker Prime Minister John Giheno, regarded as a competent but not outstanding leader, has pledged greater transparency in a bid to meet public concerns.</p>
<p>&quot;I think it's a general question (about) ... transparency in the government that forced the army and the public to go the way they did,&quot; he told Reuters. &quot;Whatever we do at the political level, we must improve that transparency.&quot;</p>
<p>Further clouding the future of this rugged nation of almost 4.5 million people is a national election scheduled for June.</p>
<p>The abolition of provincial government means a record number of candidates are expected to stand for national parliament.</p>
<p>With PNG's first-past-the-post voting system, that means candidates can be elected with only a fraction of the vote, injecting further uncertainty in the already fluid and unpredictable politics of this nation.</p>
<p>Only 55 of the 109 current parliamentarians won more than 20 percent of the vote in their electorate and nine were elected with less than 10 percent.</p>
<p>&quot;It's a chaotic democracy,&quot; said the PNG-watcher.</p>
<p>Like Chan's administration, the next government will be a coalition, but no one here is willing to predict its make-up.</p>
<p>Whatever the outcome of the poll, few regard Chan as politically dead, despite the crisis.</p>
<p>&quot;Julius will be back in the parliament. If he's back in the parliament, he's going to be an influential figure in some way,&quot; said the PNG watcher.</p>
</text>
<copyright>(c) Reuters Limited 1997</copyright>
<metadata>
<codes class="bip:countries:1.0">
  <code code="PAPNG">
    <editdetail attribution="Reuters BIP Coding Group" action="confirmed" date="1997-03-30"/>
  </code>
</codes>
<codes class="bip:topics:1.0">
  <code code="GCAT">
    <editdetail attribution="Reuters BIP Coding Group" action="confirmed" date="1997-03-30"/>
  </code>
  <code code="GDEF">
    <editdetail attribution="Reuters BIP Coding Group" action="confirmed" date="1997-03-30"/>
  </code>
  <code code="GPOL">
    <editdetail attribution="Reuters BIP Coding Group" action="confirmed" date="1997-03-30"/>
  </code>
  <code code="GVIO">
    <editdetail attribution="Reuters BIP Coding Group" action="confirmed" date="1997-03-30"/>
  </code>
</codes>
<dc element="dc.date.created" value="1997-03-30"/>
<dc element="dc.publisher" value="Reuters Holdings Plc"/>
<dc element="dc.date.published" value="1997-03-30"/>
<dc element="dc.source" value="Reuters"/>
<dc element="dc.creator.location" value="PORT MORESBY"/>
<dc element="dc.creator.location.country.name" value="PAPUA NEW GUINEA"/>
<dc element="dc.source" value="Reuters"/>
</metadata>
</newsitem>
