<?xml version="1.0" encoding="iso-8859-1" ?>
<newsitem itemid="475673" id="root" date="1997-03-30" xml:lang="en">
<title>VIETNAM: Thai premier seeks to boost ties with Vietnam.</title>
<headline>Thai premier seeks to boost ties with Vietnam.</headline>
<dateline>HANOI 1997-03-30</dateline>
<text>
<p>Visiting Thai Prime Minister Chavalit Yongchaiyudh pledged closer economic ties with Vietnam on Sunday as well as efforts to iron out long-standing differences over maritime boundaries and fishing rights.</p>
<p>Chavalit, whose official visit began in Hanoi with a ceremonial welcome and a downpour of rain, later held talks with Prime Minister Vo Van Kiet and Communist Party Secretary General Do Muoi.</p>
<p>Thai diplomats said the issue of competing claims in the Gulf of Thailand, where the Thai and Vietnamese continental shelves overlap for about 6,000 sq km (2.300 sq miles), was only mentioned briefly, as was the possibility of shared fishing rights.</p>
<p>However, Chavalit's 24-hour visit was aimed at paving the way for joint meetings in May on those and other bilateral issues.</p>
<p>Fishermen from the two countries have sometimes clashed or been detained in the past. However, no fishermen are currently being held on either side.</p>
<p>Chavalit, on his third official visit to the communist country but his first as prime minister, told the Vietnam News Agency (VNA) last week that maritime sovereignty disputes were &quot;a minor irritant&quot; in overall good relations.</p>
<p>He told a news conference later that trade and investment ties were important, not just for the bilateral benefits but also for the Association of Southeast Asian Nations (ASEAN).</p>
<p>VNA said trade between the two ASEAN countries rose by $100 million in 1996 to $610 million and was expected to reach the $1-billion-dollar mark this year. Thailand ranks 19th among foreign investors in Vietnam, committing about $1.2 billion for 74 projects.</p>
<p>Chavalit said Kiet had agreed to ease the way for Thailand to open more bank branches in Vietnam and the two sides agreed to increase the number of flights between Bangkok and Ho Chi Minh City from seven a week to nine.</p>
<p>Asked how he stood on the row between Hanoi and Beijing over Chinese drilling for oil in a South China Sea area that both countries claim, Chavalit said it was not for Thailand to judge.</p>
<p>&quot;ASEAN countries want to see settlement of the dispute in a peaceful way,&quot; he said. &quot;Right or wrong it's not for Thailand to judge.&quot;</p>
<p>Chavalit is due to visit China on Tuesday.</p>
</text>
<copyright>(c) Reuters Limited 1997</copyright>
<metadata>
<codes class="bip:countries:1.0">
  <code code="THAIL">
    <editdetail attribution="Reuters BIP Coding Group" action="confirmed" date="1997-03-30"/>
  </code>
  <code code="VIETN">
    <editdetail attribution="Reuters BIP Coding Group" action="confirmed" date="1997-03-30"/>
  </code>
</codes>
<codes class="bip:topics:1.0">
  <code code="E51">
    <editdetail attribution="Reuters BIP Coding Group" action="confirmed" date="1997-03-30"/>
  </code>
  <code code="E512">
    <editdetail attribution="Reuters BIP Coding Group" action="confirmed" date="1997-03-30"/>
  </code>
  <code code="ECAT">
    <editdetail attribution="Reuters BIP Coding Group" action="confirmed" date="1997-03-30"/>
  </code>
  <code code="GCAT">
    <editdetail attribution="Reuters BIP Coding Group" action="confirmed" date="1997-03-30"/>
  </code>
  <code code="GDIP">
    <editdetail attribution="Reuters BIP Coding Group" action="confirmed" date="1997-03-30"/>
  </code>
</codes>
<dc element="dc.date.created" value="1997-03-30"/>
<dc element="dc.publisher" value="Reuters Holdings Plc"/>
<dc element="dc.date.published" value="1997-03-30"/>
<dc element="dc.source" value="Reuters"/>
<dc element="dc.creator.location" value="HANOI"/>
<dc element="dc.creator.location.country.name" value="VIETNAM"/>
<dc element="dc.source" value="Reuters"/>
</metadata>
</newsitem>
