<?xml version="1.0" encoding="iso-8859-1" ?>
<newsitem itemid="475629" id="root" date="1997-03-30" xml:lang="en">
<title>ALBANIA: Albanian parliament approves Italian-led force.</title>
<headline>Albanian parliament approves Italian-led force.</headline>
<dateline>TIRANA 1997-03-30</dateline>
<text>
<p>The Albanian parliament voted on Sunday to approve deployment of an Italian-led multinational security force to protect humanitarian relief operations in the lawless Balkan country.</p>
<p>The parliament, dominated by President Sali Berisha's Democratic Party, voted 97 to 1 to pass the law approving the U.N.-approved multinational force. Italy hopes to start sending security forces to Albania over the next two weeks.  </p>
<p>Foreign Minister Arjan Starova told the parliament it was essential that the multinational force be approved and deployed quickly to oversee relief operations and help stabilise the country.</p>
<p>Albania has been racked by violence since January when a number of fraudulent savings schemes collapsed and wiped out millions of dollars. The south then staged a popular uprising against Berisha and remains largely out of government control.</p>
<p>Starova also blamed Italy for the sinking of an illegal Albanian refugee boat on Friday, saying about 79 people were still missing after the accident. An Italian navy corvette was trying to block the refugee boat from entering Italian waters.</p>
</text>
<copyright>(c) Reuters Limited 1997</copyright>
<metadata>
<codes class="bip:countries:1.0">
  <code code="ALB">
    <editdetail attribution="Reuters BIP Coding Group" action="confirmed" date="1997-03-30"/>
  </code>
  <code code="ITALY">
    <editdetail attribution="Reuters BIP Coding Group" action="confirmed" date="1997-03-30"/>
  </code>
  <code code="UN">
    <editdetail attribution="Reuters BIP Coding Group" action="confirmed" date="1997-03-30"/>
  </code>
</codes>
<codes class="bip:topics:1.0">
  <code code="E51">
    <editdetail attribution="Reuters BIP Coding Group" action="confirmed" date="1997-03-30"/>
  </code>
  <code code="ECAT">
    <editdetail attribution="Reuters BIP Coding Group" action="confirmed" date="1997-03-30"/>
  </code>
  <code code="GCAT">
    <editdetail attribution="Reuters BIP Coding Group" action="confirmed" date="1997-03-30"/>
  </code>
  <code code="GDIP">
    <editdetail attribution="Reuters BIP Coding Group" action="confirmed" date="1997-03-30"/>
  </code>
  <code code="GPOL">
    <editdetail attribution="Reuters BIP Coding Group" action="confirmed" date="1997-03-30"/>
  </code>
  <code code="GVIO">
    <editdetail attribution="Reuters BIP Coding Group" action="confirmed" date="1997-03-30"/>
  </code>
</codes>
<dc element="dc.date.created" value="1997-03-30"/>
<dc element="dc.publisher" value="Reuters Holdings Plc"/>
<dc element="dc.date.published" value="1997-03-30"/>
<dc element="dc.source" value="Reuters"/>
<dc element="dc.creator.location" value="TIRANA"/>
<dc element="dc.creator.location.country.name" value="ALBANIA"/>
<dc element="dc.source" value="Reuters"/>
</metadata>
</newsitem>
