<?xml version="1.0" encoding="iso-8859-1" ?>
<newsitem itemid="475690" id="root" date="1997-03-30" xml:lang="en">
<title>CHINA: China huge opportunity for firms - Australian PM.</title>
<headline>China huge opportunity for firms - Australian PM.</headline>
<dateline>SHANGHAI 1997-03-30</dateline>
<text>
<p>China's rapid economic growth presented Australian firms with a huge opportunity, Australian Prime Minister John Howard said on Sunday, adding that he aimed to boost bilateral commercial ties to a new level.</p>
<p>Howard, visiting China's financial centre at the start of a four-day visit to China, attended a contract signing by an Australian company Sigtec for the provision of a computer taxi booking system to a Shanghai taxi firm.</p>
<p>&quot;What we've just seen is a good example that you don't have to be (major Australian firm) BHP to succeed in China,&quot; Howard told reporters after the signing.</p>
<p>&quot;It's another illustration that lively, innovative and expansionist small businesses can also do very well in a big market such as China,&quot; he added.</p>
<p>He later told a business lunch that when he meets Chinese leaders in Beijing on Monday he would be mainly aiming to boost commercial ties.</p>
<p>&quot;I want to discuss with (Chinese leaders) how our economic cooperation might be lifted to a new level,&quot; he said. &quot;In doing so we need to build on the trust and knowledge that our respective business communities have built up over the years.&quot;</p>
<p>&quot;The growth and increased openness of the Chinese economy present enormous opportunities for Australians,&quot; Howard added, pointing out that in recent years Australian exports to China had grown twice as fast as the country's overall exports.</p>
<p>He said he also wanted to encourage China to invest more in Australia, already one of the top destinations for Chinese investment funds.</p>
<p>Howard, who arrived in Shanghai on Friday, was due to travel on Beijing on Sunday evening.</p>
</text>
<copyright>(c) Reuters Limited 1997</copyright>
<metadata>
<codes class="bip:countries:1.0">
  <code code="AUSTR">
    <editdetail attribution="Reuters BIP Coding Group" action="confirmed" date="1997-03-30"/>
  </code>
  <code code="CHINA">
    <editdetail attribution="Reuters BIP Coding Group" action="confirmed" date="1997-03-30"/>
  </code>
</codes>
<codes class="bip:topics:1.0">
  <code code="E51">
    <editdetail attribution="Reuters BIP Coding Group" action="confirmed" date="1997-03-30"/>
  </code>
  <code code="E512">
    <editdetail attribution="Reuters BIP Coding Group" action="confirmed" date="1997-03-30"/>
  </code>
  <code code="ECAT">
    <editdetail attribution="Reuters BIP Coding Group" action="confirmed" date="1997-03-30"/>
  </code>
  <code code="GCAT">
    <editdetail attribution="Reuters BIP Coding Group" action="confirmed" date="1997-03-30"/>
  </code>
  <code code="GDIP">
    <editdetail attribution="Reuters BIP Coding Group" action="confirmed" date="1997-03-30"/>
  </code>
</codes>
<dc element="dc.date.created" value="1997-03-30"/>
<dc element="dc.publisher" value="Reuters Holdings Plc"/>
<dc element="dc.date.published" value="1997-03-30"/>
<dc element="dc.source" value="Reuters"/>
<dc element="dc.creator.location" value="SHANGHAI"/>
<dc element="dc.creator.location.country.name" value="CHINA"/>
<dc element="dc.source" value="Reuters"/>
</metadata>
</newsitem>
