<?xml version="1.0" encoding="iso-8859-1" ?>
<newsitem itemid="475695" id="root" date="1997-03-30" xml:lang="en">
<title>THAILAND: Thai feedmills to ask lifting of soymeal tariff.</title>
<headline>Thai feedmills to ask lifting of soymeal tariff.</headline>
<dateline>BANGKOK 1997-03-30</dateline>
<text>
<p>Thai animal feed producers will soon ask the government to remove 10 percent import tariff on soymeal, an industry source said on Sunday.</p>
<p>The source told Reuters that the cost of animal feed production has risen since late last year after a surge in soymeal prices and the tariff has added to the burden passed to consumers.</p>
<p>&quot;Since the consumption of imported soymeal has risen sharply due to high demand in the feed industry, the government should consider removing the import tariff. We will make the request soon,&quot; said the source who is a member of Thai Feedmills Association.</p>
<p>The industry estimated that soymeal imports this year will reach one million tonnes compared with 828,337 tonnes last year. The domestic output of soybean for 1997/98 crop year (April-March) is expected to be around 383,623 tonnes, far below the demand in both oil crushing and animal feed production industry.</p>
</text>
<copyright>(c) Reuters Limited 1997</copyright>
<metadata>
<codes class="bip:countries:1.0">
  <code code="THAIL">
    <editdetail attribution="Reuters BIP Coding Group" action="confirmed" date="1997-03-30"/>
  </code>
</codes>
<codes class="bip:industries:1.0">
  <code code="I01002">
    <editdetail attribution="Reuters BIP Coding Group" action="confirmed" date="1997-03-30"/>
  </code>
  <code code="I0100223">
    <editdetail attribution="Reuters BIP Coding Group" action="confirmed" date="1997-03-30"/>
  </code>
  <code code="I42210">
    <editdetail attribution="Reuters BIP Coding Group" action="confirmed" date="1997-03-30"/>
  </code>
</codes>
<codes class="bip:topics:1.0">
  <code code="C13">
    <editdetail attribution="Reuters BIP Coding Group" action="confirmed" date="1997-03-30"/>
  </code>
  <code code="C31">
    <editdetail attribution="Reuters BIP Coding Group" action="confirmed" date="1997-03-30"/>
  </code>
  <code code="C311">
    <editdetail attribution="Reuters BIP Coding Group" action="confirmed" date="1997-03-30"/>
  </code>
  <code code="CCAT">
    <editdetail attribution="Reuters BIP Coding Group" action="confirmed" date="1997-03-30"/>
  </code>
</codes>
<dc element="dc.date.created" value="1997-03-30"/>
<dc element="dc.publisher" value="Reuters Holdings Plc"/>
<dc element="dc.date.published" value="1997-03-30"/>
<dc element="dc.source" value="Reuters"/>
<dc element="dc.creator.location" value="BANGKOK"/>
<dc element="dc.creator.location.country.name" value="THAILAND"/>
<dc element="dc.source" value="Reuters"/>
</metadata>
</newsitem>
