<?xml version="1.0" encoding="iso-8859-1" ?>
<newsitem itemid="475612" id="root" date="1997-03-30" xml:lang="en">
<title>NIGERIA: PRESS DIGEST - Nigeria - March 30.</title>
<headline>PRESS DIGEST - Nigeria - March 30.</headline>
<dateline>LAGOS 1997-03-30</dateline>
<text>
<p>These are significant stories in the Nigerian press on Sunday. Reuters has not verified these stories and does not vouch for their accuracy.</p>
<p>SUNDAY TIMES</p>
<p>- Peace returns to midwestern oil town of Warri after riots last week over local government changes; protesters occupied Royal Dutch's Shell installations in nearby swamps and held hostage 127 Nigerian workers for five days.</p>
<p>- Military government sets up panel to audit accounts of state oil company NNPC's London office, which was closed down last week</p>
<p>- The 7th Organisation of African Unity (OAU) trade and tourism fair opened on Saturday in Kaduna, northern Nigeria, with eight African countries in attendance.</p>
<p>THE GUARDIAN</p>
<p>- At least 4,000 staff of 27 failed banks will be thrown out of work from Tuesday, government deadline for banks to recapitalise or face liquidation.</p>
<p>- Fuel shortages linger in Nigeria's commercial capital Lagos after two weeks. Travellers face bleak Easter.</p>
<p>- National Intergrated Survey of Household (NISH) shows that about 66 percent of Nigerian homes are not supplied with electricity by the state power company.</p>
<p>THISDAY</p>
<p>- Olubunmi Okogie, Roman Catholic archbishop of Lagos, urges the military authorities in an Easter message to release all political detainees.</p>
<p>($1=85 naira)</p>
<p>-- Lagos newsroom +234 1 2630317</p>
</text>
<copyright>(c) Reuters Limited 1997</copyright>
<metadata>
<codes class="bip:countries:1.0">
  <code code="NIGEA">
    <editdetail attribution="Reuters BIP Coding Group" action="confirmed" date="1997-03-30"/>
  </code>
</codes>
<codes class="bip:topics:1.0">
  <code code="GCAT">
    <editdetail attribution="Reuters BIP Coding Group" action="confirmed" date="1997-03-30"/>
  </code>
</codes>
<dc element="dc.date.created" value="1997-03-30"/>
<dc element="dc.publisher" value="Reuters Holdings Plc"/>
<dc element="dc.date.published" value="1997-03-30"/>
<dc element="dc.source" value="Reuters"/>
<dc element="dc.creator.location" value="LAGOS"/>
<dc element="dc.creator.location.country.name" value="NIGERIA"/>
<dc element="dc.source" value="Reuters"/>
</metadata>
</newsitem>
