<?xml version="1.0" encoding="iso-8859-1" ?>
<newsitem itemid="475649" id="root" date="1997-03-30" xml:lang="en">
<title>USA: Byron Preiss Multimedia Q4 shr loss widens.</title>
<headline>Byron Preiss Multimedia Q4 shr loss widens.</headline>
<dateline>NEW YORK 1997-03-28</dateline>
<text>
<p>Byron Preiss Multimedia Co Inc</p>
<p>			For the Three Months Ended</p>
<p>				December 31,</p>
<p>							1996	    1995</p>
<p> NET REVENUES			     $3,667,781     $3,457,517</p>
<p> GROSS (LOSS)/PROFIT		     (312,375)	  961,198</p>
<p> NET LOSS FROM OPERATIONS	    (1,059,245)	(622,735)</p>
<p> NET LOSS				  (1,045,226)	(542,280)</p>
<p> NET LOSS PER WEIGHTED AVERAGE</p>
<p>  SHARES OUTSTANDING			  (0.25)	   (0.13)</p>
<p> WEIGHTED AVERAGE NUMBER</p>
<p>  SHARES OUTSTANDING		     4,261,875	4,261,875</p>
<p>		     For the Twelve Months Ended</p>
<p>				December 31,</p>
<p>							1996	    1995</p>
<p> NET REVENUES			     $6,891,305     $6,314,501</p>
<p> GROSS (LOSS)/PROFIT			(57,732)	1,873,582</p>
<p> NET LOSS FROM OPERATIONS	    (3,692,794)    (1,875,070)</p>
<p> NET LOSS				  (3,559,867)    (1,541,884)</p>
<p> NET LOSS PER WEIGHTED AVERAGE</p>
<p>  SHARES OUTSTANDING			  (0.84)	   (0.38)</p>
<p> WEIGHTED AVERAGE NUMBER</p>
<p>  SHARES OUTSTANDING		     4,261,875	4,072,718</p>
</text>
<copyright>(c) Reuters Limited 1997</copyright>
<metadata>
<codes class="bip:countries:1.0">
  <code code="USA">
    <editdetail attribution="Reuters BIP Coding Group" action="confirmed" date="1997-03-30"/>
  </code>
</codes>
<codes class="bip:industries:1.0">
  <code code="I83940">
    <editdetail attribution="Reuters BIP Coding Group" action="confirmed" date="1997-03-30"/>
  </code>
</codes>
<codes class="bip:topics:1.0">
  <code code="C15">
    <editdetail attribution="Reuters BIP Coding Group" action="confirmed" date="1997-03-30"/>
  </code>
  <code code="C151">
    <editdetail attribution="Reuters BIP Coding Group" action="confirmed" date="1997-03-30"/>
  </code>
  <code code="C1511">
    <editdetail attribution="Reuters BIP Coding Group" action="confirmed" date="1997-03-30"/>
  </code>
  <code code="CCAT">
    <editdetail attribution="Reuters BIP Coding Group" action="confirmed" date="1997-03-30"/>
  </code>
</codes>
<dc element="dc.date.created" value="1997-03-28"/>
<dc element="dc.publisher" value="Reuters Holdings Plc"/>
<dc element="dc.date.published" value="1997-03-30"/>
<dc element="dc.source" value="Reuters"/>
<dc element="dc.creator.location" value="NEW YORK"/>
<dc element="dc.creator.location.country.name" value="USA"/>
<dc element="dc.source" value="Reuters"/>
</metadata>
</newsitem>
