<?xml version="1.0" encoding="iso-8859-1" ?>
<newsitem itemid="475680" id="root" date="1997-03-30" xml:lang="en">
<title>JAPAN: RESEARCH ALERT - Yoshinoya raised.</title>
<headline>RESEARCH ALERT - Yoshinoya raised.</headline>
<dateline>TOKYO 1996-03-31</dateline>
<text>
<p>Yamaichi Research Institute of Securities and Economics Inc said it upgraded Yoshinoya D&amp;C Co Ltd to a &quot;1&quot; from its previous &quot;2&quot;.</p>
<p>In its three-grade rating system, the research institute assigns a &quot;1&quot; rating to issues whose values it expects will outperform the Tokyo Stock Exchange first-section TOPIX index by more than 10 percentage points over the following six months.</p>
</text>
<copyright>(c) Reuters Limited 1997</copyright>
<metadata>
<codes class="bip:countries:1.0">
  <code code="JAP">
    <editdetail attribution="Reuters BIP Coding Group" action="confirmed" date="1997-03-30"/>
  </code>
</codes>
<codes class="bip:industries:1.0">
  <code code="I66100">
    <editdetail attribution="Reuters BIP Coding Group" action="confirmed" date="1997-03-30"/>
  </code>
</codes>
<codes class="bip:topics:1.0">
  <code code="C15">
    <editdetail attribution="Reuters BIP Coding Group" action="confirmed" date="1997-03-30"/>
  </code>
  <code code="C152">
    <editdetail attribution="Reuters BIP Coding Group" action="confirmed" date="1997-03-30"/>
  </code>
  <code code="CCAT">
    <editdetail attribution="Reuters BIP Coding Group" action="confirmed" date="1997-03-30"/>
  </code>
</codes>
<dc element="dc.date.created" value="1996-03-31"/>
<dc element="dc.publisher" value="Reuters Holdings Plc"/>
<dc element="dc.date.published" value="1997-03-30"/>
<dc element="dc.source" value="Reuters"/>
<dc element="dc.creator.location" value="TOKYO"/>
<dc element="dc.creator.location.country.name" value="JAPAN"/>
<dc element="dc.source" value="Reuters"/>
</metadata>
</newsitem>
