<?xml version="1.0" encoding="iso-8859-1" ?>
<newsitem itemid="475670" id="root" date="1997-03-30" xml:lang="en">
<title>PAPUA NEW GUINEA: Papua New Guinea's leader prays for unity.</title>
<headline>Papua New Guinea's leader prays for unity.</headline>
<byline>Terry Friel</byline>
<dateline>PORT MORESBY 1997-03-30</dateline>
<text>
<p>Papua New Guinea's new leader on Sunday pleaded for unity among his people as the South Pacific nation returns to calm after weathering its worst political crisis in 22 years of independence.</p>
<p>Caretaker Prime Minister John Giheno said in a public message on Easter that his country must learn from the recent crisis, which forced Prime Minister Sir Julius Chan out of office after mutinous troops blockaded parliament.</p>
<p>&quot;My plea to all leaders at all levels of government and public office holders is that we cannot take for granted the events of the past few days and let these slip by to memory lane,&quot; he said.</p>
<p>&quot;The experiences should now make us uphold integrity of office.</p>
<p>&quot;We hope and pray that God gives us the wisdom to exercise our powers with dignity.&quot;</p>
<p>Giheno on Saturday declared his confidence in the loyalty of the military, but said it would take time to repair the damaged relations between the army and the government.</p>
<p>&quot;We have every confidence in the military for them to do the right thing,&quot; Giheno, who was sworn in on Thursday, told Reuters.</p>
<p>&quot;I will try to ease the situation as fast as possible to restore (good relations).&quot;</p>
<p>The crisis erupted earlier this month when military chief Brigadier-General Jerry Singirok condemned Chan's plan to use mercenaries to quell a secessionist rebellion on Bougainville island.</p>
<p>Singirok demanded Chan's ousting and an inquiry into the awarding of the $36 million mercenary contract.</p>
<p>Chan sacked Singirok, but opposition to the deal sparked 10 days of turmoil in which thousands protested in the streets and members of the army mutinied.</p>
<p>An Australian newspaper on Sunday reported mercenary leader retired British Colonel Tim Spicer will accuse senior government officials of skimming millions of dollars from the mercenary deal when he gives evidence before the inquiry, due to begin on Tuesday.</p>
<p>The Melbourne-based Herald Sun, quoting sources, said Spicer was preparing evidence that pointed to millions in cash being skimmed.</p>
<p>Spicer is being held in Papua New Guinea for trial next month on two illegal firearms charges. The remaining 70 mercenaries have left the country.</p>
<p>Chan stepped aside on Wednesday, pending the outcome of the inquiry, in a bid to defuse the volatile situation.</p>
<p>But because he did not resign Chan can resume power if the inquiry clears him before the regular national election in June, although most analysts say there is not enough time.</p>
<p>Giheno has described the soldiers' actions as mutiny and said they should be charged. But he said the cabinet would decide, possibly next week, if the troops should be prosecuted or pardoned in line with a request by Singirok.</p>
<p>The cabinet will also consider what to do with a planeload of weapons and equipment seized by Australia at Port Moresby's request.</p>
<p>Giheno said some of the helicopters and weapons destined for the mercenary operation may be given to the ill-equipped police and the rest could be sold.</p>
<p>&quot;It will be up to cabinet to decide,&quot; he said.</p>
</text>
<copyright>(c) Reuters Limited 1997</copyright>
<metadata>
<codes class="bip:countries:1.0">
  <code code="PAPNG">
    <editdetail attribution="Reuters BIP Coding Group" action="confirmed" date="1997-03-30"/>
  </code>
</codes>
<codes class="bip:topics:1.0">
  <code code="GCAT">
    <editdetail attribution="Reuters BIP Coding Group" action="confirmed" date="1997-03-30"/>
  </code>
  <code code="GPOL">
    <editdetail attribution="Reuters BIP Coding Group" action="confirmed" date="1997-03-30"/>
  </code>
  <code code="GVIO">
    <editdetail attribution="Reuters BIP Coding Group" action="confirmed" date="1997-03-30"/>
  </code>
</codes>
<dc element="dc.date.created" value="1997-03-30"/>
<dc element="dc.publisher" value="Reuters Holdings Plc"/>
<dc element="dc.date.published" value="1997-03-30"/>
<dc element="dc.source" value="Reuters"/>
<dc element="dc.creator.location" value="PORT MORESBY"/>
<dc element="dc.creator.location.country.name" value="PAPUA NEW GUINEA"/>
<dc element="dc.source" value="Reuters"/>
</metadata>
</newsitem>
