<?xml version="1.0" encoding="iso-8859-1" ?>
<newsitem itemid="475652" id="root" date="1997-03-30" xml:lang="en">
<title>USA: Danskin Inc Q4 net loss narrows.</title>
<headline>Danskin Inc Q4 net loss narrows.</headline>
<dateline>NEW YORK 1997-03-30</dateline>
<text>
<p>(in thousands)</p>
<p>			     Three Months	     Twelve Months</p>
<p>				  Ended			 Ended</p>
<p>			 12/28/96    12/30/95    12/28/96  12/30/95</p>
<p>Net revenues</p>
<p>  Danskin	     $ 19,996   $ 17,473    $ 80,608  $ 76,337</p>
<p>  Pennaco		 12,247     13,087	47,537    49,601</p>
<p> Total		    32,243     30,560     128,145   125,938</p>
<p>Operating income</p>
<p>  (loss)		     647    (1,065)	 2,509	(75)</p>
<p> Non recurring items	 0	1,100	     0     3,598</p>
<p> Net loss		(3,018)    (3,424)     (4,989)   (8,596)</p>
<p>Preferred stock</p>
<p>  dividends		  125	    0	   202	   0</p>
<p>Net loss applicable</p>
<p>  to common stock   ( 3,143)   ( 3,424)    ( 5,191)  ( 8,596)</p>
<p>Primary loss per</p>
<p>  common share	 ( 0.52)    ( 0.58)     ( 0.86)   ( 1.45)</p>
<p>Primary weighted average</p>
<p>  common share	   6,045	5,921	 6,011     5,921</p>
</text>
<copyright>(c) Reuters Limited 1997</copyright>
<metadata>
<codes class="bip:countries:1.0">
  <code code="USA">
    <editdetail attribution="Reuters BIP Coding Group" action="confirmed" date="1997-03-30"/>
  </code>
</codes>
<codes class="bip:industries:1.0">
  <code code="I45300">
    <editdetail attribution="Reuters BIP Coding Group" action="confirmed" date="1997-03-30"/>
  </code>
</codes>
<codes class="bip:topics:1.0">
  <code code="C15">
    <editdetail attribution="Reuters BIP Coding Group" action="confirmed" date="1997-03-30"/>
  </code>
  <code code="C151">
    <editdetail attribution="Reuters BIP Coding Group" action="confirmed" date="1997-03-30"/>
  </code>
  <code code="C1511">
    <editdetail attribution="Reuters BIP Coding Group" action="confirmed" date="1997-03-30"/>
  </code>
  <code code="CCAT">
    <editdetail attribution="Reuters BIP Coding Group" action="confirmed" date="1997-03-30"/>
  </code>
</codes>
<dc element="dc.date.created" value="1997-03-30"/>
<dc element="dc.publisher" value="Reuters Holdings Plc"/>
<dc element="dc.date.published" value="1997-03-30"/>
<dc element="dc.source" value="Reuters"/>
<dc element="dc.creator.location" value="NEW YORK"/>
<dc element="dc.creator.location.country.name" value="USA"/>
<dc element="dc.source" value="Reuters"/>
</metadata>
</newsitem>
