<?xml version="1.0" encoding="iso-8859-1" ?>
<newsitem itemid="475617" id="root" date="1997-03-30" xml:lang="en">
<title>MADAGASCAR: Madagascar marks anniversary of anti-colonial rising.</title>
<headline>Madagascar marks anniversary of anti-colonial rising.</headline>
<dateline>ANTANANARIVO 1997-03-30</dateline>
<text>
<p>Madagascar at the weekend marked the 50th anniversary of the 1947 rising against French colonisation in which more than 90,000 died.</p>
<p>The anniversary was marked throughout the Indian Ocean island republic.</p>
<p>In Antananarivo, President Didier Ratsiraka led the ceremonies on Saturday at the national mausoleum.</p>
<p>The ceremony had special significance at Moramanga, a small town 110 km (70 miles) west of Antananarivo, where the rebellion started in March 1947. About 4,000 survivors of the revolt attended.</p>
<p>Researchers are pressing France to open up its archives on the 1947 rising, which have so far remained secret.</p>
<p>France established a protectorate in Madagascar in 1885, and the island became a French colony in 1896. It became an independent republic in June 1960.</p>
</text>
<copyright>(c) Reuters Limited 1997</copyright>
<metadata>
<codes class="bip:countries:1.0">
  <code code="MALAG">
    <editdetail attribution="Reuters BIP Coding Group" action="confirmed" date="1997-03-30"/>
  </code>
</codes>
<codes class="bip:topics:1.0">
  <code code="GCAT">
    <editdetail attribution="Reuters BIP Coding Group" action="confirmed" date="1997-03-30"/>
  </code>
  <code code="GPOL">
    <editdetail attribution="Reuters BIP Coding Group" action="confirmed" date="1997-03-30"/>
  </code>
</codes>
<dc element="dc.date.created" value="1997-03-30"/>
<dc element="dc.publisher" value="Reuters Holdings Plc"/>
<dc element="dc.date.published" value="1997-03-30"/>
<dc element="dc.source" value="Reuters"/>
<dc element="dc.creator.location" value="ANTANANARIVO"/>
<dc element="dc.creator.location.country.name" value="MADAGASCAR"/>
<dc element="dc.source" value="Reuters"/>
</metadata>
</newsitem>
