<?xml version="1.0" encoding="iso-8859-1" ?>
<newsitem itemid="475684" id="root" date="1997-03-30" xml:lang="en">
<title>CHINA: China says 'H' share firms keep tax favours in 97.</title>
<headline>China says 'H' share firms keep tax favours in 97.</headline>
<dateline>BEIJING 1997-03-30</dateline>
<text>
<p>Preferential tax treatment accorded nine Chinese companies listed on the Hong Kong stock market will be continued in 1997, the Xinhua news agency said on Sunday.</p>
<p>The nine companies, including Shanghai Petrochemical Co Ltd and Tsingtao Brewery Co Ltd, were all listed as 'H' shares on the Hong Kong exchange, the agency said.</p>
<p>A circular from the Ministry of Finance and the State Administration of Taxation had stipulated that reduced taxes on earnings would be levied on the nine firms in 1997, it said.</p>
<p>It did not say if the preferential tax treatment for the companies would be continued after the end of the year and gave no other details of the firms involved.</p>
</text>
<copyright>(c) Reuters Limited 1997</copyright>
<metadata>
<codes class="bip:countries:1.0">
  <code code="CHINA">
    <editdetail attribution="Reuters BIP Coding Group" action="confirmed" date="1997-03-30"/>
  </code>
  <code code="HKONG">
    <editdetail attribution="Reuters BIP Coding Group" action="confirmed" date="1997-03-30"/>
  </code>
</codes>
<codes class="bip:industries:1.0">
  <code code="I25120">
    <editdetail attribution="Reuters BIP Coding Group" action="confirmed" date="1997-03-30"/>
  </code>
  <code code="I42700">
    <editdetail attribution="Reuters BIP Coding Group" action="confirmed" date="1997-03-30"/>
  </code>
</codes>
<codes class="bip:topics:1.0">
  <code code="C13">
    <editdetail attribution="Reuters BIP Coding Group" action="confirmed" date="1997-03-30"/>
  </code>
  <code code="C15">
    <editdetail attribution="Reuters BIP Coding Group" action="confirmed" date="1997-03-30"/>
  </code>
  <code code="C151">
    <editdetail attribution="Reuters BIP Coding Group" action="confirmed" date="1997-03-30"/>
  </code>
  <code code="CCAT">
    <editdetail attribution="Reuters BIP Coding Group" action="confirmed" date="1997-03-30"/>
  </code>
  <code code="E21">
    <editdetail attribution="Reuters BIP Coding Group" action="confirmed" date="1997-03-30"/>
  </code>
  <code code="E211">
    <editdetail attribution="Reuters BIP Coding Group" action="confirmed" date="1997-03-30"/>
  </code>
  <code code="ECAT">
    <editdetail attribution="Reuters BIP Coding Group" action="confirmed" date="1997-03-30"/>
  </code>
</codes>
<dc element="dc.date.created" value="1997-03-30"/>
<dc element="dc.publisher" value="Reuters Holdings Plc"/>
<dc element="dc.date.published" value="1997-03-30"/>
<dc element="dc.source" value="Reuters"/>
<dc element="dc.creator.location" value="BEIJING"/>
<dc element="dc.creator.location.country.name" value="CHINA"/>
<dc element="dc.source" value="Reuters"/>
</metadata>
</newsitem>
