<?xml version="1.0" encoding="iso-8859-1" ?>
<newsitem itemid="475624" id="root" date="1997-03-30" xml:lang="en">
<title>RUSSIA: Russian liberals worried by union with Belarus.</title>
<headline>Russian liberals worried by union with Belarus.</headline>
<dateline>MOSCOW 1997-03-30</dateline>
<text>
<p>Prominent Russian liberal leaders expressed concern on Sunday that President Boris Yeltsin was moving towards integration with Belarus too fast and not consulting the Russian people properly.</p>
<p>Yeltsin is due to sign an agreement with Belarus' hardline President Alexander Lukashenko on Wednesday forging closer ties between the two former Soviet republics, but details of the document have not been widely published.</p>
<p>&quot;It would be an unprecedented event to try to ratify such an agreement in parliament without any kind of consideration of this document,&quot; Grigory Yavlinksy, leader of the liberal Yaboko bloc, told NTV commercial television.</p>
<p>He made clear Yabloko would vote against the document in the opposition-dominated lower house of parliament, where his bloc has just under 10 percent of the seats.</p>
<p>Yegor Gaidar, a leading liberal and a former acting prime minister, said he supported closer integration with Belarus but not the way it was being carried out.</p>
<p>&quot;The least that should have been done was to publish it (the document), consider it calmly and not rush into signing it,&quot; he told Russia Television in an interview.</p>
<p>Russian liberals have also cast doubts on Lukashenko's commitment to human rights and media freedoms, and have expressed concern that the integration process might one day allow him to come to power in Moscow.</p>
<p>Wednesday's document is to be signed on the first anniversary of an agreement by Lukashenko and Yeltsin on April 2 last year to form a &quot;community&quot; between their two Slav states.</p>
<p>Few concrete steps have been taken towards this community but Yeltsin has raised the possibility of Russia and its small western neigbour having one government with a single budget and currency, taxation laws and united fuel and energy systems.</p>
<p>Kremlin aide Sergei Shakhrai defended the new agreement, dismissing fears that Russians would wake up in a new state the day after the agreement was signed.</p>
<p>&quot;This is an inter-state union to which Russia and Belarus delegate part of their powers, which is fully in line with the constitutions of Russia and Belarus,&quot; he told Russia Television.</p>
<p>Shakhrai also dismissed fears that Russian interests could ever be disregarded by a nine-member council which will be handed responsibilities for overseeing the Russia-Belarus union.</p>
</text>
<copyright>(c) Reuters Limited 1997</copyright>
<metadata>
<codes class="bip:countries:1.0">
  <code code="BYELRS">
    <editdetail attribution="Reuters BIP Coding Group" action="confirmed" date="1997-03-30"/>
  </code>
  <code code="RUSS">
    <editdetail attribution="Reuters BIP Coding Group" action="confirmed" date="1997-03-30"/>
  </code>
</codes>
<codes class="bip:topics:1.0">
  <code code="GCAT">
    <editdetail attribution="Reuters BIP Coding Group" action="confirmed" date="1997-03-30"/>
  </code>
  <code code="GDIP">
    <editdetail attribution="Reuters BIP Coding Group" action="confirmed" date="1997-03-30"/>
  </code>
  <code code="GPOL">
    <editdetail attribution="Reuters BIP Coding Group" action="confirmed" date="1997-03-30"/>
  </code>
</codes>
<dc element="dc.date.created" value="1997-03-30"/>
<dc element="dc.publisher" value="Reuters Holdings Plc"/>
<dc element="dc.date.published" value="1997-03-30"/>
<dc element="dc.source" value="Reuters"/>
<dc element="dc.creator.location" value="MOSCOW"/>
<dc element="dc.creator.location.country.name" value="RUSSIA"/>
<dc element="dc.source" value="Reuters"/>
</metadata>
</newsitem>
