<?xml version="1.0" encoding="iso-8859-1" ?>
<newsitem itemid="475658" id="root" date="1997-03-30" xml:lang="en">
<title>PERU: Peru rebels see no quick end to hostage crisis.</title>
<headline>Peru rebels see no quick end to hostage crisis.</headline>
<byline>Andrew Cawthorne</byline>
<dateline>LIMA 1997-03-29</dateline>
<text>
<p>The leader of Peruvian guerrillas holding 72 hostages at the Japanese ambassador's residence denied on Saturday that a solution to Latin America's longest hostage siege was imminent.</p>
<p>&quot;Unfortunately, that is not the case,&quot; Tupac Amaru Revolutionary Movement (MRTA) leader Nestor Cerpa said in a walkie-talkie conversation from within the residence.</p>
<p>&quot;We still don't foresee a peaceful solution soon ... The positions are still not really drawing close,&quot; he added in the conversation that was broadcast on local radio.</p>
<p>Cerpa's comments poured further cold water on speculation in diplomatic and media circles that his 20-strong group of rebels were set to take asylum in Cuba as part of a negotiated agreement to end the 102-day crisis.</p>
<p>&quot;I repeat that we have not come here to look for asylum or a trip abroad,&quot; Cerpa insisted, adding the rebels stood firm in their central demand for the freedom of jailed comrades.</p>
<p>&quot;While you hear statements that totally deny the possibility of that (releases), the peaceful solution is very far away,&quot; he said.</p>
<p>President Alberto Fujimori has frequently ruled out releasing any MRTA prisoners, and vehmently underlined in a speech on Thursday that no &quot;terrorists&quot; should be allowed to walk free.</p>
<p>But despite the two sides' tough public stances, diplomats, media and officials have been saying all week the government and the MRTA were drawing closer to an accord involving asylum in Cuba and possibly the release of some lower-level prisoners.</p>
<p>On Saturday Archbishop Juan Luis Cipriani, one of the three peace guarantors, also put things under a more positive light, saying agreement was now closer and blaming the press for the prevailing sense of pessimism.</p>
<p>&quot;I can tell you progress has been made,&quot; he told a radio interviewer. &quot;I get the impression that every time there's a little light on the horizon someone tries to put it off.</p>
<p>&quot;I think we will find a point of understanding.&quot;</p>
<p>Cerpa said: &quot;The only thing I can tell you is that the conversations continue.&quot;</p>
<p>The two sides last met face-to-face on March 12, and since then the commission of guarantors has been shuttling between them trying to negotiate a bloodless solution.</p>
<p>Two of the guarantors -- Archbishop Cipriani and Red Cross representative Michel Minnig -- entered the residence on Saturday for further talks with the MRTA. They left without comment to reporters.</p>
<p>Cerpa's comments followed a similary hard-talking statement on the MRTA's Internet web site managed by its international arm based in Germany.</p>
<p>The statement denounced reports of likely political asylum in Cuba as &quot;government lies that only seek to add to the confusion and hamper a political solution.&quot;</p>
<p>Reinforcing the point, rebels inside the mansion scampered across the roof of the building before dawn on Saturday to drape a banner saying, &quot;We shall defend with our lives the freedom of our jailed (comrades).&quot;</p>
<p>In a reminder of the lives at stake, hostage and Peruvian Foreign Minister Francisco Tudela made his first appearance in weeks at the residence on Saturday morning. He was glimpsed looking out of a window which had been blocked by a branch cut down early in the morning by rebels.</p>
<p>Later, Japanese ambassador Morihisa Aoki and another unidentified hostage also appeared at the window.</p>
<p>It was Aoki's cocktail party that the MRTA stormed on Dec. 17, initially taking more than 500 hostages. Most were released in the first weeks of the crisis. The MRTA still holds its most prized bargaining chips, including two cabinet ministers, generals, businessmen, Fujimori's brother Pedro, the ambassadors of Bolivia and Japan, and two dozen Japanese citizens.</p>
<p>The hostages, who have already spent Christmas and New Year's under the rebels' guns, were set to receive a special Mass and traditional gifts of chocolate eggs on Easter Sunday.</p>
<p>Cerpa said the situation was &quot;under control&quot; thanks to regular visits by doctors. He said no hostage would be freed for health or other reasons until &quot;a global solution&quot; was reached.</p>
<p>The captives' only source of news is from local radio stations, where families and supporters have been broadcasting messages and songs all weekend to cheer them up.</p>
</text>
<copyright>(c) Reuters Limited 1997</copyright>
<metadata>
<codes class="bip:countries:1.0">
  <code code="JAP">
    <editdetail attribution="Reuters BIP Coding Group" action="confirmed" date="1997-03-30"/>
  </code>
  <code code="PERU">
    <editdetail attribution="Reuters BIP Coding Group" action="confirmed" date="1997-03-30"/>
  </code>
</codes>
<codes class="bip:topics:1.0">
  <code code="GCAT">
    <editdetail attribution="Reuters BIP Coding Group" action="confirmed" date="1997-03-30"/>
  </code>
  <code code="GVIO">
    <editdetail attribution="Reuters BIP Coding Group" action="confirmed" date="1997-03-30"/>
  </code>
</codes>
<dc element="dc.date.created" value="1997-03-29"/>
<dc element="dc.publisher" value="Reuters Holdings Plc"/>
<dc element="dc.date.published" value="1997-03-30"/>
<dc element="dc.source" value="Reuters"/>
<dc element="dc.creator.location" value="LIMA"/>
<dc element="dc.creator.location.country.name" value="PERU"/>
<dc element="dc.source" value="Reuters"/>
</metadata>
</newsitem>
