<?xml version="1.0" encoding="iso-8859-1" ?>
<newsitem itemid="475643" id="root" date="1997-03-30" xml:lang="en">
<title>USA: Transplant drugs may help nerve repair.</title>
<headline>Transplant drugs may help nerve repair.</headline>
<dateline>WASHINGTON 1997-03-30</dateline>
<text>
<p>Drugs used to prevent transplant patients from rejecting their new organs may also have potential to repair nerve cell damage and treat neurodegenerative diseases, scientists said on Sunday.</p>
<p>In the April edition of Nature Medicine, a team from Johns Hopkins University and Guilford Pharmaceuticals in Baltimore reported that these immunosuppressive drugs stimulated nerve cell growth in laboratory cultures.</p>
<p>The team, led by Johns Hopkins neuroscientist Dr. Solomon Snyder, designed chemicals that were structurally similar to immunosuppressive drugs like cyclosporin A. Those chemicals stimulated nerve cells without affecting the immune system.</p>
<p>In animal tests, the chemicals were able to stimulate nerve recovery and function, for instance, by promoting some healing of a crushed sciatic nerve. The compounds have not been tested in humans, but scientists hope they can lead to new ways of treating neurodegenerative diseases.</p>
<p>&quot;The striking potency of these agents, their bioavailability and the disassociation of neurotrophic from immunosuppressant actions argue for their therapeutic relevance in the treatment of neurodegenerative diseases,&quot; the scientists wrote in the journal.</p>
</text>
<copyright>(c) Reuters Limited 1997</copyright>
<metadata>
<codes class="bip:countries:1.0">
  <code code="USA">
    <editdetail attribution="Reuters BIP Coding Group" action="confirmed" date="1997-03-30"/>
  </code>
</codes>
<codes class="bip:industries:1.0">
  <code code="I25700">
    <editdetail attribution="Reuters BIP Coding Group" action="confirmed" date="1997-03-30"/>
  </code>
</codes>
<codes class="bip:topics:1.0">
  <code code="C23">
    <editdetail attribution="Reuters BIP Coding Group" action="confirmed" date="1997-03-30"/>
  </code>
  <code code="CCAT">
    <editdetail attribution="Reuters BIP Coding Group" action="confirmed" date="1997-03-30"/>
  </code>
  <code code="GCAT">
    <editdetail attribution="Reuters BIP Coding Group" action="confirmed" date="1997-03-30"/>
  </code>
  <code code="GHEA">
    <editdetail attribution="Reuters BIP Coding Group" action="confirmed" date="1997-03-30"/>
  </code>
  <code code="GSCI">
    <editdetail attribution="Reuters BIP Coding Group" action="confirmed" date="1997-03-30"/>
  </code>
</codes>
<dc element="dc.date.created" value="1997-03-30"/>
<dc element="dc.publisher" value="Reuters Holdings Plc"/>
<dc element="dc.date.published" value="1997-03-30"/>
<dc element="dc.source" value="Reuters"/>
<dc element="dc.creator.location" value="WASHINGTON"/>
<dc element="dc.creator.location.country.name" value="USA"/>
<dc element="dc.source" value="Reuters"/>
</metadata>
</newsitem>
