<?xml version="1.0" encoding="iso-8859-1" ?>
<newsitem itemid="475611" id="root" date="1997-03-30" xml:lang="en">
<title>ZAIRE: Zaire rebels order Hutu refugees to leave camp.</title>
<headline>Zaire rebels order Hutu refugees to leave camp.</headline>
<byline>Matthew Bigg</byline>
<dateline>GOMA, Zaire 1997-03-30</dateline>
<text>
<p>About 20,000 Rwandan Hutu refugees stranded in eastern Zaire after a four-month trek through the jungle have been ordered to leave a temporary camp close to Kisangani on Sunday, the U.N. refugee agency said.</p>
<p>Rebels who seized Zaire's third city two weeks ago said the refugees at Lula seven km (four miles) south of Kisangani must move back from the city towards a site 25 km (15 miles) to the south.</p>
<p>The decision to close the camp was disclosed a day after Zaire rebels denied the United Nations World Food Programme access to Lula to bring food.</p>
<p>&quot;The big issue today is that we have to relocate Lula camp and that is a big problem,&quot; Kilian Kleinschmidt of the Office of the U.N. High Commissioner for Refugees (UNHCR) said on Sunday.</p>
<p>&quot;They have to move today, otherwise there is a risk they could be pushed back by the military,&quot; Kleinschmidt said in a telephone interview from Kisangani.</p>
<p>Aid agencies said on Saturday that thousands of refugees trapped in the Zaire jungle near a railway line could die unless aid workers provided food, water and medicine.</p>
<p>At least 500 refugees have died since arriving at the village of Ubilo 82 km (51 miles) south of the city on March 16, according to the Zairean Red Cross.</p>
<p>Rebels from the Alliance of Democratic Forces for the Liberation of Congo (ADFL) have seized control of about a quarter of the country since last October in a war to oust ailing President Mobutu Sese Seko.</p>
<p>Negotiations between the ADFL and envoys of Mobutu could start early this week, probably in South Africa, according to an Alliance spokesman.</p>
<p>Aid agencies sent a trainload of medical supplies and provisions such as soap and blankets on Sunday to up to 40,000 Rwandan Hutus gathered at a point 41 km (25 miles) south of Kisangani, Kleinschmidt said.</p>
<p>The strongest refugees are gradually moving north towards Kisangani along the railway line that runs through dense jungle.</p>
<p>Rebels have killed about 100 armed refugees in clashes since taking Kisangani, according to Red Cross officials.</p>
<p>Senior ADFL officials say members of the former Rwandan government army (FAR) and Interahamwe militia among the refugees pose a military threat, while the refugees themselves distract attention from impoverished and displaced Zaireans.</p>
<p>More than a million Hutus fled camps on the Rwandan and Burundian border last October and November at the start of a campaign by rebels fighting the Zairean army.</p>
<p>About 600,000 returned to Rwanda in November via Goma, but hundreds of thousands more fled west into the jungle, including former Rwandan army troops and Interahamwe held responsible for massacres during the 1994 genocide in Rwanda.</p>
<p>Since then the refugees -- now begging to return home -- have set up a series of makeshift camps and fled before the rebel advance in a trek that has hampered relief efforts.</p>
<p>UNHCR said it was appealing to donors for money to fly the most vulnerable refugees direct to the Rwandan capital Kigali from Kisangani at a rate of up to 2,000 per day. The rest, once they were strong enough, could then return to Rwanda overland by truck, barge and on foot.</p>
</text>
<copyright>(c) Reuters Limited 1997</copyright>
<metadata>
<codes class="bip:countries:1.0">
  <code code="UN">
    <editdetail attribution="Reuters BIP Coding Group" action="confirmed" date="1997-03-30"/>
  </code>
  <code code="ZAIRE">
    <editdetail attribution="Reuters BIP Coding Group" action="confirmed" date="1997-03-30"/>
  </code>
</codes>
<codes class="bip:topics:1.0">
  <code code="GCAT">
    <editdetail attribution="Reuters BIP Coding Group" action="confirmed" date="1997-03-30"/>
  </code>
  <code code="GVIO">
    <editdetail attribution="Reuters BIP Coding Group" action="confirmed" date="1997-03-30"/>
  </code>
</codes>
<dc element="dc.date.created" value="1997-03-30"/>
<dc element="dc.publisher" value="Reuters Holdings Plc"/>
<dc element="dc.date.published" value="1997-03-30"/>
<dc element="dc.source" value="Reuters"/>
<dc element="dc.creator.location" value="GOMA, Zaire"/>
<dc element="dc.creator.location.country.name" value="ZAIRE"/>
<dc element="dc.source" value="Reuters"/>
</metadata>
</newsitem>
