<?xml version="1.0" encoding="iso-8859-1" ?>
<newsitem itemid="475674" id="root" date="1997-03-30" xml:lang="en">
<title>CAMBODIA: Toll in Cambodia grenade attack rises to 12 dead.</title>
<headline>Toll in Cambodia grenade attack rises to 12 dead.</headline>
<byline>Leo Dobbs</byline>
<dateline>PHNOM PENH 1997-03-30</dateline>
<text>
<p>At least 12 people were killed and more than 100 injured in a grenade attack on a demonstration led by opposition leader and apparent target Sam Rainsy in the Cambodian capital on Sunday.</p>
<p>Police said four grenades ripped through the crowd of 150-200 demonstrators outside the Cambodian National Assembly around 8.30 a.m. (0130 GMT) during a protest against the judiciary.</p>
<p>Sam Rainsy, leader of the officially unrecognised Khmer Nation Party (KNP), narrowly escaped injury in the blasts and told reporters later, &quot;This is a setback for democracy in Cambodia.&quot;</p>
<p>Cambodians expressed herror over the morning attack and King Norodom Sihanouk sent a message of condolence from the Chinese capital Beijing to the families of the victims severely condemning those behind what he called &quot;the brutal act.&quot;</p>
<p>First Prime Minister Prince Norodom Ranariddh called the incident &quot;totally unacceptable and barbaric,&quot; while a spokesman for co-Premier Hun Sen said the explosion were the work of terrorists and demanded an immediate investigation.</p>
<p>&quot;The perpetrators of this heinous crime are deplorable and must be condemned vehemently by all peace-loving Cambodians and people in the country. This is a totally unacceptable and barbaric act in our society,&quot; said a statement from Ranariddh's cabinet.</p>
<p>It said Ranariddh had &quot;issued firm orders to the concerned authorities to take immediate actions to investigate the grevious incident and bring to justice the perpetrators.&quot;</p>
<p>An Interior Ministry spokesman said an investigation had been launched into the attack on the demonstration that had received official authorisation, but Sam Rainsy accused Hun Sen of being behind the blast and said he was the main target.</p>
<p>The attack killed at least 12 people, a municipal policeman said by phone, adding that seven were killed on the scene and five died in hospitals.</p>
<p>KNP Secretay General Khieu Rada had a figure of 11 dead but said the number could be higher, while doctors at three major hospitals said eight people had been brought in dead or had died after arrival and more than 100 injured.</p>
<p>Sam Rainsy, in a blood-smeared shirt and jacket, said his bodyguard Han Mony and KNP steering committee memeber Chhet Daravuth were among the dead and added that journalists had taken much of the blast as they stood between him and the grenades.</p>
<p>American Ron Abney, 55, of Cochran, Georgia, who works for International Republican Institute was wounded in the thigh by shrapnel, and the Xinhua (New China News Agency) reporter, Zhu Changdu, was hospitalised with a serious stomach wound.</p>
<p>U.S. Ambassador Kenneth Quinn issued a statement condemning the violence and urging steps be taken to arrest and punish those responsible.</p>
<p>A witness said the grenades were thrown from a car that sped past the demonstration, but Sam Rainsy claimed at least one had been thrown from the national assembly compound and another by someone in the crowd.</p>
<p>Throughout the afternoon, onlookers stood outside police lines at the park in front of the parliament, where shoes and bloody clothing, broken glass and protest placards lay in the grass.</p>
<p>Sam Rainsy accused Hun Sen of the Cambodian People's Party of being behind the attack, the first against an opposition demonstration since the KNP first began protests last year.</p>
<p>&quot;It was a well-planned attack. These attacks were aimed to kill people. I was leading the demonstration, so I presume if there was any attack to kill people, they would aim at the leader first,&quot; he said, adding that he had very lucky escape.</p>
<p>&quot;I think since the (1993 general) election, this is the worst attack. This is a very clear indication that the situation is deteriorating very dramatically,&quot; Sam Rainsy said, adding that the aim was to dissuade people from taking part in further protest.</p>
<p>Hun Sen condemned the attack, but said the demonstrators should be arrested if the rally turned out to be illegal.</p>
<p>Sam Rainsy, who was sacked as finance minister in late 1994 for his criticism of the government and expelled from parliament a year later, pledged to continue struggling for democracy and human rights.</p>
<p>He had called the demonstration to protest against the judiciary's lack of independence and alleged subservience to the CPP, which formed an uneasy coalition government with the royalist FUNCINPEC party after U.N.-run general elections in 1993.</p>
<p>Sam Rainsy found the KNP in November 1995 and last February joined an alliance with FUNCINPEC to compete against the CPP in elections expected in November next year.</p>
</text>
<copyright>(c) Reuters Limited 1997</copyright>
<metadata>
<codes class="bip:countries:1.0">
  <code code="KAMPA">
    <editdetail attribution="Reuters BIP Coding Group" action="confirmed" date="1997-03-30"/>
  </code>
</codes>
<codes class="bip:topics:1.0">
  <code code="GCAT">
    <editdetail attribution="Reuters BIP Coding Group" action="confirmed" date="1997-03-30"/>
  </code>
  <code code="GVIO">
    <editdetail attribution="Reuters BIP Coding Group" action="confirmed" date="1997-03-30"/>
  </code>
</codes>
<dc element="dc.date.created" value="1997-03-30"/>
<dc element="dc.publisher" value="Reuters Holdings Plc"/>
<dc element="dc.date.published" value="1997-03-30"/>
<dc element="dc.source" value="Reuters"/>
<dc element="dc.creator.location" value="PHNOM PENH"/>
<dc element="dc.creator.location.country.name" value="CAMBODIA"/>
<dc element="dc.source" value="Reuters"/>
</metadata>
</newsitem>
