<?xml version="1.0" encoding="iso-8859-1" ?>
<newsitem itemid="475638" id="root" date="1997-03-30" xml:lang="en">
<title>USA: American Airlines offers half-price fares.</title>
<headline>American Airlines offers half-price fares.</headline>
<dateline>FORT WORTH, Texas 1997-03-30</dateline>
<text>
<p>AMR Corp's American Airlines said on Sunday that it and its American Eagle affiliate are offering discounts of up to 50 percent for travel to most 48-state domestic destinations, compared with regular 21-day advance purchase fares.</p>
<p>American said that domestic 48-state discounts are 50 percent for travel through May 5 and 45 percent for travel May 6 through September 6.</p>
<p>Hawaii and Canada discounts are 42 percent through May 5 and 37 percent May 6 through September 6.</p>
<p>The above non-refundable fares will be on sale through April 14.</p>
<p>Discounts for Mexico, Latin America and the Caribbean are 15 percent from April 7 through May 31.</p>
<p>Examples of the round-trip sale prices are Chicago-Boston $238, compared to a regular fare of $513 and Los Angeles-New York for $388, compared to a regular fare of $925.  </p>
<p>A spokeswoman for Delta Air Lines Inc said that the airline will most likely be competitive in overlapping markets, but the company would probably not announce a decision until tomorrow.</p>
<p>Spokesmen for UAL Corp, Continental Airlines Inc and Northwest Airlines Corp were not immediately available for comment.</p>
</text>
<copyright>(c) Reuters Limited 1997</copyright>
<metadata>
<codes class="bip:countries:1.0">
  <code code="USA">
    <editdetail attribution="Reuters BIP Coding Group" action="confirmed" date="1997-03-30"/>
  </code>
</codes>
<codes class="bip:industries:1.0">
  <code code="I75000">
    <editdetail attribution="Reuters BIP Coding Group" action="confirmed" date="1997-03-30"/>
  </code>
</codes>
<codes class="bip:topics:1.0">
  <code code="C31">
    <editdetail attribution="Reuters BIP Coding Group" action="confirmed" date="1997-03-30"/>
  </code>
  <code code="C32">
    <editdetail attribution="Reuters BIP Coding Group" action="confirmed" date="1997-03-30"/>
  </code>
  <code code="CCAT">
    <editdetail attribution="Reuters BIP Coding Group" action="confirmed" date="1997-03-30"/>
  </code>
</codes>
<dc element="dc.date.created" value="1997-03-30"/>
<dc element="dc.publisher" value="Reuters Holdings Plc"/>
<dc element="dc.date.published" value="1997-03-30"/>
<dc element="dc.source" value="Reuters"/>
<dc element="dc.creator.location" value="FORT WORTH, Texas"/>
<dc element="dc.creator.location.country.name" value="USA"/>
<dc element="dc.source" value="Reuters"/>
</metadata>
</newsitem>
