<?xml version="1.0" encoding="iso-8859-1" ?>
<newsitem itemid="475626" id="root" date="1997-03-30" xml:lang="en">
<title>RUSSIA: Russian police prevent protest at Belarus embassy.</title>
<headline>Russian police prevent protest at Belarus embassy.</headline>
<dateline>MOSCOW 1997-03-30</dateline>
<text>
<p>Russian police prevented a demonstration taking place outside the Belarussian embassy in Moscow on Sunday and detained several people trying to protest against media restrictions in Minsk, witnesses said.</p>
<p>Oleg Panfilov, head of the independent Glasnost Defence Foundation which defends journalists' rights, was among those detained but he was released after about 20 minutes, Itar-Tass news agency said.</p>
<p>The witnesses said about 30 people turned up for the protest but it had not been sanctioned by Moscow city authorities. Minor scuffles broke out briefly but no one was hurt.</p>
<p>Hardline President Alexander Lukashenko, who is due to visit Moscow on Wednesday to sign documents on closer integration between Russia and Belarus, has accused foreign media of bias in reporting opposition protests in the former Soviet republic.</p>
<p>Belarus has ordered out a reporter from Russia's commercial television network NTV and journalists were prevented on March 24 from entering the television centre where they usually transmit their reports.</p>
<p>Russian President Boris Yeltsin has expressed concern about the problems facing Russian journalists in Belarus and asked the authorities in Minsk to guarantee media freedoms. He has also advised Russian reporters to ensure they abide by the law.</p>
</text>
<copyright>(c) Reuters Limited 1997</copyright>
<metadata>
<codes class="bip:countries:1.0">
  <code code="BYELRS">
    <editdetail attribution="Reuters BIP Coding Group" action="confirmed" date="1997-03-30"/>
  </code>
  <code code="RUSS">
    <editdetail attribution="Reuters BIP Coding Group" action="confirmed" date="1997-03-30"/>
  </code>
</codes>
<codes class="bip:topics:1.0">
  <code code="GCAT">
    <editdetail attribution="Reuters BIP Coding Group" action="confirmed" date="1997-03-30"/>
  </code>
  <code code="GDIP">
    <editdetail attribution="Reuters BIP Coding Group" action="confirmed" date="1997-03-30"/>
  </code>
  <code code="GPOL">
    <editdetail attribution="Reuters BIP Coding Group" action="confirmed" date="1997-03-30"/>
  </code>
  <code code="GVIO">
    <editdetail attribution="Reuters BIP Coding Group" action="confirmed" date="1997-03-30"/>
  </code>
</codes>
<dc element="dc.date.created" value="1997-03-30"/>
<dc element="dc.publisher" value="Reuters Holdings Plc"/>
<dc element="dc.date.published" value="1997-03-30"/>
<dc element="dc.source" value="Reuters"/>
<dc element="dc.creator.location" value="MOSCOW"/>
<dc element="dc.creator.location.country.name" value="RUSSIA"/>
<dc element="dc.source" value="Reuters"/>
</metadata>
</newsitem>
