<?xml version="1.0" encoding="iso-8859-1" ?>
<newsitem itemid="475635" id="root" date="1997-03-30" xml:lang="en">
<title>CANADA: Siberian tiger roams loose in Ontario town.</title>
<headline>Siberian tiger roams loose in Ontario town.</headline>
<dateline>BARRIE, Ontario 1997-03-30</dateline>
<text>
<p>An escaped Siberian tiger was roaming the streets of Barrie, Ontario, on Sunday and police were warning people to stay indoors until the 800 pound (360 kilogram) beast was rounded up.</p>
<p>The tiger escaped from an unidentified location around 1200 EST (1700 GMT) and was still at large a few hours later.</p>
<p>Ontario Provincial Police did not have any further details and refused to say from where the animal escaped, saying only that it came from a township about one mile (1.6 km) west of Barrie City Limits. Barrie is about 56 miles (90 kilometres) north of Toronto.</p>
</text>
<copyright>(c) Reuters Limited 1997</copyright>
<metadata>
<codes class="bip:countries:1.0">
  <code code="CANA">
    <editdetail attribution="Reuters BIP Coding Group" action="confirmed" date="1997-03-30"/>
  </code>
</codes>
<codes class="bip:topics:1.0">
  <code code="GCAT">
    <editdetail attribution="Reuters BIP Coding Group" action="confirmed" date="1997-03-30"/>
  </code>
  <code code="GODD">
    <editdetail attribution="Reuters BIP Coding Group" action="confirmed" date="1997-03-30"/>
  </code>
</codes>
<dc element="dc.date.created" value="1997-03-30"/>
<dc element="dc.publisher" value="Reuters Holdings Plc"/>
<dc element="dc.date.published" value="1997-03-30"/>
<dc element="dc.source" value="Reuters"/>
<dc element="dc.creator.location" value="BARRIE, Ontario"/>
<dc element="dc.creator.location.country.name" value="CANADA"/>
<dc element="dc.source" value="Reuters"/>
</metadata>
</newsitem>
