<?xml version="1.0" encoding="iso-8859-1" ?>
<newsitem itemid="475668" id="root" date="1997-03-30" xml:lang="en">
<title>PERU: Peru hostages spend Easter Sunday under guns.</title>
<headline>Peru hostages spend Easter Sunday under guns.</headline>
<byline>David Haskel</byline>
<dateline>LIMA 1997-03-30</dateline>
<text>
<p>The 72 men held captive by Peruvian Marxist rebels at the Japanese ambassador's house looked set to make Easter Sunday their 103rd day under their captors' guns as negotiations for their release hit a low point.</p>
<p>&quot;We still don't foresee a peaceful solution soon,&quot; Tupac Amaru Revolutionary Movement (MRTA) leader Nestor Cerpa said on Saturday by walkie-talkie from within the residence.</p>
<p>&quot;The positions are still not really drawing close.&quot;</p>
<p>The hostages were captured on Dec. 17 during an MRTA raid on a cocktail party thrown by Japanese ambassador Morihisa Aoki.</p>
<p>The hostages, including Aoki, two Peruvian cabinet ministers, generals, businessmen, President Alberto Fujimori's brother, Pedro, the Bolivian ambassador and two dozen Japanese citizens, have also spent Christmas and New Year's in the mansion.</p>
<p>In his communication from the compound, Cerpa denied speculation by diplomats, officials and the press that the MRTA paved the way for a deal with the government by accepting a Cuban offer for political asylum for himself and the other rebels.</p>
<p>&quot;I repeat that we have not come here to look for asylum or a trip abroad,&quot; Cerpa insisted, repeating his main demand -- freedom for their 450 jailed comrades.</p>
<p>&quot;While you hear statements that totally deny the possibility of that (releases), the peaceful solution is very far away,&quot; he said.</p>
<p>As the hostages prepared to receive a special Mass and chocolate eggs for Easter, Archbishop Juan Cipriani, one of the three peace guarantors operating as negotiators, sought to bring them solace. He said headway was being made and blamed the press for the prevailing sense of pessimism.</p>
<p>&quot;I can tell you progress has been made,&quot; he told local radio. &quot;Sometimes, when I read the papers, they make me sick.&quot;</p>
<p>Amid the sense of gloom in the 15-week-old crisis, the only recent tangible improvement in the situation of the hostages came on Saturday, when rebels chopped down a tree that was blocking a window.</p>
<p>Soon after that, Peruvian Foreign Minister Francisco Tudela, one of the hostages, made his first appearance in weeks. Later, Aoki and another unidentified hostage also were glimpsed looking out the window.</p>
<p>Fujimori has ruled out releasing any MRTA prisoners, and vehemently underlined in a speech last week that no &quot;terrorists&quot; should be allowed to walk free.</p>
<p>Diplomats, the media and officials have been saying all week the government and the MRTA were drawing closer to an accord involving asylum in Cuba and possibly the release of some lower-level prisoners.</p>
<p>Cerpa said: &quot;The only thing I can tell you is that the conversations continue.&quot;</p>
<p>The two sides last met face-to-face on March 12, and since then the three-member commission of guarantors has been trying to negotiate a solution.</p>
<p>Two of the guarantors -- Archbishop Cipriani and Red Cross representative Michel Minnig -- entered the residence on Saturday for further talks with the MRTA. They left without comment to reporters.</p>
<p>Cerpa's remarks followed a statement on the MRTA's Internet web -- managed by its international arm based in Germany -- denouncing the reports of likely political asylum in Cuba as &quot;government lies that only seek to add to the confusion and hamper a political solution.&quot;</p>
<p>On Saturday, rebels inside the mansion draped a banner from the roof, saying, &quot;We shall defend with our lives the freedom of our jailed (comrades).&quot;</p>
<p>The captives' only source of news is from local radio stations, where families and supporters have been broadcasting messages and songs of support all weekend.</p>
</text>
<copyright>(c) Reuters Limited 1997</copyright>
<metadata>
<codes class="bip:countries:1.0">
  <code code="JAP">
    <editdetail attribution="Reuters BIP Coding Group" action="confirmed" date="1997-03-30"/>
  </code>
  <code code="PERU">
    <editdetail attribution="Reuters BIP Coding Group" action="confirmed" date="1997-03-30"/>
  </code>
</codes>
<codes class="bip:topics:1.0">
  <code code="GCAT">
    <editdetail attribution="Reuters BIP Coding Group" action="confirmed" date="1997-03-30"/>
  </code>
  <code code="GVIO">
    <editdetail attribution="Reuters BIP Coding Group" action="confirmed" date="1997-03-30"/>
  </code>
</codes>
<dc element="dc.date.created" value="1997-03-30"/>
<dc element="dc.publisher" value="Reuters Holdings Plc"/>
<dc element="dc.date.published" value="1997-03-30"/>
<dc element="dc.source" value="Reuters"/>
<dc element="dc.creator.location" value="LIMA"/>
<dc element="dc.creator.location.country.name" value="PERU"/>
<dc element="dc.source" value="Reuters"/>
</metadata>
</newsitem>
