<?xml version="1.0" encoding="iso-8859-1" ?>
<newsitem itemid="475663" id="root" date="1997-03-30" xml:lang="en">
<title>COLOMBIA: Colombia rebels give conditional OK to peace talks.</title>
<headline>Colombia rebels give conditional OK to peace talks.</headline>
<dateline>BOGOTA 1997-03-30</dateline>
<text>
<p>Colombia's oldest and largest guerrilla army is prepared to take part in government-backed peace talks but will not negotiate with illegal right-wing death squads, one of its top leaders said on Sunday.</p>
<p>Raul Reyes, member of the seven-man national secretariat of the Revolutionary Armed Forces of Colombia (FARC), told the NTC TV news program by telephone from Costa Rica: &quot;The FARC is prepared to talk to the government and components of the state but not to (paramilitary) groups outside the law.&quot;</p>
<p>&quot;We would also be ready to talk to the military because they are part of the problem and should be there,&quot; he added.</p>
<p>Recently appointed Defense Minister Gilberto Echeverri raised the possibility 10 days ago of a fresh peace process including the government, civic groups, the military and illegal armed groups of the left and right.</p>
<p>President Ernesto Samper followed up by announcing he would call a &quot;peace summit&quot; after Easter to look at possible ways of ending Colombia's three-decade-old guerrilla uprising. No firm proposal has been made on the exact format a new peace process would follow.</p>
<p>The FARC has always said the quickest way to end its guerrilla war is through negotiations with the government but it has insisted in the past that talks would have to address a wide range of social, political and economic issues.</p>
<p>In the NTC interview, Reyes also said the FARC would insist on the demilitarization of vast swathes of eastern Meta province, the rebel force's traditional power base, before peace talks could begin. The military rejected a guerrilla proposal that it pull out of the area in 1995, saying it had the constitutional obligation to safeguard national security.</p>
<p>In comments to reporters on Sunday, Gen. Harold Bedoya, the head of Colombia's armed forces, reacted coolly to the idea of peace talks, saying: &quot;Anything that's constitutional we will do and anything that is not we will not do.&quot;</p>
<p>Previous attempts to hammer out a peace deal with the FARC, set up as a pro-Soviet force in 1964, have failed.</p>
</text>
<copyright>(c) Reuters Limited 1997</copyright>
<metadata>
<codes class="bip:countries:1.0">
  <code code="COL">
    <editdetail attribution="Reuters BIP Coding Group" action="confirmed" date="1997-03-30"/>
  </code>
</codes>
<codes class="bip:topics:1.0">
  <code code="GCAT">
    <editdetail attribution="Reuters BIP Coding Group" action="confirmed" date="1997-03-30"/>
  </code>
  <code code="GVIO">
    <editdetail attribution="Reuters BIP Coding Group" action="confirmed" date="1997-03-30"/>
  </code>
</codes>
<dc element="dc.date.created" value="1997-03-30"/>
<dc element="dc.publisher" value="Reuters Holdings Plc"/>
<dc element="dc.date.published" value="1997-03-30"/>
<dc element="dc.source" value="Reuters"/>
<dc element="dc.creator.location" value="BOGOTA"/>
<dc element="dc.creator.location.country.name" value="COLOMBIA"/>
<dc element="dc.source" value="Reuters"/>
</metadata>
</newsitem>
