<?xml version="1.0" encoding="iso-8859-1" ?>
<newsitem itemid="475685" id="root" date="1997-03-30" xml:lang="en">
<title>CHINA: China Telecom signs accord on Pacific cable project.</title>
<headline>China Telecom signs accord on Pacific cable project.</headline>
<dateline>BEIJING 1997-03-30</dateline>
<text>
<p>China Telecom on Sunday signed a memorandum of understanding (MOU) with nine companies from the United States and elsewhere for a $1.2 billion cross-Pacific undersea cable project, Xinhua news agency said.</p>
<p>China Telecom signed with AT&amp;T Corp, Nippon Telegraph and Telephone Corp, MCI Communications Corp, SBC Communications Inc, Sprint Corp and Kokusai Denshin Denwa Co Ltd, Xinhua said.</p>
<p>Telecommunications companies from South Korea, Singapore and Hong Kong made up the rest of the 10 companies involved in the MOU signing, the official agency said.</p>
<p>Other firms were welcome to join the project to lay the optic fibre cable, which would be able to carry more than 241,920 telephone lines between China and the United States, it quoted a China Telecom official as saying.</p>
<p>China Telecom is the commercial arm of China's Ministry of Posts and Telecommunications.</p>
<p>Work on the project would start this year and was scheduled to be completed by the end of 1999, Xinhua said.</p>
<p>The undersea cable would link with other international telecommunications routes, it said but gave no details.</p>
</text>
<copyright>(c) Reuters Limited 1997</copyright>
<metadata>
<codes class="bip:countries:1.0">
  <code code="CHINA">
    <editdetail attribution="Reuters BIP Coding Group" action="confirmed" date="1997-03-30"/>
  </code>
</codes>
<codes class="bip:industries:1.0">
  <code code="I79020">
    <editdetail attribution="Reuters BIP Coding Group" action="confirmed" date="1997-03-30"/>
  </code>
</codes>
<codes class="bip:topics:1.0">
  <code code="C24">
    <editdetail attribution="Reuters BIP Coding Group" action="confirmed" date="1997-03-30"/>
  </code>
  <code code="C33">
    <editdetail attribution="Reuters BIP Coding Group" action="confirmed" date="1997-03-30"/>
  </code>
  <code code="CCAT">
    <editdetail attribution="Reuters BIP Coding Group" action="confirmed" date="1997-03-30"/>
  </code>
</codes>
<dc element="dc.date.created" value="1997-03-30"/>
<dc element="dc.publisher" value="Reuters Holdings Plc"/>
<dc element="dc.date.published" value="1997-03-30"/>
<dc element="dc.source" value="Reuters"/>
<dc element="dc.creator.location" value="BEIJING"/>
<dc element="dc.creator.location.country.name" value="CHINA"/>
<dc element="dc.source" value="Reuters"/>
</metadata>
</newsitem>
