<?xml version="1.0" encoding="iso-8859-1" ?>
<newsitem itemid="475662" id="root" date="1997-03-30" xml:lang="en">
<title>MEXICO: Mexico's Nafin interest rate for April 26.79 pct.</title>
<headline>Mexico's Nafin interest rate for April 26.79 pct.</headline>
<dateline>MEXICO CITY 1997-03-30</dateline>
<text>
<p>Mexico's state development bank Nacional Financiera (Nafin) on Sunday said its so-called &quot;Tasa Nafin&quot; interest rate for April was set at 26.79 percent.</p>
<p>Nafin recently changed its interest rate policy, setting the Interbank Equilibrium Interest Rate (TIIE) as the base rate for new loans to businesses, but it said it would continue to publish the Tasa Nafin for loans that were originally drawn up using it as the base rate.  </p>
<p>It said debtors whose credits are eligible for the Nafin rate can opt either to use it or the TIIE, but they cannot change their decision once it is made.</p>
<p>Nafin said it would charge loans for microbusinesses at TIIE plus zero percentage points, for small businesses at TIIE plus 100 basis points, for medium-sized companies at TIIE plus 200 bps and for large firms at TIIE plus 300 bps.</p>
<p>((--Henry Tricks, Mexico City newsroom +525 728-9560))</p>
</text>
<copyright>(c) Reuters Limited 1997</copyright>
<metadata>
<codes class="bip:countries:1.0">
  <code code="MEX">
    <editdetail attribution="Reuters BIP Coding Group" action="confirmed" date="1997-03-30"/>
  </code>
</codes>
<codes class="bip:industries:1.0">
  <code code="I81402">
    <editdetail attribution="Reuters BIP Coding Group" action="confirmed" date="1997-03-30"/>
  </code>
</codes>
<codes class="bip:topics:1.0">
  <code code="C31">
    <editdetail attribution="Reuters BIP Coding Group" action="confirmed" date="1997-03-30"/>
  </code>
  <code code="CCAT">
    <editdetail attribution="Reuters BIP Coding Group" action="confirmed" date="1997-03-30"/>
  </code>
</codes>
<dc element="dc.date.created" value="1997-03-30"/>
<dc element="dc.publisher" value="Reuters Holdings Plc"/>
<dc element="dc.date.published" value="1997-03-30"/>
<dc element="dc.source" value="Reuters"/>
<dc element="dc.creator.location" value="MEXICO CITY"/>
<dc element="dc.creator.location.country.name" value="MEXICO"/>
<dc element="dc.source" value="Reuters"/>
</metadata>
</newsitem>
