<?xml version="1.0" encoding="iso-8859-1" ?>
<newsitem itemid="475654" id="root" date="1997-03-30" xml:lang="en">
<title>USA: Rubin downplays talk Fed culprit for stock drop.</title>
<headline>Rubin downplays talk Fed culprit for stock drop.</headline>
<dateline>WASHINGTON 1997-03-30</dateline>
<text>
<p>U.S. Treasury Secretary Robert Rubin on Sunday played down suggestions that last week's interest rate increase by the Federal Reserve was responsible for the sudden swoon in the stock market.</p>
<p>&quot;It (the stock market) did go way down,&quot; Rubin told NBC television's &quot;Meet the Press&quot; program. &quot;What the causes of that, both the proximate causes and the ultimate causes are, I suspect is a much more complicated question.&quot;</p>
<p>The Dow Jones industrial average of blue chip shares plunged some 140 points on Thursday, or around two percent, on fears of rising interest rates and a sudden sell-off in the bond market. The stock market was closed on Friday.</p>
<p>The sudden stock market drop came after the Federal Reserve on Tuesday raised short-term interest rates for the first time in over two years.</p>
<p>Rubin shied away from criticizing the inflation-wary U.S. central bank, saying that the administration respected the independence of the Fed.</p>
<p>But he argued that U.S. economic outlook was good, with solid growth and low inflation.  </p>
<p>&quot;All the evidence to me suggests that inflation is likely to remain low,&quot; Rubin said. &quot;But I also think one has to remain very watchful always with respect to inflation.&quot;</p>
<p>He also noted that intermediate to long-term interest rates -- which are determined by the market and not by the Fed -- are much more important for the economy than the short-term rates the central bank controls.</p>
<p>And those rates in turn will reflect economic conditions, which Rubin termed &quot;very good.&quot;</p>
<p>&quot;We have a very healthy economy,&quot; he said. &quot;The outlook is good. We're really in a very good period,&quot; he added.  </p>
<p>Rubin said he was open to suggestions by some lawmakers that the administration and Congress first work out a balanced budget agreement, then cut taxes.</p>
<p>&quot;We're open to do that,' he said. &quot;But,&quot; he quickly added, &quot;I do think that we can afford and should have the moderate middle income tax cuts the president has proposed.&quot;</p>
<p>He also defended Clinton's decision not to support creation of a commission to correct the upward bias in the government's chief inflation gauge, the Consumer Price Index.</p>
<p>U.S. Senate Majority Leaders Trent Lott proposed the move as a way to help balance the federal government budget.</p>
<p>Rubin called the proposal by the Mississippi Republican &quot;constructive&quot; but argued that Clinton's endorsement of it at this time would have been counterproductive.</p>
<p>&quot;If the president had come out and endorsed the commission at that point, that could have easily have created all sorts of politicization which in turn could well have forced this issue off the table,&quot; he said.</p>
<p>A Congressionally-appointed panel earlier this year concluded that the CPI overstates inflation by 1.1 percentage points, costing the government billions of dollars each year in cost-of-living increases on various programs.</p>
</text>
<copyright>(c) Reuters Limited 1997</copyright>
<metadata>
<codes class="bip:countries:1.0">
  <code code="USA">
    <editdetail attribution="Reuters BIP Coding Group" action="confirmed" date="1997-03-30"/>
  </code>
</codes>
<codes class="bip:topics:1.0">
  <code code="E12">
    <editdetail attribution="Reuters BIP Coding Group" action="confirmed" date="1997-03-30"/>
  </code>
  <code code="ECAT">
    <editdetail attribution="Reuters BIP Coding Group" action="confirmed" date="1997-03-30"/>
  </code>
</codes>
<dc element="dc.date.created" value="1997-03-30"/>
<dc element="dc.publisher" value="Reuters Holdings Plc"/>
<dc element="dc.date.published" value="1997-03-30"/>
<dc element="dc.source" value="Reuters"/>
<dc element="dc.creator.location" value="WASHINGTON"/>
<dc element="dc.creator.location.country.name" value="USA"/>
<dc element="dc.source" value="Reuters"/>
</metadata>
</newsitem>
