<?xml version="1.0" encoding="iso-8859-1" ?>
<newsitem itemid="475641" id="root" date="1997-03-30" xml:lang="en">
<title>USA: Martin Lawrence plan offered by creditor.</title>
<headline>Martin Lawrence plan offered by creditor.</headline>
<dateline>VAN NUYS, Calif. 1997-03-30</dateline>
<text>
<p>Martin Lawrence Limited Editions Inc said that Chalk &amp; Vermilion Fine Arts LLC and the Official Committee of Creditors Holding General Unsecured Claims have asked the company to support a plan of reorganization.</p>
<p>In a statement released late on Friday, Martin Lawrence, which filed Chapter 11 in December 1996, said it is still exploring alternatives, but absent a more beneficial option it will file the Chalk proposal with the Bankruptcy Court before April 16, 1997.</p>
<p>Under Chalk's plan, Chalk, the company's largest secured creditor, would exchange its $1.2 million debt for 100 percent of the equity of the reorganized company. The company said said $525,000 would be set aside for payment of general unsecured claims.</p>
</text>
<copyright>(c) Reuters Limited 1997</copyright>
<metadata>
<codes class="bip:countries:1.0">
  <code code="USA">
    <editdetail attribution="Reuters BIP Coding Group" action="confirmed" date="1997-03-30"/>
  </code>
</codes>
<codes class="bip:industries:1.0">
  <code code="I61000">
    <editdetail attribution="Reuters BIP Coding Group" action="confirmed" date="1997-03-30"/>
  </code>
</codes>
<codes class="bip:topics:1.0">
  <code code="C16">
    <editdetail attribution="Reuters BIP Coding Group" action="confirmed" date="1997-03-30"/>
  </code>
  <code code="C17">
    <editdetail attribution="Reuters BIP Coding Group" action="confirmed" date="1997-03-30"/>
  </code>
  <code code="CCAT">
    <editdetail attribution="Reuters BIP Coding Group" action="confirmed" date="1997-03-30"/>
  </code>
</codes>
<dc element="dc.date.created" value="1997-03-30"/>
<dc element="dc.publisher" value="Reuters Holdings Plc"/>
<dc element="dc.date.published" value="1997-03-30"/>
<dc element="dc.source" value="Reuters"/>
<dc element="dc.creator.location" value="VAN NUYS, Calif."/>
<dc element="dc.creator.location.country.name" value="USA"/>
<dc element="dc.source" value="Reuters"/>
</metadata>
</newsitem>
