<?xml version="1.0" encoding="iso-8859-1" ?>
<newsitem itemid="475656" id="root" date="1997-03-30" xml:lang="en">
<title>PERU: Fujimori sees no quick end to Peru hostage ordeal.</title>
<headline>Fujimori sees no quick end to Peru hostage ordeal.</headline>
<byline>James Craig</byline>
<dateline>LIMA 1997-03-30</dateline>
<text>
<p>President Alberto Fujimori said on Sunday he did not foresee a quick end to Peru's 103-day hostage crisis but insisted progress has been made to resolve peacefully the siege at the Japanese ambassador's home.</p>
<p>&quot;There was a lot of speculation during Holy Week that there would be a peaceful solution but we were conscious that we were not in the final stage, that the conditions were not right,&quot; Fujimori said. &quot;Naturally, we are hopeful that it will be the soonest possible, but we do not glimpse a date&quot; for an accord with the guerrillas holding 72 hostages, he said.</p>
<p>His comments in a television interview further dampened speculation that face-to-face talks between the government and Tupac Amaru Revolutionary Movement (MRTA) rebels expected on Monday or Tuesday would lead to a break in Latin America's longest hostage crisis.</p>
<p>A tired-looking Fujimori told local TV channel Frecuencia Latina that a three-man guarantors commission mediating in the crisis would continue &quot;preparing the ground&quot; for a meeting between the rebels and government negotiator Domingo Palermo, but he did not say when that meeting would occur.</p>
<p>The two sides last met on March 12.</p>
<p>Fujimori sounded more optimistic than either Japan's Prime Minister Ryutaro Hashimoto or rebel leader Nestor Cerpa, who made clear on Saturday the MRTA was insisting on its demand for the freeing of jailed comrades.</p>
<p>&quot;We still don't foresee a peaceful solution soon,&quot; Cerpa said by walkie-talkie from the residence. &quot;The positions are still not really drawing close.&quot;</p>
<p>He denied speculation that the MRTA had opened the way for a deal by accepting a Cuban offer of political asylum.</p>
<p>It was a gloomy Easter Sunday for the hostages, who have also spent Christmas and New Year's in captivity. They held a mass and got chocolate Easter eggs and fresh fruit with their usual daily supply of meals and refreshments.</p>
<p>They also received a visit by the guarantors commission formed by Archbishop Juan Luis Cipriani, Canadian Ambassador Anthony Vincent and Red Cross representative Michel Minnig.</p>
<p>In the television interview, Fujimori repeated his refusal to free jailed MRTA members. &quot;The framework we are in ... is to not accept the release of any prisoner,&quot; he said, but he said a special committee would continue to study pardons for Peruvians unjustly jailed on terrorism or treason charges for alleged ties to Peru's two leftist rebel groups.</p>
<p>Recommendations by a special panel formed before the MRTA stormed the Japanese residence on Dec. 17 led to about 100 pardons. Fujimori said the committee would recommend more pardons but he insisted the hostage crisis &quot;has nothing to do with the liberation of those unjustly condemned.&quot;</p>
<p>He also said his government was working to improve jail conditions, another main concern of rebels who say their comrades are condemned to slow deaths in virtual &quot;tombs.&quot;</p>
<p>Among the hostages are the ambassadors of Japan and Bolivia, Fujimori's brother Pedro, two cabinet ministers, military officers and Japanese businessmen and diplomats.</p>
</text>
<copyright>(c) Reuters Limited 1997</copyright>
<metadata>
<codes class="bip:countries:1.0">
  <code code="JAP">
    <editdetail attribution="Reuters BIP Coding Group" action="confirmed" date="1997-03-30"/>
  </code>
  <code code="PERU">
    <editdetail attribution="Reuters BIP Coding Group" action="confirmed" date="1997-03-30"/>
  </code>
</codes>
<codes class="bip:topics:1.0">
  <code code="GCAT">
    <editdetail attribution="Reuters BIP Coding Group" action="confirmed" date="1997-03-30"/>
  </code>
  <code code="GVIO">
    <editdetail attribution="Reuters BIP Coding Group" action="confirmed" date="1997-03-30"/>
  </code>
</codes>
<dc element="dc.date.created" value="1997-03-30"/>
<dc element="dc.publisher" value="Reuters Holdings Plc"/>
<dc element="dc.date.published" value="1997-03-30"/>
<dc element="dc.source" value="Reuters"/>
<dc element="dc.creator.location" value="LIMA"/>
<dc element="dc.creator.location.country.name" value="PERU"/>
<dc element="dc.source" value="Reuters"/>
</metadata>
</newsitem>
