<?xml version="1.0" encoding="iso-8859-1" ?>
<newsitem itemid="475693" id="root" date="1997-03-30" xml:lang="en">
<title>THAILAND: Thai prime minister leaves for Vietnam visit.</title>
<headline>Thai prime minister leaves for Vietnam visit.</headline>
<dateline>BANGKOK 1997-03-30</dateline>
<text>
<p>Thailand's Prime Minister Chavalit Yongchaiyudh left on Sunday for a two-day official visit to Vietnam, a government spokesman said.</p>
<p>Varathep Ratanakorn told reporters that the premier will promote trade and economic cooperation between the two countries during the visit.</p>
<p>Thailand would like to boost its trade with Vietnam which last year stood at $646.8 million. It will also seek business cooperation with Vietnam, especially in the field of fishery, he said.</p>
<p>Chavalit will inform Hanoi during the visit that Thailand is ready to support Vietnam in building the Vietnamese section of Highway Nine which willl link Thailand, Laos and Vietnam, he said.</p>
</text>
<copyright>(c) Reuters Limited 1997</copyright>
<metadata>
<codes class="bip:countries:1.0">
  <code code="THAIL">
    <editdetail attribution="Reuters BIP Coding Group" action="confirmed" date="1997-03-30"/>
  </code>
  <code code="VIETN">
    <editdetail attribution="Reuters BIP Coding Group" action="confirmed" date="1997-03-30"/>
  </code>
</codes>
<codes class="bip:topics:1.0">
  <code code="E51">
    <editdetail attribution="Reuters BIP Coding Group" action="confirmed" date="1997-03-30"/>
  </code>
  <code code="E512">
    <editdetail attribution="Reuters BIP Coding Group" action="confirmed" date="1997-03-30"/>
  </code>
  <code code="ECAT">
    <editdetail attribution="Reuters BIP Coding Group" action="confirmed" date="1997-03-30"/>
  </code>
  <code code="GCAT">
    <editdetail attribution="Reuters BIP Coding Group" action="confirmed" date="1997-03-30"/>
  </code>
  <code code="GDIP">
    <editdetail attribution="Reuters BIP Coding Group" action="confirmed" date="1997-03-30"/>
  </code>
</codes>
<dc element="dc.date.created" value="1997-03-30"/>
<dc element="dc.publisher" value="Reuters Holdings Plc"/>
<dc element="dc.date.published" value="1997-03-30"/>
<dc element="dc.source" value="Reuters"/>
<dc element="dc.creator.location" value="BANGKOK"/>
<dc element="dc.creator.location.country.name" value="THAILAND"/>
<dc element="dc.source" value="Reuters"/>
</metadata>
</newsitem>
