<?xml version="1.0" encoding="iso-8859-1" ?>
<newsitem itemid="475605" id="root" date="1997-03-30" xml:lang="en">
<title>ZAIRE: Zaire rebels extend deadline for refugee move.</title>
<headline>Zaire rebels extend deadline for refugee move.</headline>
<byline>Matthew Bigg</byline>
<dateline>GOMA, Zaire 1997-03-30</dateline>
<text>
<p>United Nations and other aid workers on Sunday gained a brief reprieve when they launched a big operation to help about 20,000 Rwandan Hutu refugees to comply with orders to leave a temporary camp close to Kisangani.</p>
<p>The U.N. refugee agency said the rebels who seized Zaire's third city two weeks ago had ordered the refugees at Lula, seven km (four miles) south of Kisangani, to move back from the city towards a site 25 km (15 miles) to the south.</p>
<p>The refugees were at first ordered to leave Lula on Sunday, but U.N. officials said they had successfully pleaded with the rebels for the deadline to be extended to Monday.</p>
<p>This would ease what would, in any case, be a massive task, the U.N. workers said.</p>
<p>The refugees had reached Lula, heading for Kisangani, after a four-month trek through the jungle to escape the rebel war.</p>
<p>The rebels gave no reason for their ultimatum to the refugees. But they had earlier warned the refugees not to try to enter Kisangani and instead to return to their homeland, Rwanda.</p>
<p>The decision to close the camp was disclosed a day after Zaire rebels denied the United Nations World Food Programme access to Lula to bring food.</p>
<p>U.N. officials said they were doing all they could to help the refugees to comply with the order to move out of Lula by providing transport and other facilities.</p>
<p>Kilian Kleinschmidt of the Office of the U.N. High Commissioner for Refugees (UNHCR) said on the telephone from Kisangani: &quot;They have to move, otherwise there is a risk they could be pushed back by the military.&quot;</p>
<p>While he was speaking, workers from a range of aid organisations were loading up a special train in Kisangani with 100 tonnes of food, medical supplies, blankets and other essentials.</p>
<p>The train was to deliver the aid materials to up to 40,000 Rwandan Hutu refugees gathered at a point on the railway line 41 km (25 miles) south of Kisangani.</p>
<p>Aid agencies had earlier warned that thousands of these refugees trapped near the railway line could die unless they were quickly provided with food, water and medicine.</p>
<p>At least 500 refugees have died since arriving at the village of Ubilo 82 km (51 miles) south of the city on March 16, according to the Zairean Red Cross.</p>
<p>And the rebels have killed about 100 armed refugees in clashes since taking Kisangani, according to Red Cross officials.</p>
<p>Rebels from the Alliance of Democratic Forces for the Liberation of Congo (ADFL) have seized control of about a quarter of the country since last October in a war to oust ailing President Mobutu Sese Seko.</p>
<p>Negotiations between the ADFL and envoys of Mobutu could start early this week, probably in South Africa, according to an Alliance spokesman.</p>
<p>Senior ADFL officials say members of the former Rwandan government army (FAR) and Interahamwe militia among the refugees pose a military threat, while the refugees themselves distract attention from impoverished and displaced Zaireans.</p>
<p>More than a million Hutus fled camps on the Rwandan and Burundian border last October and November at the start of a campaign by rebels fighting the Zairean army.</p>
<p>About 600,000 returned to Rwanda in November via Goma, but hundreds of thousands more fled west into the jungle, including former Rwandan army troops and Interahamwe held responsible for massacres during the 1994 genocide in Rwanda.</p>
<p>Since then the refugees -- now begging to return home -- have set up a series of makeshift camps and fled before the rebel advance in a trek that has hampered relief efforts.</p>
<p>UNHCR said it was appealing to donors for money to fly the most vulnerable refugees direct to the Rwandan capital Kigali from Kisangani at a rate of up to 2,000 per day. The rest, once they were strong enough, could then return to Rwanda overland by truck, barge and on foot.</p>
</text>
<copyright>(c) Reuters Limited 1997</copyright>
<metadata>
<codes class="bip:countries:1.0">
  <code code="BURUN">
    <editdetail attribution="Reuters BIP Coding Group" action="confirmed" date="1997-03-30"/>
  </code>
  <code code="RWANDA">
    <editdetail attribution="Reuters BIP Coding Group" action="confirmed" date="1997-03-30"/>
  </code>
  <code code="UN">
    <editdetail attribution="Reuters BIP Coding Group" action="confirmed" date="1997-03-30"/>
  </code>
  <code code="ZAIRE">
    <editdetail attribution="Reuters BIP Coding Group" action="confirmed" date="1997-03-30"/>
  </code>
</codes>
<codes class="bip:topics:1.0">
  <code code="GCAT">
    <editdetail attribution="Reuters BIP Coding Group" action="confirmed" date="1997-03-30"/>
  </code>
  <code code="GDIP">
    <editdetail attribution="Reuters BIP Coding Group" action="confirmed" date="1997-03-30"/>
  </code>
  <code code="GPOL">
    <editdetail attribution="Reuters BIP Coding Group" action="confirmed" date="1997-03-30"/>
  </code>
  <code code="GVIO">
    <editdetail attribution="Reuters BIP Coding Group" action="confirmed" date="1997-03-30"/>
  </code>
</codes>
<dc element="dc.date.created" value="1997-03-30"/>
<dc element="dc.publisher" value="Reuters Holdings Plc"/>
<dc element="dc.date.published" value="1997-03-30"/>
<dc element="dc.source" value="Reuters"/>
<dc element="dc.creator.location" value="GOMA, Zaire"/>
<dc element="dc.creator.location.country.name" value="ZAIRE"/>
<dc element="dc.source" value="Reuters"/>
</metadata>
</newsitem>
