<?xml version="1.0" encoding="iso-8859-1" ?>
<newsitem itemid="475625" id="root" date="1997-03-30" xml:lang="en">
<title>ALBANIA: Albanian port warns Italian soldiers to stay away.</title>
<headline>Albanian port warns Italian soldiers to stay away.</headline>
<byline>Stephen Weeks</byline>
<dateline>TIRANA 1997-03-30</dateline>
<text>
<p>Albanians angered by the sinking of a refugee boat in a collision with an Italian navy ship told Italian soldiers in a planned multinational security force on Sunday to stay away from the southern port of Vlore.</p>
<p>&quot;I warn Italian soldiers not to come to Vlore, otherwise they will be killed,&quot; said Aida, 35, who attended a rally of some 7,000 people in Vlore to mourn the dead.</p>
<p>Albanian politicians and the public expressed outrage at the sinking of the crowded boat, which had left from Vlore and sank after an Italian corvette tried to intercept it in the southern Adriatic on Friday.</p>
<p>&quot;According to our information, 79 people are missing. They are mostly women and children. This is a national tragedy,&quot; Foreign Minister Arjan Starova told parliament.</p>
<p>Italy said four bodies had been recovered and 34 survivors picked up. The corvette was enforcing Italy's policy of turning back illegal refugees trying to flee from widespread civil strife in Albania.</p>
<p>Anger was especially strong in Vlore, centre of a month-long revolt against rightist President Sali Berisha and embarkation point for the ill-fated refugees. Many refugees came from Vlore itself and have families there.</p>
<p>&quot;If a ferryboat comes to Vlore from Italy we will take our revenge,&quot; Kranar, 27, said at the rally.</p>
<p>In a statement to the crowd, the self-styled Committee of Public Salvation called on Italy to compensate the families of the dead and do everything possible to recover the bodies and send them home for burial.</p>
<p>&quot;We accuse the Italian government of intentionally sinking the Albanian patrol boat and call it an irresponsible killer,&quot; it said, adding that an international court should &quot;rule on the matter and punish the guilty.&quot;</p>
<p>Diplomats in Tirana said the Italian-led multinational force, expected to arrive in Albania over the next few weeks to protect international relief efforts, might delay sending troops to Vlore because of the hostility there.</p>
<p>&quot;The situation in Vlore was already fragile. This (the sinking) came at a very unfortunate time and has raised passions in the region. It might be better to deploy elsewhere first,&quot; one European Union diplomat said.</p>
<p>The 2,500-strong force is being put together after receiving approval from the United Nations on Friday. Among the countries expected to contribute troops or police participate are Italy, France, Greece, Spain and Portugal.</p>
<p>The plan, pushed hard by Italy, is to send the force to Tirana airport and the ports of Vlore and Durres to protect aid supplies. It will also oversee aid convoys throughout the country.</p>
<p>Italy and Greece, Albania's EU neighbours, have expressed deep concern that the crisis sweeping the Balkan country could trigger a massive wave of illegal immigration. More than 13,000 Albanians have fled to Italy this month.</p>
<p>Both countries were flooded by illegal Albanian workers in 1991 and 1992 after a ruthless Stalinist regime collapsed after 45 years in power.</p>
<p>So far Greece has pledged 1,000 troops for the force and France 800. The total strength is expected to be about 5,000, with about half deployed initially and half in reserve.</p>
</text>
<copyright>(c) Reuters Limited 1997</copyright>
<metadata>
<codes class="bip:countries:1.0">
  <code code="ALB">
    <editdetail attribution="Reuters BIP Coding Group" action="confirmed" date="1997-03-30"/>
  </code>
  <code code="ITALY">
    <editdetail attribution="Reuters BIP Coding Group" action="confirmed" date="1997-03-30"/>
  </code>
</codes>
<codes class="bip:topics:1.0">
  <code code="GCAT">
    <editdetail attribution="Reuters BIP Coding Group" action="confirmed" date="1997-03-30"/>
  </code>
  <code code="GDIP">
    <editdetail attribution="Reuters BIP Coding Group" action="confirmed" date="1997-03-30"/>
  </code>
  <code code="GDIS">
    <editdetail attribution="Reuters BIP Coding Group" action="confirmed" date="1997-03-30"/>
  </code>
  <code code="GPOL">
    <editdetail attribution="Reuters BIP Coding Group" action="confirmed" date="1997-03-30"/>
  </code>
  <code code="GVIO">
    <editdetail attribution="Reuters BIP Coding Group" action="confirmed" date="1997-03-30"/>
  </code>
</codes>
<dc element="dc.date.created" value="1997-03-30"/>
<dc element="dc.publisher" value="Reuters Holdings Plc"/>
<dc element="dc.date.published" value="1997-03-30"/>
<dc element="dc.source" value="Reuters"/>
<dc element="dc.creator.location" value="TIRANA"/>
<dc element="dc.creator.location.country.name" value="ALBANIA"/>
<dc element="dc.source" value="Reuters"/>
</metadata>
</newsitem>
