<?xml version="1.0" encoding="iso-8859-1" ?>
<newsitem itemid="475651" id="root" date="1997-03-30" xml:lang="en">
<title>USA: Integrated Brands Inc 1996 loss vs profit.</title>
<headline>Integrated Brands Inc 1996 loss vs profit.</headline>
<dateline>RONKONKOMA, N.Y. 1997-03-28</dateline>
<text>
<p>Dec. 28, 1996	    Dec. 30, 1995</p>
<p> Revenues		   $42,853,000		$37,969,000</p>
<p> Net income (loss)     ( 2,928,000)		    713,000</p>
<p>Earnings (loss) per</p>
<p> common share		    ( .29)			  .07</p>
<p>Average number of</p>
<p>Common shares and</p>
<p>common equivalent</p>
<p>  shares outstanding     10,120,000		 10,243,000</p>
</text>
<copyright>(c) Reuters Limited 1997</copyright>
<metadata>
<codes class="bip:countries:1.0">
  <code code="USA">
    <editdetail attribution="Reuters BIP Coding Group" action="confirmed" date="1997-03-30"/>
  </code>
</codes>
<codes class="bip:industries:1.0">
  <code code="I42100">
    <editdetail attribution="Reuters BIP Coding Group" action="confirmed" date="1997-03-30"/>
  </code>
</codes>
<codes class="bip:topics:1.0">
  <code code="C15">
    <editdetail attribution="Reuters BIP Coding Group" action="confirmed" date="1997-03-30"/>
  </code>
  <code code="C151">
    <editdetail attribution="Reuters BIP Coding Group" action="confirmed" date="1997-03-30"/>
  </code>
  <code code="C1511">
    <editdetail attribution="Reuters BIP Coding Group" action="confirmed" date="1997-03-30"/>
  </code>
  <code code="CCAT">
    <editdetail attribution="Reuters BIP Coding Group" action="confirmed" date="1997-03-30"/>
  </code>
</codes>
<dc element="dc.date.created" value="1997-03-28"/>
<dc element="dc.publisher" value="Reuters Holdings Plc"/>
<dc element="dc.date.published" value="1997-03-30"/>
<dc element="dc.source" value="Reuters"/>
<dc element="dc.creator.location" value="RONKONKOMA, N.Y."/>
<dc element="dc.creator.location.country.name" value="USA"/>
<dc element="dc.source" value="Reuters"/>
</metadata>
</newsitem>
