<?xml version="1.0" encoding="iso-8859-1" ?>
<newsitem itemid="475603" id="root" date="1997-03-30" xml:lang="en">
<title>UK: UK Conservative MPs defy party call to step down.</title>
<headline>UK Conservative MPs defy party call to step down.</headline>
<byline>David Ljunggren</byline>
<dateline>LONDON 1997-03-30</dateline>
<text>
<p>Two Conservative members of parliament embroiled in sleaze allegations looked set to infuriate leaders of Britain's ruling party on Sunday by defying heavy pressure to step down.</p>
<p>Several newspapers said Prime Minister John Major, alarmed that the sleaze issue was still leading the news ahead of a general election on May 1, had made it clear that Neil Hamilton and Piers Merchant should step down.</p>
<p>&quot;Mr Major is distraught at the way it has dominated the agenda and is desperate to go on the attack, but it is impossible,&quot; a senior aide told the Express on Sunday.</p>
<p>&quot;We have to get it done and get it done fast. They must be out of the way before the (Conservative election) manifesto is published on Wednesday.&quot;</p>
<p>But both Hamilton and Merchant appeared determined to stay, even though this could hand the opposition Labour party more ammunition in its bid to win power for the first time in 18 years.</p>
<p>The Conservative party's chairman in Scotland, Sir Michael Hirst, resigned on Saturday because of a &quot;personal indiscretion,&quot; hours before newspapers printed allegations about his relationship with a young male researcher.</p>
<p>Hirst was the third senior Conservative to quit in a week dominated by money and sexual scandals as the Conservatives were thwarted in their attempts to dent Labour's 25 point lead in opinion polls.</p>
<p>Senior party officials have clearly indicated that they want Merchant to step down from the safe seat of Beckenham after newspapers alleged he had an affair with a 17-year-old nightclub hostess.</p>
<p>But a meeting of local party officials decided he had been framed and should stand again in the elction, a decision roundly condemned by the usually pro-Conservative News of the World tabloid.</p>
<p>&quot;Do they think the newspapers are making it all up, pictures and all?&quot; it asked. &quot;Or is the truth that the Beckenham hierarchy are blind to the interests of John Major and family? Blind to the native intelligence and decency of the voter in the street?</p>
<p>&quot;Either way, these arrogant bigwigs will get the answer they deserve on May 1.&quot;</p>
<p>Hamilton, a former junior minister Hamilton accused of taking thousands of pounds in cash to ask questions in parliament, was in defiant mood, handing over documents to the Sunday Telegraph which he said proved his innocence.</p>
<p>Bookmakers William Hill dropped its odds on a Labour election victory to just six-to-one on, the shortest they have been since the party lost power in 1979, and offered odds of 11-to-one against Major's re-election.</p>
<p>A poll in the News of the World said Labour had a 40 percent lead among people who would be voting for the first time while a Mail on Sunday survey said it enjoyed a 22 percent lead among women.</p>
</text>
<copyright>(c) Reuters Limited 1997</copyright>
<metadata>
<codes class="bip:countries:1.0">
  <code code="UK">
    <editdetail attribution="Reuters BIP Coding Group" action="confirmed" date="1997-03-30"/>
  </code>
</codes>
<codes class="bip:topics:1.0">
  <code code="GCAT">
    <editdetail attribution="Reuters BIP Coding Group" action="confirmed" date="1997-03-30"/>
  </code>
  <code code="GPOL">
    <editdetail attribution="Reuters BIP Coding Group" action="confirmed" date="1997-03-30"/>
  </code>
</codes>
<dc element="dc.date.created" value="1997-03-30"/>
<dc element="dc.publisher" value="Reuters Holdings Plc"/>
<dc element="dc.date.published" value="1997-03-30"/>
<dc element="dc.source" value="Reuters"/>
<dc element="dc.creator.location" value="LONDON"/>
<dc element="dc.creator.location.country.name" value="UK"/>
<dc element="dc.source" value="Reuters"/>
</metadata>
</newsitem>
