<?xml version="1.0" encoding="iso-8859-1" ?>
<newsitem itemid="475796" id="root" date="1997-03-30" xml:lang="en">
<title>QATAR: Qatar budget sees higher 97/98 spending, revenue.</title>
<headline>Qatar budget sees higher 97/98 spending, revenue.</headline>
<dateline>DOHA 1997-03-30</dateline>
<text>
<p>Qatar on Sunday announced a 1997/98 budget projecting higher spending of 16.38 billion riyals ($4.5 billion) and increased revenue of 13.39 billion on a slightly higher deficit of 2.98 billion, the Finance Ministry said.</p>
<p>The ministry statement, carried by the official Qatari news agency, said the budget runs from April 1.</p>
<p>The 1996/97 deficit was 2.95 billion riyals on spending of 13.75 billion and revenue of 10.80 billion.  </p>
<p>The ministry statement did not say what oil price the budget was based on, but Qatar's Energy and Industry Minister Abdullah bin Hamad al-Attiyah said on March 19 the OPEC producer would base its 97/98 budget at $16 a barrel of oil, up 40 cents from the last financial year.</p>
<p>Qatar receives about 70 percent of its state revenues from oil sales and the rest from hydrocarbon-based industries. In the 1997/98 financial year, Qatar coffers will be boosted by higher oil output and revenues from its Qatargas LNG plant.</p>
<p>The statement said the budget was part of government plans to wipe out the deficit by the year 2000, diversify the economy and increase public income.</p>
</text>
<copyright>(c) Reuters Limited 1997</copyright>
<metadata>
<codes class="bip:countries:1.0">
  <code code="QATAR">
    <editdetail attribution="Reuters BIP Coding Group" action="confirmed" date="1997-03-30"/>
  </code>
</codes>
<codes class="bip:topics:1.0">
  <code code="E21">
    <editdetail attribution="Reuters BIP Coding Group" action="confirmed" date="1997-03-30"/>
  </code>
  <code code="E211">
    <editdetail attribution="Reuters BIP Coding Group" action="confirmed" date="1997-03-30"/>
  </code>
  <code code="ECAT">
    <editdetail attribution="Reuters BIP Coding Group" action="confirmed" date="1997-03-30"/>
  </code>
</codes>
<dc element="dc.date.created" value="1997-03-30"/>
<dc element="dc.publisher" value="Reuters Holdings Plc"/>
<dc element="dc.date.published" value="1997-03-30"/>
<dc element="dc.source" value="Reuters"/>
<dc element="dc.creator.location" value="DOHA"/>
<dc element="dc.creator.location.country.name" value="QATAR"/>
<dc element="dc.source" value="Reuters"/>
</metadata>
</newsitem>
