<?xml version="1.0" encoding="iso-8859-1" ?>
<newsitem itemid="475756" id="root" date="1997-03-30" xml:lang="en">
<title>DUBAI: EgyptAir takes Libyan pilgrims to Jeddah.</title>
<headline>EgyptAir takes Libyan pilgrims to Jeddah.</headline>
<dateline>DUBAI 1996-03-31</dateline>
<text>
<p>The first EgyptAir flight carrying Libyans to Saudi Arabia for the annual Moslem haj pilgrimage in Mecca next month landed at Jeddah airport on Sunday, airline officials said.</p>
<p>&quot;The Airbus A-300 plane carrying 253 passengers arrived in Jeddah shortly before midnight on Sunday and more will follow within the schedule, with six set for Monday alone,&quot; the official told Reuters by telephone from the kingdom.</p>
<p>EgyptAir said earlier this month it would fly 11,000 Libyans to Saudi Arabia on 45 flights from Libya's capital Tripoli and eastern port of Benghazi between March 30 and April 11. It flew an experimental flight to Jeddah on Saturday.</p>
<p>Libya is under a United Nations air embargo, but a U.N. Security Council commission has allowed EgyptAir to transport Libyans to Saudi Arabia.</p>
<p>The U.N. imposed flight sanctions on Libya in 1992 for failing to hand over two Libyan suspects for trial in the United States or Britain for the 1988 bombing of a Pan Am plane over Lockerbie, Scotland, that killed 270 people.</p>
<p>All flights must be non-stop between the authorised destinations and none of the planes used may be owned by or leased from Libya, which is not to gain financially from the flights.</p>
<p>Libya has occasionally violated the sanctions. The Libyan news agency JANA said on Saturday a Libyan Arab Airlines plane landed at Jeddah in defiance of the sanctions.</p>
<p>It said the flight was one of four planned departures from several Libyan airports to carry pilgrims to Saudi Arabia for the haj pilgrimage.</p>
</text>
<copyright>(c) Reuters Limited 1997</copyright>
<metadata>
<codes class="bip:countries:1.0">
  <code code="EGYPT">
    <editdetail attribution="Reuters BIP Coding Group" action="confirmed" date="1997-03-30"/>
  </code>
  <code code="LIBYA">
    <editdetail attribution="Reuters BIP Coding Group" action="confirmed" date="1997-03-30"/>
  </code>
  <code code="SAARAB">
    <editdetail attribution="Reuters BIP Coding Group" action="confirmed" date="1997-03-30"/>
  </code>
</codes>
<codes class="bip:industries:1.0">
  <code code="I75000">
    <editdetail attribution="Reuters BIP Coding Group" action="confirmed" date="1997-03-30"/>
  </code>
</codes>
<codes class="bip:topics:1.0">
  <code code="C21">
    <editdetail attribution="Reuters BIP Coding Group" action="confirmed" date="1997-03-30"/>
  </code>
  <code code="CCAT">
    <editdetail attribution="Reuters BIP Coding Group" action="confirmed" date="1997-03-30"/>
  </code>
  <code code="GCAT">
    <editdetail attribution="Reuters BIP Coding Group" action="confirmed" date="1997-03-30"/>
  </code>
  <code code="GDIP">
    <editdetail attribution="Reuters BIP Coding Group" action="confirmed" date="1997-03-30"/>
  </code>
  <code code="GREL">
    <editdetail attribution="Reuters BIP Coding Group" action="confirmed" date="1997-03-30"/>
  </code>
</codes>
<dc element="dc.date.created" value="1996-03-31"/>
<dc element="dc.publisher" value="Reuters Holdings Plc"/>
<dc element="dc.date.published" value="1997-03-30"/>
<dc element="dc.source" value="Reuters"/>
<dc element="dc.creator.location" value="DUBAI"/>
<dc element="dc.creator.location.country.name" value="DUBAI"/>
<dc element="dc.source" value="Reuters"/>
</metadata>
</newsitem>
