<?xml version="1.0" encoding="iso-8859-1" ?>
<newsitem itemid="475783" id="root" date="1997-03-30" xml:lang="en">
<title>EGYPT: Egypt pound rates steady to firm in quiet market.</title>
<headline>Egypt pound rates steady to firm in quiet market.</headline>
<dateline>CAIRO 1997-03-30</dateline>
<text>
<p>Overnight interbank rates on the Egyptian pound were steady in a quiet private-sector market on Sunday at between eight and 9-1/4 percent, against between eight and nine percent on Thursday, bankers said.</p>
<p>One banker quoted a range of nine to 9-3/4 but said he had not dealt.</p>
<p>Bankers quoted one-week rates at between 8-1/2 and 9-3/4 percent but most said they had not dealt. On Thursday one-week rates ranged from eight to nine percent.</p>
<p>The bankers said the market was unusually liquid for a Sunday, normally the tightest time of the trading week.</p>
<p>($1 = 3.395 pounds)</p>
<p>-- Cairo newsroom +202 578 3290/1</p>
</text>
<copyright>(c) Reuters Limited 1997</copyright>
<metadata>
<codes class="bip:countries:1.0">
  <code code="EGYPT">
    <editdetail attribution="Reuters BIP Coding Group" action="confirmed" date="1997-03-30"/>
  </code>
</codes>
<codes class="bip:topics:1.0">
  <code code="M13">
    <editdetail attribution="Reuters BIP Coding Group" action="confirmed" date="1997-03-30"/>
  </code>
  <code code="M131">
    <editdetail attribution="Reuters BIP Coding Group" action="confirmed" date="1997-03-30"/>
  </code>
  <code code="M132">
    <editdetail attribution="Reuters BIP Coding Group" action="confirmed" date="1997-03-30"/>
  </code>
  <code code="MCAT">
    <editdetail attribution="Reuters BIP Coding Group" action="confirmed" date="1997-03-30"/>
  </code>
</codes>
<dc element="dc.date.created" value="1997-03-30"/>
<dc element="dc.publisher" value="Reuters Holdings Plc"/>
<dc element="dc.date.published" value="1997-03-30"/>
<dc element="dc.source" value="Reuters"/>
<dc element="dc.creator.location" value="CAIRO"/>
<dc element="dc.creator.location.country.name" value="EGYPT"/>
<dc element="dc.source" value="Reuters"/>
</metadata>
</newsitem>
