<?xml version="1.0" encoding="iso-8859-1" ?>
<newsitem itemid="475732" id="root" date="1997-03-30" xml:lang="en">
<title>ISRAEL: Israel slams Arab League decision.</title>
<headline>Israel slams Arab League decision.</headline>
<dateline>JERUSALEM 1997-03-30</dateline>
<text>
<p>Israel branded as absurd an Arab League resolution on Sunday recommending that member countries suspend steps towards normal relations with it.</p>
<p>&quot;Normal neighbourly relations and regional co-operation are supposed to be an asset and a common interest for all countries in this region,&quot; Foreign Ministry spokesman Ygal Palmor told Reuters.</p>
<p>&quot;It is absurd that they are being deemed as a whip, so to speak, to be used against Israel whenever there is a crisis in the peace process,&quot; he said.</p>
<p>In Cairo, Syrian Foreign Minister Farouq al-Shara and Palestinian leader Farouk Kaddoumi told reporters that the same resolution, which passed unanimously, also recommended restoring the Arab boycott of Israel.</p>
<p>The decision was taken at the regular six-monthly meeting of foreign ministers of Arab League states at the league headquarters in Cairo.</p>
<p>It was the latest blow to the Middle East peace process which was plunged into crisis this month when Israel broke ground for a new Jewish settlement in Arab East Jerusalem.</p>
<p>Palestinians say settlement in Jerusalem pre-empts negotiations which are to be held on the city's status at final peace talks. Palestinian youths have clashed with Israeli troops for 11 straight days in unrest spurred by the settlement.</p>
<p>The final text was not immediately available but a draft in circulation earlier recommended Arab states stop normalisation, reactivate the boycott, close down Israeli offices and missions and withdraw from multilateral Middle East talks.</p>
<p>Shara, asked if the boycott was in the text, said: &quot;Yes, yes, clearly... It is clearer and stronger and it has been adopted unanimously.&quot;</p>
<p>Kaddoumi said: &quot;They (the ministers) have emphasised their boycott at the first degree.&quot; The first-degree boycott, abandoned by same Arab states over the past three years, bans direct commercial dealings with Israeli companies.</p>
</text>
<copyright>(c) Reuters Limited 1997</copyright>
<metadata>
<codes class="bip:countries:1.0">
  <code code="ARABST">
    <editdetail attribution="Reuters BIP Coding Group" action="confirmed" date="1997-03-30"/>
  </code>
  <code code="EGYPT">
    <editdetail attribution="Reuters BIP Coding Group" action="confirmed" date="1997-03-30"/>
  </code>
  <code code="ISRAEL">
    <editdetail attribution="Reuters BIP Coding Group" action="confirmed" date="1997-03-30"/>
  </code>
  <code code="SYRIA">
    <editdetail attribution="Reuters BIP Coding Group" action="confirmed" date="1997-03-30"/>
  </code>
</codes>
<codes class="bip:topics:1.0">
  <code code="E51">
    <editdetail attribution="Reuters BIP Coding Group" action="confirmed" date="1997-03-30"/>
  </code>
  <code code="ECAT">
    <editdetail attribution="Reuters BIP Coding Group" action="confirmed" date="1997-03-30"/>
  </code>
  <code code="GCAT">
    <editdetail attribution="Reuters BIP Coding Group" action="confirmed" date="1997-03-30"/>
  </code>
  <code code="GDIP">
    <editdetail attribution="Reuters BIP Coding Group" action="confirmed" date="1997-03-30"/>
  </code>
</codes>
<dc element="dc.date.created" value="1997-03-30"/>
<dc element="dc.publisher" value="Reuters Holdings Plc"/>
<dc element="dc.date.published" value="1997-03-30"/>
<dc element="dc.source" value="Reuters"/>
<dc element="dc.creator.location" value="JERUSALEM"/>
<dc element="dc.creator.location.country.name" value="ISRAEL"/>
<dc element="dc.source" value="Reuters"/>
</metadata>
</newsitem>
