<?xml version="1.0" encoding="iso-8859-1" ?>
<newsitem itemid="475722" id="root" date="1997-03-30" xml:lang="en">
<title>HONG KONG: Telecommunications deregulation a trend in Asia.</title>
<headline>Telecommunications deregulation a trend in Asia.</headline>
<byline>Marguerite Nugent</byline>
<dateline>HONG KONG 1997-03-30</dateline>
<text>
<p>Singapore joins the push to deregulate Asia's telecommunications markets on April 1 when its largest telecoms provider, Singapore Telecommunications Ltd, relinquishes its once-prized monopoly of the domestic market.</p>
<p>SingTel, as it is commonly known, has had the monopoly on telecommunications services since it was privatised in 1992.</p>
<p>Come April 1, MobileOne will become a competitor in the mobile phone market, while three other companies will launch rival pager services.</p>
<p>In other parts of Asia the heat is on to break up old monopolies and, in some places, sooner rather than later.</p>
<p>JAPAN</p>
<p>The push toward deregulation is particularly evident in Japan. The country's main domestic operator Nippon Telegraph and Telephone Corp will form a holding company and be split into three companies under a bill to be passed by Japan's Diet, or parliament, by the end of June.</p>
<p>NTT looks to begin the process as soon as possible and already is looking to enter international services later this year, among other things.</p>
<p>HONG KONG</p>
<p>Hong Kong Telecommunications Ltd is still the dominant telecoms operator in the territory, but deregulation and competition are eating into its position.</p>
<p>The government ended the company's monopoly on domestic fixed-line services in 1995.</p>
<p>Hongkong Telecom still has a monopoly on international voice traffic, but the government is holding talks on the subject with the company and analysts expect the monopoly will not last until its designated ending in 2006.</p>
<p>The result of the talks will affect Hong Kong's international position, especially within the context of the World Trade Organisation, and its domestic situation in which local calls are essentially free.</p>
<p>TAIWAN</p>
<p>Taiwan in January awarded eight mobile phone franchises to local consortiums, most of which were paired with global telecom giants.</p>
<p>However, Taiwan restricts foreign ownership of any telecoms venture at 20 percent to guard against a foreign monopoly.</p>
<p>The government has said that the dismantling of the island's telecoms company is a key liberalisation aimed at ensuring Taiwan's entry to the World Trade Organisation.</p>
<p>Analysts expect the local telecoms market, long monopolised by the state, to double in size in three to five years.</p>
<p>MALAYSIA</p>
<p>Currently there are five operators with fixed national and international gateway licences, and a total of six operators of mobile cellular services in the country.</p>
<p>But analysts say there is room for more change.</p>
<p>Tariffs are still subject to a price ceiling, with operators able to offer special discounts, but not indefinitely.</p>
<p>Such changes were seen more likely to occur after 1999, when Malaysia will allow consumers equal access to all the fixed-line operators in the country.</p>
<p>Foreign companies are allowed to own up to 30 percent of Malaysian companies.</p>
<p>Analysts said it was unlikely that large foreign operators would be allowed to provide services in direct competition with local players in the foreseeable future.</p>
<p>THE PHILIPPINES</p>
<p>The Philippines telecommunications sector was liberalised in 1993 with the passage of two laws that divided the country into service areas and required interconnection among local players assigned in the 11 areas of the country.</p>
<p>Prior to these laws, the Philippine Long Distance Telecommunications Co dominated the market.</p>
<p>The country now has 11 international gateway facility operators, 12 paging operators, five cellular phone companies and 11 local exchange operators.</p>
<p>Analysts see consolidation and mergers as the future trend to help the overcrowded sector achieve economies of scale.</p>
<p>&quot;We think only four to five telecom firms will remain,&quot; Helen Alvarez, research director at All Asia Securities said.</p>
<p>Philippine telecoms firms are also aware of the need to &quot;re-balance&quot; rates to lessen dependence on revenues from international calls.</p>
</text>
<copyright>(c) Reuters Limited 1997</copyright>
<metadata>
<codes class="bip:countries:1.0">
  <code code="SINGP">
    <editdetail attribution="Reuters BIP Coding Group" action="confirmed" date="1997-03-30"/>
  </code>
</codes>
<codes class="bip:industries:1.0">
  <code code="I79020">
    <editdetail attribution="Reuters BIP Coding Group" action="confirmed" date="1997-03-30"/>
  </code>
</codes>
<codes class="bip:topics:1.0">
  <code code="C13">
    <editdetail attribution="Reuters BIP Coding Group" action="confirmed" date="1997-03-30"/>
  </code>
  <code code="C34">
    <editdetail attribution="Reuters BIP Coding Group" action="confirmed" date="1997-03-30"/>
  </code>
  <code code="CCAT">
    <editdetail attribution="Reuters BIP Coding Group" action="confirmed" date="1997-03-30"/>
  </code>
</codes>
<dc element="dc.date.created" value="1997-03-30"/>
<dc element="dc.publisher" value="Reuters Holdings Plc"/>
<dc element="dc.date.published" value="1997-03-30"/>
<dc element="dc.source" value="Reuters"/>
<dc element="dc.creator.location" value="HONG KONG"/>
<dc element="dc.creator.location.country.name" value="HONG KONG"/>
<dc element="dc.source" value="Reuters"/>
</metadata>
</newsitem>
