<?xml version="1.0" encoding="iso-8859-1" ?>
<newsitem itemid="475724" id="root" date="1997-03-30" xml:lang="en">
<title>HONG KONG: Rat poison kills child, sickens 60 in China - paper.</title>
<headline>Rat poison kills child, sickens 60 in China - paper.</headline>
<dateline>HONG KONG 1997-03-30</dateline>
<text>
<p>One child died and 60 people were in hospital in southern China after eating food tainted with rat poison, a Hong Kong newspaper reported on Sunday.</p>
<p>Officials in the city of Guangzhou in Guangdong province were quoted by the Apple Daily as saying they were investigating the poisoning on Saturday.</p>
<p>The newspaper gave no further details.</p>
<p>Earlier this month a truck carrying 200 drums of cyanide plunged into a tributary of the Pearl River which flows through Guangdong. No deaths or illnesses were reported.</p>
</text>
<copyright>(c) Reuters Limited 1997</copyright>
<metadata>
<codes class="bip:countries:1.0">
  <code code="CHINA">
    <editdetail attribution="Reuters BIP Coding Group" action="confirmed" date="1997-03-30"/>
  </code>
  <code code="HKONG">
    <editdetail attribution="Reuters BIP Coding Group" action="confirmed" date="1997-03-30"/>
  </code>
</codes>
<codes class="bip:topics:1.0">
  <code code="GCAT">
    <editdetail attribution="Reuters BIP Coding Group" action="confirmed" date="1997-03-30"/>
  </code>
  <code code="GHEA">
    <editdetail attribution="Reuters BIP Coding Group" action="confirmed" date="1997-03-30"/>
  </code>
</codes>
<dc element="dc.date.created" value="1997-03-30"/>
<dc element="dc.publisher" value="Reuters Holdings Plc"/>
<dc element="dc.date.published" value="1997-03-30"/>
<dc element="dc.source" value="Reuters"/>
<dc element="dc.creator.location" value="HONG KONG"/>
<dc element="dc.creator.location.country.name" value="HONG KONG"/>
<dc element="dc.source" value="Reuters"/>
</metadata>
</newsitem>
