<?xml version="1.0" encoding="iso-8859-1" ?>
<newsitem itemid="475766" id="root" date="1997-03-30" xml:lang="en">
<title>ISRAEL: Israeli bonds end higher in quiet trade.</title>
<headline>Israeli bonds end higher in quiet trade.</headline>
<dateline>TEL AVIV 1997-03-30</dateline>
<text>
<p>Israeli bonds closed higher on Sunday in response to buying by provident funds in otherwise quiet trading, traders said.</p>
<p>Indices:</p>
<p>* Government bonds general: +0.05 pct to 104.5</p>
<p>* CPI-linked government bonds: +0.06 pct to 104.63</p>
<p>* Unlinked government bonds (Gilon -- issued for four years): +0.09 pct to 104.33</p>
<p>* Dollar-linked government bonds: -0.13 pct to 103.78</p>
<p>* Bank of Israel short-term Makam bills: +0.07 to 103.46</p>
<p>Volume was a moderate 138 million shekels with most of the activity concentrated in the Makam.</p>
<p>&quot;The market was very quiet today. The only active players were the provident funds. The funds continue to post net inflows and they need to invest the money in bonds,&quot; said Roy Meir of Simodan Brokerage House.</p>
<p>&quot;CPI-linked long bonds continued rising but on relatively low volume,&quot; said Eyal Kolka of Sigma Securities. &quot;Yields on inflation-linked bonds have fallen over the last six months from 5.25 percent to 4.1 percent and they are less attractive now.&quot;</p>
<p>Unlinked bonds were today's main gainers but volume was low, traders said.</p>
<p>&quot;The market has reached an equilibrium and is expected to remain stable at the current level,&quot; Meir said.</p>
<p>Kolka added that despite the rise in prices for unlinked bonds yields remained unchanged.</p>
<p>Makams also rose on volume of 71 million shekels, but traders noted that they usually rose after the weekend.</p>
<p>Dollar-linked bonds fell sharply following the decline of the dollar on overseas markets over the weekend.</p>
<p>Note: Makams are zero-coupon unlinked certificates with durations of three months to one year. The Bank of Israel issues Makams to absorb liquidity.</p>
<p>($1 = 3.36 shekels)</p>
<p>- Dan Gerstenfeld, Tel Aviv newsroom, 972-3-537-2211</p>
</text>
<copyright>(c) Reuters Limited 1997</copyright>
<metadata>
<codes class="bip:countries:1.0">
  <code code="ISRAEL">
    <editdetail attribution="Reuters BIP Coding Group" action="confirmed" date="1997-03-30"/>
  </code>
</codes>
<codes class="bip:topics:1.0">
  <code code="M12">
    <editdetail attribution="Reuters BIP Coding Group" action="confirmed" date="1997-03-30"/>
  </code>
  <code code="M13">
    <editdetail attribution="Reuters BIP Coding Group" action="confirmed" date="1997-03-30"/>
  </code>
  <code code="M131">
    <editdetail attribution="Reuters BIP Coding Group" action="confirmed" date="1997-03-30"/>
  </code>
  <code code="MCAT">
    <editdetail attribution="Reuters BIP Coding Group" action="confirmed" date="1997-03-30"/>
  </code>
</codes>
<dc element="dc.date.created" value="1997-03-30"/>
<dc element="dc.publisher" value="Reuters Holdings Plc"/>
<dc element="dc.date.published" value="1997-03-30"/>
<dc element="dc.source" value="Reuters"/>
<dc element="dc.creator.location" value="TEL AVIV"/>
<dc element="dc.creator.location.country.name" value="ISRAEL"/>
<dc element="dc.source" value="Reuters"/>
</metadata>
</newsitem>
