<?xml version="1.0" encoding="iso-8859-1" ?>
<newsitem itemid="475701" id="root" date="1997-03-30" xml:lang="en">
<title>VIETNAM: Economic muddle puts Vietnam reforms to the test.</title>
<headline>Economic muddle puts Vietnam reforms to the test.</headline>
<byline>John Chalmers</byline>
<dateline>HANOI 1997-03-30</dateline>
<text>
<p>Vietnam's Communist government is facing the most serious test yet of its willingness to quicken the pace and broaden the scope of reform as trouble looms in the banking system and the state sector, analysts said on Sunday.</p>
<p>Mounting revelations about bad bank debt in recent weeks have raised concerns that incompetence, cronyism, lack of transparency and half-hearted supervision are finally taking their toll.</p>
<p>As a measure of the alarm in government circles, one senior official said last week that the authorities were anxious to avoid the kind of failed savings schemes chaos that has rocked Albania recently.</p>
<p>The government also issued a list of areas related to the banking industry which have been barred or restricted from media coverage under state secrecy laws.</p>
<p>Analysts said the problem was far from threatening the economy. But they welcomed the furore over the banking system's failing because it appeared to be galvanising the government into bolder action.</p>
<p>&quot;The fact that everybody is now zeroing in on the banking system and probing its weaknesses is not a bad thing,&quot; a senior Western economist said.</p>
<p>&quot;I think that the political system is waking up to the reality that the banking sector is complicated. It has to be supervised and it's not just an instrument of state policy.&quot;</p>
<p>The debt problem came under the spotlight in February after reports that a highly respected private bank had failed to meet the payment deadline on a deferred letter of credit.</p>
<p>The industry took another body blow last week when two prominent business executives were arrested in Ho Chi Minh City for their alleged involvement in a massive bank loans scam.</p>
<p>True to their penchant for secrecy, commercial and central bankers have been reluctant to talk about the industry's woes.</p>
<p>Analysts said the country's state-owned banks, which were spun off from the central bank as the reform process gathered steam in 1990, were still sitting on a mountain of bad debt left from years of politically inspired lending to the state sector.</p>
<p>More worrying is the heavy exposure of both state-owned and private banks in the south of the country to the property market, whose boom has turned to bust.</p>
<p>There was also a flurry of short-term letters of credit issued for imports in the first half of last year as limits on domestic lending were tightened. Many of those are now falling due.</p>
<p>One Western banker put the stock of outstanding short-term debt at $1.2-1.5 billion, which at around 10-15 percent of annual imports was not excessive for short-term trade financing.</p>
<p>He said there seemed to be a fear in the industry that a host of problems were now closing in and threatening a meltdown.</p>
<p>&quot;I'm not sure that's true,&quot; he said. &quot;What they add up to is that the banking system needs attention. That doesn't mean it's in crisis.&quot;</p>
<p>But he said one area that needed serious attention was the habit of doing business on the basis of personal relationships, which encouraged corruption and left little room for credit analysis.</p>
<p>He pointed to reports that there had been a run on deposits at one bank recently after its owner died as an indication of how individuals were trusted more than the system.</p>
<p>Analysts argue that cronyism is also to blame for many of the problems in the sprawling state sector, where personal links between businessman and banker are all-important -- and, increasingly, an embarrassment for the party.</p>
<p>The official news agency last week delivered an unusually frank critique of state-run trading companies, saying many had been stung by the advent of market economics and just 30 percent had made a profit in the past five years.</p>
<p>That may signal a new awareness that deeper and faster reforms are needed. But analysts say time is running out for policy makers to decide if they have the will to embrace them.</p>
</text>
<copyright>(c) Reuters Limited 1997</copyright>
<metadata>
<codes class="bip:countries:1.0">
  <code code="VIETN">
    <editdetail attribution="Reuters BIP Coding Group" action="confirmed" date="1997-03-30"/>
  </code>
</codes>
<codes class="bip:industries:1.0">
  <code code="I81402">
    <editdetail attribution="Reuters BIP Coding Group" action="confirmed" date="1997-03-30"/>
  </code>
</codes>
<codes class="bip:topics:1.0">
  <code code="C13">
    <editdetail attribution="Reuters BIP Coding Group" action="confirmed" date="1997-03-30"/>
  </code>
  <code code="C31">
    <editdetail attribution="Reuters BIP Coding Group" action="confirmed" date="1997-03-30"/>
  </code>
  <code code="CCAT">
    <editdetail attribution="Reuters BIP Coding Group" action="confirmed" date="1997-03-30"/>
  </code>
  <code code="E12">
    <editdetail attribution="Reuters BIP Coding Group" action="confirmed" date="1997-03-30"/>
  </code>
  <code code="ECAT">
    <editdetail attribution="Reuters BIP Coding Group" action="confirmed" date="1997-03-30"/>
  </code>
</codes>
<dc element="dc.date.created" value="1997-03-30"/>
<dc element="dc.publisher" value="Reuters Holdings Plc"/>
<dc element="dc.date.published" value="1997-03-30"/>
<dc element="dc.source" value="Reuters"/>
<dc element="dc.creator.location" value="HANOI"/>
<dc element="dc.creator.location.country.name" value="VIETNAM"/>
<dc element="dc.source" value="Reuters"/>
</metadata>
</newsitem>
