<?xml version="1.0" encoding="iso-8859-1" ?>
<newsitem itemid="475769" id="root" date="1997-03-30" xml:lang="en">
<title>ISRAEL: Israel and China sign pact on maritime trade.</title>
<headline>Israel and China sign pact on maritime trade.</headline>
<dateline>JERUSALEM 1997-03-30</dateline>
<text>
<p>Israel and China on Sunday signed an agreement granting each other most-favoured nation (MFN) status on maritime issues, Israel's Foreign Ministry said.</p>
<p>The agreement was signed by Israeli Foreign Minister David Levy and Chinese Transport Minister Huang Zhendong, who is leading a delegation of Chinese state-owned shipping company officials to Israel.</p>
<p>The agreement grants MFN status to the two sides in matters of access to ports, payment of taxes and fees, the use of port facilities, unloading and other matters, the ministry said. It also allows port authorities and shipping companies to set up representative offices in the opposite country.</p>
<p>The ministry said the agreement was important for Zim Israel Navigation, Israel's biggest shipping company, which had had difficulty operating in China. Zim will no longer need to get advance permission to dock in Chinese ports or rely on Chinese agents to handle it operations there, it said.</p>
<p>Zim is controlled by the Israeli government and Israel Corp.</p>
<p>- Jerusalem newsroom, 972-2-537-0502</p>
</text>
<copyright>(c) Reuters Limited 1997</copyright>
<metadata>
<codes class="bip:countries:1.0">
  <code code="CHINA">
    <editdetail attribution="Reuters BIP Coding Group" action="confirmed" date="1997-03-30"/>
  </code>
  <code code="ISRAEL">
    <editdetail attribution="Reuters BIP Coding Group" action="confirmed" date="1997-03-30"/>
  </code>
</codes>
<codes class="bip:industries:1.0">
  <code code="I74000">
    <editdetail attribution="Reuters BIP Coding Group" action="confirmed" date="1997-03-30"/>
  </code>
  <code code="I83960">
    <editdetail attribution="Reuters BIP Coding Group" action="confirmed" date="1997-03-30"/>
  </code>
</codes>
<codes class="bip:topics:1.0">
  <code code="C13">
    <editdetail attribution="Reuters BIP Coding Group" action="confirmed" date="1997-03-30"/>
  </code>
  <code code="C34">
    <editdetail attribution="Reuters BIP Coding Group" action="confirmed" date="1997-03-30"/>
  </code>
  <code code="CCAT">
    <editdetail attribution="Reuters BIP Coding Group" action="confirmed" date="1997-03-30"/>
  </code>
  <code code="E51">
    <editdetail attribution="Reuters BIP Coding Group" action="confirmed" date="1997-03-30"/>
  </code>
  <code code="E512">
    <editdetail attribution="Reuters BIP Coding Group" action="confirmed" date="1997-03-30"/>
  </code>
  <code code="ECAT">
    <editdetail attribution="Reuters BIP Coding Group" action="confirmed" date="1997-03-30"/>
  </code>
</codes>
<dc element="dc.date.created" value="1997-03-30"/>
<dc element="dc.publisher" value="Reuters Holdings Plc"/>
<dc element="dc.date.published" value="1997-03-30"/>
<dc element="dc.source" value="Reuters"/>
<dc element="dc.creator.location" value="JERUSALEM"/>
<dc element="dc.creator.location.country.name" value="ISRAEL"/>
<dc element="dc.source" value="Reuters"/>
</metadata>
</newsitem>
