<?xml version="1.0" encoding="iso-8859-1" ?>
<newsitem itemid="475754" id="root" date="1997-03-30" xml:lang="en">
<title>ISRAEL: Israeli allegedly assaults Arab woman under curfew.</title>
<headline>Israeli allegedly assaults Arab woman under curfew.</headline>
<dateline>JERUSALEM 1997-03-30</dateline>
<text>
<p>A Palestinian woman in the West Bank's Surif village, the home of an Islamist suicide bomber that is currently under curfew, accused an Israeli border policeman of sexually assaulting her, police said on Sunday.</p>
<p>A police spokeswoman said the complaint had been passed on by border police commanders in the West Bank to a special investigative unit.</p>
<p>&quot;The border police filed the complaint to the special department for police investigation,&quot; she told Reuters.</p>
<p>She gave no further details.</p>
<p>Israel's High Court on Sunday rejected an appeal by the family of the bomber -- who killed himself and three Israeli women a week ago in Tel Aviv -- against army demolition of their home in the West Bank.</p>
<p>The village has been under curfew since the attack.</p>
<p>Israeli security sources said it was possible the demolition of the home near Hebron could take place in the next 24 hours.</p>
</text>
<copyright>(c) Reuters Limited 1997</copyright>
<metadata>
<codes class="bip:countries:1.0">
  <code code="ISRAEL">
    <editdetail attribution="Reuters BIP Coding Group" action="confirmed" date="1997-03-30"/>
  </code>
</codes>
<codes class="bip:topics:1.0">
  <code code="GCAT">
    <editdetail attribution="Reuters BIP Coding Group" action="confirmed" date="1997-03-30"/>
  </code>
  <code code="GCRIM">
    <editdetail attribution="Reuters BIP Coding Group" action="confirmed" date="1997-03-30"/>
  </code>
  <code code="GPOL">
    <editdetail attribution="Reuters BIP Coding Group" action="confirmed" date="1997-03-30"/>
  </code>
  <code code="GVIO">
    <editdetail attribution="Reuters BIP Coding Group" action="confirmed" date="1997-03-30"/>
  </code>
</codes>
<dc element="dc.date.created" value="1997-03-30"/>
<dc element="dc.publisher" value="Reuters Holdings Plc"/>
<dc element="dc.date.published" value="1997-03-30"/>
<dc element="dc.source" value="Reuters"/>
<dc element="dc.creator.location" value="JERUSALEM"/>
<dc element="dc.creator.location.country.name" value="ISRAEL"/>
<dc element="dc.source" value="Reuters"/>
</metadata>
</newsitem>
