<?xml version="1.0" encoding="iso-8859-1" ?>
<newsitem itemid="475700" id="root" date="1997-03-30" xml:lang="en">
<title>TAIWAN: Taiwan's Formosa may revive China plant -- paper.</title>
<headline>Taiwan's Formosa may revive China plant -- paper.</headline>
<dateline>TAIPEI 1997-03-30</dateline>
<text>
<p>Taiwan's Formosa Plastics group may resume a US$6 billion petrochemical project in China it suspended in 1992 under pressure from the Taiwan government, the local China Times newspaper said on Sunday.</p>
<p>This followed confirmation on Saturday by Formosa group chairman Wang Yung-ching that the group has started building a US$3 billion thermal power plant in China's coastal Fujian province despite not having Taipei's approval.</p>
<p>The China Times quoted unnamed sources as saying Formosa would probably restart the project in the name of a foreign fund to avoid restrictions from the Taiwan government, and that it may invest more than US$8 billion.</p>
<p>Formosa officials were not immediately available to comment.</p>
<p>Under government pressure, Formosa in 1992 withdrew a proposal to build the US$6 billion petrochemical complex in Xiamen, a port in Fujian province.</p>
<p>The group has three key members: Formosa Plastics, Nan Ya Plastics and Formosa Chemical and Fiber.  </p>
<p>Earlier this month Taiwan's economics ministry said China projects must not begin without authorisation from its Investment Commission and said all Taiwan agencies would focus on suspected investors' fund flows, tax payments and &quot;any illegal matters&quot;.</p>
<p>Authorities can impose fines, repeatedly if necessary, of T$3 million to T$15 million (US$110,000-US$550,000), it said.</p>
<p>Taiwan investment in China must be routed through Hong Kong or other third parties and must have government approval.</p>
<p>China regards Taiwan as a rebel-held province since a civil war split them in 1949. However, nearly 30,000 Taiwan firms have poured some US$30 billion into mainland China since a political thaw in the late 1980s.</p>
<p>-- Taipei Newsroom (5080815)</p>
</text>
<copyright>(c) Reuters Limited 1997</copyright>
<metadata>
<codes class="bip:countries:1.0">
  <code code="CHINA">
    <editdetail attribution="Reuters BIP Coding Group" action="confirmed" date="1997-03-30"/>
  </code>
  <code code="TAIWAN">
    <editdetail attribution="Reuters BIP Coding Group" action="confirmed" date="1997-03-30"/>
  </code>
</codes>
<codes class="bip:industries:1.0">
  <code code="I25000">
    <editdetail attribution="Reuters BIP Coding Group" action="confirmed" date="1997-03-30"/>
  </code>
  <code code="I25120">
    <editdetail attribution="Reuters BIP Coding Group" action="confirmed" date="1997-03-30"/>
  </code>
  <code code="I25140">
    <editdetail attribution="Reuters BIP Coding Group" action="confirmed" date="1997-03-30"/>
  </code>
  <code code="I26000">
    <editdetail attribution="Reuters BIP Coding Group" action="confirmed" date="1997-03-30"/>
  </code>
  <code code="I48100">
    <editdetail attribution="Reuters BIP Coding Group" action="confirmed" date="1997-03-30"/>
  </code>
</codes>
<codes class="bip:topics:1.0">
  <code code="C13">
    <editdetail attribution="Reuters BIP Coding Group" action="confirmed" date="1997-03-30"/>
  </code>
  <code code="C24">
    <editdetail attribution="Reuters BIP Coding Group" action="confirmed" date="1997-03-30"/>
  </code>
  <code code="CCAT">
    <editdetail attribution="Reuters BIP Coding Group" action="confirmed" date="1997-03-30"/>
  </code>
</codes>
<dc element="dc.date.created" value="1997-03-30"/>
<dc element="dc.publisher" value="Reuters Holdings Plc"/>
<dc element="dc.date.published" value="1997-03-30"/>
<dc element="dc.source" value="Reuters"/>
<dc element="dc.creator.location" value="TAIPEI"/>
<dc element="dc.creator.location.country.name" value="TAIWAN"/>
<dc element="dc.source" value="Reuters"/>
</metadata>
</newsitem>
