<?xml version="1.0" encoding="iso-8859-1" ?>
<newsitem itemid="475743" id="root" date="1997-03-30" xml:lang="en">
<title>Kuwait: INDICATORS - Kuwait - Updated March 30.</title>
<headline>INDICATORS - Kuwait - Updated March 30.</headline>
<text>
<p>---INTEREST RATES---</p>
<p>					    Latest     Date	Pvs price</p>
<p> 3 month treasury bill price     98.290     5/3/97     98.285</p>
<p> 6 month treasury bill price     96.575    19/3/97     96.561</p>
<p> Central bank discount rate	 7.25	23/4/95     7.0</p>
<p> Debt purchase bond rate	    5.31	6/12/96     5.45</p>
<p>			    ---ANNUAL DATA---</p>
<p>					     In billion dinars</p>
<p>					 1995     1994    1993    1989</p>
<p> GDP (by current prices)	 7.952    7.349   7.230   7.142</p>
<p>Net-factor Income received</p>
<p>  from abroad			1.197    0.827   1.083   4.473</p>
<p> GNP (by current prices)	 9.149    8.176   8.313   9.615</p>
<p> Depreciation of fixed capital 0.610    0.706   0.570   0.573</p>
<p>Natioanl Income at market</p>
<p>  prices			     8.540    7.470   7.743   9.043</p>
<p> Disposable national income    7.989    6.964   7.287   8.604</p>
<p>					1996     1995     1994    1993</p>
<p>BoP				   -0.021   -0.001   +0.023  -0.433</p>
<p>Government investement account-1.763   -0.043   1.060    0.137</p>
<p>C/A balance			 +2.028   +1.365   +0.739  +0.585</p>
<p>GDP (%)				n/a     +8.2     +1.12   +22.4</p>
<p>Money supply M3 (%)		n/a     +7.6     +4.6     +4.3</p>
<p>		 M2		    n/a     +8.5     +5.4     +5.5</p>
<p>		 M1		    n/a     +0.06    +1.0     +0.5</p>
<p>Trade balance			2.106    1.835    1.324    0.962</p>
<p> Exports			     4.400    3.770    3.304    3.061</p>
<p>    of which, oil		  4.171    3.553    3.074    2.900</p>
<p> Imports			     2.394    2.135    1.953    2.082</p>
<p>Manufacturing Sector</p>
<p>Value Added (KDmillion)		 n/a     n/a	0.271    0.281</p>
<p>Unemployment (%)</p>
<p> Kuwaitis			     2.1    1.4	 1.5	 n/a</p>
<p> Non-Kuwaitis			 n/a   17.1	16.7	 n/a</p>
<p>Government Debt</p>
<p>				  1996    1995   1994  1993  1992  1991</p>
<p> External debt ($bln)     0.00    6.156  6.216 6.216 6.216 5.5</p>
<p> Domestic debt (KDmillion)    6.079  6.225  6.629 6.223 7.038 6.294</p>
<p>of which</p>
<p>  Debt purchase bonds     3.330  3.393  3.848 4.144 5.413 4.876</p>
<p>  T-bills, bonds	    2.749  2.832  2.781 2.079 1.625 1.418</p>
<p>Budget Balance (2,3)</p>
<p>			 96/97   95/96   94/95   93/94   92/93  91/92</p>
<p> Deficit (KDbln)    1.21   0.653   1.092   1.465   1.573  5.465</p>
<p> Spending/GDP (%)    n/a    n/a	57	59	71     195</p>
<p> Revenue/GDP (%)     n/a    n/a	37	39	43	21</p>
<p> Deficit/GDP (%)     n/a    8.2	15	21	28     175</p>
<p>Inflation(4)</p>
<p>			  1996   1995    1994    1993     1992   1991</p>
<p> CPI (1978=100)     n/a   190.3   186.1   181.5    180.8  181.8</p>
<p> WPI (1980=100)     n/a    n/a    158.8   159.1    156.3  155.6</p>
<p> Unofficially (%)   +3.0   +7.7    +3.9    +1.8     +0.6    n/a</p>
<p>Oil Production/Exports (mbd) (5)</p>
<p>(Figures in parentheses show pct change over previous period)</p>
<p>	     Production	 Crude Exports    Product Exports</p>
<p> 1991	0.187 (-84)	  n/a		  n/a</p>
<p> 1992	1.057 (+465)	0.825		0.256</p>
<p> 1993	1.872 (+77)	 1.445 (+75)	0.350 (+36)</p>
<p> 1994	2.034 (+8.6)	1.200 (+17)	0.642 (+83)</p>
<p> 1995	2.030 (-0.2)	1.200		0.700 (+9)</p>
<p> 1996	2.007 (-1.1)	1.200		0.700</p>
<p>			 ---KUWAIT STOCK EXCHANGE---</p>
<p>						 26/3/97   PVS WEEK  YR AGO</p>
<p> Shares traded week to date (million)     771.5	949.4   268.8</p>
<p> Traded value week to date (KDmillion)    177.2	254.5    44.7</p>
<p> Official Index			   2,210.4    2,202.3   1,382.4</p>
<p>Notes:</p>
<p>1. Covers the Central Bank and local banks. The government's</p>
<p>separate investment reserves are a state secret.</p>
<p>2. Fiscal year starts July 1.</p>
<p>3. Figures for 1991/92, 1992/93, 1993/94, 1994/95 and 1995/96</p>
<p>are actual. Figures for 1996/97 are projections.</p>
<p>4. 1994 WPI figure is at end Q1. Third row of unofficial</p>
<p>numbers derived from consumer price rise indicators contained in</p>
<p>1994 annual report of The Institute of International Finance. The 1994 figure is an estimate. The 1995 and 1996 figures are forecasts.</p>
<p>5. 1996 figures are for January and February only.</p>
</text>
<copyright>(c) Reuters Limited 1997</copyright>
<metadata>
<codes class="bip:countries:1.0">
  <code code="KUWAIT">
    <editdetail attribution="Reuters BIP Coding Group" action="confirmed" date="1997-03-30"/>
  </code>
</codes>
<codes class="bip:topics:1.0">
  <code code="E71">
    <editdetail attribution="Reuters BIP Coding Group" action="confirmed" date="1997-03-30"/>
  </code>
  <code code="ECAT">
    <editdetail attribution="Reuters BIP Coding Group" action="confirmed" date="1997-03-30"/>
  </code>
</codes>
<dc element="dc.publisher" value="Reuters Holdings Plc"/>
<dc element="dc.date.published" value="1997-03-30"/>
<dc element="dc.source" value="Reuters"/>
<dc element="dc.creator.location.country.name" value="KUWAIT"/>
<dc element="dc.source" value="Reuters"/>
</metadata>
</newsitem>
