<?xml version="1.0" encoding="iso-8859-1" ?>
<newsitem itemid="475705" id="root" date="1997-03-30" xml:lang="en">
<title>PHILIPPINES: Manila says U.S. rate hike won't stop bond float.</title>
<headline>Manila says U.S. rate hike won't stop bond float.</headline>
<dateline>MANILA 1997-03-30</dateline>
<text>
<p>The Philippines will go ahead with its planned Yankee bond issue this April despite the move by the U.S. Federal Reserve to raise interest rates, the Central Bank said.</p>
<p>Bank Governor Gabriel Singson told reporters at the weekend that April was still &quot;relatively a good time&quot; to proceed with the offering. The issue will be between $750 million and $1.0 billion and have a maturity of at least 30 years.</p>
<p>Singson was reacting to suggestions by some economists to delay the offering because they said the increase in U.S. interest rates would mean higher borrowing costs for Philippine monetary authorities.</p>
<p>The planned float is &quot;like going to the stock market. You don't always get it at the lowest rate,&quot; Singson said.</p>
<p>Even if U.S. interest rates are slightly higher now, he said, monetary officials could always offest this by investing the bond proceeds in higher yielding financial instruments in the domestic market.</p>
<p>-- Manila newsroom (632) 841 8913 Fax 817 6267</p>
</text>
<copyright>(c) Reuters Limited 1997</copyright>
<metadata>
<codes class="bip:countries:1.0">
  <code code="PHLNS">
    <editdetail attribution="Reuters BIP Coding Group" action="confirmed" date="1997-03-30"/>
  </code>
  <code code="USA">
    <editdetail attribution="Reuters BIP Coding Group" action="confirmed" date="1997-03-30"/>
  </code>
</codes>
<codes class="bip:topics:1.0">
  <code code="E12">
    <editdetail attribution="Reuters BIP Coding Group" action="confirmed" date="1997-03-30"/>
  </code>
  <code code="E21">
    <editdetail attribution="Reuters BIP Coding Group" action="confirmed" date="1997-03-30"/>
  </code>
  <code code="E212">
    <editdetail attribution="Reuters BIP Coding Group" action="confirmed" date="1997-03-30"/>
  </code>
  <code code="ECAT">
    <editdetail attribution="Reuters BIP Coding Group" action="confirmed" date="1997-03-30"/>
  </code>
  <code code="M12">
    <editdetail attribution="Reuters BIP Coding Group" action="confirmed" date="1997-03-30"/>
  </code>
  <code code="MCAT">
    <editdetail attribution="Reuters BIP Coding Group" action="confirmed" date="1997-03-30"/>
  </code>
</codes>
<dc element="dc.date.created" value="1997-03-30"/>
<dc element="dc.publisher" value="Reuters Holdings Plc"/>
<dc element="dc.date.published" value="1997-03-30"/>
<dc element="dc.source" value="Reuters"/>
<dc element="dc.creator.location" value="MANILA"/>
<dc element="dc.creator.location.country.name" value="PHILIPPINES"/>
<dc element="dc.source" value="Reuters"/>
</metadata>
</newsitem>
