<?xml version="1.0" encoding="iso-8859-1" ?>
<newsitem itemid="475780" id="root" date="1997-03-30" xml:lang="en">
<title>DUBAI: Saudi held in Canada says no Iran links - group.</title>
<headline>Saudi held in Canada says no Iran links - group.</headline>
<byline>Michael Georgy</byline>
<dateline>DUBAI 1997-03-30</dateline>
<text>
<p>A Saudi dissident held in Canada for an alleged role in a bombing that killed 19 U.S. airmen in Saudi Arabia has told a Moslem human rights group he was opposed to his government and had studied in Iran but had no links to the Tehran government or the blast, the group said on Sunday.</p>
<p>Hani Abdel-Rahim Hussein al-Sayegh also told the London-based Islamic Observation Centre in a telephone call from Ottawa on Thursday that he was not a member of the Saudi Hizbollah group and that he agreed to be tried publicly in Canada but would not deal with any U.S. interrogators.</p>
<p>&quot;Al-Sayegh said he was an opponent of the Saudi government but he denied any ties to the bombing and said he was not a member of Saudi Hizbollah,&quot; a spokesman for the group told Reuters.</p>
<p>&quot;He said he had spent time in Iran for religious studies but said he had no political or organisational relations with the Iranian government,&quot; the spokesman added.</p>
<p>Iran's embassy in Ottawa has issued a statement denying any links with Sayegh, a 28-year-old Shi'ite Moslem, or the bombing.</p>
<p>The spokesman said Sayegh had contacted the group's Canada representative on Thursday from prison and was connected to its London office in a conference call.</p>
<p>The Islamic Observation Centre advocates human rights for Moslems around the world and also monitors media reports.</p>
<p>The Canadian government on Thursday charged that Sayegh, one of two Saudi dissidents it is holding, was a driver involved in the truck bomb that killed 19 U.S. servicemen in Saudi Arabia last June.</p>
<p>In documents filed with the Federal Court, Canada's intelligence service alleged that Sayegh conducted surveillance at the site of the bombing, which also wounded about 400 people.</p>
<p>It said he then drove a car which &quot;signalled the explosives-laden truck to enter the parking lot&quot;.</p>
<p>Sayegh was arrested in Ottawa on March 18 on the grounds that he represented a security threat to Canada.</p>
<p>The U.S. Federal Bureau of Investigation has said it wanted to put questions about the bombing to Sayegh, who denies being in Saudi Arabia last June.</p>
<p>&quot;Sayegh said he refuses to deal with American interrogators because of its policy against Moslems aimed at destroying the reputation of Islam, including its use of the veto against the U.N. resolution against Israeli settlements,&quot; said the spokesman.</p>
<p>&quot;He said he is willing to be tried in any open court outside the United States and Saudi Arabia,&quot; he added.</p>
<p>The document filed by the Canadian government with the court said the Canadian Security Intelligence Service had reasonable grounds to believe that Sayegh was a member of Saudi Hizbollah or Hizbollah al-Hijazi.</p>
<p>It described this entity as being born of the fundamentalist group Hizbollah -- which means Party of God -- based in Lebanon.</p>
<p>Sayegh has said he was in Syria at the time of the bombing at the Khobar Towers, a complex housing U.S. military personnel outside Dhahran in the oil-rich eastern part of Saudi Arabia.</p>
<p>He arrived in Canada on a flight that stopped in Boston. It was conceivable Canada could use that as a reason to deport him to the United States if he were found to be a security risk.</p>
<p>A second Saudi, Fahad al-Shehri, is being held in the same Ottawa prison on charges of &quot;terrorism&quot;, which he denies.</p>
</text>
<copyright>(c) Reuters Limited 1997</copyright>
<metadata>
<codes class="bip:countries:1.0">
  <code code="CANA">
    <editdetail attribution="Reuters BIP Coding Group" action="confirmed" date="1997-03-30"/>
  </code>
  <code code="IRAN">
    <editdetail attribution="Reuters BIP Coding Group" action="confirmed" date="1997-03-30"/>
  </code>
  <code code="SAARAB">
    <editdetail attribution="Reuters BIP Coding Group" action="confirmed" date="1997-03-30"/>
  </code>
  <code code="USA">
    <editdetail attribution="Reuters BIP Coding Group" action="confirmed" date="1997-03-30"/>
  </code>
</codes>
<codes class="bip:topics:1.0">
  <code code="GCAT">
    <editdetail attribution="Reuters BIP Coding Group" action="confirmed" date="1997-03-30"/>
  </code>
  <code code="GDIP">
    <editdetail attribution="Reuters BIP Coding Group" action="confirmed" date="1997-03-30"/>
  </code>
  <code code="GVIO">
    <editdetail attribution="Reuters BIP Coding Group" action="confirmed" date="1997-03-30"/>
  </code>
</codes>
<dc element="dc.date.created" value="1997-03-30"/>
<dc element="dc.publisher" value="Reuters Holdings Plc"/>
<dc element="dc.date.published" value="1997-03-30"/>
<dc element="dc.source" value="Reuters"/>
<dc element="dc.creator.location" value="DUBAI"/>
<dc element="dc.creator.location.country.name" value="DUBAI"/>
<dc element="dc.source" value="Reuters"/>
</metadata>
</newsitem>
