<?xml version="1.0" encoding="iso-8859-1" ?>
<newsitem itemid="475717" id="root" date="1997-03-30" xml:lang="en">
<title>MALAYSIA: MAS plans bonus, rights, bond issues.</title>
<headline>MAS plans bonus, rights, bond issues.</headline>
<dateline>KUALA LUMPUR 1997-03-30</dateline>
<text>
<p>Malaysian Airline System Bhd (MAS) said on Sunday it plans a one-for-one bonus issue, a one-for-one rights issue and a 1.5 billion ringgit bond issue.</p>
<p>The national carrier said it would raise 3.271 billion ringgit from the exercise.  </p>
<p>The rights shares will be issued at 2.30 ringgit each.</p>
<p>MAS stock closed at 6.40 ringgit on Friday.</p>
<p>The five-year 1.0 percent unsecured bonds will be issued together with 770 million detachable warrants, MAS said.  </p>
<p>MAS chairman Tajudin Ramli told a news conference that the cash-raising exercise is to part finance its aircraft acquisition and investment in new facilities at the new Kuala Lumpur international airport.</p>
<p>MAS is buying 25 aircraft from Boeing at a cost of 10 billion ringgit.</p>
<p>Tajudin said of the 3.271 billion ringgit to be raised, less than one billion would be set aside for its catering facility, cargo centre and engineering facility at the new airport. The remainder wil be used to part finance the aircraft purchases.</p>
<p>MAS will receive its first Boeing 777-200 aircraft in April and at least three other aircraft this year.</p>
<p>Tajudin said with this cash-raising move, he does not forsee any more such exercise until 2003.</p>
<p>He said the remainder for financing the plane acquisition will be met by the company's cashflow and sale of existing aircraft.</p>
</text>
<copyright>(c) Reuters Limited 1997</copyright>
<metadata>
<codes class="bip:countries:1.0">
  <code code="MALAY">
    <editdetail attribution="Reuters BIP Coding Group" action="confirmed" date="1997-03-30"/>
  </code>
</codes>
<codes class="bip:industries:1.0">
  <code code="I75000">
    <editdetail attribution="Reuters BIP Coding Group" action="confirmed" date="1997-03-30"/>
  </code>
</codes>
<codes class="bip:topics:1.0">
  <code code="C17">
    <editdetail attribution="Reuters BIP Coding Group" action="confirmed" date="1997-03-30"/>
  </code>
  <code code="C171">
    <editdetail attribution="Reuters BIP Coding Group" action="confirmed" date="1997-03-30"/>
  </code>
  <code code="CCAT">
    <editdetail attribution="Reuters BIP Coding Group" action="confirmed" date="1997-03-30"/>
  </code>
</codes>
<dc element="dc.date.created" value="1997-03-30"/>
<dc element="dc.publisher" value="Reuters Holdings Plc"/>
<dc element="dc.date.published" value="1997-03-30"/>
<dc element="dc.source" value="Reuters"/>
<dc element="dc.creator.location" value="KUALA LUMPUR"/>
<dc element="dc.creator.location.country.name" value="MALAYSIA"/>
<dc element="dc.source" value="Reuters"/>
</metadata>
</newsitem>
