<?xml version="1.0" encoding="iso-8859-1" ?>
<newsitem itemid="475719" id="root" date="1997-03-30" xml:lang="en">
<title>CHINA: Hyundai Motor seeking China car stake.</title>
<headline>Hyundai Motor seeking China car stake.</headline>
<dateline>BEIJING 1997-03-30</dateline>
<text>
<p>South Korean automaker Hyundai Motor Co has applied to Chinese authorities for a 22 percent stake in the Sino-French Guangzhou Peugeot Automobile joint venture, the China Daily Business Weekly said on Sunday.</p>
<p>Peugeot Automobiles said last week it had not decided to quit the joint venture, which French newspapers have reported to be on the brink of failure.</p>
<p>Peugeot owns a 30 percent in the venture, which stopped producing cars several months ago. The group's Citroen division runs a joint venture plant in China's central city of Wuhan.</p>
<p>The newspaper Le Monde said Hyundai, Opel and Bayerische Motoren Werke AG were lined up to take Peugeot's place in Guangzhou, capital of southern Guangdong province, if the French carmaker abandoned its project there.</p>
<p>China Daily Business Weekly gave no details of Peugeot's plans for the Guangzhou plant, but said Hyundai's application for a stake had heated up competition among rivals Honda Motor Co, Ford Motor Co and BMW.</p>
<p>-- Beijing Newsroom (8610) 6532 1921</p>
</text>
<copyright>(c) Reuters Limited 1997</copyright>
<metadata>
<codes class="bip:countries:1.0">
  <code code="CHINA">
    <editdetail attribution="Reuters BIP Coding Group" action="confirmed" date="1997-03-30"/>
  </code>
  <code code="FRA">
    <editdetail attribution="Reuters BIP Coding Group" action="confirmed" date="1997-03-30"/>
  </code>
  <code code="SKOREA">
    <editdetail attribution="Reuters BIP Coding Group" action="confirmed" date="1997-03-30"/>
  </code>
</codes>
<codes class="bip:industries:1.0">
  <code code="I35101">
    <editdetail attribution="Reuters BIP Coding Group" action="confirmed" date="1997-03-30"/>
  </code>
</codes>
<codes class="bip:topics:1.0">
  <code code="C11">
    <editdetail attribution="Reuters BIP Coding Group" action="confirmed" date="1997-03-30"/>
  </code>
  <code code="C18">
    <editdetail attribution="Reuters BIP Coding Group" action="confirmed" date="1997-03-30"/>
  </code>
  <code code="C181">
    <editdetail attribution="Reuters BIP Coding Group" action="confirmed" date="1997-03-30"/>
  </code>
  <code code="CCAT">
    <editdetail attribution="Reuters BIP Coding Group" action="confirmed" date="1997-03-30"/>
  </code>
</codes>
<dc element="dc.date.created" value="1997-03-30"/>
<dc element="dc.publisher" value="Reuters Holdings Plc"/>
<dc element="dc.date.published" value="1997-03-30"/>
<dc element="dc.source" value="Reuters"/>
<dc element="dc.creator.location" value="BEIJING"/>
<dc element="dc.creator.location.country.name" value="CHINA"/>
<dc element="dc.source" value="Reuters"/>
</metadata>
</newsitem>
