<?xml version="1.0" encoding="iso-8859-1" ?>
<newsitem itemid="475771" id="root" date="1997-03-30" xml:lang="en">
<title>ISRAEL: Israel's Polaris II venture fund raises $40 mln.</title>
<headline>Israel's Polaris II venture fund raises $40 mln.</headline>
<dateline>JERUSALEM 1997-03-30</dateline>
<text>
<p>The Polaris II venture capital fund has raised another $40 million from foreign investors, bringing total capital to $124 million, its parent Dovrat Shrem and Co said on Sunday.</p>
<p>A spokesman declined to identify the investors but said they were mainly U.S. pension funds and other tax-exempt institutions. He added that with the latest round of financing, the fund was now Israel's biggest and fully subscribed.</p>
<p>Dovrat Shrem said the investors would put the money into the fund as it was needed.</p>
<p>It said the fund would charge a management fee of 2.25 percent.</p>
<p>Dovrat, a Tel Aviv-based investment bank, said Polaris II would be investing in companies in telecommunications, software, advanced medical technologies, electronics and biotechnology.</p>
<p>Polaris II was formed by Dovrat Shrem together with the U.S. investment bank Cowen and Co and the Travelers insurance group. Other investors include BEA, a U.S. fund-management company, and Claridge Israel, an investment company controlled by Charles Bronfman.</p>
<p>Dovrat Shrem's first Polaris fund manages $20 million.</p>
</text>
<copyright>(c) Reuters Limited 1997</copyright>
<metadata>
<codes class="bip:countries:1.0">
  <code code="ISRAEL">
    <editdetail attribution="Reuters BIP Coding Group" action="confirmed" date="1997-03-30"/>
  </code>
</codes>
<codes class="bip:industries:1.0">
  <code code="I81502">
    <editdetail attribution="Reuters BIP Coding Group" action="confirmed" date="1997-03-30"/>
  </code>
  <code code="I83100">
    <editdetail attribution="Reuters BIP Coding Group" action="confirmed" date="1997-03-30"/>
  </code>
</codes>
<codes class="bip:topics:1.0">
  <code code="C11">
    <editdetail attribution="Reuters BIP Coding Group" action="confirmed" date="1997-03-30"/>
  </code>
  <code code="C17">
    <editdetail attribution="Reuters BIP Coding Group" action="confirmed" date="1997-03-30"/>
  </code>
  <code code="C171">
    <editdetail attribution="Reuters BIP Coding Group" action="confirmed" date="1997-03-30"/>
  </code>
  <code code="CCAT">
    <editdetail attribution="Reuters BIP Coding Group" action="confirmed" date="1997-03-30"/>
  </code>
</codes>
<dc element="dc.date.created" value="1997-03-30"/>
<dc element="dc.publisher" value="Reuters Holdings Plc"/>
<dc element="dc.date.published" value="1997-03-30"/>
<dc element="dc.source" value="Reuters"/>
<dc element="dc.creator.location" value="JERUSALEM"/>
<dc element="dc.creator.location.country.name" value="ISRAEL"/>
<dc element="dc.source" value="Reuters"/>
</metadata>
</newsitem>
