<?xml version="1.0" encoding="iso-8859-1" ?>
<newsitem itemid="475735" id="root" date="1997-03-30" xml:lang="en">
<title>egypt: Arab states move close to restoring Israel boycott.</title>
<headline>Arab states move close to restoring Israel boycott.</headline>
<byline>Miral Fahmy</byline>
<dateline>CAIRO 1997-03-30</dateline>
<text>
<p>Arab states moved close to restoring the political and economic boycott of Israel on Sunday in retaliation for Israel's settlement policy in East Jerusalem.</p>
<p>After weeks of statements condemning Israeli practices and lamenting the collapse of Middle East peace talks, Arab foreign ministers decided it was time for action.</p>
<p>They took the opportunity of a regular Arab League meeting in Cairo to back a recommendation that their countries stop dealing with the Jewish state and reactivate the boycott, which many Arab states have increasingly ignored.</p>
<p>An Egyptian official said the ministers had reached consensus on the recommendation, which remains in draft form but is likely to become formal at the end of the meeting on Monday.</p>
<p>Two unnamed countries had reservations about the draft but Egypt, the most populous and influential Arab state, is fully behind it, the official added.</p>
<p>The right-wing government of Israeli Prime Minister Benjamin Netanyahu has angered all Israel's neighbours but the final straw was a decision to go ahead with a Jewish settlement project in Jabal Abu Ghneim, a part of East Jerusalem known to Jews as Har Homa.</p>
<p>Palestinians see Arab East Jerusalem as the capital of a future Palestinian state. The Israelis captured the area in 1967 and have been trying to change the demographic balance in favour of the Jewish community.</p>
<p>The draft resolution says: &quot;The (ministerial) council of the Arab League recommends stopping all normalisation steps which have been taken with Israel in the framework of the peace process and stopping to deal with it (Israel), including closing offices and missions.&quot;</p>
<p>These steps would remain in force &quot;until Israel obeys the Madrid frame of reference and the principle of land for peace, and carries out the agreements, undertaking and commitments which the parties concerned have reached on all tracks during peace talks,&quot; the resolution says.</p>
<p>It adds: &quot;(It recommends) suspending Arab participation in the multilateral talks and continuing to maintain the primary Arab boycott and reactivating it until just peace is achieved.&quot;</p>
<p>Said Kamal, an assistant secretary general of the Arab League, told reporters earlier that the ministers would suggest to their heads of state that their countries suspend dealings with Israel and close down any Israeli offices.</p>
<p>&quot;The council (of foreign ministers) recommended stopping the normalisation process...and stopping all dealings and offices and missions as well as suspending conferences called under the multilateral track,&quot; he said.</p>
<p>&quot;This is a recommendation that will be submitted to the presidents and kings (of the Arab states),&quot; he added.</p>
<p>Netanyahu said on Sunday he doubted Arabs would cut ties.</p>
<p>&quot;I would urge the Arab countries to think of their larger interests, their longer interests, as I urge the Palestinians for the necessity of peace,&quot; he added, speaking on CBS television's &quot;Face the Nation&quot; programme.</p>
<p>Kamal said the ministerial recommendation would be based on the resolutions of the last Arab summit, which said Arab states would reconsider the gestures made towards Israel if the Jewish state does not fulfil its commitments.</p>
<p>The Arab summit took place in Cairo in June, at a time when Israel's neighbours were still waiting to see whether Netanyahu would carry out his hard-line election pledges.</p>
<p>Earlier on Sunday, Palestinian leader Yasser Arafat urged the ministers to press on with plans for a special &quot;uniting for peace&quot; session of the General Assembly to bypass U.S. vetoes of Security Council resolutions critical of Israel.</p>
<p>The Arab group of states at the United Nations said last week it would request such a meeting after the United States twice blocked resolutions telling Israel to stop building houses for Jews in disputed East Jerusalem.</p>
</text>
<copyright>(c) Reuters Limited 1997</copyright>
<metadata>
<codes class="bip:countries:1.0">
  <code code="EGYPT">
    <editdetail attribution="Reuters BIP Coding Group" action="confirmed" date="1997-03-30"/>
  </code>
  <code code="ISRAEL">
    <editdetail attribution="Reuters BIP Coding Group" action="confirmed" date="1997-03-30"/>
  </code>
</codes>
<codes class="bip:topics:1.0">
  <code code="GCAT">
    <editdetail attribution="Reuters BIP Coding Group" action="confirmed" date="1997-03-30"/>
  </code>
  <code code="GDIP">
    <editdetail attribution="Reuters BIP Coding Group" action="confirmed" date="1997-03-30"/>
  </code>
</codes>
<dc element="dc.date.created" value="1997-03-30"/>
<dc element="dc.publisher" value="Reuters Holdings Plc"/>
<dc element="dc.date.published" value="1997-03-30"/>
<dc element="dc.source" value="Reuters"/>
<dc element="dc.creator.location" value="CAIRO"/>
<dc element="dc.creator.location.country.name" value="EGYPT"/>
<dc element="dc.source" value="Reuters"/>
</metadata>
</newsitem>
