<?xml version="1.0" encoding="iso-8859-1" ?>
<newsitem itemid="475755" id="root" date="1997-03-30" xml:lang="en">
<title>ISRAEL: Rabin widow says still positive about Arafat.</title>
<headline>Rabin widow says still positive about Arafat.</headline>
<dateline>JERUSALEM 1997-03-30</dateline>
<text>
<p>The widow of assassinated Israeli Prime Minister Yitzhak Rabin said on Sunday she had not changed her positive opinion of Palestinian President Yasser Arafat despite current violence between the two sides.</p>
<p>Asked if she had a different opinion of Arafat -- whom she had likened to one of her family -- after an Islamist suicide bombing in Tel Aviv on March 21 for which Prime Minister Benjamin Netanyahu said Arafat had given an indirect green light, Leah Rabin told Israel Television:</p>
<p>&quot;Look, I'm sure that, first, green light or no green light, still has not been proven.&quot;</p>
<p>Pressed further, Mrs Rabin said: &quot;A man, who on the night that Yitzhak was murdered, cried bitterly -- cried bitterly -- and is pained by his murder to this day, do you think that I can just like that change my opinion of him?&quot;</p>
<p>She made it clear she had also not changed her opinion of Netanyahu, who at the time of Rabin's 1995 assassination by a right-wing Jew she blamed for fostering the climate of extremism that led to the murder.</p>
<p>Mrs Rabin recalled right-wing demonstrations after attacks on Israelis during her husband's tenure at which Rabin was labelled &quot;traitor&quot;.</p>
<p>&quot;Who now is the traitor? Why now is there no traitor? Why now is there no incitement, tyres burning in the streets? Why?&quot;</p>
<p>Asked if she could say one good thing about Netanyahu, Mrs Rabin hesitated, then said: &quot;I think he loves his children.&quot;</p>
<p>Rabin, Arafat and then Israeli Foreign Minister Shimon Peres shared the Nobel Peace Prize for their 1993 interim accord providing limited Palestinian self-rule and a framework intended to lead to a final peace deal.</p>
<p>Netanyahu won elections last May, ousting Rabin's Labour party, which was led after the assassination by Peres.</p>
</text>
<copyright>(c) Reuters Limited 1997</copyright>
<metadata>
<codes class="bip:countries:1.0">
  <code code="ISRAEL">
    <editdetail attribution="Reuters BIP Coding Group" action="confirmed" date="1997-03-30"/>
  </code>
</codes>
<codes class="bip:topics:1.0">
  <code code="GCAT">
    <editdetail attribution="Reuters BIP Coding Group" action="confirmed" date="1997-03-30"/>
  </code>
  <code code="GPOL">
    <editdetail attribution="Reuters BIP Coding Group" action="confirmed" date="1997-03-30"/>
  </code>
</codes>
<dc element="dc.date.created" value="1997-03-30"/>
<dc element="dc.publisher" value="Reuters Holdings Plc"/>
<dc element="dc.date.published" value="1997-03-30"/>
<dc element="dc.source" value="Reuters"/>
<dc element="dc.creator.location" value="JERUSALEM"/>
<dc element="dc.creator.location.country.name" value="ISRAEL"/>
<dc element="dc.source" value="Reuters"/>
</metadata>
</newsitem>
