<?xml version="1.0" encoding="iso-8859-1" ?>
<newsitem itemid="475791" id="root" date="1997-03-30" xml:lang="en">
<title>DUBAI: Dubai gold sellers hope for festival fillip.</title>
<headline>Dubai gold sellers hope for festival fillip.</headline>
<dateline>DUBAI 1997-03-30</dateline>
<text>
<p>Dubai retail gold turnover is expected to get a boost during a month-long shopping festival underway in the Gulf Arab emirate, traders said on Sunday.</p>
<p>Backers of the Dubai Shopping Festival (DSF), which started on March 27, and its parallel &quot;Dubai city of gold&quot; promotion, expect some two million visitors to come to Dubai in April attracted by bargain jewellery, gold coins, ingots and bars.</p>
<p>&quot;People are now waking up to the festival...we're seeing a good response so far,&quot; said one owner of a retail shop in Dubai's sprawling gold souk.</p>
<p>Souk-sellers are expecting large number of visitors from the Indian-subcontinent and other Gulf Arab states to buy gold in Dubai where jewellery making costs and taxes are often lower than in other regional markets and close to spot market rates.</p>
<p>Local newspapers on Sunday carried adverts by Dubai's Gold and Jewellery Group offering raffle draws to win 41 kg of gold at more than 250 local jewellers between March 27-April 26.</p>
<p>Dubai's benchmark Ten Tola (TT) bar -- 3.746 ounces of 24 carat gold -- was at 4,835-4,840 UAE dirhams ($1,317-$1,318) on Sunday, down from 4,875 dirhams on March 24.</p>
<p>Spot gold was last quoted on Friday at $349.50-$350.00 an ounce, down from $352.65-353.15 a week earlier.</p>
<p>&quot;With a large number of visitors from India, jewellery (demand) will go higher,&quot; a Dubai-based gold wholesaler said.</p>
<p>Demand in the Gulf was also being fanned by demand in Saudi Arabia with the annual haj pilgrimage of some two million Moslems to Islamic holy sites in the kingdom in April.</p>
<p>Re-export demand into India -- the major market for Dubai gold -- was limited ahead of the start of the next Indian financial year and the expected announcement on Monday of a a new Indian export-import policy that would sweep away a host of import restrictions, traders said.</p>
<p>&quot;Businesses are mainly squaring their books,&quot; said one exporter to the Indian market.</p>
<p>Bullion imports into Dubai in March had slowed from February's record monthly level of 56.05 tonnes but were still strong ahead of the shopping festival, traders said. ($1=3.67 UAE dirhams)</p>
<p>-- Steven Swindells, Dubai Newsroom, +971 4 6071255.</p>
</text>
<copyright>(c) Reuters Limited 1997</copyright>
<metadata>
<codes class="bip:countries:1.0">
  <code code="DUBAI">
    <editdetail attribution="Reuters BIP Coding Group" action="confirmed" date="1997-03-30"/>
  </code>
  <code code="UAE">
    <editdetail attribution="Reuters BIP Coding Group" action="confirmed" date="1997-03-30"/>
  </code>
</codes>
<codes class="bip:industries:1.0">
  <code code="I22472">
    <editdetail attribution="Reuters BIP Coding Group" action="confirmed" date="1997-03-30"/>
  </code>
</codes>
<codes class="bip:topics:1.0">
  <code code="C31">
    <editdetail attribution="Reuters BIP Coding Group" action="confirmed" date="1997-03-30"/>
  </code>
  <code code="CCAT">
    <editdetail attribution="Reuters BIP Coding Group" action="confirmed" date="1997-03-30"/>
  </code>
  <code code="M14">
    <editdetail attribution="Reuters BIP Coding Group" action="confirmed" date="1997-03-30"/>
  </code>
  <code code="M142">
    <editdetail attribution="Reuters BIP Coding Group" action="confirmed" date="1997-03-30"/>
  </code>
  <code code="MCAT">
    <editdetail attribution="Reuters BIP Coding Group" action="confirmed" date="1997-03-30"/>
  </code>
</codes>
<dc element="dc.date.created" value="1997-03-30"/>
<dc element="dc.publisher" value="Reuters Holdings Plc"/>
<dc element="dc.date.published" value="1997-03-30"/>
<dc element="dc.source" value="Reuters"/>
<dc element="dc.creator.location" value="DUBAI"/>
<dc element="dc.creator.location.country.name" value="DUBAI"/>
<dc element="dc.source" value="Reuters"/>
</metadata>
</newsitem>
