<?xml version="1.0" encoding="iso-8859-1" ?>
<newsitem itemid="475763" id="root" date="1997-03-30" xml:lang="en">
<title>KUWAIT: China tells Kuwait no Iraq economic cooperation.</title>
<headline>China tells Kuwait no Iraq economic cooperation.</headline>
<dateline>KUWAIT 1997-03-30</dateline>
<text>
<p>China on Sunday reassured Kuwait that it has no current plans for economic cooperation with the Gulf state's former occupier Iraq in compliance with U.N. trade sanctions.</p>
<p>&quot;A Chinese official memorandum received by (Kuwait's foreign) ministry stressed that China has no plans for economic cooperation with Baghdad at the current stage,&quot; the official Kuwait News Agency (KUNA) reported.</p>
<p>China was reacting to media reports saying Beijing was involved in an $8 billion oil deal with Baghdad along with British firms in violation of the embargo against Iraq imposed by the United Nations since its 1990-91 occupation of Kuwait, the agency said.</p>
<p>&quot;Beijing will not execute any such project before the international embargo is lifted,&quot; KUNA quoted the Chinese memorandum as saying.</p>
<p>Iraq is allowed limited oil sales worth $2 billion over a six-month span to finance payments for food and humanitarian supplies under the supervision of the world body.</p>
</text>
<copyright>(c) Reuters Limited 1997</copyright>
<metadata>
<codes class="bip:countries:1.0">
  <code code="CHINA">
    <editdetail attribution="Reuters BIP Coding Group" action="confirmed" date="1997-03-30"/>
  </code>
  <code code="IRAQ">
    <editdetail attribution="Reuters BIP Coding Group" action="confirmed" date="1997-03-30"/>
  </code>
  <code code="KUWAIT">
    <editdetail attribution="Reuters BIP Coding Group" action="confirmed" date="1997-03-30"/>
  </code>
  <code code="UN">
    <editdetail attribution="Reuters BIP Coding Group" action="confirmed" date="1997-03-30"/>
  </code>
</codes>
<codes class="bip:topics:1.0">
  <code code="E51">
    <editdetail attribution="Reuters BIP Coding Group" action="confirmed" date="1997-03-30"/>
  </code>
  <code code="E512">
    <editdetail attribution="Reuters BIP Coding Group" action="confirmed" date="1997-03-30"/>
  </code>
  <code code="ECAT">
    <editdetail attribution="Reuters BIP Coding Group" action="confirmed" date="1997-03-30"/>
  </code>
  <code code="GCAT">
    <editdetail attribution="Reuters BIP Coding Group" action="confirmed" date="1997-03-30"/>
  </code>
  <code code="GDIP">
    <editdetail attribution="Reuters BIP Coding Group" action="confirmed" date="1997-03-30"/>
  </code>
</codes>
<dc element="dc.date.created" value="1997-03-30"/>
<dc element="dc.publisher" value="Reuters Holdings Plc"/>
<dc element="dc.date.published" value="1997-03-30"/>
<dc element="dc.source" value="Reuters"/>
<dc element="dc.creator.location" value="KUWAIT"/>
<dc element="dc.creator.location.country.name" value="KUWAIT"/>
<dc element="dc.source" value="Reuters"/>
</metadata>
</newsitem>
