<?xml version="1.0" encoding="iso-8859-1" ?>
<newsitem itemid="475777" id="root" date="1997-03-30" xml:lang="en">
<title>ISRAEL: Israel expects 3 bln shekels from bank offerings.</title>
<headline>Israel expects 3 bln shekels from bank offerings.</headline>
<dateline>JERUSALEM 1997-03-30</dateline>
<text>
<p>The Israeli government expects to raise three billion shekels ($890 million) from the sale of bank shares this year, the Treasury's accountant-general, Shai Talmon, said on Sunday.</p>
<p>&quot;It is reasonable to expect the government will raise three billion shekels,&quot; Talmon told a news conference.</p>
<p>The government plans to offer 17 percent of Israel Discount Bank on the Tel Aviv bourse in April. It will hold a public offering for 10 percent of Bank Leumi soon after the Jewish holiday of Passover, which falls in late April.</p>
<p>Talmon said the government is considering marketing part of the Leumi offering to foreign investors.</p>
<p>In the second or third quarter of 1997 the government will float at least 20 percent of United Mizrahi Bank on the bourse. Mizrahi is the only major Israeli bank currently not traded.</p>
<p>The government is also accepting offers for a controlling stake of at least 25 percent in Bank Hapoalim, the country's largest bank. The deadline for submitting bids is in mid-April.</p>
<p>Talmon said he expected the sale of the Hapoalim shares would be finalised by July.</p>
<p>The government expects to raise another 400 million to 500 million shekels in dividends from the banks from their divestiture of non-banking assets as required under banking reform, Talmon.</p>
<p>($1 = 3.37 shekels)</p>
<p>-Jerusalem newsroomm, 972-2-537-0502</p>
</text>
<copyright>(c) Reuters Limited 1997</copyright>
<metadata>
<codes class="bip:countries:1.0">
  <code code="ISRAEL">
    <editdetail attribution="Reuters BIP Coding Group" action="confirmed" date="1997-03-30"/>
  </code>
</codes>
<codes class="bip:industries:1.0">
  <code code="I81402">
    <editdetail attribution="Reuters BIP Coding Group" action="confirmed" date="1997-03-30"/>
  </code>
</codes>
<codes class="bip:topics:1.0">
  <code code="C17">
    <editdetail attribution="Reuters BIP Coding Group" action="confirmed" date="1997-03-30"/>
  </code>
  <code code="C171">
    <editdetail attribution="Reuters BIP Coding Group" action="confirmed" date="1997-03-30"/>
  </code>
  <code code="C18">
    <editdetail attribution="Reuters BIP Coding Group" action="confirmed" date="1997-03-30"/>
  </code>
  <code code="C183">
    <editdetail attribution="Reuters BIP Coding Group" action="confirmed" date="1997-03-30"/>
  </code>
  <code code="CCAT">
    <editdetail attribution="Reuters BIP Coding Group" action="confirmed" date="1997-03-30"/>
  </code>
</codes>
<dc element="dc.date.created" value="1997-03-30"/>
<dc element="dc.publisher" value="Reuters Holdings Plc"/>
<dc element="dc.date.published" value="1997-03-30"/>
<dc element="dc.source" value="Reuters"/>
<dc element="dc.creator.location" value="JERUSALEM"/>
<dc element="dc.creator.location.country.name" value="ISRAEL"/>
<dc element="dc.source" value="Reuters"/>
</metadata>
</newsitem>
