<?xml version="1.0" encoding="iso-8859-1" ?>
<newsitem itemid="475725" id="root" date="1997-03-30" xml:lang="en">
<title>CAMBODIA: Three dead in Phnom demo blast - police.</title>
<headline>Three dead in Phnom demo blast - police.</headline>
<dateline>PHNOM PENH 1997-03-30</dateline>
<text>
<p>At least three people were killed and five seriously injured when explosions rocked an opposition demonstration in the Cambodian capital on Sunday, police and witnesses said.</p>
<p>They said two grenades were thrown from a car that sped up to the demonstration outside the Cambodian National Assembly. A bomb also appeared to have exploded in a nearby food vendor's cart.  </p>
<p>The demonstration was called by opposition leader Sam Rainsy who was nearby when the explosions went off. He was whisked away by aides and his wife Tioulong Saumura told Reuters he was safe.</p>
<p>Many of the dead and injured had been near the food vendor's cart. Blood and placards littered the ground and heavily armed police sealed off the area.</p>
<p>Rainsy's officially unrecognised Khmer Nation Party called the demonstration to press for the judiciary to be independent of the ruling Cambodian People's Party.</p>
<p>Rainsy was ousted as finance minister in 1994 and formed the KNP in November 1995.</p>
</text>
<copyright>(c) Reuters Limited 1997</copyright>
<metadata>
<codes class="bip:countries:1.0">
  <code code="KAMPA">
    <editdetail attribution="Reuters BIP Coding Group" action="confirmed" date="1997-03-30"/>
  </code>
</codes>
<codes class="bip:topics:1.0">
  <code code="GCAT">
    <editdetail attribution="Reuters BIP Coding Group" action="confirmed" date="1997-03-30"/>
  </code>
  <code code="GVIO">
    <editdetail attribution="Reuters BIP Coding Group" action="confirmed" date="1997-03-30"/>
  </code>
</codes>
<dc element="dc.date.created" value="1997-03-30"/>
<dc element="dc.publisher" value="Reuters Holdings Plc"/>
<dc element="dc.date.published" value="1997-03-30"/>
<dc element="dc.source" value="Reuters"/>
<dc element="dc.creator.location" value="PHNOM PENH"/>
<dc element="dc.creator.location.country.name" value="CAMBODIA"/>
<dc element="dc.source" value="Reuters"/>
</metadata>
</newsitem>
