<?xml version="1.0" encoding="iso-8859-1" ?>
<newsitem itemid="475753" id="root" date="1997-03-30" xml:lang="en">
<title>ISRAEL: Netanyahu mentor opposes system that elected him.</title>
<headline>Netanyahu mentor opposes system that elected him.</headline>
<dateline>JERUSALEM 1997-03-30</dateline>
<text>
<p>The man who brought Benjamin Netanyahu to political life said on Sunday he now wanted to change the electoral system by which his protege became Israel's prime minister.</p>
<p>&quot;I am certainly for the idea of cancellation of the law for direct election of the prime minister,&quot; Moshe Arens, a former defence minister and now chairman of Netanyahu's Likud party's policy committee, told Israel Television.</p>
<p>&quot;I think that it is a very damaging, very dangerous thing for the State of Israel.&quot;</p>
<p>Arens did not elaborate. Netanyahu's office was not immediately available to comment.</p>
<p>Israeli elections last May for the first time provided for direct election of the prime minister under a law that Netanyahu, 47, championed while a parliamentary back bencher.</p>
<p>The television said Arens had agreed to head an extra- parliamentary body dedicated to changing the law. A forum of members of parliament from both Likud and the main opposition Labour party is working toward the same goal.</p>
<p>Critics of the direct election system as it now stands say it gives too much power to the prime minister. Some Likud members have complained it allows the prime minister to ignore the party.</p>
<p>Netanyahu was introduced to Arens, who became his mentor, in the mid-1970s. He subsequently served as a diplomat in the Israeli embassy in Washington, his first political post, under Arens.</p>
</text>
<copyright>(c) Reuters Limited 1997</copyright>
<metadata>
<codes class="bip:countries:1.0">
  <code code="ISRAEL">
    <editdetail attribution="Reuters BIP Coding Group" action="confirmed" date="1997-03-30"/>
  </code>
</codes>
<codes class="bip:topics:1.0">
  <code code="GCAT">
    <editdetail attribution="Reuters BIP Coding Group" action="confirmed" date="1997-03-30"/>
  </code>
  <code code="GPOL">
    <editdetail attribution="Reuters BIP Coding Group" action="confirmed" date="1997-03-30"/>
  </code>
  <code code="GVOTE">
    <editdetail attribution="Reuters BIP Coding Group" action="confirmed" date="1997-03-30"/>
  </code>
</codes>
<dc element="dc.date.created" value="1997-03-30"/>
<dc element="dc.publisher" value="Reuters Holdings Plc"/>
<dc element="dc.date.published" value="1997-03-30"/>
<dc element="dc.source" value="Reuters"/>
<dc element="dc.creator.location" value="JERUSALEM"/>
<dc element="dc.creator.location.country.name" value="ISRAEL"/>
<dc element="dc.source" value="Reuters"/>
</metadata>
</newsitem>
