<?xml version="1.0" encoding="iso-8859-1" ?>
<newsitem itemid="475770" id="root" date="1997-03-30" xml:lang="en">
<title>TURKEY: Turkey lost $60 billion in Iraq embargo - minister. [CORRECTED 21:20 GMT]</title>
<headline>Turkey lost $60 billion in Iraq embargo - minister. [CORRECTED 21:20 GMT]</headline>
<dateline>ANKARA 1997-03-30</dateline>
<text>
<p>(Corrects figure in headline to &quot;$60 billion&quot; from &quot;$60 million&quot;)</p>
<p>A Turkish cabinet member said on Sunday that Turkey had so far lost $60 billion from the six-year-old U.N. embargo on Iraq, Anatolian news agency said.</p>
<p>Turkish officials have previously put the loss, from trade with neighbour Baghdad and cheap oil imports, at around $27 billion. Western diplomats say even that figure is probably too high.</p>
<p>&quot;The loss so far is $60 billion,&quot; the semi-official Anatolian agency quoted State Minister Ahmet Cemil Tunc as telling a news conference before he left on a trip to Iraq.</p>
<p>&quot;Turkey has suffered as much from this embargo as the Iraqi people have,&quot; he said.</p>
<p>Tunc is to meet President Saddam Hussein, Foreign Minister Mohammed Saeed al-Sahaf, Trade Minister Mohammed Mehdi Saleh and several other officials during his visit, until April 4.</p>
<p>&quot;The target of the visit is to develop trade relations between Turkey and Iraq and bring them to the level they were at before the war. There is the will for that on both sides,&quot; he said.</p>
<p>Iraq was Turkey's third-largest trading partner before U.N. sanctions were slapped on Baghdad for invading Kuwait in 1990.</p>
<p>Last week some Turkish companies began selling pulses and vegetable oil to Iraq as the first shipments of food items under a U.N. oil-for-food deal.</p>
</text>
<copyright>(c) Reuters Limited 1997</copyright>
<metadata>
<codes class="bip:countries:1.0">
  <code code="IRAQ">
    <editdetail attribution="Reuters BIP Coding Group" action="confirmed" date="1997-03-30"/>
  </code>
  <code code="TURK">
    <editdetail attribution="Reuters BIP Coding Group" action="confirmed" date="1997-03-30"/>
  </code>
  <code code="UN">
    <editdetail attribution="Reuters BIP Coding Group" action="confirmed" date="1997-03-30"/>
  </code>
</codes>
<codes class="bip:topics:1.0">
  <code code="E51">
    <editdetail attribution="Reuters BIP Coding Group" action="confirmed" date="1997-03-30"/>
  </code>
  <code code="E512">
    <editdetail attribution="Reuters BIP Coding Group" action="confirmed" date="1997-03-30"/>
  </code>
  <code code="ECAT">
    <editdetail attribution="Reuters BIP Coding Group" action="confirmed" date="1997-03-30"/>
  </code>
  <code code="GCAT">
    <editdetail attribution="Reuters BIP Coding Group" action="confirmed" date="1997-03-30"/>
  </code>
  <code code="GDIP">
    <editdetail attribution="Reuters BIP Coding Group" action="confirmed" date="1997-03-30"/>
  </code>
</codes>
<dc element="dc.date.created" value="1997-03-30"/>
<dc element="dc.publisher" value="Reuters Holdings Plc"/>
<dc element="dc.date.published" value="1997-03-30"/>
<dc element="dc.source" value="Reuters"/>
<dc element="dc.creator.location" value="ANKARA"/>
<dc element="dc.creator.location.country.name" value="TURKEY"/>
<dc element="dc.source" value="Reuters"/>
</metadata>
</newsitem>
