<?xml version="1.0" encoding="iso-8859-1" ?>
<newsitem itemid="475730" id="root" date="1997-03-30" xml:lang="en">
<title>THAILAND: Thai finance crisis claims new victim -- car sales.</title>
<headline>Thai finance crisis claims new victim -- car sales.</headline>
<byline>Anuchit Nguyen</byline>
<dateline>BANGKOK 1997-03-30</dateline>
<text>
<p>Thailand's recent finance sector crisis appears to have a new victim -- the auto industry.</p>
<p>The Thai car market is expected to grow at a slower pace than originally projected this year due to cautious lending for high-risk car purchases, industry analysts said.</p>
<p>The number of cars sold in February dipped 22 percent to 38,719 units from 49,503 the same month a year ago, according to the country's dominant auto group, Toyota Motor (Thailand).</p>
<p>Cumulative car sales in the first two months of the year declined 8.1 percent to 81,694 units compared with 88,872 in the same period last year.</p>
<p>&quot;It's quite a big drop for February's car sales. Finance companies are toughening up new car loans due to their liquidity problem,&quot; Surapong Phasitpatnapong, spokesman for the Thai Automotive Industry Association, told Reuters.</p>
<p>&quot;If the situation continues this way, there is a high possibility that the number of car sales this year would not reach 600,000 units,&quot; he said.</p>
<p>The association earlier this year projected total car sales in 1997 would reach 600,000 units compared with about 590,000 in 1996.</p>
<p>Finance firms have been reluctant to extend loans for any new car purchases since being hit by a liquidity crisis early this year, Surapong said.</p>
<p>&quot;They may need to reserve their funds to meet possible withdrawals of their depositors,&quot; Surapong said.</p>
<p>On March 3, the central Bank of Thailand said it had ordered 10 cash-strapped finance companies to raise capital to assure creditors that they could continue operating soundly.</p>
<p>The announcement sparked a public run on deposits at many other finance companies.</p>
<p>&quot;All finance companies are trimming down their exposure to (car) hire purchase loans,&quot; said an analyst at United Securities. &quot;The loan is considered by the central bank as a high-risk lending activity and non-productive to the economy.&quot;</p>
<p>Analysts said more than 60 percent of car purchases are traditionally financed by hire purchase loans from finance companies.</p>
<p>&quot;The association plans to discuss the strict regulations for the car loans with the finance companies,&quot; Ninnart Chaithirapinyo, senior managing director at Toyota Motor (Thailand), a unit of Toyota Motor Corp.</p>
<p>Toyota has the largest slice, or about 34 percent, of Thailand's car market, but faces competition from local units of Japan's Honda Motor Co Ltd and Mitsubishi Motors Corp.</p>
<p>The sluggish economy also reduced demand for cars, especially commercial vehicles whose sales have been closely in line with the country's economic growth, Surapong said.</p>
<p>The Bank of Thailand has forecast gross domestic product will grow by 6.8 percent this year against 6.7 percent a year ago, but private economists expect growth to be much lower.</p>
</text>
<copyright>(c) Reuters Limited 1997</copyright>
<metadata>
<codes class="bip:countries:1.0">
  <code code="THAIL">
    <editdetail attribution="Reuters BIP Coding Group" action="confirmed" date="1997-03-30"/>
  </code>
</codes>
<codes class="bip:industries:1.0">
  <code code="I35101">
    <editdetail attribution="Reuters BIP Coding Group" action="confirmed" date="1997-03-30"/>
  </code>
</codes>
<codes class="bip:topics:1.0">
  <code code="C31">
    <editdetail attribution="Reuters BIP Coding Group" action="confirmed" date="1997-03-30"/>
  </code>
  <code code="CCAT">
    <editdetail attribution="Reuters BIP Coding Group" action="confirmed" date="1997-03-30"/>
  </code>
</codes>
<dc element="dc.date.created" value="1997-03-30"/>
<dc element="dc.publisher" value="Reuters Holdings Plc"/>
<dc element="dc.date.published" value="1997-03-30"/>
<dc element="dc.source" value="Reuters"/>
<dc element="dc.creator.location" value="BANGKOK"/>
<dc element="dc.creator.location.country.name" value="THAILAND"/>
<dc element="dc.source" value="Reuters"/>
</metadata>
</newsitem>
