<?xml version="1.0" encoding="iso-8859-1" ?>
<newsitem itemid="475786" id="root" date="1997-03-30" xml:lang="en">
<title>JORDAN: Israel and Iraq set to dominate Jordan-U.S. talks.</title>
<headline>Israel and Iraq set to dominate Jordan-U.S. talks.</headline>
<byline>Dominic Evans</byline>
<dateline>AMMAN 1997-03-30</dateline>
<text>
<p>King Hussein of Jordan heads for the White House on Tuesday for talks with President Bill Clinton overshadowed by escalating Arab-Israeli hostility and a potential row over U.S. policy towards Iraq.</p>
<p>Jordanian officials said the king would reiterate his firm support for peace with Israel despite a recent war of words with Prime Minister Benjamin Netanyahu and the shooting of seven Israeli schoolgirls by a Jordanian soldier.</p>
<p>But he would warn that Israeli policies which have angered Palestinians, including Jewish settlement building in East Jerusalem and limited withdrawal from the West Bank, were also undermining Jordan's own peace treaty with Israel.</p>
<p>&quot;The king was angry and is still angry at the policies of the Israeli government,&quot; a Jordanian former minister said.</p>
<p>&quot;We are observing our treaty, we are trying to fulfill our treaty,&quot; he said. &quot;But the degree of implementation will be affected by the implementation of the Palestinian accord.&quot;</p>
<p>The king has won debt forgiveness and military aid from the United States worth almost one billion dollars since leading Jordan into its 1994 peace treaty with Israel and steering away from his former ally President Saddam Hussein of Iraq.</p>
<p>But his new Prime Minister Abdul-Salam al-Majali, who flew to join him in the United States on Thursday, broke ranks on Saturday by criticising U.S. Secretary of State Madeleine Albright's &quot;hardline&quot; policy statement on Iraq.</p>
<p>Majali, who was appointed by the king two weeks ago and enjoys good relations with Baghdad, said Albright was meddling in Iraqi affairs by suggesting her country would only deal with a post-Saddam Iraq.</p>
<p>He said Jordan found it &quot;unacceptable for a country, however big or small, to interfere in the internal matters of another.&quot; Albright's comments were likely to backfire and strengthen support for Saddam, he said.</p>
<p>Iraqi Deputy Prime Minister Tareq Aziz said in Amman last week he welcomed Majali's appointment and spoke of &quot;artificial tensions&quot; with Jordan under Majali's predecessor, Abdul-Karim al-Kabariti.</p>
<p>Amman has played down talk of policy change towards Iraq in response to the start of the U.N. oil-for-food deal, which has eased sanction-hit Baghdad's financial crisis and sent Jordanian companies scrambling to sell goods to Iraq.</p>
<p>But diplomats say Jordan is worried that having turned against Saddam two years ago, King Hussein could be left exposed if U.S.-led international isolation of Baghdad, imposed after its 1990 invasion of Kuwait, starts to crumble.</p>
<p>&quot;They're concerned about the state of drift in U.S. policy -- they thought Saddam would disappear and he hasn't,&quot; one Western diplomat said.</p>
<p>With U.S. oil companies already buying Iraqi oil under the U.N.-monitored deal, few Jordanians believe that Washington can maintain its tough anti-Iraq line indefinitely.</p>
<p>&quot;The king will say (to Clinton) : 'What do you really want from Iraq?'&quot; said a pro-government MP. &quot;I don't consider (Albright's) statements really constitute U.S. policy over the next four years -- it is under study and it might change.&quot;</p>
<p>Majali has said that U.S. aid for Jordan, underpinning Amman's close support for Washington's Middle East agenda, would also be discussed at King Hussein's Tuesday talks with Clinton.</p>
<p>The United States wrote off Jordanian debt in 1994 and 1995 worth $630 million and has promised a $200 million squadron of fighter jets by next year. In December it delivered military equipment worth another $100 million.</p>
<p>But Majali said Jordanians had yet to see the fruits of their peace treaty, the much-promised &quot;peace dividend&quot;.</p>
</text>
<copyright>(c) Reuters Limited 1997</copyright>
<metadata>
<codes class="bip:countries:1.0">
  <code code="IRAQ">
    <editdetail attribution="Reuters BIP Coding Group" action="confirmed" date="1997-03-30"/>
  </code>
  <code code="ISRAEL">
    <editdetail attribution="Reuters BIP Coding Group" action="confirmed" date="1997-03-30"/>
  </code>
  <code code="JORDAN">
    <editdetail attribution="Reuters BIP Coding Group" action="confirmed" date="1997-03-30"/>
  </code>
  <code code="USA">
    <editdetail attribution="Reuters BIP Coding Group" action="confirmed" date="1997-03-30"/>
  </code>
</codes>
<codes class="bip:topics:1.0">
  <code code="GCAT">
    <editdetail attribution="Reuters BIP Coding Group" action="confirmed" date="1997-03-30"/>
  </code>
  <code code="GDIP">
    <editdetail attribution="Reuters BIP Coding Group" action="confirmed" date="1997-03-30"/>
  </code>
</codes>
<dc element="dc.date.created" value="1997-03-30"/>
<dc element="dc.publisher" value="Reuters Holdings Plc"/>
<dc element="dc.date.published" value="1997-03-30"/>
<dc element="dc.source" value="Reuters"/>
<dc element="dc.creator.location" value="AMMAN"/>
<dc element="dc.creator.location.country.name" value="JORDAN"/>
<dc element="dc.source" value="Reuters"/>
</metadata>
</newsitem>
