<?xml version="1.0" encoding="iso-8859-1" ?>
<newsitem itemid="475779" id="root" date="1997-03-30" xml:lang="en">
<title>JORDAN: Jordan shares near 97 lows on poor profit resultS.</title>
<headline>Jordan shares near 97 lows on poor profit resultS.</headline>
<dateline>AMMAN 1997-03-30</dateline>
<text>
<p>Shares on Jordan's stock exchange fell close to 1997 lows on Sunday after a raft of disappointing annual results from smaller firms, brokers said.</p>
<p>The official Amman Financial Market (AFM) index fell 0.46 percent to 152.12 points after shares worth 660,000 dinars ($519,000) changed hands. The index started 1997 at 151.61 points but rose to over 157 before falling back.</p>
<p>&quot;Overall sentiment is  poor,&quot; said one broker.</p>
<p>Analyst Mohammad Abdallah said poor results from Industrial Commercial and Agriculture, Universal Modern Industry, Jordan Rockwool Industries and Jordan Worsted Mills prompted the mood of pessimism.</p>
<p>He said Industrial Commerical Agriculture announced 1996 losses of 315,000 dinars, compared to 1995 profit of 397,000 dinars. Its stock fell by the daily maximum of five percent to 2.22 dinars.</p>
<p>Vegetable oil producer Universal Modern Industry, hit by Jordan's lower trade protocol with sanction-hit Iraq last year, announced a slump in profits to 15,000 dinars from over two million dinars in 1995, Abdallah said. The shares also fell five percent on Sunday to 1.50 dinars.</p>
<p>Both companies were expected to do better in 1997 after Iraq and the U.N. agreed an accord under which Iraq can sell oil worth $2 million over six months to pay for urgently needed food and medicine.</p>
<p>A fall in profit to 2.5 million dinars from 3.2 million in 1995 reported by Jordan Worsted Mills and a 1996 loss of 113,000 dinars by Jordan Rockwool Industries also depressed the bourse, Abdallah said.</p>
<p>Overall 20 shares fell, led by heavyweight Arab Bank, which lost one dinar to 253 dinars in trade worth 91,000 dinars.</p>
<p>Brokers said the bank, which announced on Friday a 17.7 percent rise in 1996 net profits but declined to set a date for a planned bonus share offer, fell victim to the overall negative sentiment on the bourse.</p>
<p>Shares in just seven companies rose, but they were barely traded. Shares in another 13 companies were traded but closed unchanged.</p>
<p>The private Pearl Index of the 45 most-traded shares on the exchange shed 0.33 percent to 79.77 points, 4.35 percent down from the start of the year.</p>
<p>-- Amman newsroom +9626 623776</p>
</text>
<copyright>(c) Reuters Limited 1997</copyright>
<metadata>
<codes class="bip:countries:1.0">
  <code code="JORDAN">
    <editdetail attribution="Reuters BIP Coding Group" action="confirmed" date="1997-03-30"/>
  </code>
</codes>
<codes class="bip:topics:1.0">
  <code code="M11">
    <editdetail attribution="Reuters BIP Coding Group" action="confirmed" date="1997-03-30"/>
  </code>
  <code code="MCAT">
    <editdetail attribution="Reuters BIP Coding Group" action="confirmed" date="1997-03-30"/>
  </code>
</codes>
<dc element="dc.date.created" value="1997-03-30"/>
<dc element="dc.publisher" value="Reuters Holdings Plc"/>
<dc element="dc.date.published" value="1997-03-30"/>
<dc element="dc.source" value="Reuters"/>
<dc element="dc.creator.location" value="AMMAN"/>
<dc element="dc.creator.location.country.name" value="JORDAN"/>
<dc element="dc.source" value="Reuters"/>
</metadata>
</newsitem>
