<?xml version="1.0" encoding="iso-8859-1" ?>
<newsitem itemid="475721" id="root" date="1997-03-30" xml:lang="en">
<title>CAMBODIA: Cambodia blasts rock opposition protest, kill seven.</title>
<headline>Cambodia blasts rock opposition protest, kill seven.</headline>
<byline>Leo Dobbs</byline>
<dateline>PHNOM PENH 1997-03-30</dateline>
<text>
<p>Seven people were killed and 25 injured, 19 of them seriously, in a bomb and grenade attack on an opposition demonstration in the Cambodian capital on Sunday, police said.</p>
<p>Unidentifed attackers threw two grenades from a car that sped up to the demonstration outside the Cambodian National Assembly in Phnom Penh, police and witnesses said.</p>
<p>A bomb also appeared to have exploded in a nearby food vendor's cart as protesters from opposition leader Sam Rainsy's Khmer Nation Party (KNP) demonstrated against what they called subservience of the judiciary to the ruling Cambodian People's Party (CPP).</p>
<p>The protest had been authorised by Phnom Penh municipal authorities.</p>
<p>Rainsy, long a thorn in the side of the government, was nearby when the explosions went off. He was whisked away by aides and his wife Tioulong Saumura told Reuters he was safe.</p>
<p>Many of the dead and injured had been near the food vendor's cart. Blood and placards littered the ground and heavily armed police sealed off the area and the road that leads past the royal palace.</p>
<p>Rainsy was ousted as finance minister in 1994 and formed the KNP in November 1995.</p>
<p>He has since allied the officially unrecognised KNP with the royalist FUNCINPEC party, party of an uneasy coalition with the CPP, to fight elections planned for 1998.</p>
</text>
<copyright>(c) Reuters Limited 1997</copyright>
<metadata>
<codes class="bip:countries:1.0">
  <code code="KAMPA">
    <editdetail attribution="Reuters BIP Coding Group" action="confirmed" date="1997-03-30"/>
  </code>
</codes>
<codes class="bip:topics:1.0">
  <code code="GCAT">
    <editdetail attribution="Reuters BIP Coding Group" action="confirmed" date="1997-03-30"/>
  </code>
  <code code="GVIO">
    <editdetail attribution="Reuters BIP Coding Group" action="confirmed" date="1997-03-30"/>
  </code>
</codes>
<dc element="dc.date.created" value="1997-03-30"/>
<dc element="dc.publisher" value="Reuters Holdings Plc"/>
<dc element="dc.date.published" value="1997-03-30"/>
<dc element="dc.source" value="Reuters"/>
<dc element="dc.creator.location" value="PHNOM PENH"/>
<dc element="dc.creator.location.country.name" value="CAMBODIA"/>
<dc element="dc.source" value="Reuters"/>
</metadata>
</newsitem>
