<?xml version="1.0" encoding="iso-8859-1" ?>
<newsitem itemid="475708" id="root" date="1997-03-30" xml:lang="en">
<title>JAPAN: Japan's Nippon Credit Bank urged to merge.</title>
<headline>Japan's Nippon Credit Bank urged to merge.</headline>
<dateline>TOKYO 1997-03-30</dateline>
<text>
<p>Troubled Nippon Credit Bank Ltd (NCB) should merge with the governmental Japan Development Bank, a senior policy planner with the ruling Liberal Democratic Party was quoted as saying on Sunday.</p>
<p>The Tokyo Shimbun newspaper quoted LDP Policy Affairs Research Council Chairman Taku Yamasaki as saying that the newly merged bank should be placed under a financial holding company.</p>
<p>NCB, facing massive bad loans at its three nonbank affiliates, is to announce a restructuring plan soon.</p>
<p>&quot;In my view, the Japan Development Bank should be privatised and merged with (NCB) via a holding company... The restructuring plan, if mapped out, would put NCB's management in order,&quot; the paper quoted Yamasaki as saying.</p>
<p>NCB's restructuring plan, due in April, is expected to include halting all of its overseas operations and boosting its capital.</p>
<p>NCB said a company spokesperson was unavailable for comment on the remarks.</p>
</text>
<copyright>(c) Reuters Limited 1997</copyright>
<metadata>
<codes class="bip:countries:1.0">
  <code code="JAP">
    <editdetail attribution="Reuters BIP Coding Group" action="confirmed" date="1997-03-30"/>
  </code>
</codes>
<codes class="bip:industries:1.0">
  <code code="I81402">
    <editdetail attribution="Reuters BIP Coding Group" action="confirmed" date="1997-03-30"/>
  </code>
  <code code="I81501">
    <editdetail attribution="Reuters BIP Coding Group" action="confirmed" date="1997-03-30"/>
  </code>
  <code code="I8150106">
    <editdetail attribution="Reuters BIP Coding Group" action="confirmed" date="1997-03-30"/>
  </code>
</codes>
<codes class="bip:topics:1.0">
  <code code="C11">
    <editdetail attribution="Reuters BIP Coding Group" action="confirmed" date="1997-03-30"/>
  </code>
  <code code="C18">
    <editdetail attribution="Reuters BIP Coding Group" action="confirmed" date="1997-03-30"/>
  </code>
  <code code="C181">
    <editdetail attribution="Reuters BIP Coding Group" action="confirmed" date="1997-03-30"/>
  </code>
  <code code="CCAT">
    <editdetail attribution="Reuters BIP Coding Group" action="confirmed" date="1997-03-30"/>
  </code>
</codes>
<dc element="dc.date.created" value="1997-03-30"/>
<dc element="dc.publisher" value="Reuters Holdings Plc"/>
<dc element="dc.date.published" value="1997-03-30"/>
<dc element="dc.source" value="Reuters"/>
<dc element="dc.creator.location" value="TOKYO"/>
<dc element="dc.creator.location.country.name" value="JAPAN"/>
<dc element="dc.source" value="Reuters"/>
</metadata>
</newsitem>
