<?xml version="1.0" encoding="iso-8859-1" ?>
<newsitem itemid="475793" id="root" date="1997-03-30" xml:lang="en">
<title>TURKEY: Turkish coalition frays under army pressure.</title>
<headline>Turkish coalition frays under army pressure.</headline>
<byline>Jonathan Lyons</byline>
<dateline>ISTANBUL 1997-03-30</dateline>
<text>
<p>Demands by Turkey's powerful generals for a crackdown on Islamist activities have exposed the fault lines in the ruling coalition and revived doubts about the long-term survival of the 10-month-old government.</p>
<p>The run-up to Monday's regularly scheduled meeting of the military-dominated National Security Council (NSC) touched off a war of words at the weekend between the coalition's Islamist and secularist wings.</p>
<p>At issue are 18 directives from the Council, which is charged under the constitution with safeguarding the secular system, aimed at choking off the growing influence of Islamists in public life.</p>
<p>Laid down on February 28, they include strict limits on Koranic education, enforcement of restrictions on headscarves and other forms of Moslem dress, as well as an assault on pro-Islamist media and business.</p>
<p>But the broader underlying questions -- the role of the military in Turkish democracy, relations between mosque and state, the rise of civil society -- are also in play.</p>
<p>&quot;Either this government will go, or democracy will,&quot; said commentator Bilal Cetin, summing up the the long-term outlook of a number of analysts.</p>
<p>&quot;The consensus is that the chances of survival for both are decreasing steadily,&quot; Cetin wrote in the daily Yeni Yuzyil.</p>
<p>Prime Minister Necmettin Erbakan, the first Islamist leader of the officially secular republic, reluctantly endorsed the Council's orders for a crackdown.</p>
<p>However, aides from his Welfare Party have since hinted enforcement would be less than enthusiastic.</p>
<p>The more outspoken ministers of the junior partner True Path Party, secularist conservatives at least in name, meanwhile pledged aggressive implementation.</p>
<p>For the second time in a month the government cancelled its weekly cabinet meeting, apparently to avoid a public rift before the session of the Security Council, which groups the top force commanders and senior ministers.</p>
<p>Talk of early elections, never far from the surface in Turkey, is once again in the air.</p>
<p>The agenda for Monday's meeting, which begins at 0630 GMT, has not been made public.</p>
<p>But enforcement of the February 28 orders, most notably cuts in the religious education that the Islam-based Welfare Party sees as vital to its future growth, is expected to be discussed under the catch-all of &quot;national security.&quot;</p>
<p>Already there have been feverish preparations on all sides.</p>
<p>The military brass held a series of consultations late last week and press leaks indicate the army, by far the most respected institution in Turkey, is prepared to see off any protests from Prime Minister Erbakan.</p>
<p>At the same time True Path and Welfare officials, in uneasy coalition since June, 1996, have traded tough talk.</p>
<p>&quot;The NSC decisions will be enforced to the letter. If there is anyone who is trying to stop that, let them come forward and try,&quot; said Yalim Erez, trade and industry minister from the True Path Party.</p>
<p>Health Minister Yildirim Aktuna, also from True Path, sent shares on the Istanbul stock exchange tumbling on Thursday when he expressed doubts Welfare would support the crackdown.</p>
<p>&quot;For Welfare to accept the NSC decisions means giving up the policies which they have followed until today,&quot; Aktuna said.</p>
</text>
<copyright>(c) Reuters Limited 1997</copyright>
<metadata>
<codes class="bip:countries:1.0">
  <code code="TURK">
    <editdetail attribution="Reuters BIP Coding Group" action="confirmed" date="1997-03-30"/>
  </code>
</codes>
<codes class="bip:topics:1.0">
  <code code="GCAT">
    <editdetail attribution="Reuters BIP Coding Group" action="confirmed" date="1997-03-30"/>
  </code>
  <code code="GPOL">
    <editdetail attribution="Reuters BIP Coding Group" action="confirmed" date="1997-03-30"/>
  </code>
</codes>
<dc element="dc.date.created" value="1997-03-30"/>
<dc element="dc.publisher" value="Reuters Holdings Plc"/>
<dc element="dc.date.published" value="1997-03-30"/>
<dc element="dc.source" value="Reuters"/>
<dc element="dc.creator.location" value="ISTANBUL"/>
<dc element="dc.creator.location.country.name" value="TURKEY"/>
<dc element="dc.source" value="Reuters"/>
</metadata>
</newsitem>
