<?xml version="1.0" encoding="iso-8859-1" ?>
<newsitem itemid="475702" id="root" date="1997-03-30" xml:lang="en">
<title>TAIWAN: Taiwan February bad-cheque ratio rises to 0.60 pct.</title>
<headline>Taiwan February bad-cheque ratio rises to 0.60 pct.</headline>
<dateline>TAIPEI 1997-03-30</dateline>
<text>
<p>Taiwan's bad-cheque ratio was at 0.60 percent in February, up from January's 0.55 percent, the local Commercial Times newspaper reported on Sunday.</p>
<p>The number of bad cheques accounted for 0.60 percent of the total cheques written in Februay, with a value representing 0.36 percent of the value of all cheques written, the paper quoted the central bank as saying.</p>
<p>The monthly bad-cheque ratio hit a 10-year high of 0.80 percent in October 1995, the central bank said.</p>
<p>In annual terms, 1995's 0.67 percent was also a 10-year peak, the highest since the ratio hit 0.75 percent in 1985.</p>
<p>The bank attributed the rising number of bad cheques in 1995 to the slow economy and Taiwan's slumping property and stock markets. But in recent months, the bad-cheque problems have eased gradually, it said.</p>
<p>-- Taipei Newsroom (5080815)</p>
</text>
<copyright>(c) Reuters Limited 1997</copyright>
<metadata>
<codes class="bip:countries:1.0">
  <code code="TAIWAN">
    <editdetail attribution="Reuters BIP Coding Group" action="confirmed" date="1997-03-30"/>
  </code>
</codes>
<codes class="bip:industries:1.0">
  <code code="I81402">
    <editdetail attribution="Reuters BIP Coding Group" action="confirmed" date="1997-03-30"/>
  </code>
</codes>
<codes class="bip:topics:1.0">
  <code code="C21">
    <editdetail attribution="Reuters BIP Coding Group" action="confirmed" date="1997-03-30"/>
  </code>
  <code code="C31">
    <editdetail attribution="Reuters BIP Coding Group" action="confirmed" date="1997-03-30"/>
  </code>
  <code code="CCAT">
    <editdetail attribution="Reuters BIP Coding Group" action="confirmed" date="1997-03-30"/>
  </code>
</codes>
<dc element="dc.date.created" value="1997-03-30"/>
<dc element="dc.publisher" value="Reuters Holdings Plc"/>
<dc element="dc.date.published" value="1997-03-30"/>
<dc element="dc.source" value="Reuters"/>
<dc element="dc.creator.location" value="TAIPEI"/>
<dc element="dc.creator.location.country.name" value="TAIWAN"/>
<dc element="dc.source" value="Reuters"/>
</metadata>
</newsitem>
