<?xml version="1.0" encoding="iso-8859-1" ?>
<newsitem itemid="475761" id="root" date="1997-03-30" xml:lang="en">
<title>EGYPT: Millers lead Egyptian stock market upwards.</title>
<headline>Millers lead Egyptian stock market upwards.</headline>
<dateline>CAIRO 1997-03-30</dateline>
<text>
<p>Milling shares led the Egyptian share market upwards again on Sunday but investors seemed more selective than in hectic bullish trading late last week.</p>
<p>The Capital Market Authority all-share index gained 3.74 points to close the day at 385.16 in trade worth an about average 48.665 million pounds ($14.34 million).</p>
<p>The partially privatised milling companies rose across the board in a confirmation that investors have overcome the jitters which hit the market during this month's steep correction.</p>
<p>&quot;The mills are the barometer of the whole stock exchange. They always react very strongly to sentiment,&quot; said Mohamed Abdullah of brokers Intercapital.</p>
<p>Upper Egypt Flour Mills, among the most active shares of the day, added 2.46 pounds to close at 92.98. Central and West Delta Flour Mills gained 3.20 to 109.98.</p>
<p>The only exception was closely related company General Silos and Storage, which usually tracks the millers. It slipped 2.14 pounds to 107.00.</p>
<p>Abdullah said Medinet Nasr Housing and Development suffered from an announcement that shareholders will have to wait to qualify for their one-for-one free share. March 31 was the original cut-off date but the company has postponed this indefinitely because of a technical hitch.</p>
<p>The company will announce a new date as soon as the stock exchange has agreed to register the capital increase. Without this the new shares would have had to trade over-the-counter in parallel with the old ones. The shares lost 3.50 to 485.00.</p>
<p>Heliopolis Housing and Development announced a 25 percent increase in profits for the July-December period but the share fell sharply to 418.00 from 440.00. Abdullah said the nature of the real estate business made profit figures an unreliable guide to the value of such shares.</p>
<p>The broker said he noted strong demand for Kabo/Nasr Clothing and Textiles, apparently on a newspaper report that the state would sell more shares and give up control of the partially privatised company. But trade in the stock was thin and the price did not change.</p>
<p>Banks and cements were mixed. Among the more active stocks, Commercial International Bank (CIB) rose 1.94 to 86.00 and Suez Cement gained 2.48 to 74.90.</p>
<p>The index for openly traded firms increased to 615.08 from 600.88 on Thursday. The index for rarely traded &quot;closed&quot; firms rose to 261.21 from 260.88.</p>
<p>Out of the 73 shares traded on Sunday, 39 gained and 17 lost. Seventeen ended unchanged.</p>
<p>$1 = 3.395 pounds</p>
<p>-- Cairo newsroom +20 2 578 3290/1</p>
</text>
<copyright>(c) Reuters Limited 1997</copyright>
<metadata>
<codes class="bip:countries:1.0">
  <code code="EGYPT">
    <editdetail attribution="Reuters BIP Coding Group" action="confirmed" date="1997-03-30"/>
  </code>
</codes>
<codes class="bip:topics:1.0">
  <code code="M11">
    <editdetail attribution="Reuters BIP Coding Group" action="confirmed" date="1997-03-30"/>
  </code>
  <code code="MCAT">
    <editdetail attribution="Reuters BIP Coding Group" action="confirmed" date="1997-03-30"/>
  </code>
</codes>
<dc element="dc.date.created" value="1997-03-30"/>
<dc element="dc.publisher" value="Reuters Holdings Plc"/>
<dc element="dc.date.published" value="1997-03-30"/>
<dc element="dc.source" value="Reuters"/>
<dc element="dc.creator.location" value="CAIRO"/>
<dc element="dc.creator.location.country.name" value="EGYPT"/>
<dc element="dc.source" value="Reuters"/>
</metadata>
</newsitem>
