<?xml version="1.0" encoding="iso-8859-1" ?>
<newsitem itemid="475706" id="root" date="1997-03-30" xml:lang="en">
<title>SINGAPORE: Indonesia most corrupt country in Asia - report.</title>
<headline>Indonesia most corrupt country in Asia - report.</headline>
<byline>Rene Pastor</byline>
<dateline>SINGAPORE 1997-03-30</dateline>
<text>
<p>Indonesia has been rated as the most corrupt country in Asia, but the problem is increasing in almost every country in the region, a report said.</p>
<p>The Asian Intelligence report by the Hong Kong-based Political and Economic Risk Consultancy Ltd (PERC) said the survey of expatriate business executives in the region showed that only the Philippines and Singapore were seen making progress against corruption last year.</p>
<p>The report did no give a timeframe for the survey, but 280 executives were surveyed and asked to grade each country on a scale of 0-10. Zero being the best grade and 10 the worst.</p>
<p>&quot;Our survey rated the problem of corruption in Indonesia as being the worst in Asia,&quot; the report, made available on Sunday, said. Indonesia had the worst score of more than 8.0.</p>
<p>&quot;A series of high-profile cases highlighted the extent to which politically influential individuals were able to arrange matters to their own financial benefit. Growing nepotism, particularly when it concerns the presidential family, was thus probably equated with corruption&quot; in the survey, it said.</p>
<p>One case cited was the long-running struggle by influential companies &quot;to get a piece of the action&quot; in Indonesia's Busang gold field being developed by Canada's Bre-X Minerals Ltd and Freeport-McMoran.</p>
<p>Busang is now under a deep cloud after Bre-X admitted last week that the potential reserves, which it had reported in February at 71 million ounces, appear to have been overstated.</p>
<p>Another country cited in the PERC report was South Korea.</p>
<p>&quot;Our survey indicates that the magnitude of the problem is perceived to be worse than in Thailand and on a similar scale to India and China,&quot; it said.</p>
<p>The collapse of Hambo Steel Co Ltd and the indictment of several members of the ruling New Korea Party in the scandal &quot;has seriously tarnished President Kim Young Sam's 'Mr Clean' image,&quot; it added.</p>
<p>In the case of China and India, the report said it found it difficult to distinguish where the problem was worse.</p>
<p>While India's free-wheeling press and open democratic system allows corruption to get more public exposure, the closed system in China allows officials &quot;to hide their dirty laundry.&quot;</p>
<p>&quot;In both cases, however, corruption is a formidable problem,&quot; declared the PERC.</p>
<p>The survey did not include any other countries in the Indian subcontinent. Pakistan was found in a survey last year by Berlin-based Transparency International (TI) to be the world's second most corrupt place to do business after Nigeria.</p>
<p>Corruption is coming up in Malaysia especially after Prime Minister Mahathir Mohamad's emotional speech last year during the congress of the ruling UMNO party about corruption and money politics.</p>
<p>On the other hand, Singapore is still seen as being tough on corruption, while the Philippines &quot;has tried to make its operations more transparent and graft has been reduced.&quot;</p>
<p>&quot;The Philippines has gone from being the symbol of big-time corruption in Asia to being seen as one of the countries in the region genuinely seeking to clean up its act,&quot; the PERC said.</p>
<p>The PERC said an effective campaign against corruption &quot;requires an institutional framework that is lacking in many countries...and can take years to develop.&quot;</p>
<p>&quot;Foreign businessmen operating in Asia are increasingly conscious of the need to develop such institutions and, when they are in place, to use them effectively,&quot; the report concluded.</p>
<p>In order of cleanest to most corrupt, were Singapore, Hong Kong, Japan, Malaysia, Taiwan, Philippines, Thailand, South Korea, Vietnam, China, India and Indonesia.</p>
</text>
<copyright>(c) Reuters Limited 1997</copyright>
<metadata>
<codes class="bip:countries:1.0">
  <code code="INDON">
    <editdetail attribution="Reuters BIP Coding Group" action="confirmed" date="1997-03-30"/>
  </code>
  <code code="SINGP">
    <editdetail attribution="Reuters BIP Coding Group" action="confirmed" date="1997-03-30"/>
  </code>
</codes>
<codes class="bip:topics:1.0">
  <code code="GCAT">
    <editdetail attribution="Reuters BIP Coding Group" action="confirmed" date="1997-03-30"/>
  </code>
  <code code="GCRIM">
    <editdetail attribution="Reuters BIP Coding Group" action="confirmed" date="1997-03-30"/>
  </code>
  <code code="GDIP">
    <editdetail attribution="Reuters BIP Coding Group" action="confirmed" date="1997-03-30"/>
  </code>
  <code code="GPOL">
    <editdetail attribution="Reuters BIP Coding Group" action="confirmed" date="1997-03-30"/>
  </code>
</codes>
<dc element="dc.date.created" value="1997-03-30"/>
<dc element="dc.publisher" value="Reuters Holdings Plc"/>
<dc element="dc.date.published" value="1997-03-30"/>
<dc element="dc.source" value="Reuters"/>
<dc element="dc.creator.location" value="SINGAPORE"/>
<dc element="dc.creator.location.country.name" value="SINGAPORE"/>
<dc element="dc.source" value="Reuters"/>
</metadata>
</newsitem>
