<?xml version="1.0" encoding="iso-8859-1" ?>
<newsitem itemid="475712" id="root" date="1997-03-30" xml:lang="en">
<title>CHINA: China says to take anti-steel dumping measures.</title>
<headline>China says to take anti-steel dumping measures.</headline>
<dateline>BEIJING 1997-03-30</dateline>
<text>
<p>China will this year move to bar the dumping of steel products by foreign countries and cut some imports to help domestic producers keep their grip on the local market, the China Daily Business Weekly said on Sunday.</p>
<p>Beijing would restore port management to curb dumping of ordinary steel products, which in 1996 were sold to China at prices much lower than those on the international market, the official newspaper said.</p>
<p>Trade departments were drafting specific anti-dumping regulations, which had already been submitted for approval by the State Council, or cabinet, it said.</p>
<p>China imported 16 million tonnes of steel in 1996, about 10 million tonnes of which were finished products, and cheaper imports from the former Soviet Union and South Korea had forced a cut in domestic production, it said.</p>
<p>&quot;China will reduce imports of long steel products except for high-grade wire rods this year to ensure domestic producers' hold of the domestic market,&quot; it said but gave no details.</p>
<p>Domestic producers should seek to cut prices to become more competitive while boosting quality and service, the newspaper quoted senior researcher Wang Jixiang as saying.</p>
<p>Imported products were not subject to the same taxes as domestic products, meaning domestic manufacturers were not competing on an equal basis with their foreign counterparts, Wang said.</p>
<p>-- Beijing Newsroom (8610) 6532 1921</p>
</text>
<copyright>(c) Reuters Limited 1997</copyright>
<metadata>
<codes class="bip:countries:1.0">
  <code code="CHINA">
    <editdetail attribution="Reuters BIP Coding Group" action="confirmed" date="1997-03-30"/>
  </code>
</codes>
<codes class="bip:industries:1.0">
  <code code="I22100">
    <editdetail attribution="Reuters BIP Coding Group" action="confirmed" date="1997-03-30"/>
  </code>
</codes>
<codes class="bip:topics:1.0">
  <code code="C13">
    <editdetail attribution="Reuters BIP Coding Group" action="confirmed" date="1997-03-30"/>
  </code>
  <code code="C31">
    <editdetail attribution="Reuters BIP Coding Group" action="confirmed" date="1997-03-30"/>
  </code>
  <code code="C311">
    <editdetail attribution="Reuters BIP Coding Group" action="confirmed" date="1997-03-30"/>
  </code>
  <code code="CCAT">
    <editdetail attribution="Reuters BIP Coding Group" action="confirmed" date="1997-03-30"/>
  </code>
</codes>
<dc element="dc.date.created" value="1997-03-30"/>
<dc element="dc.publisher" value="Reuters Holdings Plc"/>
<dc element="dc.date.published" value="1997-03-30"/>
<dc element="dc.source" value="Reuters"/>
<dc element="dc.creator.location" value="BEIJING"/>
<dc element="dc.creator.location.country.name" value="CHINA"/>
<dc element="dc.source" value="Reuters"/>
</metadata>
</newsitem>
