<?xml version="1.0" encoding="iso-8859-1" ?>
<newsitem itemid="475741" id="root" date="1997-03-30" xml:lang="en">
<title>ISRAEL: Israelis, Palestinians clash in West Bank.</title>
<headline>Israelis, Palestinians clash in West Bank.</headline>
<byline>Jeffrey Heller</byline>
<dateline>JERUSALEM 1997-03-30</dateline>
<text>
<p>Stone-throwing Palestinians kept up street battles with Israeli soldiers on Sunday but Palestinian police, under the barrels of Israeli tanks, prevented clashes at several West Bank flashpoints.</p>
<p>It was the 11th day of unrest spurred by Israel's breaking ground for a new Jewish settlement in Arab East Jerusalem.</p>
<p>&quot;I think the majority of the Palestinian forces, policemen, were working with us against the violence in the area,&quot; Israeli Defence Minister Yitzhak Mordechai said.</p>
<p>He cited the West Bank town of Nablus where Palestinian police barred some 4,000 Arab protesters from reaching Joseph's Tomb, a Jewish shrine guarded by Israeli soldiers.</p>
<p>Israeli tanks ringed self-ruled Nablus in a show of force which Mordechai said he would lift once the Palestinian Authority &quot;joins us fighting the terrorism and violence&quot;.</p>
<p>In Ramallah, north of Jerusalem, Palestinian police used clubs to disperse hundreds of protesters heading towards an Israeli roadblock, witnesses said.</p>
<p>But with pockets of violence still scattered across the West Bank, it was too soon to gauge whether the police action was the start of a crackdown Israel has demanded from the Authority.</p>
<p>&quot;No one can imagine it is possible to advance towards peace while there is unrest, incitement, confrontation or, God forbid, terror,&quot; Israeli Foreign Minister David Levy said.</p>
<p>Levy's office said the European Union's Middle East peace envoy, Miguel Angel Moratinos, delivered a message to the foreign minister from Yasser Arafat in which the Palestinian president pledged to do his best to curb violence.</p>
<p>The most serious clashes on Sunday erupted near the West Bank town of Jenin where Israeli forces used rubber bullets, teargas and a gravel-firing cannon against protesters.</p>
<p>Hospital officials said one Palestinian, aged 15, was in serious conditon after being shot in the chest with live ammunition, another 35 protesters were hit by rubber bullets and several were injured by gravel shot by the armoured vehicle.</p>
<p>The Israeli army said a soldier was slightly wounded by a stone near Nablus as was an Israeli woman near Ramallah.</p>
<p>Violence also flared in Hebron where seven Palestinians were wounded by rubber bullets.</p>
<p>The killing of a Palestinian by Israeli troops on Saturday raised tensions for Land Day, an annual day of protests by Israeli Arabs against land confiscation by the government. Abdullah Khalil Abdullah was the first fatality since the unrest began more than a week ago.</p>
<p>Israeli police sent reinforcements to areas near Arab towns and villages inside Israel but only isolated incidents of stone-throwing were reported during marches on Sunday in which some protesters held Palestinian flags.</p>
<p>Police said at least 25 Israeli Arabs were arrested.</p>
<p>&quot;Israeli Arabs and their leaders deserve full credit,&quot; Public Security Minister Avigdor Kahalani told reporters. &quot;They behaved like mature citizens of Israel.&quot;</p>
<p>Some 850,000 Arabs live in the Jewish state and the community annually commemorates the killing by Israeli forces of six Arabs during land demonstrations in 1976.</p>
<p>Skirmishes continued near the tomb of the biblical matriarch Rachel in an Israeli enclave next to self-ruled Bethlehem. Soldiers fired rubber bullets, wounding two Arabs, and teargas.</p>
<p>In Gaza, hundreds of Palestinian youths tried to march on an Israeli checkpoint but were held back by Palestinian police.</p>
<p>Soldiers continued to patrol Israeli cities, on alert for suicide bombers nine days after a Moslem militant killed himself and three Israeli women in an attack on a cafe in Tel Aviv.</p>
<p>An Easter message by Michel Sabbah, Roman Catholic Patriarch in Jerusalem, focused on &quot;the evil around us&quot;. He said: &quot;Violence is still in the heart and blindness concerning the rights of others is still in the minds of leaders&quot;.</p>
<p>At a meeting of Arab foreign ministers in Cairo, Arafat urged Arab states to press on with plans for a special &quot;uniting for peace&quot; session of the U.N. General Assembly to bypass U.S. vetoes of Security Council resolutions critical of Israel.</p>
<p>Arafat said Israel had declared war on the Palestinian people by surrounding Palestinian areas with tanks in response to Palestinians throwing stones in protest at the settlement building.</p>
</text>
<copyright>(c) Reuters Limited 1997</copyright>
<metadata>
<codes class="bip:countries:1.0">
  <code code="ISRAEL">
    <editdetail attribution="Reuters BIP Coding Group" action="confirmed" date="1997-03-30"/>
  </code>
</codes>
<codes class="bip:topics:1.0">
  <code code="GCAT">
    <editdetail attribution="Reuters BIP Coding Group" action="confirmed" date="1997-03-30"/>
  </code>
  <code code="GVIO">
    <editdetail attribution="Reuters BIP Coding Group" action="confirmed" date="1997-03-30"/>
  </code>
</codes>
<dc element="dc.date.created" value="1997-03-30"/>
<dc element="dc.publisher" value="Reuters Holdings Plc"/>
<dc element="dc.date.published" value="1997-03-30"/>
<dc element="dc.source" value="Reuters"/>
<dc element="dc.creator.location" value="JERUSALEM"/>
<dc element="dc.creator.location.country.name" value="ISRAEL"/>
<dc element="dc.source" value="Reuters"/>
</metadata>
</newsitem>
