<?xml version="1.0" encoding="iso-8859-1" ?>
<newsitem itemid="475703" id="root" date="1997-03-30" xml:lang="en">
<title>HONG KONG: Prominent pro-Beijing politician in HK dies.</title>
<headline>Prominent pro-Beijing politician in HK dies.</headline>
<dateline>HONG KONG 1997-03-30</dateline>
<text>
<p>A prominent pro-China politician in Hong Kong, Liu Yiu-chu, died on Sunday aged 63 after a long illness, a hospital spokeswoman said.</p>
<p>Liu, a local delegate to the Chinese parliament, the National People's Congress, criticised both China and Britain on arrangements for the handover of sovereignty of Hong Kong, which will return to Chinese rule at midnight on June 30 after more than 150 years as a British colony.</p>
<p>She opposed China's plan to install a provisional assembly that will dismantle democratic reforms that British Governor Chris Patten introduced in the twilight of colonial rule.</p>
<p>Liu said the provisional legislature, chosen by a China-assembled caucus, was illegal under the Basic Law, the territory's post-colonial constitution.</p>
<p>But Liu was equally vociferous in assailing Patten's reforms, which she said were a breach of the post-1997 constitution.</p>
<p>The pro-democracy movement in Hong Kong also condemns the interim assembly, saying it lacks a legal basis.</p>
</text>
<copyright>(c) Reuters Limited 1997</copyright>
<metadata>
<codes class="bip:countries:1.0">
  <code code="HKONG">
    <editdetail attribution="Reuters BIP Coding Group" action="confirmed" date="1997-03-30"/>
  </code>
</codes>
<codes class="bip:topics:1.0">
  <code code="GCAT">
    <editdetail attribution="Reuters BIP Coding Group" action="confirmed" date="1997-03-30"/>
  </code>
  <code code="GOBIT">
    <editdetail attribution="Reuters BIP Coding Group" action="confirmed" date="1997-03-30"/>
  </code>
  <code code="GPOL">
    <editdetail attribution="Reuters BIP Coding Group" action="confirmed" date="1997-03-30"/>
  </code>
  <code code="GPRO">
    <editdetail attribution="Reuters BIP Coding Group" action="confirmed" date="1997-03-30"/>
  </code>
</codes>
<dc element="dc.date.created" value="1997-03-30"/>
<dc element="dc.publisher" value="Reuters Holdings Plc"/>
<dc element="dc.date.published" value="1997-03-30"/>
<dc element="dc.source" value="Reuters"/>
<dc element="dc.creator.location" value="HONG KONG"/>
<dc element="dc.creator.location.country.name" value="HONG KONG"/>
<dc element="dc.source" value="Reuters"/>
</metadata>
</newsitem>
