<?xml version="1.0" encoding="iso-8859-1" ?>
<newsitem itemid="475733" id="root" date="1997-03-30" xml:lang="en">
<title>EGYPT: Arabs recommend ending normal ties with Israel.</title>
<headline>Arabs recommend ending normal ties with Israel.</headline>
<byline>Miral Fahmy</byline>
<dateline>CAIRO 1997-03-30</dateline>
<text>
<p>Arab foreign ministers recommended on Sunday that their countries suspend steps towards normal relations with Israel, ministers said.</p>
<p>Syrian Foreign Minister Farouq al-Shara and Palestinian leader Farouk Kaddoumi told reporters that the same resolution also recommended reactivating the Arab boycott of Israel.</p>
<p>The ministers said the resolution was passed unanimously on Sunday evening at the second session of a regular six-monthly meeting at Arab League headquarters.</p>
<p>It was the strongest concerted Arab response yet to the Israeli government's decision to go ahead with a Jewish settlement in Arab East Jerusalem.</p>
<p>The final text was not immediately available but a draft in circulation earlier recommended Arab states stop normalisation, reactivate the boycott, close down Israeli offices and missions and withdraw from multilateral Middle East talks.</p>
<p>The Syrian minister, asked if the boycott was in the text, said: &quot;Yes, yes, clearly... It is clearer and stronger and it has been adopted unanimously.&quot;</p>
<p>Shara looked overjoyed. His country has long said that isolating Israel is the best way to deal with the right-wing government of Prime Minister Benjamin Netanyahu.</p>
<p>Kaddoumi, head of the Palestine Liberation Organisation political (foreign affairs) department, said: &quot;They have emphasised their boycott at the first degree.&quot; The first-degree boycott, abandoned by same Arab states over the past three years, bans direct commercial dealings with Israeli companies.</p>
<p>But he added that the ministers did not talk about countries which have signed full peace treaties with Israel -- meaning Egypt and Jordan. Israel could interpret breaking relations as a violation of those treaties.</p>
<p>He said that in line with normal procedure the proposals would have to go to Arab heads of state.</p>
<p>&quot;The aim now is (to obtain) a positive response to these resolutions and to ensure that these resolutions have political effects on the intransigent side (Israel),&quot; he added.</p>
<p>One Arab official said earlier that unnamed Arab states had reservations about the resolutions but Kaddoumi said this was not the case. &quot;The resolutions were unanimous,&quot; he said.</p>
</text>
<copyright>(c) Reuters Limited 1997</copyright>
<metadata>
<codes class="bip:countries:1.0">
  <code code="ARABST">
    <editdetail attribution="Reuters BIP Coding Group" action="confirmed" date="1997-03-30"/>
  </code>
  <code code="EGYPT">
    <editdetail attribution="Reuters BIP Coding Group" action="confirmed" date="1997-03-30"/>
  </code>
  <code code="ISRAEL">
    <editdetail attribution="Reuters BIP Coding Group" action="confirmed" date="1997-03-30"/>
  </code>
  <code code="SYRIA">
    <editdetail attribution="Reuters BIP Coding Group" action="confirmed" date="1997-03-30"/>
  </code>
</codes>
<codes class="bip:topics:1.0">
  <code code="E51">
    <editdetail attribution="Reuters BIP Coding Group" action="confirmed" date="1997-03-30"/>
  </code>
  <code code="E512">
    <editdetail attribution="Reuters BIP Coding Group" action="confirmed" date="1997-03-30"/>
  </code>
  <code code="ECAT">
    <editdetail attribution="Reuters BIP Coding Group" action="confirmed" date="1997-03-30"/>
  </code>
  <code code="GCAT">
    <editdetail attribution="Reuters BIP Coding Group" action="confirmed" date="1997-03-30"/>
  </code>
  <code code="GDIP">
    <editdetail attribution="Reuters BIP Coding Group" action="confirmed" date="1997-03-30"/>
  </code>
</codes>
<dc element="dc.date.created" value="1997-03-30"/>
<dc element="dc.publisher" value="Reuters Holdings Plc"/>
<dc element="dc.date.published" value="1997-03-30"/>
<dc element="dc.source" value="Reuters"/>
<dc element="dc.creator.location" value="CAIRO"/>
<dc element="dc.creator.location.country.name" value="EGYPT"/>
<dc element="dc.source" value="Reuters"/>
</metadata>
</newsitem>
