<?xml version="1.0" encoding="iso-8859-1" ?>
<newsitem itemid="475762" id="root" date="1997-03-30" xml:lang="en">
<title>BAHRAIN: Arab Petroleum Investments 1996 net profit rises.</title>
<headline>Arab Petroleum Investments 1996 net profit rises.</headline>
<dateline>MANAMA 1997-03-30</dateline>
<text>
<p>The Arab Petroleum Investments Corp (APICORP) said on Sunday it posted a net profit of $45 million in 1996, up 12.5 percent from $40 million in 1995.</p>
<p>The board of directors had recommended paying $25 million in dividends to shareholders for 1996, up from $20 million in 1995, a company statement said.</p>
<p>APICORP last year set aside a $5 million provision for assets risk, it added.</p>
<p>Together with regional and international financial institutions it had arranged loans to Arab countries totalling more than $3 billion in 1996.</p>
<p>These included a $1.2 billion deal for Equate Petrochemical Company in Kuwait, a $1.35 billion loan for Qatar's Ras Laffan gas project, a $570 million loan for Qatar Liquefied Gas Co and $110 million for Bahrain's Gulf Petrochemical Industries Co.</p>
<p>It also took part in financing Arab oil exports to Brazil, Pakistan and Germany.</p>
<p>APICORP, based in the eastern Saudi Arabian city of Khobar, is an affiliate of the Organisation of Arab Petroleum Exporting Countries.</p>
<p>It is owned by Iraq, Libya, Saudi Arabia, Kuwait, the United Arab Emirates, Syria, Qatar, Bahrain, Egypt and Algeria.</p>
<p>APICORP finances oil and petrochemical trade and projects involving Arab states.</p>
</text>
<copyright>(c) Reuters Limited 1997</copyright>
<metadata>
<codes class="bip:countries:1.0">
  <code code="BAHRN">
    <editdetail attribution="Reuters BIP Coding Group" action="confirmed" date="1997-03-30"/>
  </code>
  <code code="SAARAB">
    <editdetail attribution="Reuters BIP Coding Group" action="confirmed" date="1997-03-30"/>
  </code>
</codes>
<codes class="bip:topics:1.0">
  <code code="C15">
    <editdetail attribution="Reuters BIP Coding Group" action="confirmed" date="1997-03-30"/>
  </code>
  <code code="C151">
    <editdetail attribution="Reuters BIP Coding Group" action="confirmed" date="1997-03-30"/>
  </code>
  <code code="C1511">
    <editdetail attribution="Reuters BIP Coding Group" action="confirmed" date="1997-03-30"/>
  </code>
  <code code="CCAT">
    <editdetail attribution="Reuters BIP Coding Group" action="confirmed" date="1997-03-30"/>
  </code>
</codes>
<dc element="dc.date.created" value="1997-03-30"/>
<dc element="dc.publisher" value="Reuters Holdings Plc"/>
<dc element="dc.date.published" value="1997-03-30"/>
<dc element="dc.source" value="Reuters"/>
<dc element="dc.creator.location" value="MANAMA"/>
<dc element="dc.creator.location.country.name" value="BAHRAIN"/>
<dc element="dc.source" value="Reuters"/>
</metadata>
</newsitem>
