<?xml version="1.0" encoding="iso-8859-1" ?>
<newsitem itemid="475758" id="root" date="1997-03-30" xml:lang="en">
<title>EGYPT: Arab ministers waving boycott weapon - draft.</title>
<headline>Arab ministers waving boycott weapon - draft.</headline>
<dateline>CAIRO 1997-03-30</dateline>
<text>
<p>A draft resolution circulating at an Arab foreign ministers meeting in Cairo on Sunday recommends Arab states reactivate the Arab economic boycott of Israel.</p>
<p>It also suggests Arab states stop normalisation with the Jewish state and close Israeli offices and missions.  </p>
<p>A senior Arab League official said the ministers had agreed on many aspects of the draft resolution but he did not specifically mention the economic boycott.</p>
<p>The draft says: &quot;The (ministerial) council of the Arab League recommends stopping all normalisation steps which have been taken with Israel in the framework of the peace process and stopping to deal with it (Israel), including closing offices and missions until Israel...implements agreements.&quot;</p>
<p>&quot;(It recommends) suspending Arab participation in the multilateral talks and continuing to maintain the primary Arab boycott and reactivating it until just peace is achieved.&quot;</p>
<p>Said Kamal, an assistant secretary general of the Arab League, told reporters earlier that the ministers would suggest to their heads of state that their countries suspend dealings with Israel and close down any Israeli offices.</p>
</text>
<copyright>(c) Reuters Limited 1997</copyright>
<metadata>
<codes class="bip:countries:1.0">
  <code code="ARABST">
    <editdetail attribution="Reuters BIP Coding Group" action="confirmed" date="1997-03-30"/>
  </code>
  <code code="EGYPT">
    <editdetail attribution="Reuters BIP Coding Group" action="confirmed" date="1997-03-30"/>
  </code>
  <code code="ISRAEL">
    <editdetail attribution="Reuters BIP Coding Group" action="confirmed" date="1997-03-30"/>
  </code>
</codes>
<codes class="bip:topics:1.0">
  <code code="E51">
    <editdetail attribution="Reuters BIP Coding Group" action="confirmed" date="1997-03-30"/>
  </code>
  <code code="ECAT">
    <editdetail attribution="Reuters BIP Coding Group" action="confirmed" date="1997-03-30"/>
  </code>
  <code code="GCAT">
    <editdetail attribution="Reuters BIP Coding Group" action="confirmed" date="1997-03-30"/>
  </code>
  <code code="GDIP">
    <editdetail attribution="Reuters BIP Coding Group" action="confirmed" date="1997-03-30"/>
  </code>
</codes>
<dc element="dc.date.created" value="1997-03-30"/>
<dc element="dc.publisher" value="Reuters Holdings Plc"/>
<dc element="dc.date.published" value="1997-03-30"/>
<dc element="dc.source" value="Reuters"/>
<dc element="dc.creator.location" value="CAIRO"/>
<dc element="dc.creator.location.country.name" value="EGYPT"/>
<dc element="dc.source" value="Reuters"/>
</metadata>
</newsitem>
