<?xml version="1.0" encoding="iso-8859-1" ?>
<newsitem itemid="475787" id="root" date="1997-03-30" xml:lang="en">
<title>KUWAIT: Kuwait MPs need more data on British missile deal.</title>
<headline>Kuwait MPs need more data on British missile deal.</headline>
<byline>Ashraf Fouad</byline>
<dateline>KUWAIT 1997-03-30</dateline>
<text>
<p>Kuwait's parliament is demanding the government provide it with more details of a planned missile deal with British Aerospace Plc, an MP said on Sunday.</p>
<p>Nasser al-Sanea, head of parliament's finance committee, told Reuters the controversial issue should be further probed by MPs before the government finalises the deal.</p>
<p>The government exercised its executive right earlier this month and ...&quot;put in motion a process to finalise the deal which is difficult to stop,&quot; said a Western industry expert.</p>
<p>However, the Kuwait daily al-Qabas reported on Sunday that the government had put the deal for Sea Skua missiles for the Kuwait Navy on hold after pressure from MPs.</p>
<p>Sanea said:&quot;Information given to us so far is insufficient. If the government convinces us that everything about the deal was done in a correct way then there will be no objections.&quot;</p>
<p>Industry experts said parts of the deal were initialled but the final format is yet to be signed.</p>
<p>Parliament, following moves by the previous assembly, is locked with the government in a war of wills over the deal. The government last month told the house the decision to buy the Sea Skuas was final, droping a cheaper offer for France's Aerospatiale MM-15 missile.</p>
<p>Kuwait newspapers have said the deal was for around $90 million but experts said the contract was split into several parts, including training and a British gift of 20 Sea Skua missiles, making it difficult to give an exact figure.</p>
<p>&quot;We are not objecting to the deal with no reason. The law must be respected and procedures for concluding such deals must be followed,&quot; Sanea said by telephone.</p>
<p>He said as of last Wednesday the government had not asked for the required approval by the state's Audit Bureau, a watchdog body which reports to parliament.</p>
<p>Although MPs have limited ability to scrap the deal they can increase pressure on the government, political sources say.</p>
<p>&quot;I do not think parliament will be quiet...Politically there are things we can do. We must discuss the deal with the defence minister (Sheikh Salem Sabah al-Salem al-Sabah), even in the corridors (of parliament),&quot; Sanea said.</p>
<p>Parliament was due to discuss the deal earlier this month but postponed the debate until Sheikh Salem returns from a private visit to London.</p>
<p>The missiles will arm Kuwait's eight, French-made $500 million fast patrol boats ordered in 1995. The first of the 42- metre vessels was completed last month.</p>
</text>
<copyright>(c) Reuters Limited 1997</copyright>
<metadata>
<codes class="bip:countries:1.0">
  <code code="KUWAIT">
    <editdetail attribution="Reuters BIP Coding Group" action="confirmed" date="1997-03-30"/>
  </code>
</codes>
<codes class="bip:industries:1.0">
  <code code="I36400">
    <editdetail attribution="Reuters BIP Coding Group" action="confirmed" date="1997-03-30"/>
  </code>
  <code code="I3640010">
    <editdetail attribution="Reuters BIP Coding Group" action="confirmed" date="1997-03-30"/>
  </code>
</codes>
<codes class="bip:topics:1.0">
  <code code="C33">
    <editdetail attribution="Reuters BIP Coding Group" action="confirmed" date="1997-03-30"/>
  </code>
  <code code="C331">
    <editdetail attribution="Reuters BIP Coding Group" action="confirmed" date="1997-03-30"/>
  </code>
  <code code="CCAT">
    <editdetail attribution="Reuters BIP Coding Group" action="confirmed" date="1997-03-30"/>
  </code>
</codes>
<dc element="dc.date.created" value="1997-03-30"/>
<dc element="dc.publisher" value="Reuters Holdings Plc"/>
<dc element="dc.date.published" value="1997-03-30"/>
<dc element="dc.source" value="Reuters"/>
<dc element="dc.creator.location" value="KUWAIT"/>
<dc element="dc.creator.location.country.name" value="KUWAIT"/>
<dc element="dc.source" value="Reuters"/>
</metadata>
</newsitem>
