<?xml version="1.0" encoding="iso-8859-1" ?>
<newsitem itemid="475831" id="root" date="1997-03-30" xml:lang="en">
<title>USA: Firms gave Dems millions, reaped billions - report.</title>
<headline>Firms gave Dems millions, reaped billions - report.</headline>
<dateline>BOSTON 1997-03-30</dateline>
<text>
<p>U.S. businesses that gave Democratic Party committees more than $2.3 million in donations won coveted seats on U.S. trade missions and eventually got nearly $5.5 billion in federal aid to support foreign operations, The Boston Globe reported on Sunday.</p>
<p>Some 27 corporations that sent executives on trade trips with the late Commerce Secretary Ron Brown during President Clinton's first term obtained part of a multibillion-dollar commitment in federally guaranteed assistance from the Overseas Private Investment Corp (OPIC), the Globe reported.</p>
<p>OPIC provides insurance and loan guarantees generally not available on the commercial market because of risk.</p>
<p>Citing a review of federal records, the Globe said all but three of 27 recipients donated to Democratic Party committees, with the donations ranging from $50,000 to $358,000. The average contribution to the Democrats from OPIC recipients on Brown's trips was nearly $95,000 and the average support the agency gave the 27 was about $200 million, the newspaper said.</p>
<p>Brown died with 34 others on a trade mission to Bosnia when their Air Force plane crashed in April 1996. Four of the crash victims were executives with AT&amp;T  Bechtel Corp, Foster Wheeler Corp and Harza Engineering.</p>
</text>
<copyright>(c) Reuters Limited 1997</copyright>
<metadata>
<codes class="bip:countries:1.0">
  <code code="USA">
    <editdetail attribution="Reuters BIP Coding Group" action="confirmed" date="1997-03-30"/>
  </code>
</codes>
<codes class="bip:topics:1.0">
  <code code="GCAT">
    <editdetail attribution="Reuters BIP Coding Group" action="confirmed" date="1997-03-30"/>
  </code>
  <code code="GPOL">
    <editdetail attribution="Reuters BIP Coding Group" action="confirmed" date="1997-03-30"/>
  </code>
</codes>
<dc element="dc.date.created" value="1997-03-30"/>
<dc element="dc.publisher" value="Reuters Holdings Plc"/>
<dc element="dc.date.published" value="1997-03-30"/>
<dc element="dc.source" value="Reuters"/>
<dc element="dc.creator.location" value="BOSTON"/>
<dc element="dc.creator.location.country.name" value="USA"/>
<dc element="dc.source" value="Reuters"/>
</metadata>
</newsitem>
