<?xml version="1.0" encoding="iso-8859-1" ?>
<newsitem itemid="475823" id="root" date="1997-03-30" xml:lang="en">
<title>USA: Battered U.S. stocks may stumble if rates drift up.</title>
<headline>Battered U.S. stocks may stumble if rates drift up.</headline>
<byline>Richard Jacobsen</byline>
<dateline>NEW YORK 1997-03-30</dateline>
<text>
<p>Nervous Wall Street, battered by Thursday's sharp sell-off in U.S. stocks, will likely suffer further losses on Monday if investors see rising interest rates offering stiffer competition for equities.</p>
<p>While not predicting a major run for the exits, market analysts said stability in the bond market will be key to stocks finding their footing.</p>
<p>Major companies will not start reporting their first-quarter results for a couple of weeks, leaving stock investors little else to focus on than interest rates.</p>
<p>&quot;If bond yields continue to drift up and we're still in an earnings vacuum, we'd probably suspect some rough times in the equity market,&quot; Douglas Cliggott, U.S. equity strategist at J.P. Morgan.</p>
<p>Cliggott described himself as more sanguine about stocks' longer-term prospects, predicting the Standard &amp; Poor's index of 500 stocks ending the year in a 810- to 850-point range. It closed Thursday at 773.88.</p>
<p>The Dow Jones industrial average fell 140 points on Thursday, ending at 6,740.59. The blue-chip gauge recovered at the close after falling as much as 217 points in a late-session downdraft.</p>
<p>U.S. financial markets were closed Friday.</p>
<p>&quot;I think Monday morning, if it gets ugly, we dip into the 6,550 area (on the Dow) and then bounce from there,&quot; Scott Bleier, chief investment strategist at Prime Charter Ltd. But he said such a pullback would not be &quot;the end of the world&quot; given Wall Street's sharp gains in the past two years.</p>
<p>Traders and analysts said Thursday's downturn was exacerbated by computer-driven sell programs after many market players had left for the holiday weekend.</p>
<p>But bargain hunters returning Monday and eyeing the bond market, may choose to wait on the sidelines.</p>
<p>Key to the pre-Easter selloff was the surge in the yield of the 30-year Treasury bond over the key 7 percent level. Robust economic data drove the long-bond yield to 7.09 percent Thursday, its highest closing level since 7.11 percent on Sept. 11, 1996.</p>
<p>The Federal Reserve raised its short-term federal funds rate last Tuesday for the first time in two years. Recent data has suggested the U.S. economy remains strong, convincing many on Wall Street that the Fed will be hiking rates further in order to ward off inflation.</p>
<p>Higher interest rates hurt stocks by offering a competitive return without the risks, and also by weighing on corporate profits through increased borrowing costs.</p>
<p>Also burdening stocks has been the strong dollar, which clips U.S. companies' foreign earnings.</p>
<p>&quot;A lot of the market's leadership over the past 27 months has been negatively affected by either the strong currency or higher short-term rates,&quot; Cliggott said. &quot;I think that's just another reason for thinking we're pretty much going to be stuck in a trading range for the foreseeable future.&quot;</p>
<p>Into the mix of heightened anxiety will come some critical economic data. On Tuesday the National Association of Purchasing Management's March survey is reported, followed by March employment data on Friday</p>
<p>Stock investors will also be on the lookout for any companies warning ahead of the earnings period that their quarterly profits will not match expectations.</p>
<p>&quot;There's a lot to worry about,&quot; said Guy Truicko, equity portfolio manager at Unity Management Inc.</p>
<p>(--Wall St Desk, 212-859-1721))</p>
</text>
<copyright>(c) Reuters Limited 1997</copyright>
<metadata>
<codes class="bip:countries:1.0">
  <code code="USA">
    <editdetail attribution="Reuters BIP Coding Group" action="confirmed" date="1997-03-30"/>
  </code>
</codes>
<codes class="bip:topics:1.0">
  <code code="M11">
    <editdetail attribution="Reuters BIP Coding Group" action="confirmed" date="1997-03-30"/>
  </code>
  <code code="MCAT">
    <editdetail attribution="Reuters BIP Coding Group" action="confirmed" date="1997-03-30"/>
  </code>
</codes>
<dc element="dc.date.created" value="1997-03-30"/>
<dc element="dc.publisher" value="Reuters Holdings Plc"/>
<dc element="dc.date.published" value="1997-03-30"/>
<dc element="dc.source" value="Reuters"/>
<dc element="dc.creator.location" value="NEW YORK"/>
<dc element="dc.creator.location.country.name" value="USA"/>
<dc element="dc.source" value="Reuters"/>
</metadata>
</newsitem>
