<?xml version="1.0" encoding="iso-8859-1" ?>
<newsitem itemid="475867" id="root" date="1997-03-30" xml:lang="en">
<title>FRANCE: French airline flights resume, unions meet.</title>
<headline>French airline flights resume, unions meet.</headline>
<dateline>PARIS 1997-03-30</dateline>
<text>
<p>State-owned airline Air France Europe resumed flights out of Paris' Orly airport on Sunday as ground staff discussed whether to continue a strike that began on Friday, an airline spokeswoman said.</p>
<p>She said air traffic was normal. The strike over the airline's merger with parent company Air France forced cancellation of many flights on Friday and all flights on Saturday out of Orly, south of Paris, spoiling the Easter holiday weekend for many travellers.</p>
<p>A union spokesman disputed the airline's version and said management chose to cancel Saturday's flights although staff were not on strike.</p>
<p>He said unions were meeting in the morning to discuss their next step. Ground workers are protesting against the unifying of their pay and employment terms with those of parent company Air France in a merger between the two airlines.</p>
<p>The airline said management would discuss union demands next week and delay until May 1st a disputed new working schedule.</p>
<p>Air France Europe pilots and flight crew have called a two-day strike over pay and conditions for next Monday and Tuesday but the company said all flights would take place.</p>
</text>
<copyright>(c) Reuters Limited 1997</copyright>
<metadata>
<codes class="bip:countries:1.0">
  <code code="FRA">
    <editdetail attribution="Reuters BIP Coding Group" action="confirmed" date="1997-03-30"/>
  </code>
</codes>
<codes class="bip:industries:1.0">
  <code code="I75000">
    <editdetail attribution="Reuters BIP Coding Group" action="confirmed" date="1997-03-30"/>
  </code>
  <code code="I76400">
    <editdetail attribution="Reuters BIP Coding Group" action="confirmed" date="1997-03-30"/>
  </code>
</codes>
<codes class="bip:topics:1.0">
  <code code="C21">
    <editdetail attribution="Reuters BIP Coding Group" action="confirmed" date="1997-03-30"/>
  </code>
  <code code="C42">
    <editdetail attribution="Reuters BIP Coding Group" action="confirmed" date="1997-03-30"/>
  </code>
  <code code="CCAT">
    <editdetail attribution="Reuters BIP Coding Group" action="confirmed" date="1997-03-30"/>
  </code>
  <code code="E41">
    <editdetail attribution="Reuters BIP Coding Group" action="confirmed" date="1997-03-30"/>
  </code>
  <code code="ECAT">
    <editdetail attribution="Reuters BIP Coding Group" action="confirmed" date="1997-03-30"/>
  </code>
  <code code="GCAT">
    <editdetail attribution="Reuters BIP Coding Group" action="confirmed" date="1997-03-30"/>
  </code>
  <code code="GJOB">
    <editdetail attribution="Reuters BIP Coding Group" action="confirmed" date="1997-03-30"/>
  </code>
</codes>
<dc element="dc.date.created" value="1997-03-30"/>
<dc element="dc.publisher" value="Reuters Holdings Plc"/>
<dc element="dc.date.published" value="1997-03-30"/>
<dc element="dc.source" value="Reuters"/>
<dc element="dc.creator.location" value="PARIS"/>
<dc element="dc.creator.location.country.name" value="FRANCE"/>
<dc element="dc.source" value="Reuters"/>
</metadata>
</newsitem>
