<?xml version="1.0" encoding="iso-8859-1" ?>
<newsitem itemid="475807" id="root" date="1997-03-30" xml:lang="en">
<title>EGYPT: PLO leader says world must cut ties with Israel.</title>
<headline>PLO leader says world must cut ties with Israel.</headline>
<dateline>CAIRO 1997-03-30</dateline>
<text>
<p>A PLO leader said all countries must cut all ties with Israel because it had abandoned the Middle East peace process, a step that could lead to another war in the region.</p>
<p>&quot;The Israeli government has turned its back on the peace process and (Israeli Prime Minister Benjamin) Netanyahu has totally destroyed this process,&quot; Farouk Kaddoumi, head of the Palestinian Liberation Organisation's political affairs department, told reporters in Cairo on Sunday.</p>
<p>&quot;We demand that all (Israeli) offices be shut, all international ties suspended, all political activities halted and we demand that particularly from Europe and the United States as sponsors of the peace process,&quot; he added.</p>
<p>&quot;The United States appears to be encouraging Israel to go in the direction opposite to peace. This heralds a return to violence and sharpens the levels of tension which could lead to a new war,&quot; said Kaddoumi, who came to attend a ministerial meeting of the Cairo-based Arab League.</p>
<p>Arab and Islamic countries in meetings at Islamabad and Rabat said they would reconsider ties with the Jewish state if it did not stop construction work on a Jewish settlement in disputed Arab East Jerusalem.</p>
<p>Ties between the Palestinians and Israelis plunged into crisis after Netanyahu's government broke ground on the settlement at the site called Jebel Abu Ghneim or Har Homa. The building work has also set off 10 days of violence and a suicide bombing which killed three Israelis in Tel Aviv.</p>
<p>United States, Israel's main ally, sent Middle East meditor Dennis Ross to help resume talks but Kaddoumi said he was a &quot;biased Zionist&quot; and that Washington was siding with Israeli intransigence when it vetoed U.N. resolutions demanding Israel stop the housing project.</p>
<p>&quot;Dennis Ross can go to hell, he's a biased Zionist who came to execute a plot ... to harm the peace process,&quot; Kaddoumi said.</p>
<p>&quot;The United States is using unequal scales to measure the process for it is the sponsor of the peace process yet at the same time is its contradicting itself and encouraging Israel by the veto and by not pressuring it,&quot; he added.</p>
<p>Washington's position on the Jebel Abu Ghneim settlement has angered its Middle Eastern allies and Egyptian newspapers said that the regular Arab League meeting would call for suspending normalisation with Israel.</p>
</text>
<copyright>(c) Reuters Limited 1997</copyright>
<metadata>
<codes class="bip:countries:1.0">
  <code code="EGYPT">
    <editdetail attribution="Reuters BIP Coding Group" action="confirmed" date="1997-03-30"/>
  </code>
  <code code="ISRAEL">
    <editdetail attribution="Reuters BIP Coding Group" action="confirmed" date="1997-03-30"/>
  </code>
</codes>
<codes class="bip:topics:1.0">
  <code code="GCAT">
    <editdetail attribution="Reuters BIP Coding Group" action="confirmed" date="1997-03-30"/>
  </code>
  <code code="GDIP">
    <editdetail attribution="Reuters BIP Coding Group" action="confirmed" date="1997-03-30"/>
  </code>
  <code code="GPOL">
    <editdetail attribution="Reuters BIP Coding Group" action="confirmed" date="1997-03-30"/>
  </code>
  <code code="GVIO">
    <editdetail attribution="Reuters BIP Coding Group" action="confirmed" date="1997-03-30"/>
  </code>
</codes>
<dc element="dc.date.created" value="1997-03-30"/>
<dc element="dc.publisher" value="Reuters Holdings Plc"/>
<dc element="dc.date.published" value="1997-03-30"/>
<dc element="dc.source" value="Reuters"/>
<dc element="dc.creator.location" value="CAIRO"/>
<dc element="dc.creator.location.country.name" value="EGYPT"/>
<dc element="dc.source" value="Reuters"/>
</metadata>
</newsitem>
