<?xml version="1.0" encoding="iso-8859-1" ?>
<newsitem itemid="475876" id="root" date="1997-03-30" xml:lang="en">
<title>PAKISTAN: *Pakistan key economic indicators - March 30.</title>
<headline>*Pakistan key economic indicators - March 30.</headline>
<text>
<p>====== DAILY INDICATORS ======</p>
<p>					  SATURDAY	    PREVIOUS</p>
<p> Rupee/US $ (inter-bank)	  40.3607	     40.3607</p>
<p> SBP Reference Rate (Rs/$)	40.3206	     40.3206</p>
<p> Rupee/US $ (kerb market)	 41.20		 41.30</p>
<p> Karachi 100-share index	  1,598.94	    1,613.38</p>
<p> Call money rate		    10.00 pct	   19.00 pct</p>
<p> Gold (Karachi) Rs/10 gm	  4,706		 4,706</p>
<p> Silver .999 (Rs/kg)		7,715		 7,715</p>
<p>Short-term Federal Bonds Data</p>
<p>  Maturity Yield Per Annum	16.94   pct	 16.95   pct</p>
<p>Sovereign Bond Data</p>
<p>  ISMA Closing		     N.A./N.A.	   N.A./N.A.</p>
<p>  Maturity Yield Per Annum	10.236	     10.236</p>
<p>  Maturity Yield Semi-Annual     9.986		9.986</p>
<p>Floating Rate Note Data</p>
<p>  ISMA Closing			N.A./N.A.	  N.A/N.A</p>
<p>  Accrued Interest		   0.130		0.130</p>
<p>			   -------------**************-------------</p>
<p>WEEKLY</p>
<p>					 Mar 22     Mar 15     YEAR-AGO</p>
<p>  Forex reserves    (SBP)	$1.697bln  $1.808bln  $1.978bln</p>
<p>  Forex within  Pak (SBP)	$0.533bln  $0.636bln  $0.809bln</p>
<p>  Forex outside Pak (SBP)	$0.486bln  $0.494bln  $0.460bln</p>
<p>  Gold, SDRs	  (SBP)	$0.678bln  $0.678bln  $0.709bln</p>
<p>			   -------------**************-------------</p>
<p> MONTHLY				     CURRENT	   YEAR-AGO</p>
<p>Growth in:</p>
<p>  Consumer price index  (FBS) FEB   13.83 pct	 9.76  pct</p>
<p>  Wholesale price index (FBS) FEB   12.26 pct	 N.A.</p>
<p>  M2 yr-on-yr	     (SBP) JUN   16.6 pct	  16.9  pct</p>
<p> Forex reserves	   (SBP) FEB   $1.679bln	 $2.048bln</p>
<p>  Forex within  Pak     (SBP) FEB   $0.521bln	 $1.048bln</p>
<p>  Forex outside Pak     (SBP) FEB   $0.480bln	 $0.288bln</p>
<p>  Gold, SDRs		(SBP) FEB   $0.678bln	 $0.712bln</p>
<p> Trade Balance	    (FBS) FEB  -$207  million	-$264  million</p>
<p>  Exports		   (FBS) FEB   $639  million	 $718  million</p>
<p>  Imports		   (FBS) FEB   $846  million	 $982  million</p>
<p>			   --------------*************--------------</p>
<p>    ANNUAL (State Bank of Pakistan)  1995/96	  1994/95</p>
<p> Population (millions)		   131.45	    127.75</p>
<p> Per capita income (market prices) Rs4,828**	  Rs4,697</p>
<p> External debt			    $28.6bln*	  $27.07bln</p>
<p> Debt service ratio			52.2*	     55.7</p>
<p> Real GDP growth (pct)		   6.1		  4.4</p>
<p> Fiscal deficit (pct of GDP)	   6.3		  5.5</p>
<p> Trade balance (July/June)	   -$3.666bln**     -$2.537bln</p>
<p>  Exports				   $8.3 bln**	 $7.759bln</p>
<p>  Imports				   $11.966bln**     $10.296bln</p>
<p> Current a/c balance (July/June)   -$4.244bln**     -$2.163bln</p>
<p> As pct of GDP			    6.6**		3.6</p>
<p> Industrial production (1980-81=100) 245.7*	     238.3</p>
<p> index (pct growth)			6.1		  2.9</p>
<p> Agricultural production (1959=100)  167		  152</p>
<p> index (pct growth)			6.74		 4.67</p>
<p>*  = estimate</p>
<p>** = provisional</p>
<p>SBP= State (central) Bank of Pakistan</p>
<p>FBS= Federal Bureau of Statistics</p>
<p>N.A.= Not available</p>
<p>-- Karachi newsroom 9221-5685192</p>
</text>
<copyright>(c) Reuters Limited 1997</copyright>
<metadata>
<codes class="bip:countries:1.0">
  <code code="PAKIS">
    <editdetail attribution="Reuters BIP Coding Group" action="confirmed" date="1997-03-30"/>
  </code>
</codes>
<codes class="bip:topics:1.0">
  <code code="E71">
    <editdetail attribution="Reuters BIP Coding Group" action="confirmed" date="1997-03-30"/>
  </code>
  <code code="ECAT">
    <editdetail attribution="Reuters BIP Coding Group" action="confirmed" date="1997-03-30"/>
  </code>
</codes>
<dc element="dc.publisher" value="Reuters Holdings Plc"/>
<dc element="dc.date.published" value="1997-03-30"/>
<dc element="dc.source" value="Reuters"/>
<dc element="dc.creator.location.country.name" value="PAKISTAN"/>
<dc element="dc.source" value="Reuters"/>
</metadata>
</newsitem>
