<?xml version="1.0" encoding="iso-8859-1" ?>
<newsitem itemid="475800" id="root" date="1997-03-30" xml:lang="en">
<title>EGYPT: Heliopolis Housing half-yr profits up.</title>
<headline>Heliopolis Housing half-yr profits up.</headline>
<dateline>CAIRO 1997-03-30</dateline>
<text>
<p>Heliopolis Housing and Development said on Sunday it made net after-tax profits of 38.823 million pounds ($11.44 million) in the first six months of the financial year 1996/7 (starting July 1), 25 percent up on 31.022 million in the same period of 1995/6.</p>
<p>The profits are equivalent to 7.85 pounds for each of the 4,944,760 shares, which closed on the Egyptian stock exchange last week at 440.00 pounds a share.</p>
<p>At the end of the six-month period on December 31, the state's National Construction and Development Company owned 72.86 percent of the equity and the employee shareholders association 10 percent. The balance of 17.14 percent has been sold to the private sector.</p>
<p>Here are some details of the company's profit/loss accounts for the six-month period (figures in millions of pounds):</p>
<p>					  July-Dec 1996   July-Dec 1995</p>
<p> Net sales				  58.103	    49.964</p>
<p> Cost of sales			   -24.020	   -18.545</p>
<p>General, administrative and</p>
<p>     financing costs		    -4.783	    -4.297</p>
<p> Investment revenue			0.001	     0.000</p>
<p> Interest				    6.571	     3.099</p>
<p> Other revenue			     0.210	     0.406</p>
<p> Net profit on operations	     36.082	    30.627</p>
<p> Exceptional revenue		     3.161	     0.715</p>
<p> Exceptional expenses		   -0.370	    -0.320</p>
<p> Net pre-tax profits		    38.823	    31.022</p>
<p> Tax					   0.000	     0.000</p>
<p> Net after-tax profits		  38.823	    31.022</p>
<p>$1 = 3.395 pounds</p>
<p>-- Cairo newsroom +20 2 578 3290/1</p>
</text>
<copyright>(c) Reuters Limited 1997</copyright>
<metadata>
<codes class="bip:countries:1.0">
  <code code="EGYPT">
    <editdetail attribution="Reuters BIP Coding Group" action="confirmed" date="1997-03-30"/>
  </code>
</codes>
<codes class="bip:industries:1.0">
  <code code="I50100">
    <editdetail attribution="Reuters BIP Coding Group" action="confirmed" date="1997-03-30"/>
  </code>
</codes>
<codes class="bip:topics:1.0">
  <code code="C15">
    <editdetail attribution="Reuters BIP Coding Group" action="confirmed" date="1997-03-30"/>
  </code>
  <code code="C151">
    <editdetail attribution="Reuters BIP Coding Group" action="confirmed" date="1997-03-30"/>
  </code>
  <code code="CCAT">
    <editdetail attribution="Reuters BIP Coding Group" action="confirmed" date="1997-03-30"/>
  </code>
</codes>
<dc element="dc.date.created" value="1997-03-30"/>
<dc element="dc.publisher" value="Reuters Holdings Plc"/>
<dc element="dc.date.published" value="1997-03-30"/>
<dc element="dc.source" value="Reuters"/>
<dc element="dc.creator.location" value="CAIRO"/>
<dc element="dc.creator.location.country.name" value="EGYPT"/>
<dc element="dc.source" value="Reuters"/>
</metadata>
</newsitem>
