<?xml version="1.0" encoding="iso-8859-1" ?>
<newsitem itemid="475850" id="root" date="1997-03-30" xml:lang="en">
<title>FRANCE: France's National Front upbeat on 1998 elections.</title>
<headline>France's National Front upbeat on 1998 elections.</headline>
<byline>Irwin Arieff</byline>
<dateline>STRASBOURG, France 1996-03-31</dateline>
<text>
<p>France's far-right National Front ends its 10th party congress on Monday in an optimistic mood about its election prospects after reconfirming Jean-Marie Le Pen as its president.</p>
<p>&quot;We are at the gates of power...We are the founding movement of 21st century France,&quot; the Front's number two Bruno Megret told delegates hopeful that it can gain a foothold in parliament in elections in a year's time.</p>
<p>Le Pen predicted to reporters that the Front would win 10 or 20 seats and could get more if there were &quot;explosive events&quot; before next March, such as a mass exodus to France of Algerians fleeing civil violence between the authorities and Moslem rebels.</p>
<p>Party working groups have drafted a legislative agenda, proposing to ship home even legal immigrants and instituting a preference in jobs and social benefits for &quot;native-born&quot; French people.</p>
<p>The draft programme also proposes salaries for mothers without paid jobs and the scrapping of a law which bans encouraging racial, ethnic or religious hatred.</p>
<p>Speakers at the congress in the eastern city of Strasbourg voiced confidence that the Front was headed for power, although it now has no seats in parliament and opinion polls to date suggest it may yet fail to win any next year.</p>
<p>&quot;Our opponents may well reassure themselves with all the world's polls, great political upheavals do not happen gradually, but suddenly,&quot; Megret said.</p>
<p>Le Pen was re-elected president by acclamation after an hour-long speech touting Front successes and attacking its foes, including the estimated 40,000 people who marched through Strasbourg on Saturday in protest at his growing influence.</p>
<p>He also urged European far-rightists to pool their resources to increase their power in European politics.</p>
<p>&quot;We propose in coming days a form of...political cooperation between our countries. Why not call this 'Euro-Nat' -- a grouping of the Europe of nationalists, of the Europe of nationals,&quot; he said.</p>
<p>&quot;Mr Le Pen is in the vanguard of the nationalist movement,&quot; Ricardo Saenz de Ynestrillas, visiting president of Spain's Parti Alianza Unidad Nacional, told cheering delegates.</p>
<p>March organisers claimed their protest, which was believed to be the largest ever assembled against Le Pen, marked a turning point in their campaign to curb the Front's influence in French politics.</p>
<p>But its impact was marred by evening clashes between police and young people after the march had ended.</p>
<p>Strasbourg's Socialist mayor, Catherine Trautmann, condemned the violence and cancelled a rock concert set for Sunday night.</p>
<p>Le Pen, 68, has refused to discuss the question of a successor. But principal deputies Megret and Bruno Gollnisch revealed their ambitions in open wrangling for the upper hand in elections to the party's key central committee.</p>
<p>Megret later boasted to reporters that he won more votes than his rival.</p>
</text>
<copyright>(c) Reuters Limited 1997</copyright>
<metadata>
<codes class="bip:countries:1.0">
  <code code="FRA">
    <editdetail attribution="Reuters BIP Coding Group" action="confirmed" date="1997-03-30"/>
  </code>
</codes>
<codes class="bip:topics:1.0">
  <code code="GCAT">
    <editdetail attribution="Reuters BIP Coding Group" action="confirmed" date="1997-03-30"/>
  </code>
  <code code="GPOL">
    <editdetail attribution="Reuters BIP Coding Group" action="confirmed" date="1997-03-30"/>
  </code>
</codes>
<dc element="dc.date.created" value="1996-03-31"/>
<dc element="dc.publisher" value="Reuters Holdings Plc"/>
<dc element="dc.date.published" value="1997-03-30"/>
<dc element="dc.source" value="Reuters"/>
<dc element="dc.creator.location" value="STRASBOURG, France"/>
<dc element="dc.creator.location.country.name" value="FRANCE"/>
<dc element="dc.source" value="Reuters"/>
</metadata>
</newsitem>
