<?xml version="1.0" encoding="iso-8859-1" ?>
<newsitem itemid="475854" id="root" date="1997-03-30" xml:lang="en">
<title>FRANCE: France's Le Pen wants Euro nationalist link-up.</title>
<headline>France's Le Pen wants Euro nationalist link-up.</headline>
<byline>Irwin Arieff</byline>
<dateline>STRASBOURG, France 1997-03-30</dateline>
<text>
<p>Shrugging off a mass protest against the rise of his far-right party, French National Front leader Jean-Marie Le Pen urged Europe's nationalists on Sunday to strengthen their hand through cooperation.</p>
<p>&quot;We propose in coming days a form of...political cooperation between our countries. Why not call this 'Euro-Nat' -- a grouping of the Europe of nationalists, of the Europe of nationals,&quot; Le Pen told a party congress in the eastern French city of Strasbourg.</p>
<p>Le Pen made the proposal after speeches to the congress by several rightists from other European countries, including Ricardo Saenz de Ynestrillas, president of Spain's Alianza Unidad Nacional, Frank Vanhecke, president of Belgium's Vlaams Blok, and former German European Parliament deputy Hans-Gunter Schodruch.</p>
<p>&quot;Mr Le Pen is in the vanguard of the nationalist movement,&quot; Saenz de Ynestrillas told cheering delegates on the second day of the Front's congress.</p>
<p>A day earlier, an estimated 40,000 anti-Front protesters marched through the streets of Strasbourg, which is home to the European Parliament and the Council of Europe, set up to promote human rights and democracy across the continent.</p>
<p>The congress was convened to elect party leaders and plot strategy for gaining a foothold in the French parliament in March 1998 general elections. The Front now has no seats in parliament despite Le Pen's 15 percent showing in the 1995 presidential election.</p>
<p>Le Pen told the party faithful that some 180,000 Strasbourg voters had voted for him in 1995 presidential elections, and he accused the marchers on Saturday of launching &quot;an organised attack on democracy and on the republic&quot;.</p>
<p>March organisers boasted that the protest, which went off peacefully and was believed to be the largest ever assembled against Le Pen, marked a turning point in their campaign to curb the Front's influence in French politics.</p>
<p>But its impact was marred by evening clashes between police and young people after the march had ended.</p>
<p>Three police were slightly hurt as they fought stonethrowers trying to reach the Strasbourg conference centre, where the 2,200 Front delegates met under extremely tight security.</p>
<p>Police later clashed with demonstrators at a rock concert in the city centre, firing tear gas at hundreds of young people after some of them set fire to a car and threw bottles at them.</p>
<p>Officials said 21 shop windows were shattered throughout the city during the night and 38 people were taken into custody, including five or six Germans and a Dutchman. Most remained behind bars on Sunday.</p>
<p>&quot;This heinous agitation was like an hommage to virtue by vice,&quot; Le Pen told delegates in the second of three major speeches he was scheduled to deliver during the congress.</p>
<p>He proposed sending the bill for the damage to &quot;Cathy the Red&quot; -- a reference to Strasbourg's Socialist mayor Catherine Trautmann, who led the march while appealing for calm.</p>
<p>Delegates re-elected Le Pen party president by acclamation. The 68-year-old leader was unopposed and has refused to publicly discuss the question of a successor.</p>
<p>Le Pen, who has denied he is racist or anti-semitic, said his supporters were excluded from French mainstream society. He compared them to &quot;a caste of less-than-citizens, pariahs who remind us of plague victims during the Middle Ages or the Jews of Nazi Germany&quot;.</p>
<p>He also denounced a French Foreign Ministry decision to deny visas to a delegation of Serbian nationalists who had hoped to attend the Front congress.</p>
<p>&quot;It is scandalous that elected officials were denied visas by the French government at the orders of the United States,&quot; Le Pen said to loud boos and hisses from the audience. 301301 GMT mar 97</p>
</text>
<copyright>(c) Reuters Limited 1997</copyright>
<metadata>
<codes class="bip:countries:1.0">
  <code code="FRA">
    <editdetail attribution="Reuters BIP Coding Group" action="confirmed" date="1997-03-30"/>
  </code>
</codes>
<codes class="bip:topics:1.0">
  <code code="GCAT">
    <editdetail attribution="Reuters BIP Coding Group" action="confirmed" date="1997-03-30"/>
  </code>
  <code code="GDIP">
    <editdetail attribution="Reuters BIP Coding Group" action="confirmed" date="1997-03-30"/>
  </code>
  <code code="GPOL">
    <editdetail attribution="Reuters BIP Coding Group" action="confirmed" date="1997-03-30"/>
  </code>
</codes>
<dc element="dc.date.created" value="1997-03-30"/>
<dc element="dc.publisher" value="Reuters Holdings Plc"/>
<dc element="dc.date.published" value="1997-03-30"/>
<dc element="dc.source" value="Reuters"/>
<dc element="dc.creator.location" value="STRASBOURG, France"/>
<dc element="dc.creator.location.country.name" value="FRANCE"/>
<dc element="dc.source" value="Reuters"/>
</metadata>
</newsitem>
