<?xml version="1.0" encoding="iso-8859-1" ?>
<newsitem itemid="475852" id="root" date="1997-03-30" xml:lang="en">
<title>FRANCE: French far-right fears third world lacks workers.</title>
<headline>French far-right fears third world lacks workers.</headline>
<dateline>STRASBOURG, France 1997-03-30</dateline>
<text>
<p>France's far-right National Front unveiled an altruistic explanation on Sunday for its plan to ship home millions of immigrants: their poor nations are short of skilled workers.</p>
<p>&quot;Our policy of reversing migratory flows...is based on a simple idea: If France is hard hit by unemployment, Third World nations suffer from a cruel lack of qualified workers,&quot; a party working group said.</p>
<p>The proposal was one of many prepared as part of a proposed Front legislative agenda in anticipation of March 1998 general elections in which the Front hopes to gain a foothold in parliament, where it now has no seats.</p>
<p>The proposed programme was being assembled at a three-day congress in Strasbourg, eastern France, ending on Monday.</p>
<p>&quot;Combined with an ambitious training programme, sending immigrants home would thus be of benefit to both parties,&quot; the document concluded.</p>
<p>Other working groups drafted proposals ranging from a ban on French participation in European monetary union to a constitutional amendment to give preference in jobs, education and social benefits for &quot;native-born&quot; French people.</p>
<p>One working group, worried about lagging birth rates and fewer marriages, proposed salaries for mothers without paying jobs -- provided that they are of French nationality.</p>
<p>Another group proposed repealing a criminal law punishing inciting racial, ethnic or religious hatred or discrimination -- and granting amnesty to those previously convicted.</p>
<p>The Front working group said the effect of the current law was to prevent the French people from freely expressing themselves in their own land while leaving foreigners free to carry out such practices as polygamy and female circumcision.</p>
</text>
<copyright>(c) Reuters Limited 1997</copyright>
<metadata>
<codes class="bip:countries:1.0">
  <code code="FRA">
    <editdetail attribution="Reuters BIP Coding Group" action="confirmed" date="1997-03-30"/>
  </code>
</codes>
<codes class="bip:topics:1.0">
  <code code="GCAT">
    <editdetail attribution="Reuters BIP Coding Group" action="confirmed" date="1997-03-30"/>
  </code>
  <code code="GDIP">
    <editdetail attribution="Reuters BIP Coding Group" action="confirmed" date="1997-03-30"/>
  </code>
  <code code="GPOL">
    <editdetail attribution="Reuters BIP Coding Group" action="confirmed" date="1997-03-30"/>
  </code>
</codes>
<dc element="dc.date.created" value="1997-03-30"/>
<dc element="dc.publisher" value="Reuters Holdings Plc"/>
<dc element="dc.date.published" value="1997-03-30"/>
<dc element="dc.source" value="Reuters"/>
<dc element="dc.creator.location" value="STRASBOURG, France"/>
<dc element="dc.creator.location.country.name" value="FRANCE"/>
<dc element="dc.source" value="Reuters"/>
</metadata>
</newsitem>
