<?xml version="1.0" encoding="iso-8859-1" ?>
<newsitem itemid="475851" id="root" date="1997-03-30" xml:lang="en">
<title>GERMANY: EMU will cut costs for European firms - Ifo report.</title>
<headline>EMU will cut costs for European firms - Ifo report.</headline>
<dateline>FRANKFURT 1997-03-30</dateline>
<text>
<p>The switch to a single currency will bring a significant cut in currency management costs for European companies, the German economic research institute Ifo predicted this weekend.</p>
<p>In a study prepared for the European Commission, Ifo calculated the total administrative costs of dealing with the EU's various currencies at 58.1 billion Ecus in 1995 -- around one percent of total gross domestic product (GDP).</p>
<p>Once the euro is launched, as is planned in January 1999, these costs could be cut to as little as 0.2 percent of GDP, Ifo said. The precise saving would depend on how many countries take part in the monetary union from the start.</p>
<p>Ifo also detailed the results of a survey of currency risk management strategies in the European Union.</p>
<p>&quot;It is perhaps not surprising that most firms hedge their risk using futures contracts. Larger firms are also increasingly using options,&quot; Ifo said.</p>
<p>Ifo also noted that in Germany, the vast majority of large firms favoured moving production abroad to hedge against currency risk. Smaller firms tended to opt to concentrate on the home market.</p>
<p>((--Frankfurt Newsroom, +49 69 756525))</p>
</text>
<copyright>(c) Reuters Limited 1997</copyright>
<metadata>
<codes class="bip:countries:1.0">
  <code code="EEC">
    <editdetail attribution="Reuters BIP Coding Group" action="confirmed" date="1997-03-30"/>
  </code>
  <code code="GFR">
    <editdetail attribution="Reuters BIP Coding Group" action="confirmed" date="1997-03-30"/>
  </code>
</codes>
<codes class="bip:topics:1.0">
  <code code="E12">
    <editdetail attribution="Reuters BIP Coding Group" action="confirmed" date="1997-03-30"/>
  </code>
  <code code="ECAT">
    <editdetail attribution="Reuters BIP Coding Group" action="confirmed" date="1997-03-30"/>
  </code>
  <code code="G15">
    <editdetail attribution="Reuters BIP Coding Group" action="confirmed" date="1997-03-30"/>
  </code>
  <code code="G151">
    <editdetail attribution="Reuters BIP Coding Group" action="confirmed" date="1997-03-30"/>
  </code>
  <code code="G154">
    <editdetail attribution="Reuters BIP Coding Group" action="confirmed" date="1997-03-30"/>
  </code>
  <code code="GCAT">
    <editdetail attribution="Reuters BIP Coding Group" action="confirmed" date="1997-03-30"/>
  </code>
</codes>
<dc element="dc.date.created" value="1997-03-30"/>
<dc element="dc.publisher" value="Reuters Holdings Plc"/>
<dc element="dc.date.published" value="1997-03-30"/>
<dc element="dc.source" value="Reuters"/>
<dc element="dc.creator.location" value="FRANKFURT"/>
<dc element="dc.creator.location.country.name" value="GERMANY"/>
<dc element="dc.source" value="Reuters"/>
</metadata>
</newsitem>
