<?xml version="1.0" encoding="iso-8859-1" ?>
<newsitem itemid="475895" id="root" date="1997-03-30" xml:lang="en">
<title>INDIA: TEXT-Congress chief's letter to Indian president.</title>
<headline>TEXT-Congress chief's letter to Indian president.</headline>
<dateline>NEW DELHI 1997-03-30</dateline>
<text>
<p>Following is the text of a letter by Congress party president Sitaram Kesri to Indian President Shankar Dayal Sharma announcing the party's withdrawal of support for Prime Minister H.D. Deve Gowda's government.</p>
<p>The letter is dated March 30:</p>
<p>&quot;Respected Rashtrapatiji (President),</p>
<p>The Congress Working Committee extended its support to 13-party coalition United Front to form Government by a resolution dated 12th of May, 1996. The Congress Working Committee reviewed its decision on two subsequent occasions on 4th November, 1996 and 16th February, 1997.</p>
<p>In these two meetings, Congress Working Committee reviewed the performance of United Front Government headed by Shri H.D. Deve Gowda. CWC expressed its concern over the deteriorating law and order situation, drift in the economy leading to rising prices and unemployment, growing communal menace and lack of cohesive functioning of the government. The principle of collective responsibility of the Cabinet was completely ignored, which is imperative for any parliamentary form of government.</p>
<p>The very basis of the support of the Congress Party to the United Front Government led by Shri H.D. Deve Gowda was to contain the communal forces and consolidate the secular forces. This objective was reiterated in the resolution of the Congress Working Committee dated 16th February, 1997. It appealed to the United Front Government to critically review its own performance. It was stated in the same resolution inter alia -</p>
<p>'CWC is constrained to note that the UF has failed to provide the leadership necessary to consolidate the forces of secularism and to confront the forces of communalism. In UP (Uttar Pradesh), Punjab and series of by-elections, the UF failed to work together with Congress to contain the forces of communalism. On the other hand the anti-Congressism which was the main objective of non-Congress political parties is still dominant in the constituent units of the UF. They have not come out of their old mooring.'</p>
<p>I myself expressed our concern to constituent parties of the United Front and requested them to take corrective measures but unfortunately nothing happened. It appears that the efforts of the United Front Government headed by Shri H.D. Deve Gowda are determined to marginalise Congress and to allow the urgent national issues to take back seat. The law and order situation of the country today has completely collapsed. In the State of Uttar Pradesh where the Central Government was directly responsible for its administration, the Union Home Minister was constrained to observe that the situation there was heading towards 'anarchy, chaos and destruction'.</p>
<p>The sensitive defence issues and security requirement of the country have not been properly addressed. There is an overall demoralising effect in the Civil Services and in the various organs of government. Lack of coordination, direction and will to govern have created a situation of drift. Communal, divisive and separatist forces are raising their heads in almost every part of the country and there is no serious effort to arrest this. I am enclosing copies of two resolutions dated 4th of November, 1996 and 16th February, 1997 for your kind perusal and ready reference.</p>
<p>In view of the changed situation, the Congress Party is compelled to withdraw its support from the United Front Government headed by Shri H.D. Deve Gowda with immediate effect. I take this opportunity of requesting you to take such steps as you consider necessary.</p>
<p>With respect and personal regards,</p>
<p>Yours sincerely,</p>
<p>Sitaram Kesri&quot;</p>
</text>
<copyright>(c) Reuters Limited 1997</copyright>
<metadata>
<codes class="bip:countries:1.0">
  <code code="INDIA">
    <editdetail attribution="Reuters BIP Coding Group" action="confirmed" date="1997-03-30"/>
  </code>
</codes>
<codes class="bip:topics:1.0">
  <code code="GCAT">
    <editdetail attribution="Reuters BIP Coding Group" action="confirmed" date="1997-03-30"/>
  </code>
  <code code="GPOL">
    <editdetail attribution="Reuters BIP Coding Group" action="confirmed" date="1997-03-30"/>
  </code>
</codes>
<dc element="dc.date.created" value="1997-03-30"/>
<dc element="dc.publisher" value="Reuters Holdings Plc"/>
<dc element="dc.date.published" value="1997-03-30"/>
<dc element="dc.source" value="Reuters"/>
<dc element="dc.creator.location" value="NEW DELHI"/>
<dc element="dc.creator.location.country.name" value="INDIA"/>
<dc element="dc.source" value="Reuters"/>
</metadata>
</newsitem>
