<?xml version="1.0" encoding="iso-8859-1" ?>
<newsitem itemid="475811" id="root" date="1997-03-30" xml:lang="en">
<title>DUBAI: Dubai inaugurates gasoline additive plant.</title>
<headline>Dubai inaugurates gasoline additive plant.</headline>
<dateline>JEBEL ALI, Dubai 1997-03-30</dateline>
<text>
<p>State-owned Dubai Natural Gas Co Ltd (Dugas) on Sunday officially inaugurated its 500,000 tonne per year MTBE plant.</p>
<p>The methyl tertiary-butyl ether plant at Dubai's Jebel Ali free trade zone is currently marketing its output of the environmentally friendly gasoline additive to North America, a Dugas statement released at the ceremony said.</p>
<p>&quot;The complex, operating at its full capacity of 500,000 metric tonnes annually, is now responsible for 2.5 percent of worldwide MTBE production,&quot; the statement said.</p>
<p>Dugas's MTBE plant is the first such facility in the United Arab Emirates and the fourth in the Gulf, joining three other MTBE plants in Saudi Arabia.</p>
<p>Production at the Jebel Ali plant, which runs off butane and methanol, began in February 1995.</p>
<p>&quot;The tanker journey to North America takes 30 days and Dugas is fast approaching the delivery of a million metric tonnes of MTBE,&quot; the company said.</p>
<p>-- Steven Swindells, Dubai Newsroom, +971 4 6071255.</p>
</text>
<copyright>(c) Reuters Limited 1997</copyright>
<metadata>
<codes class="bip:countries:1.0">
  <code code="UAE">
    <editdetail attribution="Reuters BIP Coding Group" action="confirmed" date="1997-03-30"/>
  </code>
</codes>
<codes class="bip:industries:1.0">
  <code code="I14000">
    <editdetail attribution="Reuters BIP Coding Group" action="confirmed" date="1997-03-30"/>
  </code>
</codes>
<codes class="bip:topics:1.0">
  <code code="C24">
    <editdetail attribution="Reuters BIP Coding Group" action="confirmed" date="1997-03-30"/>
  </code>
  <code code="CCAT">
    <editdetail attribution="Reuters BIP Coding Group" action="confirmed" date="1997-03-30"/>
  </code>
</codes>
<dc element="dc.date.created" value="1997-03-30"/>
<dc element="dc.publisher" value="Reuters Holdings Plc"/>
<dc element="dc.date.published" value="1997-03-30"/>
<dc element="dc.source" value="Reuters"/>
<dc element="dc.creator.location" value="JEBEL ALI, Dubai"/>
<dc element="dc.creator.location.country.name" value="DUBAI"/>
<dc element="dc.source" value="Reuters"/>
</metadata>
</newsitem>
