<?xml version="1.0" encoding="iso-8859-1" ?>
<newsitem itemid="475825" id="root" date="1997-03-30" xml:lang="en">
<title>USA: Smith &amp; Wesson sets sights on children's market.</title>
<headline>Smith &amp; Wesson sets sights on children's market.</headline>
<byline>Larry Parnass</byline>
<dateline>SPRINGFIELD, Mass. 1997-03-29</dateline>
<text>
<p>The largest handgun maker in the United States has set its sights on expanding its market to families and children.</p>
<p>Springfield, Massachusetts-based Smith &amp; Wesson, owned by Tomkins Ltd. of England, has opened a $3 million  National Firearms Training Centre that looks more like a suburban shopping mall than a firing range.</p>
<p>Company officials said the facility, which offers weapons, ammunition and apparel as well as training, is an effort to build a wider market for its firearms at a time of growing public concern about handgun use. It is also a move to appeal to the mainstream in a business that is politically polarised.</p>
<p>&quot;With any company, there is always an issue with what you do with the next generation,&quot; Smith &amp; Wesson spokesman Ken Jorgensen said. &quot;You overcome a lot of myths when you pick up a gun, with the right supervision, and begin shooting. We're seeing families coming in, and couples.&quot;</p>
<p>If the firearms training centre proves a success, he said, Smith &amp; Wesson may open similar ones elsewhere. The centre is open to anyone who signs up, pays $35 and sits through an hour-long orientation. After a quick course, they are able to squeeze off a few clips under a range officer's supervision.</p>
<p>In its first two weeks, children and families were among those going through orientations and prowling the retail store. Boy Scout leader John Rattelsdorfer of West Springfield visited with a group of scouts in tow, including his son.</p>
<p>The boy's mother, Loretta, said later she was not sure she wanted her son to continue exploring his interest in firearms, including the family's old Civil War-era pistol. &quot;He's interested in guns, but he's young,&quot; she said.</p>
<p>Instructor Kenneth Tingley said he has been keeping an eye on the children who have sat through the mandatory orientations to make sure they are absorbing the material. Some have been as young as seven years old.</p>
<p>Instructor Judy Woolley said some of the parents signing their children up to shoot are people who own firearms and want to pass along a family tradition. Others, though, say they know little about shooting and simply want to make sure their children understand gun safety, should they come upon a weapon.</p>
<p>&quot;So they understand the power they have in their hands,&quot; Woolley said.</p>
</text>
<copyright>(c) Reuters Limited 1997</copyright>
<metadata>
<codes class="bip:countries:1.0">
  <code code="USA">
    <editdetail attribution="Reuters BIP Coding Group" action="confirmed" date="1997-03-30"/>
  </code>
</codes>
<codes class="bip:industries:1.0">
  <code code="I32900">
    <editdetail attribution="Reuters BIP Coding Group" action="confirmed" date="1997-03-30"/>
  </code>
  <code code="I83960">
    <editdetail attribution="Reuters BIP Coding Group" action="confirmed" date="1997-03-30"/>
  </code>
</codes>
<codes class="bip:topics:1.0">
  <code code="C31">
    <editdetail attribution="Reuters BIP Coding Group" action="confirmed" date="1997-03-30"/>
  </code>
  <code code="C32">
    <editdetail attribution="Reuters BIP Coding Group" action="confirmed" date="1997-03-30"/>
  </code>
  <code code="CCAT">
    <editdetail attribution="Reuters BIP Coding Group" action="confirmed" date="1997-03-30"/>
  </code>
</codes>
<dc element="dc.date.created" value="1997-03-29"/>
<dc element="dc.publisher" value="Reuters Holdings Plc"/>
<dc element="dc.date.published" value="1997-03-30"/>
<dc element="dc.source" value="Reuters"/>
<dc element="dc.creator.location" value="SPRINGFIELD, Mass."/>
<dc element="dc.creator.location.country.name" value="USA"/>
<dc element="dc.source" value="Reuters"/>
</metadata>
</newsitem>
