<?xml version="1.0" encoding="iso-8859-1" ?>
<newsitem itemid="475896" id="root" date="1997-03-30" xml:lang="en">
<title>INDIA: India's Congress withdraws support to Deve Gowda.</title>
<headline>India's Congress withdraws support to Deve Gowda.</headline>
<byline>Jawed Naqvi</byline>
<dateline>NEW DELHI 1997-03-30</dateline>
<text>
<p>India's Congress party withdrew its make-or-break support to Prime Minister H.D. Deve Gowda's centre-left alliance on Sunday and staked a claim to form the country's next government.</p>
<p>It was not immediately clear if the Congress decision meant the shaky nine-month-old government led by Deve Gowda would have to resign and call a snap mid-term election.</p>
<p>The bombshell Congress announcement came in the middle of rare official talks between India and Pakistan and threatened to stall Deve Gowda's budget for fiscal 1997/98 (April-March), still pending in parliament after it was unveiled on February 28.</p>
<p>There was no immediate comment from government officials.</p>
<p>The news sent shock waves through the country's financial community. Share prices in Bombay fell sharply in off-market kerb deals. &quot;This is something totally unexpected. There's trouble ahead that doesn't look like it will be easily resolved,&quot; said Ravi Gopalakrishnan, head of sales at UBS Securities.</p>
<p>&quot;I met the President (Shankar Dayal Sharma) today and told him that we are withdrawing support to the United Front government and I also staked our claim to form a government,&quot; Congress president Sitaram Kesri told a news conference.</p>
<p>&quot;We have told the president that the support we had extended to the government on the hope that they will support secular forces which has not come about so we are withdrawing our support,&quot; Kesri added.</p>
<p>Ghulam Nabi Azad, a senior Congress party official told reporters: &quot;The Congress party is not in favour of any fresh elections. The Congress parliamentary party has requested the party president (Kesri) to formally write to the president to stake the party's claim.&quot;</p>
<p>Kesri, who became Congress president in September after former prime minister P.V. Narasimha Rao was forced to resign the post over corruption charges, was expected to formally stake his claim before Sharma on Monday, Congress politicians said.</p>
<p>But he did not immediately appear to have the support of several key Congress leaders, including influential former defence minister Sharad Pawar. Rao too was not present at the party meeting that formally endorsed Kesri's stand on Sunday.</p>
<p>The United News of India quoted Pawar, regarded as a supporter of Deve Gowda's government, as saying he was not aware of the Congress decision to bring down the government.</p>
<p>Azad said the Congress might amend some of the budget proposals of Deve Gowda's government in case the Congress succeeded in its bid to head a new coalition.</p>
<p>&quot;We will see what changes are needed and implement them,&quot; he told Reuters.</p>
<p>Agriculture Minister Chaturanan Mishra, a communist member of the government, told Reuters he felt Deve Gowda should resign. &quot;The government was dependent on the Congress party's support and if that support is withdrawn it is logical that the government should resign.&quot;</p>
<p>India's oldest political machine, Congress is reeling from a string of financial scandals dogging its leading politicians.</p>
<p>Congress officials said the withdrawal decision followed &quot;attempts by the United Front&quot; to split the Congress party in the key north Indian state of Uttar Pradesh.</p>
<p>The rightwing Hindu Bharatiya Janata Party (BJP) formed a coalition government in the state earlier this month, thwarting Congress attempts to rule the crucial region which sends 85 deputies to the 545-member lower house of parliament.</p>
<p>Deve Gowda's minority 15-member United Front alliance which groups free-traders, communists and centrists and controls some 178 deputies in the lower house, was formed in June 1996 after inconclusive national elections.</p>
<p>The Congress, which has 142 deputies, supported the government but was not part of the ruling alliance and held no cabinet post.</p>
</text>
<copyright>(c) Reuters Limited 1997</copyright>
<metadata>
<codes class="bip:countries:1.0">
  <code code="INDIA">
    <editdetail attribution="Reuters BIP Coding Group" action="confirmed" date="1997-03-30"/>
  </code>
</codes>
<codes class="bip:topics:1.0">
  <code code="GCAT">
    <editdetail attribution="Reuters BIP Coding Group" action="confirmed" date="1997-03-30"/>
  </code>
  <code code="GPOL">
    <editdetail attribution="Reuters BIP Coding Group" action="confirmed" date="1997-03-30"/>
  </code>
</codes>
<dc element="dc.date.created" value="1997-03-30"/>
<dc element="dc.publisher" value="Reuters Holdings Plc"/>
<dc element="dc.date.published" value="1997-03-30"/>
<dc element="dc.source" value="Reuters"/>
<dc element="dc.creator.location" value="NEW DELHI"/>
<dc element="dc.creator.location.country.name" value="INDIA"/>
<dc element="dc.source" value="Reuters"/>
</metadata>
</newsitem>
