<?xml version="1.0" encoding="iso-8859-1" ?>
<newsitem itemid="475889" id="root" date="1997-03-30" xml:lang="en">
<title>INDIA: Ruling alliance says India PM will not resign. [CORRECTED 21:22 GMT]</title>
<headline>Ruling alliance says India PM will not resign. [CORRECTED 21:22 GMT]</headline>
<dateline>NEW DELHI 1997-03-30</dateline>
<text>
<p>India's ruling United Front alliance said on Sunday (corrects from Friday) that Prime Minister H.D. Deve Gowda will not resign but face parliament when it re-convenes on April 21.</p>
<p>&quot;There is no question of the resignation of Mr Deve Gowda,&quot; United Front spokesman Jaipal Reddy told reporters after the Congress party, the ruling coalition's meak-or-break ally, said it had withdrawn its support for the nine-month old government</p>
<p>&quot;The decision of the Congress president is unfortunate,&quot; Reddy said, referring to Congress chief Sitaram Kesri's meeting with President Shankar Dayal Sharma earlier on Sunday where he demanded Deve Gowda's resignation.</p>
<p>An official at the Presidential Palace said Sharma would seek the views of legal experts before deciding whether to ask Kesri to form a new government or to direct Deve Gowda to face a vote of confidence in parliament.</p>
<p>&quot;If required, the United Front government will face Lok Sabha (lower house of parliament) and we hope the president of India gives the United Front a fair opportunity to do so,&quot; Reddy said.</p>
<p>Kesri earlier informed Sharma he was going to formally stake his claim to form a government. Congress officials said Kesri was likely to make his bid on Monday.</p>
</text>
<copyright>(c) Reuters Limited 1997</copyright>
<metadata>
<codes class="bip:countries:1.0">
  <code code="INDIA">
    <editdetail attribution="Reuters BIP Coding Group" action="confirmed" date="1997-03-30"/>
  </code>
</codes>
<codes class="bip:topics:1.0">
  <code code="GCAT">
    <editdetail attribution="Reuters BIP Coding Group" action="confirmed" date="1997-03-30"/>
  </code>
  <code code="GPOL">
    <editdetail attribution="Reuters BIP Coding Group" action="confirmed" date="1997-03-30"/>
  </code>
</codes>
<dc element="dc.date.created" value="1997-03-30"/>
<dc element="dc.publisher" value="Reuters Holdings Plc"/>
<dc element="dc.date.published" value="1997-03-30"/>
<dc element="dc.source" value="Reuters"/>
<dc element="dc.creator.location" value="NEW DELHI"/>
<dc element="dc.creator.location.country.name" value="INDIA"/>
<dc element="dc.source" value="Reuters"/>
</metadata>
</newsitem>
