<?xml version="1.0" encoding="iso-8859-1" ?>
<newsitem itemid="475835" id="root" date="1997-03-30" xml:lang="en">
<title>USA: Financial regulators find Internet can be a tool.</title>
<headline>Financial regulators find Internet can be a tool.</headline>
<byline>David Lawsky</byline>
<dateline>WASHINGTON 1997-03-30</dateline>
<text>
<p>Federal regulators tracking con artists, price-fixing arrangements and investment abuses are starting to view the Internet as a tool rather than just the source of new problems.</p>
<p>The Internet and the World Wide Web it supports are forcing the government to change the way it works, and nowhere is that more obvious than in the regulation of business. The Web is emerging as an effective source of tips on wrongdoing and as a way to solicit comment on government proposals.</p>
<p>Last year the Federal Communication Commission received 300,000 responses by electronic mail on a now-defunct proposal to permit local phone companies to charge more for Internet access, and eventually the agency aims to give these electronic comments the same status as formal paper comment.</p>
<p>The Federal Trade Commission, which traditionally has had little public involvement in its decisions on whether mergers violate antitrust laws, invited e-mail this month on the proposed merger of office superstores Staples and Office Depot. It got more than 300 responses a day during the first few days.</p>
<p>The Securities and Exchange Commission makes no secret of its efforts to patrol the Web.</p>
<p>&quot;If you're a fraudster who wants attention you need to get people to notice your Web site,&quot; making it more likely the government will notice too, SEC Commissioner Steven Wallman said.</p>
<p>The SEC has also rapped the knuckles of several public companies for displaying misleading financial information on their Web sites.</p>
<p>And the FTC recently shut down con men who gave out free pornographic software that surreptiously snatched control of customers' modems and ran up international long distance phone bills. It found them through their Web pages.</p>
<p>But it is precisely the Internet's international aspect that poses one of the greatest problems for federal regulators in this new environment. Even with the best of intentions, businesses can find themselves running afoul of rules that vary from country to country or even among U.S. states.</p>
<p>For example, comparative advertising is standard in the United States but illegal in Germany. How does that affect auto ads on the Web? Countries have separate rules for stock offerings and accounting procedures. How can they be coordinated?</p>
<p>&quot;I think there will be no choice but for governments to become more cooperative, to communicate and coordinate with each other,&quot; the SEC's Wallman said.</p>
<p>Even an argument as seemingly arcane as to whether e-mail is more like a phone conversation than a letter can have huge ramifications. For example, the SEC permits stock brokers to talk freely with clients on the phone but requires supervisors to review written communications.</p>
<p>&quot;The current requirement that any e-mail must be reviewed by a supervisor obviously makes e-mail almost useless,&quot; Wallman said. &quot;You're not in a position to have an interactive conversation with your broker.&quot;</p>
<p>Wallman said such challenges require &quot;a new style of thinking about regulation. What is the underlying goal? What are we trying to regulate? Where is the investor concern?&quot;</p>
<p>As the expansion of trains required standard time zones across the United States and international air routes required coordinated air traffic control around the world, the Internet will require governments to come to terms with such questions.</p>
<p>&quot;It's the last frontier,&quot; Wallman said.</p>
</text>
<copyright>(c) Reuters Limited 1997</copyright>
<metadata>
<codes class="bip:countries:1.0">
  <code code="USA">
    <editdetail attribution="Reuters BIP Coding Group" action="confirmed" date="1997-03-30"/>
  </code>
</codes>
<codes class="bip:industries:1.0">
  <code code="I83100">
    <editdetail attribution="Reuters BIP Coding Group" action="confirmed" date="1997-03-30"/>
  </code>
  <code code="I83940">
    <editdetail attribution="Reuters BIP Coding Group" action="confirmed" date="1997-03-30"/>
  </code>
</codes>
<codes class="bip:topics:1.0">
  <code code="C13">
    <editdetail attribution="Reuters BIP Coding Group" action="confirmed" date="1997-03-30"/>
  </code>
  <code code="CCAT">
    <editdetail attribution="Reuters BIP Coding Group" action="confirmed" date="1997-03-30"/>
  </code>
</codes>
<dc element="dc.date.created" value="1997-03-30"/>
<dc element="dc.publisher" value="Reuters Holdings Plc"/>
<dc element="dc.date.published" value="1997-03-30"/>
<dc element="dc.source" value="Reuters"/>
<dc element="dc.creator.location" value="WASHINGTON"/>
<dc element="dc.creator.location.country.name" value="USA"/>
<dc element="dc.source" value="Reuters"/>
</metadata>
</newsitem>
