<?xml version="1.0" encoding="iso-8859-1" ?>
<newsitem itemid="475808" id="root" date="1997-03-30" xml:lang="en">
<title>BAHRAIN: Faysal Islamic Bank lifts 1996 net profit.</title>
<headline>Faysal Islamic Bank lifts 1996 net profit.</headline>
<dateline>MANAMA 1997-03-30</dateline>
<text>
<p>Year to December 31, 1996</p>
<p>			(million U.S. dollars)</p>
<p> Net profit		13.9    vs    12.6</p>
<p> Pre-tax profit	  27.4    vs    20.4</p>
<p> dividend		   6.65   vs    nil</p>
<p> Shareholders' funds  116.3    vs   100.8</p>
<p> Assets		   356.0    vs   368.1</p>
<p> Customer deposits     20.6    vs    56.7</p>
<p>Full Name: Faysal Islamic Bank of Bahrain E.C.</p>
<p>Note - The Bahrain-based bank is traded on the Bahrain Stock Exchange.</p>
</text>
<copyright>(c) Reuters Limited 1997</copyright>
<metadata>
<codes class="bip:countries:1.0">
  <code code="BAHRN">
    <editdetail attribution="Reuters BIP Coding Group" action="confirmed" date="1997-03-30"/>
  </code>
</codes>
<codes class="bip:industries:1.0">
  <code code="I81402">
    <editdetail attribution="Reuters BIP Coding Group" action="confirmed" date="1997-03-30"/>
  </code>
</codes>
<codes class="bip:topics:1.0">
  <code code="C15">
    <editdetail attribution="Reuters BIP Coding Group" action="confirmed" date="1997-03-30"/>
  </code>
  <code code="C151">
    <editdetail attribution="Reuters BIP Coding Group" action="confirmed" date="1997-03-30"/>
  </code>
  <code code="C1511">
    <editdetail attribution="Reuters BIP Coding Group" action="confirmed" date="1997-03-30"/>
  </code>
  <code code="CCAT">
    <editdetail attribution="Reuters BIP Coding Group" action="confirmed" date="1997-03-30"/>
  </code>
</codes>
<dc element="dc.date.created" value="1997-03-30"/>
<dc element="dc.publisher" value="Reuters Holdings Plc"/>
<dc element="dc.date.published" value="1997-03-30"/>
<dc element="dc.source" value="Reuters"/>
<dc element="dc.creator.location" value="MANAMA"/>
<dc element="dc.creator.location.country.name" value="BAHRAIN"/>
<dc element="dc.source" value="Reuters"/>
</metadata>
</newsitem>
