<?xml version="1.0" encoding="iso-8859-1" ?>
<newsitem itemid="475880" id="root" date="1997-03-30" xml:lang="en">
<title>INDIA: India's Hindustan Zinc plans output rise-paper.</title>
<headline>India's Hindustan Zinc plans output rise-paper.</headline>
<dateline>BOMBAY 1997-03-30</dateline>
<text>
<p>State-run Hindustan Zinc plans to increase output of zinc and lead by 22 percent in 1997/98 (April-March) fiscal year, the Financial Express newspaper reported on Sunday.</p>
<p>The company expects to produce 170,000 tonnes of metal in the coming fiscal year, the report said.</p>
<p>According to a memorandum of understanding signed between the government and the company, Hindustan Zinc will increase sales of metal by 20 percent to 160,000 tonnes.</p>
<p>The company also plans to increase capacity at its Rampura Aghua mine from 3,000 tonnes a day to 4,500.</p>
<p>There are also plans to increase capacity at the company's zinc smelter and begin exploration for gold in Vietnam in 1997/98, the report said.</p>
</text>
<copyright>(c) Reuters Limited 1997</copyright>
<metadata>
<codes class="bip:countries:1.0">
  <code code="INDIA">
    <editdetail attribution="Reuters BIP Coding Group" action="confirmed" date="1997-03-30"/>
  </code>
</codes>
<codes class="bip:industries:1.0">
  <code code="I22471">
    <editdetail attribution="Reuters BIP Coding Group" action="confirmed" date="1997-03-30"/>
  </code>
</codes>
<codes class="bip:topics:1.0">
  <code code="C21">
    <editdetail attribution="Reuters BIP Coding Group" action="confirmed" date="1997-03-30"/>
  </code>
  <code code="C24">
    <editdetail attribution="Reuters BIP Coding Group" action="confirmed" date="1997-03-30"/>
  </code>
  <code code="CCAT">
    <editdetail attribution="Reuters BIP Coding Group" action="confirmed" date="1997-03-30"/>
  </code>
</codes>
<dc element="dc.date.created" value="1997-03-30"/>
<dc element="dc.publisher" value="Reuters Holdings Plc"/>
<dc element="dc.date.published" value="1997-03-30"/>
<dc element="dc.source" value="Reuters"/>
<dc element="dc.creator.location" value="BOMBAY"/>
<dc element="dc.creator.location.country.name" value="INDIA"/>
<dc element="dc.source" value="Reuters"/>
</metadata>
</newsitem>
