<?xml version="1.0" encoding="iso-8859-1" ?>
<newsitem itemid="475817" id="root" date="1997-03-30" xml:lang="en">
<title>USA: Suicide cult tried to make sci-fi movie.</title>
<headline>Suicide cult tried to make sci-fi movie.</headline>
<byline>Michael Miller</byline>
<dateline>RANCHO SANTA FE, Calif. 1997-03-29</dateline>
<text>
<p>As family members prepared to bury the 39 Heaven's Gate cultists after their mass suicide, it emerged on Saturday that the group had been trying to make a science-fiction movie about its bizarre beliefs.</p>
<p>Autopsies were still being carried out on Saturday on the last of the victims, and San Diego police were surprised when a Canadian man arrived to claim the body of his 40-year-old daughter.</p>
<p>Officials earlier had said they did not expect any families to come to San Diego and that arrangements were being made to ship the 39 bodies to the states where their relatives lived. Most bodies were expected to be shipped out of San Diego on Monday.</p>
<p>The father of Erika Ernst arrived at the San Diego morgue on Saturday morning with his wife and sister to claim her body. They left two hours later in a motorhome with a police escort.</p>
<p>San Diego County Sheriff's Dept. Sgt. Dan Wall said the family's arrival was &quot;totally unexpected.&quot; He said the Ernsts were the only family to come to San Diego and did not expect any others.</p>
<p>In another California twist to the tragedy, it emerged that the Heaven's Gate group had hoped to add television production to its successful business designing computer web pages for the Internet.</p>
<p>Rick Singer, a Los Angeles television and movie producer, told how he had been working with cult members to try to get a movie made based on their beliefs about life on Earth and moving on to the &quot;Kingdom of God.&quot;</p>
<p>&quot;I was shocked,&quot; he said on Saturday about their suicide pact. &quot;They were a little weird the way they looked and dressed, but they were so eager and so enthusiastic.&quot;</p>
<p>Entitled &quot;Beyond Human: Return of the Next Level,&quot; Singer said the cult's screenplay featured motherships, alien abductions and clashes between bad reptile-like aliens and benevolent ones for control of the Earth. It told of the ability to &quot;rise up&quot; to a level several flights above humans.</p>
<p>The group began their movie project in 1995 while living in Phoenix, Arizona, and had their last contact with Singer just two weeks before their charismatic leader, Marshall Applewhite, led them in the final death ritual.</p>
<p>Police probing the mass suicide focused on finding out how the group managed to acquire massive amounts of the drug phenobarbital which they used to kill themselves.</p>
<p>San Diego County Medical Examiner Dr. Brian Blackbourne said a lethal dose of the prescription sleeping pill amounted to 50 tablets for each person. To ensure death the cult members also put plastic bags over their heads secured by elastic bands.</p>
<p>Police said that while they did not expect any criminal charges to result from the mass suicide they were anxious to know how the cult got its hands on so much phenobarbital.</p>
<p>All 39 members of the cult killed themselves over a period of days. According to their videotaped suicide notes, the cultists believed that a spaceship hiding behind the Hale-Bopp comet nearing Earth would take them to heaven.</p>
<p>Their bodies were discovered on Wednesday in the $1.6 million mansion the cult rented in the exclusive San Diego suburb of Rancho Santa Fe.</p>
<p>By Friday night, autopsies had been performed on 30 of the victims and on Saturday morning the medical examiner's office began autopsies on four more. Thirty-five of the victims' families have been notified.</p>
</text>
<copyright>(c) Reuters Limited 1997</copyright>
<metadata>
<codes class="bip:countries:1.0">
  <code code="USA">
    <editdetail attribution="Reuters BIP Coding Group" action="confirmed" date="1997-03-30"/>
  </code>
</codes>
<codes class="bip:topics:1.0">
  <code code="GCAT">
    <editdetail attribution="Reuters BIP Coding Group" action="confirmed" date="1997-03-30"/>
  </code>
  <code code="GCRIM">
    <editdetail attribution="Reuters BIP Coding Group" action="confirmed" date="1997-03-30"/>
  </code>
  <code code="GREL">
    <editdetail attribution="Reuters BIP Coding Group" action="confirmed" date="1997-03-30"/>
  </code>
</codes>
<dc element="dc.date.created" value="1997-03-29"/>
<dc element="dc.publisher" value="Reuters Holdings Plc"/>
<dc element="dc.date.published" value="1997-03-30"/>
<dc element="dc.source" value="Reuters"/>
<dc element="dc.creator.location" value="RANCHO SANTA FE, Calif."/>
<dc element="dc.creator.location.country.name" value="USA"/>
<dc element="dc.source" value="Reuters"/>
</metadata>
</newsitem>
