<?xml version="1.0" encoding="iso-8859-1" ?>
<newsitem itemid="475862" id="root" date="1997-03-30" xml:lang="en">
<title>VATICAN: Tired looking Pope prays for peace at Easter.</title>
<headline>Tired looking Pope prays for peace at Easter.</headline>
<byline>Philip Pullella</byline>
<dateline>VATICAN CITY 1997-03-30</dateline>
<text>
<p>A tired looking Pope John Paul led the world's Catholics in Easter celebrations on Sunday, praying for peace in Albania, Africa and the Middle East in his &quot;Urbi et Orbi&quot; message to the world.</p>
<p>The Pope celebrated a two-hour Easter Sunday mass for up to 100,000 people in St Peter's Square before reading his message and wishing the world a Happy Easter in 57 languages.</p>
<p>The 76-year-old Pope, who has suffered a series of health problems in recent years, began the service more than 15 minutes late, sparking rumours that he was not feeling well.</p>
<p>The Vatican did not say what caused the delay.</p>
<p>In another change of schedule, he did not go up to the central balcony of St Peter's Basilica after the service to read his address standing but read it instead sitting from the throne of the platform, where he had said the mass.</p>
<p>The Vatican said this was because it was due to be broadcast live to television stations around the world at noon and he would have been late if he had gone up to the balcony.</p>
<p>The Pope looked tired as he presided at the mass, walking slowly around the flower-bedecked altar and showing signs of fatigue at other parts of the service.</p>
<p>His voice was, however, relatively strong as he read prayers and addresses during the service, his white and gold vestments billowing in the breeze on a clear but chilly day.</p>
<p>Easter Sunday was the latest of four days of Holy Week activities that have apparently tested his stamina.</p>
<p>On Saturday he presided at a nearly four-hour service in St Peter's Basilica which kept him up past midnight.</p>
<p>In his &quot;Urbi et Orbi&quot; (to the city and the world) message, the Pontiff prayed for &quot;those who see life and the future threatened by war and hatred&quot;.</p>
<p>This was particularly true &quot;in the heart of Africa&quot;, a reference to Zaire, where rebels have taken control of large parts of the country.</p>
<p>The Pope asked Christ to illuminate the decisions of political leaders in troubled areas, mentioning the Holy Land &quot;and especially... beloved Albania&quot;.</p>
<p>&quot;May the love of Christ, victorious over death, grant everyone the courage of forgiveness and reconciliation without which there can be no solutions worthy of man,&quot; he said.</p>
<p>The Pope, who will visit the Bosnian capital Sarajevo in two weeks, encouraged those working to consolidate democracy and peace in the Balkans.</p>
<p>He offered a special thought for the hostages held in the Japanese embassy in Lima, Peru for the past three months.</p>
<p>&quot;May they finally gain the freedom they ardently long for,&quot; he said.</p>
<p>At the end of the &quot;Urbi et Orbi&quot; message, he read Easter greetings in 57 languages, including those spoken in many of the world's trouble spots -- Albanian, Serbian, Hebrew, Arabic and a number of African tongues.</p>
<p>The Pope's health has been the subject of concern among Catholics for the past several years.</p>
<p>He last entered hospital in October to remove an appendix which the Vatican said had caused fevers which forced him to cancel several scheduled appointments in 1996.</p>
<p>He has been walking with a limp since 1994, when he underwent bone replacement surgery after breaking his thigh.</p>
<p>In 1992 doctors removed a large intestinal tumour which they said was caught as it was beginning to turn malignant.</p>
<p>In recent years, the Pope's left hand has been trembling, sometimes violently. The Vatican has not denied numerous media reports that he is suffering from a form of Parkinson's disease.</p>
<p>The Pope was due to spend several days of rest at the summer residence south of Rome this week.</p>
<p>Besides Sarajevo, he has five other foreign trips planned this year -- Prague, Lebanon, Poland, France, and Brazil.</p>
</text>
<copyright>(c) Reuters Limited 1997</copyright>
<metadata>
<codes class="bip:countries:1.0">
  <code code="VCAN">
    <editdetail attribution="Reuters BIP Coding Group" action="confirmed" date="1997-03-30"/>
  </code>
</codes>
<codes class="bip:topics:1.0">
  <code code="GCAT">
    <editdetail attribution="Reuters BIP Coding Group" action="confirmed" date="1997-03-30"/>
  </code>
  <code code="GREL">
    <editdetail attribution="Reuters BIP Coding Group" action="confirmed" date="1997-03-30"/>
  </code>
</codes>
<dc element="dc.date.created" value="1997-03-30"/>
<dc element="dc.publisher" value="Reuters Holdings Plc"/>
<dc element="dc.date.published" value="1997-03-30"/>
<dc element="dc.source" value="Reuters"/>
<dc element="dc.creator.location" value="VATICAN CITY"/>
<dc element="dc.creator.location.country.name" value="VATICAN"/>
<dc element="dc.source" value="Reuters"/>
</metadata>
</newsitem>
