<?xml version="1.0" encoding="iso-8859-1" ?>
<newsitem itemid="475860" id="root" date="1997-03-30" xml:lang="en">
<title>ITALY: Albania envoy says more than 80 died in shipwreck.</title>
<headline>Albania envoy says more than 80 died in shipwreck.</headline>
<dateline>ROME 1997-03-30</dateline>
<text>
<p>The Albanian ambassador to Rome told Reuters on Sunday that more than 80 people were believed to have died when a refugee boat sank on Friday night.</p>
<p>Pandeli Pasko said he had compiled a list of missing people after talking to survivors in the southern Italian port of Brindisi on Saturday. According to his figures, between 120 and 130 people were on the boat and only 34 were rescued.  </p>
<p>&quot;I spoke to all but two of the survivors individually and they told me who was with them,&quot; Pasko said in a telephone interview. &quot;We made up a list as best we could.</p>
<p>&quot;My God, what a tragedy.&quot;</p>
<p>A list of names faxed to Reuters by the Albanian embassy referred to 79 missing people, many of them women and children and some identified merely as &quot;a friend&quot;.</p>
<p>But Pasko said it was not definitive and he had still to speak to two of the survivors rescued on Friday after the ancient harbour patrol craft collided with a navy ship trying to prevent it entering Italian waters in the Adriatic.</p>
</text>
<copyright>(c) Reuters Limited 1997</copyright>
<metadata>
<codes class="bip:countries:1.0">
  <code code="ALB">
    <editdetail attribution="Reuters BIP Coding Group" action="confirmed" date="1997-03-30"/>
  </code>
  <code code="ITALY">
    <editdetail attribution="Reuters BIP Coding Group" action="confirmed" date="1997-03-30"/>
  </code>
</codes>
<codes class="bip:topics:1.0">
  <code code="GCAT">
    <editdetail attribution="Reuters BIP Coding Group" action="confirmed" date="1997-03-30"/>
  </code>
  <code code="GDIP">
    <editdetail attribution="Reuters BIP Coding Group" action="confirmed" date="1997-03-30"/>
  </code>
  <code code="GDIS">
    <editdetail attribution="Reuters BIP Coding Group" action="confirmed" date="1997-03-30"/>
  </code>
</codes>
<dc element="dc.date.created" value="1997-03-30"/>
<dc element="dc.publisher" value="Reuters Holdings Plc"/>
<dc element="dc.date.published" value="1997-03-30"/>
<dc element="dc.source" value="Reuters"/>
<dc element="dc.creator.location" value="ROME"/>
<dc element="dc.creator.location.country.name" value="ITALY"/>
<dc element="dc.source" value="Reuters"/>
</metadata>
</newsitem>
