<?xml version="1.0" encoding="iso-8859-1" ?>
<newsitem itemid="475891" id="root" date="1997-03-30" xml:lang="en">
<title>INDIA: Political crisis won't hit investors-India's Singh.</title>
<headline>Political crisis won't hit investors-India's Singh.</headline>
<byline>Hari Ramachandran</byline>
<dateline>NEW DELHI 1997-03-30</dateline>
<text>
<p>Former finance minister and Congress leader Manmohan Singh said on Sunday that a change in government should not deter foreign investors.</p>
<p>&quot;Why should it affect investor confidence. The economy has now acquired a momentum of its own,&quot; Singh told Reuters soon after his party decided to withdraw support for Prime Minister H.D. Deve Gowda's 15-group United Front coalition government.</p>
<p>Singh said there was a broad political consensus in the country on basic economic policies.</p>
<p>He said the world should by now recognise that political changes in India were a reality.</p>
<p>&quot;The underlying cross currents are such that the fundamentals of the economy will determine what will happen,&quot; he said.</p>
<p>Congress President Sitaram Kesri said on Sunday the party was formally staking its bid to form a new federal government.</p>
<p>The Congress party said it might amend some of the budget proposals of Deve Gowda's government if the party succeeded in its declared bid to head a new coalition.</p>
<p>Congress general secretary Ghulam Nabi Azad told Reuters: &quot;We will see what changes are needed and implement them.&quot;</p>
<p>A Commerce Ministry spokeswoman told Reuters India would announce its new export-import policy as scheduled on Monday, and the announcement would not be affected by political changes.</p>
<p>The current policy expires on Monday and a new policy has to take effect on April 1.</p>
<p>Singh, architect of India's radical economic reforms programme launched in 1991, said a change in the government would not cause any crisis in the federal budget for fiscal 1997/98 (April-March) presented in parliament on February 28.</p>
<p>&quot;The vote on account has been passed already,&quot; he said. A vote on account is taken for four months, Singh said.</p>
<p>&quot;Long before that all these things should be settled.&quot;</p>
<p>A vote on account is a temporary measure that authorises the government to borrow money from the treasury to meet its expenses. The budget has not yet been approved by parliament.</p>
<p>Singh declined to say if he anticipated regaining the finance minister's job.</p>
<p>&quot;How do I know. We will cross that bridge when we reach there,&quot; he said.</p>
</text>
<copyright>(c) Reuters Limited 1997</copyright>
<metadata>
<codes class="bip:countries:1.0">
  <code code="INDIA">
    <editdetail attribution="Reuters BIP Coding Group" action="confirmed" date="1997-03-30"/>
  </code>
</codes>
<codes class="bip:topics:1.0">
  <code code="E51">
    <editdetail attribution="Reuters BIP Coding Group" action="confirmed" date="1997-03-30"/>
  </code>
  <code code="ECAT">
    <editdetail attribution="Reuters BIP Coding Group" action="confirmed" date="1997-03-30"/>
  </code>
  <code code="GCAT">
    <editdetail attribution="Reuters BIP Coding Group" action="confirmed" date="1997-03-30"/>
  </code>
  <code code="GPOL">
    <editdetail attribution="Reuters BIP Coding Group" action="confirmed" date="1997-03-30"/>
  </code>
</codes>
<dc element="dc.date.created" value="1997-03-30"/>
<dc element="dc.publisher" value="Reuters Holdings Plc"/>
<dc element="dc.date.published" value="1997-03-30"/>
<dc element="dc.source" value="Reuters"/>
<dc element="dc.creator.location" value="NEW DELHI"/>
<dc element="dc.creator.location.country.name" value="INDIA"/>
<dc element="dc.source" value="Reuters"/>
</metadata>
</newsitem>
