<?xml version="1.0" encoding="iso-8859-1" ?>
<newsitem itemid="475812" id="root" date="1997-03-30" xml:lang="en">
<title>BAHRAIN: PRESS DIGEST - Bahrain - March 30.</title>
<headline>PRESS DIGEST - Bahrain - March 30.</headline>
<dateline>MANAMA 1997-03-30</dateline>
<text>
<p>These are some of the leading stories in the Bahraini press on Sunday. Reuters has not verified these stories and does not vouch for their accuracy.</p>
<p>BAHRAIN TRIBUNE</p>
<p>- Bahrain calls for joint action to safeguard Jerusalem.</p>
<p>- Faysal Islamic Bank posts $13.9 million profit in 1996.</p>
<p>GULF DAILY NEWS</p>
<p>- The Bahraini government donates one million Indian rupees to the Jawaharlal Nehru University in New Delhi.</p>
<p>- Indian airlines studying plans to increase Bahrain flights.</p>
<p>AL-AYAM</p>
<p>- Bahrain's State Security Court jails 21 suspects accused of involvement in a plot to topple the government. Another 12 acquitted.</p>
</text>
<copyright>(c) Reuters Limited 1997</copyright>
<metadata>
<codes class="bip:countries:1.0">
  <code code="BAHRN">
    <editdetail attribution="Reuters BIP Coding Group" action="confirmed" date="1997-03-30"/>
  </code>
</codes>
<codes class="bip:topics:1.0">
  <code code="GCAT">
    <editdetail attribution="Reuters BIP Coding Group" action="confirmed" date="1997-03-30"/>
  </code>
</codes>
<dc element="dc.date.created" value="1997-03-30"/>
<dc element="dc.publisher" value="Reuters Holdings Plc"/>
<dc element="dc.date.published" value="1997-03-30"/>
<dc element="dc.source" value="Reuters"/>
<dc element="dc.creator.location" value="MANAMA"/>
<dc element="dc.creator.location.country.name" value="BAHRAIN"/>
<dc element="dc.source" value="Reuters"/>
</metadata>
</newsitem>
