<?xml version="1.0" encoding="iso-8859-1" ?>
<newsitem itemid="475802" id="root" date="1997-03-30" xml:lang="en">
<title>EGYPT: Arafat in Cairo for crisis talks on Mideast peace.</title>
<headline>Arafat in Cairo for crisis talks on Mideast peace.</headline>
<dateline>CAIRO 1997-03-30</dateline>
<text>
<p>Egyptian President Hosni Mubarak met Palestinian President Yasser Arafat in Cairo on Sunday for crisis talks on the Middle East peace process.</p>
<p>They met at the Ittihadiya presidential palace shortly after Arafat arrived from the Palestinian self-rule areas.</p>
<p>Palestinian-Israeli relations deteriorated after Israeli Prime Minister Benjamin Netanyahu ordered the building of a Jewish settlement in disputed Arab East Jerusalem.</p>
<p>The housing scheme has sparked 10 days of clashes and a suicide bombing which killed three people in Tel Aviv.</p>
<p>Egypt, which regards itself as the unofficial sponsor of the Middle East peace talks, has said that Israel's policies have flung the region into instability and violence.</p>
<p>Arab and Islamic countries have also condemned the settlement and said that they would reconsider their ties with Israel unless it stopped construction work.</p>
<p>Arafat is also due to address a regular ministerial meeting of the Cairo-based Arab League which Egyptian newspapers said would issue a draft resolution calling on Arabs to suspend normalisation of ties with the Jewish state until it ceased settlement work.</p>
</text>
<copyright>(c) Reuters Limited 1997</copyright>
<metadata>
<codes class="bip:countries:1.0">
  <code code="EGYPT">
    <editdetail attribution="Reuters BIP Coding Group" action="confirmed" date="1997-03-30"/>
  </code>
  <code code="ISRAEL">
    <editdetail attribution="Reuters BIP Coding Group" action="confirmed" date="1997-03-30"/>
  </code>
</codes>
<codes class="bip:topics:1.0">
  <code code="GCAT">
    <editdetail attribution="Reuters BIP Coding Group" action="confirmed" date="1997-03-30"/>
  </code>
  <code code="GDIP">
    <editdetail attribution="Reuters BIP Coding Group" action="confirmed" date="1997-03-30"/>
  </code>
  <code code="GPOL">
    <editdetail attribution="Reuters BIP Coding Group" action="confirmed" date="1997-03-30"/>
  </code>
  <code code="GVIO">
    <editdetail attribution="Reuters BIP Coding Group" action="confirmed" date="1997-03-30"/>
  </code>
</codes>
<dc element="dc.date.created" value="1997-03-30"/>
<dc element="dc.publisher" value="Reuters Holdings Plc"/>
<dc element="dc.date.published" value="1997-03-30"/>
<dc element="dc.source" value="Reuters"/>
<dc element="dc.creator.location" value="CAIRO"/>
<dc element="dc.creator.location.country.name" value="EGYPT"/>
<dc element="dc.source" value="Reuters"/>
</metadata>
</newsitem>
