<?xml version="1.0" encoding="iso-8859-1" ?>
<newsitem itemid="475897" id="root" date="1997-03-30" xml:lang="en">
<title>INDIA: Four injured in Indian Kashmir grenade attack.</title>
<headline>Four injured in Indian Kashmir grenade attack.</headline>
<dateline>SRINAGAR, India 1997-03-30</dateline>
<text>
<p>At least four people were injured on Sunday in a grenade attack in a busy marketplace in troubled Kashmir's biggest city, police said.</p>
<p>They said four civilians were injured when suspected separatist guerrillas lobbed a grenade at a security patrol in the crowded Amira Kadal market in the heart of Srinagar, the summer capital of India's Jammu and Kashmir state. The grenade missed the patrol and exploded on the road.  </p>
<p>Suspected separatist guerrillas hurled another grenade at a paramilitary patrol at Nowhatta, a downtown locality of Srinagar which exploded without any loss of life, police said.</p>
<p>Earlier on Sunday nine policemen were wounded when a device tied to the body of a slain Moslem militant exploded by accident, police said.</p>
<p>The latest violence in the disputed Himalayan territory coincided with talks between Indian and Pakistani diplomats in New Delhi, the first such formal discussions for three years.</p>
<p>On Saturday, a car bomb blew up in a crowded bus station in Jammu, the state's winter capital, killing 16 people and wounding about 70, police and hospital doctors said.</p>
</text>
<copyright>(c) Reuters Limited 1997</copyright>
<metadata>
<codes class="bip:countries:1.0">
  <code code="INDIA">
    <editdetail attribution="Reuters BIP Coding Group" action="confirmed" date="1997-03-30"/>
  </code>
</codes>
<codes class="bip:topics:1.0">
  <code code="GCAT">
    <editdetail attribution="Reuters BIP Coding Group" action="confirmed" date="1997-03-30"/>
  </code>
  <code code="GVIO">
    <editdetail attribution="Reuters BIP Coding Group" action="confirmed" date="1997-03-30"/>
  </code>
</codes>
<dc element="dc.date.created" value="1997-03-30"/>
<dc element="dc.publisher" value="Reuters Holdings Plc"/>
<dc element="dc.date.published" value="1997-03-30"/>
<dc element="dc.source" value="Reuters"/>
<dc element="dc.creator.location" value="SRINAGAR, India"/>
<dc element="dc.creator.location.country.name" value="INDIA"/>
<dc element="dc.source" value="Reuters"/>
</metadata>
</newsitem>
