<?xml version="1.0" encoding="iso-8859-1" ?>
<newsitem itemid="475840" id="root" date="1997-03-30" xml:lang="en">
<title>USA: Tourists hurt in fierce storm at U.S. space center.</title>
<headline>Tourists hurt in fierce storm at U.S. space center.</headline>
<dateline>CAPE CANAVERAL, Fla 1997-03-29</dateline>
<text>
<p>A fierce storm whipped through NASA's Kennedy Space Centre on Saturday, injuring about 40 tourists and causing minor damage to the launch site, a NASA spokesman said.</p>
<p>Winds gusting up to 52 miles per hour (84 kph) hurled rocks and debris against three double decker tourist buses, shattering windows and showering glass on the occupants, NASA spokesman Joel Wells said. The buses were damaged as they passed close to the space shuttle's 512-foot (156 metre) tall assembly building.</p>
<p>About 40 people, suffering mainly from lacerations caused by flying glass, were treated at a makeshift triage station in the shuttle's launch control centre and at a space centre clinic. Of those, 26 were taken to three local hospitals for further treatment. All were later released.</p>
<p>The freak storm hit the Florida spaceport with little warning shortly before 3 p.m. EST (2000 GMT).</p>
<p>&quot;It was basically a weather assault,&quot; Wells said. &quot;One minute it was a nice day, the next, wind, hail, rain and lightning.&quot;</p>
<p>Damage to the launch facilities was minor. A mobile office was tossed into a canal, a door on the shuttle assembly building buckled, and bleachers where space centre employees watch launches were left mangled.</p>
<p>The space shuttle Columbia, being prepared for a Thursday blastoff, emerged from the brief storm unscathed. Most of the shuttle orbiter was shielded from the weather by its launch tower, but much of its fuel tank was exposed to the elements.</p>
<p>Public tours, operated for NASA by Delaware North Park Services, were briefly suspended. The visitor centre at the Florida launch site attracts about three million tourists annually.</p>
</text>
<copyright>(c) Reuters Limited 1997</copyright>
<metadata>
<codes class="bip:countries:1.0">
  <code code="USA">
    <editdetail attribution="Reuters BIP Coding Group" action="confirmed" date="1997-03-30"/>
  </code>
</codes>
<codes class="bip:topics:1.0">
  <code code="GCAT">
    <editdetail attribution="Reuters BIP Coding Group" action="confirmed" date="1997-03-30"/>
  </code>
  <code code="GDIS">
    <editdetail attribution="Reuters BIP Coding Group" action="confirmed" date="1997-03-30"/>
  </code>
</codes>
<dc element="dc.date.created" value="1997-03-29"/>
<dc element="dc.publisher" value="Reuters Holdings Plc"/>
<dc element="dc.date.published" value="1997-03-30"/>
<dc element="dc.source" value="Reuters"/>
<dc element="dc.creator.location" value="CAPE CANAVERAL, Fla"/>
<dc element="dc.creator.location.country.name" value="USA"/>
<dc element="dc.source" value="Reuters"/>
</metadata>
</newsitem>
