<?xml version="1.0" encoding="iso-8859-1" ?>
<newsitem itemid="475858" id="root" date="1997-03-30" xml:lang="en">
<title>FRANCE: Algerian sea company makes $7.46 million profit.</title>
<headline>Algerian sea company makes $7.46 million profit.</headline>
<dateline>PARIS 1997-03-30</dateline>
<text>
<p>Algeria's National Maritime Passenger Transport Company made a net profit of 418 million dinars ($7.46 million) in 1995, the official Algerian news agency APS said on Sunday.</p>
<p>It gave no comparative figures but said the profit was realised on a turnover of 7.02 billion dinars.</p>
<p>APS added that 6.17 million dinars would be distributed to workers and 398 million dinars to meet previous deficits of the company whose capital was 15 million dinars.</p>
<p>($1 = 56 dinars)</p>
</text>
<copyright>(c) Reuters Limited 1997</copyright>
<metadata>
<codes class="bip:countries:1.0">
  <code code="ALG">
    <editdetail attribution="Reuters BIP Coding Group" action="confirmed" date="1997-03-30"/>
  </code>
</codes>
<codes class="bip:industries:1.0">
  <code code="I74000">
    <editdetail attribution="Reuters BIP Coding Group" action="confirmed" date="1997-03-30"/>
  </code>
</codes>
<codes class="bip:topics:1.0">
  <code code="C15">
    <editdetail attribution="Reuters BIP Coding Group" action="confirmed" date="1997-03-30"/>
  </code>
  <code code="C151">
    <editdetail attribution="Reuters BIP Coding Group" action="confirmed" date="1997-03-30"/>
  </code>
  <code code="C1511">
    <editdetail attribution="Reuters BIP Coding Group" action="confirmed" date="1997-03-30"/>
  </code>
  <code code="CCAT">
    <editdetail attribution="Reuters BIP Coding Group" action="confirmed" date="1997-03-30"/>
  </code>
</codes>
<dc element="dc.date.created" value="1997-03-30"/>
<dc element="dc.publisher" value="Reuters Holdings Plc"/>
<dc element="dc.date.published" value="1997-03-30"/>
<dc element="dc.source" value="Reuters"/>
<dc element="dc.creator.location" value="PARIS"/>
<dc element="dc.creator.location.country.name" value="FRANCE"/>
<dc element="dc.source" value="Reuters"/>
</metadata>
</newsitem>
