<?xml version="1.0" encoding="iso-8859-1" ?>
<newsitem itemid="475875" id="root" date="1997-03-30" xml:lang="en">
<title>INDIA: Indian political crisis clouds talks with Pakistan.</title>
<headline>Indian political crisis clouds talks with Pakistan.</headline>
<byline>Alistair Lyon</byline>
<dateline>NEW DELHI 1997-03-30</dateline>
<text>
<p>Indian and Pakistani diplomats held a third day of talks on Sunday, but a political crisis in New Delhi cast doubt on the future of the dialogue.</p>
<p>Sitaram Kesri, the leader of India's Congress party, said it had withdrawn support for Prime Minister H.D. Deve Gowda's nine-month-old minority coalition government -- though there was no sign that the move was connected with the Pakistan talks.</p>
<p>It was not immediately clear if the Congress decision would lead to new elections or an immediate change of government.</p>
<p>Either way, the political upheaval added a new complication to the renewal of a fragile dialogue between India and Pakistan, long at bitter odds over the Himalayan region of Kashmir.</p>
<p>Officials said Pakistan's foreign secretary Shamshad Ahmad and his Indian counterpart Salman Haidar met in New Delhi for the first of Sunday's two scheduled sessions.</p>
<p>The meeting went ahead despite renewed violence in the Indian state of Jammu and Kashmir.</p>
<p>A car bomb blast in the state's winter capital Jammu killed 16 people and wounded about 70 on Saturday. Farooq Abdullah, the chief minister of Jammu and Kashmir, blamed Pakistan.</p>
<p>&quot;This dastardly act was sponsored by Pakistan's ISI (Inter-Services Intelligence) and its agents with the intention of dividing the people on communal lines,&quot; he said.</p>
<p>&quot;The ISI doesn't want normalisation of relations between India and Pakistan and is...trying to create trouble in a bid to divide communities to further its ends,&quot; his statement added.</p>
<p>Jammu, winter capital of India's Moslem-majority state of Jammu and Kashmir, is populated mainly by Hindus.</p>
<p>No one has claimed responsibility for the attack and there has been no comment from Pakistan on Abdullah's allegation.</p>
<p>Nine policemen were wounded on Sunday when a device tied to the body of a slain guerrilla exploded at a police station in Kupwara, near the India-Pakistan border 87 km (55 miles) north of Srinagar, the state's summer capital, police said.</p>
<p>The India-Pakistan talks, reviving a dialogue that collapsed in January 1994 over Kashmir, have been shrouded in secrecy, with participants saying very little about their progress.</p>
<p>Pakistani spokesman Khalid Saleem said the two sides had discussed &quot;all substantive issues&quot; on Saturday, including the thorny issue of Kashmir, over which India and Pakistan have fought two of their three wars since independence in 1947.</p>
<p>Pakistan, which advocates a plebiscite in Kashmir to let its people choose whether to join India or Pakistan, wants &quot;some progress&quot; on the dispute before other issues can be tackled.</p>
<p>India says its sovereignty over Kashmir is not negotiable and has proposed putting the decades-old quarrel on the back burner. It would like agreements on promoting trade and economic cooperation and other confidence-building measures.</p>
<p>The main Kashmiri separatist leader said after meeting Ahmad on Saturday evening that the talks seemed unlikely to succeed.</p>
<p>Mirwaiz Omar Farooq, chairman of the All Parties Hurriyat (freedom) Conference, told Reuters he had protested to the Pakistanis about what he said was Islamabad's failure to consult Kashmiris before renewing the dialogue with India.</p>
<p>&quot;We said this is not the right time,&quot; Farooq said. India should first have showed its sincerity by reducing violence in the mainly Moslem Kashmir Valley. &quot;This did not happen.&quot;</p>
<p>Farooq said Indian assertions that Kashmir was a closed chapter indicated that Delhi was &quot;posturing&quot;.</p>
<p>He said the Pakistani delegation did not expect the talks to produce any breakthrough on the disputed territory.</p>
<p>&quot;It is obvious that India is not ready to budge an inch from their stand on Kashmir,&quot; he declared.</p>
</text>
<copyright>(c) Reuters Limited 1997</copyright>
<metadata>
<codes class="bip:countries:1.0">
  <code code="INDIA">
    <editdetail attribution="Reuters BIP Coding Group" action="confirmed" date="1997-03-30"/>
  </code>
  <code code="PAKIS">
    <editdetail attribution="Reuters BIP Coding Group" action="confirmed" date="1997-03-30"/>
  </code>
</codes>
<codes class="bip:topics:1.0">
  <code code="GCAT">
    <editdetail attribution="Reuters BIP Coding Group" action="confirmed" date="1997-03-30"/>
  </code>
  <code code="GDIP">
    <editdetail attribution="Reuters BIP Coding Group" action="confirmed" date="1997-03-30"/>
  </code>
  <code code="GPOL">
    <editdetail attribution="Reuters BIP Coding Group" action="confirmed" date="1997-03-30"/>
  </code>
</codes>
<dc element="dc.date.created" value="1997-03-30"/>
<dc element="dc.publisher" value="Reuters Holdings Plc"/>
<dc element="dc.date.published" value="1997-03-30"/>
<dc element="dc.source" value="Reuters"/>
<dc element="dc.creator.location" value="NEW DELHI"/>
<dc element="dc.creator.location.country.name" value="INDIA"/>
<dc element="dc.source" value="Reuters"/>
</metadata>
</newsitem>
