<?xml version="1.0" encoding="iso-8859-1" ?>
<newsitem itemid="475892" id="root" date="1997-03-30" xml:lang="en">
<title>INDIA: Indian shares fall in kerb deals on Congress news.</title>
<headline>Indian shares fall in kerb deals on Congress news.</headline>
<dateline>BOMBAY 1997-03-30</dateline>
<text>
<p>Indian shares fell sharply in off-market kerb deals across the country on Sunday as speculators sold on news that the Congress Party had withdrawn support to the ruling coalition and staked a claim to form the government, brokers said.</p>
<p>In Bombay, shares of Reliance Industries -- India's largest private firm -- plunged 11 rupees, or 3.8 percent, to 274.</p>
<p>Reliance was trading 20 rupees, or 6.8 percent lower at 274 in Calcutta and 16.75 rupees, or 5.8 percent, down in Delhi.  </p>
<p>Leading commercial bank State Bank of India (SBI) dropped to 290 rupees from its last official close of 303 rupees on the Bombay Stock Exchange (BSE) on Friday.</p>
<p>SBI shares were trading 22.50 rupees lower at 290 in Calcutta and 18.10 rupees lower at 285 in Delhi.</p>
<p>&quot;Volumes are low in Calcutta as most brokers had squared up their positions in A group stocks ahead of those shares going online on April 4,&quot; said a broker at Lohia Securities in Calcutta.</p>
<p>Traders said panicky speculators were cutting long positions as they expected markets to fall sharply on Monday.</p>
<p>&quot;Panic has set in due to the fears that the coalition government of Prime Minister H.D. Deve Gowda might collapse following withdrawal of support by the Congress party,&quot; said Manoj Choraria of brokers Choraria Associates.</p>
<p>Prime Minister H.D. Deve Gowda's minority United Front alliance controls some 178 deputies in the 545-member Lok Sabha, or lower house. The Congress has 142 deputies.</p>
<p>Congress officials said the withdrawal decision followed &quot;attempts by the United Front&quot; to split the Congress party in the key northern state of Uttar Pradesh.</p>
<p>&quot;Uncertainty over the budget which has yet to be passed mainly concerned the marketmen and triggered panic selling,&quot; said S.C Juneja of brokers Jaico Credit.</p>
<p>In the budget for 1997/98 (April-March), Finance Minister P. Chidambaram announced sweeping cuts in corporate and personal taxes. Parliament had been expected to pass the proposed budget after reconvening in the second half of April.</p>
<p>-- Priya Ramani, Bombay newsroom +91-22-265 9000</p>
</text>
<copyright>(c) Reuters Limited 1997</copyright>
<metadata>
<codes class="bip:countries:1.0">
  <code code="INDIA">
    <editdetail attribution="Reuters BIP Coding Group" action="confirmed" date="1997-03-30"/>
  </code>
</codes>
<codes class="bip:topics:1.0">
  <code code="M11">
    <editdetail attribution="Reuters BIP Coding Group" action="confirmed" date="1997-03-30"/>
  </code>
  <code code="MCAT">
    <editdetail attribution="Reuters BIP Coding Group" action="confirmed" date="1997-03-30"/>
  </code>
</codes>
<dc element="dc.date.created" value="1997-03-30"/>
<dc element="dc.publisher" value="Reuters Holdings Plc"/>
<dc element="dc.date.published" value="1997-03-30"/>
<dc element="dc.source" value="Reuters"/>
<dc element="dc.creator.location" value="BOMBAY"/>
<dc element="dc.creator.location.country.name" value="INDIA"/>
<dc element="dc.source" value="Reuters"/>
</metadata>
</newsitem>
