<?xml version="1.0" encoding="iso-8859-1" ?>
<newsitem itemid="475821" id="root" date="1997-03-30" xml:lang="en">
<title>USA: U.S. condemns Cambodian attack.</title>
<headline>U.S. condemns Cambodian attack.</headline>
<dateline>WASHINGTON 1997-03-30</dateline>
<text>
<p>The State Department on Sunday condemned a violent attack on an opposition demonstration in Cambodia that killed at least 12 people.</p>
<p>&quot;The U.S. condemns this act of violence and we call on the government of Cambodia to take necessary steps to bring to justice those responsible for this unacceptable attack,&quot; acting spokesman John Dinger said in a statement.</p>
<p>&quot;A lawful peaceful demonstration of the Khmer Nation Party led by Sam Rainsy on March 30 was disrupted when explosives were thrown into the crowd of demonstrators resulting in at least 12 deaths, and injuring over 100,&quot; he said.</p>
<p>Reports from Cambodia said an American, Ron Abney, 55, of Cochran, Georgia, who works for International Republican Institute, was wounded in the thigh. A State Department spokeswoman said she had no information on that report.</p>
<p>In Phnom Penh, police said four grenades ripped through the crowd of 150-200 demonstrators outside the Cambodian National Assembly during an opposition protest against the judiciary.</p>
<p>Rainsy, leader of the officially unrecognized Khmer Nation Party (KNP), narrowly escaped injury. He was fired from his position as finance minister in late 1994 for his criticism of the government and expelled from parliament a year later, and he became an opposition figure.</p>
</text>
<copyright>(c) Reuters Limited 1997</copyright>
<metadata>
<codes class="bip:countries:1.0">
  <code code="KAMPA">
    <editdetail attribution="Reuters BIP Coding Group" action="confirmed" date="1997-03-30"/>
  </code>
  <code code="USA">
    <editdetail attribution="Reuters BIP Coding Group" action="confirmed" date="1997-03-30"/>
  </code>
</codes>
<codes class="bip:topics:1.0">
  <code code="GCAT">
    <editdetail attribution="Reuters BIP Coding Group" action="confirmed" date="1997-03-30"/>
  </code>
  <code code="GDIP">
    <editdetail attribution="Reuters BIP Coding Group" action="confirmed" date="1997-03-30"/>
  </code>
  <code code="GVIO">
    <editdetail attribution="Reuters BIP Coding Group" action="confirmed" date="1997-03-30"/>
  </code>
</codes>
<dc element="dc.date.created" value="1997-03-30"/>
<dc element="dc.publisher" value="Reuters Holdings Plc"/>
<dc element="dc.date.published" value="1997-03-30"/>
<dc element="dc.source" value="Reuters"/>
<dc element="dc.creator.location" value="WASHINGTON"/>
<dc element="dc.creator.location.country.name" value="USA"/>
<dc element="dc.source" value="Reuters"/>
</metadata>
</newsitem>
