<?xml version="1.0" encoding="iso-8859-1" ?>
<newsitem itemid="475806" id="root" date="1997-03-30" xml:lang="en">
<title>ISRAEL: Israel Corp buys 17 pct of Israel Chem.</title>
<headline>Israel Corp buys 17 pct of Israel Chem.</headline>
<dateline>JERUSALEM 1997-03-30</dateline>
<text>
<p>The Israel Corp on Sunday exercised its option to purchase an additional 17 percent stake in Israel Chemicals from the government, paying 667 million shekels in cash at a ceremony held at the Treasury.  </p>
<p>The purchase brings Israel Corp's total stake in Israel Chemicals to 41.9 percent. The government still holds 31.5 percent of the chemical holding company while 25 percent is traded on the bourse. The remaining shares are held in trust for the company's employees.</p>
<p>The purchase price, based on the share price over the previous 90 days, values Israel Chemicals at 3.9 billion shekels.</p>
<p>The ceremony took place just three days after the death of the billionaire chairman of the Israel Corp, Shoul Eisenberg, who suffered a heart attack last Thursday in Beijing. He is to be buried in Israel later on Sunday.</p>
<p>Eisenberg's son-in-law Yigal Diamant is president and CEO of Israel Chemicals while his son Erwin Eisenberg is president and CEO of the Israel Corp, one of the major investment companies operating in Israel.</p>
<p>The Treasury said the ceremony was held so soon after Eisenbeg's death because Sunday was the last day that the Israel Corp could exercise its option.</p>
<p>($1 = 3.37 shekels)</p>
<p>-Jerusalem newsroom, 972-3-537-0502</p>
</text>
<copyright>(c) Reuters Limited 1997</copyright>
<metadata>
<codes class="bip:countries:1.0">
  <code code="ISRAEL">
    <editdetail attribution="Reuters BIP Coding Group" action="confirmed" date="1997-03-30"/>
  </code>
</codes>
<codes class="bip:industries:1.0">
  <code code="I25000">
    <editdetail attribution="Reuters BIP Coding Group" action="confirmed" date="1997-03-30"/>
  </code>
  <code code="I83960">
    <editdetail attribution="Reuters BIP Coding Group" action="confirmed" date="1997-03-30"/>
  </code>
</codes>
<codes class="bip:topics:1.0">
  <code code="C18">
    <editdetail attribution="Reuters BIP Coding Group" action="confirmed" date="1997-03-30"/>
  </code>
  <code code="C181">
    <editdetail attribution="Reuters BIP Coding Group" action="confirmed" date="1997-03-30"/>
  </code>
  <code code="CCAT">
    <editdetail attribution="Reuters BIP Coding Group" action="confirmed" date="1997-03-30"/>
  </code>
</codes>
<dc element="dc.date.created" value="1997-03-30"/>
<dc element="dc.publisher" value="Reuters Holdings Plc"/>
<dc element="dc.date.published" value="1997-03-30"/>
<dc element="dc.source" value="Reuters"/>
<dc element="dc.creator.location" value="JERUSALEM"/>
<dc element="dc.creator.location.country.name" value="ISRAEL"/>
<dc element="dc.source" value="Reuters"/>
</metadata>
</newsitem>
