<?xml version="1.0" encoding="iso-8859-1" ?>
<newsitem itemid="475887" id="root" date="1997-03-30" xml:lang="en">
<title>BANGLADESH: Bangladesh ruling party, opposition lock horns.</title>
<headline>Bangladesh ruling party, opposition lock horns.</headline>
<byline>Anis Ahmed</byline>
<dateline>DHAKA 1997-03-30</dateline>
<text>
<p>Bangladesh on Sunday marked the first anniversary of the downfall of the previous government, with the opposition accusing the current administration of corruption.</p>
<p>The main opposition Bangladesh Nationalist Party (BNP) of former prime minister Begum Khaleda Zia said it would announce plans on Monday to force the the &quot;corrupt, inefficient and terrorist&quot; government from power.</p>
<p>The Awami League of Prime Minister Sheikh Hasina said the BNP was taking a &quot;destructive line&quot; because it was unable to face opponents politically.</p>
<p>Independent analysts said it was now clear that the country's two largest parties were heading for a show of strength.</p>
<p>&quot;Should that happen, the first victims would be the innocent people and the country's nsacent economy,&quot; one analyst said.</p>
<p>The BNP referred to Saturday's killing of a party worker in southeastern Feni town during a fight with Awami activists as &quot;one of hundreds of such incidents that exposed the government's terrorist character@.</p>
<p>&quot;The time has come for us to react aptly and stop them (Awami league) before it is too late,&quot; one BNP leader told Reuters. &quot;We are promising the government a tough time ahead,&quot; said the leader who declined to be identified.</p>
<p>The BNP organised a countrywide strike on March 23, the first since Hasina took office last June, in which two people were killed and over 200 injured.</p>
<p>Khaleda, the country's first woman prime minister, resigned on March 30, 1996, during a stormy opposition campaign, that paved way for the June election under a neutral caretaker government.</p>
<p>Led by the then opposition Awami League, the campaign featured a series of violent general strikes and other protests which were backed by the country's powerful bureaucracy.</p>
<p>Hasina and Khaleda, both of whom sailed into politics by using the mantle of their late relatives, have since hardly smiled at each other.</p>
<p>Hasina's father Sheikh Mujibur Rahman, the country's independence leader, was killed in a 1975 army coup with most of his family.</p>
<p>Khaleda's husband former president general Ziaur Rahman was gunned down in another mutiny in 1981.</p>
<p>&quot;On this day a year ago the people...installed democratic government under leadership of Sheikh Hasina. Let us renew our pledge today not to allow any undemocratic and anti-people force to take over again,&quot; Foreign Minister Abdus Samad Azad told a meeting of Awami League in Dhaka on Sunday.</p>
<p>Water Resources Minister Abdur Razzak said: &quot;A conspiracy is being hatched to negate the successes of Sheikh Hasina's government. This has to be resisted and democracy preserved.&quot;</p>
<p>The BNP has opposed all plans of Hasina, including the recent signing of the Ganges water sharing treaty with India.</p>
<p>It has decried the government's plans to give India a land transit through Bangladesh to reach its northeastern states and buy electricity from India to overcome domestic shortfall.</p>
<p>Khaleda called for mass resistence against Hasina. The BNP has already mustered support in its campaign from several small but militant parties, including those headed by Islamic fundamentalists.</p>
</text>
<copyright>(c) Reuters Limited 1997</copyright>
<metadata>
<codes class="bip:countries:1.0">
  <code code="BANDH">
    <editdetail attribution="Reuters BIP Coding Group" action="confirmed" date="1997-03-30"/>
  </code>
</codes>
<codes class="bip:topics:1.0">
  <code code="GCAT">
    <editdetail attribution="Reuters BIP Coding Group" action="confirmed" date="1997-03-30"/>
  </code>
  <code code="GPOL">
    <editdetail attribution="Reuters BIP Coding Group" action="confirmed" date="1997-03-30"/>
  </code>
</codes>
<dc element="dc.date.created" value="1997-03-30"/>
<dc element="dc.publisher" value="Reuters Holdings Plc"/>
<dc element="dc.date.published" value="1997-03-30"/>
<dc element="dc.source" value="Reuters"/>
<dc element="dc.creator.location" value="DHAKA"/>
<dc element="dc.creator.location.country.name" value="BANGLADESH"/>
<dc element="dc.source" value="Reuters"/>
</metadata>
</newsitem>
