<?xml version="1.0" encoding="iso-8859-1" ?>
<newsitem itemid="475828" id="root" date="1997-03-30" xml:lang="en">
<title>USA: Netanyahu says &quot;terrorism&quot; ends peace process.</title>
<headline>Netanyahu says &quot;terrorism&quot; ends peace process.</headline>
<dateline>WASHINGTON 1997-03-30</dateline>
<text>
<p>Israeli Prime Minister Benjamin Netanyahu said on Sunday that Arab-Israeli peace talks have come to a halt because of &quot;terrorism&quot; that Palestinian leader Yasser Arafat could stop.</p>
<p>&quot;I think we have had here a virtual collapse of the peace process,&quot; Netanyahu said on CBS television's &quot;Face the Nation&quot; programme. &quot;What we have found here, though, is that the Palestinian side has unleashed terrorism as a weapon of negotiation. We want to see the peace process continue without the threat of terrorism.&quot;</p>
<p>Asked if he felt Arafat was in control, Netanyahu replied: &quot;I think he is able to control and quell all violence.&quot;</p>
<p>He added: &quot;We are not sure at this point that all the terrorists have been curbed. They should jail them ... make sure that they cannot act.&quot;</p>
<p>Netanyahu said he doubted Arab nations would cut ties to Israel because of continuing street battles between Israeli soldiers and Palestinians demonstrating against Israel's decision to start building new homes for Jews in historically Arab East Jerusalem.</p>
<p>&quot;I would urge the Arab countries to think of their larger interests, their longer interests, as I urge the Palestinians for the necessity of peace,&quot; he said. &quot;I don't think they would do it, and if they did it would cost them as much as it costs us,&quot; he added about speculation that Arab governments would rebuke Israel by severing relations.</p>
<p>Sunday was the 11th day of unrest sparked by Israel's breaking ground for the new Jewish homes. Israel has demanded a crackdown on the demonstrations by the Palestinian Authority headed by Arafat, who pledged to do his best to curb violence.</p>
<p>The killing of a Palestinian by Israeli troops on Saturday raised tensions for Land Day, an annual day of protests by Arabs. Some 850,000 Arabs live in the Jewish state, and the community annually commemorates the killing by Israeli forces of six Arabs during land demonstrations in 1976.</p>
<p>At an Arab foreign ministers meeting in Cairo, Arafat urged them to press on with plans for a special &quot;uniting for peace&quot; U.N. General Assembly session to bypass U.S. vetoes of Security Council resolutions critical of Israel.</p>
<p>He said Israel had declared war on the Palestinian people by surrounding Palestinian areas with tanks in response to protesting Palestinians throwing stones.</p>
</text>
<copyright>(c) Reuters Limited 1997</copyright>
<metadata>
<codes class="bip:countries:1.0">
  <code code="ISRAEL">
    <editdetail attribution="Reuters BIP Coding Group" action="confirmed" date="1997-03-30"/>
  </code>
  <code code="USA">
    <editdetail attribution="Reuters BIP Coding Group" action="confirmed" date="1997-03-30"/>
  </code>
</codes>
<codes class="bip:topics:1.0">
  <code code="GCAT">
    <editdetail attribution="Reuters BIP Coding Group" action="confirmed" date="1997-03-30"/>
  </code>
  <code code="GPOL">
    <editdetail attribution="Reuters BIP Coding Group" action="confirmed" date="1997-03-30"/>
  </code>
  <code code="GVIO">
    <editdetail attribution="Reuters BIP Coding Group" action="confirmed" date="1997-03-30"/>
  </code>
</codes>
<dc element="dc.date.created" value="1997-03-30"/>
<dc element="dc.publisher" value="Reuters Holdings Plc"/>
<dc element="dc.date.published" value="1997-03-30"/>
<dc element="dc.source" value="Reuters"/>
<dc element="dc.creator.location" value="WASHINGTON"/>
<dc element="dc.creator.location.country.name" value="USA"/>
<dc element="dc.source" value="Reuters"/>
</metadata>
</newsitem>
