<?xml version="1.0" encoding="iso-8859-1" ?>
<newsitem itemid="475877" id="root" date="1997-03-30" xml:lang="en">
<title>BANGLADESH: PRESS DIGEST - Bangladesh Newspapers - March 30.</title>
<headline>PRESS DIGEST - Bangladesh Newspapers - March 30.</headline>
<text>
<p>These are some of the leading stories in the Bangladesh press on Sunday. Reuters has not verified these stories and does not vouch for their accuracy.</p>
<p>---</p>
<p>THE DAILY STAR</p>
<p>Opposition Bangladesh Nationalist Party (BNP) will announce a fresh anti-government agitation programme on Monday.</p>
<p>Prime Minister Sheikh Hasina on Saturday ordered immediate constitution of a task force to improve the management of the eight education boards.</p>
<p>---</p>
<p>THE INDEPENDENT</p>
<p>Five commercial banks, two insurance companies and a leasing company have been granted permission to operate as merchant bank, in addition to their normal businesses.</p>
<p>The visiting Chinese vice-premier Lou Gan on Saturday said that his country would extend all-out assistance for the economic development of Bangladesh.</p>
<p>---</p>
<p>BANGLADESH OBSERVER</p>
<p>Some 420 tribals returned home on Saturday from refugee camps in the Indian state of Tripura on the second day of repatriation.</p>
<p>China will provide Bangladesh 30 million Yuan ($3.6 million) in soft loan to Bangladesh.</p>
<p>---</p>
<p>FINANCIAL EXPRESS</p>
<p>Commerce Minister Tofael Ahmed on Saturday said the government had taken measures to raise export earnings by exploring new markets.</p>
<p>A fresh policy is expected soon on the distribution of government's own land to landless farmers.</p>
</text>
<copyright>(c) Reuters Limited 1997</copyright>
<metadata>
<codes class="bip:countries:1.0">
  <code code="BANDH">
    <editdetail attribution="Reuters BIP Coding Group" action="confirmed" date="1997-03-30"/>
  </code>
</codes>
<codes class="bip:topics:1.0">
  <code code="GCAT">
    <editdetail attribution="Reuters BIP Coding Group" action="confirmed" date="1997-03-30"/>
  </code>
</codes>
<dc element="dc.publisher" value="Reuters Holdings Plc"/>
<dc element="dc.date.published" value="1997-03-30"/>
<dc element="dc.source" value="Reuters"/>
<dc element="dc.creator.location.country.name" value="BANGLADESH"/>
<dc element="dc.source" value="Reuters"/>
</metadata>
</newsitem>
