<?xml version="1.0" encoding="iso-8859-1" ?>
<newsitem itemid="475888" id="root" date="1997-03-30" xml:lang="en">
<title>AFGHANISTAN: Little hope for Afghan peace talks.</title>
<headline>Little hope for Afghan peace talks.</headline>
<byline>Tim Johnston</byline>
<dateline>KABUL 1997-03-30</dateline>
<text>
<p>Attempts by the United Nations to persuade the warring factions in Afghanistan to settle their differences through negotiations suffered another setback on Saturday when the Taleban told the U.N. that they wanted the issue of an exchange of prisoners of war to be settled before talks start.</p>
<p>This is just the latest holdup in the long-running but so far ineffectual attempts of the U.N. and other international bodies to stop the internecine war that engulfed Afghanistan after the communist regime was deposed in 1992.</p>
<p>The history of attempts to bring the factions together is depressing. In 1993, an agreement to form a coalition government, signed in Mecca, Islam's holiest city, broke down after four days in a hail of rocket fire.</p>
<p>In 1995 the U.N. believed that it had an agreement in which the President would step down in favour of an interim government. That failed when the Taleban refused to be part of the agreement.</p>
<p>Since the Taleban took over Kabul last year, the U.N. has tried different approaches, with a similar lack of success.</p>
<p>It convened a meeting of countries that were believed to be able to exert an influence on the factions, but this produced little more than a statement that the participants believed that a military solution was not possible.</p>
<p>More recently the U.N. has convened &quot;technical level discussions&quot; between representatives of the belligerents in the Pakistani capital Islamabad.</p>
<p>They have produced little of substance. The Taleban demand for an exchange of prisoners of war was in response to a U.N. invitation to attend further discussions.</p>
<p>The numerous meetings that have taken place over the years between the antagonists have been marked by mistrust and unrealistic demands, and finally rendered meaningless by the rapidly changing military situation on the ground in Afghanistan.</p>
<p>While all the factions pay lip-service to their interest in a negotiated solution, at least one analyst in Kabul believes that talks are doomed to failure.</p>
<p>&quot;The parties use talks as another tactic to forward their military ends. After all this time without any progress, it is difficult to believe that the leaders are really interested in a compromise solution.&quot; said the analyst, who wished to remain anonymous.</p>
<p>He says that in the past the parties have used the military hiatus that takes place during talks to rearm and redeploy their forces. &quot;When one of the parties felt weak on the battlefield, it offered talks, but while the talks were going on it used the opportunity to reinforce its positions.</p>
<p>&quot;It has happened so often that no one belives that an offer of talks is anything more than an attempt to gain a breathing space and gain a degree of international acceptability by being seen to cooperate with the U.N.&quot; he said.</p>
<p>Mullah Mohammed Omar, the leader of the Taleban, was quoted by the BBC as saying earlier this month that they had lost faith in a negotiated solution and would fight to the finish.</p>
<p>The intractability of the parties to the conflict in Afghanistan has left the U.N. on the sidelines.</p>
<p>Dr. Norbert Holl, the U.N. special envoy to Afghanistan, maintains that a military solution to the Afghan conflict is not possible.</p>
<p>&quot;It is the position of the United Nations that a military solution to the Afghan problem is not possible. This is the clear policy of the United Nations whatever happens on the ground,&quot; said Holl on a recent visit to Kabul.</p>
<p>The Taleban are still elated by their capture of Kabul and firm in their belief that God and time are on their side. The opposition see no future for themselves in an Afghanistan run by the Taleban.</p>
<p>While these beliefs remain -- and there are few signs that they will change in the near future -- the prospects for a negotiated peace are remote.</p>
</text>
<copyright>(c) Reuters Limited 1997</copyright>
<metadata>
<codes class="bip:countries:1.0">
  <code code="AFGH">
    <editdetail attribution="Reuters BIP Coding Group" action="confirmed" date="1997-03-30"/>
  </code>
  <code code="UN">
    <editdetail attribution="Reuters BIP Coding Group" action="confirmed" date="1997-03-30"/>
  </code>
</codes>
<codes class="bip:topics:1.0">
  <code code="GCAT">
    <editdetail attribution="Reuters BIP Coding Group" action="confirmed" date="1997-03-30"/>
  </code>
  <code code="GVIO">
    <editdetail attribution="Reuters BIP Coding Group" action="confirmed" date="1997-03-30"/>
  </code>
</codes>
<dc element="dc.date.created" value="1997-03-30"/>
<dc element="dc.publisher" value="Reuters Holdings Plc"/>
<dc element="dc.date.published" value="1997-03-30"/>
<dc element="dc.source" value="Reuters"/>
<dc element="dc.creator.location" value="KABUL"/>
<dc element="dc.creator.location.country.name" value="AFGHANISTAN"/>
<dc element="dc.source" value="Reuters"/>
</metadata>
</newsitem>
