<?xml version="1.0" encoding="iso-8859-1" ?>
<newsitem itemid="475874" id="root" date="1997-03-30" xml:lang="en">
<title>INDIA: Blast in Indian Kashmir wounds nine police.</title>
<headline>Blast in Indian Kashmir wounds nine police.</headline>
<byline>Sheikh Mushtaq</byline>
<dateline>SRINAGAR, India 1997-03-30</dateline>
<text>
<p>Nine policemen were wounded on Sunday in India's troubled Jammu and Kashmir state when a device tied to the body of a slain Moslem militant exploded by accident, police said.</p>
<p>The latest violence in the disputed Himalayan territory coincided with talks between Indian and Pakistani diplomats in New Delhi, the first such formal discussions for three years.</p>
<p>Police in Kupwara, near the Pakistani border, 87 km (55 miles) north of the state's summer capital Srinagar, had been examining the body of a guerrilla killed in an overnight clash when the device, in a pouch tied to the body, went off.</p>
<p>&quot;Two of the injured are serious and we are shifting them to Srinagar military hospital,&quot; a police spokesman said. The blast inside Kupwara police station damaged the building, he added.</p>
<p>Kupwara, located in a sensitive border district, is a stronghold of Kashmiri separatist guerrillas.</p>
<p>On Saturday, a car bomb blew up in a crowded bus station in Jammu, the state's winter capital, killing 16 people and wounding about 70, police and hospital doctors said.</p>
<p>The last round of India-Pakistan talks collapsed in January 1994 over Kashmir, which is claimed by both countries.</p>
<p>At least a dozen militant groups are fighting Indian rule in Kashmir, where more than 20,000 people have been killed since the revolt began in 1990.</p>
<p>A police spokesman said violence had surged this month, with 192 people killed, including 90 militants and 12 members of the paramilitary security forces. There had been 17 explosions and 18 grenade attacks. He gave no figures for February.</p>
<p>Farooq Abdullah, chief minister of Jammu and Kashmir, has accused Pakistan of carrying out the car bomb attack in Jammu.</p>
<p>&quot;This dastardly act was sponsored by Pakistan's ISI (Inter-Services Intelligence) and its agents with the intention of dividing the people on communal lines,&quot; he said.</p>
<p>&quot;The ISI doesn't want normalisation of relations between India and Pakistan and is...trying to create trouble in a bid to divide communities to further its ends,&quot; his statement added.</p>
<p>Police said they had found a severed head and torso at the scene of Saturday's blast, bringing the death toll to 16.</p>
<p>Hospital doctor Rakesh Gaudutra told Reuters about 70 people injured in the blast had received treatment, of whom six were in critical condition. About 20 had been discharged.</p>
<p>A five-year-old boy with a bandaged thigh lay crying in pain. He was sharing a bed with his injured father.</p>
<p>The right-wing Hindu nationalist Bharatiya Janata Party called for a general strike in Jammu on Monday in protest at the bombing. Jammu, winter capital of India's Moslem-majority state of Jammu and Kashmir, is populated mainly by Hindus.</p>
<p>&quot;I was drinking tea and suddenly there was a big bang and I could see parts of human bodies hurtling through the air,&quot; said Bhushan Kumar Gupta, the owner of a petrol station next to the bus station. &quot;It was like an earthquake.&quot;</p>
<p>The bomb went off as several senior Jammu and Kashmir officials were driving along a street on the other side of the bus station towards a nearby stadium to attend a concert. Police said none of the officials were hurt. The concert went ahead.</p>
<p>Angry townsfolk set a government car on fire and damaged several others after the bombing, which wrecked several buses and shops, shattering windows up to 600 metres (yards) away.</p>
</text>
<copyright>(c) Reuters Limited 1997</copyright>
<metadata>
<codes class="bip:countries:1.0">
  <code code="INDIA">
    <editdetail attribution="Reuters BIP Coding Group" action="confirmed" date="1997-03-30"/>
  </code>
  <code code="PAKIS">
    <editdetail attribution="Reuters BIP Coding Group" action="confirmed" date="1997-03-30"/>
  </code>
</codes>
<codes class="bip:topics:1.0">
  <code code="GCAT">
    <editdetail attribution="Reuters BIP Coding Group" action="confirmed" date="1997-03-30"/>
  </code>
  <code code="GDIP">
    <editdetail attribution="Reuters BIP Coding Group" action="confirmed" date="1997-03-30"/>
  </code>
  <code code="GVIO">
    <editdetail attribution="Reuters BIP Coding Group" action="confirmed" date="1997-03-30"/>
  </code>
</codes>
<dc element="dc.date.created" value="1997-03-30"/>
<dc element="dc.publisher" value="Reuters Holdings Plc"/>
<dc element="dc.date.published" value="1997-03-30"/>
<dc element="dc.source" value="Reuters"/>
<dc element="dc.creator.location" value="SRINAGAR, India"/>
<dc element="dc.creator.location.country.name" value="INDIA"/>
<dc element="dc.source" value="Reuters"/>
</metadata>
</newsitem>
