<?xml version="1.0" encoding="iso-8859-1" ?>
<newsitem itemid="475841" id="root" date="1997-03-30" xml:lang="en">
<title>USA: Gore ends eight-day Asia trip.</title>
<headline>Gore ends eight-day Asia trip.</headline>
<dateline>WASHINGTON 1997-03-29</dateline>
<text>
<p>U.S. Vice President Al Gore returned to Washington late Saturday, ending an eight-day trip to Japan, China and South Korea that he said made &quot;tremendous progress&quot; in improving U.S.-Sino relations.</p>
<p>&quot;We made tremendous progress in lending forward momentum in our relations with China,&quot; Gore told reporters. &quot;It is obvious in the aftermath of the visit there that the Chinese feel as we do that we have new momentum.&quot;</p>
<p>Gore's five-day stop in China was the highest-level visit by a U.S. official since 1989, when Chinese troops crushed pro-democracy demonstrators around Beijing's Tiananmen Square.</p>
</text>
<copyright>(c) Reuters Limited 1997</copyright>
<metadata>
<codes class="bip:countries:1.0">
  <code code="CHINA">
    <editdetail attribution="Reuters BIP Coding Group" action="confirmed" date="1997-03-30"/>
  </code>
  <code code="JAP">
    <editdetail attribution="Reuters BIP Coding Group" action="confirmed" date="1997-03-30"/>
  </code>
  <code code="SKOREA">
    <editdetail attribution="Reuters BIP Coding Group" action="confirmed" date="1997-03-30"/>
  </code>
  <code code="USA">
    <editdetail attribution="Reuters BIP Coding Group" action="confirmed" date="1997-03-30"/>
  </code>
</codes>
<codes class="bip:topics:1.0">
  <code code="GCAT">
    <editdetail attribution="Reuters BIP Coding Group" action="confirmed" date="1997-03-30"/>
  </code>
  <code code="GDIP">
    <editdetail attribution="Reuters BIP Coding Group" action="confirmed" date="1997-03-30"/>
  </code>
</codes>
<dc element="dc.date.created" value="1997-03-29"/>
<dc element="dc.publisher" value="Reuters Holdings Plc"/>
<dc element="dc.date.published" value="1997-03-30"/>
<dc element="dc.source" value="Reuters"/>
<dc element="dc.creator.location" value="WASHINGTON"/>
<dc element="dc.creator.location.country.name" value="USA"/>
<dc element="dc.source" value="Reuters"/>
</metadata>
</newsitem>
