<?xml version="1.0" encoding="iso-8859-1" ?>
<newsitem itemid="475899" id="root" date="1997-03-30" xml:lang="en">
<title>INDIA: Congress party says it may review Indian budget.</title>
<headline>Congress party says it may review Indian budget.</headline>
<dateline>NEW DELHI 1997-03-30</dateline>
<text>
<p>India's Congress party said on Sunday it might amend some of the budget proposals of Prime Minister H.D. Deve Gowda's government in case the Congress succeeded in its bid to head a new coalition.</p>
<p>Congress general secretary Ghulam Nabi Azad told Reuters: &quot;We will see what changes are needed and implement them.&quot;  </p>
<p>Former finance minister Manmohan Singh, a senior Congress leader, told Reuters a change in the government would not cause any crisis in the federal budget for fiscal 1997/98 (April-March) presented in parliament on February 28.</p>
<p>&quot;The vote on account has been passed. So we have four months to go before a budget becomes due,&quot; Singh said.</p>
<p>A vote on account is a temporary measure that authorises the government to borrow money from the treasury to meet its expenses. The budget has not yet been approved by parliament.</p>
<p>Singh said a change in government would not deter foreign investors, adding: &quot;They know there is a broad political consensus for economic reforms in India which cannot be altered.&quot;</p>
</text>
<copyright>(c) Reuters Limited 1997</copyright>
<metadata>
<codes class="bip:countries:1.0">
  <code code="INDIA">
    <editdetail attribution="Reuters BIP Coding Group" action="confirmed" date="1997-03-30"/>
  </code>
</codes>
<codes class="bip:topics:1.0">
  <code code="E21">
    <editdetail attribution="Reuters BIP Coding Group" action="confirmed" date="1997-03-30"/>
  </code>
  <code code="E211">
    <editdetail attribution="Reuters BIP Coding Group" action="confirmed" date="1997-03-30"/>
  </code>
  <code code="ECAT">
    <editdetail attribution="Reuters BIP Coding Group" action="confirmed" date="1997-03-30"/>
  </code>
  <code code="GCAT">
    <editdetail attribution="Reuters BIP Coding Group" action="confirmed" date="1997-03-30"/>
  </code>
  <code code="GPOL">
    <editdetail attribution="Reuters BIP Coding Group" action="confirmed" date="1997-03-30"/>
  </code>
</codes>
<dc element="dc.date.created" value="1997-03-30"/>
<dc element="dc.publisher" value="Reuters Holdings Plc"/>
<dc element="dc.date.published" value="1997-03-30"/>
<dc element="dc.source" value="Reuters"/>
<dc element="dc.creator.location" value="NEW DELHI"/>
<dc element="dc.creator.location.country.name" value="INDIA"/>
<dc element="dc.source" value="Reuters"/>
</metadata>
</newsitem>
