<?xml version="1.0" encoding="iso-8859-1" ?>
<newsitem itemid="475843" id="root" date="1997-03-30" xml:lang="en">
<title>USA: Tosco Corp, union reach pact on refineries.</title>
<headline>Tosco Corp, union reach pact on refineries.</headline>
<dateline>SAN FRANCISCO 1997-03-29</dateline>
<text>
<p>Tosco Corp and the Oil, Chemical and Atomic Workers Union (OCAW) said on Saturday they had reached an agreement on a new five-year labour contract for four California refineries.</p>
<p>Tosco is buying the four refineries from Unocal Corp along with other related facilities. Tosco said it expects to close the purchase at midnight on March 31.</p>
<p>The deal includes the Wilmington refinery, a nearby refinery in Carson, another in Rodeo east of San Francisco and one in Santa Maria, between Los Angeles and San Francisco.</p>
<p>Tosco's contract negotiations with the union had stalled last week, but company and union officials said on Monday that they had reached a tentative agreement.</p>
<p>On Saturday, Tosco and OCAW officials said union members at the four refineries had approved the contract.</p>
<p>&quot;The membership ratified the contract,&quot; Tosco spokeswoman Linda Saltzman said. &quot;Production has been and will continue uninterrupted.&quot;</p>
<p>Union officials, who had threatened to strike, welcomed the agreement.  </p>
<p>&quot;We're looking forward to getting beyond this,&quot; said Howard Spencer, president of OCAW Local 1-326, which represents union members at the Rodeo plant east of San Francisco. The OCAW represents about 900 workers at the four refineries. &quot;The contract was well accepted across the board.&quot;</p>
<p>However, Spencer said he and other union leaders were concerned about Tosco's plan to cut the workforce at the plants.</p>
<p>Tosco said it did not extend offers to an estimated 15 percent of the 1,400 Unocal employees at the four refineries and other facilities. Some of the workers accepted positions elsewhere within Unocal, others accepted severance packages or retired early, Saltzman said.</p>
<p>Details of the new contract were not immediately available.</p>
</text>
<copyright>(c) Reuters Limited 1997</copyright>
<metadata>
<codes class="bip:countries:1.0">
  <code code="USA">
    <editdetail attribution="Reuters BIP Coding Group" action="confirmed" date="1997-03-30"/>
  </code>
</codes>
<codes class="bip:industries:1.0">
  <code code="I13000">
    <editdetail attribution="Reuters BIP Coding Group" action="confirmed" date="1997-03-30"/>
  </code>
  <code code="I14000">
    <editdetail attribution="Reuters BIP Coding Group" action="confirmed" date="1997-03-30"/>
  </code>
</codes>
<codes class="bip:topics:1.0">
  <code code="C18">
    <editdetail attribution="Reuters BIP Coding Group" action="confirmed" date="1997-03-30"/>
  </code>
  <code code="C182">
    <editdetail attribution="Reuters BIP Coding Group" action="confirmed" date="1997-03-30"/>
  </code>
  <code code="C42">
    <editdetail attribution="Reuters BIP Coding Group" action="confirmed" date="1997-03-30"/>
  </code>
  <code code="CCAT">
    <editdetail attribution="Reuters BIP Coding Group" action="confirmed" date="1997-03-30"/>
  </code>
  <code code="E41">
    <editdetail attribution="Reuters BIP Coding Group" action="confirmed" date="1997-03-30"/>
  </code>
  <code code="ECAT">
    <editdetail attribution="Reuters BIP Coding Group" action="confirmed" date="1997-03-30"/>
  </code>
  <code code="GCAT">
    <editdetail attribution="Reuters BIP Coding Group" action="confirmed" date="1997-03-30"/>
  </code>
  <code code="GJOB">
    <editdetail attribution="Reuters BIP Coding Group" action="confirmed" date="1997-03-30"/>
  </code>
</codes>
<dc element="dc.date.created" value="1997-03-29"/>
<dc element="dc.publisher" value="Reuters Holdings Plc"/>
<dc element="dc.date.published" value="1997-03-30"/>
<dc element="dc.source" value="Reuters"/>
<dc element="dc.creator.location" value="SAN FRANCISCO"/>
<dc element="dc.creator.location.country.name" value="USA"/>
<dc element="dc.source" value="Reuters"/>
</metadata>
</newsitem>
