<?xml version="1.0" encoding="iso-8859-1" ?>
<newsitem itemid="475839" id="root" date="1997-03-30" xml:lang="en">
<title>USA: Truck plows into California restaurant, 12 hurt.</title>
<headline>Truck plows into California restaurant, 12 hurt.</headline>
<dateline>SAN FRANCISCO 1997-03-30</dateline>
<text>
<p>A pickup truck ploughed into a crowded restaurant in Pinole, Calif., injuring up to 12 people, some seriously, police said early Sunday.</p>
<p>The truck slammed into a Long John Silver restaurant in the city of Pinole, 15 miles northeast of San Francisco, at about 7:40 p.m. PST (10:40 p.m. EST) Saturday.</p>
<p>The truck broke through the restaurant's outer wall, hitting tables inside, Pinole police Sgt. Danny Hughes said.</p>
<p>No one was killed, but police said about a dozen people were injured, including two young children and the woman who was driving the truck.</p>
<p>&quot;It was very chaotic at first,&quot; Hughes said. &quot;There was a lot of debris scattered around.&quot;</p>
<p>The injured were taken to local hospitals, where several were being treated, Hughes said. One of the injured children was admitted for abdominal pains.</p>
<p>Witnesses told police that the truck &quot;appeared to be out of control&quot; just before it hit the restaurant, Hughes said.</p>
<p>Police said they had yet to determine whether the driver was intoxicated.</p>
</text>
<copyright>(c) Reuters Limited 1997</copyright>
<metadata>
<codes class="bip:countries:1.0">
  <code code="USA">
    <editdetail attribution="Reuters BIP Coding Group" action="confirmed" date="1997-03-30"/>
  </code>
</codes>
<codes class="bip:topics:1.0">
  <code code="GCAT">
    <editdetail attribution="Reuters BIP Coding Group" action="confirmed" date="1997-03-30"/>
  </code>
  <code code="GDIS">
    <editdetail attribution="Reuters BIP Coding Group" action="confirmed" date="1997-03-30"/>
  </code>
</codes>
<dc element="dc.date.created" value="1997-03-30"/>
<dc element="dc.publisher" value="Reuters Holdings Plc"/>
<dc element="dc.date.published" value="1997-03-30"/>
<dc element="dc.source" value="Reuters"/>
<dc element="dc.creator.location" value="SAN FRANCISCO"/>
<dc element="dc.creator.location.country.name" value="USA"/>
<dc element="dc.source" value="Reuters"/>
</metadata>
</newsitem>
