<?xml version="1.0" encoding="iso-8859-1" ?>
<newsitem itemid="475805" id="root" date="1997-03-30" xml:lang="en">
<title>JORDAN: PRESS DIGEST - Jordan - March 30.</title>
<headline>PRESS DIGEST - Jordan - March 30.</headline>
<dateline>AMMAN 1997-03-30</dateline>
<text>
<p>These are some of the leading stories in the Jordanian press on Sunday. Reuters has not verified these stories and does not vouch for their accuracy.</p>
<p>AL-RAI</p>
<p>- Crown Prince Hassan says King Hussein's meeting with U.S. President Bill Clinton on Tuesday will have strategic importance.</p>
<p>- Prime Minister Abdul-Salam al-Majali says U.S. Secretary of State Madeleine Albright's statement on Iraq was interference in its domestic affairs.</p>
<p>- Cabinet says Egyptian workers in Jordan have until April 31 to get their permits in order.</p>
<p>- Hamas former politburo chief Moussa Abu Marzouq says United States still trying to move him to Jordan or Egypt.</p>
<p>AD-DUSTOUR</p>
<p>- Sources say government studies cutting bread prices to 150 fils (21 cents) a kilo after recent falls in wheat prices and restricting cash assistance to those receiving support from national assistance fund.</p>
<p>- Majali: &quot;We're wholeheartedly with the Iraqi people.&quot;</p>
<p>AL-ASWAQ</p>
<p>- Crown Prince Hassan says differences of opinion should only occur in the context of legality, unity and national interests.</p>
<p>- Senior planning ministry source says World Bank's International Finance Corporation studying funding of small projects in Jordan.</p>
<p>JORDAN TIMES</p>
<p>- Crown Prince reviews issues facing Jordan and the Middle East, approach to peace and development.</p>
<p>- Cabinet discusses current issues.</p>
<p>- Majali says Albright comments could boost support for Iraqi President Saddam Hussein.</p>
<p>- Islamists stand out in demands for changes in electoral system.</p>
</text>
<copyright>(c) Reuters Limited 1997</copyright>
<metadata>
<codes class="bip:countries:1.0">
  <code code="JORDAN">
    <editdetail attribution="Reuters BIP Coding Group" action="confirmed" date="1997-03-30"/>
  </code>
</codes>
<codes class="bip:topics:1.0">
  <code code="GCAT">
    <editdetail attribution="Reuters BIP Coding Group" action="confirmed" date="1997-03-30"/>
  </code>
</codes>
<dc element="dc.date.created" value="1997-03-30"/>
<dc element="dc.publisher" value="Reuters Holdings Plc"/>
<dc element="dc.date.published" value="1997-03-30"/>
<dc element="dc.source" value="Reuters"/>
<dc element="dc.creator.location" value="AMMAN"/>
<dc element="dc.creator.location.country.name" value="JORDAN"/>
<dc element="dc.source" value="Reuters"/>
</metadata>
</newsitem>
