<?xml version="1.0" encoding="iso-8859-1" ?>
<newsitem itemid="475873" id="root" date="1997-03-30" xml:lang="en">
<title>INDIA: Indian shares plunge in kerb on Congress bombshell.</title>
<headline>Indian shares plunge in kerb on Congress bombshell.</headline>
<byline>Priya Ramani</byline>
<dateline>BOMBAY 1997-03-30</dateline>
<text>
<p>The Congress party's surprise withdrawal of support for India's minority coalition government drove shares sharply lower in off-market kerb deals across the country, brokers said on Sunday.</p>
<p>Shares of leading firms Reliance Industries and State Bank of India plunged by an average four percent in off-market deals in Bombay, New Delhi and Calcutta.</p>
<p>Analysts said panicky traders were unwinding positions after the Congress party's announcement that it was no longer backing Prime Minister H.D. Deve Gowda's ruling coalition.</p>
<p>They said it was unclear how Congress -- which has 142 deputies in the 545-member Lok Sabha or lower house -- would form a government.</p>
<p>&quot;If Congress is taking a gamble on this one, it will be interesting to see how they will come out,&quot; said Rupa Bose, strategist at Paribas Capital Markets in Singapore.</p>
<p>Analysts said said prices were likely to fall sharply in official trade on Monday. Bombay's benchmark stocks index closed 72.05 points, or 1.9 percent lower, at 3663.53 on Friday.</p>
<p>&quot;After this shocking and completely unanticipated news I wouldn't be surprised if we see a 200-300 point drop,&quot; said the head of trading at a foreign institutional investor.</p>
<p>Congress said it was formally staking a bid to form a new federal government. Deve Gowda said he will not resign but will face parliament when it reconvenes on April 21. The minority United Front alliance controls some 178 deputies.</p>
<p>&quot;The first reaction will be that the market will of course go down,&quot; Bose said. &quot;But if it goes down far enough I'll be calling a buying opportunity.&quot;</p>
<p>&quot;This is something totally unexpected,&quot; said Ravi Gopalakrishan, head of sales at UBS Securities. &quot;There's trouble ahead that doesn't look like it will be easily resolved.&quot;</p>
<p>Analysts said the Congress decision was bound to affect budget proposals, announced by the United Front last month.</p>
<p>&quot;The budget proposals could fall flat on their face,&quot; said an analyst at a foreign institutional investor.</p>
<p>In the annual budget for 1997/98 (April-March), Finance Minister P. Chidambaram announced sweeping cuts in corporate and personal taxes. The proposals are scheduled to be passed by parliament once it reconvenes on April 21.</p>
<p>&quot;Uncertainty over the budget which has yet to be passed mainly concerned the marketmen and triggered panic selling,&quot; said S.C Juneja of brokers Jaico Credit in New Delhi.</p>
<p>The head of sales at a foreign brokerage said the finance bill could be delayed in parliament.</p>
<p>&quot;The Finance Bill has not been passed yet. If the government changes the new government can either accept this finance bill or put a new vote-on-account to tide over the next two to three months.&quot;</p>
<p>&quot;The market will continue to head lower until there is some semblance of the shape of things to come,&quot; he said. &quot;We are hoping there will be a swift end to this crisis.&quot;</p>
</text>
<copyright>(c) Reuters Limited 1997</copyright>
<metadata>
<codes class="bip:countries:1.0">
  <code code="INDIA">
    <editdetail attribution="Reuters BIP Coding Group" action="confirmed" date="1997-03-30"/>
  </code>
</codes>
<codes class="bip:topics:1.0">
  <code code="GCAT">
    <editdetail attribution="Reuters BIP Coding Group" action="confirmed" date="1997-03-30"/>
  </code>
  <code code="GPOL">
    <editdetail attribution="Reuters BIP Coding Group" action="confirmed" date="1997-03-30"/>
  </code>
  <code code="M11">
    <editdetail attribution="Reuters BIP Coding Group" action="confirmed" date="1997-03-30"/>
  </code>
  <code code="MCAT">
    <editdetail attribution="Reuters BIP Coding Group" action="confirmed" date="1997-03-30"/>
  </code>
</codes>
<dc element="dc.date.created" value="1997-03-30"/>
<dc element="dc.publisher" value="Reuters Holdings Plc"/>
<dc element="dc.date.published" value="1997-03-30"/>
<dc element="dc.source" value="Reuters"/>
<dc element="dc.creator.location" value="BOMBAY"/>
<dc element="dc.creator.location.country.name" value="INDIA"/>
<dc element="dc.source" value="Reuters"/>
</metadata>
</newsitem>
