<?xml version="1.0" encoding="iso-8859-1" ?>
<newsitem itemid="475912" id="root" date="1997-03-30" xml:lang="en">
<title>INDIA: India-Pakistan talks go on despite Kashmir bombing.</title>
<headline>India-Pakistan talks go on despite Kashmir bombing.</headline>
<byline>Alistair Lyon</byline>
<dateline>NEW DELHI 1997-03-30</dateline>
<text>
<p>Indian and Pakistani diplomats went into a third day of talks on Sunday despite tension over a car bomb attack that police say killed 16 people and wounded about 70 in the northern city of Jammu.</p>
<p>Officials said Pakistan's foreign secretary Shamshad Ahmad and his Indian counterpart Salman Haidar met in New Delhi for the first of Sunday's two scheduled sessions.</p>
<p>The talks, exploring an agenda for an expected meeting of Indian and Pakistan foreign ministers next month, went ahead even though a senior official blamed Pakistan for the bombing.</p>
<p>Farooq Abdullah, chief minister of Jammu and Kashmir state, accused a Pakistani intelligence service of being behind Saturday night's blast at a crowded bus station.</p>
<p>&quot;This dastardly act was sponsored by Pakistan's ISI (Inter-Services Intelligence) and its agents with the intention of dividing the people on communal lines,&quot; he said in a statement.</p>
<p>&quot;The ISI doesn't want normalisation of relations between India and Pakistan and is...trying to create trouble in a bid to divide communities to further its ends,&quot; he added.</p>
<p>Jammu, winter capital of India's Moslem-majority state of Jammu and Kashmir, is populated mainly by Hindus.</p>
<p>No one has claimed responsibility for the attack and there has been no comment from Pakistan on Abdullah's allegation.</p>
<p>In further violence in Jammu and Kashmir, nine policemen were wounded on Sunday when an explosive device tied to the body of a slain guerrilla went off, police said.</p>
<p>The explosion occurred when police were examining the body in Kupwara police station near the India-Pakistan border 87 km (55 miles) north of Srinagar, the state's summer capital.</p>
<p>The India-Pakistan talks, reviving a dialogue that collapsed in January 1994 over Kashmir, have been shrouded in secrecy, with participants saying very little about their progress.</p>
<p>Pakistani spokesman Khalid Saleem said the two sides had discussed &quot;all substantive issues&quot; on Saturday, including the thorny issue of Kashmir, over which India and Pakistan have fought two of their three wars since independence in 1947.</p>
<p>Pakistan, which advocates a plebiscite in Kashmir to let its people choose whether to join India or Pakistan, wants &quot;some progress&quot; on the dispute before other issues can be tackled.</p>
<p>India says its sovereignty over Kashmir is not negotiable and has proposed putting the decades-old quarrel on the back burner. It would like agreements on promoting trade and economic cooperation and other confidence-building measures.</p>
<p>The Pakistani delegation is due to return home on Monday. The two countries' foreign ministers are expected to meet after an April 7-8 Non-Aligned Movement conference in New Delhi.</p>
<p>India accuses Pakistan of arming Moslem rebels fighting in the two thirds of Kashmir under Indian control.</p>
<p>Pakistan, which holds the rest of Kashmir, denies the charge, but says it supports the Kashmiris politicallly.</p>
<p>More than 20,000 people have been killed in Kashmir since the start of an armed revolt there in January 1990.</p>
</text>
<copyright>(c) Reuters Limited 1997</copyright>
<metadata>
<codes class="bip:countries:1.0">
  <code code="INDIA">
    <editdetail attribution="Reuters BIP Coding Group" action="confirmed" date="1997-03-30"/>
  </code>
  <code code="PAKIS">
    <editdetail attribution="Reuters BIP Coding Group" action="confirmed" date="1997-03-30"/>
  </code>
</codes>
<codes class="bip:topics:1.0">
  <code code="GCAT">
    <editdetail attribution="Reuters BIP Coding Group" action="confirmed" date="1997-03-30"/>
  </code>
  <code code="GDIP">
    <editdetail attribution="Reuters BIP Coding Group" action="confirmed" date="1997-03-30"/>
  </code>
  <code code="GVIO">
    <editdetail attribution="Reuters BIP Coding Group" action="confirmed" date="1997-03-30"/>
  </code>
</codes>
<dc element="dc.date.created" value="1997-03-30"/>
<dc element="dc.publisher" value="Reuters Holdings Plc"/>
<dc element="dc.date.published" value="1997-03-30"/>
<dc element="dc.source" value="Reuters"/>
<dc element="dc.creator.location" value="NEW DELHI"/>
<dc element="dc.creator.location.country.name" value="INDIA"/>
<dc element="dc.source" value="Reuters"/>
</metadata>
</newsitem>
