<?xml version="1.0" encoding="iso-8859-1" ?>
<newsitem itemid="475909" id="root" date="1997-03-30" xml:lang="en">
<title>BANGLADESH: Two killed, 15 injured in Bangladesh fire.</title>
<headline>Two killed, 15 injured in Bangladesh fire.</headline>
<dateline>KHULNA, Bangladesh 1997-03-30</dateline>
<text>
<p>Two people were killed and 15 injured when fire destroyed 300 shanty dwellings in a camp for stranded Pakistanis in the southern town of Khunla early on Sunday, police said.</p>
<p>Police said the fire, which originated from a leaf-roofed house at about 2.00 a.m. spread quickly and gutted most of the houses in the camp of more than 2,000 people.</p>
<p>The camp in the Khalishpur area of the town is one of 66 refugee shelters housing some 400,000 Urdu-speaking Moslems who sided with Pakistan during Bangladesh's 1971 war of independence and have since been stranded in this Bengali-speaking country.</p>
<p>The refugees' plea for repatriation to Pakistan, which they view as their homeland, has been virtually unheeded so far.</p>
</text>
<copyright>(c) Reuters Limited 1997</copyright>
<metadata>
<codes class="bip:countries:1.0">
  <code code="BANDH">
    <editdetail attribution="Reuters BIP Coding Group" action="confirmed" date="1997-03-30"/>
  </code>
  <code code="PAKIS">
    <editdetail attribution="Reuters BIP Coding Group" action="confirmed" date="1997-03-30"/>
  </code>
</codes>
<codes class="bip:topics:1.0">
  <code code="GCAT">
    <editdetail attribution="Reuters BIP Coding Group" action="confirmed" date="1997-03-30"/>
  </code>
  <code code="GDIS">
    <editdetail attribution="Reuters BIP Coding Group" action="confirmed" date="1997-03-30"/>
  </code>
</codes>
<dc element="dc.date.created" value="1997-03-30"/>
<dc element="dc.publisher" value="Reuters Holdings Plc"/>
<dc element="dc.date.published" value="1997-03-30"/>
<dc element="dc.source" value="Reuters"/>
<dc element="dc.creator.location" value="KHULNA, Bangladesh"/>
<dc element="dc.creator.location.country.name" value="BANGLADESH"/>
<dc element="dc.source" value="Reuters"/>
</metadata>
</newsitem>
