<?xml version="1.0" encoding="iso-8859-1" ?>
<newsitem itemid="475917" id="root" date="1997-03-30" xml:lang="en">
<title>SRI LANKA: Plot to kill Sri Lanka leader uncovered - paper.</title>
<headline>Plot to kill Sri Lanka leader uncovered - paper.</headline>
<dateline>COLOMBO 1997-03-30</dateline>
<text>
<p>Sri Lankan police have arrested a senior Tamil Tiger rebel suicide squad member planning to assassinate President Chandrika Kumaratunga, the state-owned Sunday Observer newspaper reported.</p>
<p>The 26-year-old suspect, Anthonypillai Nesarajah, also known as Major Rahu Appa, had videotaped Temple Trees, Kumaratunga's official residence, from a high-rise building in the capital Colombo, the paper said.</p>
<p>He had also revealed plans to attack helicopters used to transport senior government officials, it said.</p>
<p>A military spokesman said he had no information on the report.</p>
<p>A Tamil Tiger spokesman in London, Anton Rajah, said he had no information on the report but said the government has arrested innocent Tamil civilians and then falsely claimed they were members of the rebel group.</p>
<p>Government officials have said Kumaratunga is planning to move from her heavily guarded residence in the heart of Colombo to a more secure location in the suburbs.</p>
<p>Kumaratunga's Temple Trees residence is protected by radar, anti-aircraft guns and bunkers. Several roads in the neighbourhood have been closed to traffic.</p>
<p>Tamil Tiger rebels are believed to have acquired microlight aircraft for suicide attacks on targets like government leaders, military officials said.</p>
<p>Nesarajah has also claimed the Liberation Tigers of Tamil Eelam (LTTE) rebels were holding nearly 100 Sri Lankan military officials and Indian intelligence agents at a secret bunker in northwestern Mannar, the paper said.</p>
<p>It did not say if any of the detainees were Indian nationals.</p>
<p>LTTE rebels are fighting for an independent homeland for minority Tamils in the north and east of the island. The country's majority people are Sinhalese.</p>
<p>The government says more than 50,000 people have died in the war, but the rebels say the death toll is higher.</p>
<p>LTTE spokesman Rajah also said he had no information on the report that the LTTE is planning to kill President Kumaratunga.</p>
</text>
<copyright>(c) Reuters Limited 1997</copyright>
<metadata>
<codes class="bip:countries:1.0">
  <code code="SRILAN">
    <editdetail attribution="Reuters BIP Coding Group" action="confirmed" date="1997-03-30"/>
  </code>
</codes>
<codes class="bip:topics:1.0">
  <code code="GCAT">
    <editdetail attribution="Reuters BIP Coding Group" action="confirmed" date="1997-03-30"/>
  </code>
  <code code="GPOL">
    <editdetail attribution="Reuters BIP Coding Group" action="confirmed" date="1997-03-30"/>
  </code>
  <code code="GVIO">
    <editdetail attribution="Reuters BIP Coding Group" action="confirmed" date="1997-03-30"/>
  </code>
</codes>
<dc element="dc.date.created" value="1997-03-30"/>
<dc element="dc.publisher" value="Reuters Holdings Plc"/>
<dc element="dc.date.published" value="1997-03-30"/>
<dc element="dc.source" value="Reuters"/>
<dc element="dc.creator.location" value="COLOMBO"/>
<dc element="dc.creator.location.country.name" value="SRI LANKA"/>
<dc element="dc.source" value="Reuters"/>
</metadata>
</newsitem>
