<?xml version="1.0" encoding="iso-8859-1" ?>
<newsitem itemid="475926" id="root" date="1997-03-30" xml:lang="en">
<title>UK: Spice Girls and soap open new British tv channel.</title>
<headline>Spice Girls and soap open new British tv channel.</headline>
<dateline>LONDON 1997-03-30</dateline>
<text>
<p>The first new British terrestrial television channel in 15 years opened on Sunday with a theme tune sung by the Spice Girls and a soap opera that attracted complaints even before it was broadcast.</p>
<p>Channel 5 is hoping to hook viewers by showing a half-hour soap, Family Affairs, AT 6.30 each evening.</p>
<p>But Conservative lawmaker Nicholas Winterton complained in advance after hearing of one scene in the opening episode in which a tattoo is exposed on a man's buttock.</p>
<p>&quot;It is unacceptable to have nude scenes on at a time when children are watching,&quot; Winterton said.</p>
<p>The top-selling Spice Girls' theme tune -- a reworked version of Manfred Mann's 1964 hit &quot;5-4-3-2-1&quot; -- claimed Channel 5 was &quot;guaranteed to be a new sensation&quot;, and the introductory half-hour programme vowed it would be modern and fast-moving.</p>
<p>&quot;A lot of people under 50 are just not watching the news,&quot; said news reader Kirsty Young, 28, who promised that Channel 5 news would be &quot;more exciting to make it accessible&quot;.</p>
<p>It would &quot;not simply be a man in a suit sitting behind a desk&quot;, she added.</p>
<p>The Channel will have a half-hour news programme at 2030 each night and a bulletin on the hour, except during the film slot between 2100 and 2300 each weekday evening.</p>
<p>The station has trumpeted Hollywood blockbusters like &quot;Independence Day&quot; although the first night offering was a home-grown true-life drama about an abducted estate agent.</p>
<p>Earlier, it showed a documentary about the early life of Prime Minister John Major and Tony Blair, the Labour leader who looks set to steal his job after the May 1 election.</p>
<p>Channel 5 is owned by British media groups Pearson Plc and United News &amp; Media plus European broadcaster CLT-Ufa and U.S. investment firm Warburg Pincus.</p>
<p>It has a core programme budget of just 110 million pounds ($179.6 million) compared with ITV's 600 million and had to find 150 million pounds -- three times more than planned -- even before it went on the air to hire an army of technicians to retune millions of video recorders affected by interference from its signal.</p>
</text>
<copyright>(c) Reuters Limited 1997</copyright>
<metadata>
<codes class="bip:countries:1.0">
  <code code="UK">
    <editdetail attribution="Reuters BIP Coding Group" action="confirmed" date="1997-03-30"/>
  </code>
</codes>
<codes class="bip:industries:1.0">
  <code code="I47510">
    <editdetail attribution="Reuters BIP Coding Group" action="confirmed" date="1997-03-30"/>
  </code>
  <code code="I83100">
    <editdetail attribution="Reuters BIP Coding Group" action="confirmed" date="1997-03-30"/>
  </code>
  <code code="I83960">
    <editdetail attribution="Reuters BIP Coding Group" action="confirmed" date="1997-03-30"/>
  </code>
  <code code="I97400">
    <editdetail attribution="Reuters BIP Coding Group" action="confirmed" date="1997-03-30"/>
  </code>
  <code code="I9741102">
    <editdetail attribution="Reuters BIP Coding Group" action="confirmed" date="1997-03-30"/>
  </code>
</codes>
<codes class="bip:topics:1.0">
  <code code="C22">
    <editdetail attribution="Reuters BIP Coding Group" action="confirmed" date="1997-03-30"/>
  </code>
  <code code="CCAT">
    <editdetail attribution="Reuters BIP Coding Group" action="confirmed" date="1997-03-30"/>
  </code>
  <code code="GCAT">
    <editdetail attribution="Reuters BIP Coding Group" action="confirmed" date="1997-03-30"/>
  </code>
  <code code="GENT">
    <editdetail attribution="Reuters BIP Coding Group" action="confirmed" date="1997-03-30"/>
  </code>
</codes>
<dc element="dc.date.created" value="1997-03-30"/>
<dc element="dc.publisher" value="Reuters Holdings Plc"/>
<dc element="dc.date.published" value="1997-03-30"/>
<dc element="dc.source" value="Reuters"/>
<dc element="dc.creator.location" value="LONDON"/>
<dc element="dc.creator.location.country.name" value="UK"/>
<dc element="dc.source" value="Reuters"/>
</metadata>
</newsitem>
