<?xml version="1.0" encoding="iso-8859-1" ?>
<newsitem itemid="475920" id="root" date="1997-03-30" xml:lang="en">
<title>BANGLADESH: Bangladesh approves eight merchant banks.</title>
<headline>Bangladesh approves eight merchant banks.</headline>
<dateline>DHAKA 1997-03-30</dateline>
<text>
<p>Bangladesh has granted eight financial institutions permission to act as merchant banks, in a move to boost a capital market dogged by allegations of share price manipulation, government officials said on Sunday.</p>
<p>They said a cabinet committee on finance and economic affairs, headed by Finance Minister S.A.M.S. Kibria, on Saturday approved in principle the setting up of the banks.</p>
<p>The eight institutions are ANZ Grindlays Bank, American Express Bank, the government-owned Sonali Bank, General Insurance Company, and the privately owned Prime Bank, Dhaka Bank, leasing company IDLC and Progati Insurance Company.</p>
<p>The move follows protests last week by hundreds of traders in the unofficial kerb market against falling stock prices.</p>
<p>No firm date has been set, but SEC officials said formal approval was expected some time in April.</p>
<p>Lutfar Rahman Sarkar, the governor of the central Bangladesh Bank, said the move was intended to shore up investor confidence.</p>
<p>&quot;Now, there will be institutional support in the market,&quot; he told Reuters on Saturday night. He added the banks could act as underwriters to issues and launch their own mutual funds.</p>
<p>The market has been jolted by a government-sponsored enquiry which found 20 market players were involved in price manipulation on the Dhaka Stock Exchange (DSE) between July and November last year. The DSE benchmark index rose to more than 3,600 points during the period and has since fallen below 1,100. On Saturday it closed up 81.02 points at 1,238.6.</p>
<p>Haroonur Rashid, chairman of the DSE's Securities and Exchange Commission told Reuters in a recent interview the regulatory body had ordered stock dealers to give up their directorship of listed companies with a view to preventing the possibility of manipulation.</p>
<p>&quot;It is necessary to remove conflicts of interest, to ensure better transperency and stop the possibility of manipulation,&quot; he said.</p>
</text>
<copyright>(c) Reuters Limited 1997</copyright>
<metadata>
<codes class="bip:countries:1.0">
  <code code="BANDH">
    <editdetail attribution="Reuters BIP Coding Group" action="confirmed" date="1997-03-30"/>
  </code>
</codes>
<codes class="bip:industries:1.0">
  <code code="I81402">
    <editdetail attribution="Reuters BIP Coding Group" action="confirmed" date="1997-03-30"/>
  </code>
</codes>
<codes class="bip:topics:1.0">
  <code code="C13">
    <editdetail attribution="Reuters BIP Coding Group" action="confirmed" date="1997-03-30"/>
  </code>
  <code code="C24">
    <editdetail attribution="Reuters BIP Coding Group" action="confirmed" date="1997-03-30"/>
  </code>
  <code code="CCAT">
    <editdetail attribution="Reuters BIP Coding Group" action="confirmed" date="1997-03-30"/>
  </code>
</codes>
<dc element="dc.date.created" value="1997-03-30"/>
<dc element="dc.publisher" value="Reuters Holdings Plc"/>
<dc element="dc.date.published" value="1997-03-30"/>
<dc element="dc.source" value="Reuters"/>
<dc element="dc.creator.location" value="DHAKA"/>
<dc element="dc.creator.location.country.name" value="BANGLADESH"/>
<dc element="dc.source" value="Reuters"/>
</metadata>
</newsitem>
