<?xml version="1.0" encoding="iso-8859-1" ?>
<newsitem itemid="475900" id="root" date="1997-03-30" xml:lang="en">
<title>INDIA: Indian shares plunge as Congress withdrawal shocks.</title>
<headline>Indian shares plunge as Congress withdrawal shocks.</headline>
<byline>Priya Ramani</byline>
<dateline>BOMBAY 1997-03-30</dateline>
<text>
<p>The Congress Party's sudden withdrawal of crucial support to India's ruling coalition government pulled stocks sharply lower in off-market kerb deals on Sunday, brokers said.</p>
<p>The Congress said it was formally staking a bid to form a new federal government.</p>
<p>Shocked analysts said share prices across the country were likely to go into a tailspin this week.</p>
<p>Shares of largest private firm Reliance Industries were trading at 275 rupees in kerb deals, 10 rupees lower than the official close on the Bombay Stock Exchange (BSE) on Friday.</p>
<p>&quot;This is something totally unexpected,&quot; said Ravi Gopalakrishan, head of sales at UBS Securities. &quot;There's trouble ahead that doesn't look like it will be easily resolved.&quot;</p>
<p>Prime Minister H.D. Deve Gowda's minority United Front alliance controls some 178 deputies in the 545-member Lok Sabha or lower house. The Congress has 142 deputies.</p>
<p>Shares of the country's biggest commercial bank State Bank of India fell to 295 rupees in kerb deals against the last official close of 303 rupees on the BSE.</p>
<p>It was not immediately clear if the Congress decision meant the shaky nine-month-old government led by Deve Gowda would have to resign and call a snap mid-term poll.</p>
<p>Congress officials said the withdrawal decision followed &quot;attempts by the United Front&quot; to split the Congress party in the key north Indian state of Uttar Pradesh.</p>
<p>&quot;This is compeletely unanticipated,&quot; said the chief dealer at a UK-based brokerage. &quot;I wouldn't be surprised if we see the index drop 200-300 points.&quot;</p>
<p>Bombay's benchmark stocks index closed 72.05 points, or 1.9 percent lower, at 3663.53 on Friday.</p>
<p>&quot;People will unwind positions and short sellers will jump on,&quot; said UBS's Gopalakrishnan.</p>
<p>Iain Allison, country head at Caspian Securities, said the BSE's index was likely to fall back to near 3200 points.</p>
<p>&quot;Investors are going to throw their hands up in exasperation,&quot; Allison said.</p>
<p>Analysts said the Congress decision was bound to affect budget proposals, announced by the United Front last month.</p>
<p>&quot;The budget proposals could fall flat on their face,&quot; said an analyst at a foreign institutional investor.</p>
<p>In the annual budget for 1997/98 (April-March), Finance Minister P. Chidambaram announced sweeping cuts in corporate and personal taxes. The proposals are scheduled to be passed by parliament in the ongoing session.</p>
<p>Dealers said they were surprised that Congress weas ready to gamble on a power struggle.</p>
<p>&quot;The whole mood was that the Congress wouldn't be in the shape to do anything yet. It's political suicide for the Congress,&quot; the chief dealer said.</p>
</text>
<copyright>(c) Reuters Limited 1997</copyright>
<metadata>
<codes class="bip:countries:1.0">
  <code code="INDIA">
    <editdetail attribution="Reuters BIP Coding Group" action="confirmed" date="1997-03-30"/>
  </code>
</codes>
<codes class="bip:topics:1.0">
  <code code="M11">
    <editdetail attribution="Reuters BIP Coding Group" action="confirmed" date="1997-03-30"/>
  </code>
  <code code="MCAT">
    <editdetail attribution="Reuters BIP Coding Group" action="confirmed" date="1997-03-30"/>
  </code>
</codes>
<dc element="dc.date.created" value="1997-03-30"/>
<dc element="dc.publisher" value="Reuters Holdings Plc"/>
<dc element="dc.date.published" value="1997-03-30"/>
<dc element="dc.source" value="Reuters"/>
<dc element="dc.creator.location" value="BOMBAY"/>
<dc element="dc.creator.location.country.name" value="INDIA"/>
<dc element="dc.source" value="Reuters"/>
</metadata>
</newsitem>
