<?xml version="1.0" encoding="iso-8859-1" ?>
<newsitem itemid="475904" id="root" date="1997-03-30" xml:lang="en">
<title>INDIA: India, Pakistan work to make headway despite odds.</title>
<headline>India, Pakistan work to make headway despite odds.</headline>
<byline>Jawed Naqvi</byline>
<dateline>NEW DELHI 1997-03-30</dateline>
<text>
<p>India and Pakistan are working hard to find a face-saving way around their intractable dispute over Kashmir, both sides keen to emerge as peacemakers rather than quarrelsome neighbours.</p>
<p>The two nations, regarded as threshold nuclear powers, have fought three wars since 1947, two of them over Kashmir.</p>
<p>Diplomats said the foreign secretaries of the two countries, meeting in New Delhi since Friday were locked in a difficult balancing act to placate hardliners at home and mounting international pressure to normalise their tense relations.</p>
<p>&quot;Doves have never clinched a peace deal in the world. They only prepare the ground,&quot; said a defence analyst at an embassy in New Delhi. &quot;Whatever happens here must be endorsed by the hawks in both countries. That may not be quite as impossible as it looks.&quot;</p>
<p>He was referring to recent public opinion polls in both countries showing increasing support for peace.</p>
<p>The current talks, reviving a dialogue stalled since January 1994, have pitted Indian foreign secretary Salman Haidar against his Pakistani opposite number Shamshad Ahmad.</p>
<p>&quot;Both are carrying a difficult brief not to make any major concessions on Kashmir,&quot; said Bharat Karnad, an analyst at Delhi's Centre for Policy Research. &quot;And both will be eager to make progress, despite their given handicap.&quot;</p>
<p>From India's perspective, there appeared to be room for manoeuvre outside the official brief.</p>
<p>An opinion poll in Delhi's Outlook magazine on Sunday showed 72 percent of Indians were prepared to make &quot;minor adjustments&quot; on Kashmir, two-thirds held by India, the rest by Pakistan.</p>
<p>Pakistani officials insist on &quot;some progress&quot; on Kashmir as a condition for moving forward on other issues, such as demarcation of their maritime border and disengagement of troops from the Siachen glacier, the world's highest battlefield.</p>
<p>India says the state of Jammu and Kashmir is an integral part of its territory and its status is not negotiable.</p>
<p>&quot;I fervently pray that they don't break off the talks,&quot; said Jyotindra Nath Dixit, who led the Indian side at the last foreign secretaries' talks in Islamabad in January 1994.</p>
<p>&quot;Both sides must realise they can't be held hostage by some three million people in the Kashmir Valley.&quot;</p>
<p>Dixit said his talks with then Pakistani foreign secretary Shaharyar Khan broke off abruptly when then Pakistani prime minister Benazir Bhutto decided to raise the issue of Kashmir.</p>
<p>&quot;My relations with Shaharyar were excellent, but officials are often hostage to the whims of their governments,&quot; he said.</p>
<p>Diplomats said Indian Prime Minister H.D. Deve Gowda and Pakistani Prime Minister Nawaz Sharif were more receptive to a thaw in bilateral ties than their predecessors.</p>
<p>Indian Foreign Minister Inder Gujral, regarded as the main architect of the resumed dialogue with Pakistan, has proposed China-type talks between the two countries, a reference to efforts to end the Indian-China border dispute that led to a brief war in 1962.</p>
<p>The two countries signed an agreement to promote peace and tranquillity on their borders in 1993, allowing them to improve bilateral ties in other key areas.</p>
<p>Officials close to the India-Pakistan talks said the two sides were expected to discuss the model.</p>
<p>&quot;We'll wait and see if they find the China-India model acceptable,&quot; said one official who asked not to be named. &quot;They could also explore the possibility of joint working groups to focus closely on the more contentious issues.&quot;</p>
<p>Diplomats said the United States and other Western countries were pressing India and Pakistan to ease their stand-off, mainly because of worries over their nuclear capabilities.</p>
<p>&quot;India does not publicly accept mediation, but the United States particularly is in a situation to gently guide Pakistan to help improve its ties with India,&quot; one diplomat said.</p>
<p>&quot;That's why it is crucial for both to keep a low public profile on the nuts and bolts of the dialogue.</p>
</text>
<copyright>(c) Reuters Limited 1997</copyright>
<metadata>
<codes class="bip:countries:1.0">
  <code code="INDIA">
    <editdetail attribution="Reuters BIP Coding Group" action="confirmed" date="1997-03-30"/>
  </code>
  <code code="PAKIS">
    <editdetail attribution="Reuters BIP Coding Group" action="confirmed" date="1997-03-30"/>
  </code>
</codes>
<codes class="bip:topics:1.0">
  <code code="GCAT">
    <editdetail attribution="Reuters BIP Coding Group" action="confirmed" date="1997-03-30"/>
  </code>
  <code code="GDIP">
    <editdetail attribution="Reuters BIP Coding Group" action="confirmed" date="1997-03-30"/>
  </code>
</codes>
<dc element="dc.date.created" value="1997-03-30"/>
<dc element="dc.publisher" value="Reuters Holdings Plc"/>
<dc element="dc.date.published" value="1997-03-30"/>
<dc element="dc.source" value="Reuters"/>
<dc element="dc.creator.location" value="NEW DELHI"/>
<dc element="dc.creator.location.country.name" value="INDIA"/>
<dc element="dc.source" value="Reuters"/>
</metadata>
</newsitem>
