<?xml version="1.0" encoding="iso-8859-1" ?>
<newsitem itemid="475908" id="root" date="1997-03-30" xml:lang="en">
<title>BANGLADESH: Bangladesh taka closes stronger vs dollar.</title>
<headline>Bangladesh taka closes stronger vs dollar.</headline>
<dateline>DHAKA 1997-03-30</dateline>
<text>
<p>Rising call rates helped the Bangladesh taka finish stronger at 43.2900/2940 to the dollar for a second straight session of interbank market on Sunday, dealers said. The previous close was 43.2920/2950.</p>
<p>There were very few deals in foreign currency as the banks put overwhelming attention to trade in local unit amid a liquidity crunch caused by Thursday's auction of central bank bills worth over two billion taka. The taka opened in wide range at 43.2700/2900 per dollar but deals centred at around 43.2920.</p>
<p>The call money was traded at 9 to 11 percent against Saturday's 9-10 percent. Friday is the weekend in Bangladesh.</p>
<p>- Dhaka Newsroom +880-2-506363</p>
</text>
<copyright>(c) Reuters Limited 1997</copyright>
<metadata>
<codes class="bip:countries:1.0">
  <code code="BANDH">
    <editdetail attribution="Reuters BIP Coding Group" action="confirmed" date="1997-03-30"/>
  </code>
</codes>
<codes class="bip:topics:1.0">
  <code code="M13">
    <editdetail attribution="Reuters BIP Coding Group" action="confirmed" date="1997-03-30"/>
  </code>
  <code code="M131">
    <editdetail attribution="Reuters BIP Coding Group" action="confirmed" date="1997-03-30"/>
  </code>
  <code code="M132">
    <editdetail attribution="Reuters BIP Coding Group" action="confirmed" date="1997-03-30"/>
  </code>
  <code code="MCAT">
    <editdetail attribution="Reuters BIP Coding Group" action="confirmed" date="1997-03-30"/>
  </code>
</codes>
<dc element="dc.date.created" value="1997-03-30"/>
<dc element="dc.publisher" value="Reuters Holdings Plc"/>
<dc element="dc.date.published" value="1997-03-30"/>
<dc element="dc.source" value="Reuters"/>
<dc element="dc.creator.location" value="DHAKA"/>
<dc element="dc.creator.location.country.name" value="BANGLADESH"/>
<dc element="dc.source" value="Reuters"/>
</metadata>
</newsitem>
