<?xml version="1.0" encoding="iso-8859-1" ?>
<newsitem itemid="475931" id="root" date="1997-03-30" xml:lang="en">
<title>INDIA: Indian shares seen cautious on new trade policy.</title>
<headline>Indian shares seen cautious on new trade policy.</headline>
<byline>Ranjit Gangadharan</byline>
<dateline>BOMBAY 1997-03-30</dateline>
<text>
<p>Indian stocks could make selective gains as the new fiscal year gets under way in the coming week, but the introduction of a freer trade policy could also hit some domestic firms, brokers said.</p>
<p>&quot;A slight upward movement is all that I expect,&quot; said Kayu Mehta, chief investment officer at Tata Investment Corporation. &quot;It can gather momentum only by May.&quot;</p>
<p>On Monday, the market is likely to be pushed by big local funds who will be looking for stronger closing prices to tidy their books, analysts said.</p>
<p>But lower tariffs and easier import norms would make buyers circumspect and choosy. The new five-year policy beginning from April 1 will tear down trade barriers as set out by the World Trade Organisation, they said.</p>
<p>&quot;The market has already started to discount the trade policy,&quot; Mehta said. &quot;Whatever commodity is overpriced will have a problem. It will not be a painless transition.&quot;</p>
<p>The 30-share Bombay Stock Exchange index ended 66.67 points, or 1.79 percent, lower at 3,663.53 last Friday from a week earlier.</p>
<p>&quot;You could see a shake-out,&quot; said Alok Churiwala at brokerage Gaurishanker Churiwala. &quot;The inefficient companies will close down. It will make Indian firms leaner and meaner.&quot;</p>
<p>He said freer consumer goods imports would hit makers of electronics, televisions, refrigerators and washing machines.</p>
<p>But shares of export-oriented companies could rise as they were likely to be given incentives, analysts said. Farm and marine exports were also likely to benefit.</p>
<p>A relaxation in imports should also have a beneficial impact on inflation as it would soak up robust dollar inflows and relieve the central bank from market interventions to keep the rupee from appreciating, analysts said.</p>
<p>Foreign exchange reserves stood at $25.14 billion on March 21, according to latest official data, against $24.66 billion a week earlier. Annual inflation as measured by the wholesale price index was inching up to eight percent.</p>
<p>The Reserve Bank of India (RBI) has been pumping rupee funds into the banking system to buy dollars, but the excess cash has been helping build inflationary pressures.</p>
<p>Mehta said freer imports would help bring prices down.</p>
<p>The market's focus would also shift to the RBI's credit policy for the first half of fiscal 1997/98 (April-March) on April 15, dealers said.</p>
<p>The central bank is likely to trigger a cut in lending rates because of easier liquidity conditions. The prime rate of domestic banks should come down by 0.50 percentage point from their current 14.5 percent, the analysts said.</p>
<p>Agrochemicals and pesticides shares are expected to perform well thanks to strong farm output and good monsoon rains last year, Mehta said.</p>
<p>Shares of cotton yarn firms also looked good because they could compete globally, while some paint stocks offered attractive valuations, he said.</p>
</text>
<copyright>(c) Reuters Limited 1997</copyright>
<metadata>
<codes class="bip:countries:1.0">
  <code code="INDIA">
    <editdetail attribution="Reuters BIP Coding Group" action="confirmed" date="1997-03-30"/>
  </code>
</codes>
<codes class="bip:topics:1.0">
  <code code="E512">
    <editdetail attribution="Reuters BIP Coding Group" action="confirmed" date="1997-03-30"/>
  </code>
  <code code="M11">
    <editdetail attribution="Reuters BIP Coding Group" action="confirmed" date="1997-03-30"/>
  </code>
</codes>
<dc element="dc.date.created" value="1997-03-30"/>
<dc element="dc.publisher" value="Reuters Holdings Plc"/>
<dc element="dc.date.published" value="1997-03-30"/>
<dc element="dc.source" value="Reuters"/>
<dc element="dc.creator.location" value="BOMBAY"/>
<dc element="dc.creator.location.country.name" value="INDIA"/>
<dc element="dc.source" value="Reuters"/>
</metadata>
</newsitem>
