<?xml version="1.0" encoding="iso-8859-1" ?>
<newsitem itemid="475914" id="root" date="1997-03-30" xml:lang="en">
<title>INDIA: New India trade policy seen relaxing import controls.</title>
<headline>New India trade policy seen relaxing import controls.</headline>
<byline>Sonali Verma</byline>
<dateline>NEW DELHI 1997-03-30</dateline>
<text>
<p>India's new five-year trade policy is likely to sweep away a battery of controls on imports and contain strong medicine to revive flagging exports, trade analysts said on Sunday.</p>
<p>They said the export-import policy for 1997-2002 (April-March), due on Monday, would be underpinned by India's pledge to the World Trade Organisation (WTO) to liberalise imports and New Delhi's aim of aligning import tariffs with those of other fast-growing Asian nations.</p>
<p>&quot;It is expected to be a very important landmark in trade policy,&quot; trade analyst Arun Goel told Reuters.</p>
<p>Goel said he expected the government to remove as many as one-third of the 3,000 items on the negative list, which completely bans imports, and allow them to be imported either freely or on a case-by-case basis.</p>
<p>India has agreed to present the WTO in June with a time-table to phase out restrictions on imports, and analysts say the trade policy would form the blueprint of the schedule.</p>
<p>Commerce Minister Bolla Buli Ramaiah said on March 7 that he planned to present a &quot;big, dynamic policy&quot;, in line with a market-oriented economic reforms programme launched in 1991.</p>
<p>On March 17, Finance Minister P. Chidambaram backed his claim, saying that easing curbs on consumer goods imports was an option that the government would decide on in the trade policy.</p>
<p>Ramu Deora, president of the Federation of Indian Export Organisations, said the policy would relax import restrictions on consumer durables in particular.</p>
<p>&quot;So what if we see a sharp rise in consumer goods imports?&quot; Deora said. &quot;It will make smuggling less attractive while ensuring some revenue to the government (through a modest levy).&quot;</p>
<p>Analyst Alok Churiwala at Bombay-based brokerage Gaurishanker Churiwala said electronics and white goods-makers were likely to feel the pinch.</p>
<p>&quot;You could see a shake-out,&quot; he said. &quot;The inefficient companies will close down. It will make Indian firms leaner and meaner.&quot;</p>
<p>Surging foreign exchange reserves have hardened the rupee -- which could both hurt exports and fuel rapidly rising inflation unless imports are liberalised further, the analysts said.</p>
<p>India's foreign exchange reserves stood at $20.68 billion on March 14 against $16.8 billion a year earlier. Inflation measured by wholesale prices was at 7.78 percent, up from 5.13 percent a year ago.</p>
<p>T.P. Bhat, international trade adviser at the Associated Chambers of Commerce and Industry of India, said India would ease curbs on imports to bolster export growth, which slowed to 6.2 percent between April 1996 and January 1997 from 22.12 percent in the same months of 1995-96.</p>
<p>India's trade deficit widened to $4.29 billion between April 1996 and January 1997, compared with $4.06 billion in the same period a year earlier.</p>
<p>Bhat said he expected import duty on capital goods, now at about 25 percent, to be slashed to five percent or less.</p>
<p>He said India would make exporters' norms more flexible, simplify rules for exporters' inputs and focus on agricultural products and high-technology goods exports.</p>
</text>
<copyright>(c) Reuters Limited 1997</copyright>
<metadata>
<codes class="bip:countries:1.0">
  <code code="INDIA">
    <editdetail attribution="Reuters BIP Coding Group" action="confirmed" date="1997-03-30"/>
  </code>
</codes>
<codes class="bip:topics:1.0">
  <code code="E51">
    <editdetail attribution="Reuters BIP Coding Group" action="confirmed" date="1997-03-30"/>
  </code>
  <code code="E512">
    <editdetail attribution="Reuters BIP Coding Group" action="confirmed" date="1997-03-30"/>
  </code>
  <code code="ECAT">
    <editdetail attribution="Reuters BIP Coding Group" action="confirmed" date="1997-03-30"/>
  </code>
</codes>
<dc element="dc.date.created" value="1997-03-30"/>
<dc element="dc.publisher" value="Reuters Holdings Plc"/>
<dc element="dc.date.published" value="1997-03-30"/>
<dc element="dc.source" value="Reuters"/>
<dc element="dc.creator.location" value="NEW DELHI"/>
<dc element="dc.creator.location.country.name" value="INDIA"/>
<dc element="dc.source" value="Reuters"/>
</metadata>
</newsitem>
