<?xml version="1.0" encoding="iso-8859-1" ?>
<newsitem itemid="475924" id="root" date="1997-03-30" xml:lang="en">
<title>EGYPT: Arabs recommend ending normal ties with Israel.</title>
<headline>Arabs recommend ending normal ties with Israel.</headline>
<dateline>CAIRO 1997-03-30</dateline>
<text>
<p>Arab foreign ministers recommended on Sunday that their countries suspend steps towards normal relations with Israel, ministers said.</p>
<p>Syrian Foreign Minister Farouq al-Shara and Palestinian leader Farouk Kaddoumi told reporters that the same resolution also recommended restoring the Arab boycott of Israel  </p>
<p>The ministers said the resolution passed unanimously on Sunday evening at the second session of a regular six-monthly meeting at Arab League headquarters.</p>
<p>The final text was not immediately available but a draft in circulation earlier recommended Arab states stop normalisation, reactivate the boycott, close down Israeli offices and missions and withdraw from multilateral Middle East talks.</p>
<p>Shara, asked if the boycott was in the text, said: &quot;Yes, yes, clearly... It is clearer and stronger and it has been adopted unanimously.&quot;</p>
<p>Kaddoumi said: &quot;They (the ministers) have emphasised their boycott at the first degree.&quot; The first-degree boycott, abandoned by same Arab states over the past three years, bans direct commercial dealings with Israeli companies.</p>
<p>But he added that the ministers did not talk about countries which have signed peace treaties with Israel. Israel could interpret breaking relations as a violation of the treaties.</p>
</text>
<copyright>(c) Reuters Limited 1997</copyright>
<metadata>
<codes class="bip:countries:1.0">
  <code code="EGYPT">
    <editdetail attribution="Reuters BIP Coding Group" action="confirmed" date="1997-03-30"/>
  </code>
  <code code="ISRAEL">
    <editdetail attribution="Reuters BIP Coding Group" action="confirmed" date="1997-03-30"/>
  </code>
  <code code="SYRIA">
    <editdetail attribution="Reuters BIP Coding Group" action="confirmed" date="1997-03-30"/>
  </code>
</codes>
<codes class="bip:topics:1.0">
  <code code="GDIP">
    <editdetail attribution="Reuters BIP Coding Group" action="confirmed" date="1997-03-30"/>
  </code>
</codes>
<dc element="dc.date.created" value="1997-03-30"/>
<dc element="dc.publisher" value="Reuters Holdings Plc"/>
<dc element="dc.date.published" value="1997-03-30"/>
<dc element="dc.source" value="Reuters"/>
<dc element="dc.creator.location" value="CAIRO"/>
<dc element="dc.creator.location.country.name" value="EGYPT"/>
<dc element="dc.source" value="Reuters"/>
</metadata>
</newsitem>
