<?xml version="1.0" encoding="iso-8859-1" ?>
<newsitem itemid="475933" id="root" date="1997-03-30" xml:lang="en">
<title>INDIA: FUND VIEW-Stable Indian stocks lure foreign money.</title>
<headline>FUND VIEW-Stable Indian stocks lure foreign money.</headline>
<byline>Ranjit Gangadharan</byline>
<dateline>BOMBAY 1997-03-30</dateline>
<text>
<p>India's relatively stable stock market offers a safer bet to foreign money as some other Asian markets are more vulnerable to inflation worries and changes in U.S. interest rates, fund managers and brokers said.</p>
<p>The best thing going India's way was growth potential and its ability to offset Wall Street's movements and the impact on stocks around the world, they said.</p>
<p>&quot;There's negative co-relation to the U.S. and other markets because foreign exposures are limited in India,&quot; said Gul Tekchandani, chief investment officer at Sun Foreign and Colonial Asset Management Company.</p>
<p>Only foreign institutional investors are allowed to buy stocks in India, and since the country opened up its markets in 1993, the net inflows from such investors have totalled just $7 billion -- about one-third of the annual inflows that smaller countries like Malaysia or Indonesia get.</p>
<p>But Indian stocks are now slowly emerging from a two-year slide, boosted by a pro-business government budget for the fiscal year beginning on April 1 which cut corporate and personal taxes and raised foreign portfolio holding limits in Indian firms.</p>
<p>&quot;We have a good story to tell,&quot; said Anand Rathi, a newly elected director at the 127-year old Bombay Stock Exchange, one of Asia's oldest. &quot;India looks irresistible after the budget.&quot;</p>
<p>Net foreign institutional investor inflow in calendar 1997 is expected to range from $3 billion to $4.5 billion compared with about $3 billion in 1996, analysts said.</p>
<p>Rathi believes foreign funds should look more seriously at India because it provided a safety net against rate hikes in the U.S., which often unsettle other Asian markets.</p>
<p>&quot;The political and economic risk in India is limited,&quot; he said. &quot;We have a stable administration and continuity of policies.&quot;</p>
<p>India's 15-party coalition government, comprising communist and left-leaning parties, have continued to spur economic reform with a focus on wider acceptance of freer markets.</p>
<p>&quot;The key to luring foreign money is good valuations,&quot; said Bharat Shah, chief investment officer at Birla Capital International. &quot;It's not the spill-over demand.&quot;</p>
<p>He has put money into high-growth software stocks, cash-rich personal care firms and the non-cyclical pharmaceuticals backed by multinational brands.</p>
<p>Shares of internationally competitive automobile components firms were good buys, he said, as the automobile sector's low base promises scope for growth. Some cement and engineering stocks were also attractive.</p>
<p>But the steel sector was seen as taboo.</p>
<p>&quot;It's a cash guzzling business. I find no company that's internationally competitive,&quot; he said.</p>
<p>Sun's Tekchandani said infrastructure stocks, telephone and banking shares represented good buys.</p>
</text>
<copyright>(c) Reuters Limited 1997</copyright>
<metadata>
<codes class="bip:countries:1.0">
  <code code="INDIA">
    <editdetail attribution="Reuters BIP Coding Group" action="confirmed" date="1997-03-30"/>
  </code>
</codes>
<codes class="bip:topics:1.0">
  <code code="M11">
    <editdetail attribution="Reuters BIP Coding Group" action="confirmed" date="1997-03-30"/>
  </code>
</codes>
<dc element="dc.date.created" value="1997-03-30"/>
<dc element="dc.publisher" value="Reuters Holdings Plc"/>
<dc element="dc.date.published" value="1997-03-30"/>
<dc element="dc.source" value="Reuters"/>
<dc element="dc.creator.location" value="BOMBAY"/>
<dc element="dc.creator.location.country.name" value="INDIA"/>
<dc element="dc.source" value="Reuters"/>
</metadata>
</newsitem>
