<?xml version="1.0" encoding="iso-8859-1" ?>
<newsitem itemid="475915" id="root" date="1997-03-30" xml:lang="en">
<title>INDIA: ANZ bank awarded $240mln in India dispute.</title>
<headline>ANZ bank awarded $240mln in India dispute.</headline>
<dateline>BOMBAY 1997-03-30</dateline>
<text>
<p>ANZ Grindlays Bank was awarded $240 million by an Indian arbitration panel for money forfeited by the bank in the wake of a share scandal that rocked the country's stock markets in 1992, a senior official of the bank said on Sunday.</p>
<p>The National Housing Bank (NHB), a wholly owned subsidiary India's central bank, was ordered to repay ANZ Grindlays the money by the three-member panel, which met at a Bombay hotel on Saturday.</p>
<p>&quot;The claim of NHB against Grindlays has been dismissed and it has been asked to repay the disputed amount. We will have to wait for the implementation of the arbitration panel's order,&quot; Mehli M Mistri, chief executive officer of ANZ Grindlays told Reuters.  </p>
<p>The award is linked to transactions involving Harshad Mehta, the broker at the centre of the 1992 bull market which exploded in scandal, Indian financial dailies reported.</p>
<p>NHB, in 1992, issued nine crossed account payee only cheques favouring ANZ Grindlays, which Grindlays credited to Mehta's account.</p>
<p>ANZ Grindlays was told by the the Reserve Bank of India to repay the money to the NHB as it sought to unravel Mehta's dealings.</p>
<p>The foreign bank disputed NHB's claim, but agreed to comply with the RBI's instruction subject to the case being referred to an arbitration panel.</p>
<p>The panel ordered that NHB repay ANZ Grindlays 5.06 billion rupees, plus interest from 1992. The Financial Express newspaper estimated the total award at around 8.6 billion rupees ($240 million).</p>
<p>Mehli said he had not read the award yet, but added that the newspapers estimates were reasonably accurate.</p>
<p>The NHB, backed by the RBI, is likely to challenge the panel's decision, first through a special court investigating the 1992 stocks scandal-related transactions and later the Supreme Court, the Financial Express said.  </p>
<p>ANZ Grindlays is part of Australia and New Zealand Banking Group.</p>
</text>
<copyright>(c) Reuters Limited 1997</copyright>
<metadata>
<codes class="bip:countries:1.0">
  <code code="INDIA">
    <editdetail attribution="Reuters BIP Coding Group" action="confirmed" date="1997-03-30"/>
  </code>
</codes>
<codes class="bip:industries:1.0">
  <code code="I81401">
    <editdetail attribution="Reuters BIP Coding Group" action="confirmed" date="1997-03-30"/>
  </code>
  <code code="I81402">
    <editdetail attribution="Reuters BIP Coding Group" action="confirmed" date="1997-03-30"/>
  </code>
</codes>
<codes class="bip:topics:1.0">
  <code code="C12">
    <editdetail attribution="Reuters BIP Coding Group" action="confirmed" date="1997-03-30"/>
  </code>
  <code code="C13">
    <editdetail attribution="Reuters BIP Coding Group" action="confirmed" date="1997-03-30"/>
  </code>
  <code code="CCAT">
    <editdetail attribution="Reuters BIP Coding Group" action="confirmed" date="1997-03-30"/>
  </code>
  <code code="GCAT">
    <editdetail attribution="Reuters BIP Coding Group" action="confirmed" date="1997-03-30"/>
  </code>
  <code code="GCRIM">
    <editdetail attribution="Reuters BIP Coding Group" action="confirmed" date="1997-03-30"/>
  </code>
</codes>
<dc element="dc.date.created" value="1997-03-30"/>
<dc element="dc.publisher" value="Reuters Holdings Plc"/>
<dc element="dc.date.published" value="1997-03-30"/>
<dc element="dc.source" value="Reuters"/>
<dc element="dc.creator.location" value="BOMBAY"/>
<dc element="dc.creator.location.country.name" value="INDIA"/>
<dc element="dc.source" value="Reuters"/>
</metadata>
</newsitem>
