<?xml version="1.0" encoding="iso-8859-1" ?>
<newsitem itemid="475923" id="root" date="1997-03-30" xml:lang="en">
<title>ISRAEL: Israel seeks to raise $2.6 bln overseas this year.</title>
<headline>Israel seeks to raise $2.6 bln overseas this year.</headline>
<dateline>JERUSALEM 1997-03-30</dateline>
<text>
<p>Israel aims to raise as much as $2.6 billion overseas this year, down slightly from $2.8 billion in 1996, Treasury accountant-general Shai Talmon said on Sunday.</p>
<p>He said the government in its next issue of Yankee bonds planned to seek longer maturities than the 10 years in the issue made last year. Talmon said Israel plans a Yankee issue in fourth-quarter 1997 or first-quarter 1998.</p>
<p>He said Israel aimed to raise $1.25 billion in the framework of the U.S. government guarantees programme. Of that, Israel has already raised $750 million in an offering in January.</p>
<p>In addition, Israel plans to borrow $850 million through its Israel Bonds programme, $150 million through a Samurai issue set for June and $150 million from various other sources, Talmon said.</p>
<p>The Yankee and Samurai issues are being conducted by Israel as part of its programme to test the receptiveness of international financial markets to Israeli issues.</p>
<p>The Samurai issue is to be underwritten by Nomura Securities Co. But Talmon said that if Japanese authorities were to suspend Nomura's capital market activities, Israel would ask Daiwa Securities Co to underwrite it.</p>
<p>Nomura is under investigation by Japanese authorities in connection with alleged payments to a client linked to racketeers.</p>
<p>Talmon said Israel had $1.95 billion left of the $10 billion in loan guarantees quota. The guarantees were granted by the United States in 1992 to help fund the absorption of immigrants from the former Soviet Union.</p>
<p>Talmon said the Treasury intended to raise the remaining $1.95 billion in two or three separate offerings.</p>
<p>- Jerusalem newsroom, 972-2-537-0502</p>
</text>
<copyright>(c) Reuters Limited 1997</copyright>
<metadata>
<codes class="bip:countries:1.0">
  <code code="ISRAEL">
    <editdetail attribution="Reuters BIP Coding Group" action="confirmed" date="1997-03-30"/>
  </code>
</codes>
<codes class="bip:topics:1.0">
  <code code="E21">
    <editdetail attribution="Reuters BIP Coding Group" action="confirmed" date="1997-03-30"/>
  </code>
  <code code="E212">
    <editdetail attribution="Reuters BIP Coding Group" action="confirmed" date="1997-03-30"/>
  </code>
  <code code="ECAT">
    <editdetail attribution="Reuters BIP Coding Group" action="confirmed" date="1997-03-30"/>
  </code>
</codes>
<dc element="dc.date.created" value="1997-03-30"/>
<dc element="dc.publisher" value="Reuters Holdings Plc"/>
<dc element="dc.date.published" value="1997-03-30"/>
<dc element="dc.source" value="Reuters"/>
<dc element="dc.creator.location" value="JERUSALEM"/>
<dc element="dc.creator.location.country.name" value="ISRAEL"/>
<dc element="dc.source" value="Reuters"/>
</metadata>
</newsitem>
