<?xml version="1.0" encoding="iso-8859-1" ?>
<newsitem itemid="432189" id="root" date="1997-03-11" xml:lang="en">
<title>USA: CBOE, AMEX to trade Genzyme Transgenics options.</title>
<headline>CBOE, AMEX to trade Genzyme Transgenics options.</headline>
<dateline>CHICAGO 1997-03-11</dateline>
<text>
<p>The Chicago Board Options Exchange and the American Stock Exchange said Tuesday they would begin trading options on shares of Genzyme Transgenics Corp on March 17.</p>
<p>The options would open with strike prices of 7-1/2, 10 and 12-1/2. At the AMEX, position limits of 4,500 contracts have been set. The stock was up 3/8 at 9-3/8 Tuesday afternoon.</p>
<p>Initial expirations have been set for April, May, June and September. At the CBOE, LETCO has been named designated primary market maker, while AGS Specialist Partners has been named specialist at the AMEX.</p>
</text>
<copyright>(c) Reuters Limited 1997</copyright>
<metadata>
<codes class="bip:countries:1.0">
  <code code="USA">
    <editdetail attribution="Reuters BIP Coding Group" action="confirmed" date="1997-03-11"/>
  </code>
</codes>
<codes class="bip:industries:1.0">
  <code code="I25700">
    <editdetail attribution="Reuters BIP Coding Group" action="confirmed" date="1997-03-11"/>
  </code>
</codes>
<codes class="bip:topics:1.0">
  <code code="C14">
    <editdetail attribution="Reuters BIP Coding Group" action="confirmed" date="1997-03-11"/>
  </code>
  <code code="C15">
    <editdetail attribution="Reuters BIP Coding Group" action="confirmed" date="1997-03-11"/>
  </code>
  <code code="C152">
    <editdetail attribution="Reuters BIP Coding Group" action="confirmed" date="1997-03-11"/>
  </code>
  <code code="CCAT">
    <editdetail attribution="Reuters BIP Coding Group" action="confirmed" date="1997-03-11"/>
  </code>
</codes>
<dc element="dc.date.created" value="1997-03-11"/>
<dc element="dc.publisher" value="Reuters Holdings Plc"/>
<dc element="dc.date.published" value="1997-03-11"/>
<dc element="dc.source" value="Reuters"/>
<dc element="dc.creator.location" value="CHICAGO"/>
<dc element="dc.creator.location.country.name" value="USA"/>
<dc element="dc.source" value="Reuters"/>
</metadata>
</newsitem>
