<?xml version="1.0" encoding="iso-8859-1" ?>
<newsitem itemid="432112" id="root" date="1997-03-11" xml:lang="en">
<title>EU:  OFFICIAL JOURNAL CONTENTS - OJ C 75 OF MARCH 10, 1997.</title>
<headline>OFFICIAL JOURNAL CONTENTS - OJ C 75 OF MARCH 10, 1997.</headline>
<text>
<p>*</p>
<p>(Note - contents are displayed in reverse order to that in the printed Journal)</p>
<p>*</p>
<p>Opinion of the Economic and Social Committee on the 'XXVth report on competition policy (1995)' () (97/C 75/06)</p>
<p>Opinion of the Economic and Social Committee on the 'Proposal for a Council Regulation (EC) setting up a specific measure in favour of cephalopod producers permanently based in the Canary Islands' (97/C 75/05)</p>
<p>Opinion of the Economic and Social Committee on the 'Proposal for a Council Regulation (EC) amending Regulation (EEC) No 2075/92 on the common organization of the market in raw tobacco' (97/C 75/04)</p>
<p>Opinion of the Economic and Social Committee on the 'Proposal for a European Parliament and Council Directive on the resale right for the benefit of the author of an original work of art' () (97/C 75/03)</p>
<p>Opinion of the Economic and Social Committee on the 'Implications for CAP of the accession of countries of central and eastern Europe' (97/C 75/02)</p>
<p>Opinion of the Economic and Social Committee on the 'Proposal for a European Parliament and Council Directive amending European Parliament and Council Directive 95/2/EC on food additives other than colours and sweeteners' (97/C 75/01) END OF DOCUMENT.</p>
</text>
<copyright>(c) Reuters Limited 1997</copyright>
<metadata>
<codes class="bip:countries:1.0">
  <code code="EEC">
    <editdetail attribution="Reuters BIP Coding Group" action="confirmed" date="1997-03-11"/>
  </code>
</codes>
<codes class="bip:topics:1.0">
  <code code="G15">
    <editdetail attribution="Reuters BIP Coding Group" action="confirmed" date="1997-03-11"/>
  </code>
  <code code="GCAT">
    <editdetail attribution="Reuters BIP Coding Group" action="confirmed" date="1997-03-11"/>
  </code>
</codes>
<dc element="dc.publisher" value="Reuters Holdings Plc"/>
<dc element="dc.date.published" value="1997-03-11"/>
<dc element="dc.source" value="Reuters"/>
<dc element="dc.creator.location.country.name" value="EU"/>
<dc element="dc.source" value="Reuters"/>
</metadata>
</newsitem>
