<?xml version="1.0" encoding="iso-8859-1" ?>
<newsitem itemid="432175" id="root" date="1997-03-11" xml:lang="en">
<title>USA: Total Control prices IPO at $8/shr.</title>
<headline>Total Control prices IPO at $8/shr.</headline>
<dateline>MELROSE PARK 1997-03-10</dateline>
<text>
<p>Total Control Products Inc said late Monday it began an initial public offering of two million shares of its common stock at a price of $8 per share.</p>
<p>The company said it would offer 1.65 million shares and certain selling stockholders would offer 350,000 shares.</p>
<p>Total Control said it granted underwriters an option to purchase 300,000 additional shares to cover over-allotment.</p>
<p>Net proceeds would be used to repay debt, it said.</p>
<p>((New York newsdesk 212-859-1610))</p>
</text>
<copyright>(c) Reuters Limited 1997</copyright>
<metadata>
<codes class="bip:countries:1.0">
  <code code="USA">
    <editdetail attribution="Reuters BIP Coding Group" action="confirmed" date="1997-03-11"/>
  </code>
</codes>
<codes class="bip:industries:1.0">
  <code code="I34420">
    <editdetail attribution="Reuters BIP Coding Group" action="confirmed" date="1997-03-11"/>
  </code>
</codes>
<codes class="bip:topics:1.0">
  <code code="C17">
    <editdetail attribution="Reuters BIP Coding Group" action="confirmed" date="1997-03-11"/>
  </code>
  <code code="C171">
    <editdetail attribution="Reuters BIP Coding Group" action="confirmed" date="1997-03-11"/>
  </code>
  <code code="CCAT">
    <editdetail attribution="Reuters BIP Coding Group" action="confirmed" date="1997-03-11"/>
  </code>
</codes>
<dc element="dc.date.created" value="1997-03-10"/>
<dc element="dc.publisher" value="Reuters Holdings Plc"/>
<dc element="dc.date.published" value="1997-03-11"/>
<dc element="dc.source" value="Reuters"/>
<dc element="dc.creator.location" value="MELROSE PARK"/>
<dc element="dc.creator.location.country.name" value="USA"/>
<dc element="dc.source" value="Reuters"/>
</metadata>
</newsitem>
