<?xml version="1.0" encoding="iso-8859-1" ?>
<newsitem itemid="432108" id="root" date="1997-03-11" xml:lang="en">
<title>EU:  COMMISSION ADOPTS MEMORANDUM ON WORKERS RIGHTS (PAGE 2/6).</title>
<headline>COMMISSION ADOPTS MEMORANDUM ON WORKERS RIGHTS (PAGE 2/6).</headline>
<text>
<p>The Commission, in paragraph 11.3.2 of the Medium-term Social Action Programme (1995-1997), decided to produce a memorandum on acquired rights of workers in cases of transfers of undertakings, with a view to increasing information and guidance on the application of Community law, taking into account the large number of cases which have come before the Court of Justice of the European Communities.</p>
<p>SUBJECT</p>
<p>The Commission sees this Memorandum as a useful tool for a better understanding of Community law in a very complex area which is not always easy to interpret. The main purpose of the Memorandum is make it easier for the public at large to understand Directive 77/187/EEC in the light of the criteria established by the European Court of Justice. Hence the objective is to tell European citizens how Council Directive 77/187/EEC has been construed by the European Court of Justice. It satisfies the requirement that Community rules should be transparent by facilitating correct application of European law and serving as a guide for representatives of employees and employers on their rights and obligations in the area of transfers of undertakings.</p>
<p>Scope</p>
<p>Which countries?</p>
<p>The Directive applies &quot;where and insofar as the undertaking, business or part of the business to be transferred is situated within the territorial scope of the Treaty&quot; (Article 1.2) or a member country of the European Economic Area (Norway, Iceland, Liechtenstein).</p>
<p>Which undertakings?</p>
<p>The Directive applies to the transfer of any type of undertaking, business or part of a business, whether public or private, to another employer.</p>
<p>The fact that an undertaking is engaged in non-profit-making activities is not sufficient to remove the undertaking from the scope of the Directive (CJEC, 8 June 1994, Commission v UK, paragraph 45, ECR 1994, 6-2435).</p>
<p>Only transfers involving sea-going vessels are specifically excluded by the Directive.</p>
<p>Which employees?</p>
<p>The persons the Directive aims to protect are persons with a contract of employment or persons in an employment relationship as defined by the employment law of the Member States at the time of the transfer.</p>
<p>The Court feels that it is for the national courts to establish to what extent the persons concerned are to be regarded as employees and that, consequently, whether or not an employment contract or employment relationship exists on the date of transfer must be established on the basis of the provisions of national law (CJEC, 11 July 1995, Case 105/84, A/S Danmols Inventar, ECR 1985, 2639 and 2654).</p>
<p>The Directive does not apply to the transfer of rights and obligations in respect of persons who were employed by the transferor on the date of transfer but, of their own free will, do not continue to occupy an employee's post with the transferee (CJEC, 7 February 1985, Case 19/83, Wendelboe, ECR 457).</p>
<p>Which operations?</p>
<p>Fundamental concept</p>
<p>First of all, it should be noted that the Court of Justice of the European Communities has ruled that the Directive applies to all transfers resulting from a contract, an administrative or legislative act, or a court decision (CJEC, 7 February 1985, Case 135/83, Abels, ECR 469).</p>
<p>The Court has also held that the essential criterion for the recognition of a transfer is whether the transferee has received an existing undertaking so as to be able to continue its activities or, at least, activities of the same type. It follows that the decisive criterion for establishing whether there is a transfer for the purposes of the Directive is whether the economic unit retains its identity (CJEC, 14 April 1994, Case C-392/92, Schmidt). The assessments necessary in order to establish whether or not there is a transfer in the sense indicated are a matter for the national courts, in view of the specific interpretation factors involved:</p>
<p>* type of undertaking or business,</p>
<p>* whether or not tangible assets such as buildings and movable property are transferred,</p>
<p>* the value of intangible assets at the time of transfer,</p>
<p>* whether or not the majority of employees are taken over by the new employer,</p>
<p>* whether or not the customers are transferred,</p>
<p>* the degree of similarity between the activities carried on before and after the transfer,</p>
<p>* the period, if any, for which those activities were suspended.</p>
<p>The Court has held that these circumstances are merely single factors in the overall assessment which must be made and cannot therefore be considered in isolation (CJEC, 18 March 1986, Case 24/85, Spijkers). In its opinion, the case law referred to above assumes that the transfer relates to a solidly organised economic unit, whose activities are not limited to a specific task. For a transfer of an undertaking to be covered by the Directive, it should involve the transfer of an organised set of assets by means of which the activities or certain activities of the transferor undertaking can be carried on in a solid manner (CJEC, 19 September 1995, Case C-48/94, Rygaard).</p>
<p>Change of employer</p>
<p>The Court has ruled that the Directive applies to all situations in which there is a change in the legal or natural person responsible for carrying on the business (CJEC, 15 June 1988, Case 101/87, Bork International). As soon as the economic unit continues its activity, the mere fact of the change in the natural or legal person who is responsible for carrying on the business is sufficient to make the Directive applicable, regardless of whether or not ownership of the undertaking is transferred (CJEC, 10 February, Case 324/86, Daddy's Dance Hall).</p>
<p>The transfer of ownership of most of the shares in a company or a change in the majority shareholder does not constitute a transfer of the undertaking, as the employer's legal personality remains the same.</p>
<p>Successive transfers</p>
<p>- The owner of a leased undertaking takes over its operation following a breach of the lease by the lessee:</p>
<p>The Directive is applicable, its purpose being to ensure, as far as possible, that the rights of employees are safeguarded in the event of a change of employer by enabling them to remain in employment with the new employer on the terms and conditions agreed with the transferor (CJEC, 17 December 1987, Case 287/86, Ny Molle Kro).</p>
<p>- At the end of a non-transferable lease, the owner of the undertaking transfers the undertaking to a new lessee who carries on the business without interruption, with the same staff as were dismissed on expiry of the first lease:</p>
<p>The Directive is applicable where, on expiry of a non-transferable lease, the lessee ceases to be the employer and a third party becomes the employer under a new lease concluded with the owner. The fact that the transfer is affected in two stages does not prevent the Directive from applying, provided that the economic unit in question retains its identity. This is so in particular when the business is carried on without interruption by the new lessee, with the same staff as were employed in the business before the transfer (CJEC, 10 February 1988, Case 324/86, Daddy's Dance Hall). Commission adopts memorandum on workers rights (page 3/6)</p>
<p>Transfer operations associated with insolvency proceedings</p>
<p>According to the Court of Justice the Directive does not impose on the Member States the obligation to extend the rules laid down therein to transfers taking place in the context of insolvency proceedings instituted with a view to the liquidation of the assets of the transferor, without prejudice to the national legislator's right to decide otherwise (CJEC, 7 February 1985, Case 135/83, Abels; CJEC, 7 February 1985, Case 179/83 FNC; CJEC, 7 February 1985, Case 186/83, Botzen; CJEC, 25 July 1991, Case 362/89, d'Urso).</p>
<p>The Court has also ruled that the Directive does not apply to transfers of undertakings made as part of a creditor's arrangement procedure of the kind provided for in the Italian legislation on compulsory administrative liquidation but that it does apply when, in accordance with a body of legislation such as that governing special administration for large undertakings in critical difficulties, it has been decided that the undertaking is to continue trading for as long as that decision remains in force (CJEC, 25 July 1991, Case C-362/89, d'Urso).</p>
<p>By contrast, the Directive does apply to the transfer of an undertaking, business or part of a business to another employer in the context of proceedings of the type &quot;surs ance van betaling&quot; (suspension of payments) under Netherlands law, as such proceedings may allow the continuation of business.</p>
<p>The fact that the transfer of an undertaking, business or part of a business takes place after the suspension of payments by the transferor is not in itself sufficient to exclude such transfers from the scope of the Directive (CJEC, 11 July 1985, Case 105/84, Mikkelson). Furthermore, the Directive applies to undertakings in which a state of crisis has been recognised, as the procedure leading to identification of this state tends to favour the maintaining of the undertaking's activity with a view to a subsequent takeover (CJEC, 7 December 1985, Case 472/93, Spano).</p>
<p>Consequences of transfer</p>
<p>Transfer of rights and obligations to the transferee</p>
<p>In accordance with Article 3.1 of the Directive, the transferor's rights and obligations arising from a contract of employment or from an employment relationship existing on the date of a transfer are, by reason of such transfer, transferred to the transferee. However, Member States may provide that after the date of transfer the transferor continues to be liable, side by side with the transferee, in respect of obligations arising from a contract of employment or an employment relationship.</p>
<p>Thus, the transferee is bound by all the transferor's obligations resulting from an employment contract or an employment relationship, including those which arose before the date of transfer. In the Court's view, the Directive refers unreservedly to the transferor's rights and obligations arising from a contract of employment or from an employment relationship existing on the date of transfer. It is the transferee who assumes liability for bearing the burdens resulting from employees' rights existing at the time of transfer (CJEC, 7 February 1985, Case 135/83, Abels). The objective of the Directive is to safeguard the rights of employees in the event of a change of employer by making it possible for them to continue to work for the transferee under the same conditions as those agreed with the transferor. Its purpose is not, however, to ensure that the contract with the transferor is continued where an employee does not wish to remain in the transferee's employ (CJEC, 5 May 1988, Cases 144/87 and 154/87, Berg and Busschers).</p>
<p>Transfer of undertaking and collective agreement applicable</p>
<p>Article 3.2 of the Directive requires the transferee to continue to observe the terms and conditions agreed in any collective agreement on the same terms applicable to the transferor, until the date of termination or expiry of the collective agreement or the entry into force or application of another collective agreement.</p>
<p>In the Court's view, Article 3.2 of the Directive must be interpreted as obliging the transferee to continue to observe the terms and conditions agreed in any collective agreement in respect of workers who were already employed by the undertaking at the time of transfer, thus excluding those who were recruited subsequent to that date (CJEC, 17 December 1987, Case 287/86, Ny Molle Kro).</p>
<p>The transferee has to continue to observe the terms and conditions agreed in any collective agreement on the same terms, until the date of termination or expiry of the collective agreement or the entry into force or application of another agreement. In accordance with Article 3.2 of the Directive, Member States may limit this period, provided it is not less than one year (CJEC, 11 December 1992, Case 209/91, Rask and Christensen).</p>
<p>Transfer of undertaking and changes in working conditions</p>
<p>If the contract of employment or the employment relationship is terminated because the transfer within the meaning of the Directive involves a substantial change in working conditions to the detriment of the employee, the employer is regarded as having been responsible for termination of the employment contract or employment relationship (Article 4.2).</p>
<p>Employees' remuneration rights arising from their employment contract or employment relationship may not be changed even if the overall amount of their wages remains unchanged. However, in so far as national law makes it possible to amend an employment relationship in a way which is disadvantageous to employees, such changes are not ruled out merely because the undertaking has in the meantime been transferred. Thus, the rights and obligations may be changed vis-a-vis the transferee subject to the same restrictions as could have been applied to the transferor, assuming that the transfer in itself is not the reason for this change (CJEC, 11 December 1992, Case 209/91, Rask and Christensen).</p>
<p>Non-entitlement to waive the rights conferred by the Directive</p>
<p>The Court of Justice has held that the protection conferred by the mandatory provisions of the Directive is a matter of public policy. It has ruled very clearly that an employee cannot waive the rights conferred upon him by the Directive and that these rights cannot be restricted, even with his consent and even if the disadvantages resulting from his waiver are offset by such benefits that, taking the matter as a whole, he is not placed in a worse position (CJEC, 10 February 1988, Case 324/86, Daddy's Dance Hall).</p>
<p>As the Court has specified, the Directive's rules apply to all, including the employees' representatives, who may not agree different arrangements in an agreement with the transferor or the transferee.</p>
<p>According to the Court, it is not permissible to derogate from the rules in a manner unfavourable for the employees and hence the implementation of the rights conferred on employees may not be made subject to the consent of either the transferor or the transferee nor the consent of the employees' representatives or the employees themselves, with the sole reservation, as regards the workers themselves, that, following a decision freely taken by them, they are at liberty, after the transfer, not to continue the employment relationship with the new employer (CJEC 25 July 1991, Case 362/89, d'Urso). In this event it is for the Member States to determine what the fate of the employment contract or employment relationship should be. Notably, they may provide in such circumstances that the contract must be regarded as terminated either by the employee or by the employer. They may also provide that the contract be maintained with the transferor (CJEC 16 December 1992, Case 132/91, Katsikas, ECR 92, I 6577). Commission adopts memorandum on workers rights (page 4/6)</p>
<p>Non-application of the Directive to benefits outside statutory social security schemes</p>
<p>The transfer of rights and obligations arising from a contract of employment or an employment relationship does not cover employees' rights to old-age, invalidity or survivor's benefits under supplementary company or inter-company pension schemes outside the statutory social security schemes in Member States (Article 3.3, first paragraph).</p>
<p>Thus there is no transfer of the transferor's obligations based on non-statutory schemes. Nevertheless, in order to avoid the adverse consequences for employees which could result from this exclusion, Member States must adopt the measures necessary to protect the interests of employees and persons no longer employed in the transferor's business at the time of transfer (Article 3.3, second paragraph).</p>
<p>Protection against dismissal</p>
<p>The transfer of an undertaking, business or part of a business does not in itself constitute grounds for dismissal by the transferor or the transferee (Article 4.1), but this provision does not stand in the way of dismissals that may take place for economic, technical or organisational reasons entailing changes in the workforce.</p>
<p>Thus the Directive is limited to prohibiting dismissals where the only reason is the transfer.</p>
<p>The Court has held that the protection afforded by the Directive against dismissal applies to any situation in which employees affected by a transfer enjoy some, albeit limited, protection against dismissal under national law, with the result that such protection may not be taken away from them or curtailed solely because of the transfer (CJEC, 15 April 1986, Case 237/84, Commission v Belgium).</p>
<p>However, in the case of dismissals the Directive's scope may be curtailed by the right, recognised in the Member States, of withdrawing protection from &quot;certain specific categories of employees who are not covered by the laws or practice of the Member States in respect of protection against dismissal&quot; (Article 4(1), sentence 2, of Council Directive 77/187/EEC of 14 February 1977).</p>
<p>Protection of the functions of the employees' representative</p>
<p>Article 5 of the Directive aims to ensure continuity of the function of representation and protection of the persons concerned. As regards continuity of the function of representation (Article 5(1)), it should be borne in mind that if the business transferred preserves its autonomy, i.e. continues to exist as a separate operating unit rather than being absorbed by a more complex structure, the status and function of the representatives or representation of the employees affected by the transfer, as laid down by the national law of the Member States, must be preserved. However, this does not apply, if in accordance with national legislation the conditions necessary for the re-appointment of the employees' representatives are fulfilled.</p>
<p>The representatives of the employees affected by a transfer whose term of office expires as a result of the transfer &quot;continue to enjoy the protection provided by the laws, regulations, administrative provisions or practice of the Member States&quot; (Article 5.2).</p>
<p>Information and consultation</p>
<p>The transferor and transferee are required to inform the representatives of their respective employees affected by a transfer of the following (Article 6.1):</p>
<p>- the reasons for the transfer,</p>
<p>- the legal, economic and social implications of the transfer for the employees,</p>
<p>- measures envisaged in relation to the employees.</p>
<p>This information must be provided in good time before the transfer is carried out, and in any event before the transferee's employees are directly affected by the transfer as regards their conditions of work and employment.</p>
<p>Whereas the obligation to provide information is general, the consultation obligation is limited. This obligation exists when the transferor or transferee envisages measures in relation to his employees (Article 6.2), e.g. a reduction in the size of the workforce. Consultation takes place &quot;with a view to seeking agreement&quot;. The Court of Justice has interpreted a similar provision in Directive 75/129/EEC (collective redundancies) as not creating an obligation with regard to results (CJEC 12 February 1985, Case 284/83, ECR, p. 553). This consultation must be made &quot;in good time&quot; with the employees' representatives.</p>
<p>According to the Court, the Directive was not intended to bring about global harmonisation of the national systems of employee representation in the firm. However, the limited nature of such harmonisation should not frustrate the purpose of Article 6 of the Directive. Notably, it should not absolve Member States from their obligation to take all the necessary measures to ensure that the employees' representatives may be designated with a view to the information and consultation provided for in the Article in question. This being the case the Directive leaves it to the Member States to determine the arrangements for designating the employees' representatives (CJEC, 8 June 1984, Case 382/92, Commission v UK).</p>
<p>Member States may limit the obligations referred to above to undertakings or businesses which, in respect of the number of employees, fulfil the conditions for the election or designation of a collegial body representing the employees (Article 6.4).</p>
<p>They may also provide that, where there are no representatives of the employees in an undertaking or business, the employees concerned must be informed in advance when a transfer is about to take place (Article 6.5).</p>
<p>It must be emphasised that national law must provide for effective, proportionate and dissuasive sanctions in the event of the employer's failure to inform and consult the employee representatives (CJEC, 8 June 1984, Case 382/92, Commission v UK.</p>
<p>Conclusion</p>
<p>The Transfers Directive has formed the basis for a large number of cases brought before the Court of Justice of the European Communities. A total of 25 judgments have been handed down, most of them in connection with references for preliminary rulings (see Annex II). At the moment there are several cases pending before the Court (see Annex III).</p>
<p>In its judgments, the Court has in particular clarified the concept of transfer, ruled that a contractual link is not necessary between the transferor and transferee for the Directive to apply, excluded from the scope of the Directive liquidation proceedings but not suspension of payment proceedings, clarified the meaning of the term &quot;employee&quot;, and ruled that employees and their representatives cannot waive the rights conferred on them by the Directive as implemented by national legislation. Commission adopts memorandum on workers rights (page 5/6)</p>
<p>ANNEX I</p>
<p>TWENTY QUESTIONS AND ANSWERS ON SAFEGUARDING YOUR RIGHTS</p>
<p>A GUIDE FOR EMPLOYEES' AND EMPLOYERS' REPRESENTATIVES CONCERNING THEIR RIGHTS AND OBLIGATIONS IN THE FIELD OF TRANSFERS OF UNDERTAKINGS</p>
<p>1) Does the Directive also apply to the transfer of an undertaking situated in the territory of a country which is not a Member State of the European Union?</p>
<p>- The Directive applies to the extent that the undertaking to be transferred is within the territorial scope of the Treaty on European Union or a Member State of the European Economic Area (Norway, Iceland, Liechtenstein).</p>
<p>2) For the Directive to be applicable, must the undertaking exercise its activity with a view to making a profit?</p>
<p>- The fact that an undertaking is engaged in non-profit-making activities is not sufficient to remove the undertaking from the scope of the Directive.</p>
<p>3) Which operations are excluded from the scope of the Directive?</p>
<p>- The Directive specifically excludes operations involving sea-going vessels. However, France, Germany, Italy, Portugal and Spain have applied the principles of the Directive to sea-going vessels.</p>
<p>4) Who is covered by the Directive?</p>
<p>- Anyone with a contract of employment or in an employment relationship on the date of a transfer. Public service employees are not covered by the directive insofar as they are not subject to the labour law in force in the Member States.</p>
<p>5) Who decides whether a person has a contract of employment or is an employment relationship on the date of a transfer</p>
<p>- This question is subject to the jurisdiction of each Member State and the provisions of national law.</p>
<p>6) Does the Directive apply to employees who have left the undertaking by the date of transfer?</p>
<p>- No, the provisions of the directive cover only employees in the service of the undertaking on the date of transfer.</p>
<p>7) After a transfer, who is responsible for existing obligations, the transferor or the transferee?</p>
<p>- The transferee is liable for all the transferor's obligations, including those arising prior to the date of transfer.</p>
<p>Except where national legislation provides for joint liability of the transferor and transferee after the transfer, the consequence of the transfer is to release the transferor from his obligations.</p>
<p>Joint responsibility has been adopted by France, Germany, Greece, Italy, the Netherlands, Portugal and Spain.</p>
<p>8) Where an undertaking is transferred, which collective agreement applies, the transferor's or the transferee's?</p>
<p>- The Directive requires the transferee to continue to observe the terms and conditions of any collective agreement on the same terms applicable to the transferor under that agreement, until the date of termination or expiry of the collective agreement or the entry into force of another collective agreement.</p>
<p>However, Member States may limit this period, provided it is not less than one year.</p>
<p>9) May conditions of employment be changed following the transfer of an undertaking?</p>
<p>- The rights of employees arising from a contract of employment or employment relationship may not be changed because of a transfer.</p>
<p>However, rights and obligations may be changed vis-vis the transferee subject to the same restrictions as applied to the transferor, provided that the transfer in itself is not the reason for the change.</p>
<p>10) May employees waive the rights accorded by the Directive?</p>
<p>- No. Employees may not waive the rights conferred on them by the Directive, and those rights may not be restricted even with their consent and even if the disadvantages resulting from the waiver are offset by similar benefits.</p>
<p>11) Does the protection given by the Directive apply to benefits under non-statutory social security schemes?</p>
<p>- No. The transfer of rights and obligations arising from an employment contract or employment relationship does not cover employees' rights to old-age, invalidity or survivor's benefits under supplementary company or inter-company pension schemes outside the statutory social security schemes in Member States. However, Member States must adopt the measures necessary to protect the rights acquired or being acquired by employees and persons no longer employed in the business at the time of transfer.</p>
<p>12) May dismissals for economic, technical or organisational reasons take place on the transfer of an undertaking?</p>
<p>- Yes. The Directive is limited to prohibiting dismissals where the only reason is the transfer.</p>
<p>13) What are the rights of the representatives of employees affected by a transfer whose term of office expires as a result of the transfer?</p>
<p>- They continue to enjoy the protection provided by the laws, regulations, administrative provisions or practice of the Member States.</p>
<p>14) What are the transferor's and transferee's obligations as regards providing information for the representatives of their respective workers?</p>
<p>- They must provide information on the following points:</p>
<p>- the reasons for the transfer,</p>
<p>- the legal, economic and social implications of the transfer for the employees,</p>
<p>- measures envisaged in relation to the employees.</p>
<p>15) Is it compulsory to consult the employees' representatives in the event of the transfer of an undertaking?</p>
<p>- Such an obligation exists if the transferor or transferee envisages measures in relation to their respective employees, e.g. a reduction in the size of the workforce.</p>
<p>16) At which point in time must they be informed and consulted?</p>
<p>- The employees' representatives must be informed and consulted &quot;in good time&quot; and in any event before the transferee's employees are directly affected by the transfer as regards their conditions of work and employment.</p>
<p>17) Are there any derogations from the principles of informing and consulting employees' representatives?</p>
<p>- Yes. Member States may limit these obligations to undertakings or businesses which, in respect of the number of employees, fulfil the conditions for the election or designation of a collegial body representing the employees.</p>
<p>18) Does the Directive require Member States to provide for systems of employee representation even if there is no such representation in the undertaking under national law?</p>
<p>- Yes. Member States must adopt all necessary measures for designating the employees' representatives who have to be informed and consulted pursuant to Article 6 of the Directive. It is for the Member States to determine the arrangements for designating the employees' representatives.</p>
<p>19) Are the obligations to inform and consult employees' representatives binding?</p>
<p>- National law must provide for effective sanctions in the event of the employer's failure to inform and consult employees' representatives.</p>
<p>20) Is the protection accorded by the Directive the upper limit?</p>
<p>- No. The Directive does not affect the right of Member States to apply or introduce laws, regulations or administrative provisions which are more favourable to employees. Commission adopts memorandum on workers rights (page 6/6)</p>
<p>ANNEX II</p>
<p>JUDGMENTS OF THE COURT OF JUSTICE OF THE EUROPEAN COMMUNITIES AND THE EFTA COURT RELATING TO TRANSFERS OF UNDERTAKINGS - COUNCIL DIRECTIVE 77/187/EEC OF 14 FEBRUARY 1977</p>
<p>Wendelboe, Case 19/83, 7 February 1985, ECR 1985, p. 457</p>
<p>Abels, Case 135/83, 7 February 1985, ECR 1985, p. 479</p>
<p>Industriebond FNV, Case 179/83 7 February 1985, ECR 1985, pp. 511 and 517</p>
<p>Botzen, Case 186/83, 7 February 1985, ECR 1985, pp. 520 and 523</p>
<p>A/S Danmols Inventar, Case 105/84 11 July 1985, ECR 1985, pp. 2639 and 2654</p>
<p>Republic of Italy, Case 235/84 10 July 1986, ECR 1986, pp. 2291 and 2304</p>
<p>Kingdom of Belgium, Case 237/84, 15 April 1986, ECR 1986, pp. 1247 and 1257</p>
<p>Spijkers, Case 24/85, 18 March 1986, ECR 1986, pp. 1119 and 1130</p>
<p>Ny Molle Kro, Case 287/86, 17 December 1987, ECR 1987, p. 5465</p>
<p>Daddy's Dance Hall, Case 324/86, 10 February 1988, ECR 1988, p. 739</p>
<p>Bork, Case 101/87, 15 June 1988, ECR 1988, p. 3057</p>
<p>Berg and Busschers, Cases 144 and 145/87, 5 May 1988, ECR 1988, p. 2559</p>
<p>D'Urso, Case 362/89, 25 July 1991, CJEC,91, I-4105</p>
<p>Redmond Stichting, Case 29/91, 19 May 1992, CJEC 92, I-3189</p>
<p>Anne Watsen, Case 209/91, 12 November 1992, CJEC 92, I-5755</p>
<p>Schmidt, Case 392/92, 14 April 1994, CJEC 94, I-1311.</p>
<p>Commission v United Kingdom, Case 382/92, 8 June 1994, CJEC 94, I-2435</p>
<p>Rygaard, Case 48/94, 19 September 1995.</p>
<p>Luigi Spano, Case 472/93, 7 December 1995.</p>
<p>Merckx et Neuhuys, Cases 171/94 and 172/94, 7 March 1996.</p>
<p>Eilert Eidesund v Stavanger Catering A.s., Case E - 2/95. Judgment of the EFTA Court of 25 September 1996.</p>
<p>Torgier Langeland v Norske Falnicorn A.S., Case E-3/95.</p>
<p>Judgment of the EFTA Court of 25 September 1996.</p>
<p>Annette Henke v Gemeinde Schierke and Verwaltungsgemeinschat &quot;Brocken&quot;.-Case C-298/94, 15.10.96.</p>
<p>Claude Rotsart de Hertains v. S.A. J. Benoit in receivership and I.G.C.</p>
<p>Housing Service Case C - 305/94, 14.11.96.</p>
<p>ANNEX III</p>
<p>CASES PENDING BEFORE THE COURT OF JUSTICE OF THE EUROPEAN COMMUNITIES AND THE EFTA COURT RELATING TO COUNCIL DIRECTIVE 77/187/EEC OF 14 FEBRUARY 1977</p>
<p>- Case C-319/94, Jules Dethier Equipment v Jules Dassy, Sprl Sovam in receivership.</p>
<p>- Case C-13/95, Ayse Suzen v Zehnacker Gebandereinigung Gmbh.</p>
<p>- Case C-229/95, Simone Moll v Berhane Mesghena.</p>
<p>- Case C-336/95, Pedro Burdalo v Fondo de Garantia Salarial.</p>
<p>- Case E-2/95, Eilert Eidesund v Stavanger Catering A.S.</p>
<p>- Case E-3/95, Torgeir Langeband v Norske Falnicorn A.S.</p>
<p>- Case C-336/95 Pedro Burdalo v Fondo de Garantia Salarial.</p>
<p>- Case E-2/96 J. Ulstein &amp; P.Otto Roiseng v A. Moller.</p>
<p>- Case E-3/96 Tor A.Ask v ABB AS and AKER AS.</p>
<p>- Case C-121/96 Sultan Bulut v Deutsche Bundespost.</p>
<p>- Case C-127/96 Prudencia GAmez Perez v Contrtas y Limpiensas S.L. and F. Hernandez Vidal S.A.</p>
<p>- Case C-173/96 Francisco Hidalgo v Asociacion de Servicios ASER and Sociedad Cooperativa Minerva.</p>
<p>- Case C-204/96 E.f. Liebelt GmbH v Marianne Seidel.</p>
<p>- Case C-229/96 F. Santner v Hoechts A.g.</p>
<p>- Case C-247/96 H. Ziemann v Fa Ziemann Sicherheit GmbH and Fa H. Bohn Sicherheitsdienst.</p>
<p>- Case C-277/96 H. J.Dick v EB - Schulungs GmbH i.L.</p>
<p>ANNEX IV</p>
<p>NATIONAL PROVISIONS TRANSPOSING DIRECTIVE 77/187/EEC OF 14 FEBRUARY 1977</p>
<p>National provisions communicated by the Member States with reference to Council Directive 77/187/EEC of 14 February 1977 on the approximation of the laws of the Member States relating to the safeguarding of employees' rights in the event of transfers of undertakings, </p>
<p>businesses or parts of businesses:</p>
<p>Austria: Arbeitsvertragsrechts-Anpassungsgesetz - Avrag, BGBl Nr 459/1993</p>
<p>Belgium:</p>
<p>Arrete Royal du 19/04/78, Moniteur Belge du 25/08/78</p>
<p>Arrete Royal du 31/10/78, Moniteur Belge du 31/10/78</p>
<p>Convention collective no 32 bis du 7 juin 1985 modifiee par la Convention no 32 ter du 2 decembre 1986.</p>
<p>Denmark: Lov af 21/03/79, Lovtidende a NR.11 AF 21/03/79 p. 326</p>
<p>Finland: Act on contracts of Employment 320/70 as amended by Act 235/93 Act on Co-determination in Companies 725/78 amended by Act 236/93</p>
<p>France:</p>
<p>Code du Travail (Art. 122-12, 122-12.1, 132-8, 412-16, 412-18)</p>
<p>Circulaire no 27/75 du 02/07/75</p>
<p>Arrete Minist riel du 27/03/62</p>
<p>Accord Convention Collective National Retraite Prevoyance Cadres du 14/03/47</p>
<p>Loi no 82-915; Journal Officiel du 29/10/82</p>
<p>Loi no 83-528, Journal Officiel du 29/06/83</p>
<p>Germany:</p>
<p>Gesetz vom 25/08/69, Bundesgesetzblatt (Teile I, II, III) I, Nr. 83 vom 27/08/69 p. 1317</p>
<p>Gesetz vom 15/01/72, Bundesgesetzblatt (Teile I, II, III) I Nr. 48 vom 20/08/80 p. 1308</p>
<p>Grand Duchy of Luxembourg: Reglement Grand-Ducal du 19/06/70, Memorial A no 35 du 30/06/70.</p>
<p>Loi du 24/06/70, Memorial A no 35 du 30/06/70</p>
<p>Reglement Grand Ducal du 27/06/70, Memorial A no 35 du 30/06/70.</p>
<p>Loi du 12/11/71. Loi du 18/03/81, Memorial A no 16 du 26/03/81.</p>
<p>Greece: Presidential Decree No 572 of 01/12/88, FEK AN. 269 of 06/12/88 p. 4099</p>
<p>Ireland: E.C. Safeguarding of Employees on Transfer of Undertaking, Statutory Instruments no 306 of 10/10/1980</p>
<p>Italy:</p>
<p>Code Civile (Art.2112)</p>
<p>Legge No 675 del 12/08/77, Gazetta Ufficiale le n. 243 del 07/09/77 p. 6257</p>
<p>Legge N.215 del 26/05/78, Gazetta Ufficiale N. 145 del 07/05/78 P.38.03</p>
<p>Legge N.428 del 29 dicembre 1990, Gazetta Ufficiale no 10 del 12/01/1991</p>
<p>Netherlands:</p>
<p>Wet van 15/07/79, Staatsblad nr 1979/448 van 31/08/79.</p>
<p>Ministeriele Verordening van 30/01/81, Staatsblad nr. 1981/18 van 15/02/81.</p>
<p>Wet van 15/05/81, Staatsblad nr. 1981/400 van 07/07/81.</p>
<p>Wet van 22/05/81, Staatsblad Nr 1981/416 van 14/07/81.</p>
<p>Portugal:</p>
<p>Decreto - Lei N 49/408, 24/11/69</p>
<p>Decreto-Lei No 519C/79, 29/12/79</p>
<p>Lei no 46/79, 12/09/79</p>
<p>Lei no 68/79, 09/10/79</p>
<p>Spain:</p>
<p>Ley N. 8/80 de 10/03/80, (Boletin Oficial del Estado de 14/03/80).</p>
<p>Decreto N. 2065/74 de 30/05/74, (Boletin Oficial del Estado de 30/07/80).</p>
<p>Sweden:</p>
<p>Act. 1982/80 on Security of Employment, section 4,7 and 25-27</p>
<p>Act.1976/58 on Co-Determination at Work, section 6, 10-22 and 28</p>
<p>Annual Leave Act. 1977/480, section 31</p>
<p>Act 1974/358 on the Position of a Trade-Union Representative at the Work Place</p>
<p>Act 1967/531 on Safeguarding Pension Commitments.</p>
<p>United Kingdom:</p>
<p>Regulations 1981, Statutory Instruments no 1794 of 14/12/81.</p>
<p>Trade Union Reform and Employment Rights Act, 1993</p>
<p>Terms and conditions of employment. Regulations, 1995 - No 2587. END OF DOCUMENT.</p>
</text>
<copyright>(c) Reuters Limited 1997</copyright>
<metadata>
<codes class="bip:countries:1.0">
  <code code="EEC">
    <editdetail attribution="Reuters BIP Coding Group" action="confirmed" date="1997-03-11"/>
  </code>
</codes>
<codes class="bip:topics:1.0">
  <code code="E41">
    <editdetail attribution="Reuters BIP Coding Group" action="confirmed" date="1997-03-11"/>
  </code>
  <code code="ECAT">
    <editdetail attribution="Reuters BIP Coding Group" action="confirmed" date="1997-03-11"/>
  </code>
  <code code="G15">
    <editdetail attribution="Reuters BIP Coding Group" action="confirmed" date="1997-03-11"/>
  </code>
  <code code="GCAT">
    <editdetail attribution="Reuters BIP Coding Group" action="confirmed" date="1997-03-11"/>
  </code>
  <code code="GJOB">
    <editdetail attribution="Reuters BIP Coding Group" action="confirmed" date="1997-03-11"/>
  </code>
</codes>
<dc element="dc.publisher" value="Reuters Holdings Plc"/>
<dc element="dc.date.published" value="1997-03-11"/>
<dc element="dc.source" value="Reuters"/>
<dc element="dc.creator.location.country.name" value="EU"/>
<dc element="dc.source" value="Reuters"/>
</metadata>
</newsitem>
