<?xml version="1.0" encoding="iso-8859-1" ?>
<newsitem itemid="432122" id="root" date="1997-03-11" xml:lang="en">
<title>CANADA: Wascana to consider Talisman meeting.</title>
<headline>Wascana to consider Talisman meeting.</headline>
<dateline>CALGARY 1997-03-11</dateline>
<text>
<p>Wascana Energy Inc, which earlier rejected Talisman Energy Inc's C$1.7 billion takeover offer, will consider a Talisman request to meet with its board, Wascana chief executive Frank Proto said on Tuesday.</p>
<p>&quot;(Talisman chief executive Jim Buckee) sent us a letter yesterday asking for a meeting with our board or special committee and they're taking it under advisement,&quot; Proto told a conference call.</p>
<p>However, Proto said he was confident that his firm could come up with an alternative to Talsiman's offer before it expired on March 24.  </p>
<p>He said Wascana, which currently has two reportedly busy data rooms in Calgary, is considering all alternatives to the bid, including rival offers and financial restructurings such as income trust arrangements.</p>
<p>Regina, Saskatchewan-based Wascana said on Tuesday that its board unanimously rejected the offer after financial advisers RBC Dominion Securities Inc and Goldman Sachs &amp; Co ruled that it was inadequate and that Wascana shareholders would have an insufficient equity stake in the merged entity.</p>
<p>It said the deal would give Wascana a value that was below that ascribed to oil and gas assets in similar transactions.  </p>
<p>Wascana said also that Talisman's offer was announced before the release of the target's 1996 financial results, which showed stronger-than-expected oil and gas reserve additions and production.</p>
<p>Proto said Wascana had received a request from Talisman to gain data room access, a query that would also be examined by the company's special committee.</p>
<p>&quot;Right now, everyone who has had access to the data room...have access on the same terms and conditions and we're reviewing what those terms and conditions may mean to someone who already has an offer out,&quot; he said.  </p>
<p>Talisman has offered C$18.50 cash or 0.41 of a Talisman share for each Wascana share. The bid is valued at C$1.7 billion with the assumption of Wascana's long-term debt.</p>
<p>On Sunday, Wascana released its updated assessment of reserves which showed a total of 303 million barrels of oil equivalent in the proven plus probable category, a 24 percent jump from the number reported in 1996 financial results.</p>
<p>Wascana officials told the conference call that Ryder Scott Co, which made the evaluation, pegged the present value of the proven and probable reserves, discounted at 10 percent before tax, at C$2.3 billion.</p>
<p>The amount did not include land value.</p>
<p>Wascana shares were trading up 0.10 to 19.05 on volume of 1.9 million late in Tuesday's session.</p>
<p>Talisman fell 0.35 to trade at 43.90, placing the share-swap value of its offer at C$17.99 per Wascana share, the lowest since it launched the bid on February 12.</p>
<p>((Reuters Calgary Bureau (403) 531-1624))</p>
</text>
<copyright>(c) Reuters Limited 1997</copyright>
<metadata>
<codes class="bip:countries:1.0">
  <code code="CANA">
    <editdetail attribution="Reuters BIP Coding Group" action="confirmed" date="1997-03-11"/>
  </code>
</codes>
<codes class="bip:industries:1.0">
  <code code="I13000">
    <editdetail attribution="Reuters BIP Coding Group" action="confirmed" date="1997-03-11"/>
  </code>
  <code code="I1300003">
    <editdetail attribution="Reuters BIP Coding Group" action="confirmed" date="1997-03-11"/>
  </code>
</codes>
<codes class="bip:topics:1.0">
  <code code="C18">
    <editdetail attribution="Reuters BIP Coding Group" action="confirmed" date="1997-03-11"/>
  </code>
  <code code="C181">
    <editdetail attribution="Reuters BIP Coding Group" action="confirmed" date="1997-03-11"/>
  </code>
  <code code="CCAT">
    <editdetail attribution="Reuters BIP Coding Group" action="confirmed" date="1997-03-11"/>
  </code>
</codes>
<dc element="dc.date.created" value="1997-03-11"/>
<dc element="dc.publisher" value="Reuters Holdings Plc"/>
<dc element="dc.date.published" value="1997-03-11"/>
<dc element="dc.source" value="Reuters"/>
<dc element="dc.creator.location" value="CALGARY"/>
<dc element="dc.creator.location.country.name" value="CANADA"/>
<dc element="dc.source" value="Reuters"/>
</metadata>
</newsitem>
