<?xml version="1.0" encoding="iso-8859-1" ?>
<newsitem itemid="432130" id="root" date="1997-03-11" xml:lang="en">
<title>USA: Seaboard Q4 shr profit vs loss.</title>
<headline>Seaboard Q4 shr profit vs loss.</headline>
<dateline>SHAWNEE MISSION, Ka. 1997-03-11</dateline>
<text>
<p>1996		     1995</p>
<p> Shr profit	$9.67	  loss    $1.13</p>
<p> Net profit	14,385	 loss    1,682</p>
<p> Sales	     485,489		  394,389</p>
<p>	  12 MONTHS</p>
<p> Shr profit	$3.93	  profit  $13.58</p>
<p> Net profit	5,846	  profit  20,202</p>
<p> Sales	     1,464,362		1,173,977</p>
<p>(All data above 000s except per share numbers)</p>
<p>Full company name is Seabord Corp</p>
<p>NOTE: Full-year 1996 results include a $2.02 per share gain for change in inventory accounting.</p>
<p>((New York newsdesk 212-859-1610))</p>
</text>
<copyright>(c) Reuters Limited 1997</copyright>
<metadata>
<codes class="bip:countries:1.0">
  <code code="USA">
    <editdetail attribution="Reuters BIP Coding Group" action="confirmed" date="1997-03-11"/>
  </code>
</codes>
<codes class="bip:industries:1.0">
  <code code="I41000">
    <editdetail attribution="Reuters BIP Coding Group" action="confirmed" date="1997-03-11"/>
  </code>
</codes>
<codes class="bip:topics:1.0">
  <code code="C15">
    <editdetail attribution="Reuters BIP Coding Group" action="confirmed" date="1997-03-11"/>
  </code>
  <code code="C151">
    <editdetail attribution="Reuters BIP Coding Group" action="confirmed" date="1997-03-11"/>
  </code>
  <code code="C1511">
    <editdetail attribution="Reuters BIP Coding Group" action="confirmed" date="1997-03-11"/>
  </code>
  <code code="CCAT">
    <editdetail attribution="Reuters BIP Coding Group" action="confirmed" date="1997-03-11"/>
  </code>
</codes>
<dc element="dc.date.created" value="1997-03-11"/>
<dc element="dc.publisher" value="Reuters Holdings Plc"/>
<dc element="dc.date.published" value="1997-03-11"/>
<dc element="dc.source" value="Reuters"/>
<dc element="dc.creator.location" value="SHAWNEE MISSION, Ka."/>
<dc element="dc.creator.location.country.name" value="USA"/>
<dc element="dc.source" value="Reuters"/>
</metadata>
</newsitem>
