<?xml version="1.0" encoding="iso-8859-1" ?>
<newsitem itemid="432127" id="root" date="1997-03-11" xml:lang="en">
<title>USA: U.S. Cattle/Beef Daily Summary.</title>
<headline>U.S. Cattle/Beef Daily Summary.</headline>
<text>
<p>Midwest and High Plains Direct Slaughter Cattle: Tue, Mar 11, 1997</p>
<p>		:  Tex-OK :    KS   :    NE   :   IA    :    CO   :  5 Area</p>
<p>Tue Sales   :     200 :    None :     200 :     400 :    None :     800</p>
<p>Week to Date:  22,000 :   6,300 :   5,000 :   1,900 :     100 :  35,300</p>
<p>Sm Pd Lst Wk:  22,900 :   6,100 :   7,600 :   1,500 :   8,900 :  47,000</p>
<p>Sm Pd Lst Yr:  28,000 :   4,300 :   7,700 :   2,600 :     100 :  42,700</p>
<p>Tue Lv Strs :   ----- :   ----- :   67.00 :   ----- :   ----- :   67.00</p>
<p>		:	   :	   :	   :	   :	   :</p>
<p>Tue Lv Hfrs :   68.00 :   ----- :   ----- :   ----- :   ----- :   68.00</p>
<p>		:	   :	   :	   :	   :	   :</p>
<p>Tue Dr Strs :	   :	   :  ------ :  110.00 :  ------ :  110.00</p>
<p>		:	   :	   :	   :	   :	   :</p>
<p>Tue Dr Hfrs :	   :	   :  ------ :  ------ :  ------ :  ------</p>
<p>		:	   :	   :	   :	   :	   :</p>
<p>Live Steers : (Weighted averages for Mon, Mar 10, 1997)</p>
<p> No. Head   :     --- :    ---- :     --- :     --- :     --- :    ----</p>
<p> Av. Weight :    ---- :    ---- :    ---- :    ---- :    ---- :    ----</p>
<p> Av. Price  :   ----- :   ----- :   ----- :   ----- :   ----- :   -----</p>
<p>Live heifers: (Weighted averages for Mon, Mar 10, 1997)</p>
<p> No. Head   :     --- :     --- :     --- :     --- :     --- :     ---</p>
<p> Av. Weight :    ---- :    ---- :    ---- :    ---- :    ---- :    ----</p>
<p> Av. Price  :   ----- :   ----- :   ----- :   ----- :   ----- :   -----</p>
<p>Dressed Steers: (Weighted averages for Mon, Mar 10, 1997)</p>
<p> No. Head   :     --- :     --- :     --- :     184 :     --- :     184</p>
<p> Av. Weight :    ---- :    ---- :    ---- :    1184 :    ---- :    1184</p>
<p>Av. Price  :  ------ :  ------ :  ------ :  109.01 :  ------ :  109.01</p>
<p>Dressed Heifers: (Weighted averages for Mon, Mar 10, 1997)</p>
<p> No. Head   :     --- :     --- :     --- :	22 :     --- :	22</p>
<p> Av. Weight :    ---- :    ---- :    ---- :    1100 :    ---- :    1100</p>
<p>Av. Price  :  ------ :  ------ :  ------ :  109.00 :  ------ :  109.00</p>
<p>Mon,Ttl Wted:     --- :    ---- :     --- :     206 :     --- :     206</p>
<p>Ttl others  :  21,100 :    ---- :   4,428 :     594 :	-- :  26,122</p>
<p>(03-11-97) Boxed Beef Cutout Value: Choice	 Select     367 Fab lds</p>
<p>			550-700 lbs  104.70 -1.67   99.62 -2.21   10 50's lds</p>
<p>			700-850 lbs  104.66 -1.31   99.38 -1.59   26 Grd  lds</p>
<p>						 (03-11-97)  (--------)  Wk to date</p>
<p>Est'd Fed Inspected Cattle Slaughter:   134,000		    264,000</p>
</text>
<copyright>(c) Reuters Limited 1997</copyright>
<metadata>
<codes class="bip:countries:1.0">
  <code code="USA">
    <editdetail attribution="Reuters BIP Coding Group" action="confirmed" date="1997-03-11"/>
  </code>
</codes>
<codes class="bip:topics:1.0">
  <code code="M14">
    <editdetail attribution="Reuters BIP Coding Group" action="confirmed" date="1997-03-11"/>
  </code>
  <code code="M141">
    <editdetail attribution="Reuters BIP Coding Group" action="confirmed" date="1997-03-11"/>
  </code>
  <code code="MCAT">
    <editdetail attribution="Reuters BIP Coding Group" action="confirmed" date="1997-03-11"/>
  </code>
</codes>
<dc element="dc.publisher" value="Reuters Holdings Plc"/>
<dc element="dc.date.published" value="1997-03-11"/>
<dc element="dc.source" value="Reuters"/>
<dc element="dc.creator.location.country.name" value="USA"/>
<dc element="dc.source" value="Reuters"/>
</metadata>
</newsitem>
