<?xml version="1.0" encoding="iso-8859-1" ?>
<newsitem itemid="432133" id="root" date="1997-03-11" xml:lang="en">
<title>USA: RESEARCH ALERT - CPFL downgraded to hold.</title>
<headline>RESEARCH ALERT - CPFL downgraded to hold.</headline>
<text>
<p>-- Credit Lyonnais Securities said in a report it was downgrading Sao Paulo state power utility company Companhia Paulista de Forca e Luz (CPFL) to hold from buy.</p>
<p>-- It said the company's share price has risen 50 percent so far this year against an increase of 36 percent of the Sao Paulo bourse index Ibovespa in the same period.</p>
<p>-- It said the company is fully priced versus its sector peers.</p>
<p>-- CPFL's preferred shares were trading at 125 reais up 0.64 percent.</p>
<p>((-- Romina Nicaretta, Sao Paulo newsroom, 5511 248 5415))</p>
</text>
<copyright>(c) Reuters Limited 1997</copyright>
<metadata>
<codes class="bip:countries:1.0">
  <code code="BRAZ">
    <editdetail attribution="Reuters BIP Coding Group" action="confirmed" date="1997-03-11"/>
  </code>
</codes>
<codes class="bip:industries:1.0">
  <code code="I16100">
    <editdetail attribution="Reuters BIP Coding Group" action="confirmed" date="1997-03-11"/>
  </code>
</codes>
<codes class="bip:topics:1.0">
  <code code="C15">
    <editdetail attribution="Reuters BIP Coding Group" action="confirmed" date="1997-03-11"/>
  </code>
  <code code="C152">
    <editdetail attribution="Reuters BIP Coding Group" action="confirmed" date="1997-03-11"/>
  </code>
  <code code="CCAT">
    <editdetail attribution="Reuters BIP Coding Group" action="confirmed" date="1997-03-11"/>
  </code>
</codes>
<dc element="dc.publisher" value="Reuters Holdings Plc"/>
<dc element="dc.date.published" value="1997-03-11"/>
<dc element="dc.source" value="Reuters"/>
<dc element="dc.creator.location.country.name" value="USA"/>
<dc element="dc.source" value="Reuters"/>
</metadata>
</newsitem>
