<?xml version="1.0" encoding="iso-8859-1" ?>
<newsitem itemid="432191" id="root" date="1997-03-11" xml:lang="en">
<title>USA: Youth Service chair resigns after placement.</title>
<headline>Youth Service chair resigns after placement.</headline>
<dateline>OWINGS MILLS, Md. 1997-03-11</dateline>
<text>
<p>Youth Services International Inc said on Tuesday its chairman and founder W. James Hindman resigned after the company completed the resale of 1.5 million common shares held by Hindman and Henry Felton.</p>
<p>The board named Timothy Cole, chief executive officer, as chairman, it said. The company said last year Hindman would be less active in day-to-day affairs after Cole became ceo.</p>
<p>Felton retired as company president in December.</p>
<p>Gilder, Gagnon, Howe &amp; Co of New York was the placement agent for the selling shareholders.</p>
<p>Hindman still owned about 9.3 percent of the outstanding Youth Services stock, the company said.</p>
<p>Youth Services International operates 21 residential and community based educational and behavioral-change programs for about 3,000 youths in 12 states.</p>
<p>((New York newsdesk 212-859-1610))</p>
</text>
<copyright>(c) Reuters Limited 1997</copyright>
<metadata>
<codes class="bip:countries:1.0">
  <code code="USA">
    <editdetail attribution="Reuters BIP Coding Group" action="confirmed" date="1997-03-11"/>
  </code>
</codes>
<codes class="bip:topics:1.0">
  <code code="C41">
    <editdetail attribution="Reuters BIP Coding Group" action="confirmed" date="1997-03-11"/>
  </code>
  <code code="C411">
    <editdetail attribution="Reuters BIP Coding Group" action="confirmed" date="1997-03-11"/>
  </code>
  <code code="CCAT">
    <editdetail attribution="Reuters BIP Coding Group" action="confirmed" date="1997-03-11"/>
  </code>
</codes>
<dc element="dc.date.created" value="1997-03-11"/>
<dc element="dc.publisher" value="Reuters Holdings Plc"/>
<dc element="dc.date.published" value="1997-03-11"/>
<dc element="dc.source" value="Reuters"/>
<dc element="dc.creator.location" value="OWINGS MILLS, Md."/>
<dc element="dc.creator.location.country.name" value="USA"/>
<dc element="dc.source" value="Reuters"/>
</metadata>
</newsitem>
