<?xml version="1.0" encoding="iso-8859-1" ?>
<newsitem itemid="432199" id="root" date="1997-03-11" xml:lang="en">
<title>USA: NUI aims for double-digit earnings growth.</title>
<headline>NUI aims for double-digit earnings growth.</headline>
<dateline>BEDMINSTER, N.J. 1997-03-11</dateline>
<text>
<p>NUI Corp said on Tuesday that its goal over the next few years is to continue delivering &quot;double digit earnings growth.&quot;</p>
<p>President and chief executive officer John Kean Jr told shareholders at the company's annual meeting that the company will continue its core gas distribution business, while increasing margins through complimentary customer services and energy sales. The company issued a news release after the annual meeting.  </p>
<p>NUI said its 1996 revenues of $469 million increased 16 percent from 1995 and net income in 1996 increased 38 percent to $14.9 million.</p>
</text>
<copyright>(c) Reuters Limited 1997</copyright>
<metadata>
<codes class="bip:countries:1.0">
  <code code="USA">
    <editdetail attribution="Reuters BIP Coding Group" action="confirmed" date="1997-03-11"/>
  </code>
</codes>
<codes class="bip:industries:1.0">
  <code code="I83960">
    <editdetail attribution="Reuters BIP Coding Group" action="confirmed" date="1997-03-11"/>
  </code>
</codes>
<codes class="bip:topics:1.0">
  <code code="C15">
    <editdetail attribution="Reuters BIP Coding Group" action="confirmed" date="1997-03-11"/>
  </code>
  <code code="C152">
    <editdetail attribution="Reuters BIP Coding Group" action="confirmed" date="1997-03-11"/>
  </code>
  <code code="CCAT">
    <editdetail attribution="Reuters BIP Coding Group" action="confirmed" date="1997-03-11"/>
  </code>
</codes>
<dc element="dc.date.created" value="1997-03-11"/>
<dc element="dc.publisher" value="Reuters Holdings Plc"/>
<dc element="dc.date.published" value="1997-03-11"/>
<dc element="dc.source" value="Reuters"/>
<dc element="dc.creator.location" value="BEDMINSTER, N.J."/>
<dc element="dc.creator.location.country.name" value="USA"/>
<dc element="dc.source" value="Reuters"/>
</metadata>
</newsitem>
