<?xml version="1.0" encoding="iso-8859-1" ?>
<newsitem itemid="432190" id="root" date="1997-03-11" xml:lang="en">
<title>USA: SCAC says Mideast talks satisfactory.</title>
<headline>SCAC says Mideast talks satisfactory.</headline>
<dateline>KANSAS CITY, Mo. 1997-03-11</dateline>
<text>
<p>SCAC Holdings Corp, which recently acquired worldwide rights from Solplax Ltd for its Solplax PVA (plastic) technology, said contract negotiations on the product are moving satisfactorily in the Middle East.</p>
<p>Chairman Michael Cunningham described the contract negotiations with Middle Eastern countries as proceeding &quot;very satisfactorily&quot; and he expects to make a further announcement during the International Defense Exhibition, which is taking place in Dubai between March 16-21.</p>
<p>Solplax is a biodegradable replacement for a wide variety of plastics and plastic-related products.</p>
<p>((Reuters Chicago Newsdesk (312) 408-8787))</p>
</text>
<copyright>(c) Reuters Limited 1997</copyright>
<metadata>
<codes class="bip:countries:1.0">
  <code code="UAE">
    <editdetail attribution="Reuters BIP Coding Group" action="confirmed" date="1997-03-11"/>
  </code>
  <code code="USA">
    <editdetail attribution="Reuters BIP Coding Group" action="confirmed" date="1997-03-11"/>
  </code>
</codes>
<codes class="bip:industries:1.0">
  <code code="I74000">
    <editdetail attribution="Reuters BIP Coding Group" action="confirmed" date="1997-03-11"/>
  </code>
  <code code="I83960">
    <editdetail attribution="Reuters BIP Coding Group" action="confirmed" date="1997-03-11"/>
  </code>
</codes>
<codes class="bip:topics:1.0">
  <code code="C33">
    <editdetail attribution="Reuters BIP Coding Group" action="confirmed" date="1997-03-11"/>
  </code>
  <code code="CCAT">
    <editdetail attribution="Reuters BIP Coding Group" action="confirmed" date="1997-03-11"/>
  </code>
</codes>
<dc element="dc.date.created" value="1997-03-11"/>
<dc element="dc.publisher" value="Reuters Holdings Plc"/>
<dc element="dc.date.published" value="1997-03-11"/>
<dc element="dc.source" value="Reuters"/>
<dc element="dc.creator.location" value="KANSAS CITY, Mo."/>
<dc element="dc.creator.location.country.name" value="USA"/>
<dc element="dc.source" value="Reuters"/>
</metadata>
</newsitem>
