<?xml version="1.0" encoding="iso-8859-1" ?>
<newsitem itemid="432194" id="root" date="1997-03-11" xml:lang="en">
<title>USA: U.S. corporate debt deals focus on gov't tax talk.</title>
<headline>U.S. corporate debt deals focus on gov't tax talk.</headline>
<dateline>NEW YORK 1997-03-11</dateline>
<text>
<p>U.S. corporate bond spreads were mostly flat on Tuesday as players focused on nearly $1.0 billion in trust preferred deals, traders said.</p>
<p>The issuance of the trust preferred deals precedes a hearing by the House Ways and Means Committee on Wednesday that will address the Clinton Administration's 1998 budget proposals, including the removal of the tax deductable status of trust preferred dividend payments.</p>
<p>Should the Administration's proposal be passed, fixed-income analysts said Wednesday could emerge as the date the new tax treatment would become effective.  </p>
<p>&quot;A lot of conservative issuers may say there is a chance tomorrow may be the effective date and therefore may not want to issue more securities, said Andrew Gilligan, fixed-income analyst at Bear, Stearns &amp; Co.</p>
<p>At the same time, Gilligan noted some trust preferred issuers may ignore the possibility and that it was a toss up as to whether issuance would come to a halt.</p>
<p>Topping the slate, American General Corp issued $500 million capital securities by competitive bid in the private placement market. Morgan Stanley took the 49-year deal with a bid spread of 126.7 basis points, market sources said.  </p>
<p>One market source said the securities were reoffered at a spread of 123 basis points over the curve, although other Street sources scoffed at the rich price.</p>
<p>Coincidentally, Standard &amp; Poor's assigned an A-plus rating to the deal while placing it under review for possible downgrade citing the pending merger with USLIFE Corp.</p>
<p>Morgan Stanley declined to comment on the deal.</p>
<p>Elsewhere, TCI Communications Inc sold $300 million Ba3/BB-plus rated 9.65 percent 30-year capital securities to yield 275 basis points over the curve via co-lead managers Lehman Brothers and Merrill Lynch &amp; Co.  </p>
<p>&quot;Accounts have a bias toward buying, but they think spreads are too tight and they're waiting for new issue product to put cash into,&quot; one industrials trader said, adding that new issues have been &quot;dull and sporadic.&quot;</p>
<p>Turning to high-yielding issues, few prices reflected large movements despite a flurry of early session trade but one large New York firm called spreads marginally wider.</p>
<p>Michaels Stores 10-7/8 percent debt was one of those few, traders said, gaining 1-1/2 points to 103 on speculation of fourth quarter earnings. In February, chief executive officer Michael Rouleau warned the Q4 results would probably be at the lower end of expectations.</p>
<p>Michaels said it will report fourth quarter earnings on Wednesday after the market close.</p>
<p>Marvel Holdings Inc's &quot;old&quot; bonds traded higher before falling about 3/8 point near mid-session. The debt retraced those losses and closed at 22-1/2 bid, one trader said.</p>
<p>In the new issue market, Anvil Knitwear Inc issued $130 million 10-7/8 percent B3/B-plus rated 10-year senior notes at par via a Donaldson, Lufkin &amp; Jenrette Securities syndicate.</p>
<p>The T-bond closed down 14/32 to yield 6.85 percent.</p>
<p>((--Al Yoon, 212-859-1672))</p>
</text>
<copyright>(c) Reuters Limited 1997</copyright>
<metadata>
<codes class="bip:countries:1.0">
  <code code="USA">
    <editdetail attribution="Reuters BIP Coding Group" action="confirmed" date="1997-03-11"/>
  </code>
</codes>
<codes class="bip:topics:1.0">
  <code code="M12">
    <editdetail attribution="Reuters BIP Coding Group" action="confirmed" date="1997-03-11"/>
  </code>
  <code code="MCAT">
    <editdetail attribution="Reuters BIP Coding Group" action="confirmed" date="1997-03-11"/>
  </code>
</codes>
<dc element="dc.date.created" value="1997-03-11"/>
<dc element="dc.publisher" value="Reuters Holdings Plc"/>
<dc element="dc.date.published" value="1997-03-11"/>
<dc element="dc.source" value="Reuters"/>
<dc element="dc.creator.location" value="NEW YORK"/>
<dc element="dc.creator.location.country.name" value="USA"/>
<dc element="dc.source" value="Reuters"/>
</metadata>
</newsitem>
