<?xml version="1.0" encoding="iso-8859-1" ?>
<newsitem itemid="432150" id="root" date="1997-03-11" xml:lang="en">
<title>USA: RESEARCH ALERT - Denbury, Saba.</title>
<headline>RESEARCH ALERT - Denbury, Saba.</headline>
<text>
<p>-- Oppenheimer &amp; Co initiated coverage of Saba Petroleum Co with a buy recommendation and raised the rating on Denbury Resources Inc to outperfrom from market perform, according to an Oppenheimer source.</p>
<p>-- Saba shares were up 1/2 to 22 on the American Stock Exchange while Denbury's Nasdaq-listed shares added 3/16 to 12-5/16.</p>
</text>
<copyright>(c) Reuters Limited 1997</copyright>
<metadata>
<codes class="bip:countries:1.0">
  <code code="USA">
    <editdetail attribution="Reuters BIP Coding Group" action="confirmed" date="1997-03-11"/>
  </code>
</codes>
<codes class="bip:industries:1.0">
  <code code="I13000">
    <editdetail attribution="Reuters BIP Coding Group" action="confirmed" date="1997-03-11"/>
  </code>
  <code code="I1300003">
    <editdetail attribution="Reuters BIP Coding Group" action="confirmed" date="1997-03-11"/>
  </code>
</codes>
<codes class="bip:topics:1.0">
  <code code="C15">
    <editdetail attribution="Reuters BIP Coding Group" action="confirmed" date="1997-03-11"/>
  </code>
  <code code="C152">
    <editdetail attribution="Reuters BIP Coding Group" action="confirmed" date="1997-03-11"/>
  </code>
  <code code="CCAT">
    <editdetail attribution="Reuters BIP Coding Group" action="confirmed" date="1997-03-11"/>
  </code>
</codes>
<dc element="dc.publisher" value="Reuters Holdings Plc"/>
<dc element="dc.date.published" value="1997-03-11"/>
<dc element="dc.source" value="Reuters"/>
<dc element="dc.creator.location.country.name" value="USA"/>
<dc element="dc.source" value="Reuters"/>
</metadata>
</newsitem>
