<?xml version="1.0" encoding="iso-8859-1" ?>
<newsitem itemid="432111" id="root" date="1997-03-11" xml:lang="en">
<title>EU:  REUTER EC REPORT LONG-TERM DIARY FOR MARCH 17-DEC 31, 1997 (PAGE 1/10 - MARCH 17-19).</title>
<headline>REUTER EC REPORT LONG-TERM DIARY FOR MARCH 17-DEC 31, 1997 (PAGE 1/10 - MARCH 17-19).</headline>
<text>
<p>****</p>
<p>HIGHLIGHTS</p>
<p>****</p>
<p>AMSTERDAM - The Netherlands hosts summit of European Union leaders (June 16-17).</p>
<p>MADRID - NATO holds summit to set the course for enlargement (July 8 and 9).</p>
<p>LUXEMBOURG - Luxembourg hosts summit of European Union leaders (December 12-13).</p>
<p>MONDAY, MARCH 17</p>
<p>THE HAGUE - The Dutch presidency hosts conference on &quot;Governance in the Euro-Mediterranean region&quot; (To March 18).</p>
<p>BRUSSELS (EXPANDED ITEM) - ECOFIN Council meets (1000/0900 GMT):</p>
<p>Agenda includes:</p>
<p>- Convergence programme of Germany.</p>
<p>- Convergence programme of France.</p>
<p>- Court of Auditors President Bernhard Friedmann statement and draft recommendation on the discharge on the annual report of the Court of Auditors for 1995; Court of Auditors President Bernhard Friedmann presentation and draft Council statement of assurance.</p>
<p>- Preparation for stage 3 of EMU (including technical characteristics of euro coins).</p>
<p>- Taxation of energy products.</p>
<p>BRUSSELS (EXPANDED ITEM) - EU farm ministers meet (To March 19).</p>
<p>Provisional agenda includes:</p>
<p>- Commission presentation on fixing farm products and certain connected measures for 1997-98.</p>
<p>- Proposal for Council regulation:</p>
<p>- Establishing an identification and registration system for beef;</p>
<p>- On beef products and beef based products labelling.</p>
<p>- Proposal for Council regulation on Member States action programmes to control expenses under EAGGF, guarantee section.</p>
<p>- Proposal for Council regulation modifying Council regulation 1765/92 instituting a support system for arable crops producers.</p>
<p>- Proposal for Council regulation modifying oenological practices and treatment provisions of regulation 822/87 on the common organisation of wine market.</p>
<p>- Proposal for Council regulation modifying regulation 3448/93 fixing exchange regime applicable to certain processed goods.</p>
<p>- EU strategy on the trade of flowers.</p>
<p>- (possibly) Proposal for Council regulation modifying regulation 3813/92 on the unit of account and conversion rates to be applied in the framework of a common farm policy.</p>
<p>- State of play of negotiations with third countries for the conclusion of veterinary and plant health equivalency accords - Commission report.</p>
<p>- Adoption in Community languages of Council directive modifying and updating directive 64/432/EEC on sanitary police problems in intra-Community exchanges of animal species (beef and pigs).</p>
<p>- (possibly) Proposal for Council regulation opening Community tarriff quotas for barley under code NC 1003 00.</p>
<p>- (possibly) Proposal for Council regulation fixing measures and compensations on sensitive reevaluations affecting farm revenues.</p>
<p>BULGARIA (NEW ITEM) - European Commissioner van den Broek leads EU mission to discuss financial help before a funding deal with the International Monetary Fund is in place.</p>
<p>BRUSSELS (NEW ITEM) - EU and African, Caribbean and Pacific countries (ACP) hold joint assembly (1430/1330 GMT) (To March 18). European Parliament President Jose Maria Gil-Robles gives opening address.</p>
<p>Agenda also includes:</p>
<p>- Dutch Development Cooperation Minister Jan Pronk gives address.</p>
<p>- ACP Council Major General Sitiveni Rabuka gives address.</p>
<p>- World Bank official responsible for sustainable environmental and social development Ismail Serageldin gives address.</p>
<p>- Draft general report on the impact of the U.N. world conferences 1990-96 on cooperation between the Union and the ACP States under the Lome convention.</p>
<p>- The future of ACP-EU relations and the Commission green paper.</p>
<p>- Urban development in the ACP countries.</p>
<p>- Regional cooperation in ACP countries.</p>
<p>- Fisheries in ACP countries.</p>
<p>- Industrial development in the ACP countries.</p>
<p>- Refugees and displaced persons in the ACP countries in the context of humanitarian aid policy.</p>
<p>- The situation in Africa's Great Lakes Regions, in Somalia, Chad, Nigeria, Togo, Angola and Zambia.</p>
<p>- Relations between South Africa and the signatory states to the Lome convention.</p>
<p>BRUSSELS - Centre for European Policy Studies (CEPS) holds lunchtime seminar on &quot;Redrawing the map of Europe&quot; (1115/1215 GMT). Speaker is London School of Economics Senior Research Fellow Michael Emerson. Venue: CEPS. Contact: CEPS (322) 229 3911.</p>
<p>TUESDAY, MARCH 18</p>
<p>BRUSSELS (NEW ITEM) - EU Farm Council continues.</p>
<p>Ministers hold structured dialogue with Central and Eastern European Countries (1000/0900 GMT), followed by lunch.</p>
<p>BRUSSELS (NEW ITEM) - ACP-EU joint assembly (second of two days). Closing news conference on the outcome of the meeting (1315/1215 GMT).</p>
<p>BRUSSELS - Management Global Information (MGI) holds conference on &quot;Monetary Union and large firms - How to manage the euro project&quot; (0900/0800 GMT) (To March 19). Discussions include: how to take into account the changeover to the euro both in business processes and information systems; key opportunities for corporate finance and treasury departments linked to the switchover to the euro. Venue: Hotel Le Meridien. Contact: MGI (33) 1 41 10 20 80.</p>
<p>BRUSSELS - European Business Aviation Association (EBAA) holds conference on &quot;An uplift for business aviation&quot; (1100/1000 GMT) (To March 20). Venue: Sodehotel. Contact: EBAA (322) 721 4272.</p>
<p>WEDNESDAY, MARCH 19</p>
<p>BRUSSELS (NEW ITEM) - European Commission holds regular weekly meeting.</p>
<p>Provisional agenda includes:</p>
<p>- Commissioner van den Broek communication on new guidelines for the PHARE programme in the framework of pre-membership.</p>
<p>- Commissioner de Deus Pinheiro communication on structuring and reducing support for ACP countries' debt.</p>
<p>- Commissioner Flynn communication on the second stage of the social partners' consultation on sexual harassment at work.</p>
<p>- Commissioner Bonino communication on consumer education and training.</p>
<p>BRUSSELS (EXPANDED ITEM) - Economic and Social Committee (ECOSOC) holds plenary session (1430/1330 GMT) (To March 20).</p>
<p>Agenda includes:</p>
<p>- Employment, competitiveness and economic globalisation.</p>
<p>- Classification, packaging and labelling of dangerous preparations.</p>
<p>- Craft industries and small and medium sizes entreprises.</p>
<p>- The challenges facing the European defence related industry.</p>
<p>- Procedure for the provision of information in the field of technical standards and regulations.</p>
<p>- Annual report of the cohesion fund 1995.</p>
<p>- Amendments to basic decision relating to Socrates - Youth for Europe - Leonardo programmes to include Turkey among the beneficiary countries.</p>
<p>- European monitoring centre for racism and xenophobia.</p>
<p>- Collective redundancies.</p>
<p>- Community action programme &quot;European voluntary service for young people&quot;.</p>
<p>- Relations between the EU and China.</p>
<p>BRUSSELS (NEW ITEM) - EP and Council Conciliation Committee meets on the directive on interconnection in telecoms (1845/1745 GMT). Venue: Justus Lipsius building.</p>
<p>BRUSSELS (NEW ITEM) - European Centre for Advanced Research in Economics (ECARE) holds academic session to celebrate its fifth anniversary (1600/1500 GMT). European Commissioner Monti gives address on the single market programme and European integration. Venue: Human Science library, avenue P. Heger. Contact: ECARE (322) 650 3075.</p>
<p>BRUSSELS (NEW ITEM) - European Packaging &amp; Waste Law holds conference on &quot;Packaging law in Europe&quot; (To March 20). Venue: Sheraton Hotel. Contact: IBC Ltd (44) 1892 511 807.</p>
<p>BRUSSELS (NEW ITEM) - Centre for European Policy Studies (CEPS) holds lunchtime seminar on &quot;The BSE crisis and the EU&quot; (1315/1215 GMT). Speaker is MEP Manuel Medina Ortega. Venue: CEPS. Contact: CEPS (322) 229 3911. Commission approves merger in business travel services</p>
<p>EUROPEAN COMMISSION PRESS RELEASE: IP/97/204</p>
<p>DOCUMENT DATE: MARCH 11, 1997</p>
<p>*</p>
<p>The Commission approves merger in business travel services.</p>
<p>*</p>
<p>The European Commission has decided to approve an operation by which the Compagnie Internationale des Wagons-Lits et du Tourisme S.A. and Carlson Companies Inc. acquire joint control of a new concentrative joint venture into which they merge their worldwide business travel operations, at present governed by the Union Agreement signed by them in 1994. CIWLT will also transfer its leisure travel business to the joint venture.</p>
<p>In view of the share that this joint venture will have in the travel markets concerned and the existence of significant competitors, the Commission considers that the proposed concentration does not create or strengthen a dominant position as a result of which effective competition would be significantly impeded in the EEA or any substantial part of that area.</p>
<p>The Compagnie Internationale des Wagons-Lits et du Tourisme S.A. (CIWLT) belongs to the group Accor S.A. (France) which is operating a range of activities related to travel and business services including hotels, service vouchers, institutional catering, travel agencies, restaurants, railway services and car rental. Carlson Companies Inc. is active in the hotel and restaurant industries and operates travel agents, tour operators and other travel-related services. END OF DOCUMENT.</p>
</text>
<copyright>(c) Reuters Limited 1997</copyright>
<metadata>
<codes class="bip:countries:1.0">
  <code code="EEC">
    <editdetail attribution="Reuters BIP Coding Group" action="confirmed" date="1997-03-11"/>
  </code>
</codes>
<codes class="bip:topics:1.0">
  <code code="G15">
    <editdetail attribution="Reuters BIP Coding Group" action="confirmed" date="1997-03-11"/>
  </code>
  <code code="GCAT">
    <editdetail attribution="Reuters BIP Coding Group" action="confirmed" date="1997-03-11"/>
  </code>
</codes>
<dc element="dc.publisher" value="Reuters Holdings Plc"/>
<dc element="dc.date.published" value="1997-03-11"/>
<dc element="dc.source" value="Reuters"/>
<dc element="dc.creator.location.country.name" value="EU"/>
<dc element="dc.source" value="Reuters"/>
</metadata>
</newsitem>
