<?xml version="1.0" encoding="iso-8859-1" ?>
<newsitem itemid="432159" id="root" date="1997-03-11" xml:lang="en">
<title>USA: RESEARCH ALERT-National Computer said cut.</title>
<headline>RESEARCH ALERT-National Computer said cut.</headline>
<text>
<p>-- Smith Barney cut its rating of National Computer Systems Inc to neutral from outperform, according to a source at the brokerage firm.</p>
<p>-- Shares slipped 1/2 to 25-1/4 in early trading on Tuesday.  </p>
<p>-- Analyst Barry Bosak could not be reached for immediate comment.</p>
</text>
<copyright>(c) Reuters Limited 1997</copyright>
<metadata>
<codes class="bip:countries:1.0">
  <code code="USA">
    <editdetail attribution="Reuters BIP Coding Group" action="confirmed" date="1997-03-11"/>
  </code>
</codes>
<codes class="bip:industries:1.0">
  <code code="I83954">
    <editdetail attribution="Reuters BIP Coding Group" action="confirmed" date="1997-03-11"/>
  </code>
</codes>
<codes class="bip:topics:1.0">
  <code code="C15">
    <editdetail attribution="Reuters BIP Coding Group" action="confirmed" date="1997-03-11"/>
  </code>
  <code code="C152">
    <editdetail attribution="Reuters BIP Coding Group" action="confirmed" date="1997-03-11"/>
  </code>
  <code code="CCAT">
    <editdetail attribution="Reuters BIP Coding Group" action="confirmed" date="1997-03-11"/>
  </code>
</codes>
<dc element="dc.publisher" value="Reuters Holdings Plc"/>
<dc element="dc.date.published" value="1997-03-11"/>
<dc element="dc.source" value="Reuters"/>
<dc element="dc.creator.location.country.name" value="USA"/>
<dc element="dc.source" value="Reuters"/>
</metadata>
</newsitem>
