<?xml version="1.0" encoding="iso-8859-1" ?>
<newsitem itemid="432137" id="root" date="1997-03-11" xml:lang="en">
<title>USA: RESEARCH ALERT - Gruntal backs Robotic.</title>
<headline>RESEARCH ALERT - Gruntal backs Robotic.</headline>
<text>
<p>-- Gruntal analyst Mark Langley said the fundamentals for Robotic Vision Systems Inc remain intact, but that he recommends waiting for &quot;the dust to settle&quot; before taking advantage of any buying opportunity.</p>
<p>-- said the stock has sold off as an institutional holder works through a large sell order.</p>
<p>-- said Federal Aviaion Administration award to company of $557,500 to research and develop an on-aircraft wide area ice detection system lends credibility to the company's technology.</p>
</text>
<copyright>(c) Reuters Limited 1997</copyright>
<metadata>
<codes class="bip:countries:1.0">
  <code code="USA">
    <editdetail attribution="Reuters BIP Coding Group" action="confirmed" date="1997-03-11"/>
  </code>
</codes>
<codes class="bip:industries:1.0">
  <code code="I33020">
    <editdetail attribution="Reuters BIP Coding Group" action="confirmed" date="1997-03-11"/>
  </code>
  <code code="I3302004">
    <editdetail attribution="Reuters BIP Coding Group" action="confirmed" date="1997-03-11"/>
  </code>
</codes>
<codes class="bip:topics:1.0">
  <code code="C15">
    <editdetail attribution="Reuters BIP Coding Group" action="confirmed" date="1997-03-11"/>
  </code>
  <code code="C152">
    <editdetail attribution="Reuters BIP Coding Group" action="confirmed" date="1997-03-11"/>
  </code>
  <code code="CCAT">
    <editdetail attribution="Reuters BIP Coding Group" action="confirmed" date="1997-03-11"/>
  </code>
</codes>
<dc element="dc.publisher" value="Reuters Holdings Plc"/>
<dc element="dc.date.published" value="1997-03-11"/>
<dc element="dc.source" value="Reuters"/>
<dc element="dc.creator.location.country.name" value="USA"/>
<dc element="dc.source" value="Reuters"/>
</metadata>
</newsitem>
