<?xml version="1.0" encoding="iso-8859-1" ?>
<newsitem itemid="432188" id="root" date="1997-03-11" xml:lang="en">
<title>USA: Florida Panthers files 6 mln common shelf.</title>
<headline>Florida Panthers files 6 mln common shelf.</headline>
<dateline>WASHINGTON 1997-03-11</dateline>
<text>
<p>Florida Panthers Holdings Inc Tuesday filed a shelf registration with the Securities and Exchange Commission to sell up to six million Class A common shares.</p>
<p>After the offering, outstanding shares including Class A and Class B will total 23,648,444 common, the filing said.</p>
<p>The net proceeds will be used for general working capital.</p>
<p>The Florida Panthers, based in Fort Lauderdale, operates through two business segments: sports and entertainment and leisure and recreation.</p>
<p>The sports and entertainment segment includes the ownership and operation of the Florida Panthers, a professional hockey team.</p>
</text>
<copyright>(c) Reuters Limited 1997</copyright>
<metadata>
<codes class="bip:countries:1.0">
  <code code="USA">
    <editdetail attribution="Reuters BIP Coding Group" action="confirmed" date="1997-03-11"/>
  </code>
</codes>
<codes class="bip:industries:1.0">
  <code code="I97911">
    <editdetail attribution="Reuters BIP Coding Group" action="confirmed" date="1997-03-11"/>
  </code>
</codes>
<codes class="bip:topics:1.0">
  <code code="C17">
    <editdetail attribution="Reuters BIP Coding Group" action="confirmed" date="1997-03-11"/>
  </code>
  <code code="C171">
    <editdetail attribution="Reuters BIP Coding Group" action="confirmed" date="1997-03-11"/>
  </code>
  <code code="CCAT">
    <editdetail attribution="Reuters BIP Coding Group" action="confirmed" date="1997-03-11"/>
  </code>
</codes>
<dc element="dc.date.created" value="1997-03-11"/>
<dc element="dc.publisher" value="Reuters Holdings Plc"/>
<dc element="dc.date.published" value="1997-03-11"/>
<dc element="dc.source" value="Reuters"/>
<dc element="dc.creator.location" value="WASHINGTON"/>
<dc element="dc.creator.location.country.name" value="USA"/>
<dc element="dc.source" value="Reuters"/>
</metadata>
</newsitem>
