<?xml version="1.0" encoding="iso-8859-1" ?>
<newsitem itemid="432170" id="root" date="1997-03-11" xml:lang="en">
<title>USA: RESEARCH ALERT - Prudential starts telecom stocks.</title>
<headline>RESEARCH ALERT - Prudential starts telecom stocks.</headline>
<text>
<p>-- Prudential Securities analyst Guy Woodlief, who recently joined the brokerage from Dean Witter, said he started six U.S. telecomunications providers as buys and another eight as neutrals.</p>
<p>-- The analyst said he started WorldCom Inc as a buy and put it on the firm's single best idea list. He also put buy ratings on MCI Communications Corp, Bell Atlantic Corp, GTE Corp and Ameritech Corp.</p>
<p>-- He also issued a buy rating on Sprint Corp which had been rated a buy by the previous analyst.  </p>
<p>-- The analyst said he initiated eight telco providers with hold ratings including AT&amp;T Corp, Frontier Corp, LCI International Inc, BellSouth Corp, NYNEX Corp Pacific Telesis, SBC Communications Inc and U S West Communications Group.</p>
<p>((-- E. Auchard, Wall Street bureau, 212-859-1736))</p>
</text>
<copyright>(c) Reuters Limited 1997</copyright>
<metadata>
<codes class="bip:countries:1.0">
  <code code="USA">
    <editdetail attribution="Reuters BIP Coding Group" action="confirmed" date="1997-03-11"/>
  </code>
</codes>
<codes class="bip:industries:1.0">
  <code code="I34410">
    <editdetail attribution="Reuters BIP Coding Group" action="confirmed" date="1997-03-11"/>
  </code>
  <code code="I79020">
    <editdetail attribution="Reuters BIP Coding Group" action="confirmed" date="1997-03-11"/>
  </code>
</codes>
<codes class="bip:topics:1.0">
  <code code="C15">
    <editdetail attribution="Reuters BIP Coding Group" action="confirmed" date="1997-03-11"/>
  </code>
  <code code="C152">
    <editdetail attribution="Reuters BIP Coding Group" action="confirmed" date="1997-03-11"/>
  </code>
  <code code="CCAT">
    <editdetail attribution="Reuters BIP Coding Group" action="confirmed" date="1997-03-11"/>
  </code>
</codes>
<dc element="dc.publisher" value="Reuters Holdings Plc"/>
<dc element="dc.date.published" value="1997-03-11"/>
<dc element="dc.source" value="Reuters"/>
<dc element="dc.creator.location.country.name" value="USA"/>
<dc element="dc.source" value="Reuters"/>
</metadata>
</newsitem>
