<?xml version="1.0" encoding="iso-8859-1" ?>
<newsitem itemid="432129" id="root" date="1997-03-11" xml:lang="en">
<title>USA: CONSENSUS: U.S. corporate earnings surprise data.</title>
<headline>CONSENSUS: U.S. corporate earnings surprise data.</headline>
<text>
<p>Earnings surprise for March 11, provided by Zacks Investment Research. The following companies reported the greatest deviations, above or below analysts' mean estimates, as compiled by Zacks</p>
<p>COMPANY		  ESTIMATE  ACTUAL  PCT SURPRISE</p>
<p>O I Corp		 -0.02    0.12   700.00%</p>
<p>Matav Cable Sys	 0.17    0.37   117.65%</p>
<p>Ivax Corp		-0.22   -0.02    90.91%</p>
<p>Elron Electron	  0.13    0.19    46.15%</p>
<p>Barrett Res Cp	  0.32    0.41    28.13%</p>
<p>Hayes Whls Intl	 0.11    0.13    18.18%</p>
<p>Microlog Corp	   0.11    0.13    18.18%</p>
<p>PDT Inc		  -0.34   -0.28    17.65%</p>
<p>Thermo Instrmnt	 0.30    0.34    13.33%</p>
<p>Supreme Intl Cp	 0.32    0.36    12.50%</p>
<p>Casino Magic	    0.02   -0.40 -2100.00%</p>
<p>Safeguard Hlth	  0.22    0.05   -77.27%</p>
<p>Chicos Fas Fnc	 -0.04   -0.07   -75.00%</p>
<p>Recoton Corp	    0.56    0.18   -67.86%</p>
<p>Greif Bros Cl A	 0.35    0.14   -60.00%</p>
<p>Charming Shoppe	 0.03    0.02   -33.33%</p>
<p>Darden Restrnt	  0.13    0.10   -23.08%</p>
<p>Manchester Equp	 0.11    0.10    -9.09%</p>
<p>Rush Enterprise	 0.25    0.24    -4.00%</p>
<p>Natl Auto Crdt	  0.25    0.24    -4.00%</p>
</text>
<copyright>(c) Reuters Limited 1997</copyright>
<metadata>
<codes class="bip:countries:1.0">
  <code code="USA">
    <editdetail attribution="Reuters BIP Coding Group" action="confirmed" date="1997-03-11"/>
  </code>
</codes>
<codes class="bip:industries:1.0">
  <code code="I13000">
    <editdetail attribution="Reuters BIP Coding Group" action="confirmed" date="1997-03-11"/>
  </code>
  <code code="I1300003">
    <editdetail attribution="Reuters BIP Coding Group" action="confirmed" date="1997-03-11"/>
  </code>
  <code code="I25700">
    <editdetail attribution="Reuters BIP Coding Group" action="confirmed" date="1997-03-11"/>
  </code>
  <code code="I31000">
    <editdetail attribution="Reuters BIP Coding Group" action="confirmed" date="1997-03-11"/>
  </code>
  <code code="I33020">
    <editdetail attribution="Reuters BIP Coding Group" action="confirmed" date="1997-03-11"/>
  </code>
  <code code="I34000">
    <editdetail attribution="Reuters BIP Coding Group" action="confirmed" date="1997-03-11"/>
  </code>
  <code code="I34400">
    <editdetail attribution="Reuters BIP Coding Group" action="confirmed" date="1997-03-11"/>
  </code>
  <code code="I34420">
    <editdetail attribution="Reuters BIP Coding Group" action="confirmed" date="1997-03-11"/>
  </code>
  <code code="I34532">
    <editdetail attribution="Reuters BIP Coding Group" action="confirmed" date="1997-03-11"/>
  </code>
  <code code="I35300">
    <editdetail attribution="Reuters BIP Coding Group" action="confirmed" date="1997-03-11"/>
  </code>
  <code code="I45300">
    <editdetail attribution="Reuters BIP Coding Group" action="confirmed" date="1997-03-11"/>
  </code>
  <code code="I65100">
    <editdetail attribution="Reuters BIP Coding Group" action="confirmed" date="1997-03-11"/>
  </code>
  <code code="I65400">
    <editdetail attribution="Reuters BIP Coding Group" action="confirmed" date="1997-03-11"/>
  </code>
  <code code="I66100">
    <editdetail attribution="Reuters BIP Coding Group" action="confirmed" date="1997-03-11"/>
  </code>
  <code code="I84801">
    <editdetail attribution="Reuters BIP Coding Group" action="confirmed" date="1997-03-11"/>
  </code>
  <code code="I95100">
    <editdetail attribution="Reuters BIP Coding Group" action="confirmed" date="1997-03-11"/>
  </code>
  <code code="I97912">
    <editdetail attribution="Reuters BIP Coding Group" action="confirmed" date="1997-03-11"/>
  </code>
</codes>
<codes class="bip:topics:1.0">
  <code code="C15">
    <editdetail attribution="Reuters BIP Coding Group" action="confirmed" date="1997-03-11"/>
  </code>
  <code code="C152">
    <editdetail attribution="Reuters BIP Coding Group" action="confirmed" date="1997-03-11"/>
  </code>
  <code code="CCAT">
    <editdetail attribution="Reuters BIP Coding Group" action="confirmed" date="1997-03-11"/>
  </code>
</codes>
<dc element="dc.publisher" value="Reuters Holdings Plc"/>
<dc element="dc.date.published" value="1997-03-11"/>
<dc element="dc.source" value="Reuters"/>
<dc element="dc.creator.location.country.name" value="USA"/>
<dc element="dc.source" value="Reuters"/>
</metadata>
</newsitem>
