<?xml version="1.0" encoding="iso-8859-1" ?>
<newsitem itemid="432179" id="root" date="1997-03-11" xml:lang="en">
<title>USA: Budgetel to spend $2.5 mln on renovations.</title>
<headline>Budgetel to spend $2.5 mln on renovations.</headline>
<dateline>MILWAUKEE 1997-03-11</dateline>
<text>
<p>Budgetel Inns Inc, a national chain of motels owned and franchised by Marcus Corp, said Tuesday it is investing more than $2.5 million to convert rooms into new business-class rooms.</p>
<p>The chain plans to convert 10 percent of all rooms at each of its locations into &quot;BusinessFirst&quot; rooms. They will include more than 20 business-travel amenities, including extra-large desks, ergonomic chairs and speakerphones, the company said.</p>
<p>The conversion program is underway and is expected to be completed by the end of March, 1997, the company said.</p>
<p>&quot;Gone are the days when business travelers used their hotel-room bed as a workstation,&quot; said Kelli Trumble, a business travel consultant and spokeswoman for Budgetel.</p>
<p>Budgetel said it conducted extensive market research into the needs of business travelers, and the BusinessFirst rooms were tested at six Budgetel sites which confirmed the need for business rooms and amenities.</p>
<p>Marcus Corp includes four divisions -- motels, movie theatres, hotels/resorts and restaurants. The company operates and franchises 135 Budgetel Inns in 28 states.</p>
<p>((--Chicago newsdesk, 312-408-8787))</p>
</text>
<copyright>(c) Reuters Limited 1997</copyright>
<metadata>
<codes class="bip:countries:1.0">
  <code code="USA">
    <editdetail attribution="Reuters BIP Coding Group" action="confirmed" date="1997-03-11"/>
  </code>
</codes>
<codes class="bip:industries:1.0">
  <code code="I66500">
    <editdetail attribution="Reuters BIP Coding Group" action="confirmed" date="1997-03-11"/>
  </code>
</codes>
<codes class="bip:topics:1.0">
  <code code="C11">
    <editdetail attribution="Reuters BIP Coding Group" action="confirmed" date="1997-03-11"/>
  </code>
  <code code="C24">
    <editdetail attribution="Reuters BIP Coding Group" action="confirmed" date="1997-03-11"/>
  </code>
  <code code="CCAT">
    <editdetail attribution="Reuters BIP Coding Group" action="confirmed" date="1997-03-11"/>
  </code>
</codes>
<dc element="dc.date.created" value="1997-03-11"/>
<dc element="dc.publisher" value="Reuters Holdings Plc"/>
<dc element="dc.date.published" value="1997-03-11"/>
<dc element="dc.source" value="Reuters"/>
<dc element="dc.creator.location" value="MILWAUKEE"/>
<dc element="dc.creator.location.country.name" value="USA"/>
<dc element="dc.source" value="Reuters"/>
</metadata>
</newsitem>
