<?xml version="1.0" encoding="iso-8859-1" ?>
<newsitem itemid="432135" id="root" date="1997-03-11" xml:lang="en">
<title>USA: RESEARCH ALERT - St. Paul Bancorp downgraded.</title>
<headline>RESEARCH ALERT - St. Paul Bancorp downgraded.</headline>
<text>
<p>-- EVEREN Securities Inc said Tuesday it downgraded St. Paul Bancorp Inc for the intermediate term based on the current stock price.</p>
<p>-- A recent advance in the price brought the company's shares close to EVEREN's revised target of $30, EVEREN said.</p>
<p>-- EVEREN said its newly long-term price target stands at $33 a share, which it said continues to imply an attractive return for investors with a longer term perspective.</p>
<p>-- The 1997 earnings estimate is $1.95 a share and the estimate for 1998 remains $2.10, EVEREN said.</p>
<p>-- St. Paul Bancorp is a bank holding company.</p>
<p>-- Its shares were off 13/32 Tuesday at 28-1/4.</p>
<p>((Chicago newsdesk (312) 408-8787))</p>
</text>
<copyright>(c) Reuters Limited 1997</copyright>
<metadata>
<codes class="bip:countries:1.0">
  <code code="USA">
    <editdetail attribution="Reuters BIP Coding Group" action="confirmed" date="1997-03-11"/>
  </code>
</codes>
<codes class="bip:industries:1.0">
  <code code="I81402">
    <editdetail attribution="Reuters BIP Coding Group" action="confirmed" date="1997-03-11"/>
  </code>
</codes>
<codes class="bip:topics:1.0">
  <code code="C15">
    <editdetail attribution="Reuters BIP Coding Group" action="confirmed" date="1997-03-11"/>
  </code>
  <code code="C152">
    <editdetail attribution="Reuters BIP Coding Group" action="confirmed" date="1997-03-11"/>
  </code>
  <code code="CCAT">
    <editdetail attribution="Reuters BIP Coding Group" action="confirmed" date="1997-03-11"/>
  </code>
</codes>
<dc element="dc.publisher" value="Reuters Holdings Plc"/>
<dc element="dc.date.published" value="1997-03-11"/>
<dc element="dc.source" value="Reuters"/>
<dc element="dc.creator.location.country.name" value="USA"/>
<dc element="dc.source" value="Reuters"/>
</metadata>
</newsitem>
