<?xml version="1.0" encoding="iso-8859-1" ?>
<newsitem itemid="432193" id="root" date="1997-03-11" xml:lang="en">
<title>USA: LSB Industries Inc cuts Q4 loss.</title>
<headline>LSB Industries Inc cuts Q4 loss.</headline>
<dateline>OKLAHOMA, Okla. 1997-03-11</dateline>
<text>
<p>1996			1995</p>
<p> Shr loss		   $0.25     loss	 $0.44</p>
<p> Net loss		   2,468     loss	 4,882</p>
<p> Revs			74,843		   62,727</p>
<p> Avg shrs		  12,974		   12,917</p>
<p>		 YEAR</p>
<p> Shr loss		   $0.54     loss	 $0.53</p>
<p> Net loss		   3,845     loss	 3,732</p>
<p> Revs		     314,050		  274,115</p>
<p> Avg shrs		  13,036		   13,233</p>
<p>(All data above 000s except per share numbers)</p>
<p>NOTE: Net loss prior to payment of preferred dividends.</p>
<p>Loss per share is loss applicable to common stock.</p>
</text>
<copyright>(c) Reuters Limited 1997</copyright>
<metadata>
<codes class="bip:countries:1.0">
  <code code="USA">
    <editdetail attribution="Reuters BIP Coding Group" action="confirmed" date="1997-03-11"/>
  </code>
</codes>
<codes class="bip:industries:1.0">
  <code code="I83960">
    <editdetail attribution="Reuters BIP Coding Group" action="confirmed" date="1997-03-11"/>
  </code>
</codes>
<codes class="bip:topics:1.0">
  <code code="C15">
    <editdetail attribution="Reuters BIP Coding Group" action="confirmed" date="1997-03-11"/>
  </code>
  <code code="C151">
    <editdetail attribution="Reuters BIP Coding Group" action="confirmed" date="1997-03-11"/>
  </code>
  <code code="C1511">
    <editdetail attribution="Reuters BIP Coding Group" action="confirmed" date="1997-03-11"/>
  </code>
  <code code="CCAT">
    <editdetail attribution="Reuters BIP Coding Group" action="confirmed" date="1997-03-11"/>
  </code>
</codes>
<dc element="dc.date.created" value="1997-03-11"/>
<dc element="dc.publisher" value="Reuters Holdings Plc"/>
<dc element="dc.date.published" value="1997-03-11"/>
<dc element="dc.source" value="Reuters"/>
<dc element="dc.creator.location" value="OKLAHOMA, Okla."/>
<dc element="dc.creator.location.country.name" value="USA"/>
<dc element="dc.source" value="Reuters"/>
</metadata>
</newsitem>
