<?xml version="1.0" encoding="iso-8859-1" ?>
<newsitem itemid="432197" id="root" date="1997-03-11" xml:lang="en">
<title>USA: Amtech wins $1.7 mln furnace system order.</title>
<headline>Amtech wins $1.7 mln furnace system order.</headline>
<dateline>TEMPE, Ariz. 1997-03-11</dateline>
<text>
<p>Amtech Systems Inc on Tuesday said it received a $1.7 million order to produce its eight-inch Tempress horizontal diffusion furnace system for use in making semiconductors.</p>
<p>The purchaser is a leading maker of DRAM (dynamic random access memory) chips in Korea, Amtech said.</p>
<p>Each system would be supplied with three processing chambers, a gas delivery system and an Amtech class 10 load station, the company said in a statement.</p>
</text>
<copyright>(c) Reuters Limited 1997</copyright>
<metadata>
<codes class="bip:countries:1.0">
  <code code="SKOREA">
    <editdetail attribution="Reuters BIP Coding Group" action="confirmed" date="1997-03-11"/>
  </code>
  <code code="USA">
    <editdetail attribution="Reuters BIP Coding Group" action="confirmed" date="1997-03-11"/>
  </code>
</codes>
<codes class="bip:industries:1.0">
  <code code="I34350">
    <editdetail attribution="Reuters BIP Coding Group" action="confirmed" date="1997-03-11"/>
  </code>
  <code code="I34531">
    <editdetail attribution="Reuters BIP Coding Group" action="confirmed" date="1997-03-11"/>
  </code>
</codes>
<codes class="bip:topics:1.0">
  <code code="C33">
    <editdetail attribution="Reuters BIP Coding Group" action="confirmed" date="1997-03-11"/>
  </code>
  <code code="CCAT">
    <editdetail attribution="Reuters BIP Coding Group" action="confirmed" date="1997-03-11"/>
  </code>
</codes>
<dc element="dc.date.created" value="1997-03-11"/>
<dc element="dc.publisher" value="Reuters Holdings Plc"/>
<dc element="dc.date.published" value="1997-03-11"/>
<dc element="dc.source" value="Reuters"/>
<dc element="dc.creator.location" value="TEMPE, Ariz."/>
<dc element="dc.creator.location.country.name" value="USA"/>
<dc element="dc.source" value="Reuters"/>
</metadata>
</newsitem>
