<?xml version="1.0" encoding="iso-8859-1" ?>
<newsitem itemid="432180" id="root" date="1997-03-11" xml:lang="en">
<title>USA: Unitog Q4 hurt by direct sales falloff.</title>
<headline>Unitog Q4 hurt by direct sales falloff.</headline>
<dateline>KANSAS CITY, Mo. 1997-03-11</dateline>
<text>
<p>Unitog Co, which rents and sells uniforms to a variety of industries, said it posted lower January 26 fourth-quarter earnings because of a decrease in its direct sales business.</p>
<p>Chairman Randolph Rolf in a statement also cited additional costs associated with the introduction of a new data processing system at Unitog's distribution centers and slower than expected progress in improving the Michigan-based rental operations acquired in March, 1996 from Central Quality Services Corp.</p>
<p>Fourth-quarter total revenues rose to $66.5 million from $60.5 million.</p>
<p>&quot;Rental revenues increased 16 percent to $53 million during the quarter due to our recent acquisitions and revenue growth at existing locations,&quot; Rolf noted. &quot;Direct sales declined by seven percent from the previous year to $14 million. The decrease was primarily the result of customer shipment delays created by the introduction of a new data processing system in our distribution centers.&quot;</p>
<p>Earnings in the quarter fell to $0.29 a share from $0.32.</p>
<p>		((Reuters Chicago Newsdesk (312) 408-8787))</p>
</text>
<copyright>(c) Reuters Limited 1997</copyright>
<metadata>
<codes class="bip:countries:1.0">
  <code code="USA">
    <editdetail attribution="Reuters BIP Coding Group" action="confirmed" date="1997-03-11"/>
  </code>
</codes>
<codes class="bip:industries:1.0">
  <code code="I45300">
    <editdetail attribution="Reuters BIP Coding Group" action="confirmed" date="1997-03-11"/>
  </code>
</codes>
<codes class="bip:topics:1.0">
  <code code="C15">
    <editdetail attribution="Reuters BIP Coding Group" action="confirmed" date="1997-03-11"/>
  </code>
  <code code="C151">
    <editdetail attribution="Reuters BIP Coding Group" action="confirmed" date="1997-03-11"/>
  </code>
  <code code="C1511">
    <editdetail attribution="Reuters BIP Coding Group" action="confirmed" date="1997-03-11"/>
  </code>
  <code code="CCAT">
    <editdetail attribution="Reuters BIP Coding Group" action="confirmed" date="1997-03-11"/>
  </code>
</codes>
<dc element="dc.date.created" value="1997-03-11"/>
<dc element="dc.publisher" value="Reuters Holdings Plc"/>
<dc element="dc.date.published" value="1997-03-11"/>
<dc element="dc.source" value="Reuters"/>
<dc element="dc.creator.location" value="KANSAS CITY, Mo."/>
<dc element="dc.creator.location.country.name" value="USA"/>
<dc element="dc.source" value="Reuters"/>
</metadata>
</newsitem>
