<?xml version="1.0" encoding="iso-8859-1" ?>
<newsitem itemid="432160" id="root" date="1997-03-11" xml:lang="en">
<title>USA: RESEARCH ALERT - Dura Pharma started.</title>
<headline>RESEARCH ALERT - Dura Pharma started.</headline>
<text>
<p>-- Alex. Brown said analysts Barbara Ryan and Mara Goldstein initiated coverage of Dura Pharmaceuticals Inc with a strong buy rating.</p>
<p>-- said company has a strong position in respiratory market and should be successful in adding products to its portfolio.</p>
<p>-- said believes there is a sizeable market for company's Spiros dry powder inhaler.</p>
<p>-- projects 30 to 40 percent five-year growth rate.</p>
<p>-- estimates earnings of $0.89 in 1997.</p>
<p>-- estimates earnings of $1.20 in 1998.</p>
<p>-- set price target of 50 in 12 months.</p>
<p>-- Dura stock closed at 39 on Monday.</p>
</text>
<copyright>(c) Reuters Limited 1997</copyright>
<metadata>
<codes class="bip:countries:1.0">
  <code code="USA">
    <editdetail attribution="Reuters BIP Coding Group" action="confirmed" date="1997-03-11"/>
  </code>
</codes>
<codes class="bip:industries:1.0">
  <code code="I25700">
    <editdetail attribution="Reuters BIP Coding Group" action="confirmed" date="1997-03-11"/>
  </code>
</codes>
<codes class="bip:topics:1.0">
  <code code="C15">
    <editdetail attribution="Reuters BIP Coding Group" action="confirmed" date="1997-03-11"/>
  </code>
  <code code="C152">
    <editdetail attribution="Reuters BIP Coding Group" action="confirmed" date="1997-03-11"/>
  </code>
  <code code="CCAT">
    <editdetail attribution="Reuters BIP Coding Group" action="confirmed" date="1997-03-11"/>
  </code>
</codes>
<dc element="dc.publisher" value="Reuters Holdings Plc"/>
<dc element="dc.date.published" value="1997-03-11"/>
<dc element="dc.source" value="Reuters"/>
<dc element="dc.creator.location.country.name" value="USA"/>
<dc element="dc.source" value="Reuters"/>
</metadata>
</newsitem>
