<?xml version="1.0" encoding="iso-8859-1" ?>
<newsitem itemid="432196" id="root" date="1997-03-11" xml:lang="en">
<title>USA: Safety-Kleen sees Q1 EPS down.</title>
<headline>Safety-Kleen sees Q1 EPS down.</headline>
<dateline>ELGIN, Ill. 1997-03-11</dateline>
<text>
<p>Safety-Kleen Corp said Tuesday it expects first quarter earnings of about $0.20 a share, down from $0.23 a share a year ago.</p>
<p>Added capacity in the lube oil industry in North America is pressuring lube oil selling prices more than expected, the company said.</p>
<p>&quot;The company expects that its Oil Recovery Service will generate a net loss of approximately $1 million in the first quarter compared with net earnings of $860,000 in the first quarter of 1996,&quot; chief executive John Johnson Jr. said in a news release.  </p>
<p>The company also said it deferred the planned expansion of its East Chicago re-refinery due to the weak lube oil market.</p>
<p>The environmental and industrial service company said it expects its other services will produce strong revenue growth during the rest of the year.</p>
<p>Safety-Kleen shares rose 1/8 to 18-3/8 Tuesday.</p>
<p>((Chicago newsdesk, 312-408-8787))</p>
</text>
<copyright>(c) Reuters Limited 1997</copyright>
<metadata>
<codes class="bip:countries:1.0">
  <code code="USA">
    <editdetail attribution="Reuters BIP Coding Group" action="confirmed" date="1997-03-11"/>
  </code>
</codes>
<codes class="bip:industries:1.0">
  <code code="I92300">
    <editdetail attribution="Reuters BIP Coding Group" action="confirmed" date="1997-03-11"/>
  </code>
</codes>
<codes class="bip:topics:1.0">
  <code code="C15">
    <editdetail attribution="Reuters BIP Coding Group" action="confirmed" date="1997-03-11"/>
  </code>
  <code code="C152">
    <editdetail attribution="Reuters BIP Coding Group" action="confirmed" date="1997-03-11"/>
  </code>
  <code code="CCAT">
    <editdetail attribution="Reuters BIP Coding Group" action="confirmed" date="1997-03-11"/>
  </code>
</codes>
<dc element="dc.date.created" value="1997-03-11"/>
<dc element="dc.publisher" value="Reuters Holdings Plc"/>
<dc element="dc.date.published" value="1997-03-11"/>
<dc element="dc.source" value="Reuters"/>
<dc element="dc.creator.location" value="ELGIN, Ill."/>
<dc element="dc.creator.location.country.name" value="USA"/>
<dc element="dc.source" value="Reuters"/>
</metadata>
</newsitem>
