<?xml version="1.0" encoding="iso-8859-1" ?>
<newsitem itemid="432148" id="root" date="1997-03-11" xml:lang="en">
<title>USA: RESEARCH ALERT - DLJ ups 5 food cos, cuts Campbell.</title>
<headline>RESEARCH ALERT - DLJ ups 5 food cos, cuts Campbell.</headline>
<text>
<p>-- Donaldson Lufkin Jenrette analyst William Leach confirmed that he upgraded his rating of five food companies and cut Campbell Soup Co to underperform from a market perform rating.</p>
<p>-- said new price targets based on 1998 earnings estimates.</p>
<p>-- said Campbell downgrade based on strong stock price and disappointing soup sales.</p>
<p>-- Archer Daniels Midland Co was upgraded to a buy from a market perform rating.  </p>
<p>-- Universal Foods Corp was upgraded to a buy from a market perform rating.</p>
<p>-- Sara Lee Corp was upgraded to a buy from a market perform rating.</p>
<p>-- Quaker Oats Co was upgraded to a market perform from an underperform rating.</p>
<p>-- General Mills Inc was upgraded to a market perform from an underperfomr rating.</p>
<p>-- Estimate for Archer Daniel June 1997 fiscal year is $1.30 a share, 1998 estimate is $1.35 a share.</p>
<p>-- Estimate for Universal Foods June 1997 fiscal year is $2.50 a share, 1998 estimate is $2.70 a share.</p>
<p>-- Estimate for Sara Lee July 1997 fiscal year is $2.05 a share, 1998 estimate is $2.30 a share.</p>
<p>-- Estimate for Quaker Oats 1997 fiscal (calendar) year is $1.40 a share, 1998 estimate is $1.60 a share.</p>
<p>-- Estimate for General Mills May 1997 fiscal year is $3.08 a share, 1998 estimate is $3.45 a share.</p>
<p>-- Estimate for Campbell Soup July 1997 fiscal year is $3.65 a share, 1998 estimate is $4.20 a share.</p>
</text>
<copyright>(c) Reuters Limited 1997</copyright>
<metadata>
<codes class="bip:countries:1.0">
  <code code="USA">
    <editdetail attribution="Reuters BIP Coding Group" action="confirmed" date="1997-03-11"/>
  </code>
</codes>
<codes class="bip:industries:1.0">
  <code code="I41000">
    <editdetail attribution="Reuters BIP Coding Group" action="confirmed" date="1997-03-11"/>
  </code>
</codes>
<codes class="bip:topics:1.0">
  <code code="C15">
    <editdetail attribution="Reuters BIP Coding Group" action="confirmed" date="1997-03-11"/>
  </code>
  <code code="C152">
    <editdetail attribution="Reuters BIP Coding Group" action="confirmed" date="1997-03-11"/>
  </code>
  <code code="CCAT">
    <editdetail attribution="Reuters BIP Coding Group" action="confirmed" date="1997-03-11"/>
  </code>
</codes>
<dc element="dc.publisher" value="Reuters Holdings Plc"/>
<dc element="dc.date.published" value="1997-03-11"/>
<dc element="dc.source" value="Reuters"/>
<dc element="dc.creator.location.country.name" value="USA"/>
<dc element="dc.source" value="Reuters"/>
</metadata>
</newsitem>
