<?xml version="1.0" encoding="iso-8859-1" ?>
<newsitem itemid="432162" id="root" date="1997-03-11" xml:lang="en">
<title>USA: RESEARCH ALERT - Veeco Instruments raised.</title>
<headline>RESEARCH ALERT - Veeco Instruments raised.</headline>
<text>
<p>-- Alex. Brown said on Tuesday it had raised its rating for Veeco Instruments Inc to strong buy from buy.</p>
<p>-- Shares in the Plainview, N.Y., company closed on Monday at 29.</p>
<p>-- The company makes ion beam etching and surface measurement systems used to produce microelectronics.</p>
<p>((-- Wall Street desk (212) 859-1730))</p>
</text>
<copyright>(c) Reuters Limited 1997</copyright>
<metadata>
<codes class="bip:countries:1.0">
  <code code="USA">
    <editdetail attribution="Reuters BIP Coding Group" action="confirmed" date="1997-03-11"/>
  </code>
</codes>
<codes class="bip:industries:1.0">
  <code code="I34531">
    <editdetail attribution="Reuters BIP Coding Group" action="confirmed" date="1997-03-11"/>
  </code>
</codes>
<codes class="bip:topics:1.0">
  <code code="C15">
    <editdetail attribution="Reuters BIP Coding Group" action="confirmed" date="1997-03-11"/>
  </code>
  <code code="C152">
    <editdetail attribution="Reuters BIP Coding Group" action="confirmed" date="1997-03-11"/>
  </code>
  <code code="CCAT">
    <editdetail attribution="Reuters BIP Coding Group" action="confirmed" date="1997-03-11"/>
  </code>
</codes>
<dc element="dc.publisher" value="Reuters Holdings Plc"/>
<dc element="dc.date.published" value="1997-03-11"/>
<dc element="dc.source" value="Reuters"/>
<dc element="dc.creator.location.country.name" value="USA"/>
<dc element="dc.source" value="Reuters"/>
</metadata>
</newsitem>
