<?xml version="1.0" encoding="iso-8859-1" ?>
<newsitem itemid="432123" id="root" date="1997-03-11" xml:lang="en">
<title>CANADA: CBRS reaffirms Gulf after Clyde deal.</title>
<headline>CBRS reaffirms Gulf after Clyde deal.</headline>
<dateline>MONTREAL 1997-03-11</dateline>
<text>
<p>Canadian Bond Rating Service said on Tuesday that it has reaffirmed the ratings of Gulf Canada Resources Ltd following its acquisition of Clyde Petroleum Plc.</p>
<p>The debt rating agency reaffirmed Gulf Canada's senior debentures at B+ (high), senior subordinated debentures at B+ (low), preferred shares at P-4, and commercial paper at A-2 (low).</p>
<p>All ratings carry a positive outlook, CBRS said in a statement.  </p>
<p>&quot;The successful acquisition of Clyde provides Gulf with the international expansion that it had been seeking with established reserves and production in the North Sea, Australia, with additional assets in Indonesia,&quot; CBRS said.</p>
<p>((Reuters Toronto Bureau (416) 941-8100))</p>
</text>
<copyright>(c) Reuters Limited 1997</copyright>
<metadata>
<codes class="bip:countries:1.0">
  <code code="CANA">
    <editdetail attribution="Reuters BIP Coding Group" action="confirmed" date="1997-03-11"/>
  </code>
</codes>
<codes class="bip:industries:1.0">
  <code code="I13000">
    <editdetail attribution="Reuters BIP Coding Group" action="confirmed" date="1997-03-11"/>
  </code>
  <code code="I1300003">
    <editdetail attribution="Reuters BIP Coding Group" action="confirmed" date="1997-03-11"/>
  </code>
</codes>
<codes class="bip:topics:1.0">
  <code code="C17">
    <editdetail attribution="Reuters BIP Coding Group" action="confirmed" date="1997-03-11"/>
  </code>
  <code code="C174">
    <editdetail attribution="Reuters BIP Coding Group" action="confirmed" date="1997-03-11"/>
  </code>
  <code code="C18">
    <editdetail attribution="Reuters BIP Coding Group" action="confirmed" date="1997-03-11"/>
  </code>
  <code code="C181">
    <editdetail attribution="Reuters BIP Coding Group" action="confirmed" date="1997-03-11"/>
  </code>
  <code code="CCAT">
    <editdetail attribution="Reuters BIP Coding Group" action="confirmed" date="1997-03-11"/>
  </code>
</codes>
<dc element="dc.date.created" value="1997-03-11"/>
<dc element="dc.publisher" value="Reuters Holdings Plc"/>
<dc element="dc.date.published" value="1997-03-11"/>
<dc element="dc.source" value="Reuters"/>
<dc element="dc.creator.location" value="MONTREAL"/>
<dc element="dc.creator.location.country.name" value="CANADA"/>
<dc element="dc.source" value="Reuters"/>
</metadata>
</newsitem>
