<?xml version="1.0" encoding="iso-8859-1" ?>
<newsitem itemid="432147" id="root" date="1997-03-11" xml:lang="en">
<title>USA: RESEARCH ALERT - System Software EPS view cut.</title>
<headline>RESEARCH ALERT - System Software EPS view cut.</headline>
<text>
<p>-- Barrington Research Associates Inc said Tuesday it had cut its fiscal 1997 earnings per share estimate on System Software Associates Inc to $0.33 from $0.36.</p>
<p>-- said software company's first quarter earnings were below expectations.</p>
<p>-- reiterated a buy rating on the stock.</p>
<p>-- System Software was up 1/4 at 10-1/2.</p>
<p>((--Chicago Newsdesk (312) 408-8787))</p>
</text>
<copyright>(c) Reuters Limited 1997</copyright>
<metadata>
<codes class="bip:countries:1.0">
  <code code="USA">
    <editdetail attribution="Reuters BIP Coding Group" action="confirmed" date="1997-03-11"/>
  </code>
</codes>
<codes class="bip:industries:1.0">
  <code code="I33020">
    <editdetail attribution="Reuters BIP Coding Group" action="confirmed" date="1997-03-11"/>
  </code>
  <code code="I3302021">
    <editdetail attribution="Reuters BIP Coding Group" action="confirmed" date="1997-03-11"/>
  </code>
</codes>
<codes class="bip:topics:1.0">
  <code code="C15">
    <editdetail attribution="Reuters BIP Coding Group" action="confirmed" date="1997-03-11"/>
  </code>
  <code code="C152">
    <editdetail attribution="Reuters BIP Coding Group" action="confirmed" date="1997-03-11"/>
  </code>
  <code code="CCAT">
    <editdetail attribution="Reuters BIP Coding Group" action="confirmed" date="1997-03-11"/>
  </code>
</codes>
<dc element="dc.publisher" value="Reuters Holdings Plc"/>
<dc element="dc.date.published" value="1997-03-11"/>
<dc element="dc.source" value="Reuters"/>
<dc element="dc.creator.location.country.name" value="USA"/>
<dc element="dc.source" value="Reuters"/>
</metadata>
</newsitem>
