<?xml version="1.0" encoding="iso-8859-1" ?>
<newsitem itemid="432110" id="root" date="1997-03-11" xml:lang="en">
<title>EU:  REUTER EC REPORT LONG-TERM DIARY (PAGE 2/10 - MAR 20-APR 6).</title>
<headline>REUTER EC REPORT LONG-TERM DIARY (PAGE 2/10 - MAR 20-APR 6).</headline>
<text>
<p>EC Report Long-Term Diary (page 4/10 - Apr 24-May 19). THURSDAY, MARCH 20</p>
<p>BRUSSELS - (possibly) EP and Council Conciliation Committee meets on directive amending the existing directive on &quot;Television without frontiers&quot;. Venue: EP.</p>
<p>BRUSSELS (EXPANDED ITEM) - Economic and Social Committee (ECOSOC) plenary session continues (second of two days).</p>
<p>BRUSSELS (NEW ITEM) - British Midland Chairman holds news conference on &quot;The completion of the European Commission's aviation reforms&quot; (1015/0915 GMT). Venue: Le Meridien Hotel. Contact: An Vandenberghe by fax (322) 732 1394.</p>
<p>BRUSSELS (NEW ITEM) - Katholieke Universiteit Brussel (KU) holds international relations lecture on &quot;A durable security for the new Europe: Russia's role&quot; (2000/1900 GMT). Speaker is Russian Ambassador Vitaly Churkin. Venue: KU Brussels. Contact: KU (322) 412 4211.</p>
<p>BRUSSELS - Euromanagement holds conference on &quot;Industrial water management&quot; (To March 21). The conference aims to help industry improve its water and wastewater management. Contact: Gabrielle Smit, Euromanagement (31) 40 297 4944.</p>
<p>HELSINKI (NEW ITEM) - Russian President Boris Yelstin and U.S. President Bill Clinton hold summit; discussions focus on NATO future and enlargement.</p>
<p>FRIDAY MARCH 21</p>
<p>BRUSSELS (NEW ITEM) - EU-Japan Centre for Industrial Cooperation European Office holds seminar on &quot;New business opportunities in Central and Eastern Europe for European and Japanese companies&quot; (1400/1300 GMT). Venue: Hilton Hotel. Contact: EU-Japan Centre for Industrial Cooperation European Office (322) 282 0040.</p>
<p>BRUSSELS (NEW ITEM) - Railforum Nederland and Deutsches Verkehrsforum hold joint conference on &quot;Railway frontiers in a frontier-free Europe&quot; (0930/0830 GMT). Speakers include: European Commissioner Kinnock. Venue: Sheraton Hotel. Contact: Irmgard Kirsten, Deutsches Verkehrsforum (49) 228 98 554 20.</p>
<p>DUBLIN (NEW ITEM) - Institute of European Affairs (IEA) holds conference on &quot;The inter-governmental conference and Ireland's strategic interests: flexibility, institutional reform and the third pillar&quot; (1400/1400 GMT). Venue: IEA, 8 North Great George's stree. Contact: IEA (353) 1 874 6756.</p>
<p>TOULOUSE, France - Institut Superieur de Recherche pour l'Europe holds seminar on &quot;The inter-governmental conference (IGC)&quot;. Contact: Institut Superieur de Recherche pour l'Europe (33) 5 61 52 7375.</p>
<p>MONDAY, MARCH 24</p>
<p>BRUSSELS - General Affairs Council (To March 25).</p>
<p>Provisional agenda includes:</p>
<p>- Former Yugoslavia.</p>
<p>- Albania: report of EU mission.</p>
<p>- Middle East peace process.</p>
<p>- Relations with Turkey: preparation of Association Council.</p>
<p>- Trade questions, including:</p>
<p>- Conclusion of an Information Technology Agreement;</p>
<p>- (possibly) WTO panel on Helms-Burton legislation.</p>
<p>- Relations with South Africa:</p>
<p>- State of negotiations on a cooperation agreement;</p>
<p>- Protocol of accession to the Lome Convention.</p>
<p>- Mediterranean policy:</p>
<p>- Preparation of 2nd Ministerial meeting (Barcelona process) (15-16 April 1997);</p>
<p>- State of negotiations with Egypt, Lebanon, Jordan and Algeria.</p>
<p>- Russia.</p>
<p>- Association Council with Romania: determination of the Union's position.</p>
<p>- Preparation of the structured dialogue meeting with the Central and Eastern European Countries (CEECs).</p>
<p>- VII ministerial meeting, EU-Rio Group: determination of the Union's position.</p>
<p>- In the margins of the Council:</p>
<p>- Association Council with Romania;</p>
<p>- Structured dialogue meeting with the CEECs.</p>
<p>BRUSSELS (NEW ITEM) - Centre for European Policy Studies (CEPS) holds lunchtime seminar on &quot;Future perspective for the European social fund&quot; (1315/1215 GMT). Speaker is European Commissioner Flynn. Venue: CEPS. Contact: CEPS (322) 229 3911.</p>
<p>BRUSSELS - British Chamber of Commerce in Belgium holds debate on &quot;EU competition policy - Third party rights - Use or abuse?&quot; (1730/1630 GMT). Venue: Meridien Hotel. Contact: British Chamber of Commerce in Belgium (322) 540 9030.</p>
<p>TUESDAY, MARCH 25</p>
<p>ROME (EXPANDED ITEM) - EU foreign ministers hold special conclave to commemorate the 40th anniversary of the 1957 Treaty of Rome.</p>
<p>Agenda includes:</p>
<p>- (1000/0900 GMT) The state of the inter-governmental conference (IGC).</p>
<p>- (NEW ITEM) - (1240/1140 GMT) Italian inter-governmental conference representative Fagiolo holds news conference on the outcome of the meeting.</p>
<p>- (1300/1200 GMT) Prime Minister Romano Prodi and European Commission President Santer hold joint news conference on the outcome of the General Affairs Council meeting.</p>
<p>- (1345/1245 GMT) Lunch hosted by Italian President Oscar Luigi Scalfaro.</p>
<p>- (1600/1500 GMT) Official commemoration ceremony of the 40th anniversary of the 1957 Treaty of Rome.</p>
<p>- (1700/1600 GMT) EP President Jose Maria Gil-Robles, Dutch Foreign Minister Hans van Mierlo and European Commission President Santer hold joint news conference following the ceremony.</p>
<p>- (1730/1630 GMT) Commission meeting.</p>
<p>- (1730/1630 GMT) National parliament presidents meet.</p>
<p>- (2000/1900 GMT) Rome mayor hosts reception.</p>
<p>BRUSSELS - EU Monetary Committee meets (1000/0900 GMT).</p>
<p>LUXEMBOURG (NEW ITEM) - European Commission hosts conference on &quot;Mobility and occupational pension schemes in Europe&quot; (0900/0800 GMT). Venue: Jean Monnet building, room M4. Contact: Uniglobe (322) 267 4183.</p>
<p>FRIDAY, MARCH 28</p>
<p>- EU institutions closed for Easter holidays to March 31 inclusive.</p>
<p>APRIL</p>
<p>BRUSSELS - Bosnian donor countries hold conference to discuss future of former Yugoslavia.</p>
<p>FRIDAY, APRIL 4</p>
<p>NOORDWIJK, Netherlands - Informal ECOFIN Council (To April 6). (possibly) Discussions focus on regulations for EMU stability pact, legal framework and ERM 2. Ministers will look at designs for euro coin ahead of formal decision by EU leaders in June.</p>
<p>SUNDAY, APRIL 6</p>
<p>MAASTRICHT - Informal Cultural Affairs Council (To April 8). No agenda yet available. Reuter EC Report Long-Term Diary (page 3/10 - Apr 7-23)</p>
<p>MONDAY, APRIL 7</p>
<p>NOORDWIJK - EU-Rio Group meeting involving South American countries and Mexico, Panama, Trinidad, Tobago and Costa Rica (To April 8).</p>
<p>STRASBOURG - European Parliament holds plenary session (To April 11).</p>
<p>BONN - European Commission hosts first annual electronic commerce conference &quot;G7 - Global marketplace for SMEs project&quot; (To April 9). Contact: Sandra Helms, Empirica GmbH (49) 228 985 3888.</p>
<p>SALZBURG (NEW ITEM) - ACI Europe holds conference on airport development and evironment issues (To April 9). Contact: Yevgeny Pogorelov (322) 552 0982.</p>
<p>BERLIN - International European Training Centre holds seminar on &quot;Building Europe: EU enlargement and deepening&quot;. Contact: International European Training Centre (33) 4 92 15 2121.</p>
<p>WEDNESDAY, APRIL 9</p>
<p>THE HAGUE - Dutch EU presidency hosts ministerial conference on social integration (To April 11).</p>
<p>THURSDAY, APRIL 10</p>
<p>LUXEMBOURG - Consumers Council.</p>
<p>Provisional agenda includes:</p>
<p>- Voluntary agreements as important instruments for consumer policy - Council resolution.</p>
<p>- Proposal for an EP and Council directive on injunctions for the protection of consumer interests.</p>
<p>- Proposal for an EP and Council directive amending directive 87/102/EEC (as amended by Directive 90/88/EEC) for the approximation of the laws, regulations and administrative provisions of the Member States concerning consumer credit.</p>
<p>- (possibly) Report of the Commission on the application of directive 87/012/EEC concerning consumer credit.</p>
<p>- Proposal for an EP and Council directive on the sale of consumer goods and associated guarantees.</p>
<p>BRUSSELS (NEW ITEM) - British Chamber of Commerce in Belgium holds annual banquet (1900/1800 GMT). European Commissioner Kinnock attends. Venue: Hilton Hotel. Contact: British Chamber of Commerce (322) 540 9030.</p>
<p>FRIDAY, APRIL 11</p>
<p>VENICE, Italy (NEW ITEM) - First scientific congress to review measures taken by the EU to restore consumer confidence in beef after the mad cow crisis (To April 12).</p>
<p>LONDON - The Royal Institute of International Affairs holds conference on &quot;Trade and environment: conflict or compatibility?&quot;. Sessions include: trade and environment after Singapore; trade versus environment - the evidence; industry concerns; resolving trade and environment disputes; the future. Speakers include: European Commissioner Brittan. Venue: Chatham House, 10 St James Square. Contact: Sharon Moore (44) 171 957 5700.</p>
<p>MONDAY, APRIL 14</p>
<p>LUXEMBOURG - Fisheries Council (To April 15).</p>
<p>Provisional agenda includes:</p>
<p>- Council decision on Multiannual Guidance Programmes (Structural arrangements for 1997-1999).</p>
<p>- (possibly) Proposal for a Council regulation laying down certain technical measures for the conservation of fisheries resources.</p>
<p>- Proposal for a Council decision on a specific measure to encourage Italian fishermen to diversify out of certain fishing activities.</p>
<p>- (possibly) Communication from the Commission to Council and EP on fisheries agreements (Present situation and future prospects).</p>
<p>- (possibly) Proposal for a Council regulation allocating among Member States, for 1997, Community fish quotas of Atlanto-Scandian herring and horse mackerel.</p>
<p>- (possibly) Accession of Community to General Fisheries Council for the Mediterranean.</p>
<p>- (possibly) Consultations with Norway on a new management regime for North Sea herring.</p>
<p>- (possibly) Consultations with Norway on a new management regime for mackerel.</p>
<p>- Proposal for a Council regulation providing for the opening and management of autonomous Community tariff quotas for certain fisheries products (1997).</p>
<p>TUESDAY, APRIL 15</p>
<p>VALETTA, Malta (NEW ITEM) - EU and Mediterranean ministers attend Euro-Med conference in a follow-up to the 1995 Barcelona conference (To April 16)</p>
<p>WEDNESDAY, APRIL 16</p>
<p>BRUSSELS - Aeronautica holds &quot;European air transport conference&quot; (To April 17). Venue: Sheraton Towers. Contact: Aeronautica (44) 181 893 3795.</p>
<p>THURSDAY, APRIL 17</p>
<p>LUXEMBOURG - Social Affairs Council.</p>
<p>Provisional agenda includes:</p>
<p>- Employment and Labour Market Committee.</p>
<p>- Modified proposal for a directive on &quot;Chemical Agents&quot;.</p>
<p>- Worker information and consultation.</p>
<p>- (possibly) Commission activities on analysis, research, cooperation and action in the field of employment.</p>
<p>- (possibly) Directive modifying directive 90/394/CEE concerning the protection of workers from the risks related to exposure to carcinogens at work.</p>
<p>- (possibly) New communication on the future of social protection.</p>
<p>- (possibly) White Paper on working time in excluded sectors.</p>
<p>- Proposal for a directive: &quot;Burden of proof in cases of discrimination based on sex&quot;.</p>
<p>- Proposal for a directive amending directive 76/207/EEC on the implementation of the principle of equal treatment for men and women as regards access to employment, vocational training and promotion, and working conditions (Kalanke Ruling).</p>
<p>- Collective redundancies (Codification).</p>
<p>- Council Recommendation on home working.</p>
<p>MAASTRICHT - Dutch EU presidency hosts post-Lome ministerial meeting (April 18).</p>
<p>BRUSSELS (NEW ITEM) - Katholieke Universiteit Brussel (KU) holds international relations lecture on &quot;Mixed signals: Central bank independence, wage bargaining&quot;. Speaker is Harvard University Government Professor Peter Hall. Venue: KU Brussels. Contact: KU (322) 412 4211.</p>
<p>FRIDAY, APRIL 18</p>
<p>AMSTERDAM - Informal Environment Council (To April 20). No agenda yet available.</p>
<p>MONDAY, APRIL 21</p>
<p>LUXEMBOURG - Farm Council (To April 22). No agenda yet available.</p>
<p>MALTA - European Documentation and Research Centre (EDRC) and University of Malta hold conference on &quot;The State of the European Union Conference 1997&quot;. Discussions focus on the development of EU policies especially with regard to the EU citizens' ombudsman; the evolution of cooperation on justice and home affairs in Europe; EU social policy; EU initiatives for employment and growth and the EU's SME policy. Contact: Monica Cauchi, EDRC (356) 32 90 20 01.</p>
<p>TUESDAY, APRIL 22</p>
<p>BRUSSELS - EU Monetary Committee meets (1000/0900 GMT).</p>
<p>WEDNESDAY, APRIL 23</p>
<p>BRUSSELS - Economic and Social Committee (ECOSOC) holds plenary session (To April 24).</p>
<p>BRUSSELS - European Parliament holds mini session (To April 24).</p>
<p>THURSDAY, APRIL 24</p>
<p>LUXEMBOURG - Industry Council.</p>
<p>Provisional agenda includes:</p>
<p>- Shipbuilding:</p>
<p>a) (possibly) Individual cases of state aid;</p>
<p>b) Future of Community policy on state aid in connection with the situation regarding ratifications of the OECD Aereement.</p>
<p>- Competitiveness of the European industry - Report by the Commission.</p>
<p>- State Aid:</p>
<p>- 5th Survey report on state aid by the Commission;</p>
<p>- State of affairs regarding proposals related to art. 94 of the Treaty.</p>
<p>- (possibly) Action programme in the field of the Information Society.</p>
<p>LUXEMBOURG - EU-ACP (African, Caribbean and Pacific countries) Council (To April 25). No agenda yet available.</p>
<p>THE HAGUE - Dutch EU presidency hosts conference on &quot;Innovative research and appropriate health care for the people of Europe&quot; (To April 25).</p>
<p>THE HAGUE - Dutch EU presidency hosts conference on &quot;Trafficking in women&quot; (To April 26).</p>
<p>TUESDAY, APRIL 29</p>
<p>LUXEMBOURG - General Affairs Council.</p>
<p>Provisional agenda includes:</p>
<p>- Association Council with Poland: determination of the Union's position.</p>
<p>- Association Council with Hungary: determination of the Union's position.</p>
<p>- Former Yugoslavia.</p>
<p>- Middle East peace process.</p>
<p>- Mediterranean policy:</p>
<p>- Malta: Commission communication;</p>
<p>- State of negotiations with Egypt, Lebanon and Jordan;</p>
<p>- follow up to 2nd Ministerial meeting (Barcelona process).</p>
<p>- (possibly) Association Council with Turkey: determination of the Union's position.</p>
<p>- Relations with Switzerland.</p>
<p>- (possibly) Burma/Myanmar: extension of the common position.</p>
<p>- Zaire: support for the electoral process.</p>
<p>- Anti-personnel landmines.</p>
<p>- Transatlantic relations.</p>
<p>- Trade questions - OECD negotiations on a Multilateral Agreement on Investment: state of play.</p>
<p>- In the margins of the Council:</p>
<p>- Association Council with Poland;</p>
<p>- Association Council with Hungary;</p>
<p>- (possibly) Association Council with Turkey.</p>
<p>THURSDAY, MAY 1</p>
<p>- EU institutions closed for Labour Day.</p>
<p>THURSDAY, MAY 8</p>
<p>- EU institutions closed for Ascension holiday.</p>
<p>FRIDAY, MAY 9</p>
<p>- EU institutions closed for &quot;Robert Schuman&quot; remembrance day.</p>
<p>MONDAY, MAY 12</p>
<p>BRUSSELS - ECOFIN Council.</p>
<p>Provisional agenda includes:</p>
<p>- Preparation of stage 3 of EMU.</p>
<p>- Excessive deficit procedure:</p>
<p>- Assessment of excessive deficits (Article 104 c, paragraph 6);</p>
<p>- Abrogation of excessive deficits (Article 104 c, paragraph 12);</p>
<p>- Assessment of recommendations (Article 104 c, paragraph 7).</p>
<p>- (possibly) Follow-up to the informal meeting of ECOFIN Ministers (Noordwijk, 4-6 April 1997).</p>
<p>- (possibly) Employment.</p>
<p>- Taxation.</p>
<p>- Fight against fraud: transit sector.</p>
<p>BRUSSELS - Farm Council (To May 13). No agenda yet available.</p>
<p>STRASBOURG - European Parliament holds plenary session (To May 16).</p>
<p>WEDNESDAY, MAY 14</p>
<p>BRUSSELS - Research Council (To May 15).</p>
<p>Provisional agenda includes:</p>
<p>- Preparation for meeting with Central and Eastern European Ministers (Structured dialogue).</p>
<p>- (possibly) Financial supplement to the Fourth RTD Framework Programme.</p>
<p>- 5th RTD Framework Programme.</p>
<p>- First Action Programme on Innovation.</p>
<p>- International cooperation in the RTD field:</p>
<p>- Science and technology cooperation strategy with Mediterranean/Central and Eastern European Countries/emerging economies;</p>
<p>- Bilateral science and technology agreements with certain third countries.</p>
<p>- Evaluation and monitoring of Community RTD activities.</p>
<p>- High Flux Reactor.</p>
<p>- Research and development cooperation.</p>
<p>- (possibly) Fusion Programme and ITER.</p>
<p>- (possibly) SPACE.</p>
<p>FLORENCE, Italy - European Natural Gas Vehicle Association (ENGVA) holds conference on &quot;Creating the climate for NGVs&quot; (To May 16). Contact: ENGVA (31) 20 597 3100.</p>
<p>THURSDAY, MAY 15</p>
<p>AMSTERDAM - Committee of the Regions holds first summit of the regions and cities. Contact: Committee of the Regions (322) 282 2155.</p>
<p>SATURDAY, MAY 17</p>
<p>GENEVA - The International Telecommunications Union celebrates World Telecommunications Day - &quot;Telecommunications and humanitarian assistance&quot;, commemorating its founding in Paris 132 years ago. Contact: International Telecommunications Union (41) 22 730 5111.</p>
<p>MONDAY, MAY 19</p>
<p>- EU institutions closed for Whit Monday holiday. Reuter EC Report Long-Term Diary (page 5/10 - May 20-27)</p>
<p>***</p>
<p>TUESDAY, MAY 20</p>
<p>BRUSSELS - Internal Market Council.</p>
<p>Provisional agenda includes:</p>
<p>- Impact and effectiveness of the internal market.</p>
<p>- Legislative simplification.</p>
<p>- Amended proposal for a directive of the EP and of the Council on the legal protection of designs.</p>
<p>- (possibly) Proposal for a regulation on the Community design.</p>
<p>- Amended proposal for a directive of the EP and Council amending for the 15th time directive 76/769/EEC on the approximation of laws, regulations and administrative provisions of the member states relating to restrictions on the marketing and use of certain dangerous substances and preparations.</p>
<p>- (possibly) Amended proposal for an EP and Council directive amending for the 16th time directive 76/769/EEC on the approximation of laws, regulations and administrative provisions of the Member States relating to restrictions on the marketing and use of certain dangerous substances and preparations.</p>
<p>- Proposal for a directive of the EP and Council on precious metals.</p>
<p>- Proposal for a directive of the EP and Council on in vitro diagnostic.</p>
<p>- (possibly) Proposal for a directive of the EP and Council on the masses and dimensions of certain categories of motor vehicles.</p>
<p>- Proposal for an EP and Council decision establishing an action programme to improve awareness of Community law for the legal professions (Robert Schuman Project).</p>
<p>- Proposal for a directive of the EP and of the Council on the supplementary supervision of insurance undertakings in an insurance group.</p>
<p>- Proposal for a directive of the EP and of the Council to facilitate practice of the profession of lawyer on a permanent basis in a Member State other than that in which the qualification was obtained.</p>
<p>- (possibly) Amended proposal for an EP and Council directive on the approximation of the laws of the Member States concerning foods and food ingredients treated with ionizing radiation.</p>
<p>- (possibly) Proposal on the amendment of directives 95/20, 93/36, 93/37 and 93/38 on public purchasing.</p>
<p>- Accession to the Protocol of Madrid and amendment of regulation relating to the accession to the Protocol of Madrid.</p>
<p>- (possibly) Proposal for an EP and Council directive amending directive 83/189/EEC.</p>
<p>- Proposal for a directive on safety standards of buses and coaches.</p>
<p>- (possibly) Proposal for an EP and Council directive on the approximation of the laws, regulations and administrative provisions of the Member States relating to pressure equipment.</p>
<p>- (possibly) Proposal for an EP and Council directive on certain components and characteristics of two or three-wheel motor vehicles.</p>
<p>- (possibly) Proposal for a directive amending directive 93/16 facilitating the free movement of doctors and the mutual recognition of their diplomas, certificates and other evidence of formal qualifications.</p>
<p>- Proposal for a Council directive relating to certain sugars intended for human consumption.</p>
<p>- Proposal for a Council directive relating to honey.</p>
<p>- Proposal for a Council directive relating to fruit juices and certain similar products intended for human consumption.</p>
<p>- Proposal for an EP and Council directive relating to coffee extracts and chicory extracts.</p>
<p>- Proposal for an EP and Council directive relating to cocoa and chocolate products intended for human consumption.</p>
<p>- Proposal for a Council directive relating to certain partly or wholly dehydrated preserved milk for human consumption.</p>
<p>- Proposal for a Council directive relating to fruit jams, jellies and marmalades and chestnut puree intended for human consumption.</p>
<p>BRUSSELS - World Fuels Conferences holds conference on &quot;Fuel quality and vehicle technology&quot; (To May 22). Venue: Conrad Hotel. Contact: World Fuels Conferences (1) 703 812 0902.</p>
<p>SUNDAY, MAY 25</p>
<p>MIDDELBURG, Netherlands - Informal Farm Council (To May 27). No agenda yet available.</p>
<p>MONDAY, MAY 26</p>
<p>BRUSSELS - Energy Council.</p>
<p>Provisional agenda includes:</p>
<p>- Internal market in gas.</p>
<p>- Community strategy on renewables.</p>
<p>- Altener II programme.</p>
<p>- Climate change and energy policy.</p>
<p>- Energy Charter Treaty.</p>
<p>- Multiannual agreements on a sector level with industry.</p>
<p>- Voluntary agreements on energy efficiency requirements for household appliances.</p>
<p>- Decision in Cooperation around Agreed Community Energy Objectives.</p>
<p>- Euro-Mediterranean Partnership in the Energy Field.</p>
<p>- Co-generation.</p>
<p>- Trans-European Networks, external dimension.</p>
<p>- Review of Community Law.</p>
<p>- Report on operation of hydrocarbons directive.</p>
<p>TUESDAY, MAY 27</p>
<p>BRUSSELS - Justice and Home Affairs Council (To May 28).</p>
<p>Provisional agenda includes:</p>
<p>- Fight against organised crime.</p>
<p>- Report of the high level group.</p>
<p>- Report of the Drugs Expert group.</p>
<p>- Drugs and organised crime:</p>
<p>- Trafficking in human beings and sexual exploitation of children, state of work;</p>
<p>- Money laundering;</p>
<p>- Drug cultivation and production;</p>
<p>- Synthetic drugs;</p>
<p>- Alarm system;</p>
<p>- Trafficking routes - Turkish drug traffickers.</p>
<p>- EUROPOL/EDU:</p>
<p>- Regulation on file analysis (adoption);</p>
<p>- Regulation on confidentiality (adoption);</p>
<p>- Protocol on privileges and immunities (adoption);</p>
<p>- Regulation on the staff regulations (adoption);</p>
<p>- EDU: 1996 report, 1997 programme;</p>
<p>- 2nd semester, 1998 draft budget;</p>
<p>- Europol computer system (state of work).</p>
<p>- Customs cooperation:</p>
<p>- Common strategy at external frontiers;</p>
<p>- Joint surveillance operations - Resolution;</p>
<p>- &quot;Customs 2000&quot; programme;</p>
<p>- Resolution on Europol - CIS coordination.</p>
<p>- Combatting terrorism:</p>
<p>- Threat assessment document;</p>
<p>- Report on incidents of racism and xenophobia;</p>
<p>- Implementation of the competences directory;</p>
<p>- &quot;Collective memory&quot;.</p>
<p>- Draft Convention on mutual assistance in criminal matters between the Member States of the EU: report on progress of work.</p>
<p>- Second protocol to the convention on the protection of the European Communities' financial interests (adoption).</p>
<p>- Draft convention on the fight against corruption involving officials of the European Communities or officials of the Member States of the European Union (adoption).</p>
<p>- Draft convention on jurisdiction, recognition and enforcement of judgments in matrimonial matters (Brussels 11 Convention): report on progress of work.</p>
<p>- Convention on the service in the Member States of the European Union of judicial and extrajudicial documents in civil or commercial matters (adoption).</p>
<p>- (possibly) Draft convention on driving disqualifications (political agreement).</p>
<p>- Dublin Convention on asylum seekers (implementation).</p>
<p>- Elaboration of the EURODAC system (convention and technical aspects), state of work.</p>
<p>- Joint position on non-accompanied minors seeking asylum and on other non-accompanied minors.</p>
<p>- Joint position on uniform residence permits (technical specifications).</p>
<p>- Improvement of cooperation on expelling illegal immigrants; problems with regard to readmission.</p>
<p>- Legal situation of third country nationals residing legally in the territory of the member states.</p>
<p>- Regulation 2317/95 on the common list of countries whose nationals must be in possession of visas.</p>
<p>- Examination of the UNHCR repatriation plan for Bosnians.</p>
<p>BRUSSELS (NEW ITEM) - Institute for International Research (IIR) holds conference on &quot;Euro III&quot; (0900/0800 GMT) (To May 28). Venue: Sheraton Brussels Airport. Contact: IIR (322) 776 0400.</p>
</text>
<copyright>(c) Reuters Limited 1997</copyright>
<metadata>
<codes class="bip:countries:1.0">
  <code code="EEC">
    <editdetail attribution="Reuters BIP Coding Group" action="confirmed" date="1997-03-11"/>
  </code>
</codes>
<codes class="bip:topics:1.0">
  <code code="G15">
    <editdetail attribution="Reuters BIP Coding Group" action="confirmed" date="1997-03-11"/>
  </code>
  <code code="GCAT">
    <editdetail attribution="Reuters BIP Coding Group" action="confirmed" date="1997-03-11"/>
  </code>
</codes>
<dc element="dc.publisher" value="Reuters Holdings Plc"/>
<dc element="dc.date.published" value="1997-03-11"/>
<dc element="dc.source" value="Reuters"/>
<dc element="dc.creator.location.country.name" value="EU"/>
<dc element="dc.source" value="Reuters"/>
</metadata>
</newsitem>
