<?xml version="1.0" encoding="iso-8859-1" ?>
<newsitem itemid="432195" id="root" date="1997-03-11" xml:lang="en">
<title>USA: Noland February sales rise slightly.</title>
<headline>Noland February sales rise slightly.</headline>
<dateline>NEWPORT NEWS, Va. 1997-03-11</dateline>
<text>
<p>Noland Co said February sales totaled $36 million, slightly higher than February 1996's $35.8 million.</p>
<p>For the first two months of 1997, Noland's sales totaled $73 million, 5.8 percent greater than last year.</p>
</text>
<copyright>(c) Reuters Limited 1997</copyright>
<metadata>
<codes class="bip:countries:1.0">
  <code code="USA">
    <editdetail attribution="Reuters BIP Coding Group" action="confirmed" date="1997-03-11"/>
  </code>
</codes>
<codes class="bip:industries:1.0">
  <code code="I61000">
    <editdetail attribution="Reuters BIP Coding Group" action="confirmed" date="1997-03-11"/>
  </code>
</codes>
<codes class="bip:topics:1.0">
  <code code="C31">
    <editdetail attribution="Reuters BIP Coding Group" action="confirmed" date="1997-03-11"/>
  </code>
  <code code="CCAT">
    <editdetail attribution="Reuters BIP Coding Group" action="confirmed" date="1997-03-11"/>
  </code>
</codes>
<dc element="dc.date.created" value="1997-03-11"/>
<dc element="dc.publisher" value="Reuters Holdings Plc"/>
<dc element="dc.date.published" value="1997-03-11"/>
<dc element="dc.source" value="Reuters"/>
<dc element="dc.creator.location" value="NEWPORT NEWS, Va."/>
<dc element="dc.creator.location.country.name" value="USA"/>
<dc element="dc.source" value="Reuters"/>
</metadata>
</newsitem>
