<?xml version="1.0" encoding="iso-8859-1" ?>
<newsitem itemid="432119" id="root" date="1997-03-11" xml:lang="en">
<title>CANADA: Suncor cuts Canada posted oil prices.</title>
<headline>Suncor cuts Canada posted oil prices.</headline>
<dateline>CALGARY 1997-03-11</dateline>
<text>
<p>Suncor Inc said it lowered the price it would pay for some grades of crude oil by C$10.00/cubic metre or C$1.59/barrel, effective immediately.</p>
<p>The new prices were listed as follows:</p>
<p>Edmonton light sweet C$169.00/cubic metre, or C$26.87/barrel</p>
<p>Cromer light sour C$161.00/cubic metre, or C$25.60/barrel</p>
<p>Midale at Cromer C$139.00/cubic metre, or C$22.10/barrel</p>
<p>((Reuters Calgary Bureau (403) 531-1624))</p>
</text>
<copyright>(c) Reuters Limited 1997</copyright>
<metadata>
<codes class="bip:countries:1.0">
  <code code="CANA">
    <editdetail attribution="Reuters BIP Coding Group" action="confirmed" date="1997-03-11"/>
  </code>
</codes>
<codes class="bip:topics:1.0">
  <code code="M14">
    <editdetail attribution="Reuters BIP Coding Group" action="confirmed" date="1997-03-11"/>
  </code>
  <code code="M143">
    <editdetail attribution="Reuters BIP Coding Group" action="confirmed" date="1997-03-11"/>
  </code>
  <code code="MCAT">
    <editdetail attribution="Reuters BIP Coding Group" action="confirmed" date="1997-03-11"/>
  </code>
</codes>
<dc element="dc.date.created" value="1997-03-11"/>
<dc element="dc.publisher" value="Reuters Holdings Plc"/>
<dc element="dc.date.published" value="1997-03-11"/>
<dc element="dc.source" value="Reuters"/>
<dc element="dc.creator.location" value="CALGARY"/>
<dc element="dc.creator.location.country.name" value="CANADA"/>
<dc element="dc.source" value="Reuters"/>
</metadata>
</newsitem>
