<?xml version="1.0" encoding="iso-8859-1" ?>
<newsitem itemid="432181" id="root" date="1997-03-11" xml:lang="en">
<title>USA: Darden Restaurants Inc Q3 shr $0.10 vs $0.22.</title>
<headline>Darden Restaurants Inc Q3 shr $0.10 vs $0.22.</headline>
<dateline>ORLANDO, Fla. 1997-03-11</dateline>
<text>
<p>1997		     1996</p>
<p> Shr		 $0.10		    $0.22</p>
<p> Net		 15,723		   35,608</p>
<p> Revs		800,846		  795,111</p>
<p> Avg shrs	  154,200		  159,100</p>
<p>	  9  MONTHS</p>
<p> Shr		 $0.16		    $0.25</p>
<p> Net		 25,027		   39,873</p>
<p> Revs		2,355,158		2,362,316</p>
<p> Avg shrs	  156,500		  158,800</p>
<p>(All data above 000s except per share numbers)</p>
<p>NOTE: Quarterly and nine-months results are for the 13 weeks and 39 weeks ended February 23 1997 and February 25, 1996.</p>
<p>Restructring costs in the 39 weeks ended Feb 25, 1996 resulted in a charge of $75 million, or $44.8 million ($0.28 per share) after tax.</p>
</text>
<copyright>(c) Reuters Limited 1997</copyright>
<metadata>
<codes class="bip:countries:1.0">
  <code code="USA">
    <editdetail attribution="Reuters BIP Coding Group" action="confirmed" date="1997-03-11"/>
  </code>
</codes>
<codes class="bip:industries:1.0">
  <code code="I66100">
    <editdetail attribution="Reuters BIP Coding Group" action="confirmed" date="1997-03-11"/>
  </code>
</codes>
<codes class="bip:topics:1.0">
  <code code="C15">
    <editdetail attribution="Reuters BIP Coding Group" action="confirmed" date="1997-03-11"/>
  </code>
  <code code="C151">
    <editdetail attribution="Reuters BIP Coding Group" action="confirmed" date="1997-03-11"/>
  </code>
  <code code="CCAT">
    <editdetail attribution="Reuters BIP Coding Group" action="confirmed" date="1997-03-11"/>
  </code>
</codes>
<dc element="dc.date.created" value="1997-03-11"/>
<dc element="dc.publisher" value="Reuters Holdings Plc"/>
<dc element="dc.date.published" value="1997-03-11"/>
<dc element="dc.source" value="Reuters"/>
<dc element="dc.creator.location" value="ORLANDO, Fla."/>
<dc element="dc.creator.location.country.name" value="USA"/>
<dc element="dc.source" value="Reuters"/>
</metadata>
</newsitem>
