<?xml version="1.0" encoding="iso-8859-1" ?>
<newsitem itemid="432281" id="root" date="1997-03-11" xml:lang="en">
<title>USA: U.S. Surgical says Q1 revs hurt by strong dollar.</title>
<headline>U.S. Surgical says Q1 revs hurt by strong dollar.</headline>
<dateline>NEW YORK 1997-03-11</dateline>
<text>
<p>U.S. Surgical Corp said a strong dollar will pressure its first quarter revenues, but its earnings will meet Wall Street expectations.</p>
<p>U.S. Surgical spokeswoman Marianne Scipione said the company agreed with a Cowen &amp; Co report that suggested U.S. Surgical would report lighter-than-expected first quarter revenue growth due to the strong dollar.</p>
<p>The company did not provide specific revenue expectations but said it is comfortable with analysts' consensus earnings estimate of $0.37 a share.  The company earned $0.28 a share last year, according to First Call.</p>
<p>Cowen analyst Daniel Lemaitre reiterated a buy rating on U.S. Surgical, Scipione said.  Lemaitre could not be reached for comment.</p>
<p>U.S. Surgical, which makes surgical staplers, endoscopic devices and sutures, lost 3-7/8 to 39-3/8.</p>
<p>(( -- Wall Street desk 212-859-1730))</p>
</text>
<copyright>(c) Reuters Limited 1997</copyright>
<metadata>
<codes class="bip:countries:1.0">
  <code code="USA">
    <editdetail attribution="Reuters BIP Coding Group" action="confirmed" date="1997-03-11"/>
  </code>
</codes>
<codes class="bip:industries:1.0">
  <code code="I37200">
    <editdetail attribution="Reuters BIP Coding Group" action="confirmed" date="1997-03-11"/>
  </code>
</codes>
<codes class="bip:topics:1.0">
  <code code="C15">
    <editdetail attribution="Reuters BIP Coding Group" action="confirmed" date="1997-03-11"/>
  </code>
  <code code="C151">
    <editdetail attribution="Reuters BIP Coding Group" action="confirmed" date="1997-03-11"/>
  </code>
  <code code="CCAT">
    <editdetail attribution="Reuters BIP Coding Group" action="confirmed" date="1997-03-11"/>
  </code>
</codes>
<dc element="dc.date.created" value="1997-03-11"/>
<dc element="dc.publisher" value="Reuters Holdings Plc"/>
<dc element="dc.date.published" value="1997-03-11"/>
<dc element="dc.source" value="Reuters"/>
<dc element="dc.creator.location" value="NEW YORK"/>
<dc element="dc.creator.location.country.name" value="USA"/>
<dc element="dc.source" value="Reuters"/>
</metadata>
</newsitem>
