<?xml version="1.0" encoding="iso-8859-1" ?>
<newsitem itemid="432297" id="root" date="1997-03-11" xml:lang="en">
<title>USA: IPO FILING - Unitrend Inc.</title>
<headline>IPO FILING - Unitrend Inc.</headline>
<dateline>WASHINGTON 1997-03-11</dateline>
<text>
<p>Company Name			Unitrend Inc</p>
<p>Stock symbol			UTRN</p>
<p>Estimated price range	   $10/shr</p>
<p>Total shares to be offered    300,000</p>
<p>Shrs offered by company	 300,000</p>
<p>Shrs outstanding after ipo    300,000</p>
<p>Lead Underwriter		  N/A</p>
<p>Underwriters over-allotment  N/A</p>
<p>Business: Unitrend, based in Toledo, Ohio, manufactures and markets a computer case with central processing unit accessibility.</p>
<p>Use of Proceeds: to invest in manufacturing, sales and advertising of VeraCase TM, other appropriate investments that will benefit the company in a positive manner and expenses incident to the commencement of business.</p>
<p>Financial Data for six months ended Dec 31, 1996:</p>
<p>   - Revenue		   N/A</p>
<p>   - Net Income  (loss)   ($178,456)</p>
</text>
<copyright>(c) Reuters Limited 1997</copyright>
<metadata>
<codes class="bip:countries:1.0">
  <code code="USA">
    <editdetail attribution="Reuters BIP Coding Group" action="confirmed" date="1997-03-11"/>
  </code>
</codes>
<codes class="bip:industries:1.0">
  <code code="I33020">
    <editdetail attribution="Reuters BIP Coding Group" action="confirmed" date="1997-03-11"/>
  </code>
  <code code="I3302017">
    <editdetail attribution="Reuters BIP Coding Group" action="confirmed" date="1997-03-11"/>
  </code>
</codes>
<codes class="bip:topics:1.0">
  <code code="C17">
    <editdetail attribution="Reuters BIP Coding Group" action="confirmed" date="1997-03-11"/>
  </code>
  <code code="C171">
    <editdetail attribution="Reuters BIP Coding Group" action="confirmed" date="1997-03-11"/>
  </code>
  <code code="CCAT">
    <editdetail attribution="Reuters BIP Coding Group" action="confirmed" date="1997-03-11"/>
  </code>
</codes>
<dc element="dc.date.created" value="1997-03-11"/>
<dc element="dc.publisher" value="Reuters Holdings Plc"/>
<dc element="dc.date.published" value="1997-03-11"/>
<dc element="dc.source" value="Reuters"/>
<dc element="dc.creator.location" value="WASHINGTON"/>
<dc element="dc.creator.location.country.name" value="USA"/>
<dc element="dc.source" value="Reuters"/>
</metadata>
</newsitem>
