<?xml version="1.0" encoding="iso-8859-1" ?>
<newsitem itemid="432294" id="root" date="1997-03-11" xml:lang="en">
<title>USA: Insignia Systems wins software contracts.</title>
<headline>Insignia Systems wins software contracts.</headline>
<dateline>MINNEAPOLIS 1997-03-11</dateline>
<text>
<p>Insignia Systems Inc said Tuesday that seven major point-of-sale vendors have contracted to integrate the company's newest sign, label and poster software product, Stylus Select, into their computer applications.</p>
<p>Point-of-Sale vendors focus on the software and systems that control cash registers and scanners at the checkout lanes of retail stores, Insignia said.</p>
<p>Finanacial terms of the contracts were not announced.</p>
<p>Insignia Systems is a designer and marketer of software used to make signs and labels.</p>
<p>Its shares were unchanged Tuesday at 3-1/2.</p>
<p>((Chicago newsdesk (312) 408-8787))</p>
</text>
<copyright>(c) Reuters Limited 1997</copyright>
<metadata>
<codes class="bip:countries:1.0">
  <code code="USA">
    <editdetail attribution="Reuters BIP Coding Group" action="confirmed" date="1997-03-11"/>
  </code>
</codes>
<codes class="bip:industries:1.0">
  <code code="I33020">
    <editdetail attribution="Reuters BIP Coding Group" action="confirmed" date="1997-03-11"/>
  </code>
</codes>
<codes class="bip:topics:1.0">
  <code code="C33">
    <editdetail attribution="Reuters BIP Coding Group" action="confirmed" date="1997-03-11"/>
  </code>
  <code code="CCAT">
    <editdetail attribution="Reuters BIP Coding Group" action="confirmed" date="1997-03-11"/>
  </code>
</codes>
<dc element="dc.date.created" value="1997-03-11"/>
<dc element="dc.publisher" value="Reuters Holdings Plc"/>
<dc element="dc.date.published" value="1997-03-11"/>
<dc element="dc.source" value="Reuters"/>
<dc element="dc.creator.location" value="MINNEAPOLIS"/>
<dc element="dc.creator.location.country.name" value="USA"/>
<dc element="dc.source" value="Reuters"/>
</metadata>
</newsitem>
