<?xml version="1.0" encoding="iso-8859-1" ?>
<newsitem itemid="432210" id="root" date="1997-03-11" xml:lang="en">
<title>USA: Interpool sees Q1 charge of $0.37/primary.</title>
<headline>Interpool sees Q1 charge of $0.37/primary.</headline>
<dateline>PRINCETON, N.J. 1997-03-11</dateline>
<text>
<p>Interpool Inc said Tuesday that, as a result of the redemption of a class of its preferred stock, it expects to record a one-time charge, estimated at about $0.37 a share, primary basis, and $0.32 cents a share, fully diluted, for the first quarter of 1997.</p>
<p>The company said 248,730 shares with a liquidation value of $24.873 million of its 5-3/4 percent cumulative convertible preferred stock were converted into 1.06 million common shares prior to Monday's redemption date stock.</p>
<p>The shares redeemed represented 32.78 percent of its outstanding preferred stock, it said.</p>
<p>The remaining 509,964 of the preferred shares, valued at $50.996 million, were redeemed at $103.675 a share, it said.</p>
<p>Martin Tuchman, Interpool's chairman and chief executive officer, said that Interpool was &quot;very pleased that a large number of holders of the preferred stock chose to continue as investors in Interpool by converting into common stock.&quot;</p>
<p>Interpool, founded in 1968, is a global lessor of cargo containers used in international trade. It is also a lessor of intermodal container chassis in the U.S.</p>
</text>
<copyright>(c) Reuters Limited 1997</copyright>
<metadata>
<codes class="bip:countries:1.0">
  <code code="USA">
    <editdetail attribution="Reuters BIP Coding Group" action="confirmed" date="1997-03-11"/>
  </code>
</codes>
<codes class="bip:industries:1.0">
  <code code="I84804">
    <editdetail attribution="Reuters BIP Coding Group" action="confirmed" date="1997-03-11"/>
  </code>
</codes>
<codes class="bip:topics:1.0">
  <code code="C15">
    <editdetail attribution="Reuters BIP Coding Group" action="confirmed" date="1997-03-11"/>
  </code>
  <code code="C152">
    <editdetail attribution="Reuters BIP Coding Group" action="confirmed" date="1997-03-11"/>
  </code>
  <code code="C17">
    <editdetail attribution="Reuters BIP Coding Group" action="confirmed" date="1997-03-11"/>
  </code>
  <code code="C171">
    <editdetail attribution="Reuters BIP Coding Group" action="confirmed" date="1997-03-11"/>
  </code>
  <code code="CCAT">
    <editdetail attribution="Reuters BIP Coding Group" action="confirmed" date="1997-03-11"/>
  </code>
</codes>
<dc element="dc.date.created" value="1997-03-11"/>
<dc element="dc.publisher" value="Reuters Holdings Plc"/>
<dc element="dc.date.published" value="1997-03-11"/>
<dc element="dc.source" value="Reuters"/>
<dc element="dc.creator.location" value="PRINCETON, N.J."/>
<dc element="dc.creator.location.country.name" value="USA"/>
<dc element="dc.source" value="Reuters"/>
</metadata>
</newsitem>
