<?xml version="1.0" encoding="iso-8859-1" ?>
<newsitem itemid="432206" id="root" date="1997-03-11" xml:lang="en">
<title>USA: McCrory Corp gets $35 mln financing from Foothill.</title>
<headline>McCrory Corp gets $35 mln financing from Foothill.</headline>
<dateline>NEW YORK 1997-03-11</dateline>
<text>
<p>McCrory Corp said on Tuesday it arranged for $35 million of debtor-in-possession financing from Foothill Capital Corp.</p>
<p>The money will be used among other purposes to refinance $11 million owed to McCrory's current debtor-in-possession lender, the CIT Group/Business Credit Inc, McCrory said.</p>
<p>Foothill made the financing contingent upon it receiving a participation agreement from McCrory's chairman and chief executive, Meshulam Riklis, or one of his affiliates, for at least $10 million. Riklis has agreed, McCrory said.</p>
<p>The Foothill agreement is subject to U.S. Bankruptcy Court approval. McCrory filed under Chapter 11 of the Bankruptcy Code in February 1992.</p>
</text>
<copyright>(c) Reuters Limited 1997</copyright>
<metadata>
<codes class="bip:countries:1.0">
  <code code="USA">
    <editdetail attribution="Reuters BIP Coding Group" action="confirmed" date="1997-03-11"/>
  </code>
</codes>
<codes class="bip:industries:1.0">
  <code code="I65600">
    <editdetail attribution="Reuters BIP Coding Group" action="confirmed" date="1997-03-11"/>
  </code>
</codes>
<codes class="bip:topics:1.0">
  <code code="C17">
    <editdetail attribution="Reuters BIP Coding Group" action="confirmed" date="1997-03-11"/>
  </code>
  <code code="CCAT">
    <editdetail attribution="Reuters BIP Coding Group" action="confirmed" date="1997-03-11"/>
  </code>
</codes>
<dc element="dc.date.created" value="1997-03-11"/>
<dc element="dc.publisher" value="Reuters Holdings Plc"/>
<dc element="dc.date.published" value="1997-03-11"/>
<dc element="dc.source" value="Reuters"/>
<dc element="dc.creator.location" value="NEW YORK"/>
<dc element="dc.creator.location.country.name" value="USA"/>
<dc element="dc.source" value="Reuters"/>
</metadata>
</newsitem>
