<?xml version="1.0" encoding="iso-8859-1" ?>
<newsitem itemid="432217" id="root" date="1997-03-11" xml:lang="en">
<title>USA: Envirodyne stake held by investor group.</title>
<headline>Envirodyne stake held by investor group.</headline>
<dateline>WASHINGTON 1997-03-11</dateline>
<text>
<p>An investor group including Elliott Associates and Westgate International LP said Tuesday it holds 7.81 percent stake in Envirodyne Industries Inc or 1,136,600 common shares.</p>
<p>In a filing with the Securities and Exchange Commission, the group said its latest transactions include a net 196,300 common shares bought between February 5 and March 6 at prices ranging from $6.50 to $6.88 per share.</p>
<p>Envirodyne, based in Oak Brook, Ill., manufactures cellulosic casings, shrinkable plastic bags, plastic packaging, films, plastic flatware, drinking straws and thermoformed plastic containers.</p>
</text>
<copyright>(c) Reuters Limited 1997</copyright>
<metadata>
<codes class="bip:countries:1.0">
  <code code="USA">
    <editdetail attribution="Reuters BIP Coding Group" action="confirmed" date="1997-03-11"/>
  </code>
</codes>
<codes class="bip:industries:1.0">
  <code code="I25140">
    <editdetail attribution="Reuters BIP Coding Group" action="confirmed" date="1997-03-11"/>
  </code>
</codes>
<codes class="bip:topics:1.0">
  <code code="C18">
    <editdetail attribution="Reuters BIP Coding Group" action="confirmed" date="1997-03-11"/>
  </code>
  <code code="C181">
    <editdetail attribution="Reuters BIP Coding Group" action="confirmed" date="1997-03-11"/>
  </code>
  <code code="CCAT">
    <editdetail attribution="Reuters BIP Coding Group" action="confirmed" date="1997-03-11"/>
  </code>
</codes>
<dc element="dc.date.created" value="1997-03-11"/>
<dc element="dc.publisher" value="Reuters Holdings Plc"/>
<dc element="dc.date.published" value="1997-03-11"/>
<dc element="dc.source" value="Reuters"/>
<dc element="dc.creator.location" value="WASHINGTON"/>
<dc element="dc.creator.location.country.name" value="USA"/>
<dc element="dc.source" value="Reuters"/>
</metadata>
</newsitem>
