<?xml version="1.0" encoding="iso-8859-1" ?>
<newsitem itemid="432269" id="root" date="1997-03-11" xml:lang="en">
<title>USA: Medical Resources buys imaging chain.</title>
<headline>Medical Resources buys imaging chain.</headline>
<dateline>HACKENSACK, N.J. 1997-03-11</dateline>
<text>
<p>Medical Resources Inc said Tuesday it has completed the acquisition of Advanced Diagnostic Imaging Inc for $10.6 million in cash.</p>
<p>ADI's annual net revenues are about $15.5 million.</p>
<p>Medical Resources specializes in the operation and acquisition of diagnostic imaging centers.  The company operates 51 imaging centers and provides network management services to managed care organizations.  The company also provides temporary healthcare staffing to acute and sub-acute care facilities nationwide.</p>
</text>
<copyright>(c) Reuters Limited 1997</copyright>
<metadata>
<codes class="bip:countries:1.0">
  <code code="USA">
    <editdetail attribution="Reuters BIP Coding Group" action="confirmed" date="1997-03-11"/>
  </code>
</codes>
<codes class="bip:topics:1.0">
  <code code="C18">
    <editdetail attribution="Reuters BIP Coding Group" action="confirmed" date="1997-03-11"/>
  </code>
  <code code="C181">
    <editdetail attribution="Reuters BIP Coding Group" action="confirmed" date="1997-03-11"/>
  </code>
  <code code="CCAT">
    <editdetail attribution="Reuters BIP Coding Group" action="confirmed" date="1997-03-11"/>
  </code>
</codes>
<dc element="dc.date.created" value="1997-03-11"/>
<dc element="dc.publisher" value="Reuters Holdings Plc"/>
<dc element="dc.date.published" value="1997-03-11"/>
<dc element="dc.source" value="Reuters"/>
<dc element="dc.creator.location" value="HACKENSACK, N.J."/>
<dc element="dc.creator.location.country.name" value="USA"/>
<dc element="dc.source" value="Reuters"/>
</metadata>
</newsitem>
