<?xml version="1.0" encoding="iso-8859-1" ?>
<newsitem itemid="432216" id="root" date="1997-03-11" xml:lang="en">
<title>USA: Marcus adding business class to Budgetel.</title>
<headline>Marcus adding business class to Budgetel.</headline>
<dateline>MILWAUKEE, Wis. 1997-03-11</dateline>
<text>
<p>Marcus Corp said Tuesday it will invest more than $2.5 million to convert 10 percent of all Budgetel Inns Inc rooms to business-class status.</p>
<p>Amenities include better lighting, speakerphones, ergonomic chairs and extra-large desks.</p>
<p>Budgetel Inns will become the first major limited-service lodging chain in the country to offer business-class amenities at all locations.</p>
<p>Completion is expected by the end of March, Marcus said.</p>
<p>((Reuters Chicago Newsdesk (312) 408-8787))</p>
</text>
<copyright>(c) Reuters Limited 1997</copyright>
<metadata>
<codes class="bip:countries:1.0">
  <code code="USA">
    <editdetail attribution="Reuters BIP Coding Group" action="confirmed" date="1997-03-11"/>
  </code>
</codes>
<codes class="bip:industries:1.0">
  <code code="I66500">
    <editdetail attribution="Reuters BIP Coding Group" action="confirmed" date="1997-03-11"/>
  </code>
</codes>
<codes class="bip:topics:1.0">
  <code code="C24">
    <editdetail attribution="Reuters BIP Coding Group" action="confirmed" date="1997-03-11"/>
  </code>
  <code code="CCAT">
    <editdetail attribution="Reuters BIP Coding Group" action="confirmed" date="1997-03-11"/>
  </code>
</codes>
<dc element="dc.date.created" value="1997-03-11"/>
<dc element="dc.publisher" value="Reuters Holdings Plc"/>
<dc element="dc.date.published" value="1997-03-11"/>
<dc element="dc.source" value="Reuters"/>
<dc element="dc.creator.location" value="MILWAUKEE, Wis."/>
<dc element="dc.creator.location.country.name" value="USA"/>
<dc element="dc.source" value="Reuters"/>
</metadata>
</newsitem>
