<?xml version="1.0" encoding="iso-8859-1" ?>
<newsitem itemid="432282" id="root" date="1997-03-11" xml:lang="en">
<title>USA: American General sees ratings revised.</title>
<headline>American General sees ratings revised.</headline>
<dateline>NEW YORK 1997-03-11</dateline>
<text>
<p>American General Corp said it expects the rating agencies to revise certain of its and its subsidiaries' debt, preferred and/or claims-paying ability ratings as a result of its agreement to buy USLIFE Corp.</p>
<p>The company did not say whether it expects the ratings to be lowered and a spokesman was not immediately available for comment.</p>
<p>However, in its statement, American General said it remains committed to its strategy of internal growth and growth through acquisitions.  </p>
<p>&quot;While we acknowledge the rating agencies' changing guidelines, American General is taking the necessary actions to build a stronger organization and we expect to continue to pursue strategic opportunities resulting from ongoing industry consolidation,&quot; American General chief executive Robert Devlin said.</p>
<p>Devlin said its actions come as the financial services industry undergoes a period of unprecedented consolidation, which he said will reduce the number of providers of financial products and services.  </p>
<p>&quot;The remaining providers will be financially stronger and more capable of meeting the changing needs of their many constituents,&quot; he said.</p>
<p>American General said its targeted capital structure consists of a minimum of 60 percent common equity, 15 percent preferred equity and a maximum of 25 percent debt.</p>
<p>American General said the USLIFE acquisition is an important transaction in its growth strategy, noting that it will position the company as the third largest writer of new individual life insurance premium in the nation.</p>
<p>American General said it has demonstrated its ability to successfully acquire and consolidate companies into its operations.</p>
<p>Over the past 20 years, the company said, it has completed 23 acquisitions totaling $6.5 billion and 24 divestitures totaling $2.0 billion.</p>
</text>
<copyright>(c) Reuters Limited 1997</copyright>
<metadata>
<codes class="bip:countries:1.0">
  <code code="USA">
    <editdetail attribution="Reuters BIP Coding Group" action="confirmed" date="1997-03-11"/>
  </code>
</codes>
<codes class="bip:industries:1.0">
  <code code="I82001">
    <editdetail attribution="Reuters BIP Coding Group" action="confirmed" date="1997-03-11"/>
  </code>
  <code code="I82002">
    <editdetail attribution="Reuters BIP Coding Group" action="confirmed" date="1997-03-11"/>
  </code>
</codes>
<codes class="bip:topics:1.0">
  <code code="C17">
    <editdetail attribution="Reuters BIP Coding Group" action="confirmed" date="1997-03-11"/>
  </code>
  <code code="C174">
    <editdetail attribution="Reuters BIP Coding Group" action="confirmed" date="1997-03-11"/>
  </code>
  <code code="C18">
    <editdetail attribution="Reuters BIP Coding Group" action="confirmed" date="1997-03-11"/>
  </code>
  <code code="C181">
    <editdetail attribution="Reuters BIP Coding Group" action="confirmed" date="1997-03-11"/>
  </code>
  <code code="CCAT">
    <editdetail attribution="Reuters BIP Coding Group" action="confirmed" date="1997-03-11"/>
  </code>
</codes>
<dc element="dc.date.created" value="1997-03-11"/>
<dc element="dc.publisher" value="Reuters Holdings Plc"/>
<dc element="dc.date.published" value="1997-03-11"/>
<dc element="dc.source" value="Reuters"/>
<dc element="dc.creator.location" value="NEW YORK"/>
<dc element="dc.creator.location.country.name" value="USA"/>
<dc element="dc.source" value="Reuters"/>
</metadata>
</newsitem>
