<?xml version="1.0" encoding="iso-8859-1" ?>
<newsitem itemid="432251" id="root" date="1997-03-11" xml:lang="en">
<title>USA: Midwest Express cites increased capacity.</title>
<headline>Midwest Express cites increased capacity.</headline>
<dateline>MILWAUKEE 1997-03-11</dateline>
<text>
<p>Midwest Express Holdings Inc, reporting weaker February and year-to-date load factors, blamed recent capacity additions.</p>
<p>&quot;As we expected, load factor decreased due to the capacity we added last May and September,&quot; Chairman Timothy Hoeksema said in a statement.</p>
<p>&quot;However, because of the strong industry pricing environment, we're continuing to capture premium revenue yield that will result in revenues in line with our expectations,&quot; he said. He did not elaborate.</p>
<p>The carrier bought on line an additional aircraft in May and another in September, and added service to additional markets. In September it added new nonstop service between Kansas City and Boston, and last May it increased the frequency of flights to several existing markets.</p>
<p>Midwest Express was off 1/4 at 35.</p>
<p>((--Chicago Newsdesk (312) 408-8787))</p>
</text>
<copyright>(c) Reuters Limited 1997</copyright>
<metadata>
<codes class="bip:countries:1.0">
  <code code="USA">
    <editdetail attribution="Reuters BIP Coding Group" action="confirmed" date="1997-03-11"/>
  </code>
</codes>
<codes class="bip:industries:1.0">
  <code code="I75000">
    <editdetail attribution="Reuters BIP Coding Group" action="confirmed" date="1997-03-11"/>
  </code>
</codes>
<codes class="bip:topics:1.0">
  <code code="C24">
    <editdetail attribution="Reuters BIP Coding Group" action="confirmed" date="1997-03-11"/>
  </code>
  <code code="CCAT">
    <editdetail attribution="Reuters BIP Coding Group" action="confirmed" date="1997-03-11"/>
  </code>
</codes>
<dc element="dc.date.created" value="1997-03-11"/>
<dc element="dc.publisher" value="Reuters Holdings Plc"/>
<dc element="dc.date.published" value="1997-03-11"/>
<dc element="dc.source" value="Reuters"/>
<dc element="dc.creator.location" value="MILWAUKEE"/>
<dc element="dc.creator.location.country.name" value="USA"/>
<dc element="dc.source" value="Reuters"/>
</metadata>
</newsitem>
