<?xml version="1.0" encoding="iso-8859-1" ?>
<newsitem itemid="432221" id="root" date="1997-03-11" xml:lang="en">
<title>USA: Arthur J. Gallagher forms financial unit.</title>
<headline>Arthur J. Gallagher forms financial unit.</headline>
<dateline>ITASCA, Ill. 1997-03-11</dateline>
<text>
<p>Arthur J. Gallagher &amp; Co said Tuesday it is forming a new subsidiary designed to expand the parent company's strategic investment alternatives.</p>
<p>The new unit, Arthur J. Gallagher Financial Services Inc, will focus on direct management of the parent firm's investment portfolio in addition to development of new business lines, the company said.</p>
<p>Arthur J. Gallagher provides risk management services to clients seeking alternatives to traditional commercial insurance products.</p>
<p>Its shares were trading off 1/4 Tuesday at 31-3/4.</p>
<p>((Chicago newsdesk (312) 408-8787))</p>
</text>
<copyright>(c) Reuters Limited 1997</copyright>
<metadata>
<codes class="bip:countries:1.0">
  <code code="USA">
    <editdetail attribution="Reuters BIP Coding Group" action="confirmed" date="1997-03-11"/>
  </code>
</codes>
<codes class="bip:industries:1.0">
  <code code="I83200">
    <editdetail attribution="Reuters BIP Coding Group" action="confirmed" date="1997-03-11"/>
  </code>
</codes>
<codes class="bip:topics:1.0">
  <code code="C11">
    <editdetail attribution="Reuters BIP Coding Group" action="confirmed" date="1997-03-11"/>
  </code>
  <code code="CCAT">
    <editdetail attribution="Reuters BIP Coding Group" action="confirmed" date="1997-03-11"/>
  </code>
</codes>
<dc element="dc.date.created" value="1997-03-11"/>
<dc element="dc.publisher" value="Reuters Holdings Plc"/>
<dc element="dc.date.published" value="1997-03-11"/>
<dc element="dc.source" value="Reuters"/>
<dc element="dc.creator.location" value="ITASCA, Ill."/>
<dc element="dc.creator.location.country.name" value="USA"/>
<dc element="dc.source" value="Reuters"/>
</metadata>
</newsitem>
