<?xml version="1.0" encoding="iso-8859-1" ?>
<newsitem itemid="432240" id="root" date="1997-03-11" xml:lang="en">
<title>USA: U.S. stocks end choppy session little changed.</title>
<headline>U.S. stocks end choppy session little changed.</headline>
<byline>Richard Melville</byline>
<dateline>NEW YORK 1997-03-11</dateline>
<text>
<p>Wall Street stocks finished mixed on Tuesday, with blue chips eking out slim gains in a choppy session that analysts said highlighted the market's concern and uncertainty about interest rates.</p>
<p>&quot;The market is very divided on the outlook for interest rate policy,&quot; said Charles White, managing director at Avatar Associates. &quot;Right now there's no compelling evidence to drive us in either direction.&quot;</p>
<p>The Dow industrials rose six points to 7085. Broader indices finished slightly lower.  </p>
<p>U.S. Treasuries were weaker on the day, pushing the yield on the benchmark 30-year bond up to 6.85 percent from 6.81 percent on Monday.</p>
<p>Analysts said the market's tone was likely to become even more cautious as the Federal Reserve's Open Market Committee (FOMC) meeting on March 25 approached.</p>
<p>&quot;Basically, this market has been put on wait,&quot; said Alfred Goldman, technical analyst at A.G. Edwards and Sons. &quot;We're going to have more of this ragged action until we get past the FOMC meeting.&quot;  </p>
<p>Within the relatively mixed picture of the overall market, there were some subtle shifts at play, analysts noted, with investors taking profits in strong sectors and buying up some recent laggards.</p>
<p>&quot;Some of the groups that have had outstanding performances appeared to be catching their breath,&quot; White said, citing banking and pharmaceutical issues in particular.</p>
<p>Among drug stocks, Amgen Inc dipped 1-1/2 to 61-1/4 and Eli Lilly and Co shed 2-3/4 to 88-3/4.</p>
<p>Chase Manhattan Corp slipped 3-1/8 to 106-1/2 and BankAmerica Corp fell 3-3/8 to 119-5/8.  </p>
<p>Steel companies finished broadly higher, led by USX-U.S. Steel Corp, which gained 1-3/8 to 30-1/8 and Inland Steel Industries Inc up one point to 20-1/8, after an industry report showed shipments from U.S. steel mills rose by 7.3 percent in January versus December.</p>
<p>The increase was 5.5 percent when compared to a year ago, according the report by the American Iron and Steel Institute.</p>
<p>Stocks, particularly blue chips, got a vote of confidence from Fidelity Investments' Magellan Fund, which said today it increased the share of its portfolio invested in stocks to 93.5 percent at January 31 from 89.6 percent a month earlier.  </p>
<p>Fidelity said Intel Corp, General Electric Co and Philip Morris Cos Inc remained Magellan's top three holdings after the period, but that General Motors Corp was replaced by Citicorp among the fund's top 10 holdings.</p>
<p>But despite the massive fund's increased appetite for stocks, analysts said the market remained hostage to its more immediate concerns, those over interest rates.</p>
<p>In individual issues, Tessco Technologies Inc tumbled 12-3/8 to 20-1/8 after the company warned its fourth quarter earnings would be below analysts' estimates.  </p>
<p>Wyle Electronics slid five points to 33-3/8 after that company also warned about upcoming earnings. Wyle said it expected its first quarter earnings would be below those in the previous quarter as well as those of a year ago.</p>
<p>Nike Inc fell 5/8 to 66-3/8, rebounding off a session low of 63. The shares were hit early in the day by a rumor that Woolworth Corp's Foot Locker unit had reduced orders for Nike athletic shoes, a rumor Woolworth later denied. Shares in Woolworth gained 7/8 to 22-3/8.</p>
<p>The S&amp;P 500 index fell 2.31 points to 811.34.</p>
<p>The Nasdaq Composite fell 5.96 points to 1316.76.</p>
<p>((-- Wall Street desk, 212-859-1730))</p>
</text>
<copyright>(c) Reuters Limited 1997</copyright>
<metadata>
<codes class="bip:countries:1.0">
  <code code="USA">
    <editdetail attribution="Reuters BIP Coding Group" action="confirmed" date="1997-03-11"/>
  </code>
</codes>
<codes class="bip:topics:1.0">
  <code code="M11">
    <editdetail attribution="Reuters BIP Coding Group" action="confirmed" date="1997-03-11"/>
  </code>
  <code code="MCAT">
    <editdetail attribution="Reuters BIP Coding Group" action="confirmed" date="1997-03-11"/>
  </code>
</codes>
<dc element="dc.date.created" value="1997-03-11"/>
<dc element="dc.publisher" value="Reuters Holdings Plc"/>
<dc element="dc.date.published" value="1997-03-11"/>
<dc element="dc.source" value="Reuters"/>
<dc element="dc.creator.location" value="NEW YORK"/>
<dc element="dc.creator.location.country.name" value="USA"/>
<dc element="dc.source" value="Reuters"/>
</metadata>
</newsitem>
