<?xml version="1.0" encoding="iso-8859-1" ?>
<newsitem itemid="432223" id="root" date="1997-03-11" xml:lang="en">
<title>USA: Canmax Inc Q1 Jan 31 net rises, shr $0.05.</title>
<headline>Canmax Inc Q1 Jan 31 net rises, shr $0.05.</headline>
<dateline>IRVING, Texas 1997-03-11</dateline>
<text>
<p>Financial Summary Table</p>
<p>Condensed Consolidated Statements Of Income - Unaudited</p>
<p>			  (In thousands, except per share data)</p>
<p>							     Three Months</p>
<p>							   Ended January 31</p>
<p>							  1997	   1996</p>
<p> Revenues					    $3,970	$3,068</p>
<p> Cost of revenues				   1,565	 1,152</p>
<p> Gross Margins					2,405	 1,916</p>
<p> Operating expenses				 2,407	 1,748</p>
</text>
<copyright>(c) Reuters Limited 1997</copyright>
<metadata>
<codes class="bip:countries:1.0">
  <code code="USA">
    <editdetail attribution="Reuters BIP Coding Group" action="confirmed" date="1997-03-11"/>
  </code>
</codes>
<codes class="bip:industries:1.0">
  <code code="I33020">
    <editdetail attribution="Reuters BIP Coding Group" action="confirmed" date="1997-03-11"/>
  </code>
</codes>
<codes class="bip:topics:1.0">
  <code code="C15">
    <editdetail attribution="Reuters BIP Coding Group" action="confirmed" date="1997-03-11"/>
  </code>
  <code code="C151">
    <editdetail attribution="Reuters BIP Coding Group" action="confirmed" date="1997-03-11"/>
  </code>
  <code code="CCAT">
    <editdetail attribution="Reuters BIP Coding Group" action="confirmed" date="1997-03-11"/>
  </code>
</codes>
<dc element="dc.date.created" value="1997-03-11"/>
<dc element="dc.publisher" value="Reuters Holdings Plc"/>
<dc element="dc.date.published" value="1997-03-11"/>
<dc element="dc.source" value="Reuters"/>
<dc element="dc.creator.location" value="IRVING, Texas"/>
<dc element="dc.creator.location.country.name" value="USA"/>
<dc element="dc.source" value="Reuters"/>
</metadata>
</newsitem>
