<?xml version="1.0" encoding="iso-8859-1" ?>
<newsitem itemid="432259" id="root" date="1997-03-11" xml:lang="en">
<title>USA: Michaels Stores debt rises before results.</title>
<headline>Michaels Stores debt rises before results.</headline>
<dateline>NEW YORK 1997-03-11</dateline>
<text>
<p>Michael Stores Inc debt traded up over a point on Tuesday ahead of Wednesday's release of the retailer's fourth quarter earnings, high-yield traders said.</p>
<p>The company's 10-7/8 percent notes due 2006 were quoted 1-1/2 points higher at 103 bid, traders said.</p>
<p>&quot;Currently, we haven't released anything,&quot; said Brandon Shelley, corporate communications specialist at Michaels Stores Inc.</p>
<p>&quot;The company's quarterly earnings will be released via conference call on Wednesday after the close of the market,&quot; Shelly added.  </p>
<p>Last week, the retailer reported an eight percent increae in February sales to $97.9 million from $90.4 million in the prior year. The company also said February same-store sales rose 5.0 percent.</p>
<p>Currently, Michaels Stores' senior unsecured debt is rated Ba2 by Moody's Investors Service Inc and BB-minus by Standard &amp; Poor's. Its subordinated debt is rated B1 by Moody's and single-B by S&amp;P.</p>
<p>Michaels Stores, based in Irving, Texas, is the largest specialty retailer of arts and crafts with over 448 stores in the U.S.</p>
<p>On Tuesday, the company's stock was quoted off 1/4 at 17-3/8.</p>
<p>(( Nancy Leinfuss, 212-859-1675 ))</p>
</text>
<copyright>(c) Reuters Limited 1997</copyright>
<metadata>
<codes class="bip:countries:1.0">
  <code code="USA">
    <editdetail attribution="Reuters BIP Coding Group" action="confirmed" date="1997-03-11"/>
  </code>
</codes>
<codes class="bip:industries:1.0">
  <code code="I65400">
    <editdetail attribution="Reuters BIP Coding Group" action="confirmed" date="1997-03-11"/>
  </code>
</codes>
<codes class="bip:topics:1.0">
  <code code="C15">
    <editdetail attribution="Reuters BIP Coding Group" action="confirmed" date="1997-03-11"/>
  </code>
  <code code="C152">
    <editdetail attribution="Reuters BIP Coding Group" action="confirmed" date="1997-03-11"/>
  </code>
  <code code="CCAT">
    <editdetail attribution="Reuters BIP Coding Group" action="confirmed" date="1997-03-11"/>
  </code>
</codes>
<dc element="dc.date.created" value="1997-03-11"/>
<dc element="dc.publisher" value="Reuters Holdings Plc"/>
<dc element="dc.date.published" value="1997-03-11"/>
<dc element="dc.source" value="Reuters"/>
<dc element="dc.creator.location" value="NEW YORK"/>
<dc element="dc.creator.location.country.name" value="USA"/>
<dc element="dc.source" value="Reuters"/>
</metadata>
</newsitem>
