<?xml version="1.0" encoding="iso-8859-1" ?>
<newsitem itemid="432233" id="root" date="1997-03-11" xml:lang="en">
<title>USA: Eclipse sees short-term lower U.S. revs.</title>
<headline>Eclipse sees short-term lower U.S. revs.</headline>
<dateline>SUNNYVALE, Calif. 1997-03-11</dateline>
<text>
<p>Eclipse Surgical Technologies Inc said Tuesday a new medicare reimbursement ruling will result in a significant increase in clinical trial expenses and a significant reduction in U.S. revenues, at least over the short term.</p>
<p>The company said in a statement that the ruling, by the Healthcare Finance Administration (HCFA) on the transmyocardial revascularization (TMR) industry, institutes a non-coverage policy for all TMR procedures performed on Medicare patients in the United States, effective May 19.</p>
<p>TMR is an investigational procedure that may be performed on a beating heart using a special holmium laser device to create pathways within the heart muscle.</p>
<p>&quot;While we are disappointed with the HCFA ruling, we are hopeful that once the U.S. Food and Drug Administration grants marketing clearance for TMR to any TMR company, HCFA will reconsider coverage of the procedure,&quot; said Chairman and Chief Executive Officer Dr. Douglas Murphy-Chutorian.</p>
<p>The company said it has completed Phase II clinical trials comparing TMR to drug therapy and expects to file for pre-marketing approval with the FDA by mid-summer.</p>
</text>
<copyright>(c) Reuters Limited 1997</copyright>
<metadata>
<codes class="bip:countries:1.0">
  <code code="USA">
    <editdetail attribution="Reuters BIP Coding Group" action="confirmed" date="1997-03-11"/>
  </code>
</codes>
<codes class="bip:industries:1.0">
  <code code="I37200">
    <editdetail attribution="Reuters BIP Coding Group" action="confirmed" date="1997-03-11"/>
  </code>
</codes>
<codes class="bip:topics:1.0">
  <code code="C13">
    <editdetail attribution="Reuters BIP Coding Group" action="confirmed" date="1997-03-11"/>
  </code>
  <code code="C15">
    <editdetail attribution="Reuters BIP Coding Group" action="confirmed" date="1997-03-11"/>
  </code>
  <code code="C152">
    <editdetail attribution="Reuters BIP Coding Group" action="confirmed" date="1997-03-11"/>
  </code>
  <code code="CCAT">
    <editdetail attribution="Reuters BIP Coding Group" action="confirmed" date="1997-03-11"/>
  </code>
</codes>
<dc element="dc.date.created" value="1997-03-11"/>
<dc element="dc.publisher" value="Reuters Holdings Plc"/>
<dc element="dc.date.published" value="1997-03-11"/>
<dc element="dc.source" value="Reuters"/>
<dc element="dc.creator.location" value="SUNNYVALE, Calif."/>
<dc element="dc.creator.location.country.name" value="USA"/>
<dc element="dc.source" value="Reuters"/>
</metadata>
</newsitem>
