<?xml version="1.0" encoding="iso-8859-1" ?>
<newsitem itemid="432208" id="root" date="1997-03-11" xml:lang="en">
<title>USA: J. Baker sees after-tax $117 mln charge.</title>
<headline>J. Baker sees after-tax $117 mln charge.</headline>
<dateline>CANTON, Mass. 1997-03-11</dateline>
<text>
<p>J. Baker Inc  said Tuesday that it will take an after-tax charge of about $117 million for the restructuring of its footwear operations.</p>
<p>The non-recurring charge is associated with the disposal of the Parade of Shoes and Shoe Corporation of America divisions, as well as the write-down of assets related to the restructuring of its Licensed Discount footwear operations.</p>
<p>The charge, said the company,  will be taken in the fourth quarter of the fiscal year ended February 1. Managament said that it expects the charge will have a positive impact on the future liquidity of the company.  </p>
<p>The company said it has completed the previously-announced sale of its Parade of Shoes division to Payless ShoeSource Inc for about $20 million, as well as the the sale of its Shoe Corp of America division for about $40 million. The proceeds will be used to pay down bank debt, the company said.</p>
<p>J. Baker, Inc is a diversified retailer of apparel and footwear operating 439 Casual Male Big &amp; Tall stores, 66 Work 'n Gear stores, 875 licensed footwear departments in discount department stores.</p>
</text>
<copyright>(c) Reuters Limited 1997</copyright>
<metadata>
<codes class="bip:countries:1.0">
  <code code="USA">
    <editdetail attribution="Reuters BIP Coding Group" action="confirmed" date="1997-03-11"/>
  </code>
</codes>
<codes class="bip:industries:1.0">
  <code code="I65400">
    <editdetail attribution="Reuters BIP Coding Group" action="confirmed" date="1997-03-11"/>
  </code>
</codes>
<codes class="bip:topics:1.0">
  <code code="C15">
    <editdetail attribution="Reuters BIP Coding Group" action="confirmed" date="1997-03-11"/>
  </code>
  <code code="C152">
    <editdetail attribution="Reuters BIP Coding Group" action="confirmed" date="1997-03-11"/>
  </code>
  <code code="C18">
    <editdetail attribution="Reuters BIP Coding Group" action="confirmed" date="1997-03-11"/>
  </code>
  <code code="C181">
    <editdetail attribution="Reuters BIP Coding Group" action="confirmed" date="1997-03-11"/>
  </code>
  <code code="CCAT">
    <editdetail attribution="Reuters BIP Coding Group" action="confirmed" date="1997-03-11"/>
  </code>
</codes>
<dc element="dc.date.created" value="1997-03-11"/>
<dc element="dc.publisher" value="Reuters Holdings Plc"/>
<dc element="dc.date.published" value="1997-03-11"/>
<dc element="dc.source" value="Reuters"/>
<dc element="dc.creator.location" value="CANTON, Mass."/>
<dc element="dc.creator.location.country.name" value="USA"/>
<dc element="dc.source" value="Reuters"/>
</metadata>
</newsitem>
