<?xml version="1.0" encoding="iso-8859-1" ?>
<newsitem itemid="432258" id="root" date="1997-03-11" xml:lang="en">
<title>USA: NYCE cotton ends lower despite bullish export data.</title>
<headline>NYCE cotton ends lower despite bullish export data.</headline>
<dateline>NEW YORK 1997-03-11</dateline>
<text>
<p>NYCE cotton futures closed slightly down, having already filtered in a bullish export forecast by the U.S. Department of Agriculture, market sources said.</p>
<p>The run-up to the recent high of 78.25 cents basis  the May contract hit on Monday reflected expectations for an increase in the USDA's export forecast, they added.</p>
<p>In its report, the USDA raised exports to 6.8 million 480-lb bales from 6.5 million bales in February. Ending stocks fell to 4.15 million bales from 4.45 million bales.</p>
<p>The 1996/97 production forecast remained unchanged at 18.95 million bales.</p>
<p>May cotton eased 0.08 cent on the day to close at 77.85 cents a lb, having ranged from 77.95 to 77.50 cents. The back months finished 0.21 lower to 0.13 cent higher.</p>
<p>Firm resistance was seen at the contract high of 85.40 cents in May.</p>
<p>Today's volume reached an estimated 25,000 lots compared to Monday's official 33,291 lots. Dealers noted heavy trade selling throughout the day, and some speculative buying.</p>
<p>The market now awaits the USDA's first officaal estimate for 1997/98 planted cotton area, set for release March 31.</p>
<p>((Suzanne Rostler, New York Commodity Desk, 212-859-1640))</p>
</text>
<copyright>(c) Reuters Limited 1997</copyright>
<metadata>
<codes class="bip:countries:1.0">
  <code code="USA">
    <editdetail attribution="Reuters BIP Coding Group" action="confirmed" date="1997-03-11"/>
  </code>
</codes>
<codes class="bip:topics:1.0">
  <code code="M14">
    <editdetail attribution="Reuters BIP Coding Group" action="confirmed" date="1997-03-11"/>
  </code>
  <code code="M141">
    <editdetail attribution="Reuters BIP Coding Group" action="confirmed" date="1997-03-11"/>
  </code>
  <code code="MCAT">
    <editdetail attribution="Reuters BIP Coding Group" action="confirmed" date="1997-03-11"/>
  </code>
</codes>
<dc element="dc.date.created" value="1997-03-11"/>
<dc element="dc.publisher" value="Reuters Holdings Plc"/>
<dc element="dc.date.published" value="1997-03-11"/>
<dc element="dc.source" value="Reuters"/>
<dc element="dc.creator.location" value="NEW YORK"/>
<dc element="dc.creator.location.country.name" value="USA"/>
<dc element="dc.source" value="Reuters"/>
</metadata>
</newsitem>
