<?xml version="1.0" encoding="iso-8859-1" ?>
<newsitem itemid="432299" id="root" date="1997-03-11" xml:lang="en">
<title>USA: Teleport to buy rest of Biztel.</title>
<headline>Teleport to buy rest of Biztel.</headline>
<dateline>NEW YORK 1997-03-11</dateline>
<text>
<p>Teleport Communications Group Inc said on Tuesday it has agreed to acquire the remaining 50.1 percent interest in BizTel Communications Inc that it does not already own for 1.667 million Teleport Class A common shares.</p>
<p>BizTel Communications is the holding company for BizTel Inc, which provides high quality broadband 38 GHz wireless services in 48 states, Teleport said.  </p>
<p>Teleport, which alreadys owns 49.9 percent of Biztel, said the agreement is subject to both Hart-Scott-Rodino and FCC approvals, becomes effective after July 15, 1997 when it can exercise the option .</p>
<p>Under currently held FCC licenses, BizTel operates 38 GHz facilities in more than 150 of the top markets in the country and Teleport already resells BizTel services in several markets, the company said.</p>
<p>As of the end of 1996, Teleport had approximately 160 million shares outstanding.</p>
</text>
<copyright>(c) Reuters Limited 1997</copyright>
<metadata>
<codes class="bip:countries:1.0">
  <code code="USA">
    <editdetail attribution="Reuters BIP Coding Group" action="confirmed" date="1997-03-11"/>
  </code>
</codes>
<codes class="bip:topics:1.0">
  <code code="C18">
    <editdetail attribution="Reuters BIP Coding Group" action="confirmed" date="1997-03-11"/>
  </code>
  <code code="C181">
    <editdetail attribution="Reuters BIP Coding Group" action="confirmed" date="1997-03-11"/>
  </code>
  <code code="CCAT">
    <editdetail attribution="Reuters BIP Coding Group" action="confirmed" date="1997-03-11"/>
  </code>
</codes>
<dc element="dc.date.created" value="1997-03-11"/>
<dc element="dc.publisher" value="Reuters Holdings Plc"/>
<dc element="dc.date.published" value="1997-03-11"/>
<dc element="dc.source" value="Reuters"/>
<dc element="dc.creator.location" value="NEW YORK"/>
<dc element="dc.creator.location.country.name" value="USA"/>
<dc element="dc.source" value="Reuters"/>
</metadata>
</newsitem>
