<?xml version="1.0" encoding="iso-8859-1" ?>
<newsitem itemid="432226" id="root" date="1997-03-11" xml:lang="en">
<title>USA: U.S. Treasury balances at Fed fell on March 10.</title>
<headline>U.S. Treasury balances at Fed fell on March 10.</headline>
<dateline>WASHINGTON 1997-03-11</dateline>
<text>
<p>U.S. Treasury balances at Federal Reserve based on Treasury Department's latest budget statement.</p>
<p>			  (BILLIONS OF DLRS)</p>
<p>				March 10		March 7</p>
<p>Fed acct			 4.347		  5.290</p>
<p>Tax/loan note acct	  10.468		  8.333</p>
<p>Cash balance		  14.814		 13.623</p>
<p>---</p>
<p>Total public debt,</p>
<p> subject to limit	5,266.933	     5,265.656</p>
<p>---</p>
<p>Treasury said individual income tax refunds valued at $1 million were issued and $56 million of corporate refunds were issued.</p>
</text>
<copyright>(c) Reuters Limited 1997</copyright>
<metadata>
<codes class="bip:countries:1.0">
  <code code="USA">
    <editdetail attribution="Reuters BIP Coding Group" action="confirmed" date="1997-03-11"/>
  </code>
</codes>
<codes class="bip:topics:1.0">
  <code code="E21">
    <editdetail attribution="Reuters BIP Coding Group" action="confirmed" date="1997-03-11"/>
  </code>
  <code code="E212">
    <editdetail attribution="Reuters BIP Coding Group" action="confirmed" date="1997-03-11"/>
  </code>
  <code code="E51">
    <editdetail attribution="Reuters BIP Coding Group" action="confirmed" date="1997-03-11"/>
  </code>
  <code code="E513">
    <editdetail attribution="Reuters BIP Coding Group" action="confirmed" date="1997-03-11"/>
  </code>
  <code code="ECAT">
    <editdetail attribution="Reuters BIP Coding Group" action="confirmed" date="1997-03-11"/>
  </code>
</codes>
<dc element="dc.date.created" value="1997-03-11"/>
<dc element="dc.publisher" value="Reuters Holdings Plc"/>
<dc element="dc.date.published" value="1997-03-11"/>
<dc element="dc.source" value="Reuters"/>
<dc element="dc.creator.location" value="WASHINGTON"/>
<dc element="dc.creator.location.country.name" value="USA"/>
<dc element="dc.source" value="Reuters"/>
</metadata>
</newsitem>
