<?xml version="1.0" encoding="iso-8859-1" ?>
<newsitem itemid="432205" id="root" date="1997-03-11" xml:lang="en">
<title>USA: Chrysler sets higher Q2 production forecast.</title>
<headline>Chrysler sets higher Q2 production forecast.</headline>
<dateline>AUBURN HILLS, Mich. 1997-03-11</dateline>
<text>
<p>Chrysler Corp on Tuesday set a second quarter worldwide production forecast of 809,000 units, a 4.3 percent increase from the 775,800 units it produced in the second quarter of 1996.</p>
<p>The company also lowered by 6,900 units its projected output for the first quarter to 765,700.</p>
<p>The company expects to make 244,700 cars in North America and 564,300 trucks in North America and Austria. A year ago, Chrysler produced 269,200 cars and 506,600 trucks.  </p>
<p>For the first quarter, Chrysler said it now expects to build 217,300 cars and 548,400 trucks. It previously had forecast to make 218,800 cars and 553,800 trucks.</p>
<p>Chrysler is the only one of the Big Three automakers that has set a production forecast higher than the year ago. Ford Motor Co said last week it expects to make 1,202,000 vehicles in the second period, a decline of less than one percent.</p>
<p>Also last week, General Motors Corp said it expects to make 1,550,000 vehicles in North America, a number about flat with the year-ago period.</p>
</text>
<copyright>(c) Reuters Limited 1997</copyright>
<metadata>
<codes class="bip:countries:1.0">
  <code code="USA">
    <editdetail attribution="Reuters BIP Coding Group" action="confirmed" date="1997-03-11"/>
  </code>
</codes>
<codes class="bip:industries:1.0">
  <code code="I35101">
    <editdetail attribution="Reuters BIP Coding Group" action="confirmed" date="1997-03-11"/>
  </code>
</codes>
<codes class="bip:topics:1.0">
  <code code="C21">
    <editdetail attribution="Reuters BIP Coding Group" action="confirmed" date="1997-03-11"/>
  </code>
  <code code="CCAT">
    <editdetail attribution="Reuters BIP Coding Group" action="confirmed" date="1997-03-11"/>
  </code>
</codes>
<dc element="dc.date.created" value="1997-03-11"/>
<dc element="dc.publisher" value="Reuters Holdings Plc"/>
<dc element="dc.date.published" value="1997-03-11"/>
<dc element="dc.source" value="Reuters"/>
<dc element="dc.creator.location" value="AUBURN HILLS, Mich."/>
<dc element="dc.creator.location.country.name" value="USA"/>
<dc element="dc.source" value="Reuters"/>
</metadata>
</newsitem>
