<?xml version="1.0" encoding="iso-8859-1" ?>
<newsitem itemid="432261" id="root" date="1997-03-11" xml:lang="en">
<title>USA: CSCE world sugar futures end down, still in range.</title>
<headline>CSCE world sugar futures end down, still in range.</headline>
<dateline>NEW YORK 1997-03-11</dateline>
<text>
<p>CSCE world sugar futures settled weaker and near the day's lows, but prices failed to break out of their recent trading range, dealers said.</p>
<p>A burst of commission house selling near the close pressured benchmark May to the day's low of 10.89 cents, well above support seen at 10.75 cents.</p>
<p>&quot;We have to get below 10.75 to see any kind of a real selloff,&quot; a dealer said. &quot;There is no real desire or incentive to do anything one way or the other at these levels.&quot;</p>
<p>A move above the recent high of 11.09 cents in May could spark some fresh speculative buying, but the producers are likely to provide resistance at each tick higher, floor sources said.</p>
<p>May ended at 10.92 cents a lb, down 0.11 cent, while the back months finished 0.12 to 0.08 lower.</p>
<p>The May/July spread grew to 0.27 cent from 0.26 on Monday's close.</p>
<p>Volume was estimated at 14,030 lots compared with an official 13,740 lots on Monday.</p>
<p>Longer-term resistance was seen at 11.20 cents and support at 10.50 cents in May.</p>
<p>Floor sources reported dull activity for most of the session and cited the speculators as early buyers and late sellers.</p>
<p>News that the U.S. Department of Agriculture pegged the 1996/97 stocks-to-use ratio at 14.0 percent had no impact on today's activity.</p>
<p>The ratio is a key figure used to set the import quota.</p>
<p>((Suzanne Rostler, New York Commodity Desk, 212-859-1640))</p>
</text>
<copyright>(c) Reuters Limited 1997</copyright>
<metadata>
<codes class="bip:countries:1.0">
  <code code="USA">
    <editdetail attribution="Reuters BIP Coding Group" action="confirmed" date="1997-03-11"/>
  </code>
</codes>
<codes class="bip:topics:1.0">
  <code code="M14">
    <editdetail attribution="Reuters BIP Coding Group" action="confirmed" date="1997-03-11"/>
  </code>
  <code code="M141">
    <editdetail attribution="Reuters BIP Coding Group" action="confirmed" date="1997-03-11"/>
  </code>
  <code code="MCAT">
    <editdetail attribution="Reuters BIP Coding Group" action="confirmed" date="1997-03-11"/>
  </code>
</codes>
<dc element="dc.date.created" value="1997-03-11"/>
<dc element="dc.publisher" value="Reuters Holdings Plc"/>
<dc element="dc.date.published" value="1997-03-11"/>
<dc element="dc.source" value="Reuters"/>
<dc element="dc.creator.location" value="NEW YORK"/>
<dc element="dc.creator.location.country.name" value="USA"/>
<dc element="dc.source" value="Reuters"/>
</metadata>
</newsitem>
