<?xml version="1.0" encoding="iso-8859-1" ?>
<newsitem itemid="432288" id="root" date="1997-03-11" xml:lang="en">
<title>USA: Very hard to get budget pact by April 15 -- Rubin.</title>
<headline>Very hard to get budget pact by April 15 -- Rubin.</headline>
<dateline>WASHINGTON 1997-03-11</dateline>
<text>
<p>The Clinton administration and Congress face difficulties in reaching agreement on a balanced budget plan by April 15, Treasury Secretary Robert Rubin said on Tuesday.</p>
<p>&quot;It's going to be very difficult to work out the differences between now and April 15,&quot; he told the House Budget Committee.</p>
<p>In a provision more often ignored than observed, the Budget Act calls for Congressional passage of a budget blueprint by April 15 of each year for the fiscal year starting the following October 1.  </p>
<p>Rubin noted that Congressional Republicans have yet to put forward their own budget plan.</p>
<p>Republican lawmakers have criticized the administration's proposal, saying that it does not actually balance the budget by 2002, and are reportedly considering trying to pass a resolution calling on President Clinton to introduce a new one.</p>
<p>Rubin defended the administration's budget proposal and showed no willingness to put forward another one, however.</p>
<p>&quot;We have put forth a very responsible budget,&quot; he said. &quot;We have clearly fulfilled our responsibility.&quot;</p>
<p>As he has done before, Rubin also questioned the merits of a broad-based capital gains tax cut, a pet proposal of many Republican lawmakers.</p>
</text>
<copyright>(c) Reuters Limited 1997</copyright>
<metadata>
<codes class="bip:countries:1.0">
  <code code="USA">
    <editdetail attribution="Reuters BIP Coding Group" action="confirmed" date="1997-03-11"/>
  </code>
</codes>
<codes class="bip:topics:1.0">
  <code code="E21">
    <editdetail attribution="Reuters BIP Coding Group" action="confirmed" date="1997-03-11"/>
  </code>
  <code code="E211">
    <editdetail attribution="Reuters BIP Coding Group" action="confirmed" date="1997-03-11"/>
  </code>
  <code code="ECAT">
    <editdetail attribution="Reuters BIP Coding Group" action="confirmed" date="1997-03-11"/>
  </code>
  <code code="GCAT">
    <editdetail attribution="Reuters BIP Coding Group" action="confirmed" date="1997-03-11"/>
  </code>
  <code code="GPOL">
    <editdetail attribution="Reuters BIP Coding Group" action="confirmed" date="1997-03-11"/>
  </code>
</codes>
<dc element="dc.date.created" value="1997-03-11"/>
<dc element="dc.publisher" value="Reuters Holdings Plc"/>
<dc element="dc.date.published" value="1997-03-11"/>
<dc element="dc.source" value="Reuters"/>
<dc element="dc.creator.location" value="WASHINGTON"/>
<dc element="dc.creator.location.country.name" value="USA"/>
<dc element="dc.source" value="Reuters"/>
</metadata>
</newsitem>
