<?xml version="1.0" encoding="iso-8859-1" ?>
<newsitem itemid="432276" id="root" date="1997-03-11" xml:lang="en">
<title>USA: US adj retail sales up 1.1 pct wk March 8 -Redbook.</title>
<headline>US adj retail sales up 1.1 pct wk March 8 -Redbook.</headline>
<dateline>NEW YORK 1997-03-11</dateline>
<text>
<p>U.S. seasonally adjusted retail sales rose 1.1 percent in the first week of fiscal March versus February, according to the Lynch, Jones &amp; Ryan Inc Redbook Retail Sales Index.</p>
<p>The index rose 8.6 percent compared to the same month a year ago, the report said. Adjusted retail sales also jumped 8.6 percent in the week ended March 8 compared with the same week a year ago, it said.  </p>
<p>&quot;Retailers reported a seasonal tone to merchandise trends with, for instance, horticultural lines doing well at discount stores,&quot; the report said.</p>
<p>Soft lines continued to drive sales at department stores, and discounters saw a pickup in apparel and accessories, such as children's wear and footwear, it said.</p>
<p>The aggregate sales growth target for March, a measure of retailers' plans, hit 8.0 percent, well above the 6.0-percent increase in February, the report said.</p>
<p>&quot;The increase is entirely the result of expected sales gains at national department stores and discounters,&quot; the report said.</p>
<p>But regional department store projections are about the same as they were in February, indicating modest growth in this sector, it said.</p>
<p>(( -- N.A. Treasury Desk, 212-859-1660 ))</p>
</text>
<copyright>(c) Reuters Limited 1997</copyright>
<metadata>
<codes class="bip:countries:1.0">
  <code code="USA">
    <editdetail attribution="Reuters BIP Coding Group" action="confirmed" date="1997-03-11"/>
  </code>
</codes>
<codes class="bip:topics:1.0">
  <code code="E14">
    <editdetail attribution="Reuters BIP Coding Group" action="confirmed" date="1997-03-11"/>
  </code>
  <code code="E143">
    <editdetail attribution="Reuters BIP Coding Group" action="confirmed" date="1997-03-11"/>
  </code>
  <code code="ECAT">
    <editdetail attribution="Reuters BIP Coding Group" action="confirmed" date="1997-03-11"/>
  </code>
</codes>
<dc element="dc.date.created" value="1997-03-11"/>
<dc element="dc.publisher" value="Reuters Holdings Plc"/>
<dc element="dc.date.published" value="1997-03-11"/>
<dc element="dc.source" value="Reuters"/>
<dc element="dc.creator.location" value="NEW YORK"/>
<dc element="dc.creator.location.country.name" value="USA"/>
<dc element="dc.source" value="Reuters"/>
</metadata>
</newsitem>
