<?xml version="1.0" encoding="iso-8859-1" ?>
<newsitem itemid="432247" id="root" date="1997-03-11" xml:lang="en">
<title>USA: US Senator drops objection to Pena at Energy Dept.</title>
<headline>US Senator drops objection to Pena at Energy Dept.</headline>
<dateline>WASHINGTON 1997-03-11</dateline>
<text>
<p>A Republican senator Tuesday said he would drop his objection to advancing the nomination of Federico Pena as U.S. energy secretary.</p>
<p>Sen. Rod Grams of Minnesota said he still was concerned by Pena's &quot;continued lack of specific answers&quot; on how to dispose of radioactive waste from nuclear utilities, but Grams said he would no longer object to efforts to hold a full Senate vote to confirm Pena.  </p>
<p>Grams said he was lifting his objection because Pena &quot;provided verbal assurances of his commitment that our nuclear waste storage situation is a federal problem, one worthy of a federal solution.&quot;</p>
<p>Pena's nomination has been delayed by complaints from several Republican senators that the administration has balked on its responsibility to find a way to store nuclear waste that the federal government takes legal title to next year.</p>
<p>Senate Energy Committee Chairman Frank Murkowski had delayed a committee vote on Pena for several weeks over the issue, but finally held a vote last week in which the panel approved Pena 19-0.</p>
<p>Murkowski, Grams and others are pushing a bill to set up a temporary dump in Nevada for the nuclear waste now stored at more than 70 sites around the country, but the Clinton administration has threatened to veto the bill.</p>
</text>
<copyright>(c) Reuters Limited 1997</copyright>
<metadata>
<codes class="bip:countries:1.0">
  <code code="USA">
    <editdetail attribution="Reuters BIP Coding Group" action="confirmed" date="1997-03-11"/>
  </code>
</codes>
<codes class="bip:industries:1.0">
  <code code="I15000">
    <editdetail attribution="Reuters BIP Coding Group" action="confirmed" date="1997-03-11"/>
  </code>
  <code code="I1610109">
    <editdetail attribution="Reuters BIP Coding Group" action="confirmed" date="1997-03-11"/>
  </code>
</codes>
<codes class="bip:topics:1.0">
  <code code="C13">
    <editdetail attribution="Reuters BIP Coding Group" action="confirmed" date="1997-03-11"/>
  </code>
  <code code="CCAT">
    <editdetail attribution="Reuters BIP Coding Group" action="confirmed" date="1997-03-11"/>
  </code>
  <code code="GCAT">
    <editdetail attribution="Reuters BIP Coding Group" action="confirmed" date="1997-03-11"/>
  </code>
  <code code="GENV">
    <editdetail attribution="Reuters BIP Coding Group" action="confirmed" date="1997-03-11"/>
  </code>
  <code code="GPOL">
    <editdetail attribution="Reuters BIP Coding Group" action="confirmed" date="1997-03-11"/>
  </code>
</codes>
<dc element="dc.date.created" value="1997-03-11"/>
<dc element="dc.publisher" value="Reuters Holdings Plc"/>
<dc element="dc.date.published" value="1997-03-11"/>
<dc element="dc.source" value="Reuters"/>
<dc element="dc.creator.location" value="WASHINGTON"/>
<dc element="dc.creator.location.country.name" value="USA"/>
<dc element="dc.source" value="Reuters"/>
</metadata>
</newsitem>
