<?xml version="1.0" encoding="iso-8859-1" ?>
<newsitem itemid="432253" id="root" date="1997-03-11" xml:lang="en">
<title>USA: U.S. debt futures end erratic trading mixed.</title>
<headline>U.S. debt futures end erratic trading mixed.</headline>
<dateline>CHICAGO 1997-03-11</dateline>
<text>
<p>U.S. debt futures ended erratic trading mixed, with an late rebound losing strength in the long end, which sagged back to small losses.</p>
<p>Market talk, later confirmed, of a 1.1-percent increase in the Lynch, Jones &amp; Ryan weekly Redbook retail sales index, coupled with a technical stallout, helped sap an afternoon rally of strength, brokers said.</p>
<p>&quot;I think with Redbook being up a little bit, people got caught a little long at the top and we got some liquidation,&quot; said one T-bond futures broker of the final slippage to the downside.</p>
</text>
<copyright>(c) Reuters Limited 1997</copyright>
<metadata>
<codes class="bip:countries:1.0">
  <code code="USA">
    <editdetail attribution="Reuters BIP Coding Group" action="confirmed" date="1997-03-11"/>
  </code>
</codes>
<codes class="bip:topics:1.0">
  <code code="M12">
    <editdetail attribution="Reuters BIP Coding Group" action="confirmed" date="1997-03-11"/>
  </code>
  <code code="MCAT">
    <editdetail attribution="Reuters BIP Coding Group" action="confirmed" date="1997-03-11"/>
  </code>
</codes>
<dc element="dc.date.created" value="1997-03-11"/>
<dc element="dc.publisher" value="Reuters Holdings Plc"/>
<dc element="dc.date.published" value="1997-03-11"/>
<dc element="dc.source" value="Reuters"/>
<dc element="dc.creator.location" value="CHICAGO"/>
<dc element="dc.creator.location.country.name" value="USA"/>
<dc element="dc.source" value="Reuters"/>
</metadata>
</newsitem>
