<?xml version="1.0" encoding="iso-8859-1" ?>
<newsitem itemid="432292" id="root" date="1997-03-11" xml:lang="en">
<title>USA: Northstar asks for consent revocation.</title>
<headline>Northstar asks for consent revocation.</headline>
<dateline>INDIANA, Pa. 1997-03-11</dateline>
<text>
<p>Northstar Health Services Inc said it filed a preliminary Schedule 14A revocation of consent statement with the U.S. Securities and Exchange Commission, detailing why it believes shareholders should support the board in a proxy fight.</p>
<p>The statement urged Northstar stockholders to revoke any consent they might have filed at the request of a committee organized by former chief executive officer Thomas Zaucha, who was recently terminated from his post for cause, it said.  </p>
<p>Northstar Health said in February it removed Zaucha as CEO for an alleged conflict of interest which arose because he was the company's second largest creditor.  Zaucha then filed suit against Northstar seeking to invalidate the board's actions.</p>
<p>He said he was leading a proxy fight to gain control of the company, contending Northstar board measures attempted to strip shareholders of corporate governance rights.</p>
<p>In a statement released on Monday, Northstar said Zaucha allegedly bought 75,000 shares of its common stock in December 1996, while allegedly in possession of material insider information, the company said.</p>
<p>Zaucha told Reuters he bought 75,000 shares of Northstar common stock in December 1996 but he was not in possession of any material insider information.</p>
<p>Regarding Northstar's filing, he said: &quot;We have reviewed that revocation of consent statement and we believe much of the information in it is false or misleading and we will be communicating with the SEC about our concerns.&quot;</p>
<p>Northstar also said it told its financial adviser, Advest Inc, to aggressively pursue all opportunities to maximize shareholder value, including those proposed by Zaucha.</p>
<p>((New York newsdesk 212-859-1610))</p>
</text>
<copyright>(c) Reuters Limited 1997</copyright>
<metadata>
<codes class="bip:countries:1.0">
  <code code="USA">
    <editdetail attribution="Reuters BIP Coding Group" action="confirmed" date="1997-03-11"/>
  </code>
</codes>
<codes class="bip:industries:1.0">
  <code code="I95100">
    <editdetail attribution="Reuters BIP Coding Group" action="confirmed" date="1997-03-11"/>
  </code>
</codes>
<codes class="bip:topics:1.0">
  <code code="C41">
    <editdetail attribution="Reuters BIP Coding Group" action="confirmed" date="1997-03-11"/>
  </code>
  <code code="C411">
    <editdetail attribution="Reuters BIP Coding Group" action="confirmed" date="1997-03-11"/>
  </code>
  <code code="CCAT">
    <editdetail attribution="Reuters BIP Coding Group" action="confirmed" date="1997-03-11"/>
  </code>
</codes>
<dc element="dc.date.created" value="1997-03-11"/>
<dc element="dc.publisher" value="Reuters Holdings Plc"/>
<dc element="dc.date.published" value="1997-03-11"/>
<dc element="dc.source" value="Reuters"/>
<dc element="dc.creator.location" value="INDIANA, Pa."/>
<dc element="dc.creator.location.country.name" value="USA"/>
<dc element="dc.source" value="Reuters"/>
</metadata>
</newsitem>
