<?xml version="1.0" encoding="iso-8859-1" ?>
<newsitem itemid="432272" id="root" date="1997-03-11" xml:lang="en">
<title>USA: CILCORP supports latest restructuring bill.</title>
<headline>CILCORP supports latest restructuring bill.</headline>
<dateline>SPRINGFIELD, Ill. 1997-03-11</dateline>
<text>
<p>CILCORP Inc said Tuesday it support a new electric industry restructuring bill introduced in the Illinois House with the support of a broad-based alliance representing residential, commercial and industrial consumers.</p>
<p>The utility said the lead sponsors include the co-chairmen of the House Electric Deregulation Committee Kankakee Democrat Phil Novak and Glen Ellyn Republican Vince Persico.</p>
<p>Although the bill differs from one introduced by CILCORP, it &quot;includes the principles we have laid out,&quot; spokesman Greg Woith said.  </p>
<p>Under the bill, known as the Electric Customer Choice and Protection Act, all electric customer utilities would have the opportunity to buy electricity from their provider of choice beginning May 1, 1998.</p>
<p>Woith said CILCORP, the owner of Central Illinois Light, had sought a January 1 beginning for customer choice.</p>
<p>In November, the Illinois Coalition for Responsible Electricity Choice called for limited customer choice beginning next year and completing the deregulation process statewide in 2005.  </p>
<p>The coalition consists of Unicom Corp, CIPSCO Inc, Illinova Corp, MidAmerican Energy Holdings Co, Union Electric Co, Illinois Industrial Electricity Consumers, Chemical Industries Council of Illinois, Illinois Manufacturers' Association and the Illinois Retail Merchants Association.</p>
<p>CILCORP's statement said the latest proposal calls for all customers tol have equal access to a competitive electric market at the same time, with no special treatment for large users.  Most consumers could receive up to a 10 percent rate reduction the first year.  </p>
<p>More reductions are possible the second and third years.</p>
<p>The coalition proposed a rate freeze for most customers until January 1, 2000, followed by reductions of 1.5 percent annually through 2004.</p>
<p>The latest proposal also says electric service providers must register with the Illinois Commerce Commission, which would continue to regulate transmission and distribution.</p>
<p>It would allow utilities needing additional revenues to ensure financial viability and reliability to participate in a trust fund by charging all consumers on their systems $0.003 per kilowatt-hour used.  </p>
<p>To receive disbursements from the trust fund the utility would have to &quot;prove&quot; its need to the commission.</p>
<p>Woith said this replaced securitization in the proposal.</p>
<p>Municipal electric systems and rural electric cooperatives are not required to open their facilities to competition under the legislation.  State and local taxes and municipal franchise fees would continue at existing levels.</p>
<p>Assistant Majority Leader Arthur L. Turner, a Chicago Democrat and a lead sponsor, said, &quot;H.B. 1998 appears to be that compromise legislation everyone has been seeking to really start the restructuring debate in earnest.&quot;  </p>
<p>Novak said, &quot;This consumer alliance bill is a welcome contribution to the electric restructuring debate in Springfield, and the first piece of legislation that has support from major representatives of all three electric customer classes -- residential, commercial and industrial.&quot;</p>
<p>Persico said, &quot;While its details still need to be carefully examined, this bill is significant in that it does attempt to address the 12 necessary points identified by the House Deregulation Committee.&quot;</p>
<p>Other organizations supporting the legislation include: Citizens Utility Board; Illinois Citizens for a Sound Economy; Art Institute of Chicago; Building Owners and Managers Association of Chicago; Illinois Restaurant Association; Akzo Nobel NV's Akzo Chemical; Caterpillar Inc ; Enron Corp ; General Mills Inc ;  Koppers Industries Inc KOP.N ; Nestle SA ; Reynolds Metals Co; RR Donnelly &amp; Sons ; Uno-Ven ; and World Color Press Inc.</p>
<p>((-- Jim Brumm 212-859-1710.))</p>
</text>
<copyright>(c) Reuters Limited 1997</copyright>
<metadata>
<codes class="bip:countries:1.0">
  <code code="USA">
    <editdetail attribution="Reuters BIP Coding Group" action="confirmed" date="1997-03-11"/>
  </code>
</codes>
<codes class="bip:industries:1.0">
  <code code="I13000">
    <editdetail attribution="Reuters BIP Coding Group" action="confirmed" date="1997-03-11"/>
  </code>
  <code code="I16100">
    <editdetail attribution="Reuters BIP Coding Group" action="confirmed" date="1997-03-11"/>
  </code>
  <code code="I16200">
    <editdetail attribution="Reuters BIP Coding Group" action="confirmed" date="1997-03-11"/>
  </code>
</codes>
<codes class="bip:topics:1.0">
  <code code="C11">
    <editdetail attribution="Reuters BIP Coding Group" action="confirmed" date="1997-03-11"/>
  </code>
  <code code="C13">
    <editdetail attribution="Reuters BIP Coding Group" action="confirmed" date="1997-03-11"/>
  </code>
  <code code="C34">
    <editdetail attribution="Reuters BIP Coding Group" action="confirmed" date="1997-03-11"/>
  </code>
  <code code="CCAT">
    <editdetail attribution="Reuters BIP Coding Group" action="confirmed" date="1997-03-11"/>
  </code>
</codes>
<dc element="dc.date.created" value="1997-03-11"/>
<dc element="dc.publisher" value="Reuters Holdings Plc"/>
<dc element="dc.date.published" value="1997-03-11"/>
<dc element="dc.source" value="Reuters"/>
<dc element="dc.creator.location" value="SPRINGFIELD, Ill."/>
<dc element="dc.creator.location.country.name" value="USA"/>
<dc element="dc.source" value="Reuters"/>
</metadata>
</newsitem>
