<?xml version="1.0" encoding="iso-8859-1" ?>
<newsitem itemid="432291" id="root" date="1997-03-11" xml:lang="en">
<title>USA: Uniforce Services Q4 net off after charge.</title>
<headline>Uniforce Services Q4 net off after charge.</headline>
<dateline>WOODBURY, N.Y. 1997-03-11</dateline>
<text>
<p>UNIFORCE SERVICES, INC. AND SUBSIDIARIES</p>
<p>		     FINANCIAL HIGHLIGHTS (Unaudited)</p>
<p>			Three Months Ended	Twelve Months Ended</p>
<p>		   12/31/96   12/31/95	 12/31/96    12/31/95</p>
<p>Total</p>
<p>Revenues    $38,758,054 $35,692,609 $142,151,356 $134,471,332</p>
<p>Earnings</p>
<p>From</p>
<p>Operations</p>
<p>	     1,973,885(A)  2,066,982    7,980,496(A)  6,443,934</p>
</text>
<copyright>(c) Reuters Limited 1997</copyright>
<metadata>
<codes class="bip:countries:1.0">
  <code code="USA">
    <editdetail attribution="Reuters BIP Coding Group" action="confirmed" date="1997-03-11"/>
  </code>
</codes>
<codes class="bip:industries:1.0">
  <code code="I83954">
    <editdetail attribution="Reuters BIP Coding Group" action="confirmed" date="1997-03-11"/>
  </code>
</codes>
<codes class="bip:topics:1.0">
  <code code="C15">
    <editdetail attribution="Reuters BIP Coding Group" action="confirmed" date="1997-03-11"/>
  </code>
  <code code="C151">
    <editdetail attribution="Reuters BIP Coding Group" action="confirmed" date="1997-03-11"/>
  </code>
  <code code="C1511">
    <editdetail attribution="Reuters BIP Coding Group" action="confirmed" date="1997-03-11"/>
  </code>
  <code code="CCAT">
    <editdetail attribution="Reuters BIP Coding Group" action="confirmed" date="1997-03-11"/>
  </code>
</codes>
<dc element="dc.date.created" value="1997-03-11"/>
<dc element="dc.publisher" value="Reuters Holdings Plc"/>
<dc element="dc.date.published" value="1997-03-11"/>
<dc element="dc.source" value="Reuters"/>
<dc element="dc.creator.location" value="WOODBURY, N.Y."/>
<dc element="dc.creator.location.country.name" value="USA"/>
<dc element="dc.source" value="Reuters"/>
</metadata>
</newsitem>
