<?xml version="1.0" encoding="iso-8859-1" ?>
<newsitem itemid="432229" id="root" date="1997-03-11" xml:lang="en">
<title>USA: Koch cuts U.S. posted crude prices 50 cts/bbl.</title>
<headline>Koch cuts U.S. posted crude prices 50 cts/bbl.</headline>
<dateline>NEW YORK 1997-03-11</dateline>
<text>
<p>Koch Oil said it had lowered the price it will pay for U.S. crude oil by 50 cents, effective Tuesday.</p>
<p>The decrease brings the new price for U.S. benchmark grade West Texas Intermediate to $18.25 a barrel and West Texas Sour to $15.50 a barrel.</p>
<p>Light Louisiana sweet crude is now $17.75 and Oklahoma sweet is $18.25.</p>
<p>--New York Energy Desk, +1 212 859 1620</p>
</text>
<copyright>(c) Reuters Limited 1997</copyright>
<metadata>
<codes class="bip:countries:1.0">
  <code code="USA">
    <editdetail attribution="Reuters BIP Coding Group" action="confirmed" date="1997-03-11"/>
  </code>
</codes>
<codes class="bip:topics:1.0">
  <code code="M14">
    <editdetail attribution="Reuters BIP Coding Group" action="confirmed" date="1997-03-11"/>
  </code>
  <code code="M143">
    <editdetail attribution="Reuters BIP Coding Group" action="confirmed" date="1997-03-11"/>
  </code>
  <code code="MCAT">
    <editdetail attribution="Reuters BIP Coding Group" action="confirmed" date="1997-03-11"/>
  </code>
</codes>
<dc element="dc.date.created" value="1997-03-11"/>
<dc element="dc.publisher" value="Reuters Holdings Plc"/>
<dc element="dc.date.published" value="1997-03-11"/>
<dc element="dc.source" value="Reuters"/>
<dc element="dc.creator.location" value="NEW YORK"/>
<dc element="dc.creator.location.country.name" value="USA"/>
<dc element="dc.source" value="Reuters"/>
</metadata>
</newsitem>
