<?xml version="1.0" encoding="iso-8859-1" ?>
<newsitem itemid="432234" id="root" date="1997-03-11" xml:lang="en">
<title>USA: Grand Adventures posts 1996 net loss.</title>
<headline>Grand Adventures posts 1996 net loss.</headline>
<dateline>AUSTIN, Texas 1997-03-11</dateline>
<text>
<p>Grand Adventures Tour &amp; Travel Publishing Corp on Tuesday said its net loss for fiscal 1996, its first year in operation, was $872,655, or $0.09 per share.</p>
<p>Revenue for the year was $11,003,326.</p>
<p>The company said the net loss included extraordinary items related to the acquisition of Airfair Publishing Corp. It did not provide any figures on those extraordinary items.</p>
<p>Grand Adventures Tour provides travel information and services to airline employees and their families.</p>
</text>
<copyright>(c) Reuters Limited 1997</copyright>
<metadata>
<codes class="bip:countries:1.0">
  <code code="USA">
    <editdetail attribution="Reuters BIP Coding Group" action="confirmed" date="1997-03-11"/>
  </code>
</codes>
<codes class="bip:topics:1.0">
  <code code="C15">
    <editdetail attribution="Reuters BIP Coding Group" action="confirmed" date="1997-03-11"/>
  </code>
  <code code="C151">
    <editdetail attribution="Reuters BIP Coding Group" action="confirmed" date="1997-03-11"/>
  </code>
  <code code="C1511">
    <editdetail attribution="Reuters BIP Coding Group" action="confirmed" date="1997-03-11"/>
  </code>
  <code code="CCAT">
    <editdetail attribution="Reuters BIP Coding Group" action="confirmed" date="1997-03-11"/>
  </code>
</codes>
<dc element="dc.date.created" value="1997-03-11"/>
<dc element="dc.publisher" value="Reuters Holdings Plc"/>
<dc element="dc.date.published" value="1997-03-11"/>
<dc element="dc.source" value="Reuters"/>
<dc element="dc.creator.location" value="AUSTIN, Texas"/>
<dc element="dc.creator.location.country.name" value="USA"/>
<dc element="dc.source" value="Reuters"/>
</metadata>
</newsitem>
