<?xml version="1.0" encoding="iso-8859-1" ?>
<newsitem itemid="432238" id="root" date="1997-03-11" xml:lang="en">
<title>USA: Leap Group unit launches Web software.</title>
<headline>Leap Group unit launches Web software.</headline>
<dateline>CHICAGO 1997-03-11</dateline>
<text>
<p>Leap Group Inc said Tuesday its Quantum Leap division has launched an Internet publishing application that allows development of customized online information with integrated multimedia components on the World Wide Web.</p>
<p>Called Quantum Objects, the software is designed to take multiple types of information currently published on the Web and turn them into dynamic Web pages, the company said.</p>
<p>Quantum Leap said the first commercial application of the software will be an online arts and entertainment guide that will be published by an unidentified newspaper this month.</p>
<p>Leap Group is a strategic communications company.</p>
<p>Its shares were unchanged Tuesday at 7-3/4.</p>
<p>((Chicago newsdesk (312) 408-8787))</p>
</text>
<copyright>(c) Reuters Limited 1997</copyright>
<metadata>
<codes class="bip:countries:1.0">
  <code code="USA">
    <editdetail attribution="Reuters BIP Coding Group" action="confirmed" date="1997-03-11"/>
  </code>
</codes>
<codes class="bip:industries:1.0">
  <code code="I33030">
    <editdetail attribution="Reuters BIP Coding Group" action="confirmed" date="1997-03-11"/>
  </code>
  <code code="I83800">
    <editdetail attribution="Reuters BIP Coding Group" action="confirmed" date="1997-03-11"/>
  </code>
</codes>
<codes class="bip:topics:1.0">
  <code code="C22">
    <editdetail attribution="Reuters BIP Coding Group" action="confirmed" date="1997-03-11"/>
  </code>
  <code code="CCAT">
    <editdetail attribution="Reuters BIP Coding Group" action="confirmed" date="1997-03-11"/>
  </code>
</codes>
<dc element="dc.date.created" value="1997-03-11"/>
<dc element="dc.publisher" value="Reuters Holdings Plc"/>
<dc element="dc.date.published" value="1997-03-11"/>
<dc element="dc.source" value="Reuters"/>
<dc element="dc.creator.location" value="CHICAGO"/>
<dc element="dc.creator.location.country.name" value="USA"/>
<dc element="dc.source" value="Reuters"/>
</metadata>
</newsitem>
