<?xml version="1.0" encoding="iso-8859-1" ?>
<newsitem itemid="432219" id="root" date="1997-03-11" xml:lang="en">
<title>USA: Checkpoint, Ultrak deal valued at $397 mln. [CORRECTED 01:45 GMT, 12/03].</title>
<headline>Checkpoint, Ultrak deal valued at $397 mln. [CORRECTED 01:45 GMT, 12/03].</headline>
<dateline>NEW YORK 1997-03-11</dateline>
<text>
<p>Wall Street arbitrage traders said a deal in which Checkpoint Systems Inc would merge with Ultrak Inc would be worth about $397 million.</p>
<p>(Corrects value of deal in headline and text from $365 mln).</p>
<p>The companies said late Tuesday they signed a definitive agreement to merge in a stock swap to create a worldwide electronic security and surveillance solutions provider with market capitalization of about $1.3 billion.</p>
<p>&quot;They are both big in security,&quot; one arbitrage trader said.  </p>
<p>&quot;Ultrak is more closed circuit television systems and Checkpoint is more into the electronic tags in retail stores,&quot; the trader added. &quot;This should be very straightforward. I don't see anthing lurking beneath the surface.&quot;</p>
<p>The companies said the merger, in which each Ultrak common share would be exchanged for 1.15 Checkpoint common shares, had been apporved by both their boards. The deal is expected to be tax-free and close by mid-1997, they added.</p>
<p>&quot;My initial reaction is that this deal makes the combined entity more competitive in providing the full solutions that retailers want,&quot; said one analyst who follows Checkpoint and asked his name not be used. He said he would spend a &quot;long night&quot; analyzing the transaction.</p>
<p>The companies have scheduled a conference call for 11:00 EST Wednesday.</p>
<p>Checkpoint makes electronic surveillance devices, such as radio frequency labels that are installed in products like compact disks when the disks are made. The company also makes sensing systems to detect those labels.</p>
<p>Ultrak makes eight different surveillance products, including closed circut television monitors used in banks and casinos.</p>
<p>Checkpoint's Steven Selfridge, who will be the chief operating officer of the new company, said the merger enables Checkpoint to diversify its product offerings and distribution channels. He said Checkpoint will divest its own circut television unit, Alarmex, as a result of the deal.</p>
<p>Selfridge also said the deal will not be dilutive to the new company's earnings in 1997. It will be accretive in 1998, he added.</p>
<p>Checkpoint may issue up to 17.2 million shares of stock for the transaction, he also said. Checkpoint's shareholders will own about 72 percent of the new company's shares, while Ultrak's shareholders will own about 28 percent.</p>
<p>Ultrak officials were not immediately available to comment further.</p>
<p>The merger still depends on regulatory approval, as well as approval from the shareholders of both companies.</p>
<p>-- Jeff Mamera and Brendan Intindola in the New York newsroom (212) 859-1700</p>
</text>
<copyright>(c) Reuters Limited 1997</copyright>
<metadata>
<codes class="bip:countries:1.0">
  <code code="USA">
    <editdetail attribution="Reuters BIP Coding Group" action="confirmed" date="1997-03-11"/>
  </code>
</codes>
<codes class="bip:industries:1.0">
  <code code="I34420">
    <editdetail attribution="Reuters BIP Coding Group" action="confirmed" date="1997-03-11"/>
  </code>
</codes>
<codes class="bip:topics:1.0">
  <code code="C18">
    <editdetail attribution="Reuters BIP Coding Group" action="confirmed" date="1997-03-11"/>
  </code>
  <code code="C181">
    <editdetail attribution="Reuters BIP Coding Group" action="confirmed" date="1997-03-11"/>
  </code>
  <code code="CCAT">
    <editdetail attribution="Reuters BIP Coding Group" action="confirmed" date="1997-03-11"/>
  </code>
</codes>
<dc element="dc.date.created" value="1997-03-11"/>
<dc element="dc.publisher" value="Reuters Holdings Plc"/>
<dc element="dc.date.published" value="1997-03-11"/>
<dc element="dc.source" value="Reuters"/>
<dc element="dc.creator.location" value="NEW YORK"/>
<dc element="dc.creator.location.country.name" value="USA"/>
<dc element="dc.source" value="Reuters"/>
</metadata>
</newsitem>
