<?xml version="1.0" encoding="iso-8859-1" ?>
<newsitem itemid="432245" id="root" date="1997-03-11" xml:lang="en">
<title>USA: WMX selects 2 for board, hires headhunter.</title>
<headline>WMX selects 2 for board, hires headhunter.</headline>
<dateline>OAK BROOK, Ill. 1997-03-11</dateline>
<text>
<p>WMX Technologies Inc said it selected Robert Miller and Steven Rothmeier to serve on its board as independent directors.</p>
<p>The company also said it hired the executive recruiting firm of Heidrick &amp; Struggles to assist it in a search for a new chief executive to be brought in from outside the company.</p>
<p>The largest U.S. waste hauler and handler said Miller, formerly acting chief executive of Federal-Mogul Corp and chairman of Morrison Knudsen Corp, was chosen as a nominee to be put forward at the company's May 9 annual shareholders meeting.  </p>
<p>Miller would fill one of two board seats being vacated by former U.S. Senator Howard Baker and Peter Huizenga, both of whom are retiring from the board.</p>
<p>WMX described Miller as &quot;an expert in financial restructuring and corporate reengineering.&quot;</p>
<p>Rothmeier was elected to the board effective immediately to fill the vacancy created February 18 by the surprise resignation of WMX chief executive Phillip Rooney. Rothmeier heads Great Northern Capital, a private investment firm.</p>
<p>Rothmeier was formerly chairman and chief executive of NWA Inc and Northwest Airlines Corp.  </p>
<p>&quot;These individuals are outstanding corporate executives noted for financial acumen, no-nonsense leadership and experience managing global companies undergoing change,&quot; said WMX chairman and acting chief executive Dean Buntrock.</p>
<p>&quot;Along with Paul Montrone, who joined our board in January, they comprise a substantial body of talent that will help guide and accelerate our recently announced strategic initiatives,&quot; Buntrock said.</p>
<p>Neither Miller or Rothmeier was on a slate of four individuals proposed earlier as directors for WMX by an investment fund controlled by financier George Soros.  </p>
<p>The slate was withdrawn February 20 by the Soros group, which owns a large stake in WMX, after the group said it had received assurance from WMX that it would try to get two new, independent directors elected to the board.</p>
<p>The Soros group had sought the ouster of Rooney as well.</p>
<p>The group, along with other major investors, has been pressuring WMX for months to improve its performance. The company said February 4 it would divest $1.5 billion in assets, cut 3,000 jobs and buy back 50 million shares.</p>
<p>((--Chicago Newsdesk 312-408-8787))</p>
</text>
<copyright>(c) Reuters Limited 1997</copyright>
<metadata>
<codes class="bip:countries:1.0">
  <code code="USA">
    <editdetail attribution="Reuters BIP Coding Group" action="confirmed" date="1997-03-11"/>
  </code>
</codes>
<codes class="bip:industries:1.0">
  <code code="I92110">
    <editdetail attribution="Reuters BIP Coding Group" action="confirmed" date="1997-03-11"/>
  </code>
</codes>
<codes class="bip:topics:1.0">
  <code code="C41">
    <editdetail attribution="Reuters BIP Coding Group" action="confirmed" date="1997-03-11"/>
  </code>
  <code code="C411">
    <editdetail attribution="Reuters BIP Coding Group" action="confirmed" date="1997-03-11"/>
  </code>
  <code code="CCAT">
    <editdetail attribution="Reuters BIP Coding Group" action="confirmed" date="1997-03-11"/>
  </code>
</codes>
<dc element="dc.date.created" value="1997-03-11"/>
<dc element="dc.publisher" value="Reuters Holdings Plc"/>
<dc element="dc.date.published" value="1997-03-11"/>
<dc element="dc.source" value="Reuters"/>
<dc element="dc.creator.location" value="OAK BROOK, Ill."/>
<dc element="dc.creator.location.country.name" value="USA"/>
<dc element="dc.source" value="Reuters"/>
</metadata>
</newsitem>
