<?xml version="1.0" encoding="iso-8859-1" ?>
<newsitem itemid="432228" id="root" date="1997-03-11" xml:lang="en">
<title>USA: Brazil Central Bank wants exports to cut trade gap.</title>
<headline>Brazil Central Bank wants exports to cut trade gap.</headline>
<dateline>NEW YORK 1997-03-11</dateline>
<text>
<p>Brazil wants to cut its widening trade deficit through increased exports rather than the use of import controls, Central Bank International Affairs Director Gustavo Franco said on Tuesday.</p>
<p>Franco told Reuters Financial Television that a rapid devaluation of Brazil's currency, the real, was not a way to increase exports.</p>
<p>&quot;I don't forecast any major change in the rhythm with which the real has been changing that would make any difference,&quot; he said.  </p>
<p>Brazilian officials on Tuesday reported a $2.03 billion trade deficit in the first two months of 1997. The figure was within expectations but in sharp contrast to the $13 million surplus in the same period last year.</p>
<p>Some analysts have predicted Brazil could see a $10 billion trade deficit for the year, up from $5.5 billion last year.</p>
<p>Asked if he considered the $10 billion figure alarmist, Franco said, &quot;I think so. It looks like too much.&quot;  </p>
<p>Franco, one of the architects of President Fernando Henrique Cardoso's two-and-a-half-year-old economic stabilization plan, rejected import controls to cut the gap.</p>
<p>&quot;We wouldn't like to compromise by any means the experiment of trade liberalization we've conducted in Brazil since July 1994,&quot; when the plan was launched.</p>
<p>&quot;The benefits of having an open trading regime are enormous ... we wouldn't like to sacrifice that.&quot;</p>
<p>He added, &quot;So the place to attack is exporting. We are confident we have built the right fundamentals for having good export components.&quot;</p>
<p>Franco, who was in New York to attend conferences, said the January and February trade deficit had been artificially worsened in part by the start of a new system of import registration.</p>
<p>Brazil usually also sees higher exports in the months from March to October. The trade surplus for January and February 1996 could have been helped by a mild recession, he said.</p>
<p>&quot;The specifics of how to attack the problem will of course be defined by the specifics of the problem. We have to look in to the figures and see what's going on,&quot; he said.</p>
<p>((--Ian Simpson, Wall Street desk, (212) 859-1879))</p>
</text>
<copyright>(c) Reuters Limited 1997</copyright>
<metadata>
<codes class="bip:countries:1.0">
  <code code="BRAZ">
    <editdetail attribution="Reuters BIP Coding Group" action="confirmed" date="1997-03-11"/>
  </code>
  <code code="USA">
    <editdetail attribution="Reuters BIP Coding Group" action="confirmed" date="1997-03-11"/>
  </code>
</codes>
<codes class="bip:topics:1.0">
  <code code="E51">
    <editdetail attribution="Reuters BIP Coding Group" action="confirmed" date="1997-03-11"/>
  </code>
  <code code="E512">
    <editdetail attribution="Reuters BIP Coding Group" action="confirmed" date="1997-03-11"/>
  </code>
  <code code="ECAT">
    <editdetail attribution="Reuters BIP Coding Group" action="confirmed" date="1997-03-11"/>
  </code>
</codes>
<dc element="dc.date.created" value="1997-03-11"/>
<dc element="dc.publisher" value="Reuters Holdings Plc"/>
<dc element="dc.date.published" value="1997-03-11"/>
<dc element="dc.source" value="Reuters"/>
<dc element="dc.creator.location" value="NEW YORK"/>
<dc element="dc.creator.location.country.name" value="USA"/>
<dc element="dc.source" value="Reuters"/>
</metadata>
</newsitem>
