<?xml version="1.0" encoding="iso-8859-1" ?>
<newsitem itemid="432296" id="root" date="1997-03-11" xml:lang="en">
<title>USA: Networking fundamentals strong, fears near-term - H&amp;Q.</title>
<headline>Networking fundamentals strong, fears near-term - H&amp;Q.</headline>
<dateline>NEW YORK 1997-03-11</dateline>
<text>
<p>Hambrecht &amp; Quist analyst Farrokh Billimoria said business fundamentals remain strong in the computer network equipment industry, but short-term concerns caused him to downgrade three leading network stocks Tuesday.</p>
<p>The analyst cut his ratings on Cicso Systems Inc, Cabletron Systems Inc and Fore Systems Inc. He cut Cisco and Cabletron to buy from strong buy and reduced Fore to neutral from buy.</p>
<p>&quot;Fundamentals of the sector are healthy. Budgets continue to grow and network rollouts are on track,&quot; Billimoria said.  </p>
<p>&quot;There is stuff that's quite positive. It's just that it's a quarter away,&quot; the analyst said.</p>
<p>He said his worries about Cisco are tied to concerns about the company's revenue growth in its fiscal third and fourth quarters, especially from its Japanese business.</p>
<p>Billimoria cut his earnings estimates for Cisco's third quarter ending April to $0.52 a share from $0.54, and cut the fourth quarter to $0.55 from $0.58. He cut his fiscal 1998 estimate to $2.67 a share from $2.83.</p>
<p>On Fore, Billimoria said he is not optimistic that Fore can meet expectations for the current quarter.  </p>
<p>He cut his outlook on earnings for Fore's fiscal fourth quarter to $0.14 a share from $0.15, and cut fiscal year 1998 to $0.73 from $0.80.</p>
<p>He predicted the traditionally back-loaded quarter could come up short and that days required to collect accounts receivable may return to traditional levels of around 76 or 77 days sales outstanding (DSOs) from last quarter's 72.</p>
<p>He also noted that Fore's Asynchronous Transfer Mode (ATM) products face an increasing array of competing technologies, including gigabit Ethernet, Fast Ethernet and switching, and Japan's contribution to revenues is slowing.</p>
<p>The analyst believes the general challanges facing the networking industry will have some short-term impact on Cabletron, but he said Cabletron remains one of the better-positioned companies in the industry &quot;and could emerge ahead of the game.&quot;</p>
<p>Cabletron's DSOs could be affected in the short-run, he said.</p>
<p>Although Cabletron has been able to stave off some of the worst of the sellling pressures seen in the networking sector this year, it is likely to be subject increasingly to some of these pressures in the short-term, he said.</p>
<p>((--E. Auchard, Wall Street Bureau, 212-859-1736))</p>
</text>
<copyright>(c) Reuters Limited 1997</copyright>
<metadata>
<codes class="bip:countries:1.0">
  <code code="USA">
    <editdetail attribution="Reuters BIP Coding Group" action="confirmed" date="1997-03-11"/>
  </code>
</codes>
<codes class="bip:industries:1.0">
  <code code="I33020">
    <editdetail attribution="Reuters BIP Coding Group" action="confirmed" date="1997-03-11"/>
  </code>
  <code code="I3302004">
    <editdetail attribution="Reuters BIP Coding Group" action="confirmed" date="1997-03-11"/>
  </code>
  <code code="I33030">
    <editdetail attribution="Reuters BIP Coding Group" action="confirmed" date="1997-03-11"/>
  </code>
</codes>
<codes class="bip:topics:1.0">
  <code code="C15">
    <editdetail attribution="Reuters BIP Coding Group" action="confirmed" date="1997-03-11"/>
  </code>
  <code code="C152">
    <editdetail attribution="Reuters BIP Coding Group" action="confirmed" date="1997-03-11"/>
  </code>
  <code code="CCAT">
    <editdetail attribution="Reuters BIP Coding Group" action="confirmed" date="1997-03-11"/>
  </code>
</codes>
<dc element="dc.date.created" value="1997-03-11"/>
<dc element="dc.publisher" value="Reuters Holdings Plc"/>
<dc element="dc.date.published" value="1997-03-11"/>
<dc element="dc.source" value="Reuters"/>
<dc element="dc.creator.location" value="NEW YORK"/>
<dc element="dc.creator.location.country.name" value="USA"/>
<dc element="dc.source" value="Reuters"/>
</metadata>
</newsitem>
