<?xml version="1.0" encoding="iso-8859-1" ?>
<newsitem itemid="432252" id="root" date="1997-03-11" xml:lang="en">
<title>USA: Eurogas talks with U.S. firm on methane gas.</title>
<headline>Eurogas talks with U.S. firm on methane gas.</headline>
<dateline>NEW YORK 1997-03-11</dateline>
<text>
<p>Eurogas Inc, which controls major coalbed methane gas concessions in the Upper Silesian Coal basin in South Central Poland, said Tuesday it has began negotiations to supply gas from one of its concessions in Poland to a major U.S. utility.</p>
<p>A Eurogas spokesman declined to identify the company but said that the utility is leading a consortium of North American power companies which is planning to build a power station on a Eurogas concession in Katowice, Poland.  </p>
<p>Eurogas released the information as it announced that its common shares were listed for trading starting March 10 on the Frankfurt and Berlin exchanges.</p>
<p>Eurogas also said it has began discussions with Polish Oil and Gas Co to jointly explore a large tract of &quot;highly prospective ground in the Polish Carpathaian area of southeast Poland.</p>
<p>Eurogas also announced its previously disclosed agreement in principle with Texaco to develop certain coalbed methane gas deposits would be signed within the next two weeks.</p>
</text>
<copyright>(c) Reuters Limited 1997</copyright>
<metadata>
<codes class="bip:countries:1.0">
  <code code="POL">
    <editdetail attribution="Reuters BIP Coding Group" action="confirmed" date="1997-03-11"/>
  </code>
  <code code="USA">
    <editdetail attribution="Reuters BIP Coding Group" action="confirmed" date="1997-03-11"/>
  </code>
</codes>
<codes class="bip:topics:1.0">
  <code code="C24">
    <editdetail attribution="Reuters BIP Coding Group" action="confirmed" date="1997-03-11"/>
  </code>
  <code code="C33">
    <editdetail attribution="Reuters BIP Coding Group" action="confirmed" date="1997-03-11"/>
  </code>
  <code code="CCAT">
    <editdetail attribution="Reuters BIP Coding Group" action="confirmed" date="1997-03-11"/>
  </code>
</codes>
<dc element="dc.date.created" value="1997-03-11"/>
<dc element="dc.publisher" value="Reuters Holdings Plc"/>
<dc element="dc.date.published" value="1997-03-11"/>
<dc element="dc.source" value="Reuters"/>
<dc element="dc.creator.location" value="NEW YORK"/>
<dc element="dc.creator.location.country.name" value="USA"/>
<dc element="dc.source" value="Reuters"/>
</metadata>
</newsitem>
