<?xml version="1.0" encoding="iso-8859-1" ?>
<newsitem itemid="432286" id="root" date="1997-03-11" xml:lang="en">
<title>USA: CCAIR Inc February load factor rises.</title>
<headline>CCAIR Inc February load factor rises.</headline>
<dateline>CHARLOTTE, N.C. 1997-03-11</dateline>
<text>
<p>1996		  1995</p>
<p> Load factor - percent		  45.3		44.7</p>
<p> Revenue passenger miles	     9,695	    10,039</p>
<p> Available seat miles		 21,388	    22,452</p>
<p>					    Year-to-date</p>
<p> Load factor - percent		  43.6		42.8</p>
<p> Revenue passenger miles	    19,916	    19,683</p>
<p> Available seat miles		 45,686	    45,975</p>
<p>(Revenue passenger and available seat miles in 000s)</p>
</text>
<copyright>(c) Reuters Limited 1997</copyright>
<metadata>
<codes class="bip:countries:1.0">
  <code code="USA">
    <editdetail attribution="Reuters BIP Coding Group" action="confirmed" date="1997-03-11"/>
  </code>
</codes>
<codes class="bip:industries:1.0">
  <code code="I75000">
    <editdetail attribution="Reuters BIP Coding Group" action="confirmed" date="1997-03-11"/>
  </code>
</codes>
<codes class="bip:topics:1.0">
  <code code="C31">
    <editdetail attribution="Reuters BIP Coding Group" action="confirmed" date="1997-03-11"/>
  </code>
  <code code="CCAT">
    <editdetail attribution="Reuters BIP Coding Group" action="confirmed" date="1997-03-11"/>
  </code>
</codes>
<dc element="dc.date.created" value="1997-03-11"/>
<dc element="dc.publisher" value="Reuters Holdings Plc"/>
<dc element="dc.date.published" value="1997-03-11"/>
<dc element="dc.source" value="Reuters"/>
<dc element="dc.creator.location" value="CHARLOTTE, N.C."/>
<dc element="dc.creator.location.country.name" value="USA"/>
<dc element="dc.source" value="Reuters"/>
</metadata>
</newsitem>
