<?xml version="1.0" encoding="iso-8859-1" ?>
<newsitem itemid="432237" id="root" date="1997-03-11" xml:lang="en">
<title>USA: Woolworth says Nike rumor untrue.</title>
<headline>Woolworth says Nike rumor untrue.</headline>
<dateline>NEW YORK 1997-03-11</dateline>
<text>
<p>Woolworth Corp said a market rumor that its sporting good retail unit, Foot Locker, has reduced it orders from Nike Inc are untrue.</p>
<p>&quot;The rumor is not true. We had a terrific year last year and plans with Nike continue to go forward uninterrupted,&quot; a Woolworth spokeswoman said.</p>
<p>She declined to comment further on the the subject.</p>
<p>Foot Locker is wholly-owned by Woolworth.</p>
<p>Nike shares finished New York Stock Exchange trade off 1/2 at 66-3/8, rising from a session-low 63, while Woolworth ended with a 7/8 gain to 22-3/8.</p>
<p>((-- Wall Street Desk, 212-859-1734)).</p>
</text>
<copyright>(c) Reuters Limited 1997</copyright>
<metadata>
<codes class="bip:countries:1.0">
  <code code="USA">
    <editdetail attribution="Reuters BIP Coding Group" action="confirmed" date="1997-03-11"/>
  </code>
</codes>
<codes class="bip:industries:1.0">
  <code code="I45100">
    <editdetail attribution="Reuters BIP Coding Group" action="confirmed" date="1997-03-11"/>
  </code>
  <code code="I65600">
    <editdetail attribution="Reuters BIP Coding Group" action="confirmed" date="1997-03-11"/>
  </code>
</codes>
<codes class="bip:topics:1.0">
  <code code="C15">
    <editdetail attribution="Reuters BIP Coding Group" action="confirmed" date="1997-03-11"/>
  </code>
  <code code="C152">
    <editdetail attribution="Reuters BIP Coding Group" action="confirmed" date="1997-03-11"/>
  </code>
  <code code="C33">
    <editdetail attribution="Reuters BIP Coding Group" action="confirmed" date="1997-03-11"/>
  </code>
  <code code="CCAT">
    <editdetail attribution="Reuters BIP Coding Group" action="confirmed" date="1997-03-11"/>
  </code>
</codes>
<dc element="dc.date.created" value="1997-03-11"/>
<dc element="dc.publisher" value="Reuters Holdings Plc"/>
<dc element="dc.date.published" value="1997-03-11"/>
<dc element="dc.source" value="Reuters"/>
<dc element="dc.creator.location" value="NEW YORK"/>
<dc element="dc.creator.location.country.name" value="USA"/>
<dc element="dc.source" value="Reuters"/>
</metadata>
</newsitem>
