<?xml version="1.0" encoding="iso-8859-1" ?>
<newsitem itemid="432227" id="root" date="1997-03-11" xml:lang="en">
<title>USA: Day Runner sees charges hurting Q3 net.</title>
<headline>Day Runner sees charges hurting Q3 net.</headline>
<dateline>IRVINE, Calif. 1997-03-11</dateline>
<text>
<p>Day Runner Inc said that, while it expects sales growth in the third quarter to exceed analysts' expectations, net income will be hurt by expenses it racked up pursuing acquisitions that did not come to fruition.</p>
<p>The company said that, without those costs, its earnings would have exceeded analyst forecasts of third quarter earnings of $0.12 to $0.13 per share.</p>
<p>It estimates the legal, advisory and accounting costs of two attempted acquisitions totaled about $1.5 million, or $0.13 per share.  </p>
<p>In the year ago third quarter, Day Runner reported net income of $745,000, or $0.11 per share, on sales of about $18.1 million.</p>
<p>The company said it is confident that its sales in the latest third quarter will exceed analyst expectations of a 15 percent increase from last year.</p>
<p>The company cited renewed growth in its sales to Wal-Mart Stores Inc and increased sales to certain other large customers.</p>
</text>
<copyright>(c) Reuters Limited 1997</copyright>
<metadata>
<codes class="bip:countries:1.0">
  <code code="USA">
    <editdetail attribution="Reuters BIP Coding Group" action="confirmed" date="1997-03-11"/>
  </code>
</codes>
<codes class="bip:industries:1.0">
  <code code="I47500">
    <editdetail attribution="Reuters BIP Coding Group" action="confirmed" date="1997-03-11"/>
  </code>
</codes>
<codes class="bip:topics:1.0">
  <code code="C15">
    <editdetail attribution="Reuters BIP Coding Group" action="confirmed" date="1997-03-11"/>
  </code>
  <code code="C152">
    <editdetail attribution="Reuters BIP Coding Group" action="confirmed" date="1997-03-11"/>
  </code>
  <code code="CCAT">
    <editdetail attribution="Reuters BIP Coding Group" action="confirmed" date="1997-03-11"/>
  </code>
</codes>
<dc element="dc.date.created" value="1997-03-11"/>
<dc element="dc.publisher" value="Reuters Holdings Plc"/>
<dc element="dc.date.published" value="1997-03-11"/>
<dc element="dc.source" value="Reuters"/>
<dc element="dc.creator.location" value="IRVINE, Calif."/>
<dc element="dc.creator.location.country.name" value="USA"/>
<dc element="dc.source" value="Reuters"/>
</metadata>
</newsitem>
