<?xml version="1.0" encoding="iso-8859-1" ?>
<newsitem itemid="432244" id="root" date="1997-03-11" xml:lang="en">
<title>USA: US mortgage-backeds slip modestly, spreads narrow.</title>
<headline>US mortgage-backeds slip modestly, spreads narrow.</headline>
<dateline>NEW YORK 1997-03-11</dateline>
<text>
<p>U.S. mortgage-backed securities prices declined modestly on Tuesday, with spreads narrowing slightly to Treasuries, traders said.</p>
<p>&quot;Spreads were unchanged to slightly tighter,&quot; said a trader at a large New York investment bank.</p>
<p>The Redbook weekly retail sales report added to Treasuries' losses late in the afternoon, helping to bring spreads in, he said. The report showed sales were up 1.1 percent in the first week of March versus February.  </p>
<p>Earlier in the day, analysts cited flows out of Treasuries into asset-backeds, but traders said they had not seen a similar pattern in mortgage-backeds.</p>
<p>&quot;I have not seen that in anything we do,&quot; one trader said.</p>
<p>In specific coupons, Ginnie Mae 30-year 7.5 percent paper was off 2/32 at 99-27/32, yielding 97 basis points over the 10-year Treasury note.</p>
<p>Comparable Fannie Mae and Freddie Mac paper was off 2/32 as well, at 99-27/32 and 100-01/32, respectively.</p>
<p>The 10-year Treasury note was off 7/32 at 97-20/32, yielding 6.58 percent.</p>
<p>(( -- Scott Gerlach, 212-859-1660 ))</p>
</text>
<copyright>(c) Reuters Limited 1997</copyright>
<metadata>
<codes class="bip:countries:1.0">
  <code code="USA">
    <editdetail attribution="Reuters BIP Coding Group" action="confirmed" date="1997-03-11"/>
  </code>
</codes>
<codes class="bip:topics:1.0">
  <code code="M12">
    <editdetail attribution="Reuters BIP Coding Group" action="confirmed" date="1997-03-11"/>
  </code>
  <code code="MCAT">
    <editdetail attribution="Reuters BIP Coding Group" action="confirmed" date="1997-03-11"/>
  </code>
</codes>
<dc element="dc.date.created" value="1997-03-11"/>
<dc element="dc.publisher" value="Reuters Holdings Plc"/>
<dc element="dc.date.published" value="1997-03-11"/>
<dc element="dc.source" value="Reuters"/>
<dc element="dc.creator.location" value="NEW YORK"/>
<dc element="dc.creator.location.country.name" value="USA"/>
<dc element="dc.source" value="Reuters"/>
</metadata>
</newsitem>
