<?xml version="1.0" encoding="iso-8859-1" ?>
<newsitem itemid="432222" id="root" date="1997-03-11" xml:lang="en">
<title>USA: API says will not issue petroleum data Tuesday.</title>
<headline>API says will not issue petroleum data Tuesday.</headline>
<dateline>WASHINGTON 1997-03-11</dateline>
<text>
<p>The American Petroleum Institute said that due to a computer problem its petroleum stocks and storage data for the week ended March 7 will not be issued on Tuesday.</p>
<p>An API spokeswoman was unable to confirm when the data would be released. A new release time would be announced early on Wednesday, she said.</p>
</text>
<copyright>(c) Reuters Limited 1997</copyright>
<metadata>
<codes class="bip:countries:1.0">
  <code code="USA">
    <editdetail attribution="Reuters BIP Coding Group" action="confirmed" date="1997-03-11"/>
  </code>
</codes>
<codes class="bip:industries:1.0">
  <code code="I13000">
    <editdetail attribution="Reuters BIP Coding Group" action="confirmed" date="1997-03-11"/>
  </code>
  <code code="I14000">
    <editdetail attribution="Reuters BIP Coding Group" action="confirmed" date="1997-03-11"/>
  </code>
</codes>
<codes class="bip:topics:1.0">
  <code code="C21">
    <editdetail attribution="Reuters BIP Coding Group" action="confirmed" date="1997-03-11"/>
  </code>
  <code code="CCAT">
    <editdetail attribution="Reuters BIP Coding Group" action="confirmed" date="1997-03-11"/>
  </code>
</codes>
<dc element="dc.date.created" value="1997-03-11"/>
<dc element="dc.publisher" value="Reuters Holdings Plc"/>
<dc element="dc.date.published" value="1997-03-11"/>
<dc element="dc.source" value="Reuters"/>
<dc element="dc.creator.location" value="WASHINGTON"/>
<dc element="dc.creator.location.country.name" value="USA"/>
<dc element="dc.source" value="Reuters"/>
</metadata>
</newsitem>
