<?xml version="1.0" encoding="iso-8859-1" ?>
<newsitem itemid="432279" id="root" date="1997-03-11" xml:lang="en">
<title>USA: COMEX copper ends firmer after choppy session.</title>
<headline>COMEX copper ends firmer after choppy session.</headline>
<dateline>NEW YORK 1997-03-11</dateline>
<text>
<p>COMEX copper settled firmer after a choppy session in a market that lacked conviction and volume as to which direction to take, traders said.</p>
<p>A dip of 3,050 tonnes in LME stocks to 205,525 tonnes was only mildly supportive because it was in line with trader expectations.</p>
<p>&quot;I am not sure it's going to start going to the highs again, but it did come back off the lows and support held,&quot; a trader said.</p>
<p>The arbitrage on spot March to LME cash has widened to about 5 cents, more than enough to attract metal from LME warehouses in the U.S. to COMEX depots, if it is available, a trader said.</p>
<p>The COMEX May premium over LME May contract also widened slightly to about 2 cents by close of trade in New York.</p>
<p>May COMEX settled 0.70 cent firmer at 110.65 cents a lb, traded 111.40 to 108.80 cents. Spot March went out 0.45 cent higher at 115.10 cents.</p>
<p>Traders have said that good Chinese buying was probably needed to help copper break through upside resistance, but reports earlier this week quoted Chinese traders saying copper was currently too expensive.</p>
<p>Copper is supported by low stock levels, but unable to make further upside progress, and is therefore left to drift in a range for the time being, traders said.</p>
<p>((Huw Jones, New York Commodity Desk 212-859-1646))</p>
</text>
<copyright>(c) Reuters Limited 1997</copyright>
<metadata>
<codes class="bip:countries:1.0">
  <code code="USA">
    <editdetail attribution="Reuters BIP Coding Group" action="confirmed" date="1997-03-11"/>
  </code>
</codes>
<codes class="bip:topics:1.0">
  <code code="M14">
    <editdetail attribution="Reuters BIP Coding Group" action="confirmed" date="1997-03-11"/>
  </code>
  <code code="M142">
    <editdetail attribution="Reuters BIP Coding Group" action="confirmed" date="1997-03-11"/>
  </code>
  <code code="MCAT">
    <editdetail attribution="Reuters BIP Coding Group" action="confirmed" date="1997-03-11"/>
  </code>
</codes>
<dc element="dc.date.created" value="1997-03-11"/>
<dc element="dc.publisher" value="Reuters Holdings Plc"/>
<dc element="dc.date.published" value="1997-03-11"/>
<dc element="dc.source" value="Reuters"/>
<dc element="dc.creator.location" value="NEW YORK"/>
<dc element="dc.creator.location.country.name" value="USA"/>
<dc element="dc.source" value="Reuters"/>
</metadata>
</newsitem>
