<?xml version="1.0" encoding="iso-8859-1" ?>
<newsitem itemid="432254" id="root" date="1997-03-11" xml:lang="en">
<title>USA: AmeriGas unit to close Cheyenne office.</title>
<headline>AmeriGas unit to close Cheyenne office.</headline>
<dateline>VALLEY FORGE, Pa. 1997-03-11</dateline>
<text>
<p>AmeriGas Partners LP said on Tuesday that its Propane Transport International unit will close its office in Cheyenne, Wyo., and move its functions to the unit's Houston office.</p>
<p>The move is part of AmeriGas Partners' consolidation of its rail, trucking, pipeline and terminal operations, the company said.</p>
<p>AmeriGas markets propane from 600 locations in 44 states. It is 58 percent owned by UGI Corp.</p>
</text>
<copyright>(c) Reuters Limited 1997</copyright>
<metadata>
<codes class="bip:countries:1.0">
  <code code="USA">
    <editdetail attribution="Reuters BIP Coding Group" action="confirmed" date="1997-03-11"/>
  </code>
</codes>
<codes class="bip:topics:1.0">
  <code code="C11">
    <editdetail attribution="Reuters BIP Coding Group" action="confirmed" date="1997-03-11"/>
  </code>
  <code code="C24">
    <editdetail attribution="Reuters BIP Coding Group" action="confirmed" date="1997-03-11"/>
  </code>
  <code code="CCAT">
    <editdetail attribution="Reuters BIP Coding Group" action="confirmed" date="1997-03-11"/>
  </code>
</codes>
<dc element="dc.date.created" value="1997-03-11"/>
<dc element="dc.publisher" value="Reuters Holdings Plc"/>
<dc element="dc.date.published" value="1997-03-11"/>
<dc element="dc.source" value="Reuters"/>
<dc element="dc.creator.location" value="VALLEY FORGE, Pa."/>
<dc element="dc.creator.location.country.name" value="USA"/>
<dc element="dc.source" value="Reuters"/>
</metadata>
</newsitem>
