<?xml version="1.0" encoding="iso-8859-1" ?>
<newsitem itemid="432215" id="root" date="1997-03-11" xml:lang="en">
<title>USA: Access Health sees '97 EPS below forecast.</title>
<headline>Access Health sees '97 EPS below forecast.</headline>
<dateline>RANCHO CORDOVA, Calif. 1997-03-11</dateline>
<text>
<p>Access Health Inc said that while it excects second quarter earnings to be in line with analyst forecasts of $0.22 per share, full year fiscal 1997 earnings should be $0.15 to $0.17 below the consensus estimate of $0.99 per share.</p>
<p>It cited slower than anticipated revenue growth for the shortfall.</p>
<p>The company also said it expects second quarter revenues to be slightly above the first quarter level. In that period, Access reported total revenues of about $13.8 million.  </p>
<p>Revenue for fiscal 1997 will be about 10 to 15 percent below analyst expectations, the company said.</p>
<p>It said sales were hurt by slower net enrollment growth due to a lengthening of sales cycles, slower roll-out of Access Health services by new customers to their members, and a decision by BlueCross BlueShield of Tennessee to discontinue Personal Health Advisor services to some of its Medicaid population. Access also cited a competitive pricing environment for its core products.</p>
<p>&quot;Although we are disappointed that our near term growth rate is slower than anticipated, we are pleased that we continue to grow at a strong rate in the absolute and to win most of the competitions for major new personal health and care management contracts,&quot; Chief Executive Officer Thomas Gardner said in a statement.</p>
<p>The company said it expects earnings and revenues to grow by more than 35 percent in fiscal 1998.</p>
</text>
<copyright>(c) Reuters Limited 1997</copyright>
<metadata>
<codes class="bip:countries:1.0">
  <code code="USA">
    <editdetail attribution="Reuters BIP Coding Group" action="confirmed" date="1997-03-11"/>
  </code>
</codes>
<codes class="bip:industries:1.0">
  <code code="I95100">
    <editdetail attribution="Reuters BIP Coding Group" action="confirmed" date="1997-03-11"/>
  </code>
</codes>
<codes class="bip:topics:1.0">
  <code code="C15">
    <editdetail attribution="Reuters BIP Coding Group" action="confirmed" date="1997-03-11"/>
  </code>
  <code code="C152">
    <editdetail attribution="Reuters BIP Coding Group" action="confirmed" date="1997-03-11"/>
  </code>
  <code code="CCAT">
    <editdetail attribution="Reuters BIP Coding Group" action="confirmed" date="1997-03-11"/>
  </code>
</codes>
<dc element="dc.date.created" value="1997-03-11"/>
<dc element="dc.publisher" value="Reuters Holdings Plc"/>
<dc element="dc.date.published" value="1997-03-11"/>
<dc element="dc.source" value="Reuters"/>
<dc element="dc.creator.location" value="RANCHO CORDOVA, Calif."/>
<dc element="dc.creator.location.country.name" value="USA"/>
<dc element="dc.source" value="Reuters"/>
</metadata>
</newsitem>
