<?xml version="1.0" encoding="iso-8859-1" ?>
<newsitem itemid="432262" id="root" date="1997-03-11" xml:lang="en">
<title>USA: OfficeMax, Staples said resuming talk.</title>
<headline>OfficeMax, Staples said resuming talk.</headline>
<dateline>WASHINGTON 1997-03-11</dateline>
<text>
<p>OfficeMax has resumed negotiations to acquire dozens of stores from Staples, sources close to the talks said Tuesday.</p>
<p>If the negotiations for Staples to divest stores to OfficeMax are successful, which could take weeks, the deal could lead to government approval of the merger between Staples and Office Depot by the Federal Trade Commission.</p>
<p>The OfficeMax negotiations had broken down over a dispute about which stores would change hands, with money also an issue. In the absence of a divestiture agreement, the FTC rejected the Staples-Office Depot merger.  </p>
<p>The FTC had required a divestiture of 62 stores by Staples to do the 1,000-plus store deal. Staples took the proposal to OfficeMax, which accepted 52 of the stores but wanted 20 others of its own choosing.</p>
<p>Staples wanted $150 million to $160 million for the mix of stores it was offering, while OfficeMax was willing to pay only $100 million for the more than 70 stores it wanted to purchase.</p>
<p>Given those problems, the negotiations broke down and the FTC acted.  </p>
<p>The mix of stores which Staples offered to divest had been worked out through painstaking negotiations with the government.</p>
<p>Even as wheels started to turn for a series of court actions that the FTC intends will spell the end to the merger, an official at the FTC said the door remains open to negotiations that could lead to a completed deal between Staples and Office Depot.</p>
<p>All sides are now working against a major deadline, which has not yet been set: A court hearing for a permanent injunction against the merger. Such a hearing, before a Federal District Court judge, is expected anywhere from one week to a month or two months from now.</p>
<p>If the government wins a preliminary injunction from a federal judge at that hearing, and sustains the win on appeal, an official at Staples said any chance of a merger would be over. At the same time, Staples says it believes it can win in court.</p>
</text>
<copyright>(c) Reuters Limited 1997</copyright>
<metadata>
<codes class="bip:countries:1.0">
  <code code="USA">
    <editdetail attribution="Reuters BIP Coding Group" action="confirmed" date="1997-03-11"/>
  </code>
</codes>
<codes class="bip:industries:1.0">
  <code code="I61000">
    <editdetail attribution="Reuters BIP Coding Group" action="confirmed" date="1997-03-11"/>
  </code>
  <code code="I65300">
    <editdetail attribution="Reuters BIP Coding Group" action="confirmed" date="1997-03-11"/>
  </code>
  <code code="I65400">
    <editdetail attribution="Reuters BIP Coding Group" action="confirmed" date="1997-03-11"/>
  </code>
</codes>
<codes class="bip:topics:1.0">
  <code code="C18">
    <editdetail attribution="Reuters BIP Coding Group" action="confirmed" date="1997-03-11"/>
  </code>
  <code code="C181">
    <editdetail attribution="Reuters BIP Coding Group" action="confirmed" date="1997-03-11"/>
  </code>
  <code code="C182">
    <editdetail attribution="Reuters BIP Coding Group" action="confirmed" date="1997-03-11"/>
  </code>
  <code code="CCAT">
    <editdetail attribution="Reuters BIP Coding Group" action="confirmed" date="1997-03-11"/>
  </code>
</codes>
<dc element="dc.date.created" value="1997-03-11"/>
<dc element="dc.publisher" value="Reuters Holdings Plc"/>
<dc element="dc.date.published" value="1997-03-11"/>
<dc element="dc.source" value="Reuters"/>
<dc element="dc.creator.location" value="WASHINGTON"/>
<dc element="dc.creator.location.country.name" value="USA"/>
<dc element="dc.source" value="Reuters"/>
</metadata>
</newsitem>
