<?xml version="1.0" encoding="iso-8859-1" ?>
<newsitem itemid="432225" id="root" date="1997-03-11" xml:lang="en">
<title>USA: ASARCO's Peru subsidiary sees output cut.</title>
<headline>ASARCO's Peru subsidiary sees output cut.</headline>
<dateline>NEW YORK 1997-03-11</dateline>
<text>
<p>ASARCO Inc said Tuesday that copper production at its subsidiary, Southern Peru Copper Corp, was expected to be reduced by about four million pounds for the first quarter as a result of rains and floods that partially curtailed operations last week.</p>
<p>Operations of Southern Peru Copper, in which it has a 54.1 percent stake, had returned to normal, ASARCO said.</p>
<p>The subsidiary had suffered from the heavy rains and floods that Asarco said damaged isolated sections of roadways, railroads and tailings system at the company's facilities and operations were partially curtailed as of March 3.  </p>
<p>Southern Peru Copper, the largest mining company in Peru, operates the Toquepala and Cuajone mines and a smelter and refinery at Ilo, all located in the southern part of Peru.</p>
<p>The concentrators at the Cuajone and Toquepala mines and the solvent extraction/electrowinning plant at Toquepala returned to full capacity on March 6 while the smelter and refinery at Ilo returned to normal operations on March 10, it said.</p>
<p>Damaged roadways and railroad tracks have been temporarily repaired and permanent replacements will be made over the next several months, it said.</p>
<p>The subsidiary maintains property damage and business interruption insurance, it added.</p>
<p>Other owners of Southern Peru Copper are Marmon Corp (15 percent), Phelps Dodge Corp (13.8 percent) and common shareholders (17.0 percent).</p>
</text>
<copyright>(c) Reuters Limited 1997</copyright>
<metadata>
<codes class="bip:countries:1.0">
  <code code="PERU">
    <editdetail attribution="Reuters BIP Coding Group" action="confirmed" date="1997-03-11"/>
  </code>
  <code code="USA">
    <editdetail attribution="Reuters BIP Coding Group" action="confirmed" date="1997-03-11"/>
  </code>
</codes>
<codes class="bip:industries:1.0">
  <code code="I21000">
    <editdetail attribution="Reuters BIP Coding Group" action="confirmed" date="1997-03-11"/>
  </code>
</codes>
<codes class="bip:topics:1.0">
  <code code="C21">
    <editdetail attribution="Reuters BIP Coding Group" action="confirmed" date="1997-03-11"/>
  </code>
  <code code="CCAT">
    <editdetail attribution="Reuters BIP Coding Group" action="confirmed" date="1997-03-11"/>
  </code>
</codes>
<dc element="dc.date.created" value="1997-03-11"/>
<dc element="dc.publisher" value="Reuters Holdings Plc"/>
<dc element="dc.date.published" value="1997-03-11"/>
<dc element="dc.source" value="Reuters"/>
<dc element="dc.creator.location" value="NEW YORK"/>
<dc element="dc.creator.location.country.name" value="USA"/>
<dc element="dc.source" value="Reuters"/>
</metadata>
</newsitem>
