<?xml version="1.0" encoding="iso-8859-1" ?>
<newsitem itemid="432275" id="root" date="1997-03-11" xml:lang="en">
<title>USA: Eastman confirms 10-pct sales growth goal.</title>
<headline>Eastman confirms 10-pct sales growth goal.</headline>
<dateline>NEW YORK 1997-03-11</dateline>
<text>
<p>An Eastman Chemical Co executive Tuesdsay reiterated Eastman's goal of achieving annual sales revenue growth of 10 percent.</p>
<p>Looking to the year 2000, vice chairman and executive vice president R. Wiley Bourne, Jr., told institutional investors at the Merrill Lynch Chemical Conference that he expects to see revenue growth in each of the company's three segments.</p>
<p>Core Plastics generated about $1.4 billion of Eastman's sales in 1996, the company said.  Through the year 2000, the company said, it expects Core Plastics to grow eight to 11 percent a year.  </p>
<p>Much of that growth is likely to come from growth in volume for EASTAPAK PET polyester packaging plastic, due to increasing demand and additional available capacity, the company said.</p>
<p>Chemical Intermediates accounted for approximately $700 million of Eastman's 1996 sales, the company said.</p>
<p>With expected strong demand growth in markets such as laminates for safety glass, plasticizers for floor coverings and medical devices, and chemicals for artificial sweeteners and agricultural uses, Bourne said annual revenue for Chemical Intermediates is expected to grow six to eight percent.</p>
<p>The Specialty and Performance segment is Eastman's largest and most diverse segment, and generated revenues of about $2.6 billion in 1996, the company said.</p>
<p>According to Bourne, with the exception of fiber products, many of the product lines in this segment are growing at or above 10 percent annually.</p>
<p>&quot;Specialty and Performance is expected to grow eight to 10 percent over the next four years,&quot; he said.</p>
</text>
<copyright>(c) Reuters Limited 1997</copyright>
<metadata>
<codes class="bip:countries:1.0">
  <code code="USA">
    <editdetail attribution="Reuters BIP Coding Group" action="confirmed" date="1997-03-11"/>
  </code>
</codes>
<codes class="bip:industries:1.0">
  <code code="I25120">
    <editdetail attribution="Reuters BIP Coding Group" action="confirmed" date="1997-03-11"/>
  </code>
</codes>
<codes class="bip:topics:1.0">
  <code code="C15">
    <editdetail attribution="Reuters BIP Coding Group" action="confirmed" date="1997-03-11"/>
  </code>
  <code code="C152">
    <editdetail attribution="Reuters BIP Coding Group" action="confirmed" date="1997-03-11"/>
  </code>
  <code code="C31">
    <editdetail attribution="Reuters BIP Coding Group" action="confirmed" date="1997-03-11"/>
  </code>
  <code code="CCAT">
    <editdetail attribution="Reuters BIP Coding Group" action="confirmed" date="1997-03-11"/>
  </code>
</codes>
<dc element="dc.date.created" value="1997-03-11"/>
<dc element="dc.publisher" value="Reuters Holdings Plc"/>
<dc element="dc.date.published" value="1997-03-11"/>
<dc element="dc.source" value="Reuters"/>
<dc element="dc.creator.location" value="NEW YORK"/>
<dc element="dc.creator.location.country.name" value="USA"/>
<dc element="dc.source" value="Reuters"/>
</metadata>
</newsitem>
