<?xml version="1.0" encoding="iso-8859-1" ?>
<newsitem itemid="432243" id="root" date="1997-03-11" xml:lang="en">
<title>USA: U.S. FCC adopts auction rules for LMDS technology.</title>
<headline>U.S. FCC adopts auction rules for LMDS technology.</headline>
<dateline>WASHINGTON 1997-03-11</dateline>
<text>
<p>Regulators adopted rules Tuesday for auctioning a valuable part of the airwaves that will be home to a wireless communications service that could give local phone and cable-TV companies a run for their money.</p>
<p>The Federal Communications Commission barred local phone companies and cable-TV firms from bidding for local multipoint distribution services (LMDS) licenses in their home territories, to prevent them from snuffing out new rivals.  </p>
<p>The agency said it hopes the rules &quot;will open the door for a new broadband wireless service that will provide meaningful competition&quot; to cable operators and local carriers.</p>
<p>The FCC also said it hopes the plan will provide enough additional radio spectrum to ensure the development of new wireless communication services for consumers and businesses nationwide. The auction is expected to occur this summer.</p>
<p>LMDS is intended to allow consumers and businesses to zap voice, pictures and masses of data over high-speed wireless networks.  </p>
<p>Customers also could hook up to the Internet while bypassing traffic on the wired local phone network.</p>
<p>&quot;We're going to cut out the local exchange carrier,&quot; said David Maloff, president of WebCel Communications Inc., a Washington, D.C.-based firm planning to bid at the FCC sale.</p>
<p>The technology is based on microwave signals that transmit data, voice and video within a three-mile radius. The signals are received by customers through a rooftop antenna.</p>
<p>The FCC will auction 984 licenses nationwide. The total amount of spectrum auctioned will be 1,300 megahertz.</p>
<p>The agency also chose a flexible approach to the auction by not restricting the use of the airwaves to any particular service or application.</p>
<p>The FCC said that auction winners could be subject to certain public-interest obligations in the future.</p>
</text>
<copyright>(c) Reuters Limited 1997</copyright>
<metadata>
<codes class="bip:countries:1.0">
  <code code="USA">
    <editdetail attribution="Reuters BIP Coding Group" action="confirmed" date="1997-03-11"/>
  </code>
</codes>
<codes class="bip:industries:1.0">
  <code code="I79020">
    <editdetail attribution="Reuters BIP Coding Group" action="confirmed" date="1997-03-11"/>
  </code>
  <code code="I9741109">
    <editdetail attribution="Reuters BIP Coding Group" action="confirmed" date="1997-03-11"/>
  </code>
</codes>
<codes class="bip:topics:1.0">
  <code code="C13">
    <editdetail attribution="Reuters BIP Coding Group" action="confirmed" date="1997-03-11"/>
  </code>
  <code code="C33">
    <editdetail attribution="Reuters BIP Coding Group" action="confirmed" date="1997-03-11"/>
  </code>
  <code code="C34">
    <editdetail attribution="Reuters BIP Coding Group" action="confirmed" date="1997-03-11"/>
  </code>
  <code code="CCAT">
    <editdetail attribution="Reuters BIP Coding Group" action="confirmed" date="1997-03-11"/>
  </code>
</codes>
<dc element="dc.date.created" value="1997-03-11"/>
<dc element="dc.publisher" value="Reuters Holdings Plc"/>
<dc element="dc.date.published" value="1997-03-11"/>
<dc element="dc.source" value="Reuters"/>
<dc element="dc.creator.location" value="WASHINGTON"/>
<dc element="dc.creator.location.country.name" value="USA"/>
<dc element="dc.source" value="Reuters"/>
</metadata>
</newsitem>
