<?xml version="1.0" encoding="iso-8859-1" ?>
<newsitem itemid="432246" id="root" date="1997-03-11" xml:lang="en">
<title>USA: McTeer speech intended to emphasize 1996 economy.</title>
<headline>McTeer speech intended to emphasize 1996 economy.</headline>
<dateline>WASHINGTON 1997-03-11</dateline>
<text>
<p>A speech Tuesday by Dallas Fed President Robert McTeer was intended to emphasize the economic conditions in 1996, not describe the stance of monetary policy in 1997, according to Harvey Rosenblum, the bank's research director.</p>
<p>&quot;I spoke to him after the speech,&quot; Rosenblum told Reuters, &quot;He thought he had been quoted a little bit out of context.&quot;</p>
<p>Rosenblum was referring to a news agency report that quoted McTeer as suggesting that the Fed was not ready to raise interest rates yet.</p>
<p>According to the report, the Dallas Fed chief told a luncheon, &quot;We're on guard but there's nothing to tip us over into tightening.&quot;</p>
<p>Reuters did not attend the luncheon.</p>
<p>Rosenblum said McTeer was &quot;reiterating what was going on in 1996,&quot; saying that the forces in the economy &quot;tended to cancel each other out.&quot;</p>
<p>He added that McTeer had not been trying to make a point about monetary policy in 1997 or &quot;tip his hand&quot; ahead of the upcoming March 25 Federal Open Market Committee Meeting.</p>
</text>
<copyright>(c) Reuters Limited 1997</copyright>
<metadata>
<codes class="bip:countries:1.0">
  <code code="USA">
    <editdetail attribution="Reuters BIP Coding Group" action="confirmed" date="1997-03-11"/>
  </code>
</codes>
<codes class="bip:topics:1.0">
  <code code="E12">
    <editdetail attribution="Reuters BIP Coding Group" action="confirmed" date="1997-03-11"/>
  </code>
  <code code="ECAT">
    <editdetail attribution="Reuters BIP Coding Group" action="confirmed" date="1997-03-11"/>
  </code>
</codes>
<dc element="dc.date.created" value="1997-03-11"/>
<dc element="dc.publisher" value="Reuters Holdings Plc"/>
<dc element="dc.date.published" value="1997-03-11"/>
<dc element="dc.source" value="Reuters"/>
<dc element="dc.creator.location" value="WASHINGTON"/>
<dc element="dc.creator.location.country.name" value="USA"/>
<dc element="dc.source" value="Reuters"/>
</metadata>
</newsitem>
