<?xml version="1.0" encoding="iso-8859-1" ?>
<newsitem itemid="432311" id="root" date="1997-03-11" xml:lang="en">
<title>USA: Midwest Express February load factor off.</title>
<headline>Midwest Express February load factor off.</headline>
<dateline>MILWAUKEE, Wis. 1997-03-11</dateline>
<text>
<p>Midwest Express Holdings Inc said Tuesday its Midwest Express Airlines passenger load factor for February declined 4.5 points to 59.3 percent from 63.8 percent in the same year-earlier period.</p>
<p>Revenue passenger miles declined 1.1 percent to 94.9 million from 95.9 million, and available seat miles advanced 6.5 percent to 160.1 million from 150.3 millilon.</p>
<p>Year to date, Midwest Express said its load factor fell 4.1 points to 56.1 percent from 60.2 percent. Revenue passenger miles gained 3.5 percent to 187.9 million from 181.6 million, and available seat miles rose 11 percent to 335.1 million from 301.8 million.</p>
<p>The company's Skyway Airlines posted a 1.8 point decline in its February passenger load factor to 41.4 percent from 43.2 percent. Its revenue passenger miles dropped 10.6 percent to 5.0 million, and available seat miles fell 6.7 percent to 12.2 million.</p>
<p>Skyway Airlines' year to date load factor was off 1.4 points to 39.3 percent. Revenue passenger miles decreased 6.1 percent to 9.9 million, and available seat miles fell 2.8 percent to 25.3 million.</p>
<p>		((Reuters Chicago Newsdesk (312) 408-8787))</p>
</text>
<copyright>(c) Reuters Limited 1997</copyright>
<metadata>
<codes class="bip:countries:1.0">
  <code code="USA">
    <editdetail attribution="Reuters BIP Coding Group" action="confirmed" date="1997-03-11"/>
  </code>
</codes>
<codes class="bip:industries:1.0">
  <code code="I75000">
    <editdetail attribution="Reuters BIP Coding Group" action="confirmed" date="1997-03-11"/>
  </code>
</codes>
<codes class="bip:topics:1.0">
  <code code="C31">
    <editdetail attribution="Reuters BIP Coding Group" action="confirmed" date="1997-03-11"/>
  </code>
  <code code="CCAT">
    <editdetail attribution="Reuters BIP Coding Group" action="confirmed" date="1997-03-11"/>
  </code>
</codes>
<dc element="dc.date.created" value="1997-03-11"/>
<dc element="dc.publisher" value="Reuters Holdings Plc"/>
<dc element="dc.date.published" value="1997-03-11"/>
<dc element="dc.source" value="Reuters"/>
<dc element="dc.creator.location" value="MILWAUKEE, Wis."/>
<dc element="dc.creator.location.country.name" value="USA"/>
<dc element="dc.source" value="Reuters"/>
</metadata>
</newsitem>
