<?xml version="1.0" encoding="iso-8859-1" ?>
<newsitem itemid="432338" id="root" date="1997-03-11" xml:lang="en">
<title>USA: BPA leaves Wed surplus power prices unchanged.</title>
<headline>BPA leaves Wed surplus power prices unchanged.</headline>
<dateline>LOS ANGELES 1997-03-11</dateline>
<text>
<p>The Bonneville Power Administration (BPA) left offer prices for surplus power delivered on Wednesday unchanged, the agency said Tuesday.</p>
<p>BPA still offered up to 300 megawatts of firm peak power, at $14.00 per megawatt hour (MWh) for Northwest sales and $15.00 for California-Oregon border (COB) sales.</p>
<p>Prices for non-firm power during shoulder hours on Wednesday (0600, 1100-1700 and 2100-2200 PST) were unchanged at $12.00 per MWh for Northwest sales and $13.00 for COB.</p>
<p>BPA continued to refrain from offering non-firm power during morning and evening peaks or any displacement power.</p>
<p>Prices for firm and non-firm power during off-peak hours on Wednesday were unchanged at $9.00 per MWh for all deliveries.</p>
<p>((--Los Angeles bureau +1 213 655 6761))</p>
</text>
<copyright>(c) Reuters Limited 1997</copyright>
<metadata>
<codes class="bip:countries:1.0">
  <code code="USA">
    <editdetail attribution="Reuters BIP Coding Group" action="confirmed" date="1997-03-11"/>
  </code>
</codes>
<codes class="bip:industries:1.0">
  <code code="I16100">
    <editdetail attribution="Reuters BIP Coding Group" action="confirmed" date="1997-03-11"/>
  </code>
</codes>
<codes class="bip:topics:1.0">
  <code code="C31">
    <editdetail attribution="Reuters BIP Coding Group" action="confirmed" date="1997-03-11"/>
  </code>
  <code code="CCAT">
    <editdetail attribution="Reuters BIP Coding Group" action="confirmed" date="1997-03-11"/>
  </code>
  <code code="M14">
    <editdetail attribution="Reuters BIP Coding Group" action="confirmed" date="1997-03-11"/>
  </code>
  <code code="M143">
    <editdetail attribution="Reuters BIP Coding Group" action="confirmed" date="1997-03-11"/>
  </code>
  <code code="MCAT">
    <editdetail attribution="Reuters BIP Coding Group" action="confirmed" date="1997-03-11"/>
  </code>
</codes>
<dc element="dc.date.created" value="1997-03-11"/>
<dc element="dc.publisher" value="Reuters Holdings Plc"/>
<dc element="dc.date.published" value="1997-03-11"/>
<dc element="dc.source" value="Reuters"/>
<dc element="dc.creator.location" value="LOS ANGELES"/>
<dc element="dc.creator.location.country.name" value="USA"/>
<dc element="dc.source" value="Reuters"/>
</metadata>
</newsitem>
