<?xml version="1.0" encoding="iso-8859-1" ?>
<newsitem itemid="432342" id="root" date="1997-03-11" xml:lang="en">
<title>USA: Baldwin Piano to sell organ unit to Kuhn.</title>
<headline>Baldwin Piano to sell organ unit to Kuhn.</headline>
<dateline>LOVELAND, Ohio 1997-03-11</dateline>
<text>
<p>Baldwin Piano &amp; Organ Co said on Tuesday it agreed to sell its church organ systems division to Kuhn Keyboards Inc for an undisclosed sum.</p>
<p>Kuhn Keyboards was organized by Duane Kuhn, a former Baldwin vice president who headed the organ division.</p>
<p>The sale must be approved by Baldwin's principal lender, the company said.</p>
<p>Baldwin has been under pressure recently from Kenneth Pavia Sr, a partner in Bolero Investment Group LP, to explore ways to increase shareholder value, including the possibility of a merger. But a Baldwin spokesman said the organ unit sale had been planned for awhile and was not prompted by Pavia's comments.</p>
<p>Bolero owns 8.2 percent of Baldwin.</p>
<p>Baldwin shares closed Monday at 12-3/4. Their 52-week high was 16-1/2.</p>
</text>
<copyright>(c) Reuters Limited 1997</copyright>
<metadata>
<codes class="bip:countries:1.0">
  <code code="USA">
    <editdetail attribution="Reuters BIP Coding Group" action="confirmed" date="1997-03-11"/>
  </code>
</codes>
<codes class="bip:industries:1.0">
  <code code="I49200">
    <editdetail attribution="Reuters BIP Coding Group" action="confirmed" date="1997-03-11"/>
  </code>
</codes>
<codes class="bip:topics:1.0">
  <code code="C18">
    <editdetail attribution="Reuters BIP Coding Group" action="confirmed" date="1997-03-11"/>
  </code>
  <code code="C181">
    <editdetail attribution="Reuters BIP Coding Group" action="confirmed" date="1997-03-11"/>
  </code>
  <code code="CCAT">
    <editdetail attribution="Reuters BIP Coding Group" action="confirmed" date="1997-03-11"/>
  </code>
</codes>
<dc element="dc.date.created" value="1997-03-11"/>
<dc element="dc.publisher" value="Reuters Holdings Plc"/>
<dc element="dc.date.published" value="1997-03-11"/>
<dc element="dc.source" value="Reuters"/>
<dc element="dc.creator.location" value="LOVELAND, Ohio"/>
<dc element="dc.creator.location.country.name" value="USA"/>
<dc element="dc.source" value="Reuters"/>
</metadata>
</newsitem>
