<?xml version="1.0" encoding="iso-8859-1" ?>
<newsitem itemid="432382" id="root" date="1997-03-11" xml:lang="en">
<title>USA: Wyle Electronics sees Q1 below yr-ago Q1.</title>
<headline>Wyle Electronics sees Q1 below yr-ago Q1.</headline>
<dateline>IRVINE, Calif. 1997-03-11</dateline>
<text>
<p>Wyle Electronics said earnings for its first quarter will likely be lower than its 1996 fourth quarter, as well as below the first quarter a year ago.</p>
<p>The company said it anticipates a decline in first quarter earnings of between 15 to 20 percent from the 1996 fourth quarter.</p>
<p>Wyle reported 1996 fourth quarter earnings of $0.74 per share on sales of $316 million. It reported earnings of $0.86 per share on sales of $327 million for the first quarter a year ago.  </p>
<p>&quot;We are seeing generally positive business trends during the first quarter, as evidenced by our solid incoming orders for semiconductor products.  At the same time, we're working through some specific issues unique to transitions in both our product and services mix,&quot; company president Ralph Ozorkiewicz said.</p>
<p>&quot;As previously reported, we have been experiencing the effect of a transitioning product line, particularly during this quarter.  We continue to ramp up shipments from our new National Semiconductor and Fairchild lines, after winding down our distribution agreements with Advanced Micro Devices (AMD) and Philips Semiconductor earlier this quarter.  During last year's fourth quarter, Wyle shipped a total of $18 million of AMD and Philips products,&quot; Ozorkiewicz said.</p>
<p>&quot;In addition, the first quarter consists of two less shipping days than the fourth quarter, further affecting the sequential sales comparison.</p>
<p>&quot;While we're achieving growth in other product areas to help offset these factors, the majority of such replacement revenue is being generated in lower margin lines that will negatively impact our first quarter margins.&quot; Ozorkiewicz said.</p>
</text>
<copyright>(c) Reuters Limited 1997</copyright>
<metadata>
<codes class="bip:countries:1.0">
  <code code="USA">
    <editdetail attribution="Reuters BIP Coding Group" action="confirmed" date="1997-03-11"/>
  </code>
</codes>
<codes class="bip:industries:1.0">
  <code code="I61000">
    <editdetail attribution="Reuters BIP Coding Group" action="confirmed" date="1997-03-11"/>
  </code>
</codes>
<codes class="bip:topics:1.0">
  <code code="C15">
    <editdetail attribution="Reuters BIP Coding Group" action="confirmed" date="1997-03-11"/>
  </code>
  <code code="C152">
    <editdetail attribution="Reuters BIP Coding Group" action="confirmed" date="1997-03-11"/>
  </code>
  <code code="CCAT">
    <editdetail attribution="Reuters BIP Coding Group" action="confirmed" date="1997-03-11"/>
  </code>
</codes>
<dc element="dc.date.created" value="1997-03-11"/>
<dc element="dc.publisher" value="Reuters Holdings Plc"/>
<dc element="dc.date.published" value="1997-03-11"/>
<dc element="dc.source" value="Reuters"/>
<dc element="dc.creator.location" value="IRVINE, Calif."/>
<dc element="dc.creator.location.country.name" value="USA"/>
<dc element="dc.source" value="Reuters"/>
</metadata>
</newsitem>
