<?xml version="1.0" encoding="iso-8859-1" ?>
<newsitem itemid="432386" id="root" date="1997-03-11" xml:lang="en">
<title>USA: Charming Shoppes Inc Q4 Feb 1 profit.</title>
<headline>Charming Shoppes Inc Q4 Feb 1 profit.</headline>
<dateline>BENSALEM, Pa. 1997-03-11</dateline>
<text>
<p>1997			1996</p>
<p> Shr profit		 $0.02     loss	 $1.04</p>
<p> Net profit		 2,221     loss     107,032</p>
<p> Revs		     269,797		  321,822</p>
<p> Avg shrs		 106,756		  103,162</p>
<p>		     Year</p>
<p> Shr loss		   $0.07     loss	 $1.35</p>
<p> Net loss		   7,237     loss     139,241</p>
<p> Revs		   1,016,297		1,102,384</p>
<p> Avg shrs		 105,649		  103,038</p>
<p>(All Data Above 000s Except Per Share Numbers)</p>
<p>NOTED: 1996 losses both include pretax restructuring charge of $103 million, equal to $70 million, or $0.68/shr, after taxes.</p>
<p>((-- New York Newsdesk 212-859-1610.))</p>
</text>
<copyright>(c) Reuters Limited 1997</copyright>
<metadata>
<codes class="bip:countries:1.0">
  <code code="USA">
    <editdetail attribution="Reuters BIP Coding Group" action="confirmed" date="1997-03-11"/>
  </code>
</codes>
<codes class="bip:industries:1.0">
  <code code="I65400">
    <editdetail attribution="Reuters BIP Coding Group" action="confirmed" date="1997-03-11"/>
  </code>
</codes>
<codes class="bip:topics:1.0">
  <code code="C15">
    <editdetail attribution="Reuters BIP Coding Group" action="confirmed" date="1997-03-11"/>
  </code>
  <code code="C151">
    <editdetail attribution="Reuters BIP Coding Group" action="confirmed" date="1997-03-11"/>
  </code>
  <code code="C1511">
    <editdetail attribution="Reuters BIP Coding Group" action="confirmed" date="1997-03-11"/>
  </code>
  <code code="CCAT">
    <editdetail attribution="Reuters BIP Coding Group" action="confirmed" date="1997-03-11"/>
  </code>
</codes>
<dc element="dc.date.created" value="1997-03-11"/>
<dc element="dc.publisher" value="Reuters Holdings Plc"/>
<dc element="dc.date.published" value="1997-03-11"/>
<dc element="dc.source" value="Reuters"/>
<dc element="dc.creator.location" value="BENSALEM, Pa."/>
<dc element="dc.creator.location.country.name" value="USA"/>
<dc element="dc.source" value="Reuters"/>
</metadata>
</newsitem>
