<?xml version="1.0" encoding="iso-8859-1" ?>
<newsitem itemid="432307" id="root" date="1997-03-11" xml:lang="en">
<title>USA: DeKalb sued over herbicide trademark.</title>
<headline>DeKalb sued over herbicide trademark.</headline>
<byline>Rita Farrell</byline>
<dateline>WILMINGTON, Del 1997-03-11</dateline>
<text>
<p>The Hoechst Schering AgrEvo gmbH joint venture Hoechst AG and Schering AG has sued DeKalb Genetics Corp for alleged infringement of Hoechst Schering's Liberty herbicide trademark.</p>
<p>In papers filed Monday in the Delaware Chancery Court, Hoechst sought an emergency order barring Dekalb from using the Liberty trademark with its products, specifically its seed corn. A hearing for a restraining order was scheduled for Tuesday at 2:30 P.M. before Vice Chancellor Bernard Balick.  </p>
<p>At issue is the Liberty herbicide which destroys weeds while leaving unharmed the corn plants grown from genetically engineered seed corn.</p>
<p>In its lawsuit, Hoechst Schering AgrEvo said it seeks to limit the use of its Liberty Link trademark to manufacturers of seed it has approved as resistant to the glufosinate in Liberty herbicide.</p>
<p>According to AgrEvo court documents, some companies claiming to have a Liberty resistant seed corn &quot;in fact showed 75-80 percent plant mortality/injury when glufosinate was applied.&quot;  </p>
<p>&quot;AgrEvo's sensitivity to the possibility of (crop damage) claims has recently been heightened by E.I. Dupont de Nemours &amp; CO's with Benlate brand herbicide in which claims for crop damage have run into the hundreds of millions of dollars,&quot; court papers say.</p>
<p>But Dekalb chief financial officer Thomas Rauman told Reuters that tests of its GR corn hybrids resistant to Liberty glufosinate herbicide &quot;state quite the opposite of that.&quot;</p>
<p>&quot;The efficacy of our product is as good or better than hybrids currently being sold under the AgrEvo label,&quot; Rauman said.  </p>
<p>On Monday Dekalb said it sued AgrEvo USA Co, also a plaintiff in the Delaware lawsuit, in federal court in Chicago. According to the statement, Dekalb alleged that AgrEvo knowingly made &quot;false and misleading statements to farmers in an attempt to interfere with Dekalb's&quot; seed corn.</p>
<p>Rauman said the total U.S. market for seed corn is about $2.1 billion, with replanting due in April and May.</p>
<p>&quot;This is the first year that you've got Liberty-resistant corn being sold. This year the seed companies have introductory quantities of the product. The size of the market will be determined by how well the farmers accept this product and what alternatives they have,&quot; Rauman said.</p>
</text>
<copyright>(c) Reuters Limited 1997</copyright>
<metadata>
<codes class="bip:countries:1.0">
  <code code="USA">
    <editdetail attribution="Reuters BIP Coding Group" action="confirmed" date="1997-03-11"/>
  </code>
</codes>
<codes class="bip:industries:1.0">
  <code code="I01001">
    <editdetail attribution="Reuters BIP Coding Group" action="confirmed" date="1997-03-11"/>
  </code>
  <code code="I25000">
    <editdetail attribution="Reuters BIP Coding Group" action="confirmed" date="1997-03-11"/>
  </code>
  <code code="I25700">
    <editdetail attribution="Reuters BIP Coding Group" action="confirmed" date="1997-03-11"/>
  </code>
</codes>
<codes class="bip:topics:1.0">
  <code code="C12">
    <editdetail attribution="Reuters BIP Coding Group" action="confirmed" date="1997-03-11"/>
  </code>
  <code code="CCAT">
    <editdetail attribution="Reuters BIP Coding Group" action="confirmed" date="1997-03-11"/>
  </code>
  <code code="GCAT">
    <editdetail attribution="Reuters BIP Coding Group" action="confirmed" date="1997-03-11"/>
  </code>
  <code code="GCRIM">
    <editdetail attribution="Reuters BIP Coding Group" action="confirmed" date="1997-03-11"/>
  </code>
</codes>
<dc element="dc.date.created" value="1997-03-11"/>
<dc element="dc.publisher" value="Reuters Holdings Plc"/>
<dc element="dc.date.published" value="1997-03-11"/>
<dc element="dc.source" value="Reuters"/>
<dc element="dc.creator.location" value="WILMINGTON, Del"/>
<dc element="dc.creator.location.country.name" value="USA"/>
<dc element="dc.source" value="Reuters"/>
</metadata>
</newsitem>
