<?xml version="1.0" encoding="iso-8859-1" ?>
<newsitem itemid="432309" id="root" date="1997-03-11" xml:lang="en">
<title>USA: RightChoice shares off on halted BJC talks.</title>
<headline>RightChoice shares off on halted BJC talks.</headline>
<dateline>CHICAGO 1997-03-11</dateline>
<text>
<p>Shares in RightChoice Managed Care Inc fell sharply after the company said it halted talks on a possible combination with BJC Health Systems, a St. Louis-area hospital organization.</p>
<p>RightChoice shares were off 4-1/4 to 12-5/8. They had run up after reports of the BJC talks surfaced in November from a 52-week low of 8-7/8. RightChoice acknowledged the BJC talks were occurring in January, said a company spokeswoman.</p>
<p>&quot;We're disappointed that this (the BJC combination) couldn't happen,&quot; said Bill Nasgovitz, president of Heartland Advisors, whose Heartland Value Fund owns a RightChoice stake.</p>
<p>&quot;We're long-term holders. We're sticking with it and if it comes down much more, I'll buy some more,&quot; he said.</p>
<p>RightChoice is the for-profit subsidiary of Blue Cross Blue Shield of Missouri and is that state's largest provider of managed healthcare services.</p>
<p>((--Kevin Drawbaugh, Chicago Newsdesk 312-408-8787))</p>
</text>
<copyright>(c) Reuters Limited 1997</copyright>
<metadata>
<codes class="bip:countries:1.0">
  <code code="USA">
    <editdetail attribution="Reuters BIP Coding Group" action="confirmed" date="1997-03-11"/>
  </code>
</codes>
<codes class="bip:industries:1.0">
  <code code="I95100">
    <editdetail attribution="Reuters BIP Coding Group" action="confirmed" date="1997-03-11"/>
  </code>
</codes>
<codes class="bip:topics:1.0">
  <code code="C11">
    <editdetail attribution="Reuters BIP Coding Group" action="confirmed" date="1997-03-11"/>
  </code>
  <code code="C15">
    <editdetail attribution="Reuters BIP Coding Group" action="confirmed" date="1997-03-11"/>
  </code>
  <code code="C152">
    <editdetail attribution="Reuters BIP Coding Group" action="confirmed" date="1997-03-11"/>
  </code>
  <code code="CCAT">
    <editdetail attribution="Reuters BIP Coding Group" action="confirmed" date="1997-03-11"/>
  </code>
</codes>
<dc element="dc.date.created" value="1997-03-11"/>
<dc element="dc.publisher" value="Reuters Holdings Plc"/>
<dc element="dc.date.published" value="1997-03-11"/>
<dc element="dc.source" value="Reuters"/>
<dc element="dc.creator.location" value="CHICAGO"/>
<dc element="dc.creator.location.country.name" value="USA"/>
<dc element="dc.source" value="Reuters"/>
</metadata>
</newsitem>
