<?xml version="1.0" encoding="iso-8859-1" ?>
<newsitem itemid="432392" id="root" date="1997-03-11" xml:lang="en">
<title>USA: Manchester to buy Bitwise unit.</title>
<headline>Manchester to buy Bitwise unit.</headline>
<dateline>HAUPPAUGE, N.Y. 1997-03-11</dateline>
<text>
<p>Manchester Equipment Inc said Tuesday it has signed a letter of intent to buy Electrograph Systems Inc, a unit of Bitwise Designs Inc, for $2.5 million in cash.</p>
<p>It said consummation of this deal is subject to, among other things, completion of due diligence, negotiation of a definitive contract, board approval of both companies, and other necessary approvals.</p>
<p>Electrograph had about $16 million in sales for fiscal year ended June 30, 1996.</p>
<p>Electrograph is a specialized distributor of microcomputer peripherals, primarily in the eastern United States.</p>
<p>Manchester Equipment Co is a systems integrator and reseller of computer hardware, software and networking products, primarily for commercial customers.</p>
</text>
<copyright>(c) Reuters Limited 1997</copyright>
<metadata>
<codes class="bip:countries:1.0">
  <code code="USA">
    <editdetail attribution="Reuters BIP Coding Group" action="confirmed" date="1997-03-11"/>
  </code>
</codes>
<codes class="bip:industries:1.0">
  <code code="I33020">
    <editdetail attribution="Reuters BIP Coding Group" action="confirmed" date="1997-03-11"/>
  </code>
  <code code="I64500">
    <editdetail attribution="Reuters BIP Coding Group" action="confirmed" date="1997-03-11"/>
  </code>
</codes>
<codes class="bip:topics:1.0">
  <code code="C18">
    <editdetail attribution="Reuters BIP Coding Group" action="confirmed" date="1997-03-11"/>
  </code>
  <code code="C181">
    <editdetail attribution="Reuters BIP Coding Group" action="confirmed" date="1997-03-11"/>
  </code>
  <code code="CCAT">
    <editdetail attribution="Reuters BIP Coding Group" action="confirmed" date="1997-03-11"/>
  </code>
</codes>
<dc element="dc.date.created" value="1997-03-11"/>
<dc element="dc.publisher" value="Reuters Holdings Plc"/>
<dc element="dc.date.published" value="1997-03-11"/>
<dc element="dc.source" value="Reuters"/>
<dc element="dc.creator.location" value="HAUPPAUGE, N.Y."/>
<dc element="dc.creator.location.country.name" value="USA"/>
<dc element="dc.source" value="Reuters"/>
</metadata>
</newsitem>
