<?xml version="1.0" encoding="iso-8859-1" ?>
<newsitem itemid="432378" id="root" date="1997-03-11" xml:lang="en">
<title>USA: Chico's FAS president on leave of absence.</title>
<headline>Chico's FAS president on leave of absence.</headline>
<dateline>FORT MYERS, Fla. 1997-03-11</dateline>
<text>
<p>Chico's FAS Inc said Tuesday that President Melissa Payner had taken a leave of absence while she and the company attempt to work out a separation agreement.</p>
<p>The company issued the announcement as it reported a net loss of some $747,000, or $0.09 per share, for its fourth quarter ended February 1. A year earlier the company lost about $137,000, or $0.02 per share.  </p>
<p>Marvin Gralnick, chief executive, said that although Chico's FAS reported an increase in earnings for the full fiscal year, &quot;the members of our senior management group have had a significant difference of views as to the strategic direction for the company's future.&quot;</p>
<p>For the 53 weeks ended February 1, earnings rose to $1.9 million, or $.24 per share, from $1.7 million, or $.21 per share, for the 52-week year ended January 28, 1996.  </p>
<p>&quot;Our inability to agree on direction has resulted in our working on the anticipated separation with Melissa,&quot; he said.</p>
<p>&quot;However, while we are working through matters with Melissa, we feel it is best not to comment further concerning the anticipated separation,&quot; he said. The company expects to provide more details within the next few weeks, he said.</p>
<p>Charles Kleman, executive vice president, has taken over the role of providing the day-to-day direction for planning, buying and inventory management, he said.</p>
<p>Gralnick said he is guiding the company's team handling product development and production.</p>
<p>Selling, general and administrative expenses for the 14 weeks ended February 1 include the establishment of a reserve of about $200,000 after tax, or $0.02 per share, in order to address costs associated with the anticipated management change, the company said.</p>
<p>Chico's FAS sells exclusively designed, private-label women's casual clothing and related accessories. It operates a chain of 135 stores in 32 states; 126 stores are company-owned and nine are franchised.</p>
</text>
<copyright>(c) Reuters Limited 1997</copyright>
<metadata>
<codes class="bip:countries:1.0">
  <code code="USA">
    <editdetail attribution="Reuters BIP Coding Group" action="confirmed" date="1997-03-11"/>
  </code>
</codes>
<codes class="bip:industries:1.0">
  <code code="I65400">
    <editdetail attribution="Reuters BIP Coding Group" action="confirmed" date="1997-03-11"/>
  </code>
</codes>
<codes class="bip:topics:1.0">
  <code code="C15">
    <editdetail attribution="Reuters BIP Coding Group" action="confirmed" date="1997-03-11"/>
  </code>
  <code code="C151">
    <editdetail attribution="Reuters BIP Coding Group" action="confirmed" date="1997-03-11"/>
  </code>
  <code code="C1511">
    <editdetail attribution="Reuters BIP Coding Group" action="confirmed" date="1997-03-11"/>
  </code>
  <code code="C41">
    <editdetail attribution="Reuters BIP Coding Group" action="confirmed" date="1997-03-11"/>
  </code>
  <code code="C411">
    <editdetail attribution="Reuters BIP Coding Group" action="confirmed" date="1997-03-11"/>
  </code>
  <code code="CCAT">
    <editdetail attribution="Reuters BIP Coding Group" action="confirmed" date="1997-03-11"/>
  </code>
</codes>
<dc element="dc.date.created" value="1997-03-11"/>
<dc element="dc.publisher" value="Reuters Holdings Plc"/>
<dc element="dc.date.published" value="1997-03-11"/>
<dc element="dc.source" value="Reuters"/>
<dc element="dc.creator.location" value="FORT MYERS, Fla."/>
<dc element="dc.creator.location.country.name" value="USA"/>
<dc element="dc.source" value="Reuters"/>
</metadata>
</newsitem>
