<?xml version="1.0" encoding="iso-8859-1" ?>
<newsitem itemid="432335" id="root" date="1997-03-11" xml:lang="en">
<title>USA: GTECH says Texas to explore lottery rebid.</title>
<headline>GTECH says Texas to explore lottery rebid.</headline>
<dateline>WEST GREENWICH, R.I. 1997-03-11</dateline>
<text>
<p>GTECH Corp said on Tuesday that the Texas Lottery Commission voted &quot;to move in the direction of rebidding&quot; the state lottery contract now held by GTECH.</p>
<p>The commission did not formally decide to rebid the contract, but will prepare and analyze eight bidding alternatives to consider, GTECH said.</p>
<p>GTECH said it expects to continue its lottery operations in Texas, which represent about 15 percent of its revenue. The company said it will pursue &quot;all available options&quot; to ensure that the contract, which runs through 2002, is upheld.</p>
<p>GTECH also said California's State Lottery Commission voted to sign the contract extension with GTECH that originally was agreed upon and announced in January. The contract runs through 2003.</p>
<p>GTECH supplies computerized, on-line lottery products and services.</p>
</text>
<copyright>(c) Reuters Limited 1997</copyright>
<metadata>
<codes class="bip:countries:1.0">
  <code code="USA">
    <editdetail attribution="Reuters BIP Coding Group" action="confirmed" date="1997-03-11"/>
  </code>
</codes>
<codes class="bip:industries:1.0">
  <code code="I33020">
    <editdetail attribution="Reuters BIP Coding Group" action="confirmed" date="1997-03-11"/>
  </code>
  <code code="I3302003">
    <editdetail attribution="Reuters BIP Coding Group" action="confirmed" date="1997-03-11"/>
  </code>
  <code code="I97912">
    <editdetail attribution="Reuters BIP Coding Group" action="confirmed" date="1997-03-11"/>
  </code>
</codes>
<codes class="bip:topics:1.0">
  <code code="C33">
    <editdetail attribution="Reuters BIP Coding Group" action="confirmed" date="1997-03-11"/>
  </code>
  <code code="CCAT">
    <editdetail attribution="Reuters BIP Coding Group" action="confirmed" date="1997-03-11"/>
  </code>
</codes>
<dc element="dc.date.created" value="1997-03-11"/>
<dc element="dc.publisher" value="Reuters Holdings Plc"/>
<dc element="dc.date.published" value="1997-03-11"/>
<dc element="dc.source" value="Reuters"/>
<dc element="dc.creator.location" value="WEST GREENWICH, R.I."/>
<dc element="dc.creator.location.country.name" value="USA"/>
<dc element="dc.source" value="Reuters"/>
</metadata>
</newsitem>
