<?xml version="1.0" encoding="iso-8859-1" ?>
<newsitem itemid="432336" id="root" date="1997-03-11" xml:lang="en">
<title>USA: Robertson Stephens adds 3 senior research analysts.</title>
<headline>Robertson Stephens adds 3 senior research analysts.</headline>
<dateline>SAN FRANCISCO 1997-03-11</dateline>
<text>
<p>Investment banking firm Robertson Stephens &amp; Co said on Tuesday it added three senior research analysts:  Gary Craft, Jeff Barnes and Jay Silverman.</p>
<p>Gary Craft is a specialist in electronic commerce and payment systems segment of the Information Services industry. He was formerly co-head of technology research for Friedman Billings Ramsey &amp; Co, Robertson Stephens said in a release.</p>
<p>Jeff Barnes will cover medical devices, focusing on cardiovascular devices, urological instruments and medical imaging systems.  He was previously at Needham &amp; Co, covering the medical device and health care technology industries.</p>
<p>Jay Silverman will focus on first-generation biotechnology companies, the antiviral market and other emerging biopharmaceutical firms. Before joining Robertson Stephens, he spent five years as a vice president and senior analyst for biotechnology and medical technology at Schroder Wertheim &amp; Co.</p>
<p>((-- Wall St Desk 212 859 1881))</p>
</text>
<copyright>(c) Reuters Limited 1997</copyright>
<metadata>
<codes class="bip:countries:1.0">
  <code code="USA">
    <editdetail attribution="Reuters BIP Coding Group" action="confirmed" date="1997-03-11"/>
  </code>
</codes>
<codes class="bip:topics:1.0">
  <code code="C41">
    <editdetail attribution="Reuters BIP Coding Group" action="confirmed" date="1997-03-11"/>
  </code>
  <code code="C411">
    <editdetail attribution="Reuters BIP Coding Group" action="confirmed" date="1997-03-11"/>
  </code>
  <code code="CCAT">
    <editdetail attribution="Reuters BIP Coding Group" action="confirmed" date="1997-03-11"/>
  </code>
</codes>
<dc element="dc.date.created" value="1997-03-11"/>
<dc element="dc.publisher" value="Reuters Holdings Plc"/>
<dc element="dc.date.published" value="1997-03-11"/>
<dc element="dc.source" value="Reuters"/>
<dc element="dc.creator.location" value="SAN FRANCISCO"/>
<dc element="dc.creator.location.country.name" value="USA"/>
<dc element="dc.source" value="Reuters"/>
</metadata>
</newsitem>
