<?xml version="1.0" encoding="iso-8859-1" ?>
<newsitem itemid="432393" id="root" date="1997-03-11" xml:lang="en">
<title>USA: Mission West execs resign, successors named.</title>
<headline>Mission West execs resign, successors named.</headline>
<dateline>SAN DIEGO 1997-03-11</dateline>
<text>
<p>Mission West Properties said Tuesday that J. Gregory Kasun, president, chief executive officer and director, and Harve Filuk, vice president, have resigned from their positions with the company.</p>
<p>The company said in a release that the resignations come following completion of the sale of substantially all of its real estate assets earlier this year.</p>
<p>Mission West added that Richard Tartre also resigned as a director of the company.</p>
<p>Succeeding Kasun and Filuk are Michael Earley, president and CEO, and Mark Foletta, vice president, the company said.</p>
<p>Earley and Foletta are presently directors of the company and executive officers of Triton Group Ltd, Mission West's largest shareholder.</p>
<p>Katrina Thompson, the company's chief financial officer, continues in her position, Mission West added.</p>
</text>
<copyright>(c) Reuters Limited 1997</copyright>
<metadata>
<codes class="bip:countries:1.0">
  <code code="USA">
    <editdetail attribution="Reuters BIP Coding Group" action="confirmed" date="1997-03-11"/>
  </code>
</codes>
<codes class="bip:industries:1.0">
  <code code="I83960">
    <editdetail attribution="Reuters BIP Coding Group" action="confirmed" date="1997-03-11"/>
  </code>
  <code code="I85000">
    <editdetail attribution="Reuters BIP Coding Group" action="confirmed" date="1997-03-11"/>
  </code>
</codes>
<codes class="bip:topics:1.0">
  <code code="C41">
    <editdetail attribution="Reuters BIP Coding Group" action="confirmed" date="1997-03-11"/>
  </code>
  <code code="C411">
    <editdetail attribution="Reuters BIP Coding Group" action="confirmed" date="1997-03-11"/>
  </code>
  <code code="CCAT">
    <editdetail attribution="Reuters BIP Coding Group" action="confirmed" date="1997-03-11"/>
  </code>
</codes>
<dc element="dc.date.created" value="1997-03-11"/>
<dc element="dc.publisher" value="Reuters Holdings Plc"/>
<dc element="dc.date.published" value="1997-03-11"/>
<dc element="dc.source" value="Reuters"/>
<dc element="dc.creator.location" value="SAN DIEGO"/>
<dc element="dc.creator.location.country.name" value="USA"/>
<dc element="dc.source" value="Reuters"/>
</metadata>
</newsitem>
