<?xml version="1.0" encoding="iso-8859-1" ?>
<newsitem itemid="432327" id="root" date="1997-03-11" xml:lang="en">
<title>USA: D&amp;P cuts Reliance Acceptance ratings.</title>
<headline>D&amp;P cuts Reliance Acceptance ratings.</headline>
<dateline>CHICAGO 1997-03-11</dateline>
<text>
<p>Duff &amp; Phelps Credit Rating Co said Tuesday it lowered its rating on several classes of Reliance Acceptance Group Inc's Reliance Acceptance Corp unit's debt.</p>
<p>The auto lender's commercial paper was lowered to D-four from D-two, its subordinated debt was lowered to double-B from double-B-plus and its implied senior unsecured debt rating was lowered to double-B-plus from triple-B-minus.  </p>
<p>The ratings affect about $15.8 million in commercial paper and $25 million in subordinated debt outstanding Monday, the rating agency said.</p>
<p>The downgrade reflects Reliance's deteriorating asset quality, declining reserve adequacy and the continued difficult competitive environment in subprime auto lending, Duff &amp; Phelps said in a ratings note.</p>
<p>Increased repossession frequency and lower recovery rates led to the decline in asset quality performance, Duff &amp; Phelps said.</p>
<p>Management has made a change in how it sells repossessed autos and is confident that future recovery rates will improve, Duff &amp; Phelps said.</p>
<p>((Chicago newsdesk, 312-408-8787))</p>
</text>
<copyright>(c) Reuters Limited 1997</copyright>
<metadata>
<codes class="bip:countries:1.0">
  <code code="USA">
    <editdetail attribution="Reuters BIP Coding Group" action="confirmed" date="1997-03-11"/>
  </code>
</codes>
<codes class="bip:industries:1.0">
  <code code="I81402">
    <editdetail attribution="Reuters BIP Coding Group" action="confirmed" date="1997-03-11"/>
  </code>
</codes>
<codes class="bip:topics:1.0">
  <code code="C17">
    <editdetail attribution="Reuters BIP Coding Group" action="confirmed" date="1997-03-11"/>
  </code>
  <code code="C174">
    <editdetail attribution="Reuters BIP Coding Group" action="confirmed" date="1997-03-11"/>
  </code>
  <code code="CCAT">
    <editdetail attribution="Reuters BIP Coding Group" action="confirmed" date="1997-03-11"/>
  </code>
</codes>
<dc element="dc.date.created" value="1997-03-11"/>
<dc element="dc.publisher" value="Reuters Holdings Plc"/>
<dc element="dc.date.published" value="1997-03-11"/>
<dc element="dc.source" value="Reuters"/>
<dc element="dc.creator.location" value="CHICAGO"/>
<dc element="dc.creator.location.country.name" value="USA"/>
<dc element="dc.source" value="Reuters"/>
</metadata>
</newsitem>
