<?xml version="1.0" encoding="iso-8859-1" ?>
<newsitem itemid="432349" id="root" date="1997-03-11" xml:lang="en">
<title>USA: Archer Daniels Midland may issue debt.</title>
<headline>Archer Daniels Midland may issue debt.</headline>
<dateline>NEW YORK 1997-03-11</dateline>
<text>
<p>Archer Daniels Midland Co is expected to tap the corporate bond market with a $300 million debt offering as early as Tuesday, syndicate sources said.</p>
<p>The deal is expected to consist of a 30-year noncallable debt issue, they said.</p>
<p>Salomon Brothers Inc is expected to underwrite the offering, they added.</p>
<p>No further details were available.</p>
<p>((--Nancy Leinfuss, 212-859-1675 ))</p>
</text>
<copyright>(c) Reuters Limited 1997</copyright>
<metadata>
<codes class="bip:countries:1.0">
  <code code="USA">
    <editdetail attribution="Reuters BIP Coding Group" action="confirmed" date="1997-03-11"/>
  </code>
</codes>
<codes class="bip:industries:1.0">
  <code code="I41000">
    <editdetail attribution="Reuters BIP Coding Group" action="confirmed" date="1997-03-11"/>
  </code>
</codes>
<codes class="bip:topics:1.0">
  <code code="C17">
    <editdetail attribution="Reuters BIP Coding Group" action="confirmed" date="1997-03-11"/>
  </code>
  <code code="C172">
    <editdetail attribution="Reuters BIP Coding Group" action="confirmed" date="1997-03-11"/>
  </code>
  <code code="CCAT">
    <editdetail attribution="Reuters BIP Coding Group" action="confirmed" date="1997-03-11"/>
  </code>
</codes>
<dc element="dc.date.created" value="1997-03-11"/>
<dc element="dc.publisher" value="Reuters Holdings Plc"/>
<dc element="dc.date.published" value="1997-03-11"/>
<dc element="dc.source" value="Reuters"/>
<dc element="dc.creator.location" value="NEW YORK"/>
<dc element="dc.creator.location.country.name" value="USA"/>
<dc element="dc.source" value="Reuters"/>
</metadata>
</newsitem>
