<?xml version="1.0" encoding="iso-8859-1" ?>
<newsitem itemid="432395" id="root" date="1997-03-11" xml:lang="en">
<title>USA: Payless ShoeSource buys Parade of Shoes.</title>
<headline>Payless ShoeSource buys Parade of Shoes.</headline>
<dateline>TOPEKA, Kan. 1997-03-11</dateline>
<text>
<p>Payless ShoeSource Inc said Tuesday it completed its previously announced acquisition of Parade of Shoes Inc from J. Baker Inc.</p>
<p>Payless said it acquired for net cash proceeds of about $28.0 million the Parade of Shoes inventory and trademarks, and assumed leases on 184 stores.  </p>
<p>When the deal was first announced in January, terms were not disclosed.</p>
<p>Payless said Parade of Shoes posted sales of $123 million in 1996.  It plans to operate Parade of Shoes as a separate division, supported by its existing sourcing, distribution, systems, real estate and financial organizations.</p>
<p>Parade of Shoes stores sell women's footwear and accessories in 14 states.  Major markets include Boston, New York, Chicago, Philadelphia and Washington, D.C.</p>
<p>Payless said Bryan Collins will be senior vice president and division director for the newly acquired Parade of Shoes division.  Collins has been senior vice president and general merchandise manager of women's shoes at Payless since 1994.</p>
<p>Payless is a family footwear retailer with 4,232 stores in 50 states, Puerto Rico and the U.S. Virgin Islands.</p>
<p>((Reuters Chicago Newsdesk (312) 408-8787))</p>
</text>
<copyright>(c) Reuters Limited 1997</copyright>
<metadata>
<codes class="bip:countries:1.0">
  <code code="USA">
    <editdetail attribution="Reuters BIP Coding Group" action="confirmed" date="1997-03-11"/>
  </code>
</codes>
<codes class="bip:industries:1.0">
  <code code="I65400">
    <editdetail attribution="Reuters BIP Coding Group" action="confirmed" date="1997-03-11"/>
  </code>
</codes>
<codes class="bip:topics:1.0">
  <code code="C18">
    <editdetail attribution="Reuters BIP Coding Group" action="confirmed" date="1997-03-11"/>
  </code>
  <code code="C181">
    <editdetail attribution="Reuters BIP Coding Group" action="confirmed" date="1997-03-11"/>
  </code>
  <code code="CCAT">
    <editdetail attribution="Reuters BIP Coding Group" action="confirmed" date="1997-03-11"/>
  </code>
</codes>
<dc element="dc.date.created" value="1997-03-11"/>
<dc element="dc.publisher" value="Reuters Holdings Plc"/>
<dc element="dc.date.published" value="1997-03-11"/>
<dc element="dc.source" value="Reuters"/>
<dc element="dc.creator.location" value="TOPEKA, Kan."/>
<dc element="dc.creator.location.country.name" value="USA"/>
<dc element="dc.source" value="Reuters"/>
</metadata>
</newsitem>
