<?xml version="1.0" encoding="iso-8859-1" ?>
<newsitem itemid="432344" id="root" date="1997-03-11" xml:lang="en">
<title>USA: PDT Inc Q4 loss narrows.</title>
<headline>PDT Inc Q4 loss narrows.</headline>
<dateline>SANTA BARBARA, Calif. 1997-03-11</dateline>
<text>
<p>PDT Inc.</p>
<p>		     Consolidated Statements of Operations</p>
<p>			     (Unaudited)</p>
<p>		    Three Months Ended	   12 Months Ended</p>
<p>		     12/31/96    12/31/95    12/31/96    12/31/95</p>
<p>Revenues:</p>
<p>Grants, licensing,</p>
<p>royalties and</p>
<p>product sales</p>
<p>		    1,368,000     126,000   3,598,000     521,000</p>
<p>Total Revenues</p>
<p>		    1,368,000     126,000   3,598,000     521,000</p>
<p>Cost and expenses:</p>
<p>  Cost of goods sold   --	12,000	 5,000	67,000</p>
<p>Research and</p>
<p>   development  3,663,000   4,044,000  15,715,000   8,802,000</p>
<p>Selling, general</p>
<p>and administrative</p>
<p>		    2,042,000   1,144,000   6,393,000   3,547,000</p>
<p>Total costs and</p>
<p>  expenses	5,705,000   5,200,000  22,113,000  12,416,000</p>
<p>Loss from operations</p>
<p>		(4,337,000) (5,074,000) (18,515,000) (11,895,000)</p>
<p>Interest income</p>
<p>  (expense)	 834,000     190,000   2,373,000     185,000</p>
<p>Net loss</p>
<p>	     ($3,503,000)($4,884,000)($16,142,000)($11,710,000)</p>
<p>Net loss per share</p>
<p>			( 0.28)     ( 0.47)     ( 1.37)     ( 1.19)</p>
<p>Shares used in</p>
<p>computing net loss</p>
<p>  per share    12,397,454  10,401,356  11,786,429   9,861,212</p>
</text>
<copyright>(c) Reuters Limited 1997</copyright>
<metadata>
<codes class="bip:countries:1.0">
  <code code="USA">
    <editdetail attribution="Reuters BIP Coding Group" action="confirmed" date="1997-03-11"/>
  </code>
</codes>
<codes class="bip:industries:1.0">
  <code code="I25700">
    <editdetail attribution="Reuters BIP Coding Group" action="confirmed" date="1997-03-11"/>
  </code>
</codes>
<codes class="bip:topics:1.0">
  <code code="C15">
    <editdetail attribution="Reuters BIP Coding Group" action="confirmed" date="1997-03-11"/>
  </code>
  <code code="C151">
    <editdetail attribution="Reuters BIP Coding Group" action="confirmed" date="1997-03-11"/>
  </code>
  <code code="C1511">
    <editdetail attribution="Reuters BIP Coding Group" action="confirmed" date="1997-03-11"/>
  </code>
  <code code="CCAT">
    <editdetail attribution="Reuters BIP Coding Group" action="confirmed" date="1997-03-11"/>
  </code>
</codes>
<dc element="dc.date.created" value="1997-03-11"/>
<dc element="dc.publisher" value="Reuters Holdings Plc"/>
<dc element="dc.date.published" value="1997-03-11"/>
<dc element="dc.source" value="Reuters"/>
<dc element="dc.creator.location" value="SANTA BARBARA, Calif."/>
<dc element="dc.creator.location.country.name" value="USA"/>
<dc element="dc.source" value="Reuters"/>
</metadata>
</newsitem>
