<?xml version="1.0" encoding="iso-8859-1" ?>
<newsitem itemid="432312" id="root" date="1997-03-11" xml:lang="en">
<title>USA: Rubin opposes big tax cuts, says may hurt economy.</title>
<headline>Rubin opposes big tax cuts, says may hurt economy.</headline>
<dateline>WASHINGTON 1997-03-11</dateline>
<text>
<p>Treasury Secretary Robert Rubin warned on Tuesday that big tax cuts could hurt the economy and derail the drive for a balanced budget.</p>
<p>&quot;We must not engage in a 'bidding war' over tax cuts,&quot; he said in prepared testimony to the House Budget Committee.</p>
<p>The Clinton administration has proposed what Rubin called a &quot;moderate&quot; tax cut program that would trim revenues by $98.4 billion over five years.  </p>
<p>&quot;Tax cuts which are higher would ... run a serious risk of requiring us to make (spending) cuts that unduly harm our economy and our society -- or abandon the goal of a balanced budget, which we absolutely must not do,&quot; he said.</p>
<p>Republican lawmakers, who control both houses of Congress, have called for bigger tax cuts than the administration has proposed, including a reduction in the capital gains tax.</p>
<p>In contrast, a coalition of 22 moderate-to-conservative Democrats has argued that taxes should not be cut until the budget is balanced.  </p>
<p>The group, known as the &quot;Blue Dog Democrats&quot;, has also backed a reduction in annual cost of living increases in such government programs as Social Security.</p>
<p>Rubin said the administration had &quot;policy differences&quot; with the coalition's proposal, but called it &quot;constructive&quot; for the general budget process.</p>
<p>In his prepared testimony, the Treasury chief argued that balancing the budget was critical to the maintenance of a strong U.S. economy over the long term.</p>
<p>&quot;The strong economic conditions we now enjoy are a result of squarely facing our challenges -- in both the private and public sectors,&quot; he said.</p>
<p>The result has been more jobs and higher wages. &quot;Average real wages ... now appear to be rising again,&quot; Rubin said.</p>
</text>
<copyright>(c) Reuters Limited 1997</copyright>
<metadata>
<codes class="bip:countries:1.0">
  <code code="USA">
    <editdetail attribution="Reuters BIP Coding Group" action="confirmed" date="1997-03-11"/>
  </code>
</codes>
<codes class="bip:topics:1.0">
  <code code="E21">
    <editdetail attribution="Reuters BIP Coding Group" action="confirmed" date="1997-03-11"/>
  </code>
  <code code="E211">
    <editdetail attribution="Reuters BIP Coding Group" action="confirmed" date="1997-03-11"/>
  </code>
  <code code="ECAT">
    <editdetail attribution="Reuters BIP Coding Group" action="confirmed" date="1997-03-11"/>
  </code>
  <code code="GCAT">
    <editdetail attribution="Reuters BIP Coding Group" action="confirmed" date="1997-03-11"/>
  </code>
  <code code="GPOL">
    <editdetail attribution="Reuters BIP Coding Group" action="confirmed" date="1997-03-11"/>
  </code>
</codes>
<dc element="dc.date.created" value="1997-03-11"/>
<dc element="dc.publisher" value="Reuters Holdings Plc"/>
<dc element="dc.date.published" value="1997-03-11"/>
<dc element="dc.source" value="Reuters"/>
<dc element="dc.creator.location" value="WASHINGTON"/>
<dc element="dc.creator.location.country.name" value="USA"/>
<dc element="dc.source" value="Reuters"/>
</metadata>
</newsitem>
