<?xml version="1.0" encoding="iso-8859-1" ?>
<newsitem itemid="432316" id="root" date="1997-03-11" xml:lang="en">
<title>USA: PennCorp Financial Group Inc Q4 net up.</title>
<headline>PennCorp Financial Group Inc Q4 net up.</headline>
<dateline>NEW YORK 1997-03-11</dateline>
<text>
<p>1996			1995</p>
<p> Shr primary		$0.84		    $0.64</p>
<p> Shr diluted		$0.76		    $0.51</p>
<p> Net			 29,514		   15,667</p>
<p> Revs		     172,172		  124,802</p>
<p> Avg shrs primary	23,871		   29,728</p>
<p> Avg shrs diluted	29,080		   38,964</p>
<p>	  12  MONTHS ended December 31:</p>
<p> Shr primary		$2.95		    $2.57</p>
<p> Shr diluted		$2.72		    $2.45</p>
<p> Net			 97,011		   63,353</p>
<p> Revs		     590,114		  422,338</p>
<p> Avg shrs primary	28,462		   22,985</p>
<p> Avg shrs diluted	35,229		   25,566</p>
<p>(All data above in thousands except per share numbers)</p>
</text>
<copyright>(c) Reuters Limited 1997</copyright>
<metadata>
<codes class="bip:countries:1.0">
  <code code="USA">
    <editdetail attribution="Reuters BIP Coding Group" action="confirmed" date="1997-03-11"/>
  </code>
</codes>
<codes class="bip:industries:1.0">
  <code code="I82002">
    <editdetail attribution="Reuters BIP Coding Group" action="confirmed" date="1997-03-11"/>
  </code>
</codes>
<codes class="bip:topics:1.0">
  <code code="C15">
    <editdetail attribution="Reuters BIP Coding Group" action="confirmed" date="1997-03-11"/>
  </code>
  <code code="C151">
    <editdetail attribution="Reuters BIP Coding Group" action="confirmed" date="1997-03-11"/>
  </code>
  <code code="C1511">
    <editdetail attribution="Reuters BIP Coding Group" action="confirmed" date="1997-03-11"/>
  </code>
  <code code="CCAT">
    <editdetail attribution="Reuters BIP Coding Group" action="confirmed" date="1997-03-11"/>
  </code>
</codes>
<dc element="dc.date.created" value="1997-03-11"/>
<dc element="dc.publisher" value="Reuters Holdings Plc"/>
<dc element="dc.date.published" value="1997-03-11"/>
<dc element="dc.source" value="Reuters"/>
<dc element="dc.creator.location" value="NEW YORK"/>
<dc element="dc.creator.location.country.name" value="USA"/>
<dc element="dc.source" value="Reuters"/>
</metadata>
</newsitem>
