<?xml version="1.0" encoding="iso-8859-1" ?>
<newsitem itemid="432351" id="root" date="1997-03-11" xml:lang="en">
<title>USA: StockNnet temporarily removes president.</title>
<headline>StockNnet temporarily removes president.</headline>
<dateline>NEW PALTZ, N.Y. 1997-03-11</dateline>
<text>
<p>StockNet Inc said Tuesday it had temporarily removed its president, Paul R. Ruff, while its board completed an investigation of &quot;apparent irregularities.&quot;</p>
<p>The action was taken at a recent emergency special meeting of the StockNet board, it said.  </p>
<p>In a statement, the company alleged:</p>
<p>&quot;Ruff had removed substantially all of the corporate funds from various depositories, had transferred some of the funds to a personal account, appeared to have become involved in a competitive business with a former consultant to StockNet, and had not appeared at the corporate offices for several days.</p>
<p>&quot;To date, Ruff has refused to explain his actions.&quot;</p>
<p>It said its board had appointed Richard Rozzi as interim president, pending completion of an investigation of Ruff's actions.  </p>
<p>It said its board has retained legal counsel which has taken immediate steps to recover the corporate funds and pursue any violation of corporate fiduciary duties and responsibilities.</p>
<p>A complete review of recent corporate actions and spending of corporate funds is under way, it added.</p>
<p>The company could not be immediately reached for comment.</p>
<p>StockNet was formed in February 1996 to develop financial, sports, entertainment and other specialized sites on the Internet to generate revenues from fees and advertising.</p>
<p>In October, the company announced the acquisition for $3.4 million in a stock swap of All Sports Inc, which maintains a site on the Internet that provides up-to-the-minute sports scores and stories.</p>
<p>In addition to AllSports, the company at the time said it had three other subsidiaries: FantasyStock, Informed Investor and Net Prophets.</p>
</text>
<copyright>(c) Reuters Limited 1997</copyright>
<metadata>
<codes class="bip:countries:1.0">
  <code code="USA">
    <editdetail attribution="Reuters BIP Coding Group" action="confirmed" date="1997-03-11"/>
  </code>
</codes>
<codes class="bip:topics:1.0">
  <code code="C41">
    <editdetail attribution="Reuters BIP Coding Group" action="confirmed" date="1997-03-11"/>
  </code>
  <code code="C411">
    <editdetail attribution="Reuters BIP Coding Group" action="confirmed" date="1997-03-11"/>
  </code>
  <code code="CCAT">
    <editdetail attribution="Reuters BIP Coding Group" action="confirmed" date="1997-03-11"/>
  </code>
</codes>
<dc element="dc.date.created" value="1997-03-11"/>
<dc element="dc.publisher" value="Reuters Holdings Plc"/>
<dc element="dc.date.published" value="1997-03-11"/>
<dc element="dc.source" value="Reuters"/>
<dc element="dc.creator.location" value="NEW PALTZ, N.Y."/>
<dc element="dc.creator.location.country.name" value="USA"/>
<dc element="dc.source" value="Reuters"/>
</metadata>
</newsitem>
