<?xml version="1.0" encoding="iso-8859-1" ?>
<newsitem itemid="432317" id="root" date="1997-03-11" xml:lang="en">
<title>USA: Armey repeats sees budget resolution vote in May.</title>
<headline>Armey repeats sees budget resolution vote in May.</headline>
<dateline>WASHINGTON 1997-03-11</dateline>
<text>
<p>House Majority Leader Dick Armey repeated Tuesday that he expected a budget resolution to go to the House floor for a vote in May.</p>
<p>The budget resolution is essentially a budget blueprint, and the deadline of April 15 is not expected to be met.</p>
<p>The House Tuesday will consider a resolution calling on President Clinton to resubmit his budget, Armey said. Republicans have criticized Clinton's budget, saying it does not reach balance in 2002 and ultimately results in tax increases.  The White House says Clinton's budget does reach balance.  </p>
<p>&quot;I am still optimistic and have every expectation that we will have a budget proposal on the floor of the House in the first couple of weeks of May at the latest,&quot; Armey said.</p>
<p>&quot;What we're trying to avoid, and what is not productive, is to sort of have a standoff between our budget and your budget,&quot; the Texas Republican said.</p>
<p>&quot;We don't look for a wrangle over this; we look for an opportunity for them (White House) to reassess it and give us their best recommendations how to fix it,&quot; he said.</p>
</text>
<copyright>(c) Reuters Limited 1997</copyright>
<metadata>
<codes class="bip:countries:1.0">
  <code code="USA">
    <editdetail attribution="Reuters BIP Coding Group" action="confirmed" date="1997-03-11"/>
  </code>
</codes>
<codes class="bip:topics:1.0">
  <code code="E21">
    <editdetail attribution="Reuters BIP Coding Group" action="confirmed" date="1997-03-11"/>
  </code>
  <code code="E211">
    <editdetail attribution="Reuters BIP Coding Group" action="confirmed" date="1997-03-11"/>
  </code>
  <code code="ECAT">
    <editdetail attribution="Reuters BIP Coding Group" action="confirmed" date="1997-03-11"/>
  </code>
  <code code="GCAT">
    <editdetail attribution="Reuters BIP Coding Group" action="confirmed" date="1997-03-11"/>
  </code>
  <code code="GPOL">
    <editdetail attribution="Reuters BIP Coding Group" action="confirmed" date="1997-03-11"/>
  </code>
</codes>
<dc element="dc.date.created" value="1997-03-11"/>
<dc element="dc.publisher" value="Reuters Holdings Plc"/>
<dc element="dc.date.published" value="1997-03-11"/>
<dc element="dc.source" value="Reuters"/>
<dc element="dc.creator.location" value="WASHINGTON"/>
<dc element="dc.creator.location.country.name" value="USA"/>
<dc element="dc.source" value="Reuters"/>
</metadata>
</newsitem>
