<?xml version="1.0" encoding="iso-8859-1" ?>
<newsitem itemid="432362" id="root" date="1997-03-11" xml:lang="en">
<title>USA: Insite Vision says ISV-611 safe in tests.</title>
<headline>Insite Vision says ISV-611 safe in tests.</headline>
<dateline>ALAMEDA, Calif. 1997-03-11</dateline>
<text>
<p>InSite Vision Inc on Tuesday said a Phase I human clinical study of ISV-611 showed the drug was safe and well-tolerated in dosage levels up to 0.1 percent.</p>
<p>ISV-611 is a DuraSite-based form of an investigational drug, lexipafant, that was developed by British Biotech Plc. InSite has a research collaboration with British Biotech for ISV-611 and ISV-120.</p>
<p>Based on the results and on preclinical evaluations, InSite plans to initiate a Phase II study later this year in patients suffering from allergic conjunctivitis.  </p>
<p>&quot;We are pleased to have passed this initial clinical hurdle with ISV-611 and look forward to advancing this promising product candidate into efficacy testing for the treatment of allergic conjunctivitis,&quot; Kumar Chandrasekaran, chief executive officer, said in a statement.</p>
<p>Lexipafant is an antagonistic drug that has been shown to inhibit platelet activating factor activity in various inflammatory conditions.</p>
<p>British Biotech has filed for approval to market the product in the United Kingdom to treat pancreatitis, and it is conducting Phase III trials in the United States.</p>
</text>
<copyright>(c) Reuters Limited 1997</copyright>
<metadata>
<codes class="bip:countries:1.0">
  <code code="USA">
    <editdetail attribution="Reuters BIP Coding Group" action="confirmed" date="1997-03-11"/>
  </code>
</codes>
<codes class="bip:industries:1.0">
  <code code="I25700">
    <editdetail attribution="Reuters BIP Coding Group" action="confirmed" date="1997-03-11"/>
  </code>
  <code code="I37300">
    <editdetail attribution="Reuters BIP Coding Group" action="confirmed" date="1997-03-11"/>
  </code>
</codes>
<codes class="bip:topics:1.0">
  <code code="C23">
    <editdetail attribution="Reuters BIP Coding Group" action="confirmed" date="1997-03-11"/>
  </code>
  <code code="CCAT">
    <editdetail attribution="Reuters BIP Coding Group" action="confirmed" date="1997-03-11"/>
  </code>
  <code code="GCAT">
    <editdetail attribution="Reuters BIP Coding Group" action="confirmed" date="1997-03-11"/>
  </code>
  <code code="GHEA">
    <editdetail attribution="Reuters BIP Coding Group" action="confirmed" date="1997-03-11"/>
  </code>
</codes>
<dc element="dc.date.created" value="1997-03-11"/>
<dc element="dc.publisher" value="Reuters Holdings Plc"/>
<dc element="dc.date.published" value="1997-03-11"/>
<dc element="dc.source" value="Reuters"/>
<dc element="dc.creator.location" value="ALAMEDA, Calif."/>
<dc element="dc.creator.location.country.name" value="USA"/>
<dc element="dc.source" value="Reuters"/>
</metadata>
</newsitem>
