<?xml version="1.0" encoding="iso-8859-1" ?>
<newsitem itemid="432347" id="root" date="1997-03-11" xml:lang="en">
<title>USA: Fed adds reserves via overnight system RPs.</title>
<headline>Fed adds reserves via overnight system RPs.</headline>
<dateline>NEW YORK 1997-03-11</dateline>
<text>
<p>The Federal Reserve injected reserves into the banking system via a round of overnight system repurchase agreements Tuesday, the New York Fed said.</p>
<p>Economists polled by Reuters had expected the Fed to remain out of the system after adding reserves with three-day fixed-system repurchase agreements Monday, as well as a coupon pass.</p>
<p>Fed funds were trading at the official target of 5.25 percent.</p>
<p>((--John P. Hughes, N.A. Treasury Desk, 212-859-1663))</p>
</text>
<copyright>(c) Reuters Limited 1997</copyright>
<metadata>
<codes class="bip:countries:1.0">
  <code code="USA">
    <editdetail attribution="Reuters BIP Coding Group" action="confirmed" date="1997-03-11"/>
  </code>
</codes>
<codes class="bip:topics:1.0">
  <code code="M13">
    <editdetail attribution="Reuters BIP Coding Group" action="confirmed" date="1997-03-11"/>
  </code>
  <code code="M131">
    <editdetail attribution="Reuters BIP Coding Group" action="confirmed" date="1997-03-11"/>
  </code>
  <code code="MCAT">
    <editdetail attribution="Reuters BIP Coding Group" action="confirmed" date="1997-03-11"/>
  </code>
</codes>
<dc element="dc.date.created" value="1997-03-11"/>
<dc element="dc.publisher" value="Reuters Holdings Plc"/>
<dc element="dc.date.published" value="1997-03-11"/>
<dc element="dc.source" value="Reuters"/>
<dc element="dc.creator.location" value="NEW YORK"/>
<dc element="dc.creator.location.country.name" value="USA"/>
<dc element="dc.source" value="Reuters"/>
</metadata>
</newsitem>
