<?xml version="1.0" encoding="iso-8859-1" ?>
<newsitem itemid="432337" id="root" date="1997-03-11" xml:lang="en">
<title>USA: GenRad assures investors fundamentals are &quot;solid&quot;.</title>
<headline>GenRad assures investors fundamentals are &quot;solid&quot;.</headline>
<dateline>NEW YORK 1997-03-11</dateline>
<text>
<p>GenRad Inc chief executive James Lyons said Tuesday orders remain &quot;very strong&quot; and company fundamentals are &quot;solid.&quot;</p>
<p>Attempting to calm investor concerns after a precipitous drop in the company's stock price Monday, Lyons said &quot;There has been no decline in orders.  The fundamentals are still there. The company is solid.&quot;</p>
<p>In a contentious teleconference with analysts and investors, Lyons called Monday's stock activity &quot;illogical.&quot;</p>
<p>GenRad lost 5-1/2 to 12-3/4 in heavy volume on Monday. The stock recovered on Tuesday to 15-3/8, up 2-5/8.  </p>
<p>Lyons called Monday's stock activity &quot;spontaneous combustion.&quot;</p>
<p>&quot;I think there was a misinterpretation of information,&quot; he said.</p>
<p>Lyons reiterated that GenRad is committed to 25 percent growth in earnings per share for 1997. GenRad has said it is comfortable with earnings forecasts of about $1.25 a share for the year, in addition to deferred tax benefits.</p>
<p>&quot;Nothing has occurred ... to change the confidence in achieving that metric,&quot; Lyons said.  </p>
<p>While GenRad remains on track for the full year 1997, analysts said they were disappointed in the company's first quarter prospects.</p>
<p>Mark Kelleher, an analyst with Fechtor, Detwiler, said he trimmed his first quarter estimate to $0.21 a share, compared with Wall Street's consensus estimate of $0.27 a share.</p>
<p>GenRad, which manufactures hardware and software to help firms maximize productivity, said it faced higher first quarter expenses due to new product introductions and increased spending for new orders.  </p>
<p>GenRad's stock slid Monday as news of the higher first quarter expenses began to trickle into the market, analysts said.</p>
<p>After the market closed Monday, GenRad issued a press release saying it guided analysts to first quarter earnings estimates of between $0.20 and $0.25, excluding one-time charges, on revenues of about $48-$50 million.  Lyons said Tuesday that GenRad may exceed the first quarter revenue target.  </p>
<p>GenRad also said Tuesday it will not post any charges in the first quarter &quot;that are not part of normal operations. Nothing is being charged in the first quarter that I would call extraordinary,&quot; Lyons said.</p>
<p>Lyons tried to calm investor concerns about the first quarter, saying results will be consistent with the company's internal operating plan and its goal of posting 25 percent earnings per share growth in 1997.  </p>
<p>Lyons said the company had &quot;no problem&quot; during the first quarter, but saw &quot;good&quot; revenues and orders. Lyons also denied some media reports that first quarter orders declined.</p>
<p>Lyons also said he expects operating margins to increase. He did not provide additional details.  GenRad also continues to gain marketshare as industry fundamentals strengthen, Lyons said.</p>
<p>In an often heated teleconference, analysts and investors slammed GenRad for poor communication with investors.  Some analysts accused the company of not simultaneously disseminating first quarter earnings information.  </p>
<p>&quot;There seems to have been ... selective dissemination of what the market has interpreted as a material change in what is going on with the company.  Some people found out about this and the rest of us were kind of left left hanging,&quot; Andy Pratt, of Montgomery Asset Management, said during the conference call.</p>
<p>GenRad said it attempted to return more than a hundred calls on Monday.  The company said trading was not halted in its stock due to instructions from the New York Stock Exchange.</p>
<p>Other investors and analysts suggested GenRad should have acted sooner to alert Wall Street of higher first quarter costs.</p>
<p>&quot;Expectation levels on the street were different than your (press release).  The company was aware of what was out there. You did not nothing to correct it,&quot; Jack Harris of Benchamark Capital, said during the conference call.</p>
<p>GenRad said it will work to improve its communication with Wall Street in the future.</p>
<p>(( -- Wall Street desk 212-859-1730))</p>
</text>
<copyright>(c) Reuters Limited 1997</copyright>
<metadata>
<codes class="bip:countries:1.0">
  <code code="USA">
    <editdetail attribution="Reuters BIP Coding Group" action="confirmed" date="1997-03-11"/>
  </code>
</codes>
<codes class="bip:industries:1.0">
  <code code="I34420">
    <editdetail attribution="Reuters BIP Coding Group" action="confirmed" date="1997-03-11"/>
  </code>
</codes>
<codes class="bip:topics:1.0">
  <code code="C15">
    <editdetail attribution="Reuters BIP Coding Group" action="confirmed" date="1997-03-11"/>
  </code>
  <code code="C152">
    <editdetail attribution="Reuters BIP Coding Group" action="confirmed" date="1997-03-11"/>
  </code>
  <code code="CCAT">
    <editdetail attribution="Reuters BIP Coding Group" action="confirmed" date="1997-03-11"/>
  </code>
</codes>
<dc element="dc.date.created" value="1997-03-11"/>
<dc element="dc.publisher" value="Reuters Holdings Plc"/>
<dc element="dc.date.published" value="1997-03-11"/>
<dc element="dc.source" value="Reuters"/>
<dc element="dc.creator.location" value="NEW YORK"/>
<dc element="dc.creator.location.country.name" value="USA"/>
<dc element="dc.source" value="Reuters"/>
</metadata>
</newsitem>
