<?xml version="1.0" encoding="iso-8859-1" ?>
<newsitem itemid="432323" id="root" date="1997-03-11" xml:lang="en">
<title>USA: Gargoyles to acquire Sungold I-Wear.</title>
<headline>Gargoyles to acquire Sungold I-Wear.</headline>
<dateline>KENT, Wash. 1997-03-11</dateline>
<text>
<p>Gargoyles Performance Eyewear said Tuesday it has reached a preliminary agreement to acquire Sungold I-Wear, a manufacturer of premium sunglasses. Terms of the transaction, which is expected to close in April, were not disclosed.</p>
<p>The premium sunglass industry, with $1.7 billion in retail sales, is ripe for consolidation, said the company, which added that it will look for further acquisitions.</p>
<p>The company said the purchase of Sungold will elevate it to the number-three position in domestic premium eyewear sales, behind Bausch &amp; Lomb and Oakley. Gargoyles' net sales were more than $33 million in 1996.</p>
</text>
<copyright>(c) Reuters Limited 1997</copyright>
<metadata>
<codes class="bip:countries:1.0">
  <code code="USA">
    <editdetail attribution="Reuters BIP Coding Group" action="confirmed" date="1997-03-11"/>
  </code>
</codes>
<codes class="bip:industries:1.0">
  <code code="I37300">
    <editdetail attribution="Reuters BIP Coding Group" action="confirmed" date="1997-03-11"/>
  </code>
</codes>
<codes class="bip:topics:1.0">
  <code code="C18">
    <editdetail attribution="Reuters BIP Coding Group" action="confirmed" date="1997-03-11"/>
  </code>
  <code code="C181">
    <editdetail attribution="Reuters BIP Coding Group" action="confirmed" date="1997-03-11"/>
  </code>
  <code code="CCAT">
    <editdetail attribution="Reuters BIP Coding Group" action="confirmed" date="1997-03-11"/>
  </code>
</codes>
<dc element="dc.date.created" value="1997-03-11"/>
<dc element="dc.publisher" value="Reuters Holdings Plc"/>
<dc element="dc.date.published" value="1997-03-11"/>
<dc element="dc.source" value="Reuters"/>
<dc element="dc.creator.location" value="KENT, Wash."/>
<dc element="dc.creator.location.country.name" value="USA"/>
<dc element="dc.source" value="Reuters"/>
</metadata>
</newsitem>
