<?xml version="1.0" encoding="iso-8859-1" ?>
<newsitem itemid="432387" id="root" date="1997-03-11" xml:lang="en">
<title>USA: Chart House to sell 3.4 mln shrs privately.</title>
<headline>Chart House to sell 3.4 mln shrs privately.</headline>
<dateline>SOLANA BEACH, Calif. 1997-03-11</dateline>
<text>
<p>Chart House Enterprises Inc said it would sell 3.4 million newly issued shares of common stock in a private placement to an affiliate of Equity Group Investments Inc at $5.75 per share for a total purchase price of $19.5 million.</p>
<p>Chart House said it has completed the sale of 1,641,750 shares for $9.4 million.  An additional 1,758,250 shares will be sold for $10.1 million, subject to obtaining prior approval of Chart House stockholders at a meeting expected to be held in May.  Chart House intends to use the net proceeds, after transaction costs, to repay existing indebtedness.</p>
</text>
<copyright>(c) Reuters Limited 1997</copyright>
<metadata>
<codes class="bip:countries:1.0">
  <code code="USA">
    <editdetail attribution="Reuters BIP Coding Group" action="confirmed" date="1997-03-11"/>
  </code>
</codes>
<codes class="bip:industries:1.0">
  <code code="I66100">
    <editdetail attribution="Reuters BIP Coding Group" action="confirmed" date="1997-03-11"/>
  </code>
</codes>
<codes class="bip:topics:1.0">
  <code code="C17">
    <editdetail attribution="Reuters BIP Coding Group" action="confirmed" date="1997-03-11"/>
  </code>
  <code code="C171">
    <editdetail attribution="Reuters BIP Coding Group" action="confirmed" date="1997-03-11"/>
  </code>
  <code code="CCAT">
    <editdetail attribution="Reuters BIP Coding Group" action="confirmed" date="1997-03-11"/>
  </code>
</codes>
<dc element="dc.date.created" value="1997-03-11"/>
<dc element="dc.publisher" value="Reuters Holdings Plc"/>
<dc element="dc.date.published" value="1997-03-11"/>
<dc element="dc.source" value="Reuters"/>
<dc element="dc.creator.location" value="SOLANA BEACH, Calif."/>
<dc element="dc.creator.location.country.name" value="USA"/>
<dc element="dc.source" value="Reuters"/>
</metadata>
</newsitem>
