<?xml version="1.0" encoding="iso-8859-1" ?>
<newsitem itemid="432339" id="root" date="1997-03-11" xml:lang="en">
<title>USA: Bon-Ton results benefit Crown American.</title>
<headline>Bon-Ton results benefit Crown American.</headline>
<dateline>JOHNSTOWN, Pa. 1997-03-11</dateline>
<text>
<p>Crown American Realty Trust said Tuesday the improved sales and income of Bon-Ton Stores Inc are expected to have a &quot;modest, positive effect&quot; on its funds from operations (FFO) earnings.</p>
<p>Crown American said that in 1996, sales increased dramatically at the 14 Bon-Ton deparrment stores in its rental portfolio.</p>
<p>As a result, it expects an approximate additional $0.01 a share in FFO earnings due to additonal revenue from the corresponding higher rent paid by the Bon-Ton stores, it said.</p>
<p>&quot;Just as the turnaround at Sears (Roebuck and Co ) had a positive effect on Crown American, so has the recent sales and profitability of Bon-Ton,&quot; said Mark Pasquerilla, president of the regional shopping mall owner and operator.</p>
<p>Pasquerilla said that in addition to higher rent, the shopping malls the company operates experienced additional traffic and sales.</p>
</text>
<copyright>(c) Reuters Limited 1997</copyright>
<metadata>
<codes class="bip:countries:1.0">
  <code code="USA">
    <editdetail attribution="Reuters BIP Coding Group" action="confirmed" date="1997-03-11"/>
  </code>
</codes>
<codes class="bip:industries:1.0">
  <code code="I65600">
    <editdetail attribution="Reuters BIP Coding Group" action="confirmed" date="1997-03-11"/>
  </code>
  <code code="I6560002">
    <editdetail attribution="Reuters BIP Coding Group" action="confirmed" date="1997-03-11"/>
  </code>
  <code code="I81502">
    <editdetail attribution="Reuters BIP Coding Group" action="confirmed" date="1997-03-11"/>
  </code>
  <code code="I8150206">
    <editdetail attribution="Reuters BIP Coding Group" action="confirmed" date="1997-03-11"/>
  </code>
</codes>
<codes class="bip:topics:1.0">
  <code code="C15">
    <editdetail attribution="Reuters BIP Coding Group" action="confirmed" date="1997-03-11"/>
  </code>
  <code code="C152">
    <editdetail attribution="Reuters BIP Coding Group" action="confirmed" date="1997-03-11"/>
  </code>
  <code code="C31">
    <editdetail attribution="Reuters BIP Coding Group" action="confirmed" date="1997-03-11"/>
  </code>
  <code code="CCAT">
    <editdetail attribution="Reuters BIP Coding Group" action="confirmed" date="1997-03-11"/>
  </code>
</codes>
<dc element="dc.date.created" value="1997-03-11"/>
<dc element="dc.publisher" value="Reuters Holdings Plc"/>
<dc element="dc.date.published" value="1997-03-11"/>
<dc element="dc.source" value="Reuters"/>
<dc element="dc.creator.location" value="JOHNSTOWN, Pa."/>
<dc element="dc.creator.location.country.name" value="USA"/>
<dc element="dc.source" value="Reuters"/>
</metadata>
</newsitem>
