<?xml version="1.0" encoding="iso-8859-1" ?>
<newsitem itemid="432371" id="root" date="1997-03-11" xml:lang="en">
<title>USA: Kit Manufacturing Q1 shr loss $0.29.</title>
<headline>Kit Manufacturing Q1 shr loss $0.29.</headline>
<dateline>LONG BEACH, Calif. 1997-03-11</dateline>
<text>
<p>KIT Manufacturing Co.</p>
<p>				   Statements of Income</p>
<p>					(Unaudited)</p>
<p>					    Three Months Ended Jan. 31,</p>
<p>						   1997	     1996</p>
<p> Sales				     $16,589,000    $17,971,000</p>
<p> Costs and expenses		     17,135,000     17,960,000</p>
<p> (Loss) income before income taxes   (555,000)	   11,000</p>
<p>(Benefit) provision for income taxes</p>
<p>						 (224,000)	    4,000</p>
<p> Net (loss) income			 (322,000)	    7,000</p>
<p> Net (loss) income per share	     ( 0.29)	     0.01</p>
<p> Shares outstanding			1,110,934	1,110,934</p>
</text>
<copyright>(c) Reuters Limited 1997</copyright>
<metadata>
<codes class="bip:countries:1.0">
  <code code="USA">
    <editdetail attribution="Reuters BIP Coding Group" action="confirmed" date="1997-03-11"/>
  </code>
</codes>
<codes class="bip:industries:1.0">
  <code code="I35101">
    <editdetail attribution="Reuters BIP Coding Group" action="confirmed" date="1997-03-11"/>
  </code>
</codes>
<codes class="bip:topics:1.0">
  <code code="C15">
    <editdetail attribution="Reuters BIP Coding Group" action="confirmed" date="1997-03-11"/>
  </code>
  <code code="C151">
    <editdetail attribution="Reuters BIP Coding Group" action="confirmed" date="1997-03-11"/>
  </code>
  <code code="CCAT">
    <editdetail attribution="Reuters BIP Coding Group" action="confirmed" date="1997-03-11"/>
  </code>
</codes>
<dc element="dc.date.created" value="1997-03-11"/>
<dc element="dc.publisher" value="Reuters Holdings Plc"/>
<dc element="dc.date.published" value="1997-03-11"/>
<dc element="dc.source" value="Reuters"/>
<dc element="dc.creator.location" value="LONG BEACH, Calif."/>
<dc element="dc.creator.location.country.name" value="USA"/>
<dc element="dc.source" value="Reuters"/>
</metadata>
</newsitem>
