<?xml version="1.0" encoding="iso-8859-1" ?>
<newsitem itemid="432390" id="root" date="1997-03-11" xml:lang="en">
<title>USA: Hayes Wheels Q4 Jan 31 full results.</title>
<headline>Hayes Wheels Q4 Jan 31 full results.</headline>
<dateline>ROMULUS, Mich. 1997-03-11</dateline>
<text>
<p>($ Millions)			Quarter Ended January 31</p>
<p>							 1997	   1996</p>
<p> Sales						222.3	   142.1</p>
<p> Earnings from operations			23.3	    15.0</p>
<p> Net earnings excl. non-recurring charges   2.8	     7.1</p>
<p> Non-recurring charges, net of tax	 (69.6)	   (2.2)</p>
<p> Net Income (loss)			     (66.8)	     4.9</p>
<p>Per share data:</p>
<p> Net earnings excl. non-recurring charges  0.13	    0.20</p>
<p> Non-recurring charges, net of tax	 (3.11)	  (0.06)</p>
<p> Earnings per share (loss)		   (2.98)	    0.14</p>
<p>	   Average common shares	 22,390,000    35,148,000</p>
<p>					 Twelve Months Ended January 31</p>
<p>							 1997	   1996</p>
<p> Sales						778.2	   611.1</p>
<p> Earnings from operations			61.9	    64.8</p>
<p> Net earnings excl. non-recurring charges   8.0	    30.6</p>
<p> Non-recurring charges, net of tax	 (73.5)	   (2.2)</p>
<p> Income before extraordinary items	 (65.5)	    28.4</p>
<p> Extraordinary items, net of tax	    (7.4)	     ---</p>
<p> Net income (loss)			     (72.9)	    28.4</p>
<p>Per share data:</p>
<p> Net earnings excl. non-recurring charges  0.29	    0.87</p>
<p> Non-recurring charges, net of tax	 (2.65)	  (0.06)</p>
<p> Income before extraordinary items	 (2.36)	    0.81</p>
<p> Extraordinary items, net of tax	   (0.27)	     ---</p>
<p> Earnings per share (loss)		   (2.63)	    0.81</p>
<p> Average common shares		   27,703,000    35,148,000</p>
<p>NOTE: Full co name is Hayes Wheels International Inc.</p>
<p>Non-recurring charge in Q4 ended Jan. 31, came on closing of steel wheel plant in Romulus, Mich.  Non-recurring charges and extraordinary items in fiscal year ended Jan. 31, came in Q2 and Q4 on Romulus closing and other one-time events stemming from Motor Wheel merger.</p>
<p>((--Chicago Newsdesk 312-408-8787))</p>
</text>
<copyright>(c) Reuters Limited 1997</copyright>
<metadata>
<codes class="bip:countries:1.0">
  <code code="USA">
    <editdetail attribution="Reuters BIP Coding Group" action="confirmed" date="1997-03-11"/>
  </code>
</codes>
<codes class="bip:industries:1.0">
  <code code="I35300">
    <editdetail attribution="Reuters BIP Coding Group" action="confirmed" date="1997-03-11"/>
  </code>
</codes>
<codes class="bip:topics:1.0">
  <code code="C15">
    <editdetail attribution="Reuters BIP Coding Group" action="confirmed" date="1997-03-11"/>
  </code>
  <code code="C151">
    <editdetail attribution="Reuters BIP Coding Group" action="confirmed" date="1997-03-11"/>
  </code>
  <code code="C1511">
    <editdetail attribution="Reuters BIP Coding Group" action="confirmed" date="1997-03-11"/>
  </code>
  <code code="CCAT">
    <editdetail attribution="Reuters BIP Coding Group" action="confirmed" date="1997-03-11"/>
  </code>
</codes>
<dc element="dc.date.created" value="1997-03-11"/>
<dc element="dc.publisher" value="Reuters Holdings Plc"/>
<dc element="dc.date.published" value="1997-03-11"/>
<dc element="dc.source" value="Reuters"/>
<dc element="dc.creator.location" value="ROMULUS, Mich."/>
<dc element="dc.creator.location.country.name" value="USA"/>
<dc element="dc.source" value="Reuters"/>
</metadata>
</newsitem>
