<?xml version="1.0" encoding="iso-8859-1" ?>
<newsitem itemid="432384" id="root" date="1997-03-11" xml:lang="en">
<title>USA: SPR Inc IPO postponed due to market.</title>
<headline>SPR Inc IPO postponed due to market.</headline>
<dateline>NEW YORK 1997-03-11</dateline>
<text>
<p>SPR Inc postponed its planned initial public offering on Tuesday due to market conditions, lead underwriter Smith Barney said.</p>
<p>The IPO had been tentatively slated to price on Monday for trading Tuesday.</p>
<p>Prior to the postponement, SPR reduced the terms for its initial public offering for a second time, cutting the number of shares to 2.2 million and lowering the estimated price to $12 each.</p>
<p>The information technology services first filed with the U.S. Securities and Exchange Commission for an offering of 2.7 million shares at $14 to $16 each.  Last month, it cut the estimated price to $13 to $15.</p>
</text>
<copyright>(c) Reuters Limited 1997</copyright>
<metadata>
<codes class="bip:countries:1.0">
  <code code="USA">
    <editdetail attribution="Reuters BIP Coding Group" action="confirmed" date="1997-03-11"/>
  </code>
</codes>
<codes class="bip:topics:1.0">
  <code code="C14">
    <editdetail attribution="Reuters BIP Coding Group" action="confirmed" date="1997-03-11"/>
  </code>
  <code code="C17">
    <editdetail attribution="Reuters BIP Coding Group" action="confirmed" date="1997-03-11"/>
  </code>
  <code code="C171">
    <editdetail attribution="Reuters BIP Coding Group" action="confirmed" date="1997-03-11"/>
  </code>
  <code code="CCAT">
    <editdetail attribution="Reuters BIP Coding Group" action="confirmed" date="1997-03-11"/>
  </code>
</codes>
<dc element="dc.date.created" value="1997-03-11"/>
<dc element="dc.publisher" value="Reuters Holdings Plc"/>
<dc element="dc.date.published" value="1997-03-11"/>
<dc element="dc.source" value="Reuters"/>
<dc element="dc.creator.location" value="NEW YORK"/>
<dc element="dc.creator.location.country.name" value="USA"/>
<dc element="dc.source" value="Reuters"/>
</metadata>
</newsitem>
