<?xml version="1.0" encoding="iso-8859-1" ?>
<newsitem itemid="432346" id="root" date="1997-03-11" xml:lang="en">
<title>USA: CUC International Q4 shr $0.22 vs $0.17.</title>
<headline>CUC International Q4 shr $0.22 vs $0.17.</headline>
<dateline>STAMFORD, Conn. 1997-03-11</dateline>
<text>
<p>CONSOLIDATED STATEMENTS OF INCOME</p>
<p>(In thousands, except per share amounts)</p>
<p> Three Months Ended January  31,	   1997		1996</p>
<p> TOTAL REVENUES			    674,229	    545,969</p>
<p> TOTAL EXPENSES			    523,390	    443,722</p>
<p>INCOME BEFORE INCOME TAXES &amp;</p>
<p>  ONE-TIME ITEMS (a)		     150,839	    102,247</p>
<p>    Merger costs			     4,110</p>
<p>Item related to Ideon products</p>
<p>     abandoned and restructuring				(562)</p>
<p>INCOME BEFORE INCOME TAXES	    146,729	    102,809</p>
<p> NET INCOME				   89,526	     65,640</p>
<p>Net Income Per Common Share before</p>
<p>  One-Time Items (a)			  0.23		 0.16</p>
<p> Net Income Per Common Share		0.22		 0.17</p>
<p>Weighted Average Number of Common and</p>
<p>Dilutive Common Equivalent Shares</p>
<p>  Outstanding				414,728	    396,261</p>
<p>(a) Primarily represents investment banking fees. The previous year represents the abandonment of certain Ideon development efforts, and the restructuring of its SafeCard division.  </p>
<p> Year Ended January  31,		     1997		1996</p>
<p> TOTAL REVENUES			  2,347,655	  1,935,232</p>
<p> TOTAL EXPENSES			  1,891,469	  1,602,891</p>
<p>INCOME BEFORE INCOME TAXES &amp;</p>
<p>  ONE-TIME CHARGES (a)		   456,186	    332,341</p>
<p> Merger costs				179,945</p>
<p>Costs related to Ideon products</p>
<p>  abandoned and restructuring				  97,029</p>
<p> INCOME BEFORE INCOME TAXES	    276,241	    235,312</p>
<p> NET INCOME				  164,099	    144,975</p>
<p>Net Income Per Common Share before</p>
<p>  One-Time Charges (a)			0.70		 0.53</p>
<p> Net Income Per Common Share		0.41		 0.37</p>
<p>Weighted Average Number of Common and</p>
<p>Dilutive Common Equivalent Shares</p>
<p>  Outstanding				405,073	    392,244</p>
<p>(a) Represents costs incurred in conjunction with the</p>
<p>acquisitions of Davidson, Sierra and Ideon. The previous year represents costs related to the abandonment of certain Ideon development efforts and the restructuring of SafeCard.</p>
</text>
<copyright>(c) Reuters Limited 1997</copyright>
<metadata>
<codes class="bip:countries:1.0">
  <code code="USA">
    <editdetail attribution="Reuters BIP Coding Group" action="confirmed" date="1997-03-11"/>
  </code>
</codes>
<codes class="bip:industries:1.0">
  <code code="I83954">
    <editdetail attribution="Reuters BIP Coding Group" action="confirmed" date="1997-03-11"/>
  </code>
</codes>
<codes class="bip:topics:1.0">
  <code code="C15">
    <editdetail attribution="Reuters BIP Coding Group" action="confirmed" date="1997-03-11"/>
  </code>
  <code code="C151">
    <editdetail attribution="Reuters BIP Coding Group" action="confirmed" date="1997-03-11"/>
  </code>
  <code code="C1511">
    <editdetail attribution="Reuters BIP Coding Group" action="confirmed" date="1997-03-11"/>
  </code>
  <code code="CCAT">
    <editdetail attribution="Reuters BIP Coding Group" action="confirmed" date="1997-03-11"/>
  </code>
</codes>
<dc element="dc.date.created" value="1997-03-11"/>
<dc element="dc.publisher" value="Reuters Holdings Plc"/>
<dc element="dc.date.published" value="1997-03-11"/>
<dc element="dc.source" value="Reuters"/>
<dc element="dc.creator.location" value="STAMFORD, Conn."/>
<dc element="dc.creator.location.country.name" value="USA"/>
<dc element="dc.source" value="Reuters"/>
</metadata>
</newsitem>
