<?xml version="1.0" encoding="iso-8859-1" ?>
<newsitem itemid="432389" id="root" date="1997-03-11" xml:lang="en">
<title>USA: Fed seen on sidelines at usual intervention time.</title>
<headline>Fed seen on sidelines at usual intervention time.</headline>
<dateline>NEW YORK 1997-03-11</dateline>
<text>
<p>The Federal Reserve was expected to remain out of the banking system during its usual midmorning intervention period Tuesday, economists said.</p>
<p>The Fed injected reserves on Monday via a round of three-day fixed-system repurchase agreements and permanently added reserves through a coupon pass. Those actions were seen as adding an adequate amount of reserves for the Fed's current needs.</p>
<p>Federal funds were trading at the 5-1/4 percent target rate.</p>
<p>(( -- John P. Hughes, N.A. Treasury Desk, 212-859-1663 ))</p>
</text>
<copyright>(c) Reuters Limited 1997</copyright>
<metadata>
<codes class="bip:countries:1.0">
  <code code="USA">
    <editdetail attribution="Reuters BIP Coding Group" action="confirmed" date="1997-03-11"/>
  </code>
</codes>
<codes class="bip:topics:1.0">
  <code code="M13">
    <editdetail attribution="Reuters BIP Coding Group" action="confirmed" date="1997-03-11"/>
  </code>
  <code code="M131">
    <editdetail attribution="Reuters BIP Coding Group" action="confirmed" date="1997-03-11"/>
  </code>
  <code code="MCAT">
    <editdetail attribution="Reuters BIP Coding Group" action="confirmed" date="1997-03-11"/>
  </code>
</codes>
<dc element="dc.date.created" value="1997-03-11"/>
<dc element="dc.publisher" value="Reuters Holdings Plc"/>
<dc element="dc.date.published" value="1997-03-11"/>
<dc element="dc.source" value="Reuters"/>
<dc element="dc.creator.location" value="NEW YORK"/>
<dc element="dc.creator.location.country.name" value="USA"/>
<dc element="dc.source" value="Reuters"/>
</metadata>
</newsitem>
