<?xml version="1.0" encoding="iso-8859-1" ?>
<newsitem itemid="432340" id="root" date="1997-03-11" xml:lang="en">
<title>USA: Magellan upped stocks to 93.5 pct in Jan -Fidelity.</title>
<headline>Magellan upped stocks to 93.5 pct in Jan -Fidelity.</headline>
<dateline>BOSTON 1997-03-11</dateline>
<text>
<p>Fidelity Investments said its giant Magellan mutual fund increased the equities portion of its portfolio to 93.5 percent at January 31 from 89.6 percent at December 31.</p>
<p>Fidelity disclosed in the March issue of its monthly stock guide that bonds fell to 0.8 percent from 3.8 percent, while cash declined to 5.7 percent from 6.6 percent.</p>
<p>Fidelity said Magellan hiked the percentage of holdings in the technology sector to 14.6 percent from 13.7 percent. It also boosted the healthcare sector to 6.3 percent from 4.9 percent.</p>
</text>
<copyright>(c) Reuters Limited 1997</copyright>
<metadata>
<codes class="bip:countries:1.0">
  <code code="USA">
    <editdetail attribution="Reuters BIP Coding Group" action="confirmed" date="1997-03-11"/>
  </code>
</codes>
<codes class="bip:industries:1.0">
  <code code="I81502">
    <editdetail attribution="Reuters BIP Coding Group" action="confirmed" date="1997-03-11"/>
  </code>
</codes>
<codes class="bip:topics:1.0">
  <code code="C18">
    <editdetail attribution="Reuters BIP Coding Group" action="confirmed" date="1997-03-11"/>
  </code>
  <code code="C181">
    <editdetail attribution="Reuters BIP Coding Group" action="confirmed" date="1997-03-11"/>
  </code>
  <code code="CCAT">
    <editdetail attribution="Reuters BIP Coding Group" action="confirmed" date="1997-03-11"/>
  </code>
</codes>
<dc element="dc.date.created" value="1997-03-11"/>
<dc element="dc.publisher" value="Reuters Holdings Plc"/>
<dc element="dc.date.published" value="1997-03-11"/>
<dc element="dc.source" value="Reuters"/>
<dc element="dc.creator.location" value="BOSTON"/>
<dc element="dc.creator.location.country.name" value="USA"/>
<dc element="dc.source" value="Reuters"/>
</metadata>
</newsitem>
