<?xml version="1.0" encoding="iso-8859-1" ?>
<newsitem itemid="432357" id="root" date="1997-03-11" xml:lang="en">
<title>USA: Alumax forms office of chairman.</title>
<headline>Alumax forms office of chairman.</headline>
<dateline>NORCROSS, Ga. 1997-03-11</dateline>
<text>
<p>Alumax Inc said Tuesday its chairman and chief executive, Allen Born, has formed an Office of the Chairman with newly hired Thomas Johnston as executive vice president and the company's chief financial officer, Lawrence Frost.</p>
<p>Frost also was promoted to the additional post of executive vice president from senior vice president.</p>
<p>&quot;The Office of the Chairman will continue development of the forward-looking strategy that has resulted in the very successful direction of Alumax,&quot; Born said. </p>
<p>The company said Johnston will be responsible for all Alumax primary, semi-fabricating and fabricating operations while Frost will oversee all financial and administrative functions, including corporate planning, human resources, law, investor relations, and public affairs.</p>
<p>The Alumax International and Alumax Materials Management divisions will also report to Frost, the company said.</p>
<p>Johnston previously was chairman and chief executive of Aztec Mining Co, a subsidiary of Australia's Poseidon Gold Ltd.</p>
</text>
<copyright>(c) Reuters Limited 1997</copyright>
<metadata>
<codes class="bip:countries:1.0">
  <code code="USA">
    <editdetail attribution="Reuters BIP Coding Group" action="confirmed" date="1997-03-11"/>
  </code>
</codes>
<codes class="bip:industries:1.0">
  <code code="I22450">
    <editdetail attribution="Reuters BIP Coding Group" action="confirmed" date="1997-03-11"/>
  </code>
</codes>
<codes class="bip:topics:1.0">
  <code code="C41">
    <editdetail attribution="Reuters BIP Coding Group" action="confirmed" date="1997-03-11"/>
  </code>
  <code code="C411">
    <editdetail attribution="Reuters BIP Coding Group" action="confirmed" date="1997-03-11"/>
  </code>
  <code code="CCAT">
    <editdetail attribution="Reuters BIP Coding Group" action="confirmed" date="1997-03-11"/>
  </code>
</codes>
<dc element="dc.date.created" value="1997-03-11"/>
<dc element="dc.publisher" value="Reuters Holdings Plc"/>
<dc element="dc.date.published" value="1997-03-11"/>
<dc element="dc.source" value="Reuters"/>
<dc element="dc.creator.location" value="NORCROSS, Ga."/>
<dc element="dc.creator.location.country.name" value="USA"/>
<dc element="dc.source" value="Reuters"/>
</metadata>
</newsitem>
