<?xml version="1.0" encoding="iso-8859-1" ?>
<newsitem itemid="432367" id="root" date="1997-03-11" xml:lang="en">
<title>USA: Holiday RV Q1 shr $0.02 vs nil.</title>
<headline>Holiday RV Q1 shr $0.02 vs nil.</headline>
<dateline>ORLANDO, Fla. 1997-03-11</dateline>
<text>
<p>Holiday RV Superstores, Inc., 7851 Greenbriar Parkway, Orlando, Florida 32819 (407-363-9211), fax (407-363-2065).</p>
<p>			    HOLIDAY RV SUPERSTORES, INC.</p>
<p>				    Qtr Ended		   Qtr Ended</p>
<p>				 Jan 31, 1997		Jan 31, 1996</p>
<p> Total Revenue		$15,402,414		 $13,664,583</p>
<p> Operating Income		 516,869		     313,512</p>
<p> Net Income			 150,411			 7,749</p>
<p> Common Shares Outstanding  7,450,600		   7,512,000</p>
<p> Earnings Per Share		   .02			   .00</p>
<p>SOURCE  Holiday RV Superstores, Inc.</p>
<p>-- New York Newsdesk 212 859-1610</p>
</text>
<copyright>(c) Reuters Limited 1997</copyright>
<metadata>
<codes class="bip:countries:1.0">
  <code code="USA">
    <editdetail attribution="Reuters BIP Coding Group" action="confirmed" date="1997-03-11"/>
  </code>
</codes>
<codes class="bip:industries:1.0">
  <code code="I65400">
    <editdetail attribution="Reuters BIP Coding Group" action="confirmed" date="1997-03-11"/>
  </code>
</codes>
<codes class="bip:topics:1.0">
  <code code="C15">
    <editdetail attribution="Reuters BIP Coding Group" action="confirmed" date="1997-03-11"/>
  </code>
  <code code="C151">
    <editdetail attribution="Reuters BIP Coding Group" action="confirmed" date="1997-03-11"/>
  </code>
  <code code="CCAT">
    <editdetail attribution="Reuters BIP Coding Group" action="confirmed" date="1997-03-11"/>
  </code>
</codes>
<dc element="dc.date.created" value="1997-03-11"/>
<dc element="dc.publisher" value="Reuters Holdings Plc"/>
<dc element="dc.date.published" value="1997-03-11"/>
<dc element="dc.source" value="Reuters"/>
<dc element="dc.creator.location" value="ORLANDO, Fla."/>
<dc element="dc.creator.location.country.name" value="USA"/>
<dc element="dc.source" value="Reuters"/>
</metadata>
</newsitem>
