<?xml version="1.0" encoding="iso-8859-1" ?>
<newsitem itemid="432444" id="root" date="1997-03-11" xml:lang="en">
<title>USA: Sun touts entry into supercomputing market.</title>
<headline>Sun touts entry into supercomputing market.</headline>
<byline>Samuel Perry</byline>
<dateline>MOUNTAIN VIEW, Calif. 1997-03-10</dateline>
<text>
<p>Sun Microsystems Inc. will announce Tuesday its entry into the supercomputing systems market long dominated by Cray Research, which was acquired by Silicon Graphics Inc last year.</p>
<p>Sun executives said in interviews ahead of the Tuesday announcement that their new Sun Ultra HPC servers will offer up to 45 percent better price performance than SGI's Origin 2000 and International Business Machine Corp.'s RS6000 SP.</p>
<p>Industry analysts said the move could vault Sun into an aggressive new player in a market which has been disrupted over the last decade by new massively-parallel computers.</p>
<p>&quot;It's revolutionary for them,&quot; said Dataquest analyst Jerry Sheridan. &quot;It presents a competitive environment. SGI is a strong competitor in the technical arena.&quot;</p>
<p>The move comes as Silicon Graphics is in the midst of a massive overhaul of its entire product line, a process which has dampened its earnings as it strives to execute a strategy of moving into the commercial market, where Sun is strong.</p>
<p>Executives at Sun, which bought part of Cray's computing business from SGI as part of the SGI-Cray deal, said Tuesday's announcement was the first of a series of developments aimed at boosting Sun's share in the high performance computing market from virtually nothing last year.</p>
<p>Sun noted International Data Corp. projects the market for the world's most powerful computers, used for everything from nuclear weapons and environmental modelling to aerospace and automotive design, will hit $5.6 billion by the millenium.</p>
<p>&quot;We're leveraging into the markets where we've been traditionally successful -- that is the markets of the technical, engineering and scientific user,&quot; said Jamie Enns, manager of product marketing at Sun Microsystems Computer Co.</p>
<p>&quot;I'm not even sure we're on the radar screen right now,&quot; Enns said in an interview. But he projected the company could grow to become &quot;a significant component&quot; such as 10-15 percent of the market in the next 12-18 months.</p>
<p>Sun's ultimate objective is to have a stake similar to the estimated 30-50 percent of the market now held by Silicon Graphics, he said. &quot;This is a five year program.&quot;</p>
<p>&quot;I've spoken with (Sun Microsystems CEO) Scott McNealy and Scott wants it all,&quot; added Sheridan. &quot;They have the capability and the product to play in the marketplace and of course the technology is just one small piece of the puzzle.&quot;</p>
<p>To help lay the infrastructure for sales and support to the high calibre researchers who use supercomputers, Sun said it has established a High Performance Computing (HPC) consortium which will have a total of 15 members worldwide.</p>
<p>Founding members are Syracuse University, University of California at Berkeley, Massachusetts Institute of Technology, University of Tennessee, the University of Tokyo in Japan, the Germany's University of Cologne and CENAPAD-MGG/CO in Brazil.</p>
<p>Sun said its recent acquisitions of the former Cray Business Systems Division and the GlobalWorks division of Thinking Machines Corp. along with its own Sun Ultra HPC server line were important features of the new capabilities.</p>
<p>Enns said the core product is based on the Enerprise Server 3000 to ES 6000 line of products Sun introduced in April 1996 and adds supercomputing features using Symetric Multiprocessing (SMP) server architecture and Uniform Memory Access (UMA) design running parallel applications.</p>
<p>Sun said the U.S. list price for the systems will range from $43,745 to more than $2.5 million.</p>
<p>The 250 megahertz Sun Ultra HPC servers will be available immediately in six SMP configurations from the deskttop Sun Ultra HPC 2 to the supercomputer-class Sun Ultra HPC 10000 server. The machines scale from two to 64 processors and offer up to 64 gigabytes of memory and 20 terabytes of storage.</p>
<p>Sun said the top-end machine delivers more than 20 gigaflops of power -- a measure of supercomputing performance -- which it said was more than twice that of a fully-configured Digital Equipment Corp Alpha or a 32-processor Silicon Graphics Origin 2000.</p>
<p>(sam.perry@reuters.com, Palo Alto Bureau 415 846 5400)</p>
</text>
<copyright>(c) Reuters Limited 1997</copyright>
<metadata>
<codes class="bip:countries:1.0">
  <code code="USA">
    <editdetail attribution="Reuters BIP Coding Group" action="confirmed" date="1997-03-11"/>
  </code>
</codes>
<codes class="bip:industries:1.0">
  <code code="I33020">
    <editdetail attribution="Reuters BIP Coding Group" action="confirmed" date="1997-03-11"/>
  </code>
  <code code="I3302003">
    <editdetail attribution="Reuters BIP Coding Group" action="confirmed" date="1997-03-11"/>
  </code>
</codes>
<codes class="bip:topics:1.0">
  <code code="C22">
    <editdetail attribution="Reuters BIP Coding Group" action="confirmed" date="1997-03-11"/>
  </code>
  <code code="CCAT">
    <editdetail attribution="Reuters BIP Coding Group" action="confirmed" date="1997-03-11"/>
  </code>
</codes>
<dc element="dc.date.created" value="1997-03-10"/>
<dc element="dc.publisher" value="Reuters Holdings Plc"/>
<dc element="dc.date.published" value="1997-03-11"/>
<dc element="dc.source" value="Reuters"/>
<dc element="dc.creator.location" value="MOUNTAIN VIEW, Calif."/>
<dc element="dc.creator.location.country.name" value="USA"/>
<dc element="dc.source" value="Reuters"/>
</metadata>
</newsitem>
