<?xml version="1.0" encoding="iso-8859-1" ?>
<newsitem itemid="432427" id="root" date="1997-03-11" xml:lang="en">
<title>USA: Barrett Resources Q4 shr $0.41 vs $0.14.</title>
<headline>Barrett Resources Q4 shr $0.41 vs $0.14.</headline>
<dateline>DENVER 1997-03-11</dateline>
<text>
<p>BARRETT RESOURCES CORP</p>
<p>		    (in thousands, except per share data)</p>
<p>				    Three Months	  12 Months</p>
<p>				    1996    1995     1996	 1995</p>
<p> Revenues:		    66,519  35,339   202,572    128,016</p>
<p>Operating expenses:</p>
<p> Lease operating expense  13,615   9,108    47,642     34,525</p>
<p>Depreciation, depletion</p>
<p>  and amortization	  13,916   9,855    45,775     33,480</p>
<p> Cost of trading	    15,587   8,226    44,036     27,611</p>
<p>General and administrative</p>
<p>				   5,735   3,171    16,947     13,426</p>
<p> Interest expense		530   1,347     3,684	4,631</p>
<p> Other expenses		    -	20	   -	  588</p>
<p> Merger expense		    -     953	   -     14,161</p>
<p>				  49,383  32,680   158,084    128,422</p>
<p>Income for the period before</p>
<p>  income taxes		17,136   2,659    44,488	(406)</p>
<p>Provision for income taxes</p>
<p>				   4,569   (978)    14,962	1,834</p>
<p>Net income for the period</p>
<p>				  12,567   3,637    29,526    (2,240)</p>
<p>Net income per share and common</p>
<p> share equivalent	     0.41    0.14	1.02     (0.09)</p>
<p>Weighted average</p>
<p>common shares outstanding</p>
<p>		     30,651,000  25,187,000 28,820,000 24,931,000</p>
<p>NOTE: 1995 net loss includes one-time merger costs of $14.2 million.</p>
</text>
<copyright>(c) Reuters Limited 1997</copyright>
<metadata>
<codes class="bip:countries:1.0">
  <code code="USA">
    <editdetail attribution="Reuters BIP Coding Group" action="confirmed" date="1997-03-11"/>
  </code>
</codes>
<codes class="bip:industries:1.0">
  <code code="I13000">
    <editdetail attribution="Reuters BIP Coding Group" action="confirmed" date="1997-03-11"/>
  </code>
  <code code="I1300003">
    <editdetail attribution="Reuters BIP Coding Group" action="confirmed" date="1997-03-11"/>
  </code>
</codes>
<codes class="bip:topics:1.0">
  <code code="C15">
    <editdetail attribution="Reuters BIP Coding Group" action="confirmed" date="1997-03-11"/>
  </code>
  <code code="C151">
    <editdetail attribution="Reuters BIP Coding Group" action="confirmed" date="1997-03-11"/>
  </code>
  <code code="C1511">
    <editdetail attribution="Reuters BIP Coding Group" action="confirmed" date="1997-03-11"/>
  </code>
  <code code="CCAT">
    <editdetail attribution="Reuters BIP Coding Group" action="confirmed" date="1997-03-11"/>
  </code>
</codes>
<dc element="dc.date.created" value="1997-03-11"/>
<dc element="dc.publisher" value="Reuters Holdings Plc"/>
<dc element="dc.date.published" value="1997-03-11"/>
<dc element="dc.source" value="Reuters"/>
<dc element="dc.creator.location" value="DENVER"/>
<dc element="dc.creator.location.country.name" value="USA"/>
<dc element="dc.source" value="Reuters"/>
</metadata>
</newsitem>
