<?xml version="1.0" encoding="iso-8859-1" ?>
<newsitem itemid="432461" id="root" date="1997-03-11" xml:lang="en">
<title>USA: ALPINE SKIING-ALPHAND FASTEST IN FIRST DOWNHILL TRAINING RUN.</title>
<headline>ALPINE SKIING-ALPHAND FASTEST IN FIRST DOWNHILL TRAINING RUN.</headline>
<dateline>VAIL, Colo. 1997-03-11</dateline>
<text>
<p>Downhill ace Luc Alphand saw room for improvement but still managed to post the fastest time in the first training run on Tuesday for Wednesday's race at the World Cup Finals.</p>
<p>&quot;I made lots of mistakes on the bottom, but I have the best time so I must be doing something well,&quot; the Frenchman said after posting a time of one minute 39.94 seconds down the 2,704-metre course on Vail Mountain.</p>
<p>A scant one-hundredth of a second slower was Austrian Patrick Ortlieb who squeezed ahead of four other compatriots as the Austrian men gear up to wipe away their disappointment at the world championships in Sestriere.</p>
<p>Two-hundredths of a second behind Ortlieb was Josef Strobl, followed by Hannes Trinkl, Werner Franz and Roland Assinger. Italy's Kristian Ghedina was seventh fastest at 1:40.25.</p>
<p>Alphand has dominated the downhill season with four wins and has easily clinched the season title. But the Frenchman is focused to do well here as he moves closer to becoming the first speed specialist ever to claim the overall World Cup championship.</p>
<p>Alphand holds a 117-point lead over 1994 World Cup champion Kjetil Andre Aamodt of Norway.</p>
<p>All-rounder Aamodt, who will be competing in all four events here, was 10th fastest in the first downhill training run with a time of 1:40.52.</p>
</text>
<copyright>(c) Reuters Limited 1997</copyright>
<metadata>
<codes class="bip:countries:1.0">
  <code code="USA">
    <editdetail attribution="Reuters BIP Coding Group" action="confirmed" date="1997-03-11"/>
  </code>
</codes>
<codes class="bip:topics:1.0">
  <code code="GCAT">
    <editdetail attribution="Reuters BIP Coding Group" action="confirmed" date="1997-03-11"/>
  </code>
  <code code="GSPO">
    <editdetail attribution="Reuters BIP Coding Group" action="confirmed" date="1997-03-11"/>
  </code>
</codes>
<dc element="dc.date.created" value="1997-03-11"/>
<dc element="dc.publisher" value="Reuters Holdings Plc"/>
<dc element="dc.date.published" value="1997-03-11"/>
<dc element="dc.source" value="Reuters"/>
<dc element="dc.creator.location" value="VAIL, Colo."/>
<dc element="dc.creator.location.country.name" value="USA"/>
<dc element="dc.source" value="Reuters"/>
</metadata>
</newsitem>
