<?xml version="1.0" encoding="iso-8859-1" ?>
<newsitem itemid="432402" id="root" date="1997-03-11" xml:lang="en">
<title>USA: Darden to take charge, close some restaurants.</title>
<headline>Darden to take charge, close some restaurants.</headline>
<dateline>ORLANDO 1997-03-11</dateline>
<text>
<p>Darden Restaurants Inc Tuesday said it planned to take a $230 million pretax charge in the fourth quarter as part of a restructuring.</p>
<p>The company said the charge will be taken to write down certain restaurant operating assets to their net realizable value, and immediately close Darden's poorest performing restaurants in the U.S., including 24 Red Lobster and 12 Olive Garden restaurants.  This is in addition to the 10 Red Lobster and three Olive Garden restaurants that were closed in the third quarter.  </p>
<p>The charge would also provide for a change in the method of operating in Canada from all company-operated restaurants to franchising and for a writeoff of outdated equipment.</p>
<p>The company earlier reported sales in its fiscal third quarter ended February 23, 1997, rose to $800.8 million from $795.1 million a year ago.  Earnings after tax were $0.10 per share, compared with $0.22 a share a year ago.</p>
</text>
<copyright>(c) Reuters Limited 1997</copyright>
<metadata>
<codes class="bip:countries:1.0">
  <code code="USA">
    <editdetail attribution="Reuters BIP Coding Group" action="confirmed" date="1997-03-11"/>
  </code>
</codes>
<codes class="bip:industries:1.0">
  <code code="I66100">
    <editdetail attribution="Reuters BIP Coding Group" action="confirmed" date="1997-03-11"/>
  </code>
</codes>
<codes class="bip:topics:1.0">
  <code code="C15">
    <editdetail attribution="Reuters BIP Coding Group" action="confirmed" date="1997-03-11"/>
  </code>
  <code code="C151">
    <editdetail attribution="Reuters BIP Coding Group" action="confirmed" date="1997-03-11"/>
  </code>
  <code code="C24">
    <editdetail attribution="Reuters BIP Coding Group" action="confirmed" date="1997-03-11"/>
  </code>
  <code code="CCAT">
    <editdetail attribution="Reuters BIP Coding Group" action="confirmed" date="1997-03-11"/>
  </code>
</codes>
<dc element="dc.date.created" value="1997-03-11"/>
<dc element="dc.publisher" value="Reuters Holdings Plc"/>
<dc element="dc.date.published" value="1997-03-11"/>
<dc element="dc.source" value="Reuters"/>
<dc element="dc.creator.location" value="ORLANDO"/>
<dc element="dc.creator.location.country.name" value="USA"/>
<dc element="dc.source" value="Reuters"/>
</metadata>
</newsitem>
