<?xml version="1.0" encoding="iso-8859-1" ?>
<newsitem itemid="432445" id="root" date="1997-03-11" xml:lang="en">
<title>USA: Tessco sees Q4 shr below analyst forecasts.</title>
<headline>Tessco sees Q4 shr below analyst forecasts.</headline>
<dateline>SPARKS, Md. 1997-03-10</dateline>
<text>
<p>Tessco Technologies Inc on Monday it expected its fourth-quarter earnings to range between $0.10 to $0.15 per share, less than analysts' consensus estimate of $0.24.</p>
<p>The company said the expected shortfall reflected the termination of its relationship with Andrew Corp, which represented about 28 percent of fiscal 1996 sales.</p>
<p>&quot;Though we successfully converted a substantial portion of the Andrews business to competitive products and reduced Andrew profit contribution by almost two-thirds, we were unable to make a full transition,&quot; Chairman Robert Barnhill said.</p>
<p>He said the company ceased virtually all sales of Andrew products after January 1.</p>
<p>((New York newsdesk 212-859-1610))</p>
</text>
<copyright>(c) Reuters Limited 1997</copyright>
<metadata>
<codes class="bip:countries:1.0">
  <code code="USA">
    <editdetail attribution="Reuters BIP Coding Group" action="confirmed" date="1997-03-11"/>
  </code>
</codes>
<codes class="bip:industries:1.0">
  <code code="I61000">
    <editdetail attribution="Reuters BIP Coding Group" action="confirmed" date="1997-03-11"/>
  </code>
</codes>
<codes class="bip:topics:1.0">
  <code code="C15">
    <editdetail attribution="Reuters BIP Coding Group" action="confirmed" date="1997-03-11"/>
  </code>
  <code code="C152">
    <editdetail attribution="Reuters BIP Coding Group" action="confirmed" date="1997-03-11"/>
  </code>
  <code code="CCAT">
    <editdetail attribution="Reuters BIP Coding Group" action="confirmed" date="1997-03-11"/>
  </code>
</codes>
<dc element="dc.date.created" value="1997-03-10"/>
<dc element="dc.publisher" value="Reuters Holdings Plc"/>
<dc element="dc.date.published" value="1997-03-11"/>
<dc element="dc.source" value="Reuters"/>
<dc element="dc.creator.location" value="SPARKS, Md."/>
<dc element="dc.creator.location.country.name" value="USA"/>
<dc element="dc.source" value="Reuters"/>
</metadata>
</newsitem>
