<?xml version="1.0" encoding="iso-8859-1" ?>
<newsitem itemid="432431" id="root" date="1997-03-11" xml:lang="en">
<title>USA: 360 says rates, fraud costs to impact Q1.</title>
<headline>360 says rates, fraud costs to impact Q1.</headline>
<dateline>CHICAGO 1997-03-11</dateline>
<text>
<p>360 Communications Co said Tuesday its new roaming rates are expected to reduce operating revenues by $4-$5 million in the first quarter.</p>
<p>The company also said that as previously announced, it incurred cellular fraud losses mostly in December that were $6 million higher than its historical cellular fraud level of one percent of service revenues.</p>
<p>Although cellular fraud activity has declined each month since, it is expected to average about $3 million per month in the first quarter, 360 said.  </p>
<p>&quot;360 is experiencing robust customer growth and, as a result of that growth, our first quarter results will be affected by higher acquisition costs,&quot; said Dennis Foster, president and chief executive.</p>
<p>360, a wireless voice and data company, said it expects customer growth in the first quarter to exceed its customer gain of 94,000 during the first quarter of 1996.</p>
<p>The company is to report first-quarter results April 15.</p>
</text>
<copyright>(c) Reuters Limited 1997</copyright>
<metadata>
<codes class="bip:countries:1.0">
  <code code="USA">
    <editdetail attribution="Reuters BIP Coding Group" action="confirmed" date="1997-03-11"/>
  </code>
</codes>
<codes class="bip:industries:1.0">
  <code code="I79020">
    <editdetail attribution="Reuters BIP Coding Group" action="confirmed" date="1997-03-11"/>
  </code>
</codes>
<codes class="bip:topics:1.0">
  <code code="C12">
    <editdetail attribution="Reuters BIP Coding Group" action="confirmed" date="1997-03-11"/>
  </code>
  <code code="C15">
    <editdetail attribution="Reuters BIP Coding Group" action="confirmed" date="1997-03-11"/>
  </code>
  <code code="C152">
    <editdetail attribution="Reuters BIP Coding Group" action="confirmed" date="1997-03-11"/>
  </code>
  <code code="CCAT">
    <editdetail attribution="Reuters BIP Coding Group" action="confirmed" date="1997-03-11"/>
  </code>
  <code code="GCAT">
    <editdetail attribution="Reuters BIP Coding Group" action="confirmed" date="1997-03-11"/>
  </code>
  <code code="GCRIM">
    <editdetail attribution="Reuters BIP Coding Group" action="confirmed" date="1997-03-11"/>
  </code>
</codes>
<dc element="dc.date.created" value="1997-03-11"/>
<dc element="dc.publisher" value="Reuters Holdings Plc"/>
<dc element="dc.date.published" value="1997-03-11"/>
<dc element="dc.source" value="Reuters"/>
<dc element="dc.creator.location" value="CHICAGO"/>
<dc element="dc.creator.location.country.name" value="USA"/>
<dc element="dc.source" value="Reuters"/>
</metadata>
</newsitem>
