<?xml version="1.0" encoding="iso-8859-1" ?>
<newsitem itemid="432437" id="root" date="1997-03-11" xml:lang="en">
<title>USA: Great Atlantic Q4 earnings summary.</title>
<headline>Great Atlantic Q4 earnings summary.</headline>
<dateline>MONTVALE, N.J. 1997-03-10</dateline>
<text>
<p>1997			1996</p>
<p> Shr		 $0.60		    $0.67</p>
<p> Net		 23,068		   25,555</p>
<p> Sales	     2,347,711		2,331,074</p>
<p> Avg shrs	  38,308		   38,220</p>
<p>	  12 MONTHS</p>
<p> Shr		 $1.91		    $1.50</p>
<p> Net		 73,032		   57,224</p>
<p> Sales	     10,089,014	     10,101,356</p>
<p> Avg shrs	  38,288		   38,222</p>
<p>(All data above 000s except per share numbers)</p>
<p>Full company name is Great Atlantic &amp; Pacific Tea Co INc</p>
</text>
<copyright>(c) Reuters Limited 1997</copyright>
<metadata>
<codes class="bip:countries:1.0">
  <code code="USA">
    <editdetail attribution="Reuters BIP Coding Group" action="confirmed" date="1997-03-11"/>
  </code>
</codes>
<codes class="bip:industries:1.0">
  <code code="I64100">
    <editdetail attribution="Reuters BIP Coding Group" action="confirmed" date="1997-03-11"/>
  </code>
</codes>
<codes class="bip:topics:1.0">
  <code code="C15">
    <editdetail attribution="Reuters BIP Coding Group" action="confirmed" date="1997-03-11"/>
  </code>
  <code code="C151">
    <editdetail attribution="Reuters BIP Coding Group" action="confirmed" date="1997-03-11"/>
  </code>
  <code code="C1511">
    <editdetail attribution="Reuters BIP Coding Group" action="confirmed" date="1997-03-11"/>
  </code>
  <code code="CCAT">
    <editdetail attribution="Reuters BIP Coding Group" action="confirmed" date="1997-03-11"/>
  </code>
</codes>
<dc element="dc.date.created" value="1997-03-10"/>
<dc element="dc.publisher" value="Reuters Holdings Plc"/>
<dc element="dc.date.published" value="1997-03-11"/>
<dc element="dc.source" value="Reuters"/>
<dc element="dc.creator.location" value="MONTVALE, N.J."/>
<dc element="dc.creator.location.country.name" value="USA"/>
<dc element="dc.source" value="Reuters"/>
</metadata>
</newsitem>
