<?xml version="1.0" encoding="iso-8859-1" ?>
<newsitem itemid="432443" id="root" date="1997-03-11" xml:lang="en">
<title>USA: Tessco sees fiscal 1997 sales, profit up.</title>
<headline>Tessco sees fiscal 1997 sales, profit up.</headline>
<dateline>SPARKS, Md. 1997-03-10</dateline>
<text>
<p>Tessco Technologies Inc on Monday said it expected 1997 sales and gross profit to be up 60 percent, with operating income exceeding the prior year's results by almost 30 percent.</p>
<p>It said it expected fourth-quarter earnings of between $0.10 and $0.15 per share, below analysts estimates of $0.24 per share, because of the termination of its relationship with Andrew Corp.</p>
<p>But it said it still believed fiscal 1997 would be a successful year, as sales and profitability was on track at its other business segments.</p>
<p>((New York newsdesk 212-859-1610</p>
</text>
<copyright>(c) Reuters Limited 1997</copyright>
<metadata>
<codes class="bip:countries:1.0">
  <code code="USA">
    <editdetail attribution="Reuters BIP Coding Group" action="confirmed" date="1997-03-11"/>
  </code>
</codes>
<codes class="bip:industries:1.0">
  <code code="I61000">
    <editdetail attribution="Reuters BIP Coding Group" action="confirmed" date="1997-03-11"/>
  </code>
</codes>
<codes class="bip:topics:1.0">
  <code code="C15">
    <editdetail attribution="Reuters BIP Coding Group" action="confirmed" date="1997-03-11"/>
  </code>
  <code code="C152">
    <editdetail attribution="Reuters BIP Coding Group" action="confirmed" date="1997-03-11"/>
  </code>
  <code code="CCAT">
    <editdetail attribution="Reuters BIP Coding Group" action="confirmed" date="1997-03-11"/>
  </code>
</codes>
<dc element="dc.date.created" value="1997-03-10"/>
<dc element="dc.publisher" value="Reuters Holdings Plc"/>
<dc element="dc.date.published" value="1997-03-11"/>
<dc element="dc.source" value="Reuters"/>
<dc element="dc.creator.location" value="SPARKS, Md."/>
<dc element="dc.creator.location.country.name" value="USA"/>
<dc element="dc.source" value="Reuters"/>
</metadata>
</newsitem>
