<?xml version="1.0" encoding="iso-8859-1" ?>
<newsitem itemid="432487" id="root" date="1997-03-11" xml:lang="en">
<title>UK: SOCCER-LEICESTER HIT BACK TO REACH LEAGUE CUP FINAL.</title>
<headline>SOCCER-LEICESTER HIT BACK TO REACH LEAGUE CUP FINAL.</headline>
<dateline>LONDON 1997-03-11</dateline>
<text>
<p>Leicester City made up for the disappointment of a recent F.A. Cup exit to a controversial penalty by reaching the League Cup final on Tuesday.</p>
<p>Leicester beat Wimbledon on the away goals rule with a 1-1 draw in their semifinal second leg after the two teams had fought a 0-0 draw in the first leg.</p>
<p>The result ended Wimbledon's hopes of appearing in both English cup finals, the London club having already reached the F.A. Cup semifinals.</p>
<p>Leicester, ousted 1-0 at Chelsea in a fifth round F.A. Cup replay after a disputed penalty, came from behind to secure success over Wimbledon.</p>
<p>Wimbledon seized the initiative after 23 minutes.  Leicester defender Julian Watts miscued an attempted clearance on the left, Marcus Gayle took possession, sped forward and unleashed a fierce shot which beat American goalkeeper Kasey Keller.</p>
<p>But Leicester equalised eight minutes into the second half from a free-kick on the right, Simon Grayson rising at the far post to head home what proved to be the crucial goal.</p>
<p>Leicester clung on to their slender advantage through extra time, Gary Parker twice clearing off the line from successive Wimbledon corners in the last three minutes.</p>
<p>Leicester's opponents in the Wembley final will be decided by Wednesday's semifinal second leg in which Middlesbrough start with a 2-0 lead over Stockport.</p>
<p>Struggling premier league Nottingham Forest, with new three million pounds ($4.8 million) Dutch striker Pierre van Hooydonk in their side, drew 1-1 at Blackburn in the night's only league clash.</p>
<p>Van Hooydonk, sold by Celtic on Monday, could not mark his debut with a goal but it was another foreigner, Norwegian midfielder Alf-Inge Haaland, who thrust Forest ahead with an 18th minute strike.</p>
<p>Blackburn salvaged a point when Kevin Gallacher equalised after 64 minutes.</p>
</text>
<copyright>(c) Reuters Limited 1997</copyright>
<metadata>
<codes class="bip:countries:1.0">
  <code code="UK">
    <editdetail attribution="Reuters BIP Coding Group" action="confirmed" date="1997-03-11"/>
  </code>
</codes>
<codes class="bip:topics:1.0">
  <code code="GCAT">
    <editdetail attribution="Reuters BIP Coding Group" action="confirmed" date="1997-03-11"/>
  </code>
  <code code="GSPO">
    <editdetail attribution="Reuters BIP Coding Group" action="confirmed" date="1997-03-11"/>
  </code>
</codes>
<dc element="dc.date.created" value="1997-03-11"/>
<dc element="dc.publisher" value="Reuters Holdings Plc"/>
<dc element="dc.date.published" value="1997-03-11"/>
<dc element="dc.source" value="Reuters"/>
<dc element="dc.creator.location" value="LONDON"/>
<dc element="dc.creator.location.country.name" value="UK"/>
<dc element="dc.source" value="Reuters"/>
</metadata>
</newsitem>
