<?xml version="1.0" encoding="iso-8859-1" ?>
<newsitem itemid="432466" id="root" date="1997-03-11" xml:lang="en">
<title>UK: RUGBY UNION-HEALY REPLACES GOMARSALL IN ENGLAND TEAM.</title>
<headline>RUGBY UNION-HEALY REPLACES GOMARSALL IN ENGLAND TEAM.</headline>
<dateline>LONDON 1997-03-11</dateline>
<text>
<p>Austin Healy has replaced Andy Gomarsall at scrum-half for England's final Five Nations' championship match against Wales in Cardiff on Saturday.</p>
<p>Healy was the only change announced on Tuesday to the side who lost 23-20 to France on March 1. Gomarsall has clearly been blamed for his indifferent decision making in the crucial final 20 minutes when France recovered from 20-6 to win an emotional victory.</p>
<p>Healy gave a sparkling display after coming on to the field late in the match against Ireland.</p>
<p>&quot;What Austin has more than anything is sheer pace,&quot; England coach Jack Rowell said. &quot;We brought him on against Ireland a couple of matches ago and he settled in very well so we're hoping for good things.&quot;</p>
<p>Healy said: &quot;It's been a long time coming and I've been working really hard at Leicester and at (former club) Orrell. It hasn't just started this year. It started last year when Orrell gave me the chance to play scrum-half.</p>
<p>&quot;I played scrum-half all the way through my school days and then I moved to the wing for two years...but I'm a bit too greedy to play on the wing. I need the ball in my hands a bit too often.&quot;</p>
<p>Fly-half Paul Grayson has been selected subject to a fitness test with Mike Catt slotted to take his place if a torn hip muscle does not repair in time.</p>
<p>England - Tim Stimpson; Jon Sleightholme, Will Carling, Phil de Glanville (captain), Tony Underwood; Paul Grayson, Austin Healy; Tim Rodber, Lawrence Dallaglio, Richard Hill, Martin Johnson, Simon Shaw, Graham Rowntree, Mark Regan, Jason Leonard.</p>
</text>
<copyright>(c) Reuters Limited 1997</copyright>
<metadata>
<codes class="bip:countries:1.0">
  <code code="UK">
    <editdetail attribution="Reuters BIP Coding Group" action="confirmed" date="1997-03-11"/>
  </code>
</codes>
<codes class="bip:topics:1.0">
  <code code="GCAT">
    <editdetail attribution="Reuters BIP Coding Group" action="confirmed" date="1997-03-11"/>
  </code>
  <code code="GSPO">
    <editdetail attribution="Reuters BIP Coding Group" action="confirmed" date="1997-03-11"/>
  </code>
</codes>
<dc element="dc.date.created" value="1997-03-11"/>
<dc element="dc.publisher" value="Reuters Holdings Plc"/>
<dc element="dc.date.published" value="1997-03-11"/>
<dc element="dc.source" value="Reuters"/>
<dc element="dc.creator.location" value="LONDON"/>
<dc element="dc.creator.location.country.name" value="UK"/>
<dc element="dc.source" value="Reuters"/>
</metadata>
</newsitem>
