<?xml version="1.0" encoding="iso-8859-1" ?>
<newsitem itemid="432436" id="root" date="1997-03-11" xml:lang="en">
<title>USA: Borders Group Inc Q4 sales, share rise.</title>
<headline>Borders Group Inc Q4 sales, share rise.</headline>
<dateline>ANN ARBOR, Mich. 1997-03-11</dateline>
<text>
<p>(dollars in millions, except per share amounts)</p>
<p>		Quarter Ended	   Jan. 26    Jan. 28	  %</p>
<p>					     1997	  1996    Change</p>
<p> Borders				  $342.3     $261.7     30.8%</p>
<p> Waldenbooks			     379.8	397.1    (4.4%)</p>
<p> Planet Music				4.9	 10.7   (54.2%)</p>
<p>     Total Sales			 727.0	669.5	8.6%</p>
<p>Cost of goods sold, incl occupancy</p>
<p>					     496.2	465.7	6.5%</p>
<p>	Gross Margin		     230.8	203.8     13.2%</p>
<p>Selling, general &amp; admin. expenses</p>
<p>					     115.3	110.8	4.1%</p>
<p> Pre-opening expense		     3.4	  4.0   (15.0%)</p>
<p> Goodwill amortization		   0.3	  0.6   (50.0%)</p>
<p> Goodwill write down			 -	 19.8  (100.0%)</p>
<p>Operating loss, stores</p>
<p>  identified for closure		   -	(0.6)  (100.0%)</p>
<p> FAS 121					 -	 63.1  (100.0%)</p>
<p> Operating Income (loss)	     111.8	  6.1   1732.8%</p>
<p> Interest				    1.7	  2.5   (32.0%)</p>
<p>	Income (loss) before taxes   110.1	  3.6   2958.3%</p>
<p> Income taxes			     43.8	 16.2    170.4%</p>
<p>	Net Income (Loss)		 66.3    ( 12.6)  (626.2%)</p>
<p> EPS					  1.63    ( 0.32)</p>
<p> EPS (after 2-for-1 stock split)    0.82    ( 0.16)</p>
<p>Net Income excl non-recurring</p>
<p>charges (net of tax)</p>
<p>    Goodwill write-down		    -	 19.8</p>
<p> FAS 121 (net)				 -	 44.6</p>
<p>Net Income excl non-recurring</p>
<p>     charges (net of tax)	     66.3	 51.8     28.0%</p>
<p> EPS excl non-recurring charges     1.63	 1.33     22.6%</p>
<p>EPS excl non-recurring charges</p>
<p>  (after 2-for-1 stock split)	 0.82	 0.66     22.6%</p>
<p>Weighted Avg. Common Shares</p>
<p>  (000's)				 40,561     39,047</p>
<p>Weighted Avg. Common Shares (000's)</p>
<p>  (after 2-for-1 stock split)     81,122     78,094</p>
<p>	     Year Ended		Jan. 26     Jan. 28	  %</p>
<p>					     1997	  1996    Change</p>
<p> Borders				  $958.1     $683.5     40.2%</p>
<p> Waldenbooks			     979.7    1,031.5    (5.0%)</p>
<p> Planet Music			     21.0	 34.0   (38.2%)</p>
<p>     Total Sales		     1,958.8    1,749.0     12.0%</p>
<p>Cost of goods sold, incl occupancy</p>
<p>					   1,437.8    1,302.3     10.4%</p>
<p>	Gross Margin		     521.0	446.7     16.6%</p>
<p>Selling, general &amp; admin. expenses</p>
<p>					     409.6	374.5	9.4%</p>
<p> Pre-opening expense		     7.2	  7.3    (1.4%)</p>
<p> Goodwill amortization		   1.1	  3.7   (70.3%)</p>
<p> Goodwill write down			 -	201.8  (100.0%)</p>
<p>Operating loss, stores</p>
<p>  identified for closure		   -	(3.3)  (100.0%)</p>
<p> FAS 121					 -	 63.1  (100.0%)</p>
<p> Operating Income (loss)	     103.1    (200.4)  (151.4%)</p>
<p> Interest				    7.0	  4.6     52.2%</p>
<p>	Income (loss) before taxes    96.1    (205.0)  (146.9%)</p>
<p> Income taxes			     38.2	  6.1    526.2%</p>
<p>	Net Income (Loss)		 57.9   ( 211.1)  (127.4%)</p>
<p> EPS					  1.40    ( 5.06)</p>
<p> EPS (after 2-for-1 stock split)    0.70    ( 2.53)</p>
<p>Net Income excl non-recurring</p>
<p>charges (net of tax)</p>
<p>    Goodwill write-down		    -	201.8</p>
<p> FAS 121 (net)				 -	 44.6</p>
<p>Net Income excl non-recurring</p>
<p>     charges (net of tax)	     57.9	 35.3     64.0%</p>
<p> EPS excl non-recurring charges     1.40	 0.85     64.7%</p>
<p>EPS excl non-recurring charges</p>
<p>  (after 2-for-1 stock split)	 0.70	 0.42     64.7%</p>
<p>Weighted Avg. Common Shares</p>
<p>  (000's)				 41,277     41,679</p>
<p>Weighted Avg. Common Shares (000's)</p>
<p>  (after 2-for-1 stock split)     82,554     83,358</p>
</text>
<copyright>(c) Reuters Limited 1997</copyright>
<metadata>
<codes class="bip:countries:1.0">
  <code code="USA">
    <editdetail attribution="Reuters BIP Coding Group" action="confirmed" date="1997-03-11"/>
  </code>
</codes>
<codes class="bip:industries:1.0">
  <code code="I65300">
    <editdetail attribution="Reuters BIP Coding Group" action="confirmed" date="1997-03-11"/>
  </code>
</codes>
<codes class="bip:topics:1.0">
  <code code="C15">
    <editdetail attribution="Reuters BIP Coding Group" action="confirmed" date="1997-03-11"/>
  </code>
  <code code="C151">
    <editdetail attribution="Reuters BIP Coding Group" action="confirmed" date="1997-03-11"/>
  </code>
  <code code="C1511">
    <editdetail attribution="Reuters BIP Coding Group" action="confirmed" date="1997-03-11"/>
  </code>
  <code code="C31">
    <editdetail attribution="Reuters BIP Coding Group" action="confirmed" date="1997-03-11"/>
  </code>
  <code code="CCAT">
    <editdetail attribution="Reuters BIP Coding Group" action="confirmed" date="1997-03-11"/>
  </code>
</codes>
<dc element="dc.date.created" value="1997-03-11"/>
<dc element="dc.publisher" value="Reuters Holdings Plc"/>
<dc element="dc.date.published" value="1997-03-11"/>
<dc element="dc.source" value="Reuters"/>
<dc element="dc.creator.location" value="ANN ARBOR, Mich."/>
<dc element="dc.creator.location.country.name" value="USA"/>
<dc element="dc.source" value="Reuters"/>
</metadata>
</newsitem>
