<?xml version="1.0" encoding="iso-8859-1" ?>
<newsitem itemid="432435" id="root" date="1997-03-11" xml:lang="en">
<title>USA: Borders Group reiterates 97 EPS of $1.80.</title>
<headline>Borders Group reiterates 97 EPS of $1.80.</headline>
<dateline>ANN ARBOR, Michigan 1997-03-11</dateline>
<text>
<p>Borders Group Inc said Tuesday it is reiterating its earnings guidance for 1997 of $1.80 per share, or $0.90 per share after giving effect to a 2-for-1 stock split set earlier this year.</p>
<p>Wall Street is expecting the company to report earnings of $1.80 for the next fiscal year, according to First Call consensus estimates.</p>
<p>Earlier Tuesday the company reported fourth quarter earnings of $0.82 per share on sales of $727.0 million, compared to earnings of $0.66 per share on sales of $669.5 million in the year-ago period.</p>
</text>
<copyright>(c) Reuters Limited 1997</copyright>
<metadata>
<codes class="bip:countries:1.0">
  <code code="USA">
    <editdetail attribution="Reuters BIP Coding Group" action="confirmed" date="1997-03-11"/>
  </code>
</codes>
<codes class="bip:industries:1.0">
  <code code="I65300">
    <editdetail attribution="Reuters BIP Coding Group" action="confirmed" date="1997-03-11"/>
  </code>
</codes>
<codes class="bip:topics:1.0">
  <code code="C15">
    <editdetail attribution="Reuters BIP Coding Group" action="confirmed" date="1997-03-11"/>
  </code>
  <code code="C151">
    <editdetail attribution="Reuters BIP Coding Group" action="confirmed" date="1997-03-11"/>
  </code>
  <code code="CCAT">
    <editdetail attribution="Reuters BIP Coding Group" action="confirmed" date="1997-03-11"/>
  </code>
</codes>
<dc element="dc.date.created" value="1997-03-11"/>
<dc element="dc.publisher" value="Reuters Holdings Plc"/>
<dc element="dc.date.published" value="1997-03-11"/>
<dc element="dc.source" value="Reuters"/>
<dc element="dc.creator.location" value="ANN ARBOR, Michigan"/>
<dc element="dc.creator.location.country.name" value="USA"/>
<dc element="dc.source" value="Reuters"/>
</metadata>
</newsitem>
