<?xml version="1.0" encoding="iso-8859-1" ?>
<newsitem itemid="432457" id="root" date="1997-03-11" xml:lang="en">
<title>SPAIN: SOCCER-GIL THREATENS TO WITHDRAW ATLETICO FROM CUP.</title>
<headline>SOCCER-GIL THREATENS TO WITHDRAW ATLETICO FROM CUP.</headline>
<dateline>MADRID 1997-03-11</dateline>
<text>
<p>Atletico Madrid owner Jesus Gil has suspended his team's trip to Barcelona for Wednesday's Spanish Cup quarter-final in a row over player bans.</p>
<p>Gil is to decide in the hours before the game whether to withdraw the club from the competition in protest at the suspension of three key players for incidents in Sunday's 3-2 league defeat at Real Betis.</p>
<p>&quot;They want to humiliate Atletico. I am prepared to suffer the punishment,&quot; said Gil, whose team could be banned from next year's competition and face a heavy fine.</p>
<p>Atletico are appealing gainst the bans imposed by the Spanish Football Federation's disciplinary committee on Tuesday.</p>
<p>The appeal, to be heard on Wednesday morning, will determine whether or not Juan Eduardo Esnaider, Diego Simeone and Delfi Geli will be able to play in the Cup clash.</p>
<p>The outspoken Atletico supremo had already threatened to create problems if the decisions went against his club, and his move is being interpreted as a way of pressurising the appeal committee.</p>
<p>Argentine internationals Esnaider and Simeone each face two-match bans, while defender Geli will miss one game.</p>
<p>Esnaider's punishment came for trying to head-butt an opponent, while Simeone and Geli were suspended for insulting the referee after the final whistle.</p>
<p>But coach Radomir Antic, who was also accused of insulting match officials, escaped without punishment.</p>
</text>
<copyright>(c) Reuters Limited 1997</copyright>
<metadata>
<codes class="bip:countries:1.0">
  <code code="SPAIN">
    <editdetail attribution="Reuters BIP Coding Group" action="confirmed" date="1997-03-11"/>
  </code>
</codes>
<codes class="bip:topics:1.0">
  <code code="GCAT">
    <editdetail attribution="Reuters BIP Coding Group" action="confirmed" date="1997-03-11"/>
  </code>
  <code code="GSPO">
    <editdetail attribution="Reuters BIP Coding Group" action="confirmed" date="1997-03-11"/>
  </code>
</codes>
<dc element="dc.date.created" value="1997-03-11"/>
<dc element="dc.publisher" value="Reuters Holdings Plc"/>
<dc element="dc.date.published" value="1997-03-11"/>
<dc element="dc.source" value="Reuters"/>
<dc element="dc.creator.location" value="MADRID"/>
<dc element="dc.creator.location.country.name" value="SPAIN"/>
<dc element="dc.source" value="Reuters"/>
</metadata>
</newsitem>
