<?xml version="1.0" encoding="iso-8859-1" ?>
<newsitem itemid="432410" id="root" date="1997-03-11" xml:lang="en">
<title>USA: US WATS names Chris Shannon CFO.</title>
<headline>US WATS names Chris Shannon CFO.</headline>
<dateline>BALA CYNWYD, Pa. 1997-03-11</dateline>
<text>
<p>US WATS Inc said Tuesday it appointed Mark Mendes as its chief operating officer, and Chris Shannon as its chief financial officer.</p>
<p>Prior to joining US WATS, Mendes served as vice president, service and technology for ACCESS Teleconferencing International.</p>
<p>Shannon was formerly director of business development for Teleglobe International.</p>
</text>
<copyright>(c) Reuters Limited 1997</copyright>
<metadata>
<codes class="bip:countries:1.0">
  <code code="USA">
    <editdetail attribution="Reuters BIP Coding Group" action="confirmed" date="1997-03-11"/>
  </code>
</codes>
<codes class="bip:industries:1.0">
  <code code="I33030">
    <editdetail attribution="Reuters BIP Coding Group" action="confirmed" date="1997-03-11"/>
  </code>
  <code code="I79020">
    <editdetail attribution="Reuters BIP Coding Group" action="confirmed" date="1997-03-11"/>
  </code>
</codes>
<codes class="bip:topics:1.0">
  <code code="C41">
    <editdetail attribution="Reuters BIP Coding Group" action="confirmed" date="1997-03-11"/>
  </code>
  <code code="C411">
    <editdetail attribution="Reuters BIP Coding Group" action="confirmed" date="1997-03-11"/>
  </code>
  <code code="CCAT">
    <editdetail attribution="Reuters BIP Coding Group" action="confirmed" date="1997-03-11"/>
  </code>
</codes>
<dc element="dc.date.created" value="1997-03-11"/>
<dc element="dc.publisher" value="Reuters Holdings Plc"/>
<dc element="dc.date.published" value="1997-03-11"/>
<dc element="dc.source" value="Reuters"/>
<dc element="dc.creator.location" value="BALA CYNWYD, Pa."/>
<dc element="dc.creator.location.country.name" value="USA"/>
<dc element="dc.source" value="Reuters"/>
</metadata>
</newsitem>
