<?xml version="1.0" encoding="iso-8859-1" ?>
<newsitem itemid="432426" id="root" date="1997-03-11" xml:lang="en">
<title>USA: Supreme Intl sees record Q1, year.</title>
<headline>Supreme Intl sees record Q1, year.</headline>
<dateline>MIAMI 1997-03-11</dateline>
<text>
<p>Supreme International Corp expects a record performance in the fiscal 1998 first quarter and full year, President and Chief Operating Officer Oscar Feldenkreis said Tuesday.</p>
<p>So far, results for the first quarter, begun February 1, are in line with expectations, he said.</p>
<p>He did not specify whether the expectations were analysts' or the company's. Officials at the company were not available for comment.</p>
</text>
<copyright>(c) Reuters Limited 1997</copyright>
<metadata>
<codes class="bip:countries:1.0">
  <code code="USA">
    <editdetail attribution="Reuters BIP Coding Group" action="confirmed" date="1997-03-11"/>
  </code>
</codes>
<codes class="bip:industries:1.0">
  <code code="I45300">
    <editdetail attribution="Reuters BIP Coding Group" action="confirmed" date="1997-03-11"/>
  </code>
</codes>
<codes class="bip:topics:1.0">
  <code code="C15">
    <editdetail attribution="Reuters BIP Coding Group" action="confirmed" date="1997-03-11"/>
  </code>
  <code code="C152">
    <editdetail attribution="Reuters BIP Coding Group" action="confirmed" date="1997-03-11"/>
  </code>
  <code code="CCAT">
    <editdetail attribution="Reuters BIP Coding Group" action="confirmed" date="1997-03-11"/>
  </code>
</codes>
<dc element="dc.date.created" value="1997-03-11"/>
<dc element="dc.publisher" value="Reuters Holdings Plc"/>
<dc element="dc.date.published" value="1997-03-11"/>
<dc element="dc.source" value="Reuters"/>
<dc element="dc.creator.location" value="MIAMI"/>
<dc element="dc.creator.location.country.name" value="USA"/>
<dc element="dc.source" value="Reuters"/>
</metadata>
</newsitem>
