<?xml version="1.0" encoding="iso-8859-1" ?>
<newsitem itemid="432428" id="root" date="1997-03-11" xml:lang="en">
<title>USA: Decor Group names D'Amore president.</title>
<headline>Decor Group names D'Amore president.</headline>
<dateline>MOUNT VERNON, N.Y. 1997-03-10</dateline>
<text>
<p>Decor Group Inc said Monday it has appointed Dennis D'Amore to the position of president.  D'Amore formerly held senior level positions with WaterJet Corp, Omniverse Inc and manufacturing divisions at Beatrice Foods and Philips Industries.</p>
<p>The company said Donald Feldman will no longer serve as Decor's president.</p>
<p>Decor also said that Donald Graves has been named vice president-sales &amp; marketing for Artisan House Inc, a subsidiary.</p>
</text>
<copyright>(c) Reuters Limited 1997</copyright>
<metadata>
<codes class="bip:countries:1.0">
  <code code="USA">
    <editdetail attribution="Reuters BIP Coding Group" action="confirmed" date="1997-03-11"/>
  </code>
</codes>
<codes class="bip:topics:1.0">
  <code code="C41">
    <editdetail attribution="Reuters BIP Coding Group" action="confirmed" date="1997-03-11"/>
  </code>
  <code code="C411">
    <editdetail attribution="Reuters BIP Coding Group" action="confirmed" date="1997-03-11"/>
  </code>
  <code code="CCAT">
    <editdetail attribution="Reuters BIP Coding Group" action="confirmed" date="1997-03-11"/>
  </code>
</codes>
<dc element="dc.date.created" value="1997-03-10"/>
<dc element="dc.publisher" value="Reuters Holdings Plc"/>
<dc element="dc.date.published" value="1997-03-11"/>
<dc element="dc.source" value="Reuters"/>
<dc element="dc.creator.location" value="MOUNT VERNON, N.Y."/>
<dc element="dc.creator.location.country.name" value="USA"/>
<dc element="dc.source" value="Reuters"/>
</metadata>
</newsitem>
