<?xml version="1.0" encoding="iso-8859-1" ?>
<newsitem itemid="432438" id="root" date="1997-03-11" xml:lang="en">
<title>USA: Kellogg seeks to sweeten cereal sales - paper.</title>
<headline>Kellogg seeks to sweeten cereal sales - paper.</headline>
<dateline>NEW YORK 1997-03-11</dateline>
<text>
<p>Kellogg Co is expected to announce today the first brand extension of its top-selling frosted cereal - Cocoa Frosted Flakes, USA Today said Tuesday.</p>
<p>The report said the new cereal, which will be fat-free and cholesterol-free, should be in stores in late April and will sell for about $2.99 for a 16.1-ounce box.</p>
<p>The move comes after the cereal industry saw domestic revenues from supermarket sales fall six percent to $7.5 billion last year, the paper said.</p>
<p>((-- New York newsdesk 212-859-1610))</p>
</text>
<copyright>(c) Reuters Limited 1997</copyright>
<metadata>
<codes class="bip:countries:1.0">
  <code code="USA">
    <editdetail attribution="Reuters BIP Coding Group" action="confirmed" date="1997-03-11"/>
  </code>
</codes>
<codes class="bip:industries:1.0">
  <code code="I41000">
    <editdetail attribution="Reuters BIP Coding Group" action="confirmed" date="1997-03-11"/>
  </code>
</codes>
<codes class="bip:topics:1.0">
  <code code="C22">
    <editdetail attribution="Reuters BIP Coding Group" action="confirmed" date="1997-03-11"/>
  </code>
  <code code="CCAT">
    <editdetail attribution="Reuters BIP Coding Group" action="confirmed" date="1997-03-11"/>
  </code>
</codes>
<dc element="dc.date.created" value="1997-03-11"/>
<dc element="dc.publisher" value="Reuters Holdings Plc"/>
<dc element="dc.date.published" value="1997-03-11"/>
<dc element="dc.source" value="Reuters"/>
<dc element="dc.creator.location" value="NEW YORK"/>
<dc element="dc.creator.location.country.name" value="USA"/>
<dc element="dc.source" value="Reuters"/>
</metadata>
</newsitem>
