<?xml version="1.0" encoding="iso-8859-1" ?>
<newsitem itemid="432486" id="root" date="1997-03-11" xml:lang="en">
<title>USA: TENNIS-RESULTS FROM INDIAN WELLS.</title>
<headline>TENNIS-RESULTS FROM INDIAN WELLS.</headline>
<dateline>INDIAN WELLS, California 1997-03-10</dateline>
<text>
<p>Results at the $2.3 million Champions Cup tennis tournament on Monday (prefix number denotes seeding):</p>
<p>First round:</p>
<p>Sandon Stolle (Australia) beat 12-Felix Mantilla (Spain) 0-6 6-3 6-3</p>
<p>14-Alberto Berasategui (Spain) beat Sebastien Lareau (Canada) 7-6 (7-5) 7-6 (8-6)</p>
<p>Francisco Clavet (Spain) beat 16-Jim Courier (U.S.) 6-4 4-6 6-4</p>
<p>Todd Woodbridge (Australia) beat Dominik Hrbaty (Slovakia) 7- 5 5-7 6-2</p>
<p>Sjeng Schalken (Netherlands) beat Leander Paes (India) 7-6 (7-5) 6-2</p>
<p>Alex O'Brien (U.S.) beat Sergi Bruguera (Spain) 6-4 6-4</p>
<p>Hendrik Dreekman (Germany) beat Patrick Rafter (Australia) 7-6 (7-3) 6-3</p>
<p>Jonathan Stark (U.S.) beat Christian Ruud (Norway) 7-6 (8-6) 6-2</p>
<p>Magnus Larsson (Sweden) beat Vince Spadea (U.S.) 6-4 6-3</p>
<p>Adrian Voinea (Romania) beat Guy Forget (France) 4-6 4-2 retired</p>
<p>Nicklas Kulti (Sweden) beat Andrei Medvedev (Ukraine) 6-4 6-4</p>
<p>Gustavo Kuerten (Brazil) beat Mark Woodforde (Australia) 6-4 7-6 (7-3)</p>
<p>Cedric Pioline (France) beat Jason Stoltenberg (Australia) 6- 4 6-4</p>
</text>
<copyright>(c) Reuters Limited 1997</copyright>
<metadata>
<codes class="bip:countries:1.0">
  <code code="USA">
    <editdetail attribution="Reuters BIP Coding Group" action="confirmed" date="1997-03-11"/>
  </code>
</codes>
<codes class="bip:topics:1.0">
  <code code="GCAT">
    <editdetail attribution="Reuters BIP Coding Group" action="confirmed" date="1997-03-11"/>
  </code>
  <code code="GSPO">
    <editdetail attribution="Reuters BIP Coding Group" action="confirmed" date="1997-03-11"/>
  </code>
</codes>
<dc element="dc.date.created" value="1997-03-10"/>
<dc element="dc.publisher" value="Reuters Holdings Plc"/>
<dc element="dc.date.published" value="1997-03-11"/>
<dc element="dc.source" value="Reuters"/>
<dc element="dc.creator.location" value="INDIAN WELLS, California"/>
<dc element="dc.creator.location.country.name" value="USA"/>
<dc element="dc.source" value="Reuters"/>
</metadata>
</newsitem>
