<?xml version="1.0" encoding="iso-8859-1" ?>
<newsitem itemid="432418" id="root" date="1997-03-11" xml:lang="en">
<title>USA: IPO PRICING- Total Control prices at $8 shr.</title>
<headline>IPO PRICING- Total Control prices at $8 shr.</headline>
<dateline>NEW YORK 1997-03-11</dateline>
<text>
<p>Company Name	Total Control Products Inc</p>
<p>   Priced At					  $8</p>
<p>   Estimated Pricing Range		$8 - $10</p>
<p>   Number of Shares			2,000,000</p>
<p>   Lead Underwriter     Adams, Harkness &amp; Hill</p>
<p>NOTE: The company cut the number of shares in its initial public offering to 2.0 million from 2.75 million shares.</p>
</text>
<copyright>(c) Reuters Limited 1997</copyright>
<metadata>
<codes class="bip:countries:1.0">
  <code code="USA">
    <editdetail attribution="Reuters BIP Coding Group" action="confirmed" date="1997-03-11"/>
  </code>
</codes>
<codes class="bip:industries:1.0">
  <code code="I34420">
    <editdetail attribution="Reuters BIP Coding Group" action="confirmed" date="1997-03-11"/>
  </code>
</codes>
<codes class="bip:topics:1.0">
  <code code="C17">
    <editdetail attribution="Reuters BIP Coding Group" action="confirmed" date="1997-03-11"/>
  </code>
  <code code="C171">
    <editdetail attribution="Reuters BIP Coding Group" action="confirmed" date="1997-03-11"/>
  </code>
  <code code="CCAT">
    <editdetail attribution="Reuters BIP Coding Group" action="confirmed" date="1997-03-11"/>
  </code>
</codes>
<dc element="dc.date.created" value="1997-03-11"/>
<dc element="dc.publisher" value="Reuters Holdings Plc"/>
<dc element="dc.date.published" value="1997-03-11"/>
<dc element="dc.source" value="Reuters"/>
<dc element="dc.creator.location" value="NEW YORK"/>
<dc element="dc.creator.location.country.name" value="USA"/>
<dc element="dc.source" value="Reuters"/>
</metadata>
</newsitem>
