<?xml version="1.0" encoding="iso-8859-1" ?>
<newsitem itemid="432482" id="root" date="1997-03-11" xml:lang="en">
<title>USA: TENNIS-EVERT CUP RESULTS.</title>
<headline>TENNIS-EVERT CUP RESULTS.</headline>
<dateline>INDIAN WELLS, California 1997-03-10</dateline>
<text>
<p>Results from</p>
<p>the $1.25 million Evert Cup women's tennis tournament on</p>
<p>Monday (prefix number denotes seedings):</p>
<p>Third round:</p>
<p>1-Arantxa Sanchez Vicario (Spain) beat Asa Carlsson (Sweden)</p>
<p>6-1 6-3</p>
<p>13-Nathalie Tauziat (France) beat 3-Anke Huber (Germany) 6-4</p>
<p>6-3</p>
<p>6-Irina Spirlea (Romania) beat 12-Elena Likhovtseva (Russia)</p>
<p>6-3 6-4</p>
<p>Sadrine Testud (France) beat Florencia Labat (Argentina) 6-2</p>
<p>6-2</p>
</text>
<copyright>(c) Reuters Limited 1997</copyright>
<metadata>
<codes class="bip:countries:1.0">
  <code code="USA">
    <editdetail attribution="Reuters BIP Coding Group" action="confirmed" date="1997-03-11"/>
  </code>
</codes>
<codes class="bip:topics:1.0">
  <code code="GCAT">
    <editdetail attribution="Reuters BIP Coding Group" action="confirmed" date="1997-03-11"/>
  </code>
  <code code="GSPO">
    <editdetail attribution="Reuters BIP Coding Group" action="confirmed" date="1997-03-11"/>
  </code>
</codes>
<dc element="dc.date.created" value="1997-03-10"/>
<dc element="dc.publisher" value="Reuters Holdings Plc"/>
<dc element="dc.date.published" value="1997-03-11"/>
<dc element="dc.source" value="Reuters"/>
<dc element="dc.creator.location" value="INDIAN WELLS, California"/>
<dc element="dc.creator.location.country.name" value="USA"/>
<dc element="dc.source" value="Reuters"/>
</metadata>
</newsitem>
