<?xml version="1.0" encoding="iso-8859-1" ?>
<newsitem itemid="432401" id="root" date="1997-03-11" xml:lang="en">
<title>USA: 7th Level names Schupack chairman.</title>
<headline>7th Level names Schupack chairman.</headline>
<dateline>DALLAS 1997-03-11</dateline>
<text>
<p>7th Level Inc said Donald Schupak, CEO of Schupak Group and a 7th Level board member, was named chairman.</p>
<p>Bob Ezrin, 7th Level's co-founder and president, will assume the duties of chief executive officer on an interim basis, and he will create an office of the president comprised of key line executives.</p>
<p>The board accepted the resignations of George Grayson, chairman, co-founder and CEO and David Henkel, chief operating officer.</p>
</text>
<copyright>(c) Reuters Limited 1997</copyright>
<metadata>
<codes class="bip:countries:1.0">
  <code code="USA">
    <editdetail attribution="Reuters BIP Coding Group" action="confirmed" date="1997-03-11"/>
  </code>
</codes>
<codes class="bip:industries:1.0">
  <code code="I33020">
    <editdetail attribution="Reuters BIP Coding Group" action="confirmed" date="1997-03-11"/>
  </code>
</codes>
<codes class="bip:topics:1.0">
  <code code="C41">
    <editdetail attribution="Reuters BIP Coding Group" action="confirmed" date="1997-03-11"/>
  </code>
  <code code="C411">
    <editdetail attribution="Reuters BIP Coding Group" action="confirmed" date="1997-03-11"/>
  </code>
  <code code="CCAT">
    <editdetail attribution="Reuters BIP Coding Group" action="confirmed" date="1997-03-11"/>
  </code>
</codes>
<dc element="dc.date.created" value="1997-03-11"/>
<dc element="dc.publisher" value="Reuters Holdings Plc"/>
<dc element="dc.date.published" value="1997-03-11"/>
<dc element="dc.source" value="Reuters"/>
<dc element="dc.creator.location" value="DALLAS"/>
<dc element="dc.creator.location.country.name" value="USA"/>
<dc element="dc.source" value="Reuters"/>
</metadata>
</newsitem>
