<?xml version="1.0" encoding="iso-8859-1" ?>
<newsitem itemid="432463" id="root" date="1997-03-11" xml:lang="en">
<title>UK: SOCCER-WRIGHT AND SCHMEICHEL URGED TO END DISPUTE.</title>
<headline>SOCCER-WRIGHT AND SCHMEICHEL URGED TO END DISPUTE.</headline>
<dateline>LONDON 1997-03-11</dateline>
<text>
<p>Manchester United goalkeeper Peter Schmeichel and Arsenal striker Ian Wright were urged to end their bitter dispute publicly by English F.A. chief executive Graham Kelly on Tuesday.</p>
<p>Kelly's plea in an open letter to both players came on the day Britain's Crown Prosecution Service (CPS) decided Schmeichel would not face charges over allegations he racially abused black striker Wright.</p>
<p>&quot;There is insufficient evidence to support criminal charges,&quot; a CPS spokesman said.</p>
<p>Schmeichel was the subject of a police investigation following allegations by television viewers that he shouted racist abuse at Wright during a premier league clash at United's Old Trafford ground on November 16.</p>
<p>Animosity between the two players resurfaced in a match at Arsenal's Highbury stadium last month when Wright escaped being sent off following a two-footed challenge on the Danish goalkeeper.</p>
<p>As the players left the pitch at the end of the Highbury match Wright had to be restrained by stewards as he tried to confront Schmeichel. Police intervened to keep the two apart.</p>
<p>Kelly wrote in his letter to Schmeichel: &quot;I have to decide what is best for English football. I have to be aware that both you and Ian Wright are public figures, idolised by millions of football fans at home and abroad. Your example is vitally important.</p>
<p>&quot;That is why I ask you, in the interests of the game as a whole, to make a public statement of reconciliation with Ian Wright as soon as possible. In doing so, you can be a power for bringing the game together, not dividing it.</p>
<p>&quot;In current circumstances, a drawn out disciplinary procedure with uncertain results would not be helpful. I want to avoid it unless you and Ian Wright leave me no alternative.&quot;</p>
</text>
<copyright>(c) Reuters Limited 1997</copyright>
<metadata>
<codes class="bip:countries:1.0">
  <code code="UK">
    <editdetail attribution="Reuters BIP Coding Group" action="confirmed" date="1997-03-11"/>
  </code>
</codes>
<codes class="bip:topics:1.0">
  <code code="GCAT">
    <editdetail attribution="Reuters BIP Coding Group" action="confirmed" date="1997-03-11"/>
  </code>
  <code code="GSPO">
    <editdetail attribution="Reuters BIP Coding Group" action="confirmed" date="1997-03-11"/>
  </code>
</codes>
<dc element="dc.date.created" value="1997-03-11"/>
<dc element="dc.publisher" value="Reuters Holdings Plc"/>
<dc element="dc.date.published" value="1997-03-11"/>
<dc element="dc.source" value="Reuters"/>
<dc element="dc.creator.location" value="LONDON"/>
<dc element="dc.creator.location.country.name" value="UK"/>
<dc element="dc.source" value="Reuters"/>
</metadata>
</newsitem>
