<?xml version="1.0" encoding="iso-8859-1" ?>
<newsitem itemid="432411" id="root" date="1997-03-11" xml:lang="en">
<title>USA: U.S. chain store sales up 1.3 pct - BTM/Schroders.</title>
<headline>U.S. chain store sales up 1.3 pct - BTM/Schroders.</headline>
<dateline>NEW YORK 1997-03-11</dateline>
<text>
<p>U.S. chain store sales rose 1.3 percent in the week ended March 8 from the prior week, according to the seasonally adjusted BTM/Schroders weekly chain store sales index.</p>
<p>Sales for the week were up 6.9 percent on a year-over-year basis, while the month-to-date index was up 1.3 percent from the prior month.</p>
<p>&quot;Sales were generally on-to-above plan for most retailers,&quot; the report said.</p>
<p>&quot;Some retailers attributed the strength to the beginning of the payroll cycle while others noted strength in the  apparel and seasonal merchandise,&quot; it said.</p>
<p>The report, which is normally embargoed for 0900 EST/1400 GMT, was released early by other news services.</p>
<p>(( --N.A. Treasury Desk, 212-859-1660 ))</p>
</text>
<copyright>(c) Reuters Limited 1997</copyright>
<metadata>
<codes class="bip:countries:1.0">
  <code code="USA">
    <editdetail attribution="Reuters BIP Coding Group" action="confirmed" date="1997-03-11"/>
  </code>
</codes>
<codes class="bip:industries:1.0">
  <code code="I65600">
    <editdetail attribution="Reuters BIP Coding Group" action="confirmed" date="1997-03-11"/>
  </code>
</codes>
<codes class="bip:topics:1.0">
  <code code="C31">
    <editdetail attribution="Reuters BIP Coding Group" action="confirmed" date="1997-03-11"/>
  </code>
  <code code="CCAT">
    <editdetail attribution="Reuters BIP Coding Group" action="confirmed" date="1997-03-11"/>
  </code>
  <code code="E14">
    <editdetail attribution="Reuters BIP Coding Group" action="confirmed" date="1997-03-11"/>
  </code>
  <code code="E143">
    <editdetail attribution="Reuters BIP Coding Group" action="confirmed" date="1997-03-11"/>
  </code>
  <code code="ECAT">
    <editdetail attribution="Reuters BIP Coding Group" action="confirmed" date="1997-03-11"/>
  </code>
</codes>
<dc element="dc.date.created" value="1997-03-11"/>
<dc element="dc.publisher" value="Reuters Holdings Plc"/>
<dc element="dc.date.published" value="1997-03-11"/>
<dc element="dc.source" value="Reuters"/>
<dc element="dc.creator.location" value="NEW YORK"/>
<dc element="dc.creator.location.country.name" value="USA"/>
<dc element="dc.source" value="Reuters"/>
</metadata>
</newsitem>
