<?xml version="1.0" encoding="iso-8859-1" ?>
<newsitem itemid="432422" id="root" date="1997-03-11" xml:lang="en">
<title>USA: Drypers Q4 shr profit $0.11 vs loss $0.51.</title>
<headline>Drypers Q4 shr profit $0.11 vs loss $0.51.</headline>
<dateline>HOUSTON 1997-03-11</dateline>
<text>
<p>DRYPERS CORP</p>
<p>		    (In Thousands, Except Share Amounts)</p>
<p>				 Three Months		  Year</p>
<p>			    1996	    1995	 1996     1995</p>
<p>			(Unaudited)</p>
<p> NET SALES	   $ 54,085	$ 46,554  $207,014  $163,947</p>
<p> COST OF GOODS SOLD  32,822	  31,161   126,128   114,075</p>
<p>  Gross profit	 21,263	  15,393    80,886    49,872</p>
<p>SELLING, GENERAL</p>
<p>&amp; ADMINISTRATIVE</p>
<p>  EXPENSES	     17,084	  14,533    70,333    53,691</p>
<p> UNUSUAL EXPENSE	   --	     827	  --     3,185</p>
<p> RESTRUCTURING CHARGE    --	   1,283	  --     4,255</p>
<p>Operating income (loss)</p>
<p>			    4,179	 (1,250)    10,553  (11,259)</p>
<p> INTEREST EXPENSE     2,230	   2,170     8,931     8,035</p>
<p>INCOME (LOSS) BEFORE</p>
<p>  INCOME TAXES	  1,859	 (3,420)     1,622  (19,294)</p>
<p>INCOME TAX PROVISION</p>
<p>  (BENEFIT)		(65)	    (25)	 309   (3,829)</p>
<p> NET INCOME (LOSS)    1,924	 (3,395)     1,313  (15,465)</p>
<p>PREFERRED STOCK DIVIDEND</p>
<p>			    (169)		--     (561)	  --</p>
<p>NET INCOME (LOSS)</p>
<p>ATTRIBUTABLE TO COMMON</p>
<p>  STOCKHOLDERS	  1,755	 (3,395)	 752  (15,465)</p>
<p>Common and common</p>
<p>equivalent shares</p>
<p>outstanding</p>
<p>	   17,945,216(a)     6,628,137  14,194,298(a) 6,587,698</p>
<p>Net income (loss) per</p>
<p>  common share	   0.11	  (0.51)	0.09    (2.35)</p>
<p>NOTE: (a)Common and common equivalent shares for the three months and 1996 year include the weighted average of common shares issuable upon conversion of 90,000 shares of convertible preferred shares issued in February, 1996. Additionally, net income per share for the three months ended December 31, 1996, was computed using the modified treasury stock method, which requires certain adjustments to income.</p>
</text>
<copyright>(c) Reuters Limited 1997</copyright>
<metadata>
<codes class="bip:countries:1.0">
  <code code="USA">
    <editdetail attribution="Reuters BIP Coding Group" action="confirmed" date="1997-03-11"/>
  </code>
</codes>
<codes class="bip:industries:1.0">
  <code code="I47200">
    <editdetail attribution="Reuters BIP Coding Group" action="confirmed" date="1997-03-11"/>
  </code>
</codes>
<codes class="bip:topics:1.0">
  <code code="C15">
    <editdetail attribution="Reuters BIP Coding Group" action="confirmed" date="1997-03-11"/>
  </code>
  <code code="C151">
    <editdetail attribution="Reuters BIP Coding Group" action="confirmed" date="1997-03-11"/>
  </code>
  <code code="C1511">
    <editdetail attribution="Reuters BIP Coding Group" action="confirmed" date="1997-03-11"/>
  </code>
  <code code="CCAT">
    <editdetail attribution="Reuters BIP Coding Group" action="confirmed" date="1997-03-11"/>
  </code>
</codes>
<dc element="dc.date.created" value="1997-03-11"/>
<dc element="dc.publisher" value="Reuters Holdings Plc"/>
<dc element="dc.date.published" value="1997-03-11"/>
<dc element="dc.source" value="Reuters"/>
<dc element="dc.creator.location" value="HOUSTON"/>
<dc element="dc.creator.location.country.name" value="USA"/>
<dc element="dc.source" value="Reuters"/>
</metadata>
</newsitem>
