<?xml version="1.0" encoding="iso-8859-1" ?>
<newsitem itemid="432469" id="root" date="1997-03-11" xml:lang="en">
<title>south africa: CRICKET-AUSTRALIA CONTINUE WINNING RUN.</title>
<headline>CRICKET-AUSTRALIA CONTINUE WINNING RUN.</headline>
<byline>Neil Manthorp</byline>
<dateline>ZWIDE, South Africa 1997-03-11</dateline>
<text>
<p>Australia continued their all-conquering tour of South Africa with a 15-run win over an Eastern Province Invitation XI in the former township area of Zwide, near Port Elizabeth, on Tuesday.</p>
<p>It was their eighth win in eight matches on the tour so far and was set up by half centuries by Matthew Hayden (68), Justin langer (56) and Michael Bevan (57 not out).</p>
<p>Australia scored an imposing 243 for four in their 45 overs, but the E.P. team, containing a blend of seasoned first class players and young black cricketers, launched a bold chase for the runs and, at one stage, looked likely to upset the visitors.</p>
<p>Louis Koen, top domestic run scorer in South Africa for the last two seasons but ignored by the national selectors despite increasing calls for his inclusion, led the run chase with a classy 78 from 91 deliveries with 11 boundaries and a sx.</p>
<p>But when his fourth-wicket partnership of 47 with captain Dave Callaghan (25) was ended by Michael Bevan, the team's hopes of victory died too.</p>
<p>Earlier Hayden and Langer posted 112 effortless runs for the first wicket before Langer, who showed considerably more skill batting than he did filling in as a make-shift wicketkeeper, edged medium pacer Callaghan to wicketkeeper Lulama Mazikazaa. His 56 came from 70 balls with three fours and a six.</p>
<p>Hayden departed lbw attempting to sweep off-spinner Shafiek Abrahams for slightly less convincing 68 from 86 balls with seven fours and a six.</p>
<p>Bevan provided the necessary acceleration at the end of the innings with an inventive, unbeaten 57 from just 49 balls with five fours and a six.</p>
<p>Australia now begin final preparations for the second test against South Africa starting in Port Elizabeth on Friday. They won the first test in Johannesburg last week by and innings and 196 runs.</p>
</text>
<copyright>(c) Reuters Limited 1997</copyright>
<metadata>
<codes class="bip:countries:1.0">
  <code code="AUSTR">
    <editdetail attribution="Reuters BIP Coding Group" action="confirmed" date="1997-03-11"/>
  </code>
  <code code="SAFR">
    <editdetail attribution="Reuters BIP Coding Group" action="confirmed" date="1997-03-11"/>
  </code>
</codes>
<codes class="bip:topics:1.0">
  <code code="GCAT">
    <editdetail attribution="Reuters BIP Coding Group" action="confirmed" date="1997-03-11"/>
  </code>
  <code code="GSPO">
    <editdetail attribution="Reuters BIP Coding Group" action="confirmed" date="1997-03-11"/>
  </code>
</codes>
<dc element="dc.date.created" value="1997-03-11"/>
<dc element="dc.publisher" value="Reuters Holdings Plc"/>
<dc element="dc.date.published" value="1997-03-11"/>
<dc element="dc.source" value="Reuters"/>
<dc element="dc.creator.location" value="ZWIDE, South Africa"/>
<dc element="dc.creator.location.country.name" value="SOUTH AFRICA"/>
<dc element="dc.source" value="Reuters"/>
</metadata>
</newsitem>
