<?xml version="1.0" encoding="iso-8859-1" ?>
<newsitem itemid="432473" id="root" date="1997-03-11" xml:lang="en">
<title>UK: HORSE RACING-CHELTENHAM FESTIVAL RESULTS.</title>
<headline>HORSE RACING-CHELTENHAM FESTIVAL RESULTS.</headline>
<dateline>CHELTENHAM, England 1997-03-11</dateline>
<text>
<p>Results of grade</p>
<p>one feature races on Tuesday, the opening day of the Cheltenham</p>
<p>jump racing Festival:</p>
<p>Arkle Challenge Trophy steeplechase over two miles (3.2 kms)</p>
<p> 1. Or Royal    11-2 (ridden by Tony McCoy)</p>
<p> 2. Squire Silk 11-2 (Jamie Osborne)</p>
<p> 3. Celibate    13-2 (Jamie Railton)</p>
<p>Nine ran.</p>
<p>Mulligan, the 11-10 favourite, fell.</p>
<p>Distances: Half a length, six lengths.</p>
<p>Winner owned by David Johnson and trained by Martin Pipe in</p>
<p>England.</p>
<p>Value to winner: 53,762 pounds ($86,000).</p>
<p>Champion Hurdle run over two miles (3.2 kms)</p>
<p> 1. Make A Stand   7-1 (Tony McCoy)</p>
<p>2. Theatreworld  33-1 (Norman Williamson)</p>
<p>3. Space Trucker  9-2 (John Shortt)</p>
<p>17 ran. Large Action ,  7-2 favourite, pulled up.</p>
<p>Distances: Five lengths, three-quarters of a length.</p>
<p>Winner owned by Peter Deal and trained by Martin Pipe in</p>
<p>England.</p>
<p>Value to winner: 124,138 pounds ($198,620)</p>
</text>
<copyright>(c) Reuters Limited 1997</copyright>
<metadata>
<codes class="bip:countries:1.0">
  <code code="UK">
    <editdetail attribution="Reuters BIP Coding Group" action="confirmed" date="1997-03-11"/>
  </code>
</codes>
<codes class="bip:topics:1.0">
  <code code="GCAT">
    <editdetail attribution="Reuters BIP Coding Group" action="confirmed" date="1997-03-11"/>
  </code>
  <code code="GSPO">
    <editdetail attribution="Reuters BIP Coding Group" action="confirmed" date="1997-03-11"/>
  </code>
</codes>
<dc element="dc.date.created" value="1997-03-11"/>
<dc element="dc.publisher" value="Reuters Holdings Plc"/>
<dc element="dc.date.published" value="1997-03-11"/>
<dc element="dc.source" value="Reuters"/>
<dc element="dc.creator.location" value="CHELTENHAM, England"/>
<dc element="dc.creator.location.country.name" value="UK"/>
<dc element="dc.source" value="Reuters"/>
</metadata>
</newsitem>
