<?xml version="1.0" encoding="iso-8859-1" ?>
<newsitem itemid="432419" id="root" date="1997-03-11" xml:lang="en">
<title>USA: Mercury says gets loan waivers extension.</title>
<headline>Mercury says gets loan waivers extension.</headline>
<dateline>CHICAGO 1997-03-11</dateline>
<text>
<p>Mercury Finance Co said Tuesday that BankAmerica Corp's Bank of America had extended to March 14 the deadline for Mercury to obtain a continuation of waivers for its $50 million short-term credit facility. The previous deadline was March 10.</p>
<p>Waivers are required from certain lenders whose loan agreements restrict the company's ability to pledge its assets as collateral, Mercury said.</p>
<p>&quot;Mercury is in discussions with its lenders with respect to terms for permitting the waivers to continue,&quot; the company said.  </p>
<p>Bank of America &quot;also indicated that it is prepared to extend the maturity of the loan to June 10, 1997, if the waivers permit,&quot; said Mercury, a sub-prime auto lender.</p>
<p>Mercury received the $50 million in short-term financing from Bank of America a month ago. The financing is being used to meet daily operating expenses and interest payments as Mercury confronts numerous difficulties.</p>
<p>The company faces a federal investigation, several shareholder lawsuits, restatement of financial results due to accounting irregularities, and a loss of more than $2 billion in market capitalization after a plunge in its stock price.</p>
<p>((--Chicago Newsdesk 312-408-8787))</p>
</text>
<copyright>(c) Reuters Limited 1997</copyright>
<metadata>
<codes class="bip:countries:1.0">
  <code code="USA">
    <editdetail attribution="Reuters BIP Coding Group" action="confirmed" date="1997-03-11"/>
  </code>
</codes>
<codes class="bip:industries:1.0">
  <code code="I83100">
    <editdetail attribution="Reuters BIP Coding Group" action="confirmed" date="1997-03-11"/>
  </code>
</codes>
<codes class="bip:topics:1.0">
  <code code="C17">
    <editdetail attribution="Reuters BIP Coding Group" action="confirmed" date="1997-03-11"/>
  </code>
  <code code="C173">
    <editdetail attribution="Reuters BIP Coding Group" action="confirmed" date="1997-03-11"/>
  </code>
  <code code="CCAT">
    <editdetail attribution="Reuters BIP Coding Group" action="confirmed" date="1997-03-11"/>
  </code>
</codes>
<dc element="dc.date.created" value="1997-03-11"/>
<dc element="dc.publisher" value="Reuters Holdings Plc"/>
<dc element="dc.date.published" value="1997-03-11"/>
<dc element="dc.source" value="Reuters"/>
<dc element="dc.creator.location" value="CHICAGO"/>
<dc element="dc.creator.location.country.name" value="USA"/>
<dc element="dc.source" value="Reuters"/>
</metadata>
</newsitem>
