<?xml version="1.0" encoding="iso-8859-1" ?>
<newsitem itemid="432458" id="root" date="1997-03-11" xml:lang="en">
<title>UK: BADMINTON-ALL ENGLAND FIRST ROUND RESULTS.</title>
<headline>BADMINTON-ALL ENGLAND FIRST ROUND RESULTS.</headline>
<dateline>BIRMINGHAM, England 1997-03-11</dateline>
<text>
<p>First round results in the All England badminton championships on Tuesday (prefix number denotes seeding):</p>
<p>Men's singles</p>
<p>Pang Chen (Malaysia) beat Jim Laugesen (Denmark) 15-11 15-12</p>
<p>Thomas Sogaard (Denmark) beat Yozo Kubota (Japan) 15-5 8-15 15-10</p>
<p>Martin Lundgaard Hansen (Denmark) beat Robert Nock (England) 15-5 15-13</p>
<p>3/4-Joko Suprianto (Indonesia) beat Ji Xinpeng (China) 15-4 15-10</p>
<p>Peter Rasmussen (Denmark) beat Deepanker Bhattacharjee (Indonesia) 15-5 15-8</p>
<p>Colin Haughton (England) beat Mike Beres (Canada) 15-1 15-5</p>
<p>5/8-Ong Ewe Hock (Malaysia) beat Fumihiko Machida (Japan) 15-4 15-1</p>
<p>Yong Hock Kin (Malaysia) beat Dicky Palyama (Netherlands) 15-6 15-5</p>
<p>Lin Liwen (China) beat 9/16-Peter Gade Christensen (Denmark) 15-9 6-15 18-13</p>
<p>5/8-Indra Wijaya (Indonesia) beat Gerraint Lewis (Wales) 15-12 15-4</p>
<p>Anders Boesen (Denmark) beat Yang Zhuo (China) 15-12 15-8</p>
<p>Vladislav Druzhchenko (Ukraine) beat Chris Bruil (Netherlands) 12-15 15-9 17-15</p>
<p>Iain Sydie (Canada) beat Anders Jensen (Denmark) 15-6 15-3</p>
<p>2-Rashid Sidek (Indonesia) beat Soren Nielsen (Denmark) 15-4 15-10</p>
<p>Women's singles</p>
<p>Dai Yun (China) beat Elma Ong (Canada) 11-1 11-0</p>
<p>Choi Ma-rae (South Korea) beat Pernille Harder (Denmark) 11-3 11-4</p>
<p>Pornsawan Plungwech (Thailand) beat Sandra Dinbour (France) 11-1 11-5</p>
<p>Jo Muggeridge (England) beat Mariko Nakayama (Japan) 11-8 11-6</p>
<p>Kanako Yonekura (Japan) beat Judith Meuiendijks (Netherlands) 11-7 11-6</p>
<p>Yao Yan (China) Denyse Julian (Canada) 11-1 11-6</p>
<p>Kelly Morgan (Wales) beat Julia Mann (England) 11-6 11-3</p>
<p>Park Jin-hyun (South Korea) beat Anne Gibson (Scotland) 11-1 11-9</p>
<p>Jaw Hua-China (Taiwan) beat Charmaine Reid (Canada) 12-10 11-12 11-3</p>
<p>Takako Ida (Japan) beat Ella Karackova (Russia) 11-5 11-5  </p>
<p>Add men's singles: 1-Poul-Erik Hoyer-Larsen (Denmark) beat Gerben Bruystens (Netherlands) 15-8 15-2 9/16 Dong Jiong (China) beat Ardy Wiranata (Indonesia) 15-9 18-15 Jesper Olsson (Sweden) beat Shinji Ohta (Japan) 15-7 15-4 Luo Yigang (China) beat 5/8 Thomas  Stuer-Lauridsen (Denmark) 15-11 15-11 Mark Constable (England) beat Mikhail Korshouk (Belarus) 15-5 15-4 Peter Knowles (England) beat Peter Janum (Denmark) 5-15 15-6 15-5</p>
<p>Add women's singles: Mette Sorensen (Denmark) beat Gillian Martin (Scotland) 11-6 11-1 Ra Kyung-min (South Korea) beat Brenda Beenhakker (Netherlands) 11-9 11-1 Lee Joo-hyun (South Korea) beat Mette Pedersen (Denmark) 11-9 11-3 Marina Andrievskaya (Sweden) beat Lotte Thomsen (Denmark) 11-4 11-2 Michelle Rasmussen (Denmark) beat Katarzyna Krasowska (Poland) 12-10 4-11 11-8 Han Jingna (China) beat Yuliani Santoso (Indonesia) 11-4 11-0</p>
</text>
<copyright>(c) Reuters Limited 1997</copyright>
<metadata>
<codes class="bip:countries:1.0">
  <code code="UK">
    <editdetail attribution="Reuters BIP Coding Group" action="confirmed" date="1997-03-11"/>
  </code>
</codes>
<codes class="bip:topics:1.0">
  <code code="GCAT">
    <editdetail attribution="Reuters BIP Coding Group" action="confirmed" date="1997-03-11"/>
  </code>
  <code code="GSPO">
    <editdetail attribution="Reuters BIP Coding Group" action="confirmed" date="1997-03-11"/>
  </code>
</codes>
<dc element="dc.date.created" value="1997-03-11"/>
<dc element="dc.publisher" value="Reuters Holdings Plc"/>
<dc element="dc.date.published" value="1997-03-11"/>
<dc element="dc.source" value="Reuters"/>
<dc element="dc.creator.location" value="BIRMINGHAM, England"/>
<dc element="dc.creator.location.country.name" value="UK"/>
<dc element="dc.source" value="Reuters"/>
</metadata>
</newsitem>
