<?xml version="1.0" encoding="iso-8859-1" ?>
<newsitem itemid="432476" id="root" date="1997-03-11" xml:lang="en">
<title>FRANCE: CYCLING-THREE RIDERS FAIL BLOOD TESTS.</title>
<headline>CYCLING-THREE RIDERS FAIL BLOOD TESTS.</headline>
<dateline>PARIS 1997-03-10</dateline>
<text>
<p>Three riders were thrown out of the Paris-Nice cycle race on Monday after failing blood tests.</p>
<p>Frenchman Erwan Mentheour and Italians Mauro Santaromita and Luca Colombo were not allowed to start Monday's second stage, won by Belgian Tom Steels, and had their licences suspended for 15 days.</p>
<p>The tests showed abnormally high numbers of red blood cells in the riders' bodies, a possible sign of the presence of unusual levels of EPO (erythropoietin), the sport's security and ethics commission said.</p>
<p>Cycling teams agreed in January that tests should be introduced after the International Cycling Union (UCI) expressed concern over widespread use of EPO.</p>
<p>The eight-day Paris-Nice race is the first at which such tests have been carried out.</p>
<p>Performance-enchancing EPO is a substance that stimulates the production of red blood cells which transport oxygen around the body.</p>
<p>Race doctor Gerard Nicollet said the tests were necessary as a step towards combatting doping in the sport.</p>
<p>&quot;But having more than 50 percent (of red blood cells) is not (being found) positive, but a temporary inability to work,&quot; he told French television.</p>
<p>He said diahorrea was one of many ways that a person's red blood cells count could rise and stress another.</p>
<p>&quot;I was probably feeling stress before the time trial,&quot; Mentheour said.</p>
<p>Mentheour and Colombo were both tested with 18 other riders before Sundays' first stage, but were allowed to take part in the time trial because of procedural irregularities.</p>
<p>Santaromita was tested with another batch of riders on Monday.</p>
<p>Steels, who won last season's Belgian classics Het Volk and Gand-Wewelgem, was first to the line ahead of Frenchman Frederic Moncassin in the final sprint at the end of the 165-km stage from Vendome. Italy's Adriano Baffi was third.</p>
<p>Frenchman Laurent Jalabert, gunning for a third straight Paris-Nice victory, came in seventh and won two bonus points to extend his lead to six seconds over Ukrainian Andrei Tchmil in the overall placings after taking Sunday's time trial.</p>
<p>The three suspended riders will not get back their licences until they have undergone another blood test at a laboratory in Lausanne accredited by the International Cycling Union (UCI), officials said.</p>
<p>The commission, a new body which teams insisted in January should not be called a doping commission, will test another 32 riders before the race ends on Sunday.</p>
<p>The UCI's doping commission, which takes urine samples after races, is a different body.</p>
<p>Studies have shown that extended use of EPO can thicken the blood and cause heart attacks.</p>
</text>
<copyright>(c) Reuters Limited 1997</copyright>
<metadata>
<codes class="bip:countries:1.0">
  <code code="BELG">
    <editdetail attribution="Reuters BIP Coding Group" action="confirmed" date="1997-03-11"/>
  </code>
  <code code="FRA">
    <editdetail attribution="Reuters BIP Coding Group" action="confirmed" date="1997-03-11"/>
  </code>
</codes>
<codes class="bip:topics:1.0">
  <code code="GCAT">
    <editdetail attribution="Reuters BIP Coding Group" action="confirmed" date="1997-03-11"/>
  </code>
  <code code="GSPO">
    <editdetail attribution="Reuters BIP Coding Group" action="confirmed" date="1997-03-11"/>
  </code>
</codes>
<dc element="dc.date.created" value="1997-03-10"/>
<dc element="dc.publisher" value="Reuters Holdings Plc"/>
<dc element="dc.date.published" value="1997-03-11"/>
<dc element="dc.source" value="Reuters"/>
<dc element="dc.creator.location" value="PARIS"/>
<dc element="dc.creator.location.country.name" value="FRANCE"/>
<dc element="dc.source" value="Reuters"/>
</metadata>
</newsitem>
