<?xml version="1.0" encoding="iso-8859-1" ?>
<newsitem itemid="432474" id="root" date="1997-03-11" xml:lang="en">
<title>GERMANY: TENNIS-GRAF KNEE EXAMINATION MAY DECIDE COMEBACK.</title>
<headline>TENNIS-GRAF KNEE EXAMINATION MAY DECIDE COMEBACK.</headline>
<dateline>BRUEHL, Germany 1997-03-11</dateline>
<text>
<p>Steffi Graf, out of action for more than a month with a knee injury, will undergo an examination this week or next, a spokesman for the player said on Tuesday.</p>
<p>Graf is set to be replaced as world number one by Switzerland's Martina Hingis on March 31 after a total of 377 weeks at the top.</p>
<p>Graf, world number one since June 12, 1995, is hoping to make a comeback at the end of April in the German Open tournament in Hamburg.</p>
<p>&quot;But even that can really be decided only after her next (knee) examination,&quot; her spokesman Pascal Zimmer said.</p>
<p>&quot;Her left knee will be examined at the end of this week or the beginning of next week and then we will know more.&quot;</p>
<p>Graf, 27, has not played since the semifinals of a tournament in Tokyo on February 1.</p>
<p>She has trained a little since then. Doctors have told her not to do anything too strenuous or put too much strain on her knee.</p>
</text>
<copyright>(c) Reuters Limited 1997</copyright>
<metadata>
<codes class="bip:countries:1.0">
  <code code="GFR">
    <editdetail attribution="Reuters BIP Coding Group" action="confirmed" date="1997-03-11"/>
  </code>
  <code code="SWITZ">
    <editdetail attribution="Reuters BIP Coding Group" action="confirmed" date="1997-03-11"/>
  </code>
</codes>
<codes class="bip:topics:1.0">
  <code code="GCAT">
    <editdetail attribution="Reuters BIP Coding Group" action="confirmed" date="1997-03-11"/>
  </code>
  <code code="GSPO">
    <editdetail attribution="Reuters BIP Coding Group" action="confirmed" date="1997-03-11"/>
  </code>
</codes>
<dc element="dc.date.created" value="1997-03-11"/>
<dc element="dc.publisher" value="Reuters Holdings Plc"/>
<dc element="dc.date.published" value="1997-03-11"/>
<dc element="dc.source" value="Reuters"/>
<dc element="dc.creator.location" value="BRUEHL, Germany"/>
<dc element="dc.creator.location.country.name" value="GERMANY"/>
<dc element="dc.source" value="Reuters"/>
</metadata>
</newsitem>
