<?xml version="1.0" encoding="iso-8859-1" ?>
<newsitem itemid="432452" id="root" date="1997-03-11" xml:lang="en">
<title>UK: BADMINTON-CHAMPION THROUGH BUT STUER-LAURIDSEN OUT.</title>
<headline>BADMINTON-CHAMPION THROUGH BUT STUER-LAURIDSEN OUT.</headline>
<dateline>BIRMINGHAM, England 1997-03-11</dateline>
<text>
<p>Olympic champion Poul-Erik Hoyer-Larsen swept into the second round of the All England badminton championships on Tuesday but Danish compatriot Thomas Stuer-Lauridsen, seeded joint fifth, bowed out at the first hurdle.</p>
<p>Hoyer-Larsen, the top seed and defending champion,, beat Dutchman Gerben Bruystens 15-8 15-2 with the minimum of fuss, but Stuer-Lauridsen, a bronze medallist at the 1992 Olympics, went out to Luo Yigang, the Chinese winning 15-11 15-11.</p>
<p>Number two seed Rashid Sidek of Malaysia overcame Soren Nielsen of Denmark 15-4 15-10 but there was disappointment for another seasoned campaigner.</p>
<p>Indonesia's Ardy Wiranata, a former champion but unseeded this year, lost in straight games to Dong Jiong of China 15-9 18-15.</p>
</text>
<copyright>(c) Reuters Limited 1997</copyright>
<metadata>
<codes class="bip:countries:1.0">
  <code code="DEN">
    <editdetail attribution="Reuters BIP Coding Group" action="confirmed" date="1997-03-11"/>
  </code>
  <code code="INDON">
    <editdetail attribution="Reuters BIP Coding Group" action="confirmed" date="1997-03-11"/>
  </code>
  <code code="UK">
    <editdetail attribution="Reuters BIP Coding Group" action="confirmed" date="1997-03-11"/>
  </code>
</codes>
<codes class="bip:topics:1.0">
  <code code="GCAT">
    <editdetail attribution="Reuters BIP Coding Group" action="confirmed" date="1997-03-11"/>
  </code>
  <code code="GSPO">
    <editdetail attribution="Reuters BIP Coding Group" action="confirmed" date="1997-03-11"/>
  </code>
</codes>
<dc element="dc.date.created" value="1997-03-11"/>
<dc element="dc.publisher" value="Reuters Holdings Plc"/>
<dc element="dc.date.published" value="1997-03-11"/>
<dc element="dc.source" value="Reuters"/>
<dc element="dc.creator.location" value="BIRMINGHAM, England"/>
<dc element="dc.creator.location.country.name" value="UK"/>
<dc element="dc.source" value="Reuters"/>
</metadata>
</newsitem>
