<?xml version="1.0" encoding="iso-8859-1" ?>
<newsitem itemid="432434" id="root" date="1997-03-11" xml:lang="en">
<title>USA: U.S. HEADLINE STOCKS -- Issues to watch - March 11.</title>
<headline>U.S. HEADLINE STOCKS -- Issues to watch - March 11.</headline>
<dateline>NEW YORK 1997-03-11</dateline>
<text>
<p>Stocks to watch this morning:</p>
<p>* GenRad Inc shares broke their fall in after-hours trading Monday after the company lost almost a third of its value during regular trading hours.</p>
<p>GenRad closed at 12-3/4, down 5-1/2 on a day when it said first-quarter marketing expenses would be higher than expected. The stock was not moving after hours, traders said.</p>
<p>* U.S. high tech stocks were higher in London overnight. International Business Machines Corp was up 1/8 at 146-1/8.  </p>
<p>Sun Microsystems Inc gained 3/8 to 31-5/8.</p>
<p>Some high techs were weaker, however. Digital Equipment Corp fell 1/8 to 32 and Hewlett-Packard Co was down 1/4 at 56-1/4.</p>
<p>* 360 Communications Co said it expected first quarter results to be affected by higher acquisition costs, cellular fraud costs and lower operating revenues. Shares closed at 19-5/8.  </p>
<p>* Boeing Co is negotiating with Delta Air Lines Inc to obtain an exclusive supply agreement, the Wall Street Journal reported.</p>
<p>Boeing closed at 105-7/8. Delta closed at 84-5/8.</p>
</text>
<copyright>(c) Reuters Limited 1997</copyright>
<metadata>
<codes class="bip:countries:1.0">
  <code code="USA">
    <editdetail attribution="Reuters BIP Coding Group" action="confirmed" date="1997-03-11"/>
  </code>
</codes>
<codes class="bip:industries:1.0">
  <code code="I33020">
    <editdetail attribution="Reuters BIP Coding Group" action="confirmed" date="1997-03-11"/>
  </code>
  <code code="I3302003">
    <editdetail attribution="Reuters BIP Coding Group" action="confirmed" date="1997-03-11"/>
  </code>
  <code code="I34420">
    <editdetail attribution="Reuters BIP Coding Group" action="confirmed" date="1997-03-11"/>
  </code>
  <code code="I36400">
    <editdetail attribution="Reuters BIP Coding Group" action="confirmed" date="1997-03-11"/>
  </code>
  <code code="I3640010">
    <editdetail attribution="Reuters BIP Coding Group" action="confirmed" date="1997-03-11"/>
  </code>
  <code code="I75000">
    <editdetail attribution="Reuters BIP Coding Group" action="confirmed" date="1997-03-11"/>
  </code>
</codes>
<codes class="bip:topics:1.0">
  <code code="C15">
    <editdetail attribution="Reuters BIP Coding Group" action="confirmed" date="1997-03-11"/>
  </code>
  <code code="C152">
    <editdetail attribution="Reuters BIP Coding Group" action="confirmed" date="1997-03-11"/>
  </code>
  <code code="CCAT">
    <editdetail attribution="Reuters BIP Coding Group" action="confirmed" date="1997-03-11"/>
  </code>
  <code code="M11">
    <editdetail attribution="Reuters BIP Coding Group" action="confirmed" date="1997-03-11"/>
  </code>
  <code code="MCAT">
    <editdetail attribution="Reuters BIP Coding Group" action="confirmed" date="1997-03-11"/>
  </code>
</codes>
<dc element="dc.date.created" value="1997-03-11"/>
<dc element="dc.publisher" value="Reuters Holdings Plc"/>
<dc element="dc.date.published" value="1997-03-11"/>
<dc element="dc.source" value="Reuters"/>
<dc element="dc.creator.location" value="NEW YORK"/>
<dc element="dc.creator.location.country.name" value="USA"/>
<dc element="dc.source" value="Reuters"/>
</metadata>
</newsitem>
