<?xml version="1.0" encoding="iso-8859-1" ?>
<newsitem itemid="432446" id="root" date="1997-03-11" xml:lang="en">
<title>USA: USDATA Corp chief executive resigns.</title>
<headline>USDATA Corp chief executive resigns.</headline>
<dateline>RICHARDSON, Texas 1997-03-10</dateline>
<text>
<p>USDATA Corp on Monday said William Moore Jr resigned as president and chief executive officer in order to return to his consulting practice.</p>
<p>He would remain a consultant to the company through 1997, USDATA said.</p>
<p>Moore would be succeeded by Bill Newell as acting CEO, the company said.</p>
<p>Newell is now a vice president of Safeguard Scientifics Inc, the company said.</p>
<p>((New York newsdesk 212-859-1610))</p>
</text>
<copyright>(c) Reuters Limited 1997</copyright>
<metadata>
<codes class="bip:countries:1.0">
  <code code="USA">
    <editdetail attribution="Reuters BIP Coding Group" action="confirmed" date="1997-03-11"/>
  </code>
</codes>
<codes class="bip:topics:1.0">
  <code code="C41">
    <editdetail attribution="Reuters BIP Coding Group" action="confirmed" date="1997-03-11"/>
  </code>
  <code code="C411">
    <editdetail attribution="Reuters BIP Coding Group" action="confirmed" date="1997-03-11"/>
  </code>
  <code code="CCAT">
    <editdetail attribution="Reuters BIP Coding Group" action="confirmed" date="1997-03-11"/>
  </code>
</codes>
<dc element="dc.date.created" value="1997-03-10"/>
<dc element="dc.publisher" value="Reuters Holdings Plc"/>
<dc element="dc.date.published" value="1997-03-11"/>
<dc element="dc.source" value="Reuters"/>
<dc element="dc.creator.location" value="RICHARDSON, Texas"/>
<dc element="dc.creator.location.country.name" value="USA"/>
<dc element="dc.source" value="Reuters"/>
</metadata>
</newsitem>
