<?xml version="1.0" encoding="iso-8859-1" ?>
<newsitem itemid="432465" id="root" date="1997-03-11" xml:lang="en">
<title>UK: HORSE RACING-IRELAND'S MCCOY IS REAL CHELTENHAM STAR.</title>
<headline>HORSE RACING-IRELAND'S MCCOY IS REAL CHELTENHAM STAR.</headline>
<byline>Damien Lynch</byline>
<dateline>CHELTENHAM, England 1997-03-11</dateline>
<text>
<p>Ireland's Tony McCoy was the star performer on the first day of the Cheltenham Festival on Tuesday when he landed a double for the Martin Pipe stable, including a breath-taking success in the Champion Hurdle on Make A Stand.</p>
<p>McCoy, 22, opened his Festival account for 1997 when he guided Or Royal (11-2) to victory in the Grade One Arkle Challenge Chase and then followed up with a win aboard 7-1 chance Make A Stand in the Champion.</p>
<p>Make A Stand produced his hallmark display of front-running and fluent hurdling to win in a record time of three minutes 48.40 seconds, lowering the previous mark by one tenth of a second.</p>
<p>The County Antrim-born jockey has now ridden three Festival winners in his career.</p>
<p>&quot;It is a great feeling on a horse to make all the running as he was there to be shot at but he kept going,&quot; McCoy said after his all-the-way win on Make A Stand. who has progressed brilliantly through the handicap ranks to the very top echelon.</p>
<p>&quot;I rode the race to suit him and as if there was nothing else in the race. That's the way you have to do it. It is an unbelievable feeling. The feeling's good and I want some more,&quot; he added.</p>
<p>McCoy caused a surprise in January when he announced that he was joining forces with hard task-master Pipe, bringing to an end his association with rival trainer Paul Nicholls.</p>
<p>Some  people in racing questioned the wisdom of the decision, but McCoy can hardly have got off to a better start to his career as Pipe's stable jockey.</p>
<p>&quot;He  did a terrific job,&quot; Pipe said after Make A Stand's $200,000 triumph in the Champion Hurdle. &quot;I was very nervous as they made the top of the hill but Tony kept a little bit in hand and sprinted away going down the hill and kept going.&quot;</p>
<p>McCoy only began riding in Britain three years ago and Tuesday's feat rounds off a remarkably rapid rise to the top.</p>
<p>He was champion jockey for the first time last season and, barring injury, appears a certainty to retain his title at the end of the current campaign.</p>
<p>McCoy etched his name in British jump racing's record books in November when completing the fastest century of winners, beating the previous record by 30 days.</p>
</text>
<copyright>(c) Reuters Limited 1997</copyright>
<metadata>
<codes class="bip:countries:1.0">
  <code code="IRE">
    <editdetail attribution="Reuters BIP Coding Group" action="confirmed" date="1997-03-11"/>
  </code>
  <code code="UK">
    <editdetail attribution="Reuters BIP Coding Group" action="confirmed" date="1997-03-11"/>
  </code>
</codes>
<codes class="bip:topics:1.0">
  <code code="GCAT">
    <editdetail attribution="Reuters BIP Coding Group" action="confirmed" date="1997-03-11"/>
  </code>
  <code code="GSPO">
    <editdetail attribution="Reuters BIP Coding Group" action="confirmed" date="1997-03-11"/>
  </code>
</codes>
<dc element="dc.date.created" value="1997-03-11"/>
<dc element="dc.publisher" value="Reuters Holdings Plc"/>
<dc element="dc.date.published" value="1997-03-11"/>
<dc element="dc.source" value="Reuters"/>
<dc element="dc.creator.location" value="CHELTENHAM, England"/>
<dc element="dc.creator.location.country.name" value="UK"/>
<dc element="dc.source" value="Reuters"/>
</metadata>
</newsitem>
