<?xml version="1.0" encoding="iso-8859-1" ?>
<newsitem itemid="432417" id="root" date="1997-03-11" xml:lang="en">
<title>USA: Darden Q3 operating shr $0.10 vs $0.22.</title>
<headline>Darden Q3 operating shr $0.10 vs $0.22.</headline>
<dateline>ORLANDO 1997-03-11</dateline>
<text>
<p>($ in Millions, Except Per Share Data)</p>
<p>				  13 WEEKS ENDED  39 WEEKS ENDED</p>
<p>			  02/23/97    02/25/96  02/23/97   02/25/96</p>
<p> Sales		    $800.8	$795.1  $2,355.2   $2,362.3</p>
<p> Net Earnings	     15.7	  35.6	25.0	 39.9</p>
<p> Earnings per Share     0.10	  0.22	0.16	 0.25</p>
<p>Average Shares</p>
<p>  Outstanding	    154.2	 159.1     156.5	158.8</p>
<p>Earnings before Restructuring Charges:</p>
<p>Earnings from Operations before</p>
<p>Restructuring Charges</p>
<p>				15.7	  35.6	25.0	 84.7</p>
<p>EPS from Operations before</p>
<p> Restructuring Charges  0.10	  0.22	0.16	 0.53</p>
<p>The company said its board of directors approved plans to take a $230 million pretax charge in the fourth quarter of fiscal 1997 for a FAS 121 accounting charge and other restructuring actions.</p>
</text>
<copyright>(c) Reuters Limited 1997</copyright>
<metadata>
<codes class="bip:countries:1.0">
  <code code="USA">
    <editdetail attribution="Reuters BIP Coding Group" action="confirmed" date="1997-03-11"/>
  </code>
</codes>
<codes class="bip:industries:1.0">
  <code code="I66100">
    <editdetail attribution="Reuters BIP Coding Group" action="confirmed" date="1997-03-11"/>
  </code>
</codes>
<codes class="bip:topics:1.0">
  <code code="C15">
    <editdetail attribution="Reuters BIP Coding Group" action="confirmed" date="1997-03-11"/>
  </code>
  <code code="C151">
    <editdetail attribution="Reuters BIP Coding Group" action="confirmed" date="1997-03-11"/>
  </code>
  <code code="CCAT">
    <editdetail attribution="Reuters BIP Coding Group" action="confirmed" date="1997-03-11"/>
  </code>
</codes>
<dc element="dc.date.created" value="1997-03-11"/>
<dc element="dc.publisher" value="Reuters Holdings Plc"/>
<dc element="dc.date.published" value="1997-03-11"/>
<dc element="dc.source" value="Reuters"/>
<dc element="dc.creator.location" value="ORLANDO"/>
<dc element="dc.creator.location.country.name" value="USA"/>
<dc element="dc.source" value="Reuters"/>
</metadata>
</newsitem>
