<?xml version="1.0" encoding="iso-8859-1" ?>
<newsitem itemid="432495" id="root" date="1997-03-11" xml:lang="en">
<title>UK: BASKETBALL-EUROLEAGUE RESULTS.</title>
<headline>BASKETBALL-EUROLEAGUE RESULTS.</headline>
<dateline>LONDON 1997-03-11</dateline>
<text>
<p>Results of elimination round second leg matches in the men's EuroLeague on Tuesday:</p>
<p>In Seville: Sevilla (Spain) 75 Teamsystem Bologna (Italy) 79 (halftime 30-42)</p>
<p>Bologna won first leg 73-70 and go through to the quarter-finals  </p>
<p>In Tel Aviv: Maccabi Tel Aviv (Israel) 78 Efes Pilsen (Turkey) 65 (33-30)</p>
<p>Leading scorers:</p>
<p>Maccabi - Buck Johnson 19, Derrick Sharp 15</p>
<p>Efes - Petar Naumoski 16, Vassilij Karasov 15</p>
<p>Efes Pilsen won the first leg 76-67 and the teams will now meet in the deciding leg in Istanbul on Thursday.</p>
<p>In Ljubljana: Ljubljana (Slovenia) 69 Cibona Zagreb (Croatia) 66 (39-37)</p>
<p>Leading scorers:</p>
<p>Ljubljana - Vladimir Stepania 15</p>
<p>Cibona - Muja Omerovic 14</p>
<p>Attendance: 4,000</p>
<p>Cibona won the first leg 61-58 and the teams will now meet in the deciding leg in Zagreb on Thursday.</p>
<p>In Madrid: Estudiantes (Spain) 79 Villeurbanne (France) 77 (44-44)</p>
<p>Villeurbanne won the first leg 97-74 and the team will now meet in the deciding leg in Villeurbanne on Thursday.  </p>
<p>In Limoges: Limoges (France) 55 Panathinaikos (Greece) 70 (23-31)</p>
<p>Leading scorers</p>
<p>Limoges - Nenad Markovic 19, Yann Bonato 16</p>
<p>Panathinaikos - Byron Dinkins 25, Ferran Martinez 16</p>
<p>Panathinaikos won the first leg 68-67 and go through to the quarter-finals  </p>
<p>In Barcelona: Barcelona (Spain) 72 Alba Berlin (Germany) 62 (33-12)</p>
<p>Barcelona won the first leg 95-77 and go through to the quarter-finals.  </p>
<p>In Athens: Olympiakos (Greece) 60 Partisan Belgrade (Yugoslavia) 61 (Halftime 24-27)</p>
<p>Leading scorers:</p>
<p>Olympiakos - Panayiotis Fasoulas 12, David Rivers 11</p>
<p>Partisan - Predrag Drobniak 19, Miroslav Beric 10</p>
<p>Olympiakos won the first leg 81-71 and the teams now meet in the deciding leg in Belgrade on Thursday.  </p>
<p>In Bologna: Kinder Bologna (Italy) 83 Stefanel Milano 76 (44-40)</p>
<p>Leading scorers:</p>
<p>Kinder:  Alessandro Abbio 20, Arijan Komazec 13, Zoran Savic 12.</p>
<p>Stefanel: Warren Kidd 25, Anthony Bowie 15, Gregor Fucka 12, Alessandro De Pol 12.</p>
<p>Stefanel won the first leg 67-59 and teams now meet in deciding leg in Milan on Thursday.</p>
</text>
<copyright>(c) Reuters Limited 1997</copyright>
<metadata>
<codes class="bip:countries:1.0">
  <code code="ITALY">
    <editdetail attribution="Reuters BIP Coding Group" action="confirmed" date="1997-03-11"/>
  </code>
  <code code="SPAIN">
    <editdetail attribution="Reuters BIP Coding Group" action="confirmed" date="1997-03-11"/>
  </code>
  <code code="UK">
    <editdetail attribution="Reuters BIP Coding Group" action="confirmed" date="1997-03-11"/>
  </code>
</codes>
<codes class="bip:topics:1.0">
  <code code="GCAT">
    <editdetail attribution="Reuters BIP Coding Group" action="confirmed" date="1997-03-11"/>
  </code>
  <code code="GSPO">
    <editdetail attribution="Reuters BIP Coding Group" action="confirmed" date="1997-03-11"/>
  </code>
</codes>
<dc element="dc.date.created" value="1997-03-11"/>
<dc element="dc.publisher" value="Reuters Holdings Plc"/>
<dc element="dc.date.published" value="1997-03-11"/>
<dc element="dc.source" value="Reuters"/>
<dc element="dc.creator.location" value="LONDON"/>
<dc element="dc.creator.location.country.name" value="UK"/>
<dc element="dc.source" value="Reuters"/>
</metadata>
</newsitem>
