<?xml version="1.0" encoding="iso-8859-1" ?>
<newsitem itemid="432421" id="root" date="1997-03-11" xml:lang="en">
<title>USA: ComEd shutting Quad Cities 1 for 3-4 days.</title>
<headline>ComEd shutting Quad Cities 1 for 3-4 days.</headline>
<dateline>NEW YORK 1997-03-11</dateline>
<text>
<p>Commonwealth Edison Co is shutting its 789 megawatt (MW) Quad Cities 1 nuclear power plant for three to four days, the Nuclear Regulatory Commission (NRC) said Tuesday.</p>
<p>The unit, in Cordova, Ill., was at 60 percent of its rated capacity early Tuesday and coasting down to a cold shutdown, the NRC said in its daily plant status report.  </p>
<p>A ComEd spokesman was not immediately available for comment.</p>
<p>Six of ComEd's 12 nuclear power units in Illinois, including Quad Cities 1, are now out of service, for a combined total generation capacity of 5,814 MW.</p>
<p>The 1,078 MW LaSalle unit 1 in Seneca, Ill., has been shut since September, 1996 for a maintenance outage and is tentatively scheduled to return to service in mid-April.</p>
<p>The adjacent 1,078 MW LaSalle unit 2 has been shut since September, 1996 for a maintenance and refueling outage, with no restart date set.  </p>
<p>The 789 MW Quad Cities unit 2, also in Cordova, has been shut since March 1 for scheduled refueling and maintenance and is expected to return to service in early May.</p>
<p>Also, the 1,040 MW Zion unit 1 in Zion, Ill., has been shut since late February for repairs to a diesel generator, and is expected to return to service in early May.</p>
<p>The adjoining 1,040 MW Zion unit 2 has been shut since September, 1996 for refueling and is expected to return to service in mid-April.</p>
<p>As of early Tuesday, several ComEd nuclear units were also operating at a reduced power level, the NRC said.</p>
<p>The 794 MW Dresden unit 3 was operating at 66 percent of capacity early Tuesday as it coasts down to a refueling outage set to begin March 30, the NRC said.</p>
<p>The 1,105 Byron unit 2 in Byron, Ill., was operating at 68 percent as of early Tuesday and was reducing to 50 percent of output to correct a secondary system chemistry problem, the NRC said.</p>
<p>((--New York Power Desk +1 212 859 1627))</p>
</text>
<copyright>(c) Reuters Limited 1997</copyright>
<metadata>
<codes class="bip:countries:1.0">
  <code code="USA">
    <editdetail attribution="Reuters BIP Coding Group" action="confirmed" date="1997-03-11"/>
  </code>
</codes>
<codes class="bip:industries:1.0">
  <code code="I16100">
    <editdetail attribution="Reuters BIP Coding Group" action="confirmed" date="1997-03-11"/>
  </code>
  <code code="I1610109">
    <editdetail attribution="Reuters BIP Coding Group" action="confirmed" date="1997-03-11"/>
  </code>
</codes>
<codes class="bip:topics:1.0">
  <code code="C13">
    <editdetail attribution="Reuters BIP Coding Group" action="confirmed" date="1997-03-11"/>
  </code>
  <code code="C24">
    <editdetail attribution="Reuters BIP Coding Group" action="confirmed" date="1997-03-11"/>
  </code>
  <code code="CCAT">
    <editdetail attribution="Reuters BIP Coding Group" action="confirmed" date="1997-03-11"/>
  </code>
</codes>
<dc element="dc.date.created" value="1997-03-11"/>
<dc element="dc.publisher" value="Reuters Holdings Plc"/>
<dc element="dc.date.published" value="1997-03-11"/>
<dc element="dc.source" value="Reuters"/>
<dc element="dc.creator.location" value="NEW YORK"/>
<dc element="dc.creator.location.country.name" value="USA"/>
<dc element="dc.source" value="Reuters"/>
</metadata>
</newsitem>
