<?xml version="1.0" encoding="iso-8859-1" ?>
<newsitem itemid="432403" id="root" date="1997-03-11" xml:lang="en">
<title>USA: RightChoice, Mo. Blues say end BJC talks.</title>
<headline>RightChoice, Mo. Blues say end BJC talks.</headline>
<dateline>ST. LOUIS 1997-03-11</dateline>
<text>
<p>Blue Cross and Blue Shield of Missouri and its for-profit subsidairy, RightChoice Managed Care Inc, said jointly Tuesday that they have ended discussions with BJC Health System concerning a possible alliance or business combination.</p>
<p>&quot;Following extensive review with the Blue Cross and Blue Shield Association and BJC Health System, the boards of BCBSMo and RightChoice determined that current BCBSA rules are not sufficiently flexible to allow the creation of a vertically integrated structure that will achieve the desired benefits for members and shareholders,&quot; the organizations said.  </p>
<p>The Missouri Blues and RightChoice boards said, &quot;It would not be prudent to further pursue a vertical alliance or combination at this time.&quot; The two organizations should focus on &quot;strengthening core business, resolving regulatory issues, enhancing customer service and competitiveness, and improving profitability,&quot; they said.</p>
<p>The boards will pursue &quot;a policy of independence for BCBSMo and RightChoice for the foreseeable future.&quot; But, at the same time, they said, &quot;The boards will continue to examine acquisitions, mergers, joint ventures and other business opportunities when they arise.&quot;  </p>
<p>RightChoice was spun off from the Missouri Blues as a for-profit unit in 1994.</p>
<p>((--Chicago Newsdesk 312-408-8787))</p>
</text>
<copyright>(c) Reuters Limited 1997</copyright>
<metadata>
<codes class="bip:countries:1.0">
  <code code="USA">
    <editdetail attribution="Reuters BIP Coding Group" action="confirmed" date="1997-03-11"/>
  </code>
</codes>
<codes class="bip:industries:1.0">
  <code code="I82003">
    <editdetail attribution="Reuters BIP Coding Group" action="confirmed" date="1997-03-11"/>
  </code>
  <code code="I95100">
    <editdetail attribution="Reuters BIP Coding Group" action="confirmed" date="1997-03-11"/>
  </code>
</codes>
<codes class="bip:topics:1.0">
  <code code="C11">
    <editdetail attribution="Reuters BIP Coding Group" action="confirmed" date="1997-03-11"/>
  </code>
  <code code="CCAT">
    <editdetail attribution="Reuters BIP Coding Group" action="confirmed" date="1997-03-11"/>
  </code>
</codes>
<dc element="dc.date.created" value="1997-03-11"/>
<dc element="dc.publisher" value="Reuters Holdings Plc"/>
<dc element="dc.date.published" value="1997-03-11"/>
<dc element="dc.source" value="Reuters"/>
<dc element="dc.creator.location" value="ST. LOUIS"/>
<dc element="dc.creator.location.country.name" value="USA"/>
<dc element="dc.source" value="Reuters"/>
</metadata>
</newsitem>
