<?xml version="1.0" encoding="iso-8859-1" ?>
<newsitem itemid="432420" id="root" date="1997-03-11" xml:lang="en">
<title>USA: USDA March 11 world grain highlights.</title>
<headline>USDA March 11 world grain highlights.</headline>
<dateline>WASHINGTON 1997-03-11</dateline>
<text>
<p>Soybean crop prospects improved in Brazil, and the Agriculture Department increased its 1996/97 harvest forecast to 27.0 million tonnes.</p>
<p>USDA raised Brazil's soybean export projection to 5.20 million tonnes, up from last month's estimate of 4.20 million.</p>
<p>USDA left unchanged the Argentine soybean harvest at 13.5 million tonnes in its monthly report on world crops Tuesday. Argentina's soybean exports were pegged at 2.00 million tonnes, down from last month's 2.50 million tonne estimate.  </p>
<p>China soybean imports were increased to 1.9 million tonnes, up 200,000 from last month's estimate, and China soybean production was estimated at 13.0 million tonnes, up 500,000.</p>
<p>World oilseed production was raised to 259.1 million tonnes due to improved soybean crops in Brazil, Paraguay and China, and increased rapeseed production in India and China.</p>
<p>Australia wheat exports were raised 500,000 tonnes to 17.0 million, and its production estimate was raised to 23.50 million tonnes.  </p>
<p>World grain crops will total 1,844.07 million tonnes in 1996/97, down from last month's estimate of 1,846.63 million tonnes but above last year's 1,706.97 million.</p>
<p>Smaller coarse grain crops in South Africa and India were offset by larger output in Argentina, Australia and the European Union.</p>
<p>World wheat was pegged at 581.46 million tonnes, coarse grains at 887.74 million, rice at 374.87 million, and cotton at 86.34 million bales.  </p>
<p>    SOYBEANS:	 1996/97		  1995/96</p>
<p> (Mln Tonnes)  03/01/97  02/01/97   03/01/97  02/01/97</p>
<p> Brazil Crop	27.00    26.50	 23.70    23.40</p>
<p> Brazil Exports    5.20     4.20	  3.30     3.20</p>
<p> Argentina Crop   13.50    13.50	 12.64    12.64</p>
<p> Argent.Exports    2.00     2.50	  2.00     2.20</p>
<p> EU Imports	 14.70    14.50	 14.22    14.22</p>
<p>    CORN:	     1996/97		  1995/96</p>
<p> (Mln tonnes)  03/01/97  02/01/97   03/01/97  02/01/97</p>
<p> Argentina Crop   14.50    14.50	 11.10    11.10</p>
<p> Argentin.Exports  8.75     8.75	  6.90     6.90</p>
<p>    CORN:	     1996/97		  1995/96</p>
<p> (Mln tonnes)  03/01/97  02/01/97   03/01/97  02/01/97</p>
<p> S.Africa Crop     8.50     9.50	 10.20    10.20</p>
<p> S.Africa Exports  1.00     1.00	  2.00     2.00</p>
<p> China Imports     0.05     0.05	  1.48     1.48</p>
<p>    WHEAT:	    1996/97		  1995/96</p>
<p> (Mln Tonnes)  03/01/97  02/01/97   03/01/97  02/01/97</p>
<p> Australia Crop   23.50    23.10	 16.98    16.98</p>
<p> Austral.Exports  17.00    16.50	 13.30    13.30</p>
<p> Argentina Crop   15.50    15.50	  9.20     9.20</p>
<p> Argentin.Exports 11.00    11.00	  4.95     4.95</p>
<p>    WHEAT:	    1996/97		  1995/96</p>
<p> (Mln Tonnes)  03/01/97  02/01/97   03/01/97  02/01/97</p>
<p> China Imports     4.00     4.00	 12.00    12.00</p>
<p> EU Exports	 29.50    28.20	 29.16    29.16</p>
</text>
<copyright>(c) Reuters Limited 1997</copyright>
<metadata>
<codes class="bip:countries:1.0">
  <code code="ARG">
    <editdetail attribution="Reuters BIP Coding Group" action="confirmed" date="1997-03-11"/>
  </code>
  <code code="BRAZ">
    <editdetail attribution="Reuters BIP Coding Group" action="confirmed" date="1997-03-11"/>
  </code>
  <code code="USA">
    <editdetail attribution="Reuters BIP Coding Group" action="confirmed" date="1997-03-11"/>
  </code>
</codes>
<codes class="bip:industries:1.0">
  <code code="I01001">
    <editdetail attribution="Reuters BIP Coding Group" action="confirmed" date="1997-03-11"/>
  </code>
  <code code="I0100132">
    <editdetail attribution="Reuters BIP Coding Group" action="confirmed" date="1997-03-11"/>
  </code>
</codes>
<codes class="bip:topics:1.0">
  <code code="C21">
    <editdetail attribution="Reuters BIP Coding Group" action="confirmed" date="1997-03-11"/>
  </code>
  <code code="CCAT">
    <editdetail attribution="Reuters BIP Coding Group" action="confirmed" date="1997-03-11"/>
  </code>
  <code code="M14">
    <editdetail attribution="Reuters BIP Coding Group" action="confirmed" date="1997-03-11"/>
  </code>
  <code code="M141">
    <editdetail attribution="Reuters BIP Coding Group" action="confirmed" date="1997-03-11"/>
  </code>
  <code code="MCAT">
    <editdetail attribution="Reuters BIP Coding Group" action="confirmed" date="1997-03-11"/>
  </code>
</codes>
<dc element="dc.date.created" value="1997-03-11"/>
<dc element="dc.publisher" value="Reuters Holdings Plc"/>
<dc element="dc.date.published" value="1997-03-11"/>
<dc element="dc.source" value="Reuters"/>
<dc element="dc.creator.location" value="WASHINGTON"/>
<dc element="dc.creator.location.country.name" value="USA"/>
<dc element="dc.source" value="Reuters"/>
</metadata>
</newsitem>
