<?xml version="1.0" encoding="iso-8859-1" ?>
<newsitem itemid="432430" id="root" date="1997-03-11" xml:lang="en">
<title>USA: IVAX Corp Q4 loss vs profit.</title>
<headline>IVAX Corp Q4 loss vs profit.</headline>
<dateline>MIAMI 1997-03-11</dateline>
<text>
<p>Results of Operations (In thousands, except per share data)</p>
<p>				Three Months	  Twelve Months</p>
<p>				1996    1995	  1996	1995</p>
<p> Net revenues	  $320,659 $361,790  $1,151,307 $1,259,766</p>
<p>Total operating</p>
<p>    expenses	     124,304  108,580     573,601   376,303</p>
<p>Income (loss) from</p>
<p>    operations	   (5,652)   38,854   (196,662)   147,427</p>
<p> Net Income (loss)     (1,975)   35,791   (160,752)   114,835</p>
<p>Earnings (loss) per share:</p>
<p>Earnings (loss) before</p>
<p>  extraordinary items   (0.02)     0.30	(1.31)	0.96</p>
<p> Extraordinary items	  --	 --	(0.02)	  --</p>
<p> Net earnings (loss)    (0.02)     0.30	(1.33)	0.96</p>
<p>Average Shares</p>
<p> Outstanding:	   121,473  120,373     120,949   119,253</p>
<p>((--New York Newsdesk 212 859-1610))</p>
</text>
<copyright>(c) Reuters Limited 1997</copyright>
<metadata>
<codes class="bip:countries:1.0">
  <code code="USA">
    <editdetail attribution="Reuters BIP Coding Group" action="confirmed" date="1997-03-11"/>
  </code>
</codes>
<codes class="bip:industries:1.0">
  <code code="I25700">
    <editdetail attribution="Reuters BIP Coding Group" action="confirmed" date="1997-03-11"/>
  </code>
</codes>
<codes class="bip:topics:1.0">
  <code code="C15">
    <editdetail attribution="Reuters BIP Coding Group" action="confirmed" date="1997-03-11"/>
  </code>
  <code code="C151">
    <editdetail attribution="Reuters BIP Coding Group" action="confirmed" date="1997-03-11"/>
  </code>
  <code code="C1511">
    <editdetail attribution="Reuters BIP Coding Group" action="confirmed" date="1997-03-11"/>
  </code>
  <code code="CCAT">
    <editdetail attribution="Reuters BIP Coding Group" action="confirmed" date="1997-03-11"/>
  </code>
</codes>
<dc element="dc.date.created" value="1997-03-11"/>
<dc element="dc.publisher" value="Reuters Holdings Plc"/>
<dc element="dc.date.published" value="1997-03-11"/>
<dc element="dc.source" value="Reuters"/>
<dc element="dc.creator.location" value="MIAMI"/>
<dc element="dc.creator.location.country.name" value="USA"/>
<dc element="dc.source" value="Reuters"/>
</metadata>
</newsitem>
