<?xml version="1.0" encoding="iso-8859-1" ?>
<newsitem itemid="432485" id="root" date="1997-03-11" xml:lang="en">
<title>RUSSIA: SOCCER-RUSSIA'S PROMOTED &quot;TYRE MEN&quot; FACE BUMPY RIDE.</title>
<headline>SOCCER-RUSSIA'S PROMOTED &quot;TYRE MEN&quot; FACE BUMPY RIDE.</headline>
<byline>Alastair Macdonald</byline>
<dateline>YAROSLAVL, Russia 1997-03-11</dateline>
<text>
<p>The ice is beginning to thaw at Yaroslavl's Shinnik stadium and the Russian premier league's provincial new recruits are bracing for Sunday's start of the 1997 season with a mixture of hope and trepidation.</p>
<p>Their hope springs eternal. Their trepidation is that avoiding an early exit from a division dominated by relatively monied sides from Moscow is no pushover for the local tyre works side among the poorest in the top flight.</p>
<p>&quot;The main thing is for us to hang on to our place in the top division,&quot; Shinnik chairman Valery Frolov told Reuters in his office in Yaroslavl, 260 km (160 miles) north of the capital. &quot;We live in hope and will do our best but it won't be easy.&quot;</p>
<p>Outside, the unroofed stadium needs a lick of paint, a new scoreboard, and new seats although average attendance at the 24,000-seater ground last year was 5,000.</p>
<p>Sunday's opening fixture against Torpedo-Luzhniki from Moscow will usher in only Shinnik's third season in top flight football, just as the club, founded by the local Shinnik (Tyremaker) tyre factory, celebrates its 40th anniversary. The 1963 and 1992 &quot;promotion&quot; seasons ended with instant relegation.</p>
<p>Yaroslavl, an ancient city of onion-domed buildings on the northern Volga, is not unused to sporting success but, fittingly for its climate, it has always come in the shape of Torpedo Yaroslavl ice hockey club.</p>
<p>Frolov, who played up front for Spartak Moscow in the 1970s, knows life will be tough against Moscow's big teams.</p>
<p>The Shinnik plant, like most Russian industry, is in deep trouble. Yaroslavl governor Anatoly Lisitsyn bankrolled the team to the runners-up spot in last year's first division but his resources pale in comparison to what Moscow city council could call on to bail out Torpedo from the bankrupt ZiL car plant.</p>
<p>Shinnik coach Anatoly Polosin's share of an annual club budget of 10 billion roubles ($1.8 million) -- about enough to buy Alan Shearer's left foot -- does not go far.</p>
<p>&quot;We're not experimenting but have kept the bones of the team unchanged and brought in some new blood,&quot; Frolov says of the side currently in pre-season training in Cyprus.</p>
<p>His promise that wages, though modest, will be paid on time, is tempting for many players used to waiting months to get paid.</p>
<p>It did not stop Shinnik losing top scorer Valery Yablochkin to Lokomotiv Moscow this winter. Polosin trawled last season's relegation victims to pick up striker Mikhail Nikitin from Lada Togliatti and veteran Kamyshin goalkeeper Anatoly Kornyukhin.</p>
<p>Promotion is also costing Yaroslavl a hefty $200,000 in undersoil heating. Their failure to install it before now means they will play Sunday's &quot;home&quot; fixture against Torpedo 1,500 km (900 miles) to the south in Krasnodar.</p>
<p>Frolov says he has no choice but to pay up. If Shinnik has no heating by the time the ice returns to the Volga at the end of September they will be docked six points -- which Frolov reckons could spell the end of their third spell in the premier league.</p>
<p>Offering bonuses, he has set the team the task of finishing in the top 10 in the 18-club premier league.</p>
<p>There is little room for mistakes. Frolov admits Russian soccer is half a dozen top clubs and the rest. Next year's premier league will be cut to 16 teams and could shrink further.</p>
<p>So, wary of comparison with Rotor Volgograd and 1995 champions Alania Vladikavkaz, the only provincials to threaten Moscow's grip on the post-Soviet league, Frolov is a realist.</p>
<p>&quot;All the leading clubs can lose points and lose games,&quot; he said. &quot;The more they lose, the better for Russian football.&quot;</p>
</text>
<copyright>(c) Reuters Limited 1997</copyright>
<metadata>
<codes class="bip:countries:1.0">
  <code code="RUSS">
    <editdetail attribution="Reuters BIP Coding Group" action="confirmed" date="1997-03-11"/>
  </code>
</codes>
<codes class="bip:topics:1.0">
  <code code="GCAT">
    <editdetail attribution="Reuters BIP Coding Group" action="confirmed" date="1997-03-11"/>
  </code>
  <code code="GSPO">
    <editdetail attribution="Reuters BIP Coding Group" action="confirmed" date="1997-03-11"/>
  </code>
</codes>
<dc element="dc.date.created" value="1997-03-11"/>
<dc element="dc.publisher" value="Reuters Holdings Plc"/>
<dc element="dc.date.published" value="1997-03-11"/>
<dc element="dc.source" value="Reuters"/>
<dc element="dc.creator.location" value="YAROSLAVL, Russia"/>
<dc element="dc.creator.location.country.name" value="RUSSIA"/>
<dc element="dc.source" value="Reuters"/>
</metadata>
</newsitem>
