<?xml version="1.0" encoding="iso-8859-1" ?>
<newsitem itemid="432432" id="root" date="1997-03-11" xml:lang="en">
<title>USA: Petroleum Heat Q4 shr loss $0.02 vs profit.</title>
<headline>Petroleum Heat Q4 shr loss $0.02 vs profit.</headline>
<dateline>STAMFORD, Conn. 1997-03-11</dateline>
<text>
<p>1996			1995</p>
<p> Shr primary loss	 $0.02   profit	 $0.25</p>
<p> Net loss		     611   profit	 6,268</p>
<p> Revs		     186,101		  204,590</p>
<p> Avg shrs primary	25,714		   25,451</p>
<p>	  12 MONTHS</p>
<p> Shr primary loss	 $1.20     loss	 $1.06</p>
<p> Net loss		  30,704     loss	26,742</p>
<p> Revs		     608,161		  609,507</p>
<p> Avg shrs primary	25,581		   25,309</p>
<p>(All data above in thousands, except per share)</p>
<p>NOTE: Full name is Petroleum Heat and Power Co.</p>
</text>
<copyright>(c) Reuters Limited 1997</copyright>
<metadata>
<codes class="bip:countries:1.0">
  <code code="USA">
    <editdetail attribution="Reuters BIP Coding Group" action="confirmed" date="1997-03-11"/>
  </code>
</codes>
<codes class="bip:industries:1.0">
  <code code="I65400">
    <editdetail attribution="Reuters BIP Coding Group" action="confirmed" date="1997-03-11"/>
  </code>
</codes>
<codes class="bip:topics:1.0">
  <code code="C15">
    <editdetail attribution="Reuters BIP Coding Group" action="confirmed" date="1997-03-11"/>
  </code>
  <code code="C151">
    <editdetail attribution="Reuters BIP Coding Group" action="confirmed" date="1997-03-11"/>
  </code>
  <code code="C1511">
    <editdetail attribution="Reuters BIP Coding Group" action="confirmed" date="1997-03-11"/>
  </code>
  <code code="CCAT">
    <editdetail attribution="Reuters BIP Coding Group" action="confirmed" date="1997-03-11"/>
  </code>
</codes>
<dc element="dc.date.created" value="1997-03-11"/>
<dc element="dc.publisher" value="Reuters Holdings Plc"/>
<dc element="dc.date.published" value="1997-03-11"/>
<dc element="dc.source" value="Reuters"/>
<dc element="dc.creator.location" value="STAMFORD, Conn."/>
<dc element="dc.creator.location.country.name" value="USA"/>
<dc element="dc.source" value="Reuters"/>
</metadata>
</newsitem>
