<?xml version="1.0" encoding="iso-8859-1" ?>
<newsitem itemid="432483" id="root" date="1997-03-11" xml:lang="en">
<title>USA: FIGURE SKATING-ELDREDGE NURSING LEG AS WORLDS APPROACH.</title>
<headline>FIGURE SKATING-ELDREDGE NURSING LEG AS WORLDS APPROACH.</headline>
<byline>Laurie Nealin</byline>
<dateline>BLOOMFIELD HILLS, Michigan 1997-03-10</dateline>
<text>
<p>With just six days to go before Todd Eldredge begins his defence of his world figure skating crown in Lausanne, Switzerland, the four-time national champ is nursing an injured ankle.</p>
<p>&quot;Last Thursday during practice I over-rotated a triple Axel and my right free leg went into the ice really hard, jammed and I sprained my ankle. I'm going to therapy twice a day, getting ultrasound and icing it before and after I skate,&quot; Eldredge, 25, said on Monday in a teleconference from his Bloomfield Hills training site 30 miles north of Detroit.</p>
<p>&quot;It started feeling better yesterday,&quot; he said Monday, noting he had been able to skate his programme earlier in the morning and missed only one element. &quot;It's tender but I've got 'til Sunday for the qualifying round.&quot; (This year all skaters, even the reigning champ, must compete in the qualifier to earn a berth in the actual Championship.)</p>
<p>The injury forced Eldredge off the ice for two days last week and has all but dashed his hopes of adding a quadruple jump to his repertoire at Worlds since the take-off for that daunting jump could put too much pressure on his injured foot.</p>
<p>Ironically, Eldredge said he had landed a quadruple toe loop just seconds before the Axel went awry.</p>
<p>Even before the mishap, however, Eldredge faced an uphill battle in Lausanne following his second place finish at the Champions Series Final 10 days ago. In that event, the Massachusetts-born athlete was held at bay by the sport's technical wizard Elvis Stojko, Canada's 1994 and 1995 world champ, who also made history there by landing the world's first quadruple-triple jump combination.</p>
<p>When arch rivals Alexei Urmanov and Ilia Kulik, of Russia, also nailed their quadruple jumps that left Eldredge with the only quad-free programme among the prime contenders for world gold.</p>
<p>&quot;With the foot the way it is, the quad's not in the programme now. When we get (to Switzerland), we'll think about it but right now I don't see that happening,&quot; Eldredge said frankly. &quot;I don't think the quad is a must. If you do it, they'll give you an extra tenth (of a point) on the technical mark but what it comes down to is the most well-rounded programme is going to win.&quot;</p>
<p>Although Eldredge remained optimistic that he could win next week he noted, &quot;The sport has changed so much that there's four or five guys that are equally as good and could win it on a given night.</p>
<p>&quot;Elvis skated great (at the Series Final) and if he goes to World's and skates like that, he'll be tough to beat.&quot;</p>
<p>Meanwhile, Eldredge's training mate and U.S. women's champion Tara Lipinski, 14, seems to be sailing along without a care in the world after scoring major upsets in her last two outings.</p>
<p>In February she unseated world champion Michelle Kwan for the U.S. title and two weeks later, delivered a carbon copy of that performance for another surprise win over Kwan and three experienced Russian women at the Champions Series Final.</p>
<p>The whirling dervish from Sugar Land, Texas, who finished only 15th at the 1996 Worlds, has little to lose and everything to gain in Lausanne.</p>
<p>&quot;I don't feel much pressure going in,&quot; she said. &quot;I can only get better.</p>
<p>&quot;It would be very hard (to win). Anything could happen but everyone's going to be there trying to skate their best,&quot; said Lipinski refusing to address her medal potential.</p>
<p>Last fall before she began winning medal after medal on the international circuit, Lipinski stated her long-term goal was to win the Olympics. She didn't say which one.</p>
<p>But her coach Richard Callaghan, who also trains Eldredge, believes Lipinski can win both the 1998 and 2002 Games. For Lipinski, however, merely qualifying for the 1998 Olympic team will be a dream come true.</p>
<p>In addition to Eldredge, Lipinski and Kwan, three other U.S. skaters will compete in the men's and women's events in Lausanne. They are Michael Weiss, 20, Dan Hollander, 24, and '95 national champ Nicole Bobek, 19.</p>
</text>
<copyright>(c) Reuters Limited 1997</copyright>
<metadata>
<codes class="bip:countries:1.0">
  <code code="USA">
    <editdetail attribution="Reuters BIP Coding Group" action="confirmed" date="1997-03-11"/>
  </code>
</codes>
<codes class="bip:topics:1.0">
  <code code="GCAT">
    <editdetail attribution="Reuters BIP Coding Group" action="confirmed" date="1997-03-11"/>
  </code>
  <code code="GSPO">
    <editdetail attribution="Reuters BIP Coding Group" action="confirmed" date="1997-03-11"/>
  </code>
</codes>
<dc element="dc.date.created" value="1997-03-10"/>
<dc element="dc.publisher" value="Reuters Holdings Plc"/>
<dc element="dc.date.published" value="1997-03-11"/>
<dc element="dc.source" value="Reuters"/>
<dc element="dc.creator.location" value="BLOOMFIELD HILLS, Michigan"/>
<dc element="dc.creator.location.country.name" value="USA"/>
<dc element="dc.source" value="Reuters"/>
</metadata>
</newsitem>
