<?xml version="1.0" encoding="iso-8859-1" ?>
<newsitem itemid="432481" id="root" date="1997-03-11" xml:lang="en">
<title>USA: TENNIS-VICARIO ADVANCES, HUBER IS ELIMINATED.</title>
<headline>TENNIS-VICARIO ADVANCES, HUBER IS ELIMINATED.</headline>
<dateline>INDIAN WELLS, California 1997-03-11</dateline>
<text>
<p>Top-seeded Arantxa Sanchez Vicario of Spain played a focused third round match to advance at the Evert Cup Monday, but third-seeded Anke Huber of Germany failed to move into the quarterfinals on Monday.</p>
<p>The fourth-ranked Sanchez Vicario, who hasn't won a tournament since Hamburg last May, looked extremely comfortable taking a 6-1 6-3  match over 38th-ranked Asa Carlsson of Sweden.</p>
<p>&quot;Today's match shows that I was more focused and more concentrated and I was in control of the match since the beginning,&quot; Sanchez Vicario said. &quot;I felt very confident and I was not missing so many shots. I was serving pretty well and having the control of the points pretty quickly so she was not having so many chances.&quot;</p>
<p>In contrast, the seventh-ranked Huber couldn't find a winning form, falling 6-4 6-3 to the 13th-seeded Nathalie Tauziat of France.</p>
<p>&quot;I think I just couldn't find the rhythm and she played well,&quot; Huber said. &quot;I didn't play well already in practice, so my confidence wasn't that good.&quot;</p>
<p>Two of the women's quarterfinal match-ups were decided Monday.  </p>
<p>Sanchez Vicario will meet 33rd-ranked Sadrine Testud of France in one quarterfinal, while Tauziat takes on sixth-seeded Irina Spirlea of Romania.</p>
<p>This marks the first WTA Tour stop that Sanchez Vicario is working with eldest brother, Emilio, as her full-time coach.</p>
<p>Sanchez Vicario only lost three points on the way to winning the first four games of the match. Carlsson only held her serve in the fifth game of that first set.</p>
<p>The Spaniard took advantage of all five service break opportunities presented in the match -- in the first, third and seventh games of the first set and the fourth and sixth games of the second set.</p>
<p>Carlsson was successful in breaking Sanchez Vicario's serve the one time she was in position to do so, in the third game of the second set, but it was of little consequence in the match.</p>
<p>&quot;I had a very bad start,&quot; Carlsson said. &quot;I was too impatient and I couldn't wait for the right ball to come. I played some good points, but it was too much up and down.&quot;</p>
<p>The 21st-ranked Tauziat kept Huber at bay with a variety of shot making that kept the German guessing.</p>
<p>The Frenchwoman served particularly well at the end of the match, scoring four of her six aces in her final two service games.</p>
<p>&quot;I served pretty good in the second set,&quot; Tauziat said. &quot;When I serve good I am really confident. I think the serve was a little bit the key of the match.&quot;</p>
<p>Huber led 3-1 in the first set, but fell apart from that point on.</p>
<p>At 2-2 in the second set, Tauziat won four of the last five games.</p>
</text>
<copyright>(c) Reuters Limited 1997</copyright>
<metadata>
<codes class="bip:countries:1.0">
  <code code="USA">
    <editdetail attribution="Reuters BIP Coding Group" action="confirmed" date="1997-03-11"/>
  </code>
</codes>
<codes class="bip:topics:1.0">
  <code code="GCAT">
    <editdetail attribution="Reuters BIP Coding Group" action="confirmed" date="1997-03-11"/>
  </code>
  <code code="GSPO">
    <editdetail attribution="Reuters BIP Coding Group" action="confirmed" date="1997-03-11"/>
  </code>
</codes>
<dc element="dc.date.created" value="1997-03-11"/>
<dc element="dc.publisher" value="Reuters Holdings Plc"/>
<dc element="dc.date.published" value="1997-03-11"/>
<dc element="dc.source" value="Reuters"/>
<dc element="dc.creator.location" value="INDIAN WELLS, California"/>
<dc element="dc.creator.location.country.name" value="USA"/>
<dc element="dc.source" value="Reuters"/>
</metadata>
</newsitem>
