<?xml version="1.0" encoding="iso-8859-1" ?>
<newsitem itemid="432407" id="root" date="1997-03-11" xml:lang="en">
<title>USA: Manchester Equipment Co Inc Q2 shr $0.10.</title>
<headline>Manchester Equipment Co Inc Q2 shr $0.10.</headline>
<dateline>HAUPPAUGE, N.Y. 1997-03-11</dateline>
<text>
<p>Condensed Consolidated Statement of Income</p>
<p>	     (In thousands except share and per share amounts)</p>
<p>			    Three months ended    Six months ended</p>
<p>				  January 31,	    January 31,</p>
<p>				1997     1996	  1997	 1996</p>
<p> Revenues		 $44,684 $46,994	$95,671    $90,500</p>
<p> Cost of revenues	38,383  40,405	 82,191     77,968</p>
<p> Gross profit	     6,301   6,589	 13,480     12,532</p>
<p>Selling, general and</p>
<p>administrative expenses</p>
<p>				5,105   4,951	 10,293	9,260</p>
<p>Income from operations</p>
<p>				1,196   1,638	  3,187	3,272</p>
<p> Interest expense	  (71)   (105)	  (191)	(190)</p>
<p> Interest income	    122	 4	    127	   10</p>
<p> Other income (expense)    23     (6)	     23	  (7)</p>
<p>Income before</p>
<p>   income taxes	   1,270   1,531	  3,146	3,085</p>
<p>Provision for</p>
<p>   income taxes	     521     616	  1,296	1,241</p>
<p> Net income		   749     915	  1,850	1,844</p>
<p> Net income per share    0.10    0.15	   0.26	 0.29</p>
<p>Weighted average shares</p>
<p> outstanding	  7,867,935 6,262,626  7,033,968  6,262,626</p>
<p>((--New York Newsdesk 212 859-1610))</p>
</text>
<copyright>(c) Reuters Limited 1997</copyright>
<metadata>
<codes class="bip:countries:1.0">
  <code code="USA">
    <editdetail attribution="Reuters BIP Coding Group" action="confirmed" date="1997-03-11"/>
  </code>
</codes>
<codes class="bip:industries:1.0">
  <code code="I33020">
    <editdetail attribution="Reuters BIP Coding Group" action="confirmed" date="1997-03-11"/>
  </code>
</codes>
<codes class="bip:topics:1.0">
  <code code="C15">
    <editdetail attribution="Reuters BIP Coding Group" action="confirmed" date="1997-03-11"/>
  </code>
  <code code="C151">
    <editdetail attribution="Reuters BIP Coding Group" action="confirmed" date="1997-03-11"/>
  </code>
  <code code="CCAT">
    <editdetail attribution="Reuters BIP Coding Group" action="confirmed" date="1997-03-11"/>
  </code>
</codes>
<dc element="dc.date.created" value="1997-03-11"/>
<dc element="dc.publisher" value="Reuters Holdings Plc"/>
<dc element="dc.date.published" value="1997-03-11"/>
<dc element="dc.source" value="Reuters"/>
<dc element="dc.creator.location" value="HAUPPAUGE, N.Y."/>
<dc element="dc.creator.location.country.name" value="USA"/>
<dc element="dc.source" value="Reuters"/>
</metadata>
</newsitem>
