<?xml version="1.0" encoding="iso-8859-1" ?>
<newsitem itemid="432433" id="root" date="1997-03-11" xml:lang="en">
<title>USA: Marisa Christina Inc Q4 net falls. [CORRECTED 16:25 GMT]</title>
<headline>Marisa Christina Inc Q4 net falls. [CORRECTED 16:25 GMT]</headline>
<dateline>NEW YORK 1997-03-11</dateline>
<text>
<p>(In thousands, except per share amounts)</p>
<p>			    Three Months Ended  Twelve Months Ended</p>
<p>					 December 31,   December 31,</p>
<p>				    1996	 1995     1996     1995</p>
<p> Net sales		    $32,739   $25,515 $115,537  $86,763</p>
<p> Cost of goods sold	  22,003    15,294   75,585   52,069</p>
<p>  Gross profit		 10,736    10,221   39,952   34,694</p>
<p>Selling, general and</p>
<p>  administrative expenses   6,916     5,266   29,468   19,474</p>
<p> Operating earnings	   3,820     4,955   10,484   15,220</p>
<p> Other income		     571	  76    2,293	700</p>
<p>Interest (expense)</p>
<p>  income, net		   (212)	 211    (857)	714</p>
<p>Earnings before provision for</p>
<p>  income taxes		  4,179     5,242   11,920   16,634</p>
<p>(Company corrects earnings before provision for income taxes figure for fiscal 1996 from $1,920)</p>
<p>Provision for income taxes</p>
<p>				    1,529     2,024    4,543    6,486</p>
<p> Net earnings		   2,650     3,218    7,377   10,148</p>
<p> Earnings per common share   0.32	0.38     0.87     1.20</p>
<p>Weighted average shares</p>
<p>  outstanding		   8,385     8,434    8,494    8,434</p>
</text>
<copyright>(c) Reuters Limited 1997</copyright>
<metadata>
<codes class="bip:countries:1.0">
  <code code="USA">
    <editdetail attribution="Reuters BIP Coding Group" action="confirmed" date="1997-03-11"/>
  </code>
</codes>
<codes class="bip:industries:1.0">
  <code code="I45300">
    <editdetail attribution="Reuters BIP Coding Group" action="confirmed" date="1997-03-11"/>
  </code>
</codes>
<codes class="bip:topics:1.0">
  <code code="C15">
    <editdetail attribution="Reuters BIP Coding Group" action="confirmed" date="1997-03-11"/>
  </code>
  <code code="C151">
    <editdetail attribution="Reuters BIP Coding Group" action="confirmed" date="1997-03-11"/>
  </code>
  <code code="C1511">
    <editdetail attribution="Reuters BIP Coding Group" action="confirmed" date="1997-03-11"/>
  </code>
  <code code="CCAT">
    <editdetail attribution="Reuters BIP Coding Group" action="confirmed" date="1997-03-11"/>
  </code>
</codes>
<dc element="dc.date.created" value="1997-03-11"/>
<dc element="dc.publisher" value="Reuters Holdings Plc"/>
<dc element="dc.date.published" value="1997-03-11"/>
<dc element="dc.source" value="Reuters"/>
<dc element="dc.creator.location" value="NEW YORK"/>
<dc element="dc.creator.location.country.name" value="USA"/>
<dc element="dc.source" value="Reuters"/>
</metadata>
</newsitem>
