<?xml version="1.0" encoding="iso-8859-1" ?>
<newsitem itemid="432424" id="root" date="1997-03-11" xml:lang="en">
<title>USA: First Call Earnings Surprises March 10.</title>
<headline>First Call Earnings Surprises March 10.</headline>
<dateline>NEW YORK 1997-03-11</dateline>
<text>
<p>The following are lists of positive and negative earnings surprises compiled by First Call. Earnings surprises and historical information are provided by First Call.</p>
<p>				 First Call Earnings Surprises</p>
<p>Positive Surprises</p>
<p>------------------</p>
<p>						  First Call</p>
<p>						  Consensus Actual</p>
<p>Company Name	    Ticker   Period    EPS     EPS  Surp</p>
<p>Video Updates	   VUPDA   Q3Jan97    0.09    0.12  N/A</p>
<p>Negative Surprises</p>
<p>------------------</p>
<p>						  First Call</p>
<p>						  Consensus Actual</p>
<p>Company Name	    Ticker   Period    EPS     EPS  Surp</p>
<p>Greif Brothers Inc.   GBCOA   Q1Jan97    0.25    0.14  -44.0%</p>
<p>Katz Media Group	KTZ     Q4Dec96    0.12    0.08  -33.3%</p>
<p>Designs Inc.	    DESI    Q4Jan97    0.20    0.14  -30.0%</p>
<p>Sigmatron Intl, Inc.  SGMA    Q3Jan97    0.30    0.25  -16.7%</p>
<p>Del Global		DGTC    Q2Jan97    0.14    0.13   -7.1%</p>
<p>Atrix Laboratories In ATRX    Q4Dec96   -0.29   -0.32	N-</p>
<p>Coleman Co. Inc.	CLN     Q4Dec96   -0.37   -0.52	N-</p>
<p>				Other Companies Reporting Today</p>
<p>Positive Reports</p>
<p>----------------</p>
<p>						  First Call</p>
<p>						  Consensus Actual</p>
<p>Company Name	    Ticker   Period    EPS     EPS     Diff</p>
<p>Charter Power Systems CHP     Q4Jan97    0.69    0.72    4.3%</p>
<p>Kellstrom Ind	   KELL    Q4Dec96    0.11    0.11    0.0%</p>
<p>Stewart Enterprises I STEI    Q1Jan97    0.37    0.37    0.0%</p>
<p>Thermedics Inc	  TMD     Q4Dec96    0.18    0.18    0.0%</p>
<p>Norton McNaughton, In NRTY    Q1Jan97    0.01    0.01     N/A</p>
<p>Negative Reports</p>
<p>----------------</p>
<p>						  First Call</p>
<p>						  Consensus Actual</p>
<p>Company Name	    Ticker   Period    EPS     EPS     Diff</p>
<p>None Reported</p>
<p>Legend:</p>
<p>N/A All or some data necessary for calculation is unavailabble.</p>
<p>N/C Not Calculable, e.g. divisor (Mean estimate) = 0, and there is more than one estimate.</p>
<p>N+  Actual EPS is larger than Mean estimate. Mean estimate is negatiive or zero.</p>
<p>N-  Actual EPS is smaller than Mean estimate. Mean estimate is negative or zero.</p>
</text>
<copyright>(c) Reuters Limited 1997</copyright>
<metadata>
<codes class="bip:countries:1.0">
  <code code="USA">
    <editdetail attribution="Reuters BIP Coding Group" action="confirmed" date="1997-03-11"/>
  </code>
</codes>
<codes class="bip:topics:1.0">
  <code code="C15">
    <editdetail attribution="Reuters BIP Coding Group" action="confirmed" date="1997-03-11"/>
  </code>
  <code code="C151">
    <editdetail attribution="Reuters BIP Coding Group" action="confirmed" date="1997-03-11"/>
  </code>
  <code code="C152">
    <editdetail attribution="Reuters BIP Coding Group" action="confirmed" date="1997-03-11"/>
  </code>
  <code code="CCAT">
    <editdetail attribution="Reuters BIP Coding Group" action="confirmed" date="1997-03-11"/>
  </code>
</codes>
<dc element="dc.date.created" value="1997-03-11"/>
<dc element="dc.publisher" value="Reuters Holdings Plc"/>
<dc element="dc.date.published" value="1997-03-11"/>
<dc element="dc.source" value="Reuters"/>
<dc element="dc.creator.location" value="NEW YORK"/>
<dc element="dc.creator.location.country.name" value="USA"/>
<dc element="dc.source" value="Reuters"/>
</metadata>
</newsitem>
