<?xml version="1.0" encoding="iso-8859-1" ?>
<newsitem itemid="432475" id="root" date="1997-03-11" xml:lang="en">
<title>JAPAN: OLYMPICS-NO WORLD CUP EVENTS FOR OLYMPIC DOWNHILL COURSE.</title>
<headline>OLYMPICS-NO WORLD CUP EVENTS FOR OLYMPIC DOWNHILL COURSE.</headline>
<dateline>NAGANO, Japan 1997-03-10</dateline>
<text>
<p>The men's downhill course built for next year's Winter Olympics will not be used for World Cup events afterwards unless the start is raised ahead of the Games, Marc Hodler, president of the International Ski Federation (FIS), said on Tuesday.</p>
<p>Hodler said other courses could be used for World Cup events following the Games but not the men's downhill.</p>
<p>&quot;It's impossible. Not for the World Cup.&quot; Hodler said.</p>
<p>He added that even if the start were raised following the Games, the Hakuba course would still not be considered for World Cup events.</p>
<p>&quot;It would be an invalidation of the Olympics,&quot; he said.</p>
<p>Olympic organisers had wanted the start raised from 1,680 to 1,800 metres above sea level but local officials refused because it would encroach on an environmentally sensitive national park.</p>
<p>Hodler said he would not continue to pressure Nagano officials into making a change.</p>
<p>&quot;I'm not going to push,&quot; he said. &quot;It should come from the Japanese. We are guests and we try to be polite with our hosts.</p>
<p>&quot;We were told that environmental people are against using the higher start and we don't want to make the Olympic Games the stage for any negative demonstration.&quot;</p>
<p>The FIS favours a higher start for the downhill in Hakuba, 50 kms west of Nagano, in order to lengthen the run and include a spectacular jump.</p>
</text>
<copyright>(c) Reuters Limited 1997</copyright>
<metadata>
<codes class="bip:countries:1.0">
  <code code="JAP">
    <editdetail attribution="Reuters BIP Coding Group" action="confirmed" date="1997-03-11"/>
  </code>
</codes>
<codes class="bip:topics:1.0">
  <code code="GCAT">
    <editdetail attribution="Reuters BIP Coding Group" action="confirmed" date="1997-03-11"/>
  </code>
  <code code="GSPO">
    <editdetail attribution="Reuters BIP Coding Group" action="confirmed" date="1997-03-11"/>
  </code>
</codes>
<dc element="dc.date.created" value="1997-03-10"/>
<dc element="dc.publisher" value="Reuters Holdings Plc"/>
<dc element="dc.date.published" value="1997-03-11"/>
<dc element="dc.source" value="Reuters"/>
<dc element="dc.creator.location" value="NAGANO, Japan"/>
<dc element="dc.creator.location.country.name" value="JAPAN"/>
<dc element="dc.source" value="Reuters"/>
</metadata>
</newsitem>
