<?xml version="1.0" encoding="iso-8859-1" ?>
<newsitem itemid="432423" id="root" date="1997-03-11" xml:lang="en">
<title>USA: IPO PRICING- Pluma prices at $12.</title>
<headline>IPO PRICING- Pluma prices at $12.</headline>
<dateline>NEW YORK 1997-03-11</dateline>
<text>
<p>Company Name			    Pluma Inc</p>
<p>   Priced At					 $12</p>
<p>   Estimated Pricing Range	     $12 - $14</p>
<p>   Number of Shares			3,100,000</p>
<p>Lead Underwriter J.P. Morgan Securities Inc</p>
</text>
<copyright>(c) Reuters Limited 1997</copyright>
<metadata>
<codes class="bip:countries:1.0">
  <code code="USA">
    <editdetail attribution="Reuters BIP Coding Group" action="confirmed" date="1997-03-11"/>
  </code>
</codes>
<codes class="bip:industries:1.0">
  <code code="I45300">
    <editdetail attribution="Reuters BIP Coding Group" action="confirmed" date="1997-03-11"/>
  </code>
</codes>
<codes class="bip:topics:1.0">
  <code code="C17">
    <editdetail attribution="Reuters BIP Coding Group" action="confirmed" date="1997-03-11"/>
  </code>
  <code code="C171">
    <editdetail attribution="Reuters BIP Coding Group" action="confirmed" date="1997-03-11"/>
  </code>
  <code code="CCAT">
    <editdetail attribution="Reuters BIP Coding Group" action="confirmed" date="1997-03-11"/>
  </code>
</codes>
<dc element="dc.date.created" value="1997-03-11"/>
<dc element="dc.publisher" value="Reuters Holdings Plc"/>
<dc element="dc.date.published" value="1997-03-11"/>
<dc element="dc.source" value="Reuters"/>
<dc element="dc.creator.location" value="NEW YORK"/>
<dc element="dc.creator.location.country.name" value="USA"/>
<dc element="dc.source" value="Reuters"/>
</metadata>
</newsitem>
