<?xml version="1.0" encoding="iso-8859-1" ?>
<newsitem itemid="432514" id="root" date="1997-03-11" xml:lang="en">
<title>USA: NBA BASKETBALL - MONDAY'S RESULTS.</title>
<headline>NBA BASKETBALL - MONDAY'S RESULTS.</headline>
<dateline>NEW YORK 1997-03-10</dateline>
<text>
<p>Results of National</p>
<p>Basketball Association games on Monday (home team in CAPS):</p>
<p> LA CLIPPERS	112  Golden State     106</p>
</text>
<copyright>(c) Reuters Limited 1997</copyright>
<metadata>
<codes class="bip:countries:1.0">
  <code code="USA">
    <editdetail attribution="Reuters BIP Coding Group" action="confirmed" date="1997-03-11"/>
  </code>
</codes>
<codes class="bip:topics:1.0">
  <code code="GCAT">
    <editdetail attribution="Reuters BIP Coding Group" action="confirmed" date="1997-03-11"/>
  </code>
  <code code="GSPO">
    <editdetail attribution="Reuters BIP Coding Group" action="confirmed" date="1997-03-11"/>
  </code>
</codes>
<dc element="dc.date.created" value="1997-03-10"/>
<dc element="dc.publisher" value="Reuters Holdings Plc"/>
<dc element="dc.date.published" value="1997-03-11"/>
<dc element="dc.source" value="Reuters"/>
<dc element="dc.creator.location" value="NEW YORK"/>
<dc element="dc.creator.location.country.name" value="USA"/>
<dc element="dc.source" value="Reuters"/>
</metadata>
</newsitem>
