<?xml version="1.0" encoding="iso-8859-1" ?>
<newsitem itemid="432579" id="root" date="1997-03-11" xml:lang="en">
<title>UK: Oil prices stagger lower again in supply overhang.</title>
<headline>Oil prices stagger lower again in supply overhang.</headline>
<byline>Richard Mably</byline>
<dateline>LONDON 1997-03-11</dateline>
<text>
<p>World oil prices staggered lower again on Tuesday as evidence grew that crude markets are becoming increasingly oversupplied in the gap between the seasons for heating oil and gasoline.</p>
<p>London futures for bellwether North Sea Brent Blend closed four cents lower at $19.24 a barrel, extending the week's losses to 62 cents.</p>
<p>Dealers said that key Atlantic Basin spot markets were suffering a glut of unsold North Sea and west African crude cargoes. Spot price differentials for a range of crude grades were on the slide on Tuesday as buyers took their pick from a raft of shipments.</p>
<p>The U.S. Gulf crude market, the world's biggest import site, was awash with oil, leaving Latin American producers to slash asking prices.</p>
<p>&quot;I think the perception of the market is that we have ample crude,&quot; said Nauman Barakat at Prudential Bache in New York.</p>
<p>&quot;I don't think we're going to see any recovery given the state of the physical market,&quot; said a broker in London.</p>
<p>&quot;The gasoline market looks very anaemic also. It should be giving the complex more support at this point. And the heating oil season looks like it's over,&quot; Barakat said.</p>
<p>Traders said a heavier than normal schedule of refinery maintenance in the United States and Europe had cut refineries crude requirements.</p>
<p>Last year many refiners postponed maintenance work to keep plants running at full steam to supply demand for heating oil in a northern hemisphere winter which ran into April.</p>
<p>But this year has proved much milder, allowing refiners to rebuild stocks and make leisurely preparations to maximise gasoline for the summer driving season.</p>
<p>Dealers pointed to a deepening contango on the U.S. crude market, pricing prompt oil below crude for delivery further forward, as evidence of a weak market.</p>
<p>&quot;The oil market in contango is a bearish sign and probably means there's more room on the downside,&quot; said Barakat.</p>
<p>Latest monthly oil inventory figures for the European Union, released on Tuesday, only served to undermine markets by revealing large builds in most oil products.</p>
<p>High refinery output and mild weather combined to send EU inventories up 5.5 million barrels with heating oil now more than 10 percent higher than a year ago, Euroilstock said.</p>
<p>&quot;I really can't see much good news for the market with product levels like these,&quot; said Peter Bogin at consultants Cambridge Energy Research Associates.</p>
<p>Weekly U.S. oil inventory data to be published after markets close on Tuesday was also not expected to provide much help.</p>
<p>American Petroleum Institute figures were expected to show a sizeable build in U.S. crude oil stocks, traders said.</p>
<p>Crude oil prices in dollars per barrel:</p>
<p>						March 11  March 10</p>
<p>						(close)  (close)</p>
<p>NYMEX light crude futures (Apr)	$20.20 $20.29</p>
</text>
<copyright>(c) Reuters Limited 1997</copyright>
<metadata>
<codes class="bip:countries:1.0">
  <code code="UK">
    <editdetail attribution="Reuters BIP Coding Group" action="confirmed" date="1997-03-11"/>
  </code>
</codes>
<codes class="bip:topics:1.0">
  <code code="M14">
    <editdetail attribution="Reuters BIP Coding Group" action="confirmed" date="1997-03-11"/>
  </code>
  <code code="M143">
    <editdetail attribution="Reuters BIP Coding Group" action="confirmed" date="1997-03-11"/>
  </code>
  <code code="MCAT">
    <editdetail attribution="Reuters BIP Coding Group" action="confirmed" date="1997-03-11"/>
  </code>
</codes>
<dc element="dc.date.created" value="1997-03-11"/>
<dc element="dc.publisher" value="Reuters Holdings Plc"/>
<dc element="dc.date.published" value="1997-03-11"/>
<dc element="dc.source" value="Reuters"/>
<dc element="dc.creator.location" value="LONDON"/>
<dc element="dc.creator.location.country.name" value="UK"/>
<dc element="dc.source" value="Reuters"/>
</metadata>
</newsitem>
