<?xml version="1.0" encoding="iso-8859-1" ?>
<newsitem itemid="432551" id="root" date="1997-03-11" xml:lang="en">
<title>POLAND: POLISH POLICE SEEK LOST RUSSIAN BOXING KANGAROOS.</title>
<headline>POLISH POLICE SEEK LOST RUSSIAN BOXING KANGAROOS.</headline>
<dateline>WARSAW 1997-03-11</dateline>
<text>
<p>Police in the central Poland town of Nowy Dwor advised residents on Tuesday to avoid contact with two kangaroos missing from a circus, saying both were skilled boxers and could turn violent.</p>
<p>&quot;The animals can be dangerous because they are not friendly to people and have been taught to box,&quot; PAP news agency quoted a police duty officer as saying.</p>
<p>&quot;Anyone meeting them should not try to come close,&quot; he added.</p>
<p>The Russian-trained kangaroos either fled or were stolen from a travelling circus, which had stopped in Nowy Dwor.</p>
<p>Police and circus staff were scouring the countryside for the two 1.4-metre male kangaroos, called Gin and Tonic, who belong to the Russian state circus and were brought by their trainers to Poland.</p>
</text>
<copyright>(c) Reuters Limited 1997</copyright>
<metadata>
<codes class="bip:countries:1.0">
  <code code="POL">
    <editdetail attribution="Reuters BIP Coding Group" action="confirmed" date="1997-03-11"/>
  </code>
  <code code="RUSS">
    <editdetail attribution="Reuters BIP Coding Group" action="confirmed" date="1997-03-11"/>
  </code>
</codes>
<codes class="bip:topics:1.0">
  <code code="GCAT">
    <editdetail attribution="Reuters BIP Coding Group" action="confirmed" date="1997-03-11"/>
  </code>
  <code code="GODD">
    <editdetail attribution="Reuters BIP Coding Group" action="confirmed" date="1997-03-11"/>
  </code>
</codes>
<dc element="dc.date.created" value="1997-03-11"/>
<dc element="dc.publisher" value="Reuters Holdings Plc"/>
<dc element="dc.date.published" value="1997-03-11"/>
<dc element="dc.source" value="Reuters"/>
<dc element="dc.creator.location" value="WARSAW"/>
<dc element="dc.creator.location.country.name" value="POLAND"/>
<dc element="dc.source" value="Reuters"/>
</metadata>
</newsitem>
