<?xml version="1.0" encoding="iso-8859-1" ?>
<newsitem itemid="432513" id="root" date="1997-03-11" xml:lang="en">
<title>USA: NHL-MONDAY'S RESULTS.</title>
<headline>NHL-MONDAY'S RESULTS.</headline>
<dateline>NEW YORK 1997-03-11</dateline>
<text>
<p>Results of National Hockey</p>
<p>League games on Monday (home team in CAPS):</p>
<p> PITTSBURGH	2  Montreal    2 (OT)</p>
<p> TORONTO	   3  Dallas	3 (OT)</p>
<p> CHICAGO	   2  Vancouver   2 (OT)</p>
<p> Ottawa	    4  PHOENIX     1</p>
<p> LOS ANGELES     3  Detroit     3 (OT)</p>
</text>
<copyright>(c) Reuters Limited 1997</copyright>
<metadata>
<codes class="bip:countries:1.0">
  <code code="CANA">
    <editdetail attribution="Reuters BIP Coding Group" action="confirmed" date="1997-03-11"/>
  </code>
  <code code="USA">
    <editdetail attribution="Reuters BIP Coding Group" action="confirmed" date="1997-03-11"/>
  </code>
</codes>
<codes class="bip:topics:1.0">
  <code code="GCAT">
    <editdetail attribution="Reuters BIP Coding Group" action="confirmed" date="1997-03-11"/>
  </code>
  <code code="GSPO">
    <editdetail attribution="Reuters BIP Coding Group" action="confirmed" date="1997-03-11"/>
  </code>
</codes>
<dc element="dc.date.created" value="1997-03-11"/>
<dc element="dc.publisher" value="Reuters Holdings Plc"/>
<dc element="dc.date.published" value="1997-03-11"/>
<dc element="dc.source" value="Reuters"/>
<dc element="dc.creator.location" value="NEW YORK"/>
<dc element="dc.creator.location.country.name" value="USA"/>
<dc element="dc.source" value="Reuters"/>
</metadata>
</newsitem>
