<?xml version="1.0" encoding="iso-8859-1" ?>
<newsitem itemid="432578" id="root" date="1997-03-11" xml:lang="en">
<title>UK: British doctors warn of tuna food poisoning risk.</title>
<headline>British doctors warn of tuna food poisoning risk.</headline>
<dateline>LONDON 1996-03-12</dateline>
<text>
<p>Food poisoning from tuna fish could be more common than believed, British doctors said on Wednesday.</p>
<p>Emergency specialist Ian Stell at Guy's Hospital in London said about 50 cases of scombrotoxin poisoning were reported each year in the Britain, but the condition could be under-diagnosed.</p>
<p>&quot;It may be that many episodes are ascribed to food sensitivity, and the reported numbers may not reflect the true incidence of this condition,&quot; Stell wrote in a report in the Journal of Accident and Emergency Medicine.</p>
<p>Stell and colleagues described the cases of two men who contracted scombrotoxin poisoning an hour after eating tuna.</p>
<p>One 45-year-old man was poisoned by eating freshly cooked tuna in a wine bar. The other, 31, was poisoned by a tuna-mayonnaise sandwich.</p>
<p>The condition causes a swollen throat, flushes, rashes, headaches and diarrhoea.</p>
<p>&quot;Scombrotoxin poisoning should be considered in any patient who suffers the typical symptoms after eating fish,&quot; Stell wrote.</p>
<p>Tuna and mackerel are the most common causes but it has also been passed on by herrings, pilchards, sardines and anchovies.</p>
<p>Affected fish may look and smell all right, but often it has a hot or peppery taste. Victims usually recover within a day and antihistamines help the symptoms.</p>
</text>
<copyright>(c) Reuters Limited 1997</copyright>
<metadata>
<codes class="bip:countries:1.0">
  <code code="UK">
    <editdetail attribution="Reuters BIP Coding Group" action="confirmed" date="1997-03-11"/>
  </code>
</codes>
<codes class="bip:industries:1.0">
  <code code="I41500">
    <editdetail attribution="Reuters BIP Coding Group" action="confirmed" date="1997-03-11"/>
  </code>
</codes>
<codes class="bip:topics:1.0">
  <code code="C21">
    <editdetail attribution="Reuters BIP Coding Group" action="confirmed" date="1997-03-11"/>
  </code>
  <code code="CCAT">
    <editdetail attribution="Reuters BIP Coding Group" action="confirmed" date="1997-03-11"/>
  </code>
  <code code="GCAT">
    <editdetail attribution="Reuters BIP Coding Group" action="confirmed" date="1997-03-11"/>
  </code>
  <code code="GHEA">
    <editdetail attribution="Reuters BIP Coding Group" action="confirmed" date="1997-03-11"/>
  </code>
</codes>
<dc element="dc.date.created" value="1996-03-12"/>
<dc element="dc.publisher" value="Reuters Holdings Plc"/>
<dc element="dc.date.published" value="1997-03-11"/>
<dc element="dc.source" value="Reuters"/>
<dc element="dc.creator.location" value="LONDON"/>
<dc element="dc.creator.location.country.name" value="UK"/>
<dc element="dc.source" value="Reuters"/>
</metadata>
</newsitem>
