<?xml version="1.0" encoding="iso-8859-1" ?>
<newsitem itemid="432536" id="root" date="1997-03-11" xml:lang="en">
<title>POLAND: POLISH GDYNIA SHIPYARD SEES SWING TO PROFIT IN '97.</title>
<headline>POLISH GDYNIA SHIPYARD SEES SWING TO PROFIT IN '97.</headline>
<dateline>GDYNIA, Poland 1997-03-11</dateline>
<text>
<p>Poland's Gdynia shipyard, preparing to join a planned industrial group, said on Tuesday it expected to swing to a seven-million-zloty net profit in 1997 after losing 90 million zlotys last year.</p>
<p>&quot;Last year, we had a net loss of 90 million zlotys, but if we took into account net results from last year's sales of 10 ships, the loss was only 14 million,&quot; Krzysztof Banaszak told a news conference.</p>
<p>He said without elaborating that the 1996 loss was so large because the company changed its auditing methods. In 1995, the shipyard had a net loss of 14.5 million zlotys.</p>
<p>The company, controlled by the state, had sales of 778 million zlotys last year, compared with 526 million zlotys in 1995.</p>
<p>The shipyard has contracts for building 31 vessels worth $1.2 billion, which should it busy until mid-1999, Banaszak said. It is negotiating 36 additional contracts worth $1.4 billion, he added.</p>
<p>He confirmed that the general shareholders' meeting would vote on April 8 on increasing the yard's capital by between 45 and 150.8 million zlotys, or by between 30 and 50 percent of its share capital.</p>
<p>Gdynia's capital increase is likely to pave the way for the creation of the shipyard industry holding group, which would be led by the Szczecin shipyard and also involve Cegielski engine maker and possibly a steel mill, Economy Minister Wieslaw Kaczmarek has recently said.</p>
<p>An industrial source, which asked not to be named, said on Tuesday that a large bank was interesed in joining the planned group.</p>
<p>-- Warsaw Newsroom +48 22 653 9700</p>
</text>
<copyright>(c) Reuters Limited 1997</copyright>
<metadata>
<codes class="bip:countries:1.0">
  <code code="POL">
    <editdetail attribution="Reuters BIP Coding Group" action="confirmed" date="1997-03-11"/>
  </code>
</codes>
<codes class="bip:industries:1.0">
  <code code="I36101">
    <editdetail attribution="Reuters BIP Coding Group" action="confirmed" date="1997-03-11"/>
  </code>
</codes>
<codes class="bip:topics:1.0">
  <code code="C15">
    <editdetail attribution="Reuters BIP Coding Group" action="confirmed" date="1997-03-11"/>
  </code>
  <code code="C152">
    <editdetail attribution="Reuters BIP Coding Group" action="confirmed" date="1997-03-11"/>
  </code>
  <code code="CCAT">
    <editdetail attribution="Reuters BIP Coding Group" action="confirmed" date="1997-03-11"/>
  </code>
</codes>
<dc element="dc.date.created" value="1997-03-11"/>
<dc element="dc.publisher" value="Reuters Holdings Plc"/>
<dc element="dc.date.published" value="1997-03-11"/>
<dc element="dc.source" value="Reuters"/>
<dc element="dc.creator.location" value="GDYNIA, Poland"/>
<dc element="dc.creator.location.country.name" value="POLAND"/>
<dc element="dc.source" value="Reuters"/>
</metadata>
</newsitem>
