<?xml version="1.0" encoding="iso-8859-1" ?>
<newsitem itemid="432552" id="root" date="1997-03-11" xml:lang="en">
<title>CZECH REPUBLIC: CZECH CNB-120 INDEX FALLS THREE POINTS TO 852.3.</title>
<headline>CZECH CNB-120 INDEX FALLS THREE POINTS TO 852.3.</headline>
<dateline>PRAGUE 1997-03-11</dateline>
<text>
<p>The CNB-120 index, a broad daily measure of Czech equities, fell 3.0 points on Tuesday to 852.3, the Czech National Bank (CNB) said.</p>
<p>Five of the ten sectoral indices lost, with the food index losing the most, down 22 points, or 2.20 percent, to 976.4 points.</p>
<p>Five indices rose, with the food index rising the most, up 8.8 points, or 0.73 percent, to 1,218.4.</p>
<p>-- Prague Newsroom, 420-2-2423-0003</p>
</text>
<copyright>(c) Reuters Limited 1997</copyright>
<metadata>
<codes class="bip:countries:1.0">
  <code code="CZREP">
    <editdetail attribution="Reuters BIP Coding Group" action="confirmed" date="1997-03-11"/>
  </code>
</codes>
<codes class="bip:topics:1.0">
  <code code="M11">
    <editdetail attribution="Reuters BIP Coding Group" action="confirmed" date="1997-03-11"/>
  </code>
  <code code="MCAT">
    <editdetail attribution="Reuters BIP Coding Group" action="confirmed" date="1997-03-11"/>
  </code>
</codes>
<dc element="dc.date.created" value="1997-03-11"/>
<dc element="dc.publisher" value="Reuters Holdings Plc"/>
<dc element="dc.date.published" value="1997-03-11"/>
<dc element="dc.source" value="Reuters"/>
<dc element="dc.creator.location" value="PRAGUE"/>
<dc element="dc.creator.location.country.name" value="CZECH REPUBLIC"/>
<dc element="dc.source" value="Reuters"/>
</metadata>
</newsitem>
