<?xml version="1.0" encoding="iso-8859-1" ?>
<newsitem itemid="432569" id="root" date="1997-03-11" xml:lang="en">
<title>POLAND: POLISH BANKS BID TO PLACE PLN 170 MLN WITH NBP.</title>
<headline>POLISH BANKS BID TO PLACE PLN 170 MLN WITH NBP.</headline>
<dateline>WARSAW 1997-03-11</dateline>
<text>
<p>Banks bid to place 170 million zlotys, in nominal terms, at the National Bank of Poland's reverse NBP-bill repurchase auction against a 200 million zloty offer, the NBP said.</p>
<p>Results of the auction should be available at about 1300 local time.</p>
<p>-- Warsaw Newsroom +48 22 653 9700</p>
</text>
<copyright>(c) Reuters Limited 1997</copyright>
<metadata>
<codes class="bip:countries:1.0">
  <code code="POL">
    <editdetail attribution="Reuters BIP Coding Group" action="confirmed" date="1997-03-11"/>
  </code>
</codes>
<codes class="bip:topics:1.0">
  <code code="M13">
    <editdetail attribution="Reuters BIP Coding Group" action="confirmed" date="1997-03-11"/>
  </code>
  <code code="M131">
    <editdetail attribution="Reuters BIP Coding Group" action="confirmed" date="1997-03-11"/>
  </code>
  <code code="MCAT">
    <editdetail attribution="Reuters BIP Coding Group" action="confirmed" date="1997-03-11"/>
  </code>
</codes>
<dc element="dc.date.created" value="1997-03-11"/>
<dc element="dc.publisher" value="Reuters Holdings Plc"/>
<dc element="dc.date.published" value="1997-03-11"/>
<dc element="dc.source" value="Reuters"/>
<dc element="dc.creator.location" value="WARSAW"/>
<dc element="dc.creator.location.country.name" value="POLAND"/>
<dc element="dc.source" value="Reuters"/>
</metadata>
</newsitem>
