<?xml version="1.0" encoding="iso-8859-1" ?>
<newsitem itemid="432596" id="root" date="1997-03-11" xml:lang="en">
<title>UK: Gasoline blender interest supports NWE MTBE market.</title>
<headline>Gasoline blender interest supports NWE MTBE market.</headline>
<dateline>LONDON 1997-03-11</dateline>
<text>
<p>NWE MTBE prices held stable in quiet trade on Tuesday.</p>
<p>Traders said some light blender buying interest on the back of seasonally firmer gasoline sentiment was supportive but otherwise buying interest was thin with transatlantic arbitrage options closed.</p>
<p>Ample supplies in the U.S. and a stable European market at around $270 a tonne fob ARA left arbitrage mathematics from Europe around $20 a tonne away from working, though traders said some players were shipping product transatlantic.</p>
<p>Spot prices continued weak in the U.S, weighed down by ample supply and tight storage space on the East Coast.</p>
<p>Storage in New York Harbour for MTBE and gasoline has largely been filled by imports that arrived a few weeks ago, when the arbitrage window was open.</p>
<p>--Colin Wooster, London Newsroom, +44 171 542 7456</p>
</text>
<copyright>(c) Reuters Limited 1997</copyright>
<metadata>
<codes class="bip:countries:1.0">
  <code code="UK">
    <editdetail attribution="Reuters BIP Coding Group" action="confirmed" date="1997-03-11"/>
  </code>
</codes>
<codes class="bip:topics:1.0">
  <code code="M14">
    <editdetail attribution="Reuters BIP Coding Group" action="confirmed" date="1997-03-11"/>
  </code>
  <code code="M143">
    <editdetail attribution="Reuters BIP Coding Group" action="confirmed" date="1997-03-11"/>
  </code>
  <code code="MCAT">
    <editdetail attribution="Reuters BIP Coding Group" action="confirmed" date="1997-03-11"/>
  </code>
</codes>
<dc element="dc.date.created" value="1997-03-11"/>
<dc element="dc.publisher" value="Reuters Holdings Plc"/>
<dc element="dc.date.published" value="1997-03-11"/>
<dc element="dc.source" value="Reuters"/>
<dc element="dc.creator.location" value="LONDON"/>
<dc element="dc.creator.location.country.name" value="UK"/>
<dc element="dc.source" value="Reuters"/>
</metadata>
</newsitem>
