<?xml version="1.0" encoding="iso-8859-1" ?>
<newsitem itemid="432527" id="root" date="1997-03-11" xml:lang="en">
<title>NORWAY: SOCCER-BRANN IMPRESSED, BUT DOES NOT FEAR LIVERPOOL. [CORRECTED 13:58 GMT]</title>
<headline>SOCCER-BRANN IMPRESSED, BUT DOES NOT FEAR LIVERPOOL. [CORRECTED 13:58 GMT]</headline>
<dateline>OSLO 1997-03-11</dateline>
<text>
<p>Brann soccer coach Kjell Tennfjord is optimistic over the Norwegians' chances when they meet Liverpool at Anfield Road for the second leg of their European Cup Winners' Cup quarter-final on March 20, was quoted as saying on Tuesday.</p>
<p>The premier league team held Liverpool to a 1-1 draw in the first leg in the west coast city of Bergen on March 6.</p>
<p>&quot;I am cautiously optimistic for the return match,&quot; Tennfjord told the tabloid Verdens Gang but praised Liverpool for their 4-3 English premier league win over Newcastle on Monday (corrects by inserting dropped words). &quot;Liverpool were clearly the best, but it was proved again that they can be vulnerable in defence.&quot;</p>
<p>Tennfjord said he was undecided what formation he would play for the away match, but it would be either 4-4-2 or 4-4-1-1.</p>
</text>
<copyright>(c) Reuters Limited 1997</copyright>
<metadata>
<codes class="bip:countries:1.0">
  <code code="NORW">
    <editdetail attribution="Reuters BIP Coding Group" action="confirmed" date="1997-03-11"/>
  </code>
  <code code="UK">
    <editdetail attribution="Reuters BIP Coding Group" action="confirmed" date="1997-03-11"/>
  </code>
</codes>
<codes class="bip:topics:1.0">
  <code code="GCAT">
    <editdetail attribution="Reuters BIP Coding Group" action="confirmed" date="1997-03-11"/>
  </code>
  <code code="GSPO">
    <editdetail attribution="Reuters BIP Coding Group" action="confirmed" date="1997-03-11"/>
  </code>
</codes>
<dc element="dc.date.created" value="1997-03-11"/>
<dc element="dc.publisher" value="Reuters Holdings Plc"/>
<dc element="dc.date.published" value="1997-03-11"/>
<dc element="dc.source" value="Reuters"/>
<dc element="dc.creator.location" value="OSLO"/>
<dc element="dc.creator.location.country.name" value="NORWAY"/>
<dc element="dc.source" value="Reuters"/>
</metadata>
</newsitem>
