<?xml version="1.0" encoding="iso-8859-1" ?>
<newsitem itemid="432560" id="root" date="1997-03-11" xml:lang="en">
<title>SLOVAKIA: SLOVAK C.BANKER SAYS NO NEED FOR DEVALUATION.</title>
<headline>SLOVAK C.BANKER SAYS NO NEED FOR DEVALUATION.</headline>
<dateline>BRATISLAVA 1997-03-11</dateline>
<text>
<p>The National Bank of Slovakia said on Tuesday there was no need to devalue the Slovak crown and that the currency's current level was suitable at present.</p>
<p>&quot;I only repeat what has been previously stated --we see no reason for devaluation at present and we will continue to use the current fluctuation band more intensively,&quot; Frantisek Szulenyi, NBS Treasury Director, told Reuters.  </p>
<p>The NBS fixes the crown daily against a 60/40 percent mark/dollar basket within plus/minus seven percent of the basket's midpoint calculated at 1130 CET (0930 GMT).</p>
<p>On Tuesday the NBS continued to match the market fixing the crown at 33.359 to the dollar and 19.554 to the mark, implying a depreciation against the midpoint of -0.76 percent, after fixing it at -0.73 percent on Monday.</p>
<p>&quot;As we are currently keeping the crown at parity, it is probably a suitable level (at present),&quot; Szulenyi said.  </p>
<p>&quot;I cannot say where (which side of the band) we shall keep...it will depend on the situation at the central bank fixing and the country's balance of payments,&quot; he added.</p>
<p>The NBS has been fixing the crown between its basket midpoint and the -1.0 percent level of its band for nearly a month, and has been fixing it roughly within a three percent range around the midpoint level for over a year.</p>
<p>Slovakia's burgeoning current account deficit of $1.94 billion in 1996, largely propped up by short-term capital inflows, has prompted renewed analyst concerns of a possible devaluation of the crown.</p>
<p>But Szulenyi said the Slovak banking sector was currently &quot;stabilised and balanced&quot;, with banks still tending to be short.</p>
<p>He added that &quot;nothing extraordinary&quot; had happened in foreign exchange trading at the NBS's fixing for the past two weeks.</p>
<p>The devaluation concerns have risen also due to the recent depreciation of the Czech crown. The Czech Republic split with former federation partner Slovakia in 1993 but the two remain each other's largest trading partner.</p>
<p>&quot;We have been watching the Czech crown developments, but it is no guideline for us,&quot; Szulenyi said.</p>
<p>He said the NBS's foreign exchange reserves were stable, but added that &quot;views vary of whether they are at the optimum or minimum level&quot;.</p>
<p>-- Tatiana Vacova, Bratislava Newsroom, 421-7-521-8402</p>
</text>
<copyright>(c) Reuters Limited 1997</copyright>
<metadata>
<codes class="bip:countries:1.0">
  <code code="SLVAK">
    <editdetail attribution="Reuters BIP Coding Group" action="confirmed" date="1997-03-11"/>
  </code>
</codes>
<codes class="bip:topics:1.0">
  <code code="M13">
    <editdetail attribution="Reuters BIP Coding Group" action="confirmed" date="1997-03-11"/>
  </code>
  <code code="M132">
    <editdetail attribution="Reuters BIP Coding Group" action="confirmed" date="1997-03-11"/>
  </code>
  <code code="MCAT">
    <editdetail attribution="Reuters BIP Coding Group" action="confirmed" date="1997-03-11"/>
  </code>
</codes>
<dc element="dc.date.created" value="1997-03-11"/>
<dc element="dc.publisher" value="Reuters Holdings Plc"/>
<dc element="dc.date.published" value="1997-03-11"/>
<dc element="dc.source" value="Reuters"/>
<dc element="dc.creator.location" value="BRATISLAVA"/>
<dc element="dc.creator.location.country.name" value="SLOVAKIA"/>
<dc element="dc.source" value="Reuters"/>
</metadata>
</newsitem>
