<?xml version="1.0" encoding="iso-8859-1" ?>
<newsitem itemid="432532" id="root" date="1997-03-11" xml:lang="en">
<title>SOUTH AFRICA: S.AFRICAN MINING CHAMBER UPBEAT ON INDUSTRY FUTURE.</title>
<headline>S.AFRICAN MINING CHAMBER UPBEAT ON INDUSTRY FUTURE.</headline>
<dateline>JOHANNESBURG 1997-03-11</dateline>
<text>
<p>South Africa's mining chamber said on Tuesday the country will stay one of the world's great gold producers if mining firms remain innovative, entrepreneurial and tough-minded.</p>
<p>Bobby Godsell, the vice-president of the Chamber of Mines, told a conference in Toronto that the squeeze on margins seen at South African gold mines over the past 15 years could be reversed despite a continued fall in production.</p>
<p>Godsell, who is also chief executive of Anglo American Corp of South Africa Ltd's gold arm Anglogold, said in a statement three factors suggest that the industry would continue to be profitable and globally competitive into the next century. These were:</p>
<p>* a growing recognition at both the political and industrial relations levels of the urgent need to make the industry globally competitive;</p>
<p>* an improvement in both operational efficiency and labour productivity; and </p>
<p>* the existence of pilot projects at all mining groups demonstrating the dramatic extent of productivity gains.</p>
<p>&quot;Although the industry is still in the early stages of this productivity renaissance, evidence is mounting that it is possible to mine gold in South Africa at present grades and in the present deep level circumstances at costs which are globally competitive,&quot; Godsell said.</p>
<p>South African gold production, hit by a combination of physical ore depletion, declining average grade and the higher costs associated with mining at deeper levels, last year fell to its lowest level in 40 years sliding to 494.62 tonnes.</p>
<p>In a bid to increase resources firms are pushing mines deeper with gold already being procured from around 3.7 km below ground. Anglo's Western Deep Levels Ltd mine has started a project which will extend its mining reach to nearly four kilometres underground. </p>
<p>-- Johannesburg newsroom 27 11 482 1003</p>
</text>
<copyright>(c) Reuters Limited 1997</copyright>
<metadata>
<codes class="bip:countries:1.0">
  <code code="SAFR">
    <editdetail attribution="Reuters BIP Coding Group" action="confirmed" date="1997-03-11"/>
  </code>
</codes>
<codes class="bip:industries:1.0">
  <code code="I21000">
    <editdetail attribution="Reuters BIP Coding Group" action="confirmed" date="1997-03-11"/>
  </code>
</codes>
<codes class="bip:topics:1.0">
  <code code="C15">
    <editdetail attribution="Reuters BIP Coding Group" action="confirmed" date="1997-03-11"/>
  </code>
  <code code="C152">
    <editdetail attribution="Reuters BIP Coding Group" action="confirmed" date="1997-03-11"/>
  </code>
  <code code="C21">
    <editdetail attribution="Reuters BIP Coding Group" action="confirmed" date="1997-03-11"/>
  </code>
  <code code="C31">
    <editdetail attribution="Reuters BIP Coding Group" action="confirmed" date="1997-03-11"/>
  </code>
  <code code="CCAT">
    <editdetail attribution="Reuters BIP Coding Group" action="confirmed" date="1997-03-11"/>
  </code>
</codes>
<dc element="dc.date.created" value="1997-03-11"/>
<dc element="dc.publisher" value="Reuters Holdings Plc"/>
<dc element="dc.date.published" value="1997-03-11"/>
<dc element="dc.source" value="Reuters"/>
<dc element="dc.creator.location" value="JOHANNESBURG"/>
<dc element="dc.creator.location.country.name" value="SOUTH AFRICA"/>
<dc element="dc.source" value="Reuters"/>
</metadata>
</newsitem>
