<?xml version="1.0" encoding="iso-8859-1" ?>
<newsitem itemid="432500" id="root" date="1997-03-11" xml:lang="en">
<title>UK: SOCCER-DILEMMA FOR HODDLE IF UNITED GET TO MUNICH.</title>
<headline>SOCCER-DILEMMA FOR HODDLE IF UNITED GET TO MUNICH.</headline>
<dateline>LONDON 1997-03-11</dateline>
<text>
<p>England manager Glenn Hoddle could face a major selection headache if Manchester United reach this season's European Cup final.</p>
<p>The final is due to played in Munich on May 28 -- three days before England face Poland in Chorzow in a vital World Cup qualifier.</p>
<p>United will hope to have England internationals David Beckham and Gary and Philip Neville in their squad for what would be their biggest match since 1968 when they won the European Cup at Wembley.</p>
<p>Unfortunately for United manager Alex Ferguson, Hoddle would almost certainly name them in his international squad and would ideally want them in the England camp in the days before the Poland match.</p>
<p>The English Football Association said on Tuesday the potential conflict of interests between club and country would be discussed, and hopefully resolved, nearer the time.</p>
<p>&quot;It's a question for the two managers to decide on further down the line,&quot; a spokeswoman said. &quot;We're not really able to comment on it at present as it's not yet a reality. It could be discussed before the (European Cup) semifinal.&quot;</p>
<p>She said the date of the Poland-England match -- the only European World Cup qualifier scheduled for May 31 -- could not be changed.</p>
<p>Manchester United, who declined to comment on the potential problem, are almost certain of a place in the European Cup semifinals after their 4-0 defeat of Porto in the first leg of their quarter-final tie.</p>
</text>
<copyright>(c) Reuters Limited 1997</copyright>
<metadata>
<codes class="bip:countries:1.0">
  <code code="GFR">
    <editdetail attribution="Reuters BIP Coding Group" action="confirmed" date="1997-03-11"/>
  </code>
  <code code="UK">
    <editdetail attribution="Reuters BIP Coding Group" action="confirmed" date="1997-03-11"/>
  </code>
</codes>
<codes class="bip:topics:1.0">
  <code code="GCAT">
    <editdetail attribution="Reuters BIP Coding Group" action="confirmed" date="1997-03-11"/>
  </code>
  <code code="GSPO">
    <editdetail attribution="Reuters BIP Coding Group" action="confirmed" date="1997-03-11"/>
  </code>
</codes>
<dc element="dc.date.created" value="1997-03-11"/>
<dc element="dc.publisher" value="Reuters Holdings Plc"/>
<dc element="dc.date.published" value="1997-03-11"/>
<dc element="dc.source" value="Reuters"/>
<dc element="dc.creator.location" value="LONDON"/>
<dc element="dc.creator.location.country.name" value="UK"/>
<dc element="dc.source" value="Reuters"/>
</metadata>
</newsitem>
