<?xml version="1.0" encoding="iso-8859-1" ?>
<newsitem itemid="432526" id="root" date="1997-03-11" xml:lang="en">
<title>FRANCE: RUGBY UNION-PENAUD TO MISS SCOTLAND MATCH.</title>
<headline>RUGBY UNION-PENAUD TO MISS SCOTLAND MATCH.</headline>
<dateline>PARIS 1997-03-11</dateline>
<text>
<p>French flyhalf Alain Penaud will miss Saturday's Five Nations rugby union match against Scotland at Parc des Princes because of a pulled thigh muscle, a French team spokesman said on Tuesday.</p>
<p>He will be replaced by Narbonne player Pierre Bondouy.</p>
<p>The French team will be announced on Wednesday.</p>
</text>
<copyright>(c) Reuters Limited 1997</copyright>
<metadata>
<codes class="bip:countries:1.0">
  <code code="FRA">
    <editdetail attribution="Reuters BIP Coding Group" action="confirmed" date="1997-03-11"/>
  </code>
  <code code="UK">
    <editdetail attribution="Reuters BIP Coding Group" action="confirmed" date="1997-03-11"/>
  </code>
</codes>
<codes class="bip:topics:1.0">
  <code code="GCAT">
    <editdetail attribution="Reuters BIP Coding Group" action="confirmed" date="1997-03-11"/>
  </code>
  <code code="GSPO">
    <editdetail attribution="Reuters BIP Coding Group" action="confirmed" date="1997-03-11"/>
  </code>
</codes>
<dc element="dc.date.created" value="1997-03-11"/>
<dc element="dc.publisher" value="Reuters Holdings Plc"/>
<dc element="dc.date.published" value="1997-03-11"/>
<dc element="dc.source" value="Reuters"/>
<dc element="dc.creator.location" value="PARIS"/>
<dc element="dc.creator.location.country.name" value="FRANCE"/>
<dc element="dc.source" value="Reuters"/>
</metadata>
</newsitem>
