<?xml version="1.0" encoding="iso-8859-1" ?>
<newsitem itemid="432571" id="root" date="1997-03-11" xml:lang="en">
<title>POLAND: NFI UNITS SEEN AT PLN 174 AT END-MARCH.</title>
<headline>NFI UNITS SEEN AT PLN 174 AT END-MARCH.</headline>
<dateline>WARSAW 1997-03-11</dateline>
<text>
<p>Polish brokerages see mass privatisation National Investment Fund (NFI) units rising to 173.9 zlotys at the end of March and to 195.1 zlotys at the end of June, a poll in the daily Nowa Europa showed on Tuesday.</p>
<p>The units closed at 166.5 zlotys in regular bourse trade on Monday.</p>
<p>The brokerages' mid-year prediction was 2.2 percent higher than that made in February.</p>
<p>-- Warsaw Newsroom +48 22 653 9700</p>
</text>
<copyright>(c) Reuters Limited 1997</copyright>
<metadata>
<codes class="bip:countries:1.0">
  <code code="POL">
    <editdetail attribution="Reuters BIP Coding Group" action="confirmed" date="1997-03-11"/>
  </code>
</codes>
<codes class="bip:topics:1.0">
  <code code="C18">
    <editdetail attribution="Reuters BIP Coding Group" action="confirmed" date="1997-03-11"/>
  </code>
  <code code="C183">
    <editdetail attribution="Reuters BIP Coding Group" action="confirmed" date="1997-03-11"/>
  </code>
  <code code="CCAT">
    <editdetail attribution="Reuters BIP Coding Group" action="confirmed" date="1997-03-11"/>
  </code>
  <code code="M11">
    <editdetail attribution="Reuters BIP Coding Group" action="confirmed" date="1997-03-11"/>
  </code>
  <code code="MCAT">
    <editdetail attribution="Reuters BIP Coding Group" action="confirmed" date="1997-03-11"/>
  </code>
</codes>
<dc element="dc.date.created" value="1997-03-11"/>
<dc element="dc.publisher" value="Reuters Holdings Plc"/>
<dc element="dc.date.published" value="1997-03-11"/>
<dc element="dc.source" value="Reuters"/>
<dc element="dc.creator.location" value="WARSAW"/>
<dc element="dc.creator.location.country.name" value="POLAND"/>
<dc element="dc.source" value="Reuters"/>
</metadata>
</newsitem>
