<?xml version="1.0" encoding="iso-8859-1" ?>
<newsitem itemid="432510" id="root" date="1997-03-11" xml:lang="en">
<title>USA: NBA BASKETBALL- CLIPPERS BEAT WARRIORS.</title>
<headline>NBA BASKETBALL- CLIPPERS BEAT WARRIORS.</headline>
<dateline>LOS ANGELES 1997-03-11</dateline>
<text>
<p>Loy Vaught scored 22 points and rookie Lorenzen Wright added 17 as the Los Angeles Clippers stopped their four-game losing streak with a 112-106 victory over the Golden State Warriors on Monday.</p>
<p>Rodney Rogers had 16 points for the Clippers, who moved to one-half game behind Sacramento for seventh place in the Western Conference.</p>
<p>Charles Outlaw had a dunk to spark a 13-5 run and put the Clippers ahead for good, 80-78, with 11:41 left in the fourth quarter. Darrick Martin's layup capped the run and gave Los Angeles their biggest lead, 91-83, with 8:23 remaining.</p>
<p>Latrell Sprewell scored 28 of his 41 points in the first half as the Warriors built a 10-point lead. Chris Mullin added 17 points and Joe Smith had 16 for Golden State, which has lost eight of its last 11 games.</p>
</text>
<copyright>(c) Reuters Limited 1997</copyright>
<metadata>
<codes class="bip:countries:1.0">
  <code code="USA">
    <editdetail attribution="Reuters BIP Coding Group" action="confirmed" date="1997-03-11"/>
  </code>
</codes>
<codes class="bip:topics:1.0">
  <code code="GCAT">
    <editdetail attribution="Reuters BIP Coding Group" action="confirmed" date="1997-03-11"/>
  </code>
  <code code="GSPO">
    <editdetail attribution="Reuters BIP Coding Group" action="confirmed" date="1997-03-11"/>
  </code>
</codes>
<dc element="dc.date.created" value="1997-03-11"/>
<dc element="dc.publisher" value="Reuters Holdings Plc"/>
<dc element="dc.date.published" value="1997-03-11"/>
<dc element="dc.source" value="Reuters"/>
<dc element="dc.creator.location" value="LOS ANGELES"/>
<dc element="dc.creator.location.country.name" value="USA"/>
<dc element="dc.source" value="Reuters"/>
</metadata>
</newsitem>
