<?xml version="1.0" encoding="iso-8859-1" ?>
<newsitem itemid="432531" id="root" date="1997-03-11" xml:lang="en">
<title>FRANCE: SOCCER-CROWDS BIGGER AT FRENCH LEAGUE GAMES.</title>
<headline>SOCCER-CROWDS BIGGER AT FRENCH LEAGUE GAMES.</headline>
<dateline>PARIS 1997-03-11</dateline>
<text>
<p>A mass exodus of France's top players has had no adverse effect on first division attendances, according to figures released by the French National Football League (LNF).</p>
<p>On the contrary, numbers are up by just over 188,000 in comparison with the same stage of the championship last year and the figure is expected to top 300,000 by the end of the season. There are 10 rounds of matches to go.</p>
<p>&quot;And some stadiums in renovation because of the (1998) World Cup finals cannot take their full capacity,&quot; LNF president Noel Le Graet said.</p>
<p>More than half France's Euro 96 squad, including Youri Djorkaeff, Zinedine Zidane and Laurent Blanc, were signed by Italian or Spanish clubs last year.</p>
</text>
<copyright>(c) Reuters Limited 1997</copyright>
<metadata>
<codes class="bip:countries:1.0">
  <code code="FRA">
    <editdetail attribution="Reuters BIP Coding Group" action="confirmed" date="1997-03-11"/>
  </code>
</codes>
<codes class="bip:topics:1.0">
  <code code="GCAT">
    <editdetail attribution="Reuters BIP Coding Group" action="confirmed" date="1997-03-11"/>
  </code>
  <code code="GSPO">
    <editdetail attribution="Reuters BIP Coding Group" action="confirmed" date="1997-03-11"/>
  </code>
</codes>
<dc element="dc.date.created" value="1997-03-11"/>
<dc element="dc.publisher" value="Reuters Holdings Plc"/>
<dc element="dc.date.published" value="1997-03-11"/>
<dc element="dc.source" value="Reuters"/>
<dc element="dc.creator.location" value="PARIS"/>
<dc element="dc.creator.location.country.name" value="FRANCE"/>
<dc element="dc.source" value="Reuters"/>
</metadata>
</newsitem>
