<?xml version="1.0" encoding="iso-8859-1" ?>
<newsitem itemid="432525" id="root" date="1997-03-11" xml:lang="en">
<title>FRANCE: FIGURE SKATING-CANDELORO TO MISS WORLD CHAMPIONSHIPS.</title>
<headline>FIGURE SKATING-CANDELORO TO MISS WORLD CHAMPIONSHIPS.</headline>
<dateline>PARIS 1997-03-11</dateline>
<text>
<p>Frenchman Philippe Candeloro has withdrawn from next week's figure skating world championships in Lausanne, Switzerland.</p>
<p>Candeloro, European championship silver medallist in January, said on Tuesday he lacked confidence and still felt pain on landing some jumps following ankle surgery in May last year.</p>
</text>
<copyright>(c) Reuters Limited 1997</copyright>
<metadata>
<codes class="bip:countries:1.0">
  <code code="FRA">
    <editdetail attribution="Reuters BIP Coding Group" action="confirmed" date="1997-03-11"/>
  </code>
  <code code="SWITZ">
    <editdetail attribution="Reuters BIP Coding Group" action="confirmed" date="1997-03-11"/>
  </code>
</codes>
<codes class="bip:topics:1.0">
  <code code="GCAT">
    <editdetail attribution="Reuters BIP Coding Group" action="confirmed" date="1997-03-11"/>
  </code>
  <code code="GSPO">
    <editdetail attribution="Reuters BIP Coding Group" action="confirmed" date="1997-03-11"/>
  </code>
</codes>
<dc element="dc.date.created" value="1997-03-11"/>
<dc element="dc.publisher" value="Reuters Holdings Plc"/>
<dc element="dc.date.published" value="1997-03-11"/>
<dc element="dc.source" value="Reuters"/>
<dc element="dc.creator.location" value="PARIS"/>
<dc element="dc.creator.location.country.name" value="FRANCE"/>
<dc element="dc.source" value="Reuters"/>
</metadata>
</newsitem>
