<?xml version="1.0" encoding="iso-8859-1" ?>
<newsitem itemid="432537" id="root" date="1997-03-11" xml:lang="en">
<title>CZECH REPUBLIC: CZECH PM SAYS NO QUICK FIX FOR INFLATION.</title>
<headline>CZECH PM SAYS NO QUICK FIX FOR INFLATION.</headline>
<byline>John Mastrini</byline>
<dateline>PRAGUE 1997-03-11</dateline>
<text>
<p>Prime Minister Vaclav Klaus said on Tuesday that the Czech National Bank may have gone too far in its attempts to slow inflation quickly and the result may have been a slowing in economic growth.</p>
<p>Speaking at Prague's Zofin Forum of business leaders Klaus said there was no way quickly to slow inflation, and that central bank steps last year to rein in consumer prices were more than the government wanted.</p>
<p>&quot;At this moment I see in the Czech economy the existence of an array of short-term irremovable inflation factors which we cannot simply get rid of, and I also do not see any easy way to a faster slowing of inflation,&quot; said Klaus, a monetarist professor of economics.</p>
<p>Klaus took issue with restrictive monetary measures of the Czech National Bank last year which helped cut inflation to 7.3 percent year-on-year in February from levels above nine percent in the previous year.</p>
<p>He said that the government differed with the central bank on whether montening measures to slow inflation would slow the economy.</p>
<p>&quot;I believe that in our context and in our structural parameters disinflation bought at the high price of a marked loss in the pace of economic growth was more than we would have wished,&quot; he added.</p>
<p>Still, Klaus told audience that February's inflation rate was &quot;satisfactory&quot;.</p>
<p>He said that 1996 full-year gross domestic product growth ended one percent lower than the government originally expected. He did not give a specific result. The government's original forecast was growth of 4.8 percent.</p>
<p>Full-year official GDP results are expected later this month.</p>
<p>Klaus said factors in this slowing of growth were weak demand for exports because of weak growth and protected markets in western Europe. Another reason was the &quot;unfavourable structure of our domestic demand -- consumer as well as investment.&quot;</p>
<p>Klaus however stressed the &quot;restrictive measures of the central bank&quot; and its role on demand as a factor and said the CNB &quot;used&quot; the chaos after inconclusive June elections to raise interest rates and tighten minimum reserve requirements.</p>
<p>He said the main problem facing the country's economy was a widening trade deficit, but he ruled out a devaluation of the crown to help the situation.</p>
<p>&quot;I am only reminding you that the cure for our trade deficit cannot be any devaluation of the crown and fortunately the government, the central bank and the majority of analysts agree with this,&quot; Klaus said.</p>
<p>The Czech trade deficit, spurred by imports of raw materials and machinery needed for industrial restructuring, widened to a record 160.3 billion crowns for the whole of 1996, up from 95.7 billion the previous year.</p>
<p>The deficit is forecast to grow even further in 1997, to around 210-220 billion crowns.</p>
<p>-- Prague Newsroom, 420-2-2423-0003</p>
</text>
<copyright>(c) Reuters Limited 1997</copyright>
<metadata>
<codes class="bip:countries:1.0">
  <code code="CZREP">
    <editdetail attribution="Reuters BIP Coding Group" action="confirmed" date="1997-03-11"/>
  </code>
</codes>
<codes class="bip:topics:1.0">
  <code code="E11">
    <editdetail attribution="Reuters BIP Coding Group" action="confirmed" date="1997-03-11"/>
  </code>
  <code code="E12">
    <editdetail attribution="Reuters BIP Coding Group" action="confirmed" date="1997-03-11"/>
  </code>
  <code code="E13">
    <editdetail attribution="Reuters BIP Coding Group" action="confirmed" date="1997-03-11"/>
  </code>
  <code code="E131">
    <editdetail attribution="Reuters BIP Coding Group" action="confirmed" date="1997-03-11"/>
  </code>
  <code code="ECAT">
    <editdetail attribution="Reuters BIP Coding Group" action="confirmed" date="1997-03-11"/>
  </code>
</codes>
<dc element="dc.date.created" value="1997-03-11"/>
<dc element="dc.publisher" value="Reuters Holdings Plc"/>
<dc element="dc.date.published" value="1997-03-11"/>
<dc element="dc.source" value="Reuters"/>
<dc element="dc.creator.location" value="PRAGUE"/>
<dc element="dc.creator.location.country.name" value="CZECH REPUBLIC"/>
<dc element="dc.source" value="Reuters"/>
</metadata>
</newsitem>
