<?xml version="1.0" encoding="iso-8859-1" ?>
<newsitem itemid="432529" id="root" date="1997-03-11" xml:lang="en">
<title>NETHERLANDS: SOCCER-RONALD DE BOER VOTED DUTCH PLAYER OF YEAR.</title>
<headline>SOCCER-RONALD DE BOER VOTED DUTCH PLAYER OF YEAR.</headline>
<dateline>AMSTERDAM 1997-03-11</dateline>
<text>
<p>Ajax Amsterdam midfielder Ronald de Boer has been voted Dutch Player of the Year by his fellow professionals.</p>
<p>De Boer, who also won the award in 1994, received the accolade on Monday evening.</p>
<p>Feyenoord captain Ronald Koeman, winner in 1987 and 1988, was second and last year's winner, PSV Eindhoven's Belgian striker Luc Nilis, third.</p>
<p>Heerenveen's Danish striker John Dahl Tomasson, currently the first division's leading marksman with 16 goals, was voted most promising newcomer.</p>
<p>Edwin van der Sar of Ajax was voted best goalkeeper for the third consecutive year, while Louis van Gaal, the Ajax team chief, picked up the award for best trainer.</p>
</text>
<copyright>(c) Reuters Limited 1997</copyright>
<metadata>
<codes class="bip:countries:1.0">
  <code code="NETH">
    <editdetail attribution="Reuters BIP Coding Group" action="confirmed" date="1997-03-11"/>
  </code>
</codes>
<codes class="bip:topics:1.0">
  <code code="GCAT">
    <editdetail attribution="Reuters BIP Coding Group" action="confirmed" date="1997-03-11"/>
  </code>
  <code code="GSPO">
    <editdetail attribution="Reuters BIP Coding Group" action="confirmed" date="1997-03-11"/>
  </code>
</codes>
<dc element="dc.date.created" value="1997-03-11"/>
<dc element="dc.publisher" value="Reuters Holdings Plc"/>
<dc element="dc.date.published" value="1997-03-11"/>
<dc element="dc.source" value="Reuters"/>
<dc element="dc.creator.location" value="AMSTERDAM"/>
<dc element="dc.creator.location.country.name" value="NETHERLANDS"/>
<dc element="dc.source" value="Reuters"/>
</metadata>
</newsitem>
