<?xml version="1.0" encoding="iso-8859-1" ?>
<newsitem itemid="432589" id="root" date="1997-03-11" xml:lang="en">
<title>UK: IPE Brent ends narrowly weaker, resists contango.</title>
<headline>IPE Brent ends narrowly weaker, resists contango.</headline>
<dateline>LONDON 1997-03-11</dateline>
<text>
<p>IPE Brent crude ended lower on Tuesday, extending the week's losses to 62 cents but resisting unrelenting pressure from amply supplied physical markets to dip into contango, dealers said.</p>
<p>April Brent, which expires on Friday, shed four cents to close at $19.24 a barrel, just four cents off the intraday high. The April/May spread closed virtually unchanged at +14 cents.</p>
<p>Brent staged a recovery off late afternoon lows as dealers took profits on short positions but expectations of a further rise in U.S. crude stocks when the American Petroleum Institute (API) reports later on Tuesday kept the underlying tone weak.  </p>
<p>&quot;There should be a build and that will give the market another good kick,&quot; said a broker.</p>
<p>Dealers said a big rise in U.S. inventories could signal the start of another major move to the downside. The March 3 low of $18.68 would be the first target.</p>
<p>&quot;Once we see a sustained break below the $19 level on the front month then we're out of the new range and back to the bad old range,&quot; said a broker.</p>
<p>Traders said the weight of unsold March cargoes of North Sea and West African crudes was exacting a heavy toll on spot market differentials.  </p>
<p>European oil inventory data released on Tuesday contributed to the bearish sentiment, as middle distillate stocks jumped by 7.13 million barrels in February and gasoline stocks rose 1.45 million barrels.</p>
<p>Earlier, IPE March gas oil futures closed down $3.75 at $163.25 a tonne, in line with weaker Brent crude and NYMEX product prices.</p>
<p>The March/April spread was stable in a $2 contango, with April settling at $165.25 a tonne.</p>
<p>--Mark Thompson, London Newsroom +44 171 542 7930</p>
</text>
<copyright>(c) Reuters Limited 1997</copyright>
<metadata>
<codes class="bip:countries:1.0">
  <code code="UK">
    <editdetail attribution="Reuters BIP Coding Group" action="confirmed" date="1997-03-11"/>
  </code>
</codes>
<codes class="bip:topics:1.0">
  <code code="M14">
    <editdetail attribution="Reuters BIP Coding Group" action="confirmed" date="1997-03-11"/>
  </code>
  <code code="M143">
    <editdetail attribution="Reuters BIP Coding Group" action="confirmed" date="1997-03-11"/>
  </code>
  <code code="MCAT">
    <editdetail attribution="Reuters BIP Coding Group" action="confirmed" date="1997-03-11"/>
  </code>
</codes>
<dc element="dc.date.created" value="1997-03-11"/>
<dc element="dc.publisher" value="Reuters Holdings Plc"/>
<dc element="dc.date.published" value="1997-03-11"/>
<dc element="dc.source" value="Reuters"/>
<dc element="dc.creator.location" value="LONDON"/>
<dc element="dc.creator.location.country.name" value="UK"/>
<dc element="dc.source" value="Reuters"/>
</metadata>
</newsitem>
