<?xml version="1.0" encoding="iso-8859-1" ?>
<newsitem itemid="432508" id="root" date="1997-03-11" xml:lang="en">
<title>JAMAICA: CRICKET-W.INDIES V INDIA SCOREBOARD.</title>
<headline>CRICKET-W.INDIES V INDIA SCOREBOARD.</headline>
<dateline>KINGSTON 1997-03-10</dateline>
<text>
<p>Scoreboard on the final day of the first test between West Indies and India at Sabina Park on Monday:</p>
<p>West Indies first innings 427 (C.Hooper 129, B.Lara 83, S.Chanderpaul 52, A.Kumble 5-120)</p>
<p>India first innings 346 (N.Mongia 78, V.Laxman 64, F.Rose 6- 100)</p>
<p>West Indies second innings (overnight 241-4)</p>
<p> S.Campbell b Kumble			  43</p>
<p> S.Williams b Kumble			  26</p>
<p> S.Chanderpaul c Tendulkar b Kuruvilla  48</p>
<p> B.Lara c Mongia b Kumble		   78</p>
<p> C.Hooper not out			     12</p>
<p> R.Holder not out			     21</p>
<p> Extras (b-4 lb-9)			    13</p>
<p> Total (for four wickets declared)     241</p>
<p>Fall of wickets: 1-68 2-81 3-203 4-203</p>
<p>Bowling: Prasad 15-2-46-0, Kuruvilla 17-2-61-1, Kumble 23-6- 76-3, Joshi 6-1-27-0, Laxman 3-0-9-0, Tendulkar 2-0-9-0.</p>
<p>India second innings</p>
<p> V.V.Laxman c Holder b Rose		27</p>
<p> N.Sidhu c Holder b Walsh		   0</p>
<p> R.Dravid not out			    51</p>
<p> S. Tendulkar not out			15</p>
<p> Extras					   6</p>
<p> Total (for two wickets)		   99</p>
</text>
<copyright>(c) Reuters Limited 1997</copyright>
<metadata>
<codes class="bip:countries:1.0">
  <code code="INDIA">
    <editdetail attribution="Reuters BIP Coding Group" action="confirmed" date="1997-03-11"/>
  </code>
  <code code="JAMA">
    <editdetail attribution="Reuters BIP Coding Group" action="confirmed" date="1997-03-11"/>
  </code>
  <code code="WEIND">
    <editdetail attribution="Reuters BIP Coding Group" action="confirmed" date="1997-03-11"/>
  </code>
</codes>
<codes class="bip:topics:1.0">
  <code code="GCAT">
    <editdetail attribution="Reuters BIP Coding Group" action="confirmed" date="1997-03-11"/>
  </code>
  <code code="GSPO">
    <editdetail attribution="Reuters BIP Coding Group" action="confirmed" date="1997-03-11"/>
  </code>
</codes>
<dc element="dc.date.created" value="1997-03-10"/>
<dc element="dc.publisher" value="Reuters Holdings Plc"/>
<dc element="dc.date.published" value="1997-03-11"/>
<dc element="dc.source" value="Reuters"/>
<dc element="dc.creator.location" value="KINGSTON"/>
<dc element="dc.creator.location.country.name" value="JAMAICA"/>
<dc element="dc.source" value="Reuters"/>
</metadata>
</newsitem>
