<?xml version="1.0" encoding="iso-8859-1" ?>
<newsitem itemid="432533" id="root" date="1997-03-11" xml:lang="en">
<title>ZIMBABWE: ZIMBABWE DOLLAR ENDS TUESDAY WEAKER ON UNITS.</title>
<headline>ZIMBABWE DOLLAR ENDS TUESDAY WEAKER ON UNITS.</headline>
<dateline>HARARE 1997-03-11</dateline>
<text>
<p>The Zimbabwe dollar was quoted weaker against hard currencies at the close of Tuesday's interbank session, dealers said.</p>
<p>&quot;The local currency was generally trading in narrow ranges today. It was marginally weaker at the end of the day though we saw a few sellers towards the close of business,&quot; commented one dealer.</p>
<p>He said the local currency finished at 11.1475/1575 against the U.S. dollar, down from 11.1350/1450 on Monday and fell against sterling to 17.8700/8900 from 17.8000/8300.</p>
<p>It was quoted easier against the mark at 6.5600/5700 compared to 6.5200/5400 and against the rand at 2.5200/5300 from 2.5000/5200.</p>
<p>--Stella Mapenzauswa, Harare Newsroom: +263-4 72 52 28/9</p>
</text>
<copyright>(c) Reuters Limited 1997</copyright>
<metadata>
<codes class="bip:countries:1.0">
  <code code="ZIMBAB">
    <editdetail attribution="Reuters BIP Coding Group" action="confirmed" date="1997-03-11"/>
  </code>
</codes>
<codes class="bip:topics:1.0">
  <code code="M13">
    <editdetail attribution="Reuters BIP Coding Group" action="confirmed" date="1997-03-11"/>
  </code>
  <code code="M132">
    <editdetail attribution="Reuters BIP Coding Group" action="confirmed" date="1997-03-11"/>
  </code>
  <code code="MCAT">
    <editdetail attribution="Reuters BIP Coding Group" action="confirmed" date="1997-03-11"/>
  </code>
</codes>
<dc element="dc.date.created" value="1997-03-11"/>
<dc element="dc.publisher" value="Reuters Holdings Plc"/>
<dc element="dc.date.published" value="1997-03-11"/>
<dc element="dc.source" value="Reuters"/>
<dc element="dc.creator.location" value="HARARE"/>
<dc element="dc.creator.location.country.name" value="ZIMBABWE"/>
<dc element="dc.source" value="Reuters"/>
</metadata>
</newsitem>
