<?xml version="1.0" encoding="iso-8859-1" ?>
<newsitem itemid="432541" id="root" date="1997-03-11" xml:lang="en">
<title>RUSSIA: PRESS DIGEST - RUSSIA - MARCH 11.</title>
<headline>PRESS DIGEST - RUSSIA - MARCH 11.</headline>
<text>
<p>IZVESTIA</p>
<p>- Anatoly Chubais, appointed first deputy prime minister last Friday, is expected to implement an early crackdown on Russia's acute housing problems. State subsidies for communal services are likely to be cut significantly.</p>
<p>Liquidating redundant and inefficient structures in the Russian army would help finance long-expected military reform.</p>
<p>SEVODNYA</p>
<p>- When Russia and NATO really reach agreement, Moscow will have to face the difficult task of quelling opposition at home.</p>
<p>- Atomic Energy minister Viktor Mikhailov says Russia no longer has nuclear warheads in Ukraine, Belarus or Kazakhstan, and half Russia's nuclear arsenal has been destroyed.</p>
<p>NEZAVISIMAYA GAZETA</p>
<p>- Anatoly Chubais is planning to entirely reshuffle the government to bring a new political and economic elite to power.</p>
<p>PRAVDA-5</p>
<p>- Russia may expect a new economic shock with the return of Anatoly Chubais to the government.</p>
<p>MOSKOVSKY KOMSOMOLETS</p>
<p>- President Yeltsin appointed Anatoly Chubais to a key position in the government regardless of public opinion.</p>
<p>ROSSIISKIYE VESTI</p>
<p>- Ordinary Russians support the ideas expressed by the president in his annual address to parliament, says the paper published by Yeltsin's administration. -- Svetlana Kovaleva, Moscow Newsroom, +7095 941 8520</p>
</text>
<copyright>(c) Reuters Limited 1997</copyright>
<metadata>
<codes class="bip:countries:1.0">
  <code code="RUSS">
    <editdetail attribution="Reuters BIP Coding Group" action="confirmed" date="1997-03-11"/>
  </code>
</codes>
<codes class="bip:topics:1.0">
  <code code="GCAT">
    <editdetail attribution="Reuters BIP Coding Group" action="confirmed" date="1997-03-11"/>
  </code>
</codes>
<dc element="dc.publisher" value="Reuters Holdings Plc"/>
<dc element="dc.date.published" value="1997-03-11"/>
<dc element="dc.source" value="Reuters"/>
<dc element="dc.creator.location.country.name" value="RUSSIA"/>
<dc element="dc.source" value="Reuters"/>
</metadata>
</newsitem>
