<?xml version="1.0" encoding="iso-8859-1" ?>
<newsitem itemid="432585" id="root" date="1997-03-11" xml:lang="en">
<title>UK: UK cash grains lower on quiet market.</title>
<headline>UK cash grains lower on quiet market.</headline>
<dateline>LONDON 1997-03-11</dateline>
<text>
<p>UK cash grain prices were lower on Tuesday in thin trading as players digested Monday's news that the European Union may end its soft wheat export campaign early.</p>
<p>&quot;If Brussels was looking for a way to make the market go down and stop trading they could not have hit on a better one,&quot; said a broker.</p>
<p>On the fob market Mar feed wheat traded at 96.75 stg a tonne ex-east coast ports.</p>
<p>May feed wheat was also reported traded at 99.50 stg, but brokers said this may not have been a straightforward deal and may have involved some delivered business.</p>
<p>Delivered trade was &quot;scrappy&quot;, brokers said.</p>
<p>Feed wheat in East Anglia was trading at 98.50 stg for Mar and down to 101 stg for Apr/Jun.</p>
<p>Barley was fetching 98 stg for Apr/Jun in East Anglia.</p>
<p>In the Midlands milling wheat 11 percent protein traded at 112 stg for Mar and 113 stg for Apr. --Jim Ballantyne, London Newsroom, +44 171 542 8062</p>
</text>
<copyright>(c) Reuters Limited 1997</copyright>
<metadata>
<codes class="bip:countries:1.0">
  <code code="UK">
    <editdetail attribution="Reuters BIP Coding Group" action="confirmed" date="1997-03-11"/>
  </code>
</codes>
<codes class="bip:topics:1.0">
  <code code="M14">
    <editdetail attribution="Reuters BIP Coding Group" action="confirmed" date="1997-03-11"/>
  </code>
  <code code="M141">
    <editdetail attribution="Reuters BIP Coding Group" action="confirmed" date="1997-03-11"/>
  </code>
  <code code="MCAT">
    <editdetail attribution="Reuters BIP Coding Group" action="confirmed" date="1997-03-11"/>
  </code>
</codes>
<dc element="dc.date.created" value="1997-03-11"/>
<dc element="dc.publisher" value="Reuters Holdings Plc"/>
<dc element="dc.date.published" value="1997-03-11"/>
<dc element="dc.source" value="Reuters"/>
<dc element="dc.creator.location" value="LONDON"/>
<dc element="dc.creator.location.country.name" value="UK"/>
<dc element="dc.source" value="Reuters"/>
</metadata>
</newsitem>
