<?xml version="1.0" encoding="iso-8859-1" ?>
<newsitem itemid="432588" id="root" date="1997-03-11" xml:lang="en">
<title>UK: Britain poorer without you, Major tells S. Asians.</title>
<headline>Britain poorer without you, Major tells S. Asians.</headline>
<dateline>LONDON 1997-03-11</dateline>
<text>
<p>Prime Minister John Major paid tribute on Tuesday to the contribution immigrants from the Indian sub-continent have made to Britain, telling them: &quot;British culture would be poorer without you&quot;.</p>
<p>&quot;The ledger is in credit and the British people value what South Asia has brought us,&quot; Major told 300 guests at a dinner to celebrate the 50th anniversary this year of Britain granting independence to India and Pakistan.</p>
<p>&quot;The contribution of the South Asian community in Britain...strengthens the values that characterise the best in British society -- tolerance, respect for the law, enterprise, the efforts of ordinary decent people to build their family life.&quot;</p>
<p>Almost half of Britain's ethnic minority population of just under three million people is of Indian, Pakistani or Bangladeshi origin.</p>
<p>The event, attended by leaders of all the main political parties as well as representatives of British South Asian communities, was the first of a series planned to celebrate British links with the countries of the region.</p>
<p>They include a reception in June to be hosted by heir to the throne Prince Charles and a visit to India and Pakistan by his mother, Queen Elizabeth, in October.</p>
<p>Major said the use of English, membership of the Commonwealth and &quot;the deep well of friendship built up over generations&quot; bound Britain, India, Pakistan, Bangladesh and Sri Lanka together.</p>
<p>He said he believed democracy, which might sometimes have seemed a &quot;fragile plant&quot; in South Asia had now &quot;firmly taken root&quot;, and praised governments of the region for liberalising their economies, following a trail blazed by Britain.</p>
</text>
<copyright>(c) Reuters Limited 1997</copyright>
<metadata>
<codes class="bip:countries:1.0">
  <code code="BANDH">
    <editdetail attribution="Reuters BIP Coding Group" action="confirmed" date="1997-03-11"/>
  </code>
  <code code="INDIA">
    <editdetail attribution="Reuters BIP Coding Group" action="confirmed" date="1997-03-11"/>
  </code>
  <code code="PAKIS">
    <editdetail attribution="Reuters BIP Coding Group" action="confirmed" date="1997-03-11"/>
  </code>
  <code code="UK">
    <editdetail attribution="Reuters BIP Coding Group" action="confirmed" date="1997-03-11"/>
  </code>
</codes>
<codes class="bip:topics:1.0">
  <code code="GCAT">
    <editdetail attribution="Reuters BIP Coding Group" action="confirmed" date="1997-03-11"/>
  </code>
  <code code="GDIP">
    <editdetail attribution="Reuters BIP Coding Group" action="confirmed" date="1997-03-11"/>
  </code>
  <code code="GENT">
    <editdetail attribution="Reuters BIP Coding Group" action="confirmed" date="1997-03-11"/>
  </code>
  <code code="GPOL">
    <editdetail attribution="Reuters BIP Coding Group" action="confirmed" date="1997-03-11"/>
  </code>
</codes>
<dc element="dc.date.created" value="1997-03-11"/>
<dc element="dc.publisher" value="Reuters Holdings Plc"/>
<dc element="dc.date.published" value="1997-03-11"/>
<dc element="dc.source" value="Reuters"/>
<dc element="dc.creator.location" value="LONDON"/>
<dc element="dc.creator.location.country.name" value="UK"/>
<dc element="dc.source" value="Reuters"/>
</metadata>
</newsitem>
