<?xml version="1.0" encoding="iso-8859-1" ?>
<newsitem itemid="432587" id="root" date="1997-03-11" xml:lang="en">
<title>UK: Amnesty criticises Turkey's new detention law.</title>
<headline>Amnesty criticises Turkey's new detention law.</headline>
<dateline>LONDON 1997-03-11</dateline>
<text>
<p>Amnesty International criticised Turkey's new detention law on Tuesday, saying it was insufficient and unlikely to prevent torture.</p>
<p>The new law shortens the maximum term of police detention from 30 to 10 days in nine emergency rule provinces and from 14 to seven days in the rest of the country, but the human rights group said it did not go far enough.</p>
<p>&quot;Although we welcome the long-awaited reduction in detention periods, the provisions of this law are insufficient in scope to combat what has become an ingrained system of abuse,&quot; Amnesty said in a statement.</p>
<p>&quot;We also regret that our call for an end to incommunicado detention has not been answered,&quot; it added.</p>
<p>Parliament passed the law reforming custody procedures last week but it will not come into force until it is signed by President Suleyman Demirel.</p>
<p>Turkey's Deputy Prime Minister and Foreign Minsister Tansu Ciller claimed the new law would comform with European norms on detention periods, but Amensty said neither European nor interntional human rights law endorse four days' incommunicado detention.</p>
<p>Amnesty said it would continue to press for a comprehensive package to tackle torture and to demand that prisoners be given early access to a lawyer.</p>
<p>Earlier on Tuesday, Turkey announced the new law and other proposals which it said would focus on preventing torture in police custory and improve efforts to trace missing people.</p>
<p>The European Parliament has blocked million of dollars of aid to Turkey, partly as a result of its human rights record.</p>
</text>
<copyright>(c) Reuters Limited 1997</copyright>
<metadata>
<codes class="bip:countries:1.0">
  <code code="TURK">
    <editdetail attribution="Reuters BIP Coding Group" action="confirmed" date="1997-03-11"/>
  </code>
  <code code="UK">
    <editdetail attribution="Reuters BIP Coding Group" action="confirmed" date="1997-03-11"/>
  </code>
</codes>
<codes class="bip:topics:1.0">
  <code code="GCAT">
    <editdetail attribution="Reuters BIP Coding Group" action="confirmed" date="1997-03-11"/>
  </code>
  <code code="GDIP">
    <editdetail attribution="Reuters BIP Coding Group" action="confirmed" date="1997-03-11"/>
  </code>
  <code code="GPOL">
    <editdetail attribution="Reuters BIP Coding Group" action="confirmed" date="1997-03-11"/>
  </code>
  <code code="GVIO">
    <editdetail attribution="Reuters BIP Coding Group" action="confirmed" date="1997-03-11"/>
  </code>
</codes>
<dc element="dc.date.created" value="1997-03-11"/>
<dc element="dc.publisher" value="Reuters Holdings Plc"/>
<dc element="dc.date.published" value="1997-03-11"/>
<dc element="dc.source" value="Reuters"/>
<dc element="dc.creator.location" value="LONDON"/>
<dc element="dc.creator.location.country.name" value="UK"/>
<dc element="dc.source" value="Reuters"/>
</metadata>
</newsitem>
