<?xml version="1.0" encoding="iso-8859-1" ?>
<newsitem itemid="432503" id="root" date="1997-03-11" xml:lang="en">
<title>SOUTH AFRICA: ATHLETICS-S.AFRICAN PARLIAMENT BACKS CAPE TOWN 2004 BID.</title>
<headline>ATHLETICS-S.AFRICAN PARLIAMENT BACKS CAPE TOWN 2004 BID.</headline>
<dateline>CAPE TOWN 1997-03-11</dateline>
<text>
<p>South Africa's national assembly on Tuesday threw its full weight behind Cape Town's bid for the 2004 Olympics after the city had been nominated for the short list of potential host cities.</p>
<p>Chief whip and African National Congress legislator Max Sisulu introduced a motion that said that the assembly hoped Cape Town would be the first African city to host the games.</p>
<p>Other cities that have qualified for the short list are Rome, Athens, Stockholm and Buenos Aires.</p>
<p>All minority parties backed Cape Town as well. They said they hoped everything would be done by government to ensure that Cape Town won the bid and showed that South Africa was &quot;a winning nation&quot;.</p>
</text>
<copyright>(c) Reuters Limited 1997</copyright>
<metadata>
<codes class="bip:countries:1.0">
  <code code="SAFR">
    <editdetail attribution="Reuters BIP Coding Group" action="confirmed" date="1997-03-11"/>
  </code>
</codes>
<codes class="bip:topics:1.0">
  <code code="GCAT">
    <editdetail attribution="Reuters BIP Coding Group" action="confirmed" date="1997-03-11"/>
  </code>
  <code code="GSPO">
    <editdetail attribution="Reuters BIP Coding Group" action="confirmed" date="1997-03-11"/>
  </code>
</codes>
<dc element="dc.date.created" value="1997-03-11"/>
<dc element="dc.publisher" value="Reuters Holdings Plc"/>
<dc element="dc.date.published" value="1997-03-11"/>
<dc element="dc.source" value="Reuters"/>
<dc element="dc.creator.location" value="CAPE TOWN"/>
<dc element="dc.creator.location.country.name" value="SOUTH AFRICA"/>
<dc element="dc.source" value="Reuters"/>
</metadata>
</newsitem>
