<?xml version="1.0" encoding="iso-8859-1" ?>
<newsitem itemid="432567" id="root" date="1997-03-11" xml:lang="en">
<title>POLAND: INVESTORS BID FOR PLN 127 MLN POLISH 10-YR BONDS.</title>
<headline>INVESTORS BID FOR PLN 127 MLN POLISH 10-YR BONDS.</headline>
<dateline>WARSAW 1997-03-11</dateline>
<text>
<p>Investors bid for 127 million zlotys of ten-year floating bonds against the Treasury's 600 million zloty offer, the central bank said.</p>
<p>Results of the auction should be available later today.</p>
<p>-- Warsaw Newsroom +48 22 653 9700</p>
</text>
<copyright>(c) Reuters Limited 1997</copyright>
<metadata>
<codes class="bip:countries:1.0">
  <code code="POL">
    <editdetail attribution="Reuters BIP Coding Group" action="confirmed" date="1997-03-11"/>
  </code>
</codes>
<codes class="bip:topics:1.0">
  <code code="M12">
    <editdetail attribution="Reuters BIP Coding Group" action="confirmed" date="1997-03-11"/>
  </code>
  <code code="MCAT">
    <editdetail attribution="Reuters BIP Coding Group" action="confirmed" date="1997-03-11"/>
  </code>
</codes>
<dc element="dc.date.created" value="1997-03-11"/>
<dc element="dc.publisher" value="Reuters Holdings Plc"/>
<dc element="dc.date.published" value="1997-03-11"/>
<dc element="dc.source" value="Reuters"/>
<dc element="dc.creator.location" value="WARSAW"/>
<dc element="dc.creator.location.country.name" value="POLAND"/>
<dc element="dc.source" value="Reuters"/>
</metadata>
</newsitem>
