<?xml version="1.0" encoding="iso-8859-1" ?>
<newsitem itemid="432534" id="root" date="1997-03-11" xml:lang="en">
<title>SOUTH AFRICA: MALAYSIANS LOOK AT S.AFRICAN PETROCHEMICALS PLANT.</title>
<headline>MALAYSIANS LOOK AT S.AFRICAN PETROCHEMICALS PLANT.</headline>
<dateline>CAPE TOWN 1997-03-11</dateline>
<text>
<p>Malaysian companies are looking at the feasibility of a major petrochemicals plant in South Africa's Eastern Cape province, Deputy Trade and Industry Minister Phumzile Mlambo-Ngcuka said on Tuesday.</p>
<p>&quot;The Malaysians are interested pending technical work which will inform their formal decision,&quot; she told Reuters.</p>
<p>&quot;We expect that technicians from the two countries will be talking further as encouraged by the leaders.&quot;</p>
<p>She was responding to local radio reports saying that an agreement to build a $400 million refinery near East London had been signed during President Nelson Mandela's recent visit to Southeast Asia. She accompanied him on the trip.</p>
<p>&quot;They did not sign an agreement,&quot; Mlambo-Ngcuka said.</p>
<p>Her written reply to Reuters did not specify if the Malaysians were interested in a refinery or petrochemicals plant, but an aide said it was the petrochemicals plant.</p>
<p>A petrochemicals plant in the relatively underdeveloped province has been mooted by several parties, notably by the Taiwanese in the lead up to South Africa's decision on whether to grant diplomatic recognition to China instead.</p>
<p>When South Africa opted for China, the Taiwanese pulled out of negotiations with a consortium of local private sector firms on the project.</p>
<p>But the consortium later said that the Taiwanese plan to build a world scale aromatics plant would not serve local needs.</p>
<p>The local companies approached included AECI, BP, Caltex, Engen, Hoechst SA, Polifin, Sasol, Sentrachem, Shell and Total.</p>
<p>-- Cape Town newsroom +27 21 25-2238</p>
</text>
<copyright>(c) Reuters Limited 1997</copyright>
<metadata>
<codes class="bip:countries:1.0">
  <code code="MALAY">
    <editdetail attribution="Reuters BIP Coding Group" action="confirmed" date="1997-03-11"/>
  </code>
  <code code="SAFR">
    <editdetail attribution="Reuters BIP Coding Group" action="confirmed" date="1997-03-11"/>
  </code>
  <code code="TAIWAN">
    <editdetail attribution="Reuters BIP Coding Group" action="confirmed" date="1997-03-11"/>
  </code>
</codes>
<codes class="bip:industries:1.0">
  <code code="I13000">
    <editdetail attribution="Reuters BIP Coding Group" action="confirmed" date="1997-03-11"/>
  </code>
  <code code="I1300003">
    <editdetail attribution="Reuters BIP Coding Group" action="confirmed" date="1997-03-11"/>
  </code>
  <code code="I14000">
    <editdetail attribution="Reuters BIP Coding Group" action="confirmed" date="1997-03-11"/>
  </code>
  <code code="I25000">
    <editdetail attribution="Reuters BIP Coding Group" action="confirmed" date="1997-03-11"/>
  </code>
</codes>
<codes class="bip:topics:1.0">
  <code code="C24">
    <editdetail attribution="Reuters BIP Coding Group" action="confirmed" date="1997-03-11"/>
  </code>
  <code code="CCAT">
    <editdetail attribution="Reuters BIP Coding Group" action="confirmed" date="1997-03-11"/>
  </code>
</codes>
<dc element="dc.date.created" value="1997-03-11"/>
<dc element="dc.publisher" value="Reuters Holdings Plc"/>
<dc element="dc.date.published" value="1997-03-11"/>
<dc element="dc.source" value="Reuters"/>
<dc element="dc.creator.location" value="CAPE TOWN"/>
<dc element="dc.creator.location.country.name" value="SOUTH AFRICA"/>
<dc element="dc.source" value="Reuters"/>
</metadata>
</newsitem>
