<?xml version="1.0" encoding="iso-8859-1" ?>
<newsitem itemid="432518" id="root" date="1997-03-11" xml:lang="en">
<title>USA: NHL ICE HOCKEY - OLYMPIC EXPERIMENT HAS TEAM OFFICIALS WORRIED BUT ENTHUSED.</title>
<headline>NHL ICE HOCKEY - OLYMPIC EXPERIMENT HAS TEAM OFFICIALS WORRIED BUT ENTHUSED.</headline>
<byline>Bill Berkrot</byline>
<dateline>NEW YORK 1997-03-10</dateline>
<text>
<p>Next year at this time officials of NHL teams will know whether sending the world's best hockey players to battle for gold and glory at the Nagano Olympics was a brilliant marketing move or a costly mistake.</p>
<p>In an unprecedented move, the National Hockey League will suspend operations for 17 days mid-season next year so players can represent their countries at the Winter Olympics.</p>
<p>What promises to be a dream tournament for fans, however, could prove a nightmare for general managers of NHL clubs who send their prime assets to the other side of the world when they should be home jockeying for playoff positions.</p>
<p>&quot;It's a fait accompli, it's going to happen,&quot; said a fatalistic Jim Devellano, the Detroit Red Wings senior vice president of hockey operations whose club will supply several key members to the Russian team and others.</p>
<p>&quot;My main concerns are player injury and player burnout,&quot; said Devellano, not quite opposing the league's decision to participate in the Games while expressing trepidation over adding the Olympics to the grueling NHL schedule.</p>
<p>&quot;My concern is the Detroit Red Wings, quite frankly,&quot; he said. &quot;It's a long season.</p>
<p>&quot;We start training camp in September, if you get to the Finals it's June. This year we had the World Cup and next year there's the Olympics. And the best players also play in the NHL All-Star game,&quot; Devellano said. &quot;It's a lot of hockey.&quot;</p>
<p>Injury is the greatest concern to NHL coaches and general managers, who will watch helplessly and hope their stars return from Japan in shape to resume the run for the Stanley Cup.</p>
<p>&quot;We all understand (injuries) could happen,&quot; said Bob Clarke, general manager of the Philadelphia Flyers, who will serve in a similar capacity for Team Canada at Nagano.</p>
<p>&quot;Major injury means you're going to miss one of your best players for the stretch drive,&quot; said Clarke, who lost superstar Eric Lindros for the first 23 games of the NHL season after he suffered a groin injury playing for Canada in the World Cup.</p>
<p>&quot;I don't think any manager would be happy with the fact that seven or eight of his best players would be competing in the Olympics,&quot; admitted Clarke, who may be forced to watch as two of his own marquee players -- on opposing Olympic teams -- crash into each other with bone-crushing force.</p>
<p>Clarke was less concerned with physical exhaustion -- &quot;they're athletes, they're well conditioned&quot; -- than with the difficulty of the psychological switch in gears upon return.</p>
<p>&quot;It's going to take a little time to get their emotional level back to NHL level. There's going to be a letdown, whether they're disappointed over losing or celebrating victory.&quot;</p>
<p>But Clarke, who led Philadelphia to two Stanley Cups as a player in the mid-1970s, wouldn't think of leaving one of his stars home for safe keeping.</p>
<p>&quot;We will take the best Canadian team over that we possibly can,&quot; promised Clarke, whose second best player on the Flyers, John LeClair, will likely skate for the United States.</p>
<p>Also of concern is how the unusual mid-season disruption might affect those who don't make the trip to Nagano. A team that was building momentum in early February could well come out flat after a nearly three-week break.</p>
<p>But Pierre Lacroix, general manager of the Stanley Cup champion Colorado Avalanche, thinks the layoff could prove beneficial, if players &quot;use the break in the right fashion to heal small injuries or to regroup with families.&quot;</p>
<p>And while as worried about losing key players as his peers, Lacroix is an unabashed fan of the Olympic plan.</p>
<p>&quot;It's a great thing for the great game of hockey,&quot; he gushed.</p>
<p>&quot;It's a great opportunity for the rest of world to see this game. Finally they are going to see the best players,&quot; added Lacroix, who expects his club to contribute players to the German and Russian squads as well as sending stars Joe Sakic to Team Canada and Peter Forsberg to the Swedish team.</p>
<p>&quot;A tournament that creates high emotion like the Olympics is always a plus in a player's life. All the players will come out of the Olympic experience feeling like they've gained something,&quot; Lacroix predicted.</p>
<p>&quot;It's going to be an unbelievable tournament.&quot;</p>
<p>Clarke also suspects that any conflict he may feel between the quests for the Stanley Cup and Olympic gold will fade as next February rolls around.</p>
<p>&quot;When the plane leaves and you're sitting there with your team going to Japan, I think the thrill for players and coaches and management will be unbelievable.&quot;</p>
</text>
<copyright>(c) Reuters Limited 1997</copyright>
<metadata>
<codes class="bip:countries:1.0">
  <code code="JAP">
    <editdetail attribution="Reuters BIP Coding Group" action="confirmed" date="1997-03-11"/>
  </code>
  <code code="USA">
    <editdetail attribution="Reuters BIP Coding Group" action="confirmed" date="1997-03-11"/>
  </code>
</codes>
<codes class="bip:topics:1.0">
  <code code="GCAT">
    <editdetail attribution="Reuters BIP Coding Group" action="confirmed" date="1997-03-11"/>
  </code>
  <code code="GSPO">
    <editdetail attribution="Reuters BIP Coding Group" action="confirmed" date="1997-03-11"/>
  </code>
</codes>
<dc element="dc.date.created" value="1997-03-10"/>
<dc element="dc.publisher" value="Reuters Holdings Plc"/>
<dc element="dc.date.published" value="1997-03-11"/>
<dc element="dc.source" value="Reuters"/>
<dc element="dc.creator.location" value="NEW YORK"/>
<dc element="dc.creator.location.country.name" value="USA"/>
<dc element="dc.source" value="Reuters"/>
</metadata>
</newsitem>
