<?xml version="1.0" encoding="iso-8859-1" ?>
<newsitem itemid="432557" id="root" date="1997-03-11" xml:lang="en">
<title>MACEDONIA: NATIONAL BANK OF MACEDONIA FIX FOR WEDNESDAY.</title>
<headline>NATIONAL BANK OF MACEDONIA FIX FOR WEDNESDAY.</headline>
<dateline>SKOPJE 1997-03-11</dateline>
<text>
<p>The National Bank of Macedonia</p>
<p>(NBM) fix for Wednesday:</p>
<p>    DEM 100 - 2,663.9447	USD   1 -  45.4948</p>
<p>    CHF 100 - 3,082.8500	ATS 100 - 378.4933</p>
<p>The NBM calculates the denar's rate against the German mark</p>
<p>on the basis of the information submitted by banks during the</p>
<p>morning. Denar rates against other currencies are worked out</p>
<p>from the Frankfurt fixing rates, issued around 1500 local time.</p>
<p>-- Sofia Newsroom, 359-2-84561</p>
</text>
<copyright>(c) Reuters Limited 1997</copyright>
<metadata>
<codes class="bip:countries:1.0">
  <code code="MCDNIA">
    <editdetail attribution="Reuters BIP Coding Group" action="confirmed" date="1997-03-11"/>
  </code>
</codes>
<codes class="bip:topics:1.0">
  <code code="M13">
    <editdetail attribution="Reuters BIP Coding Group" action="confirmed" date="1997-03-11"/>
  </code>
  <code code="M132">
    <editdetail attribution="Reuters BIP Coding Group" action="confirmed" date="1997-03-11"/>
  </code>
  <code code="MCAT">
    <editdetail attribution="Reuters BIP Coding Group" action="confirmed" date="1997-03-11"/>
  </code>
</codes>
<dc element="dc.date.created" value="1997-03-11"/>
<dc element="dc.publisher" value="Reuters Holdings Plc"/>
<dc element="dc.date.published" value="1997-03-11"/>
<dc element="dc.source" value="Reuters"/>
<dc element="dc.creator.location" value="SKOPJE"/>
<dc element="dc.creator.location.country.name" value="MACEDONIA"/>
<dc element="dc.source" value="Reuters"/>
</metadata>
</newsitem>
