<?xml version="1.0" encoding="iso-8859-1" ?>
<newsitem itemid="432570" id="root" date="1997-03-11" xml:lang="en">
<title>POLAND: NBP OFFERS TO SELL PLN 325 MLN OF NBP-BILLS.</title>
<headline>NBP OFFERS TO SELL PLN 325 MLN OF NBP-BILLS.</headline>
<dateline>WARSAW 1997-03-11</dateline>
<text>
<p>The National Bank of Poland</p>
<p>offered to sell 100 million zlotys of its 91-day NBP-bills and</p>
<p>225 million zlotys of 273-day bills, the central bank said.</p>
<p>    Deadline hour		 - 12:00</p>
<p>    Date of settlement	  - March 11, 1997</p>
<p>    Maturity of bills offered - June 10, 1997, December 9, 1997</p>
<p>-- Warsaw Newsroom +48 22 653 9700</p>
</text>
<copyright>(c) Reuters Limited 1997</copyright>
<metadata>
<codes class="bip:countries:1.0">
  <code code="POL">
    <editdetail attribution="Reuters BIP Coding Group" action="confirmed" date="1997-03-11"/>
  </code>
</codes>
<codes class="bip:topics:1.0">
  <code code="E12">
    <editdetail attribution="Reuters BIP Coding Group" action="confirmed" date="1997-03-11"/>
  </code>
  <code code="ECAT">
    <editdetail attribution="Reuters BIP Coding Group" action="confirmed" date="1997-03-11"/>
  </code>
  <code code="M13">
    <editdetail attribution="Reuters BIP Coding Group" action="confirmed" date="1997-03-11"/>
  </code>
  <code code="M131">
    <editdetail attribution="Reuters BIP Coding Group" action="confirmed" date="1997-03-11"/>
  </code>
  <code code="MCAT">
    <editdetail attribution="Reuters BIP Coding Group" action="confirmed" date="1997-03-11"/>
  </code>
</codes>
<dc element="dc.date.created" value="1997-03-11"/>
<dc element="dc.publisher" value="Reuters Holdings Plc"/>
<dc element="dc.date.published" value="1997-03-11"/>
<dc element="dc.source" value="Reuters"/>
<dc element="dc.creator.location" value="WARSAW"/>
<dc element="dc.creator.location.country.name" value="POLAND"/>
<dc element="dc.source" value="Reuters"/>
</metadata>
</newsitem>
