<?xml version="1.0" encoding="iso-8859-1" ?>
<newsitem itemid="432509" id="root" date="1997-03-11" xml:lang="en">
<title>USA: NBA BASKETBALL-STANDINGS AFTER MONDAY'S GAMES.</title>
<headline>NBA BASKETBALL-STANDINGS AFTER MONDAY'S GAMES.</headline>
<dateline>NEW YORK 1997-03-11</dateline>
<text>
<p>Standings of National</p>
<p>Basketball Association teams after games played on Monday</p>
<p>(tabulate under won, lost, winning percentage, games behind):</p>
<p>		EASTERN CONFERENCE</p>
<p>		ATLANTIC DIVISION</p>
<p>			W    L    PCT  GB</p>
<p> NEW YORK	  47   16   .746   -</p>
<p> MIAMI	     45   17   .726   1 1/2</p>
<p> ORLANDO	   32   28   .533  13 1/2</p>
<p> WASHINGTON	28   33   .459  18</p>
<p> NEW JERSEY	18   43   .295  28</p>
<p> PHILADELPHIA    16   44   .267  29 1/2</p>
<p> BOSTON	    12   50   .194  34 1/2</p>
<p>		CENTRAL DIVISION</p>
<p>			W    L    PCT  GB</p>
<p> x-CHICAGO	 53    8   .869   -</p>
<p> DETROIT	   45   16   .738   8</p>
<p> ATLANTA	   42   19   .689  11</p>
<p> CHARLOTTE	 40   22   .645  13 1/2</p>
<p> CLEVELAND	 33   27   .550  19 1/2</p>
<p> INDIANA	   29   32   .475  24</p>
<p> MILWAUKEE	 26   35   .426  27</p>
<p> TORONTO	   21   40   .344  32</p>
<p>		WESTERN CONFERENCE</p>
<p>		 MIDWEST DIVISION</p>
<p>			W    L    PCT  GB</p>
<p> UTAH		45   16   .738   -</p>
<p> HOUSTON	   42   20   .677   3 1/2</p>
<p> MINNESOTA	 30   30   .500  14 1/2</p>
<p> DALLAS	    19   41   .317  25 1/2</p>
<p> DENVER	    18   43   .295  27</p>
<p> SAN ANTONIO     15   46   .246  30</p>
<p> VANCOUVER	 11   52   .175  35</p>
<p>		PACIFIC DIVISION</p>
<p>			W    L    PCT  GB</p>
<p> SEATTLE	   42   18   .700   -</p>
<p> LA LAKERS	 41   20   .672   1 1/2</p>
<p> PORTLAND	  35   28   .556   8 1/2</p>
<p> SACRAMENTO	28   34   .452  15</p>
<p> LA CLIPPERS     26   33   .441  15 1/2</p>
<p> PHOENIX	   24   37   .393  18 1/2</p>
<p> GOLDEN STATE    23   38   .377  19 1/2</p>
<p>	 TUESDAY, MARCH 11TH SCHEDULE</p>
<p>CHICAGO AT BOSTON	     </p>
<p>UTAH AT ATLANTA		 </p>
<p>VANCOUVER AT CHARLOTTE	</p>
<p>PHILADELPHIA AT MINNESOTA   </p>
<p>HOUSTON AT SAN ANTONIO	</p>
<p>NEW YORK AT DALLAS	    </p>
<p>MIAMI AT MILWAUKEE	    </p>
<p>ORLANDO AT DENVER	     </p>
<p>TORONTO AT PHOENIX	    </p>
<p>LA CLIPPERS AT PORTLAND     </p>
<p>DETROIT AT SEATTLE	    </p>
<p>CLEVELAND AT SACRAMENTO</p>
</text>
<copyright>(c) Reuters Limited 1997</copyright>
<metadata>
<codes class="bip:countries:1.0">
  <code code="CANA">
    <editdetail attribution="Reuters BIP Coding Group" action="confirmed" date="1997-03-11"/>
  </code>
  <code code="USA">
    <editdetail attribution="Reuters BIP Coding Group" action="confirmed" date="1997-03-11"/>
  </code>
</codes>
<codes class="bip:topics:1.0">
  <code code="GCAT">
    <editdetail attribution="Reuters BIP Coding Group" action="confirmed" date="1997-03-11"/>
  </code>
  <code code="GSPO">
    <editdetail attribution="Reuters BIP Coding Group" action="confirmed" date="1997-03-11"/>
  </code>
</codes>
<dc element="dc.date.created" value="1997-03-11"/>
<dc element="dc.publisher" value="Reuters Holdings Plc"/>
<dc element="dc.date.published" value="1997-03-11"/>
<dc element="dc.source" value="Reuters"/>
<dc element="dc.creator.location" value="NEW YORK"/>
<dc element="dc.creator.location.country.name" value="USA"/>
<dc element="dc.source" value="Reuters"/>
</metadata>
</newsitem>
