<?xml version="1.0" encoding="iso-8859-1" ?>
<newsitem itemid="432606" id="root" date="1997-03-11" xml:lang="en">
<title>UK: Mechanics of Britain's election as big day nears.</title>
<headline>Mechanics of Britain's election as big day nears.</headline>
<dateline>LONDON 1997-03-11</dateline>
<text>
<p>British election campaigns must last at least 17 days between the dissolution of parliament and polling day -- not including weekends, bank holidays and &quot;days of public thanksgiving or mourning&quot;.</p>
<p>Apart from that stipulation, contained in the Parliament Act of 1911, the mechanics of the election are not cast in stone.</p>
<p>Following is a run-down of procedures for the election.</p>
<p>LENGTH OF PARLIAMENT</p>
<p>Britain elects a parliament for five years, but the prime minister has the power to cut its term short and call a new election.</p>
<p>If parliament is allowed to run its term, the election cut-off date is set as the first Thursday that follows the fifth anniversary of the opening of parliament plus 17 days, not including weekends and bank holidays.</p>
<p>The 1992 election was held on April 9 and parliament opened on April 27.</p>
<p>This means that Prime Minister John Major theoretically could delay the election until May 22, although he has said several times that it would in fact take place no later than May 1, the date of local elections in England.</p>
<p>DAY OF ELECTION</p>
<p>Only recent custom obliges Major to hold the election on a Thursday. The 1931 election took place on a Tuesday. Polling in 1922 and 1924 was on a Wednesday.</p>
<p>Thursday has been the day of elections since 1935, although by-elections were held on other days of the week as recently as the 1960s.</p>
<p>INFORMING THE QUEEN</p>
<p>In 1992 Major told waiting cameramen in Downing Street the date of the election immediately after returning from Buckingham Palace where, as the constitution dictates, he had asked Queen Elizabeth to dissolve parliament.</p>
<p>But, strictly speaking, the prime minister can keep the date to himself after he has told the monarch. In the 1950s, Downing Street officials said, a few days elapsed before the date was made public.</p>
<p>DISSOLUTION OF PARLIAMENT</p>
<p>It is usual for the prime minister to give several days' notice of the dissolution of parliament to allow time for vital remaining business to be completed.</p>
<p>This time the government will be eager to push through important education and police bills before parliament is dissolved.</p>
<p>Between 1945 and 1970, parliament was given 10 to 23 days' notice of its coming dissolution. But during the &quot;Who governs Britain?&quot; election of February 1974, Prime Minister Ted Heath announced the dissolution just 24 hours in advance.</p>
<p>Margaret Thatcher gave four and seven days' warning in 1983 and 1987, respectively, while Major provided five days' notice in 1992.</p>
<p>Polling takes place 17 working days after dissolution.</p>
<p>This means Major would have to dissolve parliament on March 12 -- with no prior notice -- if he wanted to go to the country on April 10.</p>
<p>If the monarch dies after the dissolution, polling day is postponed for two weeks.</p>
<p>TRANSITION OF POWER</p>
<p>If Major loses the election, he will be expected to leave his 10, Downing Street residence and office within minutes.</p>
<p>Oxford University Professor David Butler has called it &quot;the swiftest transfer of power in the democratic world&quot;.</p>
<p>At the last handover in 1979, the Conservatives clinched victory at 2.45 pm on the Friday following polling day.</p>
<p>Anticipating defeat, outgoing Labour Prime Minister James Callaghan had been to Buckingham Palace at 2.30 pm and an hour later Thatcher had taken office as Britain's first woman prime minister.</p>
<p>ASSEMBLY OF NEW PARLIAMENT</p>
<p>Eighteen days elapsed in 1992 between polling day on April 9 and the assembly of the new parliament on April 27.</p>
<p>In 1979, 1983 and 1987, just six days elapsed.</p>
<p>WHO CAN VOTE?</p>
<p>Eligible to vote are 43.9 million out of 58 million inhabitants. The voting age is 18. Voting is not compulsory. In 1992, 77.8 percent of the electorate of 43.2 million voted.</p>
</text>
<copyright>(c) Reuters Limited 1997</copyright>
<metadata>
<codes class="bip:countries:1.0">
  <code code="UK">
    <editdetail attribution="Reuters BIP Coding Group" action="confirmed" date="1997-03-11"/>
  </code>
</codes>
<codes class="bip:topics:1.0">
  <code code="GCAT">
    <editdetail attribution="Reuters BIP Coding Group" action="confirmed" date="1997-03-11"/>
  </code>
  <code code="GPOL">
    <editdetail attribution="Reuters BIP Coding Group" action="confirmed" date="1997-03-11"/>
  </code>
  <code code="GVOTE">
    <editdetail attribution="Reuters BIP Coding Group" action="confirmed" date="1997-03-11"/>
  </code>
</codes>
<dc element="dc.date.created" value="1997-03-11"/>
<dc element="dc.publisher" value="Reuters Holdings Plc"/>
<dc element="dc.date.published" value="1997-03-11"/>
<dc element="dc.source" value="Reuters"/>
<dc element="dc.creator.location" value="LONDON"/>
<dc element="dc.creator.location.country.name" value="UK"/>
<dc element="dc.source" value="Reuters"/>
</metadata>
</newsitem>
