<?xml version="1.0" encoding="iso-8859-1" ?>
<newsitem itemid="432603" id="root" date="1997-03-11" xml:lang="en">
<title>UK: Dutch seek bulk cocoa delivery to LIFFE contracts.</title>
<headline>Dutch seek bulk cocoa delivery to LIFFE contracts.</headline>
<byline>Clelia Oziel</byline>
<dateline>LONDON 1997-03-11</dateline>
<text>
<p>The Dutch cocoa trade seeks changes in the London futures contract to allow delivery of bulk cocoa, fast becoming the norm in shipments to the Netherlands.</p>
<p>Louis Bensdorp, president of the Dutch Cocoa Association (NCV), said he would meet officials of the London International Financial Futures Exchange (LIFFE) on the subject on Wednesday.</p>
<p>Using bulk shipment, beans are taken out of their bags at the port of origin for quality checks then all subsequent transport and storage is carried out in bulk, for a considerable saving on costs.</p>
<p>Use of containers is another option, although savings are less.</p>
<p>Bensdorp said he would discuss with LIFFE ways in which present specifications permitting delivery of cocoa only in its original jute bag could be adjusted. As an interim compromise, cocoa could be rebagged in importing countries, he said.</p>
<p>&quot;I would expect them to allow re-bagging just for the time being,&quot; Bensdorp told reporters on Tuesday after a presentation to the International Cocoa Organization (ICCO).</p>
<p>The NCV is also in talks with the Cocoa Association of London and its French counterpart, AFCC, to design a new bulk cocoa contract.</p>
<p>Importers in the Netherlands, the hub of European processing, pioneered bulk shipments from the Ivory Coast last year. Dutch traders now receive up to 10,000-tonne shipments and are considering larger tonnages for maximum cost effectiveness.</p>
<p>Total bulk shipments were expected to reach 250,000 tonnes in 1996/97 rising to 300,000 in 1997/98 and some 80 percent of all Dutch cocoa processing in the next few years, Bensdorp said.</p>
<p>&quot;It will become necessary in London to allow bulk cocoa,&quot; he added.</p>
<p>He also said that a squeeze in the London futures market last year that sent prices to eight year highs of 1,172 stg per tonne as a trader took delivery of 300,000 tonnes of cocoa, could have been avoided if bulk cocoa was deliverable at the time.</p>
<p>&quot;A lot of cocoa which could help to ease the squeeze could not be used,&quot; Bensdorp said.</p>
<p>A LIFFE official said bulk shipments were under review but a decision to amend specifications rested with the Board.</p>
<p>In his presentation to ICCO members, Bensdorp said bulk shipments had the advantage of faster loading, discharging and storage without impairing quality.</p>
<p>But there were still problems that needed to be overcome, he said.</p>
<p>Dependance on weather conditions was one disadvantage. Weather needed to be completely dry for loading and unloading and in countries like Britain where rain was common, this could lead to severe port delays.</p>
<p>In tropical origins, the quality of cocoa could be affected if ships' hatches don't close in time to protect the beans from sudden downpours.</p>
<p>There are also worries on the part of the producers, who face additional costs of structural changes that are required for bulk shipments but no financial benefit.</p>
<p>&quot;It's about time that some of these savings find their way to the exporter countries,&quot; said Sam Appah, representative from Ghana.</p>
<p>Kouame N'Guessan of Ivory Coast's Caistab called for logistical support from importing countries saying their handling costs had increased.</p>
<p>But Bensdorp said producers should work out ways in which they could trim their costs.</p>
<p>&quot;We believe in free enterprise. If there is a possibility of exporting bulk at lower cost, exporters will find a way to do so,&quot; he said.</p>
<p>-- London Newsroom +44-171-542 8072</p>
</text>
<copyright>(c) Reuters Limited 1997</copyright>
<metadata>
<codes class="bip:countries:1.0">
  <code code="NETH">
    <editdetail attribution="Reuters BIP Coding Group" action="confirmed" date="1997-03-11"/>
  </code>
  <code code="UK">
    <editdetail attribution="Reuters BIP Coding Group" action="confirmed" date="1997-03-11"/>
  </code>
</codes>
<codes class="bip:topics:1.0">
  <code code="M14">
    <editdetail attribution="Reuters BIP Coding Group" action="confirmed" date="1997-03-11"/>
  </code>
  <code code="M141">
    <editdetail attribution="Reuters BIP Coding Group" action="confirmed" date="1997-03-11"/>
  </code>
  <code code="MCAT">
    <editdetail attribution="Reuters BIP Coding Group" action="confirmed" date="1997-03-11"/>
  </code>
</codes>
<dc element="dc.date.created" value="1997-03-11"/>
<dc element="dc.publisher" value="Reuters Holdings Plc"/>
<dc element="dc.date.published" value="1997-03-11"/>
<dc element="dc.source" value="Reuters"/>
<dc element="dc.creator.location" value="LONDON"/>
<dc element="dc.creator.location.country.name" value="UK"/>
<dc element="dc.source" value="Reuters"/>
</metadata>
</newsitem>
