<?xml version="1.0" encoding="iso-8859-1" ?>
<newsitem itemid="461366" id="root" date="1997-03-22" xml:lang="en">
<title>SLOVENIA: SKI JUMPING- WORLD CUP RESULTS.</title>
<headline>SKI JUMPING- WORLD CUP RESULTS.</headline>
<dateline>PLANICA, Slovenia 1997-03-22</dateline>
<text>
<p>Result of the ski</p>
<p>flying event at the World Cup ski jumping finals on Saturday:</p>
<p> 1. Takanobu Okabe (Japan)	   395.90 points (first jump</p>
<p>					     197.50 metres/second jump 207.00 metres)</p>
<p> 2. Kazuyoshi Funaki (Japan)	 378.90 (190.50/204.00)</p>
<p> 3. Jani Soininen (Finland)	  374.60 (203.50/187.00)</p>
<p> 4. Primoz Peterka (Slovenia)	366.50 (196.50/186.00)</p>
<p> 5. Jaroslav Sakala (Czech Republic)</p>
<p>					     365.40 (202.50/179.50)</p>
<p> 6. Dieter Thoma (Germany)	   364.10 (213.00/200.00)</p>
<p> 7. Henning Stensrud (Norway)	363.40 (192.50/189.50)</p>
<p> 8. Roar Ljokelsoy (Norway)	  362.40 (190.00/184,50)</p>
<p> 9. Lasse Ottesen (Norway)	   357.80 (190.50/183.50)</p>
<p> 10. Espen Bredesen (Norway)	 355.20 (204.50/166.50)</p>
<p> 11. Hiroya Saito (Japan)	    354.50 (182.00/188.00)</p>
<p> 12. Kristian Brenden (Norway)     352.60 (191.50/179.00)</p>
<p> 13. Bruno Reuteler (Switzerland)  352.50 (191.00/179.00)</p>
<p> 14. Haavard Lie (Norway)	    347.80 (192.50/179.00)</p>
<p> 15. Jakub Suchacek (Czech Republic)</p>
<p>					     346.40 (190.00/174.50)</p>
<p> 16. Sylvain Freiholz (Switzerland)</p>
<p>					     343.10 (190.50/172.50)</p>
<p> 17. Andreas Widhoelzl (Austria)   331.30 (176.50/177.50)</p>
<p> 18. Marco Steinauer (Switzerland) 328.40 (183.00/166.50)</p>
<p> 19. Hansjoerg Jaekle (Germany)    324.30 (179.00/170.00)</p>
<p> 20. Noriaki Kasai (Japan)	   322.30 (189.50/162.00)</p>
<p> 21. Jerome Gay (France)	     318.90 (172.50/172.00)</p>
<p> 22. Janne Ahonen (Finland)	  316.70 (176.50/164.50)</p>
<p> 23. Ville Kantee (Finland)	  315.90 (181.00/186.00)</p>
<p> 24. Martin Hoellwarth (Austria)   313.40 (179.00/163.00)</p>
<p> 25. Simen Berntzen (Norway)	 313.00 (185.50/157.00)</p>
<p> 26. Sturle Holseter (Norway)	301.80 (184.00/152.50)</p>
<p> 27. Stefan Horngacher (Austria)   262.10 (184.50/121.00)</p>
<p> 28. Jussi Hautamaki (Finland)     260.90 (173.00/129.00)</p>
<p> 29. Adi Grugger (Austria)	   223.10 (168.50/107.00)</p>
<p> 30. Akira Higashi (Japan)	   201.40 (169.50/ 90.00)</p>
</text>
<copyright>(c) Reuters Limited 1997</copyright>
<metadata>
<codes class="bip:countries:1.0">
  <code code="SLVNIA">
    <editdetail attribution="Reuters BIP Coding Group" action="confirmed" date="1997-03-22"/>
  </code>
</codes>
<codes class="bip:topics:1.0">
  <code code="GCAT">
    <editdetail attribution="Reuters BIP Coding Group" action="confirmed" date="1997-03-22"/>
  </code>
  <code code="GSPO">
    <editdetail attribution="Reuters BIP Coding Group" action="confirmed" date="1997-03-22"/>
  </code>
</codes>
<dc element="dc.date.created" value="1997-03-22"/>
<dc element="dc.publisher" value="Reuters Holdings Plc"/>
<dc element="dc.date.published" value="1997-03-22"/>
<dc element="dc.source" value="Reuters"/>
<dc element="dc.creator.location" value="PLANICA, Slovenia"/>
<dc element="dc.creator.location.country.name" value="SLOVENIA"/>
<dc element="dc.source" value="Reuters"/>
</metadata>
</newsitem>
