<?xml version="1.0" encoding="iso-8859-1" ?>
<newsitem itemid="461383" id="root" date="1997-03-22" xml:lang="en">
<title>UK: SOCCER-NORTHERN IRISH PREMIER DIVISION RESULTS/STANDINGS.</title>
<headline>SOCCER-NORTHERN IRISH PREMIER DIVISION RESULTS/STANDINGS.</headline>
<dateline>BELFAST 1997-03-22</dateline>
<text>
<p>Results of Northern Irish</p>
<p>premier division soccer matches on Saturday:</p>
<p> Coleraine		 1  Cliftonville	    1</p>
<p> Crusaders		 3  Linfield		  0</p>
<p> Glentoran		 2  Glenavon		  1</p>
<p> Portadown		 5  Ards			0</p>
<p>    Standings		Pl  W  D  L   F  A  Pts</p>
<p>  1.Coleraine		23 10 10  3  35  26  40</p>
<p>  2.Crusaders		23 10  9  4  31  20  39</p>
<p>  3.Glenavon		 23  7  9  7  29  27  30</p>
<p>  4.Linfield		 23  8  6  9  27  28  30</p>
<p>  5.Glentoran		23  6 10  7  28  30  28</p>
<p>  6.Portadown		22  6  7  9  30  30  25</p>
<p>  7.Ards		     23  5  9  9  30  38  24</p>
<p>  8.Cliftonville	   22  5  8  9  20  31  23</p>
</text>
<copyright>(c) Reuters Limited 1997</copyright>
<metadata>
<codes class="bip:countries:1.0">
  <code code="IRE">
    <editdetail attribution="Reuters BIP Coding Group" action="confirmed" date="1997-03-22"/>
  </code>
  <code code="UK">
    <editdetail attribution="Reuters BIP Coding Group" action="confirmed" date="1997-03-22"/>
  </code>
</codes>
<codes class="bip:topics:1.0">
  <code code="GCAT">
    <editdetail attribution="Reuters BIP Coding Group" action="confirmed" date="1997-03-22"/>
  </code>
  <code code="GSPO">
    <editdetail attribution="Reuters BIP Coding Group" action="confirmed" date="1997-03-22"/>
  </code>
</codes>
<dc element="dc.date.created" value="1997-03-22"/>
<dc element="dc.publisher" value="Reuters Holdings Plc"/>
<dc element="dc.date.published" value="1997-03-22"/>
<dc element="dc.source" value="Reuters"/>
<dc element="dc.creator.location" value="BELFAST"/>
<dc element="dc.creator.location.country.name" value="UK"/>
<dc element="dc.source" value="Reuters"/>
</metadata>
</newsitem>
