<?xml version="1.0" encoding="iso-8859-1" ?>
<newsitem itemid="461356" id="root" date="1997-03-22" xml:lang="en">
<title>SLOVENIA: SKI JUMPING-PETERKA FIRST SLOVENE TO WIN WORLD CUP.</title>
<headline>SKI JUMPING-PETERKA FIRST SLOVENE TO WIN WORLD CUP.</headline>
<byline>Novica Mihajlovic</byline>
<dateline>PLANICA, Slovenia 1997-03-22</dateline>
<text>
<p>Teenager Primoz Peterka became the first Slovenian to clinch the ski jumping World Cup title with a fourth place in the season's penultimate event on Saturday.</p>
<p>Peterka, 18 and in only his second winter on the World Cup tour, leads the overall standings with an unbeatable 1,322 points to German Dieter Thoma's 1,190 after the first of back-to-back ski flying competitions at this northern Slovenian resort.</p>
<p>&quot;If I have a few more seasons like this one then I will start thinking that I must have been born under a lucky star,&quot; said Peterka. &quot;A big stone has fallen from my heart.&quot;</p>
<p>Despite clinching the overall title just a day after bruising himself following a tumble in training, Peterka was disappointed with his fourth place after jumps of 196.50 and 186 metres.</p>
<p>&quot;I was a bit scared during the first jump today because of yesterday's accident. I was only thinking about landing safely,&quot; he explained. &quot;Our team psychologist kept telling me to think about other things.&quot;</p>
<p>Thoma, the only other ski jumper to have threatened Peterka in the overall standings, finished a disappointing sixth on Saturday.</p>
<p>The day's victory went to Japan's Takanobu Okabe who posted jumps of 197.50 metres and 207 metres -- the longest-ever ski flying jump recorded in World Cup competition.</p>
<p>&quot;I'm in very good shape at the moment. I want to repeat this good performance tomorrow in order to win the ski flying World Cup,&quot; said Okabe, who leads the flying standings with 260 points ahead of Peterka on 210.</p>
<p>Okabe's compatriot Kazuyoshi Funaki, currently third in the overall standings with 973 points, took second place with jumps of 190.50 and 204 metres, ahead of Finland's Jani Soininen who sailed to 203.50 and 187 metres.</p>
<p>In training earlier on Saturday, Norway's Lasse Ottesen broke his compatriot Espen Bredesen's 1994 world ski flying record of 209 metres when he soared to 212 metres.</p>
</text>
<copyright>(c) Reuters Limited 1997</copyright>
<metadata>
<codes class="bip:countries:1.0">
  <code code="GFR">
    <editdetail attribution="Reuters BIP Coding Group" action="confirmed" date="1997-03-22"/>
  </code>
  <code code="SLVNIA">
    <editdetail attribution="Reuters BIP Coding Group" action="confirmed" date="1997-03-22"/>
  </code>
</codes>
<codes class="bip:topics:1.0">
  <code code="GCAT">
    <editdetail attribution="Reuters BIP Coding Group" action="confirmed" date="1997-03-22"/>
  </code>
  <code code="GSPO">
    <editdetail attribution="Reuters BIP Coding Group" action="confirmed" date="1997-03-22"/>
  </code>
</codes>
<dc element="dc.date.created" value="1997-03-22"/>
<dc element="dc.publisher" value="Reuters Holdings Plc"/>
<dc element="dc.date.published" value="1997-03-22"/>
<dc element="dc.source" value="Reuters"/>
<dc element="dc.creator.location" value="PLANICA, Slovenia"/>
<dc element="dc.creator.location.country.name" value="SLOVENIA"/>
<dc element="dc.source" value="Reuters"/>
</metadata>
</newsitem>
