<?xml version="1.0" encoding="iso-8859-1" ?>
<newsitem itemid="461343" id="root" date="1997-03-22" xml:lang="en">
<title>USA: TENNIS-LIPTON CHAMPIONSHIPS LOCKER ROOM DEDICATED TO GULLIKSON.</title>
<headline>TENNIS-LIPTON CHAMPIONSHIPS LOCKER ROOM DEDICATED TO GULLIKSON.</headline>
<dateline>KEY BISCAYNE, Florida 1997-03-22</dateline>
<text>
<p>The men's locker room at the Lipton Championships was formally dedicated to Tim Gullikson, the former tour player and coach of Pete Sampras who died last May.</p>
<p>World number one Sampras and Gullikson's wife, Rosemary, were present for the Saturday ceremony to unveil a plaque in the locker room honouring Gullikson's memory.</p>
<p>Inscriped on the plaque: &quot;To Tim, who treated a locker room as his living room on the road - a place to meet and greet friends, offer moral support to, and enjoy the camaraderie of, his fellow tennis players.&quot;</p>
<p>Sampras and Rosemary Gullikson both felt it a fitting tribute to the popular player and coach, who died of brain tumours at the age of 44.</p>
<p>&quot;I think that's awesome,&quot; Sampras said.</p>
<p>&quot;Tim never got injured, but he spent more time in the locker room than anyone. He loved hanging out with the boys, watching the girls' matches, giving those girls a hard time,&quot; recalled Sampras, who reached the top of the tennis world under Gullikson's guidance.</p>
<p>&quot;I'm sure he's looking down today and happy because he would have loved it,&quot; Sampras said of this particular tribute.</p>
<p>Gullikson's wife echoed Sampras's sentiments.</p>
<p>&quot;I spent many, many hours during Tim's 20 years on the tour waiting for him to come out of the locker room,&quot; Rosemary Gullikson said.</p>
<p>&quot;He went there for the sheer pleasure of the company he enjoyed with the players and his friends, so this is totally fitting. I know he'd love this.&quot;</p>
</text>
<copyright>(c) Reuters Limited 1997</copyright>
<metadata>
<codes class="bip:countries:1.0">
  <code code="USA">
    <editdetail attribution="Reuters BIP Coding Group" action="confirmed" date="1997-03-22"/>
  </code>
</codes>
<codes class="bip:topics:1.0">
  <code code="GCAT">
    <editdetail attribution="Reuters BIP Coding Group" action="confirmed" date="1997-03-22"/>
  </code>
  <code code="GSPO">
    <editdetail attribution="Reuters BIP Coding Group" action="confirmed" date="1997-03-22"/>
  </code>
</codes>
<dc element="dc.date.created" value="1997-03-22"/>
<dc element="dc.publisher" value="Reuters Holdings Plc"/>
<dc element="dc.date.published" value="1997-03-22"/>
<dc element="dc.source" value="Reuters"/>
<dc element="dc.creator.location" value="KEY BISCAYNE, Florida"/>
<dc element="dc.creator.location.country.name" value="USA"/>
<dc element="dc.source" value="Reuters"/>
</metadata>
</newsitem>
