<?xml version="1.0" encoding="iso-8859-1" ?>
<newsitem itemid="461379" id="root" date="1997-03-22" xml:lang="en">
<title>UK: SOCCER-NINE ARRESTED AFTER CROWD TROUBLE AT QPR MATCH.</title>
<headline>SOCCER-NINE ARRESTED AFTER CROWD TROUBLE AT QPR MATCH.</headline>
<byline>Mike Collett</byline>
<dateline>LONDON 1997-03-22</dateline>
<text>
<p>Play was suspended for almost 20 minutes after fighting broke out among rival Queens Park Rangers and Portsmouth fans at an English first division match at Loftus Road on Saturday.</p>
<p>A spokesman for Scotland Yard said nine fans had been arrested for public order offences. Four people were injured in the disturbances at the stadium in west London, but none were seriously hurt.</p>
<p>&quot;Our understanding is that three fights broke out and quickly escalated with people getting onto the pitch to escape from the fighting,&quot; he said.</p>
<p>&quot;The referee had to suspend play, but it was resumed when police officers were confident order had been restored. Three men and one woman were hurt, but none had serious injuries.&quot;</p>
<p>Referee Kevin Lynch was forced to order players off after 53 minutes when fans, some protecting young children, spilled on to the pitch to escape from the fighting that initially broke out in a family section of the Ellerslie Road stand.</p>
<p>Eye-witnesses said the trouble broke out when a group of around 20 Portsmouuth fans, who were in a section of the crowd reserved for QPR fans, began scuffling with the home supporters.</p>
<p>Stewards and police were quickly on the scene, but fights then broke out in two other stands and it took the authorities almost 20 minutes to bring the situation under control. QPR won the game 2-1.</p>
<p>Portsmouth manager Terry Fenwick, who used to play for QPR, told reporters afterwards the fans who caused the problem were pathetic individuals.</p>
<p>&quot;I don't know whether it was our fans or theirs who were responsible. I hope it wasn't our fans. Our players need their support not the sort of thing that went on out there today. It's pathetic really, I thought we had got away from all this aggravation.&quot;</p>
<p>QPR boss Stewart Houston said he felt it was important to get his players back in the dressing room.</p>
<p>&quot;I said to the players that there was a lot of tension in the crowd but that we must not show it when we went back out there. It certainly affected Portsmouth a lot more than us.&quot;</p>
<p>Under current legislation any fan convicted of public order offences at a football ground can be banned from matches for life.</p>
<p>The trouble at QPR continues a recent worrying trend and follows recent outbreaks of violence at Birmingham, Leicester and Chesterfield.</p>
<p>It also comes just days after Manchester United fans were left injured, battered and bruised in clashes with Portuguese police when their side played Porto in the European Cup on Wednesday.</p>
</text>
<copyright>(c) Reuters Limited 1997</copyright>
<metadata>
<codes class="bip:countries:1.0">
  <code code="UK">
    <editdetail attribution="Reuters BIP Coding Group" action="confirmed" date="1997-03-22"/>
  </code>
</codes>
<codes class="bip:topics:1.0">
  <code code="GCAT">
    <editdetail attribution="Reuters BIP Coding Group" action="confirmed" date="1997-03-22"/>
  </code>
  <code code="GSPO">
    <editdetail attribution="Reuters BIP Coding Group" action="confirmed" date="1997-03-22"/>
  </code>
</codes>
<dc element="dc.date.created" value="1997-03-22"/>
<dc element="dc.publisher" value="Reuters Holdings Plc"/>
<dc element="dc.date.published" value="1997-03-22"/>
<dc element="dc.source" value="Reuters"/>
<dc element="dc.creator.location" value="LONDON"/>
<dc element="dc.creator.location.country.name" value="UK"/>
<dc element="dc.source" value="Reuters"/>
</metadata>
</newsitem>
