<?xml version="1.0" encoding="iso-8859-1" ?>
<newsitem itemid="461375" id="root" date="1997-03-22" xml:lang="en">
<title>INDONESIA: MOTOCROSS-TOP RIDERS SET TO START 125CC SEASON IN INDONESIA.</title>
<headline>MOTOCROSS-TOP RIDERS SET TO START 125CC SEASON IN INDONESIA.</headline>
<dateline>YOGYAKARTA, Indonesia 1997-03-22</dateline>
<text>
<p>The world's 15 top motocross riders clash on Sunday in the ancient Indonesian city of Yogyakarta when the 1997 world 125cc championships get under way.</p>
<p>Among the 51 riders in the race,  which launches this year's season, are Britain's Paul Malin and Italy's Alessandro Puzar.</p>
<p>Qualifying practice was set to start on Saturday afternoon with Marlin, riding a Yamaha, and Puzar, on a TM, expected to face stiff competition from 1994 world 250cc champion Bob Moore of the United States.</p>
<p>Absent this year, however, was the 1996 125cc world champion Sebastian Tortelli of France, who has decided to race in 250cc this year, race organisers said.</p>
<p>Puzar told reporters he was determined to start the season with a win. &quot;I will do my best to win this first round and also the next ones. If Malin says he wants to win, so do I,&quot; he said.</p>
<p>Moore shared Puzar's optimism and said he was adapting to Yogyakarta's blazing sun. &quot;The most important thing is that the vehicle is okay and the physical conditions are alright,&quot; he said.</p>
<p>Puzar returned to 125cc bikes after racing in the 250cc class in 1996.</p>
<p>Organising committee spokesman A.R. Loebis said there were eight Indonesian riders in this year's race, the only event in the series held outside Europe in the last two years.</p>
<p>From Yogyakarta, the 125cc riders move to Pernes, France, for the second race on April 13. The last of the season's 12 events will be in the Netherlands on August 31.</p>
</text>
<copyright>(c) Reuters Limited 1997</copyright>
<metadata>
<codes class="bip:countries:1.0">
  <code code="INDON">
    <editdetail attribution="Reuters BIP Coding Group" action="confirmed" date="1997-03-22"/>
  </code>
  <code code="ITALY">
    <editdetail attribution="Reuters BIP Coding Group" action="confirmed" date="1997-03-22"/>
  </code>
  <code code="UK">
    <editdetail attribution="Reuters BIP Coding Group" action="confirmed" date="1997-03-22"/>
  </code>
</codes>
<codes class="bip:topics:1.0">
  <code code="GCAT">
    <editdetail attribution="Reuters BIP Coding Group" action="confirmed" date="1997-03-22"/>
  </code>
  <code code="GSPO">
    <editdetail attribution="Reuters BIP Coding Group" action="confirmed" date="1997-03-22"/>
  </code>
</codes>
<dc element="dc.date.created" value="1997-03-22"/>
<dc element="dc.publisher" value="Reuters Holdings Plc"/>
<dc element="dc.date.published" value="1997-03-22"/>
<dc element="dc.source" value="Reuters"/>
<dc element="dc.creator.location" value="YOGYAKARTA, Indonesia"/>
<dc element="dc.creator.location.country.name" value="INDONESIA"/>
<dc element="dc.source" value="Reuters"/>
</metadata>
</newsitem>
