<?xml version="1.0" encoding="iso-8859-1" ?>
<newsitem itemid="461374" id="root" date="1997-03-22" xml:lang="en">
<title>USA: TENNIS-SELES WINS FIRST MATCH OF YEAR AT LIPTON.</title>
<headline>TENNIS-SELES WINS FIRST MATCH OF YEAR AT LIPTON.</headline>
<dateline>KEY BISCAYNE, Florida 1997-03-22</dateline>
<text>
<p>Monica Seles played her first match of the year Friday and survived a three-set challenge in the second round of the Lipton Championships.</p>
<p>Seles, who had been out of action since breaking her finger in December, managed a 6-3 2-6 6-2 victory over Japan's Naoko Sawamatsu on a day in which rain played havoc with the tournament schedule and forced many athletes to wait around for hours to see if they would get their matches in.</p>
<p>Men's top seed Pete Sampras had his scheduled night match put off until Saturday when he will face Romania's Adrian Voinea.</p>
<p>Women's top seed Martina Hingis, who is poised to take the world's top ranking from Steffi Graf at the end of this event, was tested before dispatching unseeded Patricia Hy-Boulais of Canada 3-6 6-3 6-2.</p>
<p>The Swiss teen sensation, who won all four tournaments she has played this year including the Australian Open, ran her 1997 record to a perfect 21-0.</p>
<p>Graf is unable to defend her Lipton title due to a knee injury and will lose her number one ranking to the 16-year-old Hingis on March 31.</p>
<p>&quot;It's a great feeling to be the best tennis player in the world,&quot; said Hingis rather immodestly.</p>
<p>&quot;Everybody wants to play me now. Everybody wants to beat me,&quot; added Hingis, who struggled with her serve in the first set but raised her game in the second and third to maintain her unblemished 1997 record.</p>
<p>Men's fourth seed Goran Ivanisevic easily beat Byron Black of Zimbabwe 6-3 6-3.</p>
<p>Ivanisevic is looking to return to the final after having had to default three games into last year's final with Andre Agassi due to injury.</p>
<p>Seles, who will lose her record as the youngest ever world number one to Hingis, admitted to being rusty against Sawamatsu.</p>
<p>&quot;My groundstrokes just collapsed on me,&quot; Seles said of her middle set lapse. &quot;I need to play quite a few tournaments to get match tough. Today I clearly didn't have that.&quot;</p>
<p>After waiting out the rain, Seles was slow to get her strokes going, narrowly winning the first set 6-3.</p>
<p>She dropped her serve twice in losing the second set before assuming control in the third.</p>
<p>&quot;Waiting around all day made me more nervous,&quot; Seles said. &quot;But I knew her game.&quot;</p>
<p>Seles said her finger was fully healed and she was suffering no pain from the shoulder injury that hampered her play on and off all of last year.</p>
<p>&quot;My finger was broken in two places and all messed up,&quot; she said. &quot;It definitely took much longer than I thought. I thought I would be off for six weeks, max.&quot;</p>
</text>
<copyright>(c) Reuters Limited 1997</copyright>
<metadata>
<codes class="bip:countries:1.0">
  <code code="JAP">
    <editdetail attribution="Reuters BIP Coding Group" action="confirmed" date="1997-03-22"/>
  </code>
  <code code="USA">
    <editdetail attribution="Reuters BIP Coding Group" action="confirmed" date="1997-03-22"/>
  </code>
</codes>
<codes class="bip:topics:1.0">
  <code code="GCAT">
    <editdetail attribution="Reuters BIP Coding Group" action="confirmed" date="1997-03-22"/>
  </code>
  <code code="GSPO">
    <editdetail attribution="Reuters BIP Coding Group" action="confirmed" date="1997-03-22"/>
  </code>
</codes>
<dc element="dc.date.created" value="1997-03-22"/>
<dc element="dc.publisher" value="Reuters Holdings Plc"/>
<dc element="dc.date.published" value="1997-03-22"/>
<dc element="dc.source" value="Reuters"/>
<dc element="dc.creator.location" value="KEY BISCAYNE, Florida"/>
<dc element="dc.creator.location.country.name" value="USA"/>
<dc element="dc.source" value="Reuters"/>
</metadata>
</newsitem>
