<?xml version="1.0" encoding="iso-8859-1" ?>
<newsitem itemid="461372" id="root" date="1997-03-22" xml:lang="en">
<title>SOUTH AFRICA: CRICKET-N.TVL BEAT GRIQUAS IN CUP QUARTER-FINAL.</title>
<headline>CRICKET-N.TVL BEAT GRIQUAS IN CUP QUARTER-FINAL.</headline>
<dateline>KIMBERLEY 1997-03-22</dateline>
<text>
<p>A fluent 109 from opener Mike Rindel in difficult conditions steered Northern Transvaal to a crushing victory by 123 runs over Griqualand West in their Standard Bank Cup quarter-final replay at Kimberley Country Club on Friday night.</p>
<p>Batting first on a pitch of uneven bounce, Northerns made a testing 233 for five in their allotted 45 overs with subsequent man of the match Rindel hitting 109 from 132 balls.</p>
<p>Rindel and Roy Pienaar (47) launched the innings in style with a first-wicket stand of 98 in 18 overs while left-arm seamer Adri Swanepoel was the pick of the Griquas attack with 3-43.</p>
<p>Fast bowler Rudi Bryson then took career-best figures of 4-17 as Griquas were routed for a lowly 110 in 35 overs.</p>
<p>Yet Griquas had to recover after being rocked by a hostile opening spell from Bryson who took 3-8 in his first five overs.</p>
<p>Steve Elworthy weighed in with 3-22 in an unbroken nine-over spell and the home side were reduced to 33 for seven before Ralph Koster gave them some respectability with a gutsy 59.</p>
<p>Koster struck three sixes and four fours as he shared in an eighth-wicket stand of 72 with debutant all-rounder Andre Botha, who made 17. The pair ensured that the home side at least reached the three-figure mark.</p>
<p>With their one-sided win, Northerns advance to a home semi-final tie against Western Province on April 20.</p>
<p>Scoreboard:</p>
<p>Griqualand West</p>
<p>    M.Arthur lbw b Elworthy			  15</p>
<p>    M.Gidley c Smith b Bryson			 0</p>
<p>    P.Barnard b Bryson				  0</p>
<p>    W.Dry c Seymore b Bryson			  0</p>
<p>    R.Koster b Bryson				  59</p>
<p>    C.English c Seymore b Elworthy		  0</p>
<p>    B.Benkenstein b Elworthy			  0</p>
<p>    W.Bossenger b van Zyl			     9</p>
<p>    A.Botha c Rindel b Davis			 17</p>
<p>    A.Swanepoel b Davis				 4</p>
<p>    G.Roe not out					 0</p>
<p>    Extras						  6</p>
<p>    Total (all out in 35 overs)		   110</p>
<p>Fall of wickets: 1-6 2-8 3-11 4-22 5-24 6-24 7-33 8-105 9-108.</p>
<p>Bowling: Elworthy 9-2-22-3, Bryson 7-1-17-4, de Villiers 6-1-19-0, van Zyl 7-2-22-1, Davis 6-0-29-2.</p>
<p>Result: Northern Transvaal won by 123 runs.</p>
<p>Man of the match: Mike Rindel.</p>
</text>
<copyright>(c) Reuters Limited 1997</copyright>
<metadata>
<codes class="bip:countries:1.0">
  <code code="SAFR">
    <editdetail attribution="Reuters BIP Coding Group" action="confirmed" date="1997-03-22"/>
  </code>
</codes>
<codes class="bip:topics:1.0">
  <code code="GCAT">
    <editdetail attribution="Reuters BIP Coding Group" action="confirmed" date="1997-03-22"/>
  </code>
  <code code="GSPO">
    <editdetail attribution="Reuters BIP Coding Group" action="confirmed" date="1997-03-22"/>
  </code>
</codes>
<dc element="dc.date.created" value="1997-03-22"/>
<dc element="dc.publisher" value="Reuters Holdings Plc"/>
<dc element="dc.date.published" value="1997-03-22"/>
<dc element="dc.source" value="Reuters"/>
<dc element="dc.creator.location" value="KIMBERLEY"/>
<dc element="dc.creator.location.country.name" value="SOUTH AFRICA"/>
<dc element="dc.source" value="Reuters"/>
</metadata>
</newsitem>
