<?xml version="1.0" encoding="iso-8859-1" ?>
<newsitem itemid="461388" id="root" date="1997-03-22" xml:lang="en">
<title>UK: SOCCER-KILMARNOCK SEND RANGERS STUMBLING TO DEFEAT.</title>
<headline>SOCCER-KILMARNOCK SEND RANGERS STUMBLING TO DEFEAT.</headline>
<dateline>GLASGOW 1997-03-22</dateline>
<text>
<p>Rangers' faltering progress to their ninth successive Scottish League title took another knock on Saturday when they were beaten 2-1 at home by Kilmarnock.</p>
<p>But Old Firm rivals Celtic, the only team who can catch them, failed to exact maximum advantage, dropping two points in a 2-2 draw at Dunfermline.</p>
<p>Rangers, who moved eight points clear of Celtic after beating them 1-0 last week, have now won only one of their last five matches and were chasing this one after Jim McIntyre put Kilmarnock ahead after 38 minutes.</p>
<p>Gordon Durie, recovered from the stomach upset which kept him out of the side which played Celtic last week, tapped home an equaliser from six metres after 53 minutes.</p>
<p>But Kilmarnock, who beat Celtic recently, completed a successful Old Firm double with their fourth sucessive victory after Paul Wright's successful 81st-minute penalty.</p>
<p>Mid-table Dunfermline were 2-0 up against Celtic after only 29 minutes through Gerry Britton and Harry Curran but Celtic fought back in the second half with goals from Phil O'Donnell and Simon Donnelly.</p>
<p>Third-placed Dundee United stretched their unbeaten run to 17 matches with a 2-1 home win over bottom club Raith, whose relegation is now looking certain. Robbie Winters was United's hero with a goal in each half.</p>
</text>
<copyright>(c) Reuters Limited 1997</copyright>
<metadata>
<codes class="bip:countries:1.0">
  <code code="UK">
    <editdetail attribution="Reuters BIP Coding Group" action="confirmed" date="1997-03-22"/>
  </code>
</codes>
<codes class="bip:topics:1.0">
  <code code="GCAT">
    <editdetail attribution="Reuters BIP Coding Group" action="confirmed" date="1997-03-22"/>
  </code>
  <code code="GSPO">
    <editdetail attribution="Reuters BIP Coding Group" action="confirmed" date="1997-03-22"/>
  </code>
</codes>
<dc element="dc.date.created" value="1997-03-22"/>
<dc element="dc.publisher" value="Reuters Holdings Plc"/>
<dc element="dc.date.published" value="1997-03-22"/>
<dc element="dc.source" value="Reuters"/>
<dc element="dc.creator.location" value="GLASGOW"/>
<dc element="dc.creator.location.country.name" value="UK"/>
<dc element="dc.source" value="Reuters"/>
</metadata>
</newsitem>
