<?xml version="1.0" encoding="iso-8859-1" ?>
<newsitem itemid="461344" id="root" date="1997-03-22" xml:lang="en">
<title>USA: TENNIS-RESULTS OF LIPTON CHAMPIONSHIPS.</title>
<headline>TENNIS-RESULTS OF LIPTON CHAMPIONSHIPS.</headline>
<dateline>KEY BISCAYNE, Fla. 1997-03-22</dateline>
<text>
<p>The following are</p>
<p>results from the $4.45 million Lipton Championships: (prefix #</p>
<p>denotes seedings):</p>
<p>Men's Singles, Second Round:</p>
<p>1-Pete Sampras (U.S.) beat Adrian Voinea (Romania) 6-2 6-0</p>
<p>3-Michael Chang (U.S.) beat Mark Merklein (U.S.) 6-3 7-6 (7-</p>
<p>4)</p>
<p>5-Richard Krajicek (Netherlands) beat Hernan Gumy</p>
<p>(Argentina) 7-5 7-6 (7-4)</p>
<p>Daniel Nestor (Canada) beat 6-Thomas Enqvist (Sweden) 7-6</p>
<p>(11-9) 6-3</p>
<p>11-Alberto Costa (Spain) beat Filip Dewulf (Belgium) 6-3 6-2</p>
<p>Scott Draper (Australia) beat 12-Andre Agassi (U.S.) 7-6 (7-</p>
<p>5) 6-1</p>
<p>Dominik Hrbaty (Slovakia) beat 13-Felix Mantilla (Spain) 6-4</p>
<p>6-4</p>
<p>Julian Alonso (Spain) beat 14-Tim Henman (Britain) 6-7 (4-7)</p>
<p>6-2 6-3</p>
<p>Sebastien Lareau (Canada) beat 16-Alberto Berasategui</p>
<p>(Spain) 6-2 7-6 (7-4)</p>
<p>Jim Courier (U.S.) beat Sandon Stolle (Australia) 6-2 6-2</p>
<p>Alex Corretja (Spain) beat Jerome Golmard (France) 7-5 6-3</p>
<p>Gustavo Kuerten (Brazil) beat Bohdan Ulihrach (Czech</p>
<p>Republic) 7-6 (10-8) 6-3</p>
<p>Gaston Etlis (Argentina) beat Richey Reneberg (U.S.) 6-4</p>
<p>retired</p>
<p>Arnaud Boetsch (France) beat Fernando Meligeni (Brazil) 6-4</p>
<p>6-3</p>
<p>Hendrik Dreekman (Germany) beat Lucas Arnold (Argentina) 6-1</p>
<p>6-1</p>
<p>Sergi Bruguera (Spain) beat Jason Stoltenberg (Australia)</p>
<p>6-3 3-6 7-5</p>
<p>Magnus Larsson (Sweden) beat Jan Siemerink (Netherlands) 6-1</p>
<p>6-3</p>
<p>Francisco Clavet (Spain) beat Nicolas Kiefer (Germany) 6-2</p>
<p>6- 3</p>
<p>Jonas Bjorkman (Sweden) beat Jeff Salzenstein (U.S.) 6-2 6-3</p>
<p>Nicklas Kulti (Sweden) beat Cedric Pioline (France) 2-6 6-4</p>
<p>7-6 (10-8)</p>
<p>Andrei Medvedev (Ukraine) beat Petr Korda (Czech Republic)</p>
<p>6- 2 6-7 (2-7) 7-6 (7-3)</p>
<p>Women's Singles, Second Round:</p>
<p>2-Arantxa Sanchez Vicario (Spain) beat Naoka Kijimuta</p>
<p>(Japan) 4-6 6-3 6-2</p>
<p>3-Jana Novotna (Czech Republic) beat Miho Saeki (Japan) 4-6</p>
<p>6-3 6-3</p>
<p>6-Anke Huber (Germany) beat Lori McNeil (U.S.) 6-3 6-3</p>
<p>7-Irina Spirlea (Romania) beat Flora Perfetti (Italy) 6-2</p>
<p>6-0</p>
<p>Anna Kournikova (Russia) beat 12-Amanda Coetzer (South</p>
<p>Africa) 6-1 3-6 6-3</p>
<p>8-Iva Majoli (Croatia) beat beat Shi-Ting Wang (Taipei) 6-4</p>
<p>1-6 7-6 (7-3)</p>
<p>Natasha Zvereva (Belarus) beat 9-Karina Habsudova (Slovakia)</p>
<p>6-4 6-3</p>
<p>11-Barbara Paulus (Austria) beat Elena Wagner (Germany) 6-1</p>
<p>6-3</p>
<p>13-Judith Wiesner (Austria) beat Els Callens (Belgium) 6-2</p>
<p>6-3</p>
<p>14-Kimberly Po (U.S.) beat Florencia Labat (Argentina) 6-4</p>
<p>6-0</p>
<p>Tatiana Panova (Russia) beat 15-Brenda Schultz-McCarthy</p>
<p>(Netherlands) 6-1 6-7 (2-7) 6-4</p>
<p>16-Elena Likhovtseva (Russia) beat Jolene Watanabe (U.S.)</p>
<p>6-2 6-0</p>
<p>Ruxandra Dragomir (Romania) beat Ines Gorrochategui</p>
<p>(Argentina) 2-6 6-3 7-6 (8-6)</p>
<p>Amy Frazier (U.S.) beat Barbara Rittner (Germany) 6-4 6-3</p>
<p>Lisa Raymond (U.S.) beat Rika Hiraki (Japan) 6-3 4-6 6-2</p>
<p>Sadrine Testud (France) beat Patty Schnyder (Switzerland)</p>
<p>6-4 6-4</p>
<p>Sabine Appelmans (Belgium) beat Petra Begerow (Germany) 6-2</p>
<p>7-5</p>
<p>Nathalie Tauziat (France) beat Larisa Neiland (Latvia) 4-6</p>
<p>7- 6 (9-7) 6-4</p>
<p>Henrieta Nagyova (Slovakia) beat Jana Kandarr (Germany) 7-6</p>
<p>(7-2) 6-0</p>
<p>Ai Sugiyama (Japan) beat Alexia Dechaume-Balleret (France)</p>
<p>6-0 6-1</p>
<p>Chanda Rubin (U.S.) beat Ann Grossman (U.S.) 6-2 6-0</p>
<p>Alexandra Fusai (France) beat Dominique Van Roost (Belgium)</p>
<p>6-1 7-6 (7-4)</p>
<p>Katarina Studenikova (Slovakia) beat Tamarine Tanasugarn</p>
<p>(Thailand) 6-0 6-2</p>
<p>Asa Carlsson (Sweden) beat Meilen Tu (U.S.) 5-7 6-1 6-4</p>
<p>Barbara Schett (Austria) beat Maria Luisa Serna (Spain) 6-3</p>
<p>6-3</p>
<p>Men's singles, second round</p>
<p>2-Thomas Muster (Austria) beat Grant Stafford (South Africa)</p>
<p>6-4 2-6 6-1</p>
<p>7-Carlos Moya (Spain) beat Marcelo Charpentier (Argentina)</p>
<p>7-6 (7-4) 6-4</p>
<p>8-Marcelo Rios (Chile) beat Jeff Tarango (U.S.) 7-5 6-2</p>
<p>Slava Dosedel (Czech Republic) beat 15-Marc Rosset</p>
<p>(Switzerland) 5-7 6-2 7-5</p>
<p>Mikael Tillstrom (Sweden) beat Todd Woodbridge (Australia)</p>
<p>7-6 (7-2) 5-7 6-4</p>
<p>Vince Spadea (U.S.) beat Alex O'Brien (U.S.) 7-6 (7-4) 7-5</p>
<p>Tommy Haas (Germany) beat Javier Sanchez (Spain) 4-6 6-2 6-1</p>
<p>Chris Woodruff (U.S.) beat Nicolas Lapentti (Ecuador) 6-3 6-3</p>
<p>Women's singles, second round</p>
<p>5-Lindsay Davenport (U.S.) beat Anne-Gaelle Sidot (France)</p>
<p>6-4 6-2</p>
<p>Venus Williams (U.S.) beat Jennifer Capriati (U.S.) 7-6 (7-5)</p>
<p>3-6 6-2</p>
<p>Magdalena Grzybowska (Poland) beat Linda Wild (U.S.) 6-3 6-3</p>
</text>
<copyright>(c) Reuters Limited 1997</copyright>
<metadata>
<codes class="bip:countries:1.0">
  <code code="USA">
    <editdetail attribution="Reuters BIP Coding Group" action="confirmed" date="1997-03-22"/>
  </code>
</codes>
<codes class="bip:topics:1.0">
  <code code="GCAT">
    <editdetail attribution="Reuters BIP Coding Group" action="confirmed" date="1997-03-22"/>
  </code>
  <code code="GSPO">
    <editdetail attribution="Reuters BIP Coding Group" action="confirmed" date="1997-03-22"/>
  </code>
</codes>
<dc element="dc.date.created" value="1997-03-22"/>
<dc element="dc.publisher" value="Reuters Holdings Plc"/>
<dc element="dc.date.published" value="1997-03-22"/>
<dc element="dc.source" value="Reuters"/>
<dc element="dc.creator.location" value="KEY BISCAYNE, Fla."/>
<dc element="dc.creator.location.country.name" value="USA"/>
<dc element="dc.source" value="Reuters"/>
</metadata>
</newsitem>
