<?xml version="1.0" encoding="iso-8859-1" ?>
<newsitem itemid="461392" id="root" date="1997-03-22" xml:lang="en">
<title>UK: SOCCER-UNITED BEAT EVERTON 2-0 TO GO SIX POINTS CLEAR.</title>
<headline>SOCCER-UNITED BEAT EVERTON 2-0 TO GO SIX POINTS CLEAR.</headline>
<dateline>LONDON 1997-03-22</dateline>
<text>
<p>Manchester United moved six points clear at the top of the English premier league on Saturday after winning 2-0 at Everton thanks to goals from Ole Solskjaer and Eric Cantona.</p>
<p>United took advantage of two errors by reserve keeper Paul Gerrard after 35 and 79 minutes to move on to 63 points. Their victory puts pressure on both second-placed Liverpool and third-placed Arsenal who meet at Highbury on Monday. They are both on 57 points.</p>
<p>At the other end of the table Middlesbrough moved out of the bottom three for the first time since December 28 when they beat Chelsea 1-0 at home in a possible F.A. Cup final rehearsal. Brazilian Juninho scored the only goal after 53 minutes to give Boro their fourth successive win.</p>
<p>Coventry, who have never been relegated from the top division since coming up in 1967, fell into the drop zone after losing 3-1 to fellow strugglers West Ham.</p>
<p>Southampton stayed bottom after being held to a 2-2 draw by Leicester.</p>
<p>Derby boosted their chances of avoiding the drop with a 4-2 win over mid-table Tottenham, while Nottingham Forest kept their hopes of survival alive with a late equaliser in a 1-1 draw at Sunderland.</p>
</text>
<copyright>(c) Reuters Limited 1997</copyright>
<metadata>
<codes class="bip:countries:1.0">
  <code code="UK">
    <editdetail attribution="Reuters BIP Coding Group" action="confirmed" date="1997-03-22"/>
  </code>
</codes>
<codes class="bip:topics:1.0">
  <code code="GCAT">
    <editdetail attribution="Reuters BIP Coding Group" action="confirmed" date="1997-03-22"/>
  </code>
  <code code="GSPO">
    <editdetail attribution="Reuters BIP Coding Group" action="confirmed" date="1997-03-22"/>
  </code>
</codes>
<dc element="dc.date.created" value="1997-03-22"/>
<dc element="dc.publisher" value="Reuters Holdings Plc"/>
<dc element="dc.date.published" value="1997-03-22"/>
<dc element="dc.source" value="Reuters"/>
<dc element="dc.creator.location" value="LONDON"/>
<dc element="dc.creator.location.country.name" value="UK"/>
<dc element="dc.source" value="Reuters"/>
</metadata>
</newsitem>
