<?xml version="1.0" encoding="iso-8859-1" ?>
<newsitem itemid="461369" id="root" date="1997-03-22" xml:lang="en">
<title>USA: BASEBALL-WHITE SOX 3B VENTURA OUT 3-4 MONTHS WITH BROKEN LEG.</title>
<headline>BASEBALL-WHITE SOX 3B VENTURA OUT 3-4 MONTHS WITH BROKEN LEG.</headline>
<dateline>SARASOTA, Florida 1997-03-22</dateline>
<text>
<p>Chicago White Sox veteran third baseman Robin Ventura will be sidelined three to four months after fracturing his right leg and dislocating his right ankle while sliding into home plate during an exhibition game against the Boston Red Sox Friday night.</p>
<p>Ventura was carried from the field and had his ankle put back into place in the clubhouse before he was taken to the hospital, where X-rays revealed a compound fracture of his right tibia and fibula, a team spokesman said.</p>
<p>&quot;Knowing Robin and his work habits, hopefully he can come back before (four months),&quot; White Sox general manager Ron Schueler said.</p>
<p>The injury occurred in the bottom of the fourth inning. Ventura walked and was at second base with two out when he tried to score on Ray Durham's single. He slid awkwardly into the plate and was tagged out.</p>
<p>&quot;I saw it and it wasn't pretty,&quot; Schueler said of the injury, which required surgery.</p>
<p>&quot;It was a dislocation and a fracture and the ligaments went with it. (The bone) came through the skin. They repaired it and inserted a screw. In six weeks, he can start rehabbing.&quot;</p>
<p>The 29-year-old Ventura has been a mainstay in the White Sox lineup since 1990. He hit .287 last season and posted career highs with 34 homers and 105 RBI.</p>
</text>
<copyright>(c) Reuters Limited 1997</copyright>
<metadata>
<codes class="bip:countries:1.0">
  <code code="USA">
    <editdetail attribution="Reuters BIP Coding Group" action="confirmed" date="1997-03-22"/>
  </code>
</codes>
<codes class="bip:topics:1.0">
  <code code="GCAT">
    <editdetail attribution="Reuters BIP Coding Group" action="confirmed" date="1997-03-22"/>
  </code>
  <code code="GSPO">
    <editdetail attribution="Reuters BIP Coding Group" action="confirmed" date="1997-03-22"/>
  </code>
</codes>
<dc element="dc.date.created" value="1997-03-22"/>
<dc element="dc.publisher" value="Reuters Holdings Plc"/>
<dc element="dc.date.published" value="1997-03-22"/>
<dc element="dc.source" value="Reuters"/>
<dc element="dc.creator.location" value="SARASOTA, Florida"/>
<dc element="dc.creator.location.country.name" value="USA"/>
<dc element="dc.source" value="Reuters"/>
</metadata>
</newsitem>
