<?xml version="1.0" encoding="iso-8859-1" ?>
<newsitem itemid="461368" id="root" date="1997-03-22" xml:lang="en">
<title>THAILAND: BOXING-THAILAND'S RATTANPOL RETAINS IBF MINI.</title>
<headline>BOXING-THAILAND'S RATTANPOL RETAINS IBF MINI.</headline>
<text>
<p>BANGKOK, March 22 (Reuter) Thailand's Rattanpol Sor Vorapin retained his International Boxing Federation (IBF) mini-flyweight title on Saturday when he stopped Colombian challenger Luis Doria in the fourth round of the scheduled 12-round bout.</p>
</text>
<copyright>(c) Reuters Limited 1997</copyright>
<metadata>
<codes class="bip:countries:1.0">
  <code code="COL">
    <editdetail attribution="Reuters BIP Coding Group" action="confirmed" date="1997-03-22"/>
  </code>
  <code code="THAIL">
    <editdetail attribution="Reuters BIP Coding Group" action="confirmed" date="1997-03-22"/>
  </code>
</codes>
<codes class="bip:topics:1.0">
  <code code="GCAT">
    <editdetail attribution="Reuters BIP Coding Group" action="confirmed" date="1997-03-22"/>
  </code>
  <code code="GSPO">
    <editdetail attribution="Reuters BIP Coding Group" action="confirmed" date="1997-03-22"/>
  </code>
</codes>
<dc element="dc.publisher" value="Reuters Holdings Plc"/>
<dc element="dc.date.published" value="1997-03-22"/>
<dc element="dc.source" value="Reuters"/>
<dc element="dc.creator.location.country.name" value="THAILAND"/>
<dc element="dc.source" value="Reuters"/>
</metadata>
</newsitem>
