<?xml version="1.0" encoding="iso-8859-1" ?>
<newsitem itemid="461385" id="root" date="1997-03-22" xml:lang="en">
<title>UK: SOCCER-SCOTTISH LEAGUE STANDINGS.</title>
<headline>SOCCER-SCOTTISH LEAGUE STANDINGS.</headline>
<dateline>GLASGOW 1997-03-22</dateline>
<text>
<p>Scottish league soccer</p>
<p>standings after Saturday's matches:</p>
<p>				   Pl  W  D  L  F A   Pts</p>
<p>Premier division</p>
<p>  1.Rangers		    31 22  5  4 73 28   71</p>
<p>  2.Celtic		     31 20  4  7 68 30   64</p>
<p>  3.Dundee United	    31 16  8  7 44 26   56</p>
<p>  4.Hearts		     31 13  8 10 42 39   47</p>
<p>  5.Dunfermline		31 11  6 14 45 56   39</p>
<p>  6.Aberdeen		   31  9 11 11 42 50   38</p>
<p>  7.Kilmarnock		 31 10  3 18 37 56   33</p>
<p>  8.Hibernian		  31  8  8 15 32 49   32</p>
<p>  9.Motherwell		 31  7  8 16 34 52   29</p>
<p> 10.Raith			31  6  5 20 27 58   23</p>
<p>Division one</p>
<p>  1.St Johnstone	     30 18  8  4 60 20   62</p>
<p>  2.Airdrieonians	    30 13 13  4 48 29   52</p>
<p>  3.Dundee		     30 13 11  6 39 25   50</p>
<p>  4.St Mirren		  30 14  7  9 44 37   49</p>
<p>  5.Falkirk		    30 12  8 10 31 30   44</p>
<p>  6.Partick		    30 10 11  9 44 38   41</p>
<p>  7.Greenock Morton	  30 10  7 13 35 34   37</p>
<p>  8.Stirling		   30  8  9 13 41 52   33</p>
<p>  9.Clydebank		  30  7  7 16 27 43   28</p>
<p> 10.East Fife		  30  1  7 22 21 82   10</p>
<p>Division two</p>
<p>  1.Ayr			  30 20  6  4 52 28   66</p>
<p>  2.Hamilton		   29 17  6  6 61 25   57</p>
<p>  3.Livingston		 29 15  9  5 47 31   54</p>
<p>  4.Clyde			30 12  8 10 37 34   44</p>
<p>  5.Stenhousemuir	    30 11  8 11 44 33   41</p>
<p>  6.Queen of the South     30  9  8 13 45 54   35</p>
<p>  7.Brechin		    30  8 10 12 33 42   34</p>
<p>  8.Stranraer		  30  7  8 15 24 43   29</p>
<p>  9.Dumbarton		  30  6  8 16 37 58   26</p>
<p> 10.Berwick		    30  4  9 17 30 62   21</p>
<p>Division three</p>
<p>  1.Inverness		  30 20  7  3 59 27   67</p>
<p>  2.Ross County		30 16  5  9 48 36   53</p>
<p>  3.Forfar		     30 14  9  7 60 43   51</p>
<p>  4.Albion		     30 13  8  9 45 35   47</p>
<p>  5.Alloa			30 13  6 11 44 42   45</p>
<p>  6.Montrose		   30 12  4 14 41 53   40</p>
<p>  7.Cowdenbeath		30  8  6 16 31 45   30</p>
<p>  8.Queen's Park	     30  7  8 15 39 49   29</p>
<p>  9.Arbroath		   30  5 12 13 26 41   27</p>
<p> 10.East Stirling	    30  6  7 17 29 51   25</p>
</text>
<copyright>(c) Reuters Limited 1997</copyright>
<metadata>
<codes class="bip:countries:1.0">
  <code code="UK">
    <editdetail attribution="Reuters BIP Coding Group" action="confirmed" date="1997-03-22"/>
  </code>
</codes>
<codes class="bip:topics:1.0">
  <code code="GCAT">
    <editdetail attribution="Reuters BIP Coding Group" action="confirmed" date="1997-03-22"/>
  </code>
  <code code="GSPO">
    <editdetail attribution="Reuters BIP Coding Group" action="confirmed" date="1997-03-22"/>
  </code>
</codes>
<dc element="dc.date.created" value="1997-03-22"/>
<dc element="dc.publisher" value="Reuters Holdings Plc"/>
<dc element="dc.date.published" value="1997-03-22"/>
<dc element="dc.source" value="Reuters"/>
<dc element="dc.creator.location" value="GLASGOW"/>
<dc element="dc.creator.location.country.name" value="UK"/>
<dc element="dc.source" value="Reuters"/>
</metadata>
</newsitem>
