<?xml version="1.0" encoding="iso-8859-1" ?>
<newsitem itemid="461397" id="root" date="1997-03-22" xml:lang="en">
<title>SOUTH AFRICA: RUGBY UNION-GAUTENG LIONS BEAT NEW SOUTH WALES 36-27.</title>
<headline>RUGBY UNION-GAUTENG LIONS BEAT NEW SOUTH WALES 36-27.</headline>
<dateline>JOHANNESBURG 1997-03-22</dateline>
<text>
<p>Gauteng Lions (formerly known as Transvaal) beat New South Wales 36-27 (halftime 26-13) in their Super 12 rugby union match at Ellis Park on Saturday.</p>
<p>Scorers:</p>
<p>Gauteng Lions: Tries - Kobus Wiese, Gavin Johnson, Johan Roux. Conversions - Johnson (3). Penalties - Johnson (5)</p>
<p>New South Wales: Tries - Alistair Murdoch, Fili Finau, Stuart Pinkerton. Conversions - Matthew Burke (3). Penalties - Burke (2).</p>
</text>
<copyright>(c) Reuters Limited 1997</copyright>
<metadata>
<codes class="bip:countries:1.0">
  <code code="AUSTR">
    <editdetail attribution="Reuters BIP Coding Group" action="confirmed" date="1997-03-22"/>
  </code>
  <code code="SAFR">
    <editdetail attribution="Reuters BIP Coding Group" action="confirmed" date="1997-03-22"/>
  </code>
</codes>
<codes class="bip:topics:1.0">
  <code code="GCAT">
    <editdetail attribution="Reuters BIP Coding Group" action="confirmed" date="1997-03-22"/>
  </code>
  <code code="GSPO">
    <editdetail attribution="Reuters BIP Coding Group" action="confirmed" date="1997-03-22"/>
  </code>
</codes>
<dc element="dc.date.created" value="1997-03-22"/>
<dc element="dc.publisher" value="Reuters Holdings Plc"/>
<dc element="dc.date.published" value="1997-03-22"/>
<dc element="dc.source" value="Reuters"/>
<dc element="dc.creator.location" value="JOHANNESBURG"/>
<dc element="dc.creator.location.country.name" value="SOUTH AFRICA"/>
<dc element="dc.source" value="Reuters"/>
</metadata>
</newsitem>
