<?xml version="1.0" encoding="iso-8859-1" ?>
<newsitem itemid="461382" id="root" date="1997-03-22" xml:lang="en">
<title>UK: SOCCER-LEADING SCORES IN ENGLISH PREMIER LEAGUE.</title>
<headline>SOCCER-LEADING SCORES IN ENGLISH PREMIER LEAGUE.</headline>
<dateline>LONDON 1997-03-22</dateline>
<text>
<p>Leading scorers in the English</p>
<p>premier league after Saturday's matches:</p>
<p>20 - Alan Shearer (Newcastle)</p>
<p>18 - Ian Wright (Arsenal)</p>
<p>16 - Robbie Fowler (Liverpool)</p>
<p>15 - Dwight Yorke (Aston Villa)</p>
<p>14 - Fabrizio Ravanelli (Middlesbrough)</p>
<p>13 - Les Ferdinand (Newcastle), Ole Gunnar Solskjaer</p>
<p>(Manchester United)</p>
<p>12 - Matthew Le Tissier (Southampton)</p>
<p>11 - Efan Ekoku (Wimbledon), Steve Claridge (Leicester)</p>
<p>Chris Sutton (Blackburn)</p>
</text>
<copyright>(c) Reuters Limited 1997</copyright>
<metadata>
<codes class="bip:countries:1.0">
  <code code="UK">
    <editdetail attribution="Reuters BIP Coding Group" action="confirmed" date="1997-03-22"/>
  </code>
</codes>
<codes class="bip:topics:1.0">
  <code code="GCAT">
    <editdetail attribution="Reuters BIP Coding Group" action="confirmed" date="1997-03-22"/>
  </code>
  <code code="GSPO">
    <editdetail attribution="Reuters BIP Coding Group" action="confirmed" date="1997-03-22"/>
  </code>
</codes>
<dc element="dc.date.created" value="1997-03-22"/>
<dc element="dc.publisher" value="Reuters Holdings Plc"/>
<dc element="dc.date.published" value="1997-03-22"/>
<dc element="dc.source" value="Reuters"/>
<dc element="dc.creator.location" value="LONDON"/>
<dc element="dc.creator.location.country.name" value="UK"/>
<dc element="dc.source" value="Reuters"/>
</metadata>
</newsitem>
