<?xml version="1.0" encoding="iso-8859-1" ?>
<newsitem itemid="461353" id="root" date="1997-03-22" xml:lang="en">
<title>ITALY: CYCLING-ZABEL WINS AMID MAYHEM IN MILAN-SAN REMO CLASSIC.</title>
<headline>CYCLING-ZABEL WINS AMID MAYHEM IN MILAN-SAN REMO CLASSIC.</headline>
<dateline>SAN REMO, Italy 1997-03-22</dateline>
<text>
<p>Germany's Erik Zabel won the 294-km Milan to San Remo cycling classic on Saturday after world champion Johan Museeuw and world number one Laurent Jalabert were involved in a bad crash.</p>
<p>As Zabel snatched victory in a sprint finish to  this opening round of the World Cup, Jalabert, the victim of a horrendous crash in the 1994 Tour de France, appeared to ride into Museeuw, bringing down several riders.</p>
<p>Among the fallers was British Olympic bronze medallist Max Sciandri, who was soon on his feet. But Belgium's Museeuw, the Cup holder, was led away grimacing in pain from a shoulder injury.</p>
<p>After a medical check Jalabert had recovered sufficiently to return to his team hotel but Museeuw went to hospital to have his left shoulder X-rayed.</p>
<p>Italians Alberto Elli and Biagio Conte were second and third in the same time as the winner -- six hours 57 minutes 47 seconds.</p>
<p>Zabel, who opened his season with overall victory in Spain's Ruta del Sol, is only the second German to win this curtain-raiser to the Spring classics. Rudi Altig was the first in 1968.</p>
<p>Zabel's chance came as Italian Franco Ballerini, just clear of the closing chase, tried to outfox a rival as they led into the Via Roma finish.</p>
<p>The group switched across the broad avenue to the far gutter, and as Zabel squeezed home bikes flew in the air behind him.</p>
<p>Sciandri, who has a history of flawed finishing,  said: &quot;Museeuw and Jalabert just came over me, but I am not hurt.&quot;</p>
<p>Gabriele Colombo, who gave Italy their fifth victory in six years at San Remo last year, went out of contention after being involved in a pile-up 20 kilometres from the finish.</p>
<p>It came as the main contenders turned the screw after a 137 kms breakaway by Italians Eros Poli, Denis Zanette, Maurizio Molinari had been reeled in.</p>
<p>As the battle reached its height on the Poggio climb, an almost traditional launch-pad for victory in this race, Belgian Peter van Petegem was first at the summit.</p>
<p>Then he was drawn back, and a strung out group sped down the winding descent with Denmark's Rolf Sorensen at the front.</p>
<p>He led the race into the Ligurian port, but Ballerini was first out of the final corner, and one of the longest classics was settled in the final 700 metres.</p>
<p>Zabel said: &quot;I stayed at the back of the leading group on the descent from the Poggio because the speed made me nervous and I was anticipating a crash.</p>
<p>&quot;I realised I had a chance when everyone was together in the finishing straight. Then 250 metres from the line I saw a gap and sprinted for it.&quot;</p>
</text>
<copyright>(c) Reuters Limited 1997</copyright>
<metadata>
<codes class="bip:countries:1.0">
  <code code="FRA">
    <editdetail attribution="Reuters BIP Coding Group" action="confirmed" date="1997-03-22"/>
  </code>
  <code code="GFR">
    <editdetail attribution="Reuters BIP Coding Group" action="confirmed" date="1997-03-22"/>
  </code>
  <code code="ITALY">
    <editdetail attribution="Reuters BIP Coding Group" action="confirmed" date="1997-03-22"/>
  </code>
</codes>
<codes class="bip:topics:1.0">
  <code code="GCAT">
    <editdetail attribution="Reuters BIP Coding Group" action="confirmed" date="1997-03-22"/>
  </code>
  <code code="GSPO">
    <editdetail attribution="Reuters BIP Coding Group" action="confirmed" date="1997-03-22"/>
  </code>
</codes>
<dc element="dc.date.created" value="1997-03-22"/>
<dc element="dc.publisher" value="Reuters Holdings Plc"/>
<dc element="dc.date.published" value="1997-03-22"/>
<dc element="dc.source" value="Reuters"/>
<dc element="dc.creator.location" value="SAN REMO, Italy"/>
<dc element="dc.creator.location.country.name" value="ITALY"/>
<dc element="dc.source" value="Reuters"/>
</metadata>
</newsitem>
