<?xml version="1.0" encoding="iso-8859-1" ?>
<newsitem itemid="461371" id="root" date="1997-03-22" xml:lang="en">
<title>USA: NBA BASKETBALL - HILL LEADS PISTONS PAST MINNESOTA WITH TRIPLE DOUBLE.</title>
<headline>NBA BASKETBALL - HILL LEADS PISTONS PAST MINNESOTA WITH TRIPLE DOUBLE.</headline>
<dateline>AUBURN HILLS, Michigan 1997-03-22</dateline>
<text>
<p>Grant Hill recorded his seventh triple-double of the season as the Detroit Pistons piled up 65 points in the first half en route to a 112-98 victory over the Minnesota Timberwolves on Friday.</p>
<p>Hill had 22 points, 11 rebounds and 10 assists and Otis Thorpe scored 18 of his 20 points in the first half for the Pistons, who led 65-46 at the intermission.</p>
<p>&quot;We got off to a very good start tonight,&quot; Hill said. &quot;This is a playoff-bound team and they made us work for every basket. We played with a lot of pride and passion.&quot;</p>
<p>Tom Gugliotta had 18 points and Kevin Garnett 16 for the T-Wolves, who fell back under the .500 mark at 33-34.</p>
<p>Aaron McKie netted eight points for Detroit in a 22-7 burst to open the second quarter.</p>
<p>The Wolves got as close as 84-76 with 42 seconds left in the third quarter, but Terry Mills and McKie buried back-to-back three-pointers as the Pistons pulled away again.</p>
<p>&quot;I thought the end of the third quarter was really critical,&quot; Detroit coach Doug Collins said. &quot;They cut it to eight, but we had back-to-back threes to push it to 14.&quot;</p>
<p>Joe Dumars had 18 points and Don Reid chipped in 14 points and 10 rebounds for the Pistons.</p>
<p>At Indiana, Michael Jordan scored 36 points and Scottie Pippen added 18 to lead the Chicago Bulls to a 117-98 victory over the Pacers.</p>
<p>Dennis Rodman grabbed 19 rebounds and Luc Longley had 15 points for Chicago, which remained eight games ahead of Miami for the best record in the Eastern Conference.</p>
<p>Rik Smits had 20 points and six rebounds and Reggie Miller added 18 points for the Pacers, who fell 5 1/2 games out of the final Eastern Conference playoff spot.</p>
<p>In Miami, Willie Anderson sank two free throws with 17 seconds left to lift the Heat to their fifth straight win, a 98-97 triumph over the Los Angeles Lakers.</p>
<p>Lakers forward Jerome Kersey missed a five-foot jumper and Elden Campbell pushed Anderson in an attempt to grab the rebound, sending him to the foul line for the winning shots.</p>
<p>The Lakers had a chance to win it at the buzzer, but Nick Van Exel misfired on a 20-foot jumper from the right side.</p>
<p>Voshon Lenard scored 25 points and Tim Hardaway and Jamal Mashburn added 21 apiece for the Heat. Campbell led the Lakers with 24 points and 12 rebounds.</p>
<p>In Boston, Penny Hardaway scored 27 points as the Orlando Magic tightened their grip on a playoff spot with a 104-99 win over the woeful Celtics.</p>
<p>Boston led 99-98 after Eric Williams hit a pair of free throws with 2:15 remaining, but Rony Seikaly, who finished with 17 points, hit a five-footer in the lane to put the Magic on top for good with 39 seconds to go.</p>
<p>Antoine Walker had 19 points and 21 rebounds for Boston, losers of 23 of its last 25 games.</p>
<p>In Toronto, Glen Rice scored 27 points and Ricky Pierce added 16, including four key free throws in the final 10 seconds, to lead the Charlotte Hornets to a 102-97 victory over the Raptors.</p>
<p>Damon Stoudamire hit a three-pointer for Toronto with 12.6 seconds left to cut the deficit to one at 98-97. But Pierce scored the final four points on free throws for the win.</p>
<p>Stoudamire scored 29 points and Marcus Camby added 16 and 16 rebounds for Toronto.</p>
<p>In Atlanta, Tyrone Corbin scored 11 of his 17 points in the first quarter as the Hawks opened a 15-point halftime bulge and coasted to a 93-72 thumping of the Dallas Mavericks.</p>
<p>Mookie Blaylock had 20 points and Christian Laettner added 18 for the Hawks, who blew open a nine-point game with an 11-0 run over the final five minutes.</p>
<p>Shawn Bradley scored 17 points, Derek Harper chipped in 11 for Dallas, which fell to 9-23 on the road.</p>
<p>In Philadelphia, Derrick Coleman followed a Jerry Stackhouse miss with the winning basket with 2.4 seconds left to lift the 76ers a 112-110 victory over the New Jersey Nets.</p>
<p>New Jersey's Sam Cassell scored 28 points, but received a technical foul for taunting with 25.7 seconds left.</p>
<p>Stackhouse, who led the Sixers with 31 points, hit the technical foul shot to tie it, 110-110. Philadelphia kept the ball and set up the winning basket by Coleman, facing his former team for the first time since they traded him in 1995.</p>
<p>Kendall Gill led the Nets with 33 points, while Allen Iverson finished with 19 and eight assists for Philadelphia.</p>
<p>In Vancouver, the Grizzlies used a huge first half and clutch free-throw shooting down the stretch to snap a 15-game losing streak with a 108-101 win over the Denver Nuggets.</p>
<p>Bryant Reeves scored 22 of his 31 points in the first half and Shareef Abdur-Rahim added 24 points and a career-high 14 rebounds for the Grizzlies, who led 70-57 at halftime.</p>
<p>In Sacramento, Billy Owens scored six points in overtime as the Kings snapped a seven-game losing streak and made Eddie Jordan a winner in his coaching debut with a 114-110 victory over the San Antonio Spurs.</p>
<p>Mahmoud Abdul-Rauf made 5-of-6 free throws in the overtime and Mitch Richmond had 28 points points to lead the Kings, who fired coach Garry St. Jean Thursday.</p>
</text>
<copyright>(c) Reuters Limited 1997</copyright>
<metadata>
<codes class="bip:countries:1.0">
  <code code="USA">
    <editdetail attribution="Reuters BIP Coding Group" action="confirmed" date="1997-03-22"/>
  </code>
</codes>
<codes class="bip:topics:1.0">
  <code code="GCAT">
    <editdetail attribution="Reuters BIP Coding Group" action="confirmed" date="1997-03-22"/>
  </code>
  <code code="GSPO">
    <editdetail attribution="Reuters BIP Coding Group" action="confirmed" date="1997-03-22"/>
  </code>
</codes>
<dc element="dc.date.created" value="1997-03-22"/>
<dc element="dc.publisher" value="Reuters Holdings Plc"/>
<dc element="dc.date.published" value="1997-03-22"/>
<dc element="dc.source" value="Reuters"/>
<dc element="dc.creator.location" value="AUBURN HILLS, Michigan"/>
<dc element="dc.creator.location.country.name" value="USA"/>
<dc element="dc.source" value="Reuters"/>
</metadata>
</newsitem>
