<?xml version="1.0" encoding="iso-8859-1" ?>
<newsitem itemid="461395" id="root" date="1997-03-22" xml:lang="en">
<title>SOUTH AFRICA: RUGBY UNION-GAUTENG LIONS SET THE PACE IN SUPER 12.</title>
<headline>RUGBY UNION-GAUTENG LIONS SET THE PACE IN SUPER 12.</headline>
<byline>Andy Capostagno</byline>
<dateline>JOHANNESBURG 1997-03-22</dateline>
<text>
<p>Transvaal may have become the Gauteng Lions at the beginning of the week but the name change appears to have had no ill effect on Kobus Wiese's men in rugby union's Super 12 competition.</p>
<p>After beating New South Wales 36-27 on Saturday the Lions now top the standings after four rounds of the Southern hemisphere showpiece.</p>
<p>In a competition where bonus points are awarded for tries and close results, they have dropped only two points and have 18 in all. It leaves them with a six-point lead over ACT and Waikato.</p>
<p>Defending champions Auckland have a game in hand and have 11 points from three games.</p>
<p>The Lions scored three tries in their Ellis Park victory on Saturday but were again thankful to the boot of Gavin &quot;Magic&quot; Johnson who kicked 19 points in addition to scoring one of the tries.</p>
<p>The Lions have two more home games before they have to leave South African shores and they could have all but wrapped up a semifinal spot by then if they can gather maximum points against Wellington and Northern Transvaal. That would give them 28 points and from then on a point a game would probably be good enough.</p>
<p>But Springbok scrum-half Johan Roux adopted a cautious stance when he said: &quot;We are going overseas not to get one point a game, but to win. If you want to be Super 12 champions you have to prove that you can win away from home.&quot;</p>
<p>The surprise of the weekend came earlier in the day when last year's beaten finalists Natal went down 45-40 to Free State in Bloemfontein. Natal were criticised for resting some key players and they paid the price of over-confidence with their first defeat.</p>
<p>Free State were outscored by five tries to three but fly-half M.J. Smith sealed the win with a haul of eight penalties to punish Natal's indiscipline.</p>
<p>In New Zealand, Waikato piled on the misery for Queensland who went down 31-16 -- their fourth straight defeat. It was Waikato's third win in four starts, but for the Reds coach John Connolly it's back to the drawing board.</p>
<p>Otago took advantage of a below strength Northern Transvaal team to post a 27-7 win in Dunedin. The Blue Bulls were without star backs Joost van der Westhuizen, Andre Snyman and Jacques Olivier, all with the national side at the World Sevens in Hong Kong. All Black fly-half Simon Culhane was on target for the Highlanders, kicking 15 of his side's points.</p>
<p>At Bruce Stadium in Canberra, Australian Capital Territory got back on track with a 49-29 win over Canterbury. After losing their last game to the Lions, the Brumbies were back to their best with flank forward Ipolito Fenukitau scoring a hat trick of tries.</p>
</text>
<copyright>(c) Reuters Limited 1997</copyright>
<metadata>
<codes class="bip:countries:1.0">
  <code code="AUSTR">
    <editdetail attribution="Reuters BIP Coding Group" action="confirmed" date="1997-03-22"/>
  </code>
  <code code="NZ">
    <editdetail attribution="Reuters BIP Coding Group" action="confirmed" date="1997-03-22"/>
  </code>
  <code code="SAFR">
    <editdetail attribution="Reuters BIP Coding Group" action="confirmed" date="1997-03-22"/>
  </code>
</codes>
<codes class="bip:topics:1.0">
  <code code="GCAT">
    <editdetail attribution="Reuters BIP Coding Group" action="confirmed" date="1997-03-22"/>
  </code>
  <code code="GSPO">
    <editdetail attribution="Reuters BIP Coding Group" action="confirmed" date="1997-03-22"/>
  </code>
</codes>
<dc element="dc.date.created" value="1997-03-22"/>
<dc element="dc.publisher" value="Reuters Holdings Plc"/>
<dc element="dc.date.published" value="1997-03-22"/>
<dc element="dc.source" value="Reuters"/>
<dc element="dc.creator.location" value="JOHANNESBURG"/>
<dc element="dc.creator.location.country.name" value="SOUTH AFRICA"/>
<dc element="dc.source" value="Reuters"/>
</metadata>
</newsitem>
