<?xml version="1.0" encoding="iso-8859-1" ?>
<newsitem itemid="461360" id="root" date="1997-03-22" xml:lang="en">
<title>RUSSIA: TENNIS-JOHANSSON BEATS UNHAPPY STICH.</title>
<headline>TENNIS-JOHANSSON BEATS UNHAPPY STICH.</headline>
<dateline>ST PETERSBURG, Russia 1997-03-22</dateline>
<text>
<p>Top seed  Michael Stich was overwhelmed 6-2 6-1 by Swede Thomas Johansson in the semifinals of the $300,000 St Petersburg Open on Saturday.</p>
<p>Stich looked out of sorts throughout the match and, with eight double faults and only 40 percent success on first serve, could never get his main weapon working.</p>
<p>The German complained to the referee during the match and again afterwards about movement of the crowd which he claimed affected his concentration.</p>
<p>&quot;Johansson played better and his mood was better,&quot; said Stich. &quot;I am not very happy.&quot;</p>
<p>Fifth seed Johansson, who said he was satisfied with his performance, meets Italian Renzo Furlan in Sunday's final.</p>
<p>Furlan, seeded seventh, had little trouble overcoming unseeded Jan Kroslak of Slovakia 6-3 6-3 in the other semifinal.</p>
</text>
<copyright>(c) Reuters Limited 1997</copyright>
<metadata>
<codes class="bip:countries:1.0">
  <code code="RUSS">
    <editdetail attribution="Reuters BIP Coding Group" action="confirmed" date="1997-03-22"/>
  </code>
</codes>
<codes class="bip:topics:1.0">
  <code code="GCAT">
    <editdetail attribution="Reuters BIP Coding Group" action="confirmed" date="1997-03-22"/>
  </code>
  <code code="GSPO">
    <editdetail attribution="Reuters BIP Coding Group" action="confirmed" date="1997-03-22"/>
  </code>
</codes>
<dc element="dc.date.created" value="1997-03-22"/>
<dc element="dc.publisher" value="Reuters Holdings Plc"/>
<dc element="dc.date.published" value="1997-03-22"/>
<dc element="dc.source" value="Reuters"/>
<dc element="dc.creator.location" value="ST PETERSBURG, Russia"/>
<dc element="dc.creator.location.country.name" value="RUSSIA"/>
<dc element="dc.source" value="Reuters"/>
</metadata>
</newsitem>
