<?xml version="1.0" encoding="iso-8859-1" ?>
<newsitem itemid="461391" id="root" date="1997-03-22" xml:lang="en">
<title>UK: SOCCER-SCOTTISH LEAGUE RESULTS.</title>
<headline>SOCCER-SCOTTISH LEAGUE RESULTS.</headline>
<dateline>GLASGOW 1997-03-22</dateline>
<text>
<p>Results of Scottish league</p>
<p>soccer matches on Saturday:</p>
<p>Premier division</p>
<p> Dundee United	   2  Raith		     1</p>
<p> Dunfermline	     2  Celtic		    2</p>
<p> Hibernian		 3  Aberdeen		  1</p>
<p> Motherwell		0  Hearts		    1</p>
<p> Rangers		   1  Kilmarnock		2</p>
<p>Division one</p>
<p> Clydebank		 0  Dundee		    0</p>
<p> Falkirk		   3  East Fife		 1</p>
<p> Partick		   0  Greenock Morton	 3</p>
<p> St Johnstone	    1  Stirling		  1</p>
<p> St Mirren		 1  Airdrieonians	   2</p>
<p>Division two</p>
<p> Ayr			 1  Dumbarton		 1</p>
<p> Berwick		   1  Brechin		   0</p>
<p> Clyde		     0  Livingston		1</p>
<p> Hamilton		  1  Stenhousemuir	   1</p>
<p> Queen of the South    1  Stranraer		 1</p>
<p>Division three</p>
<p> Arbroath		  0  Inverness		 0</p>
<p> Cowdenbeath	     1  Forfar		    2</p>
<p> Montrose		  0  Albion		    4</p>
<p> Queen's Park	    0  Alloa		     4</p>
<p> Ross County	     1  East Stirling	   0</p>
</text>
<copyright>(c) Reuters Limited 1997</copyright>
<metadata>
<codes class="bip:countries:1.0">
  <code code="UK">
    <editdetail attribution="Reuters BIP Coding Group" action="confirmed" date="1997-03-22"/>
  </code>
</codes>
<codes class="bip:topics:1.0">
  <code code="GCAT">
    <editdetail attribution="Reuters BIP Coding Group" action="confirmed" date="1997-03-22"/>
  </code>
  <code code="GSPO">
    <editdetail attribution="Reuters BIP Coding Group" action="confirmed" date="1997-03-22"/>
  </code>
</codes>
<dc element="dc.date.created" value="1997-03-22"/>
<dc element="dc.publisher" value="Reuters Holdings Plc"/>
<dc element="dc.date.published" value="1997-03-22"/>
<dc element="dc.source" value="Reuters"/>
<dc element="dc.creator.location" value="GLASGOW"/>
<dc element="dc.creator.location.country.name" value="UK"/>
<dc element="dc.source" value="Reuters"/>
</metadata>
</newsitem>
