<?xml version="1.0" encoding="iso-8859-1" ?>
<newsitem itemid="461358" id="root" date="1997-03-22" xml:lang="en">
<title>ITALY: CYCLING-ZABEL WINS MILAN-SAN REMO CLASSIC.</title>
<headline>CYCLING-ZABEL WINS MILAN-SAN REMO CLASSIC.</headline>
<dateline>SAN REMO, Italy 1997-03-22</dateline>
<text>
<p>Germany's Erik Zabel won the 294-km Milan to San Remo cycling classic on Saturday in a sprint finish in which world champion Johan Museeuw and world number one Laurent Jalabert were involved in a bad crash.</p>
<p>As Zabel snatched victory in this opening round of the World Cup, Jalabert, the victim of an horrendous crash in the 1994 Tour de France, appeared to ride into Museeuw, bringing down several riders.</p>
<p>Among the fallers was British Olympic bronze medallist Max Sciandri, who was soon on his feet. But Belgium's Museeuw, the Cup holder, was led away grimacing in pain from a shoulder injury.</p>
<p>Frenchman Jalabert was driven away in an ambulance, bringing back memories of his collision with a gendarme at Armentieres three years ago, which put him out for the rest of the season.</p>
<p>Italians Alberto Elli and Biagio Conte were second and third in the same time as the winner -- six hours 57 minutes 47 seconds.</p>
</text>
<copyright>(c) Reuters Limited 1997</copyright>
<metadata>
<codes class="bip:countries:1.0">
  <code code="FRA">
    <editdetail attribution="Reuters BIP Coding Group" action="confirmed" date="1997-03-22"/>
  </code>
  <code code="GFR">
    <editdetail attribution="Reuters BIP Coding Group" action="confirmed" date="1997-03-22"/>
  </code>
  <code code="ITALY">
    <editdetail attribution="Reuters BIP Coding Group" action="confirmed" date="1997-03-22"/>
  </code>
</codes>
<codes class="bip:topics:1.0">
  <code code="GCAT">
    <editdetail attribution="Reuters BIP Coding Group" action="confirmed" date="1997-03-22"/>
  </code>
  <code code="GSPO">
    <editdetail attribution="Reuters BIP Coding Group" action="confirmed" date="1997-03-22"/>
  </code>
</codes>
<dc element="dc.date.created" value="1997-03-22"/>
<dc element="dc.publisher" value="Reuters Holdings Plc"/>
<dc element="dc.date.published" value="1997-03-22"/>
<dc element="dc.source" value="Reuters"/>
<dc element="dc.creator.location" value="SAN REMO, Italy"/>
<dc element="dc.creator.location.country.name" value="ITALY"/>
<dc element="dc.source" value="Reuters"/>
</metadata>
</newsitem>
