<?xml version="1.0" encoding="iso-8859-1" ?>
<newsitem itemid="461424" id="root" date="1997-03-22" xml:lang="en">
<title>AUSTRALIA: RUGBY UNION-ACT BEAT CANTERBURY 49-29 IN SUPER 12 MATCH.</title>
<headline>RUGBY UNION-ACT BEAT CANTERBURY 49-29 IN SUPER 12 MATCH.</headline>
<dateline>CANBERRA 1997-03-22</dateline>
<text>
<p>Australian Capital Territory (ACT) beat Canterbury 49-29 (halftime 13-10) in a Super 12 match at Bruce Stadium on Saturday.</p>
<p>Scorers:</p>
<p>ACT - Tries: Ipolito Fenukitau (3), George Gregan, John Langford, Mitchell Hardy. Conversions: David Knox (5). Penalties: David Knox (2). Drop goal: David Knox.</p>
<p>Canterbury - Tries: Tabai Matson (2), James Kerr, Scott Robertson, Paula Bale. Conversions: Leon MacDonald (2).</p>
<p>Attendance: 9,855</p>
</text>
<copyright>(c) Reuters Limited 1997</copyright>
<metadata>
<codes class="bip:countries:1.0">
  <code code="AUSTR">
    <editdetail attribution="Reuters BIP Coding Group" action="confirmed" date="1997-03-22"/>
  </code>
</codes>
<codes class="bip:topics:1.0">
  <code code="GCAT">
    <editdetail attribution="Reuters BIP Coding Group" action="confirmed" date="1997-03-22"/>
  </code>
  <code code="GSPO">
    <editdetail attribution="Reuters BIP Coding Group" action="confirmed" date="1997-03-22"/>
  </code>
</codes>
<dc element="dc.date.created" value="1997-03-22"/>
<dc element="dc.publisher" value="Reuters Holdings Plc"/>
<dc element="dc.date.published" value="1997-03-22"/>
<dc element="dc.source" value="Reuters"/>
<dc element="dc.creator.location" value="CANBERRA"/>
<dc element="dc.creator.location.country.name" value="AUSTRALIA"/>
<dc element="dc.source" value="Reuters"/>
</metadata>
</newsitem>
