<?xml version="1.0" encoding="iso-8859-1" ?>
<newsitem itemid="461412" id="root" date="1997-03-22" xml:lang="en">
<title>BARBADOS: CRICKET-RED STRIPE CUP THIRD DAY SCORES.</title>
<headline>CRICKET-RED STRIPE CUP THIRD DAY SCORES.</headline>
<dateline>BRIDGETOWN, Barbados 1997-03-22</dateline>
<text>
<p>Close of play scores on the third day of four-day Red Stripe Cup cricket matches on Saturday:</p>
<p>In Berbice, Guyana: Guyana 281 (Carl Hooper 119, Clayton Lambert 55; Ian Bishop 5-82) and 24-0. Trinidad and Tobago 413 (P.Simmons 116, D.Ganga 54, I.Bishop 50).</p>
<p>In St Catherine, Jamaica: Jamaica 156 and 337-9 declared (M.Ventura 96, J.Adams 73, I.Garrick 50). Leeward Islands 145 (F.Rose 6-63) and 9-1.</p>
</text>
<copyright>(c) Reuters Limited 1997</copyright>
<metadata>
<codes class="bip:countries:1.0">
  <code code="BARB">
    <editdetail attribution="Reuters BIP Coding Group" action="confirmed" date="1997-03-22"/>
  </code>
  <code code="GUY">
    <editdetail attribution="Reuters BIP Coding Group" action="confirmed" date="1997-03-22"/>
  </code>
</codes>
<codes class="bip:topics:1.0">
  <code code="GCAT">
    <editdetail attribution="Reuters BIP Coding Group" action="confirmed" date="1997-03-22"/>
  </code>
  <code code="GSPO">
    <editdetail attribution="Reuters BIP Coding Group" action="confirmed" date="1997-03-22"/>
  </code>
</codes>
<dc element="dc.date.created" value="1997-03-22"/>
<dc element="dc.publisher" value="Reuters Holdings Plc"/>
<dc element="dc.date.published" value="1997-03-22"/>
<dc element="dc.source" value="Reuters"/>
<dc element="dc.creator.location" value="BRIDGETOWN, Barbados"/>
<dc element="dc.creator.location.country.name" value="BARBADOS"/>
<dc element="dc.source" value="Reuters"/>
</metadata>
</newsitem>
