<?xml version="1.0" encoding="iso-8859-1" ?>
<newsitem itemid="461405" id="root" date="1997-03-22" xml:lang="en">
<title>SOUTH AFRICA: CRICKET-MCMILLAN PUTS SOUTH AFRICA IN HEALTHY POSITION.</title>
<headline>CRICKET-MCMILLAN PUTS SOUTH AFRICA IN HEALTHY POSITION.</headline>
<dateline>PRETORIA 1997-03-22</dateline>
<text>
<p>A half-century from Brian McMillan helped South Africa into a healthy position against Australia at tea on the second day of the third and final cricket test match at Centurion Park on Saturday.</p>
<p>The burly all-rounder had been promoted to number three in the batting line-up to shore up South Africa's fragile top order and he immediately obliged.</p>
<p>He was finally caught for 55 off bat and pad at short leg in the first over of off-spin from Mark Waugh but not before posting a vital century partnership with Adam Bacher (51 not out) -- South Africa's first of the series.</p>
<p>At tea South Africa were 145 for two in reply to Australia's 227.</p>
<p>The value of McMillan's innings was highlighted by the fact that it was the first half-century from a South African number three in the first innings in the 20-test reign of coach Bob Woolmer.</p>
<p>He and Bacher both suffered a torrid time against the leg spin of Shane Warne -- who repeatedly beat the outside edge -- while McMillan was twice struck on the helmet as he attempted to hook Jason Gillespie.</p>
<p>He survived to post his second half century of the series in just over two hours, striking seven fours from 100 balls.</p>
<p>Bacher, who had taken 50 minutes to get off the mark, showed commendable patience, contributing just 34 of century stand, before reaching his own half-century in just under four hours.</p>
<p>Earlier opener Gary Kirsten had become Ian Healy's 300th test victim when he got a thin edge to Glenn McGrath to give the keeper a straightforward catch.</p>
<p>Australia have already won the series after victories in Johannesburg and Port Elizabeth.</p>
</text>
<copyright>(c) Reuters Limited 1997</copyright>
<metadata>
<codes class="bip:countries:1.0">
  <code code="AUSTR">
    <editdetail attribution="Reuters BIP Coding Group" action="confirmed" date="1997-03-22"/>
  </code>
  <code code="SAFR">
    <editdetail attribution="Reuters BIP Coding Group" action="confirmed" date="1997-03-22"/>
  </code>
</codes>
<codes class="bip:topics:1.0">
  <code code="GCAT">
    <editdetail attribution="Reuters BIP Coding Group" action="confirmed" date="1997-03-22"/>
  </code>
  <code code="GSPO">
    <editdetail attribution="Reuters BIP Coding Group" action="confirmed" date="1997-03-22"/>
  </code>
</codes>
<dc element="dc.date.created" value="1997-03-22"/>
<dc element="dc.publisher" value="Reuters Holdings Plc"/>
<dc element="dc.date.published" value="1997-03-22"/>
<dc element="dc.source" value="Reuters"/>
<dc element="dc.creator.location" value="PRETORIA"/>
<dc element="dc.creator.location.country.name" value="SOUTH AFRICA"/>
<dc element="dc.source" value="Reuters"/>
</metadata>
</newsitem>
