<?xml version="1.0" encoding="iso-8859-1" ?>
<newsitem itemid="461491" id="root" date="1997-03-22" xml:lang="en">
<title>USA: CV Therapeutics stake held by Biogen.</title>
<headline>CV Therapeutics stake held by Biogen.</headline>
<dateline>WASHINGTON 1997-03-21</dateline>
<text>
<p>Biogen Inc on Friday said it held a 9.73 percent stake in CV Therapeutics Inc, or 669,857 common shares.</p>
<p>In a filing with the U.S. Securities and Exchange Commission, Biogen said it bought the stock as part of a purchase agreement with CV. Under terms of the accord, it may be obligated to buy additional shares in the Palo Alto, Calif., biopharmaceutical company in the two years after the signing of the agreement.</p>
</text>
<copyright>(c) Reuters Limited 1997</copyright>
<metadata>
<codes class="bip:countries:1.0">
  <code code="USA">
    <editdetail attribution="Reuters BIP Coding Group" action="confirmed" date="1997-03-22"/>
  </code>
</codes>
<codes class="bip:industries:1.0">
  <code code="I25700">
    <editdetail attribution="Reuters BIP Coding Group" action="confirmed" date="1997-03-22"/>
  </code>
</codes>
<codes class="bip:topics:1.0">
  <code code="C18">
    <editdetail attribution="Reuters BIP Coding Group" action="confirmed" date="1997-03-22"/>
  </code>
  <code code="C181">
    <editdetail attribution="Reuters BIP Coding Group" action="confirmed" date="1997-03-22"/>
  </code>
  <code code="CCAT">
    <editdetail attribution="Reuters BIP Coding Group" action="confirmed" date="1997-03-22"/>
  </code>
</codes>
<dc element="dc.date.created" value="1997-03-21"/>
<dc element="dc.publisher" value="Reuters Holdings Plc"/>
<dc element="dc.date.published" value="1997-03-22"/>
<dc element="dc.source" value="Reuters"/>
<dc element="dc.creator.location" value="WASHINGTON"/>
<dc element="dc.creator.location.country.name" value="USA"/>
<dc element="dc.source" value="Reuters"/>
</metadata>
</newsitem>
