<?xml version="1.0" encoding="iso-8859-1" ?>
<newsitem itemid="461465" id="root" date="1997-03-22" xml:lang="en">
<title>GERMANY: SOCCER-GERMAN FIRST DIVISION SUMMARIES.</title>
<headline>SOCCER-GERMAN FIRST DIVISION SUMMARIES.</headline>
<dateline>BONN 1997-03-22</dateline>
<text>
<p>Summaries of soccer matches</p>
<p>played in the German first division on Saturday:</p>
<p>Borussia Dortmund 1 - Heinrich 82</p>
<p>Borussia Moenchengladbach 3 - Dahlin 1, Juskoviak 71,</p>
<p>Petterssen 89</p>
<p>Red Cards: Kohler 34 (D), Fournier 41 (M)</p>
<p>HT: 0-1. Att: 55,000</p>
<p>- - - -</p>
<p>Hamburg - 2 - Salihamidzic 29, Breitenreiter 90</p>
<p>Bochum - Donkow 25, Reis 75,</p>
<p>Red card: Waldoch 57 (B)</p>
<p>HT: 1-1. Att: 22,000</p>
<p>- - - -</p>
<p>Cologne 0</p>
<p>St. Pauli 1 - Pisarew 27</p>
<p>HT: 0-1. Att: 20,000</p>
<p>- - - -</p>
<p>1860 Munich 2 - Winkler 65, Cerny 71</p>
<p>Hansa Rostock 0</p>
<p>HT: 0-0. Att: 25,000</p>
<p>- - - -</p>
<p>Schalke - 0</p>
<p>Arminia Bielefeld - 0</p>
<p>H-T: 0-0. Att: 35,000</p>
<p>- - - -</p>
<p>Freiburg 1 - Robert Kovac o.g. 51</p>
<p>Bayer Leverkusen 2 - Kirsten 57 pen, Sergio 61</p>
<p>Red card: Freund 56 (F)</p>
<p>HT: 0-0. Att: 22,000</p>
<p>- - - -</p>
<p>Played on Friday:</p>
<p>    Fortuna Duesseldorf    0</p>
<p>    VfB Stuttgart	    4 - Balakow 48, Hagner 56, Bobic 64,</p>
<p>Elber 88</p>
<p>HT: 0-0. Att: 15,000</p>
<p>- - - -</p>
<p>    Werder Bremen	    0</p>
<p>    Duisburg		   2 - Zeyer 40, Salou 52</p>
<p>HT: 0-1. Att: 26,000</p>
</text>
<copyright>(c) Reuters Limited 1997</copyright>
<metadata>
<codes class="bip:countries:1.0">
  <code code="GFR">
    <editdetail attribution="Reuters BIP Coding Group" action="confirmed" date="1997-03-22"/>
  </code>
</codes>
<codes class="bip:topics:1.0">
  <code code="GCAT">
    <editdetail attribution="Reuters BIP Coding Group" action="confirmed" date="1997-03-22"/>
  </code>
  <code code="GSPO">
    <editdetail attribution="Reuters BIP Coding Group" action="confirmed" date="1997-03-22"/>
  </code>
</codes>
<dc element="dc.date.created" value="1997-03-22"/>
<dc element="dc.publisher" value="Reuters Holdings Plc"/>
<dc element="dc.date.published" value="1997-03-22"/>
<dc element="dc.source" value="Reuters"/>
<dc element="dc.creator.location" value="BONN"/>
<dc element="dc.creator.location.country.name" value="GERMANY"/>
<dc element="dc.source" value="Reuters"/>
</metadata>
</newsitem>
