<?xml version="1.0" encoding="iso-8859-1" ?>
<newsitem itemid="461407" id="root" date="1997-03-22" xml:lang="en">
<title>YUGOSLAVIA: SOCCER-YUGOSLAV LEAGUE RESULTS/STANDINGS.</title>
<headline>SOCCER-YUGOSLAV LEAGUE RESULTS/STANDINGS.</headline>
<dateline>BELGRADE 1997-03-22</dateline>
<text>
<p>Results of Yugoslav league</p>
<p>soccer matches played on Saturday:</p>
<p>Division A</p>
<p> Cukaricki	3     Proleter	  1</p>
<p> Vojvodina	0     Red Star	  3</p>
<p> Becej	    1     Rad		 0</p>
<p> Borac	    0     Zemun	     2</p>
<p> Hajduk	   1     Mladost (L)     0</p>
<p> Partizan	 1     Buducnost (P)   0</p>
<p>		   Pl    W    D    L    F  A   Pts</p>
<p> Partizan	20   17    3    0   57  11   54</p>
<p> Red Star	20   16    2    2   50  16   50</p>
<p> Vojvodina     20    9    7    4   26  17   34</p>
<p> Zemun	   20    7    7    6   25  20   28</p>
<p> Mladost (L)   20    8    3    9   28  31   27</p>
<p> Proleter	20    7    3   10   32  31   24</p>
<p> Hajduk	  20    5    7    8   17  22   22</p>
<p> Rad	     20    5    7    8   19  25   22</p>
<p> Buducnost (P) 20    6    4   10   15  24   22</p>
<p> Becej	   20    5    5   10   19  31   20</p>
<p> Cukaricki     20    5    5   10   18  34   20</p>
<p> Borac	   20    3    1   16   13  56   10</p>
<p>Division B</p>
<p> Obilic	   2    Buducnost (V)    0</p>
<p> Sutjeska	 0    Mladost (BJ)     0</p>
<p> Loznica	  3    OFK Beograd	0</p>
<p> Rudar	    1    Radnicki (N)     1</p>
<p> Sloboda	  2    OFK Kikinda	0</p>
<p>Zeleznik vs Spartak to be played on Sunday</p>
<p>Standings:</p>
<p> Obilic	  20   17    2    1   40   7   53</p>
<p> Loznica	 20   13    0    7   33  16   39</p>
<p> Radnicki (N)  20   10    5    5   35  19   35</p>
<p> OFK Beograd   20   10    5    5   24  17   35</p>
<p> Rudar	   20    9    3    8   29  20   30</p>
<p> Buducnost (V) 20    8    3    9   27  32   27</p>
<p> Zeleznik	19    8    2    9   20  22   26</p>
<p> Sutjeska	20    8    2   10   23  29   26</p>
<p> OFK Kikinda   20    8    1   11   15  22   25</p>
<p> Sloboda	 20    4    5   11   17  26   17</p>
<p> Spartak	 19    4    2   13   16  46   14</p>
<p> Mladost (BJ)  20    2    6   12   10  33   12</p>
</text>
<copyright>(c) Reuters Limited 1997</copyright>
<metadata>
<codes class="bip:countries:1.0">
  <code code="YUG">
    <editdetail attribution="Reuters BIP Coding Group" action="confirmed" date="1997-03-22"/>
  </code>
</codes>
<codes class="bip:topics:1.0">
  <code code="GCAT">
    <editdetail attribution="Reuters BIP Coding Group" action="confirmed" date="1997-03-22"/>
  </code>
  <code code="GSPO">
    <editdetail attribution="Reuters BIP Coding Group" action="confirmed" date="1997-03-22"/>
  </code>
</codes>
<dc element="dc.date.created" value="1997-03-22"/>
<dc element="dc.publisher" value="Reuters Holdings Plc"/>
<dc element="dc.date.published" value="1997-03-22"/>
<dc element="dc.source" value="Reuters"/>
<dc element="dc.creator.location" value="BELGRADE"/>
<dc element="dc.creator.location.country.name" value="YUGOSLAVIA"/>
<dc element="dc.source" value="Reuters"/>
</metadata>
</newsitem>
