<?xml version="1.0" encoding="iso-8859-1" ?>
<newsitem itemid="461499" id="root" date="1997-03-22" xml:lang="en">
<title>UK: Reuters historical calendar - March 29.</title>
<headline>Reuters historical calendar - March 29.</headline>
<dateline>LONDON 1997-03-22</dateline>
<text>
<p>Following are some of the major events to have occurred on March 29 in history.</p>
<p>1461 - The bloodiest battle of the English Wars of the Roses took place at Towton, near York. Some 36,000 Yorkists defeated 40,000 Lancastrians and secured the English throne for Yorkist Edward IV.</p>
<p>1772 - Emanuel Swedenborg, Swedish philosopher and scientist, died. After his death Swedenborgian societies appeared, later to become the Church of the New Jerusalem.</p>
<p>1788 - Charles Wesley, writer of over 5,500 hymns and, with his brother John, the founder of Methodism, died.</p>
<p>1790 - John Tyler, the first U.S. vice president to succeed to the presidency, born. He became 10th president on the death of incumbent William Henry Harrison.</p>
<p>1792 - Gustav III of Sweden died a few days after being shot by conspirators at the Stockholm opera house. Giuseppe Verdi based his opera &quot;Un Ballo in Maschera&quot; on the incident.</p>
<p>1798 - The Helvetic Republic, a government set up by the French directory in Switzerland, was proclaimed.</p>
<p>1804 - Thousands of white people were massacred in Haiti following a declaration by Governor General Jean-Jacques Dessalines.</p>
<p>1849 - Britain formally annexed the Punjab after the defeat of the sikhs in India.</p>
<p>1867 - The British North America Act established the Dominion of Canada comprising Quebec, Ontario, Nova Scotia and New Brunswick.</p>
<p>1871 - In London, Queen Victoria opened the Royal Albert Hall in memory of her late consort Prince Albert.</p>
<p>1891 - Georges Seurat, French impressionist painter, died. He was primarily responsible for the development of Pointillism - where the whole picture is made up of tiny rectangles of pure colour.</p>
<p>1899 - Lavrenti Pavlovich Beria, chief of the Soviet secret police, born. His attempt to seize power after Stalin's death in 1953 was foiled and he was executed just months later.</p>
<p>1912 - English Antarctic explorer Robert Falcon Scott died as his expedition attempted to return after reaching the South Pole.</p>
<p>1936 - Nazi propaganda claimed that 99 per cent of the German population voted for official Nazi candidates in elections.</p>
<p>1959 - Barthelemy Boganda, first president of the Central African Republic, was killed in a plane crash.</p>
<p>1961 - The U.S. constitution was amended to give residents of the District of Columbia the right to vote in presidential elections.</p>
<p>1963 - Britain granted the right to any territory to secede from the Central African Federation.</p>
<p>1972 - J. Arthur Rank, a leading architect of Britain's film industry, died. An enthusiastic Methodist, he initially saw films as a means of propagating the Gospel.</p>
<p>1974 - The first close-up pictures of Mercury were taken by the U.S. spacecraft Mariner 10.</p>
<p>1980 - Annunzio Paolo Mantovani, Anglo-Italian conductor and arranger, died. Created the &quot;Mantovani sound&quot; that made him a highly successful recording artist and concert attraction.</p>
<p>1982 - Carl Orff, German composer of &quot;Carmina Burana&quot;, died.</p>
<p>1987 - A referendum in Haiti showed overwhelming support for a new constitution.</p>
<p>1991 - Prime Minister Giulio Andreotti resigned as head of Italy's 49th post-war government.</p>
<p>1992 - Paul Henreid, suave Austrian-born actor of stage and screen who played alongside Bogart and Bergman in &quot;Casablanca&quot;, died.</p>
<p>1993 - France's new conservative prime minister Edouard Balladur formally took office from outgoing Socialist Pierre Beregovoy.</p>
<p>1994 - Guatemala's government and leftist rebels signed a breakthrough human rights accord that boosted hopes of ending 33 years of civil war.</p>
<p>1996 - Three British soldiers were sentenced to life imprisonment for the brutal killing of a Danish tour guide on the holiday island of Cyprus.</p>
</text>
<copyright>(c) Reuters Limited 1997</copyright>
<metadata>
<codes class="bip:countries:1.0">
  <code code="UK">
    <editdetail attribution="Reuters BIP Coding Group" action="confirmed" date="1997-03-22"/>
  </code>
</codes>
<codes class="bip:topics:1.0">
  <code code="GCAT">
    <editdetail attribution="Reuters BIP Coding Group" action="confirmed" date="1997-03-22"/>
  </code>
</codes>
<dc element="dc.date.created" value="1997-03-22"/>
<dc element="dc.publisher" value="Reuters Holdings Plc"/>
<dc element="dc.date.published" value="1997-03-22"/>
<dc element="dc.source" value="Reuters"/>
<dc element="dc.creator.location" value="LONDON"/>
<dc element="dc.creator.location.country.name" value="UK"/>
<dc element="dc.source" value="Reuters"/>
</metadata>
</newsitem>
