<?xml version="1.0" encoding="iso-8859-1" ?>
<newsitem itemid="461469" id="root" date="1997-03-22" xml:lang="en">
<title>SWITZERLAND: FIGURE SKATING-LIPINSKI YOUNGEST WOMEN'S WORLD CHAMPION.</title>
<headline>FIGURE SKATING-LIPINSKI YOUNGEST WOMEN'S WORLD CHAMPION.</headline>
<dateline>LAUSANNE, Switzerland 1997-03-22</dateline>
<text>
<p>Tara Lipinski became the youngest-ever women's world figure skating champion with a performance of astonishing maturity and sustained brilliance on Saturday.</p>
<p>The American, at 14 years, nine months and 12 days, is 32 days younger than Sonia Henie when the Norwegian won the first of her 10 successive world titles in 1927.</p>
<p>Ironically, Lipinski was technically ineligible for this competition under a rule passed last year that skaters had to be 15 the previous July 1 to take part. But she was given a dispensation because she had competed last year, before the rule was brought in.</p>
<p>Lipinski accomplished seven triple jumps, including a remarkable and difficult triple loop-triple loop combination which no other skater in the world can yet do.</p>
<p>She did not put a foot wrong in her four-minute display although she again relied on her fast spins because she gets no height on the takeoff of her jumps.</p>
<p>Despite the outstanding display of Lipinski, team mate and defending champion Michelle Kwan beat her in the free skating with an excellent return to her top form.</p>
<p>But Kwan was too far back in fourth place after the short programme and despite her superior artistry had to settle for the silver medal after a superb routine to Indian music.</p>
<p>Vanessa Gusmeroli of France, 18, took the bronze.</p>
</text>
<copyright>(c) Reuters Limited 1997</copyright>
<metadata>
<codes class="bip:countries:1.0">
  <code code="SWITZ">
    <editdetail attribution="Reuters BIP Coding Group" action="confirmed" date="1997-03-22"/>
  </code>
  <code code="USA">
    <editdetail attribution="Reuters BIP Coding Group" action="confirmed" date="1997-03-22"/>
  </code>
</codes>
<codes class="bip:topics:1.0">
  <code code="GCAT">
    <editdetail attribution="Reuters BIP Coding Group" action="confirmed" date="1997-03-22"/>
  </code>
  <code code="GSPO">
    <editdetail attribution="Reuters BIP Coding Group" action="confirmed" date="1997-03-22"/>
  </code>
</codes>
<dc element="dc.date.created" value="1997-03-22"/>
<dc element="dc.publisher" value="Reuters Holdings Plc"/>
<dc element="dc.date.published" value="1997-03-22"/>
<dc element="dc.source" value="Reuters"/>
<dc element="dc.creator.location" value="LAUSANNE, Switzerland"/>
<dc element="dc.creator.location.country.name" value="SWITZERLAND"/>
<dc element="dc.source" value="Reuters"/>
</metadata>
</newsitem>
