<?xml version="1.0" encoding="iso-8859-1" ?>
<newsitem itemid="461409" id="root" date="1997-03-22" xml:lang="en">
<title>POLAND: SOCCER-POLISH FIRST DIVISION RESULTS.</title>
<headline>SOCCER-POLISH FIRST DIVISION RESULTS.</headline>
<dateline>WARSAW 1997-03-22</dateline>
<text>
<p>Results of Polish first</p>
<p>division soccer matches on Saturday:</p>
<p> Gornik Zabrze	0   Lech Poznan	 2</p>
<p> Ruch Chorzow	 3   Sokol Tychy	 0</p>
<p> Hutnik Krakow	0   Widzew Lodz	 0</p>
<p> GKS Belchatow	1   GKS Katowice	1</p>
<p> Stomil Olsztyn     1   Amica Wronki	3</p>
<p> LKS Lodz	     2   Legia Warszawa    1</p>
<p>Playing Sunday:</p>
<p> Odra Wodzislaw     v   Wisla Krakow	</p>
<p> Polonia Warszawa   v   Slask Wroclaw     </p>
<p> Zaglebie Lubin     v   Rakow Czestochowa</p>
</text>
<copyright>(c) Reuters Limited 1997</copyright>
<metadata>
<codes class="bip:countries:1.0">
  <code code="POL">
    <editdetail attribution="Reuters BIP Coding Group" action="confirmed" date="1997-03-22"/>
  </code>
</codes>
<codes class="bip:topics:1.0">
  <code code="GCAT">
    <editdetail attribution="Reuters BIP Coding Group" action="confirmed" date="1997-03-22"/>
  </code>
  <code code="GSPO">
    <editdetail attribution="Reuters BIP Coding Group" action="confirmed" date="1997-03-22"/>
  </code>
</codes>
<dc element="dc.date.created" value="1997-03-22"/>
<dc element="dc.publisher" value="Reuters Holdings Plc"/>
<dc element="dc.date.published" value="1997-03-22"/>
<dc element="dc.source" value="Reuters"/>
<dc element="dc.creator.location" value="WARSAW"/>
<dc element="dc.creator.location.country.name" value="POLAND"/>
<dc element="dc.source" value="Reuters"/>
</metadata>
</newsitem>
