<?xml version="1.0" encoding="iso-8859-1" ?>
<newsitem itemid="461430" id="root" date="1997-03-22" xml:lang="en">
<title>HONG KONG: RUGBY UNION-SECOND DAY'S RESULTS IN WORLD CUP SEVENS.</title>
<headline>RUGBY UNION-SECOND DAY'S RESULTS IN WORLD CUP SEVENS.</headline>
<dateline>HONG KONG 1997-03-22</dateline>
<text>
<p>Results of round robin pool</p>
<p>matches on second day of World Cup Sevens rugby union tournament</p>
<p>on Saturday.</p>
<p>(Note: Top teams in each group will be ranked 1-8 and drawn</p>
<p>into spots for knockout quarterfinals on Sunday)</p>
<p>Pool A</p>
<p>Fiji 66 Namibia 0</p>
<p>Pool B</p>
<p>South Africa 34 Ireland 7</p>
<p>Pool C</p>
<p>Western Samoa 42 Morocco 0</p>
<p>Pool D</p>
<p>France 26 Romania 0</p>
<p>Pool E</p>
<p>New Zealand 47 Japan 0</p>
<p>Pool F</p>
<p>England 30 Canada 7</p>
<p>Pool G</p>
<p>Spain 12 Korea 12</p>
<p>Pool H</p>
<p>Australia 26 Portugal 7</p>
<p>Pool A</p>
<p>Wales 40 Namibia 5</p>
<p>Pool B</p>
<p>Hong Kong 26 Ireland 5</p>
<p>Pool C</p>
<p>Argentina 33 Morocco 7</p>
<p>Pool D</p>
<p>Romania 17 United States 12</p>
<p>Pool E</p>
<p>Tonga 35 Japan 26</p>
<p>Pool F</p>
<p>Cook Islands 5 Canada 0</p>
<p>Pool G</p>
<p>South Korea 21 Zimbabwe 10</p>
<p>Pool H</p>
<p>Scotland 28  Portugal 7</p>
<p>Pool A</p>
<p> Fiji	    35 Wales	    0</p>
<p>Pool B</p>
<p> South Africa  29 Hong Kong	5</p>
<p>Pool C</p>
<p> Western Samoa 28 Argentina     12</p>
<p>Pool D</p>
<p> France	  40 United States  7</p>
<p>Pool E</p>
<p> New Zealand   31 Tonga	    5</p>
<p>Pool F</p>
<p> England	 29 Cook Islands  10</p>
<p>Pool G</p>
<p> Spain	   19 Zimbabwe	12</p>
<p>Pool H</p>
<p> Australia     31 Scotland	19</p>
</text>
<copyright>(c) Reuters Limited 1997</copyright>
<metadata>
<codes class="bip:countries:1.0">
  <code code="AUSTR">
    <editdetail attribution="Reuters BIP Coding Group" action="confirmed" date="1997-03-22"/>
  </code>
  <code code="CANA">
    <editdetail attribution="Reuters BIP Coding Group" action="confirmed" date="1997-03-22"/>
  </code>
  <code code="FIJI">
    <editdetail attribution="Reuters BIP Coding Group" action="confirmed" date="1997-03-22"/>
  </code>
  <code code="FRA">
    <editdetail attribution="Reuters BIP Coding Group" action="confirmed" date="1997-03-22"/>
  </code>
  <code code="HKONG">
    <editdetail attribution="Reuters BIP Coding Group" action="confirmed" date="1997-03-22"/>
  </code>
  <code code="IRE">
    <editdetail attribution="Reuters BIP Coding Group" action="confirmed" date="1997-03-22"/>
  </code>
  <code code="JAP">
    <editdetail attribution="Reuters BIP Coding Group" action="confirmed" date="1997-03-22"/>
  </code>
  <code code="MOROC">
    <editdetail attribution="Reuters BIP Coding Group" action="confirmed" date="1997-03-22"/>
  </code>
  <code code="NAMIB">
    <editdetail attribution="Reuters BIP Coding Group" action="confirmed" date="1997-03-22"/>
  </code>
  <code code="NZ">
    <editdetail attribution="Reuters BIP Coding Group" action="confirmed" date="1997-03-22"/>
  </code>
  <code code="PORL">
    <editdetail attribution="Reuters BIP Coding Group" action="confirmed" date="1997-03-22"/>
  </code>
  <code code="ROM">
    <editdetail attribution="Reuters BIP Coding Group" action="confirmed" date="1997-03-22"/>
  </code>
  <code code="SAFR">
    <editdetail attribution="Reuters BIP Coding Group" action="confirmed" date="1997-03-22"/>
  </code>
  <code code="SPAIN">
    <editdetail attribution="Reuters BIP Coding Group" action="confirmed" date="1997-03-22"/>
  </code>
  <code code="UK">
    <editdetail attribution="Reuters BIP Coding Group" action="confirmed" date="1997-03-22"/>
  </code>
  <code code="WSOMOA">
    <editdetail attribution="Reuters BIP Coding Group" action="confirmed" date="1997-03-22"/>
  </code>
</codes>
<codes class="bip:topics:1.0">
  <code code="GCAT">
    <editdetail attribution="Reuters BIP Coding Group" action="confirmed" date="1997-03-22"/>
  </code>
  <code code="GSPO">
    <editdetail attribution="Reuters BIP Coding Group" action="confirmed" date="1997-03-22"/>
  </code>
</codes>
<dc element="dc.date.created" value="1997-03-22"/>
<dc element="dc.publisher" value="Reuters Holdings Plc"/>
<dc element="dc.date.published" value="1997-03-22"/>
<dc element="dc.source" value="Reuters"/>
<dc element="dc.creator.location" value="HONG KONG"/>
<dc element="dc.creator.location.country.name" value="HONG KONG"/>
<dc element="dc.source" value="Reuters"/>
</metadata>
</newsitem>
