<?xml version="1.0" encoding="iso-8859-1" ?>
<newsitem itemid="461406" id="root" date="1997-03-22" xml:lang="en">
<title>SOUTH AFRICA: CRICKET-HEALY CLAIMS 300TH TEST VICTIM.</title>
<headline>CRICKET-HEALY CLAIMS 300TH TEST VICTIM.</headline>
<dateline>PRETORIA 1997-03-22</dateline>
<text>
<p>Australian wicketkeeper Ian Healy claimed his 300th test victim but his side had little else to celebrate at the start of the second day of the third and final cricket test match against South Africa at Centurion Park on Saturday.</p>
<p>Healy took a routine catch to dismiss Gary Kirsten off the bowling of Glenn McGrath but that was Australia's only breakthrough as South Africa cautiously edged their way to 58 for one at lunch. Australia were bowled out for 227 on Friday.</p>
<p>It was Healy's 280th catch -- he also has 20 stumpings -- in his 88th test and moves him closer to the world record of 355 victims held by compatriot Rod Marsh.</p>
<p>Kirsten's poor run of form continued as he pushed forward in the 15th over to a ball which just held its own against the left hander.</p>
<p>Kirsten scored a century in each innings against India at Calcutta at the start of the season but has failed against Australia. His 16 runs here took his series aggregate to just 76 in five innings.</p>
<p>South Africa's batsmen had been criticised for giving their wickets away with loose shots in the first two tests but opener Adam Bacher showed a more patient approach in taking 50 minutes to get off the mark.</p>
<p>He did so with a sumptuous pull for four off Greg Blewett but then retreated back into his shell and had made just 20 at lunch.</p>
<p>Brian McMillan, promoted up the order to fill South Africa's problem number three position, was struck on the helmet by a Jason Gillespie bouncer but hooked the following ball for four. He had reached 19 at the interval.</p>
<p>Australia have already won the series with victories in the first two tests.</p>
</text>
<copyright>(c) Reuters Limited 1997</copyright>
<metadata>
<codes class="bip:countries:1.0">
  <code code="AUSTR">
    <editdetail attribution="Reuters BIP Coding Group" action="confirmed" date="1997-03-22"/>
  </code>
  <code code="SAFR">
    <editdetail attribution="Reuters BIP Coding Group" action="confirmed" date="1997-03-22"/>
  </code>
</codes>
<codes class="bip:topics:1.0">
  <code code="GCAT">
    <editdetail attribution="Reuters BIP Coding Group" action="confirmed" date="1997-03-22"/>
  </code>
  <code code="GSPO">
    <editdetail attribution="Reuters BIP Coding Group" action="confirmed" date="1997-03-22"/>
  </code>
</codes>
<dc element="dc.date.created" value="1997-03-22"/>
<dc element="dc.publisher" value="Reuters Holdings Plc"/>
<dc element="dc.date.published" value="1997-03-22"/>
<dc element="dc.source" value="Reuters"/>
<dc element="dc.creator.location" value="PRETORIA"/>
<dc element="dc.creator.location.country.name" value="SOUTH AFRICA"/>
<dc element="dc.source" value="Reuters"/>
</metadata>
</newsitem>
