<?xml version="1.0" encoding="iso-8859-1" ?>
<newsitem itemid="461489" id="root" date="1997-03-22" xml:lang="en">
<title>USA: AMRESCO to acquire lending firm in Idaho.</title>
<headline>AMRESCO to acquire lending firm in Idaho.</headline>
<dateline>DALLAS, Texas 1997-03-21</dateline>
<text>
<p>AMRESCO Inc said Friday that it has definitively agreed to acquire Commercial Lending Corp, a commercial finance company in Boise, Idaho, for stock.</p>
<p>AMRESCO said it will make payments to Commercial Lending Corp shareholders in shares of AMRESCO common stock worth about $42 million.</p>
<p>&quot;The acquisition of Commercial Lending Corp gives AMRESCO an excellent company through which it can enter the franchised commercial lending niche market,&quot; AMRESCO Chairman Robert Lutz said in a release.</p>
<p>Dallas-based AMRESCO handles sub-prime residential mortgages, commercial mortgage origination, underwriting and securitization and other real estate financial services.</p>
</text>
<copyright>(c) Reuters Limited 1997</copyright>
<metadata>
<codes class="bip:countries:1.0">
  <code code="USA">
    <editdetail attribution="Reuters BIP Coding Group" action="confirmed" date="1997-03-22"/>
  </code>
</codes>
<codes class="bip:industries:1.0">
  <code code="I83954">
    <editdetail attribution="Reuters BIP Coding Group" action="confirmed" date="1997-03-22"/>
  </code>
</codes>
<codes class="bip:topics:1.0">
  <code code="C18">
    <editdetail attribution="Reuters BIP Coding Group" action="confirmed" date="1997-03-22"/>
  </code>
  <code code="C181">
    <editdetail attribution="Reuters BIP Coding Group" action="confirmed" date="1997-03-22"/>
  </code>
  <code code="CCAT">
    <editdetail attribution="Reuters BIP Coding Group" action="confirmed" date="1997-03-22"/>
  </code>
</codes>
<dc element="dc.date.created" value="1997-03-21"/>
<dc element="dc.publisher" value="Reuters Holdings Plc"/>
<dc element="dc.date.published" value="1997-03-22"/>
<dc element="dc.source" value="Reuters"/>
<dc element="dc.creator.location" value="DALLAS, Texas"/>
<dc element="dc.creator.location.country.name" value="USA"/>
<dc element="dc.source" value="Reuters"/>
</metadata>
</newsitem>
