<?xml version="1.0" encoding="iso-8859-1" ?>
<newsitem itemid="461433" id="root" date="1997-03-22" xml:lang="en">
<title>USA: NBA BASKETBALL-STANDINGS AFTER FRIDAY'S GAMES.</title>
<headline>NBA BASKETBALL-STANDINGS AFTER FRIDAY'S GAMES.</headline>
<dateline>NEW YORK 1997-03-22</dateline>
<text>
<p>Standings of National</p>
<p>Basketball Association teams after games played on Friday</p>
<p>(tabulate under won, lost, winning percentage, games behind):</p>
<p>		EASTERN CONFERENCE</p>
<p>		ATLANTIC DIVISION</p>
<p>			W    L    PCT  GB</p>
<p> X-MIAMI	   50   17   .746   -</p>
<p> X-NEW YORK	49   18   .731   1</p>
<p> ORLANDO	   38   29   .567  12</p>
<p> WASHINGTON	32   35   .478  18</p>
<p> NEW JERSEY	20   46   .303  29 1/2</p>
<p> PHILADELPHIA    18   49   .269  32</p>
<p> BOSTON	    13   56   .188  38</p>
<p>		CENTRAL DIVISION</p>
<p>			W    L    PCT  GB</p>
<p> X-CHICAGO	 58    9   .866   -</p>
<p> X-DETROIT	 48   19   .716  10</p>
<p> ATLANTA	   46   22   .676  12 1/2</p>
<p> CHARLOTTE	 44   24   .647  14 1/2</p>
<p> CLEVELAND	 35   31   .530  22 1/2</p>
<p> INDIANA	   31   36   .463  27</p>
<p> MILWAUKEE	 27   39   .409  30 1/2</p>
<p> TORONTO	   25   43   .368  33 1/2</p>
<p>		WESTERN CONFERENCE</p>
<p>		MIDWEST DIVISION</p>
<p>			W    L    PCT  GB</p>
<p> X-UTAH	    50   17   .746   -</p>
<p> X-HOUSTON	 45   22   .672   5</p>
<p> MINNESOTA	 33   34   .493  17</p>
<p> DALLAS	    22   44   .333  27 1/2</p>
<p> DENVER	    19   48   .284  31</p>
<p> SAN ANTONIO     16   51   .239  34</p>
<p> VANCOUVER	 12   58   .171  39 1/2</p>
<p>	     PACIFIC DIVISION</p>
<p>			W    L    PCT  GB</p>
<p> X-SEATTLE	 46   20   .697   -</p>
<p> X-LA LAKERS     45   22   .672   1 1/2</p>
<p> PORTLAND	  40   28   .588   7</p>
<p> LA CLIPPERS     29   36   .446  16 1/2</p>
<p> SACRAMENTO	29   39   .426  18</p>
<p> PHOENIX	   28   39   .418  18 1/2</p>
<p> GOLDEN STATE    25   42   .373  21 1/2</p>
<p>X -- CLINCHED PLAYOFF BERTH</p>
<p>SATURDAY, MARCH 22 SCHEDULE</p>
<p>GOLDEN STATE AT CHARLOTTE</p>
<p> PORTLAND AT WASHINGTON   </p>
<p> DETROIT AT CHICAGO	 </p>
<p> CLEVELAND AT DALLAS	</p>
<p> PHOENIX AT HOUSTON	 </p>
<p> NEW YORK AT MILWAUKEE    </p>
<p>LA CLIPPERS AT UTAH  </p>
<p>SACRAMENTO AT SEATTLE</p>
</text>
<copyright>(c) Reuters Limited 1997</copyright>
<metadata>
<codes class="bip:countries:1.0">
  <code code="USA">
    <editdetail attribution="Reuters BIP Coding Group" action="confirmed" date="1997-03-22"/>
  </code>
</codes>
<codes class="bip:topics:1.0">
  <code code="GCAT">
    <editdetail attribution="Reuters BIP Coding Group" action="confirmed" date="1997-03-22"/>
  </code>
  <code code="GSPO">
    <editdetail attribution="Reuters BIP Coding Group" action="confirmed" date="1997-03-22"/>
  </code>
</codes>
<dc element="dc.date.created" value="1997-03-22"/>
<dc element="dc.publisher" value="Reuters Holdings Plc"/>
<dc element="dc.date.published" value="1997-03-22"/>
<dc element="dc.source" value="Reuters"/>
<dc element="dc.creator.location" value="NEW YORK"/>
<dc element="dc.creator.location.country.name" value="USA"/>
<dc element="dc.source" value="Reuters"/>
</metadata>
</newsitem>
