<?xml version="1.0" encoding="iso-8859-1" ?>
<newsitem itemid="461413" id="root" date="1997-03-22" xml:lang="en">
<title>BARBADOS: CRICKET-BARBADOS V INDIA SCOREBOARD.</title>
<headline>CRICKET-BARBADOS V INDIA SCOREBOARD.</headline>
<dateline>BRIDGETOWN, Barbados 1997-03-22</dateline>
<text>
<p>Scoreboard at</p>
<p>close of play on the opening day of the three-day match between</p>
<p>Barbados and India at the Kennington Oval on Saturday.</p>
<p>India first innings</p>
<p> A.Jadeja c Proverbs b Gibson	  50</p>
<p> V.Laxman c Bryan b Marshall	   36</p>
<p> R.Dravid c Browne b Bryan	     19</p>
<p> S.Ganguly c Gibson b Bryan	    10</p>
<p> R.Singh c Browne b Gibson	     10</p>
<p> S.Karim lbw b Marshall		  12</p>
<p> N.Sidhu not out			   32</p>
<p> N.David c Bryan b Marshall	     4</p>
<p> S.Joshi b Marshall			 4</p>
<p> D.Ganesh b Marshall			0</p>
<p> A.Kuruvilla b Marshall		  11</p>
<p> Extras (lb-2 nb-20)		     22</p>
<p> Total					210</p>
<p>Fall of wickets: 1-88 2-115 3-115 4-130 5-142 6-173 7-183</p>
<p>8-187 9-187</p>
<p>Bowling: Gibson 15-3-40-2, Thompson 15-6-24-0, Drakes</p>
<p>18-7-43-0, Bryan 13-4-39-2, Marshall 20.1-3-62-6.</p>
</text>
<copyright>(c) Reuters Limited 1997</copyright>
<metadata>
<codes class="bip:countries:1.0">
  <code code="BARB">
    <editdetail attribution="Reuters BIP Coding Group" action="confirmed" date="1997-03-22"/>
  </code>
  <code code="INDIA">
    <editdetail attribution="Reuters BIP Coding Group" action="confirmed" date="1997-03-22"/>
  </code>
</codes>
<codes class="bip:topics:1.0">
  <code code="GCAT">
    <editdetail attribution="Reuters BIP Coding Group" action="confirmed" date="1997-03-22"/>
  </code>
  <code code="GSPO">
    <editdetail attribution="Reuters BIP Coding Group" action="confirmed" date="1997-03-22"/>
  </code>
</codes>
<dc element="dc.date.created" value="1997-03-22"/>
<dc element="dc.publisher" value="Reuters Holdings Plc"/>
<dc element="dc.date.published" value="1997-03-22"/>
<dc element="dc.source" value="Reuters"/>
<dc element="dc.creator.location" value="BRIDGETOWN, Barbados"/>
<dc element="dc.creator.location.country.name" value="BARBADOS"/>
<dc element="dc.source" value="Reuters"/>
</metadata>
</newsitem>
