<?xml version="1.0" encoding="iso-8859-1" ?>
<newsitem itemid="461418" id="root" date="1997-03-22" xml:lang="en">
<title>NEW ZEALAND: RUGBY UNION-WAIKATO CHIEFS BEAT QUEENSLAND IN SUPER 12.</title>
<headline>RUGBY UNION-WAIKATO CHIEFS BEAT QUEENSLAND IN SUPER 12.</headline>
<dateline>HAMILTON, New Zealand 1997-03-22</dateline>
<text>
<p>The Waikato Chiefs got their Super 12 campaign on track when they beat the Queensland Reds 31-16 at Rugby Park on Saturday.</p>
<p>The Chiefs produced a solid all-round performance to outscore the Reds by three tries to one.</p>
<p>The Chiefs led 23-10 at half time with tries by wingers Dion Matthews and Bruce Reihana.</p>
<p>Queensland flying left-winger Ben Tune crossed over in the 30th minute.</p>
<p>In the second half, Queensland raised their intensity level but were rewarded by only two penalties.</p>
<p>Matt Cooper crossed over for the Chiefs and kicked a penalty for a personal tally of 23 points in the game.</p>
<p>Queensland now take on Auckland at Eden Park on Easter Monday.</p>
<p>Saturday's win gave the Waikato Chiefs three victories from four matches.</p>
</text>
<copyright>(c) Reuters Limited 1997</copyright>
<metadata>
<codes class="bip:countries:1.0">
  <code code="NZ">
    <editdetail attribution="Reuters BIP Coding Group" action="confirmed" date="1997-03-22"/>
  </code>
</codes>
<codes class="bip:topics:1.0">
  <code code="GCAT">
    <editdetail attribution="Reuters BIP Coding Group" action="confirmed" date="1997-03-22"/>
  </code>
  <code code="GSPO">
    <editdetail attribution="Reuters BIP Coding Group" action="confirmed" date="1997-03-22"/>
  </code>
</codes>
<dc element="dc.date.created" value="1997-03-22"/>
<dc element="dc.publisher" value="Reuters Holdings Plc"/>
<dc element="dc.date.published" value="1997-03-22"/>
<dc element="dc.source" value="Reuters"/>
<dc element="dc.creator.location" value="HAMILTON, New Zealand"/>
<dc element="dc.creator.location.country.name" value="NEW ZEALAND"/>
<dc element="dc.source" value="Reuters"/>
</metadata>
</newsitem>
