<?xml version="1.0" encoding="iso-8859-1" ?>
<newsitem itemid="461455" id="root" date="1997-03-22" xml:lang="en">
<title>PORTUGAL: SOCCER-SPORTING CUT PORTO LEAGUE LEAD.</title>
<headline>SOCCER-SPORTING CUT PORTO LEAGUE LEAD.</headline>
<dateline>LISBON 1997-03-22</dateline>
<text>
<p>Sporting cut Porto's lead at the top of the Portuguese league to four points on Saturday when they came from behind to beat 10-man Guimaraes 4-1.</p>
<p>Porto have the chance to restore their advantage when they meet Oporto city rivals Boavista on Sunday.</p>
<p>Guimaraes, who travelled to Lisbon unbeaten in nine games, took an early lead when defender Quim Berto scored from a free kick after 16 minutes.</p>
<p>But Sporting levelled after 27 minutes with captain Oceano Cruz converting a penalty awarded after striker Pedro Barbosa had been brought down by Berto.</p>
<p>Guimaraes were reduced to 10 men after winger Nuno Capucho was dismissed for protesting the penalty decision and from then on the Lisbon team took control.</p>
<p>Cruz scored a second with a header and the other goals came from substitute strikers Jose Dominguez and Paulo Alves who had come on in the second half.</p>
</text>
<copyright>(c) Reuters Limited 1997</copyright>
<metadata>
<codes class="bip:countries:1.0">
  <code code="PORL">
    <editdetail attribution="Reuters BIP Coding Group" action="confirmed" date="1997-03-22"/>
  </code>
</codes>
<codes class="bip:topics:1.0">
  <code code="GCAT">
    <editdetail attribution="Reuters BIP Coding Group" action="confirmed" date="1997-03-22"/>
  </code>
  <code code="GSPO">
    <editdetail attribution="Reuters BIP Coding Group" action="confirmed" date="1997-03-22"/>
  </code>
</codes>
<dc element="dc.date.created" value="1997-03-22"/>
<dc element="dc.publisher" value="Reuters Holdings Plc"/>
<dc element="dc.date.published" value="1997-03-22"/>
<dc element="dc.source" value="Reuters"/>
<dc element="dc.creator.location" value="LISBON"/>
<dc element="dc.creator.location.country.name" value="PORTUGAL"/>
<dc element="dc.source" value="Reuters"/>
</metadata>
</newsitem>
