<?xml version="1.0" encoding="iso-8859-1" ?>
<newsitem itemid="461488" id="root" date="1997-03-22" xml:lang="en">
<title>USA: AFC Cable files for two million common.</title>
<headline>AFC Cable files for two million common.</headline>
<dateline>WASHINGTON 1997-03-21</dateline>
<text>
<p>AFC Cable Systems Inc Friday filed a registration with the Securities and Exchange Comission to sell up to two million common shares.</p>
<p>Of the total amount, 1.2 million common are being offered by the company and 800,000 common are being sold by selling shareholders. After the offering, outstanding shares will total 8,760,909 common.</p>
<p>The company has granted the underwriters a 30-day over-allotment option to purchase up to 300,000 additional common. The offering will be made through Tucker Anthony Inc, Robert Baird &amp; Co Inc and Robinson-Humphrey Co Inc. Proceeds will be used for investment in additional plant and production equipment to expand manufacturing capacity, repayment of certain indebtedness and general corporate purposes, including potential acquisitions, AFC said.</p>
<p>AFC, based in Providence, R.I., is a designer, manufacturer and supplier of electrical, voice and data distribution products used primarily in the construction and modernization of non-residential buildings.</p>
</text>
<copyright>(c) Reuters Limited 1997</copyright>
<metadata>
<codes class="bip:countries:1.0">
  <code code="USA">
    <editdetail attribution="Reuters BIP Coding Group" action="confirmed" date="1997-03-22"/>
  </code>
</codes>
<codes class="bip:industries:1.0">
  <code code="I34200">
    <editdetail attribution="Reuters BIP Coding Group" action="confirmed" date="1997-03-22"/>
  </code>
</codes>
<codes class="bip:topics:1.0">
  <code code="C17">
    <editdetail attribution="Reuters BIP Coding Group" action="confirmed" date="1997-03-22"/>
  </code>
  <code code="C171">
    <editdetail attribution="Reuters BIP Coding Group" action="confirmed" date="1997-03-22"/>
  </code>
  <code code="CCAT">
    <editdetail attribution="Reuters BIP Coding Group" action="confirmed" date="1997-03-22"/>
  </code>
</codes>
<dc element="dc.date.created" value="1997-03-21"/>
<dc element="dc.publisher" value="Reuters Holdings Plc"/>
<dc element="dc.date.published" value="1997-03-22"/>
<dc element="dc.source" value="Reuters"/>
<dc element="dc.creator.location" value="WASHINGTON"/>
<dc element="dc.creator.location.country.name" value="USA"/>
<dc element="dc.source" value="Reuters"/>
</metadata>
</newsitem>
