<?xml version="1.0" encoding="iso-8859-1" ?>
<newsitem itemid="461408" id="root" date="1997-03-22" xml:lang="en">
<title>RUSSIA: SOCCER-TWIN STRIKE BY KULIK BOOSTS NEW-LOOK CSKA.</title>
<headline>SOCCER-TWIN STRIKE BY KULIK BOOSTS NEW-LOOK CSKA.</headline>
<dateline>MOSCOW 1997-03-22</dateline>
<text>
<p>Two goals in the space of three minutes by Vladimir Kulik secured an unexpected win for new-look CSKA against last year's Russian premier league runners-up Alania Vladikavkaz on Saturday.</p>
<p>In another match between Moscow rivals, champions Spartak comfortably disposed of Shinnik Yaroslavl 3-0 and head the table after the first two rounds of matches.</p>
<p>Kulik, former captain of Zenit St Petersburg, made his double strike shortly before the interval to provide some comfort for some 6,000 CSKA fans shivering in the cold at Moscow's open Dynamo stadium.</p>
<p>The pitch was cleared of 10 cm of snow with the help of troops hours before the kick-off.</p>
<p>Alania'a Ivan Getsko, who hit a debut hat-trick against KamAZ Naberezhniye Chelny last week, missed a penalty in the first half but then scored from the spot in the 87th minute.</p>
<p>CSKA have a new look about them following the close season departure of coach Alexander Tarkhanov and much of his squad to Torpedo Moscow after a split sparked by the arrival at the army club of sacked Zenit St. Petersburg trainer Pavel Sadyrin.</p>
<p>A 14th-minute strike by Aleksei Bakharev put Spartak on the road to victory and second half goals from captain and playmaker Ilya Tsymbalar and Titov underscored their dominance.</p>
<p>Heavy snowfalls plagued many of the clubs and eight teams were penalised for not having installed under-pitch heating, being forced to play their home matches in southern Russia.</p>
</text>
<copyright>(c) Reuters Limited 1997</copyright>
<metadata>
<codes class="bip:countries:1.0">
  <code code="RUSS">
    <editdetail attribution="Reuters BIP Coding Group" action="confirmed" date="1997-03-22"/>
  </code>
</codes>
<codes class="bip:topics:1.0">
  <code code="GCAT">
    <editdetail attribution="Reuters BIP Coding Group" action="confirmed" date="1997-03-22"/>
  </code>
  <code code="GSPO">
    <editdetail attribution="Reuters BIP Coding Group" action="confirmed" date="1997-03-22"/>
  </code>
</codes>
<dc element="dc.date.created" value="1997-03-22"/>
<dc element="dc.publisher" value="Reuters Holdings Plc"/>
<dc element="dc.date.published" value="1997-03-22"/>
<dc element="dc.source" value="Reuters"/>
<dc element="dc.creator.location" value="MOSCOW"/>
<dc element="dc.creator.location.country.name" value="RUSSIA"/>
<dc element="dc.source" value="Reuters"/>
</metadata>
</newsitem>
