<?xml version="1.0" encoding="iso-8859-1" ?>
<newsitem itemid="461446" id="root" date="1997-03-22" xml:lang="en">
<title>NETHERLANDS: SOCCER-HEERENVEEN END PSV'S UNDEFEATED HOME RECORD.</title>
<headline>SOCCER-HEERENVEEN END PSV'S UNDEFEATED HOME RECORD.</headline>
<dateline>AMSTERDAM 1997-03-22</dateline>
<text>
<p>Dutch first division leaders PSV Eindhoven suffered their first home defeat of the season when they lost 1-0 to Heerenveen on Saturday.</p>
<p>And for PSV's Wim Jonk the match was a minor fiasco.</p>
<p>After missing a penalty in the 69th minute, the Dutch international was sent off 11 minutes later when his dive in Heerenveen's penalty area was rewarded with his second yellow card.</p>
<p>Jon Dahl Tomasson, the league's leading scorer and on the shopping list of Ajax Amsterdam, settled the match with his 17th goal of the season when he converted a Geofrey Talan cross five minutes before halftime.</p>
<p>Heerenveen outclassed the Eindhoven side, still suffering their customary dip after the winter break, with attacking one-touch soccer and had several good opportunities to extend their lead.</p>
<p>PSV, who had won 11 and drawn one of their previous 12 home fixtures, stay on 58 points from 26 matches. Second-placed Feyenoord could draw level on points if they beat lowly AZ Alkmaar on Sunday.</p>
</text>
<copyright>(c) Reuters Limited 1997</copyright>
<metadata>
<codes class="bip:countries:1.0">
  <code code="NETH">
    <editdetail attribution="Reuters BIP Coding Group" action="confirmed" date="1997-03-22"/>
  </code>
</codes>
<codes class="bip:topics:1.0">
  <code code="GCAT">
    <editdetail attribution="Reuters BIP Coding Group" action="confirmed" date="1997-03-22"/>
  </code>
  <code code="GSPO">
    <editdetail attribution="Reuters BIP Coding Group" action="confirmed" date="1997-03-22"/>
  </code>
</codes>
<dc element="dc.date.created" value="1997-03-22"/>
<dc element="dc.publisher" value="Reuters Holdings Plc"/>
<dc element="dc.date.published" value="1997-03-22"/>
<dc element="dc.source" value="Reuters"/>
<dc element="dc.creator.location" value="AMSTERDAM"/>
<dc element="dc.creator.location.country.name" value="NETHERLANDS"/>
<dc element="dc.source" value="Reuters"/>
</metadata>
</newsitem>
