<?xml version="1.0" encoding="iso-8859-1" ?>
<newsitem itemid="461480" id="root" date="1997-03-22" xml:lang="en">
<title>CANADA: Petro-Canada raises heavy oil price.</title>
<headline>Petro-Canada raises heavy oil price.</headline>
<text>
<p>COMPANY	 EFF DATE   BOW RIVER   HARDISTY     MEDIUM,</p>
<p>(CDLR/M3)			BLEND     MEDIUM**     CROMER</p>
<p>IMPERIAL	03/18/97    146.00	  --	  157.00</p>
<p>SHELL CANADA  03/21/97	--	  159.00	154.00</p>
<p>SUNCOR	  03/19/97	--	    --	  154.00</p>
<p>PETRO-CANADA  03/21/97	--	  148.00*	 --</p>
<p>KOCH OIL	03/18/97    144.00	160.00	154.00</p>
<p>Bow River Blend, Hardisty.....24.9 API, 2.1 pct sulphur</p>
<p>Hardisty Medium...............29.3 API, 1.6 pct sulphur</p>
<p>*Petro-Can Hardisty Medium....25.7 API, 2.1 pct sulphur</p>
<p>Medium at Cromer, Man.........29.3 API, 2.0 pct sulphur</p>
</text>
<copyright>(c) Reuters Limited 1997</copyright>
<metadata>
<codes class="bip:countries:1.0">
  <code code="CANA">
    <editdetail attribution="Reuters BIP Coding Group" action="confirmed" date="1997-03-22"/>
  </code>
</codes>
<codes class="bip:topics:1.0">
  <code code="M14">
    <editdetail attribution="Reuters BIP Coding Group" action="confirmed" date="1997-03-22"/>
  </code>
  <code code="M143">
    <editdetail attribution="Reuters BIP Coding Group" action="confirmed" date="1997-03-22"/>
  </code>
  <code code="MCAT">
    <editdetail attribution="Reuters BIP Coding Group" action="confirmed" date="1997-03-22"/>
  </code>
</codes>
<dc element="dc.publisher" value="Reuters Holdings Plc"/>
<dc element="dc.date.published" value="1997-03-22"/>
<dc element="dc.source" value="Reuters"/>
<dc element="dc.creator.location.country.name" value="CANADA"/>
<dc element="dc.source" value="Reuters"/>
</metadata>
</newsitem>
