<?xml version="1.0" encoding="iso-8859-1" ?>
<newsitem itemid="461485" id="root" date="1997-03-22" xml:lang="en">
<title>USA: Schiavo lashes FAA 'sloppy practices' in new book.</title>
<headline>Schiavo lashes FAA 'sloppy practices' in new book.</headline>
<dateline>NEW YORK 1997-03-22</dateline>
<text>
<p>The U.S. Federal Aviation Administration is beset by sloppy inspections, lax airport security and disregard for bogus airplane parts according to a new book by former Department of Transport Inspector General Mary Schiavo.</p>
<p>In excerpts of her book &quot;Flying Blind, Flying Safe&quot; being run in next week's Time Magazine, Schiavo said FAA officials had predicted a &quot;dramatic rise in aircraft accidents&quot; after the turn of the century, but that data was suppressed.</p>
<p>&quot;Time and again, my office uncovered practices that would shock the public: sloppy inspections of planes, perfunctory reviews of pilots, lax oversight of airline procedures, disregard for bogus airline parts, sievelike security at airports, antiquated air-traffic control systems,&quot; Schiavo writes in her book.</p>
<p>&quot;Only with a major crash, only with people dead and sobbing survivors filling television screens, does the FAA step up to the plate and make changes. I found the FAA's complacency toward accidents difficult to accept.&quot;</p>
<p>Stifled continually by the FAA -- nicknamed the &quot;Tombstone Agency&quot; -- in her five years as Department of Transport Inspector General, Schiavo eventually decided the best way to bring about reform at the agency was to resign and tell her story.</p>
<p>In her book she also charges that a key report on airport security was suppressed by the FAA and DOT officials prior to the Atlanta Olympic Games.</p>
<p>And she described how her work at the department left her &quot;dismayed, disillusioned and afraid for the flying public.&quot;</p>
<p>Schiavo writes that before the 1996 Olympics her agents and FAA inspectors attempted to skirt airport security, carrying fake bombs, guns and knives through metal detectors and were not stopped 40 percent of the time, but her report was suppressed to avoid pre-Olympic bad publicity.</p>
<p>She writes that she attended a meeting in which the &quot;FAA declared that shortly after the turn of the century, aircraft accidents will increase dramatically.&quot;</p>
<p>Her attempts to view data supporting the claim were met with swift denials that any existed. &quot;But I'd seen them, I argued,&quot; she says. &quot;Over the next few years, I came to learn firsthand that, sadly, withholding information was routine for the FAA.&quot;</p>
<p>When it came to examining the nation's aircraft, &quot;inspectors did an abysmal job,&quot; she writes.</p>
<p>&quot;Countless required or recommended inspections were never conducted, while others were carried out so perfunctorily that they were meaningless and still more revealed problems that went unreported just to spare the airlines any inconvenience. Inspections of planes, pilots, mechanices and repair stations were so unreliable as to be virtually useless.&quot;</p>
<p>She blasts the FAA over the ValuJet disaster in Florida in May 1996, saying that &quot;If the FAA had properly regulated ValuJet, its rapid growth might not have led to disaster&quot;, and accused FAA officials of lying to the public about ValuJet's record.</p>
<p>In the wake of Schiavo's campaign, Congress has changed the FAA's mandate to make safety its primary mission.</p>
<p>FAA spokesman Eliot Brenner said in a statement on Saturday that &quot;The American aviation system is the safest in the world, carrying 1.6 million passengers safely every day.</p>
<p>&quot;This year the FAA will spend $4.4 billion on enforcement, inspections and other safety measures, and that will increase to $4.9 billion next year to meet aviation growth and ensure that our nation's skies remain the safest in the world.&quot;</p>
</text>
<copyright>(c) Reuters Limited 1997</copyright>
<metadata>
<codes class="bip:countries:1.0">
  <code code="USA">
    <editdetail attribution="Reuters BIP Coding Group" action="confirmed" date="1997-03-22"/>
  </code>
</codes>
<codes class="bip:industries:1.0">
  <code code="I75000">
    <editdetail attribution="Reuters BIP Coding Group" action="confirmed" date="1997-03-22"/>
  </code>
  <code code="I76400">
    <editdetail attribution="Reuters BIP Coding Group" action="confirmed" date="1997-03-22"/>
  </code>
</codes>
<codes class="bip:topics:1.0">
  <code code="C13">
    <editdetail attribution="Reuters BIP Coding Group" action="confirmed" date="1997-03-22"/>
  </code>
  <code code="C21">
    <editdetail attribution="Reuters BIP Coding Group" action="confirmed" date="1997-03-22"/>
  </code>
  <code code="CCAT">
    <editdetail attribution="Reuters BIP Coding Group" action="confirmed" date="1997-03-22"/>
  </code>
  <code code="GCAT">
    <editdetail attribution="Reuters BIP Coding Group" action="confirmed" date="1997-03-22"/>
  </code>
  <code code="GDIS">
    <editdetail attribution="Reuters BIP Coding Group" action="confirmed" date="1997-03-22"/>
  </code>
</codes>
<dc element="dc.date.created" value="1997-03-22"/>
<dc element="dc.publisher" value="Reuters Holdings Plc"/>
<dc element="dc.date.published" value="1997-03-22"/>
<dc element="dc.source" value="Reuters"/>
<dc element="dc.creator.location" value="NEW YORK"/>
<dc element="dc.creator.location.country.name" value="USA"/>
<dc element="dc.source" value="Reuters"/>
</metadata>
</newsitem>
