<?xml version="1.0" encoding="iso-8859-1" ?>
<newsitem itemid="461479" id="root" date="1997-03-22" xml:lang="en">
<title>FRANCE: BC-LYONNAISE,SUEZ PREPARING MERGER PLAN-PRESS.</title>
<headline>BC-LYONNAISE,SUEZ PREPARING MERGER PLAN-PRESS.</headline>
<dateline>PARIS 1997-03-22</dateline>
<text>
<p>French utilities group Lyonnaise des Eaux and holding company Cie de Suez are working to conclude a merger proposal they hope to put to a Suez board meeting on April 1, the newspaper Le Monde reported in its weekend edition.</p>
<p>&quot;Suez chairman Gerard Mestrallet and Lyonnaise chairman Jerome Monod want to make rapid progress on the matter,&quot; the newspaper said, citing anonymous sources. Suez already holds 16 percent of Lyonnaise.</p>
<p>Le Monde said the two chairmen were expected to work on the plan this weekend along with Jean-Louis Beffa, chairman of glassmaker Saint-Gobain , which holds six percent of Suez's capital and 10 percent of the voting rights.</p>
<p>Lyonnaise and Suez officials were not available for comment.</p>
<p>Financial weekly Investir on Friday reported that Compagnie Generale des Eaux (CGE) was considering a hostile bid for Suez to block a merger between Suez and its rival Lyonnaise. But a source close to the group said on Friday that CGE's strategy was not an acquisition of Suez.</p>
<p>The newspaper Le Figaro, noting that Suez's market capitalisation was 45 billion francs, said CGE was unlikely to launch a hostile takeover bid as it has 48 billion francs of debt and 30 billion of equity.</p>
<p>It said CGE was more likely to attempt a deal through a share exchange or to block a Lyonnaise-Suez merger by lining up Suez shareholders to oppose it.</p>
<p>Belgian businessman Albert Frere owns eight percent of Suez through holding company Electrafina , AXA-UAP has close to eight percent, Credit Agricole has seven percent, Saint-Gobain six percent and BNP 5.5 percent.</p>
<p>CGE owns 20 percent of Electrafina, and recently agreed to take 30 percent of media group Havas , in which Frere holds five percent.</p>
<p>Le Monde said Frere had not announced which camp he would back in the fight over Suez.</p>
<p>-- Paris Newsroom, +33 1 4221 5452  REUTER  221548 GMT mar 97</p>
</text>
<copyright>(c) Reuters Limited 1997</copyright>
<metadata>
<codes class="bip:countries:1.0">
  <code code="BELG">
    <editdetail attribution="Reuters BIP Coding Group" action="confirmed" date="1997-03-22"/>
  </code>
  <code code="FRA">
    <editdetail attribution="Reuters BIP Coding Group" action="confirmed" date="1997-03-22"/>
  </code>
</codes>
<codes class="bip:industries:1.0">
  <code code="I17000">
    <editdetail attribution="Reuters BIP Coding Group" action="confirmed" date="1997-03-22"/>
  </code>
  <code code="I24700">
    <editdetail attribution="Reuters BIP Coding Group" action="confirmed" date="1997-03-22"/>
  </code>
  <code code="I81402">
    <editdetail attribution="Reuters BIP Coding Group" action="confirmed" date="1997-03-22"/>
  </code>
  <code code="I82000">
    <editdetail attribution="Reuters BIP Coding Group" action="confirmed" date="1997-03-22"/>
  </code>
  <code code="I83800">
    <editdetail attribution="Reuters BIP Coding Group" action="confirmed" date="1997-03-22"/>
  </code>
  <code code="I83960">
    <editdetail attribution="Reuters BIP Coding Group" action="confirmed" date="1997-03-22"/>
  </code>
</codes>
<codes class="bip:topics:1.0">
  <code code="C18">
    <editdetail attribution="Reuters BIP Coding Group" action="confirmed" date="1997-03-22"/>
  </code>
  <code code="C181">
    <editdetail attribution="Reuters BIP Coding Group" action="confirmed" date="1997-03-22"/>
  </code>
  <code code="CCAT">
    <editdetail attribution="Reuters BIP Coding Group" action="confirmed" date="1997-03-22"/>
  </code>
</codes>
<dc element="dc.date.created" value="1997-03-22"/>
<dc element="dc.publisher" value="Reuters Holdings Plc"/>
<dc element="dc.date.published" value="1997-03-22"/>
<dc element="dc.source" value="Reuters"/>
<dc element="dc.creator.location" value="PARIS"/>
<dc element="dc.creator.location.country.name" value="FRANCE"/>
<dc element="dc.source" value="Reuters"/>
</metadata>
</newsitem>
