<?xml version="1.0" encoding="iso-8859-1" ?>
<newsitem itemid="461468" id="root" date="1997-03-22" xml:lang="en">
<title>SWITZERLAND: FIGURE SKATING-WORLD CHAMPIONSHIP RESULTS.</title>
<headline>FIGURE SKATING-WORLD CHAMPIONSHIP RESULTS.</headline>
<dateline>LAUSANNE, Switzerland 1997-03-22</dateline>
<text>
<p>Results at the</p>
<p>world figure skating championships on Saturday:</p>
<p>Women's final</p>
<p>1. Tara Lipinski (U.S.) 2.5 factored placements</p>
<p>2. Michelle Kwan (U.S.) 3.0</p>
<p>3. Vanessa Gusmeroli (France) 5.0</p>
<p>4. Irina Slutskaya (Russia) 6.0</p>
<p>5. Maria Butyrskaya (Russia) 6.5</p>
<p>6. Laetitia Hubert (France) 10.5</p>
<p>7. Krisztina Czako (Hungary) 10.5</p>
<p>8. Julia Lautowa (Austria) 11.5</p>
<p>9. Yulia Lavranchuk (Ukraine) 14.5</p>
<p>10. Eva-Maria Fitze (Germany) 17.0</p>
<p>11. Joanne Carter (Australia) 17.0</p>
<p>12. Olga Markova (Russia) 18.5</p>
<p>13. Nicole Bobek (U.S.) 19.0</p>
<p>14. Zuzanna Szwed (Poland) 20.0</p>
<p>15. Lucinda Ruh (Switzerland) 22.0</p>
<p>16. Lenka Kulovana (Czech Republic) 25.0</p>
<p>17. Tatyana Malinina (Uzbekistan) 27.5</p>
<p>18. Fumie Suguri (Japan) 28.0</p>
<p>19. Alisa Drei (Finland) 28.0</p>
<p>20. Mojka Kopac (Slovenia) 28.5</p>
<p>21. Yulia Vorobieva (Azerbaijan) 30.0</p>
<p>22. Helena Grundberg (Sweden) 32.5</p>
<p>23. Hanae Yokoya (Japan) 32.5</p>
<p>Withdrew injured: Susan Humphreys (Canada) 10.5</p>
<p>Did not qualify for final: Chen Lu (China), Tony Sabrina</p>
<p>Bombardieri (Italy), Zuzana Paurova (Slovakia), Marta Andrade</p>
<p>(Spain), Ivana Jakupcevic (Slovakia), Sofia Penkova (Bulgaria).</p>
</text>
<copyright>(c) Reuters Limited 1997</copyright>
<metadata>
<codes class="bip:countries:1.0">
  <code code="SWITZ">
    <editdetail attribution="Reuters BIP Coding Group" action="confirmed" date="1997-03-22"/>
  </code>
</codes>
<codes class="bip:topics:1.0">
  <code code="GCAT">
    <editdetail attribution="Reuters BIP Coding Group" action="confirmed" date="1997-03-22"/>
  </code>
  <code code="GSPO">
    <editdetail attribution="Reuters BIP Coding Group" action="confirmed" date="1997-03-22"/>
  </code>
</codes>
<dc element="dc.date.created" value="1997-03-22"/>
<dc element="dc.publisher" value="Reuters Holdings Plc"/>
<dc element="dc.date.published" value="1997-03-22"/>
<dc element="dc.source" value="Reuters"/>
<dc element="dc.creator.location" value="LAUSANNE, Switzerland"/>
<dc element="dc.creator.location.country.name" value="SWITZERLAND"/>
<dc element="dc.source" value="Reuters"/>
</metadata>
</newsitem>
