<?xml version="1.0" encoding="iso-8859-1" ?>
<newsitem itemid="461431" id="root" date="1997-03-22" xml:lang="en">
<title>ISRAEL: SOCCER-ISRAEL FIRST DIVISION RESULTS/STANDINGS.</title>
<headline>SOCCER-ISRAEL FIRST DIVISION RESULTS/STANDINGS.</headline>
<dateline>JERUSALEM 1997-03-22</dateline>
<text>
<p>Results of Israel first</p>
<p>division soccer matches played over the weekend:</p>
<p> Bnei Yehuda		1    Zafririm Holon	   0</p>
<p> Betar Jerusalem	  5    Hapoel Taibe	     0</p>
<p> Maccabi Tel Aviv	 2    Hapoel Petah Tikva     1</p>
<p> Maccabi Herzliya	 1    Maccabi Haifa	    2</p>
<p> Hapoel Beersheba	 2    Hapoel Kfar Sava	 1</p>
<p> Hapoel Haifa	     2    Hapoel Tel Aviv	  0</p>
<p> Maccabi Petah Tikva    1    Hapoel Jerusalem	 1</p>
<p> Hapoel Beit She'an     1    Ironi Rishon Lezion    3</p>
<p>Standings (tabulate under played, won, drawn, lost, goals</p>
<p>for, against, points):</p>
<p> 1. Betar Jerusalem	23   18    4    1   51  12     58</p>
<p> 2. Hapoel Beersheba     23   16    2    5   37  19     50</p>
<p> 3. Hapoel Petah Tikva   22   13    6    3   39  22     45</p>
<p> 4. Maccabi Tel  Aviv    23   13    5    5   42  23     44</p>
<p> 5. Maccabi Petah Tikva  23   11    6    6   29  20     39</p>
<p> 6. Bnei Yehuda	    23    9    6    8   23  26     33</p>
<p> 7. Hapoel Haifa	   23    9    5    9   27  24     32</p>
<p> 8. Hapoel Kfar Sava     23    8    6    9   24  25     30</p>
<p> 9. Maccabi Haifa	  23    7    8    8   26  26     29</p>
<p> 10.Hapoel Jerusalem     23    8    5   10   24  32     29</p>
<p> 11.Hapoel Beit She'an   23    7    5   11   20  25     26</p>
<p> 12.Ironi Rishon Lezion  23    6    6   11   24  37     24</p>
<p> 13.Maccabi Herzliya     22    7    2   13   13  21     23</p>
<p> 14.Zafririm Holon	 23    3    9   11   14  32     18</p>
<p> 15.Hapoel Tel Aviv	23    3    8   12   11  23     17</p>
<p> 16.Hapoel Taibe	   23    3    1   20   13  50     10</p>
</text>
<copyright>(c) Reuters Limited 1997</copyright>
<metadata>
<codes class="bip:countries:1.0">
  <code code="ISRAEL">
    <editdetail attribution="Reuters BIP Coding Group" action="confirmed" date="1997-03-22"/>
  </code>
</codes>
<codes class="bip:topics:1.0">
  <code code="GCAT">
    <editdetail attribution="Reuters BIP Coding Group" action="confirmed" date="1997-03-22"/>
  </code>
  <code code="GSPO">
    <editdetail attribution="Reuters BIP Coding Group" action="confirmed" date="1997-03-22"/>
  </code>
</codes>
<dc element="dc.date.created" value="1997-03-22"/>
<dc element="dc.publisher" value="Reuters Holdings Plc"/>
<dc element="dc.date.published" value="1997-03-22"/>
<dc element="dc.source" value="Reuters"/>
<dc element="dc.creator.location" value="JERUSALEM"/>
<dc element="dc.creator.location.country.name" value="ISRAEL"/>
<dc element="dc.source" value="Reuters"/>
</metadata>
</newsitem>
