<?xml version="1.0" encoding="iso-8859-1" ?>
<newsitem itemid="461415" id="root" date="1997-03-22" xml:lang="en">
<title>BARBADOS: CRICKET-INDIA 126-3 V BARBADOS - TEA 1ST DAY.</title>
<headline>CRICKET-INDIA 126-3 V BARBADOS - TEA 1ST DAY.</headline>
<dateline>BRIDGETOWN, Barbados 1997-03-22</dateline>
<text>
<p>India were 126 for three at tea on the opening day of their three-day match against Barbados at the Kensington Oval on Saturday.</p>
</text>
<copyright>(c) Reuters Limited 1997</copyright>
<metadata>
<codes class="bip:countries:1.0">
  <code code="BARB">
    <editdetail attribution="Reuters BIP Coding Group" action="confirmed" date="1997-03-22"/>
  </code>
  <code code="INDIA">
    <editdetail attribution="Reuters BIP Coding Group" action="confirmed" date="1997-03-22"/>
  </code>
</codes>
<codes class="bip:topics:1.0">
  <code code="GCAT">
    <editdetail attribution="Reuters BIP Coding Group" action="confirmed" date="1997-03-22"/>
  </code>
  <code code="GSPO">
    <editdetail attribution="Reuters BIP Coding Group" action="confirmed" date="1997-03-22"/>
  </code>
</codes>
<dc element="dc.date.created" value="1997-03-22"/>
<dc element="dc.publisher" value="Reuters Holdings Plc"/>
<dc element="dc.date.published" value="1997-03-22"/>
<dc element="dc.source" value="Reuters"/>
<dc element="dc.creator.location" value="BRIDGETOWN, Barbados"/>
<dc element="dc.creator.location.country.name" value="BARBADOS"/>
<dc element="dc.source" value="Reuters"/>
</metadata>
</newsitem>
