<?xml version="1.0" encoding="iso-8859-1" ?>
<newsitem itemid="461481" id="root" date="1997-03-22" xml:lang="en">
<title>CANADA: Petro-Canada lowers light oil prices.</title>
<headline>Petro-Canada lowers light oil prices.</headline>
<text>
<p>COMPANY	 EFF DATE	LT SWEET		LT SOUR</p>
<p>				CDLR/BBL CDLR/M3   CDLR/BBL   CDLR/M3</p>
<p>IMPERIAL OIL  03/18/97   29.41  185.00	28.14     177.00</p>
<p>SHELL CANADA  03/21/97   29.09  183.00	27.66     174.00</p>
<p>SUNCOR*	 03/19/97   29.41  185.00	27.98     176.00</p>
<p>PETRO-CANADA  03/21/97   29.09  183.00	28.14     177.00</p>
<p>KOCH OIL	03/18/97   29.25  184.00	27.82     175.00</p>
<p>Light sweet marker crude</p>
<p> at Edmonton/Swan Hills......40 API, 0.3 pct sulphur</p>
<p>Light sour at Cromer, Man....33 API, 1.1 pct sulphur *Suncor light sour...........35 API, 1.2 pct sulphur</p>
</text>
<copyright>(c) Reuters Limited 1997</copyright>
<metadata>
<codes class="bip:countries:1.0">
  <code code="CANA">
    <editdetail attribution="Reuters BIP Coding Group" action="confirmed" date="1997-03-22"/>
  </code>
</codes>
<codes class="bip:topics:1.0">
  <code code="M14">
    <editdetail attribution="Reuters BIP Coding Group" action="confirmed" date="1997-03-22"/>
  </code>
  <code code="M143">
    <editdetail attribution="Reuters BIP Coding Group" action="confirmed" date="1997-03-22"/>
  </code>
  <code code="MCAT">
    <editdetail attribution="Reuters BIP Coding Group" action="confirmed" date="1997-03-22"/>
  </code>
</codes>
<dc element="dc.publisher" value="Reuters Holdings Plc"/>
<dc element="dc.date.published" value="1997-03-22"/>
<dc element="dc.source" value="Reuters"/>
<dc element="dc.creator.location.country.name" value="CANADA"/>
<dc element="dc.source" value="Reuters"/>
</metadata>
</newsitem>
