<?xml version="1.0" encoding="iso-8859-1" ?>
<newsitem itemid="461438" id="root" date="1997-03-22" xml:lang="en">
<title>USA: NCAA-MEN'S COLLEGE BASKETBALL TOURNAMENT RESULTS.</title>
<headline>NCAA-MEN'S COLLEGE BASKETBALL TOURNAMENT RESULTS.</headline>
<dateline>NEW YORK 1997-03-21</dateline>
<text>
<p>Regional semifinal results</p>
<p>in the 1997 NCAA men's college basketball tournament on Friday</p>
<p>(prefix number denotes regional seeding):</p>
<p>Southeast Region (at Birmingham, Alabama)</p>
<p> 4-Arizona		85    1-Kansas		  82</p>
<p>10-Providence v 14-Tenn. Chattanooga</p>
<p>East Region (at Syracuse, New York)</p>
<p> 6-Louisville	   78    10-Texas		  63</p>
<p>1-North Carolina v 5-California</p>
</text>
<copyright>(c) Reuters Limited 1997</copyright>
<metadata>
<codes class="bip:countries:1.0">
  <code code="USA">
    <editdetail attribution="Reuters BIP Coding Group" action="confirmed" date="1997-03-22"/>
  </code>
</codes>
<codes class="bip:topics:1.0">
  <code code="GCAT">
    <editdetail attribution="Reuters BIP Coding Group" action="confirmed" date="1997-03-22"/>
  </code>
  <code code="GSPO">
    <editdetail attribution="Reuters BIP Coding Group" action="confirmed" date="1997-03-22"/>
  </code>
</codes>
<dc element="dc.date.created" value="1997-03-21"/>
<dc element="dc.publisher" value="Reuters Holdings Plc"/>
<dc element="dc.date.published" value="1997-03-22"/>
<dc element="dc.source" value="Reuters"/>
<dc element="dc.creator.location" value="NEW YORK"/>
<dc element="dc.creator.location.country.name" value="USA"/>
<dc element="dc.source" value="Reuters"/>
</metadata>
</newsitem>
