<?xml version="1.0" encoding="iso-8859-1" ?>
<newsitem itemid="461472" id="root" date="1997-03-22" xml:lang="en">
<title>SWITZERLAND: FIGURE SKATING-CANADIAN'S WITHDRAWAL TWISTS KNIFE FOR CHEN.</title>
<headline>FIGURE SKATING-CANADIAN'S WITHDRAWAL TWISTS KNIFE FOR CHEN.</headline>
<dateline>LAUSANNE, Switzerland 1997-03-22</dateline>
<text>
<p>Canadian champion Susan Humphreys withdrew from the world figure skating championships with a foot ailment on Saturday, adding a new twist to former champion Chen Lu's failure to qualify.</p>
<p>Humphreys pulled out with an infection caused by an abscess on her left ankle a day after qualifying as one of the 24 for Saturday's final.</p>
<p>Her success on Friday pushed Chen down to 25th place in the short programme, one spot outside the final and one place away from earning China a place in next year's Olympic and world championships.</p>
<p>Ironically, it was a foot injury that cost Chen four months of skating and caused her form to dip so far after winning two years ago and finishing second last year.</p>
<p>To add to the irony, Humphreys was the final skater to perform on Friday, at a point when Chen was 23rd out of 29. The Canadian missed her first two jumps and had she missed the third she would probably not have qualified.</p>
<p>But she landed it and finished 21st. Her scores scrambled the positions of the lower-placed skaters so that Chen dropped two places to 25th.</p>
<p>Humphreys's withdrawal also cost Canada their automatic qualifying spot for next winter's Olympics.</p>
<p>Chen and Humphreys will now both have to skate in a special event in Vienna to earn places for their countries in the Games.</p>
<p>There is no provision in the rules to restore Chen to the final 24 after the withdrawal of another skater.</p>
</text>
<copyright>(c) Reuters Limited 1997</copyright>
<metadata>
<codes class="bip:countries:1.0">
  <code code="CANA">
    <editdetail attribution="Reuters BIP Coding Group" action="confirmed" date="1997-03-22"/>
  </code>
  <code code="CHINA">
    <editdetail attribution="Reuters BIP Coding Group" action="confirmed" date="1997-03-22"/>
  </code>
  <code code="SWITZ">
    <editdetail attribution="Reuters BIP Coding Group" action="confirmed" date="1997-03-22"/>
  </code>
</codes>
<codes class="bip:topics:1.0">
  <code code="GCAT">
    <editdetail attribution="Reuters BIP Coding Group" action="confirmed" date="1997-03-22"/>
  </code>
  <code code="GSPO">
    <editdetail attribution="Reuters BIP Coding Group" action="confirmed" date="1997-03-22"/>
  </code>
</codes>
<dc element="dc.date.created" value="1997-03-22"/>
<dc element="dc.publisher" value="Reuters Holdings Plc"/>
<dc element="dc.date.published" value="1997-03-22"/>
<dc element="dc.source" value="Reuters"/>
<dc element="dc.creator.location" value="LAUSANNE, Switzerland"/>
<dc element="dc.creator.location.country.name" value="SWITZERLAND"/>
<dc element="dc.source" value="Reuters"/>
</metadata>
</newsitem>
