<?xml version="1.0" encoding="iso-8859-1" ?>
<newsitem itemid="461474" id="root" date="1997-03-22" xml:lang="en">
<title>ITALY: SOCCER-BAN ON SAMPDORIA PLAYER HALVED AFTER PROTESTS.</title>
<headline>SOCCER-BAN ON SAMPDORIA PLAYER HALVED AFTER PROTESTS.</headline>
<dateline>ROME 1997-03-22</dateline>
<text>
<p>The Italian soccer federation has halved a controversial four-match ban on Sampdoria defender Sinisa Mihajlovic after a referee had a change of heart, an official said on Saturday.</p>
<p>Yugoslavia's Mihajlovic was given the severe ban earlier this month following a Sunday league match, when he kicked the ball in the direction of the referee and insulted him after a penalty had been awarded to opponents Atalanta.</p>
<p>Sampdoria's general director Emiliano Salvarezza called the ban &quot;shameful and squalid&quot; and the club's fans held a minute's silence at the start of last Sunday's league encounter to protest against the punishment.</p>
<p>The federation's disciplinary committee reduced the ban to two games after the match referee Salvatore Racalbuto changed his report to say that Mihajlovic had kicked the ball &quot;towards&quot; him &quot;in a non-violent fashion&quot; and not &quot;against&quot; him, as he had previously written.</p>
<p>Mihajlovic will have to sit out this weekend's match against Piacenza but will be back for Sampdoria's subsequent league game against Parma.</p>
</text>
<copyright>(c) Reuters Limited 1997</copyright>
<metadata>
<codes class="bip:countries:1.0">
  <code code="ITALY">
    <editdetail attribution="Reuters BIP Coding Group" action="confirmed" date="1997-03-22"/>
  </code>
  <code code="YUG">
    <editdetail attribution="Reuters BIP Coding Group" action="confirmed" date="1997-03-22"/>
  </code>
</codes>
<codes class="bip:topics:1.0">
  <code code="GCAT">
    <editdetail attribution="Reuters BIP Coding Group" action="confirmed" date="1997-03-22"/>
  </code>
  <code code="GSPO">
    <editdetail attribution="Reuters BIP Coding Group" action="confirmed" date="1997-03-22"/>
  </code>
</codes>
<dc element="dc.date.created" value="1997-03-22"/>
<dc element="dc.publisher" value="Reuters Holdings Plc"/>
<dc element="dc.date.published" value="1997-03-22"/>
<dc element="dc.source" value="Reuters"/>
<dc element="dc.creator.location" value="ROME"/>
<dc element="dc.creator.location.country.name" value="ITALY"/>
<dc element="dc.source" value="Reuters"/>
</metadata>
</newsitem>
