<?xml version="1.0" encoding="iso-8859-1" ?>
<newsitem itemid="461444" id="root" date="1997-03-22" xml:lang="en">
<title>SPAIN: SOCCER-BETIS OVERTAKE BARCELONA TO GO SECOND IN SPAIN.</title>
<headline>SOCCER-BETIS OVERTAKE BARCELONA TO GO SECOND IN SPAIN.</headline>
<dateline>SEVILLE, Spain 1997-03-22</dateline>
<text>
<p>Real Betis overtook Barcelona to move into second place in the Spanish first division on Saturday after cruising to a 4-0 victory over Oviedo.</p>
<p>The result left Betis six points behind Real Madrid and three ahead of Barcelona. Leaders Real play Zaragoza on Sunday, while Barcelona face Sevilla in a game they must win by at least two goals to recapture second place on goal difference.</p>
<p>International striker Alfonso Perez was one of the Betis scorers and joined Barcelona's Brazilian prodigy Ronaldo at the top of the Spanish scoring list with 22 goals.</p>
<p>Betis chairman Manuel Ruiz de Lopera refused to allow television cameras into the game and may face a fine of over 200 million pesetas ($1.39 million) after leaving Spanish fans without a Saturday evening televised game on a league weekend for the first time in seven years.</p>
</text>
<copyright>(c) Reuters Limited 1997</copyright>
<metadata>
<codes class="bip:countries:1.0">
  <code code="SPAIN">
    <editdetail attribution="Reuters BIP Coding Group" action="confirmed" date="1997-03-22"/>
  </code>
</codes>
<codes class="bip:topics:1.0">
  <code code="GCAT">
    <editdetail attribution="Reuters BIP Coding Group" action="confirmed" date="1997-03-22"/>
  </code>
  <code code="GSPO">
    <editdetail attribution="Reuters BIP Coding Group" action="confirmed" date="1997-03-22"/>
  </code>
</codes>
<dc element="dc.date.created" value="1997-03-22"/>
<dc element="dc.publisher" value="Reuters Holdings Plc"/>
<dc element="dc.date.published" value="1997-03-22"/>
<dc element="dc.source" value="Reuters"/>
<dc element="dc.creator.location" value="SEVILLE, Spain"/>
<dc element="dc.creator.location.country.name" value="SPAIN"/>
<dc element="dc.source" value="Reuters"/>
</metadata>
</newsitem>
