<?xml version="1.0" encoding="iso-8859-1" ?>
<newsitem itemid="461457" id="root" date="1997-03-22" xml:lang="en">
<title>SWITZERLAND: FIGURE SKATING-KWAN INSPIRED BY HAMILTON.</title>
<headline>FIGURE SKATING-KWAN INSPIRED BY HAMILTON.</headline>
<dateline>LAUSANNE, Switzerland 1997-03-22</dateline>
<text>
<p>Michelle Kwan turned for inspiration to ailing former Olympic men's figure skating champion Scott Hamilton and recovered her self-respect on Saturday.</p>
<p>Kwan disclosed after moving from fourth to second place behind Tara Lipinski that she had thought a lot about Hamilton, who was diagnosed this week as sufering from testicular cancer.</p>
<p>&quot;I thought of Scott and that really put things in perspective. Here we are competing and there he is fighting for his life,&quot; she said.</p>
<p>The 1984 Olympic champion, 38, has begun chemotherapy treatment in an effort to beat the illness.</p>
<p>Kwan fell just short of retaining the title she won so spectacularly last year despite her best performance in the past month, during which she lost her U.S. National and Champions Series titles to Lipinski.</p>
<p>&quot;It's a wonderful feeling to fly again,&quot; she said.</p>
<p>&quot;I've been skating like a scared chicken, but I hope I've killed it off now.</p>
<p>&quot;Instead of feeling like I had to win, I wanted to have fun today. I've learned a lesson this year.</p>
<p>&quot;I enjoyed skating a lot more today.&quot;</p>
<p>Coach Frank Carroll said Kwan had learned a lesson.</p>
<p>&quot;When you're reigning champion, you still have to fight to retain your title. It's a whole new battle.</p>
<p>&quot;At the back of her mind she was still thinking she was champion,&quot; he said.</p>
</text>
<copyright>(c) Reuters Limited 1997</copyright>
<metadata>
<codes class="bip:countries:1.0">
  <code code="SWITZ">
    <editdetail attribution="Reuters BIP Coding Group" action="confirmed" date="1997-03-22"/>
  </code>
  <code code="USA">
    <editdetail attribution="Reuters BIP Coding Group" action="confirmed" date="1997-03-22"/>
  </code>
</codes>
<codes class="bip:topics:1.0">
  <code code="GCAT">
    <editdetail attribution="Reuters BIP Coding Group" action="confirmed" date="1997-03-22"/>
  </code>
  <code code="GSPO">
    <editdetail attribution="Reuters BIP Coding Group" action="confirmed" date="1997-03-22"/>
  </code>
</codes>
<dc element="dc.date.created" value="1997-03-22"/>
<dc element="dc.publisher" value="Reuters Holdings Plc"/>
<dc element="dc.date.published" value="1997-03-22"/>
<dc element="dc.source" value="Reuters"/>
<dc element="dc.creator.location" value="LAUSANNE, Switzerland"/>
<dc element="dc.creator.location.country.name" value="SWITZERLAND"/>
<dc element="dc.source" value="Reuters"/>
</metadata>
</newsitem>
