<?xml version="1.0" encoding="iso-8859-1" ?>
<newsitem itemid="461456" id="root" date="1997-03-22" xml:lang="en">
<title>NETHERLANDS: SOCCER-DUTCH FIRST DIVISION RESULTS/STANDINGS.</title>
<headline>SOCCER-DUTCH FIRST DIVISION RESULTS/STANDINGS.</headline>
<dateline>AMSTERDAM 1997-03-22</dateline>
<text>
<p>Results of Dutch first</p>
<p>division soccer matches played on Saturday:</p>
<p> Fortuna Sittard  2  Sparta Rotterdam  1</p>
<p> PSV Eindhoven    0  Heerenveen	  1</p>
<p>Played on Friday:</p>
<p> Groningen	  2  NAC Breda	   2</p>
<p>Playing on Sunday:</p>
<p> Volendam	   v  Roda JC Kerkrade  </p>
<p> AZ Alkmaar	 v  Feyenoord	   </p>
<p> Twente Enschede  v  NEC Nijmegen	</p>
<p> RKC Waalwijk     v  Ajax Amsterdam    </p>
<p>    Standings		  Pl   W  D   L   F  A  Pts</p>
<p>  1.PSV Eindhoven	    26  18  4   4  67  18  58</p>
<p>  2.Feyenoord		  25  17  4   4  45  24  55</p>
<p>  3.Twente Enschede	  25  16  4   5  42  19  52</p>
<p>  4.Ajax Amsterdam	   24  11  9   4  33  20  42</p>
<p>  5.Vitesse Arnhem	   25  12  6   7  42  30  42</p>
<p>  6.Heerenveen		 25  10 10   5  42  31  40</p>
<p>  7.Roda JC Kerkrade	 25  11  6   8  35  33  39</p>
<p>  8.NAC Breda		  26  10  6  10  34  38  36</p>
<p>  9.Graafschap Doetinchem  25  10  4  11  38  38  34</p>
<p> 10.Willem II Tilburg	25   8  5  12  29  39  29</p>
<p> 11.Utrecht		    25   6 10   9  30  33  28</p>
<p> 12.Fortuna Sittard	  26   6 10  10  23  39  28</p>
<p> 13.Volendam		   25   6  8  11  24  40  26</p>
<p> 14.Sparta Rotterdam	 24   7  4  13  27  34  25</p>
<p> 15.Groningen		  26   5 10  11  29  48  25</p>
<p> 16.AZ Alkmaar		 25   5  5  15  20  32  20</p>
<p> 17.NEC Nijmegen	     25   4  8  13  25  46  20</p>
<p> 18.RKC Waalwijk	     25   4  7  14  24  47  19</p>
</text>
<copyright>(c) Reuters Limited 1997</copyright>
<metadata>
<codes class="bip:countries:1.0">
  <code code="NETH">
    <editdetail attribution="Reuters BIP Coding Group" action="confirmed" date="1997-03-22"/>
  </code>
</codes>
<codes class="bip:topics:1.0">
  <code code="GCAT">
    <editdetail attribution="Reuters BIP Coding Group" action="confirmed" date="1997-03-22"/>
  </code>
  <code code="GSPO">
    <editdetail attribution="Reuters BIP Coding Group" action="confirmed" date="1997-03-22"/>
  </code>
</codes>
<dc element="dc.date.created" value="1997-03-22"/>
<dc element="dc.publisher" value="Reuters Holdings Plc"/>
<dc element="dc.date.published" value="1997-03-22"/>
<dc element="dc.source" value="Reuters"/>
<dc element="dc.creator.location" value="AMSTERDAM"/>
<dc element="dc.creator.location.country.name" value="NETHERLANDS"/>
<dc element="dc.source" value="Reuters"/>
</metadata>
</newsitem>
