<?xml version="1.0" encoding="iso-8859-1" ?>
<newsitem itemid="461404" id="root" date="1997-03-22" xml:lang="en">
<title>SOUTH AFRICA: RUGBY UNION-FREE STATE BEAT NATAL 45-40 IN SUPER 12 MATCH.</title>
<headline>RUGBY UNION-FREE STATE BEAT NATAL 45-40 IN SUPER 12 MATCH.</headline>
<dateline>BLOEMFONTEIN, South Africa 1997-03-22</dateline>
<text>
<p>Free State beat Natal 45-40 (halftime 27-16) in their Super 12 rugby union match on Saturday.</p>
<p>Scorers:</p>
<p>Free State - Tries: Jaco Coetzee, Braam Els, Chris Badenhorst. Conversions: Jannie de Beer (2), M.J.Smith. Penalties: Jorrie Kruger, Smith(7).</p>
<p>Natal - Tries: Dirkie Strydom, Wayne Fyvie, John Allan, Ollie le Roux, Gary Teichmann. Conversions: Gavin Lawless (3). Penalties: Lawless (3).</p>
</text>
<copyright>(c) Reuters Limited 1997</copyright>
<metadata>
<codes class="bip:countries:1.0">
  <code code="SAFR">
    <editdetail attribution="Reuters BIP Coding Group" action="confirmed" date="1997-03-22"/>
  </code>
</codes>
<codes class="bip:topics:1.0">
  <code code="GCAT">
    <editdetail attribution="Reuters BIP Coding Group" action="confirmed" date="1997-03-22"/>
  </code>
  <code code="GSPO">
    <editdetail attribution="Reuters BIP Coding Group" action="confirmed" date="1997-03-22"/>
  </code>
</codes>
<dc element="dc.date.created" value="1997-03-22"/>
<dc element="dc.publisher" value="Reuters Holdings Plc"/>
<dc element="dc.date.published" value="1997-03-22"/>
<dc element="dc.source" value="Reuters"/>
<dc element="dc.creator.location" value="BLOEMFONTEIN, South Africa"/>
<dc element="dc.creator.location.country.name" value="SOUTH AFRICA"/>
<dc element="dc.source" value="Reuters"/>
</metadata>
</newsitem>
