<?xml version="1.0" encoding="iso-8859-1" ?>
<newsitem itemid="461425" id="root" date="1997-03-22" xml:lang="en">
<title>AUSTRALIA: CRICKET-SHEFFIELD SHIELD FINAL CLOSE OF PLAY SCORE.</title>
<headline>CRICKET-SHEFFIELD SHIELD FINAL CLOSE OF PLAY SCORE.</headline>
<dateline>PERTH, Australia 1997-03-22</dateline>
<text>
<p>Western Australia, replying to Queensland's first innings total of 320, were 164 for nine at the close on the second day of the five-day Sheffield Shield final at the WACA on Saturday.</p>
<p>Scores: Queensland 320 (Matthew Mott 86, Stuart Law 70, Trevor Barsby 67); Western Australia 164 for nine (Murray Goodwin 63; Adam Dale 6-38).</p>
</text>
<copyright>(c) Reuters Limited 1997</copyright>
<metadata>
<codes class="bip:countries:1.0">
  <code code="AUSTR">
    <editdetail attribution="Reuters BIP Coding Group" action="confirmed" date="1997-03-22"/>
  </code>
</codes>
<codes class="bip:topics:1.0">
  <code code="GCAT">
    <editdetail attribution="Reuters BIP Coding Group" action="confirmed" date="1997-03-22"/>
  </code>
  <code code="GSPO">
    <editdetail attribution="Reuters BIP Coding Group" action="confirmed" date="1997-03-22"/>
  </code>
</codes>
<dc element="dc.date.created" value="1997-03-22"/>
<dc element="dc.publisher" value="Reuters Holdings Plc"/>
<dc element="dc.date.published" value="1997-03-22"/>
<dc element="dc.source" value="Reuters"/>
<dc element="dc.creator.location" value="PERTH, Australia"/>
<dc element="dc.creator.location.country.name" value="AUSTRALIA"/>
<dc element="dc.source" value="Reuters"/>
</metadata>
</newsitem>
