<?xml version="1.0" encoding="iso-8859-1" ?>
<newsitem itemid="461454" id="root" date="1997-03-22" xml:lang="en">
<title>SWITZERLAND: FIGURE SKATING-TARA LIPINSKI'S COMPETITION RECORD.</title>
<headline>FIGURE SKATING-TARA LIPINSKI'S COMPETITION RECORD.</headline>
<dateline>LAUSANNE, Switzerland 1997-03-22</dateline>
<text>
<p>Competition</p>
<p>record of Tara Lipinski, who became the youngest-ever world</p>
<p>women's figure skating champion on Saturday:</p>
<p>1994 Southwestern Novice - 1st</p>
<p>1994 Midwestern Novice - 1st</p>
<p>1994 National Novice - 2nd</p>
<p>1994 U.S. Olympic Festival - 1st</p>
<p>1994 Blue Swords - 1st</p>
<p>1995 World Junior Championships - 4th</p>
<p>1995 National Juniors - 2nd</p>
<p>1995 Nebelhorn Trophy - 4th</p>
<p>1996 World Junior selections competition - 2nd</p>
<p>1996 World Juniors - 5th</p>
<p>1996 South Atlantic Juniors - 1st</p>
<p>1996 National Championships - 3rd</p>
<p>1996 World Championships - 15th</p>
<p>1996 Skate Canada - 2nd</p>
<p>1996 Trophee Lalique - 3rd</p>
<p>1996 Nations Cup - 2nd</p>
<p>1997 National Championships - 1st</p>
<p>1997 Champions Series final - 1st</p>
<p>1997 World Championships - 1st.</p>
</text>
<copyright>(c) Reuters Limited 1997</copyright>
<metadata>
<codes class="bip:countries:1.0">
  <code code="SWITZ">
    <editdetail attribution="Reuters BIP Coding Group" action="confirmed" date="1997-03-22"/>
  </code>
  <code code="USA">
    <editdetail attribution="Reuters BIP Coding Group" action="confirmed" date="1997-03-22"/>
  </code>
</codes>
<codes class="bip:topics:1.0">
  <code code="GCAT">
    <editdetail attribution="Reuters BIP Coding Group" action="confirmed" date="1997-03-22"/>
  </code>
  <code code="GSPO">
    <editdetail attribution="Reuters BIP Coding Group" action="confirmed" date="1997-03-22"/>
  </code>
</codes>
<dc element="dc.date.created" value="1997-03-22"/>
<dc element="dc.publisher" value="Reuters Holdings Plc"/>
<dc element="dc.date.published" value="1997-03-22"/>
<dc element="dc.source" value="Reuters"/>
<dc element="dc.creator.location" value="LAUSANNE, Switzerland"/>
<dc element="dc.creator.location.country.name" value="SWITZERLAND"/>
<dc element="dc.source" value="Reuters"/>
</metadata>
</newsitem>
