<?xml version="1.0" encoding="iso-8859-1" ?>
<newsitem itemid="461421" id="root" date="1997-03-22" xml:lang="en">
<title>NEW ZEALAND: CRICKET-RAIN AGAIN HITS NZ-SRI LANKA ONE-DAYER.</title>
<headline>CRICKET-RAIN AGAIN HITS NZ-SRI LANKA ONE-DAYER.</headline>
<dateline>AUCKLAND 1996-03-23</dateline>
<text>
<p>Rain delayed the start of play in the one-day international between Sri Lanka and New Zealand at Eden Park on Sunday.</p>
<p>The match, the first of the scheduled three-game series, was originally scheduled for Saturday but was postponed because of heavy rain.</p>
<p>The provisional start time is now 11.00 a.m. (2300 GMT) but commentators said it appeared unlikely play would get underway by then.</p>
</text>
<copyright>(c) Reuters Limited 1997</copyright>
<metadata>
<codes class="bip:countries:1.0">
  <code code="NZ">
    <editdetail attribution="Reuters BIP Coding Group" action="confirmed" date="1997-03-22"/>
  </code>
  <code code="SRILAN">
    <editdetail attribution="Reuters BIP Coding Group" action="confirmed" date="1997-03-22"/>
  </code>
</codes>
<codes class="bip:topics:1.0">
  <code code="GCAT">
    <editdetail attribution="Reuters BIP Coding Group" action="confirmed" date="1997-03-22"/>
  </code>
  <code code="GSPO">
    <editdetail attribution="Reuters BIP Coding Group" action="confirmed" date="1997-03-22"/>
  </code>
</codes>
<dc element="dc.date.created" value="1996-03-23"/>
<dc element="dc.publisher" value="Reuters Holdings Plc"/>
<dc element="dc.date.published" value="1997-03-22"/>
<dc element="dc.source" value="Reuters"/>
<dc element="dc.creator.location" value="AUCKLAND"/>
<dc element="dc.creator.location.country.name" value="NEW ZEALAND"/>
<dc element="dc.source" value="Reuters"/>
</metadata>
</newsitem>
