<?xml version="1.0" encoding="iso-8859-1" ?>
<newsitem itemid="461410" id="root" date="1997-03-22" xml:lang="en">
<title>RUSSIA: SOCCER-RUSSIAN PREMIER LEAGUE STANDINGS.</title>
<headline>SOCCER-RUSSIAN PREMIER LEAGUE STANDINGS.</headline>
<dateline>MOSCOW 1997-03-22</dateline>
<text>
<p>Russian premier league standings</p>
<p>following matches played on Saturday:</p>
<p>				     P    W   D   L    F    A   PTS</p>
<p> Spartak Moscow		  2    2   0   0    4    0    6</p>
<p> Krylya Sovietov Samara	2    2   0   0    2    0    6</p>
<p> Rotor Volgograd		 2    1   1   0    6    1    4</p>
<p> Torpedo LM Moscow	     2    1   1   0    4    2    4</p>
<p> Dynamo Moscow		   2    1   1   0    2    0    4</p>
<p> Rostselmash Rostov	    2    1   1   0    3    2    4</p>
<p> Baltika Kaliningrad	   2    1   1   0    2    1    4</p>
<p> Zenit St Petersburg	   2    1   1   0    1    0    4</p>
<p> CSKA Moscow		     2    1   0   1    2    3    3 </p>
<p> Alania Vladikavkaz	    2    1   0   1    6    2    3 </p>
<p> Lokomotiv Moscow		2    0   2   0    3    3    2 </p>
<p> Chernomorets Novorossiisk   2    0   2   0    3    3    2 </p>
<p> Zhemchuzhina Sochi	    2    0   1   1    2    3    1 </p>
<p> Dynamo-Gazovik Tyumen	 2    0   1   1    1    2    1 </p>
<p> Lokomotiv Nizhny Novgorod   2    0   0   2    0    2    0 </p>
<p> Fakel Voronezh		  2    0   0   2    0    2    0 </p>
<p> Shinnik Yaroslavl	     2    0   0   2    1    6    0 </p>
<p> KamAZ Naberezhniye Chelny   2    0   0   2    0   10    0</p>
</text>
<copyright>(c) Reuters Limited 1997</copyright>
<metadata>
<codes class="bip:countries:1.0">
  <code code="RUSS">
    <editdetail attribution="Reuters BIP Coding Group" action="confirmed" date="1997-03-22"/>
  </code>
</codes>
<codes class="bip:topics:1.0">
  <code code="GCAT">
    <editdetail attribution="Reuters BIP Coding Group" action="confirmed" date="1997-03-22"/>
  </code>
  <code code="GSPO">
    <editdetail attribution="Reuters BIP Coding Group" action="confirmed" date="1997-03-22"/>
  </code>
</codes>
<dc element="dc.date.created" value="1997-03-22"/>
<dc element="dc.publisher" value="Reuters Holdings Plc"/>
<dc element="dc.date.published" value="1997-03-22"/>
<dc element="dc.source" value="Reuters"/>
<dc element="dc.creator.location" value="MOSCOW"/>
<dc element="dc.creator.location.country.name" value="RUSSIA"/>
<dc element="dc.source" value="Reuters"/>
</metadata>
</newsitem>
