<?xml version="1.0" encoding="iso-8859-1" ?>
<newsitem itemid="461490" id="root" date="1997-03-22" xml:lang="en">
<title>USA: Teche Holding stake held by Tontine group.</title>
<headline>Teche Holding stake held by Tontine group.</headline>
<dateline>WASHINGTON 1997-03-21</dateline>
<text>
<p>A group led by Tontine Financial Partners LP on Friday said it held a 5.5 percent stake in Teche Holding Co, or 187,500 common shares.</p>
<p>In a filing with the U.S. Securities and Exchange Commission, the group said its latest transactions included the purchase of of 46,600 common shares between January 23 and March 12 at prices ranging from $15.05 to $15.90 per share.</p>
<p>The stake is held for investment purposes, the group said.</p>
<p>Teche, based in Franklin, La., is the holding company for Teche Federal Savings Bank.</p>
</text>
<copyright>(c) Reuters Limited 1997</copyright>
<metadata>
<codes class="bip:countries:1.0">
  <code code="USA">
    <editdetail attribution="Reuters BIP Coding Group" action="confirmed" date="1997-03-22"/>
  </code>
</codes>
<codes class="bip:topics:1.0">
  <code code="C18">
    <editdetail attribution="Reuters BIP Coding Group" action="confirmed" date="1997-03-22"/>
  </code>
  <code code="C181">
    <editdetail attribution="Reuters BIP Coding Group" action="confirmed" date="1997-03-22"/>
  </code>
  <code code="CCAT">
    <editdetail attribution="Reuters BIP Coding Group" action="confirmed" date="1997-03-22"/>
  </code>
</codes>
<dc element="dc.date.created" value="1997-03-21"/>
<dc element="dc.publisher" value="Reuters Holdings Plc"/>
<dc element="dc.date.published" value="1997-03-22"/>
<dc element="dc.source" value="Reuters"/>
<dc element="dc.creator.location" value="WASHINGTON"/>
<dc element="dc.creator.location.country.name" value="USA"/>
<dc element="dc.source" value="Reuters"/>
</metadata>
</newsitem>
