<?xml version="1.0" encoding="iso-8859-1" ?>
<newsitem itemid="461482" id="root" date="1997-03-22" xml:lang="en">
<title>CANADA: Volvo says completes Champion takeover.</title>
<headline>Volvo says completes Champion takeover.</headline>
<dateline>TORONTO 1997-03-22</dateline>
<text>
<p>AB Volvo unit Volvo Construction Equipment N.V. said on Saturday that about 11,390,050 common shares or 98.8 percent of Champion Road Machinery Ltd had been deposited under a previously announced C$15 a share takeover bid by its Canadian unit.</p>
<p>It said all conditions in the offer, which expired at midnight Toronto time on March 21, had been fulfilled or waived and that it intended to take up the remaining shares under compulsory acquisition procedures.</p>
<p>It said the offer for the Goderich, Ontario-based maker of road-building and road maintenance equipment totalled about C$173 million, equivalent to about 955 million kroner.</p>
<p>(Reuters Toronto bureau 416-941-8100)</p>
</text>
<copyright>(c) Reuters Limited 1997</copyright>
<metadata>
<codes class="bip:countries:1.0">
  <code code="CANA">
    <editdetail attribution="Reuters BIP Coding Group" action="confirmed" date="1997-03-22"/>
  </code>
  <code code="SWED">
    <editdetail attribution="Reuters BIP Coding Group" action="confirmed" date="1997-03-22"/>
  </code>
</codes>
<codes class="bip:industries:1.0">
  <code code="I35000">
    <editdetail attribution="Reuters BIP Coding Group" action="confirmed" date="1997-03-22"/>
  </code>
</codes>
<codes class="bip:topics:1.0">
  <code code="C18">
    <editdetail attribution="Reuters BIP Coding Group" action="confirmed" date="1997-03-22"/>
  </code>
  <code code="C181">
    <editdetail attribution="Reuters BIP Coding Group" action="confirmed" date="1997-03-22"/>
  </code>
  <code code="CCAT">
    <editdetail attribution="Reuters BIP Coding Group" action="confirmed" date="1997-03-22"/>
  </code>
</codes>
<dc element="dc.date.created" value="1997-03-22"/>
<dc element="dc.publisher" value="Reuters Holdings Plc"/>
<dc element="dc.date.published" value="1997-03-22"/>
<dc element="dc.source" value="Reuters"/>
<dc element="dc.creator.location" value="TORONTO"/>
<dc element="dc.creator.location.country.name" value="CANADA"/>
<dc element="dc.source" value="Reuters"/>
</metadata>
</newsitem>
