<?xml version="1.0" encoding="iso-8859-1" ?>
<newsitem itemid="461459" id="root" date="1997-03-22" xml:lang="en">
<title>GERMANY: SOCCER-DORTMUND DEFEAT HELPS LEVERKUSEN TO SECOND PLACE.</title>
<headline>SOCCER-DORTMUND DEFEAT HELPS LEVERKUSEN TO SECOND PLACE.</headline>
<dateline>BONN 1997-03-22</dateline>
<text>
<p>Bayer Leverkusen leapfrogged to second place in the Bundesliga on Saturday when they won 1-0 at Freiburg as Borussia Dortmund suffered an embarrassing 3-1 home defeat to lowly Borussia Moechengladbach.</p>
<p>Striker Ulf Kirsten, with a 57th-minute penalty, and midfielder Paulo Sergio in the 61st minute, secured Leverkusen a victory which pushed reigning champions Dortmund into third place.</p>
<p>On Friday VfB Stuttgart stormed to the top of the league by beating Fortuna Duesseldorf 4-0 away.</p>
<p>Bayern Munich, who dropped to fourth place on Saturday, meet seventh-placed Karlsruhe on Sunday when a win would put them back on top.</p>
<p>Stuttgart and Leverkusen have 47 points, with Dortmund and Bayern both on 46.</p>
<p>In other games on Saturday Hamburg drew 2-2 at home with Bochum, St Pauli won 1-0 at Cologne and 1860 Munich beat Hansa Rostock 2-0.</p>
</text>
<copyright>(c) Reuters Limited 1997</copyright>
<metadata>
<codes class="bip:countries:1.0">
  <code code="GFR">
    <editdetail attribution="Reuters BIP Coding Group" action="confirmed" date="1997-03-22"/>
  </code>
</codes>
<codes class="bip:topics:1.0">
  <code code="GCAT">
    <editdetail attribution="Reuters BIP Coding Group" action="confirmed" date="1997-03-22"/>
  </code>
  <code code="GSPO">
    <editdetail attribution="Reuters BIP Coding Group" action="confirmed" date="1997-03-22"/>
  </code>
</codes>
<dc element="dc.date.created" value="1997-03-22"/>
<dc element="dc.publisher" value="Reuters Holdings Plc"/>
<dc element="dc.date.published" value="1997-03-22"/>
<dc element="dc.source" value="Reuters"/>
<dc element="dc.creator.location" value="BONN"/>
<dc element="dc.creator.location.country.name" value="GERMANY"/>
<dc element="dc.source" value="Reuters"/>
</metadata>
</newsitem>
