<?xml version="1.0" encoding="iso-8859-1" ?>
<newsitem itemid="461496" id="root" date="1997-03-22" xml:lang="en">
<title>USA: Union Acceptance sets tighter collections.</title>
<headline>Union Acceptance sets tighter collections.</headline>
<dateline>INDIANAPOLIS 1997-03-21</dateline>
<text>
<p>Union Acceptance Corp on Friday said a shift to a tighter collection policy was causing its delinquency and loss rate to rise.</p>
<p>The delinquency rate at February 28 was 3.35 percent, up from 2.71 percent a year ago, while the annualized loss rate for the eight months ended February 28 was 2.32 percent, up from 1.47 percent a year ago.  </p>
<p>&quot;Due to concerns about overall consumer debt levels and increases in bankruptcy rates in the economy in general, management has proactively taken steps to tighten both origination and collection policies,&quot; the company said in news release.</p>
<p>The statement was issued late Friday, after the company's stock fell 4-3/8 to 14-3/8. Earlier, Prudential Securities analyst Michael Durante lowered his rating on the stock to sell from buy, based on expectations for higher loan losses.</p>
<p>The company said its loss rate was rising because it is recognizing delinquencies and losses quicker.  </p>
<p>But Durante said in an interview the change in collection policy was evidence that Union Acceptance understated loan chargeoffs in previous periods.</p>
<p>He said Union Acceptance, a prime auto loan lender, was a solid company, but the credit cycle would pressure earnings for the next several quarters.</p>
<p>&quot;I'm not saying that this company is going out of business,&quot; Durante said. &quot;I think Union Acceptance is a solid auto lender.&quot;</p>
<p>Union Acceptance also said it reached an agreement with private investors to issue $65 million in senior unsecured debt at 135 basis points over the relevant Treasury rate. This was well below the rate the company expected to be charged, Richard Waterfield, director of investor relations, said Friday.</p>
<p>((Chicago newsdesk, 312-408-8787))</p>
</text>
<copyright>(c) Reuters Limited 1997</copyright>
<metadata>
<codes class="bip:countries:1.0">
  <code code="USA">
    <editdetail attribution="Reuters BIP Coding Group" action="confirmed" date="1997-03-22"/>
  </code>
</codes>
<codes class="bip:industries:1.0">
  <code code="I81501">
    <editdetail attribution="Reuters BIP Coding Group" action="confirmed" date="1997-03-22"/>
  </code>
</codes>
<codes class="bip:topics:1.0">
  <code code="C15">
    <editdetail attribution="Reuters BIP Coding Group" action="confirmed" date="1997-03-22"/>
  </code>
  <code code="C151">
    <editdetail attribution="Reuters BIP Coding Group" action="confirmed" date="1997-03-22"/>
  </code>
  <code code="CCAT">
    <editdetail attribution="Reuters BIP Coding Group" action="confirmed" date="1997-03-22"/>
  </code>
</codes>
<dc element="dc.date.created" value="1997-03-21"/>
<dc element="dc.publisher" value="Reuters Holdings Plc"/>
<dc element="dc.date.published" value="1997-03-22"/>
<dc element="dc.source" value="Reuters"/>
<dc element="dc.creator.location" value="INDIANAPOLIS"/>
<dc element="dc.creator.location.country.name" value="USA"/>
<dc element="dc.source" value="Reuters"/>
</metadata>
</newsitem>
