<?xml version="1.0" encoding="iso-8859-1" ?>
<newsitem itemid="461560" id="root" date="1997-03-22" xml:lang="en">
<title>POLAND: Polish National Assembly passes new constitution.</title>
<headline>Polish National Assembly passes new constitution.</headline>
<dateline>WARSAW 1997-03-22</dateline>
<text>
<p>Poland's national assembly of both houses of parliament on Saturday passed a new constitution which replaces the obsolete 1952 communist era law eight years after the fall of communism in Poland.</p>
<p>The National Assembly voted 461 to 31 with five abstentions in favour of the new constitution which will now go to President Aleksander Kwasniewski, who is not expected to introduce any major changes.</p>
<p>&quot;I announce that the National Assembly, with a majority of two thirds of votes, passed the constitution of the Republic of Poland,&quot; lower house speaker Jozef Zych told the assembly.  </p>
<p>Deputies greeted the passing of the bill with a standing ovation and sang Poland's national anthem.</p>
<p>&quot;This constitution, passed in fully democratic conditions ...stresses and protects citizen and human rights, as well as strengthens the state by boosting its executive powers,&quot; Zych said.</p>
<p>&quot;It ensures the development of a market economy at the same time as guaranteeing the necessary level of social security of citizens,&quot; he added.</p>
<p>The president has 60 days to introduce amendments to the draft, but Kwasniewski, who was present during the vote, has already said he would not take longer than a few days.</p>
<p>The bill will then return to the National Assembly for a final reading and vote and will then be submitted to a national referendum, probably on May 25.</p>
<p>The new constitution guarantees free publicly-funded basic health care for all regardless of income and free education, although the draft admits the possibility of some charges for higher state education.</p>
<p>The presidency would be slightly weakened, with parliament allowed to overturn the president's veto with three-fifths of votes in the lower house rather than the present two-thirds majority.</p>
<p>The president would also have less say in appointments in the foreign, defence and interior ministries.</p>
<p>The draft states that &quot;the Polish state guarantees legal protection of every man's life&quot; but does not specify whether from the moment of conception or birth.</p>
<p>It enshrines equal rights for all churches and religious oragnisations and the state's impartiality towards all religious beliefs.</p>
<p>Poland's economic system is to be a &quot;social market economy based on the freedom of economic enterprise, private property as well as solidarity, dialogue and the cooperation of social partners.&quot;</p>
<p>Deputies, who have worked on the draft for three years, were keen to pass the new charter before general elections due this autumn because a different government might order work on re-writing the constitution to start all over again.</p>
<p>According to the latest opinion polls, rightist parties supportive of the Catholic Church are likely to do well in parliamentary elections, replacing the legislature's current domination by ex-communists.</p>
<p>The rightist parties, mostly grouped around the Solidarity trade union, support their own draft constitution, in which the Christian idea of natural law takes precedence over codified laws.</p>
<p>-- Warsaw Newsroom +48 22 653 9700</p>
</text>
<copyright>(c) Reuters Limited 1997</copyright>
<metadata>
<codes class="bip:countries:1.0">
  <code code="POL">
    <editdetail attribution="Reuters BIP Coding Group" action="confirmed" date="1997-03-22"/>
  </code>
</codes>
<codes class="bip:topics:1.0">
  <code code="GCAT">
    <editdetail attribution="Reuters BIP Coding Group" action="confirmed" date="1997-03-22"/>
  </code>
  <code code="GPOL">
    <editdetail attribution="Reuters BIP Coding Group" action="confirmed" date="1997-03-22"/>
  </code>
</codes>
<dc element="dc.date.created" value="1997-03-22"/>
<dc element="dc.publisher" value="Reuters Holdings Plc"/>
<dc element="dc.date.published" value="1997-03-22"/>
<dc element="dc.source" value="Reuters"/>
<dc element="dc.creator.location" value="WARSAW"/>
<dc element="dc.creator.location.country.name" value="POLAND"/>
<dc element="dc.source" value="Reuters"/>
</metadata>
</newsitem>
