<?xml version="1.0" encoding="iso-8859-1" ?>
<newsitem itemid="461571" id="root" date="1997-03-22" xml:lang="en">
<title>COLOMBIA: Five die in Colombian bus crash.</title>
<headline>Five die in Colombian bus crash.</headline>
<dateline>BOGOTA 1997-03-22</dateline>
<text>
<p>Two buses collided on one of Colombia's main highways on Saturday, killing five people and injuring more than 30 others, Red Cross officials said.</p>
<p>The accident took place on the freeway between Bogota and Medellin, the country's third largest city, forcing police to close the road for more than an hour.</p>
<p>Red Cross spokesman Nicolas Perez told reporters most of the dead and injured were going on vacation at the start of Easter week. The exact cause of the crash was under investigation, Perez said.</p>
</text>
<copyright>(c) Reuters Limited 1997</copyright>
<metadata>
<codes class="bip:countries:1.0">
  <code code="COL">
    <editdetail attribution="Reuters BIP Coding Group" action="confirmed" date="1997-03-22"/>
  </code>
</codes>
<codes class="bip:topics:1.0">
  <code code="GCAT">
    <editdetail attribution="Reuters BIP Coding Group" action="confirmed" date="1997-03-22"/>
  </code>
  <code code="GDIS">
    <editdetail attribution="Reuters BIP Coding Group" action="confirmed" date="1997-03-22"/>
  </code>
</codes>
<dc element="dc.date.created" value="1997-03-22"/>
<dc element="dc.publisher" value="Reuters Holdings Plc"/>
<dc element="dc.date.published" value="1997-03-22"/>
<dc element="dc.source" value="Reuters"/>
<dc element="dc.creator.location" value="BOGOTA"/>
<dc element="dc.creator.location.country.name" value="COLOMBIA"/>
<dc element="dc.source" value="Reuters"/>
</metadata>
</newsitem>
