<?xml version="1.0" encoding="iso-8859-1" ?>
<newsitem itemid="461569" id="root" date="1997-03-22" xml:lang="en">
<title>COLOMBIA: Colombian police seize fruit-flavored cocaine.</title>
<headline>Colombian police seize fruit-flavored cocaine.</headline>
<dateline>BOGOTA 1997-03-22</dateline>
<text>
<p>Anti-narcotics police in Bogota seized 340 pounds (156 kg) of fruit-flavored cocaine bound for Miami on Saturday, the authorities said.</p>
<p>The drug had been mixed with crushed blackberries and pineapples in order to mask the smell and fool police sniffer dogs.</p>
<p>Police said the cocaine would have been separated from the fruit on arrival in the United States by mixing it with sulphuric acid. Three men and a woman were arrested in the operation, a police spokesman said.</p>
<p>International drug traffickers have used a variety of methods to try and smuggle cocaine into the United States, including mixing it with other materials to make seemingly inoffensive dog kennels, fencing posts and wigs.</p>
<p>U.S. anti-narcotics agents estimate Colombia supplies 80 percent of the world's cocaine.</p>
</text>
<copyright>(c) Reuters Limited 1997</copyright>
<metadata>
<codes class="bip:countries:1.0">
  <code code="COL">
    <editdetail attribution="Reuters BIP Coding Group" action="confirmed" date="1997-03-22"/>
  </code>
  <code code="USA">
    <editdetail attribution="Reuters BIP Coding Group" action="confirmed" date="1997-03-22"/>
  </code>
</codes>
<codes class="bip:topics:1.0">
  <code code="GCAT">
    <editdetail attribution="Reuters BIP Coding Group" action="confirmed" date="1997-03-22"/>
  </code>
  <code code="GCRIM">
    <editdetail attribution="Reuters BIP Coding Group" action="confirmed" date="1997-03-22"/>
  </code>
</codes>
<dc element="dc.date.created" value="1997-03-22"/>
<dc element="dc.publisher" value="Reuters Holdings Plc"/>
<dc element="dc.date.published" value="1997-03-22"/>
<dc element="dc.source" value="Reuters"/>
<dc element="dc.creator.location" value="BOGOTA"/>
<dc element="dc.creator.location.country.name" value="COLOMBIA"/>
<dc element="dc.source" value="Reuters"/>
</metadata>
</newsitem>
