<?xml version="1.0" encoding="iso-8859-1" ?>
<newsitem itemid="461546" id="root" date="1997-03-22" xml:lang="en">
<title>KENYA: U.N. envoy to meet Zaire rebel leader.</title>
<headline>U.N. envoy to meet Zaire rebel leader.</headline>
<byline>Buchizya Mseteka</byline>
<dateline>NAIROBI 1997-03-22</dateline>
<text>
<p>U.N. special envoy Mohamed Sahnoun flew to the northeastern Zairean city of Kisangani on Saturday for talks with Zaire's rebel leader Laurent Kabila, diplomats said.</p>
<p>They said Sahnoun, joint envoy of the United Nations and the Organisation of African Unity, was believed to be carrying a special message and proposals for a ceasefire in Zaire.</p>
<p>&quot;He has gone to see Kabila. We are made to understand that he is carrying a special message for Kabila,&quot; a diplomat told Reuters.</p>
<p>&quot;We are also made to understand he is going to present new proposals on a possibility for a ceasefire in Zaire,&quot; said the diplomat, who asked not to be identified.</p>
<p>A political source told Reuters that Kabila was coming under heavy pressure to call a ceasefire, especially after President Mobutu Sese Seko said on Thursday he no longer ruled out talks with the rebel Alliance of Democratic Forces for the Liberation of Congo-Zaire (ADFL).</p>
<p>&quot;He is under immense pressure to call for a ceasefire and he now risks being labelled 'the bad boy' if he continues to refuse to do so,&quot; the source said.</p>
<p>Sahnoun was expected to head for the capital Kinshasa, where Mobutu arrived on Friday, after talks with Kabila, diplomats said.</p>
<p>Sahnoun on Friday discussed the crisis with Ugandan president and regional power broker Yoweri Museveni in the northern Ugandan town of Gulu before returning to Nairobi overnight.</p>
<p>Museveni, a close ally of Kabila, also met European Union envoy Aldo Ajello. On Thursday last week, Sahnoun visited Museveni and Kabila in Gulu and the rebel leader rejected a plea for a ceasefire.</p>
<p>On Friday, Kabila arrived in the northeast Zairean capital of Kisangani and reiterated his position of demanding negotiations with Mobutu, or a representative appointed by him, before any ceasefire.</p>
<p>The international community is banking on Museveni's influence in the region to push Kabila into a ceasefire. The rebels have seized more than one-fifth of Zaire since October.</p>
<p>Kabila received a hero's welcome on Friday on his first visit to Kisangani since the rebels captured the city a week ago. He has said he will only negotiate over the terms for the ailing Zairean leader to step down.</p>
<p>Mobutu, who left hospital in Monaco on Wednesday after cancer treatment, called on Thursday for a truce and a Zairean national council to find a peace settlement.</p>
<p>Mobutu's son, Nzanga, said in France on Thursday that his father no longer ruled out talks with the rebels but wanted to involve the government, army and transitional parliament.</p>
<p>Mobutu, 66, has spent almost all his time in Europe since prostate cancer surgery in August. He has dominated Zaire with a mixture of political acumen and military ruthlessness since seizing power in 1965.</p>
<p>Kabila's rebel force is dominated by ethnic Tutsis, some of them Zairean Banyamulenge Tutsis and others said by intelligence sources to be members of Rwanda's Tutsi-dominated army. The Rwandan government denies any involvement with the rebels.</p>
<p>Demobilised Ugandan troops, hired on contract, are also part of the rebel force. Kabila is a Zairean non-Tutsi from Shaba and his field commanders are a mixture of Zaireans and foreigners.</p>
</text>
<copyright>(c) Reuters Limited 1997</copyright>
<metadata>
<codes class="bip:countries:1.0">
  <code code="OAU">
    <editdetail attribution="Reuters BIP Coding Group" action="confirmed" date="1997-03-22"/>
  </code>
  <code code="UN">
    <editdetail attribution="Reuters BIP Coding Group" action="confirmed" date="1997-03-22"/>
  </code>
  <code code="ZAIRE">
    <editdetail attribution="Reuters BIP Coding Group" action="confirmed" date="1997-03-22"/>
  </code>
</codes>
<codes class="bip:topics:1.0">
  <code code="GCAT">
    <editdetail attribution="Reuters BIP Coding Group" action="confirmed" date="1997-03-22"/>
  </code>
  <code code="GVIO">
    <editdetail attribution="Reuters BIP Coding Group" action="confirmed" date="1997-03-22"/>
  </code>
</codes>
<dc element="dc.date.created" value="1997-03-22"/>
<dc element="dc.publisher" value="Reuters Holdings Plc"/>
<dc element="dc.date.published" value="1997-03-22"/>
<dc element="dc.source" value="Reuters"/>
<dc element="dc.creator.location" value="NAIROBI"/>
<dc element="dc.creator.location.country.name" value="KENYA"/>
<dc element="dc.source" value="Reuters"/>
</metadata>
</newsitem>
