<?xml version="1.0" encoding="iso-8859-1" ?>
<newsitem itemid="461587" id="root" date="1997-03-22" xml:lang="en">
<title>BURMA: Rangoon mosque vandalised by Buddhist monks.</title>
<headline>Rangoon mosque vandalised by Buddhist monks.</headline>
<byline>Aung Hla Tun</byline>
<dateline>RANGOON 1997-03-22</dateline>
<text>
<p>Religious unrest spread to the Burmese capital on Saturday as a group of about 50 Buddhist monks vandalised a Moslem mosque in the northeastern quarter of Rangoon, witnesses said.</p>
<p>The monks threw stones and used sticks to hit scaffolding around the building and smash its windows.</p>
<p>They dispersed just before police arrived 20 minutes later at the scene, about 10 km (six miles) from downtown Rangoon.</p>
<p>Neither police nor military government spokesmen were available for comment.</p>
<p>The unrest was the first of its kind in the capital, and came soon after Buddhist-Moslem strife broke out in Burma's second city Mandalay, where an 8p.m. to 4 a.m. curfew has been in force since last weekend.</p>
<p>Buddhist monks in Mandalay last weekend rioted and attacked mosques there after a report that a young Buddhist girl had been raped by a Moslem man, government sources and diplomats said.</p>
<p>&quot;About 50 monks arrived in cars at the mosque in Kanbe, where they struck the mosque with sticks and stones,&quot; one witness said.</p>
<p>No arrests were made, but tight security was imposed in the area, witnesses added.</p>
<p>Monks played a key role in pro-democracy uprisings from 1988-1990 and many were arrested after refusing to perform religious services for soldiers and their families then.</p>
<p>Burma is about 90 percent Buddhist and many of the country's monks live in Mandalay.</p>
<p>Conflicting reports have emerged on the Mandalay unrest with some diplomats saying they had heard one monk died after troops shot over the heads of protesting monks on Monday.</p>
<p>The ruling military State Law and Order Restoration Council (SLORC) has denied the reports and claims that the unrest was spreading to other areas but acknowledged that a curfew remains in Mandalay.</p>
<p>Besides a curfew, authorities have also banned meetings of over five poeple in some townships in Mandalay.</p>
<p>Monks associated with exiled student groups based at the Burma-Thai border have claimed that 15 monks had been arrested and jailed after the unrest and some others were being detained or awaiting trial in prisons.</p>
<p>On Saturday, a senior SLORC official made Burma's first official but veiled reference to the troubles in Mandalay.</p>
<p>The powerful Secretary Two of the SLORC, Lieutenant General Tin Oo accused traitors at home and &quot;neo-colonialists&quot; abroad of orchestrating recent racial and religious riots.</p>
<p>&quot;Internal traitors, joining with neo-colonialists, are instigating racial and religious conflicts to mar already-restored community peace and tranquility,&quot; he said in the offcial media</p>
</text>
<copyright>(c) Reuters Limited 1997</copyright>
<metadata>
<codes class="bip:countries:1.0">
  <code code="BURMA">
    <editdetail attribution="Reuters BIP Coding Group" action="confirmed" date="1997-03-22"/>
  </code>
</codes>
<codes class="bip:topics:1.0">
  <code code="GCAT">
    <editdetail attribution="Reuters BIP Coding Group" action="confirmed" date="1997-03-22"/>
  </code>
  <code code="GVIO">
    <editdetail attribution="Reuters BIP Coding Group" action="confirmed" date="1997-03-22"/>
  </code>
</codes>
<dc element="dc.date.created" value="1997-03-22"/>
<dc element="dc.publisher" value="Reuters Holdings Plc"/>
<dc element="dc.date.published" value="1997-03-22"/>
<dc element="dc.source" value="Reuters"/>
<dc element="dc.creator.location" value="RANGOON"/>
<dc element="dc.creator.location.country.name" value="BURMA"/>
<dc element="dc.source" value="Reuters"/>
</metadata>
</newsitem>
