<?xml version="1.0" encoding="iso-8859-1" ?>
<newsitem itemid="461563" id="root" date="1997-03-22" xml:lang="en">
<title>RUSSIA: Yeltsin foes blast summit outcome, allies see hope.</title>
<headline>Yeltsin foes blast summit outcome, allies see hope.</headline>
<byline>Gareth Jones</byline>
<dateline>MOSCOW 1997-03-22</dateline>
<text>
<p>Boris Yeltsin's communist foes on Saturday branded the outcome of his summit meeting with Bill Clinton a &quot;capitulation&quot; for Russia but the Kremlin chief's allies said it signalled improved East-West cooperation.</p>
<p>At their Helsinki summit on Friday the two presidents agreed to differ over NATO's expansion plans but vowed to press ahead with a charter defining a new relationship between Moscow and the Atlantic alliance.</p>
<p>Yeltsin dropped a key Russian demand that the charter should be legally binding and promised to minimise differences over NATO expansion. Moscow still opposes NATO's plans to admit members from central and eastern Europe, saying they are a threat to its own security.</p>
<p>&quot;The meeting was a capitulation by the current traitorous Russian regime before the United States and NATO,&quot; said the hardline communist daily Soviet Russia.</p>
<p>It said the Kremlin's loud verbal offensive against NATO's plans in the run-up to the summit had been designed merely to placate Yeltsin's political opponents at home.</p>
<p>The communist speaker of the State Duma (lower house of parliament), Gennady Seleznyov, said NATO remained &quot;an instrument of the Cold War&quot; and decried the West's efforts to put the alliance at the centre of any new European security system.</p>
<p>&quot;Plans to expand NATO to the east will inevitably lead to new lines of division in Europe and the revival of a pyschological climate of suspicion and hostility,&quot; he told Itar-Tass news agency.</p>
<p>Opposition to NATO expansion is one of the few issues on which most Russian politicians are able to agree and criticism was not confined to the communists and ultra-nationalists.</p>
<p>Former Soviet president Mikhail Gorbachev, architect of the political reforms that opened up his country to the West, said NATO's plans risked destroying the achievements of the post-Cold War era, Tass reported.</p>
<p>The liberal Nezavisimaya daily said Russia would start forging closer ties with Asian countries like China and India, possibly leading to the creation of a new anti-Western bloc.</p>
<p>Kremlin spokesman Sergei Yastrzhembsky hinted at such a development on the eve of the Helsinki summit. Nevasimaya noted that Indian Prime Minister H.D. Deve Gowda and Chinese Foreign Minister Qian Qichen were both due to visit Moscow next week.</p>
<p>The pro-business Kommersant Daily said the outcome of the Helsinki summit was disappointing but saw some grounds for hope.</p>
<p>&quot;The joint declarations (on economic and military issues) can be a good basis for developing cooperation,&quot; it said.</p>
<p>Yeltsin and Clinton reached agreement on boosting economic ties, further cuts in nuclear weapons and steps to integrate Russia more fully into the world economy.</p>
<p>Yuri Baturin, secretary of Russia's Defence Council, told Ekho Moskvy radio that Russia's interests had been fully defended at the summit.</p>
<p>&quot;The Russian position was heard and conclusions were drawn from it that will point the way ahead,&quot; he said.</p>
<p>Regional leaders, many of them pro-Yeltsin, reacted calmly to the outcome of the summit, saying Russia needed to concentrate on more pressing domestic problems.</p>
<p>&quot;I am not in raptures over the prospect of NATO expansion, though I do not see the bloc as our potential opponent,&quot; Interfax news agency quoted Alexei Lebed, head of government in Siberia's Khakasiya region.</p>
<p>&quot;We should not exacerbate relations with the United States and countries joining NATO but try to smooth over contradictions and develop economic and political partnership,&quot; said Lebed, brother of former Russian security chief Alexander Lebed.</p>
</text>
<copyright>(c) Reuters Limited 1997</copyright>
<metadata>
<codes class="bip:countries:1.0">
  <code code="FIN">
    <editdetail attribution="Reuters BIP Coding Group" action="confirmed" date="1997-03-22"/>
  </code>
  <code code="NATO">
    <editdetail attribution="Reuters BIP Coding Group" action="confirmed" date="1997-03-22"/>
  </code>
  <code code="RUSS">
    <editdetail attribution="Reuters BIP Coding Group" action="confirmed" date="1997-03-22"/>
  </code>
  <code code="USA">
    <editdetail attribution="Reuters BIP Coding Group" action="confirmed" date="1997-03-22"/>
  </code>
</codes>
<codes class="bip:topics:1.0">
  <code code="GCAT">
    <editdetail attribution="Reuters BIP Coding Group" action="confirmed" date="1997-03-22"/>
  </code>
  <code code="GDEF">
    <editdetail attribution="Reuters BIP Coding Group" action="confirmed" date="1997-03-22"/>
  </code>
  <code code="GDIP">
    <editdetail attribution="Reuters BIP Coding Group" action="confirmed" date="1997-03-22"/>
  </code>
  <code code="GPOL">
    <editdetail attribution="Reuters BIP Coding Group" action="confirmed" date="1997-03-22"/>
  </code>
</codes>
<dc element="dc.date.created" value="1997-03-22"/>
<dc element="dc.publisher" value="Reuters Holdings Plc"/>
<dc element="dc.date.published" value="1997-03-22"/>
<dc element="dc.source" value="Reuters"/>
<dc element="dc.creator.location" value="MOSCOW"/>
<dc element="dc.creator.location.country.name" value="RUSSIA"/>
<dc element="dc.source" value="Reuters"/>
</metadata>
</newsitem>
