<?xml version="1.0" encoding="iso-8859-1" ?>
<newsitem itemid="461553" id="root" date="1997-03-22" xml:lang="en">
<title>AZERBAIJAN: Azeri parliament chief condemns Armenian PM choice.</title>
<headline>Azeri parliament chief condemns Armenian PM choice.</headline>
<byline>Shahin Hajiyev</byline>
<dateline>BAKU 1997-03-22</dateline>
<text>
<p>A senior Azeri politician condemned on Saturday the naming of the leader of the country's separatist region of Nagorno-Karabakh as the new prime minister of Armenia, Baku's neighbour and foe.</p>
<p>&quot;Armenia has chosen the wrong path. This is a bad sign. They want to legalise the regime in Karabakh, but this will not work. Armenia will achieve nothing,&quot; speaker of parliament Murtuz Aleskerov told reporters.</p>
<p>Armenian President Levon Ter-Petrosyan on Thursday announced the surprise appointment of Robert Kocharyan, president of the breakaway Azeri region of Nagorno-Karabakh, as his prime minister.</p>
<p>Diplomats said the move would harm regional peace efforts.</p>
<p>Surrounded by Azeri territory, Karabakh is populated mostly by ethnic Armenians. It broke away from Baku's rule in the late 1980s, triggering years of fighting between Moslem Azeris and Christian Armenians in which thousands were killed. It says it wants independence or union with Armenia proper.</p>
<p>Open war between Azeris and Armenians in and around Karabakh killed thousands before a ceasefire was declared in 1994 after big territorial gains by Karabakh units.</p>
<p>But no political solution to the conflict has been found despite international mediation. Observers say the possibilities for a settlement are worsening.</p>
<p>Aleskerov spoke to reporters at Baku airport before boarding a government plane to Islamabad, where he will represent Azerbaijan in Sunday's meeting of leaders from countries of the Organisation of Islamic Conference (OIC).</p>
<p>He was going as a replacement for President Haydar Aliyev who called off his trip less than a day before he was to depart.</p>
<p>The presidential press service gave no reason for the abrupt cancellation but political observers speculated it was related to Kocharyan's appointment, which clearly caught Azeri leaders off guard.</p>
<p>Aleskerov's comments were the first official reaction.</p>
<p>Nonetheless, when asked if Kocharyan's appointment could threaten the truce, Aleskerov replied: &quot;It cannot&quot;.</p>
<p>Political observers in both Azerbaijan and Armenia said the move seemed to indicate that Yerevan had decided to take a harder line on the Karabakh issue.</p>
<p>&quot;I think that this was a surprise for the Azeri government and that it might influence peace negotiations very negatively. It will be much harder to make progress,&quot; said one diplomat in Baku on Friday.</p>
<p>He said he thought Ter-Petrosyan, who gave no explanation for his decision to appoint Kocharyan, had acted to pacify nationalist and opposition groups at home.</p>
<p>The 51-year-old leader sent tanks into the streets of the capital Yerevan last year to put down protests by his opponents who accused him of rigging presidential elections. Foreign monitors said the vote was marred by fraud and irregularities.</p>
<p>&quot;Ter-Petrosyan's domestic position has been considerably weakened. He is under great pressure to find common ground with the opposition,&quot; said the diplomat.</p>
<p>On Friday Russia's Interfax news agency quoted Armenian officials in Yerevan as saying the appointment of Kocharyan would not have a negative effect on peace talks, provided Azerbaijan did not try to exploit the move for its own benefit.</p>
</text>
<copyright>(c) Reuters Limited 1997</copyright>
<metadata>
<codes class="bip:countries:1.0">
  <code code="ARMEN">
    <editdetail attribution="Reuters BIP Coding Group" action="confirmed" date="1997-03-22"/>
  </code>
  <code code="AZERB">
    <editdetail attribution="Reuters BIP Coding Group" action="confirmed" date="1997-03-22"/>
  </code>
</codes>
<codes class="bip:topics:1.0">
  <code code="GCAT">
    <editdetail attribution="Reuters BIP Coding Group" action="confirmed" date="1997-03-22"/>
  </code>
  <code code="GDIP">
    <editdetail attribution="Reuters BIP Coding Group" action="confirmed" date="1997-03-22"/>
  </code>
  <code code="GPOL">
    <editdetail attribution="Reuters BIP Coding Group" action="confirmed" date="1997-03-22"/>
  </code>
</codes>
<dc element="dc.date.created" value="1997-03-22"/>
<dc element="dc.publisher" value="Reuters Holdings Plc"/>
<dc element="dc.date.published" value="1997-03-22"/>
<dc element="dc.source" value="Reuters"/>
<dc element="dc.creator.location" value="BAKU"/>
<dc element="dc.creator.location.country.name" value="AZERBAIJAN"/>
<dc element="dc.source" value="Reuters"/>
</metadata>
</newsitem>
