<?xml version="1.0" encoding="iso-8859-1" ?>
<newsitem itemid="461548" id="root" date="1997-03-22" xml:lang="en">
<title>KENYA: PRESS DIGEST - Kenya - March 22.</title>
<headline>PRESS DIGEST - Kenya - March 22.</headline>
<dateline>NAIROBI 1997-03-22</dateline>
<text>
<p>These are the leading stories in the Kenyan press on Saturday. Reuters has not verified these stories and does not vouch for their accuracy.</p>
<p>DAILY NATION</p>
<p>- The government will provide 4,000 tonnes of seeds worth 300 million shillings to famine hit regions under the drought recovery programme.</p>
<p>- The government says it has put in place measures to protect local industries from unfair competition arising from transit goods illegally diverted into the domestic market.</p>
<p>- Five Ugandans suspected of belonging to the clandestine February 18 Resistance Army are sentenced to death by a court in western Kenya for robbery with violence.</p>
<p>EAST AFRICAN STANDARD</p>
<p>- Touts for matatu mini-bus taxis attack three suspected pickpockets, burning one to death, beating another to death and serious injuring the third.</p>
<p>- A gang of burglars hit Mombasa and neighbouring coastal holiday towns, stealing cash and property worth millions of shillings.</p>
<p>- President Daniel arap Moi calls on Africans to act decisively to stop the disintegration of their cultures under the impact of Western influences.</p>
<p>KENYA TIMES</p>
<p>- A massive 48,000 tonnes of food aid is expected to arrive in Mombasa within the next 10 days.</p>
<p>- Members of the European Union parliament voice strong support for President Moi's initiative to find a permanent solution to the Sudanese conflict.</p>
<p>- Air Gabon will soon start a cargo service to Eldoret International airport. ($1=55 Kenyan shillings)</p>
</text>
<copyright>(c) Reuters Limited 1997</copyright>
<metadata>
<codes class="bip:countries:1.0">
  <code code="KENYA">
    <editdetail attribution="Reuters BIP Coding Group" action="confirmed" date="1997-03-22"/>
  </code>
</codes>
<codes class="bip:topics:1.0">
  <code code="GCAT">
    <editdetail attribution="Reuters BIP Coding Group" action="confirmed" date="1997-03-22"/>
  </code>
</codes>
<dc element="dc.date.created" value="1997-03-22"/>
<dc element="dc.publisher" value="Reuters Holdings Plc"/>
<dc element="dc.date.published" value="1997-03-22"/>
<dc element="dc.source" value="Reuters"/>
<dc element="dc.creator.location" value="NAIROBI"/>
<dc element="dc.creator.location.country.name" value="KENYA"/>
<dc element="dc.source" value="Reuters"/>
</metadata>
</newsitem>
