<?xml version="1.0" encoding="iso-8859-1" ?>
<newsitem itemid="461524" id="root" date="1997-03-22" xml:lang="en">
<title>ANGOLA: UNITA leader says will head Angolan opposition.</title>
<headline>UNITA leader says will head Angolan opposition.</headline>
<byline>John Fleming</byline>
<dateline>LUANDA 1997-03-22</dateline>
<text>
<p>Former rebel UNITA leader Jonas Savimbi has said he will remain head of the largest opposition group in Angola and not accept a post in a unity government, the U.N. special representative said.</p>
<p>&quot;At last we have definitely approved the special status of Jonas Savimbi,&quot; special representive to Angola Alioune Blondin Beye told reporters late on Friday night.</p>
<p>&quot;I can't hide my satisfaction that we have finally solved this matter,&quot; Beye said.</p>
<p>UNITA's chief representative to the Joint Commission, also comprising government officials, observer nations and the U.N., told reporters that Savimbi had agreed to the role of ...&quot;president of the largest opposition party&quot;.</p>
<p>Angola's ruling MPLA party had offered Savimbi the post of vice-president in the unity government but the UNITA leader had remained noncommittal until now and the long delay in installing the unity government frustrated U.N. officials.</p>
<p>Diplomats on Saturday said Beye's announcement on Savimbi's status was a breakthrough for the U.N. body, which had hoped to have the unity government in place by March 31 when its mandate expires, but not necessarily encouraging for lasting peace.</p>
<p>&quot;So what if we get a unity government by the end of the month,&quot; one diplomat said. &quot;That will be nice for the U.N. but it really doesn't mean much for peace in Angola.</p>
<p>&quot;UNITA will not have any power within a unity government and could be much more effective not having anything to do with it...,&quot; the diplomat told Reuters.</p>
<p>U.N. Secretary-General, Kofi Annan, was due to arrive in Angola on Saturday to try to speed up the process, armed with a Security Council threat to consider sanctions against the party responsible for any further postponement.</p>
<p>A report by Annan this week mainly blamed the UNITA former rebel movement for the delays.</p>
<p>The diplomats said Savimbi's goal was to ultimately become president of Angola.</p>
<p>&quot;Savimbi wants to manoeuvre himself into a position where he can some day become president. He has recognised that he stands a better chance of becoming president by staying outside the unity government than inside it,&quot; one Western diplomat said.</p>
<p>&quot;He doesn't want to be part of it because he doesn't want to bear any responsibility for its actions.&quot;</p>
<p>Another diplomat said Savimbi had finally agreed to the title of opposition leader only because he was forced into it.</p>
<p>&quot;There is a fairly serious Security Council deadline looming at the end of the month and Kofi Annan is coming to town to put pressure on him -- He had to do something,&quot; the diplomat said.</p>
<p>UNITA (National Union for the Total Independence of Angola) and the MPLA (Popular Movement for the Liberation of Angola) battled each other in a civil war which broke out on independence from Portugal in 1975.</p>
<p>In 1994 the two sides signed a peace accord that has brought the southern African country the longest period of peace since the war started.</p>
<p>Beye said the inauguration of the national unity government would take place after the remaining UNITA members set to become part of the unity government, arrived in the capital Luanda, indicating this would take place before the end of March.</p>
<p>He also said UNITA had agreed to send all but five of its remaining deputies, who are set to take up seats in the National Assembly as opposition members, to the capital on Saturday.</p>
<p>&quot;We feel this has completely unblocked the process and now we are ready to go forward and work towards the establishment of a government of national unity,&quot; said Isaias Samakuva, UNITA's representative to the Joint Commission.</p>
<p>Samakuva made it clear though that Savimbi would not attend the inauguration ceremony.</p>
<p>Samakuva also announced a meeting between Savimbi and Annan was possible, but only if the U.N. boss was prepared to go to UNITA's headquarters at Bailundo in Angola's central highlands.</p>
</text>
<copyright>(c) Reuters Limited 1997</copyright>
<metadata>
<codes class="bip:countries:1.0">
  <code code="ANGOL">
    <editdetail attribution="Reuters BIP Coding Group" action="confirmed" date="1997-03-22"/>
  </code>
</codes>
<codes class="bip:topics:1.0">
  <code code="GCAT">
    <editdetail attribution="Reuters BIP Coding Group" action="confirmed" date="1997-03-22"/>
  </code>
  <code code="GPOL">
    <editdetail attribution="Reuters BIP Coding Group" action="confirmed" date="1997-03-22"/>
  </code>
  <code code="GVIO">
    <editdetail attribution="Reuters BIP Coding Group" action="confirmed" date="1997-03-22"/>
  </code>
</codes>
<dc element="dc.date.created" value="1997-03-22"/>
<dc element="dc.publisher" value="Reuters Holdings Plc"/>
<dc element="dc.date.published" value="1997-03-22"/>
<dc element="dc.source" value="Reuters"/>
<dc element="dc.creator.location" value="LUANDA"/>
<dc element="dc.creator.location.country.name" value="ANGOLA"/>
<dc element="dc.source" value="Reuters"/>
</metadata>
</newsitem>
