<?xml version="1.0" encoding="iso-8859-1" ?>
<newsitem itemid="461564" id="root" date="1997-03-22" xml:lang="en">
<title>PERU: Peru rebels show no signs of taking asylum bait.</title>
<headline>Peru rebels show no signs of taking asylum bait.</headline>
<byline>James Craig</byline>
<dateline>LIMA 1997-03-21</dateline>
<text>
<p>Peruvian rebels holding 72 hostages showed no sign on Friday of taking up Caribbean asylum offers as frustrated mediators bemoaned the lack of talks to end the 95-day-old Lima crisis peacefully.</p>
<p>The Dominican Republic became the second country after Cuba to offer the Tupac Amaru Revolutionary Movement (MRTA) guerrillas a safe haven if they free the dignitaries they are holding at the Japanese ambassador's residence.</p>
<p>President Leonel Fernandez accepted on Friday a request from visiting Japanese Vice Foreign Minister Masahiko Komura to take in some of the roughly 20 rebels occupying the Japanese ambassador's home in Peru since Dec. 17.</p>
<p>But there was no word from rebels inside the besieged diplomatic compound following a two-and-a-half hour meeting with mediators in a Red Cross safe house across from the mansion.</p>
<p>And an MRTA leader in Peru's central jungle told Reuters that asylum was not up for discussion because the government had yet to consider the group's main demand of freedom for some 450 jailed comrades.</p>
<p>&quot;We cannot speak about asylum when the central demand has not been yet been taken up,&quot; said a rebel leader with the nom de guerre &quot;Comrade Alejandro,&quot; a member of the MRTA's highest policy-making body.</p>
<p>In Lima, meanwhile, the members of a three-man guarantors commission overseeing negotiations expressed frustration at the lack of progress in bringing the crisis to an end.</p>
<p>&quot;As guarantors we have our limits. Our limit as guarantors is possibly reaching a final point,&quot; Archbishop Juan Luis Cipriani, the Vatican's representive on the panel, told reporters in his strongest public comments yet on the siege.</p>
<p>Despite such frustration at the apparent lack of progress, The New York Times reported that mediators have outlined a tentative agreement to end the crisis, whereby rebels would release the hostages and take asylum in Cuba in exchange for early parole for some comrades jailed on lesser charges.</p>
<p>The newspaper was quoting an unnamed diplomat close to the negotiations.</p>
<p>Fuelling the speculation, Cipriani confirmed on Friday the creation of a guarantors' &quot;sub-committee&quot; to visit jailed MRTA rebels and check on their health and conditions.</p>
<p>The MRTA's hostages have spent Christmas and New Year's in the mansion in the upscale San Isidro district, and indications are they will spend Easter there too.</p>
<p>There was was no word on when face-to-face talks between rebel chief Nestor Cerpa and government negotiator Domingo Palermo might resume. The two sides last met March 12 before negotiations were broken off in a flurry of mutual accusations.</p>
<p>Tokyo's envoy Komura thanked both Cuba and the Dominican Republic for their offers, but was not hopeful of a quick end. &quot;There is still some distance between the Peruvian government and the Tupac Amaru Revolutionary Movement,&quot; he told a news conference in Santo Domingo. &quot;We should not be too optimistic.&quot;</p>
<p>President Alberto Fujimori on Thursday appeared to slam the door on any release of prisoners, saying Peruvians had endured too many years of guerrilla violence and too many deaths to allow any such deal.</p>
<p>But on Friday brought speculation the government may be ready to make some conscessions. The five-member guarantors' sub-commission paid a visit to Lima's Chorrillos women's prison to check on the condition of rebel inmates amid speculation they may be drafting a list of some who may be released.</p>
</text>
<copyright>(c) Reuters Limited 1997</copyright>
<metadata>
<codes class="bip:countries:1.0">
  <code code="CUBA">
    <editdetail attribution="Reuters BIP Coding Group" action="confirmed" date="1997-03-22"/>
  </code>
  <code code="DOMR">
    <editdetail attribution="Reuters BIP Coding Group" action="confirmed" date="1997-03-22"/>
  </code>
  <code code="JAP">
    <editdetail attribution="Reuters BIP Coding Group" action="confirmed" date="1997-03-22"/>
  </code>
  <code code="PERU">
    <editdetail attribution="Reuters BIP Coding Group" action="confirmed" date="1997-03-22"/>
  </code>
</codes>
<codes class="bip:topics:1.0">
  <code code="GCAT">
    <editdetail attribution="Reuters BIP Coding Group" action="confirmed" date="1997-03-22"/>
  </code>
  <code code="GDIP">
    <editdetail attribution="Reuters BIP Coding Group" action="confirmed" date="1997-03-22"/>
  </code>
  <code code="GVIO">
    <editdetail attribution="Reuters BIP Coding Group" action="confirmed" date="1997-03-22"/>
  </code>
</codes>
<dc element="dc.date.created" value="1997-03-21"/>
<dc element="dc.publisher" value="Reuters Holdings Plc"/>
<dc element="dc.date.published" value="1997-03-22"/>
<dc element="dc.source" value="Reuters"/>
<dc element="dc.creator.location" value="LIMA"/>
<dc element="dc.creator.location.country.name" value="PERU"/>
<dc element="dc.source" value="Reuters"/>
</metadata>
</newsitem>
