<?xml version="1.0" encoding="iso-8859-1" ?>
<newsitem itemid="461545" id="root" date="1997-03-22" xml:lang="en">
<title>UGANDA: Zaire rebels kill Ugandan rebel chief, report.</title>
<headline>Zaire rebels kill Ugandan rebel chief, report.</headline>
<byline>Steven Shalita</byline>
<dateline>KAMPALA 1997-03-22</dateline>
<text>
<p>Zairean rebels killed a Ugandan rebel leader when he fled wounded into northeast Zaire after an attack on his base in southern Sudan, the Monitor newspaper said on Saturday.</p>
<p>The independent daily said Colonel Juma Oris, leader of the rebel West Nile Bank Front (WNBF) and a former minister under Ugandan dictator Idi Amin, was buried in Kitambala, northeastern Zaire.</p>
<p>Ugandan military sources said last weekend that Oris had been killed in a clash between Ugandan troops and the WNBF near the Ugandan-Sudanese border. The body however was not recovered.</p>
<p>But the Monitor, in a report from Kimba in south Sudan, said Oris and his operations commander, Adinan &quot;Ninja&quot;, were wounded when Sudanese rebels destroyed their headquarters in Kimba.</p>
<p>It said Oris, on a stretcher, his wife and two children escaped to neighbouring northeastern Zaire where the rebel leader and two aides were killed by rebels of the Alliance of Democratic Forces for the Liberation of Congo-Zaire (AFDL).</p>
<p>The newspaper gave no exact date for the killings.</p>
<p>It said his wife and children were being held by the AFDL.</p>
<p>The Monitor quoted Madut Caesar, a commander with the Sudan People's Liberation Army (SPLA), as saying his forces had flattened the WNBF base in Kimba with a barrage of mortar bombs.</p>
<p>&quot;We met some resistance but hit the camp with 100 mm and 130 mm mortars,&quot; he said. If the report was true, the death of Oris and destruction of the WNBF base would appear to be a devastating blow to the movement.</p>
<p>Khartoum has accused Ugandan President Yoweri Museveni of arming the SPLA, the largest Sudanese rebel group. It launched offensives in eastern Sudan in January and in the south this month.</p>
<p>Khartoum accuses Uganda, Eritrea and Ethiopia of sending troops into Sudan to fight alongside the rebels since January.</p>
<p>The Zairean government charges that Uganda, Rwanda and Burundi have sent their troops into eastern Zaire in support of the AFDL rebels. All three countries have denied any role.</p>
<p>Oris received military training in Pakistan when he served in the Ugandan army in the 1960s. He was a close associate of Amin, who was overthrown in 1979, and served as minister of lands, minister of information and minister of foreign affairs.</p>
<p>With Amin's fall, Oris fled into exile in Sudan. He formed the WNBF in 1993 with the aim of overthrowing Museveni. He was reputed to have the support of Amin, who now lives in Jeddah, Saudi Arabia.</p>
</text>
<copyright>(c) Reuters Limited 1997</copyright>
<metadata>
<codes class="bip:countries:1.0">
  <code code="SUDAN">
    <editdetail attribution="Reuters BIP Coding Group" action="confirmed" date="1997-03-22"/>
  </code>
  <code code="UGANDA">
    <editdetail attribution="Reuters BIP Coding Group" action="confirmed" date="1997-03-22"/>
  </code>
  <code code="ZAIRE">
    <editdetail attribution="Reuters BIP Coding Group" action="confirmed" date="1997-03-22"/>
  </code>
</codes>
<codes class="bip:topics:1.0">
  <code code="GCAT">
    <editdetail attribution="Reuters BIP Coding Group" action="confirmed" date="1997-03-22"/>
  </code>
  <code code="GVIO">
    <editdetail attribution="Reuters BIP Coding Group" action="confirmed" date="1997-03-22"/>
  </code>
</codes>
<dc element="dc.date.created" value="1997-03-22"/>
<dc element="dc.publisher" value="Reuters Holdings Plc"/>
<dc element="dc.date.published" value="1997-03-22"/>
<dc element="dc.source" value="Reuters"/>
<dc element="dc.creator.location" value="KAMPALA"/>
<dc element="dc.creator.location.country.name" value="UGANDA"/>
<dc element="dc.source" value="Reuters"/>
</metadata>
</newsitem>
