<?xml version="1.0" encoding="iso-8859-1" ?>
<newsitem itemid="461506" id="root" date="1997-03-22" xml:lang="en">
<title>UK: N.Irish Unionist Trimble castigates rivals.</title>
<headline>N.Irish Unionist Trimble castigates rivals.</headline>
<byline>Martin Cowley</byline>
<dateline>BELFAST 1997-03-22</dateline>
<text>
<p>Chief pro-British politician David Trimble accused rival Protestant leaders on Saturday of damaging Northern Ireland's union with Britain.</p>
<p>Firing a broadside to win Protestant moderate votes in the May 1 election, Trimble castigated firebrand Protestant Ian Paisley and another Unionist, Robert McCartney, for hardline attitudes which he said had backfired on &quot;Unionism&quot;.</p>
<p>&quot;The reasonable case we present is being obscured by aggressive, loudmouth unionists,&quot; he told his Ulster Unionist Party (UUP) annual conference in a keynote speech.</p>
<p>&quot;This is not in the interests of the Union. It is not what the Unionist people want.&quot;</p>
<p>Trimble's UUP, which currently holds nine of the province's 17 seats in the British parliament, is backed by most of the Protestant majority population.</p>
<p>The campaign is being fought amid tension because Irish Republican Army guerrillas refuse to call off a war against rule from London and a Protestant guerrilla truce is unstable.</p>
<p>The UUP is locked in a bitter struggle for votes with Paisley's Democratic Unionist Party which traditionally takes a diehard approach to maintaining Union with Britain and scorns links with neighbouring Catholic Ireland.</p>
<p>A fundamentalist Protestant preacher as well as politician, Paisley is one of the DUP's three members of parliament.</p>
<p>Robert McCartney, a parliamentarian who leads the tiny United Kingdom Unionist Party, is a stern opponent of the UUP.</p>
<p>Trimble derided Paisley for indulging in exaggerated &quot;slogans and pantomimes&quot; that have won him a reputation as Northern Ireland's most uncompromising advocate of British rule.</p>
<p>&quot;I disagree with the McCartneys and Paisleys. Their actions and attitudes have been counter-productive. They have let nationalists off the hook. They have driven London into the arms of Dublin,&quot; Trimble said.</p>
<p>&quot;Unfortunately the methods of those who denigrate us continue to do damage to the Union at home, in the rest of the United Kingdom (Britain) and elsewhere.&quot;</p>
<p>Trimble urged Catholics and Protestants to leave the past behind and agree new institutions.</p>
<p>He proposed a new Northern Ireland Assembly, under Britain, in which Protestant and Catholic representatives would have influential roles based on the votes won by their parties.</p>
</text>
<copyright>(c) Reuters Limited 1997</copyright>
<metadata>
<codes class="bip:countries:1.0">
  <code code="UK">
    <editdetail attribution="Reuters BIP Coding Group" action="confirmed" date="1997-03-22"/>
  </code>
</codes>
<codes class="bip:topics:1.0">
  <code code="GCAT">
    <editdetail attribution="Reuters BIP Coding Group" action="confirmed" date="1997-03-22"/>
  </code>
  <code code="GPOL">
    <editdetail attribution="Reuters BIP Coding Group" action="confirmed" date="1997-03-22"/>
  </code>
  <code code="GVOTE">
    <editdetail attribution="Reuters BIP Coding Group" action="confirmed" date="1997-03-22"/>
  </code>
</codes>
<dc element="dc.date.created" value="1997-03-22"/>
<dc element="dc.publisher" value="Reuters Holdings Plc"/>
<dc element="dc.date.published" value="1997-03-22"/>
<dc element="dc.source" value="Reuters"/>
<dc element="dc.creator.location" value="BELFAST"/>
<dc element="dc.creator.location.country.name" value="UK"/>
<dc element="dc.source" value="Reuters"/>
</metadata>
</newsitem>
