<?xml version="1.0" encoding="iso-8859-1" ?>
<newsitem itemid="461580" id="root" date="1997-03-22" xml:lang="en">
<title>AUSTRALIA: Floods feared after cyclone in northern Australia.</title>
<headline>Floods feared after cyclone in northern Australia.</headline>
<dateline>SYDNEY 1997-03-22</dateline>
<text>
<p>Australia's emergency services were preparing for flooding in the far north state of Queensland after a tropical cyclone passed through the region on Saturday.</p>
<p>Cyclone Justin hit the far northern town of Cairns earlier on Saturday but caused little damage to buildings or crops.</p>
<p>The Bureau of Meteorology said however that heavy rain was expected over the next few days.</p>
<p>The Australian Maritime Safety Authority said meanwhile it had called off a four-day search for a New Zealand yacht, the Queen Charlotte, after failing to find any sign of the vessel or its five crew.</p>
<p>It said the search would be resumed if any fresh information became available.</p>
</text>
<copyright>(c) Reuters Limited 1997</copyright>
<metadata>
<codes class="bip:countries:1.0">
  <code code="AUSTR">
    <editdetail attribution="Reuters BIP Coding Group" action="confirmed" date="1997-03-22"/>
  </code>
</codes>
<codes class="bip:topics:1.0">
  <code code="GCAT">
    <editdetail attribution="Reuters BIP Coding Group" action="confirmed" date="1997-03-22"/>
  </code>
  <code code="GDIS">
    <editdetail attribution="Reuters BIP Coding Group" action="confirmed" date="1997-03-22"/>
  </code>
  <code code="GWEA">
    <editdetail attribution="Reuters BIP Coding Group" action="confirmed" date="1997-03-22"/>
  </code>
</codes>
<dc element="dc.date.created" value="1997-03-22"/>
<dc element="dc.publisher" value="Reuters Holdings Plc"/>
<dc element="dc.date.published" value="1997-03-22"/>
<dc element="dc.source" value="Reuters"/>
<dc element="dc.creator.location" value="SYDNEY"/>
<dc element="dc.creator.location.country.name" value="AUSTRALIA"/>
<dc element="dc.source" value="Reuters"/>
</metadata>
</newsitem>
