<?xml version="1.0" encoding="iso-8859-1" ?>
<newsitem itemid="461532" id="root" date="1997-03-22" xml:lang="en">
<title>ZAIRE: Zaire rebels say advancing on next targets.</title>
<headline>Zaire rebels say advancing on next targets.</headline>
<dateline>GOMA, Zaire 1997-03-22</dateline>
<text>
<p>Zairean rebels said on Saturday they had pushed to within 200 km (125 miles) of Zaire's second city Lubumbashi and 100 km (60 miles) of the diamond capital of Mbuji-Mayi.</p>
<p>Rebel Voice of the People radio, broadcasting from the city of Goma, did not say where exactly they had reached in the thrust towards Lubumbashi, Zaire's copper and cobalt mining capital in Shaba province.</p>
<p>&quot;They (rebels) have no time to waste given their task,&quot; it said.</p>
<p>In the northeastern capital of Kisangani, rebel leader Laurent Kabila told a rally since the city's fall last weekend his forces had seized Kabinda, 100 km (60 miles) east of the diamond capital Mbujui-Mayi in central Kasai province and had also captured Yangambi, 100 km (60 miles) west of Kisangani.</p>
<p>The rebels have set Lubumbashi and Mbuji-Mayi as their next major targets in their six month war to topple ailing Zairean President Mobutu Sese Seko and ruled out a ceasefire before negotiations.</p>
<p>Opposition to Mobutu's government runs high in mineral-rich Shaba province in the south which has fought several times in vain for secession during Mobutu's 32 years in power in Zaire.</p>
</text>
<copyright>(c) Reuters Limited 1997</copyright>
<metadata>
<codes class="bip:countries:1.0">
  <code code="ZAIRE">
    <editdetail attribution="Reuters BIP Coding Group" action="confirmed" date="1997-03-22"/>
  </code>
</codes>
<codes class="bip:topics:1.0">
  <code code="GCAT">
    <editdetail attribution="Reuters BIP Coding Group" action="confirmed" date="1997-03-22"/>
  </code>
  <code code="GVIO">
    <editdetail attribution="Reuters BIP Coding Group" action="confirmed" date="1997-03-22"/>
  </code>
</codes>
<dc element="dc.date.created" value="1997-03-22"/>
<dc element="dc.publisher" value="Reuters Holdings Plc"/>
<dc element="dc.date.published" value="1997-03-22"/>
<dc element="dc.source" value="Reuters"/>
<dc element="dc.creator.location" value="GOMA, Zaire"/>
<dc element="dc.creator.location.country.name" value="ZAIRE"/>
<dc element="dc.source" value="Reuters"/>
</metadata>
</newsitem>
