<?xml version="1.0" encoding="iso-8859-1" ?>
<newsitem itemid="461557" id="root" date="1997-03-22" xml:lang="en">
<title>ALBANIA: Albania PM rebuffs call for Berisha ouster.</title>
<headline>Albania PM rebuffs call for Berisha ouster.</headline>
<byline>Giles Elgood</byline>
<dateline>TIRANA 1997-03-22</dateline>
<text>
<p>Albanian Prime Minister Bashkim Fino on Saturday rebuffed rebels holding the south of the country by dismissing their calls for President Sali Berisha to quit.</p>
<p>But he said he was ready to open a dialogue with the rebels who have taken over at least 14 towns in southern Albania.</p>
<p>Fino said Berisha's resignation would cause a power vacuum in a country still reeling from weeks of looting and shooting by Albanians angry at the loss of their savings in collapsed pyramid investment schemes.</p>
<p>Italy promised to send emergency health supplies to Albania at the weekend following a request from Fino. The Foreign Ministry in Rome said the supplies, in the form of health kits, would be enough for 300,000 people for a month.</p>
<p>No aid had arrived on Saturday morning, although an Italian air force transport plane flew in a further group of &quot;undesirable&quot; Albanian refugees expelled from Italy.</p>
<p>Fino said in an interview with Reuters that the government, rather than wanting Berisha to quit, had more pressing tasks in restoring order, distributing humanitarian aid and preparing for elections in June.</p>
<p>Fino, a member of the opposition Socialist Party, was appointed by Berisha last week to lead an interim national unity government ahead of the elections.</p>
<p>But he has been locked in a power struggle with Berisha's Democrats who control 122 of the 140 seats in parliament after elections last May that international observers said were deeply flawed.</p>
<p>&quot;The government has a more important mission than asking for the president's resignation,&quot; Fino said. &quot;It would create an institutional vacuum if Berisha were to resign.&quot;</p>
<p>Opposition leaders have made it clear that they want an end to Berisha's presidency, but they would prefer this was brought about by democratic means. Berisha himself has promised to quit if his party loses the June election.</p>
<p>Fino was speaking a day after rebel leaders from 14 towns in southern Albania issued a fresh call for Berisha to resign, but pulled back from a confrontation with the government.</p>
<p>Albania's unrest blew up first in the south after shady pyramid investment schemes collapsed and left thousands of families destitute. Angry Albanians looted guns from army barracks and took control of their towns.</p>
<p>Fino said he was ready to open a dialogue with the south, but urged the rebels to come up with a coherent consensus that would help the government restore order.</p>
<p>A delegation from the rebel held southern port of Vlore was meeting Fino on Saturday.</p>
<p>The rebels also demanded fresh moves under the Finance Ministry to look into the pyramid schemes and called for an investigation into how the losses might be repaid.</p>
<p>But Fino made it clear that there was no immediate prospect of the interim national unity government being able to return any lost money and he personally thought it was &quot;impossible that losses would be repaid.</p>
<p>He suggested however that an all-party commission might be set up to examine the problem of the pyramid scheme companies.</p>
<p>The unrest sparked by the collapse of the pyramid schemes has left the army in chaos after much of its weaponry was looted by angry rebels. The country, Europe's poorest, is badly in need of outside aid.</p>
<p>EU foreign ministers meet on Monday in Brussels to provide a blueprint for security measures to assist a humanitarian relief mission in the wake of the unrest.</p>
</text>
<copyright>(c) Reuters Limited 1997</copyright>
<metadata>
<codes class="bip:countries:1.0">
  <code code="ALB">
    <editdetail attribution="Reuters BIP Coding Group" action="confirmed" date="1997-03-22"/>
  </code>
</codes>
<codes class="bip:topics:1.0">
  <code code="GCAT">
    <editdetail attribution="Reuters BIP Coding Group" action="confirmed" date="1997-03-22"/>
  </code>
  <code code="GVIO">
    <editdetail attribution="Reuters BIP Coding Group" action="confirmed" date="1997-03-22"/>
  </code>
</codes>
<dc element="dc.date.created" value="1997-03-22"/>
<dc element="dc.publisher" value="Reuters Holdings Plc"/>
<dc element="dc.date.published" value="1997-03-22"/>
<dc element="dc.source" value="Reuters"/>
<dc element="dc.creator.location" value="TIRANA"/>
<dc element="dc.creator.location.country.name" value="ALBANIA"/>
<dc element="dc.source" value="Reuters"/>
</metadata>
</newsitem>
