<?xml version="1.0" encoding="iso-8859-1" ?>
<newsitem itemid="461541" id="root" date="1997-03-22" xml:lang="en">
<title>SOUTH AFRICA: U.N. commissioner for refugees to visit S.Africa.</title>
<headline>U.N. commissioner for refugees to visit S.Africa.</headline>
<dateline>JOHANNESBURG 1997-03-22</dateline>
<text>
<p>The United Nations High Commissioner for Refugees, Sadako Ogata, will pay an official visit to South Africa next week to brief political leaders on the continent's refugee crises, the UNHCR said on Saturday.</p>
<p>Ogata kicks off her four-day stay by meeting President Nelson Mandela in Cape Town on Monday. She would hold talks with the leader of the country's largest black opposition, Inkatha's Mangosuthu Buthelezi, on Tuesday.</p>
<p>&quot;The purpose of her visit is to brief South African leaders on Africa's refugee crises and the urgent need for solutions,&quot; the UNHCR office in Pretoria said in a statement.</p>
<p>The UNHCR estimates there are 5.6 million refugees in Africa. Key flashpoints are the Great Lakes region and Angola.</p>
<p>Mandela has launched a bid to help broker a truce in Zaire between rebel leader Laurent Kabila and President Mobutu Sese Seko's government.</p>
</text>
<copyright>(c) Reuters Limited 1997</copyright>
<metadata>
<codes class="bip:countries:1.0">
  <code code="SAFR">
    <editdetail attribution="Reuters BIP Coding Group" action="confirmed" date="1997-03-22"/>
  </code>
  <code code="UN">
    <editdetail attribution="Reuters BIP Coding Group" action="confirmed" date="1997-03-22"/>
  </code>
</codes>
<codes class="bip:topics:1.0">
  <code code="GCAT">
    <editdetail attribution="Reuters BIP Coding Group" action="confirmed" date="1997-03-22"/>
  </code>
  <code code="GDIP">
    <editdetail attribution="Reuters BIP Coding Group" action="confirmed" date="1997-03-22"/>
  </code>
</codes>
<dc element="dc.date.created" value="1997-03-22"/>
<dc element="dc.publisher" value="Reuters Holdings Plc"/>
<dc element="dc.date.published" value="1997-03-22"/>
<dc element="dc.source" value="Reuters"/>
<dc element="dc.creator.location" value="JOHANNESBURG"/>
<dc element="dc.creator.location.country.name" value="SOUTH AFRICA"/>
<dc element="dc.source" value="Reuters"/>
</metadata>
</newsitem>
