<?xml version="1.0" encoding="iso-8859-1" ?>
<newsitem itemid="461534" id="root" date="1997-03-22" xml:lang="en">
<title>ZIMBABWE: Air Zimbabwe pilots end pay strike, agree to talk.</title>
<headline>Air Zimbabwe pilots end pay strike, agree to talk.</headline>
<dateline>HARARE 1997-03-22</dateline>
<text>
<p>Pilots and engineers at state-owned Air Zimbabwe returned to work on Saturday after a week-long strike for higher pay, officials said.</p>
<p>David Zamchiya, chairman of Air Zimbabwe Corporation, told reporters the strikers had resumed their duties after agreeing with his board to discuss demands and to reach a solution by April 4.</p>
<p>&quot;That's is what we agreed and they have all gone back to work this afternoon,&quot; he said of the about 70 pilots and engineers.</p>
<p>The corporation was forced to hire four aircrafts and crew from other airliners to service the southern African country's domestic flights, which industry officials said helped reduce the impact of the strike Zimbabwe's vital tourism sector.</p>
<p>--Cris Chinaka, Harare Newsroom: +263-4 72 52 27/8/9.---</p>
</text>
<copyright>(c) Reuters Limited 1997</copyright>
<metadata>
<codes class="bip:countries:1.0">
  <code code="ZIMBAB">
    <editdetail attribution="Reuters BIP Coding Group" action="confirmed" date="1997-03-22"/>
  </code>
</codes>
<codes class="bip:industries:1.0">
  <code code="I75000">
    <editdetail attribution="Reuters BIP Coding Group" action="confirmed" date="1997-03-22"/>
  </code>
</codes>
<codes class="bip:topics:1.0">
  <code code="C42">
    <editdetail attribution="Reuters BIP Coding Group" action="confirmed" date="1997-03-22"/>
  </code>
  <code code="CCAT">
    <editdetail attribution="Reuters BIP Coding Group" action="confirmed" date="1997-03-22"/>
  </code>
  <code code="E41">
    <editdetail attribution="Reuters BIP Coding Group" action="confirmed" date="1997-03-22"/>
  </code>
  <code code="ECAT">
    <editdetail attribution="Reuters BIP Coding Group" action="confirmed" date="1997-03-22"/>
  </code>
  <code code="GCAT">
    <editdetail attribution="Reuters BIP Coding Group" action="confirmed" date="1997-03-22"/>
  </code>
  <code code="GJOB">
    <editdetail attribution="Reuters BIP Coding Group" action="confirmed" date="1997-03-22"/>
  </code>
</codes>
<dc element="dc.date.created" value="1997-03-22"/>
<dc element="dc.publisher" value="Reuters Holdings Plc"/>
<dc element="dc.date.published" value="1997-03-22"/>
<dc element="dc.source" value="Reuters"/>
<dc element="dc.creator.location" value="HARARE"/>
<dc element="dc.creator.location.country.name" value="ZIMBABWE"/>
<dc element="dc.source" value="Reuters"/>
</metadata>
</newsitem>
