<?xml version="1.0" encoding="iso-8859-1" ?>
<newsitem itemid="461567" id="root" date="1997-03-22" xml:lang="en">
<title>PERU: Peru says new talks would put crisis in last stage.</title>
<headline>Peru says new talks would put crisis in last stage.</headline>
<byline>Saul Hudson</byline>
<dateline>LIMA 1997-03-22</dateline>
<text>
<p>Peruvian President Alberto Fujimori said on Saturday he wanted to catapult the 95-day hostage crisis into its final stage by restarting peace talks with Marxist rebels holding 72 VIPs at the Japanese ambassador's home.</p>
<p>After a 10-day break from negotiations, the two sides still lacked enough common ground for fresh face-to-face talks, Fujimori said. But his negotiator Domingo Palermo suggested a resumption might not be too far off.</p>
<p>&quot;We are ready and hoping that at any moment the talks can resume,&quot; said Palermo, who was accompanying Fujimori on a whirlwind tour of education centres in Lima's shanty-towns.</p>
<p>Fujimori told reporters: &quot;To have direct talks we must find common ground and have the terrain prepared. If this were the case, we would enter in what we call the 'final issues'. This is what we want.&quot;</p>
<p>During the suspension of talks -- dubbed a period of &quot;reflection&quot; -- the two sides have worked separately with the talks' guarantors to explore possible concessions that would bring a peaceful end to the standoff.</p>
<p>Fujimori continues to reject the Tupac Amaru Revolutionary Movement (MRTA) hostage-takers' main demand for the release of some 450 jailed comrades. But there are signs he is prepared to make other concessions.</p>
<p>For the first time since early in the crisis, the government allowed Red Cross officials on Friday to visit MRTA rebels in prison after the talks' guarantors formed a special committee to check on their health and conditions.</p>
<p>Improving prison conditions for the rebels is believed to be one of the main concessions Fujimori is willing to make to the MRTA.</p>
<p>The Peruvian and Japanese governments also concluded this week their work to assure the rebels asylum abroad if a peaceful solution is brokered. Japanese Vice Foreign Minister Masahiko Komura visited Cuba and the Dominican Republic and received formal offers of asylum from those Caribbean nations.</p>
<p>The moves away from the negotiating table have led to intense speculation in Lima that the government has finally hammered out a package of concessions that could persuade the rebels to give up their hostages.</p>
<p>The New York Times reported that mediators have outlined a tentative agreement to end the crisis whereby rebels would take asylum in Cuba in exchange for early parole for some comrades jailed on lesser charges.</p>
<p>But an MRTA leader in Peru's central jungle poured cold water on at least one part of the deal. Comrade Alejandro, a member of the MRTA's highest policy-making body, told Reuters on Friday that asylum was not up for discussion because the government had yet to consider the group's demand for freeing jailed comrades.</p>
<p>And in a sign the hostage-takers were still defiant on Saturday, they put a placard up to a window of the besieged residence lambasting the Peruvian army for alleged human rights abuses during a recent sweep in the jungle.</p>
<p>&quot;Stop the torture and arbitrary detention of civilians in the central jungle,&quot; it read.</p>
<p>A leading Peruvian human rights group and villagers in the counties of Junin and Pasco about 200 miles (300 km) east of Lima support the MRTA's claim that the army has tortured peasants in an ongoing offensive to flush the rebels out of their strongholds.</p>
<p>Fujimori dismissed the accusations as an attempt to disparage the security forces and the army said it fully respected human rights in the capture of 38 &quot;MRTA terrorists&quot;.</p>
</text>
<copyright>(c) Reuters Limited 1997</copyright>
<metadata>
<codes class="bip:countries:1.0">
  <code code="JAP">
    <editdetail attribution="Reuters BIP Coding Group" action="confirmed" date="1997-03-22"/>
  </code>
  <code code="PERU">
    <editdetail attribution="Reuters BIP Coding Group" action="confirmed" date="1997-03-22"/>
  </code>
</codes>
<codes class="bip:topics:1.0">
  <code code="GCAT">
    <editdetail attribution="Reuters BIP Coding Group" action="confirmed" date="1997-03-22"/>
  </code>
  <code code="GVIO">
    <editdetail attribution="Reuters BIP Coding Group" action="confirmed" date="1997-03-22"/>
  </code>
</codes>
<dc element="dc.date.created" value="1997-03-22"/>
<dc element="dc.publisher" value="Reuters Holdings Plc"/>
<dc element="dc.date.published" value="1997-03-22"/>
<dc element="dc.source" value="Reuters"/>
<dc element="dc.creator.location" value="LIMA"/>
<dc element="dc.creator.location.country.name" value="PERU"/>
<dc element="dc.source" value="Reuters"/>
</metadata>
</newsitem>
