<?xml version="1.0" encoding="iso-8859-1" ?>
<newsitem itemid="461514" id="root" date="1997-03-22" xml:lang="en">
<title>UK: Masterspy turned out to be British schoolboy hacker.</title>
<headline>Masterspy turned out to be British schoolboy hacker.</headline>
<byline>Paul Majendie</byline>
<dateline>LONDON 1997-03-22</dateline>
<text>
<p>A masterspy who the Pentagon believed to be more deadly than the KGB turned out to be a British schoolboy hacker working out of his bedroom.</p>
<p>U.S. military chiefs feared that an East European spy ring had gained access to their innermost intelligence secrets and hacked into American Air Defence systems.</p>
<p>But a 13-month investigation and a dramatic police raid on his London home revealed that 16-year-old music student Richard Pryce was the culprit.</p>
<p>Pryce, known on the internet as &quot;The Datastream Cowboy&quot;, was fined 1,200 pounds ($1,915) on Friday by a London court after what his lawyer called &quot;a schoolboy prank&quot; reminiscent of the Hollywood film &quot;War Games.&quot;</p>
<p>The U.S. Senate armed services committee was told the mystery hacker was the number one threat to U.S. security.</p>
<p>He was said to have downloaded dozens of secret files, including details of the research and development of ballistic missiles. Up to 200 security breaches were logged.</p>
<p>Using a 750 pound ($1,197) computer and modem, Pryce hacked into computers at Griffiss Air Base in New York and a network in California run by the missile and aircraft manufacturer Lockheed.</p>
<p>&quot;Those places were a lot easier to get into than university computers in England,&quot; Pryce told reporters. &quot;It was more of a challenge really, going somewhere I wasn't meant to. If you set out to go somewhere and you get there, other hackers would be impressed,&quot; he said.</p>
<p>His prank put Pryce on the front pages of most British newspapers on Saturday with tales of &quot;The Schoolboy masterspy&quot; and &quot;The Boy who cracked open the Pentagon.&quot;</p>
<p>Pryce, now 19, has been offered sizeable sums for the book and film rights to his story but his parents say he prefers to stick to his double bass and concentrate on winning a place in a leading London orchestra.</p>
<p>&quot;Quite remarkably in a society dominated by sleaze, he has refused all the offers and wants to resume his quiet life,&quot; said his father, Nick Robertson.</p>
<p>His computer skills were not reflected in his exam results -- he was only awarded a 'D' grade.</p>
</text>
<copyright>(c) Reuters Limited 1997</copyright>
<metadata>
<codes class="bip:countries:1.0">
  <code code="UK">
    <editdetail attribution="Reuters BIP Coding Group" action="confirmed" date="1997-03-22"/>
  </code>
  <code code="USA">
    <editdetail attribution="Reuters BIP Coding Group" action="confirmed" date="1997-03-22"/>
  </code>
</codes>
<codes class="bip:topics:1.0">
  <code code="GCAT">
    <editdetail attribution="Reuters BIP Coding Group" action="confirmed" date="1997-03-22"/>
  </code>
  <code code="GCRIM">
    <editdetail attribution="Reuters BIP Coding Group" action="confirmed" date="1997-03-22"/>
  </code>
  <code code="GDEF">
    <editdetail attribution="Reuters BIP Coding Group" action="confirmed" date="1997-03-22"/>
  </code>
  <code code="GODD">
    <editdetail attribution="Reuters BIP Coding Group" action="confirmed" date="1997-03-22"/>
  </code>
  <code code="GPRO">
    <editdetail attribution="Reuters BIP Coding Group" action="confirmed" date="1997-03-22"/>
  </code>
</codes>
<dc element="dc.date.created" value="1997-03-22"/>
<dc element="dc.publisher" value="Reuters Holdings Plc"/>
<dc element="dc.date.published" value="1997-03-22"/>
<dc element="dc.source" value="Reuters"/>
<dc element="dc.creator.location" value="LONDON"/>
<dc element="dc.creator.location.country.name" value="UK"/>
<dc element="dc.source" value="Reuters"/>
</metadata>
</newsitem>
