<?xml version="1.0" encoding="iso-8859-1" ?>
<newsitem itemid="461521" id="root" date="1997-03-22" xml:lang="en">
<title>SOUTH AFRICA: S.Africa's Mbeki to talk peace with Zaire's Mobutu.</title>
<headline>S.Africa's Mbeki to talk peace with Zaire's Mobutu.</headline>
<dateline>JOHANNESBURG 1997-03-22</dateline>
<text>
<p>South African Deputy President Thabo Mbeki jets into Kinshasa on Sunday to meet Zairean President Mobutu Sese Seko over efforts to obtain a ceasefire and peace talks, his spokesman said on Saturday.</p>
<p>&quot;I can confirm the deputy president's leaving for Kinshasa tomorrow (Sunday) where he's going to be meeting with President Mobutu,&quot; Mbeki's spokesman Ricky Naidoo told Reuters.</p>
<p>Mbeki attended a summit of African leaders in Nairobi, Kenya on Wednesday that called for an immediate ceasefire in Africa's third largest country.</p>
<p>Naidoo said the meeting with Mobutu would be a follow-on to those discussions ahead of a further summit in Lome, Togo, on March 26.</p>
<p>&quot;It's an extension of that process. Because of the concerns applying to Zaire, the deputy president is going to consult with President Mobutu and will be briefing him on what's going on to try to arrive at a solution,&quot; Naidoo said.</p>
<p>He said it was not a attempt by South Africa's heir-apparent to President Nelson Mandela to digress from other international initiatives to broker a peaceful resolution to the rebellion -- launched in eastern Zaire by Laurent Kabila.</p>
<p>&quot;The South African process is not an isolated process. It is part of the whole Organisation of African Unity process and that of the four heads of state also involved which includes Kenya, Zimbabwe and the Congo,&quot; Naidoo said.</p>
<p>Mobutu returned home to Kinshasa on Friday from a mansion on the French Riviera where he had been convalescing after prostate cancer surgery last year.</p>
<p>Meanwhile, Mbeki told South African state radio on Saturday that he was hopeful that both Mobutu and Kabila would attend the Lome summit.</p>
<p>&quot;There must be a negotiated resolution of this question and therefore that means the government of Zaire and Kabila and his people have a need to get together. Now that might very well be the occasion when they do,&quot; the deputy president said.</p>
</text>
<copyright>(c) Reuters Limited 1997</copyright>
<metadata>
<codes class="bip:countries:1.0">
  <code code="SAFR">
    <editdetail attribution="Reuters BIP Coding Group" action="confirmed" date="1997-03-22"/>
  </code>
  <code code="ZAIRE">
    <editdetail attribution="Reuters BIP Coding Group" action="confirmed" date="1997-03-22"/>
  </code>
</codes>
<codes class="bip:topics:1.0">
  <code code="GCAT">
    <editdetail attribution="Reuters BIP Coding Group" action="confirmed" date="1997-03-22"/>
  </code>
  <code code="GDIP">
    <editdetail attribution="Reuters BIP Coding Group" action="confirmed" date="1997-03-22"/>
  </code>
  <code code="GVIO">
    <editdetail attribution="Reuters BIP Coding Group" action="confirmed" date="1997-03-22"/>
  </code>
</codes>
<dc element="dc.date.created" value="1997-03-22"/>
<dc element="dc.publisher" value="Reuters Holdings Plc"/>
<dc element="dc.date.published" value="1997-03-22"/>
<dc element="dc.source" value="Reuters"/>
<dc element="dc.creator.location" value="JOHANNESBURG"/>
<dc element="dc.creator.location.country.name" value="SOUTH AFRICA"/>
<dc element="dc.source" value="Reuters"/>
</metadata>
</newsitem>
