<?xml version="1.0" encoding="iso-8859-1" ?>
<newsitem itemid="461505" id="root" date="1997-03-22" xml:lang="en">
<title>UK: British soldier held on N.Ireland gun charge.</title>
<headline>British soldier held on N.Ireland gun charge.</headline>
<dateline>BELFAST 1997-03-22</dateline>
<text>
<p>A British soldier was charged on Saturday with an arms offence linked to a Northern Ireland shooting that was first blamed on Irish Republican Army guerrillas fighting to end Britain's rule.</p>
<p>A court in Antrim ordered Jonathan Smiley, 23, serving with the engineering corps, to be held in custody accused of having a weapon and ammunition in suspicious circumstances.</p>
<p>Two soldiers escaped injury when shots hit their vehicle at a roundabout on a road near Belfast International Airport in County Antrim on February 7.</p>
<p>&quot;It is not now thought to be terrorist-related,&quot; a security source said.</p>
</text>
<copyright>(c) Reuters Limited 1997</copyright>
<metadata>
<codes class="bip:countries:1.0">
  <code code="IRE">
    <editdetail attribution="Reuters BIP Coding Group" action="confirmed" date="1997-03-22"/>
  </code>
  <code code="UK">
    <editdetail attribution="Reuters BIP Coding Group" action="confirmed" date="1997-03-22"/>
  </code>
</codes>
<codes class="bip:topics:1.0">
  <code code="GCAT">
    <editdetail attribution="Reuters BIP Coding Group" action="confirmed" date="1997-03-22"/>
  </code>
  <code code="GCRIM">
    <editdetail attribution="Reuters BIP Coding Group" action="confirmed" date="1997-03-22"/>
  </code>
  <code code="GVIO">
    <editdetail attribution="Reuters BIP Coding Group" action="confirmed" date="1997-03-22"/>
  </code>
</codes>
<dc element="dc.date.created" value="1997-03-22"/>
<dc element="dc.publisher" value="Reuters Holdings Plc"/>
<dc element="dc.date.published" value="1997-03-22"/>
<dc element="dc.source" value="Reuters"/>
<dc element="dc.creator.location" value="BELFAST"/>
<dc element="dc.creator.location.country.name" value="UK"/>
<dc element="dc.source" value="Reuters"/>
</metadata>
</newsitem>
