<?xml version="1.0" encoding="iso-8859-1" ?>
<newsitem itemid="461535" id="root" date="1997-03-22" xml:lang="en">
<title>NIGERIA: Nigeria says refineries fine despite fuel crunch.</title>
<headline>Nigeria says refineries fine despite fuel crunch.</headline>
<dateline>LAGOS 1997-03-22</dateline>
<text>
<p>State-run Nigerian National Petroleum Corp (NNPC) said on Saturday that Nigerian refineries were operating normally despite a fuel shortage that has gripped the oil-producing nation.</p>
<p>&quot;Refineries operation has nothing to do with the problem of product supply in Lagos,&quot; NNPC said in a statement.</p>
<p>Lagos, the biggest city, and several neighbouring areas are suffering a fuel shortage, the fifth this year in a perennial phenomenon in Africa's leading crude oil producer.</p>
<p>Local newspapers blame the latest shortage on the state of the refineries but also say vessels carrying fuel from the south-east could not dock in Lagos because their crew did not have proper immigration papers.</p>
<p>The NNPC statement said its refineries in Port Harcourt, Kaduna and Warri had been operating steadily for the past two to three weeks.</p>
<p>&quot;Warri refinery particularly, this morning, actually commissioned an additional catalytic reforming unit that has been under rehabilitation since 1994,&quot; it said, adding &quot;This has the effect of enhancing the refinery's petrol production.&quot;</p>
<p>&quot;The only known and identified cause of the fuel shortage in Lagos and its environs is the activities of immigration personnel within the security task force at the product evacuation ports,&quot; the NNPC said.</p>
<p>Nigeria's four refineries have a theoretical capacity of 445,000 barrels per day but produce well below that.</p>
<p>The NNPC statement said Port Harcourt and Kaduna refineries were producing at 70 percent capacity and Warri at 60 percent. It was silent about the second refinery also located in Port Harcourt.</p>
<p>-- Lagos newsroom +234 1 2630317</p>
</text>
<copyright>(c) Reuters Limited 1997</copyright>
<metadata>
<codes class="bip:countries:1.0">
  <code code="NIGEA">
    <editdetail attribution="Reuters BIP Coding Group" action="confirmed" date="1997-03-22"/>
  </code>
</codes>
<codes class="bip:industries:1.0">
  <code code="I13000">
    <editdetail attribution="Reuters BIP Coding Group" action="confirmed" date="1997-03-22"/>
  </code>
  <code code="I1300003">
    <editdetail attribution="Reuters BIP Coding Group" action="confirmed" date="1997-03-22"/>
  </code>
  <code code="I14000">
    <editdetail attribution="Reuters BIP Coding Group" action="confirmed" date="1997-03-22"/>
  </code>
</codes>
<codes class="bip:topics:1.0">
  <code code="C21">
    <editdetail attribution="Reuters BIP Coding Group" action="confirmed" date="1997-03-22"/>
  </code>
  <code code="CCAT">
    <editdetail attribution="Reuters BIP Coding Group" action="confirmed" date="1997-03-22"/>
  </code>
</codes>
<dc element="dc.date.created" value="1997-03-22"/>
<dc element="dc.publisher" value="Reuters Holdings Plc"/>
<dc element="dc.date.published" value="1997-03-22"/>
<dc element="dc.source" value="Reuters"/>
<dc element="dc.creator.location" value="LAGOS"/>
<dc element="dc.creator.location.country.name" value="NIGERIA"/>
<dc element="dc.source" value="Reuters"/>
</metadata>
</newsitem>
