<?xml version="1.0" encoding="iso-8859-1" ?>
<newsitem itemid="461573" id="root" date="1997-03-22" xml:lang="en">
<title>MEXICO: Mexico's Cardenas launches political comeback.</title>
<headline>Mexico's Cardenas launches political comeback.</headline>
<byline>David Luhnow</byline>
<dateline>MEXICO CITY 1997-03-21</dateline>
<text>
<p>Tens of thousands of Mexicans gathered in Mexico City's central square on Friday to help launch a campaign by left-wing veteran Cuauhtemoc Cardenas to become this capital city's first elected mayor.</p>
<p>Chants of &quot;Viva Cuauhtemoc&quot; rose from the crowd of about 30,000 supporters of the leftist Party of the Democratic Revolution (PRD) that assembled in front of the national palace and city hall despite rain and a long holiday weekend.</p>
<p>Polls show Cardenas, son of a popular ex-president, as the front runner for what is arguably the country's second most powerful post and the most widely-watched political contest of the July mid-term elections.</p>
<p>After nearly winning the 1988 presidential race, but faltering badly in a second try three years ago, Cardenas' bid to become mayor of this city of more than 16 million people has breathed new life into a political career considered moribund just a few months ago.</p>
<p>&quot;The other parties all view us as the victors. But we must not get complacent and rest on our laurels before the race is won,&quot; the 62-year old politician said.</p>
<p>A recent poll by Indermerc/Louis Harris put Cardenas nine percentage points ahead of his nearest rival, conservative Carlos Castillo Peraza. The candidate for the ruling Instutitional Revolutionary Party (PRI) was in third place.</p>
<p>The leftist candidate repeatedly blasted the PRI, which has held power for 68 years, as a haven for corruption following a series of political scandals in the past few years that have eroded government support.</p>
<p>&quot;Enough of corruption ... we want a city transparent in both its air and administration,&quot; Cardenas told residents of this polluted metropolis, which will elect its mayor for the first time rather than have the post hand-picked by the president.</p>
<p>He also blamed the government's economic policies for the 1994-1995 economic crisis, the country's worst recession since the Great Depression -- offering instead a vision of economic prosperity and social justice.</p>
<p>Supporters, mostly lower middle-class professionals and the poor, waved yellow and black flags of the PRD party and chanted anti-government slogans, blaming it for a widening gap between the haves and have-nots that has made Cardenas' message increasingly relevant -- even to the middle class.</p>
<p>&quot;Cardenas will win because he is honest and he cares about the people,&quot; Hector Miguel Barrera, a 68-year-old major in the Mexican army who attended the rally said.</p>
<p>Cardenas enjoys widespread sympathy among Mexicans in part because of his father Lazaro's hugely popular 1934-1940 administration. Many believe electoral fraud cheated the younger Cardenas out of a presidential win in 1988.</p>
<p>Reflecting voter fears the PRI could use dirty tricks to keep Mexico City, Cardenas vowed he would not tolerate fraud.</p>
<p>&quot;This time around, we will not just have the force of reason on our side, but the capacity to be able to back it up,&quot; Cardenas said, prompting shouts of &quot;duro, duro&quot; or &quot;tough, tough&quot; from the crowd.</p>
<p>Most observers expect Cardenas' lead to narrow as his lesser known opponents campaign in earnest. Castillo Peraza's National Action Party (PAN) is widely viewed as the strongest opposition party but was hurt when its charismatic lawyer Diego Fernandez chose not to run.</p>
</text>
<copyright>(c) Reuters Limited 1997</copyright>
<metadata>
<codes class="bip:countries:1.0">
  <code code="MEX">
    <editdetail attribution="Reuters BIP Coding Group" action="confirmed" date="1997-03-22"/>
  </code>
</codes>
<codes class="bip:topics:1.0">
  <code code="GCAT">
    <editdetail attribution="Reuters BIP Coding Group" action="confirmed" date="1997-03-22"/>
  </code>
  <code code="GPOL">
    <editdetail attribution="Reuters BIP Coding Group" action="confirmed" date="1997-03-22"/>
  </code>
  <code code="GVIO">
    <editdetail attribution="Reuters BIP Coding Group" action="confirmed" date="1997-03-22"/>
  </code>
</codes>
<dc element="dc.date.created" value="1997-03-21"/>
<dc element="dc.publisher" value="Reuters Holdings Plc"/>
<dc element="dc.date.published" value="1997-03-22"/>
<dc element="dc.source" value="Reuters"/>
<dc element="dc.creator.location" value="MEXICO CITY"/>
<dc element="dc.creator.location.country.name" value="MEXICO"/>
<dc element="dc.source" value="Reuters"/>
</metadata>
</newsitem>
