<?xml version="1.0" encoding="iso-8859-1" ?>
<newsitem itemid="461566" id="root" date="1997-03-22" xml:lang="en">
<title>COLOMBIA: Colombian truckers vote to strike.</title>
<headline>Colombian truckers vote to strike.</headline>
<dateline>BOGOTA 1997-03-22</dateline>
<text>
<p>Colombia's main truckers' association voted Saturday for a national strike to protest transport companies' failure to fulfil the terms of a deal hammered out last October, one of the group's leaders said.</p>
<p>Mario Quiroga, a member of the national directorate of the Colombian Truck Drivers' Association (ACC), which represents about 80 percent of Colombia's truckers, said the start date of the strike would be set later on Saturday.</p>
<p>The decision was taken at an association meeting in the southern city of Pasto.</p>
<p>&quot;The strike is definite. We have taken the decision but still have not fixed the time and date. We expect to do that toward the end of the meeting Saturday,&quot; Quiroga told Reuter in a phone interview.</p>
<p>The association staged a crippling 11-day strike last October which virtually paralysed all Colombia's road transport and severely delayed coffee exports.</p>
</text>
<copyright>(c) Reuters Limited 1997</copyright>
<metadata>
<codes class="bip:countries:1.0">
  <code code="COL">
    <editdetail attribution="Reuters BIP Coding Group" action="confirmed" date="1997-03-22"/>
  </code>
</codes>
<codes class="bip:industries:1.0">
  <code code="I72300">
    <editdetail attribution="Reuters BIP Coding Group" action="confirmed" date="1997-03-22"/>
  </code>
</codes>
<codes class="bip:topics:1.0">
  <code code="C42">
    <editdetail attribution="Reuters BIP Coding Group" action="confirmed" date="1997-03-22"/>
  </code>
  <code code="CCAT">
    <editdetail attribution="Reuters BIP Coding Group" action="confirmed" date="1997-03-22"/>
  </code>
  <code code="E41">
    <editdetail attribution="Reuters BIP Coding Group" action="confirmed" date="1997-03-22"/>
  </code>
  <code code="ECAT">
    <editdetail attribution="Reuters BIP Coding Group" action="confirmed" date="1997-03-22"/>
  </code>
  <code code="GCAT">
    <editdetail attribution="Reuters BIP Coding Group" action="confirmed" date="1997-03-22"/>
  </code>
  <code code="GJOB">
    <editdetail attribution="Reuters BIP Coding Group" action="confirmed" date="1997-03-22"/>
  </code>
</codes>
<dc element="dc.date.created" value="1997-03-22"/>
<dc element="dc.publisher" value="Reuters Holdings Plc"/>
<dc element="dc.date.published" value="1997-03-22"/>
<dc element="dc.source" value="Reuters"/>
<dc element="dc.creator.location" value="BOGOTA"/>
<dc element="dc.creator.location.country.name" value="COLOMBIA"/>
<dc element="dc.source" value="Reuters"/>
</metadata>
</newsitem>
