<?xml version="1.0" encoding="iso-8859-1" ?>
<newsitem itemid="461537" id="root" date="1997-03-22" xml:lang="en">
<title>ERITREA: Sudan rebels say they 50 km from southern city.</title>
<headline>Sudan rebels say they 50 km from southern city.</headline>
<byline>Victoria Engstrand</byline>
<dateline>ASMARA, Eritrea 1997-03-22</dateline>
<text>
<p>Sudanese rebels said on Saturday they were only about 50 km (30 miles) from the southern city of Juba and they were certain to capture it.</p>
<p>At the end of a four-day meeting of leaders of the Sudanese opposition, Commander Deng Alor Koul of the Sudan People's Liberation Army (SPLA) however said he could not say when Juba would fall.</p>
<p>&quot;Juba is our military objective. We are now approximately 30 miles (50 km) from Juba. We cannot give a time frame, but we are certain we will take Juba,&quot; he told reporters in the Eritrean capital.</p>
<p>Following a visit this week by foreign journalists to parts of southern Sudan recently captured by rebels, Sudan's First Vice President Al-Zubeir Mohammad Saleh was quoted on Saturday as denying that rebels had seized contested areas in the south.</p>
<p>The Sudan al-Hadith newspaper quoted Saleh as saying rebel claims that they have captured southern positions were &quot;mere allegations&quot; and that Khartoum's army was in &quot;full control&quot;.</p>
<p>In what is seen by some diplomats as the most successful rebel offensive since 1983, the SPLA has seized territory in the east since January and in the south this month including the major southern town of Yei and much of the road north to Juba.</p>
<p>Khartoum accuses Uganda, Eritrea and Ethiopia of sending troops into Sudan to fight alongside the rebels. The three countries have denied any involvement in the civil war.</p>
<p>In a statement at the end of their meeting, the leaders of the National Democratic Alliance (NDA), a coalition of Sudanese opposition groups, said they had decided on preparations for an interim period after the Khartoum government was overthrown.</p>
<p>Former prime minister Sadiq al-Mahdi, who fled to Asmara from Khartoum in December, attended the meeting, which also decided to tighten coordination among the rebel forces.</p>
<p>The statement said NDA leaders would support popular movements inside Sudan, appeal to Sudanese outside the country and strengthen NDA radio as a tool for mobilisation.</p>
<p>The NDA said it wanted a boycott of government institutions outside Sudan and would launch a diplomatic offensive within three months to increase international isolation of Khartoum.</p>
<p>It said countries and individuals who supported the Sudanese government were attacking Sudan's people and companies investing in Sudan would be considered as legitimate military targets.</p>
<p>The SPLA has been fighting since 1983 for greater autonomy or independence of the Christian and animist south from the Moslem and Arabised north. The NDA says it wants to trigger a popular uprising in Khartoum against the Islamist government.</p>
</text>
<copyright>(c) Reuters Limited 1997</copyright>
<metadata>
<codes class="bip:countries:1.0">
  <code code="ERTRA">
    <editdetail attribution="Reuters BIP Coding Group" action="confirmed" date="1997-03-22"/>
  </code>
  <code code="SUDAN">
    <editdetail attribution="Reuters BIP Coding Group" action="confirmed" date="1997-03-22"/>
  </code>
</codes>
<codes class="bip:topics:1.0">
  <code code="GCAT">
    <editdetail attribution="Reuters BIP Coding Group" action="confirmed" date="1997-03-22"/>
  </code>
  <code code="GVIO">
    <editdetail attribution="Reuters BIP Coding Group" action="confirmed" date="1997-03-22"/>
  </code>
</codes>
<dc element="dc.date.created" value="1997-03-22"/>
<dc element="dc.publisher" value="Reuters Holdings Plc"/>
<dc element="dc.date.published" value="1997-03-22"/>
<dc element="dc.source" value="Reuters"/>
<dc element="dc.creator.location" value="ASMARA, Eritrea"/>
<dc element="dc.creator.location.country.name" value="ERITREA"/>
<dc element="dc.source" value="Reuters"/>
</metadata>
</newsitem>
