<?xml version="1.0" encoding="iso-8859-1" ?>
<newsitem itemid="461533" id="root" date="1997-03-22" xml:lang="en">
<title>ZAIRE: Shaba political leader urges Mobutu-Kabila talks.</title>
<headline>Shaba political leader urges Mobutu-Kabila talks.</headline>
<byline>Richard Meares</byline>
<dateline>LUBUMBASHI, Zaire 1997-03-22</dateline>
<text>
<p>The leading politician in Zaire's mineral-rich Shaba region urged rebel leader Laurent Kabila on Saturday to agree to a peace initiative from his foe, President Mobutu Sese Seko.</p>
<p>Mobutu, weak after cancer treatment in Europe, returned home on Friday after proposing a National Council to end the five-month civil war and chart a future for the vast, chaotic Central African republic.</p>
<p>Kyungu wa Kumwanza, Shaba's suspended governor and leader of the major pro-autonomy opposition party, UFERI, said the Council met his own demand that peace talks must include regional powers like himself, not just Kabila and Mobutu.</p>
<p>&quot;If I have a message for Kabila now it is that he must talk to Mobutu, the only solution is that they meet,&quot; he told Reuters at his home in Zaire's second city Lubumbashi, some 1,700 km (1,050 miles) southeast of the capital Kinshasa.</p>
<p>Kabila, who long demanded face-to-face talks with Mobutu before any ceasefire, said this week after taking the prized jungle city of Kisangani that only talks on the president's resignation could now bring a truce.</p>
<p>Despite his opposition status, some critics associate Kyungu, governor until 1995, with the corruption and self-enrichment that has characterised Mobutu's three decades in power and left a potentially rich country in rags.</p>
<p>His name is on a widely publicised list, supposedly drawn up by Kabila, of people the rebels will not cooperate with.</p>
<p>However, Kyungu and his party are the strongest political force in Shaba, or Katanga as they call it. They say Shaba's copper, cobalt and other precious minerals have the potential -- squandered under Mobutu's chaotic rule -- to make it wealthy.</p>
<p>U.N. special envoy Mohamed Sahnoun flew to Kisangani on Saturday for talks with Kabila, which Kyungu said was a sign that Paris and Washington, long divided over Zaire, had now agreed to pressure him for peace.</p>
<p>Diplomats said Sahnoun was believed to be carrying a special message and proposals for a ceasefire.</p>
<p>A political source said Kabila was coming under heavy pressure to stop fighting, especially after Mobutu's latest proposals, the first time he had agreed to talk to the rebels.</p>
<p>&quot;He now risks being labelled 'the bad boy' if he continues to refuse to do so,&quot; the source said.</p>
<p>Kabila's forces have taken the north of Shaba -- his home province -- and are about 400 km (250 miles) from its capital Lubumbashi, their positions little changed since a week ago.</p>
<p>Last weekend, a wave of panic swept the city after Kabila, basking in the glory of his fresh conquest of Kisangani, declared Lubumbashi, home to a million people, his next goal.</p>
<p>Since then he seems to have changed his mind, declaring that Kinshasa and the diamond capital Mbuji-Mayi were next.</p>
<p>Lubumbashi, whose people say they are waiting for Kabila with open arms, has calmed since then. The main fear, of looting by Zairean soldiers before they flee, has eased since commanders apparently disarmed more volatile army units.</p>
</text>
<copyright>(c) Reuters Limited 1997</copyright>
<metadata>
<codes class="bip:countries:1.0">
  <code code="CAFR">
    <editdetail attribution="Reuters BIP Coding Group" action="confirmed" date="1997-03-22"/>
  </code>
  <code code="ZAIRE">
    <editdetail attribution="Reuters BIP Coding Group" action="confirmed" date="1997-03-22"/>
  </code>
</codes>
<codes class="bip:topics:1.0">
  <code code="GCAT">
    <editdetail attribution="Reuters BIP Coding Group" action="confirmed" date="1997-03-22"/>
  </code>
  <code code="GPOL">
    <editdetail attribution="Reuters BIP Coding Group" action="confirmed" date="1997-03-22"/>
  </code>
  <code code="GVIO">
    <editdetail attribution="Reuters BIP Coding Group" action="confirmed" date="1997-03-22"/>
  </code>
</codes>
<dc element="dc.date.created" value="1997-03-22"/>
<dc element="dc.publisher" value="Reuters Holdings Plc"/>
<dc element="dc.date.published" value="1997-03-22"/>
<dc element="dc.source" value="Reuters"/>
<dc element="dc.creator.location" value="LUBUMBASHI, Zaire"/>
<dc element="dc.creator.location.country.name" value="ZAIRE"/>
<dc element="dc.source" value="Reuters"/>
</metadata>
</newsitem>
