<?xml version="1.0" encoding="iso-8859-1" ?>
<newsitem itemid="461556" id="root" date="1997-03-22" xml:lang="en">
<title>UKRAINE: Ukraine's Kuchma names acting privatisation head.</title>
<headline>Ukraine's Kuchma names acting privatisation head.</headline>
<dateline>KIEV 1997-03-22</dateline>
<text>
<p>President Leonid Kuchma on Saturday named Volodymyr Lanovy as acting head of Ukraine's State Property Fund and asked parliament to approve his full appointment, the president's press service said.</p>
<p>&quot;The president signed a decree naming Lanovy acting head of the fund and sent a request to parliament asking it to appoint him,&quot; the spokeswoman told Reuters by telephone.</p>
<p>Lanovy, an economist and former deputy prime minister, will take over from Yuri Yekhanurov who was appointed minister of the economy in a cabinet reshuffle last month.</p>
<p>Under the constitution parliament must approve Lanovy's appointment.</p>
<p>Alexander Bondar, the fund's deputy chief, has said it would have to wait for a new chief before a 1997 privatisation plan could be agreed in the conservative-dominated parliament which is supervising the agency now.</p>
<p>Ukraine has yet to sell off any large-scale enterprises, a process which is supposed to begin this year.</p>
<p>Lanovy, born in 1952, was appointed state minister in charge of property and enterprise in 1991.</p>
<p>Later he became economy minister and set up a centre for market reforms before being appointed adviser to Kuchma on economic policy in May last year.</p>
</text>
<copyright>(c) Reuters Limited 1997</copyright>
<metadata>
<codes class="bip:countries:1.0">
  <code code="UKRN">
    <editdetail attribution="Reuters BIP Coding Group" action="confirmed" date="1997-03-22"/>
  </code>
</codes>
<codes class="bip:topics:1.0">
  <code code="C18">
    <editdetail attribution="Reuters BIP Coding Group" action="confirmed" date="1997-03-22"/>
  </code>
  <code code="C183">
    <editdetail attribution="Reuters BIP Coding Group" action="confirmed" date="1997-03-22"/>
  </code>
  <code code="C41">
    <editdetail attribution="Reuters BIP Coding Group" action="confirmed" date="1997-03-22"/>
  </code>
  <code code="C411">
    <editdetail attribution="Reuters BIP Coding Group" action="confirmed" date="1997-03-22"/>
  </code>
  <code code="CCAT">
    <editdetail attribution="Reuters BIP Coding Group" action="confirmed" date="1997-03-22"/>
  </code>
  <code code="E21">
    <editdetail attribution="Reuters BIP Coding Group" action="confirmed" date="1997-03-22"/>
  </code>
  <code code="ECAT">
    <editdetail attribution="Reuters BIP Coding Group" action="confirmed" date="1997-03-22"/>
  </code>
  <code code="GCAT">
    <editdetail attribution="Reuters BIP Coding Group" action="confirmed" date="1997-03-22"/>
  </code>
  <code code="GPOL">
    <editdetail attribution="Reuters BIP Coding Group" action="confirmed" date="1997-03-22"/>
  </code>
</codes>
<dc element="dc.date.created" value="1997-03-22"/>
<dc element="dc.publisher" value="Reuters Holdings Plc"/>
<dc element="dc.date.published" value="1997-03-22"/>
<dc element="dc.source" value="Reuters"/>
<dc element="dc.creator.location" value="KIEV"/>
<dc element="dc.creator.location.country.name" value="UKRAINE"/>
<dc element="dc.source" value="Reuters"/>
</metadata>
</newsitem>
