<?xml version="1.0" encoding="iso-8859-1" ?>
<newsitem itemid="461561" id="root" date="1997-03-22" xml:lang="en">
<title>ALBANIA: Albania PM says Berisha ouster would cause vacuum.</title>
<headline>Albania PM says Berisha ouster would cause vacuum.</headline>
<byline>Giles Elgood</byline>
<dateline>TIRANA 1997-03-22</dateline>
<text>
<p>Albanian Prime Minister Bashkim Fino on Saturday dismissed calls for embattled President Sali Berisha to quit, saying his resignation would cause a power vacuum in a country still reeling from weeks of unrest.</p>
<p>In a clear rebuff to rebels in southern Albania who have been demanding that Berisha should resign, Fino said in an interview with Reuters that the government had more pressing tasks in restoring order and distributing humanitarian aid.</p>
<p>Fino, a member of the opposition Socialist Party, was appointed last week by Berisha to lead an interim national unity government ahead of elections in June.</p>
<p>But he has been locked in a power struggle with Berisha's Democrats who control 122 of the 140 seats in parliament after elections last May that international observers said were deeply flawed.</p>
<p>&quot;The government has a more important mission than asking for the president's resignation,&quot; Fino said. &quot;It would create an institutional vacuum if Berisha were to resign.&quot;</p>
<p>Opposition leaders have made it clear that they want an end to Berisha's presidency, but they would prefer this was brought about by democratic means. Berisha himself has promised to quit if his party loses the June election.</p>
<p>Fino was speaking a day after rebel leaders from 14 towns in southern Albania issued a fresh call for Berisha to resign, but pulled back from a confrontation with the government.</p>
<p>Albania's unrest blew up first in the south after shady pyramid investment schemes collapsed and left thousands of families destitute. Angry Albanians looted thousands of guns from army barracks and took control of their towns.</p>
<p>Fino said he was ready to open a dialogue with the south, but urged the rebels to come up with a coherent consensus that would help the government restore order.</p>
<p>A delegation from the rebel held southern port of Vlore was expected to meet Fino on Saturday.</p>
<p>The prime minister acknowledged that outside aid could not be delivered to Albania in significant quantities until order was restored.</p>
<p>Fino, who travels to Rome for talks next week with European Union foreign ministers, urged the EU and the United States to move more quickly to help Albania, which he said was a member of the &quot;big European family&quot;.</p>
<p>&quot;Europe and the United States have given their message and I thank them for their strong support of the government of national reconciliation,&quot; Fino said. &quot;But I would like them to move faster in providing concrete economic assistance.&quot;</p>
<p>Italy said on Friday it was preparing to send emergency health supplies to Albania over the weekend after a request from Fino.</p>
<p>In their statement on Friday, southern rebel leaders demanded that the government investigate the collapsed pyramid schemes with a view to finding ways of repaying people's losses. Albanians are estimated to have sunk up to $2 billion into the schemes.</p>
<p>But Fino made it clear that there was no immediate prospect of the interim national unity government being able to return any lost money and he personally thought it was &quot;impossible that losses would be repaid.</p>
<p>He suggested however that an all-party commission might be set up to examine the problem of the pyramid scheme companies.</p>
</text>
<copyright>(c) Reuters Limited 1997</copyright>
<metadata>
<codes class="bip:countries:1.0">
  <code code="ALB">
    <editdetail attribution="Reuters BIP Coding Group" action="confirmed" date="1997-03-22"/>
  </code>
</codes>
<codes class="bip:topics:1.0">
  <code code="GCAT">
    <editdetail attribution="Reuters BIP Coding Group" action="confirmed" date="1997-03-22"/>
  </code>
  <code code="GVIO">
    <editdetail attribution="Reuters BIP Coding Group" action="confirmed" date="1997-03-22"/>
  </code>
</codes>
<dc element="dc.date.created" value="1997-03-22"/>
<dc element="dc.publisher" value="Reuters Holdings Plc"/>
<dc element="dc.date.published" value="1997-03-22"/>
<dc element="dc.source" value="Reuters"/>
<dc element="dc.creator.location" value="TIRANA"/>
<dc element="dc.creator.location.country.name" value="ALBANIA"/>
<dc element="dc.source" value="Reuters"/>
</metadata>
</newsitem>
