<?xml version="1.0" encoding="iso-8859-1" ?>
<newsitem itemid="461549" id="root" date="1997-03-22" xml:lang="en">
<title>ALBANIA: Albanian PM rebuffs rebels, but offers dialogue.</title>
<headline>Albanian PM rebuffs rebels, but offers dialogue.</headline>
<byline>Colin McIntyre</byline>
<dateline>TIRANA 1997-03-22</dateline>
<text>
<p>Albanian Prime Minister Bashkim Fino on Saturday rebuffed rebels holding the south of the country by dismissing their calls for President Sali Berisha to quit but said he was ready to open a dialogue with them.</p>
<p>In an interview with Reuters, Fino said Berisha's resignation would cause a power vacuum in a country still reeling from weeks of looting and shooting by Albanians angry at the loss of their money in failed savings schemes.</p>
<p>Berisha himself, in a rare public statement, called on Albanians to work together to resolve the current crisis.</p>
<p>&quot;All Albanians should overcome the situation and look towards the future...We have not lost our trust in the future, our trust in democracy or in the European orientation of the country, which remain fundamental principles.&quot;</p>
<p>Fino said his all-party government appointed earlier this month had more pressing tasks than trying to force out Berisha, in particular restoring order, distributing humanitarian aid and preparing for elections in June.</p>
<p>Fino, a member of the opposition Socialist Party, has been locked in a power struggle with Berisha's Democrats, who control 122 of the 140 seats in parliament after elections last May that international observers said were deeply flawed.</p>
<p>&quot;The government has a more important mission than asking for the president's resignation,&quot; Fino said. &quot;It would create an institutional vacuum if Berisha were to resign.&quot;</p>
<p>Leaders of most political parties represented in the government have made it clear they want an end to Berisha's presidency, but would prefer this was brought about by democratic means.</p>
<p>Berisha, blamed by the rebels for not stopping the shady savings schemes, has promised to quit if his party loses new elections to be held by June.</p>
<p>Fino was speaking a day after rebel leaders from 14 towns in southern Albania issued a fresh call for Berisha to resign, but pulled back from a confrontation with the government by dropping plans to set up a rival leadership in the south.</p>
<p>On Saturday Fino had a meeting with rebel leaders from the southern port of Vlore, a focal point of the uprising, and according to state television appealed to them to act responsibly at a time when the territorial integrity of the country had become an imperative.</p>
<p>The premier said dialogue rather than ultimatums was crucial for getting the country back to normal.</p>
<p>Participants at the meeting promised Fino they would stabilise the situation in Vlore so it could serve as an example for the whole country, television reported.</p>
<p>Vlore, along with other rebel-held towns in the south, is ostensibly under the control of citizens' councils but there is widespread lawlessness following the looting of weapons from army depots at the start of the revolt.</p>
<p>Italy was preparing to send emergency health supplies to Albania at the weekend following a request from Fino. The Foreign Ministry in Rome said the supplies, in the form of health kits, would be enough for 300,000 people for a month.</p>
<p>No aid had arrived on Saturday morning, although an Italian air force transport plane flew in a further group of &quot;undesirable&quot; Albanian refugees expelled from Italy.</p>
<p>European Union foreign ministers are due to meet on Monday in Brussels to provide a blueprint for security measures to assist a major humanitarian relief mission in the wake of the unrest.</p>
</text>
<copyright>(c) Reuters Limited 1997</copyright>
<metadata>
<codes class="bip:countries:1.0">
  <code code="ALB">
    <editdetail attribution="Reuters BIP Coding Group" action="confirmed" date="1997-03-22"/>
  </code>
</codes>
<codes class="bip:topics:1.0">
  <code code="GCAT">
    <editdetail attribution="Reuters BIP Coding Group" action="confirmed" date="1997-03-22"/>
  </code>
  <code code="GPOL">
    <editdetail attribution="Reuters BIP Coding Group" action="confirmed" date="1997-03-22"/>
  </code>
  <code code="GVIO">
    <editdetail attribution="Reuters BIP Coding Group" action="confirmed" date="1997-03-22"/>
  </code>
</codes>
<dc element="dc.date.created" value="1997-03-22"/>
<dc element="dc.publisher" value="Reuters Holdings Plc"/>
<dc element="dc.date.published" value="1997-03-22"/>
<dc element="dc.source" value="Reuters"/>
<dc element="dc.creator.location" value="TIRANA"/>
<dc element="dc.creator.location.country.name" value="ALBANIA"/>
<dc element="dc.source" value="Reuters"/>
</metadata>
</newsitem>
