<?xml version="1.0" encoding="iso-8859-1" ?>
<newsitem itemid="461579" id="root" date="1997-03-22" xml:lang="en">
<title>PAPUA NEW GUINEA: Papua New Guinea major says rebels control army.</title>
<headline>Papua New Guinea major says rebels control army.</headline>
<byline>Michael Perry</byline>
<dateline>PORT MORESBY 1997-03-22</dateline>
<text>
<p>Rebel army officers in Papua New Guinea said on Saturday that they, not a commander appointed by the government, controlled the country's defence force.</p>
<p>As calm returned to the streets of the capital Port Moresby after two days of street violence, rebel officers again called on Prime Minister Sir Julius Chan to resign by next Tuesday, when parliament resumes ahead of June elections.</p>
<p>But rebel leader Major Walter Enuma said troops would take no action if Chan refused, saying only that public pressure could force him from office.</p>
<p>&quot;The defence force does not intend to take any action. We have achieved our military aim, it's up to the public to demonstrate and keep the pressure on the politicians,&quot; he said.</p>
<p>Troops meanwhile handed former British colonel Tim Spicer over to police. Spicer led a group of around 70 mercenaries hired in a US$36 million contract to crush an uprising on copper-rich Bougainville island but forced out of this South Pacific nation by troops they were meant to have led.</p>
<p>A police spokesman said Spicer, a former top U.N. peacekeeper who also served in the Falkands and Gulf wars, would be questioned and could then be released. British diplomats in Port Moresby were waiting for him to be handed over to them.</p>
<p>Some 50 of Spicer's men were forced out of the country on Friday by Enuma, following others who left earlier in the week.</p>
<p>The PNG political crisis began on Monday when army commander Brigadier-General Jerry Singirok demanded Chan quit over his hiring of Spicer's mercenaries. He also demanded Spicer and his men be expelled before they could launch a Bougainville assault.</p>
<p>Singirok was promptly fired and replaced by Colonel Alfred Aikung, an army outsider, but retains the loyalty of his troops and officers.</p>
<p>&quot;The acting commander does not have control of the defence force, the prime minister has been misled,&quot; Enuma told a news conference at army headquarters, Murray Barracks, on Saturday.</p>
<p>&quot;The acting commander does not have the confidence of the troops. We are in command, we are in control,&quot; added Enuma, surrounded by armed troops.</p>
<p>Outside Murray Barracks, near the scene of violent street battles this week between civilian protesters and police loyal to Chan, Aikung's burnt-out car gave further proof he had no control of the army. Onlookers said soldiers torced the car.</p>
<p>The car was covered in angry notices. &quot;Graduated from University of Pacific Engineering, majored in corruption, bribes, power-hungry and glory-seeking,&quot; said one. &quot;Lest we forget, RIP,&quot; read another.</p>
<p>Enuma said Aikung was not under house arrest but was confined to barracks like the rest of the defence force.</p>
<p>Singirok's supporters, led by Enuma, have demanded that the former commander be given back his job. Singirok, a &quot;soldier's soldier&quot; who was injured trying to rescue a wounded comrade in Bougainville, is immensely popular among the army rank-and-file.</p>
<p>But the rebels appeared on Saturday to have softened their position on his reinstatement. Enuma said troops would return to normal duties if Singirok was reinstated or his chief of staff Colonel Jack Tuat was appointed acting commander.</p>
<p>The demand for Chan and two of his ministers to resign by Tuesday came initially from Singirok on Friday. He said the contract with Spicer's British mercenary firm was unlawful and unconstitutional.</p>
<p>The 10-page legal contract, marked &quot;strictly confidential&quot; and between Papua New Guinea and British-based mercenary firm Sandline International, was handed to reporters by Singirok.</p>
<p>It showed that the mainly South African veterans led by Spicer were not hired just to train troops but to conduct &quot;offensive operations&quot; to quell the Bougainville uprising and recapture a vast copper mine on the island.</p>
<p>The contract, signed by Deputy Prime Minister Chris Haiveta and Spicer, stipulated the mercenaries, described as &quot;special constables&quot;, would &quot;conduct offensive operations in Bougainville in conjunction with PNG defence forces to render the (Bougainville Revolutionary Army) militarily ineffective and repossess the Panguna mine&quot;.</p>
<p>Internationally condemned for hiring the mercenaries, Chan had said they would only be used to train PNG troops and would go to Bougainville only as consultants.</p>
<p>The contract stated the mercenaries would be employed for an initial period of three months or until the BRA were defeated.</p>
<p>An appendix broke down costs into $29 million for equipment and $7 million for manpower. The cost for a 45-strong &quot;special forces team&quot; was put at $4.5 million -- or $100,000 per soldier. PNG soldiers earn around $40 a week.</p>
</text>
<copyright>(c) Reuters Limited 1997</copyright>
<metadata>
<codes class="bip:countries:1.0">
  <code code="PAPNG">
    <editdetail attribution="Reuters BIP Coding Group" action="confirmed" date="1997-03-22"/>
  </code>
</codes>
<codes class="bip:topics:1.0">
  <code code="GCAT">
    <editdetail attribution="Reuters BIP Coding Group" action="confirmed" date="1997-03-22"/>
  </code>
  <code code="GDEF">
    <editdetail attribution="Reuters BIP Coding Group" action="confirmed" date="1997-03-22"/>
  </code>
  <code code="GPOL">
    <editdetail attribution="Reuters BIP Coding Group" action="confirmed" date="1997-03-22"/>
  </code>
  <code code="GVIO">
    <editdetail attribution="Reuters BIP Coding Group" action="confirmed" date="1997-03-22"/>
  </code>
</codes>
<dc element="dc.date.created" value="1997-03-22"/>
<dc element="dc.publisher" value="Reuters Holdings Plc"/>
<dc element="dc.date.published" value="1997-03-22"/>
<dc element="dc.source" value="Reuters"/>
<dc element="dc.creator.location" value="PORT MORESBY"/>
<dc element="dc.creator.location.country.name" value="PAPUA NEW GUINEA"/>
<dc element="dc.source" value="Reuters"/>
</metadata>
</newsitem>
