<?xml version="1.0" encoding="iso-8859-1" ?>
<newsitem itemid="461584" id="root" date="1997-03-22" xml:lang="en">
<title>JAPAN: Beatles auction kicks off at high price.</title>
<headline>Beatles auction kicks off at high price.</headline>
<byline>Brian Williams</byline>
<dateline>TOKYO 1997-03-22</dateline>
<text>
<p>The original birth certificate of Sir Paul McCartney sold for 10.35 million yen ($84,146) on Saturday in the biggest-ever auction of Beatles memorabilia.</p>
<p>The certificate, the first of 300 items to go on the block in a sale expected to last for four hours, brought a far higher price than the pre-sale estimate of $13,000. The sale price includes the 15 percent commission for the auction house.</p>
<p>The buyer was an unidentified party in London while the seller was a record collector from California, auction house officials said.</p>
<p>McCartney has recently denounced the soaring trade in pop music memorabilia, singling out his lack of ownership of his own birth certificate.</p>
<p>&quot;To show how ridiculous this whole memorabilia market has become, there is currently someone in the United States who owns my own birth certificate,&quot; he said. &quot;How people can feel that that is right is beyond my comprehension.&quot;</p>
<p>The certificate, which records McCartney's June 18, 1942, birth in Liverpool, England, had first been sold by McCartney's stepmother after the death of his father.</p>
<p>McCartney was successful in stopping part of the sale.</p>
<p>On Friday he obtained an injunction against Bonhams to halt the planned sale of the original lyrics to &quot;Penny Lane,&quot; one of the Beatles' biggest hits.</p>
<p>Geoff Baker, spokesman for the recently knighted Beatle, said he believed the owner of the Number One hit was not entitled to sell the draft, which had been valued at $79,780.</p>
<p>Bonham officials expect the auction, which also includes the only guitar signed by all four musicians, to set world record prices for pop music souvenirs.</p>
<p>Three decades after Beatlemania swept Japan and the rest of the world, Tokyo was chosen as the site of Saturday's auction because the &quot;Fab Four&quot; music is again topping charts in Japan.</p>
<p>Other items on sale are the Liverpool house where Ringo Starr was born, the Steinway piano John Lennon used to compose his classic song &quot;Imagine&quot; and a road stud from London's Abbey Road crossing which inspired the album and has a reserve price of about $500.</p>
<p>&quot;The response we have had to the auction is phenomenal,&quot; said Ted Owen, pop and rock expert for Bonhams auction house which put together the collection.</p>
<p>Owen said the Beatles had consistently outsold over the years memorabilia from their only challenger as long-time pop idol, Elvis Presley.</p>
<p>He said the items likely to fetch the highest prices were the Steinway piano, the autographed guitar and a restored Mercedes Benz car owned by Lennon.</p>
<p>He estimated each item would fetch up to $1 million, breaking world records for a single item owned by a rock star and for an instrument used by a pop star.</p>
<p>The memorabilia came from relatives of the Beatles, people who worked with them and collectors eager to cash in on the new wave of Beatle popularity from their &quot;Anthology&quot; series.</p>
</text>
<copyright>(c) Reuters Limited 1997</copyright>
<metadata>
<codes class="bip:countries:1.0">
  <code code="JAP">
    <editdetail attribution="Reuters BIP Coding Group" action="confirmed" date="1997-03-22"/>
  </code>
</codes>
<codes class="bip:topics:1.0">
  <code code="GCAT">
    <editdetail attribution="Reuters BIP Coding Group" action="confirmed" date="1997-03-22"/>
  </code>
  <code code="GENT">
    <editdetail attribution="Reuters BIP Coding Group" action="confirmed" date="1997-03-22"/>
  </code>
</codes>
<dc element="dc.date.created" value="1997-03-22"/>
<dc element="dc.publisher" value="Reuters Holdings Plc"/>
<dc element="dc.date.published" value="1997-03-22"/>
<dc element="dc.source" value="Reuters"/>
<dc element="dc.creator.location" value="TOKYO"/>
<dc element="dc.creator.location.country.name" value="JAPAN"/>
<dc element="dc.source" value="Reuters"/>
</metadata>
</newsitem>
