<?xml version="1.0" encoding="iso-8859-1" ?>
<newsitem itemid="461574" id="root" date="1997-03-22" xml:lang="en">
<title>PERU: Demand for aphrodisiac may push sea lion culling.</title>
<headline>Demand for aphrodisiac may push sea lion culling.</headline>
<dateline>LIMA 1997-03-21</dateline>
<text>
<p>Peruvian fishermen seeking to cull net-ravaging sea lions only want to make money by selling the sea mammals' genitals to Asians who use them as aphrodisiacs, a local conservation group charged on Friday.</p>
<p>&quot;They have received offers by Koreans to sell their genitals, to which they attribute aphrodisiacal powers,&quot; Rosario Quintanilla, president of Crusade for Life, said.</p>
<p>Fishermen also aim to sell sea lion meat, canned or in sausages, to supplement their livelihood fishing for sardines, anchovy and other species along Peru's rich Pacific coastal waters, she added.</p>
<p>While most Peruvians adore the playful, whiskered sea lions, Lima fishermen last week asked the government for permission to kill a limited number. They contend the animals tear nets and cause the loss of thousands of tons of fish every year.</p>
<p>&quot;They eat the fish and break the nets trying to get them out,&quot; fisherman Carlos Sanchez told local daily El Sol.</p>
<p>The National Archaeological Maritime Institute says 100,000 sea lions live along Peru's nearly 1,900 miles (3,000 kms) of coastline.</p>
<p>Quintanilla maintains the population is not large enough to warrant a culling and fishermen should clarify their intentions.</p>
<p>The Fisheries Ministry is considering a pilot programme that would allow the killing of 60 sea lions. But a ministry adviser said officials are mulling all options for resolving the seal problem and that &quot;the solution will not necessarily be the culling.&quot;</p>
</text>
<copyright>(c) Reuters Limited 1997</copyright>
<metadata>
<codes class="bip:countries:1.0">
  <code code="PERU">
    <editdetail attribution="Reuters BIP Coding Group" action="confirmed" date="1997-03-22"/>
  </code>
</codes>
<codes class="bip:industries:1.0">
  <code code="I03000">
    <editdetail attribution="Reuters BIP Coding Group" action="confirmed" date="1997-03-22"/>
  </code>
</codes>
<codes class="bip:topics:1.0">
  <code code="C24">
    <editdetail attribution="Reuters BIP Coding Group" action="confirmed" date="1997-03-22"/>
  </code>
  <code code="CCAT">
    <editdetail attribution="Reuters BIP Coding Group" action="confirmed" date="1997-03-22"/>
  </code>
  <code code="GCAT">
    <editdetail attribution="Reuters BIP Coding Group" action="confirmed" date="1997-03-22"/>
  </code>
  <code code="GENV">
    <editdetail attribution="Reuters BIP Coding Group" action="confirmed" date="1997-03-22"/>
  </code>
</codes>
<dc element="dc.date.created" value="1997-03-21"/>
<dc element="dc.publisher" value="Reuters Holdings Plc"/>
<dc element="dc.date.published" value="1997-03-22"/>
<dc element="dc.source" value="Reuters"/>
<dc element="dc.creator.location" value="LIMA"/>
<dc element="dc.creator.location.country.name" value="PERU"/>
<dc element="dc.source" value="Reuters"/>
</metadata>
</newsitem>
