<?xml version="1.0" encoding="iso-8859-1" ?>
<newsitem itemid="461547" id="root" date="1997-03-22" xml:lang="en">
<title>SOUTH AFRICA: S.African mercenaries expelled from PNG return home.</title>
<headline>S.African mercenaries expelled from PNG return home.</headline>
<dateline>JOHANNESBURG 1997-03-22</dateline>
<text>
<p>South African mercenaries hired by Papua New Guinea to put down an island rebellion arived home on Saturday, expelled by the soldiers they were meant to have helped.</p>
<p>Arriving on a flight from Hong Kong carrying little or no luggage, the South Africans, most of them black, tensely declined all comment on their stint in the South Pacific.</p>
<p>Two white mercenaries, shielding their faces with cardboard packages, swore on seeing waiting journalists and threatened to hit a cameraman filming them before turning their backs to the cameras and stalking off.</p>
<p>A pilot on the flight told Reuters he had 48 men on board from Papua New Guinea.</p>
<p>&quot;They wanted to go home. As far as they are concerned the adventure is over for them,&quot; said Major Walter Enuma, the soldier in charge of expelling the mercenaries from Papua New Guinea</p>
<p>&quot;They weren't really deported, we thought it was safer to bring them out,&quot; a woman coordinating the group's arrival told reporters.</p>
<p>Confirming she was from Executive Outcomes, the Pretoria- based group which hires out former South African Defence Force soldiers to foreign governments, the woman apologised for the two men's aggressive behaviour.</p>
<p>&quot;They are very professional. They didn't look so good when they came in because they're tired from the flight and I think the stress of the last few days...,&quot; she commented.</p>
<p>The woman, who did not give her name, said the men should not be seen as mercenaries, adding: &quot;We don't like them to be called that -- they are consultants.&quot;</p>
<p>The group left Papua New Guinea on Friday but troops handed their commander, former British colonel Tim Spicer over to police.</p>
<p>A police spokesman said Spicer, a former top U.N. peacekeeper in Bosnia who also served in the Falkands and Gulf wars, would be questioned and could then be released.</p>
<p>British diplomats in Port Moresby were waiting for him to be handed over to them.</p>
<p>Spicer heads the British firm Sandline International which signed a $36 million dollar contract to provide Papua New Guinea with commandos and hardware to crush a nine-year-old revolt in Bougainville.</p>
<p>The plan backfired on Monday when army commander Brigadier- General Jerry Singirok turned on Prime Minister Sir Julius Chan, demanding that he quit and terminate the mercenary contract.</p>
</text>
<copyright>(c) Reuters Limited 1997</copyright>
<metadata>
<codes class="bip:countries:1.0">
  <code code="PAPNG">
    <editdetail attribution="Reuters BIP Coding Group" action="confirmed" date="1997-03-22"/>
  </code>
  <code code="SAFR">
    <editdetail attribution="Reuters BIP Coding Group" action="confirmed" date="1997-03-22"/>
  </code>
</codes>
<codes class="bip:topics:1.0">
  <code code="GCAT">
    <editdetail attribution="Reuters BIP Coding Group" action="confirmed" date="1997-03-22"/>
  </code>
  <code code="GDIP">
    <editdetail attribution="Reuters BIP Coding Group" action="confirmed" date="1997-03-22"/>
  </code>
  <code code="GVIO">
    <editdetail attribution="Reuters BIP Coding Group" action="confirmed" date="1997-03-22"/>
  </code>
</codes>
<dc element="dc.date.created" value="1997-03-22"/>
<dc element="dc.publisher" value="Reuters Holdings Plc"/>
<dc element="dc.date.published" value="1997-03-22"/>
<dc element="dc.source" value="Reuters"/>
<dc element="dc.creator.location" value="JOHANNESBURG"/>
<dc element="dc.creator.location.country.name" value="SOUTH AFRICA"/>
<dc element="dc.source" value="Reuters"/>
</metadata>
</newsitem>
