<?xml version="1.0" encoding="iso-8859-1" ?>
<newsitem itemid="461539" id="root" date="1997-03-22" xml:lang="en">
<title>SOUTH AFRICA: S.African mercenaries ready to help Mobutu- paper.</title>
<headline>S.African mercenaries ready to help Mobutu- paper.</headline>
<dateline>JOHANNESBURG 1997-03-22</dateline>
<text>
<p>South African mercenaries are on standby to help Zaire's President Mobutu Sese Seko hold the capital Kinshasa if rebels try to take control of it, a South African newspaper reported on Saturday.</p>
<p>The Afrikaans-language Beeld, quoting anonymous sources, said more than 500 mercenaries, not linked to the well-known Pretoria-based Executive Outcomes group, were in Zaire preparing to intervene on behalf of the ailing Mobutu.</p>
<p>It said that another group of mercenaries from South Africa was alleged to be working in Zaire alongside Ugandan troops loyal to Zaire's rebel leader Laurent Kabila.</p>
<p>South African foreign affairs officials, while emphasising they were unable to confirm the story, said the government was extremely concerned by reports of South Africans working as mercenaries abroad and wanted to clamp down.</p>
<p>&quot;It's counter-productive and undermines the work being done by different governments in trying to resolve the situation politically,&quot; one official told Reuters.</p>
<p>&quot;The government has instituted legislation to regulate South African mercenaries being recruited to work abroad by private companies. It should be tabled in parliament during the present session of parliament,&quot; he said. Parliament sits until the end of October.</p>
</text>
<copyright>(c) Reuters Limited 1997</copyright>
<metadata>
<codes class="bip:countries:1.0">
  <code code="SAFR">
    <editdetail attribution="Reuters BIP Coding Group" action="confirmed" date="1997-03-22"/>
  </code>
  <code code="ZAIRE">
    <editdetail attribution="Reuters BIP Coding Group" action="confirmed" date="1997-03-22"/>
  </code>
</codes>
<codes class="bip:topics:1.0">
  <code code="GCAT">
    <editdetail attribution="Reuters BIP Coding Group" action="confirmed" date="1997-03-22"/>
  </code>
  <code code="GVIO">
    <editdetail attribution="Reuters BIP Coding Group" action="confirmed" date="1997-03-22"/>
  </code>
</codes>
<dc element="dc.date.created" value="1997-03-22"/>
<dc element="dc.publisher" value="Reuters Holdings Plc"/>
<dc element="dc.date.published" value="1997-03-22"/>
<dc element="dc.source" value="Reuters"/>
<dc element="dc.creator.location" value="JOHANNESBURG"/>
<dc element="dc.creator.location.country.name" value="SOUTH AFRICA"/>
<dc element="dc.source" value="Reuters"/>
</metadata>
</newsitem>
