<?xml version="1.0" encoding="iso-8859-1" ?>
<newsitem itemid="461523" id="root" date="1997-03-22" xml:lang="en">
<title>ZAIRE: Zaire rebels firmly tell U.N. envoy no ceasefire.</title>
<headline>Zaire rebels firmly tell U.N. envoy no ceasefire.</headline>
<byline>Matthew Bigg</byline>
<dateline>KISANGANI, Zaire 1997-03-22</dateline>
<text>
<p>Zairean rebel leader Laurent Kabila and a roaring crowd of 10,000 supporters firmly told a U.N. envoy on Saturday there would be no ceasefire with the government before negotiations.</p>
<p>Kabila used his first speech since arriving in the northeastern capital of Kisangani on Friday to deliver the firm &quot;no ceasefire&quot; message to U.N. envoy Mohamed Sahnoun, who arrived during the rally.</p>
<p>&quot;People accuse me of being an extremist because I don't want a ceasefire, but it is the people who don't want to have a ceasefire,&quot; he told Sahnoun before an estimated 10,000 people.</p>
<p>Sahnoun, who had just arrived by plane from Nairobi, was taken straight to the stadium where the rally was in progress and was ushered on stage during Kabila's speech but looked unperturbed.</p>
<p>&quot;Do you want a ceasefire?&quot; Kabila asked the jubilant crowd.</p>
<p>&quot;Advance, forward,&quot; his boisterous supporters roared back.</p>
<p>&quot;There will be no ceasefire before negotiations,&quot; Kabila earlier told reporters, sticking to his demand for talks with ailing President Mobutu Sese Seko or his representative before any truce.</p>
<p>Diplomats said Sahnoun, joint special envoy of the United Nations and Organisation of African Unity, was believed to be carrying new ceasefire proposals to Kabila. They said Sahnoun would probably fly to Kinshasa after talks with Kabila.</p>
<p>A political source told Reuters that Kabila was coming under heavy pressure to call a ceasefire, particularly after Mobutu said on Thursday he no longer ruled out talks with the rebels.</p>
<p>But many ordinary Zaireans, eager for a change from poverty and hardship under Mobutu, are openly rallying to Kabila, who has said the central diamond capital of Mbuji-Mayi and Zaire's second city Lubumbashi in the southeast are next in his sights.</p>
<p>Kabila's Alliance of Democratic Forces for the Liberation of Congo-Zaire (ADFL) has seized more than one-fifth of Zaire, Africa's third largest country, since October.</p>
<p>Since the fall of Kisangani last weekend, rebels have seized Yangambi, 100 km (60 miles) west of the city and Kabinda, 100 km (60 miles) east of Mbuji-Mayi, Kabila told Saturday's rally.</p>
<p>In an apparent attempt to strengthen his political position before negotiations, Kabila appealed to opposition leaders to join his revolt and argued the ADFL had achieved more by taking up arms than the opposition politicians in the capital Kinshasa.</p>
<p>He said he demanded a transitional government composed entirely of ADFL members and any opposition politicians who did not join the rebellion would be considered Mobutu's allies.</p>
<p>&quot;We are in favour of all parties who fight Mobutu, but there are ways to oppose Mobutu -- they decided to talk but we took up arms,&quot; Kabila told the crowd.</p>
<p>Multi-partyism was legalised in 1990 in Zaire, but since then there had been no progress in ousting Mobutu, he said.</p>
<p>At the rally he also delivered a strong message against France, which has backed Mobutu, who has ruled for 32 years.</p>
<p>He accused France in alliance with Mobutu of paying for French and other mercenaries flown in to Kisangani to bolster the Zairean army for a failed government counter-offensive in January.</p>
<p>Mobutu, 66, flew back to Kinshasa from France on Friday, two days after he left hospital in Monaco after fresh cancer treatment. He has spent most of his time in Europe since prostate cancer surgery in August.</p>
<p>Kabila said the fall of Kisangani, the greatest prize so far captured by rebels, has broken Mobutu's spell over Zaire.</p>
<p>During the rally, the crowd sang an insulting chorus about Mobutu's parentage and said he was no more than an assassin.</p>
<p>Kabila moved to bolster his already strong local support, saying he was reducing taxes on water and electricity by 50 percent. He also supervised the popular election of a new government, vice governor and city mayor before the crowd.</p>
</text>
<copyright>(c) Reuters Limited 1997</copyright>
<metadata>
<codes class="bip:countries:1.0">
  <code code="UN">
    <editdetail attribution="Reuters BIP Coding Group" action="confirmed" date="1997-03-22"/>
  </code>
  <code code="ZAIRE">
    <editdetail attribution="Reuters BIP Coding Group" action="confirmed" date="1997-03-22"/>
  </code>
</codes>
<codes class="bip:topics:1.0">
  <code code="GCAT">
    <editdetail attribution="Reuters BIP Coding Group" action="confirmed" date="1997-03-22"/>
  </code>
  <code code="GVIO">
    <editdetail attribution="Reuters BIP Coding Group" action="confirmed" date="1997-03-22"/>
  </code>
</codes>
<dc element="dc.date.created" value="1997-03-22"/>
<dc element="dc.publisher" value="Reuters Holdings Plc"/>
<dc element="dc.date.published" value="1997-03-22"/>
<dc element="dc.source" value="Reuters"/>
<dc element="dc.creator.location" value="KISANGANI, Zaire"/>
<dc element="dc.creator.location.country.name" value="ZAIRE"/>
<dc element="dc.source" value="Reuters"/>
</metadata>
</newsitem>
