<?xml version="1.0" encoding="iso-8859-1" ?>
<newsitem itemid="461590" id="root" date="1997-03-22" xml:lang="en">
<title>CHINA: China Jan-Feb metal exports up - paper.</title>
<headline>China Jan-Feb metal exports up - paper.</headline>
<dateline>BEIJING 1997-03-22</dateline>
<text>
<p>China exported 58,000 tonnes of rolled steel in January and February of 1997, up 28.0 percent from the same period a year ago, according to an edition of the Futures Herald seen in Beijing on Saturday.</p>
<p>Exports of rolled steel in February alone were 33,000 tonnes, the March 20 edition of the newspaper quoted customs figures.</p>
<p>Imports of rolled steel dropped a year-on-year 12.0 percent in the first two months to 1.62 million tonnes while imports in February alone were 730,000 tonnes, the newspaper said.</p>
<p>Exports of unwrought copper and copper materials totalled 28,678 tonnes in the first two months, a rise of 189.2 percent from the same period the year before, the newspaper said. Exports in February alone were 17,568 tonnes.</p>
<p>Imports of unwrought copper and copper materials hit 77,885 tonnes in the first two months, a rise of 28.2 percent from the same period a year ago, it said. February imports alone were 32,709 tonnes.</p>
<p>Exports of unwrought aluminium and aluminium materials were 35,030 tonnes in January-February, up 109.1 percent from the year-ago period. February's exports were 14,008 tonnes.</p>
<p>Imports of unwrought aluminium and alumina were 69,224 tonnes in January-February, a drop of 4.3 percent from the 1996 period. Imports in February alone were 31,378 tonnes.</p>
<p>-- Beijing Newsroom (8610) 6532-1921</p>
</text>
<copyright>(c) Reuters Limited 1997</copyright>
<metadata>
<codes class="bip:countries:1.0">
  <code code="CHINA">
    <editdetail attribution="Reuters BIP Coding Group" action="confirmed" date="1997-03-22"/>
  </code>
</codes>
<codes class="bip:industries:1.0">
  <code code="I22000">
    <editdetail attribution="Reuters BIP Coding Group" action="confirmed" date="1997-03-22"/>
  </code>
</codes>
<codes class="bip:topics:1.0">
  <code code="C31">
    <editdetail attribution="Reuters BIP Coding Group" action="confirmed" date="1997-03-22"/>
  </code>
  <code code="C312">
    <editdetail attribution="Reuters BIP Coding Group" action="confirmed" date="1997-03-22"/>
  </code>
  <code code="CCAT">
    <editdetail attribution="Reuters BIP Coding Group" action="confirmed" date="1997-03-22"/>
  </code>
  <code code="M14">
    <editdetail attribution="Reuters BIP Coding Group" action="confirmed" date="1997-03-22"/>
  </code>
  <code code="M142">
    <editdetail attribution="Reuters BIP Coding Group" action="confirmed" date="1997-03-22"/>
  </code>
  <code code="MCAT">
    <editdetail attribution="Reuters BIP Coding Group" action="confirmed" date="1997-03-22"/>
  </code>
</codes>
<dc element="dc.date.created" value="1997-03-22"/>
<dc element="dc.publisher" value="Reuters Holdings Plc"/>
<dc element="dc.date.published" value="1997-03-22"/>
<dc element="dc.source" value="Reuters"/>
<dc element="dc.creator.location" value="BEIJING"/>
<dc element="dc.creator.location.country.name" value="CHINA"/>
<dc element="dc.source" value="Reuters"/>
</metadata>
</newsitem>
