<?xml version="1.0" encoding="iso-8859-1" ?>
<newsitem itemid="461592" id="root" date="1997-03-22" xml:lang="en">
<title>HONG KONG: Legal threats dog Hong Kong's future chamber.</title>
<headline>Legal threats dog Hong Kong's future chamber.</headline>
<dateline>HONG KONG 1997-03-22</dateline>
<text>
<p>Hong Kong's future lawmakers, fearful of possible legal challenges, failed on Saturday to agree on a formula to enact laws for the British colony before it reverts to Chinese rule on July 1.</p>
<p>The 60-member provisional legislature convened in the city of Shenzhen across the border in China to decide on a format for passing bills to dilute existing Hong Kong laws that protect civil liberties and rights.</p>
<p>But the prospect of potential legal challenges to the chamber's legitimacy prevented any decision from being reached, some members of the provisional legislature said.</p>
<p>&quot;Some legal circles are of the opinion that if the provisional legislature tries to go through the procedure of passing laws before July 1, it can incite legal challenges,&quot; said provisional legislator Selina Chow.</p>
<p>Chow is also a member of Hong Kong's current elected legislature.</p>
<p>Hong Kong's pro-democracy camp says the interim chamber, crafted by China in December and poised to replace the territory's elected chamber on July 1, breaches the territory's post-handover constitution.</p>
<p>Democracy supporters have threatened to sue the chamber if it passes any laws, holds meetings or opens offices on Hong Kong soil before July 1.</p>
<p>The shadow chamber voted to take up the matter at an undecided later date.</p>
</text>
<copyright>(c) Reuters Limited 1997</copyright>
<metadata>
<codes class="bip:countries:1.0">
  <code code="CHINA">
    <editdetail attribution="Reuters BIP Coding Group" action="confirmed" date="1997-03-22"/>
  </code>
  <code code="HKONG">
    <editdetail attribution="Reuters BIP Coding Group" action="confirmed" date="1997-03-22"/>
  </code>
</codes>
<codes class="bip:topics:1.0">
  <code code="GCAT">
    <editdetail attribution="Reuters BIP Coding Group" action="confirmed" date="1997-03-22"/>
  </code>
  <code code="GCRIM">
    <editdetail attribution="Reuters BIP Coding Group" action="confirmed" date="1997-03-22"/>
  </code>
  <code code="GDIP">
    <editdetail attribution="Reuters BIP Coding Group" action="confirmed" date="1997-03-22"/>
  </code>
  <code code="GPOL">
    <editdetail attribution="Reuters BIP Coding Group" action="confirmed" date="1997-03-22"/>
  </code>
</codes>
<dc element="dc.date.created" value="1997-03-22"/>
<dc element="dc.publisher" value="Reuters Holdings Plc"/>
<dc element="dc.date.published" value="1997-03-22"/>
<dc element="dc.source" value="Reuters"/>
<dc element="dc.creator.location" value="HONG KONG"/>
<dc element="dc.creator.location.country.name" value="HONG KONG"/>
<dc element="dc.source" value="Reuters"/>
</metadata>
</newsitem>
