<?xml version="1.0" encoding="iso-8859-1" ?>
<newsitem itemid="461589" id="root" date="1997-03-22" xml:lang="en">
<title>PHILIPPINES: Manila backs Amari deal but wants &quot;renegotiation&quot;.</title>
<headline>Manila backs Amari deal but wants &quot;renegotiation&quot;.</headline>
<dateline>MANILA 1997-03-22</dateline>
<text>
<p>The Philippine presidential palace upheld on Saturday a controversial land deal between a government agency and the Amari Coastal Bay Development Corp but ordered a renegotiation of certain provisions of the contract.</p>
<p>Presidential Executive Secretary Ruben Torres said the joint venture agreement between the Public Estates Authority (PEA) and Amari &quot;has been found to be valid&quot; based on the recommendations of a presidential fact-finding committee that reviewed the deal.</p>
<p>The committee last month endorsed the deal but said &quot;corrections&quot; would have to be made in the contract.</p>
<p>Torres directed PEA to &quot;clarify and renegotiate such provisions in the joint venture agreement which give the impression of a sale or disposition of government property to reflect its true intent and spirit as a joint venture agreement.&quot;</p>
<p>The final agreement will be submitted to the Office of the President for review and final approval, he said in a statement.</p>
<p>The deal involved the reclamation and development of 750 hectares of land in Manila.</p>
<p>Amari, a joint venture between Centennial City Inc and Ital-Thai Development Plc secured the Manila Bay contract from PEA last year.</p>
<p>Senate president Ernesto Maceda has said the PEA entered into a disadvantageous deal, alleging the property was grossly undervalued.</p>
<p>Guoco Holdings (Phils) Inc, parent company of Centennial, defended the deal, saying the valuation of 1,250 pesos per square metre was based on appraisals made by three independent firms.</p>
<p>Budget Secretary and committee head Salvador Enriquez last week said some PEA officials might have benefited from the deal.</p>
<p>Torres, in a memorandum released by the palace, directed the Securities and Exchange Commission to look into &quot;the corporate transactions and/or corporate reorganisations (of Amari) with respect to the land deal.&quot; It did not elaborate.</p>
<p>He also ordered the fact-finding committee to submit to state prosecutors its findings so that they can determine if there was &quot;probable criminal liability&quot; and &quot;administrative culpability&quot; of certain PEA officials.&quot;</p>
<p>-- Manila newsroom 63 2 8418939 fax 8176267</p>
</text>
<copyright>(c) Reuters Limited 1997</copyright>
<metadata>
<codes class="bip:countries:1.0">
  <code code="PHLNS">
    <editdetail attribution="Reuters BIP Coding Group" action="confirmed" date="1997-03-22"/>
  </code>
</codes>
<codes class="bip:industries:1.0">
  <code code="I50200">
    <editdetail attribution="Reuters BIP Coding Group" action="confirmed" date="1997-03-22"/>
  </code>
  <code code="I83960">
    <editdetail attribution="Reuters BIP Coding Group" action="confirmed" date="1997-03-22"/>
  </code>
  <code code="I85000">
    <editdetail attribution="Reuters BIP Coding Group" action="confirmed" date="1997-03-22"/>
  </code>
</codes>
<codes class="bip:topics:1.0">
  <code code="C11">
    <editdetail attribution="Reuters BIP Coding Group" action="confirmed" date="1997-03-22"/>
  </code>
  <code code="CCAT">
    <editdetail attribution="Reuters BIP Coding Group" action="confirmed" date="1997-03-22"/>
  </code>
</codes>
<dc element="dc.date.created" value="1997-03-22"/>
<dc element="dc.publisher" value="Reuters Holdings Plc"/>
<dc element="dc.date.published" value="1997-03-22"/>
<dc element="dc.source" value="Reuters"/>
<dc element="dc.creator.location" value="MANILA"/>
<dc element="dc.creator.location.country.name" value="PHILIPPINES"/>
<dc element="dc.source" value="Reuters"/>
</metadata>
</newsitem>
