<?xml version="1.0" encoding="iso-8859-1" ?>
<newsitem itemid="461531" id="root" date="1997-03-22" xml:lang="en">
<title>SIERRA LEONE: Sierra Leone journalists face spying charges.</title>
<headline>Sierra Leone journalists face spying charges.</headline>
<dateline>FREETOWN 1997-03-22</dateline>
<text>
<p>Three journalists working for an independent newspaper in Sierra Leone have been charged with spying for rebels -- a charge that can carry the death penalty, justice officials said on Saturday.</p>
<p>The three, editor-in-chief Ibrahim Sheaga Shaw, Gibril Koroma and Abayomi Charles Roberts of the thrice-weekly Expo Times, pleaded not guilty before a magistrates court on Friday and were remanded in custody until Monday.</p>
<p>The prosecution accused them of obtaining secret official documents that could be of use to the Revolutionary United Front (RUF), which took up arms in 1991.</p>
<p>Police arrested the three on Wednesday after Expo Times published a story accusing Nigeria's military leader, Sani Abacha, of detaining RUF founder Foday Sankoh so other members of the RUF leadership could oust him as leader.</p>
<p>It headlined the piece &quot;Abacha's wild west gangsterism&quot;.</p>
<p>Members of the RUF high command said last weekend that they had sacked Sankoh, who is under arrest in Nigeria, for blocking the peace process.</p>
<p>Sierra Leone, rich in diamonds and other minerals, is one of the world's poorest nations.</p>
<p>Sankoh signed a peace deal with President Ahmad Tejan Kabbah in Ivory Coast on November 30. Implementation has dragged, suggesting that the deal was unravelling.</p>
<p>Tejan Kabbah took office a year ago after multi-party elections ended four years of army rule.</p>
</text>
<copyright>(c) Reuters Limited 1997</copyright>
<metadata>
<codes class="bip:countries:1.0">
  <code code="SILEN">
    <editdetail attribution="Reuters BIP Coding Group" action="confirmed" date="1997-03-22"/>
  </code>
</codes>
<codes class="bip:topics:1.0">
  <code code="GCAT">
    <editdetail attribution="Reuters BIP Coding Group" action="confirmed" date="1997-03-22"/>
  </code>
  <code code="GCRIM">
    <editdetail attribution="Reuters BIP Coding Group" action="confirmed" date="1997-03-22"/>
  </code>
  <code code="GVIO">
    <editdetail attribution="Reuters BIP Coding Group" action="confirmed" date="1997-03-22"/>
  </code>
</codes>
<dc element="dc.date.created" value="1997-03-22"/>
<dc element="dc.publisher" value="Reuters Holdings Plc"/>
<dc element="dc.date.published" value="1997-03-22"/>
<dc element="dc.source" value="Reuters"/>
<dc element="dc.creator.location" value="FREETOWN"/>
<dc element="dc.creator.location.country.name" value="SIERRA LEONE"/>
<dc element="dc.source" value="Reuters"/>
</metadata>
</newsitem>
