<?xml version="1.0" encoding="iso-8859-1" ?>
<newsitem itemid="461594" id="root" date="1997-03-22" xml:lang="en">
<title>JAPAN: McCartney birth certificate sold at Tokyo auction.</title>
<headline>McCartney birth certificate sold at Tokyo auction.</headline>
<dateline>TOKYO 1997-03-22</dateline>
<text>
<p>The original birth certificate of Sir Paul McCartney was sold for 10.35 million yen ($84,146) in Tokyo on Saturday at the biggest-ever auction of memorabilia connected with the Beatles.</p>
<p>The price, which included a 15 percent auction house commission, was far above the pre-sale estimate of $13,000.</p>
<p>($1=123 yen)  </p>
<p>The sale of the certificate, the first of 300 Beatles items in a sale expected to last for four hours, had been denounced by McCartney who successfully stopped the auction house from selling the original lyrics to &quot;Penny Lane,&quot; one of the Beatles' biggest hits.</p>
<p>The buyer of the certificate was an unidentified party in London. It was put up for sale by a California record collector. The birth certificate was originally sold by McCartney's stepmother after the death of his father.</p>
<p>The auction, by the firm Bonhams, was conducted simultaneously in London and Tokyo in order to tap into a growing interest in the Beatles in Japan.</p>
<p>Bonham officials expect the auction, which also includes the only guitar signed by all four musicians, to set world record prices for pop music souvenirs.</p>
</text>
<copyright>(c) Reuters Limited 1997</copyright>
<metadata>
<codes class="bip:countries:1.0">
  <code code="JAP">
    <editdetail attribution="Reuters BIP Coding Group" action="confirmed" date="1997-03-22"/>
  </code>
</codes>
<codes class="bip:topics:1.0">
  <code code="GCAT">
    <editdetail attribution="Reuters BIP Coding Group" action="confirmed" date="1997-03-22"/>
  </code>
  <code code="GODD">
    <editdetail attribution="Reuters BIP Coding Group" action="confirmed" date="1997-03-22"/>
  </code>
</codes>
<dc element="dc.date.created" value="1997-03-22"/>
<dc element="dc.publisher" value="Reuters Holdings Plc"/>
<dc element="dc.date.published" value="1997-03-22"/>
<dc element="dc.source" value="Reuters"/>
<dc element="dc.creator.location" value="TOKYO"/>
<dc element="dc.creator.location.country.name" value="JAPAN"/>
<dc element="dc.source" value="Reuters"/>
</metadata>
</newsitem>
