<?xml version="1.0" encoding="iso-8859-1" ?>
<newsitem itemid="461517" id="root" date="1997-03-22" xml:lang="en">
<title>CANADA: Canada arrests Saudi, may be linked to Saudi attack.</title>
<headline>Canada arrests Saudi, may be linked to Saudi attack.</headline>
<dateline>OTTAWA 1997-03-22</dateline>
<text>
<p>Canada's security agency said on Saturday immigration officials had arrested a Saudi man and a Canadian paper reported that he was a suspect in the bombing in Saudi Arabia last year that killed 19 U.S. soldiers.</p>
<p>The FBI said it wanted to question the man arrested on Tuesday in Ottawa about the massive truck bomb attack on an apartment complex housing U.S. troops in Dhahran last June.</p>
<p>The FBI identified the man as Hani Abdel Rahim Hussein Al-Sayegh, 28.</p>
<p>A spokesman for Canada's security service said Al-Sayegh was arrested under a warrant signed by the solicitor general and the immigration minister.</p>
<p>Gaetan Blais, an officer at the Canadian Security Intelligence Service (CSIS), told Reuters he could give no further details on the case until a closed-door court hearing.</p>
<p>&quot;The case will be heard in an in camera hearing, probably within a week. Then, depending on what the judge decides, he may face a deportation hearing,&quot; Blais said.</p>
<p>The Toronto Sun, quoting unnamed government officials, said Sayegh had been arrested on suspicion of being &quot;engaged in terrorism&quot; and being a threat to &quot;the security of Canada.&quot;</p>
<p>The paper also quoted unnamed sources as saying Sayegh was picked up at an Ottawa grocery store after a tipoff that he was a suspect in the bombing that ripped through an apartment complex in Dharan last June.</p>
<p>He has been in Canada since last August, when he applied for refugee status, and has been under CSIS surveillance since November, the newspaper quoted insiders as saying.</p>
<p>In Washington, the Federal Bureau of Investigation said it hoped to question the man about the Dhahran bombing.</p>
<p>An FBI statement said the U.S. agency was grateful for &quot;the vigilant actions of Canada&quot; and praised the government of Saudi Arabia for its &quot;invaluable assistance leading to the identification and location of Al-Sayegh.&quot;</p>
<p>Al-Sayegh is the second alleged suspect in the Dhahran bombing to be arrested in Canada. On Dec. 6 last year, Fahad Shehri, 21, was arrested in Ottawa on allegations he told authorities he belonged to a group connected to the bombing.</p>
<p>However, he has said he was not involved and on March 16, Saudi Arabia's deputy interior minister was quoted by a London-based Saudi-owned newspaper as saying Shehri was not being sought in connection with the blast or any other crime.</p>
<p>The explosion last year that killed 19 U.S. servicemen and wounded scores of others came less than a month after Saudi Arabia beheaded four anti-U.S. Moslem militants.</p>
<p>The militants had been convicted of an earlier bombing in Riyadh in November 1995 in which five Americans and one Indian were killed.</p>
</text>
<copyright>(c) Reuters Limited 1997</copyright>
<metadata>
<codes class="bip:countries:1.0">
  <code code="CANA">
    <editdetail attribution="Reuters BIP Coding Group" action="confirmed" date="1997-03-22"/>
  </code>
  <code code="SAARAB">
    <editdetail attribution="Reuters BIP Coding Group" action="confirmed" date="1997-03-22"/>
  </code>
  <code code="USA">
    <editdetail attribution="Reuters BIP Coding Group" action="confirmed" date="1997-03-22"/>
  </code>
</codes>
<codes class="bip:topics:1.0">
  <code code="GCAT">
    <editdetail attribution="Reuters BIP Coding Group" action="confirmed" date="1997-03-22"/>
  </code>
  <code code="GCRIM">
    <editdetail attribution="Reuters BIP Coding Group" action="confirmed" date="1997-03-22"/>
  </code>
  <code code="GDIP">
    <editdetail attribution="Reuters BIP Coding Group" action="confirmed" date="1997-03-22"/>
  </code>
  <code code="GVIO">
    <editdetail attribution="Reuters BIP Coding Group" action="confirmed" date="1997-03-22"/>
  </code>
</codes>
<dc element="dc.date.created" value="1997-03-22"/>
<dc element="dc.publisher" value="Reuters Holdings Plc"/>
<dc element="dc.date.published" value="1997-03-22"/>
<dc element="dc.source" value="Reuters"/>
<dc element="dc.creator.location" value="OTTAWA"/>
<dc element="dc.creator.location.country.name" value="CANADA"/>
<dc element="dc.source" value="Reuters"/>
</metadata>
</newsitem>
