<?xml version="1.0" encoding="iso-8859-1" ?>
<newsitem itemid="461593" id="root" date="1997-03-22" xml:lang="en">
<title>MALAYSIA: Malaysia's Olympia seeks share suspension.</title>
<headline>Malaysia's Olympia seeks share suspension.</headline>
<dateline>KUALA LUMPUR 1997-03-22</dateline>
<text>
<p>Malaysian gaming and property firm Olympia Industries Bhd has requested the Kuala Lumpur Stock Exchange (KLSE) to suspend trading in its shares from Monday pending an announcement.</p>
<p>In a request submitted to the KLSE on Friday, the company did not give any reasons for the share suspension.</p>
<p>Olympia officials were not available for comment.</p>
<p>Olympia has been making substantial investments in property development recently including a 750 million ringgit residential property in Kuala Lumpur.</p>
<p>-- Kuala Lumpur newsroom (603-201 4813)</p>
</text>
<copyright>(c) Reuters Limited 1997</copyright>
<metadata>
<codes class="bip:countries:1.0">
  <code code="MALAY">
    <editdetail attribution="Reuters BIP Coding Group" action="confirmed" date="1997-03-22"/>
  </code>
</codes>
<codes class="bip:industries:1.0">
  <code code="I83960">
    <editdetail attribution="Reuters BIP Coding Group" action="confirmed" date="1997-03-22"/>
  </code>
</codes>
<codes class="bip:topics:1.0">
  <code code="C14">
    <editdetail attribution="Reuters BIP Coding Group" action="confirmed" date="1997-03-22"/>
  </code>
  <code code="CCAT">
    <editdetail attribution="Reuters BIP Coding Group" action="confirmed" date="1997-03-22"/>
  </code>
</codes>
<dc element="dc.date.created" value="1997-03-22"/>
<dc element="dc.publisher" value="Reuters Holdings Plc"/>
<dc element="dc.date.published" value="1997-03-22"/>
<dc element="dc.source" value="Reuters"/>
<dc element="dc.creator.location" value="KUALA LUMPUR"/>
<dc element="dc.creator.location.country.name" value="MALAYSIA"/>
<dc element="dc.source" value="Reuters"/>
</metadata>
</newsitem>
