<?xml version="1.0" encoding="iso-8859-1" ?>
<newsitem itemid="461643" id="root" date="1997-03-22" xml:lang="en">
<title>ISRAEL: Israel-Palestinian violence flares after bombing.</title>
<headline>Israel-Palestinian violence flares after bombing.</headline>
<byline>Jeffrey Heller</byline>
<dateline>JERUSALEM 1997-03-22</dateline>
<text>
<p>Fierce clashes flared along an Israeli-Palestinian confrontation line in the West Bank town of Hebron on Saturday, putting more strain on the Middle East peace process a day after an Arab suicide bombing in Tel Aviv.</p>
<p>Palestinian security forces in Gaza rearrested a recently freed leader of the Islamic group Hamas that claimed responsibility for the Tel Aviv cafe attack that killed three Israeli women, a Hamas source said.</p>
<p>In fresh violence, hundreds of Palestinian youths shouting &quot;Allahu Akbar&quot; (God is Greatest) threw petrol bombs and rocks at Israeli soldiers who responded with rubber bullets and teargas in the West Bank town of Hebron.</p>
<p>Hospital officials said at least 20 Arab protesters were wounded by rubber bullets and one demonstrator lost an eye.</p>
<p>The clashes followed similar violence in Hebron on Friday along a rock-strewn confrontation line dividing the Israeli- and Palestinian-controlled parts of the city.</p>
<p>&quot;Tension is very high because of (Israeli leader Benjamin) Netanyahu's crazy policy,&quot; said Palestinian West Bank security chief Jibril Rajoub, whose arrival in Hebron with police reinforcements quelled the violence only briefly.</p>
<p>He was referring to the groundbreaking last Tuesday for a Jewish settlement at Jabal Abu Ghenim, or Har Homa, in Arab East Jerusalem.</p>
<p>The internationally condemned plan to build 6,500 homes for Jews would add another link to an Israeli chain of apartment blocks cutting off East Jerusalem from the rest of the West Bank.</p>
<p>In Gaza, a Hamas source who declined to be identified said Ibrahim al-Makadmeh, a leader of a military wing of the group, was taken into custody late on Friday.</p>
<p>Makadmeh, who Palestinian President Yasser Arafat released from jail this week, told a rally on Friday after the suicide attack during the Jewish costume holiday of Purim that only bombs could stop Israel's settlement drive.</p>
<p>Netanyahu had accused Arafat of tacitly giving Hamas a &quot;green light&quot; to strike against the Jewish state by freeing Makadmeh and other militants arrested last year after suicide bombers killed 59 people in Israel.</p>
<p>The attack was a political embarrassment for Netanyahu who won election last May promising more security for Israelis.</p>
<p>Israeli Public Security Minister Avigdor Kahalani rejected Palestinian suggestions that the decision to push ahead with the construction in East Jerusalem meant Israel had brought the bombing upon itself.</p>
<p>&quot;A year ago there was a prime minister who was the best one for the Arabs -- Shimon Peres -- and they attacked us,&quot; he told Army Radio, referring to Hamas. &quot;There were explosions everywhere even though we were not building at Har Homa.&quot;</p>
<p>A Hamas official who asked not to be identified said Friday's bombing might not be the last.</p>
<p>&quot;If Israeli policy continues in the same direction, I think that yesterday's operation will not be the last,&quot; the official said.</p>
<p>Arafat condemned the blast, which also wounded 42 people, and telephoned Netanyahu to express condolences.</p>
<p>Israel clamped a closure on the West Bank and Gaza Strip and sealed the home of the suicide bomber, identified by Palestinian sources as Mousa Abdel-Qader Ghneimat, 28, from the Israeli-controlled West Bank village of Sourif.</p>
<p>The army said it had arrested 13 Sourif residents and four people from the village of Nuva in the Hebron area as part of the investigation of the Tel Aviv bombing.</p>
</text>
<copyright>(c) Reuters Limited 1997</copyright>
<metadata>
<codes class="bip:countries:1.0">
  <code code="ISRAEL">
    <editdetail attribution="Reuters BIP Coding Group" action="confirmed" date="1997-03-22"/>
  </code>
</codes>
<codes class="bip:topics:1.0">
  <code code="GCAT">
    <editdetail attribution="Reuters BIP Coding Group" action="confirmed" date="1997-03-22"/>
  </code>
  <code code="GPOL">
    <editdetail attribution="Reuters BIP Coding Group" action="confirmed" date="1997-03-22"/>
  </code>
  <code code="GVIO">
    <editdetail attribution="Reuters BIP Coding Group" action="confirmed" date="1997-03-22"/>
  </code>
</codes>
<dc element="dc.date.created" value="1997-03-22"/>
<dc element="dc.publisher" value="Reuters Holdings Plc"/>
<dc element="dc.date.published" value="1997-03-22"/>
<dc element="dc.source" value="Reuters"/>
<dc element="dc.creator.location" value="JERUSALEM"/>
<dc element="dc.creator.location.country.name" value="ISRAEL"/>
<dc element="dc.source" value="Reuters"/>
</metadata>
</newsitem>
