<?xml version="1.0" encoding="iso-8859-1" ?>
<newsitem itemid="461631" id="root" date="1997-03-22" xml:lang="en">
<title>CHINA: Shanghai zone does $480 mln trade in Jan/Feb 1997.</title>
<headline>Shanghai zone does $480 mln trade in Jan/Feb 1997.</headline>
<dateline>SHANGHAI 1997-03-22</dateline>
<text>
<p>The Shanghai Waigaoqiao Free Trade Zone reported $480 million worth of imports and exports in the first two months of 1997, up 122 percent on the same year-ago period, Xinhua news agency said on Saturday.</p>
<p>Imports and exports in February alone were worth $340 million, up 201 percent on Feburary 1996, it said.</p>
<p>The zone is located in Shanghai's economic development zone of Pudong and has 55 export-oriented manufacturers, it said.</p>
</text>
<copyright>(c) Reuters Limited 1997</copyright>
<metadata>
<codes class="bip:countries:1.0">
  <code code="CHINA">
    <editdetail attribution="Reuters BIP Coding Group" action="confirmed" date="1997-03-22"/>
  </code>
</codes>
<codes class="bip:topics:1.0">
  <code code="E51">
    <editdetail attribution="Reuters BIP Coding Group" action="confirmed" date="1997-03-22"/>
  </code>
  <code code="E512">
    <editdetail attribution="Reuters BIP Coding Group" action="confirmed" date="1997-03-22"/>
  </code>
  <code code="ECAT">
    <editdetail attribution="Reuters BIP Coding Group" action="confirmed" date="1997-03-22"/>
  </code>
</codes>
<dc element="dc.date.created" value="1997-03-22"/>
<dc element="dc.publisher" value="Reuters Holdings Plc"/>
<dc element="dc.date.published" value="1997-03-22"/>
<dc element="dc.source" value="Reuters"/>
<dc element="dc.creator.location" value="SHANGHAI"/>
<dc element="dc.creator.location.country.name" value="CHINA"/>
<dc element="dc.source" value="Reuters"/>
</metadata>
</newsitem>
