<?xml version="1.0" encoding="iso-8859-1" ?>
<newsitem itemid="461691" id="root" date="1997-03-22" xml:lang="en">
<title>USA: U.S. pilots resume meeting on strike threat.</title>
<headline>U.S. pilots resume meeting on strike threat.</headline>
<byline>Robert Trautman</byline>
<dateline>WASHINGTON 1997-03-22</dateline>
<text>
<p>Pilot union officials met for a second day on Saturday to decide whether to accept a new contract offer from American Airlines and avert a strike against the nation's No. 2 carrier.</p>
<p>If the Allied Pilots Association Board votes to accept the contract it would go to its 9,300 pilots for ratification, with approval ending the threat of a strike on April 28.</p>
<p>At issue are pay and cockpit jobs on the small commuter jets American is to buy for its regional carrier, American Eagle.</p>
<p>Union spokesman Wally Pitts said that if other pilots were allowed to fly the commuter jets, and not higher-paid APA pilots, &quot;We're concerned American will expand the regional fleet and shrink the American fleet.&quot;</p>
<p>&quot;It is probably one of the largest stumbling blocks in our negotiations,&quot; he added.</p>
<p>The 18-member APA board met with its negotiating commitee for five hours on Friday to hear the commitee outline the agreement in principle reached with American, a unit of AMR Corp., Wednesday.</p>
<p>Union officials said they thought it likely the board would complete its deliberations on Saturday and vote on American's proposal, whose terms were kept closely guarded.</p>
<p>&quot;There is a good possibility the vote will be taken today,&quot; said pilots spokesman Dave Bates.</p>
<p>If accepted, the proposal would be sent to the union's members for ratification, with the outcome known in about two months. A strike deadline would be delayed until the ratification process was completed.</p>
<p>Members killed an earlier agreement with American. After the board accepted an American proposal last Sept. 2, the members rejected it on Jan. 8, setting the stage for the new dispute.</p>
<p>The union went on strike at midnight Feb. 14, following a week of fruitless negotiations, but minutes later the White House created the Presidential Emergency Board, sending the pilots back to work.</p>
<p>Under PEB law, the pilots are prohibited from striking for 60 days while the board tries to fashion a proposed settlement and the two sides consider whether to accept it.</p>
<p>They agreed to extend the deadline to April 28.</p>
<p>The two sides are several percentage points apart on a pay raise to cover the past three years when the APA had no pay increase, and the next four, but cockpit rights could block a new deal as it did their attempt to reach an earlier accord.</p>
<p>APA pilots, who make an average of $120,000 a year, want to fly the new jets, but American wants them flown by their American Eagle pilots, members of another union, the Air Line Pilots Association, and who earn about $35,000 a year.</p>
<p>American says it needs a lower paid cockpit to compete with low-cost commuter carriers flown by its competitors.</p>
<p>But the APA argues that the commuter jets have a range of 2,000 miles (3,200 km) and American can easily put them on routes now flown by its big jets flown by APA pilots, costing APA jobs.</p>
<p>The PEB tried to bridge the difference by recommending that American limit the number of commuter jets flown, the routes they fly and the airports they serve.</p>
</text>
<copyright>(c) Reuters Limited 1997</copyright>
<metadata>
<codes class="bip:countries:1.0">
  <code code="USA">
    <editdetail attribution="Reuters BIP Coding Group" action="confirmed" date="1997-03-22"/>
  </code>
</codes>
<codes class="bip:industries:1.0">
  <code code="I75000">
    <editdetail attribution="Reuters BIP Coding Group" action="confirmed" date="1997-03-22"/>
  </code>
</codes>
<codes class="bip:topics:1.0">
  <code code="C42">
    <editdetail attribution="Reuters BIP Coding Group" action="confirmed" date="1997-03-22"/>
  </code>
  <code code="CCAT">
    <editdetail attribution="Reuters BIP Coding Group" action="confirmed" date="1997-03-22"/>
  </code>
  <code code="E41">
    <editdetail attribution="Reuters BIP Coding Group" action="confirmed" date="1997-03-22"/>
  </code>
  <code code="ECAT">
    <editdetail attribution="Reuters BIP Coding Group" action="confirmed" date="1997-03-22"/>
  </code>
  <code code="GCAT">
    <editdetail attribution="Reuters BIP Coding Group" action="confirmed" date="1997-03-22"/>
  </code>
  <code code="GJOB">
    <editdetail attribution="Reuters BIP Coding Group" action="confirmed" date="1997-03-22"/>
  </code>
</codes>
<dc element="dc.date.created" value="1997-03-22"/>
<dc element="dc.publisher" value="Reuters Holdings Plc"/>
<dc element="dc.date.published" value="1997-03-22"/>
<dc element="dc.source" value="Reuters"/>
<dc element="dc.creator.location" value="WASHINGTON"/>
<dc element="dc.creator.location.country.name" value="USA"/>
<dc element="dc.source" value="Reuters"/>
</metadata>
</newsitem>
