<?xml version="1.0" encoding="iso-8859-1" ?>
<newsitem itemid="461611" id="root" date="1997-03-22" xml:lang="en">
<title>HONG KONG: HK, Taiwan may have shipping deal in April - paper.</title>
<headline>HK, Taiwan may have shipping deal in April - paper.</headline>
<dateline>HONG KONG 1997-03-22</dateline>
<text>
<p>Hong Kong and Taiwan may reach agreement before the end of April on shipping arrangements after the British colony reverts to Chinese rule on July 1, the South China Morning Post reported on Saturday.</p>
<p>Despite the absence of an official Taiwan negotiator, a speedy wrap-up of the deal was possible because Beijing and Taipei had adopted a flexible stance, the paper quoted unidentified sources as saying.</p>
<p>Beijing has appointed Hong Kong Shipowners' Association (HKSOA) chairman George Chao to negotiate on its behalf, but has refused to accept Taipei's National Association of Chinese Shipowners, because the name implies that there are two Chinas.</p>
<p>As a result, discussions had stalled pending Taipei's approval of the Taiwan Cross Strait Shipping Association (TCSSA) as its official negotiating body, the newspaper said.</p>
<p>Beijing has regarded Taiwan as a renegade province ever since a civil war separated the two in 1949 and fiercely opposes any moves that run against its &quot;one China&quot; policy.</p>
<p>Hong Kong will become a Special Administrative Region under China on July 1 after more than 150 years of British colonial rule.</p>
<p>The HKSOA proposed Hong Kong-registered ships fly the Special Administrative Region (SAR) flag when entering Taiwan waters. Taiwan ships should hoist their &quot;plum blossom&quot; flag, which is Taiwan's emblem, instead of the flag of Taiwan's government while in Hong Kong waters, it added.</p>
<p>Taipei proposes that Hong Kong ships lower all flags while in Taiwanese waters and that Taiwan's ships do the same in Hong Kong waters. Hong Kong's post-handover constitution states that after July 1 Hong Kong-registered ships on international routes must fly China's national flag along with the SAR flag.</p>
</text>
<copyright>(c) Reuters Limited 1997</copyright>
<metadata>
<codes class="bip:countries:1.0">
  <code code="CHINA">
    <editdetail attribution="Reuters BIP Coding Group" action="confirmed" date="1997-03-22"/>
  </code>
  <code code="HKONG">
    <editdetail attribution="Reuters BIP Coding Group" action="confirmed" date="1997-03-22"/>
  </code>
  <code code="TAIWAN">
    <editdetail attribution="Reuters BIP Coding Group" action="confirmed" date="1997-03-22"/>
  </code>
</codes>
<codes class="bip:industries:1.0">
  <code code="I74000">
    <editdetail attribution="Reuters BIP Coding Group" action="confirmed" date="1997-03-22"/>
  </code>
</codes>
<codes class="bip:topics:1.0">
  <code code="C13">
    <editdetail attribution="Reuters BIP Coding Group" action="confirmed" date="1997-03-22"/>
  </code>
  <code code="CCAT">
    <editdetail attribution="Reuters BIP Coding Group" action="confirmed" date="1997-03-22"/>
  </code>
  <code code="E51">
    <editdetail attribution="Reuters BIP Coding Group" action="confirmed" date="1997-03-22"/>
  </code>
  <code code="ECAT">
    <editdetail attribution="Reuters BIP Coding Group" action="confirmed" date="1997-03-22"/>
  </code>
  <code code="GCAT">
    <editdetail attribution="Reuters BIP Coding Group" action="confirmed" date="1997-03-22"/>
  </code>
  <code code="GDIP">
    <editdetail attribution="Reuters BIP Coding Group" action="confirmed" date="1997-03-22"/>
  </code>
</codes>
<dc element="dc.date.created" value="1997-03-22"/>
<dc element="dc.publisher" value="Reuters Holdings Plc"/>
<dc element="dc.date.published" value="1997-03-22"/>
<dc element="dc.source" value="Reuters"/>
<dc element="dc.creator.location" value="HONG KONG"/>
<dc element="dc.creator.location.country.name" value="HONG KONG"/>
<dc element="dc.source" value="Reuters"/>
</metadata>
</newsitem>
