<?xml version="1.0" encoding="iso-8859-1" ?>
<newsitem itemid="461618" id="root" date="1997-03-22" xml:lang="en">
<title>TAIWAN: Tibet's Dalai Lama arrives in Taiwan amid protests.</title>
<headline>Tibet's Dalai Lama arrives in Taiwan amid protests.</headline>
<byline>Jeffrey Parker</byline>
<dateline>KAOHSIUNG, Taiwan 1997-03-22</dateline>
<text>
<p>Tibet's exiled spiritual leader, the Dalai Lama, arrived in Taiwan on Saturday for a six-day visit that has angered China despite being billed as a purely religious journey.</p>
<p>The Tibetan Buddhist god-king's plane touched down at the southern port city of Kaohsiung after a flight from Singapore.</p>
<p>Outside the airport, hundreds of Taiwan political activists wielded banners, beat drums and shouted slogans supporting or condemning the visit of the Dalai Lama.</p>
<p>Staking out Kaohsiung airport and separated by riot police, the opposing groups either praised the monk as a brave defender of Tibetan rights against an oppressive China, or denounced him as aiming to separate Tibet from China.</p>
<p>&quot;By saying no to China, the Dalai Lama is a shining example for (Taiwan President) Lee Teng-hui,&quot; a banner carried by the Taiwan Independence Party, which advocates the island's own independence from China, said.</p>
<p>&quot;Hi Mr. Lee. If you want that Nobel Prize, say no to China!&quot; another banner read, referring to the Dalai Lama's winning the 1989 Nobel Peace Prize for his non-violent campaign for autonomy in his Himalayan homeland.</p>
<p>Members of Taiwan's pro-unification Labour Party accused the Dalai Lama, revered as a Buddhist god-king in Tibet, of aiming to achieve political aims under the pretence of a religious visit.</p>
<p>&quot;Against Tibetan independence, for one nation and one China unity,&quot; Labour Party protesters, wearing T-shirts saying &quot;Chinese unification&quot;, shouted at the airport.</p>
<p>&quot;We support autonomy for Tibet, but we are against mixing politics and religion,&quot; a Labour Party protester said.</p>
<p>The Dalai Lama was scheduled to visit the Fukuangshan Temple, a principle Buddhist centre in southern Taiwan, on Saturday afternoon.</p>
<p>This was the Dalai Lama's first visit in Chinese territory since he and thousands of followers fled his Himalayan homeland in 1959 after the failure of an anti-Chinese uprising.</p>
<p>The Dalai Lama and his Taiwan hosts have insisted his visit is purely religious but communist China has attacked his journey and planned meeting with Taiwan President Lee Teng-hui as collusion between &quot;splittists&quot; who were struggling for the same goal -- independence from China for both Taiwan and Tibet.</p>
<p>Taiwan and China separated after a bitter civil war ended in 1949. Both governments still vow to seek eventual re-unification, but Taipei says unity is not possible until communist China undergoes political liberalisation.</p>
</text>
<copyright>(c) Reuters Limited 1997</copyright>
<metadata>
<codes class="bip:countries:1.0">
  <code code="CHINA">
    <editdetail attribution="Reuters BIP Coding Group" action="confirmed" date="1997-03-22"/>
  </code>
  <code code="SINGP">
    <editdetail attribution="Reuters BIP Coding Group" action="confirmed" date="1997-03-22"/>
  </code>
  <code code="TAIWAN">
    <editdetail attribution="Reuters BIP Coding Group" action="confirmed" date="1997-03-22"/>
  </code>
</codes>
<codes class="bip:topics:1.0">
  <code code="GCAT">
    <editdetail attribution="Reuters BIP Coding Group" action="confirmed" date="1997-03-22"/>
  </code>
  <code code="GREL">
    <editdetail attribution="Reuters BIP Coding Group" action="confirmed" date="1997-03-22"/>
  </code>
  <code code="GVIO">
    <editdetail attribution="Reuters BIP Coding Group" action="confirmed" date="1997-03-22"/>
  </code>
</codes>
<dc element="dc.date.created" value="1997-03-22"/>
<dc element="dc.publisher" value="Reuters Holdings Plc"/>
<dc element="dc.date.published" value="1997-03-22"/>
<dc element="dc.source" value="Reuters"/>
<dc element="dc.creator.location" value="KAOHSIUNG, Taiwan"/>
<dc element="dc.creator.location.country.name" value="TAIWAN"/>
<dc element="dc.source" value="Reuters"/>
</metadata>
</newsitem>
