<?xml version="1.0" encoding="iso-8859-1" ?>
<newsitem itemid="461684" id="root" date="1997-03-22" xml:lang="en">
<title>USA: Americans concerned about discount airline safety.</title>
<headline>Americans concerned about discount airline safety.</headline>
<dateline>NEW YORK 1997-03-22</dateline>
<text>
<p>Fifty one percent of Americans have reservations about the safety of discount airlines, while 59 percent expressed confidence in commercial airlines, according to a Time Magazine/CNN poll released on Saturday.</p>
<p>Only 39 percent of respondents said they had confidence in discount airlines, but that figure was up 8 percent from May 1996. The poll said 33 percent expressed reservations with commercial airline safety.</p>
<p>Compared with five years ago, 42 percent of Americans believed commerical flying was less safe, with 36 percent saying it was safer, the poll added.</p>
<p>More than 60 percent cite poor airline maintenance, aging planes, the threat of terrorism and the failure of manufacturers to fix identified safety problems as the main reasons commerical flying is less safe.</p>
<p>The poll surveyed 1,018 adults and had an error of margin of plus/minus 3.1 percent.</p>
</text>
<copyright>(c) Reuters Limited 1997</copyright>
<metadata>
<codes class="bip:countries:1.0">
  <code code="USA">
    <editdetail attribution="Reuters BIP Coding Group" action="confirmed" date="1997-03-22"/>
  </code>
</codes>
<codes class="bip:industries:1.0">
  <code code="I75000">
    <editdetail attribution="Reuters BIP Coding Group" action="confirmed" date="1997-03-22"/>
  </code>
</codes>
<codes class="bip:topics:1.0">
  <code code="C21">
    <editdetail attribution="Reuters BIP Coding Group" action="confirmed" date="1997-03-22"/>
  </code>
  <code code="C24">
    <editdetail attribution="Reuters BIP Coding Group" action="confirmed" date="1997-03-22"/>
  </code>
  <code code="CCAT">
    <editdetail attribution="Reuters BIP Coding Group" action="confirmed" date="1997-03-22"/>
  </code>
</codes>
<dc element="dc.date.created" value="1997-03-22"/>
<dc element="dc.publisher" value="Reuters Holdings Plc"/>
<dc element="dc.date.published" value="1997-03-22"/>
<dc element="dc.source" value="Reuters"/>
<dc element="dc.creator.location" value="NEW YORK"/>
<dc element="dc.creator.location.country.name" value="USA"/>
<dc element="dc.source" value="Reuters"/>
</metadata>
</newsitem>
