<?xml version="1.0" encoding="iso-8859-1" ?>
<newsitem itemid="461690" id="root" date="1997-03-22" xml:lang="en">
<title>USA: Greenspan completes speech, no comment on economy.</title>
<headline>Greenspan completes speech, no comment on economy.</headline>
<dateline>PHOENIX 1997-03-22</dateline>
<text>
<p>Federal Reserve chairman Alan Greenspan completed a speech to the Independent Bankers Association of America meeting here on Saturday.</p>
<p>The U.S. central banker made no comments about the economy or the upcoming meeting of the Federal Open Market Committee.</p>
<p>--Aaron Pressman((202-898-8312))</p>
</text>
<copyright>(c) Reuters Limited 1997</copyright>
<metadata>
<codes class="bip:countries:1.0">
  <code code="USA">
    <editdetail attribution="Reuters BIP Coding Group" action="confirmed" date="1997-03-22"/>
  </code>
</codes>
<codes class="bip:topics:1.0">
  <code code="E12">
    <editdetail attribution="Reuters BIP Coding Group" action="confirmed" date="1997-03-22"/>
  </code>
  <code code="ECAT">
    <editdetail attribution="Reuters BIP Coding Group" action="confirmed" date="1997-03-22"/>
  </code>
</codes>
<dc element="dc.date.created" value="1997-03-22"/>
<dc element="dc.publisher" value="Reuters Holdings Plc"/>
<dc element="dc.date.published" value="1997-03-22"/>
<dc element="dc.source" value="Reuters"/>
<dc element="dc.creator.location" value="PHOENIX"/>
<dc element="dc.creator.location.country.name" value="USA"/>
<dc element="dc.source" value="Reuters"/>
</metadata>
</newsitem>
