<?xml version="1.0" encoding="iso-8859-1" ?>
<newsitem itemid="461605" id="root" date="1997-03-22" xml:lang="en">
<title>MALAYSIA: Berjaya Leisure to sell group firm stake.</title>
<headline>Berjaya Leisure to sell group firm stake.</headline>
<dateline>KUALA LUMPUR 1997-03-22</dateline>
<text>
<p>Berjaya Leisure Bhd said it was selling its entire stake in Berjaya Sports Toto Bhd to its existing shareholders at 3.5 ringgit each as part of a restructuring exercise.</p>
<p>Berjaya Leisure shareholders will be entitled to one Sports Toto share for every two shares held, the company said in a statement to the Kuala Lumpur Stock Exchange (KLSE) late on Friday.</p>
<p>Berjaya Leisure said it will raise 1.55 billion ringgit from the sale, which will be used to mainly repay borrowings.</p>
<p>&quot;Berjaya Leisure will be transformed into a property conglomerate with interests in property development, investments, hotels, resorts and leisure-related operations&quot; after the completion of the share sale, the statement said.</p>
<p>Berjaya Leisure also announced plans to change its name to Berjaya Land Bhd and has asked the KLSE to reclassify it under the property group.</p>
<p>Group parent, Berjaya Group Bhd, said it will fund its entitlement of 1.17 billion ringgit through internal funds and short-term borrowings.</p>
<p>-- Kuala Lumpur newsroom (603-230 8911)</p>
</text>
<copyright>(c) Reuters Limited 1997</copyright>
<metadata>
<codes class="bip:countries:1.0">
  <code code="MALAY">
    <editdetail attribution="Reuters BIP Coding Group" action="confirmed" date="1997-03-22"/>
  </code>
</codes>
<codes class="bip:industries:1.0">
  <code code="I83960">
    <editdetail attribution="Reuters BIP Coding Group" action="confirmed" date="1997-03-22"/>
  </code>
  <code code="I97912">
    <editdetail attribution="Reuters BIP Coding Group" action="confirmed" date="1997-03-22"/>
  </code>
</codes>
<codes class="bip:topics:1.0">
  <code code="C11">
    <editdetail attribution="Reuters BIP Coding Group" action="confirmed" date="1997-03-22"/>
  </code>
  <code code="C18">
    <editdetail attribution="Reuters BIP Coding Group" action="confirmed" date="1997-03-22"/>
  </code>
  <code code="C181">
    <editdetail attribution="Reuters BIP Coding Group" action="confirmed" date="1997-03-22"/>
  </code>
  <code code="CCAT">
    <editdetail attribution="Reuters BIP Coding Group" action="confirmed" date="1997-03-22"/>
  </code>
</codes>
<dc element="dc.date.created" value="1997-03-22"/>
<dc element="dc.publisher" value="Reuters Holdings Plc"/>
<dc element="dc.date.published" value="1997-03-22"/>
<dc element="dc.source" value="Reuters"/>
<dc element="dc.creator.location" value="KUALA LUMPUR"/>
<dc element="dc.creator.location.country.name" value="MALAYSIA"/>
<dc element="dc.source" value="Reuters"/>
</metadata>
</newsitem>
