<?xml version="1.0" encoding="iso-8859-1" ?>
<newsitem itemid="461612" id="root" date="1997-03-22" xml:lang="en">
<title>SINGAPORE: Jurong Shipyard holds S$220 mln shipbuilding jobs.</title>
<headline>Jurong Shipyard holds S$220 mln shipbuilding jobs.</headline>
<dateline>SINGAPORE 1997-03-22</dateline>
<text>
<p>Jurong Shipyard Ltd's 1997 revenue from repairing and upgrading off-shore floating structures is expected to be Singapore $100 million, company officials said on Saturday.</p>
<p>The shiprepair group said it was building seven vessels worth a total of S$220 million.  </p>
<p>Managing director Tan Kwi Kin said jobs from repairing and upgrading the floating structures would bring in S$100 million this year for the group.</p>
<p>&quot;We already got quite a number of ships from this business. It will roll in S$100 million in revenue for 1997. That would cushion the depressed ship repair business,&quot; Tan said.</p>
<p>The work in hand, including three checkup jobs, are valued at S$40 million. Tan said Jurong planned to achieve S$50 million in revenue in the six months to June this year and that it was looking to tender for more jobs.  </p>
<p>But he said ship repair would remain Jurong's core business. &quot;By the end of 1997, ship repair will contribute about 70 percent of our total revenue. The rest will be from building and conversion,&quot; Tan said.</p>
<p>&quot;We will be happy if we achieve a long-term target of 60 percent contribution from repairs, 20 percent from building and 20 percent from conversion,&quot; he added.</p>
<p>Tan said said shipbuilding in 1997 was expected to be &quot;very busy&quot;, with the docks fully occupied till May.</p>
<p>Of the seven vessels it is building, two are scheduled to be delivered in the second half of 1997 and the rest in 1998-1999.  </p>
<p>In 1995, the company had no contribution from this sector. Its dock expansion last year allowed it to accept bigger jobs from Ultra-Large Capacity Carriers and Very Large Capacity Carriers.</p>
<p>&quot;With the added capacity from our new docks, we have the intention to capture some of the off-shore floating structure jobs like check-ups. In five to 10 years, many of these structures would be due for repairs and upgrading,&quot; Tan said.</p>
<p>So far, customers are from the United States, Vietnam, India and Asia, Tan said.  </p>
<p>The building jobs comprised four container ships, one product carrier, a bulk carrier and achemical carrier.</p>
<p>-- Singapore newsroom (65 8703083)</p>
</text>
<copyright>(c) Reuters Limited 1997</copyright>
<metadata>
<codes class="bip:countries:1.0">
  <code code="SINGP">
    <editdetail attribution="Reuters BIP Coding Group" action="confirmed" date="1997-03-22"/>
  </code>
</codes>
<codes class="bip:industries:1.0">
  <code code="I36101">
    <editdetail attribution="Reuters BIP Coding Group" action="confirmed" date="1997-03-22"/>
  </code>
</codes>
<codes class="bip:topics:1.0">
  <code code="C33">
    <editdetail attribution="Reuters BIP Coding Group" action="confirmed" date="1997-03-22"/>
  </code>
  <code code="CCAT">
    <editdetail attribution="Reuters BIP Coding Group" action="confirmed" date="1997-03-22"/>
  </code>
</codes>
<dc element="dc.date.created" value="1997-03-22"/>
<dc element="dc.publisher" value="Reuters Holdings Plc"/>
<dc element="dc.date.published" value="1997-03-22"/>
<dc element="dc.source" value="Reuters"/>
<dc element="dc.creator.location" value="SINGAPORE"/>
<dc element="dc.creator.location.country.name" value="SINGAPORE"/>
<dc element="dc.source" value="Reuters"/>
</metadata>
</newsitem>
