<?xml version="1.0" encoding="iso-8859-1" ?>
<newsitem itemid="461675" id="root" date="1997-03-22" xml:lang="en">
<title>USA: Gore to raise funding issues with Chinese.</title>
<headline>Gore to raise funding issues with Chinese.</headline>
<byline>Laurence McQuillan</byline>
<dateline>ELMENDORF AFB, Alaska 1997-03-22</dateline>
<text>
<p>Vice President Al Gore on Saturday began an eight-day trip to Asia aimed at easing strains in U.S.-Sino relations, saying he intended to discuss allegations China illegally tried to influence the 1996 U.S. elections.</p>
<p>Gore told reporters onboard Air Force Two that he intended to raise the issue in Beijing &quot;in an appropriate way and in the proper context&quot; but stressed that &quot;this is not what this trip is about.&quot;</p>
<p>Stressing that China vigorously denied charges being investigated by the FBI that it tried to funnel money into presidential and some congressional campaigns, Gore said he would discuss the matter &quot;in an appropriate and sensitive way.&quot;</p>
<p>After stopping in Alaska to refuel his plane, Gore headed to Japan, where he planned to discuss China policies and other issues with Prime Minister Ryutaro Hashimoto on Monday before heading to Beijing that night.</p>
<p>Gore's talks on Tuesday with Chinese President Jiang Zemin, the first prolonged U.S. discussions with Beijing's leader since the death of Deng Xiaoping, who died last month.</p>
<p>&quot;I think its a more propicious time now than in the past because both our countries are clearly signaling to one another that we want to find a way to move forward in the relationship&quot; between Washington and Beijing, Gore said.</p>
<p>U.S. officials were closely monitoring the situation in China for any hint that Jiang's power may be threatened now that Deng, his political patron, has passed away.</p>
<p>Gore quietly will be taking the measure of Jiang himself and his ability to fend off any would-be rivals, officials said.</p>
<p>A broad range of divisive issues, from trade to human rights, faced the mission by Gore -- the highest-ranking U.S. official to visit Beijing since Army troops brutally ended pro-democracy demonstrations in Tiananmen Square in 1989.</p>
<p>Gore defended President Bill Clinton's decision to drop his initial demands that China show progress on human rights in order to renew most favored nation trade status, which eases tariffs on goods sold in the United States.</p>
<p>&quot;It is more than reasonable to place a bet that as the free market expands dramatically, so too will democracy,&quot; said Gore, who noted that &quot;change is taking place rapidly&quot; in China.</p>
<p>A primary purpose of the trip was to lay the groundwork for a state visit to Washington by Jiang later this year and a trip to Bejing by Clinton in 1998. Gore said he did not expect exact dates to be agreed to because they were &quot;still a long way off.&quot;</p>
<p>Concerns about the fund-raising scandal involving China dampened some of the expectations for the trip. Although U.S. officials were negotiating with their Chinese counterparts trying to hammer out various agreements in time for Gore's trip, no dramatic breakthroughs were expected.</p>
<p>In fact, Gore's advisers had a debate over whether he should even participate in a signing ceremony in which China plans to order new jet airplanes from Boeing Co., a move that will generate jobs and benefit the U.S. economy.</p>
<p>Although officials said there was no doubt Gore would participate in such an event if a final contract was reached, the fact there was any question underscored the sensitivity of the trip.</p>
<p>&quot;My guess is, not much will be achieved here, and that's okay,&quot; said Greg Mastel, an expert on China for the Economic Strategy Institute, about the visit. &quot;It's important to have an important dialogue with the Chinese.&quot;</p>
<p>&quot;The problems we have with the Chinese are not the kind of problems you can solve with a simple summit ... but just keeping the dialogue open is useful,&quot; he said.</p>
</text>
<copyright>(c) Reuters Limited 1997</copyright>
<metadata>
<codes class="bip:countries:1.0">
  <code code="CHINA">
    <editdetail attribution="Reuters BIP Coding Group" action="confirmed" date="1997-03-22"/>
  </code>
  <code code="USA">
    <editdetail attribution="Reuters BIP Coding Group" action="confirmed" date="1997-03-22"/>
  </code>
</codes>
<codes class="bip:topics:1.0">
  <code code="GCAT">
    <editdetail attribution="Reuters BIP Coding Group" action="confirmed" date="1997-03-22"/>
  </code>
  <code code="GDIP">
    <editdetail attribution="Reuters BIP Coding Group" action="confirmed" date="1997-03-22"/>
  </code>
  <code code="GPOL">
    <editdetail attribution="Reuters BIP Coding Group" action="confirmed" date="1997-03-22"/>
  </code>
</codes>
<dc element="dc.date.created" value="1997-03-22"/>
<dc element="dc.publisher" value="Reuters Holdings Plc"/>
<dc element="dc.date.published" value="1997-03-22"/>
<dc element="dc.source" value="Reuters"/>
<dc element="dc.creator.location" value="ELMENDORF AFB, Alaska"/>
<dc element="dc.creator.location.country.name" value="USA"/>
<dc element="dc.source" value="Reuters"/>
</metadata>
</newsitem>
