<?xml version="1.0" encoding="iso-8859-1" ?>
<newsitem itemid="461609" id="root" date="1997-03-22" xml:lang="en">
<title>JAPAN: Tokyo trains to ban cellular phones.</title>
<headline>Tokyo trains to ban cellular phones.</headline>
<dateline>TOKYO 1997-03-22</dateline>
<text>
<p>Passengers on most commuter trains in Tokyo will be banned from using cellular phones beginning next month, East Japan Railway Co (JR East) said on Saturday.</p>
<p>Officials of JR East, the biggest operators of commuter trains in the capital, said they would start a ban-the-phone campaign by posters and announcements in April.</p>
<p>The use of cellular phones on crowded Tokyo trains has recently become the target of public scorn, because people trying to speak into their phones shout above the noise of the train, making them obnoxious fellow-passengers.</p>
<p>The recent proliferation of portable telephones in Japan has triggered other problems.</p>
<p>The National Police Agency, releasing the first statistics of its kind last week, said that in the last six months of 1996 nine people died and 1,627 were injured in 1,140 traffic accidents while drivers were speaking on cellular phones,</p>
<p>The latest telephone company statistics show about one out of five Japanese owns a cellular phone. Altogether, there are about 25 million sets in operation.</p>
</text>
<copyright>(c) Reuters Limited 1997</copyright>
<metadata>
<codes class="bip:countries:1.0">
  <code code="JAP">
    <editdetail attribution="Reuters BIP Coding Group" action="confirmed" date="1997-03-22"/>
  </code>
</codes>
<codes class="bip:industries:1.0">
  <code code="I71000">
    <editdetail attribution="Reuters BIP Coding Group" action="confirmed" date="1997-03-22"/>
  </code>
  <code code="I79020">
    <editdetail attribution="Reuters BIP Coding Group" action="confirmed" date="1997-03-22"/>
  </code>
</codes>
<codes class="bip:topics:1.0">
  <code code="C13">
    <editdetail attribution="Reuters BIP Coding Group" action="confirmed" date="1997-03-22"/>
  </code>
  <code code="CCAT">
    <editdetail attribution="Reuters BIP Coding Group" action="confirmed" date="1997-03-22"/>
  </code>
  <code code="GCAT">
    <editdetail attribution="Reuters BIP Coding Group" action="confirmed" date="1997-03-22"/>
  </code>
  <code code="GODD">
    <editdetail attribution="Reuters BIP Coding Group" action="confirmed" date="1997-03-22"/>
  </code>
</codes>
<dc element="dc.date.created" value="1997-03-22"/>
<dc element="dc.publisher" value="Reuters Holdings Plc"/>
<dc element="dc.date.published" value="1997-03-22"/>
<dc element="dc.source" value="Reuters"/>
<dc element="dc.creator.location" value="TOKYO"/>
<dc element="dc.creator.location.country.name" value="JAPAN"/>
<dc element="dc.source" value="Reuters"/>
</metadata>
</newsitem>
