<?xml version="1.0" encoding="iso-8859-1" ?>
<newsitem itemid="461667" id="root" date="1997-03-22" xml:lang="en">
<title>MOROCCO: PRESS DIGEST - Morocco - March 22.</title>
<headline>PRESS DIGEST - Morocco - March 22.</headline>
<dateline>RABAT 1997-03-22</dateline>
<text>
<p>These are the leading stories in the Moroccan press on Saturday. Reuters has not verified these stories and does not vouch for their accuracy.</p>
<p>LE MATIN DU SAHARA</p>
<p>- France's National Assembly ratifies accord with Morocco over mutual protection of investments.</p>
<p>- Public Works Minister Abdelaziz Meziane tells international water forum ... &quot;kingdom built its development on rational management of water.&quot;</p>
<p>- Accord for setting up joint venture between Office Cherifien des Phosphates (OCP) and Indian firm will provide new market for OCP's products.</p>
<p>L'OPINION</p>
<p>- World water forum wants to associate all parties with better management.</p>
<p>AL-MAGHRIB</p>
<p>- Morocco's ambassador in Austria, attending meeting of drugs commission in Vienna, says Morocco devotes about $100 million annually to fighting drug trafficking.</p>
<p>- Foreign investment and private loans for Morocco in January 1997 rose to 510.2 million dirhams ($54.8 million) from 169.5 million dirhams in January 1996.</p>
</text>
<copyright>(c) Reuters Limited 1997</copyright>
<metadata>
<codes class="bip:countries:1.0">
  <code code="MOROC">
    <editdetail attribution="Reuters BIP Coding Group" action="confirmed" date="1997-03-22"/>
  </code>
</codes>
<codes class="bip:topics:1.0">
  <code code="GCAT">
    <editdetail attribution="Reuters BIP Coding Group" action="confirmed" date="1997-03-22"/>
  </code>
</codes>
<dc element="dc.date.created" value="1997-03-22"/>
<dc element="dc.publisher" value="Reuters Holdings Plc"/>
<dc element="dc.date.published" value="1997-03-22"/>
<dc element="dc.source" value="Reuters"/>
<dc element="dc.creator.location" value="RABAT"/>
<dc element="dc.creator.location.country.name" value="MOROCCO"/>
<dc element="dc.source" value="Reuters"/>
</metadata>
</newsitem>
