<?xml version="1.0" encoding="iso-8859-1" ?>
<newsitem itemid="461644" id="root" date="1997-03-22" xml:lang="en">
<title>YEMEN: Yemen denies Saudi dissident establishing presence.</title>
<headline>Yemen denies Saudi dissident establishing presence.</headline>
<dateline>SANAA 1997-03-22</dateline>
<text>
<p>A Yemeni official on Saturday denied an exiled Saudi Arabian dissident, named by Washington as a prime suspect in bombings against U.S. targets in Saudi Arabia which killed 26, had gained a foothold in the country.</p>
<p>&quot;There is no truth in reports carried by Reuters that (Osama) bin Laden is present or has gained a foothold in Yemen,&quot; said the official.</p>
<p>&quot;Yemen will not allow its territories to become a launch pad for opposition activity against any brotherly or friendly country,&quot; the official, who declined to be named, told Reuters.</p>
<p>Reuters quoted Arab diplomatic and Western intelligence sources in Sanaa on Friday as saying an advance party of bin Laden's supporters had established cells in Yemen, which shares a disputed border with Saudi Arabia.</p>
<p>The sources would not say whether they had evidence that bin Laden himself had arrived in Yemen or was still in Afghanistan, his base since last year when he was forced to leave Sudan under Saudi pressure.</p>
<p>&quot;Yemen rejects and condemns terrorism and fundamentalism in all its forms and shapes regardless of its origin,&quot; the Yemeni official said.</p>
<p>In Islamabad, Afghan ambassador Mufti Masoom Afghani, a member of the purist Islamic Taleban militia, told a news conference bin Laden had been told not to use Afghanistan as a base for actions against any country, including Saudi Arabia.</p>
<p>&quot;He has promised not to use our soil,&quot; Afghani said, without denying bin Laden's presence in his country.</p>
<p>Asked if the Taleban would consider deporting him to Saudi Arabia in exchange for a seat at the Organisation of Islamic Conference (OIC), holding a summit in Islamabad on Sunday, he said neither the OIC nor Saudi Arabia had made any such offer.</p>
<p>&quot;We don't have to think (about it) now,&quot; he added.</p>
<p>Bin Laden has been based near the eastern Afghan city of Jalalabad before and after the Taleban captured the area in September. A Reuter journalist in Jalalabad who requested an interview with him on Saturday was told to wait for an answer.</p>
<p>Bin Laden, a multi-millionaire financier stripped of his Saudi citizenship because of his activities against the royal family, has threatened to wage a holy war on &quot;crusader&quot; U.S. forces in the homeland of Islam.</p>
<p>He financed and commanded thousands of so-called Arab Afghans -- Islamic warriors from Saudi Arabia and other Arab states in the 1980s Afghan war against the Soviet Union.</p>
<p>U.S. officials last October branded him as a prime suspect in the two bombings which also wounded more than 400 people in 1995 and 1996.</p>
<p>Bin Laden denied involvement in the bombings but said they were warnings that the United States should withdraw its forces from Saudi Arabia.</p>
<p>Four Saudis were executed last year for the first blast. Saudi and U.S. investigations into the second bombing in eastern Saudi Arabia last June are continuing. No evidence connecting bin Laden to that explosion has been published.</p>
<p>An Arabic newspaper published in London, al-Quds al-Arabi, in November quoted bin Laden as saying in an interview that he was considering moving to Yemen, irrespective of whether the Yemeni government agreed.</p>
</text>
<copyright>(c) Reuters Limited 1997</copyright>
<metadata>
<codes class="bip:countries:1.0">
  <code code="AFGH">
    <editdetail attribution="Reuters BIP Coding Group" action="confirmed" date="1997-03-22"/>
  </code>
  <code code="PAKIS">
    <editdetail attribution="Reuters BIP Coding Group" action="confirmed" date="1997-03-22"/>
  </code>
  <code code="SAARAB">
    <editdetail attribution="Reuters BIP Coding Group" action="confirmed" date="1997-03-22"/>
  </code>
  <code code="USA">
    <editdetail attribution="Reuters BIP Coding Group" action="confirmed" date="1997-03-22"/>
  </code>
  <code code="YEMAR">
    <editdetail attribution="Reuters BIP Coding Group" action="confirmed" date="1997-03-22"/>
  </code>
</codes>
<codes class="bip:topics:1.0">
  <code code="GCAT">
    <editdetail attribution="Reuters BIP Coding Group" action="confirmed" date="1997-03-22"/>
  </code>
  <code code="GDIP">
    <editdetail attribution="Reuters BIP Coding Group" action="confirmed" date="1997-03-22"/>
  </code>
  <code code="GVIO">
    <editdetail attribution="Reuters BIP Coding Group" action="confirmed" date="1997-03-22"/>
  </code>
</codes>
<dc element="dc.date.created" value="1997-03-22"/>
<dc element="dc.publisher" value="Reuters Holdings Plc"/>
<dc element="dc.date.published" value="1997-03-22"/>
<dc element="dc.source" value="Reuters"/>
<dc element="dc.creator.location" value="SANAA"/>
<dc element="dc.creator.location.country.name" value="YEMEN"/>
<dc element="dc.source" value="Reuters"/>
</metadata>
</newsitem>
