<?xml version="1.0" encoding="iso-8859-1" ?>
<newsitem itemid="461625" id="root" date="1997-03-22" xml:lang="en">
<title>HONG KONG: China's MPT not to take HK Telecom stake.</title>
<headline>China's MPT not to take HK Telecom stake.</headline>
<dateline>HONG KONG 1997-03-22</dateline>
<text>
<p>China's Ministry of Posts and Telecommunication (MPT) will not buy a direct stake in Hongkong Telecommunications Ltd, local media reported on Saturday.</p>
<p>&quot;The MPT has no plans to buy shares in Hong Kong,&quot; China's Posts and Telecommunications minister Wu Jichuan was reported by the South China Morning Post as saying.</p>
<p>Hongkong Telecom's share price has risen in the past week on market anticipation that its parent Cable and Wireless Plc could sell a stake in Hongkong Telecom to China.</p>
<p>Wu declined to say whether the MPT would accept Cable &amp; Wireless's majority 59 percent shareholding in Hongkong Telecom after the colony returns to Chinese rule on July 1.</p>
<p>&quot;According to the International Telecommunications Union, telecommunications is a sector which represents the sovereign power of the state,&quot; Wu said.</p>
<p>&quot;After Hong Kong is returned to the mainland (and) under the Basic Law, it is up to the Hong Kong Special Administrative Region to consider the management of telecommunications.&quot;</p>
<p>The minister was in Hong Kong to launch China Telecom (Hong Kong) Ltd, a joint venture between MPT-controlled China Telecom and Tianbo Communication (Holding), which would develop services in Hong Kong. -- Hong Kong Newsroom (852) 2843 6358</p>
</text>
<copyright>(c) Reuters Limited 1997</copyright>
<metadata>
<codes class="bip:countries:1.0">
  <code code="CHINA">
    <editdetail attribution="Reuters BIP Coding Group" action="confirmed" date="1997-03-22"/>
  </code>
  <code code="HKONG">
    <editdetail attribution="Reuters BIP Coding Group" action="confirmed" date="1997-03-22"/>
  </code>
</codes>
<codes class="bip:industries:1.0">
  <code code="I79020">
    <editdetail attribution="Reuters BIP Coding Group" action="confirmed" date="1997-03-22"/>
  </code>
</codes>
<codes class="bip:topics:1.0">
  <code code="C18">
    <editdetail attribution="Reuters BIP Coding Group" action="confirmed" date="1997-03-22"/>
  </code>
  <code code="C181">
    <editdetail attribution="Reuters BIP Coding Group" action="confirmed" date="1997-03-22"/>
  </code>
  <code code="CCAT">
    <editdetail attribution="Reuters BIP Coding Group" action="confirmed" date="1997-03-22"/>
  </code>
</codes>
<dc element="dc.date.created" value="1997-03-22"/>
<dc element="dc.publisher" value="Reuters Holdings Plc"/>
<dc element="dc.date.published" value="1997-03-22"/>
<dc element="dc.source" value="Reuters"/>
<dc element="dc.creator.location" value="HONG KONG"/>
<dc element="dc.creator.location.country.name" value="HONG KONG"/>
<dc element="dc.source" value="Reuters"/>
</metadata>
</newsitem>
