<?xml version="1.0" encoding="iso-8859-1" ?>
<newsitem itemid="461687" id="root" date="1997-03-22" xml:lang="en">
<title>USA: U.S. Rep Leach plots tactics on bank-commerce mix.</title>
<headline>U.S. Rep Leach plots tactics on bank-commerce mix.</headline>
<dateline>PHOENIX 1997-03-22</dateline>
<text>
<p>House Banking Committee chairman Jim Leach laid out his strategy for getting his committee to agree on a financial services reform bill despite significant disagreements on the issue of mixing banking and commerce.</p>
<p>Most on the committee already agree current laws should be scrapped and banks should be allowed to combine with other financial service providers, such as insurance companies or securities firms. But there is little consensus about going farther and allowing unrestricted mixing of financial and commercial companies.</p>
<p>One bill introduced in Congress would allow a financial firm to conduct up to 25 percent of its activity in non-financial businesses. Another bill sets no limits. And a bill introduced by Leach, Republican of Iowa, would allow the investment banking operations of companies to hold 7.5 percent of their assets in stock of commercial companies</p>
<p>Leach has been a strong opponent of allowing broad mixing of banking and commerce but in recent speeches he had hinted at a possible compromise, allowing banks be mimimally involved in commercial activities.</p>
<p>Speaking to reporters here Saturday after a speech to the Independent Bankers Association of America, Leach explained that his suggestions were mainly tactical. He said he would not quash a bill in committee that allowed a mimimal amount of mixing, such as allowing a bank to have a &quot;basket&quot; of five to 10 percent of its capital invested in nonfinancial activities.</p>
<p>But Leach made clear he would support such a measure only to get a bill out of committee to the House floor for a full vote. At that point, he would likely offer amendments to prohibit all mixing.</p>
<p>&quot;I do not favor any basket,&quot; Leach told reporters. &quot;If it's a capital-based very small basket I'm willing to go along (in committee) but I reserve the right to seek amendment on the House floor.&quot;</p>
<p>A majority of committee members might support such an approach, allowing the bill to go forward, he said. &quot;In a way, it's kind of a rearguard action,&quot; he said. &quot;I would prefer nothing.&quot;</p>
<p>--Aaron Pressman((202-898-8312))</p>
</text>
<copyright>(c) Reuters Limited 1997</copyright>
<metadata>
<codes class="bip:countries:1.0">
  <code code="USA">
    <editdetail attribution="Reuters BIP Coding Group" action="confirmed" date="1997-03-22"/>
  </code>
</codes>
<codes class="bip:industries:1.0">
  <code code="I81402">
    <editdetail attribution="Reuters BIP Coding Group" action="confirmed" date="1997-03-22"/>
  </code>
</codes>
<codes class="bip:topics:1.0">
  <code code="C13">
    <editdetail attribution="Reuters BIP Coding Group" action="confirmed" date="1997-03-22"/>
  </code>
  <code code="CCAT">
    <editdetail attribution="Reuters BIP Coding Group" action="confirmed" date="1997-03-22"/>
  </code>
</codes>
<dc element="dc.date.created" value="1997-03-22"/>
<dc element="dc.publisher" value="Reuters Holdings Plc"/>
<dc element="dc.date.published" value="1997-03-22"/>
<dc element="dc.source" value="Reuters"/>
<dc element="dc.creator.location" value="PHOENIX"/>
<dc element="dc.creator.location.country.name" value="USA"/>
<dc element="dc.source" value="Reuters"/>
</metadata>
</newsitem>
