<?xml version="1.0" encoding="iso-8859-1" ?>
<newsitem itemid="461668" id="root" date="1997-03-22" xml:lang="en">
<title>IRAQ: PRESS DIGEST - Iraq - March 22.</title>
<headline>PRESS DIGEST - Iraq - March 22.</headline>
<dateline>BAGHDAD 1997-03-22</dateline>
<text>
<p>These are some of the leading stories in the official Iraqi press on Saturday. Reuters has not verified these stories and does not vouch for their accuracy.</p>
<p>QADISSIYA</p>
<p>- Iraq and Russia sign deal to develop one of Iraq's largest oilfields; Russian Fuel and Energy Minister Rodionov says implementation will start regardless of U.N. trade sanctions.</p>
<p>- Explosion hits Tel Aviv.</p>
<p>- More food flows into country after oil-for-food deal.</p>
<p>- Washington concerned about security of its troops in Gulf.</p>
<p>- Deputy Prime Minister Aziz continues meetings in Brussels.</p>
<p>- Justice Minister Maliki in Islamabad for Islamic conference.</p>
<p>(The above were also carried by AL-IRAQ and JUMHOURIYA)</p>
<p>- Article says Iran's holding of Iraqi POWs is against teaching of Islam.</p>
<p>- Industry and Minerals Ministry ferries more industrial goods to markets.</p>
<p>- More tourist projects in Shi'ite holy city of Najaf.</p>
<p>IRAQ</p>
<p>- Police catch gang accused of murdering several citizens and stealing number of cars.</p>
<p>JUMHOURIYA</p>
<p>- Japan signs deal to buy Iraqi crude oil.</p>
<p>- United Nations allows Libyan pilgrims to use Egyptian planes for pilgrimage to Mecca.</p>
<p>- Editorial criticises United States for hypocritical attitudes.</p>
<p>- Week of solidarity with Iraqi POWs in Iran starts on Saturday.</p>
<p>- Article on Israeli lobby in current U.S. administration.</p>
</text>
<copyright>(c) Reuters Limited 1997</copyright>
<metadata>
<codes class="bip:countries:1.0">
  <code code="IRAQ">
    <editdetail attribution="Reuters BIP Coding Group" action="confirmed" date="1997-03-22"/>
  </code>
</codes>
<codes class="bip:topics:1.0">
  <code code="GCAT">
    <editdetail attribution="Reuters BIP Coding Group" action="confirmed" date="1997-03-22"/>
  </code>
</codes>
<dc element="dc.date.created" value="1997-03-22"/>
<dc element="dc.publisher" value="Reuters Holdings Plc"/>
<dc element="dc.date.published" value="1997-03-22"/>
<dc element="dc.source" value="Reuters"/>
<dc element="dc.creator.location" value="BAGHDAD"/>
<dc element="dc.creator.location.country.name" value="IRAQ"/>
<dc element="dc.source" value="Reuters"/>
</metadata>
</newsitem>
