<?xml version="1.0" encoding="iso-8859-1" ?>
<newsitem itemid="461648" id="root" date="1997-03-22" xml:lang="en">
<title>ISRAEL: Israel-Palestinian clashes erupt again in Hebron.</title>
<headline>Israel-Palestinian clashes erupt again in Hebron.</headline>
<byline>Mazen Dana</byline>
<dateline>HEBRON, West Bank 1997-03-22</dateline>
<text>
<p>Palestinian protesters threw petrols bombs and rocks at Israeli troops who responded with rubber bullets and teargas in Hebron on Saturday in a second day of fierce clashes in the West Bank city.</p>
<p>Hospital officials said at least 15 Arabs were wounded by rubber bullets along what is becoming a confrontation line dividing the Palestinian and Israeli-controlled areas of the city.</p>
<p>Hundreds of Arab youths shouting &quot;Allahu Akbar&quot; (God is greatest) ran past Palestinian police, who tried but failed to stop them, and hurled petrol bombs and rocks at Israeli soldiers as the violence spread to several Hebron streets, witnesses said.</p>
<p>The clashes were as heavy as those on Friday, when at least 13 Arab youths were injured by rubber bullets and dozens were treated for teargas inhalation in the most serious unrest since Israel handed most of Hebron to Palestinian rule in January.</p>
<p>Tension has been high since Israel's right-wing Prime Minister Benjamin Netanyahu sent bulldozers last Tuesday to a hill between Jerusalem and Bethlehem to begin a new Jewish settlement in occupied West Bank.</p>
<p>On Friday, a Palestinian suicide bomber killed three women in a crowded Tel Aviv cafe. The militant Moslem group Hamas claimed responsibility and Israel closed off the West Bank and Gaza.</p>
<p>The Israeli army declared a curfew on Friday on the Israeli-controlled section of Hebron where 400 Jewish settlers guarded by the army live among thousands of Palestinians.</p>
<p>An army spokesman said the curfew barred Palestinians, not Israelis, from moving around in the area.</p>
</text>
<copyright>(c) Reuters Limited 1997</copyright>
<metadata>
<codes class="bip:countries:1.0">
  <code code="ISRAEL">
    <editdetail attribution="Reuters BIP Coding Group" action="confirmed" date="1997-03-22"/>
  </code>
</codes>
<codes class="bip:topics:1.0">
  <code code="GCAT">
    <editdetail attribution="Reuters BIP Coding Group" action="confirmed" date="1997-03-22"/>
  </code>
  <code code="GVIO">
    <editdetail attribution="Reuters BIP Coding Group" action="confirmed" date="1997-03-22"/>
  </code>
</codes>
<dc element="dc.date.created" value="1997-03-22"/>
<dc element="dc.publisher" value="Reuters Holdings Plc"/>
<dc element="dc.date.published" value="1997-03-22"/>
<dc element="dc.source" value="Reuters"/>
<dc element="dc.creator.location" value="HEBRON, West Bank"/>
<dc element="dc.creator.location.country.name" value="ISRAEL"/>
<dc element="dc.source" value="Reuters"/>
</metadata>
</newsitem>
