<?xml version="1.0" encoding="iso-8859-1" ?>
<newsitem itemid="461666" id="root" date="1997-03-22" xml:lang="en">
<title>JORDAN: PRESS DIGEST - Jordan - March 22.</title>
<headline>PRESS DIGEST - Jordan - March 22.</headline>
<dateline>AMMAN 1997-03-22</dateline>
<text>
<p>These are some of the leading stories in the Jordanian press on Saturday. Reuters has not verified these stories and does not vouch for their accuracy.</p>
<p>AL-RAI</p>
<p>- King Hussein and Queen Noor depart to the U.S. where the king will meet U.S. President Clinton and senior officials on bilateral ties and developments in the Middle East peace process.</p>
<p>- Jordan condemns the Tel Aviv cafe suicide blast and calls for restraint; says peace is the only option for all parties.</p>
<p>- Prime Minister Abdul-Salam al-Majali says Jordan will use its relations with Israel to serve the Palestinians.</p>
<p>AD-DUSTOUR</p>
<p>- Details of a plan to improve salaries of judges and buttress the independence of the judiciary.</p>
<p>- Majali meets PLO's Farouk Kaddoumi and stresses &quot;principled stance in support of the Palestinian people's right to nationhood and legitimate rights.&quot;</p>
<p>AL-ASWAQ</p>
<p>- New government to push ahead with economic reforms; with two main teams handling a broad range of issues from administrative reform to boosting competitiveness of local industry.</p>
<p>JORDAN TIMES</p>
<p>- King heads for U.S. after instructing security forces to be alert against infiltrators.</p>
</text>
<copyright>(c) Reuters Limited 1997</copyright>
<metadata>
<codes class="bip:countries:1.0">
  <code code="JORDAN">
    <editdetail attribution="Reuters BIP Coding Group" action="confirmed" date="1997-03-22"/>
  </code>
</codes>
<codes class="bip:topics:1.0">
  <code code="GCAT">
    <editdetail attribution="Reuters BIP Coding Group" action="confirmed" date="1997-03-22"/>
  </code>
</codes>
<dc element="dc.date.created" value="1997-03-22"/>
<dc element="dc.publisher" value="Reuters Holdings Plc"/>
<dc element="dc.date.published" value="1997-03-22"/>
<dc element="dc.source" value="Reuters"/>
<dc element="dc.creator.location" value="AMMAN"/>
<dc element="dc.creator.location.country.name" value="JORDAN"/>
<dc element="dc.source" value="Reuters"/>
</metadata>
</newsitem>
