<?xml version="1.0" encoding="iso-8859-1" ?>
<newsitem itemid="461679" id="root" date="1997-03-22" xml:lang="en">
<title>USA: Pilots adjourn American talks, set April 3 meeting.</title>
<headline>Pilots adjourn American talks, set April 3 meeting.</headline>
<dateline>WASHINGTON 1997-03-22</dateline>
<text>
<p>Union pilots on Saturday adjourned without a decision a meeting held to consider whether to approve a new contract proposal with American Airlines, and scheduled another meeting on April 3, a spokesman said.</p>
<p>The board of the Allied Pilots Association met for two days to hear a report by its negotiating committee on the proposal, part of a bid to avert a threatened strike by 9,000 pilots working for American, a unit of AMR Corp..  </p>
<p>Union spokesman Wally Pitts said the meeting was adjourned to give the negotiators time to put the agreement in principle on the contract proposal into legal language which was required for board action.</p>
<p>He said the April meeting was set for two days, at a site not yet decided. The APA and American are working against an April 28 strike deadline.</p>
<p>The major stumbling block to the agreement is who is to fly new commuter planes American plans to buy -- APA pilots, who make an average of $120,000 a year, or pilots of American's commuter line, American Eagle, who make about $35,000.</p>
<p>Union President James Sovich said earlier that the APA had reached an understanding with the Air Line Pilots Association, which represents Eagle pilots, on cockpit rights, but that American Airlines had not yet signed on to the understanding.</p>
</text>
<copyright>(c) Reuters Limited 1997</copyright>
<metadata>
<codes class="bip:countries:1.0">
  <code code="USA">
    <editdetail attribution="Reuters BIP Coding Group" action="confirmed" date="1997-03-22"/>
  </code>
</codes>
<codes class="bip:industries:1.0">
  <code code="I75000">
    <editdetail attribution="Reuters BIP Coding Group" action="confirmed" date="1997-03-22"/>
  </code>
</codes>
<codes class="bip:topics:1.0">
  <code code="C42">
    <editdetail attribution="Reuters BIP Coding Group" action="confirmed" date="1997-03-22"/>
  </code>
  <code code="CCAT">
    <editdetail attribution="Reuters BIP Coding Group" action="confirmed" date="1997-03-22"/>
  </code>
  <code code="E41">
    <editdetail attribution="Reuters BIP Coding Group" action="confirmed" date="1997-03-22"/>
  </code>
  <code code="ECAT">
    <editdetail attribution="Reuters BIP Coding Group" action="confirmed" date="1997-03-22"/>
  </code>
  <code code="GCAT">
    <editdetail attribution="Reuters BIP Coding Group" action="confirmed" date="1997-03-22"/>
  </code>
  <code code="GJOB">
    <editdetail attribution="Reuters BIP Coding Group" action="confirmed" date="1997-03-22"/>
  </code>
</codes>
<dc element="dc.date.created" value="1997-03-22"/>
<dc element="dc.publisher" value="Reuters Holdings Plc"/>
<dc element="dc.date.published" value="1997-03-22"/>
<dc element="dc.source" value="Reuters"/>
<dc element="dc.creator.location" value="WASHINGTON"/>
<dc element="dc.creator.location.country.name" value="USA"/>
<dc element="dc.source" value="Reuters"/>
</metadata>
</newsitem>
