<?xml version="1.0" encoding="iso-8859-1" ?>
<newsitem itemid="461676" id="root" date="1997-03-22" xml:lang="en">
<title>USA: U.S. troops prepare for possible Zaire evacuation.</title>
<headline>U.S. troops prepare for possible Zaire evacuation.</headline>
<byline>Patricia Wilson</byline>
<dateline>WASHINGTON 1997-03-21</dateline>
<text>
<p>The United States is sending hundreds of troops to West Africa to prepare for the possible emergency evacuation of Americans from Zaire, although no order to do so has been issued, the Pentagon said on Friday.</p>
<p>The U.S. forces will join French troops and planes already in nearby Gabon and Congo in case evacuations from strife-torn Zaire become necessary.</p>
<p>&quot;The Department of Defence has directed the U.S. European Command to deploy enabling forces, consisting of several hundred personnel, as part of contingency planning for a possible future evacuation from Zaire,&quot; the Pentagon said in a written statement issued late on Friday.</p>
<p>&quot;This deployment does not represent a U.S. commitment to any particular course of action,&quot; it added.</p>
<p>The Pentagon gave no details about the preparations but said the troops included command-and-support elements for a forward joint task force primarily from the United States military base in Vicenza, Italy, supplemented with personnel from some domestic units. It will be led by Army Maj. Gen. Edwin Smith, Commander Southern European Task Force.</p>
<p>&quot;This deployment represents an enhancement to planning for contingency measures to ensure the security of U.S. citizens in Zaire if an evacuation should become necessary,&quot; the Pentagon said.</p>
<p>U.S. task force units will go to locations in several West African countries, including Brazzaville, Republic of Congo and Libreville, Republic of Gabon. A few task force members could visit Zaire &quot;if that becomes necessary as part of the planning process,&quot; the Pentagon said.</p>
<p>U.S. officials on Friday were monitoring the civil strife in Zaire hour-by-hour to assess whether to evacuate some 650 Americans, but had received no request to do so from the embassy in Kinshasa.</p>
<p>The State Department announced a new warning to U.S. citizens to defer travel to Zaire and strongly encouraged dependents of U.S. Embassy personnel in Kinshasa to depart.</p>
<p>The warning was issued &quot;due to the uncertain political and security situation and the potential for unrest throughout the country,&quot; the State Department said.</p>
<p>France has advised its citizens to leave Zaire and has moved aircraft and about 100 troops to be ready for any evacuation.</p>
<p>A 30-member U.S. military team was sent to the central African state on Wednesday to monitor the situation and the possible use of roads, airfields and communications in any emergency movement of Americans.</p>
<p>&quot;We are in the preparatorial stage to make sure we can act if action is called for,&quot; U.S. Defence Secretary William Cohen told reporters.</p>
<p>When asked if he believed evacuation would be needed, Cohen said &quot;that depends on a day-by-day assessment, it could be an hour-by-hour assessment, that we are following very closely and as usual we will take every measure possible to make sure our citizens are safe.&quot;</p>
<p>Rebels who have been fighting since October 1996 to topple Zaire's ailing President Mobutu Sese Seko seized the key city of Kisangani last weekend.</p>
<p>Mobutu left France where he had undergone cancer treatment and returned home on Friday in an effort to salvage control of the Central African country. But Laurent Kabila's rebels rejected a call for a ceasefire followed by peace negotiations. &quot;We negotiate first,&quot; Kabila said on arrival in Kisangani.</p>
</text>
<copyright>(c) Reuters Limited 1997</copyright>
<metadata>
<codes class="bip:countries:1.0">
  <code code="FRA">
    <editdetail attribution="Reuters BIP Coding Group" action="confirmed" date="1997-03-22"/>
  </code>
  <code code="USA">
    <editdetail attribution="Reuters BIP Coding Group" action="confirmed" date="1997-03-22"/>
  </code>
  <code code="ZAIRE">
    <editdetail attribution="Reuters BIP Coding Group" action="confirmed" date="1997-03-22"/>
  </code>
</codes>
<codes class="bip:topics:1.0">
  <code code="GCAT">
    <editdetail attribution="Reuters BIP Coding Group" action="confirmed" date="1997-03-22"/>
  </code>
  <code code="GDEF">
    <editdetail attribution="Reuters BIP Coding Group" action="confirmed" date="1997-03-22"/>
  </code>
  <code code="GDIP">
    <editdetail attribution="Reuters BIP Coding Group" action="confirmed" date="1997-03-22"/>
  </code>
  <code code="GVIO">
    <editdetail attribution="Reuters BIP Coding Group" action="confirmed" date="1997-03-22"/>
  </code>
</codes>
<dc element="dc.date.created" value="1997-03-21"/>
<dc element="dc.publisher" value="Reuters Holdings Plc"/>
<dc element="dc.date.published" value="1997-03-22"/>
<dc element="dc.source" value="Reuters"/>
<dc element="dc.creator.location" value="WASHINGTON"/>
<dc element="dc.creator.location.country.name" value="USA"/>
<dc element="dc.source" value="Reuters"/>
</metadata>
</newsitem>
