<?xml version="1.0" encoding="iso-8859-1" ?>
<newsitem itemid="461620" id="root" date="1997-03-22" xml:lang="en">
<title>SINGAPORE: Jurong Shipyard '96 net down 18 pct.</title>
<headline>Jurong Shipyard '96 net down 18 pct.</headline>
<dateline>SINGAPORE 1997-03-22</dateline>
<text>
<p>Year to December 31, 1996</p>
<p>	   (in millions of Singapore dollars unless stated)</p>
<p>    Net profit		   31.72     vs    38.63</p>
<p>    Dividend (cts)	     10.00     vs    10.00</p>
<p>    Group share (cts)	  28.50     vs    34.70</p>
<p>    Turnover		    357.20     vs   325.38</p>
<p>    Other income incl int    10.01     vs     9.86</p>
<p>    Interest (expense)	     0.56     vs     0.20</p>
<p>    Depreciation/amortisation   14.91     vs     7.12</p>
<p>    Profits from associates	2.94     vs     7.49</p>
<p>    Tax				 10.47     vs    12.56</p>
<p>    Minorities (loss)		3.77     vs     0.36 (loss)</p>
<p>    Last day books open:	  16 June 1997</p>
<p>Note: Full name is Jurong Shipyard Ltd.</p>
</text>
<copyright>(c) Reuters Limited 1997</copyright>
<metadata>
<codes class="bip:countries:1.0">
  <code code="SINGP">
    <editdetail attribution="Reuters BIP Coding Group" action="confirmed" date="1997-03-22"/>
  </code>
</codes>
<codes class="bip:industries:1.0">
  <code code="I36101">
    <editdetail attribution="Reuters BIP Coding Group" action="confirmed" date="1997-03-22"/>
  </code>
</codes>
<codes class="bip:topics:1.0">
  <code code="C15">
    <editdetail attribution="Reuters BIP Coding Group" action="confirmed" date="1997-03-22"/>
  </code>
  <code code="C151">
    <editdetail attribution="Reuters BIP Coding Group" action="confirmed" date="1997-03-22"/>
  </code>
  <code code="C1511">
    <editdetail attribution="Reuters BIP Coding Group" action="confirmed" date="1997-03-22"/>
  </code>
  <code code="CCAT">
    <editdetail attribution="Reuters BIP Coding Group" action="confirmed" date="1997-03-22"/>
  </code>
</codes>
<dc element="dc.date.created" value="1997-03-22"/>
<dc element="dc.publisher" value="Reuters Holdings Plc"/>
<dc element="dc.date.published" value="1997-03-22"/>
<dc element="dc.source" value="Reuters"/>
<dc element="dc.creator.location" value="SINGAPORE"/>
<dc element="dc.creator.location.country.name" value="SINGAPORE"/>
<dc element="dc.source" value="Reuters"/>
</metadata>
</newsitem>
