<?xml version="1.0" encoding="iso-8859-1" ?>
<newsitem itemid="461623" id="root" date="1997-03-22" xml:lang="en">
<title>VIETNAM: Vietnam plays down maritime dispute with China.</title>
<headline>Vietnam plays down maritime dispute with China.</headline>
<byline>John Chalmers</byline>
<dateline>HANOI 1997-03-22</dateline>
<text>
<p>Vietnam, apparently seeking to cool a territorial dispute with China, reported the visit of a senior Chinese official with only passing reference to &quot;outstanding issues&quot; between the two countries.</p>
<p>Official media reports on the visit by State Council Secretary General Luo Gan, who left Hanoi on Friday, were peppered with the words &quot;friendship&quot; and &quot;cooperation&quot;.</p>
<p>&quot;Prime Minister (Vo Van) Kiet hailed the visit as a vivid manifestation of the Chinese party and state's policy of attaching importance to consolidating and promoting traditional friendship with Vietnam,&quot; the Vietnam News Agency said.</p>
<p>&quot;He...said he wished that the Sino-Vietnamese friendship and cooperation with China would be further expanded and that outstanding issues would be solved in the spirit of friendship and mutual understanding,&quot; it added.</p>
<p>Luo was reported to have made similar comments, expressing pleasure at &quot;the fast, stable and healthy development of friendship and cooperation&quot; between the two countries.</p>
<p>Last weekend Hanoi announced that it had protested to Beijing over the positioning of a drilling rig 64.5 nautical miles off central Vietnam's coastline.</p>
<p>China responded that the rig, which is operating in an area analysts believe may be rich in gas, was in Chinese waters.</p>
<p>Vietnam called for negotiations and also briefed envoys from members of the Association of South East Asian Nations (ASEAN) on the row.</p>
<p>Vietnam joined ASEAN, which includes Brunei, Indonesia, Malaysia, the Philippines, Singapore and Thailand, in mid-1995.</p>
<p>Several ASEAN ambassadors said on Friday that although the matter was between Hanoi and Beijing, they sympathised with Vietnam's position and backed its insistence on both a withdrawal of the rig and a negotiated solution.</p>
<p>However, the positive tone of Hanoi's reports on the meeting between Kiet and Luo appeared to indicate an eagerness to reduce tensions.</p>
<p>Kiet was reported as saying the closeness of economic and trade ties had lagged behind a warming in political ties between the two communist countries since they normalised relations in 1991.</p>
<p>Although ideological allies, Hanoi and Beijing have long been at odds over competing claims to parts of the Tonkin Gulf, their ill-defined land border and the Paracel and Spratly island chains in the South China Sea.</p>
<p>They are among six regional claimants to the Spratlys.</p>
<p>According to one diplomat, scheduled bilateral talks on the Tonkin Gulf had -- at China's suggestion -- been pushed back from early April to later that month because of the latest row.</p>
<p>The ASEAN envoys said they were shown a map with territorial base lines drawn between islands off the Vietnamese coast and around China's Hainan island. The position of the rig was marked on the Vietnamese side of a median between those two lines.</p>
</text>
<copyright>(c) Reuters Limited 1997</copyright>
<metadata>
<codes class="bip:countries:1.0">
  <code code="CHINA">
    <editdetail attribution="Reuters BIP Coding Group" action="confirmed" date="1997-03-22"/>
  </code>
  <code code="VIETN">
    <editdetail attribution="Reuters BIP Coding Group" action="confirmed" date="1997-03-22"/>
  </code>
</codes>
<codes class="bip:topics:1.0">
  <code code="GCAT">
    <editdetail attribution="Reuters BIP Coding Group" action="confirmed" date="1997-03-22"/>
  </code>
  <code code="GDIP">
    <editdetail attribution="Reuters BIP Coding Group" action="confirmed" date="1997-03-22"/>
  </code>
</codes>
<dc element="dc.date.created" value="1997-03-22"/>
<dc element="dc.publisher" value="Reuters Holdings Plc"/>
<dc element="dc.date.published" value="1997-03-22"/>
<dc element="dc.source" value="Reuters"/>
<dc element="dc.creator.location" value="HANOI"/>
<dc element="dc.creator.location.country.name" value="VIETNAM"/>
<dc element="dc.source" value="Reuters"/>
</metadata>
</newsitem>
