<?xml version="1.0" encoding="iso-8859-1" ?>
<newsitem itemid="461697" id="root" date="1997-03-22" xml:lang="en">
<title>USA: Indian tax cuts will boost investment-Chidambaram.</title>
<headline>Indian tax cuts will boost investment-Chidambaram.</headline>
<byline>Nailene Chou Wiest</byline>
<dateline>PHILADELPHIA 1997-03-21</dateline>
<text>
<p>Indian Finance Minister P. Chidambaram said across-the-board tax cuts in the country's budget for the coming financial year would foster economic growth through an expected rise in savings and investment.</p>
<p>In a speech from India via live video feed to the second annual Wharton India Economic Forum on Friday, Chidambaran said tax cuts would stimulate the economy and bring in more revenue for the government.</p>
<p>&quot;The household and the public sectors should be encouraged to save more,&quot; he said, noting that higher savings would lead to more investment and stronger economic growth.</p>
<p>The budget for the fiscal year ending March 31, 1998, announced on February 28, slashed income tax rates by 10 percent, reduced corporate taxes and other tariffs and raised the ceiling for foreign institutional investments on Indian firms.</p>
<p>To curb inflation, Chidambaram affirmed the government's commitment to keeping a tight rein on credit.</p>
<p>The M-3 money supply is projected to grow at 16 percent and the inflation rate to remain at 6.0 percent in the 1997/1998 fiscal year, he said.</p>
<p>Without dwelling on the anticipated rise in social spending in the budget, he forecast that the ratio of the fiscal deficit to gross domestic product (GDP) would fall to 4.5 percent by the end of the next fiscal year from the current 5.0 percent.</p>
<p>GDP growth should remain at seven percent for the next two to three years, he added.</p>
<p>The market-friendly budget was expected to attract strong foreign investment flows into India, especially for infrastructure projects in oil exploration, telecommunications and the power sector, Chidambaram said.</p>
<p>Privatisation of core state-owned enterprises would also bring in revenue, he said.</p>
<p>Chidambaram admitted the government was concerned about recent volatility in Indian stock markets, which has kept small investors away. Bombay's stock market index initially surged on optimism over the new budget but has since lost most of those gains.</p>
</text>
<copyright>(c) Reuters Limited 1997</copyright>
<metadata>
<codes class="bip:countries:1.0">
  <code code="INDIA">
    <editdetail attribution="Reuters BIP Coding Group" action="confirmed" date="1997-03-22"/>
  </code>
  <code code="USA">
    <editdetail attribution="Reuters BIP Coding Group" action="confirmed" date="1997-03-22"/>
  </code>
</codes>
<codes class="bip:topics:1.0">
  <code code="E11">
    <editdetail attribution="Reuters BIP Coding Group" action="confirmed" date="1997-03-22"/>
  </code>
  <code code="E21">
    <editdetail attribution="Reuters BIP Coding Group" action="confirmed" date="1997-03-22"/>
  </code>
  <code code="E211">
    <editdetail attribution="Reuters BIP Coding Group" action="confirmed" date="1997-03-22"/>
  </code>
  <code code="ECAT">
    <editdetail attribution="Reuters BIP Coding Group" action="confirmed" date="1997-03-22"/>
  </code>
</codes>
<dc element="dc.date.created" value="1997-03-21"/>
<dc element="dc.publisher" value="Reuters Holdings Plc"/>
<dc element="dc.date.published" value="1997-03-22"/>
<dc element="dc.source" value="Reuters"/>
<dc element="dc.creator.location" value="PHILADELPHIA"/>
<dc element="dc.creator.location.country.name" value="USA"/>
<dc element="dc.source" value="Reuters"/>
</metadata>
</newsitem>
