<?xml version="1.0" encoding="iso-8859-1" ?>
<newsitem itemid="461682" id="root" date="1997-03-22" xml:lang="en">
<title>USA: FBI seeks to question man held in Canada on bombing.</title>
<headline>FBI seeks to question man held in Canada on bombing.</headline>
<dateline>WASHINGTON 1997-03-22</dateline>
<text>
<p>The Federal Bureau of Investigation said on Saturday it hopes to question a man being held in Canada about the bombing in Saudi Arabia that killed 19 U.S. troops last year.</p>
<p>Canadian immigration officials arrested Hani Abdel Rahim Hussein Al-Sayegh, 28, on Tuesday, the FBI said.</p>
<p>A spokesman for Canada's security service said the Saudi national had been arrested under a warrant signed by the solicitor general and the immigration minister.</p>
<p>The Toronto Sun reported on Saturday that Sayegh had been arrested on suspicion of being &quot;engaged in terrorism&quot; and being a threat to &quot;the security of Canada.&quot;</p>
<p>In a statement released in Washington, the FBI said it was grateful for &quot;the vigilant actions of Canada&quot; and praised the government of Saudi Arabia for its &quot;invaluable assistance leading to the identification and location of Al-Sayegh.&quot;</p>
<p>The Toronto newspaper, quoting unnamed sources, said Al-Sayegh was picked up at an Ottawa grocery store after a tipoff that he was a suspect in the bombing that ripped through and apartment complex in Dharan last June.</p>
</text>
<copyright>(c) Reuters Limited 1997</copyright>
<metadata>
<codes class="bip:countries:1.0">
  <code code="CANA">
    <editdetail attribution="Reuters BIP Coding Group" action="confirmed" date="1997-03-22"/>
  </code>
  <code code="SAARAB">
    <editdetail attribution="Reuters BIP Coding Group" action="confirmed" date="1997-03-22"/>
  </code>
  <code code="USA">
    <editdetail attribution="Reuters BIP Coding Group" action="confirmed" date="1997-03-22"/>
  </code>
</codes>
<codes class="bip:topics:1.0">
  <code code="GCAT">
    <editdetail attribution="Reuters BIP Coding Group" action="confirmed" date="1997-03-22"/>
  </code>
  <code code="GDIP">
    <editdetail attribution="Reuters BIP Coding Group" action="confirmed" date="1997-03-22"/>
  </code>
  <code code="GVIO">
    <editdetail attribution="Reuters BIP Coding Group" action="confirmed" date="1997-03-22"/>
  </code>
</codes>
<dc element="dc.date.created" value="1997-03-22"/>
<dc element="dc.publisher" value="Reuters Holdings Plc"/>
<dc element="dc.date.published" value="1997-03-22"/>
<dc element="dc.source" value="Reuters"/>
<dc element="dc.creator.location" value="WASHINGTON"/>
<dc element="dc.creator.location.country.name" value="USA"/>
<dc element="dc.source" value="Reuters"/>
</metadata>
</newsitem>
