<?xml version="1.0" encoding="iso-8859-1" ?>
<newsitem itemid="461669" id="root" date="1997-03-22" xml:lang="en">
<title>EGYPT: PRESS DIGEST - Egypt - March 22.</title>
<headline>PRESS DIGEST - Egypt - March 22.</headline>
<dateline>CAIRO 1997-03-22</dateline>
<text>
<p>These are the leading stories in the Egyptian press on Saturday. Reuters has not verified these stories and does not vouch for their accuracy.</p>
<p>AL-AHRAM</p>
<p>- Egyptian President Hosni Mubarak telephones the Israeli president with condolences on the bombing in Tel Aviv of an outdoor cafe on Friday, in which four people died.</p>
<p>- U.S. Defence Secretary William Cohen says that Egypt's role in the Middle East is essential for security and stability.</p>
<p>- Egypt will present a paper at the Islamic summit in Islamabad today on facing Israel's building of settlements in Jerusalem. Foreign Minister Amr Moussa, on his way to Pakistan, makes a stopover in Muscat and presents a letter from Mubarak to the Sultan of Oman.</p>
<p>- U.S. vetoes for the second time the United Nations resolution condemning Israeli settlements.</p>
<p>AKHBAR AL-YOUM</p>
<p>- International Monetary Fund report says that Egypt's privatisation programme is proceeding with total success.</p>
<p>- International companies and investment banks are contributing investment to the Toshki projects.</p>
<p>AL-GOMHURIA</p>
<p>- The sheikh of Al-Azhar says that all of Egypt is against the Judaisation of Jerusalem and settlement building, and is ready to sacrifice for the cause of Jerusalem.</p>
<p>- Turkey and Egypt discuss ways of increasing military cooperation, especially in the field of training.</p>
<p>$1 = 3.395 pounds</p>
</text>
<copyright>(c) Reuters Limited 1997</copyright>
<metadata>
<codes class="bip:countries:1.0">
  <code code="EGYPT">
    <editdetail attribution="Reuters BIP Coding Group" action="confirmed" date="1997-03-22"/>
  </code>
</codes>
<codes class="bip:topics:1.0">
  <code code="GCAT">
    <editdetail attribution="Reuters BIP Coding Group" action="confirmed" date="1997-03-22"/>
  </code>
</codes>
<dc element="dc.date.created" value="1997-03-22"/>
<dc element="dc.publisher" value="Reuters Holdings Plc"/>
<dc element="dc.date.published" value="1997-03-22"/>
<dc element="dc.source" value="Reuters"/>
<dc element="dc.creator.location" value="CAIRO"/>
<dc element="dc.creator.location.country.name" value="EGYPT"/>
<dc element="dc.source" value="Reuters"/>
</metadata>
</newsitem>
