<?xml version="1.0" encoding="iso-8859-1" ?>
<newsitem itemid="461607" id="root" date="1997-03-22" xml:lang="en">
<title>INDONESIA: Indonesian labour leader needs more medical tests.</title>
<headline>Indonesian labour leader needs more medical tests.</headline>
<dateline>JAKARTA 1997-03-22</dateline>
<text>
<p>Jailed Indonesian labour leader Mucthar Pakpahan will undergo further medical tests next week after a recent biopsy of a lung tumor proved inconclusive, one of his lawyers said on Saturday.</p>
<p>&quot;Today I was told the biopsy test was not representative, so another biopsy needs to be done next Wednesday at the Dharmais Cancer Hospital,&quot; lawyer Luthfie Hakim told Reuters.</p>
<p>The hospital is run by the Dharmais charitable foundation controlled by President Suharto.</p>
<p>Hakim said Pakpahan, head of the unrecognised Indonesian Labour Welfare Union (SBSI), would return to hospital from his jail cell because an apparent error in the biopsy done at Cikini hospital on Thursday afternoon made it inconclusive.</p>
<p>&quot;It is not clear if it was a technical or human error,&quot; he said. &quot;He still feels pain throughout the right side of his body and he will also have a Magnetic Resonance Imaging (MRI) test at the Cipto Mangunkusumo Hospital on Monday,&quot; Hakim added.</p>
<p>A test completed last week showed the tumor in Pakpahan's right lung was bigger than on the x-ray image on which it was first detected, he said.</p>
<p>Pakpahan had his first biopsy two days after the U.S Assistant Secretary of State for Democracy, Human Rights and Labour, John Shattuck, saw him in the private Cikini hospital in central Jakarta on Tuesday.</p>
<p>&quot;Mr Pakpahan is seriously ill and requires urgent medical care,&quot; Shattuck told reporters on the island of Bali on Friday.</p>
<p>Shattuck said he received assurances from government officials that Pakpahan would receive the necessary medical care.</p>
<p>However, Hakim said Shattuck invited Pakpahan to seek medical treatment in the United States. The labor leader said that he would request his release from jail and permission to travel to the United States.</p>
<p>Pakpahan was one of a number of activists arrested and charged with subversion after rioting in the capital Jakarta last July in which at least five people died. Subversion carries the maximum penalty of death in Indonesia.</p>
<p>He has also been concurrently serving a previous four-year sentence for inciting riots that was suspended by the Supreme Court in 1995 but reimposed late last year in a highly unusual review.</p>
<p>His subversion trial was suspended until further notice after his medical problems surfaced two weeks ago.</p>
</text>
<copyright>(c) Reuters Limited 1997</copyright>
<metadata>
<codes class="bip:countries:1.0">
  <code code="INDON">
    <editdetail attribution="Reuters BIP Coding Group" action="confirmed" date="1997-03-22"/>
  </code>
</codes>
<codes class="bip:topics:1.0">
  <code code="GCAT">
    <editdetail attribution="Reuters BIP Coding Group" action="confirmed" date="1997-03-22"/>
  </code>
  <code code="GCRIM">
    <editdetail attribution="Reuters BIP Coding Group" action="confirmed" date="1997-03-22"/>
  </code>
  <code code="GPOL">
    <editdetail attribution="Reuters BIP Coding Group" action="confirmed" date="1997-03-22"/>
  </code>
  <code code="GPRO">
    <editdetail attribution="Reuters BIP Coding Group" action="confirmed" date="1997-03-22"/>
  </code>
</codes>
<dc element="dc.date.created" value="1997-03-22"/>
<dc element="dc.publisher" value="Reuters Holdings Plc"/>
<dc element="dc.date.published" value="1997-03-22"/>
<dc element="dc.source" value="Reuters"/>
<dc element="dc.creator.location" value="JAKARTA"/>
<dc element="dc.creator.location.country.name" value="INDONESIA"/>
<dc element="dc.source" value="Reuters"/>
</metadata>
</newsitem>
