<?xml version="1.0" encoding="iso-8859-1" ?>
<newsitem itemid="461614" id="root" date="1997-03-22" xml:lang="en">
<title>SINGAPORE: Jurong Shipyard to detail merger by May.</title>
<headline>Jurong Shipyard to detail merger by May.</headline>
<dateline>SINGAPORE 1997-03-22</dateline>
<text>
<p>Jurong Shipyard Ltd's discussions on Sembawang Corp's (SembCorp) proposed merger plans are close to conclusion and details will be released by May, chairman Lua Cheng Eng said on Saturday.  </p>
<p>&quot;We are still in discussions on the proposed merger. We are coming almost to the conclusion of the discussions,&quot; Lua told Reuters.</p>
<p>Lua said he hoped details of the merger would be known in the next few weeks or before the group's annual general meeting in May.</p>
<p>&quot;End May is the worst case scenario,&quot; Lua said after the company announced 1996 results which showed an 18 percent fall in net profits to Singapore $31.72 million on a turnover of S$357.2 million.  </p>
<p>In November, SembCorp proposed a takeover if Jurong Shipyard in what amounted to a major shake up in Singapore's ship repair industry.</p>
<p>The deal, which had been expected to be completed early this year, would create the world's largest single ship repair group. In the proposed merger, SembCorp is to inject S$279.28 million worth of its shipyard and engineering assets into Jurong in return for some 41.07 million new Jurong shares.</p>
<p>This will raise SembCorp's stake in Jurong to 41.6 percent from 20 percent. Under Singapore's takeover and merger code, SembCorp must then make a general offer for all Jurong shares.  </p>
<p>The new Jurong shares are valued at S$6.80 each.</p>
<p>&quot;The proposal requires time. Many issues cannot be resolved that easily,&quot; Lua said, declining to detail these issues.</p>
<p>On Friday, Jurong shares ended unchanged at S$6.40 on 292,000 shares.</p>
<p>-- Singapore newsroom (65 8703083)</p>
</text>
<copyright>(c) Reuters Limited 1997</copyright>
<metadata>
<codes class="bip:countries:1.0">
  <code code="SINGP">
    <editdetail attribution="Reuters BIP Coding Group" action="confirmed" date="1997-03-22"/>
  </code>
</codes>
<codes class="bip:industries:1.0">
  <code code="I36101">
    <editdetail attribution="Reuters BIP Coding Group" action="confirmed" date="1997-03-22"/>
  </code>
</codes>
<codes class="bip:topics:1.0">
  <code code="C18">
    <editdetail attribution="Reuters BIP Coding Group" action="confirmed" date="1997-03-22"/>
  </code>
  <code code="C181">
    <editdetail attribution="Reuters BIP Coding Group" action="confirmed" date="1997-03-22"/>
  </code>
  <code code="CCAT">
    <editdetail attribution="Reuters BIP Coding Group" action="confirmed" date="1997-03-22"/>
  </code>
</codes>
<dc element="dc.date.created" value="1997-03-22"/>
<dc element="dc.publisher" value="Reuters Holdings Plc"/>
<dc element="dc.date.published" value="1997-03-22"/>
<dc element="dc.source" value="Reuters"/>
<dc element="dc.creator.location" value="SINGAPORE"/>
<dc element="dc.creator.location.country.name" value="SINGAPORE"/>
<dc element="dc.source" value="Reuters"/>
</metadata>
</newsitem>
