<?xml version="1.0" encoding="iso-8859-1" ?>
<newsitem itemid="461678" id="root" date="1997-03-22" xml:lang="en">
<title>USA: Liggett pact to aid Justice tobacco probe.</title>
<headline>Liggett pact to aid Justice tobacco probe.</headline>
<dateline>WASHINGTON 1997-03-21</dateline>
<text>
<p>By Gail Appleson, Law Correspondent</p>
<p>Liggett Group's release of sensitive documents to states suing the tobacco industry is expected to have far-reaching legal effects, including boosting the Justice Department's criminal probe of cigarette companies.</p>
<p>Legal experts said on Friday the historic settlement reached between 22 attorneys general and Liggett could add fuel to the investigation, which includes a probe of whether the tobacco companies lied or withheld health information from government agencies.</p>
<p>&quot;The Department of Justice is expected to receive the documents soon,&quot; a government official familiar with the criminal probe told Reuters. Other sources speculated the department may have already received them.</p>
<p>&quot;The settlement and its disclosures are expected to further boost the investigation and contribute new and important information to the grand jury.&quot; the government official said.</p>
<p>He added that while no criminal charges are expected soon, it is believed indictments will be issued this year.</p>
<p>As part of the unprecedented deal, Liggett not only became the first tobacco company to admit that smoking is addictive, but also is turning over documents that could shed light on the knowledge and beliefs of executives at other tobacco companies about the health risks of smoking and whether they purposely marketed cigarettes to youth.</p>
<p>The tobacco companies quickly obtained a restraining order from a North Carolina state court barring Liggett from giving up documents protected by attorney-client privilege. However, attorneys general said that if it is found the papers show criminal activity, they would not be protected.</p>
<p>In addition, the papers will first be reviewed by judges to determine whether they can be used at trial.</p>
<p>&quot;I do think it will have truly landmark impact across the board, not only for the 22 states ... but also for federal criminal prosecution,&quot; said Laurence Tribe, the prominent Harvard University law professor who is assisting some of the attorneys general.</p>
<p>The attorneys general are suing the tobacco industry to recoup Medicaid health costs of poor smokers. While the settlement removes Liggett as a defendant in the lawsuits, the accord will not protect the company, owned by Bennett LeBow's Brooke Group Ltd., from any criminal action.</p>
<p>Reuters reported last summer that the Justice Department had broadened its probe of the tobacco industry to focus on allegations that companies -- not just their executives -- withheld information and lied to federal agencies.</p>
<p>The change in focus would allow the department to bring charges against cigarette companies, not just individuals, for deceiving federal agencies.</p>
<p>The probe had previously centred on accusations that the heads of the major cigarette companies committed perjury when they testified before Congress in 1994 that nicotine is not addictive.</p>
<p>&quot;The documents will be important to the Justice investigation of fraud, conspiracy, perjury and cover-up,&quot; said Clifford Douglas, co-counsel to Mississippi in its suit against the industry.</p>
<p>A Justice Department official would not comment on whether the department had received the documents, but he played down their effect.</p>
<p>&quot;We don't expect it to have a major impact on our investigation but we will pursue any information germaine to our criminal investigation,&quot; he said.</p>
<p>Separately from the Justice Department probe, the Liggett documents may be used in the hundreds of individual lawsuits against the tobacco industry pending across the country.</p>
<p>The most immediate impact of the documents might be in Florida, where two class-action lawsuits are under way.</p>
<p>Stanley Rosenblatt, the Miami attorney who launched the two cases, known as Broin vs. Philip Morris and Engle vs. R.J. Reynolds, said his firm had not discussed a settlement with Liggett and would not settle with Liggett.</p>
<p>Rosenblatt said he was uncertain what part the documents to be released by Liggett as part of a national settlement would play in the Engle and Broin lawsuits.</p>
<p>Dade County Judge Alan Postman, presiding in the Engle case, said during a pretrial hearing Friday he wanted to see the Liggett documents as soon as possible and would issue an order next week for Liggett to produce them unless a higher court had ordered them kept secret.</p>
<p>Tobacco stocks remained on the defensive Friday as a result of the Liggett agreement.</p>
<p>Philip Morris was down $4.375 at $111.50; RJR Nabisco Holdings was down 62.5 cents at $31; and Loews Corp. was down $5.125 at $93.375, all on the New York Stock Exchange. The American Stock Exchange's index of tobacco stocks was down 4.11 points at 279.55.</p>
<p>Lawyers said that evidence will be particularly damaging because it comes directly from a tobacco company and, under the settlement, former and current Liggett employees will be allowed to testify against other tobacco companies.</p>
<p>&quot;This will make more of an impact because it comes straight from the camel's mouth,&quot; Tribe said. &quot;I think that it will make a psychological impact on juries and indeed on judges that is even more dramatic than the sheer factual and logical force of the evidence itself might alone suggest.&quot;</p>
</text>
<copyright>(c) Reuters Limited 1997</copyright>
<metadata>
<codes class="bip:countries:1.0">
  <code code="USA">
    <editdetail attribution="Reuters BIP Coding Group" action="confirmed" date="1997-03-22"/>
  </code>
</codes>
<codes class="bip:industries:1.0">
  <code code="I42900">
    <editdetail attribution="Reuters BIP Coding Group" action="confirmed" date="1997-03-22"/>
  </code>
  <code code="I83960">
    <editdetail attribution="Reuters BIP Coding Group" action="confirmed" date="1997-03-22"/>
  </code>
</codes>
<codes class="bip:topics:1.0">
  <code code="C12">
    <editdetail attribution="Reuters BIP Coding Group" action="confirmed" date="1997-03-22"/>
  </code>
  <code code="C13">
    <editdetail attribution="Reuters BIP Coding Group" action="confirmed" date="1997-03-22"/>
  </code>
  <code code="CCAT">
    <editdetail attribution="Reuters BIP Coding Group" action="confirmed" date="1997-03-22"/>
  </code>
  <code code="GCAT">
    <editdetail attribution="Reuters BIP Coding Group" action="confirmed" date="1997-03-22"/>
  </code>
  <code code="GCRIM">
    <editdetail attribution="Reuters BIP Coding Group" action="confirmed" date="1997-03-22"/>
  </code>
</codes>
<dc element="dc.date.created" value="1997-03-21"/>
<dc element="dc.publisher" value="Reuters Holdings Plc"/>
<dc element="dc.date.published" value="1997-03-22"/>
<dc element="dc.source" value="Reuters"/>
<dc element="dc.creator.location" value="WASHINGTON"/>
<dc element="dc.creator.location.country.name" value="USA"/>
<dc element="dc.source" value="Reuters"/>
</metadata>
</newsitem>
