<?xml version="1.0" encoding="iso-8859-1" ?>
<newsitem itemid="461649" id="root" date="1997-03-22" xml:lang="en">
<title>ISRAEL: Israel takes security precautions for holiday.</title>
<headline>Israel takes security precautions for holiday.</headline>
<byline>Jeffrey Heller</byline>
<dateline>JERUSALEM 1996-03-23</dateline>
<text>
<p>Security forces are throwing protective rings around Israeli cities which plan to go ahead with street carnivals for Purim holiday on Sunday in spite of a deadly bomb attack and threats of more to come.</p>
<p>Police said roadblocks would go up at entrances to cities in Israel's heavily populated central region. Thousands of officers and civilian volunteers would patrol the streets.</p>
<p>The Moslem extremist group Hamas, which claimed responsibility for killing three Israeli women in Friday's suicide bombing of a Tel Aviv cafe, threatened on Saturday at launch further attacks if building continued for a Jewish settlement in Arab East Jerusalem.</p>
<p>&quot;The persistence of the Zionists to build the dirty settlement on Jabal Abu Ghneim will compel us to continue our attacks, striking against the Zionists,&quot; said a statement faxed to an international news agency by Hamas' military wing.</p>
<p>Israel's groundbreaking on Tuesday for a project to build 6,500 homes for Jews on a pine-covered hill between Jerusalem and the West Bank town of Bethlehem, occupied in the 1967 Middle East War, drew international condemnation and Palestinian rage.</p>
<p>Fierce Israeli-Arab clashes flared in the West Bank town of Hebron on Saturday for the second straight day. Israeli soldiers fired live ammunition, rubber bullets and teargas at hundreds of Arab protesters who threw petrol bombs and rocks.</p>
<p>Hospital officials said at least 20 Palestinians suffered gunshot wounds. The Israeli army said soldiers fired live ammunition &quot;when their lives were in danger&quot;.</p>
<p>Another 80 Arabs were treated for other injuries or teargas inhalation in some of the most serious Israeli-Palestinian violence in months, the officials said.</p>
<p>One protester lost an eye but no deaths were reported.</p>
<p>Prime Minister Benjamin Netanyahu has vowed to press ahead with the settlement at the East Jerusalem site Israel calls Har Homa, angrily rejecting Palestinian allegations his right-wing government brought Friday's bombing upon itself.</p>
<p>An anonymous caller to Israeli police on Friday said Hamas claimed responsibility for the suicide attack. The faxed statement on Saturday referred to the bombing as &quot;a wonderful martyrdom operation&quot;.</p>
<p>The mayors of Tel Aviv, Haifa and Ramat Gan said on Israel Radio they had not cancelled plans for Purim street carnivals on Sunday because doing so would be giving in to terrorism.</p>
<p>&quot;But I will understand if parents want to keep their children home,&quot; Ramat Gan mayor Zvi Bar said.</p>
<p>The festival celebrates the Jews' delivery from genocide in ancient Persia.</p>
<p>Tel Aviv planned a &quot;Dizengoff is laughing&quot; carnival on Dizengoff street, where suicide bombers struck a year ago during the Purim holiday, killing 13 people.</p>
<p>For some families, there was little joy. The three women killed in Friday's blast were to be buried on Sunday.</p>
</text>
<copyright>(c) Reuters Limited 1997</copyright>
<metadata>
<codes class="bip:countries:1.0">
  <code code="ISRAEL">
    <editdetail attribution="Reuters BIP Coding Group" action="confirmed" date="1997-03-22"/>
  </code>
</codes>
<codes class="bip:topics:1.0">
  <code code="GCAT">
    <editdetail attribution="Reuters BIP Coding Group" action="confirmed" date="1997-03-22"/>
  </code>
  <code code="GVIO">
    <editdetail attribution="Reuters BIP Coding Group" action="confirmed" date="1997-03-22"/>
  </code>
</codes>
<dc element="dc.date.created" value="1996-03-23"/>
<dc element="dc.publisher" value="Reuters Holdings Plc"/>
<dc element="dc.date.published" value="1997-03-22"/>
<dc element="dc.source" value="Reuters"/>
<dc element="dc.creator.location" value="JERUSALEM"/>
<dc element="dc.creator.location.country.name" value="ISRAEL"/>
<dc element="dc.source" value="Reuters"/>
</metadata>
</newsitem>
