<?xml version="1.0" encoding="iso-8859-1" ?>
<newsitem itemid="461655" id="root" date="1997-03-22" xml:lang="en">
<title>SAUDI ARABIA: Saudi lawyer meets kin of jailed British nurses.</title>
<headline>Saudi lawyer meets kin of jailed British nurses.</headline>
<dateline>RIYADH 1997-03-22</dateline>
<text>
<p>A lawyer for two British nurses charged with murder in Saudi Arabia said on Saturday he met their relatives and discussed legal strategy.</p>
<p>Saudi lawyer Salah al-Hejailan's firm said in a statement faxed to Reuters that the families of the two nurses -- Deborah Parry, 41, and Lucille McLauchlan, 31 -- would travel to Dammam to visit them in the coming days.</p>
<p>Parry and McLauchlan have been charged with the murder of Australian nurse Yvonne Gilford, 55, at a hospital complex in Saudi Arabia's Eastern Province in December.</p>
<p>They could face public beheading by the sword if convicted.</p>
<p>Relatives of the two nurses visited them in Dammam prison in January.</p>
<p>Saudi police said the nurses confessed to the murder and the confession had been filed with three judges.</p>
<p>But Hejailan's law firm said they had withdrawn their confessions, and one of them retraced a statement that she had a lesbian relationship with the victim.</p>
</text>
<copyright>(c) Reuters Limited 1997</copyright>
<metadata>
<codes class="bip:countries:1.0">
  <code code="SAARAB">
    <editdetail attribution="Reuters BIP Coding Group" action="confirmed" date="1997-03-22"/>
  </code>
  <code code="UK">
    <editdetail attribution="Reuters BIP Coding Group" action="confirmed" date="1997-03-22"/>
  </code>
</codes>
<codes class="bip:topics:1.0">
  <code code="GCAT">
    <editdetail attribution="Reuters BIP Coding Group" action="confirmed" date="1997-03-22"/>
  </code>
  <code code="GCRIM">
    <editdetail attribution="Reuters BIP Coding Group" action="confirmed" date="1997-03-22"/>
  </code>
</codes>
<dc element="dc.date.created" value="1997-03-22"/>
<dc element="dc.publisher" value="Reuters Holdings Plc"/>
<dc element="dc.date.published" value="1997-03-22"/>
<dc element="dc.source" value="Reuters"/>
<dc element="dc.creator.location" value="RIYADH"/>
<dc element="dc.creator.location.country.name" value="SAUDI ARABIA"/>
<dc element="dc.source" value="Reuters"/>
</metadata>
</newsitem>
