<?xml version="1.0" encoding="iso-8859-1" ?>
<newsitem itemid="461698" id="root" date="1997-03-22" xml:lang="en">
<title>USA: Government slams FBI lab in Oklahoma bombing - Paper.</title>
<headline>Government slams FBI lab in Oklahoma bombing - Paper.</headline>
<dateline>WASHINGTON 1997-03-22</dateline>
<text>
<p>The FBI crime laboratory submitted flawed conclusions in its investigation of the fatal bombing of the Oklahoma City federal building two years ago, Justice Department office found in a draft report obtained by the Los Angeles Times.</p>
<p>The bombing took 168 lives and injured 850 people.</p>
<p>&quot;The draft report shows that FBI examiners could not identify the triggering device for the truck bomb or how it was detonated on April 19, 1995, and it warns that a poorly maintained lab environment could have led to contamination of critical pieces of evidence, such as debris found on the clothing of defendant Tomothy J. McVeigh,&quot; the Times reported in Saturday editions.</p>
<p>The inspector general's office of the Justice Department found conclusions of the laboratory &quot;scientifically unsound&quot; and &quot;biased in favour of the prosecution,&quot; the newspaper said in a report from Washington.</p>
<p>McVeigh's trial was scheduled to begin March 31 in Denver, where it was moved after attorneys said pre-trial publicity prevented a fair trial for McVeigh and co-defendant Terry Nichols anywhere in Oklahoma. Nichols was to be tried later.</p>
<p>&quot;If entered into evidence at McVeigh's trial, scheduled to begin March 31, the draft report could provide a measure of doubt about whether bomb residue evidence was properly handled and professionally examined by experts at the Washington lab. Forensic evidence is an important element of the government's largely circumstantial case...,&quot; the Times reported.</p>
<p>The FBI refused comment until the report was in its final form, the newspaper said.</p>
</text>
<copyright>(c) Reuters Limited 1997</copyright>
<metadata>
<codes class="bip:countries:1.0">
  <code code="USA">
    <editdetail attribution="Reuters BIP Coding Group" action="confirmed" date="1997-03-22"/>
  </code>
</codes>
<codes class="bip:topics:1.0">
  <code code="GCAT">
    <editdetail attribution="Reuters BIP Coding Group" action="confirmed" date="1997-03-22"/>
  </code>
  <code code="GCRIM">
    <editdetail attribution="Reuters BIP Coding Group" action="confirmed" date="1997-03-22"/>
  </code>
  <code code="GVIO">
    <editdetail attribution="Reuters BIP Coding Group" action="confirmed" date="1997-03-22"/>
  </code>
</codes>
<dc element="dc.date.created" value="1997-03-22"/>
<dc element="dc.publisher" value="Reuters Holdings Plc"/>
<dc element="dc.date.published" value="1997-03-22"/>
<dc element="dc.source" value="Reuters"/>
<dc element="dc.creator.location" value="WASHINGTON"/>
<dc element="dc.creator.location.country.name" value="USA"/>
<dc element="dc.source" value="Reuters"/>
</metadata>
</newsitem>
