<?xml version="1.0" encoding="iso-8859-1" ?>
<newsitem itemid="461639" id="root" date="1997-03-22" xml:lang="en">
<title>ISRAEL: Israelis, Palestinians in fierce Hebron clashes.</title>
<headline>Israelis, Palestinians in fierce Hebron clashes.</headline>
<byline>Mazen Dana</byline>
<dateline>HEBRON, West Bank 1997-03-22</dateline>
<text>
<p>Palestinian protesters, shouting the name of a Moslem suicide bomber, threw petrol bombs and rocks at Israeli soldiers who responded with live ammunition, rubber bullets and teargas in fierce clashes on Saturday in the West Bank town of Hebron.</p>
<p>Hospital officials said at least 20 Arabs had been shot and another 80 treated for other injuries or teargas inhalation in some of the most serious Israeli-Palestinian violence in months.</p>
<p>Yousef Sharawi, director of Alia Hospital, said it was not yet clear how many of the gunshot wounds were caused by live bullets, which an Israeli military spokesman told Reuters troops fired on several occasions &quot;when their lives were in danger&quot;.</p>
<p>The Israeli army said four soldiers were lightly injured by rocks in the second day of street battles along a confrontation line dividing the Palestinian and Israeli-controlled sections of the city.</p>
<p>Tension has been high since Israel's right-wing Prime Minister Benjamin Netanyahu sent bulldozers last Tuesday to a hill between Jerusalem and Bethlehem to begin a new Jewish settlement in occupied West Bank.</p>
<p>On Friday, a Moslem suicide bomber identified by Palestinian sources as Mousa Abdel-Qader Ghneimat killed three Israeli women in an attack on a Tel Aviv cafe. The militant Hamas group claimed responsibility.</p>
<p>Shouting &quot;With souls and blood we will sacrifice ourselves for you, Mousa&quot;, hundreds of Arab youths swept past Palestinian police and hurled petrol bombs and rocks at Israeli soldiers on several Hebron streets, witnesses said.</p>
<p>Protesters also burned an Israeli flag.</p>
<p>Order was briefly restored with the arrival at the scene of Jibril Rajoub, the PLO security chief in the West Bank, with Palestinian police reinforcements.</p>
<p>But hundreds of Palestinian students then flocked to the line and began throwing stones at Israeli troops, witnesses said.</p>
<p>On one street, Israeli soldiers stood alongside Palestinian policemen to face the protesters.</p>
<p>&quot;Additional Israeli forces were sent to the city along with a message to Palestinian security officials that they must prevent unrest in areas under their control,&quot; an Israeli military source said.</p>
<p>The clashes were as heavy as those on Friday when at least 13 Arab youths were wounded by rubber bullets and dozens were treated for teargas inhalation in the most serious unrest since Israel handed most of Hebron to Palestinian rule in January.</p>
<p>The Israeli army declared a curfew on Friday on the Israeli-controlled section of Hebron where 400 Jewish settlers guarded by the army live among thousands of Palestinians.</p>
<p>An army spokesman said the curfew barred Palestinians, not Israelis, from moving around in the area.</p>
</text>
<copyright>(c) Reuters Limited 1997</copyright>
<metadata>
<codes class="bip:countries:1.0">
  <code code="ISRAEL">
    <editdetail attribution="Reuters BIP Coding Group" action="confirmed" date="1997-03-22"/>
  </code>
</codes>
<codes class="bip:topics:1.0">
  <code code="GCAT">
    <editdetail attribution="Reuters BIP Coding Group" action="confirmed" date="1997-03-22"/>
  </code>
  <code code="GVIO">
    <editdetail attribution="Reuters BIP Coding Group" action="confirmed" date="1997-03-22"/>
  </code>
</codes>
<dc element="dc.date.created" value="1997-03-22"/>
<dc element="dc.publisher" value="Reuters Holdings Plc"/>
<dc element="dc.date.published" value="1997-03-22"/>
<dc element="dc.source" value="Reuters"/>
<dc element="dc.creator.location" value="HEBRON, West Bank"/>
<dc element="dc.creator.location.country.name" value="ISRAEL"/>
<dc element="dc.source" value="Reuters"/>
</metadata>
</newsitem>
