<?xml version="1.0" encoding="iso-8859-1" ?>
<newsitem itemid="461659" id="root" date="1997-03-22" xml:lang="en">
<title>LEBANON: Israeli-backed militia official killed by bomb.</title>
<headline>Israeli-backed militia official killed by bomb.</headline>
<dateline>MARJAYOUN, Lebanon 1997-03-22</dateline>
<text>
<p>A security official of the Israeli-backed South Lebanon Army militia was killed on Saturday when a bomb exploded near his house, militia sources said.</p>
<p>The SLA sources said Kameel Nimr was killed when the bomb went off near his home in the village of Aishiyeh on the edge of Israel's south Lebanon occupation zone.  </p>
<p>No further details were immediately available and it was not known who was behind the blast.</p>
<p>Pro-Iranian Hizbollah (Party of God) guerrillas have in the past killed a number of SLA officials in similar bomb attacks in the border zone in the past.</p>
<p>Hizbollah leads an Islamic Resistance to oust some 1,000 Israeli troops and the 3,000-strong SLA from the 15-km (nine-mile) -deep zone in south Lebanon set up by the Jewish state to stop cross-border raids on northern Israel.</p>
</text>
<copyright>(c) Reuters Limited 1997</copyright>
<metadata>
<codes class="bip:countries:1.0">
  <code code="ISRAEL">
    <editdetail attribution="Reuters BIP Coding Group" action="confirmed" date="1997-03-22"/>
  </code>
  <code code="LEBAN">
    <editdetail attribution="Reuters BIP Coding Group" action="confirmed" date="1997-03-22"/>
  </code>
</codes>
<codes class="bip:topics:1.0">
  <code code="GCAT">
    <editdetail attribution="Reuters BIP Coding Group" action="confirmed" date="1997-03-22"/>
  </code>
  <code code="GVIO">
    <editdetail attribution="Reuters BIP Coding Group" action="confirmed" date="1997-03-22"/>
  </code>
</codes>
<dc element="dc.date.created" value="1997-03-22"/>
<dc element="dc.publisher" value="Reuters Holdings Plc"/>
<dc element="dc.date.published" value="1997-03-22"/>
<dc element="dc.source" value="Reuters"/>
<dc element="dc.creator.location" value="MARJAYOUN, Lebanon"/>
<dc element="dc.creator.location.country.name" value="LEBANON"/>
<dc element="dc.source" value="Reuters"/>
</metadata>
</newsitem>
