<?xml version="1.0" encoding="iso-8859-1" ?>
<newsitem itemid="461621" id="root" date="1997-03-22" xml:lang="en">
<title>SOUTH KOREA: S.Korean prosecutors sift evidence on Kim's son.</title>
<headline>S.Korean prosecutors sift evidence on Kim's son.</headline>
<byline>Yeom Yoon-jeong</byline>
<dateline>SEOUL 1997-03-22</dateline>
<text>
<p>South Korean prosecutors said on Saturday they were sifting through a mountain of papers seized in a probe into rumours that President Kim Young-sam's son took a 200 billion won ($226 million) kickback.</p>
<p>The documents were confiscated in a police raid on Friday on the home and offices of a businessman, identified by local media as an associate of the president's second son, Kim Hyun-chul.</p>
<p>Prosecutors are probing rumours that Hyun-chul took 200 billion won from the businessman acting as an agent for failed Hanbo Steel Co. An opposition politician, who first levelled the charges, has said the money took the form of a rebate on imported German machinery.</p>
<p>Hyun-chul is now at the centre of a parliamentary probe into the collapse of the steelmaker in a bribery and influence-peddling scandal.</p>
<p>Ten people, including a former cabinet minister and close political aides to president Kim, are on trial for their roles in the scandal.</p>
<p>&quot;As the volume of documents is huge, it will take a time to go through them,&quot; said a prosecution official.</p>
<p>Police hauled away boxes of papers and computer floppy discs from the property of businessman Park Tae-joong.</p>
<p>The official also said prosecutors were probing 11 accounts at 10 banks held by Park and his relatives.</p>
<p>Hanbo Steel became South Korea's biggest corporate casualty in January when it collapsed under $5.8 billion of debts.</p>
<p>Separately, prosecutors extended their probe into a doctor whose videotape of Hyun-chul discussing a top media appointment in his surgery has fuelled a political storm over the younger Kim's alleged meddling in state affairs.</p>
<p>A Seoul court on Saturday issued a warrant to search the home and offices of the doctor, Park Kyung-shik, a court official said.</p>
<p>Yonhap Television News said police later raided the premises in search of more videotapes, memos and diaries.</p>
<p>Parliament on Friday kicked off an investigation into funding for Hanbo and will call Kim Hyun-chul to testify.</p>
<p>The ruling New Korea Party agreed to the inquiry after opposition parties attacked an earlier probe by prosecutors as a whitewash that failed to expose leading players.</p>
<p>Kim Hyun-chul issued an apology on Monday for causing trouble and anxiety and said he was ready to accept punishment if he had done wrong. His father said on television last month he felt shamed his son had been linked to the Hanbo scandal.</p>
<p>The younger Kim has no official posts but is dubbed by newspapers the &quot;crown prince&quot;.</p>
<p>&quot;Even though more than two months have passsed since the Hanbo scandal broke, rumours and suspicions have never died. We are deeply concerned,&quot; ruling party spokesman Lee Yoon-sung said in a statement on Saturday.</p>
<p>&quot;We believe revealing the truth is the only way to solve public suspicions.&quot;</p>
<p>The main opposition National Congress for New Politics welcomed an announcement on Friday that the chief prosecution investigator into the Hanbo affair had been replaced.</p>
<p>&quot;The most important thing is for prosecutors to do something to recover public credibitily. Prosecutors have to re-probe the Hanbo scandal thoroughly from the beginning with a new investigation team,&quot; a party statement said.</p>
<p>&quot;Kim Young-sam's regime is not a civilian government but a joint regime of Kim Young-sam and Kim Hyun-chul,&quot; it said.</p>
</text>
<copyright>(c) Reuters Limited 1997</copyright>
<metadata>
<codes class="bip:countries:1.0">
  <code code="SKOREA">
    <editdetail attribution="Reuters BIP Coding Group" action="confirmed" date="1997-03-22"/>
  </code>
</codes>
<codes class="bip:topics:1.0">
  <code code="C12">
    <editdetail attribution="Reuters BIP Coding Group" action="confirmed" date="1997-03-22"/>
  </code>
  <code code="CCAT">
    <editdetail attribution="Reuters BIP Coding Group" action="confirmed" date="1997-03-22"/>
  </code>
  <code code="GCAT">
    <editdetail attribution="Reuters BIP Coding Group" action="confirmed" date="1997-03-22"/>
  </code>
  <code code="GCRIM">
    <editdetail attribution="Reuters BIP Coding Group" action="confirmed" date="1997-03-22"/>
  </code>
</codes>
<dc element="dc.date.created" value="1997-03-22"/>
<dc element="dc.publisher" value="Reuters Holdings Plc"/>
<dc element="dc.date.published" value="1997-03-22"/>
<dc element="dc.source" value="Reuters"/>
<dc element="dc.creator.location" value="SEOUL"/>
<dc element="dc.creator.location.country.name" value="SOUTH KOREA"/>
<dc element="dc.source" value="Reuters"/>
</metadata>
</newsitem>
