<?xml version="1.0" encoding="iso-8859-1" ?>
<newsitem itemid="461637" id="root" date="1997-03-22" xml:lang="en">
<title>ISRAEL: Hamas warns of more attacks against Israel.</title>
<headline>Hamas warns of more attacks against Israel.</headline>
<dateline>JERUSALEM 1997-03-22</dateline>
<text>
<p>The militant Moslem group Hamas, in a statement a day after a Tel Aviv suicide bombing, threatened on Saturday further attacks against Israel if it continued to build a Jewish settlement in Arab East Jerusalem.</p>
<p>&quot;The persistence of the Zionists to build the dirty settlement on Jabal Abu Ghneim will compel us to continue our attacks, striking against the Zionists,&quot; said a statement faxed to an international news agency by Hamas' military wing.</p>
<p>Israel's groundbreaking on Tuesday to build 6,500 homes for Jews on a pine-covered hill between Jerusalem and the West Bank town of Bethlehem, occupied in the 1967 Middle East War, drew international condemnation and Palestinian rage.</p>
<p>Prime Minister Benjamin Netanyahu has vowed to press ahead with the settlement at the site Israel calls Har Homa despite Friday's Tel Aviv cafe bombing that killed three Israeli women.</p>
<p>&quot;We do not need much effort to prove our truthfulness and seriousness of our threats...to teach the arrogant Netanyahu a lesson he will not forget for days and years,&quot; said the statement signed &quot;Iz el-Deen al-Qassam Brigades, Hamas Movement Military Branch, Jerusalem - Occupied Palestine&quot;.</p>
<p>An anonymous caller to Israeli police on Friday said Hamas claimed responsibility for the suicide attack.</p>
<p>The faxed statement on Saturday referred to the bombing as &quot;a wonderful martyrdom operation&quot;.</p>
<p>It said &quot;whoever thinks that the flame of Jihad (holy struggle) and resistance will one day be extinguished is mistaken...for the choice of Jihad and resistance is not an interim choice but a strategic one&quot;.</p>
<p>The statement said &quot;the Zionists&quot; would not be able to pressure Palestinian President Yasser Arafat to crack down on Hamas &quot;because the movement's military appartus enjoys an independent, organised structure outside the borders of the self-rule areas&quot; under his control.</p>
<p>The suicide bomber came from a West Bank village in an area under Israel's security control.</p>
<p>&quot;We call upon our brothers in the Palestinian Authority not to listen to the Zionist threats and their despised wicked statements that push it towards raising national tensions,&quot; the statement said.</p>
<p>&quot;In conclusion...Netanyahu has to realise that...failure to change his current policies will lead to an explosive situation and a crisis in the entire region,&quot; the statement said. &quot;It will lead only to the most severe damage and horrible consequences.&quot;</p>
</text>
<copyright>(c) Reuters Limited 1997</copyright>
<metadata>
<codes class="bip:countries:1.0">
  <code code="ISRAEL">
    <editdetail attribution="Reuters BIP Coding Group" action="confirmed" date="1997-03-22"/>
  </code>
</codes>
<codes class="bip:topics:1.0">
  <code code="GCAT">
    <editdetail attribution="Reuters BIP Coding Group" action="confirmed" date="1997-03-22"/>
  </code>
  <code code="GVIO">
    <editdetail attribution="Reuters BIP Coding Group" action="confirmed" date="1997-03-22"/>
  </code>
</codes>
<dc element="dc.date.created" value="1997-03-22"/>
<dc element="dc.publisher" value="Reuters Holdings Plc"/>
<dc element="dc.date.published" value="1997-03-22"/>
<dc element="dc.source" value="Reuters"/>
<dc element="dc.creator.location" value="JERUSALEM"/>
<dc element="dc.creator.location.country.name" value="ISRAEL"/>
<dc element="dc.source" value="Reuters"/>
</metadata>
</newsitem>
