<?xml version="1.0" encoding="iso-8859-1" ?>
<newsitem itemid="461640" id="root" date="1997-03-22" xml:lang="en">
<title>OMAN: Arafat criticises U.S. Jerusalem resolution veto.</title>
<headline>Arafat criticises U.S. Jerusalem resolution veto.</headline>
<dateline>MUSCAT 1997-03-22</dateline>
<text>
<p>Palestinian President Yasser Arafat on Saturday criticised the United States for vetoing a U.N. Security Council resolution demanding that Israel halt work on a new Jewish settlement in Arab East Jerusalem.</p>
<p>&quot;We were surprised, just as all Arabs and Moslems were surprised, by the United States' use of the veto especially since it had guaranteed in the Madrid agreement...that there would be no demographic changes in Palestinian lands in the interim period especially in the city of Jerusalem,&quot; he told Oman's official news agency ONA before leaving Muscat.</p>
<p>Arafat added that the U.S. move was &quot;considered a violation of American guarantees&quot; and a violation of &quot;agreements which were signed (in ceremonies) at the White House hosted by President Bill Clinton&quot;.</p>
<p>The United States on Friday cast its second veto in two weeks to kill a Security Council resolution demanding that Israel halt work on a controversial new Jewish housing project in East Jerusalem.</p>
<p>Fierce clashes flared along an Israeli-Palestinian confrontation line in the West Bank town of Hebron on Saturday, putting more strain on the Middle East peace process a day after an Arab suicide bombing in Tel Aviv.</p>
<p>Palestinian security forces in Gaza rearrested a recently freed leader of the Islamic group Hamas that claimed responsibility for the Tel Aviv cafe attack that killed three Israeli women, a Hamas source said.</p>
<p>Arafat, who was speaking in Muscat on his way to Islamabad for a summit of the Organisation of the Islamic Conference (OIC), said there was still no proof of who was behind the attack.</p>
<p>The Palestinian leader condemned Israel's new housing project, saying it was part of a plan to surround East Jerusalem with Jewish settlements.</p>
<p>Arafat said the question of what steps the Palestinians should take would be high on the agenda at the OIC summit.</p>
</text>
<copyright>(c) Reuters Limited 1997</copyright>
<metadata>
<codes class="bip:countries:1.0">
  <code code="ISRAEL">
    <editdetail attribution="Reuters BIP Coding Group" action="confirmed" date="1997-03-22"/>
  </code>
  <code code="OMAN">
    <editdetail attribution="Reuters BIP Coding Group" action="confirmed" date="1997-03-22"/>
  </code>
  <code code="UN">
    <editdetail attribution="Reuters BIP Coding Group" action="confirmed" date="1997-03-22"/>
  </code>
  <code code="USA">
    <editdetail attribution="Reuters BIP Coding Group" action="confirmed" date="1997-03-22"/>
  </code>
</codes>
<codes class="bip:topics:1.0">
  <code code="GCAT">
    <editdetail attribution="Reuters BIP Coding Group" action="confirmed" date="1997-03-22"/>
  </code>
  <code code="GDIP">
    <editdetail attribution="Reuters BIP Coding Group" action="confirmed" date="1997-03-22"/>
  </code>
</codes>
<dc element="dc.date.created" value="1997-03-22"/>
<dc element="dc.publisher" value="Reuters Holdings Plc"/>
<dc element="dc.date.published" value="1997-03-22"/>
<dc element="dc.source" value="Reuters"/>
<dc element="dc.creator.location" value="MUSCAT"/>
<dc element="dc.creator.location.country.name" value="OMAN"/>
<dc element="dc.source" value="Reuters"/>
</metadata>
</newsitem>
