<?xml version="1.0" encoding="iso-8859-1" ?>
<newsitem itemid="461630" id="root" date="1997-03-22" xml:lang="en">
<title>HONG KONG: WEEK AHEAD-Asia investors edgy about U.S. rates.</title>
<headline>WEEK AHEAD-Asia investors edgy about U.S. rates.</headline>
<byline>Sarah Davison</byline>
<dateline>HONG KONG 1997-03-22</dateline>
<text>
<p>Asian stocks face a jittery week, anticipating a rise in the U.S. Federal funds rate at the Federal Open Market Committee (FOMC) meeting on Tuesday.</p>
<p>Asian markets are expected to be weak due to concerns about interest rates, which caused the U.S. Dow Jones index to fall this past week. The index fell 15 points on Friday to 6805 although rate fears weren't seen as a major factor for the day.</p>
<p>But the rate jitters are expected to be exacerbated in Asia by local factors ranging from Taiwan's ban on all pork exports due to an outbreak of deadly hog foot-and-mouth disease to continued gloom in Singapore because of poor export figures.</p>
<p>- - - -</p>
<p>HONG KONG - Share prices have taken a beating over recent weeks due to uncertainty over whether the U.S. interest rates will go up, but analysts said stocks could move higher once Tuesday's FOMC meeting is out of the way.</p>
<p>The blue-chip Hang Seng Index fell 247.23 points, or 1.94 percent, in the past week to close at 12,489.30 on Friday.</p>
<p>&quot;If they announce a 25 basis point rise, Hong Kong will probably recover to around the 13,000 level because I think it (selling) is just overdone,&quot; said ING Barings sales director James Osborn.</p>
<p>Analysts said earnings growth was strong and that, whatever the Fed meeting brought, the uncertainty would be cleared and investors could focus on local fundamentals.</p>
<p>- - - -</p>
<p>TOKYO - Tokyo stocks are expected to plough higher as investors try to ensure the indices finish the fiscal year ending March 31 on a positive note, brokers said.</p>
<p>&quot;Hopes that the government plans to revive the stagnant property market will provide psychological support and the start of a new trading month will make it easier -- for dealers especially -- to buy,&quot; said Hisao Suzuki, Yamaichi Securities Co Ltd deputy general manager.</p>
<p>The 225-share Nikkei benchmark index closed up 139.45 points, or 0.75 percent, at 18,633.16 on Friday, capping a five-session winning streak in which it gained 3.5 percent.</p>
<p>Brokers said the market will await any hints on details of a government scheme to improve land liquidity, which would help financial firms dispose of their bad property assets. The final plan will be unveiled on March 31.</p>
<p>The market will also be watching currencies and Wall Street, especially if the United States hikes interest rates by an expected 25 basis points on March 25.</p>
<p>- - - -</p>
<p>TAIPEI - Taiwan share prices are expected to consolidate in the week beginning March 24 following Taiwan's ban on all pork exports due to an outbreak of hog foot-and-mouth disease.</p>
<p>The ban sent the island's food and livestock shares tumbling on Friday. Brokers said food shares can expect more losses and recent government attempts to cool what is seen as an overheated stock market will also dampen sentiment.</p>
<p>The weighted index plunged 262.60 points to 8,230.07 on Friday, compared to an 8,275.57 finish a week earlier. Consolidation is now expected between 8,000 and 8,400 points.</p>
<p>February's jobless rate will be announced on March 24 and M2 money supply and foreign exchange reserves on March 25.</p>
<p>- - - -</p>
<p>SINGAPORE - Singapore shares face an uncertain week with no signs of encouraging news to lift the market, dealers said.</p>
<p>&quot;The outlook is uncertain for the week ahead -- what could be out there to lift us?&quot; said one broker, demoralised by a week which saw Singapore's main index hit a series of new lows.</p>
<p>The key Straits Times Industrials Index ended at 2,068.48 on Friday, down 66.98 on the previous week's close. It was battered by poor non-oil domestic export figures, worries over U.S. interest rates and disappointing corporate results.</p>
<p>- - - -</p>
<p>SEOUL - Failures among affiliates of the Sammi Group are expected to hit the Seoul stock market, brokers said.</p>
<p>They said Sammi's woes, and worries that liquidity would be tightened in response, sparked fears of more defaults by smaller companies, which are seen as vulnerable to tight credit.</p>
<p>&quot;The underlying market sentiment is at its worst,&quot; said Lee Hee-myung of Samsung Securities.</p>
<p>The composite stock index closed on Friday at 627.08, 14.45 points, or 2.25 percent, lower than the previous Friday.</p>
<p>- - - -</p>
<p>BANGKOK - Thai stocks are expected to gain slightly on expectations of improvements in key economic data to be released on Thursday, brokers said.</p>
<p>Investors believe certain economic data such as the current account and balance of payments would improve, but concern about U.S. interest rates would weigh on sentiment, brokers said.</p>
<p>The Stock Exchange of Thailand (SET) index rose 1.03 percent in the week to close at 702.10 points on Friday.</p>
<p>- - - -</p>
<p>JAKARTA - Jakarta share prices are expected to remain mixed but trading would be relatively slow until the FOMC meeting.</p>
<p>Brokers said lingering concern over a possible competitor to bellwether stock Telkom could also hurt sentiment.</p>
<p>But brokers said the listing of three companies on three consecutive days from March 25-27 could boost market activity.</p>
<p>On Friday, the Jakarta Composite Index closed 7.03 points, or 1.06 percent lower, to 656.11 points, against the previous Friday's 666.84 close, a loss of about 1.6 percent on the week.</p>
<p>- - - -</p>
<p>KUALA LUMPUR - Malaysian stocks will focus on the FOMC meeting and Wall Street's response, analysts said.</p>
<p>But the market had already factored in a rate hike and could very well rise on the actual news itself, said one analyst.</p>
<p>&quot;It's a good time to be buying stocks,&quot; he said.</p>
<p>The benchmark Composite Index of 100 large-capitalised stocks fell 29.53 points, or 2.38 percent to 1,212.94 on Friday against the March 14 close of 1,242.47.</p>
<p>- - - -</p>
<p>MANILA - Philippine shares are expected to stay stuck in a range s most investors would remain cautious ahead of the FOMC meeting and long Easter weekend, brokers said.</p>
<p>&quot;We expect the same sideways trend next week. We might see trading pick up after the Easter holidays,&quot; said Poch Zamora, head dealer of Peregrine Securities.</p>
<p>Local shares drifted 33.14 points, or 1.03 percent, downward last week to settle at 3,201.65 points on Friday.</p>
<p>- - - -</p>
<p>SYDNEY - Australian shares are seen focused tightly on U.S. markets, with all eyes on a possible U.S. interest rate rise and the Dow's response.</p>
<p>The All Ordinaries index closed at 2,386.4, down 36.8 points or 1.5 percent for the week on increasing jitters about U.S. stocks, which are seen here as overvalued, and U.S. bonds.</p>
<p>&quot;I think everybody is going to be waiting on what the bonds are going to do and what the Dow is going to do,&quot; Mercantile Mutual equities director Greg Matthews said.</p>
<p>- - - -</p>
<p>WELLINGTON - New Zealand shares ended strongly on Friday, rising 17 points after a poor week. Brokers said that although the gain was welcome, the New Zealand market lacked direction and all eyes are on the meeting to decide U.S. interest rates.</p>
<p>The NZSE-40 closed at 2,229.79, just 3.19 points, or 0.14 percent, higher than its 2,226.60 finish the previous Friday.</p>
<p>- - - -</p>
<p>DHAKA - Dhaka stocks suffered a record loss over the past week amid selling pressure triggered by the news that the country's power crisis was hurting the economy, brokers said.</p>
<p>But analysts said the market could recover as many investors might return to snap up now-cheaper stocks.</p>
<p>The Dhaka Stock Exchange benchmark index lost 249.82 points or 16.39 percent to 1,273.85 in the week to Thursday.</p>
<p>-- Hong Kong Newsroom (852) 2843 6470</p>
</text>
<copyright>(c) Reuters Limited 1997</copyright>
<metadata>
<codes class="bip:countries:1.0">
  <code code="HKONG">
    <editdetail attribution="Reuters BIP Coding Group" action="confirmed" date="1997-03-22"/>
  </code>
  <code code="JAP">
    <editdetail attribution="Reuters BIP Coding Group" action="confirmed" date="1997-03-22"/>
  </code>
</codes>
<codes class="bip:topics:1.0">
  <code code="M11">
    <editdetail attribution="Reuters BIP Coding Group" action="confirmed" date="1997-03-22"/>
  </code>
  <code code="MCAT">
    <editdetail attribution="Reuters BIP Coding Group" action="confirmed" date="1997-03-22"/>
  </code>
</codes>
<dc element="dc.date.created" value="1997-03-22"/>
<dc element="dc.publisher" value="Reuters Holdings Plc"/>
<dc element="dc.date.published" value="1997-03-22"/>
<dc element="dc.source" value="Reuters"/>
<dc element="dc.creator.location" value="HONG KONG"/>
<dc element="dc.creator.location.country.name" value="HONG KONG"/>
<dc element="dc.source" value="Reuters"/>
</metadata>
</newsitem>
