<?xml version="1.0" encoding="iso-8859-1" ?>
<newsitem itemid="461670" id="root" date="1997-03-22" xml:lang="en">
<title>ALGERIA: PRESS DIGEST - Algeria - March 22.</title>
<headline>PRESS DIGEST - Algeria - March 22.</headline>
<dateline>ALGIERS 1997-03-22</dateline>
<text>
<p>These are the leading stories in the Algerian press on Saturday. Reuters has not verified these stories and does not vouch for their accuracy.</p>
<p>EL WATAN</p>
<p>- Another massacre in Medea, 70 km (45 miles) south of Algiers: 32 villagers hacked to death on Wednesday by about 30 &quot;terrorists&quot; armed with knifes, hatchets and shotguns.</p>
<p>- European Union Commission senior official Manuel Marin to visit Algiers on April 15.</p>
<p>LA TRIBUNE</p>
<p>- Party leaders hold meetings to sound out mood ahead of parliamentary elections due on June 5.</p>
<p>EL MOUDJAHID</p>
<p>- President Zeroual installs independent committee to supervise parliamentary elections.</p>
</text>
<copyright>(c) Reuters Limited 1997</copyright>
<metadata>
<codes class="bip:countries:1.0">
  <code code="ALG">
    <editdetail attribution="Reuters BIP Coding Group" action="confirmed" date="1997-03-22"/>
  </code>
</codes>
<codes class="bip:topics:1.0">
  <code code="GCAT">
    <editdetail attribution="Reuters BIP Coding Group" action="confirmed" date="1997-03-22"/>
  </code>
</codes>
<dc element="dc.date.created" value="1997-03-22"/>
<dc element="dc.publisher" value="Reuters Holdings Plc"/>
<dc element="dc.date.published" value="1997-03-22"/>
<dc element="dc.source" value="Reuters"/>
<dc element="dc.creator.location" value="ALGIERS"/>
<dc element="dc.creator.location.country.name" value="ALGERIA"/>
<dc element="dc.source" value="Reuters"/>
</metadata>
</newsitem>
