<?xml version="1.0" encoding="iso-8859-1" ?>
<newsitem itemid="461629" id="root" date="1997-03-22" xml:lang="en">
<title>CHINA: China says Dalai's Taiwan trip a splittist crusade.</title>
<headline>China says Dalai's Taiwan trip a splittist crusade.</headline>
<dateline>BEIJING 1997-03-22</dateline>
<text>
<p>China on Saturday slammed a visit by the exiled Tibetan spiritual leader, the Dalai Lama, to Taiwan, saying the trip was aimed at splitting Tibet and the island from the motherland.</p>
<p>&quot;The Dalai Lama's visit to Taiwan will not be an ordinary religious activity but a political crusade upheld by splittist and Tibetan independence forces collaborating within Taiwan to split the motherland,&quot; the official People's Daily said.</p>
<p>The Dalai Lama was set to arrive in Taiwan on Saturday and was expected to meet Taiwanese President Lee Teng-hui, whom Beijing accuses of working for independence for the island, on March 27.</p>
<p>Taiwan's invitation to the Dalai Lama showed Taipei was colluding with the exiled god-king to try to split China, the newspaper quoted a conference of Tibet scholars meeting in Beijing as concluding.</p>
<p>Beijing maintains that Taiwan, split from the mainland by civil war in 1949, and Tibet, where the crushing of an anti-Chinese uprising in 1959 forced the Dalai Lama into exile in India, have been part of China for centuries.</p>
<p>The Dalai Lama, who won the 1989 Nobel Peace Prize for his non-violent campaign for more autonomy for his Himalayan homeland, says he is not seeking independence but maintains Tibetans should have more say in running their own affairs.</p>
</text>
<copyright>(c) Reuters Limited 1997</copyright>
<metadata>
<codes class="bip:countries:1.0">
  <code code="CHINA">
    <editdetail attribution="Reuters BIP Coding Group" action="confirmed" date="1997-03-22"/>
  </code>
  <code code="TAIWAN">
    <editdetail attribution="Reuters BIP Coding Group" action="confirmed" date="1997-03-22"/>
  </code>
</codes>
<codes class="bip:topics:1.0">
  <code code="GCAT">
    <editdetail attribution="Reuters BIP Coding Group" action="confirmed" date="1997-03-22"/>
  </code>
  <code code="GDIP">
    <editdetail attribution="Reuters BIP Coding Group" action="confirmed" date="1997-03-22"/>
  </code>
  <code code="GREL">
    <editdetail attribution="Reuters BIP Coding Group" action="confirmed" date="1997-03-22"/>
  </code>
</codes>
<dc element="dc.date.created" value="1997-03-22"/>
<dc element="dc.publisher" value="Reuters Holdings Plc"/>
<dc element="dc.date.published" value="1997-03-22"/>
<dc element="dc.source" value="Reuters"/>
<dc element="dc.creator.location" value="BEIJING"/>
<dc element="dc.creator.location.country.name" value="CHINA"/>
<dc element="dc.source" value="Reuters"/>
</metadata>
</newsitem>
