<?xml version="1.0" encoding="iso-8859-1" ?>
<newsitem itemid="461651" id="root" date="1997-03-22" xml:lang="en">
<title>YEMEN: Yemen president invites observers to elections.</title>
<headline>Yemen president invites observers to elections.</headline>
<dateline>SANAA 1997-03-22</dateline>
<text>
<p>Yemeni President Ali Abdullah Saleh on Saturday invited international observers to monitor the Arab state's elections on April 27 to ensure a fair ballot.</p>
<p>&quot;We welcome the participation of delegations from non-governmental organisations from other countries to ensure that the elections are fair,&quot; the official SABA news agency quoted him as saying.</p>
<p>The country's main opposition party, the Yemen Socialist Party (YSP), announced earlier this month that it was boycotting the general elections, the first since the country's 1994 civil war.</p>
<p>Yemeni opposition groups have objected to alleged irregularities in the voter registration.</p>
<p>International observers monitored the last poll in 1993 when 22 parties vied for 301 seats in parliament. Saleh's General People's Congress won a majority, followed by the Islamist Islah Party and YSP.</p>
<p>The three parties governed Yemen until the YSP, some of whose leaders launched the civil war separatist campaign, was dismissed from the coalition.</p>
</text>
<copyright>(c) Reuters Limited 1997</copyright>
<metadata>
<codes class="bip:countries:1.0">
  <code code="YEMAR">
    <editdetail attribution="Reuters BIP Coding Group" action="confirmed" date="1997-03-22"/>
  </code>
</codes>
<codes class="bip:topics:1.0">
  <code code="GCAT">
    <editdetail attribution="Reuters BIP Coding Group" action="confirmed" date="1997-03-22"/>
  </code>
  <code code="GPOL">
    <editdetail attribution="Reuters BIP Coding Group" action="confirmed" date="1997-03-22"/>
  </code>
  <code code="GVOTE">
    <editdetail attribution="Reuters BIP Coding Group" action="confirmed" date="1997-03-22"/>
  </code>
</codes>
<dc element="dc.date.created" value="1997-03-22"/>
<dc element="dc.publisher" value="Reuters Holdings Plc"/>
<dc element="dc.date.published" value="1997-03-22"/>
<dc element="dc.source" value="Reuters"/>
<dc element="dc.creator.location" value="SANAA"/>
<dc element="dc.creator.location.country.name" value="YEMEN"/>
<dc element="dc.source" value="Reuters"/>
</metadata>
</newsitem>
