<?xml version="1.0" encoding="iso-8859-1" ?>
<newsitem itemid="461616" id="root" date="1997-03-22" xml:lang="en">
<title>INDONESIA: Indonesia amends intellectual property laws.</title>
<headline>Indonesia amends intellectual property laws.</headline>
<dateline>JAKARTA 1997-03-22</dateline>
<text>
<p>Indonesia's parliament has passed amendments to laws covering intellectual property rights, the official Antara news agency reported on Saturday.</p>
<p>Antara said the House of Representatives (DPR) on Friday passed amendments to a 1987 law on intellectual property rights, a 1989 law on patents, and a 1992 law on use of brand names.</p>
<p>Justice Minister Utojo Usman was quoted as saying the amendments would lead to stronger protection of intellectual property rights.</p>
<p>&quot;The laws will protect intellectual property rights and increase innovation in technology, science and arts, and increase trade and investment in Indonesia,&quot; Usman was quoted by the Jakarta Post as telling parliament on Friday.</p>
<p>The Jakarta Post said the amendments were passed to make the three laws more consistent with the Agreement on Trade Related Aspects of Intellectual Property Rights, which Indonesia ratified in 1994.</p>
<p>The Jakarta Post said the copyright law was amended to clarify rules on assigning copyrights to inventions while the revised trademark law provides for tighter government protection of trademarks.</p>
<p>The amended patents law allows for the import of copies of a patented product if the original has never been produced in Indonesia, the newspaper said.</p>
</text>
<copyright>(c) Reuters Limited 1997</copyright>
<metadata>
<codes class="bip:countries:1.0">
  <code code="INDON">
    <editdetail attribution="Reuters BIP Coding Group" action="confirmed" date="1997-03-22"/>
  </code>
</codes>
<codes class="bip:topics:1.0">
  <code code="GCAT">
    <editdetail attribution="Reuters BIP Coding Group" action="confirmed" date="1997-03-22"/>
  </code>
  <code code="GPOL">
    <editdetail attribution="Reuters BIP Coding Group" action="confirmed" date="1997-03-22"/>
  </code>
</codes>
<dc element="dc.date.created" value="1997-03-22"/>
<dc element="dc.publisher" value="Reuters Holdings Plc"/>
<dc element="dc.date.published" value="1997-03-22"/>
<dc element="dc.source" value="Reuters"/>
<dc element="dc.creator.location" value="JAKARTA"/>
<dc element="dc.creator.location.country.name" value="INDONESIA"/>
<dc element="dc.source" value="Reuters"/>
</metadata>
</newsitem>
