<?xml version="1.0" encoding="iso-8859-1" ?>
<newsitem itemid="461673" id="root" date="1997-03-22" xml:lang="en">
<title>DUBAI: PRESS DIGEST - UNITED ARAB EMIRATES - March 22.</title>
<headline>PRESS DIGEST - UNITED ARAB EMIRATES - March 22.</headline>
<dateline>DUBAI 1997-03-22</dateline>
<text>
<p>These are some of the leading stories in the United Arab Emirates press on Saturday. Reuters has not verified these stories and does not vouch for their accuracy.</p>
<p>GULF NEWS</p>
<p>- UAE President Sheikh Zaid bin Sultan al-Nahayan receives Sudanese President Oman Hassan al-Bashir.</p>
<p>- De Beers has no plans for Gulf office.</p>
<p>- Ford reports strong regional showing.</p>
<p>- Gulf Craft set to launch new model.</p>
<p>KHALEEJ TIMES</p>
<p>- Sudan hails Sheikh Zaid's peace initiative.</p>
<p>AL-BAYAN</p>
<p>- National Bank of Abu Dhabi profits rise by 100 million dirhams in 1996.</p>
<p>- Sheikh Zaid reiterates UAE's desire to help maintain Sudan's unity and stability. Bashir hails UAE efforts to settle differences.</p>
</text>
<copyright>(c) Reuters Limited 1997</copyright>
<metadata>
<codes class="bip:countries:1.0">
  <code code="UAE">
    <editdetail attribution="Reuters BIP Coding Group" action="confirmed" date="1997-03-22"/>
  </code>
</codes>
<codes class="bip:topics:1.0">
  <code code="GCAT">
    <editdetail attribution="Reuters BIP Coding Group" action="confirmed" date="1997-03-22"/>
  </code>
</codes>
<dc element="dc.date.created" value="1997-03-22"/>
<dc element="dc.publisher" value="Reuters Holdings Plc"/>
<dc element="dc.date.published" value="1997-03-22"/>
<dc element="dc.source" value="Reuters"/>
<dc element="dc.creator.location" value="DUBAI"/>
<dc element="dc.creator.location.country.name" value="DUBAI"/>
<dc element="dc.source" value="Reuters"/>
</metadata>
</newsitem>
