<?xml version="1.0" encoding="iso-8859-1" ?>
<newsitem itemid="461794" id="root" date="1997-03-22" xml:lang="en">
<title>PAKISTAN: Pakistan money rates see-saw, end down.</title>
<headline>Pakistan money rates see-saw, end down.</headline>
<dateline>KARACHI, Pakistan 1997-03-22</dateline>
<text>
<p>Pakistan's money rates fluctuated on Saturday, ending down on excess liquidity, but dealers said they would stabilise on Monday.</p>
<p>&quot;Overnight rates opened with a wide gap of 12 to 18 percent, but levels narrowed and initial deals were struck at 17 percent. Later, a steady decline in rates saw funds change hands at 12 to 15 percent. Larger amounts were exchanged at around 12.5 percent and small deals at around nine percent,&quot; a dealer said.</p>
<p>Dealers said one-week borrowers sought funds at 12 percent, but lenders offered them only at 14 percent, while those seeking two-week funds at 14 percent were asked for 16 percent.</p>
<p>-- Amir Zia 9221-5685192</p>
</text>
<copyright>(c) Reuters Limited 1997</copyright>
<metadata>
<codes class="bip:countries:1.0">
  <code code="PAKIS">
    <editdetail attribution="Reuters BIP Coding Group" action="confirmed" date="1997-03-22"/>
  </code>
</codes>
<codes class="bip:topics:1.0">
  <code code="M13">
    <editdetail attribution="Reuters BIP Coding Group" action="confirmed" date="1997-03-22"/>
  </code>
  <code code="M131">
    <editdetail attribution="Reuters BIP Coding Group" action="confirmed" date="1997-03-22"/>
  </code>
  <code code="MCAT">
    <editdetail attribution="Reuters BIP Coding Group" action="confirmed" date="1997-03-22"/>
  </code>
</codes>
<dc element="dc.date.created" value="1997-03-22"/>
<dc element="dc.publisher" value="Reuters Holdings Plc"/>
<dc element="dc.date.published" value="1997-03-22"/>
<dc element="dc.source" value="Reuters"/>
<dc element="dc.creator.location" value="KARACHI, Pakistan"/>
<dc element="dc.creator.location.country.name" value="PAKISTAN"/>
<dc element="dc.source" value="Reuters"/>
</metadata>
</newsitem>
