<?xml version="1.0" encoding="iso-8859-1" ?>
<newsitem itemid="461764" id="root" date="1997-03-22" xml:lang="en">
<title>FRANCE: French firms lament gap in net/gross wages.</title>
<headline>French firms lament gap in net/gross wages.</headline>
<dateline>PARIS 1997-03-22</dateline>
<text>
<p>A spokeswoman for France's small businesses said on Saturday that payroll charges need to be sharply reduced to narrow the gap between net and gross wages and allow French companies to be more competitive.</p>
<p>&quot;We need reductions (in charges) of at least 30 to 40 percent,&quot; Martine Clement, vice chairman of the French employers federation CNPF in charge of small businesses, told Radio Classique.</p>
<p>&quot;We have base salaries that are a bit limited, but extremely high wage costs. As a result, we don't properly remunerate workers, while the difference between what they receive and what they cost is enormous, and we also have a competitive problem with foreign companies on this matter,&quot; she said.</p>
<p>She said the gap between net and gross wages led to some categories of technicians and managers seeking to work elsewhere. &quot;That's a problem we see more and more in the companies that have expanded internationally,&quot; she said.</p>
<p>((-- Paris Newsroom, +33 1 4221 5452))</p>
</text>
<copyright>(c) Reuters Limited 1997</copyright>
<metadata>
<codes class="bip:countries:1.0">
  <code code="FRA">
    <editdetail attribution="Reuters BIP Coding Group" action="confirmed" date="1997-03-22"/>
  </code>
</codes>
<codes class="bip:topics:1.0">
  <code code="C42">
    <editdetail attribution="Reuters BIP Coding Group" action="confirmed" date="1997-03-22"/>
  </code>
  <code code="CCAT">
    <editdetail attribution="Reuters BIP Coding Group" action="confirmed" date="1997-03-22"/>
  </code>
  <code code="E21">
    <editdetail attribution="Reuters BIP Coding Group" action="confirmed" date="1997-03-22"/>
  </code>
  <code code="E211">
    <editdetail attribution="Reuters BIP Coding Group" action="confirmed" date="1997-03-22"/>
  </code>
  <code code="E41">
    <editdetail attribution="Reuters BIP Coding Group" action="confirmed" date="1997-03-22"/>
  </code>
  <code code="ECAT">
    <editdetail attribution="Reuters BIP Coding Group" action="confirmed" date="1997-03-22"/>
  </code>
  <code code="GCAT">
    <editdetail attribution="Reuters BIP Coding Group" action="confirmed" date="1997-03-22"/>
  </code>
  <code code="GJOB">
    <editdetail attribution="Reuters BIP Coding Group" action="confirmed" date="1997-03-22"/>
  </code>
</codes>
<dc element="dc.date.created" value="1997-03-22"/>
<dc element="dc.publisher" value="Reuters Holdings Plc"/>
<dc element="dc.date.published" value="1997-03-22"/>
<dc element="dc.source" value="Reuters"/>
<dc element="dc.creator.location" value="PARIS"/>
<dc element="dc.creator.location.country.name" value="FRANCE"/>
<dc element="dc.source" value="Reuters"/>
</metadata>
</newsitem>
