<?xml version="1.0" encoding="iso-8859-1" ?>
<newsitem itemid="461742" id="root" date="1997-03-22" xml:lang="en">
<title>GERMANY: Germany's Kohl dismisses cabinet reshuffle rumours.</title>
<headline>Germany's Kohl dismisses cabinet reshuffle rumours.</headline>
<dateline>BONN 1997-03-22</dateline>
<text>
<p>Chancellor Helmut Kohl, facing record unemployment and deadlock over sweeping tax reforms, has dismissed rumours he planned a cabinet reshuffle, a German newspaper reported on Saturday.</p>
<p>According to a report in Welt am Sonntag released ahead of publication on Sunday, Kohl said he had no intention of giving up what he described an an &quot;excellent&quot; team. &quot;With this team I will set about the tasks that lie ahead of us&quot;.</p>
<p>Stern weekly reported on Thursday that Economics Minister Guenter Rexrodt was under pressure from the ranks of his Free Democrat Party (FDP) to resign citing a poor performance.</p>
<p>Rexrodt of the FDP, junior coalition partner to Kohl's Christian Democrats, laughed off the report.</p>
<p>The opposition Social Democrats (SPD) pulled out of talks to reach an agreement on major tax reforms with Kohl's ruling coalition in a recent clash over coal subsidy cuts, and has not yet agreed to return to the negotiating table.</p>
<p>Although Kohl's coalition holds a majority of seats in the Bundestag lower house of parliament, the SPD can block most tax measures through its majority in the Bundesrat upper house.</p>
<p>German unemployment stands at 4.7 million -- a post-war record high.</p>
</text>
<copyright>(c) Reuters Limited 1997</copyright>
<metadata>
<codes class="bip:countries:1.0">
  <code code="GFR">
    <editdetail attribution="Reuters BIP Coding Group" action="confirmed" date="1997-03-22"/>
  </code>
</codes>
<codes class="bip:topics:1.0">
  <code code="GCAT">
    <editdetail attribution="Reuters BIP Coding Group" action="confirmed" date="1997-03-22"/>
  </code>
  <code code="GPOL">
    <editdetail attribution="Reuters BIP Coding Group" action="confirmed" date="1997-03-22"/>
  </code>
</codes>
<dc element="dc.date.created" value="1997-03-22"/>
<dc element="dc.publisher" value="Reuters Holdings Plc"/>
<dc element="dc.date.published" value="1997-03-22"/>
<dc element="dc.source" value="Reuters"/>
<dc element="dc.creator.location" value="BONN"/>
<dc element="dc.creator.location.country.name" value="GERMANY"/>
<dc element="dc.source" value="Reuters"/>
</metadata>
</newsitem>
