<?xml version="1.0" encoding="iso-8859-1" ?>
<newsitem itemid="461753" id="root" date="1997-03-22" xml:lang="en">
<title>ITALY: Thousands demonstrate in Rome against unemployment.</title>
<headline>Thousands demonstrate in Rome against unemployment.</headline>
<byline>Crispian Balmer</byline>
<dateline>ROME 1997-03-22</dateline>
<text>
<p>Tens of thousands of people poured through the streets of Rome on Saturday in a colourful union demonstration called to demand concerted government action to cut Italy's army of unemployed.</p>
<p>Three huge columns of protesters brought large parts of the capital to a standstill as they converged on a huge square infront of Rome's St John's cathedral where the leaders of Italy's three main union federations addressed the crowd.</p>
<p>&quot;A country is only civilised if it is able to provide work for its young and protection for the weak,&quot; said Sergio Cofferati, head of the largest labour movement, the Cgil.</p>
<p>Latest data from October last year said 12.2 percent of the workforce was without a job, but there were large regional differences, with the unemployment rate in the south over 21 percent against just 7.1 percent for the north.</p>
<p>Youth unemployment stood at nearly 35 percent.</p>
<p>Prime Minister Romano Prodi's centre-left government introduced a raft of measures on Friday aimed at boosting employment, especially in the underdeveloped south.</p>
<p>Among the initiatives approved by the cabinet and put immediately into affect by decree, were the release of up to 12 trillion lire ($7.1 billion) of funds mainly aimed at job creation schemes for the south.</p>
<p>The government also introduced new regulations to help unblock major public work projects which ground to a halt in the early 1990s following nationwide corruption probes.</p>
<p>Unions welcomed the decree, but said more must be done.</p>
<p>&quot;The government has finally started to move thanks to our demonstration today. But this initiative is still far from bearing fruit,&quot; said Sergio D'Antoni, leader of Italy's second largest union grouping, the Cisl.</p>
<p>More than 2,000 special trains and coaches brought people from around Italy to Saturday's march. Unions said the crowd numbered around 400,000 but police said it was nearer 150,000.</p>
<p>A sea of red, green and white union flags were held aloft, with protesters chanting a single slogan: &quot;work, work&quot;</p>
<p>One student held up a placard with the slogan: &quot;We need new dreams tonight&quot;, while a union group had a huge banner reading: &quot;Prodi, what a disappointment&quot;.</p>
<p>Prodi put employment at the top of his agenda when he took office 10 months ago, but unions complain he has since dragged his feet and has not fully implemented a labour accord signed last September.</p>
<p>The &quot;pact for jobs&quot;, agreed with both unions and employers, included a reduction in the working week, incentives for people starting their own businesses and tax breaks on research.</p>
<p>Massimo D'Alema, head of the largest coalition party, the Democratic Party of the Left (PDS), joined Saturday's protest, saying that it was not an anti-government rally.</p>
<p>&quot;This (march) is a type of stimulus, a request for commitment to focus on the battle for the creation of new jobs, especially in the south,&quot; D'Alema said in a letter published in Il Messaggero newspaper on Saturday. $1 = 1,690 lire</p>
</text>
<copyright>(c) Reuters Limited 1997</copyright>
<metadata>
<codes class="bip:countries:1.0">
  <code code="ITALY">
    <editdetail attribution="Reuters BIP Coding Group" action="confirmed" date="1997-03-22"/>
  </code>
</codes>
<codes class="bip:topics:1.0">
  <code code="E41">
    <editdetail attribution="Reuters BIP Coding Group" action="confirmed" date="1997-03-22"/>
  </code>
  <code code="E411">
    <editdetail attribution="Reuters BIP Coding Group" action="confirmed" date="1997-03-22"/>
  </code>
  <code code="ECAT">
    <editdetail attribution="Reuters BIP Coding Group" action="confirmed" date="1997-03-22"/>
  </code>
  <code code="GCAT">
    <editdetail attribution="Reuters BIP Coding Group" action="confirmed" date="1997-03-22"/>
  </code>
  <code code="GJOB">
    <editdetail attribution="Reuters BIP Coding Group" action="confirmed" date="1997-03-22"/>
  </code>
  <code code="GVIO">
    <editdetail attribution="Reuters BIP Coding Group" action="confirmed" date="1997-03-22"/>
  </code>
</codes>
<dc element="dc.date.created" value="1997-03-22"/>
<dc element="dc.publisher" value="Reuters Holdings Plc"/>
<dc element="dc.date.published" value="1997-03-22"/>
<dc element="dc.source" value="Reuters"/>
<dc element="dc.creator.location" value="ROME"/>
<dc element="dc.creator.location.country.name" value="ITALY"/>
<dc element="dc.source" value="Reuters"/>
</metadata>
</newsitem>
