<?xml version="1.0" encoding="iso-8859-1" ?>
<newsitem itemid="461733" id="root" date="1997-03-22" xml:lang="en">
<title>FRANCE: Chirac's popularity dips, Juppe's stagnates--poll.</title>
<headline>Chirac's popularity dips, Juppe's stagnates--poll.</headline>
<dateline>PARIS 1997-03-22</dateline>
<text>
<p>French President Jacques Chirac's popularity dipped in March and Prime Minister Alain Juppe's rating stagnated, halting a gradual rise for both conservative leaders this year, an opinion poll showed on Saturday.</p>
<p>The IFOP survey, for the weekly Journal du Dimanche, showed that just 32 percent of those questioned were satisfied with Chirac as president, down from 34 percent in February. The number of those dissatisfied was flat at 55 percent.</p>
<p>Juppe's popularity rating was unchanged at 29 percent while the percentage of those dissatisfied dipped to 60 percent from 61 in the survey of 1,833 people from March 13 to 21.</p>
<p>Both Chirac and Juppe's ratings had steadily crept up from lows in November 1995, when just 27 percent were satisfied with Chirac and just 20 percent with Juppe. Juppe has borne the brunt of blame for high unemployment in France.</p>
</text>
<copyright>(c) Reuters Limited 1997</copyright>
<metadata>
<codes class="bip:countries:1.0">
  <code code="FRA">
    <editdetail attribution="Reuters BIP Coding Group" action="confirmed" date="1997-03-22"/>
  </code>
</codes>
<codes class="bip:topics:1.0">
  <code code="GCAT">
    <editdetail attribution="Reuters BIP Coding Group" action="confirmed" date="1997-03-22"/>
  </code>
  <code code="GPOL">
    <editdetail attribution="Reuters BIP Coding Group" action="confirmed" date="1997-03-22"/>
  </code>
</codes>
<dc element="dc.date.created" value="1997-03-22"/>
<dc element="dc.publisher" value="Reuters Holdings Plc"/>
<dc element="dc.date.published" value="1997-03-22"/>
<dc element="dc.source" value="Reuters"/>
<dc element="dc.creator.location" value="PARIS"/>
<dc element="dc.creator.location.country.name" value="FRANCE"/>
<dc element="dc.source" value="Reuters"/>
</metadata>
</newsitem>
