<?xml version="1.0" encoding="iso-8859-1" ?>
<newsitem itemid="461701" id="root" date="1997-03-22" xml:lang="en">
<title>USA: Identical quadruplets born to New York couple. [CORRECTED 13:46 GMT]</title>
<headline>Identical quadruplets born to New York couple. [CORRECTED 13:46 GMT]</headline>
<dateline>NEW YORK 1997-03-21</dateline>
<text>
<p>Four identical baby girls were born on Friday afternoon to a young New York couple in an event so rare it is believed to happen only once in 11 million births, hospital officials said.</p>
<p>The infants, born over four minutes beginning at 3 p.m. EST (2000 GMT), were delivered by Caesarean section by two obstetricians, Drs. Gary Steinman and Adiel Fleischer, chief of High Risk Obstetrics at Long Island Jewish Hospital in New Hyde Park.</p>
<p>Steinman said what made the births unusual was having quadruplets without fertility drugs and that the infants are identical.</p>
<p>&quot;This is so rare we can hardly begin to estimate the odds of this happening. You probably have a better chance of winning the lottery,&quot; Steinman said.</p>
<p>A hospital spokeswoman said identical quadruplets are born only once every 11 million births. She said they have searched medical literature and have been unable to find record of any identical quadruplets born over the last 40 years.</p>
<p>The infants, delivered seven weeks prematurely, weighed between 2 pounds and one ounce and 3 pounds, 3 ounces (1.5 kg).</p>
<p>(Corrects weights).</p>
<p>The mother, Iris Borgis, 30, of Astoria in the Queens borough of New York, is a store manager at Macy's department store. The father, Martin, works for the telephone company.</p>
<p>Both the mother and infants are in good condition, the hospital said. It was the mother's first pregnancy, and there was no known history of multiple births in the family, the spokeswoman said.</p>
<p>The babies have not yet been named and are known as A, B, C and D for the moment. They will be kept in the hospital about a month, doctors said, and the mother was expected to go home in about a week.</p>
</text>
<copyright>(c) Reuters Limited 1997</copyright>
<metadata>
<codes class="bip:countries:1.0">
  <code code="USA">
    <editdetail attribution="Reuters BIP Coding Group" action="confirmed" date="1997-03-22"/>
  </code>
</codes>
<codes class="bip:topics:1.0">
  <code code="GCAT">
    <editdetail attribution="Reuters BIP Coding Group" action="confirmed" date="1997-03-22"/>
  </code>
  <code code="GODD">
    <editdetail attribution="Reuters BIP Coding Group" action="confirmed" date="1997-03-22"/>
  </code>
</codes>
<dc element="dc.date.created" value="1997-03-21"/>
<dc element="dc.publisher" value="Reuters Holdings Plc"/>
<dc element="dc.date.published" value="1997-03-22"/>
<dc element="dc.source" value="Reuters"/>
<dc element="dc.creator.location" value="NEW YORK"/>
<dc element="dc.creator.location.country.name" value="USA"/>
<dc element="dc.source" value="Reuters"/>
</metadata>
</newsitem>
