<?xml version="1.0" encoding="iso-8859-1" ?>
<newsitem itemid="461770" id="root" date="1997-03-22" xml:lang="en">
<title>INDIA: Kashmir gunmen kills seven Hindus in night attack.</title>
<headline>Kashmir gunmen kills seven Hindus in night attack.</headline>
<byline>Sheikh Mushtaq</byline>
<dateline>SRINAGAR, India 1997-03-22</dateline>
<text>
<p>Unidentified gunmen shot dead seven local Hindus in a major act of violence in the troubled Himalayan region of Kashmir, police said on Saturday.</p>
<p>A police spokesman said the shooting took place late on Friday at Sangrampur, a village in Budgam district 20 km (12.5 miles) southwest of Srinagar, summer capital of India's Jammu and Kashmir state.</p>
<p>&quot;A group of a fifteen gunmen encircled the Pandit houses and forced eight males out of their houses and told everybody that some security officer wanted to see them,&quot; said J.B. Singh, a senior police officer who was investigating the incident.</p>
<p>The militants then shot them dead some 50 metres (yards) away from the village, Singh said.</p>
<p>Violence against Hindus in the province, the only Moslem-majority state in mainly Hindu India, is usually blamed on Islamic separatists.</p>
<p>No separatist group claimed responsibility for the killings, described by police as the biggest such incident involving local Hindus. Towns near the site of the attack observed a complete shutdown to mourn the victims.</p>
<p>The attack was the first major act of violence against Hindus since September last year, when India held the first provincial elections in Jammu and Kashmir since 1987.</p>
<p>It came a week before a rare resumption of stalled high-level diplomatic talks between India and Pakistan, scheduled to start on March 28 in New Delhi.</p>
<p>Pakistan has fought two wars with India over the region since the two nations became independent from British rule in 1947. It denies routine Indian charges that it arms and trains Kashmiri separatist guerrillas.</p>
<p>Members of the state's legislative assembly, sitting in the winter capital of Jammu, condemned Friday's incident.</p>
<p>&quot;The forthcoming Indo-Pakistan dialogue is meaningless unless the killings in Kashmir valley are stopped by Pakistan,&quot; Jammu and Kashmir's chief minister Farooq Abdullah told the assembly.</p>
<p>Kashmir's leading separatist organisation, the All-Parties' Hurriyat (freedom) Conference, which brings together some 30 religious and political groups, condemned the incident.</p>
<p>&quot;We strongly condemn these brutal killings, they (Kashmiri Hindus) are a part and parcel of us,&quot; a Hurriyat spokesman said in Srinagar.</p>
<p>&quot;The killing is the handiwork of anti-movement activists who want to defame the ongoing freedom struggle of Kashmir,&quot; the Hurriyat spokesman said. &quot;We express our sympathies with the bereaved families.&quot;</p>
<p>More than 300,000 minority Hindus, called Pandits in the Himalayan valley, fled Kashmir after the beginning of the rebellion in 1990 in the region, where violence linked to insurgency has claimed more than 20,000 lives in seven years.</p>
<p>But a small number of Hindus remained in troubled Kashmir. The families of the victims of Friday's incident did not leave the valley and stayed in the village, local officials said.</p>
</text>
<copyright>(c) Reuters Limited 1997</copyright>
<metadata>
<codes class="bip:countries:1.0">
  <code code="INDIA">
    <editdetail attribution="Reuters BIP Coding Group" action="confirmed" date="1997-03-22"/>
  </code>
</codes>
<codes class="bip:topics:1.0">
  <code code="GCAT">
    <editdetail attribution="Reuters BIP Coding Group" action="confirmed" date="1997-03-22"/>
  </code>
  <code code="GVIO">
    <editdetail attribution="Reuters BIP Coding Group" action="confirmed" date="1997-03-22"/>
  </code>
</codes>
<dc element="dc.date.created" value="1997-03-22"/>
<dc element="dc.publisher" value="Reuters Holdings Plc"/>
<dc element="dc.date.published" value="1997-03-22"/>
<dc element="dc.source" value="Reuters"/>
<dc element="dc.creator.location" value="SRINAGAR, India"/>
<dc element="dc.creator.location.country.name" value="INDIA"/>
<dc element="dc.source" value="Reuters"/>
</metadata>
</newsitem>
