<?xml version="1.0" encoding="iso-8859-1" ?>
<newsitem itemid="461787" id="root" date="1997-03-22" xml:lang="en">
<title>BANGLADESH: Bangladesh marchers damage vehicles on strike eve.</title>
<headline>Bangladesh marchers damage vehicles on strike eve.</headline>
<dateline>DHAKA 1997-03-22</dateline>
<text>
<p>Activists preparing for a countrywide general strike called by the main opposition Bangladesh Nationalist Party (BNP) for Sunday marched with flaming torches and attacked vehicles in the capital Dhaka and other cities.</p>
<p>Police made no attempt to stop one such attack near Dhaka's Ramna police station, not far from the office of BNP chief Begum Khaleda Zia, witnesses said.</p>
<p>&quot;We will smash everything...and enforce the strike,&quot; one attacker yelled.</p>
<p>The BNP called the strike for Sunday, a working day in mainly Moslem Bangladesh, in its first major attempt to destabilise the eight-month-old government of Prime Minister Sheikh Hasina.</p>
<p>In the southern port city of Chittagong, hundreds of BNP activists staged a torch march and exploded several home-made bombs, witnesses said. No casualties were reported.</p>
<p>BNP activists also demonstrated in Khulna and other cities, asking residents to help make the strike a success.</p>
<p>Police said they had been asked by authorities not to deal with the strikers too harshly.</p>
<p>Hasina took office last June, defeating the BNP in a general election billed as free and fair by local and international monitors.</p>
</text>
<copyright>(c) Reuters Limited 1997</copyright>
<metadata>
<codes class="bip:countries:1.0">
  <code code="BANDH">
    <editdetail attribution="Reuters BIP Coding Group" action="confirmed" date="1997-03-22"/>
  </code>
</codes>
<codes class="bip:topics:1.0">
  <code code="E41">
    <editdetail attribution="Reuters BIP Coding Group" action="confirmed" date="1997-03-22"/>
  </code>
  <code code="ECAT">
    <editdetail attribution="Reuters BIP Coding Group" action="confirmed" date="1997-03-22"/>
  </code>
  <code code="GCAT">
    <editdetail attribution="Reuters BIP Coding Group" action="confirmed" date="1997-03-22"/>
  </code>
  <code code="GJOB">
    <editdetail attribution="Reuters BIP Coding Group" action="confirmed" date="1997-03-22"/>
  </code>
  <code code="GVIO">
    <editdetail attribution="Reuters BIP Coding Group" action="confirmed" date="1997-03-22"/>
  </code>
</codes>
<dc element="dc.date.created" value="1997-03-22"/>
<dc element="dc.publisher" value="Reuters Holdings Plc"/>
<dc element="dc.date.published" value="1997-03-22"/>
<dc element="dc.source" value="Reuters"/>
<dc element="dc.creator.location" value="DHAKA"/>
<dc element="dc.creator.location.country.name" value="BANGLADESH"/>
<dc element="dc.source" value="Reuters"/>
</metadata>
</newsitem>
