<?xml version="1.0" encoding="iso-8859-1" ?>
<newsitem itemid="461738" id="root" date="1997-03-22" xml:lang="en">
<title>GERMANY: Thyssen, Krupp face merger showdown.</title>
<headline>Thyssen, Krupp face merger showdown.</headline>
<byline>John Gilardi</byline>
<dateline>FRANKFURT 1997-03-22</dateline>
<text>
<p>A top German union official who sits on the supervisory board of steel group Fried. Krupp AG Hoesch-Krupp said on Saturday she believed a nasty takeover fight with rival Thyssen AG could end in mutual cooperation.</p>
<p>But tensions kept heating up as Thyssen's works council called on some 50,000 workers to stage a protest on Tuesday in Frankfurt, the nation's financial capital, and top politicans called on both companies to show some social responsibility.</p>
<p>&quot;We are going to Frankfurt because we fear that our future cannot be helped by the democratically-elected government in Bonn but will instead be decided by the banks,&quot; said Thyssen works council leader Georg Bongen in announcing the rally.</p>
<p>Karin Benz-Overhage, a top official of German union IG Metall, did not comment on the outcome Krupp supervisory board meeting on Saturday in Essen called to discuss strategy.</p>
<p>But Benz-Overhage said, &quot;We assume that a mutual solution can be found.&quot;</p>
<p>The meeting took place as Germany's Die Welt newspaper reported on Saturday that Krupp plans to relaunch its hostile takeover bid for Thyssen as soon as the first week of April.</p>
<p>Citing reliable sources, the newspaper said Krupp believed Thyssen had only agreed to talks this week about a merger of their steel companies in order to win time to defend itself against a complete takeover.</p>
<p>The talks between Thyssen and Krupp, which has secured bank financing of 15 billion marks in the event that it has to acquire 100 percent of Thyssen's capital, began on Thursday and were also held on Friday at a secret location.</p>
<p>Krupp launched a rare hostile takeover of larger Thyssen earlier last week, offering shareholders 435 marks a share, a 25 percent premium over the previous day's share price.</p>
<p>A merger between Krupp and Thyssen would create one of the world's largest steel operations, but Krupp has said the full merger of the two companies would create cost savings in other areas as well, such as engineering and automotive components.</p>
<p>The takeover attempt sparked spontaneous work stoppages by thousands of steel workers in the Ruhr valley heartland and local politicians intervened, persuading the two companies to begin talks over a merger of just their steel companies.</p>
<p>German Chancellor Helmut Kohl, facing slumping approval due to record unemployment, and political rival Gerhard Schroeder of the opposition Social Democrats (SPD) on Saturday both called on the rivals to find an amicable solution.</p>
<p>But Germany's Der Spiegel magazine said on Saturday that studies by Deutsche Bank AG, Dresdner Bank AG and investment bank Goldman Sachs showed a merger could show positive results for Krupp as early as in the spring of 1998.</p>
<p>The study assumed both companies could sell off a number of subsidiaries and that Krupp could repay debts from the takeover by the end of the year 2000.</p>
<p>Krupp officials declined comment on the Spiegel report.</p>
<p>Also on Saturday, Germany's Focus magazine said a top Deutsche Bank AG official did not rule out resigning from the Thyssen supervisory board after trade unions sharply criticised Deutsche and Dresdner Bank for their role in the takeover.</p>
<p>&quot;I will not rule out that I will give up my mandate at the end of the meeting (on Thursday),&quot; Ulrich Cartellieri, who represents Deutsche's shareholder interests on the Thyssen board, told the magazine in an interview.</p>
<p>Walter Riester, the vice president of union IG Metall and also the deputy chairman of Thyssen's supervisory board, called on Friday for representatives from the two banks who are on the Thyssen and Krupp boards to quit due to the roles of their banks in the takeover.</p>
<p>-- Frankfurt Newsroom, +49 69 756525</p>
</text>
<copyright>(c) Reuters Limited 1997</copyright>
<metadata>
<codes class="bip:countries:1.0">
  <code code="GFR">
    <editdetail attribution="Reuters BIP Coding Group" action="confirmed" date="1997-03-22"/>
  </code>
</codes>
<codes class="bip:industries:1.0">
  <code code="I22100">
    <editdetail attribution="Reuters BIP Coding Group" action="confirmed" date="1997-03-22"/>
  </code>
  <code code="I83960">
    <editdetail attribution="Reuters BIP Coding Group" action="confirmed" date="1997-03-22"/>
  </code>
</codes>
<codes class="bip:topics:1.0">
  <code code="C18">
    <editdetail attribution="Reuters BIP Coding Group" action="confirmed" date="1997-03-22"/>
  </code>
  <code code="C181">
    <editdetail attribution="Reuters BIP Coding Group" action="confirmed" date="1997-03-22"/>
  </code>
  <code code="CCAT">
    <editdetail attribution="Reuters BIP Coding Group" action="confirmed" date="1997-03-22"/>
  </code>
</codes>
<dc element="dc.date.created" value="1997-03-22"/>
<dc element="dc.publisher" value="Reuters Holdings Plc"/>
<dc element="dc.date.published" value="1997-03-22"/>
<dc element="dc.source" value="Reuters"/>
<dc element="dc.creator.location" value="FRANKFURT"/>
<dc element="dc.creator.location.country.name" value="GERMANY"/>
<dc element="dc.source" value="Reuters"/>
</metadata>
</newsitem>
