<?xml version="1.0" encoding="iso-8859-1" ?>
<newsitem itemid="461796" id="root" date="1997-03-22" xml:lang="en">
<title>PAKISTAN: Gunmen kill Pakistani provincial deputy.</title>
<headline>Gunmen kill Pakistani provincial deputy.</headline>
<dateline>LAHORE, Pakistan 1997-03-22</dateline>
<text>
<p>Masked gunmen killed a Pakistani provincial parliamentary deputy and injured five other people on Saturday in Lahore, police said.</p>
<p>They said Shaukat Butt, an independent deputy of the Punjab provincial assembly, and his four companions, who were injured seriously, were shot by three masked men with automatic weapons when driving in a car in an eastern suburb of Lahore. A passer-by was also injured.</p>
<p>There was no immediate information about the identity of the gunmen or the motive of the attack, the latest in a series of violent incidents in the province in recent months.</p>
<p>Police have blamed militant groups of rival Moslem sects for most previous attacks in Punjab, the home province of Prime Minister Nawaz Sharif.</p>
</text>
<copyright>(c) Reuters Limited 1997</copyright>
<metadata>
<codes class="bip:countries:1.0">
  <code code="PAKIS">
    <editdetail attribution="Reuters BIP Coding Group" action="confirmed" date="1997-03-22"/>
  </code>
</codes>
<codes class="bip:topics:1.0">
  <code code="GCAT">
    <editdetail attribution="Reuters BIP Coding Group" action="confirmed" date="1997-03-22"/>
  </code>
  <code code="GVIO">
    <editdetail attribution="Reuters BIP Coding Group" action="confirmed" date="1997-03-22"/>
  </code>
</codes>
<dc element="dc.date.created" value="1997-03-22"/>
<dc element="dc.publisher" value="Reuters Holdings Plc"/>
<dc element="dc.date.published" value="1997-03-22"/>
<dc element="dc.source" value="Reuters"/>
<dc element="dc.creator.location" value="LAHORE, Pakistan"/>
<dc element="dc.creator.location.country.name" value="PAKISTAN"/>
<dc element="dc.source" value="Reuters"/>
</metadata>
</newsitem>
