<?xml version="1.0" encoding="iso-8859-1" ?>
<newsitem itemid="461767" id="root" date="1997-03-22" xml:lang="en">
<title>FINLAND: Russia insists it won good deal at summit.</title>
<headline>Russia insists it won good deal at summit.</headline>
<dateline>HELSINKI 1997-03-22</dateline>
<text>
<p>Russian Foreign Minister Yevgeny Primakov insisted on Saturday Moscow had won a good deal at a U.S.-Russian summit, denying his country had been outflanked on NATO enlargement or bought off by the West.</p>
<p>Asked at a news conference whether Russia's bargaining position with the alliance had been weakened, Primakov said: &quot;Russia stands by its negative position on NATO enlargement, and the agreement which we want to sign with NATO is not a pay-off for giving up that position.  </p>
<p>&quot;What happened yesterday was a real breakthrough...because we even reached agreement on those questions which, frankly speaking, we had earlier doubted could be agreed on,&quot; Primakov said after meeting Finnish Foreign Minister Tarja Halonen.</p>
<p>Russian President Boris Yeltsin agreed at the two-day summit with U.S. President Bill Clinton to sign a charter building a new relationship with NATO, despite Moscow's opposition to the eastward expansion of the alliance.</p>
<p>Yeltsin dropped a key Russian demand that the charter should be legally binding and also promised to minimise the differences over NATO enlargement, drawing charges from communist opponents in the Russian parliament (Duma) that Moscow had caved in to shameful defeat.</p>
<p>The summit agreement on NATO, Primakov said, would &quot;make it more helpful for us to move towards signing the appropriate agreements&quot;. Decisions reached in Helsinki &quot;coincide to a great degree with requirements voiced in the Duma&quot;, Primakov said.</p>
</text>
<copyright>(c) Reuters Limited 1997</copyright>
<metadata>
<codes class="bip:countries:1.0">
  <code code="FIN">
    <editdetail attribution="Reuters BIP Coding Group" action="confirmed" date="1997-03-22"/>
  </code>
  <code code="NATO">
    <editdetail attribution="Reuters BIP Coding Group" action="confirmed" date="1997-03-22"/>
  </code>
  <code code="RUSS">
    <editdetail attribution="Reuters BIP Coding Group" action="confirmed" date="1997-03-22"/>
  </code>
  <code code="USA">
    <editdetail attribution="Reuters BIP Coding Group" action="confirmed" date="1997-03-22"/>
  </code>
</codes>
<codes class="bip:topics:1.0">
  <code code="GCAT">
    <editdetail attribution="Reuters BIP Coding Group" action="confirmed" date="1997-03-22"/>
  </code>
  <code code="GDEF">
    <editdetail attribution="Reuters BIP Coding Group" action="confirmed" date="1997-03-22"/>
  </code>
  <code code="GDIP">
    <editdetail attribution="Reuters BIP Coding Group" action="confirmed" date="1997-03-22"/>
  </code>
</codes>
<dc element="dc.date.created" value="1997-03-22"/>
<dc element="dc.publisher" value="Reuters Holdings Plc"/>
<dc element="dc.date.published" value="1997-03-22"/>
<dc element="dc.source" value="Reuters"/>
<dc element="dc.creator.location" value="HELSINKI"/>
<dc element="dc.creator.location.country.name" value="FINLAND"/>
<dc element="dc.source" value="Reuters"/>
</metadata>
</newsitem>
