<?xml version="1.0" encoding="iso-8859-1" ?>
<newsitem itemid="461763" id="root" date="1997-03-22" xml:lang="en">
<title>GERMANY: Kohl rules out postponement of EMU - newspaper.</title>
<headline>Kohl rules out postponement of EMU - newspaper.</headline>
<dateline>BONN 1997-03-22</dateline>
<text>
<p>Chancellor Helmut Kohl said there would be no postponement in the launch of Europe's single currency, the euro, planned to go ahead in January 1999, a German newspaper reported on Saturday.</p>
<p>The Welt am Sonntag newspaper said in an interview released ahead of publication on Sunday that Kohl was determined Germany would succeed in fulfilling the strict Maastricht criteria to qualify for European monetary union (EMU).</p>
<p>&quot;The question is not whether we are going to have European monetary union, but rather: what can we do and what must we do to ensure it starts on time,&quot; Kohl said.</p>
<p>&quot;Many self-appointed experts only want a postponement so that the project is completely put on ice. Others get cold feet when things get tough,&quot; Kohl said, referring to a growing number of politicians and experts in Germany who say the country may flunk the criteria.</p>
<p>&quot;Postponement is out of the question,&quot; he said.</p>
<p>German Finance Minister Theo Waigel said on Friday that Germany was on course to qualify for monetary union and stood by German insistence on a strict interpretation of the entry criteria laid out in the Maastricht Treaty.</p>
<p>Waigel told parliament that, despite rising unemployment, Bonn would still cut the budget deficit to 2.9 percent of gross domestic product (GDP) this year, below the three percent target laid down in the treaty.</p>
<p>-- Fiona Fleck, Bonn newsroom +49 228 260-97160</p>
</text>
<copyright>(c) Reuters Limited 1997</copyright>
<metadata>
<codes class="bip:countries:1.0">
  <code code="EEC">
    <editdetail attribution="Reuters BIP Coding Group" action="confirmed" date="1997-03-22"/>
  </code>
  <code code="GFR">
    <editdetail attribution="Reuters BIP Coding Group" action="confirmed" date="1997-03-22"/>
  </code>
</codes>
<codes class="bip:topics:1.0">
  <code code="E12">
    <editdetail attribution="Reuters BIP Coding Group" action="confirmed" date="1997-03-22"/>
  </code>
  <code code="ECAT">
    <editdetail attribution="Reuters BIP Coding Group" action="confirmed" date="1997-03-22"/>
  </code>
  <code code="G15">
    <editdetail attribution="Reuters BIP Coding Group" action="confirmed" date="1997-03-22"/>
  </code>
  <code code="G151">
    <editdetail attribution="Reuters BIP Coding Group" action="confirmed" date="1997-03-22"/>
  </code>
  <code code="G154">
    <editdetail attribution="Reuters BIP Coding Group" action="confirmed" date="1997-03-22"/>
  </code>
  <code code="GCAT">
    <editdetail attribution="Reuters BIP Coding Group" action="confirmed" date="1997-03-22"/>
  </code>
  <code code="M13">
    <editdetail attribution="Reuters BIP Coding Group" action="confirmed" date="1997-03-22"/>
  </code>
  <code code="M132">
    <editdetail attribution="Reuters BIP Coding Group" action="confirmed" date="1997-03-22"/>
  </code>
  <code code="MCAT">
    <editdetail attribution="Reuters BIP Coding Group" action="confirmed" date="1997-03-22"/>
  </code>
</codes>
<dc element="dc.date.created" value="1997-03-22"/>
<dc element="dc.publisher" value="Reuters Holdings Plc"/>
<dc element="dc.date.published" value="1997-03-22"/>
<dc element="dc.source" value="Reuters"/>
<dc element="dc.creator.location" value="BONN"/>
<dc element="dc.creator.location.country.name" value="GERMANY"/>
<dc element="dc.source" value="Reuters"/>
</metadata>
</newsitem>
