<?xml version="1.0" encoding="iso-8859-1" ?>
<newsitem itemid="461711" id="root" date="1997-03-22" xml:lang="en">
<title>USA: Sears chairman's bonus rose in 1996.</title>
<headline>Sears chairman's bonus rose in 1996.</headline>
<dateline>CHICAGO 1997-03-21</dateline>
<text>
<p>Sears, Roebuck and Co. Chairman Arthur Martinez saw his bonus payment rise to $1.9 million in 1996 from $1 million in 1995, according to the retailer's proxy statement for its annual meeting released Friday.</p>
<p>His salary for the year was $1.1 million, compared to $1.0 million in 1995, the proxy said.</p>
<p>The rise in the bonus was due to a shift that links more of executive compensation to the retailer's performance, as well as improved performance by the company in 1996, Sears said.</p>
<p>Martinez also received a $3 million payout in March 1996 from a long-term incentive payment plan for incentive pay accrued from 1993 to 1995, the proxy said. Additionally, Martinez received stock options worth $555,468 in present value at the date they were granted, the proxy said.</p>
<p>Sears will hold its annual meeting May 8 in Chicago.</p>
<p>Among matters to be voted on is a shareholder proposal that the company's board of directors be elected annually, rather than in the current staggered three-year terms.</p>
<p>Sears shares rose $1.875 to $53.75 in consolidated trading on the New York Stock Exchange on Friday.</p>
</text>
<copyright>(c) Reuters Limited 1997</copyright>
<metadata>
<codes class="bip:countries:1.0">
  <code code="USA">
    <editdetail attribution="Reuters BIP Coding Group" action="confirmed" date="1997-03-22"/>
  </code>
</codes>
<codes class="bip:industries:1.0">
  <code code="I83960">
    <editdetail attribution="Reuters BIP Coding Group" action="confirmed" date="1997-03-22"/>
  </code>
</codes>
<codes class="bip:topics:1.0">
  <code code="C41">
    <editdetail attribution="Reuters BIP Coding Group" action="confirmed" date="1997-03-22"/>
  </code>
  <code code="CCAT">
    <editdetail attribution="Reuters BIP Coding Group" action="confirmed" date="1997-03-22"/>
  </code>
</codes>
<dc element="dc.date.created" value="1997-03-21"/>
<dc element="dc.publisher" value="Reuters Holdings Plc"/>
<dc element="dc.date.published" value="1997-03-22"/>
<dc element="dc.source" value="Reuters"/>
<dc element="dc.creator.location" value="CHICAGO"/>
<dc element="dc.creator.location.country.name" value="USA"/>
<dc element="dc.source" value="Reuters"/>
</metadata>
</newsitem>
