<?xml version="1.0" encoding="iso-8859-1" ?>
<newsitem itemid="461749" id="root" date="1997-03-22" xml:lang="en">
<title>FRANCE: France renews calls for Zaire talks over rebellion.</title>
<headline>France renews calls for Zaire talks over rebellion.</headline>
<dateline>PARIS 1997-03-22</dateline>
<text>
<p>France on Saturday renewed calls for a ceasefire and talks to end a rebellion in Zaire after ailing President Mobutu Sese Seko returned home hoping to rally crumbling government resistance.</p>
<p>&quot;New military actions will resolve nothing and will only lead to further violence and destruction,&quot; a foreign ministry spokesman said.</p>
<p>&quot;We continue to hope that the entire international community will be able to convince all parties of the need of dialogue and of a peaceful solution,&quot; he said, expressing support for peace efforts by U.N. envoy Mohamed Sahnoun.</p>
<p>&quot;The search among Zaireans of an agreed electoral process that can give Zaire representative, stable and legitimate institutions must be the priority of all,&quot; he said.</p>
<p>Defence Minister Charles Millon said that Paris had taken necessary measures to protect its 1,500 citizens in Zaire. France has sent about 100 troops to nearby Congo and Gabon and has urged its nationals to leave if possible.</p>
<p>Millon ruled out any wider military action, perhaps to bolster France's long-time ally Mobutu, 66, insisting the reinforcements were merely &quot;to ensure the security of our citizens&quot;.</p>
<p>He told Europe 1 radio that any evacuation would take 48 hours at the most.</p>
<p>France has been Mobutu's last international ally after almost 32 years in power. On Friday, Paris welcomed his call for a truce and national unity as positive steps that could help resolve the deepening crisis.</p>
<p>U.N. envoy Sahnoun was due in Zaire's northeastern city of Kisingani on Saturday to press rebel leader Laurent Kabila for a ceasefire following Mobutu's return.</p>
<p>The ministry spokesman said that &quot;we continue to give all our support to the action of Mr Sahnoun...and his five point peace plan until it is effectively and fully put in place.&quot;</p>
<p>Mobutu left hospital in Monaco on Wednesday after fresh cancer treatment and flew home on Friday.</p>
</text>
<copyright>(c) Reuters Limited 1997</copyright>
<metadata>
<codes class="bip:countries:1.0">
  <code code="FRA">
    <editdetail attribution="Reuters BIP Coding Group" action="confirmed" date="1997-03-22"/>
  </code>
  <code code="ZAIRE">
    <editdetail attribution="Reuters BIP Coding Group" action="confirmed" date="1997-03-22"/>
  </code>
</codes>
<codes class="bip:topics:1.0">
  <code code="GCAT">
    <editdetail attribution="Reuters BIP Coding Group" action="confirmed" date="1997-03-22"/>
  </code>
  <code code="GDIP">
    <editdetail attribution="Reuters BIP Coding Group" action="confirmed" date="1997-03-22"/>
  </code>
</codes>
<dc element="dc.date.created" value="1997-03-22"/>
<dc element="dc.publisher" value="Reuters Holdings Plc"/>
<dc element="dc.date.published" value="1997-03-22"/>
<dc element="dc.source" value="Reuters"/>
<dc element="dc.creator.location" value="PARIS"/>
<dc element="dc.creator.location.country.name" value="FRANCE"/>
<dc element="dc.source" value="Reuters"/>
</metadata>
</newsitem>
