<?xml version="1.0" encoding="iso-8859-1" ?>
<newsitem itemid="461798" id="root" date="1997-03-22" xml:lang="en">
<title>INDIA: India's NALCO to set up gallium plant.</title>
<headline>India's NALCO to set up gallium plant.</headline>
<dateline>BHUBANESHWAR, India 1997-03-22</dateline>
<text>
<p>India's state-run National Aluminium Company Ltd (NALCO) said on Saturday the mines ministry had approved its proposal to set up a gallium extraction plant in the eastern state of Orissa.</p>
<p>The statement said the plant, to be built at an estimated cost of 94.6 million rupees ($2.64 million), will be set up at NALCO's alumina refinery at Damanjodi, 525 km (344 miles) south of the state capital, Bhubaneshwar.</p>
<p>Out of the estimated cost, NALCO will provide 53.5 million rupees and the remaining amount will be provided by the federal government as grants, the statement said.</p>
<p>The project is expected to be completed in 18 months.</p>
<p>The statement said NALCO on Friday signed a technology transfer agreement with the National Research and Development Centre (NRDC) for the proposed project.</p>
<p>The project is considered important as gallium is used for electronic equipment, semi-conductors, space applications, light emitting diodes, lasers, super conducting magnets and high current switches, the statement said.</p>
<p>&quot;The project will also make the country self-sufficient in the strategic metal,&quot; it said</p>
<p>NALCO, Asia's largest aluminium maker, produced 192,288 tonnes of aluminium in 1995/96 (April-March) against 178,072 tonnes in the previous year.</p>
<p>It has a domestic market share of 35 percent.</p>
<p>The company hopes to achieve a net profit of 5.1 billion rupees in 1996/97 against 5.4 billion in the previous year.</p>
<p>-- New Delhi newsroom +91-11 301 2024</p>
<p>$1 = 35.8 rupees</p>
</text>
<copyright>(c) Reuters Limited 1997</copyright>
<metadata>
<codes class="bip:countries:1.0">
  <code code="INDIA">
    <editdetail attribution="Reuters BIP Coding Group" action="confirmed" date="1997-03-22"/>
  </code>
</codes>
<codes class="bip:industries:1.0">
  <code code="I22450">
    <editdetail attribution="Reuters BIP Coding Group" action="confirmed" date="1997-03-22"/>
  </code>
</codes>
<codes class="bip:topics:1.0">
  <code code="C13">
    <editdetail attribution="Reuters BIP Coding Group" action="confirmed" date="1997-03-22"/>
  </code>
  <code code="C24">
    <editdetail attribution="Reuters BIP Coding Group" action="confirmed" date="1997-03-22"/>
  </code>
  <code code="CCAT">
    <editdetail attribution="Reuters BIP Coding Group" action="confirmed" date="1997-03-22"/>
  </code>
</codes>
<dc element="dc.date.created" value="1997-03-22"/>
<dc element="dc.publisher" value="Reuters Holdings Plc"/>
<dc element="dc.date.published" value="1997-03-22"/>
<dc element="dc.source" value="Reuters"/>
<dc element="dc.creator.location" value="BHUBANESHWAR, India"/>
<dc element="dc.creator.location.country.name" value="INDIA"/>
<dc element="dc.source" value="Reuters"/>
</metadata>
</newsitem>
