<?xml version="1.0" encoding="iso-8859-1" ?>
<newsitem itemid="461731" id="root" date="1997-03-22" xml:lang="en">
<title>FRANCE: Thousands march in west France againt nuclear plant.</title>
<headline>Thousands march in west France againt nuclear plant.</headline>
<dateline>NANTES, France 1997-03-22</dateline>
<text>
<p>Several thousand people marched on Saturday in Nantes in northwest France to protest at plans to build a new nuclear power plant near the mouth of the Loire river.</p>
<p>Police said that 7,000 people took part, some carrying reeds and others with anti-nuclear symbols, in the march against the plant at Le Carnet 40 km (25 miles) from Nantes. Organisers estimated that 10,000 people attended the march.</p>
<p>The protesters, including environmentalists, unions and opposition political parties, accuse state utility Electricite de France of seeking to bulldoze through the plan to build the plant without consulting local people.</p>
<p>EDF suspended preliminary work on the site this week after earlier protests. The opposition Socialist party called the plan &quot;a serious economic and political error for France's future.&quot;</p>
<p>France produces about 75 percent of its electricity from nuclear power, one of the highest rates in the world. Most surveys show a wide acceptance of atomic power in France.</p>
</text>
<copyright>(c) Reuters Limited 1997</copyright>
<metadata>
<codes class="bip:countries:1.0">
  <code code="FRA">
    <editdetail attribution="Reuters BIP Coding Group" action="confirmed" date="1997-03-22"/>
  </code>
</codes>
<codes class="bip:industries:1.0">
  <code code="I16100">
    <editdetail attribution="Reuters BIP Coding Group" action="confirmed" date="1997-03-22"/>
  </code>
  <code code="I1610109">
    <editdetail attribution="Reuters BIP Coding Group" action="confirmed" date="1997-03-22"/>
  </code>
</codes>
<codes class="bip:topics:1.0">
  <code code="C24">
    <editdetail attribution="Reuters BIP Coding Group" action="confirmed" date="1997-03-22"/>
  </code>
  <code code="CCAT">
    <editdetail attribution="Reuters BIP Coding Group" action="confirmed" date="1997-03-22"/>
  </code>
  <code code="GCAT">
    <editdetail attribution="Reuters BIP Coding Group" action="confirmed" date="1997-03-22"/>
  </code>
  <code code="GENV">
    <editdetail attribution="Reuters BIP Coding Group" action="confirmed" date="1997-03-22"/>
  </code>
  <code code="GVIO">
    <editdetail attribution="Reuters BIP Coding Group" action="confirmed" date="1997-03-22"/>
  </code>
</codes>
<dc element="dc.date.created" value="1997-03-22"/>
<dc element="dc.publisher" value="Reuters Holdings Plc"/>
<dc element="dc.date.published" value="1997-03-22"/>
<dc element="dc.source" value="Reuters"/>
<dc element="dc.creator.location" value="NANTES, France"/>
<dc element="dc.creator.location.country.name" value="FRANCE"/>
<dc element="dc.source" value="Reuters"/>
</metadata>
</newsitem>
