<?xml version="1.0" encoding="iso-8859-1" ?>
<newsitem itemid="461760" id="root" date="1997-03-22" xml:lang="en">
<title>FRANCE: French cognac sales stagnate in 1996.</title>
<headline>French cognac sales stagnate in 1996.</headline>
<dateline>BORDEAUX 1997-03-22</dateline>
<text>
<p>French sales of cognac stagnated in 1996, with a sharp rise in exports to the United States offset by a fall in exports to some Asian nations, the Cognac Marketing Board said on Saturday.</p>
<p>Total sales were the equivalent of 147.7 million bottles, exactly matching 1995 when exports were barely affected by foreign outrage at President Jacques Chirac's decision to stage a last round of six nuclear weapons tests in the South Pacific.</p>
<p>Export to the United States, the biggest market, expanded by 17.8 percent to 27.7 million bottles in 1996. Japan was stable in second place with 18.2 million bottles with Britain in third, up 2.5 percent at 12.1 million.</p>
<p>Among other markets, sales to Russia surged 115 percent to one million bottles. In France itself, sales gained 3.8 percent to 7.2 million bottles.</p>
<p>But cognac exports to Taiwan shrank by 27.4 percent, exports to Hong Kong slumped by 26 percent and Singapore's purchases tumbled by 18.9 percent. Sales to European nations including Italy and Switzerland also fell.</p>
</text>
<copyright>(c) Reuters Limited 1997</copyright>
<metadata>
<codes class="bip:countries:1.0">
  <code code="FRA">
    <editdetail attribution="Reuters BIP Coding Group" action="confirmed" date="1997-03-22"/>
  </code>
</codes>
<codes class="bip:industries:1.0">
  <code code="I42400">
    <editdetail attribution="Reuters BIP Coding Group" action="confirmed" date="1997-03-22"/>
  </code>
</codes>
<codes class="bip:topics:1.0">
  <code code="C31">
    <editdetail attribution="Reuters BIP Coding Group" action="confirmed" date="1997-03-22"/>
  </code>
  <code code="C312">
    <editdetail attribution="Reuters BIP Coding Group" action="confirmed" date="1997-03-22"/>
  </code>
  <code code="CCAT">
    <editdetail attribution="Reuters BIP Coding Group" action="confirmed" date="1997-03-22"/>
  </code>
</codes>
<dc element="dc.date.created" value="1997-03-22"/>
<dc element="dc.publisher" value="Reuters Holdings Plc"/>
<dc element="dc.date.published" value="1997-03-22"/>
<dc element="dc.source" value="Reuters"/>
<dc element="dc.creator.location" value="BORDEAUX"/>
<dc element="dc.creator.location.country.name" value="FRANCE"/>
<dc element="dc.source" value="Reuters"/>
</metadata>
</newsitem>
