<?xml version="1.0" encoding="iso-8859-1" ?>
<newsitem itemid="461725" id="root" date="1997-03-22" xml:lang="en">
<title>FRANCE: Mobutu foes briefly occupy Zaire embassy in Paris.</title>
<headline>Mobutu foes briefly occupy Zaire embassy in Paris.</headline>
<dateline>PARIS 1997-03-22</dateline>
<text>
<p>Opponents of ailing Zairean President Mobutu Sese Seko briefly occupied Zaire's Paris embassy on Saturday and burnt a Zairean flag in support for rebels sweeping across the country, police said.</p>
<p>A group of about 50 protesters, who got in by simply ringing the doorbell of the building near the river Seine, left after about three hours. &quot;The occupants left of their own accord,&quot; a police spokesman said.</p>
<p>Police said there were no arrests over the protest against Mobutu, who flew home on Friday from the French Riviera where he had been convalescing after prostate cancer surgery.</p>
<p>About 30 people kept up a demonstration in front of the building.</p>
<p>Embassy officials put up a new Zairean flag outside the building to replace one taken down and burnt. Protesters also took off a plaque on the wall of the embassy.</p>
<p>The protesters earlier said they were starting an indefinite occupation, declaring it the embassy of Congo-Kinshasa, in a show of support for rebel leader Laurent Kabila whose forces have captured a swathe of eastern Zaire.</p>
<p>France has been the strongest foreign supporter of Mobutu, 66, during his almost 32 years in power.</p>
<p>One embassy official, contacted by telephone, said that the protesters &quot;rang the bell and we let them in. They took us by surprise...But they are not inside the embassy offices.&quot;</p>
</text>
<copyright>(c) Reuters Limited 1997</copyright>
<metadata>
<codes class="bip:countries:1.0">
  <code code="FRA">
    <editdetail attribution="Reuters BIP Coding Group" action="confirmed" date="1997-03-22"/>
  </code>
  <code code="ZAIRE">
    <editdetail attribution="Reuters BIP Coding Group" action="confirmed" date="1997-03-22"/>
  </code>
</codes>
<codes class="bip:topics:1.0">
  <code code="GCAT">
    <editdetail attribution="Reuters BIP Coding Group" action="confirmed" date="1997-03-22"/>
  </code>
  <code code="GVIO">
    <editdetail attribution="Reuters BIP Coding Group" action="confirmed" date="1997-03-22"/>
  </code>
</codes>
<dc element="dc.date.created" value="1997-03-22"/>
<dc element="dc.publisher" value="Reuters Holdings Plc"/>
<dc element="dc.date.published" value="1997-03-22"/>
<dc element="dc.source" value="Reuters"/>
<dc element="dc.creator.location" value="PARIS"/>
<dc element="dc.creator.location.country.name" value="FRANCE"/>
<dc element="dc.source" value="Reuters"/>
</metadata>
</newsitem>
