<?xml version="1.0" encoding="iso-8859-1" ?>
<newsitem itemid="461789" id="root" date="1997-03-22" xml:lang="en">
<title>INDIA: India urges state to help in wheat procurement.</title>
<headline>India urges state to help in wheat procurement.</headline>
<dateline>NEW DELHI 1997-03-22</dateline>
<text>
<p>Indian Prime Minister H.D. Deve Gowda on Saturday urged the chief minister of the agriculturally-rich Punjab province to &quot;cooperate&quot; in wheat procurement, a government spokesman said.</p>
<p>The spokesman said Deve Gowda met Prakash Singh Badal and asked to take a &quot;pragmatic approach&quot; on the issue.</p>
<p>Newspapers reported that Badal, who heads a government formed by a Sikh party with a strong following among farmers, had threatened to curb procurement if the government did not raise prices to 5.25 rupees from 4.15 rupees per kg.</p>
<p>Deve Gowda told Badal that the likely financial burden on the government and the interests of both farmers and consumers had to be kept in mind while deciding on wheat procurement prices.</p>
<p>The government buys wheat to build up its buffer stocks, which it then uses to control prices by releasing stocks through a state-run distribution system.</p>
<p>($1=35.8 rupees)</p>
<p>-- New Delhi newsroom +91-11 301 2024</p>
</text>
<copyright>(c) Reuters Limited 1997</copyright>
<metadata>
<codes class="bip:countries:1.0">
  <code code="INDIA">
    <editdetail attribution="Reuters BIP Coding Group" action="confirmed" date="1997-03-22"/>
  </code>
</codes>
<codes class="bip:industries:1.0">
  <code code="I01001">
    <editdetail attribution="Reuters BIP Coding Group" action="confirmed" date="1997-03-22"/>
  </code>
  <code code="I0100132">
    <editdetail attribution="Reuters BIP Coding Group" action="confirmed" date="1997-03-22"/>
  </code>
</codes>
<codes class="bip:topics:1.0">
  <code code="C13">
    <editdetail attribution="Reuters BIP Coding Group" action="confirmed" date="1997-03-22"/>
  </code>
  <code code="CCAT">
    <editdetail attribution="Reuters BIP Coding Group" action="confirmed" date="1997-03-22"/>
  </code>
  <code code="M14">
    <editdetail attribution="Reuters BIP Coding Group" action="confirmed" date="1997-03-22"/>
  </code>
  <code code="M141">
    <editdetail attribution="Reuters BIP Coding Group" action="confirmed" date="1997-03-22"/>
  </code>
  <code code="MCAT">
    <editdetail attribution="Reuters BIP Coding Group" action="confirmed" date="1997-03-22"/>
  </code>
</codes>
<dc element="dc.date.created" value="1997-03-22"/>
<dc element="dc.publisher" value="Reuters Holdings Plc"/>
<dc element="dc.date.published" value="1997-03-22"/>
<dc element="dc.source" value="Reuters"/>
<dc element="dc.creator.location" value="NEW DELHI"/>
<dc element="dc.creator.location.country.name" value="INDIA"/>
<dc element="dc.source" value="Reuters"/>
</metadata>
</newsitem>
