<?xml version="1.0" encoding="iso-8859-1" ?>
<newsitem itemid="461743" id="root" date="1997-03-22" xml:lang="en">
<title>ITALY: Italy budget to avoid health, pension cuts -press.</title>
<headline>Italy budget to avoid health, pension cuts -press.</headline>
<dateline>ROME 1997-03-21</dateline>
<text>
<p>The forthcoming Italian mini-budget will avoid any cuts to health or pensions spending and will be largely based on accounting changes, Italian newspapers reported on Saturday.</p>
<p>Prime Minister Romano Prodi's government said on Friday that the package, to be unveiled by the end of the month, would cut between 15-16 trillion lire from the public administration deficit to contain an expected overshoot in 1997 spending.</p>
<p>Financial daily Il Sole 24 Ore said some six trillion lire of this money would be raised by transferring severance payment funds out of companies' accounts and into state coffers. Other dailies said this measure would raise up to seven trillion lire.</p>
<p>Quoting informed sources at the finance ministry, Il Sole said the government would not hike taxes but was planning to accelerate tax payments as well as introduce a fresh crackdown against fiscal fraud.</p>
<p>These measures would raise 4.5 trillion lire, it said.</p>
<p>Other newspapers said the government was still considering increasing value added tax on certain goods.</p>
<p>Most papers reported that plans to impose a one-off tax on people who took early retirement and the introduction of new charges for certain hospital treatment, had both been dropped.</p>
<p>Communist Refoundation, which holds the balance of power in the lower house of parliament, has repeatedly said it will block any new taxes or cuts to welfare spending.</p>
<p>La Stampa newspaper said that Refoundation &quot;would probably accept&quot; the new budget plans.</p>
<p>&quot;It is less certain that (Bank of Italy) governor Antonio Fazio will feel sufficiently re-assured to lower the discount rate,&quot; the Turin-based daily said.</p>
<p>Other money might be raised by blocking the transfer of funds to state organisations, such as the post office and state railways, and also cutting back on transfers to the regions.</p>
<p>The Treasury said it would introduce corrective budget measures after latest first quarter data pointed to the deficit ballooning to 76 trillion lire, or 3.8 percent of gross domestic product (GDP), in 1997.</p>
<p>The government has pledged to bring the deficit/GDP ratio down to three percent this year to meet one of the criteria laid down in the Maastricht treaty for countries wishing to sign up to the planned single European currency.</p>
<p>The mini-budget is expected to be unveiled next Thursday or Friday.</p>
<p>-- Rome newsroom +396 6782501</p>
</text>
<copyright>(c) Reuters Limited 1997</copyright>
<metadata>
<codes class="bip:countries:1.0">
  <code code="ITALY">
    <editdetail attribution="Reuters BIP Coding Group" action="confirmed" date="1997-03-22"/>
  </code>
</codes>
<codes class="bip:topics:1.0">
  <code code="E21">
    <editdetail attribution="Reuters BIP Coding Group" action="confirmed" date="1997-03-22"/>
  </code>
  <code code="E211">
    <editdetail attribution="Reuters BIP Coding Group" action="confirmed" date="1997-03-22"/>
  </code>
  <code code="ECAT">
    <editdetail attribution="Reuters BIP Coding Group" action="confirmed" date="1997-03-22"/>
  </code>
  <code code="GCAT">
    <editdetail attribution="Reuters BIP Coding Group" action="confirmed" date="1997-03-22"/>
  </code>
  <code code="GHEA">
    <editdetail attribution="Reuters BIP Coding Group" action="confirmed" date="1997-03-22"/>
  </code>
  <code code="GPOL">
    <editdetail attribution="Reuters BIP Coding Group" action="confirmed" date="1997-03-22"/>
  </code>
  <code code="GWELF">
    <editdetail attribution="Reuters BIP Coding Group" action="confirmed" date="1997-03-22"/>
  </code>
</codes>
<dc element="dc.date.created" value="1997-03-21"/>
<dc element="dc.publisher" value="Reuters Holdings Plc"/>
<dc element="dc.date.published" value="1997-03-22"/>
<dc element="dc.source" value="Reuters"/>
<dc element="dc.creator.location" value="ROME"/>
<dc element="dc.creator.location.country.name" value="ITALY"/>
<dc element="dc.source" value="Reuters"/>
</metadata>
</newsitem>
