<?xml version="1.0" encoding="iso-8859-1" ?>
<newsitem itemid="461713" id="root" date="1997-03-22" xml:lang="en">
<title>USA: U.S. budget deficit narrows slightly in February.</title>
<headline>U.S. budget deficit narrows slightly in February.</headline>
<dateline>WASHINGTON 1997-03-21</dateline>
<text>
<p>The government's spending deficit narrowed slightly to $44.01 billion in February from a year earlier as a strong economy generated healthy revenues, the Treasury Department said Friday.</p>
<p>The monthly shortfall between spending and income was 0.8 percent lower in February this year than in February 1996 when it was $44.35 billion.</p>
<p>February's deficit followed a $13.36 billion surplus in January -- typically a surplus month as year-end revenues from corporations and payments from individuals who pay their taxes on a quarterly basis flow into the government's coffers.</p>
<p>Total revenues from taxes as well as from fees and other sources rose to $90.29 billion in February from $89.43 billion a year earlier. In January this year, revenues were $150.72 billion.</p>
<p>Spending on all types of government programmes in February totalled $134.30 billion, down from $137.35 billion in January but up from $133.78 billion in February 1996.</p>
<p>During the first five months of fiscal 1997 that ends on Sept. 30, the cumulative budget deficit was up 11.6 percent to $89.96 billion from $80.64 billion in the comparable first five months of fiscal 1996.</p>
<p>The Clinton administration is forecasting that the deficit for the full 1997 fiscal year will rise to $125.59 billion from a shortfall of $106.99 billion in fiscal 1996.</p>
<p>Congress and the White House are trying to get talks going about the administration's proposed fiscal 1998 budget. The congressional side is led by Senate Budget Comittee Chairman Pete Domenici, a New Mexico Republican who has threatened to bring up his own budget plan with steep spending cuts and no tax cut unless negotiations start soon.</p>
<p>Republicans say President Bill Clinton's budget proposal is flawed and would result in a $69 billion deficit in 2002, the year the president said it would balance. They have also protested Clinton's &quot;unwillingness&quot; to address the consumer price index issue as an obstacle to serious budget negotiations.</p>
</text>
<copyright>(c) Reuters Limited 1997</copyright>
<metadata>
<codes class="bip:countries:1.0">
  <code code="USA">
    <editdetail attribution="Reuters BIP Coding Group" action="confirmed" date="1997-03-22"/>
  </code>
</codes>
<codes class="bip:topics:1.0">
  <code code="E21">
    <editdetail attribution="Reuters BIP Coding Group" action="confirmed" date="1997-03-22"/>
  </code>
  <code code="E211">
    <editdetail attribution="Reuters BIP Coding Group" action="confirmed" date="1997-03-22"/>
  </code>
  <code code="ECAT">
    <editdetail attribution="Reuters BIP Coding Group" action="confirmed" date="1997-03-22"/>
  </code>
</codes>
<dc element="dc.date.created" value="1997-03-21"/>
<dc element="dc.publisher" value="Reuters Holdings Plc"/>
<dc element="dc.date.published" value="1997-03-22"/>
<dc element="dc.source" value="Reuters"/>
<dc element="dc.creator.location" value="WASHINGTON"/>
<dc element="dc.creator.location.country.name" value="USA"/>
<dc element="dc.source" value="Reuters"/>
</metadata>
</newsitem>
