<?xml version="1.0" encoding="iso-8859-1" ?>
<newsitem itemid="461784" id="root" date="1997-03-22" xml:lang="en">
<title>BANGLADESH: PRESS DIGEST - Bangladesh Newspapers - March 22.</title>
<headline>PRESS DIGEST - Bangladesh Newspapers - March 22.</headline>
<text>
<p>These are some of the leading stories in the Bangladesh press on Saturday. Reuters has not verified these stories and does not vouch for their accuracy.</p>
<p>---</p>
<p>THE DAILY STAR</p>
<p>The visiting Commonwealth Secretary General Chief Emeka Anyaoku on Friday said in Dhaka efforts were on to establish a South Asian Fund worth 200 million pound sterling, and requested Bangladesh to contribute to it.</p>
<p>Prime Minister Sheikh Hasina leaves for Pakistan on Saturday to attend an extraordinary summit of the Organisation of Islamic Conference (OIC) in Islamabad on Sunday.</p>
<p>---</p>
<p>THE INDEPENDENT</p>
<p>Prime Minister Sheikh Hasina has asked his party leaders to remain vigilant against &quot;subversive&quot; activities across the country.</p>
<p>Opposition BNP leader and former Prime Minister Begum Khaleda Zia on Friday termed the Ganges water sharing treaty with India a &quot;bluff&quot; and said the flow of the Ganges was less than the last year.</p>
<p>---</p>
<p>BANGLADESH OBSERVER</p>
<p>Ruling Awami League on Friday lashed at the oposition Bangladesh Nationalist Party (BNP) for calling strike on Sunday, alleging that the party was trying to create anarchy in the country.</p>
<p>Garments mufacturers and exporters on Friday appealed to the opposition to call off the strike on Sunday for the sake of the industry.</p>
<p>---</p>
<p>FINANCIAL EXPRESS</p>
<p>A deep sea port will be established 15 kilometres off Chittagong port.</p>
<p>Work on the country's first private sector Export Processing Zone on 170 acres of land in Chittagong will start in mid-April.</p>
</text>
<copyright>(c) Reuters Limited 1997</copyright>
<metadata>
<codes class="bip:countries:1.0">
  <code code="BANDH">
    <editdetail attribution="Reuters BIP Coding Group" action="confirmed" date="1997-03-22"/>
  </code>
</codes>
<codes class="bip:topics:1.0">
  <code code="GCAT">
    <editdetail attribution="Reuters BIP Coding Group" action="confirmed" date="1997-03-22"/>
  </code>
</codes>
<dc element="dc.publisher" value="Reuters Holdings Plc"/>
<dc element="dc.date.published" value="1997-03-22"/>
<dc element="dc.source" value="Reuters"/>
<dc element="dc.creator.location.country.name" value="BANGLADESH"/>
<dc element="dc.source" value="Reuters"/>
</metadata>
</newsitem>
