<?xml version="1.0" encoding="iso-8859-1" ?>
<newsitem itemid="461712" id="root" date="1997-03-22" xml:lang="en">
<title>USA: Indosat at 27-1/8 in New York on Friday.</title>
<headline>Indosat at 27-1/8 in New York on Friday.</headline>
<dateline>NEW YORK 1997-03-21</dateline>
<text>
<p>PT Indonesian Satellite Corporation (Indosat) closed at 27-1/8 in New York on Friday. It recorded the day's low of 27 and the day's high of 27-1/8.</p>
<p>Volume was 75,600 American Depository Shares. Block volume was 52,800. Its previous close on Thursday was 27-1/8.</p>
<p>One ADS represents 10 common shares.</p>
<p>-- Jakarta newsroom (Tel: 6221-3846364).</p>
</text>
<copyright>(c) Reuters Limited 1997</copyright>
<metadata>
<codes class="bip:countries:1.0">
  <code code="INDON">
    <editdetail attribution="Reuters BIP Coding Group" action="confirmed" date="1997-03-22"/>
  </code>
  <code code="USA">
    <editdetail attribution="Reuters BIP Coding Group" action="confirmed" date="1997-03-22"/>
  </code>
</codes>
<codes class="bip:industries:1.0">
  <code code="I79020">
    <editdetail attribution="Reuters BIP Coding Group" action="confirmed" date="1997-03-22"/>
  </code>
</codes>
<codes class="bip:topics:1.0">
  <code code="C15">
    <editdetail attribution="Reuters BIP Coding Group" action="confirmed" date="1997-03-22"/>
  </code>
  <code code="C152">
    <editdetail attribution="Reuters BIP Coding Group" action="confirmed" date="1997-03-22"/>
  </code>
  <code code="CCAT">
    <editdetail attribution="Reuters BIP Coding Group" action="confirmed" date="1997-03-22"/>
  </code>
</codes>
<dc element="dc.date.created" value="1997-03-21"/>
<dc element="dc.publisher" value="Reuters Holdings Plc"/>
<dc element="dc.date.published" value="1997-03-22"/>
<dc element="dc.source" value="Reuters"/>
<dc element="dc.creator.location" value="NEW YORK"/>
<dc element="dc.creator.location.country.name" value="USA"/>
<dc element="dc.source" value="Reuters"/>
</metadata>
</newsitem>
