<?xml version="1.0" encoding="iso-8859-1" ?>
<newsitem itemid="461739" id="root" date="1997-03-22" xml:lang="en">
<title>ITALY: Italy govt mulls Eni sell-off bond - report.</title>
<headline>Italy govt mulls Eni sell-off bond - report.</headline>
<dateline>ROME 1997-03-22</dateline>
<text>
<p>Italy is considering bringing forward the sale of a third tranche of stock in energy group Eni and placing the shares by means of a privatisation bond, newspaper Corriere della Sera said on Saturday.</p>
<p>Treasury Minister Carlo Azeglio Ciampi said recently that the third Eni tranche would be sold off this autumn, but in an unsourced article, Corriere said the government was considering holding the sale &quot;in the very near future&quot;.</p>
<p>It said the Treasury was pondering issuing bonds convertable into Eni stock. Ciampi used the same mechanism last year for the successful sale of shares in insurance group INA.</p>
<p>The Treasury holds just under 70 percent of Eni and is not expected to relinquish its majority stake in any third tranche offering. The second tranche placement, executed through a regular public offering, was completed October.</p>
<p>-- Rome newsroom +396 6782501</p>
</text>
<copyright>(c) Reuters Limited 1997</copyright>
<metadata>
<codes class="bip:countries:1.0">
  <code code="ITALY">
    <editdetail attribution="Reuters BIP Coding Group" action="confirmed" date="1997-03-22"/>
  </code>
</codes>
<codes class="bip:industries:1.0">
  <code code="I13000">
    <editdetail attribution="Reuters BIP Coding Group" action="confirmed" date="1997-03-22"/>
  </code>
</codes>
<codes class="bip:topics:1.0">
  <code code="C17">
    <editdetail attribution="Reuters BIP Coding Group" action="confirmed" date="1997-03-22"/>
  </code>
  <code code="C172">
    <editdetail attribution="Reuters BIP Coding Group" action="confirmed" date="1997-03-22"/>
  </code>
  <code code="C18">
    <editdetail attribution="Reuters BIP Coding Group" action="confirmed" date="1997-03-22"/>
  </code>
  <code code="C183">
    <editdetail attribution="Reuters BIP Coding Group" action="confirmed" date="1997-03-22"/>
  </code>
  <code code="CCAT">
    <editdetail attribution="Reuters BIP Coding Group" action="confirmed" date="1997-03-22"/>
  </code>
</codes>
<dc element="dc.date.created" value="1997-03-22"/>
<dc element="dc.publisher" value="Reuters Holdings Plc"/>
<dc element="dc.date.published" value="1997-03-22"/>
<dc element="dc.source" value="Reuters"/>
<dc element="dc.creator.location" value="ROME"/>
<dc element="dc.creator.location.country.name" value="ITALY"/>
<dc element="dc.source" value="Reuters"/>
</metadata>
</newsitem>
