<?xml version="1.0" encoding="iso-8859-1" ?>
<newsitem itemid="461797" id="root" date="1997-03-22" xml:lang="en">
<title>PAKISTAN: Kashmiris stage protest on eve of Islamic summit.</title>
<headline>Kashmiris stage protest on eve of Islamic summit.</headline>
<dateline>ISLAMABAD 1997-03-22</dateline>
<text>
<p>About 100 Kashmiri separatists staged a protest on Saturday on the airport road used by Islamic leaders arriving for a summit in Islamabad.</p>
<p>Witnesses said the demonstrators, watched by two policemen armed with batons, carried large banners reading &quot;Kashmir for the Kashmiris&quot; to back their demand for an independent state.</p>
<p>The Jammu Kashmir Liberation Front (JKLF), which organised the protest, urged the Organisation of Islamic Conference (OIC) to support what it called the Kashmiri struggle for freedom.</p>
<p>The JKLF wants a separate state in the disputed Himalayan region, of which India now controls two thirds and Pakistan the rest, and says Kashmiris must decide their own future.</p>
<p>India says Kashmir is an integral part of the Indian union, while Pakistan wants mainly Moslem Kashmiris to be allowed to vote whether to join Islamic Pakistan or Hindu-majority India.</p>
<p>The top officials of the Indian and Pakistan foreign ministries are due to meet in New Delhi from March 28 to 31 to renew a dialogue that stalled over the Kashmir issue in 1994.</p>
<p>The OIC is holding an extraordinary summit on Sunday as part of Pakistan's golden jubilee, marking 50 years of independence since it emerged from the partition of British India in 1947.</p>
</text>
<copyright>(c) Reuters Limited 1997</copyright>
<metadata>
<codes class="bip:countries:1.0">
  <code code="INDIA">
    <editdetail attribution="Reuters BIP Coding Group" action="confirmed" date="1997-03-22"/>
  </code>
  <code code="ISLAM">
    <editdetail attribution="Reuters BIP Coding Group" action="confirmed" date="1997-03-22"/>
  </code>
  <code code="PAKIS">
    <editdetail attribution="Reuters BIP Coding Group" action="confirmed" date="1997-03-22"/>
  </code>
</codes>
<codes class="bip:topics:1.0">
  <code code="GCAT">
    <editdetail attribution="Reuters BIP Coding Group" action="confirmed" date="1997-03-22"/>
  </code>
  <code code="GDIP">
    <editdetail attribution="Reuters BIP Coding Group" action="confirmed" date="1997-03-22"/>
  </code>
  <code code="GVIO">
    <editdetail attribution="Reuters BIP Coding Group" action="confirmed" date="1997-03-22"/>
  </code>
</codes>
<dc element="dc.date.created" value="1997-03-22"/>
<dc element="dc.publisher" value="Reuters Holdings Plc"/>
<dc element="dc.date.published" value="1997-03-22"/>
<dc element="dc.source" value="Reuters"/>
<dc element="dc.creator.location" value="ISLAMABAD"/>
<dc element="dc.creator.location.country.name" value="PAKISTAN"/>
<dc element="dc.source" value="Reuters"/>
</metadata>
</newsitem>
