<?xml version="1.0" encoding="iso-8859-1" ?>
<newsitem itemid="461744" id="root" date="1997-03-22" xml:lang="en">
<title>FRANCE: South Africa's Mbeki to visit Mobutu in Kinshasa.</title>
<headline>South Africa's Mbeki to visit Mobutu in Kinshasa.</headline>
<dateline>NICE, France 1997-03-22</dateline>
<text>
<p>South African Deputy President Thabo Mbeki plans to visit Zairean President Mobutu Sese Seko in Kinshasa on Sunday for talks on the rebellion in eastern Zaire, an aide to Mobutu said on Saturday.</p>
<p>Mbeki attended a summit of African leaders in Nairobi on Wednesday that called for an immediate ceasefire in Africa's third largest country. The meeting would probably take place in Kinshasa in the afternoon, the aide said.</p>
<p>Mobutu returned home to Kinshasa on Friday from a mansion on the French Riviera near Nice, where he had been convalescing after prostate cancer surgery last year.</p>
</text>
<copyright>(c) Reuters Limited 1997</copyright>
<metadata>
<codes class="bip:countries:1.0">
  <code code="KENYA">
    <editdetail attribution="Reuters BIP Coding Group" action="confirmed" date="1997-03-22"/>
  </code>
  <code code="SAFR">
    <editdetail attribution="Reuters BIP Coding Group" action="confirmed" date="1997-03-22"/>
  </code>
  <code code="ZAIRE">
    <editdetail attribution="Reuters BIP Coding Group" action="confirmed" date="1997-03-22"/>
  </code>
</codes>
<codes class="bip:topics:1.0">
  <code code="GCAT">
    <editdetail attribution="Reuters BIP Coding Group" action="confirmed" date="1997-03-22"/>
  </code>
  <code code="GDIP">
    <editdetail attribution="Reuters BIP Coding Group" action="confirmed" date="1997-03-22"/>
  </code>
</codes>
<dc element="dc.date.created" value="1997-03-22"/>
<dc element="dc.publisher" value="Reuters Holdings Plc"/>
<dc element="dc.date.published" value="1997-03-22"/>
<dc element="dc.source" value="Reuters"/>
<dc element="dc.creator.location" value="NICE, France"/>
<dc element="dc.creator.location.country.name" value="FRANCE"/>
<dc element="dc.source" value="Reuters"/>
</metadata>
</newsitem>
