<?xml version="1.0" encoding="iso-8859-1" ?>
<newsitem itemid="461785" id="root" date="1997-03-22" xml:lang="en">
<title>PAKISTAN: Pakistan key economic indicators - March 22.</title>
<headline>Pakistan key economic indicators - March 22.</headline>
<text>
<p>============ DAILY INDICATORS ============</p>
<p>					 FRIDAY	     PREVIOUS</p>
<p>Rupee/US $ (inter-bank)	  40.3607	    40.3607</p>
<p>SBP Reference Rate (Rs/$)	40.3206	    40.3206</p>
<p>Rupee/US $ (kerb market)	 41.15		41.15</p>
<p>Karachi 100-share index	  1,582.28	   1,582.28</p>
<p>Call money rate		    7.00 pct	   19.50 pct</p>
<p>Gold (Karachi) Rs/10 gm	  4,715		4,732</p>
<p>Silver .999 (Rs/kg)		7,715		7,715</p>
<p>Short-term Federal Bonds Data</p>
<p>  Maturity Yield Per Annum     16.45 pct	  16.50 pct</p>
<p>Sovereign Bond Data</p>
<p>  ISMA Closing		     103.13/104.25    103.13/104.25</p>
<p>  Maturity Yield Per Annum     10.161	     10.162</p>
<p>  Maturity Yield Semi-Annual    9.915	     9.916</p>
<p>Floating Rate Note Data</p>
<p>  ISMA Closing		     98.13/99.13	N.A.</p>
<p>  Accrued Interest		 1.877	     1.856</p>
<p>			   -------------**************-------------</p>
<p>WEEKLY</p>
<p>					 March 15   March 8    YEAR-AGO</p>
<p>  Forex reserves    (SBP)	$1.808bln  $1.711bln  $2.046bln</p>
<p>  Forex within  Pak (SBP)	$0.636bln  $0.745bln  $0.884bln</p>
<p>  Forex outside Pak (SBP)	$0.493bln  $0.288bln  $0.453bln</p>
<p>  Gold, SDRs	  (SBP)	$0.676bln  $0.676bln  $0.701bln</p>
<p>			   -------------**************-------------</p>
<p>MONTHLY</p>
<p>						CURRENT	   YEAR-AGO</p>
<p>Growth in:</p>
<p>  Consumer price index  (FBS) FEB   11.10 pct	 9.76  pct</p>
<p>  Wholesale price index (FBS) FEB   12.26 pct	 N.A.</p>
<p>  M2 yr-on-yr	     (SBP) JUN   16.6 pct	  16.9  pct</p>
<p> Forex reserves	   (SBP) FEB   $1.679bln	 $2.048bln</p>
<p>  Forex within  Pak     (SBP) FEB   $0.521bln	 $1.048bln</p>
<p>  Forex outside Pak     (SBP) FEB   $0.480bln	 $0.288bln</p>
<p>  Gold, SDRs		(SBP) FEB   $0.678bln	 $0.712bln</p>
<p> Trade Balance	    (FBS) FEB  -$207  million	-$264  million</p>
<p>  Exports		   (FBS) FEB   $639  million	 $718  million</p>
<p>  Imports		   (FBS) FEB   $846  million	 $982  million</p>
<p>			   --------------*************--------------</p>
<p>    ANNUAL (State Bank of Pakistan)  1995/96	  1994/95</p>
<p> Population (millions)		   131.45	    127.75</p>
<p> Per capita income (market prices) Rs4,828**	  Rs4,697</p>
<p> External debt			    $28.6bln*	  $27.07bln</p>
<p> Debt service ratio			52.2*	     55.7</p>
<p> Real GDP growth (pct)		   6.1		  4.4</p>
<p> Fiscal deficit (pct of GDP)	   6.3		  5.5</p>
<p> Trade balance (July/June)	   -$3.666bln**     -$2.537bln</p>
<p>  Exports				   $8.3 bln**	 $7.759bln</p>
<p>  Imports				   $11.966bln**     $10.296bln</p>
<p> Current a/c balance (July/June)   -$4.244bln**     -$2.163bln</p>
<p> As pct of GDP			    6.6**		3.6</p>
<p> Industrial production (1980-81=100) 245.7*	     238.3</p>
<p> index (pct growth)			6.1		  2.9</p>
<p> Agricultural production (1959=100)  167		  152</p>
<p> index (pct growth)			6.74		 4.67</p>
<p>*  = estimate</p>
<p>** = provisional</p>
<p>SBP= State (central) Bank of Pakistan</p>
<p>FBS= Federal Bureau of Statistics</p>
<p>N.A.= Not available</p>
<p>-- Karachi newsroom 9221-5685192</p>
</text>
<copyright>(c) Reuters Limited 1997</copyright>
<metadata>
<codes class="bip:countries:1.0">
  <code code="PAKIS">
    <editdetail attribution="Reuters BIP Coding Group" action="confirmed" date="1997-03-22"/>
  </code>
</codes>
<codes class="bip:topics:1.0">
  <code code="E71">
    <editdetail attribution="Reuters BIP Coding Group" action="confirmed" date="1997-03-22"/>
  </code>
  <code code="ECAT">
    <editdetail attribution="Reuters BIP Coding Group" action="confirmed" date="1997-03-22"/>
  </code>
</codes>
<dc element="dc.publisher" value="Reuters Holdings Plc"/>
<dc element="dc.date.published" value="1997-03-22"/>
<dc element="dc.source" value="Reuters"/>
<dc element="dc.creator.location.country.name" value="PAKISTAN"/>
<dc element="dc.source" value="Reuters"/>
</metadata>
</newsitem>
