<?xml version="1.0" encoding="iso-8859-1" ?>
<newsitem itemid="461788" id="root" date="1997-03-22" xml:lang="en">
<title>PAKISTAN: Pakistan bank gets 1.55 bln rupees in operation.</title>
<headline>Pakistan bank gets 1.55 bln rupees in operation.</headline>
<dateline>KARACHI, Pakistan 1997-03-22</dateline>
<text>
<p>The State (central) Bank of Pakistan said it had accepted 1.55 billion rupees in a special open market operation in Short-Term Federal Bonds on Saturday.</p>
<p>			    Offered    Accepted    Max cut-off</p>
<p>Outright sale	   1.55 bln   1,550 million   16.75 pct/yr</p>
<p>Three-month	     Nil	  Nil	   Nil</p>
<p>One-month		 Nil	  Nil	   Nil</p>
<p>($1=40.22 rupees)</p>
<p>-- Amir Zia 9221-5685192</p>
</text>
<copyright>(c) Reuters Limited 1997</copyright>
<metadata>
<codes class="bip:countries:1.0">
  <code code="PAKIS">
    <editdetail attribution="Reuters BIP Coding Group" action="confirmed" date="1997-03-22"/>
  </code>
</codes>
<codes class="bip:topics:1.0">
  <code code="E12">
    <editdetail attribution="Reuters BIP Coding Group" action="confirmed" date="1997-03-22"/>
  </code>
  <code code="ECAT">
    <editdetail attribution="Reuters BIP Coding Group" action="confirmed" date="1997-03-22"/>
  </code>
  <code code="M13">
    <editdetail attribution="Reuters BIP Coding Group" action="confirmed" date="1997-03-22"/>
  </code>
  <code code="M131">
    <editdetail attribution="Reuters BIP Coding Group" action="confirmed" date="1997-03-22"/>
  </code>
  <code code="MCAT">
    <editdetail attribution="Reuters BIP Coding Group" action="confirmed" date="1997-03-22"/>
  </code>
</codes>
<dc element="dc.date.created" value="1997-03-22"/>
<dc element="dc.publisher" value="Reuters Holdings Plc"/>
<dc element="dc.date.published" value="1997-03-22"/>
<dc element="dc.source" value="Reuters"/>
<dc element="dc.creator.location" value="KARACHI, Pakistan"/>
<dc element="dc.creator.location.country.name" value="PAKISTAN"/>
<dc element="dc.source" value="Reuters"/>
</metadata>
</newsitem>
