<?xml version="1.0" encoding="iso-8859-1" ?>
<newsitem itemid="461747" id="root" date="1997-03-22" xml:lang="en">
<title>SWEDEN: Sweden's Wallenberg denies Nazi gold deals -paper.</title>
<headline>Sweden's Wallenberg denies Nazi gold deals -paper.</headline>
<dateline>STOCKHOLM 1997-03-22</dateline>
<text>
<p>Swedish financer Jacob Wallenberg denied his family handled Nazi gold during World War Two, Metro newspaper reported on Saturday.</p>
<p>&quot;There is no proof of any connection between what we worked with and property stolen from, for example, Jewish families,&quot; he told the paper.</p>
<p>Wallenberg, who has been nominated as new chief executive of bank S-E-Banken, invited a government commission looking into Nazi gold to search family archives, Metro said.</p>
<p>&quot;We have nothing to hide,&quot; he was quoted as saying. &quot;On the contrary. We try to help in any practical way possible.&quot;</p>
<p>He said the family had not found anything in the archives that supported allegations the Wallenbergs had traded with Nazi gold, the newspaper said.</p>
<p>&quot;We ran commercial operations during the war, but so did others,&quot; he was quoted as saying.</p>
<p>&quot;Regarding these accusations about trading with stolen gold, these are allegations. These allegations in the Swedish media have been turned into fact, which I find appalling.&quot;</p>
<p>Central and commercial banks in several European countries have been examining their archives after widespread accusations that Switzerland profited during the War from its dealings in gold and other assets belonging to Holocaust victims.</p>
</text>
<copyright>(c) Reuters Limited 1997</copyright>
<metadata>
<codes class="bip:countries:1.0">
  <code code="GFR">
    <editdetail attribution="Reuters BIP Coding Group" action="confirmed" date="1997-03-22"/>
  </code>
  <code code="SWED">
    <editdetail attribution="Reuters BIP Coding Group" action="confirmed" date="1997-03-22"/>
  </code>
</codes>
<codes class="bip:industries:1.0">
  <code code="I81402">
    <editdetail attribution="Reuters BIP Coding Group" action="confirmed" date="1997-03-22"/>
  </code>
</codes>
<codes class="bip:topics:1.0">
  <code code="C41">
    <editdetail attribution="Reuters BIP Coding Group" action="confirmed" date="1997-03-22"/>
  </code>
  <code code="CCAT">
    <editdetail attribution="Reuters BIP Coding Group" action="confirmed" date="1997-03-22"/>
  </code>
  <code code="GCAT">
    <editdetail attribution="Reuters BIP Coding Group" action="confirmed" date="1997-03-22"/>
  </code>
  <code code="GCRIM">
    <editdetail attribution="Reuters BIP Coding Group" action="confirmed" date="1997-03-22"/>
  </code>
</codes>
<dc element="dc.date.created" value="1997-03-22"/>
<dc element="dc.publisher" value="Reuters Holdings Plc"/>
<dc element="dc.date.published" value="1997-03-22"/>
<dc element="dc.source" value="Reuters"/>
<dc element="dc.creator.location" value="STOCKHOLM"/>
<dc element="dc.creator.location.country.name" value="SWEDEN"/>
<dc element="dc.source" value="Reuters"/>
</metadata>
</newsitem>
