<?xml version="1.0" encoding="iso-8859-1" ?>
<newsitem itemid="461721" id="root" date="1997-03-22" xml:lang="en">
<title>BELGIUM: Belgium to send troops for Zaire evacuation.</title>
<headline>Belgium to send troops for Zaire evacuation.</headline>
<byline>Geert De Clercq</byline>
<dateline>BRUSSELS 1997-03-22</dateline>
<text>
<p>Belgium plans to send troops to states bordering Zaire for a possible evacuation of Belgians from its troubled former colony, a government official said on Saturday.</p>
<p>The troops will probably be sent to Brazzaville, the capital of Congo, which lies just across the Zaire river from the Zairean capital Kinshasa, he said.</p>
<p>BRTN television said 20 paratroopers would initially be sent to Brazzaville, while 15 would be sent to guard the Belgian embassy in Kinshasa.</p>
<p>&quot;We soon want to have a unit in place for a reconnaissance mission,&quot; the official said, adding that Belgium urged all its nationals to leave Zaire as soon as possible.</p>
<p>Belgian media have estimated the number of Europeans in the Zairean capital at about 7,000, including fewer than 3,000 Belgians and about 1,000 French.</p>
<p>On Thursday, France sent extra troops to states neighbouring Zaire, including 90 to Brazzaville, in preparation for a possible evacuation of its citizens.</p>
<p>Zaire is in deep crisis. Longtime ruler President Mobutu Sese Seko, 66, is gravely ill with cancer and rebels led by Laurent Kabila have seized about a fifth of the sprawling central African country.</p>
<p>Since giving Zaire independence in 1960, Belgium has repeatedly sent troops to evacuate nationals during the many crises of Mobutu's regime, most recently in 1993, when 650 paratroopers evacuated nationals from a Kinshasa overrun by rioting Zairean soldiers.</p>
<p>While Belgium cut diplomatic ties with Mobutu in 1990, economic ties with the former colony remain strong, with many Belgian companies active in banking, mining, textile, brewing and cattle-growing.</p>
<p>Analysts say Belgium is well positioned to play a strong role in a post-Mobutu Zaire. Unlike France, which has backed Mobutu after he lost virtually all other Western support, Belgium has distanced itself from his iron-fisted regime.</p>
<p>So far, Belgium has started no official diplomatic relations with new strongman Kabila but has called him a force to be reckoned with.</p>
<p>Most Zairean opposition groups, notably Etienne Tshisekedi's UDPS party, have representations in Brussels.</p>
</text>
<copyright>(c) Reuters Limited 1997</copyright>
<metadata>
<codes class="bip:countries:1.0">
  <code code="BELG">
    <editdetail attribution="Reuters BIP Coding Group" action="confirmed" date="1997-03-22"/>
  </code>
  <code code="CONGO">
    <editdetail attribution="Reuters BIP Coding Group" action="confirmed" date="1997-03-22"/>
  </code>
  <code code="ZAIRE">
    <editdetail attribution="Reuters BIP Coding Group" action="confirmed" date="1997-03-22"/>
  </code>
</codes>
<codes class="bip:topics:1.0">
  <code code="GCAT">
    <editdetail attribution="Reuters BIP Coding Group" action="confirmed" date="1997-03-22"/>
  </code>
  <code code="GDIP">
    <editdetail attribution="Reuters BIP Coding Group" action="confirmed" date="1997-03-22"/>
  </code>
  <code code="GVIO">
    <editdetail attribution="Reuters BIP Coding Group" action="confirmed" date="1997-03-22"/>
  </code>
</codes>
<dc element="dc.date.created" value="1997-03-22"/>
<dc element="dc.publisher" value="Reuters Holdings Plc"/>
<dc element="dc.date.published" value="1997-03-22"/>
<dc element="dc.source" value="Reuters"/>
<dc element="dc.creator.location" value="BRUSSELS"/>
<dc element="dc.creator.location.country.name" value="BELGIUM"/>
<dc element="dc.source" value="Reuters"/>
</metadata>
</newsitem>
