<?xml version="1.0" encoding="iso-8859-1" ?>
<newsitem itemid="461745" id="root" date="1997-03-22" xml:lang="en">
<title>GERMANY: Porsche says may consider Europe, U.S. plant sites.</title>
<headline>Porsche says may consider Europe, U.S. plant sites.</headline>
<dateline>HAMBURG, Germany 1997-03-22</dateline>
<text>
<p>The chief executive of German luxury carmaker Porsche AG said on Saturday he saw good chances to build another production location in Europe but also possibly in the United States.</p>
<p>Porsche chief executive Wendelin Wiedking also told Germany's Welt am Sonntag newspaper that the Stuttgart-based carmaker would be forced to reduce its temporary workforce in Germany in order to secure the long-term jobs of its workforce.</p>
<p>&quot;The United States is the largest export market for us and the acceptance by Americans to buy products made in their country is very large,&quot; Wiedeking said in discussing whether Porsche may consider America for a new production plant.</p>
<p>Porsche has seen strong demand for its Boxster roadster, which was first introduced last autumn, and signed a deal with Finland's Valmet Oy to assemble some of the Boxsters after Porsche decided not to expand German-based production.</p>
<p>Porsche's Stuttgart plant, which has a capacity of about 30,000 cars a year, cannot keep up with demand which now has an order backlog of about a year.</p>
<p>He reaffirmed no German company had fulfilled the criteria to assemble the Boxsters, a move that would have helped to create jobs in Germany at a time of near-record unemployment.</p>
<p>Wiedeking also said Porsche, which has cut about 2,500 jobs in recent years, was seeking to reduce the number of temporary worker contracts.</p>
<p>&quot;We will not be able to keep on these workers in a longer time frame,&quot; he said, noting only the main workers could be guaranteed job security,&quot; Wiedeking said, noting gains in productivity have cut the time need to build Porsche cars.</p>
<p>He said the carmaker may also consider dropping out of national employer associations and negotiating directly with unions in a bid to improve its competitive stance.</p>
<p>In addition, Wiedeking said Porsche was still very interested in building a sport utility vehicle after partnership talks with Mercedes-Benz AG broke down in early 1997, saying Porsche may opt to build the car alone.</p>
<p>--Frankfurt Newsroom, +49 69 756525</p>
</text>
<copyright>(c) Reuters Limited 1997</copyright>
<metadata>
<codes class="bip:countries:1.0">
  <code code="GFR">
    <editdetail attribution="Reuters BIP Coding Group" action="confirmed" date="1997-03-22"/>
  </code>
  <code code="USA">
    <editdetail attribution="Reuters BIP Coding Group" action="confirmed" date="1997-03-22"/>
  </code>
</codes>
<codes class="bip:industries:1.0">
  <code code="I35101">
    <editdetail attribution="Reuters BIP Coding Group" action="confirmed" date="1997-03-22"/>
  </code>
</codes>
<codes class="bip:topics:1.0">
  <code code="C11">
    <editdetail attribution="Reuters BIP Coding Group" action="confirmed" date="1997-03-22"/>
  </code>
  <code code="C24">
    <editdetail attribution="Reuters BIP Coding Group" action="confirmed" date="1997-03-22"/>
  </code>
  <code code="CCAT">
    <editdetail attribution="Reuters BIP Coding Group" action="confirmed" date="1997-03-22"/>
  </code>
</codes>
<dc element="dc.date.created" value="1997-03-22"/>
<dc element="dc.publisher" value="Reuters Holdings Plc"/>
<dc element="dc.date.published" value="1997-03-22"/>
<dc element="dc.source" value="Reuters"/>
<dc element="dc.creator.location" value="HAMBURG, Germany"/>
<dc element="dc.creator.location.country.name" value="GERMANY"/>
<dc element="dc.source" value="Reuters"/>
</metadata>
</newsitem>
