<?xml version="1.0" encoding="iso-8859-1" ?>
<newsitem itemid="461720" id="root" date="1997-03-22" xml:lang="en">
<title>SPAIN: Spain court orders &quot;dirty war&quot; files opened.</title>
<headline>Spain court orders &quot;dirty war&quot; files opened.</headline>
<dateline>MADRID 1997-03-22</dateline>
<text>
<p>Spain's Supreme Court ordered the government on Saturday to open secret files which could implicate former prime minister Felipe Gonzalez in the 1980s &quot;dirty war&quot; against Basque guerrillas.</p>
<p>After four days of deliberations, 33 magistrates overturned a decision last August by the conservative Popular Party (PP) government to keep the documents classified for reasons of state security. The government said it would abide by the order.</p>
<p>&quot;The government complies with the Supreme Court decision and will act in accordance,&quot; government spokesman Miguel Angel Rodriguez told reporters.</p>
<p>Though Supreme Court justices probing the death squads have decided against questioning Gonzalez so far, the &quot;dirty war&quot; scandal tainted his Socialists and contributed to their election defeat in March 1996 after 13 years in power.</p>
<p>The secret CESID papers, named after Spain's military intelligence agency where they originated, purportedly show Gonzalez and associates set up &quot;anti-terrorist&quot; squads to combat separatist guerrilla group ETA (Basque Homeland and Freedom).</p>
<p>In the early 1980s, ETA was killing about one person a week and the government was under pressure to respond. ETA has killed some 800 people in a 29-year struggle for Basque independence.</p>
<p>Lower courts investigating the campaign of kidnappings, torture and killings say the documents contain vital information needed to prosecute former senior officials and security chiefs.</p>
<p>Spain's Defence Minister Eduardo Serra had warned against declassifying the documents. But a ministry spokesman said on Saturday he did not think Spain's allies would lose confidence in the government's ability to maintain official secrets.</p>
<p>&quot;This decision has not made the Spanish secret services lose credibility,&quot; the spokesman said.</p>
<p>The Supreme Court ordered the opening of 13 of 18 classified documents sought by three lower courts.</p>
<p>Judges and officials have said those documents could provide evidence to reopen investigations into whether Gonzalez and his associates oversaw death squads that killed 28 people from 1983-1987. One third of the victims were targeted by mistake.</p>
<p>Several former Socialist officials and security chiefs have already been charged in the &quot;dirty war&quot; scandal.</p>
<p>Last month, the court asked the government to hand over the documents so it could decide whether to declassify them. The government authorised a temporary transfer and judges then studied the originals on microfilm for the first time.</p>
<p>The secret files have dogged the Socialists since 1995, when the daily El Mundo started publishing, bit by bit, copies of the documents allegedly stolen by a former spy.</p>
<p>But their authenticity was questionable.</p>
<p>The documents first came to light in a complicated intrigue which ex-officials on trial for the &quot;dirty war&quot; have said was a conspiracy of aggrieved rivals, judges and journalists.</p>
<p>The copies were found during a court search of the prison cell of ex-spy Juan Alberto Perote, who claimed to have stolen them from CESID. Judges said he tried to swallow some of them during the search.</p>
<p>Perote was sacked by CESID but left only after stuffing a briefcase full of incriminating documents which he peddled to buyers with grudges against the Socialists.</p>
<p>Most political parties praised the court decision.</p>
<p>Basque Nationalist Party spokesman Inaki Anasagasti said it restored his confidence in the judicial system. He praised the court for rejecting the government's argument that declassifying the papers could endanger state security.</p>
<p>&quot;The only thing put in danger is whoever committed or permitted some type of crime,&quot; he said.</p>
<p>The Socialists said there was nothing in the documents that should cause concern among citizens of Spain.</p>
</text>
<copyright>(c) Reuters Limited 1997</copyright>
<metadata>
<codes class="bip:countries:1.0">
  <code code="SPAIN">
    <editdetail attribution="Reuters BIP Coding Group" action="confirmed" date="1997-03-22"/>
  </code>
</codes>
<codes class="bip:topics:1.0">
  <code code="GCAT">
    <editdetail attribution="Reuters BIP Coding Group" action="confirmed" date="1997-03-22"/>
  </code>
  <code code="GCRIM">
    <editdetail attribution="Reuters BIP Coding Group" action="confirmed" date="1997-03-22"/>
  </code>
  <code code="GPOL">
    <editdetail attribution="Reuters BIP Coding Group" action="confirmed" date="1997-03-22"/>
  </code>
  <code code="GVIO">
    <editdetail attribution="Reuters BIP Coding Group" action="confirmed" date="1997-03-22"/>
  </code>
</codes>
<dc element="dc.date.created" value="1997-03-22"/>
<dc element="dc.publisher" value="Reuters Holdings Plc"/>
<dc element="dc.date.published" value="1997-03-22"/>
<dc element="dc.source" value="Reuters"/>
<dc element="dc.creator.location" value="MADRID"/>
<dc element="dc.creator.location.country.name" value="SPAIN"/>
<dc element="dc.source" value="Reuters"/>
</metadata>
</newsitem>
