<?xml version="1.0" encoding="iso-8859-1" ?>
<newsitem itemid="461703" id="root" date="1997-03-22" xml:lang="en">
<title>USA: US West Coast gasolines firm on supply concerns.</title>
<headline>US West Coast gasolines firm on supply concerns.</headline>
<dateline>LOS ANGELES 1997-03-21</dateline>
<text>
<p>U.S. West Coast gasoline prices firmed Friday, continuing the week's strong gains on fears of diminished gasoline supply, traders said.</p>
<p>The union representing Unocal's oil refinery workers has decided to terminate its contract by late Monday, setting up the possibility of strikes at four California plants.</p>
<p>&quot;It's significant, especially with the position the West Coast is in right now,&quot; one trader said, noting supplies were down 5.3 million barrels from last year's levels.</p>
<p>The four Unocal refineries process 250,000 barrels-per-day (bpd) of crude and make 20 percent of California's gasoline.  </p>
<p>Gasoline also found strength because of prolonged maintenance at Exxon, Mobil, and Unocal plants, which are expected to return next week.</p>
<p>Deals for CARB grade unleaded gasoline in Los Angeles were done at 84.25 cents for March, and 81.50 cents for April.</p>
<p>Bids for conventional unleaded gasoline in Los Angeles rose two cents to 80 cents a gallon, while buyers valued CARB-grade material two cents higher at 83 cents.</p>
<p>Offers for San Francisco conventional rose three cents to 81 cents.</p>
<p>((David Brinkerhoff, Los Angeles bureau +1 213 380 2014))</p>
</text>
<copyright>(c) Reuters Limited 1997</copyright>
<metadata>
<codes class="bip:countries:1.0">
  <code code="USA">
    <editdetail attribution="Reuters BIP Coding Group" action="confirmed" date="1997-03-22"/>
  </code>
</codes>
<codes class="bip:topics:1.0">
  <code code="M14">
    <editdetail attribution="Reuters BIP Coding Group" action="confirmed" date="1997-03-22"/>
  </code>
  <code code="M143">
    <editdetail attribution="Reuters BIP Coding Group" action="confirmed" date="1997-03-22"/>
  </code>
  <code code="MCAT">
    <editdetail attribution="Reuters BIP Coding Group" action="confirmed" date="1997-03-22"/>
  </code>
</codes>
<dc element="dc.date.created" value="1997-03-21"/>
<dc element="dc.publisher" value="Reuters Holdings Plc"/>
<dc element="dc.date.published" value="1997-03-22"/>
<dc element="dc.source" value="Reuters"/>
<dc element="dc.creator.location" value="LOS ANGELES"/>
<dc element="dc.creator.location.country.name" value="USA"/>
<dc element="dc.source" value="Reuters"/>
</metadata>
</newsitem>
