<?xml version="1.0" encoding="iso-8859-1" ?>
<newsitem itemid="461705" id="root" date="1997-03-22" xml:lang="en">
<title>USA: Streisand won't sing at Oscars, rumours of snub.</title>
<headline>Streisand won't sing at Oscars, rumours of snub.</headline>
<dateline>LOS ANGELES 1997-03-21</dateline>
<text>
<p>Barbra Streisand will not be singing her Oscar-nominated song at the Academy Awards show, and officials said on Friday they were unaware if the star had snubbed the event because her movie was not nominated.</p>
<p>&quot;We don't know anything about a snub,&quot; a spokeswoman for the Academy of Motion Picture Arts and Sciences said. &quot;All we know is that Natalie Cole will be singing (Streisand's song &quot;I Finally Found Someone&quot;).</p>
<p>The spokeswoman said Streisand gave no reason for not singing at Monday's show, although she had originally intended to perform. &quot;She doesn't want to sing and I don't expect her to attend,&quot; she said, adding that all Oscar nominees were invited to the awards ceremony.</p>
<p>Local news reports have said Streisand was upset that her film, &quot;The Mirror Has Two Faces&quot;, which she directed and co-produced, was passed over for a best picture nod.</p>
<p>There was no immediate comment from her publicist or the Oscar show producer on whether she had snubbed the Academy.</p>
<p>In contrast, Madonna, who was also passed over for an Oscar nomination, will be at the Shrine Auditorium on Monday singing one of the other nominated songs, &quot;You Must Love Me&quot;, from her film &quot;Evita&quot;.</p>
<p>Madonna won the Golden Globe award as best actress in a musical or comedy for her role as Argentina's Eva Peron, and had predicted she would be nominated for an Oscar.</p>
<p>In addition to the song from &quot;The Mirror Has Two Faces,&quot; Lauren Bacall has been nominated as best supporting actress for the movie, in which she played Streisand's mother.</p>
<p>The song, &quot;I Finally Found Someone,&quot; was written by Streisand, Marvin Hamlisch, Bryan Adams and Robert Lange.</p>
<p>The other three songs nominated are: &quot;Because You Loved Me&quot; from &quot;Up Close and Personal&quot;, which will be performed on Monday by Celine Dion; &quot;For the First Time&quot; from &quot;One Fine Day&quot;, to be sung by Kenny Loggins; and &quot;That Thing You Do!&quot; from the film of the same name. The Academy did not know Friday who would be performing that song.</p>
</text>
<copyright>(c) Reuters Limited 1997</copyright>
<metadata>
<codes class="bip:countries:1.0">
  <code code="USA">
    <editdetail attribution="Reuters BIP Coding Group" action="confirmed" date="1997-03-22"/>
  </code>
</codes>
<codes class="bip:topics:1.0">
  <code code="GCAT">
    <editdetail attribution="Reuters BIP Coding Group" action="confirmed" date="1997-03-22"/>
  </code>
  <code code="GENT">
    <editdetail attribution="Reuters BIP Coding Group" action="confirmed" date="1997-03-22"/>
  </code>
</codes>
<dc element="dc.date.created" value="1997-03-21"/>
<dc element="dc.publisher" value="Reuters Holdings Plc"/>
<dc element="dc.date.published" value="1997-03-22"/>
<dc element="dc.source" value="Reuters"/>
<dc element="dc.creator.location" value="LOS ANGELES"/>
<dc element="dc.creator.location.country.name" value="USA"/>
<dc element="dc.source" value="Reuters"/>
</metadata>
</newsitem>
