<?xml version="1.0" encoding="iso-8859-1" ?>
<newsitem itemid="461772" id="root" date="1997-03-22" xml:lang="en">
<title>SRI LANKA: Sri Lanka's ruling alliance sweeps local polls.</title>
<headline>Sri Lanka's ruling alliance sweeps local polls.</headline>
<byline>Mohan Samarasinghe</byline>
<dateline>COLOMBO 1997-03-22</dateline>
<text>
<p>Sri Lankan President Chandrika Kumaratunga's ruling People's Alliance (PA) swept to a landslide victory in local polls on Saturday in its first political test since taking power in 1994.</p>
<p>Elections Commissioner Dayananda Dissanayake said the PA won 194 councils and the main opposition United National Party (UNP) 43 of the 238 local bodies at stake in Friday's election.</p>
<p>One local council was won by an independent group.</p>
<p>Dissanayake said on state television that PA received 49 percent of the total votes polled in Friday's election against UNP's 41.25 percent. The rest was split between smaller parties and independent groups.</p>
<p>The local polls were widely seen as a mid-term appraisal of President Chandrika Kumaratunga's government after it won power two and a half years ago, ending UNP's 17 year rule.</p>
<p>Their outcome may influence future government decisions, such as putting a peace plan, aimed at ending a war with Tamil separatists in the north, to a vote. The war, which has cost thousands of lives, was, however, not a direct issue in the poll.</p>
<p>The state radio quoted the PA general secretary D.M. Jayaratne as saying that the landslide victory was unexpected.</p>
<p>The PA received another mandate from the people approving its two-and-a-half-year administration and the &quot;the administration would consolidate on this victory,&quot; he added.</p>
<p>Political sources said while the PA had improved its position in the island's rural areas it was mostly rejected by voters in the urban centres, including capital Colombo.</p>
<p>&quot;The minority vote in Colombo seems to have swung the UNP's way. We expected a different outcome in Colombo,&quot; government minister A.H.M. Fowzie, PA's campaign manager for Colombo, told Reuters.</p>
<p>&quot;Colombo's importance cannot be underrated given that it is the nerve centre of the economy,&quot; said political analyst Dayan Jayatilake.</p>
<p>&quot;Also given that most of Colombo's voters are from the minorities, the UNP scored a strategic victory there,&quot; said Jayatilake, who is editor of the Lanka Guardian magazine.</p>
<p>The government is currently in the midst of launching contitutional reforms that aim to give more powers to the Tamil and Moslem minorities.</p>
<p>But other analysts said the government can take credit for its performance outside Colombo, where it won 176 of the 195 village concils that were up for grabs.</p>
<p>&quot;The election showed overwhelming support for the PA from the rural sector,&quot; said a Tamil political analyst who declined to be identified.</p>
<p>&quot;Over the past two-and-a-half years, the government has gone to the grassroots with its peace message and it seems that the grassroots have accepted that message,&quot; he said.</p>
<p>Opposition leader and former prime minister Ranil Wickremesinghe accused the goverment of rigging the elections and said the UNP would take legal action against it.</p>
<p>&quot;There have been massive rigging by PA,&quot; he told Reuters.</p>
<p>&quot;We are certainly going to make it a major issue in the country. Our lawyers are right now looking at it and we will be taking appropriate legal action,&quot; he said.</p>
<p>But Dissanayake said that polling was fair.</p>
<p>He said 77 percent of some 10 million eligible voters had cast ballots in the election, up from 61 percent in the previous 1991 local polls.</p>
<p>The Elections Department earlier said 65 percent of the eligible voters had cast their ballots.</p>
<p>It said voter turnout was moderate early on Friday but had picked up later in the day.</p>
<p>Elections were not held in the country's northern and eastern provinces where government troops are fighting the Liberation Tigers of Tamil Eelam.</p>
</text>
<copyright>(c) Reuters Limited 1997</copyright>
<metadata>
<codes class="bip:countries:1.0">
  <code code="SRILAN">
    <editdetail attribution="Reuters BIP Coding Group" action="confirmed" date="1997-03-22"/>
  </code>
</codes>
<codes class="bip:topics:1.0">
  <code code="GCAT">
    <editdetail attribution="Reuters BIP Coding Group" action="confirmed" date="1997-03-22"/>
  </code>
  <code code="GPOL">
    <editdetail attribution="Reuters BIP Coding Group" action="confirmed" date="1997-03-22"/>
  </code>
  <code code="GVOTE">
    <editdetail attribution="Reuters BIP Coding Group" action="confirmed" date="1997-03-22"/>
  </code>
</codes>
<dc element="dc.date.created" value="1997-03-22"/>
<dc element="dc.publisher" value="Reuters Holdings Plc"/>
<dc element="dc.date.published" value="1997-03-22"/>
<dc element="dc.source" value="Reuters"/>
<dc element="dc.creator.location" value="COLOMBO"/>
<dc element="dc.creator.location.country.name" value="SRI LANKA"/>
<dc element="dc.source" value="Reuters"/>
</metadata>
</newsitem>
