<?xml version="1.0" encoding="iso-8859-1" ?>
<newsitem itemid="461734" id="root" date="1997-03-22" xml:lang="en">
<title>ITALY: Italy says Europe needs NATO, Russia deal.</title>
<headline>Italy says Europe needs NATO, Russia deal.</headline>
<dateline>ROME 1997-03-22</dateline>
<text>
<p>The Italian foreign ministry said on Saturday that Russian President Boris Yeltsin's decision to sign a charter building a new relationship between Moscow and NATO was good news for Europe.</p>
<p>&quot;This represents a fundamental element for the construction of a more stable framework for security and peace within Europe,&quot; a spokesman at the foreign ministry said.</p>
<p>Yeltsin agreed at the two-day summit with U.S. President Bill Clinton in Helsinki to press ahead with a new NATO charter despite Moscow's continued opposition to the eastward expansion of the alliance.</p>
<p>Italy also welcomed news that Russia would be an active participant in the next Group of Seven (G7) most industrialised nations summit in Denver, Colorado in June, saying this had been an Italian &quot;objective&quot;. Italy is a member of the G7.</p>
<p>The foreign office spokesman said Russian Foreign Minister Yevgeny Primakov would visit Italy in the coming weeks for talks with his Italian counterpart, Lamberto Dini. The exact date of the trip still has to be fixed.</p>
</text>
<copyright>(c) Reuters Limited 1997</copyright>
<metadata>
<codes class="bip:countries:1.0">
  <code code="ITALY">
    <editdetail attribution="Reuters BIP Coding Group" action="confirmed" date="1997-03-22"/>
  </code>
  <code code="NATO">
    <editdetail attribution="Reuters BIP Coding Group" action="confirmed" date="1997-03-22"/>
  </code>
  <code code="RUSS">
    <editdetail attribution="Reuters BIP Coding Group" action="confirmed" date="1997-03-22"/>
  </code>
</codes>
<codes class="bip:topics:1.0">
  <code code="GCAT">
    <editdetail attribution="Reuters BIP Coding Group" action="confirmed" date="1997-03-22"/>
  </code>
  <code code="GDIP">
    <editdetail attribution="Reuters BIP Coding Group" action="confirmed" date="1997-03-22"/>
  </code>
</codes>
<dc element="dc.date.created" value="1997-03-22"/>
<dc element="dc.publisher" value="Reuters Holdings Plc"/>
<dc element="dc.date.published" value="1997-03-22"/>
<dc element="dc.source" value="Reuters"/>
<dc element="dc.creator.location" value="ROME"/>
<dc element="dc.creator.location.country.name" value="ITALY"/>
<dc element="dc.source" value="Reuters"/>
</metadata>
</newsitem>
