<?xml version="1.0" encoding="iso-8859-1" ?>
<newsitem itemid="461782" id="root" date="1997-03-22" xml:lang="en">
<title>SRI LANKA: Sri Lanka ruling coalition set to win local polls.</title>
<headline>Sri Lanka ruling coalition set to win local polls.</headline>
<byline>Mohan Samarasinghe</byline>
<dateline>COLOMBO 1997-03-22</dateline>
<text>
<p>Sri Lanka's ruling People's Alliance (PA) coalition looked set for a sweeping victory in local polls on Saturday, its first political test since winning power in 1994.</p>
<p>The PA had won 136 of 168 councils where official results were declared by 11 a.m (0500 GMT) and was leading in most others where counting was still continuing, the Elections Department said.</p>
<p>The main opposition United National Party (UNP) won the remaining 32 councils where results were announced.</p>
<p>Final results were expected later on Saturday, it said.</p>
<p>Sri Lankans voted on Friday in local polls marred by violence to elect 3,567 representatives to 238 municipal, urban and other smaller bodies, in what is widely seen as a mid-term appraisal of President Chandrika Kumaratunga's government.</p>
<p>Political sources said while the PA had improved its position in the island's rural areas it was mostly rejected by voters in the urban centres, including capital Colombo.</p>
<p>&quot;The minority vote in Colombo seems to have swung the UNP's way. We expected a different outcome in Colombo,&quot; goverment minister A.H.M. Fowzie, PA's campaign manager for Colombo, told Reuters.</p>
<p>The PA also lost the municipal council in the minority Tamil dominated central hill country of Nuwara Eliya and northcentral Kurunegala to UNP.</p>
<p>But it wrestled two councils, in southern Galle and Sri Jayewardenepura-Kotte, a Colombo suburb, from the UNP.</p>
<p>&quot;On the basis of results already out, the PA is winning a comfortable victory,&quot; said senior UNP lawmaker Karunasena Kodituwakku.</p>
<p>&quot;However, there have been many complaints of violations, such as intimidation of our supporters and casting of illegal votes. We hope to pursue these cases later,&quot; he told Reuters.</p>
<p>The Elections Department said 65 percent of some 10 million eligible voters had cast ballots in the election, up from 61 percent in the previous 1991 local polls.</p>
<p>It said voter turnout was moderate early on Friday but had picked up later in the day.</p>
<p>The department said the PA had garnered 52 percent of votes in areas where results were declared, lower than the overall 62 percent it polled in the 1994 presidential elections, which Kumaratunga won.</p>
<p>State television said a precautionary overnight curfew imposed on the capital Colombo and elsewhere was being extended until 1 p.m. (0700 GMT) to curtail post-election violence. It was originally to be lifted at 8 a.m. (0200 GMT).</p>
<p>Police would decide later whether to further extend the curfew, the state television said.</p>
<p>Police said the situation was peaceful in Colombo and surrounding areas and there were no reports of violence since the curfew was imposed late on Friday.</p>
</text>
<copyright>(c) Reuters Limited 1997</copyright>
<metadata>
<codes class="bip:countries:1.0">
  <code code="SRILAN">
    <editdetail attribution="Reuters BIP Coding Group" action="confirmed" date="1997-03-22"/>
  </code>
</codes>
<codes class="bip:topics:1.0">
  <code code="GCAT">
    <editdetail attribution="Reuters BIP Coding Group" action="confirmed" date="1997-03-22"/>
  </code>
  <code code="GPOL">
    <editdetail attribution="Reuters BIP Coding Group" action="confirmed" date="1997-03-22"/>
  </code>
  <code code="GVOTE">
    <editdetail attribution="Reuters BIP Coding Group" action="confirmed" date="1997-03-22"/>
  </code>
</codes>
<dc element="dc.date.created" value="1997-03-22"/>
<dc element="dc.publisher" value="Reuters Holdings Plc"/>
<dc element="dc.date.published" value="1997-03-22"/>
<dc element="dc.source" value="Reuters"/>
<dc element="dc.creator.location" value="COLOMBO"/>
<dc element="dc.creator.location.country.name" value="SRI LANKA"/>
<dc element="dc.source" value="Reuters"/>
</metadata>
</newsitem>
