<?xml version="1.0" encoding="iso-8859-1" ?>
<newsitem itemid="461741" id="root" date="1997-03-22" xml:lang="en">
<title>FINLAND: Finns urge Russia, Baltics to improve relations.</title>
<headline>Finns urge Russia, Baltics to improve relations.</headline>
<dateline>HELSINKI 1997-03-22</dateline>
<text>
<p>Finnish President Martti Ahtisaari on Saturday urged Russia and the Baltic states to improve relations and build a cooperative atmosphere in the name of regional stability.</p>
<p>He was speaking after meeting Russian President Boris Yeltsin, who was in Helsinki for a two-day summit with U.S. President Bill Clinton and talks with Finnish leaders.</p>
<p>&quot;A positive development of relations between Russia and the Baltic states is of great significance for the stability of the entire Baltic sea region,&quot; he said in the text of a speech.</p>
<p>&quot;A new atmosphere of cooperation must be created,&quot; Ahtisaari said. He also underlined the commitment by Finland, which joined the European Union in 1995, to help boost integration of the Baltic states within Europe.</p>
<p>Finland, which used to be militarily neutral but since joining the EU prefers the term &quot;non-aligned&quot;, was host to the summit at which Yeltsin and U.S. President Bill Clinton agreed to work towards sealing a charter setting out relations between Russia and NATO.</p>
<p>Tensions remain between Russia and the young Baltic states, Finland's southern neighbours which were annexed by Stalin in World War Two and retain large Russian populations.</p>
<p>They are almost certain to be excluded from the first round of NATO expansion, to be decided at a summit in Madrid in July. Finland and Sweden, a neutral EU member, said last week they would intensify links with Estonia, Latvia and Lithuania.</p>
<p>That involves programmes to help with local-language teaching and border controls: minor in themselves but aimed at boosting the young states' security and demonstrating Western support.</p>
</text>
<copyright>(c) Reuters Limited 1997</copyright>
<metadata>
<codes class="bip:countries:1.0">
  <code code="BALTST">
    <editdetail attribution="Reuters BIP Coding Group" action="confirmed" date="1997-03-22"/>
  </code>
  <code code="FIN">
    <editdetail attribution="Reuters BIP Coding Group" action="confirmed" date="1997-03-22"/>
  </code>
  <code code="RUSS">
    <editdetail attribution="Reuters BIP Coding Group" action="confirmed" date="1997-03-22"/>
  </code>
  <code code="USA">
    <editdetail attribution="Reuters BIP Coding Group" action="confirmed" date="1997-03-22"/>
  </code>
</codes>
<codes class="bip:topics:1.0">
  <code code="GCAT">
    <editdetail attribution="Reuters BIP Coding Group" action="confirmed" date="1997-03-22"/>
  </code>
  <code code="GDIP">
    <editdetail attribution="Reuters BIP Coding Group" action="confirmed" date="1997-03-22"/>
  </code>
</codes>
<dc element="dc.date.created" value="1997-03-22"/>
<dc element="dc.publisher" value="Reuters Holdings Plc"/>
<dc element="dc.date.published" value="1997-03-22"/>
<dc element="dc.source" value="Reuters"/>
<dc element="dc.creator.location" value="HELSINKI"/>
<dc element="dc.creator.location.country.name" value="FINLAND"/>
<dc element="dc.source" value="Reuters"/>
</metadata>
</newsitem>
