<?xml version="1.0" encoding="iso-8859-1" ?>
<newsitem itemid="461793" id="root" date="1997-03-22" xml:lang="en">
<title>BANGLADESH: Dhaka stocks close 2.65 pct lower on strike call.</title>
<headline>Dhaka stocks close 2.65 pct lower on strike call.</headline>
<dateline>DHAKA 1997-03-22</dateline>
<text>
<p>Dhaka stocks lost early gains to finish lower after investors, worried over the country's political future following a strike call for Sunday by the opposition, continued to dump scrips, brokers said.</p>
<p>The Dhaka Stock Exchange (DSE) all share price index closed 33.81 points or 2.65 percent down at 1,240.04 on a turnover of 61.6 million taka. Of 117 traded issues, 90 lost, 22 gained and five were unchanged. Brokers said trading was uncertain on Sunday because of the strike called by the opposition Bangladesh Nationalist Party (BNP). Beximco Pharma lost 13 taka to 169.30 and Monno Fabrics lost 12.32 to 149.60.</p>
<p>-- Dhaka Newsroom +880-2-506363</p>
</text>
<copyright>(c) Reuters Limited 1997</copyright>
<metadata>
<codes class="bip:countries:1.0">
  <code code="BANDH">
    <editdetail attribution="Reuters BIP Coding Group" action="confirmed" date="1997-03-22"/>
  </code>
</codes>
<codes class="bip:topics:1.0">
  <code code="M11">
    <editdetail attribution="Reuters BIP Coding Group" action="confirmed" date="1997-03-22"/>
  </code>
  <code code="MCAT">
    <editdetail attribution="Reuters BIP Coding Group" action="confirmed" date="1997-03-22"/>
  </code>
</codes>
<dc element="dc.date.created" value="1997-03-22"/>
<dc element="dc.publisher" value="Reuters Holdings Plc"/>
<dc element="dc.date.published" value="1997-03-22"/>
<dc element="dc.source" value="Reuters"/>
<dc element="dc.creator.location" value="DHAKA"/>
<dc element="dc.creator.location.country.name" value="BANGLADESH"/>
<dc element="dc.source" value="Reuters"/>
</metadata>
</newsitem>
