<?xml version="1.0" encoding="iso-8859-1" ?>
<newsitem itemid="461773" id="root" date="1997-03-22" xml:lang="en">
<title>BANGLADESH: Political worries shadow Bangladesh anniversary.</title>
<headline>Political worries shadow Bangladesh anniversary.</headline>
<byline>Anis Ahmed</byline>
<dateline>DHAKA 1997-03-22</dateline>
<text>
<p>Bangladesh went ahead on Saturday with preparations for a star-studded independence anniversary celebration next week despite a looming nationwide general strike which poses a major challenge to the government.</p>
<p>The government kicked off a dress rehearsal for Wednesday's independence celebrations with a rally by leading entertainers and other celebrities.</p>
<p>Prime Minister Sheikh Hasina, who took office last June, faces a major test on Sunday in the eight-hour national strike called by the main opposition Bangladesh Nationalist Party (BNP), led by former prime minister Begum Khaleda Zia.</p>
<p>Khaleda has urged Bangladeshis to join in the strike as a way of helping to topple what she called the &quot;repressive, pro-Indian rule&quot; of Hasina's political party, the Awami League.</p>
<p>Hasina left for Pakistan on Saturday to attend a one-day summit of the Organisation of Islamic Conference (OIC). The country's 26th independence anniversary is expected to be attended by South African President Nelson Mandela, Turkish President Suleyman Demirel and Palestinian leader Yasser Arafat, officials said on Saturday.</p>
<p>&quot;We are expecting a star-studded anniversary,&quot; one official told Reuters. &quot;But the BNP-led strike is causing some worry,&quot; he said. The country's business community was also worried over the strike, seeing it as a potential threat to exports and efforts to lure foreign investment.</p>
<p>Bangladesh Garments Manufacturers and Exporters Association (BGMEA) said its leaders had met Khaleda on Friday and requested her to call off the strike.</p>
<p>&quot;She (Khaleda) is acting too hastily,&quot; said one bank official, who declined to be identified.</p>
<p>Police said they had been asked by authorities not to handle strikers too harshly.</p>
<p>Hasina on Friday asked Awami League leaders and workers to stay calm and go ahead with preparations for the celebrations.</p>
<p>Wednesday's anniversary programmes would include a massive children's show, and return of the &quot;independence torch&quot; to capital Dhaka after a cross-country rally.</p>
<p>The rally began on March 7 when Hasina handed the torch to two veterans of the 1971 independence war. She will receive it back on Wednesday.</p>
<p>The visiting dignitaries are expected to be with Hasina at both ceremonies, officials said.</p>
<p>Hasina's father Sheikh Mujibur Rahman, who led Bangladesh to independence from Pakistan in 1971, was killed in a 1975 army coup that ended a short spell of rule by his Awami League.</p>
<p>His daughter regained power in a general election last June but has yet to fully restore political stability, which Bangladesh's overseas donors, including the World Bank, say is essential for attracting investors.</p>
<p>As Hasina boarded the plane to Islamabad, hundreds of Urdu-speaking Bihari Moslems, stranded in Bangladesh since 1971 hoping to migrate to Pakistan, joined an open-air prayer session in Dhaka.</p>
<p>&quot;We are praying so that Hasina can persuade (Pakistan) Prime Minister Newaz Sharif to repatriate us soon. We have lived like animals in refugee camps over past 25 years,&quot; said Bihari leader Mohammad Nasim Khan.</p>
</text>
<copyright>(c) Reuters Limited 1997</copyright>
<metadata>
<codes class="bip:countries:1.0">
  <code code="BANDH">
    <editdetail attribution="Reuters BIP Coding Group" action="confirmed" date="1997-03-22"/>
  </code>
</codes>
<codes class="bip:topics:1.0">
  <code code="GCAT">
    <editdetail attribution="Reuters BIP Coding Group" action="confirmed" date="1997-03-22"/>
  </code>
  <code code="GPOL">
    <editdetail attribution="Reuters BIP Coding Group" action="confirmed" date="1997-03-22"/>
  </code>
  <code code="GVOTE">
    <editdetail attribution="Reuters BIP Coding Group" action="confirmed" date="1997-03-22"/>
  </code>
</codes>
<dc element="dc.date.created" value="1997-03-22"/>
<dc element="dc.publisher" value="Reuters Holdings Plc"/>
<dc element="dc.date.published" value="1997-03-22"/>
<dc element="dc.source" value="Reuters"/>
<dc element="dc.creator.location" value="DHAKA"/>
<dc element="dc.creator.location.country.name" value="BANGLADESH"/>
<dc element="dc.source" value="Reuters"/>
</metadata>
</newsitem>
