<?xml version="1.0" encoding="iso-8859-1" ?>
<newsitem itemid="461736" id="root" date="1997-03-22" xml:lang="en">
<title>BELGIUM: Belgian government agrees 1997 budget review-radio.</title>
<headline>Belgian government agrees 1997 budget review-radio.</headline>
<dateline>BRUSSELS 1997-03-22</dateline>
<text>
<p>The Belgian government on Saturday reached provisional agreement on a review of its 1997 budget, Belgian radio said.</p>
<p>Belgian Prime Minister Jean-Luc Dehaene's spokeswoman declined to confirm an agreement had been reached and said talks were still continuing.</p>
<p>BRTN radio said ministers had decided on 12 billion francs ($342 million) of new austerity measures to keep the deficit on its target of 2.9 percent of GDP.</p>
<p>It said the measures include a 1.5 billion franc tax on the electricity sector and a two billion franc turnover tax on the pharmaceutical industry, BRTN said.</p>
<p>New income tax prepayments for independent workers must raise one billion francs and sharper control on value added tax-evasion two billion francs. Several ministries, including defence and development cooperation, will have their budgets cut by three to four billion francs, the radio said.</p>
<p>Talks on the budget and on a review of the centre-left government's policy agreement will continue all weekend and Monday. Dehaene is set to address parliament about it on Tuesday. $1 = 34.81 Belgian francs</p>
</text>
<copyright>(c) Reuters Limited 1997</copyright>
<metadata>
<codes class="bip:countries:1.0">
  <code code="BELG">
    <editdetail attribution="Reuters BIP Coding Group" action="confirmed" date="1997-03-22"/>
  </code>
</codes>
<codes class="bip:topics:1.0">
  <code code="E21">
    <editdetail attribution="Reuters BIP Coding Group" action="confirmed" date="1997-03-22"/>
  </code>
  <code code="E211">
    <editdetail attribution="Reuters BIP Coding Group" action="confirmed" date="1997-03-22"/>
  </code>
  <code code="ECAT">
    <editdetail attribution="Reuters BIP Coding Group" action="confirmed" date="1997-03-22"/>
  </code>
  <code code="GCAT">
    <editdetail attribution="Reuters BIP Coding Group" action="confirmed" date="1997-03-22"/>
  </code>
  <code code="GPOL">
    <editdetail attribution="Reuters BIP Coding Group" action="confirmed" date="1997-03-22"/>
  </code>
</codes>
<dc element="dc.date.created" value="1997-03-22"/>
<dc element="dc.publisher" value="Reuters Holdings Plc"/>
<dc element="dc.date.published" value="1997-03-22"/>
<dc element="dc.source" value="Reuters"/>
<dc element="dc.creator.location" value="BRUSSELS"/>
<dc element="dc.creator.location.country.name" value="BELGIUM"/>
<dc element="dc.source" value="Reuters"/>
</metadata>
</newsitem>
