<?xml version="1.0" encoding="iso-8859-1" ?>
<newsitem itemid="461761" id="root" date="1997-03-22" xml:lang="en">
<title>AUSTRIA: Waigel says German SPD can learn from Austria SPOe.</title>
<headline>Waigel says German SPD can learn from Austria SPOe.</headline>
<dateline>VIENNA 1997-03-22</dateline>
<text>
<p>German Finance Minister Theo Waigel on Saturday held up Austria's ruling Social Democratic Party (SPOe) as an example to Germany's opposition Social Democrats (SPD).</p>
<p>&quot;I wish the SPD would learn from (Austria's Social Democrat Chancellor) Viktor Klima. Germany's Social Democrats are the most backward in Europe,&quot; Waigel said in an interview with Vienna daily Kurier.</p>
<p>Waigel, in Vienna to participate in a television show, accused the SPD of refusing to go along with important budget consolidation measures and structural reforms.</p>
<p>&quot;In other countries there is an agreement with the opposition,&quot; Waigel said.</p>
<p>The SPD recently pulled out of tax talks with the coalition and is refusing to return to the negotiating table.</p>
<p>Klima, finance minister until his promotion to chancellor at the start of the year, was the architect of an austerity budget that aims to ensure Austrian qualification for a single European currency.</p>
<p>Waigel reiterated that adherence to the Maastricht Treaty's convergence criteria would determine the single currency's timetable and said Germany was doing its utmost to fulfil the criteria.</p>
<p>Klima and Austrian Finance Minister Rdolf Edlinger were due to meet Waigel for talks on Sunday.</p>
</text>
<copyright>(c) Reuters Limited 1997</copyright>
<metadata>
<codes class="bip:countries:1.0">
  <code code="AUST">
    <editdetail attribution="Reuters BIP Coding Group" action="confirmed" date="1997-03-22"/>
  </code>
  <code code="GFR">
    <editdetail attribution="Reuters BIP Coding Group" action="confirmed" date="1997-03-22"/>
  </code>
</codes>
<codes class="bip:topics:1.0">
  <code code="GCAT">
    <editdetail attribution="Reuters BIP Coding Group" action="confirmed" date="1997-03-22"/>
  </code>
  <code code="GDIP">
    <editdetail attribution="Reuters BIP Coding Group" action="confirmed" date="1997-03-22"/>
  </code>
  <code code="GPOL">
    <editdetail attribution="Reuters BIP Coding Group" action="confirmed" date="1997-03-22"/>
  </code>
</codes>
<dc element="dc.date.created" value="1997-03-22"/>
<dc element="dc.publisher" value="Reuters Holdings Plc"/>
<dc element="dc.date.published" value="1997-03-22"/>
<dc element="dc.source" value="Reuters"/>
<dc element="dc.creator.location" value="VIENNA"/>
<dc element="dc.creator.location.country.name" value="AUSTRIA"/>
<dc element="dc.source" value="Reuters"/>
</metadata>
</newsitem>
