<?xml version="1.0" encoding="iso-8859-1" ?>
<newsitem itemid="461730" id="root" date="1997-03-22" xml:lang="en">
<title>GERMANY: Krupp talks with Thyssen in good climate - source.</title>
<headline>Krupp talks with Thyssen in good climate - source.</headline>
<dateline>DUESSELDORF 1997-03-22</dateline>
<text>
<p>A source close to talks between German steel groups Fried. Krupp AG Hoesch-Krupp and rival Thyssen AG to call of Krupp's hostile takeover bid in favour of a mutual venture have been progressing well, a source close to the talks said on Saturday.</p>
<p>&quot;The talks are taking place in a good climate,&quot; the source told Reuters.</p>
<p>The chances appeared good that the two companies could reach a &quot;letter of intent&quot; by the negotiation deadline set for Thursday, the source said.</p>
<p>The talks so far have discussed that Thyssen, the larger of the two, would take over leadership of any venture between the two companies and their steel units -- Thyssen Steel AG and Krupp Hoesch Steel AG.</p>
<p>The talks came after Krupp launched a rare hostile bid for the larger Thyssen last week, offering Thyssen shareholders 435 marks a share, a 25 percent premium over the previous day's share price.</p>
<p>The takeover bid sparked a wave of labour unrest in the Ruhr area of Germany where the two groups are based and calls by German politicians, including Chancellor Helmut Kohl, for the groups to reach a deal that does not jeopardise jobs.</p>
<p>--Frankfurt Newsroom, +49 69 756525</p>
</text>
<copyright>(c) Reuters Limited 1997</copyright>
<metadata>
<codes class="bip:countries:1.0">
  <code code="GFR">
    <editdetail attribution="Reuters BIP Coding Group" action="confirmed" date="1997-03-22"/>
  </code>
</codes>
<codes class="bip:industries:1.0">
  <code code="I22100">
    <editdetail attribution="Reuters BIP Coding Group" action="confirmed" date="1997-03-22"/>
  </code>
  <code code="I83960">
    <editdetail attribution="Reuters BIP Coding Group" action="confirmed" date="1997-03-22"/>
  </code>
</codes>
<codes class="bip:topics:1.0">
  <code code="C18">
    <editdetail attribution="Reuters BIP Coding Group" action="confirmed" date="1997-03-22"/>
  </code>
  <code code="C181">
    <editdetail attribution="Reuters BIP Coding Group" action="confirmed" date="1997-03-22"/>
  </code>
  <code code="CCAT">
    <editdetail attribution="Reuters BIP Coding Group" action="confirmed" date="1997-03-22"/>
  </code>
</codes>
<dc element="dc.date.created" value="1997-03-22"/>
<dc element="dc.publisher" value="Reuters Holdings Plc"/>
<dc element="dc.date.published" value="1997-03-22"/>
<dc element="dc.source" value="Reuters"/>
<dc element="dc.creator.location" value="DUESSELDORF"/>
<dc element="dc.creator.location.country.name" value="GERMANY"/>
<dc element="dc.source" value="Reuters"/>
</metadata>
</newsitem>
