<?xml version="1.0" encoding="iso-8859-1" ?>
<newsitem itemid="461781" id="root" date="1997-03-22" xml:lang="en">
<title>INDIA: INDIA GOVERNMENT SECURITIES - March 22.</title>
<headline>INDIA GOVERNMENT SECURITIES - March 22.</headline>
<text>
<p>Government	Indicative    Coupon	  Yield to   Year</p>
<p> Securities	Market Price  Dates		Mat     to</p>
<p>			(Range)			  Apprx pct  Mat.</p>
<p>  13.25% 1997     101.40/45  Jan  14/Jul 14    --.--    0.31</p>
<p>  13.50% 1997     101.47/50  Mar   1/Sep  1    --.--    0.45</p>
<p>  13.50% 1998     103.18/22  Apr  18/Oct 18    --.--    1.07</p>
<p>  13.62% 1998     102.68/73  Jan  31/Jul 31    --.--    1.36</p>
<p>  13.65% 1998     102.57/63  Feb  18/Aug 18    --.--    1.41</p>
<p>  00.00% 1999	80.15/20  -------------     --.--    1.83</p>
<p>  12.00% 1999     100.13/15  Apr   7/Oct  7    --.--    2.04</p>
<p>  13.70% 1999     102.95/05  Jun   6/Dec  6    --.--    2.21</p>
<p>  13.65% 1999     102.38/43  Aug   7/Feb  7    --.--    1.88</p>
<p>  13.40% 1999     102.19/22  Dec  24/Jun 24    --.--    2.76</p>
<p>  00.00% 2000(III) 65.60/70  -------------     --.--    3.31</p>
<p>  13.85% 2000     102.65/75  Jun  27/Dec 27    --.--    3.77</p>
<p>  13.55% 2001     101.90/00  May  27/Nov 27    --.--    4.69</p>
<p>  13.85% 2001     101.95/05</p>
<p>  13.82% 2002     101.95/05  Mar  18/Sep 18    --.--    5.49</p>
<p>  12.50% 2004	95.15/25  Sep  23/Mar 23    --.--    7.00</p>
<p>  13.65% 2007     100.50/60  Feb  21/Aug 21    --.--    9.93</p>
<p>* Note: These rates are based on a consensus of rates being</p>
<p>offered by leading banks, corporates.</p>
<p># To contribute to this daily composite rate, please telephone</p>
<p>Money Desk on (022) 265-9000.</p>
<p>Mat - Maturity</p>
</text>
<copyright>(c) Reuters Limited 1997</copyright>
<metadata>
<codes class="bip:countries:1.0">
  <code code="INDIA">
    <editdetail attribution="Reuters BIP Coding Group" action="confirmed" date="1997-03-22"/>
  </code>
</codes>
<codes class="bip:topics:1.0">
  <code code="M12">
    <editdetail attribution="Reuters BIP Coding Group" action="confirmed" date="1997-03-22"/>
  </code>
  <code code="MCAT">
    <editdetail attribution="Reuters BIP Coding Group" action="confirmed" date="1997-03-22"/>
  </code>
</codes>
<dc element="dc.publisher" value="Reuters Holdings Plc"/>
<dc element="dc.date.published" value="1997-03-22"/>
<dc element="dc.source" value="Reuters"/>
<dc element="dc.creator.location.country.name" value="INDIA"/>
<dc element="dc.source" value="Reuters"/>
</metadata>
</newsitem>
