<?xml version="1.0" encoding="iso-8859-1" ?>
<newsitem itemid="461700" id="root" date="1997-03-22" xml:lang="en">
<title>USA: FBI probes funds charge against Burton - report.</title>
<headline>FBI probes funds charge against Burton - report.</headline>
<dateline>WASHINGTON 1997-03-21</dateline>
<text>
<p>The FBI has begun a preliminary inquiry into allegations that Republican Representative Dan Burton of Indiana threatened a lobbyist with loss of work last year if he did not raise funds for Burton's campaign, the Washington Post reported Saturday.</p>
<p>An FBI agent had scheduled an interview next week with Mark Siegel, a former lobbyist for the Pakistani government, who alleged in a memo that he was &quot;shaken down&quot; by Burton, the newspaper said, quoting Siegel's lawyer.</p>
<p>Siegel's accusations, which Burton has denied, were reported in the Post Wednesday. The lobbyist for the government of former Prime Minister Benazir Bhutto said he was approached by Burton early last year to raise &quot;at least $5,000&quot; for his re-election campaign.</p>
<p>When he was unable to do so, Siegel said, the congressman complained to the then-ambassador for Pakistan in Washington and later threatened to make sure &quot;none of his friends or colleagues&quot; would meet with Siegel or his associates.</p>
<p>As chairman of the House Government Reform and Oversight Committee, Burton is leading the highly publicised investigation of alleged fund-raising abuses in last year's election campaigns.</p>
<p>The report of the FBI inquiry came as the House voted Friday to give Burton's committee a $3.8 million budget to probe possible Democratic fund-raising abuses.</p>
<p>Following the funding approval, Burton said he did not expect to begin hearings for a month or more. He also said Republican leaders supported him despite his own fund-raising controversy.</p>
<p>&quot;They are all behind me 100 percent,&quot; Burton said. &quot;I am probably going to be attacked again and again and again and again because I'm in the position I'm in.&quot;</p>
</text>
<copyright>(c) Reuters Limited 1997</copyright>
<metadata>
<codes class="bip:countries:1.0">
  <code code="USA">
    <editdetail attribution="Reuters BIP Coding Group" action="confirmed" date="1997-03-22"/>
  </code>
</codes>
<codes class="bip:topics:1.0">
  <code code="GCAT">
    <editdetail attribution="Reuters BIP Coding Group" action="confirmed" date="1997-03-22"/>
  </code>
  <code code="GPOL">
    <editdetail attribution="Reuters BIP Coding Group" action="confirmed" date="1997-03-22"/>
  </code>
</codes>
<dc element="dc.date.created" value="1997-03-21"/>
<dc element="dc.publisher" value="Reuters Holdings Plc"/>
<dc element="dc.date.published" value="1997-03-22"/>
<dc element="dc.source" value="Reuters"/>
<dc element="dc.creator.location" value="WASHINGTON"/>
<dc element="dc.creator.location.country.name" value="USA"/>
<dc element="dc.source" value="Reuters"/>
</metadata>
</newsitem>
