<?xml version="1.0" encoding="iso-8859-1" ?>
<newsitem itemid="461831" id="root" date="1997-03-22" xml:lang="en">
<title>PHILIPPINES: Philippines makes defector feel at home.</title>
<headline>Philippines makes defector feel at home.</headline>
<byline>Katherine Espina</byline>
<dateline>MANILA 1997-03-22</dateline>
<text>
<p>Top North Korean defector Hwang Jang-yop is under heavy guard in a safe place, eats Korean dishes prepared by a specially hired cook and spends his time watching cable TV, senior Philippine military officers said on Saturday.</p>
<p>They said they had not detected the presence of any Pyongyang hitmen who might try to kill Hwang and that two North Korean agents who slipped into the Philipines several years ago were now married to Filipinos and leading quiet lives.</p>
<p>The two former agents, a man and a woman, entered the country using Nepalese passports, the officers said.</p>
<p>&quot;But we are on the lookout,&quot; one officer said, asking not to be identified. He said about 20 military agents were keeping guard over Hwang.</p>
<p>Hwang is not allowed to see any visitors but occasionally chats with his cook and doctor, the officers said.</p>
<p>&quot;He is in good condition .... He is staying in one place. His safety is paramount,&quot; Major General Benjamin Libarnes, intelligence chief of the Armed Forces of the Philippines, told reporters.</p>
<p>Libarnes said a cook who specialises in Korean dishes had been hired to provide for the defector's culinary needs.</p>
<p>But he refused to disclose the exact whereabouts of Pyongyang's top ideologue, who defected to the South Korean mission in Beijing on February 12 and was whisked off to the Philippines on Tuesday.</p>
<p>A special presidential task force has kept Hwang in a secret hideaway since his arrival in the Philippines.</p>
<p>Asked how long the defector would stay, Libarnes said: &quot;Maybe less than a month.&quot;</p>
<p>President Fidel Ramos said last Wednesday that the Philipines had agreed to offer temporary shelter to Hwang but stressed that his stay would be &quot;as short as possible.&quot;</p>
<p>Ramos has refused to give details on the whereabouts of the 73-year old Hwang, saying his safety was &quot;of paramount importance.&quot;</p>
<p>Hwang's Philippine detour is seen as a compromise in the standoff between Pyongyang and Seoul over his fate. It allows North Korea to save face by not having Hwang go directly to bitter rival South Korea, where he is expected to receive political asylum.</p>
<p>Since Hwang's arrival, rumours have circulated about possible threats to his life.</p>
<p>Military officers earlier said Hwang was flown to the northern mountain resort of Baguio after his arrival at the Clark special economic zone -- formerly the U.S. Clark air base -- 80 km (50 miles) north of Manila.</p>
<p>A defence official said he believed Hwang was being kept at the military intelligence compound in Manila's Camp Aguinaldo.</p>
<p>Libarnes said Hwang was staying in a &quot;private facility&quot; and not in any American or South Korean establishment.</p>
<p>He said neither the United States Central Intelligence Agency nor any South Korean or Chinese military personnel were involved in the operations to secure Hwang's safety in the Philippines.</p>
<p>Asked how difficult a task it was to protect Hwang, Libarnes said: &quot;It's peanuts.&quot;</p>
<p>Three days after Hwang fled to Seoul's mission in Beijing, a prominent North Korean defector was fatally shot near Seoul in an attack seen as retaliation for Hwang's defection. The victim, Li Il-nam, was a nephew of the former wife of North Korean leader Kim Jong-il.</p>
</text>
<copyright>(c) Reuters Limited 1997</copyright>
<metadata>
<codes class="bip:countries:1.0">
  <code code="CHINA">
    <editdetail attribution="Reuters BIP Coding Group" action="confirmed" date="1997-03-22"/>
  </code>
  <code code="NKOREA">
    <editdetail attribution="Reuters BIP Coding Group" action="confirmed" date="1997-03-22"/>
  </code>
  <code code="PHLNS">
    <editdetail attribution="Reuters BIP Coding Group" action="confirmed" date="1997-03-22"/>
  </code>
  <code code="SKOREA">
    <editdetail attribution="Reuters BIP Coding Group" action="confirmed" date="1997-03-22"/>
  </code>
</codes>
<codes class="bip:topics:1.0">
  <code code="GCAT">
    <editdetail attribution="Reuters BIP Coding Group" action="confirmed" date="1997-03-22"/>
  </code>
  <code code="GDIP">
    <editdetail attribution="Reuters BIP Coding Group" action="confirmed" date="1997-03-22"/>
  </code>
  <code code="GPRO">
    <editdetail attribution="Reuters BIP Coding Group" action="confirmed" date="1997-03-22"/>
  </code>
</codes>
<dc element="dc.date.created" value="1997-03-22"/>
<dc element="dc.publisher" value="Reuters Holdings Plc"/>
<dc element="dc.date.published" value="1997-03-22"/>
<dc element="dc.source" value="Reuters"/>
<dc element="dc.creator.location" value="MANILA"/>
<dc element="dc.creator.location.country.name" value="PHILIPPINES"/>
<dc element="dc.source" value="Reuters"/>
</metadata>
</newsitem>
