<?xml version="1.0" encoding="iso-8859-1" ?>
<newsitem itemid="461815" id="root" date="1997-03-22" xml:lang="en">
<title>SRI LANKA: Sri Lanka ruling coalition sweeps local polls.</title>
<headline>Sri Lanka ruling coalition sweeps local polls.</headline>
<dateline>COLOMBO 1997-03-22</dateline>
<text>
<p>Sri Lanka's ruling People's Alliance (PA) coalition won a landslide victory in local polls on Saturday, taking more than 80 percent of the 225 councils where results were declared, state radio reported.</p>
<p>The radio quoted officials of the Election Department as saying that PA had won 184 local councils and the main opposition United National Party 40 in polls for 238 municipal, urban and other smaller bodies held on Friday.  </p>
<p>One local council was won by an independent group, state radio reported.</p>
<p>Results for the remaining 13 councils were expected soon.</p>
<p>Officials said the PA has won a larger percentage of votes in rural areas while the UNP performed better in urban centres.</p>
</text>
<copyright>(c) Reuters Limited 1997</copyright>
<metadata>
<codes class="bip:countries:1.0">
  <code code="SRILAN">
    <editdetail attribution="Reuters BIP Coding Group" action="confirmed" date="1997-03-22"/>
  </code>
</codes>
<codes class="bip:topics:1.0">
  <code code="GCAT">
    <editdetail attribution="Reuters BIP Coding Group" action="confirmed" date="1997-03-22"/>
  </code>
  <code code="GPOL">
    <editdetail attribution="Reuters BIP Coding Group" action="confirmed" date="1997-03-22"/>
  </code>
  <code code="GVOTE">
    <editdetail attribution="Reuters BIP Coding Group" action="confirmed" date="1997-03-22"/>
  </code>
</codes>
<dc element="dc.date.created" value="1997-03-22"/>
<dc element="dc.publisher" value="Reuters Holdings Plc"/>
<dc element="dc.date.published" value="1997-03-22"/>
<dc element="dc.source" value="Reuters"/>
<dc element="dc.creator.location" value="COLOMBO"/>
<dc element="dc.creator.location.country.name" value="SRI LANKA"/>
<dc element="dc.source" value="Reuters"/>
</metadata>
</newsitem>
