<?xml version="1.0" encoding="iso-8859-1" ?>
<newsitem itemid="461804" id="root" date="1997-03-22" xml:lang="en">
<title>PAKISTAN: Mild quake jolts southwestern Pakistan.</title>
<headline>Mild quake jolts southwestern Pakistan.</headline>
<dateline>ISLAMABAD 1997-03-22</dateline>
<text>
<p>A mild earthquake jolted parts of Pakistan's southwestern province of Baluchistan on Saturday, but there was no immediate information about any casualties or damage, officials said.</p>
<p>A seismic centre in the northwestern city of Peshawar measured the quake at 4.8 on the Richter scale and said it was centred near the mountainous Harnai area, about 555 km (345 miles) southwest of there.</p>
<p>On Wednesday, a moderate earthquake in the same region brought down eight mud-and-stone houses and injured at least three people. A day earlier, a quake measuring 5.5 on the Richter scale in a northwestern border region killed 10 people.</p>
<p>More than 50 people were killed in and near Quetta on February 28 by a quake that measured 6.2 on the Richter scale and was centred in the Koh-i-Suleman mountain range near the Afghan border.</p>
</text>
<copyright>(c) Reuters Limited 1997</copyright>
<metadata>
<codes class="bip:countries:1.0">
  <code code="PAKIS">
    <editdetail attribution="Reuters BIP Coding Group" action="confirmed" date="1997-03-22"/>
  </code>
</codes>
<codes class="bip:topics:1.0">
  <code code="GCAT">
    <editdetail attribution="Reuters BIP Coding Group" action="confirmed" date="1997-03-22"/>
  </code>
  <code code="GDIS">
    <editdetail attribution="Reuters BIP Coding Group" action="confirmed" date="1997-03-22"/>
  </code>
</codes>
<dc element="dc.date.created" value="1997-03-22"/>
<dc element="dc.publisher" value="Reuters Holdings Plc"/>
<dc element="dc.date.published" value="1997-03-22"/>
<dc element="dc.source" value="Reuters"/>
<dc element="dc.creator.location" value="ISLAMABAD"/>
<dc element="dc.creator.location.country.name" value="PAKISTAN"/>
<dc element="dc.source" value="Reuters"/>
</metadata>
</newsitem>
