<?xml version="1.0" encoding="iso-8859-1" ?>
<newsitem itemid="461821" id="root" date="1997-03-22" xml:lang="en">
<title>BANGLADESH: Dhaka stocks seen down ahead of opposition strike.</title>
<headline>Dhaka stocks seen down ahead of opposition strike.</headline>
<dateline>DHAKA 1997-03-22</dateline>
<text>
<p>Shares on the Dhaka Stocks Exchange (DSE) are likely to maintain a downtrend ahead of an expected nationwide strike on Sunday, brokers said.</p>
<p>&quot;We were expecting that the market would start recovering from today. But it is now almost unlikely due to the strike,&quot; said broker Shakil Rizvi. The opposition Bangladesh Nationalist Party (BNP) has called a strike for Sunday in its first major move to destabilise the government of Sheikh Hasina.</p>
<p>The DSE all-share price index closed 6.42 points or 0.5 percent down at 1,273.85 on turnover of 79.1 million taka on Thursday.</p>
<p>-- Dhaka Newsroom +880-2-506363</p>
</text>
<copyright>(c) Reuters Limited 1997</copyright>
<metadata>
<codes class="bip:countries:1.0">
  <code code="BANDH">
    <editdetail attribution="Reuters BIP Coding Group" action="confirmed" date="1997-03-22"/>
  </code>
</codes>
<codes class="bip:topics:1.0">
  <code code="M11">
    <editdetail attribution="Reuters BIP Coding Group" action="confirmed" date="1997-03-22"/>
  </code>
  <code code="MCAT">
    <editdetail attribution="Reuters BIP Coding Group" action="confirmed" date="1997-03-22"/>
  </code>
</codes>
<dc element="dc.date.created" value="1997-03-22"/>
<dc element="dc.publisher" value="Reuters Holdings Plc"/>
<dc element="dc.date.published" value="1997-03-22"/>
<dc element="dc.source" value="Reuters"/>
<dc element="dc.creator.location" value="DHAKA"/>
<dc element="dc.creator.location.country.name" value="BANGLADESH"/>
<dc element="dc.source" value="Reuters"/>
</metadata>
</newsitem>
