<?xml version="1.0" encoding="iso-8859-1" ?>
<newsitem itemid="461818" id="root" date="1997-03-22" xml:lang="en">
<title>PAKISTAN: Pakistan goes for growth as IMF suspends loan.</title>
<headline>Pakistan goes for growth as IMF suspends loan.</headline>
<byline>Alistair Lyon</byline>
<dateline>ISLAMABAD 1997-03-22</dateline>
<text>
<p>Pakistan's Finance Minister Sartaj Aziz has promised a bold new strategy for export-led growth, but financial markets may react nervously to the suspension of an IMF standby loan, analysts said on Saturday.</p>
<p>They said the Karachi stock market was likely to plunge when it reopens on Monday while the rupee might slip in the kerb market after Friday's announcement that the International Monetary Fund standby arrangement had come to an abrupt end.</p>
<p>Aziz said foreign investors should take heart from what he said was an agreement with the IMF to bring forward negotiations on a softer medium-term loan to support structural adjustment.</p>
<p>&quot;If they look at it in a broad context, in the sense that if our structural reform programme will improve the investment climate, reform the institutions, lighten the tax burden and create more incentives for exports, there should be a very good response from the investors,&quot; he told Reuters in an interview.</p>
<p>&quot;And that, I hope, will improve our credit rating. Our reserves are already up from $600 million to $1 billion and hopefully in the next few weeks they'll improve even further.&quot;</p>
<p>An IMF mission that spent two weeks reviewing Pakistan's economic performance left on Friday without a public statement.</p>
<p>A finance ministry statement quoted the mission as welcoming the government's intention to implement structural reforms.</p>
<p>&quot;It endorses the government's desire to move decisively to take radical measures for the reform of taxes and of tax administration as well as for accelerated privatisation and the revival of the industrial and agricultural sectors.</p>
<p>&quot;The government's policy package, when implemented fully, will lay the basis for a transition to negotiations of a medium-term ESAF/EFF arrangement,&quot; it said, referring to IMF enhanced structural adjustment and extended fund facilities.</p>
<p>But analysts in Karachi said the collapse of the $830 million standby loan, of which the last $360 million was to have been disbursed by September, would still be seen as a blow.</p>
<p>&quot;What could be worse?&quot; asked Anisur Rehman, research head at SocGen-Crosby Securities, saying the 100-share index could slide to 1,400 or 1,450 points from Friday's 1,600.80-point close.</p>
<p>&quot;This news is going to take the wind out of stocks for sure,&quot; Sameer Ahmed, sales head at ING Baring Securities, said.</p>
<p>Bankers said the risk attached to investment and lending to Pakistan would jump with no IMF programme in place. &quot;Pakistan's cost of borrowing will skyrocket,&quot; said a foreign banker.</p>
<p>In November Moody's Investors Services cut Pakistan's sovereign ceiling for forex loans to B2 from B1/Not Prime and the ceiling for forex bank deposits to B3 from B2, keeping the latter rating under review for possible further downgrade.</p>
<p>Aziz said the IMF had ended the standby loan because slippages in revenue collection, particularly customs duties, made it impossible to meet the agreed target of cutting the budget deficit to four percent of gross domestic product in 1996/97 (July-June) from 6.3 percent in 1995/96.</p>
<p>&quot;The possibility of achieving that reduction in the budget deficit and improving the balance of payments was not possible unless the structural measures were taken,&quot; he said.</p>
<p>&quot;So in a way we are now achieving the same results, with six or eight months' delay, but through a broader structural programme by broadening the tax base and...reviving the economy.</p>
<p>&quot;We feel that if the economy is not revived, even if the standby programme is carried through absolutely to the last digit, the benefits would be limited,&quot; Aziz said.</p>
<p>Pakistan began a three-year ESAF programme with the IMF in February 1994, but then-prime minister Benazir Bhutto ended it in June 1995, saying her country needed breathing space.</p>
<p>A payments crisis later that year forced Pakistan to negotiate an IMF standby loan agreement, which was suspended in April 1996 because targets were not being met.</p>
<p>After another foreign exchange crunch in October last year, Bhutto's government announced a stabilisation package to get the IMF to resume the standby loan, but more talks were necessary after President Farooq Leghari sacked Bhutto on November 5.</p>
<p>The IMF resumed an expanded standby loan in December when a caretaker government was in power. The present government led by Prime Minister Nawaz Sharif took over after February 3 polls.</p>
</text>
<copyright>(c) Reuters Limited 1997</copyright>
<metadata>
<codes class="bip:countries:1.0">
  <code code="PAKIS">
    <editdetail attribution="Reuters BIP Coding Group" action="confirmed" date="1997-03-22"/>
  </code>
</codes>
<codes class="bip:topics:1.0">
  <code code="E11">
    <editdetail attribution="Reuters BIP Coding Group" action="confirmed" date="1997-03-22"/>
  </code>
  <code code="E12">
    <editdetail attribution="Reuters BIP Coding Group" action="confirmed" date="1997-03-22"/>
  </code>
  <code code="E21">
    <editdetail attribution="Reuters BIP Coding Group" action="confirmed" date="1997-03-22"/>
  </code>
  <code code="E212">
    <editdetail attribution="Reuters BIP Coding Group" action="confirmed" date="1997-03-22"/>
  </code>
  <code code="E51">
    <editdetail attribution="Reuters BIP Coding Group" action="confirmed" date="1997-03-22"/>
  </code>
  <code code="E512">
    <editdetail attribution="Reuters BIP Coding Group" action="confirmed" date="1997-03-22"/>
  </code>
  <code code="ECAT">
    <editdetail attribution="Reuters BIP Coding Group" action="confirmed" date="1997-03-22"/>
  </code>
</codes>
<dc element="dc.date.created" value="1997-03-22"/>
<dc element="dc.publisher" value="Reuters Holdings Plc"/>
<dc element="dc.date.published" value="1997-03-22"/>
<dc element="dc.source" value="Reuters"/>
<dc element="dc.creator.location" value="ISLAMABAD"/>
<dc element="dc.creator.location.country.name" value="PAKISTAN"/>
<dc element="dc.source" value="Reuters"/>
</metadata>
</newsitem>
