<?xml version="1.0" encoding="iso-8859-1" ?>
<newsitem itemid="461800" id="root" date="1997-03-22" xml:lang="en">
<title>PAKISTAN: Afghan Taleban demands seat at Islamic summit.</title>
<headline>Afghan Taleban demands seat at Islamic summit.</headline>
<dateline>ISLAMABAD 1997-03-22</dateline>
<text>
<p>The Islamic Taleban movement on Saturday demanded Afghanistan's empty seat at a summit meeting of the Organisation of Islamic Conference (OIC).</p>
<p>&quot;We control more than 80 percent of the country's area where we have restored peace,&quot; Mufti Masoom Afghani, ambassador at the Taleban-controlled Afghan embassy in Islamabad, told a news conference. &quot;Therefore, we deserve to be given the seat of Afghanistan in the OIC in accordance with international norms.&quot;</p>
<p>A Taleban delegation led by Mullah Mohammad Rabbani, chairman of the militia's ruling interim council, arrived in Islamabad on Friday to try to attend Sunday's summit.</p>
<p>Pakistan says the Taleban will not be able to take up Afghanistan's seat because the OIC adopted a &quot;vacant-seat policy&quot; after the overthrow of the former government led by President Burhanuddin Rabbani in September.</p>
<p>&quot;The seat in the OIC is our right. This seat should be given to us. Keeping Afghanistan out of OIC is unjust,&quot; Afghani said.</p>
<p>He said the Taleban was surprised that claims by Rabbani's government to be recognised as legitimate were still entertained by the OIC, the United States and international organisations even though it did not control the capital, Kabul.</p>
<p>&quot;It is surprising that those who have restored peace in the war-torn country are not being recognised,&quot; he said. &quot;The OIC has no satisfactory reason.&quot;</p>
<p>Afghani asked OIC members to open their embassies in Kabul and let the Taleban take over embassies in their countries.</p>
<p>He said the Taleban had pacified the country, stopped drug smuggling and collected weapons. &quot;We have taken back arms from unauthorised people and restored the rule of Islamic law.</p>
<p>&quot;From Salang Pass to Herat, anyone can move freely without any fear and without being looted or checked,&quot; he said. &quot;On the other hand, areas controlled by our opponents are not safe and people are looted and subjected to torture.&quot;</p>
<p>He accused Russia, India, Uzbekistan and Iran of backing anti-Taleban forces. &quot;There are indications that Uzbekistan supports (northern opposition leader) General Abdul Rasheed Dostum. Iran, Russia and India also support our opponents.&quot;</p>
<p>Afghani said the opposition groups were divided and areas they controlled would soon fall to the Taleban.</p>
<p>&quot;Things have reached a stage where Dostum is himself leading his troops on the front, no one knows where Rabbani lives, while (former government commander) Ahmad Shah Masood is trying to escape to Tajikistan,&quot; he said.</p>
<p>Afghani said the Taleban did not want to meddle in other countries and demanded that this policy be reciprocated. &quot;We neither interfere in the affairs of any other country nor will we allow anyone else to interfere in our affairs,&quot; he said.</p>
<p>Afghani denied reports that the Taleban was holding 31 men from Pakistan's Anti-Narcotics Force (ANF) who had chased drug smugglers across the border into Afghanistan.</p>
<p>&quot;They might have been taken to somewhere else but not into Afghanistan,&quot; he said. &quot;Gone are the days when kidnapped people were taken to Afghanistan. Now no one can dare to do it.&quot;</p>
<p>Officials in the Pakistani border city of Quetta said on Saturday that Afghan consulate officials and the head of the ANF had gone to the Afghan town of Lashkargarh, about 10 km (six miles) inside the border, to try to obtain the release of the Pakistanis, who they said had been detained on Friday.</p>
</text>
<copyright>(c) Reuters Limited 1997</copyright>
<metadata>
<codes class="bip:countries:1.0">
  <code code="AFGH">
    <editdetail attribution="Reuters BIP Coding Group" action="confirmed" date="1997-03-22"/>
  </code>
  <code code="ISLAM">
    <editdetail attribution="Reuters BIP Coding Group" action="confirmed" date="1997-03-22"/>
  </code>
  <code code="PAKIS">
    <editdetail attribution="Reuters BIP Coding Group" action="confirmed" date="1997-03-22"/>
  </code>
</codes>
<codes class="bip:topics:1.0">
  <code code="GCAT">
    <editdetail attribution="Reuters BIP Coding Group" action="confirmed" date="1997-03-22"/>
  </code>
  <code code="GDIP">
    <editdetail attribution="Reuters BIP Coding Group" action="confirmed" date="1997-03-22"/>
  </code>
</codes>
<dc element="dc.date.created" value="1997-03-22"/>
<dc element="dc.publisher" value="Reuters Holdings Plc"/>
<dc element="dc.date.published" value="1997-03-22"/>
<dc element="dc.source" value="Reuters"/>
<dc element="dc.creator.location" value="ISLAMABAD"/>
<dc element="dc.creator.location.country.name" value="PAKISTAN"/>
<dc element="dc.source" value="Reuters"/>
</metadata>
</newsitem>
