<?xml version="1.0" encoding="iso-8859-1" ?>
<newsitem itemid="461813" id="root" date="1997-03-22" xml:lang="en">
<title>INDIA: Indian Shipping - Bombay/Kandla cargoes - March 22.</title>
<headline>Indian Shipping - Bombay/Kandla cargoes - March 22.</headline>
<dateline>BOMBAY 1997-03-22</dateline>
<text>
<p>Following is Saturday's berthing schedule of major vessels unloading at Bombay and Kandla ports:</p>
<p>   Commodity	  Tons/TEUs    Port    Ship	     Berthing</p>
<p>---------------------------------------------------------------</p>
<p>   Containers	  2,644/173    ID   Kota Cahaya	 16/03</p>
<p>   Containers	  2,395/154    ID   Oribi		 19/03</p>
<p>   Containers	  4,871/554    ID   Maria S	     20/03</p>
<p>   Containers	  2,341/185    ID   Lanka Ruwan	 18/03</p>
<p>   Containers	  1,938/176    ID   Jaya Mars	   20/03</p>
<p>   General/cont.	 553/131    ID   Global Falcon     18/03</p>
<p>   Sulphur		  955/--    ID   Dima 2		20/03</p>
<p>   Containers		98/49    ID   Jala Tapi	   20/03</p>
<p>   Containers	  3,056/281    ID   Meghna		20/03</p>
<p>   Containers		--/--    ID   Star Light	  21/03</p>
<p>   General/cont.	  613/68    ID   Global Falcon     18/03</p>
<p>   General		2,504/--    ID   Bhavabhuti	  17/03</p>
<p>   Sulphur		1,796/--    ID   Sedan		 12/03</p>
<p>   Gen./cont.	   1,426/47    ID   Vishva Nandini    18/03</p>
<p>   General/cont.	1,120/--    ID   Radnoti	     03/03</p>
<p>   Containers	  1,953/158    ID   Ocean Lemon	 19/03</p>
<p>   Gen./cont.	   1,258/46    ID   Magdeburg	   17/03</p>
<p>   Pulses,logs &amp; gen.   508/--    ID   Mantis 1	    11/03</p>
<p>   Rice		   1,016/--    ID   Oscar Venus	 20/03</p>
<p>   Oil cake	     1,441/--    ID   Shun V1	     18/03</p>
<p>   Gen./cont.	    1,315/2    ID   Al Rayyan	   18/03</p>
<p>   Cal.Carbide/gen.     147/--    ID   Long Chuan	  20/03</p>
<p>   Containers	  3,815/345    ID   Tulsidas	    19/03</p>
<p>---------------------------------------------------------------</p>
<p>Liquid cargo tankers:</p>
<p>   Butadiene		   998    KD   Prince Alexander  OJ-1</p>
<p>   Butane		    9,000    KD   Hesoid		0J-11</p>
<p>   HSD			18,000    KD   Jag Praja	   VJ-11</p>
<p>   HSD			45,000    KD   OBO Samos	   stream</p>
<p>   MS			 20,000    KD   Nike		  stream</p>
<p>   HSD			41,000    ID   Jag Pranam	  stream</p>
<p>   HSD			45,000    ID   Byzation	    stream</p>
<p>   HSD			33,000    ID   Tomis North	 stream</p>
<p>   SKO			27,007    ID   Bharatidasan	stream</p>
<p>   MS			 23,300    ID   Athenian Success  stream</p>
<p>   HSD			45,000    ID   Jag Pratap	  stream</p>
<p>   Butadiene		 1,683    ID   GAZ Adriatic	stream</p>
<p>   HSD			46,968    ID   A.K.Pal	     stream</p>
<p>   HSD			38,000    ID   Jag Puja	    stream</p>
<p>   HSD			44,000    ID   Sanmar Symphony   stream</p>
<p>   HSD			33,000    ID   Tomis Wave	  stream</p>
<p>   Chemicals		 2,000    ID   Stolt Wave	  stream</p>
<p>   HSD			16,500    ID   Jhulelal	    stream</p>
<p>   Butane		    9,000    ID   Maralunga	   stream</p>
<p>   HSD			44,000    ID   Sanmar Sentinal   stream</p>
<p>   Chemicals		15,000    ID   Load Star Prince  21/03</p>
<p>   Chemicals		 6,000    ID   Jipro Star	  21/03</p>
<p>   HSD			44,000    ID   Jag Pavitra	 21/03</p>
<p>   HSD			 5,000    ID   OWL Trader	  22/03</p>
<p>   Chemicals		 8,000    ID   Jag Pradeep	 22/03</p>
<p>   Butane		    9,035    ID   Bow Lion	    22/03</p>
<p>   Phos.Acid		23,000    ID   Zallaq		22/03</p>
<p>   Chemicals		 2,675    ID   Sarinaz	     24/03</p>
<p>   Crude palm stearine oil 5,993  ID   Man of Star	 26/03</p>
<p>   Chemicals		 6,000    ID   Bow Heron	   27/03</p>
<p>   HSD			31,820    ID   Maykop		28/03</p>
<p>   Chemicals		 8,000    ID   NCC Yamamah	 28/03</p>
<p>----------------------------------------------------------------</p>
<p>Ships awaiting berth:</p>
<p>  Pulses/gen.	 4,026/4,000   P&amp;V  Feng De Shan	17/03</p>
<p>  Sunflour oil	     15,750   ID   Iver Katana	 18/03</p>
<p>  Containers		    572   ID   Barzan		20/03</p>
<p>Cont./veh./steel/reels</p>
<p>		    160/113/800/213   ID   Ibn Abdoun	  20/03</p>
<p>--------------------------------------------------------------</p>
<p>Berthing vessels :</p>
<p>Pulses/logs/gen.</p>
<p>		  6,167/886/15,000    ID   Gios		  15/03</p>
<p>  SBM/reapeseed meal 9,000/1,000  ID   Golden Star	 18/03</p>
<p>  Containers		   468    ID   ORient Challenge  20/03</p>
<p>  Containers		   650    ID   Sinar Toba	  20/03</p>
<p>  Containers		   874    ID   Wilma		 21/03</p>
<p>---------------------------------------------------------------</p>
<p>BPT: Bombay Port Trust</p>
<p>ID:  Bombay Indira Docks, Harbour Wall</p>
<p>P&amp;V: Bombay Princess and Victoria Docks</p>
<p>KD:  Kandla</p>
<p>-- Bombay newsroom +91-22-265 9000</p>
</text>
<copyright>(c) Reuters Limited 1997</copyright>
<metadata>
<codes class="bip:countries:1.0">
  <code code="INDIA">
    <editdetail attribution="Reuters BIP Coding Group" action="confirmed" date="1997-03-22"/>
  </code>
</codes>
<codes class="bip:industries:1.0">
  <code code="I74000">
    <editdetail attribution="Reuters BIP Coding Group" action="confirmed" date="1997-03-22"/>
  </code>
  <code code="I76300">
    <editdetail attribution="Reuters BIP Coding Group" action="confirmed" date="1997-03-22"/>
  </code>
  <code code="I77002">
    <editdetail attribution="Reuters BIP Coding Group" action="confirmed" date="1997-03-22"/>
  </code>
</codes>
<codes class="bip:topics:1.0">
  <code code="CCAT">
    <editdetail attribution="Reuters BIP Coding Group" action="confirmed" date="1997-03-22"/>
  </code>
  <code code="M14">
    <editdetail attribution="Reuters BIP Coding Group" action="confirmed" date="1997-03-22"/>
  </code>
  <code code="MCAT">
    <editdetail attribution="Reuters BIP Coding Group" action="confirmed" date="1997-03-22"/>
  </code>
</codes>
<dc element="dc.date.created" value="1997-03-22"/>
<dc element="dc.publisher" value="Reuters Holdings Plc"/>
<dc element="dc.date.published" value="1997-03-22"/>
<dc element="dc.source" value="Reuters"/>
<dc element="dc.creator.location" value="BOMBAY"/>
<dc element="dc.creator.location.country.name" value="INDIA"/>
<dc element="dc.source" value="Reuters"/>
</metadata>
</newsitem>
