<?xml version="1.0" encoding="iso-8859-1" ?>
<newsitem itemid="461819" id="root" date="1997-03-22" xml:lang="en">
<title>INDIA: Gunmen kill seven Hindus in Kashmir - agency.</title>
<headline>Gunmen kill seven Hindus in Kashmir - agency.</headline>
<dateline>NEW DELHI 1997-03-22</dateline>
<text>
<p>Unidentified gunmen shot dead seven Hindus near a village in Kashmir's Badgam district, the Press Trust of India (PTI) said on Saturday.</p>
<p>The news agency, quoting police, said the incident took place on Friday night at Sangrampur-Beerwah in the district forming part of India's Jammu and Kashmir state, where Moslem separatists have been waging a seven-year-old rebellion.  </p>
<p>The United News of India (UNI) said the victims were forced out of their homes before being shot. Three bodies were spotted in the area on Saturday morning, it said.</p>
<p>It said senior police officials had rushed to the site of the incident, but gave no other details.</p>
<p>Violence against Hindus in the province, mainly Hindu India's only Moslem majority state, is usually blamed on Islamic separatists.</p>
<p>Thousands of minority Hindus, called Pandits in the Himalayan valley, fled Kashmir after the beginning of the rebellion in the region, where violence linked to insurgency has claimed more than 20,000 lives in the past seven years.</p>
</text>
<copyright>(c) Reuters Limited 1997</copyright>
<metadata>
<codes class="bip:countries:1.0">
  <code code="INDIA">
    <editdetail attribution="Reuters BIP Coding Group" action="confirmed" date="1997-03-22"/>
  </code>
</codes>
<codes class="bip:topics:1.0">
  <code code="GCAT">
    <editdetail attribution="Reuters BIP Coding Group" action="confirmed" date="1997-03-22"/>
  </code>
  <code code="GVIO">
    <editdetail attribution="Reuters BIP Coding Group" action="confirmed" date="1997-03-22"/>
  </code>
</codes>
<dc element="dc.date.created" value="1997-03-22"/>
<dc element="dc.publisher" value="Reuters Holdings Plc"/>
<dc element="dc.date.published" value="1997-03-22"/>
<dc element="dc.source" value="Reuters"/>
<dc element="dc.creator.location" value="NEW DELHI"/>
<dc element="dc.creator.location.country.name" value="INDIA"/>
<dc element="dc.source" value="Reuters"/>
</metadata>
</newsitem>
