<?xml version="1.0" encoding="iso-8859-1" ?>
<newsitem itemid="461830" id="root" date="1997-03-22" xml:lang="en">
<title>FINLAND: Russia says not beaten on NATO but critics fume.</title>
<headline>Russia says not beaten on NATO but critics fume.</headline>
<byline>Philippa Fletcher</byline>
<dateline>HELSINKI 1997-03-22</dateline>
<text>
<p>Russia insisted on Saturday it had won a good deal at the summit with the United States, hailing it as a breakthrough and denying charges it had been outflanked on NATO enlargement or bought off by the West.</p>
<p>Asked at a news conference whether Russia's bargaining position with the Western alliance had been weakened, Foreign Minister Yevgeny Primakov said: &quot;Russia stands by its negative position on NATO enlargement, and the agreement which we want to sign with NATO is not a pay-off for giving up that position.&quot;</p>
<p>&quot;What happened yesterday was a real breakthrough,&quot; he added.</p>
<p>Hardline opponents in Moscow begged to differ.</p>
<p>&quot;The meeting was a capitulation by the current traitorous Russian regime before the United States and NATO,&quot; said the communist daily Sovietskaya Rossiya.</p>
<p>Russian President Boris Yeltsin agreed at the two-day summit with U.S. President Bill Clinton to sign a charter building a new relationship with NATO, despite Moscow's continued opposition to the eastward expansion of the alliance.</p>
<p>Yeltsin dropped a demand that the charter be legally binding and also promised to minimise differences with the West over NATO enlargement, drawing charges from opponents in Russia's parliament (Duma) that Moscow had caved in to shameful defeat.</p>
<p>Both sides portrayed the summit as an even-handed affair with compromises, although Clinton made none on NATO.</p>
<p>The summit agreement on NATO, Primakov said, would &quot;make it more helpful for us to move towards signing the appropriate agreements&quot;. Decisions reached in Helsinki &quot;coincide to a great degree with requirements voiced in the Duma&quot;.</p>
<p>But the communist Duma speaker Gennady Seleznyov poured cold water on this notion, telling Itar-Tass news agency: &quot;Plans to expand NATO to the east will inevitably lead to new lines of division in Europe and the revival of a pyschological climate of suspicion and hostility.&quot;</p>
<p>Clinton, who arrived home early on Saturday, and Yeltsin did give their post-Cold War partnership a boost with a range of agreements covering issues from Russia's economic place on the world stage to a pledge of further cuts in nuclear weapons.</p>
<p>Although they publicly agreed to differ on NATO enlargement, Yeltsin appeared to have made concessions which enraged his hardline critics at home but delighted the Western alliance and former Soviet bloc states which are clamouring to join.</p>
<p>Poland, expected to be among several former Soviet bloc states invited to start membership talks at a summit of the 16-nation alliance in July, said the Helsinki agreement meant that Russia had accepted NATO enlargement would go ahead.</p>
<p>But Yeltsin, who was to fly back to Moscow later on Saturday after meeting Finnish President Martti Ahtisaari for talks and lunch, stuck to his public line that Moscow views NATO enlargement as a mistake and as a threat to Russia's security.</p>
<p>The meeting was dubbed the &quot;summit of the invalids&quot;, with Clinton confined to a wheelchair following a leg injury and Yeltsin still recovering from heart surgery and illness.</p>
<p>Yeltsin had to avoid looking weak in front of his communist and nationalist critics at home, while Clinton wanted to stress the West's real intention of a partnership with Russia.</p>
<p>In Moscow, Communist leader Gennady Zyuganov said on Friday Russia had been dealt a &quot;crushing defeat&quot;, comparable to the 1919 Versailles Treaty which imposed humiliating conditions on Germany at the end of World War One.</p>
<p>Liberals in Moscow were less agitated but Western analysts also saw Yeltsin as the loser.</p>
<p>&quot;This is not an equitable result...you have to worry about the endurance and stability of a result that is not equitable,&quot; said John Steinbruner at Washington's Brookings Institution.</p>
<p>However, Yeltsin and Clinton did resolve a dispute over missile defences at their summit and held out the prospect of more talks on cutting their long-range nuclear arsenals.</p>
<p>On economic matters, Clinton promised to try to get Russia into key global economic groupings such as the World Trade Organisation. Yeltsin promised to reform Russia's creaking tax regime and to crack down on corruption and organised crime.</p>
</text>
<copyright>(c) Reuters Limited 1997</copyright>
<metadata>
<codes class="bip:countries:1.0">
  <code code="FIN">
    <editdetail attribution="Reuters BIP Coding Group" action="confirmed" date="1997-03-22"/>
  </code>
  <code code="NATO">
    <editdetail attribution="Reuters BIP Coding Group" action="confirmed" date="1997-03-22"/>
  </code>
  <code code="RUSS">
    <editdetail attribution="Reuters BIP Coding Group" action="confirmed" date="1997-03-22"/>
  </code>
  <code code="USA">
    <editdetail attribution="Reuters BIP Coding Group" action="confirmed" date="1997-03-22"/>
  </code>
</codes>
<codes class="bip:topics:1.0">
  <code code="GCAT">
    <editdetail attribution="Reuters BIP Coding Group" action="confirmed" date="1997-03-22"/>
  </code>
  <code code="GDEF">
    <editdetail attribution="Reuters BIP Coding Group" action="confirmed" date="1997-03-22"/>
  </code>
  <code code="GDIP">
    <editdetail attribution="Reuters BIP Coding Group" action="confirmed" date="1997-03-22"/>
  </code>
</codes>
<dc element="dc.date.created" value="1997-03-22"/>
<dc element="dc.publisher" value="Reuters Holdings Plc"/>
<dc element="dc.date.published" value="1997-03-22"/>
<dc element="dc.source" value="Reuters"/>
<dc element="dc.creator.location" value="HELSINKI"/>
<dc element="dc.creator.location.country.name" value="FINLAND"/>
<dc element="dc.source" value="Reuters"/>
</metadata>
</newsitem>
