<?xml version="1.0" encoding="iso-8859-1" ?>
<newsitem itemid="461824" id="root" date="1997-03-22" xml:lang="en">
<title>BELGIUM: EU Commission &quot;takes note&quot; of Yeltsin's EU bid.</title>
<headline>EU Commission &quot;takes note&quot; of Yeltsin's EU bid.</headline>
<dateline>BRUSSELS 1997-03-22</dateline>
<text>
<p>The European Commission, the executive body of the European Union, said on Saturday it &quot;takes note&quot; of a statement by Russian President Boris Yeltsin earlier today that his country wanted to join the EU.</p>
<p>&quot;We take note of Russian President Yeltsin's declaration. One should be reminded that we do have a partnership and cooperation agreement which was signed in Corfu the 24th of June 1994. It has not been ratified yet, but our relations are based on that,&quot; a Commission spokesman told Reuters. He declined further comment.  </p>
<p>EU Commission &quot;takes note&quot; of Yeltsin's EU bid</p>
<p>The spokesman added that Yeltsin's statement may be discussed at the Council of EU Foreign Ministers on Monday.</p>
<p>&quot;(Russia) is aiming  to be recognised finally as a full European state and we are also prepared to join the European Union,&quot; Yeltsin told reporters in Helsinki on Saturday, a day after his summit meeting with U.S. President Bill Clinton.</p>
<p>The EU-Russia partnership and cooperation agreement is designed to forge commercial and other links and to liberalise trade. But the deal has not been fully ratified and Moscow has not formally applied to join the 15-nation EU bloc.</p>
</text>
<copyright>(c) Reuters Limited 1997</copyright>
<metadata>
<codes class="bip:countries:1.0">
  <code code="EEC">
    <editdetail attribution="Reuters BIP Coding Group" action="confirmed" date="1997-03-22"/>
  </code>
  <code code="RUSS">
    <editdetail attribution="Reuters BIP Coding Group" action="confirmed" date="1997-03-22"/>
  </code>
</codes>
<codes class="bip:topics:1.0">
  <code code="G15">
    <editdetail attribution="Reuters BIP Coding Group" action="confirmed" date="1997-03-22"/>
  </code>
  <code code="G158">
    <editdetail attribution="Reuters BIP Coding Group" action="confirmed" date="1997-03-22"/>
  </code>
  <code code="GCAT">
    <editdetail attribution="Reuters BIP Coding Group" action="confirmed" date="1997-03-22"/>
  </code>
  <code code="GDIP">
    <editdetail attribution="Reuters BIP Coding Group" action="confirmed" date="1997-03-22"/>
  </code>
</codes>
<dc element="dc.date.created" value="1997-03-22"/>
<dc element="dc.publisher" value="Reuters Holdings Plc"/>
<dc element="dc.date.published" value="1997-03-22"/>
<dc element="dc.source" value="Reuters"/>
<dc element="dc.creator.location" value="BRUSSELS"/>
<dc element="dc.creator.location.country.name" value="BELGIUM"/>
<dc element="dc.source" value="Reuters"/>
</metadata>
</newsitem>
