<?xml version="1.0" encoding="iso-8859-1" ?>
<newsitem itemid="461817" id="root" date="1997-03-22" xml:lang="en">
<title>INDIA: Bombay bourse carry forward trades - March 22.</title>
<headline>Bombay bourse carry forward trades - March 22.</headline>
<dateline>BOMBAY 1997-03-22</dateline>
<text>
<p>The following is the latest trade data for the top stocks at the Bombay Stock Exchange (BSE) for the carry-forward or &quot;badla&quot; account on Saturday at 11.40 a.m.</p>
<p>SCRIP	 BUY	SELL     AV     LAST	 VOL	VAL</p>
<p>		RATE     RATE    BADLA   RATE	 QTY     (million)</p>
<p>		QTY	QTY     (Rs)    QTY	 ('000)</p>
<p>---------------------------------------------------------------</p>
<p>RELIANCE    1.57     1.58    1.63    1.58     381.15   109.50</p>
<p>		1700     400		 700</p>
<p>TISCO	 1.02     1.03    1.08    1.03     367.90    68.00</p>
<p>		500	4900		 100</p>
<p>SBI	   1.76     1.78    1.80    1.76     385.20   122.00</p>
<p>		1750     4400		 250</p>
<p>ITC	   2.32     2.35    2.43    1.32     148.00    62.50</p>
<p>		 700     9300		 100</p>
<p>---------------------------------------------------------------</p>
<p>The &quot;badla&quot; is interest rate for carry-forward trades. These are arrived through unique transactions which takes into account oversold and overbought positions and money supply.</p>
<p>--Bombay Newsroom +91-22-265-9000</p>
</text>
<copyright>(c) Reuters Limited 1997</copyright>
<metadata>
<codes class="bip:countries:1.0">
  <code code="INDIA">
    <editdetail attribution="Reuters BIP Coding Group" action="confirmed" date="1997-03-22"/>
  </code>
</codes>
<codes class="bip:topics:1.0">
  <code code="M11">
    <editdetail attribution="Reuters BIP Coding Group" action="confirmed" date="1997-03-22"/>
  </code>
  <code code="MCAT">
    <editdetail attribution="Reuters BIP Coding Group" action="confirmed" date="1997-03-22"/>
  </code>
</codes>
<dc element="dc.date.created" value="1997-03-22"/>
<dc element="dc.publisher" value="Reuters Holdings Plc"/>
<dc element="dc.date.published" value="1997-03-22"/>
<dc element="dc.source" value="Reuters"/>
<dc element="dc.creator.location" value="BOMBAY"/>
<dc element="dc.creator.location.country.name" value="INDIA"/>
<dc element="dc.source" value="Reuters"/>
</metadata>
</newsitem>
