<?xml version="1.0" encoding="iso-8859-1" ?>
<newsitem itemid="461823" id="root" date="1997-03-22" xml:lang="en">
<title>FINLAND: Russia says not beaten on NATO, looks to EU.</title>
<headline>Russia says not beaten on NATO, looks to EU.</headline>
<byline>Sara Henley</byline>
<dateline>HELSINKI 1997-03-22</dateline>
<text>
<p>Russian President Boris Yeltsin, returning home to charges he capitulated on NATO enlargement at a summit with the United States, said on Saturday Moscow was prepared to join the European Union.</p>
<p>Yeltsin's unexpected comment came a day after he agreed with U.S. President Bill Clinton to push for a fuller role for Moscow in a number of world economic bodies, and came even though Russia has not officially applied for EU membership.</p>
<p>&quot;(Russia) is also aiming to be recognised finally as a full European state and we are also prepared to join the European Union,&quot; he told reporters after meeting Finnish President Martti Ahtisaari.</p>
<p>Ahtisaari, whose country joined the EU in 1995, said Yeltsin had also mentioned EU membership for Russia in bilateral talks before the Russian president left for Moscow.</p>
<p>Russia opposes NATO's plans to invite ex-Soviet bloc states to join but is less concerned about them becoming EU members. Several EU officials have expressed doubts that Russia, the world's largest country, would ever be able to join the Union.</p>
<p>A spokesman for the European Commission, the EU's executive body, said it &quot;takes note&quot; of Yeltsin's statement and added the 15 EU foreign ministers may discuss it at a meeting on Monday.</p>
<p>Yeltsin and Clinton agreed to sign a charter building a new relationship with the North Atlantic Treaty Organisation, despite Moscow's opposition to the eastward expansion of the alliance. They also said the summit paved the way to a new security partnership for the 21st century.</p>
<p>They reached agreement on some areas of arms control and on helping Russia's fledgling market economy.</p>
<p>Yeltsin dropped a demand that the charter be legally binding and also promised to minimise differences with the West over NATO enlargement, drawing charges from opponents in Russia's parliament (Duma) that Moscow had caved in to shameful defeat.</p>
<p>Asked at a news conference whether Russia's bargaining position had been weakened, Foreign Minister Yevgeny Primakov said: &quot;Russia stands by its negative position on NATO enlargement, and the agreement which we want to sign with NATO is not a pay-off for giving up that position.&quot;</p>
<p>&quot;What happened yesterday was a real breakthrough,&quot; he added.</p>
<p>German Chancellor Helmut Kohl, Yeltsin's closest Western ally, and Britain's John Major were among European leaders who hailed the summit outcome.</p>
<p>But hardline opponents in Moscow begged to differ.</p>
<p>&quot;The meeting was a capitulation by the current traitorous Russian regime before the United States and NATO,&quot; said the communist daily Sovietskaya Rossiya.</p>
<p>Both sides portrayed the summit as an even-handed affair with compromises, although Clinton made none on NATO.</p>
<p>The summit agreement on NATO, Primakov said, would &quot;make it more helpful for us to move towards signing the appropriate agreements&quot;. Decisions reached in Helsinki &quot;coincide to a great degree with requirements voiced in the Duma&quot;.</p>
<p>But communist Duma speaker Gennady Seleznyov told Itar-Tass news agency: &quot;Plans to expand NATO to the east will inevitably lead to new lines of division in Europe and the revival of a pyschological climate of suspicion and hostility.&quot;</p>
<p>Although the two presidents publicly agreed to differ on NATO enlargement, Yeltsin appeared to have made concessions.</p>
<p>Poland, expected to be among several former Soviet bloc states invited to start membership talks at a summit of the 16-nation alliance in July, said the Helsinki agreement meant that Russia had accepted NATO enlargement would go ahead.</p>
<p>But Yeltsin stuck to his public line that Moscow views NATO enlargement as a mistake and as a threat to Russia's security.</p>
<p>The meeting was dubbed the &quot;summit of the invalids&quot;, with Clinton confined to a wheelchair following a leg injury and Yeltsin still recovering from heart surgery and illness. Clinton arrived home early on Saturday.</p>
</text>
<copyright>(c) Reuters Limited 1997</copyright>
<metadata>
<codes class="bip:countries:1.0">
  <code code="EEC">
    <editdetail attribution="Reuters BIP Coding Group" action="confirmed" date="1997-03-22"/>
  </code>
  <code code="FIN">
    <editdetail attribution="Reuters BIP Coding Group" action="confirmed" date="1997-03-22"/>
  </code>
  <code code="NATO">
    <editdetail attribution="Reuters BIP Coding Group" action="confirmed" date="1997-03-22"/>
  </code>
  <code code="RUSS">
    <editdetail attribution="Reuters BIP Coding Group" action="confirmed" date="1997-03-22"/>
  </code>
  <code code="USA">
    <editdetail attribution="Reuters BIP Coding Group" action="confirmed" date="1997-03-22"/>
  </code>
</codes>
<codes class="bip:topics:1.0">
  <code code="G15">
    <editdetail attribution="Reuters BIP Coding Group" action="confirmed" date="1997-03-22"/>
  </code>
  <code code="G158">
    <editdetail attribution="Reuters BIP Coding Group" action="confirmed" date="1997-03-22"/>
  </code>
  <code code="GCAT">
    <editdetail attribution="Reuters BIP Coding Group" action="confirmed" date="1997-03-22"/>
  </code>
  <code code="GDIP">
    <editdetail attribution="Reuters BIP Coding Group" action="confirmed" date="1997-03-22"/>
  </code>
</codes>
<dc element="dc.date.created" value="1997-03-22"/>
<dc element="dc.publisher" value="Reuters Holdings Plc"/>
<dc element="dc.date.published" value="1997-03-22"/>
<dc element="dc.source" value="Reuters"/>
<dc element="dc.creator.location" value="HELSINKI"/>
<dc element="dc.creator.location.country.name" value="FINLAND"/>
<dc element="dc.source" value="Reuters"/>
</metadata>
</newsitem>
