<?xml version="1.0" encoding="iso-8859-1" ?>
<newsitem itemid="461827" id="root" date="1997-03-22" xml:lang="en">
<title>FINLAND: Yeltsin says Russia prepared to join EU.</title>
<headline>Yeltsin says Russia prepared to join EU.</headline>
<dateline>HELSINKI 1997-03-22</dateline>
<text>
<p>Russian President Boris Yeltsin said on Saturday Moscow was prepared to join the European Union as part of its drive to be integrated into Europe.</p>
<p>&quot;(Russia) is also aiming to be recognised finally as a full European state and we are also prepared to join the European Union,&quot; he told reporters after a meeting with Finnish President Martti Ahtisaari.  </p>
<p>Russia and the EU have signed a partnership and cooperation agreement designed to forge commercial and other links and to liberalise trade. But the deal has not been fully ratified.</p>
<p>The EU has promised 10 other former eastern bloc countries eventual membership but does not see the trade agreement with Russia as leading towards its joining the 15-nation body.</p>
<p>Yeltsin was speaking a day after a summit with U.S. President Bill Clinton at which the two sides agreed to push for Moscow's membership of a number of world economic bodies, including the Paris Club of government creditors and the World Trade Organisation.</p>
<p>Russia opposes NATO's plans to invite former Soviet states to join but is far less concerned about them becoming EU members.</p>
</text>
<copyright>(c) Reuters Limited 1997</copyright>
<metadata>
<codes class="bip:countries:1.0">
  <code code="EEC">
    <editdetail attribution="Reuters BIP Coding Group" action="confirmed" date="1997-03-22"/>
  </code>
  <code code="FIN">
    <editdetail attribution="Reuters BIP Coding Group" action="confirmed" date="1997-03-22"/>
  </code>
  <code code="RUSS">
    <editdetail attribution="Reuters BIP Coding Group" action="confirmed" date="1997-03-22"/>
  </code>
</codes>
<codes class="bip:topics:1.0">
  <code code="G158">
    <editdetail attribution="Reuters BIP Coding Group" action="confirmed" date="1997-03-22"/>
  </code>
</codes>
<dc element="dc.date.created" value="1997-03-22"/>
<dc element="dc.publisher" value="Reuters Holdings Plc"/>
<dc element="dc.date.published" value="1997-03-22"/>
<dc element="dc.source" value="Reuters"/>
<dc element="dc.creator.location" value="HELSINKI"/>
<dc element="dc.creator.location.country.name" value="FINLAND"/>
<dc element="dc.source" value="Reuters"/>
</metadata>
</newsitem>
