<?xml version="1.0" encoding="iso-8859-1" ?>
<newsitem itemid="461826" id="root" date="1997-03-22" xml:lang="en">
<title>AUSTRALIA: RUGBY UNION-FENUKITAU SINKS CANTERBURY WITH TRY HAT-TRICK.</title>
<headline>RUGBY UNION-FENUKITAU SINKS CANTERBURY WITH TRY HAT-TRICK.</headline>
<dateline>CANBERRA 1997-03-22</dateline>
<text>
<p>Former Tongan international flanker Ipolito Fenukitau scored a hat-trick of second-half tries as the Australian Capital Territory Brumbies steam-rollered Canterbury Crusaders 49-29 in a Super 12 match on Saturday.</p>
<p>Although ACT delighted the crowd at Bruce Stadium by running in six tries, it was the accurate kicking of David Knox that gave the home side such a commanding margin of victory.</p>
<p>The former Australia fly-half kicked five conversions and landed two penalties and a drop goal for a personal haul of 19 points as ACT recorded their second victory in four outings in the southern hemisphere provincial competition.</p>
<p>&quot;If we play like that we can beat anyone. Our second half performance was magnificent,&quot; Knox enthused afterwards.</p>
<p>Canterbury scored five tries themselves but only managed to add two conversions from the boot of flyhalf Leon MacDonald.</p>
<p>The Brumbies collected four points for the victory while both sides picked up a bonus point for scoring more than four tries in the match.</p>
<p>Fenukitau's three tries put the game beyond Canterbury's reach after a tight first half which saw ACT lead by just three points 13-10.</p>
<p>The visitors, in fact, had started the brighter with tries from wingers Paula Bale and James Kerr. ACT took the lead on the stroke of half-time when Wallaby scrumhalf George Gregan dived over from close range and Knox converted.</p>
<p>But when lock forward John Langford and winger Mitch Hardy added to Fenukitau's tries in the second half, the Brumbies romped into a 46-10 lead before the visitors regained some pride with tries through flanker Scott Robertson and centre Tabai Matson, who scored twice.</p>
</text>
<copyright>(c) Reuters Limited 1997</copyright>
<metadata>
<codes class="bip:countries:1.0">
  <code code="AUSTR">
    <editdetail attribution="Reuters BIP Coding Group" action="confirmed" date="1997-03-22"/>
  </code>
  <code code="NZ">
    <editdetail attribution="Reuters BIP Coding Group" action="confirmed" date="1997-03-22"/>
  </code>
  <code code="SAFR">
    <editdetail attribution="Reuters BIP Coding Group" action="confirmed" date="1997-03-22"/>
  </code>
  <code code="TONGA">
    <editdetail attribution="Reuters BIP Coding Group" action="confirmed" date="1997-03-22"/>
  </code>
</codes>
<codes class="bip:topics:1.0">
  <code code="GCAT">
    <editdetail attribution="Reuters BIP Coding Group" action="confirmed" date="1997-03-22"/>
  </code>
  <code code="GSPO">
    <editdetail attribution="Reuters BIP Coding Group" action="confirmed" date="1997-03-22"/>
  </code>
</codes>
<dc element="dc.date.created" value="1997-03-22"/>
<dc element="dc.publisher" value="Reuters Holdings Plc"/>
<dc element="dc.date.published" value="1997-03-22"/>
<dc element="dc.source" value="Reuters"/>
<dc element="dc.creator.location" value="CANBERRA"/>
<dc element="dc.creator.location.country.name" value="AUSTRALIA"/>
<dc element="dc.source" value="Reuters"/>
</metadata>
</newsitem>
