<?xml version="1.0" encoding="iso-8859-1" ?>
<newsitem itemid="461801" id="root" date="1997-03-22" xml:lang="en">
<title>PAKISTAN: Pakistani rupee closing rates in kerb market.</title>
<headline>Pakistani rupee closing rates in kerb market.</headline>
<dateline>KARACHI, Pakistan 1997-03-22</dateline>
<text>
<p>Saturday's spot rupee rates in the kerb market from Khanani &amp; Kalia Int'l (Pvt) Ltd:</p>
<p>				Buying rate	 Selling rate</p>
<p>    U.S. dollar	   41.13		 41.18</p>
<p>    Pound sterling	65.90		 66.00</p>
<p>    Deutsche mark	 24.30		 24.35</p>
<p>    Japanese yen	   0.335		 0.337</p>
<p>    Saudi riyal	   10.98		 11.00</p>
<p>    UAE dirham	    11.20		 11.22</p>
<p>    Indian rupee	   1.10		  1.12</p>
<p>    F.E.B.C.		 2.50 pct	    2.70 pct</p>
</text>
<copyright>(c) Reuters Limited 1997</copyright>
<metadata>
<codes class="bip:countries:1.0">
  <code code="PAKIS">
    <editdetail attribution="Reuters BIP Coding Group" action="confirmed" date="1997-03-22"/>
  </code>
</codes>
<codes class="bip:topics:1.0">
  <code code="M13">
    <editdetail attribution="Reuters BIP Coding Group" action="confirmed" date="1997-03-22"/>
  </code>
  <code code="M132">
    <editdetail attribution="Reuters BIP Coding Group" action="confirmed" date="1997-03-22"/>
  </code>
  <code code="MCAT">
    <editdetail attribution="Reuters BIP Coding Group" action="confirmed" date="1997-03-22"/>
  </code>
</codes>
<dc element="dc.date.created" value="1997-03-22"/>
<dc element="dc.publisher" value="Reuters Holdings Plc"/>
<dc element="dc.date.published" value="1997-03-22"/>
<dc element="dc.source" value="Reuters"/>
<dc element="dc.creator.location" value="KARACHI, Pakistan"/>
<dc element="dc.creator.location.country.name" value="PAKISTAN"/>
<dc element="dc.source" value="Reuters"/>
</metadata>
</newsitem>
