<?xml version="1.0" encoding="iso-8859-1" ?>
<newsitem itemid="461809" id="root" date="1997-03-22" xml:lang="en">
<title>INDIA: Indian repo auction cut-off steady at 5.0 pct.</title>
<headline>Indian repo auction cut-off steady at 5.0 pct.</headline>
<dateline>BOMBAY 1997-03-22</dateline>
<text>
<p>The Reserve Bank of India (RBI) said on Saturday it maintained the cut-off at 5.0 percent at its four-day repo auction of government of India securities.</p>
<p>All four bids were accepted for a total of 15.15 billion rupees it said.</p>
<p>-- Bombay newsroom +91-22-265 9000</p>
</text>
<copyright>(c) Reuters Limited 1997</copyright>
<metadata>
<codes class="bip:countries:1.0">
  <code code="INDIA">
    <editdetail attribution="Reuters BIP Coding Group" action="confirmed" date="1997-03-22"/>
  </code>
</codes>
<codes class="bip:topics:1.0">
  <code code="M13">
    <editdetail attribution="Reuters BIP Coding Group" action="confirmed" date="1997-03-22"/>
  </code>
  <code code="M131">
    <editdetail attribution="Reuters BIP Coding Group" action="confirmed" date="1997-03-22"/>
  </code>
  <code code="MCAT">
    <editdetail attribution="Reuters BIP Coding Group" action="confirmed" date="1997-03-22"/>
  </code>
</codes>
<dc element="dc.date.created" value="1997-03-22"/>
<dc element="dc.publisher" value="Reuters Holdings Plc"/>
<dc element="dc.date.published" value="1997-03-22"/>
<dc element="dc.source" value="Reuters"/>
<dc element="dc.creator.location" value="BOMBAY"/>
<dc element="dc.creator.location.country.name" value="INDIA"/>
<dc element="dc.source" value="Reuters"/>
</metadata>
</newsitem>
