<?xml version="1.0" encoding="iso-8859-1" ?>
<newsitem itemid="461810" id="root" date="1997-03-22" xml:lang="en">
<title>BANGLADESH: Political tension shadows Bangladesh anniversary.</title>
<headline>Political tension shadows Bangladesh anniversary.</headline>
<byline>Anis Ahmed</byline>
<dateline>DHAKA 1997-03-22</dateline>
<text>
<p>Bangladesh went ahead on Saturday with preparations for a star-studded independence anniversary celebration next week despite a looming nationwide general strike which poses a major challenge to the government.</p>
<p>Prime Minister Sheikh Hasina left for Pakistan on Saturday to attend a one-day summit of the Organisation of Islamic Conference (OIC).</p>
<p>Back at home, the government kicked off a dress rehearsal for Wednesday's independence celebrations with a rally by leading entertainers and other celebrities.</p>
<p>Hasina, who took office last June, faces a major test on Sunday in the eight-hour national strike called by the main opposition Bangladesh Nationalist Party (BNP), led by former prime minister Begum Khaleda Zia.</p>
<p>Khaleda has urged Bangladeshis to join in the strike as a way of helping to topple what she called the &quot;repressive, pro-Indian rule&quot; of Hasina's political party, the Awami League.</p>
<p>The country's 26th independence anniversary on Wednesday is expected to be attended by South African President Nelson Mandela, Turkish President Suleyman Demirel and Palestinian leader Yasser Arafat, officials said on Saturday.</p>
<p>The visiting dignitaries are expected to be with Hasina at the receiving ceremony.</p>
<p>&quot;We are expecting a star-studded anniversary,&quot; one official told Reuters. &quot;But the BNP-led strike is causing some worry,&quot; he said.</p>
<p>Police said they had been asked by authorities not to handle strikers too harshly.</p>
<p>Hasina on Friday asked Awami League leaders and workers to stay calm and go ahead with preparations for the celebrations.</p>
</text>
<copyright>(c) Reuters Limited 1997</copyright>
<metadata>
<codes class="bip:countries:1.0">
  <code code="BANDH">
    <editdetail attribution="Reuters BIP Coding Group" action="confirmed" date="1997-03-22"/>
  </code>
</codes>
<codes class="bip:topics:1.0">
  <code code="GCAT">
    <editdetail attribution="Reuters BIP Coding Group" action="confirmed" date="1997-03-22"/>
  </code>
  <code code="GPOL">
    <editdetail attribution="Reuters BIP Coding Group" action="confirmed" date="1997-03-22"/>
  </code>
  <code code="GVIO">
    <editdetail attribution="Reuters BIP Coding Group" action="confirmed" date="1997-03-22"/>
  </code>
</codes>
<dc element="dc.date.created" value="1997-03-22"/>
<dc element="dc.publisher" value="Reuters Holdings Plc"/>
<dc element="dc.date.published" value="1997-03-22"/>
<dc element="dc.source" value="Reuters"/>
<dc element="dc.creator.location" value="DHAKA"/>
<dc element="dc.creator.location.country.name" value="BANGLADESH"/>
<dc element="dc.source" value="Reuters"/>
</metadata>
</newsitem>
