<?xml version="1.0" encoding="iso-8859-1" ?>
<newsitem itemid="461820" id="root" date="1997-03-22" xml:lang="en">
<title>INDIA: INDIA - Primary dealers quotes on securities - Mar 22.</title>
<headline>INDIA - Primary dealers quotes on securities - Mar 22.</headline>
<dateline>BOMBAY 1997-03-22</dateline>
<text>
<p>Primary dealers made the following two-way quotes on Saturday for dated government securities and treasury bills.</p>
<p>Government securities</p>
<p>---------------------</p>
<p>		    DFHI		STCI	     I-Sec</p>
<p>					 (Bid/offer)	   (in rupees)</p>
<p>13.25% 97    ------/------   101.40/101.45   ------/------</p>
<p>13.50% 98    ------/------   103.17/103.22   ------/------</p>
<p>13.65% 99    ------/------   102.35/102.45   ------/------</p>
<p>13.85% 00    ------/------   102.72/102.82   ------/------</p>
<p>		    SBI Gilts	 GSTC	    PNB Gilts</p>
<p>					 (Bid/offer)	   (in rupees)</p>
<p>13.62% 98    ------/------   ------/------   102.50/102.70</p>
<p>13.65% 99    ------/------   ------/------   102.10/102.40</p>
<p>Commercial Paper (82 days) P1+		   ------/12.15</p>
<p>Commercial Paper (68 days) P1+		   ------/12.00</p>
<p>Commercial Paper (60 days) P1+		   ------/12.00</p>
<p>Certificate of  deposits (17 days) P1+	  ------/7.75</p>
<p>Treasury bills</p>
<p>---------------------</p>
<p>Maturing	  DFHI	   STCI	     I-Sec</p>
<p>on				    (Bid/offer)	(in percent)</p>
<p>26/04/97     ------/------     8.00/7.65     ------/------</p>
<p>10/05/97     ------/------     8.20/7.85     ------/------</p>
<p>02/01/98     ------/------    10.40/10.15    ------/------</p>
<p>27/02/97     ------/------    10.50/10.20    ------/------</p>
<p>--/--/--     ------/------   ------/------   ------/------</p>
<p>Maturing	  SBI Gilts    GSTC	     PNB Gilts</p>
<p>on				     (Bid/offer)	(in percent)</p>
<p>--/--/--     ------/------   ------/------   ------/------</p>
<p>Note : DFHI - Discount and Finance House of India Ltd.</p>
<p>	 STCI - Securities Trading Corporation of India Ltd.</p>
<p>	 I-Sec- ICICI Securities and Finance Company Ltd.</p>
<p>	 GSTC - Gilts Securities Trading Corporation Ltd.</p>
<p>	   + Bombay Newsroom +91-22-265 9000</p>
</text>
<copyright>(c) Reuters Limited 1997</copyright>
<metadata>
<codes class="bip:countries:1.0">
  <code code="INDIA">
    <editdetail attribution="Reuters BIP Coding Group" action="confirmed" date="1997-03-22"/>
  </code>
</codes>
<codes class="bip:topics:1.0">
  <code code="M13">
    <editdetail attribution="Reuters BIP Coding Group" action="confirmed" date="1997-03-22"/>
  </code>
  <code code="M131">
    <editdetail attribution="Reuters BIP Coding Group" action="confirmed" date="1997-03-22"/>
  </code>
  <code code="MCAT">
    <editdetail attribution="Reuters BIP Coding Group" action="confirmed" date="1997-03-22"/>
  </code>
</codes>
<dc element="dc.date.created" value="1997-03-22"/>
<dc element="dc.publisher" value="Reuters Holdings Plc"/>
<dc element="dc.date.published" value="1997-03-22"/>
<dc element="dc.source" value="Reuters"/>
<dc element="dc.creator.location" value="BOMBAY"/>
<dc element="dc.creator.location.country.name" value="INDIA"/>
<dc element="dc.source" value="Reuters"/>
</metadata>
</newsitem>
