<?xml version="1.0" encoding="iso-8859-1" ?>
<newsitem itemid="471279" id="root" date="1997-03-27" xml:lang="en">
<title>USA: GOLF-FIRST ROUND LEADERS AT PLAYERS CHAMPIONSHIP.</title>
<headline>GOLF-FIRST ROUND LEADERS AT PLAYERS CHAMPIONSHIP.</headline>
<dateline>PONTE VEDRA BEACH, Florida 1997-03-27</dateline>
<text>
<p>Leaders</p>
<p>after the first round of the $3.5 million Players Championship</p>
<p>golf tournament on Thursday (U.S. unless noted):</p>
<p>66  Steve Elkington (Australia)</p>
<p>67  Mark Calcavecchia, Fuzzy Zoeller, Tom Lehman, David</p>
<p>    Edwards, Russ Cochran</p>
<p>68  Taylor Smith, Jay Haas, Tom Purtzer, Sandy Lyle (Britain),</p>
<p>    Dave Stockton Jr., Michael Bradley, Ernie Els (South Africa)</p>
<p>    Larry Mize, Billy Andrade, Naomichi &quot;Joe&quot; Ozaki (Japan)</p>
<p>69  Payne Stewart, Robert Damron, Scott Hoch</p>
<p>70  Glen Day, Mike Hulbert, Hal Sutton, Robert Gamez, Brian</p>
<p>    Watts, Loren Roberts, Brad Faxon, Tom Watson, Masashi &quot;Jumbo&quot;</p>
<p>    Ozaki (Japan), Colin Montgomerie (Britain), Tommy Tolles, John</p>
<p>    Wilson</p>
<p>Non-U.S. scores</p>
<p>71  Nick Faldo (Britain), Craig Parry (Australia), Mark</p>
<p>    McNulty (Zimbabwe), Vijay Singh (Fiji), Greg Norman</p>
<p>    (Australia), Stuart Appleby (Australia), Bernhard Langer</p>
<p>    (Germany)</p>
<p>74  Costantino Rocca (Italy), Frank Nobilo (New Zealand)</p>
<p>75  Jesper Parnevik (Sweden), Nick Price (Zimbabwe)</p>
<p>76  Ian Woosnam (Britain)</p>
<p>78  Sam Torrance (Britain), Grant Waite (New Zealand)</p>
<p>80  Wayne Grady (Australia), Fulton Allem (South Africa)</p>
<p>81  David Frost (South Africa)</p>
<p>83  Robert Allenby (Australia)</p>
</text>
<copyright>(c) Reuters Limited 1997</copyright>
<metadata>
<codes class="bip:countries:1.0">
  <code code="USA">
    <editdetail attribution="Reuters BIP Coding Group" action="confirmed" date="1997-03-27"/>
  </code>
</codes>
<codes class="bip:topics:1.0">
  <code code="GCAT">
    <editdetail attribution="Reuters BIP Coding Group" action="confirmed" date="1997-03-27"/>
  </code>
  <code code="GSPO">
    <editdetail attribution="Reuters BIP Coding Group" action="confirmed" date="1997-03-27"/>
  </code>
</codes>
<dc element="dc.date.created" value="1997-03-27"/>
<dc element="dc.publisher" value="Reuters Holdings Plc"/>
<dc element="dc.date.published" value="1997-03-27"/>
<dc element="dc.source" value="Reuters"/>
<dc element="dc.creator.location" value="PONTE VEDRA BEACH, Florida"/>
<dc element="dc.creator.location.country.name" value="USA"/>
<dc element="dc.source" value="Reuters"/>
</metadata>
</newsitem>
