<?xml version="1.0" encoding="iso-8859-1" ?>
<newsitem itemid="471286" id="root" date="1997-03-27" xml:lang="en">
<title>BARBADOS: CRICKET-WINDIES STRUGGLE AGAINST PRASAD AND GANESH.</title>
<headline>CRICKET-WINDIES STRUGGLE AGAINST PRASAD AND GANESH.</headline>
<text>
<p>BRIDGETOWN, Barbados, March 27, Reuter - India pacemen Venkatesh Prasad and Dodda Ganesh had West Indies on the ropes at tea on the opening day of the third test on Thursday.</p>
<p>Prasad, with three wickets, and Ganesh, with two, reduced West Indies to 144 for five.</p>
<p>Their predicament could have been worse but for a battling unbeaten 53 by Shivnarine Chanderpaul.</p>
<p>West Indies, who lost openers Sherwin Campbell and Stuart Williams in reaching 68 for two at lunch, were never able to come to terms with a bouncy pitch.</p>
<p>Prasad, who has taken three for 50 off 19 overs, captured the prized wicket of Brian Lara, captaining the side in the absence of Courtney Walsh, with a beautiful outswinger which he edged to Sachin Tendulkar at first slip. Lara made 19.</p>
<p>Carl Hooper was next to go, also for 19. He flashed at a wide delivery from Ganesh and edged a catch to wicketkeeper Nayan Mongia.</p>
<p>Roland Holder, playing his first test before his home fans, did not last long. He was caught at third slip by Mohammad Azharuddin off Prasad.</p>
<p>while the wickets were falling, Chanderpaul progressed to his 14th test half century, reaching the landmark off 126 balls and striking six fours.</p>
</text>
<copyright>(c) Reuters Limited 1997</copyright>
<metadata>
<codes class="bip:countries:1.0">
  <code code="BARB">
    <editdetail attribution="Reuters BIP Coding Group" action="confirmed" date="1997-03-27"/>
  </code>
  <code code="INDIA">
    <editdetail attribution="Reuters BIP Coding Group" action="confirmed" date="1997-03-27"/>
  </code>
</codes>
<codes class="bip:topics:1.0">
  <code code="GCAT">
    <editdetail attribution="Reuters BIP Coding Group" action="confirmed" date="1997-03-27"/>
  </code>
  <code code="GSPO">
    <editdetail attribution="Reuters BIP Coding Group" action="confirmed" date="1997-03-27"/>
  </code>
</codes>
<dc element="dc.publisher" value="Reuters Holdings Plc"/>
<dc element="dc.date.published" value="1997-03-27"/>
<dc element="dc.source" value="Reuters"/>
<dc element="dc.creator.location.country.name" value="BARBADOS"/>
<dc element="dc.source" value="Reuters"/>
</metadata>
</newsitem>
