<?xml version="1.0" encoding="iso-8859-1" ?>
<newsitem itemid="471277" id="root" date="1997-03-27" xml:lang="en">
<title>NETHERLANDS: Gucci posts 103 pct profit rise.</title>
<headline>Gucci posts 103 pct profit rise.</headline>
<dateline>AMSTERDAM 1997-03-27</dateline>
<text>
<p>Italian luxury goods maker Gucci Group NV said on Thursday its net income for fiscal 1996 rose 103 percent to $168.4 million from $82.9 million in fiscal 1995.</p>
<p>Gucci said this was a record financial performance, adding that all distribution channels, product categories and geographic regions had contributed to its growth.</p>
<p>The company designs, makes and distributes luxury accessories including leather goods, shoes, watches, jewellery and perfume.</p>
<p>Its shares are listed on the Amsterdam and New York stock exchanges.</p>
<p>-- Amsterdam newsroom +31 20 504 5000, Fax +31 20 504 5040</p>
</text>
<copyright>(c) Reuters Limited 1997</copyright>
<metadata>
<codes class="bip:countries:1.0">
  <code code="ITALY">
    <editdetail attribution="Reuters BIP Coding Group" action="confirmed" date="1997-03-27"/>
  </code>
  <code code="NETH">
    <editdetail attribution="Reuters BIP Coding Group" action="confirmed" date="1997-03-27"/>
  </code>
</codes>
<codes class="bip:industries:1.0">
  <code code="I44000">
    <editdetail attribution="Reuters BIP Coding Group" action="confirmed" date="1997-03-27"/>
  </code>
</codes>
<codes class="bip:topics:1.0">
  <code code="C15">
    <editdetail attribution="Reuters BIP Coding Group" action="confirmed" date="1997-03-27"/>
  </code>
  <code code="C151">
    <editdetail attribution="Reuters BIP Coding Group" action="confirmed" date="1997-03-27"/>
  </code>
  <code code="C1511">
    <editdetail attribution="Reuters BIP Coding Group" action="confirmed" date="1997-03-27"/>
  </code>
  <code code="CCAT">
    <editdetail attribution="Reuters BIP Coding Group" action="confirmed" date="1997-03-27"/>
  </code>
</codes>
<dc element="dc.date.created" value="1997-03-27"/>
<dc element="dc.publisher" value="Reuters Holdings Plc"/>
<dc element="dc.date.published" value="1997-03-27"/>
<dc element="dc.source" value="Reuters"/>
<dc element="dc.creator.location" value="AMSTERDAM"/>
<dc element="dc.creator.location.country.name" value="NETHERLANDS"/>
<dc element="dc.source" value="Reuters"/>
</metadata>
</newsitem>
