<?xml version="1.0" encoding="iso-8859-1" ?>
<newsitem itemid="471299" id="root" date="1997-03-27" xml:lang="en">
<title>UK: SOCCER-JOE ROYLE FACTFILE.</title>
<headline>SOCCER-JOE ROYLE FACTFILE.</headline>
<dateline>LONDON 1997-03-27</dateline>
<text>
<p>Joe Royle factfile:</p>
<p>Born: Liverpool April 1949.</p>
<p>July 1965: Signs professional forms with Everton after playing</p>
<p>at the club as a schoolboy and junior.</p>
<p>January 1966:  Makes his debut for Everton as a 16-year-old v</p>
<p>Blackpool</p>
<p>May 1970: Wins a League Championship medal</p>
<p>February 1971: Makes his England debut v Malta.</p>
<p>December 1974: Moves to Manchester City.</p>
<p>March 1977: Makes the last of his England appearances.</p>
<p>August 1980: Moves to Norwich.</p>
<p>April 1982: Announces his retirement as a player.</p>
<p>July 1982: Takes over as Oldham manager.</p>
<p>April 1990: Oldham reach F.A. Cup semifinals and League Cup</p>
<p>final.</p>
<p>May 1991: Royle leads Oldham into the first division.</p>
<p>November 1994: Royle leaves Oldham for Everton as Mike Walker</p>
<p>is sacked.</p>
<p>May 1995: Everton win the F.A. Cup, beating Manchester United.</p>
<p>January 1997: Everton suffer surprise F.A. Cup exit against</p>
<p>Bradford.</p>
<p>March 1997: Quits Everton by mutal consent.</p>
</text>
<copyright>(c) Reuters Limited 1997</copyright>
<metadata>
<codes class="bip:countries:1.0">
  <code code="UK">
    <editdetail attribution="Reuters BIP Coding Group" action="confirmed" date="1997-03-27"/>
  </code>
</codes>
<codes class="bip:topics:1.0">
  <code code="GCAT">
    <editdetail attribution="Reuters BIP Coding Group" action="confirmed" date="1997-03-27"/>
  </code>
  <code code="GSPO">
    <editdetail attribution="Reuters BIP Coding Group" action="confirmed" date="1997-03-27"/>
  </code>
</codes>
<dc element="dc.date.created" value="1997-03-27"/>
<dc element="dc.publisher" value="Reuters Holdings Plc"/>
<dc element="dc.date.published" value="1997-03-27"/>
<dc element="dc.source" value="Reuters"/>
<dc element="dc.creator.location" value="LONDON"/>
<dc element="dc.creator.location.country.name" value="UK"/>
<dc element="dc.source" value="Reuters"/>
</metadata>
</newsitem>
