<?xml version="1.0" encoding="iso-8859-1" ?>
<newsitem itemid="471288" id="root" date="1997-03-27" xml:lang="en">
<title>SPAIN: SOCCER-ROBSON, VALDANO STRUGGLE TO PUT TOGETHER TEAMS.</title>
<headline>SOCCER-ROBSON, VALDANO STRUGGLE TO PUT TOGETHER TEAMS.</headline>
<dateline>VALENCIA, Spain 1997-03-27</dateline>
<text>
<p>Valencia coach Jorge Valdano and his Barcelona opposite number Bobby Robson will be forced to cobble together sides from squads decimated by injuries and international duty for Sunday's Spanish league clash.</p>
<p>Both men will be going all out for victory. Robson cannot afford any more setbacks if he is to close the nine-point gap on leaders Real Madrid, while Valencia badly need a result to maintain their challenge for a UEFA Cup place.</p>
<p>Valdano's men had the better of the game between the two sides earlier this season but the coaches were reduced to mere extras as Brazilian striker Ronaldo scored an extraordinary hat-trick in Barcelona's 3-2 victory.</p>
<p>The two coaches had met before -- but in very differenct circumstances.</p>
<p>Valdano was part of the Argentine squad that knocked Robson's England side out of the 1986 World Cup in a game made infamous by Diego Maradona's 'hand of God' goal.</p>
<p>Valdano subsequently traded in his place in the Real Madrid midfield for the hot seat on the bench at Tenerife and then at the Santiago Bernabeu stadium itself.</p>
<p>But the elegant Argentine lost his way at Real after winning the league in his first year in charge and has ended up with a Valencia side that is still reeling from losing striker Predrag Mijatovic to Real.</p>
<p>The comings and goings of Brazilians Romario and Viola, together with some well-publicised dressing-room and boardroom conflicts have left Valdano with a tough job on his hands.</p>
<p>To make matters worse, Valencia are scraping the bottom of the barrel to find players ahead of the big match with Barcelona.</p>
<p>Newly-signed Argentine Ariel Ortega will miss the game through international duty, as will Croatian striker Goran Vlaovic and Russian midfielder Valery Karpin.</p>
<p>Three other players are injured and influential defender Enrique Romero is suspended.</p>
<p>Gabriel Moya is struggling to get fit, as is fellow striker Jose Galvez who was taken ill when flying back from Monday's game at Sporting Gijon.</p>
<p>The 2-1 defeat in Gijon led to rumours that Valdano had been handed an ultimatum to win this weekend's game.</p>
<p>But he dismissed it as &quot;a journalistic invention&quot;.</p>
<p>Robson is himself no stranger to such inventions.</p>
<p>The former England coach recently hit out at a reporter who suggested that the Barcelona players had decided for themselves on a key substitution in a cup match with Atletico Madrid.</p>
<p>But Robson would no doubt appreciate some advice in picking a team for the Valencia game.</p>
<p>Gheorghe Popescu will be playing for Romania, while a question mark hangs over the fitness of the three Portuguese players -- goalkeeper Vitor Baia, winger Luis Figo and defender Fernando Couto -- who will fly in from the World Cup qualifier in Belfast the previous evening.</p>
<p>Baia's uncertainty contributed to the defeat at Real Sociedad the last time he tried to juggle national and club commitments.</p>
<p>Utility player Luis Enrique Martinez is out suspended, while a broken arm in Wednesday's Cup win at Las Palmas means that overlapping full back Sergi Barjuan will join reserve striker Angel Cuellar and international defender Abelardo Fernandez on the injury list.</p>
<p>Robson's last doubt is partly of his own making.</p>
<p>His clashes with Giovanni, who has recently been dropped in favour of Ivan de la Pena, have led the Brazilian midfielder to ask for a transfer. Robson is now only likely to pick Giovanni if he is really needed.</p>
<p>However, Barcelona have one of the world's strongest squads and are likely to leave at least one international on the bench, even in the current circumstances.</p>
<p>&quot;The squads are there for that,&quot; said Robson's number two, Jose Mourinho.</p>
<p>Valdano might hope that his own club could have built a squad to do the same for him.</p>
</text>
<copyright>(c) Reuters Limited 1997</copyright>
<metadata>
<codes class="bip:countries:1.0">
  <code code="SPAIN">
    <editdetail attribution="Reuters BIP Coding Group" action="confirmed" date="1997-03-27"/>
  </code>
</codes>
<codes class="bip:topics:1.0">
  <code code="GCAT">
    <editdetail attribution="Reuters BIP Coding Group" action="confirmed" date="1997-03-27"/>
  </code>
  <code code="GSPO">
    <editdetail attribution="Reuters BIP Coding Group" action="confirmed" date="1997-03-27"/>
  </code>
</codes>
<dc element="dc.date.created" value="1997-03-27"/>
<dc element="dc.publisher" value="Reuters Holdings Plc"/>
<dc element="dc.date.published" value="1997-03-27"/>
<dc element="dc.source" value="Reuters"/>
<dc element="dc.creator.location" value="VALENCIA, Spain"/>
<dc element="dc.creator.location.country.name" value="SPAIN"/>
<dc element="dc.source" value="Reuters"/>
</metadata>
</newsitem>
