<?xml version="1.0" encoding="iso-8859-1" ?>
<newsitem itemid="471297" id="root" date="1997-03-27" xml:lang="en">
<title>UK: RUGBY LEAGUE-EDWARDS LEAVES WIGAN FOR BRONCOS.</title>
<headline>RUGBY LEAGUE-EDWARDS LEAVES WIGAN FOR BRONCOS.</headline>
<dateline>LONDON 1997-03-27</dateline>
<text>
<p>British rugby league's most successful player, Shaun Edwards, left Wigan on Thursday to join the London Broncos.</p>
<p>The former Britain scrum-half won every club honour in 13 years of Wigan domination but has taken a pay cut to head south to be nearer his girlfriend and their new-born son.</p>
<p>&quot;I've lost nearly 100,000 pounds over two years in coming here, so it hasn't been for money,&quot; said Edwards.</p>
<p>Edwards, 30,  approached the Broncos two weeks ago and asked to join his friend and former Wigan team mate Martin Offiah in London.</p>
</text>
<copyright>(c) Reuters Limited 1997</copyright>
<metadata>
<codes class="bip:countries:1.0">
  <code code="UK">
    <editdetail attribution="Reuters BIP Coding Group" action="confirmed" date="1997-03-27"/>
  </code>
</codes>
<codes class="bip:topics:1.0">
  <code code="GCAT">
    <editdetail attribution="Reuters BIP Coding Group" action="confirmed" date="1997-03-27"/>
  </code>
  <code code="GSPO">
    <editdetail attribution="Reuters BIP Coding Group" action="confirmed" date="1997-03-27"/>
  </code>
</codes>
<dc element="dc.date.created" value="1997-03-27"/>
<dc element="dc.publisher" value="Reuters Holdings Plc"/>
<dc element="dc.date.published" value="1997-03-27"/>
<dc element="dc.source" value="Reuters"/>
<dc element="dc.creator.location" value="LONDON"/>
<dc element="dc.creator.location.country.name" value="UK"/>
<dc element="dc.source" value="Reuters"/>
</metadata>
</newsitem>
