<?xml version="1.0" encoding="iso-8859-1" ?>
<newsitem itemid="471289" id="root" date="1997-03-27" xml:lang="en">
<title>BARBADOS: CRICKET-INDIA WIN TOSS, PUT WEST INDIES IN.</title>
<headline>CRICKET-INDIA WIN TOSS, PUT WEST INDIES IN.</headline>
<text>
<p>BRIDGETOWN,  Barbados (March 27) Reuter - India won the toss and sent West Indies to bat on the opening day of the third test at the Kensington Oval on Thursday.</p>
<p>A hamstring injury ruled captain Courtney Walsh out of the game and vice-captain Brian Lara was elevated to lead the West Indies for the first time in test cricket.</p>
<p>Teams:</p>
<p>West Indies - Brian Lara (captain), Sherwin Campbell, Stuart Williams, Shivnarine Chanderpaul, Carl Hooper, Roland Holder, Courtney Browne, Franklyn Rose, Ian Bishop, Curtly Ambrose, Mervyn Dillon.</p>
<p>India - Sachin Tendulkar (captain), Anil Kumble, (vice-captain), Navjot Sidhu, Vangipurappu Laxman, Saurav Ganguly, Mohammad Azharuddin, Rahul Dravid, Venkatesh Prasad, Abey Kuruvilla, Nayan Mongia, Robin Singh.</p>
</text>
<copyright>(c) Reuters Limited 1997</copyright>
<metadata>
<codes class="bip:countries:1.0">
  <code code="BARB">
    <editdetail attribution="Reuters BIP Coding Group" action="confirmed" date="1997-03-27"/>
  </code>
  <code code="INDIA">
    <editdetail attribution="Reuters BIP Coding Group" action="confirmed" date="1997-03-27"/>
  </code>
  <code code="WEIND">
    <editdetail attribution="Reuters BIP Coding Group" action="confirmed" date="1997-03-27"/>
  </code>
</codes>
<codes class="bip:topics:1.0">
  <code code="GCAT">
    <editdetail attribution="Reuters BIP Coding Group" action="confirmed" date="1997-03-27"/>
  </code>
  <code code="GSPO">
    <editdetail attribution="Reuters BIP Coding Group" action="confirmed" date="1997-03-27"/>
  </code>
</codes>
<dc element="dc.publisher" value="Reuters Holdings Plc"/>
<dc element="dc.date.published" value="1997-03-27"/>
<dc element="dc.source" value="Reuters"/>
<dc element="dc.creator.location.country.name" value="BARBADOS"/>
<dc element="dc.source" value="Reuters"/>
</metadata>
</newsitem>
