<?xml version="1.0" encoding="iso-8859-1" ?>
<newsitem itemid="471296" id="root" date="1997-03-27" xml:lang="en">
<title>UK: HORSE RACING-GRAND NATIONAL WINNER ALDANITI DIES.</title>
<headline>HORSE RACING-GRAND NATIONAL WINNER ALDANITI DIES.</headline>
<dateline>LONDON 1997-03-27</dateline>
<text>
<p>Aldaniti, the horse that inspired jockey Bob Champion to fight off cancer and win the Aintree Grand National, has died at the age of 27.</p>
<p>Aldaniti, who recovered from a series of injuries to win the big race in 1981, spent much of his time in retirement making appearances for cancer charities.</p>
<p>Champion, now a trainer, beat off cancer to ride Aldaniti to a tear-jerking success at Liverpool. Their exploits were later the subject of a film.</p>
<p>This year's Grand National is on April 5.</p>
</text>
<copyright>(c) Reuters Limited 1997</copyright>
<metadata>
<codes class="bip:countries:1.0">
  <code code="UK">
    <editdetail attribution="Reuters BIP Coding Group" action="confirmed" date="1997-03-27"/>
  </code>
</codes>
<codes class="bip:topics:1.0">
  <code code="GCAT">
    <editdetail attribution="Reuters BIP Coding Group" action="confirmed" date="1997-03-27"/>
  </code>
  <code code="GSPO">
    <editdetail attribution="Reuters BIP Coding Group" action="confirmed" date="1997-03-27"/>
  </code>
</codes>
<dc element="dc.date.created" value="1997-03-27"/>
<dc element="dc.publisher" value="Reuters Holdings Plc"/>
<dc element="dc.date.published" value="1997-03-27"/>
<dc element="dc.source" value="Reuters"/>
<dc element="dc.creator.location" value="LONDON"/>
<dc element="dc.creator.location.country.name" value="UK"/>
<dc element="dc.source" value="Reuters"/>
</metadata>
</newsitem>
