<?xml version="1.0" encoding="iso-8859-1" ?>
<newsitem itemid="471291" id="root" date="1997-03-27" xml:lang="en">
<title>SPAIN: SOCCER-VALENCIA AND BARCELONA - STRENGTHS AND WEAKNESSES.</title>
<headline>SOCCER-VALENCIA AND BARCELONA - STRENGTHS AND WEAKNESSES.</headline>
<dateline>VALENCIA, Spain 1997-03-27</dateline>
<text>
<p>A look at the strengths and weaknesses of Valencia and Barcelona who meet on Sunday in the Spanish league championship in the Mestalla stadium (1600 gmt).</p>
<p>Valencia:</p>
<p>Strategy: Jorge Valdano's system sees two midfielders play in front of the four-man defence as link-men, with three more pushing up to support a single striker.</p>
<p>The improvised team is likely to have Andoni Zubizarreta in goal with Jorge Otero on the right side of defence, Francisco Ferreira on the left and Ivan Campo and Fernando Caceres the middle.</p>
<p>Vicente Engonga and Xabier Eskurza will be the deep-lying midfielders with veteran Fernando Gomez returning from the bench to play the central distributive role.</p>
<p>Antonio Poyatos will take the right wing, and Claudio Lopez the left, while Brazilian striker Leandro will work as target man.</p>
<p>Strengths: Zubizarreta is the most experienced goalkeeper in Spanish league history and although sometimes prone to embarrassing gaffes, should be especially motivated against his old club.</p>
<p>Winger Claudio Lopez is also unpredictable, but enjoys moments of inspiration which can turn any game, while the elegant Valdano has a superb footballing brain.</p>
<p>The Valencia crowd have had their differences with chairman Paco Roig, but always give the team good backing.</p>
<p>Weaknesses: The players at Valdano's disposal are of a lesser calibre to those at Barcelona and the personnel crisis at the club created by injury, suspension and absence through international duty can only widen further the quality gap.</p>
<p>Valencia will be without a number of key players, most notably Argentine midfielder Ariel Ortega, the man who has revolutionised the team since arriving as a record signing last month.</p>
<p>Other important absences are Goran Vlaovic -- away on international duty with Croatia -- and fellow striker Jose Galvez, who is ill.</p>
<p>Valencia will have all too few match-winners on the field, while Barcelona will be able to leave several on the bench.</p>
<p>Motivation: Every team in Spain likes to beat Barcelona, but Valencia, a city often overshadowed by its larger neighbour on the Mediterranean coast, take a particular pleasure.</p>
<p>Probable team: Goalkeeper-Andoni Zubizarreta defenders-Jorge Otero, Ivan Campo, Fernando Caceres, Francisco Ferreira midfielders-Vicente Engonga, Xabier Eskurza, Antonio Poyatos, Fernando Gomez, Claudio Lopez striker-Leandro.</p>
<p>Barcelona</p>
<p>Strategy: Bobby Robson also plays a 4-5-1, or 4-2-3-1 formation with Ronaldo the lone front man.</p>
<p>Vitor Baia should be back from Portugal's World Cup game in Belfast on Saturday in time to keep goal, while Albert Ferrer</p>
</text>
<copyright>(c) Reuters Limited 1997</copyright>
<metadata>
<codes class="bip:countries:1.0">
  <code code="SPAIN">
    <editdetail attribution="Reuters BIP Coding Group" action="confirmed" date="1997-03-27"/>
  </code>
</codes>
<codes class="bip:topics:1.0">
  <code code="GCAT">
    <editdetail attribution="Reuters BIP Coding Group" action="confirmed" date="1997-03-27"/>
  </code>
  <code code="GSPO">
    <editdetail attribution="Reuters BIP Coding Group" action="confirmed" date="1997-03-27"/>
  </code>
</codes>
<dc element="dc.date.created" value="1997-03-27"/>
<dc element="dc.publisher" value="Reuters Holdings Plc"/>
<dc element="dc.date.published" value="1997-03-27"/>
<dc element="dc.source" value="Reuters"/>
<dc element="dc.creator.location" value="VALENCIA, Spain"/>
<dc element="dc.creator.location.country.name" value="SPAIN"/>
<dc element="dc.source" value="Reuters"/>
</metadata>
</newsitem>
