<?xml version="1.0" encoding="iso-8859-1" ?>
<newsitem itemid="471274" id="root" date="1997-03-27" xml:lang="en">
<title>EU:  OFFICIAL JOURNAL CONTENTS - OJ C 100 OF MARCH 27, 1997.</title>
<headline>OFFICIAL JOURNAL CONTENTS - OJ C 100 OF MARCH 27, 1997.</headline>
<text>
<p>*</p>
<p>(Note - contents are displayed in reverse order to that in the printed Journal)</p>
<p>*</p>
<p>Corrigendum to the exchange rate of the ecu for 19 March 1997 (Official Journal of the European Communities No C 90 of 20 March 1997) (97/C 100/10)</p>
<p>Amended proposal for a European Parliament and Council Regulation (EC) establishing a system for the identification and registration of bovine animals and regarding the labelling of beef and beef products (1) (97/C 100/09) COM(97) 103 final - 96/0228(COD) and 96/0229(COD)</p>
<p>ASSENT No 2/97 (97/C 100/08)</p>
<p>ASSENT No 1/97 (97/C 100/07)</p>
<p>Summary of Community decisions on marketing authorizations in respect of medicinal products from 15 February to 15 March 1997 (Published pursuant to Article 12 or 34 of Council Regulation (EEC) No 2309/93 (1)) (97/C 100/06)</p>
<p>GUIDELINES FOR THE EXAMINATION OF STATE AID TO FISHERIES AND AQUACULTURE (97/C 100/05)</p>
<p>Notice pursuant to Article 19 (3) of Council Regulation No 17 (1) Case IV/34493 - DSD (97/C 100/04)</p>
<p>Average prices and representative prices for table wines at the various marketing centres (97/C 100/03)</p>
<p>Ecu (1) 26 March 1997 (97/C 100/02)</p>
<p>Declaration made pursuant to Article 2 of the Protocol on the interpretation, by way of preliminary rulings, by the Court of Justice of the European Communities of the Convention on the establishment of a European Police Office (1) (97/C 100/01) END OF DOCUMENT.</p>
</text>
<copyright>(c) Reuters Limited 1997</copyright>
<metadata>
<codes class="bip:countries:1.0">
  <code code="EEC">
    <editdetail attribution="Reuters BIP Coding Group" action="confirmed" date="1997-03-27"/>
  </code>
</codes>
<codes class="bip:topics:1.0">
  <code code="G15">
    <editdetail attribution="Reuters BIP Coding Group" action="confirmed" date="1997-03-27"/>
  </code>
  <code code="GCAT">
    <editdetail attribution="Reuters BIP Coding Group" action="confirmed" date="1997-03-27"/>
  </code>
</codes>
<dc element="dc.publisher" value="Reuters Holdings Plc"/>
<dc element="dc.date.published" value="1997-03-27"/>
<dc element="dc.source" value="Reuters"/>
<dc element="dc.creator.location.country.name" value="EU"/>
<dc element="dc.source" value="Reuters"/>
</metadata>
</newsitem>
