<?xml version="1.0" encoding="iso-8859-1" ?>
<newsitem itemid="471283" id="root" date="1997-03-27" xml:lang="en">
<title>USA: TENNIS-HINGIS BEATS NOVOTNA TO ADVANCE TO FINAL.</title>
<headline>TENNIS-HINGIS BEATS NOVOTNA TO ADVANCE TO FINAL.</headline>
<dateline>KEY BISCAYNE, Florida 1997-03-27</dateline>
<text>
<p>Martina Hingis used her only ace of the match to seal a hard-fought victory over Jana Novotna Thursday that kept her win streak alive and lifted her to the final of the $4.45 million Lipton Championships.</p>
<p>Fighting through sizzling temperatures, the top-seeded Hingis defeated third seed Novotna 6-3 2-6 6-4 for her 25th consecutive match victory.</p>
<p>The 16-year-old Swiss, already assured of becoming the youngest player to reach the number one ranking, has appeared in four finals this year, winning them all.</p>
<p>Hingis will play the winner of Thursday's later semifinal between fourth-seeded American Monica Seles and 11th seed Barbara Paulus of Austria.</p>
<p>&quot;It was a good match,&quot; said Hingis. &quot;We both played a very high standard. She makes you run and make a lot of mistakes you shouldn't and that you don't do against other players.&quot;</p>
<p>Hingis appeared to have the match in control early, breaking Novotna for a 2-0 lead and varying her shots to keep the net-rushing Czech off balance. She won the first set 6-3 with a blistering backhand up the line.</p>
<p>Novotna got the first break in the second set to lead 3-1 and held onto the advantage, breaking Hingis again to take the set 6-2 with a forehand winner.</p>
<p>After that, both players left the court for the optional 10-minute break allowed under the rules during hot weather. It was Hingis who came back more refreshed.</p>
<p>Hingis fought off break points in the eighth game with well placed passing shots, then broke a weary Novotna for 5-4 as the Czech double-faulted, then dumped an easy forehand into the net. Hingis served out the match with her first ace, 6-4.</p>
<p>&quot;She is a very unpredictable kind of player,&quot; said Novotna. &quot;The thing I would change today would be my return of serve but otherwise I thought I played really well.&quot;</p>
<p>Hingis said the fitter player won the match. &quot;I felt pretty good still in the third set and the break helped a lot. The conditions meant the player who was fittest would win.&quot;</p>
</text>
<copyright>(c) Reuters Limited 1997</copyright>
<metadata>
<codes class="bip:countries:1.0">
  <code code="SWITZ">
    <editdetail attribution="Reuters BIP Coding Group" action="confirmed" date="1997-03-27"/>
  </code>
  <code code="USA">
    <editdetail attribution="Reuters BIP Coding Group" action="confirmed" date="1997-03-27"/>
  </code>
</codes>
<codes class="bip:topics:1.0">
  <code code="GCAT">
    <editdetail attribution="Reuters BIP Coding Group" action="confirmed" date="1997-03-27"/>
  </code>
  <code code="GSPO">
    <editdetail attribution="Reuters BIP Coding Group" action="confirmed" date="1997-03-27"/>
  </code>
</codes>
<dc element="dc.date.created" value="1997-03-27"/>
<dc element="dc.publisher" value="Reuters Holdings Plc"/>
<dc element="dc.date.published" value="1997-03-27"/>
<dc element="dc.source" value="Reuters"/>
<dc element="dc.creator.location" value="KEY BISCAYNE, Florida"/>
<dc element="dc.creator.location.country.name" value="USA"/>
<dc element="dc.source" value="Reuters"/>
</metadata>
</newsitem>
