<?xml version="1.0" encoding="iso-8859-1" ?>
<newsitem itemid="471294" id="root" date="1997-03-27" xml:lang="en">
<title>AUSTRALIA: OLYMPICS-NEW CHIEF FOR SYDNEY 2000 GAMES.</title>
<headline>OLYMPICS-NEW CHIEF FOR SYDNEY 2000 GAMES.</headline>
<byline>Robert Galvin</byline>
<dateline>SYDNEY 1997-03-27</dateline>
<text>
<p>Sydney's 2000 Olympics organising committee appointed a former prime ministerial advisor as chief executive on Thursday in its third major managerial upheaval in a year.</p>
<p>The latest change at the top occurred only weeks after the International Olympic Committee (IOC) stressed the need for stability during preparations for the Games.</p>
<p>In a separate development on Thursday, the private consortium building the A$660 million (US$515 million) Olympic stadium was facing a huge flop in its bid to fund half the construction costs through a public share offer.</p>
<p>As a result, financial underwriters for the project would be liable for a predicted shortfall of up to A$240 million (US$188 million) in the costs of building the 110,000-seater venue.</p>
<p>On an eventful day for Sydney's Olympic organisers, Sandy Hollway, a career bureaucrat and diplomat who previously worked for former Labor Prime Minister Bob Hawke, was appointed chief executive after the sudden resignation of Mal Hemmerling.</p>
<p>The Sydney Olympic Committee for the Olympic Games (SOCOG) has been plagued by the loss of senior personnel during the past year.</p>
<p>During that period, two businessmen have resigned from the position as SOCOG president, leaving local politician Michael Knight to fill the role. A host of senior executives have also left the organising body.</p>
<p>Speaking at a hastily-arranged news conference, Hemmerling, who previously ran the Formula One grand prix in Adelaide for 10 years, said he made his decision to resign earlier this week.</p>
<p>&quot;I leave now at a time when the organisation is in great shape. Left any later, it would not have been to the advantage of SOCOG,&quot; said Hemmerling, who will receive 12 months' salary in a golden handshake worth a reported A$500,000 (US$392,000).</p>
<p>But according to local media, Knight had forced Hemmerling's resignation because of personality differences between the pair.</p>
<p>Knight also holds the portfolio of Minister for the Olympics in the Labor-controlled New South Wales state government, which is underwriting the infrastructure costs of staging the Games.</p>
<p>&quot;There is no instability in the (SOCOG) board. The board is very united,&quot; Knight said.</p>
<p>IOC officials, determined to avoid the troubles that beset last year's Olympic Games in Atlanta, have previously stated the need for continuity in decision making within SOCOG.</p>
<p>Knight said the IOC had been informed of Hemmerling's resignation over the past two days.</p>
<p>IOC Co-ordination Commissioner for the Sydney Olympics Jacques Rogge, the man responsible for monitoring the city's progress before the Games, cautioned SOCOG on the issue, according to Thursday's Sydney Morning Herald newspaper.</p>
<p>Speaking at IOC headquarters in Lausanne several weeks ago, Rogge said: &quot;We plead for stability now in all aspects of the Olympic Games. ..I don't think SOCOG can afford too many changes in the key positions now,&quot; the paper reported.</p>
<p>Hollway, who was Hawke's chief of staff at Federal parliament in Canberra between 1988 and 1990, joined the 15-member SOCOG board as deputy chief executive four months ago.</p>
</text>
<copyright>(c) Reuters Limited 1997</copyright>
<metadata>
<codes class="bip:countries:1.0">
  <code code="AUSTR">
    <editdetail attribution="Reuters BIP Coding Group" action="confirmed" date="1997-03-27"/>
  </code>
</codes>
<codes class="bip:topics:1.0">
  <code code="GCAT">
    <editdetail attribution="Reuters BIP Coding Group" action="confirmed" date="1997-03-27"/>
  </code>
  <code code="GSPO">
    <editdetail attribution="Reuters BIP Coding Group" action="confirmed" date="1997-03-27"/>
  </code>
</codes>
<dc element="dc.date.created" value="1997-03-27"/>
<dc element="dc.publisher" value="Reuters Holdings Plc"/>
<dc element="dc.date.published" value="1997-03-27"/>
<dc element="dc.source" value="Reuters"/>
<dc element="dc.creator.location" value="SYDNEY"/>
<dc element="dc.creator.location.country.name" value="AUSTRALIA"/>
<dc element="dc.source" value="Reuters"/>
</metadata>
</newsitem>
