<?xml version="1.0" encoding="iso-8859-1" ?>
<newsitem itemid="471381" id="root" date="1997-03-27" xml:lang="en">
<title>LITHUANIA: SOCIETE GENERALE MULLS LOCAL MARKET - C.BANK.</title>
<headline>SOCIETE GENERALE MULLS LOCAL MARKET - C.BANK.</headline>
<dateline>VILNIIUS 1997-03-27</dateline>
<text>
<p>Lithuania's central bank said on Thursday that France's Societe Generale was mulling a move into the local banking market but had not submitted any formal applications yet.</p>
<p>The country's Ministry of European Affiars reported on Wednesday that the French bank would be the first western bank to operate directly in Lithuania.</p>
<p>Central bank govenor Reinoldijus Sharkinas confirmed at a press conference that the bank was examining the Lithuanian market but said that it had no immediate plans to set up shop in the Baltic state.</p>
<p>&quot;We have had several meetings with the representatives of the bank,&quot; Sharkinas said.</p>
<p>&quot;So far they are investigating the market but I cannot say that they will come here immediately,&quot; he said.</p>
<p>He added that the bank might be considering a branch office but that it had submitted no official application.</p>
<p>Poland's Kredyt Bank last year became the first foreign bank to recieve permission to set up a branch office in Lithuania.</p>
<p>A number of Estonian banks have also expressed interest in moving south, either by acquiring stakes in Lithuanian banks or through the establishment of rep or branch offices.</p>
<p>Sharkinas said that the two big state-run banks slated for privatisation, the State Commercial bank and the Agriculture Bank, were being eyed by foreign investors.</p>
<p>But he said he did not think it would be a good idea if all of the country's banks were bought by foreign investors.</p>
<p>Foreign investors have majority stakes in the country's two largest private banks, Vilniaus Bank and Hermis Bank.</p>
<p>--Andrius Vilkancas, Vilnius newsroom +370 2 22 35 17</p>
</text>
<copyright>(c) Reuters Limited 1997</copyright>
<metadata>
<codes class="bip:countries:1.0">
  <code code="FRA">
    <editdetail attribution="Reuters BIP Coding Group" action="confirmed" date="1997-03-27"/>
  </code>
  <code code="LITH">
    <editdetail attribution="Reuters BIP Coding Group" action="confirmed" date="1997-03-27"/>
  </code>
</codes>
<codes class="bip:industries:1.0">
  <code code="I81402">
    <editdetail attribution="Reuters BIP Coding Group" action="confirmed" date="1997-03-27"/>
  </code>
</codes>
<codes class="bip:topics:1.0">
  <code code="C11">
    <editdetail attribution="Reuters BIP Coding Group" action="confirmed" date="1997-03-27"/>
  </code>
  <code code="CCAT">
    <editdetail attribution="Reuters BIP Coding Group" action="confirmed" date="1997-03-27"/>
  </code>
</codes>
<dc element="dc.date.created" value="1997-03-27"/>
<dc element="dc.publisher" value="Reuters Holdings Plc"/>
<dc element="dc.date.published" value="1997-03-27"/>
<dc element="dc.source" value="Reuters"/>
<dc element="dc.creator.location" value="VILNIIUS"/>
<dc element="dc.creator.location.country.name" value="LITHUANIA"/>
<dc element="dc.source" value="Reuters"/>
</metadata>
</newsitem>
