<?xml version="1.0" encoding="iso-8859-1" ?>
<newsitem itemid="471361" id="root" date="1997-03-27" xml:lang="en">
<title>SOUTH AFRICA: S.AFRICA MKT SEES 33 MLN RAND MARCH MAIZE DELIVERY.</title>
<headline>S.AFRICA MKT SEES 33 MLN RAND MARCH MAIZE DELIVERY.</headline>
<dateline>JOHANNESBURG 1997-03-27</dateline>
<text>
<p>The South African Futures Exchange (Safex) said on Thursday that a total of 33 million rands worth of maize was delivered on the market in March, with a final quantity of 47,700 tonnes put through on Thursday.</p>
<p>Safex said in a statement that physical maize deliveries were effected through the issue and delivery of Safex silo receipts at silos thoughout the maize-producing area.</p>
<p>It said although the primary aim of the futures market, which trades contracts on both white and yellow maize, was to manage price risk it could also be used as a guaranteed forward market.</p>
<p>Safex said South Africa's first official estimate for maize production in 1997 which showed the crop falling to 7.5 million tonnes from initial estimates of 10 million tonnes illustrated the uncertain situation facing the country's maize industry.</p>
<p>-- Johannesburg newsroom 27 11 482 1003</p>
</text>
<copyright>(c) Reuters Limited 1997</copyright>
<metadata>
<codes class="bip:countries:1.0">
  <code code="SAFR">
    <editdetail attribution="Reuters BIP Coding Group" action="confirmed" date="1997-03-27"/>
  </code>
</codes>
<codes class="bip:industries:1.0">
  <code code="I01001">
    <editdetail attribution="Reuters BIP Coding Group" action="confirmed" date="1997-03-27"/>
  </code>
  <code code="I0100132">
    <editdetail attribution="Reuters BIP Coding Group" action="confirmed" date="1997-03-27"/>
  </code>
</codes>
<codes class="bip:topics:1.0">
  <code code="C21">
    <editdetail attribution="Reuters BIP Coding Group" action="confirmed" date="1997-03-27"/>
  </code>
  <code code="CCAT">
    <editdetail attribution="Reuters BIP Coding Group" action="confirmed" date="1997-03-27"/>
  </code>
  <code code="M14">
    <editdetail attribution="Reuters BIP Coding Group" action="confirmed" date="1997-03-27"/>
  </code>
  <code code="M141">
    <editdetail attribution="Reuters BIP Coding Group" action="confirmed" date="1997-03-27"/>
  </code>
  <code code="MCAT">
    <editdetail attribution="Reuters BIP Coding Group" action="confirmed" date="1997-03-27"/>
  </code>
</codes>
<dc element="dc.date.created" value="1997-03-27"/>
<dc element="dc.publisher" value="Reuters Holdings Plc"/>
<dc element="dc.date.published" value="1997-03-27"/>
<dc element="dc.source" value="Reuters"/>
<dc element="dc.creator.location" value="JOHANNESBURG"/>
<dc element="dc.creator.location.country.name" value="SOUTH AFRICA"/>
<dc element="dc.source" value="Reuters"/>
</metadata>
</newsitem>
