<?xml version="1.0" encoding="iso-8859-1" ?>
<newsitem itemid="471325" id="root" date="1997-03-27" xml:lang="en">
<title>NEW ZEALAND: CRICKET-NZ BEAT SRI LANKA IN ONE-DAYER.</title>
<headline>CRICKET-NZ BEAT SRI LANKA IN ONE-DAYER.</headline>
<dateline>WELLINGTON 1997-03-27</dateline>
<text>
<p>New Zealand beat Sri Lanka by 69 runs after bowling the visitors out in just 37.2 overs in the second and final one-day cricket international on Thursday.</p>
<p>Sri Lanka won the first match.</p>
<p>Scores:</p>
<p>New Zealand 201 (C.Cairns 56, C.Vaas 4-26).</p>
<p>Sri Lanka 132 (P.A. de Silva 36, H. Davis 4-35).</p>
</text>
<copyright>(c) Reuters Limited 1997</copyright>
<metadata>
<codes class="bip:countries:1.0">
  <code code="NZ">
    <editdetail attribution="Reuters BIP Coding Group" action="confirmed" date="1997-03-27"/>
  </code>
  <code code="SRILAN">
    <editdetail attribution="Reuters BIP Coding Group" action="confirmed" date="1997-03-27"/>
  </code>
</codes>
<codes class="bip:topics:1.0">
  <code code="GCAT">
    <editdetail attribution="Reuters BIP Coding Group" action="confirmed" date="1997-03-27"/>
  </code>
  <code code="GSPO">
    <editdetail attribution="Reuters BIP Coding Group" action="confirmed" date="1997-03-27"/>
  </code>
</codes>
<dc element="dc.date.created" value="1997-03-27"/>
<dc element="dc.publisher" value="Reuters Holdings Plc"/>
<dc element="dc.date.published" value="1997-03-27"/>
<dc element="dc.source" value="Reuters"/>
<dc element="dc.creator.location" value="WELLINGTON"/>
<dc element="dc.creator.location.country.name" value="NEW ZEALAND"/>
<dc element="dc.source" value="Reuters"/>
</metadata>
</newsitem>
