<?xml version="1.0" encoding="iso-8859-1" ?>
<newsitem itemid="471302" id="root" date="1997-03-27" xml:lang="en">
<title>UK: SOCCER-ROYLE QUITS EVERTON.</title>
<headline>SOCCER-ROYLE QUITS EVERTON.</headline>
<dateline>LONDON 1997-03-27</dateline>
<text>
<p>Everton manager Joe Royle left the English premier league soccer club &quot;by mutual consent&quot; on Thursday.</p>
<p>The team's Clubcall line carried a statement from Royle which said: &quot;I have been disappointed by recent results and by our current league position. Having spoken to the chairman I am leaving by mutual consent.&quot;  </p>
<p>Royle, a former championship-winning hero as a player with the club, returned as manager two years ago.</p>
<p>He saved them from relegation and won the 1995 F.A. Cup but since then has failed to establish Everton as a force in the premier league.</p>
<p>Just eight points from 13 games have left Everton still not certain of avoiding another end-of-season relegation battle. They are currently in 13th.</p>
</text>
<copyright>(c) Reuters Limited 1997</copyright>
<metadata>
<codes class="bip:countries:1.0">
  <code code="UK">
    <editdetail attribution="Reuters BIP Coding Group" action="confirmed" date="1997-03-27"/>
  </code>
</codes>
<codes class="bip:topics:1.0">
  <code code="GCAT">
    <editdetail attribution="Reuters BIP Coding Group" action="confirmed" date="1997-03-27"/>
  </code>
  <code code="GSPO">
    <editdetail attribution="Reuters BIP Coding Group" action="confirmed" date="1997-03-27"/>
  </code>
</codes>
<dc element="dc.date.created" value="1997-03-27"/>
<dc element="dc.publisher" value="Reuters Holdings Plc"/>
<dc element="dc.date.published" value="1997-03-27"/>
<dc element="dc.source" value="Reuters"/>
<dc element="dc.creator.location" value="LONDON"/>
<dc element="dc.creator.location.country.name" value="UK"/>
<dc element="dc.source" value="Reuters"/>
</metadata>
</newsitem>
