<?xml version="1.0" encoding="iso-8859-1" ?>
<newsitem itemid="471391" id="root" date="1997-03-27" xml:lang="en">
<title>LITHUANIA: LITIMPEKS TO CHANGE NOMINAL VALUE OF SHARES.</title>
<headline>LITIMPEKS TO CHANGE NOMINAL VALUE OF SHARES.</headline>
<dateline>VILNIUS 1997-03-27</dateline>
<text>
<p>Lithuania's Litimpeks Bank said on Thursday that it would change the nominal value of its shares leading to a decrease in its share capital.</p>
<p>The shares' value will be reduced from ten litas to one litas.</p>
<p>&quot;The shareholders' meeting today decided to decrease the share capital of 40.9 million litas to 4.09 million litas,&quot; the bank's spokeswoman, Regina Sondeckiene, told Reuters.</p>
<p>She added that the bank planned to make a 56 million litas share issue to boost its share capital to 60 million litas after the split.</p>
<p>She also said that its 1996 losses amounted to 6.37 million litas versus 14.5 million litas the previous year.</p>
<p>The bank was unexpectedly shut at the end of 1995 along with another major bank, Innovation Bank, sparking a crisis in the sector.</p>
<p>Litimpeks managed to get back on its feet and was reopened last June while Innovation is to be liquidated.</p>
<p>Litimpeks said on Wednesday that Estonia's Hoiupank and Tallinna Pank were eyeing the share issue.</p>
<p>--Andrius Vilkancas, Vilnius newsroom +370 2 22 25 18</p>
</text>
<copyright>(c) Reuters Limited 1997</copyright>
<metadata>
<codes class="bip:countries:1.0">
  <code code="LITH">
    <editdetail attribution="Reuters BIP Coding Group" action="confirmed" date="1997-03-27"/>
  </code>
</codes>
<codes class="bip:industries:1.0">
  <code code="I81402">
    <editdetail attribution="Reuters BIP Coding Group" action="confirmed" date="1997-03-27"/>
  </code>
</codes>
<codes class="bip:topics:1.0">
  <code code="C17">
    <editdetail attribution="Reuters BIP Coding Group" action="confirmed" date="1997-03-27"/>
  </code>
  <code code="C171">
    <editdetail attribution="Reuters BIP Coding Group" action="confirmed" date="1997-03-27"/>
  </code>
  <code code="CCAT">
    <editdetail attribution="Reuters BIP Coding Group" action="confirmed" date="1997-03-27"/>
  </code>
</codes>
<dc element="dc.date.created" value="1997-03-27"/>
<dc element="dc.publisher" value="Reuters Holdings Plc"/>
<dc element="dc.date.published" value="1997-03-27"/>
<dc element="dc.source" value="Reuters"/>
<dc element="dc.creator.location" value="VILNIUS"/>
<dc element="dc.creator.location.country.name" value="LITHUANIA"/>
<dc element="dc.source" value="Reuters"/>
</metadata>
</newsitem>
