<?xml version="1.0" encoding="iso-8859-1" ?>
<newsitem itemid="471332" id="root" date="1997-03-27" xml:lang="en">
<title>CHINA: GYMNASTICS-OLYMPIC CHAMPION LI XIAOSHUANG INJURED.</title>
<headline>GYMNASTICS-OLYMPIC CHAMPION LI XIAOSHUANG INJURED.</headline>
<dateline>BEIJING 1997-03-27</dateline>
<text>
<p>China's Li Xiaoshuang, men's all-round gymnastics champion at the Atlanta Olympics, has undergone an operation after injuring his ankles in training, the China Sports Daily said on Thursday.</p>
<p>Li injured ligaments in both ankles during exercises about a month ago, the newspaper said.</p>
<p>&quot;I had not expected the boat to capsize in such a little stream,&quot; Li was quoted as saying. &quot;This was perhaps because I had rested for quite a long time and my body had not completely made the transition.&quot;</p>
<p>This week, Li appeared in a wheelchair when he won an award in ceremonies to name China's top 10 athletes for 1997. It was the fifth time Li had been named among the top 10.</p>
<p>&quot;The surgery was successful and he will recover soon. Actually, he could leave hospital now if he wanted,&quot; an official at the Beijing Medical College Number Three Hospital said.</p>
</text>
<copyright>(c) Reuters Limited 1997</copyright>
<metadata>
<codes class="bip:countries:1.0">
  <code code="CHINA">
    <editdetail attribution="Reuters BIP Coding Group" action="confirmed" date="1997-03-27"/>
  </code>
  <code code="USA">
    <editdetail attribution="Reuters BIP Coding Group" action="confirmed" date="1997-03-27"/>
  </code>
</codes>
<codes class="bip:topics:1.0">
  <code code="GCAT">
    <editdetail attribution="Reuters BIP Coding Group" action="confirmed" date="1997-03-27"/>
  </code>
  <code code="GSPO">
    <editdetail attribution="Reuters BIP Coding Group" action="confirmed" date="1997-03-27"/>
  </code>
</codes>
<dc element="dc.date.created" value="1997-03-27"/>
<dc element="dc.publisher" value="Reuters Holdings Plc"/>
<dc element="dc.date.published" value="1997-03-27"/>
<dc element="dc.source" value="Reuters"/>
<dc element="dc.creator.location" value="BEIJING"/>
<dc element="dc.creator.location.country.name" value="CHINA"/>
<dc element="dc.source" value="Reuters"/>
</metadata>
</newsitem>
