<?xml version="1.0" encoding="iso-8859-1" ?>
<newsitem itemid="471378" id="root" date="1997-03-27" xml:lang="en">
<title>ROMANIA: RADIO ROMANIA AFTERNOON HEADLINES AT 1 PM.</title>
<headline>RADIO ROMANIA AFTERNOON HEADLINES AT 1 PM.</headline>
<dateline>BUCHAREST 1997-03-27</dateline>
<text>
<p>Radio Romania news:</p>
<p>* Romanian Defence Minister Victor Babiuc signed military cooperation accord with his Greek counterpart Akis Tsohatzopoulos.</p>
<p>Romania and Greece are vital elements of the region's stability which is why NATO should open to countries like Romania, Tsohatzopoulos said. He said his country fully supported Romania in its bid to join the Western defence alliance.</p>
<p>* Romania switches to summer time on Saturday, March 29, when the clock goes forward one hour at local midnight. -- Bucharest Newsroom 40-1 3120264</p>
</text>
<copyright>(c) Reuters Limited 1997</copyright>
<metadata>
<codes class="bip:countries:1.0">
  <code code="ROM">
    <editdetail attribution="Reuters BIP Coding Group" action="confirmed" date="1997-03-27"/>
  </code>
</codes>
<codes class="bip:topics:1.0">
  <code code="GCAT">
    <editdetail attribution="Reuters BIP Coding Group" action="confirmed" date="1997-03-27"/>
  </code>
</codes>
<dc element="dc.date.created" value="1997-03-27"/>
<dc element="dc.publisher" value="Reuters Holdings Plc"/>
<dc element="dc.date.published" value="1997-03-27"/>
<dc element="dc.source" value="Reuters"/>
<dc element="dc.creator.location" value="BUCHAREST"/>
<dc element="dc.creator.location.country.name" value="ROMANIA"/>
<dc element="dc.source" value="Reuters"/>
</metadata>
</newsitem>
