<?xml version="1.0" encoding="iso-8859-1" ?>
<newsitem itemid="471310" id="root" date="1997-03-27" xml:lang="en">
<title>SLOVAKIA: SOCCER-SLOVAKIA'S ZEMAN RETURNS FOR CUP QUALIFIER.</title>
<headline>SOCCER-SLOVAKIA'S ZEMAN RETURNS FOR CUP QUALIFIER.</headline>
<dateline>BRATISLAVA 1997-03-27</dateline>
<text>
<p>Midfielder Marian Zeman has been recalled to the Slovakian squad to play Malta in a World Cup qualifier on Monday.</p>
<p>Slovakia, placed third in group six behind Spain and Yugoslavia, named the Istanbulspor player in a 20-man squad after he was sidelined for several weeks due to injury.</p>
<p>Slovakia won their opening three matches, including a 6-0 home victory against Malta, but crashed 4-1 to Spain in their last match.</p>
<p>Earlier this month they beat Bulgaria 1-0 in a friendly.</p>
<p>Squad:</p>
<p>Goalkeepers - Alexander Vencel, Miroslav Koenig</p>
<p>Defenders - Dusan Tittel, Ivan Kozak, Marek Spilar, Miroslav Karhan, Peter Dzurik, Stanislav Varga</p>
<p>Midfielders - Julius Simon, Lubomir Moravcik, Igor Demo, Stefan Majoros, Miroslav Sovic, Vladislav Zvara, Marian Zeman</p>
<p>Strikers - Samuel Slovak, Tibor Jancula, Szilard Nemeth, Igor Balis, Robert Semenik.</p>
</text>
<copyright>(c) Reuters Limited 1997</copyright>
<metadata>
<codes class="bip:countries:1.0">
  <code code="MALTA">
    <editdetail attribution="Reuters BIP Coding Group" action="confirmed" date="1997-03-27"/>
  </code>
  <code code="SLVAK">
    <editdetail attribution="Reuters BIP Coding Group" action="confirmed" date="1997-03-27"/>
  </code>
  <code code="SPAIN">
    <editdetail attribution="Reuters BIP Coding Group" action="confirmed" date="1997-03-27"/>
  </code>
  <code code="YUG">
    <editdetail attribution="Reuters BIP Coding Group" action="confirmed" date="1997-03-27"/>
  </code>
</codes>
<codes class="bip:topics:1.0">
  <code code="GCAT">
    <editdetail attribution="Reuters BIP Coding Group" action="confirmed" date="1997-03-27"/>
  </code>
  <code code="GSPO">
    <editdetail attribution="Reuters BIP Coding Group" action="confirmed" date="1997-03-27"/>
  </code>
</codes>
<dc element="dc.date.created" value="1997-03-27"/>
<dc element="dc.publisher" value="Reuters Holdings Plc"/>
<dc element="dc.date.published" value="1997-03-27"/>
<dc element="dc.source" value="Reuters"/>
<dc element="dc.creator.location" value="BRATISLAVA"/>
<dc element="dc.creator.location.country.name" value="SLOVAKIA"/>
<dc element="dc.source" value="Reuters"/>
</metadata>
</newsitem>
