<?xml version="1.0" encoding="iso-8859-1" ?>
<newsitem itemid="471398" id="root" date="1997-03-27" xml:lang="en">
<title>LATVIA: UNIBANKA SEEN RECOVERING BUT SHARES SEEN QUIET.</title>
<headline>UNIBANKA SEEN RECOVERING BUT SHARES SEEN QUIET.</headline>
<dateline>RIGA 1997-03-27</dateline>
<text>
<p>Leading share Unibanka is seen recovering next week after the news of its cancelled merger with Zemes Banka but total share trade is expected to be quiet amid many shareholder meetings, analysts and dealers said Thursday.</p>
<p>&quot;The cancelled merger with Zemes Banka is good news for Unibanka as a stock,&quot; one analyst said.</p>
<p>&quot;The merger would have meant a lost year in terms of expanding its market share,&quot; he added.</p>
<p>&quot;I do not think, that the bank needed it (the merger) really, given the current pace of development of the banking sector,&quot; he added.</p>
<p>Other market participants were also confident on Unibanka.</p>
<p>&quot;Following a short pause, Unibanka will continue its movement upwards,&quot; Dmitri Krutik, head of Rietumu Banka's securities department, said in an analysis.</p>
<p>&quot;The state of Unibanka, according to a number of experts, is better than in Zemes,&quot; Krutik added.</p>
<p>For the market as a whole, no major change in activity is expected in the weeks after the Easter vacation as many shareholder meetings are held and share are blocked in accounts.</p>
<p>&quot;We might get only slightly bigger activity next week,&quot; one dealer said.</p>
<p>Valmiera Glassfibre, which fluctuated during the week between two lats and 1.87 lats, is expected to become more stable as the company's shares become concentrated in fewer hands, Rietumu's Krutik said in his analysis.</p>
<p>Riga Shipyard, planning to join the market in April, is seen as a business with good prospects within its regional niche, said one analyst.</p>
<p>-- Martinsh Gravitis, Riga Newsoom, +371 721 5240</p>
</text>
<copyright>(c) Reuters Limited 1997</copyright>
<metadata>
<codes class="bip:countries:1.0">
  <code code="LATV">
    <editdetail attribution="Reuters BIP Coding Group" action="confirmed" date="1997-03-27"/>
  </code>
</codes>
<codes class="bip:industries:1.0">
  <code code="I81402">
    <editdetail attribution="Reuters BIP Coding Group" action="confirmed" date="1997-03-27"/>
  </code>
</codes>
<codes class="bip:topics:1.0">
  <code code="C15">
    <editdetail attribution="Reuters BIP Coding Group" action="confirmed" date="1997-03-27"/>
  </code>
  <code code="C152">
    <editdetail attribution="Reuters BIP Coding Group" action="confirmed" date="1997-03-27"/>
  </code>
  <code code="C18">
    <editdetail attribution="Reuters BIP Coding Group" action="confirmed" date="1997-03-27"/>
  </code>
  <code code="C181">
    <editdetail attribution="Reuters BIP Coding Group" action="confirmed" date="1997-03-27"/>
  </code>
  <code code="CCAT">
    <editdetail attribution="Reuters BIP Coding Group" action="confirmed" date="1997-03-27"/>
  </code>
</codes>
<dc element="dc.date.created" value="1997-03-27"/>
<dc element="dc.publisher" value="Reuters Holdings Plc"/>
<dc element="dc.date.published" value="1997-03-27"/>
<dc element="dc.source" value="Reuters"/>
<dc element="dc.creator.location" value="RIGA"/>
<dc element="dc.creator.location.country.name" value="LATVIA"/>
<dc element="dc.source" value="Reuters"/>
</metadata>
</newsitem>
