<?xml version="1.0" encoding="iso-8859-1" ?>
<newsitem itemid="471352" id="root" date="1997-03-27" xml:lang="en">
<title>NETHERLANDS: DUTCH BURY VICTIM OF SOCCER GANG VIOLENCE.</title>
<headline>DUTCH BURY VICTIM OF SOCCER GANG VIOLENCE.</headline>
<dateline>AMSTERDAM 1997-03-27</dateline>
<text>
<p>An Ajax Amsterdam soccer club gang leader killed last Sunday in a pitched battle with rival supporters was buried on Thursday after a procession from the club's old ground by hundreds of fellow fans.</p>
<p>Carlo Picornie, a 35-year-old hotel owner and leader of Ajax's hard-core &quot;F-side&quot; supporters, was clubbed to death during a bloody clash with Feyenoord Rotterdam fans on waste ground by a motorway near Amsterdam.</p>
<p>Dutch television showed hundreds of Ajax fans gathering at the club's former De Meer stadium in west Amsterdam, before marching under the watchful eye of police to the graveyard for the burial.</p>
<p>Mourners placed hundreds of red and while flowers -- the Ajax club colours -- by the grave.</p>
<p>Bystanders reflected the prevailing mood of sadness and futility over the latest in a series of ugly incidents bedevilling the Dutch game.</p>
<p>&quot;I think it's terrible, but it's got absolutely nothing to do with football,&quot; one man said. &quot;It's a disaster, of course, and I just hope they've learnt something from it.&quot;</p>
<p>The death was the first linked to the soccer hooliganism that has blighted the sport in this soccer-mad country for over 20 years.</p>
<p>&quot;It is terrible that this can happen to a sport,&quot; one elderly woman said, adding that her young son was now too frightened to travel on Amsterdam's metro wearing his favourite Ajax shirt.</p>
<p>The Dutch ANP news agency said police had this week arrested four Feyenoord fans thought to have taken part in Sunday's swift and brutal confrontation. One was later released.</p>
<p>As politicians and the authorities grapple with how to react to the latest soccer violence, especially as the Netherlands is to co-host the European soccer championships in 2000, one &quot;F-side&quot; member told Dutch television: &quot;We cannot and will not forgive&quot;.</p>
</text>
<copyright>(c) Reuters Limited 1997</copyright>
<metadata>
<codes class="bip:countries:1.0">
  <code code="NETH">
    <editdetail attribution="Reuters BIP Coding Group" action="confirmed" date="1997-03-27"/>
  </code>
</codes>
<codes class="bip:topics:1.0">
  <code code="GCAT">
    <editdetail attribution="Reuters BIP Coding Group" action="confirmed" date="1997-03-27"/>
  </code>
  <code code="GSPO">
    <editdetail attribution="Reuters BIP Coding Group" action="confirmed" date="1997-03-27"/>
  </code>
</codes>
<dc element="dc.date.created" value="1997-03-27"/>
<dc element="dc.publisher" value="Reuters Holdings Plc"/>
<dc element="dc.date.published" value="1997-03-27"/>
<dc element="dc.source" value="Reuters"/>
<dc element="dc.creator.location" value="AMSTERDAM"/>
<dc element="dc.creator.location.country.name" value="NETHERLANDS"/>
<dc element="dc.source" value="Reuters"/>
</metadata>
</newsitem>
