<?xml version="1.0" encoding="iso-8859-1" ?>
<newsitem itemid="471309" id="root" date="1997-03-27" xml:lang="en">
<title>RUSSIA: SOCCER-INJURED KANISHCHEV OUT FOR RUSSIA'S CYPRUS GAME.</title>
<headline>SOCCER-INJURED KANISHCHEV OUT FOR RUSSIA'S CYPRUS GAME.</headline>
<dateline>MOSCOW 1997-03-27</dateline>
<text>
<p>Russian striker Anatoly Kanishchev will miss Saturday's World Cup qualifier against Cyprus due to injury, a Russian official said on Thursday.</p>
<p>Lokomotiv Moscow midfielder Yevgeny Kharlachev and Spartak Moscow's top-scoring winger Andrei Tikhonov are also injured and will miss the group five game.</p>
<p>Sporting Gijon's Yuri Nikiforov is out after being sent off in Russia's previous game in Luxembourg.</p>
<p>Russia, with two wins and a draw, lead the group ahead of Israel.</p>
<p>Squad:</p>
<p>Goalkeepers - Stanislav Cherchesov (Tirol Innsbruck), Sergei Ovchinnikov (Lokomotiv Moscow)</p>
<p>Defenders - Ramiz Mamedov (Spartak Moscow), Dmitry Khlestov (Spartak Moscow), Omar Tetradze (Roma), Igor Chugaynov (Lokomotiv Moscow), Maxim Bokov (CSKA Moscow), Dmitry Popov (Compostela), Viktor Onopko (Oviedo)</p>
<p>Midfielders - Igor Yanovsky (Alania), Andrei Kanchelskis (Fiorentina), Dmitry Alenichev (Spartak Moscow), Ilya Tsymbalar (Spartak Moscow), Alexander Mostovoy (Celta Vigo), Valery Karpin (Valencia)</p>
<p>Forwards - Igor Kolyvanov (Bologna), Igor Simutenkov (Reggiana), Alexei Gerasimenko (Rostselmash Rostov).</p>
</text>
<copyright>(c) Reuters Limited 1997</copyright>
<metadata>
<codes class="bip:countries:1.0">
  <code code="CYPR">
    <editdetail attribution="Reuters BIP Coding Group" action="confirmed" date="1997-03-27"/>
  </code>
  <code code="RUSS">
    <editdetail attribution="Reuters BIP Coding Group" action="confirmed" date="1997-03-27"/>
  </code>
</codes>
<codes class="bip:topics:1.0">
  <code code="GCAT">
    <editdetail attribution="Reuters BIP Coding Group" action="confirmed" date="1997-03-27"/>
  </code>
  <code code="GSPO">
    <editdetail attribution="Reuters BIP Coding Group" action="confirmed" date="1997-03-27"/>
  </code>
</codes>
<dc element="dc.date.created" value="1997-03-27"/>
<dc element="dc.publisher" value="Reuters Holdings Plc"/>
<dc element="dc.date.published" value="1997-03-27"/>
<dc element="dc.source" value="Reuters"/>
<dc element="dc.creator.location" value="MOSCOW"/>
<dc element="dc.creator.location.country.name" value="RUSSIA"/>
<dc element="dc.source" value="Reuters"/>
</metadata>
</newsitem>
