<?xml version="1.0" encoding="iso-8859-1" ?>
<newsitem itemid="471338" id="root" date="1997-03-27" xml:lang="en">
<title>USA: NHL ICE HOCKEY-WEDNESDAY'S RESULTS.</title>
<headline>NHL ICE HOCKEY-WEDNESDAY'S RESULTS.</headline>
<dateline>NEW YORK 1997-03-27</dateline>
<text>
<p>Results of National Hockey</p>
<p>League games on Wednesday (home team in CAPS):</p>
<p> MONTREAL	  8   Pittsburgh	5</p>
<p> DETROIT	   6   Colorado	  5 (OT)</p>
<p> NY Islanders    3   BUFFALO	   2 (OT)</p>
<p> CHICAGO	   5   Washington	3</p>
<p> VANCOUVER	 5   Anaheim	   3</p>
<p> Toronto	   2   SAN JOSE	  1</p>
</text>
<copyright>(c) Reuters Limited 1997</copyright>
<metadata>
<codes class="bip:countries:1.0">
  <code code="CANA">
    <editdetail attribution="Reuters BIP Coding Group" action="confirmed" date="1997-03-27"/>
  </code>
  <code code="USA">
    <editdetail attribution="Reuters BIP Coding Group" action="confirmed" date="1997-03-27"/>
  </code>
</codes>
<codes class="bip:topics:1.0">
  <code code="GCAT">
    <editdetail attribution="Reuters BIP Coding Group" action="confirmed" date="1997-03-27"/>
  </code>
  <code code="GSPO">
    <editdetail attribution="Reuters BIP Coding Group" action="confirmed" date="1997-03-27"/>
  </code>
</codes>
<dc element="dc.date.created" value="1997-03-27"/>
<dc element="dc.publisher" value="Reuters Holdings Plc"/>
<dc element="dc.date.published" value="1997-03-27"/>
<dc element="dc.source" value="Reuters"/>
<dc element="dc.creator.location" value="NEW YORK"/>
<dc element="dc.creator.location.country.name" value="USA"/>
<dc element="dc.source" value="Reuters"/>
</metadata>
</newsitem>
