<?xml version="1.0" encoding="iso-8859-1" ?>
<newsitem itemid="471359" id="root" date="1997-03-27" xml:lang="en">
<title>SWITZERLAND: SOCCER-UEFA FINES FOWLER $1,400.</title>
<headline>SOCCER-UEFA FINES FOWLER $1,400.</headline>
<dateline>GENEVA 1997-03-27</dateline>
<text>
<p>Liverpool striker Robbie Fowler was fined 2,000 Swiss Francs ($1,400) by European governing body UEFA on Thursday for his show of support for sacked dock workers during a European Cup Winners' Cup match.</p>
<p>Ironically, Fowler had received a pat on the back from the world governing body FIFA on Tuesday for a display of fair play during an English premier league match against Arsenal.</p>
<p>UEFA's Control and Disciplinary Committee made note of Fowler's sporting behaviour in assessing the punishment beginning its press release saying, &quot;It may seem strange and even unfair...&quot;.</p>
<p>After scoring his second goal in Liverpool's 3-0 Cup Winners' Cup win over Brann Bergen of Norway last week, Fowler lifted up his red Liverpool shirt to display a T-shirt which read: &quot;Support The 500 Sacked Dockers&quot;.</p>
<p>UEFA regulations prohibit players from displaying any political logos at matches.</p>
<p>The press release noted that while UEFA may sympathise with such support, it strictly rules that a soccer ground is not the right stage for political demonstrations.</p>
<p>Two days earlier, Fowler was praised for his sense of fair play when he argued against a penalty call after he appeared to be brought down in the penalty area by England goalkeeper David Seaman.</p>
<p>However, as referee Gerald Ashby signalled the penalty, Fowler protested that he had not been fouled.</p>
<p>&quot;Your reaction in the penalty incident...did you great honour. It is the kind of reaction which helps maintain the dignity of the game,&quot; said FIFA general secretary Sepp Blatter.</p>
</text>
<copyright>(c) Reuters Limited 1997</copyright>
<metadata>
<codes class="bip:countries:1.0">
  <code code="SWITZ">
    <editdetail attribution="Reuters BIP Coding Group" action="confirmed" date="1997-03-27"/>
  </code>
  <code code="UK">
    <editdetail attribution="Reuters BIP Coding Group" action="confirmed" date="1997-03-27"/>
  </code>
</codes>
<codes class="bip:topics:1.0">
  <code code="GCAT">
    <editdetail attribution="Reuters BIP Coding Group" action="confirmed" date="1997-03-27"/>
  </code>
  <code code="GSPO">
    <editdetail attribution="Reuters BIP Coding Group" action="confirmed" date="1997-03-27"/>
  </code>
</codes>
<dc element="dc.date.created" value="1997-03-27"/>
<dc element="dc.publisher" value="Reuters Holdings Plc"/>
<dc element="dc.date.published" value="1997-03-27"/>
<dc element="dc.source" value="Reuters"/>
<dc element="dc.creator.location" value="GENEVA"/>
<dc element="dc.creator.location.country.name" value="SWITZERLAND"/>
<dc element="dc.source" value="Reuters"/>
</metadata>
</newsitem>
