<?xml version="1.0" encoding="iso-8859-1" ?>
<newsitem itemid="471308" id="root" date="1997-03-27" xml:lang="en">
<title>SOUTH AFRICA: CRICKET-SOUTH AFRICA'S KALLIS JOINING MIDDLESEX.</title>
<headline>CRICKET-SOUTH AFRICA'S KALLIS JOINING MIDDLESEX.</headline>
<dateline>CAPE TOWN 1997-03-27</dateline>
<text>
<p>South African all-rounder Jacques Kallis, 21, has agreed a one-year contract with English county side Middlesex, the United Cricket Board (UCB) of South Africa confirmed on Thursday.</p>
<p>&quot;We have given our approval after Middlesex were happy to agree to a couple of conditions,&quot; UCB managing director Ali Bacher said.</p>
<p>&quot;Firstly, because of the back injury he suffered nine months ago we have asked that Jacques only bowl in one day competitions.</p>
<p>&quot;Secondly, that if Middlesex are out of the County Championship race towards the end of the season then he come back to South Africa on September 1 to rest in time for our tour of Pakistan which begins later that month.</p>
<p>&quot;Obviously, if Middlesex are in the NatWest Final we would be happy for him to stay on for that.&quot;</p>
<p>Kallis,  a hard hitting right hand top order batsman and useful second change medium pace bowler, has played in five tests for South Africa.</p>
</text>
<copyright>(c) Reuters Limited 1997</copyright>
<metadata>
<codes class="bip:countries:1.0">
  <code code="SAFR">
    <editdetail attribution="Reuters BIP Coding Group" action="confirmed" date="1997-03-27"/>
  </code>
  <code code="UK">
    <editdetail attribution="Reuters BIP Coding Group" action="confirmed" date="1997-03-27"/>
  </code>
</codes>
<codes class="bip:topics:1.0">
  <code code="GCAT">
    <editdetail attribution="Reuters BIP Coding Group" action="confirmed" date="1997-03-27"/>
  </code>
  <code code="GSPO">
    <editdetail attribution="Reuters BIP Coding Group" action="confirmed" date="1997-03-27"/>
  </code>
</codes>
<dc element="dc.date.created" value="1997-03-27"/>
<dc element="dc.publisher" value="Reuters Holdings Plc"/>
<dc element="dc.date.published" value="1997-03-27"/>
<dc element="dc.source" value="Reuters"/>
<dc element="dc.creator.location" value="CAPE TOWN"/>
<dc element="dc.creator.location.country.name" value="SOUTH AFRICA"/>
<dc element="dc.source" value="Reuters"/>
</metadata>
</newsitem>
