<?xml version="1.0" encoding="iso-8859-1" ?>
<newsitem itemid="471337" id="root" date="1997-03-27" xml:lang="en">
<title>USA: NHL ICE HOCKEY-STANDINGS AFTER WEDNESDAY'S GAMES.</title>
<headline>NHL ICE HOCKEY-STANDINGS AFTER WEDNESDAY'S GAMES.</headline>
<dateline>NEW YORK 1997-03-27</dateline>
<text>
<p>Standings of National Hockey</p>
<p>League teams after games played on Wednesday (tabulate under</p>
<p>won, lost, tied, goals for, goals against, points):</p>
<p>		 EASTERN CONFERENCE</p>
<p>		 NORTHEAST DIVISION</p>
<p>		    W   L   T   GF   GA   PTS</p>
<p> X-BUFFALO     38  24  11  218  185   87</p>
<p> PITTSBURGH    34  33   7  256  253   75</p>
<p> MONTREAL	28  33  14  232  258   70</p>
<p> HARTFORD	27  36  10  195  229   64</p>
<p> OTTAWA	  24  34  15  200  217   63</p>
<p> BOSTON	  24  41   9  212  266   57</p>
<p>		 ATLANTIC DIVISION</p>
<p>		    W   L   T   GF   GA   PTS</p>
<p> X-PHILADELPHIA42  21  11  251  193   95</p>
<p> X-NEW JERSEY  39  21  13  206  169   91</p>
<p> X-FLORIDA     33  24  17  201  179   83</p>
<p> NY RANGERS    35  30   9  239  206   79</p>
<p> WASHINGTON    30  37   8  191  211   68</p>
<p> TAMPA BAY     29  37   7  199  226   65</p>
<p> NY ISLANDERS  26  36  11  205  217   63</p>
<p>		 WESTERN CONFERENCE</p>
<p>		  CENTRAL DIVISION</p>
<p>		    W   L   T   GF   GA   PTS</p>
<p> X-DALLAS	44  23   6  228  174   94</p>
<p> DETROIT	 35  23  15  235  179   85</p>
<p> PHOENIX	 35  34   5  213  222   75</p>
<p> CHICAGO	 30  32  12  198  190   72</p>
<p> ST LOUIS	31  34   9  216  226   71</p>
<p> TORONTO	 27  41   6  212  254   60</p>
<p>		 PACIFIC DIVISION</p>
<p>		    W   L   T   GF   GA   PTS</p>
<p> Y-COLORADO    46  20   9  257  184  101</p>
<p> EDMONTON	34  33   7  230  221   75</p>
<p> ANAHEIM	 31  33  11  221  216   73</p>
<p> CALGARY	 32  35   8  201  210   72</p>
<p> VANCOUVER     31  39   5  231  253   67</p>
<p> LOS ANGELES   26  38  10  194  242   62</p>
<p> SAN JOSE	24  43   7  184  245   55</p>
<p>X -- CLINCHED PLAYOFF BERTH</p>
<p>Y -- CLINCHED DIVISION TITLE</p>
<p>THURSDAY, MARCH 27 SCHEDULE</p>
<p>NY ISLANDERS AT BOSTON </p>
<p> OTTAWA AT FLORIDA	</p>
<p>NY RANGERS AT NEW JERSEY</p>
<p>HARTFORD AT TAMPA BAY  </p>
<p>LOS ANGELES AT ST LOUIS</p>
<p> TORONTO AT PHOENIX</p>
</text>
<copyright>(c) Reuters Limited 1997</copyright>
<metadata>
<codes class="bip:countries:1.0">
  <code code="CANA">
    <editdetail attribution="Reuters BIP Coding Group" action="confirmed" date="1997-03-27"/>
  </code>
  <code code="USA">
    <editdetail attribution="Reuters BIP Coding Group" action="confirmed" date="1997-03-27"/>
  </code>
</codes>
<codes class="bip:topics:1.0">
  <code code="GCAT">
    <editdetail attribution="Reuters BIP Coding Group" action="confirmed" date="1997-03-27"/>
  </code>
  <code code="GSPO">
    <editdetail attribution="Reuters BIP Coding Group" action="confirmed" date="1997-03-27"/>
  </code>
</codes>
<dc element="dc.date.created" value="1997-03-27"/>
<dc element="dc.publisher" value="Reuters Holdings Plc"/>
<dc element="dc.date.published" value="1997-03-27"/>
<dc element="dc.source" value="Reuters"/>
<dc element="dc.creator.location" value="NEW YORK"/>
<dc element="dc.creator.location.country.name" value="USA"/>
<dc element="dc.source" value="Reuters"/>
</metadata>
</newsitem>
