<?xml version="1.0" encoding="iso-8859-1" ?>
<newsitem itemid="471314" id="root" date="1997-03-27" xml:lang="en">
<title>BARBADOS: CRICKET-CHANDERPAUL HITS MAIDEN TEST CENTURY.</title>
<headline>CRICKET-CHANDERPAUL HITS MAIDEN TEST CENTURY.</headline>
<dateline>BRIDGETOWN, Barbados 1997-03-27</dateline>
<text>
<p>Shivnarine Chanderpaul hit his maiden test century to keep the West Indies alive on the first day of the third test match against India on Thursday.</p>
<p>Chanderpaul's disciplined innings helped the West Indies survive the first day after the Indian bowlers had them on the ropes, with pacemen Venkatesh Prasad and Dodda Ganesh reducing them to 144 for five by tea.</p>
<p>Prasad, who bowled an immaculate off-stump line and got the ball to bounce and swing, was the pick of the bowlers, capturing four for 58 off 25 overs during the day. Ganesh took two for 70 off 21 overs in his first game of the series.</p>
<p>Chanderpaul, who at one stage looked like he could be deprived his centry by a lack of batting parters, calmly batted on as the wickets fell around him, helping West Indies reach a more respecable 240 for seven at the close.</p>
<p>&quot;It is a big relief and I am happy, too. It's been a long wait and a heavy load on my shoulders,&quot; said Chanderpaul, who was mobbed by around 300 fans who ran onto the pitch when he passed the 100 mark.</p>
<p>At the close, Chanderpaul was 102 not out, with Curtly Ambrose unbeaten on 28.</p>
<p>Chanderpaul, playing his 19th test and batting his 30th innings, entered the fray in the third over after opener Sherwin Campbell was removed by Prasad for six with the score on 10.</p>
<p>Despite starting uncertainly and having a slice of luck at 62, when he was dropped by wicketkeeper Nayan Mongia off leg- spinner Anil Kumble, Chanderpaul, who has 13 test half centuries, batted with dedication and determination.</p>
<p>His team-mates struggled to come to terms with a bouncy pitch and Chanderpaul was the only West Indian batsman to pass 30.</p>
<p>Chanderpaul lost his first partner when opener Stuart Williams was bowled by Ganesh for 24 as the West Indies reached 68 for two by lunch. </p>
<p>Prasad captured the prized wicket of stand-in captain Brian Lara with a beautiful out-swinger which the batsman edged to  captain Sachin Tendulkar at first slip for 19..</p>
<p>Carl Hooper was next to go, also for 19. He flashed at a wide delivery from Ganesh and edged a catch to Mongia.</p>
<p>Roland Holder, playing his first test before his home fans, did not last long. He was caught at third slip by Mohammad Azharuddin off Prasad for five.</p>
<p>In the final session, Chanderpaul and wicket-keeper Courtney Browne added 56 runs for the sixth wicket before Anil Kumble, the series leading wicket-taker with 15 scalps in the first two tests, separated them.</p>
<p>Browne skied a catch to Tendulkar, running back from a short mid-wicket and was out for 24. Six runs later, Ian Bishop was bowled by Prasad for four.</p>
<p>He was replaced by Ambrose who gave Chanderpaul admirable support as he inched towards his century which finally came when he drove Ganesh through the vacant mid-on for three.</p>
<p>Chanderpaul faced 231 balls and hit eight fours in his innings.</p>
</text>
<copyright>(c) Reuters Limited 1997</copyright>
<metadata>
<codes class="bip:countries:1.0">
  <code code="BARB">
    <editdetail attribution="Reuters BIP Coding Group" action="confirmed" date="1997-03-27"/>
  </code>
  <code code="INDIA">
    <editdetail attribution="Reuters BIP Coding Group" action="confirmed" date="1997-03-27"/>
  </code>
  <code code="WEIND">
    <editdetail attribution="Reuters BIP Coding Group" action="confirmed" date="1997-03-27"/>
  </code>
</codes>
<codes class="bip:topics:1.0">
  <code code="GCAT">
    <editdetail attribution="Reuters BIP Coding Group" action="confirmed" date="1997-03-27"/>
  </code>
  <code code="GSPO">
    <editdetail attribution="Reuters BIP Coding Group" action="confirmed" date="1997-03-27"/>
  </code>
</codes>
<dc element="dc.date.created" value="1997-03-27"/>
<dc element="dc.publisher" value="Reuters Holdings Plc"/>
<dc element="dc.date.published" value="1997-03-27"/>
<dc element="dc.source" value="Reuters"/>
<dc element="dc.creator.location" value="BRIDGETOWN, Barbados"/>
<dc element="dc.creator.location.country.name" value="BARBADOS"/>
<dc element="dc.source" value="Reuters"/>
</metadata>
</newsitem>
