<?xml version="1.0" encoding="iso-8859-1" ?>
<newsitem itemid="471312" id="root" date="1997-03-27" xml:lang="en">
<title>HUNGARY: SOCCER-HUNGARY CHAMPIONSHIP RESULTS/STANDINGS.</title>
<headline>SOCCER-HUNGARY CHAMPIONSHIP RESULTS/STANDINGS.</headline>
<dateline>BUDAPEST 1997-03-27</dateline>
<text>
<p>Results of Hungary's</p>
<p>championship matches played on Wednesday.</p>
<p> Ujpest	   0	    MTK		2</p>
<p> Gyor	     1	    Siofok	   1</p>
<p> Debrecen	 0	    Kispest	  0</p>
<p> III ker. TVE   2	    ZTE		1</p>
<p> Pecs	     2	    Vac		0</p>
<p> Haladas	  2	    Bekescsaba     0</p>
<p> Ferencvaros    4	    Csepel	   2</p>
<p> Videoton	 2	    BVSC	     0</p>
<p> Vasas	    2	    Stadler	  1</p>
<p>    Standings	P    W   D   L   F   A  Pts</p>
<p>  1. MTK	     22  19   2   1  61  14  59</p>
<p>  2. Ferencvaros   22  16   4   2  52  26  52</p>
<p>  3. Ujpest	  22  15   4   3  48  22  49</p>
<p>  4. Vasas	   22  15   3   4  35  17  48</p>
<p>  5. Debrecen	22   9   8   5  34  21  35</p>
<p>  6. BVSC	    22  10   4   8  29  23  34</p>
<p>  7. Kispest	 22   9   5   8  27  29  32</p>
<p>  8. Haladas	 22   7   6   9  27  25  27</p>
<p>  9. Videoton	22   7   6   9  25  26  27</p>
<p> 10. Gyor	    22   7   6   9  27  34  27</p>
<p> 11. Vac	     22   6   7   9  25  31  25</p>
<p> 12. ZTE	     22   8   1  13  21  37  25</p>
<p> 13. III Ker TVE   22   5   9   8  29  37  24</p>
<p> 14. Bekescsaba    22   6   3  13  24  41  21</p>
<p> 15. Siofok	  22   4   6  12  18  40  18</p>
<p> 16. Csepel	  22   3   7  12  32  42  16</p>
<p> 17. Stadler	 22   4   3  15  14  33  15</p>
<p> 18. Pecs	    22   3   6  13  18  46  15</p>
</text>
<copyright>(c) Reuters Limited 1997</copyright>
<metadata>
<codes class="bip:countries:1.0">
  <code code="HUNG">
    <editdetail attribution="Reuters BIP Coding Group" action="confirmed" date="1997-03-27"/>
  </code>
</codes>
<codes class="bip:topics:1.0">
  <code code="GCAT">
    <editdetail attribution="Reuters BIP Coding Group" action="confirmed" date="1997-03-27"/>
  </code>
  <code code="GSPO">
    <editdetail attribution="Reuters BIP Coding Group" action="confirmed" date="1997-03-27"/>
  </code>
</codes>
<dc element="dc.date.created" value="1997-03-27"/>
<dc element="dc.publisher" value="Reuters Holdings Plc"/>
<dc element="dc.date.published" value="1997-03-27"/>
<dc element="dc.source" value="Reuters"/>
<dc element="dc.creator.location" value="BUDAPEST"/>
<dc element="dc.creator.location.country.name" value="HUNGARY"/>
<dc element="dc.source" value="Reuters"/>
</metadata>
</newsitem>
