<?xml version="1.0" encoding="iso-8859-1" ?>
<newsitem itemid="471326" id="root" date="1997-03-27" xml:lang="en">
<title>AUSTRALIA: OLYMPICS-SYDNEY 2000 GETS NEW GAMES CHIEF.</title>
<headline>OLYMPICS-SYDNEY 2000 GETS NEW GAMES CHIEF.</headline>
<dateline>SYDNEY 1997-03-27</dateline>
<text>
<p>Sydney's 2000 Olympics organising committee appointed a former prime ministerial adviser as chief executive on Thursday in its third major management upheaval in a year.</p>
<p>Sandy Hollway, a career bureaucrat who worked in the office of former Labor prime minister Bob Hawke, replaced Mal Hemmerling, whose resignation was accepted earlier on Thursday.</p>
<p>Hemmerling, who held the post since 1995 after running the Australian Formula One Grand Prix in Adelaide for 10 years, told reporters at a hastily-arranged news conference that he had resigned to pursue other career interests.</p>
<p>The Sydney Olympic Committee for the Olympic Games (SOCOG) has lost a host of board members over the past two years. Several senior executives have also left.</p>
<p>Businessman John Iliffe resigned as SOCOG president last September, only six months after his predecessor Gary Pemberton stepped down from the job. Iliffe was replaced by regional politician Michael Knight.</p>
<p>Hollway joined SOCOG in December as deputy chief executive.</p>
</text>
<copyright>(c) Reuters Limited 1997</copyright>
<metadata>
<codes class="bip:countries:1.0">
  <code code="AUSTR">
    <editdetail attribution="Reuters BIP Coding Group" action="confirmed" date="1997-03-27"/>
  </code>
</codes>
<codes class="bip:topics:1.0">
  <code code="GCAT">
    <editdetail attribution="Reuters BIP Coding Group" action="confirmed" date="1997-03-27"/>
  </code>
  <code code="GSPO">
    <editdetail attribution="Reuters BIP Coding Group" action="confirmed" date="1997-03-27"/>
  </code>
</codes>
<dc element="dc.date.created" value="1997-03-27"/>
<dc element="dc.publisher" value="Reuters Holdings Plc"/>
<dc element="dc.date.published" value="1997-03-27"/>
<dc element="dc.source" value="Reuters"/>
<dc element="dc.creator.location" value="SYDNEY"/>
<dc element="dc.creator.location.country.name" value="AUSTRALIA"/>
<dc element="dc.source" value="Reuters"/>
</metadata>
</newsitem>
