<?xml version="1.0" encoding="iso-8859-1" ?>
<newsitem itemid="471377" id="root" date="1997-03-27" xml:lang="en">
<title>ROMANIA: RADIO ROMANIA AFTERNOON HEADLINES AT 4 PM.</title>
<headline>RADIO ROMANIA AFTERNOON HEADLINES AT 4 PM.</headline>
<dateline>BUCHAREST 1997-03-27</dateline>
<text>
<p>Radio Romania news:</p>
<p>* Prime Minister Victor Ciorbea will ask the government to increase the health budget to 3.2 percent of the GDP, up from a previous 2.8 percent.</p>
<p>* The Romanian army has to spend some $4.0 billion lei until 2005 if the country joins NATO in a first wave of its planned eastward expanion, General Dan Zaharia, the head of army's procurement department told parliament.</p>
<p>* Romanian Defence Minister Victor Babiuc signed military a cooperation accord with his Greek counterpart Akis Tsohatzopoulos.</p>
<p>Tsohatzopoulos said Romania and Greece are key elements of the region's stability and therefore NATO should open to countries like Romania. He said Greece fully supported Romania's bid to join NATO.</p>
<p>* The government inviteed opposition parties to talks on the 1997 draft budget law.</p>
<p>-- Bucharest Newsroom 40-1 3120264</p>
</text>
<copyright>(c) Reuters Limited 1997</copyright>
<metadata>
<codes class="bip:countries:1.0">
  <code code="ROM">
    <editdetail attribution="Reuters BIP Coding Group" action="confirmed" date="1997-03-27"/>
  </code>
</codes>
<codes class="bip:topics:1.0">
  <code code="GCAT">
    <editdetail attribution="Reuters BIP Coding Group" action="confirmed" date="1997-03-27"/>
  </code>
</codes>
<dc element="dc.date.created" value="1997-03-27"/>
<dc element="dc.publisher" value="Reuters Holdings Plc"/>
<dc element="dc.date.published" value="1997-03-27"/>
<dc element="dc.source" value="Reuters"/>
<dc element="dc.creator.location" value="BUCHAREST"/>
<dc element="dc.creator.location.country.name" value="ROMANIA"/>
<dc element="dc.source" value="Reuters"/>
</metadata>
</newsitem>
