<?xml version="1.0" encoding="iso-8859-1" ?>
<newsitem itemid="471347" id="root" date="1997-03-27" xml:lang="en">
<title>GERMANY: SOCCER-DORTMUND BOUNCE BACK WITH VICTORY TO GO TOP.</title>
<headline>SOCCER-DORTMUND BOUNCE BACK WITH VICTORY TO GO TOP.</headline>
<dateline>BONN 1997-03-27</dateline>
<text>
<p>Champions Borussia Dortmund bounced back from two consecutive defeats with a 1-0 victory at struggling St Pauli to go top of the German first division on Thursday.</p>
<p>A 69th minute goal from German international midfielder Andy Moeller helped the European Cup semifinalists get back to winning ways after suffering their first home defeat for more than a year last weekend.</p>
<p>Dortmund lead on goal difference from Bayern Munich who meet Werder Bremen at home on Saturday.</p>
<p>Injury-hit VfB Stuttgart missed an opportunity to take the initiative in the tight championship race when they were held to a 1-1 draw at home by 1860 Munich</p>
<p>Stuttgart had a disappointing night, letting in an own goal in the seventh minute and seeing their Brazilian striker Giovane Elber sent off in the second half for a second bookable offence.</p>
<p>Stuttgart are third one point behind the leading pair. But fourth-placed Bayer Leverkusen, a further point behind, have a chance to improve their position when they play hosts to Schalke on Saturday.</p>
</text>
<copyright>(c) Reuters Limited 1997</copyright>
<metadata>
<codes class="bip:countries:1.0">
  <code code="GFR">
    <editdetail attribution="Reuters BIP Coding Group" action="confirmed" date="1997-03-27"/>
  </code>
</codes>
<codes class="bip:topics:1.0">
  <code code="GCAT">
    <editdetail attribution="Reuters BIP Coding Group" action="confirmed" date="1997-03-27"/>
  </code>
  <code code="GSPO">
    <editdetail attribution="Reuters BIP Coding Group" action="confirmed" date="1997-03-27"/>
  </code>
</codes>
<dc element="dc.date.created" value="1997-03-27"/>
<dc element="dc.publisher" value="Reuters Holdings Plc"/>
<dc element="dc.date.published" value="1997-03-27"/>
<dc element="dc.source" value="Reuters"/>
<dc element="dc.creator.location" value="BONN"/>
<dc element="dc.creator.location.country.name" value="GERMANY"/>
<dc element="dc.source" value="Reuters"/>
</metadata>
</newsitem>
