<?xml version="1.0" encoding="iso-8859-1" ?>
<newsitem itemid="471346" id="root" date="1997-03-27" xml:lang="en">
<title>GERMANY: SOCCER-GERMAN FIRST DIVISION SUMMARIES.</title>
<headline>SOCCER-GERMAN FIRST DIVISION SUMMARIES.</headline>
<dateline>BONN 1997-03-27</dateline>
<text>
<p>Summaries of soccer matches</p>
<p>played in the German first division on Thursday:</p>
<p>    St. Pauli	     0 </p>
<p>    Borussia Dortmund   1 - Moeller 69</p>
<p>HT: 0-0. Att: 34,477</p>
<p>- - - - </p>
<p>    VfB Stuttgart	 1 - Balakov 13 pen</p>
<p>    1860 Munich	   1 - Posch 7 o.g. </p>
<p>HT: 1-1. Att: 53,000 (capacity)</p>
<p>Red Card: Elber (VfB) 78</p>
<p>- - - </p>
<p>    Bochum		  2 - Stickroth 16 pen, Schreiber 76</p>
<p>    Cologne		 2 - Hauptmann 45, Polster 53 pen</p>
<p>HT: 1-1.  Att: 32,023</p>
<p>Red card: Hauptmann (C) 87</p>
<p>- - - - </p>
<p>    Duisburg		1 - Vana 53</p>
<p>    Hamburg		 1 - Ivanauskas 53 </p>
<p>HT: 0-0. Att: 13,000</p>
<p>Red card: Wojtala (H) 36</p>
</text>
<copyright>(c) Reuters Limited 1997</copyright>
<metadata>
<codes class="bip:countries:1.0">
  <code code="GFR">
    <editdetail attribution="Reuters BIP Coding Group" action="confirmed" date="1997-03-27"/>
  </code>
</codes>
<codes class="bip:topics:1.0">
  <code code="GCAT">
    <editdetail attribution="Reuters BIP Coding Group" action="confirmed" date="1997-03-27"/>
  </code>
  <code code="GSPO">
    <editdetail attribution="Reuters BIP Coding Group" action="confirmed" date="1997-03-27"/>
  </code>
</codes>
<dc element="dc.date.created" value="1997-03-27"/>
<dc element="dc.publisher" value="Reuters Holdings Plc"/>
<dc element="dc.date.published" value="1997-03-27"/>
<dc element="dc.source" value="Reuters"/>
<dc element="dc.creator.location" value="BONN"/>
<dc element="dc.creator.location.country.name" value="GERMANY"/>
<dc element="dc.source" value="Reuters"/>
</metadata>
</newsitem>
