<?xml version="1.0" encoding="iso-8859-1" ?>
<newsitem itemid="471350" id="root" date="1997-03-27" xml:lang="en">
<title>ITALY: SOCCER-ITALY'S PERUZZI TURNS MEASLES PRANKSTER.</title>
<headline>SOCCER-ITALY'S PERUZZI TURNS MEASLES PRANKSTER.</headline>
<dateline>FLORENCE, Italy 1997-03-27</dateline>
<text>
<p>Italy goalkeeper Angelo Peruzzi, whose room mate Francesco Toldo was isolated in a measles scare, turned up for a World Cup training session on Thursday with his face covered in red spots.</p>
<p>But any concern over his health vanished when it became clear that they were self-inflicted with a pen.</p>
<p>Fiorentina goalkeeper Toldo was given a room of his own and told to keep clear of other players as a precautionary measure after he informed team doctors that two of his club mates, including Argentine Gabriel Batistuta, had measles.</p>
<p>The scare ended when Toldo's mother confirmed that her son had already had measles and was not a risk.</p>
<p>&quot;He wanted to paint my face too but I refused,&quot; said Toldo. &quot;Angelo was the one isolated, not me. He's the dangerous one.&quot;</p>
<p>Italy are in training for World Cup qualifiers against Moldova in Trieste on Saturday and away against Poland on April 2. Victory at the weekend will send them top of European qualifying group two, ahead of England.</p>
</text>
<copyright>(c) Reuters Limited 1997</copyright>
<metadata>
<codes class="bip:countries:1.0">
  <code code="ITALY">
    <editdetail attribution="Reuters BIP Coding Group" action="confirmed" date="1997-03-27"/>
  </code>
</codes>
<codes class="bip:topics:1.0">
  <code code="GCAT">
    <editdetail attribution="Reuters BIP Coding Group" action="confirmed" date="1997-03-27"/>
  </code>
  <code code="GSPO">
    <editdetail attribution="Reuters BIP Coding Group" action="confirmed" date="1997-03-27"/>
  </code>
</codes>
<dc element="dc.date.created" value="1997-03-27"/>
<dc element="dc.publisher" value="Reuters Holdings Plc"/>
<dc element="dc.date.published" value="1997-03-27"/>
<dc element="dc.source" value="Reuters"/>
<dc element="dc.creator.location" value="FLORENCE, Italy"/>
<dc element="dc.creator.location.country.name" value="ITALY"/>
<dc element="dc.source" value="Reuters"/>
</metadata>
</newsitem>
