<?xml version="1.0" encoding="iso-8859-1" ?>
<newsitem itemid="471357" id="root" date="1997-03-27" xml:lang="en">
<title>SWITZERLAND: SOCCER-LIFE BAN FOR FORMER SWISS REFEREE.</title>
<headline>SOCCER-LIFE BAN FOR FORMER SWISS REFEREE.</headline>
<dateline>GENEVA 1997-03-27</dateline>
<text>
<p>UEFA has imposed a life ban on former Swiss referee Kurt Roethlisberger for attempted bribery.</p>
<p>UEFA said on Thursday that Roethlisberger admitted attempted bribery during investigations into a European Champions' League match between Grasshopper Zurich and Auxerre on October 30.  </p>
<p>UEFA said Roethlisberger had contacted Grasshopper general manager Erich Vogel and visited his offices on October 18.</p>
<p>&quot;Mr Roethlisberger asked whether Grasshopper-Club would be interested in the referee of the Grasshopper-Club-A.J. Auxerre match on 30th October 1996 not giving decisions against Grasshopper-Club,&quot; said UEFA, after the ruling by its Control and Disciplinary Committee on Tuesday.</p>
<p>&quot;This would obviously involve financial compensation, and the sum of 100,000 Swiss Francs ($68,600) was mentioned. Mr Roethlisberger said he was friendly with the referee, and that it would be easy to arrange the matter.&quot; Roethlisberger's actions were reported to UEFA by Grasshopper.</p>
<p>UEFA said investigations concerning the match referee Vadim Zhuk of Belarus were continuing. Zhuk will not officiate as a FIFA referee until the investigations have been concluded. Grasshopper beat Auxerre 3-1.</p>
</text>
<copyright>(c) Reuters Limited 1997</copyright>
<metadata>
<codes class="bip:countries:1.0">
  <code code="SWITZ">
    <editdetail attribution="Reuters BIP Coding Group" action="confirmed" date="1997-03-27"/>
  </code>
</codes>
<codes class="bip:topics:1.0">
  <code code="GCAT">
    <editdetail attribution="Reuters BIP Coding Group" action="confirmed" date="1997-03-27"/>
  </code>
  <code code="GSPO">
    <editdetail attribution="Reuters BIP Coding Group" action="confirmed" date="1997-03-27"/>
  </code>
</codes>
<dc element="dc.date.created" value="1997-03-27"/>
<dc element="dc.publisher" value="Reuters Holdings Plc"/>
<dc element="dc.date.published" value="1997-03-27"/>
<dc element="dc.source" value="Reuters"/>
<dc element="dc.creator.location" value="GENEVA"/>
<dc element="dc.creator.location.country.name" value="SWITZERLAND"/>
<dc element="dc.source" value="Reuters"/>
</metadata>
</newsitem>
