<?xml version="1.0" encoding="iso-8859-1" ?>
<newsitem itemid="471370" id="root" date="1997-03-27" xml:lang="en">
<title>SOUTH AFRICA: SIMMER HALF YR SHR LOSS IMPROVES SLIGHTLY.</title>
<headline>SIMMER HALF YR SHR LOSS IMPROVES SLIGHTLY.</headline>
<dateline>JOHANNESBURG 1997-03-27</dateline>
<text>
<p>Half year ended December</p>
<p>31, 1996 </p>
<p>			(million rand unless stated)	 </p>
<p>    Shr, attrib (cts)     2.23 loss   vs 2.62 loss</p>
<p>    Attrib loss	     0.60	  vs 0.71</p>
<p>    Net finance charges   0.12	  vs 0.03 income</p>
<p>    Operating loss	  0.48	  vs 0.74</p>
<p>    Operating costs	 7.19	  vs 6.40</p>
<p>    Turnover		  6.70	  vs 5.66</p>
<p>Full name: Simmer and Jack Mines Ltd </p>
<p>NOTE - Directors said funding of the losses and exploration</p>
<p>activities had been secured by way of existing bank facilities</p>
<p>which are considered adequate to meet commitments as they fall</p>
<p>due.</p>
<p>-- Johannesburg newsroom +27 11 482 1003</p>
</text>
<copyright>(c) Reuters Limited 1997</copyright>
<metadata>
<codes class="bip:countries:1.0">
  <code code="SAFR">
    <editdetail attribution="Reuters BIP Coding Group" action="confirmed" date="1997-03-27"/>
  </code>
</codes>
<codes class="bip:industries:1.0">
  <code code="I21000">
    <editdetail attribution="Reuters BIP Coding Group" action="confirmed" date="1997-03-27"/>
  </code>
</codes>
<codes class="bip:topics:1.0">
  <code code="C15">
    <editdetail attribution="Reuters BIP Coding Group" action="confirmed" date="1997-03-27"/>
  </code>
  <code code="C151">
    <editdetail attribution="Reuters BIP Coding Group" action="confirmed" date="1997-03-27"/>
  </code>
  <code code="CCAT">
    <editdetail attribution="Reuters BIP Coding Group" action="confirmed" date="1997-03-27"/>
  </code>
</codes>
<dc element="dc.date.created" value="1997-03-27"/>
<dc element="dc.publisher" value="Reuters Holdings Plc"/>
<dc element="dc.date.published" value="1997-03-27"/>
<dc element="dc.source" value="Reuters"/>
<dc element="dc.creator.location" value="JOHANNESBURG"/>
<dc element="dc.creator.location.country.name" value="SOUTH AFRICA"/>
<dc element="dc.source" value="Reuters"/>
</metadata>
</newsitem>
