<?xml version="1.0" encoding="iso-8859-1" ?>
<newsitem itemid="471373" id="root" date="1997-03-27" xml:lang="en">
<title>SOUTH AFRICA: OPUS YR PRE-EXCEPS SHR SLIDES, NO DIV.</title>
<headline>OPUS YR PRE-EXCEPS SHR SLIDES, NO DIV.</headline>
<dateline>JOHANNESBURG 1997-03-27</dateline>
<text>
<p>Year ended December 31,</p>
<p>1996</p>
<p>			(million rand unless stated)	 </p>
<p>    Shr, pre-exceps (cts)  8.12	  vs 9.71</p>
<p>    Attrib income	    2.37	  vs 4.43</p>
<p>    Pre-tax		    2.16	  vs 4.77</p>
<p>    Tax			  0.22 credit vs 0.33 charge</p>
<p>    Interest received	0.50	  vs 0.10</p>
<p>    Turnover		   168.61	vs 176.16</p>
<p>Full name: Opus Investments Ltd</p>
<p>    Exceptional items     1.23 loss   vs  0.41 profit</p>
<p>NOTE - Directors said full benefits of the capitalisation of</p>
<p>some interest bearing long term loans last year should be seen</p>
<p>in the group results in 1997, decreasing financial costs.</p>
<p>-- Johannesburg newsroom +27 11 482 1003</p>
</text>
<copyright>(c) Reuters Limited 1997</copyright>
<metadata>
<codes class="bip:countries:1.0">
  <code code="SAFR">
    <editdetail attribution="Reuters BIP Coding Group" action="confirmed" date="1997-03-27"/>
  </code>
</codes>
<codes class="bip:topics:1.0">
  <code code="C15">
    <editdetail attribution="Reuters BIP Coding Group" action="confirmed" date="1997-03-27"/>
  </code>
  <code code="C151">
    <editdetail attribution="Reuters BIP Coding Group" action="confirmed" date="1997-03-27"/>
  </code>
  <code code="C1511">
    <editdetail attribution="Reuters BIP Coding Group" action="confirmed" date="1997-03-27"/>
  </code>
  <code code="CCAT">
    <editdetail attribution="Reuters BIP Coding Group" action="confirmed" date="1997-03-27"/>
  </code>
</codes>
<dc element="dc.date.created" value="1997-03-27"/>
<dc element="dc.publisher" value="Reuters Holdings Plc"/>
<dc element="dc.date.published" value="1997-03-27"/>
<dc element="dc.source" value="Reuters"/>
<dc element="dc.creator.location" value="JOHANNESBURG"/>
<dc element="dc.creator.location.country.name" value="SOUTH AFRICA"/>
<dc element="dc.source" value="Reuters"/>
</metadata>
</newsitem>
