<?xml version="1.0" encoding="iso-8859-1" ?>
<newsitem itemid="471301" id="root" date="1997-03-27" xml:lang="en">
<title>UK: SOCCER-HODDLE CALLS UP BOWYER AS INJURIES MOUNT.</title>
<headline>SOCCER-HODDLE CALLS UP BOWYER AS INJURIES MOUNT.</headline>
<dateline>LONDON 1997-03-27</dateline>
<text>
<p>England manager Glenn Hoddle on Thursday called up Leeds midfielder Lee Bowyer as injuries continued to ravage his squad for Saturday's friendly against Mexico.</p>
<p>Matt Le Tissier (foot) and Sol Campbell (leg) have become the latest in an extraordinarily long line of withdrawals.</p>
<p>Centre half Tony Adams, goalkeeper Ian Walker and defender Gary Neville pulled out earlier leaving Hoddle faced with picking virtually a complete reserve team.</p>
<p>The manager has now lost 10 players from his original squad -- with a further six likely choices not even available for consideration. &quot;It's been a big problem,'' said Hoddle.</p>
<p>Bowyer had been named in England's under-21 squad to play Switzerland but now has a good chance of making his senior debut.</p>
<p>The 21-year-old joined Leeds from Charlton last year for 2.6 million pounds ($4.2 million). His previous brush with fame came while at Charlton when he failed a drugs test and had to undergo rehabilitation.</p>
</text>
<copyright>(c) Reuters Limited 1997</copyright>
<metadata>
<codes class="bip:countries:1.0">
  <code code="MEX">
    <editdetail attribution="Reuters BIP Coding Group" action="confirmed" date="1997-03-27"/>
  </code>
  <code code="UK">
    <editdetail attribution="Reuters BIP Coding Group" action="confirmed" date="1997-03-27"/>
  </code>
</codes>
<codes class="bip:topics:1.0">
  <code code="GCAT">
    <editdetail attribution="Reuters BIP Coding Group" action="confirmed" date="1997-03-27"/>
  </code>
  <code code="GSPO">
    <editdetail attribution="Reuters BIP Coding Group" action="confirmed" date="1997-03-27"/>
  </code>
</codes>
<dc element="dc.date.created" value="1997-03-27"/>
<dc element="dc.publisher" value="Reuters Holdings Plc"/>
<dc element="dc.date.published" value="1997-03-27"/>
<dc element="dc.source" value="Reuters"/>
<dc element="dc.creator.location" value="LONDON"/>
<dc element="dc.creator.location.country.name" value="UK"/>
<dc element="dc.source" value="Reuters"/>
</metadata>
</newsitem>
