<?xml version="1.0" encoding="iso-8859-1" ?>
<newsitem itemid="471395" id="root" date="1997-03-27" xml:lang="en">
<title>ESTONIA: ESTONIA - TALLINN BOURSE TO TIGHTEN FREE MARKET RULES.</title>
<headline>ESTONIA - TALLINN BOURSE TO TIGHTEN FREE MARKET RULES.</headline>
<text>
<p>TALLINN, March 27 (Reuter) The Tallinn stock exchange board said on Thursday that it will introduce information requirements for companies listed on the free market.</p>
<p>&quot;The board decided that the same information requirments for listed companies will be applied to companies on the free market,&quot; Helo Meigas, the managing director of the Tallinn stock exchange, told Reuters.</p>
<p>&quot;We decided on the move because of the inadequacy of existing legistation and the need to protect investors,&quot; she said.</p>
<p>Meigas said that the new provisions will also mean stricter information requirements for companies seeking to be traded on the free market.</p>
<p>&quot;The only difference between companies on the main list and those on the free market will be that those on the free market will not pay a listing fee,&quot; she said.</p>
<p>&quot;The decision will also mean that companies on the free market and those coming to the free market will be required to seek entry on main list after one year of trading on the free market,&quot; she said.</p>
<p>Dealers have welcomed the move.</p>
<p>&quot;The companies listed on the free market now will not have any problems with the new requirements and it should encourage some companies to be more active on the market,&quot; one trader said.</p>
<p>The rules are expected to come into force in mid-May.</p>
<p>--David Mardiste, Tallinn newsroom, +372 630 8400</p>
<p>reuters@reuters.ee</p>
</text>
<copyright>(c) Reuters Limited 1997</copyright>
<metadata>
<codes class="bip:countries:1.0">
  <code code="ESTNIA">
    <editdetail attribution="Reuters BIP Coding Group" action="confirmed" date="1997-03-27"/>
  </code>
</codes>
<codes class="bip:industries:1.0">
  <code code="I83100">
    <editdetail attribution="Reuters BIP Coding Group" action="confirmed" date="1997-03-27"/>
  </code>
</codes>
<codes class="bip:topics:1.0">
  <code code="C13">
    <editdetail attribution="Reuters BIP Coding Group" action="confirmed" date="1997-03-27"/>
  </code>
  <code code="CCAT">
    <editdetail attribution="Reuters BIP Coding Group" action="confirmed" date="1997-03-27"/>
  </code>
  <code code="M11">
    <editdetail attribution="Reuters BIP Coding Group" action="confirmed" date="1997-03-27"/>
  </code>
  <code code="MCAT">
    <editdetail attribution="Reuters BIP Coding Group" action="confirmed" date="1997-03-27"/>
  </code>
</codes>
<dc element="dc.publisher" value="Reuters Holdings Plc"/>
<dc element="dc.date.published" value="1997-03-27"/>
<dc element="dc.source" value="Reuters"/>
<dc element="dc.creator.location.country.name" value="ESTONIA"/>
<dc element="dc.source" value="Reuters"/>
</metadata>
</newsitem>
