<?xml version="1.0" encoding="iso-8859-1" ?>
<newsitem itemid="471353" id="root" date="1997-03-27" xml:lang="en">
<title>FRANCE: SOCCER-INJURED LEONARDO MAY MISS BRAZIL MATCH.</title>
<headline>SOCCER-INJURED LEONARDO MAY MISS BRAZIL MATCH.</headline>
<dateline>PARIS 1997-03-27</dateline>
<text>
<p>Paris St Germain playmaker Leonardo may miss Brazil's international against Chile next Wednesday with a pulled muscle.</p>
<p>Leonardo, who was injured in PSG's 2-1 league loss at Auxerre on Wednesday, was to receive X-ray treatment on Friday to decide whether he may be fit to join his national squad.</p>
<p>&quot;I hope it is not too serious. It hurts anyway. It's really bad luck,&quot; he told reporters.</p>
</text>
<copyright>(c) Reuters Limited 1997</copyright>
<metadata>
<codes class="bip:countries:1.0">
  <code code="BRAZ">
    <editdetail attribution="Reuters BIP Coding Group" action="confirmed" date="1997-03-27"/>
  </code>
  <code code="CHIL">
    <editdetail attribution="Reuters BIP Coding Group" action="confirmed" date="1997-03-27"/>
  </code>
  <code code="FRA">
    <editdetail attribution="Reuters BIP Coding Group" action="confirmed" date="1997-03-27"/>
  </code>
</codes>
<codes class="bip:topics:1.0">
  <code code="GCAT">
    <editdetail attribution="Reuters BIP Coding Group" action="confirmed" date="1997-03-27"/>
  </code>
  <code code="GSPO">
    <editdetail attribution="Reuters BIP Coding Group" action="confirmed" date="1997-03-27"/>
  </code>
</codes>
<dc element="dc.date.created" value="1997-03-27"/>
<dc element="dc.publisher" value="Reuters Holdings Plc"/>
<dc element="dc.date.published" value="1997-03-27"/>
<dc element="dc.source" value="Reuters"/>
<dc element="dc.creator.location" value="PARIS"/>
<dc element="dc.creator.location.country.name" value="FRANCE"/>
<dc element="dc.source" value="Reuters"/>
</metadata>
</newsitem>
