<?xml version="1.0" encoding="iso-8859-1" ?>
<newsitem itemid="471362" id="root" date="1997-03-27" xml:lang="en">
<title>ZIMBABWE: ZIMBABWE MONEY RATES SOFTER IN LIQUID MARKET.</title>
<headline>ZIMBABWE MONEY RATES SOFTER IN LIQUID MARKET.</headline>
<dateline>HARARE 1997-03-27</dateline>
<text>
<p>Zimbabwe's money market was liquid on Thursday with short-term trading rates quoted softer, dealers said.</p>
<p>They said the central Reserve Bank had auctioned Z$400 million worth of treasury bills at 16.47 percent to mop up excess liquidity. Discount houses were re-selling the central bank paper on the secondary market at 16.40 percent, unchanged from the previous day.</p>
<p>Rates for NCDs maturing after 30, 60 and 90 days were quoted at 17.50 and 17.40 percent (buying and selling respectively) from 19 and 18 percent while bankers acceptance bills were being bought at 16.50 percent, down from 17.75 and at 16.40 from 17 percent. Call money slipped to 16 percent from 18.50 percent.</p>
<p>Figures from the Reserve Bank showed the market closed with a slight Z$29.6 million shortage on Wednesday, an improvement over a deficit of Z$138 million on Tuesday.</p>
<p>-- Stella Mapenzauswa, Harare Newsroom +263-4 72 52 27/8/9</p>
</text>
<copyright>(c) Reuters Limited 1997</copyright>
<metadata>
<codes class="bip:countries:1.0">
  <code code="ZIMBAB">
    <editdetail attribution="Reuters BIP Coding Group" action="confirmed" date="1997-03-27"/>
  </code>
</codes>
<codes class="bip:topics:1.0">
  <code code="M13">
    <editdetail attribution="Reuters BIP Coding Group" action="confirmed" date="1997-03-27"/>
  </code>
  <code code="M131">
    <editdetail attribution="Reuters BIP Coding Group" action="confirmed" date="1997-03-27"/>
  </code>
  <code code="MCAT">
    <editdetail attribution="Reuters BIP Coding Group" action="confirmed" date="1997-03-27"/>
  </code>
</codes>
<dc element="dc.date.created" value="1997-03-27"/>
<dc element="dc.publisher" value="Reuters Holdings Plc"/>
<dc element="dc.date.published" value="1997-03-27"/>
<dc element="dc.source" value="Reuters"/>
<dc element="dc.creator.location" value="HARARE"/>
<dc element="dc.creator.location.country.name" value="ZIMBABWE"/>
<dc element="dc.source" value="Reuters"/>
</metadata>
</newsitem>
