<?xml version="1.0" encoding="iso-8859-1" ?>
<newsitem itemid="471348" id="root" date="1997-03-27" xml:lang="en">
<title>GERMANY: SOCCER-GERMAN FIRST DIVISION RESULTS.</title>
<headline>SOCCER-GERMAN FIRST DIVISION RESULTS.</headline>
<dateline>BONN 1997-03-27</dateline>
<text>
<p>Results of soccer matches</p>
<p>played in the German first division on Thursday:</p>
<p> Duisburg			 1 Hamburg		   1</p>
<p> St Pauli			 0 Borussia Dortmund     1</p>
<p> VfB Stuttgart		  1 1860 Munich	     1</p>
<p> Bochum			   2 Cologne		   2</p>
<p>Playing on Saturday:</p>
<p> Bayern Munich		  v Werder Bremen</p>
<p> Arminia Bielefeld	    v Karlsruhe</p>
<p> Bayer Leverkusen	     v Schalke</p>
<p> Hansa Rostock		  v Freiburg</p>
<p>Borussia Moenchengladbach  v Fortuna Duesseldorf</p>
</text>
<copyright>(c) Reuters Limited 1997</copyright>
<metadata>
<codes class="bip:countries:1.0">
  <code code="GFR">
    <editdetail attribution="Reuters BIP Coding Group" action="confirmed" date="1997-03-27"/>
  </code>
</codes>
<codes class="bip:topics:1.0">
  <code code="GCAT">
    <editdetail attribution="Reuters BIP Coding Group" action="confirmed" date="1997-03-27"/>
  </code>
  <code code="GSPO">
    <editdetail attribution="Reuters BIP Coding Group" action="confirmed" date="1997-03-27"/>
  </code>
</codes>
<dc element="dc.date.created" value="1997-03-27"/>
<dc element="dc.publisher" value="Reuters Holdings Plc"/>
<dc element="dc.date.published" value="1997-03-27"/>
<dc element="dc.source" value="Reuters"/>
<dc element="dc.creator.location" value="BONN"/>
<dc element="dc.creator.location.country.name" value="GERMANY"/>
<dc element="dc.source" value="Reuters"/>
</metadata>
</newsitem>
