<?xml version="1.0" encoding="iso-8859-1" ?>
<newsitem itemid="471303" id="root" date="1997-03-27" xml:lang="en">
<title>UK: ATHLETICS-BALDINI, XIUJUAN TO COMPETE IN LONDON RACE.</title>
<headline>ATHLETICS-BALDINI, XIUJUAN TO COMPETE IN LONDON RACE.</headline>
<dateline>LONDON 1997-03-27</dateline>
<text>
<p>World half marathon champions Stefano Baldini of Italy and China's Xiujuan Ren will compete in the London Marathon next month, organisers said on Thursday.</p>
<p>Russia's Yakov Tolstikov, the 1991 men's winner, will also contest the race on April 13.</p>
<p>London marathon race director David Bedford said the Chinese Athletics Federation had requested to send a team, including Xiujuan, to the event.</p>
</text>
<copyright>(c) Reuters Limited 1997</copyright>
<metadata>
<codes class="bip:countries:1.0">
  <code code="CHINA">
    <editdetail attribution="Reuters BIP Coding Group" action="confirmed" date="1997-03-27"/>
  </code>
  <code code="ITALY">
    <editdetail attribution="Reuters BIP Coding Group" action="confirmed" date="1997-03-27"/>
  </code>
  <code code="RUSS">
    <editdetail attribution="Reuters BIP Coding Group" action="confirmed" date="1997-03-27"/>
  </code>
  <code code="UK">
    <editdetail attribution="Reuters BIP Coding Group" action="confirmed" date="1997-03-27"/>
  </code>
</codes>
<codes class="bip:topics:1.0">
  <code code="GCAT">
    <editdetail attribution="Reuters BIP Coding Group" action="confirmed" date="1997-03-27"/>
  </code>
  <code code="GSPO">
    <editdetail attribution="Reuters BIP Coding Group" action="confirmed" date="1997-03-27"/>
  </code>
</codes>
<dc element="dc.date.created" value="1997-03-27"/>
<dc element="dc.publisher" value="Reuters Holdings Plc"/>
<dc element="dc.date.published" value="1997-03-27"/>
<dc element="dc.source" value="Reuters"/>
<dc element="dc.creator.location" value="LONDON"/>
<dc element="dc.creator.location.country.name" value="UK"/>
<dc element="dc.source" value="Reuters"/>
</metadata>
</newsitem>
