<?xml version="1.0" encoding="iso-8859-1" ?>
<newsitem itemid="471335" id="root" date="1997-03-27" xml:lang="en">
<title>DUBAI: HORSE RACING-DUBAI RACE TRACK STILL CLOSED AFTER RAIN.</title>
<headline>HORSE RACING-DUBAI RACE TRACK STILL CLOSED AFTER RAIN.</headline>
<byline>Barry May</byline>
<dateline>DUBAI 1997-03-27</dateline>
<text>
<p>Dubai's sand race track remained sealed off on Thursday, two days after a downpour left large tracts of desert under water and two days before the world's richest horse race.</p>
<p>Prix de l'Arc de Triomphe winner Helissio, Europe's best hope in the international field of 13 thoroughbreds chasing a gold cup and $2.4 million first prize, was taken to American trainer Kiaran McLaughlin's nearby stables.</p>
<p>There he breezed over 1,000 metres of dirt training track in a time of 1:01 minutes.</p>
<p>Last year's inaugural running of the 2,000 metre (mile and a quarter) Dubai World Cup was won by American wonder horse Cigar in a time of 2:03.84 minutes.</p>
<p>Saturday night's race for a total $4 million prize-money is due to be run on the sand track at Dubai's floodlit Nad al-Sheba course.</p>
<p>Siphon and Sandpit, the two Brazilian-bred and owned first and second favourites trained by Richard Mandella in California, did not go out on Thursday after working well on Wednesday, race officials said.</p>
<p>They said the track remained closed so that it could continue to dry out from Tuesday night's downpour, which gave much of Dubai's desert landscape a glassy appearance.</p>
<p>&quot;The track will be fine if there is no more rain and if it doesn't rain on the night,&quot; said McLaughlin, trainer of Key of Luck who has drawn on the outside of the field at 13th place from the rail.</p>
<p>But more rain is forecast.</p>
<p>McLaughlin professed himself happy to be drawn wide. &quot;I didn't want to be drawn on the inner close to Siphon,&quot; he said.</p>
<p>Nad al-Sheba's turf course was open on Thursday and first out was the Gai Waterhouse-trained Australian Juggler partnered by big race jockey Glen Boss.</p>
<p>Some other contenders were transported to nearby dirt tracks. World Cup host Sheikh Mohammed bin Rashid's Flemensfirth went to Jebel Ali racecourse and his other entry, Breeders Cup and Japan Cup winner Singspiel, travelled to Al Quoz training track.</p>
</text>
<copyright>(c) Reuters Limited 1997</copyright>
<metadata>
<codes class="bip:countries:1.0">
  <code code="DUBAI">
    <editdetail attribution="Reuters BIP Coding Group" action="confirmed" date="1997-03-27"/>
  </code>
</codes>
<codes class="bip:topics:1.0">
  <code code="GCAT">
    <editdetail attribution="Reuters BIP Coding Group" action="confirmed" date="1997-03-27"/>
  </code>
  <code code="GSPO">
    <editdetail attribution="Reuters BIP Coding Group" action="confirmed" date="1997-03-27"/>
  </code>
</codes>
<dc element="dc.date.created" value="1997-03-27"/>
<dc element="dc.publisher" value="Reuters Holdings Plc"/>
<dc element="dc.date.published" value="1997-03-27"/>
<dc element="dc.source" value="Reuters"/>
<dc element="dc.creator.location" value="DUBAI"/>
<dc element="dc.creator.location.country.name" value="DUBAI"/>
<dc element="dc.source" value="Reuters"/>
</metadata>
</newsitem>
