<?xml version="1.0" encoding="iso-8859-1" ?>
<newsitem itemid="471356" id="root" date="1997-03-27" xml:lang="en">
<title>NETHERLANDS: SOCCER-DUTCH REST RONALD DE BOER AGAINST SAN MARINO.</title>
<headline>SOCCER-DUTCH REST RONALD DE BOER AGAINST SAN MARINO.</headline>
<dateline>AMSTERDAM 1997-03-27</dateline>
<text>
<p>The Netherlands will rest Dutch Player of the Year Ronald de Boer from Saturday's World Cup qualifier against San Marino in Amsterdam, Dutch ANP news agency said on Thursday.</p>
<p>The attacking Ajax Amsterdam midfielder, who is carrying a niggling knee injury, will sit out what the Dutch expect to be a formality.</p>
<p>However, in next Wednesday's key qualifier away in Turkey, he is set to replace Arsenal striker Dennis Bergkamp who will be allowed to miss that match because of his fear of flying.</p>
<p>The Dutch top group seven with three wins from three games.</p>
</text>
<copyright>(c) Reuters Limited 1997</copyright>
<metadata>
<codes class="bip:countries:1.0">
  <code code="NETH">
    <editdetail attribution="Reuters BIP Coding Group" action="confirmed" date="1997-03-27"/>
  </code>
  <code code="SMARNO">
    <editdetail attribution="Reuters BIP Coding Group" action="confirmed" date="1997-03-27"/>
  </code>
  <code code="TURK">
    <editdetail attribution="Reuters BIP Coding Group" action="confirmed" date="1997-03-27"/>
  </code>
</codes>
<codes class="bip:topics:1.0">
  <code code="GCAT">
    <editdetail attribution="Reuters BIP Coding Group" action="confirmed" date="1997-03-27"/>
  </code>
  <code code="GSPO">
    <editdetail attribution="Reuters BIP Coding Group" action="confirmed" date="1997-03-27"/>
  </code>
</codes>
<dc element="dc.date.created" value="1997-03-27"/>
<dc element="dc.publisher" value="Reuters Holdings Plc"/>
<dc element="dc.date.published" value="1997-03-27"/>
<dc element="dc.source" value="Reuters"/>
<dc element="dc.creator.location" value="AMSTERDAM"/>
<dc element="dc.creator.location.country.name" value="NETHERLANDS"/>
<dc element="dc.source" value="Reuters"/>
</metadata>
</newsitem>
