<?xml version="1.0" encoding="iso-8859-1" ?>
<newsitem itemid="471336" id="root" date="1997-03-27" xml:lang="en">
<title>USA: BASEBALL-BRAVES SEND DYE, WALKER TO ROYALS FOR TUCKER, LOCKHART.</title>
<headline>BASEBALL-BRAVES SEND DYE, WALKER TO ROYALS FOR TUCKER, LOCKHART.</headline>
<dateline>WEST PALM BEACH, Florida 1997-03-27</dateline>
<text>
<p>The Atlanta Braves followed up Tuesday's blockbuster deal with another trade Thursday, swapping outfielder Jermaine Dye for Michael Tucker in a four-player deal with the Kansas City Royals.</p>
<p>The Braves also sent minor league pitcher Jamie Walker to the Royals, who included infielder Keith Lockhart in the deal.</p>
<p>On Tuesday, Braves general manager John Schuerholz executed a blockbuster deal with the Cleveland Indians, acquiring outfielder Kenny Lofton and relief pitcher Alan Embree for outfielders Marquis Grissom and David Justice.</p>
<p>The 25-year-old Tucker hit .260 with 12 home runs and 53 RBI last season and was scheduled to be the Royals' starting right fielder in 1997. He missed the final month of the 1996 season after dislocating his left ring finger.</p>
<p>Lockhart, 32, hit .273 with seven homers and 55 RBI in 138 games last season.</p>
<p>The 23-year-old Dye made his major league debut in 1996 and hit .281 with 12 homers and 37 RBI in 92 games.</p>
<p>&quot;Jermaine Dye is a classic right fielder and gives our club the right-handed power that we have been looking for,&quot; said Royals general manager Herk Robinson. &quot;We think Jamie Walker will strengthen the left-handed pitching in the bullpen.&quot;</p>
<p>Walker, 25, pitched in the Houston organisation last season and was taken by the Royals in the Rule Five Draft in December. He was 5-1 with a 2.50 ERA at Jackson of the Double A Texas League last year.</p>
<p>The trade continues the reshaping of the Royals, who have added infielders Jay Bell and Jeff King and designated hitter Chili Davis to their starting lineup since the end of last season.</p>
</text>
<copyright>(c) Reuters Limited 1997</copyright>
<metadata>
<codes class="bip:countries:1.0">
  <code code="USA">
    <editdetail attribution="Reuters BIP Coding Group" action="confirmed" date="1997-03-27"/>
  </code>
</codes>
<codes class="bip:topics:1.0">
  <code code="GCAT">
    <editdetail attribution="Reuters BIP Coding Group" action="confirmed" date="1997-03-27"/>
  </code>
  <code code="GSPO">
    <editdetail attribution="Reuters BIP Coding Group" action="confirmed" date="1997-03-27"/>
  </code>
</codes>
<dc element="dc.date.created" value="1997-03-27"/>
<dc element="dc.publisher" value="Reuters Holdings Plc"/>
<dc element="dc.date.published" value="1997-03-27"/>
<dc element="dc.source" value="Reuters"/>
<dc element="dc.creator.location" value="WEST PALM BEACH, Florida"/>
<dc element="dc.creator.location.country.name" value="USA"/>
<dc element="dc.source" value="Reuters"/>
</metadata>
</newsitem>
