<?xml version="1.0" encoding="iso-8859-1" ?>
<newsitem itemid="471305" id="root" date="1997-03-27" xml:lang="en">
<title>UK: SOCCER-ITALY PREPARE TO TAKE OVER AT THE TOP.</title>
<headline>SOCCER-ITALY PREPARE TO TAKE OVER AT THE TOP.</headline>
<dateline>LONDON 1997-03-27</dateline>
<text>
<p>Gianfranco Zola's lone strike for Italy against England at Wembley last month means that a win over Moldova in Trieste on Saturday will lift the 1994 losing finalists to the top of their World Cup qualifying group.</p>
<p>For the Italians, it is the start of an important month as they go on to face Poland home and away in April and three wins out of three would virtually seal their qualification as group winners.</p>
<p>Coach Cesare Maldini is likely to stick as closely as he can to the side which won 1-0 against England but he already has one enforced change to consider.</p>
<p>In the absence through injury of Pier Luigi Casiraghi and Fabrizio Ravanelli, he looks certain to give the 23-year-old Juventus forward Christian Vieri his first cap as Zola's striking partner.</p>
<p>&quot;Vieri is the player who physically most resembles the two absentees...and if you want to say that Vieri will be playing, then say it&quot;, said Maldini who knows enough about his man after capping him 19 times at Under 21 level.</p>
<p>With Moldova having lost all three qualifiers so far, the signs are good for the Italians.</p>
<p>Their game, however, is just one of nine qualifying matches being played in Europe on Saturday, several of which will have a significant bearing on who gets to France next year.</p>
<p>In group one, the two favourites, Croatia and Denmark, meet in Split in a replay of their Euro '96 match which the Croatians won 3-0.</p>
<p>However, the early running in the group has been made by Greece and the Croatians, in particular, know that any points dropped on Saturday could prove crucial in the run-in.</p>
<p>&quot;This game is our 'to be or not to be',&quot; said Croatian coach Miroslav Blazevic who has called up two newcomers in the shape of defender Niko Kovac of German first division Bayer Leverkusen and midfielder Nenad Pralija of Spain's Espanyol</p>
<p>The Danes, who have won both of their early games, will be without their captain Michael Laudrup who has cited a lack of training as his excuse for dropping out.</p>
<p>In Kilmarnock, Scotland have the chance to exorcise some old ghosts when they host Estonia in group four.</p>
<p>The fiasco in Tallinn in October when the Estonians failed to turn up led to that match being replayed last month and, rather than producing the expected Scottish landslide, ended in an embarrasing 0-0 draw.</p>
<p>The Scots lead their group with eight points from four games but, with another match against second-placed Austria on Wednesday, Craig Brown's men need all the points to maintain their momentum.</p>
<p>In group seven, the high-flying Dutch should have no problems against San Marino but the other match pits second-placed Wales against Belgium, who are one point behind them with two games in hand. Defeat for Wales would signal the end of their World Cup hopes.</p>
<p>There are also two games in group nine. Leaders Portugal travel to Belfast to play Northern Ireland while Albania's match against Ukraine has been moved to Granada in Spain for security reasons.</p>
<p>Portuguese coach Artur Jorge, physically attacked on Wednesday by Sporting Lisbon striker Ricardo Sa Pinto after dropping him, has called up veteran Porto midfielder Rui Barros in place of the injured Pedro Barbosa.</p>
<p>Russia currently top group five on goal difference but with rivals Israel playing Luxembourg on Sunday, they will be keen to register a high goal tally against Cyprus in Nicosia on Saturday.</p>
<p>The Russians will be without striker Anatoly Kanishchev and midfielder Yevgeny Kharlachev but victory should be a formality against a Cyprus team which is lacking seven regulars, has a new coach and is still being rocked by allegations of throwing their last match against Bulgaria.</p>
<p>Group eight leaders Romania have the opportunity to improve their goal difference as they host a Liechtenstein defence which has leaked 21 goals in four games.</p>
</text>
<copyright>(c) Reuters Limited 1997</copyright>
<metadata>
<codes class="bip:countries:1.0">
  <code code="ITALY">
    <editdetail attribution="Reuters BIP Coding Group" action="confirmed" date="1997-03-27"/>
  </code>
  <code code="MOLDV">
    <editdetail attribution="Reuters BIP Coding Group" action="confirmed" date="1997-03-27"/>
  </code>
  <code code="POL">
    <editdetail attribution="Reuters BIP Coding Group" action="confirmed" date="1997-03-27"/>
  </code>
  <code code="UK">
    <editdetail attribution="Reuters BIP Coding Group" action="confirmed" date="1997-03-27"/>
  </code>
</codes>
<codes class="bip:topics:1.0">
  <code code="GCAT">
    <editdetail attribution="Reuters BIP Coding Group" action="confirmed" date="1997-03-27"/>
  </code>
  <code code="GSPO">
    <editdetail attribution="Reuters BIP Coding Group" action="confirmed" date="1997-03-27"/>
  </code>
</codes>
<dc element="dc.date.created" value="1997-03-27"/>
<dc element="dc.publisher" value="Reuters Holdings Plc"/>
<dc element="dc.date.published" value="1997-03-27"/>
<dc element="dc.source" value="Reuters"/>
<dc element="dc.creator.location" value="LONDON"/>
<dc element="dc.creator.location.country.name" value="UK"/>
<dc element="dc.source" value="Reuters"/>
</metadata>
</newsitem>
