<?xml version="1.0" encoding="iso-8859-1" ?>
<newsitem itemid="471317" id="root" date="1997-03-27" xml:lang="en">
<title>BRAZIL: MOTOR RACING-COULTHARD SAYS HE CAN'T WIN AGAIN.</title>
<headline>MOTOR RACING-COULTHARD SAYS HE CAN'T WIN AGAIN.</headline>
<dateline>SAO PAULO, Brazil 1997-03-27</dateline>
<text>
<p>David Coulthard celebrated his 26th birthday on a cautious note by predicting he could not repeat his season-opening victory in Melbourne in Sunday's Brazilian Grand Prix.</p>
<p>&quot;My target is to try to finish in the points again, if I can,&quot; he said on Thursday. &quot;And that is realistic.</p>
<p>&quot;You only have to see how well the Williams qualified in Melbourne to realise that they are a class ahead of the rest of us -- so long as they stay on the road.</p>
<p>&quot;And you can't expect them to drop out every race like that so it is obviously going to be much more difficult.&quot;</p>
<p>Coulthard, who flew into sweltering Sao Paulo after a three-day holiday on a tropical island up the coast, hopes he can score well enough to hang on to his lead in the world drivers' champioship.</p>
<p>&quot;That would be nice,&quot; he said. &quot;To be in the points in every race is my realistic target this year.&quot;</p>
</text>
<copyright>(c) Reuters Limited 1997</copyright>
<metadata>
<codes class="bip:countries:1.0">
  <code code="AUSTR">
    <editdetail attribution="Reuters BIP Coding Group" action="confirmed" date="1997-03-27"/>
  </code>
  <code code="BRAZ">
    <editdetail attribution="Reuters BIP Coding Group" action="confirmed" date="1997-03-27"/>
  </code>
  <code code="UK">
    <editdetail attribution="Reuters BIP Coding Group" action="confirmed" date="1997-03-27"/>
  </code>
</codes>
<codes class="bip:topics:1.0">
  <code code="GCAT">
    <editdetail attribution="Reuters BIP Coding Group" action="confirmed" date="1997-03-27"/>
  </code>
  <code code="GSPO">
    <editdetail attribution="Reuters BIP Coding Group" action="confirmed" date="1997-03-27"/>
  </code>
</codes>
<dc element="dc.date.created" value="1997-03-27"/>
<dc element="dc.publisher" value="Reuters Holdings Plc"/>
<dc element="dc.date.published" value="1997-03-27"/>
<dc element="dc.source" value="Reuters"/>
<dc element="dc.creator.location" value="SAO PAULO, Brazil"/>
<dc element="dc.creator.location.country.name" value="BRAZIL"/>
<dc element="dc.source" value="Reuters"/>
</metadata>
</newsitem>
