<?xml version="1.0" encoding="iso-8859-1" ?>
<newsitem itemid="471358" id="root" date="1997-03-27" xml:lang="en">
<title>SWITZERLAND: SOCCER-UEFA CONTINUING PROBE INTO CROWD TROUBLE.</title>
<headline>SOCCER-UEFA CONTINUING PROBE INTO CROWD TROUBLE.</headline>
<dateline>GENEVA 1997-03-27</dateline>
<text>
<p>UEFA said on Thursday it was still investigating the incident that left eight Manchester United fans injured after a clash with riot police following a European Cup quarter-final against Porto.</p>
<p>Oporto police fired plastic pellets and small rubber balls -- both part of anti-riot equipment -- to contain United supporters seeking to break out of the stadium at the end of the match on March 19.</p>
<p>The injured, including one with head wounds, were taken to hospital but all were discharged.</p>
<p>The match ended 0-0 but Manchester United went through 4-0 on aggregate after trouncing Porto at Old Trafford in the first leg.</p>
<p>UEFA said in a press statement that further investigation was needed before any action could be taken.</p>
</text>
<copyright>(c) Reuters Limited 1997</copyright>
<metadata>
<codes class="bip:countries:1.0">
  <code code="PORL">
    <editdetail attribution="Reuters BIP Coding Group" action="confirmed" date="1997-03-27"/>
  </code>
  <code code="SWITZ">
    <editdetail attribution="Reuters BIP Coding Group" action="confirmed" date="1997-03-27"/>
  </code>
  <code code="UK">
    <editdetail attribution="Reuters BIP Coding Group" action="confirmed" date="1997-03-27"/>
  </code>
</codes>
<codes class="bip:topics:1.0">
  <code code="GCAT">
    <editdetail attribution="Reuters BIP Coding Group" action="confirmed" date="1997-03-27"/>
  </code>
  <code code="GSPO">
    <editdetail attribution="Reuters BIP Coding Group" action="confirmed" date="1997-03-27"/>
  </code>
</codes>
<dc element="dc.date.created" value="1997-03-27"/>
<dc element="dc.publisher" value="Reuters Holdings Plc"/>
<dc element="dc.date.published" value="1997-03-27"/>
<dc element="dc.source" value="Reuters"/>
<dc element="dc.creator.location" value="GENEVA"/>
<dc element="dc.creator.location.country.name" value="SWITZERLAND"/>
<dc element="dc.source" value="Reuters"/>
</metadata>
</newsitem>
