<?xml version="1.0" encoding="iso-8859-1" ?>
<newsitem itemid="471465" id="root" date="1997-03-27" xml:lang="en">
<title>UK: London Clubs says no change in bid deadline.</title>
<headline>London Clubs says no change in bid deadline.</headline>
<dateline>LONDON 1997-03-27</dateline>
<text>
<p>Britain's London Clubs International Plc, responding to a newspaper report, said on Thursday there had been no change in the timetable for its hostile 196 million stg bid for gaming firm Capital Corp Plc.</p>
<p>The Financial Times quoted London Clubs chief executive Alan Goodenough as saying the company was considering shortening the deadline for acceptances of its bid to avoid clashing with the British election on May 1.</p>
<p>&quot;We don't want to be competing with (Prime Minister) John Major, so we may cut a few days off the end of it,&quot; he was quoted as saying.</p>
<p>Under the normal 60-day bid timetable, the final date for acceptances of the offer would be May 3.</p>
<p>&quot;London Clubs would like to clarify that the offer for Capital Corp has not been declared final and that no change has been made to the normal offer timetable,&quot; the firm said in a statement.</p>
<p>--London Newsroom +44 171 542 7717</p>
</text>
<copyright>(c) Reuters Limited 1997</copyright>
<metadata>
<codes class="bip:countries:1.0">
  <code code="UK">
    <editdetail attribution="Reuters BIP Coding Group" action="confirmed" date="1997-03-27"/>
  </code>
</codes>
<codes class="bip:industries:1.0">
  <code code="I97912">
    <editdetail attribution="Reuters BIP Coding Group" action="confirmed" date="1997-03-27"/>
  </code>
</codes>
<codes class="bip:topics:1.0">
  <code code="C18">
    <editdetail attribution="Reuters BIP Coding Group" action="confirmed" date="1997-03-27"/>
  </code>
  <code code="C181">
    <editdetail attribution="Reuters BIP Coding Group" action="confirmed" date="1997-03-27"/>
  </code>
  <code code="CCAT">
    <editdetail attribution="Reuters BIP Coding Group" action="confirmed" date="1997-03-27"/>
  </code>
</codes>
<dc element="dc.date.created" value="1997-03-27"/>
<dc element="dc.publisher" value="Reuters Holdings Plc"/>
<dc element="dc.date.published" value="1997-03-27"/>
<dc element="dc.source" value="Reuters"/>
<dc element="dc.creator.location" value="LONDON"/>
<dc element="dc.creator.location.country.name" value="UK"/>
<dc element="dc.source" value="Reuters"/>
</metadata>
</newsitem>
