<?xml version="1.0" encoding="iso-8859-1" ?>
<newsitem itemid="471428" id="root" date="1997-03-27" xml:lang="en">
<title>ESTONIA: PREATONI TO SELL MORE OF UHISPANK STAKE - REPORT.</title>
<headline>PREATONI TO SELL MORE OF UHISPANK STAKE - REPORT.</headline>
<dateline>TALLINN 1997-03-27</dateline>
<text>
<p>Ernesto Preatoni, an Italian investor living in Estonia, will sell more of 2.5 million kroons of shares in Uhispank, Aripaev business daily said on Thursday.</p>
<p>The newspaper quoted Preatoni as saying said that as he invested the money of his friends he was simply acting under their instructions.</p>
<p>Preatoni has already sold half of his holdings in Uhispank.</p>
<p>Uhispank's share price has risen from 13 kroons, when Preatoni invested in the bank, to 49 kroons, which gives him and his associates a 36 million kroons profit, the paper added.</p>
<p>Uhispank's vice president Jaak Maggi was quoted as saying that it was a positive development as it would reduce the influence of Preatoni over the bank, the paper said.</p>
<p>-- David Mardiste, Tallinn newsroom +372 630 8400 reuters@reuters.ee</p>
</text>
<copyright>(c) Reuters Limited 1997</copyright>
<metadata>
<codes class="bip:countries:1.0">
  <code code="ESTNIA">
    <editdetail attribution="Reuters BIP Coding Group" action="confirmed" date="1997-03-27"/>
  </code>
  <code code="ITALY">
    <editdetail attribution="Reuters BIP Coding Group" action="confirmed" date="1997-03-27"/>
  </code>
</codes>
<codes class="bip:industries:1.0">
  <code code="I81402">
    <editdetail attribution="Reuters BIP Coding Group" action="confirmed" date="1997-03-27"/>
  </code>
</codes>
<codes class="bip:topics:1.0">
  <code code="C18">
    <editdetail attribution="Reuters BIP Coding Group" action="confirmed" date="1997-03-27"/>
  </code>
  <code code="C181">
    <editdetail attribution="Reuters BIP Coding Group" action="confirmed" date="1997-03-27"/>
  </code>
  <code code="CCAT">
    <editdetail attribution="Reuters BIP Coding Group" action="confirmed" date="1997-03-27"/>
  </code>
</codes>
<dc element="dc.date.created" value="1997-03-27"/>
<dc element="dc.publisher" value="Reuters Holdings Plc"/>
<dc element="dc.date.published" value="1997-03-27"/>
<dc element="dc.source" value="Reuters"/>
<dc element="dc.creator.location" value="TALLINN"/>
<dc element="dc.creator.location.country.name" value="ESTONIA"/>
<dc element="dc.source" value="Reuters"/>
</metadata>
</newsitem>
