<?xml version="1.0" encoding="iso-8859-1" ?>
<newsitem itemid="471461" id="root" date="1997-03-27" xml:lang="en">
<title>UK: NWE gas oil hit hard by futures, easier premiums.</title>
<headline>NWE gas oil hit hard by futures, easier premiums.</headline>
<dateline>LONDON 1997-03-27</dateline>
<text>
<p>NWE gas oil was knocked sharply lower on Thursday by tumbling futures and easier premiums.</p>
<p>Only heating oil barges showed any sign of firmness in a thin pre-Easter market.</p>
<p>&quot;There's no local interest, only export demand is keeping everything going,&quot; said one trader.</p>
<p>April IPE gas oil lost $5 a tonne closing at $167.00.</p>
<p>Heating oil barges looked a touch perkier with barges concluded at April IPE +50 cents for first half April, up 50 cents or so. But traders said the rise was modest and in a thin market.</p>
<p>&quot;It's been a very quiet day overall,&quot; said one trader.</p>
<p>Traders said the easier tone on premiums reflected the relaxed attitude of buyers who were nearly all covered.</p>
<p>Russian premiums eased 50 cents or so with bids for first half April now around April IPE +50 cents and offers around +$1.50, possibly +$2.00.</p>
<p>FOD was also looking under a bit of pressure with offers of April +$3 cif NWE attracting very weak bids, one as low as April IPE +50 cents.</p>
<p>A DIN cargo traded today in an otherwise slow market and the number surprised several in the market.</p>
</text>
<copyright>(c) Reuters Limited 1997</copyright>
<metadata>
<codes class="bip:countries:1.0">
  <code code="UK">
    <editdetail attribution="Reuters BIP Coding Group" action="confirmed" date="1997-03-27"/>
  </code>
</codes>
<codes class="bip:topics:1.0">
  <code code="M14">
    <editdetail attribution="Reuters BIP Coding Group" action="confirmed" date="1997-03-27"/>
  </code>
  <code code="M143">
    <editdetail attribution="Reuters BIP Coding Group" action="confirmed" date="1997-03-27"/>
  </code>
  <code code="MCAT">
    <editdetail attribution="Reuters BIP Coding Group" action="confirmed" date="1997-03-27"/>
  </code>
</codes>
<dc element="dc.date.created" value="1997-03-27"/>
<dc element="dc.publisher" value="Reuters Holdings Plc"/>
<dc element="dc.date.published" value="1997-03-27"/>
<dc element="dc.source" value="Reuters"/>
<dc element="dc.creator.location" value="LONDON"/>
<dc element="dc.creator.location.country.name" value="UK"/>
<dc element="dc.source" value="Reuters"/>
</metadata>
</newsitem>
