<?xml version="1.0" encoding="iso-8859-1" ?>
<newsitem itemid="471487" id="root" date="1997-03-27" xml:lang="en">
<title>UK: Lloyd's sets date for revised electronic system.</title>
<headline>Lloyd's sets date for revised electronic system.</headline>
<dateline>LONDON 1997-03-27</dateline>
<text>
<p>Lloyds of London will on April 7 launch a simplified version of the controversial electronic placing support (EPS) system, insurance market sources told Reuters on Thursday.</p>
<p>EPS Support is limited to creating an electronic record once an insurance risk has been underwritten, making it much more market friendly than the complete EPS system.</p>
<p>&quot;With EPS, brokers and underwriters have to keep updating their records electronically throughout negotiations. For complex risks this is a nightmare,&quot; one market source said.</p>
<p>The new, slimmed down EPS Support, which has been tested by around 30 underwriters, means that negotiations take place in the traditional way using paper, rather than electronic records.</p>
<p>&quot;This amounts to a semi-relaunch of EPS,&quot; said another insurance source.</p>
<p>EPS has met with limited enthusiasm since its launch in the early 1990s, despite being intended to reduce costs and create common core records to cut down the amount of information that is re-keyed.</p>
<p>After many missed deadlines, last year saw the removal of targets for usage of EPS, which was designed for all participants in the London insurance market.</p>
<p>Recently, however, insurers have shown more willingness to embrace the principle of electronic systems to support their business, although they remain critical of their current drawbacks and complexities.</p>
<p>Earlier this week, London-based aviation insurers said they were ready to start doing business electronically, but added that systems for trading insurance on computer screens did not yet exist.</p>
<p>&quot;We're equipped and have trained underwriters ready to do it,&quot; Keith Selby, head of aviation underwriting at Swiss Re in London, told a news conference before the annual meeting of the Aviation Insurance Officers Association.</p>
<p>The current EPS system was not particularly suited to complex aviation risks, he said, while the World Insurance Network (WIN) being developed by leading brokers did not yet have business applications.</p>
<p>&quot;WIN (World Insurance Network) is one possibility, but at the moment it's designed to be a communications network,&quot; he added.</p>
<p>&quot;I'm not saying we want huge applications. We want simple solutions that speed things up and make them cheaper,&quot; he told Reuters.</p>
<p>-- John Sanders, Reuters Insurance News 44 171 542 2769</p>
</text>
<copyright>(c) Reuters Limited 1997</copyright>
<metadata>
<codes class="bip:countries:1.0">
  <code code="UK">
    <editdetail attribution="Reuters BIP Coding Group" action="confirmed" date="1997-03-27"/>
  </code>
</codes>
<codes class="bip:industries:1.0">
  <code code="I33030">
    <editdetail attribution="Reuters BIP Coding Group" action="confirmed" date="1997-03-27"/>
  </code>
  <code code="I82003">
    <editdetail attribution="Reuters BIP Coding Group" action="confirmed" date="1997-03-27"/>
  </code>
</codes>
<codes class="bip:topics:1.0">
  <code code="C22">
    <editdetail attribution="Reuters BIP Coding Group" action="confirmed" date="1997-03-27"/>
  </code>
  <code code="CCAT">
    <editdetail attribution="Reuters BIP Coding Group" action="confirmed" date="1997-03-27"/>
  </code>
</codes>
<dc element="dc.date.created" value="1997-03-27"/>
<dc element="dc.publisher" value="Reuters Holdings Plc"/>
<dc element="dc.date.published" value="1997-03-27"/>
<dc element="dc.source" value="Reuters"/>
<dc element="dc.creator.location" value="LONDON"/>
<dc element="dc.creator.location.country.name" value="UK"/>
<dc element="dc.source" value="Reuters"/>
</metadata>
</newsitem>
