<?xml version="1.0" encoding="iso-8859-1" ?>
<newsitem itemid="471476" id="root" date="1997-03-27" xml:lang="en">
<title>UK: BP sets April LPG price at $172/$175 a tonne.</title>
<headline>BP sets April LPG price at $172/$175 a tonne.</headline>
<dateline>LONDON 1997-03-27</dateline>
<text>
<p>British Petroleum announced on Thursday its April price for Liquefied Petroleum Gas (LPG), the BP Agreed Price or BPAP.</p>
<p>The propane price will be $172 a tonne, down by $14 from the March level of $186 a tonne. And butane will be $175 a tonne, down by $30 from March's $205 a tonne. The price will be effective from April 1.</p>
<p>--London Newsroom,+44 171 542 6412</p>
</text>
<copyright>(c) Reuters Limited 1997</copyright>
<metadata>
<codes class="bip:countries:1.0">
  <code code="UK">
    <editdetail attribution="Reuters BIP Coding Group" action="confirmed" date="1997-03-27"/>
  </code>
</codes>
<codes class="bip:industries:1.0">
  <code code="I13000">
    <editdetail attribution="Reuters BIP Coding Group" action="confirmed" date="1997-03-27"/>
  </code>
  <code code="I1300003">
    <editdetail attribution="Reuters BIP Coding Group" action="confirmed" date="1997-03-27"/>
  </code>
</codes>
<codes class="bip:topics:1.0">
  <code code="M14">
    <editdetail attribution="Reuters BIP Coding Group" action="confirmed" date="1997-03-27"/>
  </code>
  <code code="M143">
    <editdetail attribution="Reuters BIP Coding Group" action="confirmed" date="1997-03-27"/>
  </code>
  <code code="MCAT">
    <editdetail attribution="Reuters BIP Coding Group" action="confirmed" date="1997-03-27"/>
  </code>
</codes>
<dc element="dc.date.created" value="1997-03-27"/>
<dc element="dc.publisher" value="Reuters Holdings Plc"/>
<dc element="dc.date.published" value="1997-03-27"/>
<dc element="dc.source" value="Reuters"/>
<dc element="dc.creator.location" value="LONDON"/>
<dc element="dc.creator.location.country.name" value="UK"/>
<dc element="dc.source" value="Reuters"/>
</metadata>
</newsitem>
