<?xml version="1.0" encoding="iso-8859-1" ?>
<newsitem itemid="471493" id="root" date="1997-03-27" xml:lang="en">
<title>UK: Dollar closes lower but well supported in Europe.</title>
<headline>Dollar closes lower but well supported in Europe.</headline>
<dateline>LONDON 1997-03-27</dateline>
<text>
<p>The dollar closed lower against the mark and the yen in Europe amid disappointment about its failure to sustain a rally after the U.S. rate rise.</p>
<p>The U.S. currency bounced back, however, from an overnight low at 1.6760 marks amid talk of good buying interest in the 1.6770-50 mark area, traders said. Against the yen, it struggled a touch higher but fresh concern about the politically sensitive U.S.-Japanese trade deficit capped the upside.</p>
<p>Dollar/yen dropped overnight after a comment by U.S. Deputy Treasury Lawrence Summers that his country has expressed concerns about a possible rise in Japan's current account surplus.</p>
<p>The trade deficit will be a market focus next week when Treasury Secretary Robert Rubin visits Tokyo.</p>
<p>At 1608 GMT the dollar was at 1.6766/74 marks and 123.56/53 yen compared with 1.6920/26 and 124.12/17 in late European trading on Wednesday.</p>
<p>But the U.S. unit remained well supported on dips, and thin trade ahead of the Easter weekend exaggerated some of the dollar's movements, traders said.</p>
<p>Key for the direction of dollar/yen will be the investment decisions Japanese players take at the start of Japan's financial year next week, analysts said.</p>
<p>The U.S. rate rise on Tuesday has increased the pull on Japanese cash as prospects for higher rates in Japan remain dim.</p>
<p>&quot;As long as the markets retain a bullish interpretation of what the Fed has been doing, then the U.S. will continue to attract Japanese money,&quot; said Roger Francis, senior analyst at IJB International.</p>
<p>A flow of funds out of Japan is likely to put pressure on the yen and would put the 125 yen level back into focus.</p>
<p>&quot;If Japanese investors resume their buying of high-yielding currencies the yen is going to weaken aginst most major currencies,&quot; said Brian Martin, chief economist forex at BZW.</p>
<p>A spate of U.S. data had scant impact on the dollar. Weekly jobless claims fell to 310,000 from a revised 314,000 the previous week and against 313,000 forecast.</p>
<p>Existing home sales rose 9.0 percent in February to 4.26 million uits from 3.91 million in January and versus 4.1 million expected.</p>
<p>The University of Michigan final index of consumer sentiment rose to 100.0 in March from 99.7 in February and 101.3 forecast.</p>
<p>Elsewhere, the lira rallied against the mark after the Italian cabinet approved its corrective mini-budget as expected.</p>
<p>Prime Minister Romano Prodi said the budget will help Italy to meet the Maastricht criteria.</p>
<p>Mark/lira was at 998.30/80 versus 999.20/50 just before the budget approval and 996.50/80 late on Wednesday.</p>
<p>-- Astrid Zweynert London newsroom + 44 171 542 7792</p>
</text>
<copyright>(c) Reuters Limited 1997</copyright>
<metadata>
<codes class="bip:countries:1.0">
  <code code="UK">
    <editdetail attribution="Reuters BIP Coding Group" action="confirmed" date="1997-03-27"/>
  </code>
</codes>
<codes class="bip:topics:1.0">
  <code code="M13">
    <editdetail attribution="Reuters BIP Coding Group" action="confirmed" date="1997-03-27"/>
  </code>
  <code code="M132">
    <editdetail attribution="Reuters BIP Coding Group" action="confirmed" date="1997-03-27"/>
  </code>
  <code code="MCAT">
    <editdetail attribution="Reuters BIP Coding Group" action="confirmed" date="1997-03-27"/>
  </code>
</codes>
<dc element="dc.date.created" value="1997-03-27"/>
<dc element="dc.publisher" value="Reuters Holdings Plc"/>
<dc element="dc.date.published" value="1997-03-27"/>
<dc element="dc.source" value="Reuters"/>
<dc element="dc.creator.location" value="LONDON"/>
<dc element="dc.creator.location.country.name" value="UK"/>
<dc element="dc.source" value="Reuters"/>
</metadata>
</newsitem>
