<?xml version="1.0" encoding="iso-8859-1" ?>
<newsitem itemid="471482" id="root" date="1997-03-27" xml:lang="en">
<title>UK: World oil prices edge up on Nigerian export worries.</title>
<headline>World oil prices edge up on Nigerian export worries.</headline>
<dateline>LONDON 1997-03-27</dateline>
<text>
<p>Oil markets edged nervously higher on Thursday amid uncertainty about possible cuts to Nigerian oil exports.</p>
<p>Many oil traders remain bearish but even a hint of lower exports ahead of the Easter holiday period was enough to trigger a small wave of short-covering.</p>
<p>London's May futures for North Sea bellwether Brent Blend crude were up 12 cents at $19.41 a barrel at 1700 GMT. Prices for Brent have fallen from just under $25 a barrel to what many dealers see as a temporary low of less than $19 at the start of this month.</p>
<p>&quot;Unless any export cut is extended it won't have a big impact on the market. But even a small chance is enough to provoke some defensive short-covering,&quot; said Scott Carter, senior oil trader at Tosco Petroleum UK in London.</p>
<p>Spreading communal unrest in Nigeria, Africa's biggest oil producer, has cut daily crude output by 10 percent this week and threatens imminent disruption to exports, state and foreign oil companies warned on Thursday.</p>
<p>Six installations in the oil-rich Niger Delta, operated by the Anglo-Dutch giant Royal Dutch/Shell were overrun last Saturday by villagers involved in local government disputes and were still occupied on Thursday. Five more were shut in response to demands from community groups but were not occupied.</p>
<p>Shell, which produces about half the country's daily output of 2.15 million barrels, and state-owned Nigerian National Petroleum Corp (NNPC) said exports would be disrupted if the disturbances did not end soon.</p>
<p>&quot;There are no cancellations yet, but if things continue beyond where they are today there will be cancellations,&quot; an NNPC official said. Nigeria depends on crude exports for more than 90 percent of its foreign exchange earnings.</p>
<p>Shell warned customers on Wednesday it may be forced to cancel or delay exports early next month unless it could restore the 210,000 barrels per day (bpd) of production lost since Saturday.</p>
<p>&quot;If we are talking about a possible force majeure from April 2, then clearly we need to resume production quickly to avoid that,&quot; a Shell official told Reuters.</p>
<p>Meanwhile, the crude oil market in the Atlantic remains awash with crude and only a pick-up in gasoline demand from the United States is likely to rescue world prices, say traders.</p>
<p>Most oil products were buckling under pressure of oversupply as refiners, some resuming after maintenance shutdowns, kept running close to flat out.</p>
<p>Gasoline was lower and heating oil in Europe was also taking a beating, traders said.</p>
<p>	  Crude oil prices in dollars per barrel:</p>
<p>								  Mar 27    Mar 26</p>
<p>								 (1658 GMT) (Close)</p>
<p>    Dated Brent					     $18.60    $18.48</p>
<p>    IPE London Brent Futures (May)		    $19.40    $19.28</p>
<p>    NYMEX light crude futures (May)		   $20.78    $20.63</p>
</text>
<copyright>(c) Reuters Limited 1997</copyright>
<metadata>
<codes class="bip:countries:1.0">
  <code code="UK">
    <editdetail attribution="Reuters BIP Coding Group" action="confirmed" date="1997-03-27"/>
  </code>
</codes>
<codes class="bip:topics:1.0">
  <code code="M14">
    <editdetail attribution="Reuters BIP Coding Group" action="confirmed" date="1997-03-27"/>
  </code>
  <code code="M143">
    <editdetail attribution="Reuters BIP Coding Group" action="confirmed" date="1997-03-27"/>
  </code>
  <code code="MCAT">
    <editdetail attribution="Reuters BIP Coding Group" action="confirmed" date="1997-03-27"/>
  </code>
</codes>
<dc element="dc.date.created" value="1997-03-27"/>
<dc element="dc.publisher" value="Reuters Holdings Plc"/>
<dc element="dc.date.published" value="1997-03-27"/>
<dc element="dc.source" value="Reuters"/>
<dc element="dc.creator.location" value="LONDON"/>
<dc element="dc.creator.location.country.name" value="UK"/>
<dc element="dc.source" value="Reuters"/>
</metadata>
</newsitem>
