<?xml version="1.0" encoding="iso-8859-1" ?>
<newsitem itemid="471445" id="root" date="1997-03-27" xml:lang="en">
<title>UK: London LIFFE futures APT closing prices.</title>
<headline>London LIFFE futures APT closing prices.</headline>
<dateline>LONDON 1997-03-27</dateline>
<text>
<p>London International Financial Futures Exchange automated pit trading (APT) tabular details:</p>
<p>   CONTRACT (MONTH)	APT CLOSE  SETTLEMENT  PREVIOUS SETTLE</p>
<p>   LONG GILT (JUN) (1/32)   108-26	108-31	     109-07</p>
<p>   SHORT STERLING (JUN)	93.30	 93.33		93.32</p>
<p>   GERMAN GOVT BOND (JUN)    99.81	100.01	     100.23</p>
<p>   EUROMARK (APR)		96.76	 96.76		96.73</p>
<p>   ITALIAN GOVT BOND (JUN)  124.78	124.93	     125.38</p>
<p>   EUROLIRA (JUN)		92.72	 92.72		92.75</p>
<p>   EUROSWISS (JUN)	     98.16	 98.16		98.17</p>
<p>   FTSE 100 (JUN)	   4,289.00    4,313.00	   4,315.00</p>
</text>
<copyright>(c) Reuters Limited 1997</copyright>
<metadata>
<codes class="bip:countries:1.0">
  <code code="UK">
    <editdetail attribution="Reuters BIP Coding Group" action="confirmed" date="1997-03-27"/>
  </code>
</codes>
<codes class="bip:topics:1.0">
  <code code="M12">
    <editdetail attribution="Reuters BIP Coding Group" action="confirmed" date="1997-03-27"/>
  </code>
  <code code="MCAT">
    <editdetail attribution="Reuters BIP Coding Group" action="confirmed" date="1997-03-27"/>
  </code>
</codes>
<dc element="dc.date.created" value="1997-03-27"/>
<dc element="dc.publisher" value="Reuters Holdings Plc"/>
<dc element="dc.date.published" value="1997-03-27"/>
<dc element="dc.source" value="Reuters"/>
<dc element="dc.creator.location" value="LONDON"/>
<dc element="dc.creator.location.country.name" value="UK"/>
<dc element="dc.source" value="Reuters"/>
</metadata>
</newsitem>
