<?xml version="1.0" encoding="iso-8859-1" ?>
<newsitem itemid="471466" id="root" date="1997-03-27" xml:lang="en">
<title>UK: FOCUS-Commodities wind down in holiday mood.</title>
<headline>FOCUS-Commodities wind down in holiday mood.</headline>
<byline>Paul Carrel</byline>
<dateline>LONDON 1997-03-27</dateline>
<text>
<p>Commodities put in a lacklustre performance on Thursday as investors wound down ahead of a whopping four-day weekend in Britain.</p>
<p>Most commodities lost any impetus to make gains as trade tapered off in thin volume. Coffee and cocoa were the most dispirited, failing to keep the momentum that saw them rally on Wednesday, and made little progress in soggy trade.</p>
<p>Investors were uninspired by a report from the Association of Coffee Producing Counties late on Wednesday that the supply prospects in the third quarter of 1997 continued to look tight and could be vulnerable to disruptions.</p>
<p>Benchmark May robusta futures slid $12 lower before closing just above par at $1,632.</p>
<p>Cocoa suffered from a bout of profit-taking in the wake of Wednesday's gains and slipped 13 stg to 1,017.</p>
<p>Gold investors were stunned by news that Canadian prospecting company Bre-X Minerals Ltd's gold find at Busang, Indonesia, thought to be one of the world's largest, may contain much less gold than originally thought.</p>
<p>Bullion initially rose on the news but then shrugged it off and settled back down to close at $348.35 an ounce, down from $349.45 on Wednesday.</p>
<p>On the London Metal Exchange, copper bucked the downtrend, and managed to stage a mini-bounce, dragging other base metals higher with it.</p>
<p>Copper sprung up from the key technical level of $2,350 to close at $2,372, up $20. Traders said this helped avert chart breakdowns in aluminium and zinc, which had both been trending lower and threatening to sustain serious losses.</p>
<p>Zinc was pressured on the downside by expectations of Chinese zinc being delivered to Singapore next week and technical selling which kicked-in when the key $1,300 level was breached.</p>
<p>Aluminium closed at $1,642, up $10 while zinc ended $10 higher at $1,295.</p>
<p>The market remains divided as to copper's next move, with some players believing it still needs to do more exploration of its lower range around $2,300 and others expecting further stock falls and tightness will embolden moves above $2,400.</p>
<p>On the Chicago Board of Trade (CBOT) the quiet holiday mood was not so profound and soybeans and wheat shot up in active trade.</p>
<p>CBOT soybean and soymeal futures opened sharply higher, boosted by surprisingly high weekly export sales while wheat also got a kick from better sales abroad. The CBOT is closed on Friday but opens as usual on Monday.</p>
<p>Meanwhile, Brent crude May oil futures gained 14 cents to $19.43 by 1730 GMT.</p>
<p>Some key prices at 1740 GMT on Thursday</p>
<p>						Thursday   Wednesday</p>
<p>Ldn Spot Gold($ per ounce)		348.35     349.45</p>
<p>IPE Brent Crude Oil (May)		  19.41	19.72</p>
<p>Ldn Metal Exchange(3 mths delivery)</p>
<p>Copper ($ per tonne)		    2,372.00   2,352.00</p>
<p>Aluminium ($ per tonne)		 1,642.00   1,632.00</p>
<p>LIFFE Robusta Coffee ($/tonne) May) 1,632.00   1,627.00</p>
<p>Cocoa (Stg per tonne) (May)	   1,017.00   1,029.00</p>
<p>White Sugar ($ p/t May)		   305.50     306.00</p>
<p>Chicago Board of Trade Wheat</p>
<p>(Cents per bushel)(May)			399	  396</p>
</text>
<copyright>(c) Reuters Limited 1997</copyright>
<metadata>
<codes class="bip:countries:1.0">
  <code code="UK">
    <editdetail attribution="Reuters BIP Coding Group" action="confirmed" date="1997-03-27"/>
  </code>
</codes>
<codes class="bip:topics:1.0">
  <code code="M14">
    <editdetail attribution="Reuters BIP Coding Group" action="confirmed" date="1997-03-27"/>
  </code>
  <code code="M141">
    <editdetail attribution="Reuters BIP Coding Group" action="confirmed" date="1997-03-27"/>
  </code>
  <code code="M142">
    <editdetail attribution="Reuters BIP Coding Group" action="confirmed" date="1997-03-27"/>
  </code>
  <code code="M143">
    <editdetail attribution="Reuters BIP Coding Group" action="confirmed" date="1997-03-27"/>
  </code>
  <code code="MCAT">
    <editdetail attribution="Reuters BIP Coding Group" action="confirmed" date="1997-03-27"/>
  </code>
</codes>
<dc element="dc.date.created" value="1997-03-27"/>
<dc element="dc.publisher" value="Reuters Holdings Plc"/>
<dc element="dc.date.published" value="1997-03-27"/>
<dc element="dc.source" value="Reuters"/>
<dc element="dc.creator.location" value="LONDON"/>
<dc element="dc.creator.location.country.name" value="UK"/>
<dc element="dc.source" value="Reuters"/>
</metadata>
</newsitem>
