<?xml version="1.0" encoding="iso-8859-1" ?>
<newsitem itemid="471438" id="root" date="1997-03-27" xml:lang="en">
<title>UK: FOCUS-Tesco offers cut-rate Mexican Levis.</title>
<headline>FOCUS-Tesco offers cut-rate Mexican Levis.</headline>
<dateline>LONDON 1997-03-27</dateline>
<text>
<p>Britain's biggest supermarket group Tesco Plc has triggered an investigation at jeans giant Levi Strauss &amp; Co after launching sales of the company's jeans at cut prices, company sources said on Thursday.</p>
<p>Tesco said it had bought 45,000 pairs of the men's jeans direct from a Levi factory in Mexico.</p>
<p>&quot;It has raised several issues that we are investigating,&quot; said a spokeswoman from Levi's, whose trademark denim jeans are sought-after commodities around the world.</p>
<p>Tesco started selling the jeans at 150 of its 500 or so stores on March 24 at 30 pounds ($48.85) a pair compared with prices of between 45 and 55 pounds or higher often charged by designated Levi retailers.</p>
<p>&quot;They have been selling extremely well and in some stores we have already sold out,&quot; a Tesco spokeswoman said. &quot;We are trying to sort out emergency deliveries.&quot;</p>
<p>The company said it had been trying to deal directly with Levi's for several months but had been told it was deemed an &quot;inappropriate&quot; outlet.</p>
<p>Asked how Levi Strauss had reacted, Tesco said: &quot;Well, you'll have to ask them but I don't think they're very chuffed.&quot;</p>
<p>Levi Strauss is the leader in Britain's 1.2 billion a year pound denim market and thus very keen on protecting and promoting its brand.</p>
<p>It held talks with Tesco a year ago on the possibility of the supermarket stocking its jeans, but Tesco failed to meet the company's quality and objectives criteria, the Levi spokeswoman said.</p>
<p>But she added that Tesco had been told it could approach Levi's again if circumstances changed.</p>
<p>Newspaper reports on the row suggested Levi Strauss objected to its jeans being sold next to groceries.</p>
<p>Levi Strauss said it advised customers to buy from authorised stockists where staff were specially trained and a full range of jeans was available.</p>
<p>The spokeswoman added that some department stores with grocery areas were authorised stockists, but the clothing area was clearly segmented.</p>
<p>Supermarkets in Britain have targeted a range of products in the past to bring down prices, with value-for-money ASDA managing to help break fixed prices on books and currently challenging price constraints on over-the-counter medicines.</p>
<p>ASDA said it had no plans, however, to stock cut price Levi jeans.</p>
<p>&quot;We are too busy selling our own George range of jeans,&quot; a spokesman said.</p>
<p>ASDA sells its George men's jeans at 16.99 pounds and 19.99 pounds per pair.</p>
</text>
<copyright>(c) Reuters Limited 1997</copyright>
<metadata>
<codes class="bip:countries:1.0">
  <code code="UK">
    <editdetail attribution="Reuters BIP Coding Group" action="confirmed" date="1997-03-27"/>
  </code>
</codes>
<codes class="bip:industries:1.0">
  <code code="I45300">
    <editdetail attribution="Reuters BIP Coding Group" action="confirmed" date="1997-03-27"/>
  </code>
  <code code="I64100">
    <editdetail attribution="Reuters BIP Coding Group" action="confirmed" date="1997-03-27"/>
  </code>
</codes>
<codes class="bip:topics:1.0">
  <code code="C31">
    <editdetail attribution="Reuters BIP Coding Group" action="confirmed" date="1997-03-27"/>
  </code>
  <code code="CCAT">
    <editdetail attribution="Reuters BIP Coding Group" action="confirmed" date="1997-03-27"/>
  </code>
</codes>
<dc element="dc.date.created" value="1997-03-27"/>
<dc element="dc.publisher" value="Reuters Holdings Plc"/>
<dc element="dc.date.published" value="1997-03-27"/>
<dc element="dc.source" value="Reuters"/>
<dc element="dc.creator.location" value="LONDON"/>
<dc element="dc.creator.location.country.name" value="UK"/>
<dc element="dc.source" value="Reuters"/>
</metadata>
</newsitem>
