<?xml version="1.0" encoding="iso-8859-1" ?>
<newsitem itemid="471463" id="root" date="1997-03-27" xml:lang="en">
<title>UK: IPE gas oil settles down $5.75, Brent 15 cts highe.</title>
<headline>IPE gas oil settles down $5.75, Brent 15 cts highe.</headline>
<dateline>LONDON 1997-03-27</dateline>
<text>
<p>IPE gas oil futures closed down $5.75 on Thursday on technically-inspired selling that took the market out of line with firmer Brent and U.S. heating oil, traders said.</p>
<p>Front month April futures settled at $166.75 after hitting a high in the morning of $169.75.</p>
<p>&quot;Gas oil was under pressure and had a breakdown technically,&quot; a broker said.</p>
<p>Support was breached at $168 a barrel in the morning &quot;and then we were in open territory with the next support really at $165.25&quot;, a trader said. April hit a low of $166.50.</p>
<p>Brokers GNI in a daily report noted that the fact that several refineries announced the end of turnaround on Wednesday was negative for products.</p>
<p>Charles Gray of Prudential Bache International said that while Monday was the last trading day for NYMEX gasoline and heating oil, Friday was in effect the day when most speculative positions would be squared.</p>
<p>April heating oil was 0.37 cent stronger at 55.80 cents a gallon. Gasoline was 0.47 cent adrift at 64.35 cents a gallon.</p>
<p>May IPE Brent was 16 cents firmer at a new high of $19.45 a barrel at 1751 GMT, having recovered from weakness seen around the NYMEX opening, largely on concern over disruption to Shell production in Nigeria.</p>
<p>Uncertainty about Nigerian political unrest also helped the IPE contract to resist earlier NYMEX-inspired downward pressure.</p>
<p>&quot;People will not want to go short over the long weekend while the Nigerian problems continue,&quot; a trader said.</p>
<p>Brokers continued to peg resistance on May IPE at around $19.50 and $19.61, with support at around the day's low of $19.20 and then at $18.83.</p>
<p>Shell said on Thursday a seventh oil installation on the Niger Delta was occupied last Saturday by villagers, forcing the oil giant to cut back production by a total of 210,000 barrels per day (bpd).</p>
<p>A senior official at Nigeria National Petroleum Corp said that Shell could declare force majeure on early April cargoes.</p>
<p>-- London newsroom +44 171 542 7646</p>
</text>
<copyright>(c) Reuters Limited 1997</copyright>
<metadata>
<codes class="bip:countries:1.0">
  <code code="UK">
    <editdetail attribution="Reuters BIP Coding Group" action="confirmed" date="1997-03-27"/>
  </code>
</codes>
<codes class="bip:topics:1.0">
  <code code="M14">
    <editdetail attribution="Reuters BIP Coding Group" action="confirmed" date="1997-03-27"/>
  </code>
  <code code="M143">
    <editdetail attribution="Reuters BIP Coding Group" action="confirmed" date="1997-03-27"/>
  </code>
  <code code="MCAT">
    <editdetail attribution="Reuters BIP Coding Group" action="confirmed" date="1997-03-27"/>
  </code>
</codes>
<dc element="dc.date.created" value="1997-03-27"/>
<dc element="dc.publisher" value="Reuters Holdings Plc"/>
<dc element="dc.date.published" value="1997-03-27"/>
<dc element="dc.source" value="Reuters"/>
<dc element="dc.creator.location" value="LONDON"/>
<dc element="dc.creator.location.country.name" value="UK"/>
<dc element="dc.source" value="Reuters"/>
</metadata>
</newsitem>
