<?xml version="1.0" encoding="iso-8859-1" ?>
<newsitem itemid="471421" id="root" date="1997-03-27" xml:lang="en">
<title>ESTONIA: EVEA PANK NOT TO PAY DIVIDENDS.</title>
<headline>EVEA PANK NOT TO PAY DIVIDENDS.</headline>
<dateline>TALLINN 1997-03-27</dateline>
<text>
<p>EVEA Pank shareholders' meeting accepted a board proposal not to pay a dividend to shareholders this year, the bank said on Thursday.</p>
<p>The meeting decided to transfer the 1996 profit of 10 million kroons to the bank's reserve and not pay a dividend, the bank said in a statement.</p>
<p>The meeting also approved a decision which will allow shareholders with over 15 percent of the company's shares to have a representative on the bank's board, the statement added.</p>
<p>EVEA Pank is listed on the secondary list of the Tallinn stock exchange.</p>
<p>-- David Mardiste, Tallinn newsroom +372 630 8400 reuters@reuters.ee</p>
</text>
<copyright>(c) Reuters Limited 1997</copyright>
<metadata>
<codes class="bip:countries:1.0">
  <code code="ESTNIA">
    <editdetail attribution="Reuters BIP Coding Group" action="confirmed" date="1997-03-27"/>
  </code>
</codes>
<codes class="bip:industries:1.0">
  <code code="I81402">
    <editdetail attribution="Reuters BIP Coding Group" action="confirmed" date="1997-03-27"/>
  </code>
</codes>
<codes class="bip:topics:1.0">
  <code code="C15">
    <editdetail attribution="Reuters BIP Coding Group" action="confirmed" date="1997-03-27"/>
  </code>
  <code code="C151">
    <editdetail attribution="Reuters BIP Coding Group" action="confirmed" date="1997-03-27"/>
  </code>
  <code code="CCAT">
    <editdetail attribution="Reuters BIP Coding Group" action="confirmed" date="1997-03-27"/>
  </code>
</codes>
<dc element="dc.date.created" value="1997-03-27"/>
<dc element="dc.publisher" value="Reuters Holdings Plc"/>
<dc element="dc.date.published" value="1997-03-27"/>
<dc element="dc.source" value="Reuters"/>
<dc element="dc.creator.location" value="TALLINN"/>
<dc element="dc.creator.location.country.name" value="ESTONIA"/>
<dc element="dc.source" value="Reuters"/>
</metadata>
</newsitem>
