<?xml version="1.0" encoding="iso-8859-1" ?>
<newsitem itemid="471460" id="root" date="1997-03-27" xml:lang="en">
<title>UK: T&amp;N sets special H1 dividend of 3.0p/share.</title>
<headline>T&amp;N sets special H1 dividend of 3.0p/share.</headline>
<dateline>LONDON 1997-03-27</dateline>
<text>
<p>British auto parts maker T&amp;N Plc said on Thursday it planned to pay a special first-half dividend of 3.0p per share, provided sufficient reserves were available.</p>
<p>T&amp;N said the payout would be in lieu of last year's final dividend and paid on July 11 to shareholders of record on May 2.</p>
<p>Last year, the company kept its effective dividend payout at 6.0p per share after reporting a pretax loss of 388 million stg after asbestos-related charges of 515 million stg. --London Newsroom +44 171 542 7717</p>
</text>
<copyright>(c) Reuters Limited 1997</copyright>
<metadata>
<codes class="bip:countries:1.0">
  <code code="UK">
    <editdetail attribution="Reuters BIP Coding Group" action="confirmed" date="1997-03-27"/>
  </code>
</codes>
<codes class="bip:industries:1.0">
  <code code="I35300">
    <editdetail attribution="Reuters BIP Coding Group" action="confirmed" date="1997-03-27"/>
  </code>
</codes>
<codes class="bip:topics:1.0">
  <code code="C15">
    <editdetail attribution="Reuters BIP Coding Group" action="confirmed" date="1997-03-27"/>
  </code>
  <code code="C151">
    <editdetail attribution="Reuters BIP Coding Group" action="confirmed" date="1997-03-27"/>
  </code>
  <code code="CCAT">
    <editdetail attribution="Reuters BIP Coding Group" action="confirmed" date="1997-03-27"/>
  </code>
</codes>
<dc element="dc.date.created" value="1997-03-27"/>
<dc element="dc.publisher" value="Reuters Holdings Plc"/>
<dc element="dc.date.published" value="1997-03-27"/>
<dc element="dc.source" value="Reuters"/>
<dc element="dc.creator.location" value="LONDON"/>
<dc element="dc.creator.location.country.name" value="UK"/>
<dc element="dc.source" value="Reuters"/>
</metadata>
</newsitem>
