<?xml version="1.0" encoding="iso-8859-1" ?>
<newsitem itemid="471407" id="root" date="1997-03-27" xml:lang="en">
<title>ESTONIA: INTERVIEW - HANSAPANK TO DECIDE ON LITHUANIA IN H1 1997.</title>
<headline>INTERVIEW - HANSAPANK TO DECIDE ON LITHUANIA IN H1 1997.</headline>
<byline>David Mardiste</byline>
<dateline>TALLINN 1997-03-27</dateline>
<text>
<p>Estonia's and the Baltics largest bank Hansapank is still considering a move into the Lithuanian market and expects to make a decision in the first half of this year, chairman Hannes Tamjarv said.</p>
<p>&quot;Very clearly our next geographic step is to be operating in Lithuania,&quot; Tamjarv told Reuters in a recent interview.</p>
<p>&quot;We are not making much public relations on the process but we are very seriously considering the alternatives,&quot; he added.</p>
<p>Hansapank has already said it will open a broker in Lithuania this year but expansion to banking in Lithuania will be in competition with other Estonian bank, Hoiupank .</p>
<p>&quot;There is no rush, but clearly, in this year, we have to make a move,&quot; Tamjarv added.</p>
<p>&quot;We will make our decision in the first half of 1997,&quot; Tamjarv said.</p>
<p>One of the reasons for expanding outside Estonia is that Hansapank was reaching the limits of its market share, he said.</p>
<p>&quot;We clearly want to stay a selective high quality bank that means that we can hardly afford much more than 30 percent of the market. So clearly there is not much more to go,&quot; he said.</p>
<p>Hansapank is already present in Latvia with Hansabank-Latvija and Tamjarv said that from the financial point of view the move had not yet been successful although from an organisational view there was development.</p>
<p>&quot;As we are trying to standardise the group's activities, it does not mean copying but still standardising the group's actitivities so we are trying to implement the same business idea in Hansabank-Latvija as for Hansapank Estonia,&quot; he said.</p>
<p>&quot;We are choosing the best alternatives, so far pretty often the best alternatives come from Estonia,&quot; he added.</p>
<p>Tamjarv said that the state of the Estonian bank market was good although competition was strong.</p>
<p>&quot;The market itself is in a pretty healthly shape, that is very clear and the trends are pretty healthly as well,&quot; he said.</p>
<p>&quot;The competition is tightening but luckily enough it does not harm cooperation between the banks. We have a well-established banking association,&quot; he added.</p>
<p>He said there would be no big changes in the market although it was no secret merger talks have gone on and were going on.</p>
<p>&quot;We have 14 banks and that sounds like six or seven too many,&quot; Tamjarv said.</p>
<p>He also said that Hoiupank was Hansapank's main competitor and was in fact a stronger competitor than the bank had imagined.</p>
<p>-- Tallinn newsroom +372 630 8400 reuters@reuters.ee</p>
</text>
<copyright>(c) Reuters Limited 1997</copyright>
<metadata>
<codes class="bip:countries:1.0">
  <code code="ESTNIA">
    <editdetail attribution="Reuters BIP Coding Group" action="confirmed" date="1997-03-27"/>
  </code>
  <code code="LITH">
    <editdetail attribution="Reuters BIP Coding Group" action="confirmed" date="1997-03-27"/>
  </code>
</codes>
<codes class="bip:industries:1.0">
  <code code="I81402">
    <editdetail attribution="Reuters BIP Coding Group" action="confirmed" date="1997-03-27"/>
  </code>
</codes>
<codes class="bip:topics:1.0">
  <code code="C11">
    <editdetail attribution="Reuters BIP Coding Group" action="confirmed" date="1997-03-27"/>
  </code>
  <code code="C31">
    <editdetail attribution="Reuters BIP Coding Group" action="confirmed" date="1997-03-27"/>
  </code>
  <code code="CCAT">
    <editdetail attribution="Reuters BIP Coding Group" action="confirmed" date="1997-03-27"/>
  </code>
</codes>
<dc element="dc.date.created" value="1997-03-27"/>
<dc element="dc.publisher" value="Reuters Holdings Plc"/>
<dc element="dc.date.published" value="1997-03-27"/>
<dc element="dc.source" value="Reuters"/>
<dc element="dc.creator.location" value="TALLINN"/>
<dc element="dc.creator.location.country.name" value="ESTONIA"/>
<dc element="dc.source" value="Reuters"/>
</metadata>
</newsitem>
