<?xml version="1.0" encoding="iso-8859-1" ?>
<newsitem itemid="471451" id="root" date="1997-03-27" xml:lang="en">
<title>UK: NWE oil products all weaker, slow ahead of Easter.</title>
<headline>NWE oil products all weaker, slow ahead of Easter.</headline>
<dateline>LONDON 1997-03-27</dateline>
<text>
<p>NWE oil products were all weakened on Friday by easier crude. Most market were slow ahead of the Easter break.</p>
<p>High sulphur fuel barge prices fell as one trader sold large volumes at $86 fob ARA. High and low sulphur cargo prices were steady with markets lifeless ahead of Easter</p>
<p>Gasoline was pressured $4 a tonne lower on the back of heavy refinery selling.</p>
<p>Gas oil was hit severely losing up $5.75 a tonne on futures and easier premiums bar marginally firmer heating oil barges.</p>
<p>-- London Newsroom +44 171 542 8980</p>
</text>
<copyright>(c) Reuters Limited 1997</copyright>
<metadata>
<codes class="bip:countries:1.0">
  <code code="UK">
    <editdetail attribution="Reuters BIP Coding Group" action="confirmed" date="1997-03-27"/>
  </code>
</codes>
<codes class="bip:topics:1.0">
  <code code="M14">
    <editdetail attribution="Reuters BIP Coding Group" action="confirmed" date="1997-03-27"/>
  </code>
  <code code="M143">
    <editdetail attribution="Reuters BIP Coding Group" action="confirmed" date="1997-03-27"/>
  </code>
  <code code="MCAT">
    <editdetail attribution="Reuters BIP Coding Group" action="confirmed" date="1997-03-27"/>
  </code>
</codes>
<dc element="dc.date.created" value="1997-03-27"/>
<dc element="dc.publisher" value="Reuters Holdings Plc"/>
<dc element="dc.date.published" value="1997-03-27"/>
<dc element="dc.source" value="Reuters"/>
<dc element="dc.creator.location" value="LONDON"/>
<dc element="dc.creator.location.country.name" value="UK"/>
<dc element="dc.source" value="Reuters"/>
</metadata>
</newsitem>
