<?xml version="1.0" encoding="iso-8859-1" ?>
<newsitem itemid="471418" id="root" date="1997-03-27" xml:lang="en">
<title>LATVIA: CUSTOMS, COMPANIES FORM CONSULTATIVE BODY.</title>
<headline>CUSTOMS, COMPANIES FORM CONSULTATIVE BODY.</headline>
<dateline>RIGA 1997-03-27</dateline>
<text>
<p>The finance ministry on Thursday said that in a long overdue move a consultative body of the customs management and businessmen has been formed, aimed at pointing out problems in the customs laws and system.</p>
<p>Complaints about inefficiencies have long plagued the customs system. A new law on customs is expected to be passed by the parliament at the end of May or beginning of June.</p>
<p>&quot;The committee, which many say was long due, will point out the problems which prevent the improvement of the work of customs and transit flows,&quot; Aija Pocha, state revenues minister, told a news conference.</p>
<p>The committee will also serve as a forum for informing businessmen about expected changes, she added.</p>
<p>Businessmen were represented by the Association of Entrepreneurs, having direct contact with customs, such as the warehouse, traders and truck and transport associations.</p>
<p>The Latvian Chamber of Commerce of Industry and the British and U.S. Chambers of Commerce were also represented.</p>
<p>Manager of the Customs service Normunds Niedols was elected the head of the committee and its statutes are to be discussed on April 10.</p>
<p>The committee is expected to meet twice a month.</p>
<p>-- Martinsh Gravitis, Riga Newsroom, +371 721 5240</p>
</text>
<copyright>(c) Reuters Limited 1997</copyright>
<metadata>
<codes class="bip:countries:1.0">
  <code code="LATV">
    <editdetail attribution="Reuters BIP Coding Group" action="confirmed" date="1997-03-27"/>
  </code>
</codes>
<codes class="bip:topics:1.0">
  <code code="E51">
    <editdetail attribution="Reuters BIP Coding Group" action="confirmed" date="1997-03-27"/>
  </code>
  <code code="E512">
    <editdetail attribution="Reuters BIP Coding Group" action="confirmed" date="1997-03-27"/>
  </code>
  <code code="ECAT">
    <editdetail attribution="Reuters BIP Coding Group" action="confirmed" date="1997-03-27"/>
  </code>
</codes>
<dc element="dc.date.created" value="1997-03-27"/>
<dc element="dc.publisher" value="Reuters Holdings Plc"/>
<dc element="dc.date.published" value="1997-03-27"/>
<dc element="dc.source" value="Reuters"/>
<dc element="dc.creator.location" value="RIGA"/>
<dc element="dc.creator.location.country.name" value="LATVIA"/>
<dc element="dc.source" value="Reuters"/>
</metadata>
</newsitem>
