<?xml version="1.0" encoding="iso-8859-1" ?>
<newsitem itemid="471422" id="root" date="1997-03-27" xml:lang="en">
<title>ESTONIA: TALLINNA SAYS NEW SHARES AIMED AT FOREIGNERS.</title>
<headline>TALLINNA SAYS NEW SHARES AIMED AT FOREIGNERS.</headline>
<dateline>TALLINN 1997-03-27</dateline>
<text>
<p>A new share issue by Tallinna Pank is aimed mainly at foreign investors and the bank is still deciding whether to issue them as ordinary shares or as global depository receipts (GDRs), chairman Rait Lukas said Thursday.</p>
<p>He was clarifying earlier remarks to Reuters in a recent interview about the new share issue.</p>
<p>&quot;The new shares are aimed principally at foreigners,&quot; Lukas told Reuters.</p>
<p>The share issue is of one million shares at a nominal value of one kroon each. The price of the issue has not yet been decided.</p>
<p>Lukas said that Tallinna Pank was currently seeking for a bank or investment house to arrange the share issue.</p>
<p>-- Patrick Lannin, Riga Newsroom, +371 721 5240</p>
</text>
<copyright>(c) Reuters Limited 1997</copyright>
<metadata>
<codes class="bip:countries:1.0">
  <code code="ESTNIA">
    <editdetail attribution="Reuters BIP Coding Group" action="confirmed" date="1997-03-27"/>
  </code>
</codes>
<codes class="bip:industries:1.0">
  <code code="I81402">
    <editdetail attribution="Reuters BIP Coding Group" action="confirmed" date="1997-03-27"/>
  </code>
</codes>
<codes class="bip:topics:1.0">
  <code code="C17">
    <editdetail attribution="Reuters BIP Coding Group" action="confirmed" date="1997-03-27"/>
  </code>
  <code code="C171">
    <editdetail attribution="Reuters BIP Coding Group" action="confirmed" date="1997-03-27"/>
  </code>
  <code code="CCAT">
    <editdetail attribution="Reuters BIP Coding Group" action="confirmed" date="1997-03-27"/>
  </code>
</codes>
<dc element="dc.date.created" value="1997-03-27"/>
<dc element="dc.publisher" value="Reuters Holdings Plc"/>
<dc element="dc.date.published" value="1997-03-27"/>
<dc element="dc.source" value="Reuters"/>
<dc element="dc.creator.location" value="TALLINN"/>
<dc element="dc.creator.location.country.name" value="ESTONIA"/>
<dc element="dc.source" value="Reuters"/>
</metadata>
</newsitem>
