<?xml version="1.0" encoding="iso-8859-1" ?>
<newsitem itemid="471452" id="root" date="1997-03-27" xml:lang="en">
<title>UK: Little chance of President Ramos getting 2nd term.</title>
<headline>Little chance of President Ramos getting 2nd term.</headline>
<byline>Jonathan Thatcher</byline>
<dateline>LONDON 1997-03-27</dateline>
<text>
<p>One of the Philippines most powerful politicians on Thursday effectively ruled out any chance of President Fidel Ramos running for a second term, but declined to throw his own hat into the ring just yet.</p>
<p>An unofficial campaign has been under way to change the constitutional ban on anyone being president for more than one six-year term, which in the case of Ramos expires in just over a year.</p>
<p>&quot;It's next to impossible to pull it off,&quot; visiting House of Representatives Speaker Jose de Venecia told Reuters in an interview.</p>
<p>The strength of opinion on either side of the debate would make a change in the constitution too divisive and anyway there was hardly any time left to make the amendment, he added.</p>
<p>The 68-year old Ramos, whose administration is widely credited with turning around the fortunes of the Philippines, has denied any plans to get the rules changed.</p>
<p>De Venecia was wary about predicting who might be his eventual replacement, but warned that Vice President Joseph Estrada, who is generally seen as the man to beat in 1998, was not necessarily the front-runner.</p>
<p>&quot;He is clearly beatable,&quot; he said.</p>
<p>De Venecia was also coy about expressing his own presidential hopes.</p>
<p>&quot;I'm not declaring now...If I do that, it's good bye to all this legislation (to push through Congress),&quot; he said.</p>
<p>Crucial tax reforms are currently being debated in Congress and de Venecia hoped they would get final approval by the end of May.</p>
<p>That would be in time for the end of 34 years of International Monetary Fund supervision of the country's economy.</p>
<p>The Philippines hopes that its escape from the clutches of the IMF will firmly establish its credentials as one of the &quot;tiger&quot; economies in Asia.</p>
<p>There are three simultaneous changes the country had to institute -- modernise its agriculture, turn into an industrial state and move into the information age, de Venecia said.</p>
<p>&quot;Then we can overtake Malaysia, Indonesia and Thailand, leading the region and competing with the economic tigers of East Asia.&quot;</p>
</text>
<copyright>(c) Reuters Limited 1997</copyright>
<metadata>
<codes class="bip:countries:1.0">
  <code code="PHLNS">
    <editdetail attribution="Reuters BIP Coding Group" action="confirmed" date="1997-03-27"/>
  </code>
  <code code="UK">
    <editdetail attribution="Reuters BIP Coding Group" action="confirmed" date="1997-03-27"/>
  </code>
</codes>
<codes class="bip:topics:1.0">
  <code code="GCAT">
    <editdetail attribution="Reuters BIP Coding Group" action="confirmed" date="1997-03-27"/>
  </code>
  <code code="GPOL">
    <editdetail attribution="Reuters BIP Coding Group" action="confirmed" date="1997-03-27"/>
  </code>
</codes>
<dc element="dc.date.created" value="1997-03-27"/>
<dc element="dc.publisher" value="Reuters Holdings Plc"/>
<dc element="dc.date.published" value="1997-03-27"/>
<dc element="dc.source" value="Reuters"/>
<dc element="dc.creator.location" value="LONDON"/>
<dc element="dc.creator.location.country.name" value="UK"/>
<dc element="dc.source" value="Reuters"/>
</metadata>
</newsitem>
