<?xml version="1.0" encoding="iso-8859-1" ?>
<newsitem itemid="471458" id="root" date="1997-03-27" xml:lang="en">
<title>UK: NWE straight-run fuel steady, Russian cargoes sell.</title>
<headline>NWE straight-run fuel steady, Russian cargoes sell.</headline>
<dateline>LONDON 1997-03-27</dateline>
<text>
<p>NWE low sulphur straight-run was stable to slightly weaker in thin trade while Russian high sulphur was generating good interest on Thursday, traders said.</p>
<p>Low sulphur prices slipped $1 to $101/$103 fob in Europe with some material heard on offer for early April.</p>
<p>Two 10kt low sulphur pieces were heard traded inland UK at close to $110 cif.</p>
<p>Trade in Russian high sulphur straight-run has been brisk for the last weeks, with cargoes being snapped up as they appear in the Baltic ports. E-4 premiums were reported holding steady around $3-$5, depending on quality.</p>
<p>A small cargo of E-4 was heard traded on Wednesday at three means +$5.75, with freight accounting for the extra cost, dealers said.</p>
<p>An M-40 cargo from Klaipeda with 1.7 percent maximum water content was heard bought on Wednesday by a major for two means +$8.50. On the same day a trader bought an M-100 cargo from a distressed seller for two means +$3.</p>
<p>Traders were speculating that appetite for Russian fuel would weaken if high premiums persist and crude's weakness continues.</p>
<p>&quot;The equation is turning around now. The economics of refining straight-run were attractive but are less so right now,&quot; said one trader.</p>
<p>One 40,000 tonne E-4 cargo, loading 8-9/4 in Ventspils, heard offered at a premium of less than $4, had not been taken. Some said that reflected market softness, others that the cargo size made it difficult to handle.</p>
<p>In the Mediterranean, Russian straight-run cargoes that could not go into Italian refineries because of maintenance, and were expected to weigh on the market, were reported to have largely found homes.</p>
<p>An M-40 cargo that had been looking for an owner for some days was heard sold to Spanish refiner Cepsa.</p>
<p>But further Black Sea supplies were in the offing for mid-April that might weaken prices in the medium term.</p>
<p>-- London newsroom +44 171 542 8060</p>
</text>
<copyright>(c) Reuters Limited 1997</copyright>
<metadata>
<codes class="bip:countries:1.0">
  <code code="UK">
    <editdetail attribution="Reuters BIP Coding Group" action="confirmed" date="1997-03-27"/>
  </code>
</codes>
<codes class="bip:topics:1.0">
  <code code="M14">
    <editdetail attribution="Reuters BIP Coding Group" action="confirmed" date="1997-03-27"/>
  </code>
  <code code="M143">
    <editdetail attribution="Reuters BIP Coding Group" action="confirmed" date="1997-03-27"/>
  </code>
  <code code="MCAT">
    <editdetail attribution="Reuters BIP Coding Group" action="confirmed" date="1997-03-27"/>
  </code>
</codes>
<dc element="dc.date.created" value="1997-03-27"/>
<dc element="dc.publisher" value="Reuters Holdings Plc"/>
<dc element="dc.date.published" value="1997-03-27"/>
<dc element="dc.source" value="Reuters"/>
<dc element="dc.creator.location" value="LONDON"/>
<dc element="dc.creator.location.country.name" value="UK"/>
<dc element="dc.source" value="Reuters"/>
</metadata>
</newsitem>
