<?xml version="1.0" encoding="iso-8859-1" ?>
<newsitem itemid="471427" id="root" date="1997-03-27" xml:lang="en">
<title>LATVIA: AGENCY SAYS UNIBANKA, ZEMES SHOULD STILL MERGE.</title>
<headline>AGENCY SAYS UNIBANKA, ZEMES SHOULD STILL MERGE.</headline>
<dateline>RIGA 1997-03-27</dateline>
<text>
<p>The Latvian Privatisation Agency (LPA) maintains its view that Unibanka and Zemes Bank would be more able to beat the competition by merging, an LPA official was quoted as saying on Thursday by daily newspaper Diena.</p>
<p>LPA, the largest Unibanka shareholder as it controls the state's 33.33 percent, has not changed its position in the merger issue, LPA legal manager Viktor Shadinov was quoted in the newspaper as saying.</p>
<p>The newspaper pointed out that The European Bank for Reconstruction and Development (EBRD), who owns a stake in both banks, has expressed a conflicting opinion.</p>
<p>Both the LPA and the EBRD have an agreement to have an identical vote on all substantial issues in general meetings, Shadinov was quoted as saying.</p>
<p>Leading Latvian Bank Unibanka and Zemes Bank announced on Tuesday about the cancellation of their merger plan and that they will continue to work as separate finacial institutions.</p>
<p>The LPA was not invited to the March 25 meeting, which decided on the cancellation of the merger although the EBRD representative was present.</p>
<p>Shadinov was quoted as saying that the agreement between the LPA and the EBRD has to be changed as one of the parties had violated it.</p>
<p>An Unibanka general meeting on April 21 is scheduled to discuss the merger and the LPA can influence its decision due to its 33 percent stake.</p>
<p>LPA has not yet been acquainted with the reasons behind the cancellation decision, Shadinov was quoted as saying.</p>
<p>-- Martinsh Gravitis, Riga Newsroom, 371 721 5240</p>
</text>
<copyright>(c) Reuters Limited 1997</copyright>
<metadata>
<codes class="bip:countries:1.0">
  <code code="LATV">
    <editdetail attribution="Reuters BIP Coding Group" action="confirmed" date="1997-03-27"/>
  </code>
</codes>
<codes class="bip:industries:1.0">
  <code code="I81402">
    <editdetail attribution="Reuters BIP Coding Group" action="confirmed" date="1997-03-27"/>
  </code>
  <code code="I81501">
    <editdetail attribution="Reuters BIP Coding Group" action="confirmed" date="1997-03-27"/>
  </code>
  <code code="I8150106">
    <editdetail attribution="Reuters BIP Coding Group" action="confirmed" date="1997-03-27"/>
  </code>
</codes>
<codes class="bip:topics:1.0">
  <code code="C18">
    <editdetail attribution="Reuters BIP Coding Group" action="confirmed" date="1997-03-27"/>
  </code>
  <code code="C181">
    <editdetail attribution="Reuters BIP Coding Group" action="confirmed" date="1997-03-27"/>
  </code>
  <code code="CCAT">
    <editdetail attribution="Reuters BIP Coding Group" action="confirmed" date="1997-03-27"/>
  </code>
</codes>
<dc element="dc.date.created" value="1997-03-27"/>
<dc element="dc.publisher" value="Reuters Holdings Plc"/>
<dc element="dc.date.published" value="1997-03-27"/>
<dc element="dc.source" value="Reuters"/>
<dc element="dc.creator.location" value="RIGA"/>
<dc element="dc.creator.location.country.name" value="LATVIA"/>
<dc element="dc.source" value="Reuters"/>
</metadata>
</newsitem>
