<?xml version="1.0" encoding="iso-8859-1" ?>
<newsitem itemid="471426" id="root" date="1997-03-27" xml:lang="en">
<title>HUNGARY: HUNGARY: SHAREHOLDERS MEETING OF BSE-LISTED FIRMS.</title>
<headline>HUNGARY: SHAREHOLDERS MEETING OF BSE-LISTED FIRMS.</headline>
<dateline>BUDAPEST 1997-03-27</dateline>
<text>
<p>Following is a list of</p>
<p>upcoming annual shareholders' meeting of companies listed on</p>
<p>the Budapest Stock Exchange.</p>
<p>The table, based on the official financial gazette, Magyar</p>
<p>Tokepiac, will be updated as new official announcements are</p>
<p>published.</p>
<p>	   Date and place     Agenda	    Planned dividend</p>
<p>	   of gen.meeting   (other than</p>
<p>	     (if no quorum)     usual)</p>
<p> Eravis    April 10.,1000 *1997 business plan     n.a.</p>
<p>(April 17.,1000)</p>
<p>	     Budapest</p>
<p> Bonbon    April 11.,1000 *1997 business plan     n.a.</p>
<p>Budapest</p>
<p>Csemege-Julius Meinl</p>
<p> April 17.,1000				 n.a.</p>
<p>	     Budapest</p>
<p> Human     April 18.,1000 *1997 business plan    20 pct of the</p>
<p> (April 18.,1100) *medium-term plan     profit</p>
<p>	     Godollo</p>
<p> Primagaz  April 18.,1300 *1997 business plan    17.5 pct</p>
<p> Aranypok  April 23.,0930 *1997 business plan    n.a.</p>
<p>	    (April 23.,1030)</p>
<p>	     Budapest</p>
<p> Dunah.    April 23.,1500 *1997 business plan     7 pct</p>
<p>Budapest </p>
<p> Horizon   April 23.,1500 *1997 business plan     0 pct</p>
<p>						  as it had loss</p>
<p> Kekkuti   April 24.,0930 *Swap of series &quot;B&quot;    n.a.</p>
<p>(April 24.,1130) shares to series &quot;A&quot;</p>
<p>	     Szentbekalla</p>
<p> Inter-Europa Bank	  *Capital increases     12.5 pct</p>
<p>April 24.,1000</p>
<p>	    (April 24.,1030)</p>
<p> GarAgent  April 24.,1100				n.a.</p>
<p>(April 24.,1200)</p>
<p>Hungagent April 24.,1100 *1997 business plan</p>
<p>(April 24.,1130)*private cap.increase</p>
<p> Martfu    April 24.,1000 *Approval of merger    15 pct</p>
<p> Martfu	   into Soproni </p>
<p>				  *1997 business plan</p>
<p> BorsodchemApril 25.,1000 *1997 business plan    n.a.</p>
<p>(April 30.,1000)</p>
<p>	     Budapest</p>
<p>Pannon-Flax April 25.,1000 *1997 business plan  5 pct</p>
<p>April 25.,1100)</p>
<p> Soproni   April 25.,1000 *Approval the merge of  15 pct on</p>
<p> Sopron	    Martfu into    ord. shares</p>
<p>				   Soproni		    16 pct on</p>
<p>				  *1997 business plan     pref. shrs</p>
<p> Cofinec   April 25.,1100 </p>
<p>Paris</p>
<p> Global    April 25.,1200 *delisting the shares</p>
<p>(April 25.,1400)*private cap.increase</p>
<p> Globus    April 25.,1000 *1997 business plan</p>
<p>(April 25.,1100)</p>
<p>Graboplast April 25.,1300) *1997 business plan</p>
<p>(April 25.,1400) *1997 Q1 results</p>
<p>	     Gyor		 *Decisison to swap of</p>
<p>				     series &quot;B&quot; pref.</p>
<p>				     shares into series &quot;A&quot;</p>
<p>				     ordinary shares</p>
<p> Csopak    April 26.,1100 *1997 business plan    10 pct</p>
<p>(May 3.,1100)  *Merge of Forum Rt,</p>
<p>				   Pannoncoop Rt, Veszpa</p>
<p>				   Rt and Chance-96 into</p>
<p>				   Csopak</p>
<p>				  *Private capital increase</p>
<p>Zalakeramia April 28.,0800*1997 business plan</p>
<p>(April 28.,0900)*Share option program for</p>
<p>		Budapest	  board members in Zalakeramia's</p>
<p>				    units</p>
<p>Agrimpex April 28.,1000  *1997 business plan</p>
<p>Budapest</p>
<p>-- Budapest newsroom +36 1 327-4040</p>
</text>
<copyright>(c) Reuters Limited 1997</copyright>
<metadata>
<codes class="bip:countries:1.0">
  <code code="HUNG">
    <editdetail attribution="Reuters BIP Coding Group" action="confirmed" date="1997-03-27"/>
  </code>
</codes>
<codes class="bip:industries:1.0">
  <code code="I16200">
    <editdetail attribution="Reuters BIP Coding Group" action="confirmed" date="1997-03-27"/>
  </code>
  <code code="I24800">
    <editdetail attribution="Reuters BIP Coding Group" action="confirmed" date="1997-03-27"/>
  </code>
  <code code="I25000">
    <editdetail attribution="Reuters BIP Coding Group" action="confirmed" date="1997-03-27"/>
  </code>
  <code code="I25700">
    <editdetail attribution="Reuters BIP Coding Group" action="confirmed" date="1997-03-27"/>
  </code>
  <code code="I41000">
    <editdetail attribution="Reuters BIP Coding Group" action="confirmed" date="1997-03-27"/>
  </code>
  <code code="I41400">
    <editdetail attribution="Reuters BIP Coding Group" action="confirmed" date="1997-03-27"/>
  </code>
  <code code="I42700">
    <editdetail attribution="Reuters BIP Coding Group" action="confirmed" date="1997-03-27"/>
  </code>
  <code code="I42800">
    <editdetail attribution="Reuters BIP Coding Group" action="confirmed" date="1997-03-27"/>
  </code>
  <code code="I43000">
    <editdetail attribution="Reuters BIP Coding Group" action="confirmed" date="1997-03-27"/>
  </code>
  <code code="I47200">
    <editdetail attribution="Reuters BIP Coding Group" action="confirmed" date="1997-03-27"/>
  </code>
  <code code="I48300">
    <editdetail attribution="Reuters BIP Coding Group" action="confirmed" date="1997-03-27"/>
  </code>
  <code code="I61000">
    <editdetail attribution="Reuters BIP Coding Group" action="confirmed" date="1997-03-27"/>
  </code>
  <code code="I63000">
    <editdetail attribution="Reuters BIP Coding Group" action="confirmed" date="1997-03-27"/>
  </code>
  <code code="I64100">
    <editdetail attribution="Reuters BIP Coding Group" action="confirmed" date="1997-03-27"/>
  </code>
  <code code="I66500">
    <editdetail attribution="Reuters BIP Coding Group" action="confirmed" date="1997-03-27"/>
  </code>
  <code code="I67000">
    <editdetail attribution="Reuters BIP Coding Group" action="confirmed" date="1997-03-27"/>
  </code>
  <code code="I81402">
    <editdetail attribution="Reuters BIP Coding Group" action="confirmed" date="1997-03-27"/>
  </code>
  <code code="I83960">
    <editdetail attribution="Reuters BIP Coding Group" action="confirmed" date="1997-03-27"/>
  </code>
</codes>
<codes class="bip:topics:1.0">
  <code code="CCAT">
    <editdetail attribution="Reuters BIP Coding Group" action="confirmed" date="1997-03-27"/>
  </code>
</codes>
<dc element="dc.date.created" value="1997-03-27"/>
<dc element="dc.publisher" value="Reuters Holdings Plc"/>
<dc element="dc.date.published" value="1997-03-27"/>
<dc element="dc.source" value="Reuters"/>
<dc element="dc.creator.location" value="BUDAPEST"/>
<dc element="dc.creator.location.country.name" value="HUNGARY"/>
<dc element="dc.source" value="Reuters"/>
</metadata>
</newsitem>
