<?xml version="1.0" encoding="iso-8859-1" ?>
<newsitem itemid="471431" id="root" date="1997-03-27" xml:lang="en">
<title>BELGIUM: FULL TEXT OF GIB 1996/97 RESULTS.</title>
<headline>FULL TEXT OF GIB 1996/97 RESULTS.</headline>
<dateline>BRUSSELS 1997-03-27</dateline>
<text>
<p>Following is the full text of the news release announcing GIB Group's 1996/1997 results. GIB GROUP REPORTS 8,9 % RISE IN GROUP SHARE OF OPERATING PROFIT</p>
<p>GIB GROUP has released preliminary details of consolidated earnings for the financial year ended on 31st January 1997. The final audited accounts and proposed dividend will be submitted to the meeting of the Board of Directors of 7th May 1997 and will be the subject of a later press release.</p>
<p>PRELIMINARY CONSOLIDATED RESULTS:</p>
<p>(KEY FIGURES TABLE OMITTED</p>
<p>GIB GROUP reported non-like-for-like consolidated turnover of BEF 216 557 million in 1996 (Fnac was sold in August 1996 and Handy Andy in October 1995), compared with BEF 227 780 million in 1995. Like-for-like turnover rose by 1.8 %.</p>
<p>Group share of operating profit rose by 8.9 % compared with 1995, due to the strong improvement in operating profit reported by GB and Scotty's and despite the serious deterioration in profitability at Sarma and Quick.</p>
<p>Current profit rose by 13.6 % as a result of the fall in net financial costs.</p>
<p>The extraordinary result of BEF 836 million mainly comprises capital gains on the sale of the Group's Homebase and Fnac interests, a provision in respect of discontinuing Sarma's activities and restructuring costs.</p>
<p>Group share of cash flow from operating activities was BEF 8 326 million against BEF 7 547 million in 1995, a rise of 10.3 %.</p>
<p>Group share of net profit was BEF 3 385 million, compared with a loss of BEF 4 385 million in 1995.</p>
<p>SUPERMARKETS AND HYPERMARKETS (67 % of total Group sales)</p>
<p>Sales within this sector (Super GB, Maxi GB, Unic, Nopri, Bigg's Continent, Rob and Globi) rose by 0.8 %.</p>
<p>GB increased its sales by 2.2 % compared with 1995, to BEF 110 197 million. Sales of food products rose by 3.3 %, while sales of non-food products declined by 0.5 % in a market which continued to suffer from weak consumer demand. GB maintained its market share for the second year running through various marketing measures.</p>
<p>GB has achieved a 22 % improvement in productivity in its stores since 1994. The chain invested over BEF 1.9 billion in 1996, mainly in renovating and enlarging its stores.</p>
<p>In 1997, GB will continue improving its product line-up, strengthening its customer service and enhancing management and productivity in its distribution centres.</p>
<p>Bigg's Continent increased sales by over 10 % at the Waterloo store. A new store was opened in Kuringen in June 1996. The partnership with Promodes has allowed the introduction of products from the Continent own-label range into the line-up.</p>
<p>Sales by the franchise chains Unic and Nopri totalled BEF 65 508 million. This is a fall of 3.5 %, due primarily to the closure of smaller stores no longer compatible with the new positioning of these chains.</p>
<p>Measures have been taken to achieve progressive enhancements in buying and logistical synergies among the GB, Unic and Nopri chains. The particularly competitively-priced range of &quot;white label&quot; products has been introduced into the Unic and Nopri line-ups. A common fresh produce distribution system has been set up to serve the three chains.</p>
<p>The commercial agreement with Promodes continues to reinforce the competitiveness of all the chains in this sector.</p>
<p>In Poland, Globi increased its sales by 29 % despite the arrival on the market of competing chains. International Finance Corporation, a subsidiary of the World Bank, took a 35 % shareholding in Globi in July 1996. D.I.Y. (18 % of total Group sales)</p>
<p>European D.I.Y. sales rose by 0.7 % despite inclement weather conditions for the gardening segment in the first half of the year.</p>
<p>D.I.Y. sales in Belgium remained stable at BEF 16 087 million. Brico has continued modernising its stores, reducing prices and improving its customer service.</p>
<p>A second Briko Depot store was opened at Antwerp in February 1996. The trial programme for this chain continued with the opening of a third store in Haine-St-Pierre a few days ago.</p>
<p>Auto 5, the car accessories and spare parts chain, continued its healthy progress and demonstrated the soundness of its service-focused positioning. Sales rose by 3.4 % to BEF 2 799 million. The chain is continuing its store modernisation programme.</p>
<p>In France, Obi maintained its turnover at BEF 8 023 million.</p>
<p>On the Iberian peninsula, Aki sales rose by 7.6 % to BEF 3 152 million. The chain opened 2 new stores in 1996, bringing the total to 16. The Group plans to open 4 more stores in 1997.</p>
<p>In Florida, Scotty's reported an increase of 3.1 % in Dollar sales. Combined with careful cost control, this has enabled the chain to double its operating profit to USD 12.5 million. Several stores were modernised and 21 neighbourhood hardware stores were opened in 1996.</p>
<p>RESTAURANTS (9 % of total Group sales)</p>
<p>Sales by the Group's restaurant chains rose by 8.8 %.</p>
<p>Quick increased its sales by 10 % and opened 54 restaurants in 1996, 45 of which are in France, 6 in Belgium, 2 in The Netherlands and 1 in Luxembourg. The crisis of consumer confidence over beef and the sluggish economic climate depressed profitability, which fell by 48 % to BEF 312 million. However, it is worth noting that Quick's cash flow fell by only 4 %.</p>
<p>Several measures have been taken to stimulate sales in the Quick chain and to launch it back onto its growth course. New chicken-based products have been introduced, marketing actions and promotional offers have been reinforced and a cost-reduction programme has been started.</p>
<p>The Quick chain will open 30 restaurants in 1997, including a fourth restaurant in The Netherlands.</p>
<p>Lunch Garden sales rose by 2.5 %. All the Group's cafeterias have operated under the Lunch Garden logo since 1996.</p>
<p>SPECIALITY RETAILING (6 % of total Group sales)</p>
<p>Sales by chains in this sector (Inno, Club, Pearle Vision and Disport) increased by 3.2 % to BEF 12 354 million.</p>
<p>Inno sales rose by 0.5 % to BEF 8 427 million.</p>
<p>Club, Pearle Vision and Disport achieved combined sales of BEF 3 927 million and continue to perform well. Club recorded a sales rise of 8 %, Pearle Vision sales were 8.6 % higher and Disport sales advanced by 11.3 %. These chains plan to open a total of 9 stores in 1997.</p>
<p>Sarma recorded an operating loss of some BEF 400 million in 1996. Sarma's business was discontinued in January 1997, when the Group agreed to let a majority of its stores to the Dutch chain Hema.</p>
<p>INVESTMENTS AND PRIORITIES FOR 1997</p>
<p>GIB GROUP plans to invest a total of almost BEF 7 billion during 1997 in support of its strategic objectives. The priorities for the year are:</p>
<p>1. To reinforce the competitiveness of GB, Unic, Nopri and Bigg's Continent</p>
<p>2. To redefine the local neighbourhood store concept 3. To develop the commercial agreement with Promodes 4. To continue the expansion of European D.I.Y. operations 5. To continue the recovery at Scotty's 6. To enhance the competitiveness of Quick and continue its growth.</p>
<p>Release ends</p>
</text>
<copyright>(c) Reuters Limited 1997</copyright>
<metadata>
<codes class="bip:countries:1.0">
  <code code="BELG">
    <editdetail attribution="Reuters BIP Coding Group" action="confirmed" date="1997-03-27"/>
  </code>
</codes>
<codes class="bip:industries:1.0">
  <code code="I65600">
    <editdetail attribution="Reuters BIP Coding Group" action="confirmed" date="1997-03-27"/>
  </code>
  <code code="I6560002">
    <editdetail attribution="Reuters BIP Coding Group" action="confirmed" date="1997-03-27"/>
  </code>
</codes>
<codes class="bip:topics:1.0">
  <code code="C15">
    <editdetail attribution="Reuters BIP Coding Group" action="confirmed" date="1997-03-27"/>
  </code>
  <code code="C151">
    <editdetail attribution="Reuters BIP Coding Group" action="confirmed" date="1997-03-27"/>
  </code>
  <code code="C1511">
    <editdetail attribution="Reuters BIP Coding Group" action="confirmed" date="1997-03-27"/>
  </code>
  <code code="CCAT">
    <editdetail attribution="Reuters BIP Coding Group" action="confirmed" date="1997-03-27"/>
  </code>
</codes>
<dc element="dc.date.created" value="1997-03-27"/>
<dc element="dc.publisher" value="Reuters Holdings Plc"/>
<dc element="dc.date.published" value="1997-03-27"/>
<dc element="dc.source" value="Reuters"/>
<dc element="dc.creator.location" value="BRUSSELS"/>
<dc element="dc.creator.location.country.name" value="BELGIUM"/>
<dc element="dc.source" value="Reuters"/>
</metadata>
</newsitem>
