<?xml version="1.0" encoding="iso-8859-1" ?>
<newsitem itemid="471449" id="root" date="1997-03-27" xml:lang="en">
<title>UK: Brent, Urals slide, shrugging off Nigeria worry.</title>
<headline>Brent, Urals slide, shrugging off Nigeria worry.</headline>
<dateline>LONDON 1997-03-27</dateline>
<text>
<p>Physical Brent blend crude traded lower on Thursday afternoon, leading a downhill slide in values for most grades on a stubbornly oversupplied North Sea wet market, traders said.</p>
<p>Forties cargoes and paper markets also changed hands at weaker numbers, while Ekofisk was done at new lows achieved on Thursday.</p>
<p>Concern about disruption to Shell's Nigerian operations from political disturbances was overshadowed by the slew of first decade Brents available for sale.</p>
<p>&quot;It all looks very, very soft, a trader said.</p>
<p>&quot;Next week will be very bad indeed for Dated,&quot; he added.</p>
<p>Communal unrest in Nigeria cut daily crude output by 10 percent this week and threatens to disrupt exports, oil officials said. Shell said exports would be disrupted if the disturbances did not end soon.</p>
<p>A wet Brent loading April 3-5 sold for May Brent -88 cents, eight cents easier than a 2-4 loader sold in the morning. A third Brent was done a quotes-related basis.</p>
<p>Forties loading April 10-12 and 13-15 traded at Dated Brent -15 cents, some five cents weaker. Two further Forties loading around April 12 and April 21 were heard done at similar levels.</p>
<p>Ekofisks loading April 13-15 and April 17-19 changed hands at a three cent discount to Dated, six cents adrift from levels on Tuesday but level with Thursday values.</p>
<p>BP kept all eight cargoes nominated from the paper chains. All eyes were on then fate of five Brents sold by BP on Tuesday and rumoured to be heading either to South Africa or the U.S. Gulf.</p>
<p>A trade of Statfjord was done at the steady level of Dated Brent +7 cents.</p>
<p>Next week's CFD values slipped around 20 cents to May -80/-70 cents.</p>
</text>
<copyright>(c) Reuters Limited 1997</copyright>
<metadata>
<codes class="bip:countries:1.0">
  <code code="UK">
    <editdetail attribution="Reuters BIP Coding Group" action="confirmed" date="1997-03-27"/>
  </code>
</codes>
<codes class="bip:topics:1.0">
  <code code="M14">
    <editdetail attribution="Reuters BIP Coding Group" action="confirmed" date="1997-03-27"/>
  </code>
  <code code="M143">
    <editdetail attribution="Reuters BIP Coding Group" action="confirmed" date="1997-03-27"/>
  </code>
  <code code="MCAT">
    <editdetail attribution="Reuters BIP Coding Group" action="confirmed" date="1997-03-27"/>
  </code>
</codes>
<dc element="dc.date.created" value="1997-03-27"/>
<dc element="dc.publisher" value="Reuters Holdings Plc"/>
<dc element="dc.date.published" value="1997-03-27"/>
<dc element="dc.source" value="Reuters"/>
<dc element="dc.creator.location" value="LONDON"/>
<dc element="dc.creator.location.country.name" value="UK"/>
<dc element="dc.source" value="Reuters"/>
</metadata>
</newsitem>
