<?xml version="1.0" encoding="iso-8859-1" ?>
<newsitem itemid="471453" id="root" date="1997-03-27" xml:lang="en">
<title>UK: NWE high sulphur barges off on energetic selling.</title>
<headline>NWE high sulphur barges off on energetic selling.</headline>
<dateline>LONDON 1997-03-27</dateline>
<text>
<p>NWE high sulphur barges slipped on Thursday as one player sold energetically but other fuel oil markets were lacklustre ahead of Easter, traders said.</p>
<p>After Wednesday's jump to $89 fob ARA, trading began on Thursday at $88. Large volumes were later sold at $86 fob by one trader who continued to offer material in the afternoon at $86.50 fob.</p>
<p>There was little bunker interest, with most needs for the long Easter weekend already met. Barge swaps were off a dollar at $86/$87 for April.</p>
<p>High and low sulphur cargo markets were in the doldrums as traders left their offices early for the Easter break.</p>
<p>&quot;Prices were stable because no-one was moving them one way or another,&quot; said one trader. - London newsroom +44 171 542 8060</p>
</text>
<copyright>(c) Reuters Limited 1997</copyright>
<metadata>
<codes class="bip:countries:1.0">
  <code code="UK">
    <editdetail attribution="Reuters BIP Coding Group" action="confirmed" date="1997-03-27"/>
  </code>
</codes>
<codes class="bip:topics:1.0">
  <code code="M14">
    <editdetail attribution="Reuters BIP Coding Group" action="confirmed" date="1997-03-27"/>
  </code>
  <code code="M143">
    <editdetail attribution="Reuters BIP Coding Group" action="confirmed" date="1997-03-27"/>
  </code>
  <code code="MCAT">
    <editdetail attribution="Reuters BIP Coding Group" action="confirmed" date="1997-03-27"/>
  </code>
</codes>
<dc element="dc.date.created" value="1997-03-27"/>
<dc element="dc.publisher" value="Reuters Holdings Plc"/>
<dc element="dc.date.published" value="1997-03-27"/>
<dc element="dc.source" value="Reuters"/>
<dc element="dc.creator.location" value="LONDON"/>
<dc element="dc.creator.location.country.name" value="UK"/>
<dc element="dc.source" value="Reuters"/>
</metadata>
</newsitem>
