<?xml version="1.0" encoding="iso-8859-1" ?>
<newsitem itemid="471488" id="root" date="1997-03-27" xml:lang="en">
<title>UK: Iraq opposition group slams Iraq-Russia oil deal.</title>
<headline>Iraq opposition group slams Iraq-Russia oil deal.</headline>
<dateline>LONDON 1997-03-27</dateline>
<text>
<p>An Iraqi opposition group on Thursday condemned a major oil deal between Iraq and Russia and said a future democratic Iraq would not honour agreements made between foreign oil companies and President Saddam Hussein.</p>
<p>&quot;Deals with Saddam are morally indefensible and fiscally unwise,&quot; said an Iraqi National Congress (INC) statement quoting an INC letter to Russian Foreign Minister Yevgeny Primakov.</p>
<p>Russia and Iraq signed last Friday a 23-year agreement worth $3.5 billion to develop seven billion to eight billion barrels of reserves in southern Iraq's west Qurnah oilfield once sanctions imposed by the United Nations after Iraq's invation of Kuwait are lifted.</p>
<p>Iraqi officials have said the deal would give Baghdad $70 billion in revenue -- more than enough for Baghdad to repay Moscow $7 billion in Soviet-era debt.</p>
<p>The INC said such agreements would only prolong Saddam in power because he would use the &quot;greed of certain companies&quot; as a lever to break out of the international isolation imposed during the 1990-91 Gulf crisis.</p>
<p>&quot;The INC considers these agreements a tacit acceptance of Saddam's outlaw regime,&quot; the statement from the London office of the INC said.</p>
<p>&quot;Saddam's regime will fall, sooner rather than later. Those companies and entities which are judged by a democratic government to have prolonged his dictatorship will have no place in Iraq's development.&quot;</p>
</text>
<copyright>(c) Reuters Limited 1997</copyright>
<metadata>
<codes class="bip:countries:1.0">
  <code code="IRAQ">
    <editdetail attribution="Reuters BIP Coding Group" action="confirmed" date="1997-03-27"/>
  </code>
  <code code="RUSS">
    <editdetail attribution="Reuters BIP Coding Group" action="confirmed" date="1997-03-27"/>
  </code>
  <code code="UK">
    <editdetail attribution="Reuters BIP Coding Group" action="confirmed" date="1997-03-27"/>
  </code>
</codes>
<codes class="bip:topics:1.0">
  <code code="E51">
    <editdetail attribution="Reuters BIP Coding Group" action="confirmed" date="1997-03-27"/>
  </code>
  <code code="E512">
    <editdetail attribution="Reuters BIP Coding Group" action="confirmed" date="1997-03-27"/>
  </code>
  <code code="ECAT">
    <editdetail attribution="Reuters BIP Coding Group" action="confirmed" date="1997-03-27"/>
  </code>
  <code code="GCAT">
    <editdetail attribution="Reuters BIP Coding Group" action="confirmed" date="1997-03-27"/>
  </code>
  <code code="GDIP">
    <editdetail attribution="Reuters BIP Coding Group" action="confirmed" date="1997-03-27"/>
  </code>
</codes>
<dc element="dc.date.created" value="1997-03-27"/>
<dc element="dc.publisher" value="Reuters Holdings Plc"/>
<dc element="dc.date.published" value="1997-03-27"/>
<dc element="dc.source" value="Reuters"/>
<dc element="dc.creator.location" value="LONDON"/>
<dc element="dc.creator.location.country.name" value="UK"/>
<dc element="dc.source" value="Reuters"/>
</metadata>
</newsitem>
