<?xml version="1.0" encoding="iso-8859-1" ?>
<newsitem itemid="471459" id="root" date="1997-03-27" xml:lang="en">
<title>UK: UK Labour has 24 point poll lead.</title>
<headline>UK Labour has 24 point poll lead.</headline>
<dateline>LONDON 1997-03-27</dateline>
<text>
<p>Britain's main opposition Labour Party has a 24-point lead over the ruling Conservatives ahead of the May 1 general election, according to an opinion poll released on Thursday.</p>
<p>The Harris poll for The Independent newspaper showed the Conservatives had 30 percent, up by one point from last week, while Labour was on 54 percent, down two points.</p>
<p>The minority Liberal Democrats were on 11 percent, a rise of one point from last week.</p>
<p>The poll is the latest national survey since Prime Minister John Major announced on March 17 that he would hold the election on May 1.</p>
<p>A MORI poll for The Times on Wednesday gave Labour a 21 point lead, while a Gallup survey for the Sunday Telegraph last weekend put Labour 25.5 points ahead.</p>
<p>In its survey for Friday's Independent, Harris interviewed 1,096 adults face-to-face in their homes between March 20-24.</p>
</text>
<copyright>(c) Reuters Limited 1997</copyright>
<metadata>
<codes class="bip:countries:1.0">
  <code code="UK">
    <editdetail attribution="Reuters BIP Coding Group" action="confirmed" date="1997-03-27"/>
  </code>
</codes>
<codes class="bip:topics:1.0">
  <code code="GCAT">
    <editdetail attribution="Reuters BIP Coding Group" action="confirmed" date="1997-03-27"/>
  </code>
  <code code="GPOL">
    <editdetail attribution="Reuters BIP Coding Group" action="confirmed" date="1997-03-27"/>
  </code>
  <code code="GVOTE">
    <editdetail attribution="Reuters BIP Coding Group" action="confirmed" date="1997-03-27"/>
  </code>
</codes>
<dc element="dc.date.created" value="1997-03-27"/>
<dc element="dc.publisher" value="Reuters Holdings Plc"/>
<dc element="dc.date.published" value="1997-03-27"/>
<dc element="dc.source" value="Reuters"/>
<dc element="dc.creator.location" value="LONDON"/>
<dc element="dc.creator.location.country.name" value="UK"/>
<dc element="dc.source" value="Reuters"/>
</metadata>
</newsitem>
