<?xml version="1.0" encoding="iso-8859-1" ?>
<newsitem itemid="471441" id="root" date="1997-03-27" xml:lang="en">
<title>UK: Wounded man arrested after Northern Ireland blast.</title>
<headline>Wounded man arrested after Northern Ireland blast.</headline>
<byline>Martin Cowley</byline>
<dateline>BELFAST 1997-03-27</dateline>
<text>
<p>A 19-year-old man who was shot and seriously wounded after a suspected bomb attack on a police station in rural Northern Ireland was under arrest in his hospital bed on Thursday, a police source said.</p>
<p>&quot;A person has been arrested. He is under armed guard,&quot; the source said.</p>
<p>The man was shot in the stomach at Coalisland, County Tyrone, in what appeared to have been an undercover operation mounted by British troops.</p>
<p>The shooting happened around the time of an explosion which local people had said they thought had been caused by a &quot;stun grenade&quot; being fired by security forces.</p>
<p>But police sources said a hole had been found in the perimeter fence at the town's Royal Ulster Constabulary station and it was probably caused by &quot;an explosive device containing at least one kilo of high explosives.&quot;</p>
<p>The wounded man underwent emergency surgery for a stomach wound, said Robert Sowney, a spokesman for South Tyrone Hospital. &quot;His condition is ill but stable,&quot; he told Reuters.</p>
<p>Two people arrested in a follow-up operation were still being questioned on Thursday afternoon, according to security sources.</p>
<p>Several homes were evacuated in a housing estate behind the police station and a British army bomb disposal officer had been called to the scene in the early hours of the morning.</p>
<p>The incidents coincided with heightened tension in the province where Irish Republican Army (IRA) guerrillas have launched a series of attacks on British security forces and a truce by pro-British Loyalist extremists is fragile.</p>
<p>The IRA, which is fighting to end British rule, is suspected of carrying out two bomb attacks that disrupted rail services in northwestern England on Thursday.</p>
<p>Despite the bombs, Irish security sources do not rule out a fresh IRA truce, an Irish newspaper said Thursday.</p>
<p>&quot;Security sources hopeful of new IRA ceasefire,&quot; the Irish Times newspaper said above a front-page article.</p>
<p>The paper said political activists had regained lost ground within the so-called Republican Movement, which embraces the IRA and its Sinn Fein political arm, and that guerrillas might move to get Sinn Fein into talks with Britain.</p>
<p>Britain says the IRA must abandon violence for Sinn Fein to gain entry to talks.</p>
</text>
<copyright>(c) Reuters Limited 1997</copyright>
<metadata>
<codes class="bip:countries:1.0">
  <code code="UK">
    <editdetail attribution="Reuters BIP Coding Group" action="confirmed" date="1997-03-27"/>
  </code>
</codes>
<codes class="bip:topics:1.0">
  <code code="GCAT">
    <editdetail attribution="Reuters BIP Coding Group" action="confirmed" date="1997-03-27"/>
  </code>
  <code code="GVIO">
    <editdetail attribution="Reuters BIP Coding Group" action="confirmed" date="1997-03-27"/>
  </code>
</codes>
<dc element="dc.date.created" value="1997-03-27"/>
<dc element="dc.publisher" value="Reuters Holdings Plc"/>
<dc element="dc.date.published" value="1997-03-27"/>
<dc element="dc.source" value="Reuters"/>
<dc element="dc.creator.location" value="BELFAST"/>
<dc element="dc.creator.location.country.name" value="UK"/>
<dc element="dc.source" value="Reuters"/>
</metadata>
</newsitem>
