<?xml version="1.0" encoding="iso-8859-1" ?>
<newsitem itemid="471475" id="root" date="1997-03-27" xml:lang="en">
<title>UK: LIFFE cocoa falls prey to New York in dull trade.</title>
<headline>LIFFE cocoa falls prey to New York in dull trade.</headline>
<dateline>LONDON 1997-03-27</dateline>
<text>
<p>LIFFE cocoa futures fell prey to weaker New York values on Thursday in an otherwise featureless pre-Easter market.</p>
<p>A slide in New York prompted arbitrage selling but volume was a meagre 4,871 lots and business consisted of book squaring and some trade long liquidation ahead of the long weekend.</p>
<p>LIFFE will be closed Good Friday and Easter Monday. Trading will resume on Tuesday.</p>
<p>Thursday's session got off to a slow start with prices edging a touch lower at midday, but received a hammering from New York in the afternoon, dashing hopes again for an assault on resistance seen initially around 1,035-40 basis May.</p>
<p>The benchmark May contract shed 13 stg to close at 1,017 stg per tonne. Its intra-day low was 1,012 stg.</p>
<p>&quot;There was a bit of selling from Fimat, arbitrage I guess,&quot; said one trader.</p>
<p>Mees Pierson had sold about 100 lots of May earlier in the session, E.D.&amp; F. Man had sold September and bought July while other sellers on the board included MHF Futures and Cargill, he said.</p>
<p>The latest weekly data on Ghana cocoa purchases went largely ignored as the West African main crop tapers off.</p>
<p>&quot;The crop is finished. Nobody's interested,&quot; said the trader.</p>
<p>The Ghana Cocoa Board said 1,893 tonnes were purchased in the 21st week of the 1996/97 season ending March 6 with the cumulative reaching 296,109. This compares with 336,609 tonnes by March 7 last year.</p>
<p>While the main crop was largely discounted, prospects for the midcrops also improved with analysts in Ivory Coast now looking at a total of 150,000 tonnes or more after a week of prolonged thundershowers in cocoa areas, although more rain is needed in April.</p>
<p>&quot;This should in turn enable a full year outcome of around 1.1 million tonnes to be achieved,&quot; said brokers GNI in a daily commentary.</p>
<p>But bulls have not given up just yet.</p>
<p>Sentiment may be given a fresh boost if first quarter cocoa grind figures due out in the first half of April come in line with expectations for a steady growth in consumption.</p>
<p>Traders are also closely monitoring the movements of Phibro, a major trade house believed to hold large physical stocks, for signs of a seasonal supply squeeze.</p>
<p>A key technical support level to watch is the chart gap between 989 and 982 stg. Failure to maintain this level may extend losses to 950.</p>
<p>-- Clelia Oziel, London Newsroom +44-171-542 8072</p>
</text>
<copyright>(c) Reuters Limited 1997</copyright>
<metadata>
<codes class="bip:countries:1.0">
  <code code="UK">
    <editdetail attribution="Reuters BIP Coding Group" action="confirmed" date="1997-03-27"/>
  </code>
</codes>
<codes class="bip:topics:1.0">
  <code code="M14">
    <editdetail attribution="Reuters BIP Coding Group" action="confirmed" date="1997-03-27"/>
  </code>
  <code code="M141">
    <editdetail attribution="Reuters BIP Coding Group" action="confirmed" date="1997-03-27"/>
  </code>
  <code code="MCAT">
    <editdetail attribution="Reuters BIP Coding Group" action="confirmed" date="1997-03-27"/>
  </code>
</codes>
<dc element="dc.date.created" value="1997-03-27"/>
<dc element="dc.publisher" value="Reuters Holdings Plc"/>
<dc element="dc.date.published" value="1997-03-27"/>
<dc element="dc.source" value="Reuters"/>
<dc element="dc.creator.location" value="LONDON"/>
<dc element="dc.creator.location.country.name" value="UK"/>
<dc element="dc.source" value="Reuters"/>
</metadata>
</newsitem>
