<?xml version="1.0" encoding="iso-8859-1" ?>
<newsitem itemid="471446" id="root" date="1997-03-27" xml:lang="en">
<title>UK: IPE Brent rallies nine cts on pre-holiday buying.</title>
<headline>IPE Brent rallies nine cts on pre-holiday buying.</headline>
<dateline>LONDON 1997-03-27</dateline>
<text>
<p>IPE Brent crude futures closed nine cents firmer on Thursday on a surge of short-covering ahead of the Easter weekend, brokers said.</p>
<p>May IPE Brent settled at $19.38 a barrel, seven cents off the high, after recovering from weakness seen around the NYMEX opening as traders squared positions before the long weekend.</p>
<p>&quot;A lot of people didn't want to go home short. There was very good buying towards the close and this managed to edge out the sellers. It was a bit of a battle,&quot; a broker said.</p>
<p>The strenght of London buying helped narrow the Brent/WTI spread to around $1.25 from $1.45 earlier in the day, they said.</p>
<p>Brokers put May resistance at $19.50 and $19.61, with support at around Thursday's low of $19.20 and then at $18.83.</p>
<p>Uncertainty about Nigerian political unrest also helped the IPE contract to resist earlier NYMEX-inspired downward pressure.</p>
<p>A senior official at Nigeria National Petroleum Corp said that Shell could declare force majeure on early April cargoes if the unrest continued.</p>
<p>IPE gas oil futures closed down $5.75 on Thursday on technically-inspired selling. April settled at $166.75 after hitting a high in the morning of $169.75.</p>
<p>April heating oil was 0.37 cent stronger at 55.80 cents a gallon. Gasoline was 0.27 cent adrift at 64.55 cents a gallon.</p>
<p>-- William Maclean London newsroom +44 171 542 7646</p>
</text>
<copyright>(c) Reuters Limited 1997</copyright>
<metadata>
<codes class="bip:countries:1.0">
  <code code="UK">
    <editdetail attribution="Reuters BIP Coding Group" action="confirmed" date="1997-03-27"/>
  </code>
</codes>
<codes class="bip:topics:1.0">
  <code code="M14">
    <editdetail attribution="Reuters BIP Coding Group" action="confirmed" date="1997-03-27"/>
  </code>
  <code code="M143">
    <editdetail attribution="Reuters BIP Coding Group" action="confirmed" date="1997-03-27"/>
  </code>
  <code code="MCAT">
    <editdetail attribution="Reuters BIP Coding Group" action="confirmed" date="1997-03-27"/>
  </code>
</codes>
<dc element="dc.date.created" value="1997-03-27"/>
<dc element="dc.publisher" value="Reuters Holdings Plc"/>
<dc element="dc.date.published" value="1997-03-27"/>
<dc element="dc.source" value="Reuters"/>
<dc element="dc.creator.location" value="LONDON"/>
<dc element="dc.creator.location.country.name" value="UK"/>
<dc element="dc.source" value="Reuters"/>
</metadata>
</newsitem>
