<?xml version="1.0" encoding="iso-8859-1" ?>
<newsitem itemid="471480" id="root" date="1997-03-27" xml:lang="en">
<title>UK: Mideast VLCCs steady ahead of Easter.</title>
<headline>Mideast VLCCs steady ahead of Easter.</headline>
<dateline>LONDON 1997-03-27</dateline>
<text>
<p>Middle East very large crude carrier (VLCC) rates were steady on Thursday after a rush of fixtures earlier in the week before the long Easter weekend, brokers said.</p>
<p>Galbraith's Ltd said in their weekly tanker report, &quot;Volume of tonnage showing as available in the second half of April would suggest that unless there is a spectacular amount of fixing next week, rates may ease a little further.&quot;</p>
<p>Rates for modern VLCCs on Mideast/east voyages were around W62.5/65, and W52.5 to the U.S. Gulf.</p>
<p>Galbraith's noted that West Africa/U.S. Gulf rates have slipped to W70, &quot;although though even at this level owners are making very much greater returns than they could achieve by ballasting back to the Arabian (Middle East) Gulf.&quot;</p>
<p>The Mediterranean market was quiet after the 80,000 tonne sector firmed to W145 earlier in the week. &quot;Some owners feel that as there is a stoppage for Easter they may have to go for below W130 to get business,&quot; an Italian broker said.</p>
<p>Inter-U.K./Cont 80,000 tonners slipped to W135 from W140 but remain some 20 points above early March levels due to a dearth of quality tonnage for early dates, brokers said.</p>
<p>Fuel oil in UKC and the Med was steady and quiet, with 25,000 tonne cargoes at about W200 and W210 respectively.</p>
<p>Caribs/upcoast 70,000 tonners remained extremely firm at W240, more than 100 points above the February average of W131.6, according to New York-based Rigos Chartering Inc. Opinions were divided whether the spectacular strength in this traditionally volatile sector will last.</p>
<p>&quot;For the owner, the outlook is still good with little tonnage available in the first half of April and almost non-existent prior to the 11th.</p>
<p>&quot;Despite the impression that this is just another Caribbean blip, and that it will tumble as quickly as it rose, it has lasted longer than normal, and looks set to continue for the next few weeks,&quot; said Galbraith's.</p>
<p>But a New York broker disagreed. &quot;It depends on the weather and what happens on the Mississippi  where traffic has been slowed by a capsized barge, but I think rates will start to soften,&quot; he said. -- Michael Rank, London newsroom +44 171 542 4088</p>
</text>
<copyright>(c) Reuters Limited 1997</copyright>
<metadata>
<codes class="bip:countries:1.0">
  <code code="UK">
    <editdetail attribution="Reuters BIP Coding Group" action="confirmed" date="1997-03-27"/>
  </code>
</codes>
<codes class="bip:topics:1.0">
  <code code="M14">
    <editdetail attribution="Reuters BIP Coding Group" action="confirmed" date="1997-03-27"/>
  </code>
  <code code="MCAT">
    <editdetail attribution="Reuters BIP Coding Group" action="confirmed" date="1997-03-27"/>
  </code>
</codes>
<dc element="dc.date.created" value="1997-03-27"/>
<dc element="dc.publisher" value="Reuters Holdings Plc"/>
<dc element="dc.date.published" value="1997-03-27"/>
<dc element="dc.source" value="Reuters"/>
<dc element="dc.creator.location" value="LONDON"/>
<dc element="dc.creator.location.country.name" value="UK"/>
<dc element="dc.source" value="Reuters"/>
</metadata>
</newsitem>
