<?xml version="1.0" encoding="iso-8859-1" ?>
<newsitem itemid="471471" id="root" date="1997-03-27" xml:lang="en">
<title>UK: Tanker hits pier at Ventspils oil port.</title>
<headline>Tanker hits pier at Ventspils oil port.</headline>
<dateline>LONDON 1997-03-27</dateline>
<text>
<p>A crude oil tanker collided with a pier at the Baltic port of Ventspils, Lloyds Shiping Intelligence said on Thursday.</p>
<p>Oil exports are not thought to have been affected.</p>
<p>&quot;I've not heard anything, so it's probably not too important,&quot; a London representive of the port said.</p>
<p>The 111,777 dwt Progress hit the end of pier number one earlier today as it was entering the port, Lloyds said. The tanker was not thought to be carrying a cargo.</p>
<p>The pier's owners, Ventbunker, say the damage amounts to about $500,000, but there were no details of any damage to the Progress.</p>
<p>The vessel's operators could not be contacted.</p>
<p>-- London Newsroom +44 171 542 8980</p>
</text>
<copyright>(c) Reuters Limited 1997</copyright>
<metadata>
<codes class="bip:countries:1.0">
  <code code="UK">
    <editdetail attribution="Reuters BIP Coding Group" action="confirmed" date="1997-03-27"/>
  </code>
</codes>
<codes class="bip:industries:1.0">
  <code code="I74000">
    <editdetail attribution="Reuters BIP Coding Group" action="confirmed" date="1997-03-27"/>
  </code>
</codes>
<codes class="bip:topics:1.0">
  <code code="C24">
    <editdetail attribution="Reuters BIP Coding Group" action="confirmed" date="1997-03-27"/>
  </code>
  <code code="CCAT">
    <editdetail attribution="Reuters BIP Coding Group" action="confirmed" date="1997-03-27"/>
  </code>
  <code code="GCAT">
    <editdetail attribution="Reuters BIP Coding Group" action="confirmed" date="1997-03-27"/>
  </code>
  <code code="GDIS">
    <editdetail attribution="Reuters BIP Coding Group" action="confirmed" date="1997-03-27"/>
  </code>
</codes>
<dc element="dc.date.created" value="1997-03-27"/>
<dc element="dc.publisher" value="Reuters Holdings Plc"/>
<dc element="dc.date.published" value="1997-03-27"/>
<dc element="dc.source" value="Reuters"/>
<dc element="dc.creator.location" value="LONDON"/>
<dc element="dc.creator.location.country.name" value="UK"/>
<dc element="dc.source" value="Reuters"/>
</metadata>
</newsitem>
