<?xml version="1.0" encoding="iso-8859-1" ?>
<newsitem itemid="471450" id="root" date="1997-03-27" xml:lang="en">
<title>UK: Ex-UK to Africa air cargo mkt competitive but quie.</title>
<headline>Ex-UK to Africa air cargo mkt competitive but quie.</headline>
<byline>Humphrey Hudson</byline>
<dateline>LONDON 1997-03-27</dateline>
<text>
<p>Air cargo business from the UK to South Africa remains competitive amid few signs of rate changes by major carriers. It is also quieter than expected for the time of year, air cargo industry sources told Reuters.</p>
<p>Competition from British Airways World Cargo is still strong with one key direct carrier commenting: &quot;BA used to be very hot on yield management but now they are just cutting rates left and right to attract business&quot;.</p>
<p>South Africa and Kenya are two routes where BA did not increase rates on March 17, and a company spokesman this week refuted some market suggestions that it might after all be upping its published tariffs on these routes.</p>
<p>Earlier on Thursday Virgin Atlantic Cargo said that it will remove with effect from April 1 its five pence a kg cargo fuel surcharge to all destinations, which took effect last November.</p>
<p>This was the first carrier to do so after Delta Air Lines on March 13 and the market is now awaiting a similar move by leading European airlines.</p>
<p>Currency factors have contributed to the quieter South African market reflecting both the weaker rand and sterling's strength, but the latter's exact impact on UK exports is still not clear, the sources said.</p>
<p>But despite this competition there are some signs of rates to Johannesburg firmed marginally to 1.67 stg a kg from 1.63 stg, while to Nairobi they moved to 0.95 stg a kg from 0.94. To Libreville the rate was 2.36 stg a kg against 2.35 stg previously.</p>
<p>A South African Airways  SAA.CN cargo official said the airline is not planning any increase in ex-UK rates for the moment.</p>
<p>At the same time, BA's continuing discount policy was not having a major impact, as in his view, SAA:&quot;offers a superior service where price is not the only consideration.&quot;</p>
<p>SAA's direct passenger and full freighter flights between North America and South Africa have also hit BA's transhipment business via London, he added.</p>
<p>Martinair &quot;is seeing reasonable but not additional business and one has to be constructive on rates,&quot; said the carrier's UK cargo manager, Martin Crowe.</p>
<p>&quot;We're not the cheapest nor the most expensive. Our target rate is to be in the middle of the band,&quot; he added.</p>
<p>&quot;If service levels are reasonable, one will get market share ... and I'm not particularly concerned about BA,&quot; he added.</p>
<p>&quot;We are not selling the same product. We provide a main dedicated freighter service, while BA is mainly bellyhold. It just not the same traffic,&quot; Crowe noted and added that sales of ex-UK palletised cargo have risen.</p>
<p>David Hall of ANA Aviation Services which acts as GSA for Air Gabon continued to see &quot;very good&quot; business on its weekly London-Gatwick to Libreville and Johannesburg Boeing 747 combi-service.</p>
<p>&quot;We're carrying around 30 tonnes on each flight including five tonnes -- mainly oil industry equipment -- destined for Libreville.&quot;</p>
<p>ANA Aviation is also GSA for DAS Air Cargo and Hall that DAS is doing well on its outbound flights to Nairobi, Entebbe as well as Lagos: &quot;with a lot of personal effects being carried to the latter&quot;</p>
<p>Another indirect carrier to southern Africa, Air Mauritius said it is raising rates from April 1. This will see plus 45 kg moving to 1.75 stg a kg from the previous 1.65, with plus 300 kg at 1.70 stg (1.60 stg) and a tonne at 1.55 stg (1.45 stg).</p>
<p>The airline operates three Airbus A340 flights a week from the UK. There are Friday and Sunday flights fron Heathrow and a Monday service out of Manchester.&quot; - Reuters Air Cargo Newsroom Tel+44 171 542-7706 Fax+5017</p>
</text>
<copyright>(c) Reuters Limited 1997</copyright>
<metadata>
<codes class="bip:countries:1.0">
  <code code="UK">
    <editdetail attribution="Reuters BIP Coding Group" action="confirmed" date="1997-03-27"/>
  </code>
</codes>
<codes class="bip:industries:1.0">
  <code code="I75000">
    <editdetail attribution="Reuters BIP Coding Group" action="confirmed" date="1997-03-27"/>
  </code>
  <code code="I77002">
    <editdetail attribution="Reuters BIP Coding Group" action="confirmed" date="1997-03-27"/>
  </code>
</codes>
<codes class="bip:topics:1.0">
  <code code="C31">
    <editdetail attribution="Reuters BIP Coding Group" action="confirmed" date="1997-03-27"/>
  </code>
  <code code="CCAT">
    <editdetail attribution="Reuters BIP Coding Group" action="confirmed" date="1997-03-27"/>
  </code>
  <code code="M14">
    <editdetail attribution="Reuters BIP Coding Group" action="confirmed" date="1997-03-27"/>
  </code>
  <code code="MCAT">
    <editdetail attribution="Reuters BIP Coding Group" action="confirmed" date="1997-03-27"/>
  </code>
</codes>
<dc element="dc.date.created" value="1997-03-27"/>
<dc element="dc.publisher" value="Reuters Holdings Plc"/>
<dc element="dc.date.published" value="1997-03-27"/>
<dc element="dc.source" value="Reuters"/>
<dc element="dc.creator.location" value="LONDON"/>
<dc element="dc.creator.location.country.name" value="UK"/>
<dc element="dc.source" value="Reuters"/>
</metadata>
</newsitem>
