<?xml version="1.0" encoding="iso-8859-1" ?>
<newsitem itemid="471419" id="root" date="1997-03-27" xml:lang="en">
<title>LITHUANIA: C.BANK CHIEF SEES FEWER BANKS BY END OF 1997.</title>
<headline>C.BANK CHIEF SEES FEWER BANKS BY END OF 1997.</headline>
<dateline>VILNIUS 1997-03-27</dateline>
<text>
<p>The govenor of Lithuania's central bank, Reinoldijus Sharkinas, said on Thursday that he was sure there would be fewer banks operating in the country by the end of the year.</p>
<p>&quot;I am sure that we will finish 1997 with a lower number of banks,&quot; Sharkinas told a news conference.</p>
<p>&quot;I think that there will appear at least one or two European level banks which will be capable of competing with foreign banks,&quot; Sharkinas said.</p>
<p>Lithuania currently has 12 commercial banks, three of which are state-run.</p>
<p>The sector seems to have recovered from a crisis which broke in late 1995 with the surprise closure of two of the country's largest banks.</p>
<p>Most banks have reported higher profits for 1996 than for 1995.</p>
<p>Sharkinas said that there was a market for smaller banks but added that some of them would have to boost their share capital this year or merge with larger banks.</p>
<p>Sector analysts say that smaller banks will have difficulty scrambling to meet tighter central bank requirements.</p>
<p>--Andrius Vilkancas, Vilnius newsroom +370 2 22 35 17</p>
</text>
<copyright>(c) Reuters Limited 1997</copyright>
<metadata>
<codes class="bip:countries:1.0">
  <code code="LITH">
    <editdetail attribution="Reuters BIP Coding Group" action="confirmed" date="1997-03-27"/>
  </code>
</codes>
<codes class="bip:industries:1.0">
  <code code="I81402">
    <editdetail attribution="Reuters BIP Coding Group" action="confirmed" date="1997-03-27"/>
  </code>
</codes>
<codes class="bip:topics:1.0">
  <code code="C31">
    <editdetail attribution="Reuters BIP Coding Group" action="confirmed" date="1997-03-27"/>
  </code>
  <code code="CCAT">
    <editdetail attribution="Reuters BIP Coding Group" action="confirmed" date="1997-03-27"/>
  </code>
</codes>
<dc element="dc.date.created" value="1997-03-27"/>
<dc element="dc.publisher" value="Reuters Holdings Plc"/>
<dc element="dc.date.published" value="1997-03-27"/>
<dc element="dc.source" value="Reuters"/>
<dc element="dc.creator.location" value="VILNIUS"/>
<dc element="dc.creator.location.country.name" value="LITHUANIA"/>
<dc element="dc.source" value="Reuters"/>
</metadata>
</newsitem>
