<?xml version="1.0" encoding="iso-8859-1" ?>
<newsitem itemid="471440" id="root" date="1997-03-27" xml:lang="en">
<title>UK: FORECAST - Consensus of key economic indicators.</title>
<headline>FORECAST - Consensus of key economic indicators.</headline>
<text>
<p>GMT------------KEY INDICATOR-----------F/CAST-----RANGE--- PRVS</p>
<p> 2130  Thu   USA  M1	     17-Mar   N/F  BLN    N/A     N/A</p>
<p> 2130  Thu   USA  M2	     17-Mar   N/F  BLN    N/A     N/A</p>
<p> 2130  Thu   USA  M3	     17-Mar   N/F  BLN    N/A     N/A</p>
<p> 0030  Fri   JPN  JOB RATIO	 FEB   0.8	 0.8/0.8   0.8</p>
<p> 0030  Fri   JPN  UNEMPLOYMENT SA FEB   3.3  PCT  3.2/3.4   3.3</p>
<p> 0030  Fri   JPN  CONSUMER PRICE (FEB   FLAT PCT -0.1/0.2  -0.1</p>
<p> 0030  Fri   JPN  CPI (NAT'L) Y/Y FEB   0.7  PCT  0.5/0.8   0.6</p>
<p> 0030  Fri   JPN  CONSUMER PRI(TOKMAR   FLAT PCT -0.1/0.1  FLAT</p>
<p> 0030  Fri   JPN  CPI (TOKYO;Y/Y) MAR   0.2  PCT FLAT/0.8   0.1</p>
<p> 0430  Fri   JPN  INDUST PROD  PREFEB   -3.2 PCT -4.0/-2.0  5.6</p>
<p> 0430  Fri   JPN  INDUST PROD PRELFEB   3.8  PCT  3.0/5.0   8.9</p>
<p> 0745  Fri   FRA  INDUST PROD     JAN   0.4  PCT -0.4/1.0   0.6</p>
<p> 0745  Fri   FRA  INDUST PROD (Y/YJAN   1.9  PCT  0.4/2.6   2.0</p>
<p> 0745  Fri   FRA  UNEMPLOYMENT    FEB   12.7 PCT 12.7/12.8 12.7</p>
<p> 0745  Fri   FRA  UNEMPLOYMENT    FEB   10.0 K    5.0/30.0 18.1</p>
<p> 1330  Fri   USA  REAL GDP (FINAL)Q4    4.0  PCT  3.8/4.1   3.9</p>
<p> 1330  Fri   USA  PRICE INDEX     Q4    1.8  PCT    N/A     1.8</p>
<p> 1330  Fri   USA  IMPLICIT DEFLATOQ4    1.4  PCT    N/A     1.4</p>
<p> 1500  Fri   USA  NEW HOME SALES  FEB   811  K    770/860   870</p>
<p>* ECONOMIC INDICATORS WEEK COMMENCING MARCH 31</p>
<p> 0500  Mon   JPN  CONSTRUCTION ORDFEB   -15  PCT    N/A    -6.3</p>
<p> 0500  Mon   JPN  HOUSING STARTS  FEB   -2.6 PCT    N/A    -1.9</p>
<p> 1330  Mon   USA  PERSONAL INCOME FEB   N/F  PCT    N/A     0.3</p>
<p> 1330  Mon   USA  PERSONAL SPEND  FEB   N/F  PCT    N/A     0.7</p>
<p> 1400  Mon   USA  NEW YORK NAPM   MAR   N/F	   N/A    53.9</p>
<p> 1500  Mon   USA  CHICAGO  PMI    FEB   N/F	   N/A    56.2</p>
<p> 0730  Tue   JPN  FOREIGN RESERVESMAR   N/F  BLN    N/A     1.1</p>
<p> 0930  Tue   UK   PURCH MGR. INDEXMAR   N/F  PCT    N/A    53.5</p>
<p> 1315  Tue   CAN  INTERNATIONAL REMAR   N/F  BLN    N/A     3.2</p>
<p> 1500  Tue   USA  LEAD INDICATORS FEB   N/F  PCT    N/A     0.3</p>
<p> 1500  Tue   USA  CONSTRUC SPNDG  FEB   N/F  PCT    N/A     0.4</p>
<p> 1500  Tue   USA  NAPM		MAR   N/F	   N/A    53.1</p>
<p> N/A   Tu-Fr E.G. INDUST PROD (Y/YFEB   N/F  PCT    N/A     2.7</p>
<p> N/A   Tu-Fr GER. INDUST PROD     FEB   1.0  PCT  0.6/1.5  -1.7</p>
<p> N/A   Tu-Fr GER. INDUST PROD (Y/YFEB   6.2  PCT  5.9/6.6   1.8</p>
<p> N/A   Tu-Fr GER. CURRENT ACCOUNT JAN   -3.3 BLN -4.5/-2.7 -3.0</p>
<p> N/A   Tu-Fr GER. TRADE BALANCE (DJAN   7.2  BLN  5.9/9.0   7.2</p>
<p> N/A   Tu-Fr W.G. INDUST PROD (Y/YFEB   4.3  PCT    4.3     1.3</p>
<p> 0930  Wed   UK   M0 (PROV.) SA   MAR   0.3  PCT  0.2/0.5   0.2</p>
<p> 0930  Wed   UK   M0 (PROV;Y/Y) SAMAR   6.4  PCT  6.3/6.7   6.4</p>
<p> 0930  Wed   UK   M4 (FINAL) NSA  FEB   1.4  PCT    1.4     1.6</p>
<p> 0930  Wed   UK   M4 (FINAL)(Y/Y) FEB   11.3 PCT   11.3    11.3</p>
<p> 0930  Wed   UK   M4 LENDING (FINAFEB   8.4  BLN    8.4     8.2</p>
<p> 0930  Wed   UK   OFFICIAL RSRVS (MAR   FLAT MLN   FLAT   -99.0</p>
<p> 0930  Wed   UK   CONSUMER CREDIT FEB   825  MLN    N/A 853.0</p>
<p> 1500  Wed   USA  FACTORY ORDERS  FEB   N/F  PCT    N/A     2.5</p>
<p> 2350  Wed   JPN  TANKAN SURVEY   Q1    N/F	   N/A    -3.0</p>
<p> N/A   We-Fr E.G. MANU NEW ORDS Y/FEB   N/F  PCT    N/A    12.0</p>
<p> N/A   We-Fr GER. MANU NEW ORDERS FEB   0.6  PCT -0.5/+0.6  2.4</p>
<p> N/A   We-Fr GER. MANU NEW ORDS Y/FEB   6.3  PCT  5.2/7.4   4.3</p>
<p> N/A   We-Fr W.G. MANU NEW ORDS Y/FEB   6.1  PCT  5.9/6.3   3.9</p>
<p> 1130  Thu   UK   CBI SVY OF DISTRMAR   N/F	   N/A     N/A</p>
<p> 1330  Thu   CAN  HELP WANTED INDEMAR   N/F	   N/A    97.0</p>
<p> 1330  Thu   USA  JOBLESS CLAIMS  29-MarN/F  K	N/A     N/A</p>
<p> 0745  Fri   FRA  TRADE BAL. (FF.)JAN   10.4 BLN 10.0/10.8 11.3</p>
<p> 1200  Fri   CAN  EMPLOYMENT GROWTMAR   N/F  K	N/A   -18.7</p>
<p> 1200  Fri   CAN  UNEMPLOYMENT    MAR   N/F  PCT    N/A     9.7</p>
<p> 1200  Fri   CAN  LABOUR INCOME   JAN   N/F  PCT    N/A     0.3</p>
<p> 1330  Fri   USA  PAYROLL EMPLOY  MAR   N/F  K	N/A   339.0</p>
<p> 1330  Fri   USA  UNEMPLOYMENT. RAMAR   N/F  PCT    N/A     5.3</p>
<p> 1330  Fri   USA  AVERAGE HRLY EARMAR   N/F  PCT    N/A     0.2</p>
<p> 1500  Fri   USA  NEW HOME SALES  MAR   N/F  K	N/A   870.0</p>
<p> N/A   Fri   USA  CARS		MAR   N/F  MLN    N/A     7.1</p>
<p>* ECONOMIC INDICATORS WEEK COMMENCING APRIL 7</p>
<p> 0800  Mon   ITA  CONSUMER PRICES MAR   N/F  PCT    N/A     0.1</p>
<p> 0800  Mon   ITA  CPI 1995 BASE (YMAR   N/F  PCT    N/A     2.4</p>
<p> 1330  Mon   CAN  BUILDING PERMITSFEB   N/F  PCT    N/A     8.5</p>
<p> 1500  Mon   FRA  M3 (Y/Y) SA (TIMFEB   N/F  PCT    N/A    -2.9</p>
<p> 2000  Mon   USA  CONSUMER CREDIT FEB   N/F  BLN    N/A     8.4</p>
<p> 2350  Mon   JPN  WHOLESALE PRICE MAR   N/F  PCT    N/A     N/A</p>
<p> 2350  Mon   JPN  WHOLESALE PRICESMAR   N/F  PCT    N/A     N/A</p>
<p> 1315  Tue   CAN  HOUSING STARTS (MAR   N/F  K	N/A   159.0</p>
<p> 1500  Tue   USA  WHOLESALE TRADE FEB   N/F  PCT    N/A     1.0</p>
<p> 2350  Tu-Fr JPN  C/A (YEN;NSA;IMFFEB   N/F  BLN    N/A    32.6</p>
<p> 2350  Tu-Fr JPN  TRADE BAL. (YEN;FEB   N/F  BLN    N/A   271.0</p>
<p> 0930  Wed   UK   INDUSTRIAL PROD FEB   N/F  PCT    N/A    UNCH</p>
<p> 0930  Wed   UK   INDUSTRIAL (Y/Y)FEB   N/F  PCT    N/A     2.4</p>
<p> 0930  Wed   UK   MANUF. OUTPUT   FEB   N/F  PCT    N/A     0.3</p>
<p> 0930  Wed   UK   MANUF. (Y/Y)    FEB   N/F  PCT    N/A     1.6</p>
<p> 0930  Wed   UK   HOUSING COMPLETIFEB   N/F  K	N/A    45.5</p>
<p> 0930  Wed   UK   HOUSING STARTS (FEB   N/F  K	N/A    41.8</p>
<p> 1330  Wed   CAN  NEW HOUSING PRICFEB   N/F  PCT    N/A    -0.6</p>
<p> 1330  Wed   CAN  NEW MOTOR VEHICLFEB   N/F  PCT    N/A    -6.3</p>
<p> 0500  Th-We JPN  MACH. ORDERS Y/YFEB   N/F  PCT    N/A    16.1</p>
<p> 0500  Th-We JPN  MACHINERY ORDERSFEB   N/F  PCT    N/A     9.5</p>
<p> 0500  Th-We JPN  ORDRS ex ships, FEB   N/F  PCT    N/A    11.8</p>
<p> 0500  Th-We JPN  ORDRS ex ships, FEB   N/F  PCT    N/A    14.8</p>
<p> 0855  Thu   E.G. UNEMPLOYMENT(NSAMAR   N/F  PCT    N/A     9.0</p>
<p> 0855  Thu   E.G. UNEMPLOYMENT(NSAMAR   N/F  MLN    N/A     1.4</p>
<p> 0855  Thu   E.G. UNEMPLOYMENT(SA)MAR   N/F  K	N/A    48.9</p>
<p> 0855  Thu   GER  UNEMPLOYMENT(NSAMAR   N/F  PCT    N/A    12.2</p>
<p> 0855  Thu   GER  UNEMPLOYMENT(NSAMAR   N/F  MLN    N/A     5.0</p>
<p> 0855  Thu   GER  UNEMPLOYMENT(SA)MAR   N/F  K	N/A     4.7</p>
<p> 0855  Thu   W.G. UNEMPLOYMENT(NSAMAR   N/F  PCT    N/A    10.6</p>
<p> 0855  Thu   W.G. UNEMPLOYMENT(NSAMAR   N/F  MLN    N/A     3.3</p>
<p> 0855  Thu   W.G. UNEMPLOYMENT(SA)MAR   N/F  K	N/A    -4.0</p>
<p> 0930  Thu   UK   CONST'N NEW ORDSFEB   N/F  PCT    N/A     8.0</p>
<p> 0500  Fr-Th JPN  NM HOUSEHOLD SPEFEB   N/F  PCT    N/A     0.1</p>
<p> 0500  Fr-Th JPN  REAL HOUSEHOLD SFEB   N/F  PCT    N/A    -0.3</p>
<p> 0745  Fri   FRA  CONSUMER PRICES MAR   N/F  PCT    N/A     0.2</p>
<p> 0745  Fri   FRA  CONSUMER PRICES MAR   N/F  PCT    N/A     1.6</p>
<p> 0745  Fri   FRA  CURRENT A/C SA FMAR   N/F  BLN    N/A     2.4</p>
<p> 1330  Fri   USA  RETAIL SALES    MAR   N/F  PCT    N/A     0.8</p>
<p> 1330  Fri   USA  SALES EX AUTO   MAR   N/F  PCT    N/A     0.5</p>
<p> 1330  Fri   USA  PRODUCER PRICES MAR   N/F  PCT    N/A     N/A</p>
<p> 1330  Fri   USA  PPI EX FOOD/ENERMAR   N/F  PCT    N/A     N/A</p>
<p> 1330  Fri   USA  PRODUCER PRI Y/YMAR   N/F  PCT    N/A     N/A</p>
<p>* ECONOMIC INDICATORS WEEK COMMENCING APRIL 14</p>
<p> 0700  Mon   ITA  GDP (Q/Q) FINAL Q4    N/F  PCT    N/A     0.1</p>
<p> 0700  Mon   ITA  GDP (Y/Y) FINAL Q4    N/F  PCT    N/A     0.5</p>
<p> 0930  Mon   UK   PPI (OUTPUT) NSAMAR   N/F  PCT    N/A    UNCH</p>
<p> 0930  Mon   UK   PPI (OUTPUT)Y/Y MAR   N/F  PCT    N/A     1.3</p>
<p> 0930  Mon   UK   OUTPUT EX FOOD DMAR   N/F  PCT    N/A     0.1</p>
<p> 0930  Mon   UK   OUTPUT EX FOOD DMAR   N/F  PCT    N/A     0.5</p>
<p> 0930  Mon   UK   PPI (INPUT) SA  MAR   N/F  PCT    N/A    -0.9</p>
<p> 0930  Mon   UK   PPI (INPUT) Y/Y MAR   N/F  PCT    N/A    -6.6</p>
<p> N/A   Mo-Fr GER  WHOLESALE PRICESMAR   N/F  PCT    N/A     0.3</p>
<p> N/A   Mo-Fr GER  WHOLESALE PRI (YMAR   N/F  PCT    N/A     1.4</p>
<p> 0630  Tue   JPN  INDUSTRIAL PRODUFEB   N/F  PCT    N/A     N/A</p>
<p> 0630  Tue   JPN  INDUSTRIAL PROD FEB   N/F  PCT    N/A     N/A</p>
<p> 0800  Tue   ITA  INDUSTRIAL (Y/Y)FEB   N/F  PCT    N/A    -6.4</p>
<p> 1330  Tue   USA  CONSUMER PRICES MAR   N/F  PCT    N/A     0.3</p>
<p> 1330  Tue   USA  CPI (Y/Y)	 MAR   N/F  PCT    N/A     3.0</p>
<p> 1330  Tue   USA  CPI EX FOOD/ENRGMAR   N/F  PCT    N/A     0.2</p>
<p> 1330  Tue   USA  BUSINESS INVENT FEB   N/F  PCT    N/A     0.1</p>
<p> 1500  Tue   USA  REAL EARNINGS   MAR   N/F  PCT    N/A     N/A</p>
<p> 1500  Tue   CAN  WAGE SETTLEMENTSFEB   N/F  PCT    N/A     1.3</p>
<p> 0200  We-Fr JPN  M2 + CD	   MAR   N/F  PCT    N/A     3.0</p>
<p> 0930  Wed   UK   PSBR		MAR   N/F  BLN    N/A     3.6</p>
<p> 0930  Wed   UK   AVERAGE EARNINGSFEB   N/F  PCT    N/A     5.0</p>
<p> 0930  Wed   UK   UNEMPLOYMENT    MAR   N/F  K	N/A   -68.2</p>
<p> 0930  Wed   UK   UNEMPLOYMENT    MAR   N/F  PCT    N/A     6.2</p>
<p> 1330  Wed   CAN  I-S RATIO	 FEB   N/F  PCT     N/A    1.3</p>
<p> 1330  Wed   CAN  MANUF UNFILLD ORFEB   N/F  PCT     N/A    3.0</p>
<p> 1330  Wed   CAN  MANUF NEW ORDRS FEB   N/F  PCT     N/A    4.3</p>
<p> 1330  Wed   CAN  MANUF SHIPMENTS FEB   N/F  PCT     N/A    2.2</p>
<p> 1500  Wed   USA  PHIL. FED DIFFUSAPR   N/F	    N/A    N/A</p>
<p> 0930  Thu   UK   RETAIL PRICES   MAR   N/F  PCT     N/A    0.4</p>
<p> 0930  Thu   UK   RETAIL PRICES (YMAR   N/F  PCT     N/A    2.7</p>
<p> 0930  Thu   UK   RPI-X Y/Y	 MAR   N/F  PCT     N/A    2.9</p>
<p> 0930  Thu   UK   RPI-Y Y/Y	 MAR   N/F  PCT     N/A    2.5</p>
<p> 1330  Thu   CAN  MERCH. EXPORTS  FEB   N/F  BLN     N/A   23.5</p>
<p> 1330  Thu   CAN  MERCH. IMPORTS  FEB   N/F  BLN     N/A   21.4</p>
<p> 1330  Thu   CAN  MERCH. TRADE    FEB   N/F  BLN     N/A    2.1</p>
<p> 1330  Thu   USA  HOUSING STARTS  MAR   N/F  MLN     N/A    1.5</p>
<p> 1330  Thu   USA  INT'L TRADE     FEB   N/F  BLN     N/A    N/A</p>
<p> 2350  Th-Tu JPN  TRADE BAL(CC;NSAJAN   N/F  BLN     N/A    N/A</p>
<p> N/A   Th-Tu E.G. CST OF LVNG  Y/YMAY   N/F  PCT     N/A    1.7</p>
<p> N/A   Th-Tu GER. COST OF LIVING  MAY   N/F  PCT     N/A    0.4</p>
<p> N/A   Th-Tu GER. CST OF LVNG  Y/YMAY   N/F  PCT     N/A    1.7</p>
<p> N/A   Th-Tu GER. RETAIL SLS(NM;Y/FEB   N/F  PCT     N/A    1.0</p>
<p> N/A   Th-Tu GER. RETAIL SLS(RL;Y/FEB   N/F  PCT     N/A   UNCH</p>
<p> N/A   Th-Tu W.G. CST OF LVNG  Y/YMAY   N/F  PCT     N/A    1.7</p>
<p> 0930  Fri   UK   B/S NET MORT APPMAR   N/F  BLN     N/A    3.4</p>
<p> 0930  Fri   UK   M4 (PROV.)	MAR   N/F  PCT     N/A    1.6</p>
<p> 0930  Fri   UK   M4 (PROV.)(Y/Y) MAR   N/F  PCT     N/A   11.3</p>
<p> 0930  Fri   UK   M4 LENDING (PROVMAR   N/F  BLN     N/A    9.3</p>
<p> 0930  Fri   UK   MOTOR VHCL PROD MAR   N/F  PCT     N/A    N/A</p>
<p> N/A   Fr-Tu GER. M3(ANNL'D VS Q4 MAR   N/F  PCT     N/A    8.3</p>
<p>* ECONOMIC INDICATORS WEEK COMMENCING APRIL 21</p>
<p> 0500  Mo-Mo JPN  COINCIDENT IND  FEB   N/F  PCT     N/A   90.0</p>
<p> 0500  Mo-Mo JPN  LEADING IND     FEB   N/F  PCT     N/A   44.4</p>
<p> 0500  Mo-Th JPN  COINCIDENT IND  FEB   N/F  PCT     N/A    N/A</p>
<p> 0500  Mo-Th JPN  LEADING IND     FEB   N/F  PCT     N/A    N/A</p>
<p> 1330  Mon   CAN  WHOLESALE TRADE FEB   N/F  PCT     N/A    1.4</p>
<p> 1500  Mon   USA  EXPORT PRICES   MAR   N/F  PCT     N/A    0.1</p>
<p> 1500  Mon   USA  IMPORT PRICES   MAR   N/F  PCT     N/A   -0.7</p>
<p> 1630  Mo-Tu ITA  CONSUMER PRICES APR   N/F  PCT     N/A    N/A</p>
<p> 1630  Mo-Tu ITA  CPI (CITIES)(Y/YAPR   N/F  PCT     N/A    N/A</p>
<p> N/A   Mo-Fr E.G  PRODUCER (Y/Y)  MAR   N/F  PCT     N/A   10.7</p>
<p> N/A   Mo-We GER. EXPORT PRICES   MAR   N/F  PCT     N/A    0.4</p>
<p> N/A   Mo-We GER. EXPORT PRICE (Y/MAR   N/F  PCT     N/A    0.5</p>
<p> N/A   Mo-We GER. IMPORT PRICES   MAR   N/F  PCT     N/A    1.0</p>
<p> N/A   Mo-We GER. IMPORT PRICE (Y/MAR   N/F  PCT     N/A    2.6</p>
<p> N/A   Mo-Fr GER. PRODUCER PRI    MAR   0.7  PCT     N/A   UNCH</p>
<p> N/A   Mo-Fr GER. PRODUCER (Y/Y)  MAR   0.2  PCT     N/A    0.6</p>
<p> N/A   Mo-Fr W.G  PRODUCER (Y/Y)  MAR   N/F  PCT     N/A    0.6</p>
<p> 0745  Tue   FRA  INDUST PROD     FEB   N/F  PCT     N/A    N/A</p>
<p> 0745  Tue   FRA  INDUST PROD (Y/YFEB   N/F  PCT     N/A    N/A</p>
<p> 1200  Tue   CAN  CONSUMER PRI(NSAMAR   N/F  PCT     N/A    0.1</p>
<p> 1200  Tue   CAN  CONSUMER PRI(SA)MAR   N/F  PCT     N/A    0.1</p>
<p> 1200  Tue   CAN  CONSUMER PRI(Y/YMAR   N/F  PCT     N/A    2.2</p>
<p> 1200  Tue   CAN  EX FOOD ENERGY NMAR   N/F  PCT     N/A    1.5</p>
<p> 1330  Tue   CAN  COMPOSITE INDEX MAR   N/F  PCT     N/A    1.0</p>
<p> 1330  Tue   CAN  RETAIL SALES    FEB   N/F  PCT     N/A    1.4</p>
<p> 0930  Wed   UK   RETAIL SALES SA MAR   N/F  PCT     N/A    0.5</p>
<p> 0930  Wed   UK   RETAIL SLS (Y/Y)MAR   N/F  PCT     N/A    4.4</p>
<p> 1130  Wed   UK   CBI INDUSTRIAL TAPR   N/F	    N/A    N/A</p>
<p> 2000  Wed   USA  FED BUDGET	MAR   N/F  BLN     N/A  -44.0</p>
<p> 0930  Thu   UK   NON-EU TRADE    MAR   N/F  MLN     N/A    N/A</p>
<p> 0930  Thu   UK   TRADE IN GOODS  FEB   N/F  MLN     N/A    N/A</p>
<p> 0930  Thu   UK   TRD IN GDS EX OIFEB   N/F  MLN     N/A    N/A</p>
<p> 1330  Thu   CAN  REAL GDP (FACTORFEB   N/F  PCT     N/A    N/A</p>
<p> 0030  Fri   JPN  JOB RATIO	 MAR   N/F	    N/A    N/A</p>
<p> 0030  Fri   JPN  UNEMPLOYMENT SA MAR   N/F  PCT     N/A    N/A</p>
<p> 0030  Fri   JPN  CONSUMER PRICE (MAR   N/F  PCT     N/A    N/A</p>
<p> 0030  Fri   JPN  CPI (NAT'L) Y/Y MAR   N/F  PCT     N/A    N/A</p>
<p> 0030  Fri   JPN  CONSUMER PRI(TOKAPR   N/F  PCT     N/A    N/A</p>
<p> 0030  Fri   JPN  CPI (TOKYO;Y/Y) APR   N/F  PCT     N/A    N/A</p>
<p> 0745  Fri   FRA  CONSUMER PRICES MAR   N/F  PCT     N/A    N/A</p>
<p> 0745  Fri   FRA  CPI FINAL (Y/Y) MAR   N/F  PCT     N/A    N/A</p>
<p> 0745  Fri   FRA  GDP (FINAL) Y/Y Q4    N/F  PCT     N/A    0.2</p>
<p> 0745  Fri   FRA  GDP (FINALIM)   Q4    N/F  PCT     N/A    2.1</p>
<p> 0745  Fri   FRA  HOUSING STARTS  MAR   N/F  PCT     N/A    N/A</p>
<p> 0930  Fri   UK   GDP (PREL) Q/Q  Q1    N/F  PCT     N/A    0.8</p>
<p> 0930  Fri   UK   GDP (PREL) Y/Y  Q1    N/F  PCT     N/A    2.6</p>
<p> 0930  Fri   UK   GDP EX OIL (PRELQ1    N/F  PCT     N/A    0.8</p>
<p> 0930  Fri   UK   GDP EX OIL Y/Y  Q1    N/F  PCT     N/A    2.5</p>
<p> 1330  Fri   CAN  INDUSTRIAL PRICEFEB   N/F  PCT     N/A    N/A</p>
<p> 1330  Fri   CAN  RAW MATERIALS   FEB   N/F  PCT     N/A    N/A</p>
<p> 1500  Fri   USA  CONSUMER CONF   MAR   N/F	    N/A    N/A</p>
<p> N/A   Fr-Mo W.G. CST OF LVNG (PRVAPR   N/F  PCT     N/A    N/A</p>
<p>* ECONOMIC INDICATORS WEEK COMMENCING APRIL 28</p>
<p> 0500  Mo-Fr JPN  CONSTRUCTION ORDMAR   N/F  PCT     N/A    N/A</p>
<p> 0500  Mo-Fr JPN  HOUSING STARTS  MAR   N/F  PCT     N/A    N/A</p>
<p> 0630  Mon   JPN  RETAIL SLS (PRELMAR   N/F  PCT     N/A    N/A</p>
<p> 0630  Mo-Fr JPN  INDUST PROD  PREFEB   N/F  PCT     N/A    N/A</p>
<p> 0630  Mo-Fr JPN  INDUST PROD PRELFEB   N/F  PCT     N/A    N/A</p>
<p> 1330  Mon   USA  DURABLE GDS ORDEMAR   N/F  PCT     N/A    N/A</p>
<p> 1330  Mon   USA  EX DEFENCE	MAR   N/F  PCT     N/A    N/A</p>
<p> 1500  Mon   CAN  AVERAGE WEEKLY EFEB   N/F  PCT     N/A    N/A</p>
<p> 1500  Mon   USA  EXISTING HOME SAMAR   N/F  MLN     N/A    N/A</p>
<p> 1500  Mon   USA  HELP WANTED INDEMAR   N/F	    N/A    N/A</p>
<p> 0745  Tue   FRA  CONSUMER SPEND  MAR   N/F  PCT     N/A    N/A</p>
<p> 1030  Tue   UK   CONSUMER CREDIT MAR   N/F  MLN     N/A    N/A</p>
<p> 0745  Wed   FRA  TRADE BAL. (FF.)FEB   N/F  BLN     N/A    N/A</p>
<p> 0745  Wed   FRA  UNEMPLOYMENT    MAR   N/F  K	 N/A    N/A</p>
<p> 0745  Wed   FRA  UNEMPLOYMENT    MAR   N/F  PCT     N/A    N/A</p>
<p> 1330  Wed   USA  REAL GDP (ADVANCQ1    2.1  PCT   1.5/2.9  N/A</p>
<p> 1330  Wed   USA  IMPLICIT DEFLATOQ1    N/F  PCT     N/A    N/A</p>
<p> 1330  Wed   USA  PRICE INDEX     Q1    N/F  PCT     N/A    N/A</p>
<p> 1500  Wed   USA  CHICAGO  PMI    MAR   N/F	    N/A    N/A</p>
<p> 0730  Thu   JPN  FOREIGN RESERVESAPR   N/F  BLN     N/A    N/A</p>
<p> 0930  Thu   UK   PURCH MGR. INDEXAPR   N/F  PCT     N/A    N/A</p>
<p> 1330  Thu   USA  LEAD INDICATORS APR   N/F  PCT     N/A    N/A</p>
<p> 1330  Thu   USA  PERSONAL INCOME MAR   N/F  PCT     N/A    N/A</p>
<p> 1330  Thu   USA  PERSONAL SPEND  MAR   N/F  PCT     N/A    N/A</p>
<p> 1500  Thu   USA  LEAD INDICATORS MAR   N/F  PCT     N/A    N/A</p>
<p> 1500  Thu   USA  NAPM		APR   N/F	    N/A    N/A</p>
<p> 0930  Fri   UK   M4 (FINAL)	MAR   N/F  PCT     N/A    N/A</p>
<p> 0930  Fri   UK   M4 (FINAL)(Y/Y) MAR   N/F  PCT     N/A    N/A</p>
<p> 0930  Fri   UK   M4 LENDING (PROVMAR   N/F  BLN     N/A    N/A</p>
<p> 0930  Fri   UK   OFFICIAL RSRVS (APR   N/F  MLN     N/A    N/A</p>
<p> 1200  Fri   CAN  EMPLOYMENT GROWTAPR   N/F  K	 N/A    N/A</p>
<p> 1200  Fri   CAN  UNEMPLOYMENT. RAAPR   N/F  PCT     N/A    N/A</p>
<p> 1330  Fri   USA  PAYROLL EMPLOY  APR   N/F  K	 N/A    N/A</p>
<p> 1330  Fri   USA  UNEMPLOYMENT    APR   N/F  PCT     N/A    N/A</p>
<p>* ECONOMIC INDICATORS WEEK COMMENCING MAY 5</p>
<p> 1330  Mon   CAN  BUILDING PERMITSMAR   N/F  PCT     N/A    N/A</p>
<p> 1500  Mon   USA  NEW HOME SALES  APR   N/F  K	 N/A    N/A</p>
<p> N/A   Mo-We E.G. MANU NEW ORDS Y/MAR   N/F  PCT     N/A    N/A</p>
<p> N/A   Mo-Mo GER. CURRENT ACCOUNT FEB   N/F  BLN     N/A    N/A</p>
<p> N/A   Mo-We GER. MANU NEW ORDERS MAR   N/F  PCT     N/A    N/A</p>
<p> N/A   Mo-We GER. MANU NEW ORDS Y/MAR   N/F  PCT     N/A    N/A</p>
<p> N/A   Mon   GER. TRADE BALANCE (DFEB   N/F  BLN     N/A    N/A</p>
<p> N/A   Mon   USA  AUTO SALES	APR   N/F  MLN     N/A    N/A</p>
<p> N/A   Mo-We W.G. MANU NEW ORDS Y/MAR   N/F  PCT     N/A    N/A</p>
<p> 0800  Tue   ITA  CONSUMER PRICES APR   N/F  PCT     N/A    N/A</p>
<p> 0800  Tue   ITA  CPI 1995 BASE (YAPR   N/F  PCT     N/A    N/A</p>
<p> 0930  Tue   UK   M0 (PROV.) SA   MAR   N/F  PCT     N/A    N/A</p>
<p> 0930  Tue   UK   M0 (PROV.) Y/Y  MAR   N/F  PCT     N/A    N/A</p>
<p> 1100  Tue   UK   CBI REGIONAL TREAPR   N/F	    N/A    N/A</p>
<p> 1315  Wed   CAN  HOUSING STARTS (APR   N/F  K	N/A     N/A</p>
<p> 1500  Wed   USA  FACTORY ORDERS  MAR   N/F  PCT    N/A     N/A</p>
<p> 0855  Thu   E.G. UNEMPLOYMENT(NSAAPR   N/F  PCT    N/A     N/A</p>
<p> 0855  Thu   E.G. UNEMPLOYMENT(NSAAPR   N/F  MLN    N/A     N/A</p>
<p> 0855  Thu   E.G. UNEMPLOYMENT(SA)APR   N/F  K	N/A     N/A</p>
<p> 0855  Thu   GER  UNEMPLOYMENT(NSAAPR   N/F  PCT    N/A     N/A</p>
<p> 0855  Thu   GER  UNEMPLOYMENT(NSAAPR   N/F  MLN    N/A     N/A</p>
<p> 0855  Thu   GER  UNEMPLOYMENT(SA)APR   N/F  K	N/A     N/A</p>
<p> 0855  Thu   W.G. UNEMPLOYMENT(NSAAPR   N/F  PCT    N/A     N/A</p>
<p> 0855  Thu   W.G. UNEMPLOYMENT(NSAAPR   N/F  MLN    N/A     N/A</p>
<p> 0855  Thu   W.G. UNEMPLOYMENT(SA)APR   N/F  K	N/A     N/A</p>
<p> 0930  Thu   UK   CONST'N NEW ORDSMAR   N/F  PCT    N/A     N/A</p>
<p> 2350  Th-Tu JPN  C/A (YEN;NSA;IMFMAR   N/F  BLN    N/A     N/A</p>
<p> 2350  Th-Tu JPN  TRADE BAL. (YEN;MAR   N/F  BLN    N/A     N/A</p>
<p> 0030  Fri   UK   CBI SVY OF DISTRAPR   N/F	   N/A     N/A</p>
<p> 0500  Fr-Fr JPN  MACH ORDERS OVERMAR   N/F  PCT    N/A     N/A</p>
<p> 0500  Fr-Fr JPN  MACHINERY ORDERSMAR   N/F  PCT    N/A     N/A</p>
<p> 0500  Fr-Fr JPN  ORDRS ex ships, MAR   N/F  PCT    N/A     N/A</p>
<p> 0500  Fr-Fr JPN  ORDRS ex ships (MAR   N/F  PCT    N/A     N/A</p>
<p> 1330  Fri   CAN  NEW HOUSING PRICMAR   N/F  PCT    N/A     N/A</p>
<p> 2350  Fr-Tu JPN  WHOLESALE PRICESAPR   N/F  PCT    N/A     N/A</p>
<p> 2350  Fr-Tu JPN  WHOLESALE  (Y/Y)APR   N/F  PCT    N/A     N/A</p>
<p>* ECONOMIC INDICATORS WEEK COMMENCING MAY 12</p>
<p> 0500  Mo-Fr JPN  NM HOUSEHOLD SPEMAR   N/F  PCT    N/A     N/A</p>
<p> 0500  Mo-Fr JPN  REAL HOUSEHOLD SMAR   N/F  PCT    N/A     N/A</p>
<p> 0745  Mon   FRA  CONSUMER PRICES APR   N/F  PCT    N/A     N/A</p>
<p> 0745  Mon   FRA  CONSUMER PRICES APR   N/F  PCT    N/A     N/A</p>
<p> 0930  Mon   UK   OUTPUT EX FOOD DAPR   N/F  PCT    N/A     N/A</p>
<p> 0930  Mon   UK   OUTPUT EX FOOD DAPR   N/F  PCT    N/A     N/A</p>
<p> 0930  Mon   UK   PPI (INPUT) SA  APR   N/F  PCT    N/A     N/A</p>
<p> 0930  Mon   UK   PPI (INPUT) Y/Y APR   N/F  PCT    N/A     N/A</p>
<p> 0930  Mon   UK   PPI (OUTPUT) NSAAPR   N/F  PCT    N/A     N/A</p>
<p> 0930  Mon   UK   PPI (OUTPUT)Y/Y APR   N/F  PCT    N/A     N/A</p>
<p> 1200  Mon   CAN  EMPLOYMENT GROWTAPR   N/F  K	N/A     N/A</p>
<p> 1200  Mon   CAN  UNEMPLOYMENT    APR   N/F  PCT    N/A     N/A</p>
<p> N/A   Mo-Fr E.G. CST OF LVNG  Y/YJUN   N/F  PCT    N/A     N/A</p>
<p> N/A   Mo-Fr GER  WHOLESALE PRICESAPR   N/F  PCT    N/A     N/A</p>
<p> N/A   Mo-Fr GER  WHOLESALE PRI (YAPR   N/F  PCT    N/A     N/A</p>
<p> N/A   Mo-Fr GER. RETAIL SLS(NM;Y/MAR   N/F  PCT    N/A     N/A</p>
<p> N/A   Mo-Fr GER. RETAIL SLS(RL;Y/MAR   N/F  PCT    N/A     N/A</p>
<p> N/A   Mo-Fr GER. COST OF LIVING  JUN   N/F  PCT    N/A     N/A</p>
<p> N/A   Mo-Fr GER. CST OF LVNG  Y/YJUN   N/F  PCT    N/A     N/A</p>
<p> N/A   Mo-Fr W.G. CST OF LVNG  Y/YJUN   N/F  PCT    N/A     N/A</p>
<p> 0630  We-Fr JPN  INDUSTRIAL PROD MAR   N/F  PCT    N/A     N/A</p>
<p> 0630  We-Fr JPN  INDUSTRIAL PRODUMAR   N/F  PCT    N/A     N/A</p>
<p> 0745  Wed   FRA  CURRENT A/C SA FAPR   N/F  BLN    N/A     N/A</p>
<p> 0930  Wed   UK   AVERAGE EARNINGSMAR   N/F  PCT    N/A     N/A</p>
<p> 0930  Wed   UK   UNEMPLOYMENT    APR   N/F  K	N/A     N/A</p>
<p> 0930  Wed   UK   UNEMPLOYMENT    APR   N/F  PCT    N/A     N/A</p>
<p> 0930  Wed   UK   UNIT WAGE COSTS MAR   N/F  PCT    N/A     N/A</p>
<p> 1330  Wed   USA  RETAIL SALES    APR   N/F  PCT    N/A     N/A</p>
<p> 1330  Wed   USA  SALES EX AUTO   APR   N/F  PCT    N/A     N/A</p>
<p> 1415  Wed   USA  CAPACITY UTIL   APR   N/F  PCT    N/A     N/A</p>
<p> 1415  Wed   USA  INDUSTRIAL PROD APR   N/F  PCT    N/A     N/A</p>
<p> 1500  Wed   USA  REAL EARNINGS   APR   N/F  PCT    N/A     N/A</p>
<p> 0800  Thu   ITA  INDUSTRIAL PROD MAR   N/F  PCT    N/A     N/A</p>
<p> 0800  Thu   ITA  INDUSTRIAL (Y/Y)MAR   N/F  PCT    N/A     N/A</p>
<p> 0930  Thu   UK   RETAIL PRICES   APR   N/F  PCT    N/A     N/A</p>
<p> 0930  Thu   UK   RETAIL PRICES (YAPR   N/F  PCT    N/A     N/A</p>
<p> 0930  Thu   UK   RPI-X Y/Y	 APR   N/F  PCT    N/A     N/A</p>
<p> 0930  Thu   UK   RPI-Y Y/Y	 APR   N/F  PCT    N/A     N/A</p>
<p> 1330  Thu   USA  BUSINESS INVENT MAR   N/F  PCT    N/A     N/A</p>
<p> 1330  Thu   USA  CONSUMER PRICES APR   N/F  PCT    N/A     N/A</p>
<p> 1330  Thu   USA  CPI (Y/Y)	 APR   N/F  PCT    N/A     N/A</p>
<p> 1330  Thu   USA  CPI EX FOOD/ENRGAPR   N/F  PCT    N/A     N/A</p>
<p> 0200  Fr-Mo JPN  M2 + CD	   APR   N/F  PCT    N/A     N/A</p>
<p> 1330  Fri   CAN  I-S RATIO	 MAR   N/F  PCT    N/A     N/A</p>
<p> 1330  Fri   CAN  MANUF NEW ORDRS MAR   N/F  PCT    N/A     N/A</p>
<p> 1330  Fri   CAN  MANUF SHIPMENTS MAR   N/F  PCT    N/A     N/A</p>
<p> 1330  Fri   CAN  MANUF UNFILLD ORMAR   N/F  PCT    N/A     N/A</p>
<p> 1330  Fri   CAN  MERCH. EXPORTS  MAR   N/F  BLN    N/A     N/A</p>
<p> 1330  Fri   CAN  MERCH. IMPORTS  MAR   N/F  BLN    N/A     N/A</p>
<p> 1330  Fri   CAN  MERCH. TRADE    MAR   N/F  BLN    N/A     N/A</p>
<p> 1330  Fri   USA  HOUSING STARTS  APR   N/F  MLN    N/A     N/A</p>
<p> 1500  Fri   USA  PHIL. FED DIFFUSMAY   N/F	   N/A     N/A</p>
<p> 2350  Fr-Fr JPN  TRADE BAL(CC;NSAJAN   N/F  BLN    N/A     N/A</p>
<p>* ECONOMIC INDICATORS WEEK COMMENCING MAY 19</p>
<p> 0930  Mon   UK   PSBR		APR   N/F  BLN    N/A     N/A</p>
<p> 0500  Tu-Tu JPN  COINCIDENT IND  MAR   N/F  PCT    N/A     N/A</p>
<p> 0500  Tu-Tu JPN  LEADING IND     MAR   N/F  PCT    N/A     N/A</p>
<p> 0930  Tue   UK   MOTOR VHCL PROD APR   N/F  PCT    N/A     N/A</p>
<p> 1630  Tu-We ITA  CONSUMER PRICES MAY   N/F  PCT    N/A     N/A</p>
<p> 1630  Tu-We ITA  CPI (CITIES)(Y/YMAY   N/F  PCT    N/A     N/A</p>
<p> N/A   Tu-Fr E.G  PRODUCER (Y/Y)  APR   N/F  PCT    N/A     N/A</p>
<p> N/A   Tu-Fr GER. EXPORT PRICES   APR   N/F  PCT    N/A     N/A</p>
<p> N/A   Tu-Fr GER. EXPORT PRICE (Y/APR   N/F  PCT    N/A     N/A</p>
<p> N/A   Tu-Fr GER. IMPORT PRICES   APR   N/F  PCT    N/A     N/A</p>
<p> N/A   Tu-Fr GER. IMPORT PRICE (Y/APR   N/F  PCT    N/A     N/A</p>
<p> N/A   Tu-Fr GER. PRODUCER (Y/Y)  APR   0.2  PCT    N/A     N/A</p>
<p> N/A   Tu-Fr GER. PRODUCER PRI    APR   0.7  PCT    N/A     N/A</p>
<p> N/A   Tu-Fr GER. M3(ANNL'D VS Q4 APR   N/F  PCT    N/A     N/A</p>
<p> N/A   Tu-Fr W.G  PRODUCER (Y/Y)  APR   N/F  PCT    N/A     N/A</p>
<p> 0930  Wed   UK   B/S NET MORT APPAPR   N/F  BLN    N/A     N/A</p>
<p> 0930  Fri   UK   M4 (PROV.)	APR   N/F  PCT    N/A     N/A</p>
<p> 0930  Fri   UK   M4 (PROV.)(Y/Y) APR   N/F  PCT    N/A     N/A</p>
<p> 0930  Fri   UK   M4 LENDING (PROVAPR   N/F  BLN    N/A     N/A</p>
<p> 1200  Wed   CAN  CONSUMER PRICES(APR   N/F  PCT    N/A     N/A</p>
<p> 1200  Wed   CAN  CONSUMER PRICES(APR   N/F  PCT    N/A     N/A</p>
<p> 1200  Wed   CAN  CONSUMER PRICES(APR   N/F  PCT    N/A     N/A</p>
<p> 1200  Wed   CAN  EX FOOD ENERGY NAPR   N/F  PCT    N/A     N/A</p>
<p> 1330  Wed   USA  INT'L TRADE     MAR   N/F  BLN    N/A     N/A</p>
<p> 1500  Wed   USA  EXPORT PRICES   APR   N/F  PCT    N/A     N/A</p>
<p> 1500  Wed   USA  IMPORT PRICES   APR   N/F  PCT    N/A     N/A</p>
<p> 0930  Thu   UK   RETAIL SALES SA APR   N/F  PCT    N/A     N/A</p>
<p> 0930  Thu   UK   RETAIL SLS (Y/Y)APR   N/F  PCT    N/A     N/A</p>
<p> 1330  Thu   CAN  COMPOSITE INDEX APR   N/F  PCT    N/A     N/A</p>
<p> 1330  Thu   CAN  RETAIL SALES    MAR   N/F  PCT    N/A     N/A</p>
<p> 0030  Fri   UK   CBI MONTHLY TRENMAY   N/F	   N/A     N/A</p>
<p> 1330  Fri   CAN  REAL GDP (FACTORMAR   N/F  PCT    N/A     N/A</p>
<p> 2000  Fri   USA  FED BUDGET	APR   N/F  BLN    N/A     N/A</p>
<p>* ECONOMIC INDICATORS WEEK COMMENCING MAY 26</p>
<p> 0500  Mo-Fr JPN  CONSTRUCTION ORDAPR   N/F  PCT    N/A     N/A</p>
<p> 0500  Mo-Fr JPN  HOUSING STARTS  APR   N/F  PCT    N/A     N/A</p>
<p> 0745  Mon   FRA  HOUSING STARTS  APR   N/F  PCT    N/A     N/A</p>
<p> 0745  Mon   FRA  HOUSING STARTS  APR   N/F  PCT    N/A     N/A</p>
<p> 0745  Mon   FRA  INDUST PROD     MAR   N/F  PCT    N/A     N/A</p>
<p> 0745  Mon   FRA  INDUST PROD (Y/YMAR   N/F  PCT    N/A     N/A</p>
<p> 1330  Mon   CAN  INDUSTRIAL PRICEMAR   N/F  PCT    N/A     N/A</p>
<p> 1330  Mon   CAN  RAW MATERIALS   MAR   N/F  PCT    N/A     N/A</p>
<p> 1500  Mon   USA  CONSUMER CONF   APR   N/F	   N/A     N/A</p>
<p> N/A   Mo-We W.G. CST OF LVNG (PRVMAY   N/F  PCT    N/A     N/A</p>
<p> 0630  Tu-Fr JPN  INDUST PROD  PREAPR   N/F  PCT    N/A     N/A</p>
<p> 0630  Tu-Fr JPN  INDUST PROD PRELAPR   N/F  PCT    N/A     N/A</p>
<p> 1500  Tue   USA  EXISTING HOME SAAPR   N/F  MLN    N/A     N/A</p>
<p> 1500  Tue   USA  HELP WANTED INDEAPR   N/F	   N/A     N/A</p>
<p> 0630  Wed   JPN  RETAIL SLS (PRELAPR   N/F  PCT    N/A     N/A</p>
<p> 0745  Wed   FRA  UNEMPLOYMENT CORAPR   N/F  K	N/A     N/A</p>
<p> 0745  Wed   FRA  UNEMPLOYMENT CORAPR   N/F  PCT    N/A     N/A</p>
<p> 1330  Wed   USA  DURABLE GDS ORDEAPR   N/F  PCT    N/A     N/A</p>
<p> 1330  Wed   USA  EX DEFENCE	APR   N/F  PCT    N/A     N/A</p>
<p> 1500  Wed   CAN  AVERAGE WEEKLY EMAR   N/F  PCT    N/A     N/A</p>
<p> 0745  Thu   FRA  CONSUMER SPEND  APR   N/F  PCT    N/A     N/A</p>
<p> 0930  Thu   UK   NON-EU TRADE    APR   N/F  MLN    N/A     N/A</p>
<p> 0930  Thu   UK   TRADE IN GOODS  MAR   N/F  MLN    N/A     N/A</p>
<p> 0930  Thu   UK   TRD IN GDS EX OIMAR   N/F  MLN    N/A     N/A</p>
<p> 0030  Fri   JPN  JOB RATIO	 APR   N/F	   N/A     N/A</p>
<p> 0030  Fri   JPN  UNEMPLOYMENT SA APR   N/F  PCT    N/A     N/A</p>
<p> 0030  Fri   JPN  CONSUMER PRICE (APR   N/F  PCT    N/A     N/A</p>
<p> 0030  Fri   JPN  CPI (NAT'L) Y/Y APR   N/F  PCT    N/A     N/A</p>
<p> 0030  Fri   JPN  CONSUMER PRI(TOKMAY   N/F  PCT    N/A     N/A</p>
<p> 0030  Fri   JPN  CPI (TOKYO;Y/Y) MAY   N/F  PCT    N/A     N/A</p>
<p> 0700  Fri   ITA  GDP (Q/Q) PREL  Q1    0.7  PCT  0.3/1.5   N/A</p>
<p> 0700  Fri   ITA  GDP (Y/Y) PREL  Q1    N/F  PCT    N/A     N/A</p>
<p> 0745  Fri   FRA  TRADE BAL. (FF.)MAR   N/F  BLN    N/A     N/A</p>
<p> 1500  Fri   USA  CHICAGO  PMI    APR   N/F	   N/A     N/A</p>
<p>** Danielle Gann London newsroom +44 171 542 6425 **</p>
</text>
<copyright>(c) Reuters Limited 1997</copyright>
<metadata>
<codes class="bip:countries:1.0">
  <code code="CANA">
    <editdetail attribution="Reuters BIP Coding Group" action="confirmed" date="1997-03-27"/>
  </code>
  <code code="FRA">
    <editdetail attribution="Reuters BIP Coding Group" action="confirmed" date="1997-03-27"/>
  </code>
  <code code="GFR">
    <editdetail attribution="Reuters BIP Coding Group" action="confirmed" date="1997-03-27"/>
  </code>
  <code code="ITALY">
    <editdetail attribution="Reuters BIP Coding Group" action="confirmed" date="1997-03-27"/>
  </code>
  <code code="JAP">
    <editdetail attribution="Reuters BIP Coding Group" action="confirmed" date="1997-03-27"/>
  </code>
  <code code="UK">
    <editdetail attribution="Reuters BIP Coding Group" action="confirmed" date="1997-03-27"/>
  </code>
  <code code="USA">
    <editdetail attribution="Reuters BIP Coding Group" action="confirmed" date="1997-03-27"/>
  </code>
</codes>
<codes class="bip:topics:1.0">
  <code code="E71">
    <editdetail attribution="Reuters BIP Coding Group" action="confirmed" date="1997-03-27"/>
  </code>
  <code code="ECAT">
    <editdetail attribution="Reuters BIP Coding Group" action="confirmed" date="1997-03-27"/>
  </code>
</codes>
<dc element="dc.publisher" value="Reuters Holdings Plc"/>
<dc element="dc.date.published" value="1997-03-27"/>
<dc element="dc.source" value="Reuters"/>
<dc element="dc.creator.location.country.name" value="UK"/>
<dc element="dc.source" value="Reuters"/>
</metadata>
</newsitem>
