<?xml version="1.0" encoding="iso-8859-1" ?>
<newsitem itemid="471468" id="root" date="1997-03-27" xml:lang="en">
<title>UK: Novartis overtakes Glaxo as biggest drug firm.</title>
<headline>Novartis overtakes Glaxo as biggest drug firm.</headline>
<dateline>LONDON 1997-03-27</dateline>
<text>
<p>Newly-created Swiss pharmaceuticals giant Novartis AG has knocked Britain's Glaxo Wellcome Plc off its perch as the world's biggest drugs company in terms of sales, information group IMS said on Friday.</p>
<p>IMS said that although both companies had a 4.4 percent share of global drug sales in 1996, Novartis was just ahead in total sales terms. Novartis was formed last year through the agreed merger of Ciba-Geigy and Sandoz.</p>
<p>Glaxo Wellcome, also created through merger in 1995, faces a further challenge to its dominance this year when its top-selling drug Zantac loses its key U.S. patent, which is expected to lead to a rash of generic competitors.</p>
<p>The creation of Novartis pushed U.S. group Merck &amp; Co into third place from second with a 4.0 percent market share.</p>
<p>But IMS said while both Glaxo Wellcome and Novartis saw a drop in market share compared with 1994, Merck's share had risen from 3.4 percent over the same period. It said Merck had achieved growth through a different strategy, &quot;namely joint ventures and alliances and new product development.&quot;</p>
<p>IMS said another company formed by merger in 1995, German Hoechst AG's subsidiary Hoechst Marion Roussell, also saw its market share slip last year to 3.3 percent from 3.5 percent in 1995 and 3.8 percent in 1994, putting it in fourth place overall.</p>
<p>The alliance of Pharmacia &amp; Upjohn Inc edged up to 17th last year from 18th with market share of 1.8 percent, while Swedish group Astra AB climbed to 12th place from 16th with world market share rising to 2.1 percent from 1.9 percent.</p>
<p>Astra is growing strongly on the back of its ulcer drug Losec, which IMS said had now overtaken Zantac as the world's top-selling drug.</p>
<p>IMS ranked the world's top 20 drug companies in terms of global market share last year as follows:</p>
<p>					Rank	  Market share (percent)</p>
<p>    Novartis			  1		4.4</p>
<p>    Glaxo Wellcome		  2		4.4</p>
<p>    Merck &amp; Co			3		4.0</p>
<p>    Hoechst MR			4		3.3</p>
<p>    Bristol Myers Squibb	  5		3.2</p>
<p>    Johnson &amp; Johnson	     6		3.1</p>
<p>    American Home		   7		3.1</p>
<p>    Pfizer			    8		3.1</p>
<p>    SmithKline Beecham	    9		2.7</p>
<p>    Roche			    10		2.7</p>
<p>    Bayer			    11		2.1</p>
<p>    Astra			    12		2.1</p>
<p>    Eli Lilly			13		2.1</p>
<p>    Rhone Poulenc		  14		2.1</p>
<p>    Abbott			   15		2.0</p>
<p>    Schering Plough		16		2.0</p>
<p>    Pharmacia &amp; Upjohn	   17		1.8</p>
<p>    Boehringer Ingelheim	 18		1.5</p>
<p>    Takeda			   19		1.5</p>
<p>    Warner Lambert		 20		1.4</p>
</text>
<copyright>(c) Reuters Limited 1997</copyright>
<metadata>
<codes class="bip:countries:1.0">
  <code code="SWITZ">
    <editdetail attribution="Reuters BIP Coding Group" action="confirmed" date="1997-03-27"/>
  </code>
  <code code="UK">
    <editdetail attribution="Reuters BIP Coding Group" action="confirmed" date="1997-03-27"/>
  </code>
</codes>
<codes class="bip:industries:1.0">
  <code code="I25000">
    <editdetail attribution="Reuters BIP Coding Group" action="confirmed" date="1997-03-27"/>
  </code>
  <code code="I25700">
    <editdetail attribution="Reuters BIP Coding Group" action="confirmed" date="1997-03-27"/>
  </code>
</codes>
<codes class="bip:topics:1.0">
  <code code="C31">
    <editdetail attribution="Reuters BIP Coding Group" action="confirmed" date="1997-03-27"/>
  </code>
  <code code="C313">
    <editdetail attribution="Reuters BIP Coding Group" action="confirmed" date="1997-03-27"/>
  </code>
  <code code="CCAT">
    <editdetail attribution="Reuters BIP Coding Group" action="confirmed" date="1997-03-27"/>
  </code>
</codes>
<dc element="dc.date.created" value="1997-03-27"/>
<dc element="dc.publisher" value="Reuters Holdings Plc"/>
<dc element="dc.date.published" value="1997-03-27"/>
<dc element="dc.source" value="Reuters"/>
<dc element="dc.creator.location" value="LONDON"/>
<dc element="dc.creator.location.country.name" value="UK"/>
<dc element="dc.source" value="Reuters"/>
</metadata>
</newsitem>
