<?xml version="1.0" encoding="iso-8859-1" ?>
<newsitem itemid="471448" id="root" date="1997-03-27" xml:lang="en">
<title>UK: Philippines hopeful of peace with rebel groups.</title>
<headline>Philippines hopeful of peace with rebel groups.</headline>
<dateline>LONDON 1997-03-27</dateline>
<text>
<p>A top Filipino official said on Thursday he was optimistic that peace would be signed with his country's last two major rebel movements after a quarter of a century of fighting.</p>
<p>In talks with communist rebels earlier this week in the Netherlands, House of Representatives Speaker Jose de Venecia agreed to push to conclude peace negotiations by the middle of the year.</p>
<p>&quot;June 30 is a realistic date if we all work very hard,&quot; de Venecia told Reuters in an interview.</p>
<p>But the government must ensure it is provides economic support for the rebels and their followers once they come down from the hills, he added.</p>
<p>The government has been negotiating for three years to try to end the 28-year long Marxist insurgency in which more than 40,000 people have died.</p>
<p>Officials will hold further talks with the National Democratic Front, the communist-led umbrella group of 13 leftist organisations, next month.</p>
<p>&quot;I am hopeful..we have a good chance of putting a trophy on the wall,&quot; de Venecia said.</p>
<p>De Venecia is himself due to meet members of a Moslem rebel group in about two weeks.</p>
<p>The Moro Islamic Liberation Front (MILF) is fighting for an Islamic state in the southern islands of the Philippines.</p>
<p>Talks so far with MILF leaders had been useful and there was a chance of a breakthrough, he said.</p>
<p>Since coming to power some five years ago, President Fidel Ramos has concluded peace deals with another, larger, Moslem rebel group after 24 years of fighting, and with right-wing army rebels who were linked to a spate of coup attempts in the late 1980s.</p>
</text>
<copyright>(c) Reuters Limited 1997</copyright>
<metadata>
<codes class="bip:countries:1.0">
  <code code="NETH">
    <editdetail attribution="Reuters BIP Coding Group" action="confirmed" date="1997-03-27"/>
  </code>
  <code code="PHLNS">
    <editdetail attribution="Reuters BIP Coding Group" action="confirmed" date="1997-03-27"/>
  </code>
  <code code="UK">
    <editdetail attribution="Reuters BIP Coding Group" action="confirmed" date="1997-03-27"/>
  </code>
</codes>
<codes class="bip:topics:1.0">
  <code code="GCAT">
    <editdetail attribution="Reuters BIP Coding Group" action="confirmed" date="1997-03-27"/>
  </code>
  <code code="GPOL">
    <editdetail attribution="Reuters BIP Coding Group" action="confirmed" date="1997-03-27"/>
  </code>
  <code code="GVIO">
    <editdetail attribution="Reuters BIP Coding Group" action="confirmed" date="1997-03-27"/>
  </code>
</codes>
<dc element="dc.date.created" value="1997-03-27"/>
<dc element="dc.publisher" value="Reuters Holdings Plc"/>
<dc element="dc.date.published" value="1997-03-27"/>
<dc element="dc.source" value="Reuters"/>
<dc element="dc.creator.location" value="LONDON"/>
<dc element="dc.creator.location.country.name" value="UK"/>
<dc element="dc.source" value="Reuters"/>
</metadata>
</newsitem>
