<?xml version="1.0" encoding="iso-8859-1" ?>
<newsitem itemid="471474" id="root" date="1997-03-27" xml:lang="en">
<title>UK: LME metals extend gains ahead of long weekend.</title>
<headline>LME metals extend gains ahead of long weekend.</headline>
<dateline>LONDON 1997-03-27</dateline>
<text>
<p>LME copper settled at firmer levels on Thursday afternoon in low-key activity as players squared their books ahead of the four-day Easter holiday.</p>
<p>The bounce in copper pulled the others off morning lows and into positive territory by the end of official business.</p>
<p>Three months copper finished the afternoon kerb $20 firmer at $2,372 per tonne after probing as low as $2,343 in the morning and stretching up to $2,375 after lunch.</p>
<p>Much of the move up appeared to be short-covering as players adjusted positions, with the market basically in a holding pattern ahead of the long weekend, analysts said.</p>
<p>The beginning of a new quarter and the LME options declaration on April 2 should give some new impetus to the market when players return, they added.</p>
<p>The market remains divided as to copper's next move, with some participants believing it still needs to do more exploration of its lower range around $2,300 and others expecting further stock falls and tightness will embolden moves above $2,400.</p>
<p>The premium of cash over three months metal ended the day slightly firmer around $58/$60.</p>
<p>The others metals largely followed copper's lead.</p>
<p>Aluminium ended the day $10 firmer at $1,642 after touching a low of $1,627.</p>
<p>Despite the stronger close, prices remain below the 30-day and 10-day moving averages as well as the short-term downtrend, chartists said. Prices may have further to go on the downside before marching back to challenge the $1,700 level.</p>
<p>Nickel broke above the $7,800 level, ending $170 stronger at $7,805 after probing down to $7,580 in the morning.</p>
<p>A potential reverse head and shoulders formation was appearing in the market, and if a neckline around $7,600 was convincingly breached, prices could dive to $7,300/400, broker Brandeis said in a commentary.</p>
<p>Zinc finished $6 stronger at $1,295, making an impressive recovery from a morning dip to $1,260.</p>
<p>Lead added $6 to $686 and tin gained $60 to $5,885.</p>
<p>Alloy closed at $1,544, up $4.</p>
<p>--Eric Onstad, London Newsroom +44 171 542-8065</p>
</text>
<copyright>(c) Reuters Limited 1997</copyright>
<metadata>
<codes class="bip:countries:1.0">
  <code code="UK">
    <editdetail attribution="Reuters BIP Coding Group" action="confirmed" date="1997-03-27"/>
  </code>
</codes>
<codes class="bip:topics:1.0">
  <code code="M14">
    <editdetail attribution="Reuters BIP Coding Group" action="confirmed" date="1997-03-27"/>
  </code>
  <code code="M142">
    <editdetail attribution="Reuters BIP Coding Group" action="confirmed" date="1997-03-27"/>
  </code>
  <code code="MCAT">
    <editdetail attribution="Reuters BIP Coding Group" action="confirmed" date="1997-03-27"/>
  </code>
</codes>
<dc element="dc.date.created" value="1997-03-27"/>
<dc element="dc.publisher" value="Reuters Holdings Plc"/>
<dc element="dc.date.published" value="1997-03-27"/>
<dc element="dc.source" value="Reuters"/>
<dc element="dc.creator.location" value="LONDON"/>
<dc element="dc.creator.location.country.name" value="UK"/>
<dc element="dc.source" value="Reuters"/>
</metadata>
</newsitem>
