<?xml version="1.0" encoding="iso-8859-1" ?>
<newsitem itemid="471495" id="root" date="1997-03-27" xml:lang="en">
<title>UK: Production of Nigerian Brass River crude normal-Agip.</title>
<headline>Production of Nigerian Brass River crude normal-Agip.</headline>
<dateline>LONDON 1997-03-27</dateline>
<text>
<p>Production of Nigerian Brass River crude oil has not been affected by recent unrest and exports are flowing normally, said a source at Agip SpA, an equity producer of the crude.</p>
<p>&quot;Everything is normal. We have not been affected (by the unrest),&quot; the source said.</p>
<p>Current production of Brass River crude is about 170,000 barrel per days.</p>
<p>Nigerian oil production has been cut by 210,000 bpd from Bonny and Forcados fields after local villagers focred the closure of oil flow stations.</p>
<p>Operator Shell has sent a precautionary notice of possible force majuere on April loading of Bonny crude.</p>
<p>-- London newsroom 0171 542 4984</p>
</text>
<copyright>(c) Reuters Limited 1997</copyright>
<metadata>
<codes class="bip:countries:1.0">
  <code code="NIGEA">
    <editdetail attribution="Reuters BIP Coding Group" action="confirmed" date="1997-03-27"/>
  </code>
  <code code="UK">
    <editdetail attribution="Reuters BIP Coding Group" action="confirmed" date="1997-03-27"/>
  </code>
</codes>
<codes class="bip:industries:1.0">
  <code code="I13000">
    <editdetail attribution="Reuters BIP Coding Group" action="confirmed" date="1997-03-27"/>
  </code>
</codes>
<codes class="bip:topics:1.0">
  <code code="C24">
    <editdetail attribution="Reuters BIP Coding Group" action="confirmed" date="1997-03-27"/>
  </code>
  <code code="CCAT">
    <editdetail attribution="Reuters BIP Coding Group" action="confirmed" date="1997-03-27"/>
  </code>
  <code code="M14">
    <editdetail attribution="Reuters BIP Coding Group" action="confirmed" date="1997-03-27"/>
  </code>
  <code code="M143">
    <editdetail attribution="Reuters BIP Coding Group" action="confirmed" date="1997-03-27"/>
  </code>
  <code code="MCAT">
    <editdetail attribution="Reuters BIP Coding Group" action="confirmed" date="1997-03-27"/>
  </code>
</codes>
<dc element="dc.date.created" value="1997-03-27"/>
<dc element="dc.publisher" value="Reuters Holdings Plc"/>
<dc element="dc.date.published" value="1997-03-27"/>
<dc element="dc.source" value="Reuters"/>
<dc element="dc.creator.location" value="LONDON"/>
<dc element="dc.creator.location.country.name" value="UK"/>
<dc element="dc.source" value="Reuters"/>
</metadata>
</newsitem>
