<?xml version="1.0" encoding="iso-8859-1" ?>
<newsitem itemid="471485" id="root" date="1997-03-27" xml:lang="en">
<title>UK: LIFFE sugar lower, stays rangebound pre-holiday.</title>
<headline>LIFFE sugar lower, stays rangebound pre-holiday.</headline>
<dateline>LONDON 1997-03-27</dateline>
<text>
<p>LIFFE sugar eased in still rangebound pre-holiday trade, With New York providing no strong impetus, traders said.</p>
<p>&quot;New York's exactly the same. Both markets are rangebound,&quot; one trader said. There was support at current levels but the market lacked any real fundamental news, he said.</p>
<p>&quot;For the past week we haven't seen it move more than a dollar either way. The dollar is the range,&quot; he said.</p>
<p>By 1630 GMT May was 60 cents down at $305.50, having ranged between $305.40 and $306.00. May dominated with 1,209 of a total 1,682 lots traded by then.</p>
<p>&quot;You would have thought that at some stage it would break out, but there's no sign of it,&quot; another trader said.</p>
<p>He was expecting the next move to be down. &quot;There's so much sugar floating around,&quot; he said &quot;On a fundamental basis you have to say it should come down, but a lot of producers are not shifting sugar,&quot; he said.</p>
<p>--Christopher Lyddon, London newsroom +44 171 542 7928</p>
</text>
<copyright>(c) Reuters Limited 1997</copyright>
<metadata>
<codes class="bip:countries:1.0">
  <code code="UK">
    <editdetail attribution="Reuters BIP Coding Group" action="confirmed" date="1997-03-27"/>
  </code>
</codes>
<codes class="bip:topics:1.0">
  <code code="M14">
    <editdetail attribution="Reuters BIP Coding Group" action="confirmed" date="1997-03-27"/>
  </code>
  <code code="M141">
    <editdetail attribution="Reuters BIP Coding Group" action="confirmed" date="1997-03-27"/>
  </code>
  <code code="MCAT">
    <editdetail attribution="Reuters BIP Coding Group" action="confirmed" date="1997-03-27"/>
  </code>
</codes>
<dc element="dc.date.created" value="1997-03-27"/>
<dc element="dc.publisher" value="Reuters Holdings Plc"/>
<dc element="dc.date.published" value="1997-03-27"/>
<dc element="dc.source" value="Reuters"/>
<dc element="dc.creator.location" value="LONDON"/>
<dc element="dc.creator.location.country.name" value="UK"/>
<dc element="dc.source" value="Reuters"/>
</metadata>
</newsitem>
