<?xml version="1.0" encoding="iso-8859-1" ?>
<newsitem itemid="471414" id="root" date="1997-03-27" xml:lang="en">
<title>LITHUANIA: CURRENCY FIXINGS FOR MARCH 28.</title>
<headline>CURRENCY FIXINGS FOR MARCH 28.</headline>
<dateline>VILNIUS 1997-03-27</dateline>
<text>
<p>The Bank of Lithuania set the</p>
<p>following currency fixings for Friday, March 28 on Thursday.</p>
<p>The litas is pegged to the U.S. dollar at a rate of four to one.</p>
<p>		   28.03.97	  27.03.97     </p>
<p>    USD	     4.0000	 4.0000</p>
<p>    GBP	     6.5112	 6.4742</p>
<p>    DEM	     2.3768	 2.3704</p>
<p>    ECU	     4.6190	 4.6018</p>
<p>    100JPY	  3.2343	 3.2204</p>
<p>    SEK	     0.5267	 0.5201</p>
<p>    FIM	     0.8015	 0.7951</p>
<p>    EKK	     0.2971	 0.2965</p>
<p>    LAT	     6.8841	 6.8805</p>
<p>    1000RUR	 0.6985	 0.6986</p>
<p>    PLN	     1.2988	 1.2972</p>
<p>--Andrius Vilkancas, Vilnius newsroom +370 2 22 35 17</p>
</text>
<copyright>(c) Reuters Limited 1997</copyright>
<metadata>
<codes class="bip:countries:1.0">
  <code code="LITH">
    <editdetail attribution="Reuters BIP Coding Group" action="confirmed" date="1997-03-27"/>
  </code>
</codes>
<codes class="bip:topics:1.0">
  <code code="M13">
    <editdetail attribution="Reuters BIP Coding Group" action="confirmed" date="1997-03-27"/>
  </code>
  <code code="M132">
    <editdetail attribution="Reuters BIP Coding Group" action="confirmed" date="1997-03-27"/>
  </code>
  <code code="MCAT">
    <editdetail attribution="Reuters BIP Coding Group" action="confirmed" date="1997-03-27"/>
  </code>
</codes>
<dc element="dc.date.created" value="1997-03-27"/>
<dc element="dc.publisher" value="Reuters Holdings Plc"/>
<dc element="dc.date.published" value="1997-03-27"/>
<dc element="dc.source" value="Reuters"/>
<dc element="dc.creator.location" value="VILNIUS"/>
<dc element="dc.creator.location.country.name" value="LITHUANIA"/>
<dc element="dc.source" value="Reuters"/>
</metadata>
</newsitem>
