<?xml version="1.0" encoding="iso-8859-1" ?>
<newsitem itemid="471467" id="root" date="1997-03-27" xml:lang="en">
<title>UK: LIFFE coffee ends pre-Easter trade narrowly mixed.</title>
<headline>LIFFE coffee ends pre-Easter trade narrowly mixed.</headline>
<dateline>LONDON 1997-03-27</dateline>
<text>
<p>LIFFE robusta coffee futures crawled from session's lows to end on Thursday narrowly mixed in lethargic, pre-Easter holiday dealings, traders said.</p>
<p>Origin selling drove the market into the negative territory in the early afternoon but nearby positions managed to recoup slight gains at the close on end-of-the-year book-squaring and pre-holiday short-covering. March 31 is the end of the financial year for some stores.</p>
<p>The day's volume of 3,197 lots also comprised arbitrage buying against New York as the arabica futures raced higher at the start of the trading. However it pulled back slightly to finish midsession lower on profit-taking.</p>
<p>By the close, London's benchmark May stood $2 higher at $1,632 per tonne after trading between $1,610 and $1,650.</p>
<p>Spot March went off the board at lunchtime without a bang. It expired at $1,623, up $12, on a volume of 52 lots. The March open positions on the contract stood at just 120 lots, down 457, by Wednesday's close.</p>
<p>Long holders of March continued to receive tenders. By Thursday, deliveries reached 17,365 tonnes including re-tenders.</p>
<p>The London market is closed on Friday and Monday for Easter, reopening on Tuesday.</p>
<p>May/May arbitrage widened further to over $1.00 after holding around 90 cents earlier in the week. It stood at $1.12 at 1731 GMT.</p>
<p>The New York market had posted steep gains for two days in a row by Wednesday as speculators continued to buy heavily amid lingering supply woes.</p>
<p>After Wednesday's New York close, the Association of Coffee Producing Countries' secretariat said in a report that the supply prospects in the third quarter of 1997 continued to look tight and could be vulnerable to disruptions.</p>
<p>The London-based group also lowered its estimate for the Central American 1996/97 crop to 15.4 million bags from its previous forecast of 15.8 million.</p>
<p>It only lowered world consumption to 76 million bags on an annualised basis from its previous forecast of 76.5 million.</p>
<p>Technically, analysts said the robusta market now looked capable of holding support at $1,600-$1,500 for now after eroding support at much higher levels.</p>
<p>But the upside potential looked limited.</p>
<p>&quot;Overhead supply dominates and the potential for gains does not look large,&quot; Investment Research of Cambridge said on a weekly report. -- Jalil Hamid, London newsroom +44 171 542 4985</p>
</text>
<copyright>(c) Reuters Limited 1997</copyright>
<metadata>
<codes class="bip:countries:1.0">
  <code code="UK">
    <editdetail attribution="Reuters BIP Coding Group" action="confirmed" date="1997-03-27"/>
  </code>
</codes>
<codes class="bip:topics:1.0">
  <code code="M14">
    <editdetail attribution="Reuters BIP Coding Group" action="confirmed" date="1997-03-27"/>
  </code>
  <code code="M141">
    <editdetail attribution="Reuters BIP Coding Group" action="confirmed" date="1997-03-27"/>
  </code>
  <code code="MCAT">
    <editdetail attribution="Reuters BIP Coding Group" action="confirmed" date="1997-03-27"/>
  </code>
</codes>
<dc element="dc.date.created" value="1997-03-27"/>
<dc element="dc.publisher" value="Reuters Holdings Plc"/>
<dc element="dc.date.published" value="1997-03-27"/>
<dc element="dc.source" value="Reuters"/>
<dc element="dc.creator.location" value="LONDON"/>
<dc element="dc.creator.location.country.name" value="UK"/>
<dc element="dc.source" value="Reuters"/>
</metadata>
</newsitem>
