<?xml version="1.0" encoding="iso-8859-1" ?>
<newsitem itemid="471405" id="root" date="1997-03-27" xml:lang="en">
<title>ESTONIA: SHARE MARKET INVESTMENT RISES, FOREIGNERS ACTIVE.</title>
<headline>SHARE MARKET INVESTMENT RISES, FOREIGNERS ACTIVE.</headline>
<dateline>TALLINN 1997-03-27</dateline>
<text>
<p>The Estonian Stock Exchange said on Thursday that investment in the market has leapt since November last year and foreign investors were increasing their total market share.</p>
<p>The bourse said in a statement that there was a 1.76 percent increase in total market share by foreign investors in companies listed on the Tallinn stock exchange between November and March.</p>
<p>Total investment in the market on March 13 was 11.6 billion kroons compared to November 1996's 5.6 billion kroons.</p>
<p>Estonian investment increased from 3.4 billion kroons in November to 6.9 billion kroons in March, the stock exchange said in a statement. The rest of the investments were by foreigners.</p>
<p>Investment from Estonia as a percentage of total investment decreased from 61.37 percent in November 1996 to 59.61 percent.</p>
<p>&quot;The increase in foreign investment is important, but it is not too great and the increase in Estonian investment is good as it brings stability to the market,&quot; Helo Meigas, Tallinn Stock Exchange managing director, told Reuters.</p>
<p>In the same period Britain replaced Sweden as the third largest foreign investing country with 8.19 percent of total investment or 953.6 million kroons and Sweden on 940.7 million kroons.</p>
<p>-- David Mardiste, Tallinn newsroom +372 630 8400 reuters@reuters.ee</p>
</text>
<copyright>(c) Reuters Limited 1997</copyright>
<metadata>
<codes class="bip:countries:1.0">
  <code code="ESTNIA">
    <editdetail attribution="Reuters BIP Coding Group" action="confirmed" date="1997-03-27"/>
  </code>
</codes>
<codes class="bip:topics:1.0">
  <code code="E51">
    <editdetail attribution="Reuters BIP Coding Group" action="confirmed" date="1997-03-27"/>
  </code>
  <code code="ECAT">
    <editdetail attribution="Reuters BIP Coding Group" action="confirmed" date="1997-03-27"/>
  </code>
  <code code="M11">
    <editdetail attribution="Reuters BIP Coding Group" action="confirmed" date="1997-03-27"/>
  </code>
  <code code="MCAT">
    <editdetail attribution="Reuters BIP Coding Group" action="confirmed" date="1997-03-27"/>
  </code>
</codes>
<dc element="dc.date.created" value="1997-03-27"/>
<dc element="dc.publisher" value="Reuters Holdings Plc"/>
<dc element="dc.date.published" value="1997-03-27"/>
<dc element="dc.source" value="Reuters"/>
<dc element="dc.creator.location" value="TALLINN"/>
<dc element="dc.creator.location.country.name" value="ESTONIA"/>
<dc element="dc.source" value="Reuters"/>
</metadata>
</newsitem>
