<?xml version="1.0" encoding="iso-8859-1" ?>
<newsitem itemid="471417" id="root" date="1997-03-27" xml:lang="en">
<title>ESTONIA: NAITUSTE ISSUE CERTIFICATES TO BE TRADED.</title>
<headline>NAITUSTE ISSUE CERTIFICATES TO BE TRADED.</headline>
<dateline>TALLINN 1997-03-27</dateline>
<text>
<p>Eesti Naituste, an exhibition and fair organiser, will start trading the certificates for its share issue of new shares on the free market from March 31, the Tallinn stock exchange said on Thursday.</p>
<p>Until the share capital increase is entered into the business register, the 400,000 subscription certificates will trade under a different name than Eesti Naituste shares, the exchange added.</p>
<p>-- David Mardiste, Tallinn newsroom +372 630 8400 reuters@reuters.ee</p>
</text>
<copyright>(c) Reuters Limited 1997</copyright>
<metadata>
<codes class="bip:countries:1.0">
  <code code="ESTNIA">
    <editdetail attribution="Reuters BIP Coding Group" action="confirmed" date="1997-03-27"/>
  </code>
</codes>
<codes class="bip:industries:1.0">
  <code code="I83952">
    <editdetail attribution="Reuters BIP Coding Group" action="confirmed" date="1997-03-27"/>
  </code>
</codes>
<codes class="bip:topics:1.0">
  <code code="C17">
    <editdetail attribution="Reuters BIP Coding Group" action="confirmed" date="1997-03-27"/>
  </code>
  <code code="C171">
    <editdetail attribution="Reuters BIP Coding Group" action="confirmed" date="1997-03-27"/>
  </code>
  <code code="CCAT">
    <editdetail attribution="Reuters BIP Coding Group" action="confirmed" date="1997-03-27"/>
  </code>
</codes>
<dc element="dc.date.created" value="1997-03-27"/>
<dc element="dc.publisher" value="Reuters Holdings Plc"/>
<dc element="dc.date.published" value="1997-03-27"/>
<dc element="dc.source" value="Reuters"/>
<dc element="dc.creator.location" value="TALLINN"/>
<dc element="dc.creator.location.country.name" value="ESTONIA"/>
<dc element="dc.source" value="Reuters"/>
</metadata>
</newsitem>
