<?xml version="1.0" encoding="iso-8859-1" ?>
<newsitem itemid="471423" id="root" date="1997-03-27" xml:lang="en">
<title>LATVIA: CENTRAL BANK FIXINGS FOR APRIL 1.</title>
<headline>CENTRAL BANK FIXINGS FOR APRIL 1.</headline>
<dateline>RIGA 1997-03-27</dateline>
<text>
<p>The central bank set the</p>
<p>following currency fixings for the lat on Thursday, which are</p>
<p>valid for April 1.</p>
<p>    USD	  0.579</p>
<p>    ATS	  0.0489</p>
<p>    AUD	  0.455</p>
<p>    BEF	  0.0167</p>
<p>    CAD	  0.421</p>
<p>    CHF	  0.397</p>
<p>    CZK	  0.0198</p>
<p>    DEM	  0.344</p>
<p>    DKK	  0.0903</p>
<p>    ECU	  0.666</p>
<p>    EEK	  0.0430</p>
<p> 100ESP	  0.405</p>
<p>    FIM	  0.116</p>
<p>    FRF	  0.1021</p>
<p>    GBP	  0.943</p>
<p> 100HUF	  0.328</p>
<p> 100ITL	  0.0345</p>
<p> 100JPY	  0.468</p>
<p>    KGS	  0.0330</p>
<p>    LTL	  0.145</p>
<p>    MDL	  0.126</p>
<p>    NLG	  0.306</p>
<p>    NOK	  0.0870</p>
<p>    PLN	  0.188</p>
<p> 1000RUR	 0.1010</p>
<p>    SDR	  0.7997</p>
<p>    SEK	  0.0762</p>
<p>    SKK	  0.0175</p>
<p>XAU(gold)  202.39</p>
<p>-- Riga Newsroom, +371 721 5240</p>
</text>
<copyright>(c) Reuters Limited 1997</copyright>
<metadata>
<codes class="bip:countries:1.0">
  <code code="LATV">
    <editdetail attribution="Reuters BIP Coding Group" action="confirmed" date="1997-03-27"/>
  </code>
</codes>
<codes class="bip:topics:1.0">
  <code code="M13">
    <editdetail attribution="Reuters BIP Coding Group" action="confirmed" date="1997-03-27"/>
  </code>
  <code code="M132">
    <editdetail attribution="Reuters BIP Coding Group" action="confirmed" date="1997-03-27"/>
  </code>
  <code code="MCAT">
    <editdetail attribution="Reuters BIP Coding Group" action="confirmed" date="1997-03-27"/>
  </code>
</codes>
<dc element="dc.date.created" value="1997-03-27"/>
<dc element="dc.publisher" value="Reuters Holdings Plc"/>
<dc element="dc.date.published" value="1997-03-27"/>
<dc element="dc.source" value="Reuters"/>
<dc element="dc.creator.location" value="RIGA"/>
<dc element="dc.creator.location.country.name" value="LATVIA"/>
<dc element="dc.source" value="Reuters"/>
</metadata>
</newsitem>
