<?xml version="1.0" encoding="iso-8859-1" ?>
<newsitem itemid="471412" id="root" date="1997-03-27" xml:lang="en">
<title>LATVIA: LATEKO BANK 1996 NET PROFIT RISES.</title>
<headline>LATEKO BANK 1996 NET PROFIT RISES.</headline>
<dateline>RIGA 1997-03-27</dateline>
<text>
<p>Lateko Bank, the 16th largest bank, said on Thursday that its 1996 profit after tax was 704,000 lats versus 388,000 lats in 1995.</p>
<p>The bank also said in a statement that its assets rose in 1996 to 17.86 million lats from 9.97 million lats.</p>
<p>Net interest income was 726,000 lats versus 294,000 lats, foreign exchange profit was 825,000 lats versus 259,000 lats and the net gain from trading operations was 230,000 lats versus 16,000 lats.</p>
<p>The total income for 1996 was 2.17 million lats versus 896,000 lats.</p>
<p>The bank also made provision for losses of 547,000 lats after a recovery for losses of 113,000 lats in 1995.</p>
<p>Pre-tax profit was 715,000 lats versus 399,000 lats.</p>
<p>-- Riga Newsroom, +371 721 5240</p>
</text>
<copyright>(c) Reuters Limited 1997</copyright>
<metadata>
<codes class="bip:countries:1.0">
  <code code="LATV">
    <editdetail attribution="Reuters BIP Coding Group" action="confirmed" date="1997-03-27"/>
  </code>
</codes>
<codes class="bip:industries:1.0">
  <code code="I81402">
    <editdetail attribution="Reuters BIP Coding Group" action="confirmed" date="1997-03-27"/>
  </code>
</codes>
<codes class="bip:topics:1.0">
  <code code="C15">
    <editdetail attribution="Reuters BIP Coding Group" action="confirmed" date="1997-03-27"/>
  </code>
  <code code="C151">
    <editdetail attribution="Reuters BIP Coding Group" action="confirmed" date="1997-03-27"/>
  </code>
  <code code="C1511">
    <editdetail attribution="Reuters BIP Coding Group" action="confirmed" date="1997-03-27"/>
  </code>
  <code code="CCAT">
    <editdetail attribution="Reuters BIP Coding Group" action="confirmed" date="1997-03-27"/>
  </code>
</codes>
<dc element="dc.date.created" value="1997-03-27"/>
<dc element="dc.publisher" value="Reuters Holdings Plc"/>
<dc element="dc.date.published" value="1997-03-27"/>
<dc element="dc.source" value="Reuters"/>
<dc element="dc.creator.location" value="RIGA"/>
<dc element="dc.creator.location.country.name" value="LATVIA"/>
<dc element="dc.source" value="Reuters"/>
</metadata>
</newsitem>
