<?xml version="1.0" encoding="iso-8859-1" ?>
<newsitem itemid="471501" id="root" date="1997-03-27" xml:lang="en">
<title>CANADA: Bre-X revelation shocks Canadian town of millionaires.</title>
<headline>Bre-X revelation shocks Canadian town of millionaires.</headline>
<byline>Jeffrey Jones</byline>
<dateline>CALGARY, Alberta 1997-03-27</dateline>
<text>
<p>The stunning revelation that Bre-X Minerals Ltd.'s Indonesian gold deposit may not be as rich as touted sent shock waves all the way back to the company's roots in small-town western Canada.</p>
<p>Perhaps no one was more stunned by Bre-X's admission on Wednesday that the Busang project's gold reserves might have been overstated than the residents of St. Paul, Alberta, a sleepy farming town of 5,000 residents 124 miles (200 km) northeast of Edmonton, Alberta.</p>
<p>St. Paul became famous as the prairie home to about 100 shopkeepers, electricians and farmers who bought stock in Calgary, Alberta-based Bre-X more than two years ago at pennies a share on the advice of a local broker and became instant millionaires as the stock soared to C$250 ($181) before a 10-to-1 stock split.</p>
<p>The St. Paul investors who still held Bre-X stock watched in horror on Thursday as their paper fortunes stood to wither faster than they grew. Bre-X stock, which traded for just the last hour of Thursday's session, plunged C$13 to C$2.50 ($1.81) after being halted all day Wednesday. After the split the stock had risen as high as C$28 ($20.30).</p>
<p>&quot;The people are as surprised and shocked here as anywhere in the world, except that maybe because they are rural people, they are more used to business being done up front,&quot; said Olli Megley, general manager of the St. Paul Journal newspaper who bought Bre-X stock at C20 cents (14 cents) a share.</p>
<p>Megley said for many townsfolk, the Bre-X investment was their first stock market foray. Those who had not balanced the stock with other investments could find themselves in serious financial trouble, she said.</p>
<p>Bre-X rocked the world's mining and investment industries on Wednesday by admitting test samples from its Busang gold property on the island of Borneo may have been overstated. The property was billed as the biggest gold find of the century.</p>
<p>Bre-X's Busang partner, New Orleans-based Freeport McMoRan Copper &amp; Gold Inc., said analysis of its own drilling results so far indicated &quot;insignificant amounts of gold.&quot;</p>
<p>The news came after a week of intrigue for Bre-X that included its chief geologist's falling to his death in the Indonesian jungle from a helicopter in an apparent suicide and reports in an Indonesian newspaper that Freeport had doubts about the size and viability of Busang.</p>
<p>&quot;It's the word 'insignificant' that really concerns me now,&quot; said Bob Porozni, a St. Paul pharmacist who was one of the town's first Bre-X shareholders. &quot;I don't know who's at fault here, but it's a difficult situation.&quot;</p>
<p>The major concern, he said, was the uncertainty stemming from a lack of reliable information.</p>
<p>Porozni, who runs two Valu Drug Mart stores in St. Paul, said he was trying to be philosophical about Bre-X and the risks that accompany stock market investments.</p>
<p>&quot;I'm prepared to take the ups with the downs. I don't want to lose money, of course, but I'm not going to be forced to sell pencils on the street,&quot; he said. &quot;I am concerned about some people -- maybe they borrowed money to buy the stock.&quot;</p>
<p>Megley said any downside from the Bre-X saga would likely have little effect on the economy of St. Paul, whose previous claim to fame was a landing pad for UFOs built as a civic landmark.</p>
<p>She said the town was prospering from a boom in agriculture and the oil and gas industry.</p>
</text>
<copyright>(c) Reuters Limited 1997</copyright>
<metadata>
<codes class="bip:countries:1.0">
  <code code="CANA">
    <editdetail attribution="Reuters BIP Coding Group" action="confirmed" date="1997-03-27"/>
  </code>
  <code code="INDON">
    <editdetail attribution="Reuters BIP Coding Group" action="confirmed" date="1997-03-27"/>
  </code>
</codes>
<codes class="bip:industries:1.0">
  <code code="I21000">
    <editdetail attribution="Reuters BIP Coding Group" action="confirmed" date="1997-03-27"/>
  </code>
</codes>
<codes class="bip:topics:1.0">
  <code code="C24">
    <editdetail attribution="Reuters BIP Coding Group" action="confirmed" date="1997-03-27"/>
  </code>
  <code code="CCAT">
    <editdetail attribution="Reuters BIP Coding Group" action="confirmed" date="1997-03-27"/>
  </code>
</codes>
<dc element="dc.date.created" value="1997-03-27"/>
<dc element="dc.publisher" value="Reuters Holdings Plc"/>
<dc element="dc.date.published" value="1997-03-27"/>
<dc element="dc.source" value="Reuters"/>
<dc element="dc.creator.location" value="CALGARY, Alberta"/>
<dc element="dc.creator.location.country.name" value="CANADA"/>
<dc element="dc.source" value="Reuters"/>
</metadata>
</newsitem>
