<?xml version="1.0" encoding="iso-8859-1" ?>
<newsitem itemid="471505" id="root" date="1997-03-27" xml:lang="en">
<title>CANADA: Toronto indices closing - March 27.</title>
<headline>Toronto indices closing - March 27.</headline>
<text>
<p>Coms			 5931.80  -191.04</p>
<p> Met/Min		    5362.22  -194.01</p>
<p> Gold			 9559.92  -906.93</p>
<p> Oil/Gas		    6370.32  -129.00</p>
<p> Volume		 105,820,459</p>
</text>
<copyright>(c) Reuters Limited 1997</copyright>
<metadata>
<codes class="bip:countries:1.0">
  <code code="CANA">
    <editdetail attribution="Reuters BIP Coding Group" action="confirmed" date="1997-03-27"/>
  </code>
</codes>
<codes class="bip:topics:1.0">
  <code code="M11">
    <editdetail attribution="Reuters BIP Coding Group" action="confirmed" date="1997-03-27"/>
  </code>
  <code code="MCAT">
    <editdetail attribution="Reuters BIP Coding Group" action="confirmed" date="1997-03-27"/>
  </code>
</codes>
<dc element="dc.publisher" value="Reuters Holdings Plc"/>
<dc element="dc.date.published" value="1997-03-27"/>
<dc element="dc.source" value="Reuters"/>
<dc element="dc.creator.location.country.name" value="CANADA"/>
<dc element="dc.source" value="Reuters"/>
</metadata>
</newsitem>
