<?xml version="1.0" encoding="iso-8859-1" ?>
<newsitem itemid="471513" id="root" date="1997-03-27" xml:lang="en">
<title>CANADA: CWB ups '97/98 durum PRO, wheat, barley unchanged.</title>
<headline>CWB ups '97/98 durum PRO, wheat, barley unchanged.</headline>
<dateline>WINNIPEG 1997-03-27</dateline>
<text>
<p>The Canadian Wheat Board said Thursday it had raised by C$5.00 per tonne its 1997/98 Pool Return Outlook (PRO) for durum and left unchanged its PROs for wheat and barley.</p>
<p>CWB also issued Estimated Pool Returns (EPRs) for 1996/97. These included estimates for durum wheat which were above the previous month's PROs for 1996/97.</p>
<p>&quot;Based on these estimates, the CWB is recommending to the federal government that the initial payments for certain grades of durum wheat be increased,&quot; the CWB said in a news release.  </p>
<p>CWB said the prices for durum had been stronger during the last month as dry conditions affected the North African durum crop. In general estimated returns for milling wheat remained unchanged while EPRs for feed barley were lower.</p>
<p>&quot;The grain movement problems the industry is currently facing have limited the ability of the CWB to fully participate in nearby (feed barley) sales opportunities,&quot; the CWB said.</p>
<p>PROs are monthly CWB estimates of crop year returns, which take into account factors such as market fundamentals, weather and exchange rates.  </p>
<p>EPRs are estimates of projected final returns for wheat and barley delivered to the CWB during the crop year. They are based on a combination of firm sales and forecasts of sales to be made between now and the end of the pooling period.  </p>
<p>Pool returns in Canadian dollars per tonne based on grain in store St. Lawrence or Vancouver:</p>
<p>		   Mar (PRO)	 Feb (PRO)	Mar (EPR)</p>
<p>Wheat	     '97-'98	  '97-'98	  '96-97</p>
<p>No1 CWRS	  160-190	  160-190	  201</p>
<p>No1 CPSR	  150-180	  150-180	  190</p>
<p>No1 CPSW	  150-180	  150-180	  190</p>
<p>No1 CWRW	  154-184	  154-184	  199</p>
<p>No1 CWES	  160-190	  160-190	  206</p>
<p>No1 CWSWS	 151-181	  151-181	  190</p>
<p>Durum</p>
<p>No1 CWAD	  180-210	  175-205	  228</p>
<p>Feed Barley</p>
<p>No1 CW	    110-140	  110-140	  149</p>
<p>Designated barley</p>
<p>S CW Two-Row    165-195	  165-195	  231</p>
<p>S CW Six-Row    130-160	  130-160	  196</p>
<p>CWRS=Canada Western Spring Wheat. CPSR=Canada Prairie Spring Red. CPSW=Canada Prairie Spring White. CWRW= Canada Western Red Winter. CWES=Canada Western Extra Strong.</p>
<p>CWSWS=Canada Western Soft White Spring. CWF=Canada Western Feed. CWAD=Canada Western Amber Durum. CW=Canada Western. SS=Special Select.</p>
<p>((Chicago newsdesk 312 408 8720))</p>
</text>
<copyright>(c) Reuters Limited 1997</copyright>
<metadata>
<codes class="bip:countries:1.0">
  <code code="CANA">
    <editdetail attribution="Reuters BIP Coding Group" action="confirmed" date="1997-03-27"/>
  </code>
</codes>
<codes class="bip:topics:1.0">
  <code code="M14">
    <editdetail attribution="Reuters BIP Coding Group" action="confirmed" date="1997-03-27"/>
  </code>
  <code code="M141">
    <editdetail attribution="Reuters BIP Coding Group" action="confirmed" date="1997-03-27"/>
  </code>
  <code code="MCAT">
    <editdetail attribution="Reuters BIP Coding Group" action="confirmed" date="1997-03-27"/>
  </code>
</codes>
<dc element="dc.date.created" value="1997-03-27"/>
<dc element="dc.publisher" value="Reuters Holdings Plc"/>
<dc element="dc.date.published" value="1997-03-27"/>
<dc element="dc.source" value="Reuters"/>
<dc element="dc.creator.location" value="WINNIPEG"/>
<dc element="dc.creator.location.country.name" value="CANADA"/>
<dc element="dc.source" value="Reuters"/>
</metadata>
</newsitem>
