<?xml version="1.0" encoding="iso-8859-1" ?>
<newsitem itemid="471557" id="root" date="1997-03-27" xml:lang="en">
<title>SOUTH AFRICA: Wall St seen shepherding S.Africa stocks next week.</title>
<headline>Wall St seen shepherding S.Africa stocks next week.</headline>
<byline>Melanie Cheary</byline>
<dateline>JOHANNESBURG 1997-03-27</dateline>
<text>
<p>South African stocks will next week look to Wall Street for guidance as interest in the local market will be held back by quiet Easter holiday trade, equity and porfolio managers said.</p>
<p>&quot;We're into holiday season and there are a lot of portfolio managers away,&quot; James Scott, equity marketing manager at Societe Generale Frankel Pollak told Reuters on Thursday.</p>
<p>&quot;This market is jittery because of what's happening in the U.S. We'll watch the Dow closely,&quot; said Denzil Newman, Syfrets Managed Assets portfolio manager.</p>
<p>The Federal Reserve's 25 basis point hike in U.S. interest rates late Tuesday, although largely discounted by world markets earlier, is seen having some further impact on Wall Street and U.S. long bonds which would follow through into South Africa.</p>
<p>&quot;The rate cut was discounted and figures out of the U.S. still indicate good growth in that economy. We'll still track Wall Street,&quot; Scott said.</p>
<p>Commentators here added that the local stock market undertone is firm and, providing there is no shake-up in U.S. shares, South African stocks will weather any hangover.</p>
<p>&quot;Sentiment about our market is improving. Foreigners are showing reasonable interest in industrial and financial stocks this will underpin our market for a while. Local sentiment has also improved,&quot; Newman said.</p>
<p>With markets closed on Friday and Monday for the Easter holidays trade next week is seen dull.</p>
<p>&quot;We see quite a flat market. The outlook is not terribly exciting,&quot; Scott said.</p>
<p>He added much of the expected flatness would continue for a while with the second quarter of the year traditionally flat.</p>
<p>Economic forecasts for South Africa were positive, recently announced company earnings were adding a glow and consumer confidence was starting to pick up boosting retail shares, equity and portfolio managers said.</p>
<p>&quot;Earnings and economic forecasts are looking good and the retail sector is looking up after not looking so good for a while,&quot; Newman said.</p>
<p>But commentators said gold stocks would continue to be disappointing with the bullion price stuck around $350 an ounce and regularly stumbling below.</p>
<p>They added that one of the scarce positive factors likely to cheer gold was the announcement on Thursday that the Indonesian government had put the Busang gold find on hold after news the deposit might be nowhere near as large as had been reported.</p>
<p>Local economic indicators likely to offer markets direction next week are February's money supply and gold and foreign exchange reserves due on Wednesday.</p>
<p>There are no major company results expected.</p>
<p>-- Johannesburg newsroom +27 11 482-1003</p>
</text>
<copyright>(c) Reuters Limited 1997</copyright>
<metadata>
<codes class="bip:countries:1.0">
  <code code="SAFR">
    <editdetail attribution="Reuters BIP Coding Group" action="confirmed" date="1997-03-27"/>
  </code>
</codes>
<codes class="bip:topics:1.0">
  <code code="M11">
    <editdetail attribution="Reuters BIP Coding Group" action="confirmed" date="1997-03-27"/>
  </code>
  <code code="MCAT">
    <editdetail attribution="Reuters BIP Coding Group" action="confirmed" date="1997-03-27"/>
  </code>
</codes>
<dc element="dc.date.created" value="1997-03-27"/>
<dc element="dc.publisher" value="Reuters Holdings Plc"/>
<dc element="dc.date.published" value="1997-03-27"/>
<dc element="dc.source" value="Reuters"/>
<dc element="dc.creator.location" value="JOHANNESBURG"/>
<dc element="dc.creator.location.country.name" value="SOUTH AFRICA"/>
<dc element="dc.source" value="Reuters"/>
</metadata>
</newsitem>
