<?xml version="1.0" encoding="iso-8859-1" ?>
<newsitem itemid="471544" id="root" date="1997-03-27" xml:lang="en">
<title>TOGO: Zaire's warring parties agree to talks, no date. [CORRECTED 2:29 GMT 28/3]</title>
<headline>Zaire's warring parties agree to talks, no date. [CORRECTED 2:29 GMT 28/3]</headline>
<byline>Nicholas Phythian</byline>
<dateline>LOME 1996-03-28</dateline>
<text>
<p>Zaire's warring parties, brought together by Organisation of African Unity (OAU) leaders at a special summit in Togo, have agreed to hold talks -- but have not fixed the date.</p>
<p>The summit, an attempt to streamline a host of initiatives to contain the crisis at the volatile heart of Africa, closed after calling on the two sides to hold immediate talks leading to a ceasefire -- a moral victory for Laurent Kabila's rebels.</p>
<p>It urged all players to throw their weight behind a five point peace plan formulated by U.N. and OAU special representative Mohamed Sahnoun.</p>
<p>But despite intensive efforts on the sidelines by host President Gnassingbe Eyadema and the presidents of Nigeria and Cameroon, the various leaders dispersed without any announcement on dates.</p>
<p>&quot;The two delegations have reiterated their commitment to accept the principle of a ceasefire and the principle of negotiations,&quot; a statement on the parallel talks said.</p>
<p>A date for negotiations and a ceasefire will be announced by the OAU, the U.N. and in Togo's capital Lome, in Zaire's capital Kinshasa and rebel headquarters in Goma after the delegations had consulted their respective parties, it added.</p>
<p>The rebels, who control one fifth of the sprawling Central African nation, took up arms in October vowing to topple President Mobutu Sese Seko while the veteran leader was in Europe recovering from prostate cancer surgery.</p>
<p>The revolt has weakened Mobutu's grip on the former Belgian colony he has dominated since seizing power in 1965. Ordinary Zaireans, impoverished by three decades of Mobutu's rule, are eager for change -- from whatever direction it comes.</p>
<p>Kabila's popularity has risen with each battlefield victory and many people in Kinshasa's teeming suburbs say they would welcome him with open arms.</p>
<p>The OAU summit gave the rebels, who had called for talks before any truce (Corrects to make clear that talks were to come first),</p>
<p>their first major international platform.</p>
<p>Bizima Karaha, Kabila's foreign affairs strategist, told a news conference on the sidelines of the summit that talks were imminent and South Africa or Togo were likely venues.</p>
<p>&quot;We are very excited to learn that for the first time the people from Kinshasa have decided to agree on a starting of the negotiations which are going to be in a very few days to come,&quot; he said. &quot;We are ready to go in any country as long as those Zaireans are serious.&quot;</p>
<p>He said the rebels were ready to agree a truce, but the question was with whom as there was a &quot;political vacuum&quot;.</p>
<p>But Karaha said Mobutu, who returned home on Friday after fresh cancer treatment in Europe, remained a player. &quot;There are some people who have a little power (left), in particular Mobutu and we would like to negotiate with him,&quot; he added.</p>
<p>Karaha said that Kabila would not negotiate in person as the rebels had a special team to do that.</p>
<p>Kakudji and Karaha said they shook hands with the representatives of the central authorities late on Wednesday in the presence of Eyadema and U.N. secretary General Kofi Annan.</p>
<p>But there were no negotiations as such, with the rebel representatives saying the Kinshasa delegation had no mandate.</p>
<p>France and the United States, accused of supporting opposite sides, are among Western nations who have sent troops to the region to evacuate their nationals if peace efforts collapse and violence erupts in Kinshasa.</p>
<p>They put on a show of unity, lobbying jointly for a truce and talks.</p>
</text>
<copyright>(c) Reuters Limited 1997</copyright>
<metadata>
<codes class="bip:countries:1.0">
  <code code="OAU">
    <editdetail attribution="Reuters BIP Coding Group" action="confirmed" date="1997-03-27"/>
  </code>
  <code code="TOGO">
    <editdetail attribution="Reuters BIP Coding Group" action="confirmed" date="1997-03-27"/>
  </code>
  <code code="ZAIRE">
    <editdetail attribution="Reuters BIP Coding Group" action="confirmed" date="1997-03-27"/>
  </code>
</codes>
<codes class="bip:topics:1.0">
  <code code="GCAT">
    <editdetail attribution="Reuters BIP Coding Group" action="confirmed" date="1997-03-27"/>
  </code>
  <code code="GDIP">
    <editdetail attribution="Reuters BIP Coding Group" action="confirmed" date="1997-03-27"/>
  </code>
  <code code="GPOL">
    <editdetail attribution="Reuters BIP Coding Group" action="confirmed" date="1997-03-27"/>
  </code>
  <code code="GVIO">
    <editdetail attribution="Reuters BIP Coding Group" action="confirmed" date="1997-03-27"/>
  </code>
</codes>
<dc element="dc.date.created" value="1996-03-28"/>
<dc element="dc.publisher" value="Reuters Holdings Plc"/>
<dc element="dc.date.published" value="1997-03-27"/>
<dc element="dc.source" value="Reuters"/>
<dc element="dc.creator.location" value="LOME"/>
<dc element="dc.creator.location.country.name" value="TOGO"/>
<dc element="dc.source" value="Reuters"/>
</metadata>
</newsitem>
