<?xml version="1.0" encoding="iso-8859-1" ?>
<newsitem itemid="471518" id="root" date="1997-03-27" xml:lang="en">
<title>CANADA: Investors demand answers in Bre-X mystery.</title>
<headline>Investors demand answers in Bre-X mystery.</headline>
<byline>Cynthia Osterman</byline>
<dateline>VANCOUVER 1997-03-27</dateline>
<text>
<p>How could so many stock analysts and mining experts have been fooled?</p>
<p>Investors were trying to figure out what went wrong and who to blame on Thursday after shocking revelations that Bre-X Minerals Ltd.'s Indonesian gold discovery may be a dud.</p>
<p>The extent to which the Busang deposit -- once trumpeted as the biggest gold discovery of the century -- might have been overstated, will not become clear for several weeks.</p>
<p>For many investors the most worrying aspect of the affair was how stock analysts, geologists, investment bankers, big mining companies, government officials and regulators were all quickly swept up in the euphoria over the Indonesian discovery.</p>
<p>Apparently they took the company's confident claims at face value without independent confirmation.</p>
<p>During Bre-X's spectacular stock market rise, there were few dissenting voices, despite what some market watchers now say were warning signs.</p>
<p>&quot;People should have been more skeptical when the valuations were so extreme. People should have demanded access to complete and proper due diligence&quot; on the property,&quot; Yorkton Securities mining analyst Doug Leishman said.</p>
<p>&quot;Shareholders wanted to believe the good news. I think it was a function of market greed and human psychology.&quot;</p>
<p>Canadian securities regulators started probing the episode on Thursday and geological consultants hired by Bre-X were to begin re-testing the Busang deposit in the Indonesian jungle.</p>
<p>Bre-X Chief Executive David Walsh said on Thursday the company was confident in Busang's reserve potential and stood behind its technical work on the property.</p>
<p>After Walsh's comments, which came barely 24 hours after he had admitted there was &quot;a strong possibility&quot; that Bre-X's exploration results had been overstated.</p>
<p>Its prospective partner, Freeport-McMoRan Copper &amp; Gold Inc. of New Orleans said preliminary results from seven drill holes showed &quot;insignificant amounts&quot; of gold.</p>
<p>Bre-X shares resumed trading on the Toronto Stock Exchange, down C$12 to C$3.50 in panicky trading, making investors' views abundantly clear.</p>
<p>The Bre-X developments reverberated across Canada like a shockwave, tarnishing its mining industry and casting a pall over its stock exchanges and the broad financial community.</p>
<p>Bre-X had claimed previously that the Busang deposit contained 71 million ounces of gold, worth about $20 billion at current gold prices, and projected it could hold up to 200 million ounces.</p>
<p>Attempts to dissect what, if anything, went wrong with Bre-X's calculations will now focus on the potentially invalid samples and assays. Such analyses are used to estimate the size of a mineral deposit based on small rock tests.</p>
<p>Bre-X on Thursday dismissed rumors that its samples could have been tampered with.</p>
<p>&quot;Sampling and assaying is a very inexact science. There is a lot of room for error. If you are extrapolating from results which themselves may not have been sufficiently tested...you are building on a house of cards,&quot; said Hugh Leggatt of Placer Dome Inc.. Placer, a gold mining company, at one time hoped to merge with Bre-X in a $5 billion deal.</p>
<p>Even given a margin for error in assaying, that hardly explains the huge difference between Bre-X's claim of 71 million ounces and Freeport McMoran's study showing &quot;insignificant amounts&quot; of gold.</p>
<p>Kilborn Engineering, the Vancouver company that did the original assessment of Bre-X's drilling, stood behind its estimates, but stressed that its work consisted of modeling and other studies, not drilling or sampling.</p>
<p>Yorkton's Leishman said Bre-X was unorthodox because it did not save part of its core samples for later inspection as most mining companies do. It also did not provide detailed assay information or allow outsiders to do their own sampling.</p>
<p>The signs and persistent rumors questioning Bre-X's credibility should have caused mining analysts and the big companies, such as Placer and Toronto's Barrick Gold Corp., which sought to cut a deal with Bre-X, to be more cautious, he said.</p>
</text>
<copyright>(c) Reuters Limited 1997</copyright>
<metadata>
<codes class="bip:countries:1.0">
  <code code="CANA">
    <editdetail attribution="Reuters BIP Coding Group" action="confirmed" date="1997-03-27"/>
  </code>
  <code code="INDON">
    <editdetail attribution="Reuters BIP Coding Group" action="confirmed" date="1997-03-27"/>
  </code>
</codes>
<codes class="bip:industries:1.0">
  <code code="I21000">
    <editdetail attribution="Reuters BIP Coding Group" action="confirmed" date="1997-03-27"/>
  </code>
</codes>
<codes class="bip:topics:1.0">
  <code code="C24">
    <editdetail attribution="Reuters BIP Coding Group" action="confirmed" date="1997-03-27"/>
  </code>
  <code code="CCAT">
    <editdetail attribution="Reuters BIP Coding Group" action="confirmed" date="1997-03-27"/>
  </code>
</codes>
<dc element="dc.date.created" value="1997-03-27"/>
<dc element="dc.publisher" value="Reuters Holdings Plc"/>
<dc element="dc.date.published" value="1997-03-27"/>
<dc element="dc.source" value="Reuters"/>
<dc element="dc.creator.location" value="VANCOUVER"/>
<dc element="dc.creator.location.country.name" value="CANADA"/>
<dc element="dc.source" value="Reuters"/>
</metadata>
</newsitem>
