<?xml version="1.0" encoding="iso-8859-1" ?>
<newsitem itemid="471590" id="root" date="1997-03-27" xml:lang="en">
<title>COTE D'IVOIRE: PRESS DIGEST - Ivory Coast - March 27.</title>
<headline>PRESS DIGEST - Ivory Coast - March 27.</headline>
<dateline>ABIDJAN 1997-03-27</dateline>
<text>
<p>These are significant items in the Ivorian press on Thursday. Reuters has not verified these items and does not vouch for their accuracy.</p>
<p>FRATERNITE MATIN</p>
<p>- Ivory Coast sets up unit to crack down on fraud in textile industry. Names illegal African and Lebanese traders after seizing 3,836 rolls of cloth worth 26 CFA million without correct origin denomination. Plans review of relevant laws.</p>
<p>- Ivorian Anti-Pollution Centre lauches Belgian-funded 210 million CFA campaign against marine and lagoon pollution. Data collection, personnel training and surveillance flights planned to cut down on oil pollution. New environment taxes being considered for 1998.</p>
<p>- Ivory Coast considers plans to give the state a greater role in judicial decision-making.</p>
<p>- Pay strike since March 4 continues at Abidjan-based French shipbuilding and repair yard CARENA, which serves offshore sector.</p>
<p>LA VOIE</p>
<p>- ECOWAS (Economic Community of West African States) meets donors to discuss eight billion CFA of financing needed for regional agricultural development, weather monitoring and environmental projects. Ends on Friday.</p>
<p>LE JOUR</p>
<p>- United States offers Ivory Coast marine patrol launches to help police border with Liberia.</p>
<p>-- Abidjan newsroom +225 21 90 90 ABI MPB NK</p>
</text>
<copyright>(c) Reuters Limited 1997</copyright>
<metadata>
<codes class="bip:countries:1.0">
  <code code="ICST">
    <editdetail attribution="Reuters BIP Coding Group" action="confirmed" date="1997-03-27"/>
  </code>
</codes>
<codes class="bip:topics:1.0">
  <code code="GCAT">
    <editdetail attribution="Reuters BIP Coding Group" action="confirmed" date="1997-03-27"/>
  </code>
</codes>
<dc element="dc.date.created" value="1997-03-27"/>
<dc element="dc.publisher" value="Reuters Holdings Plc"/>
<dc element="dc.date.published" value="1997-03-27"/>
<dc element="dc.source" value="Reuters"/>
<dc element="dc.creator.location" value="ABIDJAN"/>
<dc element="dc.creator.location.country.name" value="COTE D'IVOIRE"/>
<dc element="dc.source" value="Reuters"/>
</metadata>
</newsitem>
