<?xml version="1.0" encoding="iso-8859-1" ?>
<newsitem itemid="471555" id="root" date="1997-03-27" xml:lang="en">
<title>SOUTH AFRICA: S.African stock market closing report.</title>
<headline>S.African stock market closing report.</headline>
<dateline>JOHANNESBURG 1997-03-27</dateline>
<text>
<p>South African industrials and all-shares ended a quiet week firmer ahead of the Good Friday and Easter Monday holidays.</p>
<p>&quot;Industrials and all-shares were up, but it's all been pretty quiet which is to be expected,&quot; one dealer said.</p>
<p>&quot;We're into holiday season and there are a lot of portfolio managers away,&quot; James Scott, equity marketing manager at Societe Generale Frankel Pollak told Reuters.</p>
<p>Dealers said the rise in industrials and all-shares was poretty much due to window-dressing for the unit-trust close-out on Thursday.</p>
<p>But some commentators added that the underlying tone to the market was positive and, providing U.S. stocks suffered no serious setback, local shares would be safe.</p>
<p>Gold shares finished flat after nudging up slightly.</p>
<p>Dealers said that the index was unlikely to brighten due to expectations that first quarter gold results will be disappointing and the weak bullion price is set to erode interest in gold shares even further.</p>
<p>Shares next week were seen tracking Wall Street which could still be affected by the Federal Reserve's 25 basis point rate hike on Tuesday.</p>
<p>&quot;This market is jittery because of what's happening in the U.S. We'll watch the Dow closely,&quot; said Denzil Newman, Syfrets Managed Assets portfolio manager.</p>
<p>&quot;Sentiment about our market is improving. Foreigners are showing reasonable interest,&quot; he added.</p>
<p>Shares were unmoved by the February CPI number and trade figure.  </p>
<p>Industrials finished up 31.4 points at 8,339.4, all-shares were up 35.2 points at 7,094.8 points and golds were off 0.3 points at 1,301.6 points.</p>
<p>De Beers was up 250 cents at 161 rand, Richemont was up 100 cents at 58.25 rand and Sasol was off 125 cents at 47.25 rand.</p>
<p>Share futures hardly budged throughout the day, also dampened by quiet trade ahead of the holidays.</p>
<p>Finishing the week a tad softer, contracts were seen trending firmer next week once volumes pick up.</p>
<p>The June all-share contract was last at 6,510/25 from 6,515, the industrial contract is at 8,115/22 from 8,130 and the gold contract is at 915/23 from 923.</p>
<p>-- Melanie Cheary, Johannesburg newsroom +27 11 482-1003</p>
</text>
<copyright>(c) Reuters Limited 1997</copyright>
<metadata>
<codes class="bip:countries:1.0">
  <code code="SAFR">
    <editdetail attribution="Reuters BIP Coding Group" action="confirmed" date="1997-03-27"/>
  </code>
</codes>
<codes class="bip:topics:1.0">
  <code code="M11">
    <editdetail attribution="Reuters BIP Coding Group" action="confirmed" date="1997-03-27"/>
  </code>
  <code code="MCAT">
    <editdetail attribution="Reuters BIP Coding Group" action="confirmed" date="1997-03-27"/>
  </code>
</codes>
<dc element="dc.date.created" value="1997-03-27"/>
<dc element="dc.publisher" value="Reuters Holdings Plc"/>
<dc element="dc.date.published" value="1997-03-27"/>
<dc element="dc.source" value="Reuters"/>
<dc element="dc.creator.location" value="JOHANNESBURG"/>
<dc element="dc.creator.location.country.name" value="SOUTH AFRICA"/>
<dc element="dc.source" value="Reuters"/>
</metadata>
</newsitem>
