<?xml version="1.0" encoding="iso-8859-1" ?>
<newsitem itemid="471531" id="root" date="1997-03-27" xml:lang="en">
<title>ZAIRE: Zaire rebels exaggerate progress in Shaba - sources.</title>
<headline>Zaire rebels exaggerate progress in Shaba - sources.</headline>
<byline>Richard Meares</byline>
<dateline>LUBUMBASHI 1997-03-27</dateline>
<text>
<p>Rebel claims to be on the brink of capturing Zaire's copper capital are exaggerated, expatriate sources said on Thursday.</p>
<p>Government officials and the expatriates in Lubumbashi, capital of Shaba province, said the town of Kasenga, 200 km (125 miles) to the north, was still held by Zairean troops.</p>
<p>On Wednesday the rebel radio, Voice of the People, said Laurent Kabila's forces were within 100 km (60 miles) of Lubumbashi, Zaire's copper capital and second biggest city.</p>
<p>The expatriate sources, who declined to be further identified, were in contact with Kasenga and doubted the rebels had skirted the town on the Zambian border.</p>
<p>The rebels have captured about a quarter of Africa's third largest country since the revolt against President Mobutu Sese Seko began last October.</p>
<p>Shaba, its soil stuffed with copper, cobalt and precious metals, would be a fabulous prize for the rebels. Despite agreeing on Thursday to talks with the Mobutu regime in the next few days, the rebels have not announced a ceasefire.</p>
<p>Mobutu's army has collapsed against the rebels so far. The recruitment of about 300 mainly Serbian mercenaries failed to prevent the loss earlier in March of the key city of Kisangani.</p>
<p>Government troops were also in control at Minga, half way between Kasenga and Lubumbashi, after some trouble on Wednesday in which two people were killed, according to truck drivers who passed through the town.</p>
<p>&quot;We first saw burning houses as we approached from Kasenga. Minga was deserted, apart from goats and soldiers. There were about 50 soldiers, guns at the ready,&quot; said Herve, a driver whom the army allowed to pass through to Lubumbashi.</p>
<p>He and other drivers said they had seen two or three bodies, dressed in civilian clothes, lying by the roadside.</p>
<p>The expatriate sources said they did not believe rebel troops had penetrated so far south, but that people in outlying parts of Shaba, eagerly awaiting the arrival of Kabila's disciplined fighters, had taken to openly showing their support.</p>
<p>&quot;If there was a clash it could have been with them, or with other loose-cannon Zairean soldiers retreating from the front lines further north,&quot; said one source.</p>
</text>
<copyright>(c) Reuters Limited 1997</copyright>
<metadata>
<codes class="bip:countries:1.0">
  <code code="ZAIRE">
    <editdetail attribution="Reuters BIP Coding Group" action="confirmed" date="1997-03-27"/>
  </code>
</codes>
<codes class="bip:topics:1.0">
  <code code="GCAT">
    <editdetail attribution="Reuters BIP Coding Group" action="confirmed" date="1997-03-27"/>
  </code>
  <code code="GVIO">
    <editdetail attribution="Reuters BIP Coding Group" action="confirmed" date="1997-03-27"/>
  </code>
</codes>
<dc element="dc.date.created" value="1997-03-27"/>
<dc element="dc.publisher" value="Reuters Holdings Plc"/>
<dc element="dc.date.published" value="1997-03-27"/>
<dc element="dc.source" value="Reuters"/>
<dc element="dc.creator.location" value="LUBUMBASHI"/>
<dc element="dc.creator.location.country.name" value="ZAIRE"/>
<dc element="dc.source" value="Reuters"/>
</metadata>
</newsitem>
