<?xml version="1.0" encoding="iso-8859-1" ?>
<newsitem itemid="471520" id="root" date="1997-03-27" xml:lang="en">
<title>CANADA: WCE canola closes higher, gains trimmed late.</title>
<headline>WCE canola closes higher, gains trimmed late.</headline>
<dateline>WINNIPEG 1997-03-27</dateline>
<text>
<p>WCE canola futures closed higher although gains were trimmed late on hedge selling and profit taking ahead of the long holiday weekend.</p>
<p>Floor traders said commercial and crusher buying sparked early gains along with export-related demand. They estimated overnight sales of Canadian canola to Japan at 5,000 to 8,000 tonnes.</p>
<p>&quot;There was a lot of evening up ahead of the long weekend and Monday's reports,&quot; one WCE oilseed trader said. He referred to USDA's first prospective plantings report of the year and a U.S. quarterly stocks report due out early Monday.</p>
<p>The WCE is closed Good Friday ahead of the Easter holiday.</p>
<p>Gains in the CBOT soycomplex helped to fuel the advance.</p>
<p>May canola closed $1.90 higher at $428.90, well below the day's high of $431.00. The May WCE crush profit margin rose to -14.96 Thursday from -18.70 Wednesday.</p>
<p>Flaxseed was higher on commercial buying with May ending up $0.70 at $356.80. Hedge selling helped to limit gains.</p>
<p>Western barley futures were mostly higher aided by commission house buying. May closed up $2.00 at $144.00.</p>
<p>Feed wheat futures were mixed with May weakened by rolling forward of long positions into July.</p>
<p>May feed wheat ended off $0.30 at $171.70.</p>
<p>May feed peas ended $1.00 up at $215.60 with commission house buying interest noted. Oats remained tradeless.</p>
<p>(All values in Canadian dollars per tonne except feed peas.)</p>
<p>((Nigel Hunt 312-408 8720))</p>
</text>
<copyright>(c) Reuters Limited 1997</copyright>
<metadata>
<codes class="bip:countries:1.0">
  <code code="CANA">
    <editdetail attribution="Reuters BIP Coding Group" action="confirmed" date="1997-03-27"/>
  </code>
</codes>
<codes class="bip:topics:1.0">
  <code code="M14">
    <editdetail attribution="Reuters BIP Coding Group" action="confirmed" date="1997-03-27"/>
  </code>
  <code code="M141">
    <editdetail attribution="Reuters BIP Coding Group" action="confirmed" date="1997-03-27"/>
  </code>
  <code code="MCAT">
    <editdetail attribution="Reuters BIP Coding Group" action="confirmed" date="1997-03-27"/>
  </code>
</codes>
<dc element="dc.date.created" value="1997-03-27"/>
<dc element="dc.publisher" value="Reuters Holdings Plc"/>
<dc element="dc.date.published" value="1997-03-27"/>
<dc element="dc.source" value="Reuters"/>
<dc element="dc.creator.location" value="WINNIPEG"/>
<dc element="dc.creator.location.country.name" value="CANADA"/>
<dc element="dc.source" value="Reuters"/>
</metadata>
</newsitem>
