<?xml version="1.0" encoding="iso-8859-1" ?>
<newsitem itemid="471575" id="root" date="1997-03-27" xml:lang="en">
<title>SOUTH AFRICA: S.African Feb trade deficit 451.6 mln rand.</title>
<headline>S.African Feb trade deficit 451.6 mln rand.</headline>
<dateline>PRETORIA 1997-03-27</dateline>
<text>
<p>South Africa recorded a trade deficit of 451.6 million rand in February from a 517 million rand surplus in January, latest South African Revenue Service figures show.</p>
<p>A Reuters consensus poll of economists called for a 1.04 billion rand surplus from a range of 500 million to 1.5 billion rand.  </p>
<p>	  (Data in billions of rand - rounded)</p>
<p>			  Feb '97	     Jan '97	    Feb '96</p>
<p>Exports		  8.831		11.249		8.996</p>
<p>Imports		  9.283		10.732		7.726</p>
<p>Balance		 -0.452		 0.517		1.270</p>
<p>Cumulative totals:  Jan-Feb '97	 Jan-Feb '96</p>
<p>Exports		 20.081		16.385</p>
<p>Imports		 20.015		16.057</p>
<p>Balance		  0.066		 1.270</p>
<p>NOTE - This data covers the total foreign trade statistics of the common customs area of South Africa, Botswana, Lesotho, Namibia and Swaziland.</p>
<p>-- Johannesburg newsroom (+27 11 482-1003)</p>
</text>
<copyright>(c) Reuters Limited 1997</copyright>
<metadata>
<codes class="bip:countries:1.0">
  <code code="SAFR">
    <editdetail attribution="Reuters BIP Coding Group" action="confirmed" date="1997-03-27"/>
  </code>
</codes>
<codes class="bip:topics:1.0">
  <code code="E51">
    <editdetail attribution="Reuters BIP Coding Group" action="confirmed" date="1997-03-27"/>
  </code>
  <code code="E512">
    <editdetail attribution="Reuters BIP Coding Group" action="confirmed" date="1997-03-27"/>
  </code>
  <code code="ECAT">
    <editdetail attribution="Reuters BIP Coding Group" action="confirmed" date="1997-03-27"/>
  </code>
</codes>
<dc element="dc.date.created" value="1997-03-27"/>
<dc element="dc.publisher" value="Reuters Holdings Plc"/>
<dc element="dc.date.published" value="1997-03-27"/>
<dc element="dc.source" value="Reuters"/>
<dc element="dc.creator.location" value="PRETORIA"/>
<dc element="dc.creator.location.country.name" value="SOUTH AFRICA"/>
<dc element="dc.source" value="Reuters"/>
</metadata>
</newsitem>
