<?xml version="1.0" encoding="iso-8859-1" ?>
<newsitem itemid="471568" id="root" date="1997-03-27" xml:lang="en">
<title>KENYA: Kenya sees lower tea production, exports in 1997.</title>
<headline>Kenya sees lower tea production, exports in 1997.</headline>
<byline>Manoah Esipisu</byline>
<dateline>NAIROBI 1997-03-27</dateline>
<text>
<p>Kenyan tea production and exports reached a new high last year, but drought and poor global prices will undermine further gains in 1997, leading commercial farmers' agency and financial officials said on Thursday.</p>
<p>The Kenya Tea Growers Association (KTGA) put 1996 production at 257 million kg and exports at 244 million.</p>
<p>Output was far higher than the 246 million kg the KTGA forecast earlier and compared with 244 million in 1995. It did not give figures for 1995 exports.</p>
<p>Rains have just arrived in most growing areas, but too late to reverse a declining crop for this year.</p>
<p>&quot;The drought has caused damage to tea bushes in the main growing districts and this will lead to a significant drop in production figures in 1997,&quot; KTGA chairman Musa Sang said.</p>
<p>And following the record 1996 crop, demand had not proved sufficient to support prices, he said.</p>
<p>&quot;The prices fell steadily during the year and in the second half of 1996 producers sold their tea below cost of production,&quot; he added in the statement delivered at a KTGA gathering.</p>
<p>Sang said a strong shilling had adversely affected producers and exporting firms and saw a rate of 60-65 against the dollar as one that would be more suitable for exporters.</p>
<p>The shilling was quoted at a mean rate of 54.70 against the dollar on Thursday.</p>
<p>A senior central bank (CBK) official told KTGA members the bank welcomed a weaker shilling.</p>
<p>&quot;The central bank would welcome an exchange rate depreciation to address some of the tea exporters problems, provided depreciation is supported with changes in economic fundamentals including inflation and balance of payments,&quot; CBK deputy governor Nzioki Kibua told the gathering.</p>
<p>Sang said tea companies also faced cash-flow problems because the government owed them 215 million shillings in value added tax refunds.</p>
<p>The refund is provided as a government tax incentive for commodity exporters. But exporters in most areas say it takes years to secure a refund.</p>
<p>Sang said delayed refunds reduced growers' ability to re-invest and develop estates.</p>
<p>The central bank's Kibua urged the tea sector to add value to exports through better packaging and processing, and to seek to improve quality by applying new technology.</p>
<p>Kibua said that maximum efforts should be made to open up new markets in the Middle East, Southeast Asia and the Far East. He urged the industry to take advantage of duty concessions offered in North America and the European Union to increase exports.</p>
<p>--Nairobi Newsroom ++254-2 330-261</p>
</text>
<copyright>(c) Reuters Limited 1997</copyright>
<metadata>
<codes class="bip:countries:1.0">
  <code code="KENYA">
    <editdetail attribution="Reuters BIP Coding Group" action="confirmed" date="1997-03-27"/>
  </code>
</codes>
<codes class="bip:industries:1.0">
  <code code="I01001">
    <editdetail attribution="Reuters BIP Coding Group" action="confirmed" date="1997-03-27"/>
  </code>
  <code code="I0100142">
    <editdetail attribution="Reuters BIP Coding Group" action="confirmed" date="1997-03-27"/>
  </code>
</codes>
<codes class="bip:topics:1.0">
  <code code="C21">
    <editdetail attribution="Reuters BIP Coding Group" action="confirmed" date="1997-03-27"/>
  </code>
  <code code="C31">
    <editdetail attribution="Reuters BIP Coding Group" action="confirmed" date="1997-03-27"/>
  </code>
  <code code="C312">
    <editdetail attribution="Reuters BIP Coding Group" action="confirmed" date="1997-03-27"/>
  </code>
  <code code="CCAT">
    <editdetail attribution="Reuters BIP Coding Group" action="confirmed" date="1997-03-27"/>
  </code>
  <code code="M14">
    <editdetail attribution="Reuters BIP Coding Group" action="confirmed" date="1997-03-27"/>
  </code>
  <code code="M141">
    <editdetail attribution="Reuters BIP Coding Group" action="confirmed" date="1997-03-27"/>
  </code>
  <code code="MCAT">
    <editdetail attribution="Reuters BIP Coding Group" action="confirmed" date="1997-03-27"/>
  </code>
</codes>
<dc element="dc.date.created" value="1997-03-27"/>
<dc element="dc.publisher" value="Reuters Holdings Plc"/>
<dc element="dc.date.published" value="1997-03-27"/>
<dc element="dc.source" value="Reuters"/>
<dc element="dc.creator.location" value="NAIROBI"/>
<dc element="dc.creator.location.country.name" value="KENYA"/>
<dc element="dc.source" value="Reuters"/>
</metadata>
</newsitem>
