<?xml version="1.0" encoding="iso-8859-1" ?>
<newsitem itemid="471566" id="root" date="1997-03-27" xml:lang="en">
<title>SENEGAL: Senegalese students clash again with police.</title>
<headline>Senegalese students clash again with police.</headline>
<dateline>DAKAR 1997-03-27</dateline>
<text>
<p>Students at Senegal's Dakar university clashed again on Thursday with police they want to oust from the university campus, witnesses said.</p>
<p>Students joined by high school pupils dragged tyres into several streets in the capital and set them ablaze after pulling off the main gate to the university.</p>
<p>Riot police using tear gas moved in but no serious violence was immediately reported.</p>
<p>Students, boycotting classes since last week for better working and living conditions, are demanding the departure of police from the campus.</p>
<p>The students, who clashed with police last week, are backed by university teachers who went on strike on Thursday for housing grants.</p>
<p>&quot;We think that the right place of the police should be outside the campus not inside,&quot; Abdoulaye Sow, a second-year law student said.</p>
</text>
<copyright>(c) Reuters Limited 1997</copyright>
<metadata>
<codes class="bip:countries:1.0">
  <code code="SENEG">
    <editdetail attribution="Reuters BIP Coding Group" action="confirmed" date="1997-03-27"/>
  </code>
</codes>
<codes class="bip:topics:1.0">
  <code code="GCAT">
    <editdetail attribution="Reuters BIP Coding Group" action="confirmed" date="1997-03-27"/>
  </code>
  <code code="GVIO">
    <editdetail attribution="Reuters BIP Coding Group" action="confirmed" date="1997-03-27"/>
  </code>
</codes>
<dc element="dc.date.created" value="1997-03-27"/>
<dc element="dc.publisher" value="Reuters Holdings Plc"/>
<dc element="dc.date.published" value="1997-03-27"/>
<dc element="dc.source" value="Reuters"/>
<dc element="dc.creator.location" value="DAKAR"/>
<dc element="dc.creator.location.country.name" value="SENEGAL"/>
<dc element="dc.source" value="Reuters"/>
</metadata>
</newsitem>
