<?xml version="1.0" encoding="iso-8859-1" ?>
<newsitem itemid="471517" id="root" date="1997-03-27" xml:lang="en">
<title>CANADA: Judge hands Canadian govt pre-election setback.</title>
<headline>Judge hands Canadian govt pre-election setback.</headline>
<byline>Randall Palmer</byline>
<dateline>OTTAWA 1997-03-27</dateline>
<text>
<p>A Canadian judge on Thursday rejected the Liberal federal government's attempts to cut off an inquiry into Canadian peacekeeping in Somalia, handing it a setback just as it was preparing for general elections.</p>
<p>The 2-year-old Somalia Inquiry had turned into an embarrassment for Prime Minister Jean Chretien's government, which had ordered it to stop taking testimony by the end of March and write a report by the end of June.</p>
<p>Analysts had almost universally interpreted this as a move to get the inquiry off the news in case Chretien called federal elections for June 2 or June 9, as is widely expected.</p>
<p>Federal Court Justice Sandra Simpson, in a decision rendered in Vancouver, set aside the government's order to stop the inquiry. She said this had &quot;the practical effect of putting the Commission of Inquiry in a position to continue its hearings and the preparation of its report on its full mandate without deadlines until the (government) chooses to take further action.&quot;</p>
<p>Simpson said the the government could either formally lift the deadline totally or curtail the inquiry's mandate and force it formally to ignore certain events or matters.</p>
<p>Defence Minister Doug Young had no immediate comment.</p>
<p>The government can appeal the decision and hope to tie it up in the courts until after the elections, but it could become a campaign issue if it openly truncated the mandate of a sorry episode of Canadian peacekeeping.</p>
<p>On March 4, 1993, Canadian peacekeepers shot two Somalis in the back as they fled, and on March 16 they tortured to death Somali teenager Shidane Arone. The inquiry has been able to cover the events of March 4 and charges that officials in Ottawa illegally altered public documents much later, but not the events of March 16 or general charges of a cover-up.</p>
<p>A court challenge was brought by John Dixon, an aide to former Defence Minister Kim Campbell, who wanted a chance to tell his side of the story.</p>
<p>&quot;The message from the court to the government is if you want this commission not to investigate the cover-up of Shidane Arone, then you must speak in clear and unmistakable language and take the political responsibility for your actions,&quot; Dixon's lawyer Joseph Arvay said in Vancouver.</p>
<p>Chretien was elected in October 1993 and is not required to call new elections until October 1998. But preparations for a campaign have been well under way and the prime minister's schedule was being cleared for a possible June election.</p>
<p>The other possible time that has been broached is in October but Chretien has a heavy schedule of international engagements that could preoccupy him then.</p>
</text>
<copyright>(c) Reuters Limited 1997</copyright>
<metadata>
<codes class="bip:countries:1.0">
  <code code="CANA">
    <editdetail attribution="Reuters BIP Coding Group" action="confirmed" date="1997-03-27"/>
  </code>
  <code code="SOMAL">
    <editdetail attribution="Reuters BIP Coding Group" action="confirmed" date="1997-03-27"/>
  </code>
</codes>
<codes class="bip:topics:1.0">
  <code code="GCAT">
    <editdetail attribution="Reuters BIP Coding Group" action="confirmed" date="1997-03-27"/>
  </code>
  <code code="GDEF">
    <editdetail attribution="Reuters BIP Coding Group" action="confirmed" date="1997-03-27"/>
  </code>
  <code code="GDIP">
    <editdetail attribution="Reuters BIP Coding Group" action="confirmed" date="1997-03-27"/>
  </code>
  <code code="GPOL">
    <editdetail attribution="Reuters BIP Coding Group" action="confirmed" date="1997-03-27"/>
  </code>
  <code code="GVOTE">
    <editdetail attribution="Reuters BIP Coding Group" action="confirmed" date="1997-03-27"/>
  </code>
</codes>
<dc element="dc.date.created" value="1997-03-27"/>
<dc element="dc.publisher" value="Reuters Holdings Plc"/>
<dc element="dc.date.published" value="1997-03-27"/>
<dc element="dc.source" value="Reuters"/>
<dc element="dc.creator.location" value="OTTAWA"/>
<dc element="dc.creator.location.country.name" value="CANADA"/>
<dc element="dc.source" value="Reuters"/>
</metadata>
</newsitem>
