<?xml version="1.0" encoding="iso-8859-1" ?>
<newsitem itemid="471569" id="root" date="1997-03-27" xml:lang="en">
<title>KENYA: Nairobi bourse index eases, market in lull.</title>
<headline>Nairobi bourse index eases, market in lull.</headline>
<dateline>NAIROBI 1997-03-27</dateline>
<text>
<p>The Nairobi Stock Exchange (NSE) 20-share index eased marginally on Thursday at the end of a four-day week of lucklustre trading, bourse officials said.</p>
<p>The index lost 19.50 points to close at 3354.12. Turnover was posted at 11.041 million shillings on 293,246 shares compared to 22.153 million shillings on 407,566 shares.</p>
<p>&quot;There really is no interest in the market at the moment now that most of the blue-chips have announced their results,&quot; a senior broker said.</p>
<p>&quot;In fact, it will be quiet since there are no fresh factors,&quot; another broker said.</p>
<p>On average, prices of major shares eased marginally.</p>
<p>Kenya Commercial Bank eased to 94 from 96 while Standard Chartered Bank was unchanged at 46.75.</p>
<p>Sasini Tea &amp; Coffee closed at 75 unchanged while Rea Vipingo was unchanged at 9.</p>
<p>&quot;The Easter mood has set in, which may also be a reason for today's dull trading session,&quot; a bourse official said.</p>
<p>Total Kenya closed at 62 from 64 while British American Tobacco Kenya eased to 62 from 65.</p>
<p>For the last three weeks, there has been a lot of selling pressure at the Nairobi bourse with investors holding out on buys for lower prices.</p>
<p>Brokers said they expected the current lull in the market to continue, at least for the short term, in the absence of fresh factors at least until mid-year when there would be a surge in speculative buying ahead of half-year results.</p>
<p>Uchumi Supermarket closed at 36 from 35.25 while Kenya Airways traded at 8.35 from 8.25.</p>
<p>--Wambui Chege, Nairobi Newsroom ++254-2 330-261.</p>
</text>
<copyright>(c) Reuters Limited 1997</copyright>
<metadata>
<codes class="bip:countries:1.0">
  <code code="KENYA">
    <editdetail attribution="Reuters BIP Coding Group" action="confirmed" date="1997-03-27"/>
  </code>
</codes>
<codes class="bip:topics:1.0">
  <code code="M11">
    <editdetail attribution="Reuters BIP Coding Group" action="confirmed" date="1997-03-27"/>
  </code>
  <code code="MCAT">
    <editdetail attribution="Reuters BIP Coding Group" action="confirmed" date="1997-03-27"/>
  </code>
</codes>
<dc element="dc.date.created" value="1997-03-27"/>
<dc element="dc.publisher" value="Reuters Holdings Plc"/>
<dc element="dc.date.published" value="1997-03-27"/>
<dc element="dc.source" value="Reuters"/>
<dc element="dc.creator.location" value="NAIROBI"/>
<dc element="dc.creator.location.country.name" value="KENYA"/>
<dc element="dc.source" value="Reuters"/>
</metadata>
</newsitem>
