<?xml version="1.0" encoding="iso-8859-1" ?>
<newsitem itemid="471589" id="root" date="1997-03-27" xml:lang="en">
<title>NIGERIA: Nigerian hostage takers free more Shell staff.</title>
<headline>Nigerian hostage takers free more Shell staff.</headline>
<byline>James Jukwey</byline>
<dateline>LAGOS 1997-03-27</dateline>
<text>
<p>Nigerian villagers holding 88 staff of oil giant Royal Dutch/Shell as hostages have freed 35 and agreed to release the rest on Thursday, a company spokesman said.</p>
<p>&quot;Another 35 Shell staff and contractors were released last night and brought safely back,&quot; said the spokesman in Lagos, adding: &quot;Yesterday we met community leaders and an agreement was reached to release all the others today.&quot;</p>
<p>The hostage crisis began last Saturday when Ijaw tribesmen protesting the relocation of their local government headquarters to another town occupied six flow stations of Shell on which they detained 127 staff and contractors, all of them Nigerians.</p>
<p>Negotiations secured the release of the hostages starting with 18 on Monday and by Wednesday there were 88 still held.</p>
<p>The Shell spokesman in Lagos said the negotiations to secure the release of all the hostages had gone smoothly. &quot;Everything is calm. The rest of the staff and contractors should be freed later today,&quot; he said.</p>
<p>Three Ijaw tribesmen have died in the protests which escalated into riots in the midwestern oil town of Warri on Tuesday while several houses have also been torched.</p>
<p>In Warri, Shell officials said those freed were from the Jones Creek flow station.</p>
<p>&quot;The rest are in Egwa area and a boat is about to leave for them,&quot; said a Shell official, adding &quot;The boat will be taking along some of the community leaders so that the people will not renege on their pledge.&quot;</p>
<p>&quot;All injured people have been freed. Two who were seriously injured are at the sickbay in Shell in Warri,&quot; he said.</p>
<p>Ijaws three million people straddle the oil-producing swamps of Nigeria and are unhappy that the military government moved the headquarters of the newly created Warri South-West local government area to the rival Ogidigben town from Ogbe-Ijoh.</p>
<p>Similar relocations in other parts of Nigeria have also caused protests.</p>
<p>The current crisis does not directly involve Shell but the multinational is caught up in it because of its high profile in Nigeria and huge operations in the Warri area.</p>
<p>The attack on its installations caused Shell to shut down operations in the six stations, initially cutting back crude production by 100,000 barrels per day (bpd), about five percent of Nigeria's total output of almost two million bpd.</p>
<p>State-owned Nigerian National Petroleum Corporation sources in London said on Thursday Shell's output had been cut by 210,000 bpd and the company may declare force majeure on some of the oil cargoes it was due to ship from April 2.</p>
<p>&quot;Shell has advised us that there is every possibility&quot; that they would declare force majeure from April 2, the source said.</p>
<p>World oil prices have been unaffected by the Nigerian situation.</p>
<p>Nigeria is Africa's largest producer of crude oil, and Organisation of Petroleum Exporting Countries (OPEC) with an output of about 2.15 million bpd.</p>
<p>Shell, which pumps about half the country's oil output, has often been the target of environmental protests and sabotage such as the those that forced its withdrawal from the volatile Ogoniland in 1993.</p>
<p>Shell's Nigerian operations came into worldwide focus in 1995 after Nigeria executed nine Ogoni tribe minority rights activists including author Ken Saro-Wiwa.</p>
<p>Saro-Wiwa was leader of the Movement for the Survival of Ogoni Peoples (MOSOP), which had been campaigning against the company's environmental policies there.</p>
</text>
<copyright>(c) Reuters Limited 1997</copyright>
<metadata>
<codes class="bip:countries:1.0">
  <code code="NETH">
    <editdetail attribution="Reuters BIP Coding Group" action="confirmed" date="1997-03-27"/>
  </code>
  <code code="NIGEA">
    <editdetail attribution="Reuters BIP Coding Group" action="confirmed" date="1997-03-27"/>
  </code>
  <code code="UK">
    <editdetail attribution="Reuters BIP Coding Group" action="confirmed" date="1997-03-27"/>
  </code>
</codes>
<codes class="bip:industries:1.0">
  <code code="I13000">
    <editdetail attribution="Reuters BIP Coding Group" action="confirmed" date="1997-03-27"/>
  </code>
  <code code="I1300003">
    <editdetail attribution="Reuters BIP Coding Group" action="confirmed" date="1997-03-27"/>
  </code>
</codes>
<codes class="bip:topics:1.0">
  <code code="C42">
    <editdetail attribution="Reuters BIP Coding Group" action="confirmed" date="1997-03-27"/>
  </code>
  <code code="CCAT">
    <editdetail attribution="Reuters BIP Coding Group" action="confirmed" date="1997-03-27"/>
  </code>
  <code code="E41">
    <editdetail attribution="Reuters BIP Coding Group" action="confirmed" date="1997-03-27"/>
  </code>
  <code code="ECAT">
    <editdetail attribution="Reuters BIP Coding Group" action="confirmed" date="1997-03-27"/>
  </code>
  <code code="GCAT">
    <editdetail attribution="Reuters BIP Coding Group" action="confirmed" date="1997-03-27"/>
  </code>
  <code code="GJOB">
    <editdetail attribution="Reuters BIP Coding Group" action="confirmed" date="1997-03-27"/>
  </code>
  <code code="GVIO">
    <editdetail attribution="Reuters BIP Coding Group" action="confirmed" date="1997-03-27"/>
  </code>
</codes>
<dc element="dc.date.created" value="1997-03-27"/>
<dc element="dc.publisher" value="Reuters Holdings Plc"/>
<dc element="dc.date.published" value="1997-03-27"/>
<dc element="dc.source" value="Reuters"/>
<dc element="dc.creator.location" value="LAGOS"/>
<dc element="dc.creator.location.country.name" value="NIGERIA"/>
<dc element="dc.source" value="Reuters"/>
</metadata>
</newsitem>
