<?xml version="1.0" encoding="iso-8859-1" ?>
<newsitem itemid="471562" id="root" date="1997-03-27" xml:lang="en">
<title>UGANDA: Uganda sells $2.9 million of treasury bills.</title>
<headline>Uganda sells $2.9 million of treasury bills.</headline>
<dateline>KAMPALA 1997-03-27</dateline>
<text>
<p>The central Bank of Uganda sold three billion Ugandan shillings ($2.9 million) of the 91-day main category of treasury bills at the weekly auction, bank officials said on Thursday.</p>
<p>The bank said it sold 2.7882 billion on competitive and 211.8 million on non-competitive basis at an annualised yield of 9.859 percent, a 0.021 percent decrease from last week.</p>
<p>Demand for T-bills was worth 4.55 billion shillings this week compared to 3.0 billion shillings last week.</p>
<p>There was a significant fall in the price of 97.532-97.449 this week to 57.570-57.513 last week, representing a 39.962 and 39.936 percent fall respectively. Bank officials attributed to the low interest rates quoted by buyers.</p>
<p>The bank invited tenders for 5.0 billion shillings of treasury bills in the 91-day category for auction next week.</p>
</text>
<copyright>(c) Reuters Limited 1997</copyright>
<metadata>
<codes class="bip:countries:1.0">
  <code code="UGANDA">
    <editdetail attribution="Reuters BIP Coding Group" action="confirmed" date="1997-03-27"/>
  </code>
</codes>
<codes class="bip:topics:1.0">
  <code code="M13">
    <editdetail attribution="Reuters BIP Coding Group" action="confirmed" date="1997-03-27"/>
  </code>
  <code code="M131">
    <editdetail attribution="Reuters BIP Coding Group" action="confirmed" date="1997-03-27"/>
  </code>
  <code code="MCAT">
    <editdetail attribution="Reuters BIP Coding Group" action="confirmed" date="1997-03-27"/>
  </code>
</codes>
<dc element="dc.date.created" value="1997-03-27"/>
<dc element="dc.publisher" value="Reuters Holdings Plc"/>
<dc element="dc.date.published" value="1997-03-27"/>
<dc element="dc.source" value="Reuters"/>
<dc element="dc.creator.location" value="KAMPALA"/>
<dc element="dc.creator.location.country.name" value="UGANDA"/>
<dc element="dc.source" value="Reuters"/>
</metadata>
</newsitem>
