<?xml version="1.0" encoding="iso-8859-1" ?>
<newsitem itemid="471563" id="root" date="1997-03-27" xml:lang="en">
<title>KENYA: U.N. agency reports alarming death rates in Zaire.</title>
<headline>U.N. agency reports alarming death rates in Zaire.</headline>
<byline>Peter Smerdon</byline>
<dateline>NAIROBI 1997-03-27</dateline>
<text>
<p>The U.N. refugee agency reported on Thursday alarming death rates among Rwandan refugees at two sites in eastern Zaire and said the toll would only worsen unless rebels allow aid agencies to bring in more aid.</p>
<p>A train carrying 120 tonnes of food aid left the rebel-held northeastern Zairean capital of Kisangani on Thursday in an attempt to reach tens of thousands of refugees to the south.</p>
<p>&quot;If it reaches kilometre 82 (mile 50) we will do a quick food distribution as we are now faced with the problem of the refugees neither having the energy or the will to walk farther,&quot; said World Food Programme spokeswoman Michele Quintaglie.</p>
<p>The tens of thousands of Rwandan and Burundian Hutu refugees on a 95-km route south from Kisangani to the town of Ubundu are the remnants of 170,000 who fled Tingi Tingi and Amisi this month.</p>
<p>Another 200,000 Hutu refugees are unaccounted for in eastern Zaire since they fled their camps near the border with Rwanda in to escape advancing Tutsi-dominated Zairean rebels last year.</p>
<p>&quot;Figures we've just received from Amisi and Tingi Tingi show conclusively what will happen if we are not able to establish ourselves where the refugees are and give them care,&quot; said Paul Stromberg, spokesman for the U.N. refugee agency in Kisangani.</p>
<p>&quot;The mortality rate at Tingi Tingi is 153 per 10,000 per day and at Amisi 48 per 10,000 per day. Refugees in a camp should be at between five and 10 deaths per 10,000 per day,&quot; he said.</p>
<p>&quot;A mortality rate of 153 is very alarming. It is imperative the (rebel) alliance let us in to establish proper feeding to give these people care before they are repatriated,&quot; he said.</p>
<p>&quot;The rebels want people to return home as fast as possible but there is a threshold below which people will die,&quot; he added.</p>
<p>The rebels have allowed some feeding at Tingi Tingi and Amisi but are opposed to a general distribution of food to all.</p>
<p>Rebels who seized Kisangani on March 15 are demanding the refugees walk back to Ubundu, 100 km (60 miles) to the south, before being repatriated. The rebels also oppose any moves to set up refugee camps.</p>
<p>But aid workers say rebel restrictions on their operations combined with the poor health of refugees after months without care in the jungle are laying the ground for a new disaster.</p>
<p>Stromberg said only 100 sick and exhausted refugees were left at Tingi Tingi after three flights took about 100 to the border city of Goma on Wednesday for repatriation to Rwanda. Based on the UNHCR-given mortality rate, about three people will die every two days in Tingi Tingi.</p>
<p>There are 1,900 refugees at the abandoned camp at Amisi and at the mortality rate about nine a day are expected to die.</p>
<p>&quot;We hope to empty Tingi Tingi soon but these rates show what will happen elsewhere unless we reach them,&quot; said Stromberg, adding refugees had malaria, diarrhoea, respiratory infections and trauma.</p>
<p>&quot;Food would help,&quot; said Quintaglie. &quot;But most just came out of the forest where they had no access to food and were drinking polluted water so have medical problems that food won't cure.&quot;</p>
<p>&quot;The majority of the refugees near Kisangani are too tired even to get up even for a food distribution, let alone walk another 100 km (60 miles) back towards Ubundu,&quot; she added.</p>
<p>The refugees included former Rwandan Hutu troops and Hutu militiamen who played a leading role in the genocide of an estimated 800,000 Tutsis and Hutu moderates in Rwanda in 1994.</p>
</text>
<copyright>(c) Reuters Limited 1997</copyright>
<metadata>
<codes class="bip:countries:1.0">
  <code code="UN">
    <editdetail attribution="Reuters BIP Coding Group" action="confirmed" date="1997-03-27"/>
  </code>
  <code code="ZAIRE">
    <editdetail attribution="Reuters BIP Coding Group" action="confirmed" date="1997-03-27"/>
  </code>
</codes>
<codes class="bip:topics:1.0">
  <code code="GCAT">
    <editdetail attribution="Reuters BIP Coding Group" action="confirmed" date="1997-03-27"/>
  </code>
  <code code="GDIP">
    <editdetail attribution="Reuters BIP Coding Group" action="confirmed" date="1997-03-27"/>
  </code>
  <code code="GDIS">
    <editdetail attribution="Reuters BIP Coding Group" action="confirmed" date="1997-03-27"/>
  </code>
  <code code="GVIO">
    <editdetail attribution="Reuters BIP Coding Group" action="confirmed" date="1997-03-27"/>
  </code>
</codes>
<dc element="dc.date.created" value="1997-03-27"/>
<dc element="dc.publisher" value="Reuters Holdings Plc"/>
<dc element="dc.date.published" value="1997-03-27"/>
<dc element="dc.source" value="Reuters"/>
<dc element="dc.creator.location" value="NAIROBI"/>
<dc element="dc.creator.location.country.name" value="KENYA"/>
<dc element="dc.source" value="Reuters"/>
</metadata>
</newsitem>
