<?xml version="1.0" encoding="iso-8859-1" ?>
<newsitem itemid="471551" id="root" date="1997-03-27" xml:lang="en">
<title>TOGO: Zaire summit calls for talks, then ceasefire.</title>
<headline>Zaire summit calls for talks, then ceasefire.</headline>
<dateline>LOME 1997-03-27</dateline>
<text>
<p>An African summit on the crisis in Zaire on Wednesday called for immediate negotiations leading to a ceasefire between President Mobutu Sese Seko's government and rebels.</p>
<p>In a final declaration, the presidents &quot;called for immediate negotiations between the government of Zaire and the Democratic Alliance for the Liberation of Congo-Zaire (AFDL), leading to a ceasefire and complete cessation of hostilites....&quot;  </p>
<p>Rebel leader Laurent Kabila's senior representative at the two-day summit had already announced that the first talks between the warring parties would be held in the next few days.</p>
<p>The summit statement said the talks and ceasefire should lead to implementation of a five-point peace plan by Mohamed Sahnoun, the special U.N. and Organisation of African Unity representative for the Zaire crisis.</p>
<p>Analysts noted that the imminent talks will be held before a ceasefire is in place. This has long been the rebel position.</p>
</text>
<copyright>(c) Reuters Limited 1997</copyright>
<metadata>
<codes class="bip:countries:1.0">
  <code code="CONGO">
    <editdetail attribution="Reuters BIP Coding Group" action="confirmed" date="1997-03-27"/>
  </code>
  <code code="TOGO">
    <editdetail attribution="Reuters BIP Coding Group" action="confirmed" date="1997-03-27"/>
  </code>
  <code code="ZAIRE">
    <editdetail attribution="Reuters BIP Coding Group" action="confirmed" date="1997-03-27"/>
  </code>
</codes>
<codes class="bip:topics:1.0">
  <code code="GCAT">
    <editdetail attribution="Reuters BIP Coding Group" action="confirmed" date="1997-03-27"/>
  </code>
  <code code="GDIP">
    <editdetail attribution="Reuters BIP Coding Group" action="confirmed" date="1997-03-27"/>
  </code>
  <code code="GVIO">
    <editdetail attribution="Reuters BIP Coding Group" action="confirmed" date="1997-03-27"/>
  </code>
</codes>
<dc element="dc.date.created" value="1997-03-27"/>
<dc element="dc.publisher" value="Reuters Holdings Plc"/>
<dc element="dc.date.published" value="1997-03-27"/>
<dc element="dc.source" value="Reuters"/>
<dc element="dc.creator.location" value="LOME"/>
<dc element="dc.creator.location.country.name" value="TOGO"/>
<dc element="dc.source" value="Reuters"/>
</metadata>
</newsitem>
