<?xml version="1.0" encoding="iso-8859-1" ?>
<newsitem itemid="471577" id="root" date="1997-03-27" xml:lang="en">
<title>SOUTH AFRICA: S.African budget passes first hurdle.</title>
<headline>S.African budget passes first hurdle.</headline>
<dateline>CAPE TOWN 1997-03-27</dateline>
<text>
<p>South African Finance Minister Trevor Manuel's 186.7 billion rand budget for fiscal 1997/98 passed its first hurdle in the National Assembly on Thursday.</p>
<p>Legislators voted 287 to 10 for adoption of the budget at the end of a &quot;first reading&quot; debate, but will vote again around mid-year after all the ministers have defended their spending plans.</p>
<p>The budget was opposed by the white separatist Freedom Front, which holds nine of the 400 National Assembly seats, and by the liberal Democratic Party, with seven seats.</p>
<p>Manuel's budget, the first to be prepared and presented by a member of President Nelson Mandela's ruling African National Congress, was welcomed by business and investors.</p>
<p>Manuel reduced government spending in real terms and budgeted for a deficit of four percent, down from 5.1 percent in the year to March 31.</p>
<p>-- Parliament newsroom +27 21 403-2502</p>
</text>
<copyright>(c) Reuters Limited 1997</copyright>
<metadata>
<codes class="bip:countries:1.0">
  <code code="SAFR">
    <editdetail attribution="Reuters BIP Coding Group" action="confirmed" date="1997-03-27"/>
  </code>
</codes>
<codes class="bip:topics:1.0">
  <code code="E21">
    <editdetail attribution="Reuters BIP Coding Group" action="confirmed" date="1997-03-27"/>
  </code>
  <code code="E211">
    <editdetail attribution="Reuters BIP Coding Group" action="confirmed" date="1997-03-27"/>
  </code>
  <code code="ECAT">
    <editdetail attribution="Reuters BIP Coding Group" action="confirmed" date="1997-03-27"/>
  </code>
  <code code="GCAT">
    <editdetail attribution="Reuters BIP Coding Group" action="confirmed" date="1997-03-27"/>
  </code>
  <code code="GPOL">
    <editdetail attribution="Reuters BIP Coding Group" action="confirmed" date="1997-03-27"/>
  </code>
</codes>
<dc element="dc.date.created" value="1997-03-27"/>
<dc element="dc.publisher" value="Reuters Holdings Plc"/>
<dc element="dc.date.published" value="1997-03-27"/>
<dc element="dc.source" value="Reuters"/>
<dc element="dc.creator.location" value="CAPE TOWN"/>
<dc element="dc.creator.location.country.name" value="SOUTH AFRICA"/>
<dc element="dc.source" value="Reuters"/>
</metadata>
</newsitem>
