<?xml version="1.0" encoding="iso-8859-1" ?>
<newsitem itemid="471585" id="root" date="1997-03-27" xml:lang="en">
<title>SOUTH AFRICA: FNB Namibia lists on the Namibian exchange.</title>
<headline>FNB Namibia lists on the Namibian exchange.</headline>
<dateline>JOHANNESBURG 1997-03-27</dateline>
<text>
<p>First National Bank of Namibia on Thursday became the first local bank to list on the Namibian Stock Exchange following its successful share offer.</p>
<p>The bank said in a statement a total of 44 million shares had been sold at 380 cents a share, totalling N$167 million. It said this represented about 22 percent of the share capital of FNB Namibia.</p>
<p>&quot;The bank has operated as an autonomous company in Namibia since 1988 and it is appropriate that it has now become a Namibian listed company,&quot; FNB Namibia's managing director Stuart Moir commented.</p>
<p>A preferential offer of just over 1.3 million shares to the bank's employees had been 78.7 percent oversubscribed and an excess had been allocated to the public, the statement added.</p>
<p>It said allotments for applications of less than 250,000 shares had been granted in full for both the preferential and public offers, while applications in excess of 250,000 shares had been allocated at the discretion of the directors. Selected institutions and pension funds had fully taken up the private placement of 40.1 million shares while the public offer of 2.6 million shares was 21.2 percent oversubscribed, FNB Namibia said.</p>
<p>&quot;(This) is...a tremendous vote of confidence in the bank by the Namibian public and corporates,&quot; Moir said.</p>
<p>-- Johannesburg newsroom +27 11 482 1003</p>
</text>
<copyright>(c) Reuters Limited 1997</copyright>
<metadata>
<codes class="bip:countries:1.0">
  <code code="NAMIB">
    <editdetail attribution="Reuters BIP Coding Group" action="confirmed" date="1997-03-27"/>
  </code>
  <code code="SAFR">
    <editdetail attribution="Reuters BIP Coding Group" action="confirmed" date="1997-03-27"/>
  </code>
</codes>
<codes class="bip:topics:1.0">
  <code code="C14">
    <editdetail attribution="Reuters BIP Coding Group" action="confirmed" date="1997-03-27"/>
  </code>
  <code code="C17">
    <editdetail attribution="Reuters BIP Coding Group" action="confirmed" date="1997-03-27"/>
  </code>
  <code code="C171">
    <editdetail attribution="Reuters BIP Coding Group" action="confirmed" date="1997-03-27"/>
  </code>
  <code code="CCAT">
    <editdetail attribution="Reuters BIP Coding Group" action="confirmed" date="1997-03-27"/>
  </code>
</codes>
<dc element="dc.date.created" value="1997-03-27"/>
<dc element="dc.publisher" value="Reuters Holdings Plc"/>
<dc element="dc.date.published" value="1997-03-27"/>
<dc element="dc.source" value="Reuters"/>
<dc element="dc.creator.location" value="JOHANNESBURG"/>
<dc element="dc.creator.location.country.name" value="SOUTH AFRICA"/>
<dc element="dc.source" value="Reuters"/>
</metadata>
</newsitem>
