<?xml version="1.0" encoding="iso-8859-1" ?>
<newsitem itemid="471543" id="root" date="1997-03-27" xml:lang="en">
<title>UGANDA: Hillary promotes women's rights in Africa.</title>
<headline>Hillary promotes women's rights in Africa.</headline>
<byline>Steve Holland</byline>
<dateline>KAMPALA, Uganda 1996-03-28</dateline>
<text>
<p>Heading into the final stretch of her two-week Africa tour, U.S. first lady Hillary Rodham Clinton says she hopes she has helped promote a &quot;growing awareness&quot; among African governments of women's rights.</p>
<p>President Clinton's wife will have another opportunity to talk about the need to provide women and children with better health care and education opportunities on Friday when she delivers a speech to members of the Ugandan parliament, women, students and faculty from the Makerere University.</p>
<p>She will have some reason to celebrate. U.S. officials credit Uganda with the having one of the most progressive political programmes for women in Africa. A new constitution in 1995 required that at least 14 percent of parliamentary seats and one-third of elected local government offices be filled by women.</p>
<p>But plenty of obstacles from the U.S. standpoint remain. U.S. officials say the typical Ugandan woman bears 6.9 children in her lifetime and has limited access to pre-natal care, leading to high maternal mortality. And the rate of AIDS infection is higher in women than men.</p>
<p>Mrs. Clinton, speaking to reporters on Thursday in northern Tanzania, said she has raised women's issues with leaders of governments in Africa during her visit and has not met a negative response.</p>
<p>She said during her visit to the Tanzanian capital, Dar es Salaam, earlier this week, she talked to Tanzanian President Benjamin Mkapa about proposed legislation there concerning extension of property rights and inheritance rights to women.</p>
<p>She said change is difficult -- in America as well as in Africa.</p>
<p>But she said based on the discussions she has had with prominent women in each country, &quot;I think there is now a growing awareness and a movement to match that awareness...that is really going to put women's issues on the agenda here in Africa.&quot;</p>
<p>During her day on Friday, Mrs. Clinton planned a visit to the Seguku Primary School to underscore the need to educate children. She also planned a visit to an AIDS information centre. It is estimated that more than 1.5 million Ugandans are infected with the deadly virus.</p>
<p>She also planned to visit Bwaise Village to promote a U.S. government programme that promotes lending small amounts of money to women entrepreneurs.</p>
<p>To call attention to the plight of women afflicted by the genocide in Rwanda, she was to participate in a discussion with women from Rwanda.</p>
<p>Mrs. Clinton, accompanied by her 17-year-old daughter Chelsea, was welcomed on her arrival from Tanzania on Thursday with large crowds lining her motorcade route.</p>
<p>Uganda was the fifth of six countries she will visit on her goodwill mission, with Eritrea remaining as the last. She goes there on Saturday for a brief visit and gets back to Washington early Sunday.</p>
<p>Besides Tanzania, she has also visited Senegal, South Africa and Zimbabwe.</p>
</text>
<copyright>(c) Reuters Limited 1997</copyright>
<metadata>
<codes class="bip:countries:1.0">
  <code code="UGANDA">
    <editdetail attribution="Reuters BIP Coding Group" action="confirmed" date="1997-03-27"/>
  </code>
  <code code="USA">
    <editdetail attribution="Reuters BIP Coding Group" action="confirmed" date="1997-03-27"/>
  </code>
</codes>
<codes class="bip:topics:1.0">
  <code code="GCAT">
    <editdetail attribution="Reuters BIP Coding Group" action="confirmed" date="1997-03-27"/>
  </code>
  <code code="GDIP">
    <editdetail attribution="Reuters BIP Coding Group" action="confirmed" date="1997-03-27"/>
  </code>
</codes>
<dc element="dc.date.created" value="1996-03-28"/>
<dc element="dc.publisher" value="Reuters Holdings Plc"/>
<dc element="dc.date.published" value="1997-03-27"/>
<dc element="dc.source" value="Reuters"/>
<dc element="dc.creator.location" value="KAMPALA, Uganda"/>
<dc element="dc.creator.location.country.name" value="UGANDA"/>
<dc element="dc.source" value="Reuters"/>
</metadata>
</newsitem>
