<?xml version="1.0" encoding="iso-8859-1" ?>
<newsitem itemid="471598" id="root" date="1997-03-27" xml:lang="en">
<title>BOTSWANA: PRESS DIGEST - Botswana - March 27.</title>
<headline>PRESS DIGEST - Botswana - March 27.</headline>
<dateline>GABORONE 1997-03-27</dateline>
<text>
<p>These are the leading stories in the Botswana press on Thursday.</p>
<p>Reuters has not verified these stories and does not vouch for their accuracy.</p>
<p>- - - -</p>
<p>THE GUARDIAN</p>
<p>- Botswana police handled 125,680 crime reports during 1996, 4.3 percent up on 1995. Fifty-four percent of these were traffic violatons, rape reports went up by 4.8 percent to 1,107 and robbery increased 2.8 percent to 1,172.</p>
<p>- The Botswana government has agreed in principle that the South African Truth and Reconciliation Commission can sit in Botswana, but some research still has to be done before hearings can start.</p>
<p>- Three University of Botswana students, charged with taking part in riots in Gaborone in 1995, have been acquitted. The charges arose from the alleged ritual killing of a schoolgirl in Mochudi village.</p>
<p>- The Botswana Development Corporation has agreed to loan 86.5 million pula to Motor Company Botswana, the company assembling Hyundai cars, to assist in the construction of its assembly plant.</p>
<p>- - - -</p>
<p>MMEGI</p>
<p>- Members of the Botswana Federation of Trade Unions are planning a May Day march to the office of President Ketumile Masire to protest against the refusal by the government to register the Botswana Wholesale, Retail and Distributive Workers' Union. The government says the workers already have representation through another registered union.</p>
<p>- Although it has not yet made a decision on whether the South African truth commission can sit in Botswana, the government says it fears the emotional trauma the hearing could stir amongst Botswana citizens.</p>
<p>- Gaborone newsroom +267 347-182</p>
</text>
<copyright>(c) Reuters Limited 1997</copyright>
<metadata>
<codes class="bip:countries:1.0">
  <code code="BOTS">
    <editdetail attribution="Reuters BIP Coding Group" action="confirmed" date="1997-03-27"/>
  </code>
</codes>
<codes class="bip:topics:1.0">
  <code code="GCAT">
    <editdetail attribution="Reuters BIP Coding Group" action="confirmed" date="1997-03-27"/>
  </code>
</codes>
<dc element="dc.date.created" value="1997-03-27"/>
<dc element="dc.publisher" value="Reuters Holdings Plc"/>
<dc element="dc.date.published" value="1997-03-27"/>
<dc element="dc.source" value="Reuters"/>
<dc element="dc.creator.location" value="GABORONE"/>
<dc element="dc.creator.location.country.name" value="BOTSWANA"/>
<dc element="dc.source" value="Reuters"/>
</metadata>
</newsitem>
