<?xml version="1.0" encoding="iso-8859-1" ?>
<newsitem itemid="471570" id="root" date="1997-03-27" xml:lang="en">
<title>SOUTH AFRICA: FORECAST - S.African economic indicators consensus.</title>
<headline>FORECAST - S.African economic indicators consensus.</headline>
<dateline>JOHANNESBURG 1997-03-27</dateline>
<text>
<p>South African economic indicators scheduled for release next week include:</p>
<p>DAY    GMT   INDICATOR   PERIOD  FORECAST    RANGE	PREVIOUS</p>
<p>WED    1500  PRELIM M3   FEB    15.10 PCT   14.75/15.75  16.89</p>
<p>WED    1500  PRIV CREDIT FEB    16.39 PCT   15.50/16.92  17.07</p>
<p>WED+   1600  RESERVES    MAR    12.58 BLN 11.5-13.5BLN 12.49 BLN</p>
<p>---------------------------------------------------</p>
<p>-- Johannesburg newsroom +27 11 482 1003</p>
</text>
<copyright>(c) Reuters Limited 1997</copyright>
<metadata>
<codes class="bip:countries:1.0">
  <code code="SAFR">
    <editdetail attribution="Reuters BIP Coding Group" action="confirmed" date="1997-03-27"/>
  </code>
</codes>
<codes class="bip:topics:1.0">
  <code code="E71">
    <editdetail attribution="Reuters BIP Coding Group" action="confirmed" date="1997-03-27"/>
  </code>
  <code code="ECAT">
    <editdetail attribution="Reuters BIP Coding Group" action="confirmed" date="1997-03-27"/>
  </code>
</codes>
<dc element="dc.date.created" value="1997-03-27"/>
<dc element="dc.publisher" value="Reuters Holdings Plc"/>
<dc element="dc.date.published" value="1997-03-27"/>
<dc element="dc.source" value="Reuters"/>
<dc element="dc.creator.location" value="JOHANNESBURG"/>
<dc element="dc.creator.location.country.name" value="SOUTH AFRICA"/>
<dc element="dc.source" value="Reuters"/>
</metadata>
</newsitem>
