<?xml version="1.0" encoding="iso-8859-1" ?>
<newsitem itemid="471506" id="root" date="1997-03-27" xml:lang="en">
<title>CANADA: Canada dollar ends weaker amid bond, stock selloff.</title>
<headline>Canada dollar ends weaker amid bond, stock selloff.</headline>
<dateline>TORONTO 1997-03-27</dateline>
<text>
<p>FORECAST RANGE   1.3750/1.3820	    ASIAN CLOSE     1.3730</p>
<p>RESISTANCE 1.3740   SUPPORT 1.3850	HI 1.3745   LO  1.3728</p>
<p>CANADA OPEN  1.3745/50    HI 1.3797     EUROPE OPEN     1.3744</p>
<p>PREV CLOSE   1.3734/39    LO 1.3730     HI 1.3734   LO  1.3724</p>
<p>----------------------MARKET COMMENT--------------------------</p>
<p>* Canada's dollar ends sharply lower at C$1.3797 (US$0.7248) on Thursday on selling pressure caused by weakness in bond and equity markets. * Strong selling interest on the International Monetary Market in Chicago also cited. * Longer-term, strong U.S. data and possibility of another Fed rate hike a negative for the unit, analysts said.  </p>
<p>Canada's dollar ended sharply lower at C$1.3797 (US$0.7248) on Thursday, hurt by a selloff in both bond and equity markets and growing concern that U.S. interest rates will rise further, analysts said.</p>
<p>&quot;There's been pressure on the Canadian dollar because of the bond market performance,&quot; said John Nicholson, a managing director of foreign exchange with Scotia Capital Markets. &quot; &quot;The U.S. has seen a big selloff and the Canadian market has followed them down. Also, equity related sales have pushed (the dollar). Obviously the stock market is lower. Both those factors are pressuring the Canadian dollar.&quot;  </p>
<p>Canada's benchmark TSE 300 index lost more than 3 percent of its value during the session, while the Canadian long bond fell C$0.90 to C$108.38 to yield 7.278.</p>
<p>Analysts also said there was strong interest by U.S. investors to sell Canadian dollars on the International Monetary Market in Chicago ahead of the long weekend.</p>
<p>&quot;It was mainly led by the IMM. The IMM had an early close so all the weakness led right up into the close,&quot; said Harvinder Kalirai, a Canadian analyst with I.D.E.A. Kalirai said a transaction between two U.S. banks was the main source of the dollar weakness.  </p>
<p>In the longer term, analysts said there was concern that U.S. economic reports indicating the economy there remained strong could prompt the U.S. Federal Reserve to hike interest rates again.</p>
<p>Analysts said the expectation of such a move would further pressure the Canadian dollar as it was unknown if the Bank of Canada would match another U.S. interest rate hike.</p>
<p>&quot;This divergence in policies could quite well continue, so that's becoming an additional pressure really on the Canadian dollar,&quot; said Kalirai.  </p>
<p>On the crosses, the Canadian dollar dropped to 1.2131 marks from 1.2285 marks on Wednesday and dipped to 89.56 yen from Wednesday's 90.30 yen.</p>
<p>((Reuters Toronto Bureau (416) 941-8100))</p>
</text>
<copyright>(c) Reuters Limited 1997</copyright>
<metadata>
<codes class="bip:countries:1.0">
  <code code="CANA">
    <editdetail attribution="Reuters BIP Coding Group" action="confirmed" date="1997-03-27"/>
  </code>
</codes>
<codes class="bip:topics:1.0">
  <code code="M13">
    <editdetail attribution="Reuters BIP Coding Group" action="confirmed" date="1997-03-27"/>
  </code>
  <code code="M132">
    <editdetail attribution="Reuters BIP Coding Group" action="confirmed" date="1997-03-27"/>
  </code>
  <code code="MCAT">
    <editdetail attribution="Reuters BIP Coding Group" action="confirmed" date="1997-03-27"/>
  </code>
</codes>
<dc element="dc.date.created" value="1997-03-27"/>
<dc element="dc.publisher" value="Reuters Holdings Plc"/>
<dc element="dc.date.published" value="1997-03-27"/>
<dc element="dc.source" value="Reuters"/>
<dc element="dc.creator.location" value="TORONTO"/>
<dc element="dc.creator.location.country.name" value="CANADA"/>
<dc element="dc.source" value="Reuters"/>
</metadata>
</newsitem>
