<?xml version="1.0" encoding="iso-8859-1" ?>
<newsitem itemid="471507" id="root" date="1997-03-27" xml:lang="en">
<title>CANADA: Canadian Exchanges Closing - March 27.</title>
<headline>Canadian Exchanges Closing - March 27.</headline>
<text>
<p>T-BILLS</p>
<p> CAN.DOLLAR 1.3798-03	1M   2.94  CALL LOAN 3.11</p>
<p>   CAD/DEM  1.2123-33	2M   3.03</p>
<p>   CAD/JPY  89.53-63	 3M   3.18</p>
<p>   CAD/CHF  1.0492-02	WI   3.22  CANADA BONDS YIELD</p>
<p>   GBP/CAD  2.2530-40	6M   3.54     2YR    102.45 4.492</p>
<p>				   WI   3.56     5YR    106.10 5.735</p>
<p> CANADA DOLLAR FORWARDS    1Y   3.99    10YR    106.05 6.367</p>
<p>	 1MTH 28.9-28.4	WI   4.02    30YR    103.71 6.738</p>
<p>	 2MTH 58.2-57.2</p>
<p>	 3MTH 84.5-83.5</p>
</text>
<copyright>(c) Reuters Limited 1997</copyright>
<metadata>
<codes class="bip:countries:1.0">
  <code code="CANA">
    <editdetail attribution="Reuters BIP Coding Group" action="confirmed" date="1997-03-27"/>
  </code>
</codes>
<codes class="bip:topics:1.0">
  <code code="M12">
    <editdetail attribution="Reuters BIP Coding Group" action="confirmed" date="1997-03-27"/>
  </code>
  <code code="M13">
    <editdetail attribution="Reuters BIP Coding Group" action="confirmed" date="1997-03-27"/>
  </code>
  <code code="M131">
    <editdetail attribution="Reuters BIP Coding Group" action="confirmed" date="1997-03-27"/>
  </code>
  <code code="M132">
    <editdetail attribution="Reuters BIP Coding Group" action="confirmed" date="1997-03-27"/>
  </code>
  <code code="MCAT">
    <editdetail attribution="Reuters BIP Coding Group" action="confirmed" date="1997-03-27"/>
  </code>
</codes>
<dc element="dc.publisher" value="Reuters Holdings Plc"/>
<dc element="dc.date.published" value="1997-03-27"/>
<dc element="dc.source" value="Reuters"/>
<dc element="dc.creator.location.country.name" value="CANADA"/>
<dc element="dc.source" value="Reuters"/>
</metadata>
</newsitem>
