<?xml version="1.0" encoding="iso-8859-1" ?>
<newsitem itemid="471583" id="root" date="1997-03-27" xml:lang="en">
<title>KENYA: Africa creditors/finance ministers discuss reforms.</title>
<headline>Africa creditors/finance ministers discuss reforms.</headline>
<byline>Manoah Esipisu</byline>
<dateline>NAIROBI 1997-03-27</dateline>
<text>
<p>Financial sector reforms will be the centrepiece of a three-day meeting of African economic leaders and Western creditors in the Ethiopian capital, Addis Ababa, next week.</p>
<p>Organisers said this week that the March 31-April 2 conference called by the U.N. Economic Commission for Africa (ECA) would bring together at least 30 finance ministers and 20 central bank governors from the world's poorest continent.</p>
<p>ECA spokesman Peter Da Costa said in a statement the meeting will discuss the heavy burden of Africa's debt, within the framework of the &quot;Debt Initiative for Heavily Indebted Poor Countries&quot;.</p>
<p>The World Bank and the International Monetary Fund have been working since last year on a plan to reduced the debt burden of those countries. The World Bank has set up a $500 million trust fund to provide relief for countries with good track records on economic reform but with unsustainable levels of indebtedness.</p>
<p>Diplomats said African countries welcome the initiative because it focuses on multilateral debt, which was previously excluded from debt renegotiation.</p>
<p>The World Bank, the International Monetary Fund, the Bank for International Settlements, the Nordic Investment Bank, the Arab Bank for Economic Development, the Organisation of Economic Cooperation and Development and the World Trade Organisation will be represented at the Ethiopia conference, documents showed.</p>
<p>&quot;Many countries have embarked on reforms that focus on reducing financial repression, restoring bank solvency and improving financial structures...The implementation of those reforms has created problems in some countries. The conference will discuss country experiences in detail,&quot; Da Costa said.</p>
<p>The ministers will seek ways to establish bourses and to strengthen African capital markets to make them more attractive for local and foreign investment.</p>
<p>Da Costa said the ministers would focus on using the 15 African stock exchanges to mobilise and allocate resources.</p>
<p>Under the theme &quot;financial sector reforms and debt management&quot;, the meeting will discuss the role of multilateral institutions in African development.</p>
<p>Da Costa said: &quot;They have come to assume pivotal positions as suppliers of development finance, advisers of African governments and reference points for donor funding for Africa.&quot;</p>
<p>The conference will take stock and examine the future role of those institutions in regard to Africa's efforts to achieve sustainable development, reduce poverty and participate fully in a globalized and liberalised economy, African diplomats said.</p>
<p>Da Costa saw the conference as giving Africans an opportunity to discern what support they expected from these institutions, taking into account a range of financial advances that the international financial systems have recently made.</p>
<p>&quot;Given the range of financial instruments that have emerged, the institutional framework needed for effective intermediation, Africa will need all the help it can,&quot; he said.</p>
<p>--Nairobi Newsroom ++254-2 330-261.</p>
</text>
<copyright>(c) Reuters Limited 1997</copyright>
<metadata>
<codes class="bip:countries:1.0">
  <code code="AFRICA">
    <editdetail attribution="Reuters BIP Coding Group" action="confirmed" date="1997-03-27"/>
  </code>
  <code code="ETHPA">
    <editdetail attribution="Reuters BIP Coding Group" action="confirmed" date="1997-03-27"/>
  </code>
</codes>
<codes class="bip:topics:1.0">
  <code code="E12">
    <editdetail attribution="Reuters BIP Coding Group" action="confirmed" date="1997-03-27"/>
  </code>
  <code code="E21">
    <editdetail attribution="Reuters BIP Coding Group" action="confirmed" date="1997-03-27"/>
  </code>
  <code code="E212">
    <editdetail attribution="Reuters BIP Coding Group" action="confirmed" date="1997-03-27"/>
  </code>
  <code code="E51">
    <editdetail attribution="Reuters BIP Coding Group" action="confirmed" date="1997-03-27"/>
  </code>
  <code code="ECAT">
    <editdetail attribution="Reuters BIP Coding Group" action="confirmed" date="1997-03-27"/>
  </code>
</codes>
<dc element="dc.date.created" value="1997-03-27"/>
<dc element="dc.publisher" value="Reuters Holdings Plc"/>
<dc element="dc.date.published" value="1997-03-27"/>
<dc element="dc.source" value="Reuters"/>
<dc element="dc.creator.location" value="NAIROBI"/>
<dc element="dc.creator.location.country.name" value="KENYA"/>
<dc element="dc.source" value="Reuters"/>
</metadata>
</newsitem>
