<?xml version="1.0" encoding="iso-8859-1" ?>
<newsitem itemid="471522" id="root" date="1997-03-27" xml:lang="en">
<title>CANADA: Johnson &amp; Johnson names CFO.</title>
<headline>Johnson &amp; Johnson names CFO.</headline>
<dateline>NEW BRUNSWICK, N.J.</dateline>
<text>
<p>Johnson &amp; Johnson said Thursday it named Robert Darretta as vice president of finance and chief financial officer, and a member of the company's executive committee.</p>
<p>Darretta succeeds Clark Johnson, who died March 13.</p>
<p>His appointment is effective immediately and he will report to Chairman and Chief Executive Officer Ralph Larsen, J&amp;J said. Darretta has been treasurer and a corporate officer of Johnson &amp; Johnson since May 1995.</p>
</text>
<copyright>(c) Reuters Limited 1997</copyright>
<metadata>
<codes class="bip:countries:1.0">
  <code code="USA">
    <editdetail attribution="Reuters BIP Coding Group" action="confirmed" date="1997-03-27"/>
  </code>
</codes>
<codes class="bip:industries:1.0">
  <code code="I25000">
    <editdetail attribution="Reuters BIP Coding Group" action="confirmed" date="1997-03-27"/>
  </code>
</codes>
<codes class="bip:topics:1.0">
  <code code="C41">
    <editdetail attribution="Reuters BIP Coding Group" action="confirmed" date="1997-03-27"/>
  </code>
  <code code="C411">
    <editdetail attribution="Reuters BIP Coding Group" action="confirmed" date="1997-03-27"/>
  </code>
  <code code="CCAT">
    <editdetail attribution="Reuters BIP Coding Group" action="confirmed" date="1997-03-27"/>
  </code>
</codes>
<dc element="dc.publisher" value="Reuters Holdings Plc"/>
<dc element="dc.date.published" value="1997-03-27"/>
<dc element="dc.source" value="Reuters"/>
<dc element="dc.creator.location" value="NEW BRUNSWICK, N.J."/>
<dc element="dc.creator.location.country.name" value="CANADA"/>
<dc element="dc.source" value="Reuters"/>
</metadata>
</newsitem>
