<?xml version="1.0" encoding="iso-8859-1" ?>
<newsitem itemid="471579" id="root" date="1997-03-27" xml:lang="en">
<title>SOUTH AFRICA: S.Africa jails two for life for Christmas massacre.</title>
<headline>S.Africa jails two for life for Christmas massacre.</headline>
<dateline>DURBAN, South Africa 1997-03-27</dateline>
<text>
<p>A South African judge on Thursday jailed two men for life for a &quot;savage and barbaric&quot; massacre of 18 people on Christmas Day, 1995.</p>
<p>The men were among a 1,000-strong group that swept through Shobashobane on the Indian Ocean coast, killing 18 supporters of President Nelson Mandela's African National Congress.</p>
<p>&quot;The deed brought enormous shame to our entire country...you showed the outside world a residue of the savage and barbaric behaviour that we hoped we had left behind,&quot; Judge Hilary Squires told the court.</p>
<p>He gave the heaviest sentences to two local leaders of the mainly Zulu Inkatha Freedom Party, as an example to warring factions in the Zulu heartland, where about 15,000 people have been killed in political violence since the mid-1980s.</p>
<p>&quot;You will be made an example of so that any other local leader or warlord who sets in motion or is party to this sort of violence will know what awaits them,&quot; Squires told Inkatha leaders Sipho Ngcobo, 43, and Zithulele Zuma, 30.</p>
<p>He ordered that they be jailed for life.</p>
<p>Ten other accused were sentenced to terms ranging from eight to 15 years for their part in the violence.</p>
<p>Children, women and men were shot, stabbed and clubbed to death after being chased into an ambush by two columns of men encircling them in a pincer movement, a Zulu war manoeuvre perfected over a century ago.</p>
<p>Squires rejected defence arguments that ANC supporters had provoked the attack.</p>
<p>&quot;There was no difference of race or religion...this is called ethnic cleansing in other parts of the world and that is what has shamed us all,&quot; he said.</p>
<p>A large crowd of ANC supporters cheered when the sentence was handed down and outside the court people danced and sang before dispersing.</p>
</text>
<copyright>(c) Reuters Limited 1997</copyright>
<metadata>
<codes class="bip:countries:1.0">
  <code code="SAFR">
    <editdetail attribution="Reuters BIP Coding Group" action="confirmed" date="1997-03-27"/>
  </code>
</codes>
<codes class="bip:topics:1.0">
  <code code="GCAT">
    <editdetail attribution="Reuters BIP Coding Group" action="confirmed" date="1997-03-27"/>
  </code>
  <code code="GCRIM">
    <editdetail attribution="Reuters BIP Coding Group" action="confirmed" date="1997-03-27"/>
  </code>
  <code code="GVIO">
    <editdetail attribution="Reuters BIP Coding Group" action="confirmed" date="1997-03-27"/>
  </code>
</codes>
<dc element="dc.date.created" value="1997-03-27"/>
<dc element="dc.publisher" value="Reuters Holdings Plc"/>
<dc element="dc.date.published" value="1997-03-27"/>
<dc element="dc.source" value="Reuters"/>
<dc element="dc.creator.location" value="DURBAN, South Africa"/>
<dc element="dc.creator.location.country.name" value="SOUTH AFRICA"/>
<dc element="dc.source" value="Reuters"/>
</metadata>
</newsitem>
