<?xml version="1.0" encoding="iso-8859-1" ?>
<newsitem itemid="471548" id="root" date="1997-03-27" xml:lang="en">
<title>NIGERIA: PRESS DIGEST - Nigeria - March 27.</title>
<headline>PRESS DIGEST - Nigeria - March 27.</headline>
<dateline>LAGOS 1997-03-27</dateline>
<text>
<p>These are significant stories in the Nigerian press on Thursday. Reuters has not verified these stories and does not vouch for their accuracy.</p>
<p>DAILY TIMES</p>
<p>- Run-off polls set for April 3 in 111 local council areas out of 774 in which municipal elections were held two weeks ago.</p>
<p>- Power and steel minister Bashir Dalhatu says state electricity utility NEPA needs 2.4 billion naira to solve the problem of constant power cuts.</p>
<p>- No duty will be charged on goods coming into Nigeria for exhibition at Africa trade fair scheduled to start in the north on Saturday, says fair organising committee chairman Tukur Mani.</p>
<p>- National Clearing and Forwarding Agency, a government company, lays off 50 staff in last one month following major reorganistion ordered by the military government.</p>
<p>THE GUARDIAN</p>
<p>- Job queues lengthen as 115 companies close shop in second half of last year, says manufacturers association in half-year report.</p>
<p>- Two more buildings razed in oil town of Warri in protest riots over relocation of a local government headquarters that led villagers to take staff of Shell hostages.</p>
<p>- Finance minister Anthony Ani lists seven steps he says can lead to accelerated socio-economic growth for Nigeria by the year 2000.</p>
<p>THISDAY</p>
<p>- British Labour Party, which is favoured to win general elections in May, will soon spell out its policy on Nigeria's political crisis, a party official tells newspaper in London.</p>
<p>- Major oil marketing companies lose 2.3 billion naira from recent fuel shortage in Lagos and environs.</p>
<p>($1=85)</p>
<p>-- Lagos newsroom +234 1 2630317</p>
</text>
<copyright>(c) Reuters Limited 1997</copyright>
<metadata>
<codes class="bip:countries:1.0">
  <code code="NIGEA">
    <editdetail attribution="Reuters BIP Coding Group" action="confirmed" date="1997-03-27"/>
  </code>
</codes>
<codes class="bip:topics:1.0">
  <code code="GCAT">
    <editdetail attribution="Reuters BIP Coding Group" action="confirmed" date="1997-03-27"/>
  </code>
</codes>
<dc element="dc.date.created" value="1997-03-27"/>
<dc element="dc.publisher" value="Reuters Holdings Plc"/>
<dc element="dc.date.published" value="1997-03-27"/>
<dc element="dc.source" value="Reuters"/>
<dc element="dc.creator.location" value="LAGOS"/>
<dc element="dc.creator.location.country.name" value="NIGERIA"/>
<dc element="dc.source" value="Reuters"/>
</metadata>
</newsitem>
