<?xml version="1.0" encoding="iso-8859-1" ?>
<newsitem itemid="471512" id="root" date="1997-03-27" xml:lang="en">
<title>CANADA: Canada judge keeps Saudi in custody, sets hearing.</title>
<headline>Canada judge keeps Saudi in custody, sets hearing.</headline>
<dateline>OTTAWA 1997-03-27</dateline>
<text>
<p>A Canadian judge decided on Thursday not to order the release of a Saudi Arabian dissident wanted by the United States in connection with last June's bombing in Saudi Arabia bombing that killed 19 U.S. airmen.</p>
<p>In a closed-door hearing, the Federal Court judge examined the certificate under which the man, Hani Abdel-Rahim Hussein al-Sayegh, was arrested in Ottawa last week and determined that he given an opportunity to appear at a public court hearing on April 28.  </p>
<p>Sayegh, in an Ottawa prison, was not present at Thursday's hearing before Federal Court Justice Donna McGillis.</p>
</text>
<copyright>(c) Reuters Limited 1997</copyright>
<metadata>
<codes class="bip:countries:1.0">
  <code code="CANA">
    <editdetail attribution="Reuters BIP Coding Group" action="confirmed" date="1997-03-27"/>
  </code>
  <code code="SAARAB">
    <editdetail attribution="Reuters BIP Coding Group" action="confirmed" date="1997-03-27"/>
  </code>
  <code code="USA">
    <editdetail attribution="Reuters BIP Coding Group" action="confirmed" date="1997-03-27"/>
  </code>
</codes>
<codes class="bip:topics:1.0">
  <code code="GCAT">
    <editdetail attribution="Reuters BIP Coding Group" action="confirmed" date="1997-03-27"/>
  </code>
  <code code="GCRIM">
    <editdetail attribution="Reuters BIP Coding Group" action="confirmed" date="1997-03-27"/>
  </code>
  <code code="GVIO">
    <editdetail attribution="Reuters BIP Coding Group" action="confirmed" date="1997-03-27"/>
  </code>
</codes>
<dc element="dc.date.created" value="1997-03-27"/>
<dc element="dc.publisher" value="Reuters Holdings Plc"/>
<dc element="dc.date.published" value="1997-03-27"/>
<dc element="dc.source" value="Reuters"/>
<dc element="dc.creator.location" value="OTTAWA"/>
<dc element="dc.creator.location.country.name" value="CANADA"/>
<dc element="dc.source" value="Reuters"/>
</metadata>
</newsitem>
