<?xml version="1.0" encoding="iso-8859-1" ?>
<newsitem itemid="471540" id="root" date="1997-03-27" xml:lang="en">
<title>TOGO: Zaire rebels say talks to start soon.</title>
<headline>Zaire rebels say talks to start soon.</headline>
<byline>Nicholas Phythian</byline>
<dateline>LOME 1997-03-27</dateline>
<text>
<p>The head of Zaire's rebel delegation at an African summit said on Thursday the first talks with President Mobutu Sese Seko's government would begin soon.</p>
<p>&quot;We are very excited to learn that for the first time the people (authorities) of Kinshasa have decided to agree to a starting of the negotiations which are going to be in a very few days to come,&quot; Bizima Karaha told a news conference.</p>
<p>Laurent Kabila's disciplined fighters control about a quarter of Zaire's vast territory, five months into their rebellion against Mobutu's 32-year rule.</p>
<p>Karaha said likely venues for the talks were South Africa and Togo. He said Kabila would not take part and he added a strong note of scepticism on the likely success of the talks.</p>
<p>&quot;We do not trust them much because they are known for giving so many promises but we shall wait for such a time for them to fulfil their commitment,&quot; Karaha said.</p>
<p>The warring parties were both in Togo's capital for Wednesday's special Organisation of African Unity (OAU) summit on the Zaire crisis.</p>
<p>The rebels made clear from the outset they were not in Lome to negotiate but they did agree to a handshake with Mobutu's team in a private meeting late on Wednesday, Togo said.</p>
<p>Mobutu, stricken with prostate cancer and with his army routed in the field, looks far more inclined to strike a deal with Kabila than vice versa.</p>
<p>Karaha gave no idea of the agenda for talks but Kabila's view that the bottom line is the end of the Mobutu era was clearly repeated at Thursday's news conference.</p>
<p>&quot;It would be in Mobutu's interest to negotiate his own departure,&quot; Gaetan Kakudji, another rebel delegate in Lome said.</p>
</text>
<copyright>(c) Reuters Limited 1997</copyright>
<metadata>
<codes class="bip:countries:1.0">
  <code code="TOGO">
    <editdetail attribution="Reuters BIP Coding Group" action="confirmed" date="1997-03-27"/>
  </code>
  <code code="ZAIRE">
    <editdetail attribution="Reuters BIP Coding Group" action="confirmed" date="1997-03-27"/>
  </code>
</codes>
<codes class="bip:topics:1.0">
  <code code="GCAT">
    <editdetail attribution="Reuters BIP Coding Group" action="confirmed" date="1997-03-27"/>
  </code>
  <code code="GVIO">
    <editdetail attribution="Reuters BIP Coding Group" action="confirmed" date="1997-03-27"/>
  </code>
</codes>
<dc element="dc.date.created" value="1997-03-27"/>
<dc element="dc.publisher" value="Reuters Holdings Plc"/>
<dc element="dc.date.published" value="1997-03-27"/>
<dc element="dc.source" value="Reuters"/>
<dc element="dc.creator.location" value="LOME"/>
<dc element="dc.creator.location.country.name" value="TOGO"/>
<dc element="dc.source" value="Reuters"/>
</metadata>
</newsitem>
