<?xml version="1.0" encoding="iso-8859-1" ?>
<newsitem itemid="471534" id="root" date="1997-03-27" xml:lang="en">
<title>ETHIOPIA: Ethiopian former minister charged with corruption.</title>
<headline>Ethiopian former minister charged with corruption.</headline>
<byline>Tsegaye Tadesse</byline>
<dateline>ADDIS ABABA 1997-03-27</dateline>
<text>
<p>Former Ethiopian Deputy Prime Minister Tamirat Layne and eight others were charged on Thursday with abuse of office and involvement in corruption scandals in which millions of dollars were lost.</p>
<p>Tamirat, also a former defence minister, and the others were brought to the court in Addis Ababa under heavy security escort of plain-clothed policemen and Criminal Investigations Department officers. They appeared relaxed and in good health.</p>
<p>Tamirat was prime minister during Ethiopia's transition period from 1991 to 1994. He became deputy prime minister later in 1994 when president Meles Zenawi became prime minister under a new federal constitution. The prosecution says Tamirat abused power both as prime minister and deputy prime minister.</p>
<p>He was sacked in October and put under protective custody.</p>
<p>The nine were not required to enter their pleas. They face prison terms of between three and 15 years if found guilty. Those charged with Tamirat include his former secretary and businessmen.</p>
<p>Tamirat, 42, came to the Federal Supreme Court dressed in a double-breasted grey coat, black trouser and white shirt. He did not wear a tie.</p>
<p>He calmly stood in the dock with the other accused.</p>
<p>A seven-page charge sheet by the prosecution accused Tamirat and the others of gross abuse of power and corruption.</p>
<p>It said in the first count that Tamirat, a prime minister during Ethiopia's transition period, abused his office and entered into an illegal $16 million deal with a business firm that sought distribution of textile goods in Ethiopia.</p>
<p>It said the firm transferred $9 million from a New York account to Tamirat's bank account in London; Tamirat kept $5 million in London and transferred $500,000 to the Switzerland bank account of his four-year-old son Belen Getachew Mamo.</p>
<p>Tamirat transferred a further $2.5 million to Djibouti-based Ramis International Company that he owned and then allegedly gave $1 million to Nadia Kassim, one of the accused and not present in court on Thursday, the charge documents said.</p>
<p>No indication was given as to what happened to the balance of $7 million from the total of $16 million.</p>
<p>Tamirat was also accused of using his position to export 1,000 tonnes of state coffee through a bogus firm for $3.6 million and taking $1.8 million of the proceeds for himself.</p>
<p>On another count, prosecutors accused Tamirat of fraudulently obtaining a tender for the supply of construction equipment worth 67 million birr ($11 million). It did not state his personal gain from the tender.</p>
<p>Prosecutors also charged Tamirat with using is power to award a tender for the resurfacing of a major highway.</p>
<p>The court refused bail for all the accused and the trial was adjourned for April 15 to give the accused time to study the charges and also appoint their defence lawyers.</p>
</text>
<copyright>(c) Reuters Limited 1997</copyright>
<metadata>
<codes class="bip:countries:1.0">
  <code code="ETHPA">
    <editdetail attribution="Reuters BIP Coding Group" action="confirmed" date="1997-03-27"/>
  </code>
</codes>
<codes class="bip:topics:1.0">
  <code code="GCAT">
    <editdetail attribution="Reuters BIP Coding Group" action="confirmed" date="1997-03-27"/>
  </code>
  <code code="GCRIM">
    <editdetail attribution="Reuters BIP Coding Group" action="confirmed" date="1997-03-27"/>
  </code>
  <code code="GPOL">
    <editdetail attribution="Reuters BIP Coding Group" action="confirmed" date="1997-03-27"/>
  </code>
</codes>
<dc element="dc.date.created" value="1997-03-27"/>
<dc element="dc.publisher" value="Reuters Holdings Plc"/>
<dc element="dc.date.published" value="1997-03-27"/>
<dc element="dc.source" value="Reuters"/>
<dc element="dc.creator.location" value="ADDIS ABABA"/>
<dc element="dc.creator.location.country.name" value="ETHIOPIA"/>
<dc element="dc.source" value="Reuters"/>
</metadata>
</newsitem>
