<?xml version="1.0" encoding="iso-8859-1" ?>
<newsitem itemid="471542" id="root" date="1997-03-27" xml:lang="en">
<title>TOGO: Symbolic handshake by Zaire warring parties - Togo.</title>
<headline>Symbolic handshake by Zaire warring parties - Togo.</headline>
<byline>Nicholas Phythian</byline>
<dateline>LOME 1997-03-27</dateline>
<text>
<p>Zaire's warring parties, brought together by Organisation of African Unity (OAU) leaders in an attempt to broker peace, shook hands in a symbolic first step towards reconciliation, host Togo said.</p>
<p>Togo's Foreign Minister Pierre Koffi Panou told Radio France International that the handshake between representatives of the two sides took place late on Wednesday on the sidelines of a special OAU summit on the crisis at the heart of Africa.</p>
<p>But with Laurent Kabila's rebels having the upper hand on the battlefield and their representatives at the summit repeatedly stressing that they were not in Togo to negotiate, any more significant breakthrough looked unlikely.</p>
<p>&quot;It's a very important stage which has been crossed. Here you have foes who were not speaking to one another who shook hands,&quot; Panou said.</p>
<p>He described the handshake, during a private meeting hosted by Togo's president, Gnassingbe Eyadema, as &quot;a very strong signal for all the main players and the international community&quot;.</p>
<p>The rebels, who have been fighting to topple veteran President Mobutu Sese Seko since October, were attending their first major international forum.</p>
<p>Earlier, the heads of state brought the two sides together in the same room during a closed session of their summit and allowed each to have their say.</p>
<p>&quot;They were brought in. Both sides explained their position in front of everyone,&quot; one source told Reuters.</p>
<p>But one senior African delegate suggested that the fact that the rebels were allowed to address Wednesday's closed session of the summit had angered the delegation from Zaire's central authorities, who listened under protest.</p>
<p>Rwanda had suggested that the rebel delegates be allowed to address the closed session but the delegation from Kinshasa had expected more informal contacts on the sidelines of the formal summit, he added.</p>
<p>Throughout the meeting, the rebel team has insisted it is not in Togo to negotiate.</p>
<p>&quot;We are not here to negotiate,&quot; Gaetab Kakudji, one of the two Kabila representatives told Reuters after U.N. Secretary- General Kofi Annan and OAU Secretary-General Salim Ahmed Salim both called for the fighting to stop and talks to start.</p>
<p>Salim described the presence of the two sides in Togo's capital Lome as a &quot;unique opportunity to move the peace process forward&quot; and urged them to seize it.</p>
<p>&quot;I wish, in the name of Africa, to appeal to both parties to rise to the challenge of the hour,&quot; he said.</p>
<p>&quot;The fighting must stop and dialogue must begin,&quot; Annan told delegates. &quot;Military might or intervention alone cannot successfully lay the foundations for a lasting peace.&quot;</p>
<p>France and the United States, among Western nations who have sent troops to the region to evacuate their nationals if peace efforts collapse and violence erupts in Kinshasa, have been jointly lobbying for a truce and talks.</p>
<p>Diplomatic pressure focused on a five point peace plan formulated by U.N. special envoy Mohamed Sahnoun, who was also attending the summit.</p>
<p>Heads of state and other would-be mediators all urged the rebels to embrace the plan, which has already been accepted by the government in Kinshasa.</p>
<p>In Kinshasa itself, political confusion reigned after he resignation of Prime Minister Kengo wa Dondo's government. Kengo remains in charge in a caretaker capacity.</p>
<p>The central authorities in Kinshasa are represented by Foreign Minister Kamanda wa Kamdana and the deputy speaker of the transitional assembly, Andre Boboliko.</p>
</text>
<copyright>(c) Reuters Limited 1997</copyright>
<metadata>
<codes class="bip:countries:1.0">
  <code code="FRA">
    <editdetail attribution="Reuters BIP Coding Group" action="confirmed" date="1997-03-27"/>
  </code>
  <code code="OAU">
    <editdetail attribution="Reuters BIP Coding Group" action="confirmed" date="1997-03-27"/>
  </code>
  <code code="TOGO">
    <editdetail attribution="Reuters BIP Coding Group" action="confirmed" date="1997-03-27"/>
  </code>
  <code code="ZAIRE">
    <editdetail attribution="Reuters BIP Coding Group" action="confirmed" date="1997-03-27"/>
  </code>
</codes>
<codes class="bip:topics:1.0">
  <code code="GCAT">
    <editdetail attribution="Reuters BIP Coding Group" action="confirmed" date="1997-03-27"/>
  </code>
  <code code="GDIP">
    <editdetail attribution="Reuters BIP Coding Group" action="confirmed" date="1997-03-27"/>
  </code>
  <code code="GVIO">
    <editdetail attribution="Reuters BIP Coding Group" action="confirmed" date="1997-03-27"/>
  </code>
</codes>
<dc element="dc.date.created" value="1997-03-27"/>
<dc element="dc.publisher" value="Reuters Holdings Plc"/>
<dc element="dc.date.published" value="1997-03-27"/>
<dc element="dc.source" value="Reuters"/>
<dc element="dc.creator.location" value="LOME"/>
<dc element="dc.creator.location.country.name" value="TOGO"/>
<dc element="dc.source" value="Reuters"/>
</metadata>
</newsitem>
