<?xml version="1.0" encoding="iso-8859-1" ?>
<newsitem itemid="471529" id="root" date="1997-03-27" xml:lang="en">
<title>TOGO: OAU leaders urge Zaire talks before truce.</title>
<headline>OAU leaders urge Zaire talks before truce.</headline>
<dateline>LOME 1997-03-27</dateline>
<text>
<p>Organisation of African Unity (OAU) leaders called on Thursday for immediate talks between Zaire's warring parties before a truce, effectively backing the rebel stance on negotiations to end the conflict.</p>
<p>At the same time, the leaders, who held a special summit in Togo, urged all concerned with the conflict and all OAU members to support fully the five-point peace plan of U.N. and OAU special envoy Mohamed Sahnoun and to help him implement it.</p>
<p>The delegation from Zaire's central authorities in Kinshasa expressed reservations about the talks-before-truce element of the OAU leaders' final declaration.</p>
<p>&quot;The (leaders) called for immediate negotiations between the government of Zaire and the Democratic Alliance for the Liberation of Congo-Zaire, leading to a ceasefire and complete cessation of hostilities, in order to pave the way for the implementation of the said plan,&quot; the declaration said.</p>
<p>It &quot;urged all parties concerned as well as all member states to fully support the mission and mandate of the special representative (Sahnoun) in the implmentation of the plan.&quot;</p>
<p>It &quot;condemned all types of foreign military intervention and the use of mercenaries in Zaire&quot;. The Kinshasa delegation also expressed reservations about that.</p>
<p>Over a dozen heads of state met over two days as members of the Central Organ of the OAU Mechanism for Conflict, Prevention, Management and Resolution -- the body's first heads of state summit.</p>
<p>The final declaration urged the OAU and the U.N. secretary generals to cooperate for implementation of the Sahnoun plan, which calls for a truce, talks, restoration of dialogue, respect of Zaire's sovereignty and that of other states in the volatile region and proper care for refugees and displaced Zaireans.</p>
<p>The declaration appealed for all parties to help accelerate the voluntary repatriation of refugees in east Zaire while ensuring their safety and dignity and to create conditions for distribution of humanitarian aid.</p>
<p>It called for the disarmament and demobilisation of former Rwandan Hutu hardliners and the trial by the International Tribunal of any suspected of involvement in the 1994 genocide of minority Tutsis in Rwanda.</p>
<p>The declaration underscored the need for an international conference on peace, security and stability in the volatile Great Lakes region under OAU and U.N. auspices.</p>
</text>
<copyright>(c) Reuters Limited 1997</copyright>
<metadata>
<codes class="bip:countries:1.0">
  <code code="OAU">
    <editdetail attribution="Reuters BIP Coding Group" action="confirmed" date="1997-03-27"/>
  </code>
  <code code="TOGO">
    <editdetail attribution="Reuters BIP Coding Group" action="confirmed" date="1997-03-27"/>
  </code>
  <code code="UN">
    <editdetail attribution="Reuters BIP Coding Group" action="confirmed" date="1997-03-27"/>
  </code>
  <code code="ZAIRE">
    <editdetail attribution="Reuters BIP Coding Group" action="confirmed" date="1997-03-27"/>
  </code>
</codes>
<codes class="bip:topics:1.0">
  <code code="GCAT">
    <editdetail attribution="Reuters BIP Coding Group" action="confirmed" date="1997-03-27"/>
  </code>
  <code code="GDIP">
    <editdetail attribution="Reuters BIP Coding Group" action="confirmed" date="1997-03-27"/>
  </code>
  <code code="GVIO">
    <editdetail attribution="Reuters BIP Coding Group" action="confirmed" date="1997-03-27"/>
  </code>
</codes>
<dc element="dc.date.created" value="1997-03-27"/>
<dc element="dc.publisher" value="Reuters Holdings Plc"/>
<dc element="dc.date.published" value="1997-03-27"/>
<dc element="dc.source" value="Reuters"/>
<dc element="dc.creator.location" value="LOME"/>
<dc element="dc.creator.location.country.name" value="TOGO"/>
<dc element="dc.source" value="Reuters"/>
</metadata>
</newsitem>
