<?xml version="1.0" encoding="iso-8859-1" ?>
<newsitem itemid="471547" id="root" date="1997-03-27" xml:lang="en">
<title>NIGERIA: Last batch of Nigerian Shell hostages freed.</title>
<headline>Last batch of Nigerian Shell hostages freed.</headline>
<dateline>LAGOS 1997-03-27</dateline>
<text>
<p>The last batch of Shell oil workers held hostages by villagers in Nigeria were freed on Thursday, a company spokesman said.</p>
<p>&quot;All our staff and contractors are now back safely in Warri,&quot; said the Shell spokesman in Lagos, referring to the midwestern oil city of Warri that is headquarters of Shell's operations in the western sector of Nigeria.  </p>
<p>The hostage saga began last Saturday when Ijaw tribesmen protesting the relocation of their local government headquarters to another town occupied six flow stations of Shell on which they detained 127 staff and contractors, all of them Nigerians.</p>
<p>Negotiations secured the release of the hostages in batches and by Thursday there were 52 still held and community leaders pledged that they would be released later in the day.</p>
<p>The Shell spokesman said there had been no conditions set by the villagers for freeing the company's staff. &quot;All they asked was that we should pass on their grievances to the government.&quot;</p>
<p>Three Ijaw tribesmen have died in the protests that escalated into riots in Warri on Tuesday and forced the reduction in Shell's oil output in the area. Output has also been cut in Nembe in the southeast, where villagers protesting against the merger of two communities into one local government also seized Shell flow stations and ordered its staff out of the facility.</p>
<p>-- Lagos newsroom +234 1 263 03 17</p>
</text>
<copyright>(c) Reuters Limited 1997</copyright>
<metadata>
<codes class="bip:countries:1.0">
  <code code="NIGEA">
    <editdetail attribution="Reuters BIP Coding Group" action="confirmed" date="1997-03-27"/>
  </code>
</codes>
<codes class="bip:industries:1.0">
  <code code="I13000">
    <editdetail attribution="Reuters BIP Coding Group" action="confirmed" date="1997-03-27"/>
  </code>
  <code code="I1300003">
    <editdetail attribution="Reuters BIP Coding Group" action="confirmed" date="1997-03-27"/>
  </code>
</codes>
<codes class="bip:topics:1.0">
  <code code="C42">
    <editdetail attribution="Reuters BIP Coding Group" action="confirmed" date="1997-03-27"/>
  </code>
  <code code="CCAT">
    <editdetail attribution="Reuters BIP Coding Group" action="confirmed" date="1997-03-27"/>
  </code>
  <code code="E41">
    <editdetail attribution="Reuters BIP Coding Group" action="confirmed" date="1997-03-27"/>
  </code>
  <code code="ECAT">
    <editdetail attribution="Reuters BIP Coding Group" action="confirmed" date="1997-03-27"/>
  </code>
  <code code="GCAT">
    <editdetail attribution="Reuters BIP Coding Group" action="confirmed" date="1997-03-27"/>
  </code>
  <code code="GJOB">
    <editdetail attribution="Reuters BIP Coding Group" action="confirmed" date="1997-03-27"/>
  </code>
  <code code="GVIO">
    <editdetail attribution="Reuters BIP Coding Group" action="confirmed" date="1997-03-27"/>
  </code>
</codes>
<dc element="dc.date.created" value="1997-03-27"/>
<dc element="dc.publisher" value="Reuters Holdings Plc"/>
<dc element="dc.date.published" value="1997-03-27"/>
<dc element="dc.source" value="Reuters"/>
<dc element="dc.creator.location" value="LAGOS"/>
<dc element="dc.creator.location.country.name" value="NIGERIA"/>
<dc element="dc.source" value="Reuters"/>
</metadata>
</newsitem>
