<?xml version="1.0" encoding="iso-8859-1" ?>
<newsitem itemid="471539" id="root" date="1997-03-27" xml:lang="en">
<title>TOGO: Zaire rebels say talks imminent.</title>
<headline>Zaire rebels say talks imminent.</headline>
<dateline>LOME 1997-03-27</dateline>
<text>
<p>Zaire's rebels said on Thursday that negotiations with representatives of ailing President Mobutu Sese Seko and the central authorities in Kinshasa could take place in a few days.</p>
<p>Bizima Karaha, rebel leader Laurent Kabila's foreign affairs strategist, told a news conference on the sidelines of an Organisation of African Unity (OAU) summit in Togo, that South Africa or Togo were likely venues.</p>
<p>&quot;We are very excited to learn that for the first time the people (authorities) of Kinshasa have decided to agree to a starting of the negotiations which are going to be in a very few days to come,&quot; he said.</p>
<p>&quot;We are ready to go in any country as long as these Zaireans are serious,&quot; he said, as mentioning Togo and South Africa by name.</p>
<p>He said the rebels, who were attending their first major international forum, were ready to sign a ceasefire, but the question was &quot;with whom&quot;.</p>
<p>Karaha said that Kabila, whose forces are fighting to topple Mobutu and who control one fifth of the sprawling Central African nation, would not negotiate in person as the rebels had a special team to do that.</p>
<p>The rebel representatives in Togo said that Mobutu, who returned home last Friday after fresh cancer treatment in Europe, was the only real power left in Kinshasa and that negotiations should be with him or his representatives.</p>
<p>&quot;It's in his interests to negotiate his own departure,&quot; Gaeten Kakudji, the second Kabila representative, said.</p>
<p>Kakudji and Karaha said they shook hands with the representatives of the central authorities late on Wednesday in the presence of host President Gnassingbe Eyadema and U.N. Secretary-General Kofi Annan, in what Togo described as a symbolic first step towards reconciliation.</p>
<p>&quot;It's a very important stage which has been crossed. Here you have foes who were not speaking to one another who shook hands,&quot; Togo's Foreign Minister Pierre Koffi Panou told French radio earlier.</p>
<p>The OAU called the special summit to try to broker peace in the crisis at the heart of Africa.</p>
<p>The heads of state brought the two sides together in the same room on Wednesday during a closed session of their summit and allowed each to have their say.</p>
<p>Throughout the meeting, the rebel team has insisted it is not in Togo to negotiate.</p>
<p>France and the United States, among Western nations who have sent troops to the region to evacuate their nationals if peace efforts collapse and violence erupts in Kinshasa, have been jointly lobbying for a truce and talks.</p>
<p>Diplomatic pressure focused on a five point peace plan formulated by U.N. special envoy Mohamed Shanoun, who was also attending the summit.</p>
<p>Heads of state and other would-be mediators all urged the rebels to embrace the plan, which has already been accepted by the government in Kinshasa.</p>
<p>In Kinshasa itself, political confusion reigned after he resignation of Prime Minister Kengo wa Dondo's government. Kengo remains in charge in a caretaker capacity.</p>
<p>The central authorities in Kinshasa are represented by Foreign Minister Kamanda wa Kamanda and the deputy speaker of the transitional assembly, Andre Boboliko.</p>
</text>
<copyright>(c) Reuters Limited 1997</copyright>
<metadata>
<codes class="bip:countries:1.0">
  <code code="OAU">
    <editdetail attribution="Reuters BIP Coding Group" action="confirmed" date="1997-03-27"/>
  </code>
  <code code="SAFR">
    <editdetail attribution="Reuters BIP Coding Group" action="confirmed" date="1997-03-27"/>
  </code>
  <code code="TOGO">
    <editdetail attribution="Reuters BIP Coding Group" action="confirmed" date="1997-03-27"/>
  </code>
  <code code="ZAIRE">
    <editdetail attribution="Reuters BIP Coding Group" action="confirmed" date="1997-03-27"/>
  </code>
</codes>
<codes class="bip:topics:1.0">
  <code code="GCAT">
    <editdetail attribution="Reuters BIP Coding Group" action="confirmed" date="1997-03-27"/>
  </code>
  <code code="GDIP">
    <editdetail attribution="Reuters BIP Coding Group" action="confirmed" date="1997-03-27"/>
  </code>
  <code code="GVIO">
    <editdetail attribution="Reuters BIP Coding Group" action="confirmed" date="1997-03-27"/>
  </code>
</codes>
<dc element="dc.date.created" value="1997-03-27"/>
<dc element="dc.publisher" value="Reuters Holdings Plc"/>
<dc element="dc.date.published" value="1997-03-27"/>
<dc element="dc.source" value="Reuters"/>
<dc element="dc.creator.location" value="LOME"/>
<dc element="dc.creator.location.country.name" value="TOGO"/>
<dc element="dc.source" value="Reuters"/>
</metadata>
</newsitem>
