<?xml version="1.0" encoding="iso-8859-1" ?>
<newsitem itemid="471502" id="root" date="1997-03-27" xml:lang="en">
<title>CANADA: Autopsies show Canada cult victims died in fire.</title>
<headline>Autopsies show Canada cult victims died in fire.</headline>
<byline>Patrick White</byline>
<dateline>QUEBEC CITY 1997-03-27</dateline>
<text>
<p>Four of the five Solar Temple cult members involved in a group suicide last week died of smoke inhalation, a Quebec coroner reported on Thursday.</p>
<p>Firefighters discovered the five victims on Saturday in a burned-out house in the village of Saint Casimir 37 miles (60 km) outside of Quebec City.</p>
<p>Quebec coroner Dr. Yvon Naud told a news conference two men and two women found lying in the form of a cross on a bed on the second floor of the house died from carbon monoxide poisoning.</p>
<p>&quot;In these four people, the respiratory tracts were heavily soiled by soot, which signifies that they were alive at the time of the fire,&quot; Naud said.</p>
<p>Another woman found on a ground-floor sofa with a nylon cloth covering her head was dead when the blaze began, Naud said. He said there were no signs she had been murdered but she may have died from swallowing substances or drugs.</p>
<p>Two of the victims found upstairs were Didier Queze, 39, and his wife Chantal Goupillot-Queze, 41, both French citizens. The 63-year-old woman found downstairs on the sofa was Suzanne Druau, Goupillot's mother and the grandmother of three teenagers who survived the group suicide.</p>
<p>All five bodies had quantities of a mixture of over-the-counter sedatives, hypnotics, anti-convulsives and muscle relaxants, Naud said. All five bodies had burns, but none had bullet wounds or other signs of violence.</p>
<p>The teenagers emerged from a nearby shed as firefighters fought the blaze and later told police their parents included them without their knowledge in the group's first suicide attempt on March 20, coinciding with the spring equinox.</p>
<p>But a crude incendiary device fashioned of propane tanks, electric elements and fuel containers did not work then because of a faulty timer. The parents then granted the children's request that they be excluded from the second suicide attempt two days later.</p>
<p>A spokesman for the Quebec youth protection agency, which has taken custody of them, said they were &quot;doing well&quot; and were being counselled by social workers and psychologists.</p>
<p>Quebec provincial police Lt. Alain Quirion said police were examining the actions of the five victims and three children between the first and second suicide attempts, and would file a report with the prosecutor's office on Wednesday.</p>
<p>&quot;The report will be given to the Crown prosecutor so that he can decide the responsibilities and actions of each one,&quot; Quirion said.</p>
<p>Quirion said Canada's Young Offenders Act prevented him from divulging what the children told police about their possible involvement in starting the fatal fire.</p>
<p>The Solar Temple is an international doomsday cult whose members believe a ritualized death takes them on a journey to a new life on the star Sirius.</p>
<p>Since 1994, 74 cult members and others have been killed in group suicides and murders in Quebec, France and Switzerland. Some of the victims, including children and an infant, were shot, poisoned, stabbed or asphyxiated with plastic bags.</p>
<p>A one-page letter stamped March 21 by a post office near Saint Casimir and sent to four Quebec French-language newspapers by the fire victims indicates they had been planning their group suicide since the first cult deaths in Quebec and Switzerland in October 1994.</p>
<p>Those events, a second group of murder-suicides in France in December 1995 and the Saint Casimir deaths are &quot;departures&quot; for Sirius that are part of the same process, it said. &quot;These three departures are in effect one and the same transit.&quot;</p>
<p>The letter, a copy of which police found at the Saint Casimir property, appears to have been sent by Queze to the media and the victims' families.</p>
<p>It contains a veiled threat against Thierry Huguenin, a former member of the sect now living in Switzerland who wrote a book entitled &quot;Le 54e,&quot; (The 54th), a reference to his escaping the first group of murder-suicides in which 48 people died in Switzerland and five died in Quebec.</p>
<p>&quot;As for the pseudo 54th, he should know that the welcoming committee awaits him,&quot; the letter said.</p>
<p>In the United States, 39 members of another cult were found dead on Wednesday in a million-dollar mansion in Rancho Sante Fe, an exclusive community near San Diego. Investigators said the group apparently committed suicide in the belief a UFO, shielded behind a comet, would take them to heaven.</p>
<p>Quebec provincial police special investigator Nadine Tremblay said the force would contact California officials to obtain more information about the San Diego suicides.</p>
</text>
<copyright>(c) Reuters Limited 1997</copyright>
<metadata>
<codes class="bip:countries:1.0">
  <code code="CANA">
    <editdetail attribution="Reuters BIP Coding Group" action="confirmed" date="1997-03-27"/>
  </code>
</codes>
<codes class="bip:topics:1.0">
  <code code="GCAT">
    <editdetail attribution="Reuters BIP Coding Group" action="confirmed" date="1997-03-27"/>
  </code>
  <code code="GDIS">
    <editdetail attribution="Reuters BIP Coding Group" action="confirmed" date="1997-03-27"/>
  </code>
</codes>
<dc element="dc.date.created" value="1997-03-27"/>
<dc element="dc.publisher" value="Reuters Holdings Plc"/>
<dc element="dc.date.published" value="1997-03-27"/>
<dc element="dc.source" value="Reuters"/>
<dc element="dc.creator.location" value="QUEBEC CITY"/>
<dc element="dc.creator.location.country.name" value="CANADA"/>
<dc element="dc.source" value="Reuters"/>
</metadata>
</newsitem>
