<?xml version="1.0" encoding="iso-8859-1" ?>
<newsitem itemid="471597" id="root" date="1997-03-27" xml:lang="en">
<title>ZAMBIA: PRESS DIGEST - Zambia - March 27.</title>
<headline>PRESS DIGEST - Zambia - March 27.</headline>
<dateline>LUSAKA 1997-03-27</dateline>
<text>
<p>These are the leading stories in the Zambian press on Thursday.</p>
<p>Reuters has not verified these stories and does not vouch for their accuracy.</p>
<p>- - - -</p>
<p>TIMES OF ZAMBIA</p>
<p>- Vice President Godfrey Miyanda has ruled out a possible military coup in Zambia as speculated by the media.</p>
<p>- - - -</p>
<p>ZAMBIA DAILY MAIL</p>
<p>- The government has threatened to suspend the operations of Zambia Express to Johannesburg should to airline fail to normalise its flight operations.</p>
<p>- The University of Zambia has reinstated eight out of a total of 12 students expelled after riots over delayed meal allowances.</p>
<p>- - - -</p>
<p>THE POST</p>
<p>- Parliament has adjourned sine die after nearly three months of debate on the 1997 budget.</p>
<p>- Police say they will not interfer with prostitutes in the capital provided they behave themselves.</p>
</text>
<copyright>(c) Reuters Limited 1997</copyright>
<metadata>
<codes class="bip:countries:1.0">
  <code code="ZAMBIA">
    <editdetail attribution="Reuters BIP Coding Group" action="confirmed" date="1997-03-27"/>
  </code>
</codes>
<codes class="bip:topics:1.0">
  <code code="GCAT">
    <editdetail attribution="Reuters BIP Coding Group" action="confirmed" date="1997-03-27"/>
  </code>
</codes>
<dc element="dc.date.created" value="1997-03-27"/>
<dc element="dc.publisher" value="Reuters Holdings Plc"/>
<dc element="dc.date.published" value="1997-03-27"/>
<dc element="dc.source" value="Reuters"/>
<dc element="dc.creator.location" value="LUSAKA"/>
<dc element="dc.creator.location.country.name" value="ZAMBIA"/>
<dc element="dc.source" value="Reuters"/>
</metadata>
</newsitem>
