<?xml version="1.0" encoding="iso-8859-1" ?>
<newsitem itemid="471554" id="root" date="1997-03-27" xml:lang="en">
<title>SOUTH AFRICA: Two miners killed in accident at Dries.</title>
<headline>Two miners killed in accident at Dries.</headline>
<dateline>JOHANNESBURG 1997-03-27</dateline>
<text>
<p>Two mineworkers were killed on Thursday in an underground accident at Driefontein Consolidated Ltd's east division, mine managers Gold Fields of South Africa Ltd said in a statement.</p>
<p>The two mineworkers were killed after a fall of ground 1,700 metres underground in the area served by No 2 shaft, it said.</p>
<p>The accident occurred at about 0700 GMT.</p>
<p>East Driefontien produced 5,754 kg of gold in the three months to end December.</p>
<p>-- Johannesburg newsroom +27 11 482-1003</p>
</text>
<copyright>(c) Reuters Limited 1997</copyright>
<metadata>
<codes class="bip:countries:1.0">
  <code code="SAFR">
    <editdetail attribution="Reuters BIP Coding Group" action="confirmed" date="1997-03-27"/>
  </code>
</codes>
<codes class="bip:industries:1.0">
  <code code="I21000">
    <editdetail attribution="Reuters BIP Coding Group" action="confirmed" date="1997-03-27"/>
  </code>
</codes>
<codes class="bip:topics:1.0">
  <code code="C24">
    <editdetail attribution="Reuters BIP Coding Group" action="confirmed" date="1997-03-27"/>
  </code>
  <code code="CCAT">
    <editdetail attribution="Reuters BIP Coding Group" action="confirmed" date="1997-03-27"/>
  </code>
  <code code="GCAT">
    <editdetail attribution="Reuters BIP Coding Group" action="confirmed" date="1997-03-27"/>
  </code>
  <code code="GDIS">
    <editdetail attribution="Reuters BIP Coding Group" action="confirmed" date="1997-03-27"/>
  </code>
</codes>
<dc element="dc.date.created" value="1997-03-27"/>
<dc element="dc.publisher" value="Reuters Holdings Plc"/>
<dc element="dc.date.published" value="1997-03-27"/>
<dc element="dc.source" value="Reuters"/>
<dc element="dc.creator.location" value="JOHANNESBURG"/>
<dc element="dc.creator.location.country.name" value="SOUTH AFRICA"/>
<dc element="dc.source" value="Reuters"/>
</metadata>
</newsitem>
