<?xml version="1.0" encoding="iso-8859-1" ?>
<newsitem itemid="471582" id="root" date="1997-03-27" xml:lang="en">
<title>SOUTH AFRICA: Food prices push S.African Feb CPI higher - CSS.</title>
<headline>Food prices push S.African Feb CPI higher - CSS.</headline>
<dateline>JOHANNESBURG 1997-03-27</dateline>
<text>
<p>Higher food prices were one of the main factors behind the rise in consumer inflation in February, the Central Statistical Service said on Thursday.</p>
<p>The service (CSS) released data earlier that showed the consumer price index rose 0.5 percent month-on-month in February compared with a 1.3 percent rise in January.</p>
<p>Year-on-year inflation rose 9.8 percent compared with 9.4 percent previously.</p>
<p>The data was in line with a Reuters consensus poll of economists which forecast a 0.45 percent month-on-month and a 9.75 percent year-on-year increase.</p>
<p>CSS said food prices, which have a 20 percent weighting in the overall index, rose 0.6 percent month-on-month and 10.0 percent year-on-year, contributing 0.1 to the overall monthly increase.</p>
<p>The month-on-month rise was attributed to, among others, a 2.1 percent increase in meat prices, a 2.2 percent rise in milk, cheese and egg prices, and 1.3 percent growth in fruit and nut prices.</p>
<p>Housing, which has a 23 percent weighting, and communication with a 3.2 percent weighting, rose 0.3 percent and 5.2 percent month-on-month respectively and also contributed 0.1 percent to the overall index.</p>
<p>The other items category, which excludes food, housing and communications, contributed the remaining 0.2 percent to the overall index.</p>
<p>CSS noted that in addition to the normal prices surveys for March 1997, it had come to its attention that changed prices of water, electricity, parking fees, car insurance and bus tariffs would also apply.</p>
<p>-- Johannesburg newsroom, +27 11 482-1003</p>
</text>
<copyright>(c) Reuters Limited 1997</copyright>
<metadata>
<codes class="bip:countries:1.0">
  <code code="SAFR">
    <editdetail attribution="Reuters BIP Coding Group" action="confirmed" date="1997-03-27"/>
  </code>
</codes>
<codes class="bip:topics:1.0">
  <code code="E13">
    <editdetail attribution="Reuters BIP Coding Group" action="confirmed" date="1997-03-27"/>
  </code>
  <code code="E131">
    <editdetail attribution="Reuters BIP Coding Group" action="confirmed" date="1997-03-27"/>
  </code>
  <code code="ECAT">
    <editdetail attribution="Reuters BIP Coding Group" action="confirmed" date="1997-03-27"/>
  </code>
</codes>
<dc element="dc.date.created" value="1997-03-27"/>
<dc element="dc.publisher" value="Reuters Holdings Plc"/>
<dc element="dc.date.published" value="1997-03-27"/>
<dc element="dc.source" value="Reuters"/>
<dc element="dc.creator.location" value="JOHANNESBURG"/>
<dc element="dc.creator.location.country.name" value="SOUTH AFRICA"/>
<dc element="dc.source" value="Reuters"/>
</metadata>
</newsitem>
