<?xml version="1.0" encoding="iso-8859-1" ?>
<newsitem itemid="471588" id="root" date="1997-03-27" xml:lang="en">
<title>SOUTH AFRICA: S.African average T-Bill rate 15.79 pct.</title>
<headline>S.African average T-Bill rate 15.79 pct.</headline>
<dateline>PRETORIA 1997-03-27</dateline>
<text>
<p>The average discount rate for South African three-month Treasury Bills was rose to 15.79 percent at the latest weekly tender, the Reserve Bank said.</p>
<p>Applications for the 700 million rand of bills on offer totalled 1.984 billion rand. The average price was 96.065 rand percent.</p>
<p>The average rate for six-month bills was 15.09 percent from 15.07 percent. Applications for the 200 million rand of bills on offer totalled 590 million rand. The average price was 92.475 rand percent.</p>
</text>
<copyright>(c) Reuters Limited 1997</copyright>
<metadata>
<codes class="bip:countries:1.0">
  <code code="SAFR">
    <editdetail attribution="Reuters BIP Coding Group" action="confirmed" date="1997-03-27"/>
  </code>
</codes>
<codes class="bip:topics:1.0">
  <code code="M13">
    <editdetail attribution="Reuters BIP Coding Group" action="confirmed" date="1997-03-27"/>
  </code>
  <code code="M131">
    <editdetail attribution="Reuters BIP Coding Group" action="confirmed" date="1997-03-27"/>
  </code>
  <code code="MCAT">
    <editdetail attribution="Reuters BIP Coding Group" action="confirmed" date="1997-03-27"/>
  </code>
</codes>
<dc element="dc.date.created" value="1997-03-27"/>
<dc element="dc.publisher" value="Reuters Holdings Plc"/>
<dc element="dc.date.published" value="1997-03-27"/>
<dc element="dc.source" value="Reuters"/>
<dc element="dc.creator.location" value="PRETORIA"/>
<dc element="dc.creator.location.country.name" value="SOUTH AFRICA"/>
<dc element="dc.source" value="Reuters"/>
</metadata>
</newsitem>
