<?xml version="1.0" encoding="iso-8859-1" ?>
<newsitem itemid="471587" id="root" date="1997-03-27" xml:lang="en">
<title>KENYA: Kenya shilling stable vs dlr, remains bullish.</title>
<headline>Kenya shilling stable vs dlr, remains bullish.</headline>
<dateline>NAIROBI 1997-03-27</dateline>
<text>
<p>The Kenyan shilling held its ground on Thursday on the back of heavy dollar inflows and low demand for the U.S. currency, dealers said.</p>
<p>The Central Bank of Kenya posted a shilling mean rate of 54.70 against the dollar from 54.71 on Wednesday, while against the pound it was posted at a mean rate of 89.29 from 88.49.</p>
<p>&quot;Dollar demand is at record low levels,&quot; a dealer said.</p>
<p>Meantime Central Bank Deputy Governor Nzioki Kibua said the bank would welcome a weaker shilling to meet exporter concerns.</p>
<p>&quot;The central bank would welcome an exchange rate (shilling) depreciation to address some of the tea exporters problems provided depreciation is supported with changes in economic fundamentals including inflation and balance of payments,&quot; Kibua told a meeting of tea growers in Kericho, western Kenya.</p>
<p>Another dealer said shilling gains this week were supported by heavy inflows from foreign investors and the coffee sector.</p>
<p>&quot;A lot of people are squaring positions ahead of the long Easter break,&quot; he added.</p>
<p>Dealers said market sentiment seemed to favour a strong shilling in the short term if current low levels of demand prevailed. There was no immediate indication that the central bank planned to move into the market to force a shilling fall.</p>
<p>The money market was slightly short. Overnight rates were quoted unchanged at 15 percent.</p>
<p>--Wambui Chege, Nairobi Newsroom ++254-2 330-261.</p>
</text>
<copyright>(c) Reuters Limited 1997</copyright>
<metadata>
<codes class="bip:countries:1.0">
  <code code="KENYA">
    <editdetail attribution="Reuters BIP Coding Group" action="confirmed" date="1997-03-27"/>
  </code>
</codes>
<codes class="bip:topics:1.0">
  <code code="M13">
    <editdetail attribution="Reuters BIP Coding Group" action="confirmed" date="1997-03-27"/>
  </code>
  <code code="M132">
    <editdetail attribution="Reuters BIP Coding Group" action="confirmed" date="1997-03-27"/>
  </code>
  <code code="MCAT">
    <editdetail attribution="Reuters BIP Coding Group" action="confirmed" date="1997-03-27"/>
  </code>
</codes>
<dc element="dc.date.created" value="1997-03-27"/>
<dc element="dc.publisher" value="Reuters Holdings Plc"/>
<dc element="dc.date.published" value="1997-03-27"/>
<dc element="dc.source" value="Reuters"/>
<dc element="dc.creator.location" value="NAIROBI"/>
<dc element="dc.creator.location.country.name" value="KENYA"/>
<dc element="dc.source" value="Reuters"/>
</metadata>
</newsitem>
