<?xml version="1.0" encoding="iso-8859-1" ?>
<newsitem itemid="471594" id="root" date="1997-03-27" xml:lang="en">
<title>SOUTH AFRICA: Improved output extends St.Helena mine life.</title>
<headline>Improved output extends St.Helena mine life.</headline>
<dateline>WELKOM, South Africa 1997-03-27</dateline>
<text>
<p>St. Helena Gold Mines Ltd said on Thursday that improved productivity under a new wage scheme had extended the mine's lifespan by an extra 11 years and could prolong it still further.</p>
<p>St.Helena general manager Joe Hardy told analysts and reporters on a mine visit that the new bonus-orientated wage scheme had lowered the pay limit of the mine to 800 centimetre grammes a tonne (cmg/t) of ore in February 1997, from 1,200 cmg/t in February last year.</p>
<p>The pay limit is the point at which the mine can extract gold profitably. The reduction of the pay limit means the mine's life at current mining rates has been lengthened from seven years to 18.7 years, Hardy said.</p>
<p>Hardy said the mine -- which only a year ago was faced with closure -- aimed to reduce the pay limit further to 600 cmg/t, which would give it a 21-year lifespan.</p>
<p>Hardy said the new bonus scheme was tied to production levels, safety and efficiency and had upped the productivity of the workforce.</p>
<p>&quot;Without more flexible bonuses there was no incentive for them (the miners),&quot; Hardy said.</p>
<p>Tonnes of ore milled a month had also increased over the same period from 47,000 to 78,000.</p>
<p>The new bonus scheme -- which includes penalties for inefficiencies such as explosives wastage -- replaces a scheme where the maximum bonus was 230 rand a month. Now miners can earn bonuses of more than 3,000 rand a month.</p>
<p>St.Helena is managed by South African mining house Gengold Ltd.</p>
<p>In the quarter to end-December 1996 the mine produced 1,400 kg of gold against 1,168 kg in the preceding quarter.</p>
<p>The mine has retrenched heavily over the past few years, but Hardy said there would be no further job losses.</p>
<p>&quot;We will not retrench. We cannot retrench, it would destroy people's morale,&quot; he said.</p>
<p>--Paul Harris, Johannesburg newsroom +27 11 482 1003</p>
</text>
<copyright>(c) Reuters Limited 1997</copyright>
<metadata>
<codes class="bip:countries:1.0">
  <code code="SAFR">
    <editdetail attribution="Reuters BIP Coding Group" action="confirmed" date="1997-03-27"/>
  </code>
</codes>
<codes class="bip:industries:1.0">
  <code code="I21000">
    <editdetail attribution="Reuters BIP Coding Group" action="confirmed" date="1997-03-27"/>
  </code>
  <code code="I83960">
    <editdetail attribution="Reuters BIP Coding Group" action="confirmed" date="1997-03-27"/>
  </code>
</codes>
<codes class="bip:topics:1.0">
  <code code="C21">
    <editdetail attribution="Reuters BIP Coding Group" action="confirmed" date="1997-03-27"/>
  </code>
  <code code="C24">
    <editdetail attribution="Reuters BIP Coding Group" action="confirmed" date="1997-03-27"/>
  </code>
  <code code="C42">
    <editdetail attribution="Reuters BIP Coding Group" action="confirmed" date="1997-03-27"/>
  </code>
  <code code="CCAT">
    <editdetail attribution="Reuters BIP Coding Group" action="confirmed" date="1997-03-27"/>
  </code>
  <code code="E41">
    <editdetail attribution="Reuters BIP Coding Group" action="confirmed" date="1997-03-27"/>
  </code>
  <code code="ECAT">
    <editdetail attribution="Reuters BIP Coding Group" action="confirmed" date="1997-03-27"/>
  </code>
  <code code="GCAT">
    <editdetail attribution="Reuters BIP Coding Group" action="confirmed" date="1997-03-27"/>
  </code>
  <code code="GJOB">
    <editdetail attribution="Reuters BIP Coding Group" action="confirmed" date="1997-03-27"/>
  </code>
</codes>
<dc element="dc.date.created" value="1997-03-27"/>
<dc element="dc.publisher" value="Reuters Holdings Plc"/>
<dc element="dc.date.published" value="1997-03-27"/>
<dc element="dc.source" value="Reuters"/>
<dc element="dc.creator.location" value="WELKOM, South Africa"/>
<dc element="dc.creator.location.country.name" value="SOUTH AFRICA"/>
<dc element="dc.source" value="Reuters"/>
</metadata>
</newsitem>
