<?xml version="1.0" encoding="iso-8859-1" ?>
<newsitem itemid="471515" id="root" date="1997-03-27" xml:lang="en">
<title>CANADA: BMO's Nesbitt Burns denies hurt by Bre-X.</title>
<headline>BMO's Nesbitt Burns denies hurt by Bre-X.</headline>
<dateline>TORONTO 1997-03-27</dateline>
<text>
<p>Canadian brokerage firm Nesbitt Burns, a wholly owned unit of Bank of Montreal, denied market rumors on Thursday that it had been especially hurt by the Bre-X Minerals Ltd debacle.</p>
<p>&quot;That's absolutely untrue,&quot; said Nesbitt Burns Deputy Chairman and Chief Operating Officer Aubrey Baillie.</p>
<p>&quot;There is no significant financial impact on Nesbitt Burns or the Bank of Montreal as a result of the change in the share price of Bre-X,&quot; Baillie added.  </p>
<p>Bailey said Nesbitt has only &quot;nominal positions&quot; of Bre-X stock in the brokerage's own accounts.</p>
<p>A source close to the brokerage said Nesbitt had a long position of less than C$100 million of Bre-X.</p>
<p>Market rumor had pegged Nesbitt with a C$500 million long position in the Calgary-based miner.</p>
<p>Bailey said Nesbitt Burns was simply &quot;one of a number of underwriters, (and) probably one of the most active traders in the stock.&quot;</p>
<p>Bank of Montreal spokesman Joe Barbera said the bank is in the same position as other Canadian institutional investors who had dealt in Bre-X.</p>
<p>&quot;We're in the same position as everyone else, in a wait-and-see position on results of the different analysis of the ore that's been going on and we're going to stay tuned.&quot;</p>
<p>((Reuters Toronto Bureau (416) 941-8100))</p>
</text>
<copyright>(c) Reuters Limited 1997</copyright>
<metadata>
<codes class="bip:countries:1.0">
  <code code="CANA">
    <editdetail attribution="Reuters BIP Coding Group" action="confirmed" date="1997-03-27"/>
  </code>
</codes>
<codes class="bip:industries:1.0">
  <code code="I21000">
    <editdetail attribution="Reuters BIP Coding Group" action="confirmed" date="1997-03-27"/>
  </code>
  <code code="I81402">
    <editdetail attribution="Reuters BIP Coding Group" action="confirmed" date="1997-03-27"/>
  </code>
</codes>
<codes class="bip:topics:1.0">
  <code code="C15">
    <editdetail attribution="Reuters BIP Coding Group" action="confirmed" date="1997-03-27"/>
  </code>
  <code code="C152">
    <editdetail attribution="Reuters BIP Coding Group" action="confirmed" date="1997-03-27"/>
  </code>
  <code code="CCAT">
    <editdetail attribution="Reuters BIP Coding Group" action="confirmed" date="1997-03-27"/>
  </code>
</codes>
<dc element="dc.date.created" value="1997-03-27"/>
<dc element="dc.publisher" value="Reuters Holdings Plc"/>
<dc element="dc.date.published" value="1997-03-27"/>
<dc element="dc.source" value="Reuters"/>
<dc element="dc.creator.location" value="TORONTO"/>
<dc element="dc.creator.location.country.name" value="CANADA"/>
<dc element="dc.source" value="Reuters"/>
</metadata>
</newsitem>
