<?xml version="1.0" encoding="iso-8859-1" ?>
<newsitem itemid="471573" id="root" date="1997-03-27" xml:lang="en">
<title>COTE D'IVOIRE: Rains seen boosting Ivorian cocoa crop.</title>
<headline>Rains seen boosting Ivorian cocoa crop.</headline>
<byline>Matthew Bunce</byline>
<dateline>ABIDJAN 1997-03-27</dateline>
<text>
<p>A week of prolonged and heavy rains in Ivory Coast's cocoa belt has boosted prospects for a large mid-crop (May-Sept), but more rain is needed, up-country buyers and crop analysts said on Thursday.</p>
<p>&quot;We have had heavy rains of five or six hours a day for the past week so that is very good,&quot; said a leading agent working in central areas around Gagnoa and Daloa.</p>
<p>Crop analysts said rains favoured late mid-crop pod setting and overall bean sizes after drought from mid-January to late February threatened harvest volumes.</p>
<p>&quot;It is an excellent development as March has been a bit dry, but now we would normally expect these rains to steadily increase to a June peak,&quot; said one analyst.</p>
<p>Analysts are waiting until April to put a figure on the mid-crop. Early estimates put the current tree crop at more than 100,000 tonnes, with over 150,000 possible if rains remain favourable.</p>
<p>Ivory Coast set a record 1.2 million tonnes cocoa crop in 1995/96 after an unexpected 200,000 tonne mid-crop.</p>
<p>Main crop (Oct-April) harvests totalled 920,000-960,000 tonnes in early March but private forecasters' early assessments predict a total crop of up to 1.1 million tonnes.</p>
<p>&quot;From what I have seen the trees appear to be in good condition, although I have not visited all areas,&quot; said the crop analyst. &quot;The effects of these rains will not be seen until some time in April,&quot; he added.</p>
<p>Latest national weather data for the second 10 days of March were not immediately available.</p>
<p>Heavy rains have fallen in the commercial capital, Abidjan, over the past week and buyers in other areas have reported regular rainfall.</p>
<p>&quot;Bush tracks are getting bad, but there will be very little cocoa to go out and collect until May,&quot; said one industry source.</p>
<p>A crop analyst said widespread rains had also fallen on cocoa areas in neighbouring Ghana.</p>
<p>-- Matthew Bunce, Abidjan newsroom + 225 21 90 90</p>
</text>
<copyright>(c) Reuters Limited 1997</copyright>
<metadata>
<codes class="bip:countries:1.0">
  <code code="ICST">
    <editdetail attribution="Reuters BIP Coding Group" action="confirmed" date="1997-03-27"/>
  </code>
</codes>
<codes class="bip:industries:1.0">
  <code code="I01001">
    <editdetail attribution="Reuters BIP Coding Group" action="confirmed" date="1997-03-27"/>
  </code>
  <code code="I0100144">
    <editdetail attribution="Reuters BIP Coding Group" action="confirmed" date="1997-03-27"/>
  </code>
</codes>
<codes class="bip:topics:1.0">
  <code code="C24">
    <editdetail attribution="Reuters BIP Coding Group" action="confirmed" date="1997-03-27"/>
  </code>
  <code code="CCAT">
    <editdetail attribution="Reuters BIP Coding Group" action="confirmed" date="1997-03-27"/>
  </code>
  <code code="GCAT">
    <editdetail attribution="Reuters BIP Coding Group" action="confirmed" date="1997-03-27"/>
  </code>
  <code code="GWEA">
    <editdetail attribution="Reuters BIP Coding Group" action="confirmed" date="1997-03-27"/>
  </code>
  <code code="M14">
    <editdetail attribution="Reuters BIP Coding Group" action="confirmed" date="1997-03-27"/>
  </code>
  <code code="M141">
    <editdetail attribution="Reuters BIP Coding Group" action="confirmed" date="1997-03-27"/>
  </code>
  <code code="MCAT">
    <editdetail attribution="Reuters BIP Coding Group" action="confirmed" date="1997-03-27"/>
  </code>
</codes>
<dc element="dc.date.created" value="1997-03-27"/>
<dc element="dc.publisher" value="Reuters Holdings Plc"/>
<dc element="dc.date.published" value="1997-03-27"/>
<dc element="dc.source" value="Reuters"/>
<dc element="dc.creator.location" value="ABIDJAN"/>
<dc element="dc.creator.location.country.name" value="COTE D'IVOIRE"/>
<dc element="dc.source" value="Reuters"/>
</metadata>
</newsitem>
