<?xml version="1.0" encoding="iso-8859-1" ?>
<newsitem itemid="471511" id="root" date="1997-03-27" xml:lang="en">
<title>CANADA: Bre-X's maverick founder dreamed of riches.</title>
<headline>Bre-X's maverick founder dreamed of riches.</headline>
<byline>Darren Schuettler</byline>
<dateline>TORONTO 1997-03-27</dateline>
<text>
<p>David Walsh, the maverick Canadian bankrupt turned gold prospector now embroiled in a worldwide mining controversy, always dreamed of striking it rich.</p>
<p>Walsh, 51, has made millions of dollars and appeared on the covers of national magazines since his exploration company, Bre-X Minerals Ltd., made its fabulous Busang gold discovery in Indonesia.</p>
<p>&quot;I'm nuts. I'm looking for the bucket of gold at the end of the rainbow,&quot; the beefy stock promoter who lives in the Bahamas, told a Canadian magazine recently.</p>
<p>The bubble burst on Wednesday when Calgary, Alberta-based Bre-X admitted that the find in Indonesia once thought to be the richest this century, might not even be economically viable.</p>
<p>&quot;I would really be shocked if we find out that there is any funny business,&quot; said Jim Bentein, a veteran Calgary journalist who has covered Walsh since Bre-X's early days as a penny stock on the Alberta Stock Exchange.</p>
<p>He described Walsh as &quot;a sophisticated trucker,&quot; who is as comfortable having a beer and a smoke in a bar as he is in financial circles.</p>
<p>&quot;Don't misunderstand me. This is a sharpy. This is a guy who has been a broker and tried to run up penny stocks before. We're not talking about a babe in the woods here, but he strikes me as a straight shooter,&quot; Bentein said in a telephone interview.</p>
<p>As regulators sifted through the tangled Busang saga and jittery shareholders dumped the stock, Walsh defended the company's claims on Thursday and urged shareholders to ride out the storm.</p>
<p>&quot;Like all the other trials and tribulations that we've gone through since discovering (Busang)...we'll be exonerated and the property will stand as we've indicated,&quot; he told reporters outside the company's head office in a toney section of Calgary.</p>
<p>Walsh rose from rags to riches in less than four years.</p>
<p>Raised in a wealthy suburb of Montreal, Walsh followed his father and grandfather into the stock business.</p>
<p>He joined a small trust company shortly after graduating from high school. In 1976, he moved to brokerage Midland Doherty Ltd. (now Midland Walwyn Capital Inc.) and rose to vice-president in its institutional equity sales department.</p>
<p>In the 1980s, Midland moved Walsh to Calgary, but he left the company shortly afterward to set up his own company, Bresea Resources Ltd.</p>
<p>After dabbling unsuccessfully in oil and gas, Walsh created Bre-X Minerals Ltd in 1989 and ventured into mining. But by 1993, his exploration efforts had dried up.</p>
<p>He and his wife declared bankruptcy in 1993 after they had accumulated almost C$60,000 ($43,800) in debt on 15 credit cards.</p>
<p>&quot;We had these claims which were worthless, and no money,&quot; Walsh told Reuters in an interview earlier this year.</p>
<p>Almost broke, he scraped together C$10,000 ($7,300) to start exploring in Indonesia, pursuading friends to invest C$200,000 ($146,000) for a stake in the area now known as the central Busang in Indonesia's East Kalamantan province.</p>
<p>Walsh hit the jackpot with Busang and Bre-X quickly became the darling of the world's mining community. &quot;There's nothing like success. Our other explorations have been zero. I had never imagined it would be this big,&quot; he said.</p>
<p>Walsh, his wife and other company officials added more than C$37 million ($27 million) to their bank accounts after they sold Bre-X shares at prices ranging from C$24.40 to C$28.40 between August and October.</p>
<p>But the sales were controversial because they occurred shortly after Bre-X learned that its preliminary license had been canceled by the Indonesian government, a development Bre-X did not reveal publicly until last October.</p>
<p>Last year, Bre-X was the target of an intense bidding war as several heavyweight mining firms battled for control of possibly the world's richest gold discovery.</p>
<p>Toronto-based Barrick Gold Corp., armed with an advisory board that included former U.S. President George Bush and former Canadian Prime Minister Brian Mulroney, initially dominated the negotiations.</p>
<p>Barrick's inside track ended when the government of President Suharto brought in Indonesian businessman Muhammad &quot;Bob&quot; Hasan in January.</p>
<p>Hasan swiftly brokered a deal that gave New Orleans-based Freeport McMoRan Copper &amp; Gold Inc. 15 percent of Busang and the right to mine the project.</p>
<p>The arrangement left Bre-X with 45 percent, down from an original 90 percent stake, and the rest to the Indonesian government and two Indonesian companies.</p>
<p>Investors complained that Bre-X received nothing for surrendering 45 percent of Busang, but Walsh said Bre-X never owned 90 percent and shareholders were wrong to believe so.</p>
<p>Shortly afterward, Bre-X's stock started a downward spiral as rumors swirled around the company and its grip on the discovery.</p>
<p>The stock sank to an all-time low last week after an Indonesian newspaper report said Freeport had doubts about the size and viability of the deposit.</p>
<p>The rumors were fanned to fever pitch by the death, billed as a suicide, of Bre-X chief geologist Michael de Guzman, who fell from a helicopter en route to Busang last Wednesday.</p>
<p>Meanwhile, Walsh hinted on Thursday that the chaos engulfing his company may have some other explanation.</p>
<p>&quot;I personally believe there has been a hidden agenda coming up for about 10 months now and I guess we'll just have to play this out,&quot; he said.</p>
</text>
<copyright>(c) Reuters Limited 1997</copyright>
<metadata>
<codes class="bip:countries:1.0">
  <code code="CANA">
    <editdetail attribution="Reuters BIP Coding Group" action="confirmed" date="1997-03-27"/>
  </code>
  <code code="INDON">
    <editdetail attribution="Reuters BIP Coding Group" action="confirmed" date="1997-03-27"/>
  </code>
</codes>
<codes class="bip:industries:1.0">
  <code code="I21000">
    <editdetail attribution="Reuters BIP Coding Group" action="confirmed" date="1997-03-27"/>
  </code>
</codes>
<codes class="bip:topics:1.0">
  <code code="C15">
    <editdetail attribution="Reuters BIP Coding Group" action="confirmed" date="1997-03-27"/>
  </code>
  <code code="C152">
    <editdetail attribution="Reuters BIP Coding Group" action="confirmed" date="1997-03-27"/>
  </code>
  <code code="C24">
    <editdetail attribution="Reuters BIP Coding Group" action="confirmed" date="1997-03-27"/>
  </code>
  <code code="C41">
    <editdetail attribution="Reuters BIP Coding Group" action="confirmed" date="1997-03-27"/>
  </code>
  <code code="CCAT">
    <editdetail attribution="Reuters BIP Coding Group" action="confirmed" date="1997-03-27"/>
  </code>
</codes>
<dc element="dc.date.created" value="1997-03-27"/>
<dc element="dc.publisher" value="Reuters Holdings Plc"/>
<dc element="dc.date.published" value="1997-03-27"/>
<dc element="dc.source" value="Reuters"/>
<dc element="dc.creator.location" value="TORONTO"/>
<dc element="dc.creator.location.country.name" value="CANADA"/>
<dc element="dc.source" value="Reuters"/>
</metadata>
</newsitem>
