<?xml version="1.0" encoding="iso-8859-1" ?>
<newsitem itemid="471596" id="root" date="1997-03-27" xml:lang="en">
<title>NIGERIA: Nigerians free 35 Shell staff, agree to free rest.</title>
<headline>Nigerians free 35 Shell staff, agree to free rest.</headline>
<dateline>LAGOS 1997-03-27</dateline>
<text>
<p>Nigerian villagers holding 88 staff of oil giant Royal Dutch/Shell hostages have freed 35 and agreed to release the rest on Thursday, a company spokesman said.</p>
<p>&quot;Another 35 Shell staff and contractors were released last night and brought safely back,&quot; said the spokesman in Lagos, adding, &quot;Yesterday we met community leaders and an agreement was reached to release all the others today.&quot;  </p>
<p>The hostage crisis began last Saturday when Ijaw tribesmen protesting the relocation of their local government headquarters to another town occupied six flow stations of Shell on which they detained 127 staff and contractors, all of them Nigerians.</p>
<p>Negotiations secured the release of the hostages starting with 18 on Monday and by Wednesday there were 88 still held.</p>
<p>The Shell spokesman in Lagos said the negotiations to secure the release of all the hostages had gone smoothly. &quot;Everything is calm. The rest of the staff and contractors should be freed later today,&quot; he said.</p>
<p>Three Ijaw tribesmen have died in the protests which escalated into riots in the oil town of Warri on Tuesday while several houses have also been torched.</p>
<p>-- Lagos newsroom +234 1 263 03 17</p>
</text>
<copyright>(c) Reuters Limited 1997</copyright>
<metadata>
<codes class="bip:countries:1.0">
  <code code="NETH">
    <editdetail attribution="Reuters BIP Coding Group" action="confirmed" date="1997-03-27"/>
  </code>
  <code code="NIGEA">
    <editdetail attribution="Reuters BIP Coding Group" action="confirmed" date="1997-03-27"/>
  </code>
  <code code="UK">
    <editdetail attribution="Reuters BIP Coding Group" action="confirmed" date="1997-03-27"/>
  </code>
</codes>
<codes class="bip:industries:1.0">
  <code code="I13000">
    <editdetail attribution="Reuters BIP Coding Group" action="confirmed" date="1997-03-27"/>
  </code>
  <code code="I1300003">
    <editdetail attribution="Reuters BIP Coding Group" action="confirmed" date="1997-03-27"/>
  </code>
</codes>
<codes class="bip:topics:1.0">
  <code code="C42">
    <editdetail attribution="Reuters BIP Coding Group" action="confirmed" date="1997-03-27"/>
  </code>
  <code code="CCAT">
    <editdetail attribution="Reuters BIP Coding Group" action="confirmed" date="1997-03-27"/>
  </code>
  <code code="E41">
    <editdetail attribution="Reuters BIP Coding Group" action="confirmed" date="1997-03-27"/>
  </code>
  <code code="ECAT">
    <editdetail attribution="Reuters BIP Coding Group" action="confirmed" date="1997-03-27"/>
  </code>
  <code code="GCAT">
    <editdetail attribution="Reuters BIP Coding Group" action="confirmed" date="1997-03-27"/>
  </code>
  <code code="GJOB">
    <editdetail attribution="Reuters BIP Coding Group" action="confirmed" date="1997-03-27"/>
  </code>
  <code code="GVIO">
    <editdetail attribution="Reuters BIP Coding Group" action="confirmed" date="1997-03-27"/>
  </code>
</codes>
<dc element="dc.date.created" value="1997-03-27"/>
<dc element="dc.publisher" value="Reuters Holdings Plc"/>
<dc element="dc.date.published" value="1997-03-27"/>
<dc element="dc.source" value="Reuters"/>
<dc element="dc.creator.location" value="LAGOS"/>
<dc element="dc.creator.location.country.name" value="NIGERIA"/>
<dc element="dc.source" value="Reuters"/>
</metadata>
</newsitem>
