<?xml version="1.0" encoding="iso-8859-1" ?>
<newsitem itemid="471572" id="root" date="1997-03-27" xml:lang="en">
<title>NIGERIA: Nigeria sets April 3 to re-run some council polls.</title>
<headline>Nigeria sets April 3 to re-run some council polls.</headline>
<dateline>ABUJA 1997-03-27</dateline>
<text>
<p>Nigeria is to re-run local council elections next Thursday in 139 areas out of 774 where similar polls held about two weeks ago were inconclusive, the electoral commission said.</p>
<p>It said in a statement in the capital Abuja on Wednesday that run-off elections would be held in 112 municipal councils where none of the five registered political parties gained an absolute majority.</p>
<p>By-elections will take place in the rest where results were not declared or were being disputed by the candidates.</p>
<p>Voting will take place in some areas where candidates who thought they had won were sworn into office on Monday by state military administrators.</p>
<p>&quot;There were no winners in such areas and anyone sworn-in is just sworn-in for fun,&quot; Steve Osemeke, the spokesman of the electoral commission told reporters.</p>
<p>The elections were the first on a multi-party basis since the annulment of 1993 presidential poll which had been expected to restore democracy but was scrapped by the military.</p>
<p>A majority of the councils in the recent poll were won by two parties that have said they would like to adopt military ruler General Sani Abacha as their candidate in next year's presidential poll.</p>
</text>
<copyright>(c) Reuters Limited 1997</copyright>
<metadata>
<codes class="bip:countries:1.0">
  <code code="NIGEA">
    <editdetail attribution="Reuters BIP Coding Group" action="confirmed" date="1997-03-27"/>
  </code>
</codes>
<codes class="bip:topics:1.0">
  <code code="GCAT">
    <editdetail attribution="Reuters BIP Coding Group" action="confirmed" date="1997-03-27"/>
  </code>
  <code code="GPOL">
    <editdetail attribution="Reuters BIP Coding Group" action="confirmed" date="1997-03-27"/>
  </code>
  <code code="GVOTE">
    <editdetail attribution="Reuters BIP Coding Group" action="confirmed" date="1997-03-27"/>
  </code>
</codes>
<dc element="dc.date.created" value="1997-03-27"/>
<dc element="dc.publisher" value="Reuters Holdings Plc"/>
<dc element="dc.date.published" value="1997-03-27"/>
<dc element="dc.source" value="Reuters"/>
<dc element="dc.creator.location" value="ABUJA"/>
<dc element="dc.creator.location.country.name" value="NIGERIA"/>
<dc element="dc.source" value="Reuters"/>
</metadata>
</newsitem>
