<?xml version="1.0" encoding="iso-8859-1" ?>
<newsitem itemid="471694" id="root" date="1997-03-27" xml:lang="en">
<title>UKRAINE: Ukraine to allocate cash for new AN-140 turbo-prop.</title>
<headline>Ukraine to allocate cash for new AN-140 turbo-prop.</headline>
<dateline>KIEV 1997-03-27</dateline>
<text>
<p>Prime Minister Pavlo Lazarenko has told the Ukrainian government to allocate three million hryvnias ($1.63 million) to build a first test model of a new Antonov-140 passenger plane, a government official told Reuters on Thursday.</p>
<p>The official said the An-140, which would carry 52 passengers and 4.9 tonnes of cargo, would be completed &quot;in the nearest future&quot;. The government earlier this month allocated 1.5 million hryvnias to the project.</p>
<p>The short-haul turbo-prop plane is meant to replace the ageing An-24, popular in the former Soviet Union , Latin America, Africa and China.</p>
<p>Sources in the ministry for machine building, military complex and conversion said the An-140 would cost $6.5 million -- far less than their Western-made equivalents.</p>
<p>The An-140 will be tested by the end of 1997 and experts said $15 million were needed to launch production.</p>
<p>The transport ministry has asked the government to include funds for orders of four An-140s in this year's budget, which could be passed next month, but no decision has been taken yet.</p>
<p>The Antonov design bureau said recently that former Soviet airlines had ordered about 200 An-140s for the next three years, putting total world demand at 600 to 900 planes and domestic demand at 100 planes in the next few years.</p>
<p>Last year Ukraine won a tender in Iran to convert a helicopter plant in the central city of Isfahan into a plane construction plant. Kiev hopes to produce 10 An-140s there a year.</p>
<p>($ = 1.8450 hryvnias)</p>
<p>--Rostislav Khotin, Kiev newsroom +380 44 229 2264</p>
</text>
<copyright>(c) Reuters Limited 1997</copyright>
<metadata>
<codes class="bip:countries:1.0">
  <code code="UKRN">
    <editdetail attribution="Reuters BIP Coding Group" action="confirmed" date="1997-03-27"/>
  </code>
</codes>
<codes class="bip:industries:1.0">
  <code code="I36400">
    <editdetail attribution="Reuters BIP Coding Group" action="confirmed" date="1997-03-27"/>
  </code>
</codes>
<codes class="bip:topics:1.0">
  <code code="C17">
    <editdetail attribution="Reuters BIP Coding Group" action="confirmed" date="1997-03-27"/>
  </code>
  <code code="C22">
    <editdetail attribution="Reuters BIP Coding Group" action="confirmed" date="1997-03-27"/>
  </code>
  <code code="CCAT">
    <editdetail attribution="Reuters BIP Coding Group" action="confirmed" date="1997-03-27"/>
  </code>
  <code code="GCAT">
    <editdetail attribution="Reuters BIP Coding Group" action="confirmed" date="1997-03-27"/>
  </code>
  <code code="GPOL">
    <editdetail attribution="Reuters BIP Coding Group" action="confirmed" date="1997-03-27"/>
  </code>
</codes>
<dc element="dc.date.created" value="1997-03-27"/>
<dc element="dc.publisher" value="Reuters Holdings Plc"/>
<dc element="dc.date.published" value="1997-03-27"/>
<dc element="dc.source" value="Reuters"/>
<dc element="dc.creator.location" value="KIEV"/>
<dc element="dc.creator.location.country.name" value="UKRAINE"/>
<dc element="dc.source" value="Reuters"/>
</metadata>
</newsitem>
