<?xml version="1.0" encoding="iso-8859-1" ?>
<newsitem itemid="471632" id="root" date="1997-03-27" xml:lang="en">
<title>SLOVENIA: PRESS DIGEST - Slovenia - March 27.</title>
<headline>PRESS DIGEST - Slovenia - March 27.</headline>
<text>
<p>DELO</p>
<p>- Slovenian parliament on Wednesday passed a law freezing salaries of parliamentary members and other top state officials.</p>
<p>- Ministry of Finance postponed raising car insurance policies by 35 percent for drivers under 25 years of age, but said it would lift prices by about 20 percent for all drivers regardless of age.</p>
<p>- Power plants on the river Drava will buy nine turbines from troubled metal company Litostroj; each turbine costs 5.2 million marks ($3.08 million).</p>
<p>- Prime Minister Janez Drnovsek and parliamentary president Janez Podobnik met the new arch-bishop Franc Rode on Wednesday.</p>
<p>- Petrol distribution and trading companies complained that the last nine percent increase in petrol prices is giving them only 1.7 percent, while the rest goes into Slovenia's budget.</p>
<p>- Hotels in coastal Portoroz invested some 900 million tolars ($5.8 million) in the last three months for reconstruction of its facilities.</p>
<p>DNEVNIK</p>
<p>- Slovenia still has some 8,350 refugees from the former Yugoslavia, of which 5,000 are still unable to return home.</p>
<p>VECER</p>
<p>- Turkish president Suleyman Demirel will make a two-day official visit to Slovenia on April 3.</p>
<p>- Slovenian Privatisation Agency said that 952 companies have already completed privatisation, while another 1,363 companies are still in the process.</p>
</text>
<copyright>(c) Reuters Limited 1997</copyright>
<metadata>
<codes class="bip:countries:1.0">
  <code code="SLVNIA">
    <editdetail attribution="Reuters BIP Coding Group" action="confirmed" date="1997-03-27"/>
  </code>
</codes>
<codes class="bip:topics:1.0">
  <code code="GCAT">
    <editdetail attribution="Reuters BIP Coding Group" action="confirmed" date="1997-03-27"/>
  </code>
</codes>
<dc element="dc.publisher" value="Reuters Holdings Plc"/>
<dc element="dc.date.published" value="1997-03-27"/>
<dc element="dc.source" value="Reuters"/>
<dc element="dc.creator.location.country.name" value="SLOVENIA"/>
<dc element="dc.source" value="Reuters"/>
</metadata>
</newsitem>
