<?xml version="1.0" encoding="iso-8859-1" ?>
<newsitem itemid="471664" id="root" date="1997-03-27" xml:lang="en">
<title>CZECH REPUBLIC: Czech HN-Wood index rises six points to 1,700 pts.</title>
<headline>Czech HN-Wood index rises six points to 1,700 pts.</headline>
<dateline>PRAGUE 1997-03-27</dateline>
<text>
<p>The HN-Wood index, measuring the 60 most capitalised issues on the Prague Stock Exchange, on Thursday rose six points, or 0.35 percent, to 1,700 points, the brokerage house Wood &amp; Company said.</p>
<p>-- Prague Newsroom, 420-2-2423-0003</p>
</text>
<copyright>(c) Reuters Limited 1997</copyright>
<metadata>
<codes class="bip:countries:1.0">
  <code code="CZREP">
    <editdetail attribution="Reuters BIP Coding Group" action="confirmed" date="1997-03-27"/>
  </code>
</codes>
<codes class="bip:topics:1.0">
  <code code="M11">
    <editdetail attribution="Reuters BIP Coding Group" action="confirmed" date="1997-03-27"/>
  </code>
  <code code="MCAT">
    <editdetail attribution="Reuters BIP Coding Group" action="confirmed" date="1997-03-27"/>
  </code>
</codes>
<dc element="dc.date.created" value="1997-03-27"/>
<dc element="dc.publisher" value="Reuters Holdings Plc"/>
<dc element="dc.date.published" value="1997-03-27"/>
<dc element="dc.source" value="Reuters"/>
<dc element="dc.creator.location" value="PRAGUE"/>
<dc element="dc.creator.location.country.name" value="CZECH REPUBLIC"/>
<dc element="dc.source" value="Reuters"/>
</metadata>
</newsitem>
