<?xml version="1.0" encoding="iso-8859-1" ?>
<newsitem itemid="471620" id="root" date="1997-03-27" xml:lang="en">
<title>CZECH REPUBLIC: CZECH PX50 INDEX CLOSES UP 2.4 PTS AT 558.3.</title>
<headline>CZECH PX50 INDEX CLOSES UP 2.4 PTS AT 558.3.</headline>
<text>
<p>1500 GMT - The Prague Stock Exchange's PX50 index closes up 2.4 points, or 0.43 percent, at 558.3.</p>
<p>*Overall, 188 issues rise, 192 lose ground and 164 hold steady.</p>
<p>*Total volume very heavy at 2.5 million shares on turnover of 1.43 billion crowns.</p>
<p>-- Prague newsroom, 420-2-2423-0003</p>
</text>
<copyright>(c) Reuters Limited 1997</copyright>
<metadata>
<codes class="bip:countries:1.0">
  <code code="CZREP">
    <editdetail attribution="Reuters BIP Coding Group" action="confirmed" date="1997-03-27"/>
  </code>
</codes>
<codes class="bip:topics:1.0">
  <code code="M11">
    <editdetail attribution="Reuters BIP Coding Group" action="confirmed" date="1997-03-27"/>
  </code>
  <code code="MCAT">
    <editdetail attribution="Reuters BIP Coding Group" action="confirmed" date="1997-03-27"/>
  </code>
</codes>
<dc element="dc.publisher" value="Reuters Holdings Plc"/>
<dc element="dc.date.published" value="1997-03-27"/>
<dc element="dc.source" value="Reuters"/>
<dc element="dc.creator.location.country.name" value="CZECH REPUBLIC"/>
<dc element="dc.source" value="Reuters"/>
</metadata>
</newsitem>
