<?xml version="1.0" encoding="iso-8859-1" ?>
<newsitem itemid="471616" id="root" date="1997-03-27" xml:lang="en">
<title>RUSSIA: Helicopters rescue Russian fishermen adrift on ice.</title>
<headline>Helicopters rescue Russian fishermen adrift on ice.</headline>
<dateline>ST. PETERSBURG 1997-03-27</dateline>
<text>
<p>Helicopters rescued 36 Russians set adrift on Thursday when the ice they were fishing on broke away from the shore of a lake near the border with Finland, the emergencies ministry said.</p>
<p>A ministry spokesman in St. Petersburg said rescue workers had defied strong winds and snow to pluck the fishermen from the ice of Lake Ladoga, about 30 km (20 miles) northeast of the city at its closest point.</p>
<p>The alarm was raised by other fishermen who managed to jump onto the shore as the ice broke away.</p>
<p>&quot;We saved all 36 people,&quot; the spokesman said, dismissing media reports that other fishermen were still unaccounted for.</p>
<p>Fishing through holes cut in the ice is popular in Russia, despite the risk of being set adrift.</p>
</text>
<copyright>(c) Reuters Limited 1997</copyright>
<metadata>
<codes class="bip:countries:1.0">
  <code code="RUSS">
    <editdetail attribution="Reuters BIP Coding Group" action="confirmed" date="1997-03-27"/>
  </code>
</codes>
<codes class="bip:topics:1.0">
  <code code="GCAT">
    <editdetail attribution="Reuters BIP Coding Group" action="confirmed" date="1997-03-27"/>
  </code>
  <code code="GDIS">
    <editdetail attribution="Reuters BIP Coding Group" action="confirmed" date="1997-03-27"/>
  </code>
</codes>
<dc element="dc.date.created" value="1997-03-27"/>
<dc element="dc.publisher" value="Reuters Holdings Plc"/>
<dc element="dc.date.published" value="1997-03-27"/>
<dc element="dc.source" value="Reuters"/>
<dc element="dc.creator.location" value="ST. PETERSBURG"/>
<dc element="dc.creator.location.country.name" value="RUSSIA"/>
<dc element="dc.source" value="Reuters"/>
</metadata>
</newsitem>
