<?xml version="1.0" encoding="iso-8859-1" ?>
<newsitem itemid="471601" id="root" date="1997-03-27" xml:lang="en">
<title>NAMIBIA: PRESS DIGEST - Namibia - March 27.</title>
<headline>PRESS DIGEST - Namibia - March 27.</headline>
<dateline>WINDHOEK 1997-03-27</dateline>
<text>
<p>These are the leading stories in the Namibian press on Thursday.</p>
<p>Reuters has not verified these stories and does not vouch for their accuracy.</p>
<p>- - - -</p>
<p>THE NAMIBIAN</p>
<p>- Up to 79 Duty Credit Certificates, allowing Namibian companies to import goods with a full rebate on customs duties, could have been issued fraudulantly during the first months of 1997, an investigation by the Namibian newspaper has found.</p>
<p>- The Namibian government must accelerate the scaling down of the civil service in order to curtail rising costs of its bureaucracy, a senior economist said.</p>
<p>- - - -</p>
<p>WINDHOEK ADVERTISER</p>
<p>- The government's bureaucracy is killing Namibia, Standard Bank economist Philip Clayton says, calling for an immediate cut in the civil service.</p>
<p>-- Windhoek newsroom +26461 249 639</p>
</text>
<copyright>(c) Reuters Limited 1997</copyright>
<metadata>
<codes class="bip:countries:1.0">
  <code code="NAMIB">
    <editdetail attribution="Reuters BIP Coding Group" action="confirmed" date="1997-03-27"/>
  </code>
</codes>
<codes class="bip:topics:1.0">
  <code code="GCAT">
    <editdetail attribution="Reuters BIP Coding Group" action="confirmed" date="1997-03-27"/>
  </code>
</codes>
<dc element="dc.date.created" value="1997-03-27"/>
<dc element="dc.publisher" value="Reuters Holdings Plc"/>
<dc element="dc.date.published" value="1997-03-27"/>
<dc element="dc.source" value="Reuters"/>
<dc element="dc.creator.location" value="WINDHOEK"/>
<dc element="dc.creator.location.country.name" value="NAMIBIA"/>
<dc element="dc.source" value="Reuters"/>
</metadata>
</newsitem>
