<?xml version="1.0" encoding="iso-8859-1" ?>
<newsitem itemid="471621" id="root" date="1997-03-27" xml:lang="en">
<title>RUSSIA: AGROKHLEB-Russia wheat price, Kazakh supply, to rise.</title>
<headline>AGROKHLEB-Russia wheat price, Kazakh supply, to rise.</headline>
<text>
<p>The following is a direct contribution from SovEcon Ltd, an independent research organisation specialising in agricultural production and trade in the former Soviet Union.</p>
<p>RUSSIAN WHEAT PRICES AND KAZAKH DELIVERIES TO RUSSIA MAY RISE</p>
<p>MOSCOW, March 27 - On the basis of grain price dynamics in Russia, Ukraine and Kazakhstan, SovEcon expects a slow increase in Russian milling wheat prices this spring and a rise in deliveries from Kazakhstan.</p>
<p>Ukrainian offers have not been competitive with Kazakh or even most Russian supplies.</p>
<p>Russia's grain-belt Krasnodar and Stavropol regions, in the Northern Caucasus, are offering third-class milling wheat at prices ranging from 930,000 to 965,000 roubles per tonne, including loading onto rail wagons but not delivery or other charges.</p>
<p>But offered quantities are small and sellers are requiring pre-payment.</p>
<p>Due to a shortage, wheat offered on similar terms by the Rostov region, also in the Northern Caucasus, is going for 1.1-1.3 million roubles per tonne.</p>
<p>Rostov, usually a wheat surplus area, has even started to import milling wheat from neighbouring Stavropol.</p>
<p>Volgograd region, usually a wheat exporter, may also start importing Stavropol wheat.</p>
<p>In mid-March, the price of third-class milling wheat class delivered from the Samara region (in Povolzhsk - the Volga River area) increased from one million roubles to 1.01 million per tonne.</p>
<p>Third-class wheat from the Urals was offered at 950,000 roubles per tonne, but only through mid-March.</p>
<p>Offers of fourth class wheat from Central Chernozem (the Black Earth) region were in effect until mid-March.</p>
<p>Offers of domestic milling wheat are declining, with the terms of deliveries (i.e. advance payment) becoming severe.</p>
<p>However, increases in prices are negligible, due to the financial constraints of wheat consumers.</p>
<p>At the same time, prices for second-class milling wheat from Kazakhstan declined in March to $173 per tonne from $183, both both prices delivery at frontier.</p>
<p>In March, Kazakh third-class milling wheat was offered at $158-165 per tonne.</p>
<p>Third-class milling wheat from Ukraine is offered at $198 per tonne, delivery duty paid.</p>
<p>($1 = 5,725 roubles)</p>
</text>
<copyright>(c) Reuters Limited 1997</copyright>
<metadata>
<codes class="bip:countries:1.0">
  <code code="KAZK">
    <editdetail attribution="Reuters BIP Coding Group" action="confirmed" date="1997-03-27"/>
  </code>
  <code code="RUSS">
    <editdetail attribution="Reuters BIP Coding Group" action="confirmed" date="1997-03-27"/>
  </code>
</codes>
<codes class="bip:industries:1.0">
  <code code="I01001">
    <editdetail attribution="Reuters BIP Coding Group" action="confirmed" date="1997-03-27"/>
  </code>
  <code code="I0100132">
    <editdetail attribution="Reuters BIP Coding Group" action="confirmed" date="1997-03-27"/>
  </code>
</codes>
<codes class="bip:topics:1.0">
  <code code="C21">
    <editdetail attribution="Reuters BIP Coding Group" action="confirmed" date="1997-03-27"/>
  </code>
  <code code="CCAT">
    <editdetail attribution="Reuters BIP Coding Group" action="confirmed" date="1997-03-27"/>
  </code>
  <code code="M14">
    <editdetail attribution="Reuters BIP Coding Group" action="confirmed" date="1997-03-27"/>
  </code>
  <code code="M141">
    <editdetail attribution="Reuters BIP Coding Group" action="confirmed" date="1997-03-27"/>
  </code>
  <code code="MCAT">
    <editdetail attribution="Reuters BIP Coding Group" action="confirmed" date="1997-03-27"/>
  </code>
</codes>
<dc element="dc.publisher" value="Reuters Holdings Plc"/>
<dc element="dc.date.published" value="1997-03-27"/>
<dc element="dc.source" value="Reuters"/>
<dc element="dc.creator.location.country.name" value="RUSSIA"/>
<dc element="dc.source" value="Reuters"/>
</metadata>
</newsitem>
