<?xml version="1.0" encoding="iso-8859-1" ?>
<newsitem itemid="471696" id="root" date="1997-03-27" xml:lang="en">
<title>LITHUANIA: Lithuania president presses on war crimes case.</title>
<headline>Lithuania president presses on war crimes case.</headline>
<dateline>VILNIUS 1997-03-27</dateline>
<text>
<p>Lithuanian President Algirdas Brazauskas on Thursday urged prosecutors to speed up their investigation into the case of a Lithuanian accused of playing a key role in the wartime massacre of the country's Jews.</p>
<p>Alexander Lileikis, 90, is accused of having handed Jews over to Nazi death squads in Vilnius during World War Two when he was head of the local security police under German occupation.</p>
<p>Lithuania has been under pressure to prosecute Lileikis and other alleged war criminals. The Israeli Knesset recently sent a letter to Brazauskas urging him to get the case against Lileikis moving.</p>
<p>&quot;The president suggested to the prosecutor's office to speed up its investigation of the Alexander Lileikis case and to take it to court,&quot; the president's office said in a statement.</p>
<p>Lileikis returned to Lithuania last June after being stripped of his U.S. citizenship on the grounds he lied about his wartime activities.</p>
<p>Lileikis, who has been questioned several times by Lithuanian prosecutors as a witness, has protested his innocence and claimed that his activities were innocuous.</p>
<p>He is one of several Lithuanians targeted by Nazi hunters for their alleged role in the Holocaust, which historians say claimed the lives of 94 percent of Lithuania's pre-war Jewish population of 220,000.</p>
<p>There are currently five Lithuanians living in their homeland who have lost their American citizenship and U.S. prosecutors are building cases against several more.</p>
<p>Lithuania has been accused of dragging its feet over the issue but prosecutors here say building watertight cases five decades after the crime is a difficult task.</p>
</text>
<copyright>(c) Reuters Limited 1997</copyright>
<metadata>
<codes class="bip:countries:1.0">
  <code code="GFR">
    <editdetail attribution="Reuters BIP Coding Group" action="confirmed" date="1997-03-27"/>
  </code>
  <code code="LITH">
    <editdetail attribution="Reuters BIP Coding Group" action="confirmed" date="1997-03-27"/>
  </code>
</codes>
<codes class="bip:topics:1.0">
  <code code="GCAT">
    <editdetail attribution="Reuters BIP Coding Group" action="confirmed" date="1997-03-27"/>
  </code>
  <code code="GCRIM">
    <editdetail attribution="Reuters BIP Coding Group" action="confirmed" date="1997-03-27"/>
  </code>
  <code code="GVIO">
    <editdetail attribution="Reuters BIP Coding Group" action="confirmed" date="1997-03-27"/>
  </code>
</codes>
<dc element="dc.date.created" value="1997-03-27"/>
<dc element="dc.publisher" value="Reuters Holdings Plc"/>
<dc element="dc.date.published" value="1997-03-27"/>
<dc element="dc.source" value="Reuters"/>
<dc element="dc.creator.location" value="VILNIUS"/>
<dc element="dc.creator.location.country.name" value="LITHUANIA"/>
<dc element="dc.source" value="Reuters"/>
</metadata>
</newsitem>
