<?xml version="1.0" encoding="iso-8859-1" ?>
<newsitem itemid="471612" id="root" date="1997-03-27" xml:lang="en">
<title>RUSSIA: From Pacific to Baltic, Russians protest for wages.</title>
<headline>From Pacific to Baltic, Russians protest for wages.</headline>
<byline>Ivan Rodin</byline>
<dateline>MOSCOW 1997-03-27</dateline>
<text>
<p>At least 1.8 million Russians, some waving communist red flags and singing socialist songs, protested in cities from the Pacific Ocean to the Baltic Sea on Thursday against unpaid wages and government policy.</p>
<p>But 11th-hour efforts by the Kremlin to ease tensions appeared to pay off. The number of protesters fell short of the expectations of the trade union organisers in the nuclear state of 150 million people and there were no reports of violence.</p>
<p>The trade unions which organised the demonstrations put the number of protesters at more than four million.</p>
<p>But the Interior Ministry was quoted by RIA and Interfax news agencies as saying 1.8 million people had taken part in about 1,300 protests across Russia -- about one tenth of that forecast by the trade unions.</p>
<p>The biggest protests were staged in a sunny, frosty Moscow where police put the number of demonstrators at over 80,000 and in St Petersburg, where 40,000 people in the central Palace Square had to contend with heavy snow.</p>
<p>St Petersburg radio said factories started paying wage arrears at 3 p.m. (1200 GMT), just when the speeches started.</p>
<p>The unions, backed by Russia's communist-led opposition, organised the strikes and demonstrations to protest at wage arrears of more than 50 trillion roubles ($8.8 billion), including 10 trillion from the state.</p>
<p>Millions of workers have not been paid for months and cannot afford the goods now crowding the shelves of once-empty shops.</p>
<p>&quot;Tens of millions of people have been reduced to poverty,&quot; Alexander Lebed, one of President Boris Yeltsin's most outspoken opponents, told NTV commercial television.</p>
<p>&quot;One gets the impression that it has been decided that a third of the population of the country are to be killed off. We have to let off steam,&quot; he said. &quot;Neither the president nor government is in control of the situation in the country.&quot;</p>
<p>Slogans demanding the resignation of Yeltsin and the government of Prime Minister Viktor Chernomyrdin floated high above many of the crowds, accompanied by red flags and portraits of Soviet state founder Vladimir Lenin.</p>
<p>Communist leader Gennady Zyuganov said the protest amounted to a no-confidence vote in the cabinet, despite a reshuffle which was completed on Wednesday.</p>
<p>&quot;Changes in the government have convinced no one. This march is going from (the Pacific city of) Vladivostok to Kaliningrad (on the Baltic) and no one can stop it,&quot; he told reporters.</p>
<p>But the dominant mood was mostly resigned. In Vladivostok, 7,000 km (4,500 miles) east of Moscow, brass bands played and the crowd of at least 15,000 sang socialist songs.</p>
<p>In St Petersburg, where protests started many hours later on the opposite side of Russia, one man carried a skeleton with a banner saying: &quot;This used to be a biology teacher.&quot;</p>
<p>Thousands of police were placed on alert but no major violence or clashes were reported.</p>
<p>The government's last-minute efforts to quell popular discontent appeared to have partial success.</p>
<p>Chernomyrdin promised on Wednesday that the state and private employers would pay 11.8 trillion roubles ($2 billion) in back wages and pensions in March. It was not clear where the money would come from.</p>
<p>Billions of roubles have been dispatched hastily to regions and working groups ahead of the protest.</p>
<p>A Kremlin spokesman said Yeltsin, 66, was following the action from a country residence and considered economic demands by the protesters &quot;justified&quot;. He has blamed the government for the huge backlog in wages.</p>
<p>The protests are the first test for Russia's new reformist-looking cabinet, which has been named gradually over recent weeks and vowed to resolve the crisis quickly.</p>
</text>
<copyright>(c) Reuters Limited 1997</copyright>
<metadata>
<codes class="bip:countries:1.0">
  <code code="RUSS">
    <editdetail attribution="Reuters BIP Coding Group" action="confirmed" date="1997-03-27"/>
  </code>
</codes>
<codes class="bip:topics:1.0">
  <code code="C42">
    <editdetail attribution="Reuters BIP Coding Group" action="confirmed" date="1997-03-27"/>
  </code>
  <code code="CCAT">
    <editdetail attribution="Reuters BIP Coding Group" action="confirmed" date="1997-03-27"/>
  </code>
  <code code="E41">
    <editdetail attribution="Reuters BIP Coding Group" action="confirmed" date="1997-03-27"/>
  </code>
  <code code="ECAT">
    <editdetail attribution="Reuters BIP Coding Group" action="confirmed" date="1997-03-27"/>
  </code>
  <code code="GCAT">
    <editdetail attribution="Reuters BIP Coding Group" action="confirmed" date="1997-03-27"/>
  </code>
  <code code="GJOB">
    <editdetail attribution="Reuters BIP Coding Group" action="confirmed" date="1997-03-27"/>
  </code>
  <code code="GVIO">
    <editdetail attribution="Reuters BIP Coding Group" action="confirmed" date="1997-03-27"/>
  </code>
</codes>
<dc element="dc.date.created" value="1997-03-27"/>
<dc element="dc.publisher" value="Reuters Holdings Plc"/>
<dc element="dc.date.published" value="1997-03-27"/>
<dc element="dc.source" value="Reuters"/>
<dc element="dc.creator.location" value="MOSCOW"/>
<dc element="dc.creator.location.country.name" value="RUSSIA"/>
<dc element="dc.source" value="Reuters"/>
</metadata>
</newsitem>
