<?xml version="1.0" encoding="iso-8859-1" ?>
<newsitem itemid="471669" id="root" date="1997-03-27" xml:lang="en">
<title>SLOVAKIA: Slovak blue chips steady, SAX edges higher.</title>
<headline>Slovak blue chips steady, SAX edges higher.</headline>
<dateline>BRATISLAVA 1997-03-27</dateline>
<text>
<p>Major Slovak shares held steady in light trading on the Bratislava Stock Exchange (BSE) on Thursday, with minor gains to several highly-capitalised issues helping the SAX index firm 0.18 points to 207.02.</p>
<p>Steel maker VSZ traded the largest volume among the listed blue chips, 1,236 shares, rising five crowns to 715.</p>
<p>Brokers said VSZ had potential to rise equal to levels where a domestic shareholder sold a block of the shares last week.</p>
<p>&quot;There is still demand for VSZ at the moment, which coupled with a lack of its shares on the offer could push the issue to at least 740 crowns,&quot; said Dusan Sykora of ING Barings.</p>
<p>Oil refiner Slovnaft firmed 10 crowns to close at 1,010.</p>
<p>&quot;The demand and offer could now meet at some 1,015 crowns, but, again, lack of liquidity can pull the share's price higher soon,&quot; Sykora said.</p>
<p>Trading has been very quiet over the past week, but broker said that foreign investors, who are the only players to give the market impetus for a longer-term trend, may soon return to pick up some undervalued shares.</p>
<p>&quot;They can come out of the blue, as, for example, VSZ or Slovnaft appear to be the region's cheapest shares in their field,&quot; Sykora said.</p>
<p>Overall volume fell to 196,577 shares, from 334,101 stocks on Wednesday and the turnover eased to 170.21 million crowns, from 221.40 million.</p>
<p>-- Peter Laca, Bratislava Newsroom, 421-7-521-8402</p>
</text>
<copyright>(c) Reuters Limited 1997</copyright>
<metadata>
<codes class="bip:countries:1.0">
  <code code="SLVAK">
    <editdetail attribution="Reuters BIP Coding Group" action="confirmed" date="1997-03-27"/>
  </code>
</codes>
<codes class="bip:topics:1.0">
  <code code="M11">
    <editdetail attribution="Reuters BIP Coding Group" action="confirmed" date="1997-03-27"/>
  </code>
  <code code="MCAT">
    <editdetail attribution="Reuters BIP Coding Group" action="confirmed" date="1997-03-27"/>
  </code>
</codes>
<dc element="dc.date.created" value="1997-03-27"/>
<dc element="dc.publisher" value="Reuters Holdings Plc"/>
<dc element="dc.date.published" value="1997-03-27"/>
<dc element="dc.source" value="Reuters"/>
<dc element="dc.creator.location" value="BRATISLAVA"/>
<dc element="dc.creator.location.country.name" value="SLOVAKIA"/>
<dc element="dc.source" value="Reuters"/>
</metadata>
</newsitem>
