<?xml version="1.0" encoding="iso-8859-1" ?>
<newsitem itemid="471636" id="root" date="1997-03-27" xml:lang="en">
<title>BOSNIA: Report warns of chemical weapons threat in Balkans.</title>
<headline>Report warns of chemical weapons threat in Balkans.</headline>
<dateline>SARAJEVO 1996-03-28</dateline>
<text>
<p>The presence of chemical weapons in former Yugoslavia poses a potential threat to peace and arms control efforts in the Balkans, a human rights watchdog agency said on Friday.</p>
<p>Republics in the former Yugoslavia are all capable of producing chemical weapons and Serbia in particular maintains a sophisticated chemical weapons programme, a report issued by Human Rights Watch said.</p>
<p>The agency said stockpiles and production of chemical weapons could trigger a regional arms race unless the international community applies pressure on Balkan states to abandon production and destroy chemical agents they possess.</p>
<p>Human Rights Watch, a private U.S.-based agency monitoring human rights and arms control, accused the international community and the United States in particular of turning a blind eye to the danger of chemical weapons in the region.</p>
<p>The report said Washington, as main sponsor of the peace treaty that ended the Yugoslav conflict, &quot;has a special responsibility to make public the information it has on the chemical weapons production capabilities that exist in the former Yugoslavia...&quot;.</p>
<p>The report alleged that the Moslem-led Bosnian government army produced crude chemical munitions during the 1992-95 war which followed Bosnia's secession from Serbian-dominated Yugoslavia.</p>
<p>Serb, Croat and Moslem armies are believed to have used non-lethal chemical irritants such as tear gas during the Bosnian war, the report said, quoting from U.S. military documents.</p>
<p>Rival armies repeatedly accused each other of employing of more dangerous chemicals but Human Rights Watch said those allegations have yet to be confirmed.</p>
<p>Citing interviews with former employees of the Yugoslav army, the report said that Serbia had inherited much of the extensive chemical weapons programme developed by the military in old Yugoslavia.</p>
<p>Before the war, the Yugoslav army produced weapons using the nerve agent sarin, the blister agent sulfur mustard, the hallucinatory agent BZ and non-lethal irritants, the report said.</p>
<p>Human Rights Watch said there were strong indications that Serbia and Montenegro, which now comprise Yugoslavia, continues to maintain the chemical weapons programme.</p>
<p>The report said that the future use of chemical weaponry in the Balkans &quot;cannot be discounted&quot;, partly because the Serbs no longer enjoyed unsurpassed military superiority as they did during much of the Bosnian conflict.</p>
</text>
<copyright>(c) Reuters Limited 1997</copyright>
<metadata>
<codes class="bip:countries:1.0">
  <code code="BSHZG">
    <editdetail attribution="Reuters BIP Coding Group" action="confirmed" date="1997-03-27"/>
  </code>
  <code code="USA">
    <editdetail attribution="Reuters BIP Coding Group" action="confirmed" date="1997-03-27"/>
  </code>
  <code code="YUG">
    <editdetail attribution="Reuters BIP Coding Group" action="confirmed" date="1997-03-27"/>
  </code>
</codes>
<codes class="bip:topics:1.0">
  <code code="GCAT">
    <editdetail attribution="Reuters BIP Coding Group" action="confirmed" date="1997-03-27"/>
  </code>
  <code code="GDEF">
    <editdetail attribution="Reuters BIP Coding Group" action="confirmed" date="1997-03-27"/>
  </code>
  <code code="GDIP">
    <editdetail attribution="Reuters BIP Coding Group" action="confirmed" date="1997-03-27"/>
  </code>
</codes>
<dc element="dc.date.created" value="1996-03-28"/>
<dc element="dc.publisher" value="Reuters Holdings Plc"/>
<dc element="dc.date.published" value="1997-03-27"/>
<dc element="dc.source" value="Reuters"/>
<dc element="dc.creator.location" value="SARAJEVO"/>
<dc element="dc.creator.location.country.name" value="BOSNIA"/>
<dc element="dc.source" value="Reuters"/>
</metadata>
</newsitem>
