<?xml version="1.0" encoding="iso-8859-1" ?>
<newsitem itemid="471661" id="root" date="1997-03-27" xml:lang="en">
<title>UKRAINE: Ukraine's new privatisation head sees selloff push.</title>
<headline>Ukraine's new privatisation head sees selloff push.</headline>
<dateline>KIEV 1997-03-27</dateline>
<text>
<p>The new head of Ukraine's state privatisation agency said on Thursday that Ukraine would fully privatise all medium- and large-scale enterprises this year.</p>
<p>&quot;Eight thousand big and medium enterprises will at last be sold,&quot; Volodymyr Lanovy, acting chief of the State Property Fund (FDM), told reporters in his first public statement since being named to the position earlier this month.</p>
<p>Lanovy, whose position is expected to be confirmed by parliament soon, replaced Yuri Yekhanurov, who was appointed economy minister last month.</p>
<p>Ukraine completed last month privatisation of 5,000 out of 8,000 medium and large government holdings.</p>
<p>The 1997 plan calls for increasing share prices of newly-privatised enterprises on local exchanges, and eventual development of a stock index, Lanovy said.</p>
<p>&quot;We could raise price levels of primary issues to market values,&quot; he said.</p>
<p>Trading on the Ukrainian Stock Exchange's weekly sessions is often thin. Ukraine also has two other exchanges and a Kiev-based over-the-counter system.</p>
<p>Lanovy added that companies would be ready to issue shares internationally one year after Ukraine issues a foreign bond, expected to happen sometime this year.</p>
<p>-- Irene Marushko, Kiev Newsroom +380 44 229 2264</p>
</text>
<copyright>(c) Reuters Limited 1997</copyright>
<metadata>
<codes class="bip:countries:1.0">
  <code code="UKRN">
    <editdetail attribution="Reuters BIP Coding Group" action="confirmed" date="1997-03-27"/>
  </code>
</codes>
<codes class="bip:topics:1.0">
  <code code="C18">
    <editdetail attribution="Reuters BIP Coding Group" action="confirmed" date="1997-03-27"/>
  </code>
  <code code="C183">
    <editdetail attribution="Reuters BIP Coding Group" action="confirmed" date="1997-03-27"/>
  </code>
  <code code="CCAT">
    <editdetail attribution="Reuters BIP Coding Group" action="confirmed" date="1997-03-27"/>
  </code>
  <code code="E12">
    <editdetail attribution="Reuters BIP Coding Group" action="confirmed" date="1997-03-27"/>
  </code>
  <code code="ECAT">
    <editdetail attribution="Reuters BIP Coding Group" action="confirmed" date="1997-03-27"/>
  </code>
</codes>
<dc element="dc.date.created" value="1997-03-27"/>
<dc element="dc.publisher" value="Reuters Holdings Plc"/>
<dc element="dc.date.published" value="1997-03-27"/>
<dc element="dc.source" value="Reuters"/>
<dc element="dc.creator.location" value="KIEV"/>
<dc element="dc.creator.location.country.name" value="UKRAINE"/>
<dc element="dc.source" value="Reuters"/>
</metadata>
</newsitem>
