<?xml version="1.0" encoding="iso-8859-1" ?>
<newsitem itemid="471667" id="root" date="1997-03-27" xml:lang="en">
<title>BOSNIA: Bosnia woos investors with political risk credits.</title>
<headline>Bosnia woos investors with political risk credits.</headline>
<byline>Sabina Cosic</byline>
<dateline>SARAJEVO 1997-03-27</dateline>
<text>
<p>Bosnia is offering foreign investors financial protection against the risk of war and political instability in a bid to restore confidence in the country's shattered economy, a government official said on Thursday.</p>
<p>With support from the World Bank, the Bosnian government has established an Investment Guarantee Agency (IGA) to offer guarantees to foreign investors providing credits to local industries, Lamija Kosaric, the agency's director, said.</p>
<p>&quot;This ensures that a guarantee holder is fully protected by an independent and strong financial source outside Bosnia-Herzegovina,&quot; Kosaric said.</p>
<p>The Bosnian government hopes the investment protection scheme will woo foreign direct investors and lessen the country's dependence on international aid to rebuild its infrastructure devastated by a 43-month civil war that ended over a year ago.</p>
<p>Each IGA guarantee will be backed by an irrevocable standby letter of credit from ING Bank of the Netherlands. ING currently holds $18 million in government funds set aside to cover losses stemming from IGA-identified risks.</p>
<p>Investors must provide credit to a production-related business in the Balkan country to qualify for the guarantees.</p>
<p>Coverage includes a range of political risks, including civil disturbances and a renewal of armed conflict, as well as certain government acts that could prevent a local business from repaying its credit.</p>
<p>The minimum guarantee is 100,000 German marks ($59,400) and the maximum is 3,000,000 marks with up to three years of coverage, she said.</p>
<p>The investor must annually pay the IGA three percent of the guaranteed credit amount.</p>
<p>The agency has already received five applications from abroad, including a construction company providing credit for local road building and bus leasing and an Italian company's credit to a Bosnian sock factory, she said.</p>
<p>The World Bank's Multilateral Investment Guarantee Agency grants guarantees for larger and longer-term investments beyond the coverage offered by IGA.</p>
<p>($ = 1.681 German Marks)</p>
</text>
<copyright>(c) Reuters Limited 1997</copyright>
<metadata>
<codes class="bip:countries:1.0">
  <code code="BSHZG">
    <editdetail attribution="Reuters BIP Coding Group" action="confirmed" date="1997-03-27"/>
  </code>
</codes>
<codes class="bip:topics:1.0">
  <code code="E51">
    <editdetail attribution="Reuters BIP Coding Group" action="confirmed" date="1997-03-27"/>
  </code>
  <code code="E511">
    <editdetail attribution="Reuters BIP Coding Group" action="confirmed" date="1997-03-27"/>
  </code>
  <code code="ECAT">
    <editdetail attribution="Reuters BIP Coding Group" action="confirmed" date="1997-03-27"/>
  </code>
</codes>
<dc element="dc.date.created" value="1997-03-27"/>
<dc element="dc.publisher" value="Reuters Holdings Plc"/>
<dc element="dc.date.published" value="1997-03-27"/>
<dc element="dc.source" value="Reuters"/>
<dc element="dc.creator.location" value="SARAJEVO"/>
<dc element="dc.creator.location.country.name" value="BOSNIA"/>
<dc element="dc.source" value="Reuters"/>
</metadata>
</newsitem>
