<?xml version="1.0" encoding="iso-8859-1" ?>
<newsitem itemid="471645" id="root" date="1997-03-27" xml:lang="en">
<title>BULGARIA: Bulgaria steps up fight against car theft.</title>
<headline>Bulgaria steps up fight against car theft.</headline>
<dateline>SOFIA 1997-03-27</dateline>
<text>
<p>Bulgaria has started confiscating luxury cars for checks, stepping up a fight against a huge trade in vehicles stolen abroad and against corruption, interim Interior Minister Bogomil Bonev said on Thursday.</p>
<p>&quot;Today the interior ministry for the first time launched a raid codenamed Mosquito and started to 'arrest' luxury cars in order to check whether they are lawfully owned,&quot; Bonev said.</p>
<p>He said detained vehicles were checked for paid customs duties and taxes. Owners should also prove that they have bought their vehicles legally and the origin of the money they bought them with, Bonev told reporters.</p>
<p>The checks are expected to last up to a month. &quot;Until then the cars will be detained,&quot; Bonev said.</p>
<p>Witnesses said policemen began to stop luxury cars in the streets and had escorted them to the interior ministry's armed forces barracks at Vranja at the outskirts of Sofia.</p>
<p>There were more than 500 vehicles parked in the yard, most of them new Mercedes, BMWs, Audis and jeeps, a witness, who declined to be named, told Reuters.</p>
<p>He said riot police had beaten people as they were waiting in their cars at the barracks' parking lot.</p>
<p>&quot;Policemen with black hoods over their faces started beating us with truncheons or hands without saying a word. We ran away from the place,&quot; he said.</p>
<p>The ministry said in a statement it would probe into citizens' complaints of use of excessive force by some policemen.</p>
<p>It said it had returned seized cars to firms and banks.</p>
<p>Crime has soared since the collapse of communist rule in 1989. The police are poorly paid, ill-equipped and vulnerable to corruption.</p>
<p>Car thefts make up one fifth of all crime, officials say. Organised groups, working with gangs in Western Europe, alter the appearance of stolen cars, change licence plates, scrape off engine and car body numbers and engrave new ones to match forged documents.</p>
<p>Police say the traffic of stolen cars through Bulgaria is huge, many vehicles being re-exported to Moldova, Ukraine and other ex-Soviet republics or Macedonia, Albania, and Yugoslavia.</p>
</text>
<copyright>(c) Reuters Limited 1997</copyright>
<metadata>
<codes class="bip:countries:1.0">
  <code code="BUL">
    <editdetail attribution="Reuters BIP Coding Group" action="confirmed" date="1997-03-27"/>
  </code>
</codes>
<codes class="bip:topics:1.0">
  <code code="GCAT">
    <editdetail attribution="Reuters BIP Coding Group" action="confirmed" date="1997-03-27"/>
  </code>
  <code code="GCRIM">
    <editdetail attribution="Reuters BIP Coding Group" action="confirmed" date="1997-03-27"/>
  </code>
</codes>
<dc element="dc.date.created" value="1997-03-27"/>
<dc element="dc.publisher" value="Reuters Holdings Plc"/>
<dc element="dc.date.published" value="1997-03-27"/>
<dc element="dc.source" value="Reuters"/>
<dc element="dc.creator.location" value="SOFIA"/>
<dc element="dc.creator.location.country.name" value="BULGARIA"/>
<dc element="dc.source" value="Reuters"/>
</metadata>
</newsitem>
