<?xml version="1.0" encoding="iso-8859-1" ?>
<newsitem itemid="471658" id="root" date="1997-03-27" xml:lang="en">
<title>UKRAINE: Ukraine 3-,6-,9-,12-mo T-bills yields up.</title>
<headline>Ukraine 3-,6-,9-,12-mo T-bills yields up.</headline>
<dateline>KIEV 1997-03-27</dateline>
<text>
<p>Average yields at auctions of three-month, six-month, nine-month and 12-month treasury bills rose from the last sales, a central bank statement said on Thursday.</p>
<p>Three-month bills edged up to 24.24 percent from from 20.22 percent, six-month bills rose to 30.34 percent from 30.23 percent, nine-month bills rose to 32.93 percent from 32.78 percent and 12-month bills edged up to 37.54 percent from 35.99 percent.</p>
<p>The results of Thursday's three-month discount T-bill auction, compared to the last issue, were as follows:</p>
<p> Auction Number	 119		     111</p>
<p> Issue date	     March 27, 1997	March 25, 1997</p>
<p> Maturity date	  June 27, 1997	 June 25, 1997</p>
<p> Denominations	  100 hryvnia	   100 hryvnia (UAH)</p>
<p> Issue volume	   no limit stated     no limit stated</p>
<p> Amount sold	    1.22 million UAH    42.43 million UAH</p>
<p> Actual amount raised 1.15 million UAH    40.39 million UAH</p>
<p> Average yield	  24.24 percent	 20.22 percent</p>
<p> Average price	  94.30 hryvnia	 95.20 hryvnia</p>
<p> Cut-off price	  94.30 hryvnia	 94.26 hryvnia</p>
<p>The central bank sold 12,230 T-bills, the bank's statement said.</p>
<p>The date of the next auction of three-month discount T-bills is scheduled for March 28.</p>
<p>The results of six-month discount T-bill auction, compared to the last issue, were as follows:</p>
<p> Auction Number	   120		     116</p>
<p> Issue date		 March 27, 1997	March 26, 1997</p>
<p> Maturity date	    September 26, 1997  September 24, 1997</p>
<p> Denominations	    100 hryvnia	   100 hryvnia</p>
<p> Issue volume	     no limit stated     6.00 million UAH</p>
<p> Amount sold		2.59 million UAH    5.99 million UAH</p>
<p> Actual amount raised   2.25 million UAH    5.20 million UAH</p>
<p> Average yield	    30.34 percent	 30.23 percent</p>
<p> Average price	    86.86 hryvnia	 86.90 hryvnia</p>
<p> Cut-off price	    86.86 hryvnia	 86.86 hryvnia</p>
<p>The central bank sold 25,862 T-bills, the bank's statement said.</p>
<p>The date of the next auction of six-month discount T-bills is scheduled for March 28.</p>
<p>The results of nine-month discount T-bills auction, compared to last issue, were as follows:</p>
<p> Auction Number	    121		     117</p>
<p> Issue date		  March 27, 1997	March 26, 1997</p>
<p> Maturity date	     December 26, 1997   December 24, 1997</p>
<p> Denominations	     100 hryvnia	   100 hryvnia</p>
<p> Issue volume		no limit stated     12.00 million UAH</p>
<p> Amount sold		 2.91 million UAH    11.73 million UAH</p>
<p> Actual amount raised    2.34 million UAH    9.42 million UAH</p>
<p> Average yield	     32.93 percent	 32.78 percent</p>
<p> Average price	     80.24 hryvnia	 80.31 hryvnia</p>
<p> Cut-off price	     80.20 hryvnia	 80.20 hryvnia</p>
<p>The central bank sold 29,124 T-bills, the bank's statement said.</p>
<p>The date of the next auction of nine-month discount T-bills is scheduled for March 28.</p>
<p>The results of 12-month discount T-bill auction, compared to the last issue, were as follows:</p>
<p> Auction Number	    122		    114</p>
<p> Issue Date		  March 27, 1997     March 25, 1997</p>
<p> Maturity date	     March 27, 1998     March 25, 1998</p>
<p> Denominations	     100 hryvnia	  100 hryvnia</p>
<p> Issue volume		no limit stated    no limit stated</p>
<p> Amount sold		 17.67 million UAH  8.69 million UAH</p>
<p> Actual amount raised    12.85 million UAH  6.40 million UAH</p>
<p> Average yield	     37.54 percent	35.99 percent</p>
<p> Average price	     72.76 hryvnia	73.59 hryvnia</p>
<p> Cut-off price	     72.49 hryvnia	73.50 hryvnia</p>
<p>The central bank sold 176,663 T-bills, the bank's statement said.</p>
<p>The date of the next auction of 12-month discount T-bills is scheduled for March 28.</p>
<p>--Kiev newsroom, +380 44 229-2264</p>
</text>
<copyright>(c) Reuters Limited 1997</copyright>
<metadata>
<codes class="bip:countries:1.0">
  <code code="UKRN">
    <editdetail attribution="Reuters BIP Coding Group" action="confirmed" date="1997-03-27"/>
  </code>
</codes>
<codes class="bip:topics:1.0">
  <code code="E12">
    <editdetail attribution="Reuters BIP Coding Group" action="confirmed" date="1997-03-27"/>
  </code>
  <code code="ECAT">
    <editdetail attribution="Reuters BIP Coding Group" action="confirmed" date="1997-03-27"/>
  </code>
  <code code="M13">
    <editdetail attribution="Reuters BIP Coding Group" action="confirmed" date="1997-03-27"/>
  </code>
  <code code="M131">
    <editdetail attribution="Reuters BIP Coding Group" action="confirmed" date="1997-03-27"/>
  </code>
  <code code="MCAT">
    <editdetail attribution="Reuters BIP Coding Group" action="confirmed" date="1997-03-27"/>
  </code>
</codes>
<dc element="dc.date.created" value="1997-03-27"/>
<dc element="dc.publisher" value="Reuters Holdings Plc"/>
<dc element="dc.date.published" value="1997-03-27"/>
<dc element="dc.source" value="Reuters"/>
<dc element="dc.creator.location" value="KIEV"/>
<dc element="dc.creator.location.country.name" value="UKRAINE"/>
<dc element="dc.source" value="Reuters"/>
</metadata>
</newsitem>
