<?xml version="1.0" encoding="iso-8859-1" ?>
<newsitem itemid="471687" id="root" date="1997-03-27" xml:lang="en">
<title>BULGARIA: Bulgaria sells 46.488 bln levs 1- and 4-wk T-bills.</title>
<headline>Bulgaria sells 46.488 bln levs 1- and 4-wk T-bills.</headline>
<dateline>SOFIA 1997-03-27</dateline>
<text>
<p>Bulgaria's Finance Ministry on Thursday sold two discount T-bill issues with maturities of one week and four weeks, yielding 3.80 percent and 17.62 percent to maturity, respectively, the central bank said.</p>
<p>Bids were received for a total of 53.072 billion levs of T-bills but the ministry approved bids for 46.488 billion levs worth of paper.</p>
<p>The issues were offered with no par value or minimum acceptable price set in advance by the ministry. Auction date and maturity date for each issue overlap.</p>
<p>Details of the issues follow. Prices are in percent of par:  Issue number		  BG3023497004	 BG3023597001</p>
<p> Term			    one week	     four weeks</p>
<p> Issue date		    March 27	     March 27</p>
<p> Maturity date		 April 3		April 24</p>
<p> Bids received		 32,362.3 million levs  20,709.5 million levs</p>
<p> Avg price of bids	   96.34 pct	    85.02 pct</p>
<p> Bids approved		 26,198.3 million levs  20,289.5 million levs</p>
<p> Avg accepted price	  96.34 pct	    85.02 pct</p>
<p> Avg yield to maturity     3.80 pct	     17.62 pct</p>
<p>-- Sofia Newsroom, (++359-2) 981 8569</p>
</text>
<copyright>(c) Reuters Limited 1997</copyright>
<metadata>
<codes class="bip:countries:1.0">
  <code code="BUL">
    <editdetail attribution="Reuters BIP Coding Group" action="confirmed" date="1997-03-27"/>
  </code>
</codes>
<codes class="bip:topics:1.0">
  <code code="M13">
    <editdetail attribution="Reuters BIP Coding Group" action="confirmed" date="1997-03-27"/>
  </code>
  <code code="M131">
    <editdetail attribution="Reuters BIP Coding Group" action="confirmed" date="1997-03-27"/>
  </code>
  <code code="MCAT">
    <editdetail attribution="Reuters BIP Coding Group" action="confirmed" date="1997-03-27"/>
  </code>
</codes>
<dc element="dc.date.created" value="1997-03-27"/>
<dc element="dc.publisher" value="Reuters Holdings Plc"/>
<dc element="dc.date.published" value="1997-03-27"/>
<dc element="dc.source" value="Reuters"/>
<dc element="dc.creator.location" value="SOFIA"/>
<dc element="dc.creator.location.country.name" value="BULGARIA"/>
<dc element="dc.source" value="Reuters"/>
</metadata>
</newsitem>
