<?xml version="1.0" encoding="iso-8859-1" ?>
<newsitem itemid="471647" id="root" date="1997-03-27" xml:lang="en">
<title>HUNGARY: HSBC sees Hungary GDP, trade deficit rising in '97.</title>
<headline>HSBC sees Hungary GDP, trade deficit rising in '97.</headline>
<dateline>BUDAPEST 1997-03-27</dateline>
<text>
<p>The Hungarian economy is heading in the right direction, with growth picking up, but the trade balance is likely to raise concerns over the next few years, HSBC James Capel said in a report dated March 26.</p>
<p>HSBC's London-based emerging market strategist Nigel Rendell said in the report that a two-year period of real wage decline has come to an end in Hungary, interest rates have gone down and multinationals are making large investments.</p>
<p>These developments will help the gross domestic product (GDP) to grow more quickly in 1997 than in 1996, when GDP growth was maximum 0.5 percent according to estimates.  </p>
<p>&quot;In overall terms, the consensus for growth this year is two to three percent -- we remain at the top end of this range,&quot; Rendell said in the report.</p>
<p>HSBC expects investments rise by six to seven percent this year. This is less than the government forecast of 10 percent, but enough to boost imports, HSBC said.</p>
<p>Increasing economic activity is likely to widen the trade gap, Rendell said.</p>
<p>&quot;As is the case with other countries in the region, its is the external position that is likely to prompt increasing investor concern over the medium term,&quot; he added.  </p>
<p>Hungary finished last year with a trade deficit of $2.65 billion. This was marginally higher than a $2.44 billion deficit in 1995, but the rise is somewhat disappointing given that the economy was extremely depressed, Rendell said.</p>
<p>HSBC expect both exports and imports to grow 15 percent in 1997, compared with a 10.3 percent rise in exports and a 10.1 percent increase in imports in 1996.</p>
<p>This means the trade deficit will rise to $3 billion this year, Rendell said, adding that the gap was likely to widen further to $3.6 billion in 1998.  </p>
<p>However, this should not present financing problems to the country as foreign direct investment was likely to remain strong and roughly match the current account deficit, he said.</p>
<p>The 1.2 percent monthly forint devaluation rate, which will be cut to 1.1 percent on April 1, is unlikely to be reduced further this year given that the underlying trade position will worsen and the government will be cautious of adjusting policy in the run up to the 1998 election, Rendell added.</p>
<p>HSBC expects Hungary's average inflation to go down to 18.5 percent this year from 23.6 percent in 1996 and the year-on-year CPI to drop to levels between 17 and 17.5 percent from 19.8 percent in the last month of 1996.</p>
<p>HSBC sees the forint to edge down to around 195 to one dollar by year-end from the current rate of 176.77, which would imply a marginal depreciation in real terms during the year.</p>
<p>Forecasts for Hungarian economic indicators..... HUKEY1</p>
<p>-- Sandor Peto, Budapest newsroom (36 1) 327 4040</p>
</text>
<copyright>(c) Reuters Limited 1997</copyright>
<metadata>
<codes class="bip:countries:1.0">
  <code code="HUNG">
    <editdetail attribution="Reuters BIP Coding Group" action="confirmed" date="1997-03-27"/>
  </code>
</codes>
<codes class="bip:topics:1.0">
  <code code="E11">
    <editdetail attribution="Reuters BIP Coding Group" action="confirmed" date="1997-03-27"/>
  </code>
  <code code="E51">
    <editdetail attribution="Reuters BIP Coding Group" action="confirmed" date="1997-03-27"/>
  </code>
  <code code="E512">
    <editdetail attribution="Reuters BIP Coding Group" action="confirmed" date="1997-03-27"/>
  </code>
  <code code="ECAT">
    <editdetail attribution="Reuters BIP Coding Group" action="confirmed" date="1997-03-27"/>
  </code>
</codes>
<dc element="dc.date.created" value="1997-03-27"/>
<dc element="dc.publisher" value="Reuters Holdings Plc"/>
<dc element="dc.date.published" value="1997-03-27"/>
<dc element="dc.source" value="Reuters"/>
<dc element="dc.creator.location" value="BUDAPEST"/>
<dc element="dc.creator.location.country.name" value="HUNGARY"/>
<dc element="dc.source" value="Reuters"/>
</metadata>
</newsitem>
