<?xml version="1.0" encoding="iso-8859-1" ?>
<newsitem itemid="471635" id="root" date="1997-03-27" xml:lang="en">
<title>RUSSIA: Russians protest wage delays with strikes, marches.</title>
<headline>Russians protest wage delays with strikes, marches.</headline>
<byline>Denis Dyomkin</byline>
<dateline>VLADIVOSTOK, Russia 1997-03-27</dateline>
<text>
<p>Tens of thousands of workers marched through Russia's Pacific port city of Vladivostok on Thursday as a day of protests against unpaid pensions and wages unrolled across the world's biggest country.</p>
<p>The marchers -- unions said 50,000 of them, the police put the figure at 15,000 -- carried red banners and some called on the government to quit as they snaked through the city.</p>
<p>&quot;I want to live without shocks and without Yeltsin's therapy,&quot; read one banner, referring to the economic reforms President Boris Yeltsin is trying to introduce in Russia.</p>
<p>The protest had been organised weeks in advance by trade unions and Russia's communist-led opposition, both bitter at the fact that millions of workers have not been paid for months.</p>
<p>&quot;First wages, then taxes,&quot; read one banner flying above a crowd of about 1,000 in the far eastern city of Magadan, once a main clearing centre for Soviet GULag labour camps.</p>
<p>The day of protest appears designed to channel frustrations which have built up steadily during the six years of chaotic and crime-ridden economic transition which has opened a huge gulf between rich and poor since it began in 1992.</p>
<p>Ministers admit workers and pensioners are owed 50 trillion roubles ($8.8 billion), including 10 trillion from the state.</p>
<p>Under pressure from the International Monetary Fund to meet its economic promises, a new cabinet team made a priority this week of collecting taxes in order to pay its bills.</p>
<p>In Yeltsin's home Urals region around Yekaterinburg some 25,000 people were expected to join the strikes. The march, which started at 0700 GMT, was due to finish at the monument to Soviet state founder Vladimir Lenin in the centre of the city.</p>
<p>Yekaterinburg, a closed city in Soviet times, is home to a large number of defence industry firms, many of which have found it hard to cope with the tough new world of market economics.</p>
<p>Ministers, many appointed in a big reshuffle over the last few weeks, have promised to resolve the wage crisis as quickly as possible. But young new first deputy prime ministers Anatoly Chubais and Boris Nemtsov have also pledged to speed up reforms.</p>
<p>The changes, designed to transform the Soviet-era centrally planned economy into a market system modelled on that in the West, have brought colourful goods into Russia's once-bare shops, but millions of people cannot afford to buy.</p>
<p>Government officials have appealed for calm, but say they have no reason to fear the situation will get out of control.</p>
<p>&quot;We have the reserves to maintain public order, both troops and police, and we have taken a number of preventive measures,&quot; Interior Minister Anatoly Kulikov said on Wednesday.</p>
<p>&quot;We sent warnings to some people about the unacceptabity of provocative actions. But we do not foresee any special difficulties,&quot; he told Russian Public Television.</p>
<p>Unions have forecast that 20 million will take part, but early numbers suggested they would fall short of that.</p>
<p>Many factories are already at a standstill and firms in the key metals and energy sectors have already said output will not be affected. Air traffic controllers do not plan to strike.</p>
<p>In Moscow, there was little obvious strike action early on a cold but sunny morning, and marches were only due to start in the city centre in the afternoon.</p>
<p>Dozens of armed OMON police commandos in riot gear lined a street south of the centre where protesters were due to gather. Several police trucks were parked close to the White House government building.</p>
</text>
<copyright>(c) Reuters Limited 1997</copyright>
<metadata>
<codes class="bip:countries:1.0">
  <code code="RUSS">
    <editdetail attribution="Reuters BIP Coding Group" action="confirmed" date="1997-03-27"/>
  </code>
</codes>
<codes class="bip:topics:1.0">
  <code code="E41">
    <editdetail attribution="Reuters BIP Coding Group" action="confirmed" date="1997-03-27"/>
  </code>
  <code code="ECAT">
    <editdetail attribution="Reuters BIP Coding Group" action="confirmed" date="1997-03-27"/>
  </code>
  <code code="GCAT">
    <editdetail attribution="Reuters BIP Coding Group" action="confirmed" date="1997-03-27"/>
  </code>
  <code code="GJOB">
    <editdetail attribution="Reuters BIP Coding Group" action="confirmed" date="1997-03-27"/>
  </code>
  <code code="GPOL">
    <editdetail attribution="Reuters BIP Coding Group" action="confirmed" date="1997-03-27"/>
  </code>
  <code code="GWELF">
    <editdetail attribution="Reuters BIP Coding Group" action="confirmed" date="1997-03-27"/>
  </code>
</codes>
<dc element="dc.date.created" value="1997-03-27"/>
<dc element="dc.publisher" value="Reuters Holdings Plc"/>
<dc element="dc.date.published" value="1997-03-27"/>
<dc element="dc.source" value="Reuters"/>
<dc element="dc.creator.location" value="VLADIVOSTOK, Russia"/>
<dc element="dc.creator.location.country.name" value="RUSSIA"/>
<dc element="dc.source" value="Reuters"/>
</metadata>
</newsitem>
