<?xml version="1.0" encoding="iso-8859-1" ?>
<newsitem itemid="471693" id="root" date="1997-03-27" xml:lang="en">
<title>RUSSIA: Russian MinFins firmer after long U.S. rate fall.</title>
<headline>Russian MinFins firmer after long U.S. rate fall.</headline>
<dateline>MOSCOW 1997-03-27</dateline>
<text>
<p>Prices of Russian MinFin bonds firmed on Thursday as the market stabilised after a long fall on the 25 basis-point U.S. interest rate hike, and dealers said trading was limp ahead of the U.S. Good Friday holiday.</p>
<p>Dealers said nationwide Russian protests unpaid wages and pensions failed to have an impact on the market, as protestor turnout was very far the 20 million forecast by trade union organisers.</p>
<p>			tranche   Mar 26		  Mar 25</p>
<p>    1999 maturity   (3)     85.20-85.50	   85.50-85.80</p>
<p>    2003 maturity   (4)     61.70-62.00	   62.45-62.75</p>
<p>    2008 maturity   (5)     42.90-43.20	   43.60-43.90</p>
<p>    2006 maturity   (6)     48.70-49.00	   49.65-49.95</p>
<p>    2011 maturity   (7)     37.00-37.30	   37.60-37.90</p>
<p>&quot;Protests were not massive, so there was no influence,&quot; Sberbank dealer Pavel Sool said. &quot;Prices have firmed for the first time after the fall on U.S. rate hike, as the market realised there is still time until May&quot;.</p>
<p>Recent U.S. statistics data brought many market analysts to believe that yet another U.S. short-term interest rate rise could come in May.</p>
<p>MinFins closely track Brady Bonds and other emerging market debt.</p>
<p>&quot;Nothing real happened today with MinFins as tomorrow is Good Friday and today is a short day,&quot; another dealer said.</p>
<p>--Artyom Danielyan, Moscow Newsroom (095) 941 8520</p>
</text>
<copyright>(c) Reuters Limited 1997</copyright>
<metadata>
<codes class="bip:countries:1.0">
  <code code="RUSS">
    <editdetail attribution="Reuters BIP Coding Group" action="confirmed" date="1997-03-27"/>
  </code>
</codes>
<codes class="bip:topics:1.0">
  <code code="M12">
    <editdetail attribution="Reuters BIP Coding Group" action="confirmed" date="1997-03-27"/>
  </code>
  <code code="MCAT">
    <editdetail attribution="Reuters BIP Coding Group" action="confirmed" date="1997-03-27"/>
  </code>
</codes>
<dc element="dc.date.created" value="1997-03-27"/>
<dc element="dc.publisher" value="Reuters Holdings Plc"/>
<dc element="dc.date.published" value="1997-03-27"/>
<dc element="dc.source" value="Reuters"/>
<dc element="dc.creator.location" value="MOSCOW"/>
<dc element="dc.creator.location.country.name" value="RUSSIA"/>
<dc element="dc.source" value="Reuters"/>
</metadata>
</newsitem>
