<?xml version="1.0" encoding="iso-8859-1" ?>
<newsitem itemid="471630" id="root" date="1997-03-27" xml:lang="en">
<title>ALBANIA: European aid experts meet Albanian prime minister.</title>
<headline>European aid experts meet Albanian prime minister.</headline>
<byline>Alister Doyle</byline>
<dateline>TIRANA 1997-03-27</dateline>
<text>
<p>European relief experts met Albanian leaders on Thursday to discuss a proposed foreign security force for protecting humanitarian aid to help pull the troubled Balkan nation back from anarchy.</p>
<p>A six-year-old boy hit when gunmen sprayed bullets at a bus near Tirana on Wednesday died overnight from his wounds, bringing the death toll to two. Six other people were hurt in one of the most violent incidents near the capital.</p>
<p>Prime Minister Bashkim Fino was holding talks with a 15-strong European delegation headed by Dutch diplomat Jan de Marchant et d'Ansembourg, on a second trip to the former communist nation in two weeks.</p>
<p>The two sides hope to work out ways to ensure that emergency relief gets through, including the possible use of a foreign security force favoured by six European Union nations who have sent military advisers to Albania.</p>
<p>Fino said the immediate problems were restoring public order and reorganising Albania's police force after a wave of violence in which more than 100 people have died.</p>
<p>The moves were &quot;to settle the problem of different criminal gangs, disturbing the government and the common people as well&quot;, he told the Albanian Daily News in an interview published on Thursday.</p>
<p>Much of the south of Europe's poorest nation remains in the hands of rival armed rival gangs, rebels without a cause except for their demand that rightwing President Sali Berisha resign.</p>
<p>D'Ansembourg's team, expected to stay several days, will also debate Albania's plans for elections in June and ways of bolstering democracy for the country's 3.4 million people.</p>
<p>The six EU nations who have sent military experts to Albania to investigate the possibility of a security force to protect aid have failed to secure an international green light for their plan.</p>
<p>The 54-nation Organisation for Security and Cooperation in Europe (OSCE), the continent's top security body, failed to approve a mandate for a military mission at talks in Vienna on Wednesday. &quot;The meeting ended in disarray,&quot; one diplomat said.</p>
<p>It was unclear when the OSCE would meet again and the six EU states -- France, Italy, Spain, Portugal, Austria and Greece -- may now get bogged down in seeking authority from the United Nations or could take the riskier step of going in alone.</p>
<p>Non-EU members Turkey and Romania have also expressed willingness to take part. But acting solely on Tirana's invitation could expose them to charges of propping up Berisha if they got drawn into any shooting.</p>
<p>Fino has said that any foreign forces would be very small in number and would help keep open the ports of Vlore and Durres and protect Tirana's international airport, which reopened for normal business this week.</p>
<p>D'Ansembourg, also said any relief mission would &quot;not involve thousands of troops... It will depend on how many (personnel) the Albanians themselves can offer&quot;, he said.</p>
<p>D'Ansembourg's team includes experts from the OSCE, the 15-nation European Union and its executive Commission and the 40-nation Council of Europe.</p>
<p>Finance Minister Arben Malaj said that Albania's problems went far beyond emergency assistance. The EU estimates that the country needs $10 million of medical supplies and 10,000 tonnes of flour.</p>
<p>&quot;The emergency aid is not a solution to our problem,&quot; he told Albanian television. &quot;It may just push the country for a while, but may prepare a harder future for us.&quot;</p>
<p>In Brussels, the European Commission said on Wednesday it had agreed to send two million Ecus ($2.3 million) worth of humanitarian aid to victims of the crisis.</p>
</text>
<copyright>(c) Reuters Limited 1997</copyright>
<metadata>
<codes class="bip:countries:1.0">
  <code code="ALB">
    <editdetail attribution="Reuters BIP Coding Group" action="confirmed" date="1997-03-27"/>
  </code>
</codes>
<codes class="bip:topics:1.0">
  <code code="GCAT">
    <editdetail attribution="Reuters BIP Coding Group" action="confirmed" date="1997-03-27"/>
  </code>
  <code code="GDIP">
    <editdetail attribution="Reuters BIP Coding Group" action="confirmed" date="1997-03-27"/>
  </code>
  <code code="GVIO">
    <editdetail attribution="Reuters BIP Coding Group" action="confirmed" date="1997-03-27"/>
  </code>
</codes>
<dc element="dc.date.created" value="1997-03-27"/>
<dc element="dc.publisher" value="Reuters Holdings Plc"/>
<dc element="dc.date.published" value="1997-03-27"/>
<dc element="dc.source" value="Reuters"/>
<dc element="dc.creator.location" value="TIRANA"/>
<dc element="dc.creator.location.country.name" value="ALBANIA"/>
<dc element="dc.source" value="Reuters"/>
</metadata>
</newsitem>
