<?xml version="1.0" encoding="iso-8859-1" ?>
<newsitem itemid="471605" id="root" date="1997-03-27" xml:lang="en">
<title>KENYA: PRESS DIGEST - Kenya - March 27.</title>
<headline>PRESS DIGEST - Kenya - March 27.</headline>
<dateline>NAIROBI 1997-03-27</dateline>
<text>
<p>These are the leading stories in the Kenyan press on Thursday. Reuters has not verified these stories and does not vouch for their accuracy.</p>
<p>DAILY NATION</p>
<p>- A senior police officer and a constable are among 18 people killed during an exchange of fire in Marsabit district near the border with Ethiopia.</p>
<p>- An earth tremor shakes Nairobi and its environs.</p>
<p>- Kenya Posts &amp; Telecommunications reduces charges for regional calls by 62 percent beginning April 1.</p>
<p>EAST AFRICAN STANDARD</p>
<p>- Unionisable bank employees in the country threaten to go on strike following the collapse of talks with the Kenya Bankers Employers Association over their medical scheme.</p>
<p>- Amani Counselling Centre in Nairobi says it is time Kenyans stopped denying existence of homosexuality in schools.</p>
<p>- The fire brigade in Nairobi and Machakos ignore desperate pleas from fire victims in Athi River on Nairobi's outskirts.</p>
<p>KENYA TIMES</p>
<p>- A Nairobi chief magistrate refuses to soften bail terms for opposition parliamentarian Njehu Gatabaki, charged with sedition.</p>
<p>- The inquest into the mysterious death of University of Nairobi student leader Solomon Muruli begins on April 7.</p>
<p>THE PEOPLE</p>
<p>- Police are investigating a series of financial scandals that have so far fleeced Kenyatta University more than 100 million shillings ($1.82 million)</p>
<p>- Foreign Affairs Minister Kalonzo Musyoka is marshalling the support of power-maker Nicholas Biwott to boost his image. ($1=55 Kenyan Shillings)</p>
</text>
<copyright>(c) Reuters Limited 1997</copyright>
<metadata>
<codes class="bip:countries:1.0">
  <code code="KENYA">
    <editdetail attribution="Reuters BIP Coding Group" action="confirmed" date="1997-03-27"/>
  </code>
</codes>
<codes class="bip:topics:1.0">
  <code code="GCAT">
    <editdetail attribution="Reuters BIP Coding Group" action="confirmed" date="1997-03-27"/>
  </code>
</codes>
<dc element="dc.date.created" value="1997-03-27"/>
<dc element="dc.publisher" value="Reuters Holdings Plc"/>
<dc element="dc.date.published" value="1997-03-27"/>
<dc element="dc.source" value="Reuters"/>
<dc element="dc.creator.location" value="NAIROBI"/>
<dc element="dc.creator.location.country.name" value="KENYA"/>
<dc element="dc.source" value="Reuters"/>
</metadata>
</newsitem>
