<?xml version="1.0" encoding="iso-8859-1" ?>
<newsitem itemid="471676" id="root" date="1997-03-27" xml:lang="en">
<title>BULGARIA: Bulgaria lev ends stable at 1,590-1,600 per dollar.</title>
<headline>Bulgaria lev ends stable at 1,590-1,600 per dollar.</headline>
<dateline>SOFIA 1997-03-27</dateline>
<text>
<p>The Bulgarian lev closed at 1,590-1,600 per dollar on Thursday, unchanged from the morning and the previous close, dealers said.</p>
<p>&quot;Most banks and final clients sold dollars between 1,590-1,600 levs mainly to the central bank and traded volumes were relatively high,&quot; said a bank dealer.</p>
<p>Central bank officials were not available for comment.</p>
<p>Traders said that commercial banks and clients bought levs for dollars to meet tax and wage payments due end-month and end-quarter.</p>
<p>Banks also switched to lev positions to profit on high-yield lev deposits during upcoming Easter holidays in Western Europe and in the U.S. in anticipation of ongoing lev stability.</p>
<p>&quot;Interest rates on lev-denominated investments provide a higher yield now that the lev is stable,&quot; another dealer said.</p>
<p>The central bank's main interest rate is now set at 18 percent monthly or 216 percent annually, based on the effective yield of one- and four-week discount T-bills issued daily by the Finance ministry.</p>
<p>-- Dessislava Popova, Sofia Newsroom, (++359-2) 981 8569</p>
</text>
<copyright>(c) Reuters Limited 1997</copyright>
<metadata>
<codes class="bip:countries:1.0">
  <code code="BUL">
    <editdetail attribution="Reuters BIP Coding Group" action="confirmed" date="1997-03-27"/>
  </code>
</codes>
<codes class="bip:topics:1.0">
  <code code="M13">
    <editdetail attribution="Reuters BIP Coding Group" action="confirmed" date="1997-03-27"/>
  </code>
  <code code="M132">
    <editdetail attribution="Reuters BIP Coding Group" action="confirmed" date="1997-03-27"/>
  </code>
  <code code="MCAT">
    <editdetail attribution="Reuters BIP Coding Group" action="confirmed" date="1997-03-27"/>
  </code>
</codes>
<dc element="dc.date.created" value="1997-03-27"/>
<dc element="dc.publisher" value="Reuters Holdings Plc"/>
<dc element="dc.date.published" value="1997-03-27"/>
<dc element="dc.source" value="Reuters"/>
<dc element="dc.creator.location" value="SOFIA"/>
<dc element="dc.creator.location.country.name" value="BULGARIA"/>
<dc element="dc.source" value="Reuters"/>
</metadata>
</newsitem>
