<?xml version="1.0" encoding="iso-8859-1" ?>
<newsitem itemid="471654" id="root" date="1997-03-27" xml:lang="en">
<title>RUSSIA: Russia criticises Israel, urges Mideast dialogue.</title>
<headline>Russia criticises Israel, urges Mideast dialogue.</headline>
<dateline>MOSCOW 1997-03-27</dateline>
<text>
<p>Russia, expressing concern about tensions in the Middle East, castigated Israel on Thursday over clashes in the West Bank and defended the role of Palestinian leader Yasser Arafat.</p>
<p>&quot;We are seriously concerned about clashes  between the Palestinian population and Israeli security forces in the West Bank,&quot; said foreign ministry spokesman Gennady Tarasov, whose country is a co-sponsor of the Middle East peace process.</p>
<p>&quot;The deterioration of the situation has been caused by Israel's actions to unilaterally change the status quo in East Jerusalem,&quot; he told a news briefing.</p>
<p>Tarasov was referring to Israel's building of a Jewish settlement in Arab East Jerusalem which has provoked protests by Palestinians and more than a week of clashes.</p>
<p>A Palestinian suicide bomber blew himself up at a Tel Aviv cafe last Friday, killing three Israeli women. Israel said the Palestinian Authority led by Arafat gave the green light for the attack, but later said it had no evidence to back this up.</p>
<p>Tarasov said Arafat should not be blamed.</p>
<p>&quot;The Palestinian leadership is no less interested in stopping extremism and violence than the Israeli authorities,&quot; he said.</p>
<p>&quot;So, there are no grounds for the accusations aimed at Arafat alleging that he almost gave the green light to terrorists whose action in Tel Aviv we resolutely condemned.&quot;</p>
<p>Moscow has been trying to reassert itself in the Middle East ater long playing second fiddle to the United States. Tarasov said the way forward in the region was through dialogue.</p>
<p>&quot;Both countries must make energetic efforts to prevent confrontation and to normalise the situation,&quot; he said.</p>
<p>&quot;Confrontation rhetoric which brings grist to the mill of the opponents of peace and harmony in the region must, we are convinced, give way to responsible dialogue.&quot;</p>
</text>
<copyright>(c) Reuters Limited 1997</copyright>
<metadata>
<codes class="bip:countries:1.0">
  <code code="ISRAEL">
    <editdetail attribution="Reuters BIP Coding Group" action="confirmed" date="1997-03-27"/>
  </code>
  <code code="RUSS">
    <editdetail attribution="Reuters BIP Coding Group" action="confirmed" date="1997-03-27"/>
  </code>
</codes>
<codes class="bip:topics:1.0">
  <code code="GCAT">
    <editdetail attribution="Reuters BIP Coding Group" action="confirmed" date="1997-03-27"/>
  </code>
  <code code="GDIP">
    <editdetail attribution="Reuters BIP Coding Group" action="confirmed" date="1997-03-27"/>
  </code>
</codes>
<dc element="dc.date.created" value="1997-03-27"/>
<dc element="dc.publisher" value="Reuters Holdings Plc"/>
<dc element="dc.date.published" value="1997-03-27"/>
<dc element="dc.source" value="Reuters"/>
<dc element="dc.creator.location" value="MOSCOW"/>
<dc element="dc.creator.location.country.name" value="RUSSIA"/>
<dc element="dc.source" value="Reuters"/>
</metadata>
</newsitem>
