<?xml version="1.0" encoding="iso-8859-1" ?>
<newsitem itemid="471672" id="root" date="1997-03-27" xml:lang="en">
<title>ROMANIA: Prosecutors file charges against miners' leader.</title>
<headline>Prosecutors file charges against miners' leader.</headline>
<dateline>BUCHAREST 1997-03-27</dateline>
<text>
<p>Prosecutors filed charges of undermining state authority on Thursday against miners' leader Miron Cosma in connection with riots which toppled Romania's first post-communist government in 1991.</p>
<p>A spokeswoman for the prosecutor's office said the 107-page indictment had been turned over to Bucharest court. No date has been set for his trial.</p>
<p>Charges also include firearms violations, incitement to violence and compromising rail safety during a six-day rampage which started in western Romania's Jiu Valley mining district and tore through central Bucharest. Cosma faces up to 15 years in jail if convicted.</p>
<p>&quot;The way in which the actions were staged and railway staff forced to breach safety regulations displays organisation of a military-like nature,&quot; the indictment read.</p>
<p>Miners upset by ex-prime minister Petre Roman's pro-market austerity measures commandeered trains to Bucharest in 1990 and 1991, smashing buildings and beating up student demonstrators.</p>
<p>The charges relate to the second upheaval in September, 1991, when miners sacked the government building and Roman was forced from office. Cosma denies instigating violence, saying during the investigation that he was only &quot;the instrument of the miners' will&quot;.</p>
<p>Romania's new centrist coalition government has pledged to bring to justice those responsible for the violence. During the election campaign that brought him to power last year, President Emil Constantinescu accused his predecessor, ex-communist Ion Iliescu, of encouraging the miners.</p>
<p>Miners denounced his arrest in January, but threatened protests have come to nothing.</p>
</text>
<copyright>(c) Reuters Limited 1997</copyright>
<metadata>
<codes class="bip:countries:1.0">
  <code code="ROM">
    <editdetail attribution="Reuters BIP Coding Group" action="confirmed" date="1997-03-27"/>
  </code>
</codes>
<codes class="bip:topics:1.0">
  <code code="GCAT">
    <editdetail attribution="Reuters BIP Coding Group" action="confirmed" date="1997-03-27"/>
  </code>
  <code code="GCRIM">
    <editdetail attribution="Reuters BIP Coding Group" action="confirmed" date="1997-03-27"/>
  </code>
  <code code="GPRO">
    <editdetail attribution="Reuters BIP Coding Group" action="confirmed" date="1997-03-27"/>
  </code>
  <code code="GVIO">
    <editdetail attribution="Reuters BIP Coding Group" action="confirmed" date="1997-03-27"/>
  </code>
</codes>
<dc element="dc.date.created" value="1997-03-27"/>
<dc element="dc.publisher" value="Reuters Holdings Plc"/>
<dc element="dc.date.published" value="1997-03-27"/>
<dc element="dc.source" value="Reuters"/>
<dc element="dc.creator.location" value="BUCHAREST"/>
<dc element="dc.creator.location.country.name" value="ROMANIA"/>
<dc element="dc.source" value="Reuters"/>
</metadata>
</newsitem>
