<?xml version="1.0" encoding="iso-8859-1" ?>
<newsitem itemid="471681" id="root" date="1997-03-27" xml:lang="en">
<title>HUNGARY: Hungary five-yr govt bond yield rises to 15.85 pct.</title>
<headline>Hungary five-yr govt bond yield rises to 15.85 pct.</headline>
<dateline>BUDAPEST 1997-03-27</dateline>
<text>
<p>The average annual yield on Hungary's five-year government bonds was set by auction at 15.85 percent, up from 15.66 percent at an auction on February 27, the Government Debt Management Agency said on Thursday.</p>
<p>BONDS OF THE 2001/C SERIES</p>
<p>    Date of issue		 3 February 1997</p>
<p>    Date of maturity	   12 December 2001</p>
<p>    Total on offer	     5,000 million forints</p>
<p>    Total bids received     11,740 million forints</p>
<p>    Total allocated	    5,000 million forints</p>
<p>    Total issued		 5,000 million forints</p>
<p>    Average annual yield	  15.85 pct</p>
<p>    Average price		   99.11 pct</p>
<p>NOTE: The bond bears a fixed interest rate of 15.00 percent, payable semi-anually starting from June 12, 1997.</p>
<p>-- Budapest newsroom +36 1 327 4040</p>
</text>
<copyright>(c) Reuters Limited 1997</copyright>
<metadata>
<codes class="bip:countries:1.0">
  <code code="HUNG">
    <editdetail attribution="Reuters BIP Coding Group" action="confirmed" date="1997-03-27"/>
  </code>
</codes>
<codes class="bip:topics:1.0">
  <code code="E21">
    <editdetail attribution="Reuters BIP Coding Group" action="confirmed" date="1997-03-27"/>
  </code>
  <code code="E212">
    <editdetail attribution="Reuters BIP Coding Group" action="confirmed" date="1997-03-27"/>
  </code>
  <code code="ECAT">
    <editdetail attribution="Reuters BIP Coding Group" action="confirmed" date="1997-03-27"/>
  </code>
  <code code="M12">
    <editdetail attribution="Reuters BIP Coding Group" action="confirmed" date="1997-03-27"/>
  </code>
  <code code="MCAT">
    <editdetail attribution="Reuters BIP Coding Group" action="confirmed" date="1997-03-27"/>
  </code>
</codes>
<dc element="dc.date.created" value="1997-03-27"/>
<dc element="dc.publisher" value="Reuters Holdings Plc"/>
<dc element="dc.date.published" value="1997-03-27"/>
<dc element="dc.source" value="Reuters"/>
<dc element="dc.creator.location" value="BUDAPEST"/>
<dc element="dc.creator.location.country.name" value="HUNGARY"/>
<dc element="dc.source" value="Reuters"/>
</metadata>
</newsitem>
