<?xml version="1.0" encoding="iso-8859-1" ?>
<newsitem itemid="471639" id="root" date="1997-03-27" xml:lang="en">
<title>BOSNIA: Izetbegovic raised war crimes issue in U.S. visit.</title>
<headline>Izetbegovic raised war crimes issue in U.S. visit.</headline>
<dateline>SARAJEVO 1997-03-27</dateline>
<text>
<p>The chairman of Bosnia's collective presidency, Alija Izetbegovic, said on Thursday U.S. officials gave him no specific promises to arrest war crimes suspects still at large in former Yugoslavia.</p>
<p>Izetbegovic told Bosnian state television after returning from a visit to Washington that the United States was examining its options on the war crimes issue.</p>
<p>&quot;No one (in Washington) would reveal exactly what they would do. But I think I am not wrong to say that something will be done,&quot; Izetbegovic said.</p>
<p>&quot;They assured me that they are considering possible options,&quot; he said, without elaborating.</p>
<p>Izetbegovic, the Moslem member of the three-man presidency, said he told U.S. officials that failure to arrest suspects indicted by the International Criminal Tribunal for former Yugoslavia was undermining efforts at building a lasting peace.</p>
<p>&quot;I only said that if you had caught war criminals last year we would have had a completely different situation,&quot; he said.</p>
<p>If the suspects had been arrested, Izetbegovic said there would have been no need to extend the mandate for the expensive NATO-led Stabilisation Force (SFOR) to keep the peace in Bosnia.</p>
<p>SFOR, which succeeded a one-year NATO-led deployment, has an 18-month mission which expires in mid-1998. Some 8,000 American troops are serving in the multinational force.</p>
<p>Former Bosnian Serb president Radovan Karadzic and army commander Ratko Mladic are the two most prominent suspects who have refused to face charges before the U.N. tribunal in the Hague.</p>
<p>Karadzic, who was forced to step down as Bosnian Serb president under internationl pressure, has sought to retain his political influence and encouraged the obstruction of the Dayton peace agreement, diplomats say.</p>
<p>Izetbegovic and human rights workers say prosecuting war crimes suspects is vital to building reconciliation between Bosnia's Serbs, Moslems and Croats.</p>
<p>But NATO, reluctant to provoke a local backlash or risk possible casualties, has ruled out launching any &quot;manhunts&quot; for indicted war criminals.</p>
<p>U.S. officials have sometimes spoken of forming a special international force to nab suspects but no details have emerged. Military analysts have dismissed the suggestion as mere political posturing.</p>
</text>
<copyright>(c) Reuters Limited 1997</copyright>
<metadata>
<codes class="bip:countries:1.0">
  <code code="BSHZG">
    <editdetail attribution="Reuters BIP Coding Group" action="confirmed" date="1997-03-27"/>
  </code>
  <code code="USA">
    <editdetail attribution="Reuters BIP Coding Group" action="confirmed" date="1997-03-27"/>
  </code>
  <code code="YUG">
    <editdetail attribution="Reuters BIP Coding Group" action="confirmed" date="1997-03-27"/>
  </code>
</codes>
<codes class="bip:topics:1.0">
  <code code="GCAT">
    <editdetail attribution="Reuters BIP Coding Group" action="confirmed" date="1997-03-27"/>
  </code>
  <code code="GCRIM">
    <editdetail attribution="Reuters BIP Coding Group" action="confirmed" date="1997-03-27"/>
  </code>
  <code code="GVIO">
    <editdetail attribution="Reuters BIP Coding Group" action="confirmed" date="1997-03-27"/>
  </code>
</codes>
<dc element="dc.date.created" value="1997-03-27"/>
<dc element="dc.publisher" value="Reuters Holdings Plc"/>
<dc element="dc.date.published" value="1997-03-27"/>
<dc element="dc.source" value="Reuters"/>
<dc element="dc.creator.location" value="SARAJEVO"/>
<dc element="dc.creator.location.country.name" value="BOSNIA"/>
<dc element="dc.source" value="Reuters"/>
</metadata>
</newsitem>
