<?xml version="1.0" encoding="iso-8859-1" ?>
<newsitem itemid="471600" id="root" date="1997-03-27" xml:lang="en">
<title>SOUTH AFRICA: S.Africa money mkt shortage dips below 10 bln rand.</title>
<headline>S.Africa money mkt shortage dips below 10 bln rand.</headline>
<dateline>JOHANNESBURG 1997-03-27</dateline>
<text>
<p>South Africa's money market shortage dipped below the 10 billion rand level on Wednesday, falling to 9.850 billion rand from 10.295 billion rand on Tuesday, the Reserve Bank said.</p>
<p>-- Johannesburg newsroom, +27 11 482-1003</p>
</text>
<copyright>(c) Reuters Limited 1997</copyright>
<metadata>
<codes class="bip:countries:1.0">
  <code code="SAFR">
    <editdetail attribution="Reuters BIP Coding Group" action="confirmed" date="1997-03-27"/>
  </code>
</codes>
<codes class="bip:topics:1.0">
  <code code="M13">
    <editdetail attribution="Reuters BIP Coding Group" action="confirmed" date="1997-03-27"/>
  </code>
  <code code="M131">
    <editdetail attribution="Reuters BIP Coding Group" action="confirmed" date="1997-03-27"/>
  </code>
  <code code="MCAT">
    <editdetail attribution="Reuters BIP Coding Group" action="confirmed" date="1997-03-27"/>
  </code>
</codes>
<dc element="dc.date.created" value="1997-03-27"/>
<dc element="dc.publisher" value="Reuters Holdings Plc"/>
<dc element="dc.date.published" value="1997-03-27"/>
<dc element="dc.source" value="Reuters"/>
<dc element="dc.creator.location" value="JOHANNESBURG"/>
<dc element="dc.creator.location.country.name" value="SOUTH AFRICA"/>
<dc element="dc.source" value="Reuters"/>
</metadata>
</newsitem>
