<?xml version="1.0" encoding="iso-8859-1" ?>
<newsitem itemid="471606" id="root" date="1997-03-27" xml:lang="en">
<title>SOUTH AFRICA: Log-Tek cautions it in fresh talks.</title>
<headline>Log-Tek cautions it in fresh talks.</headline>
<dateline>JOHANNESBURG 1997-03-27</dateline>
<text>
<p>Log-Tek Holdings Ltd said on Thursday that it was involved in negotiations which if successful could impact on the group's shares.</p>
<p>It advised shareholders to exercise caution in their sharedealings until a further announcement was made.</p>
<p>It said the talks were unrelated to earlier negotiations with black empowerment group Phila Investments Ltd.</p>
<p>-- Johannesburg newsroom 27 11 482 1003</p>
</text>
<copyright>(c) Reuters Limited 1997</copyright>
<metadata>
<codes class="bip:countries:1.0">
  <code code="SAFR">
    <editdetail attribution="Reuters BIP Coding Group" action="confirmed" date="1997-03-27"/>
  </code>
</codes>
<codes class="bip:industries:1.0">
  <code code="I83100">
    <editdetail attribution="Reuters BIP Coding Group" action="confirmed" date="1997-03-27"/>
  </code>
</codes>
<codes class="bip:topics:1.0">
  <code code="C15">
    <editdetail attribution="Reuters BIP Coding Group" action="confirmed" date="1997-03-27"/>
  </code>
  <code code="C152">
    <editdetail attribution="Reuters BIP Coding Group" action="confirmed" date="1997-03-27"/>
  </code>
  <code code="CCAT">
    <editdetail attribution="Reuters BIP Coding Group" action="confirmed" date="1997-03-27"/>
  </code>
</codes>
<dc element="dc.date.created" value="1997-03-27"/>
<dc element="dc.publisher" value="Reuters Holdings Plc"/>
<dc element="dc.date.published" value="1997-03-27"/>
<dc element="dc.source" value="Reuters"/>
<dc element="dc.creator.location" value="JOHANNESBURG"/>
<dc element="dc.creator.location.country.name" value="SOUTH AFRICA"/>
<dc element="dc.source" value="Reuters"/>
</metadata>
</newsitem>
