<?xml version="1.0" encoding="iso-8859-1" ?>
<newsitem itemid="471655" id="root" date="1997-03-27" xml:lang="en">
<title>RUSSIA: Russian protesters raise red flags, not glasses.</title>
<headline>Russian protesters raise red flags, not glasses.</headline>
<byline>Adam Tanner</byline>
<dateline>KRASNODAR, Russia 1997-03-27</dateline>
<text>
<p>Russia's day of protests on Thursday gave thousands of people in the heart of this pro-communist region a reason to raise their old red flags -- but no chance to buy a bottle of vodka.</p>
<p>Local authorities said about 90,000 people went on strike for a few hours or took part in marches in the Krasnodar region, part of the communist-dominated Red Belt, to protest against the government's economic policy and delays in payment of wages and pensions.</p>
<p>In the regional capital Krasnodar, the protest recalled Soviet-style May Day parades. Many in the elderly crowd appeared to be veterans of communist celebrations.</p>
<p>Thousands paraded with signs and flags adorned with the hammer and sickle. Others used the opportunity to go roller-skating, stroll with the dog or otherwise enjoy a sunny day on the central street closed to cars.</p>
<p>To assure an orderly crowd, pro-Communist governor Nikolai Kondratenko banned all alcohol sales for the day.</p>
<p>&quot;If desperate people drink alcohol, misfortunes occur,&quot; he said.</p>
<p>The decree meant alcohol stores and many street kiosks closed shop, but factories where wages often fall behind schedule continued to work with only very limited disruptions.</p>
<p>But Kondratenko, who said his own wages were about two months behind schedule, gave the event one boost by ordering enterprises to let their people march.</p>
<p>&quot;I agree with these people that we must change the course of reform but I cannot call people to the streets. It's alarming to me, a source of concern,&quot; he told Reuters on Thursday.</p>
<p>&quot;Attention comrades,&quot; loadspeakers blared as crowds gathered in the early afternoon and a marching band played upbeat music.</p>
<p>Banners were more dire, declaring: &quot;Don't let children die&quot;, &quot;Protect the Textile Industry&quot; and &quot;The great Russia has been reduced to poverty!&quot;</p>
<p>Others tried a wry approach, criticising Deputy Prime Minister Anatoly Chubais, father of Russia's privatisation program. &quot;I'd swap a Chubais for a sausage,&quot; read one sign.</p>
<p>In a region which initially voted overwhelmingly for the communist presidential candidate in 1996, the turnout was lower than unions had hoped. This reflected a nationwide trend.</p>
<p>&quot;Public apathy is very high. People don't believe this will lead to anything,&quot; said Yuri Zaleski, a taxi driver.</p>
<p>Union officials had hoped to attract 25,000 people, or about five percent of the city population, and said even more showed up. But the regional government said 12,000 had turned out, and others said the numbers were closer to 6,000.</p>
<p>Deputy governor Nikolai Kharchenko said the low turnout in Krasnodar was the result of the spring sowing season.</p>
<p>&quot;We have a saying -- if you don't plant on time, you don't put food on the table,&quot; he said.</p>
<p>Many protesters were studies in Russian resourcefulness.</p>
<p>&quot;I haven't been paid my salary of 330,000 roubles in three months,&quot; said Pyotr Berezin, a biologist who inspects fish processing plants. &quot;For three months my wife and I have lived off the pensions of my parents and in-laws.&quot;</p>
<p>Oleg Shenyak, 30, a nurse whose salary of about the same amount comes about a month late, said he lives with his wife in a small room outside the city. Their daughter lives with her grandmother because they do not have enough room for her.</p>
</text>
<copyright>(c) Reuters Limited 1997</copyright>
<metadata>
<codes class="bip:countries:1.0">
  <code code="RUSS">
    <editdetail attribution="Reuters BIP Coding Group" action="confirmed" date="1997-03-27"/>
  </code>
</codes>
<codes class="bip:topics:1.0">
  <code code="GCAT">
    <editdetail attribution="Reuters BIP Coding Group" action="confirmed" date="1997-03-27"/>
  </code>
  <code code="GVIO">
    <editdetail attribution="Reuters BIP Coding Group" action="confirmed" date="1997-03-27"/>
  </code>
</codes>
<dc element="dc.date.created" value="1997-03-27"/>
<dc element="dc.publisher" value="Reuters Holdings Plc"/>
<dc element="dc.date.published" value="1997-03-27"/>
<dc element="dc.source" value="Reuters"/>
<dc element="dc.creator.location" value="KRASNODAR, Russia"/>
<dc element="dc.creator.location.country.name" value="RUSSIA"/>
<dc element="dc.source" value="Reuters"/>
</metadata>
</newsitem>
