<?xml version="1.0" encoding="iso-8859-1" ?>
<newsitem itemid="471666" id="root" date="1997-03-27" xml:lang="en">
<title>LITHUANIA: Lithuanian shares creep up in light trade.</title>
<headline>Lithuanian shares creep up in light trade.</headline>
<dateline>VILNIUS 1997-03-27</dateline>
<text>
<p>Lithuanian shares crept up on Thursday but trade remained light as investors waited for the results from a spate of shareholders' meetings, dealers said.</p>
<p>&quot;Things are going to stay quiet until next week, when investors digest the results of the meetings,&quot; one dealer said.</p>
<p>The Litin A index climbed 16.23 points to 2,638.14 and the Litin G index rose 0.38 points to 2,290.20.</p>
<p>Overall central market turnover was just under one million litas.</p>
<p>Big gainers included the Lithuania Sea Shipping Company, which regained ground lost on Wednesday, rising to 8.90 litas from 8.23 litas in trade of over 99,000 litas.</p>
<p>Oil refinery Maizeikiu Nafta also rose, advancing to 12.01 litas from 11.11 litas in trade worth 52,600 litas.</p>
<p>The company, which is 90 percent state-owned, said on Wednesday that it planned to implement a $100 million reconstruction plan in the second half of this year.</p>
<p>It also reported that its 1996 losses were 17.9 million litas versus 32.9 million litas the previous year.</p>
<p>Dealers said that Mazeikiu's investors were looking at the long-term prospects for the company and its share price.</p>
<p>Lithuania Gas edged down to 2.30 litas from 2.32 litas in trade of 120,000 litas.</p>
<p>Block trades reached over 500,000 litas and volume on the secondary T-bill market picked up, turning over almost five million litas.</p>
<p>--Ed Stoddard, Vilnius newsroom +370 2 22 35 17</p>
</text>
<copyright>(c) Reuters Limited 1997</copyright>
<metadata>
<codes class="bip:countries:1.0">
  <code code="LITH">
    <editdetail attribution="Reuters BIP Coding Group" action="confirmed" date="1997-03-27"/>
  </code>
</codes>
<codes class="bip:topics:1.0">
  <code code="M11">
    <editdetail attribution="Reuters BIP Coding Group" action="confirmed" date="1997-03-27"/>
  </code>
  <code code="MCAT">
    <editdetail attribution="Reuters BIP Coding Group" action="confirmed" date="1997-03-27"/>
  </code>
</codes>
<dc element="dc.date.created" value="1997-03-27"/>
<dc element="dc.publisher" value="Reuters Holdings Plc"/>
<dc element="dc.date.published" value="1997-03-27"/>
<dc element="dc.source" value="Reuters"/>
<dc element="dc.creator.location" value="VILNIUS"/>
<dc element="dc.creator.location.country.name" value="LITHUANIA"/>
<dc element="dc.source" value="Reuters"/>
</metadata>
</newsitem>
