<?xml version="1.0" encoding="iso-8859-1" ?>
<newsitem itemid="471679" id="root" date="1997-03-27" xml:lang="en">
<title>ROMANIA: Romania c.bank cuts refinancing offer, rate.</title>
<headline>Romania c.bank cuts refinancing offer, rate.</headline>
<dateline>BUCHAREST 1997-03-27</dateline>
<text>
<p>Romania's central bank (BNR) said on Thursday it had reduced the one-week refinancing funds on offer to 300 billion lei from 500 billion.</p>
<p>It also said it had also cut the minimum permitted rate to 205 percent from 220 percent last week.</p>
<p>Traders said short-term rates, which traded near 215/18 percent on a fairly liquid money market, might start to edge down next week.</p>
<p>-- Bucharest Newsroom 40-1 3120264</p>
</text>
<copyright>(c) Reuters Limited 1997</copyright>
<metadata>
<codes class="bip:countries:1.0">
  <code code="ROM">
    <editdetail attribution="Reuters BIP Coding Group" action="confirmed" date="1997-03-27"/>
  </code>
</codes>
<codes class="bip:topics:1.0">
  <code code="E12">
    <editdetail attribution="Reuters BIP Coding Group" action="confirmed" date="1997-03-27"/>
  </code>
  <code code="ECAT">
    <editdetail attribution="Reuters BIP Coding Group" action="confirmed" date="1997-03-27"/>
  </code>
  <code code="M13">
    <editdetail attribution="Reuters BIP Coding Group" action="confirmed" date="1997-03-27"/>
  </code>
  <code code="M131">
    <editdetail attribution="Reuters BIP Coding Group" action="confirmed" date="1997-03-27"/>
  </code>
  <code code="MCAT">
    <editdetail attribution="Reuters BIP Coding Group" action="confirmed" date="1997-03-27"/>
  </code>
</codes>
<dc element="dc.date.created" value="1997-03-27"/>
<dc element="dc.publisher" value="Reuters Holdings Plc"/>
<dc element="dc.date.published" value="1997-03-27"/>
<dc element="dc.source" value="Reuters"/>
<dc element="dc.creator.location" value="BUCHAREST"/>
<dc element="dc.creator.location.country.name" value="ROMANIA"/>
<dc element="dc.source" value="Reuters"/>
</metadata>
</newsitem>
