<?xml version="1.0" encoding="iso-8859-1" ?>
<newsitem itemid="471619" id="root" date="1997-03-27" xml:lang="en">
<title>ALBANIA: Albanian boy in critical condition after attack.</title>
<headline>Albanian boy in critical condition after attack.</headline>
<dateline>TIRANA 1997-03-27</dateline>
<text>
<p>A six-year-old Albanian boy was on a life support system in hospital with a bullet in his brain on Thursday after gunmen sprayed a bus with gunfire near the capital, a doctor at the hospital said.</p>
<p>Hospital sources said earlier the boy, wounded in an attack on Wednesday, had died. One person was killed instantly in the attack and seven, including the boy, were wounded.</p>
<p>&quot;He is being kept alive with life support systems. He has a bullet lodged in his brain. It is no longer up to medicine, it is up to God,&quot; a doctor in the intensive care unit said.</p>
<p>The gunmen fled and the motive for the attack is unknown.</p>
</text>
<copyright>(c) Reuters Limited 1997</copyright>
<metadata>
<codes class="bip:countries:1.0">
  <code code="ALB">
    <editdetail attribution="Reuters BIP Coding Group" action="confirmed" date="1997-03-27"/>
  </code>
</codes>
<codes class="bip:topics:1.0">
  <code code="GCAT">
    <editdetail attribution="Reuters BIP Coding Group" action="confirmed" date="1997-03-27"/>
  </code>
  <code code="GVIO">
    <editdetail attribution="Reuters BIP Coding Group" action="confirmed" date="1997-03-27"/>
  </code>
</codes>
<dc element="dc.date.created" value="1997-03-27"/>
<dc element="dc.publisher" value="Reuters Holdings Plc"/>
<dc element="dc.date.published" value="1997-03-27"/>
<dc element="dc.source" value="Reuters"/>
<dc element="dc.creator.location" value="TIRANA"/>
<dc element="dc.creator.location.country.name" value="ALBANIA"/>
<dc element="dc.source" value="Reuters"/>
</metadata>
</newsitem>
