<?xml version="1.0" encoding="iso-8859-1" ?>
<newsitem itemid="471617" id="root" date="1997-03-27" xml:lang="en">
<title>CZECH REPUBLIC: FOCUS-Senior economist tells Czechs to let crown be.</title>
<headline>FOCUS-Senior economist tells Czechs to let crown be.</headline>
<byline>John Mastrini</byline>
<dateline>PRAGUE 1997-03-27</dateline>
<text>
<p>The Czech central bank should not prop up the crown even if it fell to the low end of its fluctuation band, a leading Czech economist said on Thursday.</p>
<p>Without central bank intervention the market could force the crown as low as 20 percent below parity with its mark/dollar basket, Jan Svejnar, director of the Economics Institute at the Czech Academy of Sciences, said in an interview.</p>
<p>This would give natural support to troubled Czech exports, he added.</p>
<p>Svejnar said he was not advising an official devaluation of the currency, but calling for the central bank to allow a market-driven depreciation in line with the existing macroeconomic situation.</p>
<p>&quot;I'm not saying that the central bank should go and devalue (but)...should be ready to let the currency depreciate,&quot; said Svejnar, who is also a professor at the University of Michigan.</p>
<p>The central bank and Czech government have repeatedly ruled out a devaluation to boost exports, and the Czech National Bank agreed in its meeting on Thursday not to change its current policies.</p>
<p>The central bank fixes the crown daily against a mark/dollar basket but allows it to fluctuate on the market within a corridor of plus or minus 7.5 percent of its basket parity.</p>
<p>The CNB widened the band in February 1996 from plus/minus 0.5 percent and since then has virtually matched the market rate each day. The crown was fixed at the equivalent of 1.39 percent on Thursday.</p>
<p>With the country's current account deficit exceeding eight percent of gross domestic product, the crown fell last week to a nine-month low after hitting record levels of 5.51 percent above basket parity in early February.</p>
<p>Investors have moved into crown paper to take advantage of real interest rate differentials with major currencies.</p>
<p>&quot;What I am more worried about is... sooner or later (the trade balance) will become untenable,&quot; said Svejnar, adding that foreign capital would then flee the country.</p>
<p>He said that with the central bank foreign exchange reserves covering just about five months of average imports, central bank intervention to prop up the crown would be futile.</p>
<p>Czechs &quot;should take a lesson&quot; from the 1992 crash of the British pound when the Bank of England made a fruitless attempt to defend its currency against speculators, who ultimately forced the pound from the European exchange rate mechanism, he said.</p>
<p>&quot;Essentially, (the Bank of England) lost a significant part of its reserves and had to devalue the pound or let the pound devalue anyway,&quot; Svejnar said.</p>
</text>
<copyright>(c) Reuters Limited 1997</copyright>
<metadata>
<codes class="bip:countries:1.0">
  <code code="CZREP">
    <editdetail attribution="Reuters BIP Coding Group" action="confirmed" date="1997-03-27"/>
  </code>
</codes>
<codes class="bip:topics:1.0">
  <code code="E12">
    <editdetail attribution="Reuters BIP Coding Group" action="confirmed" date="1997-03-27"/>
  </code>
  <code code="ECAT">
    <editdetail attribution="Reuters BIP Coding Group" action="confirmed" date="1997-03-27"/>
  </code>
  <code code="M13">
    <editdetail attribution="Reuters BIP Coding Group" action="confirmed" date="1997-03-27"/>
  </code>
  <code code="M132">
    <editdetail attribution="Reuters BIP Coding Group" action="confirmed" date="1997-03-27"/>
  </code>
  <code code="MCAT">
    <editdetail attribution="Reuters BIP Coding Group" action="confirmed" date="1997-03-27"/>
  </code>
</codes>
<dc element="dc.date.created" value="1997-03-27"/>
<dc element="dc.publisher" value="Reuters Holdings Plc"/>
<dc element="dc.date.published" value="1997-03-27"/>
<dc element="dc.source" value="Reuters"/>
<dc element="dc.creator.location" value="PRAGUE"/>
<dc element="dc.creator.location.country.name" value="CZECH REPUBLIC"/>
<dc element="dc.source" value="Reuters"/>
</metadata>
</newsitem>
