<?xml version="1.0" encoding="iso-8859-1" ?>
<newsitem itemid="471663" id="root" date="1997-03-27" xml:lang="en">
<title>CZECH REPUBLIC: CZECH SHARES EXTEND REBOUND INTO SECOND SESSION.</title>
<headline>CZECH SHARES EXTEND REBOUND INTO SECOND SESSION.</headline>
<dateline>PRAGUE 1997-03-27</dateline>
<text>
<p>A late session push by Czech blue chips extended the Prague Stock Exchange's upturn for a second consecutive day on Thursday, despite disappointing 1996 results from the bourse's two most-capitalised banks.</p>
<p>After edging up slightly at the PSE's daily fixing, electrical utility CEZ and petrochemical concern Chemopetrol both posted late gains to boost the PX50 index 2.4 points, or 0.43 percent, to 558.3.</p>
<p>Overall, 188 issues rose on the day, while 192 fell and 164 held steady. Trading was heavy with a total of 2.5 million shares changing hands on turnover of 1.44 billion crowns.</p>
<p>Chemopetrol closed up 40 crowns at 1,380 after its shareholders agreed to a 10 crown per share net dividend for 1996, while CEZ rose 18 crowns to 1,060 on minor volume.</p>
<p>But the day's biggest news focused on the results release of the country's two biggest banks -- Komercni Banka and Ceska Sporitelna.</p>
<p>Both saw 1996 profits rise, but analysts said they were disappointed in the final numbers.</p>
<p>&quot;I'm a little disappointed by the results, especially at Komercni,&quot; Martin Nejedly, a banking analyst at Wood and Company told Reuters.</p>
<p>Komercni Banka, the largest commercial bank, said its audited 1996 net profit edged up to 5.24 billion crowns, calculated according to international accounting standards, from 5.1 billion in 1995.</p>
<p>Ceska Sporitelna reported a full year net profit of 1.9 billion crowns, after 263 million the previous year when provisioning for risky loans bit heavily into its bottom line.</p>
<p>While both banks said dividends would rise for 1996, neither reacted very strongly on the bourse floor.</p>
<p>Komercni closed up one crown at 2,450, and Sporitelna edged up two crowns to 309.</p>
<p>-- Prague Newsroom, 420-2-2423-0003</p>
</text>
<copyright>(c) Reuters Limited 1997</copyright>
<metadata>
<codes class="bip:countries:1.0">
  <code code="CZREP">
    <editdetail attribution="Reuters BIP Coding Group" action="confirmed" date="1997-03-27"/>
  </code>
</codes>
<codes class="bip:topics:1.0">
  <code code="M11">
    <editdetail attribution="Reuters BIP Coding Group" action="confirmed" date="1997-03-27"/>
  </code>
  <code code="MCAT">
    <editdetail attribution="Reuters BIP Coding Group" action="confirmed" date="1997-03-27"/>
  </code>
</codes>
<dc element="dc.date.created" value="1997-03-27"/>
<dc element="dc.publisher" value="Reuters Holdings Plc"/>
<dc element="dc.date.published" value="1997-03-27"/>
<dc element="dc.source" value="Reuters"/>
<dc element="dc.creator.location" value="PRAGUE"/>
<dc element="dc.creator.location.country.name" value="CZECH REPUBLIC"/>
<dc element="dc.source" value="Reuters"/>
</metadata>
</newsitem>
