<?xml version="1.0" encoding="iso-8859-1" ?>
<newsitem itemid="471640" id="root" date="1997-03-27" xml:lang="en">
<title>ALBANIA: 17 killed in Albanian shooting - agency.</title>
<headline>17 killed in Albanian shooting - agency.</headline>
<dateline>TIRANA 1997-03-27</dateline>
<text>
<p>Seventeen people died in a gun battle in a town in central Albania on Thursday, the most violent incident in two months of unrest in the country, the state Albanian news agency ATA said.</p>
<p>It said 16 armed people went to the village of Levan in central Albania and killed a local leader. Angry local people &quot;surrounded the group and killed them all. This is the event with the heaviest toll during the past two months in Albania,&quot; ATA said.  </p>
<p>It said the 16 gunmen were killed by local people &quot;now armed as many other people in Albania&quot; and indignant at the killing of the chairman of the council of elders of Levan.</p>
<p>It gave no reason for the shooting of the chairman. It did not name any of the dead nor say which political groups they belong to.</p>
<p>Much of southern Albania is ruled by armed rebels who blame Albanian President Sali Berisha for the collapse of popular savings schemes in January in which thousands of people in the former communist state lost their savings.</p>
<p>Berisha is to meet a delegation of European relief experts on Friday to discuss Albania's aid needs as well as a possible multinational force to ensure that humanitarian supplies get through.</p>
</text>
<copyright>(c) Reuters Limited 1997</copyright>
<metadata>
<codes class="bip:countries:1.0">
  <code code="ALB">
    <editdetail attribution="Reuters BIP Coding Group" action="confirmed" date="1997-03-27"/>
  </code>
</codes>
<codes class="bip:topics:1.0">
  <code code="GCAT">
    <editdetail attribution="Reuters BIP Coding Group" action="confirmed" date="1997-03-27"/>
  </code>
  <code code="GVIO">
    <editdetail attribution="Reuters BIP Coding Group" action="confirmed" date="1997-03-27"/>
  </code>
</codes>
<dc element="dc.date.created" value="1997-03-27"/>
<dc element="dc.publisher" value="Reuters Holdings Plc"/>
<dc element="dc.date.published" value="1997-03-27"/>
<dc element="dc.source" value="Reuters"/>
<dc element="dc.creator.location" value="TIRANA"/>
<dc element="dc.creator.location.country.name" value="ALBANIA"/>
<dc element="dc.source" value="Reuters"/>
</metadata>
</newsitem>
