<?xml version="1.0" encoding="iso-8859-1" ?>
<newsitem itemid="471610" id="root" date="1997-03-27" xml:lang="en">
<title>TOGO: Positions deadlocked as Zaire warring parties meet.</title>
<headline>Positions deadlocked as Zaire warring parties meet.</headline>
<byline>Nicholas Phythian</byline>
<dateline>LOME 1997-03-27</dateline>
<text>
<p>Organisation of African Unity (OAU) heads of state brought Zaire's warring parties together in the same room at a special summit in Togo and allowed each to have their say, delegates said.</p>
<p>Wednesday's summit, convened to try to help broker a peaceful end to Zaire's civil war, provided Laurent Kabila's rebels with their first formal international platform since they began fighting to topple veteran president Mobuto Sese Seko in October.</p>
<p>But with the rebels having the upper hand on the battlefield and their representatives at the summit repeatedly stressing that they were not in Togo to negotiate, any more significant breakthrough looked unlikely.</p>
<p>&quot;They were brought in. Both sides explained their position in front of everyone,&quot; one OAU source told Reuters.</p>
<p>But one senior African delegate even suggested that the fact the rebels were allowed to address Wednesday's closed session of the summit had angered the delegation from Zaire's central authorities, who listened under protest.</p>
<p>Ruanda had suggested that the rebel delagates be allowed to address the closed session but the delegation from Kinshasa had expected more informal contacts on the sidelines of the summit, he added.</p>
<p>International pressure for a ceasefire is mounting and U.N. secretary-general Kofi Annan added his voice at the meeting attended by 14 African presidents.</p>
<p>&quot;I urge the parties to move to the negotiating table,&quot; said Annan, who comes from neighbouring Ghana.</p>
<p>&quot;The fighting must stop and the dialogue must begin,&quot; he said.</p>
<p>In only five months the rebels have seized a quarter of the vast country Mobutu has ruled over like an absolute monarch since 1965.</p>
<p>Zaire's ragged army has collapsed in the field and the key cities of Lubumbashi and Mbuji-Mayi are in rebel sights. The two cities dominate Zaire's vast mineral wealth of copper, cobalt, diamonds and precious metals.</p>
<p>A rebel delegation could in future hold talks with envoys of Mobutu to prepare for a summit between Mobutu and Kabila, rebel justice commissioner Mwanze Kongolo said on Tuesday.</p>
<p>This drawn-out formula would allow Kabila's disciplined fighters to capture more territory, analysts noted.</p>
<p>Voice of the People, the rebel radio broadcasting from Goma, said both Lubumbashi and Mbuji-Mayi were &quot;within the grip&quot; of the rebel forces.</p>
<p>Expatriates in Lubumbashi with contacts nearest to the no man's land between the rebels and Zairean forces told Reuters that at the present slow advance, it would be at least 10 days before Kabila's forces reached the city.</p>
<p>Aid workers said Zairean troops still held at least the southern part of Lake Mweru, 300 km (180 miles) from the city.</p>
<p>More than 1,000 U.S., French and Belgian troops are massed in Congo, ready to evacuate Westerners from Zaire if necessary.</p>
<p>The rebels swiftly rejected an offer by Mobutu's party on Tuesday night to share power before elections.</p>
<p>&quot;There cannot be power-sharing between us and Mobutu's people. It is impossible,&quot; their information commissioner, Raphael Nghenda, said in rebel-held Kisangani.</p>
<p>The offer reinforced the sense that 66-year-old Mobutu, weakened by prostate cancer, needs a truce far more than Kabila does.</p>
<p>Speculation that Kabila might change his mind and fly to Togo dimmed when there was no sign of him late on Wednmesday.</p>
<p>Back in Zaire's capital Kinshasa, where popular support for Kabila is sizeable, squabbling politicians failed to agree a candidate to take over the vacant premiership.</p>
<p>Aides of veteran dissident Etienne Tshisekedi said their man was unanimously picked to become prime minister, subject to Mobutu's approval, but other opposition parties denied that.</p>
<p>Kabila's main African sympathisers, Uganda, Rwanda, Eritrea, Ethiopia and Angola, were all absent from Togo. But Rwanda's strongman, Paul Kagame, wished the rebels every success in an interview published on Wednesday.</p>
<p>&quot;It will not be very diplomatic to say this as Vice-President of a neighbouring country, but I don't like the current Zairean rulers,&quot; Kagame told Belgium's Humo.</p>
<p>&quot;Why doesn't the international community understand that a number of Zaireans want to free the country of a corrupt military regime?&quot; he asked.</p>
</text>
<copyright>(c) Reuters Limited 1997</copyright>
<metadata>
<codes class="bip:countries:1.0">
  <code code="OAU">
    <editdetail attribution="Reuters BIP Coding Group" action="confirmed" date="1997-03-27"/>
  </code>
  <code code="ZAIRE">
    <editdetail attribution="Reuters BIP Coding Group" action="confirmed" date="1997-03-27"/>
  </code>
</codes>
<codes class="bip:topics:1.0">
  <code code="GCAT">
    <editdetail attribution="Reuters BIP Coding Group" action="confirmed" date="1997-03-27"/>
  </code>
  <code code="GDIP">
    <editdetail attribution="Reuters BIP Coding Group" action="confirmed" date="1997-03-27"/>
  </code>
  <code code="GPOL">
    <editdetail attribution="Reuters BIP Coding Group" action="confirmed" date="1997-03-27"/>
  </code>
  <code code="GVIO">
    <editdetail attribution="Reuters BIP Coding Group" action="confirmed" date="1997-03-27"/>
  </code>
</codes>
<dc element="dc.date.created" value="1997-03-27"/>
<dc element="dc.publisher" value="Reuters Holdings Plc"/>
<dc element="dc.date.published" value="1997-03-27"/>
<dc element="dc.source" value="Reuters"/>
<dc element="dc.creator.location" value="LOME"/>
<dc element="dc.creator.location.country.name" value="TOGO"/>
<dc element="dc.source" value="Reuters"/>
</metadata>
</newsitem>
