<?xml version="1.0" encoding="iso-8859-1" ?>
<newsitem itemid="471657" id="root" date="1997-03-27" xml:lang="en">
<title>POLAND: Polish Pioneer fund 96 profit soars to PLN 323 mln.</title>
<headline>Polish Pioneer fund 96 profit soars to PLN 323 mln.</headline>
<dateline>WARSAW 1997-03-27</dateline>
<text>
<p>The operating profit of the balanced Pioneer First Polish Trust Fund (PPFP), owned by Boston-based Pioneer Group, increased to 323 million zlotys last year from 120 million zloty in 1995, a fund official said.</p>
<p>Pawel Wilkowiecki from the Pioneer First Polish Trust Fund Company told Reuters on Thursday that some 70 percent of PPFP operational profit came from shares last year, while in 1995 debt instruments were much more profitable.</p>
<p>&quot;We had a 113.5 million zloty profit on shares we sold in 1996, while prices of shares we did not sell increased by 124.4 million, which means we gained 237.9 million from our share portfolio,&quot; said Wilkowiecki.</p>
<p>On Wednesday Pioneer said its balanced fund made an 85 million zloty gain though government treasuries and bonds last year. In 1995 Pioneer made 122 million zlotys from debt investment because yields on Polish treasuries were higher.</p>
<p>At the end of 1996 its PPFP fund invested 31.6 percent of its portfolio in shares and rights, 31.7 percent in government bonds, 35.9 percent in treasury bills, 0.4 percent in mass privatisation certificates and 0.4 percent in other instruments.</p>
<p>The value of the balanced fund's participation unit increased by 51 percent to 75.23 zlotys during 1996.</p>
<p>-- Warsaw Newsroom +48 22 653 9700</p>
</text>
<copyright>(c) Reuters Limited 1997</copyright>
<metadata>
<codes class="bip:countries:1.0">
  <code code="POL">
    <editdetail attribution="Reuters BIP Coding Group" action="confirmed" date="1997-03-27"/>
  </code>
</codes>
<codes class="bip:industries:1.0">
  <code code="I81502">
    <editdetail attribution="Reuters BIP Coding Group" action="confirmed" date="1997-03-27"/>
  </code>
  <code code="I8150206">
    <editdetail attribution="Reuters BIP Coding Group" action="confirmed" date="1997-03-27"/>
  </code>
</codes>
<codes class="bip:topics:1.0">
  <code code="C15">
    <editdetail attribution="Reuters BIP Coding Group" action="confirmed" date="1997-03-27"/>
  </code>
  <code code="C151">
    <editdetail attribution="Reuters BIP Coding Group" action="confirmed" date="1997-03-27"/>
  </code>
  <code code="C1511">
    <editdetail attribution="Reuters BIP Coding Group" action="confirmed" date="1997-03-27"/>
  </code>
  <code code="CCAT">
    <editdetail attribution="Reuters BIP Coding Group" action="confirmed" date="1997-03-27"/>
  </code>
</codes>
<dc element="dc.date.created" value="1997-03-27"/>
<dc element="dc.publisher" value="Reuters Holdings Plc"/>
<dc element="dc.date.published" value="1997-03-27"/>
<dc element="dc.source" value="Reuters"/>
<dc element="dc.creator.location" value="WARSAW"/>
<dc element="dc.creator.location.country.name" value="POLAND"/>
<dc element="dc.source" value="Reuters"/>
</metadata>
</newsitem>
