<?xml version="1.0" encoding="iso-8859-1" ?>
<newsitem itemid="471641" id="root" date="1997-03-27" xml:lang="en">
<title>BULGARIA: Germany's Kinkel pledges support for Bulgaria.</title>
<headline>Germany's Kinkel pledges support for Bulgaria.</headline>
<byline>Thalia Griffiths</byline>
<dateline>PLOVDIV, Bulgaria 1997-03-27</dateline>
<text>
<p>German Foreign Minister Klaus Kinkel visited Bulgaria on Thursday with a pledge of support for the new government and its efforts to revive the economy.</p>
<p>On a three-hour visit to Bulgaria's second city of Plovdiv, Kinkel assured his hosts of Germany's backing for their applications to join NATO and the European Union.</p>
<p>&quot;Bulgaria belongs to Europe. Bulgaria is welcome in the European Union as soon as possible,&quot; Kinkel said after talks with President Petar Stoyanov at a 19th century merchant's house in Plovdiv's old town.</p>
<p>Kinkel pledged German support at next month's donor meeting in Brussels of the G-24 industrialised countries, which will draw up a financing package to accompany an International Monetary Fund standby accord agreed in principle last week. He declined to give a figure.</p>
<p>Corruption and the failure of successive governments to implement reforms brought the economy to the brink of collapse. The IMF prescribed a tough fixed exchange rate regime as a last resort after previous programmes failed.</p>
<p>Kinkel warned that measures to rescue the economy were painful but inevitable. &quot;You will make it, it will be tough but the bitter medicine will ensure that you recover,&quot; he said.</p>
<p>Bulgaria has little hope of entering the EU or NATO in the first wave of eastern expansion, but both groups see it as a force for stability in the Balkans, and with an eye on Albania and Serbia are keen to keep it in their sphere of influence.</p>
<p>Kinkel said that countries which failed to make it into the first wave should not feel abandoned.</p>
<p>&quot;The door will stay open and we will find ways to give the feeling to those who don't make it that they are welcome and the way of course stays open,&quot; he told reporters.</p>
<p>Bulgaria has attracted a string of prominent visitors since a 30-day protest campaign fuelled by economic hardship toppled the Socialist government last month.</p>
<p>Bulgaria has an association accord with the EU, and one of the first decisions of the new interim cabinet was to make a clear statement of their desire to join NATO, an issue on which the Socialists had always been ambivalent for fear of upsetting their traditional allies in Moscow.</p>
<p>Kinkel signed a technical cooperation accord with Bulgaria, and delivered a private donation of medical supplies worth 40,000 marks to the regional hospital in Pazardzhik.</p>
<p>He arrived in Bulgaria from Turkey, where he assured the Ankara government that it had a place in Europe, but listed human rights problems, economic troubles, an armed Kurdish rebellion and quarrels with EU member Greece as serious obstacles to eventual Turkish membership in the EU.</p>
</text>
<copyright>(c) Reuters Limited 1997</copyright>
<metadata>
<codes class="bip:countries:1.0">
  <code code="BUL">
    <editdetail attribution="Reuters BIP Coding Group" action="confirmed" date="1997-03-27"/>
  </code>
  <code code="EEC">
    <editdetail attribution="Reuters BIP Coding Group" action="confirmed" date="1997-03-27"/>
  </code>
  <code code="GFR">
    <editdetail attribution="Reuters BIP Coding Group" action="confirmed" date="1997-03-27"/>
  </code>
  <code code="NATO">
    <editdetail attribution="Reuters BIP Coding Group" action="confirmed" date="1997-03-27"/>
  </code>
</codes>
<codes class="bip:topics:1.0">
  <code code="G15">
    <editdetail attribution="Reuters BIP Coding Group" action="confirmed" date="1997-03-27"/>
  </code>
  <code code="G158">
    <editdetail attribution="Reuters BIP Coding Group" action="confirmed" date="1997-03-27"/>
  </code>
  <code code="GCAT">
    <editdetail attribution="Reuters BIP Coding Group" action="confirmed" date="1997-03-27"/>
  </code>
</codes>
<dc element="dc.date.created" value="1997-03-27"/>
<dc element="dc.publisher" value="Reuters Holdings Plc"/>
<dc element="dc.date.published" value="1997-03-27"/>
<dc element="dc.source" value="Reuters"/>
<dc element="dc.creator.location" value="PLOVDIV, Bulgaria"/>
<dc element="dc.creator.location.country.name" value="BULGARIA"/>
<dc element="dc.source" value="Reuters"/>
</metadata>
</newsitem>
