<?xml version="1.0" encoding="iso-8859-1" ?>
<newsitem itemid="471649" id="root" date="1997-03-27" xml:lang="en">
<title>CZECH REPUBLIC: Czech fund IKS PLUS posts 1996 net loss.</title>
<headline>Czech fund IKS PLUS posts 1996 net loss.</headline>
<dateline>PRAGUE 1997-03-27</dateline>
<text>
<p>Czech closed-end mutual fund PF IKS KB PLUS, managed by the investment arm of Komercni Banka a.s., said on Thursday it recorded a 525 million crown audited loss last year, after a 102 million net profit in 1995.</p>
<p> Net result			525.03 loss  vs    102.24 profit</p>
<p>Result from financial</p>
<p> operations			458.92 loss  vs    148.82 profit</p>
<p> Operating result		 55.10 loss  vs     45.58 profit</p>
<p> Total assets		  1,895.91	 vs  1,570.07</p>
<p>Note. Results are for year ending December 31, 1995. All figures are in millions of crowns. The fund's units are traded on the main market of the Prague Stock Exchange. The fund has said the loss was created by an accounting operation bringing the portfolio book value of shares to real levels from nominal prices.</p>
<p>-- Prague Newsroom, 420-2-2423-0003</p>
</text>
<copyright>(c) Reuters Limited 1997</copyright>
<metadata>
<codes class="bip:countries:1.0">
  <code code="CZREP">
    <editdetail attribution="Reuters BIP Coding Group" action="confirmed" date="1997-03-27"/>
  </code>
</codes>
<codes class="bip:industries:1.0">
  <code code="I81502">
    <editdetail attribution="Reuters BIP Coding Group" action="confirmed" date="1997-03-27"/>
  </code>
</codes>
<codes class="bip:topics:1.0">
  <code code="C15">
    <editdetail attribution="Reuters BIP Coding Group" action="confirmed" date="1997-03-27"/>
  </code>
  <code code="C151">
    <editdetail attribution="Reuters BIP Coding Group" action="confirmed" date="1997-03-27"/>
  </code>
  <code code="C1511">
    <editdetail attribution="Reuters BIP Coding Group" action="confirmed" date="1997-03-27"/>
  </code>
  <code code="CCAT">
    <editdetail attribution="Reuters BIP Coding Group" action="confirmed" date="1997-03-27"/>
  </code>
</codes>
<dc element="dc.date.created" value="1997-03-27"/>
<dc element="dc.publisher" value="Reuters Holdings Plc"/>
<dc element="dc.date.published" value="1997-03-27"/>
<dc element="dc.source" value="Reuters"/>
<dc element="dc.creator.location" value="PRAGUE"/>
<dc element="dc.creator.location.country.name" value="CZECH REPUBLIC"/>
<dc element="dc.source" value="Reuters"/>
</metadata>
</newsitem>
