<?xml version="1.0" encoding="iso-8859-1" ?>
<newsitem itemid="471698" id="root" date="1997-03-27" xml:lang="en">
<title>CROATIA: Croatian stocks stagnate, no changes foreseen.</title>
<headline>Croatian stocks stagnate, no changes foreseen.</headline>
<dateline>ZAGREB 1997-03-27</dateline>
<text>
<p>Croatian stocks were steady to lower in shrinking pre-Easter trade on Thursday and traders foresaw no major boosts on the market until mid-April.</p>
<p>&quot;This downward period will continue for some time and trading is not likely to seriously pick up before the middle of April,&quot; said Igor Kos of Taurus brokerage.</p>
<p>Thursday's turnover shrank to 1.9 million kuna from almost 5 million on Wednesday and volume halved to 3,724 units.</p>
<p>Kos ascribed the lull in trading to the approaching Easter holidays and to investors holding back while waiting for the publication of business results of bluechips Zagrebacka Banka and drugs firm Pliva, due next month.</p>
<p>&quot;All the stocks are still looking up to Zagrebacka and reflecting its trends. Market participants are looking for a new hot stock but haven't found it yet,&quot; he said.</p>
<p>Of 11 issues active on Thursday five fell, three were flat and three rose.</p>
<p>Zagrebacka was among the gainers, inching up 0.1 kuna to 1,850.1 on modest volume of 158 shares. Pliva traded flat at 450 kuna, selling 524 shares.</p>
<p>Pliva is fully listed at London Stock exchange and Zagrebacka's GDRs trade on Seaq international.</p>
<p>Zagrebacka's E-series preference stock was also among gainers, rising 20 kuna to 1,000 with 241 shares sold.</p>
<p>Investors were partly put off because of speculations about possible effects the voucher privatisation scheme may have on their investments, Kos said.</p>
<p>The authorities recently published a list of assets in over 800 companies to be distributed in exchange for vouchers to refugees and war victims, who, investors fear, may sell them off for pittances.</p>
<p>Kos singled out food processor Podravka and hotelier Laguna Porec as stocks which trade well and are relatively unaffected by price changes of the blue chips.</p>
<p>Podravka was Thursday's most actively traded stock and held its ground at 295 kuna on volume of 1,567 shares.</p>
<p>Laguna lost 2 kuna to 1,443, selling 323 units.</p>
<p>Another hotelier, Suncani Hvar, was the biggest decliner, losing 3 kuna to 60 on volume of 115 shares.</p>
<p>Chocolate maker Kras, long expected to become the next best-selling issue, lost seven kuna to 430, selling only 15 units.</p>
<p>&quot;Kras is still a speculative issue. It fluctuates and hesitates, but maybe it still becomes a good stock,&quot; Kos said.</p>
</text>
<copyright>(c) Reuters Limited 1997</copyright>
<metadata>
<codes class="bip:countries:1.0">
  <code code="CRTIA">
    <editdetail attribution="Reuters BIP Coding Group" action="confirmed" date="1997-03-27"/>
  </code>
</codes>
<codes class="bip:topics:1.0">
  <code code="M11">
    <editdetail attribution="Reuters BIP Coding Group" action="confirmed" date="1997-03-27"/>
  </code>
  <code code="MCAT">
    <editdetail attribution="Reuters BIP Coding Group" action="confirmed" date="1997-03-27"/>
  </code>
</codes>
<dc element="dc.date.created" value="1997-03-27"/>
<dc element="dc.publisher" value="Reuters Holdings Plc"/>
<dc element="dc.date.published" value="1997-03-27"/>
<dc element="dc.source" value="Reuters"/>
<dc element="dc.creator.location" value="ZAGREB"/>
<dc element="dc.creator.location.country.name" value="CROATIA"/>
<dc element="dc.source" value="Reuters"/>
</metadata>
</newsitem>
