<?xml version="1.0" encoding="iso-8859-1" ?>
<newsitem itemid="471697" id="root" date="1997-03-27" xml:lang="en">
<title>ROMANIA: Bucharest bourse prices up in active second-tier.</title>
<headline>Bucharest bourse prices up in active second-tier.</headline>
<dateline>BUCHAREST 1997-03-27</dateline>
<text>
<p>Most prices on the Bucharest bourse gained ground on Thursday under active trading in the second-tier stocks, brokers said.</p>
<p>Thursday's turnover of 2.7 billion lei was slightly down from 2.9 billion on Wednesday.</p>
<p>Buying pressure on small-caps Foraj Sonde SA drilling company and Policolor SA dye maker, the most active on the second-tier on Thursday, sent their prices up.</p>
<p>&quot;Major players rushed to snap up shares offered by small investors in Foraj and Policolor. We expect higher volumes on those stocks next week,&quot; said one trader.</p>
<p>Foraj gained 100 lei to close at 500 and Policolor rose 30 lei to end at 1,630.</p>
<p>Only three second-tier listings had no trading on Thursday against seven on Wednesday.</p>
<p>The two first-tier high-caps Oltchim SA chemical plant and Azomures SA fertiliser maker continued to attract inevstors' interest. Azomures inched up 130 lei to close at 1,740, while Oltchim ended 20 lei lower at 1,370.</p>
<p>&quot;Despite a constant selling pressure Oltchim won't see a sharp drop,&quot; said a broker. &quot;The (Oltchim) stocks have now support at 1,350 lei but this level is subject of changes following the 1996 financial results.&quot;</p>
<p>Two unofficial indices -- the VAB and the BIG -- rose from the previous session by 2.5 percent and 2.6 respectively. The BIG first-tier index was 1,672.7 points, 2.1 percent up on the previous session.</p>
<p>The VAB index is displayed on  VANGUARD.</p>
<p>		Mar 27  Mar 26  Week's change  1997 high   1997 low</p>
<p> VAB-Index  494.8   482.6     +4.7 pct	  555.9	262.0</p>
<p> BIG-Index  515.16  502.05    +6.20 pct	 557.56     266.43</p>
<p>($=7,025 lei)</p>
<p>-- Andrei Iva Buchrest newsroom 40-1 3120264</p>
</text>
<copyright>(c) Reuters Limited 1997</copyright>
<metadata>
<codes class="bip:countries:1.0">
  <code code="ROM">
    <editdetail attribution="Reuters BIP Coding Group" action="confirmed" date="1997-03-27"/>
  </code>
</codes>
<codes class="bip:topics:1.0">
  <code code="M11">
    <editdetail attribution="Reuters BIP Coding Group" action="confirmed" date="1997-03-27"/>
  </code>
  <code code="MCAT">
    <editdetail attribution="Reuters BIP Coding Group" action="confirmed" date="1997-03-27"/>
  </code>
</codes>
<dc element="dc.date.created" value="1997-03-27"/>
<dc element="dc.publisher" value="Reuters Holdings Plc"/>
<dc element="dc.date.published" value="1997-03-27"/>
<dc element="dc.source" value="Reuters"/>
<dc element="dc.creator.location" value="BUCHAREST"/>
<dc element="dc.creator.location.country.name" value="ROMANIA"/>
<dc element="dc.source" value="Reuters"/>
</metadata>
</newsitem>
