<?xml version="1.0" encoding="iso-8859-1" ?>
<newsitem itemid="471656" id="root" date="1997-03-27" xml:lang="en">
<title>RUSSIA: From sea to sea, Russians march in protest.</title>
<headline>From sea to sea, Russians march in protest.</headline>
<byline>Alastair Macdonald</byline>
<dateline>MOSCOW 1997-03-27</dateline>
<text>
<p>From the Pacific Ocean to the Baltic Sea, hundreds of thousands of Russians vented pent-up anger on the streets on Thursday, flying the red flag of communism and marching to brass bands.</p>
<p>&quot;This march is going from Vladivostok to Kaliningrad and no one can stop it,&quot; Communist party leader Gennady Zyuganov told reporters, referring to the Pacific and Baltic ports. He was taking part in the biggest rally in Moscow.</p>
<p>But turnout was well below the millions forecast by trade unions. There were no reports of violence despite opposition warnings Russia was on the verge of Balkan-style anarchy.</p>
<p>The mood across the world's biggest country was a mixture of irritation at not being paid for months combined with the apparently bottomless patience and resignation of a population of 150 million that history has inured to hardship.</p>
<p>&quot;We want change,&quot; said one demonstrating worker in the Siberian industrial and high-technology centre of Novosibirsk. &quot;But we don't really expect it.&quot;</p>
<p>Vladivostok, 7,000 km (4,500 miles) east of Moscow, took on a festive air reminiscent of Soviet-era May Day parades. Streets were blocked off but the police presence was minimal. Bands played and a crowd of at least 15,000 sang socialist songs.</p>
<p>Local energy companies cut off supplies from clients who had not paid their bills -- part of a web of debt which has ensnared the whole economy but is particulary acute in the Far East.</p>
<p>&quot;First wages, then taxes!&quot; demanded a banner above a gathering of 1,000 in the centre of Magadan, a city synonomous with some of the most brutal Soviet-era GULag labour camps.</p>
<p>Prime Minister Viktor Chernomyrdin's new government says workers are owed more than 50 trillion roubles ($8.8 billion) in back pay but says it must raise tax revenues if they are to get it.</p>
<p>In the coalfields of southern Siberia, where deputy premier Anatoly Chubais flew last weekend with millions of dollars for wages and a promise to put things right, the once militant miners staged rallies but mostly followed union calls to avoid strike action or calling for the government to resign.</p>
<p>In Yekaterinburg, industrial heart of the Ural mountains and President Boris Yeltsin's hometown, they were less restrained.</p>
<p>&quot;Chubais Out!&quot; was one of the more printable slogans.</p>
<p>The central government representative to the Yekaterinburg region was jeered and the crowds called for Yeltsin to resign.</p>
<p>Near the president's rural birthplace, several hundred angry workers blocked the main road to Siberia for two hours.</p>
<p>In the agricultural and communist Red Belt of southern Russia, thousands heeded the call for &quot;comrades&quot; to take to the streets of Krasnodar. But trade union leaders were left making limp excuses for a less than overwhelming turnout. &quot;Krasnodar doesn't have the same big squares as in Moscow,&quot; said one.</p>
<p>In St Petersburg, cradle of the 1917 Bolshevik Revolution, about 40,000 converged on the historic square in front of the tsars' Winter Palace. But after hours marching in a snowstorm, many drifted away before the speakers even got warmed up.</p>
<p>Russia's second city is traditionally its most liberal but many skilled defence industry technicians and academic experts are among the hardest hit by the economic crisis.</p>
<p>One man carried a skeleton bearing the slogan: &quot;This used to be a biology teacher.&quot;</p>
<p>Few expect rapid change. The young, liberal-minded new government is committed to reforms but needs time. And, in any case, five years of commitment to reform has so far failed to provide the bulk of the population with much comfort.</p>
<p>Despite the slogans and the anger, a deeply Russian fatalism was visible across the country, among the silent majority who took no part and among the marchers too: &quot;We are Russians,&quot; proclaimed one banner in Novosibirsk. &quot;God is with Us.&quot;</p>
</text>
<copyright>(c) Reuters Limited 1997</copyright>
<metadata>
<codes class="bip:countries:1.0">
  <code code="RUSS">
    <editdetail attribution="Reuters BIP Coding Group" action="confirmed" date="1997-03-27"/>
  </code>
</codes>
<codes class="bip:topics:1.0">
  <code code="GCAT">
    <editdetail attribution="Reuters BIP Coding Group" action="confirmed" date="1997-03-27"/>
  </code>
  <code code="GVIO">
    <editdetail attribution="Reuters BIP Coding Group" action="confirmed" date="1997-03-27"/>
  </code>
</codes>
<dc element="dc.date.created" value="1997-03-27"/>
<dc element="dc.publisher" value="Reuters Holdings Plc"/>
<dc element="dc.date.published" value="1997-03-27"/>
<dc element="dc.source" value="Reuters"/>
<dc element="dc.creator.location" value="MOSCOW"/>
<dc element="dc.creator.location.country.name" value="RUSSIA"/>
<dc element="dc.source" value="Reuters"/>
</metadata>
</newsitem>
