<?xml version="1.0" encoding="iso-8859-1" ?>
<newsitem itemid="471643" id="root" date="1997-03-27" xml:lang="en">
<title>RUSSIA: CIS fails to live up to post-Soviet vision - Kuchma.</title>
<headline>CIS fails to live up to post-Soviet vision - Kuchma.</headline>
<byline>Philippa Fletcher</byline>
<dateline>MOSCOW 1997-03-27</dateline>
<text>
<p>More than five years on, the Commonwealth of Independent States is a long way from becoming a post-Soviet equivalent of the European Union and its future looks bleak, Ukrainian President Leonid Kuchma said on Thursday.</p>
<p>In Moscow on the eve of a summit of CIS leaders, Kuchma said the body remained vague and divided into blocs, hampering rather than fostering closer integration among its 12 members.</p>
<p>He held out little hope that the summit would bring a breakthrough, although he said Ukraine understood that it had to live with Russia and did not reject the idea of a loose union with other former Soviet republics.</p>
<p>&quot;I think that today not a single representative of the countries in the Commonwealth is satisfied by the results of its activities, because there aren't any,&quot; Kuchma said.</p>
<p>&quot;The Commonwealth is quite amorphous, not that which had been envisaged at the very beginning,&quot; he told a news conference. &quot;We should aim for the European type.&quot;</p>
<p>Ukraine is among the most sceptical members of the CIS, which is made up of all the former Soviet republics except the three Baltic states and was founded after the Soviet Union's collapse in 1991.</p>
<p>He and other sceptics feel that Moscow, which holds a strong regional card in the form of energy supplies, is too dominant in the organisation, designed to foster trade between the 12 struggling post-communist economies.</p>
<p>&quot;When each country has certain privileges within the Commonwealth I think it doesn't foster the mood of togetherness,&quot; he said.</p>
<p>&quot;Its future depends on Russia. The key is in Moscow. There's no point looking for the answer to this question in the other capitals,&quot; he said.</p>
<p>Kuchma said the blocs included Russia and Belarus, which are discussing possible unification, and Russia, Belarus, Kazakhstan and Kyrgyzstan, which have formed a customs union.</p>
<p>That union, one of the Commonwealth's few high-profile economic deals, has been fraught with problems and is in danger of falling apart. Kazakhstan said last week it was thinking of leaving it because it did not work.</p>
<p>Ukraine's own relations with Russia are also under strain and Kuchma was cautious about his meeting with Yeltsin, which follows a long hiatus due to the Kremlin leader's ill health.</p>
<p>Yeltsin has failed to carry out promises to visit Kiev to sign a friendship treaty.</p>
<p>&quot;We have declared more than once that the main problems have been resolved, that tomorrow or the day after the Russian president will visit Kiev. It's always tomorrow, tomorrow, tomorrow,&quot; he said.</p>
<p>But, in an appeal for compromise, he added: &quot;I don't want to sound as if I am making ultimatums.&quot;</p>
<p>The main sticking point in Ukrainian-Russian relations is control over Sevastopol on the Ukrainian peninsula of Crimea, the port where the former Soviet Black Sea fleet is based.</p>
<p>The row, which has held up the signing of a broad bilateral treaty, centres on the demand by some politicians in Moscow for Sevastopol to be declared a Russian town, something Ukraine has ruled out.</p>
</text>
<copyright>(c) Reuters Limited 1997</copyright>
<metadata>
<codes class="bip:countries:1.0">
  <code code="RUSS">
    <editdetail attribution="Reuters BIP Coding Group" action="confirmed" date="1997-03-27"/>
  </code>
  <code code="UKRN">
    <editdetail attribution="Reuters BIP Coding Group" action="confirmed" date="1997-03-27"/>
  </code>
  <code code="USSR">
    <editdetail attribution="Reuters BIP Coding Group" action="confirmed" date="1997-03-27"/>
  </code>
</codes>
<codes class="bip:topics:1.0">
  <code code="E51">
    <editdetail attribution="Reuters BIP Coding Group" action="confirmed" date="1997-03-27"/>
  </code>
  <code code="E512">
    <editdetail attribution="Reuters BIP Coding Group" action="confirmed" date="1997-03-27"/>
  </code>
  <code code="ECAT">
    <editdetail attribution="Reuters BIP Coding Group" action="confirmed" date="1997-03-27"/>
  </code>
  <code code="GCAT">
    <editdetail attribution="Reuters BIP Coding Group" action="confirmed" date="1997-03-27"/>
  </code>
  <code code="GDIP">
    <editdetail attribution="Reuters BIP Coding Group" action="confirmed" date="1997-03-27"/>
  </code>
</codes>
<dc element="dc.date.created" value="1997-03-27"/>
<dc element="dc.publisher" value="Reuters Holdings Plc"/>
<dc element="dc.date.published" value="1997-03-27"/>
<dc element="dc.source" value="Reuters"/>
<dc element="dc.creator.location" value="MOSCOW"/>
<dc element="dc.creator.location.country.name" value="RUSSIA"/>
<dc element="dc.source" value="Reuters"/>
</metadata>
</newsitem>
