<?xml version="1.0" encoding="iso-8859-1" ?>
<newsitem itemid="471717" id="root" date="1997-03-27" xml:lang="en">
<title>HUNGARY: Grains futures rise in busy Budapest market.</title>
<headline>Grains futures rise in busy Budapest market.</headline>
<dateline>BUDAPEST 1997-03-27</dateline>
<text>
<p>A mostly limit-up rise in milling wheat futures on the Budapest Commodity Exchange (BCE) on Thursday was triggered by one market player, a trader said.</p>
<p>&quot;One market participant met all offers for August at the closing, and the rise cascaded through all subsequent maturities,&quot; said Gabor Herczeg of LaSalle.</p>
<p>He added that most traders followed the trend due to lack of other information to trade on.</p>
<p>&quot;Most traders thought the buyer must have had a good reason to do so,&quot; Herczeg said.</p>
<p>August milling wheat went up 380 forints per tonne to end at 21,980 forints while September, October and December put on the daily allowed 400 forints to close at 22,400, 22,800 and 23,570 forints, respectively.</p>
<p>Feed barley prices rose by 250 forints for July and 100 for August to finish at 18,690 and 18,850 but Herczeg said the increase was only in response to the wheat price rise as barley usually follows the latter.</p>
<p>Maize prices rose by between 100 and 300 forints for all but October with the nearest and most distant maturity accounting for the bulk of the turnover.</p>
<p>May prices had the sharpest rise to 18,400 forints, up 300, as traders began to close their positions, Herczeg said.</p>
<p>Total grains turnover was 613.7 million forints or 1,489 contracts, with milling wheat accounting for 812 and maize for 571 contracts.</p>
<p>This was a relatively high turnover for this season, Herczeg said.</p>
<p>&quot;This period is tradionally one of the more quiet parts of the year and trade will really pick up only in May,&quot; he said.</p>
<p>Lot size= 20,000 kgs</p>
<p>($1=176.77 Hungarian forints)</p>
<p>-- Denes Albert, Budapest newsroom +36 1 327 4040</p>
</text>
<copyright>(c) Reuters Limited 1997</copyright>
<metadata>
<codes class="bip:countries:1.0">
  <code code="HUNG">
    <editdetail attribution="Reuters BIP Coding Group" action="confirmed" date="1997-03-27"/>
  </code>
</codes>
<codes class="bip:topics:1.0">
  <code code="M14">
    <editdetail attribution="Reuters BIP Coding Group" action="confirmed" date="1997-03-27"/>
  </code>
  <code code="M141">
    <editdetail attribution="Reuters BIP Coding Group" action="confirmed" date="1997-03-27"/>
  </code>
  <code code="MCAT">
    <editdetail attribution="Reuters BIP Coding Group" action="confirmed" date="1997-03-27"/>
  </code>
</codes>
<dc element="dc.date.created" value="1997-03-27"/>
<dc element="dc.publisher" value="Reuters Holdings Plc"/>
<dc element="dc.date.published" value="1997-03-27"/>
<dc element="dc.source" value="Reuters"/>
<dc element="dc.creator.location" value="BUDAPEST"/>
<dc element="dc.creator.location.country.name" value="HUNGARY"/>
<dc element="dc.source" value="Reuters"/>
</metadata>
</newsitem>
