<?xml version="1.0" encoding="iso-8859-1" ?>
<newsitem itemid="471757" id="root" date="1997-03-27" xml:lang="en">
<title>KAZAKHSTAN: New economic dynamism passes hard-hit Kazakhs by.</title>
<headline>New economic dynamism passes hard-hit Kazakhs by.</headline>
<byline>Chris Bird</byline>
<dateline>ALMATY 1997-03-27</dateline>
<text>
<p>A senior Kazakh minister has said she aimed to fight corruption, create a more transparent market and accelerate privatisation.</p>
<p>&quot;Privatisation must take place quickly,&quot; Zhannat Yertlesova, the oil-rich republic's deputy finance minister and head of a powerful government think-tank, told Reuters on Wednesday.</p>
<p>&quot;But there has to be effective control over contracts to make sure both sides fulfil their obligations.&quot;</p>
<p>Facing big problems over mounting debts to employees and pensioners, the Kazakh government is rolling forward a fire-sale of choice oil and gas enterprises to try and fill empty state coffers.</p>
<p>A United Nations survey published last month said foreign direct investment in the republic totalled $3.24 billion in mid-1996, more than double the 1994 figure.</p>
<p>Yertlesova also dismissed widespread popular doubts over the sell-off, which -- rare for a former Soviet republic -- is mainly to foreign companies.</p>
<p>&quot;I have no problem with foreign ownership,&quot; said Yertlesova. &quot;The main thing is that there is an owner.&quot;</p>
<p>But foreign investors have eyed the resource-rich republic, the size of western Europe, with caution, complaining of a lack of transparency in the privatisation process and alleging widespread corruption.</p>
<p>Last week, a U.S.-funded opinion poll showed 91 percent of the 16.9 million population considered official corruption a &quot;serious problem&quot;.</p>
<p>&quot;I think corruption is a big problem and there are shortcomings,&quot; Yertlesova said. &quot;But we're now starting on revolutionary structural reform to place tougher controls on officials.&quot;</p>
<p>Yertlesova said the government aimed to beat its own annual inflation target this year, hoping to clock in annual price rises at 15 percent rather than the targeted 17 percent.</p>
<p>Western analysts said the target was achievable but they worried over rumours the government might pay off over 30 billion tenge ($400 million) in pension arrears in one go.</p>
<p>One Western analyst warned: &quot;If the government decides to pay off pension arrears, then no inflation target is achievable.&quot;</p>
<p>Following a succesful $200 million Eurobond debut in December, Yertlesova said Kazakhstan planned to tap international markets again this year for funds to form the basis of new pension funds.</p>
<p>Western sources say the republic could go to the market as early as June, but warn any debt issue linked so directly to pension or wage arrears could put off foreign investors.</p>
<p>A new dynamism has gripped the Kazakh economy in recent months, but people often have to wait months for meagre salaries or pensions and many believe reforms have passed them by.</p>
<p>Kazakh President Nursultan Nazarbayev, worried by sinking popularity over the government's payments crisis, earlier this month threatened to sack his reformist prime minister if he failed to redress the wage and pension backlog by April 10.</p>
<p>Nazarbayev appeared to withdraw the threat but popular discontent continues to overshadow the reform process. Trade Unions plan a nation-wide protest on March 30.</p>
<p>&quot;The state's debt to workers is a big sum, around 60 billion tenge ($800 million),&quot; said Leonid Solomin, a well-known trade union leader. &quot;There is a serious risk of a social explosion,&quot; he said.</p>
</text>
<copyright>(c) Reuters Limited 1997</copyright>
<metadata>
<codes class="bip:countries:1.0">
  <code code="KAZK">
    <editdetail attribution="Reuters BIP Coding Group" action="confirmed" date="1997-03-27"/>
  </code>
</codes>
<codes class="bip:topics:1.0">
  <code code="C18">
    <editdetail attribution="Reuters BIP Coding Group" action="confirmed" date="1997-03-27"/>
  </code>
  <code code="C183">
    <editdetail attribution="Reuters BIP Coding Group" action="confirmed" date="1997-03-27"/>
  </code>
  <code code="CCAT">
    <editdetail attribution="Reuters BIP Coding Group" action="confirmed" date="1997-03-27"/>
  </code>
  <code code="E12">
    <editdetail attribution="Reuters BIP Coding Group" action="confirmed" date="1997-03-27"/>
  </code>
  <code code="ECAT">
    <editdetail attribution="Reuters BIP Coding Group" action="confirmed" date="1997-03-27"/>
  </code>
</codes>
<dc element="dc.date.created" value="1997-03-27"/>
<dc element="dc.publisher" value="Reuters Holdings Plc"/>
<dc element="dc.date.published" value="1997-03-27"/>
<dc element="dc.source" value="Reuters"/>
<dc element="dc.creator.location" value="ALMATY"/>
<dc element="dc.creator.location.country.name" value="KAZAKHSTAN"/>
<dc element="dc.source" value="Reuters"/>
</metadata>
</newsitem>
