<?xml version="1.0" encoding="iso-8859-1" ?>
<newsitem itemid="471704" id="root" date="1997-03-27" xml:lang="en">
<title>BULGARIA: Bulgaria's cabinet sacks energy company board.</title>
<headline>Bulgaria's cabinet sacks energy company board.</headline>
<dateline>SOFIA 1997-03-27</dateline>
<text>
<p>Bulgaria's interim government has fired the board of directors of the National Electricity Company (NEC) and postponed a price increase proposed by the sacked board, the interim prime minister said on Thursday.</p>
<p>&quot;The reason is that the management has not supported its proposal for electricity and heating price hikes from April 1 with reasonable cost analysis,&quot; Stefan Sofianski told reporters.</p>
<p>The new members were not named.</p>
<p>The cabinet has postponed the increase of power prices from April 1 &quot;due to a lack of a development and restructuring programme of the sector and unclear structure of spendings and cost of the production&quot;, he said.</p>
<p>The cabinet will discuss price rises at its meeting on Monday.</p>
<p>&quot;The new (power) price rises should be the last until June, when a currency board should be implemented,&quot; Sofianski said.</p>
<p>Bulgaria's authorities have agreed to a tough programme of restructuring, privatisation and budget discipline, including implementation of a fixed exchange rate system, called a currency board, to help stabilise the crumbling economy and repay foreign debts.</p>
<p>NEC has proposed a 30 percent increase of the electricity prices and a 70 percent rise of central heating prices.</p>
<p>The cabinet has also decided that the NEC, which produces 87 percent of Bulgaria's power, will be under the control of the government, not the Energy Ministry.</p>
<p>Since last July, energy prices have been revised each month, mainly according to the inflation rate and the lev/dollar exchange rate.</p>
<p>-- Sofia Newsroom, 359-2-84561</p>
</text>
<copyright>(c) Reuters Limited 1997</copyright>
<metadata>
<codes class="bip:countries:1.0">
  <code code="BUL">
    <editdetail attribution="Reuters BIP Coding Group" action="confirmed" date="1997-03-27"/>
  </code>
</codes>
<codes class="bip:industries:1.0">
  <code code="I16100">
    <editdetail attribution="Reuters BIP Coding Group" action="confirmed" date="1997-03-27"/>
  </code>
</codes>
<codes class="bip:topics:1.0">
  <code code="C13">
    <editdetail attribution="Reuters BIP Coding Group" action="confirmed" date="1997-03-27"/>
  </code>
  <code code="C31">
    <editdetail attribution="Reuters BIP Coding Group" action="confirmed" date="1997-03-27"/>
  </code>
  <code code="C41">
    <editdetail attribution="Reuters BIP Coding Group" action="confirmed" date="1997-03-27"/>
  </code>
  <code code="C411">
    <editdetail attribution="Reuters BIP Coding Group" action="confirmed" date="1997-03-27"/>
  </code>
  <code code="CCAT">
    <editdetail attribution="Reuters BIP Coding Group" action="confirmed" date="1997-03-27"/>
  </code>
</codes>
<dc element="dc.date.created" value="1997-03-27"/>
<dc element="dc.publisher" value="Reuters Holdings Plc"/>
<dc element="dc.date.published" value="1997-03-27"/>
<dc element="dc.source" value="Reuters"/>
<dc element="dc.creator.location" value="SOFIA"/>
<dc element="dc.creator.location.country.name" value="BULGARIA"/>
<dc element="dc.source" value="Reuters"/>
</metadata>
</newsitem>
