<?xml version="1.0" encoding="iso-8859-1" ?>
<newsitem itemid="471724" id="root" date="1997-03-27" xml:lang="en">
<title>KAZAKHSTAN: Drugs trade said posing big problem in Kazakhstan.</title>
<headline>Drugs trade said posing big problem in Kazakhstan.</headline>
<byline>Dmitry Solovyov</byline>
<dateline>ALMATY 1997-03-27</dateline>
<text>
<p>Kazakhstan has become a busy transit route for drugs from Asia's &quot;Golden Crescent&quot; and domestic production of narcotics is booming, the head of Interpol in the former Soviet republic said on Thursday.</p>
<p>&quot;Kazakhstan is already a transit centre for narcotics going to Europe and a large producer of its own drugs,&quot; Bekzhan Karikbolov told a news conference in Almaty.</p>
<p>He said the use of drugs and drug trafficking was &quot;the most painful issue&quot; facing Interpol in the central Asian country.</p>
<p>Narcotics -- opium and its derivatives -- were streaming across the vast, Central Asian state of mountain and steppe from Afghanistan and Pakistan, he added.</p>
<p>There were regular armed clashes on the Afghan border guarded by Russian troops as couriers try to smuggle opium into the former Soviet republic of Tajikistan on the start of its journey west.</p>
<p>Karikbolov said up to 100 kg (220 lbs) of raw opium transit daily through Kazakhstan's porous borders, which ring a country five times the size of France.</p>
<p>Kazakhstan's post-Soviet police force is poorly equipped to battle well-heeled gangs of traffickers. Last year, police seized in Kazakhstan 16 tonnes of narcotics -- just seven percent of the estimated annual turnover of the country's drug trade.</p>
<p>Authorities here are alarmed by the country's own fast-growing domestic production of narcotics.</p>
<p>Hashish and marijuana are produced in large quantities in the Chu valley which sprawls across Kazakhstan's border with Kyrgyzstan.</p>
<p>But recently drug dealers have also flooded the local market with a large amount of a new, more potent drug -- ephedron -- made from a medical plant growing in Kazakhstan's spectacular Tien Shan mountains.</p>
<p>The burgeoning drugs trade in the republic of 16.9 million people is also fuelled by a growing number of addicts.</p>
<p>Karikbolov said there were 20,000 drug addicts registered in the republic but said the real number was probably at least five to 10 times higher.</p>
<p>Alma Yesirkegenova, Kazakh coordinator of the United Nations Drug Control Project in the region, said: &quot;Unfortunately, we cannot say there is a serious government programme to fight this vice.&quot;</p>
<p>She added: &quot;We have inspected many schools, and in all of them children already know what marijuana or hashish is and show interest in drugs. This is very alarming.&quot;</p>
<p>Karikbolov said the cash-starved health ministry has been forced to close the country's only specialised hospital for drug addicts.</p>
</text>
<copyright>(c) Reuters Limited 1997</copyright>
<metadata>
<codes class="bip:countries:1.0">
  <code code="KAZK">
    <editdetail attribution="Reuters BIP Coding Group" action="confirmed" date="1997-03-27"/>
  </code>
</codes>
<codes class="bip:topics:1.0">
  <code code="GCAT">
    <editdetail attribution="Reuters BIP Coding Group" action="confirmed" date="1997-03-27"/>
  </code>
  <code code="GCRIM">
    <editdetail attribution="Reuters BIP Coding Group" action="confirmed" date="1997-03-27"/>
  </code>
</codes>
<dc element="dc.date.created" value="1997-03-27"/>
<dc element="dc.publisher" value="Reuters Holdings Plc"/>
<dc element="dc.date.published" value="1997-03-27"/>
<dc element="dc.source" value="Reuters"/>
<dc element="dc.creator.location" value="ALMATY"/>
<dc element="dc.creator.location.country.name" value="KAZAKHSTAN"/>
<dc element="dc.source" value="Reuters"/>
</metadata>
</newsitem>
