<?xml version="1.0" encoding="iso-8859-1" ?>
<newsitem itemid="471756" id="root" date="1997-03-27" xml:lang="en">
<title>SLOVAKIA: Slovak cbank O/N repo rate 27.01 pct (20.13 pct).</title>
<headline>Slovak cbank O/N repo rate 27.01 pct (20.13 pct).</headline>
<dateline>BRATISLAVA 1997-03-27</dateline>
<text>
<p>The National Bank of Slovakia (NBS) said on Thursday the average rate at its one-day securities repurchase tender rose to 27.01 percent from 20.13 percent in a similar tender on Wednesday.</p>
<p>The NBS added that it had allocated funds totalling 2.0 billion crowns, out of the banks' bids of 4.93 billion crowns.</p>
<p>&quot;We think that this amount, coupled with the continuing individual deals with banks, should be enough to ensure the sector will fulfil today's minimum reserves requirements,&quot; NBS Open Market Operation Department Director Peter Andresic told Reuters.</p>
<p>&quot;Maybe some banks will be short (at the minimum reserves), but the sector as such should be fine,&quot; he added.</p>
<p>Andresic said the rates in the individual trades with banks were &quot;at around the average rate at the tender&quot;.</p>
<p>Maximum bid in the tender was 27.50 percent, while the minimum bid rate was 27.00 percent, the NBS added in a statement.</p>
<p>According to official NBS figures, the banking sector is short of liquidity with banks' minimum reserve demands fulfilled at 98.70 percent as of Wednesday, after being at 98.23 percent the previous day.</p>
<p>-- Bratislava Newsroom, 421-7-521-8402</p>
</text>
<copyright>(c) Reuters Limited 1997</copyright>
<metadata>
<codes class="bip:countries:1.0">
  <code code="SLVAK">
    <editdetail attribution="Reuters BIP Coding Group" action="confirmed" date="1997-03-27"/>
  </code>
</codes>
<codes class="bip:topics:1.0">
  <code code="M13">
    <editdetail attribution="Reuters BIP Coding Group" action="confirmed" date="1997-03-27"/>
  </code>
  <code code="M131">
    <editdetail attribution="Reuters BIP Coding Group" action="confirmed" date="1997-03-27"/>
  </code>
  <code code="MCAT">
    <editdetail attribution="Reuters BIP Coding Group" action="confirmed" date="1997-03-27"/>
  </code>
</codes>
<dc element="dc.date.created" value="1997-03-27"/>
<dc element="dc.publisher" value="Reuters Holdings Plc"/>
<dc element="dc.date.published" value="1997-03-27"/>
<dc element="dc.source" value="Reuters"/>
<dc element="dc.creator.location" value="BRATISLAVA"/>
<dc element="dc.creator.location.country.name" value="SLOVAKIA"/>
<dc element="dc.source" value="Reuters"/>
</metadata>
</newsitem>
