<?xml version="1.0" encoding="iso-8859-1" ?>
<newsitem itemid="471735" id="root" date="1997-03-27" xml:lang="en">
<title>RUSSIA: Russian Mir space crew ignores ground protests.</title>
<headline>Russian Mir space crew ignores ground protests.</headline>
<dateline>MOSCOW 1997-03-27</dateline>
<text>
<p>Russian cosmonauts orbiting earth on the Mir space station said they were too busy to join a nationwide day of protest on Thursday by their compatriots on the ground.</p>
<p>&quot;We informed the Mir crew of the nationwide day of action this morning, but the cosmonauts' reaction was very calm,&quot; said a spokeswoman for mission control in Korolyev near Moscow.</p>
<p>She said the astronauts had told her: &quot;We have a very busy programme for today.&quot;</p>
<p>Two Russian cosmonauts and a U.S. astronaut are currently working on Mir.</p>
<p>The spokeswoman said some of the 1,500 mission control staff might join a demonstration later on Thursday in the centre of Korolyev -- where most residents are space workers -- but that it would be up to them to decide individually whether to take part.</p>
<p>Trade unions and the opposition communists organised the day of strikes and marches to protest against months of delays in wage and pension payments to millions of Russian workers.</p>
</text>
<copyright>(c) Reuters Limited 1997</copyright>
<metadata>
<codes class="bip:countries:1.0">
  <code code="RUSS">
    <editdetail attribution="Reuters BIP Coding Group" action="confirmed" date="1997-03-27"/>
  </code>
</codes>
<codes class="bip:topics:1.0">
  <code code="E41">
    <editdetail attribution="Reuters BIP Coding Group" action="confirmed" date="1997-03-27"/>
  </code>
  <code code="ECAT">
    <editdetail attribution="Reuters BIP Coding Group" action="confirmed" date="1997-03-27"/>
  </code>
  <code code="GCAT">
    <editdetail attribution="Reuters BIP Coding Group" action="confirmed" date="1997-03-27"/>
  </code>
  <code code="GJOB">
    <editdetail attribution="Reuters BIP Coding Group" action="confirmed" date="1997-03-27"/>
  </code>
  <code code="GSCI">
    <editdetail attribution="Reuters BIP Coding Group" action="confirmed" date="1997-03-27"/>
  </code>
  <code code="GVIO">
    <editdetail attribution="Reuters BIP Coding Group" action="confirmed" date="1997-03-27"/>
  </code>
</codes>
<dc element="dc.date.created" value="1997-03-27"/>
<dc element="dc.publisher" value="Reuters Holdings Plc"/>
<dc element="dc.date.published" value="1997-03-27"/>
<dc element="dc.source" value="Reuters"/>
<dc element="dc.creator.location" value="MOSCOW"/>
<dc element="dc.creator.location.country.name" value="RUSSIA"/>
<dc element="dc.source" value="Reuters"/>
</metadata>
</newsitem>
