<?xml version="1.0" encoding="iso-8859-1" ?>
<newsitem itemid="471746" id="root" date="1997-03-27" xml:lang="en">
<title>POLAND: Polish KGHM unions uphold strike alert, want talks.</title>
<headline>Polish KGHM unions uphold strike alert, want talks.</headline>
<dateline>WARSAW 1997-03-27</dateline>
<text>
<p>Seven trade unions at Poland's KGHM copper firm decided on Thursday to remain on strike alert to pursue their other demands after KGHM's board agreed to average wage rises on Wednesday, a union official said.</p>
<p>Jozef Czyczerski, head of the Solidarity union, told Reuters the unions still demanded a 10 percent increase of the basic salary in the concern and social guarantees, including a 10-year employment guarantee.</p>
<p>&quot;The unions sent a letter to KGHM's president that the Wednesday average wage rise agreement does not solve all the issues raised by the unions in the collective dispute with the board and the strike alert remains in force,&quot; Czyczerski said.</p>
<p>&quot;We wrote that we expect the board to start constructive talks on the issues by April 4,&quot; he said.</p>
<p>On Wednesday the board and unions agreed that the average worker's wage of 1,726.59 zlotys would rise by a total of 17 percent in 1997, instead of 15 percent, in two installments -- on April 1 and July 1.</p>
<p>The firm, slated to be floated on the Warsaw and London bourses later this year, has 23,400 workers.</p>
<p>The board of KGHM, one of the world's major copper and silver producers, is not willing to discuss union demands under laws of so-called collective disputes because, it says, there are no legal grounds for the start of a collective dispute.</p>
<p>Polish laws of collective dispute give trade unions a much broader array of instruments in enforcing their demands, including a strike, than a regular negotiation protocol.</p>
<p>The board is willing to talk with the unions only under a regular negotiation protocol, a source close to the talks told Reuters.</p>
<p>-- Jan Strupczewski +48 22 653 9700</p>
</text>
<copyright>(c) Reuters Limited 1997</copyright>
<metadata>
<codes class="bip:countries:1.0">
  <code code="POL">
    <editdetail attribution="Reuters BIP Coding Group" action="confirmed" date="1997-03-27"/>
  </code>
</codes>
<codes class="bip:industries:1.0">
  <code code="I22460">
    <editdetail attribution="Reuters BIP Coding Group" action="confirmed" date="1997-03-27"/>
  </code>
</codes>
<codes class="bip:topics:1.0">
  <code code="C42">
    <editdetail attribution="Reuters BIP Coding Group" action="confirmed" date="1997-03-27"/>
  </code>
  <code code="CCAT">
    <editdetail attribution="Reuters BIP Coding Group" action="confirmed" date="1997-03-27"/>
  </code>
  <code code="E41">
    <editdetail attribution="Reuters BIP Coding Group" action="confirmed" date="1997-03-27"/>
  </code>
  <code code="ECAT">
    <editdetail attribution="Reuters BIP Coding Group" action="confirmed" date="1997-03-27"/>
  </code>
  <code code="GCAT">
    <editdetail attribution="Reuters BIP Coding Group" action="confirmed" date="1997-03-27"/>
  </code>
  <code code="GJOB">
    <editdetail attribution="Reuters BIP Coding Group" action="confirmed" date="1997-03-27"/>
  </code>
</codes>
<dc element="dc.date.created" value="1997-03-27"/>
<dc element="dc.publisher" value="Reuters Holdings Plc"/>
<dc element="dc.date.published" value="1997-03-27"/>
<dc element="dc.source" value="Reuters"/>
<dc element="dc.creator.location" value="WARSAW"/>
<dc element="dc.creator.location.country.name" value="POLAND"/>
<dc element="dc.source" value="Reuters"/>
</metadata>
</newsitem>
