<?xml version="1.0" encoding="iso-8859-1" ?>
<newsitem itemid="471730" id="root" date="1997-03-27" xml:lang="en">
<title>RUSSIA: Rouble dips on earlier T-bill selling, injections.</title>
<headline>Rouble dips on earlier T-bill selling, injections.</headline>
<dateline>MOSCOW 1997-03-27</dateline>
<text>
<p>The rouble eased on Thursday after a brief early rise and dealers said rouble offer had been generally high after last weeks' injections from the central bank and the Treasury bill market.</p>
<p> roubles/dollar	Mar 27 midday  Mar 27 early   Mar 26 close</p>
<p> today settlement    5,726-29	 5,725-27	 5,724-26</p>
<p> tomorrow settlement 5,729-31	 5,726-29	 5,724-26</p>
<p> overnight credit (%)    5-10	    20-25	     0-5</p>
<p>			   Mar 27				Mar 26</p>
<p> central bank	  5,716/31			    5,714/28</p>
<p> MICEX		   5,725				 5,723</p>
<p>&quot;Earlier this month banks were selling part of their T-bill portfolio (when yields were high). The central bank sold many roubles to banks at the time. Roubles could be sufficient for these reasons,&quot; one dealer said.</p>
<p>Other dealers found it difficult to specify sources of rouble funds, given rising prices of government securities.</p>
<p>--Artyom Danielyan, Moscow newsroom (095) 941 8520</p>
</text>
<copyright>(c) Reuters Limited 1997</copyright>
<metadata>
<codes class="bip:countries:1.0">
  <code code="RUSS">
    <editdetail attribution="Reuters BIP Coding Group" action="confirmed" date="1997-03-27"/>
  </code>
</codes>
<codes class="bip:topics:1.0">
  <code code="M13">
    <editdetail attribution="Reuters BIP Coding Group" action="confirmed" date="1997-03-27"/>
  </code>
  <code code="M132">
    <editdetail attribution="Reuters BIP Coding Group" action="confirmed" date="1997-03-27"/>
  </code>
  <code code="MCAT">
    <editdetail attribution="Reuters BIP Coding Group" action="confirmed" date="1997-03-27"/>
  </code>
</codes>
<dc element="dc.date.created" value="1997-03-27"/>
<dc element="dc.publisher" value="Reuters Holdings Plc"/>
<dc element="dc.date.published" value="1997-03-27"/>
<dc element="dc.source" value="Reuters"/>
<dc element="dc.creator.location" value="MOSCOW"/>
<dc element="dc.creator.location.country.name" value="RUSSIA"/>
<dc element="dc.source" value="Reuters"/>
</metadata>
</newsitem>
