<?xml version="1.0" encoding="iso-8859-1" ?>
<newsitem itemid="471716" id="root" date="1997-03-27" xml:lang="en">
<title>POLAND: Poland modifies Bank Handlowy sell-off plan.</title>
<headline>Poland modifies Bank Handlowy sell-off plan.</headline>
<dateline>WARSAW 1997-03-27</dateline>
<text>
<p>Poland modified the privatisation plan for its Bank Handlowy SA to include a convertible bond issue for yet-to-be created pension funds, a source close to the offering said on Thursday.</p>
<p>The source, who asked not to be named, said the plan to issue convertible bonds rather than to set aside 30 percent of Handlowy's shares for the prospective funds meant that the size of share tranches had to change to take into account the prospective change in share capital.</p>
<p>The originally planned 30-percent institutional and public offering tranches would be increased to about 42.9 percent of existing shares.</p>
<p>The stakes set aside for the employees and the treasury would rise to 7.1 percent from earlier planned five percent.</p>
<p>The bond issue, when converted into shares would increase the bank's share capital by 30 percent.</p>
<p>This way the originally planned share breakdown under which selected institutions, investors who bought shares in public offering and the pension funds would each hold equal 30 percent stakes in the bank, would be maintained.</p>
<p>Employees and the treasury would have five percent each.</p>
<p>Handlowy officials would not comment on the plan and the bank's spokesman said the privatisation scheme would be presented in detail at a news conference next week.</p>
<p>Earlier this week the government said it had cleared Handlowy for sale, with the public offer due in mid-1997, but gave no details of the plan.</p>
<p>-- Warsaw Newsroom +48 22 653 9700</p>
</text>
<copyright>(c) Reuters Limited 1997</copyright>
<metadata>
<codes class="bip:countries:1.0">
  <code code="POL">
    <editdetail attribution="Reuters BIP Coding Group" action="confirmed" date="1997-03-27"/>
  </code>
</codes>
<codes class="bip:industries:1.0">
  <code code="I81402">
    <editdetail attribution="Reuters BIP Coding Group" action="confirmed" date="1997-03-27"/>
  </code>
</codes>
<codes class="bip:topics:1.0">
  <code code="C17">
    <editdetail attribution="Reuters BIP Coding Group" action="confirmed" date="1997-03-27"/>
  </code>
  <code code="C172">
    <editdetail attribution="Reuters BIP Coding Group" action="confirmed" date="1997-03-27"/>
  </code>
  <code code="C18">
    <editdetail attribution="Reuters BIP Coding Group" action="confirmed" date="1997-03-27"/>
  </code>
  <code code="C183">
    <editdetail attribution="Reuters BIP Coding Group" action="confirmed" date="1997-03-27"/>
  </code>
  <code code="CCAT">
    <editdetail attribution="Reuters BIP Coding Group" action="confirmed" date="1997-03-27"/>
  </code>
</codes>
<dc element="dc.date.created" value="1997-03-27"/>
<dc element="dc.publisher" value="Reuters Holdings Plc"/>
<dc element="dc.date.published" value="1997-03-27"/>
<dc element="dc.source" value="Reuters"/>
<dc element="dc.creator.location" value="WARSAW"/>
<dc element="dc.creator.location.country.name" value="POLAND"/>
<dc element="dc.source" value="Reuters"/>
</metadata>
</newsitem>
