<?xml version="1.0" encoding="iso-8859-1" ?>
<newsitem itemid="471771" id="root" date="1997-03-27" xml:lang="en">
<title>RUSSIA: Rouble fixed at 5,725 per dlr in Moscow.</title>
<headline>Rouble fixed at 5,725 per dlr in Moscow.</headline>
<dateline>MOSCOW 1997-03-27</dateline>
<text>
<p>The rouble was set at 5,725 to the dollar on the Moscow Interbank Currency Exchange (MICEX) on Thursday.</p>
<p>				Mar 27	     Mar 26</p>
<p> Roubles/dollar	   5,725		5,723</p>
<p>--Moscow Newsroom, +7095 941 8520</p>
</text>
<copyright>(c) Reuters Limited 1997</copyright>
<metadata>
<codes class="bip:countries:1.0">
  <code code="RUSS">
    <editdetail attribution="Reuters BIP Coding Group" action="confirmed" date="1997-03-27"/>
  </code>
</codes>
<codes class="bip:topics:1.0">
  <code code="M13">
    <editdetail attribution="Reuters BIP Coding Group" action="confirmed" date="1997-03-27"/>
  </code>
  <code code="M132">
    <editdetail attribution="Reuters BIP Coding Group" action="confirmed" date="1997-03-27"/>
  </code>
  <code code="MCAT">
    <editdetail attribution="Reuters BIP Coding Group" action="confirmed" date="1997-03-27"/>
  </code>
</codes>
<dc element="dc.date.created" value="1997-03-27"/>
<dc element="dc.publisher" value="Reuters Holdings Plc"/>
<dc element="dc.date.published" value="1997-03-27"/>
<dc element="dc.source" value="Reuters"/>
<dc element="dc.creator.location" value="MOSCOW"/>
<dc element="dc.creator.location.country.name" value="RUSSIA"/>
<dc element="dc.source" value="Reuters"/>
</metadata>
</newsitem>
