<?xml version="1.0" encoding="iso-8859-1" ?>
<newsitem itemid="471706" id="root" date="1997-03-27" xml:lang="en">
<title>RUSSIA: Sink or swim, Russian government tells industry.</title>
<headline>Sink or swim, Russian government tells industry.</headline>
<byline>Peter Henderson</byline>
<dateline>MOSCOW 1997-03-27</dateline>
<text>
<p>Russia will let ailing, old-fashioned companies sink, withdrawing state support from managers who do not embrace reforms, a deputy economy minister said on Thursday.</p>
<p>He also promised to strengthen shareholders' rights.</p>
<p>&quot;Only reformed companies will be eligible for state support, -- that will be a stimulus,&quot; Deputy Economy Minister Sergei Vasilyev told a news conference.</p>
<p>The ministry will complete a list of reform criteria, to be approved by the government, in the next two weeks. Companies which do not meet government standards will not get help, he said.</p>
<p>A detailed plan of industrial reform will be ready within a month, he added.</p>
<p>Vasilyev said industrial reform hinged on improving shareholder rights, training management and making companies more worthy of investment, in part by improving the flow of information from companies.</p>
<p>&quot;Potential investors do not know the real situation at companies -- even the management does not necessarily know.&quot;</p>
<p>Foreign investors have by and large stayed out of Russia, risking only a few billion dollars since reforms began.</p>
<p>Vasilyev said the Russian economy had stabilised and reformers could now focus on structural improvements.</p>
<p>&quot;We need to move from the macroeconomic level to the microeconomic level -- the level of companies.&quot;</p>
<p>A government statement said 42 percent of Russian industrial enterprises had lost money in the first 10 months of last year, a rise from 35 percent in the same period a year earlier.</p>
<p>Losses in the industrial, building and transport sectors rose 2.6 in that period on a year ago, totalling 47.5 trillion roubles ($8.3 billion) in the first 10 months, it said.</p>
<p>Prime Minister Viktor Chernomyrdin on Thursday pointed to rising gross domestic product, an indicator of a country's output, in January and February, which he said was the first sign of growth in five years of economic reform.</p>
<p>But many economists say the state had quietly changed the methodology of its statistics and thus produced the change, which was less than one percent each month.</p>
<p>Vasilyev said criteria would also be developed to rate managers in an effort to bring about change among Russia's industrial old guard.</p>
<p>A study by Rutgers University released this week showed that three quarters of chief executives at leading Russian companies had been replaced by their own deputies.</p>
<p>&quot;Most are not professionally prepared to manage,&quot; Vasilyev said of company leadership.</p>
<p>He said the government was also preparing orders and decrees to speed land privatisation for companies and lower tariffs from natural monopolies, another major reform goal.</p>
<p>The government would reduce and sell its stakes in many companies, part of a move to give shareholders a bigger, stronger voice in running companies, he added.</p>
<p>&quot;Companies which infringe shareholders' rights will not get government support,&quot; he said. ($ = 5726 Russian Roubles)</p>
</text>
<copyright>(c) Reuters Limited 1997</copyright>
<metadata>
<codes class="bip:countries:1.0">
  <code code="RUSS">
    <editdetail attribution="Reuters BIP Coding Group" action="confirmed" date="1997-03-27"/>
  </code>
</codes>
<codes class="bip:topics:1.0">
  <code code="C13">
    <editdetail attribution="Reuters BIP Coding Group" action="confirmed" date="1997-03-27"/>
  </code>
  <code code="CCAT">
    <editdetail attribution="Reuters BIP Coding Group" action="confirmed" date="1997-03-27"/>
  </code>
  <code code="E12">
    <editdetail attribution="Reuters BIP Coding Group" action="confirmed" date="1997-03-27"/>
  </code>
  <code code="ECAT">
    <editdetail attribution="Reuters BIP Coding Group" action="confirmed" date="1997-03-27"/>
  </code>
</codes>
<dc element="dc.date.created" value="1997-03-27"/>
<dc element="dc.publisher" value="Reuters Holdings Plc"/>
<dc element="dc.date.published" value="1997-03-27"/>
<dc element="dc.source" value="Reuters"/>
<dc element="dc.creator.location" value="MOSCOW"/>
<dc element="dc.creator.location.country.name" value="RUSSIA"/>
<dc element="dc.source" value="Reuters"/>
</metadata>
</newsitem>
