<?xml version="1.0" encoding="iso-8859-1" ?>
<newsitem itemid="471729" id="root" date="1997-03-27" xml:lang="en">
<title>MOLDOVA: Moldovan leu rises to 4.54 per dollar from 4.59.</title>
<headline>Moldovan leu rises to 4.54 per dollar from 4.59.</headline>
<dateline>CHISINAU 1997-03-27</dateline>
<text>
<p>The Moldovan leu rose to 4.54 per dollar on the Moldovan Interbank Currency Exchange, from 4.59 on Mar 26.</p>
<p>				    Mar 27	    Mar 26</p>
<p> lei per dollar		 4.54		4.59</p>
<p> volume traded ($)	    1,300,000	 1,150,000</p>
<p>-- Moscow Newsroom +7095 941 8520</p>
</text>
<copyright>(c) Reuters Limited 1997</copyright>
<metadata>
<codes class="bip:countries:1.0">
  <code code="MOLDV">
    <editdetail attribution="Reuters BIP Coding Group" action="confirmed" date="1997-03-27"/>
  </code>
</codes>
<codes class="bip:topics:1.0">
  <code code="M13">
    <editdetail attribution="Reuters BIP Coding Group" action="confirmed" date="1997-03-27"/>
  </code>
  <code code="M132">
    <editdetail attribution="Reuters BIP Coding Group" action="confirmed" date="1997-03-27"/>
  </code>
  <code code="MCAT">
    <editdetail attribution="Reuters BIP Coding Group" action="confirmed" date="1997-03-27"/>
  </code>
</codes>
<dc element="dc.date.created" value="1997-03-27"/>
<dc element="dc.publisher" value="Reuters Holdings Plc"/>
<dc element="dc.date.published" value="1997-03-27"/>
<dc element="dc.source" value="Reuters"/>
<dc element="dc.creator.location" value="CHISINAU"/>
<dc element="dc.creator.location.country.name" value="MOLDOVA"/>
<dc element="dc.source" value="Reuters"/>
</metadata>
</newsitem>
