<?xml version="1.0" encoding="iso-8859-1" ?>
<newsitem itemid="471736" id="root" date="1997-03-27" xml:lang="en">
<title>POLAND: Polish Allianz-BGZ expects losses at start.</title>
<headline>Polish Allianz-BGZ expects losses at start.</headline>
<dateline>WARSAW 1997-03-27</dateline>
<text>
<p>Polish life and non-life insurer Allianz-BGZ SA, which launched operations in Poland, expects losses in the first several years, a member of Germany's Allianz AG management board said on Thursday.</p>
<p>Detlev Bremkamp told a news conference the losses would be incurred by making initial reserves and training staff but said he expected the Polish non-life unit to break even in the next few years and the life business in up to 10 years.</p>
<p>&quot;We will have losses in both kinds of business in the next couple of years...in non-life hopefully we will achieve a break even in a couple of years and in the life...it will take five to ten years,&quot; he said.</p>
<p>Both non-life  Allianz BGZ Polska SA and life  Allianz BGZ Polska Zycie SA are 51-percent controlled by Poland's Bank Gospodarki Zywnosciowej SA and 49-percent by Germany's Allianz AG Holding and have 14 million zlotys in capital each.</p>
<p>Brigitte Bovermann, the president of both Polish-German insurers, also present, said the first non-life policies have already been sold and life insurance sales would likely start this summer.</p>
<p>&quot;We have already issued the first policies for industrial and commercial clients and in the next three months we will start sales for households, the sale of life policies will start in summer,&quot; she said.</p>
<p>-- Malgorzata Rzepka +48 22 653 9700</p>
</text>
<copyright>(c) Reuters Limited 1997</copyright>
<metadata>
<codes class="bip:countries:1.0">
  <code code="GFR">
    <editdetail attribution="Reuters BIP Coding Group" action="confirmed" date="1997-03-27"/>
  </code>
  <code code="POL">
    <editdetail attribution="Reuters BIP Coding Group" action="confirmed" date="1997-03-27"/>
  </code>
</codes>
<codes class="bip:industries:1.0">
  <code code="I81402">
    <editdetail attribution="Reuters BIP Coding Group" action="confirmed" date="1997-03-27"/>
  </code>
  <code code="I82001">
    <editdetail attribution="Reuters BIP Coding Group" action="confirmed" date="1997-03-27"/>
  </code>
</codes>
<codes class="bip:topics:1.0">
  <code code="C15">
    <editdetail attribution="Reuters BIP Coding Group" action="confirmed" date="1997-03-27"/>
  </code>
  <code code="C152">
    <editdetail attribution="Reuters BIP Coding Group" action="confirmed" date="1997-03-27"/>
  </code>
  <code code="CCAT">
    <editdetail attribution="Reuters BIP Coding Group" action="confirmed" date="1997-03-27"/>
  </code>
</codes>
<dc element="dc.date.created" value="1997-03-27"/>
<dc element="dc.publisher" value="Reuters Holdings Plc"/>
<dc element="dc.date.published" value="1997-03-27"/>
<dc element="dc.source" value="Reuters"/>
<dc element="dc.creator.location" value="WARSAW"/>
<dc element="dc.creator.location.country.name" value="POLAND"/>
<dc element="dc.source" value="Reuters"/>
</metadata>
</newsitem>
