<?xml version="1.0" encoding="iso-8859-1" ?>
<newsitem itemid="471707" id="root" date="1997-03-27" xml:lang="en">
<title>RUSSIA: Aeroflot to replace Ilyushin cargo fleet.</title>
<headline>Aeroflot to replace Ilyushin cargo fleet.</headline>
<dateline>MOSCOW 1997-03-27</dateline>
<text>
<p>Russia's flagship carrier Aeroflot -Russian International Airlines plans to replace its entire cargo fleet of Ilyushin Il-76s by the turn of the century, a company spokesman said on Thursday.</p>
<p>He said that 16 Ilyushins, the only planes that Aeroflot cargo owns, must be retired over 1997-1999.</p>
<p>&quot;These planes fly on scheduled cargo routes between Southeast Asia and Western Europe via Moscow...but it is extremely inefficient for us because they are outdated,&quot; he said.</p>
<p>Aeroflot cargo leases Russian-made Antonov-124s and a single McDonnel-Douglas DC-10-30. The spokesman said Aeroflot planned soon to lease a second DC-10-30.</p>
<p>&quot;The first such aircraft, which we have operated for two years, shows good results on the Seoul-Moscow-Frankfurt route,&quot; he said.</p>
<p>Aeroflot also plans to lease Airbus Industries A-310 cargo planes or Russian-made Tupolev-204 freighters, he said, but did not give more details.</p>
<p>Aeroflot leases 13 Western-made planes, including 12 passenger jets and the DC-10 freighter.</p>
<p>Last year the carrier made a firm order for three Russian-made Ilyushin Il-96T cargo planes powered by U.S.-made Pratt &amp; Whitney engines and Collins avionics, for delivery in 1997-98.</p>
<p>--Viktor Anoshkin, Moscow Newsroom, +7095 941 8520</p>
</text>
<copyright>(c) Reuters Limited 1997</copyright>
<metadata>
<codes class="bip:countries:1.0">
  <code code="RUSS">
    <editdetail attribution="Reuters BIP Coding Group" action="confirmed" date="1997-03-27"/>
  </code>
</codes>
<codes class="bip:industries:1.0">
  <code code="I36400">
    <editdetail attribution="Reuters BIP Coding Group" action="confirmed" date="1997-03-27"/>
  </code>
  <code code="I3640010">
    <editdetail attribution="Reuters BIP Coding Group" action="confirmed" date="1997-03-27"/>
  </code>
  <code code="I75000">
    <editdetail attribution="Reuters BIP Coding Group" action="confirmed" date="1997-03-27"/>
  </code>
</codes>
<codes class="bip:topics:1.0">
  <code code="C24">
    <editdetail attribution="Reuters BIP Coding Group" action="confirmed" date="1997-03-27"/>
  </code>
  <code code="C33">
    <editdetail attribution="Reuters BIP Coding Group" action="confirmed" date="1997-03-27"/>
  </code>
  <code code="CCAT">
    <editdetail attribution="Reuters BIP Coding Group" action="confirmed" date="1997-03-27"/>
  </code>
</codes>
<dc element="dc.date.created" value="1997-03-27"/>
<dc element="dc.publisher" value="Reuters Holdings Plc"/>
<dc element="dc.date.published" value="1997-03-27"/>
<dc element="dc.source" value="Reuters"/>
<dc element="dc.creator.location" value="MOSCOW"/>
<dc element="dc.creator.location.country.name" value="RUSSIA"/>
<dc element="dc.source" value="Reuters"/>
</metadata>
</newsitem>
