<?xml version="1.0" encoding="iso-8859-1" ?>
<newsitem itemid="471743" id="root" date="1997-03-27" xml:lang="en">
<title>CZECH REPUBLIC: Czech AGM approves Unipetrol merger.</title>
<headline>Czech AGM approves Unipetrol merger.</headline>
<dateline>PRAGUE 1997-03-27</dateline>
<text>
<p>Shareholders of Czech petrochemical concern Chemopetrol Group on Thursday approved the merger of its refining operations into state-held Unipetrol a.s., the CTK news agency reported.  </p>
<p>In 1995 Chemopetrol, and the country's other main oil refiner Kaucuk Group a.s., hived off their refining operations to form Ceska Rafinerska, which is 51 percent owned by Unipetrol.</p>
<p>Under a proposal from earlier this year, all three must approve the next step of the plan calling for a swap at a ratio of 1.2 of Unipetrol shares for each Kaucuk a.s. share, and 1.1 of its shares for each Chemopetrol a.s. share.</p>
<p>The swap would entail an exchange of 12 shares of Unipetrol, with a nominal value of 100 crowns each, with one Kaucuk share worth a nominal 1,000 crowns. With Chemopetrol it would be 11 shares at a nominal 100 crowns for one 1,000 crown Chemopetrol share.</p>
<p>Chemopetrol officials confirmed to Reuters that the AGM approved the ratio proposed by Unipetrol.</p>
<p>The plan completes a three-way merger joining the companies as one under the Unipetrol title, as part of the government's petrochemical privatisation plan.  </p>
<p>Unipetrol shares are still 100 percent held by the Czech government until the merger is complete.</p>
<p>Unipetrol controls fuels distribution company Benzina, as well as the 51 percent of Ceska Rafinerska.</p>
<p>A consortium of Conoco, Agip SpA, and Royal Dutch/Shell took the remaining 49 percent stake in Rafinerska in 1995.</p>
<p>-- Prague Newsroom, 420-2-2423-0003</p>
</text>
<copyright>(c) Reuters Limited 1997</copyright>
<metadata>
<codes class="bip:countries:1.0">
  <code code="CZREP">
    <editdetail attribution="Reuters BIP Coding Group" action="confirmed" date="1997-03-27"/>
  </code>
</codes>
<codes class="bip:industries:1.0">
  <code code="I14000">
    <editdetail attribution="Reuters BIP Coding Group" action="confirmed" date="1997-03-27"/>
  </code>
  <code code="I25100">
    <editdetail attribution="Reuters BIP Coding Group" action="confirmed" date="1997-03-27"/>
  </code>
</codes>
<codes class="bip:topics:1.0">
  <code code="C18">
    <editdetail attribution="Reuters BIP Coding Group" action="confirmed" date="1997-03-27"/>
  </code>
  <code code="C181">
    <editdetail attribution="Reuters BIP Coding Group" action="confirmed" date="1997-03-27"/>
  </code>
  <code code="CCAT">
    <editdetail attribution="Reuters BIP Coding Group" action="confirmed" date="1997-03-27"/>
  </code>
</codes>
<dc element="dc.date.created" value="1997-03-27"/>
<dc element="dc.publisher" value="Reuters Holdings Plc"/>
<dc element="dc.date.published" value="1997-03-27"/>
<dc element="dc.source" value="Reuters"/>
<dc element="dc.creator.location" value="PRAGUE"/>
<dc element="dc.creator.location.country.name" value="CZECH REPUBLIC"/>
<dc element="dc.source" value="Reuters"/>
</metadata>
</newsitem>
