<?xml version="1.0" encoding="iso-8859-1" ?>
<newsitem itemid="471758" id="root" date="1997-03-27" xml:lang="en">
<title>HUNGARY: Hungary 1-mo BUBOR rate 21.53 pct, 3-mo 21.35 pct.</title>
<headline>Hungary 1-mo BUBOR rate 21.53 pct, 3-mo 21.35 pct.</headline>
<dateline>BUDAPEST 1997-03-27</dateline>
<text>
<p>Hungary's Budapest Interbank Offered Rates (BUBOR) dipped for both the one-month and the three-month maturities, the National Bank of Hungary (NBH) said on Thursday.</p>
<p>The one-month rate was fixed at 21.53 percent, down 0.01, while the three-month rate was fixed at 21.35 percent, down from 0.03.</p>
<p>-- Budapest newsroom +36 1 327 4040</p>
</text>
<copyright>(c) Reuters Limited 1997</copyright>
<metadata>
<codes class="bip:countries:1.0">
  <code code="HUNG">
    <editdetail attribution="Reuters BIP Coding Group" action="confirmed" date="1997-03-27"/>
  </code>
</codes>
<codes class="bip:topics:1.0">
  <code code="M13">
    <editdetail attribution="Reuters BIP Coding Group" action="confirmed" date="1997-03-27"/>
  </code>
  <code code="M131">
    <editdetail attribution="Reuters BIP Coding Group" action="confirmed" date="1997-03-27"/>
  </code>
  <code code="MCAT">
    <editdetail attribution="Reuters BIP Coding Group" action="confirmed" date="1997-03-27"/>
  </code>
</codes>
<dc element="dc.date.created" value="1997-03-27"/>
<dc element="dc.publisher" value="Reuters Holdings Plc"/>
<dc element="dc.date.published" value="1997-03-27"/>
<dc element="dc.source" value="Reuters"/>
<dc element="dc.creator.location" value="BUDAPEST"/>
<dc element="dc.creator.location.country.name" value="HUNGARY"/>
<dc element="dc.source" value="Reuters"/>
</metadata>
</newsitem>
