<?xml version="1.0" encoding="iso-8859-1" ?>
<newsitem itemid="471721" id="root" date="1997-03-27" xml:lang="en">
<title>SLOVENIA: Slovenian shares ease pushed up by Lek.</title>
<headline>Slovenian shares ease pushed up by Lek.</headline>
<dateline>LJUBLJANA 1997-03-27</dateline>
<text>
<p>Slovenian shares firmed 1.34 percent on Thursday in what traders said was largely a technical rebound after recent losses, helped by a strong performance of drug maker Lek's A issue.</p>
<p>&quot;It seems like our market has finally bottomed out,&quot; said Andrej Potocnik, a trader at brokerage BPH, but warned that the market would likely continue to see some volatile trading.</p>
<p>The SBI index rose 16.91 points or 1.34 percent to 1,277.69. This index was down 3.29 percent on the week.</p>
<p>Turnover continued to dwindle amid a lack of foreign participation, falling to 50.4 million tolars from 69.3 million. Overall eight shares rose, four fell and three were unchanged, while 11 were untraded.</p>
<p>&quot;I don't think there'll be any major increase in volume or prices until foreigners return to buying,&quot; Potocnik said.</p>
<p>Lek's A issue was the most active, jumping 5.38 percent to 23,890 tolars on volume of 1,284 shares for total turnover of 29.8 million tolars.</p>
<p>Warehouse and shopping centre operator BTC, was the biggest gainer, surging 5.69 percent to 13,000 tolars on volume of 535 shares for total turnover of 6.9 million.</p>
<p>Ordinary shares of Dolenjska Bank led the day's decliners, slumping 5.24 percent to 14,110 tolars on volume of 93 shares. -- Ljubljana newsroom, 386-61-125-8439</p>
</text>
<copyright>(c) Reuters Limited 1997</copyright>
<metadata>
<codes class="bip:countries:1.0">
  <code code="SLVNIA">
    <editdetail attribution="Reuters BIP Coding Group" action="confirmed" date="1997-03-27"/>
  </code>
</codes>
<codes class="bip:industries:1.0">
  <code code="I25700">
    <editdetail attribution="Reuters BIP Coding Group" action="confirmed" date="1997-03-27"/>
  </code>
</codes>
<codes class="bip:topics:1.0">
  <code code="M11">
    <editdetail attribution="Reuters BIP Coding Group" action="confirmed" date="1997-03-27"/>
  </code>
  <code code="MCAT">
    <editdetail attribution="Reuters BIP Coding Group" action="confirmed" date="1997-03-27"/>
  </code>
</codes>
<dc element="dc.date.created" value="1997-03-27"/>
<dc element="dc.publisher" value="Reuters Holdings Plc"/>
<dc element="dc.date.published" value="1997-03-27"/>
<dc element="dc.source" value="Reuters"/>
<dc element="dc.creator.location" value="LJUBLJANA"/>
<dc element="dc.creator.location.country.name" value="SLOVENIA"/>
<dc element="dc.source" value="Reuters"/>
</metadata>
</newsitem>
