<?xml version="1.0" encoding="iso-8859-1" ?>
<newsitem itemid="471703" id="root" date="1997-03-27" xml:lang="en">
<title>ESTONIA: Most Estonian stocks gain slightly.</title>
<headline>Most Estonian stocks gain slightly.</headline>
<dateline>TALLINN 1997-03-27</dateline>
<text>
<p>Trade on the Estonian bourse on Thursday ahead of the Easter three-day holiday weekend slowed with a good turnover, dealers said.</p>
<p>Total volume on the official list was 56.5 million kroons and the stock exchange index gained 1.59 percent to 244.14.</p>
<p>&quot;There was no major movement but small gains in most prices,&quot; one dealer said.</p>
<p>&quot;This is becoming a bit of a tradition -- no real new news and most prices still move upwards,&quot; he added.</p>
<p>Hansapank was most traded with turnover of 14.1 million kroons of shares. The stock's price picked up three kroons to close on 243.75 kroons.</p>
<p>&quot;Hansapank was affected by its group's results for January and February, which were good but it does not seem that March will match the earlier months gains,&quot; another trader said.</p>
<p>Forekspank was stronger on trade of 13.1 million kroons to end 1.05 kroons higher on 172.00 kroons.</p>
<p>Uhispank was 1.15 kroons higher to finish on 50.90 kroons with a turn over of 12.3 million kroons of shares.</p>
<p>The bank had a muted reaction to a report Italian investor Ernesto Preatoni is to sell more of his stake in the bank.</p>
<p>&quot;The fact Preatoni is selling off should have taken the price lower but it rose so the market viewed it as good news but the question remains what Uhisbank will do,&quot; said a trader.</p>
<p>On the free market, trade was 4.4 million kroons with diversified industrialist Norma the most traded stock.</p>
<p>Norma saw a trade of 1.3 million kroons of shares to close one kroons higher on 67.00 kroons.</p>
<p>-- David Mardiste, Tallinn newsroom +372 630 8400 reuters@reuters.ee</p>
</text>
<copyright>(c) Reuters Limited 1997</copyright>
<metadata>
<codes class="bip:countries:1.0">
  <code code="ESTNIA">
    <editdetail attribution="Reuters BIP Coding Group" action="confirmed" date="1997-03-27"/>
  </code>
</codes>
<codes class="bip:topics:1.0">
  <code code="M11">
    <editdetail attribution="Reuters BIP Coding Group" action="confirmed" date="1997-03-27"/>
  </code>
  <code code="MCAT">
    <editdetail attribution="Reuters BIP Coding Group" action="confirmed" date="1997-03-27"/>
  </code>
</codes>
<dc element="dc.date.created" value="1997-03-27"/>
<dc element="dc.publisher" value="Reuters Holdings Plc"/>
<dc element="dc.date.published" value="1997-03-27"/>
<dc element="dc.source" value="Reuters"/>
<dc element="dc.creator.location" value="TALLINN"/>
<dc element="dc.creator.location.country.name" value="ESTONIA"/>
<dc element="dc.source" value="Reuters"/>
</metadata>
</newsitem>
