<?xml version="1.0" encoding="iso-8859-1" ?>
<newsitem itemid="471719" id="root" date="1997-03-27" xml:lang="en">
<title>RUSSIA: Suffering Russia protests but revolt unlikely.</title>
<headline>Suffering Russia protests but revolt unlikely.</headline>
<byline>Anatoly Verbin</byline>
<dateline>MOSCOW 1997-03-27</dateline>
<text>
<p>Russia's day of protest against unpaid wages brought tens of thousands onto the streets, but the patience and fatalism of ordinary people should ensure there is no mass uprising against the state, analysts said on Thursday.</p>
<p>Once the red flags and Lenin banners are furled and put away after Soviet-style marches in cities across the country, the main question remains unanswered -- how long will the government take to break out of economic crisis?</p>
<p>The answer appears to be in the hands of the new-look government headed by veteran Prime Minister Viktor Chernomyrdin. He announced confidently on Wednesday that his new team of ministers &quot;know what to do and how to do it.&quot;</p>
<p>But sceptics recall his own admission some time ago when he described a previous attempt to improve things by saying: &quot;We wanted to make things better but the result was the same as always.&quot;</p>
<p>Protests by people who have not been paid for months are hardly surprising and nearly all politicians -- from President Boris Yeltsin to the communist opposition, from regional governors to industry bosses -- have used it for their own goals, saying the action was quite justified.</p>
<p>Yeltsin used it as an excuse to reshuffle the government. The new team of liberal ministers has said only consistent reforms can resolve the crisis.</p>
<p>The trade unions, trying to find a role for themselves in the post-communist era, are taking the opportunity to boost their own image. But they all but dropped their central demand for the government's resignation after the reshuffle.</p>
<p>The communist-led opposition, ceding the central role to the unions up to Thursday, used the day itself to demand a radical change of policy. It is unlikely to happen.</p>
<p>The hardline communist daily Sovietskaya Rossiya, accused the Kremlin of &quot;genocide against the nation&quot;. It declared: &quot;Law and truth are on our side. All Russia is behind us and we have nowhere to run. Those who don't like our anger can only flee.&quot;</p>
<p>Many employers, blaming authorities rather than their own incompetence, are likely to demand more state help.</p>
<p>Regional bosses, many of them opposed to the Kremlin, are backing the protests and will use them as a lever in their attempts to wrest more power and money from central government.</p>
<p>Barring a mass explosion of violence similar to that in Albania this month, the protest may even help some of the impoverished millions to survive for some more time.</p>
<p>In typical last-minute style, the Kremlin dispatched billions of roubles to many regions and working groups to pay back some of the salaries and pensions at the very last moment.</p>
<p>Early reports made no mention of disturbances, though some opposition figures, like popular general Alexander Lebed, have warned about a coming &quot;Russian riot, cruel and merciless.&quot;</p>
<p>There are individual cases of desperation -- an unpaid father of five hanged himself in Yaroslavl because he could not feed his family.</p>
<p>But on a wider scale, the legendary patience that has seen the Russian people through centuries of hardship seems bottomless.</p>
<p>&quot;The people are not getting ready to riot, they are just waiting,&quot; wrote observer Galina Kovalskaya in the influential Itogi weekly magazine. &quot;They expect that this mess will, in some miraculous way, transform itself into order, all by itself.&quot;</p>
<p>Kovalskaya quoted one trade union leader as saying: &quot;It appears that the president and the premier also believe, deep in their hearts, that everything will somehow turn out all right.&quot;</p>
</text>
<copyright>(c) Reuters Limited 1997</copyright>
<metadata>
<codes class="bip:countries:1.0">
  <code code="RUSS">
    <editdetail attribution="Reuters BIP Coding Group" action="confirmed" date="1997-03-27"/>
  </code>
</codes>
<codes class="bip:topics:1.0">
  <code code="E12">
    <editdetail attribution="Reuters BIP Coding Group" action="confirmed" date="1997-03-27"/>
  </code>
  <code code="E41">
    <editdetail attribution="Reuters BIP Coding Group" action="confirmed" date="1997-03-27"/>
  </code>
  <code code="ECAT">
    <editdetail attribution="Reuters BIP Coding Group" action="confirmed" date="1997-03-27"/>
  </code>
  <code code="GCAT">
    <editdetail attribution="Reuters BIP Coding Group" action="confirmed" date="1997-03-27"/>
  </code>
  <code code="GJOB">
    <editdetail attribution="Reuters BIP Coding Group" action="confirmed" date="1997-03-27"/>
  </code>
  <code code="GPOL">
    <editdetail attribution="Reuters BIP Coding Group" action="confirmed" date="1997-03-27"/>
  </code>
  <code code="GVIO">
    <editdetail attribution="Reuters BIP Coding Group" action="confirmed" date="1997-03-27"/>
  </code>
</codes>
<dc element="dc.date.created" value="1997-03-27"/>
<dc element="dc.publisher" value="Reuters Holdings Plc"/>
<dc element="dc.date.published" value="1997-03-27"/>
<dc element="dc.source" value="Reuters"/>
<dc element="dc.creator.location" value="MOSCOW"/>
<dc element="dc.creator.location.country.name" value="RUSSIA"/>
<dc element="dc.source" value="Reuters"/>
</metadata>
</newsitem>
