<?xml version="1.0" encoding="iso-8859-1" ?>
<newsitem itemid="471701" id="root" date="1997-03-27" xml:lang="en">
<title>HUNGARY: FORECAST - Table of Hungarian forecasts for 1997.</title>
<headline>FORECAST - Table of Hungarian forecasts for 1997.</headline>
<dateline>BUDAPEST 1997-03-27</dateline>
<text>
<p>Following are Hungarian economic forecasts by semi-independent GKI Economic Research, Budapest Bank (BB) and the government for 1997.</p>
<p>FORECASTS FOR 1997 (All figures in pct unless stated)</p>
<p>		     GKI	  BB     Fin.Ministry	1996</p>
<p>								 prelim. fig</p>
<p> GDP increase    2.5	 1.5-3.0     2.0	    0.0-0.5</p>
<p>Within this:</p>
<p>  - Industry     6.0	 4.0-6.0     4.0-6.0	2.5-3.0</p>
<p>(Building</p>
<p>   industry)     8.0	 -</p>
<p>  - Agriculture  1.0	 -	     -</p>
<p>- Transport,</p>
<p>    telecom.     2.0	 -	     -</p>
<p>GDP domestic</p>
<p>    use	    2.5	 -	     1.0-2.0     -2.0</p>
<p>Within this:</p>
<p>- Household</p>
<p>    consumption  1.0-2.0   0.5-1.0     0.0-0.5     -4.0</p>
<p>  - Investments  10.0	6.0-8.0    10.0-12.0     0.0-2.0</p>
<p> Average CPI     19.5     19.0-19.5   17.0-19.0    23.6</p>
<p> Dec yr/yr CPI   -	  19.8	  16.8	   19.8</p>
<p> Average PPI     -	  17.0-19.0   16.0-17.0    21.8</p>
<p>Trade deficit</p>
<p>  ($ bln)	  3.0-3.2   3.1-3.3     2.5	    2.65</p>
<p>  - Exports	10	  -	     8.0-10.0    10.0-12.0</p>
<p>  - Imports	11	  -	     7.0-9.0	8.0-10.0</p>
<p>Current account</p>
<p>deficit</p>
<p> ($ bln)	   2.0	 2.0-2.3     1.5-2.0	1.68</p>
<p>Number</p>
<p>of jobless</p>
<p>  (1,000)	  480	   -	    -		 -</p>
<p>General govt.</p>
<p>budget</p>
<p>deficit</p>
<p>  - Pct of GDP   4.5-5.0    -	    4.9	     3.3</p>
<p>  - Forint blns   -	  350-370    328		 -</p>
<p>-- Sandor Peto, Budapest newsroom (36 1) 327 4040</p>
</text>
<copyright>(c) Reuters Limited 1997</copyright>
<metadata>
<codes class="bip:countries:1.0">
  <code code="HUNG">
    <editdetail attribution="Reuters BIP Coding Group" action="confirmed" date="1997-03-27"/>
  </code>
</codes>
<codes class="bip:topics:1.0">
  <code code="E71">
    <editdetail attribution="Reuters BIP Coding Group" action="confirmed" date="1997-03-27"/>
  </code>
  <code code="ECAT">
    <editdetail attribution="Reuters BIP Coding Group" action="confirmed" date="1997-03-27"/>
  </code>
</codes>
<dc element="dc.date.created" value="1997-03-27"/>
<dc element="dc.publisher" value="Reuters Holdings Plc"/>
<dc element="dc.date.published" value="1997-03-27"/>
<dc element="dc.source" value="Reuters"/>
<dc element="dc.creator.location" value="BUDAPEST"/>
<dc element="dc.creator.location.country.name" value="HUNGARY"/>
<dc element="dc.source" value="Reuters"/>
</metadata>
</newsitem>
