<?xml version="1.0" encoding="iso-8859-1" ?>
<newsitem itemid="471718" id="root" date="1997-03-27" xml:lang="en">
<title>POLAND: ING Barings rates Relpol as &quot;buy&quot;.</title>
<headline>ING Barings rates Relpol as &quot;buy&quot;.</headline>
<dateline>WARSAW 1997-03-27</dateline>
<text>
<p>ING Barings in London rated Polish electromagnetic transmitters maker Relpol SA a buy, saying the company's projected earnings per share growth was at 79.2 percent.</p>
<p>ING Barings said in its Eastern Europe monthly report that taking into account Relpol's February 28 price of 88 zlotys its 1997 P/E was at 9.7 thanks to the expected spectacular earnings per share growth to 9.04 zlotys in 1997.</p>
<p>&quot;Despite a 47 percent price appreciation, it is still valued at only 9.7 1997 earnings, a 41 percent discount to the industrial average of 16.3,&quot; the report said.</p>
<p>Relpol closed at 109 zlotys on Thursday.</p>
<p>-- Warsaw Newsroom +48 22 653 9700</p>
</text>
<copyright>(c) Reuters Limited 1997</copyright>
<metadata>
<codes class="bip:countries:1.0">
  <code code="POL">
    <editdetail attribution="Reuters BIP Coding Group" action="confirmed" date="1997-03-27"/>
  </code>
</codes>
<codes class="bip:industries:1.0">
  <code code="I34000">
    <editdetail attribution="Reuters BIP Coding Group" action="confirmed" date="1997-03-27"/>
  </code>
</codes>
<codes class="bip:topics:1.0">
  <code code="C15">
    <editdetail attribution="Reuters BIP Coding Group" action="confirmed" date="1997-03-27"/>
  </code>
  <code code="C152">
    <editdetail attribution="Reuters BIP Coding Group" action="confirmed" date="1997-03-27"/>
  </code>
  <code code="CCAT">
    <editdetail attribution="Reuters BIP Coding Group" action="confirmed" date="1997-03-27"/>
  </code>
</codes>
<dc element="dc.date.created" value="1997-03-27"/>
<dc element="dc.publisher" value="Reuters Holdings Plc"/>
<dc element="dc.date.published" value="1997-03-27"/>
<dc element="dc.source" value="Reuters"/>
<dc element="dc.creator.location" value="WARSAW"/>
<dc element="dc.creator.location.country.name" value="POLAND"/>
<dc element="dc.source" value="Reuters"/>
</metadata>
</newsitem>
