<?xml version="1.0" encoding="iso-8859-1" ?>
<newsitem itemid="471752" id="root" date="1997-03-27" xml:lang="en">
<title>RUSSIA: No output halts at Russian nickel,aluminium plants.</title>
<headline>No output halts at Russian nickel,aluminium plants.</headline>
<dateline>MOSCOW 1997-03-27</dateline>
<text>
<p>Protests and strikes across Russia on Thursday did not affect production at nickel and aluminium plants, although some workers in auxiliary jobs at some metals firms joined demonstrations, officials said.</p>
<p>&quot;The workers of our plant have decided not to take part in strikes,&quot; said an official at the Sayansk Aluminium smelter who declined to be named. &quot;Wages are being paid normally and very few people are expected to participate in protests.&quot;</p>
<p>He said there were no disruptions to output or exports at Russia's third largest primary aluminium smelter.</p>
<p>Anatoly Komrakov, spokesman for the Norilsk Nickel metals group, said no workers connected to mining, refining or exports had struck, but some employees in auxiliary jobs at the flagship plant had joined protests.</p>
<p>&quot;Under the agreement reached, there will be no actions directed at interfering with mining, output or exports in the period to July 1,&quot; he said.</p>
<p>Norilsk said on Tuesday that the trade union strike committee at the flagship combine had agreed not to disrupt production or loading of metals before July 1 and had scrapped plans to disrupt output on Thursday and from April 2.</p>
<p>Komrakov said 800-1,000 auxiliary workers had gathered outside the main plant's administrative building to wave red Soviet flags and call for a return to socialism.</p>
<p>The main plant, a key world producer of nickel, cobalt and platinum group metals, has about 120,000 workers.</p>
<p>A spokesman at the Bratsk aluminium smelter, the world's largest, said there were no disruptions.</p>
<p>&quot;There are no disruptions, everyone is working normally,&quot; said Luiza Zhuravlyova from the Siberian city of Bratsk.</p>
<p>Hundreds of thousands of citizens across Russia participated in protest marches over wage and pension arrears, waving red banners and calling for a return to the past. Some exhorted President Boris Yeltsin and his new reformist cabinet to resign.</p>
<p>The turnout appeared to be far below national union leaders' predictions that 20 million protestors would participate. --Andrei Khalip, Moscow Newsroom, +7095 941 8520</p>
</text>
<copyright>(c) Reuters Limited 1997</copyright>
<metadata>
<codes class="bip:countries:1.0">
  <code code="RUSS">
    <editdetail attribution="Reuters BIP Coding Group" action="confirmed" date="1997-03-27"/>
  </code>
</codes>
<codes class="bip:industries:1.0">
  <code code="I22450">
    <editdetail attribution="Reuters BIP Coding Group" action="confirmed" date="1997-03-27"/>
  </code>
  <code code="I22471">
    <editdetail attribution="Reuters BIP Coding Group" action="confirmed" date="1997-03-27"/>
  </code>
</codes>
<codes class="bip:topics:1.0">
  <code code="C21">
    <editdetail attribution="Reuters BIP Coding Group" action="confirmed" date="1997-03-27"/>
  </code>
  <code code="C42">
    <editdetail attribution="Reuters BIP Coding Group" action="confirmed" date="1997-03-27"/>
  </code>
  <code code="CCAT">
    <editdetail attribution="Reuters BIP Coding Group" action="confirmed" date="1997-03-27"/>
  </code>
  <code code="E41">
    <editdetail attribution="Reuters BIP Coding Group" action="confirmed" date="1997-03-27"/>
  </code>
  <code code="ECAT">
    <editdetail attribution="Reuters BIP Coding Group" action="confirmed" date="1997-03-27"/>
  </code>
  <code code="GCAT">
    <editdetail attribution="Reuters BIP Coding Group" action="confirmed" date="1997-03-27"/>
  </code>
  <code code="GJOB">
    <editdetail attribution="Reuters BIP Coding Group" action="confirmed" date="1997-03-27"/>
  </code>
</codes>
<dc element="dc.date.created" value="1997-03-27"/>
<dc element="dc.publisher" value="Reuters Holdings Plc"/>
<dc element="dc.date.published" value="1997-03-27"/>
<dc element="dc.source" value="Reuters"/>
<dc element="dc.creator.location" value="MOSCOW"/>
<dc element="dc.creator.location.country.name" value="RUSSIA"/>
<dc element="dc.source" value="Reuters"/>
</metadata>
</newsitem>
