<?xml version="1.0" encoding="iso-8859-1" ?>
<newsitem itemid="471714" id="root" date="1997-03-27" xml:lang="en">
<title>CROATIA: Croatian stocks lower in thin trade.</title>
<headline>Croatian stocks lower in thin trade.</headline>
<dateline>ZAGREB 1997-03-27</dateline>
<text>
<p>Croatian stocks were steady to lower in shrinking trade on Thursday.</p>
<p>* Five of 11 active stocks fell, three rose and three were flat.</p>
<p>* Volume down 3,724 units, turnover shrank to 1.9 million kuna.</p>
<p>* Biggest decliner hotelier Suncani Hvar lost 3 kuna to 60 on volume of 115 shares.</p>
<p>* Biggest gainer textile firm Varteks inched up 8 kuna or 11 percent to 80, selling 51 shares.</p>
<p>* Most actively traded stock food processor Podravka held its ground at 295 kuna on volume of 1,567 shares. -- Zagreb Newsroom, 385-1-4557075</p>
</text>
<copyright>(c) Reuters Limited 1997</copyright>
<metadata>
<codes class="bip:countries:1.0">
  <code code="CRTIA">
    <editdetail attribution="Reuters BIP Coding Group" action="confirmed" date="1997-03-27"/>
  </code>
</codes>
<codes class="bip:topics:1.0">
  <code code="M11">
    <editdetail attribution="Reuters BIP Coding Group" action="confirmed" date="1997-03-27"/>
  </code>
  <code code="MCAT">
    <editdetail attribution="Reuters BIP Coding Group" action="confirmed" date="1997-03-27"/>
  </code>
</codes>
<dc element="dc.date.created" value="1997-03-27"/>
<dc element="dc.publisher" value="Reuters Holdings Plc"/>
<dc element="dc.date.published" value="1997-03-27"/>
<dc element="dc.source" value="Reuters"/>
<dc element="dc.creator.location" value="ZAGREB"/>
<dc element="dc.creator.location.country.name" value="CROATIA"/>
<dc element="dc.source" value="Reuters"/>
</metadata>
</newsitem>
