<?xml version="1.0" encoding="iso-8859-1" ?>
<newsitem itemid="471715" id="root" date="1997-03-27" xml:lang="en">
<title>CROATIA: Croatian money market rate eases back to 11.1 pct.</title>
<headline>Croatian money market rate eases back to 11.1 pct.</headline>
<dateline>ZAGREB 1997-03-27</dateline>
<text>
<p>Croatia's average money market rate eased back to 11.1 percent on Thursday from 11.6 percent, weighed down by a larger volume of call money loans at steady 10.5 percent.</p>
<p>Daily trade was put at 47.4 million, against 63 million in supply. Almost all of the 36.6 million kuna in fresh loans were call money, dealers said.</p>
<p>One bank accepted a lower price of 12 percent for a smaller two-week deal, down from 13 percent on Wednesday.</p>
<p>One three-week loan was struck at 14 percent, unchanged from a previous level.</p>
<p>Insurers rolled over old one-week loans at an unchanged 9.0 percent. Banks charged between 13 and 18 percent for renewed term deals.</p>
<p>The central bank calculated its kuna midrates for Friday firmer at 6.0093 to the dollar and slightly weaker at 3.5757 against the German mark.</p>
<p>-- Laura Lui, Zagreb Newsroom, 385-1-4557075</p>
</text>
<copyright>(c) Reuters Limited 1997</copyright>
<metadata>
<codes class="bip:countries:1.0">
  <code code="CRTIA">
    <editdetail attribution="Reuters BIP Coding Group" action="confirmed" date="1997-03-27"/>
  </code>
</codes>
<codes class="bip:topics:1.0">
  <code code="M13">
    <editdetail attribution="Reuters BIP Coding Group" action="confirmed" date="1997-03-27"/>
  </code>
  <code code="M131">
    <editdetail attribution="Reuters BIP Coding Group" action="confirmed" date="1997-03-27"/>
  </code>
  <code code="MCAT">
    <editdetail attribution="Reuters BIP Coding Group" action="confirmed" date="1997-03-27"/>
  </code>
</codes>
<dc element="dc.date.created" value="1997-03-27"/>
<dc element="dc.publisher" value="Reuters Holdings Plc"/>
<dc element="dc.date.published" value="1997-03-27"/>
<dc element="dc.source" value="Reuters"/>
<dc element="dc.creator.location" value="ZAGREB"/>
<dc element="dc.creator.location.country.name" value="CROATIA"/>
<dc element="dc.source" value="Reuters"/>
</metadata>
</newsitem>
