<?xml version="1.0" encoding="iso-8859-1" ?>
<newsitem itemid="471741" id="root" date="1997-03-27" xml:lang="en">
<title>ALBANIA: Red cross truck tests rebel-held southern Albania.</title>
<headline>Red cross truck tests rebel-held southern Albania.</headline>
<dateline>TIRANA 1997-03-27</dateline>
<text>
<p>A Red Cross truck carrying emergency food to Albania left northern Greece on Thursday in the first attempt to bring humanitarian relief by road through the rebel-held south of Europe's poorest nation.</p>
<p>&quot;The truck left Ioannina in northern Greece this morning headed for Albania,&quot; said Alain Lennartz, Swiss head of the International Committee of the Red Cross delegation in Tirana.</p>
<p>The truck, carrying nine tonnes of flour, rice, pasta, sugar, salt and soap, was attempting to resupply hospitals, orphanages and old people's homes in southern towns, seized by armed gangs in a revolt against the Tirana government.</p>
<p>&quot;This is the very first attempt&quot; to resupply Albania by land after the crisis, he told Reuters. &quot;We talked to everybody about it in the local authorities in advance.&quot;</p>
<p>There were no plans to seek any police or local armed escorts for the truck through the south, hit by an insurrection this month. The truck was at the border and ready to cross at midday, border officials said.</p>
<p>The truck aimed to travel through the rebel-held southern towns of Gjirokaster, Tepelene and end in the government-held town of Fier on Thursday. On Friday it would travel north to Tirana via Elbasan and end in the port of Durres on Saturday.</p>
<p>&quot;We hope it will go well but we have been concerned about tensions around Gjirokaster,&quot; Lennartz said. Gjirokaster is about 30 kms (20 miles) from the Greek border.</p>
<p>Foreign nations have flown aid into Tirana in recent days and Greece has shipped supplies to the port of Sarande. But relief efforts have shied from resupplying southern Albania by land because the area is almost entirely in the hands of rebels.</p>
<p>European relief experts met Prime Minister Bashkim Fino on Thursday to discuss ways of resupplying the country, including a foreign security force to protect shipments from the looting.</p>
<p>The European Union estimates Albania needs 10,000 tonnes of flour and $10 million of medical supplies.</p>
<p>Southern Albania descended into chaos earlier this month after protests over the collapse of popular savings schemes in January that swallowed the savings of thousands of Albanians. More than 100 people have died.</p>
</text>
<copyright>(c) Reuters Limited 1997</copyright>
<metadata>
<codes class="bip:countries:1.0">
  <code code="ALB">
    <editdetail attribution="Reuters BIP Coding Group" action="confirmed" date="1997-03-27"/>
  </code>
  <code code="GREECE">
    <editdetail attribution="Reuters BIP Coding Group" action="confirmed" date="1997-03-27"/>
  </code>
</codes>
<codes class="bip:topics:1.0">
  <code code="E51">
    <editdetail attribution="Reuters BIP Coding Group" action="confirmed" date="1997-03-27"/>
  </code>
  <code code="ECAT">
    <editdetail attribution="Reuters BIP Coding Group" action="confirmed" date="1997-03-27"/>
  </code>
  <code code="GCAT">
    <editdetail attribution="Reuters BIP Coding Group" action="confirmed" date="1997-03-27"/>
  </code>
  <code code="GDIP">
    <editdetail attribution="Reuters BIP Coding Group" action="confirmed" date="1997-03-27"/>
  </code>
</codes>
<dc element="dc.date.created" value="1997-03-27"/>
<dc element="dc.publisher" value="Reuters Holdings Plc"/>
<dc element="dc.date.published" value="1997-03-27"/>
<dc element="dc.source" value="Reuters"/>
<dc element="dc.creator.location" value="TIRANA"/>
<dc element="dc.creator.location.country.name" value="ALBANIA"/>
<dc element="dc.source" value="Reuters"/>
</metadata>
</newsitem>
