<?xml version="1.0" encoding="iso-8859-1" ?>
<newsitem itemid="471738" id="root" date="1997-03-27" xml:lang="en">
<title>ROMANIA: Romania launches two T-bill issues next month.</title>
<headline>Romania launches two T-bill issues next month.</headline>
<dateline>BUCHAREST 1997-03-27</dateline>
<text>
<p>Romania's Finance Ministry said on Thursday it would launch two rollover treasury bill issues totalling 1.3 trillion lei next month to finance the budget deficit and cover maturing papers.</p>
<p>The 91-day bills are offered with a coupon giving an annual yield equal to the three-month Bucharest Interbank Offered Rate (BUBOR) set five working days ahead of the public subscription sessions, scheduled for April 4 and April 10.</p>
<p>The bills will be placed by the central bank (BNR) and can be bought by commercial banks operating in Romania and their corporate clients.</p>
<p>Three-month BUBOR was 189.13 percent on Wednesday.</p>
<p>In recent months, the Finance Ministry had issued only floating rate bills with annual yield calculated at the average of the BNR's auctioned credit rates during their life period. Last week that rate was 220.02 percent.</p>
<p>Details on issues:</p>
<p>    Official    Issue     Maturity     T-bills on offer</p>
<p>    Code	  Date	 Date	    (bln lei)</p>
<p>    1997-P1    April 04   July 04	   700.00</p>
<p>    1997-A3    April 10   July 10	   611.27</p>
<p>-- Mirela Eremia, Bucharest Newsroom 40-1 3120264</p>
</text>
<copyright>(c) Reuters Limited 1997</copyright>
<metadata>
<codes class="bip:countries:1.0">
  <code code="ROM">
    <editdetail attribution="Reuters BIP Coding Group" action="confirmed" date="1997-03-27"/>
  </code>
</codes>
<codes class="bip:topics:1.0">
  <code code="M13">
    <editdetail attribution="Reuters BIP Coding Group" action="confirmed" date="1997-03-27"/>
  </code>
  <code code="M131">
    <editdetail attribution="Reuters BIP Coding Group" action="confirmed" date="1997-03-27"/>
  </code>
  <code code="MCAT">
    <editdetail attribution="Reuters BIP Coding Group" action="confirmed" date="1997-03-27"/>
  </code>
</codes>
<dc element="dc.date.created" value="1997-03-27"/>
<dc element="dc.publisher" value="Reuters Holdings Plc"/>
<dc element="dc.date.published" value="1997-03-27"/>
<dc element="dc.source" value="Reuters"/>
<dc element="dc.creator.location" value="BUCHAREST"/>
<dc element="dc.creator.location.country.name" value="ROMANIA"/>
<dc element="dc.source" value="Reuters"/>
</metadata>
</newsitem>
