<?xml version="1.0" encoding="iso-8859-1" ?>
<newsitem itemid="471737" id="root" date="1997-03-27" xml:lang="en">
<title>RUSSIA: Aeroflot sees $400 mln Boeing deal signing in Apr.</title>
<headline>Aeroflot sees $400 mln Boeing deal signing in Apr.</headline>
<dateline>MOSCOW 1997-03-27</dateline>
<text>
<p>Russia's Aeroflot -Russian International Airlines plans to sign a final agreement with U.S. plane-maker Boeing in April to purchase 10 jets worth about $400 million, the company said on Thursday.</p>
<p>Aeroflot will buy 10 Boeing 737-400 passenger jets for delivery in 1998-1999, a spokesman said. The companies signed a memorandum of agreement on the deal last September.</p>
<p>&quot;We have almost finished talks on technical specifications of the aircraft and plan to sign a final agreement at the end of April,&quot; the spokesman said.</p>
<p>The 737-400s will replace short-range Tupolev Tu-134 jets, which Aeroflot operates on its domestic and international routes, he said.</p>
<p>Aeroflot has 12 Tu-134s in its fleet of 115 aircraft.</p>
<p>The spokesman said the move would be Aeroflot's first major purchase made without Russian government financial guarantees.</p>
<p>--Viktor Anoshkin, Moscow Newsroom, +7095 941 8520</p>
</text>
<copyright>(c) Reuters Limited 1997</copyright>
<metadata>
<codes class="bip:countries:1.0">
  <code code="RUSS">
    <editdetail attribution="Reuters BIP Coding Group" action="confirmed" date="1997-03-27"/>
  </code>
  <code code="USA">
    <editdetail attribution="Reuters BIP Coding Group" action="confirmed" date="1997-03-27"/>
  </code>
</codes>
<codes class="bip:industries:1.0">
  <code code="I36400">
    <editdetail attribution="Reuters BIP Coding Group" action="confirmed" date="1997-03-27"/>
  </code>
  <code code="I3640010">
    <editdetail attribution="Reuters BIP Coding Group" action="confirmed" date="1997-03-27"/>
  </code>
  <code code="I75000">
    <editdetail attribution="Reuters BIP Coding Group" action="confirmed" date="1997-03-27"/>
  </code>
</codes>
<codes class="bip:topics:1.0">
  <code code="C33">
    <editdetail attribution="Reuters BIP Coding Group" action="confirmed" date="1997-03-27"/>
  </code>
  <code code="CCAT">
    <editdetail attribution="Reuters BIP Coding Group" action="confirmed" date="1997-03-27"/>
  </code>
</codes>
<dc element="dc.date.created" value="1997-03-27"/>
<dc element="dc.publisher" value="Reuters Holdings Plc"/>
<dc element="dc.date.published" value="1997-03-27"/>
<dc element="dc.source" value="Reuters"/>
<dc element="dc.creator.location" value="MOSCOW"/>
<dc element="dc.creator.location.country.name" value="RUSSIA"/>
<dc element="dc.source" value="Reuters"/>
</metadata>
</newsitem>
