<?xml version="1.0" encoding="iso-8859-1" ?>
<newsitem itemid="471744" id="root" date="1997-03-27" xml:lang="en">
<title>ROMANIA: Romania leu 7,025 to dlr on March 27 - BNR.</title>
<headline>Romania leu 7,025 to dlr on March 27 - BNR.</headline>
<dateline>BUCHAREST 1997-03-27</dateline>
<text>
<p>Romania's central bank (BNR) said on Thursday it had calculated the exchange rate of the leu at 7,025 to the dollar for March 27.</p>
<p>The rate, which is not compulsory for book-keeping operations or inter-bank deals, would be used by the Finance Ministry, customs authorities, prosecutor's office and police as well as for statistical purposes.</p>
<p>The announced rate is based on prices quoted by commercial banks operating on Romania's foreign exchange market.</p>
<p>Wednesday's rate was 7,032 lei to the dollar.</p>
<p>-- Bucharest Newsroom 40-1 3120264</p>
</text>
<copyright>(c) Reuters Limited 1997</copyright>
<metadata>
<codes class="bip:countries:1.0">
  <code code="ROM">
    <editdetail attribution="Reuters BIP Coding Group" action="confirmed" date="1997-03-27"/>
  </code>
</codes>
<codes class="bip:topics:1.0">
  <code code="M13">
    <editdetail attribution="Reuters BIP Coding Group" action="confirmed" date="1997-03-27"/>
  </code>
  <code code="M132">
    <editdetail attribution="Reuters BIP Coding Group" action="confirmed" date="1997-03-27"/>
  </code>
  <code code="MCAT">
    <editdetail attribution="Reuters BIP Coding Group" action="confirmed" date="1997-03-27"/>
  </code>
</codes>
<dc element="dc.date.created" value="1997-03-27"/>
<dc element="dc.publisher" value="Reuters Holdings Plc"/>
<dc element="dc.date.published" value="1997-03-27"/>
<dc element="dc.source" value="Reuters"/>
<dc element="dc.creator.location" value="BUCHAREST"/>
<dc element="dc.creator.location.country.name" value="ROMANIA"/>
<dc element="dc.source" value="Reuters"/>
</metadata>
</newsitem>
