<?xml version="1.0" encoding="iso-8859-1" ?>
<newsitem itemid="471747" id="root" date="1997-03-27" xml:lang="en">
<title>KAZAKHSTAN: Russian troops kill three on Tajik-Afghan border.</title>
<headline>Russian troops kill three on Tajik-Afghan border.</headline>
<dateline>ALMATY 1997-03-27</dateline>
<text>
<p>Russian border forces have killed three people trying to cross the Tajik-Afghan border, a Russian military spokesman said on Thursday.</p>
<p>He said the three were killed on Wednesday.</p>
<p>&quot;Two were killed as they tried to cross the Moskovsky border section from Afghanistan into Tajikistan,&quot; the spokesman told Reuters by telephone from the Tajik capital Dushanbe, saying 40 kg (20 lb) of unspecified narcotics were found on the bodies.</p>
<p>He said the third person was killed trying to cross from Tajikistan into Afghanistan. He gave no further details.</p>
<p>Several thousand Russian troops guard the former Soviet republic's borders under a bilateral agreement with Dushanbe and see their role as a bulwark against fundamentalist Islam to the south.</p>
<p>Islamic opposition guerrillas operated out of bases in Afghanistan during Tajikistan's bloody four-year civil war, although a ceasefire with the embattled government has held since December. However, Tajikistan remains an active transit route for drug traffickers.</p>
</text>
<copyright>(c) Reuters Limited 1997</copyright>
<metadata>
<codes class="bip:countries:1.0">
  <code code="AFGH">
    <editdetail attribution="Reuters BIP Coding Group" action="confirmed" date="1997-03-27"/>
  </code>
  <code code="RUSS">
    <editdetail attribution="Reuters BIP Coding Group" action="confirmed" date="1997-03-27"/>
  </code>
  <code code="TADZK">
    <editdetail attribution="Reuters BIP Coding Group" action="confirmed" date="1997-03-27"/>
  </code>
</codes>
<codes class="bip:topics:1.0">
  <code code="GCAT">
    <editdetail attribution="Reuters BIP Coding Group" action="confirmed" date="1997-03-27"/>
  </code>
  <code code="GVIO">
    <editdetail attribution="Reuters BIP Coding Group" action="confirmed" date="1997-03-27"/>
  </code>
</codes>
<dc element="dc.date.created" value="1997-03-27"/>
<dc element="dc.publisher" value="Reuters Holdings Plc"/>
<dc element="dc.date.published" value="1997-03-27"/>
<dc element="dc.source" value="Reuters"/>
<dc element="dc.creator.location" value="ALMATY"/>
<dc element="dc.creator.location.country.name" value="KAZAKHSTAN"/>
<dc element="dc.source" value="Reuters"/>
</metadata>
</newsitem>
