<?xml version="1.0" encoding="iso-8859-1" ?>
<newsitem itemid="471754" id="root" date="1997-03-27" xml:lang="en">
<title>RUSSIA: Russia Irkutsk region plans $80 mln Eurobond.</title>
<headline>Russia Irkutsk region plans $80 mln Eurobond.</headline>
<dateline>MOSCOW 1997-03-27</dateline>
<text>
<p>The Siberian region of Irkutsk plans to raise $80 million through a Eurobond issue early in 1998, regional Deputy Governor Vladimir Dvornichenko said on Thursday, adding the denomination of the bond had not been set.</p>
<p>&quot;This will happen early in 1998,&quot; Dvornichenko told Reuters.</p>
<p>The All-Russian Bank for Regional Development is the agent for the planned issue and ING-Barings is the rating consultant of the project, he said.  </p>
<p>Dvornichenko said the Eurobond would mainly be aimed at southeast Asian markets, such as Taiwan, Japan and South Korea.</p>
<p>&quot;We think the European market will be oversupplied and we have the right to look for other markets, namely southeast Asia,&quot; he said. &quot;We have very good neighbourly relations with them.&quot; Irkutsk has direct flights to many Asian states.</p>
<p>The Irkutsk region joins a long queue of Russian cities and regions, including Moscow, St Petersburg and Nizhny Novgorod, eager to enter international capital markets.</p>
<p>Dvornichenko said the regional administration would choose a rating agency in two weeks and lead managers would be announced by May.</p>
<p>The region plans to use the funds to finance area investment programmes, including development of the Kovyktinskoye natural gas field.</p>
<p>Some Russian estimates put Kovyktinskoye's confirmed reserves at 300 billion cubic metres and unconfirmed reserves at 600 billion cubic metres.</p>
<p>--Julie Tolkacheva, Moscow Newsroom, +7095 941 8520</p>
</text>
<copyright>(c) Reuters Limited 1997</copyright>
<metadata>
<codes class="bip:countries:1.0">
  <code code="RUSS">
    <editdetail attribution="Reuters BIP Coding Group" action="confirmed" date="1997-03-27"/>
  </code>
</codes>
<codes class="bip:topics:1.0">
  <code code="E21">
    <editdetail attribution="Reuters BIP Coding Group" action="confirmed" date="1997-03-27"/>
  </code>
  <code code="E212">
    <editdetail attribution="Reuters BIP Coding Group" action="confirmed" date="1997-03-27"/>
  </code>
  <code code="ECAT">
    <editdetail attribution="Reuters BIP Coding Group" action="confirmed" date="1997-03-27"/>
  </code>
</codes>
<dc element="dc.date.created" value="1997-03-27"/>
<dc element="dc.publisher" value="Reuters Holdings Plc"/>
<dc element="dc.date.published" value="1997-03-27"/>
<dc element="dc.source" value="Reuters"/>
<dc element="dc.creator.location" value="MOSCOW"/>
<dc element="dc.creator.location.country.name" value="RUSSIA"/>
<dc element="dc.source" value="Reuters"/>
</metadata>
</newsitem>
