<?xml version="1.0" encoding="iso-8859-1" ?>
<newsitem itemid="471722" id="root" date="1997-03-27" xml:lang="en">
<title>POLAND: Bytom plans no 1996 payout.</title>
<headline>Bytom plans no 1996 payout.</headline>
<dateline>WARSAW 1997-03-27</dateline>
<text>
<p>Polish garment maker Bytom SA plans no 1996 payout and wants to earmark all 1996 net profit of about 300,000 zlotys for reserve capital, the company's president said on Thursday.</p>
<p>&quot;The profit is so small that...all of it will be earmarked for reserve capital,&quot; Wlodzimierz Szydlo told Reuters.</p>
<p>Last year Bytom paid one-zloty dividend per share.</p>
<p>-- Warsaw Newsroom +48 22 653 9700</p>
</text>
<copyright>(c) Reuters Limited 1997</copyright>
<metadata>
<codes class="bip:countries:1.0">
  <code code="POL">
    <editdetail attribution="Reuters BIP Coding Group" action="confirmed" date="1997-03-27"/>
  </code>
</codes>
<codes class="bip:industries:1.0">
  <code code="I45300">
    <editdetail attribution="Reuters BIP Coding Group" action="confirmed" date="1997-03-27"/>
  </code>
</codes>
<codes class="bip:topics:1.0">
  <code code="C15">
    <editdetail attribution="Reuters BIP Coding Group" action="confirmed" date="1997-03-27"/>
  </code>
  <code code="C152">
    <editdetail attribution="Reuters BIP Coding Group" action="confirmed" date="1997-03-27"/>
  </code>
  <code code="CCAT">
    <editdetail attribution="Reuters BIP Coding Group" action="confirmed" date="1997-03-27"/>
  </code>
</codes>
<dc element="dc.date.created" value="1997-03-27"/>
<dc element="dc.publisher" value="Reuters Holdings Plc"/>
<dc element="dc.date.published" value="1997-03-27"/>
<dc element="dc.source" value="Reuters"/>
<dc element="dc.creator.location" value="WARSAW"/>
<dc element="dc.creator.location.country.name" value="POLAND"/>
<dc element="dc.source" value="Reuters"/>
</metadata>
</newsitem>
