<?xml version="1.0" encoding="iso-8859-1" ?>
<newsitem itemid="468196" id="root" date="1997-03-26" xml:lang="en">
<title>USA: RESEARCH ALERT-Firstar Q1 EPS view cut.</title>
<headline>RESEARCH ALERT-Firstar Q1 EPS view cut.</headline>
<text>
<p>-- Gruntal &amp; Co said Wednesday it cut its first quarter earnings forecast for Firstar Corp to $0.49 a share from $0.52 and cut its full 1997 forecast to $2.24 a share from $2.27.</p>
<p>-- The move was due to some increased costs and lighter fee income in the quarter, Gruntal said in a research note.</p>
<p>-- &quot;While there could be some softness in (Firstar's) results in the first half of 1997, nonetheless, we are content with (Firstar's) outlook goiong forward and maintain our outperform (long term) rating on the shares,&quot; Gruntal said.</p>
<p>-- Shares of Firstar, a Milwaukee-based bank holding company, were down 1/8 at 30 Wednesday. Gruntal said its price target is 35.</p>
<p>((Chicago newsdesk, 312-408-8787))</p>
</text>
<copyright>(c) Reuters Limited 1997</copyright>
<metadata>
<codes class="bip:countries:1.0">
  <code code="USA">
    <editdetail attribution="Reuters BIP Coding Group" action="confirmed" date="1997-03-26"/>
  </code>
</codes>
<codes class="bip:industries:1.0">
  <code code="I81402">
    <editdetail attribution="Reuters BIP Coding Group" action="confirmed" date="1997-03-26"/>
  </code>
</codes>
<codes class="bip:topics:1.0">
  <code code="C15">
    <editdetail attribution="Reuters BIP Coding Group" action="confirmed" date="1997-03-26"/>
  </code>
  <code code="C152">
    <editdetail attribution="Reuters BIP Coding Group" action="confirmed" date="1997-03-26"/>
  </code>
  <code code="CCAT">
    <editdetail attribution="Reuters BIP Coding Group" action="confirmed" date="1997-03-26"/>
  </code>
</codes>
<dc element="dc.publisher" value="Reuters Holdings Plc"/>
<dc element="dc.date.published" value="1997-03-26"/>
<dc element="dc.source" value="Reuters"/>
<dc element="dc.creator.location.country.name" value="USA"/>
<dc element="dc.source" value="Reuters"/>
</metadata>
</newsitem>
