<?xml version="1.0" encoding="iso-8859-1" ?>
<newsitem itemid="468166" id="root" date="1997-03-26" xml:lang="en">
<title>EU:  OFFICIAL JOURNAL CONTENTS - OJ L 84 OF MARCH 26, 1997.</title>
<headline>OFFICIAL JOURNAL CONTENTS - OJ L 84 OF MARCH 26, 1997.</headline>
<text>
<p>* (Note - contents are displayed in reverse order to that in the printed Journal)</p>
<p>* COMMISSION DECISION of 25 March 1997 laying down the animal health requirements and the veterinary certification for the import of petfood in hermetically sealed containers from certain third countries which use alternative heat treatment systems and amending Decision 94/309/EC (Text with EEA relevance) (97/199/EC)</p>
<p>COMMISSION DECISION of 25 March 1997 laying down the animal health requirements and the veterinary certification for the import of processed animal protein from certain third countries which use alternative heat treatment systems and amending Decision 94/344/EC (Text with EEA relevance) (97/198/EC)</p>
<p>COMMISSION DECISION of 18 March 1997 amending Decision 94/446/EC laying down the requirements for the importation from third countries of bones and bone products, horns and horn products and hooves and hoof products, excluding meals thereof, for further processing not intended for human or animal consumption (Text with EEA relevance) (97/197/EC)</p>
<p>DIRECTIVE 97/9/EC OF THE EUROPEAN PARLIAMENT AND OF THE COUNCIL of 3 March 1997 on investor-compensation schemes</p>
<p>COMMISSION REGULATION (EC) No 549/97 of 25 March 1997 establishing the standard import values for determining the entry price of certain fruit and vegetables</p>
<p>COMMISSION REGULATION (EC) No 548/97 of 25 March 1997 providing for the rejection of applications for export licences in relation to products falling within the beef sector</p>
<p>COMMISSION REGULATION (EC) No 547/97 of 25 March 1997 altering the export refunds on beef</p>
<p>COMMISSION REGULATION (EC) No 546/97 of 25 March 1997 amending Regulation (EC) No 414/97 adopting exceptional support measures for the market in pigmeat in Germany</p>
<p>COMMISSION REGULATION (EC) No 545/97 of 25 March 1997 amending Regulation (EC) No 2368/96 derogating from and amending Regulation (EEC) No 2456/93 laying down detailed rules for the application of Council Regulation (EEC) No 805/68 as regards public intervention measures</p>
<p>COMMISSION REGULATION (EC) No 544/97 of 25 March 1997 introducing certificates of origin for garlic imported from certain third countries</p>
<p>COUNCIL REGULATION (EC) No 543/97 of 17 March 1997 amending Regulation (EEC) No 1107/70 on the granting of aids for transport by rail, road and inland waterway</p>
<p>COUNCIL REGULATION (ECSC, EC, EURATOM) No 542/97 of 13 March 1997 laying down the weightings applicable from 1 July 1996 to the remuneration of officials of the European Communities serving in third countries END OF DOCUMENT.</p>
</text>
<copyright>(c) Reuters Limited 1997</copyright>
<metadata>
<codes class="bip:countries:1.0">
  <code code="EEC">
    <editdetail attribution="Reuters BIP Coding Group" action="confirmed" date="1997-03-26"/>
  </code>
</codes>
<codes class="bip:topics:1.0">
  <code code="G15">
    <editdetail attribution="Reuters BIP Coding Group" action="confirmed" date="1997-03-26"/>
  </code>
  <code code="GCAT">
    <editdetail attribution="Reuters BIP Coding Group" action="confirmed" date="1997-03-26"/>
  </code>
</codes>
<dc element="dc.publisher" value="Reuters Holdings Plc"/>
<dc element="dc.date.published" value="1997-03-26"/>
<dc element="dc.source" value="Reuters"/>
<dc element="dc.creator.location.country.name" value="EU"/>
<dc element="dc.source" value="Reuters"/>
</metadata>
</newsitem>
