<?xml version="1.0" encoding="iso-8859-1" ?>
<newsitem itemid="468189" id="root" date="1997-03-26" xml:lang="en">
<title>CANADA: Canada Feb industrial price index rises 0.1 pct.</title>
<headline>Canada Feb industrial price index rises 0.1 pct.</headline>
<dateline>OTTAWA 1997-03-26</dateline>
<text>
<p>Statistics Canada on Wednesday issued the following economic indicators for February.</p>
<p>INDUSTRIAL PRODUCT PRICE INDEX   Month-on-Month   Year-on-Year</p>
<p>    Change				 +0.1		  0.0</p>
<p>					   Feb 97    Jan 97    Feb 96</p>
<p>    Index (base 100=86)	    129.8     129.7     129.8</p>
<p>INDUSTRIAL PRODUCT PRICE INDEX   Month-on-Month   Year-on-Year</p>
<p>    Intermediate goods		 +0.2		 -1.3</p>
<p>    Finished goods		     +0.1		 +2.1</p>
<p>The IPPI reflects the prices producers receive as goods leave their plants.</p>
<p>A Reuters survey of economists had forecast that the overall index would fall 1.4 percent in February from January.</p>
<p>Statistics Candaa said the index's rise was primarily due to the slight rise in the value of the U.S. dollar against the Canadian dollar, which raised the value in Canadian dollars of all export prices quoted in U.S. currency.</p>
<p>The exchange rate increased the month-to-month change in industrial prices from slightly under zero to an increase of 0.1 percent, the federal agency said. The impact was most noticeable for motor vehicles, pulp, paper and wood products.</p>
<p>The agency said the most important monthly price increases in February were for non-ferrous metal products, motor vehicles and parts, and softwood lumber. Declines in petroleum products, newsprint and pulp prices partly offset the increases.</p>
<p>(For more information, contact Statistics Canada's Client Services Unit at (613) 951-3350 or fax: (613) 951-2848)</p>
<p>((Reuters Ottawa Bureau (613) 235-6745))</p>
</text>
<copyright>(c) Reuters Limited 1997</copyright>
<metadata>
<codes class="bip:countries:1.0">
  <code code="CANA">
    <editdetail attribution="Reuters BIP Coding Group" action="confirmed" date="1997-03-26"/>
  </code>
</codes>
<codes class="bip:topics:1.0">
  <code code="E13">
    <editdetail attribution="Reuters BIP Coding Group" action="confirmed" date="1997-03-26"/>
  </code>
  <code code="ECAT">
    <editdetail attribution="Reuters BIP Coding Group" action="confirmed" date="1997-03-26"/>
  </code>
</codes>
<dc element="dc.date.created" value="1997-03-26"/>
<dc element="dc.publisher" value="Reuters Holdings Plc"/>
<dc element="dc.date.published" value="1997-03-26"/>
<dc element="dc.source" value="Reuters"/>
<dc element="dc.creator.location" value="OTTAWA"/>
<dc element="dc.creator.location.country.name" value="CANADA"/>
<dc element="dc.source" value="Reuters"/>
</metadata>
</newsitem>
