<?xml version="1.0" encoding="iso-8859-1" ?>
<newsitem itemid="468191" id="root" date="1997-03-26" xml:lang="en">
<title>USA: Reuter Commodity Index - Mar 26.</title>
<headline>Reuter Commodity Index - Mar 26.</headline>
<text>
<p>TODAY  PREV  FOUR WKS AGO  YR AGO</p>
<p>			 1986.7  1967.9  1958.9     2138.9</p>
<p>			 Mar 26  Mar 25  Feb 26     Mar 27</p>
<p>A new record high of 2348.7 was set on Mar 2 1995 against a previous high of 2327.1 set on Mar 1 1995.</p>
<p>The Reuter Commodity Index is based on cash market prices and started at 100 on September 18, 1993</p>
</text>
<copyright>(c) Reuters Limited 1997</copyright>
<metadata>
<codes class="bip:countries:1.0">
  <code code="USA">
    <editdetail attribution="Reuters BIP Coding Group" action="confirmed" date="1997-03-26"/>
  </code>
</codes>
<codes class="bip:topics:1.0">
  <code code="M14">
    <editdetail attribution="Reuters BIP Coding Group" action="confirmed" date="1997-03-26"/>
  </code>
  <code code="MCAT">
    <editdetail attribution="Reuters BIP Coding Group" action="confirmed" date="1997-03-26"/>
  </code>
</codes>
<dc element="dc.publisher" value="Reuters Holdings Plc"/>
<dc element="dc.date.published" value="1997-03-26"/>
<dc element="dc.source" value="Reuters"/>
<dc element="dc.creator.location.country.name" value="USA"/>
<dc element="dc.source" value="Reuters"/>
</metadata>
</newsitem>
