<?xml version="1.0" encoding="iso-8859-1" ?>
<newsitem itemid="468192" id="root" date="1997-03-26" xml:lang="en">
<title>USA: RESEARCH ALERT - Luz del Sur started as buy.</title>
<headline>RESEARCH ALERT - Luz del Sur started as buy.</headline>
<text>
<p>-- Santander Investment said analyst Samuel Gmez had started coverage of Peruvian power distributor Luz del Sur with a buy rating.</p>
<p>-- &quot;Peru's electricity sector should achieve superior growth over the next five years,&quot; Gmez wrote in a March 25 report.</p>
<p>-- He set a 12- to 18-month price target of 4.65 soles on the stock.</p>
<p>-- Shares in the company were trading up 0.02 sol at 3.23 soles in Lima.</p>
<p>((--Ian Simpson, Wall Street desk, (212) 859-1879))</p>
</text>
<copyright>(c) Reuters Limited 1997</copyright>
<metadata>
<codes class="bip:countries:1.0">
  <code code="PERU">
    <editdetail attribution="Reuters BIP Coding Group" action="confirmed" date="1997-03-26"/>
  </code>
  <code code="USA">
    <editdetail attribution="Reuters BIP Coding Group" action="confirmed" date="1997-03-26"/>
  </code>
</codes>
<codes class="bip:industries:1.0">
  <code code="I16100">
    <editdetail attribution="Reuters BIP Coding Group" action="confirmed" date="1997-03-26"/>
  </code>
</codes>
<codes class="bip:topics:1.0">
  <code code="C15">
    <editdetail attribution="Reuters BIP Coding Group" action="confirmed" date="1997-03-26"/>
  </code>
  <code code="C152">
    <editdetail attribution="Reuters BIP Coding Group" action="confirmed" date="1997-03-26"/>
  </code>
  <code code="CCAT">
    <editdetail attribution="Reuters BIP Coding Group" action="confirmed" date="1997-03-26"/>
  </code>
</codes>
<dc element="dc.publisher" value="Reuters Holdings Plc"/>
<dc element="dc.date.published" value="1997-03-26"/>
<dc element="dc.source" value="Reuters"/>
<dc element="dc.creator.location.country.name" value="USA"/>
<dc element="dc.source" value="Reuters"/>
</metadata>
</newsitem>
