<?xml version="1.0" encoding="iso-8859-1" ?>
<newsitem itemid="468176" id="root" date="1997-03-26" xml:lang="en">
<title>CANADA: TrizecHahn shares gain in wake of issue.</title>
<headline>TrizecHahn shares gain in wake of issue.</headline>
<dateline>TORONTO 1997-03-25</dateline>
<text>
<p>TrizecHahn Corp shares gained sharly for a second session on Wednesday in the wake of the company's announcement on Monday of a new issue of 12.5 million shares.</p>
<p>&quot;I attribute the weakness and now the recovery to the recent share issue that was announced,&quot; said Frank Mayer, real estate analyst with HSBC James Capel Canada.</p>
<p>TrizecHahn shares rose C$1.05 to C$32.30 in midafternoon trading on the Toronto Stock Exchange. More than 27,000 shares had changed hands. On Monday following the announcement the stock closed at a two-month low of C$30.25.</p>
<p>&quot;Many of the people who were buying the shares on the marketplace probably realized they could get a better deal by buying the issue and so that had initial negative effect,&quot; said Mayer. &quot;Then people realized the infusion of this amount of cash would have a positive effect on the company, because it is achieving cash-on-cash returns in the range of 20 percent, and that the share price should be headed higher, not lower.&quot;</p>
<p>TrizecHahn's announcment yesterday that it will lease Toronto's landmark CN tower and build and retail and entertainment complex at the base was a positive for the stock, said Mayer. But he said the size of the share price rise was too large to be accounted for by a single deal.</p>
<p>&quot;I don't think the announcement of a project here or a project there by itself can move capitalization to the magnitude it has,&quot; said Mayer.</p>
<p>The TrizecHahn CN Tower project is expected to cost at least C$100 million to develop, according to Jon Grant, chairman of Canada Lands Company Ltd, which currently owns the CN Tower property. A final agreement with TrizecHahn is expected within 30 days, he said.</p>
<p>((Jeffrey Hodgson (416) 941-8105, e-mail: jeffrey.hodgson@reuters.com))</p>
</text>
<copyright>(c) Reuters Limited 1997</copyright>
<metadata>
<codes class="bip:countries:1.0">
  <code code="CANA">
    <editdetail attribution="Reuters BIP Coding Group" action="confirmed" date="1997-03-26"/>
  </code>
</codes>
<codes class="bip:industries:1.0">
  <code code="I85000">
    <editdetail attribution="Reuters BIP Coding Group" action="confirmed" date="1997-03-26"/>
  </code>
</codes>
<codes class="bip:topics:1.0">
  <code code="C15">
    <editdetail attribution="Reuters BIP Coding Group" action="confirmed" date="1997-03-26"/>
  </code>
  <code code="C152">
    <editdetail attribution="Reuters BIP Coding Group" action="confirmed" date="1997-03-26"/>
  </code>
  <code code="C17">
    <editdetail attribution="Reuters BIP Coding Group" action="confirmed" date="1997-03-26"/>
  </code>
  <code code="C171">
    <editdetail attribution="Reuters BIP Coding Group" action="confirmed" date="1997-03-26"/>
  </code>
  <code code="CCAT">
    <editdetail attribution="Reuters BIP Coding Group" action="confirmed" date="1997-03-26"/>
  </code>
</codes>
<dc element="dc.date.created" value="1997-03-25"/>
<dc element="dc.publisher" value="Reuters Holdings Plc"/>
<dc element="dc.date.published" value="1997-03-26"/>
<dc element="dc.source" value="Reuters"/>
<dc element="dc.creator.location" value="TORONTO"/>
<dc element="dc.creator.location.country.name" value="CANADA"/>
<dc element="dc.source" value="Reuters"/>
</metadata>
</newsitem>
