<?xml version="1.0" encoding="iso-8859-1" ?>
<newsitem itemid="468187" id="root" date="1997-03-26" xml:lang="en">
<title>CANADA: Avenor shrholders defeat Repap deal.</title>
<headline>Avenor shrholders defeat Repap deal.</headline>
<dateline>MONTREAL 1997-03-26</dateline>
<text>
<p>Avenor Inc said shareholders voted 74 percent against a proposed merger with Repap Enterprises Inc at a special meeting of shareholders on Wednesday.</p>
<p>Avenor Chief Executive Paul Gagne told the special meeting he was disappointed that the merger agreement was not approved.</p>
<p>&quot;We reget that the Repap transaction has been rejected,&quot; Gagne said.  </p>
<p>Avenor had cut its stock and debt offer to one Avenor share for every eight Repap shares and excluded Repap's British Columbia operations from the deal.</p>
<p>Its original bid was one Avenor share for every 4.25 Repap shares, plus the assumption of C$2.4 billion in debt.</p>
<p>((Reuters Montreal Bureau 514-985-2434))</p>
</text>
<copyright>(c) Reuters Limited 1997</copyright>
<metadata>
<codes class="bip:countries:1.0">
  <code code="CANA">
    <editdetail attribution="Reuters BIP Coding Group" action="confirmed" date="1997-03-26"/>
  </code>
</codes>
<codes class="bip:industries:1.0">
  <code code="I47100">
    <editdetail attribution="Reuters BIP Coding Group" action="confirmed" date="1997-03-26"/>
  </code>
</codes>
<codes class="bip:topics:1.0">
  <code code="C11">
    <editdetail attribution="Reuters BIP Coding Group" action="confirmed" date="1997-03-26"/>
  </code>
  <code code="C18">
    <editdetail attribution="Reuters BIP Coding Group" action="confirmed" date="1997-03-26"/>
  </code>
  <code code="C181">
    <editdetail attribution="Reuters BIP Coding Group" action="confirmed" date="1997-03-26"/>
  </code>
  <code code="CCAT">
    <editdetail attribution="Reuters BIP Coding Group" action="confirmed" date="1997-03-26"/>
  </code>
</codes>
<dc element="dc.date.created" value="1997-03-26"/>
<dc element="dc.publisher" value="Reuters Holdings Plc"/>
<dc element="dc.date.published" value="1997-03-26"/>
<dc element="dc.source" value="Reuters"/>
<dc element="dc.creator.location" value="MONTREAL"/>
<dc element="dc.creator.location.country.name" value="CANADA"/>
<dc element="dc.source" value="Reuters"/>
</metadata>
</newsitem>
