<?xml version="1.0" encoding="iso-8859-1" ?>
<newsitem itemid="468174" id="root" date="1997-03-26" xml:lang="en">
<title>CANADA: Indiana boy hit by hockey puck out of coma.</title>
<headline>Indiana boy hit by hockey puck out of coma.</headline>
<dateline>WINDSOR, Ontario 1997-03-26</dateline>
<text>
<p>An Indiana boy seriously injured by a flying hockey puck in this Canadian border city regained consciousness on Wednesday after lying in a coma for nearly a week, hospital officials said.</p>
<p>Chad Faulkner, 10, was watching a junior hockey league game last Thursday when a puck bounced off a stick and struck him in the head.</p>
<p>Although conscious, the boy remains in a serious condition in intensive care at the Hotel-Dieu Grace Hospital, spokesman Tim Halford said.</p>
<p>Faulkner and his family, from Batesville, Ind., were in Windsor visiting relatives when they decided to attend the hockey game.    The child's injury prompted an outpouring of</p>
<p>affection in his hometown and among residents of Windsor, just across the border from Detroit.</p>
<p>To help pay some of his medical costs, the Windsor Spitfires junior hockey team scheduled a charity game against their Detroit rivals on Friday when they hope to raise up to C$30,000 ($21,900).</p>
<p>The Spitfires also made a deal with a local restaurant to supply the boy's family with free meals. National Hockey League players who once played on the Spitfires sent him hockey sticks.</p>
<p>Local schools have made hand-drawn posters, and cards and letters are flooding into the hospital.</p>
<p>&quot;(The deluge of good wishes) is more than I have ever seen in our hospital certainly,&quot; said Halford. &quot;It's probably because he was a young lad enjoying himself...minding his own business.&quot;</p>
<p>Windsor firefighters sent Faulkner an official Michael Jordan basketball jersey and the family pastor in Indiana passed a teddy bear around the church for the congregation to hug and then sent it to the boy's bedside.</p>
</text>
<copyright>(c) Reuters Limited 1997</copyright>
<metadata>
<codes class="bip:countries:1.0">
  <code code="CANA">
    <editdetail attribution="Reuters BIP Coding Group" action="confirmed" date="1997-03-26"/>
  </code>
</codes>
<codes class="bip:topics:1.0">
  <code code="GCAT">
    <editdetail attribution="Reuters BIP Coding Group" action="confirmed" date="1997-03-26"/>
  </code>
</codes>
<dc element="dc.date.created" value="1997-03-26"/>
<dc element="dc.publisher" value="Reuters Holdings Plc"/>
<dc element="dc.date.published" value="1997-03-26"/>
<dc element="dc.source" value="Reuters"/>
<dc element="dc.creator.location" value="WINDSOR, Ontario"/>
<dc element="dc.creator.location.country.name" value="CANADA"/>
<dc element="dc.source" value="Reuters"/>
</metadata>
</newsitem>
