<?xml version="1.0" encoding="iso-8859-1" ?>
<newsitem itemid="468194" id="root" date="1997-03-26" xml:lang="en">
<title>USA: RESEARCH ALERT - Vencemos started.</title>
<headline>RESEARCH ALERT - Vencemos started.</headline>
<text>
<p>-- HSBC James Capel said it had started coverage of Venezuelan cement producer Vencemos SA with a hold rating.</p>
<p>-- &quot;Vencemos has emerged as the most efficient producer within the Cemex SA group, as both a successful exporter and domestic player with 49 percent market share in Venezuela,&quot; HSBC James Capel said in a March 25 report.</p>
<p>-- &quot;... A range of valuation parameters indicate that the shares are fairly valued at the current price against its peers.&quot;</p>
<p>-- Shares in the company were off five bolivars at 1285 bolivars in Caracas.</p>
<p>((-- Ian Simpson, Wall Street desk, (212) 859-1879))</p>
</text>
<copyright>(c) Reuters Limited 1997</copyright>
<metadata>
<codes class="bip:countries:1.0">
  <code code="VEN">
    <editdetail attribution="Reuters BIP Coding Group" action="confirmed" date="1997-03-26"/>
  </code>
</codes>
<codes class="bip:industries:1.0">
  <code code="I24200">
    <editdetail attribution="Reuters BIP Coding Group" action="confirmed" date="1997-03-26"/>
  </code>
</codes>
<codes class="bip:topics:1.0">
  <code code="C15">
    <editdetail attribution="Reuters BIP Coding Group" action="confirmed" date="1997-03-26"/>
  </code>
  <code code="C152">
    <editdetail attribution="Reuters BIP Coding Group" action="confirmed" date="1997-03-26"/>
  </code>
  <code code="CCAT">
    <editdetail attribution="Reuters BIP Coding Group" action="confirmed" date="1997-03-26"/>
  </code>
</codes>
<dc element="dc.publisher" value="Reuters Holdings Plc"/>
<dc element="dc.date.published" value="1997-03-26"/>
<dc element="dc.source" value="Reuters"/>
<dc element="dc.creator.location.country.name" value="USA"/>
<dc element="dc.source" value="Reuters"/>
</metadata>
</newsitem>
