<?xml version="1.0" encoding="iso-8859-1" ?>
<newsitem itemid="468167" id="root" date="1997-03-26" xml:lang="en">
<title>EU:  OFFICIAL JOURNAL CONTENTS - OJ C 98 OF MARCH 26, 1997.</title>
<headline>OFFICIAL JOURNAL CONTENTS - OJ C 98 OF MARCH 26, 1997.</headline>
<text>
<p>* (Note - contents are displayed in reverse order to that in the printed Journal)</p>
<p>* Corrigendum to the publication of main points of decisions to grant financial assistance under Regulation (EC) No 1164/94 establishing a Cohesion Fund (97/C 98/07)</p>
<p>Proposal for a Council Decision granting a Community guarantee to the European Investment Bank against losses under loans for projects of mutual interest in Latin American and Asian countries with which the Community has concluded cooperation agreements (Argentina, Bolivia, Brazil, Chile, Colombia, Costa Rica, Ecuador, Guatemala, Honduras, Mexico, Nicaragua, Panama, Paraguay, Peru, Salvador, Uruguay and Venezuela; Bangladesh, Brunei, China, India, Indonesia, Macao, Malaysia, Pakistan, Philippines, Singapore, Sri Lanka, Thailand and Vietnam) (97/C 98/06) COM(95) 742 final - 96/0015(CNS)</p>
<p>STATE AID C 10/97 (ex NN 9/97) Portugal (97/C 98/05)</p>
<p>STATE AID C 8/97 (ex NN 129/95) Italy (97/C 98/04)</p>
<p>LIST OF THE RECOGNIZED PRODUCERS' ORGANIZATIONS IN THE FISHERY AND AQUACULTURE SECTOR (97/C 98/03)</p>
<p>Information procedure - technical regulations (97/C 98/02)</p>
<p>Ecu (1) 25 March 1997 (97/C 98/01) END OF DOCUMENT.</p>
</text>
<copyright>(c) Reuters Limited 1997</copyright>
<metadata>
<codes class="bip:countries:1.0">
  <code code="EEC">
    <editdetail attribution="Reuters BIP Coding Group" action="confirmed" date="1997-03-26"/>
  </code>
</codes>
<codes class="bip:topics:1.0">
  <code code="G15">
    <editdetail attribution="Reuters BIP Coding Group" action="confirmed" date="1997-03-26"/>
  </code>
  <code code="GCAT">
    <editdetail attribution="Reuters BIP Coding Group" action="confirmed" date="1997-03-26"/>
  </code>
</codes>
<dc element="dc.publisher" value="Reuters Holdings Plc"/>
<dc element="dc.date.published" value="1997-03-26"/>
<dc element="dc.source" value="Reuters"/>
<dc element="dc.creator.location.country.name" value="EU"/>
<dc element="dc.source" value="Reuters"/>
</metadata>
</newsitem>
