<?xml version="1.0" encoding="iso-8859-1" ?>
<newsitem itemid="468185" id="root" date="1997-03-26" xml:lang="en">
<title>CANADA: Repap to review options, decide next week.</title>
<headline>Repap to review options, decide next week.</headline>
<dateline>MONTREAL 1997-03-26</dateline>
<text>
<p>Pulp and paper company Repap Enterprises Inc said on Wednesday it is disappointed at the rejection of the Repap-Avenor merger deal by Avenor Inc shareholders and would review its options.</p>
<p>&quot;At this point, we will review the situation with our board of directors and other interested parties and choose a strategy that is in the best interest of preserving and creating value for Repap's shareholders,&quot; Repap Chief Executive George Petty said in a statement.</p>
<p>&quot;We will advise our shareholders of our alternative plans during the course of next week,&quot; he added.  </p>
<p>Petty said Repap was &quot;very disappointed&quot; with the Avenor shareholders' reaction.</p>
<p>&quot;We believe that this merger would have produced a strong company that would have delivered significant value to the shareholders of both companies,&quot; Petty said.</p>
<p>The company said it is business as usual following the rejection of the merger deal.</p>
<p>((Reuters Toronto Bureau (416) 941-8100))</p>
</text>
<copyright>(c) Reuters Limited 1997</copyright>
<metadata>
<codes class="bip:countries:1.0">
  <code code="CANA">
    <editdetail attribution="Reuters BIP Coding Group" action="confirmed" date="1997-03-26"/>
  </code>
</codes>
<codes class="bip:industries:1.0">
  <code code="I47100">
    <editdetail attribution="Reuters BIP Coding Group" action="confirmed" date="1997-03-26"/>
  </code>
</codes>
<codes class="bip:topics:1.0">
  <code code="C18">
    <editdetail attribution="Reuters BIP Coding Group" action="confirmed" date="1997-03-26"/>
  </code>
  <code code="C181">
    <editdetail attribution="Reuters BIP Coding Group" action="confirmed" date="1997-03-26"/>
  </code>
  <code code="CCAT">
    <editdetail attribution="Reuters BIP Coding Group" action="confirmed" date="1997-03-26"/>
  </code>
</codes>
<dc element="dc.date.created" value="1997-03-26"/>
<dc element="dc.publisher" value="Reuters Holdings Plc"/>
<dc element="dc.date.published" value="1997-03-26"/>
<dc element="dc.source" value="Reuters"/>
<dc element="dc.creator.location" value="MONTREAL"/>
<dc element="dc.creator.location.country.name" value="CANADA"/>
<dc element="dc.source" value="Reuters"/>
</metadata>
</newsitem>
