<?xml version="1.0" encoding="iso-8859-1" ?>
<newsitem itemid="468179" id="root" date="1997-03-26" xml:lang="en">
<title>CANADA: Bre-X shares halted until further notice.</title>
<headline>Bre-X shares halted until further notice.</headline>
<dateline>TORONTO 1997-03-26</dateline>
<text>
<p>Shares in Bre-X Minerals Ltd will be halted until further notice, the Toronto Stock Exchange market surveillance department said on Wednesday.</p>
<p>Bre-X shares did not trade on Wednesday. They closed on Tuesday at C$15.50. TSE officials declined to comment further on the trading halt.</p>
<p>Bre-X released a statement earlier saying there appears to be a &quot;strong possibility&quot; that the potential gold resources on its Busang gold project in Indonesia have been overstated due to invalid samples and assays of those samples.</p>
<p>Freeport-McMoRan Copper &amp; Gold Inc said earlier on Wednesday its tests of the Busang II site indicate insignificant gold amounts.</p>
<p>((Reuters Toronto Bureau (416) 941-8100))</p>
</text>
<copyright>(c) Reuters Limited 1997</copyright>
<metadata>
<codes class="bip:countries:1.0">
  <code code="CANA">
    <editdetail attribution="Reuters BIP Coding Group" action="confirmed" date="1997-03-26"/>
  </code>
  <code code="INDON">
    <editdetail attribution="Reuters BIP Coding Group" action="confirmed" date="1997-03-26"/>
  </code>
</codes>
<codes class="bip:industries:1.0">
  <code code="I21000">
    <editdetail attribution="Reuters BIP Coding Group" action="confirmed" date="1997-03-26"/>
  </code>
</codes>
<codes class="bip:topics:1.0">
  <code code="C15">
    <editdetail attribution="Reuters BIP Coding Group" action="confirmed" date="1997-03-26"/>
  </code>
  <code code="C152">
    <editdetail attribution="Reuters BIP Coding Group" action="confirmed" date="1997-03-26"/>
  </code>
  <code code="C24">
    <editdetail attribution="Reuters BIP Coding Group" action="confirmed" date="1997-03-26"/>
  </code>
  <code code="CCAT">
    <editdetail attribution="Reuters BIP Coding Group" action="confirmed" date="1997-03-26"/>
  </code>
</codes>
<dc element="dc.date.created" value="1997-03-26"/>
<dc element="dc.publisher" value="Reuters Holdings Plc"/>
<dc element="dc.date.published" value="1997-03-26"/>
<dc element="dc.source" value="Reuters"/>
<dc element="dc.creator.location" value="TORONTO"/>
<dc element="dc.creator.location.country.name" value="CANADA"/>
<dc element="dc.source" value="Reuters"/>
</metadata>
</newsitem>
