<?xml version="1.0" encoding="iso-8859-1" ?>
<newsitem itemid="468198" id="root" date="1997-03-26" xml:lang="en">
<title>USA: RESEARCH ALERT - TeleTech rated buy.</title>
<headline>RESEARCH ALERT - TeleTech rated buy.</headline>
<text>
<p>-- Furman Selz said it intiated coverage of TeleTech Holdings Inc with a buy rating, and added the stock to its recommended list.</p>
<p>-- estimated earnings of $0.46 per share for 1997 and $0.75 for 1998 versus $0.24 in 1996.</p>
<p>-- set near-term price target of $28. Shares gained 3/8 to 18-1/4.</p>
</text>
<copyright>(c) Reuters Limited 1997</copyright>
<metadata>
<codes class="bip:countries:1.0">
  <code code="USA">
    <editdetail attribution="Reuters BIP Coding Group" action="confirmed" date="1997-03-26"/>
  </code>
</codes>
<codes class="bip:industries:1.0">
  <code code="I83954">
    <editdetail attribution="Reuters BIP Coding Group" action="confirmed" date="1997-03-26"/>
  </code>
</codes>
<codes class="bip:topics:1.0">
  <code code="C15">
    <editdetail attribution="Reuters BIP Coding Group" action="confirmed" date="1997-03-26"/>
  </code>
  <code code="C152">
    <editdetail attribution="Reuters BIP Coding Group" action="confirmed" date="1997-03-26"/>
  </code>
  <code code="CCAT">
    <editdetail attribution="Reuters BIP Coding Group" action="confirmed" date="1997-03-26"/>
  </code>
</codes>
<dc element="dc.publisher" value="Reuters Holdings Plc"/>
<dc element="dc.date.published" value="1997-03-26"/>
<dc element="dc.source" value="Reuters"/>
<dc element="dc.creator.location.country.name" value="USA"/>
<dc element="dc.source" value="Reuters"/>
</metadata>
</newsitem>
