<?xml version="1.0" encoding="iso-8859-1" ?>
<newsitem itemid="468171" id="root" date="1997-03-26" xml:lang="en">
<title>CANADA: Toronto stocks close easier after banks drop.</title>
<headline>Toronto stocks close easier after banks drop.</headline>
<dateline>TORONTO 1997-03-26</dateline>
<text>
<p>CHANGE				    CHANGE</p>
<p>TSE	  6122.84    -20.92   HI 6142.39	    LO  6118.98</p>
<p>DJI	  6880.70     +4.53   GOLD (LONDON)   US$346.05 -3.55</p>
<p>FTSE100    4301.50    +30.80   GOLD (NY-COMEX) US$346.70 -1.50</p>
<p>NIKKEI    18472.45    +32.84   LME CASH NICKEL US$7560   -70.0</p>
<p>CANDLR	1.3733		 LME CASH ALUM   US$1611.5 -19.5</p>
<p>CAN 30-YR   109.07     -0.03   BRENT CRUDE     US$19.28  -0.25</p>
<p>--------------------MARKET COMMENT----------------------------</p>
<p>* Toronto stocks closed softer as interest sensitive issues extended sell-off. * Bre-X Minerals find questioned, trading halted. * 93.6 million shares traded worth C$1.3 billion.  </p>
<p>Toronto stocks ended softer in moderate trading on Wednesday, dragged lower by fears of Canadian interest rate hikes a day after the U.S. Federal Reserve increased short-term interest rates.</p>
<p>The Toronto Stock Exchange's key 300 Composite Index slipped 20.92 points to 6122.84. Trading was moderate at 93.6 million shares worth C$1.3 billion.</p>
<p>&quot;We react usually what happens to the U.S. maybe one day after,&quot; said Montreal-based portfolio consultant Ron Meisels. U.S. markets dipped yesterday after a widely expected quarter-point rise in the U.S. Fed Funds rate.  </p>
<p>&quot;People are worried that there will be a similar raising of rates in Canada,&quot; Meisels said.</p>
<p>Of Toronto's 14 sub-indexes, 10 tumbled, led by the interest-sensitive banks and pipelines along with transportation and consumer products.</p>
<p>The strong groups were real estate, golds, utilities and industrial products.</p>
<p>Declining issues beat out advances almost two to one -- 639 to 348 -- while 269 traded flat.</p>
<p>In other news, Toronto market watchers were rocked by news that Bre-X Minerals Ltd, with one of the hottest gold stories of recent years, may have &quot;insignificant amounts of gold&quot; in the Busang discovery in Indonesia.</p>
<p>Trading in Bre-X was halted all day on Wednesday. Bre-X's partner Freeport-McMoRan Copper &amp; Gold Inc said tests so far showed &quot;insignificant&quot; gold in what was once called the biggest gold find this century.</p>
<p>Bre-X Chief Executive David Walsh said in a statement that &quot;there appears to be a strong possibility that the potential gold resources...have been overstated because of invalid samples and assaying of those samples.&quot;</p>
<p>((Lydia Zajc, Reuters Toronto Bureau (416) 941-8100))</p>
</text>
<copyright>(c) Reuters Limited 1997</copyright>
<metadata>
<codes class="bip:countries:1.0">
  <code code="CANA">
    <editdetail attribution="Reuters BIP Coding Group" action="confirmed" date="1997-03-26"/>
  </code>
</codes>
<codes class="bip:topics:1.0">
  <code code="M11">
    <editdetail attribution="Reuters BIP Coding Group" action="confirmed" date="1997-03-26"/>
  </code>
  <code code="MCAT">
    <editdetail attribution="Reuters BIP Coding Group" action="confirmed" date="1997-03-26"/>
  </code>
</codes>
<dc element="dc.date.created" value="1997-03-26"/>
<dc element="dc.publisher" value="Reuters Holdings Plc"/>
<dc element="dc.date.published" value="1997-03-26"/>
<dc element="dc.source" value="Reuters"/>
<dc element="dc.creator.location" value="TORONTO"/>
<dc element="dc.creator.location.country.name" value="CANADA"/>
<dc element="dc.source" value="Reuters"/>
</metadata>
</newsitem>
