<?xml version="1.0" encoding="iso-8859-1" ?>
<newsitem itemid="468165" id="root" date="1997-03-26" xml:lang="en">
<title>USA: Double Day to buy back up to 21 pct of stk.</title>
<headline>Double Day to buy back up to 21 pct of stk.</headline>
<dateline>GRAND ISLAND, N.Y. 1997-03-26</dateline>
<text>
<p>Double Day Inc said Wednesday its board had authorized the repurchase of up to three million shares, or 21 percent of its issued and outstanding common stock.</p>
<p>Repurchases will take place in private or market transactions during the next 18 months, it said.</p>
<p>The board said its decision was in keeping with its responsibility to maximize shareholder value and was based on the belief that the stock is undervalued.</p>
<p>George Lodick Jr, president of Double Day, said funds for the repurchases will be generated by the non-recurring sale of equity interests in its coal briquetting and pelletizing plants.</p>
<p>Double Day specializes in the recycling of non-hazardous industrial wastes and by-products.</p>
</text>
<copyright>(c) Reuters Limited 1997</copyright>
<metadata>
<codes class="bip:countries:1.0">
  <code code="USA">
    <editdetail attribution="Reuters BIP Coding Group" action="confirmed" date="1997-03-26"/>
  </code>
</codes>
<codes class="bip:topics:1.0">
  <code code="C17">
    <editdetail attribution="Reuters BIP Coding Group" action="confirmed" date="1997-03-26"/>
  </code>
  <code code="C171">
    <editdetail attribution="Reuters BIP Coding Group" action="confirmed" date="1997-03-26"/>
  </code>
  <code code="C18">
    <editdetail attribution="Reuters BIP Coding Group" action="confirmed" date="1997-03-26"/>
  </code>
  <code code="C181">
    <editdetail attribution="Reuters BIP Coding Group" action="confirmed" date="1997-03-26"/>
  </code>
  <code code="CCAT">
    <editdetail attribution="Reuters BIP Coding Group" action="confirmed" date="1997-03-26"/>
  </code>
</codes>
<dc element="dc.date.created" value="1997-03-26"/>
<dc element="dc.publisher" value="Reuters Holdings Plc"/>
<dc element="dc.date.published" value="1997-03-26"/>
<dc element="dc.source" value="Reuters"/>
<dc element="dc.creator.location" value="GRAND ISLAND, N.Y."/>
<dc element="dc.creator.location.country.name" value="USA"/>
<dc element="dc.source" value="Reuters"/>
</metadata>
</newsitem>
