<?xml version="1.0" encoding="iso-8859-1" ?>
<newsitem itemid="468183" id="root" date="1997-03-26" xml:lang="en">
<title>CANADA: Canada C$3.0 billion 7-day yields avg 2.975 pct.</title>
<headline>Canada C$3.0 billion 7-day yields avg 2.975 pct.</headline>
<dateline>OTTAWA 1997-03-26</dateline>
<text>
<p>The Bank of Canada said its C$3.0 billion auction of seven-day T-bills due April 3, 1997 produced the following results:</p>
<p>				 YIELD</p>
<p>			  AVG   2.975  PCT AT</p>
<p>			  LO    2.950  HI YLD</p>
<p>			  HI    3.020  10.000</p>
<p>The Bank of Canada said it bought none of the issue.</p>
<p>The bills will be dated and issued on March 27.</p>
<p>((Reuters Toronto Bureau (416) 941-8100))</p>
</text>
<copyright>(c) Reuters Limited 1997</copyright>
<metadata>
<codes class="bip:countries:1.0">
  <code code="CANA">
    <editdetail attribution="Reuters BIP Coding Group" action="confirmed" date="1997-03-26"/>
  </code>
</codes>
<codes class="bip:topics:1.0">
  <code code="M13">
    <editdetail attribution="Reuters BIP Coding Group" action="confirmed" date="1997-03-26"/>
  </code>
  <code code="M131">
    <editdetail attribution="Reuters BIP Coding Group" action="confirmed" date="1997-03-26"/>
  </code>
  <code code="MCAT">
    <editdetail attribution="Reuters BIP Coding Group" action="confirmed" date="1997-03-26"/>
  </code>
</codes>
<dc element="dc.date.created" value="1997-03-26"/>
<dc element="dc.publisher" value="Reuters Holdings Plc"/>
<dc element="dc.date.published" value="1997-03-26"/>
<dc element="dc.source" value="Reuters"/>
<dc element="dc.creator.location" value="OTTAWA"/>
<dc element="dc.creator.location.country.name" value="CANADA"/>
<dc element="dc.source" value="Reuters"/>
</metadata>
</newsitem>
