<?xml version="1.0" encoding="iso-8859-1" ?>
<newsitem itemid="468225" id="root" date="1997-03-26" xml:lang="en">
<title>USA: American Medserve sees revenue growth.</title>
<headline>American Medserve sees revenue growth.</headline>
<dateline>NAPERVILLE, Ill. 1997-03-26</dateline>
<text>
<p>American Medserve Corp expects add more than $17 million to its annual revenues as a result of its investments in companies in Maryland, Pennsylvania and Virginia this year, President Timothy Burfield said on Wednesday.</p>
<p>The company is an independent provider of pharmaceutical care to about 46,500 residents at more than 600 long-term care and assisted living facilities in 10 states.</p>
<p>Earlier Wednesday, it reported a fourth-quarter loss of $0.13 per share, compared with a profit of $0.03 in the same period the previous year. Revenues rose to $27.6 million from $14.5 million.</p>
<p>The most recent results include non-cash, non-recurring charges of $1.8 million related to the sale of common stock to the company's officers and directors prior to the initial public offering in December 1996.</p>
<p>	  ((Reuters Chicago Newsdesk (312) 408-8787))</p>
</text>
<copyright>(c) Reuters Limited 1997</copyright>
<metadata>
<codes class="bip:countries:1.0">
  <code code="USA">
    <editdetail attribution="Reuters BIP Coding Group" action="confirmed" date="1997-03-26"/>
  </code>
</codes>
<codes class="bip:industries:1.0">
  <code code="I95100">
    <editdetail attribution="Reuters BIP Coding Group" action="confirmed" date="1997-03-26"/>
  </code>
</codes>
<codes class="bip:topics:1.0">
  <code code="C15">
    <editdetail attribution="Reuters BIP Coding Group" action="confirmed" date="1997-03-26"/>
  </code>
  <code code="C152">
    <editdetail attribution="Reuters BIP Coding Group" action="confirmed" date="1997-03-26"/>
  </code>
  <code code="CCAT">
    <editdetail attribution="Reuters BIP Coding Group" action="confirmed" date="1997-03-26"/>
  </code>
</codes>
<dc element="dc.date.created" value="1997-03-26"/>
<dc element="dc.publisher" value="Reuters Holdings Plc"/>
<dc element="dc.date.published" value="1997-03-26"/>
<dc element="dc.source" value="Reuters"/>
<dc element="dc.creator.location" value="NAPERVILLE, Ill."/>
<dc element="dc.creator.location.country.name" value="USA"/>
<dc element="dc.source" value="Reuters"/>
</metadata>
</newsitem>
