<?xml version="1.0" encoding="iso-8859-1" ?>
<newsitem itemid="468266" id="root" date="1997-03-26" xml:lang="en">
<title>USA: Exxon says Calif. refinery at full capacity.</title>
<headline>Exxon says Calif. refinery at full capacity.</headline>
<dateline>LOS ANGELES 1997-03-26</dateline>
<text>
<p>Exxon Corp said on Wednesday its 135,000 barrel-per-day (bpd) refinery in Benecia, Calif., ran at full capacity, following planned maintenance shutdowns of several processing units this winter.</p>
<p>&quot;The refinery is operating normally,&quot; said a Exxon spokesman. &quot;All units are up and running. They were all back as of yesterday,&quot; he said.  </p>
<p>The restarted units include a 26,000 bpd coking unit, a 29,000 bpd hydrocracking unit and vacuum pipestill, all of which shut between late January and early February.</p>
<p>((David Brinkerhoff, Los Angeles bureua +1 213 380 2014))</p>
</text>
<copyright>(c) Reuters Limited 1997</copyright>
<metadata>
<codes class="bip:countries:1.0">
  <code code="USA">
    <editdetail attribution="Reuters BIP Coding Group" action="confirmed" date="1997-03-26"/>
  </code>
</codes>
<codes class="bip:industries:1.0">
  <code code="I13000">
    <editdetail attribution="Reuters BIP Coding Group" action="confirmed" date="1997-03-26"/>
  </code>
  <code code="I1300003">
    <editdetail attribution="Reuters BIP Coding Group" action="confirmed" date="1997-03-26"/>
  </code>
</codes>
<codes class="bip:topics:1.0">
  <code code="C21">
    <editdetail attribution="Reuters BIP Coding Group" action="confirmed" date="1997-03-26"/>
  </code>
  <code code="C24">
    <editdetail attribution="Reuters BIP Coding Group" action="confirmed" date="1997-03-26"/>
  </code>
  <code code="CCAT">
    <editdetail attribution="Reuters BIP Coding Group" action="confirmed" date="1997-03-26"/>
  </code>
</codes>
<dc element="dc.date.created" value="1997-03-26"/>
<dc element="dc.publisher" value="Reuters Holdings Plc"/>
<dc element="dc.date.published" value="1997-03-26"/>
<dc element="dc.source" value="Reuters"/>
<dc element="dc.creator.location" value="LOS ANGELES"/>
<dc element="dc.creator.location.country.name" value="USA"/>
<dc element="dc.source" value="Reuters"/>
</metadata>
</newsitem>
