<?xml version="1.0" encoding="iso-8859-1" ?>
<newsitem itemid="468228" id="root" date="1997-03-26" xml:lang="en">
<title>USA: Strategic sees $8 mln Q1 charge.</title>
<headline>Strategic sees $8 mln Q1 charge.</headline>
<dateline>GREENWICH, Conn 1997-03-26</dateline>
<text>
<p>Strategic Distribution Inc said Wednesday it will take a one-time, non-cash charge of $8 million in the 1997 first quarter.</p>
<p>The charge will cover write-off of in-process research and development related to INTERMAT International Materials Management Inc, a provider of cataloging products, acquired in January, the company said.</p>
<p>On Wednesday the company reported a loss from continuing operations of $813,926, or $0.03 per share, for the fourth quarter ended December 31. The company said continuing operations consist of its In-Plant Store operations.  </p>
<p>Including results from the Strategic Supply and American Technical Services Group subsidiaries, which were discontinued as of the fourth quarter of 1996, the company reported a net loss for the quarter of $4.2 million, or $0.14 per share.</p>
<p>The company said its 1995 fourth quarter loss from continuing operations was $77,756 and its 1995 fourth quarter net loss was $228,477, or $0.01 per share.</p>
<p>The company said it was displeased with the performance of a group of stores that opened in 1995 and has begun action to improve profitability at these stores. It said these efforts include the addition of INTERMAT.</p>
<p>&quot;We have been encouraged by our customers reactions to these initiatives and we believe that our actions to improve profitability within this group of In-Plant Store facilities will result in improved financial performance as 1997 progresses,&quot; the company said in a release.</p>
</text>
<copyright>(c) Reuters Limited 1997</copyright>
<metadata>
<codes class="bip:countries:1.0">
  <code code="USA">
    <editdetail attribution="Reuters BIP Coding Group" action="confirmed" date="1997-03-26"/>
  </code>
</codes>
<codes class="bip:industries:1.0">
  <code code="I61000">
    <editdetail attribution="Reuters BIP Coding Group" action="confirmed" date="1997-03-26"/>
  </code>
</codes>
<codes class="bip:topics:1.0">
  <code code="C15">
    <editdetail attribution="Reuters BIP Coding Group" action="confirmed" date="1997-03-26"/>
  </code>
  <code code="C152">
    <editdetail attribution="Reuters BIP Coding Group" action="confirmed" date="1997-03-26"/>
  </code>
  <code code="CCAT">
    <editdetail attribution="Reuters BIP Coding Group" action="confirmed" date="1997-03-26"/>
  </code>
</codes>
<dc element="dc.date.created" value="1997-03-26"/>
<dc element="dc.publisher" value="Reuters Holdings Plc"/>
<dc element="dc.date.published" value="1997-03-26"/>
<dc element="dc.source" value="Reuters"/>
<dc element="dc.creator.location" value="GREENWICH, Conn"/>
<dc element="dc.creator.location.country.name" value="USA"/>
<dc element="dc.source" value="Reuters"/>
</metadata>
</newsitem>
