<?xml version="1.0" encoding="iso-8859-1" ?>
<newsitem itemid="468200" id="root" date="1997-03-26" xml:lang="en">
<title>USA: RESEARCH ALERT - Smith Barney starts wireless cos.</title>
<headline>RESEARCH ALERT - Smith Barney starts wireless cos.</headline>
<text>
<p>-- Smith Barney said analyst Thomas Lee initiated coverage of the wireless service industry.</p>
<p>-- said initiated coverage of 360 Communications Co with a buy rating.</p>
<p>-- said believes 360 Comms can easily generate new revenue streams, incrementally adding to the 35 percent plus growth of its core cellular business.</p>
<p>-- set 360 Comms 12-month target price $40.  </p>
<p>-- said initiated coverage of Western Wireless Corp and Omnipoint Corp with outperfrom ratings.</p>
<p>-- said Western Wireless has optimal mix of rural cellular and urban personal communications services assets, as well as a solid financial position.</p>
<p>-- said Western's rural cellular assets continue to grow faster than the industry.</p>
<p>-- set Western 12-month target price $29.</p>
<p>-- said Omnipoint owns &quot;some of the most attractive and dense wireless licenses in the U.S.&quot;  </p>
<p>-- sees material subscriber growth to occur in second to third quarter of 1997.</p>
<p>-- set 12-month target price $31.</p>
<p>-- said initiated coverage of AirTouch Communications Inc , Palmer Wireless Inc, Vanguard Cellular Systems Inc and Aerial Communications Inc with neutral ratings.</p>
<p>-- said AirTouch owns a premiere collection of domestic cellular and personal communications services (PCS) assets and international cellular assets.  </p>
<p>-- said AirTouch earnings and stock faces potential dilution from its buyout of U S West's interest in their cellular partnership.</p>
<p>-- said competition from PCS on AirTouch's domestic cellular systems should accelerate in 1997.</p>
<p>-- said believes Palmer has been for sale since early February.</p>
<p>-- said company has attractive middle-sized markets.</p>
<p>-- said stock is expensive and given Palmer's already efficient operations, Palmer does not offer an acquirer immediate cost saving opportunities.  </p>
<p>-- said Vanguard has attractive middle markets and &quot;hidden&quot; asset values, but has shown continued disappointing operating results.</p>
<p>-- said Aerial has not yet rolled out full commercial service in its six major markets.</p>
<p>-- said could see visible subscriber results after the third quarter of 1997.</p>
</text>
<copyright>(c) Reuters Limited 1997</copyright>
<metadata>
<codes class="bip:countries:1.0">
  <code code="USA">
    <editdetail attribution="Reuters BIP Coding Group" action="confirmed" date="1997-03-26"/>
  </code>
</codes>
<codes class="bip:industries:1.0">
  <code code="I34400">
    <editdetail attribution="Reuters BIP Coding Group" action="confirmed" date="1997-03-26"/>
  </code>
  <code code="I79020">
    <editdetail attribution="Reuters BIP Coding Group" action="confirmed" date="1997-03-26"/>
  </code>
</codes>
<codes class="bip:topics:1.0">
  <code code="C15">
    <editdetail attribution="Reuters BIP Coding Group" action="confirmed" date="1997-03-26"/>
  </code>
  <code code="C152">
    <editdetail attribution="Reuters BIP Coding Group" action="confirmed" date="1997-03-26"/>
  </code>
  <code code="CCAT">
    <editdetail attribution="Reuters BIP Coding Group" action="confirmed" date="1997-03-26"/>
  </code>
</codes>
<dc element="dc.publisher" value="Reuters Holdings Plc"/>
<dc element="dc.date.published" value="1997-03-26"/>
<dc element="dc.source" value="Reuters"/>
<dc element="dc.creator.location.country.name" value="USA"/>
<dc element="dc.source" value="Reuters"/>
</metadata>
</newsitem>
