<?xml version="1.0" encoding="iso-8859-1" ?>
<newsitem itemid="468221" id="root" date="1997-03-26" xml:lang="en">
<title>USA: RESEARCH ALERT - First Virginia a buy.</title>
<headline>RESEARCH ALERT - First Virginia a buy.</headline>
<text>
<p>-- UBS Securities analyst Thomas Hanley said in a research note that he initiated coverage of First Virginia Banks Inc with a buy recommendation.</p>
<p>-- He set a &quot;takeout price&quot; of $65 per share, since the company is &quot;attractive to superregional acquirers&quot; because of the company's &quot;high level of profitability, and outstanding credit quality combined with its significant presence in the coveted Virginia and Maryland markets ...&quot;  </p>
<p>-- 1997 earnings estimate is $3.80 per share and the 1998 estimate is $4.15 per share.</p>
<p>-- Shares slipped 1/2 to 52-1/8 in early New York Stock Exchange trade.</p>
</text>
<copyright>(c) Reuters Limited 1997</copyright>
<metadata>
<codes class="bip:countries:1.0">
  <code code="USA">
    <editdetail attribution="Reuters BIP Coding Group" action="confirmed" date="1997-03-26"/>
  </code>
</codes>
<codes class="bip:industries:1.0">
  <code code="I81402">
    <editdetail attribution="Reuters BIP Coding Group" action="confirmed" date="1997-03-26"/>
  </code>
</codes>
<codes class="bip:topics:1.0">
  <code code="C15">
    <editdetail attribution="Reuters BIP Coding Group" action="confirmed" date="1997-03-26"/>
  </code>
  <code code="C152">
    <editdetail attribution="Reuters BIP Coding Group" action="confirmed" date="1997-03-26"/>
  </code>
  <code code="CCAT">
    <editdetail attribution="Reuters BIP Coding Group" action="confirmed" date="1997-03-26"/>
  </code>
</codes>
<dc element="dc.publisher" value="Reuters Holdings Plc"/>
<dc element="dc.date.published" value="1997-03-26"/>
<dc element="dc.source" value="Reuters"/>
<dc element="dc.creator.location.country.name" value="USA"/>
<dc element="dc.source" value="Reuters"/>
</metadata>
</newsitem>
