<?xml version="1.0" encoding="iso-8859-1" ?>
<newsitem itemid="468244" id="root" date="1997-03-26" xml:lang="en">
<title>USA: Lechters Inc Q4 shr rises to $0.64.</title>
<headline>Lechters Inc Q4 shr rises to $0.64.</headline>
<dateline>HARRISON, N.J. 1997-03-26</dateline>
<text>
<p>(Amounts in Thousands, Except Shares and Per Share Data)</p>
<p>					Thirteen	 Fourteen</p>
<p>				     Wks Ended	Wks Ended	%</p>
<p>				   Feb 1, 1997    Feb 3, 1996  Change</p>
<p> Sales				$165,029	 $167,913  (1.7%)</p>
<p> Restructuring Expense		   0	    (217)    N.M.</p>
<p> Net Income			   11,262	    9,634   16.9%</p>
<p>Net Income per Common Share:</p>
<p>     Primary			    0.64	     0.56   14.3%</p>
<p>     Fully Diluted		    0.54	     0.53    1.9%</p>
<p>Weighted Average Shares Outstanding:</p>
<p>     Primary		    17,155,000     17,183,000</p>
<p>     Fully Diluted	    22,487,000     19,314,000</p>
<p>(Amounts in Thousands, Except Shares and Per Share Data)</p>
<p>				     Fifty-Two    Fifty-Three</p>
<p>				     Wks Ended     Wks Ended	 %</p>
<p>				   Feb 1, 1997   Feb 3, 1996   Change</p>
<p> Sales				$441,243	$432,048     2.1%</p>
<p> Restructuring Expense		   0	   (217)     N.M.</p>
<p> Net Income			    3,343	   4,503  (25.8%)</p>
<p>Net Income Available to Common</p>
<p>  Shareholders			 2,501	   4,503  (44.5%)</p>
<p>Net Income per Common Share:</p>
<p>     Primary			    0.15	    0.26  (42.3%)</p>
<p>     Fully Diluted (B)		 N/A	     N/A</p>
<p>Weighted Average Shares Outstanding:</p>
<p>     Primary		    17,155,000    17,288,000</p>
<p>     Fully Diluted (B)		 N/A	     N/A</p>
<p>((-- New York Newsdesk 212 859-1610))</p>
</text>
<copyright>(c) Reuters Limited 1997</copyright>
<metadata>
<codes class="bip:countries:1.0">
  <code code="USA">
    <editdetail attribution="Reuters BIP Coding Group" action="confirmed" date="1997-03-26"/>
  </code>
</codes>
<codes class="bip:industries:1.0">
  <code code="I65400">
    <editdetail attribution="Reuters BIP Coding Group" action="confirmed" date="1997-03-26"/>
  </code>
</codes>
<codes class="bip:topics:1.0">
  <code code="C15">
    <editdetail attribution="Reuters BIP Coding Group" action="confirmed" date="1997-03-26"/>
  </code>
  <code code="C151">
    <editdetail attribution="Reuters BIP Coding Group" action="confirmed" date="1997-03-26"/>
  </code>
  <code code="C1511">
    <editdetail attribution="Reuters BIP Coding Group" action="confirmed" date="1997-03-26"/>
  </code>
  <code code="CCAT">
    <editdetail attribution="Reuters BIP Coding Group" action="confirmed" date="1997-03-26"/>
  </code>
</codes>
<dc element="dc.date.created" value="1997-03-26"/>
<dc element="dc.publisher" value="Reuters Holdings Plc"/>
<dc element="dc.date.published" value="1997-03-26"/>
<dc element="dc.source" value="Reuters"/>
<dc element="dc.creator.location" value="HARRISON, N.J."/>
<dc element="dc.creator.location.country.name" value="USA"/>
<dc element="dc.source" value="Reuters"/>
</metadata>
</newsitem>
