<?xml version="1.0" encoding="iso-8859-1" ?>
<newsitem itemid="468218" id="root" date="1997-03-26" xml:lang="en">
<title>USA: RESEARCH ALERT - AmeriCredit, Aames started.</title>
<headline>RESEARCH ALERT - AmeriCredit, Aames started.</headline>
<text>
<p>-- Prudential Securities confirmed it initiated coverage of AmeriCredit Corp and Aames Financial Corp with buy ratings.</p>
<p>-- Analyst Michael Durante said AmeriCredit is an exceptionally strong lender that should garner significant market share in an industry shake-out.</p>
<p>-- set 12-month price target of $25.</p>
<p>-- estimates earnings for June 1997 year at $1.25 a share, compared to $0.71 in previous year.</p>
<p>-- estimates June 1998 year earnings at $1.65 a share.</p>
<p>-- Prudential said analyst Jennifer Scutti initiated coverage of Aames Financial with a buy rating.</p>
<p>-- further details on Aames were not available.</p>
</text>
<copyright>(c) Reuters Limited 1997</copyright>
<metadata>
<codes class="bip:countries:1.0">
  <code code="USA">
    <editdetail attribution="Reuters BIP Coding Group" action="confirmed" date="1997-03-26"/>
  </code>
</codes>
<codes class="bip:industries:1.0">
  <code code="I65400">
    <editdetail attribution="Reuters BIP Coding Group" action="confirmed" date="1997-03-26"/>
  </code>
  <code code="I81501">
    <editdetail attribution="Reuters BIP Coding Group" action="confirmed" date="1997-03-26"/>
  </code>
  <code code="I8150103">
    <editdetail attribution="Reuters BIP Coding Group" action="confirmed" date="1997-03-26"/>
  </code>
</codes>
<codes class="bip:topics:1.0">
  <code code="C15">
    <editdetail attribution="Reuters BIP Coding Group" action="confirmed" date="1997-03-26"/>
  </code>
  <code code="C152">
    <editdetail attribution="Reuters BIP Coding Group" action="confirmed" date="1997-03-26"/>
  </code>
  <code code="CCAT">
    <editdetail attribution="Reuters BIP Coding Group" action="confirmed" date="1997-03-26"/>
  </code>
</codes>
<dc element="dc.publisher" value="Reuters Holdings Plc"/>
<dc element="dc.date.published" value="1997-03-26"/>
<dc element="dc.source" value="Reuters"/>
<dc element="dc.creator.location.country.name" value="USA"/>
<dc element="dc.source" value="Reuters"/>
</metadata>
</newsitem>
