<?xml version="1.0" encoding="iso-8859-1" ?>
<newsitem itemid="468292" id="root" date="1997-03-26" xml:lang="en">
<title>USA: US YIELD CURVE - Mkt not fully priced for 2nd hike.</title>
<headline>US YIELD CURVE - Mkt not fully priced for 2nd hike.</headline>
<byline>Steven Scheer</byline>
<dateline>NEW YORK 1997-03-26</dateline>
<text>
<p>Despite growing expectations the Federal Reserve will hike interest rates further, the U.S. Treasury market yield curve showed little movement on Wednesday, suggesting the market might take time to fully factor in another tightening.</p>
<p>The two-year to 30-year spread was unchanged at 62 basis points on Wednesday. After the Federal Reserve's rate hike on Tuesday, it had narrowed to 62 from 66 on Monday.  </p>
<p>The Fed raised its target rate on Tuesday to 5.50 percent from 5.25 percent. Market participants are leaning toward the Fed tightening again at either its May or July meetings.</p>
<p>For the spread to flatten further, &quot;the market needs to discount further rate hikes down the road and it hasn't done that yet,&quot; said Tom Macirowski, senior Treasury market strategist at Goldman Sachs &amp; Co.</p>
<p>Analysts expect the two-year to 30-year spread to flatten another seven to 10 basis points in the next few months.</p>
<p>Macirowski noted the two-year note, at 6.37 percent, is only 87 basis points above the new federal funds target.  </p>
<p>&quot;That's not exactly bearish,&quot; Macirowski said. &quot;I would think 100 basis points is definitely doable as the market gets Macirowski said that the five-year to 30-year spread should flatten more than two-year to 30-year, with the two-year to five-year spread steepening somewhat. The five-year to 30-year spread stood at 33 basis points late Wednesday, from 32 basis points Tuesday.  </p>
<p>With the exception of bills, Treasury yields rose on Wednesday after Commerce reported a robust 1.5 percent jump in February durable goods orders following a very strong 4.1 percent rise in January. Selling in futures later added to the losses.</p>
<p>Players said the data confirmed that Fed policy makers were on target in hiking rates at the Federal Open Market Committee (FOMC).</p>
<p>&quot;I am not surprised the bond market has not taken this real well,&quot; said Ethan Harris, senior economist at Lehman Brothers.  </p>
<p>&quot;The problem for the market is that nothing in (its policy) statement said whether it was a one-time move. It (suggested) that if growth remains strong they will move again,&quot; Harris said.</p>
<p>Still, analysts said May might be too soon for the Fed to move again, so the market for now is setting its sights on early July for another rate hike.</p>
<p>&quot;There will be a lot of focus on growth indicators,&quot; Harris said. So, &quot;I think the market will stay in a bad mood for a while.&quot;</p>
<p>(( -- N.A. Treasury Desk, 212-859-1867 ))</p>
</text>
<copyright>(c) Reuters Limited 1997</copyright>
<metadata>
<codes class="bip:countries:1.0">
  <code code="USA">
    <editdetail attribution="Reuters BIP Coding Group" action="confirmed" date="1997-03-26"/>
  </code>
</codes>
<codes class="bip:topics:1.0">
  <code code="E12">
    <editdetail attribution="Reuters BIP Coding Group" action="confirmed" date="1997-03-26"/>
  </code>
  <code code="ECAT">
    <editdetail attribution="Reuters BIP Coding Group" action="confirmed" date="1997-03-26"/>
  </code>
</codes>
<dc element="dc.date.created" value="1997-03-26"/>
<dc element="dc.publisher" value="Reuters Holdings Plc"/>
<dc element="dc.date.published" value="1997-03-26"/>
<dc element="dc.source" value="Reuters"/>
<dc element="dc.creator.location" value="NEW YORK"/>
<dc element="dc.creator.location.country.name" value="USA"/>
<dc element="dc.source" value="Reuters"/>
</metadata>
</newsitem>
