<?xml version="1.0" encoding="iso-8859-1" ?>
<newsitem itemid="468297" id="root" date="1997-03-26" xml:lang="en">
<title>USA: Focusing trouble hits new Hubble camera.</title>
<headline>Focusing trouble hits new Hubble camera.</headline>
<dateline>CAPE CANAVERAL, Fla. 1997-03-26</dateline>
<text>
<p>A $105 million infrared camera fitted to the Hubble Space Telescope by space- walking astronauts last month was suffering focusing problems and may have a shorter lifetime than expected, NASA said on Wednesday.</p>
<p>A block of super-cold frozen nitrogen, used to cool the new instrument to -355 degrees Fahrenheit (-215 Celsius), was thawing faster than expected, distorting its thermos-like insulated container and ruining the focus of one of three infrared cameras, the space agency said in a news release.</p>
<p>The nitrogen was supposed to chill the infrared cameras for about four and a half years, but if it continues to thaw at the present rate, the supply could be exhausted in half that time.</p>
<p>The instrument's chief scientist, Rodger Thompson, of the University of Arizona, said the two working infrared cameras were returning excellent images.</p>
<p>The telescope's engineers were hopeful the problem would eventually correct itself, allowing them to complete their observations.</p>
<p>NASA said it would be several weeks or months until they know just how long the nitrogen will last. In the meantime, they were drawing up plans to complete the instrument's work in less time.</p>
<p>The Near-Infrared Camera and Multi-Object Spectrometer, or NICMOS, was one of two new scientific instruments installed by the crew of the space shuttle Discovery during a $350 million orbital tune-up in February.</p>
<p>NICMOS is one of four instruments aboard the $2 billion orbiting observatory.</p>
</text>
<copyright>(c) Reuters Limited 1997</copyright>
<metadata>
<codes class="bip:countries:1.0">
  <code code="USA">
    <editdetail attribution="Reuters BIP Coding Group" action="confirmed" date="1997-03-26"/>
  </code>
</codes>
<codes class="bip:topics:1.0">
  <code code="GCAT">
    <editdetail attribution="Reuters BIP Coding Group" action="confirmed" date="1997-03-26"/>
  </code>
  <code code="GSCI">
    <editdetail attribution="Reuters BIP Coding Group" action="confirmed" date="1997-03-26"/>
  </code>
</codes>
<dc element="dc.date.created" value="1997-03-26"/>
<dc element="dc.publisher" value="Reuters Holdings Plc"/>
<dc element="dc.date.published" value="1997-03-26"/>
<dc element="dc.source" value="Reuters"/>
<dc element="dc.creator.location" value="CAPE CANAVERAL, Fla."/>
<dc element="dc.creator.location.country.name" value="USA"/>
<dc element="dc.source" value="Reuters"/>
</metadata>
</newsitem>
