<?xml version="1.0" encoding="iso-8859-1" ?>
<newsitem itemid="468262" id="root" date="1997-03-26" xml:lang="en">
<title>USA: H.B. Fuller Co Q1 March 1 net rises.</title>
<headline>H.B. Fuller Co Q1 March 1 net rises.</headline>
<dateline>ST. PAUL, Minn. 1997-03-26</dateline>
<text>
<p>Dollars in thousands, except per share amounts</p>
<p>							Three Months Ended</p>
<p>						 Mar 1, 1997  Mar 2, 1996</p>
<p> Net Sales					 $304,091    $303,571</p>
<p> Cost of Sales				  (209,363)   (211,510)</p>
<p> Gross Profit					94,728	92,061</p>
<p>Selling, Administrative and Other Expenses</p>
<p>						     (79,395)    (82,034)</p>
<p> Operating Earnings				15,333	10,027</p>
<p> Interest Expense				 (4,980)     (5,256)</p>
<p> Other (Expense)/Income			   (480)	 (290)</p>
<p>Earnings Before Income Taxes</p>
<p>  and Minority Interests			  9,873	 4,481</p>
<p> Income Taxes				     (4,028)     (1,788)</p>
<p>Net Earnings of Consolidated Subsidiaries</p>
<p>  Applicable to Minority Interests	     (24)	  (23)</p>
<p> Net Earnings					 5,821	 2,670</p>
<p> Earnings Per Common Share			 0.41	  0.19</p>
<p>Average Number of Common and</p>
<p>Common Equivalent Shares Outstanding</p>
<p>						   14,189,708  14,087,730</p>
<p>((Chicago newsdesk, 312-408-8787))</p>
</text>
<copyright>(c) Reuters Limited 1997</copyright>
<metadata>
<codes class="bip:countries:1.0">
  <code code="USA">
    <editdetail attribution="Reuters BIP Coding Group" action="confirmed" date="1997-03-26"/>
  </code>
</codes>
<codes class="bip:industries:1.0">
  <code code="I25000">
    <editdetail attribution="Reuters BIP Coding Group" action="confirmed" date="1997-03-26"/>
  </code>
</codes>
<codes class="bip:topics:1.0">
  <code code="C15">
    <editdetail attribution="Reuters BIP Coding Group" action="confirmed" date="1997-03-26"/>
  </code>
  <code code="C151">
    <editdetail attribution="Reuters BIP Coding Group" action="confirmed" date="1997-03-26"/>
  </code>
  <code code="CCAT">
    <editdetail attribution="Reuters BIP Coding Group" action="confirmed" date="1997-03-26"/>
  </code>
</codes>
<dc element="dc.date.created" value="1997-03-26"/>
<dc element="dc.publisher" value="Reuters Holdings Plc"/>
<dc element="dc.date.published" value="1997-03-26"/>
<dc element="dc.source" value="Reuters"/>
<dc element="dc.creator.location" value="ST. PAUL, Minn."/>
<dc element="dc.creator.location.country.name" value="USA"/>
<dc element="dc.source" value="Reuters"/>
</metadata>
</newsitem>
