<?xml version="1.0" encoding="iso-8859-1" ?>
<newsitem itemid="468252" id="root" date="1997-03-26" xml:lang="en">
<title>USA: Arguments delayed in La. breast implant trial.</title>
<headline>Arguments delayed in La. breast implant trial.</headline>
<byline>Jua Nyla Hutcheson</byline>
<dateline>NEW ORLEANS 1997-03-26</dateline>
<text>
<p>A Louisiana judge on Wednesday postponed opening arguments in a class-action lawsuit seeking damages from breast implant makers.</p>
<p>Orleans Parish District Civil Judge Yada McGee said the arguments would be heard on Thursday or possibly delayed until next week because of attorney squabbling over evidentiary issues.</p>
<p>The arguments were put on hold until McGee resolves questions about which evidence can be presented to the jury in the first phase of the lawsuit.</p>
<p>The trial is expected to last up to two months. Twelve jurors and six alternates have been selected to hear the case.</p>
<p>McGee ruled earlier that in this phase involving an estimated 1,700 plaintiffs the jury will decide if Dow Chemical Co. bears any responsibility for testing silicone as a medical device. Dow Chemical is half owner of the bankrupt implant manufacturer Dow Corning.</p>
<p>Jurors also will decide if the company failed to disclose, or even suppressed, information on risks and if that kept recipients from making an informed decision about silicone breast implants.</p>
<p>Dow Corning was dismissed from the lawsuit because of bankruptcy proceedings. All claims against it will be handled by U.S. bankruptcy court. The case against Bristol-Myers Squibb Co., another manufacturer, will be tried later.</p>
<p>If the jury determines that Dow Chemical bears some reponsibility for testing and safety, the trial will go into the second phase in which the same jury will be asked to decide if silicone caused injuries, if the recipients were aware of the risks, and if they would have received the implants had they known about all of the dangers.</p>
<p>The third step, if the jury decides that silicone caused medical problems, would be to notify potential class members. Another trial with a new jury would be held after grouping class members with similar illnesses. Class members would have to prove they would not have had the implants except for misrepresentations.</p>
<p>Lead plaintiffs' lawyer Dawn Barrios said the key issue is Dow Chemical's responsibility for testing silicone and component parts for Dow Corning, which had no toxicology lab and relied on Dow Chemical for safety information.</p>
<p>She said scientists had discovered as early as the 1950s that silicone migrates to the brain, liver and spleen and could be highly toxic.</p>
<p>Dow officials maintain the suit was filed for plaintiffs trying to obtain financial compensation only because the company has &quot;deep pockets.&quot; Spokesman John Musser told Reuters the company was nothing more than a shareholder in Dow Corning and its silicone testing was unrelated to breast implants.</p>
<p>The company also maintains there is no scientific proof that silicone implants cause medical problems.</p>
<p>An estimated 1 million American woman have received breast implants, about 80 percent of them for cosmetic reasons. Several thousand say they suffered serious immune system and connective tissue disorders after the implants leaked or ruptured.</p>
<p>About 300,000 women received Dow Corning implants between 1962 and 1992, when the company ceased manufacturing them.</p>
</text>
<copyright>(c) Reuters Limited 1997</copyright>
<metadata>
<codes class="bip:countries:1.0">
  <code code="USA">
    <editdetail attribution="Reuters BIP Coding Group" action="confirmed" date="1997-03-26"/>
  </code>
</codes>
<codes class="bip:industries:1.0">
  <code code="I24000">
    <editdetail attribution="Reuters BIP Coding Group" action="confirmed" date="1997-03-26"/>
  </code>
  <code code="I25000">
    <editdetail attribution="Reuters BIP Coding Group" action="confirmed" date="1997-03-26"/>
  </code>
  <code code="I25140">
    <editdetail attribution="Reuters BIP Coding Group" action="confirmed" date="1997-03-26"/>
  </code>
  <code code="I25700">
    <editdetail attribution="Reuters BIP Coding Group" action="confirmed" date="1997-03-26"/>
  </code>
</codes>
<codes class="bip:topics:1.0">
  <code code="C12">
    <editdetail attribution="Reuters BIP Coding Group" action="confirmed" date="1997-03-26"/>
  </code>
  <code code="CCAT">
    <editdetail attribution="Reuters BIP Coding Group" action="confirmed" date="1997-03-26"/>
  </code>
  <code code="GCAT">
    <editdetail attribution="Reuters BIP Coding Group" action="confirmed" date="1997-03-26"/>
  </code>
  <code code="GCRIM">
    <editdetail attribution="Reuters BIP Coding Group" action="confirmed" date="1997-03-26"/>
  </code>
  <code code="GHEA">
    <editdetail attribution="Reuters BIP Coding Group" action="confirmed" date="1997-03-26"/>
  </code>
</codes>
<dc element="dc.date.created" value="1997-03-26"/>
<dc element="dc.publisher" value="Reuters Holdings Plc"/>
<dc element="dc.date.published" value="1997-03-26"/>
<dc element="dc.source" value="Reuters"/>
<dc element="dc.creator.location" value="NEW ORLEANS"/>
<dc element="dc.creator.location.country.name" value="USA"/>
<dc element="dc.source" value="Reuters"/>
</metadata>
</newsitem>
