<?xml version="1.0" encoding="iso-8859-1" ?>
<newsitem itemid="468238" id="root" date="1997-03-26" xml:lang="en">
<title>USA: Lehman Brothers expands western U.S. sales force.</title>
<headline>Lehman Brothers expands western U.S. sales force.</headline>
<dateline>NEW YORK 1997-03-26</dateline>
<text>
<p>Lehman Brothers Holdings Inc said on Wednesday that it will expand its western U.S. sales force, luring Sherman Bartley from Dean Witter to be senior vice president for portfolio sales in Lehman's San Francisco office.</p>
<p>Also heading west is Rick Newman, who moves from Lehman's New York office to San Francisco to be vice president for portfolio sales.</p>
<p>Bartley and Newman will report to Joseph Uzelac, managing director and head of equities in San Francisco.</p>
<p>Bartley had been at Dean Witter for 10 years, most recently as senior vice president for portfolio sales. At Lehman he will focus on accounts in Denver.</p>
</text>
<copyright>(c) Reuters Limited 1997</copyright>
<metadata>
<codes class="bip:countries:1.0">
  <code code="USA">
    <editdetail attribution="Reuters BIP Coding Group" action="confirmed" date="1997-03-26"/>
  </code>
</codes>
<codes class="bip:industries:1.0">
  <code code="I83100">
    <editdetail attribution="Reuters BIP Coding Group" action="confirmed" date="1997-03-26"/>
  </code>
</codes>
<codes class="bip:topics:1.0">
  <code code="C41">
    <editdetail attribution="Reuters BIP Coding Group" action="confirmed" date="1997-03-26"/>
  </code>
  <code code="C411">
    <editdetail attribution="Reuters BIP Coding Group" action="confirmed" date="1997-03-26"/>
  </code>
  <code code="CCAT">
    <editdetail attribution="Reuters BIP Coding Group" action="confirmed" date="1997-03-26"/>
  </code>
</codes>
<dc element="dc.date.created" value="1997-03-26"/>
<dc element="dc.publisher" value="Reuters Holdings Plc"/>
<dc element="dc.date.published" value="1997-03-26"/>
<dc element="dc.source" value="Reuters"/>
<dc element="dc.creator.location" value="NEW YORK"/>
<dc element="dc.creator.location.country.name" value="USA"/>
<dc element="dc.source" value="Reuters"/>
</metadata>
</newsitem>
