<?xml version="1.0" encoding="iso-8859-1" ?>
<newsitem itemid="468281" id="root" date="1997-03-26" xml:lang="en">
<title>USA: Prentiss Properties plans 10mln shr offering.</title>
<headline>Prentiss Properties plans 10mln shr offering.</headline>
<dateline>DALLAS 1997-03-26</dateline>
<text>
<p>Prentiss Properties Trust, a national office and industrial real estate investment trust said Wednesday it will offer 10 million shares of common stock to the public, under a registration statement filed with the Securities and Exchange Commission on March 26.</p>
<p>The net proceeds to Prentiss Properties Trust are expected to be about $260 million, which will be used to acquire 15 office buildings totaling 1.6 million square feet, and 14 industrial buildings totaling 1.9 million square feet, that the company has identified and is in the process of closing.</p>
<p>The pending acquisitions are located in California, Illinois, Georgia, Maryland, Michigan and Texas.</p>
<p>Prentiss Properties Trust is a self-administered and self-managed real estate investment trust that owns interests in 102 office and industrial properties with about 10.9 million net rentable square feet.</p>
</text>
<copyright>(c) Reuters Limited 1997</copyright>
<metadata>
<codes class="bip:countries:1.0">
  <code code="USA">
    <editdetail attribution="Reuters BIP Coding Group" action="confirmed" date="1997-03-26"/>
  </code>
</codes>
<codes class="bip:industries:1.0">
  <code code="I85000">
    <editdetail attribution="Reuters BIP Coding Group" action="confirmed" date="1997-03-26"/>
  </code>
</codes>
<codes class="bip:topics:1.0">
  <code code="C17">
    <editdetail attribution="Reuters BIP Coding Group" action="confirmed" date="1997-03-26"/>
  </code>
  <code code="C171">
    <editdetail attribution="Reuters BIP Coding Group" action="confirmed" date="1997-03-26"/>
  </code>
  <code code="CCAT">
    <editdetail attribution="Reuters BIP Coding Group" action="confirmed" date="1997-03-26"/>
  </code>
</codes>
<dc element="dc.date.created" value="1997-03-26"/>
<dc element="dc.publisher" value="Reuters Holdings Plc"/>
<dc element="dc.date.published" value="1997-03-26"/>
<dc element="dc.source" value="Reuters"/>
<dc element="dc.creator.location" value="DALLAS"/>
<dc element="dc.creator.location.country.name" value="USA"/>
<dc element="dc.source" value="Reuters"/>
</metadata>
</newsitem>
