<?xml version="1.0" encoding="iso-8859-1" ?>
<newsitem itemid="468229" id="root" date="1997-03-26" xml:lang="en">
<title>USA: Applied Cellular completes acquisition.</title>
<headline>Applied Cellular completes acquisition.</headline>
<dateline>NIXA, Mo. 1997-03-26</dateline>
<text>
<p>Applied Cellular Technology Inc said Wednesday its Universal Commodities Corp unit completed the acquisition of Pizzaro Re-Marketing Inc.</p>
<p>Terms were not disclosed, but the acquisition will accelerate the company's expansion of its computer hardware and services division, which is expected now to add $0.05-$0.08 a share to to 1997 earnings, the technology company said.</p>
<p>Sales for the division are expected to rise to $25 million for the year from $8 million a year ago, the company said.</p>
<p>Pizzaro Re-Marketing is an East Coast-based re-marketer of mainframe computers and disk/tape memory peripheral products.</p>
<p>Applied Cellular Technology shares fell 3/16 to 4-5/16 Wednesday.</p>
<p>((Chicago newsdesk, 312-408-8787))</p>
</text>
<copyright>(c) Reuters Limited 1997</copyright>
<metadata>
<codes class="bip:countries:1.0">
  <code code="USA">
    <editdetail attribution="Reuters BIP Coding Group" action="confirmed" date="1997-03-26"/>
  </code>
</codes>
<codes class="bip:industries:1.0">
  <code code="I33020">
    <editdetail attribution="Reuters BIP Coding Group" action="confirmed" date="1997-03-26"/>
  </code>
</codes>
<codes class="bip:topics:1.0">
  <code code="C18">
    <editdetail attribution="Reuters BIP Coding Group" action="confirmed" date="1997-03-26"/>
  </code>
  <code code="C181">
    <editdetail attribution="Reuters BIP Coding Group" action="confirmed" date="1997-03-26"/>
  </code>
  <code code="CCAT">
    <editdetail attribution="Reuters BIP Coding Group" action="confirmed" date="1997-03-26"/>
  </code>
</codes>
<dc element="dc.date.created" value="1997-03-26"/>
<dc element="dc.publisher" value="Reuters Holdings Plc"/>
<dc element="dc.date.published" value="1997-03-26"/>
<dc element="dc.source" value="Reuters"/>
<dc element="dc.creator.location" value="NIXA, Mo."/>
<dc element="dc.creator.location.country.name" value="USA"/>
<dc element="dc.source" value="Reuters"/>
</metadata>
</newsitem>
