<?xml version="1.0" encoding="iso-8859-1" ?>
<newsitem itemid="468278" id="root" date="1997-03-26" xml:lang="en">
<title>USA: Computer Horizons wins $9.3 mln contract.</title>
<headline>Computer Horizons wins $9.3 mln contract.</headline>
<dateline>MOUNTAIN LAKES, N.J. 1997-03-26</dateline>
<text>
<p>Computer Horizons Corp said Wednesday it won a $9.3 million Year 2000 contract from the Lutheran Brotherhood, an insurance and financial services company based in Minneapolis.</p>
<p>Computer Horizons said the contract covers the construction phase of the project to renovate Lutheran Brotherhood's applications over a two-year period so that the company's computer systems will be able to make the transition to the new millenium.</p>
</text>
<copyright>(c) Reuters Limited 1997</copyright>
<metadata>
<codes class="bip:countries:1.0">
  <code code="USA">
    <editdetail attribution="Reuters BIP Coding Group" action="confirmed" date="1997-03-26"/>
  </code>
</codes>
<codes class="bip:industries:1.0">
  <code code="I82000">
    <editdetail attribution="Reuters BIP Coding Group" action="confirmed" date="1997-03-26"/>
  </code>
  <code code="I83940">
    <editdetail attribution="Reuters BIP Coding Group" action="confirmed" date="1997-03-26"/>
  </code>
</codes>
<codes class="bip:topics:1.0">
  <code code="C33">
    <editdetail attribution="Reuters BIP Coding Group" action="confirmed" date="1997-03-26"/>
  </code>
  <code code="CCAT">
    <editdetail attribution="Reuters BIP Coding Group" action="confirmed" date="1997-03-26"/>
  </code>
</codes>
<dc element="dc.date.created" value="1997-03-26"/>
<dc element="dc.publisher" value="Reuters Holdings Plc"/>
<dc element="dc.date.published" value="1997-03-26"/>
<dc element="dc.source" value="Reuters"/>
<dc element="dc.creator.location" value="MOUNTAIN LAKES, N.J."/>
<dc element="dc.creator.location.country.name" value="USA"/>
<dc element="dc.source" value="Reuters"/>
</metadata>
</newsitem>
