<?xml version="1.0" encoding="iso-8859-1" ?>
<newsitem itemid="468242" id="root" date="1997-03-26" xml:lang="en">
<title>USA: Colonel's gets truckbed liner contract.</title>
<headline>Colonel's gets truckbed liner contract.</headline>
<dateline>MILAN, Mich. 1997-03-26</dateline>
<text>
<p>The Colonel's Truck Accessories Inc, a subsidiary of The Colonel's International Inc, said Wednesday it received an exclusive order to supply Toyota Tacoma pickup truck truckbed liners to Southeast Toyota Inc of Jacksonville, Fla.</p>
<p>Completion of the total delivery is expected to run throughout 1997 and into early 1998.</p>
<p>The value of the order was not disclosed.</p>
<p>		((Reuters Chicago Newsdesk (312) 408-8787))</p>
</text>
<copyright>(c) Reuters Limited 1997</copyright>
<metadata>
<codes class="bip:countries:1.0">
  <code code="USA">
    <editdetail attribution="Reuters BIP Coding Group" action="confirmed" date="1997-03-26"/>
  </code>
</codes>
<codes class="bip:topics:1.0">
  <code code="C33">
    <editdetail attribution="Reuters BIP Coding Group" action="confirmed" date="1997-03-26"/>
  </code>
  <code code="CCAT">
    <editdetail attribution="Reuters BIP Coding Group" action="confirmed" date="1997-03-26"/>
  </code>
</codes>
<dc element="dc.date.created" value="1997-03-26"/>
<dc element="dc.publisher" value="Reuters Holdings Plc"/>
<dc element="dc.date.published" value="1997-03-26"/>
<dc element="dc.source" value="Reuters"/>
<dc element="dc.creator.location" value="MILAN, Mich."/>
<dc element="dc.creator.location.country.name" value="USA"/>
<dc element="dc.source" value="Reuters"/>
</metadata>
</newsitem>
