<?xml version="1.0" encoding="iso-8859-1" ?>
<newsitem itemid="468233" id="root" date="1997-03-26" xml:lang="en">
<title>USA: Golden Books 11 months loss widens.</title>
<headline>Golden Books 11 months loss widens.</headline>
<dateline>NEW YORK 1997-03-26</dateline>
<text>
<p>11 mos. ended		Year ended</p>
<p>			 Dec 1996		    Feb 1996</p>
<p> Shr loss		   $8.73     loss	 $3.23</p>
<p> Net loss		 197,503     loss	67,047</p>
<p> Revs		     255,005		  371,294</p>
<p>(All data above 000s except per share numbers)</p>
<p>NOTE: The full name of the company is Golden Books Family Entertainment Inc.  </p>
<p>1996 eleven month period includes restructuring charge of $65.7 million.</p>
<p>1996 year ended February includes restructuring charge o $8.7 million and a gain of $2.0 million on streamlining plan.</p>
<p>1996 11 month period net includes preferred stock dividend payments.  </p>
<p>Company changed its fiscal year after a restructuring in May 1996.</p>
</text>
<copyright>(c) Reuters Limited 1997</copyright>
<metadata>
<codes class="bip:countries:1.0">
  <code code="USA">
    <editdetail attribution="Reuters BIP Coding Group" action="confirmed" date="1997-03-26"/>
  </code>
</codes>
<codes class="bip:industries:1.0">
  <code code="I47500">
    <editdetail attribution="Reuters BIP Coding Group" action="confirmed" date="1997-03-26"/>
  </code>
</codes>
<codes class="bip:topics:1.0">
  <code code="C15">
    <editdetail attribution="Reuters BIP Coding Group" action="confirmed" date="1997-03-26"/>
  </code>
  <code code="C151">
    <editdetail attribution="Reuters BIP Coding Group" action="confirmed" date="1997-03-26"/>
  </code>
  <code code="CCAT">
    <editdetail attribution="Reuters BIP Coding Group" action="confirmed" date="1997-03-26"/>
  </code>
</codes>
<dc element="dc.date.created" value="1997-03-26"/>
<dc element="dc.publisher" value="Reuters Holdings Plc"/>
<dc element="dc.date.published" value="1997-03-26"/>
<dc element="dc.source" value="Reuters"/>
<dc element="dc.creator.location" value="NEW YORK"/>
<dc element="dc.creator.location.country.name" value="USA"/>
<dc element="dc.source" value="Reuters"/>
</metadata>
</newsitem>
