<?xml version="1.0" encoding="iso-8859-1" ?>
<newsitem itemid="468213" id="root" date="1997-03-26" xml:lang="en">
<title>USA: RESEARCH ALERT - Morgan upgrades Nucor.</title>
<headline>RESEARCH ALERT - Morgan upgrades Nucor.</headline>
<text>
<p>-- J.P. Morgan steel analyst Mike Gambardella said he upgraded Nucor Corp to market performer from market underperformer.</p>
<p>-- &quot;We believe the risk of significant underperformance has been greatly reduced after declining 13 percent from when we initiated coverage 20 months ago,&quot; Gambardella said.</p>
<p>-- Gambardella said he also lowered his first-quarter estimate on Nucor to $0.70 per share from $0.80 per share.  </p>
<p>-- Gambardella said he lowered the estimate to reflect higher operating costs.</p>
<p>-- &quot;We remain cautious on Nucor shares since we believe the dilemma facing management is not whether it follows recent integrated producer price hikes on hot-rolled steel, but whether it cuts hot-rolled prices,&quot; Gambardella said.</p>
</text>
<copyright>(c) Reuters Limited 1997</copyright>
<metadata>
<codes class="bip:countries:1.0">
  <code code="USA">
    <editdetail attribution="Reuters BIP Coding Group" action="confirmed" date="1997-03-26"/>
  </code>
</codes>
<codes class="bip:industries:1.0">
  <code code="I21000">
    <editdetail attribution="Reuters BIP Coding Group" action="confirmed" date="1997-03-26"/>
  </code>
</codes>
<codes class="bip:topics:1.0">
  <code code="C15">
    <editdetail attribution="Reuters BIP Coding Group" action="confirmed" date="1997-03-26"/>
  </code>
  <code code="C152">
    <editdetail attribution="Reuters BIP Coding Group" action="confirmed" date="1997-03-26"/>
  </code>
  <code code="CCAT">
    <editdetail attribution="Reuters BIP Coding Group" action="confirmed" date="1997-03-26"/>
  </code>
</codes>
<dc element="dc.publisher" value="Reuters Holdings Plc"/>
<dc element="dc.date.published" value="1997-03-26"/>
<dc element="dc.source" value="Reuters"/>
<dc element="dc.creator.location.country.name" value="USA"/>
<dc element="dc.source" value="Reuters"/>
</metadata>
</newsitem>
