<?xml version="1.0" encoding="iso-8859-1" ?>
<newsitem itemid="468257" id="root" date="1997-03-26" xml:lang="en">
<title>USA: MovieFone Q4 shr loss $0.06 vs loss $0.01.</title>
<headline>MovieFone Q4 shr loss $0.06 vs loss $0.01.</headline>
<dateline>NEW YORK 1997-03-26</dateline>
<text>
<p>1996			1995</p>
<p> Shr loss		   $0.06     loss	 $0.01</p>
<p> Net loss		     709     loss	   177</p>
<p> Revs			 4,729		    3,398</p>
<p> Avg shrs		  12,806		   12,800</p>
<p>	  12 MONTHS</p>
<p> Shr loss		   $0.15     loss	 $0.13</p>
<p> Net loss		   1,957     loss	 1,723</p>
<p> Revs			15,355		   11,245</p>
<p> Avg shrs		  12,802		   12,800</p>
<p>(All data above 000s except per share numbers)</p>
<p>NOTE: 1996 Q4 results include legal expenses of $1 million, or $0.08 per share,in connection with an ongoing arbitration. Full name of company is MovieFone Inc</p>
</text>
<copyright>(c) Reuters Limited 1997</copyright>
<metadata>
<codes class="bip:countries:1.0">
  <code code="USA">
    <editdetail attribution="Reuters BIP Coding Group" action="confirmed" date="1997-03-26"/>
  </code>
</codes>
<codes class="bip:industries:1.0">
  <code code="I97100">
    <editdetail attribution="Reuters BIP Coding Group" action="confirmed" date="1997-03-26"/>
  </code>
</codes>
<codes class="bip:topics:1.0">
  <code code="C15">
    <editdetail attribution="Reuters BIP Coding Group" action="confirmed" date="1997-03-26"/>
  </code>
  <code code="C151">
    <editdetail attribution="Reuters BIP Coding Group" action="confirmed" date="1997-03-26"/>
  </code>
  <code code="C1511">
    <editdetail attribution="Reuters BIP Coding Group" action="confirmed" date="1997-03-26"/>
  </code>
  <code code="CCAT">
    <editdetail attribution="Reuters BIP Coding Group" action="confirmed" date="1997-03-26"/>
  </code>
</codes>
<dc element="dc.date.created" value="1997-03-26"/>
<dc element="dc.publisher" value="Reuters Holdings Plc"/>
<dc element="dc.date.published" value="1997-03-26"/>
<dc element="dc.source" value="Reuters"/>
<dc element="dc.creator.location" value="NEW YORK"/>
<dc element="dc.creator.location.country.name" value="USA"/>
<dc element="dc.source" value="Reuters"/>
</metadata>
</newsitem>
