<?xml version="1.0" encoding="iso-8859-1" ?>
<newsitem itemid="468223" id="root" date="1997-03-26" xml:lang="en">
<title>USA: RESEARCH ALERT - Inland Resources started.</title>
<headline>RESEARCH ALERT - Inland Resources started.</headline>
<text>
<p>-- Ladenburg Thalmann said it initiated coverage of Inland Resources Inc with a long-term buy rating.</p>
<p>-- Set an 12-to-18-month price target of $15 on the stock.</p>
<p>-- Shares were not immediately open Wednesday after closing Tuesday at nine.</p>
</text>
<copyright>(c) Reuters Limited 1997</copyright>
<metadata>
<codes class="bip:countries:1.0">
  <code code="USA">
    <editdetail attribution="Reuters BIP Coding Group" action="confirmed" date="1997-03-26"/>
  </code>
</codes>
<codes class="bip:industries:1.0">
  <code code="I13000">
    <editdetail attribution="Reuters BIP Coding Group" action="confirmed" date="1997-03-26"/>
  </code>
</codes>
<codes class="bip:topics:1.0">
  <code code="C15">
    <editdetail attribution="Reuters BIP Coding Group" action="confirmed" date="1997-03-26"/>
  </code>
  <code code="C152">
    <editdetail attribution="Reuters BIP Coding Group" action="confirmed" date="1997-03-26"/>
  </code>
  <code code="CCAT">
    <editdetail attribution="Reuters BIP Coding Group" action="confirmed" date="1997-03-26"/>
  </code>
</codes>
<dc element="dc.publisher" value="Reuters Holdings Plc"/>
<dc element="dc.date.published" value="1997-03-26"/>
<dc element="dc.source" value="Reuters"/>
<dc element="dc.creator.location.country.name" value="USA"/>
<dc element="dc.source" value="Reuters"/>
</metadata>
</newsitem>
