<?xml version="1.0" encoding="iso-8859-1" ?>
<newsitem itemid="468277" id="root" date="1997-03-26" xml:lang="en">
<title>USA: Integrated Surgical Q4 shr loss $0.32.</title>
<headline>Integrated Surgical Q4 shr loss $0.32.</headline>
<dateline>SACRAMENTO, Calif. 1997-03-26</dateline>
<text>
<p>INTEGRATED SURGICAL SYSTEMS, INC.</p>
<p>		     CONSOLIDATED STATEMENTS OF OPERATIONS</p>
<p>		     Three Months Ended	   Year Ended</p>
<p>			  December 31,	     December 31,</p>
<p>		     1996	   1995	   1996	   1995</p>
<p> Net sales $   532,246  $    61,908  $ 2,280,311  $   174,521</p>
<p>Cost of sales</p>
<p>		   219,173	 27,895	884,152	 70,179</p>
<p> Gross profit  313,073	 34,013    1,396,159	104,342</p>
<p>Operating expenses:</p>
<p>Selling, general and</p>
<p>administrative</p>
<p>		   697,157	355,828    2,066,236    1,668,947</p>
<p>Research and</p>
<p>  development  896,459	712,917    2,468,535    2,361,125</p>
<p>Stock compensation</p>
<p>		    47,090	     --	357,249	     --</p>
<p>Total operating</p>
<p>  expenses   1,640,706    1,068,745    4,892,020    4,030,072</p>
<p>Operating income</p>
<p>  (loss)   (1,327,633)  (1,034,732)  (3,495,861)  (3,925,730)</p>
<p>Other income (expense)</p>
<p>		     6,180     (59,706)	 57,298    (124,685)</p>
<p>Provision for income</p>
<p>  taxes	    4,999	(1,355)	 10,266	  3,113</p>
<p>Net income (loss)</p>
<p>	     (1,326,452)  (1,093,083)  (3,448,829)  (4,053,528)</p>
<p>Preferred stock dividends</p>
<p>			  --    (216,325)	     --    (936,325)</p>
<p>Net income (loss)</p>
<p>applicable to common</p>
<p>stockholders</p>
<p>	     (1,326,452)  (1,309,408)  (3,448,829)  (4,989,853)</p>
<p>Net income (loss)</p>
<p>per common share and</p>
<p>common share</p>
<p>  equivalent    (0.32)	 (0.31)	 (0.79)	 (1.19)</p>
<p>Shares used in per-share</p>
<p>calculations</p>
<p>		 4,194,831    4,175,887    4,373,947    4,178,877</p>
</text>
<copyright>(c) Reuters Limited 1997</copyright>
<metadata>
<codes class="bip:countries:1.0">
  <code code="USA">
    <editdetail attribution="Reuters BIP Coding Group" action="confirmed" date="1997-03-26"/>
  </code>
</codes>
<codes class="bip:industries:1.0">
  <code code="I37200">
    <editdetail attribution="Reuters BIP Coding Group" action="confirmed" date="1997-03-26"/>
  </code>
</codes>
<codes class="bip:topics:1.0">
  <code code="C15">
    <editdetail attribution="Reuters BIP Coding Group" action="confirmed" date="1997-03-26"/>
  </code>
  <code code="C151">
    <editdetail attribution="Reuters BIP Coding Group" action="confirmed" date="1997-03-26"/>
  </code>
  <code code="C1511">
    <editdetail attribution="Reuters BIP Coding Group" action="confirmed" date="1997-03-26"/>
  </code>
  <code code="CCAT">
    <editdetail attribution="Reuters BIP Coding Group" action="confirmed" date="1997-03-26"/>
  </code>
</codes>
<dc element="dc.date.created" value="1997-03-26"/>
<dc element="dc.publisher" value="Reuters Holdings Plc"/>
<dc element="dc.date.published" value="1997-03-26"/>
<dc element="dc.source" value="Reuters"/>
<dc element="dc.creator.location" value="SACRAMENTO, Calif."/>
<dc element="dc.creator.location.country.name" value="USA"/>
<dc element="dc.source" value="Reuters"/>
</metadata>
</newsitem>
