<?xml version="1.0" encoding="iso-8859-1" ?>
<newsitem itemid="468251" id="root" date="1997-03-26" xml:lang="en">
<title>USA: US unions willing to talk with Wheeling in dispute.</title>
<headline>US unions willing to talk with Wheeling in dispute.</headline>
<dateline>PITTSBURGH 1997-03-26</dateline>
<text>
<p>The United Steelworkers of America said Wednesday it remains willing to negotiate with Wheeling-Pittsburgh Steel Corp at any time and at any place to reach a resolution of the dispute.</p>
<p>The company said eight local union presidents from the Wheeling-Pittsburgh Steel plants, meeting today, reaffirmed their commitment to ending the now six month long labor dispute and achieving a labor agreement that provides their members with a guaranteed pension with shutdown benefits.</p>
<p>Wheeling-Pittsburgh could not be immediately reached for comment.</p>
<p>The labor dispute involves nearly 4,500 Wheeling-Pittsburgh Steel workers at plants in Ohio, West Virginia and Pennsylvania.</p>
</text>
<copyright>(c) Reuters Limited 1997</copyright>
<metadata>
<codes class="bip:countries:1.0">
  <code code="USA">
    <editdetail attribution="Reuters BIP Coding Group" action="confirmed" date="1997-03-26"/>
  </code>
</codes>
<codes class="bip:industries:1.0">
  <code code="I22100">
    <editdetail attribution="Reuters BIP Coding Group" action="confirmed" date="1997-03-26"/>
  </code>
</codes>
<codes class="bip:topics:1.0">
  <code code="C42">
    <editdetail attribution="Reuters BIP Coding Group" action="confirmed" date="1997-03-26"/>
  </code>
  <code code="CCAT">
    <editdetail attribution="Reuters BIP Coding Group" action="confirmed" date="1997-03-26"/>
  </code>
  <code code="E41">
    <editdetail attribution="Reuters BIP Coding Group" action="confirmed" date="1997-03-26"/>
  </code>
  <code code="ECAT">
    <editdetail attribution="Reuters BIP Coding Group" action="confirmed" date="1997-03-26"/>
  </code>
  <code code="GCAT">
    <editdetail attribution="Reuters BIP Coding Group" action="confirmed" date="1997-03-26"/>
  </code>
  <code code="GJOB">
    <editdetail attribution="Reuters BIP Coding Group" action="confirmed" date="1997-03-26"/>
  </code>
</codes>
<dc element="dc.date.created" value="1997-03-26"/>
<dc element="dc.publisher" value="Reuters Holdings Plc"/>
<dc element="dc.date.published" value="1997-03-26"/>
<dc element="dc.source" value="Reuters"/>
<dc element="dc.creator.location" value="PITTSBURGH"/>
<dc element="dc.creator.location.country.name" value="USA"/>
<dc element="dc.source" value="Reuters"/>
</metadata>
</newsitem>
