<?xml version="1.0" encoding="iso-8859-1" ?>
<newsitem itemid="468219" id="root" date="1997-03-26" xml:lang="en">
<title>USA: RESEARCH ALERT - MGM Grand started.</title>
<headline>RESEARCH ALERT - MGM Grand started.</headline>
<text>
<p>-- Merrill Lynch analyst Naomi Talish said in a research note that she initiated coverage of MGM Grand Inc with intermediate-term accumulate and long-term buy ratings.</p>
<p>-- Talish also set a $41 per share 12-month price objective.</p>
<p>-- Shares gained 1/2 to 36-3/8 in early New York Stock Exchange trade.</p>
</text>
<copyright>(c) Reuters Limited 1997</copyright>
<metadata>
<codes class="bip:countries:1.0">
  <code code="USA">
    <editdetail attribution="Reuters BIP Coding Group" action="confirmed" date="1997-03-26"/>
  </code>
</codes>
<codes class="bip:industries:1.0">
  <code code="I66500">
    <editdetail attribution="Reuters BIP Coding Group" action="confirmed" date="1997-03-26"/>
  </code>
</codes>
<codes class="bip:topics:1.0">
  <code code="C15">
    <editdetail attribution="Reuters BIP Coding Group" action="confirmed" date="1997-03-26"/>
  </code>
  <code code="C152">
    <editdetail attribution="Reuters BIP Coding Group" action="confirmed" date="1997-03-26"/>
  </code>
  <code code="CCAT">
    <editdetail attribution="Reuters BIP Coding Group" action="confirmed" date="1997-03-26"/>
  </code>
</codes>
<dc element="dc.publisher" value="Reuters Holdings Plc"/>
<dc element="dc.date.published" value="1997-03-26"/>
<dc element="dc.source" value="Reuters"/>
<dc element="dc.creator.location.country.name" value="USA"/>
<dc element="dc.source" value="Reuters"/>
</metadata>
</newsitem>
