<?xml version="1.0" encoding="iso-8859-1" ?>
<newsitem itemid="468295" id="root" date="1997-03-26" xml:lang="en">
<title>USA: LeCroy prices 1.6 mln-shr public offering.</title>
<headline>LeCroy prices 1.6 mln-shr public offering.</headline>
<dateline>CHESTNUT RIDGE, N.Y. 1997-03-26</dateline>
<text>
<p>LeCroy Corp said Wednesday it recently priced a public offering of 1,650,000 shares of its common stock at $26 per share.</p>
<p>Of the 1,650,000 shares being offered, the company said 1,330,808 shares are being offered by certain selling stockholders, with an additional 319,192 shares being offered by the company.</p>
<p>In addition, the company said it granted the underwriters a 30-day overallotment option to purchase up to an additional 247,500 shares.</p>
</text>
<copyright>(c) Reuters Limited 1997</copyright>
<metadata>
<codes class="bip:countries:1.0">
  <code code="USA">
    <editdetail attribution="Reuters BIP Coding Group" action="confirmed" date="1997-03-26"/>
  </code>
</codes>
<codes class="bip:topics:1.0">
  <code code="C17">
    <editdetail attribution="Reuters BIP Coding Group" action="confirmed" date="1997-03-26"/>
  </code>
  <code code="C171">
    <editdetail attribution="Reuters BIP Coding Group" action="confirmed" date="1997-03-26"/>
  </code>
  <code code="CCAT">
    <editdetail attribution="Reuters BIP Coding Group" action="confirmed" date="1997-03-26"/>
  </code>
</codes>
<dc element="dc.date.created" value="1997-03-26"/>
<dc element="dc.publisher" value="Reuters Holdings Plc"/>
<dc element="dc.date.published" value="1997-03-26"/>
<dc element="dc.source" value="Reuters"/>
<dc element="dc.creator.location" value="CHESTNUT RIDGE, N.Y."/>
<dc element="dc.creator.location.country.name" value="USA"/>
<dc element="dc.source" value="Reuters"/>
</metadata>
</newsitem>
