<?xml version="1.0" encoding="iso-8859-1" ?>
<newsitem itemid="468210" id="root" date="1997-03-26" xml:lang="en">
<title>USA: RESEARCH ALERT - Ecolab raised to outperform.</title>
<headline>RESEARCH ALERT - Ecolab raised to outperform.</headline>
<text>
<p>-- Morgan Stanley said it raised its rating on Ecolab Inc to outperform from neutral.</p>
<p>-- Shares gained 3/4 to 38 in early New York Stock Exchange trade.</p>
<p>-- Analyst was not immediately to comment.</p>
</text>
<copyright>(c) Reuters Limited 1997</copyright>
<metadata>
<codes class="bip:countries:1.0">
  <code code="USA">
    <editdetail attribution="Reuters BIP Coding Group" action="confirmed" date="1997-03-26"/>
  </code>
</codes>
<codes class="bip:industries:1.0">
  <code code="I25800">
    <editdetail attribution="Reuters BIP Coding Group" action="confirmed" date="1997-03-26"/>
  </code>
</codes>
<codes class="bip:topics:1.0">
  <code code="C15">
    <editdetail attribution="Reuters BIP Coding Group" action="confirmed" date="1997-03-26"/>
  </code>
  <code code="C152">
    <editdetail attribution="Reuters BIP Coding Group" action="confirmed" date="1997-03-26"/>
  </code>
  <code code="CCAT">
    <editdetail attribution="Reuters BIP Coding Group" action="confirmed" date="1997-03-26"/>
  </code>
</codes>
<dc element="dc.publisher" value="Reuters Holdings Plc"/>
<dc element="dc.date.published" value="1997-03-26"/>
<dc element="dc.source" value="Reuters"/>
<dc element="dc.creator.location.country.name" value="USA"/>
<dc element="dc.source" value="Reuters"/>
</metadata>
</newsitem>
