<?xml version="1.0" encoding="iso-8859-1" ?>
<newsitem itemid="468247" id="root" date="1997-03-26" xml:lang="en">
<title>USA: Eastern Co sees improved Q1 results.</title>
<headline>Eastern Co sees improved Q1 results.</headline>
<dateline>NAUGATUCK, Conn. 1997-03-26</dateline>
<text>
<p>The Eastern Co said on Wednesday that it expects a much improved first quarter since its results for the first two months of the year are ahead of its targets.</p>
<p>In last year's first quarter, the company reported sales of $14.5 million and net income of $202,000, or $0.07 a share.</p>
</text>
<copyright>(c) Reuters Limited 1997</copyright>
<metadata>
<codes class="bip:countries:1.0">
  <code code="USA">
    <editdetail attribution="Reuters BIP Coding Group" action="confirmed" date="1997-03-26"/>
  </code>
</codes>
<codes class="bip:industries:1.0">
  <code code="I22100">
    <editdetail attribution="Reuters BIP Coding Group" action="confirmed" date="1997-03-26"/>
  </code>
</codes>
<codes class="bip:topics:1.0">
  <code code="C15">
    <editdetail attribution="Reuters BIP Coding Group" action="confirmed" date="1997-03-26"/>
  </code>
  <code code="C152">
    <editdetail attribution="Reuters BIP Coding Group" action="confirmed" date="1997-03-26"/>
  </code>
  <code code="CCAT">
    <editdetail attribution="Reuters BIP Coding Group" action="confirmed" date="1997-03-26"/>
  </code>
</codes>
<dc element="dc.date.created" value="1997-03-26"/>
<dc element="dc.publisher" value="Reuters Holdings Plc"/>
<dc element="dc.date.published" value="1997-03-26"/>
<dc element="dc.source" value="Reuters"/>
<dc element="dc.creator.location" value="NAUGATUCK, Conn."/>
<dc element="dc.creator.location.country.name" value="USA"/>
<dc element="dc.source" value="Reuters"/>
</metadata>
</newsitem>
