<?xml version="1.0" encoding="iso-8859-1" ?>
<newsitem itemid="468232" id="root" date="1997-03-26" xml:lang="en">
<title>USA: XcelleNet to offer 1.4 mln shrs at $17/shr.</title>
<headline>XcelleNet to offer 1.4 mln shrs at $17/shr.</headline>
<dateline>ATLANTA 1997-03-26</dateline>
<text>
<p>XcelleNet Inc said before the market opening on Wednesday that it was offering 1.433 million shares of its common stock at $17.00 per share.</p>
<p>The news release was issued on PR Newswire at 0826 EST/1326 GMT. XcelleNet shares closed Wednesday down 5/8 at 17.</p>
<p>Of the 1.433 million, 655,953 shares are being sold by the company and 777,047 shares are being sold by selling shareholders, XcelleNet said.</p>
<p>The company said it also granted underwriters an option to purchase up to 214,950 additional shares of common for covering over-allotments, if any. The offering was managed by Robertson, Stephens &amp; Co, Alex. Brown &amp; Sons Inc and Punk, Ziegel &amp; Knoell, L.P.</p>
<p>Earlier, Reuters erroneously reported that ACT Networks, not XcelleNet, had issued a secondary offering of shares below the market.</p>
</text>
<copyright>(c) Reuters Limited 1997</copyright>
<metadata>
<codes class="bip:countries:1.0">
  <code code="USA">
    <editdetail attribution="Reuters BIP Coding Group" action="confirmed" date="1997-03-26"/>
  </code>
</codes>
<codes class="bip:industries:1.0">
  <code code="I33020">
    <editdetail attribution="Reuters BIP Coding Group" action="confirmed" date="1997-03-26"/>
  </code>
  <code code="I3302020">
    <editdetail attribution="Reuters BIP Coding Group" action="confirmed" date="1997-03-26"/>
  </code>
  <code code="I34531">
    <editdetail attribution="Reuters BIP Coding Group" action="confirmed" date="1997-03-26"/>
  </code>
</codes>
<codes class="bip:topics:1.0">
  <code code="C17">
    <editdetail attribution="Reuters BIP Coding Group" action="confirmed" date="1997-03-26"/>
  </code>
  <code code="C171">
    <editdetail attribution="Reuters BIP Coding Group" action="confirmed" date="1997-03-26"/>
  </code>
  <code code="CCAT">
    <editdetail attribution="Reuters BIP Coding Group" action="confirmed" date="1997-03-26"/>
  </code>
</codes>
<dc element="dc.date.created" value="1997-03-26"/>
<dc element="dc.publisher" value="Reuters Holdings Plc"/>
<dc element="dc.date.published" value="1997-03-26"/>
<dc element="dc.source" value="Reuters"/>
<dc element="dc.creator.location" value="ATLANTA"/>
<dc element="dc.creator.location.country.name" value="USA"/>
<dc element="dc.source" value="Reuters"/>
</metadata>
</newsitem>
