<?xml version="1.0" encoding="iso-8859-1" ?>
<newsitem itemid="468248" id="root" date="1997-03-26" xml:lang="en">
<title>USA: Intel Corp sets regular qtly dividend.</title>
<headline>Intel Corp sets regular qtly dividend.</headline>
<text>
<p>SANTA CLARA, Calif., March 26 (Reuter)</p>
<p>				     Quarterly</p>
<p>		   Latest		    Prior</p>
<p> Amount	  $0.05		     $0.05</p>
<p> Pay	     June 1</p>
<p> Record	  May 1</p>
</text>
<copyright>(c) Reuters Limited 1997</copyright>
<metadata>
<codes class="bip:countries:1.0">
  <code code="USA">
    <editdetail attribution="Reuters BIP Coding Group" action="confirmed" date="1997-03-26"/>
  </code>
</codes>
<codes class="bip:industries:1.0">
  <code code="I34531">
    <editdetail attribution="Reuters BIP Coding Group" action="confirmed" date="1997-03-26"/>
  </code>
</codes>
<codes class="bip:topics:1.0">
  <code code="C15">
    <editdetail attribution="Reuters BIP Coding Group" action="confirmed" date="1997-03-26"/>
  </code>
  <code code="C151">
    <editdetail attribution="Reuters BIP Coding Group" action="confirmed" date="1997-03-26"/>
  </code>
  <code code="CCAT">
    <editdetail attribution="Reuters BIP Coding Group" action="confirmed" date="1997-03-26"/>
  </code>
</codes>
<dc element="dc.publisher" value="Reuters Holdings Plc"/>
<dc element="dc.date.published" value="1997-03-26"/>
<dc element="dc.source" value="Reuters"/>
<dc element="dc.creator.location.country.name" value="USA"/>
<dc element="dc.source" value="Reuters"/>
</metadata>
</newsitem>
