<?xml version="1.0" encoding="iso-8859-1" ?>
<newsitem itemid="468260" id="root" date="1997-03-26" xml:lang="en">
<title>USA: Banyan Hotel Investment 1996 loss narrows.</title>
<headline>Banyan Hotel Investment 1996 loss narrows.</headline>
<dateline>NEW YORK 1997-03-26</dateline>
<text>
<p>1996			1995</p>
<p> Shr	   loss	 $0.01     loss	 $0.06</p>
<p> Net	   loss	   104     loss	   740</p>
<p> Revs			   150			128</p>
<p> Avg shrs		  12,338		   12,082</p>
<p>(All data above 000s except per share numbers)</p>
<p>NOTE:  Full name of comapny is Banyan Hotel Investment Fund.</p>
</text>
<copyright>(c) Reuters Limited 1997</copyright>
<metadata>
<codes class="bip:countries:1.0">
  <code code="USA">
    <editdetail attribution="Reuters BIP Coding Group" action="confirmed" date="1997-03-26"/>
  </code>
</codes>
<codes class="bip:industries:1.0">
  <code code="I81502">
    <editdetail attribution="Reuters BIP Coding Group" action="confirmed" date="1997-03-26"/>
  </code>
  <code code="I8150206">
    <editdetail attribution="Reuters BIP Coding Group" action="confirmed" date="1997-03-26"/>
  </code>
</codes>
<codes class="bip:topics:1.0">
  <code code="C15">
    <editdetail attribution="Reuters BIP Coding Group" action="confirmed" date="1997-03-26"/>
  </code>
  <code code="C151">
    <editdetail attribution="Reuters BIP Coding Group" action="confirmed" date="1997-03-26"/>
  </code>
  <code code="C1511">
    <editdetail attribution="Reuters BIP Coding Group" action="confirmed" date="1997-03-26"/>
  </code>
  <code code="CCAT">
    <editdetail attribution="Reuters BIP Coding Group" action="confirmed" date="1997-03-26"/>
  </code>
</codes>
<dc element="dc.date.created" value="1997-03-26"/>
<dc element="dc.publisher" value="Reuters Holdings Plc"/>
<dc element="dc.date.published" value="1997-03-26"/>
<dc element="dc.source" value="Reuters"/>
<dc element="dc.creator.location" value="NEW YORK"/>
<dc element="dc.creator.location.country.name" value="USA"/>
<dc element="dc.source" value="Reuters"/>
</metadata>
</newsitem>
