<?xml version="1.0" encoding="iso-8859-1" ?>
<newsitem itemid="468272" id="root" date="1997-03-26" xml:lang="en">
<title>USA: Deposit Guaranty to acquire Citisave.</title>
<headline>Deposit Guaranty to acquire Citisave.</headline>
<dateline>JACKSON, Miss. 1997-03-26</dateline>
<text>
<p>Deposit Guaranty Corp and CitiSave Financial Corp said on Wednesday that Deposit Guaranty has agreed to acquire CitiSave for $20.50 a share in cash, or a total of $21.4 million.</p>
<p>CitiSave has six offices in Baton Rouge and $75 million in assets, including $45.2 million in loans, the companies said in a joint statement.</p>
<p>The company will become a part of Deposit Guaranty's existing south Louisiana banking operation later this year.  </p>
<p>The acquisition of Citizens Savings will continue Deposit Guaranty's expansion in the Baton Rouge market, the companies said.</p>
<p>Deposit Guaranty is a multibank holding company based in Jackson, Miss., with total assets of $6.4 billion as of Dec. 31, 1996.</p>
</text>
<copyright>(c) Reuters Limited 1997</copyright>
<metadata>
<codes class="bip:countries:1.0">
  <code code="USA">
    <editdetail attribution="Reuters BIP Coding Group" action="confirmed" date="1997-03-26"/>
  </code>
</codes>
<codes class="bip:industries:1.0">
  <code code="I81402">
    <editdetail attribution="Reuters BIP Coding Group" action="confirmed" date="1997-03-26"/>
  </code>
</codes>
<codes class="bip:topics:1.0">
  <code code="C18">
    <editdetail attribution="Reuters BIP Coding Group" action="confirmed" date="1997-03-26"/>
  </code>
  <code code="C181">
    <editdetail attribution="Reuters BIP Coding Group" action="confirmed" date="1997-03-26"/>
  </code>
  <code code="CCAT">
    <editdetail attribution="Reuters BIP Coding Group" action="confirmed" date="1997-03-26"/>
  </code>
</codes>
<dc element="dc.date.created" value="1997-03-26"/>
<dc element="dc.publisher" value="Reuters Holdings Plc"/>
<dc element="dc.date.published" value="1997-03-26"/>
<dc element="dc.source" value="Reuters"/>
<dc element="dc.creator.location" value="JACKSON, Miss."/>
<dc element="dc.creator.location.country.name" value="USA"/>
<dc element="dc.source" value="Reuters"/>
</metadata>
</newsitem>
