<?xml version="1.0" encoding="iso-8859-1" ?>
<newsitem itemid="468256" id="root" date="1997-03-26" xml:lang="en">
<title>USA: Rawlings putting its name on sports drink line.</title>
<headline>Rawlings putting its name on sports drink line.</headline>
<dateline>CHICAGO 1997-03-26</dateline>
<text>
<p>Rawlings Sporting Goods Co., probably best known for baseballs and other sporting equipment, is putting its name on a new line of sport drinks, the company said Wednesday.</p>
<p>The new beverage, Rawlings Sport a New Age, will be introduced in May. It will be followed starting in June by Rawlings for Kids and Rawlings Natural Spring Water, according to David Brawley, director of licensing for St. Louis-based Rawlings.</p>
<p>The beverages will be produced and marketed by Beverage Source International Inc. (BSI), a unit of Sharon Real Estate Consultants Corp.</p>
<p>&quot;They approached us. We were thrilled when they did,&quot; Brawley said.</p>
<p>Rawlings Sport, which is fortified with vitamins and minerals to replenish electrolytes and nutrients, will carry the motto, &quot;The Mark of a Pro.&quot;</p>
<p>BSI and Rawlings plan a worldwide co-marketing campaign lead by BSI, which will include endorsements from Rawlings' roster of professional athletes and cross-marketing of products.</p>
<p>Brawley said he expects the beverage line will help promote the Rawlings name to consumers. In addition, Brawley said, &quot;it really has a potential to be a very serious money maker.&quot;</p>
<p>Rawlings' earnings from the beverage line will come from licensing its brand.</p>
<p>The sports drink business, however, is dominated by Quaker Oats Co.'s Gatorade, with more than $1.0 billion in sales in the United States in 1996 and an 81 percent market share.</p>
<p>Other players in the sports beverage business include Coca-Cola Co.'s PowerAde and PepsiCo's All Sport.</p>
<p>Despite such heavy-hitting competition, Rawlings hopes to capture a niche market position, such as its sports drink for children, which will feature an eight-ounce sports bottle, the company said.</p>
</text>
<copyright>(c) Reuters Limited 1997</copyright>
<metadata>
<codes class="bip:countries:1.0">
  <code code="USA">
    <editdetail attribution="Reuters BIP Coding Group" action="confirmed" date="1997-03-26"/>
  </code>
</codes>
<codes class="bip:topics:1.0">
  <code code="C32">
    <editdetail attribution="Reuters BIP Coding Group" action="confirmed" date="1997-03-26"/>
  </code>
  <code code="C33">
    <editdetail attribution="Reuters BIP Coding Group" action="confirmed" date="1997-03-26"/>
  </code>
  <code code="CCAT">
    <editdetail attribution="Reuters BIP Coding Group" action="confirmed" date="1997-03-26"/>
  </code>
</codes>
<dc element="dc.date.created" value="1997-03-26"/>
<dc element="dc.publisher" value="Reuters Holdings Plc"/>
<dc element="dc.date.published" value="1997-03-26"/>
<dc element="dc.source" value="Reuters"/>
<dc element="dc.creator.location" value="CHICAGO"/>
<dc element="dc.creator.location.country.name" value="USA"/>
<dc element="dc.source" value="Reuters"/>
</metadata>
</newsitem>
