<?xml version="1.0" encoding="iso-8859-1" ?>
<newsitem itemid="468254" id="root" date="1997-03-26" xml:lang="en">
<title>USA: Tower Tech Inc Q1 Feb 28 net rises.</title>
<headline>Tower Tech Inc Q1 Feb 28 net rises.</headline>
<dateline>CHICKASHA, Okla. 1997-03-26</dateline>
<text>
<p>1997		1996</p>
<p> Revenues				 $5,656,107	$3,543,132</p>
<p> Net income				  405,509	   184,875</p>
<p> Dividends on preferred shares		 -	  (62,812)</p>
<p>Net income applicable to</p>
<p>  common shares			    405,509	   122,063</p>
<p> Average shares			  3,566,078	 2,537,858</p>
<p> Net income per common share		0.11		0.05</p>
<p>((Chicago newsdesk, 312-408-8787))</p>
</text>
<copyright>(c) Reuters Limited 1997</copyright>
<metadata>
<codes class="bip:countries:1.0">
  <code code="USA">
    <editdetail attribution="Reuters BIP Coding Group" action="confirmed" date="1997-03-26"/>
  </code>
</codes>
<codes class="bip:industries:1.0">
  <code code="I32840">
    <editdetail attribution="Reuters BIP Coding Group" action="confirmed" date="1997-03-26"/>
  </code>
</codes>
<codes class="bip:topics:1.0">
  <code code="C15">
    <editdetail attribution="Reuters BIP Coding Group" action="confirmed" date="1997-03-26"/>
  </code>
  <code code="C151">
    <editdetail attribution="Reuters BIP Coding Group" action="confirmed" date="1997-03-26"/>
  </code>
  <code code="CCAT">
    <editdetail attribution="Reuters BIP Coding Group" action="confirmed" date="1997-03-26"/>
  </code>
</codes>
<dc element="dc.date.created" value="1997-03-26"/>
<dc element="dc.publisher" value="Reuters Holdings Plc"/>
<dc element="dc.date.published" value="1997-03-26"/>
<dc element="dc.source" value="Reuters"/>
<dc element="dc.creator.location" value="CHICKASHA, Okla."/>
<dc element="dc.creator.location.country.name" value="USA"/>
<dc element="dc.source" value="Reuters"/>
</metadata>
</newsitem>
