<?xml version="1.0" encoding="iso-8859-1" ?>
<newsitem itemid="468246" id="root" date="1997-03-26" xml:lang="en">
<title>USA: Johnson Controls special factors to boost Q2.</title>
<headline>Johnson Controls special factors to boost Q2.</headline>
<dateline>MILWAUKEE 1997-03-26</dateline>
<text>
<p>Johnson Controls Inc said on Wednesday that special factors will result in a net gain of $0.28 per fully diluted share to earnings for the second quarter ending March 31.</p>
<p>The factors include a $0.76 gain from the sale of its plastic container division, a $0.44 a share loss for a restructuring charge and a $0.04 a share loss related to strikes at two of its seating plants and a strike at a General Motors Corp assembly plant.</p>
</text>
<copyright>(c) Reuters Limited 1997</copyright>
<metadata>
<codes class="bip:countries:1.0">
  <code code="USA">
    <editdetail attribution="Reuters BIP Coding Group" action="confirmed" date="1997-03-26"/>
  </code>
</codes>
<codes class="bip:industries:1.0">
  <code code="I34320">
    <editdetail attribution="Reuters BIP Coding Group" action="confirmed" date="1997-03-26"/>
  </code>
  <code code="I35101">
    <editdetail attribution="Reuters BIP Coding Group" action="confirmed" date="1997-03-26"/>
  </code>
</codes>
<codes class="bip:topics:1.0">
  <code code="C15">
    <editdetail attribution="Reuters BIP Coding Group" action="confirmed" date="1997-03-26"/>
  </code>
  <code code="C152">
    <editdetail attribution="Reuters BIP Coding Group" action="confirmed" date="1997-03-26"/>
  </code>
  <code code="CCAT">
    <editdetail attribution="Reuters BIP Coding Group" action="confirmed" date="1997-03-26"/>
  </code>
</codes>
<dc element="dc.date.created" value="1997-03-26"/>
<dc element="dc.publisher" value="Reuters Holdings Plc"/>
<dc element="dc.date.published" value="1997-03-26"/>
<dc element="dc.source" value="Reuters"/>
<dc element="dc.creator.location" value="MILWAUKEE"/>
<dc element="dc.creator.location.country.name" value="USA"/>
<dc element="dc.source" value="Reuters"/>
</metadata>
</newsitem>
