<?xml version="1.0" encoding="iso-8859-1" ?>
<newsitem itemid="468255" id="root" date="1997-03-26" xml:lang="en">
<title>USA: Eastern rejects proposal to sell company.</title>
<headline>Eastern rejects proposal to sell company.</headline>
<dateline>NAUGATUCK, Conn. 1997-03-26</dateline>
<text>
<p>Eastern Co said on Wednesday its shareholders rejected a proposal to sell the company.</p>
<p>Earlier today, Millbrook Capital, which was advocating a plan to &quot;maximize shareholder value,&quot; said its three nominees to Eastern's board were not elected.</p>
</text>
<copyright>(c) Reuters Limited 1997</copyright>
<metadata>
<codes class="bip:countries:1.0">
  <code code="USA">
    <editdetail attribution="Reuters BIP Coding Group" action="confirmed" date="1997-03-26"/>
  </code>
</codes>
<codes class="bip:industries:1.0">
  <code code="I22100">
    <editdetail attribution="Reuters BIP Coding Group" action="confirmed" date="1997-03-26"/>
  </code>
</codes>
<codes class="bip:topics:1.0">
  <code code="C18">
    <editdetail attribution="Reuters BIP Coding Group" action="confirmed" date="1997-03-26"/>
  </code>
  <code code="C181">
    <editdetail attribution="Reuters BIP Coding Group" action="confirmed" date="1997-03-26"/>
  </code>
  <code code="CCAT">
    <editdetail attribution="Reuters BIP Coding Group" action="confirmed" date="1997-03-26"/>
  </code>
</codes>
<dc element="dc.date.created" value="1997-03-26"/>
<dc element="dc.publisher" value="Reuters Holdings Plc"/>
<dc element="dc.date.published" value="1997-03-26"/>
<dc element="dc.source" value="Reuters"/>
<dc element="dc.creator.location" value="NAUGATUCK, Conn."/>
<dc element="dc.creator.location.country.name" value="USA"/>
<dc element="dc.source" value="Reuters"/>
</metadata>
</newsitem>
