<?xml version="1.0" encoding="iso-8859-1" ?>
<newsitem itemid="468282" id="root" date="1997-03-26" xml:lang="en">
<title>USA: Conseco offers 8.796 pct capital securities.</title>
<headline>Conseco offers 8.796 pct capital securities.</headline>
<dateline>CARMEL, Ind. 1997-03-26</dateline>
<text>
<p>Conseco Inc said Wednesday that its Conseco Financing Trust III subsidiary offered $300 million of 8.796 percent capital securities at $1,000 per security.</p>
<p>Each capital security will pay cumulative cash distributions at the annual rate of 8.796 percent of the stated $1,000 liquidation amount per security, payable semi-annually starting October 1, 1997.</p>
<p>Conseco Financing Trust III will use proceeds to acquire an equivalent amount of 8.796 percent subordinated deferrable interest debentures due April 1, 2027, to be issued by Conseco.</p>
<p>Proceeds from the offering of about $296.7 million will be used to repay bank debt.</p>
<p>	  ((Reuters Chicago Newsdesk (312) 408-8787))</p>
</text>
<copyright>(c) Reuters Limited 1997</copyright>
<metadata>
<codes class="bip:countries:1.0">
  <code code="USA">
    <editdetail attribution="Reuters BIP Coding Group" action="confirmed" date="1997-03-26"/>
  </code>
</codes>
<codes class="bip:industries:1.0">
  <code code="I82002">
    <editdetail attribution="Reuters BIP Coding Group" action="confirmed" date="1997-03-26"/>
  </code>
</codes>
<codes class="bip:topics:1.0">
  <code code="C17">
    <editdetail attribution="Reuters BIP Coding Group" action="confirmed" date="1997-03-26"/>
  </code>
  <code code="C172">
    <editdetail attribution="Reuters BIP Coding Group" action="confirmed" date="1997-03-26"/>
  </code>
  <code code="CCAT">
    <editdetail attribution="Reuters BIP Coding Group" action="confirmed" date="1997-03-26"/>
  </code>
</codes>
<dc element="dc.date.created" value="1997-03-26"/>
<dc element="dc.publisher" value="Reuters Holdings Plc"/>
<dc element="dc.date.published" value="1997-03-26"/>
<dc element="dc.source" value="Reuters"/>
<dc element="dc.creator.location" value="CARMEL, Ind."/>
<dc element="dc.creator.location.country.name" value="USA"/>
<dc element="dc.source" value="Reuters"/>
</metadata>
</newsitem>
