<?xml version="1.0" encoding="iso-8859-1" ?>
<newsitem itemid="468285" id="root" date="1997-03-26" xml:lang="en">
<title>USA: Arrow sees gross margins improving in 2H.</title>
<headline>Arrow sees gross margins improving in 2H.</headline>
<dateline>READING, Pa 1997-03-26</dateline>
<text>
<p>Arrow International Inc said on Wednesday that it expected sales growth to slow due to the continued strengthening of the dollar, but also that shipments of recently introduced products should aid year-on- year sales comparisons in the next two fiscal quarters.</p>
<p>The new products include implantable infusion pumps, NarrowFlex intra-aortic balloon catheters and 2 French mapping catheters for electrophysiology, the company said.  </p>
<p>Arrow also said that gross margin on sales should continue to improve in the second half of fiscal 1997. It based this on anticipated higher margin sales mix and increased use of lower cost, international manufacturing facilities, although it said changes in dollar exchange rates could diminish expected improvement.</p>
<p>It cautioned the improvement is likely to be offset by higher research and development costs.</p>
<p>The company said its M-3000 infusion pump is building market share in the chemotherapy market and it believes the product is positioned for substantial growth.  </p>
<p>It said its expects its NarrowFlex intra-aortic balloon catheter to contribute to sales growth in the third and fourth fiscal 1997 quarters. It does not expect full worldwide distribution of its its 2 French catheter system for mapping electrical signals in the heart until the fourth fiscal 1997 quarter.</p>
</text>
<copyright>(c) Reuters Limited 1997</copyright>
<metadata>
<codes class="bip:countries:1.0">
  <code code="USA">
    <editdetail attribution="Reuters BIP Coding Group" action="confirmed" date="1997-03-26"/>
  </code>
</codes>
<codes class="bip:industries:1.0">
  <code code="I37200">
    <editdetail attribution="Reuters BIP Coding Group" action="confirmed" date="1997-03-26"/>
  </code>
</codes>
<codes class="bip:topics:1.0">
  <code code="C15">
    <editdetail attribution="Reuters BIP Coding Group" action="confirmed" date="1997-03-26"/>
  </code>
  <code code="C152">
    <editdetail attribution="Reuters BIP Coding Group" action="confirmed" date="1997-03-26"/>
  </code>
  <code code="C31">
    <editdetail attribution="Reuters BIP Coding Group" action="confirmed" date="1997-03-26"/>
  </code>
  <code code="CCAT">
    <editdetail attribution="Reuters BIP Coding Group" action="confirmed" date="1997-03-26"/>
  </code>
</codes>
<dc element="dc.date.created" value="1997-03-26"/>
<dc element="dc.publisher" value="Reuters Holdings Plc"/>
<dc element="dc.date.published" value="1997-03-26"/>
<dc element="dc.source" value="Reuters"/>
<dc element="dc.creator.location" value="READING, Pa"/>
<dc element="dc.creator.location.country.name" value="USA"/>
<dc element="dc.source" value="Reuters"/>
</metadata>
</newsitem>
