<?xml version="1.0" encoding="iso-8859-1" ?>
<newsitem itemid="468318" id="root" date="1997-03-26" xml:lang="en">
<title>USA: CSCE coffee posts strong gains for the second day.</title>
<headline>CSCE coffee posts strong gains for the second day.</headline>
<dateline>NEW YORK 1997-03-26</dateline>
<text>
<p>CSCE coffee futures ended sharply higher for the second day in a row on Wednesday, as speculators continued to buy heavily amid lingering supply concerns, traders said.</p>
<p>Although consumer coffee stocks in the U.S. have increased in recent weeks, traders said inventories remained extremely low and the tight situation was likely to spill over into the second half of the year.</p>
<p>&quot;Stocks have only moved up marginally and producers are virtually soldout,&quot; said Merrill Lynch analyst Judith Ganes. &quot;People believe this market is happening again.&quot;</p>
<p>May futures jumped 7.55 cents per lb on the day, to close at a two-week high of 186.85 cents, after ranging from 189.00 to 180.00. Second-position July rose 3.35 cents, to 172.65, widening the nearby switch to 14.85 cents.</p>
<p>Traders said the market's two-day rally was exaggerated by a shortage of sellers, with many Latin American producers on the sidelines ahead of the long Easter weekend.</p>
<p>After Wednesday's close, the Association of Coffee Producing Countries (ACPC) said in its latest monthly report that the supply prospects for arabica coffee in the third quarter of 1997 continued to look tight and vulnerable to disruptions.</p>
<p>The group lowered its estimate for the Central American 1996/97 coffee crop to 15.4 million 60-kg bags from its previous forecast of 15.8 million.</p>
<p>ACPC estimated that world coffee availability could fall to 17.91 million bags in the third quarter of 1997 from 18.37 million in the same quarter a year ago.</p>
<p>&quot;There is going to be incredibly tight supplies,&quot; said Allendale analyst Jim Cordier. &quot;The fundamentals show conditions are just as tight as when the market reached the highs three weeks ago. And I expect them to hit those highs again.&quot;</p>
<p>Low inventory levels combined with expectations for a 1997/98 lower crop in top-grower Brazil and delays in shipments out of seconding-leading producer Colombia due to strikes, drove New York arabica futures earlier this month to two-and-a-half year highs.</p>
<p>However, higher futures prices translated to higher prices on the supermarket shelf, prompting fears coffee-drinkers would cut down on consumption.</p>
<p>In their monthly report, the ACPC lowered the world coffee consumption estimate to 76 million bags at the most on an annualized basis from 76.5 million previously due to recent retail price rises.</p>
<p>&quot;If consumption does go down, it should lessen supply worries,&quot; said Refco analyst Ann Prendergast. &quot;I'm not sure I see the justification for these prices.&quot;</p>
<p>Technically, Prendergast said today's higher close after sharply lower pre-opening expectations would probably encourage more buying on Thursday. But she warned the market could be vunerable to a late-session sell-off as operators take profits ahead of the long Easter week-end.</p>
<p>CSCE reported after Wednesday's close certified coffee stocks declined for the first time in two weeks, falling 281 60-kg bags, to 81,848 60-kg bags as of March 25. There were an additional 250 bags pending grading, the exchange said.</p>
<p>The day's volume reached an estimated 12,532 lots, compared with Tuesday's official tally of 13,922 lots.</p>
<p>((--Patricia Avidan, New York Commodity Desk +1 212 859 1640))</p>
</text>
<copyright>(c) Reuters Limited 1997</copyright>
<metadata>
<codes class="bip:countries:1.0">
  <code code="USA">
    <editdetail attribution="Reuters BIP Coding Group" action="confirmed" date="1997-03-26"/>
  </code>
</codes>
<codes class="bip:topics:1.0">
  <code code="M14">
    <editdetail attribution="Reuters BIP Coding Group" action="confirmed" date="1997-03-26"/>
  </code>
  <code code="M141">
    <editdetail attribution="Reuters BIP Coding Group" action="confirmed" date="1997-03-26"/>
  </code>
  <code code="MCAT">
    <editdetail attribution="Reuters BIP Coding Group" action="confirmed" date="1997-03-26"/>
  </code>
</codes>
<dc element="dc.date.created" value="1997-03-26"/>
<dc element="dc.publisher" value="Reuters Holdings Plc"/>
<dc element="dc.date.published" value="1997-03-26"/>
<dc element="dc.source" value="Reuters"/>
<dc element="dc.creator.location" value="NEW YORK"/>
<dc element="dc.creator.location.country.name" value="USA"/>
<dc element="dc.source" value="Reuters"/>
</metadata>
</newsitem>
