<?xml version="1.0" encoding="iso-8859-1" ?>
<newsitem itemid="468378" id="root" date="1997-03-26" xml:lang="en">
<title>USA: US Treasury 5-year notes seen yielding 6.67 pct.</title>
<headline>US Treasury 5-year notes seen yielding 6.67 pct.</headline>
<dateline>NEW YORK 1997-03-26</dateline>
<text>
<p>The U.S. Treasury's auction of $12.5 billion in five-year notes Wednesday is expected to produce a yield near 6.67 percent, dealers said.</p>
<p>At 1237 EST/1737 GMT, yields on the five-year notes were quoted at 6.672 percent in when-issued trade.</p>
<p>The bidding deadline for the notes is 1300 EST/1800 GMT. Results are expected around 1345 EST/1845 GMT.</p>
<p>((--John P. Hughes, N.A. Treasury Desk, 212-859-1663))</p>
</text>
<copyright>(c) Reuters Limited 1997</copyright>
<metadata>
<codes class="bip:countries:1.0">
  <code code="USA">
    <editdetail attribution="Reuters BIP Coding Group" action="confirmed" date="1997-03-26"/>
  </code>
</codes>
<codes class="bip:topics:1.0">
  <code code="E21">
    <editdetail attribution="Reuters BIP Coding Group" action="confirmed" date="1997-03-26"/>
  </code>
  <code code="E212">
    <editdetail attribution="Reuters BIP Coding Group" action="confirmed" date="1997-03-26"/>
  </code>
  <code code="ECAT">
    <editdetail attribution="Reuters BIP Coding Group" action="confirmed" date="1997-03-26"/>
  </code>
  <code code="M12">
    <editdetail attribution="Reuters BIP Coding Group" action="confirmed" date="1997-03-26"/>
  </code>
  <code code="MCAT">
    <editdetail attribution="Reuters BIP Coding Group" action="confirmed" date="1997-03-26"/>
  </code>
</codes>
<dc element="dc.date.created" value="1997-03-26"/>
<dc element="dc.publisher" value="Reuters Holdings Plc"/>
<dc element="dc.date.published" value="1997-03-26"/>
<dc element="dc.source" value="Reuters"/>
<dc element="dc.creator.location" value="NEW YORK"/>
<dc element="dc.creator.location.country.name" value="USA"/>
<dc element="dc.source" value="Reuters"/>
</metadata>
</newsitem>
