<?xml version="1.0" encoding="iso-8859-1" ?>
<newsitem itemid="468373" id="root" date="1997-03-26" xml:lang="en">
<title>USA: BankUnited sees $2 bln in assets yr end.</title>
<headline>BankUnited sees $2 bln in assets yr end.</headline>
<dateline>CORAL GABLES, Fla. 1997-03-26</dateline>
<text>
<p>BankUnited Financial Corp said on Wednesday that it expects assets to top $2 billion by the end of 1997 through new branch openings and strong growth from residential mortgages and commercial real estate.</p>
<p>During the past year, BankUnited, which is based in southern Florida, has doubled in size through the pursuit of aggressive expansion in the region and its acquisition of Suncoast Savings and Loan.</p>
<p>The company plans to open three or four new offices in 1997, it said.</p>
<p>At the end of its fiscal year on September 30, 1996, BankUnited had $824.4 million in assets.</p>
</text>
<copyright>(c) Reuters Limited 1997</copyright>
<metadata>
<codes class="bip:countries:1.0">
  <code code="USA">
    <editdetail attribution="Reuters BIP Coding Group" action="confirmed" date="1997-03-26"/>
  </code>
</codes>
<codes class="bip:industries:1.0">
  <code code="I81402">
    <editdetail attribution="Reuters BIP Coding Group" action="confirmed" date="1997-03-26"/>
  </code>
</codes>
<codes class="bip:topics:1.0">
  <code code="C15">
    <editdetail attribution="Reuters BIP Coding Group" action="confirmed" date="1997-03-26"/>
  </code>
  <code code="C152">
    <editdetail attribution="Reuters BIP Coding Group" action="confirmed" date="1997-03-26"/>
  </code>
  <code code="CCAT">
    <editdetail attribution="Reuters BIP Coding Group" action="confirmed" date="1997-03-26"/>
  </code>
</codes>
<dc element="dc.date.created" value="1997-03-26"/>
<dc element="dc.publisher" value="Reuters Holdings Plc"/>
<dc element="dc.date.published" value="1997-03-26"/>
<dc element="dc.source" value="Reuters"/>
<dc element="dc.creator.location" value="CORAL GABLES, Fla."/>
<dc element="dc.creator.location.country.name" value="USA"/>
<dc element="dc.source" value="Reuters"/>
</metadata>
</newsitem>
