<?xml version="1.0" encoding="iso-8859-1" ?>
<newsitem itemid="468381" id="root" date="1997-03-26" xml:lang="en">
<title>USA: NY precious metals higher on local shortcovering.</title>
<headline>NY precious metals higher on local shortcovering.</headline>
<dateline>NEW YORK 1997-03-26</dateline>
<text>
<p>New York precious metals reversed mid-session to move higher, drawing strength from COMEX May silver's determination not to break below the key $5.10 an ounce level, traders said.</p>
<p>Silver's resilience to hold this level prompted earlier shortcovering, which later spilled over into gold, pulling up the latter along with the white metals, traders said.</p>
<p>&quot;The locals tripped over themselves and found they were a little oversold, and we also had a little light fund buying,&quot; John Geraghty of North American Equity Services said.</p>
<p>At 1219 EST COMEX June gold was up $0.80 at $351.30.  </p>
<p>COMEX May silver was up 3.0 cents at $5.15 cents an ounce, traded $5.19 to $5.10.</p>
<p>Gold bullion also recovered by midday and was quoted by dealers at $348.00/50</p>
<p>Palladium wiped out its earlier losses, with NYMEX June contract up $1.20 at $148.00 an ounce.</p>
<p>Strength from the other precious metals was not enough to push the platinum market higher, but early losses were pared to just 50 cents in the NYMEX April contract, which traded at $375.00 an ounce.</p>
<p>((New York Commodity Desk 212-859-1646))</p>
</text>
<copyright>(c) Reuters Limited 1997</copyright>
<metadata>
<codes class="bip:countries:1.0">
  <code code="USA">
    <editdetail attribution="Reuters BIP Coding Group" action="confirmed" date="1997-03-26"/>
  </code>
</codes>
<codes class="bip:topics:1.0">
  <code code="M14">
    <editdetail attribution="Reuters BIP Coding Group" action="confirmed" date="1997-03-26"/>
  </code>
  <code code="M142">
    <editdetail attribution="Reuters BIP Coding Group" action="confirmed" date="1997-03-26"/>
  </code>
  <code code="MCAT">
    <editdetail attribution="Reuters BIP Coding Group" action="confirmed" date="1997-03-26"/>
  </code>
</codes>
<dc element="dc.date.created" value="1997-03-26"/>
<dc element="dc.publisher" value="Reuters Holdings Plc"/>
<dc element="dc.date.published" value="1997-03-26"/>
<dc element="dc.source" value="Reuters"/>
<dc element="dc.creator.location" value="NEW YORK"/>
<dc element="dc.creator.location.country.name" value="USA"/>
<dc element="dc.source" value="Reuters"/>
</metadata>
</newsitem>
