<?xml version="1.0" encoding="iso-8859-1" ?>
<newsitem itemid="468319" id="root" date="1997-03-26" xml:lang="en">
<title>USA: Eltrax Systems to acquire systems company.</title>
<headline>Eltrax Systems to acquire systems company.</headline>
<dateline>MINNETONKA, Minn. 1997-03-26</dateline>
<text>
<p>Eltrax Systems Inc said Wednesday it has reached an agreement in principle to acquire Hi-TECH Connections Inc, a data network systems integration and network management company.</p>
<p>Financial terms were not disclosed.</p>
<p>The closing is subject to the completion of final merger documents, the completion of due diligence, and final approval by the board of directors of Eltrax and by the shareholders of Hi-TECH, Eltrax said, adding that Reading, Pennsylvania-based Hi-TECH's revenue for its fiscal year ended September 30 was about $9.2 million.</p>
<p>Shares of Eltrax, an integrator of communications products and services for enterprise wide networks, were unchanged at 7-3/8 Wednesday.</p>
<p>((Chicago newsdesk, 312-408-8787))</p>
</text>
<copyright>(c) Reuters Limited 1997</copyright>
<metadata>
<codes class="bip:countries:1.0">
  <code code="USA">
    <editdetail attribution="Reuters BIP Coding Group" action="confirmed" date="1997-03-26"/>
  </code>
</codes>
<codes class="bip:industries:1.0">
  <code code="I33020">
    <editdetail attribution="Reuters BIP Coding Group" action="confirmed" date="1997-03-26"/>
  </code>
  <code code="I3302021">
    <editdetail attribution="Reuters BIP Coding Group" action="confirmed" date="1997-03-26"/>
  </code>
</codes>
<codes class="bip:topics:1.0">
  <code code="C18">
    <editdetail attribution="Reuters BIP Coding Group" action="confirmed" date="1997-03-26"/>
  </code>
  <code code="C181">
    <editdetail attribution="Reuters BIP Coding Group" action="confirmed" date="1997-03-26"/>
  </code>
  <code code="CCAT">
    <editdetail attribution="Reuters BIP Coding Group" action="confirmed" date="1997-03-26"/>
  </code>
</codes>
<dc element="dc.date.created" value="1997-03-26"/>
<dc element="dc.publisher" value="Reuters Holdings Plc"/>
<dc element="dc.date.published" value="1997-03-26"/>
<dc element="dc.source" value="Reuters"/>
<dc element="dc.creator.location" value="MINNETONKA, Minn."/>
<dc element="dc.creator.location.country.name" value="USA"/>
<dc element="dc.source" value="Reuters"/>
</metadata>
</newsitem>
