<?xml version="1.0" encoding="iso-8859-1" ?>
<newsitem itemid="468341" id="root" date="1997-03-26" xml:lang="en">
<title>USA: Unison to &quot;vigorously&quot; defend against suits.</title>
<headline>Unison to &quot;vigorously&quot; defend against suits.</headline>
<dateline>SCOTTSDALE, Ariz. 1997-03-26</dateline>
<text>
<p>Unison HealthCare Corp said Wednesday that recent lawsuits relating to the decline in the company's stock price would be vigorously defended.</p>
<p>The company said that while such lawsuits are common when there is a decline in stock price, it would take these lawsuits seriously and defend against them to protect its reputation.</p>
<p>Unison stock is trading at 2-3/4, while having reached a 52-week high of 15-1/2.</p>
<p>The company added that its defense of these lawsuits will in no way interfere with the resolution of its accounting system problems.</p>
<p>Unisys has said that it will have to restate its earnings for the first three quarters of 1996. It is facing legal challenges from an investor who has accused the company, its officers and directors of omitting material facts about its performance.</p>
<p>Unison provides a broad range of health care services including nursing care, rehabilitation therapy, pharmacy and other specialized services primarily to subacute patients.</p>
</text>
<copyright>(c) Reuters Limited 1997</copyright>
<metadata>
<codes class="bip:countries:1.0">
  <code code="USA">
    <editdetail attribution="Reuters BIP Coding Group" action="confirmed" date="1997-03-26"/>
  </code>
</codes>
<codes class="bip:industries:1.0">
  <code code="I95100">
    <editdetail attribution="Reuters BIP Coding Group" action="confirmed" date="1997-03-26"/>
  </code>
</codes>
<codes class="bip:topics:1.0">
  <code code="C12">
    <editdetail attribution="Reuters BIP Coding Group" action="confirmed" date="1997-03-26"/>
  </code>
  <code code="CCAT">
    <editdetail attribution="Reuters BIP Coding Group" action="confirmed" date="1997-03-26"/>
  </code>
  <code code="GCAT">
    <editdetail attribution="Reuters BIP Coding Group" action="confirmed" date="1997-03-26"/>
  </code>
  <code code="GCRIM">
    <editdetail attribution="Reuters BIP Coding Group" action="confirmed" date="1997-03-26"/>
  </code>
</codes>
<dc element="dc.date.created" value="1997-03-26"/>
<dc element="dc.publisher" value="Reuters Holdings Plc"/>
<dc element="dc.date.published" value="1997-03-26"/>
<dc element="dc.source" value="Reuters"/>
<dc element="dc.creator.location" value="SCOTTSDALE, Ariz."/>
<dc element="dc.creator.location.country.name" value="USA"/>
<dc element="dc.source" value="Reuters"/>
</metadata>
</newsitem>
