<?xml version="1.0" encoding="iso-8859-1" ?>
<newsitem itemid="468366" id="root" date="1997-03-26" xml:lang="en">
<title>USA: BP Prudhoe Bay stake cut by Bass group.</title>
<headline>BP Prudhoe Bay stake cut by Bass group.</headline>
<dateline>WASHINGTON 1997-03-26</dateline>
<text>
<p>A group including Texas billionaire Robert Bass said Wednesday it reduced its stake in BP Prudhoe Bay Royalty Trust to 894,500 units of beneficial trust or 4.2 percent.</p>
<p>In a filing with the Securities and Exchange Commission, the group said its latest transactions include the sale of 365,000 units between March 14 and March 25 at prices ranging from $15.66 to $16.30 per share.</p>
</text>
<copyright>(c) Reuters Limited 1997</copyright>
<metadata>
<codes class="bip:countries:1.0">
  <code code="USA">
    <editdetail attribution="Reuters BIP Coding Group" action="confirmed" date="1997-03-26"/>
  </code>
</codes>
<codes class="bip:industries:1.0">
  <code code="I81502">
    <editdetail attribution="Reuters BIP Coding Group" action="confirmed" date="1997-03-26"/>
  </code>
  <code code="I8150206">
    <editdetail attribution="Reuters BIP Coding Group" action="confirmed" date="1997-03-26"/>
  </code>
</codes>
<codes class="bip:topics:1.0">
  <code code="C18">
    <editdetail attribution="Reuters BIP Coding Group" action="confirmed" date="1997-03-26"/>
  </code>
  <code code="C181">
    <editdetail attribution="Reuters BIP Coding Group" action="confirmed" date="1997-03-26"/>
  </code>
  <code code="CCAT">
    <editdetail attribution="Reuters BIP Coding Group" action="confirmed" date="1997-03-26"/>
  </code>
</codes>
<dc element="dc.date.created" value="1997-03-26"/>
<dc element="dc.publisher" value="Reuters Holdings Plc"/>
<dc element="dc.date.published" value="1997-03-26"/>
<dc element="dc.source" value="Reuters"/>
<dc element="dc.creator.location" value="WASHINGTON"/>
<dc element="dc.creator.location.country.name" value="USA"/>
<dc element="dc.source" value="Reuters"/>
</metadata>
</newsitem>
