<?xml version="1.0" encoding="iso-8859-1" ?>
<newsitem itemid="468306" id="root" date="1997-03-26" xml:lang="en">
<title>USA: Electropharmacology CFO resigns.</title>
<headline>Electropharmacology CFO resigns.</headline>
<dateline>POMPANO BEACH, Fla. 1997-03-26</dateline>
<text>
<p>Electropharmacology Inc said on Wednesday that chief financial officer Donald Soldatis resigned, effective immediately.</p>
<p>The resignation did not result from any disagreements over accounting principles, practices, or financial statement disclosure, the company said.</p>
<p>Also, Electropharmacology said it was notifying the Securities and Exchange Commission that its 1996 annual report would not be filed until April 15, 1997, due to the resignation.</p>
</text>
<copyright>(c) Reuters Limited 1997</copyright>
<metadata>
<codes class="bip:countries:1.0">
  <code code="USA">
    <editdetail attribution="Reuters BIP Coding Group" action="confirmed" date="1997-03-26"/>
  </code>
</codes>
<codes class="bip:topics:1.0">
  <code code="C41">
    <editdetail attribution="Reuters BIP Coding Group" action="confirmed" date="1997-03-26"/>
  </code>
  <code code="C411">
    <editdetail attribution="Reuters BIP Coding Group" action="confirmed" date="1997-03-26"/>
  </code>
  <code code="CCAT">
    <editdetail attribution="Reuters BIP Coding Group" action="confirmed" date="1997-03-26"/>
  </code>
</codes>
<dc element="dc.date.created" value="1997-03-26"/>
<dc element="dc.publisher" value="Reuters Holdings Plc"/>
<dc element="dc.date.published" value="1997-03-26"/>
<dc element="dc.source" value="Reuters"/>
<dc element="dc.creator.location" value="POMPANO BEACH, Fla."/>
<dc element="dc.creator.location.country.name" value="USA"/>
<dc element="dc.source" value="Reuters"/>
</metadata>
</newsitem>
