<?xml version="1.0" encoding="iso-8859-1" ?>
<newsitem itemid="468329" id="root" date="1997-03-26" xml:lang="en">
<title>USA: Minnesota Brewing loss widens on provisions.</title>
<headline>Minnesota Brewing loss widens on provisions.</headline>
<dateline>ST. PAUL, Minn. 1997-03-26</dateline>
<text>
<p>Minnesota Brewing Co said Wednesday it posted a loss in the fourth quarter ended December 31 after sales orders fell below plan and the company added to its reserves.</p>
<p>The company reported a loss of $1.6 million, or $0.48 a share, compared with a loss of $140,827, or $0.04 a share, one year ago.  Sales increased to $5.6 million from $4.7 million, Minnesota Brewing said.</p>
<p>The brewer said it added $150,000 to its reserves to provide for aged inventory and $83,000 to cover a possible loss on contract inventory.</p>
<p>Minnesota Brewing also set a $140,000 provision for an account where a client's new management decided not to honor the previous management's contracts.</p>
<p>Minnesota Brewing's shares were off 1/8 Wednesday at 3-1/4.</p>
<p>((Chicago newsdesk (312) 408-8787))</p>
</text>
<copyright>(c) Reuters Limited 1997</copyright>
<metadata>
<codes class="bip:countries:1.0">
  <code code="USA">
    <editdetail attribution="Reuters BIP Coding Group" action="confirmed" date="1997-03-26"/>
  </code>
</codes>
<codes class="bip:industries:1.0">
  <code code="I42700">
    <editdetail attribution="Reuters BIP Coding Group" action="confirmed" date="1997-03-26"/>
  </code>
</codes>
<codes class="bip:topics:1.0">
  <code code="C15">
    <editdetail attribution="Reuters BIP Coding Group" action="confirmed" date="1997-03-26"/>
  </code>
  <code code="C151">
    <editdetail attribution="Reuters BIP Coding Group" action="confirmed" date="1997-03-26"/>
  </code>
  <code code="CCAT">
    <editdetail attribution="Reuters BIP Coding Group" action="confirmed" date="1997-03-26"/>
  </code>
</codes>
<dc element="dc.date.created" value="1997-03-26"/>
<dc element="dc.publisher" value="Reuters Holdings Plc"/>
<dc element="dc.date.published" value="1997-03-26"/>
<dc element="dc.source" value="Reuters"/>
<dc element="dc.creator.location" value="ST. PAUL, Minn."/>
<dc element="dc.creator.location.country.name" value="USA"/>
<dc element="dc.source" value="Reuters"/>
</metadata>
</newsitem>
