<?xml version="1.0" encoding="iso-8859-1" ?>
<newsitem itemid="468340" id="root" date="1997-03-26" xml:lang="en">
<title>USA: US Airways to pay all preferred dividends.</title>
<headline>US Airways to pay all preferred dividends.</headline>
<dateline>ARLINGTON, Va. 1997-03-26</dateline>
<text>
<p>US Airways Group Inc said on Wednesday it will pay all dividends currently outstanding on all its preferred stock, totaling $81.4 million.</p>
<p>US Airways since September 1994 had been prohibited from paying dividends on its preferred stock because under Delaware law it did not have a net capital surplus. Partial payments resumed in July 1996, and now the company plans to pay all dividends accrued but previously unpaid.</p>
<p>The company will make an immediate $34.8 million payment to clear arrearages on its senior preferred stock, series A, F and T. US Airways also said it will pay $46.6 million on April 17 to holders of series B stock as of April 7.</p>
<p>The company also declared regular quarterly dividend payments of $8.3 million on its series A preferred shares and $4.7 million on series B, payable May 15 to holders of record as of May 5.</p>
</text>
<copyright>(c) Reuters Limited 1997</copyright>
<metadata>
<codes class="bip:countries:1.0">
  <code code="USA">
    <editdetail attribution="Reuters BIP Coding Group" action="confirmed" date="1997-03-26"/>
  </code>
</codes>
<codes class="bip:industries:1.0">
  <code code="I75000">
    <editdetail attribution="Reuters BIP Coding Group" action="confirmed" date="1997-03-26"/>
  </code>
</codes>
<codes class="bip:topics:1.0">
  <code code="C15">
    <editdetail attribution="Reuters BIP Coding Group" action="confirmed" date="1997-03-26"/>
  </code>
  <code code="C151">
    <editdetail attribution="Reuters BIP Coding Group" action="confirmed" date="1997-03-26"/>
  </code>
  <code code="CCAT">
    <editdetail attribution="Reuters BIP Coding Group" action="confirmed" date="1997-03-26"/>
  </code>
</codes>
<dc element="dc.date.created" value="1997-03-26"/>
<dc element="dc.publisher" value="Reuters Holdings Plc"/>
<dc element="dc.date.published" value="1997-03-26"/>
<dc element="dc.source" value="Reuters"/>
<dc element="dc.creator.location" value="ARLINGTON, Va."/>
<dc element="dc.creator.location.country.name" value="USA"/>
<dc element="dc.source" value="Reuters"/>
</metadata>
</newsitem>
