<?xml version="1.0" encoding="iso-8859-1" ?>
<newsitem itemid="468313" id="root" date="1997-03-26" xml:lang="en">
<title>USA: Ford unveils new 1998 Lincoln Town Car.</title>
<headline>Ford unveils new 1998 Lincoln Town Car.</headline>
<dateline>NEW YORK 1997-03-26</dateline>
<text>
<p>Ford Motor Co unveiled its newly designed 1998 Lincoln Town Car at the New York Auto show Wednesday, a trimmer, more agile version of the full-size luxury sedan.</p>
<p>The 1998 Town Car features a slightly smaller exterior, improved steering, suspension and breaks, as well as a more refined powertrain, according to Jim O'Connor, Ford Motor Co Vice President in charge of Lincoln.</p>
<p>O'Connor said the changes reflect a car that is more than 80 percent new from the ground up including the re-engineered, more rigid frame.  </p>
<p>In redesigning the Town Car, Lincoln has concentrated on areas where customers have asked for improvement, Ford said.</p>
<p>&quot;Our current customers were our main priority in redesigning the 1998 Town Car,&quot; said Lincoln Town Car brand mananger Mike Richards.  &quot;But we were very cognizant of how much change today's customers could accept and how much change was needed to appeal to a new customer group.&quot;</p>
<p>Ford said major upgrades to the 1998 Town Car include a re-engineered full perimiter steel frame, new Watt's Linkage rear suspension, refined steering gear and an optional handling package incorporating new mono-tube shock absorbers for increased firmness and improved handling feel.</p>
<p>The company added that tomorrow's Town Car buyer is looking for many of the same attributes in a luxury car as current Lincoln customers, but generally have more specific, more demanding desires than previous Lincoln owners.</p>
<p>&quot;The new Town Car has a lot of attitude and spirit that new customers will like,&quot; O'Connor said.</p>
<p>The Town Car's &quot;new, refined driving experience, powerful new looks and quality is sure to appeal to buyers who never before would have considered a Lincoln,&quot; Richards said.</p>
<p>((--Neil Kelleher 212 859-1700))</p>
</text>
<copyright>(c) Reuters Limited 1997</copyright>
<metadata>
<codes class="bip:countries:1.0">
  <code code="USA">
    <editdetail attribution="Reuters BIP Coding Group" action="confirmed" date="1997-03-26"/>
  </code>
</codes>
<codes class="bip:industries:1.0">
  <code code="I35101">
    <editdetail attribution="Reuters BIP Coding Group" action="confirmed" date="1997-03-26"/>
  </code>
</codes>
<codes class="bip:topics:1.0">
  <code code="C21">
    <editdetail attribution="Reuters BIP Coding Group" action="confirmed" date="1997-03-26"/>
  </code>
  <code code="C22">
    <editdetail attribution="Reuters BIP Coding Group" action="confirmed" date="1997-03-26"/>
  </code>
  <code code="CCAT">
    <editdetail attribution="Reuters BIP Coding Group" action="confirmed" date="1997-03-26"/>
  </code>
</codes>
<dc element="dc.date.created" value="1997-03-26"/>
<dc element="dc.publisher" value="Reuters Holdings Plc"/>
<dc element="dc.date.published" value="1997-03-26"/>
<dc element="dc.source" value="Reuters"/>
<dc element="dc.creator.location" value="NEW YORK"/>
<dc element="dc.creator.location.country.name" value="USA"/>
<dc element="dc.source" value="Reuters"/>
</metadata>
</newsitem>
