<?xml version="1.0" encoding="iso-8859-1" ?>
<newsitem itemid="468302" id="root" date="1997-03-26" xml:lang="en">
<title>USA: Tech Data Corp Q4 Jan 31 net up sharply.</title>
<headline>Tech Data Corp Q4 Jan 31 net up sharply.</headline>
<dateline>CLEARWATER, Fla. 1997-03-26</dateline>
<text>
<p>(In thousands, except per share amounts)</p>
<p>				Fourth Quarter		Year</p>
<p>				1997	1996	 1997	 1996</p>
<p> Net sales	  $1,313,489   $901,038 $4,598,941 $3,086,620</p>
<p>Cost and expenses:</p>
<p>Cost of products sold</p>
<p>			 1,220,977    836,658  4,277,160  2,867,226</p>
<p>Selling, general and</p>
<p>administrative expenses</p>
<p>			    57,138     44,093    206,770    163,790</p>
<p>			 1,278,115    880,751  4,483,930  3,031,016</p>
<p> Operating profit     35,374     20,287    115,011     55,604</p>
<p> Net income	     17,781	9,202     56,973     21,541</p>
<p> Net income per share    .40	  .24	 1.35	  .56</p>
<p>Average shares</p>
<p>    outstanding	 44,900     38,347     42,125     38,138</p>
<p>((-- New York Newsdesk 212-859-1610.))</p>
</text>
<copyright>(c) Reuters Limited 1997</copyright>
<metadata>
<codes class="bip:countries:1.0">
  <code code="USA">
    <editdetail attribution="Reuters BIP Coding Group" action="confirmed" date="1997-03-26"/>
  </code>
</codes>
<codes class="bip:industries:1.0">
  <code code="I61000">
    <editdetail attribution="Reuters BIP Coding Group" action="confirmed" date="1997-03-26"/>
  </code>
</codes>
<codes class="bip:topics:1.0">
  <code code="C15">
    <editdetail attribution="Reuters BIP Coding Group" action="confirmed" date="1997-03-26"/>
  </code>
  <code code="C151">
    <editdetail attribution="Reuters BIP Coding Group" action="confirmed" date="1997-03-26"/>
  </code>
  <code code="C1511">
    <editdetail attribution="Reuters BIP Coding Group" action="confirmed" date="1997-03-26"/>
  </code>
  <code code="CCAT">
    <editdetail attribution="Reuters BIP Coding Group" action="confirmed" date="1997-03-26"/>
  </code>
</codes>
<dc element="dc.date.created" value="1997-03-26"/>
<dc element="dc.publisher" value="Reuters Holdings Plc"/>
<dc element="dc.date.published" value="1997-03-26"/>
<dc element="dc.source" value="Reuters"/>
<dc element="dc.creator.location" value="CLEARWATER, Fla."/>
<dc element="dc.creator.location.country.name" value="USA"/>
<dc element="dc.source" value="Reuters"/>
</metadata>
</newsitem>
