<?xml version="1.0" encoding="iso-8859-1" ?>
<newsitem itemid="468379" id="root" date="1997-03-26" xml:lang="en">
<title>USA: Wavetech sees yrly revs up $15 mln with AmeriCom.</title>
<headline>Wavetech sees yrly revs up $15 mln with AmeriCom.</headline>
<dateline>TUCSON, Ariz. 1997-03-26</dateline>
<text>
<p>Wavetech Inc said that Wednesday that its Interpretel subsidiary will launch a virtual office program through a new distribution agreement with AmeriCom Communications LLC.</p>
<p>The company said the agreement is expected to generate annualized additional revenues of $15 million by the end of 1998.</p>
<p>Under the agreement, AmeriCom will distribute the program to its existing customers as well as marketing it to new customers, said Wavetech.</p>
<p>The company said the virtual office program allows users to have 12-way conference calling, send and receive faxes, and provides over-the-line interpretation in more than 100 languages, among other features.</p>
<p>Wavetech said that its shareholders have also voted to change the company's name to Telplex International Inc.</p>
</text>
<copyright>(c) Reuters Limited 1997</copyright>
<metadata>
<codes class="bip:countries:1.0">
  <code code="USA">
    <editdetail attribution="Reuters BIP Coding Group" action="confirmed" date="1997-03-26"/>
  </code>
</codes>
<codes class="bip:topics:1.0">
  <code code="C15">
    <editdetail attribution="Reuters BIP Coding Group" action="confirmed" date="1997-03-26"/>
  </code>
  <code code="C152">
    <editdetail attribution="Reuters BIP Coding Group" action="confirmed" date="1997-03-26"/>
  </code>
  <code code="C31">
    <editdetail attribution="Reuters BIP Coding Group" action="confirmed" date="1997-03-26"/>
  </code>
  <code code="CCAT">
    <editdetail attribution="Reuters BIP Coding Group" action="confirmed" date="1997-03-26"/>
  </code>
</codes>
<dc element="dc.date.created" value="1997-03-26"/>
<dc element="dc.publisher" value="Reuters Holdings Plc"/>
<dc element="dc.date.published" value="1997-03-26"/>
<dc element="dc.source" value="Reuters"/>
<dc element="dc.creator.location" value="TUCSON, Ariz."/>
<dc element="dc.creator.location.country.name" value="USA"/>
<dc element="dc.source" value="Reuters"/>
</metadata>
</newsitem>
