<?xml version="1.0" encoding="iso-8859-1" ?>
<newsitem itemid="468370" id="root" date="1997-03-26" xml:lang="en">
<title>USA: Station Casinos to issue $150 mln in debt.</title>
<headline>Station Casinos to issue $150 mln in debt.</headline>
<dateline>NEW YORK 1997-03-26</dateline>
<text>
<p>Station Casinos Inc on Wednesday said it will sell $150 million in 10-year senior subordinated notes via sole manager BancAmerica Securities.</p>
<p>The deal will be priced in the 144A private placement market no later than Monday, March 31, according to a high-yield market source.</p>
<p>The notes are rated B2 by Moody's Investors Service and B-plus by Standard &amp; Poor's.</p>
<p>Proceeds from the deal will be used to pay down amounts outstanding under the company's $372 million bank facility, Station said.</p>
<p>The availability under the bank facility, cash flows from operations, and equipment financing will be used to pay the remaining construction costs for the next phase of the Station Casino St. Charles master plan of approximately $132 million, the company said.</p>
<p>The facility will also be used to provide additional equity contributions for the completion of Sunset Station, for payment of construction payables and general corporate purposes, it added.</p>
<p>((--Al Yoon, 212-859-1672))</p>
</text>
<copyright>(c) Reuters Limited 1997</copyright>
<metadata>
<codes class="bip:countries:1.0">
  <code code="USA">
    <editdetail attribution="Reuters BIP Coding Group" action="confirmed" date="1997-03-26"/>
  </code>
</codes>
<codes class="bip:industries:1.0">
  <code code="I97912">
    <editdetail attribution="Reuters BIP Coding Group" action="confirmed" date="1997-03-26"/>
  </code>
</codes>
<codes class="bip:topics:1.0">
  <code code="C17">
    <editdetail attribution="Reuters BIP Coding Group" action="confirmed" date="1997-03-26"/>
  </code>
  <code code="C172">
    <editdetail attribution="Reuters BIP Coding Group" action="confirmed" date="1997-03-26"/>
  </code>
  <code code="CCAT">
    <editdetail attribution="Reuters BIP Coding Group" action="confirmed" date="1997-03-26"/>
  </code>
</codes>
<dc element="dc.date.created" value="1997-03-26"/>
<dc element="dc.publisher" value="Reuters Holdings Plc"/>
<dc element="dc.date.published" value="1997-03-26"/>
<dc element="dc.source" value="Reuters"/>
<dc element="dc.creator.location" value="NEW YORK"/>
<dc element="dc.creator.location.country.name" value="USA"/>
<dc element="dc.source" value="Reuters"/>
</metadata>
</newsitem>
