<?xml version="1.0" encoding="iso-8859-1" ?>
<newsitem itemid="468399" id="root" date="1997-03-26" xml:lang="en">
<title>USA: Allcity Insurance Q4 shr $0.11.</title>
<headline>Allcity Insurance Q4 shr $0.11.</headline>
<dateline>NEW YORK 1997-03-26</dateline>
<text>
<p>Three months ended December 31</p>
<p>					1996		    1995</p>
<p> Total revenue	     $ 28,592,000	  $ 29,676,000</p>
<p>Net securities</p>
<p>  gains (losses)		  220,000		    ----</p>
<p> Net income (loss)		801,000	    (1,024,000)</p>
<p>Earnings (loss)</p>
<p>  per share			    0.11		   (0.14)</p>
<p>				  Twelve months ended December 31</p>
<p>					1996		    1995</p>
<p> Total revenue	     $120,790,000	  $117,892,000</p>
<p>Net securities</p>
<p>  gains (losses)		1,130,000		(205,000)</p>
<p> Net income (loss)	    2,634,000		 563,000</p>
<p>Earnings (loss)</p>
<p>  per share			    0.37		    0.08</p>
<p>--((New York Newsdesk 212 859-1610))</p>
</text>
<copyright>(c) Reuters Limited 1997</copyright>
<metadata>
<codes class="bip:countries:1.0">
  <code code="USA">
    <editdetail attribution="Reuters BIP Coding Group" action="confirmed" date="1997-03-26"/>
  </code>
</codes>
<codes class="bip:industries:1.0">
  <code code="I82003">
    <editdetail attribution="Reuters BIP Coding Group" action="confirmed" date="1997-03-26"/>
  </code>
</codes>
<codes class="bip:topics:1.0">
  <code code="C15">
    <editdetail attribution="Reuters BIP Coding Group" action="confirmed" date="1997-03-26"/>
  </code>
  <code code="C151">
    <editdetail attribution="Reuters BIP Coding Group" action="confirmed" date="1997-03-26"/>
  </code>
  <code code="C1511">
    <editdetail attribution="Reuters BIP Coding Group" action="confirmed" date="1997-03-26"/>
  </code>
  <code code="CCAT">
    <editdetail attribution="Reuters BIP Coding Group" action="confirmed" date="1997-03-26"/>
  </code>
</codes>
<dc element="dc.date.created" value="1997-03-26"/>
<dc element="dc.publisher" value="Reuters Holdings Plc"/>
<dc element="dc.date.published" value="1997-03-26"/>
<dc element="dc.source" value="Reuters"/>
<dc element="dc.creator.location" value="NEW YORK"/>
<dc element="dc.creator.location.country.name" value="USA"/>
<dc element="dc.source" value="Reuters"/>
</metadata>
</newsitem>
