<?xml version="1.0" encoding="iso-8859-1" ?>
<newsitem itemid="468334" id="root" date="1997-03-26" xml:lang="en">
<title>USA: RCSB Financial Inc Q1 shr rises, net flat.</title>
<headline>RCSB Financial Inc Q1 shr rises, net flat.</headline>
<dateline>ROCHESTER, N.Y. 1997-03-26</dateline>
<text>
<p>(dollars and shares in millions, except per share amounts)</p>
<p>						February 28, February 29,</p>
<p>								1997     1996</p>
<p> Net interest income				    $32.2   $31.7</p>
<p>   Provision for loan losses			    4.0     2.7</p>
<p> NET INCOME						   9.7     9.7</p>
<p> Net income per fully diluted common share	 0.63    0.53</p>
<p> Avg. fully diluted common shares outstanding,   15.5    18.4</p>
<p>						Feb 28,  Nov 30,  Feb 29,</p>
<p>						  1997	1996     1996</p>
<p>Balance Sheet Data:</p>
<p> Assets				    $4,032.4 $4,014.3 $4,111.2</p>
<p> Loans receivable, net		  2,018.3  2,020.7  2,022.6</p>
<p> Deposits				   2,368.3  2,368.7  2,254.6</p>
<p>((-- New York Newsdesk 212 859-1610))</p>
</text>
<copyright>(c) Reuters Limited 1997</copyright>
<metadata>
<codes class="bip:countries:1.0">
  <code code="USA">
    <editdetail attribution="Reuters BIP Coding Group" action="confirmed" date="1997-03-26"/>
  </code>
</codes>
<codes class="bip:industries:1.0">
  <code code="I81501">
    <editdetail attribution="Reuters BIP Coding Group" action="confirmed" date="1997-03-26"/>
  </code>
  <code code="I8150103">
    <editdetail attribution="Reuters BIP Coding Group" action="confirmed" date="1997-03-26"/>
  </code>
</codes>
<codes class="bip:topics:1.0">
  <code code="C15">
    <editdetail attribution="Reuters BIP Coding Group" action="confirmed" date="1997-03-26"/>
  </code>
  <code code="C151">
    <editdetail attribution="Reuters BIP Coding Group" action="confirmed" date="1997-03-26"/>
  </code>
  <code code="CCAT">
    <editdetail attribution="Reuters BIP Coding Group" action="confirmed" date="1997-03-26"/>
  </code>
</codes>
<dc element="dc.date.created" value="1997-03-26"/>
<dc element="dc.publisher" value="Reuters Holdings Plc"/>
<dc element="dc.date.published" value="1997-03-26"/>
<dc element="dc.source" value="Reuters"/>
<dc element="dc.creator.location" value="ROCHESTER, N.Y."/>
<dc element="dc.creator.location.country.name" value="USA"/>
<dc element="dc.source" value="Reuters"/>
</metadata>
</newsitem>
