<?xml version="1.0" encoding="iso-8859-1" ?>
<newsitem itemid="468328" id="root" date="1997-03-26" xml:lang="en">
<title>USA: Deltapoint names AIT as CEO.</title>
<headline>Deltapoint names AIT as CEO.</headline>
<dateline>MONTEREY, Calif. 1997-03-26</dateline>
<text>
<p>DeltaPoint Inc, a developer of Internet and graphics software, on Wednesday said it named Jeffrey Ait as its chief executive officer replacing John Ambrose, who stepped down to pursue other interests.</p>
<p>Ait was formerly the vice president, Internet for The Santa Cruz Operation Inc, a software company focused on developing products for the Unix operating system.</p>
<p>At Santa Cruz Operation, Ait was responsible for developing and driving that company's worldwide Internet strategy and direction. He launched its Internet products to both domestic and international markets.  </p>
<p>Prior to his tenure at Santa Cruz Operation, Ait was the vice president of Major Business Opportunities at Government Technology Services Inc. Previously, he directed the national reseller program for Unisys Corp, after serving in various managerial capacities for computer systems companies.</p>
<p>Ait has more than 16 years of management experience in the computer industry.</p>
</text>
<copyright>(c) Reuters Limited 1997</copyright>
<metadata>
<codes class="bip:countries:1.0">
  <code code="USA">
    <editdetail attribution="Reuters BIP Coding Group" action="confirmed" date="1997-03-26"/>
  </code>
</codes>
<codes class="bip:topics:1.0">
  <code code="C41">
    <editdetail attribution="Reuters BIP Coding Group" action="confirmed" date="1997-03-26"/>
  </code>
  <code code="C411">
    <editdetail attribution="Reuters BIP Coding Group" action="confirmed" date="1997-03-26"/>
  </code>
  <code code="CCAT">
    <editdetail attribution="Reuters BIP Coding Group" action="confirmed" date="1997-03-26"/>
  </code>
</codes>
<dc element="dc.date.created" value="1997-03-26"/>
<dc element="dc.publisher" value="Reuters Holdings Plc"/>
<dc element="dc.date.published" value="1997-03-26"/>
<dc element="dc.source" value="Reuters"/>
<dc element="dc.creator.location" value="MONTEREY, Calif."/>
<dc element="dc.creator.location.country.name" value="USA"/>
<dc element="dc.source" value="Reuters"/>
</metadata>
</newsitem>
