<?xml version="1.0" encoding="iso-8859-1" ?>
<newsitem itemid="468303" id="root" date="1997-03-26" xml:lang="en">
<title>USA: U.S. June S&amp;P 500 futures finish higher.</title>
<headline>U.S. June S&amp;P 500 futures finish higher.</headline>
<dateline>CHICAGO 1997-03-26</dateline>
<text>
<p>U.S. June Standard and Poor's 500 futures finished a quiet afternoon higher and in the middle of the day's range.</p>
<p>Strength in technology stocks lent a bullish tone to otherwise directionless S&amp;P 500 futures, traders said. June Nasdaq 100 futures continued their sharp rebound from the year's low set Monday.</p>
<p>Overall S&amp;P action was light and consolidative as players sought to find their footing after volatile trade late Tuesday, when the Fed's policy arm raised its federal funds rate target to 5.50 percent from 5.25 percent.  </p>
<p>Analysts said a robust February durable goods report highlighted expectations for a second rate hike when the Fed's policy group meets in May.</p>
<p>Before S&amp;P 500 futures opened, February durable goods orders were reported at a record high $178.32 billion, up 1.5 percent from January. The rise in January orders was revised to 4.1 percent from 4.0 percent.</p>
<p>Treasury bond futures slumped after the report, but S&amp;P 500 futures paid scant attention to the lagging bond market, traders said.</p>
<p>&quot;The focus was the tech stocks,&quot; one S&amp;P trader said.  </p>
<p>The trader noted that S&amp;P 500 futures drifted down from their highs in late trade, slipping below key 800.00.</p>
<p>&quot;The break here was just a pullback a bit and then we just kind of floated,&quot; he said. &quot;We might see a test of 806.00 tomorrow, but I think we're going to start finding people in the holiday mode.&quot;</p>
<p>S&amp;P 500 futures will observe regular trading hours Thursday, while U.S. debt futures close around midday. U.S. markets will be closed on Friday for the Good Friday holiday.</p>
<p>Traders now put support in June S&amp;Ps at 791.00, 793.50, and 797.80. Today's high of 802.70 was seen as resistance.  </p>
<p>June S&amp;P 500s settled up 3.00 points at 798.20, Midcap 400s finished 1.10 pts higher at 263.95, Nikkei 225 index futures rose 20.0 to 18,515, Nasdaq 100s rallied 25.00 pts to 843.25 and KCBT Value Line futures were up 4.30 at 709.20. ((--Derivatives Desk: 312-408-8750)) email:derivatives@reuters.com</p>
</text>
<copyright>(c) Reuters Limited 1997</copyright>
<metadata>
<codes class="bip:countries:1.0">
  <code code="USA">
    <editdetail attribution="Reuters BIP Coding Group" action="confirmed" date="1997-03-26"/>
  </code>
</codes>
<codes class="bip:topics:1.0">
  <code code="M11">
    <editdetail attribution="Reuters BIP Coding Group" action="confirmed" date="1997-03-26"/>
  </code>
  <code code="MCAT">
    <editdetail attribution="Reuters BIP Coding Group" action="confirmed" date="1997-03-26"/>
  </code>
</codes>
<dc element="dc.date.created" value="1997-03-26"/>
<dc element="dc.publisher" value="Reuters Holdings Plc"/>
<dc element="dc.date.published" value="1997-03-26"/>
<dc element="dc.source" value="Reuters"/>
<dc element="dc.creator.location" value="CHICAGO"/>
<dc element="dc.creator.location.country.name" value="USA"/>
<dc element="dc.source" value="Reuters"/>
</metadata>
</newsitem>
