<?xml version="1.0" encoding="iso-8859-1" ?>
<newsitem itemid="468308" id="root" date="1997-03-26" xml:lang="en">
<title>USA: Cagle's Inc to fight OSHA finding, fine.</title>
<headline>Cagle's Inc to fight OSHA finding, fine.</headline>
<dateline>ATLANTA 1997-03-26</dateline>
<text>
<p>Cagle's Inc said Wednesday it will fight a recent finding by the U.S. Occupational Safety and Health Administration that it violated safety rules at its Macon, Georgia, processing plant.</p>
<p>OSHA said yesterday it would fine the Atlanta-based poultry producer $1.271 million after an employee lost a finger while cleaning moving equipment.</p>
<p>Cagle's said in a release Wednesday that it &quot;strongly disputes the alleged findings by OSHA and plans to vigorously contest the proposed fine through the appropriate channels.&quot;</p>
</text>
<copyright>(c) Reuters Limited 1997</copyright>
<metadata>
<codes class="bip:countries:1.0">
  <code code="USA">
    <editdetail attribution="Reuters BIP Coding Group" action="confirmed" date="1997-03-26"/>
  </code>
</codes>
<codes class="bip:industries:1.0">
  <code code="I41000">
    <editdetail attribution="Reuters BIP Coding Group" action="confirmed" date="1997-03-26"/>
  </code>
</codes>
<codes class="bip:topics:1.0">
  <code code="C13">
    <editdetail attribution="Reuters BIP Coding Group" action="confirmed" date="1997-03-26"/>
  </code>
  <code code="CCAT">
    <editdetail attribution="Reuters BIP Coding Group" action="confirmed" date="1997-03-26"/>
  </code>
</codes>
<dc element="dc.date.created" value="1997-03-26"/>
<dc element="dc.publisher" value="Reuters Holdings Plc"/>
<dc element="dc.date.published" value="1997-03-26"/>
<dc element="dc.source" value="Reuters"/>
<dc element="dc.creator.location" value="ATLANTA"/>
<dc element="dc.creator.location.country.name" value="USA"/>
<dc element="dc.source" value="Reuters"/>
</metadata>
</newsitem>
