<?xml version="1.0" encoding="iso-8859-1" ?>
<newsitem itemid="468364" id="root" date="1997-03-26" xml:lang="en">
<title>USA: U.S. OPTIONS FOCUS/Stock bulls fight time decay.</title>
<headline>U.S. OPTIONS FOCUS/Stock bulls fight time decay.</headline>
<dateline>CHICAGO 1997-03-26</dateline>
<text>
<p>Time decay, not lingering concern about a further interest rate rise, was the main enemy of a growing number of bulls in the U.S. stock index options market, traders said.</p>
<p>Although the market was generally turning positive after Tuesday's widely expected quarter-point interest rate hike by the Federal Reserve, the upcoming Easter weekend pressured implied volatilities, dampening gains in calls.</p>
<p>&quot;Implied volatility is very high, which makes it very dangerous to buy options,&quot; said Larry McMillan of McMillan Analysis Corp.  </p>
<p>But he added that he had just issued a buy recommendation for S&amp;P100 index calls on the assumption that gains in the index would probably outpace a near-term softening in volatilities.</p>
<p>The OEX was up 5.75 point at 773.49 at 1235 CST/1835 GMT.</p>
<p>The Chicago Board Options Exchange (CBOE) volatility index was off 0.70 point at 20.32.</p>
<p>Jerry Hegarty, an analyst with Thomson Financial Services, said volatilities would probably return next week as the market prepares for the March U.S. employment report due out on April 4.  </p>
<p>&quot;You've got a holiday on Friday so things are winding down, but I think it will tick back up again, he said.</p>
<p>Still, Hegarty added that premiums were very plump from a historical standpoint and that the market's choppiness and relatively wide bid/ask spreads were making outright OEX trading very difficult.</p>
<p>&quot;It just takes away the idea of speculating when an at-the-money call is $15 ($1,500 per OEX contract) and at-the-money puts are $13,&quot; he said.</p>
<p>By 1240 CST/1840 GMT, the most heavily traded OEX contract was the April 760 puts, with volume of 4,983 contracts.  </p>
<p>An OEX trader on the CBOE floor said there was a lot of liquidation in out-of-the-money puts as perception spread that the worst was over, at least for the time being.</p>
<p>&quot;Overall it's been a pretty quiet day,&quot; he said. &quot;A lot of people are just closing out their positions because of the holiday.&quot;</p>
<p>Technology stocks again led the market's rally, with the semiconductor index on the Philadelphia Stock Exchange rising 13.35 points to 278.32 at 1245 CST/1845 GMT.</p>
<p>SOXX option volume was moderate, with much of that flow was also in out-of-the-money puts.</p>
<p>Chicago Derivatives Desk ((312-408-8750))</p>
<p>E-mail: derivatives@reuters.com</p>
</text>
<copyright>(c) Reuters Limited 1997</copyright>
<metadata>
<codes class="bip:countries:1.0">
  <code code="USA">
    <editdetail attribution="Reuters BIP Coding Group" action="confirmed" date="1997-03-26"/>
  </code>
</codes>
<codes class="bip:topics:1.0">
  <code code="M11">
    <editdetail attribution="Reuters BIP Coding Group" action="confirmed" date="1997-03-26"/>
  </code>
  <code code="MCAT">
    <editdetail attribution="Reuters BIP Coding Group" action="confirmed" date="1997-03-26"/>
  </code>
</codes>
<dc element="dc.date.created" value="1997-03-26"/>
<dc element="dc.publisher" value="Reuters Holdings Plc"/>
<dc element="dc.date.published" value="1997-03-26"/>
<dc element="dc.source" value="Reuters"/>
<dc element="dc.creator.location" value="CHICAGO"/>
<dc element="dc.creator.location.country.name" value="USA"/>
<dc element="dc.source" value="Reuters"/>
</metadata>
</newsitem>
