<?xml version="1.0" encoding="iso-8859-1" ?>
<newsitem itemid="468347" id="root" date="1997-03-26" xml:lang="en">
<title>USA: Farrel Corp Q4 shr $0.22 vs $0.36.</title>
<headline>Farrel Corp Q4 shr $0.22 vs $0.36.</headline>
<dateline>ANSONIA, Conn. 1997-03-26</dateline>
<text>
<p>FARREL CORPORATION</p>
<p>				  FINANCIAL HIGHLIGHTS</p>
<p>						     Three Months Ended</p>
<p>						  12/31/96	 12/31/95</p>
<p> Net Sales				 $26,694,000    $34,908,000</p>
<p> Net Income				  1,340,000	2,214,000</p>
<p> Net Income Per Common Share		  0.22	     0.36</p>
<p>							    Year Ended</p>
<p>						 12/31/96	  12/31/95</p>
<p> Net Sales				  75,836,000     80,067,000</p>
<p> Net Income				    326,000	  902,000</p>
<p> Net Income Per Common Share		  0.05	     0.15</p>
<p>SOURCE  Farrel Corporation</p>
<p>-- New York Newsdesk 212 859-1610</p>
</text>
<copyright>(c) Reuters Limited 1997</copyright>
<metadata>
<codes class="bip:countries:1.0">
  <code code="USA">
    <editdetail attribution="Reuters BIP Coding Group" action="confirmed" date="1997-03-26"/>
  </code>
</codes>
<codes class="bip:industries:1.0">
  <code code="I32040">
    <editdetail attribution="Reuters BIP Coding Group" action="confirmed" date="1997-03-26"/>
  </code>
</codes>
<codes class="bip:topics:1.0">
  <code code="C15">
    <editdetail attribution="Reuters BIP Coding Group" action="confirmed" date="1997-03-26"/>
  </code>
  <code code="C151">
    <editdetail attribution="Reuters BIP Coding Group" action="confirmed" date="1997-03-26"/>
  </code>
  <code code="C1511">
    <editdetail attribution="Reuters BIP Coding Group" action="confirmed" date="1997-03-26"/>
  </code>
  <code code="CCAT">
    <editdetail attribution="Reuters BIP Coding Group" action="confirmed" date="1997-03-26"/>
  </code>
</codes>
<dc element="dc.date.created" value="1997-03-26"/>
<dc element="dc.publisher" value="Reuters Holdings Plc"/>
<dc element="dc.date.published" value="1997-03-26"/>
<dc element="dc.source" value="Reuters"/>
<dc element="dc.creator.location" value="ANSONIA, Conn."/>
<dc element="dc.creator.location.country.name" value="USA"/>
<dc element="dc.source" value="Reuters"/>
</metadata>
</newsitem>
