<?xml version="1.0" encoding="iso-8859-1" ?>
<newsitem itemid="468350" id="root" date="1997-03-26" xml:lang="en">
<title>USA: Pillar Point, LaserSight enter settlement.</title>
<headline>Pillar Point, LaserSight enter settlement.</headline>
<dateline>NEW YORK 1997-03-26</dateline>
<text>
<p>VISX Inc said on Wednesday that Pillar Point Partners has agreed to settle patent infringment litigation against LaserSight Inc.</p>
<p>In the settlement, Pillar Point, VISX and Summit Technology Inc granted LaserSight a release from liability for the patent infringement claims.</p>
<p>LaserSight has agreed to make a nominal payment and to notify Pillar Point before it begins manufacturing or selling its laser vision correction products in the United States, VISX said.</p>
<p>Pillar Point is a partnership between VISX and Summit Technology that pays the companies for laser vision correction procedures that use the companies' products.</p>
</text>
<copyright>(c) Reuters Limited 1997</copyright>
<metadata>
<codes class="bip:countries:1.0">
  <code code="USA">
    <editdetail attribution="Reuters BIP Coding Group" action="confirmed" date="1997-03-26"/>
  </code>
</codes>
<codes class="bip:industries:1.0">
  <code code="I37200">
    <editdetail attribution="Reuters BIP Coding Group" action="confirmed" date="1997-03-26"/>
  </code>
  <code code="I37300">
    <editdetail attribution="Reuters BIP Coding Group" action="confirmed" date="1997-03-26"/>
  </code>
</codes>
<codes class="bip:topics:1.0">
  <code code="C12">
    <editdetail attribution="Reuters BIP Coding Group" action="confirmed" date="1997-03-26"/>
  </code>
  <code code="C13">
    <editdetail attribution="Reuters BIP Coding Group" action="confirmed" date="1997-03-26"/>
  </code>
  <code code="CCAT">
    <editdetail attribution="Reuters BIP Coding Group" action="confirmed" date="1997-03-26"/>
  </code>
  <code code="GCAT">
    <editdetail attribution="Reuters BIP Coding Group" action="confirmed" date="1997-03-26"/>
  </code>
  <code code="GCRIM">
    <editdetail attribution="Reuters BIP Coding Group" action="confirmed" date="1997-03-26"/>
  </code>
</codes>
<dc element="dc.date.created" value="1997-03-26"/>
<dc element="dc.publisher" value="Reuters Holdings Plc"/>
<dc element="dc.date.published" value="1997-03-26"/>
<dc element="dc.source" value="Reuters"/>
<dc element="dc.creator.location" value="NEW YORK"/>
<dc element="dc.creator.location.country.name" value="USA"/>
<dc element="dc.source" value="Reuters"/>
</metadata>
</newsitem>
