<?xml version="1.0" encoding="iso-8859-1" ?>
<newsitem itemid="468345" id="root" date="1997-03-26" xml:lang="en">
<title>USA: IPO HIGHLIGHTS - IAT Multimedia gains.</title>
<headline>IPO HIGHLIGHTS - IAT Multimedia gains.</headline>
<dateline>NEW YORK 1997-03-26</dateline>
<text>
<p>Shares of IAT Multimedia Inc shot up 2-3/4, or 45.8 percent, over their offering price of $6 a share, to trade at 8-3/4 in the afternoon on volume of around 1.6 million shares.</p>
<p>The number of shares was raised to 3.35 million from 3.1 million in a deal lead-managed by Royce Investment Group.</p>
<p>The estimated pricing range, according to the company's prospectus, was $6.25 to $6.50 per share.  </p>
<p>Switzerland-based IAT makes customizable visual communications systems for use in desktop computers. According to the company's filing, its systems allow users to hold multi-point video conferences in two or more locations and provide additional video, audio and data transfer features not available in traditional video conferencing systems.</p>
<p>According to David Menlow, president of Springfield, N.J.-based IPO Financial Network Corp, the impetus behind the deal's healthy debut was the reputation of the underwriter. &quot;The story behind IAT is the history of Royce Investment.&quot;</p>
<p>Menlow said that Royce has established itself as a successful niche player in the IPO market that takes on a limited number of smaller-sized deals and places them &quot;the right way.&quot;</p>
<p>He cited recent opening successes like Birman Managed Care Inc, which priced at $5 a share and rose to 7-1/8 on the first day, and Marquee Group Inc, whose shares also priced at $5 and climbed to 7-1/2 at their debut.</p>
<p>---K. Mehta ((New York Newsdesk 212-859-1610))</p>
</text>
<copyright>(c) Reuters Limited 1997</copyright>
<metadata>
<codes class="bip:countries:1.0">
  <code code="SWITZ">
    <editdetail attribution="Reuters BIP Coding Group" action="confirmed" date="1997-03-26"/>
  </code>
  <code code="USA">
    <editdetail attribution="Reuters BIP Coding Group" action="confirmed" date="1997-03-26"/>
  </code>
</codes>
<codes class="bip:topics:1.0">
  <code code="C14">
    <editdetail attribution="Reuters BIP Coding Group" action="confirmed" date="1997-03-26"/>
  </code>
  <code code="C15">
    <editdetail attribution="Reuters BIP Coding Group" action="confirmed" date="1997-03-26"/>
  </code>
  <code code="C152">
    <editdetail attribution="Reuters BIP Coding Group" action="confirmed" date="1997-03-26"/>
  </code>
  <code code="C17">
    <editdetail attribution="Reuters BIP Coding Group" action="confirmed" date="1997-03-26"/>
  </code>
  <code code="C171">
    <editdetail attribution="Reuters BIP Coding Group" action="confirmed" date="1997-03-26"/>
  </code>
  <code code="CCAT">
    <editdetail attribution="Reuters BIP Coding Group" action="confirmed" date="1997-03-26"/>
  </code>
</codes>
<dc element="dc.date.created" value="1997-03-26"/>
<dc element="dc.publisher" value="Reuters Holdings Plc"/>
<dc element="dc.date.published" value="1997-03-26"/>
<dc element="dc.source" value="Reuters"/>
<dc element="dc.creator.location" value="NEW YORK"/>
<dc element="dc.creator.location.country.name" value="USA"/>
<dc element="dc.source" value="Reuters"/>
</metadata>
</newsitem>
