<?xml version="1.0" encoding="iso-8859-1" ?>
<newsitem itemid="468355" id="root" date="1997-03-26" xml:lang="en">
<title>USA: Silver purifiers seen as alternative to chlorine.</title>
<headline>Silver purifiers seen as alternative to chlorine.</headline>
<dateline>LAGUNA NIGUEL, Calif. 1997-03-26</dateline>
<text>
<p>Silver-based water purification systems offer the most reliable and cost-effective alternative to chlorine systems because chlorine is a chemical increasingly coming under fire for the carcinogenic by-products it leaves in water, according to David Eaton, secretary of Institute of Water Ionization Technologies in the U.K. and director of Roseland Hydronics Plc.</p>
<p>&quot;Silver has long been known for its biocidal properties, with one of the earliest recorded examples provided by the ancient Phoenicians who took wine to sea in ships stored in silver urns to preserve the wine,&quot; Eaton told the annual conference of U.S. Gold and Silver Institute here.</p>
<p>&quot;There is much other anecdotal evidence including the practice of cowboys in the Old West of putting a silver dollar in their water canteens to preserve the water free from bacteria,&quot; he said.</p>
<p>More recently, NASA developed a silver ion generator, the size of a cigar box, weighing six ounces, as a water purifier used in the Apollo space programme in the 1960's, he said.</p>
<p>Progressively restrictive legislation is confronting the use of chemicals, especially chlorine, which for nearly a quarter of a century has been the primary means of water purification.</p>
<p>With increasing pollution, utilities are being forced to put increasing amounts of chlorine into water supplies, but the chemical reaction, that oxidizes impurities when chlorine is added, also forms carcinogenic by-products, he said.</p>
<p>&quot;Silver offers a healthy alternative and the Institute of Water Ionization Technologies has developed silver ion generators for municipal water supplies,&quot; Eaton said.</p>
<p>The market for silver ionized swimming pool systems has expanded significantly in the U.S., but in Britain silver ionization has been developed for mainstream drinking water systems.</p>
<p>Silver ion generators are also being used in intensive care and heart transplant units of hospitals, and for use in the poultry processing and brewing industries, he said.</p>
<p>&quot;The sale of silver ionizers is beginning to take off in the U.K. and there are promising growth markets in Scandinavia, Germany and the Far East,&quot; Eaton said. &quot;We calculate that requirements for silver globally will increase to about two million ounces annually within five years.&quot;</p>
<p>U.S. regulations allow a silver level of 100 parts per billion (ppb) in drinking water, but a silver level of only 20 ppb has been demonstrated to kill the bacteria legionella pneumophilia, the organism that causes Legionnaires disease, he said.</p>
<p>-Clive McKeef, New York Commodities Desk, 1-212-859-1640.</p>
</text>
<copyright>(c) Reuters Limited 1997</copyright>
<metadata>
<codes class="bip:countries:1.0">
  <code code="UK">
    <editdetail attribution="Reuters BIP Coding Group" action="confirmed" date="1997-03-26"/>
  </code>
  <code code="USA">
    <editdetail attribution="Reuters BIP Coding Group" action="confirmed" date="1997-03-26"/>
  </code>
</codes>
<codes class="bip:industries:1.0">
  <code code="I22472">
    <editdetail attribution="Reuters BIP Coding Group" action="confirmed" date="1997-03-26"/>
  </code>
  <code code="I24000">
    <editdetail attribution="Reuters BIP Coding Group" action="confirmed" date="1997-03-26"/>
  </code>
  <code code="I71000">
    <editdetail attribution="Reuters BIP Coding Group" action="confirmed" date="1997-03-26"/>
  </code>
</codes>
<codes class="bip:topics:1.0">
  <code code="C21">
    <editdetail attribution="Reuters BIP Coding Group" action="confirmed" date="1997-03-26"/>
  </code>
  <code code="CCAT">
    <editdetail attribution="Reuters BIP Coding Group" action="confirmed" date="1997-03-26"/>
  </code>
  <code code="M14">
    <editdetail attribution="Reuters BIP Coding Group" action="confirmed" date="1997-03-26"/>
  </code>
  <code code="M142">
    <editdetail attribution="Reuters BIP Coding Group" action="confirmed" date="1997-03-26"/>
  </code>
  <code code="MCAT">
    <editdetail attribution="Reuters BIP Coding Group" action="confirmed" date="1997-03-26"/>
  </code>
</codes>
<dc element="dc.date.created" value="1997-03-26"/>
<dc element="dc.publisher" value="Reuters Holdings Plc"/>
<dc element="dc.date.published" value="1997-03-26"/>
<dc element="dc.source" value="Reuters"/>
<dc element="dc.creator.location" value="LAGUNA NIGUEL, Calif."/>
<dc element="dc.creator.location.country.name" value="USA"/>
<dc element="dc.source" value="Reuters"/>
</metadata>
</newsitem>
