<?xml version="1.0" encoding="iso-8859-1" ?>
<newsitem itemid="468356" id="root" date="1997-03-26" xml:lang="en">
<title>USA: Templeton fund rejects bid to be open-ended.</title>
<headline>Templeton fund rejects bid to be open-ended.</headline>
<dateline>FT. LAUDERDALE, Fla. 1997-03-26</dateline>
<text>
<p>Templeton Global Governments Income Trust said that its shareholders rejected a proposal to convert the closed-end mutual fund into an open-end investment company.</p>
<p>The fund's annual meeting will be reconvened on Tuesday, April 1, 1997, at 1000 EST in Fort Lauderdale, Fla., for final tabulation of shareholder votes, Templeton Global said.</p>
<p>Because the mailing of the Trust's supplemental proxy materials to some shareholders by an unrelated proxy distribution firm was later than anticipated, final tabulation of the shareholder vote was postponed for one week, Templeton Global said. This will allow additional time for all shareholders to exercise their vote, the fund said.</p>
</text>
<copyright>(c) Reuters Limited 1997</copyright>
<metadata>
<codes class="bip:countries:1.0">
  <code code="USA">
    <editdetail attribution="Reuters BIP Coding Group" action="confirmed" date="1997-03-26"/>
  </code>
</codes>
<codes class="bip:industries:1.0">
  <code code="I81502">
    <editdetail attribution="Reuters BIP Coding Group" action="confirmed" date="1997-03-26"/>
  </code>
  <code code="I8150206">
    <editdetail attribution="Reuters BIP Coding Group" action="confirmed" date="1997-03-26"/>
  </code>
</codes>
<codes class="bip:topics:1.0">
  <code code="C11">
    <editdetail attribution="Reuters BIP Coding Group" action="confirmed" date="1997-03-26"/>
  </code>
  <code code="CCAT">
    <editdetail attribution="Reuters BIP Coding Group" action="confirmed" date="1997-03-26"/>
  </code>
</codes>
<dc element="dc.date.created" value="1997-03-26"/>
<dc element="dc.publisher" value="Reuters Holdings Plc"/>
<dc element="dc.date.published" value="1997-03-26"/>
<dc element="dc.source" value="Reuters"/>
<dc element="dc.creator.location" value="FT. LAUDERDALE, Fla."/>
<dc element="dc.creator.location.country.name" value="USA"/>
<dc element="dc.source" value="Reuters"/>
</metadata>
</newsitem>
