<?xml version="1.0" encoding="iso-8859-1" ?>
<newsitem itemid="468304" id="root" date="1997-03-26" xml:lang="en">
<title>USA: BARR gets FDA nod for generic blood-thinner.</title>
<headline>BARR gets FDA nod for generic blood-thinner.</headline>
<dateline>POMONA, N.Y. 1997-03-26</dateline>
<text>
<p>Barr Laboratories Inc said on Wednesday it won U.S. Food and Drug Administration approval to market seven strengths of Warfarin Sodium tablets, a generic equivalent of DuPont Merck's anti-coagulant Coumadin.</p>
<p>Barr said Coumadin is the 11th-most prescribed product in the United States, with current annual sales of about $500 million.</p>
<p>Barr expects to begin shipping Warfarin this summer.</p>
<p>Barr makes generic pharmaceuticals. Its stock rose 4-5/8 to 36-1/2 on Wednesday.</p>
<p>DuPont Merck is co-owned by DuPont Co and Merck and Co Inc.</p>
</text>
<copyright>(c) Reuters Limited 1997</copyright>
<metadata>
<codes class="bip:countries:1.0">
  <code code="USA">
    <editdetail attribution="Reuters BIP Coding Group" action="confirmed" date="1997-03-26"/>
  </code>
</codes>
<codes class="bip:industries:1.0">
  <code code="I25000">
    <editdetail attribution="Reuters BIP Coding Group" action="confirmed" date="1997-03-26"/>
  </code>
  <code code="I25700">
    <editdetail attribution="Reuters BIP Coding Group" action="confirmed" date="1997-03-26"/>
  </code>
</codes>
<codes class="bip:topics:1.0">
  <code code="C13">
    <editdetail attribution="Reuters BIP Coding Group" action="confirmed" date="1997-03-26"/>
  </code>
  <code code="C22">
    <editdetail attribution="Reuters BIP Coding Group" action="confirmed" date="1997-03-26"/>
  </code>
  <code code="CCAT">
    <editdetail attribution="Reuters BIP Coding Group" action="confirmed" date="1997-03-26"/>
  </code>
</codes>
<dc element="dc.date.created" value="1997-03-26"/>
<dc element="dc.publisher" value="Reuters Holdings Plc"/>
<dc element="dc.date.published" value="1997-03-26"/>
<dc element="dc.source" value="Reuters"/>
<dc element="dc.creator.location" value="POMONA, N.Y."/>
<dc element="dc.creator.location.country.name" value="USA"/>
<dc element="dc.source" value="Reuters"/>
</metadata>
</newsitem>
