<?xml version="1.0" encoding="iso-8859-1" ?>
<newsitem itemid="468307" id="root" date="1997-03-26" xml:lang="en">
<title>USA: Seagram's chief Bronfman wants Time Warner to lower debt.</title>
<headline>Seagram's chief Bronfman wants Time Warner to lower debt.</headline>
<dateline>NEW YORK 1997-03-26</dateline>
<text>
<p>Seagram Co. Chairman Edgar Bronfman Sr., the third-biggest stockholder in Time Warner Inc., says he wants to see the media giant reduce its $18 billion debt as a way to increase the value of its stock.</p>
<p>In an interview with Reuters Television Tuesday night, Bronfman declined to comment on what he thought of Time Warner Chairman Gerald Levin's handling of the company, but said, &quot;We obviously are disappointed that the stock has not moved the way we think it should have moved.&quot;</p>
<p>He added, &quot;I personally think they have too many assets tied up in what I call hardware -- cable and other things and not enough in content, (although) they are very big in content.&quot;</p>
<p>Bronfman owns 9.8 percent of Time Warner, while Ted Turner owns 11 percent of the media giant's stock and Liberty Media has a 10 percent non-voting share. A Time Warner spokesman said the company's debt was $18 billion.</p>
<p>Bronfman said he thought the company's real problem is &quot;that they have just too much debt. They can't seem to come up from under the debt. I wish they would come up with a plan, which I think they are trying very hard to do.</p>
<p>&quot;They are trying to make sense out of their balance sheet and when they do this, their stock will appreciate and we will be a happy investor,&quot; the 67-year-old Bronfman said.</p>
<p>Time Warner's stock was up 12.5 cents at $44.125 Wednesday on the New York Stock Exchange, near its 12-month high. For the year, it has fallen as low as $29.75.</p>
<p>In the interview, Bronfman also indicated that criticism of Seagrams' Universal Music Group distribution of rap records with controversial lyrics had struck home.</p>
<p>Bronfman's son Edgar Jr., who is chief executive officer of Seagram and its MCA division, was roundly attacked last year by critics of the company's distributing so-called &quot;gangsta rap&quot; with objectionable sexual lyrics.</p>
<p>Asked about the criticsm, Bronfman Sr. said, &quot;Rap music is controversial, but it is what the street wants today. We have been careful about what we issue and don't issue.</p>
<p>&quot;Perhaps we have leaned a little bit too far into agreeing to some things that are not acceptable. But we will learn. Our intentions are that we should not be producing anything that most people find objectionable.&quot;</p>
</text>
<copyright>(c) Reuters Limited 1997</copyright>
<metadata>
<codes class="bip:countries:1.0">
  <code code="USA">
    <editdetail attribution="Reuters BIP Coding Group" action="confirmed" date="1997-03-26"/>
  </code>
</codes>
<codes class="bip:industries:1.0">
  <code code="I42400">
    <editdetail attribution="Reuters BIP Coding Group" action="confirmed" date="1997-03-26"/>
  </code>
  <code code="I83960">
    <editdetail attribution="Reuters BIP Coding Group" action="confirmed" date="1997-03-26"/>
  </code>
</codes>
<codes class="bip:topics:1.0">
  <code code="C11">
    <editdetail attribution="Reuters BIP Coding Group" action="confirmed" date="1997-03-26"/>
  </code>
  <code code="C17">
    <editdetail attribution="Reuters BIP Coding Group" action="confirmed" date="1997-03-26"/>
  </code>
  <code code="C173">
    <editdetail attribution="Reuters BIP Coding Group" action="confirmed" date="1997-03-26"/>
  </code>
  <code code="C18">
    <editdetail attribution="Reuters BIP Coding Group" action="confirmed" date="1997-03-26"/>
  </code>
  <code code="C181">
    <editdetail attribution="Reuters BIP Coding Group" action="confirmed" date="1997-03-26"/>
  </code>
  <code code="CCAT">
    <editdetail attribution="Reuters BIP Coding Group" action="confirmed" date="1997-03-26"/>
  </code>
</codes>
<dc element="dc.date.created" value="1997-03-26"/>
<dc element="dc.publisher" value="Reuters Holdings Plc"/>
<dc element="dc.date.published" value="1997-03-26"/>
<dc element="dc.source" value="Reuters"/>
<dc element="dc.creator.location" value="NEW YORK"/>
<dc element="dc.creator.location.country.name" value="USA"/>
<dc element="dc.source" value="Reuters"/>
</metadata>
</newsitem>
