<?xml version="1.0" encoding="iso-8859-1" ?>
<newsitem itemid="468367" id="root" date="1997-03-26" xml:lang="en">
<title>USA: Signet seeks corporate trust business buyer.</title>
<headline>Signet seeks corporate trust business buyer.</headline>
<dateline>RICHMOND, Va. 1997-03-26</dateline>
<text>
<p>Signet Banking Corp said on Wednesday it seeks a buyer for its corporate trust business, incuding bond trustee and paying agent services for corporate and municipal customers.</p>
<p>Signet said it is contacting potential buyers and hopes to complete the sale by the fourth quarter of 1997.</p>
<p>The company said the decision to get out of the corporate trust business was not related to its current business redesign, which is intended to accelerate Signet's transformation from a regional bank to a national, information-based financial company.</p>
<p>&quot;Our corporate trust business, while profitable, is a scale-driven business that would require a tremendous investment to remain competitive in a consolidating industry ...,&quot; Signet Chairman Malcolm McDonald said in a statement.</p>
<p>Signet will continue to offer escrow services for its corporate clients, and other trust services it offers will not be affected by the sell-off of the corporate trust book of business, the company said.</p>
<p>Signet has offices in Virginia, Maryland and the District of Columbia. It reported net income of $124.9 million, or $2.06 per share, for 1996.</p>
</text>
<copyright>(c) Reuters Limited 1997</copyright>
<metadata>
<codes class="bip:countries:1.0">
  <code code="USA">
    <editdetail attribution="Reuters BIP Coding Group" action="confirmed" date="1997-03-26"/>
  </code>
</codes>
<codes class="bip:industries:1.0">
  <code code="I81402">
    <editdetail attribution="Reuters BIP Coding Group" action="confirmed" date="1997-03-26"/>
  </code>
</codes>
<codes class="bip:topics:1.0">
  <code code="C18">
    <editdetail attribution="Reuters BIP Coding Group" action="confirmed" date="1997-03-26"/>
  </code>
  <code code="C181">
    <editdetail attribution="Reuters BIP Coding Group" action="confirmed" date="1997-03-26"/>
  </code>
  <code code="CCAT">
    <editdetail attribution="Reuters BIP Coding Group" action="confirmed" date="1997-03-26"/>
  </code>
</codes>
<dc element="dc.date.created" value="1997-03-26"/>
<dc element="dc.publisher" value="Reuters Holdings Plc"/>
<dc element="dc.date.published" value="1997-03-26"/>
<dc element="dc.source" value="Reuters"/>
<dc element="dc.creator.location" value="RICHMOND, Va."/>
<dc element="dc.creator.location.country.name" value="USA"/>
<dc element="dc.source" value="Reuters"/>
</metadata>
</newsitem>
