<?xml version="1.0" encoding="iso-8859-1" ?>
<newsitem itemid="468382" id="root" date="1997-03-26" xml:lang="en">
<title>USA: Chrysler says March sales may dip slightly.</title>
<headline>Chrysler says March sales may dip slightly.</headline>
<dateline>NEW YORK 1997-03-26</dateline>
<text>
<p>Chrysler Corp Chairman Robert Eaton said Wednesday the automaker's March U.S. car and truck sales may be down slightly from a year ago because of a slow start to the traditional spring selling season.</p>
<p>&quot;The spring selling season hasn't really yet gotten underway so it's likely they'll be down a little bit,&quot; Eaton said of Chrysler's sales for March.</p>
<p>Speaking to reporters at the New York Auto Show, Eaton also said he does not believe the Federal Reserve Board's 25-basis-point increase in the federal funds rate on Tuesday will hurt U.S. auto sales.  </p>
<p>&quot;We expected the quarter point (increase). We're not unhappy in any way, shape or form with it,&quot; Eaton said, adding, &quot;We think (Fed Charman Alan) Greenspan has done a heck of a good job.&quot;</p>
<p>Martin Levine, the general manager for the Chrysler Plymouth Jeep Eagle Division, said the &quot;pre-production build process&quot; for the new Prowler roadster is taking longer than expected, and may push back the originally planned Spring 1997 debut for the cars.</p>
<p>Chrysler executives said work on the new aluminum body panels used by the car is taking longer than expected, and the company wants to make sure the car is of top quality before it is released to dealers.</p>
<p>&quot;There is not a problem with the Prowler,&quot; Eaton said. The car is a bold experiment for Chrysler into aluminum car construction and is being touted as the premier image car for the Plymouth brand.</p>
<p>He added that he will personally drive pre-production Prowlers within the next two weeks and the company could make a decision at that time on when to start volume production.</p>
<p>Both Eaton and Levine refused to speculate on when that production would begin.</p>
<p>&quot;This car is so important for us that unless it's perfect, it's not going anywhere,&quot; Levine said.</p>
</text>
<copyright>(c) Reuters Limited 1997</copyright>
<metadata>
<codes class="bip:countries:1.0">
  <code code="USA">
    <editdetail attribution="Reuters BIP Coding Group" action="confirmed" date="1997-03-26"/>
  </code>
</codes>
<codes class="bip:industries:1.0">
  <code code="I35101">
    <editdetail attribution="Reuters BIP Coding Group" action="confirmed" date="1997-03-26"/>
  </code>
</codes>
<codes class="bip:topics:1.0">
  <code code="C31">
    <editdetail attribution="Reuters BIP Coding Group" action="confirmed" date="1997-03-26"/>
  </code>
  <code code="CCAT">
    <editdetail attribution="Reuters BIP Coding Group" action="confirmed" date="1997-03-26"/>
  </code>
</codes>
<dc element="dc.date.created" value="1997-03-26"/>
<dc element="dc.publisher" value="Reuters Holdings Plc"/>
<dc element="dc.date.published" value="1997-03-26"/>
<dc element="dc.source" value="Reuters"/>
<dc element="dc.creator.location" value="NEW YORK"/>
<dc element="dc.creator.location.country.name" value="USA"/>
<dc element="dc.source" value="Reuters"/>
</metadata>
</newsitem>
