<?xml version="1.0" encoding="iso-8859-1" ?>
<newsitem itemid="468317" id="root" date="1997-03-26" xml:lang="en">
<title>USA: Argyle Television Inc Q4 full results.</title>
<headline>Argyle Television Inc Q4 full results.</headline>
<dateline>SAN ANTONIO 1997-03-26</dateline>
<text>
<p>Argyle Television Inc</p>
<p>		  Consolidated Statement of Operations</p>
<p>			 Three Months Ended	 Year Ended</p>
<p>				Dec. 31,		   Dec. 31,</p>
<p>			   1995/a     1996/b	1995/a     1996/b</p>
<p>				(In thousands, except per share data)</p>
<p> Total revenues/c   $14,853    $21,798     $46,944    $73,294</p>
<p>Station operating</p>
<p>  expenses		7,792     10,095	23,603     37,639</p>
<p>Amortization of</p>
<p>  program rights	1,225	1,017	 3,961	4,725</p>
<p>Depreciation and</p>
<p>  amortization	  4,567	6,738	12,294     23,965</p>
<p>Station operating</p>
<p>  income		  1,269	3,948	 7,086	6.965</p>
<p>Corporate general and</p>
<p>administrative</p>
<p>   expenses		 896	  782	 2,324	4,285</p>
<p>Non-cash compensation</p>
<p>  expense		   475	  169	   675	  675</p>
<p>Operating income</p>
<p>  (loss)		  (102)	2,997	 4,087	2,005</p>
<p>Interest expense,</p>
<p>  net		     4,905	4,521	12,052     16,566</p>
<p>Loss before income</p>
<p>taxes and</p>
<p>extraordinary loss</p>
<p>			  (5,007)    (1,524)     (7,965)   (14,561)</p>
<p> Income taxes		 -	    -	     -	    -</p>
<p>Loss before extraordinary</p>
<p>  loss		  (5,007)    (1,524)     (7,965)   (14,561)</p>
<p>Extraordinary item, loss</p>
<p>on early retirement of</p>
<p>   debt		 (5,134)	    -     (7,842)	    -</p>
<p> Net loss	    (10,141)    (1,524)    (15,807)   (14,561)</p>
<p>Less preferred stock dividends</p>
<p>					   (474)			(829)</p>
<p>Loss applicable to common stock</p>
<p>					 (1,998)		   (15,390)</p>
<p> Loss per common share  N/A    (18 cts)	  N/A     (1.37)</p>
<p>Weighted average number</p>
<p>of common shares</p>
<p>   outstanding	    N/A     11,347	   N/A     11,246</p>
<p>Number of common shares</p>
<p>  outstanding	     N/A     11,347	   N/A     11,347</p>
<p>Supplemental Financial Data:</p>
<p>Broadcast cash</p>
<p>  flow/d		  6,608     10,698	20,440     31,889</p>
<p>Broadcast cash flow</p>
<p>  margin		  44.5%	49.1%	 43.5%	43.5%</p>
<p> EBITDA/e		 5,712	9,916	18,116     27,604</p>
<p> EBITDA margin	  38.5%	45.5%	 38.6%	37.7%</p>
<p> Program payments	 453	1,005	 2,901	3,766</p>
<p>NOTE/a:  Includes results from WZZM, WNAC &amp; WAPT for the entire period; KITV from June 13, 1995; and WGRZ from Dec. 5, 1995. NOTE/b:  Includes results from WZZM, WAPT, KITV and WGRZ for the entire period, WNAC from Jan. 1 through June 30, the company's share of the Clear Channel venture from July 1 and the Arkansas stations from June 1.  The company's share of the Clear Channel venture broadcast cash flow is included in total revenues. NOTE/c:  The three months and year ended Dec. 31, 1995, include the WGRZ management fee from June 7, 1995, through its termination on Dec. 5, 1995. NOTE/d:  Broadcast cash flow is defined as station operating income, plus depreciation and amortization, plus amortization of program rights, minus program payments.  Broadcast cash flow is presented here not as a measure of operating results and does not purport to represent cash provided by operating activities. Broadcast cash flow should not be considered in isolation or as a substitute for measures of performance prepared in accordance with generally accepted accounting principles.</p>
<p>EBITDA is defined as operating income (loss), plus depreciation and amortization, plus amortization of program rights, minus program payments, plus non-cash compensation expense.</p>
</text>
<copyright>(c) Reuters Limited 1997</copyright>
<metadata>
<codes class="bip:countries:1.0">
  <code code="USA">
    <editdetail attribution="Reuters BIP Coding Group" action="confirmed" date="1997-03-26"/>
  </code>
</codes>
<codes class="bip:industries:1.0">
  <code code="I9741102">
    <editdetail attribution="Reuters BIP Coding Group" action="confirmed" date="1997-03-26"/>
  </code>
</codes>
<codes class="bip:topics:1.0">
  <code code="C15">
    <editdetail attribution="Reuters BIP Coding Group" action="confirmed" date="1997-03-26"/>
  </code>
  <code code="C151">
    <editdetail attribution="Reuters BIP Coding Group" action="confirmed" date="1997-03-26"/>
  </code>
  <code code="C1511">
    <editdetail attribution="Reuters BIP Coding Group" action="confirmed" date="1997-03-26"/>
  </code>
  <code code="CCAT">
    <editdetail attribution="Reuters BIP Coding Group" action="confirmed" date="1997-03-26"/>
  </code>
</codes>
<dc element="dc.date.created" value="1997-03-26"/>
<dc element="dc.publisher" value="Reuters Holdings Plc"/>
<dc element="dc.date.published" value="1997-03-26"/>
<dc element="dc.source" value="Reuters"/>
<dc element="dc.creator.location" value="SAN ANTONIO"/>
<dc element="dc.creator.location.country.name" value="USA"/>
<dc element="dc.source" value="Reuters"/>
</metadata>
</newsitem>
