<?xml version="1.0" encoding="iso-8859-1" ?>
<newsitem itemid="468390" id="root" date="1997-03-26" xml:lang="en">
<title>USA: Station Casinos provides quarterly outlook.</title>
<headline>Station Casinos provides quarterly outlook.</headline>
<dateline>LAS VEGAS 1997-03-26</dateline>
<text>
<p>Station Casinos Inc Wednesday provided preliminary quarter-to-date results from operations and development plans for Station Casino St., Charles and Sunset Station projects.</p>
<p>In a statement, the company said it expects to report strong results from its Nevada Operations for the current quarter, noting that its Palace Station casino has continued to perform steadily in light of new competition and should report single digit percentage gains in both net revenues and Earnings before Interest, Taxes, Depreciation and Amortization (EBITDA) over the prior year.  </p>
<p>Station Casinos said its Boulder Station hotel and casino is expected to report another record quarter of net revenues and EBITDA with double-digit percentage gains over the prior year. Texas Station is expected to report much improved results with record revenue and EBITDA with margins approaching 20 percent.</p>
<p>The company said Station Casino Kansas City, which opened on January 16, generated net revenues of $24.3 million through the month of February and EBITDA margins for the quarter are expected to range between eight and 10 percent with margins improving in each consecutive month.</p>
</text>
<copyright>(c) Reuters Limited 1997</copyright>
<metadata>
<codes class="bip:countries:1.0">
  <code code="USA">
    <editdetail attribution="Reuters BIP Coding Group" action="confirmed" date="1997-03-26"/>
  </code>
</codes>
<codes class="bip:industries:1.0">
  <code code="I97912">
    <editdetail attribution="Reuters BIP Coding Group" action="confirmed" date="1997-03-26"/>
  </code>
</codes>
<codes class="bip:topics:1.0">
  <code code="C15">
    <editdetail attribution="Reuters BIP Coding Group" action="confirmed" date="1997-03-26"/>
  </code>
  <code code="C151">
    <editdetail attribution="Reuters BIP Coding Group" action="confirmed" date="1997-03-26"/>
  </code>
  <code code="CCAT">
    <editdetail attribution="Reuters BIP Coding Group" action="confirmed" date="1997-03-26"/>
  </code>
</codes>
<dc element="dc.date.created" value="1997-03-26"/>
<dc element="dc.publisher" value="Reuters Holdings Plc"/>
<dc element="dc.date.published" value="1997-03-26"/>
<dc element="dc.source" value="Reuters"/>
<dc element="dc.creator.location" value="LAS VEGAS"/>
<dc element="dc.creator.location.country.name" value="USA"/>
<dc element="dc.source" value="Reuters"/>
</metadata>
</newsitem>
