<?xml version="1.0" encoding="iso-8859-1" ?>
<newsitem itemid="468395" id="root" date="1997-03-26" xml:lang="en">
<title>USA: Gold seen retaining key world monetary role - WGC.</title>
<headline>Gold seen retaining key world monetary role - WGC.</headline>
<dateline>LAGUNA NIGUEL, Calif. 1997-03-26</dateline>
<text>
<p>Despite recent European central bank gold sales ahead of the planned introduction of the single European currency in 1999, many central bankers still believe gold has a key role to play in the world's monetary system, said Robert Pringle, head of World Gold Council's (WGC) Center for Public Policy Studies.</p>
<p>&quot;Assuming EMU (European monetary union) will happen, the general view among central bankers is that gold will probably play much the same role as it does now - it will still be the bedrock of the reserve asset structure,&quot; Pringle told Gold and Silver Institute annual conference here.</p>
<p>&quot;But although gold is likely to be part of the pooled external reserve assets of the ECB (European central bank), we do not yet know how big a part,&quot; he added.</p>
<p>&quot;The Banque de France takes the view that gold reserves are one of the elements underpinning confidence in the currency, and some countries will try to retain control over a large part of their gold reserves as an ultimate safeguard against the possible breakdown of EMU or of the whole system,&quot; he said.</p>
<p>&quot;The introduction of the euro will cause the biggest shake- up in reserve currencies since sterling handed over its dominant role to the dollar 50 years ago, so although it is natural to expect further gold sales by some central banks, it will be equally natural to expect other official holders to be interested in increasing their gold holdings,&quot; he said.</p>
<p>European central banks hold about 14,300 tonnes of gold (460 million ounces), or more than 40 percent of all official world gold reserves.</p>
<p>World central banks are believed to hold about 36,000 tonnes of gold, about a quarter of the world's estimated above- ground stocks of 129,000 tonnes at the end of 1995.</p>
<p>Earlier this month, after heavy political pressure, Switzerland moved to set up a $4.7 billion fund to compensate Holocaust victims, financed by revaluing gold reserves held by the Swiss National Bank.</p>
<p>If approved in a referendum next year, the plan will result in revalued gold -- worth seven billion Swiss francs or about 440 tonnes -- being transferred to the new fund which is expected to sell it over a ten year period and invest the proceeds in interest bearing securities.</p>
<p>The amount of gold sales involved over such a period is less than Canada's sales program of the last 15 years and will be small relative to the world's annual supply of gold of over 3,000 tonnes, Pringle said.</p>
<p>And &quot;the use of their gold reserves in this fashion should not be construed as an indication that they now suddenly hold gold in less regard,&quot; he said.</p>
<p>&quot;Notably, Swiss bank notes will still enjoy a 100 percent coverage of gold when valued at the market,&quot; he said.</p>
<p>The Swiss constitution requires the Swiss central bank to hold gold reserves equal to 40 percent of the currency in circulation.</p>
<p>&quot;In fact the proposal confirms gold's reserve attributes as a highly liquid store of value that can be readily called upon in times of national need,&quot; Pringle said.</p>
<p>Despite the publicity about the 500 tonnes of gold sold by the Belgian and Dutch central bank sales last year, central bank gold sales since 1989 have reduced official holdings by less than five percent, he argued.</p>
<p>&quot;The overall picture is one of massive stability - official sector holdings have been about 33,000-35,000 tonnes for nearly 30 years,&quot; he said.</p>
<p>And some of the net reduction in official holdings since 1989 may have been acquired by government agencies in Asia without showing up in official statistics, he said.</p>
<p>&quot;We know that the monetary authorities in Singapore and Hong Kong hold gold, but we do not know how much.&quot;</p>
<p>&quot;There probably will be a further flow of gold out of European central banks and there probably will be further purchases by others,&quot; he said.</p>
<p>Currently, Asian developing countries have only about six percent of world gold reserves but 28 pct of world foreign currency reserves, he noted.</p>
<p>-Clive McKeef, New York Commodities Desk, 1-212-859-1641</p>
</text>
<copyright>(c) Reuters Limited 1997</copyright>
<metadata>
<codes class="bip:countries:1.0">
  <code code="USA">
    <editdetail attribution="Reuters BIP Coding Group" action="confirmed" date="1997-03-26"/>
  </code>
</codes>
<codes class="bip:topics:1.0">
  <code code="E12">
    <editdetail attribution="Reuters BIP Coding Group" action="confirmed" date="1997-03-26"/>
  </code>
  <code code="ECAT">
    <editdetail attribution="Reuters BIP Coding Group" action="confirmed" date="1997-03-26"/>
  </code>
  <code code="M14">
    <editdetail attribution="Reuters BIP Coding Group" action="confirmed" date="1997-03-26"/>
  </code>
  <code code="M142">
    <editdetail attribution="Reuters BIP Coding Group" action="confirmed" date="1997-03-26"/>
  </code>
  <code code="MCAT">
    <editdetail attribution="Reuters BIP Coding Group" action="confirmed" date="1997-03-26"/>
  </code>
</codes>
<dc element="dc.date.created" value="1997-03-26"/>
<dc element="dc.publisher" value="Reuters Holdings Plc"/>
<dc element="dc.date.published" value="1997-03-26"/>
<dc element="dc.source" value="Reuters"/>
<dc element="dc.creator.location" value="LAGUNA NIGUEL, Calif."/>
<dc element="dc.creator.location.country.name" value="USA"/>
<dc element="dc.source" value="Reuters"/>
</metadata>
</newsitem>
