<?xml version="1.0" encoding="iso-8859-1" ?>
<newsitem itemid="468353" id="root" date="1997-03-26" xml:lang="en">
<title>USA: Quaker assigns cereal ads to Foote Cone.</title>
<headline>Quaker assigns cereal ads to Foote Cone.</headline>
<dateline>CHICAGO 1997-03-26</dateline>
<text>
<p>Quaker Oats Co said Wednesday it assigned advertising responsibility for four of its cereal brands to Foote Cone &amp; Belding Chicago, which is part of True North Communications Inc.</p>
<p>Foote Cone is now the agency of record for all of Quaker Cereals.</p>
<p>Advertising for Quaker Oats oatmeal, Instant Quaker Oatmeal, Life and Quaker 100% Natural cereal brands were switched to Foote Cone from Jordan McGrath Case Taylor, New York, Quaker said.  </p>
<p>Other brands that had been handled by Foote Cone include Cap'n Crunch cereal and Cap'n Crunch Bar, Quaker Bagged Cereals, Quaker Toasted Oatmeal ready-to-eat cereal and Quick 'n Hearty microwavable oatmeal. Combined, these Quaker Foods brands represent about $100 million in advertising media expenditures.</p>
<p>Foote Cone also has the advertising responsibility for Quaker's beverage brands, Gatorade and Snapple, Quaker said.</p>
<p>The company said the assignment for its Aunt Jemima mixes and syrup, now held by Jordan McGrath, will be put up for review.</p>
<p>Jordan McGrath will retain their current agency of record media buying assignment for Quaker Beverages, it added.</p>
<p>&quot;We believe this integration of creative, media planning and media buying with one agency, Foote Cone &amp; Belding, will give us greater leverage in the marketplace,&quot; Douglas Mills, executive vice president - U.S. and Canadian Quaker Foods. &quot;Foote Cone &amp; Belding provides the scale, creativity and resources we need and their Quaker experience and physical proximity make them ideal business partners.&quot;</p>
<p>((Reuters Chicago Newsdesk (312) 408-8787))</p>
</text>
<copyright>(c) Reuters Limited 1997</copyright>
<metadata>
<codes class="bip:countries:1.0">
  <code code="USA">
    <editdetail attribution="Reuters BIP Coding Group" action="confirmed" date="1997-03-26"/>
  </code>
</codes>
<codes class="bip:industries:1.0">
  <code code="I41000">
    <editdetail attribution="Reuters BIP Coding Group" action="confirmed" date="1997-03-26"/>
  </code>
  <code code="I83800">
    <editdetail attribution="Reuters BIP Coding Group" action="confirmed" date="1997-03-26"/>
  </code>
</codes>
<codes class="bip:topics:1.0">
  <code code="C32">
    <editdetail attribution="Reuters BIP Coding Group" action="confirmed" date="1997-03-26"/>
  </code>
  <code code="C33">
    <editdetail attribution="Reuters BIP Coding Group" action="confirmed" date="1997-03-26"/>
  </code>
  <code code="CCAT">
    <editdetail attribution="Reuters BIP Coding Group" action="confirmed" date="1997-03-26"/>
  </code>
</codes>
<dc element="dc.date.created" value="1997-03-26"/>
<dc element="dc.publisher" value="Reuters Holdings Plc"/>
<dc element="dc.date.published" value="1997-03-26"/>
<dc element="dc.source" value="Reuters"/>
<dc element="dc.creator.location" value="CHICAGO"/>
<dc element="dc.creator.location.country.name" value="USA"/>
<dc element="dc.source" value="Reuters"/>
</metadata>
</newsitem>
