<?xml version="1.0" encoding="iso-8859-1" ?>
<newsitem itemid="468396" id="root" date="1997-03-26" xml:lang="en">
<title>USA: First Union says reshuffles muni groups.</title>
<headline>First Union says reshuffles muni groups.</headline>
<dateline>NEW YORK 1997-03-26</dateline>
<text>
<p>First Union Capital Markets Corp, a unit of First Union Corp, is reorganizing its public finance and municipal bond trading operations in several key states, the company's public finance chief said.</p>
<p>Sandy Curlett, managing director and head of public finance at First Union, told Reuters that the moves mean the company would no longer trade or underwrite Philadelphia or Pennsylvania debt out of its Philadelphia office.  </p>
<p>&quot;We have been winding down for the past year many of the activities on that desk anyway,&quot; Curlett said.  &quot;Instead, what we are going to be doing is put on the desk in Charlotte an underwriter, a person who is specializing and solely focused on the Philadelphia and Pennsylvania markets.&quot;</p>
<p>Curlett said current employees in Philadelphia would be candidates for the Charlotte job, but if they decided not to relocate, First Union would attempt to find them jobs in other areas of the company.  </p>
<p>He said the moves will allow First Union to increase the capital it dedicates to Pennsylvania markets, since it can better handle risk from the central Charlotte location.</p>
<p>&quot;First Union has in the past year been in the process of significantly strengthening its focus on the public sector and as part of that what we're doing in Philadelphia is really is a continuation of that strategy,&quot; he said.</p>
<p>Curlett said the moves also mean that two sales people in Philadelphia and three in Newark will all move to a new office in Summit, N.J.  One trader will move from Newark to Summit.</p>
<p>On the investment banking side, four of the bank's five public finance bankers in Newark will go to Philadelphia, joining the three already there. The fifth Newark banker will move to Summit.</p>
<p>Curlett said First Union's goal is to eventually grow to the point where it can lead manage large state bond issues like Pennsylvania's recent general obligation offering.</p>
<p>The bank plans to have all of the personell moves complete by May 1, he said.</p>
<p>((--Steven Dickson, 212-859-1652))</p>
</text>
<copyright>(c) Reuters Limited 1997</copyright>
<metadata>
<codes class="bip:countries:1.0">
  <code code="USA">
    <editdetail attribution="Reuters BIP Coding Group" action="confirmed" date="1997-03-26"/>
  </code>
</codes>
<codes class="bip:industries:1.0">
  <code code="I81402">
    <editdetail attribution="Reuters BIP Coding Group" action="confirmed" date="1997-03-26"/>
  </code>
</codes>
<codes class="bip:topics:1.0">
  <code code="C11">
    <editdetail attribution="Reuters BIP Coding Group" action="confirmed" date="1997-03-26"/>
  </code>
  <code code="CCAT">
    <editdetail attribution="Reuters BIP Coding Group" action="confirmed" date="1997-03-26"/>
  </code>
</codes>
<dc element="dc.date.created" value="1997-03-26"/>
<dc element="dc.publisher" value="Reuters Holdings Plc"/>
<dc element="dc.date.published" value="1997-03-26"/>
<dc element="dc.source" value="Reuters"/>
<dc element="dc.creator.location" value="NEW YORK"/>
<dc element="dc.creator.location.country.name" value="USA"/>
<dc element="dc.source" value="Reuters"/>
</metadata>
</newsitem>
