<?xml version="1.0" encoding="iso-8859-1" ?>
<newsitem itemid="468369" id="root" date="1997-03-26" xml:lang="en">
<title>USA: Eastern holders turn back Millbrook slate.</title>
<headline>Eastern holders turn back Millbrook slate.</headline>
<dateline>MILLBROOK, N.Y. 1997-03-26</dateline>
<text>
<p>Millbrook Capital Management Inc on Wednesday said Eastern Co's shareholders defeated its bid to place three Millbrook nominees on the company's board.</p>
<p>Millbrook's MMI Investments, which owns 6.61 percent of Eastern, is evaluating its alternatives, Millbrook said.</p>
<p>Millbrook's alternatives include calling a special shareholder meeting this summer, increasing or decreasing its stake or revising its $15-a-share offer to acquire the lock and security equipment supplier, Millbrook said.  </p>
<p>Officials at Eastern Co was not immediately available for comment.</p>
<p>Millbrook is an investment firm owned by John Dyson, a former deputy mayor of New York City.</p>
<p>Eastern Co makes high security locks, hardware, steel reinforcing bars and mine roof fasteners.</p>
</text>
<copyright>(c) Reuters Limited 1997</copyright>
<metadata>
<codes class="bip:countries:1.0">
  <code code="USA">
    <editdetail attribution="Reuters BIP Coding Group" action="confirmed" date="1997-03-26"/>
  </code>
</codes>
<codes class="bip:industries:1.0">
  <code code="I22100">
    <editdetail attribution="Reuters BIP Coding Group" action="confirmed" date="1997-03-26"/>
  </code>
  <code code="I81502">
    <editdetail attribution="Reuters BIP Coding Group" action="confirmed" date="1997-03-26"/>
  </code>
</codes>
<codes class="bip:topics:1.0">
  <code code="C41">
    <editdetail attribution="Reuters BIP Coding Group" action="confirmed" date="1997-03-26"/>
  </code>
  <code code="CCAT">
    <editdetail attribution="Reuters BIP Coding Group" action="confirmed" date="1997-03-26"/>
  </code>
</codes>
<dc element="dc.date.created" value="1997-03-26"/>
<dc element="dc.publisher" value="Reuters Holdings Plc"/>
<dc element="dc.date.published" value="1997-03-26"/>
<dc element="dc.source" value="Reuters"/>
<dc element="dc.creator.location" value="MILLBROOK, N.Y."/>
<dc element="dc.creator.location.country.name" value="USA"/>
<dc element="dc.source" value="Reuters"/>
</metadata>
</newsitem>
