<?xml version="1.0" encoding="iso-8859-1" ?>
<newsitem itemid="468338" id="root" date="1997-03-26" xml:lang="en">
<title>USA: Health Management named in lawsuit.</title>
<headline>Health Management named in lawsuit.</headline>
<dateline>NEW YORK 1997-03-26</dateline>
<text>
<p>A lawsuit has been filed against Health Management Systems Inc on behalf of purchasers of the company's common stock between Feb 27, 1996, and Feb 25, 1997, lawyers for the plaintiffs said Wednesday.</p>
<p>The suit alleges that the company and certain of its officers and directors made false statements to investors regarding the company's deteriorating financial condition while the defendants were selling more than $18.4 million worth of Health Management stock.</p>
<p>The suit, which seek class-action status, was filed yesterday in U.S. District Court here.</p>
<p>The law firm of Wolf Haldenstein Adler Freeman &amp; Herz Llp said the plaintiffs seek to recover damages on behalf of class members. &quot;We don't yet have a calculation of damages,&quot; said Jeffrey Smith, a partner at the firm.</p>
<p>No one from Health Management was available for comment.</p>
</text>
<copyright>(c) Reuters Limited 1997</copyright>
<metadata>
<codes class="bip:countries:1.0">
  <code code="USA">
    <editdetail attribution="Reuters BIP Coding Group" action="confirmed" date="1997-03-26"/>
  </code>
</codes>
<codes class="bip:industries:1.0">
  <code code="I33020">
    <editdetail attribution="Reuters BIP Coding Group" action="confirmed" date="1997-03-26"/>
  </code>
  <code code="I3302021">
    <editdetail attribution="Reuters BIP Coding Group" action="confirmed" date="1997-03-26"/>
  </code>
</codes>
<codes class="bip:topics:1.0">
  <code code="C12">
    <editdetail attribution="Reuters BIP Coding Group" action="confirmed" date="1997-03-26"/>
  </code>
  <code code="CCAT">
    <editdetail attribution="Reuters BIP Coding Group" action="confirmed" date="1997-03-26"/>
  </code>
  <code code="GCAT">
    <editdetail attribution="Reuters BIP Coding Group" action="confirmed" date="1997-03-26"/>
  </code>
  <code code="GCRIM">
    <editdetail attribution="Reuters BIP Coding Group" action="confirmed" date="1997-03-26"/>
  </code>
</codes>
<dc element="dc.date.created" value="1997-03-26"/>
<dc element="dc.publisher" value="Reuters Holdings Plc"/>
<dc element="dc.date.published" value="1997-03-26"/>
<dc element="dc.source" value="Reuters"/>
<dc element="dc.creator.location" value="NEW YORK"/>
<dc element="dc.creator.location.country.name" value="USA"/>
<dc element="dc.source" value="Reuters"/>
</metadata>
</newsitem>
