<?xml version="1.0" encoding="iso-8859-1" ?>
<newsitem itemid="468309" id="root" date="1997-03-26" xml:lang="en">
<title>USA: LifeCell Corp Q4 net loss widens.</title>
<headline>LifeCell Corp Q4 net loss widens.</headline>
<dateline>THE WOODLANDS, Texas 1997-03-26</dateline>
<text>
<p>Three Months Ended	     Year Ended</p>
<p>				December 31,		  December 31,</p>
<p>			 1996	   1995	   1996	   1995</p>
<p>Total revenues  876,000	464,000    2,946,000    1,807,000</p>
<p>Loss from</p>
<p>operations  (1,299,000)  (1,106,000)  (4,225,000)  (4,186,000)</p>
<p>Net loss   $(1,219,000) $(1,064,000) $(4,090,000) $(3,905,000)</p>
<p>Loss per share before effect of preferred dividends and</p>
<p>accretion and warrant</p>
<p> exercises	 (0.25)	 (0.25)	 (0.90)	 (0.91)</p>
<p>Effect of preferred dividends, accretion of preferred stock,</p>
<p>and warrant exercises</p>
<p>		     (0.07)	 (0.04)	 (0.24)	 (0.19)</p>
<p>Net loss per</p>
<p> share	     (0.32)	 (0.29)	 (1.14)	 (1.10)</p>
<p>Weighted average</p>
<p>common shares</p>
<p>outstanding</p>
<p>		  4,811,000    4,359,000    4,543,000    4,313,000</p>
<p>NOTE:  Net income was calculated before the payment of preferred dividends, earnings per share were calculated after the payment of preferred dividends.</p>
</text>
<copyright>(c) Reuters Limited 1997</copyright>
<metadata>
<codes class="bip:countries:1.0">
  <code code="USA">
    <editdetail attribution="Reuters BIP Coding Group" action="confirmed" date="1997-03-26"/>
  </code>
</codes>
<codes class="bip:industries:1.0">
  <code code="I25700">
    <editdetail attribution="Reuters BIP Coding Group" action="confirmed" date="1997-03-26"/>
  </code>
</codes>
<codes class="bip:topics:1.0">
  <code code="C15">
    <editdetail attribution="Reuters BIP Coding Group" action="confirmed" date="1997-03-26"/>
  </code>
  <code code="C151">
    <editdetail attribution="Reuters BIP Coding Group" action="confirmed" date="1997-03-26"/>
  </code>
  <code code="C1511">
    <editdetail attribution="Reuters BIP Coding Group" action="confirmed" date="1997-03-26"/>
  </code>
  <code code="CCAT">
    <editdetail attribution="Reuters BIP Coding Group" action="confirmed" date="1997-03-26"/>
  </code>
</codes>
<dc element="dc.date.created" value="1997-03-26"/>
<dc element="dc.publisher" value="Reuters Holdings Plc"/>
<dc element="dc.date.published" value="1997-03-26"/>
<dc element="dc.source" value="Reuters"/>
<dc element="dc.creator.location" value="THE WOODLANDS, Texas"/>
<dc element="dc.creator.location.country.name" value="USA"/>
<dc element="dc.source" value="Reuters"/>
</metadata>
</newsitem>
