<?xml version="1.0" encoding="iso-8859-1" ?>
<newsitem itemid="468339" id="root" date="1997-03-26" xml:lang="en">
<title>USA: NYCE cotton futures end barely up before USDA data.</title>
<headline>NYCE cotton futures end barely up before USDA data.</headline>
<dateline>NEW YORK 1997-03-26</dateline>
<text>
<p>NYCE cotton futures closed barely firmer in cautious trade ahead of Thursday's weekly export and sales report and Monday's planting intentions survey, market sources said.</p>
<p>&quot;The planting intentions will drive it more than anything,&quot; a floor source said. &quot;Everyone is waiting on that.&quot;</p>
<p>Exports are expected to fall between 160,000 and 180,000 bales for the week. Market sources anticipate a stronger number the following week due to the recent and life-of-contract low of 72.00 cents, hit on Tuesday.</p>
<p>The U.S. Department of Agriculture pegged exports for the current crop year at 6.8 million bales.</p>
<p>The USDA's first estimate of planted area for the 1997/98 U.S. cotton crop will be released Monday at 0830 EST. Analysts put the estimate between 13.7 million and 14.3 million acres.</p>
<p>Cotton farmers planted 14.67 million acres last year.</p>
<p>Benchmark May closed 0.06 cent higher at 72.65 cents per lb, having ranged from 72.89 to 72.45 cents. The back months ended 0.08 weaker to 0.20 firmer.</p>
<p>Volume was estimated at 11,000 lots compared to Tuesday's official 20,808 lots.</p>
<p>Floor souces noted mixed buying around 72.50 cents, and cited Refco as a seller near the close.</p>
<p>((Suzanne Rostler, New York Commodity Desk, 212-859-1640))</p>
</text>
<copyright>(c) Reuters Limited 1997</copyright>
<metadata>
<codes class="bip:countries:1.0">
  <code code="USA">
    <editdetail attribution="Reuters BIP Coding Group" action="confirmed" date="1997-03-26"/>
  </code>
</codes>
<codes class="bip:topics:1.0">
  <code code="M14">
    <editdetail attribution="Reuters BIP Coding Group" action="confirmed" date="1997-03-26"/>
  </code>
  <code code="M141">
    <editdetail attribution="Reuters BIP Coding Group" action="confirmed" date="1997-03-26"/>
  </code>
  <code code="MCAT">
    <editdetail attribution="Reuters BIP Coding Group" action="confirmed" date="1997-03-26"/>
  </code>
</codes>
<dc element="dc.date.created" value="1997-03-26"/>
<dc element="dc.publisher" value="Reuters Holdings Plc"/>
<dc element="dc.date.published" value="1997-03-26"/>
<dc element="dc.source" value="Reuters"/>
<dc element="dc.creator.location" value="NEW YORK"/>
<dc element="dc.creator.location.country.name" value="USA"/>
<dc element="dc.source" value="Reuters"/>
</metadata>
</newsitem>
