<?xml version="1.0" encoding="iso-8859-1" ?>
<newsitem itemid="468397" id="root" date="1997-03-26" xml:lang="en">
<title>USA: IMF still sees monetary role for gold - WGC.</title>
<headline>IMF still sees monetary role for gold - WGC.</headline>
<dateline>LAGUNA NIGUEL, Calif. 1997-03-26</dateline>
<text>
<p>Despite recent plans to sell a small amount of its gold to fund a Third World debt relief program, International Monetary Fund (IMF) has come to recognize many of the advantages of gold as a valuable monetary asset, said Robert Pringle, head of World Gold Council's (WGC) Center for Public Policy Studies.</p>
<p>&quot;The proposal to sell a small amount of the Fund's gold does not in the least imply the Fund now has a negative attitude to gold,&quot; Pringle told Gold and Silver Institute's annual conference here.</p>
<p>&quot;The IMF's latest annual report makes this clear,&quot; he said.</p>
<p>IMF's annual report says gold is &quot;a fundamental strength&quot; in its balance sheet, adding, &quot;the Fund's gold holdings provide the Fund with operational manoeuvrability, both as regards its policies on the use of its resources and through adding credibility to the level of the Fund's precautionary balances.&quot;</p>
<p>IMF's annual report also notes &quot;the Fund has a systemic responsibility, given it is the second-largest official holder in the world, with about 10 percent of total official gold stocks of member countries.&quot;</p>
<p>Official holdings of gold by governments and international institutions are estimated at about 36,000 tonnes of gold, about a quarter of the world's estimated above-ground stocks of 129,000 tonnes at the end of 1995.</p>
<p>The dispute over the IMF plan to sell some of its gold in the past year demonstrates that many central banks still believe gold has a key role to play in the world monetary system, Pringle argued.</p>
<p>Taking up the suggestion of U.K. Chancellor of the Exchequer, Kenneth Clarke, and supported by the U.S. and other countries, the IMF managing director, Michel Camdessus, last year campaigned for the Fund's members to agree to a sale of five million ounces of IMF gold to finance debt relief for poor countries, if it could not obtain the needed cash from contributions from IMF member countries.</p>
<p>But Camdessus failed to get the required 85 percent majority among IMF members.</p>
<p>Germany led the opposition to the plan and remains opposed, Pringle noted, and even if Germany climbs down, the plan will still need U.S. Congressional approval.</p>
<p>&quot;So two decisions will still be needed before sales can go ahead - a decision by the Fund's executive board that bilateral contributions are not enough and a decision by Congress,&quot; Pringle said.</p>
<p>&quot;In sum, I believe this dispute has underlined again the fact there is indeed a monetary role for gold today,&quot; he said. &quot;Germany's stand has proved that Europe's largest and most powerful country takes this subject seriously, seriously enough indeed to risk an open confrontation with the world's only remaining superpower.&quot;</p>
<p>-Clive McKeef, New York Commodities Desk, 1-212-859-1641</p>
</text>
<copyright>(c) Reuters Limited 1997</copyright>
<metadata>
<codes class="bip:countries:1.0">
  <code code="USA">
    <editdetail attribution="Reuters BIP Coding Group" action="confirmed" date="1997-03-26"/>
  </code>
</codes>
<codes class="bip:topics:1.0">
  <code code="E12">
    <editdetail attribution="Reuters BIP Coding Group" action="confirmed" date="1997-03-26"/>
  </code>
  <code code="E21">
    <editdetail attribution="Reuters BIP Coding Group" action="confirmed" date="1997-03-26"/>
  </code>
  <code code="E212">
    <editdetail attribution="Reuters BIP Coding Group" action="confirmed" date="1997-03-26"/>
  </code>
  <code code="ECAT">
    <editdetail attribution="Reuters BIP Coding Group" action="confirmed" date="1997-03-26"/>
  </code>
  <code code="M14">
    <editdetail attribution="Reuters BIP Coding Group" action="confirmed" date="1997-03-26"/>
  </code>
  <code code="M142">
    <editdetail attribution="Reuters BIP Coding Group" action="confirmed" date="1997-03-26"/>
  </code>
  <code code="MCAT">
    <editdetail attribution="Reuters BIP Coding Group" action="confirmed" date="1997-03-26"/>
  </code>
</codes>
<dc element="dc.date.created" value="1997-03-26"/>
<dc element="dc.publisher" value="Reuters Holdings Plc"/>
<dc element="dc.date.published" value="1997-03-26"/>
<dc element="dc.source" value="Reuters"/>
<dc element="dc.creator.location" value="LAGUNA NIGUEL, Calif."/>
<dc element="dc.creator.location.country.name" value="USA"/>
<dc element="dc.source" value="Reuters"/>
</metadata>
</newsitem>
