<?xml version="1.0" encoding="iso-8859-1" ?>
<newsitem itemid="468321" id="root" date="1997-03-26" xml:lang="en">
<title>USA: Abraxas Q4 shr profit $0.24 vs loss $0.13.</title>
<headline>Abraxas Q4 shr profit $0.24 vs loss $0.13.</headline>
<dateline>SAN ANTONIO 1997-03-26</dateline>
<text>
<p>Three Months	     Twelve Months</p>
<p>		  Ended Dec. 31   Change   Ended Dec. 31   Change</p>
<p>		  1996    1995		 1996    1995</p>
<p>Revenues</p>
<p>(In $ Thousands)</p>
<p>		  15,254  3,887     292%  26,652  13,817    93%</p>
<p>Cash Flow</p>
<p>(Before Working</p>
<p>Capital</p>
<p>  Changes)	7,357  1,372     436%  11,836   4,073   191%</p>
<p>Net Income</p>
<p> (Loss)*	   1,668  (615)    2,283   1,148 (1,574)  2,722</p>
<p>Net Income (Loss)</p>
<p> Per Share*	  .24  (.13)	.37     .17   (.34)    .51</p>
<p>Net Income (Loss)</p>
<p>Per Share w/o CVRs*</p>
<p>			 .29  (.13)	.42     .20   (.34)    .54</p>
<p>Average Shares</p>
<p>Outstanding (Millions)</p>
<p>			 6.8    5.1	33%     6.8     4.6    48%</p>
<p>Average Shares w/o</p>
<p> CVRs (Millions)   5.8    5.1	14%     5.8     4.6    26%</p>
<p>*Applicable to common shareholders</p>
</text>
<copyright>(c) Reuters Limited 1997</copyright>
<metadata>
<codes class="bip:countries:1.0">
  <code code="USA">
    <editdetail attribution="Reuters BIP Coding Group" action="confirmed" date="1997-03-26"/>
  </code>
</codes>
<codes class="bip:industries:1.0">
  <code code="I13000">
    <editdetail attribution="Reuters BIP Coding Group" action="confirmed" date="1997-03-26"/>
  </code>
</codes>
<codes class="bip:topics:1.0">
  <code code="C15">
    <editdetail attribution="Reuters BIP Coding Group" action="confirmed" date="1997-03-26"/>
  </code>
  <code code="C151">
    <editdetail attribution="Reuters BIP Coding Group" action="confirmed" date="1997-03-26"/>
  </code>
  <code code="C1511">
    <editdetail attribution="Reuters BIP Coding Group" action="confirmed" date="1997-03-26"/>
  </code>
  <code code="CCAT">
    <editdetail attribution="Reuters BIP Coding Group" action="confirmed" date="1997-03-26"/>
  </code>
</codes>
<dc element="dc.date.created" value="1997-03-26"/>
<dc element="dc.publisher" value="Reuters Holdings Plc"/>
<dc element="dc.date.published" value="1997-03-26"/>
<dc element="dc.source" value="Reuters"/>
<dc element="dc.creator.location" value="SAN ANTONIO"/>
<dc element="dc.creator.location.country.name" value="USA"/>
<dc element="dc.source" value="Reuters"/>
</metadata>
</newsitem>
