<?xml version="1.0" encoding="iso-8859-1" ?>
<newsitem itemid="468324" id="root" date="1997-03-26" xml:lang="en">
<title>USA: PhyMatrix to merge with Clinical Studies.</title>
<headline>PhyMatrix to merge with Clinical Studies.</headline>
<dateline>WEST PALM BEACH, Fla. 1997-03-26</dateline>
<text>
<p>PhyMatrix Corp said Wednesday it has signed a binding letter of intent to merge with Clinical Studies Ltd.</p>
<p>The merger will be accounted for as a pooling of interest, PhyMatrix said in an announcement.</p>
<p>Major terms of the deal have been agreed to, said PhyMatrix chief financial officer Fred Leathers, who added that the value of the transaction would be disclosed &quot;when we reach final agreement.&quot; Phymatrix, which provides management services to disease specialty and primary care physicians, will be the surviving entity in the merger, Leathers said.  </p>
<p>Clinical Studies, which is based in Providence, R.I., is a seven-year-old company that provides independent clinical trials for biopharmaceutical products. It organizes and manages multisite clinical investigators and is among the largest site management organizations in the business, PhyMatrix said.</p>
<p>Clinical Studies has helped over 100 sponsors to move their products through the clinical trial process quickly and efficiently, it added.  </p>
<p>Abraham Gosman, chief executive officer and president of PhyMatrix, noted that site management organizations are now only beginning to consolidate the fragmented clinical investigator market.</p>
<p>With the merger, PhyMatrix will provide Clinical Studies access to a broad array of physicians and patients, a key ingredient to success in clinical research, he said.</p>
<p>For the year ended January 31, PhyMatrix had a net income of $12.057 million, versus a net loss of $11.025 million for the year ended December 31, 1995. Net revenues rose to $189.961 million from $70.7 million.</p>
</text>
<copyright>(c) Reuters Limited 1997</copyright>
<metadata>
<codes class="bip:countries:1.0">
  <code code="USA">
    <editdetail attribution="Reuters BIP Coding Group" action="confirmed" date="1997-03-26"/>
  </code>
</codes>
<codes class="bip:topics:1.0">
  <code code="C18">
    <editdetail attribution="Reuters BIP Coding Group" action="confirmed" date="1997-03-26"/>
  </code>
  <code code="C181">
    <editdetail attribution="Reuters BIP Coding Group" action="confirmed" date="1997-03-26"/>
  </code>
  <code code="CCAT">
    <editdetail attribution="Reuters BIP Coding Group" action="confirmed" date="1997-03-26"/>
  </code>
</codes>
<dc element="dc.date.created" value="1997-03-26"/>
<dc element="dc.publisher" value="Reuters Holdings Plc"/>
<dc element="dc.date.published" value="1997-03-26"/>
<dc element="dc.source" value="Reuters"/>
<dc element="dc.creator.location" value="WEST PALM BEACH, Fla."/>
<dc element="dc.creator.location.country.name" value="USA"/>
<dc element="dc.source" value="Reuters"/>
</metadata>
</newsitem>
