<?xml version="1.0" encoding="iso-8859-1" ?>
<newsitem itemid="468312" id="root" date="1997-03-26" xml:lang="en">
<title>USA: NY State Electric unable to reach pact.</title>
<headline>NY State Electric unable to reach pact.</headline>
<dateline>NEW YORK 1997-03-26</dateline>
<text>
<p>New York State Electric &amp; Gas Corp was unable to reach an agreement with the New York Public Service Commission staff on the pending restructuring case, commission spokesman David Flanagan said.</p>
<p>The deadline for reaching an agreement on changes in the company's late September filing in the commissions Competitive Opportunities Proceeding had been extended to Tuesday.</p>
<p>When the talks broke down, Flanagan said, commission regulations calling for a litigated proceeding became effective and intervenor testimony was accepted by the commission.  </p>
<p>New York State Electric &amp; Gas now has 25 days to respond to that testimony, Flanagan said, adding commission rules call for the proceeding to be completed in 90 days.</p>
<p>In response to questions about Flanagan's statement, the utility released a brief statement dated March 26 saying: &quot;Discussions with PSC staff have not yielded an agreement. We remain hopeful that an agreement can be reached with various parties.&quot;</p>
<p>Spokesman Clayton Ellis said he can not go beyond the statement at this time.  </p>
<p>New York State Electric &amp; Gas is the only utility, out of the five required to file by October 1, 1996, to force a litigated proceeding.</p>
<p>New York State Consumer Protection Board Executive Director Timothy S. Carey described the agreements the staff has reached with Consolidated Edison Co of New York Inc, Orange &amp; Rockland Utilities Inc and Central Hudson Gas &amp; Electric Corp as a &quot;historic undertaking,&quot; pointing out the three utilities voluntarily gave up their monopoly status.</p>
<p>&quot;You have to give the (commission) staff credit,&quot; he added.</p>
<p>Last week, the commission extended the deadline for an agreement with the fifth utility, Rochester Gas &amp; Electric Corp, to April 8.</p>
<p>((-- Jim Brumm 212-859-1710.))</p>
</text>
<copyright>(c) Reuters Limited 1997</copyright>
<metadata>
<codes class="bip:countries:1.0">
  <code code="USA">
    <editdetail attribution="Reuters BIP Coding Group" action="confirmed" date="1997-03-26"/>
  </code>
</codes>
<codes class="bip:industries:1.0">
  <code code="I16000">
    <editdetail attribution="Reuters BIP Coding Group" action="confirmed" date="1997-03-26"/>
  </code>
  <code code="I16100">
    <editdetail attribution="Reuters BIP Coding Group" action="confirmed" date="1997-03-26"/>
  </code>
</codes>
<codes class="bip:topics:1.0">
  <code code="C11">
    <editdetail attribution="Reuters BIP Coding Group" action="confirmed" date="1997-03-26"/>
  </code>
  <code code="C13">
    <editdetail attribution="Reuters BIP Coding Group" action="confirmed" date="1997-03-26"/>
  </code>
  <code code="C34">
    <editdetail attribution="Reuters BIP Coding Group" action="confirmed" date="1997-03-26"/>
  </code>
  <code code="CCAT">
    <editdetail attribution="Reuters BIP Coding Group" action="confirmed" date="1997-03-26"/>
  </code>
  <code code="E41">
    <editdetail attribution="Reuters BIP Coding Group" action="confirmed" date="1997-03-26"/>
  </code>
  <code code="ECAT">
    <editdetail attribution="Reuters BIP Coding Group" action="confirmed" date="1997-03-26"/>
  </code>
  <code code="GCAT">
    <editdetail attribution="Reuters BIP Coding Group" action="confirmed" date="1997-03-26"/>
  </code>
  <code code="GJOB">
    <editdetail attribution="Reuters BIP Coding Group" action="confirmed" date="1997-03-26"/>
  </code>
</codes>
<dc element="dc.date.created" value="1997-03-26"/>
<dc element="dc.publisher" value="Reuters Holdings Plc"/>
<dc element="dc.date.published" value="1997-03-26"/>
<dc element="dc.source" value="Reuters"/>
<dc element="dc.creator.location" value="NEW YORK"/>
<dc element="dc.creator.location.country.name" value="USA"/>
<dc element="dc.source" value="Reuters"/>
</metadata>
</newsitem>
