<?xml version="1.0" encoding="iso-8859-1" ?>
<newsitem itemid="468301" id="root" date="1997-03-26" xml:lang="en">
<title>USA: Tribune invests $21 mln in WB Television.</title>
<headline>Tribune invests $21 mln in WB Television.</headline>
<dateline>CHICAGO 1997-03-26</dateline>
<text>
<p>Tribune Co said on Monday it invested an additional $21 million in the WB Television Network, increasing its limited-partnership equity ownership to 21.9 percent.</p>
<p>WB Television is a division of Time Warner Inc.  </p>
<p>Tribune said it has one additional option to increase its total interest in WB to 25 percent. Tribune acquired its original 12.5 percent interest in August 1995.</p>
<p>WB is a television network whose viewers have a median age of 25.3 years.</p>
<p>Tribune is a media company with operations in television and radio broadcasting, publishing, education and interactive ventures.</p>
<p>((--Chicago newsdesk, 312-408-8787))</p>
</text>
<copyright>(c) Reuters Limited 1997</copyright>
<metadata>
<codes class="bip:countries:1.0">
  <code code="USA">
    <editdetail attribution="Reuters BIP Coding Group" action="confirmed" date="1997-03-26"/>
  </code>
</codes>
<codes class="bip:industries:1.0">
  <code code="I47510">
    <editdetail attribution="Reuters BIP Coding Group" action="confirmed" date="1997-03-26"/>
  </code>
  <code code="I83960">
    <editdetail attribution="Reuters BIP Coding Group" action="confirmed" date="1997-03-26"/>
  </code>
</codes>
<codes class="bip:topics:1.0">
  <code code="C11">
    <editdetail attribution="Reuters BIP Coding Group" action="confirmed" date="1997-03-26"/>
  </code>
  <code code="C18">
    <editdetail attribution="Reuters BIP Coding Group" action="confirmed" date="1997-03-26"/>
  </code>
  <code code="C181">
    <editdetail attribution="Reuters BIP Coding Group" action="confirmed" date="1997-03-26"/>
  </code>
  <code code="CCAT">
    <editdetail attribution="Reuters BIP Coding Group" action="confirmed" date="1997-03-26"/>
  </code>
</codes>
<dc element="dc.date.created" value="1997-03-26"/>
<dc element="dc.publisher" value="Reuters Holdings Plc"/>
<dc element="dc.date.published" value="1997-03-26"/>
<dc element="dc.source" value="Reuters"/>
<dc element="dc.creator.location" value="CHICAGO"/>
<dc element="dc.creator.location.country.name" value="USA"/>
<dc element="dc.source" value="Reuters"/>
</metadata>
</newsitem>
