<?xml version="1.0" encoding="iso-8859-1" ?>
<newsitem itemid="468314" id="root" date="1997-03-26" xml:lang="en">
<title>USA: AGA says U.S. weekly natgas stocks fell 54 bcf.</title>
<headline>AGA says U.S. weekly natgas stocks fell 54 bcf.</headline>
<dateline>WASHINGTON 1997-03-26</dateline>
<text>
<p>American Gas Association estimates of U.S. working gas in storage in billion cubic feet</p>
<p>(bcf):  R-revised     03/21/97  03/14/97  Net Chg  Pct Full(5)</p>
<p>Producing Reg. (2)	   261*	254    +7	28</p>
<p> Consuming Reg. East (3)   406	 469    -63     23</p>
<p> Consuming Reg. West (4)   165	 163    +2	34</p>
<p> Total U.S.		    832*	886    -54     26</p>
<p>Notes: (2) Incl Texas, Okla., Kansas, N.Mexico, Arkansas, Louisiana, and Miss. (3) Incl states east of Miss. River less Miss., plus Iowa, Neb and Missouri (4) Incl states west of the Miss. River less producing region and Iowa, Neb and Missouri.  </p>
<p>Survey sample and full working gas estimates</p>
<p> -			 Survey Sample   Est. Full Work-    Yr-Ago</p>
<p> -			 Size--Pct (6)   ing Gas--BCF	  Week</p>
<p> Producing Region	    70%		   918*	  182</p>
<p> Consuming Region East     95		  1,790	   217</p>
<p> Consuming Region West     93		    482	   226</p>
<p> Total U.S.		    87		  3,190*	  625</p>
<p>Notes:</p>
<p>(5)This Week regional and Total U.S. volumes divided by Estimated Full regional and Total U.S. volumes. This statistic is intended to show how &quot;full&quot; working gas is at any given time.</p>
<p>(6)This percentage value describes the survey sample size each week (sample may change if companies fail to report or a company is added to the weekly survey). It is determined by dividing the maximum volume held in recent years in reported pools for all the reporting companies in a given region for that week by that regions estimated full. Any additions to the sample or failures to report are reflected in a percentage change from the prior week.</p>
<p>*In the Producing Region, 10 Bcf was reclassified by one company from base to working gas. The increase is recorded as a change to &quot;estimated full&quot; in the Producing Region from 908 Bcf to 918 Bcf. Likewise, the total U.S. &quot;estimated full&quot; increases from 3,180 Bcf to 3,190 Bcf. For this week, the reclassification has contributed to the positive increase shown in working gas volumes for the Producing Region. Without the reclassification, the Producing Region volume would have been down 7 Bcf from the previous week.</p>
</text>
<copyright>(c) Reuters Limited 1997</copyright>
<metadata>
<codes class="bip:countries:1.0">
  <code code="USA">
    <editdetail attribution="Reuters BIP Coding Group" action="confirmed" date="1997-03-26"/>
  </code>
</codes>
<codes class="bip:industries:1.0">
  <code code="I13000">
    <editdetail attribution="Reuters BIP Coding Group" action="confirmed" date="1997-03-26"/>
  </code>
</codes>
<codes class="bip:topics:1.0">
  <code code="C21">
    <editdetail attribution="Reuters BIP Coding Group" action="confirmed" date="1997-03-26"/>
  </code>
  <code code="CCAT">
    <editdetail attribution="Reuters BIP Coding Group" action="confirmed" date="1997-03-26"/>
  </code>
  <code code="M14">
    <editdetail attribution="Reuters BIP Coding Group" action="confirmed" date="1997-03-26"/>
  </code>
  <code code="M143">
    <editdetail attribution="Reuters BIP Coding Group" action="confirmed" date="1997-03-26"/>
  </code>
  <code code="MCAT">
    <editdetail attribution="Reuters BIP Coding Group" action="confirmed" date="1997-03-26"/>
  </code>
</codes>
<dc element="dc.date.created" value="1997-03-26"/>
<dc element="dc.publisher" value="Reuters Holdings Plc"/>
<dc element="dc.date.published" value="1997-03-26"/>
<dc element="dc.source" value="Reuters"/>
<dc element="dc.creator.location" value="WASHINGTON"/>
<dc element="dc.creator.location.country.name" value="USA"/>
<dc element="dc.source" value="Reuters"/>
</metadata>
</newsitem>
