<?xml version="1.0" encoding="iso-8859-1" ?>
<newsitem itemid="468343" id="root" date="1997-03-26" xml:lang="en">
<title>USA: Eastbrokers names Schmid chairman/CEO.</title>
<headline>Eastbrokers names Schmid chairman/CEO.</headline>
<dateline>ROCKVILLE, Md. 1997-03-26</dateline>
<text>
<p>Eastbrokers International said Wednesday that effective immediately, Peter Schmid, the original founder of Eastbrokers AG, will become chairman of the board, president and chief executive officer.</p>
<p>Schmid, already president, replaces Michael Sumichrast, the company's chairman since its inception, who will remain a director and chairman of the compensation and audit committees. He also replaces August de Roode, who has left the company to pursue other interests.</p>
<p>Martin Sumichrast, former chief financial officer, will take the newly created position of vice-chairman of the board.</p>
<p>Kevin McNeil, comptroller, will become chief financial officer and treasurer and Dr. Falko Muller-Tyl, European financial director, will become chief operating officer.</p>
<p>Eastbrook also said Wednesday that it has acquired Financial Planning Services - International Inc, a California based NASD member firm, which has changed its name  Eastbrokers North America Inc.</p>
<p>Terms of the acquisition were not disclosed.</p>
<p>The company said the acquisition is intended to complement its European operations by marketing its services to the U.S. institutional investment community.</p>
<p>Eastbrokers is a diversified investment banking and brokerage network, with offices in Austria, Turkey, Kazakhstan, Russia and eight eastern European nations.</p>
</text>
<copyright>(c) Reuters Limited 1997</copyright>
<metadata>
<codes class="bip:countries:1.0">
  <code code="USA">
    <editdetail attribution="Reuters BIP Coding Group" action="confirmed" date="1997-03-26"/>
  </code>
</codes>
<codes class="bip:industries:1.0">
  <code code="I81502">
    <editdetail attribution="Reuters BIP Coding Group" action="confirmed" date="1997-03-26"/>
  </code>
  <code code="I8150206">
    <editdetail attribution="Reuters BIP Coding Group" action="confirmed" date="1997-03-26"/>
  </code>
</codes>
<codes class="bip:topics:1.0">
  <code code="C41">
    <editdetail attribution="Reuters BIP Coding Group" action="confirmed" date="1997-03-26"/>
  </code>
  <code code="C411">
    <editdetail attribution="Reuters BIP Coding Group" action="confirmed" date="1997-03-26"/>
  </code>
  <code code="CCAT">
    <editdetail attribution="Reuters BIP Coding Group" action="confirmed" date="1997-03-26"/>
  </code>
</codes>
<dc element="dc.date.created" value="1997-03-26"/>
<dc element="dc.publisher" value="Reuters Holdings Plc"/>
<dc element="dc.date.published" value="1997-03-26"/>
<dc element="dc.source" value="Reuters"/>
<dc element="dc.creator.location" value="ROCKVILLE, Md."/>
<dc element="dc.creator.location.country.name" value="USA"/>
<dc element="dc.source" value="Reuters"/>
</metadata>
</newsitem>
