<?xml version="1.0" encoding="iso-8859-1" ?>
<newsitem itemid="468363" id="root" date="1997-03-26" xml:lang="en">
<title>USA: Kmart to get $90 mln from Mexican sale.</title>
<headline>Kmart to get $90 mln from Mexican sale.</headline>
<dateline>TROY, Mich. 1997-03-26</dateline>
<text>
<p>Kmart Corp said it will receive a total of $90 million in cash and tax benefits from the sale of its Mexican retail joint venture.</p>
<p>Previously, Kmart had said it would receive $74.25 million in cash from the sale of Kmart Mexico SA de CV to Mexican retail group Controladora Comercial Mexicana SA de CV, a deal with a total cash value of $148.5 million.</p>
<p>Kmart's former partner in the five-store venture, El Puerto de Liverpool SA de CV, also will get $74.25 million in the deal.</p>
<p>&quot;The sale of Kmart Mexico is consistent with our commitment to improve our overall financial performance by focusing on the core business - our traditional Kmart stores and Super Kmart Centers,&quot; Kmart Chairman Floyd Hall said in a statement.</p>
</text>
<copyright>(c) Reuters Limited 1997</copyright>
<metadata>
<codes class="bip:countries:1.0">
  <code code="MEX">
    <editdetail attribution="Reuters BIP Coding Group" action="confirmed" date="1997-03-26"/>
  </code>
  <code code="USA">
    <editdetail attribution="Reuters BIP Coding Group" action="confirmed" date="1997-03-26"/>
  </code>
</codes>
<codes class="bip:industries:1.0">
  <code code="I64000">
    <editdetail attribution="Reuters BIP Coding Group" action="confirmed" date="1997-03-26"/>
  </code>
  <code code="I64100">
    <editdetail attribution="Reuters BIP Coding Group" action="confirmed" date="1997-03-26"/>
  </code>
  <code code="I65600">
    <editdetail attribution="Reuters BIP Coding Group" action="confirmed" date="1997-03-26"/>
  </code>
</codes>
<codes class="bip:topics:1.0">
  <code code="C18">
    <editdetail attribution="Reuters BIP Coding Group" action="confirmed" date="1997-03-26"/>
  </code>
  <code code="C181">
    <editdetail attribution="Reuters BIP Coding Group" action="confirmed" date="1997-03-26"/>
  </code>
  <code code="CCAT">
    <editdetail attribution="Reuters BIP Coding Group" action="confirmed" date="1997-03-26"/>
  </code>
</codes>
<dc element="dc.date.created" value="1997-03-26"/>
<dc element="dc.publisher" value="Reuters Holdings Plc"/>
<dc element="dc.date.published" value="1997-03-26"/>
<dc element="dc.source" value="Reuters"/>
<dc element="dc.creator.location" value="TROY, Mich."/>
<dc element="dc.creator.location.country.name" value="USA"/>
<dc element="dc.source" value="Reuters"/>
</metadata>
</newsitem>
