<?xml version="1.0" encoding="iso-8859-1" ?>
<newsitem itemid="468331" id="root" date="1997-03-26" xml:lang="en">
<title>USA: US OPTIONS FOCUS - Banks left out of euphoric market.</title>
<headline>US OPTIONS FOCUS - Banks left out of euphoric market.</headline>
<dateline>CHICAGO 1997-03-26</dateline>
<text>
<p>The banking sector took a beating on Wednesday despite a post-rate hike euphoria spreading in the overall stock market centered on technology issues, analysts said.</p>
<p>But they said it was too early to say if Tuesday's quarter point credit tightening by the Federal Reserve marked an end to bank shares' rally that started in January 1995.</p>
<p>&quot;The rolling, choppy activity near highs in most of these financial stocks, which of course have been ultra-bullish for two years, is indicative of maybe some topping activity,&quot; said Brian Belski, a vice president and analyst at Dain Bosworth.  </p>
<p>&quot;But it's too early to call them bearish,&quot; he added, noting that key support levels had yet to be broken.</p>
<p>Chase Manhattan Corp April 95.0 puts and April 100 calls were among the American Stock Exchange's most actives list, which was otherwise dominated by technology issues like Iomega Corp and Intel Corp.</p>
<p>The April 95 puts had volume of 2,438 contracts and April 100 calls traded 4,203 contracts by late trade. The stock was down 2-1/8 to 99-5/8.</p>
<p>The Philadelphia Stock Exchange (PHLX) banking index was down 10.60 to 599.86 at 1450 CST/2050 GMT.  </p>
<p>Robert Rack, a senior research analyst at Cincinnati-based Investment Research Institute, said the 50-day moving average for BKX came in at around 600, providing good support. The index had bounced off the average several times last week.</p>
<p>Rack said the key factor for the banking sector was the bond market.</p>
<p>&quot;Any stabilization in the bond market and you're going to see the banks coming together,&quot; he said.</p>
<p>BKX April 600 and 605 calls had relatively good volume of 526 and 366 contracts respectively, while April 595 and 615 puts traded more than 200 each.  </p>
<p>Earlier in the day, Raphael Soifer, banking industry analyst for Brown Brothers Harriman, cut his short-term rating on four big banks and Merril Lynch &amp; Co Inc to hold from buy, based on the market's likely reaction to the rate hike.</p>
<p>The four banks were Citicorp, BankAmerica Corp, J.P. Morgan &amp; Co Inc and Chase Manhattan.</p>
<p>Citicorp stock was down 2-1/8 to 113-5/8, BankAmerica was off 2-3/4 to 109-1/4 and J.P. Morgan lost 7/8 to 105-1/2.</p>
<p>Belski at Dain Bosworth noted that virtually all regional and money center banks had similar losses today, indicating the declines were an industry-wide reaction to higher interest rates.  </p>
<p>Besides the big Chase activity, Citicorp and BankAmerica options also had relatively healthy flows.</p>
<p>Citicorp April 105 puts had volume of 1,193 contracts, while April 115 to 120 calls and 110 to 120 puts traded a few hundred contracts each.</p>
<p>BankAmerica April 95 puts and calls had turnover of about 800 contracts each, with several other strikes trading 200 to 400 contracts.</p>
<p>Shin Kishima/Chicago Derivatives Desk ((312-408-8750))</p>
<p>E-mail: derivatives@reuters.com</p>
</text>
<copyright>(c) Reuters Limited 1997</copyright>
<metadata>
<codes class="bip:countries:1.0">
  <code code="USA">
    <editdetail attribution="Reuters BIP Coding Group" action="confirmed" date="1997-03-26"/>
  </code>
</codes>
<codes class="bip:industries:1.0">
  <code code="I33020">
    <editdetail attribution="Reuters BIP Coding Group" action="confirmed" date="1997-03-26"/>
  </code>
  <code code="I3302019">
    <editdetail attribution="Reuters BIP Coding Group" action="confirmed" date="1997-03-26"/>
  </code>
  <code code="I34531">
    <editdetail attribution="Reuters BIP Coding Group" action="confirmed" date="1997-03-26"/>
  </code>
  <code code="I81402">
    <editdetail attribution="Reuters BIP Coding Group" action="confirmed" date="1997-03-26"/>
  </code>
  <code code="I83100">
    <editdetail attribution="Reuters BIP Coding Group" action="confirmed" date="1997-03-26"/>
  </code>
</codes>
<codes class="bip:topics:1.0">
  <code code="C15">
    <editdetail attribution="Reuters BIP Coding Group" action="confirmed" date="1997-03-26"/>
  </code>
  <code code="C152">
    <editdetail attribution="Reuters BIP Coding Group" action="confirmed" date="1997-03-26"/>
  </code>
  <code code="CCAT">
    <editdetail attribution="Reuters BIP Coding Group" action="confirmed" date="1997-03-26"/>
  </code>
  <code code="M11">
    <editdetail attribution="Reuters BIP Coding Group" action="confirmed" date="1997-03-26"/>
  </code>
  <code code="MCAT">
    <editdetail attribution="Reuters BIP Coding Group" action="confirmed" date="1997-03-26"/>
  </code>
</codes>
<dc element="dc.date.created" value="1997-03-26"/>
<dc element="dc.publisher" value="Reuters Holdings Plc"/>
<dc element="dc.date.published" value="1997-03-26"/>
<dc element="dc.source" value="Reuters"/>
<dc element="dc.creator.location" value="CHICAGO"/>
<dc element="dc.creator.location.country.name" value="USA"/>
<dc element="dc.source" value="Reuters"/>
</metadata>
</newsitem>
