<?xml version="1.0" encoding="iso-8859-1" ?>
<newsitem itemid="468323" id="root" date="1997-03-26" xml:lang="en">
<title>USA: CBOE to trade options on Tele-Save on Thursday.</title>
<headline>CBOE to trade options on Tele-Save on Thursday.</headline>
<dateline>CHICAGO 1997-03-26</dateline>
<text>
<p>The Chicago Board Options Exchange (CBOE) will trade options on Tele-Save Holdings Inc on Thursday, March 27, the exchange said.</p>
<p>Tele-Save, located in New Hope, Pa., is a provider of long-distance telecommunication services to small- and medium-sized businesses.</p>
<p>Options on Tele-Save will trade on the January expiration cycle, with initial strike prices at 12-1/2, 15 and 17-1/2.</p>
<p>((Derivatives desk 312-408-8750))E-mail derivatives@reuters.com</p>
</text>
<copyright>(c) Reuters Limited 1997</copyright>
<metadata>
<codes class="bip:countries:1.0">
  <code code="USA">
    <editdetail attribution="Reuters BIP Coding Group" action="confirmed" date="1997-03-26"/>
  </code>
</codes>
<codes class="bip:industries:1.0">
  <code code="I79020">
    <editdetail attribution="Reuters BIP Coding Group" action="confirmed" date="1997-03-26"/>
  </code>
</codes>
<codes class="bip:topics:1.0">
  <code code="C14">
    <editdetail attribution="Reuters BIP Coding Group" action="confirmed" date="1997-03-26"/>
  </code>
  <code code="C15">
    <editdetail attribution="Reuters BIP Coding Group" action="confirmed" date="1997-03-26"/>
  </code>
  <code code="C152">
    <editdetail attribution="Reuters BIP Coding Group" action="confirmed" date="1997-03-26"/>
  </code>
  <code code="CCAT">
    <editdetail attribution="Reuters BIP Coding Group" action="confirmed" date="1997-03-26"/>
  </code>
</codes>
<dc element="dc.date.created" value="1997-03-26"/>
<dc element="dc.publisher" value="Reuters Holdings Plc"/>
<dc element="dc.date.published" value="1997-03-26"/>
<dc element="dc.source" value="Reuters"/>
<dc element="dc.creator.location" value="CHICAGO"/>
<dc element="dc.creator.location.country.name" value="USA"/>
<dc element="dc.source" value="Reuters"/>
</metadata>
</newsitem>
