<?xml version="1.0" encoding="iso-8859-1" ?>
<newsitem itemid="468380" id="root" date="1997-03-26" xml:lang="en">
<title>USA: La. evacuates workers after fumes near barge.</title>
<headline>La. evacuates workers after fumes near barge.</headline>
<dateline>NEW YORK 1997-03-26</dateline>
<text>
<p>Thousands of Louisiana state workers were being evacuated after gases near a petrochemical spill on the Mississippi made some feel ill, a spokesperson for the governor said Wednesday.</p>
<p>&quot;We're not sure that it is benzene but there is a strange smell that is making some employees suffer from dizzinesss and blurry vision,&quot; said Angele Davis, deputy commissioner for communications at Louisiana governor Murphy Foster's office.</p>
<p>&quot;We've talked with state police and are mandating that downtown state employees located along the river be evacuated. It does not affect the state capital, that decision is being left up to governor, the speaker of the house and the president of the state senate,&quot; Davis said.</p>
<p>The incident occured at approximately 1030 EST and there are approximately &quot;a couple of thousand&quot; workers affected by the evacuation, Davis added.</p>
<p>The Department of Environmental Quality and the state police were looking into the cause, she said.</p>
<p>She said it wasn't clear if the apparent gas leak was related to a grounded barge near Baton Rouge which was leaking benzene and toulene, toxic petrochemicals.</p>
<p>The barge broke loose and was beached last week when the surging Mississippi made navigation more difficult.</p>
<p>--((New York Energy Desk, +1 212 859 1623))</p>
</text>
<copyright>(c) Reuters Limited 1997</copyright>
<metadata>
<codes class="bip:countries:1.0">
  <code code="USA">
    <editdetail attribution="Reuters BIP Coding Group" action="confirmed" date="1997-03-26"/>
  </code>
</codes>
<codes class="bip:topics:1.0">
  <code code="C42">
    <editdetail attribution="Reuters BIP Coding Group" action="confirmed" date="1997-03-26"/>
  </code>
  <code code="CCAT">
    <editdetail attribution="Reuters BIP Coding Group" action="confirmed" date="1997-03-26"/>
  </code>
  <code code="E41">
    <editdetail attribution="Reuters BIP Coding Group" action="confirmed" date="1997-03-26"/>
  </code>
  <code code="ECAT">
    <editdetail attribution="Reuters BIP Coding Group" action="confirmed" date="1997-03-26"/>
  </code>
  <code code="GCAT">
    <editdetail attribution="Reuters BIP Coding Group" action="confirmed" date="1997-03-26"/>
  </code>
  <code code="GDIS">
    <editdetail attribution="Reuters BIP Coding Group" action="confirmed" date="1997-03-26"/>
  </code>
  <code code="GJOB">
    <editdetail attribution="Reuters BIP Coding Group" action="confirmed" date="1997-03-26"/>
  </code>
</codes>
<dc element="dc.date.created" value="1997-03-26"/>
<dc element="dc.publisher" value="Reuters Holdings Plc"/>
<dc element="dc.date.published" value="1997-03-26"/>
<dc element="dc.source" value="Reuters"/>
<dc element="dc.creator.location" value="NEW YORK"/>
<dc element="dc.creator.location.country.name" value="USA"/>
<dc element="dc.source" value="Reuters"/>
</metadata>
</newsitem>
