<?xml version="1.0" encoding="iso-8859-1" ?>
<newsitem itemid="468342" id="root" date="1997-03-26" xml:lang="en">
<title>USA: RJR says FTC asks for no new Joe Camel data.</title>
<headline>RJR says FTC asks for no new Joe Camel data.</headline>
<dateline>WINSTON-SALEM, N.C. 1997-03-26</dateline>
<text>
<p>R.J. Reynolds Tobacco Co said on Wednesday that the U.S. Federal Trade Commission has not asked any new questions about the company's Joe Camel advertising campaign.</p>
<p>The Wall Street Journal reported today that U.S. Federal Trade Commission staff members are asking the agency to bring an unfair advertising case against the tobacco company for aiming its advertising at youths.</p>
<p>R.J. Reynolds, a unit of RJR Nabisco Holdings Corp, said there has been no substantive research since June 1994 that would change an earlier FTC study on the matter.  </p>
<p>RJR said the FTC found in 1994 that there was no basis for the company to file a complaint against the Joe Camel campaign.</p>
<p>RJR said 95 percent of youths aged 10 through 17 recognized Joe Camel as a logo for cigarettes in a 1994 study. Of the 1,100 youths surveyed, 97 percent had extremely negative views about cigarettes, it said.</p>
</text>
<copyright>(c) Reuters Limited 1997</copyright>
<metadata>
<codes class="bip:countries:1.0">
  <code code="USA">
    <editdetail attribution="Reuters BIP Coding Group" action="confirmed" date="1997-03-26"/>
  </code>
</codes>
<codes class="bip:industries:1.0">
  <code code="I42900">
    <editdetail attribution="Reuters BIP Coding Group" action="confirmed" date="1997-03-26"/>
  </code>
  <code code="I83800">
    <editdetail attribution="Reuters BIP Coding Group" action="confirmed" date="1997-03-26"/>
  </code>
</codes>
<codes class="bip:topics:1.0">
  <code code="C13">
    <editdetail attribution="Reuters BIP Coding Group" action="confirmed" date="1997-03-26"/>
  </code>
  <code code="C32">
    <editdetail attribution="Reuters BIP Coding Group" action="confirmed" date="1997-03-26"/>
  </code>
  <code code="CCAT">
    <editdetail attribution="Reuters BIP Coding Group" action="confirmed" date="1997-03-26"/>
  </code>
</codes>
<dc element="dc.date.created" value="1997-03-26"/>
<dc element="dc.publisher" value="Reuters Holdings Plc"/>
<dc element="dc.date.published" value="1997-03-26"/>
<dc element="dc.source" value="Reuters"/>
<dc element="dc.creator.location" value="WINSTON-SALEM, N.C."/>
<dc element="dc.creator.location.country.name" value="USA"/>
<dc element="dc.source" value="Reuters"/>
</metadata>
</newsitem>
