<?xml version="1.0" encoding="iso-8859-1" ?>
<newsitem itemid="468354" id="root" date="1997-03-26" xml:lang="en">
<title>USA: Cleveland, Continental unveil airport expansion.</title>
<headline>Cleveland, Continental unveil airport expansion.</headline>
<dateline>CHICAGO 1997-03-26</dateline>
<text>
<p>Cleveland and Continental Airlines officials announced Wednesday a $120 million bond-financed expansion of Cleveland Hopkins International Airport.</p>
<p>The expansion, unveiled by Mayor Michael White and Continental Chairman and Chief Executive Officer Gordon Bethune at a Cleveland news conference, calls for a $80 million regional jet concourse for the Houston-based airlines' new ExpressJet service and other facility improvements.  </p>
<p>The project will be financed with a combination of special revenue bonds Cleveland plans to issue and Continental will be solely responsible for paying off, and general airport revenue bonds, according to a joint news release from the city and the airline.</p>
<p>((--Karen Pierog, 312-408-8647))</p>
</text>
<copyright>(c) Reuters Limited 1997</copyright>
<metadata>
<codes class="bip:countries:1.0">
  <code code="USA">
    <editdetail attribution="Reuters BIP Coding Group" action="confirmed" date="1997-03-26"/>
  </code>
</codes>
<codes class="bip:industries:1.0">
  <code code="I75000">
    <editdetail attribution="Reuters BIP Coding Group" action="confirmed" date="1997-03-26"/>
  </code>
  <code code="I76400">
    <editdetail attribution="Reuters BIP Coding Group" action="confirmed" date="1997-03-26"/>
  </code>
</codes>
<codes class="bip:topics:1.0">
  <code code="C17">
    <editdetail attribution="Reuters BIP Coding Group" action="confirmed" date="1997-03-26"/>
  </code>
  <code code="C172">
    <editdetail attribution="Reuters BIP Coding Group" action="confirmed" date="1997-03-26"/>
  </code>
  <code code="C24">
    <editdetail attribution="Reuters BIP Coding Group" action="confirmed" date="1997-03-26"/>
  </code>
  <code code="CCAT">
    <editdetail attribution="Reuters BIP Coding Group" action="confirmed" date="1997-03-26"/>
  </code>
</codes>
<dc element="dc.date.created" value="1997-03-26"/>
<dc element="dc.publisher" value="Reuters Holdings Plc"/>
<dc element="dc.date.published" value="1997-03-26"/>
<dc element="dc.source" value="Reuters"/>
<dc element="dc.creator.location" value="CHICAGO"/>
<dc element="dc.creator.location.country.name" value="USA"/>
<dc element="dc.source" value="Reuters"/>
</metadata>
</newsitem>
