<?xml version="1.0" encoding="iso-8859-1" ?>
<newsitem itemid="468491" id="root" date="1997-03-26" xml:lang="en">
<title>USA: IBP to buy Foodbrands for $640 mln.</title>
<headline>IBP to buy Foodbrands for $640 mln.</headline>
<dateline>DAKOTA CITY, Neb. 1997-03-26</dateline>
<text>
<p>U.S. meat producer IBP Inc said Wednesday it had agreed to buy Foodbrands America Inc for $23.40 cash per share in a transaction valued at $640 million, including Foodbrands debt.</p>
<p>Foodbrands makes, markets and distributes frozen and refrigerated products to the away-from-home food preparation market, the companies said.  </p>
<p>IBP said the acquisition will increase its presence in the foodservice industry, advance its strategy of diversifying beyond the core fresh meat processing business, and extended its product base.</p>
<p>IBP said that on April 1 it would commence a cash tender offer for the 12.47 million Foodbrands shares outstanding.</p>
<p>Foodbrands's largest shareholders, Joseph Littlejohn and Levy Ltd Partnerships, which together own about 44 percent of Foodbrands's stock, have agreed to tender their shares, IBP said.  </p>
<p>The next largest Foodbrands shareholder, Airlie Group, has also agreed to tender, the company said.</p>
<p>&quot;We have been exploring ways to capitalize on the trend by Americans of spending more on food prepared outside the home than on groceries to prepare at home,&quot; IBP Chairman Robert Peterson said.</p>
<p>&quot;The addition of Foodbrands's business is a perfect complement to IBP's core processing business and will allow us to further extend our reach into restaurants and supermarket deli cases with high-quality branded products.&quot;  </p>
<p>IBP said it intended to operate Foodbrands as a largely independent business, bringing its 3,300 managers and employees into IBP.</p>
<p>The transaction has been approved by the boards of both companies and is expected to close in the second quarter, the companies said. The deal is subject to certain regulatory approvals, they said.</p>
<p>Foodbrands, based in Oklahoma City, produces over 1,600 branded and custom products, including pizza toppings and crusts, burritos, frozen stuffed pastas, breaded appetizers, soups, sauces and side dishes, as well as deli meats and processed beef, poultry and pork. Its customers include restaurant chains, foodservice distributors, warehouse clubs and grocery store delicatessens.</p>
<p>((--New York Newsdesk 212-859-1610))</p>
</text>
<copyright>(c) Reuters Limited 1997</copyright>
<metadata>
<codes class="bip:countries:1.0">
  <code code="USA">
    <editdetail attribution="Reuters BIP Coding Group" action="confirmed" date="1997-03-26"/>
  </code>
</codes>
<codes class="bip:industries:1.0">
  <code code="I41000">
    <editdetail attribution="Reuters BIP Coding Group" action="confirmed" date="1997-03-26"/>
  </code>
</codes>
<codes class="bip:topics:1.0">
  <code code="C18">
    <editdetail attribution="Reuters BIP Coding Group" action="confirmed" date="1997-03-26"/>
  </code>
  <code code="C181">
    <editdetail attribution="Reuters BIP Coding Group" action="confirmed" date="1997-03-26"/>
  </code>
  <code code="CCAT">
    <editdetail attribution="Reuters BIP Coding Group" action="confirmed" date="1997-03-26"/>
  </code>
</codes>
<dc element="dc.date.created" value="1997-03-26"/>
<dc element="dc.publisher" value="Reuters Holdings Plc"/>
<dc element="dc.date.published" value="1997-03-26"/>
<dc element="dc.source" value="Reuters"/>
<dc element="dc.creator.location" value="DAKOTA CITY, Neb."/>
<dc element="dc.creator.location.country.name" value="USA"/>
<dc element="dc.source" value="Reuters"/>
</metadata>
</newsitem>
