<?xml version="1.0" encoding="iso-8859-1" ?>
<newsitem itemid="468455" id="root" date="1997-03-26" xml:lang="en">
<title>USA: Physicians Resource Group Inc Q4 profit.</title>
<headline>Physicians Resource Group Inc Q4 profit.</headline>
<dateline>DALLAS 1997-03-26</dateline>
<text>
<p>(In Thousands, Except Per Share Amounts)</p>
<p>				  Fourth Quarter	   Year</p>
<p>				 1995	1996     1995	 1996</p>
<p> REVENUES		  $28,448  $84,902   $89,967   $248,293</p>
<p> COST AND EXPENSES     (29,464) (76,434)  (88,157)  (233,351)</p>
<p>INCOME (LOSS) BEFORE INCOME TAXES AND EXTRAORDINARY</p>
<p> ITEM			 (1,016)   8,468     1,810     14,942</p>
<p>(PROVISION)/ BENEFIT FOR</p>
<p> INCOME TAXES		  416   (1,622)     (501)    (7,770)</p>
<p>NET INCOME (LOSS) BEFORE</p>
<p> EXTRAORDINARY ITEM	 (600)   6,846     1,309	7,172</p>
<p> EXTRAORDINARY ITEM	 (119)	--	(119)	   --</p>
<p> NET INCOME (LOSS)	  (719)   6,846     1,190	7,172</p>
<p> PROFIT (LOSS) PER SHARE  (.04)   .24(*)	 .09	  .28</p>
<p> AVERAGE SHARES	    16,069   28,879    12,723     25,365</p>
<p>* Income exclusive of non-recurring tax benefits recognized during the quarter associated with pooling transaction expenses and exclusive of certain defense costs associated with certain patent litigation involving refractive eye surgery would have been $5.93 million or $.21 per share.</p>
</text>
<copyright>(c) Reuters Limited 1997</copyright>
<metadata>
<codes class="bip:countries:1.0">
  <code code="USA">
    <editdetail attribution="Reuters BIP Coding Group" action="confirmed" date="1997-03-26"/>
  </code>
</codes>
<codes class="bip:industries:1.0">
  <code code="I95100">
    <editdetail attribution="Reuters BIP Coding Group" action="confirmed" date="1997-03-26"/>
  </code>
</codes>
<codes class="bip:topics:1.0">
  <code code="C15">
    <editdetail attribution="Reuters BIP Coding Group" action="confirmed" date="1997-03-26"/>
  </code>
  <code code="C151">
    <editdetail attribution="Reuters BIP Coding Group" action="confirmed" date="1997-03-26"/>
  </code>
  <code code="C1511">
    <editdetail attribution="Reuters BIP Coding Group" action="confirmed" date="1997-03-26"/>
  </code>
  <code code="CCAT">
    <editdetail attribution="Reuters BIP Coding Group" action="confirmed" date="1997-03-26"/>
  </code>
</codes>
<dc element="dc.date.created" value="1997-03-26"/>
<dc element="dc.publisher" value="Reuters Holdings Plc"/>
<dc element="dc.date.published" value="1997-03-26"/>
<dc element="dc.source" value="Reuters"/>
<dc element="dc.creator.location" value="DALLAS"/>
<dc element="dc.creator.location.country.name" value="USA"/>
<dc element="dc.source" value="Reuters"/>
</metadata>
</newsitem>
