<?xml version="1.0" encoding="iso-8859-1" ?>
<newsitem itemid="468433" id="root" date="1997-03-26" xml:lang="en">
<title>USA: Lincoln Natl confirms possible unit sale.</title>
<headline>Lincoln Natl confirms possible unit sale.</headline>
<dateline>FORT WAYNE, Ind. 1997-03-26</dateline>
<text>
<p>Lincoln National Corp confirmed Wednesday it is considering selling its 83.3 percent-owned American States Financial Corp property-casualty business.</p>
<p>&quot;Lincoln National supports the efforts of American States Financial to explore its strategic options,&quot; Lincoln National Chairman Ian Rolland said in a statement.  </p>
<p>&quot;Lincoln National is evolving from a multi-line insurer into a focused financial services company. For the last five years, Lincoln National has been sharpening its focus on its core wealth accumulation and wealth protection businesses to enhance shareholder value,&quot; Rolland said.</p>
<p>&quot;Any proceeds from a sale of American States would be used by Lincoln National to accelerate the profitable growth of our core businesses,&quot; he said.</p>
<p>Lincoln National owns and operates financial services businesses that provide annuities, life insurance, life-health reinsurance and property-casualty insurance.  </p>
<p>In a statement released from its Indianapolis headquarters, American States said it had hired Goldman Sachs &amp; Co to assist it in exploring strategic options, including the possible sale of the company.</p>
<p>&quot;Consolidation trends in the property-casualty industry may make this an opportune time to fully realize the value of the company,&quot; said Robert Anker, American States chairman and chief executive officer.</p>
<p>&quot;We do not intend to make any further statement until the process is complete,&quot; he said.</p>
<p>American States is a holding company that, through its subsidiaries, writes business and personal insurance, principally in 43 states, through a nationwide network of 4,800 independent insurance agents.</p>
<p>((--Chicago Newsdesk 312 408 8787))</p>
</text>
<copyright>(c) Reuters Limited 1997</copyright>
<metadata>
<codes class="bip:countries:1.0">
  <code code="USA">
    <editdetail attribution="Reuters BIP Coding Group" action="confirmed" date="1997-03-26"/>
  </code>
</codes>
<codes class="bip:industries:1.0">
  <code code="I82002">
    <editdetail attribution="Reuters BIP Coding Group" action="confirmed" date="1997-03-26"/>
  </code>
</codes>
<codes class="bip:topics:1.0">
  <code code="C18">
    <editdetail attribution="Reuters BIP Coding Group" action="confirmed" date="1997-03-26"/>
  </code>
  <code code="C181">
    <editdetail attribution="Reuters BIP Coding Group" action="confirmed" date="1997-03-26"/>
  </code>
  <code code="CCAT">
    <editdetail attribution="Reuters BIP Coding Group" action="confirmed" date="1997-03-26"/>
  </code>
</codes>
<dc element="dc.date.created" value="1997-03-26"/>
<dc element="dc.publisher" value="Reuters Holdings Plc"/>
<dc element="dc.date.published" value="1997-03-26"/>
<dc element="dc.source" value="Reuters"/>
<dc element="dc.creator.location" value="FORT WAYNE, Ind."/>
<dc element="dc.creator.location.country.name" value="USA"/>
<dc element="dc.source" value="Reuters"/>
</metadata>
</newsitem>
