<?xml version="1.0" encoding="iso-8859-1" ?>
<newsitem itemid="468480" id="root" date="1997-03-26" xml:lang="en">
<title>USA: U.S. Bancorp acquisition back on track.</title>
<headline>U.S. Bancorp acquisition back on track.</headline>
<dateline>PORTLAND, Ore. 1997-03-26</dateline>
<text>
<p>U.S. Bancorp said Wednesday its merger deal with Business &amp; Professional Bank of California was back on track.</p>
<p>U.S. Bancorp said it had withdrawn its &quot;material adverse change&quot; declaration concerning the transaction.</p>
<p>Business and Professional, a $210 million bank serving Yolo and Sacramento counties in California, is to be acquired by U.S. Bancorp's U.S. Bank of California.  </p>
<p>On February 14 U.S. Bancorp said Business &amp; Professional proxy materials concerning the $35 million merger had included information on certain borrowers that created a &quot;material adverse change&quot; in the merger agreement.</p>
<p>U.S. Bancorp asked Business &amp; Professional to cure effects of the disclosure within 45 days..</p>
<p>Today, U.S. Bancorp said the inclusion of the borrower information was &quot;inadvertent&quot; and that Business &amp; Professional had resovled the situation quickly and efficiently.</p>
<p>U.S. Bancorp itself is being acquired by First Bank System Inc in a deal worth about $9 billion.</p>
</text>
<copyright>(c) Reuters Limited 1997</copyright>
<metadata>
<codes class="bip:countries:1.0">
  <code code="USA">
    <editdetail attribution="Reuters BIP Coding Group" action="confirmed" date="1997-03-26"/>
  </code>
</codes>
<codes class="bip:industries:1.0">
  <code code="I81402">
    <editdetail attribution="Reuters BIP Coding Group" action="confirmed" date="1997-03-26"/>
  </code>
</codes>
<codes class="bip:topics:1.0">
  <code code="C18">
    <editdetail attribution="Reuters BIP Coding Group" action="confirmed" date="1997-03-26"/>
  </code>
  <code code="C181">
    <editdetail attribution="Reuters BIP Coding Group" action="confirmed" date="1997-03-26"/>
  </code>
  <code code="CCAT">
    <editdetail attribution="Reuters BIP Coding Group" action="confirmed" date="1997-03-26"/>
  </code>
</codes>
<dc element="dc.date.created" value="1997-03-26"/>
<dc element="dc.publisher" value="Reuters Holdings Plc"/>
<dc element="dc.date.published" value="1997-03-26"/>
<dc element="dc.source" value="Reuters"/>
<dc element="dc.creator.location" value="PORTLAND, Ore."/>
<dc element="dc.creator.location.country.name" value="USA"/>
<dc element="dc.source" value="Reuters"/>
</metadata>
</newsitem>
