<?xml version="1.0" encoding="iso-8859-1" ?>
<newsitem itemid="468449" id="root" date="1997-03-26" xml:lang="en">
<title>USA: J.P. Morgan ups prime rate to 8.50 pct.</title>
<headline>J.P. Morgan ups prime rate to 8.50 pct.</headline>
<dateline>NEW YORK 1997-03-26</dateline>
<text>
<p>J.P. Morgan and Co's Morgan Guaranty Trust raised its prime lending rate to 8.50 percent from 8.25 percent effective immeaditely, the bank said on Wednesday.</p>
<p>The move follows a decision by the Federal Reserve on Tuesday to raise the federal funds rate by 25 basis points to 5.50 percent and to leave the discount unchanged.  A number of other banks have also raised their prime rates to 8.50 percent.</p>
<p>Before Tuesday's move, the Fed had last altered monetary policy on January 31, 1996, when it lowered both the federal funds rate and the discount rate by 25 basis points.</p>
<p>(( -- N.A. Treasury Desk, 212-859-1660 ))</p>
</text>
<copyright>(c) Reuters Limited 1997</copyright>
<metadata>
<codes class="bip:countries:1.0">
  <code code="USA">
    <editdetail attribution="Reuters BIP Coding Group" action="confirmed" date="1997-03-26"/>
  </code>
</codes>
<codes class="bip:industries:1.0">
  <code code="I83100">
    <editdetail attribution="Reuters BIP Coding Group" action="confirmed" date="1997-03-26"/>
  </code>
</codes>
<codes class="bip:topics:1.0">
  <code code="C31">
    <editdetail attribution="Reuters BIP Coding Group" action="confirmed" date="1997-03-26"/>
  </code>
  <code code="CCAT">
    <editdetail attribution="Reuters BIP Coding Group" action="confirmed" date="1997-03-26"/>
  </code>
</codes>
<dc element="dc.date.created" value="1997-03-26"/>
<dc element="dc.publisher" value="Reuters Holdings Plc"/>
<dc element="dc.date.published" value="1997-03-26"/>
<dc element="dc.source" value="Reuters"/>
<dc element="dc.creator.location" value="NEW YORK"/>
<dc element="dc.creator.location.country.name" value="USA"/>
<dc element="dc.source" value="Reuters"/>
</metadata>
</newsitem>
