<?xml version="1.0" encoding="iso-8859-1" ?>
<newsitem itemid="468448" id="root" date="1997-03-26" xml:lang="en">
<title>USA: WorldCom $1.5 bln U.S. corp bond deal to set tone.</title>
<headline>WorldCom $1.5 bln U.S. corp bond deal to set tone.</headline>
<dateline>NEW YORK 1997-03-26</dateline>
<text>
<p>A large debt offering by WorldCom Inc on Wednesday is likely to set the tone for the U.S. corporate bond market following yesterday's Federal Reserve interest rate hike, said market players.</p>
<p>WorldCom, a large U.S. telephone company, is preparing to sell $1.5 billion in senior notes via Salomon Brothers Inc.</p>
<p>The deal will consist of $300-$400 million seven-year notes with price talk of 80-85 basis points over Treasuries; $700-$800 million ten-year notes with price talk of 93-95 basis points over; and $300-$400 million 30-year bonds putable in the twelfth year with price talk in the mid-90s.  </p>
<p>The offering of Ba1/BBB-minus-rated debt is the first since WorldCom purchased MFS Communications Inc last year.</p>
<p>&quot;If this deal goes well, it could give the market a bit of confidence, and if not, the market will be a bit concerned about supply coming out,&quot; said one syndicate official.</p>
<p>But another official said no matter what the outcome of the WorldCom deal, the new issue market would be sluggish and unsettled until March employment numbers come out on April 4.</p>
<p>&quot;Everyone will on pins and needles until the employment report because it will show if we are likely to see more Fed tightening.&quot;  </p>
<p>&quot;Once you have the slate cleared, then you could see issuance pick up during the week of April 7,&quot; he added.</p>
<p>Other high-grade debt deals expected for Wednesday are:</p>
<p>-Millipore Corp's offering of $100 million in five-year debt and $100 million in 10-year debt via JP Morgan Securities. Price talk is 55 basis points over Treasuries for the five-year tranche and 75 basis points over for the ten-year tranche, market sources said.</p>
<p>-Conseco Inc's offering of $300 million in 30-year bullet capital securities via Donaldson, Lufkin and Jenrette.  </p>
<p>The new issue market for junk bonds is expected to continue at a steady pace over the next several weeks.</p>
<p>But market sources said the Fed's rate increase will make the market for zero coupon  and lower credit-quality deals even less friendly environment.</p>
<p>Del Monte Foods is expected to sell $215 million in 10-year senior subordinated notes on Wednesday in connection with a leveraged buyout of the company by Texas Pacific Group, said market sources.</p>
<p>Price talk on the B-minus-rated notes is 10 percent to 10.25 percent, market sources said.  </p>
<p>Other junk deals expected for Wednesday include a $165 million offering from Cross Timbers Oil Co via Merrill Lynch &amp; Co and a $120 million deal from Continental Global Group Inc via DLJ.</p>
<p>Corporate bond players said yesterday's negative bond market reaction to the Federal Reserve's move has made the outlook for the new issue market less certain.</p>
<p>While most market players had expected the Fed to hike rates by 25 basis points on Tuesday, many were caught off-guard by comments made by the Fed that suggested additional interest rate hikes may follow.</p>
<p>((-Douglas Brown, 212-859-1662))</p>
</text>
<copyright>(c) Reuters Limited 1997</copyright>
<metadata>
<codes class="bip:countries:1.0">
  <code code="USA">
    <editdetail attribution="Reuters BIP Coding Group" action="confirmed" date="1997-03-26"/>
  </code>
</codes>
<codes class="bip:topics:1.0">
  <code code="M12">
    <editdetail attribution="Reuters BIP Coding Group" action="confirmed" date="1997-03-26"/>
  </code>
  <code code="MCAT">
    <editdetail attribution="Reuters BIP Coding Group" action="confirmed" date="1997-03-26"/>
  </code>
</codes>
<dc element="dc.date.created" value="1997-03-26"/>
<dc element="dc.publisher" value="Reuters Holdings Plc"/>
<dc element="dc.date.published" value="1997-03-26"/>
<dc element="dc.source" value="Reuters"/>
<dc element="dc.creator.location" value="NEW YORK"/>
<dc element="dc.creator.location.country.name" value="USA"/>
<dc element="dc.source" value="Reuters"/>
</metadata>
</newsitem>
