<?xml version="1.0" encoding="iso-8859-1" ?>
<newsitem itemid="468479" id="root" date="1997-03-26" xml:lang="en">
<title>USA: MCI wins US Postal network management deal.</title>
<headline>MCI wins US Postal network management deal.</headline>
<dateline>MCLEAN, Va. 1997-03-26</dateline>
<text>
<p>MCI Communications Corp said the U.S. Postal Service had agreed to a five-year Managed Network Services (MNS) contract with a guaranteed value of at least $100 million and a potential value of up to $3 billion.</p>
<p>The network management contract calls for MCI to provide the Postal Service an array of telecommunications services and represents MCI's largest contract award to date, it said.</p>
<p>The five-year deal has two three-year renewal options that could allow the contract to run for up to 11 years. As part of the deal, MCI will establish and manage a telecommunications network to connect up to 34,000 Postal Service locations.  </p>
<p>MCI was the lead contractor on the deal. Other suppliers on the network contract team include Cisco Systems Inc, DynCorp I&amp;ET Inc, Digital Equipment Corp and JIL Information Systems Inc.</p>
<p>The award is an indefinite delivery, indefinite quantity contract, the company said.</p>
<p>MCI said the managed network operations will improve post office customer service by streamlining operations and creating mechanisms for providing new types of services.</p>
<p>The managed network program will improve the Postal Service's access to data and information across multiple computer systems, provide centralized software distribution and help-desk technical support.</p>
<p>&quot;The MCI network will give us the availability and responsiveness we need to meet our customers' expectations,&quot; said Rick Weirich, vice president of information services for the Postal Service.</p>
<p>-- E. Auchard, New York newsdesk, 212-859-1736</p>
</text>
<copyright>(c) Reuters Limited 1997</copyright>
<metadata>
<codes class="bip:countries:1.0">
  <code code="USA">
    <editdetail attribution="Reuters BIP Coding Group" action="confirmed" date="1997-03-26"/>
  </code>
</codes>
<codes class="bip:industries:1.0">
  <code code="I79010">
    <editdetail attribution="Reuters BIP Coding Group" action="confirmed" date="1997-03-26"/>
  </code>
  <code code="I79020">
    <editdetail attribution="Reuters BIP Coding Group" action="confirmed" date="1997-03-26"/>
  </code>
</codes>
<codes class="bip:topics:1.0">
  <code code="C33">
    <editdetail attribution="Reuters BIP Coding Group" action="confirmed" date="1997-03-26"/>
  </code>
  <code code="CCAT">
    <editdetail attribution="Reuters BIP Coding Group" action="confirmed" date="1997-03-26"/>
  </code>
</codes>
<dc element="dc.date.created" value="1997-03-26"/>
<dc element="dc.publisher" value="Reuters Holdings Plc"/>
<dc element="dc.date.published" value="1997-03-26"/>
<dc element="dc.source" value="Reuters"/>
<dc element="dc.creator.location" value="MCLEAN, Va."/>
<dc element="dc.creator.location.country.name" value="USA"/>
<dc element="dc.source" value="Reuters"/>
</metadata>
</newsitem>
