<?xml version="1.0" encoding="iso-8859-1" ?>
<newsitem itemid="468414" id="root" date="1997-03-26" xml:lang="en">
<title>USA: Conseco Financing Trust sets capital securities.</title>
<headline>Conseco Financing Trust sets capital securities.</headline>
<dateline>NEW YORK 1997-03-26</dateline>
<text>
<p>The following issue from Conseco Financing Trust III was priced on Wednesday, according to lead manager Donaldson Lufkin &amp; Jenrette Securities.</p>
<p>BORROWER CONSECO FINANCING TRUST III</p>
<p>AMT $300 MLN	   COUPON 8.796	MATURITY 04/01/27</p>
<p>TYPE CAPITAL SECS    ISS PRICE 100.00  FIRST PAY DATE</p>
<p>LAST MOODY'S NRATED  YIELD  8.796	PAY FREQ</p>
<p>LAST S&amp;P BBB-MINUS   SPREAD +175 BPS   CALLABLE NO</p>
<p>*ISSUE HAS MAKE-WHOLE CALL AT 50 BPS OVER TREASURIES</p>
<p>((--U.S. Corporate Bond Unit, 212 859-1675))</p>
</text>
<copyright>(c) Reuters Limited 1997</copyright>
<metadata>
<codes class="bip:countries:1.0">
  <code code="USA">
    <editdetail attribution="Reuters BIP Coding Group" action="confirmed" date="1997-03-26"/>
  </code>
</codes>
<codes class="bip:industries:1.0">
  <code code="I82002">
    <editdetail attribution="Reuters BIP Coding Group" action="confirmed" date="1997-03-26"/>
  </code>
  <code code="I83100">
    <editdetail attribution="Reuters BIP Coding Group" action="confirmed" date="1997-03-26"/>
  </code>
</codes>
<codes class="bip:topics:1.0">
  <code code="C17">
    <editdetail attribution="Reuters BIP Coding Group" action="confirmed" date="1997-03-26"/>
  </code>
  <code code="C172">
    <editdetail attribution="Reuters BIP Coding Group" action="confirmed" date="1997-03-26"/>
  </code>
  <code code="CCAT">
    <editdetail attribution="Reuters BIP Coding Group" action="confirmed" date="1997-03-26"/>
  </code>
</codes>
<dc element="dc.date.created" value="1997-03-26"/>
<dc element="dc.publisher" value="Reuters Holdings Plc"/>
<dc element="dc.date.published" value="1997-03-26"/>
<dc element="dc.source" value="Reuters"/>
<dc element="dc.creator.location" value="NEW YORK"/>
<dc element="dc.creator.location.country.name" value="USA"/>
<dc element="dc.source" value="Reuters"/>
</metadata>
</newsitem>
