<?xml version="1.0" encoding="iso-8859-1" ?>
<newsitem itemid="468495" id="root" date="1997-03-26" xml:lang="en">
<title>USA: PanAmSat satellite used in India TV service.</title>
<headline>PanAmSat satellite used in India TV service.</headline>
<dateline>NEW YORK 1997-03-26</dateline>
<text>
<p>PanAmSat Corp said on Wednesday its PAS-4 Indian Ocean Regional satellite would serve as the transmission platform for STAR TV's direct-to-home television service in India.</p>
<p>STAR TV is a unit of News Corp.</p>
<p>The STAR TV service, called Sky, would use seven Ku-band transponders on the PAS-4 satellite, which can beam dozens of television channels to subscribers in India using rooftop dishes as small as 65 centimetres in diameter, it said.  </p>
<p>&quot;Given the strong market response to this satellite, PanAmSat looks forward to expanding its services in the Indian Ocean region with the upcoming launch of the PAS-7 satellite,&quot; Frederick Landman, PanAmSat's president and chief executive officer, said.</p>
<p>PanAmSat said it conducted extensive tests of PAS-4's ability to provide high-quality, reliable direct-to-home transmissions to India in all weather conditions.</p>
<p>PAS-4, launched in August 1995, is located at 68.5 degrees east longitude and contains 16 C-band and 24 Ku-band transponders, the company said.</p>
<p>The satellite was also the transmission platform for direct-to-home services in South Africa and the Middle East, PanAmSat said.</p>
<p>PanAmSat said it would expand its satellite services in the Indian Ocean region with the launch of the PAS-7 satellite, scheduled for early 1998.</p>
<p>The PAS-7 satellite would be located in the same orbital position as PAS-4 to facilitate television channel expansion both for C-band program distribution and Ku-band direct-to-home services, the company said.</p>
<p>((New York newsdesk 212-859-1610))</p>
</text>
<copyright>(c) Reuters Limited 1997</copyright>
<metadata>
<codes class="bip:countries:1.0">
  <code code="INDIA">
    <editdetail attribution="Reuters BIP Coding Group" action="confirmed" date="1997-03-26"/>
  </code>
  <code code="USA">
    <editdetail attribution="Reuters BIP Coding Group" action="confirmed" date="1997-03-26"/>
  </code>
</codes>
<codes class="bip:industries:1.0">
  <code code="I47500">
    <editdetail attribution="Reuters BIP Coding Group" action="confirmed" date="1997-03-26"/>
  </code>
  <code code="I79020">
    <editdetail attribution="Reuters BIP Coding Group" action="confirmed" date="1997-03-26"/>
  </code>
  <code code="I9741110">
    <editdetail attribution="Reuters BIP Coding Group" action="confirmed" date="1997-03-26"/>
  </code>
</codes>
<codes class="bip:topics:1.0">
  <code code="C33">
    <editdetail attribution="Reuters BIP Coding Group" action="confirmed" date="1997-03-26"/>
  </code>
  <code code="CCAT">
    <editdetail attribution="Reuters BIP Coding Group" action="confirmed" date="1997-03-26"/>
  </code>
</codes>
<dc element="dc.date.created" value="1997-03-26"/>
<dc element="dc.publisher" value="Reuters Holdings Plc"/>
<dc element="dc.date.published" value="1997-03-26"/>
<dc element="dc.source" value="Reuters"/>
<dc element="dc.creator.location" value="NEW YORK"/>
<dc element="dc.creator.location.country.name" value="USA"/>
<dc element="dc.source" value="Reuters"/>
</metadata>
</newsitem>
