<?xml version="1.0" encoding="iso-8859-1" ?>
<newsitem itemid="468404" id="root" date="1997-03-26" xml:lang="en">
<title>USA: IPO FILING-Advanced Communication Systems Inc.</title>
<headline>IPO FILING-Advanced Communication Systems Inc.</headline>
<dateline>WASHINGTON 1997-03-26</dateline>
<text>
<p>Company Name	    Advanced Communication Systems Inc</p>
<p>Stock symbol			ACSC.O</p>
<p>Estimated price range	   N/A</p>
<p>Total shares to be offered    2.5 million</p>
<p>Shrs offered by company	 1,850,000</p>
<p>Shrs offered by shareholders  650,000 Shrs outstanding after ipo    5,636,750</p>
<p>Lead Underwriter    A.G. Edwards &amp; Sons Inc</p>
<p>Underwriters over-allotment  375,000 shrs  </p>
<p>Business: Fairfax, Va., -based company provides communications and information technology services and solutions, predominately to U.S. government agencies and to a lesser extent commercial and international computers. Use of Proceeds: Repayment of debt, including debt incurred to finance S corporation distributions and general corporate purposes, including possible acquisitions. Financial Data in 000s year ended Sept 30:</p>
<p>				   1996		 1995</p>
<p>   - Revenue		 $31,665	    $23,724</p>
<p>   - Net Income	     $1,905		 $574</p>
</text>
<copyright>(c) Reuters Limited 1997</copyright>
<metadata>
<codes class="bip:countries:1.0">
  <code code="USA">
    <editdetail attribution="Reuters BIP Coding Group" action="confirmed" date="1997-03-26"/>
  </code>
</codes>
<codes class="bip:industries:1.0">
  <code code="I83940">
    <editdetail attribution="Reuters BIP Coding Group" action="confirmed" date="1997-03-26"/>
  </code>
</codes>
<codes class="bip:topics:1.0">
  <code code="C17">
    <editdetail attribution="Reuters BIP Coding Group" action="confirmed" date="1997-03-26"/>
  </code>
  <code code="C171">
    <editdetail attribution="Reuters BIP Coding Group" action="confirmed" date="1997-03-26"/>
  </code>
  <code code="CCAT">
    <editdetail attribution="Reuters BIP Coding Group" action="confirmed" date="1997-03-26"/>
  </code>
</codes>
<dc element="dc.date.created" value="1997-03-26"/>
<dc element="dc.publisher" value="Reuters Holdings Plc"/>
<dc element="dc.date.published" value="1997-03-26"/>
<dc element="dc.source" value="Reuters"/>
<dc element="dc.creator.location" value="WASHINGTON"/>
<dc element="dc.creator.location.country.name" value="USA"/>
<dc element="dc.source" value="Reuters"/>
</metadata>
</newsitem>
