<?xml version="1.0" encoding="iso-8859-1" ?>
<newsitem itemid="468467" id="root" date="1997-03-26" xml:lang="en">
<title>USA: Acres Gaming sees Q3 oper loss.</title>
<headline>Acres Gaming sees Q3 oper loss.</headline>
<dateline>CORVALLIS, Ore. 1997-03-26</dateline>
<text>
<p>Acres Gaming Inc said Wednesday it expects an operating loss for its fiscal third quarter, ending March 31, because shipments of its Concept III components to International Game Technology &quot;will be well below earlier expectations.&quot;</p>
<p>Acres also said it anticipates that earnings and revenues for the fourth quarter, ending June 30, will be below its previous expectations.  </p>
<p>Acres said shipments of its Concept III data collection and bonusing components to IGT have begun, and it is working to combine this with slot machine maker IGT's Smart System.</p>
<p>It said, however, that while the process of integrating, testing and obtaining regulatory approval of the combined systems is on schedule, the delivery schedule has been adjusted to coincide more closely with the commencement of IGT's shipments to customers.</p>
<p>Joe Huseonica, president of Acres, said the company was pleased with its relationship with IGT even though it had expected higher shipment volumes.  </p>
<p>On other fronts, he said Acres was making progress in end-user sales of bonusing system games and in the development of proprietary games.</p>
<p>He said Acres has received regulatory approval for installation of its Hurricane Zone product in Missouri and the company's  first proprietary game, BlackOut Poker, is nearing the end of the development and approval processes.</p>
<p>&quot;We expect it to be placed in Nevada casinos during our fourth quarter,&quot; he said.  </p>
<p>For the third quarter ended March 31, 1996, the company had revenues of $1.45 million and a net loss of $502,000, or $0.07 per share.</p>
<p>The company did not specify its previous expectations for the fourth quarter.</p>
</text>
<copyright>(c) Reuters Limited 1997</copyright>
<metadata>
<codes class="bip:countries:1.0">
  <code code="USA">
    <editdetail attribution="Reuters BIP Coding Group" action="confirmed" date="1997-03-26"/>
  </code>
</codes>
<codes class="bip:industries:1.0">
  <code code="I33020">
    <editdetail attribution="Reuters BIP Coding Group" action="confirmed" date="1997-03-26"/>
  </code>
  <code code="I3302017">
    <editdetail attribution="Reuters BIP Coding Group" action="confirmed" date="1997-03-26"/>
  </code>
  <code code="I49410">
    <editdetail attribution="Reuters BIP Coding Group" action="confirmed" date="1997-03-26"/>
  </code>
</codes>
<codes class="bip:topics:1.0">
  <code code="C15">
    <editdetail attribution="Reuters BIP Coding Group" action="confirmed" date="1997-03-26"/>
  </code>
  <code code="C152">
    <editdetail attribution="Reuters BIP Coding Group" action="confirmed" date="1997-03-26"/>
  </code>
  <code code="C31">
    <editdetail attribution="Reuters BIP Coding Group" action="confirmed" date="1997-03-26"/>
  </code>
  <code code="CCAT">
    <editdetail attribution="Reuters BIP Coding Group" action="confirmed" date="1997-03-26"/>
  </code>
</codes>
<dc element="dc.date.created" value="1997-03-26"/>
<dc element="dc.publisher" value="Reuters Holdings Plc"/>
<dc element="dc.date.published" value="1997-03-26"/>
<dc element="dc.source" value="Reuters"/>
<dc element="dc.creator.location" value="CORVALLIS, Ore."/>
<dc element="dc.creator.location.country.name" value="USA"/>
<dc element="dc.source" value="Reuters"/>
</metadata>
</newsitem>
