<?xml version="1.0" encoding="iso-8859-1" ?>
<newsitem itemid="468489" id="root" date="1997-03-26" xml:lang="en">
<title>USA: GT Interactive unit in pact with Lancit.</title>
<headline>GT Interactive unit in pact with Lancit.</headline>
<dateline>SEATTLE 1997-03-26</dateline>
<text>
<p>Humongous Entertainment, a subsidiary of GT Interactive Software Corp, and Lancit Media Entertainment Ltd said Wednesday they had agreed to create television, motion picture and home video programming based on the characters from Humongous CD-ROMs.</p>
<p>The alliance involves the characters Putt-Putt the car, Freddi Fish and Pajama Sam. Lancit will be the exclusive merchandising and licensing agent for the characters.</p>
<p>Humongous and Lancit will share net revenues from the programming sales and will participate in merchandising-related royalties from sales in product categories based on the programming and related characters, the companies said.</p>
</text>
<copyright>(c) Reuters Limited 1997</copyright>
<metadata>
<codes class="bip:countries:1.0">
  <code code="USA">
    <editdetail attribution="Reuters BIP Coding Group" action="confirmed" date="1997-03-26"/>
  </code>
</codes>
<codes class="bip:industries:1.0">
  <code code="I33020">
    <editdetail attribution="Reuters BIP Coding Group" action="confirmed" date="1997-03-26"/>
  </code>
  <code code="I3302021">
    <editdetail attribution="Reuters BIP Coding Group" action="confirmed" date="1997-03-26"/>
  </code>
  <code code="I9741112">
    <editdetail attribution="Reuters BIP Coding Group" action="confirmed" date="1997-03-26"/>
  </code>
</codes>
<codes class="bip:topics:1.0">
  <code code="C21">
    <editdetail attribution="Reuters BIP Coding Group" action="confirmed" date="1997-03-26"/>
  </code>
  <code code="C33">
    <editdetail attribution="Reuters BIP Coding Group" action="confirmed" date="1997-03-26"/>
  </code>
  <code code="CCAT">
    <editdetail attribution="Reuters BIP Coding Group" action="confirmed" date="1997-03-26"/>
  </code>
</codes>
<dc element="dc.date.created" value="1997-03-26"/>
<dc element="dc.publisher" value="Reuters Holdings Plc"/>
<dc element="dc.date.published" value="1997-03-26"/>
<dc element="dc.source" value="Reuters"/>
<dc element="dc.creator.location" value="SEATTLE"/>
<dc element="dc.creator.location.country.name" value="USA"/>
<dc element="dc.source" value="Reuters"/>
</metadata>
</newsitem>
