<?xml version="1.0" encoding="iso-8859-1" ?>
<newsitem itemid="468437" id="root" date="1997-03-26" xml:lang="en">
<title>USA: NABI says HIV-IG trial enrollment ended.</title>
<headline>NABI says HIV-IG trial enrollment ended.</headline>
<dateline>BOCA RATON, Fla. 1997-03-26</dateline>
<text>
<p>NABI said Wednesday the Data Safety Monitoring Board recommended that the National Institutes of Health discontinue patient enrollment in its Phase III clinical trial of HIV-IG because of an unexpectedly low rate of infant infection.</p>
<p>NABI said the decision was made because current therapy using AZT has reduced the rate of mother to baby HIV transmission so low that it is not feasible to show statistically significant efficacy for a combination of AZT and HIV-IG.</p>
<p>&quot;We share the NIH's gratification that the prospects for babies of HIV- infected mothers have improved so dramatically,&quot; said NABI president and chief executive David Gury. &quot;Moreover, HIV-IG may still play a role in HIV therapy, and we plan to continue our Phase II dosing study to test the product's safety and efficacy in the treatment of HIV-infected children.&quot;</p>
<p>NABI said the NIH-sponsored pediatric study of HIV-IG is fully enrolled, and completion is expected during 1997.</p>
</text>
<copyright>(c) Reuters Limited 1997</copyright>
<metadata>
<codes class="bip:countries:1.0">
  <code code="USA">
    <editdetail attribution="Reuters BIP Coding Group" action="confirmed" date="1997-03-26"/>
  </code>
</codes>
<codes class="bip:industries:1.0">
  <code code="I25700">
    <editdetail attribution="Reuters BIP Coding Group" action="confirmed" date="1997-03-26"/>
  </code>
</codes>
<codes class="bip:topics:1.0">
  <code code="C23">
    <editdetail attribution="Reuters BIP Coding Group" action="confirmed" date="1997-03-26"/>
  </code>
  <code code="CCAT">
    <editdetail attribution="Reuters BIP Coding Group" action="confirmed" date="1997-03-26"/>
  </code>
  <code code="GCAT">
    <editdetail attribution="Reuters BIP Coding Group" action="confirmed" date="1997-03-26"/>
  </code>
  <code code="GHEA">
    <editdetail attribution="Reuters BIP Coding Group" action="confirmed" date="1997-03-26"/>
  </code>
</codes>
<dc element="dc.date.created" value="1997-03-26"/>
<dc element="dc.publisher" value="Reuters Holdings Plc"/>
<dc element="dc.date.published" value="1997-03-26"/>
<dc element="dc.source" value="Reuters"/>
<dc element="dc.creator.location" value="BOCA RATON, Fla."/>
<dc element="dc.creator.location.country.name" value="USA"/>
<dc element="dc.source" value="Reuters"/>
</metadata>
</newsitem>
