<?xml version="1.0" encoding="iso-8859-1" ?>
<newsitem itemid="468429" id="root" date="1997-03-26" xml:lang="en">
<title>USA: Shorewood to sell transportation business.</title>
<headline>Shorewood to sell transportation business.</headline>
<dateline>NEW YORK 1997-03-26</dateline>
<text>
<p>Shorewood Packaging Corp said Wednesday it will sell its transportation business because it no longer fits within the company's core operations and will seek outside services for its future delivery needs.</p>
<p>Marc Shore, chairman of the company, said the business, which is operated through its Shorewood Transport Inc unit, had been lately losing money.  The unit provides freight delivery services to Shorewood Packaging and to other non-related customers.  &quot;The purpose for its existence years ago can be fulfilled today by outside freight companies without compromising the service to our customers,&quot; he said.  </p>
<p>Outsourcing the function will not only eliminate the recent operating losses, he said, but will significantly reduce the the company's future freight and delivery expenses.</p>
<p>He said that the unit's revenues generated from non-related customers for the first nine months of fiscal 1997 were $4.925 million, which resulted in an operating loss of $599,000.</p>
<p>The company said it estimates a loss arising from the disposal at approximately $800,000 or $494,000 net of taxes, translating to $.03 per share, which will be recorded in the fourth quarter.</p>
<p>Operating results for all prior periods will be restated to reflect the operations of the unit as discontinued operations, it said.</p>
<p>In so doing, it said operating results from continuing operations for fiscal 1997 will be improved.</p>
</text>
<copyright>(c) Reuters Limited 1997</copyright>
<metadata>
<codes class="bip:countries:1.0">
  <code code="USA">
    <editdetail attribution="Reuters BIP Coding Group" action="confirmed" date="1997-03-26"/>
  </code>
</codes>
<codes class="bip:industries:1.0">
  <code code="I47100">
    <editdetail attribution="Reuters BIP Coding Group" action="confirmed" date="1997-03-26"/>
  </code>
</codes>
<codes class="bip:topics:1.0">
  <code code="C18">
    <editdetail attribution="Reuters BIP Coding Group" action="confirmed" date="1997-03-26"/>
  </code>
  <code code="C181">
    <editdetail attribution="Reuters BIP Coding Group" action="confirmed" date="1997-03-26"/>
  </code>
  <code code="CCAT">
    <editdetail attribution="Reuters BIP Coding Group" action="confirmed" date="1997-03-26"/>
  </code>
</codes>
<dc element="dc.date.created" value="1997-03-26"/>
<dc element="dc.publisher" value="Reuters Holdings Plc"/>
<dc element="dc.date.published" value="1997-03-26"/>
<dc element="dc.source" value="Reuters"/>
<dc element="dc.creator.location" value="NEW YORK"/>
<dc element="dc.creator.location.country.name" value="USA"/>
<dc element="dc.source" value="Reuters"/>
</metadata>
</newsitem>
