<?xml version="1.0" encoding="iso-8859-1" ?>
<newsitem itemid="468454" id="root" date="1997-03-26" xml:lang="en">
<title>USA: Merrill Corp Q4 Jan 31 full results.</title>
<headline>Merrill Corp Q4 Jan 31 full results.</headline>
<dateline>ST. PAUL, Minn. 1997-03-26</dateline>
<text>
<p>Q4			Year</p>
<p>				1997	1996	 1997	 1996</p>
<p> Revenues	    $ 101,224    $62,696   $353,769   $245,306</p>
<p> Cost of revenues     65,067     41,645    227,478    165,765</p>
<p>  Gross profit	  38,157     21,051    126,291     79,541</p>
<p>Selling, general &amp;</p>
<p>administrative expenses</p>
<p>			    26,042     15,769     89,946     60,079</p>
<p> Other expense, net  (1,583)	(304)    (3,861)	(756)</p>
<p>Income before provision</p>
<p>  for income taxes     8,532	4,978     32,484     18,706</p>
<p>Provision for income taxes</p>
<p>			     3,986	2,141     14,645	8,044</p>
<p> Net income		4,546	2,837     17,839     10,662</p>
<p>Net income per</p>
<p>common and common</p>
<p>   equivalent shares     .55	  .36	 2.19	 1.34</p>
<p>Weighted average number</p>
<p>of common and common</p>
<p>equivalent shares</p>
<p>  outstanding	8,243,828  7,937,981  8,142,304  7,945,146</p>
<p>((--Chicago Newsdesk 312-408-8787))</p>
</text>
<copyright>(c) Reuters Limited 1997</copyright>
<metadata>
<codes class="bip:countries:1.0">
  <code code="USA">
    <editdetail attribution="Reuters BIP Coding Group" action="confirmed" date="1997-03-26"/>
  </code>
</codes>
<codes class="bip:industries:1.0">
  <code code="I47500">
    <editdetail attribution="Reuters BIP Coding Group" action="confirmed" date="1997-03-26"/>
  </code>
</codes>
<codes class="bip:topics:1.0">
  <code code="C15">
    <editdetail attribution="Reuters BIP Coding Group" action="confirmed" date="1997-03-26"/>
  </code>
  <code code="C151">
    <editdetail attribution="Reuters BIP Coding Group" action="confirmed" date="1997-03-26"/>
  </code>
  <code code="C1511">
    <editdetail attribution="Reuters BIP Coding Group" action="confirmed" date="1997-03-26"/>
  </code>
  <code code="CCAT">
    <editdetail attribution="Reuters BIP Coding Group" action="confirmed" date="1997-03-26"/>
  </code>
</codes>
<dc element="dc.date.created" value="1997-03-26"/>
<dc element="dc.publisher" value="Reuters Holdings Plc"/>
<dc element="dc.date.published" value="1997-03-26"/>
<dc element="dc.source" value="Reuters"/>
<dc element="dc.creator.location" value="ST. PAUL, Minn."/>
<dc element="dc.creator.location.country.name" value="USA"/>
<dc element="dc.source" value="Reuters"/>
</metadata>
</newsitem>
