<?xml version="1.0" encoding="iso-8859-1" ?>
<newsitem itemid="468457" id="root" date="1997-03-26" xml:lang="en">
<title>USA: TECNOL Medical expects very good year.</title>
<headline>TECNOL Medical expects very good year.</headline>
<dateline>FORT WORTH, Texas 1997-03-26</dateline>
<text>
<p>TECNOL Medical Products Inc said Wednesday it maintained its growth momentum in the first quarter ended March 1 and expects a very good year in fiscal 1997.</p>
<p>The company reported 5.9 percent higher sales and a 13.6 percent increase in net income compared with the first quarter last year.</p>
<p>&quot;These results are solidly in line with our plan for the year,&quot; said chief executive Van Hubbard. &quot;Sales for February were particularly strong, and we're expecting a very good year in fiscal 1997.</p>
<p>&quot;Sales growth in specialty masks was once again led by our PFR95 respirator mask line, which recorded its fifth consecutive quarter of improving sales.  PFR95 sales were $1.7 million in the first quarter, a 58 percent increase over sales for the first quarter last year.</p>
<p>&quot;We also reinforced this top-selling respirator line in the most recent quarter by launching the new PFR P1, a PFR95-type respirator that meets the specific filtration standards of the European market.&quot;</p>
<p>((-- New York Newsdesk 212-859-1610.))</p>
</text>
<copyright>(c) Reuters Limited 1997</copyright>
<metadata>
<codes class="bip:countries:1.0">
  <code code="USA">
    <editdetail attribution="Reuters BIP Coding Group" action="confirmed" date="1997-03-26"/>
  </code>
</codes>
<codes class="bip:industries:1.0">
  <code code="I37200">
    <editdetail attribution="Reuters BIP Coding Group" action="confirmed" date="1997-03-26"/>
  </code>
</codes>
<codes class="bip:topics:1.0">
  <code code="C15">
    <editdetail attribution="Reuters BIP Coding Group" action="confirmed" date="1997-03-26"/>
  </code>
  <code code="C152">
    <editdetail attribution="Reuters BIP Coding Group" action="confirmed" date="1997-03-26"/>
  </code>
  <code code="CCAT">
    <editdetail attribution="Reuters BIP Coding Group" action="confirmed" date="1997-03-26"/>
  </code>
</codes>
<dc element="dc.date.created" value="1997-03-26"/>
<dc element="dc.publisher" value="Reuters Holdings Plc"/>
<dc element="dc.date.published" value="1997-03-26"/>
<dc element="dc.source" value="Reuters"/>
<dc element="dc.creator.location" value="FORT WORTH, Texas"/>
<dc element="dc.creator.location.country.name" value="USA"/>
<dc element="dc.source" value="Reuters"/>
</metadata>
</newsitem>
