<?xml version="1.0" encoding="iso-8859-1" ?>
<newsitem itemid="468468" id="root" date="1997-03-26" xml:lang="en">
<title>USA: Tecnol Medical Products Inc Q1 Mar 1 net.</title>
<headline>Tecnol Medical Products Inc Q1 Mar 1 net.</headline>
<dateline>FORT WORTH, Texas 1997-03-26</dateline>
<text>
<p>(In thousands, except per share amounts)</p>
<p>						   1997		1996</p>
<p> Net sales				  $37,311	   $35,244</p>
<p> Cost of goods sold			20,729	    19,579</p>
<p> Gross profit				16,582	    15,665</p>
<p> Selling expense			    5,901	     5,689</p>
<p> General and administrative	     2,340	     2,068</p>
<p> Research and  development		  410		 458</p>
<p> Income from operations		   7,931	     7,450</p>
<p> Other income (expense), net	    (508)	     (838)</p>
<p> Income before income taxes	     7,423	     6,612</p>
<p> Income taxes				 2,499	     2,278</p>
<p> Net income				   4,924	     4,334</p>
<p> Net income per share			0.25		0.22</p>
<p> Average shares outstanding	    20,084	    20,128</p>
<p>((-- New York Newsdesk 212-859-1610.))</p>
</text>
<copyright>(c) Reuters Limited 1997</copyright>
<metadata>
<codes class="bip:countries:1.0">
  <code code="USA">
    <editdetail attribution="Reuters BIP Coding Group" action="confirmed" date="1997-03-26"/>
  </code>
</codes>
<codes class="bip:industries:1.0">
  <code code="I37200">
    <editdetail attribution="Reuters BIP Coding Group" action="confirmed" date="1997-03-26"/>
  </code>
</codes>
<codes class="bip:topics:1.0">
  <code code="C15">
    <editdetail attribution="Reuters BIP Coding Group" action="confirmed" date="1997-03-26"/>
  </code>
  <code code="C151">
    <editdetail attribution="Reuters BIP Coding Group" action="confirmed" date="1997-03-26"/>
  </code>
  <code code="CCAT">
    <editdetail attribution="Reuters BIP Coding Group" action="confirmed" date="1997-03-26"/>
  </code>
</codes>
<dc element="dc.date.created" value="1997-03-26"/>
<dc element="dc.publisher" value="Reuters Holdings Plc"/>
<dc element="dc.date.published" value="1997-03-26"/>
<dc element="dc.source" value="Reuters"/>
<dc element="dc.creator.location" value="FORT WORTH, Texas"/>
<dc element="dc.creator.location.country.name" value="USA"/>
<dc element="dc.source" value="Reuters"/>
</metadata>
</newsitem>
