<?xml version="1.0" encoding="iso-8859-1" ?>
<newsitem itemid="468438" id="root" date="1997-03-26" xml:lang="en">
<title>USA: Dow industrials dip, Nasdaq up.</title>
<headline>Dow industrials dip, Nasdaq up.</headline>
<dateline>NEW YORK 1997-03-26</dateline>
<text>
<p>The Dow industrials sagged into negative territory Wednesday after an opening rise.</p>
<p>They are weighed down by concerns about further Federal Reserve rate increases following a strong report on February durable goods.</p>
<p>The Dow was off 1.13 to 6873.90.  The Nasdaq rose 6.80 to 1254.86, boosted by bargain-hunting.</p>
<p>The U.S. Treasury 30-year bond was off 8/32 to yield 6.99 percent.  The S&amp;P 500 futures index was up 0.32 to 789.39.</p>
<p>((-- Wall Street desk (212) 859-1730))</p>
</text>
<copyright>(c) Reuters Limited 1997</copyright>
<metadata>
<codes class="bip:countries:1.0">
  <code code="USA">
    <editdetail attribution="Reuters BIP Coding Group" action="confirmed" date="1997-03-26"/>
  </code>
</codes>
<codes class="bip:topics:1.0">
  <code code="M11">
    <editdetail attribution="Reuters BIP Coding Group" action="confirmed" date="1997-03-26"/>
  </code>
  <code code="MCAT">
    <editdetail attribution="Reuters BIP Coding Group" action="confirmed" date="1997-03-26"/>
  </code>
</codes>
<dc element="dc.date.created" value="1997-03-26"/>
<dc element="dc.publisher" value="Reuters Holdings Plc"/>
<dc element="dc.date.published" value="1997-03-26"/>
<dc element="dc.source" value="Reuters"/>
<dc element="dc.creator.location" value="NEW YORK"/>
<dc element="dc.creator.location.country.name" value="USA"/>
<dc element="dc.source" value="Reuters"/>
</metadata>
</newsitem>
