<?xml version="1.0" encoding="iso-8859-1" ?>
<newsitem itemid="468470" id="root" date="1997-03-26" xml:lang="en">
<title>USA: Hein-Werner gets multi-year equipment pact.</title>
<headline>Hein-Werner gets multi-year equipment pact.</headline>
<dateline>WAUKESHA, Wis. 1997-03-26</dateline>
<text>
<p>Hein-Werner Corp said Wednesday it will manufacture brake lathes, stands and accessories for John Bean Co under an exclusive, multi-year contract.</p>
<p>The equipment will be manufactured by Hein-Werner's Winona Van Norman unit and will be supplied to John Bean Co on a private label basis.</p>
<p>Joseph L. Dindorf, president and chief executive officer, said the contract is expected to have a positive impact on Winona Van Norman's sales in 1997.</p>
<p>In addition to manufacturing auto brake-related equipment, Winona Van Norman supplies engine rebuilding equipment and custom contract machining.</p>
<p>Hein-Werner manufactures and markets collision repair, engine rebuilding and fluid power equipment.</p>
<p>((Reuters Chicago Newsdesk (312) 408-8787))</p>
</text>
<copyright>(c) Reuters Limited 1997</copyright>
<metadata>
<codes class="bip:countries:1.0">
  <code code="USA">
    <editdetail attribution="Reuters BIP Coding Group" action="confirmed" date="1997-03-26"/>
  </code>
</codes>
<codes class="bip:industries:1.0">
  <code code="I32000">
    <editdetail attribution="Reuters BIP Coding Group" action="confirmed" date="1997-03-26"/>
  </code>
</codes>
<codes class="bip:topics:1.0">
  <code code="C33">
    <editdetail attribution="Reuters BIP Coding Group" action="confirmed" date="1997-03-26"/>
  </code>
  <code code="CCAT">
    <editdetail attribution="Reuters BIP Coding Group" action="confirmed" date="1997-03-26"/>
  </code>
</codes>
<dc element="dc.date.created" value="1997-03-26"/>
<dc element="dc.publisher" value="Reuters Holdings Plc"/>
<dc element="dc.date.published" value="1997-03-26"/>
<dc element="dc.source" value="Reuters"/>
<dc element="dc.creator.location" value="WAUKESHA, Wis."/>
<dc element="dc.creator.location.country.name" value="USA"/>
<dc element="dc.source" value="Reuters"/>
</metadata>
</newsitem>
