<?xml version="1.0" encoding="iso-8859-1" ?>
<newsitem itemid="468458" id="root" date="1997-03-26" xml:lang="en">
<title>USA: Vertex Pharmaceuticals chairman retires.</title>
<headline>Vertex Pharmaceuticals chairman retires.</headline>
<dateline>CAMBRIDGE, Mass. 1997-03-26</dateline>
<text>
<p>Vertex Pharmaceuticals Inc said Wednesday that Benno Schmidt, 84, has retired as board chairman.</p>
<p>Vertex said Schmidt became a director in 1989 and will retain the title of director emeritus.</p>
<p>Vertex said Schmidt is a general partner of J. H. Whitney &amp; Co., a New York City-based venture capital firm, which was an original investor in Vertex.</p>
<p>The company has not named another chairman.</p>
</text>
<copyright>(c) Reuters Limited 1997</copyright>
<metadata>
<codes class="bip:countries:1.0">
  <code code="USA">
    <editdetail attribution="Reuters BIP Coding Group" action="confirmed" date="1997-03-26"/>
  </code>
</codes>
<codes class="bip:industries:1.0">
  <code code="I25700">
    <editdetail attribution="Reuters BIP Coding Group" action="confirmed" date="1997-03-26"/>
  </code>
</codes>
<codes class="bip:topics:1.0">
  <code code="C41">
    <editdetail attribution="Reuters BIP Coding Group" action="confirmed" date="1997-03-26"/>
  </code>
  <code code="C411">
    <editdetail attribution="Reuters BIP Coding Group" action="confirmed" date="1997-03-26"/>
  </code>
  <code code="CCAT">
    <editdetail attribution="Reuters BIP Coding Group" action="confirmed" date="1997-03-26"/>
  </code>
</codes>
<dc element="dc.date.created" value="1997-03-26"/>
<dc element="dc.publisher" value="Reuters Holdings Plc"/>
<dc element="dc.date.published" value="1997-03-26"/>
<dc element="dc.source" value="Reuters"/>
<dc element="dc.creator.location" value="CAMBRIDGE, Mass."/>
<dc element="dc.creator.location.country.name" value="USA"/>
<dc element="dc.source" value="Reuters"/>
</metadata>
</newsitem>
