<?xml version="1.0" encoding="iso-8859-1" ?>
<newsitem itemid="468466" id="root" date="1997-03-26" xml:lang="en">
<title>USA: Platinum Entertainment Inc Q3 Feb 28 loss.</title>
<headline>Platinum Entertainment Inc Q3 Feb 28 loss.</headline>
<dateline>DOWNERS GROVE, Ill. 1997-03-26</dateline>
<text>
<p>Third Quarter	 Nine Months</p>
<p>					1997	1996     1997    1996</p>
<p> Total gross revenues	 $11,714  $ 5,861  $25,854 $19,548</p>
<p> Total net revenues	     8,799    4,452   19,582  16,221</p>
<p> Gross profit		     4,485    2,045    7,725   6,813</p>
<p>Selling, general and</p>
<p>  administrative expenses     3,417    2,020    8,160   6,007</p>
<p> Depreciation and amortization  315	 31	481	92</p>
<p> Merger/restructuring costs     608	 --	611	--</p>
<p> Operating income (loss)	  144	(6)  (1,528)     714</p>
<p> Net income (loss)	    (1,013)    (234)  (2,564)     184</p>
<p>Less: cumulative preferred</p>
<p>   dividends (1)						    (301)</p>
<p> Loss to common shares					    (117)</p>
<p> Net loss per common share   (0.20)   (0.10)   (0.50)  (0.05)</p>
<p> Average shares outstanding  5,171    2,335    5,125   2,335</p>
<p>Other Operating Data:</p>
<p>Operating income (loss)</p>
<p>before merger and</p>
<p>     restructuring costs	  752	(6)    (917)     714</p>
<p>			(000) omitted except per share</p>
<p>(1) Represents accrued dividends on the company's series A-1 non-convertible preferred stock, which dividends were paid concurrent with the redemption of such stock during March 1996.</p>
<p>		((Chicago newsdesk 312 408 8787))</p>
</text>
<copyright>(c) Reuters Limited 1997</copyright>
<metadata>
<codes class="bip:countries:1.0">
  <code code="USA">
    <editdetail attribution="Reuters BIP Coding Group" action="confirmed" date="1997-03-26"/>
  </code>
</codes>
<codes class="bip:topics:1.0">
  <code code="C15">
    <editdetail attribution="Reuters BIP Coding Group" action="confirmed" date="1997-03-26"/>
  </code>
  <code code="C151">
    <editdetail attribution="Reuters BIP Coding Group" action="confirmed" date="1997-03-26"/>
  </code>
  <code code="CCAT">
    <editdetail attribution="Reuters BIP Coding Group" action="confirmed" date="1997-03-26"/>
  </code>
</codes>
<dc element="dc.date.created" value="1997-03-26"/>
<dc element="dc.publisher" value="Reuters Holdings Plc"/>
<dc element="dc.date.published" value="1997-03-26"/>
<dc element="dc.source" value="Reuters"/>
<dc element="dc.creator.location" value="DOWNERS GROVE, Ill."/>
<dc element="dc.creator.location.country.name" value="USA"/>
<dc element="dc.source" value="Reuters"/>
</metadata>
</newsitem>
