<?xml version="1.0" encoding="iso-8859-1" ?>
<newsitem itemid="468443" id="root" date="1997-03-26" xml:lang="en">
<title>USA: Manor Care Inc Q3 Feb 28 net shr rises.</title>
<headline>Manor Care Inc Q3 Feb 28 net shr rises.</headline>
<dateline>GAITHERSBURG, Md. 1997-03-26</dateline>
<text>
<p>1997			1996</p>
<p> Shr		     $  $0.97		   $ 0.36</p>
<p> Net			 61,392		   22,302</p>
<p> Revs		     354,176		  334,404</p>
<p> Avg shrs		  63,332		   62,644</p>
<p>	   9 MONTHS</p>
<p> Shr			$  1.86		   $ 1.27</p>
<p> Net			117,521		   79,516</p>
<p> Revs		   1,042,240		  908,118</p>
<p> Avg shrs		  63,137		   62,592</p>
<p>(All data above 000s except per share numbers)</p>
<p>First Call Mean Estimate for Q3 was $0.39 a share.</p>
<p>NOTE: Current Q3 net income from continuing operations $24.3 million or $0.38 a shr, versus $20.9 million or $0.33 a share in the previous year.</p>
</text>
<copyright>(c) Reuters Limited 1997</copyright>
<metadata>
<codes class="bip:countries:1.0">
  <code code="USA">
    <editdetail attribution="Reuters BIP Coding Group" action="confirmed" date="1997-03-26"/>
  </code>
</codes>
<codes class="bip:industries:1.0">
  <code code="I95100">
    <editdetail attribution="Reuters BIP Coding Group" action="confirmed" date="1997-03-26"/>
  </code>
</codes>
<codes class="bip:topics:1.0">
  <code code="C15">
    <editdetail attribution="Reuters BIP Coding Group" action="confirmed" date="1997-03-26"/>
  </code>
  <code code="C151">
    <editdetail attribution="Reuters BIP Coding Group" action="confirmed" date="1997-03-26"/>
  </code>
  <code code="CCAT">
    <editdetail attribution="Reuters BIP Coding Group" action="confirmed" date="1997-03-26"/>
  </code>
</codes>
<dc element="dc.date.created" value="1997-03-26"/>
<dc element="dc.publisher" value="Reuters Holdings Plc"/>
<dc element="dc.date.published" value="1997-03-26"/>
<dc element="dc.source" value="Reuters"/>
<dc element="dc.creator.location" value="GAITHERSBURG, Md."/>
<dc element="dc.creator.location.country.name" value="USA"/>
<dc element="dc.source" value="Reuters"/>
</metadata>
</newsitem>
