<?xml version="1.0" encoding="iso-8859-1" ?>
<newsitem itemid="468487" id="root" date="1997-03-26" xml:lang="en">
<title>USA: CBOT 5-Yr T-note deliveries - March 26.</title>
<headline>CBOT 5-Yr T-note deliveries - March 26.</headline>
<dateline>CHICAGO 1997-03-26</dateline>
<text>
<p>CBOT 5-year Treasury note delivery notices posted against the March contract for March 27 (in lots).</p>
<p>LOCATION:				     GRADE/CLASS</p>
<p>WAREHOUSE			     TOTAL</p>
<p>6001 BANK OF AMERICA		   50</p>
<p>				TOTAL	50</p>
<p>			 TOTAL</p>
<p>FIRM    NAME	ISSUES  CUSTOMER  HOUSE</p>
<p>980  WITTER	     50	 50</p>
<p>     TOTAL		50	 50</p>
<p>			 TOTAL</p>
<p>FIRM    NAME	 STOPS  CUSTOMER  HOUSE</p>
<p>560  MERRILL	    50	 50</p>
<p>     TOTAL		50	 50</p>
<p>	 LAST DAY ASSIGNED:  12/12/96</p>
</text>
<copyright>(c) Reuters Limited 1997</copyright>
<metadata>
<codes class="bip:countries:1.0">
  <code code="USA">
    <editdetail attribution="Reuters BIP Coding Group" action="confirmed" date="1997-03-26"/>
  </code>
</codes>
<codes class="bip:topics:1.0">
  <code code="M12">
    <editdetail attribution="Reuters BIP Coding Group" action="confirmed" date="1997-03-26"/>
  </code>
  <code code="MCAT">
    <editdetail attribution="Reuters BIP Coding Group" action="confirmed" date="1997-03-26"/>
  </code>
</codes>
<dc element="dc.date.created" value="1997-03-26"/>
<dc element="dc.publisher" value="Reuters Holdings Plc"/>
<dc element="dc.date.published" value="1997-03-26"/>
<dc element="dc.source" value="Reuters"/>
<dc element="dc.creator.location" value="CHICAGO"/>
<dc element="dc.creator.location.country.name" value="USA"/>
<dc element="dc.source" value="Reuters"/>
</metadata>
</newsitem>
