<?xml version="1.0" encoding="iso-8859-1" ?>
<newsitem itemid="468475" id="root" date="1997-03-26" xml:lang="en">
<title>USA: United American gets Florida approval.</title>
<headline>United American gets Florida approval.</headline>
<dateline>DETROIT 1997-03-26</dateline>
<text>
<p>United American Healthcare Corp said Wednesday it was approved by the state of Florida to participate in the state's mandatory Medicaid initiative.</p>
<p>&quot;We see things turning around in Florida,&quot; Julius Combs, chairman, said in a statement. &quot;Since January 1997, our membership in UltraMedix Health Care Systems, the HMO (health maintenance organization) we manage in Florida, has grown from 9,900 to about 14,200, in both Medicaid and commercial markets, and we expect this growth to continue.&quot;  </p>
<p>United American manages four HMOs under long-term contracts and provides management and advisory services to companies who self-fund their health care benefit plans.</p>
<p>Separately, United American said it repurchased 25,000 of its outstanding shares.</p>
<p>&quot;We are very confident in the fundamentals of our business and continue to see them improving,&quot; Combs said.  &quot;We believe that our stock is extremely undervalued given our growth rate of both our revenues and membership.  At less than 0.25 times sales, we believe our stock is a bargain and we plan to pursue additional purchases.&quot;</p>
<p>United American shares closed Tuesday at 4-5/8.</p>
<p>((Reuters Chicago Newsdesk (312) 408-8787))</p>
</text>
<copyright>(c) Reuters Limited 1997</copyright>
<metadata>
<codes class="bip:countries:1.0">
  <code code="USA">
    <editdetail attribution="Reuters BIP Coding Group" action="confirmed" date="1997-03-26"/>
  </code>
</codes>
<codes class="bip:industries:1.0">
  <code code="I95100">
    <editdetail attribution="Reuters BIP Coding Group" action="confirmed" date="1997-03-26"/>
  </code>
</codes>
<codes class="bip:topics:1.0">
  <code code="C13">
    <editdetail attribution="Reuters BIP Coding Group" action="confirmed" date="1997-03-26"/>
  </code>
  <code code="CCAT">
    <editdetail attribution="Reuters BIP Coding Group" action="confirmed" date="1997-03-26"/>
  </code>
  <code code="GCAT">
    <editdetail attribution="Reuters BIP Coding Group" action="confirmed" date="1997-03-26"/>
  </code>
  <code code="GHEA">
    <editdetail attribution="Reuters BIP Coding Group" action="confirmed" date="1997-03-26"/>
  </code>
</codes>
<dc element="dc.date.created" value="1997-03-26"/>
<dc element="dc.publisher" value="Reuters Holdings Plc"/>
<dc element="dc.date.published" value="1997-03-26"/>
<dc element="dc.source" value="Reuters"/>
<dc element="dc.creator.location" value="DETROIT"/>
<dc element="dc.creator.location.country.name" value="USA"/>
<dc element="dc.source" value="Reuters"/>
</metadata>
</newsitem>
