<?xml version="1.0" encoding="iso-8859-1" ?>
<newsitem itemid="468417" id="root" date="1997-03-26" xml:lang="en">
<title>USA: Cronos names Moore Stephens head auditor.</title>
<headline>Cronos names Moore Stephens head auditor.</headline>
<dateline>NEW YORK 1997-03-26</dateline>
<text>
<p>Cronos Group said Wednesday it appointed the accounting firm Moore Stephens as head auditor for the company.</p>
<p>Cronos said it selected Moore Stephens primarily for its international representation and its close affiliation with the ocean carrier business for over 50 years.</p>
<p>Moore Stephens is replacing Arthur Andersen, said Stephen Brocato, Cronos vice president for corporate affairs.</p>
<p>Moore Stephens has began auditing the 1996 financials for Cronos and expects the audit to be completed by May 31, Cronos said.</p>
<p>Moore Stephens North America Inc, the 12th largest auditing firm in the U.S., is part of Moore Stephens International Limited, which has over 280 firms in 65 countries.</p>
<p>Cronos is a large lessor of intermodal marine containers, owning and managing a fleet of dry cargo, refrigerated and tank containers and other specialized intermodal equipment.</p>
</text>
<copyright>(c) Reuters Limited 1997</copyright>
<metadata>
<codes class="bip:countries:1.0">
  <code code="USA">
    <editdetail attribution="Reuters BIP Coding Group" action="confirmed" date="1997-03-26"/>
  </code>
</codes>
<codes class="bip:industries:1.0">
  <code code="I83600">
    <editdetail attribution="Reuters BIP Coding Group" action="confirmed" date="1997-03-26"/>
  </code>
</codes>
<codes class="bip:topics:1.0">
  <code code="C33">
    <editdetail attribution="Reuters BIP Coding Group" action="confirmed" date="1997-03-26"/>
  </code>
  <code code="CCAT">
    <editdetail attribution="Reuters BIP Coding Group" action="confirmed" date="1997-03-26"/>
  </code>
</codes>
<dc element="dc.date.created" value="1997-03-26"/>
<dc element="dc.publisher" value="Reuters Holdings Plc"/>
<dc element="dc.date.published" value="1997-03-26"/>
<dc element="dc.source" value="Reuters"/>
<dc element="dc.creator.location" value="NEW YORK"/>
<dc element="dc.creator.location.country.name" value="USA"/>
<dc element="dc.source" value="Reuters"/>
</metadata>
</newsitem>
