<?xml version="1.0" encoding="iso-8859-1" ?>
<newsitem itemid="468482" id="root" date="1997-03-26" xml:lang="en">
<title>USA: IPO PRICING - Hamilton prices within range.</title>
<headline>IPO PRICING - Hamilton prices within range.</headline>
<dateline>NEW YORK 1997-03-26</dateline>
<text>
<p>Company Name	     Hamilton Bancorp Inc</p>
<p>   Priced At				    $15.50</p>
<p>   Estimated Pricing Range	     $14 - $16</p>
<p>   Number of Shares			2,400,000</p>
<p>   Lead Underwriter	 Oppenheimer &amp; Co Inc</p>
<p>NOTE: The company raised the proposed number of shares for its planned initial public offering to 2.4 million from two million shares previously.</p>
</text>
<copyright>(c) Reuters Limited 1997</copyright>
<metadata>
<codes class="bip:countries:1.0">
  <code code="USA">
    <editdetail attribution="Reuters BIP Coding Group" action="confirmed" date="1997-03-26"/>
  </code>
</codes>
<codes class="bip:industries:1.0">
  <code code="I81402">
    <editdetail attribution="Reuters BIP Coding Group" action="confirmed" date="1997-03-26"/>
  </code>
</codes>
<codes class="bip:topics:1.0">
  <code code="C17">
    <editdetail attribution="Reuters BIP Coding Group" action="confirmed" date="1997-03-26"/>
  </code>
  <code code="C171">
    <editdetail attribution="Reuters BIP Coding Group" action="confirmed" date="1997-03-26"/>
  </code>
  <code code="CCAT">
    <editdetail attribution="Reuters BIP Coding Group" action="confirmed" date="1997-03-26"/>
  </code>
</codes>
<dc element="dc.date.created" value="1997-03-26"/>
<dc element="dc.publisher" value="Reuters Holdings Plc"/>
<dc element="dc.date.published" value="1997-03-26"/>
<dc element="dc.source" value="Reuters"/>
<dc element="dc.creator.location" value="NEW YORK"/>
<dc element="dc.creator.location.country.name" value="USA"/>
<dc element="dc.source" value="Reuters"/>
</metadata>
</newsitem>
