<?xml version="1.0" encoding="iso-8859-1" ?>
<newsitem itemid="468403" id="root" date="1997-03-26" xml:lang="en">
<title>USA: IPO PRICING - IAT Multimedia at $6.00/shr.</title>
<headline>IPO PRICING - IAT Multimedia at $6.00/shr.</headline>
<dateline>NEW YORK 1997-03-26</dateline>
<text>
<p>Company Name	IAT Multimedia Inc</p>
<p>   Priced At			     $6</p>
<p>   Estimated Pricing Range	   $6 - $6.50</p>
<p>   Number of Shares		    3.35 million</p>
<p>Lead Underwriter Royce Investment Group</p>
<p>NOTE: The underwriter said the number of shares were raised to 3.35 million from 3.1 million</p>
</text>
<copyright>(c) Reuters Limited 1997</copyright>
<metadata>
<codes class="bip:countries:1.0">
  <code code="USA">
    <editdetail attribution="Reuters BIP Coding Group" action="confirmed" date="1997-03-26"/>
  </code>
</codes>
<codes class="bip:topics:1.0">
  <code code="C14">
    <editdetail attribution="Reuters BIP Coding Group" action="confirmed" date="1997-03-26"/>
  </code>
  <code code="C17">
    <editdetail attribution="Reuters BIP Coding Group" action="confirmed" date="1997-03-26"/>
  </code>
  <code code="C171">
    <editdetail attribution="Reuters BIP Coding Group" action="confirmed" date="1997-03-26"/>
  </code>
  <code code="CCAT">
    <editdetail attribution="Reuters BIP Coding Group" action="confirmed" date="1997-03-26"/>
  </code>
</codes>
<dc element="dc.date.created" value="1997-03-26"/>
<dc element="dc.publisher" value="Reuters Holdings Plc"/>
<dc element="dc.date.published" value="1997-03-26"/>
<dc element="dc.source" value="Reuters"/>
<dc element="dc.creator.location" value="NEW YORK"/>
<dc element="dc.creator.location.country.name" value="USA"/>
<dc element="dc.source" value="Reuters"/>
</metadata>
</newsitem>
