<?xml version="1.0" encoding="iso-8859-1" ?>
<newsitem itemid="468402" id="root" date="1997-03-26" xml:lang="en">
<title>USA: Healthdyne amendment may resurface in Ga.</title>
<headline>Healthdyne amendment may resurface in Ga.</headline>
<dateline>ATLANTA 1997-03-26</dateline>
<text>
<p>A state legislative measure that would help Healthdyne Technologies Inc fight off a hostile takeover by Invacare Corp was expected to reach a House-Senate conference committee on Thursday, state officials said.</p>
<p>Both the Georgia House and Senate would name members to a committee charged to work out a compromise early in the day. Any measure agreed to by the panel then would be resubmitted to both chambers for approval, state officials said.</p>
<p>Because Thursday was to be the final day of Georgia's 1997 legislative session, action could come as late as midnight.  </p>
<p>The measure is an amendment that the Senate attached to a routine House bill last week.  Senators approved the legislation by a 52-1 vote on Friday.</p>
<p>The House, which had already approved the bill without the amendment, disagreed with the changes and sent it back to the Senate. The Senate then insisted on the amendment.</p>
<p>The amendment would require publicly traded companies based in Georgia to stagger the election of directors.</p>
<p>((Atlanta Bureau - 404-870-7340))</p>
</text>
<copyright>(c) Reuters Limited 1997</copyright>
<metadata>
<codes class="bip:countries:1.0">
  <code code="USA">
    <editdetail attribution="Reuters BIP Coding Group" action="confirmed" date="1997-03-26"/>
  </code>
</codes>
<codes class="bip:industries:1.0">
  <code code="I37200">
    <editdetail attribution="Reuters BIP Coding Group" action="confirmed" date="1997-03-26"/>
  </code>
</codes>
<codes class="bip:topics:1.0">
  <code code="C13">
    <editdetail attribution="Reuters BIP Coding Group" action="confirmed" date="1997-03-26"/>
  </code>
  <code code="C18">
    <editdetail attribution="Reuters BIP Coding Group" action="confirmed" date="1997-03-26"/>
  </code>
  <code code="C181">
    <editdetail attribution="Reuters BIP Coding Group" action="confirmed" date="1997-03-26"/>
  </code>
  <code code="CCAT">
    <editdetail attribution="Reuters BIP Coding Group" action="confirmed" date="1997-03-26"/>
  </code>
  <code code="GCAT">
    <editdetail attribution="Reuters BIP Coding Group" action="confirmed" date="1997-03-26"/>
  </code>
  <code code="GHEA">
    <editdetail attribution="Reuters BIP Coding Group" action="confirmed" date="1997-03-26"/>
  </code>
</codes>
<dc element="dc.date.created" value="1997-03-26"/>
<dc element="dc.publisher" value="Reuters Holdings Plc"/>
<dc element="dc.date.published" value="1997-03-26"/>
<dc element="dc.source" value="Reuters"/>
<dc element="dc.creator.location" value="ATLANTA"/>
<dc element="dc.creator.location.country.name" value="USA"/>
<dc element="dc.source" value="Reuters"/>
</metadata>
</newsitem>
