<?xml version="1.0" encoding="iso-8859-1" ?>
<newsitem itemid="468461" id="root" date="1997-03-26" xml:lang="en">
<title>USA: Neogen Corp Q3 Feb 28 net up.</title>
<headline>Neogen Corp Q3 Feb 28 net up.</headline>
<dateline>LANSING, Mich. 1997-03-26</dateline>
<text>
<p>Q3</p>
<p>						1997		    1996</p>
<p> Revenues:			   $3,586,710	    $3,330,075</p>
<p> Net Income:			    504,331		 125,382</p>
<p> Net Income Per Share:		    .08		     .03</p>
<p> Average Shares Outstanding:    6,243,109	     4,677,033</p>
<p>							 Nine Months</p>
<p>						1997		    1996</p>
<p> Revenues:			   11,382,795	     9,490,834</p>
<p> Net Income:			  1,317,830		 383,260</p>
<p> Net Income Per Share:		    .24		     .08</p>
<p> Average Shares Outstanding:    5,453,892	     4,671,197</p>
<p>((--Chicago Newsdesk (312) 408-8787))</p>
</text>
<copyright>(c) Reuters Limited 1997</copyright>
<metadata>
<codes class="bip:countries:1.0">
  <code code="USA">
    <editdetail attribution="Reuters BIP Coding Group" action="confirmed" date="1997-03-26"/>
  </code>
</codes>
<codes class="bip:industries:1.0">
  <code code="I37200">
    <editdetail attribution="Reuters BIP Coding Group" action="confirmed" date="1997-03-26"/>
  </code>
</codes>
<codes class="bip:topics:1.0">
  <code code="C15">
    <editdetail attribution="Reuters BIP Coding Group" action="confirmed" date="1997-03-26"/>
  </code>
  <code code="C151">
    <editdetail attribution="Reuters BIP Coding Group" action="confirmed" date="1997-03-26"/>
  </code>
  <code code="CCAT">
    <editdetail attribution="Reuters BIP Coding Group" action="confirmed" date="1997-03-26"/>
  </code>
</codes>
<dc element="dc.date.created" value="1997-03-26"/>
<dc element="dc.publisher" value="Reuters Holdings Plc"/>
<dc element="dc.date.published" value="1997-03-26"/>
<dc element="dc.source" value="Reuters"/>
<dc element="dc.creator.location" value="LANSING, Mich."/>
<dc element="dc.creator.location.country.name" value="USA"/>
<dc element="dc.source" value="Reuters"/>
</metadata>
</newsitem>
