<?xml version="1.0" encoding="iso-8859-1" ?>
<newsitem itemid="468441" id="root" date="1997-03-26" xml:lang="en">
<title>USA: Cooper sees Q2 EPS $0.36 to $0.40/shr.</title>
<headline>Cooper sees Q2 EPS $0.36 to $0.40/shr.</headline>
<dateline>IRVINE, Calif. 1997-03-26</dateline>
<text>
<p>Cooper Companies Inc, a maker of specialty health care products and services, on Wednesday said it expects to earn $0.36 to $0.40 a share, including tax benefits of $0.02 a share, in its second  quarter ending April 30.</p>
<p>In the year ago quarter, Cooper earned $0.24 a share.</p>
<p>For all of fiscal 1997, Cooper expects operating earnings to range from $1.45 to $1.55 a share versus $1.00 a share in fiscal 1996. With the tax benefit, earnings per share are expected to be between $1.60 and $1.70 per share versus $1.41.  </p>
<p>In a statement delivered to shareholders at a recent meeting, Chief Executive Officer Thomas Bender said he expects revenue to grow at double-digit rates and operating earnings at mid-teen rates in the next several years.</p>
<p>Cooper's medium term business goals include 20 percent compounded revenue growth through 2000 and 40 percent earnings growth, excluding tax benefits, in each of the next two years.</p>
<p>Bender said he expects the company's CooperVision unit to produce revenue over $100 million and CooperSurgical to reach $50 million by 2000.  Hospital Group of America's revenue should exceed $50 million in fiscal 1998, Bender estimated.</p>
<p>He said CooperSurgical will continue to be an aggressive consolidator in the gynecology device market through product and company acquisitions and marketing alliances.</p>
<p>Bender said the Hospital Group of America's emphasis on outpatient programs has boosted outpatient visits by 55 percent over one year ago.</p>
<p>Hospital Group of America now contributes positively to Cooper's operating results and going forward, it is expected to generate income from operations of more than 10 percent of revenue, Bender said.</p>
</text>
<copyright>(c) Reuters Limited 1997</copyright>
<metadata>
<codes class="bip:countries:1.0">
  <code code="USA">
    <editdetail attribution="Reuters BIP Coding Group" action="confirmed" date="1997-03-26"/>
  </code>
</codes>
<codes class="bip:industries:1.0">
  <code code="I25700">
    <editdetail attribution="Reuters BIP Coding Group" action="confirmed" date="1997-03-26"/>
  </code>
</codes>
<codes class="bip:topics:1.0">
  <code code="C15">
    <editdetail attribution="Reuters BIP Coding Group" action="confirmed" date="1997-03-26"/>
  </code>
  <code code="C152">
    <editdetail attribution="Reuters BIP Coding Group" action="confirmed" date="1997-03-26"/>
  </code>
  <code code="CCAT">
    <editdetail attribution="Reuters BIP Coding Group" action="confirmed" date="1997-03-26"/>
  </code>
</codes>
<dc element="dc.date.created" value="1997-03-26"/>
<dc element="dc.publisher" value="Reuters Holdings Plc"/>
<dc element="dc.date.published" value="1997-03-26"/>
<dc element="dc.source" value="Reuters"/>
<dc element="dc.creator.location" value="IRVINE, Calif."/>
<dc element="dc.creator.location.country.name" value="USA"/>
<dc element="dc.source" value="Reuters"/>
</metadata>
</newsitem>
