<?xml version="1.0" encoding="iso-8859-1" ?>
<newsitem itemid="468421" id="root" date="1997-03-26" xml:lang="en">
<title>USA: U.S. stock fund outflows narrow -- survey.</title>
<headline>U.S. stock fund outflows narrow -- survey.</headline>
<dateline>SANTA ROSA, Calif. 1997-03-26</dateline>
<text>
<p>Outflows from U.S. stock mutual funds slowed to $107 million for the two-day period ended March 24 from $812 million for the three days ended March 20, according to Mutual Fund Trim Tabs.</p>
<p>The fund tracking firm said outflows from aggressive growth funds eased to $49 million from $416 million, growth funds outflows improved to $139 million from $356 million, and international funds rose to inflows of $123 million from outflows of $231 million.</p>
<p>Bond funds also improved to inflows of $47 million from outflows of $110 million, Trim Tabs said.  Government/GNMA funds improved to inflows of $52 million from outflows of $88 million. Muni funds rose to inflows of $100 million from inflows of $33 million.</p>
</text>
<copyright>(c) Reuters Limited 1997</copyright>
<metadata>
<codes class="bip:countries:1.0">
  <code code="USA">
    <editdetail attribution="Reuters BIP Coding Group" action="confirmed" date="1997-03-26"/>
  </code>
</codes>
<codes class="bip:industries:1.0">
  <code code="I81502">
    <editdetail attribution="Reuters BIP Coding Group" action="confirmed" date="1997-03-26"/>
  </code>
  <code code="I8150211">
    <editdetail attribution="Reuters BIP Coding Group" action="confirmed" date="1997-03-26"/>
  </code>
</codes>
<codes class="bip:topics:1.0">
  <code code="C31">
    <editdetail attribution="Reuters BIP Coding Group" action="confirmed" date="1997-03-26"/>
  </code>
  <code code="CCAT">
    <editdetail attribution="Reuters BIP Coding Group" action="confirmed" date="1997-03-26"/>
  </code>
</codes>
<dc element="dc.date.created" value="1997-03-26"/>
<dc element="dc.publisher" value="Reuters Holdings Plc"/>
<dc element="dc.date.published" value="1997-03-26"/>
<dc element="dc.source" value="Reuters"/>
<dc element="dc.creator.location" value="SANTA ROSA, Calif."/>
<dc element="dc.creator.location.country.name" value="USA"/>
<dc element="dc.source" value="Reuters"/>
</metadata>
</newsitem>
