<?xml version="1.0" encoding="iso-8859-1" ?>
<newsitem itemid="468422" id="root" date="1997-03-26" xml:lang="en">
<title>USA: Republic of Turkey may tap U.S. corp debt market.</title>
<headline>Republic of Turkey may tap U.S. corp debt market.</headline>
<dateline>NEW YORK 1997-03-26</dateline>
<text>
<p>The Republic of Turkey is expected to tap the U.S. corporate debt market with between $250 million and $500 million in debt, syndicate sources said on Wednesday.</p>
<p>The offering is expected to consist of a five-year maturity and is rumored to come to market in April, sources  said.</p>
<p>JP Morgan Securities and SBC Warburg are expected to underwrite the deal, they added.</p>
<p>No further details were immediately available.</p>
<p>(( --Nancy Leinfuss, 212-859-1675 ))</p>
</text>
<copyright>(c) Reuters Limited 1997</copyright>
<metadata>
<codes class="bip:countries:1.0">
  <code code="TURK">
    <editdetail attribution="Reuters BIP Coding Group" action="confirmed" date="1997-03-26"/>
  </code>
  <code code="USA">
    <editdetail attribution="Reuters BIP Coding Group" action="confirmed" date="1997-03-26"/>
  </code>
</codes>
<codes class="bip:topics:1.0">
  <code code="E21">
    <editdetail attribution="Reuters BIP Coding Group" action="confirmed" date="1997-03-26"/>
  </code>
  <code code="E212">
    <editdetail attribution="Reuters BIP Coding Group" action="confirmed" date="1997-03-26"/>
  </code>
  <code code="ECAT">
    <editdetail attribution="Reuters BIP Coding Group" action="confirmed" date="1997-03-26"/>
  </code>
</codes>
<dc element="dc.date.created" value="1997-03-26"/>
<dc element="dc.publisher" value="Reuters Holdings Plc"/>
<dc element="dc.date.published" value="1997-03-26"/>
<dc element="dc.source" value="Reuters"/>
<dc element="dc.creator.location" value="NEW YORK"/>
<dc element="dc.creator.location.country.name" value="USA"/>
<dc element="dc.source" value="Reuters"/>
</metadata>
</newsitem>
