<?xml version="1.0" encoding="iso-8859-1" ?>
<newsitem itemid="468452" id="root" date="1997-03-26" xml:lang="en">
<title>USA: Lennar Corp Q1 shr $0.54 vs $0.48.</title>
<headline>Lennar Corp Q1 shr $0.54 vs $0.48.</headline>
<dateline>MIAMI 1997-03-26</dateline>
<text>
<p>(In thousands, except per share amounts)</p>
<p>						     Three Months Ended</p>
<p>							  Feb 28,   Feb 29,</p>
<p>							    1997	 1996</p>
<p>   Total revenues				   272,166   226,524</p>
<p>   Total operating earnings			41,901    37,065</p>
<p>  Interest expense (A)				6,698     5,894</p>
<p>   Pre-tax earnings				  31,848    28,201</p>
<p> Income taxes					  12,421    10,998</p>
<p> Net earnings					  19,427    17,203</p>
<p> Average shares outstanding			36,282    36,205</p>
<p> Net earnings per share				 .54	 .48</p>
<p>Note: (A) Interest expense excludes interest directly related to the financial services operations and the limited-purpose finance subsidiaries. Interest expense for those operations is included in their respective costs and expenses.</p>
</text>
<copyright>(c) Reuters Limited 1997</copyright>
<metadata>
<codes class="bip:countries:1.0">
  <code code="USA">
    <editdetail attribution="Reuters BIP Coding Group" action="confirmed" date="1997-03-26"/>
  </code>
</codes>
<codes class="bip:industries:1.0">
  <code code="I85000">
    <editdetail attribution="Reuters BIP Coding Group" action="confirmed" date="1997-03-26"/>
  </code>
</codes>
<codes class="bip:topics:1.0">
  <code code="C15">
    <editdetail attribution="Reuters BIP Coding Group" action="confirmed" date="1997-03-26"/>
  </code>
  <code code="C151">
    <editdetail attribution="Reuters BIP Coding Group" action="confirmed" date="1997-03-26"/>
  </code>
  <code code="CCAT">
    <editdetail attribution="Reuters BIP Coding Group" action="confirmed" date="1997-03-26"/>
  </code>
</codes>
<dc element="dc.date.created" value="1997-03-26"/>
<dc element="dc.publisher" value="Reuters Holdings Plc"/>
<dc element="dc.date.published" value="1997-03-26"/>
<dc element="dc.source" value="Reuters"/>
<dc element="dc.creator.location" value="MIAMI"/>
<dc element="dc.creator.location.country.name" value="USA"/>
<dc element="dc.source" value="Reuters"/>
</metadata>
</newsitem>
