<?xml version="1.0" encoding="iso-8859-1" ?>
<newsitem itemid="468456" id="root" date="1997-03-26" xml:lang="en">
<title>USA: Digital Biometrics names John Metil CFO.</title>
<headline>Digital Biometrics names John Metil CFO.</headline>
<dateline>MINNETONKA, Minn. 1997-03-26</dateline>
<text>
<p>Digital Biometrics Inc said John Metil was appointed chief financial officer.</p>
<p>Metil was previously executive vice president of Zebulon Group Inc.</p>
<p>He replaces Donald Berg, who resigned in December to take another CFO job, said the maker of identification systems</p>
<p>((--Chicago Newsdesk 312-408-8787))</p>
</text>
<copyright>(c) Reuters Limited 1997</copyright>
<metadata>
<codes class="bip:countries:1.0">
  <code code="USA">
    <editdetail attribution="Reuters BIP Coding Group" action="confirmed" date="1997-03-26"/>
  </code>
</codes>
<codes class="bip:industries:1.0">
  <code code="I34420">
    <editdetail attribution="Reuters BIP Coding Group" action="confirmed" date="1997-03-26"/>
  </code>
</codes>
<codes class="bip:topics:1.0">
  <code code="C41">
    <editdetail attribution="Reuters BIP Coding Group" action="confirmed" date="1997-03-26"/>
  </code>
  <code code="C411">
    <editdetail attribution="Reuters BIP Coding Group" action="confirmed" date="1997-03-26"/>
  </code>
  <code code="CCAT">
    <editdetail attribution="Reuters BIP Coding Group" action="confirmed" date="1997-03-26"/>
  </code>
</codes>
<dc element="dc.date.created" value="1997-03-26"/>
<dc element="dc.publisher" value="Reuters Holdings Plc"/>
<dc element="dc.date.published" value="1997-03-26"/>
<dc element="dc.source" value="Reuters"/>
<dc element="dc.creator.location" value="MINNETONKA, Minn."/>
<dc element="dc.creator.location.country.name" value="USA"/>
<dc element="dc.source" value="Reuters"/>
</metadata>
</newsitem>
