<?xml version="1.0" encoding="iso-8859-1" ?>
<newsitem itemid="468415" id="root" date="1997-03-26" xml:lang="en">
<title>USA: PageNet to launch in Calif. in mid-April.</title>
<headline>PageNet to launch in Calif. in mid-April.</headline>
<dateline>DALLAS 1997-03-26</dateline>
<text>
<p>Paging Network Inc said Wednesday it plans to launch its advanced voice paging product, VoiceNow, in northern California and Nevada on April 14.</p>
<p>The test markets include San Jose, Oakland, San Mateo, Modesto, Stockton and Sacramento in California and Reno and Tahoe in Nevada. PageNet said it is in the final stages of site implementation in San Francisco.</p>
<p>The company also said it plans to introduce VoiceNow in Los Angeles, Chicago, Miami and Atlanta by the end of May.  </p>
<p>PageNet said it expects VoiceNow to be in more than 50 metropolitan markets nationwide by the end of the year.</p>
<p>The company said it plans to test various pricing and product packages in these new markets.</p>
</text>
<copyright>(c) Reuters Limited 1997</copyright>
<metadata>
<codes class="bip:countries:1.0">
  <code code="USA">
    <editdetail attribution="Reuters BIP Coding Group" action="confirmed" date="1997-03-26"/>
  </code>
</codes>
<codes class="bip:industries:1.0">
  <code code="I79020">
    <editdetail attribution="Reuters BIP Coding Group" action="confirmed" date="1997-03-26"/>
  </code>
</codes>
<codes class="bip:topics:1.0">
  <code code="C22">
    <editdetail attribution="Reuters BIP Coding Group" action="confirmed" date="1997-03-26"/>
  </code>
  <code code="CCAT">
    <editdetail attribution="Reuters BIP Coding Group" action="confirmed" date="1997-03-26"/>
  </code>
</codes>
<dc element="dc.date.created" value="1997-03-26"/>
<dc element="dc.publisher" value="Reuters Holdings Plc"/>
<dc element="dc.date.published" value="1997-03-26"/>
<dc element="dc.source" value="Reuters"/>
<dc element="dc.creator.location" value="DALLAS"/>
<dc element="dc.creator.location.country.name" value="USA"/>
<dc element="dc.source" value="Reuters"/>
</metadata>
</newsitem>
