<?xml version="1.0" encoding="iso-8859-1" ?>
<newsitem itemid="468492" id="root" date="1997-03-26" xml:lang="en">
<title>USA: Comarco Inc Q4 shr rises.</title>
<headline>Comarco Inc Q4 shr rises.</headline>
<dateline>YORBA LINDA, Calif. 1997-03-26</dateline>
<text>
<p>(Dollars in thousands Except Per Share Data)</p>
<p>			    Three Months Ended	 Year Ended</p>
<p>			   Jan. 31,     Jan. 31   Jan. 31   Jan. 31</p>
<p> Statement of income	1997	1996	1997	1996</p>
<p> Revenue		  $ 20,538   $ 16,781  $ 71,414  $ 69,841</p>
<p> Direct Costs	     12,480	9,629    42,914    43,184</p>
<p> Indirect costs	    6,137	5,540    21,882    21,112</p>
<p> Total operating costs  18,617     15,169    64,796    64,296</p>
<p> Operating income	  1,921	1,612     6,618     5,545</p>
<p> Net interest income	 133	  151	 559	 497</p>
<p>Income before income taxes</p>
<p>				 2,054	1,763     7,177     6,042</p>
<p> Income taxes		  668	  574     2,512     2,157</p>
<p>   Tax rate		    33%	  33%	 35%	 36%</p>
<p> Net Income		  1,386	1,189     4,665     3,885</p>
<p> Primary shr		  0.25	 0.22	0.86	0.75</p>
<p> Diluted shr		  0.25	 0.22	0.85	0.73</p>
<p> Avg shrs primary    5,542,000  5,346,000 5,429,000 5,185,000</p>
<p> Avg shrs diluted    5,557,000  5,386,000 5,468,000 5,307,000</p>
<p>((New York newsdesk 212-859-1610))</p>
</text>
<copyright>(c) Reuters Limited 1997</copyright>
<metadata>
<codes class="bip:countries:1.0">
  <code code="USA">
    <editdetail attribution="Reuters BIP Coding Group" action="confirmed" date="1997-03-26"/>
  </code>
</codes>
<codes class="bip:industries:1.0">
  <code code="I33020">
    <editdetail attribution="Reuters BIP Coding Group" action="confirmed" date="1997-03-26"/>
  </code>
</codes>
<codes class="bip:topics:1.0">
  <code code="C15">
    <editdetail attribution="Reuters BIP Coding Group" action="confirmed" date="1997-03-26"/>
  </code>
  <code code="C151">
    <editdetail attribution="Reuters BIP Coding Group" action="confirmed" date="1997-03-26"/>
  </code>
  <code code="C1511">
    <editdetail attribution="Reuters BIP Coding Group" action="confirmed" date="1997-03-26"/>
  </code>
  <code code="CCAT">
    <editdetail attribution="Reuters BIP Coding Group" action="confirmed" date="1997-03-26"/>
  </code>
</codes>
<dc element="dc.date.created" value="1997-03-26"/>
<dc element="dc.publisher" value="Reuters Holdings Plc"/>
<dc element="dc.date.published" value="1997-03-26"/>
<dc element="dc.source" value="Reuters"/>
<dc element="dc.creator.location" value="YORBA LINDA, Calif."/>
<dc element="dc.creator.location.country.name" value="USA"/>
<dc element="dc.source" value="Reuters"/>
</metadata>
</newsitem>
