<?xml version="1.0" encoding="iso-8859-1" ?>
<newsitem itemid="468484" id="root" date="1997-03-26" xml:lang="en">
<title>USA: Hartmarx Corp Q1 Feb 28 profit vs loss.</title>
<headline>Hartmarx Corp Q1 Feb 28 profit vs loss.</headline>
<dateline>CHICAGO 1997-03-26</dateline>
<text>
<p>1997			1996</p>
<p> Oper shr profit	  $0.04     loss	 $0.05</p>
<p> Oper net profit	  1,345     loss	 1,595</p>
<p> Revs		     177,118		  150,859</p>
<p> Avg shrs		  33,620		   32,837</p>
<p>(All Data Above 000s Except Per Share Numbers)</p>
<p>NOTE: Year-ago period ended February 29, 1996, excludes extraordinary gain of $661,000, or $0.02 a share, related to purchase of $10 million principal amount of 10.875 percent senior subordinated debentures.</p>
<p>((--Chicago Newsdesk (312) 408-8787))</p>
</text>
<copyright>(c) Reuters Limited 1997</copyright>
<metadata>
<codes class="bip:countries:1.0">
  <code code="USA">
    <editdetail attribution="Reuters BIP Coding Group" action="confirmed" date="1997-03-26"/>
  </code>
</codes>
<codes class="bip:industries:1.0">
  <code code="I45300">
    <editdetail attribution="Reuters BIP Coding Group" action="confirmed" date="1997-03-26"/>
  </code>
</codes>
<codes class="bip:topics:1.0">
  <code code="C15">
    <editdetail attribution="Reuters BIP Coding Group" action="confirmed" date="1997-03-26"/>
  </code>
  <code code="C151">
    <editdetail attribution="Reuters BIP Coding Group" action="confirmed" date="1997-03-26"/>
  </code>
  <code code="CCAT">
    <editdetail attribution="Reuters BIP Coding Group" action="confirmed" date="1997-03-26"/>
  </code>
</codes>
<dc element="dc.date.created" value="1997-03-26"/>
<dc element="dc.publisher" value="Reuters Holdings Plc"/>
<dc element="dc.date.published" value="1997-03-26"/>
<dc element="dc.source" value="Reuters"/>
<dc element="dc.creator.location" value="CHICAGO"/>
<dc element="dc.creator.location.country.name" value="USA"/>
<dc element="dc.source" value="Reuters"/>
</metadata>
</newsitem>
