<?xml version="1.0" encoding="iso-8859-1" ?>
<newsitem itemid="468408" id="root" date="1997-03-26" xml:lang="en">
<title>USA: Johnston Industries Q4 shr loss $0.01.</title>
<headline>Johnston Industries Q4 shr loss $0.01.</headline>
<dateline>COLUMBUS, Ga. 1997-03-26</dateline>
<text>
<p>(In thousands, except per share amounts)</p>
<p>					     For the Three Months Ended</p>
<p>						    Dec. 28	Dec. 30,</p>
<p>							 1996	   1995</p>
<p> Net Sales					$ 79,039    $  75,880</p>
<p> Income (Loss) from Continuing Operations  (897)	(4,854)</p>
<p> Income from Discontinued Operations	   852	    526</p>
<p> Net Income (Loss)				  (45)	(4,328)</p>
<p> Earnings (Loss) Applicable to Common Stock (86)	(4,328)</p>
<p>Earnings (Loss) Per Share:</p>
<p>  Continuing Operations			  (.09)	  (.46)</p>
<p>  Discontinued Operations			  .08	    .05</p>
<p>  Extraordinary Item				  --	     --</p>
<p>  Total						(.01)	  (.41)</p>
<p>Weighted Average Number of Common and</p>
<p>  Common Equivalent Shares Outstanding    10,363	 10,565</p>
<p>					    For the Twelve Months Ended</p>
<p>						     Dec. 28	Dec. 30</p>
<p>							  1996	   1995</p>
<p> Net Sales					$321,883    $ 326,082</p>
<p> Income (Loss) from Continuing Operations     15	(3,460)</p>
<p> Income from Discontinued Operations	 3,384	    949</p>
<p> Net Income (Loss)				 2,872	(2,511)</p>
<p>Earnings (Loss) Applicable to Common Stock</p>
<p>							 2,747	(2,511)</p>
<p>Earnings (Loss) Per Share:</p>
<p>   Continuing Operations			 (.01)	  (.33)</p>
<p>   Discontinued Operations			 .32	    .09</p>
<p>   Extraordinary Item			    (.05)	     --</p>
<p>   Total					     $  26    $   (24)</p>
<p>Weighted Average Number of Common and</p>
<p> Common Equivalent Shares Outstanding     10,703	 10,565</p>
<p>--((New York Newsdesk 212 859-1610))</p>
</text>
<copyright>(c) Reuters Limited 1997</copyright>
<metadata>
<codes class="bip:countries:1.0">
  <code code="USA">
    <editdetail attribution="Reuters BIP Coding Group" action="confirmed" date="1997-03-26"/>
  </code>
</codes>
<codes class="bip:industries:1.0">
  <code code="I43000">
    <editdetail attribution="Reuters BIP Coding Group" action="confirmed" date="1997-03-26"/>
  </code>
</codes>
<codes class="bip:topics:1.0">
  <code code="C15">
    <editdetail attribution="Reuters BIP Coding Group" action="confirmed" date="1997-03-26"/>
  </code>
  <code code="C151">
    <editdetail attribution="Reuters BIP Coding Group" action="confirmed" date="1997-03-26"/>
  </code>
  <code code="C1511">
    <editdetail attribution="Reuters BIP Coding Group" action="confirmed" date="1997-03-26"/>
  </code>
  <code code="CCAT">
    <editdetail attribution="Reuters BIP Coding Group" action="confirmed" date="1997-03-26"/>
  </code>
</codes>
<dc element="dc.date.created" value="1997-03-26"/>
<dc element="dc.publisher" value="Reuters Holdings Plc"/>
<dc element="dc.date.published" value="1997-03-26"/>
<dc element="dc.source" value="Reuters"/>
<dc element="dc.creator.location" value="COLUMBUS, Ga."/>
<dc element="dc.creator.location.country.name" value="USA"/>
<dc element="dc.source" value="Reuters"/>
</metadata>
</newsitem>
