<?xml version="1.0" encoding="iso-8859-1" ?>
<newsitem itemid="468439" id="root" date="1997-03-26" xml:lang="en">
<title>USA: Neogen sees sales growth continuing in Q4.</title>
<headline>Neogen sees sales growth continuing in Q4.</headline>
<dateline>LANSING, Mich. 1997-03-26</dateline>
<text>
<p>Neogen Corp said Wednesday that it expects sales growth shown in January and February, which were part of its fiscal third quarter, will carry over to the fiscal fourth quarter.</p>
<p>Earlier, it reported third quarter earnings of $0.08 a share on sales of $3,587,000, up from year-ago earnings of $0.03 a share on sales of $3,330,000.</p>
<p>&quot;I am extremely pleased with third quarter results,&quot; James Herbert, president, said in a statement. &quot;The markets for food safety diagnostic products continue to grow both domestically and internationally.&quot;  </p>
<p>Future sales will benefit from continued phase-in of new government regulations and the introduction of more than 15 new Neogen products currently under development, he added.</p>
<p>Lon Bohannon, chief financial officer, said January and February sales showed substantial growth and this momentum will likely carry over to the fourth quarter.</p>
<p>Neogen makes products to control residues and improve quality in food, agricultural, pharmacologic and environmental industries.</p>
<p>The company said sales of diagnostic test kits to detect harmful residues in grain, nuts and spices were up 31 percent in the third quarter and grew 47 percent in the first nine months. Sales of test kits to detect harmful bacteria, such as E. coli and salmonella, to the meat and poultry industry increased nearly 80 percent in the third quarter and were up 148 percent year-to-date.</p>
<p>Sales of diagnostic products to the human clinical market were 43 percent higher in the third quarter, although sales of veterinary instruments fell 18 percent, Neogen said. Lower grain costs, improved cattle prices and a recently introduced delivery instrument are expected to result in improved veterinary instrument sales over the next three to six months.</p>
<p>((Reuters Chicago Newsdesk (312) 408-8787))</p>
</text>
<copyright>(c) Reuters Limited 1997</copyright>
<metadata>
<codes class="bip:countries:1.0">
  <code code="USA">
    <editdetail attribution="Reuters BIP Coding Group" action="confirmed" date="1997-03-26"/>
  </code>
</codes>
<codes class="bip:industries:1.0">
  <code code="I37200">
    <editdetail attribution="Reuters BIP Coding Group" action="confirmed" date="1997-03-26"/>
  </code>
</codes>
<codes class="bip:topics:1.0">
  <code code="C15">
    <editdetail attribution="Reuters BIP Coding Group" action="confirmed" date="1997-03-26"/>
  </code>
  <code code="C152">
    <editdetail attribution="Reuters BIP Coding Group" action="confirmed" date="1997-03-26"/>
  </code>
  <code code="C31">
    <editdetail attribution="Reuters BIP Coding Group" action="confirmed" date="1997-03-26"/>
  </code>
  <code code="CCAT">
    <editdetail attribution="Reuters BIP Coding Group" action="confirmed" date="1997-03-26"/>
  </code>
</codes>
<dc element="dc.date.created" value="1997-03-26"/>
<dc element="dc.publisher" value="Reuters Holdings Plc"/>
<dc element="dc.date.published" value="1997-03-26"/>
<dc element="dc.source" value="Reuters"/>
<dc element="dc.creator.location" value="LANSING, Mich."/>
<dc element="dc.creator.location.country.name" value="USA"/>
<dc element="dc.source" value="Reuters"/>
</metadata>
</newsitem>
