<?xml version="1.0" encoding="iso-8859-1" ?>
<newsitem itemid="468430" id="root" date="1997-03-26" xml:lang="en">
<title>USA: UC Television Network Q1 net loss lessens.</title>
<headline>UC Television Network Q1 net loss lessens.</headline>
<dateline>NEW YORK 1997-03-26</dateline>
<text>
<p>(Unaudited)			  Three Months Ended</p>
<p>					     Jan. 31,</p>
<p>					     1997	   1996</p>
<p> Sales				 $507,500	$290,963</p>
<p> Net loss			   (551,686)     (738,665)</p>
<p> Net loss per common share	 (0.05)	  (0.12)</p>
<p>Weighted average number of</p>
<p>  common shares outstanding  10,947,925     5,968,886</p>
<p>NOTE: Full company name is UC Television Network Corp.</p>
<p>((-- New York Newsdesk 212 859-1610))</p>
</text>
<copyright>(c) Reuters Limited 1997</copyright>
<metadata>
<codes class="bip:countries:1.0">
  <code code="USA">
    <editdetail attribution="Reuters BIP Coding Group" action="confirmed" date="1997-03-26"/>
  </code>
</codes>
<codes class="bip:industries:1.0">
  <code code="I9741112">
    <editdetail attribution="Reuters BIP Coding Group" action="confirmed" date="1997-03-26"/>
  </code>
</codes>
<codes class="bip:topics:1.0">
  <code code="C15">
    <editdetail attribution="Reuters BIP Coding Group" action="confirmed" date="1997-03-26"/>
  </code>
  <code code="C151">
    <editdetail attribution="Reuters BIP Coding Group" action="confirmed" date="1997-03-26"/>
  </code>
  <code code="CCAT">
    <editdetail attribution="Reuters BIP Coding Group" action="confirmed" date="1997-03-26"/>
  </code>
</codes>
<dc element="dc.date.created" value="1997-03-26"/>
<dc element="dc.publisher" value="Reuters Holdings Plc"/>
<dc element="dc.date.published" value="1997-03-26"/>
<dc element="dc.source" value="Reuters"/>
<dc element="dc.creator.location" value="NEW YORK"/>
<dc element="dc.creator.location.country.name" value="USA"/>
<dc element="dc.source" value="Reuters"/>
</metadata>
</newsitem>
