<?xml version="1.0" encoding="iso-8859-1" ?>
<newsitem itemid="468463" id="root" date="1997-03-26" xml:lang="en">
<title>USA: Phymatrix Q4 shr $0.16.</title>
<headline>Phymatrix Q4 shr $0.16.</headline>
<dateline>WEST PALM BEACH, Fla. 1997-03-26</dateline>
<text>
<p>(In thousands, except per share data)</p>
<p>			   Three Months Ended	  Year Ended</p>
<p>			  Jan. 31    Dec. 31    Jan. 31     Dec. 31</p>
<p>			    1997	 1995	 1997	  1995</p>
<p>Net revenue	   $60,592    $30,616     $189,961    $70,733</p>
<p>Operating expenses</p>
<p>Cost of affiliated physician</p>
<p>management services  12,581	7,376	 42,245	9,656</p>
<p>Salaries, wages and benefits</p>
<p>			   14,013     10,552	 52,313     31,976</p>
<p>Depreciation and amortization</p>
<p>			    1,928	1,515	  7,144	3,863</p>
<p>Pre-tax income (loss) 5,630     (4,541)	18,893   (11,025)</p>
<p>Income tax expense    1,918	   **	  6,836	   **</p>
<p>Net income (loss)    $3,712    $(4,541)     $12,057  $(11,025)</p>
<p>Earnings per weighted average</p>
<p>     share		$0.16	   --	  $0.54	   --</p>
<p>Weighted average number of shares</p>
<p>outstanding	    23,198	   --	 22,511	   --</p>
<p>** Provision for income taxes has not been reflected in the combined financial statements for the three and 12 mths ended Dec 31, 1995 since there was no taxable income on a combined basis.</p>
</text>
<copyright>(c) Reuters Limited 1997</copyright>
<metadata>
<codes class="bip:countries:1.0">
  <code code="USA">
    <editdetail attribution="Reuters BIP Coding Group" action="confirmed" date="1997-03-26"/>
  </code>
</codes>
<codes class="bip:topics:1.0">
  <code code="C15">
    <editdetail attribution="Reuters BIP Coding Group" action="confirmed" date="1997-03-26"/>
  </code>
  <code code="C151">
    <editdetail attribution="Reuters BIP Coding Group" action="confirmed" date="1997-03-26"/>
  </code>
  <code code="C1511">
    <editdetail attribution="Reuters BIP Coding Group" action="confirmed" date="1997-03-26"/>
  </code>
  <code code="CCAT">
    <editdetail attribution="Reuters BIP Coding Group" action="confirmed" date="1997-03-26"/>
  </code>
</codes>
<dc element="dc.date.created" value="1997-03-26"/>
<dc element="dc.publisher" value="Reuters Holdings Plc"/>
<dc element="dc.date.published" value="1997-03-26"/>
<dc element="dc.source" value="Reuters"/>
<dc element="dc.creator.location" value="WEST PALM BEACH, Fla."/>
<dc element="dc.creator.location.country.name" value="USA"/>
<dc element="dc.source" value="Reuters"/>
</metadata>
</newsitem>
