<?xml version="1.0" encoding="iso-8859-1" ?>
<newsitem itemid="468447" id="root" date="1997-03-26" xml:lang="en">
<title>USA: Daxor sets dividend policy.</title>
<headline>Daxor sets dividend policy.</headline>
<dateline>NEW YORK 1997-03-26</dateline>
<text>
<p>Daxor Corp Wednesday said its board voted to institute an annual dividend policy of one dividend payment per year.</p>
<p>The first dividend of $0.50 per share to shareholders of record on April 30, 1997, will be paid on May 30, 1997.</p>
</text>
<copyright>(c) Reuters Limited 1997</copyright>
<metadata>
<codes class="bip:countries:1.0">
  <code code="USA">
    <editdetail attribution="Reuters BIP Coding Group" action="confirmed" date="1997-03-26"/>
  </code>
</codes>
<codes class="bip:industries:1.0">
  <code code="I95100">
    <editdetail attribution="Reuters BIP Coding Group" action="confirmed" date="1997-03-26"/>
  </code>
</codes>
<codes class="bip:topics:1.0">
  <code code="C15">
    <editdetail attribution="Reuters BIP Coding Group" action="confirmed" date="1997-03-26"/>
  </code>
  <code code="C151">
    <editdetail attribution="Reuters BIP Coding Group" action="confirmed" date="1997-03-26"/>
  </code>
  <code code="CCAT">
    <editdetail attribution="Reuters BIP Coding Group" action="confirmed" date="1997-03-26"/>
  </code>
</codes>
<dc element="dc.date.created" value="1997-03-26"/>
<dc element="dc.publisher" value="Reuters Holdings Plc"/>
<dc element="dc.date.published" value="1997-03-26"/>
<dc element="dc.source" value="Reuters"/>
<dc element="dc.creator.location" value="NEW YORK"/>
<dc element="dc.creator.location.country.name" value="USA"/>
<dc element="dc.source" value="Reuters"/>
</metadata>
</newsitem>
