<?xml version="1.0" encoding="iso-8859-1" ?>
<newsitem itemid="468428" id="root" date="1997-03-26" xml:lang="en">
<title>USA: Kingdom of Thailand to tap U.S. corp debt market.</title>
<headline>Kingdom of Thailand to tap U.S. corp debt market.</headline>
<dateline>NEW YORK 1997-03-26</dateline>
<text>
<p>The Kingdom of Thailand is expected to tap the corporate bond primary market with a $700 million two-part debt offering in early April, syndicate sources said.</p>
<p>The A2/A rated deal is expected to include a $500 million 10-year issue and a $200 million 30-year tranche, sources said.</p>
<p>The deal is expected to be underwritten by joint managers Lehman Brothers and Salomon Brothers Inc, they added.</p>
<p>(( --Nancy Leinfuss, 212-859-1675 ))</p>
</text>
<copyright>(c) Reuters Limited 1997</copyright>
<metadata>
<codes class="bip:countries:1.0">
  <code code="THAIL">
    <editdetail attribution="Reuters BIP Coding Group" action="confirmed" date="1997-03-26"/>
  </code>
  <code code="USA">
    <editdetail attribution="Reuters BIP Coding Group" action="confirmed" date="1997-03-26"/>
  </code>
</codes>
<codes class="bip:topics:1.0">
  <code code="E21">
    <editdetail attribution="Reuters BIP Coding Group" action="confirmed" date="1997-03-26"/>
  </code>
  <code code="E212">
    <editdetail attribution="Reuters BIP Coding Group" action="confirmed" date="1997-03-26"/>
  </code>
  <code code="ECAT">
    <editdetail attribution="Reuters BIP Coding Group" action="confirmed" date="1997-03-26"/>
  </code>
</codes>
<dc element="dc.date.created" value="1997-03-26"/>
<dc element="dc.publisher" value="Reuters Holdings Plc"/>
<dc element="dc.date.published" value="1997-03-26"/>
<dc element="dc.source" value="Reuters"/>
<dc element="dc.creator.location" value="NEW YORK"/>
<dc element="dc.creator.location.country.name" value="USA"/>
<dc element="dc.source" value="Reuters"/>
</metadata>
</newsitem>
