<?xml version="1.0" encoding="iso-8859-1" ?>
<newsitem itemid="468540" id="root" date="1997-03-26" xml:lang="en">
<title>PORTUGAL: RALLYING-PORTUGUESE RALLY LATEST RESULTS.</title>
<headline>RALLYING-PORTUGUESE RALLY LATEST RESULTS.</headline>
<dateline>FIGUEIRA DA FOZ, Portugal 1997-03-26</dateline>
<text>
<p>Leading</p>
<p>results in the Portuguese Rally at the end of the 26th stage on</p>
<p>Wednesday:</p>
<p>1. Tommi Makinen (Finland) Mitsubishi four hours one minute</p>
<p>three seconds</p>
<p>    2. Freddy Loix (Belgium) Toyota		 4:04:34</p>
<p>    3. Armin Schwarz (Germany) Ford		 4:06:43</p>
<p>    4. Gregoire de Mevius (France) Ford	   4:10:45</p>
<p>    5. Jean-Pierre Richelmi (Monaco) Ford	 4:16:20</p>
</text>
<copyright>(c) Reuters Limited 1997</copyright>
<metadata>
<codes class="bip:countries:1.0">
  <code code="FIN">
    <editdetail attribution="Reuters BIP Coding Group" action="confirmed" date="1997-03-26"/>
  </code>
  <code code="PORL">
    <editdetail attribution="Reuters BIP Coding Group" action="confirmed" date="1997-03-26"/>
  </code>
</codes>
<codes class="bip:topics:1.0">
  <code code="GCAT">
    <editdetail attribution="Reuters BIP Coding Group" action="confirmed" date="1997-03-26"/>
  </code>
  <code code="GSPO">
    <editdetail attribution="Reuters BIP Coding Group" action="confirmed" date="1997-03-26"/>
  </code>
</codes>
<dc element="dc.date.created" value="1997-03-26"/>
<dc element="dc.publisher" value="Reuters Holdings Plc"/>
<dc element="dc.date.published" value="1997-03-26"/>
<dc element="dc.source" value="Reuters"/>
<dc element="dc.creator.location" value="FIGUEIRA DA FOZ, Portugal"/>
<dc element="dc.creator.location.country.name" value="PORTUGAL"/>
<dc element="dc.source" value="Reuters"/>
</metadata>
</newsitem>
