<?xml version="1.0" encoding="iso-8859-1" ?>
<newsitem itemid="468555" id="root" date="1997-03-26" xml:lang="en">
<title>UK: SOCCER-ARSENAL DENY BA LINK.</title>
<headline>SOCCER-ARSENAL DENY BA LINK.</headline>
<dateline>LONDON 1997-03-26</dateline>
<text>
<p>English premier league soccer club Arsenal denied on Wednesday they were planning to buy French international striker Ibrahim Ba from Bordeaux.</p>
<p>The French daily sports newspaper l'Equipe claimed the London club was ready to pay 35 million francs ($6.2 million).</p>
<p>L'Equipe added that Ba's father and his agent attended Arsenal's league game against Liverpool on Monday to discuss the move with Arsenal's French coach Arsene Wenger.</p>
<p>Bordeaux denied having any contact with Arsenal about the 24-year-old striker, who is under contract until 2001, and an Arsenal spokeswoman dismissed the report as &quot;paper speculation.&quot;</p>
<p>&quot;Mr Wenger admires many players and is always looking for the right players at the right price,&quot; she said.</p>
</text>
<copyright>(c) Reuters Limited 1997</copyright>
<metadata>
<codes class="bip:countries:1.0">
  <code code="FRA">
    <editdetail attribution="Reuters BIP Coding Group" action="confirmed" date="1997-03-26"/>
  </code>
  <code code="UK">
    <editdetail attribution="Reuters BIP Coding Group" action="confirmed" date="1997-03-26"/>
  </code>
</codes>
<codes class="bip:topics:1.0">
  <code code="GCAT">
    <editdetail attribution="Reuters BIP Coding Group" action="confirmed" date="1997-03-26"/>
  </code>
  <code code="GSPO">
    <editdetail attribution="Reuters BIP Coding Group" action="confirmed" date="1997-03-26"/>
  </code>
</codes>
<dc element="dc.date.created" value="1997-03-26"/>
<dc element="dc.publisher" value="Reuters Holdings Plc"/>
<dc element="dc.date.published" value="1997-03-26"/>
<dc element="dc.source" value="Reuters"/>
<dc element="dc.creator.location" value="LONDON"/>
<dc element="dc.creator.location.country.name" value="UK"/>
<dc element="dc.source" value="Reuters"/>
</metadata>
</newsitem>
