<?xml version="1.0" encoding="iso-8859-1" ?>
<newsitem itemid="468576" id="root" date="1997-03-26" xml:lang="en">
<title>USA: NBA-RODMAN OUT REST OF SEASON, MAY BE BACK FOR PLAYOFFS.</title>
<headline>NBA-RODMAN OUT REST OF SEASON, MAY BE BACK FOR PLAYOFFS.</headline>
<dateline>CHICAGO 1997-03-26</dateline>
<text>
<p>Dennis Rodman of the Chicago Bulls sprained a ligament in his left knee on Tuesday and likely will miss the rest of the regular NBA season, a Bulls' spokesman said on Wednesday.</p>
<p>Rodman will &quot;be in a brace the next couple of days and we'll limit his activities,&quot; Bulls General Manager Jerry Krause said in a radio interview over WBBM.</p>
<p>&quot;Then we'll start on therapy a couple of days from now. He'll be in a brace and on crutches. We're going to take every precaution with it. Darn thing, with two seconds to go in the game last night of all freak things. We expect him back for the playoffs.&quot;</p>
<p>Rodman, 35, sustained the injury on Tuesday when he banged knees with Mavericks forward A.C. Green on a rebound in Chicago's 94-92 victory.</p>
<p>The Bulls lead the league with 60-9 record so far this season. They won an NBA-record 72 games last season, but their chances of winning 70 games for the second straight year will be reduced without Rodman.</p>
<p>Rodman is leading the league in rebounding again this season, pulling down 16.1 boards a game.</p>
<p>But his play off the court made more spectacular headlines.</p>
<p>Earlier this season, he was hit with an 11-game suspension for kicking a cameraman and later was kept out of a game for slapping Milwaukee Bucks forward Joe Wolf in the groin.</p>
<p>Rodman began his career with Detroit in 1986 and helped the Pistons win consecutive titles in 1989 and 1990. He was named NBA Defensive Player of the Year in 1990 and 1991 and won the first of his five rebounding titles in 1992.</p>
<p>He is the only player in history to win a major statistical category with three different teams.</p>
</text>
<copyright>(c) Reuters Limited 1997</copyright>
<metadata>
<codes class="bip:countries:1.0">
  <code code="USA">
    <editdetail attribution="Reuters BIP Coding Group" action="confirmed" date="1997-03-26"/>
  </code>
</codes>
<codes class="bip:topics:1.0">
  <code code="GCAT">
    <editdetail attribution="Reuters BIP Coding Group" action="confirmed" date="1997-03-26"/>
  </code>
  <code code="GSPO">
    <editdetail attribution="Reuters BIP Coding Group" action="confirmed" date="1997-03-26"/>
  </code>
</codes>
<dc element="dc.date.created" value="1997-03-26"/>
<dc element="dc.publisher" value="Reuters Holdings Plc"/>
<dc element="dc.date.published" value="1997-03-26"/>
<dc element="dc.source" value="Reuters"/>
<dc element="dc.creator.location" value="CHICAGO"/>
<dc element="dc.creator.location.country.name" value="USA"/>
<dc element="dc.source" value="Reuters"/>
</metadata>
</newsitem>
