<?xml version="1.0" encoding="iso-8859-1" ?>
<newsitem itemid="468505" id="root" date="1997-03-26" xml:lang="en">
<title>USA: Dave &amp; Busters Inc Q4 revs, net, shr rise.</title>
<headline>Dave &amp; Busters Inc Q4 revs, net, shr rise.</headline>
<dateline>DALLAS 1997-03-25</dateline>
<text>
<p>(in thousands, except per share amounts)</p>
<p>							13 Wks	 14 Wks</p>
<p>							Ended	   Ended</p>
<p>						    Feb. 2,	 Feb. 4,</p>
<p>							 1997	    1996</p>
<p> Revenues					  $27,317	$16,702</p>
<p> Income Before Provision for Income Taxes  3,474	  2,274</p>
<p> Net Income					  2,084	  1,342</p>
<p> Earnings Per Common Share			0.29	   0.19</p>
<p> Weighted Average Common Shares		7,268	  7,242</p>
<p>							52 Wks	 53 Wks</p>
<p>							 Ended	  Ended</p>
<p>						     Feb. 2,	Feb. 4,</p>
<p>							 1997	    1996</p>
<p> Revenues					   88,775	 52,544</p>
<p>Income Before Provision for Income Taxes</p>
<p>							10,683	  5,009</p>
<p> Net Income					  6,340	  2,922</p>
<p> Earnings Per Common Share			0.87	   0.50</p>
<p> Weighted Average Common Shares		7,268	  5,787</p>
</text>
<copyright>(c) Reuters Limited 1997</copyright>
<metadata>
<codes class="bip:countries:1.0">
  <code code="USA">
    <editdetail attribution="Reuters BIP Coding Group" action="confirmed" date="1997-03-26"/>
  </code>
</codes>
<codes class="bip:topics:1.0">
  <code code="C15">
    <editdetail attribution="Reuters BIP Coding Group" action="confirmed" date="1997-03-26"/>
  </code>
  <code code="C151">
    <editdetail attribution="Reuters BIP Coding Group" action="confirmed" date="1997-03-26"/>
  </code>
  <code code="C1511">
    <editdetail attribution="Reuters BIP Coding Group" action="confirmed" date="1997-03-26"/>
  </code>
  <code code="CCAT">
    <editdetail attribution="Reuters BIP Coding Group" action="confirmed" date="1997-03-26"/>
  </code>
</codes>
<dc element="dc.date.created" value="1997-03-25"/>
<dc element="dc.publisher" value="Reuters Holdings Plc"/>
<dc element="dc.date.published" value="1997-03-26"/>
<dc element="dc.source" value="Reuters"/>
<dc element="dc.creator.location" value="DALLAS"/>
<dc element="dc.creator.location.country.name" value="USA"/>
<dc element="dc.source" value="Reuters"/>
</metadata>
</newsitem>
