<?xml version="1.0" encoding="iso-8859-1" ?>
<newsitem itemid="468511" id="root" date="1997-03-26" xml:lang="en">
<title>USA: Lexus names new sport utility vehicle RX 300.</title>
<headline>Lexus names new sport utility vehicle RX 300.</headline>
<dateline>NEW YORK 1997-03-25</dateline>
<text>
<p>Toyota Motor Corp.'s Lexus Division said the new car-based luxury sport utility vehicle it will introduce next year will be called the RX 300.</p>
<p>Based on the Sport Luxury Vehicle concept unveiled last month in Chicago, the mid-sized sport utility vehicle aims to combine the ride and comfort of a luxury car with increased ground clearance, four-wheel drive performance and a rugged-looking sport utility body. Pricing is expected in the mid-$30,000 range.</p>
<p>Based on the Lexus ES 300 luxury sedan chassis, the RX 300 is powered by a new all-aluminum 3.0-liter 24-valve V6 engine. Toyota announced the name in advance of the New York Auto Show press previews, which start Wednesday.</p>
</text>
<copyright>(c) Reuters Limited 1997</copyright>
<metadata>
<codes class="bip:countries:1.0">
  <code code="JAP">
    <editdetail attribution="Reuters BIP Coding Group" action="confirmed" date="1997-03-26"/>
  </code>
  <code code="USA">
    <editdetail attribution="Reuters BIP Coding Group" action="confirmed" date="1997-03-26"/>
  </code>
</codes>
<codes class="bip:industries:1.0">
  <code code="I35101">
    <editdetail attribution="Reuters BIP Coding Group" action="confirmed" date="1997-03-26"/>
  </code>
</codes>
<codes class="bip:topics:1.0">
  <code code="C22">
    <editdetail attribution="Reuters BIP Coding Group" action="confirmed" date="1997-03-26"/>
  </code>
  <code code="CCAT">
    <editdetail attribution="Reuters BIP Coding Group" action="confirmed" date="1997-03-26"/>
  </code>
</codes>
<dc element="dc.date.created" value="1997-03-25"/>
<dc element="dc.publisher" value="Reuters Holdings Plc"/>
<dc element="dc.date.published" value="1997-03-26"/>
<dc element="dc.source" value="Reuters"/>
<dc element="dc.creator.location" value="NEW YORK"/>
<dc element="dc.creator.location.country.name" value="USA"/>
<dc element="dc.source" value="Reuters"/>
</metadata>
</newsitem>
