<?xml version="1.0" encoding="iso-8859-1" ?>
<newsitem itemid="468571" id="root" date="1997-03-26" xml:lang="en">
<title>HONG KONG: RUGBY UNION - FIJI PLAYERS CHARGED WITH INDECENT ASSAULT.</title>
<headline>RUGBY UNION - FIJI PLAYERS CHARGED WITH INDECENT ASSAULT.</headline>
<dateline>HONG KONG 1997-03-26</dateline>
<text>
<p>Three members of a Fijian rugby team will appear on a Hong Kong court on Wednesday charged with indecent assault, a police spokesman said.</p>
<p>The charge sheet listed the trio as Save Lutumailagi, Meli Nakauta and Manoa Kasamaivomo.</p>
<p>It said the men were charged with indecently assaulting three females on Tuesday.</p>
<p>The players were members of a Fijian team which finished as the runners up in a rugby 10-a-side competition in the British colony last week.</p>
</text>
<copyright>(c) Reuters Limited 1997</copyright>
<metadata>
<codes class="bip:countries:1.0">
  <code code="FIJI">
    <editdetail attribution="Reuters BIP Coding Group" action="confirmed" date="1997-03-26"/>
  </code>
  <code code="HKONG">
    <editdetail attribution="Reuters BIP Coding Group" action="confirmed" date="1997-03-26"/>
  </code>
</codes>
<codes class="bip:topics:1.0">
  <code code="GCAT">
    <editdetail attribution="Reuters BIP Coding Group" action="confirmed" date="1997-03-26"/>
  </code>
  <code code="GSPO">
    <editdetail attribution="Reuters BIP Coding Group" action="confirmed" date="1997-03-26"/>
  </code>
</codes>
<dc element="dc.date.created" value="1997-03-26"/>
<dc element="dc.publisher" value="Reuters Holdings Plc"/>
<dc element="dc.date.published" value="1997-03-26"/>
<dc element="dc.source" value="Reuters"/>
<dc element="dc.creator.location" value="HONG KONG"/>
<dc element="dc.creator.location.country.name" value="HONG KONG"/>
<dc element="dc.source" value="Reuters"/>
</metadata>
</newsitem>
