<?xml version="1.0" encoding="iso-8859-1" ?>
<newsitem itemid="468537" id="root" date="1997-03-26" xml:lang="en">
<title>PORTUGAL: RALLYING-MAKINEN WINS PORTUGUESE RALLY.</title>
<headline>RALLYING-MAKINEN WINS PORTUGUESE RALLY.</headline>
<dateline>FIGUEIRA DA FOZ, Portugal 1997-03-26</dateline>
<text>
<p>Reigning world champion Tommi Makinen of Finland, driving a Mitsubishi, won the Portuguese Rally on Wednesday when he finished four minutes and five seconds clear of second placed Belgian Freddy Loix in his Toyota.</p>
<p>Germany's Armin Schwarz finished third in his Ford.</p>
</text>
<copyright>(c) Reuters Limited 1997</copyright>
<metadata>
<codes class="bip:countries:1.0">
  <code code="PORL">
    <editdetail attribution="Reuters BIP Coding Group" action="confirmed" date="1997-03-26"/>
  </code>
</codes>
<codes class="bip:topics:1.0">
  <code code="GCAT">
    <editdetail attribution="Reuters BIP Coding Group" action="confirmed" date="1997-03-26"/>
  </code>
  <code code="GSPO">
    <editdetail attribution="Reuters BIP Coding Group" action="confirmed" date="1997-03-26"/>
  </code>
</codes>
<dc element="dc.date.created" value="1997-03-26"/>
<dc element="dc.publisher" value="Reuters Holdings Plc"/>
<dc element="dc.date.published" value="1997-03-26"/>
<dc element="dc.source" value="Reuters"/>
<dc element="dc.creator.location" value="FIGUEIRA DA FOZ, Portugal"/>
<dc element="dc.creator.location.country.name" value="PORTUGAL"/>
<dc element="dc.source" value="Reuters"/>
</metadata>
</newsitem>
