<?xml version="1.0" encoding="iso-8859-1" ?>
<newsitem itemid="468554" id="root" date="1997-03-26" xml:lang="en">
<title>UK: SOCCER-HAALAND SET TO LEAVE FOREST FOR ITALY.</title>
<headline>SOCCER-HAALAND SET TO LEAVE FOREST FOR ITALY.</headline>
<dateline>LONDON 1997-03-26</dateline>
<text>
<p>Relegation-threatened English premier league club Nottingham Forest accepted on Wednesday that Alf-Inge Haaland will leave the City Ground at the end of the season.</p>
<p>Forest have offered the Norwegian international a lucrative new contract to extend his three-year stay with the club, but now seem certain to lose him to Italian side Napoli in the summer.</p>
<p>The 24-year-old midfielder becomes a free agent at the end of the season and has made contact with agents acting for the Italians, informing them he is keen to listen to what is on offer.</p>
<p>Forest general manager Dave Bassett has been told that Haaland will not be making a decision on his future until the summer, but his refusal to sign a new deal before Thursday's transfer deadline indicates he is ready to leave.</p>
<p>&quot;There is nothing we can do because of the Bosman rule,&quot; said Bassett. &quot;We've offered him a new contract and we want him to stay, but under freedom of contract he's holding all the aces.&quot;</p>
<p>Forest are in the relegation zone, third-from-bottom in the league, and have played more games than all their rivals.</p>
</text>
<copyright>(c) Reuters Limited 1997</copyright>
<metadata>
<codes class="bip:countries:1.0">
  <code code="ITALY">
    <editdetail attribution="Reuters BIP Coding Group" action="confirmed" date="1997-03-26"/>
  </code>
  <code code="NORW">
    <editdetail attribution="Reuters BIP Coding Group" action="confirmed" date="1997-03-26"/>
  </code>
  <code code="UK">
    <editdetail attribution="Reuters BIP Coding Group" action="confirmed" date="1997-03-26"/>
  </code>
</codes>
<codes class="bip:topics:1.0">
  <code code="GCAT">
    <editdetail attribution="Reuters BIP Coding Group" action="confirmed" date="1997-03-26"/>
  </code>
  <code code="GSPO">
    <editdetail attribution="Reuters BIP Coding Group" action="confirmed" date="1997-03-26"/>
  </code>
</codes>
<dc element="dc.date.created" value="1997-03-26"/>
<dc element="dc.publisher" value="Reuters Holdings Plc"/>
<dc element="dc.date.published" value="1997-03-26"/>
<dc element="dc.source" value="Reuters"/>
<dc element="dc.creator.location" value="LONDON"/>
<dc element="dc.creator.location.country.name" value="UK"/>
<dc element="dc.source" value="Reuters"/>
</metadata>
</newsitem>
