<?xml version="1.0" encoding="iso-8859-1" ?>
<newsitem itemid="468574" id="root" date="1997-03-26" xml:lang="en">
<title>CYPRUS: SOCCER-INJURIES HIT CYPRUS AHEAD OF RUSSIA CLASH.</title>
<headline>SOCCER-INJURIES HIT CYPRUS AHEAD OF RUSSIA CLASH.</headline>
<dateline>NICOSIA 1997-03-26</dateline>
<text>
<p>Cyprus may be forced by a spate of injuries to make changes for Saturday's World Cup match against Russia, their first qualifier since losing to Bulgaria in a game that led to match-rigging claims.</p>
<p>At least seven probables are out, and coach Stavros Papadopoulos said on Wednesday: &quot;We have some problems with injuries. We will assess the situation and we may be bringing in new players.&quot;</p>
<p>Papadopoulos took over after Andreas Michaelides resigned as coach in January following allegations the match against Bulgaria was rigged. Michaelides cited personal reasons for quitting.</p>
<p>Cyprus lost 3-1 to the Bulgarians in a European group five qualifier in Limassol on December 14, and rumours subsequently surfaced that some players placed high bets for their team to lose.</p>
<p>The claims are now the subject of an official inquiry by the Cyprus Sports Association (KOA).</p>
<p>&quot;Morale was down but we have managed to bolster it and I believe they (the players) have managed to overcome the</p>
</text>
<copyright>(c) Reuters Limited 1997</copyright>
<metadata>
<codes class="bip:countries:1.0">
  <code code="BUL">
    <editdetail attribution="Reuters BIP Coding Group" action="confirmed" date="1997-03-26"/>
  </code>
  <code code="CYPR">
    <editdetail attribution="Reuters BIP Coding Group" action="confirmed" date="1997-03-26"/>
  </code>
  <code code="RUSS">
    <editdetail attribution="Reuters BIP Coding Group" action="confirmed" date="1997-03-26"/>
  </code>
</codes>
<codes class="bip:topics:1.0">
  <code code="GCAT">
    <editdetail attribution="Reuters BIP Coding Group" action="confirmed" date="1997-03-26"/>
  </code>
  <code code="GSPO">
    <editdetail attribution="Reuters BIP Coding Group" action="confirmed" date="1997-03-26"/>
  </code>
</codes>
<dc element="dc.date.created" value="1997-03-26"/>
<dc element="dc.publisher" value="Reuters Holdings Plc"/>
<dc element="dc.date.published" value="1997-03-26"/>
<dc element="dc.source" value="Reuters"/>
<dc element="dc.creator.location" value="NICOSIA"/>
<dc element="dc.creator.location.country.name" value="CYPRUS"/>
<dc element="dc.source" value="Reuters"/>
</metadata>
</newsitem>
