<?xml version="1.0" encoding="iso-8859-1" ?>
<newsitem itemid="468549" id="root" date="1997-03-26" xml:lang="en">
<title>UK: SOCCER-WEST HAM WAIT FOR LOMAS DECISION.</title>
<headline>SOCCER-WEST HAM WAIT FOR LOMAS DECISION.</headline>
<dateline>LONDON 1997-03-26</dateline>
<text>
<p>Manchester City's Northern Ireland international Steve Lomas was deciding whether to join premier league West Ham after the clubs agreed a two million pounds sterling ($3.2 million) fee on Wednesday.</p>
<p>With Thursday's transfer deadline looming, West Ham manager Harry Redknapp will hope the 23-year-old midfielder agrees to move south to boost the London club's battle against relegation.</p>
<p>Redknapp has already spent almost six million pounds ($9.6 million) this month on two new strikers -- Arsenal's John Hartson and Newcastle's Paul Kitson.</p>
</text>
<copyright>(c) Reuters Limited 1997</copyright>
<metadata>
<codes class="bip:countries:1.0">
  <code code="UK">
    <editdetail attribution="Reuters BIP Coding Group" action="confirmed" date="1997-03-26"/>
  </code>
</codes>
<codes class="bip:topics:1.0">
  <code code="GCAT">
    <editdetail attribution="Reuters BIP Coding Group" action="confirmed" date="1997-03-26"/>
  </code>
  <code code="GSPO">
    <editdetail attribution="Reuters BIP Coding Group" action="confirmed" date="1997-03-26"/>
  </code>
</codes>
<dc element="dc.date.created" value="1997-03-26"/>
<dc element="dc.publisher" value="Reuters Holdings Plc"/>
<dc element="dc.date.published" value="1997-03-26"/>
<dc element="dc.source" value="Reuters"/>
<dc element="dc.creator.location" value="LONDON"/>
<dc element="dc.creator.location.country.name" value="UK"/>
<dc element="dc.source" value="Reuters"/>
</metadata>
</newsitem>
