<?xml version="1.0" encoding="iso-8859-1" ?>
<newsitem itemid="468556" id="root" date="1997-03-26" xml:lang="en">
<title>UK: MOTOR RACING-LOLA TO MISS BRAZILIAN GRAND PRIX.</title>
<headline>MOTOR RACING-LOLA TO MISS BRAZILIAN GRAND PRIX.</headline>
<byline>Jon Noble</byline>
<dateline>LONDON 1997-03-26</dateline>
<text>
<p>The Lola Formula One motor racing team on Wednesday withdrew from this weekend's Brazilian Grand Prix at Interlagos just two days before the start of practice because of &quot;financial and technical problems.&quot;.</p>
<p>The team's two cars, driven by Brazilian Ricardo Rosset and Italian Vincenzo Sospiri, will be flown back to their factory in England and it is unclear whether they will take any further part in the season's competition.</p>
<p>A spokesman for the team said: &quot;The team are returning here because of a few operation problems -- both technical and financial. We are just holding the situation at the moment.&quot;</p>
<p>Although the spokesman made it clear the team intended to take part in the next round of the world championship, the Argentine Grand Prix on April 13, it is very rare for teams to return to the sport after missing an event because of the financial penalties imposed.</p>
<p>Neither of the Ford-powered cars managed to qualify for the Australian Grand Prix three weeks ago, although team founder and principal Eric Broadley said last week that he was confident they would have qualified at Interlagos.</p>
<p>&quot;I was disappointed that we did not race in Australia, but not entirely surprised,&quot; he said. &quot;I have no doubt that we will qualify in Brazil and then begin to work our way up the grid.&quot;</p>
<p>Traditionally a chassis manufacturer, Lola entered their own team for the first time this season with a budget of $35 million. They had hoped to switch to their own engines mid-way through the season.</p>
<p>Founded in 1958 they last competed in Formula One in the 1993 season as part of the BMS Lola Ferrari team.</p>
<p>They have only one Formula One victory to their name -- the 1967 Italian Grand Prix -- but have a long and distinguished history in other racing, including IndyCar, Formula 3000 and Le Mans.</p>
<p>The move back into Formula One was announced in November but Broadley said in January: &quot;It is exciting for us to be involved in Formula One but we are not going in with over-optimistic expectations.&quot;</p>
</text>
<copyright>(c) Reuters Limited 1997</copyright>
<metadata>
<codes class="bip:countries:1.0">
  <code code="BRAZ">
    <editdetail attribution="Reuters BIP Coding Group" action="confirmed" date="1997-03-26"/>
  </code>
  <code code="UK">
    <editdetail attribution="Reuters BIP Coding Group" action="confirmed" date="1997-03-26"/>
  </code>
</codes>
<codes class="bip:topics:1.0">
  <code code="GCAT">
    <editdetail attribution="Reuters BIP Coding Group" action="confirmed" date="1997-03-26"/>
  </code>
  <code code="GSPO">
    <editdetail attribution="Reuters BIP Coding Group" action="confirmed" date="1997-03-26"/>
  </code>
</codes>
<dc element="dc.date.created" value="1997-03-26"/>
<dc element="dc.publisher" value="Reuters Holdings Plc"/>
<dc element="dc.date.published" value="1997-03-26"/>
<dc element="dc.source" value="Reuters"/>
<dc element="dc.creator.location" value="LONDON"/>
<dc element="dc.creator.location.country.name" value="UK"/>
<dc element="dc.source" value="Reuters"/>
</metadata>
</newsitem>
