<?xml version="1.0" encoding="iso-8859-1" ?>
<newsitem itemid="468561" id="root" date="1997-03-26" xml:lang="en">
<title>POLAND: SOCCER-POLISH COACH NAMES WORLD CUP SQUAD FOR ITALY MATCH.</title>
<headline>SOCCER-POLISH COACH NAMES WORLD CUP SQUAD FOR ITALY MATCH.</headline>
<dateline>WARSAW 1997-03-26</dateline>
<text>
<p>Polish coach Antoni Piechniczek named a 23-man squad for the April 2 World Cup qualifier against Italy, PAP news agency reported on Wednesday.</p>
<p>Piechniczek, still awaiting the arrival of several key players who are with international clubs, is expected to name his final line-up for the Chorzow match early next week.</p>
<p>Squad:</p>
<p>Goalkeepers: Andrzej Wozniak (FC Porto), Grzegorz Szamotulski (Legia Warszawa), Arkadiusz Onyszko (Lech Poznan).</p>
<p>Defenders: Pawel Wojtala (HSV Hamburg), Tomasz Waldoch (VfL Bochum), Jacek Zielinski (Legia), Tomasz Hajto (Gornik Zabrze), Pawel Skrzypek (Legia), Radoslaw Kaluzny (Zaglebie Lubin), Marek Jozwiak (Guingamp), Adam Ledwon (GKS Katowice).</p>
<p>Midfielders: Piotr Nowak (TSV 1860 Monachium), Waldemar Kryger (Lech), Tomasz Sokolowski (Legia), Slawomir Majak (Widzew), Piotr Swierczewski (Bastia), Mariusz Kukielka (GKS Belchatow).</p>
<p>Forwards: Cezary Kucharski (Legia), Marek Citko (Widzew Lodz), Henryk Baluszynski (VfL Bochum), Krzysztof Warzycha (Panathinaikos Athens), Wojciech Kowalczyk (Real Betis), Andrzej Juskowiak (Borussia Moenchengladbach).</p>
</text>
<copyright>(c) Reuters Limited 1997</copyright>
<metadata>
<codes class="bip:countries:1.0">
  <code code="ITALY">
    <editdetail attribution="Reuters BIP Coding Group" action="confirmed" date="1997-03-26"/>
  </code>
  <code code="POL">
    <editdetail attribution="Reuters BIP Coding Group" action="confirmed" date="1997-03-26"/>
  </code>
</codes>
<codes class="bip:topics:1.0">
  <code code="GCAT">
    <editdetail attribution="Reuters BIP Coding Group" action="confirmed" date="1997-03-26"/>
  </code>
  <code code="GSPO">
    <editdetail attribution="Reuters BIP Coding Group" action="confirmed" date="1997-03-26"/>
  </code>
</codes>
<dc element="dc.date.created" value="1997-03-26"/>
<dc element="dc.publisher" value="Reuters Holdings Plc"/>
<dc element="dc.date.published" value="1997-03-26"/>
<dc element="dc.source" value="Reuters"/>
<dc element="dc.creator.location" value="WARSAW"/>
<dc element="dc.creator.location.country.name" value="POLAND"/>
<dc element="dc.source" value="Reuters"/>
</metadata>
</newsitem>
