<?xml version="1.0" encoding="iso-8859-1" ?>
<newsitem itemid="468567" id="root" date="1997-03-26" xml:lang="en">
<title>AUSTRALIA: OLYMPICS-SYDNEY 2000 GAMES CHIEF EXECUTIVE QUITS.</title>
<headline>OLYMPICS-SYDNEY 2000 GAMES CHIEF EXECUTIVE QUITS.</headline>
<dateline>SYDNEY 1997-03-26</dateline>
<text>
<p>Sydney's 2000 Olympics organising committee lost its third senior figure in a year on Wednesday with the resignation of chief executive Mal Hemmerling.</p>
<p>Hemmerling, who held the post since August 1995, had resigned &quot;to pursue other career interests&quot;, the office of the New South Wales state government's Olympics Minister Michael Knight said in a statement.</p>
<p>The Sydney Organising Committe for the Olympic Games (SOCOG) has been plagued by the loss of senior personnel during the past two years.</p>
<p>Businessman John Iliffe resigned as SOCOG president in September, his predecessor Gary Pemberton stepped down last March, and a string of executives has also left.</p>
<p>The 15-member SOCOG board will meet on Friday morning to appoint a replacement for Hemmerling, who previously ran the Australian Formula One Grand Prix in Adelaide for 10 years.</p>
<p>Local media reported former top Federal government bureacrat Sandy Hollway, appointed last December as one of two effective deputies to Hemmerling, was likely to win the position.</p>
<p>Earlier on Wednesday, Australian Olympic Committee (AOC) president John Coates said he would step down as chairman of troubled casino operator Reef Casino Trust.</p>
<p>Coates has been criticised for investing a large part of the AOC's funds in the Cairns, Queensland, casino, which has consistently failed to match its own profit and revenue forecasts.</p>
<p>The AOC faces a big loss on its A$7 million (US$5.5 million) investment, with casino trust units plunging in value from about A$1.40 when it listed in late 1995 to 16.5 cents on Wednesday.</p>
</text>
<copyright>(c) Reuters Limited 1997</copyright>
<metadata>
<codes class="bip:countries:1.0">
  <code code="AUSTR">
    <editdetail attribution="Reuters BIP Coding Group" action="confirmed" date="1997-03-26"/>
  </code>
</codes>
<codes class="bip:topics:1.0">
  <code code="GCAT">
    <editdetail attribution="Reuters BIP Coding Group" action="confirmed" date="1997-03-26"/>
  </code>
  <code code="GSPO">
    <editdetail attribution="Reuters BIP Coding Group" action="confirmed" date="1997-03-26"/>
  </code>
</codes>
<dc element="dc.date.created" value="1997-03-26"/>
<dc element="dc.publisher" value="Reuters Holdings Plc"/>
<dc element="dc.date.published" value="1997-03-26"/>
<dc element="dc.source" value="Reuters"/>
<dc element="dc.creator.location" value="SYDNEY"/>
<dc element="dc.creator.location.country.name" value="AUSTRALIA"/>
<dc element="dc.source" value="Reuters"/>
</metadata>
</newsitem>
