<?xml version="1.0" encoding="iso-8859-1" ?>
<newsitem itemid="468599" id="root" date="1997-03-26" xml:lang="en">
<title>NORWAY: SOCCER-BERGEN REJECT EVERTON BID FOR TWO PLAYERS.</title>
<headline>SOCCER-BERGEN REJECT EVERTON BID FOR TWO PLAYERS.</headline>
<dateline>OSLO 1997-03-26</dateline>
<text>
<p>Norwegian premier division club Brann Bergen said on Wednesday they had rejected a 2.5 million pound ($4 million) bid by Everton for midfielder Claus Eftevaag and striker Tore Andre Flo.</p>
<p>&quot;We have turned down an initial bid of 2.5 million pounds for both players,&quot; Brann chairman Lars Henrik Berge said. &quot;Everton will not make another offer so the negotiations are over.&quot;</p>
<p>Norwegian newspapers say Flo, who has played 11 matches for the national team, is worth almost four million pounds alone on the English market.</p>
<p>Brann were knocked out of the European Cup Winners' Cup last week by Liverpool.</p>
</text>
<copyright>(c) Reuters Limited 1997</copyright>
<metadata>
<codes class="bip:countries:1.0">
  <code code="NORW">
    <editdetail attribution="Reuters BIP Coding Group" action="confirmed" date="1997-03-26"/>
  </code>
  <code code="UK">
    <editdetail attribution="Reuters BIP Coding Group" action="confirmed" date="1997-03-26"/>
  </code>
</codes>
<codes class="bip:topics:1.0">
  <code code="GCAT">
    <editdetail attribution="Reuters BIP Coding Group" action="confirmed" date="1997-03-26"/>
  </code>
  <code code="GSPO">
    <editdetail attribution="Reuters BIP Coding Group" action="confirmed" date="1997-03-26"/>
  </code>
</codes>
<dc element="dc.date.created" value="1997-03-26"/>
<dc element="dc.publisher" value="Reuters Holdings Plc"/>
<dc element="dc.date.published" value="1997-03-26"/>
<dc element="dc.source" value="Reuters"/>
<dc element="dc.creator.location" value="OSLO"/>
<dc element="dc.creator.location.country.name" value="NORWAY"/>
<dc element="dc.source" value="Reuters"/>
</metadata>
</newsitem>
