<?xml version="1.0" encoding="iso-8859-1" ?>
<newsitem itemid="468594" id="root" date="1997-03-26" xml:lang="en">
<title>ITALY: SOCCER-ITALY GOALKEEPER TOLDO IN MEASLES SCARE.</title>
<headline>SOCCER-ITALY GOALKEEPER TOLDO IN MEASLES SCARE.</headline>
<dateline>FLORENCE, Italy 1997-03-26</dateline>
<text>
<p>Goalkeeper Francesco Toldo sparked a scare at Italy's training camp on Wednesday after two club team mates, including Argentine Gabriel Batistuta, went down with German measles.</p>
<p>The Italian squad is training at their base near Florence ahead of World Cup qualifiers against Moldova in Trieste on Saturday and in Poland on April 2.</p>
<p>Toldo informed team doctors that Fiorentina team mates Massimo Orlando and Batistuta had the illness. As a precautionary measure, he was moved out of the room he was sharing with fellow goalkeeper Angelo Peruzzi.</p>
<p>The doctors, who said there was no question of the goalkeeper being asked to leave the camp, also told him to keep his distance where possible from other players.</p>
<p>But his mother later told Italy to relax. &quot;Francesco had German measles when he was five,&quot; she said.</p>
</text>
<copyright>(c) Reuters Limited 1997</copyright>
<metadata>
<codes class="bip:countries:1.0">
  <code code="ARG">
    <editdetail attribution="Reuters BIP Coding Group" action="confirmed" date="1997-03-26"/>
  </code>
  <code code="GFR">
    <editdetail attribution="Reuters BIP Coding Group" action="confirmed" date="1997-03-26"/>
  </code>
  <code code="ITALY">
    <editdetail attribution="Reuters BIP Coding Group" action="confirmed" date="1997-03-26"/>
  </code>
  <code code="MOLDV">
    <editdetail attribution="Reuters BIP Coding Group" action="confirmed" date="1997-03-26"/>
  </code>
  <code code="POL">
    <editdetail attribution="Reuters BIP Coding Group" action="confirmed" date="1997-03-26"/>
  </code>
</codes>
<codes class="bip:topics:1.0">
  <code code="GCAT">
    <editdetail attribution="Reuters BIP Coding Group" action="confirmed" date="1997-03-26"/>
  </code>
  <code code="GSPO">
    <editdetail attribution="Reuters BIP Coding Group" action="confirmed" date="1997-03-26"/>
  </code>
</codes>
<dc element="dc.date.created" value="1997-03-26"/>
<dc element="dc.publisher" value="Reuters Holdings Plc"/>
<dc element="dc.date.published" value="1997-03-26"/>
<dc element="dc.source" value="Reuters"/>
<dc element="dc.creator.location" value="FLORENCE, Italy"/>
<dc element="dc.creator.location.country.name" value="ITALY"/>
<dc element="dc.source" value="Reuters"/>
</metadata>
</newsitem>
