<?xml version="1.0" encoding="iso-8859-1" ?>
<newsitem itemid="468531" id="root" date="1997-03-26" xml:lang="en">
<title>SPAIN: SOCCER SHOWCASE-PEN PICTURES OF VALENCIA PLAYERS.</title>
<headline>SOCCER SHOWCASE-PEN PICTURES OF VALENCIA PLAYERS.</headline>
<dateline>VALENCIA, Spain 1997-03-26</dateline>
<text>
<p>Pen pictures of Valencia players ahead of Sunday's Spanish first division match against Barcelona:</p>
<p>Andoni Zubizarreta, goalkeeper, 35. Veteran international with over 550 league games to his name, many of them played with Barcelona. Strong in the air, but prone to moments of clumsiness when forced to clear the ball.</p>
<p>Jorge Bartual, goalkeeper, 25. Despite two solid performances filling in during Zubizarreta's suspension from the UEFA Cup, Bartual does not inspire confidence in his colleagues and Valencia are likely to sign a new keeper for next season.</p>
<p>Jorge Otero, defender, 28. Former Spanish international central defender who has failed to impress this season after earning a place in Spain's Euro 96 squad with a string of fine performances last year.</p>
<p>Jose &quot;Sietes&quot; Suarez, defender, 23. Left-sided defender who has had a poor season and is another player likely to leave the club this year.</p>
<p>Francisco Ferreira, defender, 29. Ferreira is enjoying a fine season in the centre of defence, but is likely to be moved to the left because of an injury crisis.</p>
<p>Fernando Caceres, defender, 27. Former Zaragoza and Boca Juniors central defender who returned to Spain from his native Argentina earlier this season.</p>
<p>Vicente Engonga, defender/midfielder, 31. Born in Spain of Guinean parents. A solid performer who always gives 100 percent.</p>
<p>Gaizka Mendieta, midfielder/defender, 23. Right-sided player who may start the game after a season in which he has hardly played.</p>
<p>Ivan Campo, defender/midfielder, 23. Campo is likely to return to a central defensive role after playing several games in midfield.</p>
<p>Xabier Eskurza, midfielder, 27. Right-sided midfielder who has failed to find a first-team place since arriving from Barcelona two years ago.</p>
<p>Fernando Gomez, midfielder/striker, 31. Former club captain. Has scored over 100 goals and is a favourite with the fans. But Gomez has clashed with coach Jorge Valdano and, despite signs he may end up coaching, Gomez now looks likely to continue his university studies in economics and start a business.</p>
<p>Antonio Poyatos, midfielder, 31. Former Logrones player, the work horse of the Valencia midfield. Earns more than his fair share of yellow cards.</p>
<p>Jose Ignacio Saenz, midfielder, 23. Long-haired midfielder similar in style to Poyatos. Has hardly played this season and is likely to leave Valencia in June.</p>
<p>Claudio Lopez, striker, 23. Left-sided Argentine international who has recently returned from injury. One of the big hopes of the new season, Lopez has had his moments of brilliance but has failed to convince the fans.</p>
<p>Gabriel Moya, striker, 31 on Sunday. Hopes to be back from injury in time to celebrate his birthday with a goal. By failing to celebrate a goal out of respect against his old club, Sevilla, Moya started a trend in the Spanish league.</p>
<p>Leandro, striker, 23. Brazilian who signed from Porto Alegre earlier this season to replace compatriots Viola and Romario. Says he will abandon his dog-cocking-its-leg celebration next time he scores.</p>
</text>
<copyright>(c) Reuters Limited 1997</copyright>
<metadata>
<codes class="bip:countries:1.0">
  <code code="SPAIN">
    <editdetail attribution="Reuters BIP Coding Group" action="confirmed" date="1997-03-26"/>
  </code>
</codes>
<codes class="bip:topics:1.0">
  <code code="GCAT">
    <editdetail attribution="Reuters BIP Coding Group" action="confirmed" date="1997-03-26"/>
  </code>
  <code code="GSPO">
    <editdetail attribution="Reuters BIP Coding Group" action="confirmed" date="1997-03-26"/>
  </code>
</codes>
<dc element="dc.date.created" value="1997-03-26"/>
<dc element="dc.publisher" value="Reuters Holdings Plc"/>
<dc element="dc.date.published" value="1997-03-26"/>
<dc element="dc.source" value="Reuters"/>
<dc element="dc.creator.location" value="VALENCIA, Spain"/>
<dc element="dc.creator.location.country.name" value="SPAIN"/>
<dc element="dc.source" value="Reuters"/>
</metadata>
</newsitem>
