<?xml version="1.0" encoding="iso-8859-1" ?>
<newsitem itemid="468563" id="root" date="1997-03-26" xml:lang="en">
<title>CZECH REPUBLIC: SOCCER-DUKLA AIM FOR NEW GLORIES IN MODERN ERA.</title>
<headline>SOCCER-DUKLA AIM FOR NEW GLORIES IN MODERN ERA.</headline>
<byline>Alan Crosby</byline>
<dateline>PRAGUE 1997-03-26</dateline>
<text>
<p>Dukla Prague, once the pride of Czech soccer, became little more than another former East Bloc army team after the fall of Communism in 1989. But all that may be about to change.</p>
<p>European Cup semifinalists in 1967, Dukla Prague won the Czechoslovak first division championship 11 times and finished runners-up seven times after the club was established by the Ministry of Defence in 1948.</p>
<p>They even inspired a cult following abroad which shaped the quirky Half Man-Half Biscuit record &quot;All I want for Christmas is a Dukla Prague away kit&quot; in the 1980s.</p>
<p>But the fall of Communism in 1989 saw free-market realities replace Soviet-style sports funding and the army team, named after a mountain pass in former federation partner Slovakia where the Czechs and Slovaks battled Nazis to the death, went into freefall.</p>
<p>Out of the first division and way down the ladder to the lowly ranks of the amateur third division where they languished until local entrepreneur Bohumil Duricko recently took over the team.</p>
<p>&quot;I hesitated whether to buy Dukla or a helicopter&quot; is his standard jokey response to questions asking why he took over the troubled team. But he is genuinely excited about the future and he continues with energy.</p>
<p>&quot;This club has sent more players to the national team than any other and had more international success,&quot; he said.</p>
<p>&quot;We want to return the club to those traditions. To return to the first division would help create a new tradition.&quot;</p>
<p>At their peak, life was easy for Dukla. With the likes of Josef Masopust, European Footballer of the Year in 1962, and Zdenek Nehoda, a record 90 caps for his country, they would fill the major 25,000-seat venues.</p>
<p>And when they needed new players they could ignore the transfer market by simply drafting them into the army where they became the country's best-compensated athletes.</p>
<p>But despite their success, that attitude also made them the most reviled team in the country, a symbol of the militarist regime, and there were few tears as their fortunes faded.</p>
<p>By the end of the 1993-4 season, when they slipped to the third division and were forced to sell off players, the spectators were almost outnumbered by the stadium staff.</p>
<p>Duricko's first move to restore the club to former glories was to buy second division club FC Pribram. He merged the teams and then expropriated Pribram's spot in the higher league.</p>
<p>It may take time but he is confident about his chances of changing Dukla's image.</p>
<p>&quot;Who liked the army then? Today, the club has nothing in common with the army and that's important,&quot; he said.</p>
<p>Dukla have returned to winning ways in the second division. With a group of young players, most of whom have little recollection of Dukla's chequered past, they have won 12 of their 17 games to lead the race for first division promotion.</p>
<p>&quot;When Dukla left the league it was sad in a way. But now things have changed and it would be good to see them return,&quot; said Frantisek Cernoch, a local soccer historian.</p>
<p>Ultimately, it may even lead to a return to the top flight of European soccer and, who knows, another cult record.</p>
</text>
<copyright>(c) Reuters Limited 1997</copyright>
<metadata>
<codes class="bip:countries:1.0">
  <code code="CZREP">
    <editdetail attribution="Reuters BIP Coding Group" action="confirmed" date="1997-03-26"/>
  </code>
</codes>
<codes class="bip:topics:1.0">
  <code code="GCAT">
    <editdetail attribution="Reuters BIP Coding Group" action="confirmed" date="1997-03-26"/>
  </code>
  <code code="GSPO">
    <editdetail attribution="Reuters BIP Coding Group" action="confirmed" date="1997-03-26"/>
  </code>
</codes>
<dc element="dc.date.created" value="1997-03-26"/>
<dc element="dc.publisher" value="Reuters Holdings Plc"/>
<dc element="dc.date.published" value="1997-03-26"/>
<dc element="dc.source" value="Reuters"/>
<dc element="dc.creator.location" value="PRAGUE"/>
<dc element="dc.creator.location.country.name" value="CZECH REPUBLIC"/>
<dc element="dc.source" value="Reuters"/>
</metadata>
</newsitem>
