<?xml version="1.0" encoding="iso-8859-1" ?>
<newsitem itemid="468518" id="root" date="1997-03-26" xml:lang="en">
<title>USA: FDA finds Cor Integrilin data insufficient.</title>
<headline>FDA finds Cor Integrilin data insufficient.</headline>
<dateline>SOUTH SAN FRANCISCO, Calif. 1997-03-25</dateline>
<text>
<p>COR Therapeutics Inc said it received a letter from the U.S. Food and Drug Administration informing it that data it submitted on its Integrilin drug candidate was insufficient to support approval.</p>
<p>Integrilin is a &quot;clot busting&quot; drug designed to prevent cardiac ischemic complications in patients undergoing angioplasty.</p>
<p>COR said that later this year it will have new data on the drug from a 10,900 patient, Phase III trial of integrilin as a treatment for use in patients with unstable angina and myocardial infarction. It said it plans to file an amendment with the FDA addressing the concerns raised in the letter.</p>
</text>
<copyright>(c) Reuters Limited 1997</copyright>
<metadata>
<codes class="bip:countries:1.0">
  <code code="USA">
    <editdetail attribution="Reuters BIP Coding Group" action="confirmed" date="1997-03-26"/>
  </code>
</codes>
<codes class="bip:industries:1.0">
  <code code="I25700">
    <editdetail attribution="Reuters BIP Coding Group" action="confirmed" date="1997-03-26"/>
  </code>
</codes>
<codes class="bip:topics:1.0">
  <code code="C13">
    <editdetail attribution="Reuters BIP Coding Group" action="confirmed" date="1997-03-26"/>
  </code>
  <code code="C22">
    <editdetail attribution="Reuters BIP Coding Group" action="confirmed" date="1997-03-26"/>
  </code>
  <code code="CCAT">
    <editdetail attribution="Reuters BIP Coding Group" action="confirmed" date="1997-03-26"/>
  </code>
</codes>
<dc element="dc.date.created" value="1997-03-25"/>
<dc element="dc.publisher" value="Reuters Holdings Plc"/>
<dc element="dc.date.published" value="1997-03-26"/>
<dc element="dc.source" value="Reuters"/>
<dc element="dc.creator.location" value="SOUTH SAN FRANCISCO, Calif."/>
<dc element="dc.creator.location.country.name" value="USA"/>
<dc element="dc.source" value="Reuters"/>
</metadata>
</newsitem>
