<?xml version="1.0" encoding="iso-8859-1" ?>
<newsitem itemid="468552" id="root" date="1997-03-26" xml:lang="en">
<title>UK: CRICKET-OPENER KNIGHT CONFIDENT OF FACING AUSTRALIANS.</title>
<headline>CRICKET-OPENER KNIGHT CONFIDENT OF FACING AUSTRALIANS.</headline>
<dateline>LONDON 1997-03-26</dateline>
<text>
<p>England opening batsman Nick Knight has declared himself fit to face Australia in the Ashes this summer.</p>
<p>Warwickshire's Knight, 26, cracked a knuckle on his left hand while batting in the fourth one-day international against New Zealand in Auckland three weeks ago.</p>
<p>But speaking on Wednesday at the launch of a new  England team sponsor, Knight said: &quot;I might miss the first week or two of the season, but I hope to be all right to play against Australia. The finger still looks a bit unpleasant but it feels fine.&quot;</p>
<p>Australia arrive in England in May for six test matches and three one-day internationals.</p>
<p>Mobile telephone network Vodafone will back the England team from the start of next winter's West Indies tour and will invest 13 million pounds ($21 million), the largest ever cricket sponsorship, into the game at all levels over the next four years.</p>
</text>
<copyright>(c) Reuters Limited 1997</copyright>
<metadata>
<codes class="bip:countries:1.0">
  <code code="AUSTR">
    <editdetail attribution="Reuters BIP Coding Group" action="confirmed" date="1997-03-26"/>
  </code>
  <code code="NZ">
    <editdetail attribution="Reuters BIP Coding Group" action="confirmed" date="1997-03-26"/>
  </code>
  <code code="UK">
    <editdetail attribution="Reuters BIP Coding Group" action="confirmed" date="1997-03-26"/>
  </code>
</codes>
<codes class="bip:topics:1.0">
  <code code="GCAT">
    <editdetail attribution="Reuters BIP Coding Group" action="confirmed" date="1997-03-26"/>
  </code>
  <code code="GSPO">
    <editdetail attribution="Reuters BIP Coding Group" action="confirmed" date="1997-03-26"/>
  </code>
</codes>
<dc element="dc.date.created" value="1997-03-26"/>
<dc element="dc.publisher" value="Reuters Holdings Plc"/>
<dc element="dc.date.published" value="1997-03-26"/>
<dc element="dc.source" value="Reuters"/>
<dc element="dc.creator.location" value="LONDON"/>
<dc element="dc.creator.location.country.name" value="UK"/>
<dc element="dc.source" value="Reuters"/>
</metadata>
</newsitem>
