<?xml version="1.0" encoding="iso-8859-1" ?>
<newsitem itemid="468500" id="root" date="1997-03-26" xml:lang="en">
<title>USA: Humongous, Lancit plan licensing pact - NYT.</title>
<headline>Humongous, Lancit plan licensing pact - NYT.</headline>
<dateline>NEW YORK 1997-03-26</dateline>
<text>
<p>Humongous Entertainment plans to announce today it licensed the use of some of its computer games characters to Lancit Media Entertainment Ltd for television and video programming and motion pictures, the New York Times said on Wednesday.</p>
<p>Terms of the deal were not disclosed, but the companies would share all net revenues from programming sales, the paper said. Humongous CD-ROM characters include Putt-Putt the purple car, Freddi Fish and Pajama Sam, it said.</p>
<p>Seattle-based Humongous is a unit of GT Interactive Software Corp.</p>
<p>New York newsdesk 212-859-1610</p>
</text>
<copyright>(c) Reuters Limited 1997</copyright>
<metadata>
<codes class="bip:countries:1.0">
  <code code="USA">
    <editdetail attribution="Reuters BIP Coding Group" action="confirmed" date="1997-03-26"/>
  </code>
</codes>
<codes class="bip:industries:1.0">
  <code code="I33020">
    <editdetail attribution="Reuters BIP Coding Group" action="confirmed" date="1997-03-26"/>
  </code>
  <code code="I3302021">
    <editdetail attribution="Reuters BIP Coding Group" action="confirmed" date="1997-03-26"/>
  </code>
  <code code="I9741112">
    <editdetail attribution="Reuters BIP Coding Group" action="confirmed" date="1997-03-26"/>
  </code>
</codes>
<codes class="bip:topics:1.0">
  <code code="C33">
    <editdetail attribution="Reuters BIP Coding Group" action="confirmed" date="1997-03-26"/>
  </code>
  <code code="CCAT">
    <editdetail attribution="Reuters BIP Coding Group" action="confirmed" date="1997-03-26"/>
  </code>
</codes>
<dc element="dc.date.created" value="1997-03-26"/>
<dc element="dc.publisher" value="Reuters Holdings Plc"/>
<dc element="dc.date.published" value="1997-03-26"/>
<dc element="dc.source" value="Reuters"/>
<dc element="dc.creator.location" value="NEW YORK"/>
<dc element="dc.creator.location.country.name" value="USA"/>
<dc element="dc.source" value="Reuters"/>
</metadata>
</newsitem>
