<?xml version="1.0" encoding="iso-8859-1" ?>
<newsitem itemid="468550" id="root" date="1997-03-26" xml:lang="en">
<title>UK: MOTOR RACING-LOLA PULL OUT OF 1997 F1 CHAMPIONSHIP.</title>
<headline>MOTOR RACING-LOLA PULL OUT OF 1997 F1 CHAMPIONSHIP.</headline>
<dateline>LONDON 1997-03-26</dateline>
<text>
<p>The Lola Formula One motor racing team on Wednesday confirmed that they would be pulling out of this season's world championship.</p>
<p>The move came after several hours of  intense activity at the Huntingdon-based team's factory following the announcement that they had withdrawn from this weekend's Brazilian Grand Prix.</p>
<p>A spokesman for the British team said Lola had pulled out because they could not predict the amount of money available to them for the remainder of the season.</p>
</text>
<copyright>(c) Reuters Limited 1997</copyright>
<metadata>
<codes class="bip:countries:1.0">
  <code code="BRAZ">
    <editdetail attribution="Reuters BIP Coding Group" action="confirmed" date="1997-03-26"/>
  </code>
  <code code="UK">
    <editdetail attribution="Reuters BIP Coding Group" action="confirmed" date="1997-03-26"/>
  </code>
</codes>
<codes class="bip:topics:1.0">
  <code code="GCAT">
    <editdetail attribution="Reuters BIP Coding Group" action="confirmed" date="1997-03-26"/>
  </code>
  <code code="GSPO">
    <editdetail attribution="Reuters BIP Coding Group" action="confirmed" date="1997-03-26"/>
  </code>
</codes>
<dc element="dc.date.created" value="1997-03-26"/>
<dc element="dc.publisher" value="Reuters Holdings Plc"/>
<dc element="dc.date.published" value="1997-03-26"/>
<dc element="dc.source" value="Reuters"/>
<dc element="dc.creator.location" value="LONDON"/>
<dc element="dc.creator.location.country.name" value="UK"/>
<dc element="dc.source" value="Reuters"/>
</metadata>
</newsitem>
