<?xml version="1.0" encoding="iso-8859-1" ?>
<newsitem itemid="468547" id="root" date="1997-03-26" xml:lang="en">
<title>UK: SOCCER-ENGLISH F.A. REJECT MIDDLESBROUGH POINTS APPEAL.</title>
<headline>SOCCER-ENGLISH F.A. REJECT MIDDLESBROUGH POINTS APPEAL.</headline>
<dateline>LONDON 1997-03-26</dateline>
<text>
<p>English premier league club Middlesbrough had their appeal against a three-point deduction rejected by the Football Association on Wednesday.</p>
<p>The premier league had imposed the penalty and fined the club 50,000 pounds ($80,000) after they called off their December 20 away fixture at Blackburn because of unavailability of players.  </p>
<p>Middlesbrough, who claimed they would have had to field an under-strength side because 24 players were unavailable because of illness, injury and suspension, called off the game without permission from the league a day before they were due to play.</p>
<p>On Wednesday the three-man F.A. commission rejected the club's appeal against the deduction and fine and also awarded costs against the club. Blackburn's claim that they should be awarded the three points was also rejected.</p>
<p>The commission ruled Middlesbrough did not have just cause to postpone the match and, although it was accepted the club had acted in good faith, had committed a serious breach of league rules.</p>
<p>When the penalty was announced in on January 14 Middlesbrough were bottom of the league but a recent good run of results has moved them out of the relegation zone. On April 6 they will appear in their first major final when they play Leicester in the League Cup decider.</p>
</text>
<copyright>(c) Reuters Limited 1997</copyright>
<metadata>
<codes class="bip:countries:1.0">
  <code code="UK">
    <editdetail attribution="Reuters BIP Coding Group" action="confirmed" date="1997-03-26"/>
  </code>
</codes>
<codes class="bip:topics:1.0">
  <code code="GCAT">
    <editdetail attribution="Reuters BIP Coding Group" action="confirmed" date="1997-03-26"/>
  </code>
  <code code="GSPO">
    <editdetail attribution="Reuters BIP Coding Group" action="confirmed" date="1997-03-26"/>
  </code>
</codes>
<dc element="dc.date.created" value="1997-03-26"/>
<dc element="dc.publisher" value="Reuters Holdings Plc"/>
<dc element="dc.date.published" value="1997-03-26"/>
<dc element="dc.source" value="Reuters"/>
<dc element="dc.creator.location" value="LONDON"/>
<dc element="dc.creator.location.country.name" value="UK"/>
<dc element="dc.source" value="Reuters"/>
</metadata>
</newsitem>
