<?xml version="1.0" encoding="iso-8859-1" ?>
<newsitem itemid="468519" id="root" date="1997-03-26" xml:lang="en">
<title>USA: Capitol Hill and business decry Fed rate hikes.</title>
<headline>Capitol Hill and business decry Fed rate hikes.</headline>
<byline>Alver Carlson</byline>
<dateline>WASHINGTON 1997-03-25</dateline>
<text>
<p>The Federal Reserve was deluged with criticism Tuesday following a decision by policy-makers to raise interest rates for the first time in more than two years.</p>
<p>From the business community to Capitol Hill, there were no apparent early defenders of the quarter-percentage-point increase by the Fed on the grounds that it needed to stay in front of any inflation threat.</p>
<p>&quot;The Fed does not have the right to be wrong when every American citizen is forced to pay for their mistakes,&quot; said Sen. Byron Dorgan, a North Dakota Democrat.</p>
<p>Only the Clinton administration was generally muted in its reaction, saying the administration respected the Fed's independence and remained confident the economy would continue to grow as it entered the seventh year of expansion.</p>
<p>Joint Economic Committee Chairman Jim Saxton, a Republican representative from New Jersey, said that if the Fed did feel the need to act, he hoped it would stop at just one move.</p>
<p>The Fed's policy-setting Federal Open Market Committee raised the federal funds rate that banks charge each other for overnight loans to 5.50 percent but left the discount rate it charges banks for money unchanged at 5.0 percent.</p>
<p>&quot;The fact that the Federal Reserve did not raise the discount rate along with the federal funds rate suggests that this move may not be a prelude to a string of additional rate hikes,&quot; Saxton said.</p>
<p>The business community also was less than pleased. The U.S. Chamber of Commerce strongly argued that, with little inflation to worry about, the Fed could have waited longer before acting.</p>
<p>&quot;Clearly, the pressure to raise rates came from the brokerage houses on Wall Street, not the small businesses on Main Street,&quot; said Chamber of Commerce chief economist Martin Regalia.</p>
<p>The business group said that since the financial markets have already raised rates in anticipation of the Fed's move, its action will have only a modest impact on economic activity.</p>
<p>&quot;However, if this is merely a first step in a replay of 1994, economic growth will be noticeably impacted,&quot; the chamber warned.</p>
<p>The National Association of Manufacturers called the Fed action regrettable and a serious mistake.</p>
<p>&quot;The Federal Reserve's decision to raise interest rates was simply wrong. It will impede economic growth and make life tougher on consumers and job-creating businesses,&quot; it said.</p>
<p>Sen. Paul Sarbanes said that even without any further action, the Fed increase would take a painful slice out of economic activity and was without justification.</p>
<p>&quot;This is a pre-emptive strike against economic growth and against jobs,&quot; the Maryland Democrat told reporters.</p>
</text>
<copyright>(c) Reuters Limited 1997</copyright>
<metadata>
<codes class="bip:countries:1.0">
  <code code="USA">
    <editdetail attribution="Reuters BIP Coding Group" action="confirmed" date="1997-03-26"/>
  </code>
</codes>
<codes class="bip:topics:1.0">
  <code code="E12">
    <editdetail attribution="Reuters BIP Coding Group" action="confirmed" date="1997-03-26"/>
  </code>
  <code code="ECAT">
    <editdetail attribution="Reuters BIP Coding Group" action="confirmed" date="1997-03-26"/>
  </code>
</codes>
<dc element="dc.date.created" value="1997-03-25"/>
<dc element="dc.publisher" value="Reuters Holdings Plc"/>
<dc element="dc.date.published" value="1997-03-26"/>
<dc element="dc.source" value="Reuters"/>
<dc element="dc.creator.location" value="WASHINGTON"/>
<dc element="dc.creator.location.country.name" value="USA"/>
<dc element="dc.source" value="Reuters"/>
</metadata>
</newsitem>
