<?xml version="1.0" encoding="iso-8859-1" ?>
<newsitem itemid="468538" id="root" date="1997-03-26" xml:lang="en">
<title>UK: MOTOR RACING-LOLA WITHDRAW FROM 1997 F1 SEASON.</title>
<headline>MOTOR RACING-LOLA WITHDRAW FROM 1997 F1 SEASON.</headline>
<dateline>LONDON 1997-03-26</dateline>
<text>
<p>The Lola Formula One motor racing team confirmed their immediate withdrawal from this year's world championship on Wednesday.</p>
<p>The British-based team, who entered the season with high hopes, were forced to pull out because of financial problems believed to be associated with one of their sponsors.</p>
<p>Neither of the team's two cars, driven by Italian Vincenzo Sospiri and Brazilian Ricardo Rosset, qualified for the Australian Grand Prix in Melbourne three weeks ago and it was likely that scenario would have been repeated at this weekend's Brazilian Grand Prix in Interlagos.</p>
<p>On Wednesday morning, a team spokesman revealed that they would be pulling out of the Brazilian race because of &quot;technical and financial problems&quot; before the decision was made later in the day to pull out completely.</p>
<p>Team founder Eric Broadley has enjoyed wide success in his three decades in the sport.</p>
<p>He formed Lola Cars Ltd in 1958, supplying chassis to a number of teams before seeing a Lola-Honda driven by John Surtees win the 1967 Italian Grand Prix at Monza.</p>
<p>More recently, his company have enjoyed similar triumphs in the American IndyCar series, where it helped former world champion Briton Nigel Mansell win the 1994 title.</p>
<p>Broadley's decision to enter grand prix racing with his own out-and-out team was only made last November after their most recent association with Scuderia Italia in 1993 proved disastrous.</p>
<p>Despite the lateness of the move, he had high hopes for success this season.</p>
<p>&quot;The company is ready for this,&quot; he said at the launch of the Ford-powered T97/30 in London last month. &quot;And I would hope by the end of four years we will be ready to win the championship. We are not expecting massive results this year -- we have a lot to learn about Formula One.&quot;</p>
</text>
<copyright>(c) Reuters Limited 1997</copyright>
<metadata>
<codes class="bip:countries:1.0">
  <code code="UK">
    <editdetail attribution="Reuters BIP Coding Group" action="confirmed" date="1997-03-26"/>
  </code>
</codes>
<codes class="bip:topics:1.0">
  <code code="GCAT">
    <editdetail attribution="Reuters BIP Coding Group" action="confirmed" date="1997-03-26"/>
  </code>
  <code code="GSPO">
    <editdetail attribution="Reuters BIP Coding Group" action="confirmed" date="1997-03-26"/>
  </code>
</codes>
<dc element="dc.date.created" value="1997-03-26"/>
<dc element="dc.publisher" value="Reuters Holdings Plc"/>
<dc element="dc.date.published" value="1997-03-26"/>
<dc element="dc.source" value="Reuters"/>
<dc element="dc.creator.location" value="LONDON"/>
<dc element="dc.creator.location.country.name" value="UK"/>
<dc element="dc.source" value="Reuters"/>
</metadata>
</newsitem>
