<?xml version="1.0" encoding="iso-8859-1" ?>
<newsitem itemid="468587" id="root" date="1997-03-26" xml:lang="en">
<title>SWITZERLAND: SOCCER-SWISS PREMIER DIVISION REULTS/STANDINGS.</title>
<headline>SOCCER-SWISS PREMIER DIVISION REULTS/STANDINGS.</headline>
<dateline>GENEVA 1997-03-26</dateline>
<text>
<p>Results of Swiss premier</p>
<p>division matches played on Wednesday:</p>
<p> Aarau	2  Lausanne     0</p>
<p> Neuchatel  3  Basle	  0</p>
<p> Sion	 2  St. Gallen   1</p>
<p> Zurich     0  Grasshopper  2</p>
<p>Standings (total points include those won in first half of</p>
<p>the season):</p>
<p>			P  W D L  F  A Pts</p>
<p> 1.Neuchatel	4  1 3 0  5  2  28 (22)</p>
<p> 2.Sion	     4  3 0 1  4  3  28 (19)</p>
<p> 3.Grasshopper    4  2 1 1  7  4  27 (20)</p>
<p> 4.Aarau	    4  2 1 1  6  5  25 (18)</p>
<p> 5.Lausanne	 4  2 1 1  4  2  24 (17)</p>
<p> 6.St Gallen	4  0 3 1  3  4  18 (15)</p>
<p> 7.Basle	    4  1 0 3  2  6  16 (13)</p>
<p> 8.Zurich	   4  0 1 3  1  6  15 (14)</p>
</text>
<copyright>(c) Reuters Limited 1997</copyright>
<metadata>
<codes class="bip:countries:1.0">
  <code code="SWITZ">
    <editdetail attribution="Reuters BIP Coding Group" action="confirmed" date="1997-03-26"/>
  </code>
</codes>
<codes class="bip:topics:1.0">
  <code code="GCAT">
    <editdetail attribution="Reuters BIP Coding Group" action="confirmed" date="1997-03-26"/>
  </code>
  <code code="GSPO">
    <editdetail attribution="Reuters BIP Coding Group" action="confirmed" date="1997-03-26"/>
  </code>
</codes>
<dc element="dc.date.created" value="1997-03-26"/>
<dc element="dc.publisher" value="Reuters Holdings Plc"/>
<dc element="dc.date.published" value="1997-03-26"/>
<dc element="dc.source" value="Reuters"/>
<dc element="dc.creator.location" value="GENEVA"/>
<dc element="dc.creator.location.country.name" value="SWITZERLAND"/>
<dc element="dc.source" value="Reuters"/>
</metadata>
</newsitem>
