<?xml version="1.0" encoding="iso-8859-1" ?>
<newsitem itemid="468579" id="root" date="1997-03-26" xml:lang="en">
<title>USA: NBA basketball-STANDINGS AFTER TUESDAY'S GAMES.</title>
<headline>NBA basketball-STANDINGS AFTER TUESDAY'S GAMES.</headline>
<dateline>NEW YORK 1997-03-26</dateline>
<text>
<p>Standings of National</p>
<p>Basketball Association teams after games played on Tuesday</p>
<p>(tabulate under won, lost, winning percentage, games behind):</p>
<p>		EASTERN CONFERENCE</p>
<p>		ATLANTIC DIVISION</p>
<p>			W    L    PCT  GB</p>
<p> X-MIAMI	   51   17   .750   -</p>
<p> X-NEW YORK	49   20   .710   2 1/2</p>
<p> ORLANDO	   40   29   .580  11 1/2</p>
<p> WASHINGTON	33   35   .485  18</p>
<p> NEW JERSEY	21   47   .309  30</p>
<p> PHILADELPHIA    18   49   .269  32 1/2</p>
<p> BOSTON	    13   57   .186  39</p>
<p>		CENTRAL DIVISION</p>
<p>			W    L    PCT  GB</p>
<p> X-CHICAGO	 60    9   .870   -</p>
<p> X-DETROIT	 48   20   .706  11 1/2</p>
<p> X-ATLANTA	 48   22   .686  12 1/2</p>
<p> CHARLOTTE	 45   24   .652  15</p>
<p> CLEVELAND	 36   32   .529  23 1/2</p>
<p> INDIANA	   32   36   .471  27 1/2</p>
<p> MILWAUKEE	 28   40   .412  31 1/2</p>
<p> TORONTO	   25   45   .357  35 1/2</p>
<p>		WESTERN CONFERENCE</p>
<p>		 MIDWEST DIVISION</p>
<p>			W    L    PCT  GB</p>
<p> X-UTAH	    52   17   .754   -</p>
<p> X-HOUSTON	 46   23   .667   6</p>
<p> MINNESOTA	 33   36   .478  19</p>
<p> DALLAS	    22   46   .324  29 1/2</p>
<p> DENVER	    19   49   .279  32 1/2</p>
<p> SAN ANTONIO     17   52   .246  35</p>
<p> VANCOUVER	 12   60   .167  41 1/2</p>
<p>	     PACIFIC DIVISION</p>
<p>			W    L    PCT  GB</p>
<p> X-SEATTLE	 49   20   .710   -</p>
<p> X-LA LAKERS     46   23   .667   3</p>
<p> X-PORTLAND	41   30   .577   9</p>
<p> LA CLIPPERS     31   37   .456  17 1/2</p>
<p> PHOENIX	   30   39   .435  19</p>
<p> SACRAMENTO	29   41   .414  20 1/2</p>
<p> GOLDEN STATE    25   44   .362  24</p>
<p>X -- CLINCHED PLAYOFF BERTH</p>
<p>WEDNESDAY, MARCH 26 SCHEDULE</p>
<p>PORTLAND AT CHARLOTTE</p>
<p> DALLAS AT INDIANA   </p>
<p>SACRAMENTO AT MIAMI </p>
<p>PHILADELPHIA AT NEW JERSEY</p>
<p> BOSTON AT WASHINGTON     </p>
<p>DETROIT AT NEW YORK  </p>
<p>MINNESOTA AT DENVER  </p>
<p> PHOENIX AT SEATTLE   </p>
<p>MILWAUKEE AT LA LAKERS</p>
</text>
<copyright>(c) Reuters Limited 1997</copyright>
<metadata>
<codes class="bip:countries:1.0">
  <code code="USA">
    <editdetail attribution="Reuters BIP Coding Group" action="confirmed" date="1997-03-26"/>
  </code>
</codes>
<codes class="bip:topics:1.0">
  <code code="GCAT">
    <editdetail attribution="Reuters BIP Coding Group" action="confirmed" date="1997-03-26"/>
  </code>
  <code code="GSPO">
    <editdetail attribution="Reuters BIP Coding Group" action="confirmed" date="1997-03-26"/>
  </code>
</codes>
<dc element="dc.date.created" value="1997-03-26"/>
<dc element="dc.publisher" value="Reuters Holdings Plc"/>
<dc element="dc.date.published" value="1997-03-26"/>
<dc element="dc.source" value="Reuters"/>
<dc element="dc.creator.location" value="NEW YORK"/>
<dc element="dc.creator.location.country.name" value="USA"/>
<dc element="dc.source" value="Reuters"/>
</metadata>
</newsitem>
