<?xml version="1.0" encoding="iso-8859-1" ?>
<newsitem itemid="468507" id="root" date="1997-03-26" xml:lang="en">
<title>USA: Florida Panthers acquires lease for arena.</title>
<headline>Florida Panthers acquires lease for arena.</headline>
<dateline>FT. LAUDERDALE, Fla 1997-03-25</dateline>
<text>
<p>Florida Panthers Holdings Inc on Tuesday said it agreed to acquire the lease to operate Gold Coast Ice Arena from NinjenRode Inc.</p>
<p>Terms of the agreement were not disclosed in the statement issued by the company. Officials were not immediately available to comment.</p>
<p>The Florida Panthers of the National Hockey League use to arena as a practice rink.</p>
<p>The company said it would issue about 34,760 shares of Florida Panthers Holdings Inc class A common stock to fulfill the terms of agreement.</p>
<p>In addition to the hockey club, Florida Panthers Holdings Inc owns the Arena Development and Arena Operating Cos, the Hyatt Regency Pier 66 Resort and Marina, the Radisson Bahia Mar Resort and Yachting Center, Incredible Ice Skating Rinks and an interest in the Miami Arena.</p>
</text>
<copyright>(c) Reuters Limited 1997</copyright>
<metadata>
<codes class="bip:countries:1.0">
  <code code="USA">
    <editdetail attribution="Reuters BIP Coding Group" action="confirmed" date="1997-03-26"/>
  </code>
</codes>
<codes class="bip:industries:1.0">
  <code code="I97911">
    <editdetail attribution="Reuters BIP Coding Group" action="confirmed" date="1997-03-26"/>
  </code>
</codes>
<codes class="bip:topics:1.0">
  <code code="C18">
    <editdetail attribution="Reuters BIP Coding Group" action="confirmed" date="1997-03-26"/>
  </code>
  <code code="C181">
    <editdetail attribution="Reuters BIP Coding Group" action="confirmed" date="1997-03-26"/>
  </code>
  <code code="CCAT">
    <editdetail attribution="Reuters BIP Coding Group" action="confirmed" date="1997-03-26"/>
  </code>
</codes>
<dc element="dc.date.created" value="1997-03-25"/>
<dc element="dc.publisher" value="Reuters Holdings Plc"/>
<dc element="dc.date.published" value="1997-03-26"/>
<dc element="dc.source" value="Reuters"/>
<dc element="dc.creator.location" value="FT. LAUDERDALE, Fla"/>
<dc element="dc.creator.location.country.name" value="USA"/>
<dc element="dc.source" value="Reuters"/>
</metadata>
</newsitem>
