<?xml version="1.0" encoding="iso-8859-1" ?>
<newsitem itemid="468577" id="root" date="1997-03-26" xml:lang="en">
<title>USA: BOXING-UNKNOWN BEAN BETWEEN MOORER AND A BIG PAYDAY.</title>
<headline>BOXING-UNKNOWN BEAN BETWEEN MOORER AND A BIG PAYDAY.</headline>
<dateline>LAS VEGAS 1997-03-26</dateline>
<text>
<p>Michael Moorer's International Boxing Federation heavyweight crown and his spot in line for a big money shot at Mike Tyson or Evander Holyfield will be at stake Saturday when he fights lightly regarded challenger Vaughn Bean.</p>
<p>&quot;I just have to go out there and be focused on what I have to do,&quot; Moorer said in a tele-conference call last week for the fight at the Las Vegas Hilton.</p>
<p>&quot;The motivation for me is to focus on Vaughn Bean because he is going to try to take away my title,&quot; said Moorer (38-1), who became champion for the second time in June by outpointing German Axel Schulz for the vacant IBF title.</p>
<p>&quot;I can't talk about Tyson-Holyfield right now,&quot; Moorer said.</p>
<p>In stark contrast, Moorer's promoter, Dino Duva, was looking ahead to a possible title unification meeting with the winner of the May 3 Tyson-Holyfield rematch.</p>
<p>&quot;Once he gets rid of Bean he is looking for bigger and better things,&quot; Duva said.</p>
<p>Holyfield holds the World Boxing Association (WBA) heavyweight belt after upsetting Tyson last November.</p>
<p>Also looking for bigger and better things later this year, is the former six-time champion Julio Cesar Chavez (98-2-1), who will fight American Tony Martin (34-5-1) in a junior welterweight non-title 10-rounder.</p>
<p>The 34-year-old Mexican will be fighting for the second time since being bloodied and beaten by Oscar De La Hoya in four rounds last June.</p>
<p>&quot;What I have to do is take care of myself like I used to and in September I'll be champion of the world again,&quot; said Chavez.</p>
<p>First Chavez must re-focus his mind on Martin. Chavez was originally set to fight Martin, who dropped out and was replaced by Gary Kirkland. Only last week, Martin was put back on the card as Chavez's opponent.</p>
<p>&quot;I am a little uncomfortable with the change of opponents,&quot; said Chavez, who won his last outing against Joey Gamache in October.</p>
<p>&quot;I was preparing for one, now I am fighting another,&quot; said Chavez. &quot;Tony Martin is a very strong fighter who throws a lot of punches.&quot;</p>
<p>While Chavez expects to face a lot of punches, few boxing insiders see Moorer having to struggle to beat the unknown Bean, who is rated only fifth by the IBF.</p>
<p>&quot;It's big step up for him,&quot; Moorer's trainer Teddy Atlas said of Bean, whose 27-0 record has been complied against weak opposition. &quot;It's like going from the wading pool to the ocean.&quot;</p>
<p>Moorer on the other hand has taken on some of the best in the business. He beat Holyfield to win the title in 1994, only to lose in the next fight to George Foreman by a one punch knockout.</p>
<p>&quot;People who don't give him much of a chance know the type of fighter I am,&quot; said Moorer, a 7-to-1 betting favourite.</p>
<p>&quot;I'm on a totally different level,&quot; Moorer said. &quot;He has to step up to my level, which he has never done before, and I'm going to put him right back down to the level where he belongs.&quot;</p>
<p>Bean hopes to make the most of his big chance.</p>
<p>&quot;This is my opportunity to show the world what I can do and I am going to do it,&quot; said Bean. &quot;I am going to be heavyweight champion of the world.&quot;</p>
<p>In two other title bouts, World Boxing Council straweight champion Ricardo Lopez of Mexico (44-0) will defend against Mongkol Charoen of Thailand (20-1); and WBA junior middleweight champion Laurent Boudouani of France (34-2) will defend against American Carl Daniels (38-2).</p>
</text>
<copyright>(c) Reuters Limited 1997</copyright>
<metadata>
<codes class="bip:countries:1.0">
  <code code="USA">
    <editdetail attribution="Reuters BIP Coding Group" action="confirmed" date="1997-03-26"/>
  </code>
</codes>
<codes class="bip:topics:1.0">
  <code code="GCAT">
    <editdetail attribution="Reuters BIP Coding Group" action="confirmed" date="1997-03-26"/>
  </code>
  <code code="GSPO">
    <editdetail attribution="Reuters BIP Coding Group" action="confirmed" date="1997-03-26"/>
  </code>
</codes>
<dc element="dc.date.created" value="1997-03-26"/>
<dc element="dc.publisher" value="Reuters Holdings Plc"/>
<dc element="dc.date.published" value="1997-03-26"/>
<dc element="dc.source" value="Reuters"/>
<dc element="dc.creator.location" value="LAS VEGAS"/>
<dc element="dc.creator.location.country.name" value="USA"/>
<dc element="dc.source" value="Reuters"/>
</metadata>
</newsitem>
