<?xml version="1.0" encoding="iso-8859-1" ?>
<newsitem itemid="468534" id="root" date="1997-03-26" xml:lang="en">
<title>PORTUGAL: RALLYING-MAKINEN WINS IN PORTUGAL, LEADS TITLE RACE.</title>
<headline>RALLYING-MAKINEN WINS IN PORTUGAL, LEADS TITLE RACE.</headline>
<dateline>FIGUEIRA DA FOZ, Portugal 1997-03-26</dateline>
<text>
<p>World champion Tommi Makinen won the Portuguese Rally on Wednesday to take the lead in the drivers' championship.</p>
<p>Makinen, in a Mitsubishi, finished four minutes five seconds clear of Belgian Freddy Loix in a Toyota. Germany's Armin Schwarz was third in a Ford.</p>
<p>The Finnish driver leads the world championship with 18 points ahead of Subaru's Colin McRae on 13 and Spain's Carlos Sainz in a Ford on 12.</p>
<p>Makinen's victory for Mitsubishi, his first of the season, brought an end to Subaru's domination of the 1997 championship.</p>
<p>Subaru drivers, Italian Piero Liatti, Swede Kenneth Eriksson and McRae of Britain won the opening three rounds on this year's calendar.</p>
<p>Makinen took the lead during the 18th stage following a spirited drive on the second day which saw him set the fastest time on every stage.</p>
<p>McRae made much of the early running until the sixth stage when his engine cut out, just one stage after Sainz had retired with gearbox problems.</p>
<p>That left the battle for the lead between Eriksson and Makinen for the remainder of the first day. The Swede pulled ahead to end the first leg 14 seconds clear.</p>
<p>On the second day Makinen pushed hard and closed the gap before taking the lead on the 18th stage. He then pulled clear when Eriksson was forced out with engine problems on the 22nd and final stage of the second leg.</p>
<p>Subaru's director of rallying, John Spiller, said the result would have little impact on the fight for the championship.</p>
<p>&quot;Although we are obviously disappointed with our double retirement, the number of rounds on this year's championship makes it less dramatic,&quot; he said.</p>
<p>&quot;On the brighter side, in the first true test of the car, it proved its potential and, with two-thirds of the championship to run, we are optimistic and well placed at the head of the manufacturers' championship.&quot;</p>
<p>The rally was again marred by controversy involving spectators which may force future rallies to move north to Porto, where there are safer stages.</p>
<p>&quot;You could not see the bends for spectators and you could not see the finish,&quot; said Eriksson. &quot;It was just impossible.&quot;</p>
<p>In 1986 four spectators were killed in the opening stage of the rally when Carlos Santos plunged into the crowds on the opening special stage. On that occasion many of the sport's leading drivers withdrew from the event.</p>
</text>
<copyright>(c) Reuters Limited 1997</copyright>
<metadata>
<codes class="bip:countries:1.0">
  <code code="FIN">
    <editdetail attribution="Reuters BIP Coding Group" action="confirmed" date="1997-03-26"/>
  </code>
  <code code="PORL">
    <editdetail attribution="Reuters BIP Coding Group" action="confirmed" date="1997-03-26"/>
  </code>
</codes>
<codes class="bip:topics:1.0">
  <code code="GCAT">
    <editdetail attribution="Reuters BIP Coding Group" action="confirmed" date="1997-03-26"/>
  </code>
  <code code="GSPO">
    <editdetail attribution="Reuters BIP Coding Group" action="confirmed" date="1997-03-26"/>
  </code>
</codes>
<dc element="dc.date.created" value="1997-03-26"/>
<dc element="dc.publisher" value="Reuters Holdings Plc"/>
<dc element="dc.date.published" value="1997-03-26"/>
<dc element="dc.source" value="Reuters"/>
<dc element="dc.creator.location" value="FIGUEIRA DA FOZ, Portugal"/>
<dc element="dc.creator.location.country.name" value="PORTUGAL"/>
<dc element="dc.source" value="Reuters"/>
</metadata>
</newsitem>
