<?xml version="1.0" encoding="iso-8859-1" ?>
<newsitem itemid="468539" id="root" date="1997-03-26" xml:lang="en">
<title>PORTUGAL: RALLYING-MAKINEN CLOSES IN ON PORTUGAL VICTORY.</title>
<headline>RALLYING-MAKINEN CLOSES IN ON PORTUGAL VICTORY.</headline>
<dateline>FIGUEIRA DA FOZ, Portugal 1997-03-26</dateline>
<text>
<p>Reigning world rally champion Tommi Makinen of Finland was poised to seize the lead in this year's title chase as he headed to victory in the Rally of Portugal on Wednesday.</p>
<p>The Mitsubishi driver, who saw his only real rival, Swede Kenneth Eriksson in a Subaru, retire on Tuesday evening, increased his advantage to three minutes and 31 seconds over Belgian Freddy Loix in a Toyota in the first four stages of the final day.</p>
<p>With only five stages left until the finish at Figueira da Foz on Wednesday evening, only a mechanical problem would realistically cost Makinen a debut victory in the Portuguese event.</p>
<p>&quot;The stages have been really good,&quot; said Makinen. &quot;Some of them are similar to my home event, the 1000 Lakes Rally, and the car has been no problem at all.&quot;</p>
<p>German Armin Schwarz, in a Ford, was poised to move into joint third place in the standings with team-mate Carlos Sainz if he maintains his third position until the end of the rally.</p>
<p>A victory for the Finn would hand him the lead in the world championship following a disappointing start to the season where he has just claimed two third-place finishes from the opening three rounds on the calendar.</p>
<p>The Portuguese event claimed world championship leaders Colin McRae of Britain and Sainz on its opening day.</p>
</text>
<copyright>(c) Reuters Limited 1997</copyright>
<metadata>
<codes class="bip:countries:1.0">
  <code code="FIN">
    <editdetail attribution="Reuters BIP Coding Group" action="confirmed" date="1997-03-26"/>
  </code>
  <code code="PORL">
    <editdetail attribution="Reuters BIP Coding Group" action="confirmed" date="1997-03-26"/>
  </code>
</codes>
<codes class="bip:topics:1.0">
  <code code="GCAT">
    <editdetail attribution="Reuters BIP Coding Group" action="confirmed" date="1997-03-26"/>
  </code>
  <code code="GSPO">
    <editdetail attribution="Reuters BIP Coding Group" action="confirmed" date="1997-03-26"/>
  </code>
</codes>
<dc element="dc.date.created" value="1997-03-26"/>
<dc element="dc.publisher" value="Reuters Holdings Plc"/>
<dc element="dc.date.published" value="1997-03-26"/>
<dc element="dc.source" value="Reuters"/>
<dc element="dc.creator.location" value="FIGUEIRA DA FOZ, Portugal"/>
<dc element="dc.creator.location.country.name" value="PORTUGAL"/>
<dc element="dc.source" value="Reuters"/>
</metadata>
</newsitem>
