<?xml version="1.0" encoding="iso-8859-1" ?>
<newsitem itemid="468545" id="root" date="1997-03-26" xml:lang="en">
<title>UK: SOCCER-F.A. REJECTS MIDDLESBROUGH POINTS APPEAL.</title>
<headline>SOCCER-F.A. REJECTS MIDDLESBROUGH POINTS APPEAL.</headline>
<dateline>LONDON 1997-03-26</dateline>
<text>
<p>English premier league club Middlesbrough had their appeal against a three-point deduction rejected by the Football Association on Wednesday.</p>
<p>The premier league had imposed the penalty and fined the club 50,000 pounds ($80,000) after they called off their December 20 away fixture at Blackburn because of the unavailability of players.</p>
<p>Middlesbrough, who claimed they would have had to field an under-strength side because 24 players were unavailable through illness, injury and suspension, called off the game without permission from the league 24 hours before the fixture.</p>
<p>The three-man F.A. commission rejected the club's appeal against the deduction and fine and also awarded costs against them. Blackburn's claim that they should be awarded the three points was also rejected.</p>
<p>After a hearing lasting more than five hours the commission announced it was dismissing the appeal after deciding Middlesbrough were quite capable of fielding a team and did not have just cause in cancelling the fixture.</p>
<p>The commission said in a statement that the board accepted Middlesbrough acted in good faith but &quot;considered that the breach of the rules was serious.</p>
<p>&quot;The board does not consider the award of the game to Blackburn as being practical or appropriate,&quot; the statement added.</p>
<p>&quot;The board considers that a deduction of three points and a fine of 50,000 pounds is right and fair. The board has ordered Middlesbrough to pay the costs of the premier league and of the board of appeal.&quot;</p>
<p>Premier league spokesman Mike Lee said: &quot;We were always confident that the premier league commission had made the right decision and welcome the fact that this has been upheld by the court of appeal.&quot;</p>
<p>Middlesbrough manager Bryan Robson said he was &quot;very disappointed by the outcome of the appeal.&quot;</p>
<p>Asked if the club were likely to take further action on the case, Robson said: &quot;I have no idea what the policy of the club will be.&quot;</p>
<p>Ironically, after the announcement Robson was presented with an award after being named the league's manager of the month for March. The club's Brazilian striker Juninho was also honoured as player of the month.</p>
<p>When the penalty was announced on January 14 Middlesbrough were bottom of the league but a recent good run of results has moved them out of the relegation zone.</p>
<p>On April 6 they will appear in their first major final when they play Leicester in the League Cup decider and a week later face second division Chesterfield in the F.A. Cup semifinals.</p>
</text>
<copyright>(c) Reuters Limited 1997</copyright>
<metadata>
<codes class="bip:countries:1.0">
  <code code="UK">
    <editdetail attribution="Reuters BIP Coding Group" action="confirmed" date="1997-03-26"/>
  </code>
</codes>
<codes class="bip:topics:1.0">
  <code code="GCAT">
    <editdetail attribution="Reuters BIP Coding Group" action="confirmed" date="1997-03-26"/>
  </code>
  <code code="GSPO">
    <editdetail attribution="Reuters BIP Coding Group" action="confirmed" date="1997-03-26"/>
  </code>
</codes>
<dc element="dc.date.created" value="1997-03-26"/>
<dc element="dc.publisher" value="Reuters Holdings Plc"/>
<dc element="dc.date.published" value="1997-03-26"/>
<dc element="dc.source" value="Reuters"/>
<dc element="dc.creator.location" value="LONDON"/>
<dc element="dc.creator.location.country.name" value="UK"/>
<dc element="dc.source" value="Reuters"/>
</metadata>
</newsitem>
