<?xml version="1.0" encoding="iso-8859-1" ?>
<newsitem itemid="468548" id="root" date="1997-03-26" xml:lang="en">
<title>UK: RUGBY UNION-ARMS PARK MEMORABILIA TO BE AUCTIONED.</title>
<headline>RUGBY UNION-ARMS PARK MEMORABILIA TO BE AUCTIONED.</headline>
<dateline>CARDIFF 1997-03-26</dateline>
<text>
<p>Memorabilia in the form of turf, a pair of rugby posts and dozens of turnstiles will be among the items auctioned by the Welsh Rugby Union (WRU) next month as it dismantles its famous Cardiff Arms Park arena.</p>
<p>The WRU said in statement on Wednesday other items due to go under the hammer on April 27 included 20,000 stadium seats, the scoreboard, boilers and fixtures and fittings from the changing rooms.</p>
<p>The stadium is undergoing a 108 million pounds ($174.7 million) redevelopment in preparation for the 1999 World Cup.</p>
</text>
<copyright>(c) Reuters Limited 1997</copyright>
<metadata>
<codes class="bip:countries:1.0">
  <code code="UK">
    <editdetail attribution="Reuters BIP Coding Group" action="confirmed" date="1997-03-26"/>
  </code>
</codes>
<codes class="bip:topics:1.0">
  <code code="GCAT">
    <editdetail attribution="Reuters BIP Coding Group" action="confirmed" date="1997-03-26"/>
  </code>
  <code code="GSPO">
    <editdetail attribution="Reuters BIP Coding Group" action="confirmed" date="1997-03-26"/>
  </code>
</codes>
<dc element="dc.date.created" value="1997-03-26"/>
<dc element="dc.publisher" value="Reuters Holdings Plc"/>
<dc element="dc.date.published" value="1997-03-26"/>
<dc element="dc.source" value="Reuters"/>
<dc element="dc.creator.location" value="CARDIFF"/>
<dc element="dc.creator.location.country.name" value="UK"/>
<dc element="dc.source" value="Reuters"/>
</metadata>
</newsitem>
