<?xml version="1.0" encoding="iso-8859-1" ?>
<newsitem itemid="468524" id="root" date="1997-03-26" xml:lang="en">
<title>SPAIN: SOCCER-RONALDO LEADS BARCELONA TO 4-0 ROUT OF LAS PALMAS.</title>
<headline>SOCCER-RONALDO LEADS BARCELONA TO 4-0 ROUT OF LAS PALMAS.</headline>
<dateline>LAS PALMAS, Spain 1997-03-26</dateline>
<text>
<p>Ronaldo virtually guaranteed Barcelona a place in the Spanish Cup final after leading his side to a 4-0 rout of second division Las Palmas in the first leg of their semifinal on Wednesday.</p>
<p>Las Palmas had Barcelona on the ropes until just before the break when Ronaldo was brought down in the penalty area.</p>
<p>The Brazilian had no problems converting the penalty and scored again in the second half. Goals by Juan Pizzi and Ivan de la Pena rounded off a fine night for Bobby Robson's team.</p>
<p>But it was not all good news for Barcelona. International defender Sergi Barjuan fractured a bone in his arm and could be out for a month.</p>
<p>Barcelona's most likely opponents in the final are Real Betis, 1-0 winners over Celta Vigo in the other semifinal, first leg played on Tuesday.</p>
</text>
<copyright>(c) Reuters Limited 1997</copyright>
<metadata>
<codes class="bip:countries:1.0">
  <code code="SPAIN">
    <editdetail attribution="Reuters BIP Coding Group" action="confirmed" date="1997-03-26"/>
  </code>
</codes>
<codes class="bip:topics:1.0">
  <code code="GCAT">
    <editdetail attribution="Reuters BIP Coding Group" action="confirmed" date="1997-03-26"/>
  </code>
  <code code="GSPO">
    <editdetail attribution="Reuters BIP Coding Group" action="confirmed" date="1997-03-26"/>
  </code>
</codes>
<dc element="dc.date.created" value="1997-03-26"/>
<dc element="dc.publisher" value="Reuters Holdings Plc"/>
<dc element="dc.date.published" value="1997-03-26"/>
<dc element="dc.source" value="Reuters"/>
<dc element="dc.creator.location" value="LAS PALMAS, Spain"/>
<dc element="dc.creator.location.country.name" value="SPAIN"/>
<dc element="dc.source" value="Reuters"/>
</metadata>
</newsitem>
