<?xml version="1.0" encoding="iso-8859-1" ?>
<newsitem itemid="468510" id="root" date="1997-03-26" xml:lang="en">
<title>USA: Montgomery Asset Management chief looks to expand.</title>
<headline>Montgomery Asset Management chief looks to expand.</headline>
<dateline>NEW YORK 1997-03-25</dateline>
<text>
<p>Stephen Doyle, founding chairman of Montgomery Asset Management, on Tuesday said his mutual fund operation could be enlarged through an acquisition after its sale to Commerzbank AG.</p>
<p>Doyle told Reuters in an interview Tuesday evening that the asset-management concern may want to add a small U.S. boutique firm specializing in value funds.</p>
<p>Earlier Tuesday, its parent, Montgomery Securities, a San Francisco-based investment banking firm, said it was selling the asset-management unit to Commerzbank.  </p>
<p>&quot;The Commerzbank agreement would give us an opportunity&quot; to make such a deal, Doyle said. He cautioned that it was too soon to consider any acquisitions, as the Commerzbank deal has yet to close.</p>
<p>Doyle and 40 other Montgomery Asset Management employees own about one-third of the unit. Under the Commerzbank deal, the parent would receive an undisclosed amount of cash for its two-thirds stake.</p>
<p>Under the agreement, Doyle and other stakeholders would be permitted to increase their holding, he said, without providing details.  </p>
<p>Doyle said he had not sought to sell the unit. Instead, he was approached by management at the parent, which wanted to raise capital to expand other businesses.</p>
<p>Doyle said the purchase by Commerzbank was a good fit because the German bank, which is the third largest in that country and the 26th-largest in the world in terms of assets, would permit the investment management firm to continue operating with an entrepreneurial style.</p>
<p>Doyle said he expected Commerzbank would encourage the firm's &quot;independence, automony and ownership.&quot;</p>
<p>((Jeff Benkoe, Wall Street Desk))</p>
</text>
<copyright>(c) Reuters Limited 1997</copyright>
<metadata>
<codes class="bip:countries:1.0">
  <code code="USA">
    <editdetail attribution="Reuters BIP Coding Group" action="confirmed" date="1997-03-26"/>
  </code>
</codes>
<codes class="bip:industries:1.0">
  <code code="I81402">
    <editdetail attribution="Reuters BIP Coding Group" action="confirmed" date="1997-03-26"/>
  </code>
</codes>
<codes class="bip:topics:1.0">
  <code code="C18">
    <editdetail attribution="Reuters BIP Coding Group" action="confirmed" date="1997-03-26"/>
  </code>
  <code code="C182">
    <editdetail attribution="Reuters BIP Coding Group" action="confirmed" date="1997-03-26"/>
  </code>
  <code code="CCAT">
    <editdetail attribution="Reuters BIP Coding Group" action="confirmed" date="1997-03-26"/>
  </code>
</codes>
<dc element="dc.date.created" value="1997-03-25"/>
<dc element="dc.publisher" value="Reuters Holdings Plc"/>
<dc element="dc.date.published" value="1997-03-26"/>
<dc element="dc.source" value="Reuters"/>
<dc element="dc.creator.location" value="NEW YORK"/>
<dc element="dc.creator.location.country.name" value="USA"/>
<dc element="dc.source" value="Reuters"/>
</metadata>
</newsitem>
