<?xml version="1.0" encoding="iso-8859-1" ?>
<newsitem itemid="468592" id="root" date="1997-03-26" xml:lang="en">
<title>FRANCE: SOCCER-FRENCH LEAGUE RESULTS/STANDINGS.</title>
<headline>SOCCER-FRENCH LEAGUE RESULTS/STANDINGS.</headline>
<dateline>PARIS 1997-03-26</dateline>
<text>
<p>Results of French first division</p>
<p>matches played on Wednesday:</p>
<p> Nice	   0 Monaco	     2</p>
<p> Auxerre	2 Paris St Germain 1</p>
<p> Bastia	 1 Cannes	     0</p>
<p> Metz	   0 Lyon		 1</p>
<p> Strasbourg   2 Caen		 0</p>
<p> Le Havre     0 Guingamp	   1</p>
<p> Marseille    4 Nancy		1</p>
<p> Rennes	 2 Lens		 2</p>
<p>Played on Thursday:</p>
<p> Lille	  0  Montpellier     4</p>
<p> Bordeaux     0  Nantes	    0</p>
<p>    Standings		  P   W  D  L   Gf  Ga  Pts</p>
<p>  1. Monaco		    31  19  8  4  56  23  65  </p>
<p>  2. Paris St Germain	31  15 10  6  45  25  55  </p>
<p>  3. Strasbourg		31  17  2 12  44  39  53  </p>
<p>  4. Nantes		    31  13 11  5  51  27  52  </p>
<p>  5. Bastia		    30  15  7  8  42  34  52  </p>
<p>  6. Bordeaux		  31  13 12  6  48  32  51  </p>
<p>  7. Auxerre		   31  13 10  8  38  25  49  </p>
<p>  8. Metz			31  12 10  9  32  26  46  </p>
<p>  9. Lyon			31  12 10  9  41  44  46  </p>
<p> 10. Guingamp		  31  11 10 10  30  29  43  </p>
<p> 11. Marseille		 31  10 10 11  35  33  40  </p>
<p> 12. Montpellier	     31   9 13  9  32  30  40  </p>
<p> 13. Cannes		    31   8 11 12  18  29  35  </p>
<p> 14. Le Havre		  31   8 10 13  27  35  34  </p>
<p> 15. Rennes		    31   9  7 15  32  44  34  </p>
<p> 16. Lens			31   9  7 15  33  47  34  </p>
<p> 17. Lille		     31   8  9 14  29  49  33  </p>
<p> 18. Caen			30   6 10 14  25  38  28  </p>
<p> 19. Nancy		     31   6  8 17  25  43  26  </p>
<p> 20. Nice			31   4  7 20  24  55  19</p>
</text>
<copyright>(c) Reuters Limited 1997</copyright>
<metadata>
<codes class="bip:countries:1.0">
  <code code="FRA">
    <editdetail attribution="Reuters BIP Coding Group" action="confirmed" date="1997-03-26"/>
  </code>
  <code code="MONAC">
    <editdetail attribution="Reuters BIP Coding Group" action="confirmed" date="1997-03-26"/>
  </code>
</codes>
<codes class="bip:topics:1.0">
  <code code="GCAT">
    <editdetail attribution="Reuters BIP Coding Group" action="confirmed" date="1997-03-26"/>
  </code>
  <code code="GSPO">
    <editdetail attribution="Reuters BIP Coding Group" action="confirmed" date="1997-03-26"/>
  </code>
</codes>
<dc element="dc.date.created" value="1997-03-26"/>
<dc element="dc.publisher" value="Reuters Holdings Plc"/>
<dc element="dc.date.published" value="1997-03-26"/>
<dc element="dc.source" value="Reuters"/>
<dc element="dc.creator.location" value="PARIS"/>
<dc element="dc.creator.location.country.name" value="FRANCE"/>
<dc element="dc.source" value="Reuters"/>
</metadata>
</newsitem>
