<?xml version="1.0" encoding="iso-8859-1" ?>
<newsitem itemid="468568" id="root" date="1997-03-26" xml:lang="en">
<title>AUSTRALIA: RUGBY UNION-RECORD CROWD PREDICTED FOR AUSTRALIA-NZ.</title>
<headline>RUGBY UNION-RECORD CROWD PREDICTED FOR AUSTRALIA-NZ.</headline>
<dateline>MELBOURNE 1997-03-26</dateline>
<text>
<p>Australia will play New Zealand in July in front of the biggest crowd at a rugby union international for 22 years, the Australian Rugby Union (ARU) said on Wednesday.</p>
<p>The ARU has predicted a capacity crowd of 98,000 will fill the Melbourne Cricket Ground on July 26 to watch the traditional rivals face each other in a Tri-Nations clash.</p>
<p>&quot;The combination of general public, member union, corporate and hospitality tickets sold already indicates we will have close to a record 100,000 watching,&quot; ARU managing director John O'Neill said in a statement.</p>
<p>ARU spokesman Greg Thomas said the latest batch of 26,000 tickets went on sale on Wednesday and all but 3,000 were sold on the day, guaranteeing a record crowd for a rugby union test in Australia.</p>
<p>It would be the biggest rugby union attendance in the world since a record 105,000 people watched the test match between Scotland and Wales in 1975, Thomas said.</p>
<p>In a break with previous practice, the ARU switched the match against the All Blacks to Melbourne, a city with no rugby union tradition, in a move aimed at increasing revenue from ticket sales.</p>
<p>The Melbourne Cricket Ground, which normally hosts cricket tests or Australian Rules football matches, has a capacity almost double that of any stadium in Sydney or Brisbane, the main centres of support for rugby union in Australia.</p>
</text>
<copyright>(c) Reuters Limited 1997</copyright>
<metadata>
<codes class="bip:countries:1.0">
  <code code="AUSTR">
    <editdetail attribution="Reuters BIP Coding Group" action="confirmed" date="1997-03-26"/>
  </code>
  <code code="NZ">
    <editdetail attribution="Reuters BIP Coding Group" action="confirmed" date="1997-03-26"/>
  </code>
</codes>
<codes class="bip:topics:1.0">
  <code code="GCAT">
    <editdetail attribution="Reuters BIP Coding Group" action="confirmed" date="1997-03-26"/>
  </code>
  <code code="GSPO">
    <editdetail attribution="Reuters BIP Coding Group" action="confirmed" date="1997-03-26"/>
  </code>
</codes>
<dc element="dc.date.created" value="1997-03-26"/>
<dc element="dc.publisher" value="Reuters Holdings Plc"/>
<dc element="dc.date.published" value="1997-03-26"/>
<dc element="dc.source" value="Reuters"/>
<dc element="dc.creator.location" value="MELBOURNE"/>
<dc element="dc.creator.location.country.name" value="AUSTRALIA"/>
<dc element="dc.source" value="Reuters"/>
</metadata>
</newsitem>
