<?xml version="1.0" encoding="iso-8859-1" ?>
<newsitem itemid="468581" id="root" date="1997-03-26" xml:lang="en">
<title>USA: NHL ICE HOCKEY-ROY POSTS 37TH CAREER SHUTOUT AS AVALANCHE CRACK 100 POINTS.</title>
<headline>NHL ICE HOCKEY-ROY POSTS 37TH CAREER SHUTOUT AS AVALANCHE CRACK 100 POINTS.</headline>
<dateline>HARTFORD, Connecticut 1997-03-26</dateline>
<text>
<p>Patrick Roy faced 46 shots and stopped them all as the Colorado Avalanche blanked the Hartford Whalers 4-0 Tuesday to become the first team in the National Hockey League to crack 100 points.</p>
<p>Peter Forsberg and Valeri Kamensky each notched goal number 23 as Colorado improved to 46-19-9 for a league-leading 101 points.</p>
<p>Roy picked up his league-best 36th victory with his 37th career shutout. His seven shutouts this season tied him with Phoenix's Nikolai Khabibulin for the league lead.</p>
<p>Roy was especially sharp in the first period when he was tested 23 times, while the Avalanche scored twice on just eight shots on goal.</p>
<p>&quot;They came out and played with a great deal of urgency,&quot; Colorado coach Marc Crwaford said of Hartford's first-period effort. &quot;Patrick was just magnificent. That was the most chances we have ever given up in a period.&quot;</p>
<p>The Whalers outshot Colorado 46-28, but lost their sixth straight game.</p>
<p>Mike Ricci beat Sean Burke at 11:52 of the first period and Kamensky's powerplay goal with 67 seconds left in the period doubled the Colorado lead.</p>
<p>Adam Foote made it 3-0 3:37 into the middle period and the supremely talented Forsberg completed the scoring with an unassisted short-handed tally at 11:40 of the third.</p>
<p>&quot;We got a pretty good indication of why they are the defending Stanley Cup Champions,&quot; Hartford coach Paul Maurice said.</p>
<p>At New Jersey, Vaclav Prospal and Mikael Renberg scored 84 seconds apart late in the third period as the Philadelphia Flyers edged the Devils 4-3 in a battle of the top two teams in the Eastern Conference.</p>
<p>Renberg's 21st goal with 3:24 left gave the Flyers a two-goal cushion, which proved crucial when Steve Thomas scored for the Devils a minute later.</p>
<p>Pat Faloon scored for the second successive game and John LeClair picked up his league-leading 48th goal in the first period as the Flyers opened a four-point lead over New Jersey atop the Eastern Confernce.</p>
<p>For the second straight game Philadelphia won without star centre Eric Lindros, who is nursing a bruised right calf.</p>
<p>At Tampa Bay, Rick Tabaracci stopped 28 shots and Alexander Selivanov and John Cullen each scored a goal and set up another as the Lightning blanked the Ottawa Senators 5-0.</p>
<p>Tabaracci was at his best in the first period when he turned aside 18 shots and helped the Lightning kill off three consecutive Ottawa power plays.</p>
<p>He faced just 10 more shots the rest of the way for his fifth shutout of the season and 12th of his career.</p>
<p>Paul Ysebaert, Patrick Poulin and Dino Ciccarelli also scored for the Lightning, who moved past Hartford into ninth place in the East, three points out of a playoff spot.</p>
<p>At Washington, defenceman Sergei Gonchar scored the tying and winning goals to lead the Capitals to a 3-2 victory over the St Louis Blues.</p>
<p>Gonchar, who missed the last 10 games with a knee sprain, knotted the game on an unassisted powerplay tally with 1:42 left in the second period. At 6:29 of the third, he poked his own rebound past goaltender Grant Fuhr for the game winner.</p>
<p>Brendan Witt also scored for Washington after Chris Pronger and Pierre Turgeon had given the Blues a 2-0 first-period lead.</p>
<p>In Calgary, Cory Stillman scored a goal and set up Sandy McCarthy's insurance tally, which turned out to be the game winner as the Flames edged the Mighty Ducks of Anaheim 3-2.</p>
<p>Dave Gagner also scored and Jonas Hoglund set up two goals for the Flames, who moved into seventh place in the Western Conference playoff race, one point behind sixth-place Anaheim and one ahead of St Louis.</p>
<p>Paul Kariya, who notched his 38th goal, and Jari Kurri scored for the Ducks, who played without leading scorer Teemu Selanne, who suffered a strained oblique muscle Sunday.</p>
</text>
<copyright>(c) Reuters Limited 1997</copyright>
<metadata>
<codes class="bip:countries:1.0">
  <code code="USA">
    <editdetail attribution="Reuters BIP Coding Group" action="confirmed" date="1997-03-26"/>
  </code>
</codes>
<codes class="bip:topics:1.0">
  <code code="GCAT">
    <editdetail attribution="Reuters BIP Coding Group" action="confirmed" date="1997-03-26"/>
  </code>
  <code code="GSPO">
    <editdetail attribution="Reuters BIP Coding Group" action="confirmed" date="1997-03-26"/>
  </code>
</codes>
<dc element="dc.date.created" value="1997-03-26"/>
<dc element="dc.publisher" value="Reuters Holdings Plc"/>
<dc element="dc.date.published" value="1997-03-26"/>
<dc element="dc.source" value="Reuters"/>
<dc element="dc.creator.location" value="HARTFORD, Connecticut"/>
<dc element="dc.creator.location.country.name" value="USA"/>
<dc element="dc.source" value="Reuters"/>
</metadata>
</newsitem>
