<?xml version="1.0" encoding="iso-8859-1" ?>
<newsitem itemid="468573" id="root" date="1997-03-26" xml:lang="en">
<title>MOROCCO: TENNIS-GRAND PRIX HASSAN II SECOND ROUND RESULTS.</title>
<headline>TENNIS-GRAND PRIX HASSAN II SECOND ROUND RESULTS.</headline>
<dateline>RABAT 1997-03-26</dateline>
<text>
<p>Second round results in the Grand Prix Hassan II men's tennis tournament on Wednesday (prefix number denotes seeding):</p>
<p>Vicente Fernando (Spain) beat 7-Oliver Gross (Germany), walkover (Gross withdrew injured)</p>
<p>8-Emilio Alvarez (Spain) beat Lars Jonsson (Sweden) 6-2 7-6 (7-5)</p>
<p>2-Hicham Arazi (Morocco) beat David Skoch (Czech Republic) 6-3 6-3</p>
</text>
<copyright>(c) Reuters Limited 1997</copyright>
<metadata>
<codes class="bip:countries:1.0">
  <code code="MOROC">
    <editdetail attribution="Reuters BIP Coding Group" action="confirmed" date="1997-03-26"/>
  </code>
</codes>
<codes class="bip:topics:1.0">
  <code code="GCAT">
    <editdetail attribution="Reuters BIP Coding Group" action="confirmed" date="1997-03-26"/>
  </code>
  <code code="GSPO">
    <editdetail attribution="Reuters BIP Coding Group" action="confirmed" date="1997-03-26"/>
  </code>
</codes>
<dc element="dc.date.created" value="1997-03-26"/>
<dc element="dc.publisher" value="Reuters Holdings Plc"/>
<dc element="dc.date.published" value="1997-03-26"/>
<dc element="dc.source" value="Reuters"/>
<dc element="dc.creator.location" value="RABAT"/>
<dc element="dc.creator.location.country.name" value="MOROCCO"/>
<dc element="dc.source" value="Reuters"/>
</metadata>
</newsitem>
