<?xml version="1.0" encoding="iso-8859-1" ?>
<newsitem itemid="468516" id="root" date="1997-03-26" xml:lang="en">
<title>USA: Florida says P&amp;O line misleads passengers.</title>
<headline>Florida says P&amp;O line misleads passengers.</headline>
<dateline>FORT LAUDERDALE, Fla. 1997-03-25</dateline>
<text>
<p>Florida on Tuesday charged in a civil complaint that Princess Cruises, a unit of Peninsular and Oriental Steam Navigation Co of Britain, was deceiving passengers on fees.</p>
<p>The filing in Broward County Court here seeks $15,000 for each violation of a state consumer law and follows an agreement in February in which Carnival Corp and other leading cruise ship companies agreed to include most so-called port fees in advertised prices.</p>
<p>The fees, sometimes covering operating expenses, added as much as $150 to advertised ticket prices and were often described as government-imposed fees, according to Florida Attorney General Bob Butterworth.</p>
<p>Only a small amounts went to government agencies, Butterworth said.</p>
<p>&quot;By keeping portions of these add-on fees for itself, Princess was able to advertise lower cruise prices than would otherwise be possible,&quot; Butterworth said in a news release.</p>
<p>Princess said in a statement that the charges had no merit and that Florida had never detailed any violation committed by Princess.</p>
<p>&quot;We believe that our advertising in the state of Florida has always communicated to consumers the full price of the cruise ...,&quot; the company said.</p>
<p>Butterworth said he filed the complaint against Princess after the cruise line refused to abide by the agreed restrictions negotiated with Florida, the most popular place for cruise lines.</p>
</text>
<copyright>(c) Reuters Limited 1997</copyright>
<metadata>
<codes class="bip:countries:1.0">
  <code code="UK">
    <editdetail attribution="Reuters BIP Coding Group" action="confirmed" date="1997-03-26"/>
  </code>
  <code code="USA">
    <editdetail attribution="Reuters BIP Coding Group" action="confirmed" date="1997-03-26"/>
  </code>
</codes>
<codes class="bip:industries:1.0">
  <code code="I74000">
    <editdetail attribution="Reuters BIP Coding Group" action="confirmed" date="1997-03-26"/>
  </code>
</codes>
<codes class="bip:topics:1.0">
  <code code="C12">
    <editdetail attribution="Reuters BIP Coding Group" action="confirmed" date="1997-03-26"/>
  </code>
  <code code="C31">
    <editdetail attribution="Reuters BIP Coding Group" action="confirmed" date="1997-03-26"/>
  </code>
  <code code="CCAT">
    <editdetail attribution="Reuters BIP Coding Group" action="confirmed" date="1997-03-26"/>
  </code>
  <code code="GCAT">
    <editdetail attribution="Reuters BIP Coding Group" action="confirmed" date="1997-03-26"/>
  </code>
  <code code="GCRIM">
    <editdetail attribution="Reuters BIP Coding Group" action="confirmed" date="1997-03-26"/>
  </code>
</codes>
<dc element="dc.date.created" value="1997-03-25"/>
<dc element="dc.publisher" value="Reuters Holdings Plc"/>
<dc element="dc.date.published" value="1997-03-26"/>
<dc element="dc.source" value="Reuters"/>
<dc element="dc.creator.location" value="FORT LAUDERDALE, Fla."/>
<dc element="dc.creator.location.country.name" value="USA"/>
<dc element="dc.source" value="Reuters"/>
</metadata>
</newsitem>
