<?xml version="1.0" encoding="iso-8859-1" ?>
<newsitem itemid="468570" id="root" date="1997-03-26" xml:lang="en">
<title>MALAYSIA: CRICKET-ICC TROPHY RESULTS.</title>
<headline>CRICKET-ICC TROPHY RESULTS.</headline>
<dateline>KUALA LUMPUR 1997-03-26</dateline>
<text>
<p>Results of International Cricket Council (ICC) Trophy matches on Wednesday:</p>
<p>Canada beat Namibia by 60 runs</p>
<p>Scores: Canada 264-8 in 50 overs; Namibia 204 all out in 43.2 overs</p>
<p>Ireland beat Israel by 10 wickets</p>
<p>Scores: Israel 88 all out in 31.5 overs; Ireland  89-0 in 17.2 overs</p>
<p>Scotland beat Hong Kong by 87 runs</p>
<p>Scores: Scotland 221-6 in 50 overs; Hong Kong 134 all out in 40.4 overs</p>
<p>Papua New Guinea beat Italy by 101 runs</p>
<p>Scores: Papua New Guinea 219-4 in 50 overs; Italy 118 all out in 48 overs</p>
<p>Fiji beat East and Central Africa by 35 runs</p>
<p>Scores: Fiji 111 all out in 40.3 overs; East and Central Africa 76 all out in 44 overs</p>
<p>Denmark beat United Arab Emirates by one run</p>
<p>Scores: Denmark 148-9 in 50 overs; United Arab Emirates 147 all out in 46.2 overs.</p>
<p>Thursday's matches: Bangladesh v Denmark, Kenya v Gibraltar, Singapore v Israel, United Arab Emirates v Malaysia, United States v Ireland, West Africa v Argentina.</p>
</text>
<copyright>(c) Reuters Limited 1997</copyright>
<metadata>
<codes class="bip:countries:1.0">
  <code code="CANA">
    <editdetail attribution="Reuters BIP Coding Group" action="confirmed" date="1997-03-26"/>
  </code>
  <code code="IRE">
    <editdetail attribution="Reuters BIP Coding Group" action="confirmed" date="1997-03-26"/>
  </code>
  <code code="ISRAEL">
    <editdetail attribution="Reuters BIP Coding Group" action="confirmed" date="1997-03-26"/>
  </code>
  <code code="MALAY">
    <editdetail attribution="Reuters BIP Coding Group" action="confirmed" date="1997-03-26"/>
  </code>
  <code code="NAMIB">
    <editdetail attribution="Reuters BIP Coding Group" action="confirmed" date="1997-03-26"/>
  </code>
</codes>
<codes class="bip:topics:1.0">
  <code code="GCAT">
    <editdetail attribution="Reuters BIP Coding Group" action="confirmed" date="1997-03-26"/>
  </code>
  <code code="GSPO">
    <editdetail attribution="Reuters BIP Coding Group" action="confirmed" date="1997-03-26"/>
  </code>
</codes>
<dc element="dc.date.created" value="1997-03-26"/>
<dc element="dc.publisher" value="Reuters Holdings Plc"/>
<dc element="dc.date.published" value="1997-03-26"/>
<dc element="dc.source" value="Reuters"/>
<dc element="dc.creator.location" value="KUALA LUMPUR"/>
<dc element="dc.creator.location.country.name" value="MALAYSIA"/>
<dc element="dc.source" value="Reuters"/>
</metadata>
</newsitem>
