<?xml version="1.0" encoding="iso-8859-1" ?>
<newsitem itemid="468509" id="root" date="1997-03-26" xml:lang="en">
<title>USA: Crash relatives sue UAL, Boeing.</title>
<headline>Crash relatives sue UAL, Boeing.</headline>
<dateline>SAN FRANCISCO 1997-03-25</dateline>
<text>
<p>Relatives of several victims of a 1991 plane crash in Colorado are suing United Airlines and Boeing Co, alleging mishandling of evidence from the crash, a lawyer said on Tuesday.</p>
<p>The Boeing 737 crashed near Colorado Springs on March 3, 1991, killing all 25 passengers and crew.  </p>
<p>The suit alleges that mishandling of wreckage from the plane has deprived the relatives of evidence they say would help them to prove their claim that the crash was caused by a faulty rudder. That claim is a key part of a separate wrongful death lawsuit previously filed by relatives in federal court in Denver.</p>
<p>The new suit was filed last week in Superior Court in San Mateo County near San Francisco, Thomas Bacon, a San Francisco attorney representing one of the plaintiffs, said.  </p>
<p>Apart from UAL Corp's United Airlines and Boeing, it names as defendants Parker Hannifin Corp, which supplies components to Boeing, and Parker Bertea, Parker's aerospace group.</p>
<p>The lawsuit said that after the crash, some components were removed from the wreckage and taken to a United Airlines facility at San Francisco airport, in San Mateo County.  </p>
<p>It alleged that the companies &quot;caused and allowed certain components...to be altered, changed, lost, replaced, or otherwise acted upon, so as to change the essential character of such components as evidence; to thereby spoil and alter such evidence.&quot;</p>
<p>It alleged that the companies obliterated important markings critical to establishing the cause of the crash. The plaintiffs said in court documents they did not know whether the alleged mishandling of the evidence was done intentionally or negligently.  </p>
<p>The suit, which requests a jury trial, seeks unspecified general, special and punitive damages.</p>
<p>&quot;Those allegations are totally untrue,&quot; Boeing spokeswoman Sherry Nebel said of the suit.</p>
<p>A United Airlines spokeswoman said the company denied any wrongdoing, adding that after the accident everything was under the jurisdiction and guidelines of the National Transportation Safety Board (NTSB), which investigates plane crashes.  </p>
<p>D.E. Logan, a spokesman for Parker Hannifin, said the company had not yet seen the lawsuit and could not comment on its specific allegations. But he said the company had fully cooperated with the federal investigation of the crash.</p>
<p>Last month, U.S. safety officials called for the speedy installation of modified rudders on the popular Boeing 737 and for new training so pilots could try to combat any sudden, unexpected rudder movement.</p>
<p>The NTSB recommendations stemmed from investigations of at least two 737 accidents including the Colorado Springs crash. The NTSB has said the 737's rudder system could jam in extreme temperatures, but it has not yet determined the causes of the two crashes.</p>
</text>
<copyright>(c) Reuters Limited 1997</copyright>
<metadata>
<codes class="bip:countries:1.0">
  <code code="USA">
    <editdetail attribution="Reuters BIP Coding Group" action="confirmed" date="1997-03-26"/>
  </code>
</codes>
<codes class="bip:industries:1.0">
  <code code="I34420">
    <editdetail attribution="Reuters BIP Coding Group" action="confirmed" date="1997-03-26"/>
  </code>
  <code code="I36400">
    <editdetail attribution="Reuters BIP Coding Group" action="confirmed" date="1997-03-26"/>
  </code>
  <code code="I3640010">
    <editdetail attribution="Reuters BIP Coding Group" action="confirmed" date="1997-03-26"/>
  </code>
  <code code="I75000">
    <editdetail attribution="Reuters BIP Coding Group" action="confirmed" date="1997-03-26"/>
  </code>
</codes>
<codes class="bip:topics:1.0">
  <code code="C12">
    <editdetail attribution="Reuters BIP Coding Group" action="confirmed" date="1997-03-26"/>
  </code>
  <code code="C24">
    <editdetail attribution="Reuters BIP Coding Group" action="confirmed" date="1997-03-26"/>
  </code>
  <code code="CCAT">
    <editdetail attribution="Reuters BIP Coding Group" action="confirmed" date="1997-03-26"/>
  </code>
  <code code="GCAT">
    <editdetail attribution="Reuters BIP Coding Group" action="confirmed" date="1997-03-26"/>
  </code>
  <code code="GCRIM">
    <editdetail attribution="Reuters BIP Coding Group" action="confirmed" date="1997-03-26"/>
  </code>
  <code code="GDIS">
    <editdetail attribution="Reuters BIP Coding Group" action="confirmed" date="1997-03-26"/>
  </code>
</codes>
<dc element="dc.date.created" value="1997-03-25"/>
<dc element="dc.publisher" value="Reuters Holdings Plc"/>
<dc element="dc.date.published" value="1997-03-26"/>
<dc element="dc.source" value="Reuters"/>
<dc element="dc.creator.location" value="SAN FRANCISCO"/>
<dc element="dc.creator.location.country.name" value="USA"/>
<dc element="dc.source" value="Reuters"/>
</metadata>
</newsitem>
