<?xml version="1.0" encoding="iso-8859-1" ?>
<newsitem itemid="468528" id="root" date="1997-03-26" xml:lang="en">
<title>SWITZERLAND: SOCCER-FIFA EXTENDS BOSMAN RULING TO NON-EU PLAYERS.</title>
<headline>SOCCER-FIFA EXTENDS BOSMAN RULING TO NON-EU PLAYERS.</headline>
<dateline>ZURICH 1997-03-26</dateline>
<text>
<p>Soccer's world governing body FIFA said on Wednesday it was changing its transfer rules to ensure equal treatment for all players moving between clubs within the European Union.</p>
<p>The decision is effectively an extension of the ground-breaking Bosman ruling of December 1995.</p>
<p>FIFA's rule change means players from non-EU countries who are playing for clubs within the EU will be able to move to other clubs within the EU on free transfers once their contracts expire.</p>
<p>For example, Brazil's World Footballer of the Year Ronaldo, who joined Barcelona for $20 million less than a year ago, could join an Italian or an English club for nothing when his contract at Camp Nou runs out.</p>
<p>&quot;We're just reacting to the reality of the situation,&quot; FIFA spokesman Keith Cooper said. &quot;This just says the rules as they apply to one group of players are now being extended to another.&quot;</p>
<p>The rule change, which has been ratified by the FIFA executive, will come into effect on April 1.</p>
<p>FIFA's decision is the latest response to the Bosman ruling, named after Belgian footballer Jean-Marc Bosman.</p>
<p>He claimed European transfer rules violated EU law on the free movement of workers.</p>
<p>The European Court of Justice ruled in Bosman's favour in December 1995 sending shock waves through the continent's transfer market.</p>
<p>But until now the Bosman ruling has applied only to nationals of the EU and the European Economic Area (EEA). Players from outside the EU and EEA were still subject to transfer fees, even if they were moving between clubs within the EU and EEA.</p>
<p>European clubs will still have to pay transfer fees when they import players from outside the EU and EEA.</p>
<p>If, for example, Barcelona want to buy a Brazilian player from a Brazilian club, they will have to pay.</p>
<p>But once the player is in Spain, and once his contract with Barcelona has expired, he will be eligible to leave on a free transfer to join a club in, say, Italy or England.</p>
<p>FIFA's announcement means clubs which have paid transfer fees for non-EU players will lose out because they will not be able to recoup their money by selling the players on to other EU clubs.</p>
</text>
<copyright>(c) Reuters Limited 1997</copyright>
<metadata>
<codes class="bip:countries:1.0">
  <code code="EEC">
    <editdetail attribution="Reuters BIP Coding Group" action="confirmed" date="1997-03-26"/>
  </code>
  <code code="SWITZ">
    <editdetail attribution="Reuters BIP Coding Group" action="confirmed" date="1997-03-26"/>
  </code>
</codes>
<codes class="bip:topics:1.0">
  <code code="GCAT">
    <editdetail attribution="Reuters BIP Coding Group" action="confirmed" date="1997-03-26"/>
  </code>
  <code code="GSPO">
    <editdetail attribution="Reuters BIP Coding Group" action="confirmed" date="1997-03-26"/>
  </code>
</codes>
<dc element="dc.date.created" value="1997-03-26"/>
<dc element="dc.publisher" value="Reuters Holdings Plc"/>
<dc element="dc.date.published" value="1997-03-26"/>
<dc element="dc.source" value="Reuters"/>
<dc element="dc.creator.location" value="ZURICH"/>
<dc element="dc.creator.location.country.name" value="SWITZERLAND"/>
<dc element="dc.source" value="Reuters"/>
</metadata>
</newsitem>
