<?xml version="1.0" encoding="iso-8859-1" ?>
<newsitem itemid="468578" id="root" date="1997-03-26" xml:lang="en">
<title>USA: NBA BASKETBALL-SPURS, CAVS COMBINE FOR SECOND-LOWEST SCORING GAME.</title>
<headline>NBA BASKETBALL-SPURS, CAVS COMBINE FOR SECOND-LOWEST SCORING GAME.</headline>
<dateline>SAN ANTONIO, Texas 1997-03-26</dateline>
<text>
<p>Baskets were few and far between as the San Antonio Spurs beat the Cleveland Cavaliers 64-59 in the second-lowest scoring game in modern NBA history on Tuesday.</p>
<p>Since the inception of the shot clock in 1954 only one game has featured fewer combined points and that was in 1955 -- a 62-57 win by the Boston Celtics over the Milwaukee Hawks.</p>
<p>Vernon Maxwell and Avery Johnson scored 10 points apiece for the Spurs, who made just two field goals in the fourth quarter when San Antonio outscored Cleveland 11-10, eclipsing the record low of 23 combined points, set four times.</p>
<p>Tyrone Hill, who had two of Cleveland's three fourth-quarter buckets, led the Cavs with 16 points.</p>
<p>San Antonio went nearly eight minutes without scoring in the laughable fourth quarter. But during that time Cleveland could manage only a pair of layups by Hill.</p>
<p>The Spurs shot 37 percent (25-for-67) from the field, while Cleveland missed 55 shots, going 25-for-80 -- the lowest shooting percentage (31%) ever allowed by the Spurs.</p>
<p>&quot;I don't care if we score 23 points as long as the other team has 21,&quot; San Antonio coach Gregg Popovich said.</p>
<p>In Chicago, Steve Kerr and Michael Jordan scored 20 points each as the Bulls edged the Dallas Mavericks 94-92.</p>
<p>Dennis Rodman grabbed 21 rebounds for the Bulls, who reached 60 wins. Chicago must go 10-3 in their last 13 games to reach 70 victories for the second successive season.</p>
<p>Michael Finley led Dallas, scoring 18 of his 28 points in the first half, which ended in a 52-52 tie.</p>
<p>Dallas led 78-71 entering the fourth quarter, but Chicago went on a 15-2 tear, sparked by a pair of Kerr three-pointers.</p>
<p>In Atlanta, Steve Smith scored 27 points and Dikembe Mutombo added 24 and 12 rebounds to lead the Hawks to a 96-89 win over the Portland Trail Blazers.</p>
<p>Mookie Blaylock chipped in 11 points, 10 assists and eight rebounds for Atlanta, winners of five in a row.</p>
<p>Isaiah Rider scored 22 points and Kenny Anderson had 15 and nine assists for Portland, which clinched a playoff berth despite the loss because the Sacramento Kings lost.</p>
<p>The Trail Blazers have made the playoffs for the 15th consecutive season, the longest current streak in the NBA.</p>
<p>In Houston, Hakeem Olajuwon poured in 39 points and Kevin Willis added 28 as the Rockets overcame the loss of Clyde Drexler to post a 112-103 win over the Minnesota Timberwolves.</p>
<p>Drexler went down with a sprained right ankle midway through the third quarter when he landed awkwardly.</p>
<p>Olajuwon also had 11 rebounds and six blocks and Willis grabbed 14 rebounds.</p>
<p>Stephon Marbury scored 16 points and Dean Garrett and Sam Mitchell added 15 points apiece for Minnesota, losers of nine of its last 13 games.</p>
<p>In Orlando, Penny Hardaway scored 30 points and Rony Seikaly added 26 points and 14 rebounds as the Magic grabbed a big early lead and cruised to a 114-103 triumph over the Sacramento Kings.</p>
<p>Horace Grant and Dennis Scott added 13 apiece for Orlando, which never trailed after the opening minute and had six players score in double figures.</p>
<p>Mitch Richmond scored 34 points for the Kings, who have lost nine of their last 10 games.</p>
<p>In Toronto, Mark Jackson had 10 points, 11 rebounds and 12 assists for his fourth triple-double of the season as the Indiana Pacers beat the Raptors 98-84.</p>
<p>Rik Smits had 28 points and 12 rebounds and Reggie Miller added 24 points for the Pacers.</p>
<p>Walt Williams had 16 points and Marcus Camby 15 for the Raptors, who missed 60 shots, going 30-of-90 from the field.</p>
<p>Indiana moved within 4 1/2 games of Cleveland, which holds the eighth and final playoff spot in the Eastern Conference.</p>
<p>In Phoenix, Kevin Johnson scored 28 points and Wesley Person added 19 to lead the Suns to a 117-112 triumph over the Milwaukee Bucks.</p>
<p>Johnson scored 19 of his points in the second half for the Suns, who won for the ninth time in 12 games.</p>
<p>Ray Allen scored a career-high 32 points for the Bucks.</p>
<p>At Golden State, Gary Payton scored 23 points and Shawn Kemp added 21 as the Seattle SuperSonics posted their largest point total of the season in crushing the Warriors 126-89.</p>
<p>Hersey Hawkins had 17 points for the Sonics, who led by 34 at halftime and have won seven of their last nine games.</p>
<p>Joe Smith led Golden State with 18 points.</p>
<p>In Los Angeles, Malik Sealy's three-pointer with 14 seconds remaining in regulation sent the game into overtime and the Clippers scored the first seven points of overtime en route to a 110-104 victory over the Vancouver Grizzlies.</p>
<p>Lorenzen Wright had a career-high 24 points and Rodney Rogers added 23 for the Clippers, who held onto the seventh spot in the West playoff chase.</p>
<p>Anthony Peeler scored 30 points for the league-worst Grizzlies, losers of 17 of their last 18 games.</p>
</text>
<copyright>(c) Reuters Limited 1997</copyright>
<metadata>
<codes class="bip:countries:1.0">
  <code code="USA">
    <editdetail attribution="Reuters BIP Coding Group" action="confirmed" date="1997-03-26"/>
  </code>
</codes>
<codes class="bip:topics:1.0">
  <code code="GCAT">
    <editdetail attribution="Reuters BIP Coding Group" action="confirmed" date="1997-03-26"/>
  </code>
  <code code="GSPO">
    <editdetail attribution="Reuters BIP Coding Group" action="confirmed" date="1997-03-26"/>
  </code>
</codes>
<dc element="dc.date.created" value="1997-03-26"/>
<dc element="dc.publisher" value="Reuters Holdings Plc"/>
<dc element="dc.date.published" value="1997-03-26"/>
<dc element="dc.source" value="Reuters"/>
<dc element="dc.creator.location" value="SAN ANTONIO, Texas"/>
<dc element="dc.creator.location.country.name" value="USA"/>
<dc element="dc.source" value="Reuters"/>
</metadata>
</newsitem>
