<?xml version="1.0" encoding="iso-8859-1" ?>
<newsitem itemid="468609" id="root" date="1997-03-26" xml:lang="en">
<title>ZIMBABWE: ZIMBABWE MONEY RATES EDGE UP IN SHORT MARKET.</title>
<headline>ZIMBABWE MONEY RATES EDGE UP IN SHORT MARKET.</headline>
<dateline>HARARE 1997-03-26</dateline>
<text>
<p>Short-term trading rates on Zimbabwe's money market were quoted firmer on the back of a cash shortage on Wednesday, dealers said.</p>
<p>They added that, since the shortage was expected to prevail with no maturities during the day to add liquidity, the central Reserve Bank had not come into the market with a treasury bill auction.</p>
<p>Discount houses were selling the central bank paper in the secondary market at 16.40 percent, up from Tuesday's 16.35 percent while call money edged up to 18.50 percent from 16.25.</p>
<p>Rates for NCDs maturing after 30, 60 and 90 days were also quoted firmer at 19 and 18 percent (buying and selling respectively) from 17.25 and 17 percent.</p>
<p>Bankers acceptance bills were being bought at 17.75 percent, up from 17 percent while their selling rate edged half a percent point higher to 17 percent from 16.50 percent.</p>
<p>Figures from the Reserve Bank showed the market closed with a Z$138 million deficit on Tuesday from a shortage of Z$44 million on Monday.</p>
<p>-- Stella Mapenzauswa, Harare Newsroom: +263-4 72 52 27/8/9</p>
</text>
<copyright>(c) Reuters Limited 1997</copyright>
<metadata>
<codes class="bip:countries:1.0">
  <code code="ZIMBAB">
    <editdetail attribution="Reuters BIP Coding Group" action="confirmed" date="1997-03-26"/>
  </code>
</codes>
<codes class="bip:topics:1.0">
  <code code="M13">
    <editdetail attribution="Reuters BIP Coding Group" action="confirmed" date="1997-03-26"/>
  </code>
  <code code="M131">
    <editdetail attribution="Reuters BIP Coding Group" action="confirmed" date="1997-03-26"/>
  </code>
  <code code="MCAT">
    <editdetail attribution="Reuters BIP Coding Group" action="confirmed" date="1997-03-26"/>
  </code>
</codes>
<dc element="dc.date.created" value="1997-03-26"/>
<dc element="dc.publisher" value="Reuters Holdings Plc"/>
<dc element="dc.date.published" value="1997-03-26"/>
<dc element="dc.source" value="Reuters"/>
<dc element="dc.creator.location" value="HARARE"/>
<dc element="dc.creator.location.country.name" value="ZIMBABWE"/>
<dc element="dc.source" value="Reuters"/>
</metadata>
</newsitem>
