<?xml version="1.0" encoding="iso-8859-1" ?>
<newsitem itemid="468625" id="root" date="1997-03-26" xml:lang="en">
<title>ESTONIA: ESTONIA-NOON RADIO HEADLINES - MARCH 26.</title>
<headline>ESTONIA-NOON RADIO HEADLINES - MARCH 26.</headline>
<dateline>TALLINN 1997-03-26</dateline>
<text>
<p>These were the headlines on Estonian Kuku radio at noon. Reuters has not verified these reports and does not vouch for their accuracy:</p>
<p>- Estonian and Finnish foreign ministers sign the visa free travel agreement between Estonia and Finland.</p>
<p>- Rescue services finished cleaning up Soviet military oil pollution the near the Paldiski dock.</p>
<p>- Estonians are the most optimistic about their financial future compared to other central and eastern Europeans, according to a study ordered by the European Commission.</p>
<p>--Tallinn newsroom +372 630 8400 reuters@reuters.ee</p>
</text>
<copyright>(c) Reuters Limited 1997</copyright>
<metadata>
<codes class="bip:countries:1.0">
  <code code="ESTNIA">
    <editdetail attribution="Reuters BIP Coding Group" action="confirmed" date="1997-03-26"/>
  </code>
</codes>
<codes class="bip:topics:1.0">
  <code code="GCAT">
    <editdetail attribution="Reuters BIP Coding Group" action="confirmed" date="1997-03-26"/>
  </code>
</codes>
<dc element="dc.date.created" value="1997-03-26"/>
<dc element="dc.publisher" value="Reuters Holdings Plc"/>
<dc element="dc.date.published" value="1997-03-26"/>
<dc element="dc.source" value="Reuters"/>
<dc element="dc.creator.location" value="TALLINN"/>
<dc element="dc.creator.location.country.name" value="ESTONIA"/>
<dc element="dc.source" value="Reuters"/>
</metadata>
</newsitem>
