<?xml version="1.0" encoding="iso-8859-1" ?>
<newsitem itemid="468661" id="root" date="1997-03-26" xml:lang="en">
<title>ESTONIA: COMPENSATION FUND FEB PROFIT WAS 11.8 MLN EEK.</title>
<headline>COMPENSATION FUND FEB PROFIT WAS 11.8 MLN EEK.</headline>
<dateline>TALLINN 1997-03-26</dateline>
<text>
<p>- The Compensation Fund said on Wednesday that its February profit was 11.8 million kroons, down compared to January's 13.6 million kroons.</p>
<p>The Fund's balance sheet volume was up to 1.2 billion kroons, a growth by 3.8 percent compared to January's results, it said in statement.</p>
<p>Invesments increased the Fund's assets by 32.1 percent or 33.9 million kroons in February to 139.5 million kroons, the Compensation Fund added.</p>
<p>The Compensation Fund is a state fund set up to make compensation to people relating to privatisation claims.</p>
<p>-- David Mardiste, Tallinn newsroom +372 630 8400 reuters@reuters.ee</p>
</text>
<copyright>(c) Reuters Limited 1997</copyright>
<metadata>
<codes class="bip:countries:1.0">
  <code code="ESTNIA">
    <editdetail attribution="Reuters BIP Coding Group" action="confirmed" date="1997-03-26"/>
  </code>
</codes>
<codes class="bip:industries:1.0">
  <code code="I81502">
    <editdetail attribution="Reuters BIP Coding Group" action="confirmed" date="1997-03-26"/>
  </code>
</codes>
<codes class="bip:topics:1.0">
  <code code="C15">
    <editdetail attribution="Reuters BIP Coding Group" action="confirmed" date="1997-03-26"/>
  </code>
  <code code="C151">
    <editdetail attribution="Reuters BIP Coding Group" action="confirmed" date="1997-03-26"/>
  </code>
  <code code="C18">
    <editdetail attribution="Reuters BIP Coding Group" action="confirmed" date="1997-03-26"/>
  </code>
  <code code="C183">
    <editdetail attribution="Reuters BIP Coding Group" action="confirmed" date="1997-03-26"/>
  </code>
  <code code="CCAT">
    <editdetail attribution="Reuters BIP Coding Group" action="confirmed" date="1997-03-26"/>
  </code>
</codes>
<dc element="dc.date.created" value="1997-03-26"/>
<dc element="dc.publisher" value="Reuters Holdings Plc"/>
<dc element="dc.date.published" value="1997-03-26"/>
<dc element="dc.source" value="Reuters"/>
<dc element="dc.creator.location" value="TALLINN"/>
<dc element="dc.creator.location.country.name" value="ESTONIA"/>
<dc element="dc.source" value="Reuters"/>
</metadata>
</newsitem>
