<?xml version="1.0" encoding="iso-8859-1" ?>
<newsitem itemid="468622" id="root" date="1997-03-26" xml:lang="en">
<title>LITHUANIA: LITHUANIA - RADIO HEADLINES AT NOON - MARCH 26.</title>
<headline>LITHUANIA - RADIO HEADLINES AT NOON - MARCH 26.</headline>
<dateline>VILNIUS 1997-03-26</dateline>
<text>
<p>Here are the leading headlines broadcast on Lithuania's M-1 plus radio station at noon on Wednesday. Reuters has not verified these stories and does not vouch for their accuracy.</p>
<p>- Parliamentary chairman Vytautas Landsbergis said at a news conference on Wednesday that last week's summit in Helsinki brought about a change in Russian policy from confrontation to cooperation.</p>
<p>- Lithuanian Prime Minister Gediminas Vagnorius told the Nordic business magazine Nordicum that he believes that two out of three Baltic states will be invited to join the European Union and one will be granted NATO membership.</p>
<p>- Vilnius newsroom, +370 2 22 35 17</p>
</text>
<copyright>(c) Reuters Limited 1997</copyright>
<metadata>
<codes class="bip:countries:1.0">
  <code code="LITH">
    <editdetail attribution="Reuters BIP Coding Group" action="confirmed" date="1997-03-26"/>
  </code>
</codes>
<codes class="bip:topics:1.0">
  <code code="GCAT">
    <editdetail attribution="Reuters BIP Coding Group" action="confirmed" date="1997-03-26"/>
  </code>
</codes>
<dc element="dc.date.created" value="1997-03-26"/>
<dc element="dc.publisher" value="Reuters Holdings Plc"/>
<dc element="dc.date.published" value="1997-03-26"/>
<dc element="dc.source" value="Reuters"/>
<dc element="dc.creator.location" value="VILNIUS"/>
<dc element="dc.creator.location.country.name" value="LITHUANIA"/>
<dc element="dc.source" value="Reuters"/>
</metadata>
</newsitem>
