<?xml version="1.0" encoding="iso-8859-1" ?>
<newsitem itemid="468616" id="root" date="1997-03-26" xml:lang="en">
<title>CZECH REPUBLIC: OPINION-CZECH ODA &amp; THEIR NEW LEADER, BY JIRI PEHE.</title>
<headline>OPINION-CZECH ODA &amp; THEIR NEW LEADER, BY JIRI PEHE.</headline>
<byline>Jiri Pehe</byline>
<text>
<p>Research Director, Open Media Research Institute</p>
<p>PRAGUE, March 26 - The election of Senator Michael Zantovsky, former Czech Ambassador to the United States, as the new chairman of the Civic Democratic Alliance (ODA) at its party congress last weekend, could have far-reaching results not only for the ODA but the entire political scene.</p>
<p>Should the ODA, under Zantovsky's leadership, overcome internal conflicts, it could become a formidable competitor of Prime Minister Vaclav Klaus's Civic Democratic Party (ODS).</p>
<p>The Czech Republic is currently experiencing a crisis of confidence. Politics is seen by many people as corrupt and politicians as unable to articulate new visions.</p>
<p>Zantovsky, who is not too intimately tied with politics in the country in  last few years-- and yet is very well-known -- could generate enthusiasm among politics-weary voters.</p>
<p>He is a good communicator; and the ODA has a good and coherent program, which it has never been able to sell to voters. In the past the ODA spent much of its energy on internal infighting, failing to develop a well-functioning party structure.  Its image has been that of a rather querulous group of Prague intellectuals.</p>
<p>Zantovsky won on the ODA ticket in Senate elections last autumn but officially joined the party only a few weeks ago.</p>
<p>Since all other ODA leaders are associated, in the minds of voters, with numerous past disputes within the ODA and various scandals, Zantovsky's status of an outsider is clearly an asset.</p>
<p>Zantovsky, who started his political career first as a spokesman for President Vaclav Havel, will also benefit from his close association with the tremendously popular president.</p>
<p>He seems to realize that the ODA, above all, needs to become a real political party. To accomplish that, he has said he will not seek a government post -- customary for coalition party chairmen in Czech politics. Rather, he will devote himself fully to party affairs.</p>
<p>Perhaps most importantly, Zantovsky is not seen as being close to either of the two warring groups within the ODA -- split between ODA's founders and pragmatists.</p>
<p>ODA founders have been staunchly opposed to cooperating more closely, or merging with, the ODS. Under their leadership, the party in the past often spent much  energy on battling the ODS, which was programmatically very close to the ODA.</p>
<p>ODA founders have also been critical of the communist past of Trade and Industry Minister Vladimir Dlouhy, a leader of the pragmatists' wing and until recently the most popular politician in the country.</p>
<p>Dlouhy and his followers have long advocated a closer cooperation with the ODS and a less ideological approach to politics than ODA founders.  Before the congress, Dlouhy decided not run for chairmanship but endorsed Zantovsky.</p>
<p>At the congress, Zantovsky defeated four other candidates, three of whom (Daniel Kroupa, Libor Kudlacek, and Karel Ledvinka) are associated with the group of ODA founders.</p>
<p>The fourth, Environment Minister Jiri Skalicky, is seen as a pragmatist but not necessarily a fervent supporter of Dlouhy. What is most important for the future of the ODA is that Zantovsky's election has been well received by both groups. All three deputy chairmen elected at the congress, including Skalicky and Dlouhy, have expressed full support for Zantovsky.</p>
<p>The fact that leaders rallied behind him once he had been elected, is an important novelty in a conflict-prone party.</p>
<p>At the congress, Zantovsky and other ODA leaders were also able to stay away from attacks against  the ODS that were common at previous party congresses.</p>
<p>Moreover, speakers at the congress openly spoke of signs of political and and social crisis, explaining why ODA recipes could work. The main reason the ODA in the past spent so much energy on criticizing the ODS was that the two parties were programmatically so close.</p>
<p>Lately, however, the ODA has increasingly represented a real alternative to the ODS, chiefly because it has  advocated radical, market-oriented reforms in many areas much more resolutely than Klaus's party.</p>
<p>Since more than 60 percent of the congress delegates voting for Zantovsky and his vision of the party's future, he has good chances of reforming the ODA.</p>
<p>He is in a very good position to unite the party, change its political style, and explain better its program to voters. A substantial rise in the popularity of the ODA would change Czech politics in more than one way.</p>
<p>For example, the mere fact the ODA would no longer be in danger of failing to clear the five percent electoral hurdle could attract many of those voters who in the past did not vote for the ODA out of fear of throwing their votes away.</p>
<p>Without the ODA in the parliament, putting together a right-of-center coalition government would be almost impossible. The opposition would be significantly strengthened.</p>
<p>On the other hand, should a reformed ODA be able to attract new voters, the coalition as a whole would be strengthened.</p>
<p>True, some of the new voters of the ODA would naturally be those who had previously supported the ODS or the other coalition partner of the ODS, the Christian and Democratic Union. But the ODA has also always had sympathizers among centrist voters.</p>
<p>Its eventual rise could therefore also weaken the opposition Social Democratic Party whose continuing radicalization has made it difficult for many centrist voters to support that party.</p>
<p>(Note - the opinions expressed in this article represent the views of the author only. They should not be seen as reflecting the views of Reuters.)</p>
<p>-- Prague Newsroom, 420-2-2423-0003</p>
</text>
<copyright>(c) Reuters Limited 1997</copyright>
<metadata>
<codes class="bip:countries:1.0">
  <code code="CZREP">
    <editdetail attribution="Reuters BIP Coding Group" action="confirmed" date="1997-03-26"/>
  </code>
</codes>
<codes class="bip:topics:1.0">
  <code code="GCAT">
    <editdetail attribution="Reuters BIP Coding Group" action="confirmed" date="1997-03-26"/>
  </code>
  <code code="GPOL">
    <editdetail attribution="Reuters BIP Coding Group" action="confirmed" date="1997-03-26"/>
  </code>
</codes>
<dc element="dc.publisher" value="Reuters Holdings Plc"/>
<dc element="dc.date.published" value="1997-03-26"/>
<dc element="dc.source" value="Reuters"/>
<dc element="dc.creator.location.country.name" value="CZECH REPUBLIC"/>
<dc element="dc.source" value="Reuters"/>
</metadata>
</newsitem>
