<?xml version="1.0" encoding="iso-8859-1" ?>
<newsitem itemid="468611" id="root" date="1997-03-26" xml:lang="en">
<title>SOUTH AFRICA: S.AFRICA'S TELKOM CUTS INTERNATIONAL CALL RATES.</title>
<headline>S.AFRICA'S TELKOM CUTS INTERNATIONAL CALL RATES.</headline>
<dateline>JOHANNESBURG 1997-03-26</dateline>
<text>
<p>South Africa telecommunications utility Telkom said on Wednesday it would reduce international call rates to eight countries by as much as 20 percent with effect from April 1.</p>
<p>It said rates for calls to Germany, France, Netherlands, Austria, Italy, Greece, Hong Kong and Monaco would be reduced by between 6.7 and 20.2 percent.</p>
<p>The price cuts formed part of a process that would result in reduced rates to many other countries being phased in throughout the year, Telkom managing executive Rhynie Greeff said.</p>
<p>&quot;This approach is necessary as Telkom has to negotiate the cost of international calls with its international telecommunications partners,&quot; he said.</p>
<p>Telkom is about to sign a deal which will give SBC Communications Inc and Telekom Malaysia Bhd a 30 percent stake in the concern.</p>
<p>The sale of the stake is expected to net around $1.3 billion rand, according to industry analysts, $1 billion of which will be ploughed back into Telkom to fund its infrastructure expansion programme.</p>
<p>-- Johannesburg newsroom, +27 11 482-1003</p>
</text>
<copyright>(c) Reuters Limited 1997</copyright>
<metadata>
<codes class="bip:countries:1.0">
  <code code="AUST">
    <editdetail attribution="Reuters BIP Coding Group" action="confirmed" date="1997-03-26"/>
  </code>
  <code code="FRA">
    <editdetail attribution="Reuters BIP Coding Group" action="confirmed" date="1997-03-26"/>
  </code>
  <code code="GFR">
    <editdetail attribution="Reuters BIP Coding Group" action="confirmed" date="1997-03-26"/>
  </code>
  <code code="GREECE">
    <editdetail attribution="Reuters BIP Coding Group" action="confirmed" date="1997-03-26"/>
  </code>
  <code code="HKONG">
    <editdetail attribution="Reuters BIP Coding Group" action="confirmed" date="1997-03-26"/>
  </code>
  <code code="ITALY">
    <editdetail attribution="Reuters BIP Coding Group" action="confirmed" date="1997-03-26"/>
  </code>
  <code code="MONAC">
    <editdetail attribution="Reuters BIP Coding Group" action="confirmed" date="1997-03-26"/>
  </code>
  <code code="NETH">
    <editdetail attribution="Reuters BIP Coding Group" action="confirmed" date="1997-03-26"/>
  </code>
  <code code="SAFR">
    <editdetail attribution="Reuters BIP Coding Group" action="confirmed" date="1997-03-26"/>
  </code>
</codes>
<codes class="bip:industries:1.0">
  <code code="I79020">
    <editdetail attribution="Reuters BIP Coding Group" action="confirmed" date="1997-03-26"/>
  </code>
</codes>
<codes class="bip:topics:1.0">
  <code code="C31">
    <editdetail attribution="Reuters BIP Coding Group" action="confirmed" date="1997-03-26"/>
  </code>
  <code code="CCAT">
    <editdetail attribution="Reuters BIP Coding Group" action="confirmed" date="1997-03-26"/>
  </code>
</codes>
<dc element="dc.date.created" value="1997-03-26"/>
<dc element="dc.publisher" value="Reuters Holdings Plc"/>
<dc element="dc.date.published" value="1997-03-26"/>
<dc element="dc.source" value="Reuters"/>
<dc element="dc.creator.location" value="JOHANNESBURG"/>
<dc element="dc.creator.location.country.name" value="SOUTH AFRICA"/>
<dc element="dc.source" value="Reuters"/>
</metadata>
</newsitem>
