<?xml version="1.0" encoding="iso-8859-1" ?>
<newsitem itemid="468652" id="root" date="1997-03-26" xml:lang="en">
<title>ESTONIA: INTERVIEW-TALLINNA PANK EYES LITHUANIA, ANOTHER LOAN.</title>
<headline>INTERVIEW-TALLINNA PANK EYES LITHUANIA, ANOTHER LOAN.</headline>
<byline>Patrick Lannin</byline>
<dateline>TALLINN 1997-03-26</dateline>
<text>
<p>One of Estonia's leading banks, Tallinna Pank, said that it plans to make a decision this year on when and how to expand to the Lithuanian market and will also take another 30 million German mark syndicated loan.</p>
<p>Rait Lukas, chairman of Tallinna Pank's executive board, told Reuters in a recent interview that like all Estonian banks, Tallinna Pank was considering the Lithuanian market.</p>
<p>&quot;Of course we do have a date and we are trying to do as quickly as possible to find or decide something this year (on Lithuania),&quot; Lukas said.  </p>
<p>He said that like all Estonian banks, Tallinna Pank has met all the leading Lithuanian banks with a view to exploring the possibilities to expand into Lithuania.</p>
<p>Lukas said it was almost impossible to open a new branch in Lithuania.</p>
<p>He said that Estonian banks were trying to expand outside Estonia as it was too small a market.</p>
<p>&quot;The reason is that very soon it will be the last time to go (to Lithuania) as the bank market is stabilising very fast,&quot; Lukas added.</p>
<p>Hoiupank has been named as another Estonian bank considering a move to Lithuania and largest bank Hansapank has also said it wants to expand into the southernmost Baltic state.</p>
</text>
<copyright>(c) Reuters Limited 1997</copyright>
<metadata>
<codes class="bip:countries:1.0">
  <code code="ESTNIA">
    <editdetail attribution="Reuters BIP Coding Group" action="confirmed" date="1997-03-26"/>
  </code>
  <code code="LITH">
    <editdetail attribution="Reuters BIP Coding Group" action="confirmed" date="1997-03-26"/>
  </code>
</codes>
<codes class="bip:industries:1.0">
  <code code="I81402">
    <editdetail attribution="Reuters BIP Coding Group" action="confirmed" date="1997-03-26"/>
  </code>
</codes>
<codes class="bip:topics:1.0">
  <code code="C11">
    <editdetail attribution="Reuters BIP Coding Group" action="confirmed" date="1997-03-26"/>
  </code>
  <code code="C17">
    <editdetail attribution="Reuters BIP Coding Group" action="confirmed" date="1997-03-26"/>
  </code>
  <code code="C173">
    <editdetail attribution="Reuters BIP Coding Group" action="confirmed" date="1997-03-26"/>
  </code>
  <code code="CCAT">
    <editdetail attribution="Reuters BIP Coding Group" action="confirmed" date="1997-03-26"/>
  </code>
</codes>
<dc element="dc.date.created" value="1997-03-26"/>
<dc element="dc.publisher" value="Reuters Holdings Plc"/>
<dc element="dc.date.published" value="1997-03-26"/>
<dc element="dc.source" value="Reuters"/>
<dc element="dc.creator.location" value="TALLINN"/>
<dc element="dc.creator.location.country.name" value="ESTONIA"/>
<dc element="dc.source" value="Reuters"/>
</metadata>
</newsitem>
