<?xml version="1.0" encoding="iso-8859-1" ?>
<newsitem itemid="468634" id="root" date="1997-03-26" xml:lang="en">
<title>ESTONIA: BIDDERS FOR SHIPPING FIRM READY FOR FIGHT.</title>
<headline>BIDDERS FOR SHIPPING FIRM READY FOR FIGHT.</headline>
<dateline>TALLINN 1997-03-26</dateline>
<text>
<p>The three bidders chosen to make an offer for Estonian Shipping said on Wednesday they were ready for a tough competition to buy 70 percent of the company.</p>
<p>The bidders chosen earlier by the Estonian Privatisation Agency were Arbonale, a consortium of Jinhui Shipping and Transport Ltd, Nomura, Hansa Investments and Norwegian shipping group Marsoft.</p>
<p>The other bidders are Baltic Cresco and Esco Holdings.</p>
<p>The consortia represent interests from Japan, Hong Kong, the United States and Sweden as well as local investors.</p>
<p>&quot;Our chances are very good. We have an excellent team of international and local and strategic partners,&quot; said Toomas Reisenbuk, executive director of Hansa Investments.</p>
<p>Baltic Cresco is an investment banking firm which is two years old and has four private partners. It also has two backers, one from Estonia and one from the U.S.</p>
<p>&quot;Cresco has something to offer and we are bidding to win,&quot; a representative of the firm said.</p>
<p>Toivo Ninnas, a representative of Esco, said he had not yet been officially notified of being chosen as a bidder and said he was interested in seeing the conditions for the next round.</p>
<p>Esco group was formed by Swedish Carnegie AB and local group, Esco Holdings.</p>
<p>-- David Mardiste, Tallinn Newsroom +372 630 8400</p>
</text>
<copyright>(c) Reuters Limited 1997</copyright>
<metadata>
<codes class="bip:countries:1.0">
  <code code="ESTNIA">
    <editdetail attribution="Reuters BIP Coding Group" action="confirmed" date="1997-03-26"/>
  </code>
</codes>
<codes class="bip:industries:1.0">
  <code code="I25000">
    <editdetail attribution="Reuters BIP Coding Group" action="confirmed" date="1997-03-26"/>
  </code>
  <code code="I36101">
    <editdetail attribution="Reuters BIP Coding Group" action="confirmed" date="1997-03-26"/>
  </code>
  <code code="I74000">
    <editdetail attribution="Reuters BIP Coding Group" action="confirmed" date="1997-03-26"/>
  </code>
  <code code="I81502">
    <editdetail attribution="Reuters BIP Coding Group" action="confirmed" date="1997-03-26"/>
  </code>
</codes>
<codes class="bip:topics:1.0">
  <code code="C18">
    <editdetail attribution="Reuters BIP Coding Group" action="confirmed" date="1997-03-26"/>
  </code>
  <code code="C181">
    <editdetail attribution="Reuters BIP Coding Group" action="confirmed" date="1997-03-26"/>
  </code>
  <code code="C183">
    <editdetail attribution="Reuters BIP Coding Group" action="confirmed" date="1997-03-26"/>
  </code>
  <code code="CCAT">
    <editdetail attribution="Reuters BIP Coding Group" action="confirmed" date="1997-03-26"/>
  </code>
</codes>
<dc element="dc.date.created" value="1997-03-26"/>
<dc element="dc.publisher" value="Reuters Holdings Plc"/>
<dc element="dc.date.published" value="1997-03-26"/>
<dc element="dc.source" value="Reuters"/>
<dc element="dc.creator.location" value="TALLINN"/>
<dc element="dc.creator.location.country.name" value="ESTONIA"/>
<dc element="dc.source" value="Reuters"/>
</metadata>
</newsitem>
