<?xml version="1.0" encoding="iso-8859-1" ?>
<newsitem itemid="468623" id="root" date="1997-03-26" xml:lang="en">
<title>HUNGARY: HUNGARY NOON RADIO HEADLINES - MARCH 26.</title>
<headline>HUNGARY NOON RADIO HEADLINES - MARCH 26.</headline>
<dateline>BUDAPEST 1997-03-26</dateline>
<text>
<p>These are the main headlines on Hungary's Kossuth Radio midday news. Reuters cannot vouch for their accuracy:</p>
<p>- Less farmers than expected took part in agricultural demonstrations at border-crossings on Wednesday.</p>
<p>- The Free Democrat's, the junior member party in the ruling coalition, said that the law amendments approved by the Parliament on Tuesday decreased tension in the agricultural sector.</p>
<p>- Slovakia attacked before the Hague international court Hungary's legal explanations for why Hungary abandoned the contract for the construction of a water power plant on the Danube.</p>
<p>- The Jewish organisation MAZSIHISZ joined the Free Democrat's in an initiation to remove Agnes Maczo from the post of deputy chairman of the Parliament for an alleged anti-Semitic declaration of Maczo.</p>
<p>- Public employees protest because they say their monthly wage has been delivered recently with one week delays.</p>
<p>-- Budapest newsroom +36 1 327 4040</p>
</text>
<copyright>(c) Reuters Limited 1997</copyright>
<metadata>
<codes class="bip:countries:1.0">
  <code code="HUNG">
    <editdetail attribution="Reuters BIP Coding Group" action="confirmed" date="1997-03-26"/>
  </code>
</codes>
<codes class="bip:topics:1.0">
  <code code="GCAT">
    <editdetail attribution="Reuters BIP Coding Group" action="confirmed" date="1997-03-26"/>
  </code>
</codes>
<dc element="dc.date.created" value="1997-03-26"/>
<dc element="dc.publisher" value="Reuters Holdings Plc"/>
<dc element="dc.date.published" value="1997-03-26"/>
<dc element="dc.source" value="Reuters"/>
<dc element="dc.creator.location" value="BUDAPEST"/>
<dc element="dc.creator.location.country.name" value="HUNGARY"/>
<dc element="dc.source" value="Reuters"/>
</metadata>
</newsitem>
