<?xml version="1.0" encoding="iso-8859-1" ?>
<newsitem itemid="468610" id="root" date="1997-03-26" xml:lang="en">
<title>ZIMBABWE: ZIMBABWE CLOTHING SOUTH AFRICA-BOUND NEXT WEEK.</title>
<headline>ZIMBABWE CLOTHING SOUTH AFRICA-BOUND NEXT WEEK.</headline>
<dateline>HARARE 1997-03-26</dateline>
<text>
<p>Zimbabwe should start exporting clothing and textile products to South Africa from next week under a delayed preferential tariff concluded between the two countries last year, a South African official said on Tuesday night.</p>
<p>Hennie Erasmus, counsellor (economic) at the South African High Commission, said a memorandum of understanding reached last August on the reinstatement of 1964 preferential tariffs on Zimbabwean clothing and textiles was effective from March 1 but some technical difficulties had delayed its implementation.</p>
<p>&quot;We can say that all the technical difficulties we experienced have been ironed out and we expect to see Zimbabwean clothing and  textiles in South Africa within the next week or early April,&quot; Erasmus told reporters.</p>
<p>He said under the memorandum of understanding, Zimbabwean clothing exports to South Africa would attract 30 percent duty for the next three years which would thereafter be reduced by three percent annually.</p>
<p>He added that further details of the memorandum would be announced on Thursday by Zimbabwe's industry and commerce ministry.</p>
<p>South African High Commissioner Kingsley Mamabolo hailed the implementation of the textiles and clothing memorandum as a major breakthrough in trade negotiations between Harare and Pretoria which have been going on for the past four years.</p>
<p>He and Erasmus said the talks were aimed at reinstating preferential tariffs Zimbabwe enjoyed under a 1964 pact which lapsed in 1992, and South Africa tripled import duties on clothing and textiles to about 90 percent.</p>
<p>They said they expected the trade talks in other sectors such as agriculture and the leather industry to be concluded by June.</p>
<p>&quot;Things are really moving now. We want to be finished with the negotiations before the middle of the year,&quot; Erasmus said.</p>
<p>-- Emelia Sithole, Harare Newsroom: +263-4 72 52 27/8/9</p>
</text>
<copyright>(c) Reuters Limited 1997</copyright>
<metadata>
<codes class="bip:countries:1.0">
  <code code="SAFR">
    <editdetail attribution="Reuters BIP Coding Group" action="confirmed" date="1997-03-26"/>
  </code>
  <code code="ZIMBAB">
    <editdetail attribution="Reuters BIP Coding Group" action="confirmed" date="1997-03-26"/>
  </code>
</codes>
<codes class="bip:industries:1.0">
  <code code="I43000">
    <editdetail attribution="Reuters BIP Coding Group" action="confirmed" date="1997-03-26"/>
  </code>
  <code code="I45300">
    <editdetail attribution="Reuters BIP Coding Group" action="confirmed" date="1997-03-26"/>
  </code>
</codes>
<codes class="bip:topics:1.0">
  <code code="C13">
    <editdetail attribution="Reuters BIP Coding Group" action="confirmed" date="1997-03-26"/>
  </code>
  <code code="C31">
    <editdetail attribution="Reuters BIP Coding Group" action="confirmed" date="1997-03-26"/>
  </code>
  <code code="C311">
    <editdetail attribution="Reuters BIP Coding Group" action="confirmed" date="1997-03-26"/>
  </code>
  <code code="C312">
    <editdetail attribution="Reuters BIP Coding Group" action="confirmed" date="1997-03-26"/>
  </code>
  <code code="CCAT">
    <editdetail attribution="Reuters BIP Coding Group" action="confirmed" date="1997-03-26"/>
  </code>
</codes>
<dc element="dc.date.created" value="1997-03-26"/>
<dc element="dc.publisher" value="Reuters Holdings Plc"/>
<dc element="dc.date.published" value="1997-03-26"/>
<dc element="dc.source" value="Reuters"/>
<dc element="dc.creator.location" value="HARARE"/>
<dc element="dc.creator.location.country.name" value="ZIMBABWE"/>
<dc element="dc.source" value="Reuters"/>
</metadata>
</newsitem>
