<?xml version="1.0" encoding="iso-8859-1" ?>
<newsitem itemid="468660" id="root" date="1997-03-26" xml:lang="en">
<title>BULGARIA: BULGARIA TO RULE ON TSBANK INSOLVENCY IN TWO WEEKS.</title>
<headline>BULGARIA TO RULE ON TSBANK INSOLVENCY IN TWO WEEKS.</headline>
<dateline>SOFIA 1997-03-26</dateline>
<text>
<p>The Sofia City Court is expected to rule on an insolvency case against private Trade and Savings Bank (TSB) filed by the Bulgarian National Bank (BNB) within two weeks, a court official said on Wednesday.</p>
<p>&quot;The court should rule on the case within two weeks after it accepted the independent reports on the bank's financial state prepared by three experts,&quot; the official told reporters.  </p>
<p>The reports were required by the court to assess the bank's assets to liabilities ratio as of October 31 last year when the BNB filed the insolvency suit.</p>
<p>TSBank was put in receivership on September 23 along with another eight local state and private banks due to outstanding payments worth 4.77 billion levs as of September 20.</p>
<p>The bank is among 15 local banks or one third of Bulgaria's banks whose insolvency has been sought by the BNB in two waves in May and October last year.</p>
<p>Only one of them, Madan-based Crystalbank has been declared insolvent so far.</p>
<p>Court rulings are expected on BNB insolvency bids against state-owned Mineralbank and the Private Agricultural and Investment Bank (PAIB) by end-March and the beginning of April, respectively.</p>
<p>Under a memorandum of economic policies agreed with the International Monetary Fund last week Bulgaria is expected to approve a new Bank Insolvency Law to facilitate more efficient resolution of cases against banks which the BNB has sought to close down. -- Sofia Newsroom, (++359-2) 981 8569; 981 4145</p>
</text>
<copyright>(c) Reuters Limited 1997</copyright>
<metadata>
<codes class="bip:countries:1.0">
  <code code="BUL">
    <editdetail attribution="Reuters BIP Coding Group" action="confirmed" date="1997-03-26"/>
  </code>
</codes>
<codes class="bip:industries:1.0">
  <code code="I81402">
    <editdetail attribution="Reuters BIP Coding Group" action="confirmed" date="1997-03-26"/>
  </code>
</codes>
<codes class="bip:topics:1.0">
  <code code="C12">
    <editdetail attribution="Reuters BIP Coding Group" action="confirmed" date="1997-03-26"/>
  </code>
  <code code="C16">
    <editdetail attribution="Reuters BIP Coding Group" action="confirmed" date="1997-03-26"/>
  </code>
  <code code="CCAT">
    <editdetail attribution="Reuters BIP Coding Group" action="confirmed" date="1997-03-26"/>
  </code>
  <code code="GCAT">
    <editdetail attribution="Reuters BIP Coding Group" action="confirmed" date="1997-03-26"/>
  </code>
  <code code="GCRIM">
    <editdetail attribution="Reuters BIP Coding Group" action="confirmed" date="1997-03-26"/>
  </code>
</codes>
<dc element="dc.date.created" value="1997-03-26"/>
<dc element="dc.publisher" value="Reuters Holdings Plc"/>
<dc element="dc.date.published" value="1997-03-26"/>
<dc element="dc.source" value="Reuters"/>
<dc element="dc.creator.location" value="SOFIA"/>
<dc element="dc.creator.location.country.name" value="BULGARIA"/>
<dc element="dc.source" value="Reuters"/>
</metadata>
</newsitem>
