<?xml version="1.0" encoding="iso-8859-1" ?>
<newsitem itemid="468613" id="root" date="1997-03-26" xml:lang="en">
<title>SOUTH AFRICA: SAFRICA MONEY MKT SHORTAGE EDGES HIGHER WEDNESDAY.</title>
<headline>SAFRICA MONEY MKT SHORTAGE EDGES HIGHER WEDNESDAY.</headline>
<dateline>JOHANNESBURG 1997-03-26</dateline>
<text>
<p>South Africa's money market shortage edged up to 10.295 billion rand on Tuesday from 10.285 billion rand on Monday, the Reserve Bank said.</p>
<p>-- Johannesburg newsroom, +27 11 482-1003</p>
</text>
<copyright>(c) Reuters Limited 1997</copyright>
<metadata>
<codes class="bip:countries:1.0">
  <code code="SAFR">
    <editdetail attribution="Reuters BIP Coding Group" action="confirmed" date="1997-03-26"/>
  </code>
</codes>
<codes class="bip:topics:1.0">
  <code code="M13">
    <editdetail attribution="Reuters BIP Coding Group" action="confirmed" date="1997-03-26"/>
  </code>
  <code code="M131">
    <editdetail attribution="Reuters BIP Coding Group" action="confirmed" date="1997-03-26"/>
  </code>
  <code code="MCAT">
    <editdetail attribution="Reuters BIP Coding Group" action="confirmed" date="1997-03-26"/>
  </code>
</codes>
<dc element="dc.date.created" value="1997-03-26"/>
<dc element="dc.publisher" value="Reuters Holdings Plc"/>
<dc element="dc.date.published" value="1997-03-26"/>
<dc element="dc.source" value="Reuters"/>
<dc element="dc.creator.location" value="JOHANNESBURG"/>
<dc element="dc.creator.location.country.name" value="SOUTH AFRICA"/>
<dc element="dc.source" value="Reuters"/>
</metadata>
</newsitem>
