<?xml version="1.0" encoding="iso-8859-1" ?>
<newsitem itemid="468631" id="root" date="1997-03-26" xml:lang="en">
<title>HUNGARY: ERAVIS MODERNISATION GOES UP, MINISTRY HELP.</title>
<headline>ERAVIS MODERNISATION GOES UP, MINISTRY HELP.</headline>
<dateline>BUDAPEST 1997-03-26</dateline>
<text>
<p>Hungarian hotel chain Eravis Rt said it was intensifying its ongoing modernisation programme from which it was expecting the expansion of its sales opportunities.</p>
<p>&quot;What Eravis did is very important...it is developing previous workers' hostels to two to three star hotels which meet touristic demands,&quot; Szabolcs Fazakas, minister for Industry, Trade and Tourism, told a news conference.</p>
<p>Eravis, which spent 1.5 billion forints in the past three years to modernise workers' hostels to one and two star hotels, is planning to spend another 700 million forints in 1997.</p>
<p>Of the amount, 150 million was an interest-free loan provided by the ministry while the remaining 337 million was extended by Inter-Europa Bank with 90 percent of the 337 million refinanced by the National Bank of Hungary under favourable conditions.</p>
<p>The 487 million forint is being spent on bringing the hotels to two to three star standards, while an around 230 million forint item that Eravis adds from own sources, will be spent for maintainance and the purchase of new assets, company General Director Gyorgy Karikas said.</p>
<p>Eravis still operates hostels for workers and students.</p>
<p>In 1997, Eravis expects to post an operating profit of 270 million forints, up from 233.3 million in 1996 with net sales rising to 2.27 billion forints from 1.96 billion.</p>
<p>On the Budapest Stock Exchange Eravis shares closed at 4,350 forints, up 50.</p>
<p>-- Emese Bartha, Budapest newsroom +36 1 327-4040</p>
</text>
<copyright>(c) Reuters Limited 1997</copyright>
<metadata>
<codes class="bip:countries:1.0">
  <code code="HUNG">
    <editdetail attribution="Reuters BIP Coding Group" action="confirmed" date="1997-03-26"/>
  </code>
</codes>
<codes class="bip:industries:1.0">
  <code code="I66500">
    <editdetail attribution="Reuters BIP Coding Group" action="confirmed" date="1997-03-26"/>
  </code>
</codes>
<codes class="bip:topics:1.0">
  <code code="C11">
    <editdetail attribution="Reuters BIP Coding Group" action="confirmed" date="1997-03-26"/>
  </code>
  <code code="C17">
    <editdetail attribution="Reuters BIP Coding Group" action="confirmed" date="1997-03-26"/>
  </code>
  <code code="C173">
    <editdetail attribution="Reuters BIP Coding Group" action="confirmed" date="1997-03-26"/>
  </code>
  <code code="CCAT">
    <editdetail attribution="Reuters BIP Coding Group" action="confirmed" date="1997-03-26"/>
  </code>
</codes>
<dc element="dc.date.created" value="1997-03-26"/>
<dc element="dc.publisher" value="Reuters Holdings Plc"/>
<dc element="dc.date.published" value="1997-03-26"/>
<dc element="dc.source" value="Reuters"/>
<dc element="dc.creator.location" value="BUDAPEST"/>
<dc element="dc.creator.location.country.name" value="HUNGARY"/>
<dc element="dc.source" value="Reuters"/>
</metadata>
</newsitem>
