<?xml version="1.0" encoding="iso-8859-1" ?>
<newsitem itemid="468603" id="root" date="1997-03-26" xml:lang="en">
<title>ZIMBABWE: ZIMBABWE DOLLAR CLOSES MIXED ON WEDNESDAY.</title>
<headline>ZIMBABWE DOLLAR CLOSES MIXED ON WEDNESDAY.</headline>
<dateline>HARARE 1997-03-26</dateline>
<text>
<p>The Zimbabwe dollar was quoted firmer on the U.S. dollar and the mark but took a knock against sterling and the rand on Wednesday, dealers said.</p>
<p>&quot;We saw the Zimbabwe dollar gaining but I don't think there was any form of (central) Reserve Bank intervention -- banks were just profit taking (by selling their excess U.S. dollars)&quot;, a dealer said.</p>
<p>Dealers said most players were wary of being caught long when the annual tobbacco auctions kicked off in April and were off-loading to avoid taking losses when the local dollar started appreciating, as it was widely expected to do.</p>
<p>Tobacco is one of the southern African country's major foreign exchange earners.</p>
<p>At Wednesday's close, the Zimbabwe dollar was quoted at 11.2650/2750 against the U.S. dollar from 11.2675/2775 on Tuesday and was at 6.6580/6660 from 6.6700/6900 versus the mark.</p>
<p>Against pound sterling however it slipped to 18.2850/3130 from 18.2100/2300 and was at 2.5440/5480 against the rand, down from 2.5400/5600.</p>
<p>--Stella Mapenzauswa, Harare Newsroom: +263-4 72 52 27/8/9</p>
</text>
<copyright>(c) Reuters Limited 1997</copyright>
<metadata>
<codes class="bip:countries:1.0">
  <code code="ZIMBAB">
    <editdetail attribution="Reuters BIP Coding Group" action="confirmed" date="1997-03-26"/>
  </code>
</codes>
<codes class="bip:topics:1.0">
  <code code="M13">
    <editdetail attribution="Reuters BIP Coding Group" action="confirmed" date="1997-03-26"/>
  </code>
  <code code="M132">
    <editdetail attribution="Reuters BIP Coding Group" action="confirmed" date="1997-03-26"/>
  </code>
  <code code="MCAT">
    <editdetail attribution="Reuters BIP Coding Group" action="confirmed" date="1997-03-26"/>
  </code>
</codes>
<dc element="dc.date.created" value="1997-03-26"/>
<dc element="dc.publisher" value="Reuters Holdings Plc"/>
<dc element="dc.date.published" value="1997-03-26"/>
<dc element="dc.source" value="Reuters"/>
<dc element="dc.creator.location" value="HARARE"/>
<dc element="dc.creator.location.country.name" value="ZIMBABWE"/>
<dc element="dc.source" value="Reuters"/>
</metadata>
</newsitem>
