<?xml version="1.0" encoding="iso-8859-1" ?>
<newsitem itemid="468605" id="root" date="1997-03-26" xml:lang="en">
<title>SOUTH AFRICA: S.AFRICAN GOVERNMENT FINANCIAL MANAGEMENT SLAMMED.</title>
<headline>S.AFRICAN GOVERNMENT FINANCIAL MANAGEMENT SLAMMED.</headline>
<dateline>CAPE TOWN 1997-03-26</dateline>
<text>
<p>Auditor-General Henri Kleuver on Wednesday reported  a further deterioration in financial management in South African government departments and called for urgent corrective measures.</p>
<p>Presenting his report on the 1995/96 government accounts to parliament, Kleuver said that this applied to both how government spent and collected money, although he hoped that the new South African Revenue Service would improve revenue collection dramtically.</p>
<p>He said his report was more comprehensive this year because of more comprehensive audits.</p>
<p>&quot;But, on the other hand, it is clear that the quality of financial management and administration in many institutions has deteriorated,&quot; he said.</p>
<p>Kleuver blamed this on the exodus of skilled staff members who had taken advantage of the voluntary retrenchment packages offered as part of the restructuring of the civil service to include more black staff.</p>
<p>Deputy Auditor-General Bertie Loots said the problem had been compounded by the introduction of a new basic accounting system that had &quot;not delivered what it was supposed to deliver.&quot;</p>
<p>Director General of State Expenditure Hannes Smit said there was no easy solution to the lack of skilled staff but extensive training programmes had been launched.</p>
<p>He said the new accounting system had not worked because it had been introduced on different computer systems instead of being linked to one mainframe computer. This was being rectified.</p>
<p>&quot;We have been through a rough patch with the basic accounting system but we think we will have it under control next year.&quot;</p>
<p>Kleuver said he was unable to issue unqualified audits for 22 departments and had come across unauthorised expenditure totalling 151.6 million rand in nine departments, the largest of which was by the health department at 58 million rand.</p>
<p>He said that unauthorised expenditure did necessarily not imply fraud or corruption, but usually that accounting officers had not followed the correct procedures.</p>
<p>A common fault had been not following tender board directives when buying goods or services and employing consultants.</p>
<p>Local governments continued to experience serious cash flow problems and often did not have enough funds to pay for electricity bought from Eskom or salaries for staff.</p>
<p>Customs and excise had continued to exercise poor control over imports and exports and irregularities were rife. Pending legislation to give the revenue service full autonomy was now urgently needed.</p>
<p>-- Lynda Loxton, Parliamentary newsroom +27 403-2502</p>
</text>
<copyright>(c) Reuters Limited 1997</copyright>
<metadata>
<codes class="bip:countries:1.0">
  <code code="SAFR">
    <editdetail attribution="Reuters BIP Coding Group" action="confirmed" date="1997-03-26"/>
  </code>
</codes>
<codes class="bip:topics:1.0">
  <code code="E21">
    <editdetail attribution="Reuters BIP Coding Group" action="confirmed" date="1997-03-26"/>
  </code>
  <code code="ECAT">
    <editdetail attribution="Reuters BIP Coding Group" action="confirmed" date="1997-03-26"/>
  </code>
  <code code="GCAT">
    <editdetail attribution="Reuters BIP Coding Group" action="confirmed" date="1997-03-26"/>
  </code>
  <code code="GPOL">
    <editdetail attribution="Reuters BIP Coding Group" action="confirmed" date="1997-03-26"/>
  </code>
</codes>
<dc element="dc.date.created" value="1997-03-26"/>
<dc element="dc.publisher" value="Reuters Holdings Plc"/>
<dc element="dc.date.published" value="1997-03-26"/>
<dc element="dc.source" value="Reuters"/>
<dc element="dc.creator.location" value="CAPE TOWN"/>
<dc element="dc.creator.location.country.name" value="SOUTH AFRICA"/>
<dc element="dc.source" value="Reuters"/>
</metadata>
</newsitem>
