<?xml version="1.0" encoding="iso-8859-1" ?>
<newsitem itemid="468638" id="root" date="1997-03-26" xml:lang="en">
<title>POLAND: WOLCZANKA PLANS PLN 0.7 1996 PAYOUT.</title>
<headline>WOLCZANKA PLANS PLN 0.7 1996 PAYOUT.</headline>
<dateline>WARSAW 1997-03-26</dateline>
<text>
<p>Polish garment maker Wolczanka SA plans to pay a 0.7 zlotys per share dividend in 1996, the company said in a statement on Wednesday.</p>
<p>Wolczanka said the payout would be voted at the company's general shareholders meeting planned for May 21.</p>
<p>Last year Wolczanka also paid a dividend of 0.7 zlotys per share. -- Warsaw Newsroom +48 22 653 9700</p>
</text>
<copyright>(c) Reuters Limited 1997</copyright>
<metadata>
<codes class="bip:countries:1.0">
  <code code="POL">
    <editdetail attribution="Reuters BIP Coding Group" action="confirmed" date="1997-03-26"/>
  </code>
</codes>
<codes class="bip:industries:1.0">
  <code code="I45300">
    <editdetail attribution="Reuters BIP Coding Group" action="confirmed" date="1997-03-26"/>
  </code>
</codes>
<codes class="bip:topics:1.0">
  <code code="C15">
    <editdetail attribution="Reuters BIP Coding Group" action="confirmed" date="1997-03-26"/>
  </code>
  <code code="C151">
    <editdetail attribution="Reuters BIP Coding Group" action="confirmed" date="1997-03-26"/>
  </code>
  <code code="CCAT">
    <editdetail attribution="Reuters BIP Coding Group" action="confirmed" date="1997-03-26"/>
  </code>
</codes>
<dc element="dc.date.created" value="1997-03-26"/>
<dc element="dc.publisher" value="Reuters Holdings Plc"/>
<dc element="dc.date.published" value="1997-03-26"/>
<dc element="dc.source" value="Reuters"/>
<dc element="dc.creator.location" value="WARSAW"/>
<dc element="dc.creator.location.country.name" value="POLAND"/>
<dc element="dc.source" value="Reuters"/>
</metadata>
</newsitem>
