<?xml version="1.0" encoding="iso-8859-1" ?>
<newsitem itemid="468664" id="root" date="1997-03-26" xml:lang="en">
<title>POLAND: BRE RAISES SHORT-TERM ZLOTY DEPOSIT RATES.</title>
<headline>BRE RAISES SHORT-TERM ZLOTY DEPOSIT RATES.</headline>
<dateline>WARSAW 1997-03-26</dateline>
<text>
<p>Polish Bank Rozwoju Eksportu SA (BRE) said in a Wednesday statement it had raised as of March 20 interest rates on one- two- and three-month zloty deposits and lowered interest on nine-month zloty deposits.</p>
<p>It said it had raised interest on one-month deposits by 0.3 point to 19.05 percent, on two-month deposits by 0.51 point to 19.26 percent and on three-month deposits by 0.76 point to 19.26 percent.</p>
<p>It lowered interest on nine-month deposits by 0.45 point to 18.8 percent.</p>
<p>-- Warsaw Newsroom +48 22 653 9700</p>
</text>
<copyright>(c) Reuters Limited 1997</copyright>
<metadata>
<codes class="bip:countries:1.0">
  <code code="POL">
    <editdetail attribution="Reuters BIP Coding Group" action="confirmed" date="1997-03-26"/>
  </code>
</codes>
<codes class="bip:industries:1.0">
  <code code="I81402">
    <editdetail attribution="Reuters BIP Coding Group" action="confirmed" date="1997-03-26"/>
  </code>
  <code code="I81501">
    <editdetail attribution="Reuters BIP Coding Group" action="confirmed" date="1997-03-26"/>
  </code>
  <code code="I8150106">
    <editdetail attribution="Reuters BIP Coding Group" action="confirmed" date="1997-03-26"/>
  </code>
</codes>
<codes class="bip:topics:1.0">
  <code code="C31">
    <editdetail attribution="Reuters BIP Coding Group" action="confirmed" date="1997-03-26"/>
  </code>
  <code code="CCAT">
    <editdetail attribution="Reuters BIP Coding Group" action="confirmed" date="1997-03-26"/>
  </code>
</codes>
<dc element="dc.date.created" value="1997-03-26"/>
<dc element="dc.publisher" value="Reuters Holdings Plc"/>
<dc element="dc.date.published" value="1997-03-26"/>
<dc element="dc.source" value="Reuters"/>
<dc element="dc.creator.location" value="WARSAW"/>
<dc element="dc.creator.location.country.name" value="POLAND"/>
<dc element="dc.source" value="Reuters"/>
</metadata>
</newsitem>
