<?xml version="1.0" encoding="iso-8859-1" ?>
<newsitem itemid="468612" id="root" date="1997-03-26" xml:lang="en">
<title>SOUTH AFRICA: ANGLO GIVES GO-AHEAD TO NAMAKWA 2ND PHASE.</title>
<headline>ANGLO GIVES GO-AHEAD TO NAMAKWA 2ND PHASE.</headline>
<dateline>JOHANNESBURG 1997-03-26</dateline>
<text>
<p>Anglo American Corp of South Africa Ltd said on Wednesday it would proceed with Phase 2 of the Namakwa Sands project at a cost of 1.2 billion rand, bringing the total capital investment in the project to 2.1 billion rand.  </p>
<p>Phase 2 involves the construction of a second ilmenite smelting furnace at Saldanha for production of titanium dioxide slag and pig iron.</p>
<p>This will increase production of slag to about 235,000 tonnes a year from 97,000. Production of pig iron will increase to 130,000 tonnes from 56,000.  </p>
<p>Anglo said in a statement that the mining and mineral processing facilities in the Vredendal/Lutzville area will expand to provide the additional ilmenite for the second furnace.</p>
<p>This will lead to a significant increase in production of zircon to about 140,000 tonnes per year and 42,000 tonnes of rutile.</p>
<p>Anglo said the increased production will be exported and export earnings will increase to approximately 750 million rand a year.</p>
<p>The second phase of the project was included in the original environmental impact assessment carried out in 1992.</p>
<p>The expansion will create an additional 260 jobs, Anglo said.</p>
<p>The Namakwa Sands heavy minerals project was funded by equity capital from Anglo (80 percent) and De Beers Consolidated Mines Ltd .</p>
<p>The project also received a 370 million rand from the state's Industrial Development Corporation.</p>
<p>Anglo said the available in situ reserves were in excess of 500 million tonnes which would be sufficient to sustain operations for more than 35 years.</p>
<p>-- Johannesburg newsroom, +27-11 482 1003</p>
</text>
<copyright>(c) Reuters Limited 1997</copyright>
<metadata>
<codes class="bip:countries:1.0">
  <code code="SAFR">
    <editdetail attribution="Reuters BIP Coding Group" action="confirmed" date="1997-03-26"/>
  </code>
</codes>
<codes class="bip:industries:1.0">
  <code code="I22471">
    <editdetail attribution="Reuters BIP Coding Group" action="confirmed" date="1997-03-26"/>
  </code>
  <code code="I23000">
    <editdetail attribution="Reuters BIP Coding Group" action="confirmed" date="1997-03-26"/>
  </code>
  <code code="I83960">
    <editdetail attribution="Reuters BIP Coding Group" action="confirmed" date="1997-03-26"/>
  </code>
</codes>
<codes class="bip:topics:1.0">
  <code code="C24">
    <editdetail attribution="Reuters BIP Coding Group" action="confirmed" date="1997-03-26"/>
  </code>
  <code code="CCAT">
    <editdetail attribution="Reuters BIP Coding Group" action="confirmed" date="1997-03-26"/>
  </code>
</codes>
<dc element="dc.date.created" value="1997-03-26"/>
<dc element="dc.publisher" value="Reuters Holdings Plc"/>
<dc element="dc.date.published" value="1997-03-26"/>
<dc element="dc.source" value="Reuters"/>
<dc element="dc.creator.location" value="JOHANNESBURG"/>
<dc element="dc.creator.location.country.name" value="SOUTH AFRICA"/>
<dc element="dc.source" value="Reuters"/>
</metadata>
</newsitem>
