<?xml version="1.0" encoding="iso-8859-1" ?>
<newsitem itemid="468647" id="root" date="1997-03-26" xml:lang="en">
<title>POLAND: SMALL POLISH SAVIM BANK TO FACE BANKRUPTCY- C.BANK.</title>
<headline>SMALL POLISH SAVIM BANK TO FACE BANKRUPTCY- C.BANK.</headline>
<dateline>WARSAW 1997-03-26</dateline>
<text>
<p>The National Bank of Poland (NBP) suspended the activities of a small Warsaw bank, Savim Bank Depozytowo-Kredytowy SA, and filed for the bank's bankruptcy, the central bank said in a statement on Wednesday.</p>
<p>It said it suspended the bank and filed to the Warsaw provincial court a motion to declare the bank bankrupt saying it has lost the ability to meet its liabilities. </p>
<p>Savim officials were not immediately available for comment.</p>
<p>The Warsaw-based Savim bank last year did not make the top 50 of Polish banks in terms of shareholder capital and balance sheet total.	-- Warsaw Newsroom +48 22 653 9700</p>
</text>
<copyright>(c) Reuters Limited 1997</copyright>
<metadata>
<codes class="bip:countries:1.0">
  <code code="POL">
    <editdetail attribution="Reuters BIP Coding Group" action="confirmed" date="1997-03-26"/>
  </code>
</codes>
<codes class="bip:industries:1.0">
  <code code="I81402">
    <editdetail attribution="Reuters BIP Coding Group" action="confirmed" date="1997-03-26"/>
  </code>
</codes>
<codes class="bip:topics:1.0">
  <code code="C16">
    <editdetail attribution="Reuters BIP Coding Group" action="confirmed" date="1997-03-26"/>
  </code>
  <code code="CCAT">
    <editdetail attribution="Reuters BIP Coding Group" action="confirmed" date="1997-03-26"/>
  </code>
</codes>
<dc element="dc.date.created" value="1997-03-26"/>
<dc element="dc.publisher" value="Reuters Holdings Plc"/>
<dc element="dc.date.published" value="1997-03-26"/>
<dc element="dc.source" value="Reuters"/>
<dc element="dc.creator.location" value="WARSAW"/>
<dc element="dc.creator.location.country.name" value="POLAND"/>
<dc element="dc.source" value="Reuters"/>
</metadata>
</newsitem>
