<?xml version="1.0" encoding="iso-8859-1" ?>
<newsitem itemid="468643" id="root" date="1997-03-26" xml:lang="en">
<title>LITHUANIA: FRENCH SOCIETE GENERALE TO START ACTIVITY.</title>
<headline>FRENCH SOCIETE GENERALE TO START ACTIVITY.</headline>
<dateline>VILNIUS 1997-03-26</dateline>
<text>
<p>French banking giant Societe Generale is to become the first Western bank to start activities in Lithuania, the European Affairs ministry said on Wednesday.</p>
<p>European Affairs Minister Laima Andrikiene was quoted in a statement during a trip to Paris as saying that she met the heads of the French bank.</p>
<p>&quot;Minister Andrikiene met the heads of Societe Generale. Societe Generale will become the first Western bank to start its activity in our country,&quot; Andrikiene was quoted as saying in the statement.</p>
<p>The statement did not say whether this meant that Societe Generale would open a branch or representative office in Lithuania or carry out some other kind of business.</p>
<p>Societe Generale already has a branch office in Latvian capital Riga.</p>
<p>The only foreign bank to have opened a branch office so far in Lithuania is Poland's Kredyt Bank.</p>
<p>Andrikiene could not immediately be contacted to clarify exactly what sort of activity Societe Generale would carry out in Lithuania.</p>
<p>-- Andrius Vilkancas, Vilnius Newsroom +370 2 223 517</p>
</text>
<copyright>(c) Reuters Limited 1997</copyright>
<metadata>
<codes class="bip:countries:1.0">
  <code code="LITH">
    <editdetail attribution="Reuters BIP Coding Group" action="confirmed" date="1997-03-26"/>
  </code>
</codes>
<codes class="bip:industries:1.0">
  <code code="I81402">
    <editdetail attribution="Reuters BIP Coding Group" action="confirmed" date="1997-03-26"/>
  </code>
</codes>
<codes class="bip:topics:1.0">
  <code code="C11">
    <editdetail attribution="Reuters BIP Coding Group" action="confirmed" date="1997-03-26"/>
  </code>
  <code code="C21">
    <editdetail attribution="Reuters BIP Coding Group" action="confirmed" date="1997-03-26"/>
  </code>
  <code code="CCAT">
    <editdetail attribution="Reuters BIP Coding Group" action="confirmed" date="1997-03-26"/>
  </code>
</codes>
<dc element="dc.date.created" value="1997-03-26"/>
<dc element="dc.publisher" value="Reuters Holdings Plc"/>
<dc element="dc.date.published" value="1997-03-26"/>
<dc element="dc.source" value="Reuters"/>
<dc element="dc.creator.location" value="VILNIUS"/>
<dc element="dc.creator.location.country.name" value="LITHUANIA"/>
<dc element="dc.source" value="Reuters"/>
</metadata>
</newsitem>
