<?xml version="1.0" encoding="iso-8859-1" ?>
<newsitem itemid="468644" id="root" date="1997-03-26" xml:lang="en">
<title>LATVIA: RIGA GETS TWO NEW DEPUTY MAYORS.</title>
<headline>RIGA GETS TWO NEW DEPUTY MAYORS.</headline>
<dateline>RIGA 1997-03-26</dateline>
<text>
<p>Riga city council on Wednesday elected two new deputy mayors, Andris Argalis of the Fatherland and Freedom party and Juris Ritinsh of the Democratic Party Saimnieks.</p>
<p>Argalis got 51 votes in favour and Ritinsh 33, politicians said.</p>
<p>&quot;There is not a serious attitude to foreign investments in Latvia although companies are willing to invest,&quot; Argalis told journalists after the vote.</p>
<p>He said two of his ambitions were to build another bridge across the Daugava river and to build four multi-storey garages.</p>
<p>He said he also planned to develop the construction of small private houses in Riga.</p>
<p>-- Riga Newsroom, +371 721 5240</p>
</text>
<copyright>(c) Reuters Limited 1997</copyright>
<metadata>
<codes class="bip:countries:1.0">
  <code code="LATV">
    <editdetail attribution="Reuters BIP Coding Group" action="confirmed" date="1997-03-26"/>
  </code>
</codes>
<codes class="bip:topics:1.0">
  <code code="GCAT">
    <editdetail attribution="Reuters BIP Coding Group" action="confirmed" date="1997-03-26"/>
  </code>
  <code code="GPOL">
    <editdetail attribution="Reuters BIP Coding Group" action="confirmed" date="1997-03-26"/>
  </code>
  <code code="GVOTE">
    <editdetail attribution="Reuters BIP Coding Group" action="confirmed" date="1997-03-26"/>
  </code>
</codes>
<dc element="dc.date.created" value="1997-03-26"/>
<dc element="dc.publisher" value="Reuters Holdings Plc"/>
<dc element="dc.date.published" value="1997-03-26"/>
<dc element="dc.source" value="Reuters"/>
<dc element="dc.creator.location" value="RIGA"/>
<dc element="dc.creator.location.country.name" value="LATVIA"/>
<dc element="dc.source" value="Reuters"/>
</metadata>
</newsitem>
