<?xml version="1.0" encoding="iso-8859-1" ?>
<newsitem itemid="468641" id="root" date="1997-03-26" xml:lang="en">
<title>HUNGARY: LUFTHANSA TO BOOST FLIGHTS TO BUDAPEST.</title>
<headline>LUFTHANSA TO BOOST FLIGHTS TO BUDAPEST.</headline>
<dateline>BUDAPEST 1997-03-26</dateline>
<text>
<p>Germany's national airline Deutsche Lufthansa AG plans to boost its weekly total of scheduled flights at Budapest Ferihegy Airport to 71 from 51 starting March 30, Hungary's Airport Coordination Service (ACS) said on Wednesday.</p>
<p>Lufthansa will add the flights to its current Budapest connections with Berlin, Dusseldorf, Frankfurt, Hamburg, Munich and Stuttgart, Helen Guraly, ACS's general airport coordinator, told Reuters.</p>
<p>The expanded schedule is valid until October 15, she said.</p>
<p>Aircraft serving the routes include Airbus A319s and A320s, Boeing B737-300s and B737-500s, Bombardier Aerospace Canadair Regional Jets, and British Aerospace Avro RJ80s, Guraly added.</p>
<p>-- Ryan Tutak, Budapest newsroom (36 1) 327 4040</p>
</text>
<copyright>(c) Reuters Limited 1997</copyright>
<metadata>
<codes class="bip:countries:1.0">
  <code code="GFR">
    <editdetail attribution="Reuters BIP Coding Group" action="confirmed" date="1997-03-26"/>
  </code>
  <code code="HUNG">
    <editdetail attribution="Reuters BIP Coding Group" action="confirmed" date="1997-03-26"/>
  </code>
</codes>
<codes class="bip:industries:1.0">
  <code code="I75000">
    <editdetail attribution="Reuters BIP Coding Group" action="confirmed" date="1997-03-26"/>
  </code>
</codes>
<codes class="bip:topics:1.0">
  <code code="C21">
    <editdetail attribution="Reuters BIP Coding Group" action="confirmed" date="1997-03-26"/>
  </code>
  <code code="CCAT">
    <editdetail attribution="Reuters BIP Coding Group" action="confirmed" date="1997-03-26"/>
  </code>
</codes>
<dc element="dc.date.created" value="1997-03-26"/>
<dc element="dc.publisher" value="Reuters Holdings Plc"/>
<dc element="dc.date.published" value="1997-03-26"/>
<dc element="dc.source" value="Reuters"/>
<dc element="dc.creator.location" value="BUDAPEST"/>
<dc element="dc.creator.location.country.name" value="HUNGARY"/>
<dc element="dc.source" value="Reuters"/>
</metadata>
</newsitem>
