<?xml version="1.0" encoding="iso-8859-1" ?>
<newsitem itemid="468601" id="root" date="1997-03-26" xml:lang="en">
<title>SOUTH AFRICA: ELANDSRAND DEAL OPENS ORE WEALTH FOR ANGLO.</title>
<headline>ELANDSRAND DEAL OPENS ORE WEALTH FOR ANGLO.</headline>
<byline>Melanie Cheary</byline>
<dateline>JOHANNESBURG 1997-03-25</dateline>
<text>
<p>Anglo American Corp of South Africa said its flagship mine Elandsrand's acquisition of Deelkraal, in a 420 million rand deal, allows it to exploit the shared ore body to its maximum potential.</p>
<p>Announcing the deal on Tuesday, chairman of Anglogold Bobby Godsell said the Deelkraal-Elandsrand merger was significant for South Africa's mining industry in that it lifted the veil on a new age of shared mineral rights and freed boundaries.</p>
<p>&quot;I think its important for the South African mining industry if we could take down the farm fences, swap mineral rights etc. We're informed of how we can extract satisfactorily the optimum amount of gold from the ground where it lies in South Africa.&quot;</p>
<p>&quot;Elandsrand is the flagship of Anglo gold companies. It's firing on all pistons and doing very well. This (deal) gives us the best chance of extracting all the possible ore,&quot; he said.</p>
<p>The transaction sees mining house Gold Fields of South Africa Ltd relinquish 100 percent of the share capital of Deelkraal Gold Mining Co Ltd to Elandsrand Gold Mining Co.</p>
<p>Deelkraal shareholders will be issued with 20 new Elandsrand ordinary shares for every 100 Deelkraal ordinary shares held, and Deelkraal will subsequently be delisted.</p>
<p>&quot;Looking at the current share value of Elandsrand we're talking about 420 million rand as the value of the deal,&quot; said Gold Fields executive director John Hopwood.</p>
<p>Godsell said Anglo fully acknowledged and was comfortable with the fact that it was acquiring Deelkraal at a premium.</p>
<p>&quot;We're happy with the dilution of Elandsrand and the value we're paying in scrip terms,&quot; he said.</p>
<p>Deelkraal closed Tuesday on the Johannesburg Stock Exchange 35 cents higher at 380 cents per share, while Elandsrand finished 100 cents firmer at 21 rand per share.</p>
<p>Godsell said that Anglo used &quot;conservative&quot; gold price estimates in calculating the viability of the deal and believed &quot;the project would be able to sustain a couple of years of weak prices&quot;.</p>
<p>The takeover is conditional on satisfactory completion of a due diligence investigation by Elandsrand which was expected to be completed on or about April 18.</p>
<p>Anglo said it had announced the deal, prior to the due diligence being completed, based on certain assumptions about the viability of the project.</p>
<p>It added that if any of those ssumptions were not verified the companies would go back to the drawing board.</p>
<p>Elandsrand produced 4,242 kg of gold in teh December quarter, while Deelkraal produced 1,823.4 kg of gold.</p>
<p>The deal means that Elandsrand inherits Deelkraal's cash overdraft and unspent capital expenditure.</p>
<p>Anglo said that the merger gives Elandsrand the flexibility to expand production if it so wished, but added that any such a decision would hinge on an improvment in the gold price.</p>
<p>Gold Fields' Hopwood said that Mercury Asset Management held about nine percent of Deelkraal and that the group had not yet spoken to them about the merger.</p>
<p>-- Johannesburg newsroom +27 11 482-1003</p>
</text>
<copyright>(c) Reuters Limited 1997</copyright>
<metadata>
<codes class="bip:countries:1.0">
  <code code="SAFR">
    <editdetail attribution="Reuters BIP Coding Group" action="confirmed" date="1997-03-26"/>
  </code>
</codes>
<codes class="bip:industries:1.0">
  <code code="I21000">
    <editdetail attribution="Reuters BIP Coding Group" action="confirmed" date="1997-03-26"/>
  </code>
  <code code="I83960">
    <editdetail attribution="Reuters BIP Coding Group" action="confirmed" date="1997-03-26"/>
  </code>
</codes>
<codes class="bip:topics:1.0">
  <code code="C18">
    <editdetail attribution="Reuters BIP Coding Group" action="confirmed" date="1997-03-26"/>
  </code>
  <code code="C181">
    <editdetail attribution="Reuters BIP Coding Group" action="confirmed" date="1997-03-26"/>
  </code>
  <code code="C24">
    <editdetail attribution="Reuters BIP Coding Group" action="confirmed" date="1997-03-26"/>
  </code>
  <code code="CCAT">
    <editdetail attribution="Reuters BIP Coding Group" action="confirmed" date="1997-03-26"/>
  </code>
</codes>
<dc element="dc.date.created" value="1997-03-25"/>
<dc element="dc.publisher" value="Reuters Holdings Plc"/>
<dc element="dc.date.published" value="1997-03-26"/>
<dc element="dc.source" value="Reuters"/>
<dc element="dc.creator.location" value="JOHANNESBURG"/>
<dc element="dc.creator.location.country.name" value="SOUTH AFRICA"/>
<dc element="dc.source" value="Reuters"/>
</metadata>
</newsitem>
