<?xml version="1.0" encoding="iso-8859-1" ?>
<newsitem itemid="468653" id="root" date="1997-03-26" xml:lang="en">
<title>POLAND: POLISH GSM FIRM IN DM 250 MLN INVESTMENT DEALS.</title>
<headline>POLISH GSM FIRM IN DM 250 MLN INVESTMENT DEALS.</headline>
<dateline>WARSAW 1997-03-26</dateline>
<text>
<p>Poland's Era GSM digital cellular phone operator will in mid-1997 sign deals to buy a 250 million marks worth of equipment from two firms -- Sweden's Ericsson and Germany's Siemens AG, Era said in a statement.  </p>
<p>&quot;The contract is worth 250 million marks of which each supplier will get about 50 percent. The final division of orders between Siemens and Ericsson will depend on the quality and deadlines for the tasks carried out by the firms,&quot; it said.</p>
<p>The statement said the contracts would make Siemens and Ericsson the sole providers of base stations, radiocommunication stations and other equipment for the GSM network until the end of 1998.</p>
<p>&quot;The two companies will install and activate about 1,000 base stations by the end of 1997 and more than 2,000 by the end of 1998,&quot; the Era statement said.</p>
<p>It also said Era GSM expected to increase its coverage of Poland to 65 percent of the territory from the current 30 percent.</p>
<p>Era's shareholders include Polish trading and industrial conglomerate Elektrim with a 32.5 percent stake, US West and Deutsche Telecom's subsidiary DeTeMobil holding 22.5 percent stakes each.</p>
<p>-- Warsaw Newsroom +48 22 653 9700</p>
</text>
<copyright>(c) Reuters Limited 1997</copyright>
<metadata>
<codes class="bip:countries:1.0">
  <code code="POL">
    <editdetail attribution="Reuters BIP Coding Group" action="confirmed" date="1997-03-26"/>
  </code>
</codes>
<codes class="bip:industries:1.0">
  <code code="I34400">
    <editdetail attribution="Reuters BIP Coding Group" action="confirmed" date="1997-03-26"/>
  </code>
</codes>
<codes class="bip:topics:1.0">
  <code code="C33">
    <editdetail attribution="Reuters BIP Coding Group" action="confirmed" date="1997-03-26"/>
  </code>
  <code code="CCAT">
    <editdetail attribution="Reuters BIP Coding Group" action="confirmed" date="1997-03-26"/>
  </code>
</codes>
<dc element="dc.date.created" value="1997-03-26"/>
<dc element="dc.publisher" value="Reuters Holdings Plc"/>
<dc element="dc.date.published" value="1997-03-26"/>
<dc element="dc.source" value="Reuters"/>
<dc element="dc.creator.location" value="WARSAW"/>
<dc element="dc.creator.location.country.name" value="POLAND"/>
<dc element="dc.source" value="Reuters"/>
</metadata>
</newsitem>
