<?xml version="1.0" encoding="iso-8859-1" ?>
<newsitem itemid="468627" id="root" date="1997-03-26" xml:lang="en">
<title>POLAND: POLISH PARTIES, SOLIDARITY SHARE POWER IN ALLIANCE.</title>
<headline>POLISH PARTIES, SOLIDARITY SHARE POWER IN ALLIANCE.</headline>
<dateline>WARSAW 1997-03-26</dateline>
<text>
<p>Poland's Solidarity-led alliance of opposition parties elected on Wednesday its executive body which gives the group's parties and the trade union equal representation, the alliance's officials said.</p>
<p>Solidarity trade union leader Marian Krzaklewski, who also heads the Solidarity Election Action (AWS) told a news conference the AWS coordinating team would maintain a balance between politicians and union officials but he would have a decisive voice in cases of a decision deadlock.</p>
<p>&quot;The breakdown is 50 percent for politicians and 50 percent for the unions...but on issues concerning the election campaign and on specific resolutions if there is a deadlock, the chairman of AWS will have a decisive vote,&quot; Krzaklewski said.</p>
<p>AWS runs neck and neck with the co-ruling ex-communist Democratic Left Alliance (SLD) in public opinion polls ahead of parliamentary elections due around September, with support of about 25 percent each.</p>
<p>AWS elected four deputy chairmen: Janusz Tomaszewski, head of Solidarity's central Lodz region, Marian Pilka, head of the conservative Christian-National Union (ZChN), Adam Slomka a leader of a dissident group in the rightist Confederation for Independent Poland (KPN) and Kazimierz Kapera representing Catholic families' movement.</p>
<p>Pawel Laczkowski, a member of coordinating team, also present said AWS leadership agreed on its support for Poland's membership in NATO and the European Union.</p>
<p>&quot;AWS says yes to NATO and the European Union,&quot; Laczkowski, who represents Christian Democrats, said.</p>
<p>But he said AWS had its own vision of the EU.</p>
<p>&quot;We support such an Union, which is rooted in Christian tradition and which is an economic and political of nations, which handle their internal issues in line with their own heritage,&quot; he said.</p>
<p>-- Robert Bogdanski +48 22 653 9700</p>
</text>
<copyright>(c) Reuters Limited 1997</copyright>
<metadata>
<codes class="bip:countries:1.0">
  <code code="POL">
    <editdetail attribution="Reuters BIP Coding Group" action="confirmed" date="1997-03-26"/>
  </code>
</codes>
<codes class="bip:topics:1.0">
  <code code="GCAT">
    <editdetail attribution="Reuters BIP Coding Group" action="confirmed" date="1997-03-26"/>
  </code>
  <code code="GPOL">
    <editdetail attribution="Reuters BIP Coding Group" action="confirmed" date="1997-03-26"/>
  </code>
  <code code="GVOTE">
    <editdetail attribution="Reuters BIP Coding Group" action="confirmed" date="1997-03-26"/>
  </code>
</codes>
<dc element="dc.date.created" value="1997-03-26"/>
<dc element="dc.publisher" value="Reuters Holdings Plc"/>
<dc element="dc.date.published" value="1997-03-26"/>
<dc element="dc.source" value="Reuters"/>
<dc element="dc.creator.location" value="WARSAW"/>
<dc element="dc.creator.location.country.name" value="POLAND"/>
<dc element="dc.source" value="Reuters"/>
</metadata>
</newsitem>
