<?xml version="1.0" encoding="iso-8859-1" ?>
<newsitem itemid="445993" id="root" date="1997-03-17" xml:lang="en">
<title>USA: RESEARCH ALERT- Furman reiterates Fore buy.</title>
<headline>RESEARCH ALERT- Furman reiterates Fore buy.</headline>
<text>
<p>-- Furman Selz analyst Martin Pykkonnen reiterated his buy rating on Fore Systems Inc, saying that the stock is currently trading at a 33 percent discount to its fiscal 1998 and long-term sustainable earnings per share growth rate.</p>
<p>-- He said Wall Street's near-term concerns over the back- end loaded current quarter are reflected in the stock price.</p>
<p>-- Pykkonen said he continues to believe there is a 10 to 15 percent upside potential to his fiscal 1998 year earnings estimate of $0.81 per share.</p>
<p>-- He reiterated his 12-month price target of $50.</p>
<p>-- The stock was up one to 23-1/2 in early Monday trading.</p>
</text>
<copyright>(c) Reuters Limited 1997</copyright>
<metadata>
<codes class="bip:countries:1.0">
  <code code="USA">
    <editdetail attribution="Reuters BIP Coding Group" action="confirmed" date="1997-03-17"/>
  </code>
</codes>
<codes class="bip:industries:1.0">
  <code code="I33030">
    <editdetail attribution="Reuters BIP Coding Group" action="confirmed" date="1997-03-17"/>
  </code>
</codes>
<codes class="bip:topics:1.0">
  <code code="C15">
    <editdetail attribution="Reuters BIP Coding Group" action="confirmed" date="1997-03-17"/>
  </code>
  <code code="C152">
    <editdetail attribution="Reuters BIP Coding Group" action="confirmed" date="1997-03-17"/>
  </code>
  <code code="CCAT">
    <editdetail attribution="Reuters BIP Coding Group" action="confirmed" date="1997-03-17"/>
  </code>
</codes>
<dc element="dc.publisher" value="Reuters Holdings Plc"/>
<dc element="dc.date.published" value="1997-03-17"/>
<dc element="dc.source" value="Reuters"/>
<dc element="dc.creator.location.country.name" value="USA"/>
<dc element="dc.source" value="Reuters"/>
</metadata>
</newsitem>
