<?xml version="1.0" encoding="iso-8859-1" ?>
<newsitem itemid="445966" id="root" date="1997-03-17" xml:lang="en">
<title>CANADA: Bank of Canada buys Canadian dollars - traders.</title>
<headline>Bank of Canada buys Canadian dollars - traders.</headline>
<dateline>TORONTO 1997-03-17</dateline>
<text>
<p>The Bank of Canada intervened and bought Canadian dollars for U.S. dollars on Monday as the currency traded around C$1.3725 (US$0.7285), dealers said.</p>
<p>The intervention was through brokers and was considered light as the currency weakened through key support.</p>
<p>After the intervention, the Canadian dollar traded at C$1.3700 (US$0.7299) after opening at C$1.3671 (US$0.7314) on Monday and closing on Friday at C$1.3650 (US$0.7326). Traders expected further losses.</p>
<p>The Bank of Canada does not comment on intervention.</p>
<p>((Reuters Toronto Bureau 416-941-8100))</p>
</text>
<copyright>(c) Reuters Limited 1997</copyright>
<metadata>
<codes class="bip:countries:1.0">
  <code code="CANA">
    <editdetail attribution="Reuters BIP Coding Group" action="confirmed" date="1997-03-17"/>
  </code>
</codes>
<codes class="bip:topics:1.0">
  <code code="E12">
    <editdetail attribution="Reuters BIP Coding Group" action="confirmed" date="1997-03-17"/>
  </code>
  <code code="ECAT">
    <editdetail attribution="Reuters BIP Coding Group" action="confirmed" date="1997-03-17"/>
  </code>
  <code code="M13">
    <editdetail attribution="Reuters BIP Coding Group" action="confirmed" date="1997-03-17"/>
  </code>
  <code code="M132">
    <editdetail attribution="Reuters BIP Coding Group" action="confirmed" date="1997-03-17"/>
  </code>
  <code code="MCAT">
    <editdetail attribution="Reuters BIP Coding Group" action="confirmed" date="1997-03-17"/>
  </code>
</codes>
<dc element="dc.date.created" value="1997-03-17"/>
<dc element="dc.publisher" value="Reuters Holdings Plc"/>
<dc element="dc.date.published" value="1997-03-17"/>
<dc element="dc.source" value="Reuters"/>
<dc element="dc.creator.location" value="TORONTO"/>
<dc element="dc.creator.location.country.name" value="CANADA"/>
<dc element="dc.source" value="Reuters"/>
</metadata>
</newsitem>
