<?xml version="1.0" encoding="iso-8859-1" ?>
<newsitem itemid="445968" id="root" date="1997-03-17" xml:lang="en">
<title>CANADA: Hurricane sets C$80 mln private placement.</title>
<headline>Hurricane sets C$80 mln private placement.</headline>
<dateline>CALGARY 1997-03-17</dateline>
<text>
<p>Hurricane Hydrocarbons Ltd said on Monday it agreed to a private placement of special units valued at C$80 million.</p>
<p>Hurricane, which late last year acquired Kazakhstan oil producer Yuzhneftegaz, said the placement included special units convertible into 11 percent senior unsecured notes, due March 2002, and common share purchase warrants.</p>
<p>The underwriting group also had an option to sell an additional C$30 million of units prior to closing, the company said.  </p>
<p>Under the deal, each special unit would entitle the holder to acquire a C$1,000 five-year note bearing interest at 11 percent, payable semi annually, and 45 purchase warrants, expiring March 26, 2002, allowing the purchase of class A common shares C$6.25.</p>
<p>Hurricane said proceeds would be used to complete the two final payments of US$30 million each for the Yuzhneftegaz purchase. The balance would be added to working capital.</p>
<p>Underwriters were led by Griffiths McBurney &amp; Partners and included St James Securities Partners, FirstEnergy Capital Corp, Midland Walwyn Capital Inc, and Canaccord Capital Corp.</p>
<p>((Reuters Calgary Bureau (403) 531-1624))</p>
</text>
<copyright>(c) Reuters Limited 1997</copyright>
<metadata>
<codes class="bip:countries:1.0">
  <code code="CANA">
    <editdetail attribution="Reuters BIP Coding Group" action="confirmed" date="1997-03-17"/>
  </code>
</codes>
<codes class="bip:industries:1.0">
  <code code="I25100">
    <editdetail attribution="Reuters BIP Coding Group" action="confirmed" date="1997-03-17"/>
  </code>
</codes>
<codes class="bip:topics:1.0">
  <code code="C17">
    <editdetail attribution="Reuters BIP Coding Group" action="confirmed" date="1997-03-17"/>
  </code>
  <code code="C171">
    <editdetail attribution="Reuters BIP Coding Group" action="confirmed" date="1997-03-17"/>
  </code>
  <code code="C172">
    <editdetail attribution="Reuters BIP Coding Group" action="confirmed" date="1997-03-17"/>
  </code>
  <code code="CCAT">
    <editdetail attribution="Reuters BIP Coding Group" action="confirmed" date="1997-03-17"/>
  </code>
</codes>
<dc element="dc.date.created" value="1997-03-17"/>
<dc element="dc.publisher" value="Reuters Holdings Plc"/>
<dc element="dc.date.published" value="1997-03-17"/>
<dc element="dc.source" value="Reuters"/>
<dc element="dc.creator.location" value="CALGARY"/>
<dc element="dc.creator.location.country.name" value="CANADA"/>
<dc element="dc.source" value="Reuters"/>
</metadata>
</newsitem>
