<?xml version="1.0" encoding="iso-8859-1" ?>
<newsitem itemid="445987" id="root" date="1997-03-17" xml:lang="en">
<title>USA: RESEARCH ALERT - Intl Lottery rating upped.</title>
<headline>RESEARCH ALERT - Intl Lottery rating upped.</headline>
<text>
<p>-- Interstate Johnson Lane has raised its rating on International Lottery to buy from neutral, the brokerage firm said on Monday.</p>
<p>-- ILJ said it issued a 12-month price target of 13 for shares of the Cincinnati, Ohio-based lottery machine manufacturer.</p>
<p>-- ILJ also cut its 1997 earnings estimate to $0.53 a share from $0.77.</p>
<p>((-- Wall Street desk (212) 859-1730))</p>
</text>
<copyright>(c) Reuters Limited 1997</copyright>
<metadata>
<codes class="bip:countries:1.0">
  <code code="USA">
    <editdetail attribution="Reuters BIP Coding Group" action="confirmed" date="1997-03-17"/>
  </code>
</codes>
<codes class="bip:industries:1.0">
  <code code="I84000">
    <editdetail attribution="Reuters BIP Coding Group" action="confirmed" date="1997-03-17"/>
  </code>
</codes>
<codes class="bip:topics:1.0">
  <code code="C15">
    <editdetail attribution="Reuters BIP Coding Group" action="confirmed" date="1997-03-17"/>
  </code>
  <code code="C152">
    <editdetail attribution="Reuters BIP Coding Group" action="confirmed" date="1997-03-17"/>
  </code>
  <code code="CCAT">
    <editdetail attribution="Reuters BIP Coding Group" action="confirmed" date="1997-03-17"/>
  </code>
</codes>
<dc element="dc.publisher" value="Reuters Holdings Plc"/>
<dc element="dc.date.published" value="1997-03-17"/>
<dc element="dc.source" value="Reuters"/>
<dc element="dc.creator.location.country.name" value="USA"/>
<dc element="dc.source" value="Reuters"/>
</metadata>
</newsitem>
