<?xml version="1.0" encoding="iso-8859-1" ?>
<newsitem itemid="445955" id="root" date="1997-03-17" xml:lang="en">
<title>Australia: 171253 OEC - BC-TEXT-RAPID-TELEVISION Commission imposes UIP's Pay-TV joint venture dissolution.</title>
<headline>171253 OEC - BC-TEXT-RAPID-TELEVISION Commission imposes UIP's Pay-TV joint venture dissolution.</headline>
<text>
<p>EUROPEAN COMMISSION PRESS RELEASE: IP/97/227 DOCUMENT DATE: MARCH 17, 1997 * The Commission imposes the dissolution of UIP's Pay-TV distribution joint venture * Following the intervention of the European Commission Directorate-General for Competition, the parties to UIP Pay-TV, a joint venture company created by a series of agreements by the same parties in UIP-BV, have agreed to dissolve the branch of the company which is active in the distribution of films produced by the three parent companies, to pay-TV broadcasters. The dissolution was necessary to safeguard competition in the market for the supply of programmes for pay-television transmission in the EU. The Commission's services now consider that these agreements, as modified, fulfil the conditions laid down in the Treaty. The most important changes, which affect only the EU territory, are the following. UIP's parent companies will no longer join forces to license or to market their films for Pay-TV. The remaining UIP Pay-TV operations will be brought to an end within 18 months, and UIP Pay TV will then be dissolved. The sole activities left will be the administration of altogether nine contracts. It is anticipated that seven of these will expire at the latest in 1999. As far as the remaining two long-term contracts between UIP and broadcasters are concerned, the broadcaster will be given the option to &quot;split&quot; the agreement into separate agreements with each of UIP's parent companies on the same commercial terms. The Commission services, in requiring the dissolution of UIP's activities in the EU pay-television market, indicate that it will not tolerate the joint selling and joint licensing by large enterprises within an anti-competitive structure, unless it has a beneficial impact on the relevant market. In 1991, two of the parties notified the agreements for UIP's distribution to pay television broadcasters, later joined by MGM-Path in 1992. Earlier agreements had also been notified to the Commission. In 1993, the European Commission's services concluded that the agreements contained restrictions of competition and therefore fall under the general prohibition in Article 85(1) of the EC Treaty. The agreements limited the parent companies from entering into agreements with other distributors for the distribution of their films. Additionally, the requirement in the franchise agreement that UIP must use its best efforts to maximise the gross receipts from the pictures, suggested that the movies of one parent company must not be licensed to the detriment of the films of the other two parent companies. The parties to the UIP BV joint venture, which is based in The Netherlands, are: Paramount Pictures International (a division of Viacom International (Netherlands) B.V., a subsidiary of Viacom Inc.); MGM International B.V. (a subsidiary of Metro-Goldwyn-Mayer Inc.) and MCA International B.V. (a subsidiary of MCA Inc., 80 % owned by the Seagram Company Limited). END OF DOCUMENT.</p>
</text>
<copyright>(c) Reuters Limited 1997</copyright>
<metadata>
<codes class="bip:countries:1.0">
  <code code="EEC">
    <editdetail attribution="Reuters BIP Coding Group" action="confirmed" date="1997-03-17"/>
  </code>
</codes>
<codes class="bip:topics:1.0">
  <code code="G15">
    <editdetail attribution="Reuters BIP Coding Group" action="confirmed" date="1997-03-17"/>
  </code>
  <code code="GCAT">
    <editdetail attribution="Reuters BIP Coding Group" action="confirmed" date="1997-03-17"/>
  </code>
</codes>
<dc element="dc.publisher" value="Reuters Holdings Plc"/>
<dc element="dc.date.published" value="1997-03-17"/>
<dc element="dc.source" value="Reuters"/>
<dc element="dc.creator.location.country.name" value="AUSTRALIA"/>
<dc element="dc.source" value="Reuters"/>
</metadata>
</newsitem>
