<?xml version="1.0" encoding="iso-8859-1" ?>
<newsitem itemid="445974" id="root" date="1997-03-17" xml:lang="en">
<title>USA: RESEARCH ALERT - US Bioscience added to list.</title>
<headline>RESEARCH ALERT - US Bioscience added to list.</headline>
<text>
<p>-- Furman Selz said analyst Jonas Alsenas initiated coverage of U.S. Bioscience Inc, and added the stock to its recommended list.</p>
<p>-- Estimated loss of $0.20 per share for 1997, and profit $0.28 for 1998.</p>
<p>-- Set mid-1998 price target of $29-$33.</p>
<p>-- Shares were unchanged at 13-1/4.</p>
</text>
<copyright>(c) Reuters Limited 1997</copyright>
<metadata>
<codes class="bip:countries:1.0">
  <code code="USA">
    <editdetail attribution="Reuters BIP Coding Group" action="confirmed" date="1997-03-17"/>
  </code>
</codes>
<codes class="bip:industries:1.0">
  <code code="I25700">
    <editdetail attribution="Reuters BIP Coding Group" action="confirmed" date="1997-03-17"/>
  </code>
</codes>
<codes class="bip:topics:1.0">
  <code code="C15">
    <editdetail attribution="Reuters BIP Coding Group" action="confirmed" date="1997-03-17"/>
  </code>
  <code code="C152">
    <editdetail attribution="Reuters BIP Coding Group" action="confirmed" date="1997-03-17"/>
  </code>
  <code code="CCAT">
    <editdetail attribution="Reuters BIP Coding Group" action="confirmed" date="1997-03-17"/>
  </code>
</codes>
<dc element="dc.publisher" value="Reuters Holdings Plc"/>
<dc element="dc.date.published" value="1997-03-17"/>
<dc element="dc.source" value="Reuters"/>
<dc element="dc.creator.location.country.name" value="USA"/>
<dc element="dc.source" value="Reuters"/>
</metadata>
</newsitem>
