<?xml version="1.0" encoding="iso-8859-1" ?>
<newsitem itemid="445958" id="root" date="1997-03-17" xml:lang="en">
<title>EU:  OFFICIAL JOURNAL CONTENTS - OJ C 81 OF MARCH 13, 1997.</title>
<headline>OFFICIAL JOURNAL CONTENTS - OJ C 81 OF MARCH 13, 1997.</headline>
<text>
<p>*</p>
<p>(Note - contents are displayed in reverse order to that in the printed Journal)</p>
<p>*</p>
<p>THE CENTRE'S REPLIES</p>
<p>REPORT concerning the financial statements of the European Monitoring Centre for Drugs and Drug Addiction (EDMC-Lisbon), together with the Centre's replies</p>
<p>THE AGENCY'S REPLIES</p>
<p>REPORT on the financial statements of the European Environment Agency (EEA-Copenhagen), together with the Agency's replies</p>
<p>THE FOUNDATION'S REPLIES</p>
<p>REPORT on the financial statements of the European Training Foundation (ETF-Turin), together with the Foundation's replies</p>
<p>THE OFFICE'S REPLIES</p>
<p>REPORT concerning the financial statements of the Office for Harmonization in the Internal Market (OHIM-Alicante), together with the Office's Replies</p>
<p>THE AGENCY'S REPLIES</p>
<p>REPORT on the financial statements of the European Agency for the Evaluation of Medicinal Products (EMEA-London), together with the Agency's replies</p>
<p>REPLY OF THE FOUNDATION</p>
<p>REPORT on the financial statements and management for the financial year 1995 of the European Foundation for the Improvement of Living and Working Conditions (Dublin Foundation)</p>
<p>REPLIES OF THE CEDEFOP MANAGEMENT BOARD</p>
<p>REPORT on the accounts and management for the financial year 1995 of the European Centre for the Development of Vocational Training (Cedefop - Thessaloniki).</p>
</text>
<copyright>(c) Reuters Limited 1997</copyright>
<metadata>
<codes class="bip:countries:1.0">
  <code code="EEC">
    <editdetail attribution="Reuters BIP Coding Group" action="confirmed" date="1997-03-17"/>
  </code>
</codes>
<codes class="bip:topics:1.0">
  <code code="G15">
    <editdetail attribution="Reuters BIP Coding Group" action="confirmed" date="1997-03-17"/>
  </code>
  <code code="GCAT">
    <editdetail attribution="Reuters BIP Coding Group" action="confirmed" date="1997-03-17"/>
  </code>
</codes>
<dc element="dc.publisher" value="Reuters Holdings Plc"/>
<dc element="dc.date.published" value="1997-03-17"/>
<dc element="dc.source" value="Reuters"/>
<dc element="dc.creator.location.country.name" value="EU"/>
<dc element="dc.source" value="Reuters"/>
</metadata>
</newsitem>
