<?xml version="1.0" encoding="iso-8859-1" ?>
<newsitem itemid="445980" id="root" date="1997-03-17" xml:lang="en">
<title>USA: RESEARCH ALERT - Banc One rating raised.</title>
<headline>RESEARCH ALERT - Banc One rating raised.</headline>
<text>
<p>-- Natwest Markets has raised its rating on Banc One Corp to buy from trading buy.</p>
<p>-- Natwest analyst Tom McCandless cited an upbeat analysts meeting on March 13-14 and the proposed acquisition of First USA Corp.</p>
<p>-- McCandless set a 1997 price objective at 50-52 and a 1998 objective at 60-62, based on earnings estimates of $3.35 per share in 1997 and $4.00 in 1998.</p>
<p>-- Shares in the Columbus, Ohio-based financial services company traded at 43-3/8 on Monday, down 1-1/4.</p>
<p>((-- Wall Street desk (212) 859-1730))</p>
</text>
<copyright>(c) Reuters Limited 1997</copyright>
<metadata>
<codes class="bip:countries:1.0">
  <code code="USA">
    <editdetail attribution="Reuters BIP Coding Group" action="confirmed" date="1997-03-17"/>
  </code>
</codes>
<codes class="bip:industries:1.0">
  <code code="I81402">
    <editdetail attribution="Reuters BIP Coding Group" action="confirmed" date="1997-03-17"/>
  </code>
</codes>
<codes class="bip:topics:1.0">
  <code code="C15">
    <editdetail attribution="Reuters BIP Coding Group" action="confirmed" date="1997-03-17"/>
  </code>
  <code code="C152">
    <editdetail attribution="Reuters BIP Coding Group" action="confirmed" date="1997-03-17"/>
  </code>
  <code code="CCAT">
    <editdetail attribution="Reuters BIP Coding Group" action="confirmed" date="1997-03-17"/>
  </code>
</codes>
<dc element="dc.publisher" value="Reuters Holdings Plc"/>
<dc element="dc.date.published" value="1997-03-17"/>
<dc element="dc.source" value="Reuters"/>
<dc element="dc.creator.location.country.name" value="USA"/>
<dc element="dc.source" value="Reuters"/>
</metadata>
</newsitem>
