<?xml version="1.0" encoding="iso-8859-1" ?>
<newsitem itemid="445990" id="root" date="1997-03-17" xml:lang="en">
<title>USA: RESEARCH ALERT - Micro Therapeutics started. [corrected 18:50 gmt]</title>
<headline>RESEARCH ALERT - Micro Therapeutics started. [corrected 18:50 gmt]</headline>
<text>
<p>-- UBS Securities said analyst Samuel Navarro initiated coverage of Micro Therapeutics Inc with a strong buy rating. (Corrects rating from &quot;buy&quot; to &quot;strong buy&quot;.)</p>
<p>-- said Micro has proprietary tehcnologies that address two underserved markets (peripheral vascular and neurovascular therapies) using minimally invasive approaches.</p>
<p>-- projects company to reach profitability in year 2000, with revenue of $51 million and fully taxed earnings of $0.78 a share.</p>
<p>-- estimates loss $1.51 a share in 1997, compared with loss of $1.40 a share in 1996.</p>
<p>-- estimates loss $0.89 a share in 1998.</p>
</text>
<copyright>(c) Reuters Limited 1997</copyright>
<metadata>
<codes class="bip:countries:1.0">
  <code code="USA">
    <editdetail attribution="Reuters BIP Coding Group" action="confirmed" date="1997-03-17"/>
  </code>
</codes>
<codes class="bip:topics:1.0">
  <code code="C15">
    <editdetail attribution="Reuters BIP Coding Group" action="confirmed" date="1997-03-17"/>
  </code>
  <code code="C152">
    <editdetail attribution="Reuters BIP Coding Group" action="confirmed" date="1997-03-17"/>
  </code>
  <code code="CCAT">
    <editdetail attribution="Reuters BIP Coding Group" action="confirmed" date="1997-03-17"/>
  </code>
</codes>
<dc element="dc.publisher" value="Reuters Holdings Plc"/>
<dc element="dc.date.published" value="1997-03-17"/>
<dc element="dc.source" value="Reuters"/>
<dc element="dc.creator.location.country.name" value="USA"/>
<dc element="dc.source" value="Reuters"/>
</metadata>
</newsitem>
