<?xml version="1.0" encoding="iso-8859-1" ?>
<newsitem itemid="445977" id="root" date="1997-03-17" xml:lang="en">
<title>USA: Steel of West Virginia adopts rights plan.</title>
<headline>Steel of West Virginia adopts rights plan.</headline>
<dateline>HUNTINGTON, W. Vir 1997-03-17</dateline>
<text>
<p>Steel of West Virginia Inc said Monday that it has adopted a stockholders rights plan and has declared a distribution of one right for each outstanding share of common stock to shareholders of record March 28, and for each share of common issued by the company thereafter.</p>
<p>The company said the plan reflects a customary way to protect shareholders' interests as its busines strategy and expansion plans are pursued.</p>
<p>The company said the threshold of triggering subsequent distributions, with certain exceptions, will be 10 days after the acquisition or annoucement of an intention to acquire 15 percent of the company's shares.</p>
<p>Each right entitles the holder to buy one-half of one share of company stock at $13 per share, subject to adjustment.</p>
</text>
<copyright>(c) Reuters Limited 1997</copyright>
<metadata>
<codes class="bip:countries:1.0">
  <code code="USA">
    <editdetail attribution="Reuters BIP Coding Group" action="confirmed" date="1997-03-17"/>
  </code>
</codes>
<codes class="bip:industries:1.0">
  <code code="I21000">
    <editdetail attribution="Reuters BIP Coding Group" action="confirmed" date="1997-03-17"/>
  </code>
</codes>
<codes class="bip:topics:1.0">
  <code code="C17">
    <editdetail attribution="Reuters BIP Coding Group" action="confirmed" date="1997-03-17"/>
  </code>
  <code code="C171">
    <editdetail attribution="Reuters BIP Coding Group" action="confirmed" date="1997-03-17"/>
  </code>
  <code code="CCAT">
    <editdetail attribution="Reuters BIP Coding Group" action="confirmed" date="1997-03-17"/>
  </code>
</codes>
<dc element="dc.date.created" value="1997-03-17"/>
<dc element="dc.publisher" value="Reuters Holdings Plc"/>
<dc element="dc.date.published" value="1997-03-17"/>
<dc element="dc.source" value="Reuters"/>
<dc element="dc.creator.location" value="HUNTINGTON, W. Vir"/>
<dc element="dc.creator.location.country.name" value="USA"/>
<dc element="dc.source" value="Reuters"/>
</metadata>
</newsitem>
