<?xml version="1.0" encoding="iso-8859-1" ?>
<newsitem itemid="445996" id="root" date="1997-03-17" xml:lang="en">
<title>USA: UPS adds new morning service to Europe.</title>
<headline>UPS adds new morning service to Europe.</headline>
<dateline>ATLANTA 1997-03-17</dateline>
<text>
<p>United Parcel Service of America Inc on Monday announced UPS Worldwide Express Plus, which guarantees second-day delivery from the United States to Europe by 0830 local time.</p>
<p>Beginning March 31, the Express Plus service will supplement the UPS Worldwide Express service that guarantees second-day delivery by 1030 and UPS Sonic Air for guaranteed international next-flight-out service.</p>
<p>UPS also offers next-day 0830 delivery on intra-European shipments and a 1030 next-day guarantee on inbound packages from major business centers worldwide.</p>
</text>
<copyright>(c) Reuters Limited 1997</copyright>
<metadata>
<codes class="bip:countries:1.0">
  <code code="USA">
    <editdetail attribution="Reuters BIP Coding Group" action="confirmed" date="1997-03-17"/>
  </code>
</codes>
<codes class="bip:industries:1.0">
  <code code="I79010">
    <editdetail attribution="Reuters BIP Coding Group" action="confirmed" date="1997-03-17"/>
  </code>
</codes>
<codes class="bip:topics:1.0">
  <code code="C22">
    <editdetail attribution="Reuters BIP Coding Group" action="confirmed" date="1997-03-17"/>
  </code>
  <code code="CCAT">
    <editdetail attribution="Reuters BIP Coding Group" action="confirmed" date="1997-03-17"/>
  </code>
</codes>
<dc element="dc.date.created" value="1997-03-17"/>
<dc element="dc.publisher" value="Reuters Holdings Plc"/>
<dc element="dc.date.published" value="1997-03-17"/>
<dc element="dc.source" value="Reuters"/>
<dc element="dc.creator.location" value="ATLANTA"/>
<dc element="dc.creator.location.country.name" value="USA"/>
<dc element="dc.source" value="Reuters"/>
</metadata>
</newsitem>
