<?xml version="1.0" encoding="iso-8859-1" ?>
<newsitem itemid="445991" id="root" date="1997-03-17" xml:lang="en">
<title>USA: PP&amp;L says rail merger will lower power costs.</title>
<headline>PP&amp;L says rail merger will lower power costs.</headline>
<dateline>ALLENTWON, Pa. 1997-03-17</dateline>
<text>
<p>Pennsylvania Power &amp; Light Co said Monday that the recent merger proposal involving Norfolk Southern, CSX Corp and Conrail Inc is structured in a way that would would reintroduce competion to rail service in the Northeast,  benefit electricity consumers in Pennsylvania and lower the cost of transporting coal to PP&amp;L power plants.</p>
<p>The company said its power plants are currently &quot;captive&quot; to Conrail for coal shipments, which generate nearly two-thirds of its energy, and that it pays rail rates that are higher than in parts of the country where competition exist.</p>
<p>Under the proposed merger, said the company, Norfolk Southern would take over direct rail service to PP&amp;L plants and to many of the state's coal mines that supply PP&amp;L.</p>
<p>The company said that it has reached an understanding with Norfolk Southern that if the merger receives regulatory approval with little or no change, it will be assured of receiving lower rail transportation rates.</p>
<p>Lower rates, said PP&amp;L, will improve its ability to compete for new business when consumers are able to choose thier electricity provider.</p>
</text>
<copyright>(c) Reuters Limited 1997</copyright>
<metadata>
<codes class="bip:countries:1.0">
  <code code="USA">
    <editdetail attribution="Reuters BIP Coding Group" action="confirmed" date="1997-03-17"/>
  </code>
</codes>
<codes class="bip:industries:1.0">
  <code code="I71000">
    <editdetail attribution="Reuters BIP Coding Group" action="confirmed" date="1997-03-17"/>
  </code>
  <code code="I83960">
    <editdetail attribution="Reuters BIP Coding Group" action="confirmed" date="1997-03-17"/>
  </code>
</codes>
<codes class="bip:topics:1.0">
  <code code="C18">
    <editdetail attribution="Reuters BIP Coding Group" action="confirmed" date="1997-03-17"/>
  </code>
  <code code="C181">
    <editdetail attribution="Reuters BIP Coding Group" action="confirmed" date="1997-03-17"/>
  </code>
  <code code="C34">
    <editdetail attribution="Reuters BIP Coding Group" action="confirmed" date="1997-03-17"/>
  </code>
  <code code="CCAT">
    <editdetail attribution="Reuters BIP Coding Group" action="confirmed" date="1997-03-17"/>
  </code>
</codes>
<dc element="dc.date.created" value="1997-03-17"/>
<dc element="dc.publisher" value="Reuters Holdings Plc"/>
<dc element="dc.date.published" value="1997-03-17"/>
<dc element="dc.source" value="Reuters"/>
<dc element="dc.creator.location" value="ALLENTWON, Pa."/>
<dc element="dc.creator.location.country.name" value="USA"/>
<dc element="dc.source" value="Reuters"/>
</metadata>
</newsitem>
