<?xml version="1.0" encoding="iso-8859-1" ?>
<newsitem itemid="445985" id="root" date="1997-03-17" xml:lang="en">
<title>USA: RESEARCH ALERT - Cisco EPS outlook cut.</title>
<headline>RESEARCH ALERT - Cisco EPS outlook cut.</headline>
<text>
<p>-- First Albany analyst Matt Barzowskas said he cut his earnings outlook for Cisco Systems Inc's fiscal 1997 and 1998 years and retained his neutral rating on the stock.</p>
<p>-- The analyst cited near-term concerns about Cisco's Japanese and European operations for the lowered earnings outlook.</p>
<p>-- He said he cut his fiscal 1997 year earnings outlook to $2.05 per share from $2.11 and his 1998 outlook to $2.77 from $2.88 per share previously.</p>
<p>-- The stock was off 1-5/16 at 49-1/4 in mid-morning trading Monday on volume of 4.0 million shares.</p>
<p>-- In published comments, the analyst wrote that the near-term situation in Japan &quot;is not improving,&quot; and &quot;will continue to put near-term pressure on earnings.&quot;</p>
<p>-- He cited META Group research that shows Cisco has had some problems with its European distribution channels and that as a result the company has become much more aggressive about product pricing, putting pressure on near-term earnings.</p>
<p>-- &quot;Additionally, the company's European business has been struggling, as the demand for overall networking has slowed and Cisco is trying to jump start its performance in the distribution channels,&quot; Barzowskas said.</p>
<p>-- He noted that Cisco derives almost 50 percent of its revenues from overseas, including about 10 percent from Japan.</p>
</text>
<copyright>(c) Reuters Limited 1997</copyright>
<metadata>
<codes class="bip:countries:1.0">
  <code code="USA">
    <editdetail attribution="Reuters BIP Coding Group" action="confirmed" date="1997-03-17"/>
  </code>
</codes>
<codes class="bip:industries:1.0">
  <code code="I33020">
    <editdetail attribution="Reuters BIP Coding Group" action="confirmed" date="1997-03-17"/>
  </code>
  <code code="I3302004">
    <editdetail attribution="Reuters BIP Coding Group" action="confirmed" date="1997-03-17"/>
  </code>
</codes>
<codes class="bip:topics:1.0">
  <code code="C15">
    <editdetail attribution="Reuters BIP Coding Group" action="confirmed" date="1997-03-17"/>
  </code>
  <code code="C152">
    <editdetail attribution="Reuters BIP Coding Group" action="confirmed" date="1997-03-17"/>
  </code>
  <code code="CCAT">
    <editdetail attribution="Reuters BIP Coding Group" action="confirmed" date="1997-03-17"/>
  </code>
</codes>
<dc element="dc.publisher" value="Reuters Holdings Plc"/>
<dc element="dc.date.published" value="1997-03-17"/>
<dc element="dc.source" value="Reuters"/>
<dc element="dc.creator.location.country.name" value="USA"/>
<dc element="dc.source" value="Reuters"/>
</metadata>
</newsitem>
