<?xml version="1.0" encoding="iso-8859-1" ?>
<newsitem itemid="445959" id="root" date="1997-03-17" xml:lang="en">
<title>EU:  OFFICIAL JOURNAL CONTENTS - OJ C 84 OF MARCH 15, 1997.</title>
<headline>OFFICIAL JOURNAL CONTENTS - OJ C 84 OF MARCH 15, 1997.</headline>
<text>
<p>*</p>
<p>(Note - contents are displayed in reverse order to that in the printed Journal)</p>
<p>*</p>
<p>Corrigendum concerning the closing date for the submission of proposals for projects of cooperative research published in the first call for proposals for the specific programme of research and technological development, including demonstration, in the field of biomedicine and health (1994 to 1998) (97/C 84/20)</p>
<p>Corrigendum concerning the closing date for the submission of proposals for projects of cooperative research published in the first call for proposals for the specific programme of research and technological development, including demonstration, in the field of marine science and technology (1994 to 1998) (97/C 84/19)</p>
<p>Corrigendum concerning the closing date for the submission of proposals for projects of cooperative research published in the first call for proposals for the specific programme of research and technological development, including demonstration, in the field of agriculture and fisheries (1994 to 1998) (97/C 84/18)</p>
<p>Corrigendum concerning the closing date for the submission of proposals for projects of cooperative research published in the first call for proposals for the specific programme of research and technological development, including demonstration, in the field of standards, measurements and testing (1994 to 1998) (97/C 84/17)</p>
<p>Corrigendum concerning the closing date for the submission of proposals for projects of cooperative research published in the first call for proposals for the specific programme of research and technological development, including demonstration, in the field of industrial and materials technologies (1994 to 1998) (97/C 84/16)</p>
<p>Corrigendum concerning the closing date for the submission of proposals for projects of cooperative research published in the first call for proposals for the specific programme of research and technological development, including demonstration, in the field of non nuclear energy (1994 to 1998) (97/C 84/15)</p>
<p>Corrigendum to Telematics Applications Programme - Fourth call for proposals for RTD actions (Official Journal of the European Communities No C 381 of 17 December 1996) (97/C 84/14)</p>
<p>Organization of an open competition (97/C 84/13)</p>
<p>Call for proposals for the specific programme for research and technological development, including demonstration, in the field of information technologies (Esprit) (97/C 84/12)</p>
<p>Technical assistance Call for expression of interest (97/C 84/11)</p>
<p>Call for proposals in the domain of Euro-ISDN as a trans-european telecommunications network (97/C 84/10)</p>
<p>Notice concerning the call for proposals for the specific programme for research and technological development, including demonstration, in the field of cooperation with third countries and international organizations (97/C 84/09)</p>
<p>Notice concerning the call for proposals for the specific programme of research and technological development, including demonstration, in the field of cooperation with third countries and international organizations (97/C 84/08)</p>
<p>CALL FOR PROPOSALS FOR RTD ACTIONS FOR THE SPECIFIC PROGRAMME OF RESEARCH AND TECHNOLOGICAL DEVELOPMENT, INCLUDING DEMONSTRATION, IN THE FIELD OF TRAINING AND MOBILITY OF RESEARCHERS (1994 to 1998) (Activity 3) (97/C 84/07)</p>
<p>CALL FOR PROPOSALS FOR RTD ACTIVITIES UNDER THE SPECIFIC PROGRAMME OF RESEARCH AND TECHNOLOGICAL DEVELOPMENT, INCLUDING DEMONSTRATION, IN THE FIELD OF TRAINING AND MOBILITY OF RESEARCHERS (1994 to 1998) (Activity 2) (97/C 84/06)</p>
<p>TELEMATICS APPLICATIONS PROGRAMME Fifth call for proposals for RTD actions under the specific programme for research and technological development, including demonstration, in the field of Telematics Applications of Common Interest (1994 to 1998) (97/C 84/05)</p>
<p>Prior notification of a concentration (Case No IV/M.905 - Schweizer Re/SAFR) (97/C 84/04)</p>
<p>European Commission communication, pursuant to Article 4 (4) of Protocol 4 (concerning the definition of the concept of 'originating products') to the Europe Agreement between the European Community and the Czech Republic (Decision No 3/96 of the Association Council of 29 November 1996) (1) (2) (97/C 84/03)</p>
<p>Communication of Decisions under sundry tendering procedures in agriculture (cereals) (97/C 84/02)</p>
<p>Ecu (1) 14 March 1997 (97/C 84/01).</p>
</text>
<copyright>(c) Reuters Limited 1997</copyright>
<metadata>
<codes class="bip:countries:1.0">
  <code code="EEC">
    <editdetail attribution="Reuters BIP Coding Group" action="confirmed" date="1997-03-17"/>
  </code>
</codes>
<codes class="bip:topics:1.0">
  <code code="G15">
    <editdetail attribution="Reuters BIP Coding Group" action="confirmed" date="1997-03-17"/>
  </code>
  <code code="GCAT">
    <editdetail attribution="Reuters BIP Coding Group" action="confirmed" date="1997-03-17"/>
  </code>
</codes>
<dc element="dc.publisher" value="Reuters Holdings Plc"/>
<dc element="dc.date.published" value="1997-03-17"/>
<dc element="dc.source" value="Reuters"/>
<dc element="dc.creator.location.country.name" value="EU"/>
<dc element="dc.source" value="Reuters"/>
</metadata>
</newsitem>
