<?xml version="1.0" encoding="iso-8859-1" ?>
<newsitem itemid="445998" id="root" date="1997-03-17" xml:lang="en">
<title>USA: BMC Industries to start Hungary facility.</title>
<headline>BMC Industries to start Hungary facility.</headline>
<dateline>MINNEAPOLIS 1997-03-17</dateline>
<text>
<p>BMC Industries Inc said Monday it has established a subsidiary in Hungary which will operate a low-cost aperture mask inspection facility under the name Buckbee-Mears Hungary.</p>
<p>Buckbee-Mears Hungary has purchased an existing facility in Tatabanya, Hungary for its operations, the company, which manufacturers aperture masks for color picture tubes, said.</p>
<p>Buckbee-Mears Hungary will inspect high resolution computer monitor masks manufactured at the company's Mullheim, Germany facility, the company said, adding it expects the Hungarian facility will begin inspecting masks during the third quarter of 1997.</p>
<p>BMC shares fell 3/8 to 28-1/8 Monday.</p>
<p>((Chicago newsdesk, 312-408-8787))</p>
</text>
<copyright>(c) Reuters Limited 1997</copyright>
<metadata>
<codes class="bip:countries:1.0">
  <code code="HUNG">
    <editdetail attribution="Reuters BIP Coding Group" action="confirmed" date="1997-03-17"/>
  </code>
  <code code="USA">
    <editdetail attribution="Reuters BIP Coding Group" action="confirmed" date="1997-03-17"/>
  </code>
</codes>
<codes class="bip:industries:1.0">
  <code code="I34440">
    <editdetail attribution="Reuters BIP Coding Group" action="confirmed" date="1997-03-17"/>
  </code>
</codes>
<codes class="bip:topics:1.0">
  <code code="C11">
    <editdetail attribution="Reuters BIP Coding Group" action="confirmed" date="1997-03-17"/>
  </code>
  <code code="CCAT">
    <editdetail attribution="Reuters BIP Coding Group" action="confirmed" date="1997-03-17"/>
  </code>
</codes>
<dc element="dc.date.created" value="1997-03-17"/>
<dc element="dc.publisher" value="Reuters Holdings Plc"/>
<dc element="dc.date.published" value="1997-03-17"/>
<dc element="dc.source" value="Reuters"/>
<dc element="dc.creator.location" value="MINNEAPOLIS"/>
<dc element="dc.creator.location.country.name" value="USA"/>
<dc element="dc.source" value="Reuters"/>
</metadata>
</newsitem>
