<?xml version="1.0" encoding="iso-8859-1" ?>
<newsitem itemid="445999" id="root" date="1997-03-17" xml:lang="en">
<title>USA: Individual Investor Group Q4 full results.</title>
<headline>Individual Investor Group Q4 full results.</headline>
<dateline>NEW YORK 1997-03-17</dateline>
<text>
<p>INDIVIDUAL INVESTOR GROUP, INC. AND SUBSIDIARIES</p>
<p>		     SUMMARY CONSOLIDATED STATEMENT OF OPERATIONS</p>
<p>		     Three Months Ended	    Year Ended</p>
<p>			  December 31,		December 31,</p>
<p>			  1996	  1995	  1996	  1995</p>
<p>REVENUES:</p>
<p> Circulation   $1,364,741  $1,000,739  $5,611,099  $3,874,987</p>
<p> Advertising    2,165,462     708,536   5,488,157   2,440,462</p>
<p>Investment</p>
<p>management</p>
<p>  services	  256,418   4,340,896     938,210   4,467,142</p>
<p>Equity in net</p>
<p>income (loss)</p>
<p>  of affiliate     50,749     726,282   (431,141)   1,302,225</p>
<p>List rental and</p>
<p>  other	     461,528     337,885   1,437,786   1,170,041</p>
<p>Total Revenues(1)</p>
<p>		    4,298,898   7,114,338  13,044,111  13,254,857</p>
<p>OPERATING EXPENSES:</p>
<p>Editorial,</p>
<p>production and</p>
<p>  distribution  2,192,199   1,340,381   6,683,047   4,374,073</p>
<p>Promotion and</p>
<p>  selling	 2,097,420   1,412,526   5,643,447   3,862,166</p>
<p>General &amp;</p>
<p>administrative</p>
<p>		    1,127,485   1,625,340   3,885,348   3,092,185</p>
<p>Depreciation &amp;</p>
<p>  amortization     59,141	24,005     198,959	93,150</p>
<p>Total Operating</p>
<p>  Expenses	5,476,245   4,402,252  16,410,801  11,421,574</p>
<p>Operating (loss)</p>
<p>  income	(1,177,347)   2,712,086  (3,366,690)  1,833,283</p>
<p>Interest and</p>
<p>  other income     21,494	28,197     177,238	64,506</p>
<p>Gain on sale of a</p>
<p>marketable security</p>
<p>			  -----  ----------  ----------     995,019</p>
<p>Net (loss)</p>
<p>  income    (  1,155,853)  2,740,283 ($ 3,189,452)  2,892,808</p>
<p>(Loss) earnings</p>
<p>per common and</p>
<p>equivalent</p>
<p>  share	     ( 0.19)	  0.40     ( 0.51)	  0.49</p>
<p>Weighted average</p>
<p>number of</p>
<p>common and</p>
<p>equivalent</p>
<p>shares</p>
<p>outstanding</p>
<p>during the</p>
<p>  period	  6,124,945   7,156,300   6,198,260   6,872,167</p>
<p>				   SUMMARY CONSOLIDATED BALANCE SHEET</p>
<p>						Dec 31,	     Dec 31,</p>
<p>						  1996		  1995</p>
<p> Cash and cash equivalents	 $1,544,451	  $6,276,987</p>
<p> Total current assets		 4,505,702	   7,988,647</p>
<p> Investment in affiliate	    4,947,500	   6,502,729</p>
<p> TOTAL ASSETS			  11,303,735	  16,366,441</p>
<p> Current liabilities		  2,737,891	   2,523,455</p>
<p> Deferred subscription revenue    3,328,737	   3,374,256</p>
<p>     Total liabilities		6,066,628	   5,897,711</p>
<p>     Total stockholders' equity   5,237,107	  10,468,730</p>
<p>TOTAL LIABILITIES AND</p>
<p> STOCKHOLDERS' EQUITY		11,303,735	  16,366,441</p>
<p>(1) Total revenues include equity in net (loss) income of affiliate</p>
<p>((-- New York Newsdesk 212 859-1610))</p>
</text>
<copyright>(c) Reuters Limited 1997</copyright>
<metadata>
<codes class="bip:countries:1.0">
  <code code="USA">
    <editdetail attribution="Reuters BIP Coding Group" action="confirmed" date="1997-03-17"/>
  </code>
</codes>
<codes class="bip:topics:1.0">
  <code code="C15">
    <editdetail attribution="Reuters BIP Coding Group" action="confirmed" date="1997-03-17"/>
  </code>
  <code code="C151">
    <editdetail attribution="Reuters BIP Coding Group" action="confirmed" date="1997-03-17"/>
  </code>
  <code code="C1511">
    <editdetail attribution="Reuters BIP Coding Group" action="confirmed" date="1997-03-17"/>
  </code>
  <code code="CCAT">
    <editdetail attribution="Reuters BIP Coding Group" action="confirmed" date="1997-03-17"/>
  </code>
</codes>
<dc element="dc.date.created" value="1997-03-17"/>
<dc element="dc.publisher" value="Reuters Holdings Plc"/>
<dc element="dc.date.published" value="1997-03-17"/>
<dc element="dc.source" value="Reuters"/>
<dc element="dc.creator.location" value="NEW YORK"/>
<dc element="dc.creator.location.country.name" value="USA"/>
<dc element="dc.source" value="Reuters"/>
</metadata>
</newsitem>
