<?xml version="1.0" encoding="iso-8859-1" ?>
<newsitem itemid="445992" id="root" date="1997-03-17" xml:lang="en">
<title>USA: RESEARCH ALERT - Andrx started as buy.</title>
<headline>RESEARCH ALERT - Andrx started as buy.</headline>
<text>
<p>-- Dillon Read said on Monday it has initiated coverage of Andrx Corp with a buy rating.</p>
<p>-- The brokerage firm estimated the Ft. Lauderdale, Fla.-based generic drug maker's earnings will grow to $3.36 a share in the year 2000, compared with an estimated loss of $0.39 a share in 1997.</p>
<p>-- Based on that earnings growth, Dillon has set a 12-month price target at $42 for the stock.</p>
<p>-- Andrx shares were trading down $0.75 at $21 on Monday.</p>
<p>((-- Wall Street desk (212) 859-1730))</p>
</text>
<copyright>(c) Reuters Limited 1997</copyright>
<metadata>
<codes class="bip:countries:1.0">
  <code code="USA">
    <editdetail attribution="Reuters BIP Coding Group" action="confirmed" date="1997-03-17"/>
  </code>
</codes>
<codes class="bip:industries:1.0">
  <code code="I25700">
    <editdetail attribution="Reuters BIP Coding Group" action="confirmed" date="1997-03-17"/>
  </code>
</codes>
<codes class="bip:topics:1.0">
  <code code="C15">
    <editdetail attribution="Reuters BIP Coding Group" action="confirmed" date="1997-03-17"/>
  </code>
  <code code="C152">
    <editdetail attribution="Reuters BIP Coding Group" action="confirmed" date="1997-03-17"/>
  </code>
  <code code="CCAT">
    <editdetail attribution="Reuters BIP Coding Group" action="confirmed" date="1997-03-17"/>
  </code>
</codes>
<dc element="dc.publisher" value="Reuters Holdings Plc"/>
<dc element="dc.date.published" value="1997-03-17"/>
<dc element="dc.source" value="Reuters"/>
<dc element="dc.creator.location.country.name" value="USA"/>
<dc element="dc.source" value="Reuters"/>
</metadata>
</newsitem>
