<?xml version="1.0" encoding="iso-8859-1" ?>
<newsitem itemid="445972" id="root" date="1997-03-17" xml:lang="en">
<title>USA: RESEARCH ALERT - Desc reinstated.</title>
<headline>RESEARCH ALERT - Desc reinstated.</headline>
<text>
<p>-- Merrill Lynch said on Monday it had reinstated coverage of Mexico's Desc Sociedad de Fomento Industrial SA de CV with a rating of near-term accumulate and long-term buy.</p>
<p>-- &quot;The company appears well-positioned for a recovery in the domestic economy, as well as from consolidation in the international auto parts business, as production is shifted to low-cost countries like Mexico,&quot; Merrill Lynch said in a report.</p>
<p>-- &quot;Trading at 7.1x and 5.9x prospective EV/EBITDA for 1997 and 1998, the shares are attractive, in our opinion.&quot;</p>
<p>-- The company's American Depositary Receipts closed at 26 on Monday in New York.</p>
<p>((--Ian Simpson, Wall Street desk, (212) 859-1879))</p>
</text>
<copyright>(c) Reuters Limited 1997</copyright>
<metadata>
<codes class="bip:countries:1.0">
  <code code="MEX">
    <editdetail attribution="Reuters BIP Coding Group" action="confirmed" date="1997-03-17"/>
  </code>
  <code code="USA">
    <editdetail attribution="Reuters BIP Coding Group" action="confirmed" date="1997-03-17"/>
  </code>
</codes>
<codes class="bip:industries:1.0">
  <code code="I25000">
    <editdetail attribution="Reuters BIP Coding Group" action="confirmed" date="1997-03-17"/>
  </code>
</codes>
<codes class="bip:topics:1.0">
  <code code="C15">
    <editdetail attribution="Reuters BIP Coding Group" action="confirmed" date="1997-03-17"/>
  </code>
  <code code="C152">
    <editdetail attribution="Reuters BIP Coding Group" action="confirmed" date="1997-03-17"/>
  </code>
  <code code="CCAT">
    <editdetail attribution="Reuters BIP Coding Group" action="confirmed" date="1997-03-17"/>
  </code>
</codes>
<dc element="dc.publisher" value="Reuters Holdings Plc"/>
<dc element="dc.date.published" value="1997-03-17"/>
<dc element="dc.source" value="Reuters"/>
<dc element="dc.creator.location.country.name" value="USA"/>
<dc element="dc.source" value="Reuters"/>
</metadata>
</newsitem>
