<?xml version="1.0" encoding="iso-8859-1" ?>
<newsitem itemid="445978" id="root" date="1997-03-17" xml:lang="en">
<title>USA: Reuter Commodity Index - Mar 17.</title>
<headline>Reuter Commodity Index - Mar 17.</headline>
<text>
<p>TODAY  PREV  FOUR WKS AGO  YR AGO</p>
<p>			 1997.1  1992.5  1973.6     2138.3</p>
<p>			 Mar 17  Mar 14  Feb 17     Mar 18</p>
<p>A new record high of 2348.7 was set on Mar 2 1995 against a previous high of 2327.1 set on Mar 1 1995.</p>
<p>The Reuter Commodity Index is based on cash market prices and started at 100 on September 18, 1993</p>
</text>
<copyright>(c) Reuters Limited 1997</copyright>
<metadata>
<codes class="bip:countries:1.0">
  <code code="USA">
    <editdetail attribution="Reuters BIP Coding Group" action="confirmed" date="1997-03-17"/>
  </code>
</codes>
<codes class="bip:topics:1.0">
  <code code="M14">
    <editdetail attribution="Reuters BIP Coding Group" action="confirmed" date="1997-03-17"/>
  </code>
  <code code="MCAT">
    <editdetail attribution="Reuters BIP Coding Group" action="confirmed" date="1997-03-17"/>
  </code>
</codes>
<dc element="dc.publisher" value="Reuters Holdings Plc"/>
<dc element="dc.date.published" value="1997-03-17"/>
<dc element="dc.source" value="Reuters"/>
<dc element="dc.creator.location.country.name" value="USA"/>
<dc element="dc.source" value="Reuters"/>
</metadata>
</newsitem>
