<?xml version="1.0" encoding="iso-8859-1" ?>
<newsitem itemid="445960" id="root" date="1997-03-17" xml:lang="en">
<title>EU:  OFFICIAL JOURNAL CONTENTS - OJ L 75 OF MARCH 15, 1997.</title>
<headline>OFFICIAL JOURNAL CONTENTS - OJ L 75 OF MARCH 15, 1997.</headline>
<text>
<p>*</p>
<p>(Note - contents are displayed in reverse order to that in the printed Journal)</p>
<p>*</p>
<p>COMMISSION DECISION of 10 February 1997 on the definition of a methodology for the transition between the European System of National and Regional Accounts in the Community (ESA 95) and the European System of Integrated Economic Accounts (ESA second edition) (Text with EEA relevance) (97/178/EC, Euratom)</p>
<p>COMMISSION REGULATION (EC) No 486/97 of 14 March 1997 fixing the import duties in the cereals sector</p>
<p>COMMISSION REGULATION (EC) No 485/97 of 14 March 1997 amending representative prices and additional duties for the import of certain products in the sugar sector</p>
<p>COMMISSION REGULATION (EC) No 484/97 of 14 March 1997 establishing the standard import values for determining the entry price of certain fruit and vegetables</p>
<p>COMMISSION REGULATION (EC) No 483/97 of 14 March 1997 on the sale by the procedure laid down in Regulation (EEC) No 2539/84 of beef held by certain intervention agencies and intended for supplying the Canary Islands and repealing Regulation (EC) No 151/97</p>
<p>COMMISSION REGULATION (EC) No 482/97 of 14 March 1997 amending Regulation (EC) No 1757/96 adopting exceptional additional support measures for the beef market in the United Kingdom</p>
<p>COMMISSION REGULATION (EC) No 481/97 of 14 March 1997 laying down for 1997 detailed rules for the application of the tariff quota for beef and veal provided for in the Interim Agreement between the Community and the Republic of Slovenia</p>
<p>COMMISSION REGULATION (EC) No 480/97 of 14 March 1997 amending Annex I to Council Regulation (EEC) No 2658/87 on the tariff and statistical nomenclature and on the Common Customs Tariff</p>
<p>COMMISSION REGULATION (EC) No 479/97 of 14 March 1997 providing for the partial reimbursement of import duties levied on flint maize</p>
<p>COMMISSION REGULATION (EC) No 478/97 of 14 March 1997 laying down detailed rules for the application of Council Regulation (EC) No 2200/96 as regards preliminary recognition of producer organizations</p>
<p>COMMISSION REGULATION (EC) No 477/97 of 14 March 1997 fixing the maximum buying-in price and the quantities of beef to be bought in under the 178th partial invitation to tender as a general intervention measure pursuant to Regulation (EEC) No 1627/89</p>
<p>COUNCIL REGULATION (EC) No 476/97 of 13 March 1997 amending, with respect to statistical territory, Regulation (EC) No 1172/95 on the statistics relating to the trading of goods by the Community and its Member States with non-member countries.</p>
</text>
<copyright>(c) Reuters Limited 1997</copyright>
<metadata>
<codes class="bip:countries:1.0">
  <code code="EEC">
    <editdetail attribution="Reuters BIP Coding Group" action="confirmed" date="1997-03-17"/>
  </code>
</codes>
<codes class="bip:topics:1.0">
  <code code="G15">
    <editdetail attribution="Reuters BIP Coding Group" action="confirmed" date="1997-03-17"/>
  </code>
  <code code="GCAT">
    <editdetail attribution="Reuters BIP Coding Group" action="confirmed" date="1997-03-17"/>
  </code>
</codes>
<dc element="dc.publisher" value="Reuters Holdings Plc"/>
<dc element="dc.date.published" value="1997-03-17"/>
<dc element="dc.source" value="Reuters"/>
<dc element="dc.creator.location.country.name" value="EU"/>
<dc element="dc.source" value="Reuters"/>
</metadata>
</newsitem>
