<?xml version="1.0" encoding="iso-8859-1" ?>
<newsitem itemid="445983" id="root" date="1997-03-17" xml:lang="en">
<title>USA: RESEARCH ALERT - IRT Property started.</title>
<headline>RESEARCH ALERT - IRT Property started.</headline>
<text>
<p>-- Salomon Brothers has initiated coverage of IRT Property Co with a strong buy rating and a 12-month price target of 13, the brokerage house said on Friday.</p>
<p>-- The Atlanta-based real estate investment trust bolstered its capital structure and positioned itself for acquisitions with a $66-million common stock offering in January, Salomon noted.</p>
<p>-- IRT shares traded at 11.25 on Monday, up 0.125.</p>
<p>((-- Wall Street desk (212) 859-1730))</p>
</text>
<copyright>(c) Reuters Limited 1997</copyright>
<metadata>
<codes class="bip:countries:1.0">
  <code code="USA">
    <editdetail attribution="Reuters BIP Coding Group" action="confirmed" date="1997-03-17"/>
  </code>
</codes>
<codes class="bip:industries:1.0">
  <code code="I81502">
    <editdetail attribution="Reuters BIP Coding Group" action="confirmed" date="1997-03-17"/>
  </code>
  <code code="I8150206">
    <editdetail attribution="Reuters BIP Coding Group" action="confirmed" date="1997-03-17"/>
  </code>
</codes>
<codes class="bip:topics:1.0">
  <code code="C15">
    <editdetail attribution="Reuters BIP Coding Group" action="confirmed" date="1997-03-17"/>
  </code>
  <code code="C152">
    <editdetail attribution="Reuters BIP Coding Group" action="confirmed" date="1997-03-17"/>
  </code>
  <code code="CCAT">
    <editdetail attribution="Reuters BIP Coding Group" action="confirmed" date="1997-03-17"/>
  </code>
</codes>
<dc element="dc.publisher" value="Reuters Holdings Plc"/>
<dc element="dc.date.published" value="1997-03-17"/>
<dc element="dc.source" value="Reuters"/>
<dc element="dc.creator.location.country.name" value="USA"/>
<dc element="dc.source" value="Reuters"/>
</metadata>
</newsitem>
