<?xml version="1.0" encoding="iso-8859-1" ?>
<newsitem itemid="445967" id="root" date="1997-03-17" xml:lang="en">
<title>CANADA: Canadian 88 sets record 1997 spending.</title>
<headline>Canadian 88 sets record 1997 spending.</headline>
<dateline>CALGARY 1997-03-17</dateline>
<text>
<p>Canadian 88 Energy Corp, on the heels of a failed takover bid for Morrison Petroleums Ltd, said on Monday it set its 1997 capital spending budget at a record C$110 million.</p>
<p>Canadian 88 said most of the funds would be spent in Alberta along the foothills region, with a minimum of C$50 million to be spent on its Olds/Crossfield properties.  </p>
<p>Olds/Crossfield activity would include 24 deep horizontal gas wells targeting the Devonian formation, as well as expenditures on its Olds gas plant and gathering system, it said.</p>
<p>Canadian 88 also said 1997 spending, which is 34.1 percent higher than that in 1996, would include at least C$30 million developing its Waterton natural gas discovery in southwest Alberta, where a multi-well development drilling program was planned.</p>
<p>The play was expected to add over 100 million cubic feet per day to Canadian 88's gas output over the next 12 months, it said.</p>
<p>Canadian 88, under fire from securities regulators, scrapped a C$652 million hostile bid for Morrison in early February.</p>
<p>Morrison later struck a merger deal with Northstar Energy Corp, which said on Monday nearly all Morrison shares had been tendered to its stock-swap proposal.</p>
<p>((Reuters Calgary Bureau (403) 531-1624))</p>
</text>
<copyright>(c) Reuters Limited 1997</copyright>
<metadata>
<codes class="bip:countries:1.0">
  <code code="CANA">
    <editdetail attribution="Reuters BIP Coding Group" action="confirmed" date="1997-03-17"/>
  </code>
</codes>
<codes class="bip:industries:1.0">
  <code code="I13000">
    <editdetail attribution="Reuters BIP Coding Group" action="confirmed" date="1997-03-17"/>
  </code>
  <code code="I1300003">
    <editdetail attribution="Reuters BIP Coding Group" action="confirmed" date="1997-03-17"/>
  </code>
  <code code="I81502">
    <editdetail attribution="Reuters BIP Coding Group" action="confirmed" date="1997-03-17"/>
  </code>
  <code code="I8150206">
    <editdetail attribution="Reuters BIP Coding Group" action="confirmed" date="1997-03-17"/>
  </code>
</codes>
<codes class="bip:topics:1.0">
  <code code="C11">
    <editdetail attribution="Reuters BIP Coding Group" action="confirmed" date="1997-03-17"/>
  </code>
  <code code="C18">
    <editdetail attribution="Reuters BIP Coding Group" action="confirmed" date="1997-03-17"/>
  </code>
  <code code="C181">
    <editdetail attribution="Reuters BIP Coding Group" action="confirmed" date="1997-03-17"/>
  </code>
  <code code="CCAT">
    <editdetail attribution="Reuters BIP Coding Group" action="confirmed" date="1997-03-17"/>
  </code>
</codes>
<dc element="dc.date.created" value="1997-03-17"/>
<dc element="dc.publisher" value="Reuters Holdings Plc"/>
<dc element="dc.date.published" value="1997-03-17"/>
<dc element="dc.source" value="Reuters"/>
<dc element="dc.creator.location" value="CALGARY"/>
<dc element="dc.creator.location.country.name" value="CANADA"/>
<dc element="dc.source" value="Reuters"/>
</metadata>
</newsitem>
