<?xml version="1.0" encoding="iso-8859-1" ?>
<newsitem itemid="446076" id="root" date="1997-03-17" xml:lang="en">
<title>USA: Compositech venture gets credit commitment.</title>
<headline>Compositech venture gets credit commitment.</headline>
<dateline>HAUPPAUGE, N.Y. 1997-03-17</dateline>
<text>
<p>Compositech Ltd said on Monday its proposed Canadian joint venture had received a commitment for a $13.3 million credit facility from the National Bank of Canada.</p>
<p>The credit facility consists of a $9.8 million, seven-year term loan and a short term loan for $3.5 million to be used for working capital requirements, Compositech said.</p>
<p>The company plans to enter a joint venture with a Quebec investor group for the purpose of building a facility to make printed circuitry boards, Compositech said.</p>
<p>The credit will supplement about $11 million of investment from the joint venture partners, Compositech said.</p>
<p>The Montreal plant is expected to begin production next year and have an annual sales capacity of over $30 million.</p>
</text>
<copyright>(c) Reuters Limited 1997</copyright>
<metadata>
<codes class="bip:countries:1.0">
  <code code="CANA">
    <editdetail attribution="Reuters BIP Coding Group" action="confirmed" date="1997-03-17"/>
  </code>
  <code code="USA">
    <editdetail attribution="Reuters BIP Coding Group" action="confirmed" date="1997-03-17"/>
  </code>
</codes>
<codes class="bip:industries:1.0">
  <code code="I34531">
    <editdetail attribution="Reuters BIP Coding Group" action="confirmed" date="1997-03-17"/>
  </code>
</codes>
<codes class="bip:topics:1.0">
  <code code="C11">
    <editdetail attribution="Reuters BIP Coding Group" action="confirmed" date="1997-03-17"/>
  </code>
  <code code="C17">
    <editdetail attribution="Reuters BIP Coding Group" action="confirmed" date="1997-03-17"/>
  </code>
  <code code="C173">
    <editdetail attribution="Reuters BIP Coding Group" action="confirmed" date="1997-03-17"/>
  </code>
  <code code="CCAT">
    <editdetail attribution="Reuters BIP Coding Group" action="confirmed" date="1997-03-17"/>
  </code>
</codes>
<dc element="dc.date.created" value="1997-03-17"/>
<dc element="dc.publisher" value="Reuters Holdings Plc"/>
<dc element="dc.date.published" value="1997-03-17"/>
<dc element="dc.source" value="Reuters"/>
<dc element="dc.creator.location" value="HAUPPAUGE, N.Y."/>
<dc element="dc.creator.location.country.name" value="USA"/>
<dc element="dc.source" value="Reuters"/>
</metadata>
</newsitem>
