<?xml version="1.0" encoding="iso-8859-1" ?>
<newsitem itemid="446004" id="root" date="1997-03-17" xml:lang="en">
<title>USA: Key Energy buys oil service co for $20.6 mln.</title>
<headline>Key Energy buys oil service co for $20.6 mln.</headline>
<dateline>EAST BRUNSWICK, N.J. 1997-03-17</dateline>
<text>
<p>Key Energy Group Inc is to buy privately held Well-Co Oil Service Inc for $15.6 million in cash and 400,000 shares, Key said in a statement.</p>
<p>Key also said that it would buy a wellhead equipment rental business and five well service rigs from Tri-State Wellhead &amp; Valve Inc for $550,000 cash and 83,770 shares and signed a letter of intent to buy six well service rigs from Elder Well Service Inc for $609,000.</p>
<p>&quot;The acquisition of Well-Co, Tri-State and Elder will add an additional 93 well service rigs, bringing Key Energy's total well service rig count to 495,&quot; Key said.</p>
<p>&quot;As a result of the Well-Co acquisition, combined with Key Energy's existing Permian Basin operations, the company expects to announce additional strategic acquisitions over the next several months,&quot; the company said.</p>
<p>((-- David Chance New York Newsroom 212 859 1902))</p>
</text>
<copyright>(c) Reuters Limited 1997</copyright>
<metadata>
<codes class="bip:countries:1.0">
  <code code="USA">
    <editdetail attribution="Reuters BIP Coding Group" action="confirmed" date="1997-03-17"/>
  </code>
</codes>
<codes class="bip:industries:1.0">
  <code code="I13000">
    <editdetail attribution="Reuters BIP Coding Group" action="confirmed" date="1997-03-17"/>
  </code>
</codes>
<codes class="bip:topics:1.0">
  <code code="C18">
    <editdetail attribution="Reuters BIP Coding Group" action="confirmed" date="1997-03-17"/>
  </code>
  <code code="C181">
    <editdetail attribution="Reuters BIP Coding Group" action="confirmed" date="1997-03-17"/>
  </code>
  <code code="CCAT">
    <editdetail attribution="Reuters BIP Coding Group" action="confirmed" date="1997-03-17"/>
  </code>
</codes>
<dc element="dc.date.created" value="1997-03-17"/>
<dc element="dc.publisher" value="Reuters Holdings Plc"/>
<dc element="dc.date.published" value="1997-03-17"/>
<dc element="dc.source" value="Reuters"/>
<dc element="dc.creator.location" value="EAST BRUNSWICK, N.J."/>
<dc element="dc.creator.location.country.name" value="USA"/>
<dc element="dc.source" value="Reuters"/>
</metadata>
</newsitem>
