<?xml version="1.0" encoding="iso-8859-1" ?>
<newsitem itemid="446022" id="root" date="1997-03-17" xml:lang="en">
<title>USA: Oil-Dri sets $0.08/shr common dividend.</title>
<headline>Oil-Dri sets $0.08/shr common dividend.</headline>
<dateline>CHICAGO 1997-03-17</dateline>
<text>
<p>Quarterly</p>
<p>			  Latest		    Prior</p>
<p> Amount		  $0.08		     $0.08</p>
<p> Pay		   June 13</p>
<p> Record		 May 16</p>
<p>Note: Full name of company is Oil-Dri Corp of America.</p>
<p>((Chicago newsdesk, 312-408-8787))</p>
</text>
<copyright>(c) Reuters Limited 1997</copyright>
<metadata>
<codes class="bip:countries:1.0">
  <code code="USA">
    <editdetail attribution="Reuters BIP Coding Group" action="confirmed" date="1997-03-17"/>
  </code>
</codes>
<codes class="bip:industries:1.0">
  <code code="I25670">
    <editdetail attribution="Reuters BIP Coding Group" action="confirmed" date="1997-03-17"/>
  </code>
</codes>
<codes class="bip:topics:1.0">
  <code code="C15">
    <editdetail attribution="Reuters BIP Coding Group" action="confirmed" date="1997-03-17"/>
  </code>
  <code code="C151">
    <editdetail attribution="Reuters BIP Coding Group" action="confirmed" date="1997-03-17"/>
  </code>
  <code code="CCAT">
    <editdetail attribution="Reuters BIP Coding Group" action="confirmed" date="1997-03-17"/>
  </code>
</codes>
<dc element="dc.date.created" value="1997-03-17"/>
<dc element="dc.publisher" value="Reuters Holdings Plc"/>
<dc element="dc.date.published" value="1997-03-17"/>
<dc element="dc.source" value="Reuters"/>
<dc element="dc.creator.location" value="CHICAGO"/>
<dc element="dc.creator.location.country.name" value="USA"/>
<dc element="dc.source" value="Reuters"/>
</metadata>
</newsitem>
