<?xml version="1.0" encoding="iso-8859-1" ?>
<newsitem itemid="446062" id="root" date="1997-03-17" xml:lang="en">
<title>USA: Advest reinstates quarterly dividend.</title>
<headline>Advest reinstates quarterly dividend.</headline>
<dateline>HARTFORD, Conn. 1997-03-17</dateline>
<text>
<p>The Advest Group Inc said on Monday that the company reinstated a quarterly dividend with a payment of $0.03 a share.</p>
<p>The dividend is payable on April 15, 1997 to shareholders of record as of March 31, 1997.</p>
<p>The company last paid a quarterly dividend in December 1990, Advest said. The board voted to suspend dividends in February 1991 primarily as a result of losses at Advest Bank, the company said.</p>
</text>
<copyright>(c) Reuters Limited 1997</copyright>
<metadata>
<codes class="bip:countries:1.0">
  <code code="USA">
    <editdetail attribution="Reuters BIP Coding Group" action="confirmed" date="1997-03-17"/>
  </code>
</codes>
<codes class="bip:industries:1.0">
  <code code="I83100">
    <editdetail attribution="Reuters BIP Coding Group" action="confirmed" date="1997-03-17"/>
  </code>
</codes>
<codes class="bip:topics:1.0">
  <code code="C15">
    <editdetail attribution="Reuters BIP Coding Group" action="confirmed" date="1997-03-17"/>
  </code>
  <code code="C151">
    <editdetail attribution="Reuters BIP Coding Group" action="confirmed" date="1997-03-17"/>
  </code>
  <code code="CCAT">
    <editdetail attribution="Reuters BIP Coding Group" action="confirmed" date="1997-03-17"/>
  </code>
</codes>
<dc element="dc.date.created" value="1997-03-17"/>
<dc element="dc.publisher" value="Reuters Holdings Plc"/>
<dc element="dc.date.published" value="1997-03-17"/>
<dc element="dc.source" value="Reuters"/>
<dc element="dc.creator.location" value="HARTFORD, Conn."/>
<dc element="dc.creator.location.country.name" value="USA"/>
<dc element="dc.source" value="Reuters"/>
</metadata>
</newsitem>
