<?xml version="1.0" encoding="iso-8859-1" ?>
<newsitem itemid="446054" id="root" date="1997-03-17" xml:lang="en">
<title>USA: Professional Dental Q1 Jan 31 net increases.</title>
<headline>Professional Dental Q1 Jan 31 net increases.</headline>
<dateline>BATESVILLE, Ark. 1997-03-17</dateline>
<text>
<p>1997			1996</p>
<p> Shr			  $0.01			nil</p>
<p> Net			    112			$68</p>
<p> Revs			 4,790		    5,537</p>
<p> Avg shrs		  14,104		   14,476</p>
<p>(All data above 000s except per share numbers)</p>
<p>NOTE:  Full name of company is Professional Dental Technologies Inc.</p>
</text>
<copyright>(c) Reuters Limited 1997</copyright>
<metadata>
<codes class="bip:countries:1.0">
  <code code="USA">
    <editdetail attribution="Reuters BIP Coding Group" action="confirmed" date="1997-03-17"/>
  </code>
</codes>
<codes class="bip:topics:1.0">
  <code code="C15">
    <editdetail attribution="Reuters BIP Coding Group" action="confirmed" date="1997-03-17"/>
  </code>
  <code code="C151">
    <editdetail attribution="Reuters BIP Coding Group" action="confirmed" date="1997-03-17"/>
  </code>
  <code code="CCAT">
    <editdetail attribution="Reuters BIP Coding Group" action="confirmed" date="1997-03-17"/>
  </code>
</codes>
<dc element="dc.date.created" value="1997-03-17"/>
<dc element="dc.publisher" value="Reuters Holdings Plc"/>
<dc element="dc.date.published" value="1997-03-17"/>
<dc element="dc.source" value="Reuters"/>
<dc element="dc.creator.location" value="BATESVILLE, Ark."/>
<dc element="dc.creator.location.country.name" value="USA"/>
<dc element="dc.source" value="Reuters"/>
</metadata>
</newsitem>
