<?xml version="1.0" encoding="iso-8859-1" ?>
<newsitem itemid="446075" id="root" date="1997-03-17" xml:lang="en">
<title>USA: Hi-Tech Pharmacal Q3 Jan 31 net decreases.</title>
<headline>Hi-Tech Pharmacal Q3 Jan 31 net decreases.</headline>
<dateline>AMITYVILLE, N.Y. 1997-03-17</dateline>
<text>
<p>Three months ended	  Nine months ended</p>
<p>				Jan. 31,			Jan. 31,</p>
<p>			1997	     1996	   1997	  1996</p>
<p>Net sales  $ 5,753,000	5,045,000   15,184,000  14,345,000</p>
<p>Net income     255,000	  558,000	204,000   1,528,000</p>
<p>Net income per</p>
<p>common share     $0.06	     0.12	   0.04	  0.34</p>
<p>Weighted average</p>
<p>number of shares</p>
<p>outstanding  4,541,000	4,607,000    4,586,000   4,546,000</p>
<p>NOTE - Full name of the company is Hi-Tech Pharmacal Co.</p>
</text>
<copyright>(c) Reuters Limited 1997</copyright>
<metadata>
<codes class="bip:countries:1.0">
  <code code="USA">
    <editdetail attribution="Reuters BIP Coding Group" action="confirmed" date="1997-03-17"/>
  </code>
</codes>
<codes class="bip:industries:1.0">
  <code code="I25700">
    <editdetail attribution="Reuters BIP Coding Group" action="confirmed" date="1997-03-17"/>
  </code>
</codes>
<codes class="bip:topics:1.0">
  <code code="C15">
    <editdetail attribution="Reuters BIP Coding Group" action="confirmed" date="1997-03-17"/>
  </code>
  <code code="C151">
    <editdetail attribution="Reuters BIP Coding Group" action="confirmed" date="1997-03-17"/>
  </code>
  <code code="CCAT">
    <editdetail attribution="Reuters BIP Coding Group" action="confirmed" date="1997-03-17"/>
  </code>
</codes>
<dc element="dc.date.created" value="1997-03-17"/>
<dc element="dc.publisher" value="Reuters Holdings Plc"/>
<dc element="dc.date.published" value="1997-03-17"/>
<dc element="dc.source" value="Reuters"/>
<dc element="dc.creator.location" value="AMITYVILLE, N.Y."/>
<dc element="dc.creator.location.country.name" value="USA"/>
<dc element="dc.source" value="Reuters"/>
</metadata>
</newsitem>
