<?xml version="1.0" encoding="iso-8859-1" ?>
<newsitem itemid="446048" id="root" date="1997-03-17" xml:lang="en">
<title>USA: Cable Car Beverage Corp Q4 net increases.</title>
<headline>Cable Car Beverage Corp Q4 net increases.</headline>
<dateline>DENVER 1997-03-17</dateline>
<text>
<p>1996			1995</p>
<p> Shr			  $0.02		    $0.01</p>
<p> Net			    209			102</p>
<p> Revs			 4,275		    3,215</p>
<p> Avg shrs		   9,441		    8,985</p>
<p>		 year</p>
<p> Shr			  $0.14		    $0.10</p>
<p> Net			  1,257			883</p>
<p> Revs			18,873		   12,844</p>
<p> Avg shrs		   9,255		    8,916</p>
<p>(All data above 000s except per share numbers)</p>
</text>
<copyright>(c) Reuters Limited 1997</copyright>
<metadata>
<codes class="bip:countries:1.0">
  <code code="USA">
    <editdetail attribution="Reuters BIP Coding Group" action="confirmed" date="1997-03-17"/>
  </code>
</codes>
<codes class="bip:topics:1.0">
  <code code="C15">
    <editdetail attribution="Reuters BIP Coding Group" action="confirmed" date="1997-03-17"/>
  </code>
  <code code="C151">
    <editdetail attribution="Reuters BIP Coding Group" action="confirmed" date="1997-03-17"/>
  </code>
  <code code="C1511">
    <editdetail attribution="Reuters BIP Coding Group" action="confirmed" date="1997-03-17"/>
  </code>
  <code code="CCAT">
    <editdetail attribution="Reuters BIP Coding Group" action="confirmed" date="1997-03-17"/>
  </code>
</codes>
<dc element="dc.date.created" value="1997-03-17"/>
<dc element="dc.publisher" value="Reuters Holdings Plc"/>
<dc element="dc.date.published" value="1997-03-17"/>
<dc element="dc.source" value="Reuters"/>
<dc element="dc.creator.location" value="DENVER"/>
<dc element="dc.creator.location.country.name" value="USA"/>
<dc element="dc.source" value="Reuters"/>
</metadata>
</newsitem>
