<?xml version="1.0" encoding="iso-8859-1" ?>
<newsitem itemid="446027" id="root" date="1997-03-17" xml:lang="en">
<title>USA: Chicago Dock Q3 Jan 31 ffo rises.</title>
<headline>Chicago Dock Q3 Jan 31 ffo rises.</headline>
<dateline>CHICAGO 1997-03-17</dateline>
<text>
<p>THIRD QTR		    THIRD QTR</p>
<p>			ENDED JAN 31, 1997	 ENDED JAN 31, 1996</p>
<p> Net income (loss)	$(3,100,000)		     $455,000</p>
<p>Net income (loss)</p>
<p>   per share			(0.54)			   0.08</p>
<p> Funds from operations     2,446,000		    1,448,000</p>
<p>Funds from operations</p>
<p>   per share			  0.40			   0.25</p>
<p>				FOR NINE MOS		 FOR NINE MOS</p>
<p>			ENDED JAN 31, 1997	 ENDED JAN 31, 1996</p>
<p> Net income (loss)	  $(971,000)		     $879,000</p>
<p>Net income (loss)</p>
<p>   per share			(0.17)			 (0.15)</p>
<p> Funds from operations     6,808,000		    3,642,000</p>
<p>Funds from operations</p>
<p>   per share			  1.12			   0.63</p>
<p>					 AS OF			  AS OF</p>
<p>NOTE: Full company name is: Chicago Dock and Canal Trust</p>
<p>((Chicago newsdesk, 312-408-8787))</p>
</text>
<copyright>(c) Reuters Limited 1997</copyright>
<metadata>
<codes class="bip:countries:1.0">
  <code code="USA">
    <editdetail attribution="Reuters BIP Coding Group" action="confirmed" date="1997-03-17"/>
  </code>
</codes>
<codes class="bip:industries:1.0">
  <code code="I81502">
    <editdetail attribution="Reuters BIP Coding Group" action="confirmed" date="1997-03-17"/>
  </code>
  <code code="I8150206">
    <editdetail attribution="Reuters BIP Coding Group" action="confirmed" date="1997-03-17"/>
  </code>
</codes>
<codes class="bip:topics:1.0">
  <code code="C15">
    <editdetail attribution="Reuters BIP Coding Group" action="confirmed" date="1997-03-17"/>
  </code>
  <code code="C151">
    <editdetail attribution="Reuters BIP Coding Group" action="confirmed" date="1997-03-17"/>
  </code>
  <code code="CCAT">
    <editdetail attribution="Reuters BIP Coding Group" action="confirmed" date="1997-03-17"/>
  </code>
</codes>
<dc element="dc.date.created" value="1997-03-17"/>
<dc element="dc.publisher" value="Reuters Holdings Plc"/>
<dc element="dc.date.published" value="1997-03-17"/>
<dc element="dc.source" value="Reuters"/>
<dc element="dc.creator.location" value="CHICAGO"/>
<dc element="dc.creator.location.country.name" value="USA"/>
<dc element="dc.source" value="Reuters"/>
</metadata>
</newsitem>
