<?xml version="1.0" encoding="iso-8859-1" ?>
<newsitem itemid="446097" id="root" date="1997-03-17" xml:lang="en">
<title>USA: COMEX copper ends higher on moderate volumes.</title>
<headline>COMEX copper ends higher on moderate volumes.</headline>
<dateline>NEW YORK 1997-03-17</dateline>
<text>
<p>COMEX copper futures ended lower Monday, after opening steady and then drifting lower, on moderate estimated total volume of 9,000 lots.</p>
<p>&quot;The funds have been near their limits on long positions and the market has been overbought after reaching eight month highs earlier this month, so we are seeing some fund liquidation, but support is still holding,&quot; one trader said.</p>
<p>In the latest CFTC Commitments of Traders data released late Friday, funds and small traders remain heavily net long COMEX copper at a level little changed from two weeks ago.</p>
<p>&quot;Copper looks like its heading into a range until after the Easter holiday,&quot; he said.</p>
<p>COMEX May copper ended down 1.85 cent at 110.75 cents a pound, after trading a 111.90-109.50 range.</p>
<p>The COMEX May/July backwardation ended little changed around 3.20 cents a pound, while the LME cash-to-three month spread firmed to $73.00 a tonne from last week's lows below $50.00.</p>
<p>But steady U.S. economic growth, Japanese buying for preferential tariff purchases, and the potential for Chinese buying are keeping the market firm, analysts said.</p>
<p>But Far East metals traders were bearish Monday about China's short term role in the world copper market, even though an offical of the China Nonferrous Metals Import and Export Corp (CNIEC) said no directives had been issued to suspend copper imports.</p>
<p>-email: clive.mckeef @ reuters. com</p>
<p>((Clive McKeef, New York Commodities Desk, +1-212-859-1641))</p>
</text>
<copyright>(c) Reuters Limited 1997</copyright>
<metadata>
<codes class="bip:countries:1.0">
  <code code="USA">
    <editdetail attribution="Reuters BIP Coding Group" action="confirmed" date="1997-03-17"/>
  </code>
</codes>
<codes class="bip:topics:1.0">
  <code code="M14">
    <editdetail attribution="Reuters BIP Coding Group" action="confirmed" date="1997-03-17"/>
  </code>
  <code code="M142">
    <editdetail attribution="Reuters BIP Coding Group" action="confirmed" date="1997-03-17"/>
  </code>
  <code code="MCAT">
    <editdetail attribution="Reuters BIP Coding Group" action="confirmed" date="1997-03-17"/>
  </code>
</codes>
<dc element="dc.date.created" value="1997-03-17"/>
<dc element="dc.publisher" value="Reuters Holdings Plc"/>
<dc element="dc.date.published" value="1997-03-17"/>
<dc element="dc.source" value="Reuters"/>
<dc element="dc.creator.location" value="NEW YORK"/>
<dc element="dc.creator.location.country.name" value="USA"/>
<dc element="dc.source" value="Reuters"/>
</metadata>
</newsitem>
