<?xml version="1.0" encoding="iso-8859-1" ?>
<newsitem itemid="446018" id="root" date="1997-03-17" xml:lang="en">
<title>USA: Blonder Tongue Laboratories Q4 net up.</title>
<headline>Blonder Tongue Laboratories Q4 net up.</headline>
<dateline>OLD BRIDGE, N.J. 1997-03-17</dateline>
<text>
<p>1996			1995</p>
<p> Shr			  $0.15		    $0.14</p>
<p> Net			  1,233			841</p>
<p> Net sales		 12,443		   13,396</p>
<p> Avg shrs		   8,305		    6,314</p>
<p>				 Year</p>
<p> Shr			  $0.47		    $0.64</p>
<p> Net			  3,883		    3,850</p>
<p> Net sales		 48,862		   51,982</p>
<p> Avg shrs		   8,300		    6,054</p>
<p>(All data above 000s except per share numbers)</p>
<p>NOTE: Full name of company is Blonder Tongue Laboratories Inc.</p>
<p>1995 results are presented on a pro forma basis.</p>
</text>
<copyright>(c) Reuters Limited 1997</copyright>
<metadata>
<codes class="bip:countries:1.0">
  <code code="USA">
    <editdetail attribution="Reuters BIP Coding Group" action="confirmed" date="1997-03-17"/>
  </code>
</codes>
<codes class="bip:industries:1.0">
  <code code="I33030">
    <editdetail attribution="Reuters BIP Coding Group" action="confirmed" date="1997-03-17"/>
  </code>
</codes>
<codes class="bip:topics:1.0">
  <code code="C15">
    <editdetail attribution="Reuters BIP Coding Group" action="confirmed" date="1997-03-17"/>
  </code>
  <code code="C151">
    <editdetail attribution="Reuters BIP Coding Group" action="confirmed" date="1997-03-17"/>
  </code>
  <code code="C1511">
    <editdetail attribution="Reuters BIP Coding Group" action="confirmed" date="1997-03-17"/>
  </code>
  <code code="CCAT">
    <editdetail attribution="Reuters BIP Coding Group" action="confirmed" date="1997-03-17"/>
  </code>
</codes>
<dc element="dc.date.created" value="1997-03-17"/>
<dc element="dc.publisher" value="Reuters Holdings Plc"/>
<dc element="dc.date.published" value="1997-03-17"/>
<dc element="dc.source" value="Reuters"/>
<dc element="dc.creator.location" value="OLD BRIDGE, N.J."/>
<dc element="dc.creator.location.country.name" value="USA"/>
<dc element="dc.source" value="Reuters"/>
</metadata>
</newsitem>
