<?xml version="1.0" encoding="iso-8859-1" ?>
<newsitem itemid="446025" id="root" date="1997-03-17" xml:lang="en">
<title>USA: GoodMark says '97 earnings to lag 1996's.</title>
<headline>GoodMark says '97 earnings to lag 1996's.</headline>
<dateline>RALEIGH, N.C. 1997-03-17</dateline>
<text>
<p>GoodMark Foods Inc said Monday that, given its third quarter experience, in which sales lagged the same-period last year, it believed its earnings in fiscal 1997 would be &quot;well below&quot; 1996's $0.83 a share.</p>
<p>GoodMark Foods also announced it approved the divestiture of its Jesse Jones packaged meats business. The decision, said the company, was based on resource reallocation and the strategic goal of focusing capital investment and human resources on the company's core snack food businesses. Hill Thompson Capital Markets Inc has been retained to find a buyer for the packaged meats business.</p>
<p>The company said the financial impact of the decision cannot be determined at this time.</p>
<p>In addition, the Board of Directors has authorized the repurchase of up to 500,000 shares of the Company's common stock from time to time in open market transactions during the 1997 and 1998 fiscal years. The Company currently has approximately 7.9 million shares outstanding.</p>
</text>
<copyright>(c) Reuters Limited 1997</copyright>
<metadata>
<codes class="bip:countries:1.0">
  <code code="USA">
    <editdetail attribution="Reuters BIP Coding Group" action="confirmed" date="1997-03-17"/>
  </code>
</codes>
<codes class="bip:industries:1.0">
  <code code="I41000">
    <editdetail attribution="Reuters BIP Coding Group" action="confirmed" date="1997-03-17"/>
  </code>
</codes>
<codes class="bip:topics:1.0">
  <code code="C15">
    <editdetail attribution="Reuters BIP Coding Group" action="confirmed" date="1997-03-17"/>
  </code>
  <code code="C152">
    <editdetail attribution="Reuters BIP Coding Group" action="confirmed" date="1997-03-17"/>
  </code>
  <code code="CCAT">
    <editdetail attribution="Reuters BIP Coding Group" action="confirmed" date="1997-03-17"/>
  </code>
</codes>
<dc element="dc.date.created" value="1997-03-17"/>
<dc element="dc.publisher" value="Reuters Holdings Plc"/>
<dc element="dc.date.published" value="1997-03-17"/>
<dc element="dc.source" value="Reuters"/>
<dc element="dc.creator.location" value="RALEIGH, N.C."/>
<dc element="dc.creator.location.country.name" value="USA"/>
<dc element="dc.source" value="Reuters"/>
</metadata>
</newsitem>
