<?xml version="1.0" encoding="iso-8859-1" ?>
<newsitem itemid="446063" id="root" date="1997-03-17" xml:lang="en">
<title>USA: Air &amp; Water in wastewater treatment deal.</title>
<headline>Air &amp; Water in wastewater treatment deal.</headline>
<dateline>BRANCHBURG, N.J. 1997-03-17</dateline>
<text>
<p>Air &amp; Water Technologies Corp Monday said Professional Services Group and Metcalf &amp; Eddy, two of its subsidiaries, are parties to the a major U.S. public-private partnership for municipal water/wastewater treatment.</p>
<p>The $400 million transaction involves a $48 million payment to the city of Cranston, R.I., by Poseidon Resources, the lessee of the facility, which will be used to retire debt and to generate cash for the city's sewer enterprise fund.</p>
<p>Professional Services Group will provide operation, maintenance and management services for the entire treatment system. The value of the contract is about $5.7 million per year over the 25-year contract term.</p>
<p>Metcalf &amp; Eddy will provide design and building services for capital improvements and a treatment facility upgrade.  The value of this contract is about $15 million.</p>
</text>
<copyright>(c) Reuters Limited 1997</copyright>
<metadata>
<codes class="bip:countries:1.0">
  <code code="USA">
    <editdetail attribution="Reuters BIP Coding Group" action="confirmed" date="1997-03-17"/>
  </code>
</codes>
<codes class="bip:industries:1.0">
  <code code="I17000">
    <editdetail attribution="Reuters BIP Coding Group" action="confirmed" date="1997-03-17"/>
  </code>
</codes>
<codes class="bip:topics:1.0">
  <code code="C11">
    <editdetail attribution="Reuters BIP Coding Group" action="confirmed" date="1997-03-17"/>
  </code>
  <code code="C33">
    <editdetail attribution="Reuters BIP Coding Group" action="confirmed" date="1997-03-17"/>
  </code>
  <code code="CCAT">
    <editdetail attribution="Reuters BIP Coding Group" action="confirmed" date="1997-03-17"/>
  </code>
</codes>
<dc element="dc.date.created" value="1997-03-17"/>
<dc element="dc.publisher" value="Reuters Holdings Plc"/>
<dc element="dc.date.published" value="1997-03-17"/>
<dc element="dc.source" value="Reuters"/>
<dc element="dc.creator.location" value="BRANCHBURG, N.J."/>
<dc element="dc.creator.location.country.name" value="USA"/>
<dc element="dc.source" value="Reuters"/>
</metadata>
</newsitem>
