<?xml version="1.0" encoding="iso-8859-1" ?>
<newsitem itemid="446090" id="root" date="1997-03-17" xml:lang="en">
<title>USA: US OPTIONS FOCUS/Good earnings expected at Micron.</title>
<headline>US OPTIONS FOCUS/Good earnings expected at Micron.</headline>
<dateline>CHICAGO 1997-03-17</dateline>
<text>
<p>Investors were buying Micron Technology Inc call options ahead of the company's quarterly earnings, expecting a solid profit report, traders said Monday.</p>
<p>&quot;We have a lot of speculation on the upside. There are a lot of call buyers,&quot; one trader at the Pacific Exchange said, referring to Micron options.</p>
<p>&quot;They're buying a lot of the March 45s, March 50s, April 45s and April 50s, which are trading a lot higher than they have been in a while,&quot; he said.  </p>
<p>&quot;So it looks like people are thinking (earnings) are going to be better&quot; than expected.</p>
<p>Micron is scheduled to report after the close of trading Monday. The stock was down 1-3/4 at 43-1/2 in late trading on heavy turnover of 11.5 million shares.</p>
<p>Traders said Micron held up well in the face of a sharp market selloff that had reversed course by late trading. The stock reached a session low of 42-5/8.</p>
<p>Jon Najarian, president of Mercury Trading, the designated primary market maker for Micron options at the CBOE, said investors were snapping up the 45 calls.  </p>
<p>&quot;They're all playing to buy the 45 calls,&quot; Najarian said. &quot;There's minor interest in the puts from a few people who are just playing for a downside number.&quot;</p>
<p>Traders said estimates for Micron's quarterly earnings ranged from about $0.05 a share to $0.28, with a mean around $0.15 per share.</p>
<p>&quot;The 'whisper' we're hearing is $0.16 (a share),&quot; Najarian said, referring to the figure that traders expect.</p>
<p>He said some large funds expect the stock to rally through 47 a share Tuesday if the earnings top $0.16 a share.  </p>
<p>If the earnings are light, the stock could drop to support around 37-1/2, he said.</p>
<p>&quot;They're saying there's slightly less upside than downside right now because it's had such a strong run,&quot; Najarian said.</p>
<p>Traders said volatilities in Micron options had risen sharply over the last few trading sessions ahead of the earnings and popped further Monday</p>
<p>Najarian said volatility on the March 45 calls, which traded a total of about 8,870 contracts, reached near 90 percent Monday, up from the low 60-percent region late last week.  </p>
<p>He said unless the earnings are well below estimates and the stock falls 10 or more points Tuesday, the volatility is likely to come in sharply Tuesday, even if the stock declines.</p>
<p>((--Gregory Crawford, 312 408 8750))</p>
<p>((E-mail: derivatives@reuters.com))</p>
</text>
<copyright>(c) Reuters Limited 1997</copyright>
<metadata>
<codes class="bip:countries:1.0">
  <code code="USA">
    <editdetail attribution="Reuters BIP Coding Group" action="confirmed" date="1997-03-17"/>
  </code>
</codes>
<codes class="bip:industries:1.0">
  <code code="I34531">
    <editdetail attribution="Reuters BIP Coding Group" action="confirmed" date="1997-03-17"/>
  </code>
</codes>
<codes class="bip:topics:1.0">
  <code code="C15">
    <editdetail attribution="Reuters BIP Coding Group" action="confirmed" date="1997-03-17"/>
  </code>
  <code code="C152">
    <editdetail attribution="Reuters BIP Coding Group" action="confirmed" date="1997-03-17"/>
  </code>
  <code code="CCAT">
    <editdetail attribution="Reuters BIP Coding Group" action="confirmed" date="1997-03-17"/>
  </code>
</codes>
<dc element="dc.date.created" value="1997-03-17"/>
<dc element="dc.publisher" value="Reuters Holdings Plc"/>
<dc element="dc.date.published" value="1997-03-17"/>
<dc element="dc.source" value="Reuters"/>
<dc element="dc.creator.location" value="CHICAGO"/>
<dc element="dc.creator.location.country.name" value="USA"/>
<dc element="dc.source" value="Reuters"/>
</metadata>
</newsitem>
