<?xml version="1.0" encoding="iso-8859-1" ?>
<newsitem itemid="446001" id="root" date="1997-03-17" xml:lang="en">
<title>USA: Mexico drugs debate in Senate expected this week.</title>
<headline>Mexico drugs debate in Senate expected this week.</headline>
<dateline>WASHINGTON 1997-03-17</dateline>
<text>
<p>Senate Republican leader Trent Lott said on Monday he expected the Senate would debate this week a resolution on Mexican cooperation in the anti-drug war.</p>
<p>The House of Representatives last week voted to give Mexico 90 days to improve its performance or face &quot;decertification&quot; as a reliable ally in the fight against drugs. The Clinton administration strongly opposed the House measure, which is harshly critical of its own anti-drug policies.</p>
<p>Administration officials were due to meet a bipartisan Senate group on Monday evening to discuss a possible compromise to enable Congress to express its dissatisfaction with Mexico while not provoking a crisis that could harm relations between the two countries.</p>
<p>&quot;There's a bipartisan effort under way to see what can be agreed to that would make our feelings very clear that we are dissatisfied with the degree of cooperation and the results that we're getting from the so-called war on drugs,&quot; Lott said.</p>
<p>He added: &quot;At the same time I think there is a feeling that we don't want to cut off the continuing law enforcement effort and communications ... that might worsen the situation.&quot;</p>
<p>Lott said he expected to bring up the issue on the Senate floor on Wednesday or Thursday. He said he assumed a Senate resolution would differ from the House version but would have to be stronger than an alternative proposed by Texas Republican Sen Kay Bailey Hutchison that would merely express congressional views on Mexico's anti-drug performance without the force of law.</p>
</text>
<copyright>(c) Reuters Limited 1997</copyright>
<metadata>
<codes class="bip:countries:1.0">
  <code code="MEX">
    <editdetail attribution="Reuters BIP Coding Group" action="confirmed" date="1997-03-17"/>
  </code>
  <code code="USA">
    <editdetail attribution="Reuters BIP Coding Group" action="confirmed" date="1997-03-17"/>
  </code>
</codes>
<codes class="bip:topics:1.0">
  <code code="GCAT">
    <editdetail attribution="Reuters BIP Coding Group" action="confirmed" date="1997-03-17"/>
  </code>
  <code code="GCRIM">
    <editdetail attribution="Reuters BIP Coding Group" action="confirmed" date="1997-03-17"/>
  </code>
  <code code="GDIP">
    <editdetail attribution="Reuters BIP Coding Group" action="confirmed" date="1997-03-17"/>
  </code>
</codes>
<dc element="dc.date.created" value="1997-03-17"/>
<dc element="dc.publisher" value="Reuters Holdings Plc"/>
<dc element="dc.date.published" value="1997-03-17"/>
<dc element="dc.source" value="Reuters"/>
<dc element="dc.creator.location" value="WASHINGTON"/>
<dc element="dc.creator.location.country.name" value="USA"/>
<dc element="dc.source" value="Reuters"/>
</metadata>
</newsitem>
