<?xml version="1.0" encoding="iso-8859-1" ?>
<newsitem itemid="446057" id="root" date="1997-03-17" xml:lang="en">
<title>USA: Van Kampen N.J. Value Muni Jan 31 net.</title>
<headline>Van Kampen N.J. Value Muni Jan 31 net.</headline>
<dateline>OAKBROOK TERRACE, Ill. 1997-03-17</dateline>
<text>
<p>1997			1996</p>
<p> Shr			$ 0.189		   $0.180</p>
<p> Net			    700			700</p>
<p>	 (All Data Above 000s Except Per Share Numbers)</p>
<p>NOTE: Share results reflect payment of preferred dividends. Full name is Van Kampen American Capital New Jersey Value Municipal Income Trust.</p>
<p>		((Reuters Chicago Newsdesk (312) 408-8787))</p>
</text>
<copyright>(c) Reuters Limited 1997</copyright>
<metadata>
<codes class="bip:countries:1.0">
  <code code="USA">
    <editdetail attribution="Reuters BIP Coding Group" action="confirmed" date="1997-03-17"/>
  </code>
</codes>
<codes class="bip:industries:1.0">
  <code code="I81502">
    <editdetail attribution="Reuters BIP Coding Group" action="confirmed" date="1997-03-17"/>
  </code>
  <code code="I8150206">
    <editdetail attribution="Reuters BIP Coding Group" action="confirmed" date="1997-03-17"/>
  </code>
</codes>
<codes class="bip:topics:1.0">
  <code code="C15">
    <editdetail attribution="Reuters BIP Coding Group" action="confirmed" date="1997-03-17"/>
  </code>
  <code code="C151">
    <editdetail attribution="Reuters BIP Coding Group" action="confirmed" date="1997-03-17"/>
  </code>
  <code code="CCAT">
    <editdetail attribution="Reuters BIP Coding Group" action="confirmed" date="1997-03-17"/>
  </code>
</codes>
<dc element="dc.date.created" value="1997-03-17"/>
<dc element="dc.publisher" value="Reuters Holdings Plc"/>
<dc element="dc.date.published" value="1997-03-17"/>
<dc element="dc.source" value="Reuters"/>
<dc element="dc.creator.location" value="OAKBROOK TERRACE, Ill."/>
<dc element="dc.creator.location.country.name" value="USA"/>
<dc element="dc.source" value="Reuters"/>
</metadata>
</newsitem>
