<?xml version="1.0" encoding="iso-8859-1" ?>
<newsitem itemid="446055" id="root" date="1997-03-17" xml:lang="en">
<title>USA: Texaco sued in new discrimination suit.</title>
<headline>Texaco sued in new discrimination suit.</headline>
<dateline>NEW YORK 1997-03-17</dateline>
<text>
<p>A would-be employee sued Texaco Inc on Monday, alleging that the company discriminated against minorities by refusing to hire them.</p>
<p>The suit was filed in Manhattan federal court by Madan Gautan, who is black. The suit seeks class action status.</p>
<p>The case is separate from the widely-publicized 1994 suit brought by a group of black employees who alleged discrimination in pay and promotions. Texaco has proposed a $176.1 million settlement of that suit and a fairness hearing on the accord is set for Tuesday in White Plains federal court.  </p>
<p>In the suit filed Monday, the plaintiff alleged that he applied for positions at Texaco, including engineeer, several times over a number of years, most recently, in May and December 1996 and January 1997.</p>
<p>He said that he is an experienced engineer with a bachelor's degree from a foreign university, a masters degree from the Polytechnic Institute of Brooklyn and credits from the Columbia University Graduate School of Business Administration.</p>
<p>He said that Texaco did not hire him in response to his application because &quot;he is a person of color.&quot;  </p>
<p>The suit said it is being brought by people who applied for jobs at Texaco between March 17, 1993, and the present but were rejected because of their race. Members of the potential class could number in the thousands, the suit said.</p>
<p>It alleges that Texaco &quot;has and had&quot; hiring practices based on subjective rather than objective job-related criteria that are not uniformly applied to across races.</p>
</text>
<copyright>(c) Reuters Limited 1997</copyright>
<metadata>
<codes class="bip:countries:1.0">
  <code code="USA">
    <editdetail attribution="Reuters BIP Coding Group" action="confirmed" date="1997-03-17"/>
  </code>
</codes>
<codes class="bip:industries:1.0">
  <code code="I13000">
    <editdetail attribution="Reuters BIP Coding Group" action="confirmed" date="1997-03-17"/>
  </code>
  <code code="I1300003">
    <editdetail attribution="Reuters BIP Coding Group" action="confirmed" date="1997-03-17"/>
  </code>
</codes>
<codes class="bip:topics:1.0">
  <code code="C12">
    <editdetail attribution="Reuters BIP Coding Group" action="confirmed" date="1997-03-17"/>
  </code>
  <code code="C42">
    <editdetail attribution="Reuters BIP Coding Group" action="confirmed" date="1997-03-17"/>
  </code>
  <code code="CCAT">
    <editdetail attribution="Reuters BIP Coding Group" action="confirmed" date="1997-03-17"/>
  </code>
  <code code="E41">
    <editdetail attribution="Reuters BIP Coding Group" action="confirmed" date="1997-03-17"/>
  </code>
  <code code="ECAT">
    <editdetail attribution="Reuters BIP Coding Group" action="confirmed" date="1997-03-17"/>
  </code>
  <code code="GCAT">
    <editdetail attribution="Reuters BIP Coding Group" action="confirmed" date="1997-03-17"/>
  </code>
  <code code="GCRIM">
    <editdetail attribution="Reuters BIP Coding Group" action="confirmed" date="1997-03-17"/>
  </code>
  <code code="GJOB">
    <editdetail attribution="Reuters BIP Coding Group" action="confirmed" date="1997-03-17"/>
  </code>
</codes>
<dc element="dc.date.created" value="1997-03-17"/>
<dc element="dc.publisher" value="Reuters Holdings Plc"/>
<dc element="dc.date.published" value="1997-03-17"/>
<dc element="dc.source" value="Reuters"/>
<dc element="dc.creator.location" value="NEW YORK"/>
<dc element="dc.creator.location.country.name" value="USA"/>
<dc element="dc.source" value="Reuters"/>
</metadata>
</newsitem>
