<?xml version="1.0" encoding="iso-8859-1" ?>
<newsitem itemid="446032" id="root" date="1997-03-17" xml:lang="en">
<title>USA: Aloette Cosmetics Inc Q4 net decreases.</title>
<headline>Aloette Cosmetics Inc Q4 net decreases.</headline>
<dateline>WEST CHESTER, Pa. 1997-03-17</dateline>
<text>
<p>1996			1995</p>
<p> Shr	 profit	 $0.12   profit	 $0.29</p>
<p> Net	 profit	   260   profit	   625</p>
<p> Revs			 2,927		    3,320</p>
<p> Avg shrs		   2,157		    2,157</p>
<p>		 year</p>
<p> Shr	 profit	 $0.43     loss	 $1.91</p>
<p> Net	 profit	   920     loss	 4,126</p>
<p> Revs			11,621		   13,264</p>
<p> Avg shrs		   2,157		    2,157</p>
<p>(All data above 000s except per share numbers)</p>
<p>NOTE - Net income for fiscal year 1996 included a non-recurring charge from the sale of the manufacturing assets and the losses incurred by the manufacturing operations prior to the sale of its assets in June 1995. The company was not available to comment on the figures for these non-recurring charges.</p>
<p>Net income for the fiscal year and the fourth quarter of 1995 included a tax benefit of $500,000 attributable to deferred tax benefits.</p>
</text>
<copyright>(c) Reuters Limited 1997</copyright>
<metadata>
<codes class="bip:countries:1.0">
  <code code="USA">
    <editdetail attribution="Reuters BIP Coding Group" action="confirmed" date="1997-03-17"/>
  </code>
</codes>
<codes class="bip:industries:1.0">
  <code code="I25800">
    <editdetail attribution="Reuters BIP Coding Group" action="confirmed" date="1997-03-17"/>
  </code>
</codes>
<codes class="bip:topics:1.0">
  <code code="C15">
    <editdetail attribution="Reuters BIP Coding Group" action="confirmed" date="1997-03-17"/>
  </code>
  <code code="C151">
    <editdetail attribution="Reuters BIP Coding Group" action="confirmed" date="1997-03-17"/>
  </code>
  <code code="C1511">
    <editdetail attribution="Reuters BIP Coding Group" action="confirmed" date="1997-03-17"/>
  </code>
  <code code="CCAT">
    <editdetail attribution="Reuters BIP Coding Group" action="confirmed" date="1997-03-17"/>
  </code>
</codes>
<dc element="dc.date.created" value="1997-03-17"/>
<dc element="dc.publisher" value="Reuters Holdings Plc"/>
<dc element="dc.date.published" value="1997-03-17"/>
<dc element="dc.source" value="Reuters"/>
<dc element="dc.creator.location" value="WEST CHESTER, Pa."/>
<dc element="dc.creator.location.country.name" value="USA"/>
<dc element="dc.source" value="Reuters"/>
</metadata>
</newsitem>
