<?xml version="1.0" encoding="iso-8859-1" ?>
<newsitem itemid="446079" id="root" date="1997-03-17" xml:lang="en">
<title>USA: Skyline Corp Q3 Feb 28 net off.</title>
<headline>Skyline Corp Q3 Feb 28 net off.</headline>
<dateline>ELKHART, Ind. 1997-03-17</dateline>
<text>
<p>1996			1995</p>
<p> Shr			 $ 0.18		    $0.30</p>
<p> Net			  1,817		    3,134</p>
<p> Revs		     117,995		  138,562</p>
<p> Avg shrs		   9,934		   10,613</p>
<p>	 (All Data Above 000s Except Per Share Numbers)</p>
<p>NOTE: Prior period ended February 29.  </p>
<p>		     9 MONTHS</p>
<p> Shr			  $1.44		   $ 1.25</p>
<p> Net			 14,623		   13,492</p>
<p> Revs		     453,909		  474,886</p>
<p> Avg shrs		  10,186		   10,757</p>
<p>	 (All Data Above 000s Except Per Share Numbers)</p>
<p>NOTE: 1997 nine-month results include gain on sale of idle facility of $577,000 or $0.06/shr.</p>
<p>((Reuters Chicago Newsdesk (312) 408-8787))</p>
</text>
<copyright>(c) Reuters Limited 1997</copyright>
<metadata>
<codes class="bip:countries:1.0">
  <code code="USA">
    <editdetail attribution="Reuters BIP Coding Group" action="confirmed" date="1997-03-17"/>
  </code>
</codes>
<codes class="bip:industries:1.0">
  <code code="I35101">
    <editdetail attribution="Reuters BIP Coding Group" action="confirmed" date="1997-03-17"/>
  </code>
</codes>
<codes class="bip:topics:1.0">
  <code code="C15">
    <editdetail attribution="Reuters BIP Coding Group" action="confirmed" date="1997-03-17"/>
  </code>
  <code code="C151">
    <editdetail attribution="Reuters BIP Coding Group" action="confirmed" date="1997-03-17"/>
  </code>
  <code code="CCAT">
    <editdetail attribution="Reuters BIP Coding Group" action="confirmed" date="1997-03-17"/>
  </code>
</codes>
<dc element="dc.date.created" value="1997-03-17"/>
<dc element="dc.publisher" value="Reuters Holdings Plc"/>
<dc element="dc.date.published" value="1997-03-17"/>
<dc element="dc.source" value="Reuters"/>
<dc element="dc.creator.location" value="ELKHART, Ind."/>
<dc element="dc.creator.location.country.name" value="USA"/>
<dc element="dc.source" value="Reuters"/>
</metadata>
</newsitem>
