<?xml version="1.0" encoding="iso-8859-1" ?>
<newsitem itemid="446007" id="root" date="1997-03-17" xml:lang="en">
<title>USA: Esquire Communications Q4 shr loss $0.12.</title>
<headline>Esquire Communications Q4 shr loss $0.12.</headline>
<dateline>NEW YORK 1997-03-17</dateline>
<text>
<p>ESQUIRE COMMUNICATIONS LTD.</p>
<p>	   (in Thousands Except Per Share Data) Unaudited</p>
<p>		  For the Three Months Ended  For the Years Ended</p>
<p>			    Dec 31,   Dec 31,     Dec 31,   Dec 31,</p>
<p>				 1996     1995	  1996	1995</p>
<p> Revenues		  $7,192    $5,308     $24,583   $20,692</p>
<p>(Loss) income before</p>
<p>  extraordinary loss    (243)	  43	 (309)	 279</p>
<p>Extraordinary loss</p>
<p> (net of tax benefit)   (157)	  --	 (157)	  --</p>
<p>Net (loss) income applicable</p>
<p> common stockholders   ( 475)	  43	( 541)	 279</p>
<p>Per common share:</p>
<p>(Loss) income before</p>
<p>  extraordinary loss  ( 0.08)	0.01     ( 0.09)	0.07</p>
<p> Extraordinary loss    (0.04)	  --	(0.04)	  --</p>
<p> Net (loss) income    ( 0.12)	0.01     ( 0.13)	0.07</p>
<p>Weighted average common</p>
<p>shrs outstanding 4,038,732  4,126,823  4,104,680  4,125,348</p>
<p>((-- New York Newsdesk 212 859-1700))</p>
</text>
<copyright>(c) Reuters Limited 1997</copyright>
<metadata>
<codes class="bip:countries:1.0">
  <code code="USA">
    <editdetail attribution="Reuters BIP Coding Group" action="confirmed" date="1997-03-17"/>
  </code>
</codes>
<codes class="bip:industries:1.0">
  <code code="I34400">
    <editdetail attribution="Reuters BIP Coding Group" action="confirmed" date="1997-03-17"/>
  </code>
</codes>
<codes class="bip:topics:1.0">
  <code code="C15">
    <editdetail attribution="Reuters BIP Coding Group" action="confirmed" date="1997-03-17"/>
  </code>
  <code code="C151">
    <editdetail attribution="Reuters BIP Coding Group" action="confirmed" date="1997-03-17"/>
  </code>
  <code code="C1511">
    <editdetail attribution="Reuters BIP Coding Group" action="confirmed" date="1997-03-17"/>
  </code>
  <code code="CCAT">
    <editdetail attribution="Reuters BIP Coding Group" action="confirmed" date="1997-03-17"/>
  </code>
</codes>
<dc element="dc.date.created" value="1997-03-17"/>
<dc element="dc.publisher" value="Reuters Holdings Plc"/>
<dc element="dc.date.published" value="1997-03-17"/>
<dc element="dc.source" value="Reuters"/>
<dc element="dc.creator.location" value="NEW YORK"/>
<dc element="dc.creator.location.country.name" value="USA"/>
<dc element="dc.source" value="Reuters"/>
</metadata>
</newsitem>
