<?xml version="1.0" encoding="iso-8859-1" ?>
<newsitem itemid="446061" id="root" date="1997-03-17" xml:lang="en">
<title>USA: U.S. stock index futures rebound late, end mixed.</title>
<headline>U.S. stock index futures rebound late, end mixed.</headline>
<dateline>CHICAGO 1997-03-17</dateline>
<text>
<p>A strong rebound hoisted U.S. stock index futures to day's peaks and left them mixed.</p>
<p>The key June Standard &amp; Poor's 500 futures contract snapped back from a hefty morning loss to a small daily gain during a spurt of busy afternoon buying and shortcovering.</p>
<p>Traders said the recovery, paced by dealer and bank buying that some said looked like new purchases, tugged S&amp;Ps above resistance and triggered buystops, notably near 802.00 and again as the contract cleared last Friday's high at 805.30.</p>
<p>&quot;We had good dealer buying....buy stops...then everybody and their brother came in and bought,&quot; said one floor broker.  </p>
<p>They traced recovery in stock index futures to a similar bounce back in June U.S. Treasury bond futures, which recouped most of the morning's losses and hit Monday's pit-session peak at 108-24/32 during the final minutes of trade.</p>
<p>The snap back up in T-bond futures occurred on good volume as well, with dealers seen as size buyers after the June T-bond futures touched and respected the 108-07/32 - 06/32 area, roughly the key seven-percent cash yield equivalent.</p>
<p>The return higher in stocks also attracted arbitrage buy programs, as the premium widened past fair value of about 7.70 points over cash for June futures, brokers said.  </p>
<p>Earlier in the session, stock index futures had slumped in tandem with erosion in T-bond futures, and June S&amp;Ps skidded below key support at 796.50-20 and 794.70 and to a loss of some 13.00 points despite their extremely oversold condition.</p>
<p>Arbitrage sell programs were apparent on the decline as the premium over cash collapsed, brokers said.</p>
<p>But the contract managed to halt its decline above trendline support at 789.00, which encouraged shortcovering.</p>
<p>Some brokers tied early losses to a New York Times article that said Warren Buffett in his annual Berkshire Hathaway shareholders letter said most U.S. stocks were overvalued.  </p>
<p>June Nikkei futures briefly probed above resistance at 18,000 but backed down and ended slightly below there</p>
<p>Nikkei futures firmed early in response to Japan's higher year-on-year customs-cleared trade surplus, which grew 6.5 percent in February, the first rise in two years.</p>
<p>June S&amp;P 500s rose 1.40 pts to 804.40, Value Lines dipped 1.95 to 721.25, Nikkei rose 40.0 to 18,040.0, Midcap 400s lost 3.80 to 265.00, NYSE composite firmed 0.40 to 422.80, Russell 2000 lost 4.40 to 360.0, and Nasdaq 100 fell 4.75 to 846.00.</p>
<p>((DerivativesDesk(312)408-8750/E-mail:derivatives@reuters.com))</p>
</text>
<copyright>(c) Reuters Limited 1997</copyright>
<metadata>
<codes class="bip:countries:1.0">
  <code code="USA">
    <editdetail attribution="Reuters BIP Coding Group" action="confirmed" date="1997-03-17"/>
  </code>
</codes>
<codes class="bip:topics:1.0">
  <code code="M11">
    <editdetail attribution="Reuters BIP Coding Group" action="confirmed" date="1997-03-17"/>
  </code>
  <code code="MCAT">
    <editdetail attribution="Reuters BIP Coding Group" action="confirmed" date="1997-03-17"/>
  </code>
</codes>
<dc element="dc.date.created" value="1997-03-17"/>
<dc element="dc.publisher" value="Reuters Holdings Plc"/>
<dc element="dc.date.published" value="1997-03-17"/>
<dc element="dc.source" value="Reuters"/>
<dc element="dc.creator.location" value="CHICAGO"/>
<dc element="dc.creator.location.country.name" value="USA"/>
<dc element="dc.source" value="Reuters"/>
</metadata>
</newsitem>
