<?xml version="1.0" encoding="iso-8859-1" ?>
<newsitem itemid="446020" id="root" date="1997-03-17" xml:lang="en">
<title>USA: Pope Resources sets cash distribution.</title>
<headline>Pope Resources sets cash distribution.</headline>
<dateline>POULSBO, Wash. 1997-03-17</dateline>
<text>
<p>Pope Resources LP on Monday announced a cash distribution of $0.70 per unit, payable on April 15, to unitholders of record on March 31.</p>
<p>&quot;This is the first of four quarterly cash distributions that the company plans to make in 1997,&quot; president and chief executive officer Gary Tucker said in a statement.</p>
<p>Tucker said the remaining three distributions will follow in June, September and December and that the distributions are aimed at assisting unitholders in meeting their federal and state income tax liability attributable to the company's flow-through income.</p>
<p>Quarterly distributions will vary in amount as they will track with current quarterly earnings expectations, the company said.</p>
<p>Pope Resources owns 76,000 acres of timberland and development property in the Puget Sound area of Washington state.</p>
</text>
<copyright>(c) Reuters Limited 1997</copyright>
<metadata>
<codes class="bip:countries:1.0">
  <code code="USA">
    <editdetail attribution="Reuters BIP Coding Group" action="confirmed" date="1997-03-17"/>
  </code>
</codes>
<codes class="bip:industries:1.0">
  <code code="I02000">
    <editdetail attribution="Reuters BIP Coding Group" action="confirmed" date="1997-03-17"/>
  </code>
</codes>
<codes class="bip:topics:1.0">
  <code code="C15">
    <editdetail attribution="Reuters BIP Coding Group" action="confirmed" date="1997-03-17"/>
  </code>
  <code code="C151">
    <editdetail attribution="Reuters BIP Coding Group" action="confirmed" date="1997-03-17"/>
  </code>
  <code code="CCAT">
    <editdetail attribution="Reuters BIP Coding Group" action="confirmed" date="1997-03-17"/>
  </code>
</codes>
<dc element="dc.date.created" value="1997-03-17"/>
<dc element="dc.publisher" value="Reuters Holdings Plc"/>
<dc element="dc.date.published" value="1997-03-17"/>
<dc element="dc.source" value="Reuters"/>
<dc element="dc.creator.location" value="POULSBO, Wash."/>
<dc element="dc.creator.location.country.name" value="USA"/>
<dc element="dc.source" value="Reuters"/>
</metadata>
</newsitem>
