<?xml version="1.0" encoding="iso-8859-1" ?>
<newsitem itemid="446045" id="root" date="1997-03-17" xml:lang="en">
<title>USA: Ahmanson disappointed by Great Western.</title>
<headline>Ahmanson disappointed by Great Western.</headline>
<dateline>LOS ANGELES 1997-03-17</dateline>
<text>
<p>H.F. Ahmanson and Co, which raised its offer for Great Western Financial Corp, said it was disappointed Great Western urged its stockholders not to sign a consent solicitation sent by Ahmanson.</p>
<p>&quot;Great Western stockholders have absolutely nothing to lose by voting in favor of our consent proposals,&quot; said Ahmanson.  </p>
<p>Meanwhile, a source near the Washington Mutual/Great Western transaction said Ahmanson's projections were overly-aggressive and that Ahmanson's proposed merger might face problems at the Office of Thrift Supervision.</p>
<p>&quot;The combined company's (Ahmanson/Great Western) tangible equity to assets ratio would be 3.85 at closing, which the Office of Thrift Supervision may find a problem,&quot; said the source.</p>
<p>An Ahmanson spokesman had no immediate comment. Washington Mutual is meeting with investors this week do discuss its bid, which it still believes is superior.  </p>
<p>Ahmanson said that any suggestions that it would face regulatory difficulties in a merger with Great Western were outrageous.</p>
<p>&quot;Ahmanson is well-capitalized by every recognized regulatory standard and combined with Great Western, we will remain well-capitalized,&quot; a spokesman said.</p>
</text>
<copyright>(c) Reuters Limited 1997</copyright>
<metadata>
<codes class="bip:countries:1.0">
  <code code="USA">
    <editdetail attribution="Reuters BIP Coding Group" action="confirmed" date="1997-03-17"/>
  </code>
</codes>
<codes class="bip:industries:1.0">
  <code code="I81501">
    <editdetail attribution="Reuters BIP Coding Group" action="confirmed" date="1997-03-17"/>
  </code>
  <code code="I8150103">
    <editdetail attribution="Reuters BIP Coding Group" action="confirmed" date="1997-03-17"/>
  </code>
</codes>
<codes class="bip:topics:1.0">
  <code code="C18">
    <editdetail attribution="Reuters BIP Coding Group" action="confirmed" date="1997-03-17"/>
  </code>
  <code code="C181">
    <editdetail attribution="Reuters BIP Coding Group" action="confirmed" date="1997-03-17"/>
  </code>
  <code code="CCAT">
    <editdetail attribution="Reuters BIP Coding Group" action="confirmed" date="1997-03-17"/>
  </code>
</codes>
<dc element="dc.date.created" value="1997-03-17"/>
<dc element="dc.publisher" value="Reuters Holdings Plc"/>
<dc element="dc.date.published" value="1997-03-17"/>
<dc element="dc.source" value="Reuters"/>
<dc element="dc.creator.location" value="LOS ANGELES"/>
<dc element="dc.creator.location.country.name" value="USA"/>
<dc element="dc.source" value="Reuters"/>
</metadata>
</newsitem>
