<?xml version="1.0" encoding="iso-8859-1" ?>
<newsitem itemid="446070" id="root" date="1997-03-17" xml:lang="en">
<title>USA: Nasdaq stocks close lower as Dow rises.</title>
<headline>Nasdaq stocks close lower as Dow rises.</headline>
<dateline>NEW YORK 1997-03-17</dateline>
<text>
<p>Nasdaq stocks lost about one percent, while the Dow Industrials rose.</p>
<p>The Nasdaq Composite Index slipped 13.54 points to an unofficial close of 1279.43. The Dow Industrials unoffically closed up 20.02 to 6955.48.</p>
<p>Leading the most actives was Intel Corp, which fell on concerns over rival competitive products. Intel was down 1-1/2 at 136-3/8 at the end of day.</p>
<p>Advanta Corp fell 8-1/2 to 31-7/8. On Monday, Advanta said it expected to post a loss of about $0.44 a share for the first quarter, due to increased delinquencies and charge-offs.</p>
<p>Declining issues beat advancing issues, 2685 to 1637. Total volume was 593 million.</p>
<p>The 30-year bond closed down five points to yield 6.96 percent.</p>
</text>
<copyright>(c) Reuters Limited 1997</copyright>
<metadata>
<codes class="bip:countries:1.0">
  <code code="USA">
    <editdetail attribution="Reuters BIP Coding Group" action="confirmed" date="1997-03-17"/>
  </code>
</codes>
<codes class="bip:topics:1.0">
  <code code="M11">
    <editdetail attribution="Reuters BIP Coding Group" action="confirmed" date="1997-03-17"/>
  </code>
  <code code="MCAT">
    <editdetail attribution="Reuters BIP Coding Group" action="confirmed" date="1997-03-17"/>
  </code>
</codes>
<dc element="dc.date.created" value="1997-03-17"/>
<dc element="dc.publisher" value="Reuters Holdings Plc"/>
<dc element="dc.date.published" value="1997-03-17"/>
<dc element="dc.source" value="Reuters"/>
<dc element="dc.creator.location" value="NEW YORK"/>
<dc element="dc.creator.location.country.name" value="USA"/>
<dc element="dc.source" value="Reuters"/>
</metadata>
</newsitem>
