<?xml version="1.0" encoding="iso-8859-1" ?>
<newsitem itemid="446031" id="root" date="1997-03-17" xml:lang="en">
<title>USA: Micron Technology Inc Q2 net declines.</title>
<headline>Micron Technology Inc Q2 net declines.</headline>
<dateline>BOISE, Idaho 1997-03-17</dateline>
<text>
<p>MICRON TECHNOLOGY, INC., CONSOLIDATED FINANCIAL SUMMARY</p>
<p>			(Amounts in millions except per share data)</p>
<p>				 QUARTER ENDED	   6 MONTHS ENDED</p>
<p>			   Feb. 27,   Feb. 29,   Feb. 27,  Feb. 29,</p>
<p>				 1997	 1996	 1997	1996</p>
<p> Net sales		   $ 876.2  $996.5    $1,604.3 $2,182.3</p>
<p>Costs and expenses:</p>
<p> Cost of goods sold	  657.5   552.1     1,230.3  1,090.2</p>
<p>Selling, general and</p>
<p>   administrative		94.9    75.4	 170.8   148.6</p>
<p> Research and development    46.8    48.0	  94.0    94.6</p>
<p> Restructuring charge	------    29.9	 -----    29.9</p>
<p> Total costs and expenses  799.2   705.4     1,495.1  1,363.3</p>
<p> Operating income		77.0   291.1	 109.2   819.0</p>
<p>Gain on sale of investments</p>
<p>and subsidiary stock, net</p>
<p>				    205.1     3.0	 214.3     3.5</p>
<p>Interest income</p>
<p>  (expense), net		(1.8)     4.4	 (3.9)    12.8</p>
<p>Income before income taxes</p>
<p>    and minority interests  280.3   298.5	 319.6   835.3</p>
<p> Income tax provision	 131.2   112.3	 146.8   316.9</p>
<p>Minority interests in</p>
<p>  net income (loss)	     6.4   (2.0)	   9.5     1.7</p>
<p> Net income		     142.7   188.2	 163.3   516.7</p>
<p>Earnings per share</p>
<p>    Primary			0.66    0.87	  0.76    2.39</p>
<p>    Fully diluted		0.66    0.87	  0.76    2.39</p>
<p>Number of shares used in</p>
<p>per share calculations</p>
<p>    Primary		     215.5   215.2	 215.0   216.4</p>
<p>    Fully diluted	     216.2   215.2	 215.6   216.4</p>
<p>Cash dividends</p>
<p>  declared per share	  -----    0.05	 -----    0.10</p>
<p>Note - Q297 includes gain of $0.43 per fully diluted shr from sale of subsidiary stock and a gain of $0.05 per fully diuluted shr from sale on another investment. Excluding the gains, Q297 oper shr was $0.18/shr.</p>
</text>
<copyright>(c) Reuters Limited 1997</copyright>
<metadata>
<codes class="bip:countries:1.0">
  <code code="USA">
    <editdetail attribution="Reuters BIP Coding Group" action="confirmed" date="1997-03-17"/>
  </code>
</codes>
<codes class="bip:industries:1.0">
  <code code="I34531">
    <editdetail attribution="Reuters BIP Coding Group" action="confirmed" date="1997-03-17"/>
  </code>
</codes>
<codes class="bip:topics:1.0">
  <code code="C15">
    <editdetail attribution="Reuters BIP Coding Group" action="confirmed" date="1997-03-17"/>
  </code>
  <code code="C151">
    <editdetail attribution="Reuters BIP Coding Group" action="confirmed" date="1997-03-17"/>
  </code>
  <code code="CCAT">
    <editdetail attribution="Reuters BIP Coding Group" action="confirmed" date="1997-03-17"/>
  </code>
</codes>
<dc element="dc.date.created" value="1997-03-17"/>
<dc element="dc.publisher" value="Reuters Holdings Plc"/>
<dc element="dc.date.published" value="1997-03-17"/>
<dc element="dc.source" value="Reuters"/>
<dc element="dc.creator.location" value="BOISE, Idaho"/>
<dc element="dc.creator.location.country.name" value="USA"/>
<dc element="dc.source" value="Reuters"/>
</metadata>
</newsitem>
