<?xml version="1.0" encoding="iso-8859-1" ?>
<newsitem itemid="446067" id="root" date="1997-03-17" xml:lang="en">
<title>USA: Universal Intl Feb same-store sales off.</title>
<headline>Universal Intl Feb same-store sales off.</headline>
<dateline>MINNEAPOLIS 1997-03-17</dateline>
<text>
<p>Universal International Inc said same-store sales for its retail stores declined 7.3 percent in February on a comparable 28-day basis and were down 4.1 percent for the first two months of the year.</p>
<p>The parent of Only Deals and Odd's-N-End's retail stores said total February sales rose 25.7 percent to $4.3 million from $3.5 million a year earlier.  </p>
<p>Cumulative total sales for the two months ended February 28 were up 30.9 percent to $8.3 million from $6.3 million in 1996.</p>
<p>&quot;February comparable store sales results were in line with expectations given that February 1996 comparable store sales were up 24.1 percent due to heavy discounting of 1995 seasonal product and a grand re-opening promotional campaign for the Twin Cities market area that was not repeated this year,&quot; chief executive officer Mark Ravich said in a statement.</p>
<p>Universal International buys and sells &quot;close-out&quot; merchandise.</p>
<p>		((Reuters Chicago Newsdesk (312) 408-8787))</p>
</text>
<copyright>(c) Reuters Limited 1997</copyright>
<metadata>
<codes class="bip:countries:1.0">
  <code code="USA">
    <editdetail attribution="Reuters BIP Coding Group" action="confirmed" date="1997-03-17"/>
  </code>
</codes>
<codes class="bip:industries:1.0">
  <code code="I61000">
    <editdetail attribution="Reuters BIP Coding Group" action="confirmed" date="1997-03-17"/>
  </code>
</codes>
<codes class="bip:topics:1.0">
  <code code="C31">
    <editdetail attribution="Reuters BIP Coding Group" action="confirmed" date="1997-03-17"/>
  </code>
  <code code="CCAT">
    <editdetail attribution="Reuters BIP Coding Group" action="confirmed" date="1997-03-17"/>
  </code>
</codes>
<dc element="dc.date.created" value="1997-03-17"/>
<dc element="dc.publisher" value="Reuters Holdings Plc"/>
<dc element="dc.date.published" value="1997-03-17"/>
<dc element="dc.source" value="Reuters"/>
<dc element="dc.creator.location" value="MINNEAPOLIS"/>
<dc element="dc.creator.location.country.name" value="USA"/>
<dc element="dc.source" value="Reuters"/>
</metadata>
</newsitem>
