<?xml version="1.0" encoding="iso-8859-1" ?>
<newsitem itemid="446000" id="root" date="1997-03-17" xml:lang="en">
<title>USA: American Electromedics Q2 full results.</title>
<headline>American Electromedics Q2 full results.</headline>
<dateline>AMHERST, N.H. 1997-03-17</dateline>
<text>
<p>Three Months Ended    Six Months Ended</p>
<p>			   1/25/97    1/27/96     1/25/97   1/27/96</p>
<p> Net Sales		$   523    $  843     $ 1,063  $  1,507</p>
<p> Net Income (loss)	(234)	 202	 (394)	 224</p>
<p>Weighted average number of</p>
<p>common and common</p>
<p>equivalent shares</p>
<p>  outstanding	2,506,266  2,455,059  2,481,164  2,447,094</p>
<p>Earnings (loss) per</p>
<p>common and common</p>
<p>  equivalent share	(.09)	 .08	 (.16)	 .09</p>
<p>				(Thousands, except per share amounts)</p>
<p>NOTE:  American Electromedics Corp said its second quarter period ended January 27.</p>
</text>
<copyright>(c) Reuters Limited 1997</copyright>
<metadata>
<codes class="bip:countries:1.0">
  <code code="USA">
    <editdetail attribution="Reuters BIP Coding Group" action="confirmed" date="1997-03-17"/>
  </code>
</codes>
<codes class="bip:topics:1.0">
  <code code="C15">
    <editdetail attribution="Reuters BIP Coding Group" action="confirmed" date="1997-03-17"/>
  </code>
  <code code="C151">
    <editdetail attribution="Reuters BIP Coding Group" action="confirmed" date="1997-03-17"/>
  </code>
  <code code="CCAT">
    <editdetail attribution="Reuters BIP Coding Group" action="confirmed" date="1997-03-17"/>
  </code>
</codes>
<dc element="dc.date.created" value="1997-03-17"/>
<dc element="dc.publisher" value="Reuters Holdings Plc"/>
<dc element="dc.date.published" value="1997-03-17"/>
<dc element="dc.source" value="Reuters"/>
<dc element="dc.creator.location" value="AMHERST, N.H."/>
<dc element="dc.creator.location.country.name" value="USA"/>
<dc element="dc.source" value="Reuters"/>
</metadata>
</newsitem>
