<?xml version="1.0" encoding="iso-8859-1" ?>
<newsitem itemid="446034" id="root" date="1997-03-17" xml:lang="en">
<title>USA: Baxter sees Q1 sales lower than expected.</title>
<headline>Baxter sees Q1 sales lower than expected.</headline>
<dateline>DEERFIELD, Ill. 1997-03-17</dateline>
<text>
<p>Baxter International Inc said on Monday it expects first-quarter sales growth to be in the low double digits, lower than expected.</p>
<p>It said this is due partly to inclusion of only two months of Immuno International AG's results. Baxter, which holds 99.3 percent of the share capital and 99.7 percent of the voting rights of Immuno, said it expects to complete the acquisition of Immuno by June 30.</p>
<p>However, chief financial officer Harry Jansen Kraemer Jr said he backed analysts' earnings outlook for Baxter's first quarter and full year.  </p>
<p>&quot;We are comfortable with Baxter's earnings outlook for both the first quarter as well as for the full year,&quot; Kraemer said in a statement.</p>
<p>The First Call consensus is for $0.55 per share for the quarter, compared to 1996's first-quarter earnings from continuing operations of $0.51 per share. For the full year, the consensus is $2.37; in 1996, Baxter posted earnings from continuing operations of $2.11.</p>
<p>&quot;For the full year, we expect to generate sales growth in the 20 percent range including acquisitions, and net income in the low double digits,&quot; Kraemer added.  </p>
<p>Baxter said in the first quarter of 1997 it also experienced lower-than-expected sales in its biotech business as a result of technical difficulties in producing certain products at its Hyland unit.</p>
<p>Baxter said it completed the $236 million acquisition of Research Medical Inc, a Salt Lake City-based medical device firm whose shareholders approved the transaction on March 14.</p>
<p>As previously announced, a big chunk of the purchase price for both Research Medical and Immuno will be allocated to in-process research and development, resulting in a non-cash charge of about $360 million to first-quarter earnings.  </p>
<p>Baxter said the Research Medical acquisition will enable it to capitalize on opportunities in the evolving field of minimally invasive cardiac surgery.</p>
<p>Both acquisitions, said Chairman Vernon Loucks Jr in a statement, &quot;support our key strategic initiatives of technological innovation and global expansion,&quot;.</p>
<p>Kraemer, meanwhile, said Baxter expects &quot;to generate a minimum of $300 million in operational cash flow in 1997, excluding litigation expenses, after investing almost $1 billion in research and development and capital expenditures during the year.&quot;</p>
<p>Baxter, a medical products and services company, ended up 1/2 at 46-7/8 on the New York Stock Exchange.</p>
<p>((Reuters Chicago Newsdesk (312) 408-8787))</p>
</text>
<copyright>(c) Reuters Limited 1997</copyright>
<metadata>
<codes class="bip:countries:1.0">
  <code code="USA">
    <editdetail attribution="Reuters BIP Coding Group" action="confirmed" date="1997-03-17"/>
  </code>
</codes>
<codes class="bip:industries:1.0">
  <code code="I25700">
    <editdetail attribution="Reuters BIP Coding Group" action="confirmed" date="1997-03-17"/>
  </code>
  <code code="I37200">
    <editdetail attribution="Reuters BIP Coding Group" action="confirmed" date="1997-03-17"/>
  </code>
</codes>
<codes class="bip:topics:1.0">
  <code code="C15">
    <editdetail attribution="Reuters BIP Coding Group" action="confirmed" date="1997-03-17"/>
  </code>
  <code code="C152">
    <editdetail attribution="Reuters BIP Coding Group" action="confirmed" date="1997-03-17"/>
  </code>
  <code code="C18">
    <editdetail attribution="Reuters BIP Coding Group" action="confirmed" date="1997-03-17"/>
  </code>
  <code code="C181">
    <editdetail attribution="Reuters BIP Coding Group" action="confirmed" date="1997-03-17"/>
  </code>
  <code code="C31">
    <editdetail attribution="Reuters BIP Coding Group" action="confirmed" date="1997-03-17"/>
  </code>
  <code code="CCAT">
    <editdetail attribution="Reuters BIP Coding Group" action="confirmed" date="1997-03-17"/>
  </code>
</codes>
<dc element="dc.date.created" value="1997-03-17"/>
<dc element="dc.publisher" value="Reuters Holdings Plc"/>
<dc element="dc.date.published" value="1997-03-17"/>
<dc element="dc.source" value="Reuters"/>
<dc element="dc.creator.location" value="DEERFIELD, Ill."/>
<dc element="dc.creator.location.country.name" value="USA"/>
<dc element="dc.source" value="Reuters"/>
</metadata>
</newsitem>
