<?xml version="1.0" encoding="iso-8859-1" ?>
<newsitem itemid="446094" id="root" date="1997-03-17" xml:lang="en">
<title>USA: Midwest Express expands some routes.</title>
<headline>Midwest Express expands some routes.</headline>
<dateline>MILWAUKEE 1997-03-17</dateline>
<text>
<p>Midwest Express Airlines Inc said Monday it will introduce twice-daily nonstop service between Kansas City and New York's La Guardia Airport, and enhance its service between Kansas City and Toronto, effective beginning May 1.</p>
<p>The nonstop La Guardia service includes early morning and mid-afternoon departures from Kansas City, and midday and evening departures from New York.  In addition to the nonstop service, Midwest will continue to offer three direct flights between Kansas City and New York/La Guardia on weekdays.</p>
<p>The Toronto service offers early morning and mid-afternoon departures from Kansas City, and midday and evening flights on the return.  While the airline currently offers connecting service to Toronto through Milwaukee, the enhanced service includes direct flights with schedules oriented toward business travelers.</p>
<p>Midwest offers four flights between Kansas City and Toronto each weekday.  The carrier began serving Kansas City in November 1989.</p>
<p>Midwest is a subsidiary of Midwest Express Holdings Inc.</p>
<p>		  ((Chicago newsdesk 312 408 8787))</p>
</text>
<copyright>(c) Reuters Limited 1997</copyright>
<metadata>
<codes class="bip:countries:1.0">
  <code code="CANA">
    <editdetail attribution="Reuters BIP Coding Group" action="confirmed" date="1997-03-17"/>
  </code>
  <code code="USA">
    <editdetail attribution="Reuters BIP Coding Group" action="confirmed" date="1997-03-17"/>
  </code>
</codes>
<codes class="bip:industries:1.0">
  <code code="I75000">
    <editdetail attribution="Reuters BIP Coding Group" action="confirmed" date="1997-03-17"/>
  </code>
</codes>
<codes class="bip:topics:1.0">
  <code code="C21">
    <editdetail attribution="Reuters BIP Coding Group" action="confirmed" date="1997-03-17"/>
  </code>
  <code code="CCAT">
    <editdetail attribution="Reuters BIP Coding Group" action="confirmed" date="1997-03-17"/>
  </code>
</codes>
<dc element="dc.date.created" value="1997-03-17"/>
<dc element="dc.publisher" value="Reuters Holdings Plc"/>
<dc element="dc.date.published" value="1997-03-17"/>
<dc element="dc.source" value="Reuters"/>
<dc element="dc.creator.location" value="MILWAUKEE"/>
<dc element="dc.creator.location.country.name" value="USA"/>
<dc element="dc.source" value="Reuters"/>
</metadata>
</newsitem>
