<?xml version="1.0" encoding="iso-8859-1" ?>
<newsitem itemid="446069" id="root" date="1997-03-17" xml:lang="en">
<title>USA: Alfin Inc Q2 Jan 31 net decreases.</title>
<headline>Alfin Inc Q2 Jan 31 net decreases.</headline>
<dateline>NEW YORK 1997-03-17</dateline>
<text>
<p>1997			1996</p>
<p> Shr			  $0.06		    $0.06</p>
<p> Net			    701			741</p>
<p> Revs			10,189		    9,110</p>
<p> Avg shrs		  11,958		   11,631</p>
<p>	   6 MONTHS</p>
<p> Shr			  $0.11		    $0.10</p>
<p> Net			  1,292		    1,177</p>
<p> Revs			19,823		   16,784</p>
<p> Avg shrs		  12,099		   11,715</p>
<p>(All data above 000s except per share numbers)</p>
<p>NOTE:  Alfin Inc is a completely owned subsidiary of Alfin Fragrances Inc.</p>
</text>
<copyright>(c) Reuters Limited 1997</copyright>
<metadata>
<codes class="bip:countries:1.0">
  <code code="USA">
    <editdetail attribution="Reuters BIP Coding Group" action="confirmed" date="1997-03-17"/>
  </code>
</codes>
<codes class="bip:industries:1.0">
  <code code="I61000">
    <editdetail attribution="Reuters BIP Coding Group" action="confirmed" date="1997-03-17"/>
  </code>
</codes>
<codes class="bip:topics:1.0">
  <code code="C15">
    <editdetail attribution="Reuters BIP Coding Group" action="confirmed" date="1997-03-17"/>
  </code>
  <code code="C151">
    <editdetail attribution="Reuters BIP Coding Group" action="confirmed" date="1997-03-17"/>
  </code>
  <code code="CCAT">
    <editdetail attribution="Reuters BIP Coding Group" action="confirmed" date="1997-03-17"/>
  </code>
</codes>
<dc element="dc.date.created" value="1997-03-17"/>
<dc element="dc.publisher" value="Reuters Holdings Plc"/>
<dc element="dc.date.published" value="1997-03-17"/>
<dc element="dc.source" value="Reuters"/>
<dc element="dc.creator.location" value="NEW YORK"/>
<dc element="dc.creator.location.country.name" value="USA"/>
<dc element="dc.source" value="Reuters"/>
</metadata>
</newsitem>
