<?xml version="1.0" encoding="iso-8859-1" ?>
<newsitem itemid="446009" id="root" date="1997-03-17" xml:lang="en">
<title>USA: Tough times still ahead for refiners - analyst.</title>
<headline>Tough times still ahead for refiners - analyst.</headline>
<dateline>SAN ANTONIO, Texas 1997-03-17</dateline>
<text>
<p>U.S. oil refiners, faced with poor profits and the prospect of consolidation, can expect more hard times in the coming years, an analyst told refining executives at an industry conference here Monday.</p>
<p>&quot;As the U.S. refining industry moves into the 21st century, the underlying fundamentals will likely remain weak,&quot; Thomas Kellagher, a consultant with Houston-based McKinsey &amp; Co Inc told executives at the National Petroleum Refiners Association (NPRA) annual meeting.</p>
<p>He noted that while thirst for refined products will likely grow in coming years, so too will refining capacity--in part because of what he called an overly fragmented industry.</p>
<p>&quot;Despite a signficant number of transactions, industry consolidation has not happened,&quot; Kellagher said.</p>
<p>&quot;A very favorable future scenario would have a much more concentrated industry structure with a persistent surplus of heavy crude oil,&quot; he said, noting industry ownership is now more fragmented than it was just over 10 years ago.</p>
<p>He said the 10 largest companies now account for only 54 percent of capacity, compared to 61 percent in 1986.</p>
<p>Regarding heavy crude supplies, he noted that they will likely arrive from producers like Venezuela or Mexico, but those will be accompanied in time by new refining capacity.</p>
<p>&quot;Additional supplies of heavy crude oil could lead to improvement of deep resid conversion economics,&quot; he said referring to processing cheap heavy crudes into residual fuel, which is in turn refined into valuable products like gasoline.</p>
<p>&quot;But this is likely to be a temporary improvement due to the strong incentives for producing countries to ensure adequate upgrading capacity to maximize the value of heavy crude,&quot; Kellagher said.</p>
<p>He also said the profit advantages some players now enjoy in certain niches, such as the West Coast are likely to erode as distribution logistics from distant refiner centers improve.</p>
<p>&quot;Declining domestic crude oil production in Alaska and California will result in higher crude prices and lower profit margins for West Coast refiners as more costly imported crude oils fill the gap,&quot; he said.</p>
<p>He said midcontinent and Rocky Mountain refiners may suffer a similar fate as local production falls in the Rocky Mountain region and Canadian crudes flow into Chicago-area markets on more efficient and extensive pipelines.</p>
<p>Additionally, he noted Gulf Coast refiners will likely continue to suffer from intense competition.</p>
<p>&quot;On balance this scenario would not be much different than the last 10 years in terms of average industry financial performance,&quot; Kellagher said.</p>
<p>But he stressed that those companies which focus intently on the challenges that lie ahead are likely to rise to the top of the heap and survive.</p>
<p>&quot;While the industry conditions will likely remain challenging, companies that aspire to excel will find ways to leverage all ... sources of competitive advantage -- cost efficiency, asset management and location advantages.&quot;</p>
</text>
<copyright>(c) Reuters Limited 1997</copyright>
<metadata>
<codes class="bip:countries:1.0">
  <code code="USA">
    <editdetail attribution="Reuters BIP Coding Group" action="confirmed" date="1997-03-17"/>
  </code>
</codes>
<codes class="bip:industries:1.0">
  <code code="I14000">
    <editdetail attribution="Reuters BIP Coding Group" action="confirmed" date="1997-03-17"/>
  </code>
</codes>
<codes class="bip:topics:1.0">
  <code code="C15">
    <editdetail attribution="Reuters BIP Coding Group" action="confirmed" date="1997-03-17"/>
  </code>
  <code code="C152">
    <editdetail attribution="Reuters BIP Coding Group" action="confirmed" date="1997-03-17"/>
  </code>
  <code code="C31">
    <editdetail attribution="Reuters BIP Coding Group" action="confirmed" date="1997-03-17"/>
  </code>
  <code code="CCAT">
    <editdetail attribution="Reuters BIP Coding Group" action="confirmed" date="1997-03-17"/>
  </code>
</codes>
<dc element="dc.date.created" value="1997-03-17"/>
<dc element="dc.publisher" value="Reuters Holdings Plc"/>
<dc element="dc.date.published" value="1997-03-17"/>
<dc element="dc.source" value="Reuters"/>
<dc element="dc.creator.location" value="SAN ANTONIO, Texas"/>
<dc element="dc.creator.location.country.name" value="USA"/>
<dc element="dc.source" value="Reuters"/>
</metadata>
</newsitem>
