<?xml version="1.0" encoding="iso-8859-1" ?>
<newsitem itemid="446002" id="root" date="1997-03-17" xml:lang="en">
<title>USA: UniMark sees lower FY 1996 profits.</title>
<headline>UniMark sees lower FY 1996 profits.</headline>
<dateline>ARGYLE, Texas 1997-03-17</dateline>
<text>
<p>The UniMark Group Inc said on Monday it expects 1996 net income of $500,000, or $0.07 a share, compared with 1995 net income of $2.9 million, or $0.51 a share.</p>
<p>Sales increased 77 percent in 1996 to $65.2 million from $36.9 million in 1995, due to the acquisition of Grupo Industrial Santa Engracia, a Mexican producer of citrus concentrates, citrus oils and citrus juices, the company said.  </p>
<p>UniMark said the sales increase was from acquisitions including Grupo Industrial Santa Engracia, a major Mexican producer of citrus concentrates, and Simply Fresh Fruit Inc, a fruit processor targeting the food service industry.</p>
<p>Also, increased sales in the retail, warehouse clubs and food service channels aided sales, UniMark said.</p>
<p>UniMark said it expects financial results to improve as new frozen product lines, pineapple production and Japanese results improve increase revenues.</p>
</text>
<copyright>(c) Reuters Limited 1997</copyright>
<metadata>
<codes class="bip:countries:1.0">
  <code code="USA">
    <editdetail attribution="Reuters BIP Coding Group" action="confirmed" date="1997-03-17"/>
  </code>
</codes>
<codes class="bip:industries:1.0">
  <code code="I41400">
    <editdetail attribution="Reuters BIP Coding Group" action="confirmed" date="1997-03-17"/>
  </code>
</codes>
<codes class="bip:topics:1.0">
  <code code="C15">
    <editdetail attribution="Reuters BIP Coding Group" action="confirmed" date="1997-03-17"/>
  </code>
  <code code="C152">
    <editdetail attribution="Reuters BIP Coding Group" action="confirmed" date="1997-03-17"/>
  </code>
  <code code="CCAT">
    <editdetail attribution="Reuters BIP Coding Group" action="confirmed" date="1997-03-17"/>
  </code>
</codes>
<dc element="dc.date.created" value="1997-03-17"/>
<dc element="dc.publisher" value="Reuters Holdings Plc"/>
<dc element="dc.date.published" value="1997-03-17"/>
<dc element="dc.source" value="Reuters"/>
<dc element="dc.creator.location" value="ARGYLE, Texas"/>
<dc element="dc.creator.location.country.name" value="USA"/>
<dc element="dc.source" value="Reuters"/>
</metadata>
</newsitem>
