<?xml version="1.0" encoding="iso-8859-1" ?>
<newsitem itemid="446051" id="root" date="1997-03-17" xml:lang="en">
<title>USA: Sepracor lauds levalbuterol trial results.</title>
<headline>Sepracor lauds levalbuterol trial results.</headline>
<dateline>MARLBOROUGH, Mass. 1997-03-17</dateline>
<text>
<p>Sepracor Inc said Monday that the Phase III trial for levalbuterol confirmed the Phase II results, and the company expects to file a new drug application with the Food and Drug Administration for the product by June 30.  </p>
<p>Sepracor said levalbuterol has now shown in a 362-patient trial that it provides greater improvement in lung function for asthmatic patients than racemic albuterol.</p>
<p>Levalbuterol also has fewer beta-mediated side effects, such as tremors and higher pulse rates, the company said.</p>
<p>Racemic albuterol is the leading bronchodilator. Levalbuterol is a purified, active-isomer form of racemic albuterol, Sepracor said.</p>
<p>Sepracor shares closed up 1-1/2 at 22-3/4.</p>
</text>
<copyright>(c) Reuters Limited 1997</copyright>
<metadata>
<codes class="bip:countries:1.0">
  <code code="USA">
    <editdetail attribution="Reuters BIP Coding Group" action="confirmed" date="1997-03-17"/>
  </code>
</codes>
<codes class="bip:industries:1.0">
  <code code="I25700">
    <editdetail attribution="Reuters BIP Coding Group" action="confirmed" date="1997-03-17"/>
  </code>
</codes>
<codes class="bip:topics:1.0">
  <code code="C13">
    <editdetail attribution="Reuters BIP Coding Group" action="confirmed" date="1997-03-17"/>
  </code>
  <code code="C22">
    <editdetail attribution="Reuters BIP Coding Group" action="confirmed" date="1997-03-17"/>
  </code>
  <code code="C23">
    <editdetail attribution="Reuters BIP Coding Group" action="confirmed" date="1997-03-17"/>
  </code>
  <code code="CCAT">
    <editdetail attribution="Reuters BIP Coding Group" action="confirmed" date="1997-03-17"/>
  </code>
</codes>
<dc element="dc.date.created" value="1997-03-17"/>
<dc element="dc.publisher" value="Reuters Holdings Plc"/>
<dc element="dc.date.published" value="1997-03-17"/>
<dc element="dc.source" value="Reuters"/>
<dc element="dc.creator.location" value="MARLBOROUGH, Mass."/>
<dc element="dc.creator.location.country.name" value="USA"/>
<dc element="dc.source" value="Reuters"/>
</metadata>
</newsitem>
