<?xml version="1.0" encoding="iso-8859-1" ?>
<newsitem itemid="446049" id="root" date="1997-03-17" xml:lang="en">
<title>USA: Micron Electronics Q2 shr profit $0.30.</title>
<headline>Micron Electronics Q2 shr profit $0.30.</headline>
<dateline>NAMPA, Idaho 1997-03-17</dateline>
<text>
<p>MICRON ELECTRONICS, INC. FINANCIAL SUMMARY</p>
<p>(Tabular amounts in thousands, except per share amounts)</p>
<p>				    Quarter Ended    Six Months Ended</p>
<p>				Feb. 27,  Feb. 29,  Feb. 27, Feb. 29,</p>
<p>				    1997	1996	1997     1996</p>
<p> Net sales		  $510,274  $456,619  $931,292 $895,197</p>
<p> Cost of goods sold	418,659   407,609   759,227  787,475</p>
<p> Gross margin		 91,615    49,010   172,065  107,722</p>
<p>Selling, general and</p>
<p>  administrative	    47,517    32,637    87,343   64,024</p>
<p> Research and development  1,034	 934     1,917    1,595</p>
<p> Restructuring charge	    -    29,500	   -   29,500</p>
<p> Interest income, net	1,536	 645     2,806    1,673</p>
<p>Income tax provision</p>
<p>  (benefit)		   16,761     (860)    32,960   10,217</p>
<p> Net income (loss)	  27,839  (12,556)    52,651    4,059</p>
<p> Earnings (loss) per share  0.30    (0.14)	0.56     0.04</p>
<p>Number of shares used in</p>
<p>  per share calculation   93,630    91,507    93,274   92,371</p>
<p>NOTE: Results of operations for Q2 and 6 mos ended Feb. 29 were adversely affected by a pretax restructuring charge of $29.5 million ($22.6 million, net of taxes), or $0.25 per share, due to discontinued sales of its ZEOS brand PC systems and to closing a manufacturing plant in Minnesota.</p>
</text>
<copyright>(c) Reuters Limited 1997</copyright>
<metadata>
<codes class="bip:countries:1.0">
  <code code="USA">
    <editdetail attribution="Reuters BIP Coding Group" action="confirmed" date="1997-03-17"/>
  </code>
</codes>
<codes class="bip:industries:1.0">
  <code code="I33020">
    <editdetail attribution="Reuters BIP Coding Group" action="confirmed" date="1997-03-17"/>
  </code>
  <code code="I3302003">
    <editdetail attribution="Reuters BIP Coding Group" action="confirmed" date="1997-03-17"/>
  </code>
</codes>
<codes class="bip:topics:1.0">
  <code code="C15">
    <editdetail attribution="Reuters BIP Coding Group" action="confirmed" date="1997-03-17"/>
  </code>
  <code code="C151">
    <editdetail attribution="Reuters BIP Coding Group" action="confirmed" date="1997-03-17"/>
  </code>
  <code code="CCAT">
    <editdetail attribution="Reuters BIP Coding Group" action="confirmed" date="1997-03-17"/>
  </code>
</codes>
<dc element="dc.date.created" value="1997-03-17"/>
<dc element="dc.publisher" value="Reuters Holdings Plc"/>
<dc element="dc.date.published" value="1997-03-17"/>
<dc element="dc.source" value="Reuters"/>
<dc element="dc.creator.location" value="NAMPA, Idaho"/>
<dc element="dc.creator.location.country.name" value="USA"/>
<dc element="dc.source" value="Reuters"/>
</metadata>
</newsitem>
