<?xml version="1.0" encoding="iso-8859-1" ?>
<newsitem itemid="446152" id="root" date="1997-03-17" xml:lang="en">
<title>USA: Biofield Corp discusses filing with FDA.</title>
<headline>Biofield Corp discusses filing with FDA.</headline>
<dateline>ATLANTA 1997-03-17</dateline>
<text>
<p>Biofield Corp said on Monday it began discussions with the U.S. Food and Drug Administration about the status of its filing for pre-market approval of its Alexa breast-cancer diagnosis system, a filing the FDA rejected last month.</p>
<p>Biofield said the Alexa system can detect breast cancer through the skin, in a non-invasive, objective procedure.</p>
<p>The company said discussions with the FDA &quot;to clarify issues in connection with the filing review&quot; may continue for weeks or perhaps longer.</p>
</text>
<copyright>(c) Reuters Limited 1997</copyright>
<metadata>
<codes class="bip:countries:1.0">
  <code code="USA">
    <editdetail attribution="Reuters BIP Coding Group" action="confirmed" date="1997-03-17"/>
  </code>
</codes>
<codes class="bip:industries:1.0">
  <code code="I37200">
    <editdetail attribution="Reuters BIP Coding Group" action="confirmed" date="1997-03-17"/>
  </code>
</codes>
<codes class="bip:topics:1.0">
  <code code="C13">
    <editdetail attribution="Reuters BIP Coding Group" action="confirmed" date="1997-03-17"/>
  </code>
  <code code="C21">
    <editdetail attribution="Reuters BIP Coding Group" action="confirmed" date="1997-03-17"/>
  </code>
  <code code="CCAT">
    <editdetail attribution="Reuters BIP Coding Group" action="confirmed" date="1997-03-17"/>
  </code>
</codes>
<dc element="dc.date.created" value="1997-03-17"/>
<dc element="dc.publisher" value="Reuters Holdings Plc"/>
<dc element="dc.date.published" value="1997-03-17"/>
<dc element="dc.source" value="Reuters"/>
<dc element="dc.creator.location" value="ATLANTA"/>
<dc element="dc.creator.location.country.name" value="USA"/>
<dc element="dc.source" value="Reuters"/>
</metadata>
</newsitem>
