<?xml version="1.0" encoding="iso-8859-1" ?>
<newsitem itemid="446160" id="root" date="1997-03-17" xml:lang="en">
<title>USA: Great Northern Iron cuts payout to $1.50/shr.</title>
<headline>Great Northern Iron cuts payout to $1.50/shr.</headline>
<dateline>ST. PAUL, Minn. 1997-03-17</dateline>
<text>
<p>Great Northern Iron Ore Properties said Monday it would pay a first quarter 1997 distribution of $1.50 a share, down from $1.70 paid in January.</p>
<p>The first-quarter 1996 payout was $1.35 a share.</p>
<p>The current distribution will be paid on April 30 to shareholders of record on March 31.</p>
<p>((--Chicago newsdesk, 312-408-8787))</p>
</text>
<copyright>(c) Reuters Limited 1997</copyright>
<metadata>
<codes class="bip:countries:1.0">
  <code code="USA">
    <editdetail attribution="Reuters BIP Coding Group" action="confirmed" date="1997-03-17"/>
  </code>
</codes>
<codes class="bip:industries:1.0">
  <code code="I85000">
    <editdetail attribution="Reuters BIP Coding Group" action="confirmed" date="1997-03-17"/>
  </code>
</codes>
<codes class="bip:topics:1.0">
  <code code="C15">
    <editdetail attribution="Reuters BIP Coding Group" action="confirmed" date="1997-03-17"/>
  </code>
  <code code="C151">
    <editdetail attribution="Reuters BIP Coding Group" action="confirmed" date="1997-03-17"/>
  </code>
  <code code="CCAT">
    <editdetail attribution="Reuters BIP Coding Group" action="confirmed" date="1997-03-17"/>
  </code>
</codes>
<dc element="dc.date.created" value="1997-03-17"/>
<dc element="dc.publisher" value="Reuters Holdings Plc"/>
<dc element="dc.date.published" value="1997-03-17"/>
<dc element="dc.source" value="Reuters"/>
<dc element="dc.creator.location" value="ST. PAUL, Minn."/>
<dc element="dc.creator.location.country.name" value="USA"/>
<dc element="dc.source" value="Reuters"/>
</metadata>
</newsitem>
