<?xml version="1.0" encoding="iso-8859-1" ?>
<newsitem itemid="446175" id="root" date="1997-03-17" xml:lang="en">
<title>USA: Western Resources says studying Tyco/ADT pact.</title>
<headline>Western Resources says studying Tyco/ADT pact.</headline>
<dateline>NEW YORK 1997-03-17</dateline>
<text>
<p>Western Resources Inc said it is examining Tyco International Ltd's $5.6 billion friendly merger pact with ADT Ltd, a company Western is pursuing with a $3.5 billion cash-and-stock hostile bid.</p>
<p>&quot;At this point, we are in the process in reviewing and studying their offer,&quot; a Western spokesman said, declining to comment further.</p>
<p>Western is ADT's largest shareholder with a 27 percent stake in the company.</p>
<p>Tyco's bid values ADT at about $29 per share versus the $22.50 per share bid from Western.</p>
<p>Western launched its hostile takeover attempt three months ago, and ADT has rejected the offer as inadequate.</p>
<p>((--Wall Street Desk, 212-859-1734))</p>
</text>
<copyright>(c) Reuters Limited 1997</copyright>
<metadata>
<codes class="bip:countries:1.0">
  <code code="USA">
    <editdetail attribution="Reuters BIP Coding Group" action="confirmed" date="1997-03-17"/>
  </code>
</codes>
<codes class="bip:industries:1.0">
  <code code="I16100">
    <editdetail attribution="Reuters BIP Coding Group" action="confirmed" date="1997-03-17"/>
  </code>
  <code code="I34420">
    <editdetail attribution="Reuters BIP Coding Group" action="confirmed" date="1997-03-17"/>
  </code>
  <code code="I83960">
    <editdetail attribution="Reuters BIP Coding Group" action="confirmed" date="1997-03-17"/>
  </code>
</codes>
<codes class="bip:topics:1.0">
  <code code="C18">
    <editdetail attribution="Reuters BIP Coding Group" action="confirmed" date="1997-03-17"/>
  </code>
  <code code="C181">
    <editdetail attribution="Reuters BIP Coding Group" action="confirmed" date="1997-03-17"/>
  </code>
  <code code="CCAT">
    <editdetail attribution="Reuters BIP Coding Group" action="confirmed" date="1997-03-17"/>
  </code>
</codes>
<dc element="dc.date.created" value="1997-03-17"/>
<dc element="dc.publisher" value="Reuters Holdings Plc"/>
<dc element="dc.date.published" value="1997-03-17"/>
<dc element="dc.source" value="Reuters"/>
<dc element="dc.creator.location" value="NEW YORK"/>
<dc element="dc.creator.location.country.name" value="USA"/>
<dc element="dc.source" value="Reuters"/>
</metadata>
</newsitem>
