<?xml version="1.0" encoding="iso-8859-1" ?>
<newsitem itemid="446173" id="root" date="1997-03-17" xml:lang="en">
<title>USA: Harold's Stores Q4 net per share edges up.</title>
<headline>Harold's Stores Q4 net per share edges up.</headline>
<dateline>NORMAN, Okla. 1997-03-17</dateline>
<text>
<p>1996			1995</p>
<p> Shr			  $0.21		    $0.19</p>
<p> Net			  1,200			997</p>
<p> Revs			31,900		   26,800</p>
<p>	  12 MONTHS</p>
<p> Shr primary		$0.62		    $0.53</p>
<p> Net			  3,528		    2,787</p>
<p> Revs		     108,257		   93,342</p>
<p>(All data above 000s except per share numbers)</p>
<p>NOTE: Full name of company is Harold's Stores Inc.</p>
<p>Revenue figures adjusted to account for 53-week fiscal year in 1995.</p>
</text>
<copyright>(c) Reuters Limited 1997</copyright>
<metadata>
<codes class="bip:countries:1.0">
  <code code="USA">
    <editdetail attribution="Reuters BIP Coding Group" action="confirmed" date="1997-03-17"/>
  </code>
</codes>
<codes class="bip:industries:1.0">
  <code code="I65400">
    <editdetail attribution="Reuters BIP Coding Group" action="confirmed" date="1997-03-17"/>
  </code>
</codes>
<codes class="bip:topics:1.0">
  <code code="C15">
    <editdetail attribution="Reuters BIP Coding Group" action="confirmed" date="1997-03-17"/>
  </code>
  <code code="C151">
    <editdetail attribution="Reuters BIP Coding Group" action="confirmed" date="1997-03-17"/>
  </code>
  <code code="C1511">
    <editdetail attribution="Reuters BIP Coding Group" action="confirmed" date="1997-03-17"/>
  </code>
  <code code="CCAT">
    <editdetail attribution="Reuters BIP Coding Group" action="confirmed" date="1997-03-17"/>
  </code>
</codes>
<dc element="dc.date.created" value="1997-03-17"/>
<dc element="dc.publisher" value="Reuters Holdings Plc"/>
<dc element="dc.date.published" value="1997-03-17"/>
<dc element="dc.source" value="Reuters"/>
<dc element="dc.creator.location" value="NORMAN, Okla."/>
<dc element="dc.creator.location.country.name" value="USA"/>
<dc element="dc.source" value="Reuters"/>
</metadata>
</newsitem>
