<?xml version="1.0" encoding="iso-8859-1" ?>
<newsitem itemid="446180" id="root" date="1997-03-17" xml:lang="en">
<title>USA: U.S. tobacco shares slip after high court ruling.</title>
<headline>U.S. tobacco shares slip after high court ruling.</headline>
<dateline>NEW YORK 1997-03-17</dateline>
<text>
<p>Shares in U.S. tobacco companies slipped on Monday after the U.S. Supreme Court rejected a constitutional challenge to a Florida law allowing the state to sue cigarette makers for the cost of smoking-related illnesses.</p>
<p>Tobacco industry analysts said the high court ruling was not a surprise but added to recent investor jitters about cigarette-makers' stocks.</p>
<p>Philip Morris Cos Inc was off 4-1/8 to 125, RJR Nabisco Holdings Corp eased 7/8 to 33 and Loews Corp slipped 2-1/8 to 101-1/2.  </p>
<p>Supreme Court justices let stand a Florida Supreme Court ruling that the state has the legal right to sue cigarette makers for Medicaid costs incurred by Florida from tobacco-related illnesses.</p>
<p>The ruling cleared the way for Florida's case to proceed to trial, which is set for August.</p>
<p>Sanford Bernstein analyst Gary Black noted the Supreme Court rarely accepts a case prior to trial. &quot;I don't know why the market cares about it because I don't think anyone expected the U.S. Supreme Court to take it on,&quot; he said.  </p>
<p>But the U.S. Supreme Court ruling came on the heels of a ruling on Thursday by Mississippi's Supreme Court throwing out challenges by the state's governor and the tobacco industry that would have kept a $940 million case from proceeding to trial in June. That news sent cigarette makers' shares reeling on Thursday.</p>
<p>Monday's ruling &quot;promotes the incentive for the tobacco industry to reach a compromise&quot; with anti-tobacco forces, said Smith Barney analyst Martin Feldman.</p>
<p>The recent setbacks on the litigation front came after tobacco companies had seen some legal rulings break their way. In February a federal judge dismissed a lawsuit brought by the city and county of San Francisco and 11 other California counties against Philip Morris.</p>
<p>Analysts said news on Monday from smokeless tobacco maker UST Inc was company-specific and did not affect other tobacco makers. UST fell 3-7/8 to 29-1/2 after it said it expected a drop in first quarter earnings, mainly because of a decline in its moist smokeless tobacco unit volume.</p>
<p>((--Wall St Desk, 212-859-1730))</p>
</text>
<copyright>(c) Reuters Limited 1997</copyright>
<metadata>
<codes class="bip:countries:1.0">
  <code code="USA">
    <editdetail attribution="Reuters BIP Coding Group" action="confirmed" date="1997-03-17"/>
  </code>
</codes>
<codes class="bip:industries:1.0">
  <code code="I42900">
    <editdetail attribution="Reuters BIP Coding Group" action="confirmed" date="1997-03-17"/>
  </code>
  <code code="I83960">
    <editdetail attribution="Reuters BIP Coding Group" action="confirmed" date="1997-03-17"/>
  </code>
</codes>
<codes class="bip:topics:1.0">
  <code code="C12">
    <editdetail attribution="Reuters BIP Coding Group" action="confirmed" date="1997-03-17"/>
  </code>
  <code code="C15">
    <editdetail attribution="Reuters BIP Coding Group" action="confirmed" date="1997-03-17"/>
  </code>
  <code code="C152">
    <editdetail attribution="Reuters BIP Coding Group" action="confirmed" date="1997-03-17"/>
  </code>
  <code code="CCAT">
    <editdetail attribution="Reuters BIP Coding Group" action="confirmed" date="1997-03-17"/>
  </code>
  <code code="GCAT">
    <editdetail attribution="Reuters BIP Coding Group" action="confirmed" date="1997-03-17"/>
  </code>
  <code code="GCRIM">
    <editdetail attribution="Reuters BIP Coding Group" action="confirmed" date="1997-03-17"/>
  </code>
</codes>
<dc element="dc.date.created" value="1997-03-17"/>
<dc element="dc.publisher" value="Reuters Holdings Plc"/>
<dc element="dc.date.published" value="1997-03-17"/>
<dc element="dc.source" value="Reuters"/>
<dc element="dc.creator.location" value="NEW YORK"/>
<dc element="dc.creator.location.country.name" value="USA"/>
<dc element="dc.source" value="Reuters"/>
</metadata>
</newsitem>
