<?xml version="1.0" encoding="iso-8859-1" ?>
<newsitem itemid="446195" id="root" date="1997-03-17" xml:lang="en">
<title>USA: dELiAs Q4 pro forma shr $0.12 vs $0.01.</title>
<headline>dELiAs Q4 pro forma shr $0.12 vs $0.01.</headline>
<dateline>NEW YORK 1997-03-17</dateline>
<text>
<p>1997			1996</p>
<p> Pro forma shr	   $ 0.12		   $ 0.01</p>
<p> Pro forma net	    1,272			 60</p>
<p> Net sales		 14,743		    2,808</p>
<p> Avg shrs		  10,848		   10,000</p>
<p>			 YEAR</p>
<p> Pro forma shr	   $ 0.23		   $ 0.00</p>
<p> Pro forma net	    2,307			 18</p>
<p> Net sales		 30,225		    5,652</p>
<p> Avg shrs		  10,214		   10,000</p>
<p>(All data above 000s except per share numbers)</p>
<p>NOTE: Pro forma results are adjusted to reflect the company's financial statements as if it were a CC Corporation for the entire year. During the fourth quarter of fiscal 1996, the company converted from an LLC (limited liability corp) to a CC Corp.</p>
</text>
<copyright>(c) Reuters Limited 1997</copyright>
<metadata>
<codes class="bip:countries:1.0">
  <code code="USA">
    <editdetail attribution="Reuters BIP Coding Group" action="confirmed" date="1997-03-17"/>
  </code>
</codes>
<codes class="bip:topics:1.0">
  <code code="C15">
    <editdetail attribution="Reuters BIP Coding Group" action="confirmed" date="1997-03-17"/>
  </code>
  <code code="C151">
    <editdetail attribution="Reuters BIP Coding Group" action="confirmed" date="1997-03-17"/>
  </code>
  <code code="C1511">
    <editdetail attribution="Reuters BIP Coding Group" action="confirmed" date="1997-03-17"/>
  </code>
  <code code="CCAT">
    <editdetail attribution="Reuters BIP Coding Group" action="confirmed" date="1997-03-17"/>
  </code>
</codes>
<dc element="dc.date.created" value="1997-03-17"/>
<dc element="dc.publisher" value="Reuters Holdings Plc"/>
<dc element="dc.date.published" value="1997-03-17"/>
<dc element="dc.source" value="Reuters"/>
<dc element="dc.creator.location" value="NEW YORK"/>
<dc element="dc.creator.location.country.name" value="USA"/>
<dc element="dc.source" value="Reuters"/>
</metadata>
</newsitem>
