<?xml version="1.0" encoding="iso-8859-1" ?>
<newsitem itemid="446130" id="root" date="1997-03-17" xml:lang="en">
<title>USA: Creative Tech says sues Cyrix.</title>
<headline>Creative Tech says sues Cyrix.</headline>
<dateline>NEW YORK 1997-03-17</dateline>
<text>
<p>Creative Technology Ltd said Monday it and its U.S. subsidiary Creative Labs Inc have filed suit for alleged unfair competition against Cyrix Corp and certain Cyrix OEM customers distributing computer systems using the Cyrix Media GX.</p>
<p>The lawsuit, filed Monday, March 17, 1997 in the United States District Court for the Northern District of California, alleges that Cyrix and certain of its OEM customers are misleading consumers as to the capabilities and the source of the computer audio solution provided by the Cyrix Media GX chipset, a statement issues by Creative Technology said.  </p>
<p>&quot;Until we see the legal documents we won't comment,&quot; said Mark Lipscomb, Cyrix's director of investor relations.</p>
<p>Creative said its complaint asserts claims of false advertising, trademark infringement and unfair competition.</p>
<p>Creative did not specify how much it is seeking in damages.</p>
</text>
<copyright>(c) Reuters Limited 1997</copyright>
<metadata>
<codes class="bip:countries:1.0">
  <code code="USA">
    <editdetail attribution="Reuters BIP Coding Group" action="confirmed" date="1997-03-17"/>
  </code>
</codes>
<codes class="bip:industries:1.0">
  <code code="I33020">
    <editdetail attribution="Reuters BIP Coding Group" action="confirmed" date="1997-03-17"/>
  </code>
  <code code="I3302021">
    <editdetail attribution="Reuters BIP Coding Group" action="confirmed" date="1997-03-17"/>
  </code>
  <code code="I34531">
    <editdetail attribution="Reuters BIP Coding Group" action="confirmed" date="1997-03-17"/>
  </code>
</codes>
<codes class="bip:topics:1.0">
  <code code="C12">
    <editdetail attribution="Reuters BIP Coding Group" action="confirmed" date="1997-03-17"/>
  </code>
  <code code="CCAT">
    <editdetail attribution="Reuters BIP Coding Group" action="confirmed" date="1997-03-17"/>
  </code>
  <code code="GCAT">
    <editdetail attribution="Reuters BIP Coding Group" action="confirmed" date="1997-03-17"/>
  </code>
  <code code="GCRIM">
    <editdetail attribution="Reuters BIP Coding Group" action="confirmed" date="1997-03-17"/>
  </code>
</codes>
<dc element="dc.date.created" value="1997-03-17"/>
<dc element="dc.publisher" value="Reuters Holdings Plc"/>
<dc element="dc.date.published" value="1997-03-17"/>
<dc element="dc.source" value="Reuters"/>
<dc element="dc.creator.location" value="NEW YORK"/>
<dc element="dc.creator.location.country.name" value="USA"/>
<dc element="dc.source" value="Reuters"/>
</metadata>
</newsitem>
