<?xml version="1.0" encoding="iso-8859-1" ?>
<newsitem itemid="446164" id="root" date="1997-03-17" xml:lang="en">
<title>USA: Dresser, Chiyoda to build Exxon plant.</title>
<headline>Dresser, Chiyoda to build Exxon plant.</headline>
<dateline>HOUSTON 1997-03-17</dateline>
<text>
<p>The M.W. Kellogg Co, the engineering and construction arm of Dresser Industries Inc, and Chiyoda Corp have been selected by Exxon Chemcial Co to develop the engineering and plans for procurement and construction of an 800,000-ton-a-year grassroots ethylene plant in Singapore.</p>
<p>The steam cracker, part of Exxon's $2 billion petrochemical complex being constructed on Pulau Ayer Chawan that is scheduled to come onstream in 2000, will provide feedstock for several major downstream chemical plants, said the company.</p>
<p>The ethylene plant, as well as the offsites and utilities required for the entire complex, will be developed by Kellogg and Chiyoda as an extension of the Kellogg-Chiyoda ethylene technology alliance formed in 1996.  Development of engineering, procurement and construction is underway.</p>
</text>
<copyright>(c) Reuters Limited 1997</copyright>
<metadata>
<codes class="bip:countries:1.0">
  <code code="SINGP">
    <editdetail attribution="Reuters BIP Coding Group" action="confirmed" date="1997-03-17"/>
  </code>
  <code code="USA">
    <editdetail attribution="Reuters BIP Coding Group" action="confirmed" date="1997-03-17"/>
  </code>
</codes>
<codes class="bip:industries:1.0">
  <code code="I13000">
    <editdetail attribution="Reuters BIP Coding Group" action="confirmed" date="1997-03-17"/>
  </code>
  <code code="I1300003">
    <editdetail attribution="Reuters BIP Coding Group" action="confirmed" date="1997-03-17"/>
  </code>
  <code code="I32000">
    <editdetail attribution="Reuters BIP Coding Group" action="confirmed" date="1997-03-17"/>
  </code>
  <code code="I32040">
    <editdetail attribution="Reuters BIP Coding Group" action="confirmed" date="1997-03-17"/>
  </code>
</codes>
<codes class="bip:topics:1.0">
  <code code="C33">
    <editdetail attribution="Reuters BIP Coding Group" action="confirmed" date="1997-03-17"/>
  </code>
  <code code="CCAT">
    <editdetail attribution="Reuters BIP Coding Group" action="confirmed" date="1997-03-17"/>
  </code>
</codes>
<dc element="dc.date.created" value="1997-03-17"/>
<dc element="dc.publisher" value="Reuters Holdings Plc"/>
<dc element="dc.date.published" value="1997-03-17"/>
<dc element="dc.source" value="Reuters"/>
<dc element="dc.creator.location" value="HOUSTON"/>
<dc element="dc.creator.location.country.name" value="USA"/>
<dc element="dc.source" value="Reuters"/>
</metadata>
</newsitem>
