<?xml version="1.0" encoding="iso-8859-1" ?>
<newsitem itemid="446198" id="root" date="1997-03-17" xml:lang="en">
<title>USA: Great Lakes Aviation Feb load declines.</title>
<headline>Great Lakes Aviation Feb load declines.</headline>
<dateline>MINNEAPOLIS 1997-03-17</dateline>
<text>
<p>Great Lakes Aviation Ltd said Monday its February passenger load factor fell 3.6 points to 40.6 percent from 44.2 percent in the same year-ago period.</p>
<p>It said revenue passenger miles fell 5.8 percent to 19.9 million from 21.2 million, and available seat miles were up 2.6 percent at 49.1 million from 47.9 million.  </p>
<p>Year to date, the carrier said its load factor was down 1.9 points to 39.9 percent from 41.8 percent in 1996.</p>
<p>It said revenue passenger miles fell 2.5 percent to 39.6 million from 40.7 million, and available seat miles rose 2.1 percent to 99.2 million from 97.2 million.</p>
<p>Great Lakes Aviation said flight statistics for February 1997 are not directly comparable to February 1996 because 1996 was a leap year.</p>
<p>The carrier maintains three regional airline marketing identities, providing scheduled passenger and air freight service.</p>
<p>		((Reuters Chicago Newsdesk (312) 408-8787))</p>
</text>
<copyright>(c) Reuters Limited 1997</copyright>
<metadata>
<codes class="bip:countries:1.0">
  <code code="USA">
    <editdetail attribution="Reuters BIP Coding Group" action="confirmed" date="1997-03-17"/>
  </code>
</codes>
<codes class="bip:industries:1.0">
  <code code="I75000">
    <editdetail attribution="Reuters BIP Coding Group" action="confirmed" date="1997-03-17"/>
  </code>
</codes>
<codes class="bip:topics:1.0">
  <code code="C31">
    <editdetail attribution="Reuters BIP Coding Group" action="confirmed" date="1997-03-17"/>
  </code>
  <code code="CCAT">
    <editdetail attribution="Reuters BIP Coding Group" action="confirmed" date="1997-03-17"/>
  </code>
</codes>
<dc element="dc.date.created" value="1997-03-17"/>
<dc element="dc.publisher" value="Reuters Holdings Plc"/>
<dc element="dc.date.published" value="1997-03-17"/>
<dc element="dc.source" value="Reuters"/>
<dc element="dc.creator.location" value="MINNEAPOLIS"/>
<dc element="dc.creator.location.country.name" value="USA"/>
<dc element="dc.source" value="Reuters"/>
</metadata>
</newsitem>
