<?xml version="1.0" encoding="iso-8859-1" ?>
<newsitem itemid="446181" id="root" date="1997-03-17" xml:lang="en">
<title>USA: Load of US corporate debt supply to hit buyers mkt.</title>
<headline>Load of US corporate debt supply to hit buyers mkt.</headline>
<dateline>NEW YORK 1997-03-17</dateline>
<text>
<p>A load of corporate debt supply is set to hit a buyer's market this week as issuers continue to meet investor demand while rushing to get deals done before interest rates head higher, dealers said.</p>
<p>&quot;I think for the first time it's more of a buyers market...they can be a little more selective,&quot; said one syndicate source. &quot;Issuers are now more cautious about where they're pricing their deals.&quot;</p>
<p>About $2.0 billion in new high-yield offerings are lined up to come to market with another $1.1 billion in high-grade issues on the horizon as well, dealers said.  </p>
<p>&quot;There's still a positive tone out there even though the (Treasury) market has traded off a bit,&quot; said one high-grade trader. &quot;People want to get their business done.&quot;</p>
<p>Among upcoming investment grade offerings, Petro Geo-Services is expected to issue $300 million in Baa3/BBB-minus rated 10-year senior unsecured notes via Donaldson Lufkin &amp; Jenrette Securities, sources said.</p>
<p>Fletcher Challenge is also expected to tap the market with a $320 million Baa2/BBB rated debt offering via Merrill Lynch &amp; Co. The deal is expected to consist of $200 million in 10-year debt and $120 million in 20-year debt, sources said.  </p>
<p>Korea Export-Import Bank is also expected to tap the market with a $500 million A1-A-minus rated $500 million global 10-year global debt issue, puttable in the fifth year. Lehman Brothers is expected to underwrite the deal.</p>
<p>Turning to the high-yield sector, Gulf Canada Resoruces Ltd is expected to tap the market with a US$225 million in Ba1/BB-plus senior notes due 2017 via Goldman Sachs &amp; Co.</p>
<p>Also, Central Tractor Farm &amp; Country is expected to issue $100 million in B1/B-plus rated senior notes due 2007 via Nationsbanc Capital markets, sources said.  </p>
<p>Intercel Inc said on Monday it planned to issue $300 million in senior notes due 2007. The company's roadshow is set to begin on March 21st and will be underwritten by lead manager Morgan Stanley &amp; Co.</p>
<p>Also, Quest Communications is expected to issue a $450 million two-part 144a debt offering via Salomon Brothers.</p>
<p>The B2/B-plus rated deal consists $200 million in 10-year senior notes and $250 million (proceeds) of 10-year senior discount notes.</p>
</text>
<copyright>(c) Reuters Limited 1997</copyright>
<metadata>
<codes class="bip:countries:1.0">
  <code code="USA">
    <editdetail attribution="Reuters BIP Coding Group" action="confirmed" date="1997-03-17"/>
  </code>
</codes>
<codes class="bip:topics:1.0">
  <code code="M12">
    <editdetail attribution="Reuters BIP Coding Group" action="confirmed" date="1997-03-17"/>
  </code>
  <code code="MCAT">
    <editdetail attribution="Reuters BIP Coding Group" action="confirmed" date="1997-03-17"/>
  </code>
</codes>
<dc element="dc.date.created" value="1997-03-17"/>
<dc element="dc.publisher" value="Reuters Holdings Plc"/>
<dc element="dc.date.published" value="1997-03-17"/>
<dc element="dc.source" value="Reuters"/>
<dc element="dc.creator.location" value="NEW YORK"/>
<dc element="dc.creator.location.country.name" value="USA"/>
<dc element="dc.source" value="Reuters"/>
</metadata>
</newsitem>
