<?xml version="1.0" encoding="iso-8859-1" ?>
<newsitem itemid="446119" id="root" date="1997-03-17" xml:lang="en">
<title>USA: Trans-Lux Corp Q4 net rises.</title>
<headline>Trans-Lux Corp Q4 net rises.</headline>
<dateline>NORWALK, Conn. 1997-03-17</dateline>
<text>
<p>Trans-Lux Corporation</p>
<p>				 Results of Operations</p>
<p>				Unaudited</p>
<p>			    Three Months Ended     Year Ended</p>
<p>				  December 31	  December 31</p>
<p>			    1996	1995	  1996	  1995</p>
<p> Revenues	$12,414,000 $8,910,000 $45,285,000 $37,791,000</p>
<p>Income before taxes</p>
<p>			 705,000    577,000   2,203,000   1,839,000</p>
<p> Net income	  381,000    334,000   1,250,000   1,066,000</p>
<p>Earnings per share -</p>
<p>  primary		 0.29	 0.27	  0.97	  0.85</p>
<p>Earnings per share -</p>
<p>  fully diluted	 0.26	 0.24	  0.90	  0.81</p>
<p>Average common shares</p>
<p>outstanding - primary</p>
<p>		     1,293,000  1,262,000   1,284,000   1,259,000</p>
<p>Average common shares</p>
<p>outstanding -</p>
<p>  fully diluted  1,799,000  1,646,000   1,697,000   1,643,000</p>
</text>
<copyright>(c) Reuters Limited 1997</copyright>
<metadata>
<codes class="bip:countries:1.0">
  <code code="USA">
    <editdetail attribution="Reuters BIP Coding Group" action="confirmed" date="1997-03-17"/>
  </code>
</codes>
<codes class="bip:industries:1.0">
  <code code="I84000">
    <editdetail attribution="Reuters BIP Coding Group" action="confirmed" date="1997-03-17"/>
  </code>
</codes>
<codes class="bip:topics:1.0">
  <code code="C15">
    <editdetail attribution="Reuters BIP Coding Group" action="confirmed" date="1997-03-17"/>
  </code>
  <code code="C151">
    <editdetail attribution="Reuters BIP Coding Group" action="confirmed" date="1997-03-17"/>
  </code>
  <code code="C1511">
    <editdetail attribution="Reuters BIP Coding Group" action="confirmed" date="1997-03-17"/>
  </code>
  <code code="CCAT">
    <editdetail attribution="Reuters BIP Coding Group" action="confirmed" date="1997-03-17"/>
  </code>
</codes>
<dc element="dc.date.created" value="1997-03-17"/>
<dc element="dc.publisher" value="Reuters Holdings Plc"/>
<dc element="dc.date.published" value="1997-03-17"/>
<dc element="dc.source" value="Reuters"/>
<dc element="dc.creator.location" value="NORWALK, Conn."/>
<dc element="dc.creator.location.country.name" value="USA"/>
<dc element="dc.source" value="Reuters"/>
</metadata>
</newsitem>
