<?xml version="1.0" encoding="iso-8859-1" ?>
<newsitem itemid="446167" id="root" date="1997-03-17" xml:lang="en">
<title>USA: UNR names Pemberton as new president, CEO.</title>
<headline>UNR names Pemberton as new president, CEO.</headline>
<dateline>CHICAGO 1997-03-17</dateline>
<text>
<p>UNR Industries Inc said Monday it named Brian Pemberton as president and chief executive officer, effective April 14.</p>
<p>Pemberton, formerly president and chief executive officer of American Mobile Satellite Corp, will succeed Thomas Gildehaus, who will continue to serve as a member of UNR's board.</p>
<p>UNR manufactures equipment for the telecommunications industry.</p>
<p>((Reuters Chicago Newsdesk (312) 408-8787))</p>
</text>
<copyright>(c) Reuters Limited 1997</copyright>
<metadata>
<codes class="bip:countries:1.0">
  <code code="USA">
    <editdetail attribution="Reuters BIP Coding Group" action="confirmed" date="1997-03-17"/>
  </code>
</codes>
<codes class="bip:industries:1.0">
  <code code="I22100">
    <editdetail attribution="Reuters BIP Coding Group" action="confirmed" date="1997-03-17"/>
  </code>
</codes>
<codes class="bip:topics:1.0">
  <code code="C41">
    <editdetail attribution="Reuters BIP Coding Group" action="confirmed" date="1997-03-17"/>
  </code>
  <code code="C411">
    <editdetail attribution="Reuters BIP Coding Group" action="confirmed" date="1997-03-17"/>
  </code>
  <code code="CCAT">
    <editdetail attribution="Reuters BIP Coding Group" action="confirmed" date="1997-03-17"/>
  </code>
</codes>
<dc element="dc.date.created" value="1997-03-17"/>
<dc element="dc.publisher" value="Reuters Holdings Plc"/>
<dc element="dc.date.published" value="1997-03-17"/>
<dc element="dc.source" value="Reuters"/>
<dc element="dc.creator.location" value="CHICAGO"/>
<dc element="dc.creator.location.country.name" value="USA"/>
<dc element="dc.source" value="Reuters"/>
</metadata>
</newsitem>
