<?xml version="1.0" encoding="iso-8859-1" ?>
<newsitem itemid="446115" id="root" date="1997-03-17" xml:lang="en">
<title>USA: NYCE cotton futures end down, specs sell on close.</title>
<headline>NYCE cotton futures end down, specs sell on close.</headline>
<dateline>NEW YORK 1997-03-17</dateline>
<text>
<p>NYCE cotton futures came under pressure by late-session speculative selling and settled just over the day's lows, market sources said.</p>
<p>The selling accelerated when the benchmark May contract fell below its downside target of 75.20 cents and triggered stops, pushing the spot month to its low of 74.85 cents.</p>
<p>May settled down 0.70 to 74.91 cents a lb, having ranged from 75.85 to 74.85 cents. The deferred months closed down 0.60 to 0.12 cent.</p>
<p>Volume was estimated at 4,500 lots compared to Friday's official 8,682 lots.</p>
<p>&quot;The market needs to test the lower levels to get new sales registered,&quot; Merrill Lynch analyst Judith Ganes, said.</p>
<p>She noted that new-crop December managed to limit losses, reflecting fears that ongoing rain and potential flooding in the Mississippi Delta could slash planted cotton area in the 1997/98 season.</p>
<p>Players await Tuesday's spec/hedge report with expectations for the speculators to be shown holding a 5-10 percent net long position.</p>
<p>Rain in South America over the weekend was mildly supportive to prices, market sources said. Dry weather has returned to Australia during the harvest.</p>
<p>Argentina said today it exported 354,825 tonnes of cotton fiber in 1996, making it the fourth largest exporter in the world. The government did not release a comparative figure for the previous season.</p>
<p>((Suzanne Rostler, New York Commodity Desk, 212-859-1640))</p>
</text>
<copyright>(c) Reuters Limited 1997</copyright>
<metadata>
<codes class="bip:countries:1.0">
  <code code="USA">
    <editdetail attribution="Reuters BIP Coding Group" action="confirmed" date="1997-03-17"/>
  </code>
</codes>
<codes class="bip:topics:1.0">
  <code code="M14">
    <editdetail attribution="Reuters BIP Coding Group" action="confirmed" date="1997-03-17"/>
  </code>
  <code code="M141">
    <editdetail attribution="Reuters BIP Coding Group" action="confirmed" date="1997-03-17"/>
  </code>
  <code code="MCAT">
    <editdetail attribution="Reuters BIP Coding Group" action="confirmed" date="1997-03-17"/>
  </code>
</codes>
<dc element="dc.date.created" value="1997-03-17"/>
<dc element="dc.publisher" value="Reuters Holdings Plc"/>
<dc element="dc.date.published" value="1997-03-17"/>
<dc element="dc.source" value="Reuters"/>
<dc element="dc.creator.location" value="NEW YORK"/>
<dc element="dc.creator.location.country.name" value="USA"/>
<dc element="dc.source" value="Reuters"/>
</metadata>
</newsitem>
