<?xml version="1.0" encoding="iso-8859-1" ?>
<newsitem itemid="446117" id="root" date="1997-03-17" xml:lang="en">
<title>USA: Marathon sets Illinois refinery turnaround.</title>
<headline>Marathon sets Illinois refinery turnaround.</headline>
<dateline>HOUSTON 1997-03-17</dateline>
<text>
<p>Marathon Oil Co is slated to begin maintenance work that will idle a 175,000 barrel per day crude unit at its Robinson, Ill., refinery beginning on March 27, traders said.</p>
<p>The company also plans to conduct maintenance on a 35,000 barrel per day reformer, 24,000 barrel per day hydrotreater and 24,600 barrel per day coker in the month-long turnaround at the 175,000 barrel per day refinery, traders said.</p>
<p>A company spokesman declined comment on the refiner's plans. &quot;We don't discuss normal maintenance,&quot; he said.</p>
<p>Marathon, a unit of USX-Marathon Group, is one of several major Midwest oil refineries conducting seasonal maintenance ahead of the summer driving season, traders said.</p>
<p>Mobil Corp's 188,000 barrel per day Joliet, Ill., refinery is scheduled to complete maintenance on unspecified units on March 22.</p>
<p>Sinclair Oil Corp's 54,000 barrel per day Tulsa, Okla., refinery comes out of a turnaround on March 25, traders said.</p>
<p>Farmland recently completed maintenance on a 16,000 barrel per day reformer and two hydrotreaters rated at 27,000 barrels per day capacity, traders said.</p>
</text>
<copyright>(c) Reuters Limited 1997</copyright>
<metadata>
<codes class="bip:countries:1.0">
  <code code="USA">
    <editdetail attribution="Reuters BIP Coding Group" action="confirmed" date="1997-03-17"/>
  </code>
</codes>
<codes class="bip:industries:1.0">
  <code code="I14000">
    <editdetail attribution="Reuters BIP Coding Group" action="confirmed" date="1997-03-17"/>
  </code>
</codes>
<codes class="bip:topics:1.0">
  <code code="C24">
    <editdetail attribution="Reuters BIP Coding Group" action="confirmed" date="1997-03-17"/>
  </code>
  <code code="CCAT">
    <editdetail attribution="Reuters BIP Coding Group" action="confirmed" date="1997-03-17"/>
  </code>
</codes>
<dc element="dc.date.created" value="1997-03-17"/>
<dc element="dc.publisher" value="Reuters Holdings Plc"/>
<dc element="dc.date.published" value="1997-03-17"/>
<dc element="dc.source" value="Reuters"/>
<dc element="dc.creator.location" value="HOUSTON"/>
<dc element="dc.creator.location.country.name" value="USA"/>
<dc element="dc.source" value="Reuters"/>
</metadata>
</newsitem>
