<?xml version="1.0" encoding="iso-8859-1" ?>
<newsitem itemid="446112" id="root" date="1997-03-17" xml:lang="en">
<title>USA: CSCE coffee posts heavy losses as supply woes ease.</title>
<headline>CSCE coffee posts heavy losses as supply woes ease.</headline>
<dateline>NEW YORK 1997-03-17</dateline>
<text>
<p>CSCE coffee prices plunged to their lowest settlement in three weeks on Monday, as commodity funds sold heavily amid an easing of short-term supply concerns, market sources said.</p>
<p>With future prices nearly doubling since early December, traders said more coffee has found its way to exchange warehouses as producers took advantage of the highest prices in nearly two-and-a-half years.</p>
<p>In the past two weeks alone, CSCE certified stockpiles have nearly tripled to 47,233 60-kg bags after a rise of 2,250 bags as of Friday.</p>
<p>&quot;Things are not as bullish as they were two weeks ago,&quot; Smith Barney analyst Walt Spilka. &quot;Stocks are increasing and prices are going down.&quot;</p>
<p>&quot;I think the party is over,&quot; he added.</p>
<p>The most-active May contract suffered the heaviest losses, plummeting 17.70 cents -- or more than nine percent -- on the day, to 168.65 cents a lb, after ranging from 185.90 to 167.65. Spot March, which expires on Tuesday, slid 7.35 cents, to 197.65 cents. The rest fell 11.75 to 15.20 cents.</p>
<p>Some traders said an anticipated increase in Green Coffee Association (GCA) stockpiles may have also calmed supply worries.</p>
<p>After Monday's close, GCA data showed that supplies of green coffee stowed in U.S. warehouses rose by 204,000 60-kg bags in February to 1,546,000 bags -- their highest level in five months.  Most dealers expected the February data to show a rise of up to 100,000 60-kg.</p>
<p>By comparison, U.S. green coffee stocks rose by a modest 15,000 bags last month. Stockpiles in February of 1996, however, were still some 50 percent higher than current levels, at 2,221,000 bags, up 70,000 bags from the previous month, GCA said.</p>
<p>Despite the recent build up in stockpiles, traders said future prices should continue to be well underpinned by low inventory levels.</p>
<p>&quot;I think you could see prices drop to 160-150,&quot; one trader said. &quot;But they will probably bounce back up. The situation is still very tight&quot;</p>
<p>Technically, traders said downward momentum accelerated late in the session after the active May contract fell through key support levels at 179.00, then 175.00, triggering a series of sell-stops.</p>
<p>They said May delivery should find good support near 160.00, while 175.00 would provide near-term chart resistance.</p>
<p>Turnover was estimated at 18,352 lots, compared with Friday's official tally of 12,130 lots. ((--Patricia Avidan, New York Commodity Desk +1 212 859 1640))</p>
</text>
<copyright>(c) Reuters Limited 1997</copyright>
<metadata>
<codes class="bip:countries:1.0">
  <code code="USA">
    <editdetail attribution="Reuters BIP Coding Group" action="confirmed" date="1997-03-17"/>
  </code>
</codes>
<codes class="bip:topics:1.0">
  <code code="M14">
    <editdetail attribution="Reuters BIP Coding Group" action="confirmed" date="1997-03-17"/>
  </code>
  <code code="M141">
    <editdetail attribution="Reuters BIP Coding Group" action="confirmed" date="1997-03-17"/>
  </code>
  <code code="MCAT">
    <editdetail attribution="Reuters BIP Coding Group" action="confirmed" date="1997-03-17"/>
  </code>
</codes>
<dc element="dc.date.created" value="1997-03-17"/>
<dc element="dc.publisher" value="Reuters Holdings Plc"/>
<dc element="dc.date.published" value="1997-03-17"/>
<dc element="dc.source" value="Reuters"/>
<dc element="dc.creator.location" value="NEW YORK"/>
<dc element="dc.creator.location.country.name" value="USA"/>
<dc element="dc.source" value="Reuters"/>
</metadata>
</newsitem>
