<?xml version="1.0" encoding="iso-8859-1" ?>
<newsitem itemid="446127" id="root" date="1997-03-17" xml:lang="en">
<title>USA: Paul-Son Gaming wins $1.2 mln in contracts.</title>
<headline>Paul-Son Gaming wins $1.2 mln in contracts.</headline>
<dateline>LAS VEGAS 1997-03-17</dateline>
<text>
<p>Paul-Son Gaming Corp, a supplier of gambling equipment, on Monday said it has signed several one-year purchase contracts for playing cards valued at a total of $1.2 million.</p>
<p>The new playing card contracts call for the company to supply over 1.3 million decks to Showboat Inc 's Showboat Indiana, Players International Inc and the Isle of Capri casino in Biloxi, Mississippi.</p>
<p>&quot;With our second playing card production line in San Luis, Mexico, we now have the capacity to produce over 15 million decks of playing cards yearly,&quot; President Eric Endy said in a statement.</p>
<p>&quot;We plan to continue our aggressive efforts to expand our playing card sales and continue to increase our share of the casino and non-casino playing card markets,&quot; he said.</p>
</text>
<copyright>(c) Reuters Limited 1997</copyright>
<metadata>
<codes class="bip:countries:1.0">
  <code code="USA">
    <editdetail attribution="Reuters BIP Coding Group" action="confirmed" date="1997-03-17"/>
  </code>
</codes>
<codes class="bip:industries:1.0">
  <code code="I97912">
    <editdetail attribution="Reuters BIP Coding Group" action="confirmed" date="1997-03-17"/>
  </code>
</codes>
<codes class="bip:topics:1.0">
  <code code="C33">
    <editdetail attribution="Reuters BIP Coding Group" action="confirmed" date="1997-03-17"/>
  </code>
  <code code="CCAT">
    <editdetail attribution="Reuters BIP Coding Group" action="confirmed" date="1997-03-17"/>
  </code>
</codes>
<dc element="dc.date.created" value="1997-03-17"/>
<dc element="dc.publisher" value="Reuters Holdings Plc"/>
<dc element="dc.date.published" value="1997-03-17"/>
<dc element="dc.source" value="Reuters"/>
<dc element="dc.creator.location" value="LAS VEGAS"/>
<dc element="dc.creator.location.country.name" value="USA"/>
<dc element="dc.source" value="Reuters"/>
</metadata>
</newsitem>
