<?xml version="1.0" encoding="iso-8859-1" ?>
<newsitem itemid="446116" id="root" date="1997-03-17" xml:lang="en">
<title>USA: Sabratek files for 2.2 mln share offering.</title>
<headline>Sabratek files for 2.2 mln share offering.</headline>
<dateline>NILES, Ill. 1997-03-17</dateline>
<text>
<p>Sabratek Corp said Monday it filed a registration statement for the sale by the company of 1.7 million shares of its common stock and the sale by certain selling stockholders of 532,028 shares of common shares.</p>
<p>In addition, the company will grant underwriters a 30-day option to buy up to 334,804 additional shares to cover overallotments.</p>
<p>Sabratek will use proceeds for working capital and other general corporate purposses that may include expanding manufacturing capabilities, sales and marketing efforts.</p>
<p>Sabratek develops, produces and markets interactive therapeutic and diagnostic medical systems designed to meet the needs of the alternative-site healthcare market.</p>
<p>		((Reuters Chicago Newsdesk (312) 408-8787))</p>
</text>
<copyright>(c) Reuters Limited 1997</copyright>
<metadata>
<codes class="bip:countries:1.0">
  <code code="USA">
    <editdetail attribution="Reuters BIP Coding Group" action="confirmed" date="1997-03-17"/>
  </code>
</codes>
<codes class="bip:industries:1.0">
  <code code="I37200">
    <editdetail attribution="Reuters BIP Coding Group" action="confirmed" date="1997-03-17"/>
  </code>
</codes>
<codes class="bip:topics:1.0">
  <code code="C17">
    <editdetail attribution="Reuters BIP Coding Group" action="confirmed" date="1997-03-17"/>
  </code>
  <code code="C171">
    <editdetail attribution="Reuters BIP Coding Group" action="confirmed" date="1997-03-17"/>
  </code>
  <code code="CCAT">
    <editdetail attribution="Reuters BIP Coding Group" action="confirmed" date="1997-03-17"/>
  </code>
</codes>
<dc element="dc.date.created" value="1997-03-17"/>
<dc element="dc.publisher" value="Reuters Holdings Plc"/>
<dc element="dc.date.published" value="1997-03-17"/>
<dc element="dc.source" value="Reuters"/>
<dc element="dc.creator.location" value="NILES, Ill."/>
<dc element="dc.creator.location.country.name" value="USA"/>
<dc element="dc.source" value="Reuters"/>
</metadata>
</newsitem>
