<?xml version="1.0" encoding="iso-8859-1" ?>
<newsitem itemid="446169" id="root" date="1997-03-17" xml:lang="en">
<title>USA: United Capital Corp Q4 shr rises to $0.37.</title>
<headline>United Capital Corp Q4 shr rises to $0.37.</headline>
<dateline>GREAT NECK, N.Y. 1997-03-17</dateline>
<text>
<p>(000's omitted except per share data)</p>
<p>			  Three Months Ended	  Year Ended</p>
<p>			 12/31/96    12/31/95   12/31/96   12/31/95</p>
<p> Revenues	    $ 21,099    $ 21,847   $ 84,874   $ 84,646</p>
<p>Income from</p>
<p>continuing</p>
<p>  operations	    2,005	    83	5,837	3,569</p>
<p>Loss from discontinued</p>
<p>  operations		 0	     0	    0  (   5,473)</p>
<p> Net income (loss)   2,005	    83	5,837  (   1,904)</p>
<p>Earnings per</p>
<p>share:</p>
<p>Income from</p>
<p>continuing</p>
<p>  operations		.37	   .01	 1.06	  .61</p>
<p>Loss from</p>
<p>discontinued</p>
<p>operations,</p>
<p>  net of tax		  0	     0	    0	(.93)</p>
<p>Net income (loss)</p>
<p>  per common share     .37	   .01	 1.06  (     .32)</p>
<p>Weighted</p>
<p>average number</p>
<p>of common shares</p>
<p>  outstanding     5,403,284   5,660,250  5,510,891  5,893,246</p>
<p>((-- New York Newsdesk 212 859-1610))</p>
</text>
<copyright>(c) Reuters Limited 1997</copyright>
<metadata>
<codes class="bip:countries:1.0">
  <code code="USA">
    <editdetail attribution="Reuters BIP Coding Group" action="confirmed" date="1997-03-17"/>
  </code>
</codes>
<codes class="bip:industries:1.0">
  <code code="I81502">
    <editdetail attribution="Reuters BIP Coding Group" action="confirmed" date="1997-03-17"/>
  </code>
  <code code="I8150206">
    <editdetail attribution="Reuters BIP Coding Group" action="confirmed" date="1997-03-17"/>
  </code>
</codes>
<codes class="bip:topics:1.0">
  <code code="C15">
    <editdetail attribution="Reuters BIP Coding Group" action="confirmed" date="1997-03-17"/>
  </code>
  <code code="C151">
    <editdetail attribution="Reuters BIP Coding Group" action="confirmed" date="1997-03-17"/>
  </code>
  <code code="C1511">
    <editdetail attribution="Reuters BIP Coding Group" action="confirmed" date="1997-03-17"/>
  </code>
  <code code="CCAT">
    <editdetail attribution="Reuters BIP Coding Group" action="confirmed" date="1997-03-17"/>
  </code>
</codes>
<dc element="dc.date.created" value="1997-03-17"/>
<dc element="dc.publisher" value="Reuters Holdings Plc"/>
<dc element="dc.date.published" value="1997-03-17"/>
<dc element="dc.source" value="Reuters"/>
<dc element="dc.creator.location" value="GREAT NECK, N.Y."/>
<dc element="dc.creator.location.country.name" value="USA"/>
<dc element="dc.source" value="Reuters"/>
</metadata>
</newsitem>
