<?xml version="1.0" encoding="iso-8859-1" ?>
<newsitem itemid="446143" id="root" date="1997-03-17" xml:lang="en">
<title>USA: Equity Inns to buy 28 Hampton Inns.</title>
<headline>Equity Inns to buy 28 Hampton Inns.</headline>
<dateline>MEMPHIS, Tenn. 1997-03-17</dateline>
<text>
<p>Equity Inns Inc said on Monday that it has entered into agreements to acquire 28 Hampton Inn hotels with an aggregate of 3,487 rooms in 14 states for approximately $182 million.</p>
<p>Equity Inns is buying the hotels from a series of partnerships controlled by Growth Hotel Investors and Growth Hotel Investors II, the company said.</p>
<p>The purchase prices include franchisor required renovations and franchise transfer fees, Equity Inns said.  </p>
<p>Equity Inns said the hotels are located principally in the southeastern and midwestern United States in major urban and suburban markets.</p>
<p>The agreements provide for a due diligence period which expires April 28, 1997, during which Equity Inns may terminate the agreements for any reason, the company said.</p>
<p>The purchase and sale of the hotels are subject to the requisite approvals of the limited partners of Growth Hotel Investors and other real estate closing conditions, Equity Inns said.</p>
</text>
<copyright>(c) Reuters Limited 1997</copyright>
<metadata>
<codes class="bip:countries:1.0">
  <code code="USA">
    <editdetail attribution="Reuters BIP Coding Group" action="confirmed" date="1997-03-17"/>
  </code>
</codes>
<codes class="bip:industries:1.0">
  <code code="I81502">
    <editdetail attribution="Reuters BIP Coding Group" action="confirmed" date="1997-03-17"/>
  </code>
  <code code="I8150206">
    <editdetail attribution="Reuters BIP Coding Group" action="confirmed" date="1997-03-17"/>
  </code>
</codes>
<codes class="bip:topics:1.0">
  <code code="C18">
    <editdetail attribution="Reuters BIP Coding Group" action="confirmed" date="1997-03-17"/>
  </code>
  <code code="C182">
    <editdetail attribution="Reuters BIP Coding Group" action="confirmed" date="1997-03-17"/>
  </code>
  <code code="CCAT">
    <editdetail attribution="Reuters BIP Coding Group" action="confirmed" date="1997-03-17"/>
  </code>
</codes>
<dc element="dc.date.created" value="1997-03-17"/>
<dc element="dc.publisher" value="Reuters Holdings Plc"/>
<dc element="dc.date.published" value="1997-03-17"/>
<dc element="dc.source" value="Reuters"/>
<dc element="dc.creator.location" value="MEMPHIS, Tenn."/>
<dc element="dc.creator.location.country.name" value="USA"/>
<dc element="dc.source" value="Reuters"/>
</metadata>
</newsitem>
