<?xml version="1.0" encoding="iso-8859-1" ?>
<newsitem itemid="446136" id="root" date="1997-03-17" xml:lang="en">
<title>USA: Citation --Southern Ductile union strikes.</title>
<headline>Citation --Southern Ductile union strikes.</headline>
<dateline>BIRMINGHAM, Ala. 1997-03-17</dateline>
<text>
<p>Citation Corp Monday said its Southern Ductile Castings division was struck as of midnight Sunday night, March 16, by the GMP Union local 62 when members failed to ratify a proposed new agreement.</p>
<p>Southern Ductile continued limited operations with supervisory employees Monday. There are about 200 production workers at the facility.</p>
<p>The strike is not expected to have a material impact on Citation earnings assuming it is of limited duration, the company said.  </p>
<p>The company said it offered a labor agreement containing substantial increases in wages, pensions and life insurance and maintaining health care coverage at its current level with no increases in the employee contribution during the life of the agreement. Average wages at the plant are approximately $10.00 per hour. Citation Corp also operates similar divisions in other localities.</p>
<p>Citation is a metal components producer for capital goods and durable goods industries with 16 manufacturing divisions located in eight states. The Bessemer plant has annual sales of approximately $25 million and produces ductile iron castings for passenger cars and light trucks, heavy trucks, industrial valves, farm equipment and electrical equipment.  For Citation, fiscal 1996 sales were $487.8 million and the corporation has approximately 5,600 employees.</p>
</text>
<copyright>(c) Reuters Limited 1997</copyright>
<metadata>
<codes class="bip:countries:1.0">
  <code code="USA">
    <editdetail attribution="Reuters BIP Coding Group" action="confirmed" date="1997-03-17"/>
  </code>
</codes>
<codes class="bip:industries:1.0">
  <code code="I22100">
    <editdetail attribution="Reuters BIP Coding Group" action="confirmed" date="1997-03-17"/>
  </code>
</codes>
<codes class="bip:topics:1.0">
  <code code="C42">
    <editdetail attribution="Reuters BIP Coding Group" action="confirmed" date="1997-03-17"/>
  </code>
  <code code="CCAT">
    <editdetail attribution="Reuters BIP Coding Group" action="confirmed" date="1997-03-17"/>
  </code>
  <code code="E41">
    <editdetail attribution="Reuters BIP Coding Group" action="confirmed" date="1997-03-17"/>
  </code>
  <code code="ECAT">
    <editdetail attribution="Reuters BIP Coding Group" action="confirmed" date="1997-03-17"/>
  </code>
  <code code="GCAT">
    <editdetail attribution="Reuters BIP Coding Group" action="confirmed" date="1997-03-17"/>
  </code>
  <code code="GJOB">
    <editdetail attribution="Reuters BIP Coding Group" action="confirmed" date="1997-03-17"/>
  </code>
</codes>
<dc element="dc.date.created" value="1997-03-17"/>
<dc element="dc.publisher" value="Reuters Holdings Plc"/>
<dc element="dc.date.published" value="1997-03-17"/>
<dc element="dc.source" value="Reuters"/>
<dc element="dc.creator.location" value="BIRMINGHAM, Ala."/>
<dc element="dc.creator.location.country.name" value="USA"/>
<dc element="dc.source" value="Reuters"/>
</metadata>
</newsitem>
