<?xml version="1.0" encoding="iso-8859-1" ?>
<newsitem itemid="446109" id="root" date="1997-03-17" xml:lang="en">
<title>USA: Florida sees August trial start in tobacco case.</title>
<headline>Florida sees August trial start in tobacco case.</headline>
<dateline>MIAMI 1997-03-17</dateline>
<text>
<p>Florida sees as near certain an August 4 start in the high-profile trial on the state government's $1 billion lawsuit against tobacco companies, now that the U.S. Supreme Court has rejected a constitutional challenge.</p>
<p>&quot;It removes a possible hurdle to going to trial on August 4,&quot; Dexter Douglas, general counsel to Gov. Lawton Chiles, said in an interview.  </p>
<p>The U.S. Supreme Court in Washington on Monday let stand a Florida Supreme Court ruling that the state government has the legal right under a 1994 state law to sue cigarette makers for Medicaid costs incurred by Florida from tobacco-related illnesses.</p>
<p>The Florida suit is one of 22 such legal actions filed by state governments throughout the United States.  A trial in the suit brought by Mississippi's attorney general is due to begin in June.</p>
<p>&quot;We're very pleased,&quot; Douglass said of the U.S. Supreme court action.  </p>
<p>Douglass said the defendants, which include Philip Morris Cos Inc and the Brown &amp; Williamson unit of B.A.T Industries Plc, had few other apparent moves left to put off an August 4 trial start.</p>
<p>&quot;The judge has been very aggressive in making sure we all stick to schedule,&quot; Douglass said.</p>
<p>Trial Judge Harold Cohen of Palm Beach County Court has repeatedly said during pre-trial hearings that he was aiming for an August 4 trial start.  Lawyers on both sides estimate the trial will last several months.</p>
<p>Cohen last month rejected a request from tobacco company lawyers that the state trial be postponed until completion of a class-action suit in Miami on behalf of all sick cigarette smokers or their survivors in Florida.  That trial is scheduled to begin in early June and expected to last for several months.</p>
<p>-- Michael Connor - Miami newsroom, 305-374-5013</p>
</text>
<copyright>(c) Reuters Limited 1997</copyright>
<metadata>
<codes class="bip:countries:1.0">
  <code code="USA">
    <editdetail attribution="Reuters BIP Coding Group" action="confirmed" date="1997-03-17"/>
  </code>
</codes>
<codes class="bip:industries:1.0">
  <code code="I42900">
    <editdetail attribution="Reuters BIP Coding Group" action="confirmed" date="1997-03-17"/>
  </code>
  <code code="I83960">
    <editdetail attribution="Reuters BIP Coding Group" action="confirmed" date="1997-03-17"/>
  </code>
</codes>
<codes class="bip:topics:1.0">
  <code code="C12">
    <editdetail attribution="Reuters BIP Coding Group" action="confirmed" date="1997-03-17"/>
  </code>
  <code code="C13">
    <editdetail attribution="Reuters BIP Coding Group" action="confirmed" date="1997-03-17"/>
  </code>
  <code code="CCAT">
    <editdetail attribution="Reuters BIP Coding Group" action="confirmed" date="1997-03-17"/>
  </code>
  <code code="GCAT">
    <editdetail attribution="Reuters BIP Coding Group" action="confirmed" date="1997-03-17"/>
  </code>
  <code code="GCRIM">
    <editdetail attribution="Reuters BIP Coding Group" action="confirmed" date="1997-03-17"/>
  </code>
</codes>
<dc element="dc.date.created" value="1997-03-17"/>
<dc element="dc.publisher" value="Reuters Holdings Plc"/>
<dc element="dc.date.published" value="1997-03-17"/>
<dc element="dc.source" value="Reuters"/>
<dc element="dc.creator.location" value="MIAMI"/>
<dc element="dc.creator.location.country.name" value="USA"/>
<dc element="dc.source" value="Reuters"/>
</metadata>
</newsitem>
