<?xml version="1.0" encoding="iso-8859-1" ?>
<newsitem itemid="446139" id="root" date="1997-03-17" xml:lang="en">
<title>USA: R.P. Scherer, Oxoid Ltd in license pact.</title>
<headline>R.P. Scherer, Oxoid Ltd in license pact.</headline>
<dateline>TROY, Mich. 1997-03-17</dateline>
<text>
<p>R.P. Scherer Corp said its affiliate, Scherer DDS Ltd, and Oxoid Ltd, an international microbiological company, entered into a license and supply agreement covering Scherer's Pulsincap technology.</p>
<p>The use of the Pulsincap capsules is expected to reduce by up to 50 percent the time required to test foods for bacterial contamination.</p>
<p>The agreement covers commercial arrangements for the exclusive worldwide use of the patented technology in test kits for the detection of specific bacterial contamination in foods.</p>
<p>The initial launches are expected to take place within the next 12 months.</p>
<p>Oxoid is based in Basingstoke in the United Kingdom.</p>
<p>	  ((Reuters Chicago Newsdesk (312) 408-8787))</p>
</text>
<copyright>(c) Reuters Limited 1997</copyright>
<metadata>
<codes class="bip:countries:1.0">
  <code code="USA">
    <editdetail attribution="Reuters BIP Coding Group" action="confirmed" date="1997-03-17"/>
  </code>
</codes>
<codes class="bip:industries:1.0">
  <code code="I25700">
    <editdetail attribution="Reuters BIP Coding Group" action="confirmed" date="1997-03-17"/>
  </code>
</codes>
<codes class="bip:topics:1.0">
  <code code="C13">
    <editdetail attribution="Reuters BIP Coding Group" action="confirmed" date="1997-03-17"/>
  </code>
  <code code="C33">
    <editdetail attribution="Reuters BIP Coding Group" action="confirmed" date="1997-03-17"/>
  </code>
  <code code="CCAT">
    <editdetail attribution="Reuters BIP Coding Group" action="confirmed" date="1997-03-17"/>
  </code>
</codes>
<dc element="dc.date.created" value="1997-03-17"/>
<dc element="dc.publisher" value="Reuters Holdings Plc"/>
<dc element="dc.date.published" value="1997-03-17"/>
<dc element="dc.source" value="Reuters"/>
<dc element="dc.creator.location" value="TROY, Mich."/>
<dc element="dc.creator.location.country.name" value="USA"/>
<dc element="dc.source" value="Reuters"/>
</metadata>
</newsitem>
