<?xml version="1.0" encoding="iso-8859-1" ?>
<newsitem itemid="446199" id="root" date="1997-03-17" xml:lang="en">
<title>USA: Saratoga files for registration of stock.</title>
<headline>Saratoga files for registration of stock.</headline>
<dateline>LAKEWOOD, N.J. 1997-03-17</dateline>
<text>
<p>Saratoga Brands Inc said Monday that on Friday it filed with the U.S. Securities and Exchange Commission a Form 10-SB for registration of the common stock of its Mobile Caterers Inc subsidiary.</p>
<p>Upon effect of a registration statement, Saratoga Brands said it intends to distribute, as a dividend to its common shareholders, 100 percent of the common stock of Mobile Caterers.</p>
<p>The company said it will distribute one share of Mobile Caterers for each five shares of Saratoga Brands common stock and that Saratoga Brands stock is expected to trade with due bill attached until the execution date.</p>
<p>After the distribution, there will be about 2.2 million common shares of Mobile Caterers issued and outstanding, Saratoga Brands said.</p>
</text>
<copyright>(c) Reuters Limited 1997</copyright>
<metadata>
<codes class="bip:countries:1.0">
  <code code="USA">
    <editdetail attribution="Reuters BIP Coding Group" action="confirmed" date="1997-03-17"/>
  </code>
</codes>
<codes class="bip:industries:1.0">
  <code code="I41000">
    <editdetail attribution="Reuters BIP Coding Group" action="confirmed" date="1997-03-17"/>
  </code>
</codes>
<codes class="bip:topics:1.0">
  <code code="C14">
    <editdetail attribution="Reuters BIP Coding Group" action="confirmed" date="1997-03-17"/>
  </code>
  <code code="C17">
    <editdetail attribution="Reuters BIP Coding Group" action="confirmed" date="1997-03-17"/>
  </code>
  <code code="C171">
    <editdetail attribution="Reuters BIP Coding Group" action="confirmed" date="1997-03-17"/>
  </code>
  <code code="CCAT">
    <editdetail attribution="Reuters BIP Coding Group" action="confirmed" date="1997-03-17"/>
  </code>
</codes>
<dc element="dc.date.created" value="1997-03-17"/>
<dc element="dc.publisher" value="Reuters Holdings Plc"/>
<dc element="dc.date.published" value="1997-03-17"/>
<dc element="dc.source" value="Reuters"/>
<dc element="dc.creator.location" value="LAKEWOOD, N.J."/>
<dc element="dc.creator.location.country.name" value="USA"/>
<dc element="dc.source" value="Reuters"/>
</metadata>
</newsitem>
