<?xml version="1.0" encoding="iso-8859-1" ?>
<newsitem itemid="446162" id="root" date="1997-03-17" xml:lang="en">
<title>USA: PHP Healthcare to pursue &quot;blocked&quot; payments.</title>
<headline>PHP Healthcare to pursue &quot;blocked&quot; payments.</headline>
<dateline>RESTON, Va. 1997-03-17</dateline>
<text>
<p>PHP Healthcare Corp said Monday it will pursue payments of $18.9 million it says is owed to it by the District of Columbia.</p>
<p>The company said it recognized a third quarter charge of $9.8 million to establish a reserve for certain Medicaid receivables due from the District of Columbia, principally for services provided during the years 1992 through 1994 at its health maintenance organization subsidiary, D.C. Chartered Health Plan.  </p>
<p>For several years the company said it talked with the District regarding these amounts. That process, the company said, resulted in a signed agreement to settle these amounts due the company for $18.9 million.</p>
<p>&quot;It is now evident to the company, however, through recent comments in the local press, that payment has been blocked,&quot; PHP said.</p>
<p>PHP said it remains committed to pursuing its contractual rights for the amounts it is due from the District.  </p>
<p>PHP Healthcare currently operates more than 80 healthcare projects in 28 states.</p>
</text>
<copyright>(c) Reuters Limited 1997</copyright>
<metadata>
<codes class="bip:countries:1.0">
  <code code="USA">
    <editdetail attribution="Reuters BIP Coding Group" action="confirmed" date="1997-03-17"/>
  </code>
</codes>
<codes class="bip:industries:1.0">
  <code code="I95100">
    <editdetail attribution="Reuters BIP Coding Group" action="confirmed" date="1997-03-17"/>
  </code>
</codes>
<codes class="bip:topics:1.0">
  <code code="C12">
    <editdetail attribution="Reuters BIP Coding Group" action="confirmed" date="1997-03-17"/>
  </code>
  <code code="C13">
    <editdetail attribution="Reuters BIP Coding Group" action="confirmed" date="1997-03-17"/>
  </code>
  <code code="C15">
    <editdetail attribution="Reuters BIP Coding Group" action="confirmed" date="1997-03-17"/>
  </code>
  <code code="C151">
    <editdetail attribution="Reuters BIP Coding Group" action="confirmed" date="1997-03-17"/>
  </code>
  <code code="CCAT">
    <editdetail attribution="Reuters BIP Coding Group" action="confirmed" date="1997-03-17"/>
  </code>
  <code code="GCAT">
    <editdetail attribution="Reuters BIP Coding Group" action="confirmed" date="1997-03-17"/>
  </code>
  <code code="GCRIM">
    <editdetail attribution="Reuters BIP Coding Group" action="confirmed" date="1997-03-17"/>
  </code>
</codes>
<dc element="dc.date.created" value="1997-03-17"/>
<dc element="dc.publisher" value="Reuters Holdings Plc"/>
<dc element="dc.date.published" value="1997-03-17"/>
<dc element="dc.source" value="Reuters"/>
<dc element="dc.creator.location" value="RESTON, Va."/>
<dc element="dc.creator.location.country.name" value="USA"/>
<dc element="dc.source" value="Reuters"/>
</metadata>
</newsitem>
