<?xml version="1.0" encoding="iso-8859-1" ?>
<newsitem itemid="446137" id="root" date="1997-03-17" xml:lang="en">
<title>USA: Earthgrains stake cut by Cooperman.</title>
<headline>Earthgrains stake cut by Cooperman.</headline>
<dateline>WASHINGTON 1997-03-17</dateline>
<text>
<p>Investor Leon G. Cooperman said Monday he cut its stake in Earthgrains Co to 506,400 common shares or five percent.</p>
<p>In a filing with the Securities and Exchange Commission, Cooperman said his most recent transactions include selling 9,900 common shares between Jan 27 and March 10 at $47.50 to $57 per share.</p>
<p>Cooperman is managing partner of a group including Omega Capital Partners LP.</p>
<p>Earthgrains, based in St. Louis, Mo., is in the baked goods business.</p>
</text>
<copyright>(c) Reuters Limited 1997</copyright>
<metadata>
<codes class="bip:countries:1.0">
  <code code="USA">
    <editdetail attribution="Reuters BIP Coding Group" action="confirmed" date="1997-03-17"/>
  </code>
</codes>
<codes class="bip:industries:1.0">
  <code code="I41900">
    <editdetail attribution="Reuters BIP Coding Group" action="confirmed" date="1997-03-17"/>
  </code>
</codes>
<codes class="bip:topics:1.0">
  <code code="C18">
    <editdetail attribution="Reuters BIP Coding Group" action="confirmed" date="1997-03-17"/>
  </code>
  <code code="C181">
    <editdetail attribution="Reuters BIP Coding Group" action="confirmed" date="1997-03-17"/>
  </code>
  <code code="CCAT">
    <editdetail attribution="Reuters BIP Coding Group" action="confirmed" date="1997-03-17"/>
  </code>
</codes>
<dc element="dc.date.created" value="1997-03-17"/>
<dc element="dc.publisher" value="Reuters Holdings Plc"/>
<dc element="dc.date.published" value="1997-03-17"/>
<dc element="dc.source" value="Reuters"/>
<dc element="dc.creator.location" value="WASHINGTON"/>
<dc element="dc.creator.location.country.name" value="USA"/>
<dc element="dc.source" value="Reuters"/>
</metadata>
</newsitem>
