<?xml version="1.0" encoding="iso-8859-1" ?>
<newsitem itemid="446145" id="root" date="1997-03-17" xml:lang="en">
<title>USA: Helisys Q2 shr loss $0.19 vs profit.</title>
<headline>Helisys Q2 shr loss $0.19 vs profit.</headline>
<dateline>TORRANCE, Calif. 1997-03-17</dateline>
<text>
<p>HELISYS, INC.</p>
<p>				STATEMENTS OF INCOME</p>
<p>				     (unaudited)</p>
<p>			 For the Three Months    For the Six Months</p>
<p>			   Ended January 31,     Ended January 31,</p>
<p>			    1996	 1997	 1996	 1997</p>
<p>Net sales	   $2,862,635 $3,805,717 $7,038,640 $5,748,438</p>
<p>Cost of sales	1,331,313  2,304,047  3,557,620  3,741,258</p>
<p> Gross profit	1,531,322  1,501,670  3,481,020  2,007,180</p>
<p>Operating expenses:</p>
<p>Selling, general</p>
<p>and</p>
<p>  administrative   1,006,178  1,497,594  1,972,780  2,784,186</p>
<p>Research and</p>
<p>  development	  429,254    712,283    839,578  1,521,441</p>
<p>			 1,435,432  2,209,877  2,812,358  4,305,627</p>
<p>Income/(loss) from</p>
<p>  operations	    95,890   (708,207)   668,662 (2,298,447)</p>
<p>Other income (expense):</p>
<p>Interest and other</p>
<p>  income			 -     18,743	8,463     51,952</p>
<p>Interest and other</p>
<p>  expense		(54,113)   (77,275)   (98,480)  (142,455)</p>
<p>Income/(loss) before</p>
<p>provision/(benefit)</p>
<p>     for income taxes 41,777   (766,739)   578,645 (2,388,950)</p>
<p>(Provision)/Benefit</p>
<p> for income taxes    (17,000)    16,900   (232,000)   544,900</p>
<p>Net income/(loss)    $24,777  $(749,839)  $346,645 (1,844,050)</p>
<p>Earnings/(loss)</p>
<p>per common share</p>
<p>equivalent:</p>
<p>Net income/(loss)</p>
<p>per common share</p>
<p> outstanding	     $0.01     $(0.19)     $0.13     $(0.46)</p>
<p>Weighted average number</p>
<p>of common shares</p>
<p> outstanding	 2,700,000  4,000,000  2,700,000  4,000,000</p>
</text>
<copyright>(c) Reuters Limited 1997</copyright>
<metadata>
<codes class="bip:countries:1.0">
  <code code="USA">
    <editdetail attribution="Reuters BIP Coding Group" action="confirmed" date="1997-03-17"/>
  </code>
</codes>
<codes class="bip:topics:1.0">
  <code code="C15">
    <editdetail attribution="Reuters BIP Coding Group" action="confirmed" date="1997-03-17"/>
  </code>
  <code code="C151">
    <editdetail attribution="Reuters BIP Coding Group" action="confirmed" date="1997-03-17"/>
  </code>
  <code code="CCAT">
    <editdetail attribution="Reuters BIP Coding Group" action="confirmed" date="1997-03-17"/>
  </code>
</codes>
<dc element="dc.date.created" value="1997-03-17"/>
<dc element="dc.publisher" value="Reuters Holdings Plc"/>
<dc element="dc.date.published" value="1997-03-17"/>
<dc element="dc.source" value="Reuters"/>
<dc element="dc.creator.location" value="TORRANCE, Calif."/>
<dc element="dc.creator.location.country.name" value="USA"/>
<dc element="dc.source" value="Reuters"/>
</metadata>
</newsitem>
