<?xml version="1.0" encoding="iso-8859-1" ?>
<newsitem itemid="446191" id="root" date="1997-03-17" xml:lang="en">
<title>USA: U.S. Senate Democrat urges regular budget order.</title>
<headline>U.S. Senate Democrat urges regular budget order.</headline>
<dateline>WASHINGTON 1997-03-17</dateline>
<text>
<p>Senate Minority Leader Tom Daschle said Monday Republicans should follow the regular budget process and either offer amendments to President Clinton's budget or offer their own plan for bringing the deficit under control.</p>
<p>&quot;I think the best approach is to start the budget process to allow amendments, to work through the budget in the Budget Committee. That entails negotiation and consultation with the White House as well as Democrats. I don't see any reason why we couldn't get started this week,&quot; the South Dakota Democrat said at his regular press conference.  </p>
<p>Daschle said he was encouraged by comments made by the Republican chairman of the Senate Budget Committee who said on CNN's Late Edition he felt budget talks could start.</p>
<p>Chairman Pete Dominici, a New Mexico Republican, said that he would offer a Republican alternative budget if Clinton did not make deeper cuts in entitlement programs such as Medicare to balance the budget.</p>
<p>&quot;We can produce a budget. In fact, I will recommend one if we can't get an agreement on entitlements.&quot;</p>
<p>Clinton sent Congress a $1.69 trillion budget proposal that cut $98.4 billion in taxes over five years, slashed $100 billion from Medicare health care for the elderly and reached a $17 billion surplus in 2002.</p>
</text>
<copyright>(c) Reuters Limited 1997</copyright>
<metadata>
<codes class="bip:countries:1.0">
  <code code="USA">
    <editdetail attribution="Reuters BIP Coding Group" action="confirmed" date="1997-03-17"/>
  </code>
</codes>
<codes class="bip:topics:1.0">
  <code code="E21">
    <editdetail attribution="Reuters BIP Coding Group" action="confirmed" date="1997-03-17"/>
  </code>
  <code code="E211">
    <editdetail attribution="Reuters BIP Coding Group" action="confirmed" date="1997-03-17"/>
  </code>
  <code code="ECAT">
    <editdetail attribution="Reuters BIP Coding Group" action="confirmed" date="1997-03-17"/>
  </code>
  <code code="GCAT">
    <editdetail attribution="Reuters BIP Coding Group" action="confirmed" date="1997-03-17"/>
  </code>
  <code code="GPOL">
    <editdetail attribution="Reuters BIP Coding Group" action="confirmed" date="1997-03-17"/>
  </code>
</codes>
<dc element="dc.date.created" value="1997-03-17"/>
<dc element="dc.publisher" value="Reuters Holdings Plc"/>
<dc element="dc.date.published" value="1997-03-17"/>
<dc element="dc.source" value="Reuters"/>
<dc element="dc.creator.location" value="WASHINGTON"/>
<dc element="dc.creator.location.country.name" value="USA"/>
<dc element="dc.source" value="Reuters"/>
</metadata>
</newsitem>
