<?xml version="1.0" encoding="iso-8859-1" ?>
<newsitem itemid="446128" id="root" date="1997-03-17" xml:lang="en">
<title>USA: Dow Chemical has no comment on lawsuit.</title>
<headline>Dow Chemical has no comment on lawsuit.</headline>
<dateline>NEW YORK 1997-03-17</dateline>
<text>
<p>A Dow Chemical Co spokesman said the company had not seen the complaint brought against it and its unit, Dow Enviromental Inc, and can not therefore comment on its specifics.</p>
<p>Dan Fellner, a Dow Chemical spokesman, noted, however, that the company &quot;has acted in an entirely appropriate manner concerning this issue.&quot;</p>
<p>Earlier today, a group of 38 current and former employees of Dow Enviromental said they sued both companies for alleged unlawful termination of retirement benefits involving $20 million in stock appreciation rights.</p>
</text>
<copyright>(c) Reuters Limited 1997</copyright>
<metadata>
<codes class="bip:countries:1.0">
  <code code="USA">
    <editdetail attribution="Reuters BIP Coding Group" action="confirmed" date="1997-03-17"/>
  </code>
</codes>
<codes class="bip:industries:1.0">
  <code code="I25000">
    <editdetail attribution="Reuters BIP Coding Group" action="confirmed" date="1997-03-17"/>
  </code>
</codes>
<codes class="bip:topics:1.0">
  <code code="C12">
    <editdetail attribution="Reuters BIP Coding Group" action="confirmed" date="1997-03-17"/>
  </code>
  <code code="CCAT">
    <editdetail attribution="Reuters BIP Coding Group" action="confirmed" date="1997-03-17"/>
  </code>
  <code code="GCAT">
    <editdetail attribution="Reuters BIP Coding Group" action="confirmed" date="1997-03-17"/>
  </code>
  <code code="GCRIM">
    <editdetail attribution="Reuters BIP Coding Group" action="confirmed" date="1997-03-17"/>
  </code>
</codes>
<dc element="dc.date.created" value="1997-03-17"/>
<dc element="dc.publisher" value="Reuters Holdings Plc"/>
<dc element="dc.date.published" value="1997-03-17"/>
<dc element="dc.source" value="Reuters"/>
<dc element="dc.creator.location" value="NEW YORK"/>
<dc element="dc.creator.location.country.name" value="USA"/>
<dc element="dc.source" value="Reuters"/>
</metadata>
</newsitem>
