<?xml version="1.0" encoding="iso-8859-1" ?>
<newsitem itemid="446163" id="root" date="1997-03-17" xml:lang="en">
<title>USA: PHP Healthcare Q3 shr loss vs profit.</title>
<headline>PHP Healthcare Q3 shr loss vs profit.</headline>
<dateline>RESTON, Va. 1997-03-17</dateline>
<text>
<p>Three Months and Nine Months ended January 31, 1997 and 1996</p>
<p>		     (In thousands, except per share data)</p>
<p>					    Three Months  Nine Months</p>
<p>					1997     1996     1997     1996</p>
<p> Revenues			 $50,434 $52,886 $162,280 $147,934</p>
<p> Direct costs		    42,543  42,305  130,510  119,100</p>
<p>   Gross profit		   7,891  10,581   31,770   28,834</p>
<p>General and administrative expenses</p>
<p>					8,165   7,039   22,584   20,971</p>
<p>Reserves for Medicaid Receivables</p>
<p>					9,822	--    9,822	 --</p>
<p>Former Chairman Retirement Package</p>
<p>					2,275	--    2,275	 --</p>
<p> Restructuring charges	  2,550	--    2,550	 --</p>
<p>Operating income (loss)</p>
<p>				   (14,921)   3,542  (5,461)    7,863</p>
<p>Other income (expense):</p>
<p>   Interest expense	   (1,360)   (979)  (4,128)  (2,076)</p>
<p>   Interest income		  470     482    1,679	885</p>
<p>Miscellaneous income (expense)</p>
<p>					 (34)    (20)     (67)	 49</p>
<p>Gain on sale of subsidiary stock</p>
<p>					   --   2,247	 --    2,247</p>
<p>Minority interest in earnings</p>
<p>     of subsidiaries	     (78)	--    (316)	 --</p>
<p>Earnings</p>
<p> (loss) before income taxes (15,923)  5,272  (8,293)    8,968</p>
<p>Income tax expense (benefit)</p>
<p>				    (6,021)   1,112  (3,151)    2,554</p>
<p>   Net earnings (loss)	(9,902)   4,160  (5,142)    6,414</p>
<p>Net earnings (loss) per share</p>
<p>				     (0.72)    0.31   (0.37)     0.48</p>
<p>Weighted average number of common</p>
<p>and common equivalent shares</p>
<p>   outstanding		   13,679  13,603   13,733   13,280</p>
<p>NOTE: The Company recognized a third quarter charge of $9.8 million to establish a reserve for certain Medicaid receivables due from the District of Columbia.</p>
<p>The Company incurred a net charge against earnings of $2.55 million to restructure certain business activities.</p>
<p>Additionally $0.75 million of the restructuring charge was for severance and termination costs associated with the discontinuation of the Company's facilities development and maintenance division, operated as Sterling Communities Corporation.</p>
<p>Additionally, operating income was adversely affected by additional costs of about $1.5 million associated with the completion of several government projects, moving costs associated with the Company's utilization management firm, including leasehold write-offs, and incremental costs associated with the New Jersey ISOC.</p>
</text>
<copyright>(c) Reuters Limited 1997</copyright>
<metadata>
<codes class="bip:countries:1.0">
  <code code="USA">
    <editdetail attribution="Reuters BIP Coding Group" action="confirmed" date="1997-03-17"/>
  </code>
</codes>
<codes class="bip:industries:1.0">
  <code code="I95100">
    <editdetail attribution="Reuters BIP Coding Group" action="confirmed" date="1997-03-17"/>
  </code>
</codes>
<codes class="bip:topics:1.0">
  <code code="C15">
    <editdetail attribution="Reuters BIP Coding Group" action="confirmed" date="1997-03-17"/>
  </code>
  <code code="C151">
    <editdetail attribution="Reuters BIP Coding Group" action="confirmed" date="1997-03-17"/>
  </code>
  <code code="CCAT">
    <editdetail attribution="Reuters BIP Coding Group" action="confirmed" date="1997-03-17"/>
  </code>
</codes>
<dc element="dc.date.created" value="1997-03-17"/>
<dc element="dc.publisher" value="Reuters Holdings Plc"/>
<dc element="dc.date.published" value="1997-03-17"/>
<dc element="dc.source" value="Reuters"/>
<dc element="dc.creator.location" value="RESTON, Va."/>
<dc element="dc.creator.location.country.name" value="USA"/>
<dc element="dc.source" value="Reuters"/>
</metadata>
</newsitem>
