<?xml version="1.0" encoding="iso-8859-1" ?>
<newsitem itemid="446197" id="root" date="1997-03-17" xml:lang="en">
<title>USA: Deltapoint says stock delisted.</title>
<headline>Deltapoint says stock delisted.</headline>
<dateline>MONTEREY, Calif. 1997-03-17</dateline>
<text>
<p>DeltaPoint Inc on Monday said the company's stock has been delisted from the Nasdaq SmallCap Market, effective today.</p>
<p>&quot;We are disappointed by the Nasdaq's decision to impose additional equity listing requirements that resulted in delisting,&quot; John Ambrose, chief executive officer, said in a statement.&quot;</p>
<p>But he noted the company, which provides advanced Website creation and management software, is happy about the progress of its core Internet tools business.  </p>
<p>DeltaPoint recently launched QuickSite 2.5, a commerce enabled Website tool for small office/home office use.</p>
<p>The company is beta-testing with a private-branded version of QuickSite for International Business Machine Corp's IBM World Distributor, IBM's electronic commerce service.</p>
<p>DeltaPoint raised $2.15 million in December 1996 through a convertible debt offering, it said.</p>
</text>
<copyright>(c) Reuters Limited 1997</copyright>
<metadata>
<codes class="bip:countries:1.0">
  <code code="USA">
    <editdetail attribution="Reuters BIP Coding Group" action="confirmed" date="1997-03-17"/>
  </code>
</codes>
<codes class="bip:topics:1.0">
  <code code="C14">
    <editdetail attribution="Reuters BIP Coding Group" action="confirmed" date="1997-03-17"/>
  </code>
  <code code="C15">
    <editdetail attribution="Reuters BIP Coding Group" action="confirmed" date="1997-03-17"/>
  </code>
  <code code="C152">
    <editdetail attribution="Reuters BIP Coding Group" action="confirmed" date="1997-03-17"/>
  </code>
  <code code="CCAT">
    <editdetail attribution="Reuters BIP Coding Group" action="confirmed" date="1997-03-17"/>
  </code>
</codes>
<dc element="dc.date.created" value="1997-03-17"/>
<dc element="dc.publisher" value="Reuters Holdings Plc"/>
<dc element="dc.date.published" value="1997-03-17"/>
<dc element="dc.source" value="Reuters"/>
<dc element="dc.creator.location" value="MONTEREY, Calif."/>
<dc element="dc.creator.location.country.name" value="USA"/>
<dc element="dc.source" value="Reuters"/>
</metadata>
</newsitem>
