<?xml version="1.0" encoding="iso-8859-1" ?>
<newsitem itemid="446193" id="root" date="1997-03-17" xml:lang="en">
<title>USA: Calton to delay results, trading suspended.</title>
<headline>Calton to delay results, trading suspended.</headline>
<dateline>MANALAPAN, N.J. 1997-03-17</dateline>
<text>
<p>Calton Inc. said on Monday it is delaying the release of its year-end financial results until it completes agreement with its lenders to extend its credit facility maturity date into 1998.</p>
<p>The company said the American Stock Exchange has suspended trading in Calton shares pending the filing of its financial results. The stock had closed Friday at 0-3/8.</p>
<p>The credit facility's maturity date has been extended from February 28, 1997 to March 31, 1997, and the company said it and its lending group are finalizing the terms and conditions of an amendment which would extend the term through February 28, 1998 and, if certain milestones are attained, August 31, 1998.</p>
<p>Calton said its disclosures about capital resources and liquidity cannot be finalized until negotiations with the lenders are completed, so it has deferred the filing and release of its year-end financial statements until the execution of the amended facility.</p>
<p>Calton said no assurances can be given that an amended facility will be executed on terms and conditions favorable to the company.</p>
<p>Calton is a single-family homebuilder.</p>
</text>
<copyright>(c) Reuters Limited 1997</copyright>
<metadata>
<codes class="bip:countries:1.0">
  <code code="USA">
    <editdetail attribution="Reuters BIP Coding Group" action="confirmed" date="1997-03-17"/>
  </code>
</codes>
<codes class="bip:industries:1.0">
  <code code="I50100">
    <editdetail attribution="Reuters BIP Coding Group" action="confirmed" date="1997-03-17"/>
  </code>
  <code code="I5010022">
    <editdetail attribution="Reuters BIP Coding Group" action="confirmed" date="1997-03-17"/>
  </code>
</codes>
<codes class="bip:topics:1.0">
  <code code="C15">
    <editdetail attribution="Reuters BIP Coding Group" action="confirmed" date="1997-03-17"/>
  </code>
  <code code="C151">
    <editdetail attribution="Reuters BIP Coding Group" action="confirmed" date="1997-03-17"/>
  </code>
  <code code="C17">
    <editdetail attribution="Reuters BIP Coding Group" action="confirmed" date="1997-03-17"/>
  </code>
  <code code="CCAT">
    <editdetail attribution="Reuters BIP Coding Group" action="confirmed" date="1997-03-17"/>
  </code>
</codes>
<dc element="dc.date.created" value="1997-03-17"/>
<dc element="dc.publisher" value="Reuters Holdings Plc"/>
<dc element="dc.date.published" value="1997-03-17"/>
<dc element="dc.source" value="Reuters"/>
<dc element="dc.creator.location" value="MANALAPAN, N.J."/>
<dc element="dc.creator.location.country.name" value="USA"/>
<dc element="dc.source" value="Reuters"/>
</metadata>
</newsitem>
