<?xml version="1.0" encoding="iso-8859-1" ?>
<newsitem itemid="446194" id="root" date="1997-03-17" xml:lang="en">
<title>USA: IXC stock sale terminated.</title>
<headline>IXC stock sale terminated.</headline>
<dateline>AUSTIN 1997-03-17</dateline>
<text>
<p>IXC Communications Inc said Monday that its previously announced plan to sell $100 million convertible preferred stock to two private investment groups has been terminated as the result of a disagreement between the company and one of the investment groups.</p>
<p>The other investment group indicated that it will instead purchase $25 million of a $100 million offering of a new series of convertible preferred stock to be offered to qualified institutional buyers under SEC Rule 144A, subject to final regulatory approval, a statement issued by IXC said.</p>
<p>The company said it expects the closing of that offering before the end of March 1997.</p>
<p>IXC said it believes that the $100 million 144A offering will meet its current capital needs, including providing adequate funds for completion of the 7,180 route mile expansion to the company's fiber network.</p>
<p>In addition to the private placement, the company had planned a secondary offering common stock, but said today it decided to withdraw the registration statement for the secondary offering, in part because of the recent market decline in the price of the company's common stock.</p>
</text>
<copyright>(c) Reuters Limited 1997</copyright>
<metadata>
<codes class="bip:countries:1.0">
  <code code="USA">
    <editdetail attribution="Reuters BIP Coding Group" action="confirmed" date="1997-03-17"/>
  </code>
</codes>
<codes class="bip:industries:1.0">
  <code code="I79020">
    <editdetail attribution="Reuters BIP Coding Group" action="confirmed" date="1997-03-17"/>
  </code>
</codes>
<codes class="bip:topics:1.0">
  <code code="C11">
    <editdetail attribution="Reuters BIP Coding Group" action="confirmed" date="1997-03-17"/>
  </code>
  <code code="C17">
    <editdetail attribution="Reuters BIP Coding Group" action="confirmed" date="1997-03-17"/>
  </code>
  <code code="C171">
    <editdetail attribution="Reuters BIP Coding Group" action="confirmed" date="1997-03-17"/>
  </code>
  <code code="C18">
    <editdetail attribution="Reuters BIP Coding Group" action="confirmed" date="1997-03-17"/>
  </code>
  <code code="C181">
    <editdetail attribution="Reuters BIP Coding Group" action="confirmed" date="1997-03-17"/>
  </code>
  <code code="CCAT">
    <editdetail attribution="Reuters BIP Coding Group" action="confirmed" date="1997-03-17"/>
  </code>
</codes>
<dc element="dc.date.created" value="1997-03-17"/>
<dc element="dc.publisher" value="Reuters Holdings Plc"/>
<dc element="dc.date.published" value="1997-03-17"/>
<dc element="dc.source" value="Reuters"/>
<dc element="dc.creator.location" value="AUSTIN"/>
<dc element="dc.creator.location.country.name" value="USA"/>
<dc element="dc.source" value="Reuters"/>
</metadata>
</newsitem>
