<?xml version="1.0" encoding="iso-8859-1" ?>
<newsitem itemid="446138" id="root" date="1997-03-17" xml:lang="en">
<title>USA: International Yogurt Co Q1 Jan 31 loss.</title>
<headline>International Yogurt Co Q1 Jan 31 loss.</headline>
<text>
<p>PORTLAND, Ore., March 17 (Reuter)</p>
<p>				1996			1995</p>
<p> Shr primary	 loss $0.04	     loss $0.04</p>
<p> Net		  loss 98,646	    loss 89,602</p>
<p> Revs		   1,508,113		1,423,621</p>
<p>(All data above 000s except per share numbers)</p>
</text>
<copyright>(c) Reuters Limited 1997</copyright>
<metadata>
<codes class="bip:countries:1.0">
  <code code="USA">
    <editdetail attribution="Reuters BIP Coding Group" action="confirmed" date="1997-03-17"/>
  </code>
</codes>
<codes class="bip:industries:1.0">
  <code code="I41000">
    <editdetail attribution="Reuters BIP Coding Group" action="confirmed" date="1997-03-17"/>
  </code>
</codes>
<codes class="bip:topics:1.0">
  <code code="C15">
    <editdetail attribution="Reuters BIP Coding Group" action="confirmed" date="1997-03-17"/>
  </code>
  <code code="C151">
    <editdetail attribution="Reuters BIP Coding Group" action="confirmed" date="1997-03-17"/>
  </code>
  <code code="CCAT">
    <editdetail attribution="Reuters BIP Coding Group" action="confirmed" date="1997-03-17"/>
  </code>
</codes>
<dc element="dc.publisher" value="Reuters Holdings Plc"/>
<dc element="dc.date.published" value="1997-03-17"/>
<dc element="dc.source" value="Reuters"/>
<dc element="dc.creator.location.country.name" value="USA"/>
<dc element="dc.source" value="Reuters"/>
</metadata>
</newsitem>
