<?xml version="1.0" encoding="iso-8859-1" ?>
<newsitem itemid="446102" id="root" date="1997-03-17" xml:lang="en">
<title>USA: U.S. mortgage-backeds slip in step with Treasuries.</title>
<headline>U.S. mortgage-backeds slip in step with Treasuries.</headline>
<dateline>NEW YORK 1997-03-17</dateline>
<text>
<p>Light selling and profit-taking sent prices of U.S. mortgage-backed securities lower on Monday, mostly in line with Treasuries, analysts and traders said.</p>
<p>But mortgages pared earlier losses, trading off 1/32 to 4/32 overall by late afternoon. Spreads were mostly flat, since comparable Treasuries were off 4/32 to 5/32.</p>
<p>&quot;We popped here because of a little short-covering, really that's about it,&quot; one trader said.</p>
<p>Another trader said some interest-rate hike jitters permeated the market following a strong housing report.  </p>
<p>At 1300 EST/1800 GMT, the National Association of Home Builders said its market index hit 58 in March, up from 54 in February, a sign of continued strength in the housing sector. That increased market players' fears that the Federal Reserve Bank will rein in credit at the March 25 policy meeting, analysts said.</p>
<p>A Fed tightening would increase market volatility and disrupt mortgage spreads on an option-adjusted spread (OAS) basis, causing them to widen, said Cynthia Rivera, mortgage analyst at BZW Securities.  </p>
<p>&quot;Immediately, it's not going to be very good for mortgages,&quot; said Rivera. &quot;But once the dust settles, and the market stabilizes a little ... (mortgages) will be better off.&quot;</p>
<p>In key coupons, Ginnie Mae 30-year 7.5 percent paper was off 3/32 at 99-03/32, yielding 95 basis points over the 10-yeaer Treasury note.</p>
<p>Comparable Fannie Mae and Freddie Mac issues were 3/32 lower as well, at 99-05/32 and 99-11/32, respectively.</p>
<p>The 10-year Treasury note was off 5/32 at 96-21/32 bid, yielding 6.72 percent.</p>
<p>(( -- Jeff Coelho, 212-859-1660 ))</p>
</text>
<copyright>(c) Reuters Limited 1997</copyright>
<metadata>
<codes class="bip:countries:1.0">
  <code code="USA">
    <editdetail attribution="Reuters BIP Coding Group" action="confirmed" date="1997-03-17"/>
  </code>
</codes>
<codes class="bip:topics:1.0">
  <code code="M12">
    <editdetail attribution="Reuters BIP Coding Group" action="confirmed" date="1997-03-17"/>
  </code>
  <code code="MCAT">
    <editdetail attribution="Reuters BIP Coding Group" action="confirmed" date="1997-03-17"/>
  </code>
</codes>
<dc element="dc.date.created" value="1997-03-17"/>
<dc element="dc.publisher" value="Reuters Holdings Plc"/>
<dc element="dc.date.published" value="1997-03-17"/>
<dc element="dc.source" value="Reuters"/>
<dc element="dc.creator.location" value="NEW YORK"/>
<dc element="dc.creator.location.country.name" value="USA"/>
<dc element="dc.source" value="Reuters"/>
</metadata>
</newsitem>
