<?xml version="1.0" encoding="iso-8859-1" ?>
<newsitem itemid="446184" id="root" date="1997-03-17" xml:lang="en">
<title>USA: TCF sees no branch closings due to deal.</title>
<headline>TCF sees no branch closings due to deal.</headline>
<dateline>MINNEAPOLIS 1997-03-17</dateline>
<text>
<p>TCF Financial Corp said Monday it does not expect to close any bank branches due to its proposed merger with Standard Financial Inc.</p>
<p>Earlier, TCF said it agreed to a $424 million merger with Standard Financial. Standard shares are valued at about $25 each in the deal.</p>
<p>&quot;This union significantly expands our profitable and growing Illinois franchise,&quot; William Cooper, TCF Chairman, said in a statement. &quot;Chicago has long been an attractive market for TCF...and Standard has an exemplary tradition of meeting community banking needs.&quot;  </p>
<p>After the merger, Standard's bank branches will be combined with TCF Bank Illinois. The directors of Standard will join TCF Bank Illinois' board of directors.</p>
<p>David Mackiewich, chairman and president of Standard Financial, will become executive chairman of TCF Bank Illinois and a director of TCF Financial.</p>
<p>Michael Johnstone, president and chief execuuctive officer of TCF Bank Illinois, will continue in that capacity.</p>
<p>Standard, a thrift institution, has $2.4 billion in assets and 14 full-service offices on the southwest side of Chicago and in the nearby southwestern and western suburbs.</p>
<p>TCF is a stock savings bank holding company with $7.1 billion in assets and more than 260 financial services offices.</p>
<p>&quot;Joining TCF will accelerate our transformation to a leading consumer bank, for the benefit of our shareholders, customers, and the communities we serve,&quot; Mackiewich said in a statement. &quot;We will have access to a broader range of products and services, convenient banking locations -- including seven-day banking at supermarkets and 248 cash station ATMs (automatic teller machines) -- and the financial resources of a dynamic regional bank.&quot;</p>
<p>((Reuters Chicago Newsdesk (312) 408-8787))</p>
</text>
<copyright>(c) Reuters Limited 1997</copyright>
<metadata>
<codes class="bip:countries:1.0">
  <code code="USA">
    <editdetail attribution="Reuters BIP Coding Group" action="confirmed" date="1997-03-17"/>
  </code>
</codes>
<codes class="bip:industries:1.0">
  <code code="I81501">
    <editdetail attribution="Reuters BIP Coding Group" action="confirmed" date="1997-03-17"/>
  </code>
  <code code="I8150103">
    <editdetail attribution="Reuters BIP Coding Group" action="confirmed" date="1997-03-17"/>
  </code>
</codes>
<codes class="bip:topics:1.0">
  <code code="C18">
    <editdetail attribution="Reuters BIP Coding Group" action="confirmed" date="1997-03-17"/>
  </code>
  <code code="C181">
    <editdetail attribution="Reuters BIP Coding Group" action="confirmed" date="1997-03-17"/>
  </code>
  <code code="CCAT">
    <editdetail attribution="Reuters BIP Coding Group" action="confirmed" date="1997-03-17"/>
  </code>
</codes>
<dc element="dc.date.created" value="1997-03-17"/>
<dc element="dc.publisher" value="Reuters Holdings Plc"/>
<dc element="dc.date.published" value="1997-03-17"/>
<dc element="dc.source" value="Reuters"/>
<dc element="dc.creator.location" value="MINNEAPOLIS"/>
<dc element="dc.creator.location.country.name" value="USA"/>
<dc element="dc.source" value="Reuters"/>
</metadata>
</newsitem>
