<?xml version="1.0" encoding="iso-8859-1" ?>
<newsitem itemid="446134" id="root" date="1997-03-17" xml:lang="en">
<title>USA: South Jersey sub licensed to trade power.</title>
<headline>South Jersey sub licensed to trade power.</headline>
<dateline>NEW YORK 1997-03-17</dateline>
<text>
<p>South Jersey Industries Inc said subsidiary South Jersey Energy Co has been certified by the Federal Energy Regulatory Commission (FERC) to trade electricity on a nationwide basis.</p>
<p>Although the FERC certification allows the company to trade power throughout the U.S., South Jersey Energy will focus its initial marketing efforts in the Northeast and Mid-Atlantic regions, the company said.</p>
<p>The approval of the license to market electricity gives South Jersey Energy the ability to take advantage of opportunities resulting from the deregulation of the electricity industry, the company said.</p>
<p>((--New York Power Desk +1 212 859 1627))</p>
</text>
<copyright>(c) Reuters Limited 1997</copyright>
<metadata>
<codes class="bip:countries:1.0">
  <code code="USA">
    <editdetail attribution="Reuters BIP Coding Group" action="confirmed" date="1997-03-17"/>
  </code>
</codes>
<codes class="bip:industries:1.0">
  <code code="I13000">
    <editdetail attribution="Reuters BIP Coding Group" action="confirmed" date="1997-03-17"/>
  </code>
  <code code="I1300003">
    <editdetail attribution="Reuters BIP Coding Group" action="confirmed" date="1997-03-17"/>
  </code>
</codes>
<codes class="bip:topics:1.0">
  <code code="C13">
    <editdetail attribution="Reuters BIP Coding Group" action="confirmed" date="1997-03-17"/>
  </code>
  <code code="CCAT">
    <editdetail attribution="Reuters BIP Coding Group" action="confirmed" date="1997-03-17"/>
  </code>
</codes>
<dc element="dc.date.created" value="1997-03-17"/>
<dc element="dc.publisher" value="Reuters Holdings Plc"/>
<dc element="dc.date.published" value="1997-03-17"/>
<dc element="dc.source" value="Reuters"/>
<dc element="dc.creator.location" value="NEW YORK"/>
<dc element="dc.creator.location.country.name" value="USA"/>
<dc element="dc.source" value="Reuters"/>
</metadata>
</newsitem>
