<?xml version="1.0" encoding="iso-8859-1" ?>
<newsitem itemid="446125" id="root" date="1997-03-17" xml:lang="en">
<title>USA: Enterprise Federal sets initial qtly div.</title>
<headline>Enterprise Federal sets initial qtly div.</headline>
<dateline>CINCINNATI 1997-03-17</dateline>
<text>
<p>Quarterly</p>
<p>		   Latest</p>
<p> Amount		  $0.25</p>
<p> Pay		  April 15</p>
<p> Record	     March 31</p>
<p>NOTE: Full name is Enterprise Federal Bancorp Inc</p>
</text>
<copyright>(c) Reuters Limited 1997</copyright>
<metadata>
<codes class="bip:countries:1.0">
  <code code="USA">
    <editdetail attribution="Reuters BIP Coding Group" action="confirmed" date="1997-03-17"/>
  </code>
</codes>
<codes class="bip:topics:1.0">
  <code code="C15">
    <editdetail attribution="Reuters BIP Coding Group" action="confirmed" date="1997-03-17"/>
  </code>
  <code code="C151">
    <editdetail attribution="Reuters BIP Coding Group" action="confirmed" date="1997-03-17"/>
  </code>
  <code code="CCAT">
    <editdetail attribution="Reuters BIP Coding Group" action="confirmed" date="1997-03-17"/>
  </code>
</codes>
<dc element="dc.date.created" value="1997-03-17"/>
<dc element="dc.publisher" value="Reuters Holdings Plc"/>
<dc element="dc.date.published" value="1997-03-17"/>
<dc element="dc.source" value="Reuters"/>
<dc element="dc.creator.location" value="CINCINNATI"/>
<dc element="dc.creator.location.country.name" value="USA"/>
<dc element="dc.source" value="Reuters"/>
</metadata>
</newsitem>
