<?xml version="1.0" encoding="iso-8859-1" ?>
<newsitem itemid="446174" id="root" date="1997-03-17" xml:lang="en">
<title>USA: Atmos /United Cities merger closing delayed.</title>
<headline>Atmos /United Cities merger closing delayed.</headline>
<dateline>DALLAS 1997-03-17</dateline>
<text>
<p>Atmos Energy Corp and United Cities Gas Co said Monday they have extended the period for closing their merger to Aug 31, pending completion of regulatory approvals in Illinois and Missouri. The merger agreement had originally called for a closing by March 31.</p>
<p>The companies now expect to get the neeeded regulatory approvals in June or July of this year, said United Cities.</p>
<p>Shareholders of both companies have already approved the merger, in which Atmos will be the surviving entity.</p>
<p>United Cities distributes natural gas and propane gas to approximately 340,000 customers in 10 states. Atmos provides natural gas service to more than 680,000 customers in Texas, Colorado, Kansas, Missouri, Louisiana and Kentucky.</p>
</text>
<copyright>(c) Reuters Limited 1997</copyright>
<metadata>
<codes class="bip:countries:1.0">
  <code code="USA">
    <editdetail attribution="Reuters BIP Coding Group" action="confirmed" date="1997-03-17"/>
  </code>
</codes>
<codes class="bip:industries:1.0">
  <code code="I16200">
    <editdetail attribution="Reuters BIP Coding Group" action="confirmed" date="1997-03-17"/>
  </code>
</codes>
<codes class="bip:topics:1.0">
  <code code="C18">
    <editdetail attribution="Reuters BIP Coding Group" action="confirmed" date="1997-03-17"/>
  </code>
  <code code="C181">
    <editdetail attribution="Reuters BIP Coding Group" action="confirmed" date="1997-03-17"/>
  </code>
  <code code="CCAT">
    <editdetail attribution="Reuters BIP Coding Group" action="confirmed" date="1997-03-17"/>
  </code>
</codes>
<dc element="dc.date.created" value="1997-03-17"/>
<dc element="dc.publisher" value="Reuters Holdings Plc"/>
<dc element="dc.date.published" value="1997-03-17"/>
<dc element="dc.source" value="Reuters"/>
<dc element="dc.creator.location" value="DALLAS"/>
<dc element="dc.creator.location.country.name" value="USA"/>
<dc element="dc.source" value="Reuters"/>
</metadata>
</newsitem>
