<?xml version="1.0" encoding="iso-8859-1" ?>
<newsitem itemid="446288" id="root" date="1997-03-17" xml:lang="en">
<title>AUSTRIA: AUSTRIAN WHO SHOT MAN UTD FANS GETS FOUR YEARS JAIL.</title>
<headline>AUSTRIAN WHO SHOT MAN UTD FANS GETS FOUR YEARS JAIL.</headline>
<dateline>VIENNA 1997-03-17</dateline>
<text>
<p>A Vienna court sentenced an Austrian man to four years in jail for shooting and seriously wounding two Manchester United soccer fans last December after a row in a bar, court officials said on Monday.</p>
<p>Alfred Gockner, 34, was charged with grievous bodily harm after he shot Stephen Day in the stomach, and Day's friend Christopher MacKenner in the right leg.</p>
<p>Gockner's companion Willibald Kettinger, 44, was found guilty of acting as an accomplice and received a nine-month suspended sentence.</p>
<p>Gockner fired on a group of Manchester United fans from a Mercedes car after a dispute in a sauna-bar in Vienna's red light district.</p>
<p>Day, who had come to Austria with three friends for a football match between Manchester United and Rapid Vienna, underwent a three-hour abdominal operation following the attack.</p>
<p>Gockner said he had not meant to hurt the men. He had just wanted to scare them.</p>
</text>
<copyright>(c) Reuters Limited 1997</copyright>
<metadata>
<codes class="bip:countries:1.0">
  <code code="AUST">
    <editdetail attribution="Reuters BIP Coding Group" action="confirmed" date="1997-03-17"/>
  </code>
  <code code="UK">
    <editdetail attribution="Reuters BIP Coding Group" action="confirmed" date="1997-03-17"/>
  </code>
</codes>
<codes class="bip:topics:1.0">
  <code code="GCAT">
    <editdetail attribution="Reuters BIP Coding Group" action="confirmed" date="1997-03-17"/>
  </code>
  <code code="GCRIM">
    <editdetail attribution="Reuters BIP Coding Group" action="confirmed" date="1997-03-17"/>
  </code>
  <code code="GSPO">
    <editdetail attribution="Reuters BIP Coding Group" action="confirmed" date="1997-03-17"/>
  </code>
</codes>
<dc element="dc.date.created" value="1997-03-17"/>
<dc element="dc.publisher" value="Reuters Holdings Plc"/>
<dc element="dc.date.published" value="1997-03-17"/>
<dc element="dc.source" value="Reuters"/>
<dc element="dc.creator.location" value="VIENNA"/>
<dc element="dc.creator.location.country.name" value="AUSTRIA"/>
<dc element="dc.source" value="Reuters"/>
</metadata>
</newsitem>
