<?xml version="1.0" encoding="iso-8859-1" ?>
<newsitem itemid="446275" id="root" date="1997-03-17" xml:lang="en">
<title>TURKEY: SOCCER-TURKEY CHAMPIONSHIP RESULTS/STANDINGS.</title>
<headline>SOCCER-TURKEY CHAMPIONSHIP RESULTS/STANDINGS.</headline>
<dateline>ANKARA 1997-03-17</dateline>
<text>
<p>Results in the Turkey first division soccer championship at the weekend:</p>
<p> Bursaspor	 0		 Fenerbahce	1</p>
<p> Altay	     2		 Gaziantepspor   2</p>
<p> Zeytinburnu     0		 Genclerbirligi  1</p>
<p> Antalyaspor     1		 Dardanelspor    0</p>
<p> Ankaragucu	1		 Sariyer	   0</p>
<p> Vanspor	   0		 Kocaelispor     0</p>
<p> Galatasaray     3		 Samsunspor	1</p>
<p> Besiktas	  2		 Denizlispor     1</p>
<p> Trabzonspor     1		 Istanbulspor    2</p>
<p>    Standings:     P     W	D     L     F     A     Pts</p>
<p> 1.Galatasaray     26    18	6     2    67    23     60</p>
<p> 2.Besiktas	  26    17	7     2    64    15     58</p>
<p> 3.Fenerbahce	26    17	6     3    52    16     57</p>
<p> 4.Trabzonspor     26    16	4     6    51    27     52</p>
<p> 5.Bursaspor	 26    12	6     8    35    26     42</p>
<p> 6.Gaziantepspor   26    11	8     7    29    28     41</p>
<p> 7.Istanbulspor    26    11	6     9    36    30     39</p>
<p> 8.Kocaelispor     26    10	9     7    28    22     39</p>
<p> 9.Genclerbirligi  26    10	5     11   29    33     35</p>
<p> 10.Antalyaspor    26     9	6     11   29    38     33</p>
<p> 11.Samsunspor     26     8	8     10   31    39     32</p>
<p> 12.Sariyer	  26     8	6     12   35    41     30</p>
<p> 13.Altay	    26     7	9     10   25    43     30</p>
<p> 14.Ankaragucu     26     7	7     12   27    38     28</p>
<p> 15.Dardanelspor   26     6	6     14   24    46     24</p>
<p> 16.Vanspor	  26     4	7     15   18    41     19</p>
<p> 17.Denizlispor    26     4	3     19   28    57     15</p>
<p> 18.Zeytinburnu    26     2	5     19   20    65     11</p>
</text>
<copyright>(c) Reuters Limited 1997</copyright>
<metadata>
<codes class="bip:countries:1.0">
  <code code="TURK">
    <editdetail attribution="Reuters BIP Coding Group" action="confirmed" date="1997-03-17"/>
  </code>
</codes>
<codes class="bip:topics:1.0">
  <code code="GCAT">
    <editdetail attribution="Reuters BIP Coding Group" action="confirmed" date="1997-03-17"/>
  </code>
  <code code="GSPO">
    <editdetail attribution="Reuters BIP Coding Group" action="confirmed" date="1997-03-17"/>
  </code>
</codes>
<dc element="dc.date.created" value="1997-03-17"/>
<dc element="dc.publisher" value="Reuters Holdings Plc"/>
<dc element="dc.date.published" value="1997-03-17"/>
<dc element="dc.source" value="Reuters"/>
<dc element="dc.creator.location" value="ANKARA"/>
<dc element="dc.creator.location.country.name" value="TURKEY"/>
<dc element="dc.source" value="Reuters"/>
</metadata>
</newsitem>
