<?xml version="1.0" encoding="iso-8859-1" ?>
<newsitem itemid="446270" id="root" date="1997-03-17" xml:lang="en">
<title>HONG KONG: HK GRAFT BUSTERS NAB 18 IN HORSE RACE FIXING.</title>
<headline>HK GRAFT BUSTERS NAB 18 IN HORSE RACE FIXING.</headline>
<dateline>HONG KONG 1997-03-17</dateline>
<text>
<p>Hong Kong graft-busters have arrested 18 people, including four jockeys and two trainers in connection with illegal bookmaking and syndicated horse race fixing.</p>
<p>The Independent Commission Against Corruption (ICAC) said in a statement issued late on Sunday they also searched fifty-five premises, including two which were suspected to be illegal bookmaking centres, involving some 220 anti-graft fighters.</p>
<p>The arrests followed an investigation after the ICAC received information from the Hong Kong Jockey Club and complaints from the public, the ICAC said.</p>
<p>The anti-graft fighters gave no further details, saying enquiries were to continue.</p>
<p>Sunday's swoop was the biggest since 1986 when 22 people were arrested for alleged involvement in a syndicate controlling more than 75 horses and a number of jockeys and trainers.</p>
<p>As the only legal outlet for a flutter in gambling-mad Hong Kong, the Jockey Club had a turnover of more than HK$80 billion (US$11 billion) in 1995.</p>
</text>
<copyright>(c) Reuters Limited 1997</copyright>
<metadata>
<codes class="bip:countries:1.0">
  <code code="HKONG">
    <editdetail attribution="Reuters BIP Coding Group" action="confirmed" date="1997-03-17"/>
  </code>
</codes>
<codes class="bip:topics:1.0">
  <code code="GCAT">
    <editdetail attribution="Reuters BIP Coding Group" action="confirmed" date="1997-03-17"/>
  </code>
  <code code="GSPO">
    <editdetail attribution="Reuters BIP Coding Group" action="confirmed" date="1997-03-17"/>
  </code>
</codes>
<dc element="dc.date.created" value="1997-03-17"/>
<dc element="dc.publisher" value="Reuters Holdings Plc"/>
<dc element="dc.date.published" value="1997-03-17"/>
<dc element="dc.source" value="Reuters"/>
<dc element="dc.creator.location" value="HONG KONG"/>
<dc element="dc.creator.location.country.name" value="HONG KONG"/>
<dc element="dc.source" value="Reuters"/>
</metadata>
</newsitem>
