<?xml version="1.0" encoding="iso-8859-1" ?>
<newsitem itemid="446223" id="root" date="1997-03-17" xml:lang="en">
<title>USA: ALPINE SKIING-WIBERG, MAGONI SHARE VICTORY IN WOMEN'S SLALOM.</title>
<headline>ALPINE SKIING-WIBERG, MAGONI SHARE VICTORY IN WOMEN'S SLALOM.</headline>
<byline>Larry Fine</byline>
<dateline>VAIL, Colorado 1997-03-16</dateline>
<text>
<p>Overall champion Pernilla Wiberg of Sweden and Lara Magoni of Italy finished in a dead heat in Sunday's slalom to share victory in the last race of the women's World Cup season.</p>
<p>Wiberg, fifth after the first run and 0.76 of a second behind pace-setter Magoni, blistered the 55-gate course with a sizzling second run of 48.30 seconds to jump into the lead.</p>
<p>Magoni, the silver medallist in slalom at the Sestriere world championships, rose to the occasion as the last racer down the mountain by clocking 49.06 for a combined time of one minute, 35.77 seconds to tie slalom champion Wiberg for first.</p>
<p>It was the first time in World Cup history that a slalom ended in a tie.</p>
<p>Katja Seizinger of Germany finished third, 0.54 of a second behind the co-winners.</p>
<p>The shared victory capped off an outstanding season for Wiberg, who won the slalom title and finished third in the Super-G standings.</p>
<p>The vivacious Swede, who won seven races this season, triumphed in the downhill at the World Cup Finals to become the only active woman racer with victories in all four events.</p>
<p>&quot;It was a great way to end the season,&quot; said Wiberg. &quot;I said to myself before the second run, 'All right, I'm going to end the season the way I'd like.'</p>
<p>&quot;It's going to be hard to do as well next year but I will try. But I lost the Super-G title (despite leading the standings going into the final race) so I have something more to shoot for.&quot;</p>
<p>First place was a thrilling first for late-bloomer Magoni.</p>
<p>The 28-year-old Italian had never made it to the podium before this season but has now done so five times -- including a world championship silver in the slalom at Sestriere.</p>
<p>&quot;At the beginning of the season I was so disappointed, I wasn't sure I would keep on racing and now I finish like this,&quot; said Magoni.</p>
<p>Fourth place went to Ingrid Salvenmoser of Austria in 1:36.97, followed by Norway's Trine Bakke and World Cup giant slalom champion Deborah Compagnoni of Italy in sixth.</p>
<p>New Zealander Claudia Riegler, winner of three slaloms this season, held on to second place ahead of Compagnoni in the season slalom standings by finishing ninth in 1:37.72.</p>
</text>
<copyright>(c) Reuters Limited 1997</copyright>
<metadata>
<codes class="bip:countries:1.0">
  <code code="ITALY">
    <editdetail attribution="Reuters BIP Coding Group" action="confirmed" date="1997-03-17"/>
  </code>
  <code code="SWED">
    <editdetail attribution="Reuters BIP Coding Group" action="confirmed" date="1997-03-17"/>
  </code>
  <code code="USA">
    <editdetail attribution="Reuters BIP Coding Group" action="confirmed" date="1997-03-17"/>
  </code>
</codes>
<codes class="bip:topics:1.0">
  <code code="GCAT">
    <editdetail attribution="Reuters BIP Coding Group" action="confirmed" date="1997-03-17"/>
  </code>
  <code code="GSPO">
    <editdetail attribution="Reuters BIP Coding Group" action="confirmed" date="1997-03-17"/>
  </code>
</codes>
<dc element="dc.date.created" value="1997-03-16"/>
<dc element="dc.publisher" value="Reuters Holdings Plc"/>
<dc element="dc.date.published" value="1997-03-17"/>
<dc element="dc.source" value="Reuters"/>
<dc element="dc.creator.location" value="VAIL, Colorado"/>
<dc element="dc.creator.location.country.name" value="USA"/>
<dc element="dc.source" value="Reuters"/>
</metadata>
</newsitem>
