<?xml version="1.0" encoding="iso-8859-1" ?>
<newsitem itemid="446267" id="root" date="1997-03-17" xml:lang="en">
<title>HONG KONG: HK GRAFT BUSTERS ARREST 18 MORE IN HORSE RACE SCANDAL.</title>
<headline>HK GRAFT BUSTERS ARREST 18 MORE IN HORSE RACE SCANDAL.</headline>
<dateline>HONG KONG 1997-03-17</dateline>
<text>
<p>Hong Kong's anti-corruption body said on Monday it had arrested 36 people in less than 24 hours over alleged illegal bookmaking and race fixing.</p>
<p>The Independent Commission Against Corruption (ICAC) said in a statement it had arrested a further 18 people since a similar number were seized at Sunday night's race meeting.  </p>
<p>The 36 people who were arrested included five jockeys, two trainers and three Hong Kong Jockey Club staff, after Sunday's swoop which raided 55 premises and arrested 18 people, an ICAC spokeswoman told Reuters by telephone.</p>
<p>She said five people had been released on bail, while the remaining 31 were still being detained. No charges had been brought yet on the 36.</p>
<p>The spokeswoman declined to give further details on the probe, saying inquiries were continuing.</p>
<p>Hong Kong is Asia's biggest horseracing centre. As the only legal outlet for a flutter in the gambling-mad territory, the Jockey Club, which has a monopoly on the sport, had a turnover of more than HK$80 billion (US$11 billion) in 1995.</p>
</text>
<copyright>(c) Reuters Limited 1997</copyright>
<metadata>
<codes class="bip:countries:1.0">
  <code code="HKONG">
    <editdetail attribution="Reuters BIP Coding Group" action="confirmed" date="1997-03-17"/>
  </code>
</codes>
<codes class="bip:topics:1.0">
  <code code="GCAT">
    <editdetail attribution="Reuters BIP Coding Group" action="confirmed" date="1997-03-17"/>
  </code>
  <code code="GSPO">
    <editdetail attribution="Reuters BIP Coding Group" action="confirmed" date="1997-03-17"/>
  </code>
</codes>
<dc element="dc.date.created" value="1997-03-17"/>
<dc element="dc.publisher" value="Reuters Holdings Plc"/>
<dc element="dc.date.published" value="1997-03-17"/>
<dc element="dc.source" value="Reuters"/>
<dc element="dc.creator.location" value="HONG KONG"/>
<dc element="dc.creator.location.country.name" value="HONG KONG"/>
<dc element="dc.source" value="Reuters"/>
</metadata>
</newsitem>
