<?xml version="1.0" encoding="iso-8859-1" ?>
<newsitem itemid="446210" id="root" date="1997-03-17" xml:lang="en">
<title>ITALY: CYCLING-PIANEGONDA CAPTURES TIRRENO-ADRIATICO LEAD.</title>
<headline>CYCLING-PIANEGONDA CAPTURES TIRRENO-ADRIATICO LEAD.</headline>
<dateline>CORINALDO, Italy 1997-03-17</dateline>
<text>
<p>Gianluca Pianegonda, who has trailed fellow-Italian Roberto Petito by 0.14 of a second for the past two days in the Tirreno-Adriatico cycle race, muscled his way into the lead at last on Monday.</p>
<p>Pianegonda finished the 187-km fifth stage in the same time as the pack and Petito but, assisted by his team-mates, managed to pick up a two-second bonus on a day which saw former world champion Maurizio Fondriest pull out.</p>
<p>The race finishes on Wednesday, allowing Petito time to re-capture the lead with all indications being that time bonuses are going to be where the race is won and lost.</p>
<p>Italian Andrea Ferrigato won the stage, which proceeded uneventfully for two hours before the first genuine attempt at a breakaway, in four hours 39 minutes and 15 seconds.</p>
<p>Fondriest, the 1988 road race world champion, pulled out complaining of back pains, casting some doubt over whether he would be competing in the Milan-San Remo classic on March 22. He had been 11th overall, two minute and 49 seconds behind.</p>
<p>Tuesday's hilly sixth stage is 168 km to Montegranaro.</p>
</text>
<copyright>(c) Reuters Limited 1997</copyright>
<metadata>
<codes class="bip:countries:1.0">
  <code code="ITALY">
    <editdetail attribution="Reuters BIP Coding Group" action="confirmed" date="1997-03-17"/>
  </code>
</codes>
<codes class="bip:topics:1.0">
  <code code="GCAT">
    <editdetail attribution="Reuters BIP Coding Group" action="confirmed" date="1997-03-17"/>
  </code>
  <code code="GSPO">
    <editdetail attribution="Reuters BIP Coding Group" action="confirmed" date="1997-03-17"/>
  </code>
</codes>
<dc element="dc.date.created" value="1997-03-17"/>
<dc element="dc.publisher" value="Reuters Holdings Plc"/>
<dc element="dc.date.published" value="1997-03-17"/>
<dc element="dc.source" value="Reuters"/>
<dc element="dc.creator.location" value="CORINALDO, Italy"/>
<dc element="dc.creator.location.country.name" value="ITALY"/>
<dc element="dc.source" value="Reuters"/>
</metadata>
</newsitem>
