<?xml version="1.0" encoding="iso-8859-1" ?>
<newsitem itemid="446237" id="root" date="1997-03-17" xml:lang="en">
<title>SOUTH AFRICA: CRICKET-WAUGH SAYS MATCH-WINNING CENTURY HIS BEST YET.</title>
<headline>CRICKET-WAUGH SAYS MATCH-WINNING CENTURY HIS BEST YET.</headline>
<dateline>PORT ELIZABETH, South Africa 1997-03-17</dateline>
<text>
<p>Mark Waugh, who steered Australia to a two-wicket win in the second test against South Africa on Monday, said he considered his 116 to be the best of his 11 test centuries.</p>
<p>&quot;My hundred (126) in Jamaica comes pretty close but this was definitely the best,&quot; Waugh said. &quot;The conditions were difficult and it was always going to be difficult to score 270 on this wicket. I'm very, very happy indeed.&quot;</p>
<p>Australia beat West Indies at Jamaica in 1995 to regain the Frank Worrell Trophy. It was the first time West Indies had been beaten in a series since 1980.</p>
<p>For Australian captain Mark Taylor the victory must have been bitter-sweet. After playing his 17th and 18th successive test innings without a 50, he nevertheless led his side to their first series victory over South Africa since 1957-58.</p>
<p>&quot;It's not up to me or the players to say that we are the best. The scribes can say that and hand out titles. But I'm delighted with the way we are playing our cricket and as long as we keep winning test matches and series then I can't be happier,&quot; Taylor said.</p>
<p>&quot;This is the best victory I have ever experienced with Australia. It's even better than Jamaica.&quot;</p>
<p>Despite increasing speculation that Taylor may be forced to drop himself, the captain remains determined to stay. &quot;I'm captain of Australia and I am going to do the job for as long as I can. I'll definitely be playing in the third test next week. I have no plans to drop myself.&quot;</p>
<p>Coach Geoff Marsh fully supported Taylor: &quot;He's a tougher man than you and I. We are all 100 percent behind him. Every day we do as much as we can to help him. The way he carries himself in the dressing room is unbelievable because he is so disappointd with his own form,&quot; Marsh said.</p>
<p>Hansie Cronje was fulsome in his praise for Australia and, particularly, for Waugh.</p>
<p>&quot;I can't heap enough praise on him. It was a fantastic innings in difficult conditions. He was the difference between the teams during this test. We had our chances and, with a little more luck on the last morning, I thought we could have turned it ou way.</p>
<p>&quot;Allan Donald bowled magnificently in both innings and took just one wicket,&quot; Cronje said.</p>
<p>Waugh, too, praised Donald. &quot;He was brilliant. He deserved more but, that's cricket. Jason Gillespie bowled well too and he took a bundle (eight for 103 in the match). I'm sure Allan will be running in just as hard next week and maybe he'll have more luck.&quot;</p>
</text>
<copyright>(c) Reuters Limited 1997</copyright>
<metadata>
<codes class="bip:countries:1.0">
  <code code="AUSTR">
    <editdetail attribution="Reuters BIP Coding Group" action="confirmed" date="1997-03-17"/>
  </code>
  <code code="JAMA">
    <editdetail attribution="Reuters BIP Coding Group" action="confirmed" date="1997-03-17"/>
  </code>
  <code code="SAFR">
    <editdetail attribution="Reuters BIP Coding Group" action="confirmed" date="1997-03-17"/>
  </code>
</codes>
<codes class="bip:topics:1.0">
  <code code="GCAT">
    <editdetail attribution="Reuters BIP Coding Group" action="confirmed" date="1997-03-17"/>
  </code>
  <code code="GSPO">
    <editdetail attribution="Reuters BIP Coding Group" action="confirmed" date="1997-03-17"/>
  </code>
</codes>
<dc element="dc.date.created" value="1997-03-17"/>
<dc element="dc.publisher" value="Reuters Holdings Plc"/>
<dc element="dc.date.published" value="1997-03-17"/>
<dc element="dc.source" value="Reuters"/>
<dc element="dc.creator.location" value="PORT ELIZABETH, South Africa"/>
<dc element="dc.creator.location.country.name" value="SOUTH AFRICA"/>
<dc element="dc.source" value="Reuters"/>
</metadata>
</newsitem>
