<?xml version="1.0" encoding="iso-8859-1" ?>
<newsitem itemid="446281" id="root" date="1997-03-17" xml:lang="en">
<title>USA: NBA BASKETBALL-STANDINGS AFTER SUNDAY'S GAMES.</title>
<headline>NBA BASKETBALL-STANDINGS AFTER SUNDAY'S GAMES.</headline>
<dateline>NEW YORK 1997-03-17</dateline>
<text>
<p>Standings of National</p>
<p>Basketball Association teams after games played on Sunday</p>
<p>(tabulate under won, lost, winning percentage, games behind):</p>
<p>		EASTERN CONFERENCE</p>
<p>		ATLANTIC DIVISION</p>
<p>			W    L    PCT  GB</p>
<p> MIAMI	     48   17   .738   -</p>
<p> NEW YORK	  47   18   .723   1</p>
<p> ORLANDO	   36   28   .563  11 1/2</p>
<p> WASHINGTON	30   34   .469  17 1/2</p>
<p> NEW JERSEY	20   44   .313  27 1/2</p>
<p> PHILADELPHIA    17   47   .266  30 1/2</p>
<p> BOSTON	    12   54   .182  36 1/2</p>
<p>		CENTRAL DIVISION</p>
<p>			W    L    PCT  GB</p>
<p> X-CHICAGO	 56    9   .862   -</p>
<p> DETROIT	   47   17   .734   8 1/2</p>
<p> ATLANTA	   43   22   .662  13</p>
<p> CHARLOTTE	 42   23   .646  14</p>
<p> CLEVELAND	 34   29   .540  21</p>
<p> INDIANA	   30   34   .469  25 1/2</p>
<p> MILWAUKEE	 27   37   .422  28 1/2</p>
<p> TORONTO	   23   42   .354  33</p>
<p>X -- CLINCHED PLAYOFF BERTH</p>
<p>		WESTERN CONFERENCE</p>
<p>		MIDWEST DIVISION</p>
<p>			W    L    PCT  GB</p>
<p> X-UTAH	    48   17   .738   -</p>
<p> HOUSTON	   43   22   .662   5</p>
<p> MINNESOTA	 32   32   .500  15 1/2</p>
<p> DALLAS	    22   42   .344  25 1/2</p>
<p> DENVER	    19   45   .297  28 1/2</p>
<p> SAN ANTONIO     16   48   .250  31 1/2</p>
<p> VANCOUVER	 11   56   .164  38</p>
<p>X -- CLINCHED PLAYOFF BERTH</p>
<p>	     PACIFIC DIVISION</p>
<p>			W    L    PCT  GB</p>
<p> X-SEATTLE	 45   19   .703   -</p>
<p> LA LAKERS	 43   21   .672   2</p>
<p> PORTLAND	  38   28   .576   8</p>
<p> SACRAMENTO	28   37   .431  17 1/2</p>
<p> LA CLIPPERS     27   36   .429  17 1/2</p>
<p> PHOENIX	   26   38   .406  19</p>
<p> GOLDEN STATE    25   39   .391  20</p>
<p>X -- CLINCHED PLAYOFF BERTH</p>
<p>MONDAY, MARCH 17 SCHEDULE</p>
<p>MILWAUKEE AT BOSTON	     </p>
<p>ORLANDO AT ATLANTA		</p>
<p>UTAH AT CHARLOTTE		 </p>
<p>DETROIT AT CLEVELAND	    </p>
<p>WASHINGTON AT SAN ANTONIO     </p>
<p>LA LAKERS AT DENVER	     </p>
<p>PHOENIX AT GOLDEN STATE</p>
</text>
<copyright>(c) Reuters Limited 1997</copyright>
<metadata>
<codes class="bip:countries:1.0">
  <code code="CANA">
    <editdetail attribution="Reuters BIP Coding Group" action="confirmed" date="1997-03-17"/>
  </code>
  <code code="USA">
    <editdetail attribution="Reuters BIP Coding Group" action="confirmed" date="1997-03-17"/>
  </code>
</codes>
<codes class="bip:topics:1.0">
  <code code="GCAT">
    <editdetail attribution="Reuters BIP Coding Group" action="confirmed" date="1997-03-17"/>
  </code>
  <code code="GSPO">
    <editdetail attribution="Reuters BIP Coding Group" action="confirmed" date="1997-03-17"/>
  </code>
</codes>
<dc element="dc.date.created" value="1997-03-17"/>
<dc element="dc.publisher" value="Reuters Holdings Plc"/>
<dc element="dc.date.published" value="1997-03-17"/>
<dc element="dc.source" value="Reuters"/>
<dc element="dc.creator.location" value="NEW YORK"/>
<dc element="dc.creator.location.country.name" value="USA"/>
<dc element="dc.source" value="Reuters"/>
</metadata>
</newsitem>
