<?xml version="1.0" encoding="iso-8859-1" ?>
<newsitem itemid="446299" id="root" date="1997-03-17" xml:lang="en">
<title>ITALY: SOCCER-UNSETTLED INTER SEEK UEFA CONSOLATION PRIZE.</title>
<headline>SOCCER-UNSETTLED INTER SEEK UEFA CONSOLATION PRIZE.</headline>
<dateline>MILAN 1997-03-17</dateline>
<text>
<p>Inter, unsettled by a row involving Dutchman Aron Winter and departing coach Roy Hodgson, meet Anderlecht of Belgium on Tuesday in a UEFA cup quarter-final which could kill off their season.</p>
<p>That is the worst-case scenario for the Milan club and, their task eased by the cushion of an away goal in the first leg 1-1 draw, it probably will not turn out that way against an unchanged Anderlecht suffering scoring problems.</p>
<p>Inter could also be far more motivated.</p>
<p>A few weeks ago, when they were neck and neck with Parma behind runaway leaders Juventus, most Inter players were saying confidently that the UEFA Cup was secondary to the league and the chance of securing a European Cup place.</p>
<p>After losing 1-0 to Parma on Saturday, that notion appears to have vanished with their domestic Cup hopes. Inter are now fourth, 10 points behind Juventus and five adrift of Parma.</p>
<p>&quot;On Tuesday, our season is at stake,&quot; said veteran captain Giuseppe Bergomi, recognising that the UEFA Cup is now their only real remaining target in a disappointing season.</p>
<p>Anderlecht would be wise to prepare for the worst. Inter last won the UEFA Cup in 1993-94 when the club was in organisational disarray and finished 13th in the league.</p>
<p>Anderlecht drew some confidence from a 3-1 weekend victory over Sint-Truiden and are fifth in Belgium, with little hope of catching leaders Club Brugge 11 points ahead.</p>
<p>Dutch coach Johan Boskamp listened in on his radio from hospital where he was having kidney stones dealt with.</p>
<p>He could perhaps commiserate with Inter's Winter, who watched the Parma match from the stands with the official reason given being that he was too sick to play.</p>
<p>However, the player looked fine to most observers and Hodgson later admitted that he had been banished after a sarcastic remark about his team selection.</p>
<p>Hodgson stressed that Winter would still be considered for the Anderlecht game although he was happy with the team which turned out at Parma and was unlucky not to draw.</p>
<p>The unrest led Bergomi to appeal to club president Massimo Moratti to intervene. &quot;We are going through an unusual situation because the coach is leaving,&quot; he said. Hodgson has already announced he is joining England's Blackburn.</p>
<p>&quot;That isn't a problem for me but merely a greater stimulus. But not all the players see it that way,&quot; Bergomi said.</p>
<p>Teams:</p>
<p>Inter (probable) - Gianluca Pagliuca; Jocelyn Angloma, Massimo Paganin, Salvatore Fresi, Alessandro Pistone, Javier Zanetti, Paul Ince, Ciriaco Sforza, Youri Djorkaeff, Ivan Zamorano, Marco Branca.</p>
<p>Anderlecht - Geert De Vlieger; Olivier Doll, Samuel Johnson, Suad Katana, Celestine Babayaro; Tibor Selymes, Danny Boffin, Johan Walem, Par Zetterberg, Bruno Versavel; Yaw Preko.</p>
</text>
<copyright>(c) Reuters Limited 1997</copyright>
<metadata>
<codes class="bip:countries:1.0">
  <code code="BELG">
    <editdetail attribution="Reuters BIP Coding Group" action="confirmed" date="1997-03-17"/>
  </code>
  <code code="ITALY">
    <editdetail attribution="Reuters BIP Coding Group" action="confirmed" date="1997-03-17"/>
  </code>
</codes>
<codes class="bip:topics:1.0">
  <code code="GCAT">
    <editdetail attribution="Reuters BIP Coding Group" action="confirmed" date="1997-03-17"/>
  </code>
  <code code="GSPO">
    <editdetail attribution="Reuters BIP Coding Group" action="confirmed" date="1997-03-17"/>
  </code>
</codes>
<dc element="dc.date.created" value="1997-03-17"/>
<dc element="dc.publisher" value="Reuters Holdings Plc"/>
<dc element="dc.date.published" value="1997-03-17"/>
<dc element="dc.source" value="Reuters"/>
<dc element="dc.creator.location" value="MILAN"/>
<dc element="dc.creator.location.country.name" value="ITALY"/>
<dc element="dc.source" value="Reuters"/>
</metadata>
</newsitem>
