<?xml version="1.0" encoding="iso-8859-1" ?>
<newsitem itemid="446291" id="root" date="1997-03-17" xml:lang="en">
<title>AUSTRIA: SOCCER-MANNINGER TRAINS WITH ARSENAL AHEAD OF POSSIBLE TRANSFER.</title>
<headline>SOCCER-MANNINGER TRAINS WITH ARSENAL AHEAD OF POSSIBLE TRANSFER.</headline>
<dateline>VIENNA 1997-03-17</dateline>
<text>
<p>Alexander Manninger, goalkeeper of Austria's Casino Graz, had a trial training session at English premier league side Arsenal on Monday.</p>
<p>The Austrian news agency APA said Casino Graz manager Peter Svetits would meet Arsenal's French coach Arsene Wenger on Tuesday to discuss Manninger's possible transfer to the London club.</p>
<p>Casino Graz are reported to want approximately $1 million for the 19-year-old Manninger, who has a contract with the first division side until 2001.</p>
<p>APA said Wenger was impressed with Manninger's training performance on Monday. Arsenal goalkeepers David Seaman and John Lukic are currently both out of action with injuries.</p>
<p>Manninger became Casino Graz's number one goalkeeper last October after a brilliant performance in a UEFA Cup match against Italy's Inter Milan at the San Siro stadium.</p>
<p>In that match, Manninger was a last-minute replacement for regular goalkeeper Franz Almer who fell ill just before the encounter.</p>
</text>
<copyright>(c) Reuters Limited 1997</copyright>
<metadata>
<codes class="bip:countries:1.0">
  <code code="AUST">
    <editdetail attribution="Reuters BIP Coding Group" action="confirmed" date="1997-03-17"/>
  </code>
  <code code="FRA">
    <editdetail attribution="Reuters BIP Coding Group" action="confirmed" date="1997-03-17"/>
  </code>
  <code code="UK">
    <editdetail attribution="Reuters BIP Coding Group" action="confirmed" date="1997-03-17"/>
  </code>
</codes>
<codes class="bip:topics:1.0">
  <code code="GCAT">
    <editdetail attribution="Reuters BIP Coding Group" action="confirmed" date="1997-03-17"/>
  </code>
  <code code="GSPO">
    <editdetail attribution="Reuters BIP Coding Group" action="confirmed" date="1997-03-17"/>
  </code>
</codes>
<dc element="dc.date.created" value="1997-03-17"/>
<dc element="dc.publisher" value="Reuters Holdings Plc"/>
<dc element="dc.date.published" value="1997-03-17"/>
<dc element="dc.source" value="Reuters"/>
<dc element="dc.creator.location" value="VIENNA"/>
<dc element="dc.creator.location.country.name" value="AUSTRIA"/>
<dc element="dc.source" value="Reuters"/>
</metadata>
</newsitem>
