<?xml version="1.0" encoding="iso-8859-1" ?>
<newsitem itemid="446295" id="root" date="1997-03-17" xml:lang="en">
<title>SWITZERLAND: FIGURE SKATING-KWAN STILL WELL BELOW BEST.</title>
<headline>FIGURE SKATING-KWAN STILL WELL BELOW BEST.</headline>
<byline>Brian Creighton</byline>
<dateline>LAUSANNE, Switzerland 1997-03-17</dateline>
<text>
<p>World champion Michelle Kwan is still searching for the elusive sparkle and consistency that made her seem invincible until a month ago.</p>
<p>Though she won her qualifying group at the world championships on Monday, the 16-year-old titleholder was once more well below her best, just as she was when she lost her national title and the Championship Series final to team mate Tara Lipinski over the past month.</p>
<p>The 16-year-old American won group A of the qualifying from Vanessa Gusmeroli of France with European champion Irina Slutskaya of Russia third.</p>
<p>Lipinski, third American Nicole Bobek and Chen Lu of China were in the second group later in the day.</p>
<p>Kwan at least had the satisfaction of staying on her feet for the first time since the short programme of last month's national championships. She fell in the long programme there and in both sections of the Champions Series final.</p>
<p>But her opening jump combination of triple lutz-triple toe loop was scaled down to triple-double, she doubled out of a planned triple flip and did only a single Axel where she planned a double late in her routine.</p>
<p>&quot;I kind of chickened out of a couple of jumps,&quot; she said, adding that she was trying to change her focus.</p>
<p>&quot;I think I've learned a lesson from the last two events. I went in saying 'Oh my God, this is a Nationals, Oh my God this is the Champions Series'</p>
<p>&quot;Now I'm trying to forget what the competition is and just focus on my skating.</p>
<p>&quot;I'm trying to get my mental edge back and get my head stronger.&quot;</p>
<p>Kwan won last year's title in magnificent form and continued superbly right through this season until a fall during Nationals produced a bout of what she termed was panic.</p>
<p>She seems not yet to have reocvered.</p>
<p>&quot;I'm trying to focus on what I'm here for and have tunnel vision on whay I'm trying to accomplish,&quot; she said.</p>
<p>&quot;I'm trying to see beyond just my skates and my blades on the ice, but right now I have to concentrate on those things.&quot;</p>
<p>Gusmeroli skated a fine routine to circus music but Slutskaya, like Kwan, was disappointing, failing to do what she intended with her first two jumps</p>
</text>
<copyright>(c) Reuters Limited 1997</copyright>
<metadata>
<codes class="bip:countries:1.0">
  <code code="SWITZ">
    <editdetail attribution="Reuters BIP Coding Group" action="confirmed" date="1997-03-17"/>
  </code>
</codes>
<codes class="bip:topics:1.0">
  <code code="GCAT">
    <editdetail attribution="Reuters BIP Coding Group" action="confirmed" date="1997-03-17"/>
  </code>
  <code code="GSPO">
    <editdetail attribution="Reuters BIP Coding Group" action="confirmed" date="1997-03-17"/>
  </code>
</codes>
<dc element="dc.date.created" value="1997-03-17"/>
<dc element="dc.publisher" value="Reuters Holdings Plc"/>
<dc element="dc.date.published" value="1997-03-17"/>
<dc element="dc.source" value="Reuters"/>
<dc element="dc.creator.location" value="LAUSANNE, Switzerland"/>
<dc element="dc.creator.location.country.name" value="SWITZERLAND"/>
<dc element="dc.source" value="Reuters"/>
</metadata>
</newsitem>
