<?xml version="1.0" encoding="iso-8859-1" ?>
<newsitem itemid="446226" id="root" date="1997-03-17" xml:lang="en">
<title>USA: TENNIS-CHAMPIONS CUP MEN'S RESULTS FROM INDIAN WELLS.</title>
<headline>TENNIS-CHAMPIONS CUP MEN'S RESULTS FROM INDIAN WELLS.</headline>
<dateline>INDIAN WELLS, California 1997-03-16</dateline>
<text>
<p>Results at</p>
<p>the $2.3 million Champions Cup men's tennis tournament on</p>
<p>Sunday (prefix number denotes seeding):</p>
<p>Final</p>
<p>3-Michael Chang (U.S.) beat Bohdan Ulihrach (Czech Republic)</p>
<p>4-6 6-3 6-4 6-3</p>
</text>
<copyright>(c) Reuters Limited 1997</copyright>
<metadata>
<codes class="bip:countries:1.0">
  <code code="CZREP">
    <editdetail attribution="Reuters BIP Coding Group" action="confirmed" date="1997-03-17"/>
  </code>
  <code code="USA">
    <editdetail attribution="Reuters BIP Coding Group" action="confirmed" date="1997-03-17"/>
  </code>
</codes>
<codes class="bip:topics:1.0">
  <code code="GCAT">
    <editdetail attribution="Reuters BIP Coding Group" action="confirmed" date="1997-03-17"/>
  </code>
  <code code="GSPO">
    <editdetail attribution="Reuters BIP Coding Group" action="confirmed" date="1997-03-17"/>
  </code>
</codes>
<dc element="dc.date.created" value="1997-03-16"/>
<dc element="dc.publisher" value="Reuters Holdings Plc"/>
<dc element="dc.date.published" value="1997-03-17"/>
<dc element="dc.source" value="Reuters"/>
<dc element="dc.creator.location" value="INDIAN WELLS, California"/>
<dc element="dc.creator.location.country.name" value="USA"/>
<dc element="dc.source" value="Reuters"/>
</metadata>
</newsitem>
