<?xml version="1.0" encoding="iso-8859-1" ?>
<newsitem itemid="446282" id="root" date="1997-03-17" xml:lang="en">
<title>USA: NBA BASKETBALL-SUNDAY'S RESULTS.</title>
<headline>NBA BASKETBALL-SUNDAY'S RESULTS.</headline>
<dateline>NEW YORK 1997-03-17</dateline>
<text>
<p>Results of National</p>
<p>Basketball Association games on Sunday (home team in CAPS):</p>
<p> MIAMI		101  Houston		80</p>
<p> New Jersey	  89  NEW YORK	     74</p>
<p> MILWAUKEE	  102  Indiana		98</p>
<p> ORLANDO	    100  Vancouver	    89</p>
<p> MINNESOTA	  119  Boston		101</p>
<p> DETROIT	     86  Seattle		83</p>
<p> Portland	   106  LA CLIPPERS	  94</p>
<p> Dallas		89  SACRAMENTO	   88</p>
<p> LA LAKERS	   98  Toronto		90 (OT)</p>
</text>
<copyright>(c) Reuters Limited 1997</copyright>
<metadata>
<codes class="bip:countries:1.0">
  <code code="CANA">
    <editdetail attribution="Reuters BIP Coding Group" action="confirmed" date="1997-03-17"/>
  </code>
  <code code="USA">
    <editdetail attribution="Reuters BIP Coding Group" action="confirmed" date="1997-03-17"/>
  </code>
</codes>
<codes class="bip:topics:1.0">
  <code code="GCAT">
    <editdetail attribution="Reuters BIP Coding Group" action="confirmed" date="1997-03-17"/>
  </code>
  <code code="GSPO">
    <editdetail attribution="Reuters BIP Coding Group" action="confirmed" date="1997-03-17"/>
  </code>
</codes>
<dc element="dc.date.created" value="1997-03-17"/>
<dc element="dc.publisher" value="Reuters Holdings Plc"/>
<dc element="dc.date.published" value="1997-03-17"/>
<dc element="dc.source" value="Reuters"/>
<dc element="dc.creator.location" value="NEW YORK"/>
<dc element="dc.creator.location.country.name" value="USA"/>
<dc element="dc.source" value="Reuters"/>
</metadata>
</newsitem>
