<?xml version="1.0" encoding="iso-8859-1" ?>
<newsitem itemid="446217" id="root" date="1997-03-17" xml:lang="en">
<title>USA: ALPINE SKIING-NOTABLE MOMENTS FROM WORLD CUP FINALS.</title>
<headline>ALPINE SKIING-NOTABLE MOMENTS FROM WORLD CUP FINALS.</headline>
<dateline>VAIL, Colorado 1997-03-17</dateline>
<text>
<p>Following are some notable moments from the World Cup Finals that ended the Alpine skiing season on Sunday:</p>
<p>-- Luc Alphand of France becomes first speed specialist to win the World Cup overall championship. Adds Super-G title to his third successive downhill championship.</p>
<p>-- Pernilla Wiberg of Sweden wins downhill race to become only active woman skier with World Cup wins in all four disciplines. Her final overall points total of 1,960 is a World Cup record.</p>
<p>-- German women, bolstered by a one-two-three sweep in the Super-G, claim their first Nation Cup title. -- Donna Compagnoni becomes first Italian woman to win a World Cup title when she crowns brilliant giant slalom season with victory</p>
<p>-- Andreas Schifferer of Austria (Super-G) and Lara Magoni of Italy (slalom) post their first World Cup victories.</p>
<p>-- Wiberg and Magoni finish in a dead-heat to share victory in the slalom, a first in World Cup history</p>
<p>-- Swiss giant slalom ace Michael von Gruenigen wins his</p>
<p>fourth World Cup race of season to repeat as champion -- Austrian Renate Goetschl (downhill) and German Hilde Gerg (Super-G) clinch their first season titles</p>
<p>-- Norway's Lasse Kjus, the 1996 overall champion, pulls out of downhill to protest scheduling that has him competing in three continents (Europe, Asia, North America) in three weeks -- 30-year-old Finn Christian Jagge of Norway wins the slalom for his first victory in three seasons</p>
<p>-- World downhill champion Hilary Lindh of the United States announces her retirement</p>
</text>
<copyright>(c) Reuters Limited 1997</copyright>
<metadata>
<codes class="bip:countries:1.0">
  <code code="USA">
    <editdetail attribution="Reuters BIP Coding Group" action="confirmed" date="1997-03-17"/>
  </code>
</codes>
<codes class="bip:topics:1.0">
  <code code="GCAT">
    <editdetail attribution="Reuters BIP Coding Group" action="confirmed" date="1997-03-17"/>
  </code>
  <code code="GSPO">
    <editdetail attribution="Reuters BIP Coding Group" action="confirmed" date="1997-03-17"/>
  </code>
</codes>
<dc element="dc.date.created" value="1997-03-17"/>
<dc element="dc.publisher" value="Reuters Holdings Plc"/>
<dc element="dc.date.published" value="1997-03-17"/>
<dc element="dc.source" value="Reuters"/>
<dc element="dc.creator.location" value="VAIL, Colorado"/>
<dc element="dc.creator.location.country.name" value="USA"/>
<dc element="dc.source" value="Reuters"/>
</metadata>
</newsitem>
