<?xml version="1.0" encoding="iso-8859-1" ?>
<newsitem itemid="446274" id="root" date="1997-03-17" xml:lang="en">
<title>CYPRUS: SOCCER-CYPRUS FIRST DIVISION RESULTS/STANDINGS.</title>
<headline>SOCCER-CYPRUS FIRST DIVISION RESULTS/STANDINGS.</headline>
<dateline>NICOSIA 1997-03-17</dateline>
<text>
<p>Results of Cyprus first</p>
<p>division soccer matches played at the weekend:</p>
<p> Paralimni    0     Anorthosis   5</p>
<p> Apollon	4     Anagennisis  1</p>
<p> Salamina     2     Olympiakos   1</p>
<p> APOP	   0     Ethnikos     3</p>
<p> Omonia	 3     Alki	   2</p>
<p> APOEL	  3     Aris	   0</p>
<p> AEK	    4     APEP	   0</p>
<p>    Standings		     P    W    D   L  F   A   PTS </p>
<p>  1. Anorthosis Famagusta     20   16   3   1  50  11  51</p>
<p>  2. Apollon Limassol	   20   13   3   4  34  16  42</p>
<p>  3. APOEL Nicosia		20   12   3   5  50  28  39</p>
<p>  4. AEK Larnaca		  20    9   7   4  40  28  34</p>
<p>  5. Omonia Nicosia	     20   10   3   7  31  26  33</p>
<p>  6. thnikos Achna		20    8   4   8  27  28  28</p>
<p>  7. Enosis Paralimni	   20    7   6   7  39  39  27</p>
<p>  8. Salamina Famagusta	 20    6   8   6  33  28  26</p>
<p>  9. Alki Larnaca		 20    6   5   9  30  34  23</p>
<p> 10. Aris Limassol		20    5   7   8  25  30  22</p>
<p> 11. Anagennisis Dherinia     20    6   4  10  19  30  22</p>
<p> 12. Olympiakos Nicosia	 20    5   3  12  18  38  18</p>
<p> 13. APOP Paphos		  20    5   3  12  18  38  18</p>
<p> 14. APEP Kyperounda	    20    2   1  17  15  55   7</p>
</text>
<copyright>(c) Reuters Limited 1997</copyright>
<metadata>
<codes class="bip:countries:1.0">
  <code code="CYPR">
    <editdetail attribution="Reuters BIP Coding Group" action="confirmed" date="1997-03-17"/>
  </code>
</codes>
<codes class="bip:topics:1.0">
  <code code="GCAT">
    <editdetail attribution="Reuters BIP Coding Group" action="confirmed" date="1997-03-17"/>
  </code>
  <code code="GSPO">
    <editdetail attribution="Reuters BIP Coding Group" action="confirmed" date="1997-03-17"/>
  </code>
</codes>
<dc element="dc.date.created" value="1997-03-17"/>
<dc element="dc.publisher" value="Reuters Holdings Plc"/>
<dc element="dc.date.published" value="1997-03-17"/>
<dc element="dc.source" value="Reuters"/>
<dc element="dc.creator.location" value="NICOSIA"/>
<dc element="dc.creator.location.country.name" value="CYPRUS"/>
<dc element="dc.source" value="Reuters"/>
</metadata>
</newsitem>
