<?xml version="1.0" encoding="iso-8859-1" ?>
<newsitem itemid="446229" id="root" date="1997-03-17" xml:lang="en">
<title>UK: CRICKET-AUSTRALIA FIRMLY ON TOP OF THE WORLD.</title>
<headline>CRICKET-AUSTRALIA FIRMLY ON TOP OF THE WORLD.</headline>
<dateline>LONDON 1997-03-17</dateline>
<text>
<p>Australia strengthened their position on top of the cricketing world after beating South Africa in the second test in Port Elizabeth on Monday to take a 2-0 winning lead in the three-match series.</p>
<p>They are now four points clear of India and South Africa at the head of the Wisden world championship, and only an improbable set of results could lead to them being overhauled at any time this year.</p>
<p>The championship, devised by Wisden Cricketers' Almanack, is unofficial, but South Africa intend to propose at the International Cricket Council (ICC) meeting in June that it be adopted officially.</p>
<p>Rankings are based on the most recent meetings, both home and away, between each pair of teams, with two points for winning each series or one-off test and one for drawing. The difference between the number played and points decides placings.</p>
<p>Standings (tabulate under played, points, difference)</p>
<p> Australia	  14    22     +8</p>
<p> India		13    17     +4</p>
<p> South Africa     12    16     +4</p>
<p> West Indies	11    14     +3</p>
<p> Pakistan	   12    14     +2</p>
<p> England	    14    11     -3</p>
<p> Sri Lanka	  14    10     -4</p>
<p> Zimbabwe	   10     4     -6</p>
<p> New Zealand	16     8     -8</p>
</text>
<copyright>(c) Reuters Limited 1997</copyright>
<metadata>
<codes class="bip:countries:1.0">
  <code code="AUSTR">
    <editdetail attribution="Reuters BIP Coding Group" action="confirmed" date="1997-03-17"/>
  </code>
  <code code="INDIA">
    <editdetail attribution="Reuters BIP Coding Group" action="confirmed" date="1997-03-17"/>
  </code>
  <code code="SAFR">
    <editdetail attribution="Reuters BIP Coding Group" action="confirmed" date="1997-03-17"/>
  </code>
  <code code="UK">
    <editdetail attribution="Reuters BIP Coding Group" action="confirmed" date="1997-03-17"/>
  </code>
</codes>
<codes class="bip:topics:1.0">
  <code code="GCAT">
    <editdetail attribution="Reuters BIP Coding Group" action="confirmed" date="1997-03-17"/>
  </code>
  <code code="GSPO">
    <editdetail attribution="Reuters BIP Coding Group" action="confirmed" date="1997-03-17"/>
  </code>
</codes>
<dc element="dc.date.created" value="1997-03-17"/>
<dc element="dc.publisher" value="Reuters Holdings Plc"/>
<dc element="dc.date.published" value="1997-03-17"/>
<dc element="dc.source" value="Reuters"/>
<dc element="dc.creator.location" value="LONDON"/>
<dc element="dc.creator.location.country.name" value="UK"/>
<dc element="dc.source" value="Reuters"/>
</metadata>
</newsitem>
