<?xml version="1.0" encoding="iso-8859-1" ?>
<newsitem itemid="446248" id="root" date="1997-03-17" xml:lang="en">
<title>BULGARIA: SOCCER-BULGARIAN FIRST DIVISION RESULTS/STANDINGS.</title>
<headline>SOCCER-BULGARIAN FIRST DIVISION RESULTS/STANDINGS.</headline>
<dateline>SOFIA 1997-03-17</dateline>
<text>
<p>Results of Bulgarian first</p>
<p>division soccer matches over the weekend:</p>
<p>   Lokomotiv Plovdiv	3 Lokomotiv Sofia   0    </p>
<p>   Slavia		     3 Dobrudja	    0    </p>
<p>   Etur			 1 Levski Sofia	1    </p>
<p>   Neftohimik		 2 Levski Kyustendil 0    </p>
<p>   Montana		    2 Botev		 0    </p>
<p>   Rakovski		   0 Spartak Pleven    0    </p>
<p>   Maritsa		    1 Minyor		1    </p>
<p>   CSKA			 4 Spartak Varna     1    </p>
<p>Standings (tabulate under played, won, drawn, lost, goals</p>
<p>for, against, points):</p>
<p>  CSKA			19 16  2  1  42 11  50</p>
<p>  Neftohimik		19 12  4  3  36 12  40</p>
<p>  Slavia		    19 12  4  3  33 11  40</p>
<p>  Levski Sofia	    19 10  8  1  45 14  38</p>
<p>  Lokomotiv Sofia	 19  9  2  8  31 26  29</p>
<p>  Minyor		    19  8  5  6  17 20  29</p>
<p>  Spartak Varna	   19  8  3  8  20 23  27</p>
<p>  Levski Kyustendil     19  8  2  9  29 34  26</p>
<p>  Lokomotiv Plovdiv     19  7  4  8  24 26  25</p>
<p>  Etur			19  7  2 10  18 30  23</p>
<p>  Dobrudzha		 19  6  4  9  23 30  22</p>
<p>  Maritsa		   19  5  6  8  21 27  21</p>
<p>  Botev		     19  6  3 10  22 32  21</p>
<p>  Spartak Pleven	  19  6  2 11  15 27  20</p>
<p>  Montana		   19  4  4 11  17 25  16</p>
<p>  Rakovski		  19  0  1 18   7 52   1</p>
</text>
<copyright>(c) Reuters Limited 1997</copyright>
<metadata>
<codes class="bip:countries:1.0">
  <code code="BUL">
    <editdetail attribution="Reuters BIP Coding Group" action="confirmed" date="1997-03-17"/>
  </code>
</codes>
<codes class="bip:topics:1.0">
  <code code="GCAT">
    <editdetail attribution="Reuters BIP Coding Group" action="confirmed" date="1997-03-17"/>
  </code>
  <code code="GSPO">
    <editdetail attribution="Reuters BIP Coding Group" action="confirmed" date="1997-03-17"/>
  </code>
</codes>
<dc element="dc.date.created" value="1997-03-17"/>
<dc element="dc.publisher" value="Reuters Holdings Plc"/>
<dc element="dc.date.published" value="1997-03-17"/>
<dc element="dc.source" value="Reuters"/>
<dc element="dc.creator.location" value="SOFIA"/>
<dc element="dc.creator.location.country.name" value="BULGARIA"/>
<dc element="dc.source" value="Reuters"/>
</metadata>
</newsitem>
