<?xml version="1.0" encoding="iso-8859-1" ?>
<newsitem itemid="446202" id="root" date="1997-03-17" xml:lang="en">
<title>USA: Cairn Energy hires DLJ as adviser.</title>
<headline>Cairn Energy hires DLJ as adviser.</headline>
<dateline>DALLAS 1997-03-17</dateline>
<text>
<p>Cairn Energy USA Inc Monday said it retained the investment banking firm of Donaldson, Lufkin &amp; Jenrette to assist it in the exploration of strategic alternatives.</p>
<p>The company also said its senior vice president/treasurer, J. Munro Sutherland, is leaving the company and A. Allen Paul, vice president - marketing and administration, is assuming the responsibility of senior vice president - finance/treasurer on an interim basis. The company plans to retain a search firm to find a successor to Sutherland.  </p>
<p>A company spokesman said nothing specific prompted Cairn's hiring of an adviser and declined to comment on the reason for Sutherland's departure other than to say the company wishes him well.</p>
<p>The company is engaged in exploration for and the development and production of crude oil and natural gas, principally in the Outer Continental Shelf of the Gulf of Mexico.</p>
</text>
<copyright>(c) Reuters Limited 1997</copyright>
<metadata>
<codes class="bip:countries:1.0">
  <code code="USA">
    <editdetail attribution="Reuters BIP Coding Group" action="confirmed" date="1997-03-17"/>
  </code>
</codes>
<codes class="bip:industries:1.0">
  <code code="I13000">
    <editdetail attribution="Reuters BIP Coding Group" action="confirmed" date="1997-03-17"/>
  </code>
  <code code="I1300003">
    <editdetail attribution="Reuters BIP Coding Group" action="confirmed" date="1997-03-17"/>
  </code>
  <code code="I82000">
    <editdetail attribution="Reuters BIP Coding Group" action="confirmed" date="1997-03-17"/>
  </code>
  <code code="I83100">
    <editdetail attribution="Reuters BIP Coding Group" action="confirmed" date="1997-03-17"/>
  </code>
</codes>
<codes class="bip:topics:1.0">
  <code code="C11">
    <editdetail attribution="Reuters BIP Coding Group" action="confirmed" date="1997-03-17"/>
  </code>
  <code code="C33">
    <editdetail attribution="Reuters BIP Coding Group" action="confirmed" date="1997-03-17"/>
  </code>
  <code code="C41">
    <editdetail attribution="Reuters BIP Coding Group" action="confirmed" date="1997-03-17"/>
  </code>
  <code code="C411">
    <editdetail attribution="Reuters BIP Coding Group" action="confirmed" date="1997-03-17"/>
  </code>
  <code code="CCAT">
    <editdetail attribution="Reuters BIP Coding Group" action="confirmed" date="1997-03-17"/>
  </code>
</codes>
<dc element="dc.date.created" value="1997-03-17"/>
<dc element="dc.publisher" value="Reuters Holdings Plc"/>
<dc element="dc.date.published" value="1997-03-17"/>
<dc element="dc.source" value="Reuters"/>
<dc element="dc.creator.location" value="DALLAS"/>
<dc element="dc.creator.location.country.name" value="USA"/>
<dc element="dc.source" value="Reuters"/>
</metadata>
</newsitem>
