<?xml version="1.0" encoding="iso-8859-1" ?>
<newsitem itemid="446214" id="root" date="1997-03-17" xml:lang="en">
<title>USA: GOLF-LEADING MONEY WINNERS ON U.S. PGA TOUR.</title>
<headline>GOLF-LEADING MONEY WINNERS ON U.S. PGA TOUR.</headline>
<dateline>PONTE VEDRA, Florida 1997-03-17</dateline>
<text>
<p>Leading money</p>
<p>winners this season on the U.S. PGA Tour (U.S. unless noted):</p>
<p>  1. Mark O'Meara			$748,868</p>
<p>  2. Steve Jones			  491,127</p>
<p>  3. Jesper Parnevik (Sweden)	 470,270</p>
<p>  4. Craig Stadler			426,481</p>
<p>  5. Tiger Woods			  418,050</p>
<p>  6. Paul Stankowski		    397,948</p>
<p>  7. Steve Elkington (Australia)    354,400</p>
<p>  8. John Cook			    324,013</p>
<p>  9. David Duval			  319,915</p>
<p> 10. Stuart Appleby (Australia)     304,431</p>
<p> 11. Nick Faldo (Britain)	     285,622</p>
<p> 12. Jim Furyk			    272,588</p>
<p> 13. Nick Price (Zimbabwe)	    260,400</p>
<p> 14. Mark Calcavecchia		  251,511</p>
<p> 15. Jeff Sluman			  241,686</p>
<p> 16. Tom Lehman			   239,901</p>
<p> 17. Michael Bradley		    236,586</p>
<p> 18. Lee Janzen			   190,037</p>
<p> 19. Larry Nelson			 175,470</p>
<p> 20. Scott Hoch			   172,794</p>
</text>
<copyright>(c) Reuters Limited 1997</copyright>
<metadata>
<codes class="bip:countries:1.0">
  <code code="USA">
    <editdetail attribution="Reuters BIP Coding Group" action="confirmed" date="1997-03-17"/>
  </code>
</codes>
<codes class="bip:topics:1.0">
  <code code="GCAT">
    <editdetail attribution="Reuters BIP Coding Group" action="confirmed" date="1997-03-17"/>
  </code>
  <code code="GSPO">
    <editdetail attribution="Reuters BIP Coding Group" action="confirmed" date="1997-03-17"/>
  </code>
</codes>
<dc element="dc.date.created" value="1997-03-17"/>
<dc element="dc.publisher" value="Reuters Holdings Plc"/>
<dc element="dc.date.published" value="1997-03-17"/>
<dc element="dc.source" value="Reuters"/>
<dc element="dc.creator.location" value="PONTE VEDRA, Florida"/>
<dc element="dc.creator.location.country.name" value="USA"/>
<dc element="dc.source" value="Reuters"/>
</metadata>
</newsitem>
