<?xml version="1.0" encoding="iso-8859-1" ?>
<newsitem itemid="446290" id="root" date="1997-03-17" xml:lang="en">
<title>MONACO: SOCCER-MONACO MIDFIELDER RETURNS FOR EVERTON TRIAL.</title>
<headline>SOCCER-MONACO MIDFIELDER RETURNS FOR EVERTON TRIAL.</headline>
<dateline>MONACO 1997-03-17</dateline>
<text>
<p>Monaco midfielder Laurent Viaud headed back to England on Monday for a final match trial with premier league Everton, sources close to the French club said.</p>
<p>&quot;If I give satisfaction, there's a good chance it will happen,&quot; said Viaud, referring to his chances of joining Everton before the English transfer deadline of March 31.</p>
<p>Viaud said Everton wanted to see him in action in a full match, but gave no further details.</p>
<p>Monaco have given the 27-year-old, who will be a free agent at the end of the season, the go-ahead to pursue an immediate move to Everton after trials in the first week of March.</p>
</text>
<copyright>(c) Reuters Limited 1997</copyright>
<metadata>
<codes class="bip:countries:1.0">
  <code code="FRA">
    <editdetail attribution="Reuters BIP Coding Group" action="confirmed" date="1997-03-17"/>
  </code>
  <code code="MONAC">
    <editdetail attribution="Reuters BIP Coding Group" action="confirmed" date="1997-03-17"/>
  </code>
  <code code="UK">
    <editdetail attribution="Reuters BIP Coding Group" action="confirmed" date="1997-03-17"/>
  </code>
</codes>
<codes class="bip:topics:1.0">
  <code code="GCAT">
    <editdetail attribution="Reuters BIP Coding Group" action="confirmed" date="1997-03-17"/>
  </code>
  <code code="GSPO">
    <editdetail attribution="Reuters BIP Coding Group" action="confirmed" date="1997-03-17"/>
  </code>
</codes>
<dc element="dc.date.created" value="1997-03-17"/>
<dc element="dc.publisher" value="Reuters Holdings Plc"/>
<dc element="dc.date.published" value="1997-03-17"/>
<dc element="dc.source" value="Reuters"/>
<dc element="dc.creator.location" value="MONACO"/>
<dc element="dc.creator.location.country.name" value="MONACO"/>
<dc element="dc.source" value="Reuters"/>
</metadata>
</newsitem>
