<?xml version="1.0" encoding="iso-8859-1" ?>
<newsitem itemid="446228" id="root" date="1997-03-17" xml:lang="en">
<title>UK: ATHLETICS-BARMASAI IN WORLD CROSS COUNTRY AFTER ALL.</title>
<headline>ATHLETICS-BARMASAI IN WORLD CROSS COUNTRY AFTER ALL.</headline>
<dateline>LONDON 1997-03-17</dateline>
<text>
<p>Kenyan Bernard Barmasai is to run in the world cross country championships in Turin, Italy, on Sunday after all.</p>
<p>Barmasai, who is second in the season-long International Amateur Athletic Federation (IAAF) world cross challenge series, originally said he would not compete in the championship and did not take part in the Kenyan trials last month.</p>
<p>&quot;We changed our minds after his last race in Europe last month,&quot; said Caroline Feith, a spokeswoman for his Dutch agent Jos Hermans, speaking by telephone from the Netherlands.</p>
<p>&quot;After all there is a lot of money at stake and he believes he can place in the top five. So we asked the Kenyan federation to include him.&quot;</p>
<p>The world cross challenge, which culminates in the world cross country championships, has a first prize of $25,000 while the championship itself has a first prize of $40,000.</p>
<p>Kenyan athletics officials had previously said that runners had to compete in their trials to be included in the squad going to Turin.</p>
<p>Kenyan teams have won the senior men's race at the world championship for the last 11 years and provided the individual men's winner since 1992.</p>
</text>
<copyright>(c) Reuters Limited 1997</copyright>
<metadata>
<codes class="bip:countries:1.0">
  <code code="ITALY">
    <editdetail attribution="Reuters BIP Coding Group" action="confirmed" date="1997-03-17"/>
  </code>
  <code code="KENYA">
    <editdetail attribution="Reuters BIP Coding Group" action="confirmed" date="1997-03-17"/>
  </code>
  <code code="UK">
    <editdetail attribution="Reuters BIP Coding Group" action="confirmed" date="1997-03-17"/>
  </code>
</codes>
<codes class="bip:topics:1.0">
  <code code="GCAT">
    <editdetail attribution="Reuters BIP Coding Group" action="confirmed" date="1997-03-17"/>
  </code>
  <code code="GSPO">
    <editdetail attribution="Reuters BIP Coding Group" action="confirmed" date="1997-03-17"/>
  </code>
</codes>
<dc element="dc.date.created" value="1997-03-17"/>
<dc element="dc.publisher" value="Reuters Holdings Plc"/>
<dc element="dc.date.published" value="1997-03-17"/>
<dc element="dc.source" value="Reuters"/>
<dc element="dc.creator.location" value="LONDON"/>
<dc element="dc.creator.location.country.name" value="UK"/>
<dc element="dc.source" value="Reuters"/>
</metadata>
</newsitem>
