<?xml version="1.0" encoding="iso-8859-1" ?>
<newsitem itemid="446262" id="root" date="1997-03-17" xml:lang="en">
<title>BERMUDA: CRICKET-NZ IN BOX SEAT IN 2ND TEST VS SRI LANKA.</title>
<headline>CRICKET-NZ IN BOX SEAT IN 2ND TEST VS SRI LANKA.</headline>
<dateline>HAMILTON, New Zealand 1997-03-17</dateline>
<text>
<p>New Zealand continued to dictate terms on Monday as they closed in on victory on the fourth day of the second cricket test against Sri Lanka.</p>
<p>The Kiwis are well positioned to win the match, and the two-match test series 2-0, after making further inroads into the fragile Sri Lankan batting lineup in the morning session.</p>
<p>Sri Lanka resumed on Monday at 20 for two, requiring another 306 runs to reach their victory target of 326, but they lost another two wickets to reach the lunch break in serious bother at 81 for four.</p>
<p>Nightwatchman Chaminda Vaas stuck around for 41 minutes in the morning before his impatience saw him loft left-arm spinner Daniel Vettori to Dipak Patel at mid on after scoring just eight.</p>
<p>Seam bowler Simon Doull then struck a big blow by trapping leading Sri Lankan batsman Aravinda de Silva leg before wicket to have the tourists precariously placed at 50 for four.</p>
<p>De Silva had made just five and his failure continued a run of poor form. He has scored just nine runs in four innings during this series.</p>
<p>Opener Roshan Mahanama, who has slaved a touch under three hours for his 32, will resume after lunch with his captain Arjuna Ranatunga, whose 14 not out included successive fours to wide long-on off Vettori.</p>
<p>Vettori had taken two for 33 from 14 overs to be the most successful New Zealand bowler.</p>
</text>
<copyright>(c) Reuters Limited 1997</copyright>
<metadata>
<codes class="bip:countries:1.0">
  <code code="BERM">
    <editdetail attribution="Reuters BIP Coding Group" action="confirmed" date="1997-03-17"/>
  </code>
  <code code="NZ">
    <editdetail attribution="Reuters BIP Coding Group" action="confirmed" date="1997-03-17"/>
  </code>
  <code code="SRILAN">
    <editdetail attribution="Reuters BIP Coding Group" action="confirmed" date="1997-03-17"/>
  </code>
</codes>
<codes class="bip:topics:1.0">
  <code code="GCAT">
    <editdetail attribution="Reuters BIP Coding Group" action="confirmed" date="1997-03-17"/>
  </code>
  <code code="GSPO">
    <editdetail attribution="Reuters BIP Coding Group" action="confirmed" date="1997-03-17"/>
  </code>
</codes>
<dc element="dc.date.created" value="1997-03-17"/>
<dc element="dc.publisher" value="Reuters Holdings Plc"/>
<dc element="dc.date.published" value="1997-03-17"/>
<dc element="dc.source" value="Reuters"/>
<dc element="dc.creator.location" value="HAMILTON, New Zealand"/>
<dc element="dc.creator.location.country.name" value="BERMUDA"/>
<dc element="dc.source" value="Reuters"/>
</metadata>
</newsitem>
