<?xml version="1.0" encoding="iso-8859-1" ?>
<newsitem itemid="446253" id="root" date="1997-03-17" xml:lang="en">
<title>TRINIDAD AND TOBAGO: CRICKET-WEST INDIES 118-1 IN 2ND INNINGS V INDIA - CLOSE.</title>
<headline>CRICKET-WEST INDIES 118-1 IN 2ND INNINGS V INDIA - CLOSE.</headline>
<dateline>PORT OF SPAIN, Trinidad 1997-03-17</dateline>
<text>
<p>West Indies,</p>
<p>140 runs behind India on first innings, were</p>
<p>118-1 in their second innings at the close on the fourth day of</p>
<p>the second test at the Queen's Park Oval on Monday.</p>
<p>Scores: West Indies 296 and 118-1, India 436.</p>
</text>
<copyright>(c) Reuters Limited 1997</copyright>
<metadata>
<codes class="bip:countries:1.0">
  <code code="INDIA">
    <editdetail attribution="Reuters BIP Coding Group" action="confirmed" date="1997-03-17"/>
  </code>
  <code code="TRTO">
    <editdetail attribution="Reuters BIP Coding Group" action="confirmed" date="1997-03-17"/>
  </code>
  <code code="WEIND">
    <editdetail attribution="Reuters BIP Coding Group" action="confirmed" date="1997-03-17"/>
  </code>
</codes>
<codes class="bip:topics:1.0">
  <code code="GCAT">
    <editdetail attribution="Reuters BIP Coding Group" action="confirmed" date="1997-03-17"/>
  </code>
  <code code="GSPO">
    <editdetail attribution="Reuters BIP Coding Group" action="confirmed" date="1997-03-17"/>
  </code>
</codes>
<dc element="dc.date.created" value="1997-03-17"/>
<dc element="dc.publisher" value="Reuters Holdings Plc"/>
<dc element="dc.date.published" value="1997-03-17"/>
<dc element="dc.source" value="Reuters"/>
<dc element="dc.creator.location" value="PORT OF SPAIN, Trinidad"/>
<dc element="dc.creator.location.country.name" value="TRINIDAD AND TOBAGO"/>
<dc element="dc.source" value="Reuters"/>
</metadata>
</newsitem>
