<?xml version="1.0" encoding="iso-8859-1" ?>
<newsitem itemid="446265" id="root" date="1997-03-17" xml:lang="en">
<title>HONG KONG: HORSE RACING-CHRONOLOGY OF RECENT HK MISHAPS.</title>
<headline>HORSE RACING-CHRONOLOGY OF RECENT HK MISHAPS.</headline>
<dateline>HONG KONG 1997-03-17</dateline>
<text>
<p>One of the biggest horse-racing scandals to hit Hong Hong began to unfold on Monday.</p>
<p>Following is a chronology of recent mishaps in Hong Kong horse-racing:</p>
<p>March 16/17, 1997 - Hong Kong graft-busting body, Independent Commission Against Corruption (ICAC), detains 36 people, including a number of jockeys and trainers, after swooping on Shatin racecourse during a probe against alleged illegal bookmaking and race-fixing.</p>
<p>Dec 7, 1996 - Two U.S. race horses withdrawn from race after failing drugs tests.</p>
<p>Oct 30, 1996 - Two Hong Kong jockeys banned from riding for nine months for, racing authorities said, &quot;stopping their horses&quot; in a race at Happy Valley racecourse.</p>
<p>Oct 30, 1996 - Five jockeys end up in hospital after pile-up at Shatin, worst in 26 years of professional racing in Hong Kong.</p>
<p>Sept 18, 1996 - Australian trainer Bruce Hutchison seriously injured in single-vehicle car crash. Surgeons had to rebuild half his face.</p>
<p>April 14, 1996 - Hong Kong Horse of the Year, Makapura Star, destroyed after suffering severe lung haemorrhage in mid-race.</p>
<p>March 25, 1996 - Altogether 20 horses from stable of French trainer Patrick Biancone suspended for seven days after showing traces of drugs. The drug was not performance-enhancing but Hong Kong requires horses to be medication-free seven days before racing.</p>
<p>March 23, 1996 - The HK$2.5 million Gold Cup race at Shatin is thrown into disarray when second favourite Deauville and two other horses are withdrawn from racing after testing positive for Sputolosin, which must be declared when used.</p>
<p>Feb 10, 1996 - Jockey Walter Swinburn, whose successes include the Prix de l'Arc de Triomphe and three English Derbies, is seriously injured after fall at start of a race at Shatin racecourse.</p>
<p>Feb 20, 1986 - In the biggest racing scandal on record at the time, the ICAC seizes 22 members of a &quot;Shanghai syndicate&quot;, headed by a Shanghainese businessman, subsequently charged with conspiring to dishonestly influence the outcome of six races, involving 75 to 100 horses.</p>
</text>
<copyright>(c) Reuters Limited 1997</copyright>
<metadata>
<codes class="bip:countries:1.0">
  <code code="HKONG">
    <editdetail attribution="Reuters BIP Coding Group" action="confirmed" date="1997-03-17"/>
  </code>
</codes>
<codes class="bip:topics:1.0">
  <code code="GCAT">
    <editdetail attribution="Reuters BIP Coding Group" action="confirmed" date="1997-03-17"/>
  </code>
  <code code="GSPO">
    <editdetail attribution="Reuters BIP Coding Group" action="confirmed" date="1997-03-17"/>
  </code>
</codes>
<dc element="dc.date.created" value="1997-03-17"/>
<dc element="dc.publisher" value="Reuters Holdings Plc"/>
<dc element="dc.date.published" value="1997-03-17"/>
<dc element="dc.source" value="Reuters"/>
<dc element="dc.creator.location" value="HONG KONG"/>
<dc element="dc.creator.location.country.name" value="HONG KONG"/>
<dc element="dc.source" value="Reuters"/>
</metadata>
</newsitem>
