<?xml version="1.0" encoding="iso-8859-1" ?>
<newsitem itemid="446283" id="root" date="1997-03-17" xml:lang="en">
<title>USA: NHL ICE HOCKEY-STANDINGS AFTER SUNDAY'S GAMES.</title>
<headline>NHL ICE HOCKEY-STANDINGS AFTER SUNDAY'S GAMES.</headline>
<dateline>NEW YORK 1997-03-17</dateline>
<text>
<p>Standings of National Hockey</p>
<p>League teams after games played on Sunday (tabulate under won,</p>
<p>lost, tied, goals for, goals against, points):</p>
<p>		 EASTERN CONFERENCE</p>
<p>		 NORTHEAST DIVISION</p>
<p>		    W   L   T   GF   GA   PTS</p>
<p> BUFFALO	 36  21  11  202  172   83</p>
<p> PITTSBURGH    32  30   7  238  233   71</p>
<p> HARTFORD	27  33  10  194  219   64</p>
<p> MONTREAL	25  32  14  215  245   64</p>
<p> OTTAWA	  22  33  14  189  203   58</p>
<p> BOSTON	  24  37   9  205  249   57</p>
<p>		 ATLANTIC DIVISION</p>
<p>		    W   L   T   GF   GA   PTS</p>
<p> X-PHILADELPHIA39  21  10  236  184   88</p>
<p> X-NEW JERSEY  38  19  12  197  157   88</p>
<p> FLORIDA	 31  23  16  188  167   78</p>
<p> NY RANGERS    33  28   9  226  196   75</p>
<p> WASHINGTON    28  35   7  179  197   63</p>
<p> TAMPA BAY     27  35   7  187  217   61</p>
<p> NY ISLANDERS  24  36  10  192  208   58</p>
<p>X -- CLINCHED PLAYOFF BERTH</p>
<p>		 WESTERN CONFERENCE</p>
<p>		 CENTRAL DIVISION</p>
<p>		    W   L   T   GF   GA   PTS</p>
<p> X-DALLAS	41  23   6  215  171   88</p>
<p> DETROIT	 33  21  15  221  165   81</p>
<p> PHOENIX	 32  33   5  201  211   69</p>
<p> ST LOUIS	30  31   9  207  215   69</p>
<p> CHICAGO	 28  31  12  186  180   68</p>
<p> TORONTO	 26  38   6  204  238   58</p>
<p>X -- CLINCHED PLAYOFF BERTH</p>
<p>		 PACIFIC DIVISION</p>
<p>		    W   L   T   GF   GA   PTS</p>
<p> Y-COLORADO    43  18   9  240  171   95</p>
<p> EDMONTON	32  32   7  221  215   71</p>
<p> ANAHEIM	 29  30  11  203  201   69</p>
<p> CALGARY	 30  34   8  191  202   68</p>
<p> VANCOUVER     29  37   4  218  240   62</p>
<p> LOS ANGELES   25  37   9  188  233   59</p>
<p> SAN JOSE	23  39   7  177  231   53</p>
<p>Y -- CLINCHED DIVISION TITLE</p>
<p>MONDAY, MARCH 17TH SCHEDULE</p>
<p>BOSTON AT BUFFALO		 </p>
<p>FLORIDA AT NEW JERSEY	   </p>
<p>OTTAWA AT NY RANGERS	    </p>
<p>ST LOUIS AT PHOENIX</p>
</text>
<copyright>(c) Reuters Limited 1997</copyright>
<metadata>
<codes class="bip:countries:1.0">
  <code code="CANA">
    <editdetail attribution="Reuters BIP Coding Group" action="confirmed" date="1997-03-17"/>
  </code>
  <code code="USA">
    <editdetail attribution="Reuters BIP Coding Group" action="confirmed" date="1997-03-17"/>
  </code>
</codes>
<codes class="bip:topics:1.0">
  <code code="GCAT">
    <editdetail attribution="Reuters BIP Coding Group" action="confirmed" date="1997-03-17"/>
  </code>
  <code code="GSPO">
    <editdetail attribution="Reuters BIP Coding Group" action="confirmed" date="1997-03-17"/>
  </code>
</codes>
<dc element="dc.date.created" value="1997-03-17"/>
<dc element="dc.publisher" value="Reuters Holdings Plc"/>
<dc element="dc.date.published" value="1997-03-17"/>
<dc element="dc.source" value="Reuters"/>
<dc element="dc.creator.location" value="NEW YORK"/>
<dc element="dc.creator.location.country.name" value="USA"/>
<dc element="dc.source" value="Reuters"/>
</metadata>
</newsitem>
