<?xml version="1.0" encoding="iso-8859-1" ?>
<newsitem itemid="446230" id="root" date="1997-03-17" xml:lang="en">
<title>UK: BOXING-NASEEM TO DEFEND TITLES AGAINST HARDY.</title>
<headline>BOXING-NASEEM TO DEFEND TITLES AGAINST HARDY.</headline>
<dateline>LONDON 1997-03-17</dateline>
<text>
<p>Veteran European champion Billy Hardy was named on Monday as the surprise challenger for Prince Naseem Hamed's unified featherweight world titles.</p>
<p>The 32-year-old Englishman will fight Naseem for the International Boxing Federation (IBF) and World Boxing Organisation (WBO) crowns in Manchester on May 3 -- the same night as the World Boxing Association (WBA) heavyweight title clash between Evander Holyfield and Mike Tyson in Las Vegas.</p>
<p>Naseem had been expected to face WBA featherweight champion Wilfredo Vasquez of Puerto Rico but promoter Frank Warren said that fight would have to wait until later in the year.</p>
<p>&quot;In an ideal world I would have preferred Naseem to fight Vasquez or (World Boxing Council featherweight champion) Luisito Espinosa but unfortunately it's not to be,&quot; Warren told a news conference.</p>
<p>&quot;Hopefully he'll be fighting one of those guys in June or July.&quot;</p>
<p>Naseem, a renowned showman who somersaults into the ring before fights, dismissed Hardy as &quot;just a little stepping stone towards me uniting all the belts and bringing them all back to England&quot;.</p>
<p>&quot;Billy comes to the table with zilch (nothing). He just comes with his bag. Do I want to dodge Billy Hardy? You must be joking.&quot;</p>
<p>Hardy described himself as &quot;King Billy&quot; and vowed to dethrone the prince.</p>
<p>Naseem has won all his previous 25 fights and said he would stop Hardy within five rounds.</p>
</text>
<copyright>(c) Reuters Limited 1997</copyright>
<metadata>
<codes class="bip:countries:1.0">
  <code code="UK">
    <editdetail attribution="Reuters BIP Coding Group" action="confirmed" date="1997-03-17"/>
  </code>
  <code code="USA">
    <editdetail attribution="Reuters BIP Coding Group" action="confirmed" date="1997-03-17"/>
  </code>
</codes>
<codes class="bip:topics:1.0">
  <code code="GCAT">
    <editdetail attribution="Reuters BIP Coding Group" action="confirmed" date="1997-03-17"/>
  </code>
  <code code="GSPO">
    <editdetail attribution="Reuters BIP Coding Group" action="confirmed" date="1997-03-17"/>
  </code>
</codes>
<dc element="dc.date.created" value="1997-03-17"/>
<dc element="dc.publisher" value="Reuters Holdings Plc"/>
<dc element="dc.date.published" value="1997-03-17"/>
<dc element="dc.source" value="Reuters"/>
<dc element="dc.creator.location" value="LONDON"/>
<dc element="dc.creator.location.country.name" value="UK"/>
<dc element="dc.source" value="Reuters"/>
</metadata>
</newsitem>
