<?xml version="1.0" encoding="iso-8859-1" ?>
<newsitem itemid="446220" id="root" date="1997-03-17" xml:lang="en">
<title>SPAIN: SOCCER-VALENCIA STILL HOPEFUL OF PLACE IN SEMIS.</title>
<headline>SOCCER-VALENCIA STILL HOPEFUL OF PLACE IN SEMIS.</headline>
<dateline>VALENCIA, Spain 1997-03-17</dateline>
<text>
<p>Valencia will feel they still have a chance of reaching the UEFA Cup semifinals when they face an injury-hit Schalke in Tuesday's quarter-final second leg.</p>
<p>Schalke, bidding to make a European semifinal for first time in 27 years, won the home leg 2-0.</p>
<p>But Valencia have hit form with consecutive league wins, while Schalke fell 3-0 to Bayern Munich in the Bundesliga on Saturday.</p>
<p>Schalke coach Huub Stevens warned: &quot;If we sleep through the first 25 minutes as we did against Munich, we'll be in trouble.&quot;</p>
<p>But midfielder Olaf Thon pledged his side would shake off their injuries and their sluggish performance against Bayern. &quot;We'll be a different side against Valencia,&quot; he said.</p>
<p>Stevens had only 14 fit and eligible players at his disposal in Germany and has had to resort to emergency call-ups, ordering his two U.S. internationals, midfielder Tom Dooley and striker David Wagner, to fly straight to Valencia from Sunday's World Cup qualifier against Canada.</p>
<p>He has also called into his squad two amateurs who have never played in the Bundesliga, Thomas Klaesener und Arnold Dybek.</p>
<p>They are missing both scorers from the first leg, striker Marc Wilmots and defender Thomas Linke, who are suspended.</p>
<p>Czech midfielder Radoslav Latal is highly doubtful with ankle ligament trouble. He hopes to play at least one half but coach Stevens holds out little hope.</p>
<p>Manager Rudi Assauer remains philosophical. &quot;There's no point moaning and griping. We have a huge lead from the first leg, now others will have to pick up the baton and do their bit,&quot; he said.</p>
<p>The Spaniards also have their problems and will be without the star of their recent victories, Ariel Ortega. The Argentine midfielder has only recently arrived in Spain and is ineligible for European competition.</p>
<p>Also missing will be defender Vicente Engonga, who picked up his second yellow card of the competition in the first leg.</p>
<p>Valencia will be boosted by the return from suspension of goalkeeper Andoni Zubizarreta, who redeemed himself with a series of fine saves in Saturday's 4-1 away win over Spanish champions Atletico Madrid after a terrible game the previous week.</p>
<p>Defensive general Patxi Ferreira is also set to return from suspension.</p>
<p>Valencia's run of form has done something to take the pressure off former Real Madrid coach Jorge Valdano and much-criticised club president Paco Roig.</p>
<p>Probable teams:</p>
<p>Valencia - Andoni Zubizarreta, Javi Navarro, Jorge Otero, Ivan Campo, Enrique Romero, Xabier Eskurza, Fernando Gomez, Valery Karpin, Claudio Lopez, Goran Vlaovic, Gabriel Moya.</p>
<p>Schalke - Jens Lehmann,  Olaf Thon, Johan De Kock, Yves Eigenrauch, Radoslav Latal (or Oliver Held), Jiri Nemec, Andreas Mueller, Ingo Anderbruegge, Michael Bueskens, Martin Max, Yuri Mulder.</p>
</text>
<copyright>(c) Reuters Limited 1997</copyright>
<metadata>
<codes class="bip:countries:1.0">
  <code code="GFR">
    <editdetail attribution="Reuters BIP Coding Group" action="confirmed" date="1997-03-17"/>
  </code>
  <code code="SPAIN">
    <editdetail attribution="Reuters BIP Coding Group" action="confirmed" date="1997-03-17"/>
  </code>
</codes>
<codes class="bip:topics:1.0">
  <code code="GCAT">
    <editdetail attribution="Reuters BIP Coding Group" action="confirmed" date="1997-03-17"/>
  </code>
  <code code="GSPO">
    <editdetail attribution="Reuters BIP Coding Group" action="confirmed" date="1997-03-17"/>
  </code>
</codes>
<dc element="dc.date.created" value="1997-03-17"/>
<dc element="dc.publisher" value="Reuters Holdings Plc"/>
<dc element="dc.date.published" value="1997-03-17"/>
<dc element="dc.source" value="Reuters"/>
<dc element="dc.creator.location" value="VALENCIA, Spain"/>
<dc element="dc.creator.location.country.name" value="SPAIN"/>
<dc element="dc.source" value="Reuters"/>
</metadata>
</newsitem>
