<?xml version="1.0" encoding="iso-8859-1" ?>
<newsitem itemid="446297" id="root" date="1997-03-17" xml:lang="en">
<title>SWITZERLAND: FIGURE SKATING-URMANOV NOW AT EASE WITH OLYMPIC TITLE.</title>
<headline>FIGURE SKATING-URMANOV NOW AT EASE WITH OLYMPIC TITLE.</headline>
<byline>Brian Creighton</byline>
<dateline>LAUSANNE, Switzerland 1997-03-17</dateline>
<text>
<p>Alexei Urmanov believes he has finally come to terms with his status as Olympic men's figure skating champion - three years after winning the title at the Lillehammer Games in Norway.</p>
<p>Urmanov leads Russia's challenge against the dominant North American double act of titleholder Todd Eldredge and ex-champion Elvis Stojko as he attempts to add a first world title to his Olympic and European crowns.</p>
<p>Competition begins on Wednesday with the medals to be decided on Thursday night.</p>
<p>After winning his qualifying group on Sunday with a huge quadruple jump, the 23-year-old from St Petersburg reflected on his momentous achievement at the 1994 Winter Games.</p>
<p>&quot;I was not ready to win the Olympic title. I didn't understand what the Olympic title was. I didn't understand the responsibility of being champion,&quot; he said.</p>
<p>&quot;My friends would say to me 'Hey, you're the Olympic champion', and I didn't understand what it really meant. For a year I didn't understand.&quot;</p>
<p>What Urmanov, just 20 when he won the title, did realise quickly was that his success brought with it the huge expectations of the skating world.</p>
<p>&quot;As the Olympic champion, I'm not allowed to fail,&quot; he once said.</p>
<p>Now he has come to terms with the demands of his status, his skating is enjoying a renaissance.</p>
<p>Though he was slightly fortunate to take the European title in a scrambled finish in Paris in January, he is skating better now than at any time since Lillehammer.</p>
<p>&quot;I feel better than last season or the season before. I'm definitely going up,&quot; he said.</p>
<p>Urmanov and team mate Ilya Kulik, the 1995 European champion who also did a fine quad in qualifying, and Ukrainian Viacheslav Zagorodniuk offer the main opposition to Elfredge and Stojko.</p>
<p>Zagorodniuk, the European champion last year, did not do a quad but his triple axels are regarded as the best of the current skaters.</p>
<p>Eldredge and Stojko will both need to improve on their qualifying programmes.</p>
<p>The American champion rated his sprained right ankle at about 90 per cent on Sunday despite his fall on a triple axel late in his routine.</p>
<p>Stojko, who won the two world championships before Eldredge's success in Edmonton last year, tumbled landing his quad.</p>
<p>But he did not seem concerned and appeared confident he could repeat the magnificent quad-triple jump combination he brought off for the frirst time in the Champions Series final in Hamilton early this month.</p>
<p>With the Russians breathing down his neck, he may need to.</p>
</text>
<copyright>(c) Reuters Limited 1997</copyright>
<metadata>
<codes class="bip:countries:1.0">
  <code code="NORW">
    <editdetail attribution="Reuters BIP Coding Group" action="confirmed" date="1997-03-17"/>
  </code>
  <code code="RUSS">
    <editdetail attribution="Reuters BIP Coding Group" action="confirmed" date="1997-03-17"/>
  </code>
  <code code="SWITZ">
    <editdetail attribution="Reuters BIP Coding Group" action="confirmed" date="1997-03-17"/>
  </code>
</codes>
<codes class="bip:topics:1.0">
  <code code="GCAT">
    <editdetail attribution="Reuters BIP Coding Group" action="confirmed" date="1997-03-17"/>
  </code>
  <code code="GSPO">
    <editdetail attribution="Reuters BIP Coding Group" action="confirmed" date="1997-03-17"/>
  </code>
</codes>
<dc element="dc.date.created" value="1997-03-17"/>
<dc element="dc.publisher" value="Reuters Holdings Plc"/>
<dc element="dc.date.published" value="1997-03-17"/>
<dc element="dc.source" value="Reuters"/>
<dc element="dc.creator.location" value="LAUSANNE, Switzerland"/>
<dc element="dc.creator.location.country.name" value="SWITZERLAND"/>
<dc element="dc.source" value="Reuters"/>
</metadata>
</newsitem>
