<?xml version="1.0" encoding="iso-8859-1" ?>
<newsitem itemid="446200" id="root" date="1997-03-17" xml:lang="en">
<title>USA: Cox to receive 20.7 mln shrs in Flextech.</title>
<headline>Cox to receive 20.7 mln shrs in Flextech.</headline>
<dateline>ATLANTA 1997-03-17</dateline>
<text>
<p>Cox Communications Inc said Monday it will exchange its interest in two British cable and satellite television channels for an equity stake in Flextech PLC, a cable programming company.  </p>
<p>The company said it would exchange its 35 percent interest in UK Gold and 43.75 percent interest in UK Living for 20.7 million shares in Flextech. The amount of shares represents 12.55 percent of the British company at a value of $250 million, it said.</p>
<p>Cox said it expected to close the deal in about 45 days.</p>
<p>UK Gold is an entertainment channel featuring classic entertainment from the libraries of BBC Enterprises and Thames Television, while UK Living is programming aimed at women.</p>
<p>Cox Communications is a U.S. cable television operator, serving more than 3.2 million customers.</p>
</text>
<copyright>(c) Reuters Limited 1997</copyright>
<metadata>
<codes class="bip:countries:1.0">
  <code code="UK">
    <editdetail attribution="Reuters BIP Coding Group" action="confirmed" date="1997-03-17"/>
  </code>
  <code code="USA">
    <editdetail attribution="Reuters BIP Coding Group" action="confirmed" date="1997-03-17"/>
  </code>
</codes>
<codes class="bip:industries:1.0">
  <code code="I9741109">
    <editdetail attribution="Reuters BIP Coding Group" action="confirmed" date="1997-03-17"/>
  </code>
  <code code="I9741110">
    <editdetail attribution="Reuters BIP Coding Group" action="confirmed" date="1997-03-17"/>
  </code>
</codes>
<codes class="bip:topics:1.0">
  <code code="C18">
    <editdetail attribution="Reuters BIP Coding Group" action="confirmed" date="1997-03-17"/>
  </code>
  <code code="C181">
    <editdetail attribution="Reuters BIP Coding Group" action="confirmed" date="1997-03-17"/>
  </code>
  <code code="CCAT">
    <editdetail attribution="Reuters BIP Coding Group" action="confirmed" date="1997-03-17"/>
  </code>
</codes>
<dc element="dc.date.created" value="1997-03-17"/>
<dc element="dc.publisher" value="Reuters Holdings Plc"/>
<dc element="dc.date.published" value="1997-03-17"/>
<dc element="dc.source" value="Reuters"/>
<dc element="dc.creator.location" value="ATLANTA"/>
<dc element="dc.creator.location.country.name" value="USA"/>
<dc element="dc.source" value="Reuters"/>
</metadata>
</newsitem>
