<?xml version="1.0" encoding="iso-8859-1" ?>
<newsitem itemid="446242" id="root" date="1997-03-17" xml:lang="en">
<title>SOUTH AFRICA: CRICKET-MARK WAUGH LEADING AUSTRALIA TOWARDS VICTORY.</title>
<headline>CRICKET-MARK WAUGH LEADING AUSTRALIA TOWARDS VICTORY.</headline>
<dateline>PORT ELIZABETH, South Africa 1997-03-17</dateline>
<text>
<p>Mark Waugh was steering Australia towards victory over South Africa on the fourth day of the second test on Monday with an unbeaten 86.</p>
<p>Needing 270 to win and take a 2-0 winning lead in the three-test series, Australia extended the overnight 145 for three to 204 for five at lunch.</p>
<p>Twins Mark and Steve Waugh weathered a potentially lethal first spell from fast bowler Allan Donald to carry their fourth wicket stand to 54 without undue alarm.</p>
<p>But Steve Waugh (18) then drove a wide, swinging half volley from occasional seamer Jacques Kallis into the covers where Hansie Cronje dived at full stretch to his left to take a fine catch.</p>
<p>Both Mark Waugh and Greg Blewett were beaten by numerous deliveries from left-arm wrist spinner Paul Adams that turned and bounced but, in between survival, Mark never failed to attack the loose ball.</p>
<p>Fifteen minutes before lunch Adams finally took the wicket that had appeared so inevitable when he yorked Blewett for seven to make Australia 192 for five.</p>
<p>But Mark Waugh showed the steely resiliance so often associated with his brother throughout the morning, taking Australia to within 66 of victory at the interval, with Michael Bevan four not out.</p>
</text>
<copyright>(c) Reuters Limited 1997</copyright>
<metadata>
<codes class="bip:countries:1.0">
  <code code="AUSTR">
    <editdetail attribution="Reuters BIP Coding Group" action="confirmed" date="1997-03-17"/>
  </code>
  <code code="SAFR">
    <editdetail attribution="Reuters BIP Coding Group" action="confirmed" date="1997-03-17"/>
  </code>
</codes>
<codes class="bip:topics:1.0">
  <code code="GCAT">
    <editdetail attribution="Reuters BIP Coding Group" action="confirmed" date="1997-03-17"/>
  </code>
  <code code="GSPO">
    <editdetail attribution="Reuters BIP Coding Group" action="confirmed" date="1997-03-17"/>
  </code>
</codes>
<dc element="dc.date.created" value="1997-03-17"/>
<dc element="dc.publisher" value="Reuters Holdings Plc"/>
<dc element="dc.date.published" value="1997-03-17"/>
<dc element="dc.source" value="Reuters"/>
<dc element="dc.creator.location" value="PORT ELIZABETH, South Africa"/>
<dc element="dc.creator.location.country.name" value="SOUTH AFRICA"/>
<dc element="dc.source" value="Reuters"/>
</metadata>
</newsitem>
