<?xml version="1.0" encoding="iso-8859-1" ?>
<newsitem itemid="446206" id="root" date="1997-03-17" xml:lang="en">
<title>SPAIN: SOCCER-RAUL ON TARGET AS REAL MADRID MAINTAIN LEAD IN SPAIN.</title>
<headline>SOCCER-RAUL ON TARGET AS REAL MADRID MAINTAIN LEAD IN SPAIN.</headline>
<dateline>SAN SEBASTIAN, Spain 1997-03-17</dateline>
<text>
<p>Two moments of inspiration either side of half time from striker Raul Gonzalez enabled Real Madrid to maintain their nine-point lead in the Spanish championship with a 2-1 win at Real Sociedad on Monday.</p>
<p>A defence-splitting ball from Predrag Mijatovic set up Raul for the first goal and Roberto Carlos rifled home the second after being put through by a cheeky back-heel from the teenager.</p>
<p>But the leaders' weakness in the air was once again exposed towards the end when Mutiu Adepoju pulled one goal back from a corner.</p>
<p>Real's nearest rivals, Barcelona and Real Betis, each took comfortable victories over the weekend.</p>
<p>The bad news for Fabio Capello's team came moments from the final whistle when Roberto Carlos was booked for time-wasting.</p>
<p>With four yellow cards already to his name this season the Brazilian, who has not yet missed a minute of the league campaign, will have to sit out next week's home game with Zaragoza.</p>
</text>
<copyright>(c) Reuters Limited 1997</copyright>
<metadata>
<codes class="bip:countries:1.0">
  <code code="SPAIN">
    <editdetail attribution="Reuters BIP Coding Group" action="confirmed" date="1997-03-17"/>
  </code>
</codes>
<codes class="bip:topics:1.0">
  <code code="GCAT">
    <editdetail attribution="Reuters BIP Coding Group" action="confirmed" date="1997-03-17"/>
  </code>
  <code code="GSPO">
    <editdetail attribution="Reuters BIP Coding Group" action="confirmed" date="1997-03-17"/>
  </code>
</codes>
<dc element="dc.date.created" value="1997-03-17"/>
<dc element="dc.publisher" value="Reuters Holdings Plc"/>
<dc element="dc.date.published" value="1997-03-17"/>
<dc element="dc.source" value="Reuters"/>
<dc element="dc.creator.location" value="SAN SEBASTIAN, Spain"/>
<dc element="dc.creator.location.country.name" value="SPAIN"/>
<dc element="dc.source" value="Reuters"/>
</metadata>
</newsitem>
