<?xml version="1.0" encoding="iso-8859-1" ?>
<newsitem itemid="446254" id="root" date="1997-03-17" xml:lang="en">
<title>TRINIDAD AND TOBAGO: CRICKET-SLOW PITCH FORCES WINDIES TO WORK HARD.</title>
<headline>CRICKET-SLOW PITCH FORCES WINDIES TO WORK HARD.</headline>
<dateline>PORT OF SPAIN, Trinidad 1997-03-17</dateline>
<text>
<p>India's bowlers did their best to put West Indies under pressure after a disappointing morning on the fourth day of the second test at Queen's Park Oval on Monday.</p>
<p>The home side were 34 for one in their second innings at tea, still trailing by 106 runs, having earlier taken the last seven Indian wickets for 69 to bowl out their opponents for 436.</p>
<p>India had hoped for a bigger lead on a pitch of increasingly slow, low bounce, but seamer Abey Kuruvilla struck an early blow in West Indies' second innings when he removed Sherwin Campbell for four.</p>
<p>Opener Campbell was adjudged lbw to a ball which cut back into him with the score on 25, offering proof that batting is unlikely to be easy for West Indies in the last four sessions of the match.</p>
<p>They could do with someone showing similar resolve to opener Navjot Sidhu who batted for over 11 hours to became only the third Indian batsman to take a double-hundred off West Indies.</p>
<p>He was finally bowled by Curtly Ambrose for 201, including 19 fours and a six.</p>
<p>Ambrose also bowled Mohammed Azharuddin and finished with figures of five for 87, stealing the limelight from newcomer Mervyn Dillon who took three for 92 in his first test.</p>
</text>
<copyright>(c) Reuters Limited 1997</copyright>
<metadata>
<codes class="bip:countries:1.0">
  <code code="INDIA">
    <editdetail attribution="Reuters BIP Coding Group" action="confirmed" date="1997-03-17"/>
  </code>
  <code code="TRTO">
    <editdetail attribution="Reuters BIP Coding Group" action="confirmed" date="1997-03-17"/>
  </code>
  <code code="WEIND">
    <editdetail attribution="Reuters BIP Coding Group" action="confirmed" date="1997-03-17"/>
  </code>
</codes>
<codes class="bip:topics:1.0">
  <code code="GCAT">
    <editdetail attribution="Reuters BIP Coding Group" action="confirmed" date="1997-03-17"/>
  </code>
  <code code="GSPO">
    <editdetail attribution="Reuters BIP Coding Group" action="confirmed" date="1997-03-17"/>
  </code>
</codes>
<dc element="dc.date.created" value="1997-03-17"/>
<dc element="dc.publisher" value="Reuters Holdings Plc"/>
<dc element="dc.date.published" value="1997-03-17"/>
<dc element="dc.source" value="Reuters"/>
<dc element="dc.creator.location" value="PORT OF SPAIN, Trinidad"/>
<dc element="dc.creator.location.country.name" value="TRINIDAD AND TOBAGO"/>
<dc element="dc.source" value="Reuters"/>
</metadata>
</newsitem>
