<?xml version="1.0" encoding="iso-8859-1" ?>
<newsitem itemid="446268" id="root" date="1997-03-17" xml:lang="en">
<title>CHINA: CHINA CHAMPIONS DALIAN KICK OFF SEASON WITH WIN.</title>
<headline>CHINA CHAMPIONS DALIAN KICK OFF SEASON WITH WIN.</headline>
<dateline>BEIJING 1997-03-17</dateline>
<text>
<p>Defending champions Dalian Wanda took a swift and decisive step towards their third title in four years on Sunday with victory in the first match of China's first division professional soccer league season.</p>
<p>Dalian Wanda, who won the league in 1994 and 1996, extended their unbeaten record to 35 matches after the Sunday's 2-0 victory against Vanguard Huandao 2-0 in the central city of Chongqing.</p>
<p>Dalian Wanda pulled ahead in the 34th minute when Wang Peng scored and raised the count to 2-0 when Xu Hui connected in the 54th minute in a quick counter-attack.</p>
<p>Vanguard Huandao, promoted from the second division after coming top last season, had their chances to score but failed to convert before a home crowd of 40,000.</p>
<p>Coached by German Klaus Schlappner, former head coach of the Chinese national squad, Vanguard Huandao have moved from Wuhan in central Hubei province to the soccer-crazy city of Chongqing, the Xinhua news agency said.</p>
<p>Schlappner said the result reflected the gap between the top teams in the first and second divisions.</p>
<p>Last season's runners-up Shanghai Shenhua proved too strong for visiting Yanbian Aodong, winning 2-0 at home.</p>
<p>Liu Jun opened the scoring in the third minute after heading home a cross from Fan Zhiyi, China's 1996 footballer of the year.</p>
<p>Fan scored a penalty in the 57th minute after Yanbian Aodong committed a foul in the box, ensuring the win for Shanghai Shenhua, who won the league title in 1995.</p>
<p>In southern Guangzhou, Guangzhou Apollo edged Guangdong Hongyuan 1-0 in a rain-soaked match.</p>
<p>In the day's other matches, Beijing Guo'an were forced to a goalless draw at home by Sichuan Quanxing.</p>
<p>August First defeated Tianjin Lifei, playing on their home turf, 1-0, and Jinan Taishan suffered a surprise 0-1 home loss to Qingdao Hainiu, the other team promoted from the second division.</p>
</text>
<copyright>(c) Reuters Limited 1997</copyright>
<metadata>
<codes class="bip:countries:1.0">
  <code code="CHINA">
    <editdetail attribution="Reuters BIP Coding Group" action="confirmed" date="1997-03-17"/>
  </code>
</codes>
<codes class="bip:topics:1.0">
  <code code="GCAT">
    <editdetail attribution="Reuters BIP Coding Group" action="confirmed" date="1997-03-17"/>
  </code>
  <code code="GSPO">
    <editdetail attribution="Reuters BIP Coding Group" action="confirmed" date="1997-03-17"/>
  </code>
</codes>
<dc element="dc.date.created" value="1997-03-17"/>
<dc element="dc.publisher" value="Reuters Holdings Plc"/>
<dc element="dc.date.published" value="1997-03-17"/>
<dc element="dc.source" value="Reuters"/>
<dc element="dc.creator.location" value="BEIJING"/>
<dc element="dc.creator.location.country.name" value="CHINA"/>
<dc element="dc.source" value="Reuters"/>
</metadata>
</newsitem>
