<?xml version="1.0" encoding="iso-8859-1" ?>
<newsitem itemid="446266" id="root" date="1997-03-17" xml:lang="en">
<title>HONG KONG: HONG KONG HORSERACING HIT BY GRAFT BUST, 36 ARRESTS.</title>
<headline>HONG KONG HORSERACING HIT BY GRAFT BUST, 36 ARRESTS.</headline>
<byline>Sean Kennedy</byline>
<dateline>HONG KONG 1997-03-17</dateline>
<text>
<p>Hong Kong's wealthy horse-racing fraternity was hit by its biggest scandal in over a decade on Monday as 36 trainers, jockeys and other figures were detained in a race-fixing and illegal bookmaking probe.</p>
<p>Hong Kong's Independent Commission Against Corruption (ICAC) said it had arrested 18 people in a sting on Sunday night in connection with allegations that jockeys and trainers were &quot;corruptly involved with illegal bookmakers in syndicated horse race fixing&quot;.</p>
<p>A further 18 people were detained on Monday, ICAC spokeswoman Lisa Li told Reuters. Five were later freed on bail.</p>
<p>The scandal was being compared to the 1986 swoop on the &quot;Shanghai Syndicate&quot; that controlled horses, jockeys and trainers in the biggest previous scandal involving the British colony's racing scene.</p>
<p>Those arrested were believed to include some of the cream of the territory's international horse-racing set. They included five jockeys, two trainers and three Hong Kong Jockey Club staff, the ICAC said, adding that it had raided 55 premises on Sunday, including two believed to be illegal bookmaking centres.</p>
<p>The ICAC did not release the names of those detained. &quot;We will not disclose the names of the people arrested. They will be kept confidential,&quot; Li said.</p>
<p>She declined to comment on the accuracy of local newspaper reports identifying prominent Hong Kong and international trainers and jockeys as being among those netted in the sting.</p>
<p>The arrested can be held for 48 hours before being charged.</p>
<p>&quot;Inquiries are continuing,&quot; said ICAC spokesman Edmund Wong.</p>
<p>He declined to confirm newspaper reports that Chinese triad gangsters from nearby Portuguese-ruled Macau were involved and that the probe stemmmed from a Hong Kong race last November.</p>
<p>Under legal reporting restrictions, news media have to confine their reports about corruption cases under ICAC investigation to details that are released by the body, which has immense investigation powers.</p>
<p>A Chinese-language newspaper in the territory had quoted sources as saying the ICAC was looking into illegal bookmaking involving billions of Hong Kong dollars and triads in Macau.</p>
<p>The newspaper said the Jockey Club, which has a monopoly on horse-racing in Hong Kong, started looking into the alleged syndicate after a race in November last year.</p>
<p>Hong Kong, a territory of 6.4 million people, is the Asian capital of horse-racing.</p>
<p>The races generate billions of dollars in taxes and for charity. Betting turnover in the 1995/96 season was HK$80.6 billion (US$11 billion), believed the highest per capita in the world.</p>
<p>Robin Parke, racing expert for the English-language daily South China Morning Post, told Reuters that the only comparable scandal was the 1986 Shanghai Syndicate scandal.</p>
<p>&quot;This is shaping up to be just as big,&quot; said Parke.</p>
<p>If the latest investigation took a similar course to the 1986 investigation, some of those arrested could be charged with conspiring to cheat the public at gambling, Parke said.</p>
<p>&quot;Whatever civil penalties might be handed down, they would also be later reflected in the Jockey Club penalty, as well, of disqualification,&quot; Parke said.</p>
<p>&quot;During the period of that disqualification, they could not practise their art anywhere in the world.&quot;</p>
<p>The Jockey Club declined to comment on the arrests.</p>
<p>The immensely influential and wealthy Jockey Club has always been sensitive to suggestions of malpractice in view of the vast sums of money that Hong Kong punters pour into races at Happy Valley and the ultra-modern track at Shatin.</p>
<p>The club is one of Hong Kong's most venerable institutions -- the first horse race was run in 1841 shortly after a naval shore patrol planted the colonial British flag in Hong Kong.</p>
<p>Hong Kong reverts to Chinese rule in July, with many in the colony fearing an upsurge in corruption under the influence of the mainland, where graft has run rife in recent years.</p>
</text>
<copyright>(c) Reuters Limited 1997</copyright>
<metadata>
<codes class="bip:countries:1.0">
  <code code="HKONG">
    <editdetail attribution="Reuters BIP Coding Group" action="confirmed" date="1997-03-17"/>
  </code>
</codes>
<codes class="bip:topics:1.0">
  <code code="GCAT">
    <editdetail attribution="Reuters BIP Coding Group" action="confirmed" date="1997-03-17"/>
  </code>
  <code code="GSPO">
    <editdetail attribution="Reuters BIP Coding Group" action="confirmed" date="1997-03-17"/>
  </code>
</codes>
<dc element="dc.date.created" value="1997-03-17"/>
<dc element="dc.publisher" value="Reuters Holdings Plc"/>
<dc element="dc.date.published" value="1997-03-17"/>
<dc element="dc.source" value="Reuters"/>
<dc element="dc.creator.location" value="HONG KONG"/>
<dc element="dc.creator.location.country.name" value="HONG KONG"/>
<dc element="dc.source" value="Reuters"/>
</metadata>
</newsitem>
