<?xml version="1.0" encoding="iso-8859-1" ?>
<newsitem itemid="446296" id="root" date="1997-03-17" xml:lang="en">
<title>SWITZERLAND: FIGURE SKATING-WORLD CHAMPIONSHIP RESULTS.</title>
<headline>FIGURE SKATING-WORLD CHAMPIONSHIP RESULTS.</headline>
<dateline>LAUSANNE, Switzerland 1997-03-17</dateline>
<text>
<p>Results in the</p>
<p>women's qualifying round at the World figure skating</p>
<p>championships on Monday (top 15 from each group go through to</p>
<p>the main event beginning on Friday):</p>
<p>Group A:</p>
<p>1. Michelle Kwan (U.S.) 1.0 factored placements</p>
<p>2. Vanessa Gusmeroli (France) 2.0</p>
<p>3. Irina Slutskaya (Russia) 3.0</p>
<p>4. Krisztina Czako (Hungary) 4.0</p>
<p>5. Zuzanna Szwed (Poland) 5.0</p>
<p>6. Yulia Vorovieva (Azerbaijan) 6.0</p>
<p>7. Lenka Kulovana (Czech Republic) 7.0</p>
<p>8. Eve-Marie Fitze (Germany) 8.0</p>
<p>9. Laetitia Hubert (France) 9.0</p>
<p>10. Joanne Carter (Australia) 10.0</p>
<p>11. Marta Andrade (Spain) 11.0</p>
<p>12. Susan Humphreys (Canada) 12.0</p>
<p>13. Mojca Kopac (Slovenia) 13.0</p>
<p>14. Zuzana Paurova (Slovakia) 14.0</p>
<p>15. Tony Sabrina Bombardieri (Italy) 15.0</p>
<p>Did not qualify for main event:</p>
<p>16. Valeria Trifancova (Latvia) 16.0</p>
<p>17. Valentina Gazeleridou (Greece) 17.0</p>
<p>18. Noemi Bedo (Romania) 18.0</p>
<p>19. Patricia Ferriot (Belgium) 19.0</p>
<p>20. Weng Ja-lin (Taiwan) 20.0</p>
<p>21. Liina-Grete Lilender (Estonia) 21.0</p>
<p>Group B:</p>
<p> 1. Tara Lipinski (U.S.)		 1.0 placements</p>
<p> 2. Nicole Bobek (U.S.)		  2.0</p>
<p> 3. Maria Butyrskaya (Russia)	  3.0</p>
<p> 4. Yulia Lavrenchuk (Ukraine)	 4.0</p>
<p> 5. Julia Lautova (Austria)	    5.0</p>
<p> 6. Lucinda Ruh (Switzerland)	  6.0</p>
<p> 7. Olga Markova (Russia)		7.0</p>
<p> 8. Alise Drei (Finland)		 8.0</p>
<p> 9. Hanae Yokoya (Japan)		 9.0</p>
<p> 10. Fumie Suguri (Japan)	     10.0</p>
<p> 11. Chen Lu (China)		    11.0</p>
<p>12. Tatyana Malinina (Uzbekistan)  12.0</p>
<p> 13. Helena Grundberg (Sweden)	13.0</p>
<p> 14. Sofia Penkova (Bulgaria)	 14.0</p>
<p> 15. Ivana Jakupcevic (Croatia)     15.0</p>
<p>Did not qualify for main event:</p>
<p> 16. Yankun Du (China)		  16.0</p>
<p> 17. Shirene Human (South Africa)   17.0</p>
<p> 18. Zoe Jones (Britain)		18.0</p>
<p> 19. Jung Min-ju (South Korea)	19.0</p>
<p> 20. Kaja Hanevold (Norway)	   20.0</p>
<p>21. Rita Dolly Auyeung (Hong Kong) 21.0</p>
<p>Withdrew, sickness: Veronika Dytrt (Germany)</p>
<p>(End results)</p>
</text>
<copyright>(c) Reuters Limited 1997</copyright>
<metadata>
<codes class="bip:countries:1.0">
  <code code="SWITZ">
    <editdetail attribution="Reuters BIP Coding Group" action="confirmed" date="1997-03-17"/>
  </code>
</codes>
<codes class="bip:topics:1.0">
  <code code="GCAT">
    <editdetail attribution="Reuters BIP Coding Group" action="confirmed" date="1997-03-17"/>
  </code>
  <code code="GSPO">
    <editdetail attribution="Reuters BIP Coding Group" action="confirmed" date="1997-03-17"/>
  </code>
</codes>
<dc element="dc.date.created" value="1997-03-17"/>
<dc element="dc.publisher" value="Reuters Holdings Plc"/>
<dc element="dc.date.published" value="1997-03-17"/>
<dc element="dc.source" value="Reuters"/>
<dc element="dc.creator.location" value="LAUSANNE, Switzerland"/>
<dc element="dc.creator.location.country.name" value="SWITZERLAND"/>
<dc element="dc.source" value="Reuters"/>
</metadata>
</newsitem>
