<?xml version="1.0" encoding="iso-8859-1" ?>
<newsitem itemid="446243" id="root" date="1997-03-17" xml:lang="en">
<title>SOUTH AFRICA: CRICKET-AUSTRALIA 204-5 V SOUTH AFRICA, LUNCH.</title>
<headline>CRICKET-AUSTRALIA 204-5 V SOUTH AFRICA, LUNCH.</headline>
<dateline>PORT ELIZABETH 1997-03-17</dateline>
<text>
<p>Australia, needing 270</p>
<p>for victory, were 204 for five wickets at lunch on the third day</p>
<p>of the second test against South Africa in Port Elizabeth on</p>
<p>Monday.</p>
<p>Scores:</p>
<p>South Africa 209 and 168. Australia 108 and 204-5 (Mark</p>
<p>Waugh 86 not out).</p>
</text>
<copyright>(c) Reuters Limited 1997</copyright>
<metadata>
<codes class="bip:countries:1.0">
  <code code="AUSTR">
    <editdetail attribution="Reuters BIP Coding Group" action="confirmed" date="1997-03-17"/>
  </code>
  <code code="SAFR">
    <editdetail attribution="Reuters BIP Coding Group" action="confirmed" date="1997-03-17"/>
  </code>
</codes>
<codes class="bip:topics:1.0">
  <code code="GCAT">
    <editdetail attribution="Reuters BIP Coding Group" action="confirmed" date="1997-03-17"/>
  </code>
  <code code="GSPO">
    <editdetail attribution="Reuters BIP Coding Group" action="confirmed" date="1997-03-17"/>
  </code>
</codes>
<dc element="dc.date.created" value="1997-03-17"/>
<dc element="dc.publisher" value="Reuters Holdings Plc"/>
<dc element="dc.date.published" value="1997-03-17"/>
<dc element="dc.source" value="Reuters"/>
<dc element="dc.creator.location" value="PORT ELIZABETH"/>
<dc element="dc.creator.location.country.name" value="SOUTH AFRICA"/>
<dc element="dc.source" value="Reuters"/>
</metadata>
</newsitem>
