<?xml version="1.0" encoding="iso-8859-1" ?>
<newsitem itemid="446294" id="root" date="1997-03-17" xml:lang="en">
<title>DENMARK: SOCCER-BRONDBY PLANNING CAUTIOUS APPROACH AGAINST TENERIFE.</title>
<headline>SOCCER-BRONDBY PLANNING CAUTIOUS APPROACH AGAINST TENERIFE.</headline>
<dateline>COPENHAGEN 1997-03-17</dateline>
<text>
<p>Brondby's bid to become the first Danish club to reach the final of a European club competition continues on Tuesday -- with coach Ebbe Skovdahl warning fans to be patient.</p>
<p>He is intending to adopt a defensive, safety-first approach against Tenerife in the second leg of their UEFA Cup quarter-final. Brondby go into the game 1-0 up on aggregate courtesy of Ebbe Sand's goal in the first leg. &quot;I know very well that everyone expects us to play fun soccer and eliminate Tenerife with a welter of goals but the most important thing for us is to go ahead to the semifinals,&quot; Skovdahl said.</p>
<p>&quot;I cannot say Brondby are favourites. Tenerife are a team with a very impressive away record.&quot;</p>
<p>Skovdahl has to reshuffle his side in the absence of suspended midfielder John Jensen, who picked up his second yellow card of the competition in the first leg.</p>
<p>Brondby became the only Danish club ever to reach the semifinals of a European competition when they reach the last four of this competition in 1991. They were eliminated by Roma 2-1 on aggregate.</p>
<p>Tenerife, attempting to become the first team from Spain to win the UEFA Cup since Real Madrid 11 years ago, will be without injured Czech international Pavel Hapal and influential midfielder Felipe Minambres, who also picked up his second yellow card in the first leg. Striker Antonio Robaina was sent off in that game and will also be absent in Denmark.</p>
<p>However the Spaniards are going into the match in a positive frame of mind with defender Cesar Gomez, for one, believing his team can advance.</p>
<p>&quot;We're better than they are and we have to show it from the first minute,&quot; he said on Monday.</p>
<p>Teams:</p>
<p>Brondby (from): Mogens Krogh, Claus Udengaard; Soeren Colding, Per Nielsen, Dan Eggen, Anders Bjerregaard, Jes Riisager, Lars Olsen, Ole Bjur, Kim Vilfort, Allan Ravn, Kim Daugaard, Thomas Thoegersen, Ebbe Sand, Ruben Bagger, Bo Hansen, Peter Moeller</p>
<p>Tenerife (probable): Marcelo Ojeda; Alexis Suarez, Cesar Gomez, Pablo Paz, Antonio Mata, Chano Cruzado, Dani Gonzalez, Angel Vivar Dorado, Slavisa Jokanovic, Juanele Castanos, Meho Kodro.</p>
</text>
<copyright>(c) Reuters Limited 1997</copyright>
<metadata>
<codes class="bip:countries:1.0">
  <code code="DEN">
    <editdetail attribution="Reuters BIP Coding Group" action="confirmed" date="1997-03-17"/>
  </code>
  <code code="SPAIN">
    <editdetail attribution="Reuters BIP Coding Group" action="confirmed" date="1997-03-17"/>
  </code>
</codes>
<codes class="bip:topics:1.0">
  <code code="GCAT">
    <editdetail attribution="Reuters BIP Coding Group" action="confirmed" date="1997-03-17"/>
  </code>
  <code code="GSPO">
    <editdetail attribution="Reuters BIP Coding Group" action="confirmed" date="1997-03-17"/>
  </code>
</codes>
<dc element="dc.date.created" value="1997-03-17"/>
<dc element="dc.publisher" value="Reuters Holdings Plc"/>
<dc element="dc.date.published" value="1997-03-17"/>
<dc element="dc.source" value="Reuters"/>
<dc element="dc.creator.location" value="COPENHAGEN"/>
<dc element="dc.creator.location.country.name" value="DENMARK"/>
<dc element="dc.source" value="Reuters"/>
</metadata>
</newsitem>
