<?xml version="1.0" encoding="iso-8859-1" ?>
<newsitem itemid="446279" id="root" date="1997-03-17" xml:lang="en">
<title>USA: NBA BASKETBALL-NETS KNOCK OFF KNICKS, HEAT TAKE FIRST BY BEATING HOUSTON.</title>
<headline>NBA BASKETBALL-NETS KNOCK OFF KNICKS, HEAT TAKE FIRST BY BEATING HOUSTON.</headline>
<dateline>NEW YORK 1997-03-16</dateline>
<text>
<p>So does this mean the New Jersey Nets are the best team in the NBA?</p>
<p>The Nets, led by Sam Cassell's 23 points and career-high 10 rebounds, coasted to an 89-74 win over the New York Knicks Sunday, two days after knocking off the league-leading Bulls and a week after New York's win over Chicago was billed as a matchup of the teams with the two best records in the NBA.</p>
<p>New Jersey (20-44) had a 31-7 run spanning the first two quarters and led 49-33 at halftime, yielding their fewest points in a half this season.</p>
<p>&quot;These are the new New Jersey Nets,&quot; said Cassell, one of five players acquired in a flurry of trades last month. &quot;We got some talent on this team.&quot;</p>
<p>&quot;This says a lot about this team's mentality,&quot; said New Jersey coach John Calipari. &quot;That was a nice win.&quot;</p>
<p>&quot;We were never in it, &quot; said New York point guard Chris Childs, a former Net.</p>
<p>Kendall Gill scored 17 points and ex-Knick Xavier McDaniel added 14 points and a season-high 14 rebounds for New Jersey, which had a 19-5 offensive rebounding edge in the first half. The NBA record for offensive boards in a half is 23.</p>
<p>McDaniel, who lost both contact lenses and got a bloody nose in the game, led the Nets to a 61-35 rebound advantage.</p>
<p>Larry Johnson scored 21 points and Charles Oakley grabbed a game-high 14 boards for the Knicks. New York, which had won eight straight at home, set a season-low with 74 points in their arena.</p>
<p>Centre Patrick Ewing, last week's NBA Player of the Week, scored 11 points for the Knicks following a 12-point game in a loss to the Mavericks last Tuesday.</p>
<p>&quot;They outworked us,&quot; said Ewing. &quot;They outplayed us. That's why they beat us.&quot;</p>
<p>The Knicks dropped a game behind the first-place Heat in the Atlantic Division because in Miami, Tim Hardaway scored 31 points in a 101-80 victory over the Houston Rockets.</p>
<p>Isaac Austin had 18 points and nine rebounds and Voshon Lenard also scored 18 for Miami. The Heat, still without injured centre Alonzo Mourning, outrebounded Houston 52-34.</p>
<p>The loss was the second in a row for Houston following a six-game winning streak. Hakeem Olajuwon led the Rockets with 20 points. Clyde Drexler played for Houston after missing over five weeks with a strained left hamstring. In 31 minutes he had 12 points on 5-of-13 shooting. But Charles Barkley missed his seventh straight game with a lacerated left hip.</p>
<p>At Detroit, Terry Mills scored 25 points and Joe Dumars added 21 points and seven assists to lead the Pistons to an 86-83 victory over the Seattle SuperSonics.</p>
<p>Grant Hill chipped in 11 points, 11 rebounds and five assists for Detroit, which had alternated wins and losses in its last seven games.</p>
<p>Hersey Hawkins tallied 18 points and Gary Payton had 16 for Seattle, which had a three-game winning streak halted.</p>
<p>In Inglewood, Eddie Jones scored 27 points and Elden Campbell added 24 as the Los Angeles Lakers topped the Toronto Raptors 98-90 in overtime for their third win in four games.</p>
<p>The Lakers, who outscored Toronto 11-3 in the extra session, have won four of their last six and improved to 9-9 since losing star centre Shaquille O'Neal to a knee injury.</p>
<p>Damon Stoudamire scored 22 of his 25 points in the first half and Marcus Camby collected 20 points and 11 rebounds for the Raptors.</p>
<p>In Milwaukee, Glenn Robinson scored 11 of his 30 points in the final 5:10 and the Bucks outlasted the Indiana Pacers 102-98.</p>
<p>The Bucks won for the second time in 12 games and handed Indiana its fifth loss in six contests.</p>
<p>In Sacramento, Shawn Bradley hit a nine-foot jumper with 4.5 seconds left and he and Erick Strickland each scored eight points in the fourth quarter as the Dallas Mavericks defeated the Kings 89-88.</p>
<p>Strickland finished with 21 points, Bradley added 17 points and 11 rebounds and Derek Harper had 17 points and 10 assists for Dallas, which blew a 15-point third quarter lead before recovering in the fourth.</p>
<p>Mitch Richmond had 26 points for the Kings, who lost their fifth straight.</p>
<p>In Los Angeles, Clifford Robinson scored 26 points and Stacey Augmon added 13 as the Portland Trail Blazers won their ninth straight game, 106-94 over the Clippers.</p>
<p>Portland is on its longest winning streak since capturing a record 16 straight at the end of the 1990-91 campaign.</p>
<p>At Minnesota, Kevin Garnett had 26 points and seven rebounds and James Robinson tied a season high with 25 points and five assists as the Timberwolves beat the woeful Boston Celtics 119-101.</p>
<p>In Orlando, Gerald Wilkins scored 17 points against his former team as the Magic handed the reeling Vancouver Grizzlies their 13th straight loss, 100-89.</p>
</text>
<copyright>(c) Reuters Limited 1997</copyright>
<metadata>
<codes class="bip:countries:1.0">
  <code code="USA">
    <editdetail attribution="Reuters BIP Coding Group" action="confirmed" date="1997-03-17"/>
  </code>
</codes>
<codes class="bip:topics:1.0">
  <code code="GCAT">
    <editdetail attribution="Reuters BIP Coding Group" action="confirmed" date="1997-03-17"/>
  </code>
  <code code="GSPO">
    <editdetail attribution="Reuters BIP Coding Group" action="confirmed" date="1997-03-17"/>
  </code>
</codes>
<dc element="dc.date.created" value="1997-03-16"/>
<dc element="dc.publisher" value="Reuters Holdings Plc"/>
<dc element="dc.date.published" value="1997-03-17"/>
<dc element="dc.source" value="Reuters"/>
<dc element="dc.creator.location" value="NEW YORK"/>
<dc element="dc.creator.location.country.name" value="USA"/>
<dc element="dc.source" value="Reuters"/>
</metadata>
</newsitem>
