<?xml version="1.0" encoding="iso-8859-1" ?>
<newsitem itemid="446212" id="root" date="1997-03-17" xml:lang="en">
<title>ITALY: CYCLING-TIRRENO-ADRIATICO FIFTH STAGE PLACINGS.</title>
<headline>CYCLING-TIRRENO-ADRIATICO FIFTH STAGE PLACINGS.</headline>
<dateline>CORINALDO, Italy 1997-03-17</dateline>
<text>
<p>Leading placings in</p>
<p>the 187-km fifth stage of the Tirreno-Adriatico cycle race from</p>
<p>Ferentillo on Monday (Italians unless stated):</p>
<p>1. Andrea Ferrigato	 4 hours 39 minutes 15 seconds</p>
<p>2. Michele Bartoli</p>
<p>3. Lars Michaelsen (Denmark)</p>
<p>4. Rolf Sorensen (Denmark)</p>
<p>5. Francesco Casagrande</p>
<p>6. Erik Zabel (Germany)</p>
<p>7. Rodolfo Massi</p>
<p>8. Gianluca Pianegonda</p>
<p>9. Paolo Bettini</p>
<p> 10.Dimitry Konyshev (Russia)		  all same time</p>
<p>Leading standings:</p>
<p> 1. Pianegonda		20 hours 29 minutes 32 seconds</p>
<p> 2. Roberto Petito			    2 seconds behind</p>
<p> 3. Beat Zberg (Switzerland)	     14</p>
<p> 4. Massimiliano Gentili		   25</p>
<p> 5. Davide Casarotto			 26</p>
<p> 6. Vassily Davidenko (Russia)	   42</p>
<p> 7. Luc Leblanc (France)		   48</p>
<p> 8. Francesco Frattini		     50</p>
<p> 9. Massimo Donati			 1:19</p>
<p> 10.Bartoli				  2:46</p>
</text>
<copyright>(c) Reuters Limited 1997</copyright>
<metadata>
<codes class="bip:countries:1.0">
  <code code="ITALY">
    <editdetail attribution="Reuters BIP Coding Group" action="confirmed" date="1997-03-17"/>
  </code>
</codes>
<codes class="bip:topics:1.0">
  <code code="GCAT">
    <editdetail attribution="Reuters BIP Coding Group" action="confirmed" date="1997-03-17"/>
  </code>
  <code code="GSPO">
    <editdetail attribution="Reuters BIP Coding Group" action="confirmed" date="1997-03-17"/>
  </code>
</codes>
<dc element="dc.date.created" value="1997-03-17"/>
<dc element="dc.publisher" value="Reuters Holdings Plc"/>
<dc element="dc.date.published" value="1997-03-17"/>
<dc element="dc.source" value="Reuters"/>
<dc element="dc.creator.location" value="CORINALDO, Italy"/>
<dc element="dc.creator.location.country.name" value="ITALY"/>
<dc element="dc.source" value="Reuters"/>
</metadata>
</newsitem>
