<?xml version="1.0" encoding="iso-8859-1" ?>
<newsitem itemid="446272" id="root" date="1997-03-17" xml:lang="en">
<title>DUBAI: HORSE RACING-HELISSIO STARTS FAVOURITE FOR DUBAI WORLD CUP.</title>
<headline>HORSE RACING-HELISSIO STARTS FAVOURITE FOR DUBAI WORLD CUP.</headline>
<dateline>DUBAI 1997-03-17</dateline>
<text>
<p>French horse Helissio, winner of</p>
<p>the Prix de L'Arc de Triomphe, heads the probable 13-strong</p>
<p>field for the $4 million Dubai World Cup on March 29.</p>
<p>Other European contenders include Japan Cup winner</p>
<p>Singspiel and the St James' Palace Stakes winner Bijou d'Inde.</p>
<p>&quot;It looks a very open and competitive race, the field is of</p>
<p>the highest quality,&quot; said Kevin Greely, racing secretary of the</p>
<p>Emirates Racing Association.</p>
<p>The final field will be announced on March 25.</p>
<p>Probable field: Bijou d'Inde (Britain), Even Top (Ireland),</p>
<p>Flemensfirth (U.S.), Formal Gold (U.S.), Helissio (France),</p>
<p>Hokuto Vega (Japan), Juggler (Australia), Kammtarra (U.S.), Key</p>
<p>of Luck (U.S.), Luso (Britain), Sandpit (Brazil), Singspiel</p>
<p>(Ireland), Siphon (Brazil).</p>
</text>
<copyright>(c) Reuters Limited 1997</copyright>
<metadata>
<codes class="bip:countries:1.0">
  <code code="DUBAI">
    <editdetail attribution="Reuters BIP Coding Group" action="confirmed" date="1997-03-17"/>
  </code>
</codes>
<codes class="bip:topics:1.0">
  <code code="GCAT">
    <editdetail attribution="Reuters BIP Coding Group" action="confirmed" date="1997-03-17"/>
  </code>
  <code code="GSPO">
    <editdetail attribution="Reuters BIP Coding Group" action="confirmed" date="1997-03-17"/>
  </code>
</codes>
<dc element="dc.date.created" value="1997-03-17"/>
<dc element="dc.publisher" value="Reuters Holdings Plc"/>
<dc element="dc.date.published" value="1997-03-17"/>
<dc element="dc.source" value="Reuters"/>
<dc element="dc.creator.location" value="DUBAI"/>
<dc element="dc.creator.location.country.name" value="DUBAI"/>
<dc element="dc.source" value="Reuters"/>
</metadata>
</newsitem>
