<?xml version="1.0" encoding="iso-8859-1" ?>
<newsitem itemid="446201" id="root" date="1997-03-17" xml:lang="en">
<title>USA: VSI Enterprises to abandon stock split.</title>
<headline>VSI Enterprises to abandon stock split.</headline>
<dateline>NORCROSS, Ga. 1997-03-17</dateline>
<text>
<p>Network multimedia company VSI Enterprises Inc said Monday its board of directors voted to abandon a proxy proposal for a reverse one-for-two stock split.  </p>
<p>The company said its shareholders had decided against the reverse split.</p>
<p>&quot;In this instance, we believe ...that the key to increasing shareholder value is for VSI to improve its performance,&quot; it said.</p>
<p>The company said it was the second time that it had decided not to go ahead with such plans.</p>
<p>In March 1996, VSI abandoned plans for a one-for-two reserve stock split of common stock authorized by its shareholders at a June 1995 annual meeting.</p>
</text>
<copyright>(c) Reuters Limited 1997</copyright>
<metadata>
<codes class="bip:countries:1.0">
  <code code="USA">
    <editdetail attribution="Reuters BIP Coding Group" action="confirmed" date="1997-03-17"/>
  </code>
</codes>
<codes class="bip:industries:1.0">
  <code code="I34400">
    <editdetail attribution="Reuters BIP Coding Group" action="confirmed" date="1997-03-17"/>
  </code>
</codes>
<codes class="bip:topics:1.0">
  <code code="C17">
    <editdetail attribution="Reuters BIP Coding Group" action="confirmed" date="1997-03-17"/>
  </code>
  <code code="C171">
    <editdetail attribution="Reuters BIP Coding Group" action="confirmed" date="1997-03-17"/>
  </code>
  <code code="CCAT">
    <editdetail attribution="Reuters BIP Coding Group" action="confirmed" date="1997-03-17"/>
  </code>
</codes>
<dc element="dc.date.created" value="1997-03-17"/>
<dc element="dc.publisher" value="Reuters Holdings Plc"/>
<dc element="dc.date.published" value="1997-03-17"/>
<dc element="dc.source" value="Reuters"/>
<dc element="dc.creator.location" value="NORCROSS, Ga."/>
<dc element="dc.creator.location.country.name" value="USA"/>
<dc element="dc.source" value="Reuters"/>
</metadata>
</newsitem>
