<?xml version="1.0" encoding="iso-8859-1" ?>
<newsitem itemid="446260" id="root" date="1997-03-17" xml:lang="en">
<title>ARGENTINA: SOCCER-CHILAVERT MISSES TWO PENALTIES IN VELEZ DEFEAT.</title>
<headline>SOCCER-CHILAVERT MISSES TWO PENALTIES IN VELEZ DEFEAT.</headline>
<dateline>BUENOS AIRES 1997-03-16</dateline>
<text>
<p>Goalkeeper Jose Luis Chilavert, who has won fame for his ability to score goals, came unstuck on Sunday when he missed two penalties in four minutes in an Argentine championship match.</p>
<p>The Paraguayan international, who has already converted two penalties in the championship, missed one attempt in the 79th minute and failed again in the 83rd as Velez Sarsfield were beaten 1-0 by modest Union.</p>
<p>Union's goal had come in the 62nd minute through Martin Perezlindo.</p>
<p>Chilavert, whose goalscoring example is now being followed by goalkeepers around the continent, has converted 13 penalties and free kicks during his career with Velez, helping them to win the Argentine title three times since 1993.</p>
<p>He also scored from a free kick for his country to earn them a 1-1 draw with Argentina in a World Cup qualifier last year.</p>
<p>The defeat left Velez seventh the Clausura championship, the second of the two tournaments played in the Argentine season.</p>
<p>Leaders River Plate, playing their fifth game of the tournament, conceeded their first goal and dropped their first points as they were held to a 1-1 draw by Deportivo Espanol.</p>
<p>Osvaldo Canobbio's spectacular 24th minute header for Deportivo was the first time that River goalkeeper Roberto Bonano had been beaten in 384 minutes of football.  </p>
<p>Veteran Uruguayan international Enzo Francescoli missed a penalty for River, who won the season's Apertura or opening championship, before halftime but Roberto Montserrat salvaged a point in the second half.</p>
<p>Boca Juniors, who have continued to disappoint their massive and passionate following in the competition, hammered Huracan-Corrientes 4-1 to give them some encouragement for next Sunday's clash with River, their old foes.</p>
</text>
<copyright>(c) Reuters Limited 1997</copyright>
<metadata>
<codes class="bip:countries:1.0">
  <code code="ARG">
    <editdetail attribution="Reuters BIP Coding Group" action="confirmed" date="1997-03-17"/>
  </code>
  <code code="PARA">
    <editdetail attribution="Reuters BIP Coding Group" action="confirmed" date="1997-03-17"/>
  </code>
</codes>
<codes class="bip:topics:1.0">
  <code code="GCAT">
    <editdetail attribution="Reuters BIP Coding Group" action="confirmed" date="1997-03-17"/>
  </code>
  <code code="GSPO">
    <editdetail attribution="Reuters BIP Coding Group" action="confirmed" date="1997-03-17"/>
  </code>
</codes>
<dc element="dc.date.created" value="1997-03-16"/>
<dc element="dc.publisher" value="Reuters Holdings Plc"/>
<dc element="dc.date.published" value="1997-03-17"/>
<dc element="dc.source" value="Reuters"/>
<dc element="dc.creator.location" value="BUENOS AIRES"/>
<dc element="dc.creator.location.country.name" value="ARGENTINA"/>
<dc element="dc.source" value="Reuters"/>
</metadata>
</newsitem>
