<?xml version="1.0" encoding="iso-8859-1" ?>
<newsitem itemid="446286" id="root" date="1997-03-17" xml:lang="en">
<title>SWITZERLAND: FIGURE SKATING-LIPINSKI SHINES AGAIN, CHEN LU FLOPS.</title>
<headline>FIGURE SKATING-LIPINSKI SHINES AGAIN, CHEN LU FLOPS.</headline>
<byline>Brian Creighton</byline>
<dateline>LAUSANNE, Switzerland 1997-03-17</dateline>
<text>
<p>Texan Tara Lipinski continued as figure skating's flavour of the month on Monday as former world champion Chen Lu of China flopped in pursuit of a second title.</p>
<p>The tiny, 14-year-old Lipinski continued blissfully along the path that took her to two upset wins over current world champion Michelle Kwan in the past month, winning her qualifying group from team mate Nicole Bobek as Kwan won the other group despite another disappointing display.</p>
<p>But Chen, 20, could not overcome the effects of a long-term foot injury as well as problems at home with the Chinese authorities.</p>
<p>Chen, champion two years ago and runner-up in a splendid shoot-out against Kwan last year, completed only one triple jump, doubled out of another, fell and managed only single jumps in place of four other planned triples.</p>
<p>She placed 11th of 21 in her group from which 15 qualified for the main event on Friday.</p>
<p>A recurrence of a stress fracture that knocked her out of the 1994 world championships in Japan has rendered Chen a mere shadow of her former self.</p>
<p>&quot;She has only been training for three or four weeks,&quot; her coach, Zhu Li-ming, said.</p>
<p>&quot;She needed more time for training. She was not ready for this competition but she had to do it to qualify for the Olympics.&quot;</p>
<p>Under new rules governing next year's Japan Olympics, a country must place a skater in the top 24 this week to be sure of an entry.</p>
<p>It was crucial that Chen took part as team mate Du Yankun did not qualify for the main event, which will comprise the top 15 skaters from each of the two groups.</p>
<p>Chen's marks for technique dipped as low as 4.2 out of the 6.0 maximum, though her supreme artistry gained her higher scores -- and kept her from an embarrassing elimination.</p>
<p>Lipinski showed no sign of the nerves one might expect from a 14-year-old who placed 15th a year ago but who now has a chance to become the youngest women's champion in history.</p>
<p>&quot;I get a little nervous, everyone does. But I know when to stop being too nervous,&quot; she said.</p>
<p>Her programme again included the difficult triple loop-triple loop jump combination she has pioneered and she won a unanimous decision from the flamboyant Bobek with Russian Maria Butyrskaya third in the group.</p>
<p>A month ago Lipinski was merely a contender for a spot on the U.S. team here. Then she became U.S. champion and later won the Champions Series final.</p>
<p>Though Kwan won her group from Vanessa Gusmeroli of France and European champion Irina Slutskaya of Russia, it was again not a vintage performance.</p>
<p>Her opening jump combination of triple lutz-triple toe loop was scaled down to triple-double, she doubled out of a planned triple flip and did only a single axel where she planned a double late in her routine.</p>
<p>&quot;I kind of chickened out of a couple jumps,&quot; she said.</p>
<p>&quot;I think I've learned a lesson from the last two events,&quot; said Kwan. &quot;I went in saying 'Oh my God, this is a Nationals, Oh my God this is the Champions Series'.</p>
<p>&quot;Now I'm trying to forget what the competition is and just focus on my skating. I'm trying to get my mental edge back and get my head stronger,&quot; she said.</p>
<p>Gusmeroli skated a fine routine to circus music but Slutskaya, like Kwan, was disappointing, failing to do what she intended with her first two jumps.</p>
</text>
<copyright>(c) Reuters Limited 1997</copyright>
<metadata>
<codes class="bip:countries:1.0">
  <code code="CHINA">
    <editdetail attribution="Reuters BIP Coding Group" action="confirmed" date="1997-03-17"/>
  </code>
  <code code="SWITZ">
    <editdetail attribution="Reuters BIP Coding Group" action="confirmed" date="1997-03-17"/>
  </code>
  <code code="USA">
    <editdetail attribution="Reuters BIP Coding Group" action="confirmed" date="1997-03-17"/>
  </code>
</codes>
<codes class="bip:topics:1.0">
  <code code="GCAT">
    <editdetail attribution="Reuters BIP Coding Group" action="confirmed" date="1997-03-17"/>
  </code>
  <code code="GSPO">
    <editdetail attribution="Reuters BIP Coding Group" action="confirmed" date="1997-03-17"/>
  </code>
</codes>
<dc element="dc.date.created" value="1997-03-17"/>
<dc element="dc.publisher" value="Reuters Holdings Plc"/>
<dc element="dc.date.published" value="1997-03-17"/>
<dc element="dc.source" value="Reuters"/>
<dc element="dc.creator.location" value="LAUSANNE, Switzerland"/>
<dc element="dc.creator.location.country.name" value="SWITZERLAND"/>
<dc element="dc.source" value="Reuters"/>
</metadata>
</newsitem>
