<?xml version="1.0" encoding="iso-8859-1" ?>
<newsitem itemid="446333" id="root" date="1997-03-17" xml:lang="en">
<title>POLAND: ALL POLISH WEEKLY GRAIN AUCTION PRICES FALL.</title>
<headline>ALL POLISH WEEKLY GRAIN AUCTION PRICES FALL.</headline>
<dateline>WARSAW 1997-03-17</dateline>
<text>
<p>Prices of wheat, rye and barley</p>
<p>fell during last week's grain auctions, the Polish Agriculture</p>
<p>Ministry said in a statement.</p>
<p>POLISH FARM AUCTION PRICES (AVERAGE)</p>
<p>  Product   week to March 15  previous week    yr/yr change</p>
<p>   Wheat	54.23 zl/q	 54.27 zl/q	  -5.3 pct</p>
<p>   Rye	  40.96 zl/q	 41.04 zl/q	  13.9 pct</p>
<p>   Barley     47.58 zl/q	 48.26 zl/q	  -0.2 pct</p>
<p>NOTE: zl/q = zlotys per quintal.</p>
<p>-- Warsaw Newsroom+48 22 653 9700</p>
</text>
<copyright>(c) Reuters Limited 1997</copyright>
<metadata>
<codes class="bip:countries:1.0">
  <code code="POL">
    <editdetail attribution="Reuters BIP Coding Group" action="confirmed" date="1997-03-17"/>
  </code>
</codes>
<codes class="bip:topics:1.0">
  <code code="M14">
    <editdetail attribution="Reuters BIP Coding Group" action="confirmed" date="1997-03-17"/>
  </code>
  <code code="M141">
    <editdetail attribution="Reuters BIP Coding Group" action="confirmed" date="1997-03-17"/>
  </code>
  <code code="MCAT">
    <editdetail attribution="Reuters BIP Coding Group" action="confirmed" date="1997-03-17"/>
  </code>
</codes>
<dc element="dc.date.created" value="1997-03-17"/>
<dc element="dc.publisher" value="Reuters Holdings Plc"/>
<dc element="dc.date.published" value="1997-03-17"/>
<dc element="dc.source" value="Reuters"/>
<dc element="dc.creator.location" value="WARSAW"/>
<dc element="dc.creator.location.country.name" value="POLAND"/>
<dc element="dc.source" value="Reuters"/>
</metadata>
</newsitem>
