<?xml version="1.0" encoding="iso-8859-1" ?>
<newsitem itemid="446331" id="root" date="1997-03-17" xml:lang="en">
<title>ROMANIA: ROMANIA BANCOREX RUNS &quot;NORMAL&quot; AFTER BOSS SACKED.</title>
<headline>ROMANIA BANCOREX RUNS &quot;NORMAL&quot; AFTER BOSS SACKED.</headline>
<dateline>BUCHAREST 1997-03-17</dateline>
<text>
<p>Romania's leading state-run Bancorex SA, whose former boss was sacked and investigated by police at the weekend, said on Monday its activity was &quot;normal&quot;.</p>
<p>&quot;The activity of the bank runs in normal circumstances,&quot; the Banca Romana de Comert Exterior Bancorex SA said in a statement.</p>
<p>It was Bancorex's first official statement since a shareholders' meeting decided last Friday to sack former bank chairman Razvan Temesan and replace him with Florin Ionescu.</p>
<p>No run on the bank's branches in Bucharest or across the country were reported on Monday.</p>
<p>Temesan was interviewed by police for several hours last Friday and eventually released but barred from leaving Bucharest for the next 30 days.</p>
<p>The Interior Ministry said in a statement a special police committee was investigatiing alleged irregularities committed by Temesan as a member of Bancorex's board.</p>
<p>Temesan denied the allegations so far, saying his removal last Friday had been a &quot;coup&quot;.</p>
<p>The central bank also confirmed last Friday that Bancorex remained a &quot;solid&quot; bank despite its management shake-up.</p>
<p>Bancorex specialised in foreign trade financing, handles the bulk of foreign exchange trading on the local market.</p>
<p>It is one of the favourite commercial banks among Romania's population following its attractive deposit rates, amounting to an annual 150 percent on one-month funds. REUTER</p>
</text>
<copyright>(c) Reuters Limited 1997</copyright>
<metadata>
<codes class="bip:countries:1.0">
  <code code="ROM">
    <editdetail attribution="Reuters BIP Coding Group" action="confirmed" date="1997-03-17"/>
  </code>
</codes>
<codes class="bip:industries:1.0">
  <code code="I81501">
    <editdetail attribution="Reuters BIP Coding Group" action="confirmed" date="1997-03-17"/>
  </code>
  <code code="I8150110">
    <editdetail attribution="Reuters BIP Coding Group" action="confirmed" date="1997-03-17"/>
  </code>
</codes>
<codes class="bip:topics:1.0">
  <code code="C12">
    <editdetail attribution="Reuters BIP Coding Group" action="confirmed" date="1997-03-17"/>
  </code>
  <code code="C13">
    <editdetail attribution="Reuters BIP Coding Group" action="confirmed" date="1997-03-17"/>
  </code>
  <code code="C41">
    <editdetail attribution="Reuters BIP Coding Group" action="confirmed" date="1997-03-17"/>
  </code>
  <code code="C411">
    <editdetail attribution="Reuters BIP Coding Group" action="confirmed" date="1997-03-17"/>
  </code>
  <code code="CCAT">
    <editdetail attribution="Reuters BIP Coding Group" action="confirmed" date="1997-03-17"/>
  </code>
  <code code="GCAT">
    <editdetail attribution="Reuters BIP Coding Group" action="confirmed" date="1997-03-17"/>
  </code>
  <code code="GCRIM">
    <editdetail attribution="Reuters BIP Coding Group" action="confirmed" date="1997-03-17"/>
  </code>
</codes>
<dc element="dc.date.created" value="1997-03-17"/>
<dc element="dc.publisher" value="Reuters Holdings Plc"/>
<dc element="dc.date.published" value="1997-03-17"/>
<dc element="dc.source" value="Reuters"/>
<dc element="dc.creator.location" value="BUCHAREST"/>
<dc element="dc.creator.location.country.name" value="ROMANIA"/>
<dc element="dc.source" value="Reuters"/>
</metadata>
</newsitem>
