<?xml version="1.0" encoding="iso-8859-1" ?>
<newsitem itemid="446342" id="root" date="1997-03-17" xml:lang="en">
<title>POLAND: RAFAKO FEB NET FALLS TO PLN 1.7 MLN.</title>
<headline>RAFAKO FEB NET FALLS TO PLN 1.7 MLN.</headline>
<dateline>WARSAW 1997-03-17</dateline>
<text>
<p>Preliminary results February</p>
<p>(in million zlotys unless stated)</p>
<p>FEBRUARY</p>
<p> Net profit	     1.72 vs   1.82</p>
<p> Pre-tax profit	 1.72 vs   2.39</p>
<p> Operating profit     1.05 vs   3.30</p>
<p> Sales		   25.69 vs  29.35</p>
<p>JANUARY-FEBRUARY</p>
<p> Net loss		 1.37 vs   2.80 profit</p>
<p> Pre-tax loss	   1.37 vs   4.01 profit</p>
<p> Operating loss	 0.57 vs   5.76 profit</p>
<p> Sales		   54.63 vs  60.38</p>
<p>Note. Full name of the Polish boilermaker is Fabryka Kotlow</p>
<p>Rafako SA.</p>
<p>-- Warsaw Newsroom +48 22 653 9700</p>
</text>
<copyright>(c) Reuters Limited 1997</copyright>
<metadata>
<codes class="bip:countries:1.0">
  <code code="POL">
    <editdetail attribution="Reuters BIP Coding Group" action="confirmed" date="1997-03-17"/>
  </code>
</codes>
<codes class="bip:industries:1.0">
  <code code="I32050">
    <editdetail attribution="Reuters BIP Coding Group" action="confirmed" date="1997-03-17"/>
  </code>
</codes>
<codes class="bip:topics:1.0">
  <code code="C15">
    <editdetail attribution="Reuters BIP Coding Group" action="confirmed" date="1997-03-17"/>
  </code>
  <code code="C151">
    <editdetail attribution="Reuters BIP Coding Group" action="confirmed" date="1997-03-17"/>
  </code>
  <code code="CCAT">
    <editdetail attribution="Reuters BIP Coding Group" action="confirmed" date="1997-03-17"/>
  </code>
</codes>
<dc element="dc.date.created" value="1997-03-17"/>
<dc element="dc.publisher" value="Reuters Holdings Plc"/>
<dc element="dc.date.published" value="1997-03-17"/>
<dc element="dc.source" value="Reuters"/>
<dc element="dc.creator.location" value="WARSAW"/>
<dc element="dc.creator.location.country.name" value="POLAND"/>
<dc element="dc.source" value="Reuters"/>
</metadata>
</newsitem>
