<?xml version="1.0" encoding="iso-8859-1" ?>
<newsitem itemid="446338" id="root" date="1997-03-17" xml:lang="en">
<title>ESTONIA: VIISNURK ANNOUNCES SHARE ISSUE.</title>
<headline>VIISNURK ANNOUNCES SHARE ISSUE.</headline>
<dateline>TALLINN 1997-03-17</dateline>
<text>
<p>Viisnurk, Estonia's largest ski maker, said on Monday that it will launch a 10-15 million kroons additional share issue in spring and seek a listing on the secondary list of the Tallinn stock exchange.</p>
<p>The general share holders meeting will be held in Parnu on April 11 to determine the conditions for the share emission, the company said in a statement.</p>
<p>The share issue and the bourse listing will be handled by Hansa Invesments, the company added.</p>
<p>Viisnurk also said that they hope to be on the secondary list in June this year.</p>
<p>Viisnurk is the second largest cross country ski maker in the world with 1996 turnover reaching 154 million kroons and a net profit of 8.1 million kroons.</p>
<p>The company also makes insulation products and furniture with ski manufacture generating almost half of their total turnover.</p>
<p>-- David Mardiste, Reuters newsroom +372 630 8400 reuters@reuters.ee</p>
</text>
<copyright>(c) Reuters Limited 1997</copyright>
<metadata>
<codes class="bip:countries:1.0">
  <code code="ESTNIA">
    <editdetail attribution="Reuters BIP Coding Group" action="confirmed" date="1997-03-17"/>
  </code>
</codes>
<codes class="bip:industries:1.0">
  <code code="I49420">
    <editdetail attribution="Reuters BIP Coding Group" action="confirmed" date="1997-03-17"/>
  </code>
</codes>
<codes class="bip:topics:1.0">
  <code code="C17">
    <editdetail attribution="Reuters BIP Coding Group" action="confirmed" date="1997-03-17"/>
  </code>
  <code code="C171">
    <editdetail attribution="Reuters BIP Coding Group" action="confirmed" date="1997-03-17"/>
  </code>
  <code code="CCAT">
    <editdetail attribution="Reuters BIP Coding Group" action="confirmed" date="1997-03-17"/>
  </code>
</codes>
<dc element="dc.date.created" value="1997-03-17"/>
<dc element="dc.publisher" value="Reuters Holdings Plc"/>
<dc element="dc.date.published" value="1997-03-17"/>
<dc element="dc.source" value="Reuters"/>
<dc element="dc.creator.location" value="TALLINN"/>
<dc element="dc.creator.location.country.name" value="ESTONIA"/>
<dc element="dc.source" value="Reuters"/>
</metadata>
</newsitem>
