<?xml version="1.0" encoding="iso-8859-1" ?>
<newsitem itemid="446347" id="root" date="1997-03-17" xml:lang="en">
<title>POLAND: BWR FEB NET FALLS TO PLN 70,600 MLN.</title>
<headline>BWR FEB NET FALLS TO PLN 70,600 MLN.</headline>
<dateline>WARSAW 1997-03-17</dateline>
<text>
<p>Preliminary results February </p>
<p>(in million zlotys unless stated)</p>
<p>FEBRUARY</p>
<p> Net profit					  0.07 vs    0.76</p>
<p> Pre-tax profit				    0.21 vs    1.25</p>
<p> Profit on banking operations		  3.11 vs    3.16</p>
<p> Interest and other related revenues	 8.52 vs    6.47</p>
<p>JANUARY-FEBRUARY</p>
<p> Net profit					  0.47 vs    1.01</p>
<p> Pre-tax profit				    0.62 vs    1.78</p>
<p> Profit on banking operations		  6.21 vs    5.42</p>
<p> Interest and other related revenues	16.76 vs   12.16</p>
<p>Note. Full name of the Polish bank is Bank Wspolpracy</p>
<p>Regionalnej SA.</p>
<p>-- Warsaw Newsroom +48 22 653 9700</p>
</text>
<copyright>(c) Reuters Limited 1997</copyright>
<metadata>
<codes class="bip:countries:1.0">
  <code code="POL">
    <editdetail attribution="Reuters BIP Coding Group" action="confirmed" date="1997-03-17"/>
  </code>
</codes>
<codes class="bip:industries:1.0">
  <code code="I81402">
    <editdetail attribution="Reuters BIP Coding Group" action="confirmed" date="1997-03-17"/>
  </code>
</codes>
<codes class="bip:topics:1.0">
  <code code="C15">
    <editdetail attribution="Reuters BIP Coding Group" action="confirmed" date="1997-03-17"/>
  </code>
  <code code="C151">
    <editdetail attribution="Reuters BIP Coding Group" action="confirmed" date="1997-03-17"/>
  </code>
  <code code="CCAT">
    <editdetail attribution="Reuters BIP Coding Group" action="confirmed" date="1997-03-17"/>
  </code>
</codes>
<dc element="dc.date.created" value="1997-03-17"/>
<dc element="dc.publisher" value="Reuters Holdings Plc"/>
<dc element="dc.date.published" value="1997-03-17"/>
<dc element="dc.source" value="Reuters"/>
<dc element="dc.creator.location" value="WARSAW"/>
<dc element="dc.creator.location.country.name" value="POLAND"/>
<dc element="dc.source" value="Reuters"/>
</metadata>
</newsitem>
