<?xml version="1.0" encoding="iso-8859-1" ?>
<newsitem itemid="446381" id="root" date="1997-03-17" xml:lang="en">
<title>LITHUANIA: LITHUANIA'S VILNIAUS BANK 1996 PROFIT RISES STEEPLY.</title>
<headline>LITHUANIA'S VILNIAUS BANK 1996 PROFIT RISES STEEPLY.</headline>
<dateline>VILNIUS 1997-03-17</dateline>
<text>
<p>Leading Lithuanian bank Vilniaus Bank said on Monday that its 1996 net profit rose to 24.4 million litas versus 2.9 million litas the previous year.</p>
<p>The bank also said in a statement that its share of the Lithuanian market doubled in 1996. </p>
<p>&quot;In 1996, Vilniaus Bank's business volume increased significantly with a resulting higher market share,&quot; the bank said.</p>
<p>&quot;Vilniaus Bank's assets as a percentage of total assets of the sector grew from 6.8 percent to 14.0 percent... the portion of total loans issued increased from 5.6 percent to 10.2 percent,&quot; the bank said.</p>
<p>The bank added that its market share of deposits almost tripled, from 4.8 percent to 13.7 percent.</p>
<p>--Andrius Vilkancas, Vilnius newsroom +370 2 22 35 18</p>
</text>
<copyright>(c) Reuters Limited 1997</copyright>
<metadata>
<codes class="bip:countries:1.0">
  <code code="LITH">
    <editdetail attribution="Reuters BIP Coding Group" action="confirmed" date="1997-03-17"/>
  </code>
</codes>
<codes class="bip:industries:1.0">
  <code code="I81402">
    <editdetail attribution="Reuters BIP Coding Group" action="confirmed" date="1997-03-17"/>
  </code>
</codes>
<codes class="bip:topics:1.0">
  <code code="C15">
    <editdetail attribution="Reuters BIP Coding Group" action="confirmed" date="1997-03-17"/>
  </code>
  <code code="C151">
    <editdetail attribution="Reuters BIP Coding Group" action="confirmed" date="1997-03-17"/>
  </code>
  <code code="C1511">
    <editdetail attribution="Reuters BIP Coding Group" action="confirmed" date="1997-03-17"/>
  </code>
  <code code="CCAT">
    <editdetail attribution="Reuters BIP Coding Group" action="confirmed" date="1997-03-17"/>
  </code>
</codes>
<dc element="dc.date.created" value="1997-03-17"/>
<dc element="dc.publisher" value="Reuters Holdings Plc"/>
<dc element="dc.date.published" value="1997-03-17"/>
<dc element="dc.source" value="Reuters"/>
<dc element="dc.creator.location" value="VILNIUS"/>
<dc element="dc.creator.location.country.name" value="LITHUANIA"/>
<dc element="dc.source" value="Reuters"/>
</metadata>
</newsitem>
