<?xml version="1.0" encoding="iso-8859-1" ?>
<newsitem itemid="446365" id="root" date="1997-03-17" xml:lang="en">
<title>BULGARIA: BULGARIA UNIONBANK HAS 216 MLN LEVS NET PROFIT 96.</title>
<headline>BULGARIA UNIONBANK HAS 216 MLN LEVS NET PROFIT 96.</headline>
<dateline>SOFIA 1997-03-17</dateline>
<text>
<p>Bulgaria's private Unionbank posted 215.8 million levs net profit for 1996 and decided to raise capital to 2.77 billion levs, the bank's executive director said.</p>
<p>&quot;Unionbank posted 215.8 million levs net-profit for 1996 from a net income worth 5.2 billion levs after setting aside provisions and paying taxes,&quot; Ivan Radev told a news conference.</p>
<p>The bank's provisions amounted to 4.5 billion levs at the end of 1996. It posted 154.4 million levs net profit for 1995.</p>
<p>The bank's annual shareholders meeting on Saturday also decided to raise capital from current 990 million levs to 2.77 billion levs, Radev said.</p>
<p>To fund the increase the bank said it would transfer some 206 million levs of the net into share capital and will also transform 1.6 billion levs of reserves.</p>
<p>Some 10 million of the net are to be distributed as a three percent dividend among non-voting shareholders, Radev said.</p>
<p>Unionbank which has a one-tier management system and a full banking licence was launched as a successor to Sofia Financial House in late 1994. -- Sofia Newsroom, (++359-2) 981 8569</p>
</text>
<copyright>(c) Reuters Limited 1997</copyright>
<metadata>
<codes class="bip:countries:1.0">
  <code code="BUL">
    <editdetail attribution="Reuters BIP Coding Group" action="confirmed" date="1997-03-17"/>
  </code>
</codes>
<codes class="bip:industries:1.0">
  <code code="I81402">
    <editdetail attribution="Reuters BIP Coding Group" action="confirmed" date="1997-03-17"/>
  </code>
</codes>
<codes class="bip:topics:1.0">
  <code code="C15">
    <editdetail attribution="Reuters BIP Coding Group" action="confirmed" date="1997-03-17"/>
  </code>
  <code code="C151">
    <editdetail attribution="Reuters BIP Coding Group" action="confirmed" date="1997-03-17"/>
  </code>
  <code code="C1511">
    <editdetail attribution="Reuters BIP Coding Group" action="confirmed" date="1997-03-17"/>
  </code>
  <code code="CCAT">
    <editdetail attribution="Reuters BIP Coding Group" action="confirmed" date="1997-03-17"/>
  </code>
</codes>
<dc element="dc.date.created" value="1997-03-17"/>
<dc element="dc.publisher" value="Reuters Holdings Plc"/>
<dc element="dc.date.published" value="1997-03-17"/>
<dc element="dc.source" value="Reuters"/>
<dc element="dc.creator.location" value="SOFIA"/>
<dc element="dc.creator.location.country.name" value="BULGARIA"/>
<dc element="dc.source" value="Reuters"/>
</metadata>
</newsitem>
