<?xml version="1.0" encoding="iso-8859-1" ?>
<newsitem itemid="446352" id="root" date="1997-03-17" xml:lang="en">
<title>LITHUANIA: VILNIUS BANK LEADS AS SHARES RISE.</title>
<headline>VILNIUS BANK LEADS AS SHARES RISE.</headline>
<dateline>VILNIUS 1997-03-17</dateline>
<text>
<p>Market leader Vilnius Bank, which saw its 1996 net profit soar, propelled Lithuania's shares up on Monday, dealers said.</p>
<p>Overall central market volume in equities was 1.14 million litas and the Litin A index of leading shares rose by 14.15 points to 2,604.64.</p>
<p>Vilnius Bank was one of the session's biggest blue chip gainers, with preference shares rising by 9.79 percent to 1,570 litas in trade worth 62,800 litas. Its ordinary shares climbed 2.73 percent to 259.90 litas on turnover of 18,200 litas.</p>
<p>The bank earlier on Monday announced that its 1996 profit climbed steeply to 24.4 million litas versus 2.9 million litas the previous year.</p>
<p>Dealers were divided over what impact the results would have on its share price in the coming weeks.</p>
<p>&quot;It will look like a good buy right now,&quot; said one dealer.</p>
<p>But other dealers said the results were what the market had anticipated and so the effect would be minimal.</p>
<p>&quot;The results are what the market expected, so I don't think they will move the share price very much,&quot; said Tomas Andrejauskas of brokerage firm Suprema.</p>
<p>Naftos terminalas also gained substantially, rising by 9.82 percent to 120.80 litas in light trade of 2,899 litas.</p>
<p>Snaige refrigerator producer leapt by 9.52 percent to 11.50 litas in trade worth over 207,000 litas.</p>
<p>Dealers say that the factory is relatively attractive as it agressively seeks new markets in the west.</p>
<p>The session's losers included Birzai Milk, which slipped to 10.10 litas from 11.00 litas in trade worth just over 8,000 litas.</p>
<p>Block trades worth over 318,000 litas were also made.</p>
<p>The secondary T-bill market remained in the doldrums, turing over almost 500,000 litas.</p>
<p>Low yields have dampened investor interest but analysts anticipate that the central bank's decision to begin repo auctions next month will rekindle activity in the market.</p>
<p>-- Ed Stoddard, Vilnius newsroom +370 2 22 35 18</p>
</text>
<copyright>(c) Reuters Limited 1997</copyright>
<metadata>
<codes class="bip:countries:1.0">
  <code code="LITH">
    <editdetail attribution="Reuters BIP Coding Group" action="confirmed" date="1997-03-17"/>
  </code>
</codes>
<codes class="bip:topics:1.0">
  <code code="M11">
    <editdetail attribution="Reuters BIP Coding Group" action="confirmed" date="1997-03-17"/>
  </code>
  <code code="MCAT">
    <editdetail attribution="Reuters BIP Coding Group" action="confirmed" date="1997-03-17"/>
  </code>
</codes>
<dc element="dc.date.created" value="1997-03-17"/>
<dc element="dc.publisher" value="Reuters Holdings Plc"/>
<dc element="dc.date.published" value="1997-03-17"/>
<dc element="dc.source" value="Reuters"/>
<dc element="dc.creator.location" value="VILNIUS"/>
<dc element="dc.creator.location.country.name" value="LITHUANIA"/>
<dc element="dc.source" value="Reuters"/>
</metadata>
</newsitem>
