<?xml version="1.0" encoding="iso-8859-1" ?>
<newsitem itemid="446353" id="root" date="1997-03-17" xml:lang="en">
<title>LITHUANIA: PM BLOCKS KLAIPEDA TRANSPORT CAPITAL BOOST.</title>
<headline>PM BLOCKS KLAIPEDA TRANSPORT CAPITAL BOOST.</headline>
<dateline>VILNIUS 1997-03-17</dateline>
<text>
<p>Lithuanian Prime Minister Gediminas Vagnorius vetoed on Monday the share capital boost from additional funds by Klaipeda Transport Fleet, the government's office said.</p>
<p>The government said in a statement that it blocked the increase in reserves from additional funds and allowed the capital rise from the company's own reserves.</p>
<p>&quot;It is planned to decide on the boost of the present 85.5 million litas share capital of the company by 14.5 million litas during the general shareholders' meeting on March 26,&quot; government's official Zhenius Povilavichius told Reuters.</p>
<p>The statement also said the government asked the agricultural and forestry ministry to submit the state shares of Klaipedos transport fleet for privatisation in 1997.</p>
<p>&quot;The state runs 44.7 percent of company's shares,&quot; Povilavichius added.</p>
<p>-- Andrius Vilkancas, Vilnius newsroom + 370 2 22 35 17</p>
</text>
<copyright>(c) Reuters Limited 1997</copyright>
<metadata>
<codes class="bip:countries:1.0">
  <code code="LITH">
    <editdetail attribution="Reuters BIP Coding Group" action="confirmed" date="1997-03-17"/>
  </code>
</codes>
<codes class="bip:topics:1.0">
  <code code="C17">
    <editdetail attribution="Reuters BIP Coding Group" action="confirmed" date="1997-03-17"/>
  </code>
  <code code="C171">
    <editdetail attribution="Reuters BIP Coding Group" action="confirmed" date="1997-03-17"/>
  </code>
  <code code="CCAT">
    <editdetail attribution="Reuters BIP Coding Group" action="confirmed" date="1997-03-17"/>
  </code>
</codes>
<dc element="dc.date.created" value="1997-03-17"/>
<dc element="dc.publisher" value="Reuters Holdings Plc"/>
<dc element="dc.date.published" value="1997-03-17"/>
<dc element="dc.source" value="Reuters"/>
<dc element="dc.creator.location" value="VILNIUS"/>
<dc element="dc.creator.location.country.name" value="LITHUANIA"/>
<dc element="dc.source" value="Reuters"/>
</metadata>
</newsitem>
