<?xml version="1.0" encoding="iso-8859-1" ?>
<newsitem itemid="446356" id="root" date="1997-03-17" xml:lang="en">
<title>LITHUANIA: VILNIAUS BANK SEEN FACING COMPETITION.</title>
<headline>VILNIAUS BANK SEEN FACING COMPETITION.</headline>
<byline>Ed Stoddard</byline>
<dateline>VILNIUS 1997-03-17</dateline>
<text>
<p>Lithuania's Vilniaus Bank, which saw its 1996 profits soar, is poised to grab a bigger share of the Baltic state's banking market but will face stiffer competition in 1997, dealers and analysts said on Monday.</p>
<p>The bank announced on Monday that its net profit rose sharply to 24.4 million litas in 1996 from 2.9 million litas the previous year, according to the results of an international audit.</p>
<p>It also said that its share of the Lithuanian banking market doubled in 1996 while its assets increased to 914.7 million litas from 382.9 million litas in the same period.</p>
<p>The bank gave no profit forecasts for 1997.</p>
<p>It is around 90 percent foreign owned is one of the leading blue chip shares on Lithuania's bourse.</p>
<p>&quot;Vilniaus Bank is in a good position to increase its share of the Lithuanian market...the Lithuanian banking market is still relatively small and lacks many services,&quot; one local analyst told Reuters.</p>
<p>&quot;For example, its leasing services look like they will expand,&quot; he said.</p>
<p>But observers cautioned that the bank, while unquestionably one of the strongest in Lithuania, will face more competition in 1997.</p>
<p>They point out that the bank reaped the benefits of last year's banking crisis, when confidence in many of the country's smaller banks was shaken.</p>
<p>&quot;The bank has certainly benefited from the crisis,&quot; one senior western economist said.</p>
<p>&quot;It was viewed as the safest bank in town, and so it got a lot of customers from other banks,&quot; he said.</p>
<p>&quot;But other banks, including foreign banks, may enter the market this year and they will compete hard for market share,&quot; he added.</p>
<p>In response to the crisis, sparked by the surprise closure of two of the country's top banks in late 1995, the Lithuanian parliament last year lifted restrictions on foreign bank branch operations in the country.</p>
<p>Poland's Kredyt Bank has been given permission to set up shop in Lithuania and Estonian and German banks have expressed interest in following its lead.</p>
<p>Some local banks, such as Hermis Bank, are also expected to give Vilniaus a run for its money this year.</p>
<p>&quot;Other banks will look at what Vilniaus Bank has done and will try to do the same,&quot; Tomas Adrejauskas, a dealer with brokerage firm Suprema, told Reuters.</p>
<p>&quot;Vilniaus should increase its market share this year, but not as substantially as it did last year,&quot; he said.</p>
<p>--Vilnius newsroom, +370 2 22 35 17</p>
</text>
<copyright>(c) Reuters Limited 1997</copyright>
<metadata>
<codes class="bip:countries:1.0">
  <code code="LITH">
    <editdetail attribution="Reuters BIP Coding Group" action="confirmed" date="1997-03-17"/>
  </code>
</codes>
<codes class="bip:industries:1.0">
  <code code="I81402">
    <editdetail attribution="Reuters BIP Coding Group" action="confirmed" date="1997-03-17"/>
  </code>
</codes>
<codes class="bip:topics:1.0">
  <code code="C31">
    <editdetail attribution="Reuters BIP Coding Group" action="confirmed" date="1997-03-17"/>
  </code>
  <code code="C313">
    <editdetail attribution="Reuters BIP Coding Group" action="confirmed" date="1997-03-17"/>
  </code>
  <code code="CCAT">
    <editdetail attribution="Reuters BIP Coding Group" action="confirmed" date="1997-03-17"/>
  </code>
</codes>
<dc element="dc.date.created" value="1997-03-17"/>
<dc element="dc.publisher" value="Reuters Holdings Plc"/>
<dc element="dc.date.published" value="1997-03-17"/>
<dc element="dc.source" value="Reuters"/>
<dc element="dc.creator.location" value="VILNIUS"/>
<dc element="dc.creator.location.country.name" value="LITHUANIA"/>
<dc element="dc.source" value="Reuters"/>
</metadata>
</newsitem>
