<?xml version="1.0" encoding="iso-8859-1" ?>
<newsitem itemid="446315" id="root" date="1997-03-17" xml:lang="en">
<title>ZAMBIA: ZAMBIA STOCKS WEEK - ZAMBIA SUGAR LEADS TRADE.</title>
<headline>ZAMBIA STOCKS WEEK - ZAMBIA SUGAR LEADS TRADE.</headline>
<dateline>LUSAKA 1997-03-14</dateline>
<text>
<p>Traded volume on the Lusaka stock</p>
<p>exchange fell in the week ended March 14, exchange officials</p>
<p>said.</p>
<p>They said volume fell to 216,205 shares valued at 4,859,601</p>
<p>kwacha from 464,117 shares worth 7,976,968 the previous week.</p>
<p>Zambia Sugar remained steady at 15 kwacha and saw 155,950</p>
<p>shares valued at 2,339,250 kwacha exchanging hands.</p>
<p>Rothmans closed at 32 kwacha, down six kwacha in a traded</p>
<p>volume of 26,000 shares worth 969,400 kwacha.</p>
<p>Farmers House gained 10 kwacha to end the week at 180 kwacha</p>
<p>in a traded volume of 350 shares valued at 63,000 kwacha while</p>
<p>Chilanga Cement gained 9.75 kwacha to end the week at 70 kwacha</p>
<p>in a traded volume of 20,700 shares valued at 1,349,300 kwacha.</p>
<p>Zambia Consolidated Copper Mines (ZCCM) saw no trades during</p>
<p>the week.</p>
</text>
<copyright>(c) Reuters Limited 1997</copyright>
<metadata>
<codes class="bip:countries:1.0">
  <code code="ZAMBIA">
    <editdetail attribution="Reuters BIP Coding Group" action="confirmed" date="1997-03-17"/>
  </code>
</codes>
<codes class="bip:topics:1.0">
  <code code="M11">
    <editdetail attribution="Reuters BIP Coding Group" action="confirmed" date="1997-03-17"/>
  </code>
  <code code="MCAT">
    <editdetail attribution="Reuters BIP Coding Group" action="confirmed" date="1997-03-17"/>
  </code>
</codes>
<dc element="dc.date.created" value="1997-03-14"/>
<dc element="dc.publisher" value="Reuters Holdings Plc"/>
<dc element="dc.date.published" value="1997-03-17"/>
<dc element="dc.source" value="Reuters"/>
<dc element="dc.creator.location" value="LUSAKA"/>
<dc element="dc.creator.location.country.name" value="ZAMBIA"/>
<dc element="dc.source" value="Reuters"/>
</metadata>
</newsitem>
