<?xml version="1.0" encoding="iso-8859-1" ?>
<newsitem itemid="446383" id="root" date="1997-03-17" xml:lang="en">
<title>LATVIA: PRESS DIGEST - LATVIA - MARCH 17.</title>
<headline>PRESS DIGEST - LATVIA - MARCH 17.</headline>
<dateline>RIGA 1997-03-17</dateline>
<text>
<p>These are the main stories in Latvian newspapers on Monday. Prepared for Reuters by the Co-operation Fund. Reuters has not verified these reports and does not vouch for their accuracy:</p>
<p>ALL NEWSPAPERS</p>
<p>- A cargo train on the Riga-Ventspils line smashed into a lorry on Sunday 91 kilometers west of Riga, disrupting activity at the port. All railway cargo bound for Ventspils was suspended for 24 hours.</p>
<p>- A new Labour party was formed on Saturday. Aivars Kreituss was elected chairman of the party.</p>
<p>- On Saturday the Council of the party Fatherland &amp; Freedom appealed to its representatives in local governments to enter into a coalition with the national ruling  parties. Today the party is due to form a joint faction with the national conservative party, the LNNK.The Fatherland &amp; Freedom party has officially nominated Andris Argalis as its candidate to the post of mayor of Riga.</p>
<p>DIENA</p>
<p>- A Latvian parliamentary delegation including speaker Alfreds Chepanis and deputies Imants Daudishs, Viktors Kalnberzs and Olgerts Dunkers has left for a visit to China. The visit will focus on three joint-economic projects: a $6 million investment in a chip-board production plant in Latvia; the Chinese shipping line between Riga and Hamburg; and the opening of a Chinese trade center in Riga and the setting up of joint ventures.</p>
<p>NEATKARIGA RITA AVIZE</p>
<p>- The Russian Weather service reports an ozone hole above the Baltics.</p>
<p>BIZNES &amp; BALTIYA</p>
<p>- The Latvian Privatisation Agency approved on Friday the basic principles for the privatisation of the hotel Latvia. Norway's Varner Hakon Invest has expressed interest in participating in the hotel's privatization.</p>
<p>DIENAS BIZNESS</p>
<p>- According to preliminary estimates, the national air company Air Baltic has finished the year 1996 with a loss of almost $15 million.</p>
<p>-- Riga Newsroom +371 721 5240</p>
</text>
<copyright>(c) Reuters Limited 1997</copyright>
<metadata>
<codes class="bip:countries:1.0">
  <code code="LATV">
    <editdetail attribution="Reuters BIP Coding Group" action="confirmed" date="1997-03-17"/>
  </code>
</codes>
<codes class="bip:topics:1.0">
  <code code="GCAT">
    <editdetail attribution="Reuters BIP Coding Group" action="confirmed" date="1997-03-17"/>
  </code>
</codes>
<dc element="dc.date.created" value="1997-03-17"/>
<dc element="dc.publisher" value="Reuters Holdings Plc"/>
<dc element="dc.date.published" value="1997-03-17"/>
<dc element="dc.source" value="Reuters"/>
<dc element="dc.creator.location" value="RIGA"/>
<dc element="dc.creator.location.country.name" value="LATVIA"/>
<dc element="dc.source" value="Reuters"/>
</metadata>
</newsitem>
