<?xml version="1.0" encoding="iso-8859-1" ?>
<newsitem itemid="446336" id="root" date="1997-03-17" xml:lang="en">
<title>POLAND: POLISH PARTIES' RATINGS IN OPINION POLLS.</title>
<headline>POLISH PARTIES' RATINGS IN OPINION POLLS.</headline>
<dateline>WARSAW 1997-03-17</dateline>
<text>
<p>A survey by the PBS polling</p>
<p>institute for the Rzeczpospolita daily showed the Solidarity</p>
<p>Electoral Action (AWS) gaining a lead over the Democratic Left</p>
<p>Alliance (SLD) of ex-communists, Rzeczpospolita said on Monday.</p>
<p>But another survey by OBOP institute published over the</p>
<p>weekend showed AWS losing its lead to SLD.</p>
<p>Following is a ranking of Polish political parties</p>
<p>according to five most recent public opinion polls.</p>
<p>Parliamentary elections are due around September, 1997.</p>
<p>		PBS	  OBOP	CBOS     OBOP	 DEMOSKOP</p>
<p>(March 8-9) (March 8-11) (Feb 14-17) (Feb 8-11) (Feb 6-11)</p>
<p> AWS   29		  20	   24	     29	    24</p>
<p> SLD   26		  23	   22	     22	    23</p>
<p> UW    12		  12	    8	     12	    11</p>
<p> PSL   12		  12	   10	     12	    14</p>
<p> UP     9		   5	    7		6	     6</p>
<p> ROP    8		  12	    6	     10	    10</p>
<p>NOTE - Party names: AWS - The Solidarity Electoral Action,</p>
<p>an opposition electoral bloc of more than 30 small right-wing</p>
<p>parties led by the Solidarity trade union.</p>
<p>SLD - the Democratic Left Alliance, the ex-communist group</p>
<p>and the larger partner in the ruling leftist coalition.</p>
<p>PSL - The Polish Peasant Party, the smaller partner in the</p>
<p>government coalition UW - The Union for Freedom, a</p>
<p>right-centrist group, the biggest opposition party in</p>
<p>parliament.</p>
<p>ROP - The Movement for Reconstruction of Poland, a</p>
<p>non-parliamentary group, advocating patriotic, anti-communist</p>
<p>and often populist values.</p>
<p>UP - The Union of Labour, a leftist opposition party.</p>
<p>Polling agencies: CBOS - public, Poland's biggest polling</p>
<p>institution.</p>
<p>OBOP - controlled by the state-owned television.</p>
<p>DEMOSKOP - private.</p>
<p>PBS - private, preparing polls for authoritative</p>
<p>Rzeczpospolita daily.</p>
<p>-- Warsaw Newsroom +48 22 653 9700</p>
</text>
<copyright>(c) Reuters Limited 1997</copyright>
<metadata>
<codes class="bip:countries:1.0">
  <code code="POL">
    <editdetail attribution="Reuters BIP Coding Group" action="confirmed" date="1997-03-17"/>
  </code>
</codes>
<codes class="bip:topics:1.0">
  <code code="GCAT">
    <editdetail attribution="Reuters BIP Coding Group" action="confirmed" date="1997-03-17"/>
  </code>
  <code code="GPOL">
    <editdetail attribution="Reuters BIP Coding Group" action="confirmed" date="1997-03-17"/>
  </code>
</codes>
<dc element="dc.date.created" value="1997-03-17"/>
<dc element="dc.publisher" value="Reuters Holdings Plc"/>
<dc element="dc.date.published" value="1997-03-17"/>
<dc element="dc.source" value="Reuters"/>
<dc element="dc.creator.location" value="WARSAW"/>
<dc element="dc.creator.location.country.name" value="POLAND"/>
<dc element="dc.source" value="Reuters"/>
</metadata>
</newsitem>
