<?xml version="1.0" encoding="iso-8859-1" ?>
<newsitem itemid="446398" id="root" date="1997-03-17" xml:lang="en">
<title>UK: European cotton markets slow, buyers lack incentive.</title>
<headline>European cotton markets slow, buyers lack incentive.</headline>
<dateline>LONDON 1997-03-17</dateline>
<text>
<p>European trade in raw cotton was slow on Monday despite the incentive of a softening U.S. dollar against selected currencies, industry sources said.</p>
<p>Without a lead from the New York futures market and in the absence of fresh fundamental news, asking prices for upland styles were generally quoted unchanged.</p>
<p>Mill buyers in Italy and Germany were reported to be in negotiation for modest deliveries of quality Central Asian grades.</p>
<p>Traders said buyers focussed on outstanding requirements for second quarter delivery, showing little interest in looking further ahead. --London Newsroom, +44 171 542 8071</p>
</text>
<copyright>(c) Reuters Limited 1997</copyright>
<metadata>
<codes class="bip:countries:1.0">
  <code code="UK">
    <editdetail attribution="Reuters BIP Coding Group" action="confirmed" date="1997-03-17"/>
  </code>
</codes>
<codes class="bip:topics:1.0">
  <code code="M14">
    <editdetail attribution="Reuters BIP Coding Group" action="confirmed" date="1997-03-17"/>
  </code>
  <code code="M141">
    <editdetail attribution="Reuters BIP Coding Group" action="confirmed" date="1997-03-17"/>
  </code>
  <code code="MCAT">
    <editdetail attribution="Reuters BIP Coding Group" action="confirmed" date="1997-03-17"/>
  </code>
</codes>
<dc element="dc.date.created" value="1997-03-17"/>
<dc element="dc.publisher" value="Reuters Holdings Plc"/>
<dc element="dc.date.published" value="1997-03-17"/>
<dc element="dc.source" value="Reuters"/>
<dc element="dc.creator.location" value="LONDON"/>
<dc element="dc.creator.location.country.name" value="UK"/>
<dc element="dc.source" value="Reuters"/>
</metadata>
</newsitem>
