<?xml version="1.0" encoding="iso-8859-1" ?>
<newsitem itemid="446384" id="root" date="1997-03-17" xml:lang="en">
<title>ESTONIA: ESTONIA-TALLINNA PANK SELLS SHIPPING LOAN - REPORT.</title>
<headline>ESTONIA-TALLINNA PANK SELLS SHIPPING LOAN - REPORT.</headline>
<dateline>TALLINN 1997-03-17</dateline>
<text>
<p>Tallinna Pank, Estonia's fourth largest bank, sold its 42.1 million kroons shipping loan to Tallinvest, an investment firm, for 32 million kroons, the Aripaev business paper said on Monday.</p>
<p>The loan was originally given to TH Ferries which services the Tallinn-Helsinki line. The sale of the loan means a loss of 10 million kroons to the bank, the paper said.</p>
<p>Tallinvest must repay the loan by the end of 1997, the paper added.</p>
<p>&quot;By taking this step we expect to end the groundless speculations on excessive financial risks taken by the bank,&quot; the bank board's statement was reported as saying.</p>
<p>-- David Mardiste, Tallinn Newsroom +372 630 84 00</p>
</text>
<copyright>(c) Reuters Limited 1997</copyright>
<metadata>
<codes class="bip:countries:1.0">
  <code code="ESTNIA">
    <editdetail attribution="Reuters BIP Coding Group" action="confirmed" date="1997-03-17"/>
  </code>
</codes>
<codes class="bip:industries:1.0">
  <code code="I81402">
    <editdetail attribution="Reuters BIP Coding Group" action="confirmed" date="1997-03-17"/>
  </code>
</codes>
<codes class="bip:topics:1.0">
  <code code="C18">
    <editdetail attribution="Reuters BIP Coding Group" action="confirmed" date="1997-03-17"/>
  </code>
  <code code="C182">
    <editdetail attribution="Reuters BIP Coding Group" action="confirmed" date="1997-03-17"/>
  </code>
  <code code="CCAT">
    <editdetail attribution="Reuters BIP Coding Group" action="confirmed" date="1997-03-17"/>
  </code>
</codes>
<dc element="dc.date.created" value="1997-03-17"/>
<dc element="dc.publisher" value="Reuters Holdings Plc"/>
<dc element="dc.date.published" value="1997-03-17"/>
<dc element="dc.source" value="Reuters"/>
<dc element="dc.creator.location" value="TALLINN"/>
<dc element="dc.creator.location.country.name" value="ESTONIA"/>
<dc element="dc.source" value="Reuters"/>
</metadata>
</newsitem>
