<?xml version="1.0" encoding="iso-8859-1" ?>
<newsitem itemid="446322" id="root" date="1997-03-17" xml:lang="en">
<title>ROMANIA: RADIO ROMANIA NEWS HEADLINES AT 4 PM.</title>
<headline>RADIO ROMANIA NEWS HEADLINES AT 4 PM.</headline>
<dateline>BUCHAREST 1997-03-17</dateline>
<text>
<p>Radio news headlines:</p>
<p>* Parliament upper and lower chambers resumed sessions.</p>
<p>* Visiting British Foreign office secretary Sir Nicholas Bonsor praised the excellent relations with Romania during a meeting with Romanian Foreign Minister Adrian Severin.</p>
<p>* The Parliament Palace hosts the European Union conference on PHARE projects for Central and Eastern Europe.</p>
<p>Candidates for EU membership have excellent opportunities to cooperate within PHARE's multi-country projects, Romanian European Integration Minister Alexandru Herlea said. -- Bucharest Newsroom 40-1 3120264</p>
</text>
<copyright>(c) Reuters Limited 1997</copyright>
<metadata>
<codes class="bip:countries:1.0">
  <code code="ROM">
    <editdetail attribution="Reuters BIP Coding Group" action="confirmed" date="1997-03-17"/>
  </code>
</codes>
<codes class="bip:topics:1.0">
  <code code="GCAT">
    <editdetail attribution="Reuters BIP Coding Group" action="confirmed" date="1997-03-17"/>
  </code>
</codes>
<dc element="dc.date.created" value="1997-03-17"/>
<dc element="dc.publisher" value="Reuters Holdings Plc"/>
<dc element="dc.date.published" value="1997-03-17"/>
<dc element="dc.source" value="Reuters"/>
<dc element="dc.creator.location" value="BUCHAREST"/>
<dc element="dc.creator.location.country.name" value="ROMANIA"/>
<dc element="dc.source" value="Reuters"/>
</metadata>
</newsitem>
