<?xml version="1.0" encoding="iso-8859-1" ?>
<newsitem itemid="446367" id="root" date="1997-03-17" xml:lang="en">
<title>LITHUANIA: VILNIAUS BANK SAYS WILL SEEK NEW RATINGS.</title>
<headline>VILNIAUS BANK SAYS WILL SEEK NEW RATINGS.</headline>
<dateline>VILNIUS 1997-03-17</dateline>
<text>
<p>Lithuania's Vilniaus Bank said on Monday it would seek new credit ratings in the second quarter of 1997.  </p>
<p>&quot;In the nearest future, probably in the second quarter, we will decide on the new rating or ratings,&quot; Julius Niedvaras, chairman of the bank's board, told a news conference.</p>
<p>He added that the bank would ask Thomson BankWatch to upgrade its current rating and said the bank was mulling the idea of applying for a rating from another agency.  </p>
<p>The bank, which said on Monday that its net profit had shot up to 24.4 million litas in 1996 from 2.9 million litas the previous year, acquired a BB- rating from Thomson last fall for its long-term liabilities.</p>
<p>The bank was also awarded a rating of LC-1 for its short-term liabilities in litas, the highest in the BankWatch scale.</p>
<p>The bank, which is 90 percent foreign owned, is Lithuania's largest private bank.</p>
<p>It doubled its share of the Lithuanian market last year, reaping the benefits of a crisis which shook public confidence in many of the country's other banks.</p>
<p>It is one of the leading blue chip companies on the country's bourse.</p>
<p>--Andrius Vilkancas, Vilnius newsroom +370 2 22 35 18</p>
</text>
<copyright>(c) Reuters Limited 1997</copyright>
<metadata>
<codes class="bip:countries:1.0">
  <code code="LITH">
    <editdetail attribution="Reuters BIP Coding Group" action="confirmed" date="1997-03-17"/>
  </code>
</codes>
<codes class="bip:industries:1.0">
  <code code="I81402">
    <editdetail attribution="Reuters BIP Coding Group" action="confirmed" date="1997-03-17"/>
  </code>
</codes>
<codes class="bip:topics:1.0">
  <code code="C17">
    <editdetail attribution="Reuters BIP Coding Group" action="confirmed" date="1997-03-17"/>
  </code>
  <code code="C174">
    <editdetail attribution="Reuters BIP Coding Group" action="confirmed" date="1997-03-17"/>
  </code>
  <code code="CCAT">
    <editdetail attribution="Reuters BIP Coding Group" action="confirmed" date="1997-03-17"/>
  </code>
</codes>
<dc element="dc.date.created" value="1997-03-17"/>
<dc element="dc.publisher" value="Reuters Holdings Plc"/>
<dc element="dc.date.published" value="1997-03-17"/>
<dc element="dc.source" value="Reuters"/>
<dc element="dc.creator.location" value="VILNIUS"/>
<dc element="dc.creator.location.country.name" value="LITHUANIA"/>
<dc element="dc.source" value="Reuters"/>
</metadata>
</newsitem>
