<?xml version="1.0" encoding="iso-8859-1" ?>
<newsitem itemid="446376" id="root" date="1997-03-17" xml:lang="en">
<title>SLOVAKIA: SLOVAK CBANK SAYS ONE-DAY REPO RATE UP TO 17.5 PCT.</title>
<headline>SLOVAK CBANK SAYS ONE-DAY REPO RATE UP TO 17.5 PCT.</headline>
<dateline>BRATISLAVA 1997-03-17</dateline>
<text>
<p>The National Bank of Slovakia (NBS) on Monday said the average and only rate at its one-day securities repurchase tender rose to 17.5 percent, up from 12.0 percent in the last similar tender on March 6.</p>
<p>On Friday, the NBS's three-day average repo rate rose to a record high of 21.2 percent.</p>
<p>The NBS added that it had allocated funds totalling 2.0 billion crowns, the full fixed amount it had offered in Monday's the tender.  </p>
<p>The NBS said bids totalled 2.827 billion crowns.</p>
<p>According to official NBS figures, the banking sector is short of liquidity ahead of the minimum reserve period, with banks' minimum reserve demands fulfilled at 90.71 percent as of Sunday.</p>
<p>-- Bratislava Newsroom, 421-7-521-8402</p>
</text>
<copyright>(c) Reuters Limited 1997</copyright>
<metadata>
<codes class="bip:countries:1.0">
  <code code="SLVAK">
    <editdetail attribution="Reuters BIP Coding Group" action="confirmed" date="1997-03-17"/>
  </code>
</codes>
<codes class="bip:topics:1.0">
  <code code="M13">
    <editdetail attribution="Reuters BIP Coding Group" action="confirmed" date="1997-03-17"/>
  </code>
  <code code="M131">
    <editdetail attribution="Reuters BIP Coding Group" action="confirmed" date="1997-03-17"/>
  </code>
  <code code="MCAT">
    <editdetail attribution="Reuters BIP Coding Group" action="confirmed" date="1997-03-17"/>
  </code>
</codes>
<dc element="dc.date.created" value="1997-03-17"/>
<dc element="dc.publisher" value="Reuters Holdings Plc"/>
<dc element="dc.date.published" value="1997-03-17"/>
<dc element="dc.source" value="Reuters"/>
<dc element="dc.creator.location" value="BRATISLAVA"/>
<dc element="dc.creator.location.country.name" value="SLOVAKIA"/>
<dc element="dc.source" value="Reuters"/>
</metadata>
</newsitem>
