<?xml version="1.0" encoding="iso-8859-1" ?>
<newsitem itemid="446388" id="root" date="1997-03-17" xml:lang="en">
<title>FINLAND: FINLAND'S VALIO EYES BALTIC EXPANSION.</title>
<headline>FINLAND'S VALIO EYES BALTIC EXPANSION.</headline>
<dateline>HELSINKI 1997-03-17</dateline>
<text>
<p>Finnish food group Valio on Monday said that it was looking at ways to expand its operations in the Baltic states, which may involve starting a production plant for ice cream and cheese in Estonia, Latvia or Lithuania.</p>
<p>Valio, a privately-owned company, already has a plant in the southern Estonian town of Tartu making yoghurts for the Estonian market and for Latvia and Lithuania.</p>
<p>&quot;We have been contemplating making ice cream and/or cheese,&quot; Valio vice-president Jaako Lehtonen told Reuters in an interview at a Baltics investment conference here.</p>
<p>He said that no firm decision had been made yet but that talks had been held with various companies in the Baltics.</p>
<p>He said the new project may involve starting a manufacturing plant or taking a stake in an existing company.</p>
<p>Lehtonen said that Valio had around 38 percent of the yoghurt market in Estonia and smaller shares in Latvia and Lithuania.</p>
<p>He added that sales of Valio products in Estonia were around 200 million kroons and some three million dollars in Latvia and Lithuania.</p>
<p>Lehtonen said that Valio now owned 92 percent of the Tartu plant, which makes products under the Alma brand.</p>
<p>-- Patrick Lannin, Helsinki +371 9 356 187</p>
</text>
<copyright>(c) Reuters Limited 1997</copyright>
<metadata>
<codes class="bip:countries:1.0">
  <code code="ESTNIA">
    <editdetail attribution="Reuters BIP Coding Group" action="confirmed" date="1997-03-17"/>
  </code>
  <code code="FIN">
    <editdetail attribution="Reuters BIP Coding Group" action="confirmed" date="1997-03-17"/>
  </code>
  <code code="LATV">
    <editdetail attribution="Reuters BIP Coding Group" action="confirmed" date="1997-03-17"/>
  </code>
  <code code="LITH">
    <editdetail attribution="Reuters BIP Coding Group" action="confirmed" date="1997-03-17"/>
  </code>
</codes>
<codes class="bip:industries:1.0">
  <code code="I41300">
    <editdetail attribution="Reuters BIP Coding Group" action="confirmed" date="1997-03-17"/>
  </code>
</codes>
<codes class="bip:topics:1.0">
  <code code="C11">
    <editdetail attribution="Reuters BIP Coding Group" action="confirmed" date="1997-03-17"/>
  </code>
  <code code="CCAT">
    <editdetail attribution="Reuters BIP Coding Group" action="confirmed" date="1997-03-17"/>
  </code>
</codes>
<dc element="dc.date.created" value="1997-03-17"/>
<dc element="dc.publisher" value="Reuters Holdings Plc"/>
<dc element="dc.date.published" value="1997-03-17"/>
<dc element="dc.source" value="Reuters"/>
<dc element="dc.creator.location" value="HELSINKI"/>
<dc element="dc.creator.location.country.name" value="FINLAND"/>
<dc element="dc.source" value="Reuters"/>
</metadata>
</newsitem>
