<?xml version="1.0" encoding="iso-8859-1" ?>
<newsitem itemid="446318" id="root" date="1997-03-17" xml:lang="en">
<title>ESTONIA: MOST STOCKS RISE, TALLINNA PANK LEADS.</title>
<headline>MOST STOCKS RISE, TALLINNA PANK LEADS.</headline>
<text>
<p>* Total trade on Estonian bourse was 44.8 million kroons of shares</p>
<p>* Talse gained 2.57 percent to close on 220.45</p>
<p>* Tallinna Pank was the most active with a gain of 6.60 kroons although selling pressure appeared in the afternoon.</p>
</text>
<copyright>(c) Reuters Limited 1997</copyright>
<metadata>
<codes class="bip:countries:1.0">
  <code code="ESTNIA">
    <editdetail attribution="Reuters BIP Coding Group" action="confirmed" date="1997-03-17"/>
  </code>
</codes>
<codes class="bip:topics:1.0">
  <code code="M11">
    <editdetail attribution="Reuters BIP Coding Group" action="confirmed" date="1997-03-17"/>
  </code>
  <code code="MCAT">
    <editdetail attribution="Reuters BIP Coding Group" action="confirmed" date="1997-03-17"/>
  </code>
</codes>
<dc element="dc.publisher" value="Reuters Holdings Plc"/>
<dc element="dc.date.published" value="1997-03-17"/>
<dc element="dc.source" value="Reuters"/>
<dc element="dc.creator.location.country.name" value="ESTONIA"/>
<dc element="dc.source" value="Reuters"/>
</metadata>
</newsitem>
