<?xml version="1.0" encoding="iso-8859-1" ?>
<newsitem itemid="446335" id="root" date="1997-03-17" xml:lang="en">
<title>HUNGARY: FORECAST - HUNGARY BILL, BOND YIELDS SEEN FALLING.</title>
<headline>FORECAST - HUNGARY BILL, BOND YIELDS SEEN FALLING.</headline>
<dateline>BUDAPEST 1997-03-17</dateline>
<text>
<p>Yields on Hungarian government securities are likely to drop on the secondary market this week amid abundant commercial bank liquidity and expectations of repo rate cuts for next Monday, dealers said.</p>
<p>&quot;I expect a fall (in yields) on the OTC (over-the-counter) market,&quot; said Gyula Kerdo of Creditanstalt Securities. &quot;There is enormous liquidity on the market due to maturing government papers and interest payments on them.&quot;</p>
<p>A dealer said the government's payments on its securities could bring some 80 billion forint extra liquidity for banks.</p>
<p>Dealers said most discount Treasury bill yields were likely to remain close to current levels, but one-year T-bill yields would probably drop to about 20.00 percent from the current levels of some 20.30 percent.</p>
<p>&quot;The one-year (T-bill) is likely to fall substantially, its yield makes it seem a good investment, it is well above the yields on two- and three-year papers,&quot; said Zsolt Bango of Gog securities.</p>
<p>Government bond yields are seen easing 0.2 to 0.3 percent this week, continuing last week's trend.</p>
<p>The yields on these papers, which have maturities from two to seven years, dropped 0.3 to 0.4 percent last week after the announcement of the reduction of the monthly forint devaluation rate to 1.1 percent on April 1 from the current 1.2 percent.</p>
<p>The 2.2 percent rise in the CPI in February, published last week, was seen as positive and could also help the decline in yields, although its impact may have been built in prices already, dealers added.</p>
<p>Many market players expected the National Bank of Hungary to reduce its repo rates on Monday, they said, but the cut did not happen.</p>
<p>Thus expectations of repo cuts for next Monday were likely to strengthen, and this could also motor the decline in yields, dealers added.</p>
<p>-- Sandor Peto, Budapest newsroom (36 1) 327 4040</p>
</text>
<copyright>(c) Reuters Limited 1997</copyright>
<metadata>
<codes class="bip:countries:1.0">
  <code code="HUNG">
    <editdetail attribution="Reuters BIP Coding Group" action="confirmed" date="1997-03-17"/>
  </code>
</codes>
<codes class="bip:topics:1.0">
  <code code="M12">
    <editdetail attribution="Reuters BIP Coding Group" action="confirmed" date="1997-03-17"/>
  </code>
  <code code="M13">
    <editdetail attribution="Reuters BIP Coding Group" action="confirmed" date="1997-03-17"/>
  </code>
  <code code="M131">
    <editdetail attribution="Reuters BIP Coding Group" action="confirmed" date="1997-03-17"/>
  </code>
  <code code="MCAT">
    <editdetail attribution="Reuters BIP Coding Group" action="confirmed" date="1997-03-17"/>
  </code>
</codes>
<dc element="dc.date.created" value="1997-03-17"/>
<dc element="dc.publisher" value="Reuters Holdings Plc"/>
<dc element="dc.date.published" value="1997-03-17"/>
<dc element="dc.source" value="Reuters"/>
<dc element="dc.creator.location" value="BUDAPEST"/>
<dc element="dc.creator.location.country.name" value="HUNGARY"/>
<dc element="dc.source" value="Reuters"/>
</metadata>
</newsitem>
