<?xml version="1.0" encoding="iso-8859-1" ?>
<newsitem itemid="446332" id="root" date="1997-03-17" xml:lang="en">
<title>LITHUANIA: WORLD BANK SEEKS FURTHER TIES.</title>
<headline>WORLD BANK SEEKS FURTHER TIES.</headline>
<dateline>VILNIUS 1997-03-17</dateline>
<text>
<p>Lithuania said on Monday that the World Bank was seeking further ties with the Baltic state as it attempts to complete its transition to a market economy.</p>
<p>The government made the comments after Prime Minister Gediminas Vagnorius met with Ruth Jacoby, the World Bank's managing director for the Nordic and Baltic region.</p>
<p>&quot;During the discussion, further cooperation with the World Bank was discussed,&quot; the government said in a statement.</p>
<p>&quot;The common opinion was reached that the World Bank can provide not only credits but it can serve as a data bank for the country,&quot; the statement added.</p>
<p>Lithuania has made clear its intention to wean itself from borrowing from international financial agencies such as the World Bank and the International Monetary Fund (IMF).</p>
<p>But it says it wants to continue cooperation in other spheres, such as information collection.</p>
<p>The country's past programmes with the World Bank have focused on the banking, energy and agricultural sectors, areas which observers say are in urgent need of reform.</p>
<p>--Vilnius newsroom, +370 2 22 35 18</p>
</text>
<copyright>(c) Reuters Limited 1997</copyright>
<metadata>
<codes class="bip:countries:1.0">
  <code code="LITH">
    <editdetail attribution="Reuters BIP Coding Group" action="confirmed" date="1997-03-17"/>
  </code>
</codes>
<codes class="bip:topics:1.0">
  <code code="E12">
    <editdetail attribution="Reuters BIP Coding Group" action="confirmed" date="1997-03-17"/>
  </code>
  <code code="E21">
    <editdetail attribution="Reuters BIP Coding Group" action="confirmed" date="1997-03-17"/>
  </code>
  <code code="E212">
    <editdetail attribution="Reuters BIP Coding Group" action="confirmed" date="1997-03-17"/>
  </code>
  <code code="ECAT">
    <editdetail attribution="Reuters BIP Coding Group" action="confirmed" date="1997-03-17"/>
  </code>
</codes>
<dc element="dc.date.created" value="1997-03-17"/>
<dc element="dc.publisher" value="Reuters Holdings Plc"/>
<dc element="dc.date.published" value="1997-03-17"/>
<dc element="dc.source" value="Reuters"/>
<dc element="dc.creator.location" value="VILNIUS"/>
<dc element="dc.creator.location.country.name" value="LITHUANIA"/>
<dc element="dc.source" value="Reuters"/>
</metadata>
</newsitem>
