<?xml version="1.0" encoding="iso-8859-1" ?>
<newsitem itemid="446351" id="root" date="1997-03-17" xml:lang="en">
<title>CZECH REPUBLIC: CZECH SOCIAL DEMOCRATS TAKE MORE RADICAL ROUTE.</title>
<headline>CZECH SOCIAL DEMOCRATS TAKE MORE RADICAL ROUTE.</headline>
<byline>Jan Lopatka</byline>
<dateline>PRAGUE 1997-03-17</dateline>
<text>
<p>The leading Czech opposition party, the Social Democrats (CSSD), confirmed chairman Milos Zeman and his confrontational style at a weekend national conference, while eliminating his main rivals.</p>
<p>But Zeman only partly succeeded in uniting the party leadership as he disposed most of his internal oppositon, including the more compromising deputy chairman Karel Machovec.</p>
<p>Still, the conference rejected one of Zeman's favourites for a senior party post, and confirmed as deputy chairwoman Petra Buzkova, the most popular Czech politician according to opinion polls, over Zeman's objections.</p>
<p>Despite achieving relative success in last June's elections -- where the CSSD finished a surpisingly strong second, stripping the conservative government's majority in parliament -- delegates elected Zeman with only 72 percent of the vote.</p>
<p>That was about 14 percentage points lower than at the 1996 national CSSD congress.</p>
<p>The leftist daily Pravo said Zeman's position will not likely be as solid in the party despite throwing off Machovec. Commentator Alexandr Mitrofanov said that it was likely that the new leadership &quot;would not give Zeman peaceful work in the circle of the faithful&quot;.</p>
<p>Many Czech commentators criticised the CSSD on Monday for taking a more radical route.</p>
<p>The right-leaning daily Mlada Fronta Dnes said, &quot;Zeman's dream of showing the Social Democrats to the public as a serious alternative to the government dissolved... in the wind of partisan passions.&quot;</p>
<p>It said the CSSD has defined itself as by showing diletantism and devoting time to elimination of internal enemies rather than to finding alternative solutions.</p>
<p>&quot;Zeman bets on political superstition and carelessness of people othrwise adult and reasonable,&quot; wrote Jefim Fistejn in the frequently pro-governemnt daily Lidove Noviny.</p>
<p>Zeman has aimed at voters of unreformed communists and ultra-right republicans as a source of more votes, while Machovec was campaigning for a shift to the centre and less emotional clashes with the government.</p>
<p>An opinion poll released by the state-funded research agency IVVM on Monday showed the CSSD's gap with Prime Minister Vaclav Klaus's Civic Democratic Party grew in early March to 26 to 19 percent, from February support of 24 to 21 percent.</p>
<p>Over the four years of his chairmanship, Zeman has adopted a strictly anti-government rhetoric, and managed to lead the party from the opposition wilderness to a major force.</p>
<p>But the CSSD had a huge rift late last year when several deputies, including Machovec and budget committee chairman Josef Wagner, broke ranks in voting with the government on its 1997 balanced budget.</p>
<p>Delegates at the conference responded to Zeman's calls and voted to expell Wagner from the party, and denied the deputy chairman's post to Machovec.</p>
<p>In his keynote speech at the conference, Zeman called for a fast action on what he said was an impending economic crisis, and on white-collar economic crime, and fast action to reverse the growing trade deficit, including pro-export measures.</p>
<p>The party confirmed its support for Czech NATO and European Union membership, but repeated calls for a referendum on both.</p>
</text>
<copyright>(c) Reuters Limited 1997</copyright>
<metadata>
<codes class="bip:countries:1.0">
  <code code="CZREP">
    <editdetail attribution="Reuters BIP Coding Group" action="confirmed" date="1997-03-17"/>
  </code>
</codes>
<codes class="bip:topics:1.0">
  <code code="GCAT">
    <editdetail attribution="Reuters BIP Coding Group" action="confirmed" date="1997-03-17"/>
  </code>
  <code code="GPOL">
    <editdetail attribution="Reuters BIP Coding Group" action="confirmed" date="1997-03-17"/>
  </code>
</codes>
<dc element="dc.date.created" value="1997-03-17"/>
<dc element="dc.publisher" value="Reuters Holdings Plc"/>
<dc element="dc.date.published" value="1997-03-17"/>
<dc element="dc.source" value="Reuters"/>
<dc element="dc.creator.location" value="PRAGUE"/>
<dc element="dc.creator.location.country.name" value="CZECH REPUBLIC"/>
<dc element="dc.source" value="Reuters"/>
</metadata>
</newsitem>
