<?xml version="1.0" encoding="iso-8859-1" ?>
<newsitem itemid="446306" id="root" date="1997-03-17" xml:lang="en">
<title>PAKISTAN: HOCKEY-GOLDEN JUBILEE RESULT.</title>
<headline>HOCKEY-GOLDEN JUBILEE RESULT.</headline>
<dateline>KARACHI 1997-03-17</dateline>
<text>
<p>Result on the second day of the</p>
<p>Golden Jubilee of Pakistan men's hockey tournament on Monday:</p>
<p>Germany beat England 2-0 (halftime 1-0)</p>
<p>Scorers: Christoph Bechmann 14, 57</p>
</text>
<copyright>(c) Reuters Limited 1997</copyright>
<metadata>
<codes class="bip:countries:1.0">
  <code code="GFR">
    <editdetail attribution="Reuters BIP Coding Group" action="confirmed" date="1997-03-17"/>
  </code>
  <code code="PAKIS">
    <editdetail attribution="Reuters BIP Coding Group" action="confirmed" date="1997-03-17"/>
  </code>
  <code code="UK">
    <editdetail attribution="Reuters BIP Coding Group" action="confirmed" date="1997-03-17"/>
  </code>
</codes>
<codes class="bip:topics:1.0">
  <code code="GCAT">
    <editdetail attribution="Reuters BIP Coding Group" action="confirmed" date="1997-03-17"/>
  </code>
  <code code="GSPO">
    <editdetail attribution="Reuters BIP Coding Group" action="confirmed" date="1997-03-17"/>
  </code>
</codes>
<dc element="dc.date.created" value="1997-03-17"/>
<dc element="dc.publisher" value="Reuters Holdings Plc"/>
<dc element="dc.date.published" value="1997-03-17"/>
<dc element="dc.source" value="Reuters"/>
<dc element="dc.creator.location" value="KARACHI"/>
<dc element="dc.creator.location.country.name" value="PAKISTAN"/>
<dc element="dc.source" value="Reuters"/>
</metadata>
</newsitem>
