<?xml version="1.0" encoding="iso-8859-1" ?>
<newsitem itemid="446327" id="root" date="1997-03-17" xml:lang="en">
<title>SLOVAKIA: SLOVAK STUDENTS PRESS FOR MINISTER TO QUIT.</title>
<headline>SLOVAK STUDENTS PRESS FOR MINISTER TO QUIT.</headline>
<byline>Peter Javurek</byline>
<dateline>BRATISLAVA 1997-03-17</dateline>
<text>
<p>Some 1,500 students demonstrated outside the Slovak Ministry of Culture on Monday, keeping up pressure on Minister Ivan Hudec to quit over his handling of a strike by actors and theatre staff.</p>
<p>The students say Hudec should go after he called in police to end a sit-in by actors and their supporters in the ministry last week.</p>
<p>The protests, over alleged state interference in cultural policy, have become the focus of growing opposition to Prime Minister Vladimir Meciar's government, which is facing referendums in May on whether Slovakia should join NATO and whether the president should be elected by direct popular vote.</p>
<p>President Michal Kovac, locked in a bitter political feud with Meciar, last week also called for Hudec to resign over the dispute.</p>
<p>Monday's demonstration ended after an hour with students jingling keys, a gesture frequently seen during anti-communist protests against the Czechoslovak authorities during the so-called Velvet Revolution of 1989.</p>
<p>The students demanded the immediate dismissal of Hudec &quot;who has been fully responsible for this situation,&quot; student leader Juraj Sulik told journalists.</p>
<p>Relations between the stage community and government have been strained since last summer when Hudec sacked the director and artistic director of the National Theatre.</p>
<p>Many theatres have been on strike since last month.</p>
<p>Government officials reject the protesters' demands, saying the actors and students are being manipulated by the opposition, which is trying to seize power.</p>
<p>However, parliament, at the request of the opposition, will hold an extraordinary session in early April for a vote of confidence in Hudec and interior minister Gustav Krajci, parliament chairman Ivan Gasparovic, said.</p>
<p>The protesters have gained the support of Slovakia's powerful Roman Catholic church, which warned Meciar's administration last Friday to respect citizens' rights.</p>
</text>
<copyright>(c) Reuters Limited 1997</copyright>
<metadata>
<codes class="bip:countries:1.0">
  <code code="SLVAK">
    <editdetail attribution="Reuters BIP Coding Group" action="confirmed" date="1997-03-17"/>
  </code>
</codes>
<codes class="bip:topics:1.0">
  <code code="E41">
    <editdetail attribution="Reuters BIP Coding Group" action="confirmed" date="1997-03-17"/>
  </code>
  <code code="ECAT">
    <editdetail attribution="Reuters BIP Coding Group" action="confirmed" date="1997-03-17"/>
  </code>
  <code code="GCAT">
    <editdetail attribution="Reuters BIP Coding Group" action="confirmed" date="1997-03-17"/>
  </code>
  <code code="GENT">
    <editdetail attribution="Reuters BIP Coding Group" action="confirmed" date="1997-03-17"/>
  </code>
  <code code="GJOB">
    <editdetail attribution="Reuters BIP Coding Group" action="confirmed" date="1997-03-17"/>
  </code>
  <code code="GPOL">
    <editdetail attribution="Reuters BIP Coding Group" action="confirmed" date="1997-03-17"/>
  </code>
</codes>
<dc element="dc.date.created" value="1997-03-17"/>
<dc element="dc.publisher" value="Reuters Holdings Plc"/>
<dc element="dc.date.published" value="1997-03-17"/>
<dc element="dc.source" value="Reuters"/>
<dc element="dc.creator.location" value="BRATISLAVA"/>
<dc element="dc.creator.location.country.name" value="SLOVAKIA"/>
<dc element="dc.source" value="Reuters"/>
</metadata>
</newsitem>
