<?xml version="1.0" encoding="iso-8859-1" ?>
<newsitem itemid="446399" id="root" date="1997-03-17" xml:lang="en">
<title>UK: Eurolire options set daily volume record -LIFFE.</title>
<headline>Eurolire options set daily volume record -LIFFE.</headline>
<dateline>LONDON. 1997-03-17</dateline>
<text>
<p>Trade in LIFFE Eurolire options set a daily record on Monday, with some 26,000 contracts trading against a previous record of around 23,000, a LIFFE official told Reuters.</p>
<p>Precise figures were not immediately available, the official said.</p>
<p>&quot;It's difficult to know the exact reason behind the record volume,&quot; he said.</p>
<p>&quot;But obviously there is a great deal of uncertainty attached to EMU (European Economic and Monetary Union) qualification for Italy and the general economic situation there.&quot;</p>
<p>-- International Bonds Unit +44 171 542 6784</p>
</text>
<copyright>(c) Reuters Limited 1997</copyright>
<metadata>
<codes class="bip:countries:1.0">
  <code code="UK">
    <editdetail attribution="Reuters BIP Coding Group" action="confirmed" date="1997-03-17"/>
  </code>
</codes>
<codes class="bip:topics:1.0">
  <code code="M12">
    <editdetail attribution="Reuters BIP Coding Group" action="confirmed" date="1997-03-17"/>
  </code>
  <code code="M13">
    <editdetail attribution="Reuters BIP Coding Group" action="confirmed" date="1997-03-17"/>
  </code>
  <code code="M132">
    <editdetail attribution="Reuters BIP Coding Group" action="confirmed" date="1997-03-17"/>
  </code>
  <code code="MCAT">
    <editdetail attribution="Reuters BIP Coding Group" action="confirmed" date="1997-03-17"/>
  </code>
</codes>
<dc element="dc.date.created" value="1997-03-17"/>
<dc element="dc.publisher" value="Reuters Holdings Plc"/>
<dc element="dc.date.published" value="1997-03-17"/>
<dc element="dc.source" value="Reuters"/>
<dc element="dc.creator.location" value="LONDON."/>
<dc element="dc.creator.location.country.name" value="UK"/>
<dc element="dc.source" value="Reuters"/>
</metadata>
</newsitem>
