<?xml version="1.0" encoding="iso-8859-1" ?>
<newsitem itemid="446303" id="root" date="1997-03-17" xml:lang="en">
<title>MONACO: TENNIS-LEADING ATP TOUR PRIZE-MONEY WINNERS.</title>
<headline>TENNIS-LEADING ATP TOUR PRIZE-MONEY WINNERS.</headline>
<dateline>MONTE CARLO 1997-03-17</dateline>
<text>
<p>Leading prize-money winners</p>
<p>issued by the ATP Tour on Monday:</p>
<p> 1. Pete Sampras (U.S.)		 $623,778</p>
<p> 2. Michael Chang (U.S.)		 619,899</p>
<p> 3. Goran Ivanisevic (Croatia)	 445,045</p>
<p> 4. Thomas Muster (Austria)	    367,254</p>
<p> 5. Carlos Moya (Spain)		  298,469</p>
<p> 6. Todd Woodbridge (Australia)	279,768</p>
<p> 7. Jonas Bjorkman (Sweden)	    263,451</p>
<p> 8. Marc Rosset (Switzerland)	  237,473</p>
<p> 9. Bohdan Ulihrach (Czech Republic) 234,874</p>
<p> 10. Tim Henman (Britain)		223,212</p>
<p> 11. Thomas Enqvist (Sweden)	   202,660</p>
<p> 12. Jim Courier (U.S.)		  188,970</p>
<p> 13. Mark Woodforde (Australia)	171,178</p>
<p> 14. Sergi Bruguera (Spain)	    164,135</p>
<p> 15. Paul Haarhuis (Netherlands)     150,829</p>
<p> 16. Patrick Rafter (Australia)	149,806</p>
<p> 17. Mark Philppoussis (Australia)   146,930</p>
<p> 18. Javier Sanchez (Spain)	    146,685</p>
<p> 19. Richard Krajicek (Netherlands)  141,255</p>
<p> 20. Marcelo Rios (Chile)		140,663</p>
</text>
<copyright>(c) Reuters Limited 1997</copyright>
<metadata>
<codes class="bip:countries:1.0">
  <code code="MONAC">
    <editdetail attribution="Reuters BIP Coding Group" action="confirmed" date="1997-03-17"/>
  </code>
</codes>
<codes class="bip:topics:1.0">
  <code code="GCAT">
    <editdetail attribution="Reuters BIP Coding Group" action="confirmed" date="1997-03-17"/>
  </code>
  <code code="GSPO">
    <editdetail attribution="Reuters BIP Coding Group" action="confirmed" date="1997-03-17"/>
  </code>
</codes>
<dc element="dc.date.created" value="1997-03-17"/>
<dc element="dc.publisher" value="Reuters Holdings Plc"/>
<dc element="dc.date.published" value="1997-03-17"/>
<dc element="dc.source" value="Reuters"/>
<dc element="dc.creator.location" value="MONTE CARLO"/>
<dc element="dc.creator.location.country.name" value="MONACO"/>
<dc element="dc.source" value="Reuters"/>
</metadata>
</newsitem>
