<?xml version="1.0" encoding="iso-8859-1" ?>
<newsitem itemid="446330" id="root" date="1997-03-17" xml:lang="en">
<title>LATVIA: AIR BALTIC PLANS BREAK EVEN ON '97 FLIGHTS.</title>
<headline>AIR BALTIC PLANS BREAK EVEN ON '97 FLIGHTS.</headline>
<dateline>RIGA 1997-03-17</dateline>
<text>
<p>Latvia's Air Baltic said on Monday that it hoped to break even on operating flights in 1997.  </p>
<p>&quot;In 1997, we plan to break even in our operating flights, while the investment programme continues in 1997 and in the first half of 1998,&quot; Oleg Korshe, Air Baltic's Senior Vice President, told Reuters.</p>
<p>The company has not revealed any profit or loss figures since coming into existence in late 1995, but has said it made a loss in its first year of business.</p>
<p>He added that the company's passenger turnover is expected to grow to 170,000 in 1997 from a 115,000 in 1996.</p>
<p>&quot;The aim of 1996 was to create a western-style air carrier, and this aim was completed,&quot; he said.</p>
<p>&quot;We are not planning much in terms of new flights this year, but we keep in mind Moscow and St. Petersburg,&quot; he said.</p>
<p>&quot;We are going to optimize existing routes in order to get the most out of them,&quot; he added.</p>
<p>Air Baltic, which is nearly a third owned by Scandinavian Airlines , was formed from Latvia's old state airline and the government owns 51 percent.</p>
<p>SAS has 29 percent and Swedfund and the Danish Investment Fund also own stakes.</p>
<p>-- Martinsh Gravitis, Riga Newsroom, +371 721 5240</p>
</text>
<copyright>(c) Reuters Limited 1997</copyright>
<metadata>
<codes class="bip:countries:1.0">
  <code code="LATV">
    <editdetail attribution="Reuters BIP Coding Group" action="confirmed" date="1997-03-17"/>
  </code>
</codes>
<codes class="bip:industries:1.0">
  <code code="I75000">
    <editdetail attribution="Reuters BIP Coding Group" action="confirmed" date="1997-03-17"/>
  </code>
  <code code="I83800">
    <editdetail attribution="Reuters BIP Coding Group" action="confirmed" date="1997-03-17"/>
  </code>
</codes>
<codes class="bip:topics:1.0">
  <code code="C11">
    <editdetail attribution="Reuters BIP Coding Group" action="confirmed" date="1997-03-17"/>
  </code>
  <code code="C15">
    <editdetail attribution="Reuters BIP Coding Group" action="confirmed" date="1997-03-17"/>
  </code>
  <code code="C152">
    <editdetail attribution="Reuters BIP Coding Group" action="confirmed" date="1997-03-17"/>
  </code>
  <code code="CCAT">
    <editdetail attribution="Reuters BIP Coding Group" action="confirmed" date="1997-03-17"/>
  </code>
</codes>
<dc element="dc.date.created" value="1997-03-17"/>
<dc element="dc.publisher" value="Reuters Holdings Plc"/>
<dc element="dc.date.published" value="1997-03-17"/>
<dc element="dc.source" value="Reuters"/>
<dc element="dc.creator.location" value="RIGA"/>
<dc element="dc.creator.location.country.name" value="LATVIA"/>
<dc element="dc.source" value="Reuters"/>
</metadata>
</newsitem>
