<?xml version="1.0" encoding="iso-8859-1" ?>
<newsitem itemid="446361" id="root" date="1997-03-17" xml:lang="en">
<title>ESTONIA: MART SIIMANN SWORN IN AS NEW PM.</title>
<headline>MART SIIMANN SWORN IN AS NEW PM.</headline>
<dateline>TALLINN 1997-03-17</dateline>
<text>
<p>Mart Siimann was sworn in as Estonia's new prime minister on Monday, a parliamentary spokeswoman told Reuters by telephone.</p>
<p>The new government is almost a carbon copy of that of former prime minister Tiit Vahei, with only two ministers changed, in the agriculture and education portfolios.</p>
<p>Siimann is expected to keep the smallest Baltic state firmly on the path of the reforms it launched six years ago, when it quit the former Soviet Union.</p>
<p>Vaehi, a political veteran, quit last month after 22 months in office.</p>
<p>He resigned after he only narrowly won a no-confidence motion in parliament that was brought amid allegations he was involved in shady privatisation deals involving real estate in central Tallinn.</p>
<p>Siimann, a former radio and television station manager, is the leader of the Coalition Party, one of the two largest factions in parliament.</p>
<p>--David Mardiste, Tallinn newsroom +372 630 8400</p>
</text>
<copyright>(c) Reuters Limited 1997</copyright>
<metadata>
<codes class="bip:countries:1.0">
  <code code="ESTNIA">
    <editdetail attribution="Reuters BIP Coding Group" action="confirmed" date="1997-03-17"/>
  </code>
</codes>
<codes class="bip:topics:1.0">
  <code code="GCAT">
    <editdetail attribution="Reuters BIP Coding Group" action="confirmed" date="1997-03-17"/>
  </code>
  <code code="GPOL">
    <editdetail attribution="Reuters BIP Coding Group" action="confirmed" date="1997-03-17"/>
  </code>
</codes>
<dc element="dc.date.created" value="1997-03-17"/>
<dc element="dc.publisher" value="Reuters Holdings Plc"/>
<dc element="dc.date.published" value="1997-03-17"/>
<dc element="dc.source" value="Reuters"/>
<dc element="dc.creator.location" value="TALLINN"/>
<dc element="dc.creator.location.country.name" value="ESTONIA"/>
<dc element="dc.source" value="Reuters"/>
</metadata>
</newsitem>
