<?xml version="1.0" encoding="iso-8859-1" ?>
<newsitem itemid="446366" id="root" date="1997-03-17" xml:lang="en">
<title>LITHUANIA: VILNIAUS BANK PLANS ONE MLN LITAS IN DIVIDENDS.</title>
<headline>VILNIAUS BANK PLANS ONE MLN LITAS IN DIVIDENDS.</headline>
<dateline>VILNIUS 1997-03-17</dateline>
<text>
<p>Lithuania's leading commercial bank, Vilniaus Bank, said on Monday that it would propose paying dividends of over one million litas at its shareholders' meeting on March 27.  </p>
<p>&quot;To meet the reporting needs of institutional investors, we will pay an average of 0.65 litas per share and the total sum we will pay in dividends is over one million litas,&quot; Julius Niedvaras, the chairman of the bank's board, said at a news conference. </p>
<p>The bank earlier reported that its 1996 net profit had soared to 24.4 million litas versus 2.9 million litas the previous year. </p>
<p>&quot;The board decided to retain the major portion of profit for the development of the bank,&quot; Niedvaras said.</p>
<p>&quot;The money will be used to upgrade the computer networks linking the bank's branch offices,&quot; he said. </p>
<p>--Andrius Vilkancas, Vilnius newsroom +370 2 22 35 18</p>
</text>
<copyright>(c) Reuters Limited 1997</copyright>
<metadata>
<codes class="bip:countries:1.0">
  <code code="LITH">
    <editdetail attribution="Reuters BIP Coding Group" action="confirmed" date="1997-03-17"/>
  </code>
</codes>
<codes class="bip:industries:1.0">
  <code code="I81402">
    <editdetail attribution="Reuters BIP Coding Group" action="confirmed" date="1997-03-17"/>
  </code>
</codes>
<codes class="bip:topics:1.0">
  <code code="C15">
    <editdetail attribution="Reuters BIP Coding Group" action="confirmed" date="1997-03-17"/>
  </code>
  <code code="C151">
    <editdetail attribution="Reuters BIP Coding Group" action="confirmed" date="1997-03-17"/>
  </code>
  <code code="CCAT">
    <editdetail attribution="Reuters BIP Coding Group" action="confirmed" date="1997-03-17"/>
  </code>
</codes>
<dc element="dc.date.created" value="1997-03-17"/>
<dc element="dc.publisher" value="Reuters Holdings Plc"/>
<dc element="dc.date.published" value="1997-03-17"/>
<dc element="dc.source" value="Reuters"/>
<dc element="dc.creator.location" value="VILNIUS"/>
<dc element="dc.creator.location.country.name" value="LITHUANIA"/>
<dc element="dc.source" value="Reuters"/>
</metadata>
</newsitem>
