<?xml version="1.0" encoding="iso-8859-1" ?>
<newsitem itemid="446354" id="root" date="1997-03-17" xml:lang="en">
<title>CZECH REPUBLIC: CZECH KOMERCNI MANDATES 5-YR REVOLVING CREDIT.</title>
<headline>CZECH KOMERCNI MANDATES 5-YR REVOLVING CREDIT.</headline>
<dateline>PRAGUE 1997-03-17</dateline>
<text>
<p>The largest Czech commericial bank, Komercni Banka a.s. said on Monday that it had awarded four international banks its mandate to arrange a five-year 250 million mark revolving credit line.</p>
<p>It said in a statement that the bank's include BZW, Dresdner Bank Luxumbourg SA, Sanwa Bank Ltd., and Union Bank of Switzerland.  </p>
<p>It said the credit would be priced at 20 basis points above the London Interbank Offered Rate (LIBOR) in the first three years, and 22.5 basis points above LIBOR in the fourth and fifth years.</p>
<p>&quot;The named group of arrangers, which has underwritten the entire amount, will soon contact a small group of selected banks with an offer to join the syndicate, and then approach others interested,&quot; Komercni said.</p>
<p>It said the mandate was awarded last week.</p>
<p>Komercni carries a long-term indicative rating of Baa2 from Moody's, A-minus from the IBCA, and BBB-minus from Standard &amp; Poor's.</p>
<p>-- Prague Newsroom, 420-2-2423-0003</p>
</text>
<copyright>(c) Reuters Limited 1997</copyright>
<metadata>
<codes class="bip:countries:1.0">
  <code code="CZREP">
    <editdetail attribution="Reuters BIP Coding Group" action="confirmed" date="1997-03-17"/>
  </code>
</codes>
<codes class="bip:industries:1.0">
  <code code="I81402">
    <editdetail attribution="Reuters BIP Coding Group" action="confirmed" date="1997-03-17"/>
  </code>
</codes>
<codes class="bip:topics:1.0">
  <code code="C17">
    <editdetail attribution="Reuters BIP Coding Group" action="confirmed" date="1997-03-17"/>
  </code>
  <code code="C173">
    <editdetail attribution="Reuters BIP Coding Group" action="confirmed" date="1997-03-17"/>
  </code>
  <code code="CCAT">
    <editdetail attribution="Reuters BIP Coding Group" action="confirmed" date="1997-03-17"/>
  </code>
</codes>
<dc element="dc.date.created" value="1997-03-17"/>
<dc element="dc.publisher" value="Reuters Holdings Plc"/>
<dc element="dc.date.published" value="1997-03-17"/>
<dc element="dc.source" value="Reuters"/>
<dc element="dc.creator.location" value="PRAGUE"/>
<dc element="dc.creator.location.country.name" value="CZECH REPUBLIC"/>
<dc element="dc.source" value="Reuters"/>
</metadata>
</newsitem>
