<?xml version="1.0" encoding="iso-8859-1" ?>
<newsitem itemid="446301" id="root" date="1997-03-17" xml:lang="en">
<title>MONACO: ATHLETICS-CAPOBIANCO BANNED UNTIL 2000.</title>
<headline>ATHLETICS-CAPOBIANCO BANNED UNTIL 2000.</headline>
<dateline>MONTE CARLO 1997-03-17</dateline>
<text>
<p>Australian sprinter Dean Capobianco was banned until 2000 on Monday after testing positive for the anabolic steroid stanozolol at a meeting in the Netherlands last May.</p>
<p>The decision was taken by a three-man International Amateur Athletic Federation (IAAF) arbitration panel.</p>
<p>Capobianco, 26, tested positive at a meeting in Hengelo on May 27 last year for stanozolol, the drug used by Ben Johnson when he tested positive after winning the 1988 Seoul Olympics 100 metres final.</p>
<p>He escaped an automatic four-year ban when the Australian governing body cleared him on the grounds that the testing procedures had been seriously flawed.</p>
<p>The IAAF opposed the Australian decision but allowed Capobianco to compete at last year's Atlanta Olympics after their legal advisors said the federation could be sued successfully in a civil court.</p>
<p>Capobianco was eliminated in the second round of the 200 metres in Atlanta.</p>
<p>In a statement on Monday, the IAAF said Capobianco would be banned until May 27, 2000, four years after the Hengelo meeting and only months before the Sydney Olympics.</p>
<p>&quot;As a consequence of this judgment, all results obtained by Capobianco after May 27, 1996, are declared invalid,&quot; the statement said.</p>
</text>
<copyright>(c) Reuters Limited 1997</copyright>
<metadata>
<codes class="bip:countries:1.0">
  <code code="AUSTR">
    <editdetail attribution="Reuters BIP Coding Group" action="confirmed" date="1997-03-17"/>
  </code>
  <code code="MONAC">
    <editdetail attribution="Reuters BIP Coding Group" action="confirmed" date="1997-03-17"/>
  </code>
</codes>
<codes class="bip:topics:1.0">
  <code code="GCAT">
    <editdetail attribution="Reuters BIP Coding Group" action="confirmed" date="1997-03-17"/>
  </code>
  <code code="GSPO">
    <editdetail attribution="Reuters BIP Coding Group" action="confirmed" date="1997-03-17"/>
  </code>
</codes>
<dc element="dc.date.created" value="1997-03-17"/>
<dc element="dc.publisher" value="Reuters Holdings Plc"/>
<dc element="dc.date.published" value="1997-03-17"/>
<dc element="dc.source" value="Reuters"/>
<dc element="dc.creator.location" value="MONTE CARLO"/>
<dc element="dc.creator.location.country.name" value="MONACO"/>
<dc element="dc.source" value="Reuters"/>
</metadata>
</newsitem>
