<?xml version="1.0" encoding="iso-8859-1" ?>
<newsitem itemid="446305" id="root" date="1997-03-17" xml:lang="en">
<title>PAKISTAN: HOCKEY-BECHMANN DOUBLE STRIKE SINKS ENGLAND.</title>
<headline>HOCKEY-BECHMANN DOUBLE STRIKE SINKS ENGLAND.</headline>
<dateline>KARACHI 1997-03-17</dateline>
<text>
<p>Two goals by OLympic forward Christoph Bechmann fired Germany to a 2-0 win over England in their opening match at the Golden Jubilee of Pakistan hockey tournament on Monday.</p>
<p>The Germans struck first after an England corner, Bjorn Michel forcing his way deep into the circle for Bechmann to help the ball over the line in the 14th minute.</p>
<p>England improved after the interval but failed to profit from a few chances and seven penalty corners.</p>
<p>Germany had only four corners and scored their second goal from one of them, the ball being worked to Bechmann.</p>
<p>Paul Lissek, the German coach, said he was pleased with the performance of his team of old and new players and grateful to England for &quot;squandering their chances&quot;.</p>
<p>Jon Royce, the England coach, said: &quot;We were guilty of club shooting rather than international shooting&quot;.</p>
</text>
<copyright>(c) Reuters Limited 1997</copyright>
<metadata>
<codes class="bip:countries:1.0">
  <code code="GFR">
    <editdetail attribution="Reuters BIP Coding Group" action="confirmed" date="1997-03-17"/>
  </code>
  <code code="PAKIS">
    <editdetail attribution="Reuters BIP Coding Group" action="confirmed" date="1997-03-17"/>
  </code>
  <code code="UK">
    <editdetail attribution="Reuters BIP Coding Group" action="confirmed" date="1997-03-17"/>
  </code>
</codes>
<codes class="bip:topics:1.0">
  <code code="GCAT">
    <editdetail attribution="Reuters BIP Coding Group" action="confirmed" date="1997-03-17"/>
  </code>
  <code code="GSPO">
    <editdetail attribution="Reuters BIP Coding Group" action="confirmed" date="1997-03-17"/>
  </code>
</codes>
<dc element="dc.date.created" value="1997-03-17"/>
<dc element="dc.publisher" value="Reuters Holdings Plc"/>
<dc element="dc.date.published" value="1997-03-17"/>
<dc element="dc.source" value="Reuters"/>
<dc element="dc.creator.location" value="KARACHI"/>
<dc element="dc.creator.location.country.name" value="PAKISTAN"/>
<dc element="dc.source" value="Reuters"/>
</metadata>
</newsitem>
