<?xml version="1.0" encoding="iso-8859-1" ?>
<newsitem itemid="446368" id="root" date="1997-03-17" xml:lang="en">
<title>RUSSIA: YELTSIN PICKS TOP REGIONAL REFORMER FOR CABINET.</title>
<headline>YELTSIN PICKS TOP REGIONAL REFORMER FOR CABINET.</headline>
<byline>Oleg Shchedrov</byline>
<dateline>MOSCOW 1997-03-17</dateline>
<text>
<p>President Boris Yeltsin offered a top cabinet job on Monday to an influential and liberal regional leader, Boris Nemtsov, sending another signal of his commitment to boosting Russia's stalled economic reforms.</p>
<p>Yeltsin offered Nemtsov, the 37-year-old dynamic governor of the Nizhny Novgorod region, the chance to be one of two first deputy prime ministers with close aide Anatoly Chubais as part of a cabinet reshuffle which is being slowly unveiled.</p>
<p>The Kremlin later said Nemtsov had accepted.</p>
<p>&quot;There is a very interesting variant,&quot; Yeltsin, confident, smiling and energetic, was shown on television as telling a slightly concerned-looking Nemtsov.</p>
<p>&quot;Two young men -- you and Anatoly Chubais -- create a fresh young team in the government -- from scratch. No one (else) has been appointed yet. All candidates to the government would be agreed with the two first deputy premiers.&quot;</p>
<p>Interfax said Nemtsov, seen as a potential presidential candidate in the year 2000, had accepted the offer and would handle the government's social programmes, natural monopolies and deal with powerful regional authorities. </p>
<p>Yeltsin was due to meet Chubais and Chernomyrdin later on Monday to discuss the government reshuffle.</p>
<p>Yeltsin, worried by the growing tension caused by chronic delaysin wages and the government's inability to handle the crisis, has told Chernomyrdin to review the structure of the cabinet and dramatically improve its performance.</p>
<p>He has sent Chubais, his 41-year-old chief of staff with a reputation as a tough organiser, to reinforce the government and had promised that he would be the only first deputy premier. But the rest of the cabinet line-up has been slow to emerge.</p>
<p>Political analysts have suggested that the stalemate has been partly caused by horse-trading between powerful political rivals, Chubais and Chernomyrdin, over who is in the government and which of them plays first fiddle.</p>
<p>Initial leaks from the Kremlin signalled that the number of deputy prime ministers in the new cabinet would be only four but Yeltsin later said there would be seven.</p>
<p>&quot;There is the premier and the first deputy premier, who is in charge of the economy and who controls the country's finance,&quot; Interfax quoted governor of Samara region, Konstantin Titov, as saying.</p>
<p>&quot;In this situation, the opinion of one of them is not always similar to the opinion of another,&quot; he added. &quot;It is problematic if (they) work in such conditions.&quot;</p>
<p>It was not clear how the appointment of Nemtsov, who could be a rival to Chernomyrdin in the next presidential election in the year 2000, will change the balance of power in the Kremlin.</p>
<p>But Yeltsin is expected to announce his decisions on the government before he heads to Helsinki for a summit with President Bill Clinton on Thursday and Friday.</p>
<p>U.S. and Russian officials have been trying to hammer out a deal that Yeltsin and Clinton can announce to ease tensions over NATO's expansion plans.</p>
<p>Yeltsin has laid out stiff terms for any softening of Moscow's objections to NATO's plans, saying he would insist on a legally-binding treaty barring Western forces from being stationed in eastern Europe.</p>
<p>Russian Foreign Minister Yevgeny Primakov held talks in Washington over the weekend to try to forge a breakthrough before the summit, but U.S. officials remain publically opposed to a legally binding treaty and other Russian demands.</p>
<p>The start of the two-day summit has been postponed for a day, until Thursday, to allow Clinton to recover from knee surgery after a fall last week.</p>
</text>
<copyright>(c) Reuters Limited 1997</copyright>
<metadata>
<codes class="bip:countries:1.0">
  <code code="RUSS">
    <editdetail attribution="Reuters BIP Coding Group" action="confirmed" date="1997-03-17"/>
  </code>
</codes>
<codes class="bip:topics:1.0">
  <code code="E12">
    <editdetail attribution="Reuters BIP Coding Group" action="confirmed" date="1997-03-17"/>
  </code>
  <code code="ECAT">
    <editdetail attribution="Reuters BIP Coding Group" action="confirmed" date="1997-03-17"/>
  </code>
  <code code="GCAT">
    <editdetail attribution="Reuters BIP Coding Group" action="confirmed" date="1997-03-17"/>
  </code>
  <code code="GPOL">
    <editdetail attribution="Reuters BIP Coding Group" action="confirmed" date="1997-03-17"/>
  </code>
</codes>
<dc element="dc.date.created" value="1997-03-17"/>
<dc element="dc.publisher" value="Reuters Holdings Plc"/>
<dc element="dc.date.published" value="1997-03-17"/>
<dc element="dc.source" value="Reuters"/>
<dc element="dc.creator.location" value="MOSCOW"/>
<dc element="dc.creator.location.country.name" value="RUSSIA"/>
<dc element="dc.source" value="Reuters"/>
</metadata>
</newsitem>
