<?xml version="1.0" encoding="iso-8859-1" ?>
<newsitem itemid="446392" id="root" date="1997-03-17" xml:lang="en">
<title>GREECE: GREEK OTE SHORTLISTS 7 FOR DCS1800 PROCUREMENT.</title>
<headline>GREEK OTE SHORTLISTS 7 FOR DCS1800 PROCUREMENT.</headline>
<dateline>ATHENS 1997-03-17</dateline>
<text>
<p>Greece's state-run telecoms company OTE picked seven out of 15 candidate firms to continue in the second round for the procurement of material related to the DCS 1800 system, it said in a statement.</p>
<p>The seven firms are Alcatel, Intrakom -Ericsson, Lucent Telecommunications-Bell Laboratories Innovations, Motorola Ltd, Northern Telecom, Siemens A.G. and Nokia Telecommunications, it said. --Dimitris Kontogiannis, Athens Newsroom +301 3311812-4</p>
</text>
<copyright>(c) Reuters Limited 1997</copyright>
<metadata>
<codes class="bip:countries:1.0">
  <code code="GREECE">
    <editdetail attribution="Reuters BIP Coding Group" action="confirmed" date="1997-03-17"/>
  </code>
</codes>
<codes class="bip:industries:1.0">
  <code code="I34400">
    <editdetail attribution="Reuters BIP Coding Group" action="confirmed" date="1997-03-17"/>
  </code>
  <code code="I34410">
    <editdetail attribution="Reuters BIP Coding Group" action="confirmed" date="1997-03-17"/>
  </code>
  <code code="I34531">
    <editdetail attribution="Reuters BIP Coding Group" action="confirmed" date="1997-03-17"/>
  </code>
  <code code="I79020">
    <editdetail attribution="Reuters BIP Coding Group" action="confirmed" date="1997-03-17"/>
  </code>
</codes>
<codes class="bip:topics:1.0">
  <code code="C33">
    <editdetail attribution="Reuters BIP Coding Group" action="confirmed" date="1997-03-17"/>
  </code>
  <code code="CCAT">
    <editdetail attribution="Reuters BIP Coding Group" action="confirmed" date="1997-03-17"/>
  </code>
</codes>
<dc element="dc.date.created" value="1997-03-17"/>
<dc element="dc.publisher" value="Reuters Holdings Plc"/>
<dc element="dc.date.published" value="1997-03-17"/>
<dc element="dc.source" value="Reuters"/>
<dc element="dc.creator.location" value="ATHENS"/>
<dc element="dc.creator.location.country.name" value="GREECE"/>
<dc element="dc.source" value="Reuters"/>
</metadata>
</newsitem>
