<?xml version="1.0" encoding="iso-8859-1" ?>
<newsitem itemid="446391" id="root" date="1997-03-17" xml:lang="en">
<title>GREECE: ATHENS INAUGURATES ELYTIS STATUE IN KOLONAKI.</title>
<headline>ATHENS INAUGURATES ELYTIS STATUE IN KOLONAKI.</headline>
<dateline>ATHENS 1997-03-17</dateline>
<text>
<p>One year after the death of Nobel laureate poet Odysseas Elytis, Athens inaugurated a memorial statue by sculptor Yannis Pappas at Dexameni place in Kolonaki, the mayor's office said on Monday.</p>
<p>&quot;Elytis was the living conscience of Hellenism. As he used to say 'poetry cannot change the world because the world changes through action',&quot; mayor Dimitris Avramopoulos said during the ceremony.</p>
<p>But poetry may change people's conscience and through their actions they may change the world, he said.</p>
<p>&quot;It is towards this Greece, with more light, that people look to when visiting the poetry of Elytis.&quot;</p>
<p>--George Georgiopoulos, Athens Newsroom +301 3311812-4</p>
</text>
<copyright>(c) Reuters Limited 1997</copyright>
<metadata>
<codes class="bip:countries:1.0">
  <code code="GREECE">
    <editdetail attribution="Reuters BIP Coding Group" action="confirmed" date="1997-03-17"/>
  </code>
</codes>
<codes class="bip:topics:1.0">
  <code code="GCAT">
    <editdetail attribution="Reuters BIP Coding Group" action="confirmed" date="1997-03-17"/>
  </code>
  <code code="GENT">
    <editdetail attribution="Reuters BIP Coding Group" action="confirmed" date="1997-03-17"/>
  </code>
</codes>
<dc element="dc.date.created" value="1997-03-17"/>
<dc element="dc.publisher" value="Reuters Holdings Plc"/>
<dc element="dc.date.published" value="1997-03-17"/>
<dc element="dc.source" value="Reuters"/>
<dc element="dc.creator.location" value="ATHENS"/>
<dc element="dc.creator.location.country.name" value="GREECE"/>
<dc element="dc.source" value="Reuters"/>
</metadata>
</newsitem>
