<?xml version="1.0" encoding="iso-8859-1" ?>
<newsitem itemid="446434" id="root" date="1997-03-17" xml:lang="en">
<title>UK: LME lead and zinc end firmer, others lose steam.</title>
<headline>LME lead and zinc end firmer, others lose steam.</headline>
<dateline>LONDON 1997-03-17</dateline>
<text>
<p>LME metals deflated in afternoon activity as the day's market leaders zinc and lead drifted off fresh peaks while others settled back into well-worn ranges.</p>
<p>Zinc finished the afternoon kerb $6 higher at $1,296 after earlier steaming to a fresh 4-1/2 year peak at $1,307.</p>
<p>A short-term correction may be on the cards since momentum indicators were showing an overbought market, with the 14-day RSI rising to around 77, analysts said.</p>
<p>&quot;If it does dip, though, it should be very well bought by people who need to hedge and cover,&quot; said analyst Helen Williamson of broker Brandeis.</p>
<p>In the medium term, rising prices should continue, analyst Elli Gifford of Investment Research of Cambridge said. &quot;The steady uptrend is enjoying an accelerated phase...there are no signs of the uptrend being threatened yet,&quot; she said.</p>
<p>The medium term target was around $1,400, she added.</p>
<p>Lead also floated off a peak of $710 touched in the morning, ending the day at $704, up $14.</p>
<p>The market scored the highest levels in nearly two months largely on fund short-covering and Far Eastern buying linked to option positions, but the lacklustre physical market has not improved, traders said.</p>
<p>Prices may try higher in the short-term towards resistance at $710 and $725, but would unlikely be able to sustain the higher levels, Williamson said.</p>
<p>Support was pegged around $685/7, based on Thursday's and Friday's lows as well as the 10-day moving average, and then $674, chartists said.</p>
<p>Copper made a stab higher early in the morning to $2,379 but lost steam and probed negative territory in the afternoon, unable to break out of its recent range.</p>
<p>The market finished $11 weaker at $2,345.</p>
<p>The cash/threes backwardation initially flared, but ended a touch narrower at $43/$48.</p>
<p>Aluminium kept to a narrow range, consolidating in its recent $1,650-$1,690 price band. It closed the day unchanged at $1,668 per tonne.</p>
<p>Nickel failed to sustain higher levels achieved in the morning when it touched $8,l75, slumping to end the kerb $75 lower at $8,040.</p>
<p>Tin finished $5 weaker at $6,055 and alloy lost $5 to $1,545.</p>
<p>--Eric Onstad, London Newsroom +44 171 542-8065</p>
</text>
<copyright>(c) Reuters Limited 1997</copyright>
<metadata>
<codes class="bip:countries:1.0">
  <code code="UK">
    <editdetail attribution="Reuters BIP Coding Group" action="confirmed" date="1997-03-17"/>
  </code>
</codes>
<codes class="bip:topics:1.0">
  <code code="M14">
    <editdetail attribution="Reuters BIP Coding Group" action="confirmed" date="1997-03-17"/>
  </code>
  <code code="M142">
    <editdetail attribution="Reuters BIP Coding Group" action="confirmed" date="1997-03-17"/>
  </code>
  <code code="MCAT">
    <editdetail attribution="Reuters BIP Coding Group" action="confirmed" date="1997-03-17"/>
  </code>
</codes>
<dc element="dc.date.created" value="1997-03-17"/>
<dc element="dc.publisher" value="Reuters Holdings Plc"/>
<dc element="dc.date.published" value="1997-03-17"/>
<dc element="dc.source" value="Reuters"/>
<dc element="dc.creator.location" value="LONDON"/>
<dc element="dc.creator.location.country.name" value="UK"/>
<dc element="dc.source" value="Reuters"/>
</metadata>
</newsitem>
