<?xml version="1.0" encoding="iso-8859-1" ?>
<newsitem itemid="446401" id="root" date="1997-03-17" xml:lang="en">
<title>UK: Thatcher says will fight for Conservative victory.</title>
<headline>Thatcher says will fight for Conservative victory.</headline>
<byline>Paul Mylrea</byline>
<dateline>LONDON 1997-03-17</dateline>
<text>
<p>Former prime minister Margaret Thatcher on Monday emphatically endorsed her successor, John Major, and dismissed media reports she was impressed by opposition leader Tony Blair.</p>
<p>Pledging to fight all out for a Conservative victory in Britain's May 1 election, she said Labour would raise taxes in government.</p>
<p>&quot;Stay with us and with John Major until we cross the finishing line,&quot; Thatcher, ousted by her party in 1990, told reporters outside her London office.</p>
<p>Thatcher's relations with Major have often been stormy since he replaced her in 10, Downing Street.</p>
<p>She has sniped at his handling of Britain's links with Europe, the issue that finally brought her down, and damned him with faint praise in her autobiography, saying he lacked the courage to seize big ideas and just &quot;drifted with the tide&quot;.</p>
<p>Last week Thatcher, still revered by right-wing Conservatives, was said by the left-wing Tribune newspaper to have told the editor of The Times at a private gathering that if Blair won power, &quot;he won't let Britain down&quot;.</p>
<p>Thatcher's office said it did not know where the report had come, although it stopped short of an outright denial.</p>
<p>But after Major finally announced the election date on Monday, Thatcher swung behind the party which has held office since she led it to victory in 1979.</p>
<p>&quot;The phrase New Labour is cunningly designed to conceal a lot of old socialism,&quot; she said.</p>
<p>&quot;I have heard people say time for a change'. That's absurd. If you have a good builder, dare I say it, a good grocer, or a good government, you don't change, you stick with them.&quot;</p>
<p>Thatcher, the daughter of a grocer, also attacked Labour's claim that it would stay within the government's current spending targets, saying a Labour government always spent more money than a Conservative one.</p>
<p>Her statement included no reference to the reports of her conversation with the editor of the Times.</p>
<p>But in reply to reporters' questions, Thatcher said her endorsement of Major left no room for misunderstanding. &quot;I do not expect to see Prime Minister Blair,&quot; she said.</p>
<p>&quot;I'm fighting for Prime Minister Major and I'm fighting on with every effort I can,&quot; said Thatcher. She said she had already received more than 50 requests to speak at campaign meetings and more invitations were flooding in.</p>
<p>Despite Thatcher's endorsement, Major faces a herculean task in the election. Polls put Labour 25 points or so ahead, a margin no British government has overcome in the time available.</p>
</text>
<copyright>(c) Reuters Limited 1997</copyright>
<metadata>
<codes class="bip:countries:1.0">
  <code code="UK">
    <editdetail attribution="Reuters BIP Coding Group" action="confirmed" date="1997-03-17"/>
  </code>
</codes>
<codes class="bip:topics:1.0">
  <code code="GCAT">
    <editdetail attribution="Reuters BIP Coding Group" action="confirmed" date="1997-03-17"/>
  </code>
  <code code="GPOL">
    <editdetail attribution="Reuters BIP Coding Group" action="confirmed" date="1997-03-17"/>
  </code>
  <code code="GVOTE">
    <editdetail attribution="Reuters BIP Coding Group" action="confirmed" date="1997-03-17"/>
  </code>
</codes>
<dc element="dc.date.created" value="1997-03-17"/>
<dc element="dc.publisher" value="Reuters Holdings Plc"/>
<dc element="dc.date.published" value="1997-03-17"/>
<dc element="dc.source" value="Reuters"/>
<dc element="dc.creator.location" value="LONDON"/>
<dc element="dc.creator.location.country.name" value="UK"/>
<dc element="dc.source" value="Reuters"/>
</metadata>
</newsitem>
