<?xml version="1.0" encoding="iso-8859-1" ?>
<newsitem itemid="446435" id="root" date="1997-03-17" xml:lang="en">
<title>UK: LIFFE white sugar wanders in range, follows NY ton.</title>
<headline>LIFFE white sugar wanders in range, follows NY ton.</headline>
<dateline>LONDON 1997-03-17</dateline>
<text>
<p>Trading ranges on LIFFE  nearby white sugar futures widened only slightly in light Monday afternoon activity as the raws market held in a range and failed to boost sentiment in London.</p>
<p>Traders said despite an initial flurry of selling in New York, the spot May raws contract managed to hold above nearby support and so London's equivalent whites contract was content to meander in a tight $2.00 range.</p>
<p>&quot;There's no volume in either market...it's the same old story,&quot; said one, adding that little action was likely in the London market while May raws continued to move in a range of around 10 points.</p>
<p>Some light activity was reported on the nearby May/May arbitrage but interest was still generally thin.</p>
<p>Market sources have said London will either need a dose of fresh fundamental news to break out of its recent lethargy or New York's May contract to move away from its stifling ranges.</p>
<p>At 1710 GMT May was down 60 cents at $306.80, about mid-range for the day. August was 80 cents lower at $305.30 and the two front months accounted for the bulk of the light overall volume of 526 lots.</p>
<p>Volume was higher on the Paris market at 786 lots, with 706 traded in spot May. May and August were both 50 cents lower, at $306.30 and $305.30 respectively.</p>
<p>-- Jeremy Smith, London Newsroom +44 171 542 8064</p>
</text>
<copyright>(c) Reuters Limited 1997</copyright>
<metadata>
<codes class="bip:countries:1.0">
  <code code="UK">
    <editdetail attribution="Reuters BIP Coding Group" action="confirmed" date="1997-03-17"/>
  </code>
</codes>
<codes class="bip:topics:1.0">
  <code code="M14">
    <editdetail attribution="Reuters BIP Coding Group" action="confirmed" date="1997-03-17"/>
  </code>
  <code code="M141">
    <editdetail attribution="Reuters BIP Coding Group" action="confirmed" date="1997-03-17"/>
  </code>
  <code code="MCAT">
    <editdetail attribution="Reuters BIP Coding Group" action="confirmed" date="1997-03-17"/>
  </code>
</codes>
<dc element="dc.date.created" value="1997-03-17"/>
<dc element="dc.publisher" value="Reuters Holdings Plc"/>
<dc element="dc.date.published" value="1997-03-17"/>
<dc element="dc.source" value="Reuters"/>
<dc element="dc.creator.location" value="LONDON"/>
<dc element="dc.creator.location.country.name" value="UK"/>
<dc element="dc.source" value="Reuters"/>
</metadata>
</newsitem>
