<?xml version="1.0" encoding="iso-8859-1" ?>
<newsitem itemid="446450" id="root" date="1997-03-17" xml:lang="en">
<title>UK: Closing stock market indices.</title>
<headline>Closing stock market indices.</headline>
<dateline>LONDON 1997-03-17</dateline>
<text>
<p>Here is how major stock markets outside the United States ended on Monday.</p>
<p>LONDON - Shares greeted the long-awaited announcement of the country's election date with little excitement, looking instead to Wall Street for direction and closing lower as the Dow tumbled. The FTSE 100 index ended near the day's lows at 4,373.3, down 51.0.</p>
<p>FRANKFURT - Shares closed slightly lower in bourse trade as the softer dollar meant they were unable to follow the post-bourse rally that occurred on Friday after Wall Street moved to higher levels. The DAX-30 index of leading German shares closed 8.30 points down at 3,350.99 in early dealings. The IBIS DAX electronic trading system, on which Friday's rally had materialised, meanwhile lost 67.18 points to 3,337.11.</p>
<p>PARIS - Stocks finished sharply lower, mirroring falls in the dollar and bond prices due to worries that U.S. interest</p>
</text>
<copyright>(c) Reuters Limited 1997</copyright>
<metadata>
<codes class="bip:countries:1.0">
  <code code="UK">
    <editdetail attribution="Reuters BIP Coding Group" action="confirmed" date="1997-03-17"/>
  </code>
</codes>
<codes class="bip:topics:1.0">
  <code code="M11">
    <editdetail attribution="Reuters BIP Coding Group" action="confirmed" date="1997-03-17"/>
  </code>
  <code code="MCAT">
    <editdetail attribution="Reuters BIP Coding Group" action="confirmed" date="1997-03-17"/>
  </code>
</codes>
<dc element="dc.date.created" value="1997-03-17"/>
<dc element="dc.publisher" value="Reuters Holdings Plc"/>
<dc element="dc.date.published" value="1997-03-17"/>
<dc element="dc.source" value="Reuters"/>
<dc element="dc.creator.location" value="LONDON"/>
<dc element="dc.creator.location.country.name" value="UK"/>
<dc element="dc.source" value="Reuters"/>
</metadata>
</newsitem>
