<?xml version="1.0" encoding="iso-8859-1" ?>
<newsitem itemid="446423" id="root" date="1997-03-17" xml:lang="en">
<title>UK: LIFFE white sugar ends light session touch lower.</title>
<headline>LIFFE white sugar ends light session touch lower.</headline>
<dateline>LONDON 1997-03-17</dateline>
<text>
<p>White sugar futures closed slightly lower on Monday after an uninspiring session where volume was light and trading ranges tight.</p>
<p>London's spot May contract spurned later bullish sentiment in New York and was content to meander in a tight $2.00 range.</p>
<p>Some light activity was reported on the nearby May/May arbitrage but interest was still generally thin.</p>
<p>The May and August contrtacts both closed 40 cents lower, at $307.00 and $305.70 respectively. Volume amounted to 811 lots, boosted by a last-minute flurry of trading.</p>
<p>Market sources have said London will either need a dose of fresh fundamental news to break out of its recent lethargy or New York's May contract to move away from its stifling ranges.</p>
<p>-- London Newsroom +44 171 542 8064</p>
</text>
<copyright>(c) Reuters Limited 1997</copyright>
<metadata>
<codes class="bip:countries:1.0">
  <code code="UK">
    <editdetail attribution="Reuters BIP Coding Group" action="confirmed" date="1997-03-17"/>
  </code>
</codes>
<codes class="bip:topics:1.0">
  <code code="M14">
    <editdetail attribution="Reuters BIP Coding Group" action="confirmed" date="1997-03-17"/>
  </code>
  <code code="M141">
    <editdetail attribution="Reuters BIP Coding Group" action="confirmed" date="1997-03-17"/>
  </code>
  <code code="MCAT">
    <editdetail attribution="Reuters BIP Coding Group" action="confirmed" date="1997-03-17"/>
  </code>
</codes>
<dc element="dc.date.created" value="1997-03-17"/>
<dc element="dc.publisher" value="Reuters Holdings Plc"/>
<dc element="dc.date.published" value="1997-03-17"/>
<dc element="dc.source" value="Reuters"/>
<dc element="dc.creator.location" value="LONDON"/>
<dc element="dc.creator.location.country.name" value="UK"/>
<dc element="dc.source" value="Reuters"/>
</metadata>
</newsitem>
