<?xml version="1.0" encoding="iso-8859-1" ?>
<newsitem itemid="446426" id="root" date="1997-03-17" xml:lang="en">
<title>UK: NWE gasoline ends higher but off peaks as crude di.</title>
<headline>NWE gasoline ends higher but off peaks as crude di.</headline>
<dateline>LONDON 1997-03-17</dateline>
<text>
<p>NWE gasoline ended slightly higher on Monday, but off levels seen in early trade as crude futures dipped in the afternoon and one player sold Eurograde barge material at aggressively low prices.</p>
<p>Eurograde barges traded at $210 and $212 fob ARA in morning trade and at $207 and $210 fob ARA in afternoon trade.</p>
<p>Some players confessed to being rather puzzled by the strategy behind the player who sold at $207.</p>
<p>&quot;We offered them a bid at $210 and they said they would wait for a bid above $212, the next thing we saw is that they sold at $207,&quot; said one player.</p>
<p>Traders were also slightly sceptical about the motives of the player buying at $212 in early trade. Many speculated the player was seeking to protect swaps positions.</p>
<p>&quot;They probably sold it to set pricing levels. I wouldn't be surprised if we saw a reversal of the deal tomorrow,&quot; said one trader.</p>
<p>Regular barges were assessed at $202/$203 fob ARA.</p>
<p>Swaps were done as high as $212 on Monday, but by the close of the day they were assessed around the $210/$211 fob ARA level for April.</p>
<p>On the cargo front, traders said business was quiet.</p>
<p>The trans-Atlantic arbitrage window was just about open but traders said many players wanted it to widen a little more before organising West-bound cargoes.</p>
<p>&quot;There was a lot of talk on arb opportunities this morning, but once crude headed down most people lost confidence. They see negative numbers and they get nervous,&quot; said one trader. -- London Newsroom, +44 171 542 7714.</p>
</text>
<copyright>(c) Reuters Limited 1997</copyright>
<metadata>
<codes class="bip:countries:1.0">
  <code code="UK">
    <editdetail attribution="Reuters BIP Coding Group" action="confirmed" date="1997-03-17"/>
  </code>
</codes>
<codes class="bip:topics:1.0">
  <code code="M14">
    <editdetail attribution="Reuters BIP Coding Group" action="confirmed" date="1997-03-17"/>
  </code>
  <code code="M143">
    <editdetail attribution="Reuters BIP Coding Group" action="confirmed" date="1997-03-17"/>
  </code>
  <code code="MCAT">
    <editdetail attribution="Reuters BIP Coding Group" action="confirmed" date="1997-03-17"/>
  </code>
</codes>
<dc element="dc.date.created" value="1997-03-17"/>
<dc element="dc.publisher" value="Reuters Holdings Plc"/>
<dc element="dc.date.published" value="1997-03-17"/>
<dc element="dc.source" value="Reuters"/>
<dc element="dc.creator.location" value="LONDON"/>
<dc element="dc.creator.location.country.name" value="UK"/>
<dc element="dc.source" value="Reuters"/>
</metadata>
</newsitem>
