<?xml version="1.0" encoding="iso-8859-1" ?>
<newsitem itemid="446418" id="root" date="1997-03-17" xml:lang="en">
<title>UK: NWE oil products end firm on active buying, paper.</title>
<headline>NWE oil products end firm on active buying, paper.</headline>
<dateline>LONDON 1997-03-17</dateline>
<text>
<p>NWE oil products ended firmer on Monday with buyers more active and paper giving physical prices a step up.</p>
<p>Heating oil barges were a touch firmer although futures' gains were shaved by easier premiums. Cargo premiums held or were a touch firmer on concern of Russian migration.</p>
<p>Gasoline moved higher on healthy buying interest with two persistent buyers seen bidding Eurograde barges up while one player sold it aggressively lower.</p>
<p>High sulphur fuel oil barges jumped $2 as one buyer pushed up prices to profit from a quotes-related cargo deal. High sulphur cargoes gained $1 on higher swaps. Low sulphur was well supplied and stable with little buying interest.</p>
<p>-- London Newsroom +44 171 542 8185</p>
</text>
<copyright>(c) Reuters Limited 1997</copyright>
<metadata>
<codes class="bip:countries:1.0">
  <code code="UK">
    <editdetail attribution="Reuters BIP Coding Group" action="confirmed" date="1997-03-17"/>
  </code>
</codes>
<codes class="bip:topics:1.0">
  <code code="M14">
    <editdetail attribution="Reuters BIP Coding Group" action="confirmed" date="1997-03-17"/>
  </code>
  <code code="M143">
    <editdetail attribution="Reuters BIP Coding Group" action="confirmed" date="1997-03-17"/>
  </code>
  <code code="MCAT">
    <editdetail attribution="Reuters BIP Coding Group" action="confirmed" date="1997-03-17"/>
  </code>
</codes>
<dc element="dc.date.created" value="1997-03-17"/>
<dc element="dc.publisher" value="Reuters Holdings Plc"/>
<dc element="dc.date.published" value="1997-03-17"/>
<dc element="dc.source" value="Reuters"/>
<dc element="dc.creator.location" value="LONDON"/>
<dc element="dc.creator.location.country.name" value="UK"/>
<dc element="dc.source" value="Reuters"/>
</metadata>
</newsitem>
