<?xml version="1.0" encoding="iso-8859-1" ?>
<newsitem itemid="446430" id="root" date="1997-03-17" xml:lang="en">
<title>UK: UK Lib-Dems put education top of election agenda.</title>
<headline>UK Lib-Dems put education top of election agenda.</headline>
<dateline>LONDON 1997-03-17</dateline>
<text>
<p>The centre-left Liberal Democrats on Monday put education at the top of their election agenda and challenged Britain's two main parties to match their pledge to raise taxes to pay for better schools.</p>
<p>Tony Blair, leader of the main opposition Labour party, has also vowed to make education his top priority if, as polls suggest, he wins the election on May 1.</p>
<p>But Liberal Democrat leader Paddy Ashdown blasted Blair for his party's timidity in refusing to consider spending more public money to raise school standards.</p>
<p>&quot;All around the country, parents and teachers are up in arms about the cuts in their schools. They will rightly blame the government.&quot;</p>
<p>&quot;But they should recognise that the Labour party will do nothing to help, because Labour have accepted the Conservative budget,&quot; Ashdown said in remarks prepared for delivery to the Jewish Board of British Deputies later on Monday.</p>
<p>He said the Liberal Democrats, which have 26 members of parliament in the 651-seat House of Commons and about 13 percent support in national opinion polls, would do something concrete to make Britain &quot;the world's number one learning society in the next century&quot;.</p>
<p>Ashdown said the Lib-Dems would make sure that no primary school pupils were in classes of more than 30 and would guarantee nursery education to all three- and four-year-olds.</p>
<p>He also promised extra cash for books and equipment to all schools. The Lib Dems have said they would raise income tax by one percentage point to meet the bill.</p>
<p>&quot;Today I challenge the other parties to match these commitments, to show that they, too, are ready to make the next five years the Parliament of Education',&quot; Ashdown said.</p>
</text>
<copyright>(c) Reuters Limited 1997</copyright>
<metadata>
<codes class="bip:countries:1.0">
  <code code="UK">
    <editdetail attribution="Reuters BIP Coding Group" action="confirmed" date="1997-03-17"/>
  </code>
</codes>
<codes class="bip:topics:1.0">
  <code code="GCAT">
    <editdetail attribution="Reuters BIP Coding Group" action="confirmed" date="1997-03-17"/>
  </code>
  <code code="GPOL">
    <editdetail attribution="Reuters BIP Coding Group" action="confirmed" date="1997-03-17"/>
  </code>
  <code code="GVOTE">
    <editdetail attribution="Reuters BIP Coding Group" action="confirmed" date="1997-03-17"/>
  </code>
</codes>
<dc element="dc.date.created" value="1997-03-17"/>
<dc element="dc.publisher" value="Reuters Holdings Plc"/>
<dc element="dc.date.published" value="1997-03-17"/>
<dc element="dc.source" value="Reuters"/>
<dc element="dc.creator.location" value="LONDON"/>
<dc element="dc.creator.location.country.name" value="UK"/>
<dc element="dc.source" value="Reuters"/>
</metadata>
</newsitem>
