<?xml version="1.0" encoding="iso-8859-1" ?>
<newsitem itemid="446446" id="root" date="1997-03-17" xml:lang="en">
<title>UK: Major revives trusty soapbox for election campaign.</title>
<headline>Major revives trusty soapbox for election campaign.</headline>
<byline>David Ljunggren</byline>
<dateline>LUTON, England 1997-03-17</dateline>
<text>
<p>British Prime Minister John Major pulled out his trusty soap box on Monday to take his message to the people, just a few hours after calling an election for May 1.</p>
<p>Major returned to Luton, north of London, where he first used the battered soapbox as a makeshift stage during the 1992 campaign.</p>
<p>The soapbox, although mocked by journalists, was seen as a turning point in the Conservatives' campaign and took on mythical qualities when Major was re-elected against the odds.</p>
<p>With his party now lagging Labour by more than 20 points in opinion polls, Major is intent on repeating the soapbox effect.</p>
<p>He arrived in Luton to chaotic scenes, jostled and shouted at, as well as cheered, by a large crowd.</p>
<p>From the second he stepped out of his car, Major was met by a barrage of shouts about equally divided between supporters chanting slogans such as &quot;five more years&quot; and opponents shouting &quot;five more weeks.&quot;</p>
<p>Eggs were thrown, but landed nowhere near him.</p>
<p>As soon as Major stood on the soapbox to give an impromptu speech in the middle of a small park, a crowd of protesters began chanting loudly &quot;Major out&quot; and &quot;Tory Scum&quot;. But even his most vocal dissenters were good-humoured.</p>
<p>Major raised his voice loud enough to rise above the protesters and said they only showed the risks of voting for Labour.</p>
<p>&quot;This is what we are fighting against,&quot; he said, a large smile on his face. &quot;I want to let these people continue chanting because I want Britain to know what is coming out of the left wing.&quot;</p>
<p>No amount of &quot;mindless slogans&quot; would stop the Conservatives taking the campaign directly to the people of Britain in their bid to win an unprecedented fifth consecutive term, he said.</p>
<p>&quot;I have no intention of being deterred by stunt demonstrations with stunt demonstrators who have no policies,&quot; he said.</p>
<p>&quot;I have no shred of doubt that the five years to come will be five more Conservative years to carry on the revolution of the last 18 years.&quot;</p>
<p>At one point the crush was so great that the police seemed to lose control. There were unpleasant confrontations as officers forcibly shoved and pushed demonstrators out of the prime minister's way.</p>
<p>He appeared flustered at first but seemed to gain confidence as the surprise visit continued and kept smiling throughout.</p>
<p>&quot;The last time I came to Luton I had a reception just like this and three weeks later we won both Luton seats and the general election,&quot; Major yelled from his tiny stage.</p>
<p>Conservatives hold both Luton seats, but with narrow majorities, and they represent the kind of seats that Labour has to conquer to win the election.</p>
<p>The town, 40 miles north of London, is dominated by the Vauxhall car factory and the fast-expanding airport.</p>
<p>Many local people prospered under the Conservatives' programme of selling public housing but the town has suffered badly under the economic recession and the collapse of the housing market in the early 1990s.</p>
<p>Many shops have closed down in the town centre, which has a depressed feel.</p>
</text>
<copyright>(c) Reuters Limited 1997</copyright>
<metadata>
<codes class="bip:countries:1.0">
  <code code="UK">
    <editdetail attribution="Reuters BIP Coding Group" action="confirmed" date="1997-03-17"/>
  </code>
</codes>
<codes class="bip:topics:1.0">
  <code code="GCAT">
    <editdetail attribution="Reuters BIP Coding Group" action="confirmed" date="1997-03-17"/>
  </code>
  <code code="GPOL">
    <editdetail attribution="Reuters BIP Coding Group" action="confirmed" date="1997-03-17"/>
  </code>
  <code code="GVOTE">
    <editdetail attribution="Reuters BIP Coding Group" action="confirmed" date="1997-03-17"/>
  </code>
</codes>
<dc element="dc.date.created" value="1997-03-17"/>
<dc element="dc.publisher" value="Reuters Holdings Plc"/>
<dc element="dc.date.published" value="1997-03-17"/>
<dc element="dc.source" value="Reuters"/>
<dc element="dc.creator.location" value="LUTON, England"/>
<dc element="dc.creator.location.country.name" value="UK"/>
<dc element="dc.source" value="Reuters"/>
</metadata>
</newsitem>
