<?xml version="1.0" encoding="iso-8859-1" ?>
<newsitem itemid="446427" id="root" date="1997-03-17" xml:lang="en">
<title>UK: IPE gas oil closes firmer, off highs as heat slips.</title>
<headline>IPE gas oil closes firmer, off highs as heat slips.</headline>
<dateline>LONDON 1997-03-17</dateline>
<text>
<p>IPE gas oil closed firmer on Monday but off its session highs as NYMEX heating oil slid despite perceived support from forecasts for colder U.S. temperatures.</p>
<p>April gas oil closed up $1.25 a tonne at $170.75, off a session high of $173.25.</p>
<p>&quot;There was some pretty good buying around lunchtime, but NYMEX didn't really live up to our expectations,&quot; a dealer said.</p>
<p>NYMEX heating oil was expected to find more support from forecasts of a late-winter cold snap in the key Northeast U.S. market.</p>
<p>May Brent was trading nine cents down at $19.65 a barrel at 1804 GMT, after slipping off a high of $19.97 as sentiment grew more bearish. The contract breached a supportive gap on the continuation chart at $19.70-$19.76 a barrel.</p>
<p>&quot;The market wanted to head back to $20, but volumes were weak and we fell off with (NYMEX crude),&quot; said one broker.</p>
<p>The May Brent/gas oil crack spread firmed to $3.40 a barrel.</p>
<p>-- London Newsroom +44 171 542 5387</p>
</text>
<copyright>(c) Reuters Limited 1997</copyright>
<metadata>
<codes class="bip:countries:1.0">
  <code code="UK">
    <editdetail attribution="Reuters BIP Coding Group" action="confirmed" date="1997-03-17"/>
  </code>
</codes>
<codes class="bip:topics:1.0">
  <code code="M14">
    <editdetail attribution="Reuters BIP Coding Group" action="confirmed" date="1997-03-17"/>
  </code>
  <code code="M143">
    <editdetail attribution="Reuters BIP Coding Group" action="confirmed" date="1997-03-17"/>
  </code>
  <code code="MCAT">
    <editdetail attribution="Reuters BIP Coding Group" action="confirmed" date="1997-03-17"/>
  </code>
</codes>
<dc element="dc.date.created" value="1997-03-17"/>
<dc element="dc.publisher" value="Reuters Holdings Plc"/>
<dc element="dc.date.published" value="1997-03-17"/>
<dc element="dc.source" value="Reuters"/>
<dc element="dc.creator.location" value="LONDON"/>
<dc element="dc.creator.location.country.name" value="UK"/>
<dc element="dc.source" value="Reuters"/>
</metadata>
</newsitem>
