<?xml version="1.0" encoding="iso-8859-1" ?>
<newsitem itemid="446443" id="root" date="1997-03-17" xml:lang="en">
<title>UK: FORECAST -Hefty UK Feb PSBR not to threaten target.</title>
<headline>FORECAST -Hefty UK Feb PSBR not to threaten target.</headline>
<byline>Mike Peacock</byline>
<dateline>LONDON 1997-03-17</dateline>
<text>
<p>Britain's public sector debt is forecast to amount to nearly four billion stg in February, nearly one billion more than in the same month last year, economists said on Monday.</p>
<p>But that should not stop the public sector borrowing requirement sliding comfortably under the government's 26.4 billion stg target for the whole financial year ending in March.</p>
<p>A Reuter poll of economists produced a consensus forecast for a 3.7 billion stg government overspend last month. In February 1996, it was only 2.95 billion stg.</p>
<p>But following a massive 5.8 billion stg debt repayment in January, as corporate tax and value added tax receipts flooded into the government's coffers, the 1996/97 target looks distinctly unchallenging.</p>
<p>&quot;Altogether, these figures suggest that the government's forecast for 1996/97 will be undershot, with the outcome likely to fall between 23 and 24 billion pounds,&quot; said Philip Shaw, chief economist at Union Plc.</p>
<p>Shaw said February usually suffers from an absence of corporation tax -- the most buoyant of the inflows. He forecast a government revenue shortfall of 3.5 billion stg.</p>
<p>Ciaran Barr, UK economist at Deutsche Morgan Grenfell, expected a much larger, 5.0 billion stg deficit in February.</p>
<p>Nonetheless, he agreed that the government's target for the year would not be missed. &quot;We expect government spending to be reined in as the end of the fiscal year approaches and remain comfortable with our forecast of a full year deficit of 25.5 billion,&quot; he said.</p>
<p>The cumulative public sector debt for the year so far is 10.34 billion stg, much smaller than the 19.33 billion stg debt amassed over the same period last year.</p>
<p>March is often afflicted by a heavy government overspend as departments shell out whatever they have left in their budgets. But it would have to be huge to threaten the government's target.</p>
<p>As for February, Barr said VAT receipts would suffer after January's bonanza, adding that there were no privatisation proceeds to massage the figures last month.</p>
<p>-- London Newsroom +44 171 542 5109</p>
</text>
<copyright>(c) Reuters Limited 1997</copyright>
<metadata>
<codes class="bip:countries:1.0">
  <code code="UK">
    <editdetail attribution="Reuters BIP Coding Group" action="confirmed" date="1997-03-17"/>
  </code>
</codes>
<codes class="bip:topics:1.0">
  <code code="E21">
    <editdetail attribution="Reuters BIP Coding Group" action="confirmed" date="1997-03-17"/>
  </code>
  <code code="E212">
    <editdetail attribution="Reuters BIP Coding Group" action="confirmed" date="1997-03-17"/>
  </code>
  <code code="ECAT">
    <editdetail attribution="Reuters BIP Coding Group" action="confirmed" date="1997-03-17"/>
  </code>
</codes>
<dc element="dc.date.created" value="1997-03-17"/>
<dc element="dc.publisher" value="Reuters Holdings Plc"/>
<dc element="dc.date.published" value="1997-03-17"/>
<dc element="dc.source" value="Reuters"/>
<dc element="dc.creator.location" value="LONDON"/>
<dc element="dc.creator.location.country.name" value="UK"/>
<dc element="dc.source" value="Reuters"/>
</metadata>
</newsitem>
