<?xml version="1.0" encoding="iso-8859-1" ?>
<newsitem itemid="446448" id="root" date="1997-03-17" xml:lang="en">
<title>UK: Key stock and currency market movements at 1700 GMT.</title>
<headline>Key stock and currency market movements at 1700 GMT.</headline>
<dateline>LONDON 1997-03-17</dateline>
<text>
<p>The following table shows the latest close of key indices* on major world stock exchanges, the day's change in points and the indices' 1996/97 closing highs and lows (with dates). Also shown are the London closing values of the German mark, the Japanese yen, the British pound and gold bullion (previous day's closes in brackets):</p>
<p>		  MAR 17     DAY'S CHANGE   1996/97 HIGH 1996/97 LOW</p>
<p>		  CLOSE	 IN POINTS</p>
<p> NEW YORK    6,886.74	-48.72	 7,085.16     5,032.94</p>
<p>		 (midday)			 (Mar 11/97)  (Jan 10/96)</p>
<p> LONDON	4,373.3	 -51.0	  4,444.3	3,632.3</p>
<p>						    (Mar 11/97)  (Jul 16/96)</p>
<p> TOKYO	18,053.50     +129.86	 22,666.80    17,303.55</p>
<p>						    (Jun 26/96)  (Jan 10/97)</p>
<p> FRANKFURT   3,350.99	 -8.30	 3,460.59     2,284.86</p>
<p>						    (Mar 11/97)  (Jan 2/96)</p>
<p> PARIS	 2,588.38	-57.24	 2,709.21     1,897.85</p>
<p>						    (Mar 10/97)  (Jan 11/96)</p>
<p> SYDNEY	2,427.40	 +4.20	 2,501.70     2,096.10</p>
<p>						    (Feb 18/97)  (Jul 17/96)</p>
<p> HONG KONG  12,838.53     +102.00	 13,868.24    10,204.87</p>
<p>						    (Jan 20/97)  (Jan 2/96)</p>
<p>- - - - FOREIGN EXCHANGE/GOLD BULLION CLOSE IN LONDON  Dollar/mark... 1.6917   (1.6972)</p>
<p> Dollar/yen.... 123.69   (123.45)</p>
<p>Pound/dollar.. $1.5883  ($1.6025) Gold (ounce).. $350.25  ($352.75) - - - - *INDICES USED AND THEIR ALL-TIME CLOSING HIGHS New York Dow Jones industrial average -- 7,079.39 (Mar 11/97) London FTSE 100 index -- 4,444.3 (Mar 11/97) Tokyo Nikkei average -- 38,915.87 (Dec 29/89) Frankfurt DAX-3O index -- 3,460.59 (Mar 11/97) Paris CAC-40 General index -- 2,709.21 (Mar 10/97) Sydney Australian All-Ordinaries index -- 2,501.70 (Feb 18/97) Hong Kong Hang Seng index -- 13,868.24 (Jan 20/97)</p>
</text>
<copyright>(c) Reuters Limited 1997</copyright>
<metadata>
<codes class="bip:countries:1.0">
  <code code="FRA">
    <editdetail attribution="Reuters BIP Coding Group" action="confirmed" date="1997-03-17"/>
  </code>
  <code code="GFR">
    <editdetail attribution="Reuters BIP Coding Group" action="confirmed" date="1997-03-17"/>
  </code>
  <code code="JAP">
    <editdetail attribution="Reuters BIP Coding Group" action="confirmed" date="1997-03-17"/>
  </code>
  <code code="UK">
    <editdetail attribution="Reuters BIP Coding Group" action="confirmed" date="1997-03-17"/>
  </code>
</codes>
<codes class="bip:topics:1.0">
  <code code="M11">
    <editdetail attribution="Reuters BIP Coding Group" action="confirmed" date="1997-03-17"/>
  </code>
  <code code="M13">
    <editdetail attribution="Reuters BIP Coding Group" action="confirmed" date="1997-03-17"/>
  </code>
  <code code="M132">
    <editdetail attribution="Reuters BIP Coding Group" action="confirmed" date="1997-03-17"/>
  </code>
  <code code="MCAT">
    <editdetail attribution="Reuters BIP Coding Group" action="confirmed" date="1997-03-17"/>
  </code>
</codes>
<dc element="dc.date.created" value="1997-03-17"/>
<dc element="dc.publisher" value="Reuters Holdings Plc"/>
<dc element="dc.date.published" value="1997-03-17"/>
<dc element="dc.source" value="Reuters"/>
<dc element="dc.creator.location" value="LONDON"/>
<dc element="dc.creator.location.country.name" value="UK"/>
<dc element="dc.source" value="Reuters"/>
</metadata>
</newsitem>
