<?xml version="1.0" encoding="iso-8859-1" ?>
<newsitem itemid="446419" id="root" date="1997-03-17" xml:lang="en">
<title>UK: Some N.Sea crudes show recovery but Brent struggles.</title>
<headline>Some N.Sea crudes show recovery but Brent struggles.</headline>
<dateline>LONDON 1997-03-17</dateline>
<text>
<p>Unsold March barrels were still keeping the pressure on the wet Brent market on Monday, but traders said that improving refining margins could point to an improvement in differentials for April-loading North Sea crudes.</p>
<p>Several March Brents still needed homes, while a European major kept one of the first two April Brent dates, and was clocked with another. The cargoes were set to be reoffered on Tuesday.</p>
<p>A wet Brent loading March 27-29 traded weaker at April Brent -80 cents, and a March 26-28 moved at April -81 cents.</p>
<p>But other North Sea grades fetched firmer differentials. A Norwegian Statfjord loading April 1-3 traded at Dated Brent +10 cents, up 10 cents from the last reported trade. The seller said other deals done on a p+c basis also indicated a slight recovery in differentials.</p>
<p>A Gullfaks C loading March 26-28 traded at Dated Brent +7 cents, while a cross-month Danish DUC traded at Dated Brent -15 cents.</p>
<p>&quot;Refining margins improved over the last week and people had the impression that the market (for Norwegian grades) was longer than it is. I think (refiners) went into their Monday morning meetings and had revised ideas about throughputs,&quot; said a Norwegian producer.</p>
<p>Margins for a complex Rotterdam refinery averaged $1.36 a barrel last week, up from the sub-$1 levels seen at the beginning of the month.</p>
</text>
<copyright>(c) Reuters Limited 1997</copyright>
<metadata>
<codes class="bip:countries:1.0">
  <code code="UK">
    <editdetail attribution="Reuters BIP Coding Group" action="confirmed" date="1997-03-17"/>
  </code>
</codes>
<codes class="bip:topics:1.0">
  <code code="M14">
    <editdetail attribution="Reuters BIP Coding Group" action="confirmed" date="1997-03-17"/>
  </code>
  <code code="M143">
    <editdetail attribution="Reuters BIP Coding Group" action="confirmed" date="1997-03-17"/>
  </code>
  <code code="MCAT">
    <editdetail attribution="Reuters BIP Coding Group" action="confirmed" date="1997-03-17"/>
  </code>
</codes>
<dc element="dc.date.created" value="1997-03-17"/>
<dc element="dc.publisher" value="Reuters Holdings Plc"/>
<dc element="dc.date.published" value="1997-03-17"/>
<dc element="dc.source" value="Reuters"/>
<dc element="dc.creator.location" value="LONDON"/>
<dc element="dc.creator.location.country.name" value="UK"/>
<dc element="dc.source" value="Reuters"/>
</metadata>
</newsitem>
