<?xml version="1.0" encoding="iso-8859-1" ?>
<newsitem itemid="446421" id="root" date="1997-03-17" xml:lang="en">
<title>UK: NWE high sulphur fuel firms on buying, paper value.</title>
<headline>NWE high sulphur fuel firms on buying, paper value.</headline>
<dateline>LONDON 1997-03-17</dateline>
<text>
<p>NWE high sulphur fuel oil prices firmed on Monday, with barge values pushed up by aggressive bidding from one dominant player, traders said.</p>
<p>High sulphur fuel barges jumped $2 to $90 fob by mid-morning with little business done later. The trader bought some 11-12,000 tonnes at $89 and another 1-2,000 at $90.</p>
<p>&quot;They are pricing some cargo on the back of this buying,&quot; said one trader. &quot;There are no other buyers at the moment.&quot;</p>
<p>High sulphur cargoes firmed gently as well, heartened by stronger swaps and stable crude futures, but the market was sleepy with little end-user interest and reasonable supply.</p>
<p>Tight prompt supply and the pickup in paper values pushed up prices on the low sulphur barge market. Offers were $96 on Friday and $95 today, with bids around $93.</p>
<p>Low sulphur cargoes were reported to be plentiful. One load was heard traded to a British industrial user at the end of last week at $98 cif, with the discount to quoted prices reflecting slightly poorer quality, trader said. - Sean Maguire, London newsroom +44 171 542 8060</p>
</text>
<copyright>(c) Reuters Limited 1997</copyright>
<metadata>
<codes class="bip:countries:1.0">
  <code code="UK">
    <editdetail attribution="Reuters BIP Coding Group" action="confirmed" date="1997-03-17"/>
  </code>
</codes>
<codes class="bip:topics:1.0">
  <code code="M14">
    <editdetail attribution="Reuters BIP Coding Group" action="confirmed" date="1997-03-17"/>
  </code>
  <code code="M143">
    <editdetail attribution="Reuters BIP Coding Group" action="confirmed" date="1997-03-17"/>
  </code>
  <code code="MCAT">
    <editdetail attribution="Reuters BIP Coding Group" action="confirmed" date="1997-03-17"/>
  </code>
</codes>
<dc element="dc.date.created" value="1997-03-17"/>
<dc element="dc.publisher" value="Reuters Holdings Plc"/>
<dc element="dc.date.published" value="1997-03-17"/>
<dc element="dc.source" value="Reuters"/>
<dc element="dc.creator.location" value="LONDON"/>
<dc element="dc.creator.location.country.name" value="UK"/>
<dc element="dc.source" value="Reuters"/>
</metadata>
</newsitem>
