<?xml version="1.0" encoding="iso-8859-1" ?>
<newsitem itemid="446415" id="root" date="1997-03-17" xml:lang="en">
<title>UK: London LIFFE futures APT closing prices.</title>
<headline>London LIFFE futures APT closing prices.</headline>
<dateline>LONDON 1997-03-17</dateline>
<text>
<p>London International Financial Futures Exchange Automated pit trading (APT) tabular details:</p>
<p>   CONTRACT (MONTH)	APT CLOSE  SETTLEMENT  PREVIOUS SETTLE</p>
<p>   LONG GILT (MAR) (1/32)   N/A	   110-28	    111-22</p>
<p>   SHORT STERLING (MAR)     N/A	    93.74	     93.75</p>
<p>   GERMAN GOVT BOND (JUN)   N/A	   100.41	    101.43</p>
<p>   EUROMARK (MAR)	     N/A	    96.71	     96.74</p>
<p>   ITALIAN GOVT BOND (JUN)  N/A	   124.35	    125.66</p>
<p>   EUROLIRA (MAR)	     N/A	    92.54	     92.62</p>
<p>   EUROSWISS (MAR)	    N/A	    98.13	     98.15</p>
<p>   FTSE 100 (MAR)	     N/A	 4,366.00	  4,404.00</p>
</text>
<copyright>(c) Reuters Limited 1997</copyright>
<metadata>
<codes class="bip:countries:1.0">
  <code code="UK">
    <editdetail attribution="Reuters BIP Coding Group" action="confirmed" date="1997-03-17"/>
  </code>
</codes>
<codes class="bip:topics:1.0">
  <code code="M12">
    <editdetail attribution="Reuters BIP Coding Group" action="confirmed" date="1997-03-17"/>
  </code>
  <code code="MCAT">
    <editdetail attribution="Reuters BIP Coding Group" action="confirmed" date="1997-03-17"/>
  </code>
</codes>
<dc element="dc.date.created" value="1997-03-17"/>
<dc element="dc.publisher" value="Reuters Holdings Plc"/>
<dc element="dc.date.published" value="1997-03-17"/>
<dc element="dc.source" value="Reuters"/>
<dc element="dc.creator.location" value="LONDON"/>
<dc element="dc.creator.location.country.name" value="UK"/>
<dc element="dc.source" value="Reuters"/>
</metadata>
</newsitem>
