<?xml version="1.0" encoding="iso-8859-1" ?>
<newsitem itemid="446417" id="root" date="1997-03-17" xml:lang="en">
<title>UK: LME copper ends slightly weaker in late trading.</title>
<headline>LME copper ends slightly weaker in late trading.</headline>
<dateline>LONDON 1997-03-17</dateline>
<text>
<p>LME copper prices closed a touch lower on Monday in an effort to consolidate losses after losing momentum from an earlier stab at $2,379 a tonne.</p>
<p>At 1910 GMT three months copper was indicated at $2,336/40 after a kerb close of $2,345, $11 weaker.</p>
<p>The market shrugged off news from Chile's Minera Escondida that February copper production reached 63,795 tonnes, lower than the 65,881 tonnes reported for February 1996.</p>
<p>In its evening report, brokerage Brandeis said the small expected decline in LME copper stocks of between 2,000 and 3,000 tonnes might not be enough to counter chart-based selling.</p>
<p>This would see prices returning to examine support at $2,330 and more crucially at $2,313, it said.</p>
<p>Aluminium also ended slightly weaker on the day and was last indicated at $1,661/64 after its unchanged kerb close of $1,668.</p>
<p>Other metals were little changed.</p>
<p>-- London Newsroom +44 171 542 8064</p>
</text>
<copyright>(c) Reuters Limited 1997</copyright>
<metadata>
<codes class="bip:countries:1.0">
  <code code="UK">
    <editdetail attribution="Reuters BIP Coding Group" action="confirmed" date="1997-03-17"/>
  </code>
</codes>
<codes class="bip:topics:1.0">
  <code code="M14">
    <editdetail attribution="Reuters BIP Coding Group" action="confirmed" date="1997-03-17"/>
  </code>
  <code code="M142">
    <editdetail attribution="Reuters BIP Coding Group" action="confirmed" date="1997-03-17"/>
  </code>
  <code code="MCAT">
    <editdetail attribution="Reuters BIP Coding Group" action="confirmed" date="1997-03-17"/>
  </code>
</codes>
<dc element="dc.date.created" value="1997-03-17"/>
<dc element="dc.publisher" value="Reuters Holdings Plc"/>
<dc element="dc.date.published" value="1997-03-17"/>
<dc element="dc.source" value="Reuters"/>
<dc element="dc.creator.location" value="LONDON"/>
<dc element="dc.creator.location.country.name" value="UK"/>
<dc element="dc.source" value="Reuters"/>
</metadata>
</newsitem>
