<?xml version="1.0" encoding="iso-8859-1" ?>
<newsitem itemid="446437" id="root" date="1997-03-17" xml:lang="en">
<title>UK: FOCUS-Base metals rattled by Chinese copper puzzle.</title>
<headline>FOCUS-Base metals rattled by Chinese copper puzzle.</headline>
<byline>Catherine Bremer</byline>
<dateline>LONDON 1997-03-17</dateline>
<text>
<p>Base metals struggled to sustain an upwards push on Monday, as confusing news on Chinese copper imports kept the market on edge.</p>
<p>Zinc and lead were the most gutsy, both notching up fresh cyclical peaks on the London Metal Exchange (LME), while copper and aluminium trailed in their wake.</p>
<p>Zinc ploughed through a 4-1/2 year high of $1,300 a tonne in the wake of Friday's stock fall, but closed just below at $1,296. Lead gripped more tightly to its $700 foothold, after it surged to an eight week high of $710, helped by option-related buying in the Far East.</p>
<p>LME copper prices bounced around after rumours that Chinese authorities had ordered traders to suspend imports and not sell their copper were dismissed by Chinese officials.</p>
<p>Three month copper closed $13 down at $2,343 a tonne, after it earlier crawled above $2,364.</p>
<p>Shanghai trading sources said last week an official directive had instructed copper dealers to to suspend imports in support of state mines and hold positions in order to prevent price falls in the red metal.</p>
<p>But an official of the China National Nonferrous Metals Import and Export Corp (CNIEC), which is responsible for China's copper trade, said they were now urging traders to sell, after last week recommending they hold positions to wait for further price rises.</p>
<p>&quot;We think firms engaged in hedging should enter the market now and sell,&quot; said the CNIEC official, adding that with the strong short-term outlook in domestic copper, it was a good time to sell.</p>
<p>The official said firms were told to hold hedging positions after meeting last Tuesday to discuss the domestic and international copper market. But he added: &quot;It is not up to us to decide whether to import, that will be decided by the market.&quot;</p>
<p>&quot;The markets are a bit nervous about this,&quot; said one trader. &quot;You never know with the Chinese, sometimes they say the opposite of what they mean.&quot;</p>
<p>Analysts said while China continued to send nervous ripples through the market, copper prices would stay bracketed inside recent ranges.</p>
<p>But others were more sceptical, saying they were taking reports from China with &quot;a pinch of salt&quot;.</p>
<p>They said it was more likely to be messy technicals rattling the copper market.</p>
<p>However, most Western traders are concerned that if Chinese buying, expected to take off after the Chinese New Year in February, does not soon start in earnest, copper could tumble on the London Metal Exchange.</p>
<p>Copper did not reap any gains from news that Zairean rebels were headed for the mining centre of Lumbumbashi after they captured Kisangani at the weekend. Broker GNI said in a commentary that, at worst, only 30,000 tonnes of copper (annually) could be affected.</p>
<p>In soft commodities, coffee rebounded slightly from a bout of selling which pulled it down on Friday, but May robusta futures struggled to hold on to the $1,700 level. The contract closed barely changed at $1,690 a tonne, after a session low of $1,680.</p>
<p>Analysts said last week the market, which has rallied 50 percent this year, could be due for a pause.</p>
<p>Cocoa, however, took a last-minute upward swing on trade-buying and arbitrage, after edging lower as traders consolidated last week's sharp gains.</p>
<p>May cocoa closed up nine stg at 1,029 stg.</p>
<p>Crude oil futures retraced a thin lunchtime rally, and May Brent, the new front month contract was trading down $13 at 19.61 a barrel at 1740 GMT. Traders said the market was very lethargic.</p>
<p>Some key prices at 1740 GMT on Monday</p>
<p>						  Monday     Friday</p>
<p>Ldn Spot Gold($ per ounce)		349.50     352.75</p>
<p>IPE Brent Crude Oil (May)		  19.61	19.74</p>
<p>Ldn Metal Exchange(3 mths delivery) Copper ($ per tonne)		    2,343.00   2,356.00</p>
<p>Aluminium ($ per tonne)		 1,668.00   1,668.00</p>
<p>LIFFE Robusta Coffee ($/tonne) May) 1,690.00   1,695.00</p>
<p>Cocoa (Stg per tonne) (May)	   1,029.00   1,020.00</p>
<p>White Sugar ($ p/t May)		   306.80     307.60</p>
<p>Chicago Board of Trade Wheat (Cents per bushel)(Mar)			384	  380</p>
</text>
<copyright>(c) Reuters Limited 1997</copyright>
<metadata>
<codes class="bip:countries:1.0">
  <code code="CHINA">
    <editdetail attribution="Reuters BIP Coding Group" action="confirmed" date="1997-03-17"/>
  </code>
  <code code="UK">
    <editdetail attribution="Reuters BIP Coding Group" action="confirmed" date="1997-03-17"/>
  </code>
</codes>
<codes class="bip:topics:1.0">
  <code code="M14">
    <editdetail attribution="Reuters BIP Coding Group" action="confirmed" date="1997-03-17"/>
  </code>
  <code code="M142">
    <editdetail attribution="Reuters BIP Coding Group" action="confirmed" date="1997-03-17"/>
  </code>
  <code code="MCAT">
    <editdetail attribution="Reuters BIP Coding Group" action="confirmed" date="1997-03-17"/>
  </code>
</codes>
<dc element="dc.date.created" value="1997-03-17"/>
<dc element="dc.publisher" value="Reuters Holdings Plc"/>
<dc element="dc.date.published" value="1997-03-17"/>
<dc element="dc.source" value="Reuters"/>
<dc element="dc.creator.location" value="LONDON"/>
<dc element="dc.creator.location.country.name" value="UK"/>
<dc element="dc.source" value="Reuters"/>
</metadata>
</newsitem>
