<?xml version="1.0" encoding="iso-8859-1" ?>
<newsitem itemid="446433" id="root" date="1997-03-17" xml:lang="en">
<title>UK: Israel Fund considers restructuring options.</title>
<headline>Israel Fund considers restructuring options.</headline>
<dateline>LONDON 1997-03-17</dateline>
<text>
<p>Investment trust Israel Fund Plc said on Monday it was considering restructuring into an open-ended offshore structure.</p>
<p>The company said in August it was reviewing options for enhancing shareholder value, principally looking to reduce its discount to net asset value on a long term basis.</p>
<p>It said the change would permit regular issues and redemption of shares, subject to certain restrictions, but it depended on a number of matters, including clearances from tax, regulatory and other authorities, the court, and shareholders.</p>
<p>A detailed review of restructuring options was continuing.</p>
<p>It also said it had inadvertently breached one of the conditions for investment trust status between September 1996 and March 1997 by maintaining holdings in a company and its subsidiaries which marginally exceeded 15 per cent.</p>
<p>&quot;While the board expects that the breach will have the result that the company will not qualify as an investment trust for the accounting period commencing February 1, 1996, no additional tax is expected to be incurred,&quot; it said in a statement.</p>
<p>It said it was taking action to remedy the position.</p>
<p>Also, the accounting period ending January 31, 1997 will be extended to March 31, and it intends to be able to qualify for investment trust status for the new accounting period commencing April 1.</p>
<p>-- Andrew Gill, London newsroom +44 171 542 5887</p>
</text>
<copyright>(c) Reuters Limited 1997</copyright>
<metadata>
<codes class="bip:countries:1.0">
  <code code="ISRAEL">
    <editdetail attribution="Reuters BIP Coding Group" action="confirmed" date="1997-03-17"/>
  </code>
  <code code="UK">
    <editdetail attribution="Reuters BIP Coding Group" action="confirmed" date="1997-03-17"/>
  </code>
</codes>
<codes class="bip:industries:1.0">
  <code code="I81502">
    <editdetail attribution="Reuters BIP Coding Group" action="confirmed" date="1997-03-17"/>
  </code>
  <code code="I8150206">
    <editdetail attribution="Reuters BIP Coding Group" action="confirmed" date="1997-03-17"/>
  </code>
</codes>
<codes class="bip:topics:1.0">
  <code code="C11">
    <editdetail attribution="Reuters BIP Coding Group" action="confirmed" date="1997-03-17"/>
  </code>
  <code code="C15">
    <editdetail attribution="Reuters BIP Coding Group" action="confirmed" date="1997-03-17"/>
  </code>
  <code code="C151">
    <editdetail attribution="Reuters BIP Coding Group" action="confirmed" date="1997-03-17"/>
  </code>
  <code code="CCAT">
    <editdetail attribution="Reuters BIP Coding Group" action="confirmed" date="1997-03-17"/>
  </code>
</codes>
<dc element="dc.date.created" value="1997-03-17"/>
<dc element="dc.publisher" value="Reuters Holdings Plc"/>
<dc element="dc.date.published" value="1997-03-17"/>
<dc element="dc.source" value="Reuters"/>
<dc element="dc.creator.location" value="LONDON"/>
<dc element="dc.creator.location.country.name" value="UK"/>
<dc element="dc.source" value="Reuters"/>
</metadata>
</newsitem>
