<?xml version="1.0" encoding="iso-8859-1" ?>
<newsitem itemid="446411" id="root" date="1997-03-17" xml:lang="en">
<title>UK: Major urges British to avoid 'untested Blair'.</title>
<headline>Major urges British to avoid 'untested Blair'.</headline>
<byline>Paul Majendie</byline>
<dateline>LONDON 1996-03-18</dateline>
<text>
<p>Prime Minister John Major urged Britain not to &quot;take a leap in the dark&quot; with Labour's Tony Blair in May 1 elections -- but the country's top tabloid newspaper promptly backed the opposition leader.</p>
<p>Major, speaking hours after calling the election, was confirmed as the opinion poll underdog in his bid to give the Conservatives their fifth win in a row.</p>
<p>The latest poll in Tuesday's Daily Telegraph showed Labour 28 percentage points clear of the ruling Conservatives.</p>
<p>That represented a swing of 18 percent to Labour since the last election which would give them a landslide victory. No party has ever been so far ahead at the start of an election campaign.</p>
<p>Within hours of launching the campaign, Major was dealt a blow when The Sun, Britain's best-selling newspaper, suported Blair. People needed &quot;a leader with vision, purpose and courage who can fire their imaginations&quot;, it said.</p>
<p>The tabloid, owned by Australian-born Rupert Murdoch, backed Major in the 1992 election when he pulled off a surprise victory. The party that emerged from the victory was divided over Britain's role in Europe and dogged by scandals.</p>
<p>But Major, a feisty campaigner who swiftly took to his trademark soapbox on Monday to woo voters after announcing the date of the election, was given the wholehearted support of his predecessor Margaret Thatcher, who had long sniped at him.</p>
<p>Thatcher, ousted by her own party in 1990 as an election liability, told reporters outside her London office: &quot;Stay with us and with John Major until we cross the finishing line.&quot;</p>
<p>It could well turn into a American-style presidential campaign with the personalities of the two leaders and not their politics under the microscope.</p>
<p>Major, hoping a bouyant economy will bring back the votes, is derided by critics as a grey figure with no charisma. Conservatives trumpet the virtues of &quot;Honest John&quot; with his man-of-the-people integrity and ability to thrive under pressure.</p>
<p>Critics mock Blair as &quot;Phony Tony,&quot; the telegenic centrist who deals only in soundbites. But he has dropped much of the party's socialist dogma in his bid to win business and the much needed middle-class voter over to the cause of New Labour.</p>
<p>Major was derided at the last election for clambering onto his trusty soapbox to deliver his message to voters.</p>
<p>But he clearly hopes lightning will strike twice, shouting above hecklers: &quot;I have no intention of being deterred by stunt demonstrations with stunt demonstrators who have no policies.&quot;</p>
<p>Blair opted for a more genteel venue -- 20 floating voters in a country hotel ballroom who grilled him on everything from pensioner rights to British sovereignty in Europe.</p>
<p>But one young mother admitted she was far too busy loooking after her 10-month-old son and wouldn't make up her mind before stepping into the polling booth.</p>
</text>
<copyright>(c) Reuters Limited 1997</copyright>
<metadata>
<codes class="bip:countries:1.0">
  <code code="UK">
    <editdetail attribution="Reuters BIP Coding Group" action="confirmed" date="1997-03-17"/>
  </code>
</codes>
<codes class="bip:topics:1.0">
  <code code="GCAT">
    <editdetail attribution="Reuters BIP Coding Group" action="confirmed" date="1997-03-17"/>
  </code>
  <code code="GPOL">
    <editdetail attribution="Reuters BIP Coding Group" action="confirmed" date="1997-03-17"/>
  </code>
  <code code="GVOTE">
    <editdetail attribution="Reuters BIP Coding Group" action="confirmed" date="1997-03-17"/>
  </code>
</codes>
<dc element="dc.date.created" value="1996-03-18"/>
<dc element="dc.publisher" value="Reuters Holdings Plc"/>
<dc element="dc.date.published" value="1997-03-17"/>
<dc element="dc.source" value="Reuters"/>
<dc element="dc.creator.location" value="LONDON"/>
<dc element="dc.creator.location.country.name" value="UK"/>
<dc element="dc.source" value="Reuters"/>
</metadata>
</newsitem>
