<?xml version="1.0" encoding="iso-8859-1" ?>
<newsitem itemid="445358" id="root" date="1997-03-16" xml:lang="en">
<title>USA: ALPINE SKIING-JAGGE WINS SLALOM.</title>
<headline>ALPINE SKIING-JAGGE WINS SLALOM.</headline>
<dateline>VAIL, Colorado 1997-03-16</dateline>
<text>
<p>Finn Chr. Jagge of Norway won the men's slalom on Sunday, the last race of the World Cup season.</p>
<p>Thomas Stangassinger of Austria finished second and Alberto Tomba of Italy was third, according to provisional results.</p>
<p>The results were later declared official.</p>
</text>
<copyright>(c) Reuters Limited 1997</copyright>
<metadata>
<codes class="bip:countries:1.0">
  <code code="USA">
    <editdetail attribution="Reuters BIP Coding Group" action="confirmed" date="1997-03-16"/>
  </code>
</codes>
<codes class="bip:topics:1.0">
  <code code="GCAT">
    <editdetail attribution="Reuters BIP Coding Group" action="confirmed" date="1997-03-16"/>
  </code>
  <code code="GSPO">
    <editdetail attribution="Reuters BIP Coding Group" action="confirmed" date="1997-03-16"/>
  </code>
</codes>
<dc element="dc.date.created" value="1997-03-16"/>
<dc element="dc.publisher" value="Reuters Holdings Plc"/>
<dc element="dc.date.published" value="1997-03-16"/>
<dc element="dc.source" value="Reuters"/>
<dc element="dc.creator.location" value="VAIL, Colorado"/>
<dc element="dc.creator.location.country.name" value="USA"/>
<dc element="dc.source" value="Reuters"/>
</metadata>
</newsitem>
