<?xml version="1.0" encoding="iso-8859-1" ?>
<newsitem itemid="445363" id="root" date="1997-03-16" xml:lang="en">
<title>COSTA RICA: SOCCER-COSTA RICA AND MEXICO DRAW 0-0 IN WORLD CUP QUALIFIER.</title>
<headline>SOCCER-COSTA RICA AND MEXICO DRAW 0-0 IN WORLD CUP QUALIFIER.</headline>
<dateline>SAN JOSE 1997-03-16</dateline>
<text>
<p>Costa Rica and Mexico drew 0-0</p>
<p>in a CONCACAF final stage World Cup qualifying match on Sunday.</p>
<p>Attendance: 20,000</p>
<p> Standings	  P  W  D  L  F  A  PTS</p>
<p> Mexico	     2  1  1  0  4  0  4</p>
<p> Costa Rica	 1  0  1  0  0  0  1</p>
<p> Jamaica	    1  0  1  0  0  0  1</p>
<p> United States    1  0  1  0  0  0  1</p>
<p> Canada	     1  0  0  1  0  4  0</p>
<p> El Salvador	-  -  -  -  -  -  -</p>
<p>Note: United States and Canada were due to meet later on</p>
<p>Sunday.</p>
<p>Top three teams qualify for the 1998 World Cup in France.</p>
</text>
<copyright>(c) Reuters Limited 1997</copyright>
<metadata>
<codes class="bip:countries:1.0">
  <code code="CANA">
    <editdetail attribution="Reuters BIP Coding Group" action="confirmed" date="1997-03-16"/>
  </code>
  <code code="COSR">
    <editdetail attribution="Reuters BIP Coding Group" action="confirmed" date="1997-03-16"/>
  </code>
  <code code="ELSAL">
    <editdetail attribution="Reuters BIP Coding Group" action="confirmed" date="1997-03-16"/>
  </code>
  <code code="JAMA">
    <editdetail attribution="Reuters BIP Coding Group" action="confirmed" date="1997-03-16"/>
  </code>
  <code code="MEX">
    <editdetail attribution="Reuters BIP Coding Group" action="confirmed" date="1997-03-16"/>
  </code>
  <code code="USA">
    <editdetail attribution="Reuters BIP Coding Group" action="confirmed" date="1997-03-16"/>
  </code>
</codes>
<codes class="bip:topics:1.0">
  <code code="GCAT">
    <editdetail attribution="Reuters BIP Coding Group" action="confirmed" date="1997-03-16"/>
  </code>
  <code code="GSPO">
    <editdetail attribution="Reuters BIP Coding Group" action="confirmed" date="1997-03-16"/>
  </code>
</codes>
<dc element="dc.date.created" value="1997-03-16"/>
<dc element="dc.publisher" value="Reuters Holdings Plc"/>
<dc element="dc.date.published" value="1997-03-16"/>
<dc element="dc.source" value="Reuters"/>
<dc element="dc.creator.location" value="SAN JOSE"/>
<dc element="dc.creator.location.country.name" value="COSTA RICA"/>
<dc element="dc.source" value="Reuters"/>
</metadata>
</newsitem>
