<?xml version="1.0" encoding="iso-8859-1" ?>
<newsitem itemid="445384" id="root" date="1997-03-16" xml:lang="en">
<title>UK: SOCCER SHOWCASE-SCRAPPY WIN TAKES RANGERS CLOSER TO TITLE.</title>
<headline>SOCCER SHOWCASE-SCRAPPY WIN TAKES RANGERS CLOSER TO TITLE.</headline>
<byline>Mike Collett</byline>
<dateline>GLASGOW 1997-03-16</dateline>
<text>
<p>Rangers moved significantly closer to their ninth successive Scottish league title on Sunday when they beat arch-rivals Celtic 1-0 in a virtual championship decider at Celtic Park.</p>
<p>The only goal of a scrappy game, marred by the second-half dismissals of Rangers striker Mark Hateley and Celtic defender Malky Mackay in seperate incidents, came a minute before halftime when Dane Brian Laudrup scored off a post after woeful defending.</p>
<p>Man of the match Laudrup, who scored the only goal when Rangers beat Celtic 1-0 at Celtic Park in November, got to the ball just before Mackay after Ian Durrant had lobbed goalkeeper Stewart Kerr, powerless to collect an under-hit backpass from Alan Stubbs.</p>
<p>&quot;I always felt the first goal was going to be vital, and so it proved,&quot; said a disappointed Celtic manager Tommy Burns afterwards.</p>
<p>&quot;But it was a very poor game as a spectacle. You had two sets of players terrified to make a mistake. It's a shame. The game should be about more than that.&quot;</p>
<p>Victory for Celtic would have moved them to within two points of Rangers, whose win took them eight points clear of Celtic at the top. Both sides have six more games to play.</p>
<p>Walter Smith, the Rangers manager, was magnanimous in victory, saying: &quot;Of course we will not be claiming the title yet, though I might have a drink to celebrate the win tonight.</p>
<p>&quot;We have now beaten Celtic four times this season but we're only eight points ahead. That shows our record against the other teams has not been as good as it could be. We cannot relax for a minute.&quot;</p>
<p>Rangers could also find themsleves in trouble with the Scottish Football Association for an incident after the game. The Rangers players mimicked Celtic's ritual pre-match huddle by performing their own victory huddle afterwards.</p>
<p>&quot;I think they just did that for a laugh, there was nothing else in it,&quot; said Smith.</p>
<p>The huddle, though, followed some angry face-offs between the players after the final whistle, with Celtic's volatile Italian striker Paolo Di Canio in particular having to be restrained.</p>
<p>He appeared to be trying to single-handedly take on the entire Rangers' dugout before being guided towards the sanctuary of his own dressing room by two Celtic officials.</p>
<p>The match was full of intense rivalry but poor football, with crunching and ferocious tackling from both teams.</p>
<p>Celtic almost scored what would have been a memorable goal three minutes before halftime when Di Canio volleyed a 30-metre shot against the bar following a free kick.</p>
<p>The messy nature of the match was summed up by an unseemly skirmish midway through the second half which led to Hateley's dismissal, just 67 minutes into his return to Rangers after 18 months in London with Queens Park Rangers.</p>
<p>The 35-year-old English striker was shown the red card for appearing to head-butt Celtic keeper Stewart Kerr after Rangers had been awarded a free kick for an earlier infringment.</p>
<p>Celtic also finished the match with 10 men when  Mackay was sent off in the 80th minute for hauling down Laudrup.</p>
<p>But Rangers, with six regular first team players missing through illness or injury, ended the game on a high note, moving within touching distance of equalling the record of nine sucessive titles achieved by Celtic between 1965 and 1974.</p>
<p>If they do that, goalkeeper Andy Dibble will have a great reason to remember what might prove to be his only match for Rangers.</p>
<p>The 31-year-old Manchester City third choice, signed as cover for Rangers because of the injury to first choice Andy Goram, found himself thrown into the match when No.2 keeper Theo Snelders was also injured.</p>
<p>He had a fine, if largely untroubled debut, making sure Rangers avenged their defeat to Celtic in the Scottish Cup last week.</p>
</text>
<copyright>(c) Reuters Limited 1997</copyright>
<metadata>
<codes class="bip:countries:1.0">
  <code code="UK">
    <editdetail attribution="Reuters BIP Coding Group" action="confirmed" date="1997-03-16"/>
  </code>
</codes>
<codes class="bip:topics:1.0">
  <code code="GCAT">
    <editdetail attribution="Reuters BIP Coding Group" action="confirmed" date="1997-03-16"/>
  </code>
  <code code="GSPO">
    <editdetail attribution="Reuters BIP Coding Group" action="confirmed" date="1997-03-16"/>
  </code>
</codes>
<dc element="dc.date.created" value="1997-03-16"/>
<dc element="dc.publisher" value="Reuters Holdings Plc"/>
<dc element="dc.date.published" value="1997-03-16"/>
<dc element="dc.source" value="Reuters"/>
<dc element="dc.creator.location" value="GLASGOW"/>
<dc element="dc.creator.location.country.name" value="UK"/>
<dc element="dc.source" value="Reuters"/>
</metadata>
</newsitem>
