<?xml version="1.0" encoding="iso-8859-1" ?>
<newsitem itemid="445367" id="root" date="1997-03-16" xml:lang="en">
<title>USA: ALPINE SKIING-MEN'S SLALOM FIRST LEG TIMES.</title>
<headline>ALPINE SKIING-MEN'S SLALOM FIRST LEG TIMES.</headline>
<dateline>VAIL, Colorado 1997-03-16</dateline>
<text>
<p>Times from the first leg</p>
<p>of the men's slalom at the World Cup Finals on Sunday:</p>
<p>  1. Finn Chr. Jagge (Norway)		   50.35 seconds</p>
<p>  2. Thomas Sykora (Austria)		    51.07</p>
<p>  3. Thomas Stangassinger (Austria)	   51.08</p>
<p>  4. Tom Stiansen (Norway)			51.10</p>
<p>  5. Alberto Tomba (Italy)			51.24</p>
<p>  6. Ole Christian Furuseth (Norway)	  51.40</p>
<p>  7. Mario Reiter (Austria)		     51.45</p>
<p>  8. Markus Eberle (Germany)		    51.56</p>
<p>  9. Guenther Mader (Austria)		   51.58</p>
<p> 10. Siegfried Voglreiter (Austria)	   51.66</p>
<p> 11. Michael von Gruenigen (Switzerland)    51.76</p>
<p> 12. Fabrizio Tescari (Italy)		   51.94</p>
<p> 13. Lasse Kjus (Norway)			  51.98</p>
<p> 14. Yves Dimier (France)			 52.02</p>
<p> 15. Matthew Grosjean (U.S.)		    52.03</p>
<p> 16. Kjetil Andre Aamodt (Norway)	     52.06</p>
<p> 17. Andrej Miklavc (Slovenia)		  52.29</p>
<p> 18. Francois Simond (France)		   52.30</p>
<p> 19. Jure Kosir (Slovenia)			52.55</p>
<p> 20. Christian Mayer (Austria)		  53.06</p>
<p> 21. Sebastien Amiez (France)		   56.46</p>
<p>Did not finish first run:</p>
<p>Kiminobu Kimura (Japan)</p>
<p>Andrea Zinsli (Switzerland)</p>
<p>Rene Mlekuz (Slovenia)</p>
<p>Pierrick Bourgeat (France)</p>
<p>Mitja Dragsic (Slovenia)</p>
<p>Disqualified first run:</p>
<p>Martin Hansson (Sweden)</p>
</text>
<copyright>(c) Reuters Limited 1997</copyright>
<metadata>
<codes class="bip:countries:1.0">
  <code code="USA">
    <editdetail attribution="Reuters BIP Coding Group" action="confirmed" date="1997-03-16"/>
  </code>
</codes>
<codes class="bip:topics:1.0">
  <code code="GCAT">
    <editdetail attribution="Reuters BIP Coding Group" action="confirmed" date="1997-03-16"/>
  </code>
  <code code="GSPO">
    <editdetail attribution="Reuters BIP Coding Group" action="confirmed" date="1997-03-16"/>
  </code>
</codes>
<dc element="dc.date.created" value="1997-03-16"/>
<dc element="dc.publisher" value="Reuters Holdings Plc"/>
<dc element="dc.date.published" value="1997-03-16"/>
<dc element="dc.source" value="Reuters"/>
<dc element="dc.creator.location" value="VAIL, Colorado"/>
<dc element="dc.creator.location.country.name" value="USA"/>
<dc element="dc.source" value="Reuters"/>
</metadata>
</newsitem>
