<?xml version="1.0" encoding="iso-8859-1" ?>
<newsitem itemid="445359" id="root" date="1997-03-16" xml:lang="en">
<title>USA: ALPINE SKIING-WOMEN'S SLALOM RESULTS.</title>
<headline>ALPINE SKIING-WOMEN'S SLALOM RESULTS.</headline>
<dateline>VAIL, Colorado 1997-03-16</dateline>
<text>
<p>Results of the women's slalom race at the World Cup Finals on Sunday:</p>
<p>  1= Lara Magoni (Italy) one minute 35.77 seconds (46.71/49.06)</p>
<p>  1= Pernilla Wiberg (Sweden)	1:35.77 (47.47/48.30)</p>
<p>  3. Katja Seizinger (Germany)     1:36.31 (46.89/49.42)</p>
<p>  4. Ingrid Salvenmoser (Austria)  1:36.97 (47.60/49.37)</p>
<p>  5. Trine Bakke (Norway)	    1:37.31 (47.42/49.89)</p>
<p>  6. Deborah Compagnoni (Italy)    1:37.35 (47.48/49.87)</p>
<p>  7. Patricia Chauvet (France)     1:37.60 (47.85/49.75)</p>
<p>  8. Gabriela Zingre-Graf (Switzerland) 1:37.62 (48.02/49.60)</p>
<p>  9. Claudia Riegler (New Zealand) 1:37.72 (48.16/49.56)</p>
<p> 10. Martina Ertl (Germany)	  1:37.74 (47.78/49.96)</p>
<p> 11. Hilde Gerg (Germany)	    1:37.88 (48.10/49.78)</p>
<p> 12. Natasa Bokal (Slovenia)	 1:37.90 (48.57/49.33)</p>
<p> 13. Vanessa Vidal (France)	  1:38.14 (47.81/50.33)</p>
<p> 14. Anita Wachter (Austria)	 1:38.25 (48.16/50.09)</p>
<p> 15. Martina Accola (Switzerland)  1:38.31 (48.04/50.27)</p>
<p> 16. Kristina Andersson (Sweden)   1:40.20 (49.09/51.11)</p>
<p>Did not finish first run :</p>
<p>Elfi Eder (Austria)</p>
<p>Yiva Nowen (Sweden)</p>
<p>Karin Roten (Switzerland)</p>
<p>Annemarie Gerg (Germany)</p>
<p>Renate Goetschl (Austria)</p>
<p>Tanja Poutiainen (Finland)</p>
<p>Did not finish second run:</p>
<p>Marlies Oester (Switzerland)</p>
<p>Florence Masnada (France)</p>
<p>Leila Piccard (France)</p>
<p>Disqualified second run:</p>
<p>Sabine Egger (Austria)</p>
<p>Sonja Nef (Switzerland)</p>
</text>
<copyright>(c) Reuters Limited 1997</copyright>
<metadata>
<codes class="bip:countries:1.0">
  <code code="USA">
    <editdetail attribution="Reuters BIP Coding Group" action="confirmed" date="1997-03-16"/>
  </code>
</codes>
<codes class="bip:topics:1.0">
  <code code="GCAT">
    <editdetail attribution="Reuters BIP Coding Group" action="confirmed" date="1997-03-16"/>
  </code>
  <code code="GSPO">
    <editdetail attribution="Reuters BIP Coding Group" action="confirmed" date="1997-03-16"/>
  </code>
</codes>
<dc element="dc.date.created" value="1997-03-16"/>
<dc element="dc.publisher" value="Reuters Holdings Plc"/>
<dc element="dc.date.published" value="1997-03-16"/>
<dc element="dc.source" value="Reuters"/>
<dc element="dc.creator.location" value="VAIL, Colorado"/>
<dc element="dc.creator.location.country.name" value="USA"/>
<dc element="dc.source" value="Reuters"/>
</metadata>
</newsitem>
