<?xml version="1.0" encoding="iso-8859-1" ?>
<newsitem itemid="445365" id="root" date="1997-03-16" xml:lang="en">
<title>USA: GOLF-LEADING THIRD ROUND SCORES AT HONDA CLASSIC.</title>
<headline>GOLF-LEADING THIRD ROUND SCORES AT HONDA CLASSIC.</headline>
<dateline>CORAL SPRINGS, Fla. 1997-03-16</dateline>
<text>
<p>Third round scores at the $1.5 million Honda Classic at the 7,030-yard, par-72 TPC at Heron Bay on Sunday (players U.S. unless stated):</p>
<p>203 Stuart Appleby (Australia) 68 68 67</p>
<p>204 Payne Stewart 68 68 68</p>
<p>205 Paul Stankowski 67 66 72</p>
<p>206 Andrew Magee 70 68 68, P.H. Horgan 69 69 68, Colin</p>
<p>Montgomerie (Britain) 68 68 70, Robert Gamez 70 66 70, Lee Janzen</p>
<p>67 68 71, John Huston 69 65 72</p>
<p>207 Tim Herron 73 67 67, Dick Mast 70 71 66, Mike Brisky 71 66</p>
<p>70, Greg Kraft 68 67 72, Doug Martin 69 66 72, Michael Bradley 69</p>
<p>65 73</p>
<p>208 Tom Lehman 72 68 68, Joe Durant 69 71 68, Jesper Parnevik</p>
<p>(Sweden) 71 69 68, Ronnie Black 69 71 68, Curt Byrum 73 66 69,</p>
<p>Craig Parry (Australia) 74 64 70, Jim Carter 72 66 70, Guy Boros</p>
<p>69 69 70, Ian Woosnam (Britain) 70 67 71.</p>
<p>International scores</p>
<p>210 Hideki Kase (Japan) 72 66 72</p>
<p>211 Bernhard Langer (Germany) 70 70 71</p>
<p>212 Ernie Els (South Africa) 72 69 71, Rafael Alarcon (Mexico) 69 72 71</p>
<p>213 Vijay Singh (Fiji) 72 69 72</p>
<p>214 Naomichi &quot;Joe&quot; Ozaki (Japan) 70 72 72</p>
</text>
<copyright>(c) Reuters Limited 1997</copyright>
<metadata>
<codes class="bip:countries:1.0">
  <code code="USA">
    <editdetail attribution="Reuters BIP Coding Group" action="confirmed" date="1997-03-16"/>
  </code>
</codes>
<codes class="bip:topics:1.0">
  <code code="GCAT">
    <editdetail attribution="Reuters BIP Coding Group" action="confirmed" date="1997-03-16"/>
  </code>
  <code code="GSPO">
    <editdetail attribution="Reuters BIP Coding Group" action="confirmed" date="1997-03-16"/>
  </code>
</codes>
<dc element="dc.date.created" value="1997-03-16"/>
<dc element="dc.publisher" value="Reuters Holdings Plc"/>
<dc element="dc.date.published" value="1997-03-16"/>
<dc element="dc.source" value="Reuters"/>
<dc element="dc.creator.location" value="CORAL SPRINGS, Fla."/>
<dc element="dc.creator.location.country.name" value="USA"/>
<dc element="dc.source" value="Reuters"/>
</metadata>
</newsitem>
