<?xml version="1.0" encoding="iso-8859-1" ?>
<newsitem itemid="445396" id="root" date="1997-03-16" xml:lang="en">
<title>UK: SOCCER SHOWCASE-RANGERS BEAT CELTIC 1-0.</title>
<headline>SOCCER SHOWCASE-RANGERS BEAT CELTIC 1-0.</headline>
<dateline>GLASGOW 1997-03-16</dateline>
<text>
<p>Rangers beat Celtic 1-0</p>
<p>(halftime 1-0) in a Scottish premier division match at Celtic</p>
<p>Park on Sunday</p>
<p>    Celtic	 0</p>
<p>    Rangers	1 (Brian Laudrup 44)</p>
<p>Attemdamce: 49,929</p>
<p>Red Cards: Mark Hateley (R) 67</p>
<p>		   Malky Mackay (C) 80</p>
<p>Celtic: 1-Stewart Kerr; 2-Enrico Annoni, 3-Tosh McKinlay,</p>
<p>4-Jackie McNamara, 5-Malky Mackay, 9-Alan Stubbs (15-Simon</p>
<p>Donnelly 62) 6-Peter Grant (12-David Hannah 68), 7-Paolo Di</p>
<p>Canio, 8-Paul McStay, 10-Phil O'Donnell, 11-Jorge Cadete</p>
<p>Rangers: 1-Andy Dibble, 2-Alex Cleland, 3-Jorg Albertz,</p>
<p>4-Richard Gough (12-Charlie Miller 62), 5-Alan McLaren,</p>
<p>6-Joachim Bjorklund, 7-Craig Moore, 8-Ian Ferguson, 9-Ian</p>
<p>Durrant (14-Ally McCoist 87), 10-Mark Hateley, 11-Brian Laudrup</p>
</text>
<copyright>(c) Reuters Limited 1997</copyright>
<metadata>
<codes class="bip:countries:1.0">
  <code code="UK">
    <editdetail attribution="Reuters BIP Coding Group" action="confirmed" date="1997-03-16"/>
  </code>
</codes>
<codes class="bip:topics:1.0">
  <code code="GCAT">
    <editdetail attribution="Reuters BIP Coding Group" action="confirmed" date="1997-03-16"/>
  </code>
  <code code="GSPO">
    <editdetail attribution="Reuters BIP Coding Group" action="confirmed" date="1997-03-16"/>
  </code>
</codes>
<dc element="dc.date.created" value="1997-03-16"/>
<dc element="dc.publisher" value="Reuters Holdings Plc"/>
<dc element="dc.date.published" value="1997-03-16"/>
<dc element="dc.source" value="Reuters"/>
<dc element="dc.creator.location" value="GLASGOW"/>
<dc element="dc.creator.location.country.name" value="UK"/>
<dc element="dc.source" value="Reuters"/>
</metadata>
</newsitem>
