<?xml version="1.0" encoding="iso-8859-1" ?>
<newsitem itemid="445351" id="root" date="1997-03-16" xml:lang="en">
<title>USA: ALPINE SKIING-ALPHAND TAKES OVERALL TITLE AS JAGGE WINS SLALOM.</title>
<headline>ALPINE SKIING-ALPHAND TAKES OVERALL TITLE AS JAGGE WINS SLALOM.</headline>
<byline>Larry Fine</byline>
<dateline>VAIL, Colorado 1997-03-16</dateline>
<text>
<p>Norway's Finn Christian Jagge won the last race of the World Cup season on Sunday but the biggest winner of the day was France's Luc Alphand, who was crowned World Cup overall champion after the men's slalom.</p>
<p>The 31-year-old Alphand, a spectator on the last day, registered an historic triumph when his only rival for the overall title, Kjetil Andre Aamodt of Norway, failed to finish first or second in the climactic slalom.</p>
<p>&quot;There is lots of emotion,&quot; said Alphand, mobbed by teammates, coaches and friends in the finish area once the title was clinched.</p>
<p>&quot;It's like a liberation just now. The last two weeks have been very hard, there has been great pressure,&quot; added Alphand, who also won the downhill and Super-G season titles.</p>
<p>Alphand became the first French overall champion since Jean-Claude Killy 29 years ago and is the first speed specialist ever to win the crown.</p>
<p>&quot;I have all the cups in my hand and later I will think about it,&quot; he said.</p>
<p>Aamodt gave it a gallant try on Sunday, battling back after standing 16th in the first run. He skied the second fastest second leg saw his faint hope extinguished when Austrian Mario Reiter, the 15th of 21 skiers, bumped him out of second place. Aamodt, with a time of 1:39.01, eventually wound up in seventh.</p>
<p>&quot;It was inevitable,&quot; said the 25-year-old Aamodt, who won the overall crown in 1994.</p>
<p>&quot;I needed a miracle to be second today. Alphand won six races and I won only one this year. That's the most important thing -- to win races. He deserves it.&quot;</p>
<p>Jagge led by a comfortable 0.73 of a second after a blistering run through the 62-gate course on Vail Mountain. The Norwegian skied more carefully the second time down, and won with a combined time of one minute 37.94 seconds, 0.12 of a second faster than Austrian Thomas Stangassinger.</p>
<p>Italian star Alberto Tomba, hampered this season by injuries, skied a masterful second run to finish third in 1:38.19, three-tenths of a second better than Reiter.</p>
<p>Swiss giant slalom champion Michael von Gruenigen finished fifth ahead of Ole Christian Furuseth and Aamodt.</p>
<p>The victory boosted Jagge into third place in the final slalom standings behind champion Thomas Sykora of Austria, who finished ninth on Sunday, and second-placed Stangassinger.</p>
<p>Jagge sneaked past France's Sebastien Amiez into third place by just one point, 374-373. Amiez, slalom silver medallist at the world championships, missed a gate in his first run and skied back to complete the leg but finished 18th and last in the race.</p>
<p>Jagge said he was not disappointed at all the attention given to Alphand on the day of his only victory of the season.</p>
<p>&quot;Today's winner is Luc Alphand,&quot; said Jagge. &quot;This is the Finals and we're here to find the winner of the World Cup.&quot;</p>
<p>Alphand finished the season with 1,130 points, built upon four downhill and two Super-G victories. Aamodt had 1,096 points, 75 ahead of Austrian Josef Strobl.</p>
</text>
<copyright>(c) Reuters Limited 1997</copyright>
<metadata>
<codes class="bip:countries:1.0">
  <code code="USA">
    <editdetail attribution="Reuters BIP Coding Group" action="confirmed" date="1997-03-16"/>
  </code>
</codes>
<codes class="bip:topics:1.0">
  <code code="GCAT">
    <editdetail attribution="Reuters BIP Coding Group" action="confirmed" date="1997-03-16"/>
  </code>
  <code code="GSPO">
    <editdetail attribution="Reuters BIP Coding Group" action="confirmed" date="1997-03-16"/>
  </code>
</codes>
<dc element="dc.date.created" value="1997-03-16"/>
<dc element="dc.publisher" value="Reuters Holdings Plc"/>
<dc element="dc.date.published" value="1997-03-16"/>
<dc element="dc.source" value="Reuters"/>
<dc element="dc.creator.location" value="VAIL, Colorado"/>
<dc element="dc.creator.location.country.name" value="USA"/>
<dc element="dc.source" value="Reuters"/>
</metadata>
</newsitem>
