<?xml version="1.0" encoding="iso-8859-1" ?>
<newsitem itemid="445354" id="root" date="1997-03-16" xml:lang="en">
<title>SPAIN: SOCCER-AMUNIKE KEEPS BARCELONA IN TOUCH.</title>
<headline>SOCCER-AMUNIKE KEEPS BARCELONA IN TOUCH.</headline>
<dateline>MADRID 1997-03-16</dateline>
<text>
<p>Substitute Emmanuel Amunike kept Barcelona in the Spanish title race at Logrones on Sunday with an 82nd minute winner.</p>
<p>The 1-0 result left Barcelona six points adrift of leaders Real Madrid, who play at Real Sociedad on Monday. Bobby Robson's side clung on to second place on goal difference ahead of Betis, who had thrashed Rayo Vallecano 4-0 earlier.</p>
<p>Amunike, who has struggled since signing form Sporting Lisbon, headed home his first goal for his new club from a free-kick by midfielder Ivan de la Pena.</p>
<p>But with strikers Ronaldo and Juan Pizzi having a quiet day, Barcelona had been forced to watch struggling Logrones dominate the game with veteran forward Ruben Sosa at the helm.</p>
<p>In the end Logrones ran out of steam, and Amunike's goal was helped by some sloppy work in the home side's defence.</p>
<p>Betis kept up their strong challenge thanks to a second successive league hat-trick by Alfonso Perez, who was given a standing ovation by Rayo Vallecano fans after being substituted towards the end of their side's 4-0 defeat.</p>
<p>Former Ajax winger Finidi George was carried off twice because of heavy challenges and was rated doubtful for the next Betis game.</p>
<p>Deportivo Coruna stayed three points behind in fourth place after Saturday's 1-0 win at Espanyol.</p>
<p>In another game played on Saturday, Atletico Madrid threw away their faint hopes of retaining the league title by crashing 4-1 at home to Valencia.</p>
<p>Atletico are fifth, seven points behind Deportivo and 16 adrift of neighbours Real.</p>
</text>
<copyright>(c) Reuters Limited 1997</copyright>
<metadata>
<codes class="bip:countries:1.0">
  <code code="SPAIN">
    <editdetail attribution="Reuters BIP Coding Group" action="confirmed" date="1997-03-16"/>
  </code>
</codes>
<codes class="bip:topics:1.0">
  <code code="GCAT">
    <editdetail attribution="Reuters BIP Coding Group" action="confirmed" date="1997-03-16"/>
  </code>
  <code code="GSPO">
    <editdetail attribution="Reuters BIP Coding Group" action="confirmed" date="1997-03-16"/>
  </code>
</codes>
<dc element="dc.date.created" value="1997-03-16"/>
<dc element="dc.publisher" value="Reuters Holdings Plc"/>
<dc element="dc.date.published" value="1997-03-16"/>
<dc element="dc.source" value="Reuters"/>
<dc element="dc.creator.location" value="MADRID"/>
<dc element="dc.creator.location.country.name" value="SPAIN"/>
<dc element="dc.source" value="Reuters"/>
</metadata>
</newsitem>
