<?xml version="1.0" encoding="iso-8859-1" ?>
<newsitem itemid="445397" id="root" date="1997-03-16" xml:lang="en">
<title>UK: SOCCER-SCOTTISH PREMIER DIVISION STANDINGS.</title>
<headline>SOCCER-SCOTTISH PREMIER DIVISION STANDINGS.</headline>
<dateline>GLASGOW 1997-03-16</dateline>
<text>
<p>Scottish premier division</p>
<p>soccer standings after Sunday's match:</p>
<p>				    Pl  W  D  L  F A   Pts</p>
<p>  1. Rangers		    30 22  5  3 72 26   71</p>
<p>  2. Celtic		     30 20  3  7 66 28   63</p>
<p>  3. Dundee United	    30 15  8  7 42 25   53</p>
<p>  4. Hearts		     30 12  8 10 41 39   44</p>
<p>  5. Aberdeen		   30  9 11 10 41 47   38</p>
<p>  6. Dunfermline		30 11  5 14 43 54   38</p>
<p>  7. Kilmarnock		 30  9  3 18 35 55   30</p>
<p>  8. Motherwell		 30  7  8 15 34 51   29</p>
<p>  9. Hibernian		  30  7  8 15 29 48   29</p>
<p> 10. Raith			30  6  5 19 26 56   23</p>
</text>
<copyright>(c) Reuters Limited 1997</copyright>
<metadata>
<codes class="bip:countries:1.0">
  <code code="UK">
    <editdetail attribution="Reuters BIP Coding Group" action="confirmed" date="1997-03-16"/>
  </code>
</codes>
<codes class="bip:topics:1.0">
  <code code="GCAT">
    <editdetail attribution="Reuters BIP Coding Group" action="confirmed" date="1997-03-16"/>
  </code>
  <code code="GSPO">
    <editdetail attribution="Reuters BIP Coding Group" action="confirmed" date="1997-03-16"/>
  </code>
</codes>
<dc element="dc.date.created" value="1997-03-16"/>
<dc element="dc.publisher" value="Reuters Holdings Plc"/>
<dc element="dc.date.published" value="1997-03-16"/>
<dc element="dc.source" value="Reuters"/>
<dc element="dc.creator.location" value="GLASGOW"/>
<dc element="dc.creator.location.country.name" value="UK"/>
<dc element="dc.source" value="Reuters"/>
</metadata>
</newsitem>
