<?xml version="1.0" encoding="iso-8859-1" ?>
<newsitem itemid="445346" id="root" date="1997-03-16" xml:lang="en">
<title>USA: ALPINE SKIING-WOMEN'S STANDINGS AFTER FINAL SLALOM.</title>
<headline>ALPINE SKIING-WOMEN'S STANDINGS AFTER FINAL SLALOM.</headline>
<dateline>VAIL, Colorado 1997-03-16</dateline>
<text>
<p>Following are brief</p>
<p>profiles of the co-winners of the World Cup women's slalom at</p>
<p>the World Cup Finals on Sunday:</p>
<p>Name: Pernilla Wiberg</p>
<p>Age: 26</p>
<p>Nationality: Swedish</p>
<p>World Cup wins: 21; 14 slaloms, 1 giant slalom, 3 Super-G, 1</p>
<p>downhill, 2 combined</p>
<p>Wiberg, winner of four slalom and two Super-G races entering</p>
<p>the World Cup Finals this season, had already clinched the</p>
<p>overall championship, becoming the first Scandinavian woman to</p>
<p>win the crown. She captured her first career downhill at the</p>
<p>Finals to become the only active woman skier to own wins in</p>
<p>all four World Cup disciplines. Wiberg won Olympic gold in</p>
<p>1992 in the giant slalom and in 1994 in the combined. She won</p>
<p>world championship gold in the giant slalom in 1991 and the</p>
<p>1996 world title in combined.</p>
<p>Name: Lara Magoni</p>
<p>Age: 28</p>
<p>Nationality: Italian</p>
<p>World Cup wins: 1</p>
<p>Other feats: Won first World Cup race in season finale at</p>
<p>Vail. Took silver medal in the slalom at the world</p>
<p>championships at Sestriere. Finished second the week before</p>
<p>the Sestriere championships at Laax. A late bloomer who joined</p>
<p>the World Cup circuit in 1991.</p>
</text>
<copyright>(c) Reuters Limited 1997</copyright>
<metadata>
<codes class="bip:countries:1.0">
  <code code="ITALY">
    <editdetail attribution="Reuters BIP Coding Group" action="confirmed" date="1997-03-16"/>
  </code>
  <code code="SWED">
    <editdetail attribution="Reuters BIP Coding Group" action="confirmed" date="1997-03-16"/>
  </code>
  <code code="USA">
    <editdetail attribution="Reuters BIP Coding Group" action="confirmed" date="1997-03-16"/>
  </code>
</codes>
<codes class="bip:topics:1.0">
  <code code="GCAT">
    <editdetail attribution="Reuters BIP Coding Group" action="confirmed" date="1997-03-16"/>
  </code>
  <code code="GSPO">
    <editdetail attribution="Reuters BIP Coding Group" action="confirmed" date="1997-03-16"/>
  </code>
</codes>
<dc element="dc.date.created" value="1997-03-16"/>
<dc element="dc.publisher" value="Reuters Holdings Plc"/>
<dc element="dc.date.published" value="1997-03-16"/>
<dc element="dc.source" value="Reuters"/>
<dc element="dc.creator.location" value="VAIL, Colorado"/>
<dc element="dc.creator.location.country.name" value="USA"/>
<dc element="dc.source" value="Reuters"/>
</metadata>
</newsitem>
