<?xml version="1.0" encoding="iso-8859-1" ?>
<newsitem itemid="445357" id="root" date="1997-03-16" xml:lang="en">
<title>COSTA RICA: SOCCER-MEXICO SECURE VALUABLE POINT IN COSTA RICA.</title>
<headline>SOCCER-MEXICO SECURE VALUABLE POINT IN COSTA RICA.</headline>
<dateline>SAN JOSE 1997-03-16</dateline>
<text>
<p>Mexico earned a valuable away point by holding Costa Rica to a 0-0 draw in a CONCACAF World Cup qualifier on Sunday.</p>
<p>Costa Rica had scored 10 goals in warm-up friendlies against Venezuela and Cameroon but found the Mexican defence a different propostion in an evenly-balanced game which saw both sides adopt a cautious approach.</p>
<p>The home team, playing their first match in the final stage of the CONCACAF qualifiers, looked more dangerous in the second half with substitute Jafet Soto causing problems.</p>
<p>&quot;My team showed personality,&quot; said Mexico's Yugoslav coach Bora Milutinovic, whose team beat Canada 4-0 at home last week.</p>
<p>Mexican fans had feared an upset in the making after their team lost away to Honduras and Jamaica in the previous stage of the qualifying competition.</p>
<p>&quot;We dominated for 60 or 70 minutes,&quot; said Horacio Cordero, Costa Rica's Argentine coach.</p>
<p>Costa Rica: 1-Erick Lonnis, 2-Harold Wallace, 4-Ronald Gonzalez, 16-Austin Berry, 3-Luis Antonio Maron; 14-Benjamin Mayorga, 8- Mauricio Sols, 6-Wilmer Lopez, 11-Roy Myers (10- Jafet Soto, 59), 9-Paulo Cesar Wanchope, 17-Hernan Medford (7-Allan Oviedo, 78)</p>
<p>Mexico - 25-Adolfo Rios, 13-Pavel Pardo, 2-Claudio Suarez, 5-Duilio Davino, 7-Ramon Ramirez, 16-Alberto Coyote, 8-Alberto Garcia Aspe, 18-Enrique Alfaro (15-Luis Hernandez, 46), 17-Benjamin Galindo (14-Nicolas Ramirez, 70), 27-Carlos Hermosillo (19-Ricardo Pelaez, 60), 11-Zague.</p>
</text>
<copyright>(c) Reuters Limited 1997</copyright>
<metadata>
<codes class="bip:countries:1.0">
  <code code="COSR">
    <editdetail attribution="Reuters BIP Coding Group" action="confirmed" date="1997-03-16"/>
  </code>
  <code code="MEX">
    <editdetail attribution="Reuters BIP Coding Group" action="confirmed" date="1997-03-16"/>
  </code>
</codes>
<codes class="bip:topics:1.0">
  <code code="GCAT">
    <editdetail attribution="Reuters BIP Coding Group" action="confirmed" date="1997-03-16"/>
  </code>
  <code code="GSPO">
    <editdetail attribution="Reuters BIP Coding Group" action="confirmed" date="1997-03-16"/>
  </code>
</codes>
<dc element="dc.date.created" value="1997-03-16"/>
<dc element="dc.publisher" value="Reuters Holdings Plc"/>
<dc element="dc.date.published" value="1997-03-16"/>
<dc element="dc.source" value="Reuters"/>
<dc element="dc.creator.location" value="SAN JOSE"/>
<dc element="dc.creator.location.country.name" value="COSTA RICA"/>
<dc element="dc.source" value="Reuters"/>
</metadata>
</newsitem>
