<?xml version="1.0" encoding="iso-8859-1" ?>
<newsitem itemid="445350" id="root" date="1997-03-16" xml:lang="en">
<title>USA: ALPINE SKIING-MEN'S STANDINGS AFTER WORLD CUP FINALS RACE.</title>
<headline>ALPINE SKIING-MEN'S STANDINGS AFTER WORLD CUP FINALS RACE.</headline>
<dateline>VAIL, Colorado 1997-03-16</dateline>
<text>
<p>World Cup men's</p>
<p>standings after Sunday's slalom, the last race of the World</p>
<p>Cup season:</p>
<p>Final overall standings</p>
<p>  1. Luc Alphand (France)		     1,130 points</p>
<p>  2. Kjetil Andre Aamodt (Norway)	   1,096</p>
<p>  3. Josef Strobl (Austria)		   1,021</p>
<p>  4. Kristian Ghedina (Italy)		   990</p>
<p>  5. Michael Von Gruenigen (Switzerland)    867</p>
<p>  6. Andreas Schifferer (Austria)	     781</p>
<p>  7. Hans Knaus (Austria)			 756</p>
<p>  8. Thomas Sykora (Austria)		    697</p>
<p>  9. Thomas Stangassinger (Austria)	   670</p>
<p> 10. Werner Franz (Austria)		     660</p>
<p> 11. Atle Skaardal (Norway)		     644</p>
<p> 12. Fritz Strobl (Austria)		     641</p>
<p> 13. Lasse Kjus (Norway)			  625</p>
<p> 14. Guenther Mader (Austria)		   611</p>
<p> 15. Steve Locher (Switzerland)		 449</p>
<p> 16. Finn Christian Jagge (Norway)	    424</p>
<p> 17. Pietro Vitalini (Italy)		    419</p>
<p> 18.=Sebastien Amiez (France)		   396</p>
<p> 18.=Fredrik Nyberg (Sweden)		    396</p>
<p> 20. Bruno Kernen (Switzerland)		 394</p>
<p>Final slalom standings:</p>
<p>  1. Sykora					   695</p>
<p>  2. Stangassinger				  670</p>
<p>  3. Jagge					    374</p>
<p>  4. Amiez					    373</p>
<p>  5. Alberto Tomba (Italy)			352</p>
<p>  6. Aamodt					   304</p>
<p>  7. Tom Stiansen (Norway)			296</p>
<p>  8. Kiminobu Kimura (Japan)		    289</p>
<p>  9. Ole Christian Furuseth (Norway)	  286</p>
<p> 10. Mario Reiter (Austria)		     272</p>
<p> 11. Von Gruenigen				  207</p>
<p> 12. Markus Eberle (Germany)		    203</p>
<p> 13.=Andrej Miklavc (Slovenia)		  188</p>
<p> 13.=Martin Hansson (Sweden)		    188</p>
<p> 15. Siegfried Voglreiter (Austria)	   180</p>
<p> 16. Jure Kosir (Slovenia)			150</p>
<p> 17. Matthew Grosjean (U.S.)		    144</p>
<p> 18. Christian Mayer (Austria)		  137</p>
<p> 19. Andrea Zinsli (Switzerland)		128</p>
<p> 20. Francois Simond (France)		   120</p>
</text>
<copyright>(c) Reuters Limited 1997</copyright>
<metadata>
<codes class="bip:countries:1.0">
  <code code="FRA">
    <editdetail attribution="Reuters BIP Coding Group" action="confirmed" date="1997-03-16"/>
  </code>
  <code code="USA">
    <editdetail attribution="Reuters BIP Coding Group" action="confirmed" date="1997-03-16"/>
  </code>
</codes>
<codes class="bip:topics:1.0">
  <code code="GCAT">
    <editdetail attribution="Reuters BIP Coding Group" action="confirmed" date="1997-03-16"/>
  </code>
  <code code="GSPO">
    <editdetail attribution="Reuters BIP Coding Group" action="confirmed" date="1997-03-16"/>
  </code>
</codes>
<dc element="dc.date.created" value="1997-03-16"/>
<dc element="dc.publisher" value="Reuters Holdings Plc"/>
<dc element="dc.date.published" value="1997-03-16"/>
<dc element="dc.source" value="Reuters"/>
<dc element="dc.creator.location" value="VAIL, Colorado"/>
<dc element="dc.creator.location.country.name" value="USA"/>
<dc element="dc.source" value="Reuters"/>
</metadata>
</newsitem>
