<?xml version="1.0" encoding="iso-8859-1" ?>
<newsitem itemid="445372" id="root" date="1997-03-16" xml:lang="en">
<title>ITALY: SOCCER-ITALIAN FIRST DIVISION RESULTS AND STANDINGS.</title>
<headline>SOCCER-ITALIAN FIRST DIVISION RESULTS AND STANDINGS.</headline>
<dateline>ROME 1997-03-16</dateline>
<text>
<p>Results of Italian first division</p>
<p>soccer matches played on Sunday and league standings:</p>
<p> Bologna    2 Napoli     1</p>
<p> Cagliari   2 Vicenza    1</p>
<p> Lazio	3 Atalanta   2</p>
<p> Sampdoria  3 Reggiana   0</p>
<p> Udinese    2 Perugia    1</p>
<p> Verona     0 Piacenza   0</p>
<p>Played on Saturday:</p>
<p> Juventus   3 Roma	 0</p>
<p> Milan	2 Fiorentina 0</p>
<p> Parma	1 Inter	0</p>
<p>Standings:</p>
<p> 1.  Juventus   24   13   9    2   34  15   48</p>
<p> 2.  Parma	24   12   7    5   27  19   43</p>
<p> 3.  Sampdoria  24   11   6    7   46  34   39</p>
<p> 4.  Inter	24    9  11    4   33  24   38</p>
<p> 5.  Bologna    24   11   5    8   38  30   38</p>
<p> 6.  Roma	 24    9   8    7   37  33   35</p>
<p> 7.  Atalanta   24    9   8    7   35  30   35</p>
<p> 8.  Vicenza    24    9   7    8   35  30   34</p>
<p> 9.  Lazio	24    9   7    8   28  26   34</p>
<p> 10. Milan	24    9   6    9   32  28   33</p>
<p> 11. Fiorentina 24    7  10    7   32  28   31</p>
<p> 12. Udinese    24    8   7    9   32  34   31</p>
<p> 13. Napoli     24    7  10    7   28  32   31</p>
<p> 14. Piacenza   24    5  11    8   18  28   26</p>
<p> 15. Cagliari   24    5   8   11   27  39   23</p>
<p> 16. Perugia    24    6   5   13   29  44   23</p>
<p> 17. Verona     24    4   6   14   30  50   18</p>
<p> 18. Reggiana   24    2  11   11   22  39   17</p>
</text>
<copyright>(c) Reuters Limited 1997</copyright>
<metadata>
<codes class="bip:countries:1.0">
  <code code="ITALY">
    <editdetail attribution="Reuters BIP Coding Group" action="confirmed" date="1997-03-16"/>
  </code>
</codes>
<codes class="bip:topics:1.0">
  <code code="GCAT">
    <editdetail attribution="Reuters BIP Coding Group" action="confirmed" date="1997-03-16"/>
  </code>
  <code code="GSPO">
    <editdetail attribution="Reuters BIP Coding Group" action="confirmed" date="1997-03-16"/>
  </code>
</codes>
<dc element="dc.date.created" value="1997-03-16"/>
<dc element="dc.publisher" value="Reuters Holdings Plc"/>
<dc element="dc.date.published" value="1997-03-16"/>
<dc element="dc.source" value="Reuters"/>
<dc element="dc.creator.location" value="ROME"/>
<dc element="dc.creator.location.country.name" value="ITALY"/>
<dc element="dc.source" value="Reuters"/>
</metadata>
</newsitem>
