<?xml version="1.0" encoding="iso-8859-1" ?>
<newsitem itemid="445377" id="root" date="1997-03-16" xml:lang="en">
<title>USA: NHL ICE HOCKEY-DEVILS BEAT CAPITALS, MOVE INTO SHARE OF FIRST.</title>
<headline>NHL ICE HOCKEY-DEVILS BEAT CAPITALS, MOVE INTO SHARE OF FIRST.</headline>
<dateline>EAST RUTHERFORD, New Jersey 1997-03-15</dateline>
<text>
<p>Dave Andreychuk scored his 500th career goal and Doug Gilmour added a goal and an assist as the New Jersey Devils defeated the Washington Capitals 3-2 Saturday to move into a tie with Philadelphia for first-place in the Eastern Conference.</p>
<p>The Devils extended their club-record home unbeaten streak to 15 games (9-0-6) and tied Philadelphia with 88 points.</p>
<p>Fittingly, Andreychuk reached the 500 plateau on one of his patented power-play goals off a rebound. Washington goaltender Bill Ranford stopped a shot by Bill Guerin, but Andreychuk drove to the front of the net, fought off a check by defenceman Mark Tinordi and tapped in the rebound with 10:57 left in the first period to give the Devils a 2-0 lead.</p>
<p>&quot;All the time I've been trying to get that goal, it figures that it just happened on one of those plays where I drove the net,&quot; said Andreychuk. &quot;After the goal I looked up at my parents. It's a real big thrill for the whole family.&quot;</p>
<p>&quot;It must be a relief for him,&quot; said Devils coach Jacques Lemaire. &quot;Any time you are looking for a milestone, you are thinking about it. I'm sure on some shifts he was thinking about it, and you don't get it naturally when that happens.</p>
<p>&quot;It was a fitting type of goal. He must have scored maybe 400 like that.&quot;</p>
<p>Andreychuk became the 26th player in NHL history -- 11 of them now active players -- to reach the 500-goal plateau. Joey Mullin became the first American to do it the night before.</p>
<p>Andreychuk, 33, has 24 goals in 69 games this season, his 15th in the NHL. He has 212 goals on the powerplay, and has 558 assists for 1,058 points in a career covering 1,070 games.</p>
<p>&quot;I look at the list and it's hard to believe I'm on it,&quot; said Andreychuk. &quot;There are some great players on the list. I guess it's a credit to my consistency, and I've played with some great centers: Gilbert Perreault, Doug Gilmour, Pierre Turgeon and Bobby Holik. As a winger, you need someome to get you the puck.&quot;</p>
<p>In Philadelphia, Brian Holzinger scored twice and the Buffalo Sabres chased Ron Hextall with four goals in the first 11 minutes and 34 seconds en route to a 7-5 victory over the Flyers in a battle of division leaders.</p>
<p>The Sabres completed a sweep of the home-and-home series. Buffalo, the Northeast Division leader, improved to 11-2-6 over its last 19 games.</p>
<p>In Boston, Anson Carter scored the goal-ahead goal four minutes into the second period and Jozef Stumpel added a goal and an assist as the Bruins defeated the New York Islanders 5-2 in a battle of two teams battling for the final playoff berth in the Eastern Conference.</p>
<p>The Islanders are six points behind eighth-place Montreal in the Eastern Conference playoff race. The Islanders remained in 11th place, just one point ahead of Boston.</p>
<p>At Tampa Bay, Brian Noonan scored his first two goals as a Canuck and set up another as Vancouver snapped a seven-game winless streak by beating the Lightning 5-2.</p>
<p>Martin Gelinas added a goal and two assists for the Canucks, 0-5-2 in their previous seven games.</p>
<p>Corey Hirsch lost his shutout bid with just under six minutes to go in the third period, but finished with 37 saves for the Canucks, who moved within four points of Chicago for the final Western Conference playoff berth.</p>
<p>In Montreal, Bruce Gardiner scored with 11:26 left in the third period as the Ottawa Senators stayed unbeaten against the Canadiens this season with a 2-2 tie.</p>
<p>Ottawa improved to 2-0-2 against Montreal this season and 1-5-1 in its last seven games overall.</p>
<p>The Canadiens matched a team record with their 20th overtime game of the season, equalling the mark set first in 1937-38 and again in 1991-92.</p>
<p>In Hartford, Jason Arnott's power-play goal with 5:30 left in the second period broke a tie and lifted the Edmonton Oilers to a 4-2 victory over the Whalers.</p>
<p>Mats Lindgren, Doug Weight and Rem Murray also scored for the Oilers, who finished a five-game road trip at 2-3 and won for the second time in their last 11 games (2-7-2).</p>
<p>In Florida, Larry Murphy's power-play goal with 6:58 left in the third period lifted the Toronto Maple Leafs into their fourth tie in five games, 3-3 with the Panthers.</p>
<p>Fredrik Modin had a goal and an assist for Toronto, which is winless in its last five games but 2-1-4 in its last seven.</p>
<p>In San Jose, Sergei Fedorov had two goals and an assist and the Detroit Red Wings turned back a third-period rally to hand the Sharks their fourth straight loss, 7-4.</p>
<p>The Red Wings collected four power-play goals and a shorthanded tally, and are 7-1-5 in their last 13 games.</p>
<p>At Los Angeles, Theo Fleury scored twice and Robert Reichel added a goal and an assist as the Calgary Flames defeated the Kings 5-2.</p>
<p>Fleury and Glen Featherstone had empty-net tallies in the final minute for the Flames, who have split the first six games of their seven-game, 16-day road trip.</p>
</text>
<copyright>(c) Reuters Limited 1997</copyright>
<metadata>
<codes class="bip:countries:1.0">
  <code code="USA">
    <editdetail attribution="Reuters BIP Coding Group" action="confirmed" date="1997-03-16"/>
  </code>
</codes>
<codes class="bip:topics:1.0">
  <code code="GCAT">
    <editdetail attribution="Reuters BIP Coding Group" action="confirmed" date="1997-03-16"/>
  </code>
  <code code="GSPO">
    <editdetail attribution="Reuters BIP Coding Group" action="confirmed" date="1997-03-16"/>
  </code>
</codes>
<dc element="dc.date.created" value="1997-03-15"/>
<dc element="dc.publisher" value="Reuters Holdings Plc"/>
<dc element="dc.date.published" value="1997-03-16"/>
<dc element="dc.source" value="Reuters"/>
<dc element="dc.creator.location" value="EAST RUTHERFORD, New Jersey"/>
<dc element="dc.creator.location.country.name" value="USA"/>
<dc element="dc.source" value="Reuters"/>
</metadata>
</newsitem>
