<?xml version="1.0" encoding="iso-8859-1" ?>
<newsitem itemid="445389" id="root" date="1997-03-16" xml:lang="en">
<title>UK: SOCCER-ENGLISH LEAGUE RESULTS.</title>
<headline>SOCCER-ENGLISH LEAGUE RESULTS.</headline>
<dateline>LONDON 1997-03-16</dateline>
<text>
<p>Result of an English premier</p>
<p>league soccer match on Sunday:</p>
<p> Chelsea		   6  Sunderland		2</p>
<p>Played Saturday:</p>
<p> Aston Villa	     0  West Ham		  0</p>
<p> Blackburn		 3  Wimbledon		 1</p>
<p> Everton		   1  Derby		     0</p>
<p> Leicester		 1  Middlesbrough	   3</p>
<p> Manchester United     2  Sheffield Wednesday   0</p>
<p> Newcastle		 4  Coventry		  0</p>
<p> Nottingham Forest     1  Liverpool		 1</p>
<p> Southampton	     0  Arsenal		   2</p>
<p> Tottenham		 1  Leeds		     0</p>
<p>Other matches played on Sunday:</p>
<p>Division one</p>
<p> West Bromwich	   2  Birminghamn	     0</p>
<p>Division two</p>
<p> Bristol Rovers	  1  Bristol City	    2</p>
<p>Division three</p>
<p> Leyton Orient	   0  Fulham		    2</p>
</text>
<copyright>(c) Reuters Limited 1997</copyright>
<metadata>
<codes class="bip:countries:1.0">
  <code code="UK">
    <editdetail attribution="Reuters BIP Coding Group" action="confirmed" date="1997-03-16"/>
  </code>
</codes>
<codes class="bip:topics:1.0">
  <code code="GCAT">
    <editdetail attribution="Reuters BIP Coding Group" action="confirmed" date="1997-03-16"/>
  </code>
  <code code="GSPO">
    <editdetail attribution="Reuters BIP Coding Group" action="confirmed" date="1997-03-16"/>
  </code>
</codes>
<dc element="dc.date.created" value="1997-03-16"/>
<dc element="dc.publisher" value="Reuters Holdings Plc"/>
<dc element="dc.date.published" value="1997-03-16"/>
<dc element="dc.source" value="Reuters"/>
<dc element="dc.creator.location" value="LONDON"/>
<dc element="dc.creator.location.country.name" value="UK"/>
<dc element="dc.source" value="Reuters"/>
</metadata>
</newsitem>
