<?xml version="1.0" encoding="iso-8859-1" ?>
<newsitem itemid="445379" id="root" date="1997-03-16" xml:lang="en">
<title>USA: TENNIS-CHAMPIONS CUP MEN'S RESULTS FROM INDIAN WELLS.</title>
<headline>TENNIS-CHAMPIONS CUP MEN'S RESULTS FROM INDIAN WELLS.</headline>
<dateline>INDIAN WELLS, California 1997-03-15</dateline>
<text>
<p>Results at</p>
<p>the $2.3 million Champions Cup men's tennis tournament on</p>
<p>Saturday (prefix number denotes seeding):</p>
<p>Semifinals</p>
<p>3-Michael Chang (U.S.) beat 2-Thomas Muster (Austria) 6-1 7-6</p>
<p>(7-1)</p>
<p>Bohdan Ulihrach (Czech Republic) beat Jonas Bjorkman (Sweden)</p>
<p>6-3 6-2</p>
</text>
<copyright>(c) Reuters Limited 1997</copyright>
<metadata>
<codes class="bip:countries:1.0">
  <code code="AUST">
    <editdetail attribution="Reuters BIP Coding Group" action="confirmed" date="1997-03-16"/>
  </code>
  <code code="CZREP">
    <editdetail attribution="Reuters BIP Coding Group" action="confirmed" date="1997-03-16"/>
  </code>
  <code code="SWED">
    <editdetail attribution="Reuters BIP Coding Group" action="confirmed" date="1997-03-16"/>
  </code>
  <code code="USA">
    <editdetail attribution="Reuters BIP Coding Group" action="confirmed" date="1997-03-16"/>
  </code>
</codes>
<codes class="bip:topics:1.0">
  <code code="GCAT">
    <editdetail attribution="Reuters BIP Coding Group" action="confirmed" date="1997-03-16"/>
  </code>
  <code code="GSPO">
    <editdetail attribution="Reuters BIP Coding Group" action="confirmed" date="1997-03-16"/>
  </code>
</codes>
<dc element="dc.date.created" value="1997-03-15"/>
<dc element="dc.publisher" value="Reuters Holdings Plc"/>
<dc element="dc.date.published" value="1997-03-16"/>
<dc element="dc.source" value="Reuters"/>
<dc element="dc.creator.location" value="INDIAN WELLS, California"/>
<dc element="dc.creator.location.country.name" value="USA"/>
<dc element="dc.source" value="Reuters"/>
</metadata>
</newsitem>
