<?xml version="1.0" encoding="iso-8859-1" ?>
<newsitem itemid="445361" id="root" date="1997-03-16" xml:lang="en">
<title>ITALY: CYCLING-LOMBARDI WINS TIRRENO STAGE AS OTHERS FALL.</title>
<headline>CYCLING-LOMBARDI WINS TIRRENO STAGE AS OTHERS FALL.</headline>
<dateline>TERNI, Italy 1997-03-16</dateline>
<text>
<p>Italy's Giovanni Lombardi was a winner in the Tirreno-Adriatico cycle race on Sunday, taking a 117-km fourth stage that left the overall standings unchanged and two riders nursing their injuries.</p>
<p>Lombardi, the 1992 Olympic individual points champion who lives in Germany, clocked two hours 35 minutes 48 seconds in a fast stage dominated by foreigners, with Czech Jan Svorada third and Swede Glen Magnusson third.</p>
<p>They and the pack finished with the same time.</p>
<p>Italian Roberto Petito retained the overall lead, 0.14 of a second ahead of compatriot Gianluca Pianegonda.</p>
<p>Alberto Volpi had a heavy fall and cracked his helmet, suffering concussion and bruising, while fellow-Italian Mauro Radaelli was knocked over by a television motorbike. He suffered bruising to his back but crossed the finish line.</p>
<p>Monday's 187-km fifth stage is from Ferentillo to Corinaldo.</p>
</text>
<copyright>(c) Reuters Limited 1997</copyright>
<metadata>
<codes class="bip:countries:1.0">
  <code code="CZREP">
    <editdetail attribution="Reuters BIP Coding Group" action="confirmed" date="1997-03-16"/>
  </code>
  <code code="GFR">
    <editdetail attribution="Reuters BIP Coding Group" action="confirmed" date="1997-03-16"/>
  </code>
  <code code="ITALY">
    <editdetail attribution="Reuters BIP Coding Group" action="confirmed" date="1997-03-16"/>
  </code>
  <code code="SWED">
    <editdetail attribution="Reuters BIP Coding Group" action="confirmed" date="1997-03-16"/>
  </code>
</codes>
<codes class="bip:topics:1.0">
  <code code="GCAT">
    <editdetail attribution="Reuters BIP Coding Group" action="confirmed" date="1997-03-16"/>
  </code>
  <code code="GSPO">
    <editdetail attribution="Reuters BIP Coding Group" action="confirmed" date="1997-03-16"/>
  </code>
</codes>
<dc element="dc.date.created" value="1997-03-16"/>
<dc element="dc.publisher" value="Reuters Holdings Plc"/>
<dc element="dc.date.published" value="1997-03-16"/>
<dc element="dc.source" value="Reuters"/>
<dc element="dc.creator.location" value="TERNI, Italy"/>
<dc element="dc.creator.location.country.name" value="ITALY"/>
<dc element="dc.source" value="Reuters"/>
</metadata>
</newsitem>
