<?xml version="1.0" encoding="iso-8859-1" ?>
<newsitem itemid="445355" id="root" date="1997-03-16" xml:lang="en">
<title>USA: ALPINE SKIING-JAGGE WINS SLALOM, ALPHAND IS OVERALL CHAMPION.</title>
<headline>ALPINE SKIING-JAGGE WINS SLALOM, ALPHAND IS OVERALL CHAMPION.</headline>
<dateline>VAIL, Colorado 1997-03-16</dateline>
<text>
<p>Finn Christian Jagge of Norway won the men's slalom in the final race of the World Cup season that also brought an historic overall championship crown to Luc Alphand of France.</p>
<p>Alphand became the first Frenchman in 29 years, since Jean-Claude Killy, to win the overall title and the first speed specialist ever to capture the championship.</p>
<p>The 31-year-old Frenchman clinched the crystal globe when his only rival, Kjetil Andre Aamodt of Norway, failed to finish first or second in the climactic slalom.</p>
<p>Aamodt, the 1994 World Cup champion, finished seventh.</p>
<p>Jagge, who led by 0.72 of a second after a brilliant first run, won his first race of the season with a combined time of one minute, 37.94 seconds, 0.12 of a second faster than Austrian Thomas Stangassinger.</p>
<p>Italian star Alberto Tomba took third place in 1:38.19, 0.25 of a second off the pace.</p>
<p>In fourth place was Austrian Mario Reiter, who officially knocked Aamodt out of the overall race when he posted his time of 1:38.49.</p>
<p>Thomas Sykora of Austria, who finished ninth in the race, won the season slalom title over Stangassinger. Sebastian Amiez of France finished 18th and last in the race but held on to third in the slalom standings.</p>
</text>
<copyright>(c) Reuters Limited 1997</copyright>
<metadata>
<codes class="bip:countries:1.0">
  <code code="USA">
    <editdetail attribution="Reuters BIP Coding Group" action="confirmed" date="1997-03-16"/>
  </code>
</codes>
<codes class="bip:topics:1.0">
  <code code="GCAT">
    <editdetail attribution="Reuters BIP Coding Group" action="confirmed" date="1997-03-16"/>
  </code>
  <code code="GSPO">
    <editdetail attribution="Reuters BIP Coding Group" action="confirmed" date="1997-03-16"/>
  </code>
</codes>
<dc element="dc.date.created" value="1997-03-16"/>
<dc element="dc.publisher" value="Reuters Holdings Plc"/>
<dc element="dc.date.published" value="1997-03-16"/>
<dc element="dc.source" value="Reuters"/>
<dc element="dc.creator.location" value="VAIL, Colorado"/>
<dc element="dc.creator.location.country.name" value="USA"/>
<dc element="dc.source" value="Reuters"/>
</metadata>
</newsitem>
