<?xml version="1.0" encoding="iso-8859-1" ?>
<newsitem itemid="445391" id="root" date="1997-03-16" xml:lang="en">
<title>UK: SOCCER SHOWCASE-TWO SENT OFF AS RANGERS BEAT CELTIC.</title>
<headline>SOCCER SHOWCASE-TWO SENT OFF AS RANGERS BEAT CELTIC.</headline>
<dateline>GLASGOW 1997-03-16</dateline>
<text>
<p>Rangers took a huge step towards their ninth successive Scottish League title when they beat arch-rivals Celtic 1-0 at Celtic Park on Sunday thanks a scrambled 44th minute goal from Brian Laudrup.</p>
<p>But Rangers' victory in a tense, scrappy Old Firm derby game, was marred by the 67th minute dismissal of Mark Hateley, playing in his first match since his surprise return to the club from Queens Park Rangers on Friday.</p>
<p>The 35-year-old former England striker was shown the red card by referee Hugh Dallas after appearing to butt Celtic goalkeeper Stewart Kerr -- after Rangers had been awarded a free-kick for an earlier infringment.</p>
<p>Celtic also finished the match with 10 men when Malky Mackay was sent off in the 80th minute for hauling down Laudrup.</p>
<p>But Rangers, with six regular first team players missing through illness or injury, ended the afternoon on a high, moving eight points clear of Celtic with only six matches to play.</p>
<p>The only goal was a scappy one and came about after Ian Durrant lobbed goalkeeper Kerr from the left-hand side of the penalty area after a short back pass to the keeper from Alan Stubbs.</p>
<p>With Kerr well out of position, Laudrup and Mackay both chased after the loose, bouncing ball, and Laudrup forced it in off the post just ahead of Mackay's interception.</p>
<p>Laudrup had scored the only goal of the game when Rangers beat Celtic 1-0 here in November and his effort on Sunday took Rangers within touching distance of equalling the record of nine successive titles achieved by Celtic between 1965 and 1974.</p>
</text>
<copyright>(c) Reuters Limited 1997</copyright>
<metadata>
<codes class="bip:countries:1.0">
  <code code="UK">
    <editdetail attribution="Reuters BIP Coding Group" action="confirmed" date="1997-03-16"/>
  </code>
</codes>
<codes class="bip:topics:1.0">
  <code code="GCAT">
    <editdetail attribution="Reuters BIP Coding Group" action="confirmed" date="1997-03-16"/>
  </code>
  <code code="GSPO">
    <editdetail attribution="Reuters BIP Coding Group" action="confirmed" date="1997-03-16"/>
  </code>
</codes>
<dc element="dc.date.created" value="1997-03-16"/>
<dc element="dc.publisher" value="Reuters Holdings Plc"/>
<dc element="dc.date.published" value="1997-03-16"/>
<dc element="dc.source" value="Reuters"/>
<dc element="dc.creator.location" value="GLASGOW"/>
<dc element="dc.creator.location.country.name" value="UK"/>
<dc element="dc.source" value="Reuters"/>
</metadata>
</newsitem>
