<?xml version="1.0" encoding="iso-8859-1" ?>
<newsitem itemid="445387" id="root" date="1997-03-16" xml:lang="en">
<title>UK: SOCCER-ENGLISH LEAGUE STANDINGS.</title>
<headline>SOCCER-ENGLISH LEAGUE STANDINGS.</headline>
<dateline>LONDON 1997-03-16</dateline>
<text>
<p>English league soccer standings</p>
<p>after Sunday's matches:</p>
<p>     Premier league	   P  W   D  L  F A   Pts</p>
<p>  1. Manchester United	30 17  9  4 59 33   60</p>
<p>  2. Liverpool		  30 16  9  5 51 25   57</p>
<p>  3. Arsenal		    31 16  9  6 51 26   57</p>
<p>  4. Newcastle		  29 15  6  8 58 35   51</p>
<p>  5. Sheffield Wednesday    30 12 12  6 39 35   48</p>
<p>  6. Aston Villa		30 13  8  9 35 27   47</p>
<p>  7. Chelsea		    29 12 10  7 50 43   46</p>
<p>  8. Wimbledon		  28 12  8  8 40 35   44</p>
<p>  9. Leeds			31 11  7 13 24 32   40</p>
<p> 10. Tottenham		  29 11  5 13 35 38   38</p>
<p> 11. Leicester		  29 10  7 12 34 41   37</p>
<p> 12. Blackburn		  29  8 12  9 32 28   36</p>
<p> 13. Everton		    30  9  9 12 37 43   36</p>
<p> 14. Derby			30  7 11 12 31 45   32</p>
<p> 15. Sunderland		 31  8  8 15 28 47   32</p>
<p> 16. Coventry		   31  6 12 13 26 43   30</p>
<p> 17. West Ham		   29  7  8 14 27 39   29</p>
<p> 18. Nottingham Forest	31  6 11 14 26 47   29</p>
<p> 19. Southampton		29  6  8 15 37 48   26</p>
<p> 20. Middlesbrough	    28  7  7 14 40 50   25</p>
<p>Note: Middlesbrough deducted 3 points</p>
<p>Division one</p>
<p>  1. Bolton		     38 22 12  4 81 46   78</p>
<p>  2. Wolverhampton	    37 19  8 10 54 38   65</p>
<p>  3. Barnsley		   36 17 12  7 60 43   63</p>
<p>  4. Sheffield United	 37 17 10 10 64 43   61</p>
<p>  5. Crystal Palace	   36 15 11 10 67 38   56</p>
<p>  6. Norwich		    38 15 10 13 55 58   55</p>
<p>  7. Ipswich		    37 14 13 10 51 45   55</p>
<p>  8. Port Vale		  38 13 15 10 46 43   54</p>
<p>  9. Portsmouth		 36 15  8 13 45 40   53</p>
<p> 10. Swindon		    38 15  7 16 51 54   52</p>
<p> 11. Tranmere		   36 14  9 13 49 47   51</p>
<p> 12. Stoke			36 14  9 13 43 46   51</p>
<p> 13. Queens Park Rangers    38 13 11 14 48 50   50</p>
<p> 14. West Bromwich	    38 11 14 13 60 62   47</p>
<p> 15. Reading		    36 12 11 13 47 52   47</p>
<p> 16. Oxford		     37 13  7 17 49 51   46</p>
<p> 17. Manchester City	  36 13  7 16 45 48   46</p>
<p> 18. Charlton		   36 13  7 16 43 52   46</p>
<p> 19. Birmingham		 36 12 10 14 41 44   46</p>
<p> 20. Huddersfield	     38 11 11 16 42 55   44</p>
<p> 21. Grimsby		    36  8 11 17 48 67   35</p>
<p> 22. Bradford		   37  8 11 18 38 60   35</p>
<p> 23. Oldham		     35  8 10 17 37 48   34</p>
<p> 24. Southend		   38  7 12 19 35 69   33</p>
<p>Division Two</p>
<p>  1. Brentford		  35 16 13  6 50 34   61</p>
<p>  2. Luton			35 16 10  9 57 39   58</p>
<p>  3. Bury			 34 16 10  8 50 34   58</p>
<p>  4. Burnley		    37 16  9 12 58 39   57</p>
<p>  5. Crewe			34 18  3 13 46 38   57</p>
<p>  6. Millwall		   36 16  9 11 46 43   57</p>
<p>  7. Stockport		  33 15 10  8 47 35   55</p>
<p>  8. Watford		    34 13 16  5 37 26   55</p>
<p>  9. Bristol City	     35 15  9 11 54 40   54</p>
<p> 10. Walsall		    35 15  8 12 42 36   53</p>
<p> 11. Wrexham		    33 12 16  5 38 32   52</p>
<p> 12. Chesterfield	     34 14 10 10 33 30   52</p>
<p> 13. Bournemouth		38 13 10 15 35 37   49</p>
<p> 14. Blackpool		  35 12 12 11 44 38   48</p>
<p> 15. Plymouth		   36 11 12 13 41 50   45</p>
<p> 16. Preston		    37 13  6 18 39 49   45</p>
<p> 17. Gillingham		 35 12  8 15 42 49   44</p>
<p> 18. Shrewsbury		 38 10 12 16 47 61   42</p>
<p> 19. York			 36 11  9 16 38 53   42</p>
<p> 20. Bristol Rovers	   36 10 11 15 37 41   41</p>
<p> 21. Wycombe		    36 10  8 18 36 49   38</p>
<p> 22. Peterborough	     37  8 12 17 47 66   36</p>
<p> 23. Notts County	     36  5 12 19 26 47   27</p>
<p> 24. Rotherham		  35  4 13 18 27 51   25</p>
<p>Division Three</p>
<p>  1. Carlisle		   37 21 10  6 58 34   73</p>
<p>  2. Wigan			38 21  8  9 74 48   71</p>
<p>  3. Fulham		     37 21  8  8 65 35   71</p>
<p>  4. Swansea		    38 18  6 14 50 42   60</p>
<p>  5. Chester		    38 15 14  9 43 34   59</p>
<p>  6. Cambridge United	 37 17  7 13 46 47   58</p>
<p>  7. Cardiff		    36 17  5 14 46 43   56</p>
<p>  8. Northampton		37 15 10 12 58 40   55</p>
<p>  9. Scarborough		38 14 13 11 55 56   55</p>
<p> 10. Colchester		 37 13 16  8 52 41   55</p>
<p> 11. Hull			 37 12 16  9 37 36   52</p>
<p> 12. Scunthorpe		 36 15  6 15 49 50   51</p>
<p> 13. Lincoln		    38 13 11 14 52 59   50</p>
<p> 14. Mansfield		  37 12 13 12 40 39   49</p>
<p> 15. Rochdale		   37 11 15 11 46 46   48</p>
<p> 16. Torquay		    38 12  9 17 38 48   45</p>
<p> 17. Barnet		     37 10 15 12 35 36   45</p>
<p> 18. Leyton Orient	    38 10 12 16 36 45   42</p>
<p> 19. Darlington		 37 10  9 18 53 66   39</p>
<p> 20. Hereford		   38 10  9 19 44 58   39</p>
<p> 21. Exeter		     38 10  9 19 36 54   39</p>
<p> 22. Hartlepool		 38 10  8 20 41 58   38</p>
<p> 23. Doncaster		  36 10  7 19 38 57   37</p>
<p> 24. Brighton		   38  9  8 21 45 65   33</p>
<p>Note: Brighton deducted 2 points</p>
</text>
<copyright>(c) Reuters Limited 1997</copyright>
<metadata>
<codes class="bip:countries:1.0">
  <code code="UK">
    <editdetail attribution="Reuters BIP Coding Group" action="confirmed" date="1997-03-16"/>
  </code>
</codes>
<codes class="bip:topics:1.0">
  <code code="GCAT">
    <editdetail attribution="Reuters BIP Coding Group" action="confirmed" date="1997-03-16"/>
  </code>
  <code code="GSPO">
    <editdetail attribution="Reuters BIP Coding Group" action="confirmed" date="1997-03-16"/>
  </code>
</codes>
<dc element="dc.date.created" value="1997-03-16"/>
<dc element="dc.publisher" value="Reuters Holdings Plc"/>
<dc element="dc.date.published" value="1997-03-16"/>
<dc element="dc.source" value="Reuters"/>
<dc element="dc.creator.location" value="LONDON"/>
<dc element="dc.creator.location.country.name" value="UK"/>
<dc element="dc.source" value="Reuters"/>
</metadata>
</newsitem>
