<?xml version="1.0" encoding="iso-8859-1" ?>
<newsitem itemid="445374" id="root" date="1997-03-16" xml:lang="en">
<title>NORWAY: NORDIC SKIING-WORLD CUP RESULTS.</title>
<headline>NORDIC SKIING-WORLD CUP RESULTS.</headline>
<dateline>HOLMENKOLLEN, Norway 1997-03-16</dateline>
<text>
<p>Leading results in</p>
<p>Nordic skiing World Cup events on Sunday:</p>
<p>Women's 4 x 5-km relay freestyle</p>
<p>1. Russia (Olga Danilova, Nina Gavriljuk, Svetlana Nagejkina,</p>
<p>Elena Valbe) 45 minutes 22.7 seconds</p>
<p>2. Norway (Anita Moen Guidon, Elin Nilsen, Marit Mikkelsplass,</p>
<p>Trude Dybendahl Hartz) 45:41.1</p>
<p>3. Italy (Gabriella Paruzzi, Lara Peyrot, Sabina Valbusa,</p>
<p>Stefania Belmondo) 45:49.8</p>
<p>4. Russia 2 (Olga Korneeva, Julia Chepalova, Natalia</p>
<p>Massalkina, Larissa Lasutina)	  45:54.2</p>
<p>5. France (Sophie Villeneuve, Karine Philippot, Annick Pierrel,</p>
<p>Anne Laure Condevaux) 46:42.7</p>
<p>6. Ukraine (Anna Slipenko, Valentina Chevchenko, Irina</p>
<p>Taranenko, Elena Gayasova)	     47:05.1</p>
<p> 7. Norway II				47:16.5</p>
<p> 8. Japan				    47:20.1</p>
<p> 9. Finland				  47:36.2</p>
<p>10. Sweden				   47:48.8</p>
<p>Ski jump</p>
<p> 1. Kazuyoshi Funaki (Japan)		   258.5 points</p>
<p>(first jump 111 metres, second jump 125.5 metres)</p>
<p> 2. Hiroya Saitoh (Japan)			253.9 (116-118.5)</p>
<p> 3. Bruno Reuteler (Switzerland)	     247.1 (113.5-120)</p>
<p> 4. Dieter Thoma (Germany)		     244.1 (115.5-120.5)</p>
<p> 5. Andreas Widholzl (Austria)		 239.7 (113-115)</p>
<p> 6. Janne Ahonen (Finland)		     239.4 (114-113)</p>
<p> 7. Kristian Brenden (Norway)		  237.9 (110-117)</p>
<p> 8. Robert Mateja (Poland)		     237.5 (110-116.5)</p>
<p> 9. Havard Lie (Norway)			  236.0 (112-117)</p>
<p>10. Simen Berntzen (Norway)		    232.8 (111-114)</p>
<p>World Cup, 24 of 26 events</p>
<p> 1. Primoz Peterka (Slovenia)		  1.272 points</p>
<p> 2. Dieter Thoma (Germany)		     1.150</p>
<p> 3. Funaki					     893</p>
<p> 4. Saitoh					     877</p>
<p> 5. Takanoba Okabe (Japan)			 841</p>
<p> 6. Andreas Goldberger (Austria)		 817</p>
<p> 7. Brenden					    762</p>
<p> 8. Ahonen					     693</p>
<p> 9. Adam Malysz (Poland)			   612</p>
<p>10. Jani Soininen (Finland)			586</p>
</text>
<copyright>(c) Reuters Limited 1997</copyright>
<metadata>
<codes class="bip:countries:1.0">
  <code code="NORW">
    <editdetail attribution="Reuters BIP Coding Group" action="confirmed" date="1997-03-16"/>
  </code>
</codes>
<codes class="bip:topics:1.0">
  <code code="GCAT">
    <editdetail attribution="Reuters BIP Coding Group" action="confirmed" date="1997-03-16"/>
  </code>
  <code code="GSPO">
    <editdetail attribution="Reuters BIP Coding Group" action="confirmed" date="1997-03-16"/>
  </code>
</codes>
<dc element="dc.date.created" value="1997-03-16"/>
<dc element="dc.publisher" value="Reuters Holdings Plc"/>
<dc element="dc.date.published" value="1997-03-16"/>
<dc element="dc.source" value="Reuters"/>
<dc element="dc.creator.location" value="HOLMENKOLLEN, Norway"/>
<dc element="dc.creator.location.country.name" value="NORWAY"/>
<dc element="dc.source" value="Reuters"/>
</metadata>
</newsitem>
