<?xml version="1.0" encoding="iso-8859-1" ?>
<newsitem itemid="445473" id="root" date="1997-03-16" xml:lang="en">
<title>LUXEMBOURG: SOCCER-LUXEMBOURG FIRST DIVISION RESULTS/STANDINGS.</title>
<headline>SOCCER-LUXEMBOURG FIRST DIVISION RESULTS/STANDINGS.</headline>
<dateline>LUXEMBOURG 1996-03-19</dateline>
<text>
<p>Results of Luxembourg first</p>
<p>division soccer matches played on Sunday:</p>
<p> Jeunesse Esch	 7    US Rumelange     0</p>
<p> Avenir Beggen	 1    CS Hobescheir    1</p>
<p> F91 Dudelange	 2    Aris Bonnevoie   1</p>
<p> Union Luxemburg     1    FC Wlitz	   2</p>
<p> Spora Luxemburg     1    FC Rodange	 0</p>
<p>Played on Saturday:</p>
<p> Sporting Mertzig    3    CS Gravenmacher  0</p>
<p>    Standings		 P    W   D   L    F    A    Pts</p>
<p>  1. Jeunesse Esch	  15  11   4   0   37    9    37</p>
<p>  2. CS Grevenmacher	15  11   3   1   39   15    36</p>
<p>  3. Avenir Beggen	  15   8   3   4   30   18    27</p>
<p>  4. FC Wiltz		 15   8   3   4   21   21    27</p>
<p>  5. Sporting Mertzig     15   6   5   4   31   20    23</p>
<p>  6. Union Luxemburg	15   5   6   4   28   18    21</p>
<p>  7. F91 Dudelange	  15   5   4   6   19   25    19</p>
<p>  8. CS Hobscheid	   15   4   4   7   14   27    16</p>
<p>  9. Spora Luxemburg	15   3   5   7   16   23    14</p>
<p> 10. Aris Bonnevoie	 15   2   4   9   17   32    10</p>
<p> 11. FC Rodange	     15   2   3  10   15   31     9</p>
<p> 12. US Rumelange	   15   2   2  11   16   44     8</p>
</text>
<copyright>(c) Reuters Limited 1997</copyright>
<metadata>
<codes class="bip:countries:1.0">
  <code code="LUX">
    <editdetail attribution="Reuters BIP Coding Group" action="confirmed" date="1997-03-16"/>
  </code>
</codes>
<codes class="bip:topics:1.0">
  <code code="GCAT">
    <editdetail attribution="Reuters BIP Coding Group" action="confirmed" date="1997-03-16"/>
  </code>
  <code code="GSPO">
    <editdetail attribution="Reuters BIP Coding Group" action="confirmed" date="1997-03-16"/>
  </code>
</codes>
<dc element="dc.date.created" value="1996-03-19"/>
<dc element="dc.publisher" value="Reuters Holdings Plc"/>
<dc element="dc.date.published" value="1997-03-16"/>
<dc element="dc.source" value="Reuters"/>
<dc element="dc.creator.location" value="LUXEMBOURG"/>
<dc element="dc.creator.location.country.name" value="LUXEMBOURG"/>
<dc element="dc.source" value="Reuters"/>
</metadata>
</newsitem>
