<?xml version="1.0" encoding="iso-8859-1" ?>
<newsitem itemid="445481" id="root" date="1997-03-16" xml:lang="en">
<title>DENMARK: SOCCER-DANISH SUPER LEAGUE RESULTS/STANDINGS.</title>
<headline>SOCCER-DANISH SUPER LEAGUE RESULTS/STANDINGS.</headline>
<dateline>COPENHAGEN 1997-03-16</dateline>
<text>
<p>Results of soccer matches</p>
<p>played this weekend in the Danish super league:</p>
<p> Aarhus    2  Odense	  2</p>
<p> Herfoelge 1  Silkeborg     1</p>
<p>Hvidovre  0  FC Copenhagen 2</p>
<p> Lyngby    0  Aalborg	 2</p>
<p> Viborg    0  AB		1</p>
<p>    Standings P  W   D  L F  A  PTS</p>
<p>Brondby	 19 11  4  4 33 24 37</p>
<p>Aalborg	 19 10  5  4 35 24 35</p>
<p>Aarhus	  19  9  4  6 47 29 31</p>
<p>Odense	  19  8  5  6 37 30 29</p>
<p>Herfoelge     19  9  2  8 20 22 29</p>
<p>Lyngby	  19  8  3  8 31 35 27</p>
<p>Vejle	   19  6  7  6 33 26 25</p>
<p>Silkeborg     19  3 11  5 24-34 20</p>
<p>Viborg	  19  4  8  7 20-30 20</p>
<p>FC Copenhagen 19  4  7  8 21 19 19</p>
<p>AB		19  3  9  7 25 35 18</p>
<p>Hvidovre	19  3  7  9 20 28 16</p>
</text>
<copyright>(c) Reuters Limited 1997</copyright>
<metadata>
<codes class="bip:countries:1.0">
  <code code="DEN">
    <editdetail attribution="Reuters BIP Coding Group" action="confirmed" date="1997-03-16"/>
  </code>
</codes>
<codes class="bip:topics:1.0">
  <code code="GCAT">
    <editdetail attribution="Reuters BIP Coding Group" action="confirmed" date="1997-03-16"/>
  </code>
  <code code="GSPO">
    <editdetail attribution="Reuters BIP Coding Group" action="confirmed" date="1997-03-16"/>
  </code>
</codes>
<dc element="dc.date.created" value="1997-03-16"/>
<dc element="dc.publisher" value="Reuters Holdings Plc"/>
<dc element="dc.date.published" value="1997-03-16"/>
<dc element="dc.source" value="Reuters"/>
<dc element="dc.creator.location" value="COPENHAGEN"/>
<dc element="dc.creator.location.country.name" value="DENMARK"/>
<dc element="dc.source" value="Reuters"/>
</metadata>
</newsitem>
