<?xml version="1.0" encoding="iso-8859-1" ?>
<newsitem itemid="445493" id="root" date="1997-03-16" xml:lang="en">
<title>PORTUGAL: SOCCER-SPORTING BEAT PORTO TO NARROW GAP.</title>
<headline>SOCCER-SPORTING BEAT PORTO TO NARROW GAP.</headline>
<dateline>LISBON 1997-03-15</dateline>
<text>
<p>Sporting beat Portuguese reigning champions Porto 2-1 on Saturday to turn up the heat in the race for this year's title with just 11 games to go before the end of the season.</p>
<p>It was the first time in 21 years that Sporting had beaten Porto at the champions' home stadium.</p>
<p>Porto, who have not won any of their last three games, are still in the lead with 57 points but Sporting have crept up to 50 points. Benfica, who meet Salgueiros at home on Sunday, are trailing with 43.</p>
<p>Porto, who play Manchester United in Portugal on Wednesday in the quarter-finals second round of the European Cup, have suffered from fatigue and faltering morale since the English side crushed them 4-0 in the first leg earlier this month.</p>
<p>Sporting opened the scoring in the 29th minute when defender Roberto Beto slipped the ball past the right post after an unchallenged cross from Pedro Barbosa.</p>
<p>Sporting, who have been chasing the league title for 14 years, extended their lead eight minutes into the second half when striker Pedro Barbosa, unmarked inside the box, hit home a header.</p>
<p>Porto's Jose Barroso scored his side's consolation goal in the 70th minute from a 25-metre free-kick which was so powerful that Belgian keeper De Wilde was forced to let it slip through his hands.</p>
<p>De Wilde compensated for this mistake with a spectacular save six minutes later to deny Brazilian striker Mario Jardel Porto's second goal.</p>
<p>&quot;Sporting made use of their two opportunities to score while we didn't follow through on our chances of equalising which might have allowed us to actually win,&quot; said Porto coach Antonio Oliveira.</p>
</text>
<copyright>(c) Reuters Limited 1997</copyright>
<metadata>
<codes class="bip:countries:1.0">
  <code code="PORL">
    <editdetail attribution="Reuters BIP Coding Group" action="confirmed" date="1997-03-16"/>
  </code>
</codes>
<codes class="bip:topics:1.0">
  <code code="GCAT">
    <editdetail attribution="Reuters BIP Coding Group" action="confirmed" date="1997-03-16"/>
  </code>
  <code code="GSPO">
    <editdetail attribution="Reuters BIP Coding Group" action="confirmed" date="1997-03-16"/>
  </code>
</codes>
<dc element="dc.date.created" value="1997-03-15"/>
<dc element="dc.publisher" value="Reuters Holdings Plc"/>
<dc element="dc.date.published" value="1997-03-16"/>
<dc element="dc.source" value="Reuters"/>
<dc element="dc.creator.location" value="LISBON"/>
<dc element="dc.creator.location.country.name" value="PORTUGAL"/>
<dc element="dc.source" value="Reuters"/>
</metadata>
</newsitem>
