<?xml version="1.0" encoding="iso-8859-1" ?>
<newsitem itemid="445452" id="root" date="1997-03-16" xml:lang="en">
<title>USA: NBA-STANDINGS AFTER SATURDAY'S GAMES.</title>
<headline>NBA-STANDINGS AFTER SATURDAY'S GAMES.</headline>
<dateline>NEW YORK 1997-03-15</dateline>
<text>
<p>Standings of National</p>
<p>Basketball Association teams after games played on Saturday</p>
<p>(tabulate under won, lost, winning percentage, games behind):</p>
<p>		EASTERN CONFERENCE</p>
<p>		ATLANTIC DIVISION</p>
<p>			W    L    PCT  GB</p>
<p> NEW YORK	  47   17   .734   -</p>
<p> MIAMI	     47   17   .734   -</p>
<p> ORLANDO	   35   28   .556  11 1/2</p>
<p> WASHINGTON	30   34   .469  17</p>
<p> NEW JERSEY	19   44   .302  27 1/2</p>
<p> PHILADELPHIA    17   47   .266  30</p>
<p> BOSTON	    12   53   .185  35 1/2</p>
<p>		CENTRAL DIVISION</p>
<p>			W    L    PCT  GB</p>
<p> X-CHICAGO	 56    9   .862   -</p>
<p> DETROIT	   46   17   .730   9</p>
<p> ATLANTA	   43   22   .662  13</p>
<p> CHARLOTTE	 42   23   .646  14</p>
<p> CLEVELAND	 34   29   .540  21</p>
<p> INDIANA	   30   33   .476  25</p>
<p> MILWAUKEE	 26   37   .413  29</p>
<p> TORONTO	   23   41   .359  32 1/2</p>
<p>X -- CLINCHED PLAYOFF BERTH</p>
<p>		WESTERN CONFERENCE</p>
<p>		MIDWEST DIVISION</p>
<p>			W    L    PCT  GB</p>
<p> X-UTAH	    48   17   .738   -</p>
<p> HOUSTON	   43   21   .672   4 1/2</p>
<p> MINNESOTA	 31   32   .492  16</p>
<p> DALLAS	    21   42   .333  26</p>
<p> DENVER	    19   45   .297  28 1/2</p>
<p> SAN ANTONIO     16   48   .250  31 1/2</p>
<p> VANCOUVER	 11   55   .167  37 1/2</p>
<p>X -- CLINCHED PLAYOFF BERTH</p>
<p>	     PACIFIC DIVISION</p>
<p>			W    L    PCT  GB</p>
<p> X-SEATTLE	 45   18   .714   -</p>
<p> LA LAKERS	 42   21   .667   3</p>
<p> PORTLAND	  37   28   .569   9</p>
<p> SACRAMENTO	28   36   .438  17 1/2</p>
<p> LA CLIPPERS     27   35   .435  17 1/2</p>
<p> PHOENIX	   26   38   .406  19 1/2</p>
<p> GOLDEN STATE    25   39   .391  20 1/2</p>
<p>X -- CLINCHED PLAYOFF BERTH</p>
<p>SUNDAY, MARCH 16 SCHEDULE</p>
<p>HOUSTON AT MIAMI		 </p>
<p>NEW JERSEY AT NEW YORK	 </p>
<p>INDIANA AT MILWAUKEE	    </p>
<p>VANCOUVER AT ORLANDO	    </p>
<p>BOSTON AT MINNESOTA	     </p>
<p>SEATTLE AT DETROIT		</p>
<p>PORTLAND AT LA CLIPPERS	 </p>
<p>DALLAS AT SACRAMENTO	    </p>
<p>TORONTO AT LA LAKERS</p>
</text>
<copyright>(c) Reuters Limited 1997</copyright>
<metadata>
<codes class="bip:countries:1.0">
  <code code="USA">
    <editdetail attribution="Reuters BIP Coding Group" action="confirmed" date="1997-03-16"/>
  </code>
</codes>
<codes class="bip:topics:1.0">
  <code code="GCAT">
    <editdetail attribution="Reuters BIP Coding Group" action="confirmed" date="1997-03-16"/>
  </code>
  <code code="GSPO">
    <editdetail attribution="Reuters BIP Coding Group" action="confirmed" date="1997-03-16"/>
  </code>
</codes>
<dc element="dc.date.created" value="1997-03-15"/>
<dc element="dc.publisher" value="Reuters Holdings Plc"/>
<dc element="dc.date.published" value="1997-03-16"/>
<dc element="dc.source" value="Reuters"/>
<dc element="dc.creator.location" value="NEW YORK"/>
<dc element="dc.creator.location.country.name" value="USA"/>
<dc element="dc.source" value="Reuters"/>
</metadata>
</newsitem>
