<?xml version="1.0" encoding="iso-8859-1" ?>
<newsitem itemid="445438" id="root" date="1997-03-16" xml:lang="en">
<title>AUSTRALIA: RUGBY LEAGUE-AUSTRALIAN SUPER LEAGUE STANDINGS/RESULTS.</title>
<headline>RUGBY LEAGUE-AUSTRALIAN SUPER LEAGUE STANDINGS/RESULTS.</headline>
<dateline>SYDNEY 1997-03-16</dateline>
<text>
<p>Results of Australian Super</p>
<p>League rugby league matches played at the weekend.</p>
<p>Played Sunday:</p>
<p> Perth		 16  Brisbane	   26</p>
<p> Canterbury	  38  Canberra	   26</p>
<p>Played Saturday:</p>
<p> North Queensland  12  Penrith	    19</p>
<p>Played Friday:</p>
<p> Adelaide	    10  Hunter Mariners   8</p>
<p>    Standings	Pl   W    D    L     F    A     Pts</p>
<p> Brisbane	    3    3    0    0    68    30     6</p>
<p> Penrith	     3    3    0    0    82    52     6</p>
<p> Cronulla	    2    2    0    0    39    16     4</p>
<p> Canterbury	  3    2    0    1    70    55     4</p>
<p> North Queensland  3    1    0    2    56    57     2</p>
<p> Auckland	    2    1    0    1    20    28     2</p>
<p> Perth		 3    1    0    2    58    76     2</p>
<p> Adelaide	    3    1    0    2    38    60     2</p>
<p> Hunter Mariners   3    0    0    3    38    48     0</p>
<p> Canberra	    3    0    0    3    50    97     0</p>
</text>
<copyright>(c) Reuters Limited 1997</copyright>
<metadata>
<codes class="bip:countries:1.0">
  <code code="AUSTR">
    <editdetail attribution="Reuters BIP Coding Group" action="confirmed" date="1997-03-16"/>
  </code>
  <code code="NZ">
    <editdetail attribution="Reuters BIP Coding Group" action="confirmed" date="1997-03-16"/>
  </code>
</codes>
<codes class="bip:topics:1.0">
  <code code="GCAT">
    <editdetail attribution="Reuters BIP Coding Group" action="confirmed" date="1997-03-16"/>
  </code>
  <code code="GSPO">
    <editdetail attribution="Reuters BIP Coding Group" action="confirmed" date="1997-03-16"/>
  </code>
</codes>
<dc element="dc.date.created" value="1997-03-16"/>
<dc element="dc.publisher" value="Reuters Holdings Plc"/>
<dc element="dc.date.published" value="1997-03-16"/>
<dc element="dc.source" value="Reuters"/>
<dc element="dc.creator.location" value="SYDNEY"/>
<dc element="dc.creator.location.country.name" value="AUSTRALIA"/>
<dc element="dc.source" value="Reuters"/>
</metadata>
</newsitem>
