<?xml version="1.0" encoding="iso-8859-1" ?>
<newsitem itemid="445451" id="root" date="1997-03-16" xml:lang="en">
<title>USA: NBA BASKETBALL-BULLS GET JUST 10 POINTS FROM JORDAN BUT BEAT HAWKS.</title>
<headline>NBA BASKETBALL-BULLS GET JUST 10 POINTS FROM JORDAN BUT BEAT HAWKS.</headline>
<dateline>CHICAGO 1997-03-15</dateline>
<text>
<p>The Chicago Bulls scored a 99-79 victory over the suddenly slumping Atlanta Hawks Saturday despite getting a season-low 10 points from Michael Jordan and despite another Dennis Rodman incident.</p>
<p>Scottie Pippen scored 11 of his 17 points in the first half as the Bulls raced to a 15-point lead, and Luc Longley had 14 points, nine rebounds and seven assists while holding All-Star centre Dikembe Mutombo to four points on 1-of-6 shooting. Pippen finished with seven rebounds and seven assists.</p>
<p>&quot;I have not seen us perform this badly all season,&quot; admitted Mutombo, who was held scoreless in the first half and did not have his first basket until the opening minute of the fourth quarter.</p>
<p>&quot;I think we're close to this Bulls team and all others when we go and play and prepare for our game. We just weren't there from the start tonight.&quot;</p>
<p>&quot;It's nice when you can keep Mutombo that quiet,&quot; said Longley.</p>
<p>Jordan played just 29 minutes for the Bulls, who avoided losing three times during any five-game stretch over the last two seasons.</p>
<p>Rodman had 10 points and 14 rebounds for Chicago, which reduced its magic number for clinching homecourt advantage throughout the playoffs to 10 games.</p>
<p>Rodman was ejected with 1:02 left in the third quarter after arguing with referee Michael Smith over an incident with Mutombo. &quot;I think Rodman was fighting me to join his class and I would not join and he was upset,&quot; Mutombo said. &quot;I don't need him as a teacher.&quot;</p>
<p>&quot;The ref said that Dennis cursed him,&quot; Bulls coach Phil Jackson said. &quot;There was obviously a double-foul situation. It was not an appropriate call. Mutombo hit Dennis in the face and Dennis reacted. It was obvious that they are going in the direction of watching things very closely with Dennis.&quot;</p>
<p>Christian Laettner scored 22 points and Steve Smith added 20 for Atlanta, which suffered its third straight loss following a five-game winning streak. The Hawks have lost 11 of their last 12 meetings with the Bulls.</p>
<p>At Washington, Karl Malone scored 32 points and grabbed 10 rebounds as the Utah Jazz improved to 4-1 on their seven-game road trip with a 100-93 victory over the Bullets.</p>
<p>Utah has won eight of its last nine games as well as eight of its last nine meetings with Washington.</p>
<p>Rod Strickland had 27 points and seven assists while Juwan Howard had 15 points and seven rebounds for Washington, which had won two in a row.</p>
<p>Washington forward Chris Webber was ejected with 7:27 left in the second quarter after receiving two technicals following a charging call. &quot;My emotions made the best of me tonight,&quot; said Webber. &quot;It wasn't smart, I didn't help our team.&quot;</p>
<p>At Golden State, Mark Price totalled 21 points and a season-high 13 assists and Donyell Marshall and Joe Smith each added 20 points as the Warriors nearly blew a 22-point fourth-quarter lead before holding on for a 106-102 victory over the Toronto Raptors.</p>
<p>Marcus Camby, who led the Raptors with 27 points and nine rebounds, converted a three-point play with 10 seconds left to cut the margin to 104-100. Toronto, which trailed 82-60 after three quarters, cut the lead to 104-102 with five seconds to play on a Damon Stoudamire steal and layup.</p>
<p>Price, who shoots 92 percent from the free-throw line, hit two foul shots with less than a second remaining to nail down the victory.</p>
<p>In Denver, LaPhonso Ellis scored a career-high 39 points and Antonio McDyess added 33 as the Nuggets raced to a 20-point halftime lead and cruised to a 121-105 victory over the San Antonio Spurs.</p>
<p>Ellis had 24 points and McDyess 23 in the first half as Denver, which snapped a four-game losing streak, built a 67-47 lead. Ellis, a leading contender for Most Improved Player of the season, has scored 67 points in his last two contests.</p>
<p>Vinny Del Negro had 21 points to lead the Spurs, who had won three of their previous four games. The loss was San Antonio's second in its 11 meetings with the Nuggets.</p>
<p>In Philadelphia, Glen Rice scored 27 points to lead the Charlotte Hornets past the 76ers 107-99.</p>
<p>The Hornets are 7-1 in their last eight games and won for the 12th time in their last 14 contests.</p>
<p>Allen Iverson scored 31 points and had nine assists for Philadelphia, which lost for the fourth time in its last five home games.</p>
<p>In Phoenix, Kevin Johnson scored 23 points and Rex Chapman added 19 as the Suns continued their recent domination of the Dallas Mavericks with a 101-76 rout.</p>
<p>Phoenix beat Dallas for the 17th time in 19 meetings. John Williams grabbed 13 rebounds and former Mav Jason Kidd handed out 10 assists for the Suns, who have won six of their last eight games.</p>
<p>Former Suns Michael Finley and A.C. Green led Dallas with 26 and 13 points, respectively.</p>
</text>
<copyright>(c) Reuters Limited 1997</copyright>
<metadata>
<codes class="bip:countries:1.0">
  <code code="USA">
    <editdetail attribution="Reuters BIP Coding Group" action="confirmed" date="1997-03-16"/>
  </code>
</codes>
<codes class="bip:topics:1.0">
  <code code="GCAT">
    <editdetail attribution="Reuters BIP Coding Group" action="confirmed" date="1997-03-16"/>
  </code>
  <code code="GSPO">
    <editdetail attribution="Reuters BIP Coding Group" action="confirmed" date="1997-03-16"/>
  </code>
</codes>
<dc element="dc.date.created" value="1997-03-15"/>
<dc element="dc.publisher" value="Reuters Holdings Plc"/>
<dc element="dc.date.published" value="1997-03-16"/>
<dc element="dc.source" value="Reuters"/>
<dc element="dc.creator.location" value="CHICAGO"/>
<dc element="dc.creator.location.country.name" value="USA"/>
<dc element="dc.source" value="Reuters"/>
</metadata>
</newsitem>
