<?xml version="1.0" encoding="iso-8859-1" ?>
<newsitem itemid="445489" id="root" date="1997-03-16" xml:lang="en">
<title>NETHERLANDS: SOCCER-DUTCH FIRST DIVISION RESULTS/STANDINGS.</title>
<headline>SOCCER-DUTCH FIRST DIVISION RESULTS/STANDINGS.</headline>
<dateline>AMSTERDAM 1997-03-16</dateline>
<text>
<p>Results of Dutch first</p>
<p>division soccer matches played on Sunday:</p>
<p> Twente Enschede	    4  Volendam			 0</p>
<p> Utrecht			2  AZ Alkmaar		     0</p>
<p> Vitesse Arnhem	     3  Graafschap Doetinchem	2</p>
<p>Played on Saturday:</p>
<p> NAC Breda		    0  Willem II Tilburg	    1</p>
<p> PSV Eindhoven		1  Fortuna Sittard		0</p>
<p> NEC Nijmegen		 0  Groningen			0</p>
<p> Feyenoord		    5  RKC Waalwijk		   0</p>
<p>Played on Friday:</p>
<p> Ajax Amsterdam	     3  Roda JC Kerkrade	     1</p>
<p>     Standings		    P     W     D    L    F    A</p>
<p>Pts</p>
<p> 1.  PSV Eindhoven		25    18    4    3    67   17</p>
<p>58</p>
<p> 2.  Feyenoord		    25    17    4    4    45   24</p>
<p>55</p>
<p> 3.  Twente Enschede	    25    16    4    5    42   19</p>
<p>52</p>
<p> 4.  Ajax Amsterdam	     24    11    9    4    33   20</p>
<p>42</p>
<p> 5.  Vitesse Arnhem	     25    12    6    7    42   30</p>
<p>42</p>
<p> 6.  Roda JC Kerkrade	   25    11    6    8    35   33</p>
<p>39</p>
<p> 7.  Heerenveen		   24     9   10    5    41   31</p>
<p>37</p>
<p> 8.  NAC Breda		    25    10    5   10    32   36</p>
<p>35</p>
<p> 9.  Graafschap Doetinchem    25    10    4   11    38   38</p>
<p>34</p>
<p>10. Willem II Tilburg	   25     8    5   12    29   39</p>
<p>29</p>
<p>11. Utrecht			 25     6   10    9    30   33</p>
<p>28</p>
<p>12. Volendam			25     6    8   11    24   40</p>
<p>26</p>
<p>13. Sparta Rotterdam	    23     7    4   12    26   32</p>
<p>25</p>
<p>14. Fortuna Sittard	     25     5   10   10    21   38</p>
<p>25</p>
<p>15. Groningen		     25     5    9   11    27   46</p>
<p>24</p>
<p>16. AZ Alkmaar		    25     5    5   15    20   32</p>
<p>20</p>
<p>17. NEC Nijmegen		  25     4    8   13    25   46</p>
<p>20</p>
<p>18. RKC Waalwijk		  25     4    7   14    24   47</p>
<p>19</p>
</text>
<copyright>(c) Reuters Limited 1997</copyright>
<metadata>
<codes class="bip:countries:1.0">
  <code code="NETH">
    <editdetail attribution="Reuters BIP Coding Group" action="confirmed" date="1997-03-16"/>
  </code>
</codes>
<codes class="bip:topics:1.0">
  <code code="GCAT">
    <editdetail attribution="Reuters BIP Coding Group" action="confirmed" date="1997-03-16"/>
  </code>
  <code code="GSPO">
    <editdetail attribution="Reuters BIP Coding Group" action="confirmed" date="1997-03-16"/>
  </code>
</codes>
<dc element="dc.date.created" value="1997-03-16"/>
<dc element="dc.publisher" value="Reuters Holdings Plc"/>
<dc element="dc.date.published" value="1997-03-16"/>
<dc element="dc.source" value="Reuters"/>
<dc element="dc.creator.location" value="AMSTERDAM"/>
<dc element="dc.creator.location.country.name" value="NETHERLANDS"/>
<dc element="dc.source" value="Reuters"/>
</metadata>
</newsitem>
