<?xml version="1.0" encoding="iso-8859-1" ?>
<newsitem itemid="445425" id="root" date="1997-03-16" xml:lang="en">
<title>TRINIDAD AND TOBAGO: CRICKET-SIDHU WITHIN DOUBLE CENTURY AS INDIA TAKE CHARGE.</title>
<headline>CRICKET-SIDHU WITHIN DOUBLE CENTURY AS INDIA TAKE CHARGE.</headline>
<dateline>PORT OF SPAIN 1997-03-16</dateline>
<text>
<p>Opener Navjot Sidhu moved within four runs of a memorable double century on Sunday as he helped put India in an almost impregnable position in the second test against the West Indies.</p>
<p>Sidhu, who began the day on 102, moved to a career-best 196 not out as India reached a healthy 367 for three at the close on the third day in reply to the West Indies's first innings total of 296 all out.</p>
<p>However, while it is now nearly impossible for India to lose the match, Sunday's slow progress means that a draw now looks the most likely result.</p>
<p>Captain Sachin Tendulkar lent valuable support with an innings of 88 in five hours as he and Sidhu, whose ten-and-a-half hour innings has included one six and 19 fours, put on 174 runs for the third wicket.</p>
<p>The pair, batting on the ground where India recorded their last test victory in the Caribbean 21 years ago, had been in debt to the Indian team after making just 32 runs between them in the first test.</p>
<p>Sidhu's international career appeared to have ended when he walked out on the squad in England last year but India's difficulty in finding a reliable opening partnership meant that he got another chance.</p>
<p>He is now poised to join Sunil Gavaskar and Dilip Sardesal as the only Indians to make double centuries against the West Indies.</p>
<p>Sidhu earned reprieves on 170 when wicketkeeper Junior Murray dropped him off fast bowler Mervyn Dillon and four runs later when he drove a delivery from Shivnarine Chanderpaul through the hands of Franklyn Rose.</p>
<p>The day had begun badly for India, who resumed on 171 for two overnight, when they lost Rahul Dravid, bowled by Curtly Ambrose for 57 off the third ball of the day, without adding to their score.</p>
<p>But Dravid's downfall brought Tendulkar and Sidhu together and the West Indies' problems were only begining.</p>
<p>Searching for form and confidence, the captain was studious in his almost impeccable knock which contained eight fours. He was eventually run out while attempting a cheeky single, West Indian captain Courtney Walsh hitting the stumps from mid-off with Tendulkar stranded.</p>
<p>Incoming batsman Saurav Ganguly took 38 minutes and 23 balls to get off the mark and was three not out at the close.</p>
<p>The West Indies bowlers showed commitment but gained little from the pitch which has been criticised for its benign nature. Ambrose was the pick with two for 71.</p>
</text>
<copyright>(c) Reuters Limited 1997</copyright>
<metadata>
<codes class="bip:countries:1.0">
  <code code="INDIA">
    <editdetail attribution="Reuters BIP Coding Group" action="confirmed" date="1997-03-16"/>
  </code>
  <code code="TRTO">
    <editdetail attribution="Reuters BIP Coding Group" action="confirmed" date="1997-03-16"/>
  </code>
</codes>
<codes class="bip:topics:1.0">
  <code code="GCAT">
    <editdetail attribution="Reuters BIP Coding Group" action="confirmed" date="1997-03-16"/>
  </code>
  <code code="GSPO">
    <editdetail attribution="Reuters BIP Coding Group" action="confirmed" date="1997-03-16"/>
  </code>
</codes>
<dc element="dc.date.created" value="1997-03-16"/>
<dc element="dc.publisher" value="Reuters Holdings Plc"/>
<dc element="dc.date.published" value="1997-03-16"/>
<dc element="dc.source" value="Reuters"/>
<dc element="dc.creator.location" value="PORT OF SPAIN"/>
<dc element="dc.creator.location.country.name" value="TRINIDAD AND TOBAGO"/>
<dc element="dc.source" value="Reuters"/>
</metadata>
</newsitem>
