<?xml version="1.0" encoding="iso-8859-1" ?>
<newsitem itemid="445432" id="root" date="1997-03-16" xml:lang="en">
<title>BERMUDA: CRICKET-SRI LANKA IN TROUBLE VS NZ IN TEST.</title>
<headline>CRICKET-SRI LANKA IN TROUBLE VS NZ IN TEST.</headline>
<dateline>HAMILTON, New Zealand 1997-03-16</dateline>
<text>
<p>Sri Lanka, chasing 326 runs to win the second test against New Zealand, were in trouble by the close of play on Sunday, losing two wickets for just 20 runs.</p>
<p>Scores:</p>
<p>New Zealand first innings 222</p>
<p>Second innings 273 (B.Young 62, S.Fleming 59, N.Zoysa 3-53)</p>
<p>Sri Lanka first innings 170</p>
<p>Second innings 20 for two (D. Vettori 1-4).</p>
</text>
<copyright>(c) Reuters Limited 1997</copyright>
<metadata>
<codes class="bip:countries:1.0">
  <code code="BERM">
    <editdetail attribution="Reuters BIP Coding Group" action="confirmed" date="1997-03-16"/>
  </code>
  <code code="NZ">
    <editdetail attribution="Reuters BIP Coding Group" action="confirmed" date="1997-03-16"/>
  </code>
  <code code="SRILAN">
    <editdetail attribution="Reuters BIP Coding Group" action="confirmed" date="1997-03-16"/>
  </code>
</codes>
<codes class="bip:topics:1.0">
  <code code="GCAT">
    <editdetail attribution="Reuters BIP Coding Group" action="confirmed" date="1997-03-16"/>
  </code>
  <code code="GSPO">
    <editdetail attribution="Reuters BIP Coding Group" action="confirmed" date="1997-03-16"/>
  </code>
</codes>
<dc element="dc.date.created" value="1997-03-16"/>
<dc element="dc.publisher" value="Reuters Holdings Plc"/>
<dc element="dc.date.published" value="1997-03-16"/>
<dc element="dc.source" value="Reuters"/>
<dc element="dc.creator.location" value="HAMILTON, New Zealand"/>
<dc element="dc.creator.location.country.name" value="BERMUDA"/>
<dc element="dc.source" value="Reuters"/>
</metadata>
</newsitem>
