<?xml version="1.0" encoding="iso-8859-1" ?>
<newsitem itemid="445453" id="root" date="1997-03-16" xml:lang="en">
<title>USA: NBA BASKETBALL-SATURDAY'S RESULTS.</title>
<headline>NBA BASKETBALL-SATURDAY'S RESULTS.</headline>
<dateline>NEW YORK 1997-03-15</dateline>
<text>
<p>Results of National</p>
<p>Basketball Association games on Saturday (home team in CAPS):</p>
<p> GOLDEN STATE     106  Toronto	     102</p>
<p> Charlotte	  107  PHILADELPHIA	 99</p>
<p> Utah		 100  WASHINGTON	   93</p>
<p> CHICAGO	     99  Atlanta		79</p>
<p> DENVER	     121  San Antonio	 105</p>
<p> PHOENIX	    101  Dallas		 76</p>
</text>
<copyright>(c) Reuters Limited 1997</copyright>
<metadata>
<codes class="bip:countries:1.0">
  <code code="CANA">
    <editdetail attribution="Reuters BIP Coding Group" action="confirmed" date="1997-03-16"/>
  </code>
  <code code="USA">
    <editdetail attribution="Reuters BIP Coding Group" action="confirmed" date="1997-03-16"/>
  </code>
</codes>
<codes class="bip:topics:1.0">
  <code code="GCAT">
    <editdetail attribution="Reuters BIP Coding Group" action="confirmed" date="1997-03-16"/>
  </code>
  <code code="GSPO">
    <editdetail attribution="Reuters BIP Coding Group" action="confirmed" date="1997-03-16"/>
  </code>
</codes>
<dc element="dc.date.created" value="1997-03-15"/>
<dc element="dc.publisher" value="Reuters Holdings Plc"/>
<dc element="dc.date.published" value="1997-03-16"/>
<dc element="dc.source" value="Reuters"/>
<dc element="dc.creator.location" value="NEW YORK"/>
<dc element="dc.creator.location.country.name" value="USA"/>
<dc element="dc.source" value="Reuters"/>
</metadata>
</newsitem>
