<?xml version="1.0" encoding="iso-8859-1" ?>
<newsitem itemid="445413" id="root" date="1997-03-16" xml:lang="en">
<title>SOUTH AFRICA: CRICKET-AUSTRALIA 28-1, NEED FURTHER 242 TO WIN.</title>
<headline>CRICKET-AUSTRALIA 28-1, NEED FURTHER 242 TO WIN.</headline>
<dateline>PORT ELIZABETH, South Africa 1997-03-16</dateline>
<text>
<p>Australia, needing 270 for victory, were 28 for one at tea on the third day of the second test against Australia on Sunday.</p>
<p>Scores: South Africa 209 and 168, Australia 108 and 28-1</p>
</text>
<copyright>(c) Reuters Limited 1997</copyright>
<metadata>
<codes class="bip:countries:1.0">
  <code code="AUSTR">
    <editdetail attribution="Reuters BIP Coding Group" action="confirmed" date="1997-03-16"/>
  </code>
  <code code="SAFR">
    <editdetail attribution="Reuters BIP Coding Group" action="confirmed" date="1997-03-16"/>
  </code>
</codes>
<codes class="bip:topics:1.0">
  <code code="GCAT">
    <editdetail attribution="Reuters BIP Coding Group" action="confirmed" date="1997-03-16"/>
  </code>
  <code code="GSPO">
    <editdetail attribution="Reuters BIP Coding Group" action="confirmed" date="1997-03-16"/>
  </code>
</codes>
<dc element="dc.date.created" value="1997-03-16"/>
<dc element="dc.publisher" value="Reuters Holdings Plc"/>
<dc element="dc.date.published" value="1997-03-16"/>
<dc element="dc.source" value="Reuters"/>
<dc element="dc.creator.location" value="PORT ELIZABETH, South Africa"/>
<dc element="dc.creator.location.country.name" value="SOUTH AFRICA"/>
<dc element="dc.source" value="Reuters"/>
</metadata>
</newsitem>
