<?xml version="1.0" encoding="iso-8859-1" ?>
<newsitem itemid="445467" id="root" date="1997-03-16" xml:lang="en">
<title>SPAIN: SOCCER-ALFONSO BOOSTS BETIS TO SECOND SPOT.</title>
<headline>SOCCER-ALFONSO BOOSTS BETIS TO SECOND SPOT.</headline>
<dateline>MADRID 1997-03-16</dateline>
<text>
<p>Real Betis stormed into second place in the Spanish championship on Sunday thanks to a second successive league hat-trick by striker Alfonso Perez in the 4-0 win at Rayo Vallecano.</p>
<p>Betis jumped three points above Barcelona, who were set to play Logrones later, and within six of Real Madrid, off duty until Monday.</p>
<p>Fourth-placed Deportivo Coruna moved level with Barcelona after Saturday's 1-0 win at Espanyol, but Atletico Madrid appeared to have lost all chance of retaining their title after crashing 4-1 at home to Valencia.</p>
</text>
<copyright>(c) Reuters Limited 1997</copyright>
<metadata>
<codes class="bip:countries:1.0">
  <code code="SPAIN">
    <editdetail attribution="Reuters BIP Coding Group" action="confirmed" date="1997-03-16"/>
  </code>
</codes>
<codes class="bip:topics:1.0">
  <code code="GCAT">
    <editdetail attribution="Reuters BIP Coding Group" action="confirmed" date="1997-03-16"/>
  </code>
  <code code="GSPO">
    <editdetail attribution="Reuters BIP Coding Group" action="confirmed" date="1997-03-16"/>
  </code>
</codes>
<dc element="dc.date.created" value="1997-03-16"/>
<dc element="dc.publisher" value="Reuters Holdings Plc"/>
<dc element="dc.date.published" value="1997-03-16"/>
<dc element="dc.source" value="Reuters"/>
<dc element="dc.creator.location" value="MADRID"/>
<dc element="dc.creator.location.country.name" value="SPAIN"/>
<dc element="dc.source" value="Reuters"/>
</metadata>
</newsitem>
