<?xml version="1.0" encoding="iso-8859-1" ?>
<newsitem itemid="445457" id="root" date="1997-03-16" xml:lang="en">
<title>SPAIN: SOCCER-LEADING SCORERS IN THE SPANISH LEAGUE.</title>
<headline>SOCCER-LEADING SCORERS IN THE SPANISH LEAGUE.</headline>
<dateline>MADRID 1997-03-16</dateline>
<text>
<p>Leading goalscorers in the</p>
<p>Spanish first division after Sunday's games:</p>
<p>22 - Ronaldo (Barcelona)</p>
<p>21 - Alfonso Perez (Real Betis)</p>
<p>19 - Davor Suker (Real Madrid)</p>
<p>15 - Raul Gonzalez (Real Madrid)</p>
<p>14 - Oli Alvarez (Oviedo)</p>
<p>13 - Jose Ziganda (Athletic Bilbao), Rivaldo (Deportivo Coruna)</p>
<p>12 - Luis Enrique Martinez (Barcelona), Predrag Mijatovic (Real</p>
<p>Madrid), Juan Eduardo Esnaider (Atletico Madrid), Corentin</p>
<p>Martins (Deportivo Coruna), Victor Fernandez (Valladolid)</p>
<p>11 - Julen Guerrero (Athletic Bilbao), Christopher Ohen</p>
<p>(Compostela)</p>
</text>
<copyright>(c) Reuters Limited 1997</copyright>
<metadata>
<codes class="bip:countries:1.0">
  <code code="SPAIN">
    <editdetail attribution="Reuters BIP Coding Group" action="confirmed" date="1997-03-16"/>
  </code>
</codes>
<codes class="bip:topics:1.0">
  <code code="GCAT">
    <editdetail attribution="Reuters BIP Coding Group" action="confirmed" date="1997-03-16"/>
  </code>
  <code code="GSPO">
    <editdetail attribution="Reuters BIP Coding Group" action="confirmed" date="1997-03-16"/>
  </code>
</codes>
<dc element="dc.date.created" value="1997-03-16"/>
<dc element="dc.publisher" value="Reuters Holdings Plc"/>
<dc element="dc.date.published" value="1997-03-16"/>
<dc element="dc.source" value="Reuters"/>
<dc element="dc.creator.location" value="MADRID"/>
<dc element="dc.creator.location.country.name" value="SPAIN"/>
<dc element="dc.source" value="Reuters"/>
</metadata>
</newsitem>
