<?xml version="1.0" encoding="iso-8859-1" ?>
<newsitem itemid="445465" id="root" date="1997-03-16" xml:lang="en">
<title>GERMANY: SOCCER-GERMAN FIRST DIVISION SUMMARIES.</title>
<headline>SOCCER-GERMAN FIRST DIVISION SUMMARIES.</headline>
<dateline>BONN 1997-03-16</dateline>
<text>
<p>Summaries of soccer match played in the German first division on Sunday:</p>
<p>    Bochum		 3 - Donkow 38, Gueluenoglu 52, Michalke</p>
<p>				   71</p>
<p>    Werder Bremen	2 - van Lent 71, Herzog 86</p>
<p>HT: 1-0. Att: 25,000</p>
<p>- - - -</p>
<p>Played on Saturday:</p>
<p>    VfB Stuttgart	4  - Balakov 44 pen, Verlaat 45</p>
<p>				    Elber 82, Soldo 84</p>
<p>Borussia Dortmund  1  - Reuter 8</p>
<p>HT: 2-1. Att: 53,000</p>
<p>- - - -</p>
<p>    Bayern Munich	3  - Helmer 13, Nerlinger 89, Klinsmann</p>
<p>				    90</p>
<p>    Schalke		0</p>
<p>HT: 1-0. Att: 63,000 (capacity)</p>
<p>- - - -</p>
<p>    Bayer Leverkusen   1  - Meijer 86</p>
<p>Arminia Bielefeld  0</p>
<p>HT: 0-0. Att: 17,000</p>
<p>Red cards: Fuchs (AB) 83, Reeb (AB) 87</p>
<p>- - - -</p>
<p>    Freiburg	     2  - Buric 50, Heidenreich 67</p>
<p>    1860 Munich	  2  - Winkler 23, 31</p>
<p>HT: 0-2. Att: 22,500 (capacity)</p>
<p>- - - -</p>
<p>    Hansa Rostock	 3 - Beinlich 4, Akpoborie 39, Studer 43</p>
<p>Fortuna Duesseldorf 1 - Mehlhorn 30</p>
<p>HT: 3-1. Att: 13,500</p>
<p>- - - -</p>
<p>Borussia Moenchengladbach 2  - Lupescu 66 pen, Wynhoff 75</p>
<p>    Cologne			 1  - Polster 50 pen</p>
<p>HT: 0-0. Att: 34,200</p>
<p>- - - -</p>
<p>Played on Friday:</p>
<p>    Duisburg	    2 - Salou 72, Nijhuis 74</p>
<p>    Karlsruhe	   2 - Carl 12, Kiriakov 38</p>
<p>HT: 0-2. Att: 12,750</p>
<p>- - - -</p>
<p>    St Pauli		2 - Pisarew 80, Scharping 90</p>
<p>    Hamburg		 2 - Breitenreiter 10, Kmetsch 84</p>
<p>HT: 0-1. Att: 39,285</p>
<p>Red Card: Fischer (H) 41</p>
<p>- - - -</p>
</text>
<copyright>(c) Reuters Limited 1997</copyright>
<metadata>
<codes class="bip:countries:1.0">
  <code code="GFR">
    <editdetail attribution="Reuters BIP Coding Group" action="confirmed" date="1997-03-16"/>
  </code>
</codes>
<codes class="bip:topics:1.0">
  <code code="GCAT">
    <editdetail attribution="Reuters BIP Coding Group" action="confirmed" date="1997-03-16"/>
  </code>
  <code code="GSPO">
    <editdetail attribution="Reuters BIP Coding Group" action="confirmed" date="1997-03-16"/>
  </code>
</codes>
<dc element="dc.date.created" value="1997-03-16"/>
<dc element="dc.publisher" value="Reuters Holdings Plc"/>
<dc element="dc.date.published" value="1997-03-16"/>
<dc element="dc.source" value="Reuters"/>
<dc element="dc.creator.location" value="BONN"/>
<dc element="dc.creator.location.country.name" value="GERMANY"/>
<dc element="dc.source" value="Reuters"/>
</metadata>
</newsitem>
