<?xml version="1.0" encoding="iso-8859-1" ?>
<newsitem itemid="445449" id="root" date="1997-03-16" xml:lang="en">
<title>USA: NHL-SATURDAY'S RESULTS.</title>
<headline>NHL-SATURDAY'S RESULTS.</headline>
<dateline>NEW YORK 1997-03-16</dateline>
<text>
<p>Results of National Hockey</p>
<p>League games on Saturday (home team in CAPS):</p>
<p> BOSTON	    5  NY Islanders    2</p>
<p> NEW JERSEY	3  Washington	2</p>
<p> Buffalo	   7  PHILADELPHIA    5</p>
<p> Edmonton	  4  HARTFORD	  2</p>
<p> Vancouver	 5  TAMPA BAY	 2</p>
<p> FLORIDA	   3  Toronto	   3 (OT)</p>
<p> MONTREAL	  2  Ottawa	    2 (OT)</p>
<p> Calgary	   5  LOS ANGELES     2</p>
<p> Detroit	   7  SAN JOSE	  4</p>
</text>
<copyright>(c) Reuters Limited 1997</copyright>
<metadata>
<codes class="bip:countries:1.0">
  <code code="CANA">
    <editdetail attribution="Reuters BIP Coding Group" action="confirmed" date="1997-03-16"/>
  </code>
  <code code="USA">
    <editdetail attribution="Reuters BIP Coding Group" action="confirmed" date="1997-03-16"/>
  </code>
</codes>
<codes class="bip:topics:1.0">
  <code code="GCAT">
    <editdetail attribution="Reuters BIP Coding Group" action="confirmed" date="1997-03-16"/>
  </code>
  <code code="GSPO">
    <editdetail attribution="Reuters BIP Coding Group" action="confirmed" date="1997-03-16"/>
  </code>
</codes>
<dc element="dc.date.created" value="1997-03-16"/>
<dc element="dc.publisher" value="Reuters Holdings Plc"/>
<dc element="dc.date.published" value="1997-03-16"/>
<dc element="dc.source" value="Reuters"/>
<dc element="dc.creator.location" value="NEW YORK"/>
<dc element="dc.creator.location.country.name" value="USA"/>
<dc element="dc.source" value="Reuters"/>
</metadata>
</newsitem>
