<?xml version="1.0" encoding="iso-8859-1" ?>
<newsitem itemid="445401" id="root" date="1997-03-16" xml:lang="en">
<title>UK: RUGBY UNION-WOMAN'S WORLD RECORD BET PAYS OFF.</title>
<headline>RUGBY UNION-WOMAN'S WORLD RECORD BET PAYS OFF.</headline>
<dateline>LONDON 1997-03-16</dateline>
<text>
<p>England clinched the Triple Crown on Saturday with their 34-13 Five Nations victory over Wales but it was one of their supporters, an anonymous woman, who scooped the big prize with a world record bet.</p>
<p>The woman staked a total of 154,780 pounds ($247,000) in separate bets on England beating Scotland, Ireland and Wales. They were odds-on favourites to win each game but still came away with a profit of over 31,000 pounds.</p>
<p>&quot;It might seem foolhardy to risk 150,000 pounds to win 30,000 pounds but that represents a 20 percent tax-free profit over the space of a few weeks -- a rate that any financial institution would find hard to match,&quot; said Graham Sharpe, spokesman for the betting chain which took the bet.</p>
<p>&quot;I just hope she gives us the chance to win the money back.&quot;</p>
</text>
<copyright>(c) Reuters Limited 1997</copyright>
<metadata>
<codes class="bip:countries:1.0">
  <code code="IRE">
    <editdetail attribution="Reuters BIP Coding Group" action="confirmed" date="1997-03-16"/>
  </code>
  <code code="UK">
    <editdetail attribution="Reuters BIP Coding Group" action="confirmed" date="1997-03-16"/>
  </code>
</codes>
<codes class="bip:topics:1.0">
  <code code="GCAT">
    <editdetail attribution="Reuters BIP Coding Group" action="confirmed" date="1997-03-16"/>
  </code>
  <code code="GSPO">
    <editdetail attribution="Reuters BIP Coding Group" action="confirmed" date="1997-03-16"/>
  </code>
</codes>
<dc element="dc.date.created" value="1997-03-16"/>
<dc element="dc.publisher" value="Reuters Holdings Plc"/>
<dc element="dc.date.published" value="1997-03-16"/>
<dc element="dc.source" value="Reuters"/>
<dc element="dc.creator.location" value="LONDON"/>
<dc element="dc.creator.location.country.name" value="UK"/>
<dc element="dc.source" value="Reuters"/>
</metadata>
</newsitem>
