<?xml version="1.0" encoding="iso-8859-1" ?>
<newsitem itemid="445441" id="root" date="1997-03-16" xml:lang="en">
<title>AUSTRALIA: CRICKET-SHEFFIELD SHIELD RESULTS.</title>
<headline>CRICKET-SHEFFIELD SHIELD RESULTS.</headline>
<dateline>SYDNEY 1997-03-16</dateline>
<text>
<p>Results of Sheffield Shield matches on Sunday:</p>
<p>In Sydney: Tasmania 463-7 declared  and 290 for five declared (Jamie Cox 125, Dene Hills 75), New South Wales 449 and 305 for four (Michael Slater 79, Shane Lee 75 not out, Rodney Davison 63, Jason Arnberger 57). NSW won by six wickets.</p>
<p>In Brisbane: Queensland 277 and 218 (Matthew Mott 60, Stuart Law 50), South Australia 160 and 198 (Martin Faull 64). Queensland won by 137 runs.</p>
<p>In Melbourne: Victoria 205 and 224 (Laurie Harper 100 not out, Brendon Julian seven for 48). Western Australia 458 for nine declared. WA won by an innings and 29 runs.</p>
<p>Western Australia will play Queensland in the Sheffield Shield final in Perth from March 21-25.</p>
</text>
<copyright>(c) Reuters Limited 1997</copyright>
<metadata>
<codes class="bip:countries:1.0">
  <code code="AUSTR">
    <editdetail attribution="Reuters BIP Coding Group" action="confirmed" date="1997-03-16"/>
  </code>
</codes>
<codes class="bip:topics:1.0">
  <code code="GCAT">
    <editdetail attribution="Reuters BIP Coding Group" action="confirmed" date="1997-03-16"/>
  </code>
  <code code="GSPO">
    <editdetail attribution="Reuters BIP Coding Group" action="confirmed" date="1997-03-16"/>
  </code>
</codes>
<dc element="dc.date.created" value="1997-03-16"/>
<dc element="dc.publisher" value="Reuters Holdings Plc"/>
<dc element="dc.date.published" value="1997-03-16"/>
<dc element="dc.source" value="Reuters"/>
<dc element="dc.creator.location" value="SYDNEY"/>
<dc element="dc.creator.location.country.name" value="AUSTRALIA"/>
<dc element="dc.source" value="Reuters"/>
</metadata>
</newsitem>
