<?xml version="1.0" encoding="iso-8859-1" ?>
<newsitem itemid="445416" id="root" date="1997-03-16" xml:lang="en">
<title>SOUTH AFRICA: CRICKET-GILLESPIE LEADS AUSTRALIAN FIGHTBACK.</title>
<headline>CRICKET-GILLESPIE LEADS AUSTRALIAN FIGHTBACK.</headline>
<dateline>PORT ELIZABETH, South Africa 1997-03-16</dateline>
<text>
<p>Three quick wickets from fast bowler Jason Gillespie helped reduce South Africa to 137 for six and gave Australia a much-needed lift in the second test against South Africa on Sunday.</p>
<p>Gillespie, who took five for 54 in the first innings, went to lunch on the third day with figures of three for 36, as South Africa held an overall lead of 238.</p>
<p>Resuming on 83 without loss, South Africa quickly lost Gary Kirsten, who had added just two to his overnight 41, when he missed a straight delivery from Gillespie that kept low.</p>
<p>Jacques Kallis then perished for two to an inspirational piece of fielding from Greg Blewett at square leg. A swooping pick-up and direct hit left Kallis stranded by a metre after attempting a quick single.</p>
<p>Opener Adam Bacher was the next to go, top-edging a hook off Gillespie straight to Glenn McGrath on the fine leg boundary. Bacher's 49 lasted nearly three hours and contained seven boundaries from 129 deliveries.</p>
<p>In Gillespie's next over, his seventh of the morning, he trapped Daryll Cullinan lbw for two with a rapid off-cutter that beat the batsman for both pace and movement.</p>
<p>When Herschelle Gibbs was caught at second slip by Mark Waugh off Glenn McGrath for seven, South Africa had collapsed from 87 without loss to 122 for five and Australia were firmly back in the contest.</p>
<p>Hansie Cronje and Brian McMillan steadied the ship with half an hour of solid resistance but McMillan, first innings rescuer with 55, missed a pull shot against a Michael Bevan long hop and fell lbw for two in the final over before the interval.</p>
<p>South Africa's main hope of a match-winning lead on an improving pitch lay in Cronje who twice pulled McGrath through midwicket for four. He was 25 not out at lunch.</p>
</text>
<copyright>(c) Reuters Limited 1997</copyright>
<metadata>
<codes class="bip:countries:1.0">
  <code code="AUSTR">
    <editdetail attribution="Reuters BIP Coding Group" action="confirmed" date="1997-03-16"/>
  </code>
  <code code="SAFR">
    <editdetail attribution="Reuters BIP Coding Group" action="confirmed" date="1997-03-16"/>
  </code>
</codes>
<codes class="bip:topics:1.0">
  <code code="GCAT">
    <editdetail attribution="Reuters BIP Coding Group" action="confirmed" date="1997-03-16"/>
  </code>
  <code code="GSPO">
    <editdetail attribution="Reuters BIP Coding Group" action="confirmed" date="1997-03-16"/>
  </code>
</codes>
<dc element="dc.date.created" value="1997-03-16"/>
<dc element="dc.publisher" value="Reuters Holdings Plc"/>
<dc element="dc.date.published" value="1997-03-16"/>
<dc element="dc.source" value="Reuters"/>
<dc element="dc.creator.location" value="PORT ELIZABETH, South Africa"/>
<dc element="dc.creator.location.country.name" value="SOUTH AFRICA"/>
<dc element="dc.source" value="Reuters"/>
</metadata>
</newsitem>
