<?xml version="1.0" encoding="iso-8859-1" ?>
<newsitem itemid="445463" id="root" date="1997-03-16" xml:lang="en">
<title>GERMANY: SOCCER-GERMAN FIRST DIVISION RESULTS/STANDINGS.</title>
<headline>SOCCER-GERMAN FIRST DIVISION RESULTS/STANDINGS.</headline>
<dateline>BONN 1997-03-16</dateline>
<text>
<p>Results of soccer match played in the German first division on Sunday:</p>
<p> Bochum			    3 Werder Bremen	  2</p>
<p>Played on Saturday</p>
<p> VfB Stuttgart		   4 Borussia Dortmund    1</p>
<p> Bayern Munich		   3 Schalke		  0</p>
<p> Bayer Leverkusen		1 Arminia Bielefeld    0</p>
<p> Freiburg			  2 1860 Munich	    2</p>
<p> Hansa Rostock		   3 Fortuna Duesseldorf  1</p>
<p> Borussia Moenchengladbach   2 Cologne		  1</p>
<p>Played on Friday</p>
<p> Duisburg			  2  Karlsruhe	     2</p>
<p> St Pauli			  2  Hamburg		 2</p>
<p>Bundesliga standings after Sunday's games</p>
<p>				    P     W   D   L     F   A   Pts</p>
<p> Borussia Dortmund	   23    14   4   5    49  27    46</p>
<p> Bayern Munich		 23    13   7   3    41  24    46</p>
<p> VfB Stuttgart		 23    13   5   5    55  25    44</p>
<p> Bayer Leverkusen	    23    13   5   5    46  30    44</p>
<p> Schalke			 23    10   6   7    31  29    36</p>
<p> Bochum			  22     9   8   5    32  31    35</p>
<p> Karlsruhe		     23     9   7   7    40  30    34</p>
<p> Cologne			 23    10   3  10    38  39    33</p>
<p> Werder Bremen		 23     9   5   9    38  38    32</p>
<p> 1860 Munich		   23     8   7   8    39  40    31</p>
<p> Arminia Bielefeld	   23     8   5  10    28  34    29</p>
<p> Hamburg			 23     7   7   9    34  37    28</p>
<p> Borussia Moenchengladbach 23     7   5  11    22  28    26</p>
<p> Duisburg			23     6   7  10    22  35    25</p>
<p> Fortuna Duesseldorf	 23     7   4  12    19  35    25</p>
<p> Hansa Rostock		 23     5   6  12    24  33    21</p>
<p> St. Pauli		     22     5   5  12    28  43    20</p>
<p> Freiburg			23     4   2  17    24  52    14</p>
</text>
<copyright>(c) Reuters Limited 1997</copyright>
<metadata>
<codes class="bip:countries:1.0">
  <code code="GFR">
    <editdetail attribution="Reuters BIP Coding Group" action="confirmed" date="1997-03-16"/>
  </code>
</codes>
<codes class="bip:topics:1.0">
  <code code="GCAT">
    <editdetail attribution="Reuters BIP Coding Group" action="confirmed" date="1997-03-16"/>
  </code>
  <code code="GSPO">
    <editdetail attribution="Reuters BIP Coding Group" action="confirmed" date="1997-03-16"/>
  </code>
</codes>
<dc element="dc.date.created" value="1997-03-16"/>
<dc element="dc.publisher" value="Reuters Holdings Plc"/>
<dc element="dc.date.published" value="1997-03-16"/>
<dc element="dc.source" value="Reuters"/>
<dc element="dc.creator.location" value="BONN"/>
<dc element="dc.creator.location.country.name" value="GERMANY"/>
<dc element="dc.source" value="Reuters"/>
</metadata>
</newsitem>
