<?xml version="1.0" encoding="iso-8859-1" ?>
<newsitem itemid="445458" id="root" date="1997-03-16" xml:lang="en">
<title>SPAIN: SOCCER-SUMMARIES IN THE SPANISH CHAMPIONSHIP.</title>
<headline>SOCCER-SUMMARIES IN THE SPANISH CHAMPIONSHIP.</headline>
<dateline>MADRID 1997-03-16</dateline>
<text>
<p>Summaries of games played in the</p>
<p>Spanish league championship on Sunday:</p>
<p> Sevilla	    2 - Varsilis Tsartas 49, Jose Mari 86</p>
<p> Sporting Gijon   1 - Pablo Diaz 92</p>
<p>HT: 0-0 Attendance: 59,000.</p>
<p>- - - - - - - -</p>
<p> Compostela	 1 - Lyuboslav Penev 42</p>
<p> Valladolid	 1 - Victor Fernandez 37</p>
<p>    HT: 1-1   Att: 9,000.  Red cards: Jose Quevedo (V) 14, Nacho</p>
<p>Fernandez (C) 14, Fernando Vazquez (C coach) 71.</p>
<p>- - - - - - - -</p>
<p> Zaragoza	   3 - Dani Garcia 2, Fernando Morientes</p>
<p>			    53, 79</p>
<p> Extremadura	1 - Silvani 19</p>
<p>HT: 1-1 Att: 35,000.</p>
<p>- - - - - - - -</p>
<p>Racing Santander 1 - Jesus Merino 89</p>
<p> Celta Vigo	 0</p>
<p>HT: 0-0.  Att: 14,000.</p>
<p>- - - - - - - -</p>
<p> Oviedo	     2 - Oli Alvarez 40, Ivan Iglesias 45</p>
<p> Hercules	   0</p>
<p>HT: 2-0 Att: 12,000</p>
<p>- - - - - - - -</p>
<p> Rayo Vallecano   0</p>
<p> Real Betis	 4 - Alfonso Perez 35, 54, pen 60, Pier</p>
<p>			    Cherubino 72.</p>
<p>HT: 0-1 Att: 13,000.</p>
<p>- - - - - - - -</p>
<p> Logrones	   0</p>
<p> Barcelona	  1 - Emmanuel Amunike 82</p>
<p>HT: 0-0 Att: 16,000.</p>
<p>- - - - - - - -</p>
<p>played Friday:</p>
<p> Tenerife	   3 - Juanele Castano 7, Meho Kodro 43,</p>
<p>			    Slavisa Jokanovic pen 56</p>
<p>Athletic Bilbao  3 - Ismael Urzaiz 43, Aitor Larrazabal</p>
<p>			    pen 45, Bittor Alkiza 74</p>
<p>    HT: 2-2     Att: 18,000.</p>
<p>- - - - - - - -</p>
<p>played Saturday:</p>
<p>  Espanyol	  0</p>
<p>Deportivo Coruna 1 - Nourredine Naybet 37.</p>
<p>    HT: 0-1     Att: 20,000</p>
<p>- - - - - - - -</p>
<p>Atletico Madrid  1 - Jose Luis Caminero 51</p>
<p> Valencia	   4 - Ariel Ortega 8, Xabier Eskurza 26,</p>
<p>			    Jose Ignacio Saenz 35, Leandro 90.</p>
<p>    HT: 0-3     Att: 40,000</p>
</text>
<copyright>(c) Reuters Limited 1997</copyright>
<metadata>
<codes class="bip:countries:1.0">
  <code code="SPAIN">
    <editdetail attribution="Reuters BIP Coding Group" action="confirmed" date="1997-03-16"/>
  </code>
</codes>
<codes class="bip:topics:1.0">
  <code code="GCAT">
    <editdetail attribution="Reuters BIP Coding Group" action="confirmed" date="1997-03-16"/>
  </code>
  <code code="GSPO">
    <editdetail attribution="Reuters BIP Coding Group" action="confirmed" date="1997-03-16"/>
  </code>
</codes>
<dc element="dc.date.created" value="1997-03-16"/>
<dc element="dc.publisher" value="Reuters Holdings Plc"/>
<dc element="dc.date.published" value="1997-03-16"/>
<dc element="dc.source" value="Reuters"/>
<dc element="dc.creator.location" value="MADRID"/>
<dc element="dc.creator.location.country.name" value="SPAIN"/>
<dc element="dc.source" value="Reuters"/>
</metadata>
</newsitem>
