<?xml version="1.0" encoding="iso-8859-1" ?>
<newsitem itemid="445434" id="root" date="1997-03-16" xml:lang="en">
<title>BERMUDA: CRICKET-NZ 204 FOR SIX AT TEA VS SRI LANKA.</title>
<headline>CRICKET-NZ 204 FOR SIX AT TEA VS SRI LANKA.</headline>
<dateline>HAMILTON, New Zealand 1997-03-16</dateline>
<text>
<p>New Zealand were 204 for six wickets at tea in their second innings against Sri Lanka on the third day of the second test on Sunday.</p>
<p>Scores:</p>
<p>New Zealand first innings 222</p>
<p>Second innings 204 for six (B.Young 62, M.Muralitharan 3-54).</p>
<p>Sri Lanka 170 (R.Mahanama 45, H. Davis 5-63, D. Vettori 4-46).</p>
</text>
<copyright>(c) Reuters Limited 1997</copyright>
<metadata>
<codes class="bip:countries:1.0">
  <code code="BERM">
    <editdetail attribution="Reuters BIP Coding Group" action="confirmed" date="1997-03-16"/>
  </code>
  <code code="NZ">
    <editdetail attribution="Reuters BIP Coding Group" action="confirmed" date="1997-03-16"/>
  </code>
  <code code="SRILAN">
    <editdetail attribution="Reuters BIP Coding Group" action="confirmed" date="1997-03-16"/>
  </code>
</codes>
<codes class="bip:topics:1.0">
  <code code="GCAT">
    <editdetail attribution="Reuters BIP Coding Group" action="confirmed" date="1997-03-16"/>
  </code>
  <code code="GSPO">
    <editdetail attribution="Reuters BIP Coding Group" action="confirmed" date="1997-03-16"/>
  </code>
</codes>
<dc element="dc.date.created" value="1997-03-16"/>
<dc element="dc.publisher" value="Reuters Holdings Plc"/>
<dc element="dc.date.published" value="1997-03-16"/>
<dc element="dc.source" value="Reuters"/>
<dc element="dc.creator.location" value="HAMILTON, New Zealand"/>
<dc element="dc.creator.location.country.name" value="BERMUDA"/>
<dc element="dc.source" value="Reuters"/>
</metadata>
</newsitem>
