<?xml version="1.0" encoding="iso-8859-1" ?>
<newsitem itemid="445492" id="root" date="1997-03-16" xml:lang="en">
<title>FRANCE: RUGBY UNION-FRANCE LEAVE PARC FOR NEW CHALLENGES.</title>
<headline>RUGBY UNION-FRANCE LEAVE PARC FOR NEW CHALLENGES.</headline>
<byline>Patrick Vignal</byline>
<dateline>PARIS 1997-03-16</dateline>
<text>
<p>After leaving Parc des Princes in style with an historic grand slam on Saturday, France are looking forward to new challenges against the heavyweights of the southern hemisphere.</p>
<p>&quot;The players have achieved something unique but it's only a step forward towards our goal, which is the 1999 World Cup,&quot; said coach Jean-Claude Skrela after France crushed Scotland 47-20 to complete their first clean sweep on home soil in the tournament.</p>
<p>France, whose four previous grand slams were in 1968, 1977, 1981 and 1987, will have little time to rest after triumphing in their last match at the Parc as they face Italy next Sunday in Grenoble.</p>
<p>They then have a short break before a party of 34 sets off on June 5 for a brief two-test tour of Australia.</p>
<p>Then, at the end of the year, the new champions of the northern hemisphere will have the chance to test themselves against the cream of the southern when they take on both South Africa and New Zealand.</p>
<p>&quot;There probably is a gap between our rugby and the best in the southern hemisphere but I don't think it's that huge,&quot; said Skrela. &quot;But if we want to beat them, and we do, we still have plenty of work to do.&quot;</p>
<p>For next week's test against a growing force in European rugby, it will be interesting to see if Skrela recalls veterans Philippe St Andre and Olivier Roumat, who missed the Five Nations because of injury.</p>
<p>France were so badly hit by injuries that they used 26 players in their four matches, making the grand slam an even more remarkable achievement.</p>
<p>Skrela, a flanker in the 1977 team which was unchanged throughout the tournament, blames the growing fixture list which deprives players of crucial periods of recuperation.</p>
<p>&quot;Now we know that we have to have a group of 35, 36 players and all of them must be ready to play,&quot; he said.</p>
<p>&quot;We're getting there. Several young players would probably not have had a chance in this tournament if everybody had been available. But they did fine and that's encouraging for the future.&quot;</p>
<p>One of those unlikely first-choice players when the tournament began was Brive centre Christophe Lamaison who played a key role in the French wins over England at Twickenham and against Scotland on Saturday when he scored 24 points.</p>
<p>Another notable aspect of the French play this season has been their spirit and their discipline.</p>
<p>&quot;All the worries we've had have brought the players more closely together,&quot; he said.</p>
<p>&quot;I think we are witnessing a change in the mentalities. From now on, we will be more consistent, more reliable,&quot; Skrela said.</p>
<p>If Skrela is right it may mark the start of a new era for French rugby in two senses because Saturday's game was the last at the Parc des Princes. From next season their new home will be the Stade de France, currently being built in the Paris suburb of St Denis.</p>
<p>The players' lap of honour to a standing ovation was an emotional moment and perhaps for that reason Lamaison said he did not want to leave the pitch.</p>
<p>&quot;It was such a great feeling, I just wanted to stay there,&quot; he said.</p>
<p>&quot;The people were singing, everybody was happy, we had done something great. I wanted that moment to last forever.&quot;</p>
</text>
<copyright>(c) Reuters Limited 1997</copyright>
<metadata>
<codes class="bip:countries:1.0">
  <code code="FRA">
    <editdetail attribution="Reuters BIP Coding Group" action="confirmed" date="1997-03-16"/>
  </code>
  <code code="UK">
    <editdetail attribution="Reuters BIP Coding Group" action="confirmed" date="1997-03-16"/>
  </code>
</codes>
<codes class="bip:topics:1.0">
  <code code="GCAT">
    <editdetail attribution="Reuters BIP Coding Group" action="confirmed" date="1997-03-16"/>
  </code>
  <code code="GSPO">
    <editdetail attribution="Reuters BIP Coding Group" action="confirmed" date="1997-03-16"/>
  </code>
</codes>
<dc element="dc.date.created" value="1997-03-16"/>
<dc element="dc.publisher" value="Reuters Holdings Plc"/>
<dc element="dc.date.published" value="1997-03-16"/>
<dc element="dc.source" value="Reuters"/>
<dc element="dc.creator.location" value="PARIS"/>
<dc element="dc.creator.location.country.name" value="FRANCE"/>
<dc element="dc.source" value="Reuters"/>
</metadata>
</newsitem>
