<?xml version="1.0" encoding="iso-8859-1" ?>
<newsitem itemid="445456" id="root" date="1997-03-16" xml:lang="en">
<title>BELGIUM: SOCCER-BELGIAN CHAMPIONSHIP RESULTS/STANDINGS.</title>
<headline>SOCCER-BELGIAN CHAMPIONSHIP RESULTS/STANDINGS.</headline>
<dateline>BRUSSELS 1997-03-16</dateline>
<text>
<p>Belgian first division results</p>
<p>on Sunday:</p>
<p> Aalst	    1    Molenbeek	  1</p>
<p> Mechelen	 0    Club Brugge	2</p>
<p>Played on Saturday</p>
<p> Mouscron	 2    Genk		 0</p>
<p> Charleroi	4    Ekeren	     1</p>
<p> Lokeren	  1    Ghent		0</p>
<p> Antwerp	  0    Harelbeke	  0</p>
<p> Cercle Brugge  0    Lierse	     2</p>
<p> Anderlecht     3    Sint-Truiden     1</p>
<p>Played on Friday</p>
<p> Lommel	   1    Standard Liege   0</p>
<p>    Standings		P   W    D   L    F    A     Pts</p>
<p> 1. Club Brugge	    27  17   5   5    57   30    56</p>
<p> 2. Lierse		   27  15  10   2    52   28    55</p>
<p> 3. Mouscron		 27  15   9   3    49   25    54</p>
<p> 4. Lommel		   27  13   6   8    39   38    45</p>
<p> 5. Anderlecht	     26  12   9   5    43   27    45</p>
<p> 6. Antwerp		  27  13   5   9    40   35    44</p>
<p> 7. Harelbeke		27  12   7   8    43   30    43</p>
<p> 8. Standard Liege	 27  13   2  12    44   40    41</p>
<p> 9. Genk		     27   8   8  11    31   34    32</p>
<p> 10. Molenbeek	     27   8   7  12    28   34    31</p>
<p> 11. Charleroi	     27   8   6  13    34   41    30</p>
<p> 12. Ekeren		  27   8   6  13    33   42    30</p>
<p> 13. Sint-Truiden	  27   8   6  13    37   48    30</p>
<p> 14. Lokeren		 27   8   6  13    35   48    30</p>
<p> 15. Ghent		   27   8   5  14    35   47    29</p>
<p> 16. Mechelen		27   7   8  12    29   41    29</p>
<p> 17. Aalst		   26   4  10  12    29   44    22</p>
<p> 18. Cercle Brugge	 27   4   7  16    28   54    19</p>
</text>
<copyright>(c) Reuters Limited 1997</copyright>
<metadata>
<codes class="bip:countries:1.0">
  <code code="BELG">
    <editdetail attribution="Reuters BIP Coding Group" action="confirmed" date="1997-03-16"/>
  </code>
</codes>
<codes class="bip:topics:1.0">
  <code code="GCAT">
    <editdetail attribution="Reuters BIP Coding Group" action="confirmed" date="1997-03-16"/>
  </code>
  <code code="GSPO">
    <editdetail attribution="Reuters BIP Coding Group" action="confirmed" date="1997-03-16"/>
  </code>
</codes>
<dc element="dc.date.created" value="1997-03-16"/>
<dc element="dc.publisher" value="Reuters Holdings Plc"/>
<dc element="dc.date.published" value="1997-03-16"/>
<dc element="dc.source" value="Reuters"/>
<dc element="dc.creator.location" value="BRUSSELS"/>
<dc element="dc.creator.location.country.name" value="BELGIUM"/>
<dc element="dc.source" value="Reuters"/>
</metadata>
</newsitem>
