<?xml version="1.0" encoding="iso-8859-1" ?>
<newsitem itemid="445440" id="root" date="1997-03-16" xml:lang="en">
<title>AUSTRALIA: CRICKET-QUEENSLAND REACH FINAL, TASMANIA THWARTED.</title>
<headline>CRICKET-QUEENSLAND REACH FINAL, TASMANIA THWARTED.</headline>
<dateline>SYDNEY 1997-03-16</dateline>
<text>
<p>Tasmania failed to reach their first Sheffield Shield final when they lost to Queensland on Sunday.</p>
<p>Queensland secured a spot in the final against Western Australia at Tasmania's expense when they completed the formality of a victory over South Australia in Brisbane.</p>
<p>Queensland began the final day of the last round of matches locked on 22 points in the standings with New South Wales and needed just seven balls to complete a 137-run victory over last-placed South Australia at the Gabba ground.</p>
<p>South Australia added just five runs to their overnight score of 193 for nine before seam bowler Adam Dale removed Paul Wilson with his first ball.</p>
<p>Queensland then endured an anxious seven-hour wait for the outcome of the match in Sydney where Tasmania had to win to reach their first final.</p>
<p>Tasmania declared their second innings on 290 for five after resuming on 135 for no wicket, setting New South Wales a victory target of 305 from a minimum of 67 overs.</p>
<p>Deposed Australia opener Michael Slater set the tone of the innings with an aggressive 79, while fellow opener Rodney Davison, Jason Arnberger and all-rounder Shane Lee all bettered 50.</p>
<p>Lee finished unbeaten on 75 as New South Wales won by six wickets after riveting day's play which saw a total of 460 runs scored.</p>
<p>Earlier, Tasmania opener Jamie Cox scored his second century of the match to ensure his side set a competitive total. Cox reached 125 in a 172-run first wicket partnership with Dene Hills.</p>
<p>Queensland, New South Wales and Tasmania all finished on 28 points but Queensland progressed to the final starting in Perth on Friday with a superior average of runs scored for and against during the season.</p>
<p>In Melbourne, a stunning performance by former Australian seam bowler Brendon Julian helped Western Australia to an innings victory over Victoria.</p>
<p>Julian took seven for 48 as Victoria, resuming on 108 for four, crumbled to 224 all out. All-rounder Laurie Harper led the resistance with 100 not out.</p>
</text>
<copyright>(c) Reuters Limited 1997</copyright>
<metadata>
<codes class="bip:countries:1.0">
  <code code="AUSTR">
    <editdetail attribution="Reuters BIP Coding Group" action="confirmed" date="1997-03-16"/>
  </code>
</codes>
<codes class="bip:topics:1.0">
  <code code="GCAT">
    <editdetail attribution="Reuters BIP Coding Group" action="confirmed" date="1997-03-16"/>
  </code>
  <code code="GSPO">
    <editdetail attribution="Reuters BIP Coding Group" action="confirmed" date="1997-03-16"/>
  </code>
</codes>
<dc element="dc.date.created" value="1997-03-16"/>
<dc element="dc.publisher" value="Reuters Holdings Plc"/>
<dc element="dc.date.published" value="1997-03-16"/>
<dc element="dc.source" value="Reuters"/>
<dc element="dc.creator.location" value="SYDNEY"/>
<dc element="dc.creator.location.country.name" value="AUSTRALIA"/>
<dc element="dc.source" value="Reuters"/>
</metadata>
</newsitem>
