<?xml version="1.0" encoding="iso-8859-1" ?>
<newsitem itemid="445483" id="root" date="1997-03-16" xml:lang="en">
<title>NETHERLANDS: SOCCER-DUTCH TOP THREE IN WINNING FORM.</title>
<headline>SOCCER-DUTCH TOP THREE IN WINNING FORM.</headline>
<dateline>AMSTERDAM 1997-03-16</dateline>
<text>
<p>Twente Enschede beat Volendam 4-0 in the Dutch league on Sunday with John Bosman and Paul Bosvelt each scoring twice.</p>
<p>The Twente victory means the top three places in the first division remain unchanged after a weekend which saw all the frontrunners win.</p>
<p>On Saturday, second-placed Feyenoord recorded their biggest home win of the season, beating lowly RKC Waalwijk 5-0, with a hat-trick by Gaston Taument, the first in his career, and goals from Henk Fraser and Tati Montoya.</p>
<p>Despite hammering RKC the gap between the Rotterdammers and league leaders PSV remained three points as the Eindhoven side won an uninspired game against Fortuna Sittard 1-0 through a Wim Jonk penalty.</p>
<p>PSV lead with 58 points from 25 matches, Twente are third with 52 points.</p>
<p>Ajax Amsterdam came from a goal behind for a convincing win over Roda JC Kerkrade 3-1 on Friday.</p>
<p>Melvin Plet shook up the Ajax defence in the fourth minute, hitting the net after a muffed clearance by goalkeeper Edwin van der Sar bounced off Roda striker Gerald Sibon.</p>
<p>But goals by former Roda player Tijjani Babangida and Mark Overmars, his first this season, in the first half and by Ronald de Boer in the second were the only positive returns from a dozen squandered chances.</p>
<p>Ajax, fourth overall, trail PSV by 16 points, but have a game in hand.</p>
</text>
<copyright>(c) Reuters Limited 1997</copyright>
<metadata>
<codes class="bip:countries:1.0">
  <code code="NETH">
    <editdetail attribution="Reuters BIP Coding Group" action="confirmed" date="1997-03-16"/>
  </code>
</codes>
<codes class="bip:topics:1.0">
  <code code="GCAT">
    <editdetail attribution="Reuters BIP Coding Group" action="confirmed" date="1997-03-16"/>
  </code>
  <code code="GSPO">
    <editdetail attribution="Reuters BIP Coding Group" action="confirmed" date="1997-03-16"/>
  </code>
</codes>
<dc element="dc.date.created" value="1997-03-16"/>
<dc element="dc.publisher" value="Reuters Holdings Plc"/>
<dc element="dc.date.published" value="1997-03-16"/>
<dc element="dc.source" value="Reuters"/>
<dc element="dc.creator.location" value="AMSTERDAM"/>
<dc element="dc.creator.location.country.name" value="NETHERLANDS"/>
<dc element="dc.source" value="Reuters"/>
</metadata>
</newsitem>
