<?xml version="1.0" encoding="iso-8859-1" ?>
<newsitem itemid="445414" id="root" date="1997-03-16" xml:lang="en">
<title>SOUTH AFRICA: CRICKET-SOUTH AFRICA V AUSTRALIA SECOND TEST SCOREBOARD.</title>
<headline>CRICKET-SOUTH AFRICA V AUSTRALIA SECOND TEST SCOREBOARD.</headline>
<dateline>PORT ELIZABETH, South Africa 1997-03-16</dateline>
<text>
<p>Scoreboard</p>
<p>on the third day of the second test between South Africa and</p>
<p>Australia on Sunday:</p>
<p>South Africa first innings 209 (Brian McMillan 55, Jason</p>
<p>Gillespie 5-54)</p>
<p>Australia first innings 108</p>
<p>South Africa second innings (overnight 83-0)</p>
<p> G.Kirsten b Gillespie		   43</p>
<p> A.Bacher c McGrath b Gillespie	49</p>
<p> J.Kallis run out			   2</p>
<p> D.Cullinan lbw b Gillespie	     2</p>
<p> H.Cronje c Healy b Bevan		27</p>
<p> H.Gibbs c M.Waugh b McGrath	    7</p>
<p> B.McMillan lbw b Bevan		   2</p>
<p> S.Pollock lbw b Warne		   17</p>
<p> D.Richardson not out		     3</p>
<p> A.Donald c Warne b Bevan		 7</p>
<p> P.Adams c Taylor b Warne		 1</p>
<p> Extras (b-1 lb-5 nb-2)		   8</p>
<p> Total					168</p>
<p>Fall of wickets: 1-87 2-98 3-99 4-100 5-122 6-137</p>
<p>7-152 8-156 9-167</p>
<p>Bowling: McGrath 13-3-43-1 1nb), Gillespie 18-4-49-3,</p>
<p>S.Waugh 4.3-0-16-0, Blewett 7.3-3-16-0, Warne 17.4-7-20-2 (nb),</p>
<p>Bevan 13-3-18-3</p>
<p>Australian second innings</p>
<p> M.Taylor lbw b McMillan		    13</p>
<p> M.Hayden run out			     14</p>
<p> M.Elliott c and b Adams		    44</p>
<p> M.Waugh not out				54</p>
<p> S.Waugh not out				11</p>
<p> Extras (b-6 lb-2 w-1)			 9</p>
<p> Total (for three wickets)		 145</p>
<p>Fall of wickets: 1-23 2-30 3-113</p>
<p>Bowling: Donald 11-2-44-0, McMillan 11-3-24-1, Cronje</p>
<p>8-1-23-0 (1w), Kallis 6-1-17-0, Adams 8-1-29-1</p>
</text>
<copyright>(c) Reuters Limited 1997</copyright>
<metadata>
<codes class="bip:countries:1.0">
  <code code="AUSTR">
    <editdetail attribution="Reuters BIP Coding Group" action="confirmed" date="1997-03-16"/>
  </code>
  <code code="SAFR">
    <editdetail attribution="Reuters BIP Coding Group" action="confirmed" date="1997-03-16"/>
  </code>
</codes>
<codes class="bip:topics:1.0">
  <code code="GCAT">
    <editdetail attribution="Reuters BIP Coding Group" action="confirmed" date="1997-03-16"/>
  </code>
  <code code="GSPO">
    <editdetail attribution="Reuters BIP Coding Group" action="confirmed" date="1997-03-16"/>
  </code>
</codes>
<dc element="dc.date.created" value="1997-03-16"/>
<dc element="dc.publisher" value="Reuters Holdings Plc"/>
<dc element="dc.date.published" value="1997-03-16"/>
<dc element="dc.source" value="Reuters"/>
<dc element="dc.creator.location" value="PORT ELIZABETH, South Africa"/>
<dc element="dc.creator.location.country.name" value="SOUTH AFRICA"/>
<dc element="dc.source" value="Reuters"/>
</metadata>
</newsitem>
