<?xml version="1.0" encoding="iso-8859-1" ?>
<newsitem itemid="445498" id="root" date="1997-03-16" xml:lang="en">
<title>UK: Toyota considers 1 bln stg French plant-FT.</title>
<headline>Toyota considers 1 bln stg French plant-FT.</headline>
<dateline>LONDON 1997-03-16</dateline>
<text>
<p>Japanese car giant Toyota Motor Corp is considering building a one billion stg car plant in northern France, the Financial Times said.</p>
<p>The paper said the plant was likely to be set up in Lens and would help Toyota to boost its European sales by 50 percent by 2000.</p>
<p>The company's directors are expected to meet on May 10 to decide on the project which would create more than 2,000 new jobs.</p>
<p>The paper said Toyota has already been in touch with component and tooling suppliers and was likely to commence operations by the end of the decade.</p>
<p>The plant would have an initial capacity of 100,000 vehicles a year.</p>
<p>--London Newsroom +44 171 542 7717</p>
</text>
<copyright>(c) Reuters Limited 1997</copyright>
<metadata>
<codes class="bip:countries:1.0">
  <code code="FRA">
    <editdetail attribution="Reuters BIP Coding Group" action="confirmed" date="1997-03-16"/>
  </code>
  <code code="JAP">
    <editdetail attribution="Reuters BIP Coding Group" action="confirmed" date="1997-03-16"/>
  </code>
  <code code="UK">
    <editdetail attribution="Reuters BIP Coding Group" action="confirmed" date="1997-03-16"/>
  </code>
</codes>
<codes class="bip:industries:1.0">
  <code code="I35101">
    <editdetail attribution="Reuters BIP Coding Group" action="confirmed" date="1997-03-16"/>
  </code>
</codes>
<codes class="bip:topics:1.0">
  <code code="C24">
    <editdetail attribution="Reuters BIP Coding Group" action="confirmed" date="1997-03-16"/>
  </code>
  <code code="C31">
    <editdetail attribution="Reuters BIP Coding Group" action="confirmed" date="1997-03-16"/>
  </code>
  <code code="CCAT">
    <editdetail attribution="Reuters BIP Coding Group" action="confirmed" date="1997-03-16"/>
  </code>
</codes>
<dc element="dc.date.created" value="1997-03-16"/>
<dc element="dc.publisher" value="Reuters Holdings Plc"/>
<dc element="dc.date.published" value="1997-03-16"/>
<dc element="dc.source" value="Reuters"/>
<dc element="dc.creator.location" value="LONDON"/>
<dc element="dc.creator.location.country.name" value="UK"/>
<dc element="dc.source" value="Reuters"/>
</metadata>
</newsitem>
