<?xml version="1.0" encoding="iso-8859-1" ?>
<newsitem itemid="445471" id="root" date="1997-03-16" xml:lang="en">
<title>SWITZERLAND: FIGURE SKATING-STOJKO IS THE STALLONE OF THE ICE RINK.</title>
<headline>FIGURE SKATING-STOJKO IS THE STALLONE OF THE ICE RINK.</headline>
<byline>Steve Keating</byline>
<dateline>LAUSANNE, Switzerland 1997-03-16</dateline>
<text>
<p>Elvis Stojko is the Sylvester Stallone of figure skating, a powerful performer who has a black belt in karate and lists dirt biking among his hobbies.</p>
<p>Compared with the classic artistry of skaters such as Russian Olympic champion Alexei Urmanov, Canada's Stojko has long been seen as the sport's action hero.</p>
<p>Early this month he became the only skater to land a quadruple-triple jump in competition, and while his technical ability won him back-to-back world titles in 1994 and 1995, he is still short of respect artistically.</p>
<p>Dressed all in black, complete with studded wrist bands, Stojko was talking tough as he once again defended his approach following the qualifying round at the world championships on Sunday.</p>
<p>&quot;I have a harder, more powerful style but I still have the finesse,&quot; said Stojko. &quot;I don't know what more they want, to be honest.</p>
<p>&quot;The quality of movement is there, the motion is there. All the lines are there, the footwork is there, the jumps are there and the expression is there. What else?</p>
<p>&quot;It almost feels like every time I do a programme, people feel there should be a little bit more -- but they never say what.</p>
<p>&quot;I'm sticking with my game plan and sticking with the programme. I won't allow anyone to tell me what to do out there because then you're not an artist.&quot;</p>
<p>By Stojko's own admission, his artistic view of the sport might best be described as minimalist.</p>
<p>&quot;If you do a lot of add-ons or more stuff, would that make it artistically better?&quot; questioned Stojko. &quot;No it doesn't.&quot;</p>
<p>It's easy to see how Stojko's artistic abilities are sometimes overlooked.</p>
<p>Stojko twisted his way into figure skating history in the Champions Series final in Hamilton, Ontario, when he became the first skater to land a quad-triple, a gravity-defying manoeuvre that requires four revolutions in the air followed immediately by three more - all in less than two seconds.</p>
<p>As Stojko's coach Doug Leigh likes to point out, more people have landed on the moon than have landed a quad-triple.</p>
<p>While Stojko's action-packed free skating, which also includes eight triples, two in combination, may not be winning over the critics, the 24-year-old Canadian is good box-office among the fans.</p>
<p>Talk before the championships did not centre on Urmanov's interpretative ability but when would Stojko launch another quad-triple.</p>
<p>Stojko left the opening day crowd holding it's breath in anticipation, but the combination foundered when he tumbled landing the quad, leaving him no opportunity to add the triple.</p>
<p>Stojko later explained that he never intended to attempt the combination. &quot;I just wanted to have a nice setup for the quad.</p>
<p>&quot;You just try to get the pattern, the setup and feel for it. It felt good so we're on track for Thursday.</p>
<p>&quot;Doing the jump in practise is one thing, doing it in competition is a totally different matter.</p>
<p>&quot;If you fall you have to hold the whole programme together after, so it's a different ball game.&quot;</p>
</text>
<copyright>(c) Reuters Limited 1997</copyright>
<metadata>
<codes class="bip:countries:1.0">
  <code code="CANA">
    <editdetail attribution="Reuters BIP Coding Group" action="confirmed" date="1997-03-16"/>
  </code>
  <code code="RUSS">
    <editdetail attribution="Reuters BIP Coding Group" action="confirmed" date="1997-03-16"/>
  </code>
  <code code="SWITZ">
    <editdetail attribution="Reuters BIP Coding Group" action="confirmed" date="1997-03-16"/>
  </code>
</codes>
<codes class="bip:topics:1.0">
  <code code="GCAT">
    <editdetail attribution="Reuters BIP Coding Group" action="confirmed" date="1997-03-16"/>
  </code>
  <code code="GSPO">
    <editdetail attribution="Reuters BIP Coding Group" action="confirmed" date="1997-03-16"/>
  </code>
</codes>
<dc element="dc.date.created" value="1997-03-16"/>
<dc element="dc.publisher" value="Reuters Holdings Plc"/>
<dc element="dc.date.published" value="1997-03-16"/>
<dc element="dc.source" value="Reuters"/>
<dc element="dc.creator.location" value="LAUSANNE, Switzerland"/>
<dc element="dc.creator.location.country.name" value="SWITZERLAND"/>
<dc element="dc.source" value="Reuters"/>
</metadata>
</newsitem>
