<?xml version="1.0" encoding="iso-8859-1" ?>
<newsitem itemid="445450" id="root" date="1997-03-16" xml:lang="en">
<title>USA: BASEBALL-YANKEES' FIELDER DROPS TRADE DEMAND ON EVE OF DEADLINE.</title>
<headline>BASEBALL-YANKEES' FIELDER DROPS TRADE DEMAND ON EVE OF DEADLINE.</headline>
<dateline>NEW YORK 1997-03-16</dateline>
<text>
<p>New York Yankees first baseman Cecil Fielder dropped his trade demand Saturday night, one minute before he would have become a free agent.</p>
<p>Fielder had until midnight to make good on his threat to become a free agent, voiding a $7.2 million contract, if the Yankees did not trade him. At 11:59 p.m., he informed the team through baseball's Player Relations Committee that he was dropping his trade demand.</p>
<p>&quot;Of course, we are very happy that Cecil has chosen to remain a Yankee,&quot; said owner George Steinbrenner. &quot;He is one of the game's premier players and will be an integral part of our drive to repeat as world champions. The Yankees have nothing but the highest respect for Cecil Fielder and for what he has accomplished.&quot;</p>
<p>The 33-year-old Fielder was acquired from Detroit last summer and played a key role in the Yankees' drive to a World Series title.</p>
<p>As a player traded in the final year of his contract, Fielder had a right to ask to be traded, a right he exercised during the offseason. If Fielder had not rescinded his request, one of the game's most prolific power hitters would have become a free agent.</p>
<p>The Yankees contended there were no takers for a player slated to receive more than $7 million this season.</p>
<p>Steinbrenner has discussed a possible contract extension with Fielder.</p>
<p>Over the winter, Fielder complained about his role with the Yankees. The security of playing time was assured by manager Joe Torre, who assigned Fielder the full-time role of designated hitter with an occasional game at first base in place of Tino Martinez.</p>
<p>Fielder hit 39 home runs last season, his highest total since he tied for the American League lead with 44 in 1991. The portly slugger hit .391 in the World Series and could have won Most Valuable Player honours if not for John Wetteland's four saves.</p>
<p>Fielder has hit more homers (258) and driven in more runs (795) in the 1990s than any major leaguer.</p>
</text>
<copyright>(c) Reuters Limited 1997</copyright>
<metadata>
<codes class="bip:countries:1.0">
  <code code="USA">
    <editdetail attribution="Reuters BIP Coding Group" action="confirmed" date="1997-03-16"/>
  </code>
</codes>
<codes class="bip:topics:1.0">
  <code code="GCAT">
    <editdetail attribution="Reuters BIP Coding Group" action="confirmed" date="1997-03-16"/>
  </code>
  <code code="GSPO">
    <editdetail attribution="Reuters BIP Coding Group" action="confirmed" date="1997-03-16"/>
  </code>
</codes>
<dc element="dc.date.created" value="1997-03-16"/>
<dc element="dc.publisher" value="Reuters Holdings Plc"/>
<dc element="dc.date.published" value="1997-03-16"/>
<dc element="dc.source" value="Reuters"/>
<dc element="dc.creator.location" value="NEW YORK"/>
<dc element="dc.creator.location.country.name" value="USA"/>
<dc element="dc.source" value="Reuters"/>
</metadata>
</newsitem>
