<?xml version="1.0" encoding="iso-8859-1" ?>
<newsitem itemid="445460" id="root" date="1997-03-16" xml:lang="en">
<title>PORTUGAL: SOCCER-PORTUGUESE FIRST DIVISION SUMMARIES.</title>
<headline>SOCCER-PORTUGUESE FIRST DIVISION SUMMARIES.</headline>
<dateline>LISBON 1997-03-16</dateline>
<text>
<p>Summaries of Portuguese first</p>
<p>division matches this weekend:</p>
<p>Played Sunday:</p>
<p> Leca     1 - Edilson Oliveira 54</p>
<p> Boavista 3 - Mario Silva 7, Jerrel Jimmy 59, 88</p>
<p>HT: 1-0 Att: 2,000</p>
<p>/ / / /</p>
<p>Rio Ave  0</p>
<p>Farense  0</p>
<p>Att: 2,000</p>
<p>/ / / /</p>
<p> Belenenses 2 - Pedro Miguel 6, Fertout Youssef 62</p>
<p> Setubal    1 - Paulo Sergio 85-pen</p>
<p>HT: 1-0 Att: 3,000</p>
<p>/ / / /</p>
<p> Gil Vicente 3 - Miguel Marques 51-pen, Nuno Sousa 68, Antonio</p>
<p>		     Formoso  84</p>
<p> Uniao Leiria 4 - Luis Filipe 13, 43, Mario Artur 34, Mauricio</p>
<p>			Santos 71.</p>
<p>HT: 3-0 Att: 3,000</p>
<p>Red cards: Joao Manuel (U) 40, Bealic (U) 50, Robinho (G) 50</p>
<p>/ / / /</p>
<p> Braga	  3 - Duarte Toni  41, Karoglan Mladen 60, 77</p>
<p> Chaves	 0</p>
<p>HT: 1-0 Att: 5,000</p>
<p>/ / / /</p>
<p> Benfica	3 - Edgar Pacheco 15, Tahar Kalej 64, Joao Pinto</p>
<p>			83</p>
<p> Salgueiros   4 - Abilio Novais 36, Fernando Santos 63, Marcos</p>
<p>			Severo 89, 90</p>
<p>HT: 1-1 Att: 10,000</p>
<p>/ / / /</p>
<p> Guimaraes	 3 - Gilmar Estevan 25, 47, Milovanovic 33</p>
<p> Estrela Amadora 1 - Orlando Monteiro 75</p>
<p>HT: 2-0 Att: 6,000</p>
<p>/ / / /</p>
<p> Maritimo     1 - Marcos Antonio 81</p>
<p> Espinho	0</p>
<p>HT: 0-0 Att: 5,000</p>
<p>Played Saturday:</p>
<p> Porto    1 - Jose Barroso 70</p>
<p> Sporting 2 - Roberto Beto 29, Pedro Barbosa 53</p>
<p>HT: 1-0 Att: 35,000</p>
</text>
<copyright>(c) Reuters Limited 1997</copyright>
<metadata>
<codes class="bip:countries:1.0">
  <code code="PORL">
    <editdetail attribution="Reuters BIP Coding Group" action="confirmed" date="1997-03-16"/>
  </code>
</codes>
<codes class="bip:topics:1.0">
  <code code="GCAT">
    <editdetail attribution="Reuters BIP Coding Group" action="confirmed" date="1997-03-16"/>
  </code>
  <code code="GSPO">
    <editdetail attribution="Reuters BIP Coding Group" action="confirmed" date="1997-03-16"/>
  </code>
</codes>
<dc element="dc.date.created" value="1997-03-16"/>
<dc element="dc.publisher" value="Reuters Holdings Plc"/>
<dc element="dc.date.published" value="1997-03-16"/>
<dc element="dc.source" value="Reuters"/>
<dc element="dc.creator.location" value="LISBON"/>
<dc element="dc.creator.location.country.name" value="PORTUGAL"/>
<dc element="dc.source" value="Reuters"/>
</metadata>
</newsitem>
