<?xml version="1.0" encoding="iso-8859-1" ?>
<newsitem itemid="445436" id="root" date="1997-03-16" xml:lang="en">
<title>BERMUDA: CRICKET-NZ 132 FOR THREE AT LUNCH VS SRI LANKA.</title>
<headline>CRICKET-NZ 132 FOR THREE AT LUNCH VS SRI LANKA.</headline>
<dateline>HAMILTON, New Zealand 1997-03-16</dateline>
<text>
<p>New Zealand continued to build a steady lead over Sri Lanka to be 132 for three at lunch on the third day of the second test on Sunday.</p>
<p>Scores:</p>
<p>New Zealand first innings 222.</p>
<p>Second innings 132 for three (overnight 53 for one, Young 62, K.Dharmasena 1-25).</p>
<p>Sri Lanka 170 (R.Mahanama 45, H. Davis 5-63, D. Vettori 4-46).</p>
</text>
<copyright>(c) Reuters Limited 1997</copyright>
<metadata>
<codes class="bip:countries:1.0">
  <code code="BERM">
    <editdetail attribution="Reuters BIP Coding Group" action="confirmed" date="1997-03-16"/>
  </code>
  <code code="NZ">
    <editdetail attribution="Reuters BIP Coding Group" action="confirmed" date="1997-03-16"/>
  </code>
  <code code="SRILAN">
    <editdetail attribution="Reuters BIP Coding Group" action="confirmed" date="1997-03-16"/>
  </code>
</codes>
<codes class="bip:topics:1.0">
  <code code="GCAT">
    <editdetail attribution="Reuters BIP Coding Group" action="confirmed" date="1997-03-16"/>
  </code>
  <code code="GSPO">
    <editdetail attribution="Reuters BIP Coding Group" action="confirmed" date="1997-03-16"/>
  </code>
</codes>
<dc element="dc.date.created" value="1997-03-16"/>
<dc element="dc.publisher" value="Reuters Holdings Plc"/>
<dc element="dc.date.published" value="1997-03-16"/>
<dc element="dc.source" value="Reuters"/>
<dc element="dc.creator.location" value="HAMILTON, New Zealand"/>
<dc element="dc.creator.location.country.name" value="BERMUDA"/>
<dc element="dc.source" value="Reuters"/>
</metadata>
</newsitem>
