<?xml version="1.0" encoding="iso-8859-1" ?>
<newsitem itemid="445444" id="root" date="1997-03-16" xml:lang="en">
<title>MOROCCO: SOCCER-MOROCCAN FIRST DIVISION RESULTS/STANDINGS.</title>
<headline>SOCCER-MOROCCAN FIRST DIVISION RESULTS/STANDINGS.</headline>
<dateline>RABAT 1997-03-16</dateline>
<text>
<p>Results of Morrocan first</p>
<p>division soccer matches played on Sunday:</p>
<p>    Royal Armed Forces    2     Mohammedia	 1</p>
<p> Oujda		     0     El Jadida	  1</p>
<p> Settat		    1     Widad Fes	  0</p>
<p> Marrakesh		 1     Khouribga	  0</p>
<p> Agadir		    0     Widad Casblanca  0</p>
<p> Raja Casablanca	 3     Sporting Sale    1</p>
<p> Tetouan		   0     Sidi Kacem	 0</p>
<p> Meknes		    1     Jeunesse Massira 1</p>
<p>    Standings		P     W     D   L   F    A   PTS</p>
<p>   Jeunesse Massira	20    10    7   3   22   13   37</p>
<p>   Raja Casablanca	 18    10    5   3   29   14   35</p>
<p>   Meknes		    20     8    9   3   15    8   33</p>
<p>   Widad Casablanca	20     8    8   4   29   14   32</p>
<p>   Settat		    19     9    5   5   18    9   32</p>
<p>   El Jadida		 20    10    2   8   17   16   32</p>
<p>   Agadir		    20     7    8   5   16   13   29</p>
<p>   Royal Armed Forces    20     6    8   6   14   17   26</p>
<p>   Oujda		     20     6    6   8   15   27   24</p>
<p>   Marrakesh		 20     6    5   9   11   12   23</p>
<p>   Widad Fes		 18     5    7   6   18   17   22</p>
<p>   Mohammedia		19     5    6   8   16   19   21</p>
<p>   Sidi Kacem		20     3   12   5   16   21   21</p>
<p>   Sporting Sale	   20     4    6  10   15   26   18</p>
<p>   Tetouan		   20     3    8   9   15   35   17</p>
<p>   Khouribga		 20     3    5  12   17   27   14</p>
</text>
<copyright>(c) Reuters Limited 1997</copyright>
<metadata>
<codes class="bip:countries:1.0">
  <code code="MOROC">
    <editdetail attribution="Reuters BIP Coding Group" action="confirmed" date="1997-03-16"/>
  </code>
</codes>
<codes class="bip:topics:1.0">
  <code code="GCAT">
    <editdetail attribution="Reuters BIP Coding Group" action="confirmed" date="1997-03-16"/>
  </code>
  <code code="GSPO">
    <editdetail attribution="Reuters BIP Coding Group" action="confirmed" date="1997-03-16"/>
  </code>
</codes>
<dc element="dc.date.created" value="1997-03-16"/>
<dc element="dc.publisher" value="Reuters Holdings Plc"/>
<dc element="dc.date.published" value="1997-03-16"/>
<dc element="dc.source" value="Reuters"/>
<dc element="dc.creator.location" value="RABAT"/>
<dc element="dc.creator.location.country.name" value="MOROCCO"/>
<dc element="dc.source" value="Reuters"/>
</metadata>
</newsitem>
