<?xml version="1.0" encoding="iso-8859-1" ?>
<newsitem itemid="445490" id="root" date="1997-03-16" xml:lang="en">
<title>DENMARK: TENNIS-JOHANSSON BEATS DAMM IN COPENHAGEN OPEN FINAL.</title>
<headline>TENNIS-JOHANSSON BEATS DAMM IN COPENHAGEN OPEN FINAL.</headline>
<dateline>COPENHAGEN 1997-03-16</dateline>
<text>
<p>Result of the final in the $203,000 Copenhagen Open men's tennis tournament on Sunday (prefix number denotes seeding):</p>
<p>5-Thomas Johansson (Sweden) beat 2-Martin Damm (Czech Republic) 6-4 3-6 6-2</p>
</text>
<copyright>(c) Reuters Limited 1997</copyright>
<metadata>
<codes class="bip:countries:1.0">
  <code code="CZREP">
    <editdetail attribution="Reuters BIP Coding Group" action="confirmed" date="1997-03-16"/>
  </code>
  <code code="DEN">
    <editdetail attribution="Reuters BIP Coding Group" action="confirmed" date="1997-03-16"/>
  </code>
  <code code="SWED">
    <editdetail attribution="Reuters BIP Coding Group" action="confirmed" date="1997-03-16"/>
  </code>
</codes>
<codes class="bip:topics:1.0">
  <code code="GCAT">
    <editdetail attribution="Reuters BIP Coding Group" action="confirmed" date="1997-03-16"/>
  </code>
  <code code="GSPO">
    <editdetail attribution="Reuters BIP Coding Group" action="confirmed" date="1997-03-16"/>
  </code>
</codes>
<dc element="dc.date.created" value="1997-03-16"/>
<dc element="dc.publisher" value="Reuters Holdings Plc"/>
<dc element="dc.date.published" value="1997-03-16"/>
<dc element="dc.source" value="Reuters"/>
<dc element="dc.creator.location" value="COPENHAGEN"/>
<dc element="dc.creator.location.country.name" value="DENMARK"/>
<dc element="dc.source" value="Reuters"/>
</metadata>
</newsitem>
