<?xml version="1.0" encoding="iso-8859-1" ?>
<newsitem itemid="445496" id="root" date="1997-03-16" xml:lang="en">
<title>PAKISTAN: HOCKEY-GOLDEN JUBILEE OF PAKISTAN TOURNAMENT RESULTS.</title>
<headline>HOCKEY-GOLDEN JUBILEE OF PAKISTAN TOURNAMENT RESULTS.</headline>
<dateline>KARACHI 1997-03-16</dateline>
<text>
<p>Results in the Golden Jubilee</p>
<p>of Pakistan men's hockey tournament on Sunday:</p>
<p>Netherlands 3 Australia 2 (halftime 1-2)</p>
<p>Scorers:</p>
<p>Netherlands - Bram Lomans 28, 49, Stephan Veen 54</p>
<p>Australia - Baedan Choppy 4, Jay Stacy 28</p>
<p>Pakistan 1 England 1 (1-1)</p>
<p>Scorers:</p>
<p>Pakistan - Muhammad Shahbaz 35</p>
<p>England - Russell Garcia 30</p>
</text>
<copyright>(c) Reuters Limited 1997</copyright>
<metadata>
<codes class="bip:countries:1.0">
  <code code="AUSTR">
    <editdetail attribution="Reuters BIP Coding Group" action="confirmed" date="1997-03-16"/>
  </code>
  <code code="NETH">
    <editdetail attribution="Reuters BIP Coding Group" action="confirmed" date="1997-03-16"/>
  </code>
  <code code="PAKIS">
    <editdetail attribution="Reuters BIP Coding Group" action="confirmed" date="1997-03-16"/>
  </code>
  <code code="UK">
    <editdetail attribution="Reuters BIP Coding Group" action="confirmed" date="1997-03-16"/>
  </code>
</codes>
<codes class="bip:topics:1.0">
  <code code="GCAT">
    <editdetail attribution="Reuters BIP Coding Group" action="confirmed" date="1997-03-16"/>
  </code>
  <code code="GSPO">
    <editdetail attribution="Reuters BIP Coding Group" action="confirmed" date="1997-03-16"/>
  </code>
</codes>
<dc element="dc.date.created" value="1997-03-16"/>
<dc element="dc.publisher" value="Reuters Holdings Plc"/>
<dc element="dc.date.published" value="1997-03-16"/>
<dc element="dc.source" value="Reuters"/>
<dc element="dc.creator.location" value="KARACHI"/>
<dc element="dc.creator.location.country.name" value="PAKISTAN"/>
<dc element="dc.source" value="Reuters"/>
</metadata>
</newsitem>
