<?xml version="1.0" encoding="iso-8859-1" ?>
<newsitem itemid="445423" id="root" date="1997-03-16" xml:lang="en">
<title>SLOVAKIA: SOCCER-SLOVAK FIRST DIVISION RESULTS/STANDINGS.</title>
<headline>SOCCER-SLOVAK FIRST DIVISION RESULTS/STANDINGS.</headline>
<dateline>BRATISLAVA 1997-03-16</dateline>
<text>
<p>Results of Slovak first</p>
<p>division soccer matches played at the weekend:</p>
<p> Dukla Banska Bystrica   2    Tatran Presov	1</p>
<p> Inter Bratislava	  1    Jas Bardejov	 1</p>
<p> Lokomotiva Kosice	 1    Chemlon Humenne    3</p>
<p> MSK Zilina		  1    FC Rimavska Sobota 1</p>
<p> DAC Dunajska Streda     0    FC Kosice	    3</p>
<p> Petrimex Prievidza	2    Slovan Bratislava  0</p>
<p> Artmedia Petrzalka	1    FC Nitra	     0</p>
<p> ZTS Kerametal Dubnica   0    Spartak Trnava     1</p>
<p>				     P   W   D   L   F    A   Pts</p>
<p> 1. Spartak Trnava	    18  12   5   1   35   12   41</p>
<p> 2. FC Kosice		   18  10   6   2   30   14   36</p>
<p> 3. Slovan Bratislava	 18  11   1   6   32   16   34</p>
<p> 4. Inter Bratislava	  18   9   6   3   28   21   33</p>
<p> 5. Tatran Presov	     18   9   4   5   24   18   31</p>
<p> 6. MSK Zilina		  18   8   1   9   17   16   25</p>
<p> 7. JAS Bardejov		18   6   5   7   20   24   23</p>
<p> 8. Artmedia Petrzalka	18   6   5   7   19   29   23</p>
<p> 9. Lokomotiva Kosice	 18   5   7   6   15   17   22</p>
<p> 10.Dukla Banska Bystrica   18   6   3   9   29   29   21</p>
<p> 11.Petrimex Prievidza	18   6   3   9   24   29   21</p>
<p> 12.Chemlon Humenne	   18   6   3   9   19   25   21</p>
<p> 13.FC Rimavska Sobota	18   6   1  11   19   30   19</p>
<p> 14.DAC Dunajska Streda     18   5   4   9   16   30   19</p>
<p> 15.ZTS Kerametal Dubnica   18   4   5   9   19   28   17</p>
<p> 16.FC Nitra		    18   3   5  10   15   23   14</p>
</text>
<copyright>(c) Reuters Limited 1997</copyright>
<metadata>
<codes class="bip:countries:1.0">
  <code code="SLVAK">
    <editdetail attribution="Reuters BIP Coding Group" action="confirmed" date="1997-03-16"/>
  </code>
</codes>
<codes class="bip:topics:1.0">
  <code code="GCAT">
    <editdetail attribution="Reuters BIP Coding Group" action="confirmed" date="1997-03-16"/>
  </code>
  <code code="GSPO">
    <editdetail attribution="Reuters BIP Coding Group" action="confirmed" date="1997-03-16"/>
  </code>
</codes>
<dc element="dc.date.created" value="1997-03-16"/>
<dc element="dc.publisher" value="Reuters Holdings Plc"/>
<dc element="dc.date.published" value="1997-03-16"/>
<dc element="dc.source" value="Reuters"/>
<dc element="dc.creator.location" value="BRATISLAVA"/>
<dc element="dc.creator.location.country.name" value="SLOVAKIA"/>
<dc element="dc.source" value="Reuters"/>
</metadata>
</newsitem>
