<?xml version="1.0" encoding="iso-8859-1" ?>
<newsitem itemid="445430" id="root" date="1997-03-16" xml:lang="en">
<title>BERMUDA: CRICKET-SRI LANKA OFF TO BAD START VS NZ.</title>
<headline>CRICKET-SRI LANKA OFF TO BAD START VS NZ.</headline>
<dateline>HAMILTON 1997-03-16</dateline>
<text>
<p>Sri Lanka made a disastrous start to their quest for victory late on the third day of the second cricket test against New Zealand on Sunday.</p>
<p>Sri Lanka's chances of scoring the 326 runs required to win received an immediate setback when opening batsman Sanath Jayasuriya ran himself out while seeking a second run in just the second over.</p>
<p>Worse was to follow in the ninth over when left arm spinner Daniel Vettori bowled Hashan Tillekaratne around his legs before Sri Lanka limped to stumps on 20 for two.</p>
<p>New Zealand were dismissed for 273 in their second innings, holding an overall advantage of 325 with more than two days to play, before Jayasuriya senselessly ran himself out after turning a delivery from Heath Davis behind square leg.</p>
<p>Simon Doull, fielding on the fine leg boundary, ran in quickly and fired a quick and accurate return to wicketkeeper Adam Parore. Jayasuriya chanced his arm and paid the penalty when he was found just short of his ground.</p>
<p>Sri Lanka will resume on Monday with Roshan Mahanama on six and night watchman Chaminda Vaas on nought.</p>
<p>New Zealand's second innings score featured half-centuries to Bryan Young, with 62, captain Stephen Fleming, with 59, and Nathan Astle, 52.</p>
<p>Offspinner Muttiah Muralitharan took three for 62 and young left arm seamer Nuwan Zoysa captured three for 53.</p>
<p>Muralitharan's dismissal of Fleming, who was bowled around his legs, saw the spinner become the first Sri Lankan bowler to take 100 wickets in tests.</p>
</text>
<copyright>(c) Reuters Limited 1997</copyright>
<metadata>
<codes class="bip:countries:1.0">
  <code code="BERM">
    <editdetail attribution="Reuters BIP Coding Group" action="confirmed" date="1997-03-16"/>
  </code>
  <code code="NZ">
    <editdetail attribution="Reuters BIP Coding Group" action="confirmed" date="1997-03-16"/>
  </code>
  <code code="SRILAN">
    <editdetail attribution="Reuters BIP Coding Group" action="confirmed" date="1997-03-16"/>
  </code>
</codes>
<codes class="bip:topics:1.0">
  <code code="GCAT">
    <editdetail attribution="Reuters BIP Coding Group" action="confirmed" date="1997-03-16"/>
  </code>
  <code code="GSPO">
    <editdetail attribution="Reuters BIP Coding Group" action="confirmed" date="1997-03-16"/>
  </code>
</codes>
<dc element="dc.date.created" value="1997-03-16"/>
<dc element="dc.publisher" value="Reuters Holdings Plc"/>
<dc element="dc.date.published" value="1997-03-16"/>
<dc element="dc.source" value="Reuters"/>
<dc element="dc.creator.location" value="HAMILTON"/>
<dc element="dc.creator.location.country.name" value="BERMUDA"/>
<dc element="dc.source" value="Reuters"/>
</metadata>
</newsitem>
