<?xml version="1.0" encoding="iso-8859-1" ?>
<newsitem itemid="445469" id="root" date="1997-03-16" xml:lang="en">
<title>SPAIN: SOCCER-RESULTS/STANDINGS IN THE SPANISH LEAGUE.</title>
<headline>SOCCER-RESULTS/STANDINGS IN THE SPANISH LEAGUE.</headline>
<dateline>MADRID 1997-03-16</dateline>
<text>
<p>Results in the Spanish league</p>
<p>championship on Sunday:</p>
<p> Sevilla	    2   Sporting Gijon     1</p>
<p> Compostela	 1   Valladolid	   1</p>
<p> Zaragoza	   3   Extremadura	  1</p>
<p> Racing Santander 1   Celta Vigo	   0</p>
<p> Oviedo	     2   Hercules	     0</p>
<p> Rayo Vallecano   0   Real Betis	   4</p>
<p> Logrones	   vs  Barcelona	late kick-off</p>
<p>playing Monday:</p>
<p> Real Sociedad    vs   Real Madrid</p>
<p>played Saturday:</p>
<p> Espanyol	   0   Deportivo Coruna   1</p>
<p> Atletico Madrid  1   Valencia	     4</p>
<p>played Friday:</p>
<p> Tenerife	   3    Athletic Bilbao   3</p>
<p>playing Sunday:</p>
<p>Standings:</p>
<p>				P     W    D    L  F   A   Pts</p>
<p> 1.Real Madrid	   28    19    8    1  61  23   65</p>
<p> 2.Real Betis	    29    17    8    4  64  32   59</p>
<p> 3.Barcelona	     28    17    5    6  70  37   56</p>
<p> 4.Deportivo Coruna    29    15   11    3  44  20   56</p>
<p> 5.Atletico Madrid     28    14    7    7  54  38   49</p>
<p> 6.Real Sociedad	 28    13    6    9  35  30   45</p>
<p> 7.Tenerife		28    12    7    9  50  31   43</p>
<p> 8.Athletic Bilbao     29    10   13    6  51  41   43</p>
<p> 9.Valencia		29    12    6   11  44  38   42</p>
<p> 10.Valladolid	   29    11    8   10  36  33   41</p>
<p> 11.Racing Santander   29    10   11    8  33  30   41</p>
<p> 12.Oviedo		 29     9    8   12  36  43   35</p>
<p> 13.Celta Vigo	   29     8   10   11  33  37   34</p>
<p> 14.Zaragoza	     29     7   11   11  38  47   32</p>
<p> 15.Sporting Gijon     29     8    8   13  31  45   32</p>
<p> 16.Compostela	   29     8    8   13  29  50   32</p>
<p> 17.Rayo Vallecano     29     8    6   15  28  43   30</p>
<p> 18.Extremadura	  29     7    8   14  23  43   29</p>
<p> 19.Logrones	     28     8    4   16  24  55   28</p>
<p> 20.Espanyol	     29     7    6   16  31  45   27</p>
<p> 21.Sevilla		29     7    3   19  27  50   24</p>
<p> 22.Hercules	     29     6    4   19  24  55   22</p>
<p>Note:Two teams qualify for the Champions League, four</p>
<p>qualify for the UEFA Cup, four are automatically relegated, and</p>
<p>one more must face a relegation play-off with the third-placed</p>
<p>team from the second division.</p>
</text>
<copyright>(c) Reuters Limited 1997</copyright>
<metadata>
<codes class="bip:countries:1.0">
  <code code="SPAIN">
    <editdetail attribution="Reuters BIP Coding Group" action="confirmed" date="1997-03-16"/>
  </code>
</codes>
<codes class="bip:topics:1.0">
  <code code="GCAT">
    <editdetail attribution="Reuters BIP Coding Group" action="confirmed" date="1997-03-16"/>
  </code>
  <code code="GSPO">
    <editdetail attribution="Reuters BIP Coding Group" action="confirmed" date="1997-03-16"/>
  </code>
</codes>
<dc element="dc.date.created" value="1997-03-16"/>
<dc element="dc.publisher" value="Reuters Holdings Plc"/>
<dc element="dc.date.published" value="1997-03-16"/>
<dc element="dc.source" value="Reuters"/>
<dc element="dc.creator.location" value="MADRID"/>
<dc element="dc.creator.location.country.name" value="SPAIN"/>
<dc element="dc.source" value="Reuters"/>
</metadata>
</newsitem>
