<?xml version="1.0" encoding="iso-8859-1" ?>
<newsitem itemid="445412" id="root" date="1997-03-16" xml:lang="en">
<title>SOUTH AFRICA: CRICKET-AUSTRALIA, CHASING 270, LOSE TAYLOR CHEAPLY.</title>
<headline>CRICKET-AUSTRALIA, CHASING 270, LOSE TAYLOR CHEAPLY.</headline>
<dateline>PORT ELIZABETH, South Africa 1997-03-16</dateline>
<text>
<p>Captain Mark Taylor was an early casualty as Australia, needing 270 for victory, reached tea on 28 for one on the third day of the second test against South Africa on Sunday.</p>
<p>Taylor again looked hopelessly out of form and scratched around for 13 before being trapped lbw by Brian McMillan. That failure meant he has now gone 18 test innings without a half century.</p>
<p>Matthew Hayden struck one fierce boundary of Allan Donald through midwicket and was 14 not out at tea .</p>
<p>Earlier, South Africa , resuming at 83 for no wicket, collapsed to 168 all out.</p>
<p>They quickly lost Gary Kirsten, who had added just two to his overnight 41, when he missed a straight delivery from Jason Gillespie that kept low.</p>
<p>Jacques Kallis then perished for two to an inspirational piece of fielding from Greg Blewett at square leg. A swooping pick-up and direct hit left Kallis stranded by a metre after attempting a quick single.</p>
<p>Opener Adam Bacher was the next to go, top-edging a hook off Gillespie straight to Glenn McGrath on the fine leg boundary. Bacher's 49 contained seven boundaries from 129 deliveries.</p>
<p>In Gillespie's next over, his seventh of the morning, he trapped Daryll Cullinan lbw for two with a rapid off-cutter.</p>
<p>When Herschelle Gibbs was caught at second slip by Mark Waugh off McGrath for seven, South Africa had collapsed from 87 without loss to 122 for five and Australia were right back in the contest.</p>
<p>McMillan missed a pull shot against a Michael Bevan long hop and fell lbw for two in the last over before lunch which was taken at 137 for six.</p>
<p>When Bevan removed Hansie Cronje for 27 straight after the interval the tail folded quickly.</p>
<p>Shane Warne got rid of Shaun Pollock and Paul Adams while left-arm spinner Bevan picked up the wicket of Donald to finish with three for 18.</p>
</text>
<copyright>(c) Reuters Limited 1997</copyright>
<metadata>
<codes class="bip:countries:1.0">
  <code code="AUSTR">
    <editdetail attribution="Reuters BIP Coding Group" action="confirmed" date="1997-03-16"/>
  </code>
  <code code="SAFR">
    <editdetail attribution="Reuters BIP Coding Group" action="confirmed" date="1997-03-16"/>
  </code>
</codes>
<codes class="bip:topics:1.0">
  <code code="GCAT">
    <editdetail attribution="Reuters BIP Coding Group" action="confirmed" date="1997-03-16"/>
  </code>
  <code code="GSPO">
    <editdetail attribution="Reuters BIP Coding Group" action="confirmed" date="1997-03-16"/>
  </code>
</codes>
<dc element="dc.date.created" value="1997-03-16"/>
<dc element="dc.publisher" value="Reuters Holdings Plc"/>
<dc element="dc.date.published" value="1997-03-16"/>
<dc element="dc.source" value="Reuters"/>
<dc element="dc.creator.location" value="PORT ELIZABETH, South Africa"/>
<dc element="dc.creator.location.country.name" value="SOUTH AFRICA"/>
<dc element="dc.source" value="Reuters"/>
</metadata>
</newsitem>
