<?xml version="1.0" encoding="iso-8859-1" ?>
<newsitem itemid="445404" id="root" date="1997-03-16" xml:lang="en">
<title>NAMIBIA: SOCCER-DRAW FOR COSAFA CASTLE CUP.</title>
<headline>SOCCER-DRAW FOR COSAFA CASTLE CUP.</headline>
<dateline>WINDHOEK 1997-03-16</dateline>
<text>
<p>The draw for the final group matches of the new Cosafa Castle Cup for teams in the southern African region.</p>
<p>Each team will play two home and two away matches with the winner decided on points. No venues have yet been decided:</p>
<p>Malawi v Mozambique, April 12</p>
<p>Zambia v Malawi, April 20</p>
<p>Tanzania v Namibia, May 31</p>
<p>Mozambique v Tanzania, June 15</p>
<p>Namibia v Malawi, June 28</p>
<p>Tanzania v Zambia, July 5</p>
<p>Mozambique v Namibia, July 20</p>
<p>Zambia v Mozambique, August 2</p>
<p>Malawi v Tanzania, August 9</p>
<p>Namibia v Zambia, August 30</p>
</text>
<copyright>(c) Reuters Limited 1997</copyright>
<metadata>
<codes class="bip:countries:1.0">
  <code code="NAMIB">
    <editdetail attribution="Reuters BIP Coding Group" action="confirmed" date="1997-03-16"/>
  </code>
</codes>
<codes class="bip:topics:1.0">
  <code code="GCAT">
    <editdetail attribution="Reuters BIP Coding Group" action="confirmed" date="1997-03-16"/>
  </code>
  <code code="GSPO">
    <editdetail attribution="Reuters BIP Coding Group" action="confirmed" date="1997-03-16"/>
  </code>
</codes>
<dc element="dc.date.created" value="1997-03-16"/>
<dc element="dc.publisher" value="Reuters Holdings Plc"/>
<dc element="dc.date.published" value="1997-03-16"/>
<dc element="dc.source" value="Reuters"/>
<dc element="dc.creator.location" value="WINDHOEK"/>
<dc element="dc.creator.location.country.name" value="NAMIBIA"/>
<dc element="dc.source" value="Reuters"/>
</metadata>
</newsitem>
