<?xml version="1.0" encoding="iso-8859-1" ?>
<newsitem itemid="445420" id="root" date="1997-03-16" xml:lang="en">
<title>CZECH REPUBLIC: SOCCER-CZECH FIRST DIVISION RESULTS/STANDINGS.</title>
<headline>SOCCER-CZECH FIRST DIVISION RESULTS/STANDINGS.</headline>
<dateline>PRAGUE 1997-03-16</dateline>
<text>
<p>Results of Czech Republic first</p>
<p>division soccer matches played at the weekend:</p>
<p> Petra Drnovice	2  Boby Brno		 0</p>
<p> Kaucuk Opava	  1  Sigma Olomouc	   2</p>
<p> Banik Ostrava	 3  FC Karvina		1</p>
<p> Slavia Prague	 3  FK Teplice		0</p>
<p> SK Hradec Kralove   0  Viktoria Zizkov	 0</p>
<p> FK Jablonec	   2  SK Ceske Budejovice   0</p>
<p> Bohemians Prague    0  Sparta Prague	   1</p>
<p> Viktoria Plzen	2  Slovan Liberec	  3</p>
<p>Standings (tabulate under games played, won, drawn, lost,</p>
<p>goals for, against, points):</p>
<p> Slavia Prague	 19 10  6  3  36  16  36</p>
<p> Sparta Prague	 19 10  6  3  32  15  36</p>
<p> Slovan Liberec	19 10  5  4  23  19  35</p>
<p> FK Jablonec	   19 10  4  5  29  15  34</p>
<p> Petra Drnovice	19  9  4  6  35  29  31</p>
<p> Banik Ostrava	 19  7  8  4  27  23  29</p>
<p> Sigma Olomouc	 19  7  7  5  23  17  28</p>
<p> SK Ceske Budejovice 19  7  7  5  26  24  28</p>
<p> Boby Brno	     19  7  7  5  23  24  28</p>
<p> Kaucuk Opava	  19  6  8  5  21  19  26</p>
<p> FK Teplice	    19  5  6  8  19  29  21</p>
<p> Viktoria Plzen	19  4  8  7  18  23  20</p>
<p> Viktoria Zizkov     19  3  6 10  11  24  15</p>
<p> SK Hradec Kralove   19  2  8  9  13  25  14</p>
<p> Bohemians Prague    19  4  2 13  17  31  14</p>
<p> FC Karvina	    19  3  4 12  16  36  13</p>
<p>Leading scorers after 19 rounds:</p>
<p>13 - Radek Drulak (Petra Drnovice)</p>
<p>10 - Vitezslav Tuma (FC Karvina)</p>
<p>8 - Ladislav Fujdiar (SK Ceske Budejovice), Martin Cizek</p>
<p>(Sparta Prague), Jozef Majoros (Petra Drnovice), Karel Vacha</p>
<p>(Slavia Prague)</p>
<p>7 - Radovan Hromadko (FK Jablonec), Horst Siegl (Sparta</p>
<p>Prague), Martin Barbaric (Slovan Liberec)</p>
</text>
<copyright>(c) Reuters Limited 1997</copyright>
<metadata>
<codes class="bip:countries:1.0">
  <code code="CZREP">
    <editdetail attribution="Reuters BIP Coding Group" action="confirmed" date="1997-03-16"/>
  </code>
</codes>
<codes class="bip:topics:1.0">
  <code code="GCAT">
    <editdetail attribution="Reuters BIP Coding Group" action="confirmed" date="1997-03-16"/>
  </code>
  <code code="GSPO">
    <editdetail attribution="Reuters BIP Coding Group" action="confirmed" date="1997-03-16"/>
  </code>
</codes>
<dc element="dc.date.created" value="1997-03-16"/>
<dc element="dc.publisher" value="Reuters Holdings Plc"/>
<dc element="dc.date.published" value="1997-03-16"/>
<dc element="dc.source" value="Reuters"/>
<dc element="dc.creator.location" value="PRAGUE"/>
<dc element="dc.creator.location.country.name" value="CZECH REPUBLIC"/>
<dc element="dc.source" value="Reuters"/>
</metadata>
</newsitem>
