<?xml version="1.0" encoding="iso-8859-1" ?>
<newsitem itemid="445424" id="root" date="1997-03-16" xml:lang="en">
<title>ROMANIA: SOCCER-ROMANIAN FIRST DIVISION RESULTS/STANDINGS.</title>
<headline>SOCCER-ROMANIAN FIRST DIVISION RESULTS/STANDINGS.</headline>
<dateline>BUCHAREST 1997-03-16</dateline>
<text>
<p>Result in the Romanian</p>
<p>first division soccer match on Sunday:</p>
<p>    Steaua Bucharest	     3   Rapid Bucharest	  1</p>
<p>	  Played on Saturday:</p>
<p>    Dinamo Bucharest	     3   Jiul Petrosani	   0</p>
<p>    Ceahlaul Piatra Neamt	3   FCM Bacau		  1</p>
<p>    F.C. Arges Dacia Pitesti   0   Otelul Galati	    0</p>
<p>    Universitatea Craiova	1   Sportul Studentesc     2</p>
<p>    Universitatea Cluj	   1   Gloria Bistrita	  0</p>
<p>    Politehnica Timisoara	1   F.C. Petrolul Ploiesti 2</p>
<p>    F.C. Chindia Tirgoviste    2   F.C. Farul Constanta   0</p>
<p>    F.C. National Bucharest    6   F.C. Brasov		1</p>
<p>	  Standings			P    W   D   L   F   A  Pts</p>
<p>    1. F.C. National Bucharest     21  14   2   5  42  24  44</p>
<p>    2. Steaua Bucharest		21  13   3   5  45  25  42</p>
<p>    3. Otelul Galati		   21  11   5   5  35  25  38</p>
<p>    4. Dinamo Bucharest		21  11   4   6  36  19  37</p>
<p>    5. Universitatea Cluj	    21  10   4   7  43  36  34</p>
<p>    6. F.C. Arges Dacia Pitesti    21   8   6   7  29  25  30</p>
<p>    7. Rapid Bucharest		 21   9   3   9  31  28  30</p>
<p>    8. Ceahlaul Piatra Neamt	 21   8   6   7  29  30  30</p>
<p>    9. F.C. Chindia Tirgoviste     21   9   3   9  22  28  30</p>
<p>    10.FCM Bacau			 21   8   4   9  28  28  28</p>
<p>    11.Jiul Petrosani		  21   8   4   9  21  35  28</p>
<p>    12.Universitatea Craiova	 21   7   5   9  31  32  26</p>
<p>    13.F.C. Petrolul Ploiesti	21   7   5   9  29  27  26</p>
<p>    14.F.C. Farul Constanta	  21   7   4  10  25  33  25</p>
<p>    15.Sportul Studentesc	    21   7   3  11  22  33  24</p>
<p>    16.Gloria Bistrita		 21   6   4  11  22  29  22</p>
<p>    17.Politehnica Timisoara	 21   5   4  12  27  44  19</p>
<p>    18.FCM Brasov			21   5   3  13  28  44  18</p>
</text>
<copyright>(c) Reuters Limited 1997</copyright>
<metadata>
<codes class="bip:countries:1.0">
  <code code="ROM">
    <editdetail attribution="Reuters BIP Coding Group" action="confirmed" date="1997-03-16"/>
  </code>
</codes>
<codes class="bip:topics:1.0">
  <code code="GCAT">
    <editdetail attribution="Reuters BIP Coding Group" action="confirmed" date="1997-03-16"/>
  </code>
  <code code="GSPO">
    <editdetail attribution="Reuters BIP Coding Group" action="confirmed" date="1997-03-16"/>
  </code>
</codes>
<dc element="dc.date.created" value="1997-03-16"/>
<dc element="dc.publisher" value="Reuters Holdings Plc"/>
<dc element="dc.date.published" value="1997-03-16"/>
<dc element="dc.source" value="Reuters"/>
<dc element="dc.creator.location" value="BUCHAREST"/>
<dc element="dc.creator.location.country.name" value="ROMANIA"/>
<dc element="dc.source" value="Reuters"/>
</metadata>
</newsitem>
