<?xml version="1.0" encoding="iso-8859-1" ?>
<newsitem itemid="445485" id="root" date="1997-03-16" xml:lang="en">
<title>NETHERLANDS: SOCCER-DUTCH FIRST DIVISION SUMMARIES.</title>
<headline>SOCCER-DUTCH FIRST DIVISION SUMMARIES.</headline>
<dateline>AMSTERDAM 1997-03-16</dateline>
<text>
<p>Summary of Dutch first</p>
<p>division soccer match played on Sunday:</p>
<p> Twente Enschede	    4 - Bosman 8, 77, Bosvelt 86, 89</p>
<p> Volendam		     0</p>
<p>    HT: 1-0	Att: 7,000</p>
<p> Utrecht			2 - Wijker og 42, Mols 90</p>
<p> AZ Alkmaar		   0</p>
<p>    HT: 1-0	Att: 10,000</p>
<p> Vitesse Arnhem	     3 - Jochemsen 6, 39, Mahlas 60</p>
<p> Graafschap Doetinchem    2 - Van der Haar 5, 26</p>
<p>    HT: 2-2	Att: 11,042</p>
<p>Played on Saturday:</p>
<p> NAC Breda		    0</p>
<p> Willem II Tilburg	  1 - Kolkka 62</p>
<p>    HT: 0-0	Att: 13,629</p>
<p> PSV Eindhoven		1 - Jonk pen 55</p>
<p> Fortuna Sittard	    0</p>
<p>    HT: 0-0	Att: 24,000</p>
<p> NEC Nijmegen		 0</p>
<p> Groningen		    0</p>
<p>    HT: 0-0	Att: 3,000</p>
<p> Feyenoord		    5 - Taument 8, 63, 77, Fraser 43,</p>
<p>					Montoya 76</p>
<p> RKC Waalwijk		 0</p>
<p>    HT: 2-0	Att: 20,000</p>
<p>Played on Friday:</p>
<p> Ajax Amsterdam	     3 - Babangida 27, Overmars 35, Ronald</p>
<p>de Boer 86</p>
<p> Roda JC Kerkrade	   1 - Plet 4</p>
<p>    HT: 2-1.   Att: 47,000</p>
</text>
<copyright>(c) Reuters Limited 1997</copyright>
<metadata>
<codes class="bip:countries:1.0">
  <code code="NETH">
    <editdetail attribution="Reuters BIP Coding Group" action="confirmed" date="1997-03-16"/>
  </code>
</codes>
<codes class="bip:topics:1.0">
  <code code="GCAT">
    <editdetail attribution="Reuters BIP Coding Group" action="confirmed" date="1997-03-16"/>
  </code>
  <code code="GSPO">
    <editdetail attribution="Reuters BIP Coding Group" action="confirmed" date="1997-03-16"/>
  </code>
</codes>
<dc element="dc.date.created" value="1997-03-16"/>
<dc element="dc.publisher" value="Reuters Holdings Plc"/>
<dc element="dc.date.published" value="1997-03-16"/>
<dc element="dc.source" value="Reuters"/>
<dc element="dc.creator.location" value="AMSTERDAM"/>
<dc element="dc.creator.location.country.name" value="NETHERLANDS"/>
<dc element="dc.source" value="Reuters"/>
</metadata>
</newsitem>
