<?xml version="1.0" encoding="iso-8859-1" ?>
<newsitem itemid="445407" id="root" date="1997-03-16" xml:lang="en">
<title>SOUTH AFRICA: CRICKET-GILLESPIE AND WAUGH TURN TEST FOR AUSTRALIA.</title>
<headline>CRICKET-GILLESPIE AND WAUGH TURN TEST FOR AUSTRALIA.</headline>
<byline>Neil Manthorp</byline>
<dateline>PORT ELIZABETH, South Africa 1997-03-16</dateline>
<text>
<p>Fine bowling by Jason Gillespie and solid batting from Mark Waugh brought Australia back from the prospect of defeat and left them close to victory in the second test against South Africa on Sunday.</p>
<p>First, Gillespie snapped up three quick wickets as South Africa collapsed in their second innings from their overnight 83 without loss to 168 all out.</p>
<p>Then, needing 270 to win and an unbeatable 2-0 lead in the three-test series, Waugh stroked an accomplished 54 not out as Australia ended the third day on 145 for three, just 125 runs short of victory.</p>
<p>The Australian second innings began shakily as both openers, Mark Taylor and Matthew Hayden, were dismissed with only 30 on the board.</p>
<p>Taylor's run of bad form which has now seen him go 18 innings since his last test 50, continued when he was trapped lbw for 13 by Brian McMillan.</p>
<p>Hayden, who made 14, was the victim of a farcical run out when both he and partner Matthew Elliott ended up sprinting for safety -- to the same end -- leaving bowler Hansie Cronje with the simple task of removing the bails.</p>
<p>But that set up a spirited partnership of 83 between Elliott and Mark Waugh. Elliott was aggression personified as he struck eight boundaries in his 44 before pushing a full toss straight back to left-arm wrist-spinner Paul Adams just before the close.</p>
<p>Mark Waugh was then joined by his brother Steve and completed his 27th test half century from 87 balls with eight boundaries and a straight driven six off Adams.</p>
<p>Earlier, Gillespie, who took five for 56 in the first innings, turned the match upside down with his three-wicket burst.</p>
<p>First he bowled Gary Kirsten for 43 and then, after a superb piece of fielding from Greg Blewett had run out Jacques Kallis for two, he picked up the important wickets of Adam Bacher and Daryll Cullinan in successive overs.</p>
<p>Bacher, whose 49 spanned nearly three hours, top-edged a hook straight to Glenn McGrath on the fine leg boundary. Iin his next over, Gillespie beat Cullinan with a rapid off-cutter to remove him lbw for two.</p>
<p>McGrath accounted for Herschelle Gibbs before the last five wickets fell to the spin combination of Shane Warne and Michael Bevan.</p>
<p>Bevan, bowling left-arm wrist spin, removed Brian McMillan and Hansie Cronje either side of tea and later picked up the wicket of Allan Donald to finish with three for 18. Warne removed Shaun Pollock and Adams.</p>
<p>If Australia are successful with their run chase they will easily surpass the previous highest fourth innings total made to win a match at St George's Park -- 215 for five by South Africa against New Zealand in 1953-54.</p>
<p>The highest fourth innings score in a losing cause was 273 by South Africa against New Zealand in 1961-62.</p>
</text>
<copyright>(c) Reuters Limited 1997</copyright>
<metadata>
<codes class="bip:countries:1.0">
  <code code="AUSTR">
    <editdetail attribution="Reuters BIP Coding Group" action="confirmed" date="1997-03-16"/>
  </code>
  <code code="SAFR">
    <editdetail attribution="Reuters BIP Coding Group" action="confirmed" date="1997-03-16"/>
  </code>
</codes>
<codes class="bip:topics:1.0">
  <code code="GCAT">
    <editdetail attribution="Reuters BIP Coding Group" action="confirmed" date="1997-03-16"/>
  </code>
  <code code="GSPO">
    <editdetail attribution="Reuters BIP Coding Group" action="confirmed" date="1997-03-16"/>
  </code>
</codes>
<dc element="dc.date.created" value="1997-03-16"/>
<dc element="dc.publisher" value="Reuters Holdings Plc"/>
<dc element="dc.date.published" value="1997-03-16"/>
<dc element="dc.source" value="Reuters"/>
<dc element="dc.creator.location" value="PORT ELIZABETH, South Africa"/>
<dc element="dc.creator.location.country.name" value="SOUTH AFRICA"/>
<dc element="dc.source" value="Reuters"/>
</metadata>
</newsitem>
