<?xml version="1.0" encoding="iso-8859-1" ?>
<newsitem itemid="445427" id="root" date="1997-03-16" xml:lang="en">
<title>TRINIDAD AND TOBAGO: CRICKET-INDIA 367-3 V WEST INDIES (296), SECOND TEST - CLOSE.</title>
<headline>CRICKET-INDIA 367-3 V WEST INDIES (296), SECOND TEST - CLOSE.</headline>
<dateline>PORT OF SPAIN, Trinidad 1997-03-16</dateline>
<text>
<p>India were</p>
<p>367-3, replying to West Indies' first innings score of 296, a</p>
<p>lead of 71, at the close on the third day of the second test at</p>
<p>the Queen's Park Oval on Sunday.</p>
</text>
<copyright>(c) Reuters Limited 1997</copyright>
<metadata>
<codes class="bip:countries:1.0">
  <code code="INDIA">
    <editdetail attribution="Reuters BIP Coding Group" action="confirmed" date="1997-03-16"/>
  </code>
  <code code="TRTO">
    <editdetail attribution="Reuters BIP Coding Group" action="confirmed" date="1997-03-16"/>
  </code>
</codes>
<codes class="bip:topics:1.0">
  <code code="GCAT">
    <editdetail attribution="Reuters BIP Coding Group" action="confirmed" date="1997-03-16"/>
  </code>
  <code code="GSPO">
    <editdetail attribution="Reuters BIP Coding Group" action="confirmed" date="1997-03-16"/>
  </code>
</codes>
<dc element="dc.date.created" value="1997-03-16"/>
<dc element="dc.publisher" value="Reuters Holdings Plc"/>
<dc element="dc.date.published" value="1997-03-16"/>
<dc element="dc.source" value="Reuters"/>
<dc element="dc.creator.location" value="PORT OF SPAIN, Trinidad"/>
<dc element="dc.creator.location.country.name" value="TRINIDAD AND TOBAGO"/>
<dc element="dc.source" value="Reuters"/>
</metadata>
</newsitem>
