<?xml version="1.0" encoding="iso-8859-1" ?>
<newsitem itemid="445433" id="root" date="1997-03-16" xml:lang="en">
<title>BERMUDA: CRICKET-NZ 204 FOR SIX AT TEA VS SRI LANKA.</title>
<headline>CRICKET-NZ 204 FOR SIX AT TEA VS SRI LANKA.</headline>
<dateline>HAMILTON, New Zealand 1997-03-16</dateline>
<text>
<p>Offspinner Muttiah Muralitharan became the first Sri Lankan bowler to take 100 wickets in tests on Sunday during the third afternoon of the first cricket test against New Zealand.</p>
<p>Muralitharan, 24, reached the milestone when bowling New Zealand captain Stephen Fleming around his legs for 59 during the second session of play.</p>
<p>New Zealand went to tea on 204 for six in their second innings, holding an overall lead of 256 after dismissing Sri Lanka for 170 on Saturday. New Zealand made 222 in their first innings.</p>
<p>New Zealand resumed on 53 for one this morning but lost opener Bryan Young, for 62, and Matt Horne, 16, during the first session.</p>
<p>Fleming and Nathan Astle put together 75 for the fourth wicket before Muralitharan, playing in his 27th test, broke the partnership.</p>
<p>Fleming had looked most at ease on a pitch continuing to assist the spinners, hitting eight fours and one six to reach his 13th test half-century.</p>
<p>Muralitharan went wicketless in the first test last week in Dunedin but picked up three for 43 in New Zealand's first innings here to edge closer to his landmark.</p>
<p>He also has three so far in the second innings, at a cost of 54 runs, after having Chris Cairns snapped up by a bat-pad catch in close.</p>
<p>New Zealand wicketkeeper Adam Parore departed shortly before the tea break when he ran himself out for the second time in the match.</p>
<p>Nathan Astle, whose unbeaten 29 had been scored in 151 minutes, will resume after tea with Dipak Patel, who was on three.</p>
</text>
<copyright>(c) Reuters Limited 1997</copyright>
<metadata>
<codes class="bip:countries:1.0">
  <code code="BERM">
    <editdetail attribution="Reuters BIP Coding Group" action="confirmed" date="1997-03-16"/>
  </code>
  <code code="NZ">
    <editdetail attribution="Reuters BIP Coding Group" action="confirmed" date="1997-03-16"/>
  </code>
  <code code="SRILAN">
    <editdetail attribution="Reuters BIP Coding Group" action="confirmed" date="1997-03-16"/>
  </code>
</codes>
<codes class="bip:topics:1.0">
  <code code="GCAT">
    <editdetail attribution="Reuters BIP Coding Group" action="confirmed" date="1997-03-16"/>
  </code>
  <code code="GSPO">
    <editdetail attribution="Reuters BIP Coding Group" action="confirmed" date="1997-03-16"/>
  </code>
</codes>
<dc element="dc.date.created" value="1997-03-16"/>
<dc element="dc.publisher" value="Reuters Holdings Plc"/>
<dc element="dc.date.published" value="1997-03-16"/>
<dc element="dc.source" value="Reuters"/>
<dc element="dc.creator.location" value="HAMILTON, New Zealand"/>
<dc element="dc.creator.location.country.name" value="BERMUDA"/>
<dc element="dc.source" value="Reuters"/>
</metadata>
</newsitem>
