<?xml version="1.0" encoding="iso-8859-1" ?>
<newsitem itemid="445468" id="root" date="1997-03-16" xml:lang="en">
<title>PORTUGAL: SOCCER-PORTUGUESE FIRST DIVISION RESULTS/STANDINGS.</title>
<headline>SOCCER-PORTUGUESE FIRST DIVISION RESULTS/STANDINGS.</headline>
<dateline>LISBON 1997-03-16</dateline>
<text>
<p>Results of Portuguese first</p>
<p>division soccer matches played on Sunday:</p>
<p> Belenenses  2 Setubal	   1</p>
<p> Gil Vicente 3 Uniao Leiria    4</p>
<p> Braga	 3 Chaves	    0</p>
<p> Benfica     3 Salgueiros	4</p>
<p> Guimaraes   3 Estrela Amadora 1</p>
<p> Maritimo    1 Espinho	   0</p>
<p> Rio Ave     0 Farense	   0</p>
<p> Leca	  1 Boavista	  3</p>
<p>Played on Saturday</p>
<p> Porto	 1 Sporting	  2</p>
<p>    Standings	 Pl    W    D    L     F    A    Pts</p>
<p> 1. Porto	     23   18    3    2    54   16    57</p>
<p> 2. Sporting	  23   15    5    3    36   12    50</p>
<p> 3. Benfica	   23   13    4    6    40   19    43</p>
<p> 4. Braga	     23   11    7    5    32   31    40</p>
<p> 5. Guimaraes	 23   11    5    7    38   28    38</p>
<p> 6. Salgueiros	23    8    8    7    31   34    32</p>
<p> 7. Estrela Amadora 23    8    8    7    27   25    32</p>
<p> 8. Belenenses	23    8    7    8    30   36    31</p>
<p> 9. Chaves	    23    8    6    9    28   37    30</p>
<p> 10.Boavista	  23    6   11    6    32   28    29</p>
<p> 11.Espinho	   23    8    4   11    21   31    28</p>
<p> 12.Setubal	   23    7    7    9    26   31    28</p>
<p> 13.Farense	   23    6    9    8    19   22    27</p>
<p> 14.Maritimo	  23    7    6   10    26   34    27</p>
<p> 15.Leca		23    6    6   11    25   31    24</p>
<p> 16.Uniao Leiria    23    5    4   14    20   38    19</p>
<p> 17.Rio Ave	   23    4    6   13    22   34    18</p>
<p> 18.Gil Vicente     23    2    6   15    22   42    12</p>
</text>
<copyright>(c) Reuters Limited 1997</copyright>
<metadata>
<codes class="bip:countries:1.0">
  <code code="PORL">
    <editdetail attribution="Reuters BIP Coding Group" action="confirmed" date="1997-03-16"/>
  </code>
</codes>
<codes class="bip:topics:1.0">
  <code code="GCAT">
    <editdetail attribution="Reuters BIP Coding Group" action="confirmed" date="1997-03-16"/>
  </code>
  <code code="GSPO">
    <editdetail attribution="Reuters BIP Coding Group" action="confirmed" date="1997-03-16"/>
  </code>
</codes>
<dc element="dc.date.created" value="1997-03-16"/>
<dc element="dc.publisher" value="Reuters Holdings Plc"/>
<dc element="dc.date.published" value="1997-03-16"/>
<dc element="dc.source" value="Reuters"/>
<dc element="dc.creator.location" value="LISBON"/>
<dc element="dc.creator.location.country.name" value="PORTUGAL"/>
<dc element="dc.source" value="Reuters"/>
</metadata>
</newsitem>
