<?xml version="1.0" encoding="iso-8859-1" ?>
<newsitem itemid="445437" id="root" date="1997-03-16" xml:lang="en">
<title>AUSTRALIA: RUGBY LEAGUE-AUSTRALIAN RUGBY LEAGUE RESULTS/STANDINGS.</title>
<headline>RUGBY LEAGUE-AUSTRALIAN RUGBY LEAGUE RESULTS/STANDINGS.</headline>
<dateline>SYDNEY 1997-03-16</dateline>
<text>
<p>Results of Australian</p>
<p>premiership rugby league matches played at the weekend.</p>
<p>Played Sunday:</p>
<p> South Queensland  23  Parramatta	  6</p>
<p> North Sydney	34  Newcastle	  20</p>
<p> South Sydney	26  Gold Coast	 16</p>
<p>Played Saturday:</p>
<p> Balmain	     10  Illawarra	  18</p>
<p> Sydney City	 18  Western Suburbs   6</p>
<p>Played Friday:</p>
<p> St George	   14  Manly		18</p>
<p>    Standings	 Pl   W    D    L     F    A   Pts</p>
<p> Illawarra	    2    2    0    0    68    20    4</p>
<p> Sydney City	  2    2    0    0    52    16    4</p>
<p> Manly		  2    2    0    0    32    24    4</p>
<p> North Sydney	 2    1    0    1    42    30    2</p>
<p> Gold Coast	   2    1    0    1    40    42    2</p>
<p> South Queensland   2    1    0    1    33    40    2</p>
<p> Newcastle	    2    1    0    1    31    40    2</p>
<p> Parramatta	   2    1    0    1    16    31    2</p>
<p> South Sydney	 2    1    0    1    36    66    2</p>
<p> St George	    2    0    0    2    20    29    0</p>
<p> Balmain		2    0    0    2    20    32    0</p>
<p> Western Suburbs    2    0    0    2    22    42    0</p>
</text>
<copyright>(c) Reuters Limited 1997</copyright>
<metadata>
<codes class="bip:countries:1.0">
  <code code="AUSTR">
    <editdetail attribution="Reuters BIP Coding Group" action="confirmed" date="1997-03-16"/>
  </code>
</codes>
<codes class="bip:topics:1.0">
  <code code="GCAT">
    <editdetail attribution="Reuters BIP Coding Group" action="confirmed" date="1997-03-16"/>
  </code>
  <code code="GSPO">
    <editdetail attribution="Reuters BIP Coding Group" action="confirmed" date="1997-03-16"/>
  </code>
</codes>
<dc element="dc.date.created" value="1997-03-16"/>
<dc element="dc.publisher" value="Reuters Holdings Plc"/>
<dc element="dc.date.published" value="1997-03-16"/>
<dc element="dc.source" value="Reuters"/>
<dc element="dc.creator.location" value="SYDNEY"/>
<dc element="dc.creator.location.country.name" value="AUSTRALIA"/>
<dc element="dc.source" value="Reuters"/>
</metadata>
</newsitem>
