<?xml version="1.0" encoding="iso-8859-1" ?>
<newsitem itemid="445480" id="root" date="1997-03-16" xml:lang="en">
<title>ITALY: SOCCER-ITALIAN FIRST DIVISION SUMMARIES.</title>
<headline>SOCCER-ITALIAN FIRST DIVISION SUMMARIES.</headline>
<dateline>ROME 1997-03-16</dateline>
<text>
<p>Summaries of Italian first</p>
<p>division soccer matches played on Sunday:</p>
<p> Bologna			2 - Andersson 39, Kolyvanov pen 47</p>
<p> Napoli			 1 - Altomare 44</p>
<p>HT: 1-1  Att: 30,000</p>
<p>- - - -</p>
<p> Cagliari		     2 - Muzzi 36, Tovalieri 49</p>
<p> Vicenza			1 - Mendez 1</p>
<p>Red card: Mendez (V) 64</p>
<p>HT: 1-1  Att: 15,000</p>
<p>- - - -</p>
<p> Lazio			  3 - Mirkovic o.g. 36, Sottil o.g. 38</p>
<p>					Buso 84</p>
<p> Atalanta		     2 - Lentini 52, Morfeo 83</p>
<p>HT: 2-0  Att: 40,000</p>
<p>- - - -</p>
<p> Sampdoria		    3 - Montella 5 and pen 68,</p>
<p>					Carparelli 8</p>
<p> Reggiana		     0</p>
<p>HT: 2-0  Att: 23,000</p>
<p>- - - -</p>
<p> Udinese			2 - Amoroso 21, Helveg 76</p>
<p> Perugia			1 - Negri 3</p>
<p>Red card: Materazzi (P) 75</p>
<p>HT: 1-1  Att: 20,000</p>
<p>- - - -</p>
<p> Verona			 0</p>
<p> Piacenza		     0</p>
<p>Att: 13,500</p>
<p>- - - -</p>
<p>Played on Saturday:</p>
<p> Juventus		     3 - Vieri 28 and 44, Amoruso 85</p>
<p> Roma			   0</p>
<p>HT: 2-0  Att: 45,000</p>
<p>- - - -</p>
<p> Milan			  2 - Desailly 61, Albertini pen 89</p>
<p> Fiorentina		   0</p>
<p>HT: 0-0  Att: 55,000</p>
<p>- - - -</p>
<p> Parma			  1 - Chiesa 22</p>
<p> Inter			  0</p>
<p>HT: 1-0 Att: 25,000</p>
</text>
<copyright>(c) Reuters Limited 1997</copyright>
<metadata>
<codes class="bip:countries:1.0">
  <code code="ITALY">
    <editdetail attribution="Reuters BIP Coding Group" action="confirmed" date="1997-03-16"/>
  </code>
</codes>
<codes class="bip:topics:1.0">
  <code code="GCAT">
    <editdetail attribution="Reuters BIP Coding Group" action="confirmed" date="1997-03-16"/>
  </code>
  <code code="GSPO">
    <editdetail attribution="Reuters BIP Coding Group" action="confirmed" date="1997-03-16"/>
  </code>
</codes>
<dc element="dc.date.created" value="1997-03-16"/>
<dc element="dc.publisher" value="Reuters Holdings Plc"/>
<dc element="dc.date.published" value="1997-03-16"/>
<dc element="dc.source" value="Reuters"/>
<dc element="dc.creator.location" value="ROME"/>
<dc element="dc.creator.location.country.name" value="ITALY"/>
<dc element="dc.source" value="Reuters"/>
</metadata>
</newsitem>
