<?xml version="1.0" encoding="iso-8859-1" ?>
<newsitem itemid="445487" id="root" date="1997-03-16" xml:lang="en">
<title>FRANCE: CYCLING-JALABERT WINS PARIS-NICE.</title>
<headline>CYCLING-JALABERT WINS PARIS-NICE.</headline>
<dateline>NICE, France 1997-03-16</dateline>
<text>
<p>Frenchman Laurent Jalabert</p>
<p>won the Paris-Nice cycle race on Sunday after the last stage, a</p>
<p>19.9-km time-trial from Antibes.</p>
</text>
<copyright>(c) Reuters Limited 1997</copyright>
<metadata>
<codes class="bip:countries:1.0">
  <code code="FRA">
    <editdetail attribution="Reuters BIP Coding Group" action="confirmed" date="1997-03-16"/>
  </code>
</codes>
<codes class="bip:topics:1.0">
  <code code="GCAT">
    <editdetail attribution="Reuters BIP Coding Group" action="confirmed" date="1997-03-16"/>
  </code>
  <code code="GSPO">
    <editdetail attribution="Reuters BIP Coding Group" action="confirmed" date="1997-03-16"/>
  </code>
</codes>
<dc element="dc.date.created" value="1997-03-16"/>
<dc element="dc.publisher" value="Reuters Holdings Plc"/>
<dc element="dc.date.published" value="1997-03-16"/>
<dc element="dc.source" value="Reuters"/>
<dc element="dc.creator.location" value="NICE, France"/>
<dc element="dc.creator.location.country.name" value="FRANCE"/>
<dc element="dc.source" value="Reuters"/>
</metadata>
</newsitem>
