<?xml version="1.0" encoding="iso-8859-1" ?>
<newsitem itemid="445477" id="root" date="1997-03-16" xml:lang="en">
<title>ITALY: SOCCER-INTER HIT BY PLAYER-COACH ROW.</title>
<headline>SOCCER-INTER HIT BY PLAYER-COACH ROW.</headline>
<dateline>MILAN, Italy 1997-03-16</dateline>
<text>
<p>Internazionale go into their UEFA Cup quarter-final against Anderlecht on Tuesday amid growing tension between coach Roy Hodgson and discontented Dutch midfielder Aron Winter.</p>
<p>The official line for Winter's absence from Inter's league defeat by Parma on Saturday was that he was ill. But Hodgson insisted on Sunday that it was a disciplinary measure after Winter criticised the team selection in which he was named as a substitute.</p>
<p>&quot;It obviously wasn't a stomach upset. I tried to keep our difficulties in the family but I have not succeeded,&quot; said Hodgson who is leaving at the end of the season to take over at English premier league side Blackburn Rovers.</p>
<p>&quot;I decided to send him to the stands, seeing as he didn't like the bench. I gave him the punishment I thought fitting.</p>
<p>&quot;Now the incident is closed for me. Winter is not out of the squad and on Tuesday he could play,&quot; Hodgson said.</p>
</text>
<copyright>(c) Reuters Limited 1997</copyright>
<metadata>
<codes class="bip:countries:1.0">
  <code code="ITALY">
    <editdetail attribution="Reuters BIP Coding Group" action="confirmed" date="1997-03-16"/>
  </code>
  <code code="NETH">
    <editdetail attribution="Reuters BIP Coding Group" action="confirmed" date="1997-03-16"/>
  </code>
</codes>
<codes class="bip:topics:1.0">
  <code code="GCAT">
    <editdetail attribution="Reuters BIP Coding Group" action="confirmed" date="1997-03-16"/>
  </code>
  <code code="GSPO">
    <editdetail attribution="Reuters BIP Coding Group" action="confirmed" date="1997-03-16"/>
  </code>
</codes>
<dc element="dc.date.created" value="1997-03-16"/>
<dc element="dc.publisher" value="Reuters Holdings Plc"/>
<dc element="dc.date.published" value="1997-03-16"/>
<dc element="dc.source" value="Reuters"/>
<dc element="dc.creator.location" value="MILAN, Italy"/>
<dc element="dc.creator.location.country.name" value="ITALY"/>
<dc element="dc.source" value="Reuters"/>
</metadata>
</newsitem>
