<?xml version="1.0" encoding="iso-8859-1" ?>
<newsitem itemid="445503" id="root" date="1997-03-16" xml:lang="en">
<title>UK: Defector Howarth selected for safe UK Labour seat.</title>
<headline>Defector Howarth selected for safe UK Labour seat.</headline>
<dateline>LONDON 1997-03-16</dateline>
<text>
<p>Alan Howarth, the Conservative member of parliament who defected to the opposition Labour Party in 1995, has been selected to fight the safe seat of Newport East at the upcoming general election, a Labour spokesman said.</p>
<p>He said Howarth was chosen from among four aspirants to the candidature at a meeting on Sunday of members of the local constituency party in south Wales.</p>
<p>Labour's Roy Hughes, who is retiring from parliament, won the seat at the 1992 general election with a 9,899 majority.</p>
<p>Howarth is one of four Conservative MPs to have left the party in the last two years.</p>
<p>The two who joined the Liberal Democrats, Emma Nicholson and Peter Thurnham, will not be standing at the election. Sir George Gardiner, who moved to the Referendum Party, will be fighting his Reigate seat in his new party's colours. -- London Newsroom +44 171 5427767</p>
</text>
<copyright>(c) Reuters Limited 1997</copyright>
<metadata>
<codes class="bip:countries:1.0">
  <code code="UK">
    <editdetail attribution="Reuters BIP Coding Group" action="confirmed" date="1997-03-16"/>
  </code>
</codes>
<codes class="bip:topics:1.0">
  <code code="GCAT">
    <editdetail attribution="Reuters BIP Coding Group" action="confirmed" date="1997-03-16"/>
  </code>
  <code code="GPOL">
    <editdetail attribution="Reuters BIP Coding Group" action="confirmed" date="1997-03-16"/>
  </code>
  <code code="GVOTE">
    <editdetail attribution="Reuters BIP Coding Group" action="confirmed" date="1997-03-16"/>
  </code>
</codes>
<dc element="dc.date.created" value="1997-03-16"/>
<dc element="dc.publisher" value="Reuters Holdings Plc"/>
<dc element="dc.date.published" value="1997-03-16"/>
<dc element="dc.source" value="Reuters"/>
<dc element="dc.creator.location" value="LONDON"/>
<dc element="dc.creator.location.country.name" value="UK"/>
<dc element="dc.source" value="Reuters"/>
</metadata>
</newsitem>
