<?xml version="1.0" encoding="iso-8859-1" ?>
<newsitem itemid="445587" id="root" date="1997-03-16" xml:lang="en">
<title>COLOMBIA: Colombia defense minister resigns.</title>
<headline>Colombia defense minister resigns.</headline>
<dateline>BOGOTA 1997-03-16</dateline>
<text>
<p>Colombian Defense Minister Guillermo Alberto Gonzalez announced he was stepping down on Sunday, just two days after revealing that his 1989 Congress campaign received a check signed by a reputed drug kingpin.</p>
<p>Gonzalez, speaking to the Caracol radio network, said he had tendered his resignation to President Ernesto Samper on the grounds that the budding campaign finance scandal had undermined his credibity and made it impossible for him to continue in the job he was appointed to only in January.  </p>
<p>&quot;I find that I can no longer dedicate 100 percent of my time to resolving the country's problems,&quot; Gonzalez, who was Samper's third defense minister, told Caracol.</p>
<p>Samper's first defense minister, Fernando Botero, has been held at a military base in the capital since August 1995 on charges stemming from his involvement in the embattled president's scandal-plagued 1994 election campaign.</p>
<p>Gonzalez has insisted that he is free of any wrongdoing, since at the time his campaign aides accepted a $3,000 donation from Justo Pastor Perafan there were no criminal charges against Perafan.</p>
<p>Gonzalez has acknowledged having social dealings with Perafan in the past, however, and senior military officials refused to voice support for him in public after his revelation about the campaign contribution. Drug-related &quot;illicit enrichment&quot; charges were filed against Perafan in February of last year and he has been the target of a nationwide manhunt ever since.</p>
</text>
<copyright>(c) Reuters Limited 1997</copyright>
<metadata>
<codes class="bip:countries:1.0">
  <code code="COL">
    <editdetail attribution="Reuters BIP Coding Group" action="confirmed" date="1997-03-16"/>
  </code>
</codes>
<codes class="bip:topics:1.0">
  <code code="GCAT">
    <editdetail attribution="Reuters BIP Coding Group" action="confirmed" date="1997-03-16"/>
  </code>
  <code code="GPOL">
    <editdetail attribution="Reuters BIP Coding Group" action="confirmed" date="1997-03-16"/>
  </code>
</codes>
<dc element="dc.date.created" value="1997-03-16"/>
<dc element="dc.publisher" value="Reuters Holdings Plc"/>
<dc element="dc.date.published" value="1997-03-16"/>
<dc element="dc.source" value="Reuters"/>
<dc element="dc.creator.location" value="BOGOTA"/>
<dc element="dc.creator.location.country.name" value="COLOMBIA"/>
<dc element="dc.source" value="Reuters"/>
</metadata>
</newsitem>
