<?xml version="1.0" encoding="iso-8859-1" ?>
<newsitem itemid="445563" id="root" date="1997-03-16" xml:lang="en">
<title>ALBANIA: Alanian president pardons jailed opposition leader.</title>
<headline>Alanian president pardons jailed opposition leader.</headline>
<dateline>TIRANA 1997-03-16</dateline>
<text>
<p>President Sali Berisha of Albania on Sunday announced a pardon for Fatos Nano, the jailed leader of the opposition Socialist Party who was freed from prison earlier this week.</p>
<p>Nano, jailed in 1993 on corruption charges which the opposition said were politically inspired, was among 51 prisoners with less than two years to serve who were pardoned by presidential decree.</p>
</text>
<copyright>(c) Reuters Limited 1997</copyright>
<metadata>
<codes class="bip:countries:1.0">
  <code code="ALB">
    <editdetail attribution="Reuters BIP Coding Group" action="confirmed" date="1997-03-16"/>
  </code>
</codes>
<codes class="bip:topics:1.0">
  <code code="GCAT">
    <editdetail attribution="Reuters BIP Coding Group" action="confirmed" date="1997-03-16"/>
  </code>
  <code code="GCRIM">
    <editdetail attribution="Reuters BIP Coding Group" action="confirmed" date="1997-03-16"/>
  </code>
  <code code="GPOL">
    <editdetail attribution="Reuters BIP Coding Group" action="confirmed" date="1997-03-16"/>
  </code>
</codes>
<dc element="dc.date.created" value="1997-03-16"/>
<dc element="dc.publisher" value="Reuters Holdings Plc"/>
<dc element="dc.date.published" value="1997-03-16"/>
<dc element="dc.source" value="Reuters"/>
<dc element="dc.creator.location" value="TIRANA"/>
<dc element="dc.creator.location.country.name" value="ALBANIA"/>
<dc element="dc.source" value="Reuters"/>
</metadata>
</newsitem>
