<?xml version="1.0" encoding="iso-8859-1" ?>
<newsitem itemid="445502" id="root" date="1997-03-16" xml:lang="en">
<title>UK: Reuters historical calendar - March 23.</title>
<headline>Reuters historical calendar - March 23.</headline>
<dateline>LONDON 1997-03-16</dateline>
<text>
<p>Following are some of the major events to have occurred on March 23 in history.</p>
<p>1765 - The British parliament passed the Stamp Act, imposing duties on the American colonies.</p>
<p>1801 - Paul I, Tsar of Russia, was assassinated and succeeded by Alexander I.</p>
<p>1842 - Stendhal (Marie-Henri Beyle), French novelist, died. Noted for his masterpieces &quot;Le Rouge et le Noir&quot; and La Chartreuse de Parme&quot;.</p>
<p>1862 - Count Karl Robert Nesselrode, foreign minister of imperial Russia (1822-56), died. His policies helped bring about the Crimean war.</p>
<p>1887 - Juan Gris, Spanish painter, born as Jose Victoriano Gonzalez. He pioneered the style known as Synthetic Cubism.</p>
<p>1908 - American film actress Joan Crawford born. Her 45 years in Hollywood produced over 80 movies and four marriages.</p>
<p>1910 - Akira Kurosawa, Japanese film director, born. His &quot;Seven Samurai&quot; inspired the Hollywood western copy &quot;The Magnificent Seven&quot; and &quot;A Fistful of Dollars&quot; was based on his &quot;Yojimbo&quot;.</p>
<p>1912 - Werner von Braun, German-U.S. engineer and pioneer of rocketry, born. He designed the German V1 and V2 rockets and then worked for NASA.</p>
<p>1918 - The giant German gun, &quot;Big Bertha&quot;, shelled Paris from 75 miles away.</p>
<p>1919 - Benito Mussolini founded his own party in Italy, the Fasci di Combattimento.</p>
<p>1925 - Tennessee banned the teaching of evolution in schools. Teacher John Scopes ignored the ban and was prosecuted later in what became known as &quot;The Monkey Trial&quot;</p>
<p>1933 - German parliament passed the Enabling Bill, giving Adolf Hitler and the Nazis the dictatorial powers they had been seeking.</p>
<p>1956 - Under its new constitution Pakistan became an Islamic Republic, with Maj-Gen Iskander Mirza as first provisional President.</p>
<p>1964 - Peter Lorre (Laszlo Loewenstein), Hungarian-born U.S. actor who starred in gangster and horror films, died.</p>
<p>1966 - The Archbishop of Canterbury met the Pope in Rome, the first meeting between the heads of the Anglican and Roman Catholic churches for 400 years.</p>
<p>1967 - A military coup took place in Sierra Leone following disputed elections. On this day in 1971 an attempt to oust the country's leader Siaka Stevens was thwarted.</p>
<p>1971 - Argentina's president Roberto Levingston was deposed in a bloodless coup.</p>
<p>1981 - British great train robber Ronald Biggs was taken into custody in Barbados after his abduction from Brazil.</p>
<p>1982 - A military coup in Guatemala deposed the president and installed a junta led by Lt-Gen Efrain Rios Montt.</p>
<p>1983 - Dr Barney Clark died 112 days after being the first person to receive an artificial heart.</p>
<p>1994 - Luis Donaldo Colosio, Mexico's ruling party presidential candidate, was assassinated in the northern city of Tijuana.</p>
<p>1994 - All 75 people on board a Russian Airbus were killed when the plane crashed in Siberia.</p>
<p>1996 - Lee Teng-hui was sworn in as Taiwan's first democratically-elected President.</p>
</text>
<copyright>(c) Reuters Limited 1997</copyright>
<metadata>
<codes class="bip:countries:1.0">
  <code code="UK">
    <editdetail attribution="Reuters BIP Coding Group" action="confirmed" date="1997-03-16"/>
  </code>
</codes>
<codes class="bip:topics:1.0">
  <code code="GCAT">
    <editdetail attribution="Reuters BIP Coding Group" action="confirmed" date="1997-03-16"/>
  </code>
</codes>
<dc element="dc.date.created" value="1997-03-16"/>
<dc element="dc.publisher" value="Reuters Holdings Plc"/>
<dc element="dc.date.published" value="1997-03-16"/>
<dc element="dc.source" value="Reuters"/>
<dc element="dc.creator.location" value="LONDON"/>
<dc element="dc.creator.location.country.name" value="UK"/>
<dc element="dc.source" value="Reuters"/>
</metadata>
</newsitem>
