<?xml version="1.0" encoding="iso-8859-1" ?>
<newsitem itemid="445595" id="root" date="1997-03-16" xml:lang="en">
<title>MEXICO: Mexico interest rates touch new ceiling, says bank.</title>
<headline>Mexico interest rates touch new ceiling, says bank.</headline>
<dateline>MEXICO CITY 1997-03-16</dateline>
<text>
<p>Mexico's interest rates have reached a new ceiling, and could resume their downward trend, bank Ixe said in a report released Sunday.</p>
<p>&quot;We consider that interest rates have touched a new ceiling and could return to the downward trend in the next sessions, although this will be a more gradual decline than in the first few weeks of the year,&quot; it said.</p>
<p>The Mexican bank said worries over the economic and financial fallout of the fight in the U.S. over whether to certify Mexico as a trustworthy ally in the fight against drugs had been exaggerated.</p>
<p>The U.S. House of Representatives voted last week to overturn President Bill Clinton's &quot;certification&quot; of Mexico on March 1 unless certain conditions are met. The Clinton administration has promised to veto the House resolution if need be.</p>
<p>One-month Cetes rates have risen 458-basis-points in the last two auctions, mainly on the political worries and fears of rising interest rates in the U.S.</p>
<p>&quot;In this sense, the size of the increase in short-term interest rates was exaggerated, especially since the decline in monthly inflation from February to March does not justify the actual interest rate levels,&quot; Ixe said.</p>
<p>At the primary auction last Tuesday, the one-month paper rate rose a sharp 201 basis points to yield 23.17 percent.</p>
<p>Rates fell for 10 straight weeks before rising at the last two auctions. The decline had sent rates to their lowest levels since the 1994 peso crash.</p>
<p>((--Robert Kozak, Mexico City newsroom (525) 728 9559))</p>
</text>
<copyright>(c) Reuters Limited 1997</copyright>
<metadata>
<codes class="bip:countries:1.0">
  <code code="MEX">
    <editdetail attribution="Reuters BIP Coding Group" action="confirmed" date="1997-03-16"/>
  </code>
</codes>
<codes class="bip:topics:1.0">
  <code code="E12">
    <editdetail attribution="Reuters BIP Coding Group" action="confirmed" date="1997-03-16"/>
  </code>
  <code code="ECAT">
    <editdetail attribution="Reuters BIP Coding Group" action="confirmed" date="1997-03-16"/>
  </code>
</codes>
<dc element="dc.date.created" value="1997-03-16"/>
<dc element="dc.publisher" value="Reuters Holdings Plc"/>
<dc element="dc.date.published" value="1997-03-16"/>
<dc element="dc.source" value="Reuters"/>
<dc element="dc.creator.location" value="MEXICO CITY"/>
<dc element="dc.creator.location.country.name" value="MEXICO"/>
<dc element="dc.source" value="Reuters"/>
</metadata>
</newsitem>
