<?xml version="1.0" encoding="iso-8859-1" ?>
<newsitem itemid="445590" id="root" date="1997-03-16" xml:lang="en">
<title>GUATEMALA: War's end bittersweet for Guatemala rebels.</title>
<headline>War's end bittersweet for Guatemala rebels.</headline>
<byline>Fiona Ortiz</byline>
<dateline>TULULCHE, Guatemala 1997-03-16</dateline>
<text>
<p>A group of left-wing Guatemalan guerrillas marched out of hiding into a disarmament camp, chanting their slogans in a bittersweet end to 36 years of civil war, and of a way of life.</p>
<p>&quot;I felt sad this morning even though this is the day we've been waiting for. But I got excited when I saw the attitude and the acceptance of the people,&quot; said 2nd Lt. Amanda of the Cesar Sandino guerrilla front as she reached the camp on Saturday.</p>
<p>She is among 3,000 rebels of the Guatemalan National Revolutionary Front (URNG) laying down arms in eight separate camps under an historic peace treaty signed in December, ending a civil war which claimed 140,000 lives, mostly poor Indians.</p>
<p>After disarmament the URNG will convert itself into a political party.</p>
<p>The URNG never won huge support among Guatemala's Mayan Indian majority but the Mayans of the town of San Jose Sinache near the guerrilla's last tent camp gave the 130 guerrillas a warm send off as they left for the disarmament camp.</p>
<p>More than a hundred San Jose women, in traditional purple skirts and plastic sandals, marched 16 miles (25 km) with the guerrillas to their barracks at Tululche camp where a total of 600 ex-combatants will live until disarmament ends on May 3.</p>
<p>The Sandino Front, named after the Nicaraguan peasant who inspired the name of that country's guerrillas, operated in the Quiche department in the steep mountains at the centre of Guatemala.</p>
<p>The Tululche camp in Quiche is perched on a windswept ridge a four-hour drive from the capital, and an hour from the famous Mayan market and tourist destination of Chichicastenango.</p>
<p>The guerrillas, dressed in olive green and accompanied by three United Nations vans, marched past small farming settlements, cornfields, pine forests and gawking villagers.</p>
<p>They brought less than 130 weapons -- everything from World War Two-vintage carbines to AK-47 submachine guns -- to the camp to turn in before the May 3 deadline.</p>
<p>Under the peace accords guerrillas must reveal the locations of arms caches and turn in machineguns and heavy artillery.</p>
</text>
<copyright>(c) Reuters Limited 1997</copyright>
<metadata>
<codes class="bip:countries:1.0">
  <code code="GUAT">
    <editdetail attribution="Reuters BIP Coding Group" action="confirmed" date="1997-03-16"/>
  </code>
</codes>
<codes class="bip:topics:1.0">
  <code code="GCAT">
    <editdetail attribution="Reuters BIP Coding Group" action="confirmed" date="1997-03-16"/>
  </code>
  <code code="GVIO">
    <editdetail attribution="Reuters BIP Coding Group" action="confirmed" date="1997-03-16"/>
  </code>
</codes>
<dc element="dc.date.created" value="1997-03-16"/>
<dc element="dc.publisher" value="Reuters Holdings Plc"/>
<dc element="dc.date.published" value="1997-03-16"/>
<dc element="dc.source" value="Reuters"/>
<dc element="dc.creator.location" value="TULULCHE, Guatemala"/>
<dc element="dc.creator.location.country.name" value="GUATEMALA"/>
<dc element="dc.source" value="Reuters"/>
</metadata>
</newsitem>
