<?xml version="1.0" encoding="iso-8859-1" ?>
<newsitem itemid="445552" id="root" date="1997-03-16" xml:lang="en">
<title>KENYA: Zaire rebel chief has fought Mobutu for decades.</title>
<headline>Zaire rebel chief has fought Mobutu for decades.</headline>
<byline>Buchizya Mseteka</byline>
<dateline>NAIROBI 1997-03-16</dateline>
<text>
<p>Zairean rebel leader Laurent Kabila fought President Mobutu Sese Seko in vain for more than 30 years before the rebels' seizure of a large strip of eastern Zaire catapulted him into the international limelight.</p>
<p>On Saturday, Kabila's forces captured Zaire's third city of Kisangani in the biggest setback to the ailing Mobutu and his government in five months of civil war.</p>
<p>The sight of South Africa's President Nelson Mandela leaning on Kabila's arm in Johannesburg after their talks on February 27 and addressing him as &quot;General Kabila&quot; undoubtedly riled many in Zaire's capital Kinshasa.</p>
<p>Kabila, 56, heads the Alliance of Democratic Forces for the Liberation of Congo-Zaire (ADFL). Its cutting edge is Banyamulenge ethnic Tutsis who triggered the revolt in October.</p>
<p>&quot;My long years of struggle were like spreading fertiliser on a field. But now it is time to harvest,&quot; the short, burly rebel leader recently told Reuters at his headquarters in eastern Zaire.</p>
<p>Known by supporters as Mzee, the Swahili word for Grand Old Man, Kabila is the public point man for his alliance of four obscure political groups formed last October 8.</p>
<p>He says the parties to the alliance which met for the first time in Lemera, the first town to fall to the rebels, are his Popular Revolutionary Party (PRP), the National Council of Resistance for Democracy (NCRD), the Revolutionary Movement for the Liberation of Zaire (RMLZ) led by Masaso Minitaga Ndiaka, and the People's Democratic Alliance (PDA) led by Deo Bugera.</p>
<p>Analysts say a major asset for Kabila as the alliance leader is that he is not an ethnic Tutsi. Kinshasa still accuses him of being a puppet of the Banyamulenge, who have been denied citizenship, and ethnic brothers in Uganda, Rwanda and Burundi.</p>
<p>&quot;The Banyamulenge wanted him for his experience and because he is not a Tutsi,&quot; said Gerard Prunier, a French academic who specialises in Central Africa.</p>
<p>Kabila dismisses Kinshasa's accusations that he is a puppet.</p>
<p>&quot;I have lived with and known the Banyamulenge all my life. Many of them stood by me throughout my struggle against Mobutu's regime. The most important thing is that we are all Zaireans and we share common beliefs,&quot; he said.</p>
<p>Kabila is from mineral-rich Shaba in southern Zaire but has lived for many years among the Banyamulenge in the Mulenge Mountains south of Uvira, from where he plotted the uprising.</p>
<p>War in eastern Zaire began when the Banyamulenge, a community of roughly 400,000, resisted Zairean attempts to expel them to Rwanda, a land they left up to 200 years ago.</p>
<p>But its roots go deeper and the rebels have a solid spine of veterans who fought with Rwanda's Tutsis after 1990.</p>
<p>Like most of the Tutsi diaspora around the world, the Banyamulenge flocked to join the rebel group of Paul Kagame, now Rwanda's vice-president and military supremo.</p>
<p>Stocky with white-flecked hair, Kabila had his standing boosted by his meeting with Mandela, one of the world's most revered statesmen and spearhead of mediation in the war.</p>
<p>Kabila is a former comrade-in-arms of the late Argentine-born revolutionary leader Che Guevara, who was with Cuban guerrillas who fought in east Zaire in the early 1960s.</p>
<p>In 1965, Kabila joined a rebellion led by Pierre Mulele, an education minister in the government of Patrice Lumumba, in eastern Zaire when the former Belgian Congo narrowly avoided breakup just after independence.</p>
<p>Mobutu, president since 1965 but now ailing from cancer, crushed that rebellion with foreign help. Ironically some of the Banyamulenge herdsmen then fought alongside the Mobutu forces.</p>
<p>Kabila, who speaks perfect English despite coming from francophone Zaire, was a regular visitor to Uganda in the late 1980s after Yoweri Museveni's rebels took power in Kampala.</p>
<p>At the same time, exiled Rwandan Tutsis holding top positions in Museveni's army fine-tuned plans to invade their homeland. They did so in 1990 and won the war in 1994 after the radical Hutus in power had exterminated some 800,000 Tutsis.</p>
<p>The link from Museveni to Kagame to the Banyamulenge is at the heart of claims by Kinshasa and some African states that a plot is unfolding to create a &quot;Tutsiland&quot; in Central Africa.</p>
<p>But Kabila, as a non-Tutsi, says he is proof that this is false.</p>
</text>
<copyright>(c) Reuters Limited 1997</copyright>
<metadata>
<codes class="bip:countries:1.0">
  <code code="ZAIRE">
    <editdetail attribution="Reuters BIP Coding Group" action="confirmed" date="1997-03-16"/>
  </code>
</codes>
<codes class="bip:topics:1.0">
  <code code="GCAT">
    <editdetail attribution="Reuters BIP Coding Group" action="confirmed" date="1997-03-16"/>
  </code>
  <code code="GVIO">
    <editdetail attribution="Reuters BIP Coding Group" action="confirmed" date="1997-03-16"/>
  </code>
</codes>
<dc element="dc.date.created" value="1997-03-16"/>
<dc element="dc.publisher" value="Reuters Holdings Plc"/>
<dc element="dc.date.published" value="1997-03-16"/>
<dc element="dc.source" value="Reuters"/>
<dc element="dc.creator.location" value="NAIROBI"/>
<dc element="dc.creator.location.country.name" value="KENYA"/>
<dc element="dc.source" value="Reuters"/>
</metadata>
</newsitem>
