<?xml version="1.0" encoding="iso-8859-1" ?>
<newsitem itemid="445546" id="root" date="1997-03-16" xml:lang="en">
<title>SUDAN: Sudan says army wins back southeastern town.</title>
<headline>Sudan says army wins back southeastern town.</headline>
<dateline>KHARTOUM 1997-03-16</dateline>
<text>
<p>The Sudanese army has recaptured the southeastern town of Chali el-Fil from the rebel Sudan People's Liberation Army (SPLA), which took the town in January, President Omar Hassan al-Bashir said on Sunday.</p>
<p>Lieutenant-General Bashir announced the military success at a rally called to denounce what the government says was a Ugandan attack on two southern towns last week.</p>
<p>&quot;This is the beginning. The battles will continue until every inch of our land has been liberated,&quot; added Bashir.</p>
<p>Chali el-Fil, in Blue Nile state 30 km (20 miles) from the Ethiopian border, fell to the rebels in a joint offensive by the SPLA and the military wing of northern opposition groups.</p>
<p>Khartoum said Ethiopian and Eritrean troops did most of the fighting but independent observers are sceptical.</p>
<p>The rebels made rapid advances at first in Blue Nile and Kassala states but the campaign soon ran out of steam and a government counter-attack did not materialise for weeks.</p>
<p>The Khartoum government said on Saturday that the army had also recaptured the small town of Boing, just across the state border in Upper Nile to the south.</p>
<p>Chali el-Fil lies 50 km (30 miles) south of the substantial border town of Kurmuk, which the SPLA continues to hold.</p>
<p>For the rally on Sunday, a crowd of thousands gathered outside armed forces headquarters chanting slogans such as &quot;A million martyrs to defend the faith&quot;, &quot;Allahu Akbar (God is Greatest)&quot; and &quot;Down with the Zionists&quot;.</p>
<p>Speakers attacked the United States, blaming it for the recent attacks near the Ugandan border in the south.</p>
<p>In Nairobi the SPLA said on Sunday that in the south its fighters had captured Lainya, a garrison town on the road to Juba, the main town on the whole of southern Sudan.</p>
<p>&quot;Lainya fell to the SPLA yesterday (Saturday) at 1800 hours local time (1600 GMT),&quot; said SPLA spokesman Samson Kwaje.</p>
<p>He said he received the news from SPLA leader John Garang in the town of Yei but he gave no further details.</p>
<p>Sudanese rebels said on Friday they were advancing towards Lainya after capturing 1,000 government soldiers and a large quantity of weapons when they overran Yei and Morobo garrison.</p>
</text>
<copyright>(c) Reuters Limited 1997</copyright>
<metadata>
<codes class="bip:countries:1.0">
  <code code="SUDAN">
    <editdetail attribution="Reuters BIP Coding Group" action="confirmed" date="1997-03-16"/>
  </code>
  <code code="UGANDA">
    <editdetail attribution="Reuters BIP Coding Group" action="confirmed" date="1997-03-16"/>
  </code>
</codes>
<codes class="bip:topics:1.0">
  <code code="GCAT">
    <editdetail attribution="Reuters BIP Coding Group" action="confirmed" date="1997-03-16"/>
  </code>
  <code code="GVIO">
    <editdetail attribution="Reuters BIP Coding Group" action="confirmed" date="1997-03-16"/>
  </code>
</codes>
<dc element="dc.date.created" value="1997-03-16"/>
<dc element="dc.publisher" value="Reuters Holdings Plc"/>
<dc element="dc.date.published" value="1997-03-16"/>
<dc element="dc.source" value="Reuters"/>
<dc element="dc.creator.location" value="KHARTOUM"/>
<dc element="dc.creator.location.country.name" value="SUDAN"/>
<dc element="dc.source" value="Reuters"/>
</metadata>
</newsitem>
