<?xml version="1.0" encoding="iso-8859-1" ?>
<newsitem itemid="445581" id="root" date="1997-03-16" xml:lang="en">
<title>ALBANIA: U.S. marines rescue Americans from Albania anarchy.</title>
<headline>U.S. marines rescue Americans from Albania anarchy.</headline>
<byline>Crispian Balmer</byline>
<dateline>TIRANA 1997-03-16</dateline>
<text>
<p>Huge Sea Stallion helicopters hugged the countryside, machinegunners scanning the rocky terrain, as U.S. marines swept in on Saturday to rescue Americans from Albania's civil chaos.</p>
<p>Units of heavily-armed marines guarded the landing site on the outskirts of Tirana while armour-packed Cobra combat helicopters buzzed surrounding buildings to ward off attack from gun-toting locals.</p>
<p>The Cobras' forward cannons pointed menacingly towards the houses.</p>
<p>The moment the grey Sea Stallions touched down, a stream of foreigners, including young children and an old man carried on a stretcher, were rushed aboard.</p>
<p>Within minutes, the helicopters lifted off from the diplomatic compound, raising huge clouds of dust as they swung out on the return journey across the Adriatic sea to air bases in Italy's southeast heel.</p>
<p>A total of 739 people from 32 countries were  airlifted out of Albania during the first three days of the U.S. evacuation, codenamed Silver Wake.</p>
<p>&quot;The operation will carry on until our ambassador here tells us to stop,&quot; said Colonel Emerson Gardner, who heads the marine mission organised from the amphibious assault ship USS Nassau off the Albanian coast.</p>
<p>The operation, suspended on Friday after two Cobras came under fire, restarted at dawn on Saturday.</p>
<p>Gunshots crackled around the grassy U.S. diplomatic housing compound, where the helicopters arrived, as unseen rebels in surrounding hills fired round after round from their recently-looted automatic weapons.</p>
<p>&quot;They're going to melt the barrels of their guns soon,&quot; said a 33-year-old marine from Florida.</p>
<p>Marine officers said the helicopters were fired at on Friday as they flew over Tirana to pick up another batch of evacuees. One Cobra swiftly replied with its 20mm guns to &quot;pacify&quot; the situation.</p>
<p>&quot;We are not able to sanitise this area, in other words remove all weaponry, but we think we've got any risk supressed. We've got it under control,&quot; Gardner told reporters.</p>
<p>Soldiers patrolled the exposed compound in jeeps weighed down by heavy 50mm machine guns. Marksmen lay hidden besides the bright white buildings or tucked in behind sandbags.</p>
<p>Foreigners were swiftly checked out by consular officials. Anyone without proper papers was turned away at the gates where a handful of Albanian plainclothes police brandishing guns were on hand to prevent trouble.</p>
<p>&quot;The situation is wild out there,&quot; said Eddie Drishti, a young American student who had been visting relatives in Albania. &quot;There's no stability, no government, just shooting and looting. I had to get out.&quot;</p>
<p>The helicopter shuttle stopped after dark as the shooting intensified and streams of small orange tracers filled the sky.</p>
<p>&quot;The sky gets lit up like Christmas trees. Sometimes they fire off whole magazines of tracers,&quot; said Lance Corporal Desmond Bryant, from the U.S. state of Georgia.</p>
<p>Soldiers said the rebels invariably fired into the air, with some of the spent bullets falling back to earth inside the fenced-off compound, but they said they did not feel threatened.</p>
<p>&quot;We expected World War Three and instead got a picnic in a park,&quot; said one nonchalant soldier from Carolina.</p>
</text>
<copyright>(c) Reuters Limited 1997</copyright>
<metadata>
<codes class="bip:countries:1.0">
  <code code="ALB">
    <editdetail attribution="Reuters BIP Coding Group" action="confirmed" date="1997-03-16"/>
  </code>
  <code code="USA">
    <editdetail attribution="Reuters BIP Coding Group" action="confirmed" date="1997-03-16"/>
  </code>
</codes>
<codes class="bip:topics:1.0">
  <code code="GCAT">
    <editdetail attribution="Reuters BIP Coding Group" action="confirmed" date="1997-03-16"/>
  </code>
  <code code="GVIO">
    <editdetail attribution="Reuters BIP Coding Group" action="confirmed" date="1997-03-16"/>
  </code>
</codes>
<dc element="dc.date.created" value="1997-03-16"/>
<dc element="dc.publisher" value="Reuters Holdings Plc"/>
<dc element="dc.date.published" value="1997-03-16"/>
<dc element="dc.source" value="Reuters"/>
<dc element="dc.creator.location" value="TIRANA"/>
<dc element="dc.creator.location.country.name" value="ALBANIA"/>
<dc element="dc.source" value="Reuters"/>
</metadata>
</newsitem>
