<?xml version="1.0" encoding="iso-8859-1" ?>
<newsitem itemid="445583" id="root" date="1997-03-16" xml:lang="en">
<title>PERU: Peru rebels allege army offensive during talks.</title>
<headline>Peru rebels allege army offensive during talks.</headline>
<byline>Saul Hudson</byline>
<dateline>LIMA 1997-03-16</dateline>
<text>
<p>The Marxist rebel group holding 72 hostages claimed on Sunday the army was &quot;engaged in a major operation&quot; to flush guerrillas out of their jungle strongholds while talks continue to end the hostage siege peacefully.</p>
<p>A senior Tupac Amaru Revolutionary Movement (MRTA) leader told Reuters the army was deploying more than 500 soldiers to sweep through the central jungle provinces of Oxapampa and Chanchamayo in a bid to destroy the group's military bases.</p>
<p>&quot;The army has engaged in a major operation looking for our camps,&quot; Comrade Alejandro, who identified himself as a member of the MRTA's high-command, or policy-making body, said in a communication from the jungle county of Junin.</p>
<p>The army denies there is any military operation. But local media has reported several MRTA captures over the last two weeks in the central jungle -- the only area where the MRTA has a permanent armed presence.</p>
<p>Alejandro said the army had not captured any rebels in the operation, but had detained village peasants alleging they were members of the MRTA. &quot;They want to find our camps but the only thing they are doing is detaining peasants,&quot; he said.</p>
<p>A leading Peruvian human rights group, APRODEH, issued a statement alleging that the whereabouts of four villagers in the area were still unknown after an army operation March 9 led to the detention of 21 peasants.</p>
<p>Comrade Alejandro claimed the army's action was in response to a series of Reuters reports late February about MRTA training and peasant collaboration in the central jungle.</p>
<p>Rebels in the area receive food, lodging and transport from jungle peasants, some of whom collaborate out of fear while others are MRTA sympathisers.</p>
<p>The army's jungle manoeuvres come at a time when neutral mediators are working energetically to find common ground between the two sides so that talks for a peaceful solution to the three-month-old hostage crisis in Lima can restart.</p>
<p>Members of an independent guarantors' commision, Archbishop Juan Luis Cipriani and Canadian ambassador Anthony Vincent, met rebel leader Nestor Cerpa at the besieged Japanese ambassador's home for about 90 minutes Saturday.</p>
<p>Cipriani entered the residence again Sunday alone to give Roman Catholic mass, local radio broadcasters said.</p>
<p>A police helicopter circled and hovered low over the residence twice on Sunday for about five minutes. There was no police explanation for the manoeuvre.</p>
<p>Saturday's meeting, the latest in a flurry of contacts with the rebels in the past week, added to signs that talks could advance again after being put on hold Wednesday to allow the two sides to &quot;reflect&quot; on their differences.</p>
<p>But the government has not ruled out using force. Local television showed a video Sunday of police SWAT teams practicing a violent takeover of a crude mock-up of the Japanese residence, complete with explosives and live bullets.</p>
<p>The MRTA's main demand is the release of some 400 jailed comrades -- a demand the government has refused to consider.</p>
<p>MRTA denied Sunday that it was responsible for a firebomb attack on a Lima textile factory, blaming it instead on government agents trying to embarrass the group.</p>
<p>&quot;This type of action is never practiced by our movement,&quot; said MRTA in a statement sent to news media.</p>
<p>About eight armed men calling themselves MRTA rebels burst into the factory Saturday, tied up employees and set the place ablaze. Police later said they were unsure if the attackers were from MRTA or merely common criminals passing themselves off as rebels to throw police off their trail.</p>
<p>The rebels stormed a cocktail party at the ambassador's home Dec. 17 and took all the guests hostage. They released most of them but held on to the best bargaining chips, including Fujimori's brother Pedro, two cabinet ministers, the Japanese ambassador and a long list of Japanese businessmen.</p>
</text>
<copyright>(c) Reuters Limited 1997</copyright>
<metadata>
<codes class="bip:countries:1.0">
  <code code="JAP">
    <editdetail attribution="Reuters BIP Coding Group" action="confirmed" date="1997-03-16"/>
  </code>
  <code code="PERU">
    <editdetail attribution="Reuters BIP Coding Group" action="confirmed" date="1997-03-16"/>
  </code>
</codes>
<codes class="bip:topics:1.0">
  <code code="GCAT">
    <editdetail attribution="Reuters BIP Coding Group" action="confirmed" date="1997-03-16"/>
  </code>
  <code code="GVIO">
    <editdetail attribution="Reuters BIP Coding Group" action="confirmed" date="1997-03-16"/>
  </code>
</codes>
<dc element="dc.date.created" value="1997-03-16"/>
<dc element="dc.publisher" value="Reuters Holdings Plc"/>
<dc element="dc.date.published" value="1997-03-16"/>
<dc element="dc.source" value="Reuters"/>
<dc element="dc.creator.location" value="LIMA"/>
<dc element="dc.creator.location.country.name" value="PERU"/>
<dc element="dc.source" value="Reuters"/>
</metadata>
</newsitem>
