<?xml version="1.0" encoding="iso-8859-1" ?>
<newsitem itemid="445573" id="root" date="1997-03-16" xml:lang="en">
<title>ALBANIA: Crowds gather at Albania mourning ceremony.</title>
<headline>Crowds gather at Albania mourning ceremony.</headline>
<dateline>TIRANA 1997-03-16</dateline>
<text>
<p>About 3,000 Albanians bearing bouquets of flowers and chanting &quot;Peace, peace&quot; gathered in Tirana's central square on Sunday to mourn more than 100 people killed in unrest in the Balkan country.</p>
<p>Police aboard vans and a single armoured vehicle patrolled Skanderbeg Square as the crowd clapped hands and staged a brief march.</p>
<p>Some chanted &quot;Hand in the Arms,&quot; a reference to appeals for gunmen who have been rampaging through Albanian towns to give up their weapons.</p>
<p>Albania's flag, a double-headed black eagle on a red background, stood at half mast by a mounted statue of 15th century national hero Gjergj Kastriot Skanderbeg.</p>
<p>Violence erupted through southern Albania in January over the collapse of fraudulent investment schemes.</p>
<p>It spread to most of the country in recent weeks, turning into a lawless revolt against President Sali Berisha.</p>
<p>At least 20 people have died in Tirana during two days of shooting this week.</p>
</text>
<copyright>(c) Reuters Limited 1997</copyright>
<metadata>
<codes class="bip:countries:1.0">
  <code code="ALB">
    <editdetail attribution="Reuters BIP Coding Group" action="confirmed" date="1997-03-16"/>
  </code>
</codes>
<codes class="bip:topics:1.0">
  <code code="GCAT">
    <editdetail attribution="Reuters BIP Coding Group" action="confirmed" date="1997-03-16"/>
  </code>
  <code code="GVIO">
    <editdetail attribution="Reuters BIP Coding Group" action="confirmed" date="1997-03-16"/>
  </code>
</codes>
<dc element="dc.date.created" value="1997-03-16"/>
<dc element="dc.publisher" value="Reuters Holdings Plc"/>
<dc element="dc.date.published" value="1997-03-16"/>
<dc element="dc.source" value="Reuters"/>
<dc element="dc.creator.location" value="TIRANA"/>
<dc element="dc.creator.location.country.name" value="ALBANIA"/>
<dc element="dc.source" value="Reuters"/>
</metadata>
</newsitem>
