<?xml version="1.0" encoding="iso-8859-1" ?>
<newsitem itemid="445566" id="root" date="1997-03-16" xml:lang="en">
<title>ALBANIA: Albanian port broods on policeman's death.</title>
<headline>Albanian port broods on policeman's death.</headline>
<byline>Kurt Schork</byline>
<dateline>DURRES, Albania 1997-03-16</dateline>
<text>
<p>The body of Ali Shika was carried on Sunday through the streets of Durres by Albanian police weeping openly at the death of their comrade.</p>
<p>&quot;This man never hurt anyone and now he is dead,&quot; said one of his comrades. &quot;Where is the justice in that?&quot;</p>
<p>Automobiles pulled to the curb and pedestrians in this port city fell silent as the funeral procession passed.</p>
<p>Some secret police in civilian clothes got out of their cars carrying Kalashnikovs and joined the mourners on foot.</p>
<p>&quot;May God cut the hands off the man who did this,&quot; said an elderly woman standing on the sidewalk as the body passed.</p>
<p>Ali Shika was 30 when he was killed on Saturday afternoon. Police said he had stopped a vehicle and asked to search it when the driver pulled out a gun and shot him.</p>
<p>The sight of a dead policeman borne on an army stretcher caused the residents of this city to pause and reflect about the future of their city and their country.</p>
<p>Despite the unrest in Albania following the collapse of five pyramid schemes, which wiped out the life-savings of tens of thousands of families, Durres remained firmly under government control until Thursday.</p>
<p>That day the country's largest port teetered on the verge of anarchy as shooting and looting erupted in parts of the city. Since then the police have regained control.</p>
<p>Residents have been given a second chance to ask themselves if they want to go the way of southern Albania, where police and army units have collapsed or withdrawn and local citizens' committees share control with clan-based mafia organisations.</p>
<p>Ali Shika's procession, grown to about 100 strong, halted in a square by the city's main mosque and in front of its main administrative building. Scores of city workers watched impassively from the building's windows and front steps.</p>
<p>The police formed up and fired a thunderous volley into the air from their Kalashnikovs as a salute to their dead colleague -- a gesture that made up in noise what it lacked in finesse. Empty shell casings rained down like brass confetti.</p>
<p>One policeman shouted to the city workers: &quot;Don't stand there watching us. Get out here. This man died for you too.&quot;</p>
<p>Sheepishly, those on the steps walked over, warily eyeing the police and their guns.</p>
<p>The crowd moved across the square to the steps of the Mayor's office where policemen, many choking with tears, praised the dead man and cursed the mafia they say killed him.</p>
<p>&quot;We are the police and we do not need anyone to join us,&quot; one of the men declared from the steps. &quot;We will save the city and destroy the mafia.&quot;</p>
<p>Murmurs swept through the crowd of several hundred townspeople now standing on the plaza at the bottom of the steps. One civilian blared out: &quot;Long live the police, long live Durres&quot; and began applauding the officers.</p>
<p>The crowd joined in and then the police begin applauding as well and finally the procession wound away through the dusty streets.</p>
</text>
<copyright>(c) Reuters Limited 1997</copyright>
<metadata>
<codes class="bip:countries:1.0">
  <code code="ALB">
    <editdetail attribution="Reuters BIP Coding Group" action="confirmed" date="1997-03-16"/>
  </code>
</codes>
<codes class="bip:topics:1.0">
  <code code="GCAT">
    <editdetail attribution="Reuters BIP Coding Group" action="confirmed" date="1997-03-16"/>
  </code>
  <code code="GVIO">
    <editdetail attribution="Reuters BIP Coding Group" action="confirmed" date="1997-03-16"/>
  </code>
</codes>
<dc element="dc.date.created" value="1997-03-16"/>
<dc element="dc.publisher" value="Reuters Holdings Plc"/>
<dc element="dc.date.published" value="1997-03-16"/>
<dc element="dc.source" value="Reuters"/>
<dc element="dc.creator.location" value="DURRES, Albania"/>
<dc element="dc.creator.location.country.name" value="ALBANIA"/>
<dc element="dc.source" value="Reuters"/>
</metadata>
</newsitem>
