<?xml version="1.0" encoding="iso-8859-1" ?>
<newsitem itemid="445537" id="root" date="1997-03-16" xml:lang="en">
<title>ZAIRE: Threat to Mobutu rises after Kisangani's fall.</title>
<headline>Threat to Mobutu rises after Kisangani's fall.</headline>
<byline>Corinne Dufka</byline>
<dateline>KISANGANI, Zaire 1996-03-17</dateline>
<text>
<p>President Mobutu Sese Seko's prospects of holding onto power in Zaire looked significantly weaker after rebels seized the key city of Kisangani and were welcomed as liberators.</p>
<p>Laurent Kabila's rebels were exultant after their biggest victory yet in their five-month war to oust Mobutu. They were in full control of Kisangani on Sunday evening and the city was calm.</p>
<p>The rebel Alliance of Democratic Forces for the Liberation of Congo-Zaire (ADFL) has now overrun about one fifth of Africa's third-largest country.</p>
<p>Kisangani is 1,200 km (750 miles) from Kinshasa, Zaire's capital, and in geographic terms the 32-year-old Mobutu government still has the upper hand. But the future seemed increasingly bleak for the ailing president and his supporters.</p>
<p>The rebels, commanded by Kabila's 25-year-old son Joseph, were warmly greeted by many Kisangani residents when they entered the city.</p>
<p>&quot;Hundreds of people lined the streets welcoming the rebels on Saturday as their liberators. It was very festive,&quot; a foreign missionary in Kisangani said.</p>
<p>&quot;Personally I have a certain peace and can't even find the words for it. I feel free now,&quot; said Pele Lesondja, 32.</p>
<p>Mobutu, 66, a former soldier with the rank of marshall who took power in a 1965 coup, is weak and far away in France where he has spent most of the past eight months after surgery for prostate cancer.</p>
<p>An aide said in France that there were no definite plans for Mobutu's return to Zaire, despite official assurances in Kinshasa last Friday that he would fly back on Monday.</p>
<p>Mobutu's army has always failed to hold its ground since Kabila launched his rebellion on Zaire's eastern border last October.</p>
<p>Kisangani, the army's eastern headquarters until soldiers fled after a looting spree, was no exception. The government recruited some foreign mercenaries, believed to be mostly Bosnian Serbs, to try to put some backbone into the demoralised troops.</p>
<p>Joseph Kabila, operational commander for the rebels' northern sector, told Reuters in Kisangani he believed most of the mercenaries flew out of the city on Friday night.</p>
<p>Civilian support for his father Laurent is not restricted to areas now controlled by the veteran former Marxist.</p>
<p>&quot;His army is an army of liberation and he must free us of from the dictatorship of Mobutu,&quot; opposition militant Jose Wasunde, 34, told Reuters in Kinshasa.</p>
<p>The rebels have not had to fight a serious battle in their offensive and civilians in captured areas frequently voice relief that the wildly indisciplined government troops have left.</p>
<p>The rebels say their next target is Lubumbashi, capital of the mineral-rich Shaba region whose copper, cobalt and precious metals should make Zaire a well-off country instead of one of the poorest in the world.</p>
<p>The capture of Kisangani complicated international mediation efforts. The rebels say they will not agree a ceasefire before negotiations and they insist talks must centre on Mobutu's departure.</p>
<p>It was also another disaster for the 370,000 Rwandan Hutu refugees stranded in eastern Zaire who have trekked ahead of the rebel advance for the past five months.</p>
<p>They are the rump of the Hutus who fled in fear of retaliation for the genocide of minority Tutsis in Rwanda in 1994. Their defeated army has fought with Zaire's troops against Kabila's rebels, who include many ethnic Tutsis.</p>
<p>Kisangani, the most easterly navigable point on the great Zaire river, was immortalised by novelist Joseph Conrad in &quot;Heart of Darkness&quot;.</p>
<p>It was also the setting for &quot;A Bend in the River&quot;, by the Trinidadian author V.S. Naipaul, who was stunned by the decay and corruption he found there at the height of Mobutu's rule.</p>
</text>
<copyright>(c) Reuters Limited 1997</copyright>
<metadata>
<codes class="bip:countries:1.0">
  <code code="ZAIRE">
    <editdetail attribution="Reuters BIP Coding Group" action="confirmed" date="1997-03-16"/>
  </code>
</codes>
<codes class="bip:topics:1.0">
  <code code="GCAT">
    <editdetail attribution="Reuters BIP Coding Group" action="confirmed" date="1997-03-16"/>
  </code>
  <code code="GVIO">
    <editdetail attribution="Reuters BIP Coding Group" action="confirmed" date="1997-03-16"/>
  </code>
</codes>
<dc element="dc.date.created" value="1996-03-17"/>
<dc element="dc.publisher" value="Reuters Holdings Plc"/>
<dc element="dc.date.published" value="1997-03-16"/>
<dc element="dc.source" value="Reuters"/>
<dc element="dc.creator.location" value="KISANGANI, Zaire"/>
<dc element="dc.creator.location.country.name" value="ZAIRE"/>
<dc element="dc.source" value="Reuters"/>
</metadata>
</newsitem>
