<?xml version="1.0" encoding="iso-8859-1" ?>
<newsitem itemid="445516" id="root" date="1997-03-16" xml:lang="en">
<title>AUSTRALIA: RTRS-Rugby league-Australian Rugby League results/standings.</title>
<headline>RTRS-Rugby league-Australian Rugby League results/standings.</headline>
<dateline>SYDNEY 1996-03-17</dateline>
<text>
<p>Results of Australian Rugby League premiership rugby league matches played at the weekend.</p>
<p>Played Sunday:</p>
<p> South Queensland  23  Parramatta	  6</p>
<p> North Sydney	34  Newcastle	  20</p>
<p> South Sydney	26  Gold Coast	 16</p>
<p>Played Saturday:</p>
<p> Balmain	     10  Illawarra	  18</p>
<p> Sydney City	 18  Western Suburbs   6</p>
<p>Played Friday:</p>
<p> St George	   14  Manly		18</p>
</text>
<copyright>(c) Reuters Limited 1997</copyright>
<metadata>
<codes class="bip:countries:1.0">
  <code code="AUSTR">
    <editdetail attribution="Reuters BIP Coding Group" action="confirmed" date="1997-03-16"/>
  </code>
</codes>
<codes class="bip:topics:1.0">
  <code code="GCAT">
    <editdetail attribution="Reuters BIP Coding Group" action="confirmed" date="1997-03-16"/>
  </code>
  <code code="GSPO">
    <editdetail attribution="Reuters BIP Coding Group" action="confirmed" date="1997-03-16"/>
  </code>
</codes>
<dc element="dc.date.created" value="1996-03-17"/>
<dc element="dc.publisher" value="Reuters Holdings Plc"/>
<dc element="dc.date.published" value="1997-03-16"/>
<dc element="dc.source" value="Reuters"/>
<dc element="dc.creator.location" value="SYDNEY"/>
<dc element="dc.creator.location.country.name" value="AUSTRALIA"/>
<dc element="dc.source" value="Reuters"/>
</metadata>
</newsitem>
