<?xml version="1.0" encoding="iso-8859-1" ?>
<newsitem itemid="445549" id="root" date="1997-03-16" xml:lang="en">
<title>TANZANIA: Broken water main leaves taps dry in Dar es Salaam.</title>
<headline>Broken water main leaves taps dry in Dar es Salaam.</headline>
<dateline>DAR ES SALAAM 1997-03-16</dateline>
<text>
<p>A break in the main pipe carrying water to the Tanzanian commercial capital had thousands of Dar es Salaam residents desperately seeking supplies on Sunday.</p>
<p>Local officials said about three-quarters of the city's three million people relied on water from the Ruvu River. The supply was cut on Saturday when the main pipe burst.</p>
<p>Falling river levels had already cut supplies to the lowest in 40 years and newspapers said at least 13 people had died from cholera. Some embassies were planning to move staff to Arusha, northern Tanzania, where water was still available, one diplomat told Reuters.</p>
<p>The Sunday Observer reported clouds over Tanzania's northern coastal belt. If the build-up continued, the prospects for rain in the coming week were good, it quoted meteorological officials as saying.</p>
</text>
<copyright>(c) Reuters Limited 1997</copyright>
<metadata>
<codes class="bip:countries:1.0">
  <code code="TANZA">
    <editdetail attribution="Reuters BIP Coding Group" action="confirmed" date="1997-03-16"/>
  </code>
</codes>
<codes class="bip:industries:1.0">
  <code code="I17000">
    <editdetail attribution="Reuters BIP Coding Group" action="confirmed" date="1997-03-16"/>
  </code>
</codes>
<codes class="bip:topics:1.0">
  <code code="C21">
    <editdetail attribution="Reuters BIP Coding Group" action="confirmed" date="1997-03-16"/>
  </code>
  <code code="C24">
    <editdetail attribution="Reuters BIP Coding Group" action="confirmed" date="1997-03-16"/>
  </code>
  <code code="CCAT">
    <editdetail attribution="Reuters BIP Coding Group" action="confirmed" date="1997-03-16"/>
  </code>
  <code code="GCAT">
    <editdetail attribution="Reuters BIP Coding Group" action="confirmed" date="1997-03-16"/>
  </code>
  <code code="GENV">
    <editdetail attribution="Reuters BIP Coding Group" action="confirmed" date="1997-03-16"/>
  </code>
</codes>
<dc element="dc.date.created" value="1997-03-16"/>
<dc element="dc.publisher" value="Reuters Holdings Plc"/>
<dc element="dc.date.published" value="1997-03-16"/>
<dc element="dc.source" value="Reuters"/>
<dc element="dc.creator.location" value="DAR ES SALAAM"/>
<dc element="dc.creator.location.country.name" value="TANZANIA"/>
<dc element="dc.source" value="Reuters"/>
</metadata>
</newsitem>
