<?xml version="1.0" encoding="iso-8859-1" ?>
<newsitem itemid="445565" id="root" date="1997-03-16" xml:lang="en">
<title>ALBANIA: Armed Albanians try to hijack Greek passenger boat.</title>
<headline>Armed Albanians try to hijack Greek passenger boat.</headline>
<dateline>SARANDE, Albania 1997-03-16</dateline>
<text>
<p>Albanian gunmen briefly hijacked a small Greek passenger boat in a desperate bid to reach Italy on Sunday but were stopped by armed locals who turned them back, eyewitnesses said.</p>
<p>&quot;About 20 armed Albanians boarded the Kalliope and forced the captain to sail off at gunpoint,&quot; said a Greek reporter who had just arrived on the boat.</p>
<p>When news of the hijack reached the town, about 10 armed locals boarded two speedboats and went after the ship, the only regular link between the Greek island of Corfu and the troubled Balkan country, and forced it to return, she told Reuters.</p>
<p>The small passenger ferry had just dropped off passengers and supplies to this southern Albanian port before being hijacked, a Reuters cameraman said. There were no passengers on the ship during the incident.</p>
<p>The Kalliope was still in Sarande. The port authority on Corfu told Reuters efforts to reach the ship by radio had failed and they were not sure when it would return to the island.</p>
<p>&quot;The locals freed the gunmen, who said they did it because they were destitute and desperate to get to Italy,&quot; the reporter said.</p>
<p>The Kalliope has been this area's lifeline, delivering food and medicine since rebels took over most major southern Albanian towns, plunging them into anarchy.</p>
<p>Many Albanians who lost their life's savings in a string of fraudulent pyramid schemes have begun to flee across the Adriatic Sea to Italy but so far there has been no mass movement towards the long Greek border with Albania.</p>
<p>Rebel councils in the south have been trying to restore some order and stop gangs, armed to the teeth from looted army arsenals, from roaming and terrorising the region.</p>
<p>Reporters in the southern town of Gjirocaster said locals were seen repairing the burned police stations and policemen were wearing their uniforms again.</p>
</text>
<copyright>(c) Reuters Limited 1997</copyright>
<metadata>
<codes class="bip:countries:1.0">
  <code code="ALB">
    <editdetail attribution="Reuters BIP Coding Group" action="confirmed" date="1997-03-16"/>
  </code>
  <code code="GREECE">
    <editdetail attribution="Reuters BIP Coding Group" action="confirmed" date="1997-03-16"/>
  </code>
  <code code="ITALY">
    <editdetail attribution="Reuters BIP Coding Group" action="confirmed" date="1997-03-16"/>
  </code>
</codes>
<codes class="bip:topics:1.0">
  <code code="GCAT">
    <editdetail attribution="Reuters BIP Coding Group" action="confirmed" date="1997-03-16"/>
  </code>
  <code code="GVIO">
    <editdetail attribution="Reuters BIP Coding Group" action="confirmed" date="1997-03-16"/>
  </code>
</codes>
<dc element="dc.date.created" value="1997-03-16"/>
<dc element="dc.publisher" value="Reuters Holdings Plc"/>
<dc element="dc.date.published" value="1997-03-16"/>
<dc element="dc.source" value="Reuters"/>
<dc element="dc.creator.location" value="SARANDE, Albania"/>
<dc element="dc.creator.location.country.name" value="ALBANIA"/>
<dc element="dc.source" value="Reuters"/>
</metadata>
</newsitem>
