<?xml version="1.0" encoding="iso-8859-1" ?>
<newsitem itemid="445561" id="root" date="1997-03-16" xml:lang="en">
<title>RUSSIA: Russian oil officials head for Baghdad talks.</title>
<headline>Russian oil officials head for Baghdad talks.</headline>
<dateline>MOSCOW 1997-03-16</dateline>
<text>
<p>A Russian delegation headed by Energy Minister Pyotr Rodionov left for Baghdad on Sunday for talks on economic topics including developing Iraqi oil reserves once U.N. sanctions are lifted, Itar-Tass news agency said.</p>
<p>Tass quoted Rodionov's deputy, Anatoly Shatalov, as saying talks on Tuesday and Wednesday would focus on the development of new deposits. Completing construction of oil plants and building new electric power stations were also on the agenda.</p>
<p>Russia's LUKoil is expected to sign a contract with Iraq to develop a prospective oil deposit, Western Qurna-2, whose oil reserves are estimated at one billion tonnes, Tass said.</p>
<p>The project is valued at $3.8 billion, the agency added.</p>
<p>Tass noted that Russia has long been eager to return to heavy economic cooperation with Iraq.</p>
<p>Another deputy energy minister Viktor Ott told reporters in London last week that Rodionov would head a delegation to Baghdad and said Russian oil executives accompanying the minister were hoping to sign contracts to develop Iraq's massive upstream potential, once United Nations sanctions are lifted.</p>
</text>
<copyright>(c) Reuters Limited 1997</copyright>
<metadata>
<codes class="bip:countries:1.0">
  <code code="IRAQ">
    <editdetail attribution="Reuters BIP Coding Group" action="confirmed" date="1997-03-16"/>
  </code>
  <code code="RUSS">
    <editdetail attribution="Reuters BIP Coding Group" action="confirmed" date="1997-03-16"/>
  </code>
  <code code="UN">
    <editdetail attribution="Reuters BIP Coding Group" action="confirmed" date="1997-03-16"/>
  </code>
</codes>
<codes class="bip:industries:1.0">
  <code code="I13000">
    <editdetail attribution="Reuters BIP Coding Group" action="confirmed" date="1997-03-16"/>
  </code>
  <code code="I1300003">
    <editdetail attribution="Reuters BIP Coding Group" action="confirmed" date="1997-03-16"/>
  </code>
</codes>
<codes class="bip:topics:1.0">
  <code code="C21">
    <editdetail attribution="Reuters BIP Coding Group" action="confirmed" date="1997-03-16"/>
  </code>
  <code code="C24">
    <editdetail attribution="Reuters BIP Coding Group" action="confirmed" date="1997-03-16"/>
  </code>
  <code code="CCAT">
    <editdetail attribution="Reuters BIP Coding Group" action="confirmed" date="1997-03-16"/>
  </code>
  <code code="E51">
    <editdetail attribution="Reuters BIP Coding Group" action="confirmed" date="1997-03-16"/>
  </code>
  <code code="E512">
    <editdetail attribution="Reuters BIP Coding Group" action="confirmed" date="1997-03-16"/>
  </code>
  <code code="ECAT">
    <editdetail attribution="Reuters BIP Coding Group" action="confirmed" date="1997-03-16"/>
  </code>
</codes>
<dc element="dc.date.created" value="1997-03-16"/>
<dc element="dc.publisher" value="Reuters Holdings Plc"/>
<dc element="dc.date.published" value="1997-03-16"/>
<dc element="dc.source" value="Reuters"/>
<dc element="dc.creator.location" value="MOSCOW"/>
<dc element="dc.creator.location.country.name" value="RUSSIA"/>
<dc element="dc.source" value="Reuters"/>
</metadata>
</newsitem>
