<?xml version="1.0" encoding="iso-8859-1" ?>
<newsitem itemid="445544" id="root" date="1997-03-16" xml:lang="en">
<title>COMOROS: Army moves to restore order after Comoros clashes.</title>
<headline>Army moves to restore order after Comoros clashes.</headline>
<dateline>MORONI 1997-03-16</dateline>
<text>
<p>Army troops in the Comoros island of Anjouan detained hundreds of people amid allegations soldiers were torturing detainees in the battle to put down the secessionist rebellion that broke out last week.</p>
<p>Residents on Sunday said that more than 200 people, including a former parliamentarian, were arrested after clashes between stone-throwing villagers and armed troops on Anjouan, the largest of the Comoro Islands.</p>
<p>The Federation of Red Cross and Red Crescent Societies said security forces moved on Sunday to Sima, 25 km (15 miles) west of the Anjouan capital, Mutsamudu.</p>
<p>They said they had received numerous complaints that soldiers were assaulting and torturing people -- some of whom were stripped and forced to crawl as soldiers beat them with guns.</p>
<p>The sound of gunfire continued to echo over the island, where terrified civilians huddled in their homes.</p>
<p>Four people were killed and at least 20 wounded on Anjouan on Saturday in fighting between troops and secessionists in rebellion against the government of the Indian Ocean islands.</p>
<p>Local MP and Islamic fundamentalist leader Ahmed Abdullah Sambi said he was forced back when he tried to visit arrested civilians in the local gendarmerie.</p>
<p>Residents said the soldiers broke into their houses and stole money and property.</p>
<p>Authorities imposed a 5 p.m.(1300 GMT) curfew and banned gatherings of more than two people on Anjouan, while two senior officials including the island's prefect were sacked for their refusal to implement orders from Moroni.</p>
<p>Anjouan island, about 130 km (80 miles) southeast of the main island of Grande Comore, is poorer than Grande Comore with few employment opportunities for its 190,000 population.</p>
<p>Military reinforcements arrived on Anjouan by air from the capital after being blocked at the airport on Thursday night by secessionists.</p>
<p>Anjouan residents started a general strike on Wednesday, setting up roadblocks, burning tyres and rejecting talks with the government.</p>
<p>The Comoro islands, which have had 17 coups and attempted coups since independence from France in 1975, have this year been swept by a series of strikes by civil servants demanding salary arrears.</p>
</text>
<copyright>(c) Reuters Limited 1997</copyright>
<metadata>
<codes class="bip:countries:1.0">
  <code code="COMOR">
    <editdetail attribution="Reuters BIP Coding Group" action="confirmed" date="1997-03-16"/>
  </code>
</codes>
<codes class="bip:topics:1.0">
  <code code="GCAT">
    <editdetail attribution="Reuters BIP Coding Group" action="confirmed" date="1997-03-16"/>
  </code>
  <code code="GVIO">
    <editdetail attribution="Reuters BIP Coding Group" action="confirmed" date="1997-03-16"/>
  </code>
</codes>
<dc element="dc.date.created" value="1997-03-16"/>
<dc element="dc.publisher" value="Reuters Holdings Plc"/>
<dc element="dc.date.published" value="1997-03-16"/>
<dc element="dc.source" value="Reuters"/>
<dc element="dc.creator.location" value="MORONI"/>
<dc element="dc.creator.location.country.name" value="COMOROS"/>
<dc element="dc.source" value="Reuters"/>
</metadata>
</newsitem>
