<?xml version="1.0" encoding="iso-8859-1" ?>
<newsitem itemid="445543" id="root" date="1997-03-16" xml:lang="en">
<title>SOUTH AFRICA: S.African justice minister welcomes Boesak home.</title>
<headline>S.African justice minister welcomes Boesak home.</headline>
<byline>Brendan Boyle</byline>
<dateline>CAPE TOWN 1997-03-16</dateline>
<text>
<p>South African priest Allan Boesak, undaunted by charges he stole anti-apartheid aid funds during his years of political struggle, returned home on Sunday to a hero's welcome with cheering supporters carrying him shoulder high and reaching out to touch him.</p>
<p>Justice Minister Dullah Omar led a crowd of about a thousand in an ecstatic airport welcome for Boesak, who led the struggle against apartheid side-by-side with Anglican Archbishop Desmond Tutu when emergency rule silenced most other opposition during the final decade of white rule.</p>
<p>&quot;I have come back to this country, my country, my home, because I am not afraid to face those who have charged me; because I am, as they know, totally innocent of the charges they have levelled against me.&quot;</p>
<p>Boesak, former leader of the World Alliance of Reformed Churches, left the country two years ago when the Scandinavian DanChurch Aid agency laid charges of fraud and theft involving more than a million rand of funding intended for the poor.</p>
<p>Boesak, who has spent the past two years preaching in the United States, was carried shoulder high to a giant tent while supporters cheered and reached out to touch him.</p>
<p>Omar, who has been strongly criticised for publicly pledging his solidarity with Boesak a week ago, said he was instructed by President Nelson Mandela to welcome him home.</p>
<p>&quot;Comrade President said to me: Dullah, you're going to the airport. So as I speak here to welcome Comrade Allan on your behalf, I do so on behalf of the whole of the African National Congress (ANC).&quot;</p>
<p>Omar, leader of the ruling ANC in the Western Cape province, denied that there was any conflict between his public support for Boesak and his position as minister of justice.</p>
<p>&quot;As minister of justice, I have not interfered in the (judicial) process... I have done my duty as minister. I did not interfere in the investigation,&quot; he said.</p>
<p>He said after hugging Boesak and his wife he could not forget the clergyman's role in the struggle against white rule, which, he said, was not yet over.</p>
<p>&quot;We think and President Mandela thinks...that the elections in 1994 did not do enough. We don't think that completed the democracy in our country.</p>
<p>&quot;While there was political change in 1994, there was no economic change, there was no social change. The conditions of our people remained the same,&quot; he said.</p>
<p>Boesak, known during the struggle both for his commitment to democracy and for his lavish lifestyle, returned to Cape Town with his wife Elna and his five-year-old daughter Sarah Len after four days spent consulting lawyers in Pretoria.</p>
<p>He is scheduled to appear in court on Monday to face 21 charges of theft and fraud in the 1980s. The case is likely to be postponed until April and possibly till August and an ANC spokesman said the trial was expected to last at least eight months.</p>
<p>Supporters chanted &quot;Boesak, Boesak&quot;, danced the toyi-toyi that typified the struggle against white rule and jeered reporters, whom they accused of driving the popular Cape Town activist out of the country more than two years ago.</p>
<p>&quot;This is our man. He was the best leader we ever had in the Western Cape and I will support him to the end - every day while he is in court. Dr Boesak belongs to us,&quot; said Miriam Ibrahim, who arrived with a busload of supporters.</p>
<p>Provincial Health Minister Ebrahim Rasool, who joined the welcoming committee, told Reuters: &quot;I am here because I don't believe that anything can erase 20 years of solid contribution to the struggle.&quot;</p>
<p>An ANC spokesman declined to confirm or deny that Boesak would meet Mandela soon.</p>
</text>
<copyright>(c) Reuters Limited 1997</copyright>
<metadata>
<codes class="bip:countries:1.0">
  <code code="SAFR">
    <editdetail attribution="Reuters BIP Coding Group" action="confirmed" date="1997-03-16"/>
  </code>
</codes>
<codes class="bip:topics:1.0">
  <code code="GCAT">
    <editdetail attribution="Reuters BIP Coding Group" action="confirmed" date="1997-03-16"/>
  </code>
  <code code="GPOL">
    <editdetail attribution="Reuters BIP Coding Group" action="confirmed" date="1997-03-16"/>
  </code>
  <code code="GREL">
    <editdetail attribution="Reuters BIP Coding Group" action="confirmed" date="1997-03-16"/>
  </code>
</codes>
<dc element="dc.date.created" value="1997-03-16"/>
<dc element="dc.publisher" value="Reuters Holdings Plc"/>
<dc element="dc.date.published" value="1997-03-16"/>
<dc element="dc.source" value="Reuters"/>
<dc element="dc.creator.location" value="CAPE TOWN"/>
<dc element="dc.creator.location.country.name" value="SOUTH AFRICA"/>
<dc element="dc.source" value="Reuters"/>
</metadata>
</newsitem>
