<?xml version="1.0" encoding="iso-8859-1" ?>
<newsitem itemid="445529" id="root" date="1997-03-16" xml:lang="en">
<title>ZAIRE: Zaire rebels in control of Kisangani, city calm.</title>
<headline>Zaire rebels in control of Kisangani, city calm.</headline>
<byline>Corinne Dufka</byline>
<dateline>KISANGANI, Zaire 1997-03-16</dateline>
<text>
<p>Zairean rebels, commanded by their leader's 25-year-old son, were in full control of Kisangani on Sunday, a day after residents lined the streets to welcome them as &quot;liberators&quot;.</p>
<p>Zaire's third largest city was calm and there was no gunfire on Sunday evening. Government troops and their foreign mercenary allies fled on Friday and Saturday.</p>
<p>&quot;Hundreds of people lined the streets welcoming the rebels on Saturday as their liberators. It was very festive,&quot; a foreign missionary in Kisangani said.</p>
<p>The man in charge on Sunday was Joseph Kabila, son of rebel leader Laurent Kabila who launched the campaign to oust President Mobutu Sese Seko last October.</p>
<p>&quot;If I say people were excited it's an understatement,&quot; Joseph Kabila told Reuters. He gave his title as &quot;operational commander of the northern sector&quot; for the rebel Alliance of Democratic Forces for the Liberation of Congo-Zaire (ADFL).</p>
<p>Kisangani was the Zairean army's headquarters in the east of the vast central African country. Its capture is the biggest victory yet for rebels now controlling one fifth of Zaire, Africa's third-biggest country.</p>
<p>Residents said government troops fled on Friday night and Saturday after a looting spree. They crossed the Zaire river on a flotilla of small boats, fleeing westwards.</p>
<p>&quot;The rebels came into town at 2 p.m. (1200 GMT) Saturday afternoon. Civilians, mostly younger people, came out to greet them and walked with them for four to five kilometres as they came into town,&quot; said hotel worker Pele Lesondja, 32.</p>
<p>There were only a handful of casualties and there was no real battle for the city, residents said.</p>
<p>Joseph Kabila said the heavy fighting was last Monday and Tuesday more than 20 km (12 miles) outside the city. He said his casualties were only two and 260 government troops had surrendered.</p>
<p>He said the rebels' biggest problem was a carpet of mines laid by the defenders around every road into Kisangani apart from the one they used to retreat.</p>
<p>Kabila said demining was his priority because villagers were being killed by mines when they walked to their farms.</p>
<p>Mobutu has stayed in France for most of the time since being operated on for prostate cancer in August in Switzerland and aides had little to say about the fall of the city.</p>
<p>After news of Kisangani's fall, one of his aides said the 66-year-old Mobutu had no firm date for returning home.</p>
<p>&quot;He is definitely not going back tomorrow. He may leave later in the week but nothing is certain,&quot; the official told Reuters in Paris.</p>
<p>People strolled in Kisangani on Sunday night and there was almost no sign of battle damage.</p>
<p>Residents reported finding six bodies when they emerged on Saturday morning after heavy firing on Friday night. Three were Zairean military and three were civilians.</p>
<p>&quot;My family lost nearly everything during this looting,&quot; said Papi Lembalemba, 20.</p>
<p>But the general feeling was relief that Zaire's notorious army, the FAZ, had finally left.</p>
<p>Joseph Kabila said his forces had crossed to the west bank of the broad Zaire river at Kisangani, chasing retreating government troops.</p>
<p>He said he thought most of the foreign mercenaries were French and ex-Yugoslavs and that they flew out of Kisangani on Friday night.</p>
<p>The rebels, advancing on several fronts, said they were aiming next for the southern mining hub of Lubumbashi. Pweto, 400 km (250 miles) north east of Lubumbashi, fell on Thursday, but the ultimate goal was Kinshasa, Zaire's capital.</p>
<p>As the crow flies Kisangani is 1,200 km (750 miles) northeast of Kinshasa and the whole of the area in between, at least on paper, is still in government hands.</p>
<p>The rebel capital of Goma woke up late on Sunday after all-night parties where residents who feared a counter offensive celebrated Kisangani's fall.</p>
<p>&quot;Only now do we really feel we are safe. We know that the Alliance is winning and we know there is no way the army will return to Goma,&quot; said businessman Moise Katembo.</p>
<p>Kabila told a news conference in Goma on Saturday there could be no ceasefire before negotiations, adding that these should be with Mobutu himself.</p>
</text>
<copyright>(c) Reuters Limited 1997</copyright>
<metadata>
<codes class="bip:countries:1.0">
  <code code="ZAIRE">
    <editdetail attribution="Reuters BIP Coding Group" action="confirmed" date="1997-03-16"/>
  </code>
</codes>
<codes class="bip:topics:1.0">
  <code code="GCAT">
    <editdetail attribution="Reuters BIP Coding Group" action="confirmed" date="1997-03-16"/>
  </code>
  <code code="GVIO">
    <editdetail attribution="Reuters BIP Coding Group" action="confirmed" date="1997-03-16"/>
  </code>
</codes>
<dc element="dc.date.created" value="1997-03-16"/>
<dc element="dc.publisher" value="Reuters Holdings Plc"/>
<dc element="dc.date.published" value="1997-03-16"/>
<dc element="dc.source" value="Reuters"/>
<dc element="dc.creator.location" value="KISANGANI, Zaire"/>
<dc element="dc.creator.location.country.name" value="ZAIRE"/>
<dc element="dc.source" value="Reuters"/>
</metadata>
</newsitem>
