<?xml version="1.0" encoding="iso-8859-1" ?>
<newsitem itemid="445578" id="root" date="1997-03-16" xml:lang="en">
<title>ALBANIA: Albanian police clash with fleeing civilians.</title>
<headline>Albanian police clash with fleeing civilians.</headline>
<byline>Kurt Schork</byline>
<dateline>DURRES, Albania 1997-03-16</dateline>
<text>
<p>Scores of Albanian police clashed with about a thousand civilians trying to flee the country at the southern port of Durres on Sunday, witnesses said.</p>
<p>The police beat some civilians and fired hundreds of Kalashnikov rounds over their heads to drive them back from the gates of the port, which is Albania's largest.</p>
<p>&quot;We are not killing the people because they are our brothers, but we have to guard the port,&quot; explained one beleaguered policeman.</p>
<p>&quot;The people are coming here because they hope to go to Italy but there is no ship for them.&quot;</p>
<p>The Albanian civilians, mostly young men, cursed and threw stones at the police. One of the would-be refugees was carried away unconscious after being clubbed by a policeman. Another man was arrested.</p>
<p>Those incidents occurred after the crowd of civilians ripped down a section of iron fence and surged into the port.</p>
<p>About 40 police then retreated, firing into the air. They quickly mounted a counter-charge and drove the crowd back into the square by the city's train station.</p>
<p>The police were handling the situation with restraint but the possibility that confrontations could quickly escalate out of control clearly worried some security force members.</p>
<p>&quot;We are worried someone in the crowd may get a gun and use it and that would change everything,&quot; a policeman told Reuters.</p>
<p>One policeman was killed in Durres on Saturday after being shot by a man on the street who resisted being searched.</p>
<p>Sunday marked the third straight day of unrest at the port. Albanians desperate to escape several weeks of lawlessness across the country have come to Durres in the hope of securing a berth on a ship.</p>
<p>A Greek frigate docked briefly in Durres on Sturday to pick up Chinese and Iranian diplomats evacuating Albania.</p>
<p>The ship's arrival caused a riot among civilians who broke through police lines and raced on foot two kilometres to the end of the quay where the vessel was moored.</p>
<p>By the time the mob arrived the ship had loaded its diplomatic passengers and was steaming away into the Adriatic.</p>
<p>Civil unrest swept across much of Albania in recent weeks after nine pyramid schemes collapsed, wiping out the life savings of many of the country's families.</p>
<p>A new coalition government has been formed to try to restore civil order through national elections in June.</p>
<p>Southern Albania, where pyramid losses were the greatest, is in the control of local committees -- generally referred to as rebels forces. The government still has a grip on the north.</p>
<p>Durres was chaotic on Thursday but the police managed to reassert their control. Most local residents seem satisfied that government security forces are necessary to preserve order.</p>
</text>
<copyright>(c) Reuters Limited 1997</copyright>
<metadata>
<codes class="bip:countries:1.0">
  <code code="ALB">
    <editdetail attribution="Reuters BIP Coding Group" action="confirmed" date="1997-03-16"/>
  </code>
</codes>
<codes class="bip:topics:1.0">
  <code code="GCAT">
    <editdetail attribution="Reuters BIP Coding Group" action="confirmed" date="1997-03-16"/>
  </code>
  <code code="GVIO">
    <editdetail attribution="Reuters BIP Coding Group" action="confirmed" date="1997-03-16"/>
  </code>
</codes>
<dc element="dc.date.created" value="1997-03-16"/>
<dc element="dc.publisher" value="Reuters Holdings Plc"/>
<dc element="dc.date.published" value="1997-03-16"/>
<dc element="dc.source" value="Reuters"/>
<dc element="dc.creator.location" value="DURRES, Albania"/>
<dc element="dc.creator.location.country.name" value="ALBANIA"/>
<dc element="dc.source" value="Reuters"/>
</metadata>
</newsitem>
