<?xml version="1.0" encoding="iso-8859-1" ?>
<newsitem itemid="445527" id="root" date="1997-03-16" xml:lang="en">
<title>CANADA: Canada separatist party choses new leader.</title>
<headline>Canada separatist party choses new leader.</headline>
<byline>Robert Melnbardis</byline>
<dateline>MONTREAL 1997-03-15</dateline>
<text>
<p>The Bloc Quebecois, a Quebec separatist party that forms the official opposition in Canada's parliament, chose former communist Gilles Duceppe as its new leader on Saturday.</p>
<p>The 49-year-old won the leadership with 53 percent of the ballots mailed in by party members. About 50,000 of the Bloc's 113,000 members voted.</p>
<p>Duceppe's victory over five other candidates, including two women, was announced at the party's three-day convention in Montreal.</p>
<p>Duceppe replaced Michel Gauthier, who stepped aside to give the Bloc a better chance of once again winning the majority of Quebec seats in the next federal election.</p>
<p>In his acceptance speech to the convention, Duceppe called for a &quot;dialogue of equals&quot; between Quebec and the rest of Canada. &quot;The Bloc is essential for Canadians to know what Quebeckers want,&quot; Duceppe said.</p>
<p>Duceppe said the Bloc was ready to battle the federal Liberals headed by Canadian Prime Minister Jean Chretien for electoral supremacy in Quebec. &quot;Friends, the campaign has begun. The Bloc will take stock of the Chretien government,&quot; he said.</p>
<p>Within moments of winning the leadership, Duceppe faced the immediate issue of party unity.</p>
<p>Bloc MP Nic LeBlanc told reporters he could not identify with Duceppe's communist past and would resign and serve as an independent, leaving the party with 50 seats -- the same number as the Western Canada-based Reform Party.</p>
<p>The move could jeopardize the Bloc's standing as official opposition party, although it will keep that status if it remains tied with the Reform Party.</p>
<p>Yves Duhaime, who came second with 34 percent of the vote, publicly rebuffed his new leader, saying he did not think he was the man to lead the party. &quot;He's not my type,&quot; he said.</p>
<p>Duhaime refused to confirm that, as planned, he would be the Bloc candidate in the home electoral district of Prime Minister Chretien in the election, which is expected to be called for June 9.</p>
<p>With the Bloc Quebecois in Canada's parliament and the separatist Parti Quebecois in power in Quebec, the province's drive for independence has been at the forefront of Canadian politics for the past six years.</p>
<p>The Bloc Quebecois was formed in 1990 when Lucien Bouchard, Quebec premier, left the federal Progressive Conservative party in frustration with the lack of movement on reforms that would give the French-speaking province special constitutional status in Canada.</p>
<p>The Bloc worked closely with the Parti Quebecois during the October 1995 referedum on Quebec sovereignty, which separatists lost by one percentage point. Bouchard has said he plans to hold another referendum on sovereignty after the next Quebec provincial election, which could be held in 1998.</p>
<p>After Bouchard left the Bloc to become Quebec premier in January 1996, there was speculation about whether the party would be able retain its official opposition status after the next federal election.</p>
<p>Recent polls show that despite a possible resurgence by the Conservatives under its Quebec-based leader Jean Charest, the Bloc could still win a majority of Quebec seats.</p>
</text>
<copyright>(c) Reuters Limited 1997</copyright>
<metadata>
<codes class="bip:countries:1.0">
  <code code="CANA">
    <editdetail attribution="Reuters BIP Coding Group" action="confirmed" date="1997-03-16"/>
  </code>
</codes>
<codes class="bip:topics:1.0">
  <code code="GCAT">
    <editdetail attribution="Reuters BIP Coding Group" action="confirmed" date="1997-03-16"/>
  </code>
  <code code="GPOL">
    <editdetail attribution="Reuters BIP Coding Group" action="confirmed" date="1997-03-16"/>
  </code>
</codes>
<dc element="dc.date.created" value="1997-03-15"/>
<dc element="dc.publisher" value="Reuters Holdings Plc"/>
<dc element="dc.date.published" value="1997-03-16"/>
<dc element="dc.source" value="Reuters"/>
<dc element="dc.creator.location" value="MONTREAL"/>
<dc element="dc.creator.location.country.name" value="CANADA"/>
<dc element="dc.source" value="Reuters"/>
</metadata>
</newsitem>
