<?xml version="1.0" encoding="iso-8859-1" ?>
<newsitem itemid="445580" id="root" date="1997-03-16" xml:lang="en">
<title>LITHUANIA: Lithuania still hopes to be in NATO's first round.</title>
<headline>Lithuania still hopes to be in NATO's first round.</headline>
<byline>Ed Stoddard</byline>
<dateline>VILNIUS 1997-03-16</dateline>
<text>
<p>The Baltic state of Lithuania, anxious to defend its hard-won independence, still hopes to be in the first round of NATO expansion, according to President Algirdas Brazauskas.</p>
<p>Brazauskas told Reuters in an interview on Saturday that first round membership remains his nation's top priority in foreign policy despite Russian objections.</p>
<p>&quot;We are very firm in pursuing our official line...Lithuania and other NATO aspirants have the right to get into the first round of NATO enlargement,&quot; Brazauskas said.</p>
<p>&quot;We have not dropped this as our major foreign policy goal,&quot; he said.</p>
<p>&quot;Lithuania's position is that all states that seek NATO membership should begin accession talks at the same time,&quot; he added.</p>
<p>Six years after quitting the Soviet Union, Lithuania and its Baltic neighbours Latvia and Estonia view the alliance's protective embrace as their only shield from a potentially hostile Russia.</p>
<p>Their bid for NATO membership will likely be on the agenda of this week's summit meeting between Russian President Boris Yeltsin and his American counterpart Bill Clinton.</p>
<p>Poland, Hungary and the Czech Republic are tipped to be the first countries invited to join the alliance at the Madrid summit in July.</p>
<p>Analysts and diplomats say that the Baltic countries have almost no chance of making the first round because Moscow would view such a move as a direct provocation.</p>
<p>Moscow has strong objections to NATO's enlargement plans and is particulary sensitive about the Baltics, the Soviet Union's western flank during the Cold War and home to large Russian minorities.</p>
<p>Lithuania and its Baltic neighbours are worried that they may be sacrificed on the altar of big power politics.</p>
<p>Bitter memories of Yalta, the 1945 conference in which Churchill, Stalin and Roosevelt drew up the political map of post-War Europe, remain firmly entrenched in the Baltic mind.</p>
<p>Baltic aspirations for independence were quashed at Yalta and the countries' fear that another big power deal in Helsinki could leave them stranded.</p>
<p>&quot;We do not want to be left out of NATO and left in a grey zone or in the sphere of influence of another state,&quot; Brazauskas said.</p>
<p>Despite his background as a former Communist party leader, Brazauskas has built himself a solid pro-reform and pro-NATO reputation.</p>
<p>&quot;NATO enlargement should not be a painful process or a source of conflict,&quot; Brazauskas said.</p>
<p>He added that the alliance must clearly spell out its goals to the Kremlin. &quot;I am convinced that NATO should legitimise its goals and make them clear to Russia,&quot; he said.</p>
</text>
<copyright>(c) Reuters Limited 1997</copyright>
<metadata>
<codes class="bip:countries:1.0">
  <code code="LITH">
    <editdetail attribution="Reuters BIP Coding Group" action="confirmed" date="1997-03-16"/>
  </code>
  <code code="NATO">
    <editdetail attribution="Reuters BIP Coding Group" action="confirmed" date="1997-03-16"/>
  </code>
  <code code="RUSS">
    <editdetail attribution="Reuters BIP Coding Group" action="confirmed" date="1997-03-16"/>
  </code>
</codes>
<codes class="bip:topics:1.0">
  <code code="GCAT">
    <editdetail attribution="Reuters BIP Coding Group" action="confirmed" date="1997-03-16"/>
  </code>
  <code code="GDEF">
    <editdetail attribution="Reuters BIP Coding Group" action="confirmed" date="1997-03-16"/>
  </code>
  <code code="GDIP">
    <editdetail attribution="Reuters BIP Coding Group" action="confirmed" date="1997-03-16"/>
  </code>
</codes>
<dc element="dc.date.created" value="1997-03-16"/>
<dc element="dc.publisher" value="Reuters Holdings Plc"/>
<dc element="dc.date.published" value="1997-03-16"/>
<dc element="dc.source" value="Reuters"/>
<dc element="dc.creator.location" value="VILNIUS"/>
<dc element="dc.creator.location.country.name" value="LITHUANIA"/>
<dc element="dc.source" value="Reuters"/>
</metadata>
</newsitem>
