<?xml version="1.0" encoding="iso-8859-1" ?>
<newsitem itemid="445591" id="root" date="1997-03-16" xml:lang="en">
<title>BRAZIL: Brazil could handle $15 bln trade gap - Cenbank.</title>
<headline>Brazil could handle $15 bln trade gap - Cenbank.</headline>
<dateline>BRASILIA 1997-03-16</dateline>
<text>
<p>Brazil's trade deficit in 1997 is likely to be about $10 billion but could go as high as $15 billion without posing a threat to economic stability, a Central Bank director said.</p>
<p>&quot;I think this year's (trade deficit) will be beneath $10 billion but, if it reaches $15 billion, there's no cause for concern,&quot; the Central Bank's monetary policy director Francisco Lopes told newspaper O Estado de Sao Paulo.  </p>
<p>In an interview published Sunday, Lopes said Brazil's foreign currency reserves, currently around $60 billion, were more important than the trade deficit, which was being financed.</p>
<p>&quot;From the Central Bank's point of view, the key variable...is the position of our foreign currency reserves and the balance of payments situation as a whole,&quot; Lopes told Estado.</p>
<p>&quot;To say that there is an imbalance, that it's getting worse and we're going to explode soon if there's no drastic correction, is clearly an exaggeration,&quot; he said.  </p>
<p>Some analysts have expressed concern that Brazil's burgeoning trade deficit, which in 1996 reached $5.54 billion, will force the government to either brake economic growth or devalue the country's Real currency.</p>
<p>Lopes said Brazil's trade gap was in fact a sign that industry was investing to become more competitive, and added that the upcoming privatization of the telecommunication sector would add signficantly to imports.  </p>
<p>&quot;Is that a worry? The answer is no because the widening (of the trade gap) will have been financed by direct investment. What I want to emphasize is that worries about the trade gap have to be put into context,&quot; he said.</p>
<p>&quot;Of course, in the long term, the country cannot go on getting further into debt. But in the long term, lots of things can happen,&quot; Lopes said.</p>
<p>The Central Bank director recognized that Brazil's dependence on foreign capital to plug its current account deficit left it vulnerable.  </p>
<p>&quot;If there were a serious foreign (confidence) crisis, like in 1982, and we were suddenly cut off from international capital markets, then things would get complicated,&quot; he said. &quot;We know we're running a risk, but it's a calculated risk.&quot;</p>
<p>On the fiscal front, Lopes conceded Brazil had made less progress than expected in 1996 with the nominal public sector deficit falling to six percent of GDP from seven percent in 1995. Another one percent drop in 1997 would be &quot;a victory&quot; and a three percent deficit was only feasible in 1999.</p>
<p>&quot;Fiscal improvement is going to be gradual in Brazil. We can't expect miracles,&quot; he said, citing a freeze on public sector pay in 1996 as a tough but important measure.</p>
<p>The government would only consider a 1997 increase once it had seen the impact of a recent supreme court ruling that gave 11 civil servants a 28.9 percent pay rise and opened the possibility of similar, sector-wide increases, Lopes said.</p>
<p>((-- William Schomberg, Brasilia newsroom 5561 2230358))</p>
</text>
<copyright>(c) Reuters Limited 1997</copyright>
<metadata>
<codes class="bip:countries:1.0">
  <code code="BRAZ">
    <editdetail attribution="Reuters BIP Coding Group" action="confirmed" date="1997-03-16"/>
  </code>
</codes>
<codes class="bip:topics:1.0">
  <code code="E51">
    <editdetail attribution="Reuters BIP Coding Group" action="confirmed" date="1997-03-16"/>
  </code>
  <code code="E512">
    <editdetail attribution="Reuters BIP Coding Group" action="confirmed" date="1997-03-16"/>
  </code>
  <code code="ECAT">
    <editdetail attribution="Reuters BIP Coding Group" action="confirmed" date="1997-03-16"/>
  </code>
</codes>
<dc element="dc.date.created" value="1997-03-16"/>
<dc element="dc.publisher" value="Reuters Holdings Plc"/>
<dc element="dc.date.published" value="1997-03-16"/>
<dc element="dc.source" value="Reuters"/>
<dc element="dc.creator.location" value="BRASILIA"/>
<dc element="dc.creator.location.country.name" value="BRAZIL"/>
<dc element="dc.source" value="Reuters"/>
</metadata>
</newsitem>
