<?xml version="1.0" encoding="iso-8859-1" ?>
<newsitem itemid="445557" id="root" date="1997-03-16" xml:lang="en">
<title>ALBANIA: Violence erupts as Albanians try to flee port.</title>
<headline>Violence erupts as Albanians try to flee port.</headline>
<byline>Giles Elgood</byline>
<dateline>TIRANA 1997-03-16</dateline>
<text>
<p>Fresh violence erupted at the Albanian port of Durres on Sunday as desperate civilians sought to flee, while U.S. Marines deployed on the beach to evacuate foreign diplomats.</p>
<p>In Tirana, 3,000 Albanians chanting &quot;Peace, peace&quot; gathered in the capital's central square as part of government attempts to restore order.</p>
<p>European Union foreign ministers agreed at a meeting in the Netherlands to send military and police advisers but said they would not mount a military operation to end the violence in Albania.</p>
<p>President Sali Berisha, facing mounting criticism since the collapse of shady investment schemes into which thousands of Albanians had poured their savings, defied demands from southern rebels that he should quit.</p>
<p>Celebratory gunfire erupted in the southern rebel stronghold of Gjirokaster on Saturday night when rumours that Berisha had quit circulated. The guns were fired again, this time in anger, when the resignation was officially denied.</p>
<p>Berisha announced that he had pardoned opposition leader Fatos Nano, who was allowed out of jail earlier this week.</p>
<p>Nano, who had been jailed in 1993 on corruption charges the opposition said were politically motivated, has been mentioned as a possible new leader to unite Albania.</p>
<p>In Durres, 30 km (20 miles) west of Tirana, scores of Albanian police clashed with about a thousand civilians trying to flee the country, witnesses said.</p>
<p>The police beat some civilians and fired hundreds of Kalashnikov rounds over their heads to drive them back from the gates of Albania's largest port.</p>
<p>&quot;We are not killing the people, because they are our brothers, but we have to guard the port,&quot; said one policeman.</p>
<p>&quot;The people are coming here because they hope to go to Italy but there is no ship for them.&quot;</p>
<p>U.S. marines and Turkish commandos deployed on the beach near Durres to help with the evacuation of some 250 Turkish diplomats and civilians.</p>
<p>The scenes of violence and confusion at evacuation sites and ports contrasted with the calm in Tirana, where the government declared Sunday a day of mourning for the more than 100 people killed, mostly by stray bullets.</p>
<p>An armoured car manned by gun-toting security men patrolled Skanderbeg Square as the crowd clapped the police, waved flowers from the top of a police van and sang patriotic songs.</p>
<p>Some chanted &quot;Hand in the arms,&quot; a reference to appeals for gunmen who have been rampaging through Albanian towns to give up their weapons.</p>
<p>Albania's flag, a double-headed black eagle on a red background, flew at half mast by a mounted statue of 15th century national hero Gjergj Kastriot Skanderbeg, who fought the Turks.</p>
<p>Prime Minister Bashkim Fino ordered officials at government offices to report for work on Monday. Many have stayed at home since the unrest erupted.</p>
<p>The government has sought to restore order by parading armoured vehicles and tanks through the streets of Tirana, increasing police pay and appealing for calm.</p>
<p>Unrest erupted across southern Albania in January over the collapse of fraudulent pyramid investment schemes. It spread to most of the country in recent weeks.</p>
<p>At least 20 people have died in Tirana during two days of shooting this week.</p>
<p>The EU, divided over Albania, agreed on Sunday to send military and police advisers in a bid to help restore order.</p>
<p>EU foreign ministers meeting in The Netherlands also agreed to consider providing protection for this mission if necessary, but stressed this was not a military operation.</p>
<p>Meanwhile, the exodus of Albanians across the Adriatic Sea to Italy showed no sign of easing off.</p>
<p>Italian coastguards said they had rescued 858 Albanian refugees from a ship that ran aground off the port of Brindisi.</p>
<p>Another 317 Albanians arrived at the larger Italian port of Bari further to the north on three fishing boats.</p>
<p>Pope John Paul urged Albanians to end &quot;destructive violence&quot; and lay down their arms and said the whole of Europe had a duty to help rebuild the country.</p>
</text>
<copyright>(c) Reuters Limited 1997</copyright>
<metadata>
<codes class="bip:countries:1.0">
  <code code="ALB">
    <editdetail attribution="Reuters BIP Coding Group" action="confirmed" date="1997-03-16"/>
  </code>
  <code code="USA">
    <editdetail attribution="Reuters BIP Coding Group" action="confirmed" date="1997-03-16"/>
  </code>
</codes>
<codes class="bip:topics:1.0">
  <code code="GCAT">
    <editdetail attribution="Reuters BIP Coding Group" action="confirmed" date="1997-03-16"/>
  </code>
  <code code="GVIO">
    <editdetail attribution="Reuters BIP Coding Group" action="confirmed" date="1997-03-16"/>
  </code>
</codes>
<dc element="dc.date.created" value="1997-03-16"/>
<dc element="dc.publisher" value="Reuters Holdings Plc"/>
<dc element="dc.date.published" value="1997-03-16"/>
<dc element="dc.source" value="Reuters"/>
<dc element="dc.creator.location" value="TIRANA"/>
<dc element="dc.creator.location.country.name" value="ALBANIA"/>
<dc element="dc.source" value="Reuters"/>
</metadata>
</newsitem>
