<?xml version="1.0" encoding="iso-8859-1" ?>
<newsitem itemid="445517" id="root" date="1997-03-16" xml:lang="en">
<title>AUSTRALIA: RTRS-Rugby union-Manu's tries lift NSW to win over Canterbury.</title>
<headline>RTRS-Rugby union-Manu's tries lift NSW to win over Canterbury.</headline>
<dateline>SYDNEY 1996-03-17</dateline>
<text>
<p>Two late tries by substitute flanker Daniel Manu helped New South Wales to their first win in this year's Super 12 tournament as they beat New Zealand side Canterbury 25-8 on Friday.</p>
<p>The home side struggled in the first half to break down a stubborn Canterbury defence and led by only 9-8 at the break thanks to three Matt Burke penalties.</p>
<p>The Wallaby fullback kicked two more penalties to make it 15-8 and when Manu came on as a 58th-minute replacement for test forward Michael Brial the Australians began to take a grip. But they managed to cross the Canterbury line only five minutes from</p>
</text>
<copyright>(c) Reuters Limited 1997</copyright>
<metadata>
<codes class="bip:countries:1.0">
  <code code="AUSTR">
    <editdetail attribution="Reuters BIP Coding Group" action="confirmed" date="1997-03-16"/>
  </code>
  <code code="NZ">
    <editdetail attribution="Reuters BIP Coding Group" action="confirmed" date="1997-03-16"/>
  </code>
</codes>
<codes class="bip:topics:1.0">
  <code code="GCAT">
    <editdetail attribution="Reuters BIP Coding Group" action="confirmed" date="1997-03-16"/>
  </code>
  <code code="GSPO">
    <editdetail attribution="Reuters BIP Coding Group" action="confirmed" date="1997-03-16"/>
  </code>
</codes>
<dc element="dc.date.created" value="1996-03-17"/>
<dc element="dc.publisher" value="Reuters Holdings Plc"/>
<dc element="dc.date.published" value="1997-03-16"/>
<dc element="dc.source" value="Reuters"/>
<dc element="dc.creator.location" value="SYDNEY"/>
<dc element="dc.creator.location.country.name" value="AUSTRALIA"/>
<dc element="dc.source" value="Reuters"/>
</metadata>
</newsitem>
