<?xml version="1.0" encoding="iso-8859-1" ?>
<newsitem itemid="445588" id="root" date="1997-03-16" xml:lang="en">
<title>PANAMA: International press group says profession not safe.</title>
<headline>International press group says profession not safe.</headline>
<dateline>PANAMA CITY 1997-03-16</dateline>
<text>
<p>The recent killing of an Argentine journalist proved the profession was far from safe, Miami Herald publisher David Lawrence Jr said on Sunday at a press freedom conference in Panama City.</p>
<p>&quot;Our life-long mission is to keep the pressure on so people can practice journalism without fear,&quot; Lawrence said at the annual Inter-American Press Association (IAPA) meeting in Panama City.</p>
<p>Argentine photographer Jose Luis Cabezas was handcuffed, shot in the neck and his body burned on Jan. 25 while investigating police corruption.</p>
<p>&quot;The murder of Jose Luis Cabezas on January 25 is the latest, and most painful, in a series of outrages, which include more than 100 assaults and threats against journalists (in Argentina) with the perpetrators of all of them still going unpunished,&quot; said Lawrence.</p>
<p>Lawrence, who is investigting violence against journalists, gave a country report on working conditions for journalists in 24 nations, including Canada and the United States.</p>
<p>In Colombia, Lawrence said three journalists were murdered in the past six months and in Medellin, bomb blasts badly damaged three newspaper plants. There have been no arrests.</p>
<p>There have been 170 journalists murdered in the hemisphere in the past decade.</p>
<p>The IAPA meets again in Guatemala City from July 30 to Aug. 1 for a conference on unpunished crimes against journalists.</p>
</text>
<copyright>(c) Reuters Limited 1997</copyright>
<metadata>
<codes class="bip:countries:1.0">
  <code code="ARG">
    <editdetail attribution="Reuters BIP Coding Group" action="confirmed" date="1997-03-16"/>
  </code>
  <code code="PANA">
    <editdetail attribution="Reuters BIP Coding Group" action="confirmed" date="1997-03-16"/>
  </code>
  <code code="USA">
    <editdetail attribution="Reuters BIP Coding Group" action="confirmed" date="1997-03-16"/>
  </code>
</codes>
<codes class="bip:topics:1.0">
  <code code="GCAT">
    <editdetail attribution="Reuters BIP Coding Group" action="confirmed" date="1997-03-16"/>
  </code>
  <code code="GPOL">
    <editdetail attribution="Reuters BIP Coding Group" action="confirmed" date="1997-03-16"/>
  </code>
</codes>
<dc element="dc.date.created" value="1997-03-16"/>
<dc element="dc.publisher" value="Reuters Holdings Plc"/>
<dc element="dc.date.published" value="1997-03-16"/>
<dc element="dc.source" value="Reuters"/>
<dc element="dc.creator.location" value="PANAMA CITY"/>
<dc element="dc.creator.location.country.name" value="PANAMA"/>
<dc element="dc.source" value="Reuters"/>
</metadata>
</newsitem>
