<?xml version="1.0" encoding="iso-8859-1" ?>
<newsitem itemid="445510" id="root" date="1997-03-16" xml:lang="en">
<title>UK: Latest UK Opinion Polls/State of Political Parties.</title>
<headline>Latest UK Opinion Polls/State of Political Parties.</headline>
<dateline>LONDON 1997-03-16</dateline>
<text>
<p>The following are details of the main national political opinion polls published by the British media in 1996 and 1997. Figures given are &quot;crude&quot; results not adjusted for past polling problems.</p>
<p> POLLSTERS  SAMPLE   POLLING     CON   LAB  LDEM  OTHERS  LEAD</p>
<p>					    %     %	%     %	%</p>
<p>  NOP	 1,596   MAR 13	 27    52    13     8	25</p>
<p> HARRIS     1,040  FEB7-MAR10    27    52    14     7	25</p>
<p>  GALLUP    1,000  FEB 28-MAR 4  28    54    12.5   5.5    26</p>
<p> GALL 9000  7,627  FEB 10-MAR4   32.8  50.9  10.8   5.7    18.1</p>
<p> HARRIS     1,009  FEB 28-MAR 3  32    53    10     5	21</p>
<p>  ICM	 1,201  FEB 28-MAR 2  27    51    15     7	24</p>
<p> MORI	 1,940  FEB 21-24     31    52    11     6	21</p>
<p> NOP-REUTERS 1,049    FEB 21     30    50    14     6	20</p>
<p>  NOP	 1,576    FEB 13	31    49    13     7	18</p>
<p> GALLUP     1,008  JAN 30-FEB4   34    49    12     5	15</p>
<p> GALL 9000  10,585 JAN 8-FEB 4   33   50.5  11.3   5.1    17.5</p>
<p>  ICM	 1,199  JAN 31-FEB2   32    49    15     4	17</p>
<p>  MORI	1,707  JAN 24-28     30    55    11     4	25</p>
<p>  NOP	 1,591    JAN 16	32    49    13     6	17</p>
<p> GALLUP     978    JAN 11-15    32.5  50.5  10.5   6.5     18</p>
<p> GALL 9000 5,655  NOV 27-DEC17  26.0  56.0  12.5   5.4     30</p>
<p>  ICM	 1,201   JAN 3-5	29    50    17     4	21</p>
<p>  NOP	 1,541    DEC 13	31    50    14     5	19</p>
<p>  MORI	1,872   DEC 6-9	30    51    13     6	21</p>
<p> GALL 9000  7,997  OCT 30-NOV 26 25.8  55.8  12.6  5.8    30.0</p>
<p> GALLUP     1,072  NOV 27-DEC 2  22    59    12     7	37</p>
<p>  ICM	 1,200  NOV 29-DEC 1  27    53    16     4	26</p>
<p>  NOP	 1,547   NOV 14	 30    50    15     5	20</p>
<p>  MORI	1,515   NOV 8-11     33    50    12     5	17</p>
<p>  GALL 9000 7,973   OCT 2-29     25.5  54.7  15.0   4.6    28.9</p>
<p>  GALLUP    1,055 OCT 30-NOV 5   28    55    11     6	27</p>
<p>  ICM	 1,202   NOV 1-2	33    48    15     4	15</p>
<p>  MORI	1,747   OCT 25-28    28    56    12     4	28</p>
<p>  NOP	 1,579   OCT 17	 33    47    14     5	14</p>
<p>  ICM	 1,200   OCT 4-5	27    54    15     4	27</p>
<p>  NOP	 1,543   OCT 3	  29    52    13     6	23</p>
<p>  GALLUP	587   OCT 3-4	24    57    15     4	33</p>
<p>  GALLUP    1,047   SEP 26-OC 1  27.5  52    15    5.5     24.5</p>
<p>  GALL 9000 7,934   SEP 4-OCT1   27.0   54.1 13.9  5.0     27.1</p>
<p>  GALLUP    1,033   SEPT 18-24   27    54    13.5  5.5     27</p>
<p>  MORI	1,800   SEPT 20-23   29    52    14     5	23</p>
<p>  NOP	 1,546   SEPT 19	31    50    14     5	19</p>
<p>  ICM	 1,200   SEP 6-7	28    51    15     5	23</p>
<p>  GALLUP    1,024   AUG24-SEP3   25.5  58.5  11     5	33</p>
<p>  GALL 9000 8,803   JUL31-SEP3   26.9  53.3  13.8   6	26.4</p>
<p>  MORI	1,708   AUG 20-25    30    51    13     6	21</p>
<p>  NOP	 1,592   AUG 15	 30    51    15     4	21</p>
<p>  GALLUP    1,020   JUL31-AUG 5  25    59    11     5	34</p>
<p>  GALL 9000 6,166   JULY 3-31    27.0  54.1  14.0   4.9    27.1</p>
<p>  ICM	 1,200   AUG 2-3	30    50    18     3	20</p>
<p>  MORI	1,928   JULY 23-28   29    53    12     6	24</p>
<p>  NOP	 1,565   JULY 25	31    48    16     5	17</p>
<p>  ICM	 1,200   JULY 5-6     25    50    20     5	25</p>
<p>  GALLUP    1,010   JUNE 27-1    26    54.5  14.5   5	28.5</p>
<p>  GALL 9000 9,924   MAY 29-JUL 2 26.1  54.9  14.5   4.4    28.8</p>
<p>  MORI	1,846   JUNE 21-4    31    52    12     5	21</p>
<p>  NOP	 1,580   JUNE 20	31    50    15     4	19</p>
<p>  GALLUP    1,039   MAY 30-JN3   22.5  57    16     4.5    34.5</p>
<p>  GALL 9000 7,824   MAY 1-28     24.3  54.8  16     5	30.5</p>
<p>  ICM	 1,200   MAY 31-JN2   25    51    18     5	26</p>
<p>  MORI	1,620 T  MAY 23-26   27    54    15     4	27</p>
<p>  NOP	 1,567   MAY 16	 27    52    17     4	25</p>
<p>  GALLUP    1,095   MAY 1-6	24.5  55.5  15.5   4.5    31</p>
<p>  GALL 9000 8,002   APR 3-30     23.8  57.2  14.3   4.6    33.4</p>
<p>  ICM	 1,200   MAY 3-5	26    50    20     5	24</p>
<p>  MORI	1,068   APR 27	 29    54    13     4	25</p>
<p>  NOP	 1,592   APR 25	 29    51    16     4	22</p>
<p>  MORI	1,947   APR 19-22    28    54    14     4	26</p>
<p>  ICM	 1,200   APR 12-13    25    56    16     4	31</p>
<p>  GALLUP    1,119   MAR 27-AP2   26    55.5  15.5   3	29.5</p>
<p>  GALL 9000 10,284  FEB 29-AP2   23.9  57.3  15.1   3.7    33.4</p>
<p>  MORI	1,910   MAR 22-25    28    57    13     2	29</p>
<p>  NOP	 1,500   MAR 14	 29    53    14     --     24</p>
<p>  GALLUP    1,060   FEB 29-MAR 4 23    57.5  16     3.5    34.5</p>
<p>  ICM	 1,200   MAR 2-4	26    51    20     4	25</p>
<p>  MORI	l,877   FEB 23-26    26    57    14     3	31</p>
<p>  NOP	 1,569   FEB 15-16    28    50    17     4	22</p>
<p>  GALLUP    1,020   FEB 1-5	28    54.5  14.5   3	26.5</p>
<p>  ICM	 1,200   FEB 2-4	27    52    17     4	25</p>
<p>  MORI	1,770   JAN 19-22    29    55    13     3	26</p>
<p>  NOP	 1,549   JAN 18	 25    54    18     3	29</p>
<p>  GALLUP    1,135   JAN 3-8	21    60.5  14.5   4	39.5</p>
<p>  ICM	 1,200   JAN 5-6	22    53    20     5	31</p>
<p>Prime Minister John Major must hold a general election by May 22, 1997.</p>
<p>The following are details of the results of polling by two major poll organisations, Gallup and Mori, in the year ahead of the last election.</p>
<p>The figures for Gallup relate to its broad-based &quot;9000&quot; poll, for which interviews are conducted throughout the month.</p>
<p>  MONTH     POLLSTERS   CON     LAB    LDEM  OTHERS CON LEAD</p>
<p>  MAY '91   GALLUP	37.2    38.3    19.4   5.1    -1.1</p>
<p>		MORI	  37	43	16	2     -6</p>
<p>  JUNE	GALLUP	36.5    39.7    18.7   5.0    -3.2</p>
<p>		MORI	  39	41	15	5     -2</p>
<p>  JULY	GALLUP	38.3    39.1    17.6   4.8    -0.8</p>
<p>		MORI	  38	43	15	4     -5</p>
<p>  AUGUST    GALLUP	38.5    38.8    17.1   5.5    -0.3</p>
<p>		MORI	  42	40	14	4     +2</p>
<p>  SEPT	GALLUP	40.5    36.9    17.1   5.5    +3.6</p>
<p>		MORI	  39	39	17	5	Nil</p>
<p>  OCTOBER   GALLUP	41.0    40.4    13.8   4.8    +0.6</p>
<p>		MORI	  39	45	12	4     -6</p>
<p>  NOV	 GALLUP	39.5    38.9    16.6   5.0    +0.6</p>
<p>		MORI	  40	42	15	3     -2</p>
<p>  DEC	 GALLUP	40.6    38.9    15.0   5.6    +1.7</p>
<p>		MORI	  38	44	14	4     -6</p>
<p>  JAN '92   GALLUP	39.0    39.2    16.8   5.0    -0.2</p>
<p>		MORI	  42	39	16	3     +3</p>
<p>  FEB	 GALLUP	38.9    37.6    18.3   5.2    +1.3</p>
<p>		MORI	  39	40	18	3     -1</p>
<p>  MARCH     GALLUP	37.4    37.8    19.7   5.1    -0.4</p>
<p>		MORI	  38	41	17	4     -3</p>
<p>Note -- During the election campaign, between March 11 and April 9, more than 50 national opinion polls were published. The results ranged from a Conservative lead of five percentage points to a Labour lead of seven. Most of the polls showed a narrow Labour lead, but the result on April 9, excluding votes cast in Northern Ireland, was as follows:</p>
<p>    PARTY	     PCTAGE OF VOTE   SEATS</p>
<p>    CONSERVATIVES	42.8	     336</p>
<p>    LABOUR		 35.2	     271</p>
<p>    LIB DEMS	     18.3		20</p>
<p>    OTHERS		  3.7		 7</p>
<p>    NORTHERN IRELAND SEATS		 17</p>
<p>Prime Minister John Major's Conservatives hold three fewer seats seat than the combined opposition -- 321 to 324 -- following the defection of Conservative Sir George Gardiner to the Referendum Party. Gardiner, however, has said he will vote with the Conservatives in the House of Commons.</p>
<p>The following is the latest breakdown of party strengths in the House of Commons, the lower house of Parliament.</p>
<p>There are 651 seats, but four are non-voting (Speaker and three deputies) so the total is.......................... 647</p>
<p>Breakdown</p>
<p>    Conservatives........................................ 321</p>
<p>    Opposition........................................... 324</p>
<p>		 Of which</p>
<p>		  -- Labour.................................. 272</p>
<p>		  -- Liberals................................. 26</p>
<p>		  -- Plaid Cymru............................... 4</p>
<p>		  -- SNP....................................... 4</p>
<p>		  -- Ulster Unionists.......................... 9</p>
<p>		  -- SDLP...................................... 4</p>
<p>		  -- Democratic Unionist Party................. 3</p>
<p>		  -- United Kingdom Unionist. ................. 1</p>
<p>		  -- Referendum Party.......................... 1</p>
<p>    Vacant seats (Meriden, Don Valley)).................... 2</p>
<p>- London Newsroom +44 171 542 7767</p>
</text>
<copyright>(c) Reuters Limited 1997</copyright>
<metadata>
<codes class="bip:countries:1.0">
  <code code="UK">
    <editdetail attribution="Reuters BIP Coding Group" action="confirmed" date="1997-03-16"/>
  </code>
</codes>
<codes class="bip:topics:1.0">
  <code code="GCAT">
    <editdetail attribution="Reuters BIP Coding Group" action="confirmed" date="1997-03-16"/>
  </code>
  <code code="GPOL">
    <editdetail attribution="Reuters BIP Coding Group" action="confirmed" date="1997-03-16"/>
  </code>
  <code code="GVOTE">
    <editdetail attribution="Reuters BIP Coding Group" action="confirmed" date="1997-03-16"/>
  </code>
</codes>
<dc element="dc.date.created" value="1997-03-16"/>
<dc element="dc.publisher" value="Reuters Holdings Plc"/>
<dc element="dc.date.published" value="1997-03-16"/>
<dc element="dc.source" value="Reuters"/>
<dc element="dc.creator.location" value="LONDON"/>
<dc element="dc.creator.location.country.name" value="UK"/>
<dc element="dc.source" value="Reuters"/>
</metadata>
</newsitem>
