<?xml version="1.0" encoding="iso-8859-1" ?>
<newsitem itemid="445569" id="root" date="1997-03-16" xml:lang="en">
<title>RUSSIA: Yeltsin tells still unknown new govt to fix crisis.</title>
<headline>Yeltsin tells still unknown new govt to fix crisis.</headline>
<byline>Alastair Macdonald</byline>
<dateline>MOSCOW 1997-03-16</dateline>
<text>
<p>President Boris Yeltsin is to unveil a new government early this week which will be charged with undertaking further economic reforms and, most pressingly, averting Russia's deepening social crisis.</p>
<p>Labour unions, backed by the communist-led parliament, plan a day of protest on March 27. Millions of workers have not been paid for months. Coalminers have already staged strikes. Some opposition leaders warn Yeltsin could face Albanian-style anarchy and be unable to control unrest due to low morale in the army.</p>
<p>March 27 may have been on Yeltsin's mind on Saturday when, with the cabinet still in limbo, he ordered the goverment to sort out financial problems affecting rations for the troops and pay its debts to the coal industry to spare the miners hardship.</p>
<p>&quot;Take steps urgently,&quot; Yeltsin told the cabinet.</p>
<p>The 66-year-old leader goes to Helsinki on Wednesday for a summit with U.S. President Bill Clinton that will be dominated by talks on lowering Moscow's objections to NATO expansion.</p>
<p>Any weakness on Yeltsin's part could only fuel discontent at home. He told a Finnish newspaper on Sunday that Russia insisted on a binding treaty barring western forces from eastern Europe.</p>
<p>The liberal Nezavisimaya Gazeta noted that Defence Minister Igor Rodionov met commanders on Friday to discuss poor morale among officers. The paper said the ministry even considered that civil unrest could turn the army against Moscow's rulers.</p>
<p>&quot;The possibility of a social explosion among the troops threatens to repeat an 'Albanian scenario' in which the army does not counter unrest and ex-officers lead the mutineers' attacks on the central authorities,&quot; it said.</p>
<p>Defence analysts discount the chances of organised revolt in the army -- it is hardly in a fit state to organise anything. But few rule out the possibility of localised incidents.</p>
<p>General Alexander Lebed, Yeltsin's former security chief, said on Friday that March 27 may be a catalyst that could sweep the president from power and put Lebed himself in the Kremlin.</p>
<p>Major political upheaval appears unlikely, especially as the Helsinki talks should indicate Yeltsin has recovered well enough from heart surgery and pneumonia to see out his term to 2000.</p>
<p>But in a state of the nation address this month, the president acknowledged that &quot;people's patience is running out&quot;.</p>
<p>A VTsIOM poll last week showed 79 percent of Russians disapproved of his policies. Anatoly Chubais, the Kremlin aide Yeltsin has made first deputy prime minister and charged with reviving the economy, had an 85-percent disapproval rating.</p>
<p>Prime Minister Viktor Chernomyrdin, 58, said on Saturday the restructuring of the government was nearly ready. He promised new faces, a weeding out of Soviet-style industrial ministries and a determined approach to push through unpopular decisions.</p>
<p>Chubais, 41, would be in overall charge of the economy.</p>
<p>&quot;We cannot drag out the process of reform,&quot; Chernomyrdin told ORT television. &quot;We cannot drag out people's suffering.&quot;</p>
<p>The Kremlin says Yeltsin will announce the changes on Monday or Tuesday. Chernomyrdin said negotiations on the new team had been hard. Analysts have speculated Chubais may have faced opposition from industrial monopolies, who see Chernomyrdin, a former gas industry chief, as a guarantor of their interests.</p>
<p>Liberal opposition leader Grigory Yavlinsky said at the weekend: &quot;As long as Chernomyrdin heads the government...any fight against the natural monopolies is just show.&quot;</p>
<p>Yeltsin recently denounced the corrupt embrace of government and business, which he said was strangling genuine free markets.</p>
<p>Yet one of his top aides, Georgy Satarov, was quoted saying this weekend that graft had oiled the transition to capitalism.</p>
<p>The Kremlin was also force to moved at the weekend to stem talk of scandal over the appointment of Yeltsin's son-in-law, Valery Okulov, to head state-controlled airline Aeroflot.</p>
<p>Spokesman Sergei Yastrzhembsky was quoted by Ekho Moskvy radio saying Yeltsin did nothing to help his daughter's husband get the job.</p>
</text>
<copyright>(c) Reuters Limited 1997</copyright>
<metadata>
<codes class="bip:countries:1.0">
  <code code="RUSS">
    <editdetail attribution="Reuters BIP Coding Group" action="confirmed" date="1997-03-16"/>
  </code>
</codes>
<codes class="bip:topics:1.0">
  <code code="E12">
    <editdetail attribution="Reuters BIP Coding Group" action="confirmed" date="1997-03-16"/>
  </code>
  <code code="E41">
    <editdetail attribution="Reuters BIP Coding Group" action="confirmed" date="1997-03-16"/>
  </code>
  <code code="ECAT">
    <editdetail attribution="Reuters BIP Coding Group" action="confirmed" date="1997-03-16"/>
  </code>
  <code code="GCAT">
    <editdetail attribution="Reuters BIP Coding Group" action="confirmed" date="1997-03-16"/>
  </code>
  <code code="GJOB">
    <editdetail attribution="Reuters BIP Coding Group" action="confirmed" date="1997-03-16"/>
  </code>
  <code code="GPOL">
    <editdetail attribution="Reuters BIP Coding Group" action="confirmed" date="1997-03-16"/>
  </code>
</codes>
<dc element="dc.date.created" value="1997-03-16"/>
<dc element="dc.publisher" value="Reuters Holdings Plc"/>
<dc element="dc.date.published" value="1997-03-16"/>
<dc element="dc.source" value="Reuters"/>
<dc element="dc.creator.location" value="MOSCOW"/>
<dc element="dc.creator.location.country.name" value="RUSSIA"/>
<dc element="dc.source" value="Reuters"/>
</metadata>
</newsitem>
