<?xml version="1.0" encoding="iso-8859-1" ?>
<newsitem itemid="445519" id="root" date="1997-03-16" xml:lang="en">
<title>AUSTRALIA: RTRS-Cricket-Queensland reach final as Tasmania thwarted.</title>
<headline>RTRS-Cricket-Queensland reach final as Tasmania thwarted.</headline>
<dateline>SYDNEY 1996-03-17</dateline>
<text>
<p>Queensland on Sunday came from third place to secure a spot in the Sheffield Shield final against Western Australia after a desperate run chase which saw New South Wales defeat second-placed Tasmania.</p>
<p>Queensland began the final day of its match against South Australia locked on 22 points in the Shield standings with New South Wales and needed just seven balls to complete a 137-run victory over last-placed South Australia at the Gabba ground.</p>
<p>The Queenslanders then endured an anxious seven-hour wait for the outcome of the match at the Sydney Cricket Ground, which Tasmania had to win to reach their first Shield final.</p>
</text>
<copyright>(c) Reuters Limited 1997</copyright>
<metadata>
<codes class="bip:countries:1.0">
  <code code="AUSTR">
    <editdetail attribution="Reuters BIP Coding Group" action="confirmed" date="1997-03-16"/>
  </code>
</codes>
<codes class="bip:topics:1.0">
  <code code="GCAT">
    <editdetail attribution="Reuters BIP Coding Group" action="confirmed" date="1997-03-16"/>
  </code>
  <code code="GSPO">
    <editdetail attribution="Reuters BIP Coding Group" action="confirmed" date="1997-03-16"/>
  </code>
</codes>
<dc element="dc.date.created" value="1996-03-17"/>
<dc element="dc.publisher" value="Reuters Holdings Plc"/>
<dc element="dc.date.published" value="1997-03-16"/>
<dc element="dc.source" value="Reuters"/>
<dc element="dc.creator.location" value="SYDNEY"/>
<dc element="dc.creator.location.country.name" value="AUSTRALIA"/>
<dc element="dc.source" value="Reuters"/>
</metadata>
</newsitem>
