<?xml version="1.0" encoding="iso-8859-1" ?>
<newsitem itemid="445511" id="root" date="1997-03-16" xml:lang="en">
<title>UK: FEATURE - Author says Tokyo disaster novel based on reality.</title>
<headline>FEATURE - Author says Tokyo disaster novel based on reality.</headline>
<byline>Tony Austin</byline>
<dateline>LONDON 1997-03-16</dateline>
<text>
<p>Japan's worst nightmare comes true. A huge earthquake hits Tokyo in the morning rush hour, killing half a million people as skyscrapers collapse, Tokyo Bay floods and hotels slide into the sea.</p>
<p>Amid searing scenes of death and destruction, the rescue operation is snagged from the start in red tape, while corrupt politicians vie with organised crime and religion to fill the power vacuum.</p>
<p>Alarmist? Fantastic?  American writer Albert Alletzhauser insists his book &quot;Quake,&quot; describing how the long feared &quot;Big One&quot; razes the Japanese capital, is rooted securely in reality.</p>
<p>&quot;The interesting and perhaps disturbing part of this 'novel' is that many of the characters are based on real people, most of the events are a matter of historical record, while the future events are within the realm of probability,&quot; he says in an author's note.</p>
<p>Newspaper reporter Hiroko Fujita is on her way to work when the quake buckles a bridge carrying her commuter train. Alone among the passengers she ignores instructions to wait patiently for help that never comes, and scrambles to safety just before the train and its occupants plunge to their deaths.</p>
<p>Fujita's odyssey in search of her son is transmitted live to the outside world via her mobile phone, a search which introduces the reader to a cast of characters including a corrupt government minister, a crime boss and a dissolute American finance trader.</p>
<p>In &quot;Quake&quot;, Alletzhauser's second book, he uses a fictional framework to tell a graphic story of horror and romance but which draws uncomfortable conclusions about contemporary Japanese life, particularly the alleged lack of earthquake-proof buildings and general disaster preparedness.</p>
<p>&quot;There are nine million buildings in Tokyo. Seven million are made of wood. When, not if, the Big One hits, they'll go up in flames,&quot; Alletzhauser told Reuters.</p>
<p>AUTHORITIES UNPREPARED</p>
<p>In a final chapter he wrote: &quot;Chaos will reign when the Big One hits, with lines of authority crossed in both Tokyo and national government. Every government organization lives in its own little earthquake fantasy world with separate budgets, communications systems, seismograph stations and preparedness plans. There is no central authority.&quot;</p>
<p>Alletzhauser visited Kobe shortly after the January 17, 1995 quake, Japan's worst natural disaster for more than 70 years in which 6,336 people were killed and 34,900 injured. Authorities estimate at 9.9 trillion yen ($80 billion) the financial damage of the quake, which measured 7.2 on the Richter scale.</p>
<p>Now living in South Africa, Alletzhauser said he learned first-hand from the Kobe mayor's office about systematic looting by crime gangs, and grisly details of the kind of injuries which an earthquake produces.</p>
<p>&quot;There was a pattern between the Kobe quake and those in 1906 in San Francisco and 1923 in Tokyo in the large numbers of people who had to have trapped limbs amputated,&quot; he said.</p>
<p>A newer menace was posed by shards from the glass tops of office desks &quot;hurtling horizontally at 200 miles an hour,&quot; he said.</p>
<p>HOPING FOR MOVIE VERSION</p>
<p>Alletzhauser said he would negotiate film rights for &quot;Quake&quot; and categorised it alongside the disaster movies &quot;Twister&quot; and &quot;Independence Day&quot; but with one important difference.</p>
<p>&quot;This was a new type of genre that I was coming up with, it's a docu-drama, a thriller, where the reader can read it but they learn something, they know intense research has gone into it,&quot; Alletzhauser said.</p>
<p>He was anxious to nail what he called one misconception in Western capitals -- that a severe earthquake would wipe out the value of the Tokyo Stock Exchange (TSE).</p>
<p>&quot;This is not the case. The TSE is simply a place where buyers meet sellers. All records are kept by stockbrokers and all stock certificates by clients, stockbrokers, the Japanese Securities Agents, or the Japan Securities Deposit Centre in Kayabacho,&quot; Alletzhauser wrote.</p>
<p>As a financial centre, &quot;Tokyo is totally out of sync with the rest of the world. Tokyo's in the middle of a massive bear market, everybody's depressed, the rest of the world is booming. We cannot say that if Tokyo goes down in the future the rest of the world will go down, but there will be ramifications.&quot;</p>
<p>MARKETS MIGHT FIND SILVER LINING</p>
<p>Like some unscrupulous traders in Quake, &quot;people would sickly, perversely see it as an opportunity to buy a marker which has traditionally been firm,&quot; Alletzhauser said of the likely impact of a Tokyo earthquake on world financial markets.</p>
<p>Tokyo stocks fell one percent after publication of Alletzhauser's &quot;The House of Nomura&quot; -- a non-fiction book about the Japanese securities house. Nomura sued him for libel in London, but later withdrew the lawsuit.</p>
<p>Japan is one of the world's most active seismic hotspots and many Tokyo residents live in fear of the &quot;Big One,&quot; a seemingly overdue killer quake. An earthquake centred offshore, measuring 6.6 on the Richter scale, shook the Tokyo area on September 11, 1996, but caused no noticeable damage.</p>
<p>Politicians are taking no chances.</p>
<p>&quot;It is incumbent on Japan to learn the lessons of the (1995) earthquake and construct a broad-ranging disaster relief policy to put at ease people worried the same thing can happen again,&quot; Prime Minister Ryutaro Hashimoto said on the first anniversary of the disastrous Kobe quake. ($ = 122.3 Japanese Yen)</p>
</text>
<copyright>(c) Reuters Limited 1997</copyright>
<metadata>
<codes class="bip:countries:1.0">
  <code code="JAP">
    <editdetail attribution="Reuters BIP Coding Group" action="confirmed" date="1997-03-16"/>
  </code>
  <code code="UK">
    <editdetail attribution="Reuters BIP Coding Group" action="confirmed" date="1997-03-16"/>
  </code>
</codes>
<codes class="bip:topics:1.0">
  <code code="GCAT">
    <editdetail attribution="Reuters BIP Coding Group" action="confirmed" date="1997-03-16"/>
  </code>
  <code code="GENT">
    <editdetail attribution="Reuters BIP Coding Group" action="confirmed" date="1997-03-16"/>
  </code>
</codes>
<dc element="dc.date.created" value="1997-03-16"/>
<dc element="dc.publisher" value="Reuters Holdings Plc"/>
<dc element="dc.date.published" value="1997-03-16"/>
<dc element="dc.source" value="Reuters"/>
<dc element="dc.creator.location" value="LONDON"/>
<dc element="dc.creator.location.country.name" value="UK"/>
<dc element="dc.source" value="Reuters"/>
</metadata>
</newsitem>
