<?xml version="1.0" encoding="iso-8859-1" ?>
<newsitem itemid="445596" id="root" date="1997-03-16" xml:lang="en">
<title>VENEZUELA: Venezuela reaches crucial social security deal.</title>
<headline>Venezuela reaches crucial social security deal.</headline>
<dateline>CARACAS 1997-03-16</dateline>
<text>
<p>Venezuelan government officials and union and business leaders have reached agreement over crucial social security reforms, a union leader told Reuters.</p>
<p>Carlos Navarro, Secretary General of Confederation of Venezuelan Workers, Venezuela's largest union, said agreement over prestaciones, or social security payments reform, had been reached during the early hours of Saturday.</p>
<p>&quot;We are just revising the final documents ... details will be announced by President Rafael Caldera on Monday,&quot; Navarro said in a brief telephone interview late Saturday.  </p>
<p>Navarro did not outline the agreement reached in the tripartite talks, seen by many as a precondition for shrinking Venezuela's bloated bureaucracy and freeing-up labor markets.</p>
<p>But according to local news reports the deal includes a minimum monthly salary of between 62,000 and 90,000 bolivars ($130 - $190) to be adjusted six monthly in line with the price of a basic food basket. The current minimum salary, including bonuses, stands at around 53,000 bolivars ($110).</p>
<p>Leading daily El Nacional also reported Sunday that it had obtained an advanced leaked copy of the document outlining the reforms.  </p>
<p>The social security severance system will first be brought up to date with workers paid one month's wage for each year worked, plus as bonus that has a 200,000 bolivar ($500) limit, the paper reported. Workers will receive 25 percent of that payment in cash up front, with the remaining gathering interest until it is paid over a maximum of five years.</p>
<p>Thereafter, under the new system, employers will place 45 days of salary into special savings accounts for the first year worked, and 60 days of salary each subsequent year.  </p>
<p>Venezuelan business chamber Fedecamaras, which was closely involved in the discussions, said it was satisfied with the result, El Universal also reported Sunday.</p>
<p>&quot;This is a conquest for a new Venezuela,&quot; the paper reported Fedecamaras president Jorge Serrano as saying. When the new system begins, it will allow Venezuelans to &quot;progressively increase their well-being&quot;.</p>
<p>((-- Caracas newsroom, 582 505 2600))</p>
</text>
<copyright>(c) Reuters Limited 1997</copyright>
<metadata>
<codes class="bip:countries:1.0">
  <code code="VEN">
    <editdetail attribution="Reuters BIP Coding Group" action="confirmed" date="1997-03-16"/>
  </code>
</codes>
<codes class="bip:topics:1.0">
  <code code="E12">
    <editdetail attribution="Reuters BIP Coding Group" action="confirmed" date="1997-03-16"/>
  </code>
  <code code="ECAT">
    <editdetail attribution="Reuters BIP Coding Group" action="confirmed" date="1997-03-16"/>
  </code>
  <code code="GCAT">
    <editdetail attribution="Reuters BIP Coding Group" action="confirmed" date="1997-03-16"/>
  </code>
  <code code="GWELF">
    <editdetail attribution="Reuters BIP Coding Group" action="confirmed" date="1997-03-16"/>
  </code>
</codes>
<dc element="dc.date.created" value="1997-03-16"/>
<dc element="dc.publisher" value="Reuters Holdings Plc"/>
<dc element="dc.date.published" value="1997-03-16"/>
<dc element="dc.source" value="Reuters"/>
<dc element="dc.creator.location" value="CARACAS"/>
<dc element="dc.creator.location.country.name" value="VENEZUELA"/>
<dc element="dc.source" value="Reuters"/>
</metadata>
</newsitem>
