<?xml version="1.0" encoding="iso-8859-1" ?>
<newsitem itemid="445584" id="root" date="1997-03-16" xml:lang="en">
<title>MEXICO: Mexicans vote in key state election in Morelos.</title>
<headline>Mexicans vote in key state election in Morelos.</headline>
<byline>David Monjaraz</byline>
<dateline>CUERNAVACA, Mexico 1997-03-16</dateline>
<text>
<p>Voters in the central state of Morelos trooped to the polls on Sunday to elect mayors and a state legislature in a key test of the strength of President Ernesto Zedillo's party.</p>
<p>The vote was seen as an early referendum on the ruling Institutional Revolutionary Party (PRI) ahead of widespread elections in various states in July.</p>
<p>Despite fears of violence in the state just south of Mexico's capital city, the elections in Morelos took place calmly and without any reported major incidents.</p>
<p>&quot;Everything is quiet and is going well. We have installed 100 percent of the voting boxes,&quot; the president of the state Electoral Institute, Teodoro Lavin Leon, told Reuters.</p>
<p>With 860,000 registered voters, Morelos is one of Mexico's smaller states but its proximity to Mexico City gives it a high political profile.</p>
<p>Voters will elect 33 mayors, including in the capital Cuernavaca, and 30 deputies for the local Congress.</p>
<p>Voters gave Zedillo's PRI a tough time in the polls in 1995 and 1996, punishing it for the country's dire economic crisis and numerous corruption scandals.</p>
<p>PRI officials hope economic recovery and a more vigorous campaigning style will turn the tide against the opposition.</p>
<p>Polls suggested the vote in three of biggest municipalities was likely to be very close.</p>
<p>The PRI state governor, Jorge Carrillo Olea, has recently been in the headlines after the New York Times reported he had links to drugs traffickers. He denied the charges.</p>
<p>Carrillo's government has also suffered from citizen protests against a wave of kidnappings in the state.</p>
<p>Once home to peasant leader Emiliano Zapata, who led a revolt during the 1910-17 Mexican Revolution, Morelos is now better known as the state that press reports said contained two homes of wanted drug lord, Amado Carrillo Fuentes.</p>
</text>
<copyright>(c) Reuters Limited 1997</copyright>
<metadata>
<codes class="bip:countries:1.0">
  <code code="MEX">
    <editdetail attribution="Reuters BIP Coding Group" action="confirmed" date="1997-03-16"/>
  </code>
</codes>
<codes class="bip:topics:1.0">
  <code code="GCAT">
    <editdetail attribution="Reuters BIP Coding Group" action="confirmed" date="1997-03-16"/>
  </code>
  <code code="GPOL">
    <editdetail attribution="Reuters BIP Coding Group" action="confirmed" date="1997-03-16"/>
  </code>
  <code code="GVOTE">
    <editdetail attribution="Reuters BIP Coding Group" action="confirmed" date="1997-03-16"/>
  </code>
</codes>
<dc element="dc.date.created" value="1997-03-16"/>
<dc element="dc.publisher" value="Reuters Holdings Plc"/>
<dc element="dc.date.published" value="1997-03-16"/>
<dc element="dc.source" value="Reuters"/>
<dc element="dc.creator.location" value="CUERNAVACA, Mexico"/>
<dc element="dc.creator.location.country.name" value="MEXICO"/>
<dc element="dc.source" value="Reuters"/>
</metadata>
</newsitem>
