<?xml version="1.0" encoding="iso-8859-1" ?>
<newsitem itemid="445597" id="root" date="1997-03-16" xml:lang="en">
<title>VENEZUELA: Venezuela blows-up its most infamous prison.</title>
<headline>Venezuela blows-up its most infamous prison.</headline>
<dateline>CARACAS 1997-03-16</dateline>
<text>
<p>Venezuela's President Rafael Caldera blew-up on Sunday the country's most infamous prison Catia, reducing to rubble in less than two seconds its 31 year record of horror and squalor.</p>
<p>Thousands of on-lookers cheered as clouds of grayish dust ballooned into the clear blue sky, obliterating the remains of the white bricked-building that had come to symbolise everything wrong with Venezuela's crammed and violent jails.</p>
<p>&quot;This is an important symbolic moment ... we'll convert this space into one of culture, dialogue, peace,&quot; said Justice Minister Enrique Meier before Caldera flicked the red switch on a small radio detonator linked to 110 kilograms (220 lbs) of dynamite.</p>
<p>Commonly referred to as &quot;Hell&quot;, or the &quot;Monster&quot;, the Reten de Catia was built 31 years ago in western Caracas for 750 inmates but in recent months held up to 2,000. It was violent to the end.</p>
<p>In 1996, Pope John Paul II blessed what he thought were inmates waving handkerchiefs and Vatican and Venezuelan flags from their cells. The prison's chaplain later said the &quot;inmates&quot; were in fact police officers, causing a major embarrassment to the government.</p>
<p>&quot;Catia was only 10 minutes from central Caracas, but it might as well have been on Mars,&quot; said leading Venezuelan artist Jacobo Borges whose museum abutts onto the site. The Venezuelan pavilion exhibited in Seville in 1992 to celebrate Columbus' discovery of the Americas will be erected in its place.</p>
<p>Meir acknowledged in his short speech there was still much to do to improve Venezuela's jails, considered the worst in Latin America, and he promised more would be built to ease chronic overcrowding. Catia's 1,800 prisoners were transferred to two new penitentiaries in January.</p>
<p>In a report published on Friday, U.S. based group Human Rights Watch said over three people are killed and 20 wounded each week in Venezuela's jails.</p>
<p>With only one guard per 150 prisoners, mafias rule, inmates openly walk around with home-made guns, knives and machetes, and young prisoners are turned into sex slaves.</p>
<p>One prisoner at La Planta jail in central Caracas, where 25 died last year in a fire started by prison guards, told the report's interviewers prisoners killed for as little as 50 bolivars (10 cents).</p>
<p>Originally built for 15,000 prisoners, Venezuela's 32 jails now hold over 24,000. Of those, only one in four have been sentenced, the report said. The rest wait up to five years for trial at the hands of a judicial system widely considered grossly inefficient and corrupt.</p>
</text>
<copyright>(c) Reuters Limited 1997</copyright>
<metadata>
<codes class="bip:countries:1.0">
  <code code="VEN">
    <editdetail attribution="Reuters BIP Coding Group" action="confirmed" date="1997-03-16"/>
  </code>
</codes>
<codes class="bip:topics:1.0">
  <code code="GCAT">
    <editdetail attribution="Reuters BIP Coding Group" action="confirmed" date="1997-03-16"/>
  </code>
  <code code="GCRIM">
    <editdetail attribution="Reuters BIP Coding Group" action="confirmed" date="1997-03-16"/>
  </code>
</codes>
<dc element="dc.date.created" value="1997-03-16"/>
<dc element="dc.publisher" value="Reuters Holdings Plc"/>
<dc element="dc.date.published" value="1997-03-16"/>
<dc element="dc.source" value="Reuters"/>
<dc element="dc.creator.location" value="CARACAS"/>
<dc element="dc.creator.location.country.name" value="VENEZUELA"/>
<dc element="dc.source" value="Reuters"/>
</metadata>
</newsitem>
