<?xml version="1.0" encoding="iso-8859-1" ?>
<newsitem itemid="445555" id="root" date="1997-03-16" xml:lang="en">
<title>ZAIRE: Zaire rebel leader says plans Kisangani visit.</title>
<headline>Zaire rebel leader says plans Kisangani visit.</headline>
<dateline>GOMA, Zaire 1997-03-16</dateline>
<text>
<p>Zaire rebel leader Laurent Kabila said he plans on Sunday to visit Kisangani, the country's third city captured by rebel forces on Saturday.</p>
<p>&quot;I am planning to visit Kisangani tomorrow (Sunday) myself,&quot; Kabila told a news conference at rebel headquarters in Goma late on Saturday, adding he intended to fly.</p>
<p>Kabila, who said his troops took Kisangani at 1445 (1245 GMT) on Saturday, ruled out a ceasefire before talks with ailing Zaire President Mobutu Sese Seko.</p>
<p>The fall of Kisangani, centre of the government's ineffective counter-offensive, deals a severe blow to Mobutu, who has rarely visited his country since undergoing surgery for prostrate cancer last August.</p>
<p>Zaire rebels have seized around one-fifth of Zaire since the start of their campaign last October.</p>
</text>
<copyright>(c) Reuters Limited 1997</copyright>
<metadata>
<codes class="bip:countries:1.0">
  <code code="ZAIRE">
    <editdetail attribution="Reuters BIP Coding Group" action="confirmed" date="1997-03-16"/>
  </code>
</codes>
<codes class="bip:topics:1.0">
  <code code="GCAT">
    <editdetail attribution="Reuters BIP Coding Group" action="confirmed" date="1997-03-16"/>
  </code>
  <code code="GVIO">
    <editdetail attribution="Reuters BIP Coding Group" action="confirmed" date="1997-03-16"/>
  </code>
</codes>
<dc element="dc.date.created" value="1997-03-16"/>
<dc element="dc.publisher" value="Reuters Holdings Plc"/>
<dc element="dc.date.published" value="1997-03-16"/>
<dc element="dc.source" value="Reuters"/>
<dc element="dc.creator.location" value="GOMA, Zaire"/>
<dc element="dc.creator.location.country.name" value="ZAIRE"/>
<dc element="dc.source" value="Reuters"/>
</metadata>
</newsitem>
