<?xml version="1.0" encoding="iso-8859-1" ?>
<newsitem itemid="445531" id="root" date="1997-03-16" xml:lang="en">
<title>ZAIRE: Zaire's Kisangani calm and in rebel hands.</title>
<headline>Zaire's Kisangani calm and in rebel hands.</headline>
<byline>Corinne Dufka</byline>
<dateline>KISANGANI, Zaire 1997-03-16</dateline>
<text>
<p>The centre of Zaire's third largest city of Kisangani was calm and in rebel hands on Sunday after government troops fled on Saturday.</p>
<p>There was no gunfire on Sunday evening and scores of rebel soldiers patrolled the airport near the city centre.</p>
<p>Rebels celebrated their biggest victory after taking Kisangani and vowed to pursue government troops and foreign mercenaries fleeing westwards.</p>
<p>&quot;We are advancing even beyond Kisangani in all the directions that the enemy has taken in retreat,&quot; rebel information chief Raphael Ghenda told reporters in Goma, capital of the rebel-held east.</p>
<p>The Tutsi-led rebels who began their fight five months ago now control about one-fifth of the vast Central African nation.</p>
<p>Ghenda said forces of the Alliance of Democratic Forces for the Liberation of Congo-Zaire had crossed to the west bank of the broad Zaire river at Kisangani, to which remnants of the defending Zairean force fled after Saturday's battle.</p>
<p>Rebels encountered pockets of resistance on Sunday morning from mainly Serb mercenaries but have now cleared the town, according to a senior aid official.</p>
<p>Residents reported few casualties before or after the rebels marched into town at about 2 p.m. (1200 GMT) on Saturday.</p>
<p>&quot;I didn't see any dead and wounded. It was a peaceful takeover within central Kisangani,&quot; hotel worker Pele Lesondja, 32, told Reuters.</p>
<p>Other residents said one man was killed when fleeing Zairean government troops stole his motorcycle. They said hundreds of the remnants of the government force in Kisangani went on a looting spree on Saturday before crossing the Zaire river, fleeing westwards.</p>
<p>The rebels, advancing on several fronts, said they were aiming next for the southern mining hub of Lubumbashi. But the ultimate goal was Kinshasa, Zaire's capital.</p>
<p>&quot;Lubumbashi is the next big target...but all the towns of the republic are targets including Kinshasa itself,&quot; Ghenda said.</p>
<p>Lubumbashi, Zaire's second largest city, is the capital of Shaba region and has long been a centre for opposition to Mobutu, who has ruled since seizing power in 1965.</p>
<p>Goma woke up late on Sunday after all-night parties where residents who feared a counter offensive celebrated Kisangani's fall.</p>
<p>&quot;Only now do we really feel we are safe. We know that the Alliance is winning and we know there is no way the army will return to Goma,&quot; said businessman Moise Katembo.</p>
<p>The fall of Kisangani is the biggest blow so far to Mobutu, who for years ruled the nation at the heart of Africa with an iron grip.</p>
<p>Mobutu has stayed in France for most of the time since being operated on for prostate cancer in August in Switzerland and aides had little to say about the fall of the city.</p>
<p>&quot;Don't you know that it's Sunday,&quot; said an aide who answered the telephone at Mobutu's luxurious villa at Roquebrune-Cap Martin on the French Riviera. &quot;We don't work on Sundays&quot;.</p>
<p>Rebel leader Laurent Kabila told a news conference in Goma on Saturday there could be no ceasefire before negotiations, adding that these should be with Mobutu himself.</p>
<p>&quot;We are still advancing, we must liberate the whole country,&quot; he said, adding that talks with Mobutu &quot;may constitute some kind of pause&quot;.</p>
<p>International mediation to get a ceasefire have failed because the rebels are on the offensive and the Mobutu regime has refused to throw in the towel.</p>
<p>The next talks on the Zaire crisis are due to be held in Kenya on March 19 but Kabila is not invited to the African mini-summit. Host President Daniel arap Moi appealed for Mobutu to attend, Kenyan newspapers reported on Sunday.</p>
<p>The copper and cobalt produced in Shaba, like the diamonds of neighbouring Kasai, are vital to what remains of the government's control of the economy.</p>
<p>Ghenda confirmed reports on rebel radio that the lakeside town of Pweto, 400 km (250 miles) northeast of Lubumbashi, had fallen to the rebel Alliance of Democratic Forces for the Liberation of Congo-Zaire (ADFL). &quot;Pweto fell two days ago and the forces have gone even further, beyond Pweto,&quot; he said.</p>
<p>The rebels took up arms accusing the Zairean authorities of denying them citizenship and preparing to expel them to Rwanda, their ancestral home.</p>
</text>
<copyright>(c) Reuters Limited 1997</copyright>
<metadata>
<codes class="bip:countries:1.0">
  <code code="ZAIRE">
    <editdetail attribution="Reuters BIP Coding Group" action="confirmed" date="1997-03-16"/>
  </code>
</codes>
<codes class="bip:topics:1.0">
  <code code="GCAT">
    <editdetail attribution="Reuters BIP Coding Group" action="confirmed" date="1997-03-16"/>
  </code>
  <code code="GVIO">
    <editdetail attribution="Reuters BIP Coding Group" action="confirmed" date="1997-03-16"/>
  </code>
</codes>
<dc element="dc.date.created" value="1997-03-16"/>
<dc element="dc.publisher" value="Reuters Holdings Plc"/>
<dc element="dc.date.published" value="1997-03-16"/>
<dc element="dc.source" value="Reuters"/>
<dc element="dc.creator.location" value="KISANGANI, Zaire"/>
<dc element="dc.creator.location.country.name" value="ZAIRE"/>
<dc element="dc.source" value="Reuters"/>
</metadata>
</newsitem>
