<?xml version="1.0" encoding="iso-8859-1" ?>
<newsitem itemid="445518" id="root" date="1997-03-16" xml:lang="en">
<title>SOUTH AFRICA: RTRS-Rugby union-Queensland lose third game in a row.</title>
<headline>RTRS-Rugby union-Queensland lose third game in a row.</headline>
<byline>Andy Capostagno</byline>
<dateline>BLOEMFONTEIN, South Africa 1996-03-17</dateline>
<text>
<p>The Queensland Reds lost their third consecutive Super 12 match of the season in another disappointing display at Free State Stadium on Saturday.</p>
<p>The Super 10 champions of 1994 and 1995 went down 35-24 to Free State and were made to pay for getting on the wrong side of referee Carl Spannenberg.</p>
</text>
<copyright>(c) Reuters Limited 1997</copyright>
<metadata>
<codes class="bip:countries:1.0">
  <code code="SAFR">
    <editdetail attribution="Reuters BIP Coding Group" action="confirmed" date="1997-03-16"/>
  </code>
</codes>
<codes class="bip:topics:1.0">
  <code code="GCAT">
    <editdetail attribution="Reuters BIP Coding Group" action="confirmed" date="1997-03-16"/>
  </code>
  <code code="GSPO">
    <editdetail attribution="Reuters BIP Coding Group" action="confirmed" date="1997-03-16"/>
  </code>
</codes>
<dc element="dc.date.created" value="1996-03-17"/>
<dc element="dc.publisher" value="Reuters Holdings Plc"/>
<dc element="dc.date.published" value="1997-03-16"/>
<dc element="dc.source" value="Reuters"/>
<dc element="dc.creator.location" value="BLOEMFONTEIN, South Africa"/>
<dc element="dc.creator.location.country.name" value="SOUTH AFRICA"/>
<dc element="dc.source" value="Reuters"/>
</metadata>
</newsitem>
