<?xml version="1.0" encoding="iso-8859-1" ?>
<newsitem itemid="445507" id="root" date="1997-03-16" xml:lang="en">
<title>UK: Pearson loss could top 200 million stg - paper.</title>
<headline>Pearson loss could top 200 million stg - paper.</headline>
<dateline>LONDON 1997-03-16</dateline>
<text>
<p>Losses by British media and leisure group Pearson Plc at a U.S. subsidiary may top 200 million stg, the Sunday Times newspaper said.</p>
<p>Pearson, due to report its 1996 results on Monday, said on February 13 that an accounting problem at its Penguin USA unit may lead to a charge against 1996 profits of as much as 100 million stg.</p>
<p>The Sunday Times said a pending legal action by the American Booksellers Association (ABA) could double that to 200 million stg.</p>
<p>Lawyers representing the ABA claim that by offering selective discounts to early payers, Pearson broke the terms of a 1996 legal order ending a dispute between ABA booksellers and Penguin USA, the Sunday Times said.</p>
<p>The Independent on Sunday newspaper said Pearson's new chief executive Marjorie Scardino had ruled out the sale of its television business.</p>
<p>The Independent on Sunday said Scardino viewed the television operations as central to Pearson's future.</p>
<p>Scardino, who moved to the top job at Pearson in January from its 50 percent-owned Economist magazine, has said the group's performance is not good enough.</p>
<p>Share analysts looking to Pearson's results for guidance on possible disposals believe the figures will provide a platform for Scardino to outline her vision for a group which has long been accused of lacking focus.</p>
<p>Analysts expected Pearson's investment banking interests or tourist attractions in its Tussauds Group could be sacrificed as part of the new management's drive for focus.</p>
<p>Pearson's assets include the Financial Times newspaper, television production businesses, a 50 percent share in merchant bank Lazard Brothers and Madame Tussaud's waxworks.</p>
<p>-- London Newsroom +44 171 542 8863</p>
</text>
<copyright>(c) Reuters Limited 1997</copyright>
<metadata>
<codes class="bip:countries:1.0">
  <code code="UK">
    <editdetail attribution="Reuters BIP Coding Group" action="confirmed" date="1997-03-16"/>
  </code>
  <code code="USA">
    <editdetail attribution="Reuters BIP Coding Group" action="confirmed" date="1997-03-16"/>
  </code>
</codes>
<codes class="bip:industries:1.0">
  <code code="I83960">
    <editdetail attribution="Reuters BIP Coding Group" action="confirmed" date="1997-03-16"/>
  </code>
</codes>
<codes class="bip:topics:1.0">
  <code code="C15">
    <editdetail attribution="Reuters BIP Coding Group" action="confirmed" date="1997-03-16"/>
  </code>
  <code code="C152">
    <editdetail attribution="Reuters BIP Coding Group" action="confirmed" date="1997-03-16"/>
  </code>
  <code code="CCAT">
    <editdetail attribution="Reuters BIP Coding Group" action="confirmed" date="1997-03-16"/>
  </code>
</codes>
<dc element="dc.date.created" value="1997-03-16"/>
<dc element="dc.publisher" value="Reuters Holdings Plc"/>
<dc element="dc.date.published" value="1997-03-16"/>
<dc element="dc.source" value="Reuters"/>
<dc element="dc.creator.location" value="LONDON"/>
<dc element="dc.creator.location.country.name" value="UK"/>
<dc element="dc.source" value="Reuters"/>
</metadata>
</newsitem>
