<?xml version="1.0" encoding="iso-8859-1" ?>
<newsitem itemid="445533" id="root" date="1997-03-16" xml:lang="en">
<title>ZAIRE: Zaire rebels target key southern mining capital.</title>
<headline>Zaire rebels target key southern mining capital.</headline>
<byline>Matthew Tostevin</byline>
<dateline>GOMA, Zaire 1997-03-16</dateline>
<text>
<p>Rebels, flush from their biggest victory yet in Zaire's third city Kisangani, said on Sunday they were aiming next for the southern mining hub of Lubumbashi but added that targets included the capital Kinshasa.</p>
<p>The rebels, who took up arms in October vowing to topple veteran and ailing President Mobutu Sese Seko, swept into Kisangani on Saturday after soldiers looted what they could and fled.</p>
<p>&quot;Lubumbashi is the next big target...but all the towns of the republic are targets including Kinshasa itself,&quot; rebel information chief Raphael Ghenda told journalists in the eastern border town of Goma.</p>
<p>Lubumbashi, Zaire's second largest city, is the capital of Shaba region and has long been a centre for opposition to Mobutu, who has ruled since seizing power in 1965.</p>
<p>Rebel leader Laurent Kabila told a news conference in Goma on Saturday that there could be no ceasefire before negotiations, adding that these should be with Mobutu himself.</p>
<p>&quot;We are still advancing, we must liberate the whole country,&quot; he said, adding that talks with Mobutu &quot;may constitute some kind of pause&quot;.</p>
<p>Ghenda said Kabila was expected to visit Kisangani, the former nerve centre of army operations in the war zone and base for a failed January 20 government counter-offensive, on Sunday.</p>
<p>The Tutsi-led rebels now control about one fifth of the sprawling Central African nation.</p>
<p>Mobutu, 66, has rarely visited his country since undergoing prostate cancer surgery in Europe in August. He is currently in the south of France.</p>
<p>The copper and cobalt produced in Shaba, like the diamonds of neighbouring Kasai, are vital to government control of the national economy.</p>
<p>Ghenda confirmed reports on rebel radio that the lakeside town of Pweto, 400 km (250 miles) northeast of Lubumbashi, had fallen to the rebel Alliance of Democratic Forces for the Liberation of Congo-Zaire (ADFL). &quot;Pweto fell two days ago and the forces have gone even further, beyond Pweto,&quot; he said.</p>
<p>Regional military sources said rebels took Pweto with little fighting as undisciplined government forces, demoralised by reports of rebel advances and anger from local residents, put up little resistance.</p>
<p>The rebels took up arms accusing the Zairean authorities of denying them citizenship and preparing to expel them to Rwanda, their ancestral home.</p>
<p>They seized Uvira in South Kivu last October, moved north to take Goma in November and Bunia in December before fanning west to attack Kisangani from several directions.</p>
<p>At the same time the advance headed south into Shaba, seizing control of a string of towns including Kalemie and Moba.</p>
<p>The rebel advance has uprooted hundreds of thousands of Rwandan Hutus who fled to Zaire fearing reprisals after the 1994 genocide in Rwanda by Hutu radicals of minority Tutsis and moderate Hutus.</p>
<p>Up to 700,000 opted to return to Rwanda in December when their camps near the border in the east came under rebel attack. Armed Hutu radicals and several hundred thousand Hutu refugees fled west and are trapped in the war zone.</p>
<p>The Zaire government has accepted a U.N. ceasefire plan. Kabila had talks on Saturday with U.N. envoy Mohamed Sahnoun.</p>
</text>
<copyright>(c) Reuters Limited 1997</copyright>
<metadata>
<codes class="bip:countries:1.0">
  <code code="ZAIRE">
    <editdetail attribution="Reuters BIP Coding Group" action="confirmed" date="1997-03-16"/>
  </code>
</codes>
<codes class="bip:topics:1.0">
  <code code="GCAT">
    <editdetail attribution="Reuters BIP Coding Group" action="confirmed" date="1997-03-16"/>
  </code>
  <code code="GVIO">
    <editdetail attribution="Reuters BIP Coding Group" action="confirmed" date="1997-03-16"/>
  </code>
</codes>
<dc element="dc.date.created" value="1997-03-16"/>
<dc element="dc.publisher" value="Reuters Holdings Plc"/>
<dc element="dc.date.published" value="1997-03-16"/>
<dc element="dc.source" value="Reuters"/>
<dc element="dc.creator.location" value="GOMA, Zaire"/>
<dc element="dc.creator.location.country.name" value="ZAIRE"/>
<dc element="dc.source" value="Reuters"/>
</metadata>
</newsitem>
