<?xml version="1.0" encoding="iso-8859-1" ?>
<newsitem itemid="445554" id="root" date="1997-03-16" xml:lang="en">
<title>UGANDA: Ugandan rebel leader reported killed in border fighting.</title>
<headline>Ugandan rebel leader reported killed in border fighting.</headline>
<dateline>KAMPALA 1997-03-16</dateline>
<text>
<p>Ugandan rebel leader Colonel Juma Oris was killed in a weekend clash between his West Nile Bank Front (WNBF) and the Uganda army, military sources said in Kampala on Sunday.</p>
<p>The sources said Oris was among several WNBF rebels killed in a battle near the Uganda-Sudan border on Saturday.</p>
<p>The Uganda army recently stepped up operations against the rebels, who had been driven from their former bases in neighbouring Zaire by rebels who now control areas along the Uganda border.</p>
<p>The WNBF had also been hit by recent successes of the Sudan People's Liberation Army in neighbouring areas of Sudan, depriving them of hideouts there.</p>
<p>Juma Oris underwent military training in Pakistan while in the Uganda Army in the 1960's. He was a close associate of Idi Amin, the military dictator who ruled Uganda from 1971 to 1979, serving in succession as Amin's minister of lands, minister of information and minister of foreign affairs.</p>
<p>When Amin was overthrown in 1979, Juma Oris fled to Sudan. He formed the WNBF in 1993 to overthrow Ugandan President Yoweri Museveni, operating in his home area of northwestern Uganda. He was reputed to have the support of Amin, who now lives in Saudi Arabia.</p>
</text>
<copyright>(c) Reuters Limited 1997</copyright>
<metadata>
<codes class="bip:countries:1.0">
  <code code="SUDAN">
    <editdetail attribution="Reuters BIP Coding Group" action="confirmed" date="1997-03-16"/>
  </code>
  <code code="UGANDA">
    <editdetail attribution="Reuters BIP Coding Group" action="confirmed" date="1997-03-16"/>
  </code>
</codes>
<codes class="bip:topics:1.0">
  <code code="GCAT">
    <editdetail attribution="Reuters BIP Coding Group" action="confirmed" date="1997-03-16"/>
  </code>
  <code code="GVIO">
    <editdetail attribution="Reuters BIP Coding Group" action="confirmed" date="1997-03-16"/>
  </code>
</codes>
<dc element="dc.date.created" value="1997-03-16"/>
<dc element="dc.publisher" value="Reuters Holdings Plc"/>
<dc element="dc.date.published" value="1997-03-16"/>
<dc element="dc.source" value="Reuters"/>
<dc element="dc.creator.location" value="KAMPALA"/>
<dc element="dc.creator.location.country.name" value="UGANDA"/>
<dc element="dc.source" value="Reuters"/>
</metadata>
</newsitem>
