<?xml version="1.0" encoding="iso-8859-1" ?>
<newsitem itemid="445586" id="root" date="1997-03-16" xml:lang="en">
<title>PARAGUAY: Chirac details plans for Euro-Latin summit.</title>
<headline>Chirac details plans for Euro-Latin summit.</headline>
<byline>Francois Raitberger</byline>
<dateline>ASUNCION 1997-03-16</dateline>
<text>
<p>The European Union and Latin America will lay the groundwork at a proposed summit next year for a three-pronged political, economic and education partnership, French President Jacques Chirac said on Sunday.</p>
<p>Chirac, on the penultimate stage of a tour of five Latin American countries, detailed proposals he made earlier this week in Brasilia for the first ever summit of leaders of the EU and all of Latin America.</p>
<p>He said the two regions should develop a political, as well as economic partnership in order to reflect the world's political globalisation.</p>
<p>&quot;Globalisation is also political... Political partnership is necessary. There are no longer any more or less important nations, that is the past,&quot; he said in a speech in the capital of Paraguay, an impoverished country of five million people.</p>
<p>Chirac said education was the third major issue to be discussed at the summit &quot;in order to help young people get a spot in a society that is increasingly technical&quot;.</p>
<p>&quot;Those who do not have the knowledge will be marginalised,&quot; he said. Chirac has launched a campaign at home to improve education in order to curb record unemployment affecting more acutely people under 25.</p>
<p>At a news conference later, Chirac dismissed doubts that his call for a summit was a personal initiative without EU approval. He said he had discussed it with German and Spanish leaders as well as with the Netherlands which holds the EU's rotating presidency, and had informed the European Commission.</p>
<p>He repeated that a partnership with Europe was not aimed at challenging U.S. influence in Latin America, saying it would add to rather than harm plans for integration of North and South America in a free trade area by 2005.</p>
<p>Chirac heaped praise on Mercosur, the customs union grouping Brazil, Argentina, Uruguay and Paraguay, saying it had emerged in six years since its foundation as the world's fourth economic power. &quot;It will be the third largest power tomorrow,&quot; he said.</p>
<p>His trip has centred on reviving France's economic exchanges with Latin America, and he said he planned to visit all the region's countries before his term ends in 2002. He was due to leave later in the day for Argentina.</p>
<p>Keen to boost French investment in Paraguay, which is located at the geographic centre of Mercosur's major road and waterway infrastructure projects, he awarded the country a stamp of good behaviour despite reports that the end of Gen. Alfredo Stroessner's 36-year dictatorship eight years ago and the return to democracy had failed to eradicate widespread corruption.</p>
<p>He said such reports provided excuses for businessmen who argued that &quot;the water is too cold to swim&quot; because they had cold feet about investing.</p>
<p>&quot;Let me tell you the mafia is all over the world...even among Vatican staff,&quot; he said.</p>
<p>&quot;I wish all countries France trades with had as little mafia as Paraguay,&quot; he said. &quot;Paraguay has an excellent image in Europe.&quot;</p>
<p>&quot;There is mafia and smuggling all over the world.</p>
<p>The head of Paraguay's state auditing body, Daniel Fretes Ventre, said in an interview with Reuters last month he suspected President Juan Carlos Wasmosy of covering up corruption in government.</p>
</text>
<copyright>(c) Reuters Limited 1997</copyright>
<metadata>
<codes class="bip:countries:1.0">
  <code code="BRAZ">
    <editdetail attribution="Reuters BIP Coding Group" action="confirmed" date="1997-03-16"/>
  </code>
  <code code="EEC">
    <editdetail attribution="Reuters BIP Coding Group" action="confirmed" date="1997-03-16"/>
  </code>
  <code code="LAM">
    <editdetail attribution="Reuters BIP Coding Group" action="confirmed" date="1997-03-16"/>
  </code>
  <code code="PARA">
    <editdetail attribution="Reuters BIP Coding Group" action="confirmed" date="1997-03-16"/>
  </code>
</codes>
<codes class="bip:topics:1.0">
  <code code="E51">
    <editdetail attribution="Reuters BIP Coding Group" action="confirmed" date="1997-03-16"/>
  </code>
  <code code="E512">
    <editdetail attribution="Reuters BIP Coding Group" action="confirmed" date="1997-03-16"/>
  </code>
  <code code="ECAT">
    <editdetail attribution="Reuters BIP Coding Group" action="confirmed" date="1997-03-16"/>
  </code>
  <code code="G15">
    <editdetail attribution="Reuters BIP Coding Group" action="confirmed" date="1997-03-16"/>
  </code>
  <code code="G158">
    <editdetail attribution="Reuters BIP Coding Group" action="confirmed" date="1997-03-16"/>
  </code>
  <code code="GCAT">
    <editdetail attribution="Reuters BIP Coding Group" action="confirmed" date="1997-03-16"/>
  </code>
  <code code="GDIP">
    <editdetail attribution="Reuters BIP Coding Group" action="confirmed" date="1997-03-16"/>
  </code>
</codes>
<dc element="dc.date.created" value="1997-03-16"/>
<dc element="dc.publisher" value="Reuters Holdings Plc"/>
<dc element="dc.date.published" value="1997-03-16"/>
<dc element="dc.source" value="Reuters"/>
<dc element="dc.creator.location" value="ASUNCION"/>
<dc element="dc.creator.location.country.name" value="PARAGUAY"/>
<dc element="dc.source" value="Reuters"/>
</metadata>
</newsitem>
