<?xml version="1.0" encoding="iso-8859-1" ?>
<newsitem itemid="445535" id="root" date="1997-03-16" xml:lang="en">
<title>ZAIRE: Rebels aim to capture Zaire's second city next.</title>
<headline>Rebels aim to capture Zaire's second city next.</headline>
<dateline>GOMA, Zaire 1997-03-16</dateline>
<text>
<p>Zairean rebels said on Sunday that Lubumbashi, the country's second largest city and the site of copper and cobalt mines, was the next target of their advance.</p>
<p>&quot;Lubumbashi is the next big target...but all the towns of the republic are targets including Kinshasa itself,&quot; rebel information commissar Raphael Ghenda told journalists in the eastern border town of Goma.</p>
<p>Lubumbashi, close to the Zambian border, is the capital of Shaba region and has long been a centre for opposition to Zaire President Mobutu Sese Seko.</p>
<p>Ghenda confirmed reports on rebel radio that the lakeside town of Pweto, 400 km (250 miles) northeast of Lubumbashi, had fallen to troops of the Alliance of Democratic Forces for the Liberation of Congo-Zaire (ADFL).</p>
<p>&quot;Pweto fell two days ago and the forces have gone even further, beyond Pweto,&quot; he said.</p>
<p>Regional military sources said rebels took Pweto with little fighting because government troops were afraid of their advance and popular anger directed against them by residents.</p>
<p>The Alliance led by Laurent Kabila scored its biggest victory to date on Saturday in the war to topple ailing Mobutu by taking the eastern city of Kisangani, the base for a failed government counter offensive. Ghenda said Kabila was expected to visit Kisangani on Sunday.</p>
<p>The rebels, whose campaign started in South Kivu's Uvira last October, moved north to take Goma in November and Bunia in December before fanning west to attack Kisangani from several directions.</p>
<p>At the same time the advance headed south towards mineral-rich Shaba region seizing control of a string of towns including Kalemie and Moba.</p>
</text>
<copyright>(c) Reuters Limited 1997</copyright>
<metadata>
<codes class="bip:countries:1.0">
  <code code="ZAIRE">
    <editdetail attribution="Reuters BIP Coding Group" action="confirmed" date="1997-03-16"/>
  </code>
</codes>
<codes class="bip:topics:1.0">
  <code code="GCAT">
    <editdetail attribution="Reuters BIP Coding Group" action="confirmed" date="1997-03-16"/>
  </code>
  <code code="GVIO">
    <editdetail attribution="Reuters BIP Coding Group" action="confirmed" date="1997-03-16"/>
  </code>
</codes>
<dc element="dc.date.created" value="1997-03-16"/>
<dc element="dc.publisher" value="Reuters Holdings Plc"/>
<dc element="dc.date.published" value="1997-03-16"/>
<dc element="dc.source" value="Reuters"/>
<dc element="dc.creator.location" value="GOMA, Zaire"/>
<dc element="dc.creator.location.country.name" value="ZAIRE"/>
<dc element="dc.source" value="Reuters"/>
</metadata>
</newsitem>
