<?xml version="1.0" encoding="iso-8859-1" ?>
<newsitem itemid="445539" id="root" date="1997-03-16" xml:lang="en">
<title>ZAIRE: Rebel leader's son is new master of Kisangani.</title>
<headline>Rebel leader's son is new master of Kisangani.</headline>
<byline>Corinne Dufka</byline>
<dateline>KISANGANI, Zaire 1997-03-16</dateline>
<text>
<p>The 25-year-old son of Zairean rebel leader Laurent Kabila is in command in Kisangani, the key city captured by the rebels over the weekend.</p>
<p>In an interview with Reuters on Sunday, 25-year-old Joseph Kabila gave his title as &quot;operational commander of the northern sector&quot; for the rebel Alliance of Democratic Forces for the Liberation of Congo-Zaire (ADFL).</p>
<p>&quot;If I say people were excited it's an understatement,&quot; Kabila said of the warm welcome the rebels received when they entered Kisangani on Saturday after government troops fled.</p>
<p>Wearing a well-pressed uniform, Kabila looked like a soldier. Stocky like his father, a veteran opponent of Zaire's President Mobutu Sese Seko, Kabila spoke excellent English and chose his words with care.</p>
<p>Asked if he took orders from his father, based at the rebel capital in Goma, Joseph replied: &quot;I take orders from the high command.&quot;</p>
<p>He said the rebels' biggest problem was a carpet of mines laid by government troops and their mercenary allies around every road into Kisangani apart from the one they used to retreat.</p>
<p>Kabila said demining was his priority because villagers were being killed by mines when they walked to their farms.</p>
<p>He put rebel casualties at only two and said 260 government soldiers had surrendered.</p>
<p>He said the real battle for Kisangani was on Monday and Tuesday last week about 20 kms (12 miles) east of the city.</p>
<p>&quot;That was where we encountered real resistance. It lasted four days and we finally broke through their line on Friday. Then they scattered into the bush,&quot; he said.</p>
<p>The rebels secured the international airport at Kisangani at about 4 a.m. (0200 GMT) on Saturday.</p>
<p>&quot;We found they had blown up the building they used as a command headquarters at the airport, the armoury and nearly all the artillery pieces,&quot; Kabila said.</p>
<p>But he denied reports the fleeing troops and mercenaries blew up their few airplanes and helicopters. The rebels found no aircraft at the airport and presumed the mercenaries, whom Kabila said were mainly French and ex-Yugoslavs, used them to fly out.</p>
<p>Kabila also dismissed reports that government troops attacked the mercenaries just before Kisangani's fall. He said they found no dead mercenaries at the airport or in town.</p>
<p>Asked when the fighting in Zaire would end, Kabila said: &quot;The end of the war should be the end of the dictatorship.&quot;</p>
</text>
<copyright>(c) Reuters Limited 1997</copyright>
<metadata>
<codes class="bip:countries:1.0">
  <code code="ZAIRE">
    <editdetail attribution="Reuters BIP Coding Group" action="confirmed" date="1997-03-16"/>
  </code>
</codes>
<codes class="bip:topics:1.0">
  <code code="GCAT">
    <editdetail attribution="Reuters BIP Coding Group" action="confirmed" date="1997-03-16"/>
  </code>
  <code code="GPOL">
    <editdetail attribution="Reuters BIP Coding Group" action="confirmed" date="1997-03-16"/>
  </code>
  <code code="GPRO">
    <editdetail attribution="Reuters BIP Coding Group" action="confirmed" date="1997-03-16"/>
  </code>
  <code code="GVIO">
    <editdetail attribution="Reuters BIP Coding Group" action="confirmed" date="1997-03-16"/>
  </code>
</codes>
<dc element="dc.date.created" value="1997-03-16"/>
<dc element="dc.publisher" value="Reuters Holdings Plc"/>
<dc element="dc.date.published" value="1997-03-16"/>
<dc element="dc.source" value="Reuters"/>
<dc element="dc.creator.location" value="KISANGANI, Zaire"/>
<dc element="dc.creator.location.country.name" value="ZAIRE"/>
<dc element="dc.source" value="Reuters"/>
</metadata>
</newsitem>
