<?xml version="1.0" encoding="iso-8859-1" ?>
<newsitem itemid="445564" id="root" date="1997-03-16" xml:lang="en">
<title>RUSSIA: Yeltsin-Clinton summit to be put off for a day.</title>
<headline>Yeltsin-Clinton summit to be put off for a day.</headline>
<dateline>MOSCOW 1997-03-16</dateline>
<text>
<p>Boris Yeltsin and Bill Clinton have agreed to put off their planned March 19 summit in Helsinki for a day to allow Clinton more time to recover from the knee surgery he underwent on Friday, the Kremlin said.</p>
<p>&quot;According to a mutual agreement reached by Russian President Boris Yelstin and U.S. President Bill Clinton the meeting planned for March 19, 1997 in Helsinki is postponed for one day,&quot; a Kremlin statement said.  </p>
<p>The two leaders originally agreed to hold their two-day summit in Finland, which neighbours Russia, instead of the United States where it had been due because of heart problems suffered by Yeltsin in the past eight months.</p>
<p>But a fall by Clinton early on Friday morning in Florida meant that it was the American leader's health rather than Yeltsin's which ended up casting doubt over the summit plans.</p>
<p>A U.S. official said in Washington on Sunday that the previously announced summit schedule would remain essentially the same. Clinton would leave Washington late on March 19 and arrive in Helsinki midday Thursday.</p>
<p>The Kremlin statement did not detail Yeltsin's revised travel plans.</p>
</text>
<copyright>(c) Reuters Limited 1997</copyright>
<metadata>
<codes class="bip:countries:1.0">
  <code code="FIN">
    <editdetail attribution="Reuters BIP Coding Group" action="confirmed" date="1997-03-16"/>
  </code>
  <code code="RUSS">
    <editdetail attribution="Reuters BIP Coding Group" action="confirmed" date="1997-03-16"/>
  </code>
  <code code="USA">
    <editdetail attribution="Reuters BIP Coding Group" action="confirmed" date="1997-03-16"/>
  </code>
</codes>
<codes class="bip:topics:1.0">
  <code code="GCAT">
    <editdetail attribution="Reuters BIP Coding Group" action="confirmed" date="1997-03-16"/>
  </code>
  <code code="GDIP">
    <editdetail attribution="Reuters BIP Coding Group" action="confirmed" date="1997-03-16"/>
  </code>
</codes>
<dc element="dc.date.created" value="1997-03-16"/>
<dc element="dc.publisher" value="Reuters Holdings Plc"/>
<dc element="dc.date.published" value="1997-03-16"/>
<dc element="dc.source" value="Reuters"/>
<dc element="dc.creator.location" value="MOSCOW"/>
<dc element="dc.creator.location.country.name" value="RUSSIA"/>
<dc element="dc.source" value="Reuters"/>
</metadata>
</newsitem>
