<?xml version="1.0" encoding="iso-8859-1" ?>
<newsitem itemid="445599" id="root" date="1997-03-16" xml:lang="en">
<title>ARGENTINA: Menem's image bounces back after hitting bottom.</title>
<headline>Menem's image bounces back after hitting bottom.</headline>
<dateline>BUENOS AIRES 1997-03-16</dateline>
<text>
<p>President Carlos Menem's image recovered slightly this month, with nearly one out of five Argentines saying they think he is doing a good job, an opinion poll showed Sunday.</p>
<p>Eighteen percent of respondents told the poll conducted by the private group Centro de Estudios para la Nueva Mayoria and published by the daily La Nacion that they had a good opinion of the president's performance, up from a dismal 14 percent at the previous quarterly measurement.  </p>
<p>La Nacion pointed out that the poll of 1,030 people conducted in the first week of March showed support of Menem picked up, however timidly, at a time when a scandal over the source of funds for the construction of a major runway in his minuscule hometown was making headline news throughout the country.</p>
<p>Menem won a second term in office with half the votes in 1995, but his public support has taken a nosedive since. It hit rock bottom in the last quarterly measurement at the end of last year, when only 14 percent of the people said they approved of his job.  </p>
<p>People's opinion of his economic policies have fared even worse, trailing the presidential image's downward path a few points behind. In keeping with the trend, it bounced back in the first quarter 1997 to 15 percent from an all-time low of 11 percent in the last three months of 1996.</p>
<p>His free-market economic policies, which returned the country to a path of growth and currency stability after years of hyperinflation, devaluations and stagnation, were in the past the most solid pillar of popular support for his government.  </p>
<p>But a 17.3 percent unemployment rate which has displayed a strong resistance to official cures has undermined people's adherence to tough austerity policies which have meant layoffs of public workers, higher taxes and wage cuts.</p>
<p>People's backing both for Menem and his economic policies is greater among the less educated, with 28 percent of those with only grammar school education expressing a good opinion of the president, against only five percent among university graduates.</p>
<p>The poll conducted in Buenos Aires and its outskirts has a margin of error of 4.5 percent.</p>
<p>((--David Haskel, Buenos Aires Newsroom +541 523-5462))</p>
</text>
<copyright>(c) Reuters Limited 1997</copyright>
<metadata>
<codes class="bip:countries:1.0">
  <code code="ARG">
    <editdetail attribution="Reuters BIP Coding Group" action="confirmed" date="1997-03-16"/>
  </code>
</codes>
<codes class="bip:topics:1.0">
  <code code="GCAT">
    <editdetail attribution="Reuters BIP Coding Group" action="confirmed" date="1997-03-16"/>
  </code>
  <code code="GPOL">
    <editdetail attribution="Reuters BIP Coding Group" action="confirmed" date="1997-03-16"/>
  </code>
</codes>
<dc element="dc.date.created" value="1997-03-16"/>
<dc element="dc.publisher" value="Reuters Holdings Plc"/>
<dc element="dc.date.published" value="1997-03-16"/>
<dc element="dc.source" value="Reuters"/>
<dc element="dc.creator.location" value="BUENOS AIRES"/>
<dc element="dc.creator.location.country.name" value="ARGENTINA"/>
<dc element="dc.source" value="Reuters"/>
</metadata>
</newsitem>
