<?xml version="1.0" encoding="iso-8859-1" ?>
<newsitem itemid="445536" id="root" date="1997-03-16" xml:lang="en">
<title>ZAIRE: Aid worker plan repatriation of Zaire refugees.</title>
<headline>Aid worker plan repatriation of Zaire refugees.</headline>
<byline>Richard Meares</byline>
<dateline>KINSHASA 1996-03-17</dateline>
<text>
<p>Relief workers plan to start repatriating Rwandan Hutu refugees from Zaire's once teeming Tingi Tingi camp on Monday but they say prospects for those driven further west by a relentless rebel advance look bleak.</p>
<p>&quot;On Monday, there will be the first repatriations from Tingi Tingi,&quot; Corinne Perthuis, spokeswoman of the U.N. refugee agency, told a Kinshasa news conference after being evacuated from Zaire's third city of Kisangani.</p>
<p>Tingi Tingi, about 200 km (125 miles) southeast of Kisangani, housed 170,000 refugees before most fled the rebel advance. Only the weak or sick -- about 1,000 people -- stayed behind.</p>
<p>Perthius and other aid workers who were whisked out of Kisangani by French paratroops before rebels took the city on Saturday, said tens of thousands of frightened refugees had fled west.</p>
<p>As many as 150,000 Hutus were in Ubundu, clustered on the banks of the Zaire River 100 km (60 miles) south of Kisangani. Perthius said as many more were missing in the jungle.</p>
<p>Red Cross officials said around a third on the Hutus in Ubundu were seriously ill with malaria or diarrhoea and had raw feet from days of marching through the forests.</p>
<p>The refugees, including some armed Hutu extremists blamed for the 1994 genocide of minority Tutsis in Rwanda, have trekked from camp to camp since the Tutsi-led rebels took up arms in October.</p>
<p>The fall of Kisangani left them squeezed beside the wide river, with their only means of escape from the rebels to cross to the western bank, a treacherous journey.</p>
<p>&quot;They would prefer to die in the river than be with these rebels,&quot; said Clae Gratti, who led the International Red Cross Federation team in Kisangani.</p>
<p>Many of the armed Hutus seem now to have abandoned the refugees they controlled in earlier camps and Gratti said he saw no obvious sign of them in Ubundu.</p>
<p>He said refugees, many of them children on their own, were trying to cross the river on flimsy bamboo rafts covered in aid-agency plastic sheeting from their camps.</p>
<p>His staff watched powerless as a flotilla of about 30 such boats, with around six people on each, swept downstream to lethal rapids and presumed death during a storm on Thursday.</p>
<p>Other aid workers spoke of refugees fatally stranded on rocks upstream from waterfalls.</p>
<p>Perthius said more misery lay in store for those who managed to cross the river onto the western side, in the inaccessible and remote heart of Africa's third largest country.</p>
<p>&quot;They may head to Opala. That is 200 km (120 miles) west from Ubundu. It would be very difficult for the refugees to move through the marshland and forest,&quot; she said.</p>
<p>She said food would run out and airdrops in such a forested area would be problematic, adding that the best solution might be for the refugees to stay put.</p>
<p>The humanitarian organisations pledged to do their best to reestablish contact with the refugees in Ubundu, perhaps through rebel-held areas.</p>
</text>
<copyright>(c) Reuters Limited 1997</copyright>
<metadata>
<codes class="bip:countries:1.0">
  <code code="RWANDA">
    <editdetail attribution="Reuters BIP Coding Group" action="confirmed" date="1997-03-16"/>
  </code>
  <code code="UN">
    <editdetail attribution="Reuters BIP Coding Group" action="confirmed" date="1997-03-16"/>
  </code>
  <code code="ZAIRE">
    <editdetail attribution="Reuters BIP Coding Group" action="confirmed" date="1997-03-16"/>
  </code>
</codes>
<codes class="bip:topics:1.0">
  <code code="GCAT">
    <editdetail attribution="Reuters BIP Coding Group" action="confirmed" date="1997-03-16"/>
  </code>
  <code code="GDIP">
    <editdetail attribution="Reuters BIP Coding Group" action="confirmed" date="1997-03-16"/>
  </code>
  <code code="GVIO">
    <editdetail attribution="Reuters BIP Coding Group" action="confirmed" date="1997-03-16"/>
  </code>
</codes>
<dc element="dc.date.created" value="1996-03-17"/>
<dc element="dc.publisher" value="Reuters Holdings Plc"/>
<dc element="dc.date.published" value="1997-03-16"/>
<dc element="dc.source" value="Reuters"/>
<dc element="dc.creator.location" value="KINSHASA"/>
<dc element="dc.creator.location.country.name" value="ZAIRE"/>
<dc element="dc.source" value="Reuters"/>
</metadata>
</newsitem>
