<?xml version="1.0" encoding="iso-8859-1" ?>
<newsitem itemid="445623" id="root" date="1997-03-16" xml:lang="en">
<title>AUSTRALIA: RTRS-Top 100 Australia companies by capitalisation.</title>
<headline>RTRS-Top 100 Australia companies by capitalisation.</headline>
<dateline>SYDNEY 1996-03-17</dateline>
<text>
<p>Top 100 companies ranked by market capitalisation based on Friday's closing price. Rank This Last		    Mkt Cap  Last   Year   Year</p>
<p>Week Week  Name	  A$'000,000 Trade  High   Low</p>
<p>1    1  Broken Hill Pty   33618   16.92  20.05  15.58</p>
<p>2    2  Natl Aust Bank    23755   15.92  17.22  10.98</p>
<p>3    3  News Corp	   12969    6.67   7.76   6.03</p>
<p>4    4  Westpac Bkg	 12540    7.04   7.90   5.20</p>
<p>5    5  C R A		 12155   18.92  21.60  16.84</p>
<p>6    7  A N Z Bank	  11482    7.70   8.64   5.23</p>
<p>7    6  Commonwealth Bk   11413   12.50  14.08   9.74</p>
<p>8    8  WMC		    9273    8.25   9.92   7.25</p>
<p>9    9  Coles Myer	   6354    5.86   6.05   4.17</p>
<p>10  10  Coca-Cola Am	 6093   11.15  18.15  10.90</p>
<p>11  11  Woodside Petrolm   6020    9.03  10.00   6.60</p>
<p>12  12  Lend Lease Corp    5818   23.18  24.80  18.10</p>
<p>13  13  Amcor		  5418    8.54  10.09   7.40</p>
<p>14  14  Fosters Brew Grp   5064    2.58   2.79   2.02</p>
<p>15  16  CSR		    4853    4.81   5.00   3.95</p>
<p>16  15  Carter Holt	  4841    2.80   3.10   2.59</p>
<p>17  17  Brambles Inds	4772   21.50  24.70  15.00</p>
<p>18  18  Boral		  4306    3.78   3.95   2.91</p>
<p>19  19  Woolworths	   4032    3.61   3.74   2.72</p>
<p>20  20  Comalco		3840    6.85   7.95   5.94</p>
<p>21  22  I C I Aust	   3602   12.15  13.85  10.10</p>
<p>22  21  Pioneer Intl	 3560    4.01   4.21   3.27</p>
<p>23  23  Pacific Dunlop     3342    3.28   3.45   2.38</p>
<p>24  25  National Mutual    3264    1.92   2.02   1.69</p>
<p>25  27  St George Bank     3260    7.40  10.00   7.20</p>
<p>26  26  Publish Broadcst   3210    6.35   6.92   4.69</p>
<p>27  24  Brierley Invs	3051    1.14   1.29   1.07</p>
<p>28  29  M.I.M. Hlds	  2917    1.79   1.98   1.40</p>
<p>29  28  North Limited	2876    4.03   4.35   3.28</p>
<p>30  32  Normandy Min	 2867    1.78   2.70   1.54</p>
<p>31  30  Westfield Trust    2803    2.39   2.51   2.11</p>
<p>32  31  Gen Prop Tr	  2790    2.43   2.54   2.07</p>
<p>33  35  Santos		 2682    4.99   5.45   3.80</p>
<p>34  33  Southcorp Hldgs    2620    4.43   4.66   2.90</p>
<p>35  34  Qantas		 2585    2.39   2.57   1.79</p>
<p>36  38  Mayne Nickless     2417    7.75   8.99   5.75</p>
<p>37  36  John Fairfax	 2345    3.09   3.18   2.47</p>
<p>38  37  Wesfarmers	   2310    9.75  10.45   7.16</p>
<p>39  39  Aust Gas Light     2191    7.53   7.80   4.83</p>
<p>40  40  GIO Australian     2161    3.56   3.78   2.69</p>
<p>41  41  Goodman Fielder    2001    1.61   1.75   1.20</p>
<p>42  44  Westfield Hlds     1985   20.25  23.20  15.50</p>
<p>43  42  Howard Smith	 1951   10.48  11.30   6.30</p>
<p>44  43  Pasminco	     1932    2.43   2.62   1.44</p>
<p>45  45  Posgold		1906    3.31   3.80   2.64</p>
<p>46  46  QBE Insurance	1825    6.30   7.13   4.94</p>
<p>47  47  Tabcorp Holdings   1777    5.87   6.43   3.75</p>
<p>48  48  Lion Nathan Ltd    1698    3.10   3.49   2.85</p>
<p>49  49  Hardie Inds	  1469    3.70   3.96   2.28</p>
<p>50  50  Gold Mines Kalg    1423    1.49   1.70   1.15</p>
<p>51  51  Soul Pattinson     1360   57.00  63.00  26.69</p>
<p>52  54  Oil Search	   1329    2.84   2.94   1.10</p>
<p>53  52  Leighton Hlds	1323    5.10   6.30   3.45</p>
<p>54  56  Seven Network	1286    4.40   4.40   3.50</p>
<p>55  53  Macquarie Bank     1271    8.40   8.90   6.50</p>
<p>56  57  Arnotts		1252    8.99   9.15   8.30</p>
<p>57  63  Crown		  1240    1.99   3.02   1.91</p>
<p>58  55  Aust Foundation    1228    2.12   2.30   1.73</p>
<p>59  58  Email		  1175    4.00   4.22   2.97</p>
<p>60  59  QCT Resources	1123    1.72   1.85   1.51</p>
<p>61  65  Burns,Philp &amp; Co   1119    2.14   2.18   1.90</p>
<p>62  60  Renison Goldflds   1080    5.15   6.90   4.95</p>
<p>63  68  Rothmans	     1067    8.76   8.95   5.20</p>
<p>64  62  A Natl Inds	  1061    1.35   1.46   0.95</p>
<p>65  67  Bk Of Melbourne    1060    8.14   9.50   6.89</p>
<p>66  66  Stockland Tr Grp   1059    3.24   3.35   2.76</p>
<p>67  69  Placer Pacific     1046    1.67   3.26   1.35</p>
<p>68  64  QNI Ltd		1038    2.52   3.31   2.26</p>
<p>69  61  Newcrest Mining    1032    4.36   6.66   4.00</p>
<p>70  70  West Aust News     1026    5.33   5.52   3.85</p>
<p>71  74  Orogen Minerals     965    3.44   3.51   2.05</p>
<p>72  72  Plutonic Rsc	  956    5.10   7.92   4.70</p>
<p>73  71  C.E. Heath Intl     948    3.10   3.30   1.96</p>
<p>74  73  Fh Faulding	   945    7.60   9.15   5.35</p>
<p>75  76  Village Roadshow    926    4.58   6.70   4.01</p>
<p>76  81  Capral Aliminium    886    4.83   4.85   2.88</p>
<p>77  75  Lihir Gold	    871    2.26   2.59   1.46</p>
<p>78  77  Energy Rsc	    850    5.95   6.50   4.00</p>
<p>79  82  Amalgamated Hlds    830    6.00   8.08   4.75</p>
<p>80  80  Metway Bank	   825    5.58   6.00   3.87</p>
<p>81  86  Weston (George)     824    7.60   9.10   7.20</p>
<p>82  83  Schroder Prop	 824    2.30   2.40   2.01</p>
<p>83  78  Syd Hrbr Casino     822    2.12   2.45   1.54</p>
<p>84  79  Pacific M&amp;P	   818    3.25   3.69   2.96</p>
<p>85  85  CSL Limited	   806    6.20   6.70   4.00</p>
<p>86  84  Great Central	 788    3.10   4.10   2.57</p>
<p>87  87  Futuris Corp	  768    1.79   1.90   1.20</p>
<p>88  88  Caltex Aust	   749    4.16   5.75   4.10</p>
<p>89  90  Franked Incm-Un     729    3.01   3.10   2.05</p>
<p>90  95  Savage Rsc	    711    1.38   1.45   0.87</p>
<p>91  91  Reinsurance Aust    711    4.31   4.94   2.80</p>
<p>92  89  Resolute Sam	  705    2.74   3.67   2.35</p>
<p>93  94  Argo Inv		696    2.88   2.93   2.27</p>
<p>94  98  Incitec		 692    6.35   6.78   5.50</p>
<p>95  93  Cortecs Intl	  692    4.65   8.00   3.00</p>
<p>96  101 Jupiters Ltd	  688    2.85   3.17   2.10</p>
<p>97  97  Gandel Retail Tr    679    0.94   0.96   0.77</p>
<p>98  99  David Jones	   667    1.70   2.06   1.45</p>
<p>99  92  Sons Of Gwalia	665    6.49   9.55   6.30</p>
<p>100 103 Hoyts Cinemas	 659    2.70   3.10   2.40</p>
<p>-- Sydney Newsroom 61-2 9373-1800</p>
</text>
<copyright>(c) Reuters Limited 1997</copyright>
<metadata>
<codes class="bip:countries:1.0">
  <code code="AUSTR">
    <editdetail attribution="Reuters BIP Coding Group" action="confirmed" date="1997-03-16"/>
  </code>
</codes>
<codes class="bip:industries:1.0">
  <code code="I02000">
    <editdetail attribution="Reuters BIP Coding Group" action="confirmed" date="1997-03-16"/>
  </code>
  <code code="I13000">
    <editdetail attribution="Reuters BIP Coding Group" action="confirmed" date="1997-03-16"/>
  </code>
  <code code="I1300003">
    <editdetail attribution="Reuters BIP Coding Group" action="confirmed" date="1997-03-16"/>
  </code>
  <code code="I21000">
    <editdetail attribution="Reuters BIP Coding Group" action="confirmed" date="1997-03-16"/>
  </code>
  <code code="I22450">
    <editdetail attribution="Reuters BIP Coding Group" action="confirmed" date="1997-03-16"/>
  </code>
  <code code="I24000">
    <editdetail attribution="Reuters BIP Coding Group" action="confirmed" date="1997-03-16"/>
  </code>
  <code code="I42700">
    <editdetail attribution="Reuters BIP Coding Group" action="confirmed" date="1997-03-16"/>
  </code>
  <code code="I42800">
    <editdetail attribution="Reuters BIP Coding Group" action="confirmed" date="1997-03-16"/>
  </code>
  <code code="I47100">
    <editdetail attribution="Reuters BIP Coding Group" action="confirmed" date="1997-03-16"/>
  </code>
  <code code="I47500">
    <editdetail attribution="Reuters BIP Coding Group" action="confirmed" date="1997-03-16"/>
  </code>
  <code code="I64100">
    <editdetail attribution="Reuters BIP Coding Group" action="confirmed" date="1997-03-16"/>
  </code>
  <code code="I65600">
    <editdetail attribution="Reuters BIP Coding Group" action="confirmed" date="1997-03-16"/>
  </code>
  <code code="I6560002">
    <editdetail attribution="Reuters BIP Coding Group" action="confirmed" date="1997-03-16"/>
  </code>
  <code code="I81402">
    <editdetail attribution="Reuters BIP Coding Group" action="confirmed" date="1997-03-16"/>
  </code>
  <code code="I83960">
    <editdetail attribution="Reuters BIP Coding Group" action="confirmed" date="1997-03-16"/>
  </code>
  <code code="I85000">
    <editdetail attribution="Reuters BIP Coding Group" action="confirmed" date="1997-03-16"/>
  </code>
</codes>
<codes class="bip:topics:1.0">
  <code code="C15">
    <editdetail attribution="Reuters BIP Coding Group" action="confirmed" date="1997-03-16"/>
  </code>
  <code code="C152">
    <editdetail attribution="Reuters BIP Coding Group" action="confirmed" date="1997-03-16"/>
  </code>
  <code code="CCAT">
    <editdetail attribution="Reuters BIP Coding Group" action="confirmed" date="1997-03-16"/>
  </code>
</codes>
<dc element="dc.date.created" value="1996-03-17"/>
<dc element="dc.publisher" value="Reuters Holdings Plc"/>
<dc element="dc.date.published" value="1997-03-16"/>
<dc element="dc.source" value="Reuters"/>
<dc element="dc.creator.location" value="SYDNEY"/>
<dc element="dc.creator.location.country.name" value="AUSTRALIA"/>
<dc element="dc.source" value="Reuters"/>
</metadata>
</newsitem>
