<?xml version="1.0" encoding="iso-8859-1" ?>
<newsitem itemid="445615" id="root" date="1997-03-16" xml:lang="en">
<title>AUSTRALIA: RTRS-Australian Mortgage Guide (Owner Occupied).</title>
<headline>RTRS-Australian Mortgage Guide (Owner Occupied).</headline>
<text>
<p>(Updated on March 14)</p>
<p>		   INTRO  *TRUE    FIXED  FIXED   FIXED LENDER</p>
<p>		 VARIABLE RATE     RATE   2 YRS   3 YRS 5 YRS </p>
<p>Adelaide	7.55    6.40     7.48   7.95    8.15  8.75 </p>
<p>Advance	 7.55    6.50     7.53   8.05    8.40  8.95 </p>
<p>AIDC	    7.85    7.75     7.98   8.70    9.05  9.45 </p>
<p>AMP Priority  7.47     -	 7.58    -	 -     - </p>
<p>ANZ	     6.90     -	 7.11   7.85    7.90  8.65 </p>
<p>Aussie Home   7.49     -	 7.60   7.80    8.10  8.75</p>
<p>Austral	 7.35     -	 7.46    -	8.35   - </p>
<p>BNZ	     6.99     -	 6.99    -	 -     - </p>
<p>Bank of Melb  7.55    6.95     7.54   7.85    8.15  8.75 </p>
<p>Bank of SA    7.55    6.50     7.42   8.05    8.40  8.95 </p>
<p>BankWest	6.95     -	 7.14   7.95    8.20  8.75 </p>
<p>BMC Mortgage  6.99     -	 7.10   8.25    8.55  8.95 </p>
<p>CHS HomeLoans 7.40     -	 7.50    -	 -     - </p>
<p>Citibank	7.19     -	 7.30   8.49    8.99  9.20 </p>
<p>Colonial State6.95     -	 7.16   7.70    8.10  8.60 </p>
<p>CBA	     6.95     -	 7.10   7.85    8.15  8.55</p>
<p>Endeavour     6.90     -	 7.11   7.50    8.25   - </p>
<p>FAI	     7.30     -	 7.43   8.15    8.25  8.55</p>
<p>GIO	     7.35     -	 7.44   8.00    8.40  8.85</p>
<p>Greater BSoc  7.55    6.90     7.49   8.00    8.25  8.75</p>
<p>Hongkong Bank 7.55    6.45     7.49   7.90    8.43  8.90 </p>
<p>IMB	     7.55    6.50     7.45   7.95    8.25  8.65 </p>
<p>Macquarie     7.75     -	 7.91   8.30    8.70  9.25 </p>
<p>Metway	  7.55    6.99     7.65   8.25    8.15  8.75 </p>
<p>MLC BSoc	6.95     -	 7.09   8.00    8.25  8.75 </p>
<p>NAB	     7.55    6.50     7.51   7.50    8.15  8.50 </p>
<p>Newcastle     7.40    6.50     7.37    -	8.75   -</p>
<p>Pioneer Mtg   7.40    6.90     7.49   7.95    8.15  8.50 </p>
<p>RAMS	    7.49     -	 7.60   8.25    8.50  9.00 </p>
<p>St George     6.95     -	 7.16   8.05    8.40  8.95</p>
<p>Suncorp-Syd   7.55    6.60     7.50   7.85    8.25  8.95</p>
<p>Super Loans   7.30     -	 7.39    -	 -     - </p>
<p>Westpac	 6.95     -	 7.16   7.95    8.20  8.65</p>
<p>*True rate is annual average percentage rate (AAPR). It is the calculated cost of a loan including upfront and ongoing charges and takes into account introductory interest rates and is calculated on a loan size of $100,000.</p>
<p>Note: Where there is more than one product in the category, the lowest rate is quoted.</p>
<p>-- Reuters Sydney Newsroom 61-2 9373-1800</p>
</text>
<copyright>(c) Reuters Limited 1997</copyright>
<metadata>
<codes class="bip:countries:1.0">
  <code code="AUSTR">
    <editdetail attribution="Reuters BIP Coding Group" action="confirmed" date="1997-03-16"/>
  </code>
</codes>
<codes class="bip:industries:1.0">
  <code code="I81402">
    <editdetail attribution="Reuters BIP Coding Group" action="confirmed" date="1997-03-16"/>
  </code>
  <code code="I81501">
    <editdetail attribution="Reuters BIP Coding Group" action="confirmed" date="1997-03-16"/>
  </code>
  <code code="I8150103">
    <editdetail attribution="Reuters BIP Coding Group" action="confirmed" date="1997-03-16"/>
  </code>
</codes>
<codes class="bip:topics:1.0">
  <code code="C31">
    <editdetail attribution="Reuters BIP Coding Group" action="confirmed" date="1997-03-16"/>
  </code>
  <code code="CCAT">
    <editdetail attribution="Reuters BIP Coding Group" action="confirmed" date="1997-03-16"/>
  </code>
</codes>
<dc element="dc.publisher" value="Reuters Holdings Plc"/>
<dc element="dc.date.published" value="1997-03-16"/>
<dc element="dc.source" value="Reuters"/>
<dc element="dc.creator.location.country.name" value="AUSTRALIA"/>
<dc element="dc.source" value="Reuters"/>
</metadata>
</newsitem>
