<?xml version="1.0" encoding="iso-8859-1" ?>
<newsitem itemid="445664" id="root" date="1997-03-16" xml:lang="en">
<title>HONG KONG: Britain, China have long way to go on HK issues.</title>
<headline>Britain, China have long way to go on HK issues.</headline>
<byline>John O'Callaghan</byline>
<dateline>HONG KONG 1997-03-16</dateline>
<text>
<p>Despite some progress in recent weeks, Chinese and British teams hammering out details of Hong Kong's handover on July 1 still have many crucial issues to address at meetings in London this week.</p>
<p>&quot;We are re-doubling our efforts in the hope that we can complete most of the outstanding work at the next JLG (Joint Liaison Group) meeting,&quot; Hong Kong's Chief Secretary Anson Chan said last week.</p>
<p>&quot;But we need cooperation from both sides and are acutely aware that time is running out.&quot;</p>
<p>The JLG is the Sino-British diplomatic body handling the territory's return to China at midnight on June 30.</p>
<p>The process of sorting through the transfer of sovereignty over the wealthy territory of 6.4 million people has inched along since London and Beijing signed an accord on the handover in 1984, and outright agreement has often proved elusive.</p>
<p>Deadlocks over citizenship rights, reciprocal enforcement of laws and the handover ceremony have all slowed the negotiations.</p>
<p>But there have also been positive signals.</p>
<p>China's senior representative Zhao Jihua told reporters on Friday he was optimistic the London meetings could resolve issues such as the definition of permanent residency, the posting of People's Liberation Army (PLA) troops in Hong Kong before July 1 and arrangements for the handover ceremony.</p>
<p>But the Chinese side may just wait out the British on some of the other issues, Michael DeGolyer of Hong Kong Baptist University told Reuters on Sunday.</p>
<p>&quot;The Chinese tradition or custom is usually to wait till the last minute and then about 10 ticks past before coming to agreement,&quot; he said. &quot;On some of these things, I think the Chinese side has just decided that they're going to do what they're going to do regardless of what the British side says.&quot;</p>
<p>Despite the deadlocks, some of the arrangements are already going ahead.</p>
<p>On Saturday, the Hong Kong government began inviting foreign media to cover the handover events after getting the go-ahead from the JLG on March 5.</p>
<p>But the list of dignitaries and other guests who will attend the 4,000-seat banquet and ceremony marking the change of sovereignty is as incomplete as the HK$4.8 billion (US$620 million) extension to the Convention Centre hurriedly being completed to house the gala event on the night of June 30.</p>
<p>Working out who to include has become a thorny issue for the JLG negotiators, particularly on representatives from Taiwan, which China regards as a renegade province.</p>
<p>DeGolyer said the JLG has been focusing on &quot;the trivia&quot; of the arrangements or on the larger sovereignty questions, but it is uncertainty over &quot;daily life&quot; issues -- right of abode, work visas, extradition of criminals and the like -- that is causing &quot;anxiety and confusion&quot; among Hong Kong people.</p>
<p>&quot;I don't think China has thought this one through very well,&quot; DeGolyer said, adding that the Chinese had not fully realised the intricacies of applying the law in a post-British Hong Kong.</p>
<p>&quot;They can't quite grasp why on earth you'd have to go through all this,&quot; he said.</p>
<p>China has promised Hong Kong a high degree of autonomy under the &quot;one country, two systems&quot; policy devised by late paramount leader Deng Xiaoping and laid out in the Basic Law, the territory's post-handover constitution.</p>
<p>But Beijing has raised fears by proposing to repeal some Hong Kong legislation enshrining civil rights -- ordinances it says are not consistent with the Basic Law.</p>
</text>
<copyright>(c) Reuters Limited 1997</copyright>
<metadata>
<codes class="bip:countries:1.0">
  <code code="CHINA">
    <editdetail attribution="Reuters BIP Coding Group" action="confirmed" date="1997-03-16"/>
  </code>
  <code code="HKONG">
    <editdetail attribution="Reuters BIP Coding Group" action="confirmed" date="1997-03-16"/>
  </code>
  <code code="UK">
    <editdetail attribution="Reuters BIP Coding Group" action="confirmed" date="1997-03-16"/>
  </code>
</codes>
<codes class="bip:topics:1.0">
  <code code="GCAT">
    <editdetail attribution="Reuters BIP Coding Group" action="confirmed" date="1997-03-16"/>
  </code>
  <code code="GDIP">
    <editdetail attribution="Reuters BIP Coding Group" action="confirmed" date="1997-03-16"/>
  </code>
</codes>
<dc element="dc.date.created" value="1997-03-16"/>
<dc element="dc.publisher" value="Reuters Holdings Plc"/>
<dc element="dc.date.published" value="1997-03-16"/>
<dc element="dc.source" value="Reuters"/>
<dc element="dc.creator.location" value="HONG KONG"/>
<dc element="dc.creator.location.country.name" value="HONG KONG"/>
<dc element="dc.source" value="Reuters"/>
</metadata>
</newsitem>
