<?xml version="1.0" encoding="iso-8859-1" ?>
<newsitem itemid="445620" id="root" date="1997-03-16" xml:lang="en">
<title>TONGA: Cyclone wreaks severe damage in Tonga.</title>
<headline>Cyclone wreaks severe damage in Tonga.</headline>
<dateline>NUKU'ALOFA, Tonga 1996-03-17</dateline>
<text>
<p>The Pacific kingdom of Tonga was counting the cost of damage from Cyclone Hina on Monday after high winds tore roofs from houses and felled trees and power lines.</p>
<p>There were no immediate reports of casualties, but a Reuters correspondent in the capital, Nuku'alofa, said damage was extensive.</p>
<p>A large part of the wooden parliament's roof had been lifted off, and broken timber had crashed down inside, smashing pictures and falling onto tables. Iron roofing from shops was hanging from power cables like washing on a line.  </p>
<p>Soldiers were using bulldozers to clear fallen trees from the road alongside the Royal Palace, while ordinary Tongans worked with bushknives to remove debris from minor roads.</p>
<p>All power was cut off, most businesses were shut down and schools were closed. Residents were fearful of food shortages later in the week, as refrigerated supplies would spoil unless electricity was restored quickly.</p>
<p>The meteorological office said the centre of Cyclone Hina passed within about 30 km (19 miles) of the capital on Sunday evening, with torrential rain and gusts up to 80 knots. Nuku'alofa is on the main island, Tongatapu, which is home to  </p>
<p>about half of Tonga's 100,000 people.</p>
<p>The cyclone was the latest of several to sweep through the South Pacific in recent weeks. Cyclone Gavin, which bore down on Fiji last week, left 10 people dead and 17 missing.</p>
</text>
<copyright>(c) Reuters Limited 1997</copyright>
<metadata>
<codes class="bip:countries:1.0">
  <code code="TONGA">
    <editdetail attribution="Reuters BIP Coding Group" action="confirmed" date="1997-03-16"/>
  </code>
</codes>
<codes class="bip:topics:1.0">
  <code code="GCAT">
    <editdetail attribution="Reuters BIP Coding Group" action="confirmed" date="1997-03-16"/>
  </code>
  <code code="GDIS">
    <editdetail attribution="Reuters BIP Coding Group" action="confirmed" date="1997-03-16"/>
  </code>
  <code code="GWEA">
    <editdetail attribution="Reuters BIP Coding Group" action="confirmed" date="1997-03-16"/>
  </code>
</codes>
<dc element="dc.date.created" value="1996-03-17"/>
<dc element="dc.publisher" value="Reuters Holdings Plc"/>
<dc element="dc.date.published" value="1997-03-16"/>
<dc element="dc.source" value="Reuters"/>
<dc element="dc.creator.location" value="NUKU'ALOFA, Tonga"/>
<dc element="dc.creator.location.country.name" value="TONGA"/>
<dc element="dc.source" value="Reuters"/>
</metadata>
</newsitem>
