<?xml version="1.0" encoding="iso-8859-1" ?>
<newsitem itemid="445672" id="root" date="1997-03-16" xml:lang="en">
<title>JAPAN: Japan chip firms freeze plans amid slump - newspaper.</title>
<headline>Japan chip firms freeze plans amid slump - newspaper.</headline>
<dateline>TOKYO 1997-03-16</dateline>
<text>
<p>Japan's five top semiconductor manufacturers have decided to freeze plans to build new domestic plants in response to a global chip market slump, a business newspaper said on Sunday.</p>
<p>Toshiba Corp., Fujitsu Ltd., NEC Corp. Mitsubishi Electric Corp. and Hitachi Ltd. each would postpone plans to build or start production at factories planned when chip demand was high in 1994-95, the Nihon Keizai Shimbun said.</p>
<p>Toshiba would postpone the start-up of microchip production lines at a 130 billion yen plant in northern Iwate prefecture by one year to 1999, the newspaper said.</p>
<p>Fujistsu would postpone indefinitely the start of construction of a 100 billion yen plant in northern Fukushima prefecture designed to make logic integrated circuits (ICs).</p>
<p>NEC would delay he planned spring start of operations at a custom IC plant in northern Yamagata prefecture to autumn and was considering cutting capital investment at the plant by at least 10 billion yen, the daily said.  </p>
<p>Mitsubishi Electric Corp. froze construction of part of its logic IC plant in southwestern Ehime prefecture in January, while Hitachi Ltd. decided to stop operations at its plant in eastern Gunma prefecture, the newspaper reported.</p>
</text>
<copyright>(c) Reuters Limited 1997</copyright>
<metadata>
<codes class="bip:countries:1.0">
  <code code="JAP">
    <editdetail attribution="Reuters BIP Coding Group" action="confirmed" date="1997-03-16"/>
  </code>
</codes>
<codes class="bip:industries:1.0">
  <code code="I33020">
    <editdetail attribution="Reuters BIP Coding Group" action="confirmed" date="1997-03-16"/>
  </code>
  <code code="I34000">
    <editdetail attribution="Reuters BIP Coding Group" action="confirmed" date="1997-03-16"/>
  </code>
</codes>
<codes class="bip:topics:1.0">
  <code code="C11">
    <editdetail attribution="Reuters BIP Coding Group" action="confirmed" date="1997-03-16"/>
  </code>
  <code code="C21">
    <editdetail attribution="Reuters BIP Coding Group" action="confirmed" date="1997-03-16"/>
  </code>
  <code code="C24">
    <editdetail attribution="Reuters BIP Coding Group" action="confirmed" date="1997-03-16"/>
  </code>
  <code code="CCAT">
    <editdetail attribution="Reuters BIP Coding Group" action="confirmed" date="1997-03-16"/>
  </code>
</codes>
<dc element="dc.date.created" value="1997-03-16"/>
<dc element="dc.publisher" value="Reuters Holdings Plc"/>
<dc element="dc.date.published" value="1997-03-16"/>
<dc element="dc.source" value="Reuters"/>
<dc element="dc.creator.location" value="TOKYO"/>
<dc element="dc.creator.location.country.name" value="JAPAN"/>
<dc element="dc.source" value="Reuters"/>
</metadata>
</newsitem>
