<?xml version="1.0" encoding="iso-8859-1" ?>
<newsitem itemid="445634" id="root" date="1997-03-16" xml:lang="en">
<title>AUSTRALIA: RTRS-Australia on track for needed growth - Access.</title>
<headline>RTRS-Australia on track for needed growth - Access.</headline>
<dateline>CANBERRA 1996-03-17</dateline>
<text>
<p>Australian Prime Minister John Howard would get the 4.5 percent economic growth he wants at some stage during the next two years, according to an economic forecaster's report released on Monday.</p>
<p>Access Economics said in its latest quarterly report it expected year-average economic growth of 4.0 percent in the year to June 30, 1998, and 4.6 percent in the year to June 30, 1999.</p>
<p>&quot;There is a significant upturn coming,&quot; economist Chris Richardson told Reuters.  </p>
<p>&quot;John Howard wants four to four-and-a-half percent growth -- well he won't get that over a long period of time, but he will get it for a solid period of time, basically in financial year 1997/98 and 1998/99,&quot; he said.</p>
<p>Howard said last Wednesday that Australia needed economic growth of 4.0 to 4.5 percent a year in order to substantially cut unemployment.</p>
<p>Australian GDP grew at 3.1 percent between the December quarters of 1995 and 1996, while the unemployment rate rose to 8.8 percent in January from 8.6 percent in December.  </p>
<p>Access' report said the upturn would stem from waxing world growth and an associated lift in the terms of trade, the three recent interest rate cuts in Australia totalling 1.5 percentage points, solid business investment growth, the housing recovery, and a pick-up in the stock cycle.</p>
<p>&quot;That's an awful lot of things coming at the same time, so the recovery train is starting to leave the station,&quot; Richardson said.  </p>
<p>The report said the bullish outlook ruled out chances of further rate cuts after the Reserve Bank of Australia eased monetary policy three times between July and December last year, by 50 basis points each time.</p>
<p>It said the recent rate cuts plus the healthy Australian dollar would keep inflation at low levels some time ahead, but this would not last indefinitely.</p>
<p>&quot;We will run out of the good news on inflation coming from the Australian dollar sometime towards the end of 1997 and inflation will bounce back up,&quot; Richardson said.  </p>
<p>&quot;Instead of being below 2.0 percent, it will start to be around three and as you go into 1998 it'll be back over three again.&quot;</p>
<p>Underlying inflation rose 0.4 percent in the December quarter for an annual rate of 2.1 percent.</p>
<p>Access Economics' main forecasts are as follows:</p>
<p>			    1996/97	1997/98     1998/99</p>
<p>GDP(A) (pct)		3.1	    4.0	   4.6</p>
<p>CPI (pct)		   1.4	    2.3	   3.7</p>
<p>Unemployment (pct)	8.7	    8.55	  7.6</p>
<p>Employment growth (pct) 1.3	    2.4	   3.3</p>
<p>Current account (A$bln) -19.88	 -21.82	-28.16</p>
<p>-- Canberra Bureau 61-6 273-2730</p>
</text>
<copyright>(c) Reuters Limited 1997</copyright>
<metadata>
<codes class="bip:countries:1.0">
  <code code="AUSTR">
    <editdetail attribution="Reuters BIP Coding Group" action="confirmed" date="1997-03-16"/>
  </code>
</codes>
<codes class="bip:topics:1.0">
  <code code="E11">
    <editdetail attribution="Reuters BIP Coding Group" action="confirmed" date="1997-03-16"/>
  </code>
  <code code="ECAT">
    <editdetail attribution="Reuters BIP Coding Group" action="confirmed" date="1997-03-16"/>
  </code>
</codes>
<dc element="dc.date.created" value="1996-03-17"/>
<dc element="dc.publisher" value="Reuters Holdings Plc"/>
<dc element="dc.date.published" value="1997-03-16"/>
<dc element="dc.source" value="Reuters"/>
<dc element="dc.creator.location" value="CANBERRA"/>
<dc element="dc.creator.location.country.name" value="AUSTRALIA"/>
<dc element="dc.source" value="Reuters"/>
</metadata>
</newsitem>
