<?xml version="1.0" encoding="iso-8859-1" ?>
<newsitem itemid="445693" id="root" date="1997-03-16" xml:lang="en">
<title>VIETNAM: Vietnam protests to China over offshore drilling.</title>
<headline>Vietnam protests to China over offshore drilling.</headline>
<dateline>HANOI 1997-03-16</dateline>
<text>
<p>Vietnam has lodged a formal complaint with Beijing over Chinese oil exploration in an offshore area Hanoi considers its own, the official Vietnam News Agency (VNA) said on Sunday.</p>
<p>&quot;The operation of the Chinese oil rig has seriously violated Vietnam's sovereignty over its exclusive economic zone and continental shelf,&quot; VNA said, quoting a letter which was sent to the Chinese embassy in Hanoi on March 10.  </p>
<p>&quot;Vietnam demands the Chinese side stop the operation of the Kan Tan III oil rig and withdraw it from the exclusive zone and the continental shelf of Vietnam,&quot; the letter said.</p>
<p>&quot;The note stresses that China's violation...runs counter to the fine development trend of the friendship and cooperation between the two countries and caused bad effects on the progress of the ongoing negotiation to solve border and territorial issues between the two countries,&quot; VNA added.</p>
<p>It said the oil rig and tugboat were moved on March into an area in the South China Sea which was 64.5 nautical miles off Chan Nay Dong cape, halfway down the Vietnamese coast.</p>
<p>Vietnam and China have discussed land and maritime border disputes since they normalised relations in 1991. However, little progress has been made over the South China Sea, where they are among several regional claimants to the potentially oil-rich Spratly and Paracel island chains.</p>
</text>
<copyright>(c) Reuters Limited 1997</copyright>
<metadata>
<codes class="bip:countries:1.0">
  <code code="CHINA">
    <editdetail attribution="Reuters BIP Coding Group" action="confirmed" date="1997-03-16"/>
  </code>
  <code code="VIETN">
    <editdetail attribution="Reuters BIP Coding Group" action="confirmed" date="1997-03-16"/>
  </code>
</codes>
<codes class="bip:industries:1.0">
  <code code="I13000">
    <editdetail attribution="Reuters BIP Coding Group" action="confirmed" date="1997-03-16"/>
  </code>
  <code code="I1300003">
    <editdetail attribution="Reuters BIP Coding Group" action="confirmed" date="1997-03-16"/>
  </code>
</codes>
<codes class="bip:topics:1.0">
  <code code="C24">
    <editdetail attribution="Reuters BIP Coding Group" action="confirmed" date="1997-03-16"/>
  </code>
  <code code="CCAT">
    <editdetail attribution="Reuters BIP Coding Group" action="confirmed" date="1997-03-16"/>
  </code>
  <code code="GCAT">
    <editdetail attribution="Reuters BIP Coding Group" action="confirmed" date="1997-03-16"/>
  </code>
  <code code="GDIP">
    <editdetail attribution="Reuters BIP Coding Group" action="confirmed" date="1997-03-16"/>
  </code>
</codes>
<dc element="dc.date.created" value="1997-03-16"/>
<dc element="dc.publisher" value="Reuters Holdings Plc"/>
<dc element="dc.date.published" value="1997-03-16"/>
<dc element="dc.source" value="Reuters"/>
<dc element="dc.creator.location" value="HANOI"/>
<dc element="dc.creator.location.country.name" value="VIETNAM"/>
<dc element="dc.source" value="Reuters"/>
</metadata>
</newsitem>
