<?xml version="1.0" encoding="iso-8859-1" ?>
<newsitem itemid="445658" id="root" date="1997-03-16" xml:lang="en">
<title>SINGAPORE: IPCO unit signs Malaysian water supply study deal.</title>
<headline>IPCO unit signs Malaysian water supply study deal.</headline>
<dateline>SINGAPORE 1997-03-16</dateline>
<text>
<p>The IPCO group said on Sunday its Malaysian subsidiary has signed an agreement with the Malaysian state government of Perlis to conduct studies on a water supply system.</p>
<p>The agreement grants IPCO Constructors Sdn Bhd exclusive rights to conduct the detailed study, after which the company is expected to submit a proposal to develop the 12 million gallons per day water supply system, an IPCO statement said.</p>
<p>IPCO submitted a proposal to the Perlis government last year, saying the state would need substantial new sources of treated water in light of several planned large development projects in the area.</p>
<p>IPCO is currently constructing a similar treated water system in Malaysia's northern Langkawi island.</p>
<p>The Singapore-based group develops, contracts, and invests in infrastructure projects around the world.</p>
<p>It gave no financial details on the agreement, but said the water supply project is not expected to contribute to turnover and profit in the current financial year ending June 30, 1997.</p>
<p>-- Singapore newsroom (65 870 3199)</p>
</text>
<copyright>(c) Reuters Limited 1997</copyright>
<metadata>
<codes class="bip:countries:1.0">
  <code code="MALAY">
    <editdetail attribution="Reuters BIP Coding Group" action="confirmed" date="1997-03-16"/>
  </code>
  <code code="SINGP">
    <editdetail attribution="Reuters BIP Coding Group" action="confirmed" date="1997-03-16"/>
  </code>
</codes>
<codes class="bip:industries:1.0">
  <code code="I50200">
    <editdetail attribution="Reuters BIP Coding Group" action="confirmed" date="1997-03-16"/>
  </code>
</codes>
<codes class="bip:topics:1.0">
  <code code="C21">
    <editdetail attribution="Reuters BIP Coding Group" action="confirmed" date="1997-03-16"/>
  </code>
  <code code="C31">
    <editdetail attribution="Reuters BIP Coding Group" action="confirmed" date="1997-03-16"/>
  </code>
  <code code="C33">
    <editdetail attribution="Reuters BIP Coding Group" action="confirmed" date="1997-03-16"/>
  </code>
  <code code="CCAT">
    <editdetail attribution="Reuters BIP Coding Group" action="confirmed" date="1997-03-16"/>
  </code>
  <code code="GCAT">
    <editdetail attribution="Reuters BIP Coding Group" action="confirmed" date="1997-03-16"/>
  </code>
  <code code="GENV">
    <editdetail attribution="Reuters BIP Coding Group" action="confirmed" date="1997-03-16"/>
  </code>
</codes>
<dc element="dc.date.created" value="1997-03-16"/>
<dc element="dc.publisher" value="Reuters Holdings Plc"/>
<dc element="dc.date.published" value="1997-03-16"/>
<dc element="dc.source" value="Reuters"/>
<dc element="dc.creator.location" value="SINGAPORE"/>
<dc element="dc.creator.location.country.name" value="SINGAPORE"/>
<dc element="dc.source" value="Reuters"/>
</metadata>
</newsitem>
