<?xml version="1.0" encoding="iso-8859-1" ?>
<newsitem itemid="445668" id="root" date="1997-03-16" xml:lang="en">
<title>PHILIPPINES: Philippines sees 7-plus pct growth for 1997.</title>
<headline>Philippines sees 7-plus pct growth for 1997.</headline>
<dateline>BAGUIO, Philippines 1997-03-16</dateline>
<text>
<p>President Fidel Ramos on Sunday predicted the Philippine gross national product growth to exceed seven percent this year from last year's 6.8 percent on the back of rising exports.</p>
<p>He said he expected the economy to sustain its growth into the year 2000 with GNP forecast to grow in the range of from nine to 10 percent by year 2002 and exports and investments expanding by 20 percent annually until then.</p>
<p>&quot;We are now at 19 percent during the first two months of 1997 in terms of exports,&quot; he said, giving no comparative figures. He spoke at the graduation of cadets of the Philippine Military Academy in Baguio city in the northern Philippines.</p>
<p>Ramos said the reform programmes he launched when he took office in 1992 had helped cut down wealth disparities as the number of families living below the poverty threshhold fell to 35 percent last year from 40 percent five years ago.</p>
<p>&quot;If these past five years have taught us anything about economics it is that nothing works better than a free market, but this also means that we must strive to keep the market free and accessible to all,&quot; he added.</p>
<p>-- Manila newsroom (632) 841 8913 Fax 817 6267</p>
</text>
<copyright>(c) Reuters Limited 1997</copyright>
<metadata>
<codes class="bip:countries:1.0">
  <code code="PHLNS">
    <editdetail attribution="Reuters BIP Coding Group" action="confirmed" date="1997-03-16"/>
  </code>
</codes>
<codes class="bip:topics:1.0">
  <code code="E11">
    <editdetail attribution="Reuters BIP Coding Group" action="confirmed" date="1997-03-16"/>
  </code>
  <code code="ECAT">
    <editdetail attribution="Reuters BIP Coding Group" action="confirmed" date="1997-03-16"/>
  </code>
</codes>
<dc element="dc.date.created" value="1997-03-16"/>
<dc element="dc.publisher" value="Reuters Holdings Plc"/>
<dc element="dc.date.published" value="1997-03-16"/>
<dc element="dc.source" value="Reuters"/>
<dc element="dc.creator.location" value="BAGUIO, Philippines"/>
<dc element="dc.creator.location.country.name" value="PHILIPPINES"/>
<dc element="dc.source" value="Reuters"/>
</metadata>
</newsitem>
