<?xml version="1.0" encoding="iso-8859-1" ?>
<newsitem itemid="445692" id="root" date="1997-03-16" xml:lang="en">
<title>CHINA: China to build world's longest liquefied coal pipe.</title>
<headline>China to build world's longest liquefied coal pipe.</headline>
<dateline>BEIJING 1997-03-16</dateline>
<text>
<p>China is to build the world's longest pipline for transporting liquefied coal at a cost of $450 million, the China Daily Business Weekly said on Sunday.</p>
<p>The 720-km pipeline would run from central coal-producing Shanxi province to the eastern coastal Shandong peninsula, it said.</p>
<p>Construction of the pipeline would allow the use of large amounts of clean coal. It was expected to become operational by 2000, the newspaper said.</p>
<p>The Sino-foreign China Coal Pipelines Co Ltd has been set up with foreign capital to prepare for the project, it said.</p>
<p>The investment, to be raised mainly by foreign partners, was expected to be 3.7 billion yuan ($450 million), it said, quoting company general manager Zhang Tianshan.</p>
<p>The pipeline would carry 7.0 million tonnes of clean coal a year, with much of the product used to fuel two thermal power plants, each with installed capacity of 600 megawatts in Shandong, Zhang said.</p>
<p>Surplus coal will be exported, he said.</p>
</text>
<copyright>(c) Reuters Limited 1997</copyright>
<metadata>
<codes class="bip:countries:1.0">
  <code code="CHINA">
    <editdetail attribution="Reuters BIP Coding Group" action="confirmed" date="1997-03-16"/>
  </code>
</codes>
<codes class="bip:industries:1.0">
  <code code="I11000">
    <editdetail attribution="Reuters BIP Coding Group" action="confirmed" date="1997-03-16"/>
  </code>
  <code code="I50200">
    <editdetail attribution="Reuters BIP Coding Group" action="confirmed" date="1997-03-16"/>
  </code>
  <code code="I5020043">
    <editdetail attribution="Reuters BIP Coding Group" action="confirmed" date="1997-03-16"/>
  </code>
</codes>
<codes class="bip:topics:1.0">
  <code code="C24">
    <editdetail attribution="Reuters BIP Coding Group" action="confirmed" date="1997-03-16"/>
  </code>
  <code code="CCAT">
    <editdetail attribution="Reuters BIP Coding Group" action="confirmed" date="1997-03-16"/>
  </code>
</codes>
<dc element="dc.date.created" value="1997-03-16"/>
<dc element="dc.publisher" value="Reuters Holdings Plc"/>
<dc element="dc.date.published" value="1997-03-16"/>
<dc element="dc.source" value="Reuters"/>
<dc element="dc.creator.location" value="BEIJING"/>
<dc element="dc.creator.location.country.name" value="CHINA"/>
<dc element="dc.source" value="Reuters"/>
</metadata>
</newsitem>
