<?xml version="1.0" encoding="iso-8859-1" ?>
<newsitem itemid="445656" id="root" date="1997-03-16" xml:lang="en">
<title>SINGAPORE: DBS Land sees sustained growth for 1997.</title>
<headline>DBS Land sees sustained growth for 1997.</headline>
<dateline>SINGAPORE 1996-03-17</dateline>
<text>
<p>Singapore property and hotel company DBS Land Ltd said it expects to see sustained growth in 1997 after profits advanced to record levels last year.</p>
<p>&quot;Growth was broad-based in both Singapore and from overseas and we expect growth over the next few years to be sustained,&quot; Dr Han Cheng Fong, deputy chairman and group chief executive, told a news conference over the weekend.</p>
<p>He said profitability would be helped by developments in Hong Kong, Shanghai and Australia, while the Singapore residential market continued to experience a period of consolidation.</p>
<p>The group's net profits for the year ending December 31, 1996 rose 30.9 percent to Singapore $207.3 million.</p>
<p>The main reason for the strong performance was the rise in profits from property trading by 58 percent to S$193.5 million.</p>
<p>Han said one of DBS Land's main properties, Plaza Singapura, would be closed in the middle of the year for upgrading, but this should be offset by the completion of an office building for lease in the financial district this year.</p>
<p>-- Singapore newsroom (65 8703080)</p>
</text>
<copyright>(c) Reuters Limited 1997</copyright>
<metadata>
<codes class="bip:countries:1.0">
  <code code="SINGP">
    <editdetail attribution="Reuters BIP Coding Group" action="confirmed" date="1997-03-16"/>
  </code>
</codes>
<codes class="bip:industries:1.0">
  <code code="I85000">
    <editdetail attribution="Reuters BIP Coding Group" action="confirmed" date="1997-03-16"/>
  </code>
</codes>
<codes class="bip:topics:1.0">
  <code code="C15">
    <editdetail attribution="Reuters BIP Coding Group" action="confirmed" date="1997-03-16"/>
  </code>
  <code code="C152">
    <editdetail attribution="Reuters BIP Coding Group" action="confirmed" date="1997-03-16"/>
  </code>
  <code code="CCAT">
    <editdetail attribution="Reuters BIP Coding Group" action="confirmed" date="1997-03-16"/>
  </code>
</codes>
<dc element="dc.date.created" value="1996-03-17"/>
<dc element="dc.publisher" value="Reuters Holdings Plc"/>
<dc element="dc.date.published" value="1997-03-16"/>
<dc element="dc.source" value="Reuters"/>
<dc element="dc.creator.location" value="SINGAPORE"/>
<dc element="dc.creator.location.country.name" value="SINGAPORE"/>
<dc element="dc.source" value="Reuters"/>
</metadata>
</newsitem>
