<?xml version="1.0" encoding="iso-8859-1" ?>
<newsitem itemid="445659" id="root" date="1997-03-16" xml:lang="en">
<title>CHINA: China bristles at West's human rights censure in UN.</title>
<headline>China bristles at West's human rights censure in UN.</headline>
<byline>Jane Macartney</byline>
<dateline>BEIJING 1997-03-16</dateline>
<text>
<p>China warned on Sunday that any attempt in the United Nations to condemn its human rights record was doomed to failure and accused Western nations of putting developing countries on trial.</p>
<p>A commentary issued by the official Xinhua news agency charged the West with politicising the issue of human rights at the U.N. Human Rights Commission meeting in Geneva and said some countries were practising double standards.</p>
<p>China could retaliate, it said.</p>
<p>&quot;If some developed countries choose to impose confrontation on us and continue name calling, we will have no alternative but keep company,&quot; the commentary threatened.</p>
<p>The angry attack came just after the U.N. body began its annual six-week meeting last week, and appeared intended to counter anticipated criticism of China's rights record.</p>
<p>The United States and European Union are expected to bring a resolution expressing concern over abuses in China, but this looks likely to be defeated for the seventh year in a row due to Third World support for China in the 61-member commission, diplomats have said.</p>
<p>China was singled out in the U.S. State Department's annual report on human rights for having effectively silenced dissent in 1996 through jailings, intimidation or exile.</p>
<p>Beijing dismisses those charges.</p>
<p>&quot;Following the Cold War, Western powers turned the forum of the Commission on Human Rights into a place of confrontation between the North and the South,&quot; Xinhua said.</p>
<p>&quot;Posing as human rights judges, they directly targeted the developing countries,&quot; it said.</p>
<p>&quot;Over the past years, some Western countries, portraying (themselves as) human rights 'models' and 'judges,' have made every effort to attack developing countries with so-called human rights abuses while turning a blind eye to their own inglorious human rights record.&quot;</p>
<p>These developed nations had turned the commission into a court in which to put on trial developing countries, including China as one of their major targets, it said.</p>
<p>&quot;History has proven that attempts by a few developed countries, which are playing power politics, to impose their human rights standards and values on the majority of the international community are doomed to failure,&quot; it said.</p>
<p>&quot;A few developed countries have learned no lesson from their failures,&quot; the commentary said, referring to the resolution expected to be tabled against China during the current meeting.</p>
<p>China's ambassador to the United Nations in Geneva, Wu Jianmin, last week defended his country's record and said Beijing awaited a proposal on prison visits from the International Committee of the Red Cross (ICRC).</p>
<p>A spokesman for the Swiss humanitarian agency, which has never had access to political prisoners in China, has confirmed that it was in talks with Beijing about a joint working party of experts' meeting soon to begin talks on ICRC visits to detainees.</p>
</text>
<copyright>(c) Reuters Limited 1997</copyright>
<metadata>
<codes class="bip:countries:1.0">
  <code code="CHINA">
    <editdetail attribution="Reuters BIP Coding Group" action="confirmed" date="1997-03-16"/>
  </code>
  <code code="UN">
    <editdetail attribution="Reuters BIP Coding Group" action="confirmed" date="1997-03-16"/>
  </code>
</codes>
<codes class="bip:topics:1.0">
  <code code="GCAT">
    <editdetail attribution="Reuters BIP Coding Group" action="confirmed" date="1997-03-16"/>
  </code>
  <code code="GDIP">
    <editdetail attribution="Reuters BIP Coding Group" action="confirmed" date="1997-03-16"/>
  </code>
</codes>
<dc element="dc.date.created" value="1997-03-16"/>
<dc element="dc.publisher" value="Reuters Holdings Plc"/>
<dc element="dc.date.published" value="1997-03-16"/>
<dc element="dc.source" value="Reuters"/>
<dc element="dc.creator.location" value="BEIJING"/>
<dc element="dc.creator.location.country.name" value="CHINA"/>
<dc element="dc.source" value="Reuters"/>
</metadata>
</newsitem>
