<?xml version="1.0" encoding="iso-8859-1" ?>
<newsitem itemid="445644" id="root" date="1997-03-16" xml:lang="en">
<title>JAPAN: Tremor shakes central Japan, no damage reported.</title>
<headline>Tremor shakes central Japan, no damage reported.</headline>
<dateline>TOKYO 1997-03-16</dateline>
<text>
<p>A strong earthquake shook a wide area of central Japan on Sunday, rattling office buildings in Tokyo and forcing the suspension of bullet train service on a section of the country's east coast, authorities said.</p>
<p>There were no immediate reports of damage and authorities said there was no danger of &quot;tsunami&quot; tidal waves.</p>
<p>The earthquake at 2:51 p.m. (0551 GMT) measured 5.6 on the Richter scale with its epicentre in Aichi prefecture, about 250 km (150 miles) southwest of Tokyo, the Meteorological Agency said.</p>
<p>At least 11 prefectures in the central part of the main island of Honshu experienced moderate to strong tremors from the earthquake, which shook office buildings in central Tokyo for about 10 seconds.</p>
<p>Earlier this week, authorities said seismic activity had subsided after about 9,000 mostly minor tremors had shaken the coastal resort area of Ito, about 130 km (78 miles) southwest of Tokyo.</p>
</text>
<copyright>(c) Reuters Limited 1997</copyright>
<metadata>
<codes class="bip:countries:1.0">
  <code code="JAP">
    <editdetail attribution="Reuters BIP Coding Group" action="confirmed" date="1997-03-16"/>
  </code>
</codes>
<codes class="bip:topics:1.0">
  <code code="GCAT">
    <editdetail attribution="Reuters BIP Coding Group" action="confirmed" date="1997-03-16"/>
  </code>
  <code code="GDIS">
    <editdetail attribution="Reuters BIP Coding Group" action="confirmed" date="1997-03-16"/>
  </code>
  <code code="GENV">
    <editdetail attribution="Reuters BIP Coding Group" action="confirmed" date="1997-03-16"/>
  </code>
</codes>
<dc element="dc.date.created" value="1997-03-16"/>
<dc element="dc.publisher" value="Reuters Holdings Plc"/>
<dc element="dc.date.published" value="1997-03-16"/>
<dc element="dc.source" value="Reuters"/>
<dc element="dc.creator.location" value="TOKYO"/>
<dc element="dc.creator.location.country.name" value="JAPAN"/>
<dc element="dc.source" value="Reuters"/>
</metadata>
</newsitem>
