<?xml version="1.0" encoding="iso-8859-1" ?>
<newsitem itemid="445684" id="root" date="1997-03-16" xml:lang="en">
<title>MALAYSIA: Malaysia to launch &quot;electrical appliances capital&quot;.</title>
<headline>Malaysia to launch &quot;electrical appliances capital&quot;.</headline>
<byline>Syed Azman</byline>
<dateline>KUALA LUMPUR 1997-03-16</dateline>
<text>
<p>Malaysia will launch an industrial town on Monday devoted to producing locally-made electrical appliances in another government push to improve the country's trade balance.</p>
<p>The four-billion ringgit ($1.6 billion) project, called MEC City, will be launched by Prime Minister Mahathir Mohamad.</p>
<p>Products from MEC City, already billed as the country's &quot;electrical appliances capital&quot;, will be sold domestically and abroad.</p>
<p>A brainchild of Mahathir's, the project is part of government efforts to shrink a worrisome current account deficit by eventually reducing the country's need for certain imports.</p>
<p>Malaysia is also seeking investment in its &quot;Multimedia Super Corridor&quot;, a 15- by 50-km (nine by 30 mile) zone stretching south from Kuala Lumpur to where a new airport and federal capital are under construction.</p>
<p>The government aims to attract world class information technology firms to the zone, from satellite education providers to software designers and electronic publishers.</p>
<p>&quot;It should be viewed as a long-term positive development,&quot; said Nik Fauzan, an economist at Vickers Ballas Research in Kuala Lumpur, of MEC City.</p>
<p>&quot;Initially, you need to import equipment for the project. But in the long run, it would ease a lot of imports and thus lessen the burden on the current account,&quot; he said.</p>
<p>Consumer goods account for about 50 percent of Malaysia's total imports.</p>
<p>Malaysia posted a trade deficit of 617.97 million ringgit in 1996, against a 9.36 billion gap in 1995. The deficit is widely expected to narrow further over 1997, but at a slower pace due to infrastructure projects which need imports, analysts said.</p>
<p>The current account, measuring trade in services as well as merchandise, was officially projected to level off at a deficit of 11.45 billion ringgit in 1997, about the same as in 1996.</p>
<p>An analyst with a foreign brokerage house said the project was part of a growing process as Malaysia aims to be an industrialised nation by 2020.</p>
<p>&quot;Given the success of (national car) Proton, people will be less critical about national projects now,&quot; he said. &quot;But of course, there'll be tough competition.&quot;</p>
<p>Malaysian-made products will be competing with foreign imported goods which will be enjoying lower tariffs by 1998 under international trade agreements, the analyst said.</p>
<p>Malaysia's electrical appliances market is currently dominated by established Japanese and South Korean products.</p>
<p>MEC City is sited on 1,200 hectares (2,965 acres) of land near Kuantan city on the east coast with the entire project due to be fully developed in 10 years.</p>
<p>Malaysia Electric Corp Bhd (MEC), a wholly-owned unit of property and manufacturing firm Kuala Lumpur Industries Holdings Bhd, will lead the project. MEC has been producing electrical appliances for the last 20 years.</p>
<p>MEC will eventually make products like rice cookers, kettles, televisions, air-conditioners and refrigerators under the MEC brand. Company officials said MEC hopes to export 70 percent of its products to various markets in three years.</p>
<p>On Friday, MEC signed an agreement for the distribution of its products in Burma. It has also also secured a contract worth $500 million to supply electrical products to the United Arab Emirates, officials said.</p>
<p>($1 = 2.48 ringgit)</p>
</text>
<copyright>(c) Reuters Limited 1997</copyright>
<metadata>
<codes class="bip:countries:1.0">
  <code code="MALAY">
    <editdetail attribution="Reuters BIP Coding Group" action="confirmed" date="1997-03-16"/>
  </code>
</codes>
<codes class="bip:industries:1.0">
  <code code="I34540">
    <editdetail attribution="Reuters BIP Coding Group" action="confirmed" date="1997-03-16"/>
  </code>
  <code code="I83960">
    <editdetail attribution="Reuters BIP Coding Group" action="confirmed" date="1997-03-16"/>
  </code>
</codes>
<codes class="bip:topics:1.0">
  <code code="C11">
    <editdetail attribution="Reuters BIP Coding Group" action="confirmed" date="1997-03-16"/>
  </code>
  <code code="C13">
    <editdetail attribution="Reuters BIP Coding Group" action="confirmed" date="1997-03-16"/>
  </code>
  <code code="C24">
    <editdetail attribution="Reuters BIP Coding Group" action="confirmed" date="1997-03-16"/>
  </code>
  <code code="CCAT">
    <editdetail attribution="Reuters BIP Coding Group" action="confirmed" date="1997-03-16"/>
  </code>
  <code code="E51">
    <editdetail attribution="Reuters BIP Coding Group" action="confirmed" date="1997-03-16"/>
  </code>
  <code code="E512">
    <editdetail attribution="Reuters BIP Coding Group" action="confirmed" date="1997-03-16"/>
  </code>
  <code code="ECAT">
    <editdetail attribution="Reuters BIP Coding Group" action="confirmed" date="1997-03-16"/>
  </code>
</codes>
<dc element="dc.date.created" value="1997-03-16"/>
<dc element="dc.publisher" value="Reuters Holdings Plc"/>
<dc element="dc.date.published" value="1997-03-16"/>
<dc element="dc.source" value="Reuters"/>
<dc element="dc.creator.location" value="KUALA LUMPUR"/>
<dc element="dc.creator.location.country.name" value="MALAYSIA"/>
<dc element="dc.source" value="Reuters"/>
</metadata>
</newsitem>
