<?xml version="1.0" encoding="iso-8859-1" ?>
<newsitem itemid="445655" id="root" date="1997-03-16" xml:lang="en">
<title>CHINA: Shanghai economy grows 12.3 pct in Jan-Feb.</title>
<headline>Shanghai economy grows 12.3 pct in Jan-Feb.</headline>
<dateline>SHANGHAI 1997-03-16</dateline>
<text>
<p>Shanghai's economy grew 12.3 percent in the first two months of this year with Gross Domestic Product surpassing 43 billion yuan for China's commercial hub, the Xinhua news agency said on Sunday.</p>
<p>In January and February, the city generated 72.6 billion yuan in industrial output value, up 12.8 percent compared with the year-ago period, it said quoting figures from the Shanghai Municipal Statistics Bureau.</p>
<p>Exports exceeded $2.0 billion during the two months, up more than 10 percent from a year ago, it said.</p>
<p>Local retail sales of consumer goods hit a record of nearly 22.9 billion yuan in the first two months, a 16.5 percent of rise compared with the same period of the previous year.</p>
<p>Retail prices rose 0.9 percent, down by 6.4 percentage points compared with the year-ago period, it said.</p>
<p>Shanghai is targeting economic growth of 10 percent this year.</p>
</text>
<copyright>(c) Reuters Limited 1997</copyright>
<metadata>
<codes class="bip:countries:1.0">
  <code code="CHINA">
    <editdetail attribution="Reuters BIP Coding Group" action="confirmed" date="1997-03-16"/>
  </code>
</codes>
<codes class="bip:topics:1.0">
  <code code="E11">
    <editdetail attribution="Reuters BIP Coding Group" action="confirmed" date="1997-03-16"/>
  </code>
  <code code="ECAT">
    <editdetail attribution="Reuters BIP Coding Group" action="confirmed" date="1997-03-16"/>
  </code>
</codes>
<dc element="dc.date.created" value="1997-03-16"/>
<dc element="dc.publisher" value="Reuters Holdings Plc"/>
<dc element="dc.date.published" value="1997-03-16"/>
<dc element="dc.source" value="Reuters"/>
<dc element="dc.creator.location" value="SHANGHAI"/>
<dc element="dc.creator.location.country.name" value="CHINA"/>
<dc element="dc.source" value="Reuters"/>
</metadata>
</newsitem>
