<?xml version="1.0" encoding="iso-8859-1" ?>
<newsitem itemid="445651" id="root" date="1997-03-16" xml:lang="en">
<title>PHILIPPINES: PH-ADR Philippine stocks traded abroad.</title>
<headline>PH-ADR Philippine stocks traded abroad.</headline>
<dateline>MANILA 1996-03-17</dateline>
<text>
<p>Closing prices of Philippine stocks traded on Wall Street on Friday:</p>
<p> Company   Close	 Net Change  High     Low	 Volume</p>
<p> PLDT	US$60	 +0 3/4	60 1/8   59 3/4     33200</p>
<p> Benguet   US$0 13/32  No change   0 15/32  0 13/32    11100</p>
<p> 1st Phil  US$16 3/8   No change   16 3/8   16 1/4	7400</p>
</text>
<copyright>(c) Reuters Limited 1997</copyright>
<metadata>
<codes class="bip:countries:1.0">
  <code code="PHLNS">
    <editdetail attribution="Reuters BIP Coding Group" action="confirmed" date="1997-03-16"/>
  </code>
</codes>
<codes class="bip:topics:1.0">
  <code code="M11">
    <editdetail attribution="Reuters BIP Coding Group" action="confirmed" date="1997-03-16"/>
  </code>
  <code code="MCAT">
    <editdetail attribution="Reuters BIP Coding Group" action="confirmed" date="1997-03-16"/>
  </code>
</codes>
<dc element="dc.date.created" value="1996-03-17"/>
<dc element="dc.publisher" value="Reuters Holdings Plc"/>
<dc element="dc.date.published" value="1997-03-16"/>
<dc element="dc.source" value="Reuters"/>
<dc element="dc.creator.location" value="MANILA"/>
<dc element="dc.creator.location.country.name" value="PHILIPPINES"/>
<dc element="dc.source" value="Reuters"/>
</metadata>
</newsitem>
