<?xml version="1.0" encoding="iso-8859-1" ?>
<newsitem itemid="445646" id="root" date="1997-03-16" xml:lang="en">
<title>JAPAN: Japan trade surplus rises 6.5 pct in February.</title>
<headline>Japan trade surplus rises 6.5 pct in February.</headline>
<dateline>TOKYO 1996-03-17</dateline>
<text>
<p>Japan's customs-cleared trade surplus rose 6.5 percent in February from a year earlier to 686.72 billion yen, the first rise in over two years, the Finance Ministry said on Monday.</p>
<p>The trade surplus with the United States, often a source of trade friction, rose 12.3 percent in February from a year earlier to 407.35 billion yen. The figures were not adjusted for seasonal factors.  </p>
<p>At Monday's exchange rate of around 124 yen to the dollar, the overall customs-cleared trade surplus was $5.53 billion, while the surplus with the United States was $3.28 billion.</p>
<p>Economists' forecasts for the overall February trade surplus had ranged from 630 billion yen ($5.08 billion) to 831.3 billion yen ($6.70 billion). There was a surplus in February 1996 of 648.0 billion yen ($5.22 billion).</p>
<p>Many economists had expected a rise in the surplus as the weakening of the yen has recently accelerated Japan's exports while putting a brake on imports.</p>
<p>In the first 20 days of February, Japan's trade surplus had risen 53.3 percent from the same period a year earlier.</p>
</text>
<copyright>(c) Reuters Limited 1997</copyright>
<metadata>
<codes class="bip:countries:1.0">
  <code code="JAP">
    <editdetail attribution="Reuters BIP Coding Group" action="confirmed" date="1997-03-16"/>
  </code>
  <code code="USA">
    <editdetail attribution="Reuters BIP Coding Group" action="confirmed" date="1997-03-16"/>
  </code>
</codes>
<codes class="bip:topics:1.0">
  <code code="E51">
    <editdetail attribution="Reuters BIP Coding Group" action="confirmed" date="1997-03-16"/>
  </code>
  <code code="E512">
    <editdetail attribution="Reuters BIP Coding Group" action="confirmed" date="1997-03-16"/>
  </code>
  <code code="ECAT">
    <editdetail attribution="Reuters BIP Coding Group" action="confirmed" date="1997-03-16"/>
  </code>
</codes>
<dc element="dc.date.created" value="1996-03-17"/>
<dc element="dc.publisher" value="Reuters Holdings Plc"/>
<dc element="dc.date.published" value="1997-03-16"/>
<dc element="dc.source" value="Reuters"/>
<dc element="dc.creator.location" value="TOKYO"/>
<dc element="dc.creator.location.country.name" value="JAPAN"/>
<dc element="dc.source" value="Reuters"/>
</metadata>
</newsitem>
