<?xml version="1.0" encoding="iso-8859-1" ?>
<newsitem itemid="445669" id="root" date="1997-03-16" xml:lang="en">
<title>THAILAND: Thai baht seen still cautious on finance worries.</title>
<headline>Thai baht seen still cautious on finance worries.</headline>
<byline>Anuchit Nguyen</byline>
<dateline>BANGKOK 1997-03-16</dateline>
<text>
<p>Improved confidence helped the baht weather Thailand's recent financial crisis, but analysts said the currency was likely to trade cautiously in the near term as investors remained wary of fallout from the turmoil.</p>
<p>The currency remained calm through a stock market plunge this month amid fears about the health of Thailand's finance sector.</p>
<p>The Bank of Thailand's firm resolve to defend the baht was effective during the crisis and was expected to make speculators cautious of attacking the currency, analysts said.</p>
<p>&quot;The baht is quite reasonably stable with a little jitter from time to time. But in general terms compared to last month, March has shown much more stability,&quot; James Roe, treasury manager at Chase Manhattan Bank NA, said.</p>
<p>The baht was heavily offloaded in February amid speculation that it would be devalued to help cure Thailand's slow export growth and large current account deficit, analysts said.</p>
<p>Analysts have estimated that the central bank, which has repeatedly ruled out a baht devaluation, likely spent billions of dollars to defend the baht between December and Feburary amid the rumours of an impending devaluation.</p>
<p>They said the central bank's intervention in offshore markets had proved its ability to defend the currency and cautioned speculators against a renewed assault.</p>
<p>&quot;They (BOT) have proved themselves in their intervention and action which calmed the market at this time,&quot; Roe said.</p>
<p>But investors are expected to remain wary as they watch for further developments in the Thai financial sector.</p>
<p>Analysts said foreign investors were still concerned about the health of most finance companies which had been hit by a bearish stock market and large non-performing loans made mainly to the property sector.</p>
<p>In a revamp of the financial sector, the Bank of Thailand this month ordered 10 weakened finance companies to immediately increase their capital and told all banks and finance companies to raise provisions for substandard loans.</p>
<p>But analysts said the central bank's move to bolster finance companies lifted investors' confidence in the currency at the time.</p>
<p>Alan Erskine, regional market strategist at Citibank Corp in Singapore, said signs of improving economic conditions like an export recovery, declining imports and a low inflation rate also showed that the baht was fairly valued at its current level.</p>
<p>The baht on Friday closed at 25.966/25.969 to the dollar.</p>
<p>Analysts expected the baht to trade in a narrow range in the near term.</p>
<p>&quot;One thing to fear is if the U.S. dollar will strengthen again especially against the yen. If this coincides with more reports of the financial sector weakness, that would provoke new pressure (on the baht),&quot; Erskine said.</p>
<p>-- Bangkok newsroom (662) 652-0642</p>
</text>
<copyright>(c) Reuters Limited 1997</copyright>
<metadata>
<codes class="bip:countries:1.0">
  <code code="THAIL">
    <editdetail attribution="Reuters BIP Coding Group" action="confirmed" date="1997-03-16"/>
  </code>
</codes>
<codes class="bip:topics:1.0">
  <code code="M13">
    <editdetail attribution="Reuters BIP Coding Group" action="confirmed" date="1997-03-16"/>
  </code>
  <code code="M132">
    <editdetail attribution="Reuters BIP Coding Group" action="confirmed" date="1997-03-16"/>
  </code>
  <code code="MCAT">
    <editdetail attribution="Reuters BIP Coding Group" action="confirmed" date="1997-03-16"/>
  </code>
</codes>
<dc element="dc.date.created" value="1997-03-16"/>
<dc element="dc.publisher" value="Reuters Holdings Plc"/>
<dc element="dc.date.published" value="1997-03-16"/>
<dc element="dc.source" value="Reuters"/>
<dc element="dc.creator.location" value="BANGKOK"/>
<dc element="dc.creator.location.country.name" value="THAILAND"/>
<dc element="dc.source" value="Reuters"/>
</metadata>
</newsitem>
