<?xml version="1.0" encoding="iso-8859-1" ?>
<newsitem itemid="445603" id="root" date="1997-03-16" xml:lang="en">
<title>JAMAICA: Security tight ahead of Manley funeral in Jamaica.</title>
<headline>Security tight ahead of Manley funeral in Jamaica.</headline>
<dateline>KINGSTON, Jamaica 1997-03-15</dateline>
<text>
<p>Jamaica stepped up security on Saturday ahead of a state funeral for former Prime Minister Michael Manley that is expected to be attended by a throng of dignitaries, including Cuban President Fidel Castro.</p>
<p>Sunday's funeral follows two days of mourning in which tens of thousands of people crowded Kingston's national arena where Manley's body lay in state.</p>
<p>The official news agency Jampress said Castro was due to arrive at Kingston's airport at 11 a.m. on Sunday. Other dignitaries expected at the funeral are, among others, former U.S. President Jimmy Carter, former Tanzanian president Julius Nyerere and former Venezuelan president Carlos Andres Perez.</p>
<p>Perez and Nation of Islam leader Louis Farrakhan were among those who filed past Manley's body on Saturday during extended viewing hours to accommodate the huge numbers of people who lined up to pay their respects.</p>
<p>Manley's burial will be the first state funeral in 20 years in Jamaica -- the last one was in 1977 for former prime minister, and Manley's cousin, Sir Alexander Bustamante.</p>
<p>Jamaica's defence and police forces have called out all reservists, along with veterans, officer cadets, the Boy Scouts and Girl Guides and even nurses to maintain order along the funeral route.</p>
<p>The funeral is due to be held at the Catholic cathedral a short distance from National Heroes Park, where Manley's body will be interred.</p>
<p>Manley died on March 6 at home, aged 72, after a long struggle with cancer.</p>
</text>
<copyright>(c) Reuters Limited 1997</copyright>
<metadata>
<codes class="bip:countries:1.0">
  <code code="CUBA">
    <editdetail attribution="Reuters BIP Coding Group" action="confirmed" date="1997-03-16"/>
  </code>
  <code code="JAMA">
    <editdetail attribution="Reuters BIP Coding Group" action="confirmed" date="1997-03-16"/>
  </code>
</codes>
<codes class="bip:topics:1.0">
  <code code="GCAT">
    <editdetail attribution="Reuters BIP Coding Group" action="confirmed" date="1997-03-16"/>
  </code>
  <code code="GPOL">
    <editdetail attribution="Reuters BIP Coding Group" action="confirmed" date="1997-03-16"/>
  </code>
</codes>
<dc element="dc.date.created" value="1997-03-15"/>
<dc element="dc.publisher" value="Reuters Holdings Plc"/>
<dc element="dc.date.published" value="1997-03-16"/>
<dc element="dc.source" value="Reuters"/>
<dc element="dc.creator.location" value="KINGSTON, Jamaica"/>
<dc element="dc.creator.location.country.name" value="JAMAICA"/>
<dc element="dc.source" value="Reuters"/>
</metadata>
</newsitem>
