<?xml version="1.0" encoding="iso-8859-1" ?>
<newsitem itemid="445688" id="root" date="1997-03-16" xml:lang="en">
<title>HONG KONG: U.S. activist Wu says HK handover a &quot;tragedy&quot;.</title>
<headline>U.S. activist Wu says HK handover a &quot;tragedy&quot;.</headline>
<dateline>HONG KONG 1997-03-16</dateline>
<text>
<p>Chinese-American human rights activist Harry Wu, who paid a secret visit to Hong Kong last week, told a local newspaper the territory's handover to China on July 1 was a &quot;tragedy&quot;.</p>
<p>&quot;I think the handover is a tragedy,&quot; Wu told the Sunday edition of the Hong Kong Standard, adding he was not sure whether he would be allowed to return to the territory after China takes it back from Britain at midnight on June 30.</p>
<p>&quot;Hong Kong will become part of China and they hate me in China,&quot; said Wu, who now lives in San Francisco as a U.S. citizen.</p>
<p>Shanghai-born Wu, who spent 19 years in forced labour camps in China in the 1960s and 1970s, visited Hong Kong last week with a French television crew filming a documentary about the handover and stayed at a hotel under a false name, the paper said.</p>
<p>Wu told Reuters in the United States last week he was certain Beijing would introduce repressive measures into the territory of 6.4 million people, despite China's pledge to allow Hong Kong a high degree of autonomy after the handover.</p>
<p>&quot;Hong Kong is finished,&quot; he told Reuters. &quot;Do you think a free capitalist system under totalitarianism can survive?&quot;</p>
<p>China has already alarmed many people inside and outside the territory by proposing to repeal some Hong Kong legislation enshrining civil rights -- ordinances it has said were not consistent with the territory's post-handover constitution.</p>
<p>China also plans to replace the elected legislature with a hand-picked provisional body.</p>
<p>Beijing would not overtly crack down on mainland dissidents living in Hong Kong after the handover, Wu told the Standard, because it wanted to give the impression of a smooth changeover.</p>
<p>&quot;Keeping things in low profile includes dealing with Hong Kong dissident organisations, religious groups and so on,&quot; he said.</p>
<p>&quot;The Chinese government won't arrest them -- that would be stupid. But that doesn't mean not doing anything.&quot;</p>
</text>
<copyright>(c) Reuters Limited 1997</copyright>
<metadata>
<codes class="bip:countries:1.0">
  <code code="CHINA">
    <editdetail attribution="Reuters BIP Coding Group" action="confirmed" date="1997-03-16"/>
  </code>
  <code code="HKONG">
    <editdetail attribution="Reuters BIP Coding Group" action="confirmed" date="1997-03-16"/>
  </code>
  <code code="UK">
    <editdetail attribution="Reuters BIP Coding Group" action="confirmed" date="1997-03-16"/>
  </code>
  <code code="USA">
    <editdetail attribution="Reuters BIP Coding Group" action="confirmed" date="1997-03-16"/>
  </code>
</codes>
<codes class="bip:topics:1.0">
  <code code="GCAT">
    <editdetail attribution="Reuters BIP Coding Group" action="confirmed" date="1997-03-16"/>
  </code>
  <code code="GDIP">
    <editdetail attribution="Reuters BIP Coding Group" action="confirmed" date="1997-03-16"/>
  </code>
  <code code="GPRO">
    <editdetail attribution="Reuters BIP Coding Group" action="confirmed" date="1997-03-16"/>
  </code>
</codes>
<dc element="dc.date.created" value="1997-03-16"/>
<dc element="dc.publisher" value="Reuters Holdings Plc"/>
<dc element="dc.date.published" value="1997-03-16"/>
<dc element="dc.source" value="Reuters"/>
<dc element="dc.creator.location" value="HONG KONG"/>
<dc element="dc.creator.location.country.name" value="HONG KONG"/>
<dc element="dc.source" value="Reuters"/>
</metadata>
</newsitem>
