<?xml version="1.0" encoding="iso-8859-1" ?>
<newsitem itemid="445676" id="root" date="1997-03-16" xml:lang="en">
<title>SINGAPORE: U.S. managers still rate Asia highly for business.</title>
<headline>U.S. managers still rate Asia highly for business.</headline>
<dateline>SINGAPORE 1997-03-16</dateline>
<text>
<p>Most Asian countries have not lost their appeal to companies in the West searching for growing markets despite tougher economic times, a survey by Political &amp; Economic Risk Consultancy (PERC) said on Sunday.</p>
<p>The poll conducted in late-January and early February asked executives in seven U.S. cities to rate 11 Asian countries on the basis of overall ease or difficulty of doing business.</p>
<p>The survey by the Hong Kong-based consultancy showed that Hong Kong, which Britain hands back to China on July 1, had resumed its number one position.</p>
<p>&quot;The reality is that the economy has performed relatively well, inflation pressures have eased, labour turnover has lessened and company profits have held up well,&quot; it said.</p>
<p>Singapore slipped to second place from its top position last year.</p>
<p>&quot;Singapore's economy may be encountering more difficult times, but this has not in any way hurt the country's reputation for providing a pro-business environment,&quot; PERC said.</p>
<p>The survey said Hong Kong was placed behind Singapore last year due to pessimism about its 1997 transition to China.</p>
<p>Singapore was seen fundamentally strong but was criticised for stringent regulations, high costs and a shortage of labour.</p>
<p>&quot;For manufacturing and construction companies, who are obliged to pay government levies for the privilege of using foreign labour, it is a particularly sore point,&quot; PERC said.</p>
<p>&quot;Singapore certainly has a very hands-on government, not all aspects of which are appreciated by businessmen.&quot;</p>
<p>Countries which fell back on ratings included Vietnam, and to a lesser extent, South Korea.</p>
<p>PERC said last year's grade for Vietnam reflected a sense of optimism, now cooling, that its diligent labour force could turn the country into the next Asian tiger.</p>
<p>&quot;The actual experience of many foreign companies has not lived up to expectations...Vietnam was rated by far the most difficult business environment of all the countries surveyed.&quot;</p>
<p>South Korea's reputation for business dropped with labour strikes damaging export performance and blocked reform of the country's restrictive labour laws.</p>
<p>North Korea's serious economic problems also raised the possibility of volatility in the North, a burden to the South at a time when the economy was poorly positioned to withstand it.</p>
<p>Ratings for Indonesia improved over the previous year and were seen &quot;surprisingly positive&quot; amid still common complaints by business executives, PERC said.</p>
<p>Respondents cited problems such as corruption, excessive controls on foreign business activity, business interest of the presidential family and difficulty of understanding how government laws and regulations were applied in practice.</p>
<p>PERC said Malaysia's ratings also improved over 1996 but were still worse than expected.</p>
<p>It said the country's boycott of British and Australian companies in the 1980s and early 1990s still gave executives the impression it was politically unstable, or potentially hostile to foreign investment.</p>
<p>Issues detracting from a pro-business environment were nationalism, controls on foreign companies, pro-Malay economic policies and the need to have good contacts.</p>
</text>
<copyright>(c) Reuters Limited 1997</copyright>
<metadata>
<codes class="bip:countries:1.0">
  <code code="ASIA">
    <editdetail attribution="Reuters BIP Coding Group" action="confirmed" date="1997-03-16"/>
  </code>
  <code code="HKONG">
    <editdetail attribution="Reuters BIP Coding Group" action="confirmed" date="1997-03-16"/>
  </code>
  <code code="SINGP">
    <editdetail attribution="Reuters BIP Coding Group" action="confirmed" date="1997-03-16"/>
  </code>
  <code code="USA">
    <editdetail attribution="Reuters BIP Coding Group" action="confirmed" date="1997-03-16"/>
  </code>
</codes>
<codes class="bip:topics:1.0">
  <code code="E11">
    <editdetail attribution="Reuters BIP Coding Group" action="confirmed" date="1997-03-16"/>
  </code>
  <code code="E51">
    <editdetail attribution="Reuters BIP Coding Group" action="confirmed" date="1997-03-16"/>
  </code>
  <code code="ECAT">
    <editdetail attribution="Reuters BIP Coding Group" action="confirmed" date="1997-03-16"/>
  </code>
</codes>
<dc element="dc.date.created" value="1997-03-16"/>
<dc element="dc.publisher" value="Reuters Holdings Plc"/>
<dc element="dc.date.published" value="1997-03-16"/>
<dc element="dc.source" value="Reuters"/>
<dc element="dc.creator.location" value="SINGAPORE"/>
<dc element="dc.creator.location.country.name" value="SINGAPORE"/>
<dc element="dc.source" value="Reuters"/>
</metadata>
</newsitem>
