<?xml version="1.0" encoding="iso-8859-1" ?>
<newsitem itemid="445613" id="root" date="1997-03-16" xml:lang="en">
<title>AUSTRALIA: RTRS-Best Australian bank/non-bank term deposits.</title>
<headline>RTRS-Best Australian bank/non-bank term deposits.</headline>
<text>
<p>(Updated March 14)</p>
<p>BANKS</p>
<p>    PERIOD	BANK		  RATE   EFFECTIVE RATE</p>
<p>    30 days     HKBank		5.45	  --</p>
<p>    90 days     Arab Bank	   6.00</p>
<p>   180 days     Arab Bank	   6.00</p>
<p>   270 days     Arab Bank	   5.70</p>
<p>    1 year	HKBank		6.01	  6.01</p>
<p>    2 years     HKBank		6.63	  6.63</p>
<p>    3 years     HKBank		7.00	  7.12</p>
</text>
<copyright>(c) Reuters Limited 1997</copyright>
<metadata>
<codes class="bip:countries:1.0">
  <code code="AUSTR">
    <editdetail attribution="Reuters BIP Coding Group" action="confirmed" date="1997-03-16"/>
  </code>
</codes>
<codes class="bip:industries:1.0">
  <code code="I81402">
    <editdetail attribution="Reuters BIP Coding Group" action="confirmed" date="1997-03-16"/>
  </code>
</codes>
<codes class="bip:topics:1.0">
  <code code="C31">
    <editdetail attribution="Reuters BIP Coding Group" action="confirmed" date="1997-03-16"/>
  </code>
  <code code="CCAT">
    <editdetail attribution="Reuters BIP Coding Group" action="confirmed" date="1997-03-16"/>
  </code>
</codes>
<dc element="dc.publisher" value="Reuters Holdings Plc"/>
<dc element="dc.date.published" value="1997-03-16"/>
<dc element="dc.source" value="Reuters"/>
<dc element="dc.creator.location.country.name" value="AUSTRALIA"/>
<dc element="dc.source" value="Reuters"/>
</metadata>
</newsitem>
