<?xml version="1.0" encoding="iso-8859-1" ?>
<newsitem itemid="445666" id="root" date="1997-03-16" xml:lang="en">
<title>PHILIPPINES: Filipinas end 92-year military tradition.</title>
<headline>Filipinas end 92-year military tradition.</headline>
<byline>Christina Pantin</byline>
<dateline>BAGUIO, Philippines 1997-03-16</dateline>
<text>
<p>Seven women on Sunday became the first female graduates of the once male-dominated Philippine Military Academy (PMA), ending nearly a century of tradition.</p>
<p>&quot;I say to my fellow men Filipinos, better watch out,&quot; President Fidel Ramos said in a speech, referring to the first women cadets to graduate in the 92-year history of an academy known as a male bastion.</p>
<p>Cheers erupted from the crowd at the PMA parade field when Ramos handed out awards to Leah Lorenzo, the 23-year-old daughter of a former Manila policeman, for finishing third with honours among 123 graduating cadets.</p>
<p>The seven, three of whom were placed in the top 10 of this year's graduating class, were among 16 women who enlisted for a four-year course at the academy in 1993.</p>
<p>The other nine dropped out.</p>
<p>A law declaring women should be treated as &quot;equal partners&quot; in development and nation-building cleared the way for their entry to the country's premier military school which has produced bemedalled combat officers, coup plotters and communist rebels.</p>
<p>Most of the leaders of six failed coup attempts from 1986 to 1989 against then president Corazon Aquino were PMA cadets who went on to become army officers.</p>
<p>At least two PMA cadets in the 1970s abandoned the academy to lead communist rebels against the forces of then-president Ferdinand Marcos.</p>
<p>On parade in blistering heat in front of Ramos, senior officials and foreign diplomats, the women were virtually indistinguishable from their male counterparts in their grey jackets and white pants.</p>
<p>One of them was Consuelo Nunag, who graduated in seventh position, a daughter of a mechanical engineer who himself had unsuccessfully tried to join the PMA in his youth.</p>
<p>The new graduates are automatically commissioned into the armed forces as lieutenants. Some of the women said they would enlist in the army, while one said she would join the air force.</p>
<p>Victoria Blancaflor, in her early 20s, brushed aside suggestions that women in the military should not be given combat assignments and be confined to support operations.</p>
<p>&quot;If we won't be given those combat assignments we won't be promoted as aggressively as our male counterparts,&quot; she told reporters.</p>
<p>However, she said she believed the army would provide good opportunities for women. &quot;I am very positive that we will be given a chance,&quot; she said.</p>
</text>
<copyright>(c) Reuters Limited 1997</copyright>
<metadata>
<codes class="bip:countries:1.0">
  <code code="PHLNS">
    <editdetail attribution="Reuters BIP Coding Group" action="confirmed" date="1997-03-16"/>
  </code>
</codes>
<codes class="bip:topics:1.0">
  <code code="GCAT">
    <editdetail attribution="Reuters BIP Coding Group" action="confirmed" date="1997-03-16"/>
  </code>
  <code code="GDEF">
    <editdetail attribution="Reuters BIP Coding Group" action="confirmed" date="1997-03-16"/>
  </code>
</codes>
<dc element="dc.date.created" value="1997-03-16"/>
<dc element="dc.publisher" value="Reuters Holdings Plc"/>
<dc element="dc.date.published" value="1997-03-16"/>
<dc element="dc.source" value="Reuters"/>
<dc element="dc.creator.location" value="BAGUIO, Philippines"/>
<dc element="dc.creator.location.country.name" value="PHILIPPINES"/>
<dc element="dc.source" value="Reuters"/>
</metadata>
</newsitem>
