<?xml version="1.0" encoding="iso-8859-1" ?>
<newsitem itemid="445600" id="root" date="1997-03-16" xml:lang="en">
<title>CHILE: Chile to buy two French submarines - report.</title>
<headline>Chile to buy two French submarines - report.</headline>
<dateline>SANTIAGO, Chile 1997-03-16</dateline>
<text>
<p>Chile has decided to buy two French nuclear-powered Scorpene submarines after studying offers from at least four countries, El Mercurio newspaper reported on Sunday.</p>
<p>The first submarine will arrive within the next four or five years the paper quoted Defence Minister Edmundo Perez Yoma as saying.</p>
<p>Military sources said the two submarines, which will replace the Chilean navy's aging British submarines, will cost under $450 million. The navy is planning eventually to build a third vessel at its own shipyard at the port of Talcahuano.</p>
<p>The Scorpene beat off competition from British, Swedish and German shipbuilders. One of the deciding factors was that the French submarine is especially silent, making it difficult to detect, El Mercurio said.</p>
<p>The deal is part of a plan by Chile's armed forces to upgrade their aging weaponry. The army recently ordered tanks from Belgium and the airforce is said to be interested in buying new high-technology jets.</p>
</text>
<copyright>(c) Reuters Limited 1997</copyright>
<metadata>
<codes class="bip:countries:1.0">
  <code code="CHIL">
    <editdetail attribution="Reuters BIP Coding Group" action="confirmed" date="1997-03-16"/>
  </code>
  <code code="FRA">
    <editdetail attribution="Reuters BIP Coding Group" action="confirmed" date="1997-03-16"/>
  </code>
</codes>
<codes class="bip:topics:1.0">
  <code code="E51">
    <editdetail attribution="Reuters BIP Coding Group" action="confirmed" date="1997-03-16"/>
  </code>
  <code code="E512">
    <editdetail attribution="Reuters BIP Coding Group" action="confirmed" date="1997-03-16"/>
  </code>
  <code code="ECAT">
    <editdetail attribution="Reuters BIP Coding Group" action="confirmed" date="1997-03-16"/>
  </code>
  <code code="GCAT">
    <editdetail attribution="Reuters BIP Coding Group" action="confirmed" date="1997-03-16"/>
  </code>
  <code code="GDEF">
    <editdetail attribution="Reuters BIP Coding Group" action="confirmed" date="1997-03-16"/>
  </code>
  <code code="GDIP">
    <editdetail attribution="Reuters BIP Coding Group" action="confirmed" date="1997-03-16"/>
  </code>
</codes>
<dc element="dc.date.created" value="1997-03-16"/>
<dc element="dc.publisher" value="Reuters Holdings Plc"/>
<dc element="dc.date.published" value="1997-03-16"/>
<dc element="dc.source" value="Reuters"/>
<dc element="dc.creator.location" value="SANTIAGO, Chile"/>
<dc element="dc.creator.location.country.name" value="CHILE"/>
<dc element="dc.source" value="Reuters"/>
</metadata>
</newsitem>
