<?xml version="1.0" encoding="iso-8859-1" ?>
<newsitem itemid="445630" id="root" date="1997-03-16" xml:lang="en">
<title>AUSTRALIA: RTRS-Australian Commodities Roundup - March 17.</title>
<headline>RTRS-Australian Commodities Roundup - March 17.</headline>
<dateline>SYDNEY 1996-03-17</dateline>
<text>
<p>In world commodity markets on Friday night, the copper market ended on a buoyant note and helped to instil a more confident tone to some of the other base metals.</p>
<p>Gold prices fell slightly while wheat prices jumped on concerns about U.S. weather. Oil prices spiked on shorcovering.</p>
<p>The CRB index closed up 1.87 points at 246.93.</p>
<p>METALS</p>
<p>Most LME metals displayed a firmer tone on Friday afternoon but zinc was the only metal that ventured out of familiar ranges ahead of Third Wednesday pricing next week.</p>
<p>Three months copper ended modestly firmer, but still well within the week's range of $2,312-$2,375 after stocks data showed a 4,275-tonne draw. It finished the afternoon kerb $17 higher at $2,356 per tonne, and may be preparing to resume probes to the upside.</p>
<p>Zinc steamed ahead to a fresh high since October 1992, touching $1,292, buoyed by a stocks decline of 3,425 tonnes and fresh speculative buying.</p>
<p>Aluminium finished the day slightly higher at $1,668, up $10 after inventories fell by 1,750 tonnes.</p>
<p>Nickel briefly tested the upper end of its recent range, hitting $8,140, but drifted back to close $55 higher at $8,115.</p>
<p>Lead was the only metal to end in the negative column, shedding $3 to finish the day at $690.</p>
<p>Tin closed $10 higher at $6,060 with chartists noting the bullish cross of the 10-day and 30-day moving averages. Alloy finished stronger at $1,550, up $10.</p>
<p>GOLD</p>
<p>COMEX and NYMEX precious metals futures ended lower Friday, on moderate volumes, ahead of the expiry of April gold, silver and platinum options at the close. COMEX April gold ended down $1.50 at $352.90 an ounce, after trading a $355.50-352.50 range. Estimated total gold futures volume was 25,000 lots. In the bullion market, spot gold ended quoted $352.00/352.50, compared to the London Friday afternoon fix at $352.80 and the New York close Thursday around $353.10/60. Spot gold prices have drifted in a $350-355 range this week, after a month-long recovery from three year lows around $336, driven by funds covering near-record short positions.</p>
<p>WHEAT</p>
<p>CBOT soft red winter wheat futures closed higher on concerns about adverse weather in U.S. areas where the three main classes of wheat are grown, traders said. Wheat closed seven to 10-1/2 cents per bushel higher, with March up 9-1/4 at $3.83-1/4. Gains in March were limited by news Sri Lanka bought wheat from Argentina and the EU rather than from the U.S. Also a Philippine firm rejected offers on U.S. wheat and soybeans.</p>
<p>NYMEX OIL</p>
<p>NYMEX crude futures ended sharply higher on Friday, partly on short covering ahead of an annual industry event beginning Sunday and buying in the front calender spread. April settled up 59 cents at $21.29 a barrel. Traders also noted the expiry in the April crude options also buoyed the front month with buying seen in the $21.00 and $21.50 strikes.  </p>
<p>Last trades or bids for key Australian-interest commodities. Previous close in brackets.</p>
<p>Commodities Research Bureau Index		246.93 ( 245.06)</p>
<p>U.S.</p>
<p>Copper h.grade (Comex 2nd mth USc/lb)	   112.6 ( 111.05)</p>
<p>Copper wirebars (USc/lb bid)		    119.625 ( 118.63)</p>
<p>Lead Scrap (USc/lb bid)				  10 (     10)</p>
<p>Aluminium (USc/lb bid)				79.75 (  80.75)</p>
<p>Platinum (JMI based US$/oz last)		    382 (    384)</p>
<p>Palladium (JMI based US$/oz last)		   155 (    156)</p>
<p>Silver (H&amp;H US$/oz last)			     5.31 (   5.27)</p>
<p>Gold Bullion (H&amp;H US$/oz last)		    352.8 (  352.9)</p>
<p>Gold (Comex 2nd mth US$/oz)			   353 (  354.5)</p>
<p>Crude oil (NYMEX light 2nd mth US$/bbl)	  21.2 (  20.65)</p>
<p>Sugar Raw No.11 (average USc/lb last)	   10.88 (  10.73)</p>
<p>Cotton (NYC 2nd mth USc/50klb)		    76.74 (  76.75)</p>
<p>Wheat (CBOT 2nd mth USc/5kbushel)		   387 (    378)</p>
<p>Live Cattle (CME 1st mth USc/40klbs)	     68.7 ( 68.325)</p>
<p>Live Cattle (CME 2nd mth USc/40klbs)	   64.675 ( 64.625)</p>
<p>LONDON</p>
<p>Copper Grade A (LME cash official US$/tonne  2412.5 (   2380)</p>
<p>Copper Grade A (LME 3-mth offiicial US$/ton    2357 (   2330)</p>
<p>Aluminium (LME cash official US$/tonne)	  1624 (   1634)</p>
<p>Aluminium (LME 3-mth official US$/tonne)     1655.5 (   1665)</p>
<p>Lead (LME cash official US$/tonne)		  698 (    699)</p>
<p>Lead (LME 3-mth official US$/tonne)		 691 (  694.5)</p>
<p>Nickel (LME cash official US$/tonne)	     7970 (   7949)</p>
<p>Nickel (LME 3-mth official US$/tonne)	    8075 (   8055)</p>
<p>Zinc High Grade (LME cash official US$/tonn    1262 (   1255)</p>
<p>Zinc High Grade (LME 3-mth official US$/ton  1281.5 (   1276)</p>
<p>Silver (spot fix USc/oz)			   527.25 (    523)</p>
<p>Antimony (US$/tonne bid)			     2100 (   2100)</p>
<p>Tantalite ore (US$/lb bid)			     26 (     26)</p>
<p>Platinum (stg/oz afternoon fix)		   239.9 ( 238.75)</p>
<p>Gold Bullion (US$/oz afternoon fix)	     352.8 (  352.9)</p>
<p>Raw sugar No.4 (stg/tonne last)			 0 (  168.4)</p>
<p>Wheat (LCE 2nd mth stg/tonne)			99.7 (   98.7)</p>
<p>--Sydney newsroom 61-2 9373-1800</p>
</text>
<copyright>(c) Reuters Limited 1997</copyright>
<metadata>
<codes class="bip:countries:1.0">
  <code code="AUSTR">
    <editdetail attribution="Reuters BIP Coding Group" action="confirmed" date="1997-03-16"/>
  </code>
</codes>
<codes class="bip:topics:1.0">
  <code code="M14">
    <editdetail attribution="Reuters BIP Coding Group" action="confirmed" date="1997-03-16"/>
  </code>
  <code code="M141">
    <editdetail attribution="Reuters BIP Coding Group" action="confirmed" date="1997-03-16"/>
  </code>
  <code code="M142">
    <editdetail attribution="Reuters BIP Coding Group" action="confirmed" date="1997-03-16"/>
  </code>
  <code code="M143">
    <editdetail attribution="Reuters BIP Coding Group" action="confirmed" date="1997-03-16"/>
  </code>
  <code code="MCAT">
    <editdetail attribution="Reuters BIP Coding Group" action="confirmed" date="1997-03-16"/>
  </code>
</codes>
<dc element="dc.date.created" value="1996-03-17"/>
<dc element="dc.publisher" value="Reuters Holdings Plc"/>
<dc element="dc.date.published" value="1997-03-16"/>
<dc element="dc.source" value="Reuters"/>
<dc element="dc.creator.location" value="SYDNEY"/>
<dc element="dc.creator.location.country.name" value="AUSTRALIA"/>
<dc element="dc.source" value="Reuters"/>
</metadata>
</newsitem>
