<?xml version="1.0" encoding="iso-8859-1" ?>
<newsitem itemid="445617" id="root" date="1997-03-16" xml:lang="en">
<title>AUSTRALIA: RTRS-Australian pre-Easter wool prices seen steady.</title>
<headline>RTRS-Australian pre-Easter wool prices seen steady.</headline>
<dateline>SYDNEY 1996-03-17</dateline>
<text>
<p>Australian wool prices are expected to remain steady at auctions in Sydney, Melbourne and Fremantle this week when about 101,675 bales will be offered, The Astralian Council of Wool Exporters said.</p>
<p>The positive note on which the market closed last week is expected to be continued this week, the council said in its weekly market preview.</p>
<p>Pastoral group Wesfarmers said this week's sales are the last before the two week Easter recess which is expected to force buyers to take stock to cover orders and provide the market with continued underlying support.  </p>
<p>&quot;However, significant upside is not expected due to a number of factors, particularly the large quantity of wool on offer as a result of growers stock attracted to auction by the firmer prices. Also, Chinese trading is relatively inactive in reaction to the firmer prices of recent weeks and the continued strength of the Australian dollar,&quot; Wesfarmers said.</p>
<p>Finally, there are large quantities of stock available from Wool International to fill the June quarter quota requirement. Upward movement is unlikely, therefore, and prices are expected to stabilise as we enter the break period, Wesfarmers said.</p>
<p>-- Sydney Newsroom 61-2 9373-1800</p>
</text>
<copyright>(c) Reuters Limited 1997</copyright>
<metadata>
<codes class="bip:countries:1.0">
  <code code="AUSTR">
    <editdetail attribution="Reuters BIP Coding Group" action="confirmed" date="1997-03-16"/>
  </code>
</codes>
<codes class="bip:topics:1.0">
  <code code="M14">
    <editdetail attribution="Reuters BIP Coding Group" action="confirmed" date="1997-03-16"/>
  </code>
  <code code="M141">
    <editdetail attribution="Reuters BIP Coding Group" action="confirmed" date="1997-03-16"/>
  </code>
  <code code="MCAT">
    <editdetail attribution="Reuters BIP Coding Group" action="confirmed" date="1997-03-16"/>
  </code>
</codes>
<dc element="dc.date.created" value="1996-03-17"/>
<dc element="dc.publisher" value="Reuters Holdings Plc"/>
<dc element="dc.date.published" value="1997-03-16"/>
<dc element="dc.source" value="Reuters"/>
<dc element="dc.creator.location" value="SYDNEY"/>
<dc element="dc.creator.location.country.name" value="AUSTRALIA"/>
<dc element="dc.source" value="Reuters"/>
</metadata>
</newsitem>
