<?xml version="1.0" encoding="iso-8859-1" ?>
<newsitem itemid="445657" id="root" date="1997-03-16" xml:lang="en">
<title>SINGAPORE: DBS Land 1996 net profit up 30.9 pct.</title>
<headline>DBS Land 1996 net profit up 30.9 pct.</headline>
<dateline>SINGAPORE 1996-03-17</dateline>
<text>
<p>Year to December 31, 1996</p>
<p>(in millions of S$ unless stated)</p>
<p>    Net profit			  207.33   vs     158.34</p>
<p>    Dividend (cents)		  100.0    vs     100.0</p>
<p>    Group share (cents)		22.5    vs	17.9</p>
<p>    Turnover			    856.32   vs     585.81</p>
<p>    Other income incl. interest    53.11   vs	35.61</p>
<p>    Interest (expense)		 98.11   vs	65.59</p>
<p>    Depreciation (expense)	   20.52   vs	22.60</p>
<p>    Associates			   70.63   vs	57.94</p>
<p>    Pre-tax profit		    310.83   vs     219.39</p>
<p>    Tax				    82.34   vs	50.63</p>
<p>    Minorities			   21.16   vs	10.41</p>
<p>    Extraordinaries		    (6.31)  vs	13.64</p>
<p>Dividend pay date: June 19, 1997</p>
<p>Last day books open: June 6, 1997</p>
<p>Note: DBS Land Ltd is a hotel and property group</p>
<p>-- Singapore newsroom (65 8703080)</p>
</text>
<copyright>(c) Reuters Limited 1997</copyright>
<metadata>
<codes class="bip:countries:1.0">
  <code code="SINGP">
    <editdetail attribution="Reuters BIP Coding Group" action="confirmed" date="1997-03-16"/>
  </code>
</codes>
<codes class="bip:industries:1.0">
  <code code="I85000">
    <editdetail attribution="Reuters BIP Coding Group" action="confirmed" date="1997-03-16"/>
  </code>
</codes>
<codes class="bip:topics:1.0">
  <code code="C15">
    <editdetail attribution="Reuters BIP Coding Group" action="confirmed" date="1997-03-16"/>
  </code>
  <code code="C151">
    <editdetail attribution="Reuters BIP Coding Group" action="confirmed" date="1997-03-16"/>
  </code>
  <code code="C1511">
    <editdetail attribution="Reuters BIP Coding Group" action="confirmed" date="1997-03-16"/>
  </code>
  <code code="CCAT">
    <editdetail attribution="Reuters BIP Coding Group" action="confirmed" date="1997-03-16"/>
  </code>
</codes>
<dc element="dc.date.created" value="1996-03-17"/>
<dc element="dc.publisher" value="Reuters Holdings Plc"/>
<dc element="dc.date.published" value="1997-03-16"/>
<dc element="dc.source" value="Reuters"/>
<dc element="dc.creator.location" value="SINGAPORE"/>
<dc element="dc.creator.location.country.name" value="SINGAPORE"/>
<dc element="dc.source" value="Reuters"/>
</metadata>
</newsitem>
