<?xml version="1.0" encoding="iso-8859-1" ?>
<newsitem itemid="445663" id="root" date="1997-03-16" xml:lang="en">
<title>HONG KONG: IPO VIEW -- GITIC Enterprises IPO seen strong.</title>
<headline>IPO VIEW -- GITIC Enterprises IPO seen strong.</headline>
<byline>Donny Kwok</byline>
<dateline>HONG KONG 1997-03-16</dateline>
<text>
<p>The initial public offering (IPO) of Guangdong provinical government-backed GITIC Enterprises Ltd may receive the highest subscription rate among IPOs during the first half of 1997, analysts say.</p>
<p>Market sources expected the GITIC Enterprises' IPO to be about 500 to 600 times subscribed. The record so far this year is the IPO of GZI Transport Ltd, whose Hong Kong portion was 529 times subscribed.</p>
<p>Following that was Shum Yip Investment Ltd whose Hong Kong offering was 438 times subscribed.</p>
<p>Small issue size, the prospect of future assets injections, and its strong ties with its parent, one of the main financial institutions in China's southern province of Guangdong, were all selling points for GITIC Enterprises, analysts said.</p>
<p>&quot;Certainly this IPO will receive an overwhelming response, extending the hot demand for red chips with an asset injection concept and strong ties with their parent,&quot; said Herbert Lau, analyst at Vickers Ballas.</p>
<p>GITIC Enterprises, a construction materials distributor, offered 100 million new shares at HK$1.05 each in its IPO, which will on March 20. Dealing in shares will begin on March 26.</p>
<p>Red chips, companies with close ties to China, have burst into action in Hong Kong recently. Investors are pushing their share prices higher, counting on the companies to raise funds and increase their assets.</p>
<p>Nikko Research Center said in a recent report that &quot;red chips achieve exponential net profit growth via asset acquisitions and spin-offs...The earnings generated by the newly acquired assets are likely to secure profit growth.&quot;</p>
<p>The market was pushing red chips into asset purchases as investors needed an excuse to boost share prices, analysts said. &quot;Basically what the public is doing is raising the price and saying: Here, I'll pay a bit more money for your stock, now will you inject?&quot; said Charles de Trenck of UBS Securities.</p>
<p>GITIC Enterprises appears to have a strong asset injection concept because its parent is seen to be strong both financially and fundamentally, and could inject assets into the company to support its growth, analysts said.</p>
<p>The company is indirectly controlled by the Guangdong provincial goverment's investment arm, Guangdong International Trust and Investment Corp (GITIC Group), which had total assets of about 20 billion yuan ($2.4 billion) at the end of 1995.</p>
<p>&quot;GITIC Group will give its full support to the development of our company (GITIC Enterprises), such as in the area of human resources and securing financial resources,&quot; Zhu Yiwen, vice chairman of GITIC Enterprises, said earlier this week.</p>
<p>GITIC Group engages in project financing, infrastructure and real estate development, industrial and hotel investment, securities trading, and import and export business.</p>
<p>Zhu was coy about asset injections by the parent.</p>
<p>&quot;It (GITIC Group) does not have any immediate plan to inject assets or business into the company but we do not rule this possibility in future,&quot; Zhu said.</p>
<p>Nonetheless, analysts said they expected the parent to first inject construction materials and property related assets into the company, and possibly other businesses in the future, developing GITIC Enterprises into a conglomerate.</p>
<p>GITIC Enterprises imports and sells construction materials in Hong Kong and China, and also owns the second floor of a shopping mall at GITIC Plaza in Guangzhou.</p>
<p>The company said it would use the net proceeds of HK$90 ($12) million from the IPO to build and buy machinery for a processing plant in Guangdong province, and to expand its construction materials' distribution network in Hong Kong and China. ($ = 8.295 Chinese Yuan) ($ = 7.745 Hong Kong Dollars)</p>
</text>
<copyright>(c) Reuters Limited 1997</copyright>
<metadata>
<codes class="bip:countries:1.0">
  <code code="CHINA">
    <editdetail attribution="Reuters BIP Coding Group" action="confirmed" date="1997-03-16"/>
  </code>
  <code code="HKONG">
    <editdetail attribution="Reuters BIP Coding Group" action="confirmed" date="1997-03-16"/>
  </code>
</codes>
<codes class="bip:topics:1.0">
  <code code="C17">
    <editdetail attribution="Reuters BIP Coding Group" action="confirmed" date="1997-03-16"/>
  </code>
  <code code="C171">
    <editdetail attribution="Reuters BIP Coding Group" action="confirmed" date="1997-03-16"/>
  </code>
  <code code="CCAT">
    <editdetail attribution="Reuters BIP Coding Group" action="confirmed" date="1997-03-16"/>
  </code>
</codes>
<dc element="dc.date.created" value="1997-03-16"/>
<dc element="dc.publisher" value="Reuters Holdings Plc"/>
<dc element="dc.date.published" value="1997-03-16"/>
<dc element="dc.source" value="Reuters"/>
<dc element="dc.creator.location" value="HONG KONG"/>
<dc element="dc.creator.location.country.name" value="HONG KONG"/>
<dc element="dc.source" value="Reuters"/>
</metadata>
</newsitem>
