<?xml version="1.0" encoding="iso-8859-1" ?>
<newsitem itemid="445671" id="root" date="1997-03-16" xml:lang="en">
<title>SOUTH KOREA: South Korea's first hostile takeover bid fizzles out.</title>
<headline>South Korea's first hostile takeover bid fizzles out.</headline>
<byline>Yoo Choon-sik</byline>
<dateline>SEOUL 1997-03-16</dateline>
<text>
<p>South Korea's first ever hostile takeover bid appears to have fizzled out after a large shareholder, facing pressure from conglomerates' lobbying, turned against a raider group targetting a leading retailer.</p>
<p>Sungwon Group, once regarded as a partner of Shindongbang Corp in a bid to take over Midopa Department Store Co, said over the weekend it would sell all its 12.6 percent stake to the Dainong Group, Midopa's parent.</p>
<p>Dainong's purchase of 1.87 million shares in the nation's major retailer chain would be made at 42,000 won ($47.8) per share, far above the stock's last closing price of 23,400 won.</p>
<p>The deal would raise the stake of Dainong Group, a second-tier conglomerate engaged in textiles manufacturing and retailing, to a comfortable 45.5 percent.</p>
<p>&quot;The takeover drama has now drawn to an end as Shindongbang appeared to have lost necessary support from a major shareholder,&quot; said a Hyundai Securities broker.</p>
<p>Edible oil producer Shindongbang, along with its joint venture Dongbang Peregrine Securities and Korea Industrial Co, holds a combined 15.6 percent stake in Midopa.</p>
<p>Korea Industrial is not an affiliate of Shindongbang but its president is a brother of the Shindongbang chairman.</p>
<p>The surprise Sungwon-Dainong deal followed a warning by the Federaton of Korean Industries against hostile takeovers.</p>
<p>The federation, a lobbying group representing the interests of the nation's industrial conglomermates, or chaebol, said last week it might intervene to prevent Shindongbang from taking over Midopa.</p>
<p>Midopa operates 21 stores across the country, including a flagship department store in Seoul's most fashionable shopping district near Myongdong.</p>
<p>&quot;We have to actively defend against any hostile takeover bid,&quot; Sohn Byung-doo, a senior federation official told reporters.</p>
<p>South Korea introduced new rules in January to make hostile takeovers possible but many people still believe the concept is unethical.</p>
<p>The federation urged Shindongbang to compromise with Dainong, warning it would intervene to help stave off the takeover bid.</p>
<p>In a quick admission of its defeat, Shindongbang said over the weekend it had considered offering tenders to buy Midopa shares but decided not to do so.</p>
<p>&quot;After consultations, both parties (Shindongbang and Dainong) will maintain a friendly, developmental and cooperative relationship,&quot; said a Shindongbang statement.</p>
<p>Analysts said the Midopa case would make hostile takovers, particularly those involving chaebol, virtually impossible in the near future.</p>
<p>&quot;Chaebol will make full use of public aversion of hostile takeovers and corporate predators would have to concentrate on smaller firms in the short-term,&quot; an analyst with a local brokerage firm said, asking not to be identified.</p>
<p>The takeover talk sent Midopa's share price rocketing from a 1997 low of 16,300 won in early January to a high of 47,500 won in early March. It later fell on belief the takeover would eventually fail.</p>
<p>(Conversion: $1 = 879 won)</p>
</text>
<copyright>(c) Reuters Limited 1997</copyright>
<metadata>
<codes class="bip:countries:1.0">
  <code code="SKOREA">
    <editdetail attribution="Reuters BIP Coding Group" action="confirmed" date="1997-03-16"/>
  </code>
</codes>
<codes class="bip:industries:1.0">
  <code code="I41000">
    <editdetail attribution="Reuters BIP Coding Group" action="confirmed" date="1997-03-16"/>
  </code>
  <code code="I50000">
    <editdetail attribution="Reuters BIP Coding Group" action="confirmed" date="1997-03-16"/>
  </code>
  <code code="I65600">
    <editdetail attribution="Reuters BIP Coding Group" action="confirmed" date="1997-03-16"/>
  </code>
  <code code="I6560002">
    <editdetail attribution="Reuters BIP Coding Group" action="confirmed" date="1997-03-16"/>
  </code>
  <code code="I83100">
    <editdetail attribution="Reuters BIP Coding Group" action="confirmed" date="1997-03-16"/>
  </code>
</codes>
<codes class="bip:topics:1.0">
  <code code="C18">
    <editdetail attribution="Reuters BIP Coding Group" action="confirmed" date="1997-03-16"/>
  </code>
  <code code="C181">
    <editdetail attribution="Reuters BIP Coding Group" action="confirmed" date="1997-03-16"/>
  </code>
  <code code="CCAT">
    <editdetail attribution="Reuters BIP Coding Group" action="confirmed" date="1997-03-16"/>
  </code>
</codes>
<dc element="dc.date.created" value="1997-03-16"/>
<dc element="dc.publisher" value="Reuters Holdings Plc"/>
<dc element="dc.date.published" value="1997-03-16"/>
<dc element="dc.source" value="Reuters"/>
<dc element="dc.creator.location" value="SEOUL"/>
<dc element="dc.creator.location.country.name" value="SOUTH KOREA"/>
<dc element="dc.source" value="Reuters"/>
</metadata>
</newsitem>
