<?xml version="1.0" encoding="iso-8859-1" ?>
<newsitem itemid="445619" id="root" date="1997-03-16" xml:lang="en">
<title>AUSTRALIA: RTRS-Australian Stocks to Watch Today - March 17.</title>
<headline>RTRS-Australian Stocks to Watch Today - March 17.</headline>
<dateline>SYDNEY 1996-03-17</dateline>
<text>
<p>Some Australian stocks to watch this morning:</p>
<p>* News Corp Ltd A$6.67 (-0.11)</p>
<p>News Corp's &quot;Return of the Jedi,&quot; the third installment in the &quot;Star Wars&quot; trilogy, completed a clean sweep for the series' reissue by taking top spot at the box office over the weekend, according to estimates Sunday.</p>
<p>* WMC Ltd A$8.25 (-0.11)</p>
<p>WMC Ltd, Japan's Mitsui Group and Brazilian iron ore miner MBR are looking to team up to bid in the privatization auction of Brazil's CVRD, a Brazilian news agency said. WMC Chief Executive Hugh Morgan, who is currently in Brazil, said his company was looking into forming a consortium with Mitsui and Mineracoes Brasileiras Reunidas (MBR) to bid for a strategic stake in Companhia Vale do Rio Doce (CVRD), Agencia Estado said. * Coles Myer Ltd A$5.86 (-0.07)</p>
<p>Coles Myer Ltd Chief Executive Dennis Eck said on Sunday a break up of the giant retailer was likely to always shadow the company but it was not actively considering it at the moment. Eck also said Coles Myer had no immediate plans for a share buy-back, saying more capital needed to be spent refurbishing its Kmart discount variety stores and Myer Grace Bros department stores.</p>
<p>* National Australia Bank Ltd A$15.92 (-0.13)</p>
<p>National Australia Bank Ltd said late on Friday it would raise US$875 million from a global offering of exchangeable capital units, up from the planned US$750 million raising announced in November 1996.</p>
<p>* Casinos Austria International Ltd A$0.260 (-0.010)</p>
<p>Casinos Austria International Ltd (CAIL) said late on Friday it expects market condistions in 1997 to continue to be difficult after reporting a net loss of A$18.47 million in calendar 1996.</p>
<p>-- Sydney Newsroom 61-2 9373-1800</p>
</text>
<copyright>(c) Reuters Limited 1997</copyright>
<metadata>
<codes class="bip:countries:1.0">
  <code code="AUSTR">
    <editdetail attribution="Reuters BIP Coding Group" action="confirmed" date="1997-03-16"/>
  </code>
</codes>
<codes class="bip:industries:1.0">
  <code code="I21000">
    <editdetail attribution="Reuters BIP Coding Group" action="confirmed" date="1997-03-16"/>
  </code>
  <code code="I47500">
    <editdetail attribution="Reuters BIP Coding Group" action="confirmed" date="1997-03-16"/>
  </code>
  <code code="I65600">
    <editdetail attribution="Reuters BIP Coding Group" action="confirmed" date="1997-03-16"/>
  </code>
  <code code="I6560002">
    <editdetail attribution="Reuters BIP Coding Group" action="confirmed" date="1997-03-16"/>
  </code>
  <code code="I81402">
    <editdetail attribution="Reuters BIP Coding Group" action="confirmed" date="1997-03-16"/>
  </code>
  <code code="I97912">
    <editdetail attribution="Reuters BIP Coding Group" action="confirmed" date="1997-03-16"/>
  </code>
</codes>
<codes class="bip:topics:1.0">
  <code code="C15">
    <editdetail attribution="Reuters BIP Coding Group" action="confirmed" date="1997-03-16"/>
  </code>
  <code code="C152">
    <editdetail attribution="Reuters BIP Coding Group" action="confirmed" date="1997-03-16"/>
  </code>
  <code code="CCAT">
    <editdetail attribution="Reuters BIP Coding Group" action="confirmed" date="1997-03-16"/>
  </code>
  <code code="M11">
    <editdetail attribution="Reuters BIP Coding Group" action="confirmed" date="1997-03-16"/>
  </code>
  <code code="MCAT">
    <editdetail attribution="Reuters BIP Coding Group" action="confirmed" date="1997-03-16"/>
  </code>
</codes>
<dc element="dc.date.created" value="1996-03-17"/>
<dc element="dc.publisher" value="Reuters Holdings Plc"/>
<dc element="dc.date.published" value="1997-03-16"/>
<dc element="dc.source" value="Reuters"/>
<dc element="dc.creator.location" value="SYDNEY"/>
<dc element="dc.creator.location.country.name" value="AUSTRALIA"/>
<dc element="dc.source" value="Reuters"/>
</metadata>
</newsitem>
