<?xml version="1.0" encoding="iso-8859-1" ?>
<newsitem itemid="445681" id="root" date="1997-03-16" xml:lang="en">
<title>JAPAN: Kyushu Electric halves output at Genkai plant.</title>
<headline>Kyushu Electric halves output at Genkai plant.</headline>
<dateline>TOKYO 1997-03-16</dateline>
<text>
<p>Kyushu Electric Power Co. on Saturday halved the power output at No. 1 reactor at its Genkai nuclear power plant in southwestern Japan after problems with a water condenser, the company said.</p>
<p>The power cutback was made following a warning signal showing that sea water had contaminated water in one of two condensers at the plant in Saga prefecture, the firm said.</p>
<p>The company identified cracks in a pipe within the condenser as a likely cause of the sea water seepage, but added it would take several days to locate the cracks.</p>
<p>There was no danger of radiation emissions, the firm said.</p>
<p>Kyushu Electric Power on Tuesday announced it was bowing to local opposition and shelving plans to build another nuclear power plant in southern Kyushu, the southernmost of Japan's four main islands.</p>
<p>The problems at the Genkai plant follow the nation's worst radiation leak, in which a fire and explosion on Tuesday at Tokaimura nuclear power plant, 160 km (100 miles) northeast of Tokyo, exposed 37 workers to radiation and may have cause trace amounts of plutonium to leak into the air.</p>
</text>
<copyright>(c) Reuters Limited 1997</copyright>
<metadata>
<codes class="bip:countries:1.0">
  <code code="JAP">
    <editdetail attribution="Reuters BIP Coding Group" action="confirmed" date="1997-03-16"/>
  </code>
</codes>
<codes class="bip:industries:1.0">
  <code code="I16100">
    <editdetail attribution="Reuters BIP Coding Group" action="confirmed" date="1997-03-16"/>
  </code>
</codes>
<codes class="bip:topics:1.0">
  <code code="C21">
    <editdetail attribution="Reuters BIP Coding Group" action="confirmed" date="1997-03-16"/>
  </code>
  <code code="C24">
    <editdetail attribution="Reuters BIP Coding Group" action="confirmed" date="1997-03-16"/>
  </code>
  <code code="CCAT">
    <editdetail attribution="Reuters BIP Coding Group" action="confirmed" date="1997-03-16"/>
  </code>
</codes>
<dc element="dc.date.created" value="1997-03-16"/>
<dc element="dc.publisher" value="Reuters Holdings Plc"/>
<dc element="dc.date.published" value="1997-03-16"/>
<dc element="dc.source" value="Reuters"/>
<dc element="dc.creator.location" value="TOKYO"/>
<dc element="dc.creator.location.country.name" value="JAPAN"/>
<dc element="dc.source" value="Reuters"/>
</metadata>
</newsitem>
