<?xml version="1.0" encoding="iso-8859-1" ?>
<newsitem itemid="445682" id="root" date="1997-03-16" xml:lang="en">
<title>JAPAN: Japan N-activists gather for nuclear waste ship.</title>
<headline>Japan N-activists gather for nuclear waste ship.</headline>
<byline>Yvonne Chang</byline>
<dateline>TOKYO 1997-03-16</dateline>
<text>
<p>Anti-nuclear activists gathered in northern Japan on Sunday to protest against the arrival of a British ship carrying nuclear waste, a week after Japan's worst nuclear accident.</p>
<p>The Pacific Teal, which left the French port of Cherbourg on January 13 carrying waste processed in France, is scheduled to arrive on Tuesday at Mutsu-Ogawara in Aomori Prefecture, about 580 km (360 miles) northeast of Tokyo.</p>
<p>Activists said they plan rallies early Tuesday morning at the placid northern Japanese port which was custom-built to handle a series of nuclear-waste shipments.</p>
<p>Greenpeace Japan had planned to send a ship to stop the Pacific Teal from entering port, but abandoned the plan when the owner of the boat refused to lend his craft at the last minute.</p>
<p>&quot;But we have other plans. We may be able to find our way out into the sea,&quot; Greenpeace spokeswoman Noriko Oyama told Reuters.</p>
<p>The waste initially came from Japan and was processed under a deal between the French state company COGEMA (Compagnie Generale des Matieres Nucleaires) and 10 Japanese power firms.</p>
<p>It includes radioactive material such as strontium, which has a half-life of several million years. The waste is mixed with glass and encased in 40 stainless steel cannisters.</p>
<p>After testing for radioactivity leakage, the cannisters will be stored for 30 to 50 years at a special cooling facility at nearby Rokkasho village, Japan's only storage facility, and later buried at an unspecified location.</p>
<p>The government has not selected the waste's end destination and residents fear they may be stuck with the toxic material.</p>
<p>When a first shipment arrived in 1995, Aomori authorities refused entry at the last minute until the central government promised in a written statement not to seek permanent burial of the toxic waste in the prefecture.</p>
<p>Local authorities say last week's explosion at a nuclear reprocessing facility in Tokaimura has increased residents' concern.</p>
<p>&quot;That was a nasty accident at a nasty time,&quot; Rokkasho village chief Hiroshi Tsushida said after the accident.</p>
<p>A fire which caused radiation to escape at the Tokaimuira facility, 160 km (100 miles) northeast of Tokyo, was not extinguished properly and caused an explosion hours later, exposing 37 workers to radiation.</p>
<p>Investigation of the accident has so far revealed startling lapses in safety standards including outdated firefighting equipment and delays in alerting both local residents and central authorities of the crisis.</p>
<p>Prime Minister Ryutaro Hashimoto, who was not informed of the accident for several hours, formally apologised to the nation in parliament for the lapses.</p>
<p>Since the Tokaimura incident two other nuclear plants, part of a 50-plant network that supply one-third of Japan's power needs, have either shut or cut back production because of maintenance checks that found flaws in their operations.</p>
<p>Under the terms of an agreement between Japan, Britain and France, spent Japanese uranium fuel is reprocessed into plutonium and the waste produced stored in Japan.</p>
<p>Tokyo plans eventually to ship 7,100 tonnes of spent fuel to France and Britain for reprocessing into 30 tonnes of fuel-grade plutonium, yielding 3,000 tonnes of waste.</p>
<p>Japanese authorities plan to move to plutonium technology to boost its self-sufficiency in energy needs to more than 50 per cent by the early 21st century.</p>
</text>
<copyright>(c) Reuters Limited 1997</copyright>
<metadata>
<codes class="bip:countries:1.0">
  <code code="FRA">
    <editdetail attribution="Reuters BIP Coding Group" action="confirmed" date="1997-03-16"/>
  </code>
  <code code="JAP">
    <editdetail attribution="Reuters BIP Coding Group" action="confirmed" date="1997-03-16"/>
  </code>
</codes>
<codes class="bip:industries:1.0">
  <code code="I32040">
    <editdetail attribution="Reuters BIP Coding Group" action="confirmed" date="1997-03-16"/>
  </code>
</codes>
<codes class="bip:topics:1.0">
  <code code="GCAT">
    <editdetail attribution="Reuters BIP Coding Group" action="confirmed" date="1997-03-16"/>
  </code>
  <code code="GENV">
    <editdetail attribution="Reuters BIP Coding Group" action="confirmed" date="1997-03-16"/>
  </code>
</codes>
<dc element="dc.date.created" value="1997-03-16"/>
<dc element="dc.publisher" value="Reuters Holdings Plc"/>
<dc element="dc.date.published" value="1997-03-16"/>
<dc element="dc.source" value="Reuters"/>
<dc element="dc.creator.location" value="TOKYO"/>
<dc element="dc.creator.location.country.name" value="JAPAN"/>
<dc element="dc.source" value="Reuters"/>
</metadata>
</newsitem>
