<?xml version="1.0" encoding="iso-8859-1" ?>
<newsitem itemid="445677" id="root" date="1997-03-16" xml:lang="en">
<title>JAPAN: Tokyo shaken by moderate tremor.</title>
<headline>Tokyo shaken by moderate tremor.</headline>
<dateline>TOKYO 1997-03-16</dateline>
<text>
<p>Office buildings in Tokyo were shaken by a moderate tremor on Sunday.</p>
<p>There was no immediate indication of its magnitude.  </p>
<p>The earthquake occurred at 2:51 p.m. (0551 GMT) and was centred in the western Japanese district of Kinki, about 300 km (180 miles) west of Tokyo, NHK public broadcasting reported.</p>
<p>Large areas of central and eastern Japan were shaken by the earthquake, which shook office buildings in central Tokyo for about 10 seconds.</p>
<p>No details on damage were immediately available.</p>
</text>
<copyright>(c) Reuters Limited 1997</copyright>
<metadata>
<codes class="bip:countries:1.0">
  <code code="JAP">
    <editdetail attribution="Reuters BIP Coding Group" action="confirmed" date="1997-03-16"/>
  </code>
</codes>
<codes class="bip:topics:1.0">
  <code code="GCAT">
    <editdetail attribution="Reuters BIP Coding Group" action="confirmed" date="1997-03-16"/>
  </code>
  <code code="GDIS">
    <editdetail attribution="Reuters BIP Coding Group" action="confirmed" date="1997-03-16"/>
  </code>
  <code code="GENV">
    <editdetail attribution="Reuters BIP Coding Group" action="confirmed" date="1997-03-16"/>
  </code>
</codes>
<dc element="dc.date.created" value="1997-03-16"/>
<dc element="dc.publisher" value="Reuters Holdings Plc"/>
<dc element="dc.date.published" value="1997-03-16"/>
<dc element="dc.source" value="Reuters"/>
<dc element="dc.creator.location" value="TOKYO"/>
<dc element="dc.creator.location.country.name" value="JAPAN"/>
<dc element="dc.source" value="Reuters"/>
</metadata>
</newsitem>
