<?xml version="1.0" encoding="iso-8859-1" ?>
<newsitem itemid="445697" id="root" date="1997-03-16" xml:lang="en">
<title>JAPAN: FEATURE - Japan pet-lovers can rent by the hour.</title>
<headline>FEATURE - Japan pet-lovers can rent by the hour.</headline>
<byline>Etsuko Kojima</byline>
<dateline>TOKYO 1997-03-16</dateline>
<text>
<p>A Tokyo pet shop owner is offering animal lovers in crowded Japan a rental-pet service as an alternative to buying a four-legged companion.</p>
<p>With more than 12.5 million people jammed into the capital, apartment managers often have strict rules prohibiting ownership of dogs or cats.</p>
<p>Rental contracts usually have a &quot;no pets&quot; clause, and flats that allow animals are so rare that property agents find it easier to list the few exceptions.</p>
<p>So, hundreds of would-be pet owners are making tracks to Masahiro Kobayashi and his &quot;Perro Moco&quot; rent-a-pet shop.</p>
<p>Kobayashi said he came up with the idea about eight years ago as a service to Japanese production houses making films or TV commercials.</p>
<p>Since the animals being used in films were not getting enough attention when off camera, Kobayashi decided to give ordinary people a chance to rent them as well.</p>
<p>&quot;People in Japan often just don't have the space or permission to keep pets inside their homes, so it's a temporary solution for the children or elderly people who want animals around,&quot; he said.</p>
<p>Yasuo and Yukari Yamamoto have been patrons for several years and, like many regulars, they have formed a pet-owner relationship with some of the animals.</p>
<p>About once a week, the couple picks up Little, a golden retriever, and Chaco, a mini-dachshund, for walks at a nearby Tokyo park where they mingle with other pet lovers.</p>
<p>Despite the hassles of temporary pet ownership, such as cleaning up after their charges, the Yamamotos keep coming back for more.</p>
<p>PET RENTERS HAVE THEIR FAVOURITES</p>
<p>&quot;We live in a small apartment where we aren't allowed to keep pets, but I've always wanted to have one,&quot; said Yukari as she stroked Chaco's auburn coat.</p>
<p>Kobayashi says many pet renters have &quot;favourites&quot; among the 15 dogs and 15 cats, some for sale, that are kept at the shop.</p>
<p>Of his 30 to 50 customers per month, most are young couples on dates or potential pet owners who want a trial run, Kobayashi said.</p>
<p>A four-hour walk with a cat or a small dog costs about 3,000 yen (US $24.60). Larger dogs cost 5,000 yen ($41). Professional renters such as film studios pay 10 times as much.</p>
</text>
<copyright>(c) Reuters Limited 1997</copyright>
<metadata>
<codes class="bip:countries:1.0">
  <code code="JAP">
    <editdetail attribution="Reuters BIP Coding Group" action="confirmed" date="1997-03-16"/>
  </code>
</codes>
<codes class="bip:topics:1.0">
  <code code="GCAT">
    <editdetail attribution="Reuters BIP Coding Group" action="confirmed" date="1997-03-16"/>
  </code>
  <code code="GODD">
    <editdetail attribution="Reuters BIP Coding Group" action="confirmed" date="1997-03-16"/>
  </code>
</codes>
<dc element="dc.date.created" value="1997-03-16"/>
<dc element="dc.publisher" value="Reuters Holdings Plc"/>
<dc element="dc.date.published" value="1997-03-16"/>
<dc element="dc.source" value="Reuters"/>
<dc element="dc.creator.location" value="TOKYO"/>
<dc element="dc.creator.location.country.name" value="JAPAN"/>
<dc element="dc.source" value="Reuters"/>
</metadata>
</newsitem>
