<?xml version="1.0" encoding="iso-8859-1" ?>
<newsitem itemid="445683" id="root" date="1997-03-16" xml:lang="en">
<title>SINGAPORE: Singapore's Goh wants to &quot;move on&quot; with Malaysia.</title>
<headline>Singapore's Goh wants to &quot;move on&quot; with Malaysia.</headline>
<dateline>SINGAPORE 1997-03-16</dateline>
<text>
<p>Singapore Prime Minister Goh Chok Tong said his country and Malaysia should move beyond the diplomatic row caused by Senior Minister Lee Kuan Yew's remarks about Johor, a Straits Times report said on Sunday.</p>
<p>Goh said that Lee had apologised to Malaysians and the Malaysia government and both countries should now concentrate on the positive aspects between them.</p>
<p>&quot;Senior Minister is a member of the Singapore government. He was offside in his remarks on Johor. He recognised he was offside,&quot; Goh said.</p>
<p>&quot;He has apologised to Malaysians and the Malaysia government. I would want to move on from here. I do not want to spend too much time looking back, we should try to move forward with the best of our ability,&quot; the prime minister told an official dinner at a country club.</p>
<p>Lee, Singapore's prime minister from 1959 to 1990, had said the Malaysian state of Johor was &quot;notorious for shootings, muggings and car-jackings&quot; in a January 27 court affidavit. The affidavit was contained in a libel lawsuit against Singapore opposition politician Tang Liang Hong.</p>
<p>But in a rare public apology on Thursday, Lee said in a statement from his press secretary he had no intention of causing offence and apologised unreservedly for having made the comment.</p>
<p>Despite the apology, some Malaysian politicians and newspapers have continued to criticise Lee.</p>
<p>Goh, commenting on calls for Lee to retract his statement as some thought the apology was inadequate, said it was up to Lee to decide if he wished to do so.</p>
<p>&quot;Senior Minister is a grown man. He decides for himself. We have discussed this, but basically he doesn't retract statements based on perceptions,&quot; Goh said.</p>
<p>Lee's apology, made on Thursday after a day of protests in which Malaysian youths hurled insults at him, explained that the remarks were based on perceptions from press reports on Johor.</p>
<p>The minister said that he had not been to Johor, across the causeway from Singapore, since 1990.</p>
<p>Goh added that it was unfortunate that &quot;hiccups&quot; occured in ties between the two countries, but stressed that the fundamentals for the relationship were sound.</p>
</text>
<copyright>(c) Reuters Limited 1997</copyright>
<metadata>
<codes class="bip:countries:1.0">
  <code code="MALAY">
    <editdetail attribution="Reuters BIP Coding Group" action="confirmed" date="1997-03-16"/>
  </code>
  <code code="SINGP">
    <editdetail attribution="Reuters BIP Coding Group" action="confirmed" date="1997-03-16"/>
  </code>
</codes>
<codes class="bip:topics:1.0">
  <code code="GCAT">
    <editdetail attribution="Reuters BIP Coding Group" action="confirmed" date="1997-03-16"/>
  </code>
  <code code="GDIP">
    <editdetail attribution="Reuters BIP Coding Group" action="confirmed" date="1997-03-16"/>
  </code>
</codes>
<dc element="dc.date.created" value="1997-03-16"/>
<dc element="dc.publisher" value="Reuters Holdings Plc"/>
<dc element="dc.date.published" value="1997-03-16"/>
<dc element="dc.source" value="Reuters"/>
<dc element="dc.creator.location" value="SINGAPORE"/>
<dc element="dc.creator.location.country.name" value="SINGAPORE"/>
<dc element="dc.source" value="Reuters"/>
</metadata>
</newsitem>
