<?xml version="1.0" encoding="iso-8859-1" ?>
<newsitem itemid="445640" id="root" date="1997-03-16" xml:lang="en">
<title>AUSTRALIA: Australia cattle cloners face wary farmers.</title>
<headline>Australia cattle cloners face wary farmers.</headline>
<byline>Michael Byrnes</byline>
<dateline>SYDNEY 1997-03-16</dateline>
<text>
<p>An Australian breakthrough in cattle embryo cloning has scientists hailing the birth of a new industry -- and farmers dismissing the advance as almost irrelevant and not even proper cloning.</p>
<p>A team of Melbourne geneticists has cloned 470 cattle embryos from a single embryo in the largest mass-cloning of embryos yet seen.</p>
<p>Scientists behind the achievement hope to be in pilot commercial production of cloned animals in three to four years.</p>
<p>But before they start making any money, Australia's fledgling cloners will have to await the outcome of a debate on the ethics of cloning, settle questions about biodiversity, and fall into line with government guidelines yet to be written.</p>
<p>They will also have to convince sceptical livestock breeders that cloning cows is more advantageous than traditional breeding techniques.</p>
<p>Farming industry officials said on Friday that with Australia already the world's largest exporter of meat from a herd of 25 million head, the Melbourne cloning development breakthrough would mean comparatively little to the industry.</p>
<p>&quot;I can't see how 400 embryos is any closer than two decades away from having any influence on meat consumption,&quot; Justin Toohey, executive director of the Cattle Council of Australia, told Reuters.</p>
<p>Other industry officials said the technique pioneered at Melbourne's Monash University was not even cloning at all.</p>
<p>&quot;It's existing embryo multiplication as distinct from cloning. Cloning is taking mature bits of an animal and trying to get an embryo from that,&quot; said Allan Humphries, spokesman for the Meat Research Corp, which advises the government on meat industry issues.</p>
<p>&quot;There's quite a difference between embryo multiplication and cloning. Cloning is taking an existing thing and trying to get a copy from that -- that's what they did in Scotland.&quot;</p>
<p>Last month, Scottish scientist Ian Wilmut introduced the cloned sheep &quot;Dolly&quot; to the world after producing her from a cell taken from an adult sheep.</p>
<p>The worldwide debate on the ethics of cloning, especially human cloning, which followed Dolly's debut has spread to Australia as well on news of the Melbourne results.</p>
<p>&quot;Our interest is purely agricultural,&quot; Bernie Harford, one of the scientists behind the cloning breakthrough, told Reuters, refusing to discuss the possibility of human cloning.</p>
<p>Agricultural specialists, more concerned with breeding techniques than the ethnical debate, said the embryo breakthrough was actually inferior to natural reproduction.</p>
<p>&quot;We can breed the best animal now anyway. Cloning has to produce 500-600 eggs and you only get one winner. (Through natural mating) we get a winner almost every time,&quot; Humphries said.</p>
<p>Harford, chief executive of the Genetics Australia cooperative, rates the embryo cloning as less spectacular than the Scottish process but says it's &quot;very encouraging.&quot;</p>
<p>The next target is to produce large numbers of embryos consistently and then healthy cows from the embryos.</p>
<p>Harford said it was hoped that the new process would be brought to pilot commercial production in three to four years.</p>
<p>With research partner Alan Trounson of Monash University's Institute of Reproduction and Development, Harford sees the cloned embryos leading to mass-production of elite beasts.</p>
<p>The embryo-cloning experiment could ultimately prove a success, but cloning would accelerate both genetic defects and advances in certain breeds because it avoided the slow processes of generational change, Cattle Council's Toohey said.</p>
<p>Toohey and others see ethics and inbreeding in cloned herds imposing a ceiling on the use of cattle clones.</p>
<p>The real key to man's manipulation of animal reproduction, scientists said, would be the transgenetic production of the best possible beast, then the cloning and mass multiplication of that animal through a combination of the Scottish and Australian techniques.</p>
<p>Oliver Mayo, chief of the animal production division of the Commonwealth Scientific and Industrial Organisation (CSIRO), described the Harford-Trounson breakthrough as &quot;a terrific technical achievement.&quot;</p>
<p>&quot;But it's a production process, not a research process,&quot; he said.</p>
<p>Embryos have been cloned for many years around the world, other scientists say. This limits the significance of the Australian breakthrough to one of quantity, not quality, of the beast produced, they said.</p>
<p>Genetics Australia aims to produce 50 to 60 cattle with the same genetics and test them in the field, with best performers chosen for reproduction of their genetic pool, Genetic Australia's Harford said.</p>
</text>
<copyright>(c) Reuters Limited 1997</copyright>
<metadata>
<codes class="bip:countries:1.0">
  <code code="AUSTR">
    <editdetail attribution="Reuters BIP Coding Group" action="confirmed" date="1997-03-16"/>
  </code>
</codes>
<codes class="bip:industries:1.0">
  <code code="I01001">
    <editdetail attribution="Reuters BIP Coding Group" action="confirmed" date="1997-03-16"/>
  </code>
  <code code="I0100105">
    <editdetail attribution="Reuters BIP Coding Group" action="confirmed" date="1997-03-16"/>
  </code>
</codes>
<codes class="bip:topics:1.0">
  <code code="C23">
    <editdetail attribution="Reuters BIP Coding Group" action="confirmed" date="1997-03-16"/>
  </code>
  <code code="CCAT">
    <editdetail attribution="Reuters BIP Coding Group" action="confirmed" date="1997-03-16"/>
  </code>
  <code code="GCAT">
    <editdetail attribution="Reuters BIP Coding Group" action="confirmed" date="1997-03-16"/>
  </code>
  <code code="GSCI">
    <editdetail attribution="Reuters BIP Coding Group" action="confirmed" date="1997-03-16"/>
  </code>
</codes>
<dc element="dc.date.created" value="1997-03-16"/>
<dc element="dc.publisher" value="Reuters Holdings Plc"/>
<dc element="dc.date.published" value="1997-03-16"/>
<dc element="dc.source" value="Reuters"/>
<dc element="dc.creator.location" value="SYDNEY"/>
<dc element="dc.creator.location.country.name" value="AUSTRALIA"/>
<dc element="dc.source" value="Reuters"/>
</metadata>
</newsitem>
