<?xml version="1.0" encoding="iso-8859-1" ?>
<newsitem itemid="445632" id="root" date="1997-03-16" xml:lang="en">
<title>AUSTRALIA: RTRS-AAPC year net profit rises.</title>
<headline>RTRS-AAPC year net profit rises.</headline>
<dateline>SYDNEY 1997-03-14</dateline>
<text>
<p>Year to December 31</p>
<p>		 (million A$ unless stated)</p>
<p>    Operating profit		    36.81 vs 28.09</p>
<p>    Net				     25.36 vs 22.29</p>
<p>    Final dividend (cents)	     0.5  vs 1.8</p>
<p>    Total dividend (cents)	     2.0  vs 3.3</p>
<p>    Sales				  111.80 vs 116.37</p>
<p>    Other income			  53.64 vs 8.87</p>
<p>    Shr (cents)			    4.6  vs 4.6</p>
<p>    Abnormal items		 loss 2.85  vs nil</p>
<p>Dividend is 100 pct franked</p>
</text>
<copyright>(c) Reuters Limited 1997</copyright>
<metadata>
<codes class="bip:countries:1.0">
  <code code="AUSTR">
    <editdetail attribution="Reuters BIP Coding Group" action="confirmed" date="1997-03-16"/>
  </code>
</codes>
<codes class="bip:industries:1.0">
  <code code="I66500">
    <editdetail attribution="Reuters BIP Coding Group" action="confirmed" date="1997-03-16"/>
  </code>
</codes>
<codes class="bip:topics:1.0">
  <code code="C15">
    <editdetail attribution="Reuters BIP Coding Group" action="confirmed" date="1997-03-16"/>
  </code>
  <code code="C151">
    <editdetail attribution="Reuters BIP Coding Group" action="confirmed" date="1997-03-16"/>
  </code>
  <code code="C1511">
    <editdetail attribution="Reuters BIP Coding Group" action="confirmed" date="1997-03-16"/>
  </code>
  <code code="CCAT">
    <editdetail attribution="Reuters BIP Coding Group" action="confirmed" date="1997-03-16"/>
  </code>
</codes>
<dc element="dc.date.created" value="1997-03-14"/>
<dc element="dc.publisher" value="Reuters Holdings Plc"/>
<dc element="dc.date.published" value="1997-03-16"/>
<dc element="dc.source" value="Reuters"/>
<dc element="dc.creator.location" value="SYDNEY"/>
<dc element="dc.creator.location.country.name" value="AUSTRALIA"/>
<dc element="dc.source" value="Reuters"/>
</metadata>
</newsitem>
