<?xml version="1.0" encoding="iso-8859-1" ?>
<newsitem itemid="445635" id="root" date="1997-03-16" xml:lang="en">
<title>AUSTRALIA: RTRS-CONSENSUS-Australian economic forecasts.</title>
<headline>RTRS-CONSENSUS-Australian economic forecasts.</headline>
<dateline>SYDNEY 1996-03-17</dateline>
<text>
<p>The following Australian economic indicators and events are scheduled for this week.</p>
<p>  DAY  TIME   Indicator		 Period  Forecast    Previous</p>
<p>  Mon  0530  RBA Bulletin		 Mar</p>
<p>  Tue  0030  Housing Starts	     Q4	+6.0 pct  -7.3 pct</p>
<p>  Tue  0030  Manufact input prices    Jan	n/f	-0.2 pct</p>
<p>  Tue  0030  Import Price index	 Jan	n/f	-0.6 pct</p>
<p>  Tue  0030  Export Price index	 Jan	n/f	-0.1 pct</p>
<p>  Wed  0330  Westpac Leading Index    Jan	n/f	-0.2 pct</p>
<p>Thu  2225  RBA's Macfarlane at ISDA conference, Sydney</p>
<p>---------------Calendar for March 24 week-----------------------</p>
<p>Wed  0030  Business expects survey  Q2</p>
<p>  Thu  0030  New motor registrations  Feb		   +2.9 pct</p>
<p>Fri  ----  Good Friday Public Holiday</p>
<p>----------------------------------------------------------------</p>
<p>QUESTION OF THE WEEK - Economists were asked where they expected the yield on 10-year bonds to be at the end of the year, and what they expected the spread to U.S. 10-years to be.</p>
<p>Generally yields and spreads are seen closing 1997 around current levels, but the market will not be steady in between.  </p>
<p>Yields are seen ending the year at 8.00 percent, with the spread to Treasuries at 125 points. At the midsession on Friday, 10-year bonds were at 7.98 percent, and 128 points over the corresponding U.S. Treasury.</p>
<p>The same questions were put to economists at the beginning of the year. Then yields were also seen ending 1997 at 8.00 percent, but the spread was seen being slightly wider at 140 points.</p>
<p>Many felt the current weakness in bonds, and the widening in spreads from around 80 points earlier in the year, to be overdone and said bonds currently represented good value.  </p>
<p>However they said the negative market sentiment could not be ignored, especially as the U.S. market was expected to remain bearish ahead of the U.S. FOMC meeting later this month.</p>
<p>Economists generally saw yields rising and spreads widening into the middle of the year as the U.S. began a tightening cycle and amid signs of improving domestic growth.</p>
<p>From there two schools of thought emerged.</p>
<p>One saw yields staying at the higher levels as signs of some local inflation pressures began to raise concerns, while the U.S market would probably be rallying as the expected first half rate hikes began to slow the U.S. economy down.  </p>
<p>The market had already factored in all the positive information on inflation that it was going to, leaving little potential for the spread to narrow much from current levels.</p>
<p>Others saw the local market rallying, and outperforming, Treasuries through the second half of the year as local growth did not prove to be as robust as first thought and inflation remained well under control.</p>
<p>The continued favourable inflation outlook, which would be better than many were expecting, would provide the basis for the spreads to narrow, they said.</p>
<p>----------------------------------------------------------------  </p>
<p>		     Housing	   10 YEAR BONDS END 1997</p>
<p>		     Starts	    Yield (pct)    Spread </p>
<p>ABN Amro	   -3.0		  8.00	     100 </p>
<p>Access	     +6.9		  8.10	     140 </p>
<p>AMP		  +5.0		  8.50	     180 </p>
<p>ANZ Bank	   +5.0		  7.90		70 </p>
<p>ANZ Secs	   +5.0		  7.80		90 </p>
<p>Axiom		+8.5		  8.30	     140 </p>
<p>BT		   +9.0		  8.00		75 </p>
<p>BZW		  +5.0		  8.00	     150 </p>
<p>Citibank	   +7.0		  8.50	     150</p>
<p>Colonial State     n/a		 8.00	     140 </p>
<p>Comm Bank	 +10.0		  8.40	     150 </p>
<p>County		 n/a		 7.70	     120 </p>
<p>CSFB		   n/a		 7.30		80 </p>
<p>Deutsche	   +5.0		  8.40	     125 </p>
<p>Dresdner	   +6.0		  7.50	     130 </p>
<p>Hambros	    +6.0		  8.30	     160 </p>
<p>HSBC		  n/a		  7.60	     120 </p>
<p>JP Morgan	  +7.0		  8.25	     130 </p>
<p>Macquarie	   n/a		  8.00	     100</p>
<p>Merrill Lynch   +10.0		  8.50	     120</p>
<p>NAB		   +2.5		 7.75	     100 </p>
<p>Nomura		n/a		  8.00	     150 </p>
<p>Pru Bache	   +4.0		 7.00		75 </p>
<p>Rothschild	  +4.4		 8.00	     100 </p>
<p>SBC Warburg	 +7.5		 8.50	     125 </p>
<p>Schroders	   n/a		  7.50	     125 </p>
<p>Soc Gen	     +6.0		 8.20	     150 </p>
<p>St George	   n/a		  8.10		70 </p>
<p>UBS		   n/a		  8.50	     150 </p>
<p>Westpac	     -2.5		 7.50	     100</p>
<p>----------------------------------------------------------------</p>
<p>   Low		-3.0		 7.00		70</p>
<p>   High	    +10.0		 8.50	     180</p>
<p>   Average	  +5.4		 8.00	     120</p>
<p>   Median	   +6.0		 8.00	     125</p>
<p>----------------------------------------------------------------</p>
<p>DWELLING UNIT COMMENCEMNTS - Signs of a pick up in building approvals and housing finance data from the middle of last year should have led to a fairly solid increase in housing starts, although there were a few forecasts loking for another negative quarter. If the median forecast is realised, commencements will  </p>
<p>rise to just above 30,000 to be positive in annual terms. However, they will still be below the levels of June and September 1994 when they were over 47,000 a quarter.</p>
<p>-- Sydney Newsroom 61-2 9373-1800</p>
</text>
<copyright>(c) Reuters Limited 1997</copyright>
<metadata>
<codes class="bip:countries:1.0">
  <code code="AUSTR">
    <editdetail attribution="Reuters BIP Coding Group" action="confirmed" date="1997-03-16"/>
  </code>
</codes>
<codes class="bip:topics:1.0">
  <code code="E71">
    <editdetail attribution="Reuters BIP Coding Group" action="confirmed" date="1997-03-16"/>
  </code>
  <code code="ECAT">
    <editdetail attribution="Reuters BIP Coding Group" action="confirmed" date="1997-03-16"/>
  </code>
</codes>
<dc element="dc.date.created" value="1996-03-17"/>
<dc element="dc.publisher" value="Reuters Holdings Plc"/>
<dc element="dc.date.published" value="1997-03-16"/>
<dc element="dc.source" value="Reuters"/>
<dc element="dc.creator.location" value="SYDNEY"/>
<dc element="dc.creator.location.country.name" value="AUSTRALIA"/>
<dc element="dc.source" value="Reuters"/>
</metadata>
</newsitem>
