<?xml version="1.0" encoding="iso-8859-1" ?>
<newsitem itemid="445647" id="root" date="1997-03-16" xml:lang="en">
<title>PHILIPPINES: PHILIPPINE STOCKS - factors to watch - March 17.</title>
<headline>PHILIPPINE STOCKS - factors to watch - March 17.</headline>
<dateline>MANILA 1996-03-17</dateline>
<text>
<p>Following are some of the main factors likely to affect Philippine stocks on Monday:</p>
<p>* On Friday, the Dow Jones rose 56.57 points to 6,935.46. PLDT's ADR gained $0 3/4 to $60.</p>
<p>* The peso closed lower at 26.334 to the dollarvs 26.323</p>
<p>* The Philippine Stock Exchange composite index fell 26.45 points to 3,234.79.</p>
<p>* The Philippine interbank call loan average was at 10.03125 from 10.28125 percent.</p>
</text>
<copyright>(c) Reuters Limited 1997</copyright>
<metadata>
<codes class="bip:countries:1.0">
  <code code="PHLNS">
    <editdetail attribution="Reuters BIP Coding Group" action="confirmed" date="1997-03-16"/>
  </code>
</codes>
<codes class="bip:topics:1.0">
  <code code="M11">
    <editdetail attribution="Reuters BIP Coding Group" action="confirmed" date="1997-03-16"/>
  </code>
  <code code="MCAT">
    <editdetail attribution="Reuters BIP Coding Group" action="confirmed" date="1997-03-16"/>
  </code>
</codes>
<dc element="dc.date.created" value="1996-03-17"/>
<dc element="dc.publisher" value="Reuters Holdings Plc"/>
<dc element="dc.date.published" value="1997-03-16"/>
<dc element="dc.source" value="Reuters"/>
<dc element="dc.creator.location" value="MANILA"/>
<dc element="dc.creator.location.country.name" value="PHILIPPINES"/>
<dc element="dc.source" value="Reuters"/>
</metadata>
</newsitem>
