<?xml version="1.0" encoding="iso-8859-1" ?>
<newsitem itemid="445638" id="root" date="1997-03-16" xml:lang="en">
<title>AUSTRALIA: RTRS-Coles Myer says break up in background.</title>
<headline>RTRS-Coles Myer says break up in background.</headline>
<dateline>SYDNEY 1997-03-16</dateline>
<text>
<p>Coles Myer Ltd chief executive Dennis Eck said on Sunday a break up of the retailer, Australia's biggest, was likely to always shadow the company but it was not considering it at the moment.</p>
<p>Asked in a television interview if the break up plan first raised in 1995 by former executive chairman Solomon Lew was behind the company, Eck said: &quot;I think if I were to say that, that wouldn't be true.</p>
<p>&quot;I think ultimately the test for the shareholder has always got to be can I create more value for somebody holding my share and running with it, or is more value created by unlocking it in some other way.</p>
<p>&quot;I think you would expect us always to have that as the bogey in the background ... it will always be there but right now we're so busy trying to unlock the value that we see that it's not something that's occupying our attention ...,&quot; Eck told the Nine Network's Business Sunday programme.  </p>
<p>Eck also said Coles Myer had no immediate plans for a share buy-back, saying more capital needed to be spent refurbishing its Kmart discount variety stores and Myer Grace Bros department stores.</p>
<p>&quot;I don't rule out any options ever, but just to restate it, we're comfortable with our ability to effectively deploy our assets in the short and mid-term,&quot; Eck said.</p>
<p>Coles Myer last week reported a stronger-than-expected net profit of A$273.6 million for the half-year ended January 26, against A$194.5 million a year earlier.</p>
<p>-- Sydney Newsroom 61-2 9373-1800</p>
</text>
<copyright>(c) Reuters Limited 1997</copyright>
<metadata>
<codes class="bip:countries:1.0">
  <code code="AUSTR">
    <editdetail attribution="Reuters BIP Coding Group" action="confirmed" date="1997-03-16"/>
  </code>
</codes>
<codes class="bip:industries:1.0">
  <code code="I65600">
    <editdetail attribution="Reuters BIP Coding Group" action="confirmed" date="1997-03-16"/>
  </code>
  <code code="I6560002">
    <editdetail attribution="Reuters BIP Coding Group" action="confirmed" date="1997-03-16"/>
  </code>
</codes>
<codes class="bip:topics:1.0">
  <code code="C11">
    <editdetail attribution="Reuters BIP Coding Group" action="confirmed" date="1997-03-16"/>
  </code>
  <code code="C17">
    <editdetail attribution="Reuters BIP Coding Group" action="confirmed" date="1997-03-16"/>
  </code>
  <code code="C171">
    <editdetail attribution="Reuters BIP Coding Group" action="confirmed" date="1997-03-16"/>
  </code>
  <code code="C18">
    <editdetail attribution="Reuters BIP Coding Group" action="confirmed" date="1997-03-16"/>
  </code>
  <code code="C181">
    <editdetail attribution="Reuters BIP Coding Group" action="confirmed" date="1997-03-16"/>
  </code>
  <code code="CCAT">
    <editdetail attribution="Reuters BIP Coding Group" action="confirmed" date="1997-03-16"/>
  </code>
</codes>
<dc element="dc.date.created" value="1997-03-16"/>
<dc element="dc.publisher" value="Reuters Holdings Plc"/>
<dc element="dc.date.published" value="1997-03-16"/>
<dc element="dc.source" value="Reuters"/>
<dc element="dc.creator.location" value="SYDNEY"/>
<dc element="dc.creator.location.country.name" value="AUSTRALIA"/>
<dc element="dc.source" value="Reuters"/>
</metadata>
</newsitem>
