<?xml version="1.0" encoding="iso-8859-1" ?>
<newsitem itemid="445605" id="root" date="1997-03-16" xml:lang="en">
<title>PERU: Peru fire may not have been work of rebels - police.</title>
<headline>Peru fire may not have been work of rebels - police.</headline>
<dateline>LIMA 1997-03-15</dateline>
<text>
<p>An explosion and fire at a Peruvian textile factory on Saturday may have been the work of common criminals and not left-wing rebels as the plant's owner said, a police spokesman said.</p>
<p>&quot;This act is under investigation and we cannot confirm anything about it. We'll have some word later on who caused this explosion,&quot; said a police spokesman.  </p>
<p>The owner of the factory and a police bomb squad official had said that a group of people identifying themselves as Tupac Amaru Revolutionary Movement (MRTA) rebels tossed grenades into the factory, shouting pro-MRTA slogans.</p>
<p>But police appeared to be backing down from the idea that it was a guerrilla attack.</p>
<p>About 20 MRTA rebels are holding 72 hostages in the Japanese ambassador's residence in Lima.</p>
<p>The rebels have not commented on the incident in the factory or indicated whether they were involved.</p>
</text>
<copyright>(c) Reuters Limited 1997</copyright>
<metadata>
<codes class="bip:countries:1.0">
  <code code="PERU">
    <editdetail attribution="Reuters BIP Coding Group" action="confirmed" date="1997-03-16"/>
  </code>
</codes>
<codes class="bip:topics:1.0">
  <code code="GCAT">
    <editdetail attribution="Reuters BIP Coding Group" action="confirmed" date="1997-03-16"/>
  </code>
  <code code="GCRIM">
    <editdetail attribution="Reuters BIP Coding Group" action="confirmed" date="1997-03-16"/>
  </code>
  <code code="GVIO">
    <editdetail attribution="Reuters BIP Coding Group" action="confirmed" date="1997-03-16"/>
  </code>
</codes>
<dc element="dc.date.created" value="1997-03-15"/>
<dc element="dc.publisher" value="Reuters Holdings Plc"/>
<dc element="dc.date.published" value="1997-03-16"/>
<dc element="dc.source" value="Reuters"/>
<dc element="dc.creator.location" value="LIMA"/>
<dc element="dc.creator.location.country.name" value="PERU"/>
<dc element="dc.source" value="Reuters"/>
</metadata>
</newsitem>
