<?xml version="1.0" encoding="iso-8859-1" ?>
<newsitem itemid="445699" id="root" date="1997-03-16" xml:lang="en">
<title>JAPAN: WEEK AHEAD - Tokyo stocks to see limited upside.</title>
<headline>WEEK AHEAD - Tokyo stocks to see limited upside.</headline>
<byline>Hiroko Nakata</byline>
<dateline>TOKYO 1997-03-16</dateline>
<text>
<p>Japanese stocks are likely to see a limited upside this coming week, with the market remaining wary of an uncertain economic outlook for the start of a new financial year in April.</p>
<p>Market participants were also waiting to see if there would be any government measures to boost real estate liquidity, which would help help prop up Japan's sluggish economy.</p>
<p>But hopes for the land policies could be overshadowed by hangovers from a series of corporate scandals revealed this month.</p>
<p>On Friday, the Nikkei 225 average finished at 17,923.64, down 275.1 points from its closing on March 7.</p>
<p>&quot;We are anxious to see if the market can head up after the SQ,&quot; said Kenji Karikomi, a deputy general manager at Daiwa Securities Co Ltd.</p>
<p>The settlement of the Nikkei 225's March futures and options, called &quot;special quotations&quot; (SQ), went relatively smoothly on Friday, removing downward pressure from the market, brokers said. Traders had expected small net selling related to the settlement.</p>
<p>Brokers said they would pay close attention to government policies to support the real estate market.</p>
<p>&quot;Positive and negative aspects of the outlook for government policies have been mixed so far, but worries are slightly stronger now,&quot; said Akihiro Naemura, a strategist at Okasan Securities Co Ltd.</p>
<p>&quot;Until some policies are unveiled, bank and construction shares cannot perk up,&quot; said a second-tier brokerage analyst.</p>
<p>Japanese banks and building firms have been saddled with huge bad loans, most of which are backed by land as collateral.</p>
<p>A National Land Agency source told Reuters earlier this month that the government was now thought unlikely to unveil in March a package of steps aimed at boosting land liquidity.</p>
<p>Market sentiment has been undermined by corporate scandals.</p>
<p>&quot;Overall sentiment is not good, as there are worries about not only Nomura but Japanese securities houses in general,&quot; said Kazuo Shiogai, deputy branch manager at ING Baring Securities.</p>
<p>Shiogai also said the market was not confident about the state of the economy after the sales tax goes up by two percentage points to five percent in April.</p>
<p>Giant brokerage Nomura Securities Co Ltd said two of its directors had been involved in suspected illegal deals with a corporate client linked by Japanese media to a &quot;sokaiya&quot; racketeer.</p>
<p>On Friday, only hours after Nomura president Hideo Sakamaki and two board members resigned over the scandal, a police official told a parliamentary panel that the National Police Agency was gathering information on the affair.</p>
<p>Japan's Finance Minister Hiroshi Mitsuzuka said that the securities watchdog was likely to inspect other brokers with reported links with racketeers.</p>
<p>Ajinomoto Co Inc, Japan's top food processor, said earlier last week that two of its executives had been arrested on suspicion of paying company funds to racketeers.</p>
<p>The market is also likely to be weighed down by continuing profit-taking ahead of the end-March corporate book closings, brokers said.</p>
</text>
<copyright>(c) Reuters Limited 1997</copyright>
<metadata>
<codes class="bip:countries:1.0">
  <code code="JAP">
    <editdetail attribution="Reuters BIP Coding Group" action="confirmed" date="1997-03-16"/>
  </code>
</codes>
<codes class="bip:topics:1.0">
  <code code="M11">
    <editdetail attribution="Reuters BIP Coding Group" action="confirmed" date="1997-03-16"/>
  </code>
  <code code="MCAT">
    <editdetail attribution="Reuters BIP Coding Group" action="confirmed" date="1997-03-16"/>
  </code>
</codes>
<dc element="dc.date.created" value="1997-03-16"/>
<dc element="dc.publisher" value="Reuters Holdings Plc"/>
<dc element="dc.date.published" value="1997-03-16"/>
<dc element="dc.source" value="Reuters"/>
<dc element="dc.creator.location" value="TOKYO"/>
<dc element="dc.creator.location.country.name" value="JAPAN"/>
<dc element="dc.source" value="Reuters"/>
</metadata>
</newsitem>
