<?xml version="1.0" encoding="iso-8859-1" ?>
<newsitem itemid="445614" id="root" date="1997-03-16" xml:lang="en">
<title>AUSTRALIA: RTRS-Australian Bank Reference (Prime) Rates.</title>
<headline>RTRS-Australian Bank Reference (Prime) Rates.</headline>
<text>
<p>To Advise Changes - Phone (02) 9373-1800</p>
<p>		  (Updated March 14)</p>
<p>&quot;BIG FOUR&quot;</p>
<p>  ANZ Bank   Reference			   9.35</p>
<p>		 Index (Business Overdraft)    9.75</p>
<p>  CBA	  Corporate Loan Reference	9.25</p>
<p>		 Corporate Overdraft	     9.25</p>
<p>		 Loan Index Rate		   9.75</p>
<p>		 Overdraft Index		   9.75</p>
<p>		 Better Business		   9.45</p>
<p>  NAB	  Benchmark			   9.40</p>
<p>		 Base				  9.75</p>
<p>  Westpac    Business Finance Rate	   8.00</p>
<p>		 Reference Lending Rate	  9.25</p>
<p>Indicator Lending Rate 9.75</p>
<p>		 Bus Development Rate	    8.00</p>
<p>		 Bus Equity Rate		   9.45</p>
<p>&quot;OTHERS&quot;</p>
<p>  Advance    Business Reference		9.60</p>
<p>		 Business Overdraft Base Rate  9.45</p>
<p>		 Base Factoring Rate	    11.00</p>
<p>  Arab Bank  Prime Lending Rate		9.25</p>
<p>  Bank Melb  Base Lending Rate		 9.75</p>
<p>  Bank NZ    Corporate Base		    9.50</p>
<p>		 Consumer Base		    10.00</p>
<p>		 Deposit Indicator Rate	  5.25</p>
<p>		 Casual O/D Rate		  13.50</p>
<p>  BankSA     Base Indicator		    9.40</p>
<p>		 Personal Base		    13.50</p>
<p>		 Corporate Overdraft	     9.95</p>
<p>		 Comm O/D Base Rate		9.40</p>
<p>  BankWest   Overdraft Reference	     9.75</p>
<p>		 Standby Ref Rate		  14.75</p>
<p>		 VIP Rate			    12.25</p>
<p>  Challenge  Business Development Rate     8.45</p>
<p>		 Bus Equity Rate		   9.45</p>
<p>		 Bus Finance Rate		  8.00</p>
<p>		 Ind/Land/Bus O/D		  9.75</p>
<p>		 Ref Land Rate		     9.75</p>
<p> Colonial/   Reference Rate		    9.75</p>
<p> State	 Special Business Plus Var     7.75</p>
<p> Bank	  Business Veridian Ref Rate    7.31</p>
<p>  HK Bank    Base Lending Rate		 9.75</p>
<p>  Metway     Base Rate			   9.75</p>
<p>  QIDC	 Business Variable Rate	 10.00</p>
<p>		 Business Overdraft	     10.50</p>
<p>  St George  Business Banking Reference   10.25</p>
<p>		 Prime Lending Rate		9.75</p>
<p>St George</p>
<p>  Partnership Prime Lending Rate	     9.75</p>
<p>		  Prime Lending Pers	     9.75</p>
<p>-- Sydney Newsroom 61-2 9373-1800</p>
</text>
<copyright>(c) Reuters Limited 1997</copyright>
<metadata>
<codes class="bip:countries:1.0">
  <code code="AUSTR">
    <editdetail attribution="Reuters BIP Coding Group" action="confirmed" date="1997-03-16"/>
  </code>
</codes>
<codes class="bip:industries:1.0">
  <code code="I81402">
    <editdetail attribution="Reuters BIP Coding Group" action="confirmed" date="1997-03-16"/>
  </code>
</codes>
<codes class="bip:topics:1.0">
  <code code="C31">
    <editdetail attribution="Reuters BIP Coding Group" action="confirmed" date="1997-03-16"/>
  </code>
  <code code="CCAT">
    <editdetail attribution="Reuters BIP Coding Group" action="confirmed" date="1997-03-16"/>
  </code>
</codes>
<dc element="dc.publisher" value="Reuters Holdings Plc"/>
<dc element="dc.date.published" value="1997-03-16"/>
<dc element="dc.source" value="Reuters"/>
<dc element="dc.creator.location.country.name" value="AUSTRALIA"/>
<dc element="dc.source" value="Reuters"/>
</metadata>
</newsitem>
