<?xml version="1.0" encoding="iso-8859-1" ?>
<newsitem itemid="445645" id="root" date="1997-03-16" xml:lang="en">
<title>VIETNAM: Vietnam demands halt to Chinese offshore drilling.</title>
<headline>Vietnam demands halt to Chinese offshore drilling.</headline>
<dateline>HANOI 1997-03-16</dateline>
<text>
<p>Vietnam has called on Beijing to stop oil exploration in an area of the South China Sea which Hanoi considers its own, the official Vietnam News Agency (VNA) said on Sunday.</p>
<p>VNA said Vietnam had lodged a formal complaint over Chinese drilling close to the disputed Spratly Islands and its coastguards had repeatedly warned vessels accompanying the oil rig that they were encroaching on foreign territorial waters.</p>
<p>&quot;The operation of the Chinese oil rig has seriously violated Vietnam's sovereignty over its exclusive economic zone and continental shelf,&quot; VNA said, quoting a letter which was sent to the Chinese embassy in Hanoi on March 10.</p>
<p>&quot;Vietnam demands the Chinese side stop the operation of the Kan Tan III oil rig and withdraw it from the exclusive zone and the continental shelf of Vietnam,&quot; the letter said.</p>
<p>&quot;The note stresses that China's violation...runs counter to the fine development trend of the friendship and cooperation between the two countries and caused bad effects on the progress of the ongoing negotiation to solve border and territorial issues between the two countries,&quot; VNA added.</p>
<p>It said the oil rig and tugboat were moved on March 7 into an area 64.5 nautical miles off Chan Nay Dong cape, halfway down the Vietnamese coast.</p>
<p>Vietnam and China, which share a long history of mutual suspicion, have discussed land and maritime border disputes since they normalised relations in 1991.</p>
<p>However, the two communist countries have made little progress over the South China Sea, where they are among several regional claimants to the potentially oil-rich Spratly and Paracel island chains.</p>
<p>Chinese and Vietnamese warships clashed briefly in the Spratlys in the late 1980s and the dispute bubbled to the surface again last year when Hanoi granted an oil exploration and production contract near the archipelago to the U.S. firm Conoco.</p>
<p>A month later, China announced that it was expanding the area of sea under its jurisdiction by more than 2.5 million sq km (965,000 sq miles), and said the move ensured it abided by a United Nations' convention on maritime law.</p>
<p>VNA said that the Ministry of Foreign Affairs arranged hasty meetings with Chinese officials after the Kan Tan III oil rig started drilling and coastguards made repeated warnings.</p>
<p>&quot;But Chinese ships ignored the warning and kept on drilling operations,&quot; it said.</p>
</text>
<copyright>(c) Reuters Limited 1997</copyright>
<metadata>
<codes class="bip:countries:1.0">
  <code code="CHINA">
    <editdetail attribution="Reuters BIP Coding Group" action="confirmed" date="1997-03-16"/>
  </code>
  <code code="VIETN">
    <editdetail attribution="Reuters BIP Coding Group" action="confirmed" date="1997-03-16"/>
  </code>
</codes>
<codes class="bip:industries:1.0">
  <code code="I13000">
    <editdetail attribution="Reuters BIP Coding Group" action="confirmed" date="1997-03-16"/>
  </code>
  <code code="I1300003">
    <editdetail attribution="Reuters BIP Coding Group" action="confirmed" date="1997-03-16"/>
  </code>
</codes>
<codes class="bip:topics:1.0">
  <code code="C24">
    <editdetail attribution="Reuters BIP Coding Group" action="confirmed" date="1997-03-16"/>
  </code>
  <code code="CCAT">
    <editdetail attribution="Reuters BIP Coding Group" action="confirmed" date="1997-03-16"/>
  </code>
  <code code="GCAT">
    <editdetail attribution="Reuters BIP Coding Group" action="confirmed" date="1997-03-16"/>
  </code>
  <code code="GDIP">
    <editdetail attribution="Reuters BIP Coding Group" action="confirmed" date="1997-03-16"/>
  </code>
</codes>
<dc element="dc.date.created" value="1997-03-16"/>
<dc element="dc.publisher" value="Reuters Holdings Plc"/>
<dc element="dc.date.published" value="1997-03-16"/>
<dc element="dc.source" value="Reuters"/>
<dc element="dc.creator.location" value="HANOI"/>
<dc element="dc.creator.location.country.name" value="VIETNAM"/>
<dc element="dc.source" value="Reuters"/>
</metadata>
</newsitem>
