<?xml version="1.0" encoding="iso-8859-1" ?>
<newsitem itemid="445636" id="root" date="1997-03-16" xml:lang="en">
<title>AUSTRALIA: RTRS-Australian companies ex-div to March 28.</title>
<headline>RTRS-Australian companies ex-div to March 28.</headline>
<dateline>SYDNEY 1996-03-17</dateline>
<text>
<p>The following is a list of companies going ex-dividend to March 21, compiled from information supplied by the Australian Stock Exchange.</p>
<p>Monday, March 17</p>
<p>    CRA Ltd			     44.4 cents</p>
<p>    JNA Telecommunications	   1.0 cents</p>
<p>Tuesday, March 18  </p>
<p>    Amcor Ltd			   18.0 cents</p>
<p>    Champion Compressors	     4.0 cents</p>
<p>    H-G Ventures			 5.0 cents</p>
<p>    Ridley Corporation		3.75 cents</p>
<p>    Toll Holdings			6.0 cents</p>
<p>Wednesday, March 19</p>
<p>    Abigroup			     5.0 cents</p>
<p>    Advance Property		   n/a</p>
<p>    Australian Natural Foods	1.25 cents</p>
<p>    Austereo			     4.0 cents</p>
<p>    Bridgestone Australia	   8.75 cents</p>
<p>    CCI Holdings			 2.2 cents</p>
<p>    Cedar Woods			  2.0 cents</p>
<p>    Delfin Property Group	   12.0 cents</p>
<p>    Devine				 3.0 cents</p>
<p>    Eltin				  5.0 cents</p>
<p>    F.H. Faulding			9.0 cents</p>
<p>    HIH Winterthur		     7.0 cents</p>
<p>    Multispares Holdings	     0.75 cents</p>
<p>    Oil Co of Australia		3.0 cents</p>
<p>    OPSM Protector		     6.5 cents</p>
<p>    Reinsurance Australia	   13.0 cents</p>
<p>    RGC Ltd				5.0 cents</p>
<p>    Savage Resources		   1.0 cents</p>
<p>    Scientific Services		3.0 cents</p>
<p>    Select Harvests		    1.5 cents</p>
<p>    Howard Smith			17.0 cents</p>
<p>    Southcorp Holdings		8.25 cents</p>
<p>    Spencer Gulf Telecasters	15.0 cents</p>
<p>    Spencer Gulf Telecasters	 2.5 cents</p>
<p>    Wesfarmers			  20.0 cents</p>
<p>Thursday, March 20</p>
<p>    Adtrans				5.0 cents</p>
<p>    Ausdrill			     4.0 cents</p>
<p>    Clifford Corporation	    1.25 cents</p>
<p>    Milton Corporation		17.5 cents</p>
<p>Friday, March 21</p>
<p>    Delta Gold			   1.5 cents</p>
<p>Development Capital Australia  2.5 cents</p>
<p>    SGIO Insurances		    4.0 cents</p>
<p>    Woolworths			   7.0 cents</p>
<p>Monday, March 24</p>
<p>    Avatar Industries		  4.0 cents</p>
<p>    KLZ Ltd				8.0 cents</p>
<p>    Pirelli Cables		     3.0 cents</p>
<p>    Singleton Group		    4.0 cents</p>
<p>Tuesday, March 25</p>
<p>    Australia United Investments   4.0 cents</p>
<p>    Central Norseman Gold	    1.5 cents</p>
<p>    Diversified United		 1.5 cents</p>
<p>    Fleetwood Corporation	    4.0 cents</p>
<p>    Futuris Corporation		2.75 cents</p>
<p>    Goodman Fielder		    3.0 cents</p>
<p>    National Foods		     3.0 cents</p>
<p>    News Corp			    1.5 cents</p>
<p>    News Corp			   3.75 cents</p>
<p>    Orogen Minerals		    3.0 toea</p>
<p>    Resolute Ltd			 1.0 cents</p>
<p>    Simsmetal			   14.0 cents</p>
<p>    Spotless group		     5.5 cents</p>
<p>    Spotless Services		  3.0 cents</p>
<p>    WMC Ltd				6.0 cents</p>
<p>Wednesday, March 26</p>
<p>    Hills Industries		   3.1 cents</p>
<p>Thursday, March 27</p>
<p>    Ashton Mining			3.0 cents</p>
<p>    Friday, March 28				nil</p>
<p>-- Sydney Newsroom 61-2 9373-1800</p>
</text>
<copyright>(c) Reuters Limited 1997</copyright>
<metadata>
<codes class="bip:countries:1.0">
  <code code="AUSTR">
    <editdetail attribution="Reuters BIP Coding Group" action="confirmed" date="1997-03-16"/>
  </code>
</codes>
<codes class="bip:industries:1.0">
  <code code="I01002">
    <editdetail attribution="Reuters BIP Coding Group" action="confirmed" date="1997-03-16"/>
  </code>
  <code code="I11000">
    <editdetail attribution="Reuters BIP Coding Group" action="confirmed" date="1997-03-16"/>
  </code>
  <code code="I21000">
    <editdetail attribution="Reuters BIP Coding Group" action="confirmed" date="1997-03-16"/>
  </code>
  <code code="I25700">
    <editdetail attribution="Reuters BIP Coding Group" action="confirmed" date="1997-03-16"/>
  </code>
  <code code="I33010">
    <editdetail attribution="Reuters BIP Coding Group" action="confirmed" date="1997-03-16"/>
  </code>
  <code code="I34100">
    <editdetail attribution="Reuters BIP Coding Group" action="confirmed" date="1997-03-16"/>
  </code>
  <code code="I35102">
    <editdetail attribution="Reuters BIP Coding Group" action="confirmed" date="1997-03-16"/>
  </code>
  <code code="I35300">
    <editdetail attribution="Reuters BIP Coding Group" action="confirmed" date="1997-03-16"/>
  </code>
  <code code="I41000">
    <editdetail attribution="Reuters BIP Coding Group" action="confirmed" date="1997-03-16"/>
  </code>
  <code code="I41300">
    <editdetail attribution="Reuters BIP Coding Group" action="confirmed" date="1997-03-16"/>
  </code>
  <code code="I47100">
    <editdetail attribution="Reuters BIP Coding Group" action="confirmed" date="1997-03-16"/>
  </code>
  <code code="I47500">
    <editdetail attribution="Reuters BIP Coding Group" action="confirmed" date="1997-03-16"/>
  </code>
  <code code="I48110">
    <editdetail attribution="Reuters BIP Coding Group" action="confirmed" date="1997-03-16"/>
  </code>
  <code code="I50100">
    <editdetail attribution="Reuters BIP Coding Group" action="confirmed" date="1997-03-16"/>
  </code>
  <code code="I5010022">
    <editdetail attribution="Reuters BIP Coding Group" action="confirmed" date="1997-03-16"/>
  </code>
  <code code="I50200">
    <editdetail attribution="Reuters BIP Coding Group" action="confirmed" date="1997-03-16"/>
  </code>
  <code code="I63000">
    <editdetail attribution="Reuters BIP Coding Group" action="confirmed" date="1997-03-16"/>
  </code>
  <code code="I64100">
    <editdetail attribution="Reuters BIP Coding Group" action="confirmed" date="1997-03-16"/>
  </code>
  <code code="I65100">
    <editdetail attribution="Reuters BIP Coding Group" action="confirmed" date="1997-03-16"/>
  </code>
  <code code="I65400">
    <editdetail attribution="Reuters BIP Coding Group" action="confirmed" date="1997-03-16"/>
  </code>
  <code code="I6540005">
    <editdetail attribution="Reuters BIP Coding Group" action="confirmed" date="1997-03-16"/>
  </code>
  <code code="I77002">
    <editdetail attribution="Reuters BIP Coding Group" action="confirmed" date="1997-03-16"/>
  </code>
  <code code="I81502">
    <editdetail attribution="Reuters BIP Coding Group" action="confirmed" date="1997-03-16"/>
  </code>
  <code code="I8150203">
    <editdetail attribution="Reuters BIP Coding Group" action="confirmed" date="1997-03-16"/>
  </code>
  <code code="I82000">
    <editdetail attribution="Reuters BIP Coding Group" action="confirmed" date="1997-03-16"/>
  </code>
  <code code="I82003">
    <editdetail attribution="Reuters BIP Coding Group" action="confirmed" date="1997-03-16"/>
  </code>
  <code code="I8200318">
    <editdetail attribution="Reuters BIP Coding Group" action="confirmed" date="1997-03-16"/>
  </code>
  <code code="I83700">
    <editdetail attribution="Reuters BIP Coding Group" action="confirmed" date="1997-03-16"/>
  </code>
  <code code="I83800">
    <editdetail attribution="Reuters BIP Coding Group" action="confirmed" date="1997-03-16"/>
  </code>
  <code code="I83960">
    <editdetail attribution="Reuters BIP Coding Group" action="confirmed" date="1997-03-16"/>
  </code>
  <code code="I85000">
    <editdetail attribution="Reuters BIP Coding Group" action="confirmed" date="1997-03-16"/>
  </code>
  <code code="I9741105">
    <editdetail attribution="Reuters BIP Coding Group" action="confirmed" date="1997-03-16"/>
  </code>
</codes>
<codes class="bip:topics:1.0">
  <code code="C15">
    <editdetail attribution="Reuters BIP Coding Group" action="confirmed" date="1997-03-16"/>
  </code>
  <code code="C151">
    <editdetail attribution="Reuters BIP Coding Group" action="confirmed" date="1997-03-16"/>
  </code>
  <code code="CCAT">
    <editdetail attribution="Reuters BIP Coding Group" action="confirmed" date="1997-03-16"/>
  </code>
</codes>
<dc element="dc.date.created" value="1996-03-17"/>
<dc element="dc.publisher" value="Reuters Holdings Plc"/>
<dc element="dc.date.published" value="1997-03-16"/>
<dc element="dc.source" value="Reuters"/>
<dc element="dc.creator.location" value="SYDNEY"/>
<dc element="dc.creator.location.country.name" value="AUSTRALIA"/>
<dc element="dc.source" value="Reuters"/>
</metadata>
</newsitem>
