<?xml version="1.0" encoding="iso-8859-1" ?>
<newsitem itemid="445723" id="root" date="1997-03-16" xml:lang="en">
<title>YEMEN: Yemen and UNDP sign environmental protection deal.</title>
<headline>Yemen and UNDP sign environmental protection deal.</headline>
<dateline>SANAA 1997-03-16</dateline>
<text>
<p>Yemen and the United Nations Development Programme (UNDP) on Sunday signed a deal to launch an environmental project worth $11.74 million, Yemeni television reported.</p>
<p>It said the UNDP's contribution &quot;reached $6.05 million while the (U.N.'s) World Environment Facilities Fund contributed $5.24 million&quot;.</p>
<p>It said the Yemeni government &quot;is contributing $450,000 in cash and 20 million rials ($160,000) in kind&quot;. It did not elaborate.</p>
<p>The project seeks to strengthen environmental programmes in a number of governmental institutions, protect natural resources, promote biological diversity and fight desertification, the television said.</p>
<p>The project was due to begin in April and last three years. ($1=125 rials)</p>
</text>
<copyright>(c) Reuters Limited 1997</copyright>
<metadata>
<codes class="bip:countries:1.0">
  <code code="UN">
    <editdetail attribution="Reuters BIP Coding Group" action="confirmed" date="1997-03-16"/>
  </code>
  <code code="YEMAR">
    <editdetail attribution="Reuters BIP Coding Group" action="confirmed" date="1997-03-16"/>
  </code>
</codes>
<codes class="bip:topics:1.0">
  <code code="GCAT">
    <editdetail attribution="Reuters BIP Coding Group" action="confirmed" date="1997-03-16"/>
  </code>
  <code code="GENV">
    <editdetail attribution="Reuters BIP Coding Group" action="confirmed" date="1997-03-16"/>
  </code>
</codes>
<dc element="dc.date.created" value="1997-03-16"/>
<dc element="dc.publisher" value="Reuters Holdings Plc"/>
<dc element="dc.date.published" value="1997-03-16"/>
<dc element="dc.source" value="Reuters"/>
<dc element="dc.creator.location" value="SANAA"/>
<dc element="dc.creator.location.country.name" value="YEMEN"/>
<dc element="dc.source" value="Reuters"/>
</metadata>
</newsitem>
