<?xml version="1.0" encoding="iso-8859-1" ?>
<newsitem itemid="445747" id="root" date="1997-03-16" xml:lang="en">
<title>EGYPT: Egyptian pound averages 3.3874/3.3910 to dlr.</title>
<headline>Egyptian pound averages 3.3874/3.3910 to dlr.</headline>
<dateline>CAIRO 1997-03-16</dateline>
<text>
<p>Private-sector Egyptian banks said the dollar ranged from 3.3830 and 3.3900 pounds bid and from 3.3870 to 3.3930 pounds offered in the interbank market on Sunday.</p>
<p>A survey of five actively trading banks gave average rates of 3.3874 pounds bid and 3.3910 pounds offered. The averages compared with 3.3885 and 3.3910 pounds on Thursday.</p>
<p>The Central Bank calculated the average exchange rate at midday as 3.389847 buy and 3.398146 sell.</p>
<p>-- Cairo newsroom +20 2 578 3290/1</p>
</text>
<copyright>(c) Reuters Limited 1997</copyright>
<metadata>
<codes class="bip:countries:1.0">
  <code code="EGYPT">
    <editdetail attribution="Reuters BIP Coding Group" action="confirmed" date="1997-03-16"/>
  </code>
</codes>
<codes class="bip:topics:1.0">
  <code code="M13">
    <editdetail attribution="Reuters BIP Coding Group" action="confirmed" date="1997-03-16"/>
  </code>
  <code code="M132">
    <editdetail attribution="Reuters BIP Coding Group" action="confirmed" date="1997-03-16"/>
  </code>
  <code code="MCAT">
    <editdetail attribution="Reuters BIP Coding Group" action="confirmed" date="1997-03-16"/>
  </code>
</codes>
<dc element="dc.date.created" value="1997-03-16"/>
<dc element="dc.publisher" value="Reuters Holdings Plc"/>
<dc element="dc.date.published" value="1997-03-16"/>
<dc element="dc.source" value="Reuters"/>
<dc element="dc.creator.location" value="CAIRO"/>
<dc element="dc.creator.location.country.name" value="EGYPT"/>
<dc element="dc.source" value="Reuters"/>
</metadata>
</newsitem>
