<?xml version="1.0" encoding="iso-8859-1" ?>
<newsitem itemid="445799" id="root" date="1997-03-16" xml:lang="en">
<title>USA: &quot;Jedi&quot; returns in style, tops U.S. box office sales.</title>
<headline>&quot;Jedi&quot; returns in style, tops U.S. box office sales.</headline>
<dateline>LOS ANGELES 1997-03-16</dateline>
<text>
<p>&quot;Return of the Jedi,&quot; the third installment in the &quot;Star Wars&quot; trilogy, completed a clean sweep for the series' reissue by taking top spot at the box office over the weekend, according to estimates Sunday.</p>
<p>&quot;Jedi,&quot; originally released in 1983, took in an estimated $16.3 million in ticket sales over the Friday to Sunday weekend, according to Exhibitor Relations Co., which tracks sales for the studios. The movie has sold $280 million worth of tickets in the United States including its first release.</p>
<p>It came in comfortably ahead of the Tim Allen comedy &quot;Jungle 2 Jungle,&quot; which held second place with $11.3 million in ticket sales. Last week's number one, &quot;Private Parts,&quot; tumbled to third with sales of about $9 million.</p>
<p>Meanwhile, the reissued &quot;Star Wars,&quot; came in ninth with $2.3 million in sales while &quot;The Empire Strikes Back&quot; shared fourth spot with $5.5 million in sales.</p>
<p>Comparisons with how &quot;Jedi&quot; did in its first time release are difficult since it opened on a Wednesday before a Memorial Day holiday weekend. Back then, it earned $6.2 million on its first day and $41.1 million after its first six days.</p>
<p>The reissued version, like the other two, features a cleaned-up soundtrack and visuals. Several scenes have also been expanded. The movie, released by News Corp.'s 20th Century Fox, averaged $7,721 from 2,111 screens.</p>
<p>By contrast, the reissued &quot;Star Wars&quot; opened with $35.9 million for a $17,066 average during the Jan. 31-Feb. 2 weekend while &quot;The Empire Strikes Back&quot; opened with $22 million and a $10,410 average during the Feb. 21-23 weekend.</p>
<p>The lifetime total for &quot;Star Wars&quot; is $456.7 million and for &quot;The Empire Strikes Back&quot; is $282 million.</p>
<p>The top 10 contained one other new entry, the urban romance &quot;Love Jones,&quot; which opened in sixth place with $4 million in sales. It is released by New Line Cinema, a unit of Time Warner Inc.</p>
<p>The Academy Award-nominated &quot;Sling Blade&quot; jumped nine places to seventh with $3 million as its number of screens jumped to 951 from 268. The quirky drama, which has won Oscar nominations for screenplay and acting for Billy Bob Thornton, is released by Miramax Films, a unit of Walt Disney Co.</p>
<p>Disney also released &quot;Jungle 2 Jungle.&quot;</p>
<p>&quot;Private Parts&quot; suffered a hefty 38 percent decline in sales, the biggest among top earners. The blunt radio host Howard Stern's film was released by Paramount Pictures, a unit of Viacom Inc.</p>
<p>&quot;The Empire Strikes back&quot; shared fourth with the mob picture &quot;Donnie Brasco,&quot; the TriStar Pictures release whose receipts fell 30 percent in its third weekend. TriStar is owned by Sony Corp.</p>
</text>
<copyright>(c) Reuters Limited 1997</copyright>
<metadata>
<codes class="bip:countries:1.0">
  <code code="USA">
    <editdetail attribution="Reuters BIP Coding Group" action="confirmed" date="1997-03-16"/>
  </code>
</codes>
<codes class="bip:industries:1.0">
  <code code="I34540">
    <editdetail attribution="Reuters BIP Coding Group" action="confirmed" date="1997-03-16"/>
  </code>
  <code code="I47500">
    <editdetail attribution="Reuters BIP Coding Group" action="confirmed" date="1997-03-16"/>
  </code>
  <code code="I83960">
    <editdetail attribution="Reuters BIP Coding Group" action="confirmed" date="1997-03-16"/>
  </code>
  <code code="I97100">
    <editdetail attribution="Reuters BIP Coding Group" action="confirmed" date="1997-03-16"/>
  </code>
  <code code="I97400">
    <editdetail attribution="Reuters BIP Coding Group" action="confirmed" date="1997-03-16"/>
  </code>
</codes>
<codes class="bip:topics:1.0">
  <code code="C31">
    <editdetail attribution="Reuters BIP Coding Group" action="confirmed" date="1997-03-16"/>
  </code>
  <code code="CCAT">
    <editdetail attribution="Reuters BIP Coding Group" action="confirmed" date="1997-03-16"/>
  </code>
  <code code="GCAT">
    <editdetail attribution="Reuters BIP Coding Group" action="confirmed" date="1997-03-16"/>
  </code>
  <code code="GENT">
    <editdetail attribution="Reuters BIP Coding Group" action="confirmed" date="1997-03-16"/>
  </code>
</codes>
<dc element="dc.date.created" value="1997-03-16"/>
<dc element="dc.publisher" value="Reuters Holdings Plc"/>
<dc element="dc.date.published" value="1997-03-16"/>
<dc element="dc.source" value="Reuters"/>
<dc element="dc.creator.location" value="LOS ANGELES"/>
<dc element="dc.creator.location.country.name" value="USA"/>
<dc element="dc.source" value="Reuters"/>
</metadata>
</newsitem>
