<?xml version="1.0" encoding="iso-8859-1" ?>
<newsitem itemid="445774" id="root" date="1997-03-16" xml:lang="en">
<title>DUBAI: Saudi denies man detained in Canada wanted.</title>
<headline>Saudi denies man detained in Canada wanted.</headline>
<dateline>DUBAI 1997-03-16</dateline>
<text>
<p>Saudi Arabia denied it was seeking a Saudi man detained in Canada who claimed to be wanted in connection with a bombing in the kingdom that killed 19 U.S. soldiers.</p>
<p>The denial was made by Saudi Deputy Interior Minister Prince Ahmed bin Abdul-Aziz to the Saudi-owned London-based Asharq al-Awsat newspaper on Sunday.</p>
<p>The man, Fahad al-Shehri, sought refugee status in Canada and said he was part of a mujahideen (holy warriors) group, though he denied involvement in the June bombing in the eastern Saudi town of Khobar, Canadian officials have said.</p>
<p>Prince Ahmed told Asharq al-Awsat that Shehri was &quot;not wanted in any case or crime and what he claims is a lie&quot;.</p>
<p>&quot;We know the man, all his family is in Saudi Arabia and he is not wanted neither in the Khobar bombing or any other case. We have not been informed of any charges against him,&quot; he added.</p>
<p>&quot;We will not ask for him to return...He is a Saudi citizen, his country is open for him whenever he wants to return to his country and family. But if he does not want to return, then this is his own business,&quot; he added.</p>
<p>Shehri applied to be a refugee on arrival at Ottawa airport on December 6 and was detained by Canadian immigration officials three days later. An inquiry into whether to grant him refugee status opened on March 3 but was adjourned until March 26.</p>
</text>
<copyright>(c) Reuters Limited 1997</copyright>
<metadata>
<codes class="bip:countries:1.0">
  <code code="CANA">
    <editdetail attribution="Reuters BIP Coding Group" action="confirmed" date="1997-03-16"/>
  </code>
  <code code="SAARAB">
    <editdetail attribution="Reuters BIP Coding Group" action="confirmed" date="1997-03-16"/>
  </code>
  <code code="USA">
    <editdetail attribution="Reuters BIP Coding Group" action="confirmed" date="1997-03-16"/>
  </code>
</codes>
<codes class="bip:topics:1.0">
  <code code="GCAT">
    <editdetail attribution="Reuters BIP Coding Group" action="confirmed" date="1997-03-16"/>
  </code>
  <code code="GDIP">
    <editdetail attribution="Reuters BIP Coding Group" action="confirmed" date="1997-03-16"/>
  </code>
  <code code="GVIO">
    <editdetail attribution="Reuters BIP Coding Group" action="confirmed" date="1997-03-16"/>
  </code>
</codes>
<dc element="dc.date.created" value="1997-03-16"/>
<dc element="dc.publisher" value="Reuters Holdings Plc"/>
<dc element="dc.date.published" value="1997-03-16"/>
<dc element="dc.source" value="Reuters"/>
<dc element="dc.creator.location" value="DUBAI"/>
<dc element="dc.creator.location.country.name" value="DUBAI"/>
<dc element="dc.source" value="Reuters"/>
</metadata>
</newsitem>
