<?xml version="1.0" encoding="iso-8859-1" ?>
<newsitem itemid="445746" id="root" date="1997-03-16" xml:lang="en">
<title>JORDAN: Jordan dinar overnight rates rise to 8.18 pct.</title>
<headline>Jordan dinar overnight rates rise to 8.18 pct.</headline>
<dateline>AMMAN 1997-03-16</dateline>
<text>
<p>The weighted average overnight interbank rate on the Jordanian dinar rose to 8.18 percent on Sunday from 7.89 percent on Saturday, the central bank said.</p>
<p>It said five banks traded on the market in seven reported transactions with a total value of 11 million dinars ($16 million).</p>
<p>$1=0.708 dinar</p>
<p>-- Amman newsroom +962 6 623 776</p>
</text>
<copyright>(c) Reuters Limited 1997</copyright>
<metadata>
<codes class="bip:countries:1.0">
  <code code="JORDAN">
    <editdetail attribution="Reuters BIP Coding Group" action="confirmed" date="1997-03-16"/>
  </code>
</codes>
<codes class="bip:topics:1.0">
  <code code="M13">
    <editdetail attribution="Reuters BIP Coding Group" action="confirmed" date="1997-03-16"/>
  </code>
  <code code="M131">
    <editdetail attribution="Reuters BIP Coding Group" action="confirmed" date="1997-03-16"/>
  </code>
  <code code="M132">
    <editdetail attribution="Reuters BIP Coding Group" action="confirmed" date="1997-03-16"/>
  </code>
  <code code="MCAT">
    <editdetail attribution="Reuters BIP Coding Group" action="confirmed" date="1997-03-16"/>
  </code>
</codes>
<dc element="dc.date.created" value="1997-03-16"/>
<dc element="dc.publisher" value="Reuters Holdings Plc"/>
<dc element="dc.date.published" value="1997-03-16"/>
<dc element="dc.source" value="Reuters"/>
<dc element="dc.creator.location" value="AMMAN"/>
<dc element="dc.creator.location.country.name" value="JORDAN"/>
<dc element="dc.source" value="Reuters"/>
</metadata>
</newsitem>
