<?xml version="1.0" encoding="iso-8859-1" ?>
<newsitem itemid="445762" id="root" date="1997-03-16" xml:lang="en">
<title>TURKEY: Iraqi Kurds mark deaths in Halabja gas attacks.</title>
<headline>Iraqi Kurds mark deaths in Halabja gas attacks.</headline>
<dateline>ISTANBUL 1997-03-16</dateline>
<text>
<p>Kurds in northern Iraq were to observe a minute's silence on Sunday to mark the anniversary of an Iraqi government gas attack that killed an estimated 5,000 people in the town of Halabja in 1988.</p>
<p>&quot;It is a tradition now in every town and village to hold a minute's silence to remember those who died and to discuss again the latest situation in the Kurdish question,&quot; Kurdish Democratic Party (KDP) Ankara spokesman Faik Nerweyi told Reuters.</p>
<p>&quot;The people will be visiting the mass graves of those who died and protesting against those who carried out the attacks,&quot; Patriotic Union of Kurdistan spokesman, Fatih Mohammed said.</p>
<p>Iraq launched gas attacks on Halabja and other towns in northern Iraq in 1988 as a reprisal against local Kurds who helped Iran during the Iran-Iraq war. More than 5,000 are thought to have died in the attack on Halabja.</p>
<p>KDP radio said on Saturday local television and radio stations would halt broadcasts for five minutes at 1200 local time (0900 GMT) and all places of recreation would be closed for the day. The KDP broadcast was monitored by Turkey's state-run Anatolian news agency.</p>
</text>
<copyright>(c) Reuters Limited 1997</copyright>
<metadata>
<codes class="bip:countries:1.0">
  <code code="IRAQ">
    <editdetail attribution="Reuters BIP Coding Group" action="confirmed" date="1997-03-16"/>
  </code>
  <code code="TURK">
    <editdetail attribution="Reuters BIP Coding Group" action="confirmed" date="1997-03-16"/>
  </code>
</codes>
<codes class="bip:topics:1.0">
  <code code="GCAT">
    <editdetail attribution="Reuters BIP Coding Group" action="confirmed" date="1997-03-16"/>
  </code>
  <code code="GVIO">
    <editdetail attribution="Reuters BIP Coding Group" action="confirmed" date="1997-03-16"/>
  </code>
</codes>
<dc element="dc.date.created" value="1997-03-16"/>
<dc element="dc.publisher" value="Reuters Holdings Plc"/>
<dc element="dc.date.published" value="1997-03-16"/>
<dc element="dc.source" value="Reuters"/>
<dc element="dc.creator.location" value="ISTANBUL"/>
<dc element="dc.creator.location.country.name" value="TURKEY"/>
<dc element="dc.source" value="Reuters"/>
</metadata>
</newsitem>
