<?xml version="1.0" encoding="iso-8859-1" ?>
<newsitem itemid="445708" id="root" date="1997-03-16" xml:lang="en">
<title>ISRAEL: Jordan's King Hussein on Israeli condolence call.</title>
<headline>Jordan's King Hussein on Israeli condolence call.</headline>
<dateline>TEL AVIV 1997-03-16</dateline>
<text>
<p>Jordan's King Hussein flew to Israel on Sunday to pay condolences to the families of seven schoogirls killed by a Jordanian soldier and to try to defuse tensions with Prime Minister Benjamin Netanyahu.</p>
<p>The king, a pilot, landed his own plane at Tel Aviv's Ben-Gurion airport at 12:46 a.m. (1046 GMT). Israeli television stations broadcast the landing live.</p>
<p>The monarch, accompanied by the commander-in-chief of Jordan's armed forces, shook hands with Netanyahu. It was their first meeting since a harsh exchange of letters last week over Israeli plans to build a Jewish settlement in Arab East Jerusalem.</p>
<p>After the landing, the two leaders rode by motorcade to the houses of the girls' families in the towns of Zlafon and Bet Shemesh. A Jordanian soldier slaughtered the girls while they were on an outing at the Israeli-Jordanian border on Thursday.</p>
<p>Israel vowed on Sunday to press ahead with the Jewish settlement despite the king's conciliatory visit and warnings by police the settlement would threaten Middle East peace moves.</p>
</text>
<copyright>(c) Reuters Limited 1997</copyright>
<metadata>
<codes class="bip:countries:1.0">
  <code code="ISRAEL">
    <editdetail attribution="Reuters BIP Coding Group" action="confirmed" date="1997-03-16"/>
  </code>
  <code code="JORDAN">
    <editdetail attribution="Reuters BIP Coding Group" action="confirmed" date="1997-03-16"/>
  </code>
</codes>
<codes class="bip:topics:1.0">
  <code code="GCAT">
    <editdetail attribution="Reuters BIP Coding Group" action="confirmed" date="1997-03-16"/>
  </code>
  <code code="GDIP">
    <editdetail attribution="Reuters BIP Coding Group" action="confirmed" date="1997-03-16"/>
  </code>
  <code code="GVIO">
    <editdetail attribution="Reuters BIP Coding Group" action="confirmed" date="1997-03-16"/>
  </code>
</codes>
<dc element="dc.date.created" value="1997-03-16"/>
<dc element="dc.publisher" value="Reuters Holdings Plc"/>
<dc element="dc.date.published" value="1997-03-16"/>
<dc element="dc.source" value="Reuters"/>
<dc element="dc.creator.location" value="TEL AVIV"/>
<dc element="dc.creator.location.country.name" value="ISRAEL"/>
<dc element="dc.source" value="Reuters"/>
</metadata>
</newsitem>
