<?xml version="1.0" encoding="iso-8859-1" ?>
<newsitem itemid="445796" id="root" date="1997-03-16" xml:lang="en">
<title>USA: Progress slow in talks to settle GM truck strike.</title>
<headline>Progress slow in talks to settle GM truck strike.</headline>
<byline>Todd Nissen</byline>
<dateline>DETROIT 1997-03-16</dateline>
<text>
<p>Union officials reported slow progress Sunday in talks aimed at ending a strike by 2,700 workers at a General Motors Corp. truck plant in Indiana now in its third day.</p>
<p>Negotiators from GM and United Auto Workers Local 2209 resumed talks on terms for a new three-year contract Sunday morning after working for about nine hours on Saturday, GM and union officials said.</p>
<p>&quot;Things are moving relatively slowly but progress continues to be made,&quot; said Mark Weber of Local 2209.</p>
<p>The strike began on Friday morning after no agreement had been reached by the union local's strike deadline. The union is demanding GM address health and safety concerns and add jobs to cut down on overtime.</p>
<p>GM is resisting the demand because it wants to follow through on plans to cut about 30,000 of its 210,000 hourly workers in the United States under the current three-year national contract with the United Auto Workers (UAW).</p>
<p>The national contract, which guides pacts GM needs to set with the UAW locals, allows GM to not replace jobs that it reduces through production efficiency gains.</p>
<p>The Fort Wayne plant, one four GM plants in North America that makes full-size pickup trucks, produces about 1,000 regular-sized cab Chevrolet C/K and GMC Sierra trucks each day. The more popular models with larger cabs are produced elsewhere.</p>
<p>Some industry analysts have said GM was likely to stand firm against UAW job demands at the plant. But others said the company does not need more labor headaches as it rolls out crucial new car and minivan models this year.</p>
<p>Strikes cost the world's largest automaker $1.2 billion in lost profits in 1996.</p>
<p>The Fort Wayne plant is the first UAW facility to strike GM since the new national labor agreement was reached last November. But other locals, including one at GM's Oklahoma City car plant, where the new Chevrolet Malibu is made, have asked for permission to set a strike deadline.</p>
<p>GM, which has the worst labor relations of Detroit's Big Three automakers, has yet to reach local agreements with about 40 of its 105 locals.</p>
<p>Ford Motor Co. has agreements with nearly all of its 72 locals and Chrysler Corp. needs agreements with about 20 more of its 150 locals.</p>
<p>Although the strike could cost the GM lost profits, customers are unlikely to experience shortages of GM trucks anytime soon. Dealers had about 80-day supplies of the C/K and GMC pickups at the end of February, according to Autodata Corp., a market research firm.</p>
<p>Although that is lower than what some analysts had predicted, it is still more than the 60-day supply the industry considers to be an optimum number.</p>
<p>UAW members at the Fort Wayne plant typically work an eight-hour plus up to 1-1/2 half hours of overtime per shift. The plant also runs occasional overtime shifts on Saturday.</p>
</text>
<copyright>(c) Reuters Limited 1997</copyright>
<metadata>
<codes class="bip:countries:1.0">
  <code code="USA">
    <editdetail attribution="Reuters BIP Coding Group" action="confirmed" date="1997-03-16"/>
  </code>
</codes>
<codes class="bip:industries:1.0">
  <code code="I35101">
    <editdetail attribution="Reuters BIP Coding Group" action="confirmed" date="1997-03-16"/>
  </code>
</codes>
<codes class="bip:topics:1.0">
  <code code="C42">
    <editdetail attribution="Reuters BIP Coding Group" action="confirmed" date="1997-03-16"/>
  </code>
  <code code="CCAT">
    <editdetail attribution="Reuters BIP Coding Group" action="confirmed" date="1997-03-16"/>
  </code>
  <code code="E41">
    <editdetail attribution="Reuters BIP Coding Group" action="confirmed" date="1997-03-16"/>
  </code>
  <code code="ECAT">
    <editdetail attribution="Reuters BIP Coding Group" action="confirmed" date="1997-03-16"/>
  </code>
  <code code="GCAT">
    <editdetail attribution="Reuters BIP Coding Group" action="confirmed" date="1997-03-16"/>
  </code>
  <code code="GJOB">
    <editdetail attribution="Reuters BIP Coding Group" action="confirmed" date="1997-03-16"/>
  </code>
</codes>
<dc element="dc.date.created" value="1997-03-16"/>
<dc element="dc.publisher" value="Reuters Holdings Plc"/>
<dc element="dc.date.published" value="1997-03-16"/>
<dc element="dc.source" value="Reuters"/>
<dc element="dc.creator.location" value="DETROIT"/>
<dc element="dc.creator.location.country.name" value="USA"/>
<dc element="dc.source" value="Reuters"/>
</metadata>
</newsitem>
