<?xml version="1.0" encoding="iso-8859-1" ?>
<newsitem itemid="445784" id="root" date="1997-03-16" xml:lang="en">
<title>USA: Clinton faces lifestyle changes after knee surgery.</title>
<headline>Clinton faces lifestyle changes after knee surgery.</headline>
<byline>Gene Gibbons</byline>
<dateline>WASHINGTON 1997-03-16</dateline>
<text>
<p>President Bill Clinton returned to the White House in a wheelchair on Sunday after emergency knee surgery that will delay his Helsinki summit with Russian President Boris Yeltsin this week by one day.</p>
<p>&quot;I feel fine today. I was a little sore yesterday, you know, the first day after the operation when the painkillers started to wear off,&quot; Clinton told reporters as his wife Hillary rolled him into the Executive Mansion.</p>
<p>Clinton, at 50 the youngest U.S. president since John Kennedy in the early 1960s, tore a tendon in his right knee early Friday when he stumbled on a step at the Florida home of Australian golf professional Greg Norman.</p>
<p>The painful injury forced him to undergo surgery later the same day, and doctors say it will be weeks before he is fully healed and able to walk without crutches.</p>
<p>&quot;Hillary wanted me to come home before she left for Africa. She and Chelsea wanted me well settled,&quot; he said. Mrs. Clinton and daughter Chelsea, 17, departed on a two-week goodwill trip to sub-Saharan Africa on Sunday afternoon. They delayed their departure by one day after Clinton's injury.</p>
<p>As Clinton left the hospital, the White House announced that his Helsinki summit with Russian President Boris Yeltsin will start one day later than scheduled -- on Thursday rather than Wednesday -- to give him more time to recuperate.</p>
<p>&quot;It gives him an additional day to get used to how to be mobile. You know, there's a lot of learning that will go into adjusting to the president's somewhat less than normal status right now...He'll have to get more familiar, more accustomed to using crutches,&quot; White House spokesman Mike McCurry said.</p>
<p>A member of the medical team that operated on Clinton will accompany him to the summit, along with a physical therapist and the physicians who routinely accompany a president on foreign trips.</p>
<p>A Clinton visit to Denmark that was to have followed the summit is being postponed until July, the White House said.</p>
<p>After his discharge from Bethesda National Navy Medical Centre shortly before mid-day on Sunday, Clinton travelled to the White House in a customised mini-van borrowed from former White House press secretary James Brady.</p>
<p>Brady has been confined to a wheelchair ever since he was seriously wounded in the March 1981 assassination attempt on Republican President Ronald Reagan.</p>
<p>McCurry said Clinton was in a wheelchair because doctors felt it would be more comfortable for him to keep his right leg elevated for next few days.</p>
<p>In preparation for the Democratic president's return to the White House, workers rearranged furniture and taped down rugs to let him more easily navigate the executive mansion.</p>
<p>Asked if his knee hurts every time he moves, Clinton said: &quot;No. You just have to learn to use a few different muscles.&quot;</p>
<p>Clinton, who received local anaesthesia during his surgery to avoid the need for a temporary transfer of power to Vice President Al Gore, was taking non-narcotic painkillers motrin and ultran and the non-narcotic muscle relaxant robaxin.</p>
<p>Doctors said the normally vigorous U.S. leader, who likes to jog and play golf, would have to change his lifestyle as he recuperates to regain knee flexibility and avoid weight gain.</p>
<p>&quot;We're going to get him in the pool and get him swimming and doing some water aerobics...we will be employing state of the art rehab exercises,&quot; Navy Lieutenant Commander Marlene DeMaio told reporters.</p>
<p>DeMaio, an orthopedic surgeon specially trained in sports medicine and reconstructive surgery, said Clinton was already undergoing phyical therapy and described him as stoically enduring knee exercises that made Marine commandoes blanch.</p>
<p>Dr. Connie Mariano, a Navy captain who is the president's regular doctor, said it was not unusual for an active person to gain as much as 27 pounds in a year after being laid up by injury. She said she would keep close tabs on Clinton's diet to keep this from happening to him.</p>
<p>&quot;I'm going to be the enforcer in the White House. You're all going to hate me, but I'm just going to say no,&quot; Mariano said.</p>
</text>
<copyright>(c) Reuters Limited 1997</copyright>
<metadata>
<codes class="bip:countries:1.0">
  <code code="FIN">
    <editdetail attribution="Reuters BIP Coding Group" action="confirmed" date="1997-03-16"/>
  </code>
  <code code="RUSS">
    <editdetail attribution="Reuters BIP Coding Group" action="confirmed" date="1997-03-16"/>
  </code>
  <code code="USA">
    <editdetail attribution="Reuters BIP Coding Group" action="confirmed" date="1997-03-16"/>
  </code>
</codes>
<codes class="bip:topics:1.0">
  <code code="GCAT">
    <editdetail attribution="Reuters BIP Coding Group" action="confirmed" date="1997-03-16"/>
  </code>
  <code code="GDIP">
    <editdetail attribution="Reuters BIP Coding Group" action="confirmed" date="1997-03-16"/>
  </code>
  <code code="GPOL">
    <editdetail attribution="Reuters BIP Coding Group" action="confirmed" date="1997-03-16"/>
  </code>
  <code code="GPRO">
    <editdetail attribution="Reuters BIP Coding Group" action="confirmed" date="1997-03-16"/>
  </code>
</codes>
<dc element="dc.date.created" value="1997-03-16"/>
<dc element="dc.publisher" value="Reuters Holdings Plc"/>
<dc element="dc.date.published" value="1997-03-16"/>
<dc element="dc.source" value="Reuters"/>
<dc element="dc.creator.location" value="WASHINGTON"/>
<dc element="dc.creator.location.country.name" value="USA"/>
<dc element="dc.source" value="Reuters"/>
</metadata>
</newsitem>
