<?xml version="1.0" encoding="iso-8859-1" ?>
<newsitem itemid="445768" id="root" date="1997-03-16" xml:lang="en">
<title>BAHRAIN: Some verdicts in Bahrain coup trial soon.</title>
<headline>Some verdicts in Bahrain coup trial soon.</headline>
<dateline>MANAMA 1997-03-16</dateline>
<text>
<p>Bahrain's state security court has said it will listen in a few days to final defence statements in the trial of 81 people accused of involvement in an alleged pro-Iranian plot to topple the government by force.</p>
<p>Lawyers said they expected some verdicts to be given later in the week and some suspects could face the death penalty.</p>
<p>Local newspapers on Sunday quoted a statement by the court as saying final defence statements would be given on Wednesday.</p>
<p>The trial started in the Gulf Arab state on March 1. Lawyers said 59 of the suspects were appearing before the court and the rest were being tried in absentia.</p>
<p>The defendants are accused of joining the military wing of the Bahraini Hizbollah (Party of God), creating an organisation aimed at toppling the government, possessing weapons without permission and contacting a foreign country.</p>
<p>Political parties are banned in Bahrain.</p>
<p>Bahrain in June accused Iran of backing an attempt to topple the government by force. Iran denied the charge and said it was not interfering in the internal affairs of Bahrain.</p>
<p>Members of the island's majority Shi'ite Moslem community have waged a campaign of bombings, arson attacks, sabotage and riots since December 1994 to demand political and economic reforms by the Sunni Moslem rulers. At least 28 people have been killed and hundreds arrested since then.</p>
</text>
<copyright>(c) Reuters Limited 1997</copyright>
<metadata>
<codes class="bip:countries:1.0">
  <code code="BAHRN">
    <editdetail attribution="Reuters BIP Coding Group" action="confirmed" date="1997-03-16"/>
  </code>
</codes>
<codes class="bip:topics:1.0">
  <code code="GCAT">
    <editdetail attribution="Reuters BIP Coding Group" action="confirmed" date="1997-03-16"/>
  </code>
  <code code="GCRIM">
    <editdetail attribution="Reuters BIP Coding Group" action="confirmed" date="1997-03-16"/>
  </code>
  <code code="GVIO">
    <editdetail attribution="Reuters BIP Coding Group" action="confirmed" date="1997-03-16"/>
  </code>
</codes>
<dc element="dc.date.created" value="1997-03-16"/>
<dc element="dc.publisher" value="Reuters Holdings Plc"/>
<dc element="dc.date.published" value="1997-03-16"/>
<dc element="dc.source" value="Reuters"/>
<dc element="dc.creator.location" value="MANAMA"/>
<dc element="dc.creator.location.country.name" value="BAHRAIN"/>
<dc element="dc.source" value="Reuters"/>
</metadata>
</newsitem>
