<?xml version="1.0" encoding="iso-8859-1" ?>
<newsitem itemid="445761" id="root" date="1997-03-16" xml:lang="en">
<title>MOROCCO: PRESS DIGEST - Morocco - March 16.</title>
<headline>PRESS DIGEST - Morocco - March 16.</headline>
<dateline>RABAT 1997-03-16</dateline>
<text>
<p>These are the leading stories in the Moroccan press on Sunday. Reuters has not verified these stories and does not vouch for their accuracy.</p>
<p>LE MATIN DU SAHARA</p>
<p>- King Hassan and Egyptian President Hosni Mubarak agree on a meeting of the Jerusalem Committee of the Organisation of the Islamic Conference soon to discuss Israeli settlement plans in the holy city. The two leaders also set up a joint committee to boost bilateral cooperation.</p>
<p>- Interior Minister Driss Basri addresses congress of the workers' union, La Confederation Democratique du Travail.</p>
<p>AL-MAGHRIB</p>
<p>- Princess Lalla Hasna inaugures private museum in Marrakesh.</p>
<p>- King Hussein meets Chinese ambassador An Guozheng.</p>
<p>L'OPINION</p>
<p>- Morocco and Egypt agree on a meeting of the Jerusalem committee at the end of March.</p>
<p>AL BAYANE</p>
<p>- Spain's Telefonica firm seeks partnership with Morocco.</p>
</text>
<copyright>(c) Reuters Limited 1997</copyright>
<metadata>
<codes class="bip:countries:1.0">
  <code code="MOROC">
    <editdetail attribution="Reuters BIP Coding Group" action="confirmed" date="1997-03-16"/>
  </code>
</codes>
<codes class="bip:topics:1.0">
  <code code="GCAT">
    <editdetail attribution="Reuters BIP Coding Group" action="confirmed" date="1997-03-16"/>
  </code>
</codes>
<dc element="dc.date.created" value="1997-03-16"/>
<dc element="dc.publisher" value="Reuters Holdings Plc"/>
<dc element="dc.date.published" value="1997-03-16"/>
<dc element="dc.source" value="Reuters"/>
<dc element="dc.creator.location" value="RABAT"/>
<dc element="dc.creator.location.country.name" value="MOROCCO"/>
<dc element="dc.source" value="Reuters"/>
</metadata>
</newsitem>
