<?xml version="1.0" encoding="iso-8859-1" ?>
<newsitem itemid="445707" id="root" date="1997-03-16" xml:lang="en">
<title>ISRAEL: Israel to break ground despite king, police.</title>
<headline>Israel to break ground despite king, police.</headline>
<byline>Howard Goller</byline>
<dateline>JERUSALEM 1997-03-16</dateline>
<text>
<p>Israel vowed on Sunday to break ground on a Jewish settlement despite a conciliatory visit by the king of Jordan and police warnings the project threatened to spark Palestinian violence.</p>
<p>Israel's Justice Minister Tzachi Hanegbi raised tensions further, warning Palestinian leader Yasser Arafat he faced possible expulsion from the self-ruled Gaza Strip should he launch a wave of unrest.</p>
<p>Israel's Deputy Housing Minister Meir Porush said he hoped work on the 6,500 houses for Jews would begin on Monday morning. &quot;The government's decision stands and will be executed,&quot; Foreign Minister David Levy told army radio.</p>
<p>King Hussein of Jordan, a pilot, flew his plane to Israel to console the families of seven schoolgirls slaughtered by a Jordanian soldier while they were on an outing at the Israeli-Jordanian border on Thursday.</p>
<p>Jordan said the soldier acted alone.</p>
<p>&quot;Your loss is my loss, my personal loss,&quot; the king told the parents of one of the dead girls, 13-year-old Sivan Fatihi.</p>
<p>Although not an official visit, it was still the king's first since he warned Israel's Prime Minister Benjamin Netanyahu last week of widespread bloodshed if Israel went ahead with the settlement on the outskirts of Arab East Jerusalem.</p>
<p>In a letter to Netanyahu, the king accused the Israeli leader of pushing the region &quot;towards an abyss of bloodshed.&quot; The harsh language marked the deepest crisis in ties between the two states since they signed a peace treaty in 1994.</p>
<p>On Saturday, Arafat appealed for international help at a Gaza conference. On Sunday his adviser Nabil Abu Rdainah told Reuters: &quot;Israel has created this crisis and Israel alone will be responsible for the consequences.&quot;</p>
<p>Israel's police chief Assaf Hefetz added his own warning on Sunday, saying police shared the fears and assessments of other Israeli security forces about the prospect of violence.</p>
<p>&quot;Construction there could heat up the situation and lead to a deterioration in relations,&quot; Hefetz said on Israel Radio.</p>
<p>Brigadier-General Yitzhak Eitan, the commander of Israel's Gaza forces, acknowledged tensions between his forces and the Palestinian policemen with whom the Israelis conduct joint patrols in the strip.</p>
<p>Netanyahu sparked an outburst of violence last September when he punched open a new entrance to a tunnel near Islamic shrines in East Jerusalem. The bloodshed claimed the lives of 61 Palestinians and 15 Israeli soldiers.</p>
<p>Israel, viewing all of Jerusalem as its capital, says its peace deals with the PLO do not bar construction of the East Jerusalem settlement. Palestinians claim East Jerusalem, captured by Israel in 1967, as the capital of a future state.</p>
<p>As it happens Monday -- the scheduled day of groundbreaking -- was also the day that Arafat and Netanyahu had agreed in a January peace deal to resume talks on the future of Jerusalem and other tough &quot;final-status&quot; issues.</p>
<p>Those talks are due to end in May 1999.</p>
<p>&quot;Whoever launches violence could very quickly find himself packing a suitcase and travelling back and forth on the line from Tunis to Baghdad like he (Arafat) did for many years,&quot; Hanegbi told supporters in remarks on Saturday.</p>
<p>Arafat set up his authority in Gaza in 1994 under a peace deal with Israel.</p>
<p>Hanegbi's counterpart in Arafat's Palestinian Authority, Freih Abu Medeen, cancelled a meeting with the Israeli minister following the speech. Israeli Foreign Minister David Levy said he regretted Hanegbi's remarks.</p>
</text>
<copyright>(c) Reuters Limited 1997</copyright>
<metadata>
<codes class="bip:countries:1.0">
  <code code="ISRAEL">
    <editdetail attribution="Reuters BIP Coding Group" action="confirmed" date="1997-03-16"/>
  </code>
  <code code="JORDAN">
    <editdetail attribution="Reuters BIP Coding Group" action="confirmed" date="1997-03-16"/>
  </code>
</codes>
<codes class="bip:topics:1.0">
  <code code="GCAT">
    <editdetail attribution="Reuters BIP Coding Group" action="confirmed" date="1997-03-16"/>
  </code>
  <code code="GDIP">
    <editdetail attribution="Reuters BIP Coding Group" action="confirmed" date="1997-03-16"/>
  </code>
  <code code="GPOL">
    <editdetail attribution="Reuters BIP Coding Group" action="confirmed" date="1997-03-16"/>
  </code>
</codes>
<dc element="dc.date.created" value="1997-03-16"/>
<dc element="dc.publisher" value="Reuters Holdings Plc"/>
<dc element="dc.date.published" value="1997-03-16"/>
<dc element="dc.source" value="Reuters"/>
<dc element="dc.creator.location" value="JERUSALEM"/>
<dc element="dc.creator.location.country.name" value="ISRAEL"/>
<dc element="dc.source" value="Reuters"/>
</metadata>
</newsitem>
