<?xml version="1.0" encoding="iso-8859-1" ?>
<newsitem itemid="445748" id="root" date="1997-03-16" xml:lang="en">
<title>ISRAEL: Jordan's King Hussein visits Israeli families.</title>
<headline>Jordan's King Hussein visits Israeli families.</headline>
<dateline>ZLAFON, Israel 1997-03-16</dateline>
<text>
<p>Jordan's King Hussein on Sunday clutched the hands of an Israeli mother and father whose daughter was killed by a Jordanian soldier and told them their loss was also his own.</p>
<p>Hussein, on a condolence visit to the Jewish state after seven schoolgirls were shot dead at the Israeli-Jordanian border on Thursday, knelt in the living room of the Fatihi family where relatives sat on the floor in keeping with Jewish tradition during mourning.</p>
<p>&quot;The memory of your daughter will live with me forever. I hope her memory will give you strength,&quot; the king told the parents of Sivan Fatihi, who was 13 when she was killed.</p>
<p>&quot;Your loss is my loss, my personal loss,&quot; he said.</p>
<p>The monarch, wearing a red Arab keffiyeh headdress, was accompanied by Israeli Prime Minister Benjamin Netanyahu who translated for the king.</p>
<p>&quot;The peace with Jordan should be the best hope,&quot; said Yisrael Fatihi, the father. &quot;I am sure Your Majesty will fight those fanatic extremists.&quot;</p>
<p>They showed the king pictures of Sivan, killed while on a school outing with her class at the Island of Peace, a beauty spot on Jordanian soil leased to Israeli farmers under their 1994 peace deal.</p>
<p>The king expressed shame and shock after the attack, which came after Jordanian-Israeli relations had deteriorated sharply over Netanyahu's plans to build a Jewish settlement in Arab East Jerusalem.</p>
<p>The monarch landed at Tel Aviv airport earlier on Sunday. He was greeted by Netanyahu in their first meeting since a harsh exchange of letters last week over Israeli setttlement plans.</p>
<p>The king has appointed a veteran security official to head investigations into the soldier's motives. Jordanian officials have said the soldier, army driver Sergeant Ahmed Mousa Mustafa al-Daqamsa, acted alone.</p>
</text>
<copyright>(c) Reuters Limited 1997</copyright>
<metadata>
<codes class="bip:countries:1.0">
  <code code="ISRAEL">
    <editdetail attribution="Reuters BIP Coding Group" action="confirmed" date="1997-03-16"/>
  </code>
  <code code="JORDAN">
    <editdetail attribution="Reuters BIP Coding Group" action="confirmed" date="1997-03-16"/>
  </code>
</codes>
<codes class="bip:topics:1.0">
  <code code="GCAT">
    <editdetail attribution="Reuters BIP Coding Group" action="confirmed" date="1997-03-16"/>
  </code>
  <code code="GDIP">
    <editdetail attribution="Reuters BIP Coding Group" action="confirmed" date="1997-03-16"/>
  </code>
  <code code="GVIO">
    <editdetail attribution="Reuters BIP Coding Group" action="confirmed" date="1997-03-16"/>
  </code>
</codes>
<dc element="dc.date.created" value="1997-03-16"/>
<dc element="dc.publisher" value="Reuters Holdings Plc"/>
<dc element="dc.date.published" value="1997-03-16"/>
<dc element="dc.source" value="Reuters"/>
<dc element="dc.creator.location" value="ZLAFON, Israel"/>
<dc element="dc.creator.location.country.name" value="ISRAEL"/>
<dc element="dc.source" value="Reuters"/>
</metadata>
</newsitem>
