<?xml version="1.0" encoding="iso-8859-1" ?>
<newsitem itemid="445730" id="root" date="1997-03-16" xml:lang="en">
<title>TUNISIA: Libya's Gaddafi defends Jordanian soldier.</title>
<headline>Libya's Gaddafi defends Jordanian soldier.</headline>
<dateline>TUNIS 1997-03-16</dateline>
<text>
<p>Libyan leader Muammar Gaddafi defended the Jordanian soldier who killed seven Israeli schoolgirls last week, saying he was driven to insanity by Israel's occupation of Arab land.</p>
<p>&quot;We are against striking civilians and striking children. We are fundamentally against that...(but) the Jordanian soldier who fired at Israelis is not mad, he was made crazy by the occupation,&quot; the official Libyan news agency JANA on Sunday quoted Gaddafi as saying on Saturday night.</p>
<p>&quot;He is not mad, they (the Israelis) made him mad,&quot; Gaddafi added. JANA, monitored in Tunis, said the Libyan leader was addressing a rally in the southern city of Sebha.</p>
<p>Jordanian army driver Sergeant Ahmed Moussa Mustafa al-Dagamsa emptied the clip of his rifle on Thursday at the girls on a school trip to a strip of Jordanian land south of the Sea of Galilea leased to Israel under a 1994 peace treaty.</p>
<p>He was arrested and the Jordanian authorities have said that there was no evidence the murder was politically-motivated.</p>
</text>
<copyright>(c) Reuters Limited 1997</copyright>
<metadata>
<codes class="bip:countries:1.0">
  <code code="ISRAEL">
    <editdetail attribution="Reuters BIP Coding Group" action="confirmed" date="1997-03-16"/>
  </code>
  <code code="JORDAN">
    <editdetail attribution="Reuters BIP Coding Group" action="confirmed" date="1997-03-16"/>
  </code>
  <code code="LIBYA">
    <editdetail attribution="Reuters BIP Coding Group" action="confirmed" date="1997-03-16"/>
  </code>
</codes>
<codes class="bip:topics:1.0">
  <code code="GCAT">
    <editdetail attribution="Reuters BIP Coding Group" action="confirmed" date="1997-03-16"/>
  </code>
  <code code="GDIP">
    <editdetail attribution="Reuters BIP Coding Group" action="confirmed" date="1997-03-16"/>
  </code>
  <code code="GVIO">
    <editdetail attribution="Reuters BIP Coding Group" action="confirmed" date="1997-03-16"/>
  </code>
</codes>
<dc element="dc.date.created" value="1997-03-16"/>
<dc element="dc.publisher" value="Reuters Holdings Plc"/>
<dc element="dc.date.published" value="1997-03-16"/>
<dc element="dc.source" value="Reuters"/>
<dc element="dc.creator.location" value="TUNIS"/>
<dc element="dc.creator.location.country.name" value="TUNISIA"/>
<dc element="dc.source" value="Reuters"/>
</metadata>
</newsitem>
