<?xml version="1.0" encoding="iso-8859-1" ?>
<newsitem itemid="445779" id="root" date="1997-03-16" xml:lang="en">
<title>DUBAI: Sudan, Uganda ministers to meet in Iran - Velayati.</title>
<headline>Sudan, Uganda ministers to meet in Iran - Velayati.</headline>
<dateline>DUBAI 1997-03-16</dateline>
<text>
<p>Iran's Foreign Minister Ali Akbar Velayati said on Sunday the foreign ministers of Uganda and Sudan will meet in Tehran in June as part of Iranian-sponsored peace talks.</p>
<p>&quot;It was agreed that a conference be held on foreign ministers' level of Sudan, Uganda, Iran and Malawi - as a side supporting the mediation effort -- before the end of June in Tehran,&quot; Velayati said.</p>
<p>He was speaking at a news conference in the Saudi capital Riyadh early on Sunday after meeting Saudi King Fahd.</p>
<p>Velayati said it was agreed at his talks earlier this week in Uganda and Sudan that the two countries issue a joint statement, but the Iranian minister did not comment on reports the two African states had failed to agree on the wording.</p>
<p>Uganda's Foreign Minister and Deputy Prime Minister Eriya Kategaya said on Saturday Sudan refused to include a clause about Ugandan schoolchildren allegedly abducted in February by the rebel Lord's Resistance Army (LRA) and held at Arnu in southern Sudan.</p>
<p>Doubts about talks underway in Kampala surfaced at the start of the ninth round on Friday when Sudan sent only a first undersecretary in the Ministry of Foreign Affairs.</p>
<p>Relations between the countries are strained over charges Sudan is helping the rebel LRA in northern Uganda and Uganda is supporting the rebel Sudan People's Liberation Army in southern Sudan.</p>
<p>Uganda asked Iran to help last year when President Akbar Hashemi Rafsanjani visited Kampala. Iran mediated an agreement last September for Uganda and Sudan to resume diplomatic relations cut in April 1995 when Sudanese diplomats refused to surrender a cache of weapons to Ugandan soldiers.</p>
</text>
<copyright>(c) Reuters Limited 1997</copyright>
<metadata>
<codes class="bip:countries:1.0">
  <code code="IRAN">
    <editdetail attribution="Reuters BIP Coding Group" action="confirmed" date="1997-03-16"/>
  </code>
  <code code="MALAW">
    <editdetail attribution="Reuters BIP Coding Group" action="confirmed" date="1997-03-16"/>
  </code>
  <code code="SUDAN">
    <editdetail attribution="Reuters BIP Coding Group" action="confirmed" date="1997-03-16"/>
  </code>
  <code code="UGANDA">
    <editdetail attribution="Reuters BIP Coding Group" action="confirmed" date="1997-03-16"/>
  </code>
</codes>
<codes class="bip:topics:1.0">
  <code code="GCAT">
    <editdetail attribution="Reuters BIP Coding Group" action="confirmed" date="1997-03-16"/>
  </code>
  <code code="GDIP">
    <editdetail attribution="Reuters BIP Coding Group" action="confirmed" date="1997-03-16"/>
  </code>
</codes>
<dc element="dc.date.created" value="1997-03-16"/>
<dc element="dc.publisher" value="Reuters Holdings Plc"/>
<dc element="dc.date.published" value="1997-03-16"/>
<dc element="dc.source" value="Reuters"/>
<dc element="dc.creator.location" value="DUBAI"/>
<dc element="dc.creator.location.country.name" value="DUBAI"/>
<dc element="dc.source" value="Reuters"/>
</metadata>
</newsitem>
