<?xml version="1.0" encoding="iso-8859-1" ?>
<newsitem itemid="445780" id="root" date="1997-03-16" xml:lang="en">
<title>ISRAEL: Jordan's king to try to patch ties with Israel.</title>
<headline>Jordan's king to try to patch ties with Israel.</headline>
<byline>Daniel Sternoff</byline>
<dateline>JERUSALEM 1997-03-16</dateline>
<text>
<p>Jordan's King Hussein visits Israel on Sunday to pay condolences to the families of seven schoolgirls killed by one of his soldiers and to try to defuse tensions with Prime Minister Benjamin Netanyahu.</p>
<p>The king expressed shame and shock after the attack, which came after Jordanian-Israeli relations had deteriorated sharply over Netanyahu's settlement plans in Arab East Jerusalem.</p>
<p>&quot;It is very important for Jordan and Israel to put their crisis behind them,&quot; Netanyahu's foreign policy adviser, Dore Gold, told CNN.</p>
<p>But the rift seemed unlikely to be bridged easily, especially since Israel vowed to break ground this week for a new Jewish settlement close to East Jerusalem despite an international outcry.</p>
<p>Jordanian army driver Sergeant Ahmed Mousa Mustafa al-Daqamsa opened fire on Thursday on schoolgirls visiting a strip of Jordanian land south of the Sea of Galilee leased to Israel under a 1994 peace treaty.</p>
<p>King Hussein, accompanied by Netanyahu, was due to meet bereaved families in Bet Shemesh near Jerusalem and visit a hospital to see girls wounded in the attack.</p>
<p>The two leaders were later to hold talks and give a joint news conference. King Hussein last visited Jerusalem for the funeral of his peace partner Yitzhak Rabin, the Israeli leader assassinated in 1995.</p>
<p>The king launched a bitter attack on Netanyahu last week over his decision to build 6,500 Jewish homes at Jabal Abu Ghneim, called Har Homa by Israel. He accused Netanyahu of pushing the region &quot;towards an abyss of bloodshed.&quot;</p>
<p>The harsh language marked the deepest crisis in ties between the two states since they signed a peace treaty in 1994. Some Israeli ministers said Arab warnings of violence were a factor in Thursday's shooting.</p>
<p>The king was likely to make a last-minute appeal to Netanyahu to scrap the settlement plan, but Gold said Israel would not be swayed. &quot;We've made clear our differences and Jordan has its strong principles that we understand,&quot; he said.</p>
<p>Palestinian leader Yasser Arafat summoned Middle East peace sponsors on Saturday as part of his campaign to halt the project, which would tighten Israel's grip on Jerusalem and weaken the Palestinian position in talks due to start this week on the city's &quot;final status&quot;</p>
<p>Asked how Palestinians would react when Israel sent in the bulldozers to begin construction, Arafat said: &quot;I don't know. Ask the Palestinian masses.&quot;</p>
<p>Israeli Police Minister Avigdor Kahalani said Israel was ready for any possible explosion of violence.</p>
<p>&quot;The battle for Jerusalem is not just any battle,&quot; he told army radio. &quot;If they (Palestinians) try to escalate the situation, the state of Israel has the tools to respond.&quot;</p>
</text>
<copyright>(c) Reuters Limited 1997</copyright>
<metadata>
<codes class="bip:countries:1.0">
  <code code="ISRAEL">
    <editdetail attribution="Reuters BIP Coding Group" action="confirmed" date="1997-03-16"/>
  </code>
  <code code="JORDAN">
    <editdetail attribution="Reuters BIP Coding Group" action="confirmed" date="1997-03-16"/>
  </code>
</codes>
<codes class="bip:topics:1.0">
  <code code="GCAT">
    <editdetail attribution="Reuters BIP Coding Group" action="confirmed" date="1997-03-16"/>
  </code>
  <code code="GDIP">
    <editdetail attribution="Reuters BIP Coding Group" action="confirmed" date="1997-03-16"/>
  </code>
</codes>
<dc element="dc.date.created" value="1997-03-16"/>
<dc element="dc.publisher" value="Reuters Holdings Plc"/>
<dc element="dc.date.published" value="1997-03-16"/>
<dc element="dc.source" value="Reuters"/>
<dc element="dc.creator.location" value="JERUSALEM"/>
<dc element="dc.creator.location.country.name" value="ISRAEL"/>
<dc element="dc.source" value="Reuters"/>
</metadata>
</newsitem>
