<?xml version="1.0" encoding="iso-8859-1" ?>
<newsitem itemid="445766" id="root" date="1997-03-16" xml:lang="en">
<title>ISRAEL: Israel could oust Arafat over violence - official.</title>
<headline>Israel could oust Arafat over violence - official.</headline>
<dateline>JERUSALEM 1997-03-16</dateline>
<text>
<p>Justice Minister Tzachi Hanegbi cautioned in remarks broadcast on Sunday that Israel could oust Palestinian President Yasser Arafat from the self-ruled Gaza Strip if violence erupted in the territories.</p>
<p>Hanegbi made the comment as Israel was set to begin as soon as Monday on construction of a new Jewish settlement in East Jerusalem, a move the PLO has said could trigger widespread unrest.  </p>
<p>&quot;Whoever launches violence could very quickly find himself packing a suitcase and travelling back and forth on the line from Tunis to Baghdad like he (Arafat) did for many years,&quot; Hanegbi told supporters in the remarks on Saturday.</p>
<p>Israeli Foreign Minister David Levy said he regretted Hanegbi's remarks. Hanegbi's counterpart in Arafat's Palestinian Authority cancelled a meeting with the Israeli minister following the speech.</p>
<p>&quot;Arafat won't be able to sit in his villa on the beach with (his wife) Suha and give orders to act. There's no immunity for anyone wishing to annihilate us, neither for 'The Engineer' nor anyone in any villa,&quot; Hanegbi said.</p>
<p>&quot;If war, then war to the end,&quot; he said. &quot;The Engineer&quot; was the code name of the master bomber Yahya Ayyash, responsible for suicide attacks of the Islamic militant group Hamas that killed scores of Israelis. Ayyash was killed in January 1996 when a mobile phone he held to his ear exploded in what was widely seen as an Israeli assassination.</p>
</text>
<copyright>(c) Reuters Limited 1997</copyright>
<metadata>
<codes class="bip:countries:1.0">
  <code code="ISRAEL">
    <editdetail attribution="Reuters BIP Coding Group" action="confirmed" date="1997-03-16"/>
  </code>
</codes>
<codes class="bip:topics:1.0">
  <code code="GCAT">
    <editdetail attribution="Reuters BIP Coding Group" action="confirmed" date="1997-03-16"/>
  </code>
  <code code="GDIP">
    <editdetail attribution="Reuters BIP Coding Group" action="confirmed" date="1997-03-16"/>
  </code>
  <code code="GPOL">
    <editdetail attribution="Reuters BIP Coding Group" action="confirmed" date="1997-03-16"/>
  </code>
</codes>
<dc element="dc.date.created" value="1997-03-16"/>
<dc element="dc.publisher" value="Reuters Holdings Plc"/>
<dc element="dc.date.published" value="1997-03-16"/>
<dc element="dc.source" value="Reuters"/>
<dc element="dc.creator.location" value="JERUSALEM"/>
<dc element="dc.creator.location.country.name" value="ISRAEL"/>
<dc element="dc.source" value="Reuters"/>
</metadata>
</newsitem>
