<?xml version="1.0" encoding="iso-8859-1" ?>
<newsitem itemid="445731" id="root" date="1997-03-16" xml:lang="en">
<title>EGYPT: Egypt says Israel insensitive about settlement.</title>
<headline>Egypt says Israel insensitive about settlement.</headline>
<dateline>CAIRO 1997-03-16</dateline>
<text>
<p>Egypt said on Sunday it would be insensitive and damaging for Israel to break ground on a Jewish settlement in East Jerusalem after so much Arab protest.</p>
<p>&quot;Israeli insistence will lead to the direst consequences,&quot; Foreign Minister Amr Moussa told reporters.</p>
<p>&quot;If a decision is taken to start building the settlement, this means the Israeli leadership has no sensitivity to the negative effects on the peace process, the danger of defying Arab and world public opinion or of breaking international law and the (peace) agreements in this outrageous way,&quot; he added.</p>
<p>&quot;It can only do extreme damage to the general atmosphere surrounding the peace process.&quot;</p>
<p>Israel's deputy housing minister, Meir Porush, said on Sunday that Israel would break ground on the Jewish settlement at Abu Ghneim hill on Monday, despite a conciliatory visit to Israel by King Hussein of Jordan and police warnings that the project threatened to provoke Palestinian violence.</p>
<p>&quot;The government's decision stands and will be executed,&quot; added Foreign Minister David Levy, speaking on army radio.</p>
</text>
<copyright>(c) Reuters Limited 1997</copyright>
<metadata>
<codes class="bip:countries:1.0">
  <code code="EGYPT">
    <editdetail attribution="Reuters BIP Coding Group" action="confirmed" date="1997-03-16"/>
  </code>
  <code code="ISRAEL">
    <editdetail attribution="Reuters BIP Coding Group" action="confirmed" date="1997-03-16"/>
  </code>
</codes>
<codes class="bip:topics:1.0">
  <code code="GCAT">
    <editdetail attribution="Reuters BIP Coding Group" action="confirmed" date="1997-03-16"/>
  </code>
  <code code="GDIP">
    <editdetail attribution="Reuters BIP Coding Group" action="confirmed" date="1997-03-16"/>
  </code>
</codes>
<dc element="dc.date.created" value="1997-03-16"/>
<dc element="dc.publisher" value="Reuters Holdings Plc"/>
<dc element="dc.date.published" value="1997-03-16"/>
<dc element="dc.source" value="Reuters"/>
<dc element="dc.creator.location" value="CAIRO"/>
<dc element="dc.creator.location.country.name" value="EGYPT"/>
<dc element="dc.source" value="Reuters"/>
</metadata>
</newsitem>
