<?xml version="1.0" encoding="iso-8859-1" ?>
<newsitem itemid="445736" id="root" date="1997-03-16" xml:lang="en">
<title>EGYPT: Egypt top Moslem cleric says cloning Satanic.</title>
<headline>Egypt top Moslem cleric says cloning Satanic.</headline>
<dateline>CAIRO 1997-03-16</dateline>
<text>
<p>Egypt's highest-ranking Islamic official said on Sunday that cloning humans was the work of the devil but was acceptable only if used to provide healthy organs for people in need of transplants.</p>
<p>Speaking at a symposium on cloning held at the doctor's syndicate, Grand Mufti Nasr Farid Wassil said scientists should concentrate on ways to combat more pressing issues such as poverty rather than on cloning research and called on legislators to severely punish those who practiced it.</p>
<p>&quot;There are in the religious scriptures indications that this (cloning) is the work of the devil, that he is behind all corruption and cloning aims at changing Allah's (God's) creation and the order of society,&quot; Wassil told the symposium.</p>
<p>&quot;This issue is taboo but not if it deals with aspects that can help humanity, as in cloning an organ such as a liver or a kidney to solve a problem... and not weaken a healthy person.&quot;</p>
<p>The controversial subject of human cloning hit the headlines recently after scientists in Scotland introduced the world to Dolly, a lamb cloned from an adult sheep. But scientists have not said whether it is possible to clone just organs.</p>
<p>Egyptian scientists told government newspapers over the weekend that they did not perform any cloning research because it was expensive and needed sophisticated technology.</p>
<p>Making hybrids and artificial insemination was as far as they got, the scientists added.</p>
<p>But the issue has managed to divide Egypt's cabinet, with Religious Endowments Minister Mahmoud Hamdi Zakzouk quoted as saying that cloning was so taboo that is was not even up for discussion. But Health Minister Ismail Sallam said it was a purely scientific affair.</p>
<p>Wassil, whose office is reponsible for issuing religious edicts, said: &quot;Why are scientists dealing with cloning when there is desertification, poverty and other issues that need our efforts more? We don't need this.&quot;</p>
<p>&quot;Officials should ban research in this field and impose strict punishment on those who perform it as it will lead to corruption the extent of which only Allah can know.&quot;</p>
<p>An Islamic theologian at the prestigious Sunni Moslem Al-Azhar institute has also called for an end to research on cloning, saying it did not meet Islamic requirements.</p>
</text>
<copyright>(c) Reuters Limited 1997</copyright>
<metadata>
<codes class="bip:countries:1.0">
  <code code="EGYPT">
    <editdetail attribution="Reuters BIP Coding Group" action="confirmed" date="1997-03-16"/>
  </code>
</codes>
<codes class="bip:topics:1.0">
  <code code="GCAT">
    <editdetail attribution="Reuters BIP Coding Group" action="confirmed" date="1997-03-16"/>
  </code>
  <code code="GSCI">
    <editdetail attribution="Reuters BIP Coding Group" action="confirmed" date="1997-03-16"/>
  </code>
</codes>
<dc element="dc.date.created" value="1997-03-16"/>
<dc element="dc.publisher" value="Reuters Holdings Plc"/>
<dc element="dc.date.published" value="1997-03-16"/>
<dc element="dc.source" value="Reuters"/>
<dc element="dc.creator.location" value="CAIRO"/>
<dc element="dc.creator.location.country.name" value="EGYPT"/>
<dc element="dc.source" value="Reuters"/>
</metadata>
</newsitem>
