<?xml version="1.0" encoding="iso-8859-1" ?>
<newsitem itemid="445729" id="root" date="1997-03-16" xml:lang="en">
<title>ISRAEL: Israeli bonds end higher after February CPI.</title>
<headline>Israeli bonds end higher after February CPI.</headline>
<dateline>TEL AVIV 1997-03-16</dateline>
<text>
<p>Israeli bonds closed higher on Sunday in dull trading following the release of the February consumer price index (CPI) on Friday, traders said.</p>
<p>Indices:</p>
<p>* Government bonds general: +0.1 pct to 104.30</p>
<p>* CPI-linked government bonds: +0.12 pct to 104.40</p>
<p>* Unlinked government bonds (Gilon -- issued for four years): +0.01 pct to 103.73</p>
<p>* Dollar-linked government bonds: +0.1 pct to 104.62</p>
<p>* Bank of Israel short-term Makam bills: +0.1 pct at 103.03</p>
<p>Volume was a very low 94 million shekels.</p>
<p>&quot;Most of the activity was concentrated in CPI-linked short bonds. The CPI was relatively high and institutional investors want to protect themselves against rising inflation,&quot; said Yossi Wiedelfeld of Eyal Securities.</p>
<p>The February CPI, released on Friday, rose 1.2 percent compared with a 0.4 percent increase in January. The CPI was was at the top of economists' forecasts.</p>
<p>&quot;Inflation-linked bonds are expected to continue rising in the near future. The government stopped issuing these bonds and there is a real shortage in the market,&quot; said Zvi Hoffman of Meitav Investments and Securities.</p>
<p>Traders said activity in unlinked bonds was mixed and volume low.</p>
<p>&quot;The Bank of Israel is expected to leave its key lending rate unchanged. I think unlinked bonds will continue rising with yields falling further,&quot; Hoffman said.</p>
<p>&quot;The rise of the Makam was nothing special and they usually rise after the weekend,&quot; Wedelfeld said.</p>
<p>Dollar-linked bonds closed higher in thin trading after the shekel weakened against the dollar on Friday.</p>
<p>Note: Makams are zero-coupon unlinked certificates with durations of three months to one year. The Bank of Israel issues Makams to absorb liquidity.</p>
<p>($1 = 3.37 shekels)</p>
<p>- Dan Gerstenfeld, Tel Aviv newsroom, 972-3-537-2211</p>
</text>
<copyright>(c) Reuters Limited 1997</copyright>
<metadata>
<codes class="bip:countries:1.0">
  <code code="ISRAEL">
    <editdetail attribution="Reuters BIP Coding Group" action="confirmed" date="1997-03-16"/>
  </code>
</codes>
<codes class="bip:topics:1.0">
  <code code="M12">
    <editdetail attribution="Reuters BIP Coding Group" action="confirmed" date="1997-03-16"/>
  </code>
  <code code="MCAT">
    <editdetail attribution="Reuters BIP Coding Group" action="confirmed" date="1997-03-16"/>
  </code>
</codes>
<dc element="dc.date.created" value="1997-03-16"/>
<dc element="dc.publisher" value="Reuters Holdings Plc"/>
<dc element="dc.date.published" value="1997-03-16"/>
<dc element="dc.source" value="Reuters"/>
<dc element="dc.creator.location" value="TEL AVIV"/>
<dc element="dc.creator.location.country.name" value="ISRAEL"/>
<dc element="dc.source" value="Reuters"/>
</metadata>
</newsitem>
