<?xml version="1.0" encoding="iso-8859-1" ?>
<newsitem itemid="445770" id="root" date="1997-03-16" xml:lang="en">
<title>ISRAEL: Gaza conference shows PLO weakness.</title>
<headline>Gaza conference shows PLO weakness.</headline>
<byline>Robert Mahoney</byline>
<dateline>JERUSALEM 1997-03-16</dateline>
<text>
<p>With bulldozers about to complete the wall of Jewish housing cutting off Arab East Jerusalem from the rest of the West Bank, Yasser Arafat is pressing every political panic button he can reach.</p>
<p>The Palestinian president has been to the White House, the United Nations in New York, and Arab capitals attempting to keep the international spotlight on Israel's controversial plan to replace pine trees with concrete on a hill between Jerusalem and Bethlehem.</p>
<p>The politicking culminated on Saturday in a meeting of Western, Arab and Asian countries that the PLO leader organized as an &quot;international conference&quot; to save Middle East peace.</p>
<p>Arafat declared his meeting with the local diplomatic representatives of the United States, the European Union, Russia, Japan, Egypt and Jordan, had helped save peace talks.</p>
<p>But Western and Palestinian analysts said the conference highlighted the weakness of Arafat's position against the centre-right government of Benjamin Netanyahu in the battle for Jerusalem.</p>
<p>&quot;It does reflect the weakness of the Palestinians,&quot; said Ghassan al-Khatib, a former peace negotiator and analyst.</p>
<p>He said Palestinian officials had tried to build up what was little more than a routine briefing for diplomats into an international gathering.</p>
<p>&quot;He can't do much to prevent Netanyahu from building,&quot; said political analyst and writer Ali Jirbawi. &quot;But he is trying to get internal support among Palestinians and outside support.&quot;</p>
<p>&quot;Since the peace process began in Madrid the Palestinians have been working on symbols as much as facts on the ground...This is a message to people that he is a leader who can ask the world to come and they come, despite Israel,&quot; Jirbawi said.</p>
<p>Jerusalem is a powerful symbol and reality for both sides in the century-old Jewish-Palestinian conflict. Both Arafat and Netanyahu want to parlay a strong presence on the ground into leverage at the negotiating table. Talks on the final status of Jerusalem are scheduled to resume this month and be completed within two years.</p>
<p>Analysts said Arafat's diplomatic shuttling and Gaza meeting are also an attempt by the PLO chairman to shield himself from finger-pointing if political protest spills into the street.</p>
<p>Last time Netanyahu made a move in East Jerusalem -- opening a second entrance to a tunnel near holy places -- Palestinian youths stoned Israeli troops. When the Israelis opened fire Arafat's armed police responded. The unprecedented gunbattles killed 61 Palestinians and 15 Israeli soldiers.</p>
<p>&quot;He is trying to get off the hook of any responsibility for any future developments,&quot; said Khatib.</p>
<p>&quot;Arafat has tried the international arena and is not getting much of a positive response,&quot; he added.</p>
<p>PLO officials say they expect protests if Netanyahu starts breaking ground for the settlement at Jabal Abu Ghneim, Har Homa in Hebrew, early next week. But they insist the protests will remain peaceful.</p>
<p>Israel has warned the Palestinians against violence and drawn up contingency plans to deal with unrest.</p>
<p>The U.S. consul-general in Jerusalem, Edward Abington, said last week Arafat had assured him he did not want violence, noting the September fighting had hurt the Palestinians.</p>
<p>&quot;I take at face value what the Chairman has said that he doesn't want violence,&quot; Abington said.</p>
<p>Analysts said Arafat was trying to balance keeping the United States happy by continuing peace talks with showing his people that he championed their rights.</p>
<p>&quot;He is leaving himself room for manoeuvre,&quot; said Jirbawi. &quot;He cannot come out and call upon people to prevent the settlement building.&quot;</p>
<p>Khatib wonders whether ordinary Palestinians would heed such a call in any case, given that the fighting in September did not lead to the closing of the tunnel.</p>
<p>&quot;People need a leadership they trust in terms of translating their sacrifice into a strong political position and achievements, he said. &quot;Relations and the level of trust between the public and the Palestinain Authority is not so high...so the level of response is low.&quot;</p>
<p>Palestinian analysts and Israeli security sources said they expected the scale of demonstrations against the settlement to pick up, especially if protesters had bulldozers as a spark.</p>
<p>Several said this time the fire would be harder to light but also harder to put out.</p>
<p>As for Arafat, he left the world guessing. Asked after the Gaza meeting if he expected violence next week he said: &quot;I don't know. Ask the Palestinian masses.&quot;</p>
</text>
<copyright>(c) Reuters Limited 1997</copyright>
<metadata>
<codes class="bip:countries:1.0">
  <code code="ISRAEL">
    <editdetail attribution="Reuters BIP Coding Group" action="confirmed" date="1997-03-16"/>
  </code>
</codes>
<codes class="bip:topics:1.0">
  <code code="GCAT">
    <editdetail attribution="Reuters BIP Coding Group" action="confirmed" date="1997-03-16"/>
  </code>
  <code code="GDIP">
    <editdetail attribution="Reuters BIP Coding Group" action="confirmed" date="1997-03-16"/>
  </code>
  <code code="GPOL">
    <editdetail attribution="Reuters BIP Coding Group" action="confirmed" date="1997-03-16"/>
  </code>
</codes>
<dc element="dc.date.created" value="1997-03-16"/>
<dc element="dc.publisher" value="Reuters Holdings Plc"/>
<dc element="dc.date.published" value="1997-03-16"/>
<dc element="dc.source" value="Reuters"/>
<dc element="dc.creator.location" value="JERUSALEM"/>
<dc element="dc.creator.location.country.name" value="ISRAEL"/>
<dc element="dc.source" value="Reuters"/>
</metadata>
</newsitem>
