<?xml version="1.0" encoding="iso-8859-1" ?>
<newsitem itemid="445765" id="root" date="1997-03-16" xml:lang="en">
<title>KUWAIT: Kuwait says oilmen to be retried due to date glitch.</title>
<headline>Kuwait says oilmen to be retried due to date glitch.</headline>
<dateline>KUWAIT 1997-03-16</dateline>
<text>
<p>A Kuwait court has annulled jail sentences and fines on three former oil executives accused of fraud and ordered a retrial because the original court did not date the rulings, legal sources said on Sunday.</p>
<p>&quot;The court of appeals annuled the ruling because the criminal court did not put the date on it,&quot; said a source. &quot;The case goes to the ministers court which is handling a case related to their case.&quot;</p>
<p>In June a criminal court ruled Kuwaitis Abdul-Fatah al-Badr and Hassan Qabazard and Jordanian Nassim Mohsen were guilty of fraud, embezzlement and making illegal profits at Kuwait Oil Tanker Company (KOTC) in the 1980s. Badr and Mohsen were tried in absentia.</p>
<p>Qabazard, former KOTC deputy chairman, was sentenced to 40 years in jail and told to pay $65.73 million. He is believed to have left Kuwait.</p>
<p>Badr, former KOTC chairman, was sentenced to 35 years and told to pay $49.17 million. Mohsen was sentenced to 15 years and told to pay $15.88 million. A fourth man, Timothy Stafford, a Briton, was acquitted.</p>
<p>A fifth defendant, Sheikh Ali al-Khalifa al-Sabah -- a former oil minister and the most prominent member of the ruling Sabah family to face trial -- is on trial by a ministers' court. Sheikh Ali, who is facing charges of making illegal profits, has denied the charges.</p>
</text>
<copyright>(c) Reuters Limited 1997</copyright>
<metadata>
<codes class="bip:countries:1.0">
  <code code="KUWAIT">
    <editdetail attribution="Reuters BIP Coding Group" action="confirmed" date="1997-03-16"/>
  </code>
</codes>
<codes class="bip:industries:1.0">
  <code code="I13000">
    <editdetail attribution="Reuters BIP Coding Group" action="confirmed" date="1997-03-16"/>
  </code>
</codes>
<codes class="bip:topics:1.0">
  <code code="C12">
    <editdetail attribution="Reuters BIP Coding Group" action="confirmed" date="1997-03-16"/>
  </code>
  <code code="CCAT">
    <editdetail attribution="Reuters BIP Coding Group" action="confirmed" date="1997-03-16"/>
  </code>
  <code code="GCAT">
    <editdetail attribution="Reuters BIP Coding Group" action="confirmed" date="1997-03-16"/>
  </code>
  <code code="GCRIM">
    <editdetail attribution="Reuters BIP Coding Group" action="confirmed" date="1997-03-16"/>
  </code>
</codes>
<dc element="dc.date.created" value="1997-03-16"/>
<dc element="dc.publisher" value="Reuters Holdings Plc"/>
<dc element="dc.date.published" value="1997-03-16"/>
<dc element="dc.source" value="Reuters"/>
<dc element="dc.creator.location" value="KUWAIT"/>
<dc element="dc.creator.location.country.name" value="KUWAIT"/>
<dc element="dc.source" value="Reuters"/>
</metadata>
</newsitem>
