<?xml version="1.0" encoding="iso-8859-1" ?>
<newsitem itemid="445787" id="root" date="1997-03-16" xml:lang="en">
<title>AUSTRALIA: RTRS-Australian Mortgage Guide (Investment).</title>
<headline>RTRS-Australian Mortgage Guide (Investment).</headline>
<text>
<p>(Updated on March 14)</p>
<p>LENDER	 VARIABLE INTRO RATES *TRUE RATE Adelaide	 7.55	6.40	  7.48</p>
<p>Advance	  7.55	 -	    7.74</p>
<p>AIDC	     7.85	7.75	  7.98</p>
<p>AMPs Priority  7.47	 -	    7.58</p>
<p>ANZ		7.55	 -	    7.66</p>
<p>Aussie Home    7.49	 -	    7.60</p>
<p>Austral	  7.35	 -	    7.46</p>
<p>BNZ		6.99	 -	    6.99</p>
<p>Bank of Melb   8.25	6.95	  8.11</p>
<p>Bank SA	  7.55	 -	    7.61</p>
<p>BankWest	 6.95	 -	    7.14</p>
<p>BMC Mortgage   6.99	 -	    7.13</p>
<p>CHS HomeLoans  7.40	 -	    7.50</p>
<p>Citibank	 7.19	 -	    7.30</p>
<p>Colonial State 6.95	 -	    7.20</p>
<p>CBA		7.55	7.25	  7.67</p>
<p>Endeavour	6.90	 -	    7.11</p>
<p>FAI		7.30	 -	    7.43</p>
<p>GIO		7.35	 -	    7.44</p>
<p>Greater BSoc   7.55	6.90	  7.49</p>
<p>Hongkong Bank  7.55	6.45	  7.49</p>
<p>IMB		8.25	6.50	  8.02</p>
<p>Macquarie	7.75	 -	    7.91</p>
<p>Metway	   8.20	6.99	  8.15</p>
<p>MLC BSoc	  -	   -	     n/a</p>
<p>NAB		7.55	6.50	  7.51</p>
<p>Newcastle	7.40	 -	    7.52</p>
<p>Pioneer Mtg    7.40	 -	    7.58</p>
<p>RAMS	     7.49	 -	    7.60</p>
<p>St George	6.95	 -	    7.16</p>
<p>Suncorp/Syd    7.55	 -	    7.67</p>
<p>Super Loans    7.30	 -	    7.39</p>
<p>Westpac	  7.65	6.99	  7.63</p>
<p>*The true rate takes into account fees and the introductory rate based on a typical A$100,000 loan, using total monthly payments over seven years which is the average life of a mortgage. The interest rate used after the initial fixed/capped period is a variable rate.  </p>
<p>Source: Cannex</p>
<p>-- Reuters Sydney Newsroom 61-2 9373-1800</p>
</text>
<copyright>(c) Reuters Limited 1997</copyright>
<metadata>
<codes class="bip:countries:1.0">
  <code code="AUSTR">
    <editdetail attribution="Reuters BIP Coding Group" action="confirmed" date="1997-03-16"/>
  </code>
</codes>
<codes class="bip:industries:1.0">
  <code code="I81501">
    <editdetail attribution="Reuters BIP Coding Group" action="confirmed" date="1997-03-16"/>
  </code>
  <code code="I8150103">
    <editdetail attribution="Reuters BIP Coding Group" action="confirmed" date="1997-03-16"/>
  </code>
</codes>
<codes class="bip:topics:1.0">
  <code code="C31">
    <editdetail attribution="Reuters BIP Coding Group" action="confirmed" date="1997-03-16"/>
  </code>
  <code code="CCAT">
    <editdetail attribution="Reuters BIP Coding Group" action="confirmed" date="1997-03-16"/>
  </code>
</codes>
<dc element="dc.publisher" value="Reuters Holdings Plc"/>
<dc element="dc.date.published" value="1997-03-16"/>
<dc element="dc.source" value="Reuters"/>
<dc element="dc.creator.location.country.name" value="AUSTRALIA"/>
<dc element="dc.source" value="Reuters"/>
</metadata>
</newsitem>
