<?xml version="1.0" encoding="iso-8859-1" ?>
<newsitem itemid="445791" id="root" date="1997-03-16" xml:lang="en">
<title>USA: Clinton-Yeltsin summit delayed one day.</title>
<headline>Clinton-Yeltsin summit delayed one day.</headline>
<dateline>WASHINGTON 1997-03-16</dateline>
<text>
<p>President Bill  Clinton's summit meeting this week with Russian President Boris Yeltsin in Helsinki will be delayed by one day because of Clinton's knee surgery, the White House said on Sunday.</p>
<p>&quot;In order to provide the president with an additional day to recuperate, President Clinton and President Yeltsin have agreed to delay the start of the summit in Helsinki by one day,&quot; White House spokesman David Johnson said.</p>
<p>Clinton will leave Washington late on March 19 and arrive in Helsinki midday Thursday.</p>
<p>The White House on Saturday had said there had been no discussion of delaying or significantly altering Clinton's plans for the two-day summit with Yeltsin, whose own health has been more of a concern than that of Clinton's.</p>
<p>Clinton tore his tendon in a freak accident on Friday when he lost his footing on a step at the Florida home of Australian golf professional Greg Norman. He was operated on Friday at Bethesda National Navy Medical Centre.</p>
<p>Johnson said that the previously announced summit schedule would remain essentially the same.</p>
<p>Clinton's planned visit to Denmark will be postponed until July, Johnson said.</p>
<p>He said the president expressed appreciation to the governments of Denmark, Finland and Russia for agreeing to the postponement.</p>
<p>Clinton experienced some sharp pain on Saturday after an emergency surgery to repair a torn tendon on his right knee.</p>
<p>He is due to be discharged from the hospital in  suburban Maryland on Sunday.</p>
</text>
<copyright>(c) Reuters Limited 1997</copyright>
<metadata>
<codes class="bip:countries:1.0">
  <code code="FIN">
    <editdetail attribution="Reuters BIP Coding Group" action="confirmed" date="1997-03-16"/>
  </code>
  <code code="RUSS">
    <editdetail attribution="Reuters BIP Coding Group" action="confirmed" date="1997-03-16"/>
  </code>
  <code code="USA">
    <editdetail attribution="Reuters BIP Coding Group" action="confirmed" date="1997-03-16"/>
  </code>
</codes>
<codes class="bip:topics:1.0">
  <code code="GCAT">
    <editdetail attribution="Reuters BIP Coding Group" action="confirmed" date="1997-03-16"/>
  </code>
  <code code="GDIP">
    <editdetail attribution="Reuters BIP Coding Group" action="confirmed" date="1997-03-16"/>
  </code>
</codes>
<dc element="dc.date.created" value="1997-03-16"/>
<dc element="dc.publisher" value="Reuters Holdings Plc"/>
<dc element="dc.date.published" value="1997-03-16"/>
<dc element="dc.source" value="Reuters"/>
<dc element="dc.creator.location" value="WASHINGTON"/>
<dc element="dc.creator.location.country.name" value="USA"/>
<dc element="dc.source" value="Reuters"/>
</metadata>
</newsitem>
