<?xml version="1.0" encoding="iso-8859-1" ?>
<newsitem itemid="445725" id="root" date="1997-03-16" xml:lang="en">
<title>ISRAEL: Israel's Netanyahu, Jordan's king meet.</title>
<headline>Israel's Netanyahu, Jordan's king meet.</headline>
<dateline>JERUSALEM 1997-03-16</dateline>
<text>
<p>The leaders of Israel and Jordan met on Sunday to try to defuse tensions but an Israeli spokesman vowed Prime Minister Benjamin Netanyahu would stick by his plans to build a Jewish settlement in Arab East Jerusalem.</p>
<p>An hour before Jordan's King Hussein went into a meeting with Netanyahu, Israel's cabinet secretary Danny Naveh insisted the government would not yield to &quot;threats&quot; and &quot;pressures&quot; over the settlement issue.  </p>
<p>Israel's Deputy Housing Minister Meir Porush said he hoped work on the 6,500 houses for Jews would begin on Monday at the hilltop site on the outskirts of Arab East Jerusalem known as Jabal Abu Ghneim -- Har Homa to Israelis.</p>
<p>&quot;I cannot tell you the exact date when the work will begin. The work is supposed to begin this week,&quot; Naveh told Israel Television. &quot;I expect it will be this week.&quot;</p>
<p>Netanyahu says the settlement reasserts Israel's right to all of Jerusalem and insists Israeli-PLO peace deals do not bar the construction. Palestinians claim East Jerusalem, captured by Israel in 1967, as the capital of a future state.</p>
<p>The king warned last week of bloodshed if Israel went ahead with unilateral plans to build the settlement. Earlier on Sunday he paid condolences to families of seven Israeli schoolgirls slaughtered by a Jordanian soldier at their border.</p>
</text>
<copyright>(c) Reuters Limited 1997</copyright>
<metadata>
<codes class="bip:countries:1.0">
  <code code="ISRAEL">
    <editdetail attribution="Reuters BIP Coding Group" action="confirmed" date="1997-03-16"/>
  </code>
  <code code="JORDAN">
    <editdetail attribution="Reuters BIP Coding Group" action="confirmed" date="1997-03-16"/>
  </code>
</codes>
<codes class="bip:topics:1.0">
  <code code="GCAT">
    <editdetail attribution="Reuters BIP Coding Group" action="confirmed" date="1997-03-16"/>
  </code>
  <code code="GDIP">
    <editdetail attribution="Reuters BIP Coding Group" action="confirmed" date="1997-03-16"/>
  </code>
  <code code="GPOL">
    <editdetail attribution="Reuters BIP Coding Group" action="confirmed" date="1997-03-16"/>
  </code>
  <code code="GVIO">
    <editdetail attribution="Reuters BIP Coding Group" action="confirmed" date="1997-03-16"/>
  </code>
</codes>
<dc element="dc.date.created" value="1997-03-16"/>
<dc element="dc.publisher" value="Reuters Holdings Plc"/>
<dc element="dc.date.published" value="1997-03-16"/>
<dc element="dc.source" value="Reuters"/>
<dc element="dc.creator.location" value="JERUSALEM"/>
<dc element="dc.creator.location.country.name" value="ISRAEL"/>
<dc element="dc.source" value="Reuters"/>
</metadata>
</newsitem>
