<?xml version="1.0" encoding="iso-8859-1" ?>
<newsitem itemid="445773" id="root" date="1997-03-16" xml:lang="en">
<title>DUBAI: Khashoggi says will respond to Thai police charges.</title>
<headline>Khashoggi says will respond to Thai police charges.</headline>
<dateline>DUBAI 1997-03-16</dateline>
<text>
<p>Saudi Arabian tycoon Adnan Khashoggi said in remarks published on Sunday he was preparing a response to charges of conspiring to defraud the Bangkok Bank of Commerce (BBC) and was hopeful of an amicable settlement.</p>
<p>The Saudi daily al-Eqtisadiah quoted Khashoggi as saying from Paris he had started on Saturday &quot;preparing a detailed memorandum including proposals for an amicable settlement to the issue&quot;.</p>
<p>Thai police on Friday said they had issued arrest warrants for Khashoggi and four officials of ailing BBC on charges of conspiring to defraud the bank.</p>
<p>The Bank of Thailand, the central bank, had requested the warrants against the five on charges they jointly conspired to have Khashoggi receive two billion baht ($77.5 million) in loans from the bank without credible collateral in 1995.</p>
<p>Khashoggi &quot;denied categorically&quot; knowing Terry Easter -- a Briton arrested on a warrant issued last July on charges of conspiring to embezzle assets of the troubled bank -- adding he thought it unlikely he would face a similar fate.</p>
<p>He also denied knowing any of the other people accused in the case.</p>
<p>($1 = 26 baht)</p>
</text>
<copyright>(c) Reuters Limited 1997</copyright>
<metadata>
<codes class="bip:countries:1.0">
  <code code="DUBAI">
    <editdetail attribution="Reuters BIP Coding Group" action="confirmed" date="1997-03-16"/>
  </code>
  <code code="SAARAB">
    <editdetail attribution="Reuters BIP Coding Group" action="confirmed" date="1997-03-16"/>
  </code>
  <code code="THAIL">
    <editdetail attribution="Reuters BIP Coding Group" action="confirmed" date="1997-03-16"/>
  </code>
</codes>
<codes class="bip:industries:1.0">
  <code code="I81402">
    <editdetail attribution="Reuters BIP Coding Group" action="confirmed" date="1997-03-16"/>
  </code>
</codes>
<codes class="bip:topics:1.0">
  <code code="C12">
    <editdetail attribution="Reuters BIP Coding Group" action="confirmed" date="1997-03-16"/>
  </code>
  <code code="CCAT">
    <editdetail attribution="Reuters BIP Coding Group" action="confirmed" date="1997-03-16"/>
  </code>
  <code code="GCAT">
    <editdetail attribution="Reuters BIP Coding Group" action="confirmed" date="1997-03-16"/>
  </code>
  <code code="GCRIM">
    <editdetail attribution="Reuters BIP Coding Group" action="confirmed" date="1997-03-16"/>
  </code>
</codes>
<dc element="dc.date.created" value="1997-03-16"/>
<dc element="dc.publisher" value="Reuters Holdings Plc"/>
<dc element="dc.date.published" value="1997-03-16"/>
<dc element="dc.source" value="Reuters"/>
<dc element="dc.creator.location" value="DUBAI"/>
<dc element="dc.creator.location.country.name" value="DUBAI"/>
<dc element="dc.source" value="Reuters"/>
</metadata>
</newsitem>
