<?xml version="1.0" encoding="iso-8859-1" ?>
<newsitem itemid="445717" id="root" date="1997-03-16" xml:lang="en">
<title>DUBAI: Iran's Velayati arrives in Oman on regional tour.</title>
<headline>Iran's Velayati arrives in Oman on regional tour.</headline>
<dateline>DUBAI 1997-03-16</dateline>
<text>
<p>Iranian Foreign Minister Ali Akbar Velayati arrived in the Gulf state of Oman on Sunday, carrying an invitation for Oman's Sultan Qaboos to an Islamic summit in Tehran.</p>
<p>The Iranian minister, on a tour of 10 countries, is extending invitations to Moslem heads of state and government from President Akbar Hashemi Rafsanjani for the December meeting of the Moslem world's largest body, the Organisation of the Islamic Conference.</p>
<p>Velayati was due to meet Sultan Qaboos later on Sunday.</p>
<p>Speaking to reporters on his arrival from Saudi Arabia, the minister stressed the importance of cooperation among Gulf countries to promote security in the region, and emphasised Iran's opposition to Western military involvement.</p>
<p>&quot;We think that the security of this sensitive region should be in the hands of its countries,&quot; Velayati said. &quot;But this cannot be achieved without positive cooperaton among the countries of the region through the creation of a positive atmosphere on the basis of mutual understanding.&quot;</p>
<p>Iran has repeatedly condemned the U.S. military presence in the region, where U.S.-led forces enforce U.N. sanctions against Iraq. Iran says U.S. troops in the region, including about 5,000 in Saudi Arabia, increase regional tension.</p>
<p>Saudi Arabia and its Gulf allies have accused non-Arab Iran of interfering in their internal affairs, which Iran denies, and voice concern over Iran's arms build-up.</p>
</text>
<copyright>(c) Reuters Limited 1997</copyright>
<metadata>
<codes class="bip:countries:1.0">
  <code code="IRAN">
    <editdetail attribution="Reuters BIP Coding Group" action="confirmed" date="1997-03-16"/>
  </code>
  <code code="OMAN">
    <editdetail attribution="Reuters BIP Coding Group" action="confirmed" date="1997-03-16"/>
  </code>
</codes>
<codes class="bip:topics:1.0">
  <code code="GCAT">
    <editdetail attribution="Reuters BIP Coding Group" action="confirmed" date="1997-03-16"/>
  </code>
  <code code="GDIP">
    <editdetail attribution="Reuters BIP Coding Group" action="confirmed" date="1997-03-16"/>
  </code>
</codes>
<dc element="dc.date.created" value="1997-03-16"/>
<dc element="dc.publisher" value="Reuters Holdings Plc"/>
<dc element="dc.date.published" value="1997-03-16"/>
<dc element="dc.source" value="Reuters"/>
<dc element="dc.creator.location" value="DUBAI"/>
<dc element="dc.creator.location.country.name" value="DUBAI"/>
<dc element="dc.source" value="Reuters"/>
</metadata>
</newsitem>
