<?xml version="1.0" encoding="iso-8859-1" ?>
<newsitem itemid="445786" id="root" date="1997-03-16" xml:lang="en">
<title>USA: US CREDIT OUTLOOK --FOMC debate may weigh on market.</title>
<headline>US CREDIT OUTLOOK --FOMC debate may weigh on market.</headline>
<byline>John P. Hughes</byline>
<dateline>NEW YORK 1997-03-15</dateline>
<text>
<p>Traders of U.S. government securities return to a tense environment Monday to face a week of debate on whether the U.S. central bank would move to tighten monetary policy at its next meeting.</p>
<p>Yields on the 30-year Treasury bond skirted crossing the 7.0 percent barrier on the back of strong retail sales revisions on Thursday and may breach that mark next week.</p>
<p>The data scheduled for release during the week will be the last before the Federal Reserve's policy-making Federal Open Market Committee (FOMC) meets on March 25.</p>
</text>
<copyright>(c) Reuters Limited 1997</copyright>
<metadata>
<codes class="bip:countries:1.0">
  <code code="USA">
    <editdetail attribution="Reuters BIP Coding Group" action="confirmed" date="1997-03-16"/>
  </code>
</codes>
<codes class="bip:topics:1.0">
  <code code="M12">
    <editdetail attribution="Reuters BIP Coding Group" action="confirmed" date="1997-03-16"/>
  </code>
  <code code="MCAT">
    <editdetail attribution="Reuters BIP Coding Group" action="confirmed" date="1997-03-16"/>
  </code>
</codes>
<dc element="dc.date.created" value="1997-03-15"/>
<dc element="dc.publisher" value="Reuters Holdings Plc"/>
<dc element="dc.date.published" value="1997-03-16"/>
<dc element="dc.source" value="Reuters"/>
<dc element="dc.creator.location" value="NEW YORK"/>
<dc element="dc.creator.location.country.name" value="USA"/>
<dc element="dc.source" value="Reuters"/>
</metadata>
</newsitem>
