<?xml version="1.0" encoding="iso-8859-1" ?>
<newsitem itemid="445738" id="root" date="1997-03-16" xml:lang="en">
<title>TURKEY: Turkey says killed 23 rebels in clashes.</title>
<headline>Turkey says killed 23 rebels in clashes.</headline>
<dateline>DIYARBAKIR, Turkey 1997-03-16</dateline>
<text>
<p>Turkish security forces killed 23 rebels in the last two days in southeast Turkey, a statement from the emergency rule governor's office said on Sunday.</p>
<p>The statement said that 16 &quot;terrorists&quot;, a term normally used to refer to members of the Kurdistan Workers Party (PKK), were killed in clashes in Bingol province and seven killed in Tunceli province.</p>
<p>Those killed in Tunceli were said to have belonged to the far-left Turkish Workers and Peasants Liberation Army (TIKKO).</p>
<p>The hardline Maoist group, TIKKO, has been targeting soldiers police and village chiefs in Tunceli since the 1970s, but its attacks have been limited in recent years. TIKKO sometimes stages joint attacks with the PKK separatist rebels.</p>
<p>Five members of the armed Islamist group, Hizbullah, were also arrested in Diyarbakir, the statement said.</p>
<p>Hizbullah is not believed to be connected to the pro-Iranian Lebanese based group of a similar name. It has been accused of killing a number of Kurdish activists in recent years as part of a feud with the PKK.</p>
<p>More than 21,000 people have been killed in the 12-year struggle between the Turkish security forces and the PKK, which is fighting for independence or autonomy in Turkey's mainly Kurdish southeast.</p>
</text>
<copyright>(c) Reuters Limited 1997</copyright>
<metadata>
<codes class="bip:countries:1.0">
  <code code="TURK">
    <editdetail attribution="Reuters BIP Coding Group" action="confirmed" date="1997-03-16"/>
  </code>
</codes>
<codes class="bip:topics:1.0">
  <code code="GCAT">
    <editdetail attribution="Reuters BIP Coding Group" action="confirmed" date="1997-03-16"/>
  </code>
  <code code="GVIO">
    <editdetail attribution="Reuters BIP Coding Group" action="confirmed" date="1997-03-16"/>
  </code>
</codes>
<dc element="dc.date.created" value="1997-03-16"/>
<dc element="dc.publisher" value="Reuters Holdings Plc"/>
<dc element="dc.date.published" value="1997-03-16"/>
<dc element="dc.source" value="Reuters"/>
<dc element="dc.creator.location" value="DIYARBAKIR, Turkey"/>
<dc element="dc.creator.location.country.name" value="TURKEY"/>
<dc element="dc.source" value="Reuters"/>
</metadata>
</newsitem>
