<?xml version="1.0" encoding="iso-8859-1" ?>
<newsitem itemid="445703" id="root" date="1997-03-16" xml:lang="en">
<title>EGYPT: Lebanon defends ban on potato imports from Egypt.</title>
<headline>Lebanon defends ban on potato imports from Egypt.</headline>
<dateline>CAIRO 1997-03-16</dateline>
<text>
<p>Egypt attacked on Sunday a Lebanese decision to ban imports of Egyptian potatoes and said countermeasures against Lebanon might be in order.</p>
<p>Lebanon defended its decision by saying it was not aimed at Egypt but to protect home-grown potatoes.</p>
<p>&quot;This (the ban) will have undesirable effects on trade relations. Egypt would have preferred this step had not been taken, a step which necessarily calls for a look at measures to counter it,&quot; Egypt's Foreign Minister Amr Moussa told reporters.</p>
<p>&quot;There are question-marks about this. The position the Lebanese government took on this is incomprehensible,&quot; he added.</p>
<p>Lebanese Agriculture Minister Shawki Fakhoury told Reuters: &quot;This decision was taken in light of the national interest. It was not intended to anger Egypt. We have the right to protect local production and this is why we took the decision.&quot;</p>
<p>He said the ban, decided two weeks ago, included imported potatoes from Syria, Jordan and Saudi Arabia.</p>
<p>&quot;When I realised that big quantities of imported potatoes are being stored just two weeks before local potatoes are put on the market, I had to impose the ban,&quot; Fakhoury added.</p>
<p>The Lebanese government, trying to cut the cost of the country's food imports, plans to keep out products that can be grown at home from October 1. Fakhoury said the ban on Egyptian potatoes was part of the same campaign.</p>
<p>Asked to comment on Moussa's remarks, Fakhoury said: &quot;The issue must have been reported in a distorted way to our colleague Moussa. The decision has nothing to do with Lebanon's relations with Egypt. It is only an act of national protection for local production.&quot;</p>
<p>The Egyptian government is especially sensitive about its exports of potatoes, an important cash crop and a frequent irritant in trade relations with the European Union.</p>
<p>Last year France restricted imports of Egyptian potatoes because some of them had brown rot.</p>
<p>Moussa said he hoped Lebanese trade policy would take into account all aspects of Egyptian-Lebanese relations.</p>
<p>&quot;Trade between the two countries is something that should be pushed forwards, not dragged backwards. Any problems can be solved through direct dialogue, not by decrees which lead to tension in commercial relations,&quot; he added.</p>
<p>Apples are one of Lebanon's main exports to Egypt.</p>
</text>
<copyright>(c) Reuters Limited 1997</copyright>
<metadata>
<codes class="bip:countries:1.0">
  <code code="EGYPT">
    <editdetail attribution="Reuters BIP Coding Group" action="confirmed" date="1997-03-16"/>
  </code>
  <code code="LEBAN">
    <editdetail attribution="Reuters BIP Coding Group" action="confirmed" date="1997-03-16"/>
  </code>
</codes>
<codes class="bip:industries:1.0">
  <code code="I01002">
    <editdetail attribution="Reuters BIP Coding Group" action="confirmed" date="1997-03-16"/>
  </code>
  <code code="I0100216">
    <editdetail attribution="Reuters BIP Coding Group" action="confirmed" date="1997-03-16"/>
  </code>
</codes>
<codes class="bip:topics:1.0">
  <code code="C13">
    <editdetail attribution="Reuters BIP Coding Group" action="confirmed" date="1997-03-16"/>
  </code>
  <code code="C31">
    <editdetail attribution="Reuters BIP Coding Group" action="confirmed" date="1997-03-16"/>
  </code>
  <code code="C311">
    <editdetail attribution="Reuters BIP Coding Group" action="confirmed" date="1997-03-16"/>
  </code>
  <code code="CCAT">
    <editdetail attribution="Reuters BIP Coding Group" action="confirmed" date="1997-03-16"/>
  </code>
  <code code="E51">
    <editdetail attribution="Reuters BIP Coding Group" action="confirmed" date="1997-03-16"/>
  </code>
  <code code="E512">
    <editdetail attribution="Reuters BIP Coding Group" action="confirmed" date="1997-03-16"/>
  </code>
  <code code="ECAT">
    <editdetail attribution="Reuters BIP Coding Group" action="confirmed" date="1997-03-16"/>
  </code>
</codes>
<dc element="dc.date.created" value="1997-03-16"/>
<dc element="dc.publisher" value="Reuters Holdings Plc"/>
<dc element="dc.date.published" value="1997-03-16"/>
<dc element="dc.source" value="Reuters"/>
<dc element="dc.creator.location" value="CAIRO"/>
<dc element="dc.creator.location.country.name" value="EGYPT"/>
<dc element="dc.source" value="Reuters"/>
</metadata>
</newsitem>
