<?xml version="1.0" encoding="iso-8859-1" ?>
<newsitem itemid="445726" id="root" date="1997-03-16" xml:lang="en">
<title>EGYPT: Egyptian shares up as investors bargain-hunt.</title>
<headline>Egyptian shares up as investors bargain-hunt.</headline>
<dateline>CAIRO 1997-03-16</dateline>
<text>
<p>Bargain-hunting investors helped push up Egyptian share prices on Sunday, with low-priced cement and milling firms dominating the market.</p>
<p>The Capital Market Authority's (CMA) all-share index rose 0.72 points to close at 398.58 points from 397.86 on Thursday in average turnover of 79.05 million pounds ($23.28 million).</p>
<p>&quot;The market was selective today. When it went down a few weeks ago, some share prices went down too far,&quot; said Mohammed Abdullah, partner in Intercapital brokerage.</p>
<p>Egyptian Financial and Industrial (EFIC) was the day's most active share, closing 6.00 higher at 206 after shares worth more than 6.30 million pounds changed hands.</p>
<p>Abdullah said the fertiliser stock was gaining strength on rumours that it planned to take over another fertiliser company. He said there were also reports EFIChad improved the quality of its products with an eye to exporting abroad.</p>
<p>Cement firms traded actively, with investors buying up the cheapest stocks in the successful sector, Abdullah said.</p>
<p>Helwan Portland Cement topped the cement sector, trading in more than 5.90 million pounds but ended unchanged at 80. Egyptian Tora Portland Cement lost 0.70 pounds to close at 95.50 but traded in more than 4.20 million pounds.</p>
<p>Amriyah Cement gained 1.01 pounds to close at 88.00 after 3.40 million pounds changed hands.</p>
<p>Two milling firms made the top 10 most active. Upper Egypt Flour Mills rose by 4.40 pounds to 92.40 after trading in more than 5.50 million pounds while North Cairo Flour Mills gained 1.50 pounds after more than 3.30 million pounds changed hands.</p>
<p>Misr Free Shops rose 0.50 pounds to 47.00 after trading in more than 3.70 million pounds.</p>
<p>The firm, which has a monopoly on duty-free shops in Egypt, announced good results for the first half of the 1996/7 financial year.</p>
<p>The government sold off 66.8 percent of the 3.5 million shares in the company through the stock exchange in January.</p>
<p>The index for openly traded firms rose to 656.16 from 653.22 points on Thursday and the index for rarely traded &quot;closed&quot; firms rose to 265.00 from 264.99.</p>
<p>Out of the 82 shares traded, 34 gained, 26 lost and 22 ended the day unchanged.</p>
<p>$1 = 3.395 pounds</p>
<p>-- Cairo newsroom +20 2 578 3290/1</p>
</text>
<copyright>(c) Reuters Limited 1997</copyright>
<metadata>
<codes class="bip:countries:1.0">
  <code code="EGYPT">
    <editdetail attribution="Reuters BIP Coding Group" action="confirmed" date="1997-03-16"/>
  </code>
</codes>
<codes class="bip:topics:1.0">
  <code code="M11">
    <editdetail attribution="Reuters BIP Coding Group" action="confirmed" date="1997-03-16"/>
  </code>
  <code code="MCAT">
    <editdetail attribution="Reuters BIP Coding Group" action="confirmed" date="1997-03-16"/>
  </code>
</codes>
<dc element="dc.date.created" value="1997-03-16"/>
<dc element="dc.publisher" value="Reuters Holdings Plc"/>
<dc element="dc.date.published" value="1997-03-16"/>
<dc element="dc.source" value="Reuters"/>
<dc element="dc.creator.location" value="CAIRO"/>
<dc element="dc.creator.location.country.name" value="EGYPT"/>
<dc element="dc.source" value="Reuters"/>
</metadata>
</newsitem>
