<?xml version="1.0" encoding="iso-8859-1" ?>
<newsitem itemid="445771" id="root" date="1997-03-16" xml:lang="en">
<title>EGYPT: PRESS DIGEST - Egypt - March 16.</title>
<headline>PRESS DIGEST - Egypt - March 16.</headline>
<dateline>CAIRO 1997-03-16</dateline>
<text>
<p>These are the leading stories in the Egyptian press on Sunday. Reuters has not verified these stories and does not vouch for their accuracy.</p>
<p>AL-AHRAM</p>
<p>- President Hosni Mubarak says what is going in Jerusalem now contradicts the Oslo agreement and permanent peace should be just. Mubarak gives important statements before leaving Rabat for home, saying that the Jerusalem Committee will hold a ministerial meeting in late March. Egypt offers help to the Palestinians and does not negotiate on their behalf, the president adds.</p>
<p>- A high Egyptian-Moroccsan committee, to be presided over by Mubarak and KingHassan, will meet every six months to coordinate in all fields.</p>
<p>- U.S. Vice President Al Gore's visit to Egypt in May aims at achieving progress in the relations between the two countries, a U.S. source tells al-Ahram.</p>
<p>- The Egyptian embassy in Tirana persuaded 60 Egyptian women and their children to be evacuated from Albania to Greek.</p>
<p>AL-AKHBAR</p>
<p>- The cabinet approves the first comprehensive bill on investment incentives. Projects in the South Valley will be offered a 20-year tax exemption.</p>
<p>- The fourth and last tunnel of the Peace Canal beneath the Suez Canal will be completed in May. The canal will carry 18 million cubic metres (635 million cubic feet) a day of Nile waters to north Sinai to irrigate about 400,000 acres (160,000 hectares).</p>
<p>AL-GOMHURIA</p>
<p>- Mubarak issues a presidential ruling to regulate the Cairo and Alexandria stock exchanges.</p>
<p>$1 = 3.395 pounds</p>
<p>-- Cairo newsroom + 202 578 3290/1</p>
</text>
<copyright>(c) Reuters Limited 1997</copyright>
<metadata>
<codes class="bip:countries:1.0">
  <code code="EGYPT">
    <editdetail attribution="Reuters BIP Coding Group" action="confirmed" date="1997-03-16"/>
  </code>
</codes>
<codes class="bip:topics:1.0">
  <code code="GCAT">
    <editdetail attribution="Reuters BIP Coding Group" action="confirmed" date="1997-03-16"/>
  </code>
</codes>
<dc element="dc.date.created" value="1997-03-16"/>
<dc element="dc.publisher" value="Reuters Holdings Plc"/>
<dc element="dc.date.published" value="1997-03-16"/>
<dc element="dc.source" value="Reuters"/>
<dc element="dc.creator.location" value="CAIRO"/>
<dc element="dc.creator.location.country.name" value="EGYPT"/>
<dc element="dc.source" value="Reuters"/>
</metadata>
</newsitem>
