<?xml version="1.0" encoding="iso-8859-1" ?>
<newsitem itemid="445732" id="root" date="1997-03-16" xml:lang="en">
<title>ABU DHABI: GEC to reveal UAE offset projects this week.</title>
<headline>GEC to reveal UAE offset projects this week.</headline>
<dateline>ABU DHABI 1997-03-16</dateline>
<text>
<p>Britain's GEC Marconi will this week announce up to three offset projects in the United Arab Emirates during an international arms show in Abu Dhabi, an industry executive said on Sunday.</p>
<p>Under the UAE's offset programme, the country requires its arms suppliers to invest in projects in the Gulf Arab state.</p>
<p>&quot;GEC will announce the projects during IDEX this week,&quot; said the source, who requested anonymity. IDEX, which began on Sunday and lasts five days, is one of the biggest arms shows in the world.</p>
<p>The executive said the ventures would involve a high-tech project, a maritime project related to shipping and a manufacturing project.</p>
<p>He said the ventures would &quot;make a significant contribution to the UAE economy&quot;, but would not say if they were related to past or future deals with the UAE, an oil-rich Gulf Arab state that has emerged as an important player in the international arms industry.</p>
<p>GEC, the defence firm of Britain's General Electric Co, has long-standing ties with Abu Dhabi.</p>
<p>International arms manufacturers supplying the UAE are required to invest a portion of a deal's worth in profitable ventures with a UAE partner under the terms of the offset scheme.</p>
<p>Some Western firms have said the programme's conditions are too stringent and have complained of a lack of investment opportunities in the country.</p>
</text>
<copyright>(c) Reuters Limited 1997</copyright>
<metadata>
<codes class="bip:countries:1.0">
  <code code="UAE">
    <editdetail attribution="Reuters BIP Coding Group" action="confirmed" date="1997-03-16"/>
  </code>
  <code code="UK">
    <editdetail attribution="Reuters BIP Coding Group" action="confirmed" date="1997-03-16"/>
  </code>
</codes>
<codes class="bip:industries:1.0">
  <code code="I34000">
    <editdetail attribution="Reuters BIP Coding Group" action="confirmed" date="1997-03-16"/>
  </code>
</codes>
<codes class="bip:topics:1.0">
  <code code="C32">
    <editdetail attribution="Reuters BIP Coding Group" action="confirmed" date="1997-03-16"/>
  </code>
  <code code="C33">
    <editdetail attribution="Reuters BIP Coding Group" action="confirmed" date="1997-03-16"/>
  </code>
  <code code="C331">
    <editdetail attribution="Reuters BIP Coding Group" action="confirmed" date="1997-03-16"/>
  </code>
  <code code="CCAT">
    <editdetail attribution="Reuters BIP Coding Group" action="confirmed" date="1997-03-16"/>
  </code>
  <code code="GCAT">
    <editdetail attribution="Reuters BIP Coding Group" action="confirmed" date="1997-03-16"/>
  </code>
  <code code="GDEF">
    <editdetail attribution="Reuters BIP Coding Group" action="confirmed" date="1997-03-16"/>
  </code>
</codes>
<dc element="dc.date.created" value="1997-03-16"/>
<dc element="dc.publisher" value="Reuters Holdings Plc"/>
<dc element="dc.date.published" value="1997-03-16"/>
<dc element="dc.source" value="Reuters"/>
<dc element="dc.creator.location" value="ABU DHABI"/>
<dc element="dc.creator.location.country.name" value="ABU DHABI"/>
<dc element="dc.source" value="Reuters"/>
</metadata>
</newsitem>
