<?xml version="1.0" encoding="iso-8859-1" ?>
<newsitem itemid="445733" id="root" date="1997-03-16" xml:lang="en">
<title>ISRAEL: Israel shares close lower in thin trading.</title>
<headline>Israel shares close lower in thin trading.</headline>
<dateline>TEL AVIV 1997-03-16</dateline>
<text>
<p>Israeli shares closed lower for the fifth consecutive session on Sunday in extremely low volume, traders said.</p>
<p>The benchmark Mishtanim index of the top 100 shares fell 1.24 percent, or 3.06 points, to 243.58 on low all-share turnover of 70 million shekels against 108 million shekels on Thursday, the last day of trading before the Israeli weekend.</p>
<p>The Maof 25 blue chip index closed 1.16 percent lower at 250.31.</p>
<p>&quot;We were expecting a sharper decline considering the fact that the February CPI was relatively high. The figure was within expectations but it is still dissappointing. The Bank of Israel will not lower its key interest rate now,&quot; said Michael Weiss of Evergreen Capital Markets.</p>
<p>The February consumer price index, released on Friday, rose 1.2 percent compared with an 0.4 percent increase in January. The CPI was at the top of economists' forecasts.</p>
<p>&quot;The political uncertainty concerning the peace process also affected trading in a negative way. Activity was very low and it's difficult to say where the market is going,&quot; Weiss added.</p>
<p>Israeli officials said on Sunday that work on building a Jewish neighbourhood in Arab East Jerusalem would start on Monday despite police warnings the project threatened to spark Palestinian violence.</p>
<p>&quot;The market looks very bad. The political situation affects trading and investors show little interest in the market,&quot; Yossi Weidelfeld at Eyal Securities. &quot;The fact that activity was so low today is very worrying.&quot;</p>
<p>The most active share was Leumi Insurance Holdings , which fell 2.5 percent to 259 agorot on volume of 4.5 million shekels. Assicurazioni Generali SPA on Thursday set its $308 million tender offering for shares in Leumi Insurance for this week.</p>
<p>Generali said it would offer 3.2755 shekels a share for up to 42.2 percent of any one shareholder's total holding.</p>
<p>Other active shares included Koor Industries, which fell 1.0 percent to 30,347 agorot on volume of 2.9 million shekels, and Bank Hapoalim, which lost 1.75 percent to 611 agorot on turnover of 2.8 million shekels.</p>
<p>($1 = 3.37 shekels)</p>
<p>- Dan Gerstenfeld, Tel Aviv newsroom, 972-3-537-2211</p>
</text>
<copyright>(c) Reuters Limited 1997</copyright>
<metadata>
<codes class="bip:countries:1.0">
  <code code="ISRAEL">
    <editdetail attribution="Reuters BIP Coding Group" action="confirmed" date="1997-03-16"/>
  </code>
</codes>
<codes class="bip:topics:1.0">
  <code code="M11">
    <editdetail attribution="Reuters BIP Coding Group" action="confirmed" date="1997-03-16"/>
  </code>
  <code code="MCAT">
    <editdetail attribution="Reuters BIP Coding Group" action="confirmed" date="1997-03-16"/>
  </code>
</codes>
<dc element="dc.date.created" value="1997-03-16"/>
<dc element="dc.publisher" value="Reuters Holdings Plc"/>
<dc element="dc.date.published" value="1997-03-16"/>
<dc element="dc.source" value="Reuters"/>
<dc element="dc.creator.location" value="TEL AVIV"/>
<dc element="dc.creator.location.country.name" value="ISRAEL"/>
<dc element="dc.source" value="Reuters"/>
</metadata>
</newsitem>
