<?xml version="1.0" encoding="iso-8859-1" ?>
<newsitem itemid="445744" id="root" date="1997-03-16" xml:lang="en">
<title>ABU DHABI: Lockheed sees help in bid to sell UAE planes.</title>
<headline>Lockheed sees help in bid to sell UAE planes.</headline>
<dateline>ABU DHABI 1997-03-16</dateline>
<text>
<p>The U.S. government has approved almost all the UAE's weaponry and technology requirements for F-16 fighters, a move that may help the sales bid by maker Lockheed Martin Corp, industry sources said on Sunday.</p>
<p>&quot;The U.S. government has approved almost all of the UAE's requirements,&quot; Robert Lawrence, Lockheed Martin's president for Middle East and Africa, told Reuters on the sidelines of Abu Dhabi's five-day IDEX arms show that opened on Sunday.</p>
<p>Lockheed and France's Dassault are in a heated race to sell up to 80 warplanes to the United Arab Emirates in a long-awaited deal potentially worth $6 billion. Industry sources say the deal could be the last of its size this century.</p>
<p>One industry executive said the U.S. approval of most of the UAE's requirements &quot;could help the situation&quot; for Lockheed.</p>
<p>Lawrence also said the approval could boost Lockheed's bid to secure all or most of the deal.</p>
<p>&quot;The Europeans have been freer in what they are willing to release,&quot; he said. &quot;This (U.S. government approval) could help.&quot;</p>
<p>Markets have been rife with rumours for months that the UAE would announce its decision during IDEX, one of the world's biggest arms shows.</p>
<p>But Lawrence said he expected Abu Dhabi to announce its choice by the end of the year.</p>
<p>Industry sources said the UAE could split the package between the United States and France to safeguard political interests and diversify suppliers.</p>
<p>But one industry source said buying two different fighter planes could prove to be too complicated because it would require greater logistical efforts.</p>
</text>
<copyright>(c) Reuters Limited 1997</copyright>
<metadata>
<codes class="bip:countries:1.0">
  <code code="UAE">
    <editdetail attribution="Reuters BIP Coding Group" action="confirmed" date="1997-03-16"/>
  </code>
  <code code="USA">
    <editdetail attribution="Reuters BIP Coding Group" action="confirmed" date="1997-03-16"/>
  </code>
</codes>
<codes class="bip:industries:1.0">
  <code code="I36400">
    <editdetail attribution="Reuters BIP Coding Group" action="confirmed" date="1997-03-16"/>
  </code>
</codes>
<codes class="bip:topics:1.0">
  <code code="C13">
    <editdetail attribution="Reuters BIP Coding Group" action="confirmed" date="1997-03-16"/>
  </code>
  <code code="C33">
    <editdetail attribution="Reuters BIP Coding Group" action="confirmed" date="1997-03-16"/>
  </code>
  <code code="C331">
    <editdetail attribution="Reuters BIP Coding Group" action="confirmed" date="1997-03-16"/>
  </code>
  <code code="CCAT">
    <editdetail attribution="Reuters BIP Coding Group" action="confirmed" date="1997-03-16"/>
  </code>
  <code code="GCAT">
    <editdetail attribution="Reuters BIP Coding Group" action="confirmed" date="1997-03-16"/>
  </code>
  <code code="GDEF">
    <editdetail attribution="Reuters BIP Coding Group" action="confirmed" date="1997-03-16"/>
  </code>
  <code code="GDIP">
    <editdetail attribution="Reuters BIP Coding Group" action="confirmed" date="1997-03-16"/>
  </code>
</codes>
<dc element="dc.date.created" value="1997-03-16"/>
<dc element="dc.publisher" value="Reuters Holdings Plc"/>
<dc element="dc.date.published" value="1997-03-16"/>
<dc element="dc.source" value="Reuters"/>
<dc element="dc.creator.location" value="ABU DHABI"/>
<dc element="dc.creator.location.country.name" value="ABU DHABI"/>
<dc element="dc.source" value="Reuters"/>
</metadata>
</newsitem>
