<?xml version="1.0" encoding="iso-8859-1" ?>
<newsitem itemid="445775" id="root" date="1997-03-16" xml:lang="en">
<title>BAHRAIN: PRESS DIGEST - Bahrain - March 16.</title>
<headline>PRESS DIGEST - Bahrain - March 16.</headline>
<dateline>MANAMA 1997-03-16</dateline>
<text>
<p>These are some of the leading stories in the Bahraini press on Sunday. Reuters has not verified these stories and does not vouch for their accuracy.</p>
<p>BAHRAIN TRIBUNE</p>
<p>- Prime minister highlights importance of oil production.</p>
<p>- Bahrain Telecommunications Co to sign U.S. software contract.</p>
<p>GULF DAILY NEWS</p>
<p>- Bahrain's economy on road to recovery.</p>
<p>- Anti-pollution efforts are duty of oil industry.</p>
<p>AL-AYAM</p>
<p>- New oil and gas projects to be launched in Bahrain including a gas pipeline at a cost of 26 million dinars.</p>
<p>- Bahrain's State Security Court adjourns verdicts of coup suspects.</p>
</text>
<copyright>(c) Reuters Limited 1997</copyright>
<metadata>
<codes class="bip:countries:1.0">
  <code code="BAHRN">
    <editdetail attribution="Reuters BIP Coding Group" action="confirmed" date="1997-03-16"/>
  </code>
</codes>
<codes class="bip:topics:1.0">
  <code code="GCAT">
    <editdetail attribution="Reuters BIP Coding Group" action="confirmed" date="1997-03-16"/>
  </code>
</codes>
<dc element="dc.date.created" value="1997-03-16"/>
<dc element="dc.publisher" value="Reuters Holdings Plc"/>
<dc element="dc.date.published" value="1997-03-16"/>
<dc element="dc.source" value="Reuters"/>
<dc element="dc.creator.location" value="MANAMA"/>
<dc element="dc.creator.location.country.name" value="BAHRAIN"/>
<dc element="dc.source" value="Reuters"/>
</metadata>
</newsitem>
