<?xml version="1.0" encoding="iso-8859-1" ?>
<newsitem itemid="445759" id="root" date="1997-03-16" xml:lang="en">
<title>JORDAN: Hussein flies to Israel to pay condolences.</title>
<headline>Hussein flies to Israel to pay condolences.</headline>
<dateline>AMMAN 1997-03-16</dateline>
<text>
<p>King Hussein flew from Jordan to Israel on Sunday to offer condolences to the families of Israeli schoolgirls gunned down last week by a Jordanian soldier, officials said.</p>
<p>The king, who has expressed shame for the killings, was also due to meet Israeli Prime Minister Benjamin Netanyahu and President Ezer Weizman.</p>
<p>The king was  accompanied by the commander-in-chief of Jordan's armed forces, Abdul-Hafez Kaabneh.</p>
</text>
<copyright>(c) Reuters Limited 1997</copyright>
<metadata>
<codes class="bip:countries:1.0">
  <code code="ISRAEL">
    <editdetail attribution="Reuters BIP Coding Group" action="confirmed" date="1997-03-16"/>
  </code>
  <code code="JORDAN">
    <editdetail attribution="Reuters BIP Coding Group" action="confirmed" date="1997-03-16"/>
  </code>
</codes>
<codes class="bip:topics:1.0">
  <code code="GCAT">
    <editdetail attribution="Reuters BIP Coding Group" action="confirmed" date="1997-03-16"/>
  </code>
  <code code="GDIP">
    <editdetail attribution="Reuters BIP Coding Group" action="confirmed" date="1997-03-16"/>
  </code>
  <code code="GVIO">
    <editdetail attribution="Reuters BIP Coding Group" action="confirmed" date="1997-03-16"/>
  </code>
</codes>
<dc element="dc.date.created" value="1997-03-16"/>
<dc element="dc.publisher" value="Reuters Holdings Plc"/>
<dc element="dc.date.published" value="1997-03-16"/>
<dc element="dc.source" value="Reuters"/>
<dc element="dc.creator.location" value="AMMAN"/>
<dc element="dc.creator.location.country.name" value="JORDAN"/>
<dc element="dc.source" value="Reuters"/>
</metadata>
</newsitem>
