<?xml version="1.0" encoding="iso-8859-1" ?>
<newsitem itemid="445735" id="root" date="1997-03-16" xml:lang="en">
<title>ISRAEL: Bank Hapoalim notes rated A3 by Moody's.</title>
<headline>Bank Hapoalim notes rated A3 by Moody's.</headline>
<dateline>TEL AVIV 1997-03-16</dateline>
<text>
<p>Moody's Investors Service has assigned an A3 rating to a recently issued floating rate note issue by Hapoalim International NV, Hapoalim's parent, Bank Hapoalim, said on Sunday.</p>
<p>The bank said the A3 rating is the same assigned to Bank Hapoalim and to long-term debt issued by the Israeli government. Hapoalim said it marked the first time Moody's had rated an offering of an Israeli bank.</p>
<p>The rating applies to $200 million in notes being offered in stages on the London Stock Exchange. More than $100 million has been offered this month, twice what the bank said it expected to issue.</p>
<p>Final redemption for the notes is July 2006, with an early redemption option in 2002.</p>
<p>- Tel Aviv newsroom, 972-3-537-2211</p>
</text>
<copyright>(c) Reuters Limited 1997</copyright>
<metadata>
<codes class="bip:countries:1.0">
  <code code="ISRAEL">
    <editdetail attribution="Reuters BIP Coding Group" action="confirmed" date="1997-03-16"/>
  </code>
</codes>
<codes class="bip:industries:1.0">
  <code code="I81402">
    <editdetail attribution="Reuters BIP Coding Group" action="confirmed" date="1997-03-16"/>
  </code>
</codes>
<codes class="bip:topics:1.0">
  <code code="C17">
    <editdetail attribution="Reuters BIP Coding Group" action="confirmed" date="1997-03-16"/>
  </code>
  <code code="C174">
    <editdetail attribution="Reuters BIP Coding Group" action="confirmed" date="1997-03-16"/>
  </code>
  <code code="CCAT">
    <editdetail attribution="Reuters BIP Coding Group" action="confirmed" date="1997-03-16"/>
  </code>
</codes>
<dc element="dc.date.created" value="1997-03-16"/>
<dc element="dc.publisher" value="Reuters Holdings Plc"/>
<dc element="dc.date.published" value="1997-03-16"/>
<dc element="dc.source" value="Reuters"/>
<dc element="dc.creator.location" value="TEL AVIV"/>
<dc element="dc.creator.location.country.name" value="ISRAEL"/>
<dc element="dc.source" value="Reuters"/>
</metadata>
</newsitem>
