<?xml version="1.0" encoding="iso-8859-1" ?>
<newsitem itemid="445724" id="root" date="1997-03-16" xml:lang="en">
<title>JORDAN: King Hussein's trip to Israel not political, analysts.</title>
<headline>King Hussein's trip to Israel not political, analysts.</headline>
<byline>Dominic Evans</byline>
<dateline>AMMAN 1997-03-16</dateline>
<text>
<p>King Hussein's condolence visit to Jerusalem must not be seen as a political retreat from his bitter criticism last week of Israeli Prime Minister Benjamin Netanyahu, Jordanian analysts said on Sunday.</p>
<p>They said the king's trip should be viewed as a humanitarian gesture after a Jordanian soldier gunned down seven Israeli teenagers, not a thawing of political ties.</p>
<p>&quot;I think one should distinguish between the humanitarian attitude, which is desirable, and the political facts,&quot; said one political analyst, who declined to be named.</p>
<p>The king's visit came a day before Israeli bulldozers were due to start building Jewish settlements around Arab East Jerusalem and exactly a week after he accused Netanyahu of pushing the Middle East &quot;towards an abyss of bloodshed&quot;.</p>
<p>State television showed the king kneeling next to relatives of one of the Israeli victims, holding their hands as Netanyahu looked on at his side.</p>
<p>&quot;He is taking a risk by going because we don't know what the reaction will be in Jordan or in Israel -- whether it might be considered a sign of weakness,&quot; said Hani Hourani, head of the Amman-based New Jordan Centre.</p>
<p>&quot;But he is not changing his mind about his criticism of Netanyahu,&quot; he said.</p>
<p>Officials in Jordan were swift to condemn the killing of the seven Israelis three days ago and most Jordanians said they rejected any attack on young children.</p>
<p>But criticism of the shooting has been tinged by a perception that the world is always quicker to sympathise with Israeli rather than Arab victims.</p>
<p>&quot;What about the 100 people killed in Qana?&quot; was the curt reply from a member of Jordan's Islamic Action Front when asked for reaction to Thursday's shooting. Around 100 Lebanese civilians were killed by Israeli shelling at a United Nations camp in the southern Lebanese village of Qana in 1996.</p>
<p>&quot;I hope the king will not over-react in his sympathy, the Jordanians will not like it,&quot; a liberal academic said.</p>
<p>&quot;The attack should not have been against young innocent children but against Netanyahu who is stubborn and a tyrant,&quot; an elderly farmer said near the scene of Thursday's attack.</p>
<p>Ibrahim Izzedine, a former government minister, said Israel's insistence on going ahead with building a Jerusalem settlement was souring a two-year peace treaty with Jordan already eroded in Jordanian eyes by a lack of material returns.</p>
<p>&quot;The problem is being crystallised in Jerusalem,&quot; Izzedine told Reuters, adding that the 1994 treaty now looked more like a non-aggression pact than a peace accord between good neighbours.</p>
<p>&quot;It's now just an end of belligerency, rather than a treaty opening up relations between the countries,&quot; he said. &quot;This is the thinking in the political psyche and the population as a whole.&quot;</p>
<p>The king's visit to Jerusalem was his second to Israel in two months, after his last-minute shuttle from Gaza to Tel Aviv helped rescue a deal with Palestinians on further Israeli withdrawals from the West Bank.</p>
<p>But the brief spirit of compromise disappeared a few weeks later when Israel announced its next pullout from the West Bank would be much less than Palestinians had expected.</p>
<p>&quot;They should not take peace with Jordan for granted,&quot; said Hourani, adding he considered himself a campaigner for peace. &quot;We cannot make it a warm peace if they are not going to settle with the Palestinians.&quot;</p>
</text>
<copyright>(c) Reuters Limited 1997</copyright>
<metadata>
<codes class="bip:countries:1.0">
  <code code="ISRAEL">
    <editdetail attribution="Reuters BIP Coding Group" action="confirmed" date="1997-03-16"/>
  </code>
  <code code="JORDAN">
    <editdetail attribution="Reuters BIP Coding Group" action="confirmed" date="1997-03-16"/>
  </code>
</codes>
<codes class="bip:topics:1.0">
  <code code="GCAT">
    <editdetail attribution="Reuters BIP Coding Group" action="confirmed" date="1997-03-16"/>
  </code>
  <code code="GDIP">
    <editdetail attribution="Reuters BIP Coding Group" action="confirmed" date="1997-03-16"/>
  </code>
  <code code="GPOL">
    <editdetail attribution="Reuters BIP Coding Group" action="confirmed" date="1997-03-16"/>
  </code>
</codes>
<dc element="dc.date.created" value="1997-03-16"/>
<dc element="dc.publisher" value="Reuters Holdings Plc"/>
<dc element="dc.date.published" value="1997-03-16"/>
<dc element="dc.source" value="Reuters"/>
<dc element="dc.creator.location" value="AMMAN"/>
<dc element="dc.creator.location.country.name" value="JORDAN"/>
<dc element="dc.source" value="Reuters"/>
</metadata>
</newsitem>
