<?xml version="1.0" encoding="iso-8859-1" ?>
<newsitem itemid="445711" id="root" date="1997-03-16" xml:lang="en">
<title>ISRAEL: Minister warns that Israel could oust Arafat.</title>
<headline>Minister warns that Israel could oust Arafat.</headline>
<dateline>JERUSALEM 1997-03-16</dateline>
<text>
<p>Justice Minister Tzachi Hanegbi warned in remarks broadcast on Sunday that Israel could oust Palestinian President Yasser Arafat from the self-ruled Gaza Strip if violence erupted in the territories.</p>
<p>Hanegbi made the comment as Israel was set to begin as soon as Monday building a Jewish settlement in Arab East Jerusalem, a move the PLO has said could trigger widespread unrest.</p>
<p>&quot;Whoever launches violence could very quickly find himself packing a suitcase and travelling back and forth on the line from Tunis to Baghdad like he (Arafat) did for many years,&quot; Hanegbi told supporters in the remarks on Saturday.</p>
<p>Hanegbi's counterpart in Arafat's Palestinian Authority, Freih Abu Medeen, cancelled a meeting with the Israeli minister following the speech.</p>
<p>Israeli Foreign Minister David Levy said he regretted Hanegbi's remarks, telling Israel Radio: &quot;They don't contribute to peace or security&quot;.</p>
<p>In the remarks Hanegbi said: &quot;Arafat won't be able to sit in his villa on the beach with (his wife) Suha and give orders to act. There's no immunity for anyone wishing to annihilate us, neither for 'The Engineer' nor anyone in any villa.</p>
<p>&quot;If war, then war to the end,&quot; he said.</p>
<p>&quot;The Engineer&quot; was the code name of the master bomber Yahya Ayyash, responsible for suicide attacks of the Islamic militant group Hamas that killed scores of Israelis. He was killed in January 1996 when a mobile phone exploded in what was widely seen as an Israeli assassination.</p>
<p>Arafat's aide Ahmed Tibi said Hanegbi's remarks had &quot;caused an escalation&quot;.</p>
<p>&quot;Hanegbi spoke in an immoral style and used base language to express his views,&quot; Abu Medeen, the Palestinian official in charge of justice, told Reuters. He cancelled a meeting with Hanegbi scheduled for Sunday.</p>
<p>Arafat set up his self-rule authority in Gaza in 1994 under a peace deal with Israel after running the PLO for years from Tunis.</p>
<p>Palestinians say Netanyahu's plans to build the settlement on land occupied by Israel in 1967 have caused a crisis in peace moves with the Jewish state.</p>
</text>
<copyright>(c) Reuters Limited 1997</copyright>
<metadata>
<codes class="bip:countries:1.0">
  <code code="ISRAEL">
    <editdetail attribution="Reuters BIP Coding Group" action="confirmed" date="1997-03-16"/>
  </code>
</codes>
<codes class="bip:topics:1.0">
  <code code="GCAT">
    <editdetail attribution="Reuters BIP Coding Group" action="confirmed" date="1997-03-16"/>
  </code>
  <code code="GDIP">
    <editdetail attribution="Reuters BIP Coding Group" action="confirmed" date="1997-03-16"/>
  </code>
  <code code="GPOL">
    <editdetail attribution="Reuters BIP Coding Group" action="confirmed" date="1997-03-16"/>
  </code>
</codes>
<dc element="dc.date.created" value="1997-03-16"/>
<dc element="dc.publisher" value="Reuters Holdings Plc"/>
<dc element="dc.date.published" value="1997-03-16"/>
<dc element="dc.source" value="Reuters"/>
<dc element="dc.creator.location" value="JERUSALEM"/>
<dc element="dc.creator.location.country.name" value="ISRAEL"/>
<dc element="dc.source" value="Reuters"/>
</metadata>
</newsitem>
