<?xml version="1.0" encoding="iso-8859-1" ?>
<newsitem itemid="445794" id="root" date="1997-03-16" xml:lang="en">
<title>USA: Human Rights group faults New York on drug laws.</title>
<headline>Human Rights group faults New York on drug laws.</headline>
<dateline>NEW YORK 1997-03-15</dateline>
<text>
<p>A human rights group charged on Saturday that New York state was violating international law by sentencing low-level drug dealers to long, mandatory jail terms similar to those handed out to murderers or rapists.</p>
<p>A report by Human Rights Watch said, &quot;(Mandatory) long sentences may be appropriate for major drug kingpins. They are cruel punishment for minor, non-violent drug offenders. It is unconscionable to punish such people with the same sentences given to murderers and rapists.&quot;</p>
<p>The report said that a person convicted of selling two ounces (57 gms) of cocaine received a mandatory sentence of 15 years to life in New York state -- the same penalty meted out to a murderer.</p>
<p>Jamie Fellner, author of the report entitled &quot;Cruel and Unusual: Disproportionate Sentences for New York Drug offenders,&quot; said the sentences violated the Universal Declaration of Human Rights and other conventions or treaties on inhumane punishment.</p>
<p>The report said 10,000 people a year, 95 percent of them black or Hispanic, go to prison in New York state each year on drug charges -- the vast majority of them low-level street dealers.</p>
<p>The report urged the state to eliminate mandatory minimum sentences for those who do not have major roles in durg distribution.</p>
</text>
<copyright>(c) Reuters Limited 1997</copyright>
<metadata>
<codes class="bip:countries:1.0">
  <code code="USA">
    <editdetail attribution="Reuters BIP Coding Group" action="confirmed" date="1997-03-16"/>
  </code>
</codes>
<codes class="bip:topics:1.0">
  <code code="GCAT">
    <editdetail attribution="Reuters BIP Coding Group" action="confirmed" date="1997-03-16"/>
  </code>
  <code code="GCRIM">
    <editdetail attribution="Reuters BIP Coding Group" action="confirmed" date="1997-03-16"/>
  </code>
  <code code="GPOL">
    <editdetail attribution="Reuters BIP Coding Group" action="confirmed" date="1997-03-16"/>
  </code>
</codes>
<dc element="dc.date.created" value="1997-03-15"/>
<dc element="dc.publisher" value="Reuters Holdings Plc"/>
<dc element="dc.date.published" value="1997-03-16"/>
<dc element="dc.source" value="Reuters"/>
<dc element="dc.creator.location" value="NEW YORK"/>
<dc element="dc.creator.location.country.name" value="USA"/>
<dc element="dc.source" value="Reuters"/>
</metadata>
</newsitem>
