<?xml version="1.0" encoding="iso-8859-1" ?>
<newsitem itemid="445777" id="root" date="1997-03-16" xml:lang="en">
<title>DUBAI: Iran says UAE row should be settled in talks.</title>
<headline>Iran says UAE row should be settled in talks.</headline>
<dateline>DUBAI 1997-03-16</dateline>
<text>
<p>Iran's Foreign Minister Ali Akbar Velayati said on Sunday a territorial dispute with the United Arab Emirates over three strategic Gulf islands should be settled through negotiation.</p>
<p>&quot;We have always voiced our readiness to enter direct negotiations with the United Arab Emirates...We have not closed the doors and we see that if there is a problem it should be solved within the framework of negotiations,&quot; Velayati told a news conference in Riyadh.</p>
<p>Since 1992 Iran and the UAE have been at loggerheads over Abu Musa and the Greater and Lesser Tunb islands that are close to key oil shipping lanes at the mouth of the Gulf.</p>
<p>Iran and UAE member Sharjah run Abu Musa jointly under an agreement reached in 1971 before the departure of British forces. In 1992, Iran tightened control over Abu Musa, citing security reasons. The UAE reacted by reviving its claim to the islands and accusing Iran of occupying them.</p>
<p>Velayati, on a visit to Saudi Arabia to invite King Fahd to an Islamic summit in Tehran in December, said the 1971 agreement should be the basis of talks and any unilateral decision to take the case to court would not solve the dispute.</p>
<p>&quot;There is also a known agreement that was signed between us, the UAE and the British Foreign Office which at the time was party to this issue. This agreement should be the basis and the principle to any kind of negotiations between us...for a case to be from one side will not solve the problem.&quot;</p>
<p>The UAE has urged Tehran to agree to take the dispute to the International Court of Justice in The Hague.</p>
<p>Iran says its sovereignty over the islands is not negotiable but has called for talks with the UAE to clear up misunderstandings. Iran opened an aiport on Abu Musa last March.</p>
</text>
<copyright>(c) Reuters Limited 1997</copyright>
<metadata>
<codes class="bip:countries:1.0">
  <code code="IRAN">
    <editdetail attribution="Reuters BIP Coding Group" action="confirmed" date="1997-03-16"/>
  </code>
  <code code="UAE">
    <editdetail attribution="Reuters BIP Coding Group" action="confirmed" date="1997-03-16"/>
  </code>
</codes>
<codes class="bip:topics:1.0">
  <code code="GCAT">
    <editdetail attribution="Reuters BIP Coding Group" action="confirmed" date="1997-03-16"/>
  </code>
  <code code="GDIP">
    <editdetail attribution="Reuters BIP Coding Group" action="confirmed" date="1997-03-16"/>
  </code>
</codes>
<dc element="dc.date.created" value="1997-03-16"/>
<dc element="dc.publisher" value="Reuters Holdings Plc"/>
<dc element="dc.date.published" value="1997-03-16"/>
<dc element="dc.source" value="Reuters"/>
<dc element="dc.creator.location" value="DUBAI"/>
<dc element="dc.creator.location.country.name" value="DUBAI"/>
<dc element="dc.source" value="Reuters"/>
</metadata>
</newsitem>
