<?xml version="1.0" encoding="iso-8859-1" ?>
<newsitem itemid="445702" id="root" date="1997-03-16" xml:lang="en">
<title>ISRAEL: Israeli, PLO leaders talk by phone - official.</title>
<headline>Israeli, PLO leaders talk by phone - official.</headline>
<dateline>JERUSALEM 1997-03-16</dateline>
<text>
<p>Israeli Prime Minister Benjamin Netanyahu and Palestinian President Yasser Arafat spoke on Sunday by telephone, reviving contacts the PLO severed over Israeli policies, an adviser to Netanyahu said.</p>
<p>&quot;All I can confirm is that there was a three-way telephone call from the prime minister's office with Arafat,&quot; adviser David Bar-Illan told Reuters. Jordan's King Hussein, meeting Netanyahu, was the third participant, he said.</p>
<p>Asked what had emerged from the more than two hours of talks, Bar-Illan said: &quot;Just a feeling that a line of communication has been reopened.&quot;</p>
<p>Asked if there was an effort to get Netanyahu and Arafat together, he said: &quot;You can say that.&quot; Asked if a meeting might be arranged on Sunday night or Monday, Bar-Illan said: &quot;I don't have any confirmation on that.</p>
<p>Netanyahu then convened a news conference with King Hussein, on a visit to pay condolences to the families of seven schoolgirls slaughtered last week by a Jordanian soldier and to defuse tensions over peace moves.</p>
</text>
<copyright>(c) Reuters Limited 1997</copyright>
<metadata>
<codes class="bip:countries:1.0">
  <code code="ISRAEL">
    <editdetail attribution="Reuters BIP Coding Group" action="confirmed" date="1997-03-16"/>
  </code>
</codes>
<codes class="bip:topics:1.0">
  <code code="GCAT">
    <editdetail attribution="Reuters BIP Coding Group" action="confirmed" date="1997-03-16"/>
  </code>
  <code code="GPOL">
    <editdetail attribution="Reuters BIP Coding Group" action="confirmed" date="1997-03-16"/>
  </code>
</codes>
<dc element="dc.date.created" value="1997-03-16"/>
<dc element="dc.publisher" value="Reuters Holdings Plc"/>
<dc element="dc.date.published" value="1997-03-16"/>
<dc element="dc.source" value="Reuters"/>
<dc element="dc.creator.location" value="JERUSALEM"/>
<dc element="dc.creator.location.country.name" value="ISRAEL"/>
<dc element="dc.source" value="Reuters"/>
</metadata>
</newsitem>
