<?xml version="1.0" encoding="iso-8859-1" ?>
<newsitem itemid="445828" id="root" date="1997-03-16" xml:lang="en">
<title>NETHERLANDS: EU spurns military force, offers Tirana advisers.</title>
<headline>EU spurns military force, offers Tirana advisers.</headline>
<byline>Ian Geoghegan</byline>
<dateline>APELDOORN, Netherlands 1997-03-15</dateline>
<text>
<p>The European Union agreed on Sunday to send military and police advisers to Albania in a bid to help restore order in the anarchic Balkan state.</p>
<p>EU foreign ministers meeting informally in the central Dutch countryside also agreed to consider providing protection for this mission if necessary, but stressed this was not a military operation.</p>
<p>&quot;Any interventionist approach is off the table,&quot; one German diplomatic source said. Sharp divisions over the questions of military intervention had emerged at the meeting on Saturday.</p>
<p>The EU said in a communique it was &quot;strongly committed to helping Albania restore civilian structures and law and order&quot;, adding that outside help was needed immediately to restore security, in particular in and around Tirana.</p>
<p>&quot;Among the member states there was readiness to send an advisory mission in the civilian as well as the police and military fields,&quot; it said, adding that it would first ask the United Nations whether it needed a mandate.</p>
<p>Officials said that they would consult the United Nations and seek its blessing for such a mission, although this would not necessarily be a formal requirement.</p>
<p>As a first step, the EU will send a high-level mission to Tirana on Monday, led by Dutch diplomat Jan Comte de Marchant et d'Ansembourg and including representatives from the Netherlands, Greece, Italy, the European Commission and the Organisation for Security and Cooperation in Europe (OSCE).</p>
<p>The EU statement called on Albania itself to take steps towards its own reconstruction. &quot;There is a need for the Albanians to accept responsibility for rebuilding their country and society...to enable the EU to help them.&quot;</p>
<p>Ministers said they were ready to send humanitarian aid once it was safe enough to do so.</p>
<p>The 15-member bloc has struggled to forge a common approach on how to react to Albania's request for military intervention.</p>
<p>Stung by criticism of its indecision over the last Balkan conflict, in former Yugoslavia, several EU nations were keen to send a multinational peacekeeping force into Albania to try to prevent it from sinking deeper into chaos.</p>
<p>This was firmly opposed by Germany, Britain and Sweden.</p>
<p>&quot;We can't get involved in another adventure,&quot; German Foreign Minister Klaus Kinkel said.</p>
<p>The EU statement made no mention of Albania's beleagured President Sali Berisha, whose ousting or resignation is seen by many as a first important step to diffusing the crisis.</p>
<p>Berisha has been blamed by many in the country for the collapse of pyramid investment schemes which bankrupted thousands and prompted widespread rebellion.</p>
<p>Some EU ministers made it clear publicly that they wanted Berisha to step down. Dutch Foreign Minister Hans van Mierlo referred to him as a &quot;stumbling block&quot; when it was briefly rumoured on Saturday that Berisha had quit.</p>
</text>
<copyright>(c) Reuters Limited 1997</copyright>
<metadata>
<codes class="bip:countries:1.0">
  <code code="ALB">
    <editdetail attribution="Reuters BIP Coding Group" action="confirmed" date="1997-03-16"/>
  </code>
  <code code="EEC">
    <editdetail attribution="Reuters BIP Coding Group" action="confirmed" date="1997-03-16"/>
  </code>
  <code code="NETH">
    <editdetail attribution="Reuters BIP Coding Group" action="confirmed" date="1997-03-16"/>
  </code>
</codes>
<codes class="bip:topics:1.0">
  <code code="G15">
    <editdetail attribution="Reuters BIP Coding Group" action="confirmed" date="1997-03-16"/>
  </code>
  <code code="G158">
    <editdetail attribution="Reuters BIP Coding Group" action="confirmed" date="1997-03-16"/>
  </code>
  <code code="GCAT">
    <editdetail attribution="Reuters BIP Coding Group" action="confirmed" date="1997-03-16"/>
  </code>
  <code code="GDIP">
    <editdetail attribution="Reuters BIP Coding Group" action="confirmed" date="1997-03-16"/>
  </code>
  <code code="GVIO">
    <editdetail attribution="Reuters BIP Coding Group" action="confirmed" date="1997-03-16"/>
  </code>
</codes>
<dc element="dc.date.created" value="1997-03-15"/>
<dc element="dc.publisher" value="Reuters Holdings Plc"/>
<dc element="dc.date.published" value="1997-03-16"/>
<dc element="dc.source" value="Reuters"/>
<dc element="dc.creator.location" value="APELDOORN, Netherlands"/>
<dc element="dc.creator.location.country.name" value="NETHERLANDS"/>
<dc element="dc.source" value="Reuters"/>
</metadata>
</newsitem>
