<?xml version="1.0" encoding="iso-8859-1" ?>
<newsitem itemid="445835" id="root" date="1997-03-16" xml:lang="en">
<title>FRANCE: French evenly split between govt support,opposition.</title>
<headline>French evenly split between govt support,opposition.</headline>
<dateline>PARIS 1997-03-16</dateline>
<text>
<p>The French public is nearly evenly split between backers and adversaries of President Jacques Chirac's centre-right government, according to an opinion poll released on Sunday.</p>
<p>The poll, by the Louis Harris group for the monthly Horizons Politiques, showed 41 percent of those questioned backed the government and 43 percent opposed it. Some 13 percent were neither for nor against while three percent had no opinion.</p>
<p>The poll, for which no direct comparative figures were given, did seem to confirm other indications of rising support for Chirac's government after low ratings for both Chirac and Prime Minister Alain Juppe for much of 1996.</p>
<p>The most recent polls last week showed their popularity  was rising for a third consecutive month.</p>
<p>The Louis Harris poll was conducted on March 7-8 among 1,003 people.</p>
</text>
<copyright>(c) Reuters Limited 1997</copyright>
<metadata>
<codes class="bip:countries:1.0">
  <code code="FRA">
    <editdetail attribution="Reuters BIP Coding Group" action="confirmed" date="1997-03-16"/>
  </code>
</codes>
<codes class="bip:topics:1.0">
  <code code="GCAT">
    <editdetail attribution="Reuters BIP Coding Group" action="confirmed" date="1997-03-16"/>
  </code>
  <code code="GPOL">
    <editdetail attribution="Reuters BIP Coding Group" action="confirmed" date="1997-03-16"/>
  </code>
</codes>
<dc element="dc.date.created" value="1997-03-16"/>
<dc element="dc.publisher" value="Reuters Holdings Plc"/>
<dc element="dc.date.published" value="1997-03-16"/>
<dc element="dc.source" value="Reuters"/>
<dc element="dc.creator.location" value="PARIS"/>
<dc element="dc.creator.location.country.name" value="FRANCE"/>
<dc element="dc.source" value="Reuters"/>
</metadata>
</newsitem>
