<?xml version="1.0" encoding="iso-8859-1" ?>
<newsitem itemid="445836" id="root" date="1997-03-16" xml:lang="en">
<title>FRANCE: Mobutu may return home this week but not sure.</title>
<headline>Mobutu may return home this week but not sure.</headline>
<dateline>PARIS 1997-03-16</dateline>
<text>
<p>Ailing Zairean President Mobutu Sese Seko may return to his country from France later this week but there are no definitive plans for him to do so, an official close to his entourage said on Sunday.</p>
<p>&quot;He is definitely not going back tomorrow. He may leave later in the week but nothing is certain,&quot; the official told Reuters.  </p>
<p>&quot;If anything is decided we will only know in the 12 hours preceding his return,&quot; the official said.</p>
<p>He spoke after Tutsi-led rebels captured Kisangani, Zaire's third largest city, apparently without a fight, as Mobutu's notoriously ill-disciplined troops fled the city after looting it.</p>
<p>Mobutu has spent most of his time in Europe since undergoing an operation for prostate cancer in August.</p>
<p>The official who spoke to Reuters said Mobutu was &quot;feeling better.</p>
</text>
<copyright>(c) Reuters Limited 1997</copyright>
<metadata>
<codes class="bip:countries:1.0">
  <code code="FRA">
    <editdetail attribution="Reuters BIP Coding Group" action="confirmed" date="1997-03-16"/>
  </code>
  <code code="ZAIRE">
    <editdetail attribution="Reuters BIP Coding Group" action="confirmed" date="1997-03-16"/>
  </code>
</codes>
<codes class="bip:topics:1.0">
  <code code="GCAT">
    <editdetail attribution="Reuters BIP Coding Group" action="confirmed" date="1997-03-16"/>
  </code>
  <code code="GPOL">
    <editdetail attribution="Reuters BIP Coding Group" action="confirmed" date="1997-03-16"/>
  </code>
</codes>
<dc element="dc.date.created" value="1997-03-16"/>
<dc element="dc.publisher" value="Reuters Holdings Plc"/>
<dc element="dc.date.published" value="1997-03-16"/>
<dc element="dc.source" value="Reuters"/>
<dc element="dc.creator.location" value="PARIS"/>
<dc element="dc.creator.location.country.name" value="FRANCE"/>
<dc element="dc.source" value="Reuters"/>
</metadata>
</newsitem>
