<?xml version="1.0" encoding="iso-8859-1" ?>
<newsitem itemid="445832" id="root" date="1997-03-16" xml:lang="en">
<title>FRANCE: Pons sees French 1997 growth near 2.4-2.5 pct.</title>
<headline>Pons sees French 1997 growth near 2.4-2.5 pct.</headline>
<dateline>PARIS 1997-03-16</dateline>
<text>
<p>French transport Minister Bernard Pons said on Sunday that economic growth in France would reach 2.4-2.5 percent in 1997.</p>
<p>But he said this may not be enough to substantially boost jobs.</p>
<p>&quot;In 1997 growth will be totally different from growth in 1996. We will have growth of around 2.4-2.5 percent. But this will still not be sufficient to allow for very large job creations,&quot; Pons told RTL radio.</p>
<p>French Finance Minister Jean Arthuis said earlier this week that economic growth in France and Germany would be about 2.5 percent in 1997.</p>
<p>Arthuis made the forecast after meeting with German Finance Minister Theo Waigel and the central bank heads of France and Germany in Lyon.</p>
<p>In February Arthuis had said he considered the government's official forecast of a 2.3 percent gross domestic product growth for 1997 to be a minimum threshold. French economic growth was 1.3 percent in 1996.</p>
<p>-- Paris newsroom +331 4221 5432</p>
</text>
<copyright>(c) Reuters Limited 1997</copyright>
<metadata>
<codes class="bip:countries:1.0">
  <code code="FRA">
    <editdetail attribution="Reuters BIP Coding Group" action="confirmed" date="1997-03-16"/>
  </code>
</codes>
<codes class="bip:topics:1.0">
  <code code="E11">
    <editdetail attribution="Reuters BIP Coding Group" action="confirmed" date="1997-03-16"/>
  </code>
  <code code="ECAT">
    <editdetail attribution="Reuters BIP Coding Group" action="confirmed" date="1997-03-16"/>
  </code>
</codes>
<dc element="dc.date.created" value="1997-03-16"/>
<dc element="dc.publisher" value="Reuters Holdings Plc"/>
<dc element="dc.date.published" value="1997-03-16"/>
<dc element="dc.source" value="Reuters"/>
<dc element="dc.creator.location" value="PARIS"/>
<dc element="dc.creator.location.country.name" value="FRANCE"/>
<dc element="dc.source" value="Reuters"/>
</metadata>
</newsitem>
