<?xml version="1.0" encoding="iso-8859-1" ?>
<newsitem itemid="445843" id="root" date="1997-03-16" xml:lang="en">
<title>GERMANY: Stoiber says does not want to be German chancellor.</title>
<headline>Stoiber says does not want to be German chancellor.</headline>
<dateline>MUNICH, Germany 1997-03-16</dateline>
<text>
<p>Bavarian premier Edmund Stoiber said he will not put himself forward as a candidate for the German chancellorship in next year's general election, a newspaper reported on Sunday.</p>
<p>In a release ahead of publication on Monday, Munich's Sueddeutschen Zeitung daily said Stoiber wanted to end the &quot;senseless speculation&quot; about whether he wanted to stand.</p>
<p>Stoiber said he had fulfilled his career goals in his position as premier of the southern state of Bavaria.</p>
<p>Stoiber had been seen as second favourite to succeed Chancellor Helmut Kohl, after Kohl's closest aide Wolfgang Schauble and ahead of Defence Minister Volker Ruehe.</p>
<p>Kohl, who has been in power for 14 years, has promised to decide whether to stand again after a European Union summit in June.</p>
<p>A recent poll in the weekly Der Spiegel said 40 percent of Germans saw Schaeuble as the best conservative successor to Kohl, with 24 percent for Stoiber and 14 percent for Ruehe.</p>
<p>Stoiber's chancellery credentials stemmed from his success in dragging Bavaria's Christian Social Union (CSU), sister party of Kohl's Christian Democrats (CDU), out of a mire of corruption scandals and shoring up a conservative majority in Germany's biggest state.</p>
<p>He had also played to ordinary German fears of a single currency by making himself the most prominent conservative critic of European monetary union.</p>
</text>
<copyright>(c) Reuters Limited 1997</copyright>
<metadata>
<codes class="bip:countries:1.0">
  <code code="GFR">
    <editdetail attribution="Reuters BIP Coding Group" action="confirmed" date="1997-03-16"/>
  </code>
</codes>
<codes class="bip:topics:1.0">
  <code code="GCAT">
    <editdetail attribution="Reuters BIP Coding Group" action="confirmed" date="1997-03-16"/>
  </code>
  <code code="GPOL">
    <editdetail attribution="Reuters BIP Coding Group" action="confirmed" date="1997-03-16"/>
  </code>
  <code code="GVOTE">
    <editdetail attribution="Reuters BIP Coding Group" action="confirmed" date="1997-03-16"/>
  </code>
</codes>
<dc element="dc.date.created" value="1997-03-16"/>
<dc element="dc.publisher" value="Reuters Holdings Plc"/>
<dc element="dc.date.published" value="1997-03-16"/>
<dc element="dc.source" value="Reuters"/>
<dc element="dc.creator.location" value="MUNICH, Germany"/>
<dc element="dc.creator.location.country.name" value="GERMANY"/>
<dc element="dc.source" value="Reuters"/>
</metadata>
</newsitem>
