<?xml version="1.0" encoding="iso-8859-1" ?>
<newsitem itemid="445839" id="root" date="1997-03-16" xml:lang="en">
<title>NETHERLANDS: EU calls for tighter rules on business closures.</title>
<headline>EU calls for tighter rules on business closures.</headline>
<dateline>ROTTERDAM 1997-03-16</dateline>
<text>
<p>The social affairs ministers of the 15 European Union member countries called for a clear code of conduct governing business closures in a statement released on Sunday.</p>
<p>The statement followed an informal social affairs ministers' gathering over the weekend in Rotterdam, hosted by the Netherlands which currently holds the presidency of the EU.</p>
<p>&quot;The ministers called for a code of conduct which should ensure a period of consultation and information whenever a business wants to shut down,&quot; a spokesman for the Dutch social affairs ministry said.</p>
<p>&quot;They wanted the governments to strengthen their national laws so that it's impossible that what happened to Renault (in Belgium) can happen again,&quot; he said.</p>
<p>French automotive giant Renault stunned Belgium two weeks ago with its decision to close its profitable Vilvoorde plant near Brussels with the loss of 3,100 jobs.</p>
<p>Tens of thousands of demonstrators flooded into central Brussels on Sunday to protest against the move.</p>
<p>&quot;Restructuring is naturally a continuous process, but the manner in which it is carried out is of great importance,&quot; a statement issued after the informal meeting said.</p>
<p>&quot;Information and consultation are essential conditions for social acceptance of restructuring. The involvement of workers is most important in such far-reaching changes,&quot; it said.</p>
</text>
<copyright>(c) Reuters Limited 1997</copyright>
<metadata>
<codes class="bip:countries:1.0">
  <code code="EEC">
    <editdetail attribution="Reuters BIP Coding Group" action="confirmed" date="1997-03-16"/>
  </code>
  <code code="NETH">
    <editdetail attribution="Reuters BIP Coding Group" action="confirmed" date="1997-03-16"/>
  </code>
</codes>
<codes class="bip:topics:1.0">
  <code code="C13">
    <editdetail attribution="Reuters BIP Coding Group" action="confirmed" date="1997-03-16"/>
  </code>
  <code code="CCAT">
    <editdetail attribution="Reuters BIP Coding Group" action="confirmed" date="1997-03-16"/>
  </code>
  <code code="G15">
    <editdetail attribution="Reuters BIP Coding Group" action="confirmed" date="1997-03-16"/>
  </code>
  <code code="G152">
    <editdetail attribution="Reuters BIP Coding Group" action="confirmed" date="1997-03-16"/>
  </code>
  <code code="GCAT">
    <editdetail attribution="Reuters BIP Coding Group" action="confirmed" date="1997-03-16"/>
  </code>
</codes>
<dc element="dc.date.created" value="1997-03-16"/>
<dc element="dc.publisher" value="Reuters Holdings Plc"/>
<dc element="dc.date.published" value="1997-03-16"/>
<dc element="dc.source" value="Reuters"/>
<dc element="dc.creator.location" value="ROTTERDAM"/>
<dc element="dc.creator.location.country.name" value="NETHERLANDS"/>
<dc element="dc.source" value="Reuters"/>
</metadata>
</newsitem>
