<?xml version="1.0" encoding="iso-8859-1" ?>
<newsitem itemid="445806" id="root" date="1997-03-16" xml:lang="en">
<title>USA: Clinton-Yeltsin meeting delayed one day.</title>
<headline>Clinton-Yeltsin meeting delayed one day.</headline>
<byline>Gene Gibbons</byline>
<dateline>WASHINGTON 1997-03-16</dateline>
<text>
<p>President Bill Clinton and Russian President Boris Yeltsin will delay a Helsinki summit by one day this week to give Clinton more time to recuperate from emergency knee surgery, the White House said on Sunday.</p>
<p>Spokesman David Johnson said the postponement was worked out by Clinton and Yeltsin aides &quot;over last night and this morning&quot; to give the U.S. president &quot;another day to get ready&quot; for his talks with Yeltsin on NATO expansion and other issues.</p>
<p>&quot;In order to provide the president with an additional day to recuperate, President Clinton and President Yeltsin have agreed to delay the start of the summit in Helsinki by one day,&quot; Johnson said.</p>
<p>Clinton, who was discharged from Bethesda National Navy Medical Centre just before midday on Sunday, will leave Washington late on Wednesday March 19 and arrive in Helsinki midday Thursday for two days of talks with the Russian leader.</p>
<p>A Clinton visit to Denmark that had been planned for after the summit will be rescheduled for July, Johnson said.</p>
<p>On Saturday, the White House had said there had been no discussion of delaying or significantly altering Clinton's plans for the summit with Yeltsin, whose own health has been more of a concern than that of Clinton's.</p>
<p>&quot;We took a look at the schedule and just decided it would be better to delay it by one day,&quot; Johnson said.</p>
<p>Clinton tore a tendon in his right knee in a accident on Friday when he lost his footing on a step at the Florida home of Australian golf professional Greg Norman. He underwent surgery the same day.</p>
<p>The two presidents were to start their summit with a working dinner in the Finnish capital and hold the bulk of their talks the next day at the secluded seaside residence of Finnish President Martti Ahtisaari.</p>
<p>Johnson said that the previously announced schedule would remain essentially the same. &quot;There might be some trimming here and adding there, but it's essentially the same schedule,&quot; he said.</p>
<p>In addition to NATO expansion, Clinton and Yeltsin were to focus on arms control and Russia's transformation to a market economy.</p>
<p>A U.S. official said Clinton would pass along U.S. ideas for structural and legal reforms in Russia &quot;which would allow for greater capital formation and encourage more outside investment.&quot;</p>
<p>Asked how Clinton would try to overcome Yeltsin's fears of encirclement by NATO's enlargement eastward, the official said the U.S. president would argue that NATO &quot;is not an encircling alliance but a cooperative infrastructure and that Russia too can take advantage of it to provide stability in Europe.&quot;</p>
<p>He said Clinton would also offer ideas about how foreign assistance to Russia can be more effective and perhaps offer Yeltsin &quot;some new money&quot; to combat corruption and improve regulation of Russian financial markets.</p>
</text>
<copyright>(c) Reuters Limited 1997</copyright>
<metadata>
<codes class="bip:countries:1.0">
  <code code="FIN">
    <editdetail attribution="Reuters BIP Coding Group" action="confirmed" date="1997-03-16"/>
  </code>
  <code code="NATO">
    <editdetail attribution="Reuters BIP Coding Group" action="confirmed" date="1997-03-16"/>
  </code>
  <code code="RUSS">
    <editdetail attribution="Reuters BIP Coding Group" action="confirmed" date="1997-03-16"/>
  </code>
  <code code="USA">
    <editdetail attribution="Reuters BIP Coding Group" action="confirmed" date="1997-03-16"/>
  </code>
</codes>
<codes class="bip:topics:1.0">
  <code code="GCAT">
    <editdetail attribution="Reuters BIP Coding Group" action="confirmed" date="1997-03-16"/>
  </code>
  <code code="GDIP">
    <editdetail attribution="Reuters BIP Coding Group" action="confirmed" date="1997-03-16"/>
  </code>
</codes>
<dc element="dc.date.created" value="1997-03-16"/>
<dc element="dc.publisher" value="Reuters Holdings Plc"/>
<dc element="dc.date.published" value="1997-03-16"/>
<dc element="dc.source" value="Reuters"/>
<dc element="dc.creator.location" value="WASHINGTON"/>
<dc element="dc.creator.location.country.name" value="USA"/>
<dc element="dc.source" value="Reuters"/>
</metadata>
</newsitem>
