<?xml version="1.0" encoding="iso-8859-1" ?>
<newsitem itemid="445817" id="root" date="1997-03-16" xml:lang="en">
<title>FRANCE: Zaire's Mobutu taken to hospital again.</title>
<headline>Zaire's Mobutu taken to hospital again.</headline>
<dateline>NICE, France 1997-03-16</dateline>
<text>
<p>Zaire President Mobutu Sese Seko, whose army has lost his country's third largest city to rebels, was admitted to a hospital in Monte Carlo on Sunday for further cancer treatment, an aide said.</p>
<p>&quot;It is only treatment and the president is well,&quot; a spokesman at Mobutu's French Riviera villa told Reuters by telephone.</p>
<p>He said Mobutu would spend the night at Princess Grace hospital in the principality of Monaco and he might be there a few days, but his condition was &quot;no cause for concern&quot;.</p>
<p>The veteran ruler has spent much of his time at his luxury home in Roquebrune-Cap Martin since he underwent prostate cancer surgery in Switzerland last August.</p>
<p>He came back to France on February 21 and had been due to return to Zaire last week, according to his son and spokesman Mobutu Nzanga, but his departure was delayed, apparently for medical reasons.</p>
<p>Tutsi rebels led by Laurent Kabila captured the strategic city of Kisangani on the Zaire river on Saturday, completing their sweep of eastern Zaire as government troops looted the city and fled virtually without a fight.</p>
</text>
<copyright>(c) Reuters Limited 1997</copyright>
<metadata>
<codes class="bip:countries:1.0">
  <code code="FRA">
    <editdetail attribution="Reuters BIP Coding Group" action="confirmed" date="1997-03-16"/>
  </code>
  <code code="MONAC">
    <editdetail attribution="Reuters BIP Coding Group" action="confirmed" date="1997-03-16"/>
  </code>
  <code code="ZAIRE">
    <editdetail attribution="Reuters BIP Coding Group" action="confirmed" date="1997-03-16"/>
  </code>
</codes>
<codes class="bip:topics:1.0">
  <code code="GCAT">
    <editdetail attribution="Reuters BIP Coding Group" action="confirmed" date="1997-03-16"/>
  </code>
  <code code="GPOL">
    <editdetail attribution="Reuters BIP Coding Group" action="confirmed" date="1997-03-16"/>
  </code>
  <code code="GPRO">
    <editdetail attribution="Reuters BIP Coding Group" action="confirmed" date="1997-03-16"/>
  </code>
</codes>
<dc element="dc.date.created" value="1997-03-16"/>
<dc element="dc.publisher" value="Reuters Holdings Plc"/>
<dc element="dc.date.published" value="1997-03-16"/>
<dc element="dc.source" value="Reuters"/>
<dc element="dc.creator.location" value="NICE, France"/>
<dc element="dc.creator.location.country.name" value="FRANCE"/>
<dc element="dc.source" value="Reuters"/>
</metadata>
</newsitem>
