<?xml version="1.0" encoding="iso-8859-1" ?>
<newsitem itemid="445822" id="root" date="1997-03-16" xml:lang="en">
<title>FRANCE: Algerian forces kill over 50 guerrillas - reports.</title>
<headline>Algerian forces kill over 50 guerrillas - reports.</headline>
<dateline>PARIS 1997-03-16</dateline>
<text>
<p>Algerian security forces have killed at least 53 Moslem guerrillas in two separate strikes on their strongholds in Algiers and the western province of Relizane, Algerian residents and a newspaper said on Sunday.</p>
<p>Government forces killed 43 Moslem guerrillas on Saturday at the end a three day search operation in Relizane province, some 300 km (180 miles) south of Algiers, said the Algerian evening newspaper Le Soir d'Algerie.</p>
<p>Those killed belonged to Algeria's ruthless guerrilla faction, the Armed Islamic Group (GIA), and until recently had been led by Kada Bencheiha, the group's western region local commander, said the newspaper.</p>
<p>Bencheiha was shot dead three months ago by the security forces, it added.</p>
<p>Le Soir d'Algerie said the security forces recovered 12 assault rifles, seven sawn-off shotguns, ammunition and homemade bombs.</p>
<p>In the Algerian capital, security forces backed by crack army troops killed at least 10 Moslem rebels in a 12-hour-siege in the Algiers Casbah, a rebel bastion in the old centre of the capital, residents said.</p>
<p>The security forces ringed the Casbah neighbourhood shortly after Moslem guerrillas shot dead three policemen in Algiers on Saturday and fled into the area's narrow streets.</p>
<p>&quot;The siege started at about 11.30 a.m. (1030 GMT) on Saturday before being lifted at about midnight (2300 GMT),&quot; said one resident.</p>
<p>The security forces closed off the area to stop civilians being caught in the crossfire, he said.</p>
<p>The authorities have made no comment on the violence.</p>
<p>Residents said security forces were out in force recently, hunting down guerrillas ahead of the June 5 parliamentary elections.</p>
<p>Last month, security forces fired rockets into one rebel hideout, killing eight people inside. The authorities suspected them of killing Algeria's top union leader Abdelhak Benhamouda on January 28.</p>
<p>President Liamine Zeroual has promised politicians the government will ensure security for the poll.</p>
<p>About 60,000 people have been killed in Algeria's violence since early 1992 when the authorities cancelled a general election in which radical Islamists had taken a huge lead.</p>
</text>
<copyright>(c) Reuters Limited 1997</copyright>
<metadata>
<codes class="bip:countries:1.0">
  <code code="ALG">
    <editdetail attribution="Reuters BIP Coding Group" action="confirmed" date="1997-03-16"/>
  </code>
</codes>
<codes class="bip:topics:1.0">
  <code code="GCAT">
    <editdetail attribution="Reuters BIP Coding Group" action="confirmed" date="1997-03-16"/>
  </code>
  <code code="GVIO">
    <editdetail attribution="Reuters BIP Coding Group" action="confirmed" date="1997-03-16"/>
  </code>
</codes>
<dc element="dc.date.created" value="1997-03-16"/>
<dc element="dc.publisher" value="Reuters Holdings Plc"/>
<dc element="dc.date.published" value="1997-03-16"/>
<dc element="dc.source" value="Reuters"/>
<dc element="dc.creator.location" value="PARIS"/>
<dc element="dc.creator.location.country.name" value="FRANCE"/>
<dc element="dc.source" value="Reuters"/>
</metadata>
</newsitem>
