<?xml version="1.0" encoding="iso-8859-1" ?>
<newsitem itemid="445845" id="root" date="1997-03-16" xml:lang="en">
<title>ITALY: Italy, hit by exodus, urges Albanians to stay home.</title>
<headline>Italy, hit by exodus, urges Albanians to stay home.</headline>
<byline>Philip Pullella</byline>
<dateline>BRINDISI, Italy 1997-03-16</dateline>
<text>
<p>Italy, struggling to cope with an exodus of Albanians fleeing violence at home, said on Sunday that Europe was committed to efforts to rebuild the Balkan state and stem the tide of refugees.</p>
<p>&quot;The crisis will not be resolved by fleeing but by the rebuilding of Albania... Europe will provide the material conditions for this to happen,&quot; Prime Minister Romano Prodi told reporters on a flying visit to the southern port of Brindisi.</p>
<p>&quot;This is an emergency situation and the objective is (to convince Albanians) to stay in their homeland.&quot;</p>
<p>Prodi said that an EU mission scheduled to visit Tirana on Monday would seek to restore civil order.</p>
<p>Thousands of terrified Albanian refugees have crossed the Adriatic in recent days in an array of old boats to escape the violence engulfing much of their impoverished country.</p>
<p>&quot;We travelled with our hearts in our mouths,&quot; said 19-year-old student Kulluri Bardyhxl after he was pulled off one overcrowded ship. Despite sunny weather, coastguards said rough seas appeared to have slowed the pace of arrivals.</p>
<p>The foreign ministry said Albania had asked for a meeting between Prime Minister Bashkim Fino and the European Union to review the situation and said it could take place on March 24, when EU foreign ministers are due to meet in Brussels.</p>
<p>The EU, meeting in the Netherlands at the weekend, said it would send military and police advisers but ruled out military intervention to end the chaos that has swept Albania following the failure in January of fraudulent savings schemes.</p>
<p>The EU mission, led by Dutch diplomat Jan Comte de Marchant et d'Ansembourg with representatives from the Netherlands, Greece, Italy, the European Commission and the Organisation for Security and Cooperation in Europe (OSCE), was due to meet in Rome for talks on Monday morning before leaving for Tirana, an Italian foreign ministry spokesman said.</p>
<p>Some 1,600 Albanians crossed in choppy conditions on Saturday night and Sunday morning, including 858 crammed onto a rusting ship who were rescued by coastguards in a dramatic seven-hour operation after their vessel ran aground.</p>
<p>Refugees have been moved to hastily-organised &quot;hospitality centres&quot; set up in schools, offices and barracks and the mayor of Brindisi, Lorenzo Maggi, said his city was being overwhelmed.</p>
<p>&quot;We were ready to accept a more modest-sized exodus. Today the phenomenon is taking on Biblical proportions,&quot; he said.</p>
<p>He warned of health and other problems if the exodus continued unabated. &quot;These people are desperate and without hope and they could fall into the clutches of organised crime.&quot;</p>
<p>A small protest broke at one centre in Brindisi but officials said calm had been restored and some 250 refugees, each carrying plastic bags full of food, were packed onto buses and taken to other destinations to ease the overcrowding.</p>
</text>
<copyright>(c) Reuters Limited 1997</copyright>
<metadata>
<codes class="bip:countries:1.0">
  <code code="ALB">
    <editdetail attribution="Reuters BIP Coding Group" action="confirmed" date="1997-03-16"/>
  </code>
  <code code="ITALY">
    <editdetail attribution="Reuters BIP Coding Group" action="confirmed" date="1997-03-16"/>
  </code>
</codes>
<codes class="bip:topics:1.0">
  <code code="GCAT">
    <editdetail attribution="Reuters BIP Coding Group" action="confirmed" date="1997-03-16"/>
  </code>
  <code code="GDIP">
    <editdetail attribution="Reuters BIP Coding Group" action="confirmed" date="1997-03-16"/>
  </code>
  <code code="GVIO">
    <editdetail attribution="Reuters BIP Coding Group" action="confirmed" date="1997-03-16"/>
  </code>
</codes>
<dc element="dc.date.created" value="1997-03-16"/>
<dc element="dc.publisher" value="Reuters Holdings Plc"/>
<dc element="dc.date.published" value="1997-03-16"/>
<dc element="dc.source" value="Reuters"/>
<dc element="dc.creator.location" value="BRINDISI, Italy"/>
<dc element="dc.creator.location.country.name" value="ITALY"/>
<dc element="dc.source" value="Reuters"/>
</metadata>
</newsitem>
