<?xml version="1.0" encoding="iso-8859-1" ?>
<newsitem itemid="445829" id="root" date="1997-03-16" xml:lang="en">
<title>ITALY: Italy rescues 858 Albanians from grounded ship.</title>
<headline>Italy rescues 858 Albanians from grounded ship.</headline>
<dateline>BRINDISI, Italy 1997-03-16</dateline>
<text>
<p>Italian coastguards said on Sunday they had rescued 858 Albanian refugees, including a heavily pregnant woman and a new-born baby, from a ship that ran aground off the port of Brindisi.</p>
<p>Another 317 Albanians fleeing the anarchy in the Balkan state arrived during the night at the larger Italian port of Bari further to the north on three fishing boats.</p>
<p>A Reuter correspondent who watched the all-night rescue operation in Brindisi from one of several coastguard vessels alongside said the Albanian navy patrol ship's deck was heaving with people. Some were waving white flags.</p>
<p>The ancient patrol boat, carrying the number F324, ran aground several hundred metres off the shore in shallow water within sight of a petrochemical complex as it was being escorted into port after crossing the Adriatic sea.</p>
<p>Coastguards in the southern port said that four of their ships, a navy patrol boat and other smaller vessels worked throughout the night in ferrying the refugees from the ship to harbour in seas that grew rough as the hours passed.</p>
<p>The operation was completed after daybreak on Sunday and the Albanians given medical treatment and food.</p>
<p>An Italian helicopter had hovered over the ship with a searchlight scanning the sea, in case any of the Albanians had jumped in, but there were no reports of casualties.</p>
<p>&quot;The crews were excellent. Working in that sea to save all those people, and in the shallows, and without anyone being injured, was exceptional,&quot; said Giovanni Biso, the chief of the Brindisi coastguard operations.</p>
<p>&quot;They were piled one on top of each other, on a boat no longer than 50 metres and this increased the risks of the rescue,&quot; he told reporters in Brindisi.</p>
<p>&quot;Fortunately now the seas are picking up and we hope that maybe that will be enough to halt the exodus.&quot;</p>
<p>Thousands of Albanians have been streaming across the Adriatic sea in a ramshackle fleet of decrepit boats since violence broke out in the country this month.</p>
<p>Italy has said the refugees will be given political asylum but will be repatriated once the anarchy subsided.</p>
</text>
<copyright>(c) Reuters Limited 1997</copyright>
<metadata>
<codes class="bip:countries:1.0">
  <code code="ALB">
    <editdetail attribution="Reuters BIP Coding Group" action="confirmed" date="1997-03-16"/>
  </code>
  <code code="ITALY">
    <editdetail attribution="Reuters BIP Coding Group" action="confirmed" date="1997-03-16"/>
  </code>
</codes>
<codes class="bip:topics:1.0">
  <code code="GCAT">
    <editdetail attribution="Reuters BIP Coding Group" action="confirmed" date="1997-03-16"/>
  </code>
  <code code="GDIP">
    <editdetail attribution="Reuters BIP Coding Group" action="confirmed" date="1997-03-16"/>
  </code>
  <code code="GVIO">
    <editdetail attribution="Reuters BIP Coding Group" action="confirmed" date="1997-03-16"/>
  </code>
</codes>
<dc element="dc.date.created" value="1997-03-16"/>
<dc element="dc.publisher" value="Reuters Holdings Plc"/>
<dc element="dc.date.published" value="1997-03-16"/>
<dc element="dc.source" value="Reuters"/>
<dc element="dc.creator.location" value="BRINDISI, Italy"/>
<dc element="dc.creator.location.country.name" value="ITALY"/>
<dc element="dc.source" value="Reuters"/>
</metadata>
</newsitem>
