<?xml version="1.0" encoding="iso-8859-1" ?>
<newsitem itemid="445844" id="root" date="1997-03-16" xml:lang="en">
<title>GERMANY: Germany pays tribute to gypsy Holocaust victims.</title>
<headline>Germany pays tribute to gypsy Holocaust victims.</headline>
<dateline>HEIDELBERG, Germany 1997-03-16</dateline>
<text>
<p>German President Roman Herzog on Sunday paid tribute to the often forgotten victims of the Nazis -- the Sinti and Roma gypsy community.</p>
<p>Opening an exhibit on the genocide of gypsies, Herzog said: &quot;Along with our Jewish population, you, the Sinti and Roma community, shared the terrible experience of persecution and genocide during the rule of National Socialism,&quot; Herzog said.</p>
<p>&quot;The exhibition, which we are opening today, shows how long-running discrimination ended in persecution and murder.&quot;</p>
<p>The exhibit is part of a new cultural centre supported by a grant of 10 million marks from the German government.</p>
<p>&quot;The centre should be a bridge to the present and make visible the many contributions of the Sinti and Roma community to German culture,&quot; said Romani Rose, leader of Germany's Sinti and Roma community.</p>
<p>Between 1933 and 1945, half a million gypsies were mudered across Europe, including some 20,000 German gypsies.</p>
<p>Parliament President Rita Suessmuth said the fact it had taken 52 years after the end of the Nazi dictatorship to open the centre, reflected how long it had taken the country to recognise the crimes that had been committed against gypsies.</p>
<p>Herzog rejected the theory that gypsies had only been caught up in the Holocaust by chance. &quot;Hitler himself ordered the deportation of all Sinti and Roma to concentration camps.&quot;</p>
<p>He said the genocide of gypsies was pushed through out of the same racist motives and with the same intention of a planned and final annihilation as that of the Jews.</p>
<p>Herzog welcomed concentration camp survivors in particular to the event. &quot;If the victims have a lesson for the present, then its is a warning against indifference, self-satisfaction and narrowness,&quot; he said.</p>
<p>But Herzog said Germany had still not shaken off all its prejudices about gypsies. &quot;Today we are still not at our goal.&quot;</p>
<p>In February German gypsies complained to the European Commission of Human Rights in Strasbourg about a local court ruling which declared them unfit to sub-let apartments.</p>
<p>A court in the western city of Bochum had ruled that gypsies were in general &quot;not appropriate as sub-tenants of an apartment&quot; because they were &quot;a population group which largely has no fixed abode&quot;.</p>
<p>Rose said at the time it was important to have the &quot;scandalous judgment&quot; overturned, saying it was reminiscent of persecution of the gypsies under the Nazis.</p>
</text>
<copyright>(c) Reuters Limited 1997</copyright>
<metadata>
<codes class="bip:countries:1.0">
  <code code="GFR">
    <editdetail attribution="Reuters BIP Coding Group" action="confirmed" date="1997-03-16"/>
  </code>
</codes>
<codes class="bip:topics:1.0">
  <code code="GCAT">
    <editdetail attribution="Reuters BIP Coding Group" action="confirmed" date="1997-03-16"/>
  </code>
  <code code="GVIO">
    <editdetail attribution="Reuters BIP Coding Group" action="confirmed" date="1997-03-16"/>
  </code>
</codes>
<dc element="dc.date.created" value="1997-03-16"/>
<dc element="dc.publisher" value="Reuters Holdings Plc"/>
<dc element="dc.date.published" value="1997-03-16"/>
<dc element="dc.source" value="Reuters"/>
<dc element="dc.creator.location" value="HEIDELBERG, Germany"/>
<dc element="dc.creator.location.country.name" value="GERMANY"/>
<dc element="dc.source" value="Reuters"/>
</metadata>
</newsitem>
