<?xml version="1.0" encoding="iso-8859-1" ?>
<newsitem itemid="445816" id="root" date="1997-03-16" xml:lang="en">
<title>USA: New Mexico cracks down on drug trafficking.</title>
<headline>New Mexico cracks down on drug trafficking.</headline>
<dateline>DEMING, N.M. 1997-03-15</dateline>
<text>
<p>The U.S. Border Patrol and New Mexico state police on Saturday announced stepped-up patrols along the Mexico-New Mexico border aimed at reducing illegal immigration and narcotics-trafficking in the region.</p>
<p>New Mexico has experienced a 50 percent increase in drug-trafficking and a 60 percent increase in illegal immigration in the past few years since Texas, Arizona and California started cracking down along their borders with Mexico, officials said.</p>
<p>&quot;We need to let everyone know that this region of the country is not a thoroughfare,&quot; U.S. Border Patrol Assistant Chief Robert Saenz said.</p>
<p>Under the new programme, code-named &quot;Operation High Point,&quot; agents will be positioned every quarter-mile (.4 km) along a critical 10-mile (16 km) stretch of New Mexico's southern border with Mexico. Agents also will increase patrols along other sections of the border on foot, in cars and on horseback.</p>
<p>During a trial run over the past two weeks, drug seizures increased 104 percent and the capture of illegal immigrants went up 59 percent, officials said.</p>
<p>Deming Police Chief Mike Carillo said they also noticed a decline in violent crime, which has escalated recently as New Mexico became a gateway for drug-traffickers moving marijuana and cocaine across the border from Mexico.</p>
</text>
<copyright>(c) Reuters Limited 1997</copyright>
<metadata>
<codes class="bip:countries:1.0">
  <code code="MEX">
    <editdetail attribution="Reuters BIP Coding Group" action="confirmed" date="1997-03-16"/>
  </code>
  <code code="USA">
    <editdetail attribution="Reuters BIP Coding Group" action="confirmed" date="1997-03-16"/>
  </code>
</codes>
<codes class="bip:topics:1.0">
  <code code="GCAT">
    <editdetail attribution="Reuters BIP Coding Group" action="confirmed" date="1997-03-16"/>
  </code>
  <code code="GCRIM">
    <editdetail attribution="Reuters BIP Coding Group" action="confirmed" date="1997-03-16"/>
  </code>
  <code code="GDIP">
    <editdetail attribution="Reuters BIP Coding Group" action="confirmed" date="1997-03-16"/>
  </code>
</codes>
<dc element="dc.date.created" value="1997-03-15"/>
<dc element="dc.publisher" value="Reuters Holdings Plc"/>
<dc element="dc.date.published" value="1997-03-16"/>
<dc element="dc.source" value="Reuters"/>
<dc element="dc.creator.location" value="DEMING, N.M."/>
<dc element="dc.creator.location.country.name" value="USA"/>
<dc element="dc.source" value="Reuters"/>
</metadata>
</newsitem>
