<?xml version="1.0" encoding="iso-8859-1" ?>
<newsitem itemid="445809" id="root" date="1997-03-16" xml:lang="en">
<title>USA: California police find 30 foetuses in boxes.</title>
<headline>California police find 30 foetuses in boxes.</headline>
<dateline>LOS ANGELES 1997-03-15</dateline>
<text>
<p>Police in San Bernardino, California on Saturday were investigating how five cardboard boxes containing human foetuses ended up in a field near a highway.</p>
<p>A spokesman for the San Bernardino sheriff's department said the boxes were found on Friday night by two children playing in a field. The unmarked boxes, each containing six foetuses, were sealed with duct tape. Each foetus was stored in a sterilised, plastic container.</p>
<p>Investigators were focusing on the possibility the boxes came from an abortion clinic. However, it was not known if the boxes were left in the field by accident or dropped there deliberately. The field was about 35 miles (50 km) east of Los Angeles.</p>
<p>Police said the children found the first box on Friday afternoon. One of the children told a parent, who called police. When investigators arrived on the scene they found four more boxes.</p>
</text>
<copyright>(c) Reuters Limited 1997</copyright>
<metadata>
<codes class="bip:countries:1.0">
  <code code="USA">
    <editdetail attribution="Reuters BIP Coding Group" action="confirmed" date="1997-03-16"/>
  </code>
</codes>
<codes class="bip:topics:1.0">
  <code code="GCAT">
    <editdetail attribution="Reuters BIP Coding Group" action="confirmed" date="1997-03-16"/>
  </code>
  <code code="GCRIM">
    <editdetail attribution="Reuters BIP Coding Group" action="confirmed" date="1997-03-16"/>
  </code>
</codes>
<dc element="dc.date.created" value="1997-03-15"/>
<dc element="dc.publisher" value="Reuters Holdings Plc"/>
<dc element="dc.date.published" value="1997-03-16"/>
<dc element="dc.source" value="Reuters"/>
<dc element="dc.creator.location" value="LOS ANGELES"/>
<dc element="dc.creator.location.country.name" value="USA"/>
<dc element="dc.source" value="Reuters"/>
</metadata>
</newsitem>
