<?xml version="1.0" encoding="iso-8859-1" ?>
<newsitem itemid="445833" id="root" date="1997-03-16" xml:lang="en">
<title>REPUBLIC OF IRELAND: Irish govt studies soldier's Bloody Sunday claim.</title>
<headline>Irish govt studies soldier's Bloody Sunday claim.</headline>
<byline>Andrew Hill</byline>
<dateline>DUBLIN 1997-03-16</dateline>
<text>
<p>A British soldier said in remarks published on Sunday that his platoon was given &quot;shoot to kill&quot; orders on the eve of &quot;Bloody Sunday,&quot; when 13 unarmed Northern Ireland demonstrators were killed by army gunfire.</p>
<p>The unnamed soldier told the Sunday Business Post in direct contradiction of official accounts of the 1972 shooting that none of the demonstrators he saw was armed and some of his colleagues continued to shoot at them after a ceasefire order.</p>
<p>Irish Foreign Minister Dick Spring said the government was studying the soldier's statement before deciding whether to present it to Britain as part of Dublin's efforts to secure a new investigation into the shooting.</p>
<p>&quot;Any new evidence has to be examined very thoroughly and this is what we are doing at the moment,&quot; Spring told reporters.</p>
<p>The Buisness Post report was believed to be the first published recollection by one of the British soldiers who opened fire on civil rights demonstrators in Londonderry on January 30, 1972.</p>
<p>His statement directly contradicted the official army and British government version of the day's events and was seen as further ammunition for relatives of the dead who want an official British apology for the killings.</p>
<p>An official 1972 investigation by the Chief Justice, Lord Widgery, exonerated the paratroopers of blame accepting that they believed they were under fire from Irish Republican Army (IRA) gunmen fighting British rule.</p>
<p>The soldier said a British official tore up the evidence he had planned to give to the Widgery tribunal and he was given another statement &quot;which bore no relation to the facts&quot; to provide to the investigation.</p>
<p>The demonstration, in support of civil rights grievances by Northern Ireland's 40 percent Catholic minority, was a turning point in Northern Ireland's troubled history and a recruiting coup for the Catholic-backed IRA.</p>
<p>Soldier A, as the newspaper called him, told the Business Post that troops sent to Londondery to quell civil rights demonstrations by Catholic Irish nationalists were told to shoot to kill and ignored orders to stop shooting.</p>
<p>He quoted an officer as telling his platoon: &quot;Let's teach these buggers a lesson - we want some kills tomorrow.&quot;</p>
<p>Soldier A said he saw evidence of &quot;strikes&quot; - a British army expression for shots fired at troops - when his platoon was ordered in to quell one part of the demonstration.</p>
<p>&quot;I raised my rifle and aimed, but on tracking across the people in front of me, could see women and children although the majority were men, all widly shouting but could see no one with a weapon, so I lowered my rifle,&quot; he said.</p>
<p>He said that, after an order to cease fire was given, &quot;blokes were getting in while the going was good as people with gleeful expressions were running up from the rear and elbowing their way through to get into the firing line.&quot;</p>
<p>The British government says Bloody Sunday was a terrible tragedy but it will not re-open investigations unless it receives fresh evidence, which the Irish government is collating from eyewitnesses and academic studies.</p>
<p>Protestant Unionists, who want the province to stay British, say it was only one incident in a 28-year conflict which killed 3,200 people and blame the IRA for Northern Ireland's descent into guerrilla war.</p>
</text>
<copyright>(c) Reuters Limited 1997</copyright>
<metadata>
<codes class="bip:countries:1.0">
  <code code="IRE">
    <editdetail attribution="Reuters BIP Coding Group" action="confirmed" date="1997-03-16"/>
  </code>
  <code code="UK">
    <editdetail attribution="Reuters BIP Coding Group" action="confirmed" date="1997-03-16"/>
  </code>
</codes>
<codes class="bip:topics:1.0">
  <code code="GCAT">
    <editdetail attribution="Reuters BIP Coding Group" action="confirmed" date="1997-03-16"/>
  </code>
  <code code="GDIP">
    <editdetail attribution="Reuters BIP Coding Group" action="confirmed" date="1997-03-16"/>
  </code>
  <code code="GPOL">
    <editdetail attribution="Reuters BIP Coding Group" action="confirmed" date="1997-03-16"/>
  </code>
  <code code="GVIO">
    <editdetail attribution="Reuters BIP Coding Group" action="confirmed" date="1997-03-16"/>
  </code>
</codes>
<dc element="dc.date.created" value="1997-03-16"/>
<dc element="dc.publisher" value="Reuters Holdings Plc"/>
<dc element="dc.date.published" value="1997-03-16"/>
<dc element="dc.source" value="Reuters"/>
<dc element="dc.creator.location" value="DUBLIN"/>
<dc element="dc.creator.location.country.name" value="REPUBLIC OF IRELAND"/>
<dc element="dc.source" value="Reuters"/>
</metadata>
</newsitem>
