<?xml version="1.0" encoding="iso-8859-1" ?>
<newsitem itemid="445827" id="root" date="1997-03-16" xml:lang="en">
<title>VATICAN: Pope urges Albanians to lay down their weapons.</title>
<headline>Pope urges Albanians to lay down their weapons.</headline>
<byline>Jude Webber</byline>
<dateline>VATICAN CITY 1997-03-16</dateline>
<text>
<p>Pope John Paul, who once hailed the bloodless collapse of communist rule in Albania as a miracle, urged Albanians on Sunday to end &quot;destructive violence&quot; and lay down their arms.</p>
<p>He said Europe had a duty to help rebuild the shattered Balkan country, where more than 100 people have been killed as violence sparked by the collapse of shady savings schemes has turned into a lawless revolt against President Sali Berisha.</p>
<p>&quot;For the good of Albania, I urge all those who have taken up arms to lay them down. Destructive violence is definitely not the right way to resolve social problems,&quot; the Pontiff said in a regular weekly address to pilgrims in St Peter's Square.</p>
<p>&quot;These tragic events are a call to the whole of Europe -- it must help the leaders and the Albanian people to build their country on the basis of democracy and political and social dialogue,&quot; he said.</p>
<p>Civilians last week emptied arms depots vacated by demoralised soldiers and gun law has prevailed across much of the country as police disappeared from the streets.</p>
<p>Most of those killed were hit by falling bullets in several days of almost continuous random firing.</p>
<p>From the start of his papacy in 1978, the Pontiff spoke out against totalitarianism and persecution under Albania's late Stalinist dictator Enver Hoxha.</p>
<p>He finally visited Albania in 1993, three years after the restoration of religious freedom and the collapse of Europe's last hard-line communist regime.</p>
<p>Hoxha had banned religion and made Albania the world's first officially atheist state in 1967.</p>
<p>The Pontiff said in a mass during that trip that Albania, which Hoxha had tried to isolate during his 40-year rule, &quot;had fallen deep into an abyss and it is truly a miracle that it was able to climb out without bloodshed&quot;.</p>
<p>Echoing the passion of his visit, the Pope said on Sunday that Albania had recently emerged from a &quot;long period of inhuman dictatorship&quot; and the latest crisis had plunged its people into total insecurity.</p>
<p>Thousands of Albanians have been scrambling on board a ramshackle flotilla of ships to cross the Adriatic sea and seek sanctuary in Italy.</p>
<p>The Pope urged pilgrims to pray for peace and said trust in the authorities, whom Albanians blame for the failure of the &quot;get-rich-quick&quot; saving schemes in Europe's poorest state, needed to be re-established.</p>
<p>&quot;That cannot be achieved without public order,&quot; he said.</p>
<p>The European Union agreed on Sunday to send military and police advisers to Albania in a bid to help restore order.</p>
<p>EU foreign ministers meeting informally in the central Dutch countryside also agreed to consider providing protection for this mission if necessary, but stressed this was not a military operation.</p>
<p>&quot;Any interventionist approach is off the table,&quot; one German diplomatic source said.</p>
</text>
<copyright>(c) Reuters Limited 1997</copyright>
<metadata>
<codes class="bip:countries:1.0">
  <code code="ALB">
    <editdetail attribution="Reuters BIP Coding Group" action="confirmed" date="1997-03-16"/>
  </code>
  <code code="VCAN">
    <editdetail attribution="Reuters BIP Coding Group" action="confirmed" date="1997-03-16"/>
  </code>
</codes>
<codes class="bip:topics:1.0">
  <code code="GCAT">
    <editdetail attribution="Reuters BIP Coding Group" action="confirmed" date="1997-03-16"/>
  </code>
  <code code="GDIP">
    <editdetail attribution="Reuters BIP Coding Group" action="confirmed" date="1997-03-16"/>
  </code>
  <code code="GREL">
    <editdetail attribution="Reuters BIP Coding Group" action="confirmed" date="1997-03-16"/>
  </code>
  <code code="GVIO">
    <editdetail attribution="Reuters BIP Coding Group" action="confirmed" date="1997-03-16"/>
  </code>
</codes>
<dc element="dc.date.created" value="1997-03-16"/>
<dc element="dc.publisher" value="Reuters Holdings Plc"/>
<dc element="dc.date.published" value="1997-03-16"/>
<dc element="dc.source" value="Reuters"/>
<dc element="dc.creator.location" value="VATICAN CITY"/>
<dc element="dc.creator.location.country.name" value="VATICAN"/>
<dc element="dc.source" value="Reuters"/>
</metadata>
</newsitem>
