<?xml version="1.0" encoding="iso-8859-1" ?>
<newsitem itemid="445837" id="root" date="1997-03-16" xml:lang="en">
<title>GERMANY: Germans protest against racism in tiny village.</title>
<headline>Germans protest against racism in tiny village.</headline>
<dateline>DOLGENBRODT, Germany 1997-03-16</dateline>
<text>
<p>Hundreds of Germans demonstrated on Sunday against racism in the tiny village of Dolgenbrodt, which has become infamous for a firebomb attack on an asylum home in 1992.</p>
<p>Around 300 demonstrators, outnumbered by police officers, shouted &quot;Death to Fascism&quot; and &quot;Death to State Terrorism&quot; as they gathered in a field at the entrance to Dolgenbrodt, a village of just 300 inhabitants south of Berlin.</p>
<p>Police said they scuffled with protestors when they went into the crowd to detain 10 demonstrators for covering their faces with masks -- banned at such protests in Germany.</p>
<p>Police restricted the rally to the outskirts of the village, saying they were worried violence would erupt between right-wing and leftist militants.</p>
<p>Press reports have suggested a widespread conspiracy lay behind the destruction of the new hostel the day before 86 asylum-seekers were to move in.</p>
<p>Dolgenbrodt mayor Karl Pfannenschwarz said his village was not racist, but would not yield to the demand of protestors to hoist white flags as a sign of capitulation.</p>
<p>Prosecutors in January arrested a fourth resident as a suspect in the firebombing. Two men are accused of providing the firebombs and two other villagers are accused of employing right-wing thugs for the attack which took place during a wave of racist and neo-Nazi violence after German unification.</p>
<p>A young right-winger was convicted last year of setting the fire but no connection was proved to inhabitants of the village, where many Berliners have weekend retreats.</p>
<p>Although no one was injured, the fire caused 300,000 marks ($177,000) of damage.</p>
<p>Ute Preissler, mayor at the time of the fire, said although most villagers had been against the hostel, they had not supported arson.</p>
</text>
<copyright>(c) Reuters Limited 1997</copyright>
<metadata>
<codes class="bip:countries:1.0">
  <code code="GFR">
    <editdetail attribution="Reuters BIP Coding Group" action="confirmed" date="1997-03-16"/>
  </code>
</codes>
<codes class="bip:topics:1.0">
  <code code="GCAT">
    <editdetail attribution="Reuters BIP Coding Group" action="confirmed" date="1997-03-16"/>
  </code>
  <code code="GVIO">
    <editdetail attribution="Reuters BIP Coding Group" action="confirmed" date="1997-03-16"/>
  </code>
</codes>
<dc element="dc.date.created" value="1997-03-16"/>
<dc element="dc.publisher" value="Reuters Holdings Plc"/>
<dc element="dc.date.published" value="1997-03-16"/>
<dc element="dc.source" value="Reuters"/>
<dc element="dc.creator.location" value="DOLGENBRODT, Germany"/>
<dc element="dc.creator.location.country.name" value="GERMANY"/>
<dc element="dc.source" value="Reuters"/>
</metadata>
</newsitem>
