<?xml version="1.0" encoding="iso-8859-1" ?>
<newsitem itemid="445826" id="root" date="1997-03-16" xml:lang="en">
<title>BELGIUM: Belgian march for jobs demands social Europe.</title>
<headline>Belgian march for jobs demands social Europe.</headline>
<byline>Fredrik Dahl</byline>
<dateline>BRUSSELS 1997-03-16</dateline>
<text>
<p>Tens of thousands of trades unionists and politicians from all over Europe marched through Brussels on Sunday to vent their anger at high unemployment and the steady erosion of job security.</p>
<p>&quot;Today's demonstration is not the end. It is not the final act. Together united we will continue our struggle for a social Europe. For a Europe of solidarity,&quot; Michel Nollet, head of Belgium's Communist FGTB union, told the colourful, noisy crowd.</p>
<p>Unions expected 60,000 people to turn up from all over Europe for a March for Jobs sparked off by the shock announcement two weeks ago that French carmaker Renault was closing its Belgian Vilvoorde plant with the loss of 3,100 jobs.</p>
<p>The crowd was awash with colour and noise -- red and green union banners and balloons, ear-shattering whistles and firecrackers, chanting, sirens and megaphones.</p>
<p>A hanging effigy of Renault Chairman Louis Schweitzer was prominent among the banners, one of which called him &quot;the shame of Europe&quot;.</p>
<p>More than 500 police and 1,000 gendarmes were on the streets along the three kilometre (1.8 mile) route linking Brussels's north and south railway stations. Medical teams were on standby.</p>
<p>&quot;What Renault did was disgusting. We did our best. We did everything they asked for,&quot; said Vilvoorde worker Jan De Koninck, 33. &quot;Perhaps for Vilvoorde it is too late but we are now starting something to change the situation in Europe.&quot;</p>
<p>Unemployment, a seeping sore as the 15 European Union nations slash their budgets and raise taxes in the struggle to ready their economies for joining the bloc's single currency in 1999, has become a uniting force.</p>
<p>&quot;This is a symbolic demonstration in the heart of the capital of Europe,&quot; French Socialist opposition leader Lionel Jospin told Reuters as he joined the march.</p>
<p>&quot;We need a better balance in the European economic and social model. It has gone too far in liberalisation. Social, not just economic constraints, have to be taken into account.&quot;</p>
<p>News of the Renault closure came on top of the bankruptcy in January of Belgian steelmaker Forges de Clabecq, threatening another 1,800 jobs.</p>
<p>Unions said there were thousands of workers from France, and delegations from Spain, Portugal, Germany, Luxembourg, the Netherlands, Italy, Greece, Austria, Hungary, Slovenia and the Czech Republic.</p>
<p>&quot;It is a show of solidarity. We are all workers. We are all in the struggle,&quot; said Stewart Davis, 22, who came with a delegation from the Rolls Royce plant at Bristol in Britain.</p>
<p>&quot;We are here to express our solidarity with the workers of Belgium,&quot; Manuel Zaguirre Cano, a spanish union official said. &quot;We have to fight on the European level.&quot;</p>
<p>Newspapers reported that Renault sales in Belgium had fallen 40 percent since the news of the closure.</p>
<p>Unemployment in the 15-nation European Union is stuck at 10.8 percent of the workforce, with most governments apparently unable to tackle the looming social crisis.</p>
<p>The unions want consultations with employers on issues such as working hours, and for governments to cut the indirect tax costs of employment and introduce tax policies that encourage jobs, a coherent social policy and moves to encourage economic growth instead of budget belt tightening.</p>
<p>EU social affairs ministers who met in Rotterdam at the weekend said there should be a clear code of conduct for multinationals both opening and closing factories.</p>
<p>But with the decision day on who will be in the vanguard of nations joining the EU's single currency less than a year away, countries are tightening their belts in a bid to join the club.</p>
</text>
<copyright>(c) Reuters Limited 1997</copyright>
<metadata>
<codes class="bip:countries:1.0">
  <code code="BELG">
    <editdetail attribution="Reuters BIP Coding Group" action="confirmed" date="1997-03-16"/>
  </code>
  <code code="EEC">
    <editdetail attribution="Reuters BIP Coding Group" action="confirmed" date="1997-03-16"/>
  </code>
</codes>
<codes class="bip:topics:1.0">
  <code code="E41">
    <editdetail attribution="Reuters BIP Coding Group" action="confirmed" date="1997-03-16"/>
  </code>
  <code code="ECAT">
    <editdetail attribution="Reuters BIP Coding Group" action="confirmed" date="1997-03-16"/>
  </code>
  <code code="GCAT">
    <editdetail attribution="Reuters BIP Coding Group" action="confirmed" date="1997-03-16"/>
  </code>
  <code code="GJOB">
    <editdetail attribution="Reuters BIP Coding Group" action="confirmed" date="1997-03-16"/>
  </code>
  <code code="GVIO">
    <editdetail attribution="Reuters BIP Coding Group" action="confirmed" date="1997-03-16"/>
  </code>
</codes>
<dc element="dc.date.created" value="1997-03-16"/>
<dc element="dc.publisher" value="Reuters Holdings Plc"/>
<dc element="dc.date.published" value="1997-03-16"/>
<dc element="dc.source" value="Reuters"/>
<dc element="dc.creator.location" value="BRUSSELS"/>
<dc element="dc.creator.location.country.name" value="BELGIUM"/>
<dc element="dc.source" value="Reuters"/>
</metadata>
</newsitem>
