<?xml version="1.0" encoding="iso-8859-1" ?>
<newsitem itemid="445802" id="root" date="1997-03-16" xml:lang="en">
<title>USA: Trial of Tyson Foods lobbyist said key to Espy case.</title>
<headline>Trial of Tyson Foods lobbyist said key to Espy case.</headline>
<byline>Maggie McNeil</byline>
<dateline>WASHINGTON 1997-03-16</dateline>
<text>
<p>The Washington lobbyist for mega chicken producer Tyson Foods goes on trial Monday for allegedly lying to federal investigators and legal experts said the outcome of the case will be key in the government's investigation of former Clinton cabinet member Mike Espy.</p>
<p>Jack Williams, chief lobbyist for the Arkansas-based poultry processor, has been charged with two criminal counts of making false statements to FBI investigators and other federal agents about his role in providing gifts to former Agriculture Secretary Espy on behalf of Tyson Foods.</p>
<p>The charges stem from an aggressive, two-year-plus investigation of Espy being led by Independent Counsel Donald Smaltz. Espy has been accused of accepting illegal gratuities while a cabinet secretary from companies his agency regulated.</p>
<p>The investigation has resulted in criminal indictments and charges against more than a dozen individuals and concerns and sources close to the probe said that Espy, Tyson Foods and Don Tyson -- former head of the company and a longtime close friend of President Clinton's -- are the key targets remaining in the case.</p>
<p>Whether Espy and Tyson will ultimately be criminally indicted may well be influenced by the outcome of the Williams trial, experts said.</p>
<p>&quot;I think the Williams case, the outcome of this case, will probably be a factor in their continuing assessment into whether or not to bring charges against Don Tyson or Tyson Foods or Mr. Espy,&quot; said Washington attorney Thomas Green who represents the Tyson corporation.</p>
<p>The allegations against Espy - which led to his resignation in 1994 - first arose from reports that Espy had accepted football and airplane tickets from Tyson Foods, and that his girlfriend had improperly received an educational scholarship from the company.</p>
<p>The gifts were allegedly given in order to win preferential treatment from Espy in policies affecting the giant company, and were in violation of a longstanding federal law which specifically forbids any USDA officer or employee from accepting such gifts or favours.</p>
</text>
<copyright>(c) Reuters Limited 1997</copyright>
<metadata>
<codes class="bip:countries:1.0">
  <code code="USA">
    <editdetail attribution="Reuters BIP Coding Group" action="confirmed" date="1997-03-16"/>
  </code>
</codes>
<codes class="bip:industries:1.0">
  <code code="I41000">
    <editdetail attribution="Reuters BIP Coding Group" action="confirmed" date="1997-03-16"/>
  </code>
</codes>
<codes class="bip:topics:1.0">
  <code code="C12">
    <editdetail attribution="Reuters BIP Coding Group" action="confirmed" date="1997-03-16"/>
  </code>
  <code code="CCAT">
    <editdetail attribution="Reuters BIP Coding Group" action="confirmed" date="1997-03-16"/>
  </code>
  <code code="GCAT">
    <editdetail attribution="Reuters BIP Coding Group" action="confirmed" date="1997-03-16"/>
  </code>
  <code code="GCRIM">
    <editdetail attribution="Reuters BIP Coding Group" action="confirmed" date="1997-03-16"/>
  </code>
  <code code="GPOL">
    <editdetail attribution="Reuters BIP Coding Group" action="confirmed" date="1997-03-16"/>
  </code>
</codes>
<dc element="dc.date.created" value="1997-03-16"/>
<dc element="dc.publisher" value="Reuters Holdings Plc"/>
<dc element="dc.date.published" value="1997-03-16"/>
<dc element="dc.source" value="Reuters"/>
<dc element="dc.creator.location" value="WASHINGTON"/>
<dc element="dc.creator.location.country.name" value="USA"/>
<dc element="dc.source" value="Reuters"/>
</metadata>
</newsitem>
