<?xml version="1.0" encoding="iso-8859-1" ?>
<newsitem itemid="445813" id="root" date="1997-03-16" xml:lang="en">
<title>USA: Chinese businessman denies seeking W.House visit.</title>
<headline>Chinese businessman denies seeking W.House visit.</headline>
<dateline>WASHINGTON 1997-03-15</dateline>
<text>
<p>A Chinese businessman who attended a White House coffee for campaign donors hosted by President Bill Clinton last year has denied seeking the meeting and said it was arranged by a New York investment bank, a newspaper reported in its Sunday editions.</p>
<p>Wang Jun, who heads a Chinese financial and industrial conglomerate and a military-owned arms trading firm, told the Washington Post the main purpose of his U.S. visit was not an effort by his government to win influence in the United States.</p>
<p>Wang, who heads the China International Trust and Investment Corp. conglomerate, said he was invited to visit the United States by Lehman Brothers Inc., which is competing with other American firms to do business with China.</p>
<p>The Chinese executive said he accepted the invitation because he was interested in exploring how receptive U.S. financial markets would be to new debt offerings by Chinese companies and government agencies, the Post reported.</p>
<p>&quot;I didn't propose the meeting,&quot; Wang told the Post in an interview in Beijing last week. &quot;I said again and again that Clinton was too busy. I had little to talk to him about.&quot;</p>
<p>After press reports about the February 1996 event focused on Wang's role at Poly Group, a firm under investigation for illegally smuggling assault rifles into the United States, Clinton called the meeting &quot;clearly inappropriate.&quot;</p>
<p>The Democratic National Committee has previously said Wang's visit was arranged by Charles Yah Lin Trie, a former Little Rock restaurateur and long-time friend of Clinton's who is under scrutiny in a Justice Department investigation into questionable campaign contributions.</p>
<p>The Justice Department believes China tried to direct nearly $2 million in illegal campaign contributions to members of Congress and Clinton administration officials.</p>
<p>Chinese Premier Li Peng on Friday flatly denied China had sought to influence U.S. elections or funnel money to presidential or congressional candidates.</p>
<p>Wang also denied he or his firm were trying to influence U.S. politics or policy through illegal campaign contributions. &quot;I don't even get involved in politics in China, let alone in the United States,&quot; he told the newspaper.</p>
<p>A spokesman for Lehman Brothers told the Post that executives of the firm met with Wang during his U.S. visit, but said the firm played no role in arranging the White House visit.</p>
<p>Wang also said Trie played a role in arranging the White House visit. DNC spokeswoman Amy Weiss Tobe told the Post it was Trie who asked whether Wang could attend the coffee.</p>
<p>Wang's main contact at Lehman was Ernest Green, who contributed $50,000 to the DNC the day after Wang's visit to the White House. Green called the timing of the contribution coincidental and said it came from his own personal funds, the Post reported, noting Green was a major Democratic Party fundraiser and long-time friend of Clinton's and Trie's.</p>
<p>It said the FBI had interviewed Green as part of the Justice Department investigation.</p>
<p>Wang told the Post he had a long association with Lehman Brothers, and the bank was working hard to become the leading underwriter for Chinese debt in the United States.</p>
<p>He called the flap about his visit to the White House a misunderstanding and said there was &quot;no basis&quot; to the charges against Poly Group.</p>
<p>He blamed the smuggling operation on two former employees of the company who were let go long before the smuggling incident. He said the two used the name of a Poly company that was supposed to be defunct.</p>
</text>
<copyright>(c) Reuters Limited 1997</copyright>
<metadata>
<codes class="bip:countries:1.0">
  <code code="CHINA">
    <editdetail attribution="Reuters BIP Coding Group" action="confirmed" date="1997-03-16"/>
  </code>
  <code code="USA">
    <editdetail attribution="Reuters BIP Coding Group" action="confirmed" date="1997-03-16"/>
  </code>
</codes>
<codes class="bip:industries:1.0">
  <code code="I81502">
    <editdetail attribution="Reuters BIP Coding Group" action="confirmed" date="1997-03-16"/>
  </code>
  <code code="I83100">
    <editdetail attribution="Reuters BIP Coding Group" action="confirmed" date="1997-03-16"/>
  </code>
</codes>
<codes class="bip:topics:1.0">
  <code code="C11">
    <editdetail attribution="Reuters BIP Coding Group" action="confirmed" date="1997-03-16"/>
  </code>
  <code code="CCAT">
    <editdetail attribution="Reuters BIP Coding Group" action="confirmed" date="1997-03-16"/>
  </code>
  <code code="GCAT">
    <editdetail attribution="Reuters BIP Coding Group" action="confirmed" date="1997-03-16"/>
  </code>
  <code code="GPOL">
    <editdetail attribution="Reuters BIP Coding Group" action="confirmed" date="1997-03-16"/>
  </code>
</codes>
<dc element="dc.date.created" value="1997-03-15"/>
<dc element="dc.publisher" value="Reuters Holdings Plc"/>
<dc element="dc.date.published" value="1997-03-16"/>
<dc element="dc.source" value="Reuters"/>
<dc element="dc.creator.location" value="WASHINGTON"/>
<dc element="dc.creator.location.country.name" value="USA"/>
<dc element="dc.source" value="Reuters"/>
</metadata>
</newsitem>
