<?xml version="1.0" encoding="iso-8859-1" ?>
<newsitem itemid="445838" id="root" date="1997-03-16" xml:lang="en">
<title>SPAIN: Aninat sees less austere Chile money policy by H2.</title>
<headline>Aninat sees less austere Chile money policy by H2.</headline>
<dateline>BARCELONA, Spain 1997-03-16</dateline>
<text>
<p>Finance Minister Eduardo Aninat said he expects Chilean monetary policy to be less austere by mid-year.</p>
<p>In an interview with Reuters Financial Television to be broadcast on Monday, Aninat said &quot;By the second semester of this year...Chile will have left, one way or another, a very harsh, very strict and austere and very strong monetary policy for a more transitional path.&quot;</p>
<p>The Chile central bank last reduced its key rate on February 7, lowering it to 7.25 percent from 7.50.</p>
<p>Aninat was speaking in Barcelona, one day before the inauguration of the 38th annual governors' meeting of the Inter-American Development Bank.</p>
<p>--IADB Newsroom +34 3 424-6259</p>
</text>
<copyright>(c) Reuters Limited 1997</copyright>
<metadata>
<codes class="bip:countries:1.0">
  <code code="CHIL">
    <editdetail attribution="Reuters BIP Coding Group" action="confirmed" date="1997-03-16"/>
  </code>
  <code code="SPAIN">
    <editdetail attribution="Reuters BIP Coding Group" action="confirmed" date="1997-03-16"/>
  </code>
</codes>
<codes class="bip:topics:1.0">
  <code code="E12">
    <editdetail attribution="Reuters BIP Coding Group" action="confirmed" date="1997-03-16"/>
  </code>
  <code code="ECAT">
    <editdetail attribution="Reuters BIP Coding Group" action="confirmed" date="1997-03-16"/>
  </code>
</codes>
<dc element="dc.date.created" value="1997-03-16"/>
<dc element="dc.publisher" value="Reuters Holdings Plc"/>
<dc element="dc.date.published" value="1997-03-16"/>
<dc element="dc.source" value="Reuters"/>
<dc element="dc.creator.location" value="BARCELONA, Spain"/>
<dc element="dc.creator.location.country.name" value="SPAIN"/>
<dc element="dc.source" value="Reuters"/>
</metadata>
</newsitem>
