<?xml version="1.0" encoding="iso-8859-1" ?>
<newsitem itemid="445815" id="root" date="1997-03-16" xml:lang="en">
<title>USA: U.S. lawmaker sees more subpoenas on fund-raising.</title>
<headline>U.S. lawmaker sees more subpoenas on fund-raising.</headline>
<dateline>WASHINGTON 1997-03-15</dateline>
<text>
<p>The head of a House panel investigating allegations of illegal fund raising by the White House vowed on Saturday to get to the bottom of the mounting controversy and said he would soon issue more subpoenas.</p>
<p>House Government Reform and Oversight Committee Chairman Dan Burton told CNN's &quot;Evans &amp; Novak&quot; programme he hoped his investigations would not point to an impeachable offence by President Bill Clinton.</p>
<p>&quot;I quite frankly would hope that it would not come to that. I think it would be tragic for the country to have another problem like we had with Watergate,&quot; the Indiana Republican told CNN.</p>
<p>&quot;I would hope the president is not guilty of anything like that,&quot; he said. &quot;If we get to the point where we find information like that, of course we'll have to take the proper actions. But I hope it never comes to that.&quot;</p>
<p>Representative Bobb Barr, a George Republican, on Friday said he had asked the House Judiciary Committee to hold a meeting to discuss whether campaign fund-raising activities by Clinton and Vice President Al Gore warranted impeachment proceedings.</p>
<p>Under the impeachment process, the House Judiciary Committee would have to conduct an investigation and then vote whether to impeach Clinton and Gore.</p>
<p>If the committee approved one or more articles of impeachment and the full House adopted them, a trial would be held with members of the Senate as the jury. A two-thirds majority of the 100 senators is needed to remove an impeached official.</p>
<p>The last time the impeachment process was used against a president was in 1974 when the Judiciary Committee approved articles of impeachment against Richard Nixon. He resigned before the full House could vote on them.</p>
<p>&quot;We're going to be very diligent. We're going to be very fair but very thorough in getting to the bottom of this,&quot; Burton said. &quot;I think it's important for the country. I think it's important for the presidency and I think it's important to show that the Congress is doing it's job.&quot;</p>
<p>He said further subpoenas would be issued &quot;in the not too distant future,&quot; probably over the next three or four weeks.</p>
<p>The Justice Department was also investigating alleged campaign-financing irregularities and reports that China and other Asian countries were seeking to influence U.S. policies by contributing heavily to the 1996 presidential election.</p>
<p>Burton raised questions about an exchange between the FBI and national security officials at the White House over intelligence reports that the Chinese government planned to contribute heavily to congressional and presidential campaigns.</p>
<p>Burton said his panel subpoenaed documents from the White House and the Justice Department, and said interviews with key officials involved in the briefing were likely.</p>
<p>&quot;The Chinese Embassy and the electronic surveillance would indicate they were trying to buy influence and trying to influence the foreign policy of the United States,&quot; he said.</p>
<p>The committee was also looking into reports a Chinese firm owned in part by the Chinese Liberation Army built a shipping base in California, focusing on &quot;how that affects our foreign policy and whether or not that's an intelligence threat.&quot;</p>
<p>Burton said Clinton had conversations about the agreement establishing the base in 1995 and 1996 and was &quot;very adamant and very aggressive in pushing this project forward.&quot;</p>
<p>&quot;It probably should be reviewed thoroughly from the standpoint of national security, and we also need to look at it from the standpoint of whether or not there were any illegal contributions that had something to do with the final outcome,&quot; he said.</p>
</text>
<copyright>(c) Reuters Limited 1997</copyright>
<metadata>
<codes class="bip:countries:1.0">
  <code code="USA">
    <editdetail attribution="Reuters BIP Coding Group" action="confirmed" date="1997-03-16"/>
  </code>
</codes>
<codes class="bip:topics:1.0">
  <code code="GCAT">
    <editdetail attribution="Reuters BIP Coding Group" action="confirmed" date="1997-03-16"/>
  </code>
  <code code="GCRIM">
    <editdetail attribution="Reuters BIP Coding Group" action="confirmed" date="1997-03-16"/>
  </code>
  <code code="GPOL">
    <editdetail attribution="Reuters BIP Coding Group" action="confirmed" date="1997-03-16"/>
  </code>
</codes>
<dc element="dc.date.created" value="1997-03-15"/>
<dc element="dc.publisher" value="Reuters Holdings Plc"/>
<dc element="dc.date.published" value="1997-03-16"/>
<dc element="dc.source" value="Reuters"/>
<dc element="dc.creator.location" value="WASHINGTON"/>
<dc element="dc.creator.location.country.name" value="USA"/>
<dc element="dc.source" value="Reuters"/>
</metadata>
</newsitem>
