<?xml version="1.0" encoding="iso-8859-1" ?>
<newsitem itemid="445842" id="root" date="1997-03-16" xml:lang="en">
<title>SPAIN: Spain convinced labour reform pact will be radical.</title>
<headline>Spain convinced labour reform pact will be radical.</headline>
<byline>Merissa Marr</byline>
<dateline>MADRID 1997-03-16</dateline>
<text>
<p>Spain said on Sunday it was convinced a labour reform pact between unions and employers would be radical enough to ease the country's chronic unemployment.</p>
<p>Struggling to suppress Europe's highest jobless rate, the government is keen to secure a far-reaching accord aimed at liberalising its rigid labour market and preparing the economy for European economic and monetary union (EMU).</p>
<p>&quot;We believe that the labour reforms that unions and employers are agreeing will be deep-seated and will modernise the Spanish economy and create jobs,&quot; Economy Minister Rodrigo Rato told journalists.</p>
<p>After weeks of intense talks, unions and employers reached a preliminary agreement on Wednesday that will provide the foundations for a final accord.</p>
<p>Employers said they were eager to clinch a final deal before Easter, but unions have warned that such an agreement could still face a number of hurdles and may not be ready until mid-April.</p>
<p>&quot;We are close to an accord, but one shouldn't get over-excited as there are still a number of difficulties to overcome,&quot; Candido Mendez, Secretary General of the General Workers' union (UGT) said in an interview with Europa Press.</p>
<p>The government had given unions and employers until early March to reach an agreement before it stepped in and imposed its own measures. It had also threatened to legislate if the reforms were not radical enough.</p>
<p>On Sunday, Rato said he was confident there would be no fatal obstructions to a final accord and no need for direct government intervention.</p>
<p>However, some analysts and employers fear the reforms will not be profound enough to prepare Spain for EMU.</p>
<p>&quot;But then there are ultra-liberal employer sectors that think an accord with unions will always be insufficient,&quot; Mendez said.</p>
<p>While the two sides have not expanded on the contents of the accord, they said they had reached broad agreements on permanent contracts, dismissal terms and collective bargaining.</p>
<p>The finishing touches to a permanent contract directed toward young workers and the long-term unemployed was proving particularly difficult to conclude, Mendez said.</p>
<p>&quot;We still have not fixed the quantity for the severance pay on the new permanent contract,&quot; he said.</p>
<p>A key objective for employers has been to cut dismissal costs. They complain Spain's severance pay is by far the highest in the European Union and dissuades them from hiring staff.</p>
<p>Unions, meanwhile, are keen to see the creation of a more secure contract, especially for youths who suffer most from unemployment in Spain.</p>
<p>Sources involved in the negotiations said employer and union leaders would meet next Friday to discuss the draft accord.</p>
<p>Employer groups and unions will meet their own executive committees in the early part of the week.</p>
</text>
<copyright>(c) Reuters Limited 1997</copyright>
<metadata>
<codes class="bip:countries:1.0">
  <code code="EEC">
    <editdetail attribution="Reuters BIP Coding Group" action="confirmed" date="1997-03-16"/>
  </code>
  <code code="SPAIN">
    <editdetail attribution="Reuters BIP Coding Group" action="confirmed" date="1997-03-16"/>
  </code>
</codes>
<codes class="bip:topics:1.0">
  <code code="C42">
    <editdetail attribution="Reuters BIP Coding Group" action="confirmed" date="1997-03-16"/>
  </code>
  <code code="CCAT">
    <editdetail attribution="Reuters BIP Coding Group" action="confirmed" date="1997-03-16"/>
  </code>
  <code code="E41">
    <editdetail attribution="Reuters BIP Coding Group" action="confirmed" date="1997-03-16"/>
  </code>
  <code code="E411">
    <editdetail attribution="Reuters BIP Coding Group" action="confirmed" date="1997-03-16"/>
  </code>
  <code code="ECAT">
    <editdetail attribution="Reuters BIP Coding Group" action="confirmed" date="1997-03-16"/>
  </code>
  <code code="G15">
    <editdetail attribution="Reuters BIP Coding Group" action="confirmed" date="1997-03-16"/>
  </code>
  <code code="G154">
    <editdetail attribution="Reuters BIP Coding Group" action="confirmed" date="1997-03-16"/>
  </code>
  <code code="GCAT">
    <editdetail attribution="Reuters BIP Coding Group" action="confirmed" date="1997-03-16"/>
  </code>
  <code code="GJOB">
    <editdetail attribution="Reuters BIP Coding Group" action="confirmed" date="1997-03-16"/>
  </code>
</codes>
<dc element="dc.date.created" value="1997-03-16"/>
<dc element="dc.publisher" value="Reuters Holdings Plc"/>
<dc element="dc.date.published" value="1997-03-16"/>
<dc element="dc.source" value="Reuters"/>
<dc element="dc.creator.location" value="MADRID"/>
<dc element="dc.creator.location.country.name" value="SPAIN"/>
<dc element="dc.source" value="Reuters"/>
</metadata>
</newsitem>
