<?xml version="1.0" encoding="iso-8859-1" ?>
<newsitem itemid="451992" id="root" date="1997-03-19" xml:lang="en">
<title>USA: RESEARCH ALERT-Action Performance started.</title>
<headline>RESEARCH ALERT-Action Performance started.</headline>
<text>
<p>-- EVEREN Securities Inc said Wednesday it initiated coverage of Action Performance Companies Inc with an outperform rating for the intermediate and long terms and set an intermediate target price of $26.</p>
<p>-- The rating is based on the company's solid position to capitalize on the tremendous growth prospects of the National Association of Stock Car Auto Racing (NASCAR) through Action Performance's die-cast and pewter miniature vehicle replicas, EVEREN said.</p>
<p>-- EVEREN set the earnings estimate for fiscal 1998 at $0.97 a share and the estimate for 1998 at $1.37.</p>
<p>-- Action Performance shares were up 1/8 Wednesday at 19-1/8.</p>
<p>((Chicago newsdesk (312) 408-8787))</p>
</text>
<copyright>(c) Reuters Limited 1997</copyright>
<metadata>
<codes class="bip:countries:1.0">
  <code code="USA">
    <editdetail attribution="Reuters BIP Coding Group" action="confirmed" date="1997-03-19"/>
  </code>
</codes>
<codes class="bip:industries:1.0">
  <code code="I83952">
    <editdetail attribution="Reuters BIP Coding Group" action="confirmed" date="1997-03-19"/>
  </code>
</codes>
<codes class="bip:topics:1.0">
  <code code="C15">
    <editdetail attribution="Reuters BIP Coding Group" action="confirmed" date="1997-03-19"/>
  </code>
  <code code="C152">
    <editdetail attribution="Reuters BIP Coding Group" action="confirmed" date="1997-03-19"/>
  </code>
  <code code="CCAT">
    <editdetail attribution="Reuters BIP Coding Group" action="confirmed" date="1997-03-19"/>
  </code>
</codes>
<dc element="dc.publisher" value="Reuters Holdings Plc"/>
<dc element="dc.date.published" value="1997-03-19"/>
<dc element="dc.source" value="Reuters"/>
<dc element="dc.creator.location.country.name" value="USA"/>
<dc element="dc.source" value="Reuters"/>
</metadata>
</newsitem>
