<?xml version="1.0" encoding="iso-8859-1" ?>
<newsitem itemid="451996" id="root" date="1997-03-19" xml:lang="en">
<title>USA: RESEARCH ALERT - American Homestar estimates.</title>
<headline>RESEARCH ALERT - American Homestar estimates.</headline>
<text>
<p>-- Mesirow Financial Inc said Wednesday it raised its earnings estimate for American Homestar Corp in fiscal 1997 to $1.28 a share from $1.24 and its fiscal 1998 estimate to $1.57 from $1.54.</p>
<p>-- Mesirow said the move follows American Homestar's strong results in the third quarter ended February 28, in which earnings totaled $0.28 a share, higher than Mesirow's estimate of $0.25.</p>
<p>-- American Homestar recorded its 11th consecutive quarter of record revenues and earnings, and Mesirow expects the robust trends to continue in the fourth quarter and in 1998.</p>
<p>-- American Homestar operates eight manufacturing plants, 49 company-owned retail centers and serves more than 300 independent retail locations in 24 states.</p>
<p>-- Its shares were up 1/4 Wednesday at 17-3/4.</p>
<p>((Chicago newsdesk (312) 408-8787))</p>
</text>
<copyright>(c) Reuters Limited 1997</copyright>
<metadata>
<codes class="bip:countries:1.0">
  <code code="USA">
    <editdetail attribution="Reuters BIP Coding Group" action="confirmed" date="1997-03-19"/>
  </code>
</codes>
<codes class="bip:topics:1.0">
  <code code="C15">
    <editdetail attribution="Reuters BIP Coding Group" action="confirmed" date="1997-03-19"/>
  </code>
  <code code="C152">
    <editdetail attribution="Reuters BIP Coding Group" action="confirmed" date="1997-03-19"/>
  </code>
  <code code="CCAT">
    <editdetail attribution="Reuters BIP Coding Group" action="confirmed" date="1997-03-19"/>
  </code>
</codes>
<dc element="dc.publisher" value="Reuters Holdings Plc"/>
<dc element="dc.date.published" value="1997-03-19"/>
<dc element="dc.source" value="Reuters"/>
<dc element="dc.creator.location.country.name" value="USA"/>
<dc element="dc.source" value="Reuters"/>
</metadata>
</newsitem>
