<?xml version="1.0" encoding="iso-8859-1" ?>
<newsitem itemid="451990" id="root" date="1997-03-19" xml:lang="en">
<title>USA: PSC oks pricing for NYNEX network elements.</title>
<headline>PSC oks pricing for NYNEX network elements.</headline>
<dateline>ALBANY, NY 1997-03-19</dateline>
<text>
<p>The New York State Public Service Commission said Wednesday that it has approved a two-zone pricing plan for elements of NYNEX's local telephone network that will be used by its competitors.</p>
<p>The plan lets NYNEX's competitors pay NYNEX for using NYNEX network hardware, such as telephone lines and switches, to build new telephone networks or expand existing networks of their own.  </p>
<p>The Commission said the prices are based on a two-zone plan that recognizes cost differences between major cities and the rest of the state.</p>
<p>The most popular hardware is expected to be NYNEX links, the wires connecting customers and their local phone companies.</p>
<p>The Commission said that under the two-zone pricing plan, NYNEX competitors would pay $12.49 to lease space on links in major cities, down from the $19.32 current statewide average. In other parts of the state, they would pay $19.24 for link space, the Commission said.</p>
</text>
<copyright>(c) Reuters Limited 1997</copyright>
<metadata>
<codes class="bip:countries:1.0">
  <code code="USA">
    <editdetail attribution="Reuters BIP Coding Group" action="confirmed" date="1997-03-19"/>
  </code>
</codes>
<codes class="bip:industries:1.0">
  <code code="I79020">
    <editdetail attribution="Reuters BIP Coding Group" action="confirmed" date="1997-03-19"/>
  </code>
</codes>
<codes class="bip:topics:1.0">
  <code code="C13">
    <editdetail attribution="Reuters BIP Coding Group" action="confirmed" date="1997-03-19"/>
  </code>
  <code code="C31">
    <editdetail attribution="Reuters BIP Coding Group" action="confirmed" date="1997-03-19"/>
  </code>
  <code code="CCAT">
    <editdetail attribution="Reuters BIP Coding Group" action="confirmed" date="1997-03-19"/>
  </code>
</codes>
<dc element="dc.date.created" value="1997-03-19"/>
<dc element="dc.publisher" value="Reuters Holdings Plc"/>
<dc element="dc.date.published" value="1997-03-19"/>
<dc element="dc.source" value="Reuters"/>
<dc element="dc.creator.location" value="ALBANY, NY"/>
<dc element="dc.creator.location.country.name" value="USA"/>
<dc element="dc.source" value="Reuters"/>
</metadata>
</newsitem>
