<?xml version="1.0" encoding="iso-8859-1" ?>
<newsitem itemid="451988" id="root" date="1997-03-19" xml:lang="en">
<title>USA: RESEARCH ALERT-Centocor upgraded to buy.</title>
<headline>RESEARCH ALERT-Centocor upgraded to buy.</headline>
<text>
<p>-- Vector Securities International Inc said on Wednesday it upgraded its rating for Centocor Inc to buy from attractive based on the current stock price.</p>
<p>-- Vector said it believes Centocor's ReoPro product, used to stabilize certain patients with unstable angina, who are also unresponsive to conventional therapy, will continue to show strong growth this year.</p>
<p>-- The one-year price target is $47, Vector said.</p>
<p>-- Centocor is a drug development company.</p>
<p>-- Its shares closed down 1-5/8 on Wednesday at 29/</p>
<p>((Chicago newsdesk (312) 408-8787))</p>
</text>
<copyright>(c) Reuters Limited 1997</copyright>
<metadata>
<codes class="bip:countries:1.0">
  <code code="USA">
    <editdetail attribution="Reuters BIP Coding Group" action="confirmed" date="1997-03-19"/>
  </code>
</codes>
<codes class="bip:industries:1.0">
  <code code="I25700">
    <editdetail attribution="Reuters BIP Coding Group" action="confirmed" date="1997-03-19"/>
  </code>
</codes>
<codes class="bip:topics:1.0">
  <code code="C15">
    <editdetail attribution="Reuters BIP Coding Group" action="confirmed" date="1997-03-19"/>
  </code>
  <code code="C152">
    <editdetail attribution="Reuters BIP Coding Group" action="confirmed" date="1997-03-19"/>
  </code>
  <code code="CCAT">
    <editdetail attribution="Reuters BIP Coding Group" action="confirmed" date="1997-03-19"/>
  </code>
</codes>
<dc element="dc.publisher" value="Reuters Holdings Plc"/>
<dc element="dc.date.published" value="1997-03-19"/>
<dc element="dc.source" value="Reuters"/>
<dc element="dc.creator.location.country.name" value="USA"/>
<dc element="dc.source" value="Reuters"/>
</metadata>
</newsitem>
