<?xml version="1.0" encoding="iso-8859-1" ?>
<newsitem itemid="451984" id="root" date="1997-03-19" xml:lang="en">
<title>CANADA: WIC appeal ruling due Thursday-lawyers.</title>
<headline>WIC appeal ruling due Thursday-lawyers.</headline>
<dateline>VANCOUVER 1997-03-19</dateline>
<text>
<p>The British Columbia Court of Appeal will announce its ruling in a case involving Canadian broadcaster WIC Western International Communications Ltd on Thursday, lawyers involved in the case said.</p>
<p>The case is an appeal of a decision last year that effectively blocked CanWest Global Communications Corp's C$636 million takeover bid for WIC.  </p>
<p>The case, brought by two former WIC directors and supported by CanWest, sought to have voting rights awarded to WIC's non-voting shareholders. The British Columbia Supreme Court ruled against them last year and the case was appealed to the Court of Appeal.</p>
<p>If the appeal succeeds, WIC would be vulnerable to a takeover bid, analysts have said.</p>
<p>WIC owns some of the most valuable properties in Canadian broadcasting including eight television, 12 radio stations and a share of Canada's CTV network. It has faced mounting shareholder unrest amid complaints the company has performed poorly and is unresponsive to stockholders.</p>
<p>The Griffiths family of Vancouver, which founded the company, controls WIC because it owns most of the voting Class A shares even though it holds only seven percent of WIC's total equity. The two-tier share structure has been a major target of shareholder complaint.</p>
<p>CanWest recently announced it purchased another block of WIC non-voting B shares, bringing its holding to 15 percent. It said it believes itself to be the company's biggest holder of the B shares.</p>
<p>The court registry said the decision would be delivered at 1700 EST.</p>
<p>((Reuters Vancouver Bureau (604) 664-7314))</p>
</text>
<copyright>(c) Reuters Limited 1997</copyright>
<metadata>
<codes class="bip:countries:1.0">
  <code code="CANA">
    <editdetail attribution="Reuters BIP Coding Group" action="confirmed" date="1997-03-19"/>
  </code>
</codes>
<codes class="bip:industries:1.0">
  <code code="I97400">
    <editdetail attribution="Reuters BIP Coding Group" action="confirmed" date="1997-03-19"/>
  </code>
  <code code="I9741102">
    <editdetail attribution="Reuters BIP Coding Group" action="confirmed" date="1997-03-19"/>
  </code>
</codes>
<codes class="bip:topics:1.0">
  <code code="C12">
    <editdetail attribution="Reuters BIP Coding Group" action="confirmed" date="1997-03-19"/>
  </code>
  <code code="C18">
    <editdetail attribution="Reuters BIP Coding Group" action="confirmed" date="1997-03-19"/>
  </code>
  <code code="C181">
    <editdetail attribution="Reuters BIP Coding Group" action="confirmed" date="1997-03-19"/>
  </code>
  <code code="CCAT">
    <editdetail attribution="Reuters BIP Coding Group" action="confirmed" date="1997-03-19"/>
  </code>
  <code code="GCAT">
    <editdetail attribution="Reuters BIP Coding Group" action="confirmed" date="1997-03-19"/>
  </code>
  <code code="GCRIM">
    <editdetail attribution="Reuters BIP Coding Group" action="confirmed" date="1997-03-19"/>
  </code>
</codes>
<dc element="dc.date.created" value="1997-03-19"/>
<dc element="dc.publisher" value="Reuters Holdings Plc"/>
<dc element="dc.date.published" value="1997-03-19"/>
<dc element="dc.source" value="Reuters"/>
<dc element="dc.creator.location" value="VANCOUVER"/>
<dc element="dc.creator.location.country.name" value="CANADA"/>
<dc element="dc.source" value="Reuters"/>
</metadata>
</newsitem>
