<?xml version="1.0" encoding="iso-8859-1" ?>
<newsitem itemid="451999" id="root" date="1997-03-19" xml:lang="en">
<title>USA: RESEARCH ALERT - Trident Microsystems.</title>
<headline>RESEARCH ALERT - Trident Microsystems.</headline>
<text>
<p>-- Hambrecht &amp; Quist said it cut its rating on Trident Microsystems Inc to buy from strong buy, but did not change earnings estimates.</p>
<p>-- In a statement, the investment firm said shares of Trident, a developer of graphical accelerators, controllers and processors, are fairly valued at their current price and should trade in-line with others in the graphics chip group.</p>
<p>-- In adddition, Hambrecht said the graphics industry as a whole is experienceing weak pricing, making it difficult for Trident to beat March earnings expectations.  Hambrecht forecasts a profit of $0.38 a share in the March quarter.</p>
</text>
<copyright>(c) Reuters Limited 1997</copyright>
<metadata>
<codes class="bip:countries:1.0">
  <code code="USA">
    <editdetail attribution="Reuters BIP Coding Group" action="confirmed" date="1997-03-19"/>
  </code>
</codes>
<codes class="bip:industries:1.0">
  <code code="I33020">
    <editdetail attribution="Reuters BIP Coding Group" action="confirmed" date="1997-03-19"/>
  </code>
  <code code="I3302004">
    <editdetail attribution="Reuters BIP Coding Group" action="confirmed" date="1997-03-19"/>
  </code>
</codes>
<codes class="bip:topics:1.0">
  <code code="C15">
    <editdetail attribution="Reuters BIP Coding Group" action="confirmed" date="1997-03-19"/>
  </code>
  <code code="C152">
    <editdetail attribution="Reuters BIP Coding Group" action="confirmed" date="1997-03-19"/>
  </code>
  <code code="CCAT">
    <editdetail attribution="Reuters BIP Coding Group" action="confirmed" date="1997-03-19"/>
  </code>
</codes>
<dc element="dc.publisher" value="Reuters Holdings Plc"/>
<dc element="dc.date.published" value="1997-03-19"/>
<dc element="dc.source" value="Reuters"/>
<dc element="dc.creator.location.country.name" value="USA"/>
<dc element="dc.source" value="Reuters"/>
</metadata>
</newsitem>
