<?xml version="1.0" encoding="iso-8859-1" ?>
<newsitem itemid="451997" id="root" date="1997-03-19" xml:lang="en">
<title>USA: RESEARCH ALERT - R.R. Donnelley raised.</title>
<headline>RESEARCH ALERT - R.R. Donnelley raised.</headline>
<text>
<p>-- Salomon Brothers said analyst Lanny Baker upgraded R.R. Donnelley &amp; Sons Co to strong buy from hold, with a preliminary 12-month price target of $40-$42 a share.</p>
<p>-- Noted company named William Davis as chief executive officer.</p>
<p>-- Cited Davis's willingness to undertake &quot;major restructuring.&quot;</p>
<p>-- Said believes company's margin deterioration will be turned around.</p>
<p>-- The stock rose two to 32-3/8.</p>
</text>
<copyright>(c) Reuters Limited 1997</copyright>
<metadata>
<codes class="bip:countries:1.0">
  <code code="USA">
    <editdetail attribution="Reuters BIP Coding Group" action="confirmed" date="1997-03-19"/>
  </code>
</codes>
<codes class="bip:industries:1.0">
  <code code="I47500">
    <editdetail attribution="Reuters BIP Coding Group" action="confirmed" date="1997-03-19"/>
  </code>
</codes>
<codes class="bip:topics:1.0">
  <code code="C15">
    <editdetail attribution="Reuters BIP Coding Group" action="confirmed" date="1997-03-19"/>
  </code>
  <code code="C152">
    <editdetail attribution="Reuters BIP Coding Group" action="confirmed" date="1997-03-19"/>
  </code>
  <code code="CCAT">
    <editdetail attribution="Reuters BIP Coding Group" action="confirmed" date="1997-03-19"/>
  </code>
</codes>
<dc element="dc.publisher" value="Reuters Holdings Plc"/>
<dc element="dc.date.published" value="1997-03-19"/>
<dc element="dc.source" value="Reuters"/>
<dc element="dc.creator.location.country.name" value="USA"/>
<dc element="dc.source" value="Reuters"/>
</metadata>
</newsitem>
