<?xml version="1.0" encoding="iso-8859-1" ?>
<newsitem itemid="451998" id="root" date="1997-03-19" xml:lang="en">
<title>USA: RESEARCH ALERT - Oak Technology cut.</title>
<headline>RESEARCH ALERT - Oak Technology cut.</headline>
<text>
<p>-- Hambrecht &amp; Quist said it has cut the rating on shares of Oak Technology Inc to buy from strong buy, but it is leaving earnings estimates unchanged.</p>
<p>-- In a statement, the investment research firm said Oak's core CD-ROM business continues to be solid. Also, It is showing some signs of product diversification, but that should not impact the company until the second half of 1997.</p>
<p>-- But the company said &quot;we do not see any catalysts for major near term multiple expansion on the stock.&quot;</p>
<p>-- Hambrecht &amp; Quist expects the company to report a profit of $0.11 a share in the March quarter.</p>
</text>
<copyright>(c) Reuters Limited 1997</copyright>
<metadata>
<codes class="bip:countries:1.0">
  <code code="USA">
    <editdetail attribution="Reuters BIP Coding Group" action="confirmed" date="1997-03-19"/>
  </code>
</codes>
<codes class="bip:industries:1.0">
  <code code="I34531">
    <editdetail attribution="Reuters BIP Coding Group" action="confirmed" date="1997-03-19"/>
  </code>
</codes>
<codes class="bip:topics:1.0">
  <code code="C15">
    <editdetail attribution="Reuters BIP Coding Group" action="confirmed" date="1997-03-19"/>
  </code>
  <code code="C152">
    <editdetail attribution="Reuters BIP Coding Group" action="confirmed" date="1997-03-19"/>
  </code>
  <code code="CCAT">
    <editdetail attribution="Reuters BIP Coding Group" action="confirmed" date="1997-03-19"/>
  </code>
</codes>
<dc element="dc.publisher" value="Reuters Holdings Plc"/>
<dc element="dc.date.published" value="1997-03-19"/>
<dc element="dc.source" value="Reuters"/>
<dc element="dc.creator.location.country.name" value="USA"/>
<dc element="dc.source" value="Reuters"/>
</metadata>
</newsitem>
