<?xml version="1.0" encoding="iso-8859-1" ?>
<newsitem itemid="451986" id="root" date="1997-03-19" xml:lang="en">
<title>CANADA: Bre-X says Busang geologist in accident.</title>
<headline>Bre-X says Busang geologist in accident.</headline>
<dateline>TORONTO 1997-03-19</dateline>
<text>
<p>Canadian gold prospector Bre-X Minerals Ltd said on Wednesday that Michael de Guzman, chief geologist at the Busang gold site in Indonesia, was involved in a helicopter accident.</p>
<p>&quot;It is with great sadness that we have to announce that Mike de Guzman...fell approximately 800 feet from a helicopter as he was returning to the mine site...&quot; Bre-X said in a statement.</p>
<p>The Busang property is located in East Kalimantan province on Borneo Island, Indonesia. Medical and military personnel were searching the area, Bre-X said.  </p>
<p>&quot;There is an extensive search and rescue operation going on and we have no confirmation of anything beyond that,&quot; Bre-X spokesman Richard Wool said in a telephone interview.</p>
<p>Bre-X Vice-Chairman John Felderhof, who is in North America, would return immediately to Indonesia, the company said.</p>
<p>((Reuters Toronto Bureau (416) 941-8100))</p>
</text>
<copyright>(c) Reuters Limited 1997</copyright>
<metadata>
<codes class="bip:countries:1.0">
  <code code="CANA">
    <editdetail attribution="Reuters BIP Coding Group" action="confirmed" date="1997-03-19"/>
  </code>
  <code code="INDON">
    <editdetail attribution="Reuters BIP Coding Group" action="confirmed" date="1997-03-19"/>
  </code>
</codes>
<codes class="bip:industries:1.0">
  <code code="I21000">
    <editdetail attribution="Reuters BIP Coding Group" action="confirmed" date="1997-03-19"/>
  </code>
</codes>
<codes class="bip:topics:1.0">
  <code code="C41">
    <editdetail attribution="Reuters BIP Coding Group" action="confirmed" date="1997-03-19"/>
  </code>
  <code code="CCAT">
    <editdetail attribution="Reuters BIP Coding Group" action="confirmed" date="1997-03-19"/>
  </code>
  <code code="GCAT">
    <editdetail attribution="Reuters BIP Coding Group" action="confirmed" date="1997-03-19"/>
  </code>
  <code code="GDIS">
    <editdetail attribution="Reuters BIP Coding Group" action="confirmed" date="1997-03-19"/>
  </code>
</codes>
<dc element="dc.date.created" value="1997-03-19"/>
<dc element="dc.publisher" value="Reuters Holdings Plc"/>
<dc element="dc.date.published" value="1997-03-19"/>
<dc element="dc.source" value="Reuters"/>
<dc element="dc.creator.location" value="TORONTO"/>
<dc element="dc.creator.location.country.name" value="CANADA"/>
<dc element="dc.source" value="Reuters"/>
</metadata>
</newsitem>
