<?xml version="1.0" encoding="iso-8859-1" ?>
<newsitem itemid="451976" id="root" date="1997-03-19" xml:lang="en">
<title>CANADA: Toronto stocks close weaker than New York.</title>
<headline>Toronto stocks close weaker than New York.</headline>
<dateline>TORONTO 1997-03-19</dateline>
<text>
<p>CHANGE				    CHANGE</p>
<p>TSE	  6088.96    -40.32   HI 6122.89	    LO  6081.74</p>
<p>DJI	  6877.68    -18.88   GOLD (LONDON)   US$349.10 +2.80</p>
<p>FTSE100    4332.20    -24.60   GOLD (NY-COMEX) US$353.00 +2.50</p>
<p>NIKKEI    18493.71    +48.51   LME CASH NICKEL US$7860   +85.0</p>
<p>CANDLR	1.3770		 LME CASH ALUM   US$1608.0  -2.0</p>
<p>CAN 30-YR   108.85     +0.05   BRENT CRUDE     US$20.33  +0.07</p>
<p>--------------------MARKET COMMENT----------------------------</p>
<p>* Toronto stocks ended weaker as North American markets were volatile ahead of Friday's triple-witching. * Bank stocks hit by profit-taking. * Eyeing possible U.S. interest rate hike.  </p>
<p>Toronto stocks ended Wednesday weaker than New York after outperforming it for most of the session, as volatility took hold ahead of Friday's quarterly triple-witching.</p>
<p>The Toronto Stock Exchange's key 300 Composite Index lost 40.32 points to reach 6088.96 on light volume of 91.3 million shares worth C$1.6 billion.</p>
<p>Wall Street closed 18.88 points weaker at 6877.68, about 50 points above its intra-day low.</p>
<p>&quot;New York recovered a lot more than Canada did,&quot; said analyst Josef Schachter of Schachter Asset Management.  </p>
<p>Markets were volatile ahead of Friday's triple witching -- the quarterly expiration of options, futures and options on futures. &quot;It was kind of a funny market,&quot; Schachter said.</p>
<p>Also overhanging North American markets were concerns that the U.S. Federal Reserve would hike short-term interest rates to quash inflation. As rates rise, bond yields increase and bond prices drop, luring investors who sell interest-sensitive issues such as banks. The U.S. Federal Reserve is expected to increase rates at a March 25 meeting.</p>
<p>Of Toronto's 14 sub-indices, all except for oils lost ground. Falling sectors included conglomerates, media, consumer products and base metals.</p>
<p>Declining issues beat out advances 608 to 382 while another 290 traded unchanged.</p>
<p>--- HOT STOCKS ---</p>
<p>* Shares in Wascana Energy extended their rally, rising 0.10 to 20.55 on more than 6.1 million shares.</p>
<p>On Tuesday Canadian Occidental Petroleum made a white knight C$2 billion bid for Wascana. CanOxy rose 1.10 to 26.25 on more than 5.7 million shares.</p>
<p>* Bre-X Minerals Ltd lost 0.40 to 17.25 after news a geologist fell (243.8 meters) 800 feet from a helicopter.</p>
<p>((Lydia Zajc, Reuters Toronto Bureau (416) 941-8100))</p>
</text>
<copyright>(c) Reuters Limited 1997</copyright>
<metadata>
<codes class="bip:countries:1.0">
  <code code="CANA">
    <editdetail attribution="Reuters BIP Coding Group" action="confirmed" date="1997-03-19"/>
  </code>
</codes>
<codes class="bip:industries:1.0">
  <code code="I13000">
    <editdetail attribution="Reuters BIP Coding Group" action="confirmed" date="1997-03-19"/>
  </code>
  <code code="I1300003">
    <editdetail attribution="Reuters BIP Coding Group" action="confirmed" date="1997-03-19"/>
  </code>
  <code code="I21000">
    <editdetail attribution="Reuters BIP Coding Group" action="confirmed" date="1997-03-19"/>
  </code>
</codes>
<codes class="bip:topics:1.0">
  <code code="M11">
    <editdetail attribution="Reuters BIP Coding Group" action="confirmed" date="1997-03-19"/>
  </code>
  <code code="MCAT">
    <editdetail attribution="Reuters BIP Coding Group" action="confirmed" date="1997-03-19"/>
  </code>
</codes>
<dc element="dc.date.created" value="1997-03-19"/>
<dc element="dc.publisher" value="Reuters Holdings Plc"/>
<dc element="dc.date.published" value="1997-03-19"/>
<dc element="dc.source" value="Reuters"/>
<dc element="dc.creator.location" value="TORONTO"/>
<dc element="dc.creator.location.country.name" value="CANADA"/>
<dc element="dc.source" value="Reuters"/>
</metadata>
</newsitem>
