<?xml version="1.0" encoding="iso-8859-1" ?>
<newsitem itemid="451991" id="root" date="1997-03-19" xml:lang="en">
<title>USA: RESEARCH ALERT - Banco de Galicia started.</title>
<headline>RESEARCH ALERT - Banco de Galicia started.</headline>
<text>
<p>-- Credit Lyonnais Securities said on Wednesday analyst Andrew Collins had started coverage of Argentina's Banco de Galicia with a rating of buy.</p>
<p>-- &quot;Banco de Galicia appears to be fairly valued when compared with the Merval and the sector,&quot; Collins wrote in a March 18 report.</p>
<p>-- &quot;However, we maintain that the shares deserve to trade at a premium given the bank's superior growth prospects.&quot;</p>
<p>-- He set a 15-month price target of $30.20 per American Depositary Receipt (ADR).</p>
<p>-- The company's ADRs closed on Wednesday up 1/4 at 24-1/4.</p>
<p>((--Ian Simpson, Wall Street desk, (212) 859-1879))</p>
</text>
<copyright>(c) Reuters Limited 1997</copyright>
<metadata>
<codes class="bip:countries:1.0">
  <code code="ARG">
    <editdetail attribution="Reuters BIP Coding Group" action="confirmed" date="1997-03-19"/>
  </code>
  <code code="USA">
    <editdetail attribution="Reuters BIP Coding Group" action="confirmed" date="1997-03-19"/>
  </code>
</codes>
<codes class="bip:industries:1.0">
  <code code="I81402">
    <editdetail attribution="Reuters BIP Coding Group" action="confirmed" date="1997-03-19"/>
  </code>
</codes>
<codes class="bip:topics:1.0">
  <code code="C15">
    <editdetail attribution="Reuters BIP Coding Group" action="confirmed" date="1997-03-19"/>
  </code>
  <code code="C152">
    <editdetail attribution="Reuters BIP Coding Group" action="confirmed" date="1997-03-19"/>
  </code>
  <code code="CCAT">
    <editdetail attribution="Reuters BIP Coding Group" action="confirmed" date="1997-03-19"/>
  </code>
</codes>
<dc element="dc.publisher" value="Reuters Holdings Plc"/>
<dc element="dc.date.published" value="1997-03-19"/>
<dc element="dc.source" value="Reuters"/>
<dc element="dc.creator.location.country.name" value="USA"/>
<dc element="dc.source" value="Reuters"/>
</metadata>
</newsitem>
