<?xml version="1.0" encoding="iso-8859-1" ?>
<newsitem itemid="451974" id="root" date="1997-03-19" xml:lang="en">
<title>EU:  OFFICIAL JOURNAL CONTENTS - OJ C 20 OF JANUARY 20, 1997.</title>
<headline>OFFICIAL JOURNAL CONTENTS - OJ C 20 OF JANUARY 20, 1997.</headline>
<text>
<p>*</p>
<p>European Parliament</p>
<p>Minutes of the sitting of Monday, 9 December 1996 to Friday, 13 December 1996 END OF DOCUMENT.</p>
</text>
<copyright>(c) Reuters Limited 1997</copyright>
<metadata>
<codes class="bip:countries:1.0">
  <code code="EEC">
    <editdetail attribution="Reuters BIP Coding Group" action="confirmed" date="1997-03-19"/>
  </code>
</codes>
<codes class="bip:topics:1.0">
  <code code="G15">
    <editdetail attribution="Reuters BIP Coding Group" action="confirmed" date="1997-03-19"/>
  </code>
  <code code="GCAT">
    <editdetail attribution="Reuters BIP Coding Group" action="confirmed" date="1997-03-19"/>
  </code>
</codes>
<dc element="dc.publisher" value="Reuters Holdings Plc"/>
<dc element="dc.date.published" value="1997-03-19"/>
<dc element="dc.source" value="Reuters"/>
<dc element="dc.creator.location.country.name" value="EU"/>
<dc element="dc.source" value="Reuters"/>
</metadata>
</newsitem>
