<?xml version="1.0" encoding="iso-8859-1" ?>
<newsitem itemid="451985" id="root" date="1997-03-19" xml:lang="en">
<title>CANADA: Northstar makes good on share buyback.</title>
<headline>Northstar makes good on share buyback.</headline>
<dateline>CALGARY 1997-03-19</dateline>
<text>
<p>Northstar Energy Corp said on Wednesday it would buy back up to C$300 million of its issued and outstanding shares through a dutch auction.</p>
<p>Northstar disclosed the buyback plan in February when it announced its stock swap merger with Morrison Petroleums Ltd.</p>
<p>The purchase price under the bid would range from C$14.50 to C$16.50 a share, the company said.  </p>
<p>Under the deal, shareholders would submit the price range at which they wished to sell their shares. The actual price for the issuer bid would be the lowest clearing price that enabled Northstar to buy up to C$300 million worth of stock.</p>
<p>Shares tendered at or below the final price would be purchased for that amount, subject to proration, and shares tendered above the final price would be returned to holders, Northstar said.</p>
<p>The company, which finalized its merger with Morrison this week, said it expected to mail its issuer bid documents on or about March 21.</p>
<p>((Reuters Calgary Bureau (403) 531-1624))</p>
</text>
<copyright>(c) Reuters Limited 1997</copyright>
<metadata>
<codes class="bip:countries:1.0">
  <code code="CANA">
    <editdetail attribution="Reuters BIP Coding Group" action="confirmed" date="1997-03-19"/>
  </code>
</codes>
<codes class="bip:industries:1.0">
  <code code="I13000">
    <editdetail attribution="Reuters BIP Coding Group" action="confirmed" date="1997-03-19"/>
  </code>
  <code code="I1300003">
    <editdetail attribution="Reuters BIP Coding Group" action="confirmed" date="1997-03-19"/>
  </code>
</codes>
<codes class="bip:topics:1.0">
  <code code="C17">
    <editdetail attribution="Reuters BIP Coding Group" action="confirmed" date="1997-03-19"/>
  </code>
  <code code="C171">
    <editdetail attribution="Reuters BIP Coding Group" action="confirmed" date="1997-03-19"/>
  </code>
  <code code="C18">
    <editdetail attribution="Reuters BIP Coding Group" action="confirmed" date="1997-03-19"/>
  </code>
  <code code="C181">
    <editdetail attribution="Reuters BIP Coding Group" action="confirmed" date="1997-03-19"/>
  </code>
  <code code="CCAT">
    <editdetail attribution="Reuters BIP Coding Group" action="confirmed" date="1997-03-19"/>
  </code>
</codes>
<dc element="dc.date.created" value="1997-03-19"/>
<dc element="dc.publisher" value="Reuters Holdings Plc"/>
<dc element="dc.date.published" value="1997-03-19"/>
<dc element="dc.source" value="Reuters"/>
<dc element="dc.creator.location" value="CALGARY"/>
<dc element="dc.creator.location.country.name" value="CANADA"/>
<dc element="dc.source" value="Reuters"/>
</metadata>
</newsitem>
