<?xml version="1.0" encoding="iso-8859-1" ?>
<newsitem itemid="451981" id="root" date="1997-03-19" xml:lang="en">
<title>CANADA: Canada's Martin favors debt/GDP ratio below 60 pct.</title>
<headline>Canada's Martin favors debt/GDP ratio below 60 pct.</headline>
<dateline>OTTAWA 1997-03-19</dateline>
<text>
<p>Finance Minister Paul Martin said on Wednesday he favored cutting Canada's debt-to-GDP ratio to well below the European goal of 60 percent.</p>
<p>&quot;Very clearly there is a range. I have said on a number of occasions that I think that the Maastricht range, at the upper end, is too high, and it wasn't all that long ago, some 20-25 years ago, that we were at 20 percent in this country. And the debate has got to take place within that range,&quot; Martin said.</p>
<p>Canada currently has a debt worth about 74.4 percent of its gross domestic product (GDP), and the Conservative Party announced on Tuesday it would push for 50 percent in 10 years.  </p>
<p>Under the terms of the European Union's Maastricht Treaty, countries which want to join a single European currency should cut their debt-to-GDP ratio to a maximum of 60 percent.</p>
<p>&quot;What is really important is to get the GDP ratio on a steady downward track,&quot; Martin told reporters.</p>
<p>&quot;We have now begun that process, and what we have said is that we are not going to deviate from that. We're going to see it going down and it's going to continue to go down.&quot;</p>
<p>He repeated his desire for eventual tax cuts but only when health, education and old age pensions are secured. He said the ruling Liberals, likely to call an election this year, would like to give tax cuts to middle and lower-income Canadians.</p>
<p>&quot;But essentially what is really important is not to spend the dividend before it's been earned,&quot; he said.</p>
<p>((Randall Palmer, Reuters Ottawa Bureau 613-235-6745))</p>
<p>				   OTTAWA, March 19 (Reuter) - Finance</p>
</text>
<copyright>(c) Reuters Limited 1997</copyright>
<metadata>
<codes class="bip:countries:1.0">
  <code code="CANA">
    <editdetail attribution="Reuters BIP Coding Group" action="confirmed" date="1997-03-19"/>
  </code>
</codes>
<codes class="bip:topics:1.0">
  <code code="E11">
    <editdetail attribution="Reuters BIP Coding Group" action="confirmed" date="1997-03-19"/>
  </code>
  <code code="E12">
    <editdetail attribution="Reuters BIP Coding Group" action="confirmed" date="1997-03-19"/>
  </code>
  <code code="E21">
    <editdetail attribution="Reuters BIP Coding Group" action="confirmed" date="1997-03-19"/>
  </code>
  <code code="E212">
    <editdetail attribution="Reuters BIP Coding Group" action="confirmed" date="1997-03-19"/>
  </code>
  <code code="ECAT">
    <editdetail attribution="Reuters BIP Coding Group" action="confirmed" date="1997-03-19"/>
  </code>
</codes>
<dc element="dc.date.created" value="1997-03-19"/>
<dc element="dc.publisher" value="Reuters Holdings Plc"/>
<dc element="dc.date.published" value="1997-03-19"/>
<dc element="dc.source" value="Reuters"/>
<dc element="dc.creator.location" value="OTTAWA"/>
<dc element="dc.creator.location.country.name" value="CANADA"/>
<dc element="dc.source" value="Reuters"/>
</metadata>
</newsitem>
