<?xml version="1.0" encoding="iso-8859-1" ?>
<newsitem itemid="451995" id="root" date="1997-03-19" xml:lang="en">
<title>USA: RESEARCH ALERT - KLA Instruments raised.</title>
<headline>RESEARCH ALERT - KLA Instruments raised.</headline>
<text>
<p>-- Robertson, Stephens raised its rating on shares of KLA Instruments Corp to buy from long-term attractive noting the company's shares have fallen 20 percent since mid-February and now represent &quot;a good buying opportunity.&quot;</p>
<p>-- In a statement the company said it expects semiconductor chip makers to continue to invest in yield management tools. KLA makes chip manufacturing equipment.</p>
<p>-- Robertson, Stephens said operating efficiences should start appearing in fiscal 1998 from KLA's proposed merger with Tencor Instruments and KLA's revenue and earnings per share comparisons should turn positive in Q1 fiscal 1998, ending September 1997.</p>
<p>The stock was off 1-5/8 at 36-7/8.</p>
</text>
<copyright>(c) Reuters Limited 1997</copyright>
<metadata>
<codes class="bip:countries:1.0">
  <code code="USA">
    <editdetail attribution="Reuters BIP Coding Group" action="confirmed" date="1997-03-19"/>
  </code>
</codes>
<codes class="bip:industries:1.0">
  <code code="I34420">
    <editdetail attribution="Reuters BIP Coding Group" action="confirmed" date="1997-03-19"/>
  </code>
</codes>
<codes class="bip:topics:1.0">
  <code code="C15">
    <editdetail attribution="Reuters BIP Coding Group" action="confirmed" date="1997-03-19"/>
  </code>
  <code code="C152">
    <editdetail attribution="Reuters BIP Coding Group" action="confirmed" date="1997-03-19"/>
  </code>
  <code code="CCAT">
    <editdetail attribution="Reuters BIP Coding Group" action="confirmed" date="1997-03-19"/>
  </code>
</codes>
<dc element="dc.publisher" value="Reuters Holdings Plc"/>
<dc element="dc.date.published" value="1997-03-19"/>
<dc element="dc.source" value="Reuters"/>
<dc element="dc.creator.location.country.name" value="USA"/>
<dc element="dc.source" value="Reuters"/>
</metadata>
</newsitem>
