<?xml version="1.0" encoding="iso-8859-1" ?>
<newsitem itemid="451973" id="root" date="1997-03-19" xml:lang="en">
<title>EU:  OFFICIAL JOURNAL CONTENTS - OJ C 88 OF MARCH 19, 1997.</title>
<headline>OFFICIAL JOURNAL CONTENTS - OJ C 88 OF MARCH 19, 1997.</headline>
<text>
<p>*</p>
<p>(Note - contents are displayed in reverse order to that in the printed Journal)</p>
<p>*</p>
<p>Operation of scheduled air services Invitation to tender issued by France under Article 4 (1) (d) of Council Regulation (EEC) No 2408/92 in respect of the operation of scheduled seasonal air services between Rochefort-Saint-Agnan and Paris-Orly (97/C 88/07)</p>
<p>Prior notification of a concentration (Case No IV/M.900 - BT/TELE DK/SBB/Migros/UBS) (97/C 88/06)</p>
<p>STATE AID C 61/96 (ex N 408/B/96) Italy (97/C 88/05)</p>
<p>Authorization for State aid pursuant to Articles 92 and 93 of the EC Treaty Cases where the Commission raises no objections (97/C 88/04)</p>
<p>STATE AID C 56/96 (ex NN 174/95) Italy (97/C 88/03)</p>
<p>Information procedure - technical regulations (97/C 88/02)</p>
<p>Ecu (1) 18 March 1997 (97/C 88/01) END OF DOCUMENT.</p>
</text>
<copyright>(c) Reuters Limited 1997</copyright>
<metadata>
<codes class="bip:countries:1.0">
  <code code="EEC">
    <editdetail attribution="Reuters BIP Coding Group" action="confirmed" date="1997-03-19"/>
  </code>
</codes>
<codes class="bip:topics:1.0">
  <code code="G15">
    <editdetail attribution="Reuters BIP Coding Group" action="confirmed" date="1997-03-19"/>
  </code>
  <code code="GCAT">
    <editdetail attribution="Reuters BIP Coding Group" action="confirmed" date="1997-03-19"/>
  </code>
</codes>
<dc element="dc.publisher" value="Reuters Holdings Plc"/>
<dc element="dc.date.published" value="1997-03-19"/>
<dc element="dc.source" value="Reuters"/>
<dc element="dc.creator.location.country.name" value="EU"/>
<dc element="dc.source" value="Reuters"/>
</metadata>
</newsitem>
