<?xml version="1.0" encoding="iso-8859-1" ?>
<newsitem itemid="451979" id="root" date="1997-03-19" xml:lang="en">
<title>CANADA: Bre-X accident latest Canada miner mishap.</title>
<headline>Bre-X accident latest Canada miner mishap.</headline>
<byline>Darren Schuettler</byline>
<dateline>TORONTO 1997-03-19</dateline>
<text>
<p>The presumed death of geologist Michael de Guzman, who helped discover Indonesia's rich Busang gold site, on Wednesday shocked fellow prospectors and highlighted the dangers of their profession.</p>
<p>De Guzman, chief geologist for Calgary-based Bre-X Minerals Ltd, fell out of a helicopter as he was returning to the Busang mine site in Indonesia's East Kalamantan province.</p>
<p>Rescue crews were still searching the dense Borneo jungle for 41-year-old Filipino's body after he fell about 800 feet from the helicopter.</p>
<p>&quot;It's very tragic and he will be remembered as a fine geologist,&quot; Bre-X Minerals chief executive David Walsh said in a telephone interview.</p>
<p>De Guzman was a key member of the team which discovered Busang -- the richest gold find this century -- a few years ago. Bre-X has since agreed to develop the Busang site, valued at US$25 billion, with U.S.-based Freeport-McMoRan Copper and Gold Inc and Indonesian partners.</p>
<p>&quot;He (de Guzman) was a very respected geologist and well respected within the mining community,&quot; said Mario Steiner, president of Aerodat Inc, a geological survey company.</p>
<p>Bre-X's stock was halted for several hours on the Toronto Stock Exchange on Wednesday before Bre-X issued a statement.</p>
<p>The company's stock closed down 0.40 at 17.25 on volume of 5.2 million shares.</p>
<p>Bre-X senior vice-president of exploration John Felderhof, who is currently in North America, will return to Indonesia, Walsh said.</p>
<p>This is the latest tragedy involving Canadian mining and exploration companies in far-flung corners of the world.</p>
<p>In October 1995, nine employees of Saskatoon-based Cameco Corp were killed in a helicopter crash in Kyrgyzstan.</p>
<p>The Kyrgyzstan Air helicopter, chartered by a Cameco unit, was en route from the Kumtor gold mine when it went down.</p>
<p>The families of the nine Canadians killed in the crash have said they plan to file a C$20.7 million lawsuit alleging Cameco and other defendants were negligent.</p>
<p>Airborne surveyor Aerodat Inc has lost three aircraft since 1994, the latest in the dense eastern Amazon jungle of Peru.</p>
<p>In September 1996, Falconbridge Ltd chief executive Franklin Pickard died of a heart attack while visiting the company's copper site high in Chile's Andes Mountains.</p>
<p>&quot;It puts you in circumstances that maybe other jobs wouldn't put you in, but the industry has very high safety standards,&quot; said Tony Andrews, executive director of the Prospectors and Developers Association of Canada.</p>
<p>&quot;With the number of miles travelled and so on, there are bound to be accidents, but I don't think our industry is any different from others that are global in nature,&quot; he said.</p>
<p>((Reuters Toronto Bureau (416) 941-8100))</p>
</text>
<copyright>(c) Reuters Limited 1997</copyright>
<metadata>
<codes class="bip:countries:1.0">
  <code code="CANA">
    <editdetail attribution="Reuters BIP Coding Group" action="confirmed" date="1997-03-19"/>
  </code>
  <code code="INDON">
    <editdetail attribution="Reuters BIP Coding Group" action="confirmed" date="1997-03-19"/>
  </code>
</codes>
<codes class="bip:industries:1.0">
  <code code="I21000">
    <editdetail attribution="Reuters BIP Coding Group" action="confirmed" date="1997-03-19"/>
  </code>
</codes>
<codes class="bip:topics:1.0">
  <code code="C24">
    <editdetail attribution="Reuters BIP Coding Group" action="confirmed" date="1997-03-19"/>
  </code>
  <code code="CCAT">
    <editdetail attribution="Reuters BIP Coding Group" action="confirmed" date="1997-03-19"/>
  </code>
  <code code="GCAT">
    <editdetail attribution="Reuters BIP Coding Group" action="confirmed" date="1997-03-19"/>
  </code>
  <code code="GDIS">
    <editdetail attribution="Reuters BIP Coding Group" action="confirmed" date="1997-03-19"/>
  </code>
</codes>
<dc element="dc.date.created" value="1997-03-19"/>
<dc element="dc.publisher" value="Reuters Holdings Plc"/>
<dc element="dc.date.published" value="1997-03-19"/>
<dc element="dc.source" value="Reuters"/>
<dc element="dc.creator.location" value="TORONTO"/>
<dc element="dc.creator.location.country.name" value="CANADA"/>
<dc element="dc.source" value="Reuters"/>
</metadata>
</newsitem>
