<?xml version="1.0" encoding="iso-8859-1" ?>
<newsitem itemid="452081" id="root" date="1997-03-19" xml:lang="en">
<title>USA: Mississippi River reopened at barge accident site.</title>
<headline>Mississippi River reopened at barge accident site.</headline>
<dateline>BATON ROUGE, La. 1997-03-19</dateline>
<text>
<p>The U.S. Coast Guard on Wednesday said the Mississippi River was reopened to one-way traffic past the site near here where a barge accident had closed the river since Monday.</p>
<p>&quot;We have an officer on board a commercial tug to serve as the gatekeeper for traffic on the river and vessels will be allowed to proceed with his permission one at a time, one way at a time,&quot; Coast Guard Commander Ken Parris told Reuters.  </p>
<p>The river was shut Monday evening when a tugboat with 25 barges in tow struck a bridge, sinking two barges and capsizing a barge carrying a volatile mix of gasoline and benzene.</p>
<p>Other tugs operating on the river nearby scrambled to round up barges that broke loose, and one remained missing, the Coast Guard said.</p>
<p>Divers were working to attached hoses to the capsized barge to begin lightering operations to empty its contents. Once that is completed, the barge will be uprighted by two large cranes brought upriver from New Orleans, the Coast Guard said.</p>
<p>The backlog of river traffic Wednesday included two passenger river boats with more than 700 people on board and 20 tows handling an undetermined number of barges.</p>
</text>
<copyright>(c) Reuters Limited 1997</copyright>
<metadata>
<codes class="bip:countries:1.0">
  <code code="USA">
    <editdetail attribution="Reuters BIP Coding Group" action="confirmed" date="1997-03-19"/>
  </code>
</codes>
<codes class="bip:industries:1.0">
  <code code="I74000">
    <editdetail attribution="Reuters BIP Coding Group" action="confirmed" date="1997-03-19"/>
  </code>
</codes>
<codes class="bip:topics:1.0">
  <code code="C24">
    <editdetail attribution="Reuters BIP Coding Group" action="confirmed" date="1997-03-19"/>
  </code>
  <code code="CCAT">
    <editdetail attribution="Reuters BIP Coding Group" action="confirmed" date="1997-03-19"/>
  </code>
  <code code="GCAT">
    <editdetail attribution="Reuters BIP Coding Group" action="confirmed" date="1997-03-19"/>
  </code>
  <code code="GDIS">
    <editdetail attribution="Reuters BIP Coding Group" action="confirmed" date="1997-03-19"/>
  </code>
</codes>
<dc element="dc.date.created" value="1997-03-19"/>
<dc element="dc.publisher" value="Reuters Holdings Plc"/>
<dc element="dc.date.published" value="1997-03-19"/>
<dc element="dc.source" value="Reuters"/>
<dc element="dc.creator.location" value="BATON ROUGE, La."/>
<dc element="dc.creator.location.country.name" value="USA"/>
<dc element="dc.source" value="Reuters"/>
</metadata>
</newsitem>
