<?xml version="1.0" encoding="iso-8859-1" ?>
<newsitem itemid="452043" id="root" date="1997-03-19" xml:lang="en">
<title>USA: Stewart &amp; Stevenson Services Inc Q4 net.</title>
<headline>Stewart &amp; Stevenson Services Inc Q4 net.</headline>
<dateline>HOUSTON 1997-03-19</dateline>
<text>
<p>(In thousands, except per share data)</p>
<p>				   For the year  For the three months</p>
<p>				 ended January 31,  ended January 31,</p>
<p>				   1997	 1996	1997     1996</p>
<p>								(Unaudited)</p>
<p>  Sales		   $1,187,161 $1,233,981  390,061  301,340</p>
<p>Settlement of</p>
<p>   Litigation		 20,000	    0	  0	  0</p>
<p> Net earnings		 16,851     61,803   10,636   13,861</p>
<p>Weighted average number</p>
<p>of shares of Common</p>
<p>  Stock outstanding	 33,068     33,035   33,086   33,050</p>
<p> Net earnings per share     0.51	 1.87     0.32     0.42</p>
<p>	    ((-- New York Newsdesk 212 859-1610))</p>
</text>
<copyright>(c) Reuters Limited 1997</copyright>
<metadata>
<codes class="bip:countries:1.0">
  <code code="USA">
    <editdetail attribution="Reuters BIP Coding Group" action="confirmed" date="1997-03-19"/>
  </code>
</codes>
<codes class="bip:industries:1.0">
  <code code="I32810">
    <editdetail attribution="Reuters BIP Coding Group" action="confirmed" date="1997-03-19"/>
  </code>
</codes>
<codes class="bip:topics:1.0">
  <code code="C15">
    <editdetail attribution="Reuters BIP Coding Group" action="confirmed" date="1997-03-19"/>
  </code>
  <code code="C151">
    <editdetail attribution="Reuters BIP Coding Group" action="confirmed" date="1997-03-19"/>
  </code>
  <code code="C1511">
    <editdetail attribution="Reuters BIP Coding Group" action="confirmed" date="1997-03-19"/>
  </code>
  <code code="CCAT">
    <editdetail attribution="Reuters BIP Coding Group" action="confirmed" date="1997-03-19"/>
  </code>
</codes>
<dc element="dc.date.created" value="1997-03-19"/>
<dc element="dc.publisher" value="Reuters Holdings Plc"/>
<dc element="dc.date.published" value="1997-03-19"/>
<dc element="dc.source" value="Reuters"/>
<dc element="dc.creator.location" value="HOUSTON"/>
<dc element="dc.creator.location.country.name" value="USA"/>
<dc element="dc.source" value="Reuters"/>
</metadata>
</newsitem>
