<?xml version="1.0" encoding="iso-8859-1" ?>
<newsitem itemid="452060" id="root" date="1997-03-19" xml:lang="en">
<title>USA: Proactive Technologies to buy back stock.</title>
<headline>Proactive Technologies to buy back stock.</headline>
<dateline>TALLAHASSEE, Fla. 1997-03-19</dateline>
<text>
<p>Proactive Technologies Inc said its board has approved the repurchase of up to 300,000 shares of its own stock, which represents about 6.5 percent of the outstanding float, due to its current trading below its book value of $1.42 per share.</p>
<p>As of today, the company has already purchased 40,000 shares.</p>
</text>
<copyright>(c) Reuters Limited 1997</copyright>
<metadata>
<codes class="bip:countries:1.0">
  <code code="USA">
    <editdetail attribution="Reuters BIP Coding Group" action="confirmed" date="1997-03-19"/>
  </code>
</codes>
<codes class="bip:topics:1.0">
  <code code="C17">
    <editdetail attribution="Reuters BIP Coding Group" action="confirmed" date="1997-03-19"/>
  </code>
  <code code="C171">
    <editdetail attribution="Reuters BIP Coding Group" action="confirmed" date="1997-03-19"/>
  </code>
  <code code="C18">
    <editdetail attribution="Reuters BIP Coding Group" action="confirmed" date="1997-03-19"/>
  </code>
  <code code="C181">
    <editdetail attribution="Reuters BIP Coding Group" action="confirmed" date="1997-03-19"/>
  </code>
  <code code="CCAT">
    <editdetail attribution="Reuters BIP Coding Group" action="confirmed" date="1997-03-19"/>
  </code>
</codes>
<dc element="dc.date.created" value="1997-03-19"/>
<dc element="dc.publisher" value="Reuters Holdings Plc"/>
<dc element="dc.date.published" value="1997-03-19"/>
<dc element="dc.source" value="Reuters"/>
<dc element="dc.creator.location" value="TALLAHASSEE, Fla."/>
<dc element="dc.creator.location.country.name" value="USA"/>
<dc element="dc.source" value="Reuters"/>
</metadata>
</newsitem>
