<?xml version="1.0" encoding="iso-8859-1" ?>
<newsitem itemid="452051" id="root" date="1997-03-19" xml:lang="en">
<title>USA: AccuMed responds to FDA inquiries on TracCell.</title>
<headline>AccuMed responds to FDA inquiries on TracCell.</headline>
<dateline>CHICAGO 1997-03-19</dateline>
<text>
<p>AccuMed International Inc said Wednesday it has responded to a recent Food and Drug Administration letter requesting additional information on the company's TracCell diagnostic test.</p>
<p>AccuMed said its scientists met with FDA officials on March 7 to clarify the FDA questions related to a November 21, 1996 filing seeking marketing approval of the test. The questions were not disclosed.</p>
<p>No additional studies were required to respond completely to the FDA, the company said.</p>
<p>AccuMed's TracCell 2000 fully automated slide mapping system is used for Pap tests by cytotechnologists.</p>
<p>Dr. Norman Pressman, president of AccuMed's Cytopathology Division, said, &quot;We are encouraged by our interactions with the FDA, we anticipate a prompt response and we are confident that the TracCell will become a significant tool to aid cytotechnologists and cytopathologists within the diagnostic laboratory industry.&quot;</p>
<p>AccuMed develops laboratory products for cancer screening.</p>
<p>		   ((Chicago newsdesk 312 408 8787))</p>
</text>
<copyright>(c) Reuters Limited 1997</copyright>
<metadata>
<codes class="bip:countries:1.0">
  <code code="USA">
    <editdetail attribution="Reuters BIP Coding Group" action="confirmed" date="1997-03-19"/>
  </code>
</codes>
<codes class="bip:industries:1.0">
  <code code="I25700">
    <editdetail attribution="Reuters BIP Coding Group" action="confirmed" date="1997-03-19"/>
  </code>
</codes>
<codes class="bip:topics:1.0">
  <code code="C13">
    <editdetail attribution="Reuters BIP Coding Group" action="confirmed" date="1997-03-19"/>
  </code>
  <code code="C23">
    <editdetail attribution="Reuters BIP Coding Group" action="confirmed" date="1997-03-19"/>
  </code>
  <code code="CCAT">
    <editdetail attribution="Reuters BIP Coding Group" action="confirmed" date="1997-03-19"/>
  </code>
</codes>
<dc element="dc.date.created" value="1997-03-19"/>
<dc element="dc.publisher" value="Reuters Holdings Plc"/>
<dc element="dc.date.published" value="1997-03-19"/>
<dc element="dc.source" value="Reuters"/>
<dc element="dc.creator.location" value="CHICAGO"/>
<dc element="dc.creator.location.country.name" value="USA"/>
<dc element="dc.source" value="Reuters"/>
</metadata>
</newsitem>
