<?xml version="1.0" encoding="iso-8859-1" ?>
<newsitem itemid="452072" id="root" date="1997-03-19" xml:lang="en">
<title>USA: CDI names Mitch Wienick Pres/CEO.</title>
<headline>CDI names Mitch Wienick Pres/CEO.</headline>
<dateline>PHILADELPHIA 1997-03-19</dateline>
<text>
<p>CDI Corp said Wednesday it elected Mitch Wienick, 48, as CSI's new president and chief executive officer, effective April 7.</p>
<p>Wienick is currently president of Ameritech Consumer Services, the largest business unit of Ameritech Corp.</p>
<p>Walter Garrison, CDI's current president, CEO and board chairman will, at age 71, retire from active involvement with the company, it said.</p>
<p>Garrison will remain as board chairman but will have no executive management responsibilities, the company said.</p>
<p>Wienick will also join CDI's board, effective April 7, the company said.</p>
</text>
<copyright>(c) Reuters Limited 1997</copyright>
<metadata>
<codes class="bip:countries:1.0">
  <code code="USA">
    <editdetail attribution="Reuters BIP Coding Group" action="confirmed" date="1997-03-19"/>
  </code>
</codes>
<codes class="bip:industries:1.0">
  <code code="I79020">
    <editdetail attribution="Reuters BIP Coding Group" action="confirmed" date="1997-03-19"/>
  </code>
  <code code="I83700">
    <editdetail attribution="Reuters BIP Coding Group" action="confirmed" date="1997-03-19"/>
  </code>
</codes>
<codes class="bip:topics:1.0">
  <code code="C41">
    <editdetail attribution="Reuters BIP Coding Group" action="confirmed" date="1997-03-19"/>
  </code>
  <code code="C411">
    <editdetail attribution="Reuters BIP Coding Group" action="confirmed" date="1997-03-19"/>
  </code>
  <code code="CCAT">
    <editdetail attribution="Reuters BIP Coding Group" action="confirmed" date="1997-03-19"/>
  </code>
</codes>
<dc element="dc.date.created" value="1997-03-19"/>
<dc element="dc.publisher" value="Reuters Holdings Plc"/>
<dc element="dc.date.published" value="1997-03-19"/>
<dc element="dc.source" value="Reuters"/>
<dc element="dc.creator.location" value="PHILADELPHIA"/>
<dc element="dc.creator.location.country.name" value="USA"/>
<dc element="dc.source" value="Reuters"/>
</metadata>
</newsitem>
