<?xml version="1.0" encoding="iso-8859-1" ?>
<newsitem itemid="452012" id="root" date="1997-03-19" xml:lang="en">
<title>USA: Deere unit files $1 bln debt, warrant shelf.</title>
<headline>Deere unit files $1 bln debt, warrant shelf.</headline>
<dateline>WASHINGTON 1997-03-19</dateline>
<text>
<p>John Deere Capital Corp, a unit of Deere &amp; Co filed Wednesday a shelf registration with the Securities and Exchange Commission to sell up to $1 billion in debt securities and warrants.</p>
<p>When combined with a previous registration, Deere will have a total offering of $1.15 billion in debt securities available for sale.  </p>
<p>Net proceeds will be added to general funds and used for working capital and other general corporate purposes, the company said in the filing.</p>
<p>John Deere, based in Moline, Ill., provides and administers financing for retail purchases of new and used equipment manufactured by Deere &amp; Co's agricultural, construction, commercial and consumer equipment divisions.</p>
</text>
<copyright>(c) Reuters Limited 1997</copyright>
<metadata>
<codes class="bip:countries:1.0">
  <code code="USA">
    <editdetail attribution="Reuters BIP Coding Group" action="confirmed" date="1997-03-19"/>
  </code>
</codes>
<codes class="bip:industries:1.0">
  <code code="I32100">
    <editdetail attribution="Reuters BIP Coding Group" action="confirmed" date="1997-03-19"/>
  </code>
</codes>
<codes class="bip:topics:1.0">
  <code code="C17">
    <editdetail attribution="Reuters BIP Coding Group" action="confirmed" date="1997-03-19"/>
  </code>
  <code code="C171">
    <editdetail attribution="Reuters BIP Coding Group" action="confirmed" date="1997-03-19"/>
  </code>
  <code code="C172">
    <editdetail attribution="Reuters BIP Coding Group" action="confirmed" date="1997-03-19"/>
  </code>
  <code code="CCAT">
    <editdetail attribution="Reuters BIP Coding Group" action="confirmed" date="1997-03-19"/>
  </code>
</codes>
<dc element="dc.date.created" value="1997-03-19"/>
<dc element="dc.publisher" value="Reuters Holdings Plc"/>
<dc element="dc.date.published" value="1997-03-19"/>
<dc element="dc.source" value="Reuters"/>
<dc element="dc.creator.location" value="WASHINGTON"/>
<dc element="dc.creator.location.country.name" value="USA"/>
<dc element="dc.source" value="Reuters"/>
</metadata>
</newsitem>
