<?xml version="1.0" encoding="iso-8859-1" ?>
<newsitem itemid="452045" id="root" date="1997-03-19" xml:lang="en">
<title>USA: Compuserve defends ouster of Time.</title>
<headline>Compuserve defends ouster of Time.</headline>
<dateline>COLUMBUS, Ohio 1997-03-19</dateline>
<text>
<p>CompuServe Inc said Wednesday, in response to a lawsuit filed against it by Time Warner Inc, that Time Magazine's online content has not proved sufficient to justify its presence on CompuServe's Interactive Service.</p>
<p>The company, which has moved to terminate Time's presence there, said there was an exit option at the midpoint of its two-year contract with Time, which began on March 9, 1996.</p>
<p>The company said Time's assertion that CompuServe was reneging on its agreement is without merit and that it acted within the terms of its contract.</p>
<p>Time said earlier Wednesday that it is suing CompuServe for $3.5 million for removing it from its service and refusing to make payments to it.</p>
</text>
<copyright>(c) Reuters Limited 1997</copyright>
<metadata>
<codes class="bip:countries:1.0">
  <code code="USA">
    <editdetail attribution="Reuters BIP Coding Group" action="confirmed" date="1997-03-19"/>
  </code>
</codes>
<codes class="bip:industries:1.0">
  <code code="I83940">
    <editdetail attribution="Reuters BIP Coding Group" action="confirmed" date="1997-03-19"/>
  </code>
  <code code="I83960">
    <editdetail attribution="Reuters BIP Coding Group" action="confirmed" date="1997-03-19"/>
  </code>
</codes>
<codes class="bip:topics:1.0">
  <code code="C12">
    <editdetail attribution="Reuters BIP Coding Group" action="confirmed" date="1997-03-19"/>
  </code>
  <code code="CCAT">
    <editdetail attribution="Reuters BIP Coding Group" action="confirmed" date="1997-03-19"/>
  </code>
  <code code="GCAT">
    <editdetail attribution="Reuters BIP Coding Group" action="confirmed" date="1997-03-19"/>
  </code>
  <code code="GCRIM">
    <editdetail attribution="Reuters BIP Coding Group" action="confirmed" date="1997-03-19"/>
  </code>
</codes>
<dc element="dc.date.created" value="1997-03-19"/>
<dc element="dc.publisher" value="Reuters Holdings Plc"/>
<dc element="dc.date.published" value="1997-03-19"/>
<dc element="dc.source" value="Reuters"/>
<dc element="dc.creator.location" value="COLUMBUS, Ohio"/>
<dc element="dc.creator.location.country.name" value="USA"/>
<dc element="dc.source" value="Reuters"/>
</metadata>
</newsitem>
