<?xml version="1.0" encoding="iso-8859-1" ?>
<newsitem itemid="452075" id="root" date="1997-03-19" xml:lang="en">
<title>USA: Goody's family Q4 shr $0.62 vs $0.32.</title>
<headline>Goody's family Q4 shr $0.62 vs $0.32.</headline>
<dateline>KNOXVILLE, Tenn. 1997-03-19</dateline>
<text>
<p>GOODY'S FAMILY CLOTHING, INC.</p>
<p>			   Statements of Operations</p>
<p>	    (In thousands, except earnings per share data)</p>
<p>				    Fourth Quarter	Fiscal Year</p>
<p>					1996     1995     1996     1995</p>
<p>			(13 weeks) (14 weeks) (52 weeks) (53 weeks)</p>
<p>				     (Unaudited)</p>
<p> Sales			  $273,499 $228,702 $819,056 $696,868</p>
<p>Cost of sales and</p>
<p> occupancy expenses	 204,192  175,071  609,684  526,151</p>
</text>
<copyright>(c) Reuters Limited 1997</copyright>
<metadata>
<codes class="bip:countries:1.0">
  <code code="USA">
    <editdetail attribution="Reuters BIP Coding Group" action="confirmed" date="1997-03-19"/>
  </code>
</codes>
<codes class="bip:industries:1.0">
  <code code="I64500">
    <editdetail attribution="Reuters BIP Coding Group" action="confirmed" date="1997-03-19"/>
  </code>
</codes>
<codes class="bip:topics:1.0">
  <code code="C15">
    <editdetail attribution="Reuters BIP Coding Group" action="confirmed" date="1997-03-19"/>
  </code>
  <code code="C151">
    <editdetail attribution="Reuters BIP Coding Group" action="confirmed" date="1997-03-19"/>
  </code>
  <code code="C1511">
    <editdetail attribution="Reuters BIP Coding Group" action="confirmed" date="1997-03-19"/>
  </code>
  <code code="CCAT">
    <editdetail attribution="Reuters BIP Coding Group" action="confirmed" date="1997-03-19"/>
  </code>
</codes>
<dc element="dc.date.created" value="1997-03-19"/>
<dc element="dc.publisher" value="Reuters Holdings Plc"/>
<dc element="dc.date.published" value="1997-03-19"/>
<dc element="dc.source" value="Reuters"/>
<dc element="dc.creator.location" value="KNOXVILLE, Tenn."/>
<dc element="dc.creator.location.country.name" value="USA"/>
<dc element="dc.source" value="Reuters"/>
</metadata>
</newsitem>
