<?xml version="1.0" encoding="iso-8859-1" ?>
<newsitem itemid="452025" id="root" date="1997-03-19" xml:lang="en">
<title>USA: Accelr8 Technology Corp Q2 Jan 31 decreases.</title>
<headline>Accelr8 Technology Corp Q2 Jan 31 decreases.</headline>
<dateline>DENVER 1997-03-18</dateline>
<text>
<p>1997			1996</p>
<p> Shr			  $0.01			N/A</p>
<p> Net			     50		     $160</p>
<p> Revs			   259			371</p>
<p>(All data above 000s except per share numbers)</p>
<p>NOTE:  The company was not available to comment on its results for the first six months of either 1997 or 1996, or on the earnings per share for the second quater of 1996.</p>
</text>
<copyright>(c) Reuters Limited 1997</copyright>
<metadata>
<codes class="bip:countries:1.0">
  <code code="USA">
    <editdetail attribution="Reuters BIP Coding Group" action="confirmed" date="1997-03-19"/>
  </code>
</codes>
<codes class="bip:topics:1.0">
  <code code="C15">
    <editdetail attribution="Reuters BIP Coding Group" action="confirmed" date="1997-03-19"/>
  </code>
  <code code="C151">
    <editdetail attribution="Reuters BIP Coding Group" action="confirmed" date="1997-03-19"/>
  </code>
  <code code="CCAT">
    <editdetail attribution="Reuters BIP Coding Group" action="confirmed" date="1997-03-19"/>
  </code>
</codes>
<dc element="dc.date.created" value="1997-03-18"/>
<dc element="dc.publisher" value="Reuters Holdings Plc"/>
<dc element="dc.date.published" value="1997-03-19"/>
<dc element="dc.source" value="Reuters"/>
<dc element="dc.creator.location" value="DENVER"/>
<dc element="dc.creator.location.country.name" value="USA"/>
<dc element="dc.source" value="Reuters"/>
</metadata>
</newsitem>
