<?xml version="1.0" encoding="iso-8859-1" ?>
<newsitem itemid="452032" id="root" date="1997-03-19" xml:lang="en">
<title>USA: Eastern Co urges holders to reject proxy.</title>
<headline>Eastern Co urges holders to reject proxy.</headline>
<dateline>MILLBROOK, N.Y. 1997-03-19</dateline>
<text>
<p>The board of directors of The Eastern Co said Wednesday it was urging its shareholders to reject a proposal made by Millbrook Capital Management Inc to elect three candidates to the board.</p>
<p>Millbrook had its MML Investments LLC affiliate begin soliciting proxies from shareholders in its efforts to elect a slate of three directors at the next annual shareholders meeting. If elected, the slate would propose measures to increase shareholder value, said Millbrook, which owns 6.61 percent of the company.  </p>
<p>But the board said the proxy was &quot;harmful&quot; to the company and its shareholders.</p>
<p>&quot;We are urging all our shareholders to reject your campaign by signing and returning a WHITE proxy card with a vote in favor of management,&quot; it said.</p>
<p>&quot;We have worked hard to build a strong financial base from which to create long-term value for our shareholders.</p>
<p>&quot;We believe that you are trying to use that strength...to support your highly leveraged offer and thereby deprive the shareholders of the value that strength will produce.&quot;</p>
<p>In December, Millbrook was prevented from holding a special shareholders meeting in order to propose the purchase of the company.</p>
</text>
<copyright>(c) Reuters Limited 1997</copyright>
<metadata>
<codes class="bip:countries:1.0">
  <code code="USA">
    <editdetail attribution="Reuters BIP Coding Group" action="confirmed" date="1997-03-19"/>
  </code>
</codes>
<codes class="bip:industries:1.0">
  <code code="I22100">
    <editdetail attribution="Reuters BIP Coding Group" action="confirmed" date="1997-03-19"/>
  </code>
  <code code="I81502">
    <editdetail attribution="Reuters BIP Coding Group" action="confirmed" date="1997-03-19"/>
  </code>
</codes>
<codes class="bip:topics:1.0">
  <code code="C41">
    <editdetail attribution="Reuters BIP Coding Group" action="confirmed" date="1997-03-19"/>
  </code>
  <code code="C411">
    <editdetail attribution="Reuters BIP Coding Group" action="confirmed" date="1997-03-19"/>
  </code>
  <code code="CCAT">
    <editdetail attribution="Reuters BIP Coding Group" action="confirmed" date="1997-03-19"/>
  </code>
</codes>
<dc element="dc.date.created" value="1997-03-19"/>
<dc element="dc.publisher" value="Reuters Holdings Plc"/>
<dc element="dc.date.published" value="1997-03-19"/>
<dc element="dc.source" value="Reuters"/>
<dc element="dc.creator.location" value="MILLBROOK, N.Y."/>
<dc element="dc.creator.location.country.name" value="USA"/>
<dc element="dc.source" value="Reuters"/>
</metadata>
</newsitem>
