<?xml version="1.0" encoding="iso-8859-1" ?>
<newsitem itemid="452096" id="root" date="1997-03-19" xml:lang="en">
<title>USA: Possis Medical launches AngioJet program.</title>
<headline>Possis Medical launches AngioJet program.</headline>
<dateline>MINNEAPOLIS 1997-03-19</dateline>
<text>
<p>Possis Medical Inc said Wednesday it launched a sales program for its AngioJet Rapid Thrombectomy System, used to treat heart attack victims.</p>
<p>The company also announced it recently shipped AngioJet Drive Units to independent distributors in Italy, Saudi Arabia, Russia and Portugal. Regulators in Australia also approved the AngioJet System with no restrictions, Possis Medical said.</p>
<p>Possis Medical develops cardiovascular medical devices.</p>
<p>Its shares were off 1/4 Wednesday at 13.</p>
<p>((Chicago newsdesk (312) 408-8787))</p>
</text>
<copyright>(c) Reuters Limited 1997</copyright>
<metadata>
<codes class="bip:countries:1.0">
  <code code="USA">
    <editdetail attribution="Reuters BIP Coding Group" action="confirmed" date="1997-03-19"/>
  </code>
</codes>
<codes class="bip:industries:1.0">
  <code code="I37200">
    <editdetail attribution="Reuters BIP Coding Group" action="confirmed" date="1997-03-19"/>
  </code>
</codes>
<codes class="bip:topics:1.0">
  <code code="C22">
    <editdetail attribution="Reuters BIP Coding Group" action="confirmed" date="1997-03-19"/>
  </code>
  <code code="C31">
    <editdetail attribution="Reuters BIP Coding Group" action="confirmed" date="1997-03-19"/>
  </code>
  <code code="CCAT">
    <editdetail attribution="Reuters BIP Coding Group" action="confirmed" date="1997-03-19"/>
  </code>
</codes>
<dc element="dc.date.created" value="1997-03-19"/>
<dc element="dc.publisher" value="Reuters Holdings Plc"/>
<dc element="dc.date.published" value="1997-03-19"/>
<dc element="dc.source" value="Reuters"/>
<dc element="dc.creator.location" value="MINNEAPOLIS"/>
<dc element="dc.creator.location.country.name" value="USA"/>
<dc element="dc.source" value="Reuters"/>
</metadata>
</newsitem>
