<?xml version="1.0" encoding="iso-8859-1" ?>
<newsitem itemid="452035" id="root" date="1997-03-19" xml:lang="en">
<title>USA: IPO FILING-Peak International Ltd.</title>
<headline>IPO FILING-Peak International Ltd.</headline>
<dateline>WASHINGTON 1997-03-19</dateline>
<text>
<p>Company Name		 Peak International Ltd</p>
<p>Stock symbol			PITLF.O</p>
<p>Estimated price range	   $12-$14/shr</p>
<p>Total shares to be offered    3.0 million</p>
<p>Shrs offered by company	 3.0 million</p>
<p>Shrs outstanding after ipo    13,461,538</p>
<p>Lead Underwriter    Donaldson Lukfin &amp; Jenrette</p>
<p>Underwriters over-allotment  450,000 shrs Business: Based in Hong Kong, Peak is a supplier of precision engineered packaging products for the storage, transporation and automated handling of semiconductor devices and other electronic components.</p>
<p>Use of Proceeds: Net proceeds will be used to repay bank laons. Balance of proceeds will be used to fund planned capital expenditures.</p>
</text>
<copyright>(c) Reuters Limited 1997</copyright>
<metadata>
<codes class="bip:countries:1.0">
  <code code="HKONG">
    <editdetail attribution="Reuters BIP Coding Group" action="confirmed" date="1997-03-19"/>
  </code>
  <code code="USA">
    <editdetail attribution="Reuters BIP Coding Group" action="confirmed" date="1997-03-19"/>
  </code>
</codes>
<codes class="bip:industries:1.0">
  <code code="I75000">
    <editdetail attribution="Reuters BIP Coding Group" action="confirmed" date="1997-03-19"/>
  </code>
</codes>
<codes class="bip:topics:1.0">
  <code code="C17">
    <editdetail attribution="Reuters BIP Coding Group" action="confirmed" date="1997-03-19"/>
  </code>
  <code code="C171">
    <editdetail attribution="Reuters BIP Coding Group" action="confirmed" date="1997-03-19"/>
  </code>
  <code code="CCAT">
    <editdetail attribution="Reuters BIP Coding Group" action="confirmed" date="1997-03-19"/>
  </code>
</codes>
<dc element="dc.date.created" value="1997-03-19"/>
<dc element="dc.publisher" value="Reuters Holdings Plc"/>
<dc element="dc.date.published" value="1997-03-19"/>
<dc element="dc.source" value="Reuters"/>
<dc element="dc.creator.location" value="WASHINGTON"/>
<dc element="dc.creator.location.country.name" value="USA"/>
<dc element="dc.source" value="Reuters"/>
</metadata>
</newsitem>
