<?xml version="1.0" encoding="iso-8859-1" ?>
<newsitem itemid="452080" id="root" date="1997-03-19" xml:lang="en">
<title>USA: BOS Better On-Line Q4 full results.</title>
<headline>BOS Better On-Line Q4 full results.</headline>
<dateline>NEW YORK 1997-03-19</dateline>
<text>
<p>B.O.S. Better Online Solutions Ltd.</p>
<p>			   (an Israeli Corporation)</p>
<p>	     Condensed Consolidated Statements of Income (loss)</p>
<p>			    Year Ended December 31,</p>
<p>			  1996		     1995</p>
<p>				 US$'s in thousands</p>
<p>			     (except per share data)</p>
<p> Sales		  7,364		    5,454</p>
<p> Net income (loss) (2,842)		     820</p>
<p>Earnings (loss)</p>
<p>   per share	 (0.41)		     0.15</p>
<p>Weighted Average</p>
<p>Number of Shares</p>
<p>Outstanding -</p>
<p>   in Thousands     6,870		    5,439</p>
</text>
<copyright>(c) Reuters Limited 1997</copyright>
<metadata>
<codes class="bip:countries:1.0">
  <code code="ISRAEL">
    <editdetail attribution="Reuters BIP Coding Group" action="confirmed" date="1997-03-19"/>
  </code>
  <code code="USA">
    <editdetail attribution="Reuters BIP Coding Group" action="confirmed" date="1997-03-19"/>
  </code>
</codes>
<codes class="bip:topics:1.0">
  <code code="C15">
    <editdetail attribution="Reuters BIP Coding Group" action="confirmed" date="1997-03-19"/>
  </code>
  <code code="C151">
    <editdetail attribution="Reuters BIP Coding Group" action="confirmed" date="1997-03-19"/>
  </code>
  <code code="C1511">
    <editdetail attribution="Reuters BIP Coding Group" action="confirmed" date="1997-03-19"/>
  </code>
  <code code="CCAT">
    <editdetail attribution="Reuters BIP Coding Group" action="confirmed" date="1997-03-19"/>
  </code>
</codes>
<dc element="dc.date.created" value="1997-03-19"/>
<dc element="dc.publisher" value="Reuters Holdings Plc"/>
<dc element="dc.date.published" value="1997-03-19"/>
<dc element="dc.source" value="Reuters"/>
<dc element="dc.creator.location" value="NEW YORK"/>
<dc element="dc.creator.location.country.name" value="USA"/>
<dc element="dc.source" value="Reuters"/>
</metadata>
</newsitem>
