<?xml version="1.0" encoding="iso-8859-1" ?>
<newsitem itemid="452029" id="root" date="1997-03-19" xml:lang="en">
<title>USA: LaBarge wins $2.9-million supply contract.</title>
<headline>LaBarge wins $2.9-million supply contract.</headline>
<dateline>ST. LOUIS 1997-03-19</dateline>
<text>
<p>LaBarge Inc said Wednesday it won a one-year contract worth $2.9 million from Sensis Corp of DeWitt, New York.</p>
<p>LaBarge will produce printed circuit board assemblies for use in a recently redesigned radar system for the U.S. Marine Corps being built by Sensis, the company said.</p>
<p>LaBarge designs and manufactures custom electronic products and interconnect systems for the telecommunications, medical, aerospace and defense markets.</p>
<p>Its shares closed down 1/4 Wednesday at 5-7/8.</p>
<p>((Chicago newsdesk (312) 408-8787))</p>
</text>
<copyright>(c) Reuters Limited 1997</copyright>
<metadata>
<codes class="bip:countries:1.0">
  <code code="USA">
    <editdetail attribution="Reuters BIP Coding Group" action="confirmed" date="1997-03-19"/>
  </code>
</codes>
<codes class="bip:topics:1.0">
  <code code="C33">
    <editdetail attribution="Reuters BIP Coding Group" action="confirmed" date="1997-03-19"/>
  </code>
  <code code="CCAT">
    <editdetail attribution="Reuters BIP Coding Group" action="confirmed" date="1997-03-19"/>
  </code>
</codes>
<dc element="dc.date.created" value="1997-03-19"/>
<dc element="dc.publisher" value="Reuters Holdings Plc"/>
<dc element="dc.date.published" value="1997-03-19"/>
<dc element="dc.source" value="Reuters"/>
<dc element="dc.creator.location" value="ST. LOUIS"/>
<dc element="dc.creator.location.country.name" value="USA"/>
<dc element="dc.source" value="Reuters"/>
</metadata>
</newsitem>
