<?xml version="1.0" encoding="iso-8859-1" ?>
<newsitem itemid="452017" id="root" date="1997-03-19" xml:lang="en">
<title>USA: Monaco Coach files for share offering.</title>
<headline>Monaco Coach files for share offering.</headline>
<dateline>COBURG, Oregon 1997-03-19</dateline>
<text>
<p>Monaco Coach Corp said Wednesday it has filed with the Securities and Exchange Commission for an offering of 2.1 million common shares.</p>
<p>Of the 2.1 million shares, 800,000 shares are being offered by the company and 1.3 million shares are being offered by certain stockholders.</p>
<p>Net proceeds to the company will be used for repayment of debt, working capital, general corporate purposes and potential acquisitions. The offering is being underwritten by Smith Barney Inc, William Blair &amp; Co and A.G. Edwards &amp; Sons Inc. At the end of September the company had about 4.5 million shares outstanding.</p>
</text>
<copyright>(c) Reuters Limited 1997</copyright>
<metadata>
<codes class="bip:countries:1.0">
  <code code="USA">
    <editdetail attribution="Reuters BIP Coding Group" action="confirmed" date="1997-03-19"/>
  </code>
</codes>
<codes class="bip:industries:1.0">
  <code code="I35102">
    <editdetail attribution="Reuters BIP Coding Group" action="confirmed" date="1997-03-19"/>
  </code>
</codes>
<codes class="bip:topics:1.0">
  <code code="C17">
    <editdetail attribution="Reuters BIP Coding Group" action="confirmed" date="1997-03-19"/>
  </code>
  <code code="C171">
    <editdetail attribution="Reuters BIP Coding Group" action="confirmed" date="1997-03-19"/>
  </code>
  <code code="CCAT">
    <editdetail attribution="Reuters BIP Coding Group" action="confirmed" date="1997-03-19"/>
  </code>
</codes>
<dc element="dc.date.created" value="1997-03-19"/>
<dc element="dc.publisher" value="Reuters Holdings Plc"/>
<dc element="dc.date.published" value="1997-03-19"/>
<dc element="dc.source" value="Reuters"/>
<dc element="dc.creator.location" value="COBURG, Oregon"/>
<dc element="dc.creator.location.country.name" value="USA"/>
<dc element="dc.source" value="Reuters"/>
</metadata>
</newsitem>
