<?xml version="1.0" encoding="iso-8859-1" ?>
<newsitem itemid="452047" id="root" date="1997-03-19" xml:lang="en">
<title>USA: U.S. credit rating agencies open on Good Friday.</title>
<headline>U.S. credit rating agencies open on Good Friday.</headline>
<dateline>NEW YORK 1997-03-19</dateline>
<text>
<p>U.S. credit rating agencies Standard and Poor's and Moody's Investors Service Inc both said they will be open on Good Friday, March 28.</p>
<p>S&amp;P will conduct a normal business day in the U.S., operating from 0800 EST/1300 GMT to 1800 EST/2300 GMT, while Moody's said it will have a shortened day from 0900 EST/1400 GMT to 1300 EST/1800 GMT.</p>
<p>The U.S. Treasury and related debt markets will be closed for the Good Friday holiday.</p>
<p>(( -- C. Trokie, U.S. Corporate Bond Unit, 212-859-1678))</p>
</text>
<copyright>(c) Reuters Limited 1997</copyright>
<metadata>
<codes class="bip:countries:1.0">
  <code code="USA">
    <editdetail attribution="Reuters BIP Coding Group" action="confirmed" date="1997-03-19"/>
  </code>
</codes>
<codes class="bip:industries:1.0">
  <code code="I47500">
    <editdetail attribution="Reuters BIP Coding Group" action="confirmed" date="1997-03-19"/>
  </code>
</codes>
<codes class="bip:topics:1.0">
  <code code="C21">
    <editdetail attribution="Reuters BIP Coding Group" action="confirmed" date="1997-03-19"/>
  </code>
  <code code="CCAT">
    <editdetail attribution="Reuters BIP Coding Group" action="confirmed" date="1997-03-19"/>
  </code>
  <code code="M12">
    <editdetail attribution="Reuters BIP Coding Group" action="confirmed" date="1997-03-19"/>
  </code>
  <code code="MCAT">
    <editdetail attribution="Reuters BIP Coding Group" action="confirmed" date="1997-03-19"/>
  </code>
</codes>
<dc element="dc.date.created" value="1997-03-19"/>
<dc element="dc.publisher" value="Reuters Holdings Plc"/>
<dc element="dc.date.published" value="1997-03-19"/>
<dc element="dc.source" value="Reuters"/>
<dc element="dc.creator.location" value="NEW YORK"/>
<dc element="dc.creator.location.country.name" value="USA"/>
<dc element="dc.source" value="Reuters"/>
</metadata>
</newsitem>
