<?xml version="1.0" encoding="iso-8859-1" ?>
<newsitem itemid="452085" id="root" date="1997-03-19" xml:lang="en">
<title>USA: Duff &amp; Phelps upgrades Oryx Energy debt.</title>
<headline>Duff &amp; Phelps upgrades Oryx Energy debt.</headline>
<dateline>CHICAGO 1997-03-19</dateline>
<text>
<p>Duff &amp; Phelps Credit Rating Co said Wednesday it upgraded Oryx Energy Co's senior debt to Double-B-Plus from Double-B and its convertible subordinated debentures to Double-B from Double-B-Minus.</p>
<p>The action affects about $1.2 billion of debt.  </p>
<p>Duff &amp; Phelps said Oryx's debt and cost-reduction program of 1995 and the improved commodity prices in 1996 improved coverage ratios in 1996. It said the company's $500 million debt reduction in 1995 meant $52 million in interest expense savings in 1996 versus 1994.</p>
<p>In addition, Oryx is beginning to benefit from production increases, Duff &amp; Phelps said.</p>
<p>&quot;As Oryx maintains the company's lower debt and cost structure, operating cash flows and income should continue to improve,&quot; Duff &amp; Phelps said in a statement. &quot;Given the improving coverage ratios and management's commitment to maintaining the financial strength of the company, DCR believes that the credit upgrade is warranted.&quot;</p>
<p>((--Chicago newsdesk, 312-408-8787))</p>
</text>
<copyright>(c) Reuters Limited 1997</copyright>
<metadata>
<codes class="bip:countries:1.0">
  <code code="USA">
    <editdetail attribution="Reuters BIP Coding Group" action="confirmed" date="1997-03-19"/>
  </code>
</codes>
<codes class="bip:industries:1.0">
  <code code="I13000">
    <editdetail attribution="Reuters BIP Coding Group" action="confirmed" date="1997-03-19"/>
  </code>
  <code code="I1300003">
    <editdetail attribution="Reuters BIP Coding Group" action="confirmed" date="1997-03-19"/>
  </code>
</codes>
<codes class="bip:topics:1.0">
  <code code="C17">
    <editdetail attribution="Reuters BIP Coding Group" action="confirmed" date="1997-03-19"/>
  </code>
  <code code="C174">
    <editdetail attribution="Reuters BIP Coding Group" action="confirmed" date="1997-03-19"/>
  </code>
  <code code="CCAT">
    <editdetail attribution="Reuters BIP Coding Group" action="confirmed" date="1997-03-19"/>
  </code>
</codes>
<dc element="dc.date.created" value="1997-03-19"/>
<dc element="dc.publisher" value="Reuters Holdings Plc"/>
<dc element="dc.date.published" value="1997-03-19"/>
<dc element="dc.source" value="Reuters"/>
<dc element="dc.creator.location" value="CHICAGO"/>
<dc element="dc.creator.location.country.name" value="USA"/>
<dc element="dc.source" value="Reuters"/>
</metadata>
</newsitem>
