<?xml version="1.0" encoding="iso-8859-1" ?>
<newsitem itemid="452049" id="root" date="1997-03-19" xml:lang="en">
<title>USA: Applied Extrusion has manufacturing problem.</title>
<headline>Applied Extrusion has manufacturing problem.</headline>
<dateline>BOSTON 1997-03-19</dateline>
<text>
<p>Applied Extrusion Technologies Inc said Wednesday that it is experiencing manufacturing problems at its primary production facility in Terre Haute, Indiana.</p>
<p>The company said that as a result, manufacturing and maintenance costs will be significantly higher than planned. The current manufacturing difficulties are expected to last for at least several weeks.</p>
<p>The company said it expects to achieve its revenue goal for the second quarter, ended March 31, and customer deliveries will not be affected due in part to the fact that Applied Extrusion produced sufficient inventories during the first fiscal quarter.</p>
<p>Demand for oriented polypropylene films remains strong, said the company, and it expects to achieve its revenue goals for both the third and fourth fiscal quarters.</p>
<p>Applied Extrusion Technologies makes and sells highly specialized plastic films used primarily in consumer product labeling, flexible packaging and health care applications.</p>
</text>
<copyright>(c) Reuters Limited 1997</copyright>
<metadata>
<codes class="bip:countries:1.0">
  <code code="USA">
    <editdetail attribution="Reuters BIP Coding Group" action="confirmed" date="1997-03-19"/>
  </code>
</codes>
<codes class="bip:industries:1.0">
  <code code="I48300">
    <editdetail attribution="Reuters BIP Coding Group" action="confirmed" date="1997-03-19"/>
  </code>
</codes>
<codes class="bip:topics:1.0">
  <code code="C21">
    <editdetail attribution="Reuters BIP Coding Group" action="confirmed" date="1997-03-19"/>
  </code>
  <code code="C24">
    <editdetail attribution="Reuters BIP Coding Group" action="confirmed" date="1997-03-19"/>
  </code>
  <code code="CCAT">
    <editdetail attribution="Reuters BIP Coding Group" action="confirmed" date="1997-03-19"/>
  </code>
</codes>
<dc element="dc.date.created" value="1997-03-19"/>
<dc element="dc.publisher" value="Reuters Holdings Plc"/>
<dc element="dc.date.published" value="1997-03-19"/>
<dc element="dc.source" value="Reuters"/>
<dc element="dc.creator.location" value="BOSTON"/>
<dc element="dc.creator.location.country.name" value="USA"/>
<dc element="dc.source" value="Reuters"/>
</metadata>
</newsitem>
