<?xml version="1.0" encoding="iso-8859-1" ?>
<newsitem itemid="452059" id="root" date="1997-03-19" xml:lang="en">
<title>USA: Forest City Enterprises Q4 loss vs profit.</title>
<headline>Forest City Enterprises Q4 loss vs profit.</headline>
<dateline>CLEVELAND 1997-03-19</dateline>
<text>
<p>(dollars in thousands, except per share data)</p>
<p>			    Three Months Ended</p>
<p>				 January 31,  Increase (Decrease)</p>
<p>				1997	  1996	Amount  Percent</p>
<p>Sales and operating revenues</p>
<p>Forest City</p>
<p>   Enterprises, Inc. $  59,771   $  43,142   $ 16,629    38.5</p>
<p>Forest City Rental</p>
<p>Properties</p>
<p>   Corporation	   105,563     116,374   (10,811)   (9.3)</p>
<p>Consolidated sales and</p>
<p>   operating revenues  165,334     159,516	5,818     3.6</p>
<p>Earnings before</p>
<p>depreciation and</p>
<p>  deferred taxes (a)    28,413	35,357   ( 6,944)  (19.6)</p>
<p>Operating earnings,</p>
<p>  net of tax		   488	17,001  ( 16,513)  (97.1)</p>
<p>Provision for decline</p>
<p>in real estate,</p>
<p>  net of tax		 (699)     (6,073)	5,374</p>
<p>Gain (loss) on</p>
<p>disposition of properties,</p>
<p>  net of tax		 (548)	 (478)	 (70)</p>
<p>Net earnings (loss) before</p>
<p>  extraordinary gain    ( 759)	10,450  ( 11,209)</p>
<p>Extraordinary gain,</p>
<p>  net of tax		     -	     -	    -</p>
<p> Net earnings (loss)    ( 759)	10,450  ( 11,209)</p>
<p>Per common share</p>
<p>Earnings before</p>
<p>depreciation and</p>
<p>   deferred taxes (a)     2.17	  2.63   (  0.46)  (17.5)</p>
<p>Operating earnings,</p>
<p>  net of tax		  0.04	  1.26   (  1.22)</p>
<p>Provision for decline</p>
<p>in real estate,</p>
<p>  net of tax		(0.05)	(0.45)	 0.40</p>
<p>Gain (loss) on disposition</p>
<p>of properties,</p>
<p>  net of tax		(0.04)	(0.04)	    -</p>
<p>Net earnings (loss) before</p>
<p>  extraordinary gain  (  0.05)	  0.77   (  0.82)</p>
<p>Extraordinary gain,</p>
<p>  net of tax		     -	     -	    -</p>
<p> Net earnings (loss)  (  0.05)	  0.77   (  0.82)</p>
<p>Weighted average shares</p>
<p>  outstanding (b)   13,112,421  13,458,627  (346,206)</p>
<p>					Year Ended</p>
<p>				  January 31,     Increase (Decrease)</p>
<p>				  1997	 1996     Amount  Percent</p>
<p>Sales and operating revenues</p>
<p>Forest City</p>
<p>   Enterprises, Inc.  $ 176,804   $ 123,043  $ 53,761    43.7</p>
<p>Forest City Rental</p>
<p>Properties</p>
<p>   Corporation	    412,556     383,842    28,714     7.5</p>
<p>Consolidated sales and</p>
<p>   operating revenues   589,360     506,885    82,475    16.3</p>
<p>Earnings before</p>
<p>depreciation and</p>
<p>  deferred taxes (a)     90,404	82,021     8,383    10.2</p>
<p>Operating earnings,</p>
<p>  net of tax		 6,986	13,490  (  6,504)  (48.2)</p>
<p>Provision for decline</p>
<p>in real estate,</p>
<p>  net of tax		(7,413)     (6,073)   (1,340)</p>
<p>Gain (loss) on</p>
<p>disposition of properties,</p>
<p>  net of tax		  9,598	 (478)    10,076</p>
<p>Net earnings (loss) before</p>
<p>  extraordinary gain	9,171	 6,939     2,232</p>
<p>Extraordinary gain,</p>
<p>  net of tax		  2,900	 1,847     1,053</p>
<p> Net earnings (loss)     12,071	 8,786     3,285</p>
<p>Per common share</p>
<p>Earnings before</p>
<p>depreciation and</p>
<p>   deferred taxes (a)	6.87	  6.08	0.79    13.0</p>
<p>Operating earnings,</p>
<p>  net of tax		   0.53	  1.00  (  0.47)</p>
<p>Provision for decline</p>
<p>in real estate,</p>
<p>  net of tax		 (0.56)	(0.45)    (0.11)</p>
<p>Gain (loss) on disposition</p>
<p>of properties,</p>
<p>  net of tax		   0.73	(0.04)	0.77</p>
<p>Net earnings (loss) before</p>
<p>  extraordinary gain	 0.70	  0.51	0.19</p>
<p>Extraordinary gain,</p>
<p>  net of tax		   0.22	  0.14	0.08</p>
<p> Net earnings (loss)	 0.92	  0.65	0.27</p>
<p>Weighted average shares</p>
<p>  outstanding (b)    13,155,236  13,480,164  (324,928)</p>
<p>(a) Earnings before depreciation and deferred taxes (&quot;EBDT&quot;) consists of the net earnings from operations, excluding the gain on disposition of properties and other provisions, before deducting the non-cash charges from Forest City Rental Properties for depreciation, amortization and deferred income taxes. (b) Adjusted for 3 for 2 common stock split effective February 17, 1997.</p>
<p>-- New York Newsdesk 212 859-1610</p>
</text>
<copyright>(c) Reuters Limited 1997</copyright>
<metadata>
<codes class="bip:countries:1.0">
  <code code="USA">
    <editdetail attribution="Reuters BIP Coding Group" action="confirmed" date="1997-03-19"/>
  </code>
</codes>
<codes class="bip:industries:1.0">
  <code code="I61000">
    <editdetail attribution="Reuters BIP Coding Group" action="confirmed" date="1997-03-19"/>
  </code>
</codes>
<codes class="bip:topics:1.0">
  <code code="C15">
    <editdetail attribution="Reuters BIP Coding Group" action="confirmed" date="1997-03-19"/>
  </code>
  <code code="C151">
    <editdetail attribution="Reuters BIP Coding Group" action="confirmed" date="1997-03-19"/>
  </code>
  <code code="C1511">
    <editdetail attribution="Reuters BIP Coding Group" action="confirmed" date="1997-03-19"/>
  </code>
  <code code="CCAT">
    <editdetail attribution="Reuters BIP Coding Group" action="confirmed" date="1997-03-19"/>
  </code>
</codes>
<dc element="dc.date.created" value="1997-03-19"/>
<dc element="dc.publisher" value="Reuters Holdings Plc"/>
<dc element="dc.date.published" value="1997-03-19"/>
<dc element="dc.source" value="Reuters"/>
<dc element="dc.creator.location" value="CLEVELAND"/>
<dc element="dc.creator.location.country.name" value="USA"/>
<dc element="dc.source" value="Reuters"/>
</metadata>
</newsitem>
