<?xml version="1.0" encoding="iso-8859-1" ?>
<newsitem itemid="452068" id="root" date="1997-03-19" xml:lang="en">
<title>USA: U.S. stock index futures end lower, off lows.</title>
<headline>U.S. stock index futures end lower, off lows.</headline>
<dateline>CHICAGO 1997-03-19</dateline>
<text>
<p>U.S. stock index futures closed lower but well off the lowest levels of the day after a choppy session.</p>
<p>Traders again focused on the interest rate market, where firm prices boosted index contracts early, only to come under pressure later in the day, which prompted selling in index futures, traders said.</p>
<p>The volatile price movement pushed the June S&amp;P 500 contract far enough away from its theoretical fair value premium to trigger both arbitrage buy and sell programs, traders said.  </p>
<p>Early buy programs were activated when the premium of June over the spot S&amp;P index widened above about 8.25 points, while sell programs were hit when the premium narrowed below about 6.65 points, traders said.</p>
<p>Adding to volatility was the upcoming expiration, which resulted in various positioning by players, including rolling of March positions into June and shifting of arbitrage positions forward to the next month.</p>
<p>Traders noted, however, that open interest remained somewhat high given that there is only one more session before the expiration at the close of business Thursday.  </p>
<p>Jay Hohmann, head futures trader at Donaldson Lufkin and Jenrette Securities, noted that today's decline pushed the cash S&amp;P 500 index below the lower trendline of an upward sloping channel, which came in at about 786.64 today.</p>
<p>The trendline dated back to July of last year, and the break could mean a fall to 750.00 &quot;might be possible eventually. That would be a buying opportunity,&quot; Hohmann said.</p>
<p>Another day of steep declines in the Nasdaq 100 index also added to negative sentiment.  </p>
<p>Nikkei 225 stock index futures closed slightly higher, closely following movement in U.S. contracts and finishing on a firm note.</p>
<p>At settlement, June S&amp;P 500s were off 2.75 points at 792.25, Nasdaq 100s were 14.00 lower at 823.50, Russell 2000s were down 3.70 points at 353.30, KCBT Value Line futures were down 4.50 points at 707.50, Nikkei 225 index futures rose 50.0 to 18,525.0 and Midcap 400s fell 3.25 points to 260.55. ((--Derivatives Desk: 312-408-8750)) email:derivatives@reuters.com</p>
</text>
<copyright>(c) Reuters Limited 1997</copyright>
<metadata>
<codes class="bip:countries:1.0">
  <code code="USA">
    <editdetail attribution="Reuters BIP Coding Group" action="confirmed" date="1997-03-19"/>
  </code>
</codes>
<codes class="bip:topics:1.0">
  <code code="M11">
    <editdetail attribution="Reuters BIP Coding Group" action="confirmed" date="1997-03-19"/>
  </code>
  <code code="MCAT">
    <editdetail attribution="Reuters BIP Coding Group" action="confirmed" date="1997-03-19"/>
  </code>
</codes>
<dc element="dc.date.created" value="1997-03-19"/>
<dc element="dc.publisher" value="Reuters Holdings Plc"/>
<dc element="dc.date.published" value="1997-03-19"/>
<dc element="dc.source" value="Reuters"/>
<dc element="dc.creator.location" value="CHICAGO"/>
<dc element="dc.creator.location.country.name" value="USA"/>
<dc element="dc.source" value="Reuters"/>
</metadata>
</newsitem>
