<?xml version="1.0" encoding="iso-8859-1" ?>
<newsitem itemid="452016" id="root" date="1997-03-19" xml:lang="en">
<title>USA: TresCom exploring strategic alternatives.</title>
<headline>TresCom exploring strategic alternatives.</headline>
<dateline>FORT LAUDERDALE, Fla 1997-03-19</dateline>
<text>
<p>TresCom International Inc said Wednesday it has retained the Robinson Humphrey Co Inc to help it explore strategic alternatives for increasing shareholder value.</p>
<p>These include alternative sources of financing, identification of strategic partners and sale, or merger of part or all of the company, TresCom said.</p>
<p>The company said results in the wholesale segment, which constitute the majority of revenue, have been disappointing, and credit risks involved in acquiring new customers and growing the segment have continued to increase.</p>
<p>&quot;In light of these changes, together with the acceleration of deregulation spurred by the World Trade Organization agreement, the board of directors has reached the conclusion that exploration of strategic alternatives is in the best interest of the company and its shareholders,&quot; the company said in a release.</p>
</text>
<copyright>(c) Reuters Limited 1997</copyright>
<metadata>
<codes class="bip:countries:1.0">
  <code code="USA">
    <editdetail attribution="Reuters BIP Coding Group" action="confirmed" date="1997-03-19"/>
  </code>
</codes>
<codes class="bip:industries:1.0">
  <code code="I79020">
    <editdetail attribution="Reuters BIP Coding Group" action="confirmed" date="1997-03-19"/>
  </code>
</codes>
<codes class="bip:topics:1.0">
  <code code="C11">
    <editdetail attribution="Reuters BIP Coding Group" action="confirmed" date="1997-03-19"/>
  </code>
  <code code="CCAT">
    <editdetail attribution="Reuters BIP Coding Group" action="confirmed" date="1997-03-19"/>
  </code>
</codes>
<dc element="dc.date.created" value="1997-03-19"/>
<dc element="dc.publisher" value="Reuters Holdings Plc"/>
<dc element="dc.date.published" value="1997-03-19"/>
<dc element="dc.source" value="Reuters"/>
<dc element="dc.creator.location" value="FORT LAUDERDALE, Fla"/>
<dc element="dc.creator.location.country.name" value="USA"/>
<dc element="dc.source" value="Reuters"/>
</metadata>
</newsitem>
