<?xml version="1.0" encoding="iso-8859-1" ?>
<newsitem itemid="452013" id="root" date="1997-03-19" xml:lang="en">
<title>USA: Family Steak recommends rejecting bid.</title>
<headline>Family Steak recommends rejecting bid.</headline>
<dateline>JACKSONVILLE, Fla. 1997-03-19</dateline>
<text>
<p>Family Steak Houses of Florida Inc said on Wednesday that its board is recommending that shareholders reject a tender offer by Bisco Industries.</p>
<p>It said Bisco Industries' bid to acquire up to 2.6 million shares of stock for $0.90 a share is &quot;inadequate&quot; and not in the best interests of shareholders.</p>
<p>The company also plans to accelerate the record date for a rights plan to March 19, 1997, Family Steak said. The previous record date was not immediately available.</p>
<p>Family Steak said the rights plan, which goes into effect when a person or group becomes owners or makes a tender offer for more than 15 percent of the company's common stock, is designed to deter coercive and unfair takeover tactics.</p>
</text>
<copyright>(c) Reuters Limited 1997</copyright>
<metadata>
<codes class="bip:countries:1.0">
  <code code="USA">
    <editdetail attribution="Reuters BIP Coding Group" action="confirmed" date="1997-03-19"/>
  </code>
</codes>
<codes class="bip:industries:1.0">
  <code code="I66100">
    <editdetail attribution="Reuters BIP Coding Group" action="confirmed" date="1997-03-19"/>
  </code>
</codes>
<codes class="bip:topics:1.0">
  <code code="C18">
    <editdetail attribution="Reuters BIP Coding Group" action="confirmed" date="1997-03-19"/>
  </code>
  <code code="C181">
    <editdetail attribution="Reuters BIP Coding Group" action="confirmed" date="1997-03-19"/>
  </code>
  <code code="CCAT">
    <editdetail attribution="Reuters BIP Coding Group" action="confirmed" date="1997-03-19"/>
  </code>
</codes>
<dc element="dc.date.created" value="1997-03-19"/>
<dc element="dc.publisher" value="Reuters Holdings Plc"/>
<dc element="dc.date.published" value="1997-03-19"/>
<dc element="dc.source" value="Reuters"/>
<dc element="dc.creator.location" value="JACKSONVILLE, Fla."/>
<dc element="dc.creator.location.country.name" value="USA"/>
<dc element="dc.source" value="Reuters"/>
</metadata>
</newsitem>
