<?xml version="1.0" encoding="iso-8859-1" ?>
<newsitem itemid="452093" id="root" date="1997-03-19" xml:lang="en">
<title>USA: COMEX copper ends touch firmer after reversal.</title>
<headline>COMEX copper ends touch firmer after reversal.</headline>
<dateline>NEW YORK 1997-03-19</dateline>
<text>
<p>COMEX copper ended slightly firmer, clambering back on to firmer territory after being down most of the session as it tested a key technical support level to fill gaps in the charts, traders said.</p>
<p>There appeared to be no fresh fundamental news behind the reversal.</p>
<p>LME three months broke through recent lows to reach $2,305 a tonne, but good trade support on LME and COMEX came in to push the market back up, William O'Neill of Merrill Lynch said.</p>
<p>&quot;The jury is still out - the market needs to follow through tomorrow,&quot; O'Neill said.</p>
<p>May COMEX settled 0.05 cent firmer at 108.80 cents a lb, traded 109.50 to 106.90 cents. Spot March went out 0.40 cent higher at 112.90 cents.</p>
<p>Volume was relatively good at an estimated 13,000 lots compared to Tuesday's official 8,041 lots.</p>
<p>COMEX stocks on Wednesday rose 1,379 short tons to 36,571 short tons.</p>
<p>((Huw Jones, New York Commodity Desk 212-859-1646))</p>
</text>
<copyright>(c) Reuters Limited 1997</copyright>
<metadata>
<codes class="bip:countries:1.0">
  <code code="USA">
    <editdetail attribution="Reuters BIP Coding Group" action="confirmed" date="1997-03-19"/>
  </code>
</codes>
<codes class="bip:topics:1.0">
  <code code="M14">
    <editdetail attribution="Reuters BIP Coding Group" action="confirmed" date="1997-03-19"/>
  </code>
  <code code="M142">
    <editdetail attribution="Reuters BIP Coding Group" action="confirmed" date="1997-03-19"/>
  </code>
  <code code="MCAT">
    <editdetail attribution="Reuters BIP Coding Group" action="confirmed" date="1997-03-19"/>
  </code>
</codes>
<dc element="dc.date.created" value="1997-03-19"/>
<dc element="dc.publisher" value="Reuters Holdings Plc"/>
<dc element="dc.date.published" value="1997-03-19"/>
<dc element="dc.source" value="Reuters"/>
<dc element="dc.creator.location" value="NEW YORK"/>
<dc element="dc.creator.location.country.name" value="USA"/>
<dc element="dc.source" value="Reuters"/>
</metadata>
</newsitem>
