<?xml version="1.0" encoding="iso-8859-1" ?>
<newsitem itemid="452000" id="root" date="1997-03-19" xml:lang="en">
<title>USA: Tele-Communications Intl Q4 loss of $29 mln.</title>
<headline>Tele-Communications Intl Q4 loss of $29 mln.</headline>
<dateline>ENGLEWOOD CO. 1997-03-19</dateline>
<text>
<p>1996			1995</p>
<p> Net loss		  29,000   profit	95,000</p>
<p> Revs			95,000		   67,000</p>
<p>	  12 MONTHS</p>
<p> Shr loss		   $1.10   profit	 $0.28</p>
<p> Net loss		 130,000   profit	30,000</p>
<p> Revs		     315,000		  191,000</p>
<p>(All data above 000s except per share numbers)</p>
<p>NOTE: 1995 quarterly and annual earnings include a gain of $165 million on the sale of stock by Telewest Communications plc.</p>
<p>Operating cash flow totaled $32 million in 1996 and $29 million in 1995.</p>
<p>Full name of company is Tele-Communications International Inc</p>
</text>
<copyright>(c) Reuters Limited 1997</copyright>
<metadata>
<codes class="bip:countries:1.0">
  <code code="USA">
    <editdetail attribution="Reuters BIP Coding Group" action="confirmed" date="1997-03-19"/>
  </code>
</codes>
<codes class="bip:topics:1.0">
  <code code="C15">
    <editdetail attribution="Reuters BIP Coding Group" action="confirmed" date="1997-03-19"/>
  </code>
  <code code="C151">
    <editdetail attribution="Reuters BIP Coding Group" action="confirmed" date="1997-03-19"/>
  </code>
  <code code="C1511">
    <editdetail attribution="Reuters BIP Coding Group" action="confirmed" date="1997-03-19"/>
  </code>
  <code code="CCAT">
    <editdetail attribution="Reuters BIP Coding Group" action="confirmed" date="1997-03-19"/>
  </code>
</codes>
<dc element="dc.date.created" value="1997-03-19"/>
<dc element="dc.publisher" value="Reuters Holdings Plc"/>
<dc element="dc.date.published" value="1997-03-19"/>
<dc element="dc.source" value="Reuters"/>
<dc element="dc.creator.location" value="ENGLEWOOD CO."/>
<dc element="dc.creator.location.country.name" value="USA"/>
<dc element="dc.source" value="Reuters"/>
</metadata>
</newsitem>
