<?xml version="1.0" encoding="iso-8859-1" ?>
<newsitem itemid="452020" id="root" date="1997-03-19" xml:lang="en">
<title>USA: Board recommends pay increase for AMR pilots.</title>
<headline>Board recommends pay increase for AMR pilots.</headline>
<dateline>WASHINGTON 1997-03-19</dateline>
<text>
<p>President Clinton's emergency board on Wednesday recommended that AMR Corp's American Airlines give its pilots pay increases of 6.5 percent through 2000 to head off a strike, a White House statement said.</p>
<p>The Presidential Emergency Board also recommended additional limits on AMR's use of regional jets, but did not recommend that American's pilots in the Allied Pilots Association be asked to fly the regional jets.  </p>
<p>The board also recommended gradual elimination of a lower pay scale for new hire pilots.</p>
<p>Clinton formed the three-member board on February 15 in response to a strike called by the pilots.</p>
<p>Although not legally binding on the parties, Clinton expressed the hope the recommendations would assist the parties in reaching a negotiated settlement.</p>
<p>&quot;The best resolution is a negotiated settlement acceptable to both sides of this dispute,&quot; Clinton said.</p>
<p>It was not immediately certain if the mediators' recommendations were the basis of a tentative settlement that the pilots' union said be considered by its board on Friday.</p>
<p>If no settlement is reached by midnight on April 27, the pilots are free to strike and American is free to lock out its pilots or change their terms or conditions of employment, the statement said.</p>
<p>((-- Washington Newsroom (202) 898-8300))</p>
</text>
<copyright>(c) Reuters Limited 1997</copyright>
<metadata>
<codes class="bip:countries:1.0">
  <code code="USA">
    <editdetail attribution="Reuters BIP Coding Group" action="confirmed" date="1997-03-19"/>
  </code>
</codes>
<codes class="bip:industries:1.0">
  <code code="I75000">
    <editdetail attribution="Reuters BIP Coding Group" action="confirmed" date="1997-03-19"/>
  </code>
</codes>
<codes class="bip:topics:1.0">
  <code code="C42">
    <editdetail attribution="Reuters BIP Coding Group" action="confirmed" date="1997-03-19"/>
  </code>
  <code code="CCAT">
    <editdetail attribution="Reuters BIP Coding Group" action="confirmed" date="1997-03-19"/>
  </code>
  <code code="E41">
    <editdetail attribution="Reuters BIP Coding Group" action="confirmed" date="1997-03-19"/>
  </code>
  <code code="ECAT">
    <editdetail attribution="Reuters BIP Coding Group" action="confirmed" date="1997-03-19"/>
  </code>
  <code code="GCAT">
    <editdetail attribution="Reuters BIP Coding Group" action="confirmed" date="1997-03-19"/>
  </code>
  <code code="GJOB">
    <editdetail attribution="Reuters BIP Coding Group" action="confirmed" date="1997-03-19"/>
  </code>
</codes>
<dc element="dc.date.created" value="1997-03-19"/>
<dc element="dc.publisher" value="Reuters Holdings Plc"/>
<dc element="dc.date.published" value="1997-03-19"/>
<dc element="dc.source" value="Reuters"/>
<dc element="dc.creator.location" value="WASHINGTON"/>
<dc element="dc.creator.location.country.name" value="USA"/>
<dc element="dc.source" value="Reuters"/>
</metadata>
</newsitem>
