<?xml version="1.0" encoding="iso-8859-1" ?>
<newsitem itemid="452091" id="root" date="1997-03-19" xml:lang="en">
<title>USA: Speedfam International Inc Q3 net rises.</title>
<headline>Speedfam International Inc Q3 net rises.</headline>
<dateline>CHANDLER, Ariz. 1997-03-19</dateline>
<text>
<p>(dollars and shares in thousands, except per share data)</p>
<p>				Three Months Ended  Nine Months Ended</p>
<p>				Feb. 28,  Feb. 29,  Feb. 28, Feb. 29,</p>
<p>				    1997	1996	1997     1996</p>
<p>Revenue:</p>
<p>  Net sales		  $40,918   $30,083  $115,202  $72,353</p>
<p>Commissions from</p>
<p>   affiliate		   4,362     3,057     8,925    4,041</p>
<p> Total revenue		45,280    33,140   124,127   76,394</p>
<p> Cost of sales		25,591    20,295    75,465   51,481</p>
<p>  Gross margin		19,689    12,845    48,662   24,913</p>
<p>Research, development</p>
<p>    and engineering	  4,884     3,496    12,779    6,993</p>
<p>Selling, general</p>
<p>    and administrative     9,003     5,183    22,483   12,617</p>
<p> Operating profit	    5,802     4,166    13,400    5,303</p>
<p> Interest expense	     (62)	(90)     (185)    (615)</p>
<p>Other income</p>
<p>   (expense), net		126	 172     (216)	440</p>
<p>Earnings from consolidated</p>
<p>companies before</p>
<p>  income taxes		 5,866     4,248    12,999    5,128</p>
<p> Income tax expense	  2,286     1,616     5,053    2,002</p>
<p>Earnings from</p>
<p>  consolidated companies   3,580     2,632     7,946    3,126</p>
<p>Equity in net earnings</p>
<p>  of affiliates		1,329     1,728     5,784    3,563</p>
<p> Net earnings		  4,909     4,360    13,730    6,689</p>
<p> Net earnings per share     0.42	0.39	1.20     0.68</p>
<p>Weighted average common</p>
<p>and common equivalent</p>
<p>  shares			11,801    11,211    11,463    9,790</p>
</text>
<copyright>(c) Reuters Limited 1997</copyright>
<metadata>
<codes class="bip:countries:1.0">
  <code code="USA">
    <editdetail attribution="Reuters BIP Coding Group" action="confirmed" date="1997-03-19"/>
  </code>
</codes>
<codes class="bip:industries:1.0">
  <code code="I34000">
    <editdetail attribution="Reuters BIP Coding Group" action="confirmed" date="1997-03-19"/>
  </code>
</codes>
<codes class="bip:topics:1.0">
  <code code="C15">
    <editdetail attribution="Reuters BIP Coding Group" action="confirmed" date="1997-03-19"/>
  </code>
  <code code="C151">
    <editdetail attribution="Reuters BIP Coding Group" action="confirmed" date="1997-03-19"/>
  </code>
  <code code="CCAT">
    <editdetail attribution="Reuters BIP Coding Group" action="confirmed" date="1997-03-19"/>
  </code>
</codes>
<dc element="dc.date.created" value="1997-03-19"/>
<dc element="dc.publisher" value="Reuters Holdings Plc"/>
<dc element="dc.date.published" value="1997-03-19"/>
<dc element="dc.source" value="Reuters"/>
<dc element="dc.creator.location" value="CHANDLER, Ariz."/>
<dc element="dc.creator.location.country.name" value="USA"/>
<dc element="dc.source" value="Reuters"/>
</metadata>
</newsitem>
