<?xml version="1.0" encoding="iso-8859-1" ?>
<newsitem itemid="452052" id="root" date="1997-03-19" xml:lang="en">
<title>USA: Ecuador's new crude prices disappoint some lifters.</title>
<headline>Ecuador's new crude prices disappoint some lifters.</headline>
<dateline>NEW YORK 1997-03-19</dateline>
<text>
<p>The new prices for crude oil set by Ecuador's state-owned oil company Petroecuador are expected to lead to some contract cancellations, according to lifters.</p>
<p>The new Petroecuador administration which came in after Ecuador's government was deposed earlier this year, recently changed the benchmark for pricing the country's Oriente crude from West Texas Sour/Midland (WTS) to West Texas Intermediate/Cushing (WTI) for those shipping to the Gulf and East Coasts of the U.S., a move that should have translated into a discount of $6.00 under WTI.</p>
</text>
<copyright>(c) Reuters Limited 1997</copyright>
<metadata>
<codes class="bip:countries:1.0">
  <code code="ECU">
    <editdetail attribution="Reuters BIP Coding Group" action="confirmed" date="1997-03-19"/>
  </code>
  <code code="USA">
    <editdetail attribution="Reuters BIP Coding Group" action="confirmed" date="1997-03-19"/>
  </code>
</codes>
<codes class="bip:topics:1.0">
  <code code="M14">
    <editdetail attribution="Reuters BIP Coding Group" action="confirmed" date="1997-03-19"/>
  </code>
  <code code="M143">
    <editdetail attribution="Reuters BIP Coding Group" action="confirmed" date="1997-03-19"/>
  </code>
  <code code="MCAT">
    <editdetail attribution="Reuters BIP Coding Group" action="confirmed" date="1997-03-19"/>
  </code>
</codes>
<dc element="dc.date.created" value="1997-03-19"/>
<dc element="dc.publisher" value="Reuters Holdings Plc"/>
<dc element="dc.date.published" value="1997-03-19"/>
<dc element="dc.source" value="Reuters"/>
<dc element="dc.creator.location" value="NEW YORK"/>
<dc element="dc.creator.location.country.name" value="USA"/>
<dc element="dc.source" value="Reuters"/>
</metadata>
</newsitem>
