<?xml version="1.0" encoding="iso-8859-1" ?>
<newsitem itemid="452022" id="root" date="1997-03-19" xml:lang="en">
<title>USA: Designer sees '97 sales below expectations.</title>
<headline>Designer sees '97 sales below expectations.</headline>
<dateline>NEW YORK 1997-03-19</dateline>
<text>
<p>Designer Holdings Ltd. said on Wednesday that as a result of a change in its distribution strategy, 1997 sales will fall below prior expectations.</p>
<p>It said it will curtail distribution through certain specialty store chains and Latin American sales channels of the Calvin Klein Jeanswear brand, while increasing its focus on higher-margin department store customers, as well as selected licensees.</p>
<p>Designer Holdings said although gross margins will be enhanced, total sales for the year will be below expectations.</p>
<p>Total 1997 sales are expected to be between $495 million and $510 million, compared with $480.4 million in fiscal 1996.</p>
<p>The company also said it expects to report fiscal 1997 net income of between $0.90 and $0.95 per share as a result of the new strategy. The company earned $0.85 a share in 1996.</p>
</text>
<copyright>(c) Reuters Limited 1997</copyright>
<metadata>
<codes class="bip:countries:1.0">
  <code code="USA">
    <editdetail attribution="Reuters BIP Coding Group" action="confirmed" date="1997-03-19"/>
  </code>
</codes>
<codes class="bip:industries:1.0">
  <code code="I45300">
    <editdetail attribution="Reuters BIP Coding Group" action="confirmed" date="1997-03-19"/>
  </code>
</codes>
<codes class="bip:topics:1.0">
  <code code="C31">
    <editdetail attribution="Reuters BIP Coding Group" action="confirmed" date="1997-03-19"/>
  </code>
  <code code="CCAT">
    <editdetail attribution="Reuters BIP Coding Group" action="confirmed" date="1997-03-19"/>
  </code>
</codes>
<dc element="dc.date.created" value="1997-03-19"/>
<dc element="dc.publisher" value="Reuters Holdings Plc"/>
<dc element="dc.date.published" value="1997-03-19"/>
<dc element="dc.source" value="Reuters"/>
<dc element="dc.creator.location" value="NEW YORK"/>
<dc element="dc.creator.location.country.name" value="USA"/>
<dc element="dc.source" value="Reuters"/>
</metadata>
</newsitem>
