<?xml version="1.0" encoding="iso-8859-1" ?>
<newsitem itemid="452042" id="root" date="1997-03-19" xml:lang="en">
<title>USA: Comcast UK Cable Partners Q4 loss narrows.</title>
<headline>Comcast UK Cable Partners Q4 loss narrows.</headline>
<dateline>PHILADELPHIA 1997-03-19</dateline>
<text>
<p>(pounds sterling and in thousands, except per share data)</p>
<p>			    Three Months Ended  Twelve Months Ended</p>
<p>				    December 31,	December 31,</p>
<p>			     1996	  1995	1996	 1995</p>
<p>REVENUES</p>
<p> Service income	 10,316	 1,159    31,358	1,530</p>
<p> Consulting fee income   236	   364     1,070	1,313</p>
<p>			    10,552	 1,523    32,428	2,843</p>
<p>COSTS AND EXPENSES</p>
<p> Operating		 3,908	   522    12,211	  683</p>
<p>Selling, general</p>
<p>  and administrative   7,733	 2,512    25,073	7,815</p>
<p> Management fees	   853	   857     2,997	3,105</p>
<p>Depreciation</p>
<p>  and amortization     5,320	 1,143    16,700	3,049</p>
<p>			    17,814	 5,034    56,981     14,652</p>
<p> OPERATING LOSS	(7,262)     (3,511)  (24,553)   (11,809)</p>
<p>OTHER (INCOME) EXPENSE</p>
<p> Interest expense	5,953	 2,958    23,627	3,539</p>
<p> Investment income   (2,347)     (3,984)  (12,555)   (11,758)</p>
<p>Equity in net losses</p>
<p>  of affiliates	  4,626	 6,431    18,432     23,677</p>
<p>Exchange (gains) losses</p>
<p>  and other	   (12,769)	 1,101  (13,482)	1,695</p>
<p>			   (4,537)	 6,506    16,022     17,153</p>
<p> NET LOSS		(2,725)    (10,017)  (40,575)   (28,962)</p>
<p> NET LOSS PER SHARE   (0.04)	(0.24)    (O.84)     (0.70)</p>
<p>WEIGHTED AVERAGE NUMBER</p>
<p>OF COMMON SHARES</p>
<p>OUTSTANDING DURING</p>
<p>  THE PERIOD	    50,105	41,245    48,216     41,245</p>
</text>
<copyright>(c) Reuters Limited 1997</copyright>
<metadata>
<codes class="bip:countries:1.0">
  <code code="UK">
    <editdetail attribution="Reuters BIP Coding Group" action="confirmed" date="1997-03-19"/>
  </code>
  <code code="USA">
    <editdetail attribution="Reuters BIP Coding Group" action="confirmed" date="1997-03-19"/>
  </code>
</codes>
<codes class="bip:topics:1.0">
  <code code="C15">
    <editdetail attribution="Reuters BIP Coding Group" action="confirmed" date="1997-03-19"/>
  </code>
  <code code="C151">
    <editdetail attribution="Reuters BIP Coding Group" action="confirmed" date="1997-03-19"/>
  </code>
  <code code="C1511">
    <editdetail attribution="Reuters BIP Coding Group" action="confirmed" date="1997-03-19"/>
  </code>
  <code code="CCAT">
    <editdetail attribution="Reuters BIP Coding Group" action="confirmed" date="1997-03-19"/>
  </code>
</codes>
<dc element="dc.date.created" value="1997-03-19"/>
<dc element="dc.publisher" value="Reuters Holdings Plc"/>
<dc element="dc.date.published" value="1997-03-19"/>
<dc element="dc.source" value="Reuters"/>
<dc element="dc.creator.location" value="PHILADELPHIA"/>
<dc element="dc.creator.location.country.name" value="USA"/>
<dc element="dc.source" value="Reuters"/>
</metadata>
</newsitem>
