<?xml version="1.0" encoding="iso-8859-1" ?>
<newsitem itemid="452006" id="root" date="1997-03-19" xml:lang="en">
<title>USA: RESEARCH ALERT - Clayton Williams begun with hold. [corrected 21:56 gmt]</title>
<headline>RESEARCH ALERT - Clayton Williams begun with hold. [corrected 21:56 gmt]</headline>
<text>
<p>-- ABN AMRO Chicaog Corp said Wednesday it initiated coverage on Clayton Williams Energy Inc with a hold rating.</p>
<p>-- Without an unexpected run-up in oil, the Midland, Texas-based oil and gas exploration company's market performance could be lackluster over the next several quarters, Chicago Corp said.  </p>
<p>-- But a much heightened level of investor interest is anticipated as its Cotton Valley Pinnacle Reef play heats up, Chicago Corp said.</p>
<p>-- &quot;As a consequence, we feel positions should be initiated on price weakness and/or as we approach the fourth quarter,&quot; Chicago Corp analysts said in a research report.</p>
<p>-- Chicago Corp estimated 1997 cash flow (corrects from earnings to cash flow) for the company at $5.06 a share, compared to $5.19 a year ago. First quarter cash flow (corrects from earnings to cash flow) are estimated at $1.24 a share, up from $0.98 a share a year ago, ABN AMRO said.</p>
<p>((Chicago newsdesk, 312-408-8787))</p>
</text>
<copyright>(c) Reuters Limited 1997</copyright>
<metadata>
<codes class="bip:countries:1.0">
  <code code="USA">
    <editdetail attribution="Reuters BIP Coding Group" action="confirmed" date="1997-03-19"/>
  </code>
</codes>
<codes class="bip:industries:1.0">
  <code code="I13000">
    <editdetail attribution="Reuters BIP Coding Group" action="confirmed" date="1997-03-19"/>
  </code>
</codes>
<codes class="bip:topics:1.0">
  <code code="C15">
    <editdetail attribution="Reuters BIP Coding Group" action="confirmed" date="1997-03-19"/>
  </code>
  <code code="C152">
    <editdetail attribution="Reuters BIP Coding Group" action="confirmed" date="1997-03-19"/>
  </code>
  <code code="CCAT">
    <editdetail attribution="Reuters BIP Coding Group" action="confirmed" date="1997-03-19"/>
  </code>
</codes>
<dc element="dc.publisher" value="Reuters Holdings Plc"/>
<dc element="dc.date.published" value="1997-03-19"/>
<dc element="dc.source" value="Reuters"/>
<dc element="dc.creator.location.country.name" value="USA"/>
<dc element="dc.source" value="Reuters"/>
</metadata>
</newsitem>
