<?xml version="1.0" encoding="iso-8859-1" ?>
<newsitem itemid="452084" id="root" date="1997-03-19" xml:lang="en">
<title>USA: Racotek sets Internet-based computing lab.</title>
<headline>Racotek sets Internet-based computing lab.</headline>
<dateline>MINNEAPOLIS 1997-03-19</dateline>
<text>
<p>Racotek Inc said Wednesday it launched a Wireless Computing Lab service that allows programmers to contact the company through the Internet.</p>
<p>The company said developers can set up, use and evaluate wireless data networking on their existing corporate networks by linking to Racotek through several Internet networks.</p>
<p>Racotek is offering the entire Wireless Computing Lab package to developers for an undisclosed amount.</p>
<p>Racotek provides software and mobile data systems.</p>
<p>Its shares were off 1/4 Wednesday afternoon at 3-1/2.</p>
<p>((Chicago newsdesk (312) 408-8787))</p>
</text>
<copyright>(c) Reuters Limited 1997</copyright>
<metadata>
<codes class="bip:countries:1.0">
  <code code="USA">
    <editdetail attribution="Reuters BIP Coding Group" action="confirmed" date="1997-03-19"/>
  </code>
</codes>
<codes class="bip:industries:1.0">
  <code code="I33030">
    <editdetail attribution="Reuters BIP Coding Group" action="confirmed" date="1997-03-19"/>
  </code>
  <code code="I34400">
    <editdetail attribution="Reuters BIP Coding Group" action="confirmed" date="1997-03-19"/>
  </code>
</codes>
<codes class="bip:topics:1.0">
  <code code="C22">
    <editdetail attribution="Reuters BIP Coding Group" action="confirmed" date="1997-03-19"/>
  </code>
  <code code="CCAT">
    <editdetail attribution="Reuters BIP Coding Group" action="confirmed" date="1997-03-19"/>
  </code>
</codes>
<dc element="dc.date.created" value="1997-03-19"/>
<dc element="dc.publisher" value="Reuters Holdings Plc"/>
<dc element="dc.date.published" value="1997-03-19"/>
<dc element="dc.source" value="Reuters"/>
<dc element="dc.creator.location" value="MINNEAPOLIS"/>
<dc element="dc.creator.location.country.name" value="USA"/>
<dc element="dc.source" value="Reuters"/>
</metadata>
</newsitem>
