<?xml version="1.0" encoding="iso-8859-1" ?>
<newsitem itemid="452055" id="root" date="1997-03-19" xml:lang="en">
<title>USA: El Paso, National Fuel seek to build USG gas line.</title>
<headline>El Paso, National Fuel seek to build USG gas line.</headline>
<dateline>NEW YORK 1997-03-19</dateline>
<text>
<p>El Paso Energy Resources and National Fuel Gas Supply Corp have agreed to jointly seek approval during the second quarter of 1997 to build about 150 miles of gas pipeline in the U.S. Gulf, El Paso said Wednesday.</p>
<p>If approved by the Federal Energy Regulatory Commission (FERC), the new Green Canyon Gathering System will likely begin delivering gas from the producing region in 1998, El Paso said in a statement.</p>
<p>The pipeline will provide offshore producers with two-phase transportation of approximately 16,000 barrels per day of natural gas liquids and more than 500 million cubic feet per day (mmcfd) of natural gas.</p>
<p>A cryogenic processing plant will also be constructed in Golden Meadown, La., as part of the project. The plant, which will not be subject to FERC jurisdiction, will have the capability of processing 300 mmcfd of natural gas.</p>
<p>An open season for transportation capacity on the Green Canyon system will be conducted after the application has been filed with FERC.</p>
<p>El Paso Energy Resources is a subsidiary of El Paso Energy Corp while National Fuel is a unit of National Fuel Gas Co.</p>
<p>((--H McCulloch, New York Power Desk +212-859-1628))</p>
</text>
<copyright>(c) Reuters Limited 1997</copyright>
<metadata>
<codes class="bip:countries:1.0">
  <code code="USA">
    <editdetail attribution="Reuters BIP Coding Group" action="confirmed" date="1997-03-19"/>
  </code>
</codes>
<codes class="bip:industries:1.0">
  <code code="I16200">
    <editdetail attribution="Reuters BIP Coding Group" action="confirmed" date="1997-03-19"/>
  </code>
</codes>
<codes class="bip:topics:1.0">
  <code code="C11">
    <editdetail attribution="Reuters BIP Coding Group" action="confirmed" date="1997-03-19"/>
  </code>
  <code code="C13">
    <editdetail attribution="Reuters BIP Coding Group" action="confirmed" date="1997-03-19"/>
  </code>
  <code code="C24">
    <editdetail attribution="Reuters BIP Coding Group" action="confirmed" date="1997-03-19"/>
  </code>
  <code code="CCAT">
    <editdetail attribution="Reuters BIP Coding Group" action="confirmed" date="1997-03-19"/>
  </code>
</codes>
<dc element="dc.date.created" value="1997-03-19"/>
<dc element="dc.publisher" value="Reuters Holdings Plc"/>
<dc element="dc.date.published" value="1997-03-19"/>
<dc element="dc.source" value="Reuters"/>
<dc element="dc.creator.location" value="NEW YORK"/>
<dc element="dc.creator.location.country.name" value="USA"/>
<dc element="dc.source" value="Reuters"/>
</metadata>
</newsitem>
