<?xml version="1.0" encoding="iso-8859-1" ?>
<newsitem itemid="452046" id="root" date="1997-03-19" xml:lang="en">
<title>USA: Law firm adds defendants to Centennial suit.</title>
<headline>Law firm adds defendants to Centennial suit.</headline>
<dateline>NEW YORK 1997-03-19</dateline>
<text>
<p>Milberg Weiss Bershad Hynes &amp; Lerach LLP said Wednesday it filed an amended class action complaint on behalf of 39 plaintiffs who are investors in Centennial Technologies Inc.</p>
<p>The law firm said it added defendants not previously named in other lawsuits, including Centennial's principal outside auditors and accountants, Coopers &amp; Lybrand LLP, as well as stock promoters Cabot Heritage Corp, publisher of the Cabot Market Letter and Needham &amp; Co, each of whom is alleged to have recklessly or knowingly involved themselves in the Centennial financial scandal.</p>
<p>In addition, the lawsuit includes a separate claim on behalf of persons who purchased Centennial stock on February 25 and who were damaged thereby. On that date, the price of Centennial stock rose sharply, allegedly in response to materially false and misleading statements disseminated by Centennial and its new CEO Lawrence Ramaekers that same day.</p>
</text>
<copyright>(c) Reuters Limited 1997</copyright>
<metadata>
<codes class="bip:countries:1.0">
  <code code="USA">
    <editdetail attribution="Reuters BIP Coding Group" action="confirmed" date="1997-03-19"/>
  </code>
</codes>
<codes class="bip:industries:1.0">
  <code code="I33020">
    <editdetail attribution="Reuters BIP Coding Group" action="confirmed" date="1997-03-19"/>
  </code>
  <code code="I83600">
    <editdetail attribution="Reuters BIP Coding Group" action="confirmed" date="1997-03-19"/>
  </code>
</codes>
<codes class="bip:topics:1.0">
  <code code="C12">
    <editdetail attribution="Reuters BIP Coding Group" action="confirmed" date="1997-03-19"/>
  </code>
  <code code="CCAT">
    <editdetail attribution="Reuters BIP Coding Group" action="confirmed" date="1997-03-19"/>
  </code>
  <code code="GCAT">
    <editdetail attribution="Reuters BIP Coding Group" action="confirmed" date="1997-03-19"/>
  </code>
  <code code="GCRIM">
    <editdetail attribution="Reuters BIP Coding Group" action="confirmed" date="1997-03-19"/>
  </code>
</codes>
<dc element="dc.date.created" value="1997-03-19"/>
<dc element="dc.publisher" value="Reuters Holdings Plc"/>
<dc element="dc.date.published" value="1997-03-19"/>
<dc element="dc.source" value="Reuters"/>
<dc element="dc.creator.location" value="NEW YORK"/>
<dc element="dc.creator.location.country.name" value="USA"/>
<dc element="dc.source" value="Reuters"/>
</metadata>
</newsitem>
