<?xml version="1.0" encoding="iso-8859-1" ?>
<newsitem itemid="452076" id="root" date="1997-03-19" xml:lang="en">
<title>USA: Kasich sees no U.S. government shutdown on budget.</title>
<headline>Kasich sees no U.S. government shutdown on budget.</headline>
<dateline>WASHINGTON 1997-03-19</dateline>
<text>
<p>House Budget Committee chairman John Kasich said there would be no government shutdown, as there was last year, if Capitol Hill Republicans and President Clinton fail to agree on a federal spending plan this year.</p>
<p>&quot;The government is not going to close down again,&quot; Kasich, an Ohio Republican, told reporters after a meeting with other congressional budget committee leaders and Clinton at the White House.</p>
<p>If no agreement is reached, Congress would allow agencies to continue operating at the same spending levels, he said.  </p>
<p>&quot;If in fact we can't reach any agreement, we would basically say that in these areas, we would spend no more than last year, we would freeze spending,&quot; Kasich said.</p>
<p>He said the discussion with Clinton was &quot;candid&quot; but declined to give details, saying there would be more contacts between White House officials and congressional Republicans and their staffs in the coming weeks. &quot;I choose not to characterize the discussion as good or bad,&quot; he said. &quot;We're going to keep talking.&quot;</p>
<p>Senate Budget Committee chairman Pete Domenici, Republican of New Mexico, said Republicans would work seriously to narrow the gap on budget ideas, including during the upcoming congressional recess.</p>
<p>&quot;We agreed to work ... to narrow our differences. It is very clear there are big differences,&quot; Domenici said. He and Kasich spoke to reporters outside the White House.</p>
<p>Democrats who attended the meeting described it as a general session but said they thought it was good it had been held. &quot;No one was willing to throw out the first card on the table,&quot; said Sen. Frank Lautenberg, a New Jersey Demcocrat.</p>
</text>
<copyright>(c) Reuters Limited 1997</copyright>
<metadata>
<codes class="bip:countries:1.0">
  <code code="USA">
    <editdetail attribution="Reuters BIP Coding Group" action="confirmed" date="1997-03-19"/>
  </code>
</codes>
<codes class="bip:topics:1.0">
  <code code="E21">
    <editdetail attribution="Reuters BIP Coding Group" action="confirmed" date="1997-03-19"/>
  </code>
  <code code="E211">
    <editdetail attribution="Reuters BIP Coding Group" action="confirmed" date="1997-03-19"/>
  </code>
  <code code="ECAT">
    <editdetail attribution="Reuters BIP Coding Group" action="confirmed" date="1997-03-19"/>
  </code>
  <code code="GCAT">
    <editdetail attribution="Reuters BIP Coding Group" action="confirmed" date="1997-03-19"/>
  </code>
  <code code="GPOL">
    <editdetail attribution="Reuters BIP Coding Group" action="confirmed" date="1997-03-19"/>
  </code>
</codes>
<dc element="dc.date.created" value="1997-03-19"/>
<dc element="dc.publisher" value="Reuters Holdings Plc"/>
<dc element="dc.date.published" value="1997-03-19"/>
<dc element="dc.source" value="Reuters"/>
<dc element="dc.creator.location" value="WASHINGTON"/>
<dc element="dc.creator.location.country.name" value="USA"/>
<dc element="dc.source" value="Reuters"/>
</metadata>
</newsitem>
