<?xml version="1.0" encoding="iso-8859-1" ?>
<newsitem itemid="452054" id="root" date="1997-03-19" xml:lang="en">
<title>USA: US corporate bonds endure supply, Lilco, Atels up.</title>
<headline>US corporate bonds endure supply, Lilco, Atels up.</headline>
<dateline>NEW YORK 1997-03-19</dateline>
<text>
<p>U.S. investment and junk corporate bond spreads weathered a resurgence in supply on Wednesday, while secondary markets were focused on gains in Long Island Lighting Co and American Telecasting debt, dealers across both markets said.</p>
<p>High-yield secondary trade was marked by a surge in wireless cable concerns following news regional operator BellSouth Corp would acquire operations and assets in nine Southern markets from American Telecasting Inc.</p>
<p>Further, talk of an alliance by Cable &amp; Wireless Plc and Sprint Corp proved positive for Sprint related debt.  </p>
<p>Atel zero coupon bonds due 2005 traded as high as 37 after the news, traders said, up from Tuesday's closing bid in the low 20s. The deal, considered by analysts a confirmation on the value of spectrum assets of wireless cables, also boosted debt of similar companies such as CAI Wireless Systems Inc and People's Choice TV Corp.</p>
<p>The industry was upended last December when Bell Atlantic Corp and NYNEX Corp suspended an agreement to develop a wireless network with CAI.</p>
<p>&quot;The pendulum has swung the other way,&quot; said Salomon Brothers high-yield cable analyst Stevyn Schutzman.  </p>
<p>Atel zeros closed off their highs at 32 bid, 33-1/2 offer.</p>
<p>High-yield issuance was active. Deals included: $200 million 10-7/8 percent senior subordinated notes due 2004 from Anacomp Inc priced to yield 11-1/4 percent; $125 million 10-1/4 percent 10-year senior subordinated notes from Key Plastics Inc at par; $100 million 11 percent 10-year senior subordinated notes from STC Broadcasting Inc at par; $100 million 11 percent 10-year senior subordinated notes from EV International Inc at par; and $125 million 9-5/8 percent 10-year senior subordinated notes from Borg-Warner Security Corp priced at a discount to yield 300 basis points over.  </p>
<p>Not all deals were fortunate, however. Blue Chip Casino's planned $80 million seven-year senior secured deal was postponed for the second time, sources said.</p>
<p>Michigan City, Indiana-based Blue Chip Casinos did not return telephone calls.</p>
<p>Turning to investment grades, Long Island Lighting Co debenture spreads tightened more than 15 basis points on the day after news the Long Island Power Authority will acquire &quot;spongy&quot; distribution and regulatory assets and assume or refinance $3.6 billion in stranded costs, traders said.  </p>
<p>The debt is now a full 100 basis points tighter than quotes prior December's announcement of the planned merger between Long Island Lighting Co and Brooklyn Union Gas Co, traders added.</p>
<p>Lilco's nine percent debt was quoted at 117 bid.</p>
<p>Other secondary trade was quiet with investors still playing coy with long U.S. Treasuries looming around seven percent and ahead of a possible short-term interest rate hike by the Federal Reserve next week, dealers said. Still, spreads were little changed and new issues were said to garner &quot;decent&quot; demand.</p>
<p>Issues included $200 million 10-year 7-1/2 percent notes from Fletcher Challenge Capital Canada Inc priced to yield 77 basis points over Treasuries. Another $150 million 7-7/8 percent 20-year bonds from Fletcher were priced to yield 87 basis points over.</p>
<p>Also, Chrysler Financial Corp issued $300 million 6.95 percent five-year notes to yield 40 basis points over and TCI Communications Financing IV issued $200 million worth of 40-year trust preferred securities with a 9.72 percent coupon (dividend) at par.</p>
<p>((--Al Yoon, 212-859-1672))</p>
</text>
<copyright>(c) Reuters Limited 1997</copyright>
<metadata>
<codes class="bip:countries:1.0">
  <code code="USA">
    <editdetail attribution="Reuters BIP Coding Group" action="confirmed" date="1997-03-19"/>
  </code>
</codes>
<codes class="bip:topics:1.0">
  <code code="M12">
    <editdetail attribution="Reuters BIP Coding Group" action="confirmed" date="1997-03-19"/>
  </code>
  <code code="MCAT">
    <editdetail attribution="Reuters BIP Coding Group" action="confirmed" date="1997-03-19"/>
  </code>
</codes>
<dc element="dc.date.created" value="1997-03-19"/>
<dc element="dc.publisher" value="Reuters Holdings Plc"/>
<dc element="dc.date.published" value="1997-03-19"/>
<dc element="dc.source" value="Reuters"/>
<dc element="dc.creator.location" value="NEW YORK"/>
<dc element="dc.creator.location.country.name" value="USA"/>
<dc element="dc.source" value="Reuters"/>
</metadata>
</newsitem>
