<?xml version="1.0" encoding="iso-8859-1" ?>
<newsitem itemid="452071" id="root" date="1997-03-19" xml:lang="en">
<title>USA: Trism Inc Q4 net loss vs profit. [CORRECTED 23:47 gmt]</title>
<headline>Trism Inc Q4 net loss vs profit. [CORRECTED 23:47 gmt]</headline>
<dateline>KENNESAW, Ga. 1997-03-19</dateline>
<text>
<p>1996			1995</p>
<p> Shr loss	  $0.97	 profit   $0.01</p>
<p> Net loss	  5,521	 profit   93</p>
<p> Revs		77,599		   70,580</p>
<p> Avg shrs	  5,738		    5,735</p>
<p>	  12 MONTHS</p>
<p> Shr loss	  $1.15	 profit   $0.67</p>
<p> Net loss	  6,598	 profit   3,874</p>
<p>(Company corrects 1996 net loss figure from &quot;6,398&quot;)</p>
<p> Revs		310,033		  268,444</p>
<p> Avg shrs	  5,735		    5,759</p>
<p>(All data above 000s except per share numbers)</p>
<p>NOTE: 1996 results include one-time $4.1 million charge to write down intangible assets related to Trism's flat-bed trucking subsidiary. On a post-tax basis that translates to $2.7 million, or $0.47 per share.</p>
<p>					  TRISM, INC.</p>
<p>				  FINANCIAL HIGHLIGHTS</p>
<p>		     (in thousands, except per share data)</p>
<p>				     Three Months Ended  Year Ended</p>
<p>					  December 31,   December 31,</p>
<p>					1996     1995     1996     1995</p>
<p> Revenues		     $ 77,599 $ 70,580 $310,033 $268,444</p>
<p> Operating income	    (3,598)    3,722    5,082   19,593</p>
<p> Net income(loss)(a)	 (5,521)	 93  (6,598)    3,874</p>
<p>Earnings(loss)per</p>
<p>  common share(a)		(.97)	.01   (1.15)     0.67</p>
<p>Number of shares used</p>
<p>in computation of earnings</p>
<p>  per common share	     5,738    5,735    5,735    5,759</p>
<p>Earnings before interest,</p>
<p>taxes, depreciation and</p>
<p>  amortization		   5,525    8,515   28,892   39,029</p>
<p>(a) Losses for 1996 periods include a one-time charge of $4.1 million before tax ($2.7 million, or $0.47 per share, after tax) to write down intangible assets.</p>
</text>
<copyright>(c) Reuters Limited 1997</copyright>
<metadata>
<codes class="bip:countries:1.0">
  <code code="USA">
    <editdetail attribution="Reuters BIP Coding Group" action="confirmed" date="1997-03-19"/>
  </code>
</codes>
<codes class="bip:topics:1.0">
  <code code="C15">
    <editdetail attribution="Reuters BIP Coding Group" action="confirmed" date="1997-03-19"/>
  </code>
  <code code="C151">
    <editdetail attribution="Reuters BIP Coding Group" action="confirmed" date="1997-03-19"/>
  </code>
  <code code="C1511">
    <editdetail attribution="Reuters BIP Coding Group" action="confirmed" date="1997-03-19"/>
  </code>
  <code code="CCAT">
    <editdetail attribution="Reuters BIP Coding Group" action="confirmed" date="1997-03-19"/>
  </code>
</codes>
<dc element="dc.date.created" value="1997-03-19"/>
<dc element="dc.publisher" value="Reuters Holdings Plc"/>
<dc element="dc.date.published" value="1997-03-19"/>
<dc element="dc.source" value="Reuters"/>
<dc element="dc.creator.location" value="KENNESAW, Ga."/>
<dc element="dc.creator.location.country.name" value="USA"/>
<dc element="dc.source" value="Reuters"/>
</metadata>
</newsitem>
