<?xml version="1.0" encoding="iso-8859-1" ?>
<newsitem itemid="452014" id="root" date="1997-03-19" xml:lang="en">
<title>USA: Ault cites higher margins for Q3 gain.</title>
<headline>Ault cites higher margins for Q3 gain.</headline>
<dateline>MINNEAPOLIS 1997-03-19</dateline>
<text>
<p>Ault Inc said Wednesday a shift in its product mix to higher-margin electronic products helped earnings in the third quarter ended March 2 more than double compared to year-ago results.</p>
<p>The company said net income in the period totaled $620,000, or $0.15 a share, up from $270,000, or $0.12, a year ago. Sales increased to $10.6 million from $9.0 million.</p>
<p>Ault said its gross margin climbed to 26.6 percent from 22.9 percent a year ago due also in part to its ability to leverage fixed costs over a growing sales base.</p>
<p>Ault makes external power conversion products.</p>
<p>Its shares closed down 1/4 Wednesday at 7-1/4.</p>
<p>((Chicago newsdesk (312) 408-8787))</p>
</text>
<copyright>(c) Reuters Limited 1997</copyright>
<metadata>
<codes class="bip:countries:1.0">
  <code code="USA">
    <editdetail attribution="Reuters BIP Coding Group" action="confirmed" date="1997-03-19"/>
  </code>
</codes>
<codes class="bip:industries:1.0">
  <code code="I34200">
    <editdetail attribution="Reuters BIP Coding Group" action="confirmed" date="1997-03-19"/>
  </code>
</codes>
<codes class="bip:topics:1.0">
  <code code="C15">
    <editdetail attribution="Reuters BIP Coding Group" action="confirmed" date="1997-03-19"/>
  </code>
  <code code="C151">
    <editdetail attribution="Reuters BIP Coding Group" action="confirmed" date="1997-03-19"/>
  </code>
  <code code="CCAT">
    <editdetail attribution="Reuters BIP Coding Group" action="confirmed" date="1997-03-19"/>
  </code>
</codes>
<dc element="dc.date.created" value="1997-03-19"/>
<dc element="dc.publisher" value="Reuters Holdings Plc"/>
<dc element="dc.date.published" value="1997-03-19"/>
<dc element="dc.source" value="Reuters"/>
<dc element="dc.creator.location" value="MINNEAPOLIS"/>
<dc element="dc.creator.location.country.name" value="USA"/>
<dc element="dc.source" value="Reuters"/>
</metadata>
</newsitem>
