<?xml version="1.0" encoding="iso-8859-1" ?>
<newsitem itemid="452050" id="root" date="1997-03-19" xml:lang="en">
<title>USA: Quality Dining ex-directors weigh options for firm.</title>
<headline>Quality Dining ex-directors weigh options for firm.</headline>
<dateline>CHICAGO 1997-03-19</dateline>
<text>
<p>Two former directors of Quality Dining Inc said they hired an investment banking firm to consider options for the company, which last year bought the bagel chain they founded.</p>
<p>In a Securities and Exchange Commission filing, Nordahl Brue and Michael Dressell, who resigned from the board last month, raised concern over operation of the company.</p>
<p>&quot;...(M)anagement of the company does not have a viable plan to grow, or to finance the growth of, its business as owner, operator and franchisor of Bruegger's Bagel Bakery...,&quot; Brue and Dressell said in the SEC filing made this week.  </p>
<p>Neither Brue nor Dressell, who were founders of Bruegger's, were immediately available for comment.</p>
<p>Brue holds 2,149,625 shares of Quality Dining and Dressell owns 2,163,701, according to the filing, accounting together for 25.5 percent of Quality Dining's shares outstanding.</p>
<p>They also operate more than 150 Bruegger's restaurants as the company's largest franchisee.</p>
<p>In the filing, the men said they hired the investment banking firm of Gleacher Natwest Inc to consider options for Quality Dining, including separating the bagel chain from its other restaurant operations.  </p>
<p>In a statement, Quality Dining said it was disappointed that Brue and Dressell &quot;apparently disagree with the comprehensive strategic business plan which has been approved and adopted by the company's board of directors and management.&quot;</p>
<p>Brue and Dressell said in the filing no decision has been made as yet on what actions should be taken to maximize the value of the stock.  Quality Dining shares on Wednesday were off 3/8 at 13-1/2, which compares with a 52-week high of 39-1/2 and a 52-week low of 10-1/2.  </p>
<p>In the filing, Brue and Dressell said they are considering nominating three directors at Quality Dining's annual meeting, which is scheduled to be held March 26.  Three current directors of the company are slated for reelection.</p>
<p>In its statement, Quality Dining said it was surprised that Brue and Dressell may propose nominees for the board &quot;in light of their resignations from the board only last month.&quot;</p>
<p>When they resigned from Quality Dining's board last month, the two men said they wanted to focus on other business interests, including their Bruegger's franchises.  </p>
<p>A Quality Dining spokesman was not immediately available for further comment.</p>
<p>Quality Dining said it has many initiatives underway in all of its restaurant concepts, including Bruegger's, which are designed to grow the business and enhance shareholder value.</p>
<p>Quality Dining's other restaurant concepts include Grady's American Grill, Spageddies Italian Kitchen and Papa Vino's Italian Kitchen.  It also operates Burger King and Chili's Grill &amp; Bar restaurants as a franchisee.</p>
</text>
<copyright>(c) Reuters Limited 1997</copyright>
<metadata>
<codes class="bip:countries:1.0">
  <code code="USA">
    <editdetail attribution="Reuters BIP Coding Group" action="confirmed" date="1997-03-19"/>
  </code>
</codes>
<codes class="bip:industries:1.0">
  <code code="I66100">
    <editdetail attribution="Reuters BIP Coding Group" action="confirmed" date="1997-03-19"/>
  </code>
</codes>
<codes class="bip:topics:1.0">
  <code code="C11">
    <editdetail attribution="Reuters BIP Coding Group" action="confirmed" date="1997-03-19"/>
  </code>
  <code code="C18">
    <editdetail attribution="Reuters BIP Coding Group" action="confirmed" date="1997-03-19"/>
  </code>
  <code code="C181">
    <editdetail attribution="Reuters BIP Coding Group" action="confirmed" date="1997-03-19"/>
  </code>
  <code code="CCAT">
    <editdetail attribution="Reuters BIP Coding Group" action="confirmed" date="1997-03-19"/>
  </code>
</codes>
<dc element="dc.date.created" value="1997-03-19"/>
<dc element="dc.publisher" value="Reuters Holdings Plc"/>
<dc element="dc.date.published" value="1997-03-19"/>
<dc element="dc.source" value="Reuters"/>
<dc element="dc.creator.location" value="CHICAGO"/>
<dc element="dc.creator.location.country.name" value="USA"/>
<dc element="dc.source" value="Reuters"/>
</metadata>
</newsitem>
