<?xml version="1.0" encoding="iso-8859-1" ?>
<newsitem itemid="452094" id="root" date="1997-03-19" xml:lang="en">
<title>USA: CHS expects Q1 EPS in excess of $0.40.</title>
<headline>CHS expects Q1 EPS in excess of $0.40.</headline>
<dateline>MIAMI 1997-03-19</dateline>
<text>
<p>CHS Electronics Inc said Wednesday it expects earnings for the first quarter to be in excess of $0.40 per share and revenues to exceed $900 million.</p>
<p>It said it does not forsee any extraordinary income or charges for the first quarter.</p>
<p>The company also said it purchased three privately held micro-computer distribution companies with combined 1996 revenue of $201 million, and signed a letter of intent to buy Lars Krull A.S., which had 1996 revenue of $70 million and is based in Alborg, Denmark.  </p>
<p>CHS reported 1996 first quarter earnings of $0.25 per share on revenues of $303 million.</p>
<p>The acquired companies are International High Tech Marketing Inc of Miami; Dinexim, the trade name for Dinoral Corp of Miami; and Acces and Agora s.r.o. of Brno, The Czech Republic.</p>
<p>The company said it is forcasting combined 1997 revenue for the four companies of $375 million.</p>
<p>The companies were acquired for CHS shares and cash to be paid after earn-out periods of one and two years.</p>
<p>The company said it expects the purchases to be accretive.</p>
</text>
<copyright>(c) Reuters Limited 1997</copyright>
<metadata>
<codes class="bip:countries:1.0">
  <code code="USA">
    <editdetail attribution="Reuters BIP Coding Group" action="confirmed" date="1997-03-19"/>
  </code>
</codes>
<codes class="bip:topics:1.0">
  <code code="C15">
    <editdetail attribution="Reuters BIP Coding Group" action="confirmed" date="1997-03-19"/>
  </code>
  <code code="C152">
    <editdetail attribution="Reuters BIP Coding Group" action="confirmed" date="1997-03-19"/>
  </code>
  <code code="CCAT">
    <editdetail attribution="Reuters BIP Coding Group" action="confirmed" date="1997-03-19"/>
  </code>
</codes>
<dc element="dc.date.created" value="1997-03-19"/>
<dc element="dc.publisher" value="Reuters Holdings Plc"/>
<dc element="dc.date.published" value="1997-03-19"/>
<dc element="dc.source" value="Reuters"/>
<dc element="dc.creator.location" value="MIAMI"/>
<dc element="dc.creator.location.country.name" value="USA"/>
<dc element="dc.source" value="Reuters"/>
</metadata>
</newsitem>
