<?xml version="1.0" encoding="iso-8859-1" ?>
<newsitem itemid="452030" id="root" date="1997-03-19" xml:lang="en">
<title>USA: Crop Growers stake sold by Spellman group.</title>
<headline>Crop Growers stake sold by Spellman group.</headline>
<dateline>WASHINGTON 1997-03-19</dateline>
<text>
<p>A group including Kramer Spellman L.P., a Fort Lee, N.J., investment firm, said Wednesdasy it sold its stake in Crop Growers Corp.</p>
<p>In a filing with the Securities and Exchange Commission, the group said its latest transactions include the sale of 805,700 common shares on March 18 at prices ranging from $9.782 to $9.84 per share.</p>
<p>Crop Growers, based in Great Falls, Mt., markets and services federal multi-peril crop insurance and crop hail insurance for third party insurance companies and its own insurance company subsidiaries.</p>
</text>
<copyright>(c) Reuters Limited 1997</copyright>
<metadata>
<codes class="bip:countries:1.0">
  <code code="USA">
    <editdetail attribution="Reuters BIP Coding Group" action="confirmed" date="1997-03-19"/>
  </code>
</codes>
<codes class="bip:industries:1.0">
  <code code="I82003">
    <editdetail attribution="Reuters BIP Coding Group" action="confirmed" date="1997-03-19"/>
  </code>
</codes>
<codes class="bip:topics:1.0">
  <code code="C18">
    <editdetail attribution="Reuters BIP Coding Group" action="confirmed" date="1997-03-19"/>
  </code>
  <code code="C181">
    <editdetail attribution="Reuters BIP Coding Group" action="confirmed" date="1997-03-19"/>
  </code>
  <code code="CCAT">
    <editdetail attribution="Reuters BIP Coding Group" action="confirmed" date="1997-03-19"/>
  </code>
</codes>
<dc element="dc.date.created" value="1997-03-19"/>
<dc element="dc.publisher" value="Reuters Holdings Plc"/>
<dc element="dc.date.published" value="1997-03-19"/>
<dc element="dc.source" value="Reuters"/>
<dc element="dc.creator.location" value="WASHINGTON"/>
<dc element="dc.creator.location.country.name" value="USA"/>
<dc element="dc.source" value="Reuters"/>
</metadata>
</newsitem>
