<?xml version="1.0" encoding="iso-8859-1" ?>
<newsitem itemid="452087" id="root" date="1997-03-19" xml:lang="en">
<title>USA: AGA says U.S. weekly natgas stocks fell 45 bcf.</title>
<headline>AGA says U.S. weekly natgas stocks fell 45 bcf.</headline>
<dateline>WASHINGTON 1997-03-19</dateline>
<text>
<p>American Gas Association</p>
<p>estimates of U.S. working gas in storage in billion cubic feet</p>
<p>(bcf):  R-revised     03/14/97  03/07/97  Net Chg  Pct Full(6)</p>
<p> Producing Reg. (1)	  254*	240    +14     28</p>
<p> Consuming Reg. East (2)   469	 526    -57     26</p>
<p> Consuming Reg. West (3)   163	 165    -2	34</p>
<p> Total U.S.		    886	 931    -45     28</p>
<p>Notes: (1) Incl Texas, Okla., Kansas, N.Mexico, Arkansas, Louisiana, and Miss. (2) Incl states east of Miss. River less Miss., plus Iowa, Neb and Missouri (3) Incl states west of the Miss. River less producing region and Iowa, Neb and Missouri.</p>
<p>Survey sample and full working gas estimates</p>
<p> -			 Survey Sample   Est. Full Work-    Yr-Ago</p>
<p> -			 Size--Pct (4)   ing Gas--BCF	  Week</p>
<p> Producing Region	    70%		   908	   194</p>
<p> Consuming Region East     95		  1,790	   249</p>
<p> Consuming Region West     93		    482	   225</p>
<p> Total U.S.		    87		  3,180	   668</p>
<p>Notes:</p>
<p>(4)This percentage value describes the survey sample size each week (sample may change if companies fail to report or a company is added to the weekly survey). It is determined by dividing the maximum volume held in recent years in reported pools for all the reporting companies in a given region for that week by that regions estimated full. Any additions to the sample or failures to report are reflected in a percentage change from the prior week.</p>
<p>(6)This Week regional and Total U.S. volumes divided by Estimated Full regional and Total U.S. volumes. This statistic is intended to show how &quot;full&quot; working gas is at any given time.</p>
<p>*For the 1996-97 winter heating season, 6 Bcf of base gas was withdrawn from Producing Region storage. In addition to the 14 Bcf net refill for this week in the Producing Region, 2 Bcf was injected to base gas leaving a net of 4 Bcf of base gas to be refilled.</p>
</text>
<copyright>(c) Reuters Limited 1997</copyright>
<metadata>
<codes class="bip:countries:1.0">
  <code code="USA">
    <editdetail attribution="Reuters BIP Coding Group" action="confirmed" date="1997-03-19"/>
  </code>
</codes>
<codes class="bip:industries:1.0">
  <code code="I13000">
    <editdetail attribution="Reuters BIP Coding Group" action="confirmed" date="1997-03-19"/>
  </code>
</codes>
<codes class="bip:topics:1.0">
  <code code="C21">
    <editdetail attribution="Reuters BIP Coding Group" action="confirmed" date="1997-03-19"/>
  </code>
  <code code="CCAT">
    <editdetail attribution="Reuters BIP Coding Group" action="confirmed" date="1997-03-19"/>
  </code>
  <code code="M14">
    <editdetail attribution="Reuters BIP Coding Group" action="confirmed" date="1997-03-19"/>
  </code>
  <code code="M143">
    <editdetail attribution="Reuters BIP Coding Group" action="confirmed" date="1997-03-19"/>
  </code>
  <code code="MCAT">
    <editdetail attribution="Reuters BIP Coding Group" action="confirmed" date="1997-03-19"/>
  </code>
</codes>
<dc element="dc.date.created" value="1997-03-19"/>
<dc element="dc.publisher" value="Reuters Holdings Plc"/>
<dc element="dc.date.published" value="1997-03-19"/>
<dc element="dc.source" value="Reuters"/>
<dc element="dc.creator.location" value="WASHINGTON"/>
<dc element="dc.creator.location.country.name" value="USA"/>
<dc element="dc.source" value="Reuters"/>
</metadata>
</newsitem>
