<?xml version="1.0" encoding="iso-8859-1" ?>
<newsitem itemid="452099" id="root" date="1997-03-19" xml:lang="en">
<title>USA: LG&amp;E chosen for Big River lease.</title>
<headline>LG&amp;E chosen for Big River lease.</headline>
<dateline>LOUISVILLE, Ky. 1997-03-19</dateline>
<text>
<p>LG&amp;E Energy Corp said Wednesday that a federal bankruptcy court has selected its proposal to lease the generating assets of Big Rivers Electric Corp.</p>
<p>Under the terms of the proposal, LG&amp;E said it will lease the $1.3 billion of generating assets of the Henderson, Ky.-based cooperative for 25 years and provide power to Big Rivers to serve its member cooperatives and their 90,000 customers at reduced rates.</p>
<p>LG&amp;E Energy said that it and Big Rivers will now complete negotiations with creditors and customers and file a reorganization plan that details the terms of the proposal in order to bring resolution to the long bankruptcy process.</p>
<p>LG&amp;E Energy is an energy services holding company headquartered in Louisville, Ky.</p>
</text>
<copyright>(c) Reuters Limited 1997</copyright>
<metadata>
<codes class="bip:countries:1.0">
  <code code="USA">
    <editdetail attribution="Reuters BIP Coding Group" action="confirmed" date="1997-03-19"/>
  </code>
</codes>
<codes class="bip:industries:1.0">
  <code code="I16000">
    <editdetail attribution="Reuters BIP Coding Group" action="confirmed" date="1997-03-19"/>
  </code>
</codes>
<codes class="bip:topics:1.0">
  <code code="C12">
    <editdetail attribution="Reuters BIP Coding Group" action="confirmed" date="1997-03-19"/>
  </code>
  <code code="C16">
    <editdetail attribution="Reuters BIP Coding Group" action="confirmed" date="1997-03-19"/>
  </code>
  <code code="C33">
    <editdetail attribution="Reuters BIP Coding Group" action="confirmed" date="1997-03-19"/>
  </code>
  <code code="CCAT">
    <editdetail attribution="Reuters BIP Coding Group" action="confirmed" date="1997-03-19"/>
  </code>
  <code code="GCAT">
    <editdetail attribution="Reuters BIP Coding Group" action="confirmed" date="1997-03-19"/>
  </code>
  <code code="GCRIM">
    <editdetail attribution="Reuters BIP Coding Group" action="confirmed" date="1997-03-19"/>
  </code>
</codes>
<dc element="dc.date.created" value="1997-03-19"/>
<dc element="dc.publisher" value="Reuters Holdings Plc"/>
<dc element="dc.date.published" value="1997-03-19"/>
<dc element="dc.source" value="Reuters"/>
<dc element="dc.creator.location" value="LOUISVILLE, Ky."/>
<dc element="dc.creator.location.country.name" value="USA"/>
<dc element="dc.source" value="Reuters"/>
</metadata>
</newsitem>
