<?xml version="1.0" encoding="iso-8859-1" ?>
<newsitem itemid="452038" id="root" date="1997-03-19" xml:lang="en">
<title>USA: Bank of Commerce, Fallbrook plan rejected.</title>
<headline>Bank of Commerce, Fallbrook plan rejected.</headline>
<dateline>SAN DIEGO, Calif 1997-03-19</dateline>
<text>
<p>Bank of Commerce said Wednesday that Fallbrook National Bank has rejected its acquisition proposal.</p>
<p>&quot;Despite the action by the board of Fallbrook National Bank, Bank of Commerce is determined to pursue its proposal through all appropriate means,&quot; the company said in a release.</p>
<p>The proposed stock pact had called for Bank of Commerce to acquire Fallbrook by exchanging two Bank of Commerce shares for five shares of Fallbrook.</p>
</text>
<copyright>(c) Reuters Limited 1997</copyright>
<metadata>
<codes class="bip:countries:1.0">
  <code code="USA">
    <editdetail attribution="Reuters BIP Coding Group" action="confirmed" date="1997-03-19"/>
  </code>
</codes>
<codes class="bip:industries:1.0">
  <code code="I81402">
    <editdetail attribution="Reuters BIP Coding Group" action="confirmed" date="1997-03-19"/>
  </code>
</codes>
<codes class="bip:topics:1.0">
  <code code="C18">
    <editdetail attribution="Reuters BIP Coding Group" action="confirmed" date="1997-03-19"/>
  </code>
  <code code="C181">
    <editdetail attribution="Reuters BIP Coding Group" action="confirmed" date="1997-03-19"/>
  </code>
  <code code="CCAT">
    <editdetail attribution="Reuters BIP Coding Group" action="confirmed" date="1997-03-19"/>
  </code>
</codes>
<dc element="dc.date.created" value="1997-03-19"/>
<dc element="dc.publisher" value="Reuters Holdings Plc"/>
<dc element="dc.date.published" value="1997-03-19"/>
<dc element="dc.source" value="Reuters"/>
<dc element="dc.creator.location" value="SAN DIEGO, Calif"/>
<dc element="dc.creator.location.country.name" value="USA"/>
<dc element="dc.source" value="Reuters"/>
</metadata>
</newsitem>
