<?xml version="1.0" encoding="iso-8859-1" ?>
<newsitem itemid="452122" id="root" date="1997-03-19" xml:lang="en">
<title>USA: National Service Industries Q2 net rises.</title>
<headline>National Service Industries Q2 net rises.</headline>
<dateline>ATLANTA 1997-03-19</dateline>
<text>
<p>(Amounts in thousands, except per-share data)</p>
<p>Three months ended February 28, 1997 and February 29, 1996</p>
<p>	    Sales and Service Revenues  Operating Profit (Loss)</p>
<p>			    1997	1996	    1997	1996</p>
<p>Lighting equipment</p>
<p>			$223,721  $206,454	$ 20,645    $13,776</p>
<p> Textile rental    127,852   129,803	   7,301	9,247</p>
<p> Chemical	     87,695    84,355	   6,624	6,222</p>
<p> Envelopes	    33,410    30,482	   2,638	2,046</p>
<p> Other		  26,558    31,112	   (632)	1,006</p>
<p> Total		 499,236   482,206	  36,576     32,297</p>
<p> Corporate		 ---	 ---	 (3,439)    (1,237)</p>
<p>Interest expense,</p>
<p>  net			---	 ---	   (950)	(340)</p>
<p> Income before taxes   ---	 ---	  32,187     30,720</p>
<p> Income taxes	    ---	 ---	  11,842     11,470</p>
<p> Net income		---	 ---	  20,345     19,250</p>
<p> Earnings per share    ---	 ---	     .45	  .40</p>
<p>Dividends paid per share ---</p>
<p>					   ---	     .30	  .29</p>
<p>Average shares outstanding</p>
<p>  during period	  ---	 ---	  44,994     48,364</p>
<p>Actual shares outstanding</p>
<p>  end of period	  ---	 ---	  44,554     48,287</p>
<p>Six months ended February 28, 1997 and February 29, 1996</p>
<p>	    Sales and Service Revenues  Operating Profit (Loss)</p>
<p>			   1997	 1996	    1997	 1996</p>
<p>Lighting equipment</p>
<p>		    $  451,168  $414,732	$ 42,017    $30,154</p>
<p> Textile rental    257,982   262,511	  15,438     19,000</p>
<p> Chemical	    183,177   176,462	  17,547     15,927</p>
<p> Envelopes	    64,761    59,965	   4,751	4,162</p>
<p> Other		  54,041    61,086	     947	1,980</p>
<p> Total	     1,011,129   974,756	  80,700     71,223</p>
<p> Corporate		 ---	 ---	 (7,573)    (2,810)</p>
<p>Interest expense,</p>
<p>  net			---	 ---	 (1,600)	(598)</p>
<p> Income before taxes   ---	 ---	  71,527     67,815</p>
<p> Income taxes	    ---	 ---	  26,348     25,296</p>
<p> Net income		---	 ---	  45,179     42,519</p>
<p> Earnings per share    ---	 ---	     .99	  .88</p>
<p>Dividends paid per share ---</p>
<p>					   ---	     .59	  .57</p>
<p>Average shares outstanding</p>
<p>  during period	  ---	 ---	  45,468     48,350</p>
<p>Actual shares outstanding</p>
<p>  end of period	  ---	 ---	  44,554     48,287</p>
<p>-- New York Newsdesk 212 859-1610</p>
</text>
<copyright>(c) Reuters Limited 1997</copyright>
<metadata>
<codes class="bip:countries:1.0">
  <code code="USA">
    <editdetail attribution="Reuters BIP Coding Group" action="confirmed" date="1997-03-19"/>
  </code>
</codes>
<codes class="bip:topics:1.0">
  <code code="C15">
    <editdetail attribution="Reuters BIP Coding Group" action="confirmed" date="1997-03-19"/>
  </code>
  <code code="C151">
    <editdetail attribution="Reuters BIP Coding Group" action="confirmed" date="1997-03-19"/>
  </code>
  <code code="CCAT">
    <editdetail attribution="Reuters BIP Coding Group" action="confirmed" date="1997-03-19"/>
  </code>
</codes>
<dc element="dc.date.created" value="1997-03-19"/>
<dc element="dc.publisher" value="Reuters Holdings Plc"/>
<dc element="dc.date.published" value="1997-03-19"/>
<dc element="dc.source" value="Reuters"/>
<dc element="dc.creator.location" value="ATLANTA"/>
<dc element="dc.creator.location.country.name" value="USA"/>
<dc element="dc.source" value="Reuters"/>
</metadata>
</newsitem>
