<?xml version="1.0" encoding="iso-8859-1" ?>
<newsitem itemid="452169" id="root" date="1997-03-19" xml:lang="en">
<title>USA: Suit filed against Florida Panthers.</title>
<headline>Suit filed against Florida Panthers.</headline>
<dateline>NEW YORK 1997-03-19</dateline>
<text>
<p>Three law firms said they filed suit Wednesday in the U.S. District Court for the Southern District of Florida, on behalf of sellers of the common stock of Florida Panthers Holdings Inc, against certain Florida Panthers officers and directors.</p>
<p>The lawsuit seeks class action status.</p>
<p>The complaint alleges the company violated antifraud laws by misrepresenting and failing to disclose material positive facts about the short-term business prospects and finances of Panther, artificially depressing the price of its stock between Nov 13, 1996 and Dec 22.</p>
<p>The complaint also alleges that four of the defendants violated the federal insider trading law by buying Panther stock at artificially depressed prices while in possession of material nonpublic inside information.</p>
<p>The complaint seeks to recover damages on behalf of class members who sold their stock at allegedly artificially low prices caused by the defendants' actions.</p>
<p>The attorneys are from the law firms of Morris and Morris; Stull, Stull &amp; Brody; and Weiss &amp; Yourman.</p>
<p>Representatives from the company were not immediately available for comment.</p>
</text>
<copyright>(c) Reuters Limited 1997</copyright>
<metadata>
<codes class="bip:countries:1.0">
  <code code="USA">
    <editdetail attribution="Reuters BIP Coding Group" action="confirmed" date="1997-03-19"/>
  </code>
</codes>
<codes class="bip:industries:1.0">
  <code code="I97911">
    <editdetail attribution="Reuters BIP Coding Group" action="confirmed" date="1997-03-19"/>
  </code>
</codes>
<codes class="bip:topics:1.0">
  <code code="C12">
    <editdetail attribution="Reuters BIP Coding Group" action="confirmed" date="1997-03-19"/>
  </code>
  <code code="CCAT">
    <editdetail attribution="Reuters BIP Coding Group" action="confirmed" date="1997-03-19"/>
  </code>
  <code code="GCAT">
    <editdetail attribution="Reuters BIP Coding Group" action="confirmed" date="1997-03-19"/>
  </code>
  <code code="GCRIM">
    <editdetail attribution="Reuters BIP Coding Group" action="confirmed" date="1997-03-19"/>
  </code>
</codes>
<dc element="dc.date.created" value="1997-03-19"/>
<dc element="dc.publisher" value="Reuters Holdings Plc"/>
<dc element="dc.date.published" value="1997-03-19"/>
<dc element="dc.source" value="Reuters"/>
<dc element="dc.creator.location" value="NEW YORK"/>
<dc element="dc.creator.location.country.name" value="USA"/>
<dc element="dc.source" value="Reuters"/>
</metadata>
</newsitem>
