<?xml version="1.0" encoding="iso-8859-1" ?>
<newsitem itemid="452129" id="root" date="1997-03-19" xml:lang="en">
<title>USA: American List details deal with Snyder.</title>
<headline>American List details deal with Snyder.</headline>
<dateline>MINEOLA, N.Y. 1997-03-19</dateline>
<text>
<p>American List Corp on Wednesday said the number of shares Snyder Communications Inc may issue in connection with their earlier reported merger agreement will depend on the average trading price of Snyder stock.</p>
<p>The stock swap merger deal was initially valued by American List at $125 million.</p>
<p>American List said that if the average trading price of Snyder common stock for the 20-day period ending the third day before the closing of the deal is equal to or exceeds $32, one common share of Snyder will be exchanged for each share of American List common share.  </p>
<p>At $32 and based on American List's 4.5 million common shares, the deal would be valued at $144.0 million.</p>
<p>If the average price is $28 or more but is less than $32, the number of Snyder shares to be issued for each American List share will be equal to the quotient of $32 divided by the average price.</p>
<p>If the average price equals or exceeds $26, but is less than $28, Snyder will issue 1.14 shares for each American List share.</p>
<p>If the average is less than $26 and the agreement is not terminated, the number of shares Snyder will swap for each American List share  will equal to the quotient of $29.71 divided by the average trading price.</p>
<p>American List also said it was correcting its earlier reported net income per share for the fourth quarter ended February 1996 to $0.55, instead of $0.42.</p>
</text>
<copyright>(c) Reuters Limited 1997</copyright>
<metadata>
<codes class="bip:countries:1.0">
  <code code="USA">
    <editdetail attribution="Reuters BIP Coding Group" action="confirmed" date="1997-03-19"/>
  </code>
</codes>
<codes class="bip:industries:1.0">
  <code code="I83800">
    <editdetail attribution="Reuters BIP Coding Group" action="confirmed" date="1997-03-19"/>
  </code>
</codes>
<codes class="bip:topics:1.0">
  <code code="C17">
    <editdetail attribution="Reuters BIP Coding Group" action="confirmed" date="1997-03-19"/>
  </code>
  <code code="C171">
    <editdetail attribution="Reuters BIP Coding Group" action="confirmed" date="1997-03-19"/>
  </code>
  <code code="C18">
    <editdetail attribution="Reuters BIP Coding Group" action="confirmed" date="1997-03-19"/>
  </code>
  <code code="C181">
    <editdetail attribution="Reuters BIP Coding Group" action="confirmed" date="1997-03-19"/>
  </code>
  <code code="CCAT">
    <editdetail attribution="Reuters BIP Coding Group" action="confirmed" date="1997-03-19"/>
  </code>
</codes>
<dc element="dc.date.created" value="1997-03-19"/>
<dc element="dc.publisher" value="Reuters Holdings Plc"/>
<dc element="dc.date.published" value="1997-03-19"/>
<dc element="dc.source" value="Reuters"/>
<dc element="dc.creator.location" value="MINEOLA, N.Y."/>
<dc element="dc.creator.location.country.name" value="USA"/>
<dc element="dc.source" value="Reuters"/>
</metadata>
</newsitem>
