<?xml version="1.0" encoding="iso-8859-1" ?>
<newsitem itemid="452143" id="root" date="1997-03-19" xml:lang="en">
<title>USA: Mark reports loss, retains Bear Stearns.</title>
<headline>Mark reports loss, retains Bear Stearns.</headline>
<dateline>KINGSTON, N.Y. 1997-03-19</dateline>
<text>
<p>Mark Centers Trust on Wednesday reported a fourth-quarter loss of $0.08 per share, and said it engaged Bear Stearns &amp; Co Inc to explore strategic alternatives.</p>
<p>The self-administered equity real-estate trust said it lost $675,000 on revenues of $11.3 million, compared to a profit of $839,000, or $0.08 per share, on revenues of $11.3 million for the same period a year ago.</p>
<p>For full-year 1996, Mark Centers lost $724,000, or $0.08 per share, on revenues of $43.4 million. In 1995 it had a profit of $3.8 million, or $0.44 per share, on revenues of $43.0  million.</p>
<p>Mark Centers said its funds from operations amounted to $3.1 million in the fourth quarter of 1996, or $0.30 per share, compared to $3.9 million, or $0.38  per share, for the same period the year before.</p>
<p>Operating income for the full year was $12.4 million, or $1.22 per share, compared to $15.3 million, or $1.50 per share, in 1995.</p>
<p>Mark Centers was trading down 1/4 at 11-1/2 on Wednesday.</p>
</text>
<copyright>(c) Reuters Limited 1997</copyright>
<metadata>
<codes class="bip:countries:1.0">
  <code code="USA">
    <editdetail attribution="Reuters BIP Coding Group" action="confirmed" date="1997-03-19"/>
  </code>
</codes>
<codes class="bip:industries:1.0">
  <code code="I81502">
    <editdetail attribution="Reuters BIP Coding Group" action="confirmed" date="1997-03-19"/>
  </code>
  <code code="I83100">
    <editdetail attribution="Reuters BIP Coding Group" action="confirmed" date="1997-03-19"/>
  </code>
</codes>
<codes class="bip:topics:1.0">
  <code code="C11">
    <editdetail attribution="Reuters BIP Coding Group" action="confirmed" date="1997-03-19"/>
  </code>
  <code code="C15">
    <editdetail attribution="Reuters BIP Coding Group" action="confirmed" date="1997-03-19"/>
  </code>
  <code code="C151">
    <editdetail attribution="Reuters BIP Coding Group" action="confirmed" date="1997-03-19"/>
  </code>
  <code code="C33">
    <editdetail attribution="Reuters BIP Coding Group" action="confirmed" date="1997-03-19"/>
  </code>
  <code code="CCAT">
    <editdetail attribution="Reuters BIP Coding Group" action="confirmed" date="1997-03-19"/>
  </code>
</codes>
<dc element="dc.date.created" value="1997-03-19"/>
<dc element="dc.publisher" value="Reuters Holdings Plc"/>
<dc element="dc.date.published" value="1997-03-19"/>
<dc element="dc.source" value="Reuters"/>
<dc element="dc.creator.location" value="KINGSTON, N.Y."/>
<dc element="dc.creator.location.country.name" value="USA"/>
<dc element="dc.source" value="Reuters"/>
</metadata>
</newsitem>
