<?xml version="1.0" encoding="iso-8859-1" ?>
<newsitem itemid="452188" id="root" date="1997-03-19" xml:lang="en">
<title>USA: No big shift seen in Japan portfolios ahead of EMU.</title>
<headline>No big shift seen in Japan portfolios ahead of EMU.</headline>
<dateline>WASHINGTON 1997-03-19</dateline>
<text>
<p>Japanese investors and financial institutions plan no big changes in their portfolios in the run-up to the launch of European monetary union in 1999, a senior Ministry of Finance official said.</p>
<p>&quot;The current stance ... is to make no fundamental change in the period to the year 1999 due to the general uncertainty involved,&quot; Takatoshi Kato, Vice Finance Minister for International affairs, said.</p>
<p>&quot;However,&quot; he added, &quot;some expect an increase in investment in euro-denominated securities if the introduction of the euro increases the liquidity of European markets.&quot;  </p>
<p>Kato told a conference at the International Monetary Fund that Japanese investors will base their portfolio decisions on a variety of factors, including how strictly the Maastricht Treaty criteria for the launch of EMU are applied.</p>
<p>&quot;In order for the introduction of the European single currency to have a positive effect on the global economy, it is essential that it be introduced in an orderly manner and without confusion,&quot; he said.</p>
<p>In that regard, Kato stressed the importance of the parity at which existing European currencies will be changed into euros.</p>
<p>That parity must be determined in a way and at a time designed to enhance the credibility of EMU in financial markets, he said.</p>
<p>It is also important that European nations continue their efforts to bring their economies into greater convergence after 1999, Kato added.</p>
</text>
<copyright>(c) Reuters Limited 1997</copyright>
<metadata>
<codes class="bip:countries:1.0">
  <code code="EEC">
    <editdetail attribution="Reuters BIP Coding Group" action="confirmed" date="1997-03-19"/>
  </code>
  <code code="JAP">
    <editdetail attribution="Reuters BIP Coding Group" action="confirmed" date="1997-03-19"/>
  </code>
  <code code="USA">
    <editdetail attribution="Reuters BIP Coding Group" action="confirmed" date="1997-03-19"/>
  </code>
</codes>
<codes class="bip:industries:1.0">
  <code code="I81502">
    <editdetail attribution="Reuters BIP Coding Group" action="confirmed" date="1997-03-19"/>
  </code>
</codes>
<codes class="bip:topics:1.0">
  <code code="C31">
    <editdetail attribution="Reuters BIP Coding Group" action="confirmed" date="1997-03-19"/>
  </code>
  <code code="CCAT">
    <editdetail attribution="Reuters BIP Coding Group" action="confirmed" date="1997-03-19"/>
  </code>
  <code code="E12">
    <editdetail attribution="Reuters BIP Coding Group" action="confirmed" date="1997-03-19"/>
  </code>
  <code code="ECAT">
    <editdetail attribution="Reuters BIP Coding Group" action="confirmed" date="1997-03-19"/>
  </code>
  <code code="G15">
    <editdetail attribution="Reuters BIP Coding Group" action="confirmed" date="1997-03-19"/>
  </code>
  <code code="G154">
    <editdetail attribution="Reuters BIP Coding Group" action="confirmed" date="1997-03-19"/>
  </code>
  <code code="GCAT">
    <editdetail attribution="Reuters BIP Coding Group" action="confirmed" date="1997-03-19"/>
  </code>
</codes>
<dc element="dc.date.created" value="1997-03-19"/>
<dc element="dc.publisher" value="Reuters Holdings Plc"/>
<dc element="dc.date.published" value="1997-03-19"/>
<dc element="dc.source" value="Reuters"/>
<dc element="dc.creator.location" value="WASHINGTON"/>
<dc element="dc.creator.location.country.name" value="USA"/>
<dc element="dc.source" value="Reuters"/>
</metadata>
</newsitem>
