<?xml version="1.0" encoding="iso-8859-1" ?>
<newsitem itemid="452171" id="root" date="1997-03-19" xml:lang="en">
<title>USA: Institutional Investor shuts down forex newsletter.</title>
<headline>Institutional Investor shuts down forex newsletter.</headline>
<dateline>NEW YORK 1997-03-19</dateline>
<text>
<p>Institutional Investor Inc has decided to discontinue publication of Foreign Exchange Letter, said Tom Lamont, editor of the company's newsletter division.</p>
<p>&quot;We are not in this for the practice. It was losing money,&quot; said Lamont regarding Institutional Investor's decision.</p>
<p>Foreign Exchange Letter, which was started four years ago, is one of 22 newsletters covering the financial services industry currently published by the company.</p>
<p>Lamont said the closing of the publication &quot;had absolutely nothing&quot; to do with the potential sale of Institutional Investor by its current owner, Walt Disney Co.</p>
<p>In January, Disney said it was considering selling most of the newspaper and publishing assets it acquired in connection with its merger with Capital Cities/ABC Inc last year.</p>
<p>Disney has hired Credit Suisse First Boston as an advisor.</p>
<p>Lamont added the closing of Foreign Exchange Letter was not connected with any change in the condition of the foreign exchange industry. &quot;It's just an industry populated by people who don't read newsletters a lot,&quot; he said.</p>
<p>The last issue of Foreign Exchange Letter will be published on May 5. Current subcribers will be given a choice of receiving two other newsletters of their choice, or being reimbursed in cash for the balance of their subscriptions, Lamont said.</p>
<p>The company will urge customers to subscribe to Derivatives Week, another Institutional Investor newsletter. Lamont said that publication will increase its coverage of the foreign exchange markets in light of the closure of Foreign Exchange Letter.</p>
<p>-Douglas Brown, 212-859-1662</p>
</text>
<copyright>(c) Reuters Limited 1997</copyright>
<metadata>
<codes class="bip:countries:1.0">
  <code code="USA">
    <editdetail attribution="Reuters BIP Coding Group" action="confirmed" date="1997-03-19"/>
  </code>
</codes>
<codes class="bip:industries:1.0">
  <code code="I47500">
    <editdetail attribution="Reuters BIP Coding Group" action="confirmed" date="1997-03-19"/>
  </code>
  <code code="I97100">
    <editdetail attribution="Reuters BIP Coding Group" action="confirmed" date="1997-03-19"/>
  </code>
</codes>
<codes class="bip:topics:1.0">
  <code code="C21">
    <editdetail attribution="Reuters BIP Coding Group" action="confirmed" date="1997-03-19"/>
  </code>
  <code code="CCAT">
    <editdetail attribution="Reuters BIP Coding Group" action="confirmed" date="1997-03-19"/>
  </code>
</codes>
<dc element="dc.date.created" value="1997-03-19"/>
<dc element="dc.publisher" value="Reuters Holdings Plc"/>
<dc element="dc.date.published" value="1997-03-19"/>
<dc element="dc.source" value="Reuters"/>
<dc element="dc.creator.location" value="NEW YORK"/>
<dc element="dc.creator.location.country.name" value="USA"/>
<dc element="dc.source" value="Reuters"/>
</metadata>
</newsitem>
