<?xml version="1.0" encoding="iso-8859-1" ?>
<newsitem itemid="452103" id="root" date="1997-03-19" xml:lang="en">
<title>USA: FDP Corp Q1 shr $0.09 vs $0.08.</title>
<headline>FDP Corp Q1 shr $0.09 vs $0.08.</headline>
<dateline>MIAMI 1997-03-19</dateline>
<text>
<p>FDP Corp</p>
<p>			  Selected Financial Data</p>
<p>			(in thousands except per share data)</p>
<p>						   Three Months Ended</p>
<p>						Feb. 28,	    Feb. 29,</p>
<p>						  1997		  1996</p>
<p>Revenue				     $  7,262	    $  5,900</p>
<p>Operating Profit			  $    490	    $    427</p>
<p>Earnings Before Income Taxes	  $    814	    $    676</p>
<p>Net Earnings				$    529	    $    462</p>
<p>Earnings Per Share			$   0.09	    $   0.08</p>
<p>Weighted Average No. of Shares	   5,840		 5,524</p>
<p>-- New York Newsdesk 212-859-1700</p>
</text>
<copyright>(c) Reuters Limited 1997</copyright>
<metadata>
<codes class="bip:countries:1.0">
  <code code="USA">
    <editdetail attribution="Reuters BIP Coding Group" action="confirmed" date="1997-03-19"/>
  </code>
</codes>
<codes class="bip:industries:1.0">
  <code code="I83940">
    <editdetail attribution="Reuters BIP Coding Group" action="confirmed" date="1997-03-19"/>
  </code>
</codes>
<codes class="bip:topics:1.0">
  <code code="C15">
    <editdetail attribution="Reuters BIP Coding Group" action="confirmed" date="1997-03-19"/>
  </code>
  <code code="C151">
    <editdetail attribution="Reuters BIP Coding Group" action="confirmed" date="1997-03-19"/>
  </code>
  <code code="CCAT">
    <editdetail attribution="Reuters BIP Coding Group" action="confirmed" date="1997-03-19"/>
  </code>
</codes>
<dc element="dc.date.created" value="1997-03-19"/>
<dc element="dc.publisher" value="Reuters Holdings Plc"/>
<dc element="dc.date.published" value="1997-03-19"/>
<dc element="dc.source" value="Reuters"/>
<dc element="dc.creator.location" value="MIAMI"/>
<dc element="dc.creator.location.country.name" value="USA"/>
<dc element="dc.source" value="Reuters"/>
</metadata>
</newsitem>
