<?xml version="1.0" encoding="iso-8859-1" ?>
<newsitem itemid="452189" id="root" date="1997-03-19" xml:lang="en">
<title>USA: EMU delay possible but unlikely - German official.</title>
<headline>EMU delay possible but unlikely - German official.</headline>
<dateline>WASHINGTON 1997-03-19</dateline>
<text>
<p>A senior German Finance Ministry official said he could not exclude the possibility that the launch of European monetary union might be delayed, but added he did not think that was likely.</p>
<p>&quot;For me, the most likely outcome is that we will start on time,&quot; Klaus Regling, Director General for European and International Financial Relations at the ministry, said. &quot;But we can't exclude the other possibility.&quot;</p>
<p>Regling told a conference sponsored by the International Monetary Fund that the picture should become clearer during the course of this year.</p>
<p>He made his comments on Tuesday, but they could not be published until Wednesday under an agreement between the press and the IMF.</p>
<p>Financial markets have been abuzz with rumors that the Jan. 1, 1999 start of EMU will be delayed because of the difficulties that many countries, particularly Germany, face in meeting the Maastricht budget criteria for this year.</p>
<p>Under the Treaty, nations that wish to join the union must try to reduce their budget deficits this year to the equivalent of three percent of gross domestic product (GDP).  </p>
<p>&quot;Germany will insist on a strict and narrow interpretation of the convergence criteria (in Maastricht),&quot; Regling said.</p>
<p>Regling voiced confidence that Germany would achieve its forecast of 2.4 percent economic growth this year and a reduction in the budget deficit to 2.9 pct of GDP.</p>
<p>&quot;As of today, the German government sees no need to change that forecast,&quot; he said. But, he added, &quot;If later in the year the data looks differently, the government would be prepared to adopt additional measures.&quot;</p>
<p>Regling said that Germany would not resort to what he called &quot;creative accounting&quot; or one-off measures to achieve the deficit target this year, as some other European nations have done.</p>
<p>That means that underlying budget deficits of those countries might be 3-1/2 or even four percent of GDP this year, even though the actual outturn would be lower, he said.</p>
<p>&quot;Additional flexibility (in interpreting the Maastricht Treaty criteria for budget deficits) would not be warranted (in those cases),&quot; he said.</p>
<p>Regling admitted though that Germany would not be able to meet the Maastricht target for a reduction in government debt to or toward the equivalent of 60 percent of GDP.  </p>
<p>Debt stood at 60.3 percent of gdp at the end of last year and will probably increase a bit further this year, he said. &quot;There's not much we can do about that,&quot; he added.</p>
<p>Regling argued that the debt target in the Treaty did not carry the same weight as the deficit target and partly blamed Germany's bloated public debt on the costs of paying for unification after the fall of the Communist bloc.</p>
<p>Even after 1997, European countries that join EMU must press ahead with cuts in their budget deficits, he said.</p>
<p>&quot;These deficits have to be significantly reduced further over the next two to three years, as a minimum by, let's say, a half percent of gdp per year,&quot; Regling said.</p>
<p>The German official said that European nations must also press ahead with efforts to restructure their economies and make them more flexible, including the labor market.</p>
<p>Rather than solving structural problems, &quot;EMU could very well make structural problems worse&quot; if countries do not act, he said.</p>
</text>
<copyright>(c) Reuters Limited 1997</copyright>
<metadata>
<codes class="bip:countries:1.0">
  <code code="EEC">
    <editdetail attribution="Reuters BIP Coding Group" action="confirmed" date="1997-03-19"/>
  </code>
  <code code="GFR">
    <editdetail attribution="Reuters BIP Coding Group" action="confirmed" date="1997-03-19"/>
  </code>
  <code code="USA">
    <editdetail attribution="Reuters BIP Coding Group" action="confirmed" date="1997-03-19"/>
  </code>
</codes>
<codes class="bip:topics:1.0">
  <code code="E12">
    <editdetail attribution="Reuters BIP Coding Group" action="confirmed" date="1997-03-19"/>
  </code>
  <code code="E21">
    <editdetail attribution="Reuters BIP Coding Group" action="confirmed" date="1997-03-19"/>
  </code>
  <code code="E211">
    <editdetail attribution="Reuters BIP Coding Group" action="confirmed" date="1997-03-19"/>
  </code>
  <code code="ECAT">
    <editdetail attribution="Reuters BIP Coding Group" action="confirmed" date="1997-03-19"/>
  </code>
  <code code="G15">
    <editdetail attribution="Reuters BIP Coding Group" action="confirmed" date="1997-03-19"/>
  </code>
  <code code="G154">
    <editdetail attribution="Reuters BIP Coding Group" action="confirmed" date="1997-03-19"/>
  </code>
  <code code="GCAT">
    <editdetail attribution="Reuters BIP Coding Group" action="confirmed" date="1997-03-19"/>
  </code>
</codes>
<dc element="dc.date.created" value="1997-03-19"/>
<dc element="dc.publisher" value="Reuters Holdings Plc"/>
<dc element="dc.date.published" value="1997-03-19"/>
<dc element="dc.source" value="Reuters"/>
<dc element="dc.creator.location" value="WASHINGTON"/>
<dc element="dc.creator.location.country.name" value="USA"/>
<dc element="dc.source" value="Reuters"/>
</metadata>
</newsitem>
