<?xml version="1.0" encoding="iso-8859-1" ?>
<newsitem itemid="452140" id="root" date="1997-03-19" xml:lang="en">
<title>USA: Excite to revamp Internet Web site content.</title>
<headline>Excite to revamp Internet Web site content.</headline>
<dateline>MOUNTAIN VIEW, Calif. 1997-03-19</dateline>
<text>
<p>Excite Inc on Wednesday unveiled a three-part plan to shift the direction of its Internet Web site content, towards a format more familiar to consumers and advertisers.</p>
<p>The first phase of the shift will be implemented over the next 45 days, moving Excite.com from a product-based model to a channels model, with no visual changes, the company said.</p>
<p>The company will initially roll out 14 channels in coming weeks, beginning with channel topics such as Arts and Entertainment, Sports, Business, Computing and the Internet.</p>
<p>Excite said the channels model allows the firm to simplify the consumer experience by leveraging navigational habits learned from television, partner with content providers and allow advertisers to buy in a more familar way.</p>
<p>Phase two will begin in April when Excite.com changes visually and all Excite content is offered to consumers through channels, the company said.</p>
<p>In the final phase, set for the third or fourth quarters, of this year, Excite will set out each channel on the site as an independent unit, ultimately managed by its own producer.</p>
</text>
<copyright>(c) Reuters Limited 1997</copyright>
<metadata>
<codes class="bip:countries:1.0">
  <code code="USA">
    <editdetail attribution="Reuters BIP Coding Group" action="confirmed" date="1997-03-19"/>
  </code>
</codes>
<codes class="bip:industries:1.0">
  <code code="I33030">
    <editdetail attribution="Reuters BIP Coding Group" action="confirmed" date="1997-03-19"/>
  </code>
</codes>
<codes class="bip:topics:1.0">
  <code code="C22">
    <editdetail attribution="Reuters BIP Coding Group" action="confirmed" date="1997-03-19"/>
  </code>
  <code code="CCAT">
    <editdetail attribution="Reuters BIP Coding Group" action="confirmed" date="1997-03-19"/>
  </code>
</codes>
<dc element="dc.date.created" value="1997-03-19"/>
<dc element="dc.publisher" value="Reuters Holdings Plc"/>
<dc element="dc.date.published" value="1997-03-19"/>
<dc element="dc.source" value="Reuters"/>
<dc element="dc.creator.location" value="MOUNTAIN VIEW, Calif."/>
<dc element="dc.creator.location.country.name" value="USA"/>
<dc element="dc.source" value="Reuters"/>
</metadata>
</newsitem>
