<?xml version="1.0" encoding="iso-8859-1" ?>
<newsitem itemid="452107" id="root" date="1997-03-19" xml:lang="en">
<title>USA: Lexington Corporate raises, spends capital.</title>
<headline>Lexington Corporate raises, spends capital.</headline>
<dateline>NEW YORK 1997-03-19</dateline>
<text>
<p>Lexington Corporate Properties Inc said Wednesday it raised about $31 million from the sale of notes and a merger involving an &quot;unaffiliated partnership,&quot; and acquired three industrial properties for $27 million.</p>
<p>Lexington Corporate, a real estate investment trust, said in a release that its operating subsidiary sold $25 million in eight percent exchangeable secured notes to an institutional investor in a private placement.  </p>
<p>In relation to the acquisition of the properties, the company said, the &quot;unaffiliated partnership&quot; merged into one of Lexington's subsidiary partnerships.</p>
<p>As a result of the merger, the Lexington partnership issued 480,000 partnership units exchangeable for Lexington common stock and entitled to distributions at the same dividend rate as the stock, the company said.</p>
<p>It said that at the time of the merger, the sole assets of the &quot;unaffiliated partnership&quot; were about $6 million cash from the prior sale of a property and the right to acquire the properties in a tax-free exchange.  </p>
<p>T. Wilson Eglin, president of Lexington Corporate, told Reuters that the three transactions are all related to one another. He said Lexington purchased the industrial properties to &quot;hold for investment&quot; and that the capital from the merger and notes was used for &quot;this investment of property.&quot;</p>
<p>The company said the properties, containing 761,200 square feet and located on 46.56 acres near Harrisburg, Pennsylvania, are subject to net-leases with Exel Logistics Inc, whose parent company is NFC Plc.</p>
<p>Lexington Corporate said the notes require interest only payments at 8 percent per annum and are secured by first mortgage liens on the newly acquired properties.</p>
<p>The notes will be guaranteed by Lexington, and may be exchanged for Lexington common stock at $13 per share beginning in the year 2000, subject to adjustment, the company said.</p>
<p>The notes are subordinated to Lexington's revolving credit facility, the company added.</p>
</text>
<copyright>(c) Reuters Limited 1997</copyright>
<metadata>
<codes class="bip:countries:1.0">
  <code code="USA">
    <editdetail attribution="Reuters BIP Coding Group" action="confirmed" date="1997-03-19"/>
  </code>
</codes>
<codes class="bip:industries:1.0">
  <code code="I77002">
    <editdetail attribution="Reuters BIP Coding Group" action="confirmed" date="1997-03-19"/>
  </code>
  <code code="I81502">
    <editdetail attribution="Reuters BIP Coding Group" action="confirmed" date="1997-03-19"/>
  </code>
  <code code="I8150206">
    <editdetail attribution="Reuters BIP Coding Group" action="confirmed" date="1997-03-19"/>
  </code>
</codes>
<codes class="bip:topics:1.0">
  <code code="C15">
    <editdetail attribution="Reuters BIP Coding Group" action="confirmed" date="1997-03-19"/>
  </code>
  <code code="C152">
    <editdetail attribution="Reuters BIP Coding Group" action="confirmed" date="1997-03-19"/>
  </code>
  <code code="C17">
    <editdetail attribution="Reuters BIP Coding Group" action="confirmed" date="1997-03-19"/>
  </code>
  <code code="C172">
    <editdetail attribution="Reuters BIP Coding Group" action="confirmed" date="1997-03-19"/>
  </code>
  <code code="C18">
    <editdetail attribution="Reuters BIP Coding Group" action="confirmed" date="1997-03-19"/>
  </code>
  <code code="C182">
    <editdetail attribution="Reuters BIP Coding Group" action="confirmed" date="1997-03-19"/>
  </code>
  <code code="CCAT">
    <editdetail attribution="Reuters BIP Coding Group" action="confirmed" date="1997-03-19"/>
  </code>
</codes>
<dc element="dc.date.created" value="1997-03-19"/>
<dc element="dc.publisher" value="Reuters Holdings Plc"/>
<dc element="dc.date.published" value="1997-03-19"/>
<dc element="dc.source" value="Reuters"/>
<dc element="dc.creator.location" value="NEW YORK"/>
<dc element="dc.creator.location.country.name" value="USA"/>
<dc element="dc.source" value="Reuters"/>
</metadata>
</newsitem>
