<?xml version="1.0" encoding="iso-8859-1" ?>
<newsitem itemid="452105" id="root" date="1997-03-19" xml:lang="en">
<title>USA: CSCE world sugar ends weaker but still in range.</title>
<headline>CSCE world sugar ends weaker but still in range.</headline>
<dateline>NEW YORK 1997-03-19</dateline>
<text>
<p>CSCE world sugar futures settled weaker and near the day's lows but the May contract managed to hold support at 10.68 cents and maintain its recent trading range.</p>
<p>The market set its range early as the speculators continued to liquidate positions. Trade buying was brisk at the lows, which supported the spot month at 10.71 cents.</p>
<p>While prices could remain rangebound in the near term, the market is expected to gradually work lower as world supplies are seen outpacing demand.</p>
<p>Technically, July closed below its 50-day moving average of 10.56 cents, at 10.53 cents. May ended just above its 60-day moving average of 10.74 cents.</p>
<p>The spot month closed down 0.13 cent at 10.75 cents per lb, having ranged from 10.88 cents to 10.71 cents. The back months closed 0.08 and 0.07 cent weaker.</p>
<p>Volume was estimated at 19,083 lots compared to Tuesday's official 7,713 lots.</p>
<p>((Suzanne Rostler, New York Commodity Desk, 212-859-1640))</p>
</text>
<copyright>(c) Reuters Limited 1997</copyright>
<metadata>
<codes class="bip:countries:1.0">
  <code code="USA">
    <editdetail attribution="Reuters BIP Coding Group" action="confirmed" date="1997-03-19"/>
  </code>
</codes>
<codes class="bip:topics:1.0">
  <code code="M14">
    <editdetail attribution="Reuters BIP Coding Group" action="confirmed" date="1997-03-19"/>
  </code>
  <code code="M141">
    <editdetail attribution="Reuters BIP Coding Group" action="confirmed" date="1997-03-19"/>
  </code>
  <code code="MCAT">
    <editdetail attribution="Reuters BIP Coding Group" action="confirmed" date="1997-03-19"/>
  </code>
</codes>
<dc element="dc.date.created" value="1997-03-19"/>
<dc element="dc.publisher" value="Reuters Holdings Plc"/>
<dc element="dc.date.published" value="1997-03-19"/>
<dc element="dc.source" value="Reuters"/>
<dc element="dc.creator.location" value="NEW YORK"/>
<dc element="dc.creator.location.country.name" value="USA"/>
<dc element="dc.source" value="Reuters"/>
</metadata>
</newsitem>
