<?xml version="1.0" encoding="iso-8859-1" ?>
<newsitem itemid="452184" id="root" date="1997-03-19" xml:lang="en">
<title>USA: Cable &amp; Wireless has no plans for statement.</title>
<headline>Cable &amp; Wireless has no plans for statement.</headline>
<dateline>NEW YORK 1997-03-19</dateline>
<text>
<p>Cable &amp; Wireless Plc said on Wednesday it had no plans to issue any statement, despite a New York Stock Exchange (NYSE) symbol on the American depositary receipts (ADRs) indicating news was pending.</p>
<p>The Wall Street Journal said on Wednesday that C&amp;W was considering making a bid for Sprint Corp, but a C&amp;W spokesman told Reuters that no statement was to be made beyond the previous &quot;no comment&quot; on the report.</p>
<p>The NYSE confirmed that C&amp;W ADRs were halted, though the company's shares were not suspended in London. Sprint resumed trading after an earlier imbalance.</p>
<p>Stock can be halted if a statement is to be made by another company concerning that stock. (( New York Newsroom 212 859 1610))</p>
</text>
<copyright>(c) Reuters Limited 1997</copyright>
<metadata>
<codes class="bip:countries:1.0">
  <code code="USA">
    <editdetail attribution="Reuters BIP Coding Group" action="confirmed" date="1997-03-19"/>
  </code>
</codes>
<codes class="bip:industries:1.0">
  <code code="I79020">
    <editdetail attribution="Reuters BIP Coding Group" action="confirmed" date="1997-03-19"/>
  </code>
</codes>
<codes class="bip:topics:1.0">
  <code code="C15">
    <editdetail attribution="Reuters BIP Coding Group" action="confirmed" date="1997-03-19"/>
  </code>
  <code code="C152">
    <editdetail attribution="Reuters BIP Coding Group" action="confirmed" date="1997-03-19"/>
  </code>
  <code code="C18">
    <editdetail attribution="Reuters BIP Coding Group" action="confirmed" date="1997-03-19"/>
  </code>
  <code code="C181">
    <editdetail attribution="Reuters BIP Coding Group" action="confirmed" date="1997-03-19"/>
  </code>
  <code code="CCAT">
    <editdetail attribution="Reuters BIP Coding Group" action="confirmed" date="1997-03-19"/>
  </code>
</codes>
<dc element="dc.date.created" value="1997-03-19"/>
<dc element="dc.publisher" value="Reuters Holdings Plc"/>
<dc element="dc.date.published" value="1997-03-19"/>
<dc element="dc.source" value="Reuters"/>
<dc element="dc.creator.location" value="NEW YORK"/>
<dc element="dc.creator.location.country.name" value="USA"/>
<dc element="dc.source" value="Reuters"/>
</metadata>
</newsitem>
