<?xml version="1.0" encoding="iso-8859-1" ?>
<newsitem itemid="452138" id="root" date="1997-03-19" xml:lang="en">
<title>USA: Clinton threatens veto of comp time bill.</title>
<headline>Clinton threatens veto of comp time bill.</headline>
<dateline>WASHINGTON 1997-03-19</dateline>
<text>
<p>President Clinton threatened Wednesday to veto a bill that would let private employees take time off instead of extra pay, saying it endangers fair labor standards.</p>
<p>&quot;I strongly oppose House Resolution 1 (the Working Families Flexibility Act) and will veto this bill if passed in its current form,&quot; Clinton said in a letter to House Speaker Newt Gingrich, Republican of Georgia.  </p>
<p>&quot;Although I am prepared to support and sign a responsible comp time bill, I intend to veto any legislation that fails to guarantee real choice for employees, real protection against employer abuse, and preservation of fair labor standards such as the 40-hour work week and the right to overtime pay,&quot; Clinton said in the letter to Gingrich.</p>
<p>The president said he would support an amendment offered by Rep. George Miller, a California Democrat, arguing that it would allow comp time without endangering fair labor standards and without burdening business with greater costs or risks.</p>
<p>&quot;We should enact comp time legislation this year that meets the needs of working families and U.S. businesses,&quot; Clinton said. He said he favored employee-choice flex-time and expansion of the law so workers could take leave for parent-teacher conferences or doctor visits.</p>
</text>
<copyright>(c) Reuters Limited 1997</copyright>
<metadata>
<codes class="bip:countries:1.0">
  <code code="USA">
    <editdetail attribution="Reuters BIP Coding Group" action="confirmed" date="1997-03-19"/>
  </code>
</codes>
<codes class="bip:topics:1.0">
  <code code="GCAT">
    <editdetail attribution="Reuters BIP Coding Group" action="confirmed" date="1997-03-19"/>
  </code>
  <code code="GPOL">
    <editdetail attribution="Reuters BIP Coding Group" action="confirmed" date="1997-03-19"/>
  </code>
</codes>
<dc element="dc.date.created" value="1997-03-19"/>
<dc element="dc.publisher" value="Reuters Holdings Plc"/>
<dc element="dc.date.published" value="1997-03-19"/>
<dc element="dc.source" value="Reuters"/>
<dc element="dc.creator.location" value="WASHINGTON"/>
<dc element="dc.creator.location.country.name" value="USA"/>
<dc element="dc.source" value="Reuters"/>
</metadata>
</newsitem>
