<?xml version="1.0" encoding="iso-8859-1" ?>
<newsitem itemid="452199" id="root" date="1997-03-19" xml:lang="en">
<title>USA: BASEBALL-CECIL FIELDER, WIFE TO SEEK $25 MILLION IN SUIT.</title>
<headline>BASEBALL-CECIL FIELDER, WIFE TO SEEK $25 MILLION IN SUIT.</headline>
<dateline>STUART, Florida 1997-03-19</dateline>
<text>
<p>New York Yankees' first baseman and designated hitter Cecil Fielder and his wife Stacey said Wednesday they would file a $25 million lawsuit against a Florida sheriff's office alleging Stacey Fielder was arrested falsely last month.</p>
<p>The Fielders stood behind their attorney, Willie Gary, at a news conference as Gary detailed the incident early last month in which Stacey Fielder, 31, was handcuffed, arrested and detained at a holding station by the Brevard County Sheriff's deputies.</p>
<p>Gary said Stacey Fielder's arrest -- she was charged with resisting arrest without violence -- and the way she was treated appeared racially motivated.</p>
<p>&quot;We won't stand for it,&quot; said Gary, a prominent civil attorney who is the Rev. Jesse Jackson's personal lawyer.</p>
<p>The incident occured near Melbourne, Florida, when Stacey Fielder was returning home from a charity fund-raiser she had sponsored with her husband. She stopped at an accident and realised her 10-year-old son and a nephew were involved, Gary said.</p>
<p>The other driver involved in the accident, who was white, was yelling obscenities at her nephew but was not admonished by the deputy at the scene, Gary said. Instead the deputy turned on Mrs. Fielder when she asked him about her son's condition, he said.</p>
<p>&quot;He didn't even want her to inquire about her child ... he told her she should just leave,&quot; Gary said. Stacey Fielder persisted, he said, and was taken away for several hours to a holding station, given an embarrassing body search and then released with a notice to appear in court.</p>
<p>&quot;Cecil said enough is enough and now it's time for us to stand up for what we believe in,&quot; Gary said. &quot;At this point, we just feel it's war now. Flat out war.&quot;</p>
<p>Brevard Sheriff's spokeswoman Joan Heller said the allegation that Stacey Fielder was treated differently because of her race was &quot;categorically untrue.&quot;</p>
</text>
<copyright>(c) Reuters Limited 1997</copyright>
<metadata>
<codes class="bip:countries:1.0">
  <code code="USA">
    <editdetail attribution="Reuters BIP Coding Group" action="confirmed" date="1997-03-19"/>
  </code>
</codes>
<codes class="bip:topics:1.0">
  <code code="GCAT">
    <editdetail attribution="Reuters BIP Coding Group" action="confirmed" date="1997-03-19"/>
  </code>
  <code code="GSPO">
    <editdetail attribution="Reuters BIP Coding Group" action="confirmed" date="1997-03-19"/>
  </code>
</codes>
<dc element="dc.date.created" value="1997-03-19"/>
<dc element="dc.publisher" value="Reuters Holdings Plc"/>
<dc element="dc.date.published" value="1997-03-19"/>
<dc element="dc.source" value="Reuters"/>
<dc element="dc.creator.location" value="STUART, Florida"/>
<dc element="dc.creator.location.country.name" value="USA"/>
<dc element="dc.source" value="Reuters"/>
</metadata>
</newsitem>
