<?xml version="1.0" encoding="iso-8859-1" ?>
<newsitem itemid="452116" id="root" date="1997-03-19" xml:lang="en">
<title>USA: S&amp;P says it will appeal Orange County ruling.</title>
<headline>S&amp;P says it will appeal Orange County ruling.</headline>
<dateline>NEW YORK 1997-03-19</dateline>
<text>
<p>Standard &amp; Poor's Corp said Wednesday it was pleased a federal judge dismissed part of Orange County, Calif.,'s $500 million bankruptcy-related lawsuit against the rating agency, and vowed to file an appeal to have the rest of the suit thrown out.</p>
<p>&quot;We were pleased that the professional negligence claim was dismissed on First Amendment grounds and we will be pursuing our legal avenues through an appeal of the remaining claim,&quot; an S&amp;P spokesman said in a statement.  </p>
<p>On Tuesday, U.S. District Judge Gary Taylor issued a long-awaited decision on Orange County's lawsuit against S&amp;P.</p>
<p>In the ruling, Taylor said he would not dismiss the county's breach of contract claim -- its central claim.</p>
<p>&quot;The county has adequately pled a breach of contract action not governed by the First Amendment's actual malice standard,&quot; Taylor said in the written decision.</p>
<p>The judge, on the other hand, dismissed the county's professional negligence cause of action. Taylor told county attorneys, however, that they could refile that claim.</p>
</text>
<copyright>(c) Reuters Limited 1997</copyright>
<metadata>
<codes class="bip:countries:1.0">
  <code code="USA">
    <editdetail attribution="Reuters BIP Coding Group" action="confirmed" date="1997-03-19"/>
  </code>
</codes>
<codes class="bip:topics:1.0">
  <code code="C12">
    <editdetail attribution="Reuters BIP Coding Group" action="confirmed" date="1997-03-19"/>
  </code>
  <code code="C17">
    <editdetail attribution="Reuters BIP Coding Group" action="confirmed" date="1997-03-19"/>
  </code>
  <code code="C174">
    <editdetail attribution="Reuters BIP Coding Group" action="confirmed" date="1997-03-19"/>
  </code>
  <code code="CCAT">
    <editdetail attribution="Reuters BIP Coding Group" action="confirmed" date="1997-03-19"/>
  </code>
  <code code="E21">
    <editdetail attribution="Reuters BIP Coding Group" action="confirmed" date="1997-03-19"/>
  </code>
  <code code="E212">
    <editdetail attribution="Reuters BIP Coding Group" action="confirmed" date="1997-03-19"/>
  </code>
  <code code="ECAT">
    <editdetail attribution="Reuters BIP Coding Group" action="confirmed" date="1997-03-19"/>
  </code>
  <code code="GCAT">
    <editdetail attribution="Reuters BIP Coding Group" action="confirmed" date="1997-03-19"/>
  </code>
  <code code="GCRIM">
    <editdetail attribution="Reuters BIP Coding Group" action="confirmed" date="1997-03-19"/>
  </code>
</codes>
<dc element="dc.date.created" value="1997-03-19"/>
<dc element="dc.publisher" value="Reuters Holdings Plc"/>
<dc element="dc.date.published" value="1997-03-19"/>
<dc element="dc.source" value="Reuters"/>
<dc element="dc.creator.location" value="NEW YORK"/>
<dc element="dc.creator.location.country.name" value="USA"/>
<dc element="dc.source" value="Reuters"/>
</metadata>
</newsitem>
