<?xml version="1.0" encoding="iso-8859-1" ?>
<newsitem itemid="452141" id="root" date="1997-03-19" xml:lang="en">
<title>USA: Fletcher Challenge unit sets 2-part deal.</title>
<headline>Fletcher Challenge unit sets 2-part deal.</headline>
<dateline>NEW YORK 1997-03-19</dateline>
<text>
<p>The following two-tranche issue from Fletcher Challenge Capital Canada Inc was priced on Wednesday, according to lead manager Merrill Lynch &amp; Co Inc.</p>
<p>Fletcher Challenge Capital Canada Inc is a unit of Fletcher Challenge Canada Inc, whose ulitimate parent is Fletcher Challenge of New Zealand.</p>
<p>BORROWER FLETCHER CHALLENGE CAPITAL CANADA INC AMT $200 MLN	 COUPON 7.50 PCT   MATURITY 3/24/2007</p>
<p>TYPE NOTES	   ISS PRICE 99.889  FIRST PAY DATE 9/24/1997</p>
<p>LAST MOODY'S BAA2  YIELD 7.516 PCT   PAY FREQ  SEMI-ANNUAL</p>
<p>LAST S&amp;P BBB	 SPREAD 77 BP	CALLABLE  NO</p>
<p>AMT $150 MLN	 COUPON 7.875 PCT  MATURITY 3/24/2017</p>
<p>TYPE BONDS	   ISS PRICE 99.631  FIRST PAY DATE 9/24/1997</p>
<p>LAST MOODY'S BAA2  YIELD 7.912 PCT   PAY FREQ  SEMI-ANNUAL</p>
<p>LAST S&amp;P BBB	 SPREAD 87 BP	CALLABLE  NO</p>
<p>((--U.S. Corporate Bond Unit, 212 859-1678))</p>
</text>
<copyright>(c) Reuters Limited 1997</copyright>
<metadata>
<codes class="bip:countries:1.0">
  <code code="CANA">
    <editdetail attribution="Reuters BIP Coding Group" action="confirmed" date="1997-03-19"/>
  </code>
  <code code="NZ">
    <editdetail attribution="Reuters BIP Coding Group" action="confirmed" date="1997-03-19"/>
  </code>
  <code code="USA">
    <editdetail attribution="Reuters BIP Coding Group" action="confirmed" date="1997-03-19"/>
  </code>
</codes>
<codes class="bip:industries:1.0">
  <code code="I13000">
    <editdetail attribution="Reuters BIP Coding Group" action="confirmed" date="1997-03-19"/>
  </code>
  <code code="I47100">
    <editdetail attribution="Reuters BIP Coding Group" action="confirmed" date="1997-03-19"/>
  </code>
</codes>
<codes class="bip:topics:1.0">
  <code code="C17">
    <editdetail attribution="Reuters BIP Coding Group" action="confirmed" date="1997-03-19"/>
  </code>
  <code code="C172">
    <editdetail attribution="Reuters BIP Coding Group" action="confirmed" date="1997-03-19"/>
  </code>
  <code code="CCAT">
    <editdetail attribution="Reuters BIP Coding Group" action="confirmed" date="1997-03-19"/>
  </code>
</codes>
<dc element="dc.date.created" value="1997-03-19"/>
<dc element="dc.publisher" value="Reuters Holdings Plc"/>
<dc element="dc.date.published" value="1997-03-19"/>
<dc element="dc.source" value="Reuters"/>
<dc element="dc.creator.location" value="NEW YORK"/>
<dc element="dc.creator.location.country.name" value="USA"/>
<dc element="dc.source" value="Reuters"/>
</metadata>
</newsitem>
