<?xml version="1.0" encoding="iso-8859-1" ?>
<newsitem itemid="452150" id="root" date="1997-03-19" xml:lang="en">
<title>USA: RF Power Q1 Feb 28 net loss vs profit.</title>
<headline>RF Power Q1 Feb 28 net loss vs profit.</headline>
<dateline>VOORHEES, N.J. 1997-03-19</dateline>
<text>
<p>Three Months	  Three Months</p>
<p>				   Ended Feb. 28,	Ended Feb. 29,</p>
<p>					    Percent		 Percent</p>
<p>				 1997    of Sales    1996    of Sales</p>
<p>Sales			$5,435     100	$8,259     100</p>
<p>Tax expense (benefit)   (106)     -2	   412	 5</p>
<p>Net Income (loss)     $ (173)     -3	$  677	 8</p>
<p>Primary earnings per share</p>
<p>			    $ (.01)		 $  .06</p>
<p>Weighted average shares</p>
<p>    outstanding    12,124,078	    12,270,024</p>
<p>($ in thousands except for share and per-share data)</p>
<p>NOTE:  Full name of company is RF Power Products Inc.</p>
</text>
<copyright>(c) Reuters Limited 1997</copyright>
<metadata>
<codes class="bip:countries:1.0">
  <code code="USA">
    <editdetail attribution="Reuters BIP Coding Group" action="confirmed" date="1997-03-19"/>
  </code>
</codes>
<codes class="bip:industries:1.0">
  <code code="I34200">
    <editdetail attribution="Reuters BIP Coding Group" action="confirmed" date="1997-03-19"/>
  </code>
</codes>
<codes class="bip:topics:1.0">
  <code code="C15">
    <editdetail attribution="Reuters BIP Coding Group" action="confirmed" date="1997-03-19"/>
  </code>
  <code code="C151">
    <editdetail attribution="Reuters BIP Coding Group" action="confirmed" date="1997-03-19"/>
  </code>
  <code code="CCAT">
    <editdetail attribution="Reuters BIP Coding Group" action="confirmed" date="1997-03-19"/>
  </code>
</codes>
<dc element="dc.date.created" value="1997-03-19"/>
<dc element="dc.publisher" value="Reuters Holdings Plc"/>
<dc element="dc.date.published" value="1997-03-19"/>
<dc element="dc.source" value="Reuters"/>
<dc element="dc.creator.location" value="VOORHEES, N.J."/>
<dc element="dc.creator.location.country.name" value="USA"/>
<dc element="dc.source" value="Reuters"/>
</metadata>
</newsitem>
