<?xml version="1.0" encoding="iso-8859-1" ?>
<newsitem itemid="452179" id="root" date="1997-03-19" xml:lang="en">
<title>USA: Titan Q4 net runs a profit of $800,000.</title>
<headline>Titan Q4 net runs a profit of $800,000.</headline>
<dateline>MIDLAND, Texas 1997-03-18</dateline>
<text>
<p>1996			1995</p>
<p> Shr			    $NA			$NA</p>
<p> Net profit		   800     loss	 1,600</p>
<p> Revs			13,600			800</p>
<p> Avg shrs			NA			 NA</p>
<p>				  YEAR</p>
<p> Shr loss		   $0.07			$NA</p>
<p> Net loss		   1,400			 NA</p>
<p> Revs			    NA			 NA</p>
<p> Avg shrs			NA			 NA</p>
<p>(All data above 000s except per share numbers)</p>
<p>NOTE: Full company name is Titan Explorations Inc.</p>
<p>Company statement did not provide missing figures and officials were not available for comment.</p>
</text>
<copyright>(c) Reuters Limited 1997</copyright>
<metadata>
<codes class="bip:countries:1.0">
  <code code="USA">
    <editdetail attribution="Reuters BIP Coding Group" action="confirmed" date="1997-03-19"/>
  </code>
</codes>
<codes class="bip:topics:1.0">
  <code code="C15">
    <editdetail attribution="Reuters BIP Coding Group" action="confirmed" date="1997-03-19"/>
  </code>
  <code code="C151">
    <editdetail attribution="Reuters BIP Coding Group" action="confirmed" date="1997-03-19"/>
  </code>
  <code code="C1511">
    <editdetail attribution="Reuters BIP Coding Group" action="confirmed" date="1997-03-19"/>
  </code>
  <code code="CCAT">
    <editdetail attribution="Reuters BIP Coding Group" action="confirmed" date="1997-03-19"/>
  </code>
</codes>
<dc element="dc.date.created" value="1997-03-18"/>
<dc element="dc.publisher" value="Reuters Holdings Plc"/>
<dc element="dc.date.published" value="1997-03-19"/>
<dc element="dc.source" value="Reuters"/>
<dc element="dc.creator.location" value="MIDLAND, Texas"/>
<dc element="dc.creator.location.country.name" value="USA"/>
<dc element="dc.source" value="Reuters"/>
</metadata>
</newsitem>
