<?xml version="1.0" encoding="iso-8859-1" ?>
<newsitem itemid="452121" id="root" date="1997-03-19" xml:lang="en">
<title>USA: Texas Biotechnology in $6 mln private placement.</title>
<headline>Texas Biotechnology in $6 mln private placement.</headline>
<dateline>HOUSTON 1997-03-19</dateline>
<text>
<p>Texas Biotechnology Corp said Wednesday that it has raised $6 million through a private placement of 6,000 shares of five percent cumulative convertible preferred stock to a fund managed by Palladin Group and a fund managed by an affiliate of Rose Glen Capital Group.</p>
<p>The preferred stock is convertible into aboaut 1,050,000 shares of common stock.  The amount of shares on conversion will vary depending on several factors which include a discount from the market price of the common stock and date of conversion.</p>
<p>The company said the financing will allow it to continue the development of pharmaceuticals under development.  The company develops therapeutics focused on preserving the functional integrity of the vascular system.</p>
</text>
<copyright>(c) Reuters Limited 1997</copyright>
<metadata>
<codes class="bip:countries:1.0">
  <code code="USA">
    <editdetail attribution="Reuters BIP Coding Group" action="confirmed" date="1997-03-19"/>
  </code>
</codes>
<codes class="bip:industries:1.0">
  <code code="I25700">
    <editdetail attribution="Reuters BIP Coding Group" action="confirmed" date="1997-03-19"/>
  </code>
</codes>
<codes class="bip:topics:1.0">
  <code code="C17">
    <editdetail attribution="Reuters BIP Coding Group" action="confirmed" date="1997-03-19"/>
  </code>
  <code code="C171">
    <editdetail attribution="Reuters BIP Coding Group" action="confirmed" date="1997-03-19"/>
  </code>
  <code code="CCAT">
    <editdetail attribution="Reuters BIP Coding Group" action="confirmed" date="1997-03-19"/>
  </code>
</codes>
<dc element="dc.date.created" value="1997-03-19"/>
<dc element="dc.publisher" value="Reuters Holdings Plc"/>
<dc element="dc.date.published" value="1997-03-19"/>
<dc element="dc.source" value="Reuters"/>
<dc element="dc.creator.location" value="HOUSTON"/>
<dc element="dc.creator.location.country.name" value="USA"/>
<dc element="dc.source" value="Reuters"/>
</metadata>
</newsitem>
