<?xml version="1.0" encoding="iso-8859-1" ?>
<newsitem itemid="452172" id="root" date="1997-03-19" xml:lang="en">
<title>USA: Hawaiian Airlines Feb. load factor off.</title>
<headline>Hawaiian Airlines Feb. load factor off.</headline>
<dateline>HONOLULU 1997-03-19</dateline>
<text>
<p>1997     Feb.     1996</p>
<p> Load factor - percent		  66.8		77.2</p>
<p> Revenue passenger miles	     290.6	     303.1</p>
<p> Available seat miles		  434.8	     392.7</p>
<p> Total cargo ton miles		   4.0		 3.6</p>
<p>						 Year-to-date</p>
<p> Load factor - percent		  68.4		73.4</p>
<p> Revenue passenger miles	     611.8	     601.4</p>
<p> Available seat miles		  894.5	     819.8</p>
<p> Total cargo ton miles		   8.3		 7.4</p>
<p>(Revenue passenger and available seat miles in 000,000s)</p>
</text>
<copyright>(c) Reuters Limited 1997</copyright>
<metadata>
<codes class="bip:countries:1.0">
  <code code="USA">
    <editdetail attribution="Reuters BIP Coding Group" action="confirmed" date="1997-03-19"/>
  </code>
</codes>
<codes class="bip:industries:1.0">
  <code code="I75000">
    <editdetail attribution="Reuters BIP Coding Group" action="confirmed" date="1997-03-19"/>
  </code>
</codes>
<codes class="bip:topics:1.0">
  <code code="C31">
    <editdetail attribution="Reuters BIP Coding Group" action="confirmed" date="1997-03-19"/>
  </code>
  <code code="CCAT">
    <editdetail attribution="Reuters BIP Coding Group" action="confirmed" date="1997-03-19"/>
  </code>
</codes>
<dc element="dc.date.created" value="1997-03-19"/>
<dc element="dc.publisher" value="Reuters Holdings Plc"/>
<dc element="dc.date.published" value="1997-03-19"/>
<dc element="dc.source" value="Reuters"/>
<dc element="dc.creator.location" value="HONOLULU"/>
<dc element="dc.creator.location.country.name" value="USA"/>
<dc element="dc.source" value="Reuters"/>
</metadata>
</newsitem>
