<?xml version="1.0" encoding="iso-8859-1" ?>
<newsitem itemid="452158" id="root" date="1997-03-19" xml:lang="en">
<title>USA: Atrion to cut Sept 1 qtly div to $0.10.</title>
<headline>Atrion to cut Sept 1 qtly div to $0.10.</headline>
<dateline>MUSCLE SHOALS, Ala. 1997-03-19</dateline>
<text>
<p>Atrion Corp said on Wednesday it will cut its quarterly dividend from $0.20 per share to $0.10 per share, beginning with the dividend payable on September 1.</p>
<p>The current quarterly dividend, payable June 1 to shareholders of record as of May 20, will remain at $0.20 per share.</p>
<p>Atrion, which also said on Wednesday that it agreed to sell its natural gas pipeline, is shifting its focus to the medical-products business. Atrion said reducing the dividend would bring it more into line with dividends typically paid by medical-products companies, and also would provide more revenue to invest in ongoing businesses.</p>
<p>The dividend will be cut even if the pipeline sale is not concluded, Atrion said.</p>
</text>
<copyright>(c) Reuters Limited 1997</copyright>
<metadata>
<codes class="bip:countries:1.0">
  <code code="USA">
    <editdetail attribution="Reuters BIP Coding Group" action="confirmed" date="1997-03-19"/>
  </code>
</codes>
<codes class="bip:industries:1.0">
  <code code="I13000">
    <editdetail attribution="Reuters BIP Coding Group" action="confirmed" date="1997-03-19"/>
  </code>
</codes>
<codes class="bip:topics:1.0">
  <code code="C15">
    <editdetail attribution="Reuters BIP Coding Group" action="confirmed" date="1997-03-19"/>
  </code>
  <code code="C151">
    <editdetail attribution="Reuters BIP Coding Group" action="confirmed" date="1997-03-19"/>
  </code>
  <code code="CCAT">
    <editdetail attribution="Reuters BIP Coding Group" action="confirmed" date="1997-03-19"/>
  </code>
</codes>
<dc element="dc.date.created" value="1997-03-19"/>
<dc element="dc.publisher" value="Reuters Holdings Plc"/>
<dc element="dc.date.published" value="1997-03-19"/>
<dc element="dc.source" value="Reuters"/>
<dc element="dc.creator.location" value="MUSCLE SHOALS, Ala."/>
<dc element="dc.creator.location.country.name" value="USA"/>
<dc element="dc.source" value="Reuters"/>
</metadata>
</newsitem>
