<?xml version="1.0" encoding="iso-8859-1" ?>
<newsitem itemid="452191" id="root" date="1997-03-19" xml:lang="en">
<title>USA: PepsiCo in marketing alliance with baseball.</title>
<headline>PepsiCo in marketing alliance with baseball.</headline>
<dateline>NEW YORK 1997-03-19</dateline>
<text>
<p>PepsiCo Inc's Pepsi-Cola Co said Wednesday it entered into a five-year marketing alliance with Major League Baseball, making Pepsi baseball's official soft drink and giving the company exclusive rights to use Major League Baseball's trademarks.  </p>
<p>The company said in a release that the new relationship provides Pepsi exclusive rights to Major League Baseball's All-Star balloting effort, which the company will use to execute a nationwide promotion.</p>
<p>As part of the marketing partnership, Pepsi said it has made a &quot;substantial commitment&quot; to advertise on national television broadcasts of Major League Baseball games.</p>
<p>The company also said it will produce a series of &quot;baseball themed&quot; television commercials to begin airing in the 1998 season.  The company added it will support Major League Baseball with broadcast sponsorships.</p>
</text>
<copyright>(c) Reuters Limited 1997</copyright>
<metadata>
<codes class="bip:countries:1.0">
  <code code="USA">
    <editdetail attribution="Reuters BIP Coding Group" action="confirmed" date="1997-03-19"/>
  </code>
</codes>
<codes class="bip:industries:1.0">
  <code code="I42800">
    <editdetail attribution="Reuters BIP Coding Group" action="confirmed" date="1997-03-19"/>
  </code>
</codes>
<codes class="bip:topics:1.0">
  <code code="C31">
    <editdetail attribution="Reuters BIP Coding Group" action="confirmed" date="1997-03-19"/>
  </code>
  <code code="C33">
    <editdetail attribution="Reuters BIP Coding Group" action="confirmed" date="1997-03-19"/>
  </code>
  <code code="CCAT">
    <editdetail attribution="Reuters BIP Coding Group" action="confirmed" date="1997-03-19"/>
  </code>
</codes>
<dc element="dc.date.created" value="1997-03-19"/>
<dc element="dc.publisher" value="Reuters Holdings Plc"/>
<dc element="dc.date.published" value="1997-03-19"/>
<dc element="dc.source" value="Reuters"/>
<dc element="dc.creator.location" value="NEW YORK"/>
<dc element="dc.creator.location.country.name" value="USA"/>
<dc element="dc.source" value="Reuters"/>
</metadata>
</newsitem>
