<?xml version="1.0" encoding="iso-8859-1" ?>
<newsitem itemid="452173" id="root" date="1997-03-19" xml:lang="en">
<title>USA: D&amp;P raises Terra Nova Insurance rating.</title>
<headline>D&amp;P raises Terra Nova Insurance rating.</headline>
<dateline>CHICAGO 1997-03-19</dateline>
<text>
<p>Duff &amp; Phelps Credit Rating Co said Wednesday it raised the senior debt rating of Terra Nova Insurance (UK) Holdings plc to Triple B Plus from Triple B.</p>
<p>The senior debt is unconditionally guaranteed by the issuer's parent, Terra Nova (Bermuda) Holdings Ltd, a Bermuda-based property/casualty insurance holding company with London- and Bermuda-based operations.</p>
<p>Duff &amp; Phelps also raised the claims-paying ability ratings of the Terra Nova Group operating insurance subsidiaries to Single A Plus from Single A.  </p>
<p>The upgrades reflect Duff &amp; Phelps' belief that the Terra Nova Group is a stronger organization that it was in 1992.</p>
<p>Terra Nova Group also has had significant capital growth in each of the last two years, resulting in continued reductions in both debt and operating leverage, Duff &amp; Phelps noted.</p>
<p>		((Reuters Chicago Newsdesk (312) 408-8787))</p>
</text>
<copyright>(c) Reuters Limited 1997</copyright>
<metadata>
<codes class="bip:countries:1.0">
  <code code="BERM">
    <editdetail attribution="Reuters BIP Coding Group" action="confirmed" date="1997-03-19"/>
  </code>
  <code code="UK">
    <editdetail attribution="Reuters BIP Coding Group" action="confirmed" date="1997-03-19"/>
  </code>
  <code code="USA">
    <editdetail attribution="Reuters BIP Coding Group" action="confirmed" date="1997-03-19"/>
  </code>
</codes>
<codes class="bip:industries:1.0">
  <code code="I82000">
    <editdetail attribution="Reuters BIP Coding Group" action="confirmed" date="1997-03-19"/>
  </code>
</codes>
<codes class="bip:topics:1.0">
  <code code="C17">
    <editdetail attribution="Reuters BIP Coding Group" action="confirmed" date="1997-03-19"/>
  </code>
  <code code="C174">
    <editdetail attribution="Reuters BIP Coding Group" action="confirmed" date="1997-03-19"/>
  </code>
  <code code="CCAT">
    <editdetail attribution="Reuters BIP Coding Group" action="confirmed" date="1997-03-19"/>
  </code>
</codes>
<dc element="dc.date.created" value="1997-03-19"/>
<dc element="dc.publisher" value="Reuters Holdings Plc"/>
<dc element="dc.date.published" value="1997-03-19"/>
<dc element="dc.source" value="Reuters"/>
<dc element="dc.creator.location" value="CHICAGO"/>
<dc element="dc.creator.location.country.name" value="USA"/>
<dc element="dc.source" value="Reuters"/>
</metadata>
</newsitem>
