<?xml version="1.0" encoding="iso-8859-1" ?>
<newsitem itemid="452136" id="root" date="1997-03-19" xml:lang="en">
<title>USA: Control Data buys connector technology.</title>
<headline>Control Data buys connector technology.</headline>
<dateline>ARDEN HILLS, Minn. 1997-03-19</dateline>
<text>
<p>Control Data Systems Inc said Wednesday it has purchased connector technology from Attachmate Corp for undisclosed terms.</p>
<p>The Connector for PROFS/OV software product allows Microsoft Exchange Server clients to schedule meetings and exchange e-mail with PROFS and OfficeVision mainframe users. Microsoft Exchange is a Microsoft Corp product.</p>
<p>As part of the purchase, Control Data will acquire the source code for the EXTRA! Connector for PROFS/OV software, assume sales and marketing for the product and support the current installed base.</p>
<p>	  ((Reuters Chicago Newsdesk (312) 408-8787))</p>
</text>
<copyright>(c) Reuters Limited 1997</copyright>
<metadata>
<codes class="bip:countries:1.0">
  <code code="USA">
    <editdetail attribution="Reuters BIP Coding Group" action="confirmed" date="1997-03-19"/>
  </code>
</codes>
<codes class="bip:industries:1.0">
  <code code="I33020">
    <editdetail attribution="Reuters BIP Coding Group" action="confirmed" date="1997-03-19"/>
  </code>
  <code code="I3302003">
    <editdetail attribution="Reuters BIP Coding Group" action="confirmed" date="1997-03-19"/>
  </code>
  <code code="I3302021">
    <editdetail attribution="Reuters BIP Coding Group" action="confirmed" date="1997-03-19"/>
  </code>
</codes>
<codes class="bip:topics:1.0">
  <code code="C18">
    <editdetail attribution="Reuters BIP Coding Group" action="confirmed" date="1997-03-19"/>
  </code>
  <code code="C182">
    <editdetail attribution="Reuters BIP Coding Group" action="confirmed" date="1997-03-19"/>
  </code>
  <code code="CCAT">
    <editdetail attribution="Reuters BIP Coding Group" action="confirmed" date="1997-03-19"/>
  </code>
</codes>
<dc element="dc.date.created" value="1997-03-19"/>
<dc element="dc.publisher" value="Reuters Holdings Plc"/>
<dc element="dc.date.published" value="1997-03-19"/>
<dc element="dc.source" value="Reuters"/>
<dc element="dc.creator.location" value="ARDEN HILLS, Minn."/>
<dc element="dc.creator.location.country.name" value="USA"/>
<dc element="dc.source" value="Reuters"/>
</metadata>
</newsitem>
