<?xml version="1.0" encoding="iso-8859-1" ?>
<newsitem itemid="452110" id="root" date="1997-03-19" xml:lang="en">
<title>USA: NYCE cotton futures close lower, fund selling.</title>
<headline>NYCE cotton futures close lower, fund selling.</headline>
<dateline>NEW YORK 1997-03-19</dateline>
<text>
<p>NYCE cotton futures settled lower as the funds continued to liquidate long positions in brisk trade, floor sources said.</p>
<p>Heavier losses were prevented by local and trade buying, which supported the May contract slightly under Tuesday's low of 73.80 cents where market analysts have pegged support.</p>
<p>Resistance was seen at 75.50 cents in May.</p>
<p>&quot;Until we get through that level we run the risk of making new lows,&quot; Sharon Johnson, an analyst with Frank Schneider and Co Inc, said.</p>
<p>But prices have ended lower for five of the past six days &quot;so if nothing else, we're due for a bounce,&quot; she added.</p>
<p>Volume was estimated at 22,000 lots compared to Monday's official 26,279 lots.</p>
<p>Open interest in May fell 888 lots as of Tuesday's close.</p>
<p>Most-active May settled at 73.92 cents per lb, down 0.28 cent, while the back months finished down 0.05 to 0.26 cent.</p>
<p>Certificated stocks rose to 199,568 bales as of March 18 from 199,175 bales the previous day. The rising stocks will continue to put pressure on the spot month, analysts said.</p>
<p>They do not expect Thursday's export and sales report to show brisk business the previous week since prices had climbed to recent highs.</p>
<p>((Suzanne Rostler, New York Commodity Desk, 212-859-1640))</p>
</text>
<copyright>(c) Reuters Limited 1997</copyright>
<metadata>
<codes class="bip:countries:1.0">
  <code code="USA">
    <editdetail attribution="Reuters BIP Coding Group" action="confirmed" date="1997-03-19"/>
  </code>
</codes>
<codes class="bip:topics:1.0">
  <code code="M14">
    <editdetail attribution="Reuters BIP Coding Group" action="confirmed" date="1997-03-19"/>
  </code>
  <code code="M141">
    <editdetail attribution="Reuters BIP Coding Group" action="confirmed" date="1997-03-19"/>
  </code>
  <code code="MCAT">
    <editdetail attribution="Reuters BIP Coding Group" action="confirmed" date="1997-03-19"/>
  </code>
</codes>
<dc element="dc.date.created" value="1997-03-19"/>
<dc element="dc.publisher" value="Reuters Holdings Plc"/>
<dc element="dc.date.published" value="1997-03-19"/>
<dc element="dc.source" value="Reuters"/>
<dc element="dc.creator.location" value="NEW YORK"/>
<dc element="dc.creator.location.country.name" value="USA"/>
<dc element="dc.source" value="Reuters"/>
</metadata>
</newsitem>
