<?xml version="1.0" encoding="iso-8859-1" ?>
<newsitem itemid="452153" id="root" date="1997-03-19" xml:lang="en">
<title>USA: Arden Group Inc Q4 net, share fall.</title>
<headline>Arden Group Inc Q4 net, share fall.</headline>
<dateline>LOS ANGELES 1997-03-19</dateline>
<text>
<p>Fourth Qtr	  Fourth Qtr</p>
<p>					     1996 (a)	   1995 (a)</p>
<p> Sales				  $65,648,000	 $61,736,000</p>
<p> Operating income		 1,685,000 (b)	   1,978,000</p>
<p>Interest, dividend and other income (expense),</p>
<p>   net				  356,000 (c)	     809,000</p>
<p>Unrealized gain (loss)   on marketable securities	    397,000	    (54,000)</p>
<p>Income from continuing operations before income</p>
<p>   taxes				  2,438,000	   2,733,000</p>
<p> Income tax provision		   973,000	   1,094,000</p>
<p>Income from continuing operations (net of income</p>
<p>   taxes)				 1,465,000	   1,639,000</p>
<p>Loss from discontinued operations (net of income</p>
<p>   tax benefits of $209,000)	(145,000) (d)	     --</p>
<p> Net income			     1,320,000	   1,639,000</p>
<p>Net income per common share: Income from continuing</p>
<p>   operations				  1.32		  1.31</p>
<p>Loss from discontinued</p>
<p>   operations			    (13 cts)		    --</p>
<p> Net income per common share	     1.19		  1.31</p>
<p> average shares			 1,108,999	   1,253,672</p>
<p>					Fifty-Two Wks     Fifty-Two Wks</p>
<p>					    1996 (a)	    1995 (a)</p>
<p> Sales				 $252,019,000	$242,962,000</p>
<p> Operating income		 5,922,000 (b)	   8,212,000</p>
<p>Interest, dividend and other income (expense),</p>
<p>   net				  830,000 (c)	   2,130,000</p>
<p>Unrealized gain (loss)   on marketable securities	  (151,000)	   1,430,000</p>
<p>Income from continuing operations before income</p>
<p>   taxes				  6,601,000	  11,772,000</p>
<p> Income tax provision		 2,622,000	   4,661,000</p>
<p>Income from continuing operations (net of income</p>
<p>   taxes)				 3,979,000	   7,111,000</p>
<p>Loss from discontinued operations (net of income</p>
<p>   tax benefits of $305,000)	(456,000) (d)	     --</p>
<p> Net income			     3,523,000	   7,111,000</p>
<p>Net income per common share: Income from continuing</p>
<p>   operations				  3.57		  5.47</p>
<p>Loss from discontinued  </p>
<p>   operations			    (41 cts)		    --</p>
<p> Net income per common share	     3.16		  5.47</p>
<p> average shares			 1,115,227	   1,299,002</p>
<p>NOTES: (a) Q4 1996 ended Dec. 28, 1996, and Q4 1995 ended Dec. 30, 1995.</p>
<p>(b) Decrease in 1996 primarily from opening new store in January 1996, increased depreciation expense in 1996 and recognition of certain union benefit credits in 1995 nonrecurring in 1996.</p>
<p>(c) Includes $148,000 and $974,000 less interest and dividend income in Q4 and 52 weeks 1996, compared with 1995. Also includes realized gains on sale of marketable securities of $106,000 in Q4 1996 vs gains of $328,000 in Q4 1995.</p>
<p>(d) Costs, net of tax, from arbitration of disputed items in 1993 sale of communication equipment business.</p>
<p>((-- New York Newsdesk 212 859-1610 ))</p>
</text>
<copyright>(c) Reuters Limited 1997</copyright>
<metadata>
<codes class="bip:countries:1.0">
  <code code="USA">
    <editdetail attribution="Reuters BIP Coding Group" action="confirmed" date="1997-03-19"/>
  </code>
</codes>
<codes class="bip:industries:1.0">
  <code code="I83960">
    <editdetail attribution="Reuters BIP Coding Group" action="confirmed" date="1997-03-19"/>
  </code>
</codes>
<codes class="bip:topics:1.0">
  <code code="C15">
    <editdetail attribution="Reuters BIP Coding Group" action="confirmed" date="1997-03-19"/>
  </code>
  <code code="C151">
    <editdetail attribution="Reuters BIP Coding Group" action="confirmed" date="1997-03-19"/>
  </code>
  <code code="C1511">
    <editdetail attribution="Reuters BIP Coding Group" action="confirmed" date="1997-03-19"/>
  </code>
  <code code="CCAT">
    <editdetail attribution="Reuters BIP Coding Group" action="confirmed" date="1997-03-19"/>
  </code>
</codes>
<dc element="dc.date.created" value="1997-03-19"/>
<dc element="dc.publisher" value="Reuters Holdings Plc"/>
<dc element="dc.date.published" value="1997-03-19"/>
<dc element="dc.source" value="Reuters"/>
<dc element="dc.creator.location" value="LOS ANGELES"/>
<dc element="dc.creator.location.country.name" value="USA"/>
<dc element="dc.source" value="Reuters"/>
</metadata>
</newsitem>
