<?xml version="1.0" encoding="iso-8859-1" ?>
<newsitem itemid="452146" id="root" date="1997-03-19" xml:lang="en">
<title>USA: LILCO deal good for shareholders -analysts.</title>
<headline>LILCO deal good for shareholders -analysts.</headline>
<dateline>NEW YORK 1997-03-19</dateline>
<text>
<p>The acquisition of some of Long Island Lighting Co assets by Long Island Island Power Authority (LIPA) is a good deal for LILCO shareholders.</p>
<p>&quot;It looks like a very healthy transaction for Long Island Lighting. It is almost a shame that the offer was capped at $25 per LILCO share as it could have gone higher than that,&quot; said Penelope Adelmann at Gruntal.</p>
<p>LILCO stock rallied 5/8 to $24 after news that LIPA would buy the utility's electric transmission and distribution system and all of its regulatory assets, plus its stake in the Nine Mile Point nuclear plant.  </p>
<p>LIPA is to pay $2.5 billion in cash and assume $3.6 billion of LILCO's $4.5 billion debt. LILCO is already in the process of merging with Brooklyn Union Gas Co.</p>
<p>NatWest Securities analyst Edward Terillo said in a report that he expected the deal to gain regulatory approval, and the LIPA acquisition of the LILCO assets to be completed at the same time as the merger of LILCO-Brooklyn Union merger.  </p>
<p>&quot;The agreement will allow for a double-digit rate reduction on Long Island, and with the closing of the transaction, the Shoreham property tax lawsuit between LILCO and Suffolk County would be settled by LIPA and Suffolk County,&quot; Terillo said, referring to a tax dispute involving LILCO's Shoreham nuclear power plant.</p>
<p>The analyst is maintaining LILCO as a trading buy.</p>
<p>Gruntal's Adelmann warned that regulatory infighting over the deal could arise if it were seen to be advantageous to one side.</p>
<p>&quot;Nassau County will be getting a bit more of a break. Anything that is favorable to LILCO will be challenged,&quot; she said.</p>
<p>LILCO provides electricity in Suffolk and Nassau counties and the Rockaway peninsula in Queens County, while LIPA was created by the state of New York in 1986 to acquire LILCO.</p>
<p>((-- New York Newsroom 212 859 1902))</p>
</text>
<copyright>(c) Reuters Limited 1997</copyright>
<metadata>
<codes class="bip:countries:1.0">
  <code code="USA">
    <editdetail attribution="Reuters BIP Coding Group" action="confirmed" date="1997-03-19"/>
  </code>
</codes>
<codes class="bip:industries:1.0">
  <code code="I16100">
    <editdetail attribution="Reuters BIP Coding Group" action="confirmed" date="1997-03-19"/>
  </code>
  <code code="I16200">
    <editdetail attribution="Reuters BIP Coding Group" action="confirmed" date="1997-03-19"/>
  </code>
</codes>
<codes class="bip:topics:1.0">
  <code code="C18">
    <editdetail attribution="Reuters BIP Coding Group" action="confirmed" date="1997-03-19"/>
  </code>
  <code code="C181">
    <editdetail attribution="Reuters BIP Coding Group" action="confirmed" date="1997-03-19"/>
  </code>
  <code code="C182">
    <editdetail attribution="Reuters BIP Coding Group" action="confirmed" date="1997-03-19"/>
  </code>
  <code code="CCAT">
    <editdetail attribution="Reuters BIP Coding Group" action="confirmed" date="1997-03-19"/>
  </code>
</codes>
<dc element="dc.date.created" value="1997-03-19"/>
<dc element="dc.publisher" value="Reuters Holdings Plc"/>
<dc element="dc.date.published" value="1997-03-19"/>
<dc element="dc.source" value="Reuters"/>
<dc element="dc.creator.location" value="NEW YORK"/>
<dc element="dc.creator.location.country.name" value="USA"/>
<dc element="dc.source" value="Reuters"/>
</metadata>
</newsitem>
