<?xml version="1.0" encoding="iso-8859-1" ?>
<newsitem itemid="452165" id="root" date="1997-03-19" xml:lang="en">
<title>USA: Seitel Q4 shr $0.39 vs $0.20 before charges.</title>
<headline>Seitel Q4 shr $0.39 vs $0.20 before charges.</headline>
<dateline>HOUSTON 1997-03-19</dateline>
<text>
<p>SEITEL, INC. AND SUBSIDIARIES</p>
<p>	   CONSOLIDATED STATEMENTS OF OPERATIONS (Unaudited)</p>
<p>		(in thousands, except per share amounts)</p>
<p>					     Quarter Ended December 31,</p>
<p>						    1996		 1995</p>
<p> REVENUE				     $ 28,249	  $ 17,815</p>
<p> NET INCOME				     4,188		 182</p>
<p>Earnings per share:</p>
<p>Primary:</p>
<p>   Income from continuing operations	.39		 .20</p>
<p>   Loss from discontinued operations	---	     (.16)</p>
<p>Loss on disposal of discont. operations</p>
<p>							---	     (.02)</p>
<p>   Net income				     .39		 .02</p>
<p>Assuming full dilution:</p>
<p>   Income from continuing operations	.39		 .20</p>
<p>   Loss from discontinued operations	---	     (.16)</p>
<p>Loss on disposal of discont. operations</p>
<p>							---	     (.02)</p>
<p>   Net income				     .39		 .02</p>
<p>Weighted average number of common  </p>
<p>and common equivalent shares:</p>
<p>   Primary				     10,751	    10,052</p>
<p>   Assuming full dilution		  10,751	    10,514</p>
<p>						  Year Ended December 31,</p>
<p>							 1996	    1995</p>
<p> REVENUE					 $106,002	$ 74,439</p>
<p> NET INCOME					15,249	   8,679</p>
<p>Earnings per share:</p>
<p>Primary:</p>
<p>   Income from continuing operations	 1.58	    1.03</p>
<p>   Loss from discontinued operations	(.10)	   (.12)</p>
<p>   Loss on disposal of discont. operations  ---	   (.03)</p>
<p>   Net income					1.48	     .88</p>
<p>Assuming full dilution:</p>
<p>   Income from continuing operations	 1.55	     .99</p>
<p>   Loss from discontinued operations	(.09)	   (.12)</p>
<p>   Loss on disposal of discont. operations  ---	   (.02)</p>
<p>   Net income					1.46	     .85</p>
<p>Weighted average number of common</p>
<p>and common equivalent shares:</p>
<p>   Primary					 10,289	   9,872</p>
<p>   Assuming full dilution		    10,476	  10,358</p>
</text>
<copyright>(c) Reuters Limited 1997</copyright>
<metadata>
<codes class="bip:countries:1.0">
  <code code="USA">
    <editdetail attribution="Reuters BIP Coding Group" action="confirmed" date="1997-03-19"/>
  </code>
</codes>
<codes class="bip:industries:1.0">
  <code code="I13000">
    <editdetail attribution="Reuters BIP Coding Group" action="confirmed" date="1997-03-19"/>
  </code>
</codes>
<codes class="bip:topics:1.0">
  <code code="C15">
    <editdetail attribution="Reuters BIP Coding Group" action="confirmed" date="1997-03-19"/>
  </code>
  <code code="C151">
    <editdetail attribution="Reuters BIP Coding Group" action="confirmed" date="1997-03-19"/>
  </code>
  <code code="C1511">
    <editdetail attribution="Reuters BIP Coding Group" action="confirmed" date="1997-03-19"/>
  </code>
  <code code="CCAT">
    <editdetail attribution="Reuters BIP Coding Group" action="confirmed" date="1997-03-19"/>
  </code>
</codes>
<dc element="dc.date.created" value="1997-03-19"/>
<dc element="dc.publisher" value="Reuters Holdings Plc"/>
<dc element="dc.date.published" value="1997-03-19"/>
<dc element="dc.source" value="Reuters"/>
<dc element="dc.creator.location" value="HOUSTON"/>
<dc element="dc.creator.location.country.name" value="USA"/>
<dc element="dc.source" value="Reuters"/>
</metadata>
</newsitem>
