<?xml version="1.0" encoding="iso-8859-1" ?>
<newsitem itemid="452104" id="root" date="1997-03-19" xml:lang="en">
<title>USA: FORECAST - Major money centers split on March FOMC.</title>
<headline>FORECAST - Major money centers split on March FOMC.</headline>
<byline>Jeff Coelho</byline>
<dateline>NEW YORK 1997-03-19</dateline>
<text>
<p>A Reuters sampling of economists in the world's primary trading centers found experts are divided about whether or not the U.S. Federal Reserve will raise official interest rates next week.</p>
<p>Six of 15 experts surveyed in New York, London and Tokyo said the Fed would tighten credit at Tuesday's Federal Open Market Committee (FOMC) meeting. Four of these economists predicted an additional hike at the Fed's subsequent meeting in May.  </p>
<p>One economist in Tokyo put the odds of a March hike at fifty percent. Four respondents predicted an interest-rate hike at the May meeting, but no move in March.</p>
<p>Of the remaining experts, one said the Fed will tighten later in the year, one forecast the central bank will hold the federal funds target steady at 5.25 percent for the remainder of the year, and two predict a Fed easing by yearend.  </p>
<p>&quot;Although recent data confirm the economy is roaring ahead in the first quarter, the question for the Fed is whether there is significant justification from an inflationary point of view for a rate rise now,&quot; said Ken Wattret, international economist at Banque Paribas' London office.</p>
<p>Wattret said the results of the Fed's latest &quot;Beige Book&quot; report on the economy pointed to benign inflation pressures, even in the labor market. &quot;The Fed is looking for an inflationary trigger. It depends how pre-emptive they want to be,&quot; he said.  </p>
<p>Many experts said the economy in the United States is growing faster than expected and inflation risks are tilted to the upside.</p>
<p>&quot;The Fed will have to tap on the brakes a little bit,&quot; said Jim O'Sullivan, senior vice president at J.P. Morgan Securities Inc, who is calling for an upward rate move in March.</p>
<p>In particular, a pre-emptive move by Fed Chairman Alan Greenspan would mostly arise from pressures in the labor market, O'Sullivan said.  </p>
<p>&quot;The labor market continues to show no sign of slowing. Wages have picked up, but so far, most of it has been offset by benefits,&quot; O'Sullivan said, adding &quot;the offset from benefits has run its course and the employment cost index (ECI) will go up in 1997.&quot;</p>
<p>For the year as a whole, O'Sullivan is looking for the ECI to increase to 3.6 percent from 2.9 percent in 1996. The ECI for first-quarter 1997 is slated for release on April 29.</p>
<p>In other wage data, the U.S. Labor Department earlier in the month reported that February average hourly earnings rose modestly to $12.09 from $12.06 in January.  </p>
<p>Analysts said much debate will pervade next week's meeting, citing no deterioration in labor cost inflation but no real threat in rising consumer prices either.</p>
<p>&quot;It's a close call, but I don't expect to see a rate hike on March 25,&quot; said Akihiro Nishida, senior economist at Nikko Research Center in Tokyo. &quot;In the longer term, there is a possiblity that the Fed may guide the fed funds rate to 5.5 percent by July, but the economy is forecast to slow down by the end of the year,&quot; he said.  </p>
<p>John Ryding, managing director and senior economist at Bear Stearns &amp; Co in New York, said an economy with sustained growth at around 3.0 percent may prompt the Fed to &quot;take a little bit of a sting out.&quot;</p>
<p>&quot;A (rate) move is by no means assured, we are only forecasting most likely outcomes,&quot; said Ryding, who is calling for no move in March but a rate hike in May. &quot;The only outcome we can rule out this year is a cut in interest rates,&quot; he said.</p>
<p>NEW YORK</p>
<p>Participating  Next Move   Direction  ff   ff end     ff yr</p>
<p>Firm			     of move	    Q2 97	 end</p>
<p>Bear Stearns     May 20    tighten    25   5.50 pct  5.50 pct</p>
<p>Goldman, Sachs March 25    tighten    25   5.75 pct  6.50 pct</p>
<p>J.P. Morgan    March 25    tighten    25   5.75 pct  6.00 pct</p>
<p>Lehman Bros	May 20    tighten    25   5.50 pct  5.50 pct</p>
<p>Salomon Bros   March 25    tighten    25   5.75 pct  5.75 pct</p>
<p>TOKYO</p>
<p>Participating  Next Move   Direction  ff   ff end     ff yr</p>
<p>Firm			     of move	    Q2 97	 end</p>
<p>Nomura Research  March 25  tighten    25   5.50 pct  5.75 pct</p>
<p>		(50% probability)</p>
<p>Nikko Research    no move     --	--   5.25 pct  5.25 pct</p>
<p>Yamaichi Research no move     --	--   5.25 pct  5.00 pct</p>
<p>			in March</p>
<p>Daiwa Bank	  no move     --	--   5.25 pct  5.75 pct</p>
<p>			in March</p>
<p>DKB Research	no move     --	--   5.75 pct  5.75 pct</p>
<p>			in March</p>
<p>LONDON</p>
<p>Participating  Next Move   Direction  ff   ff end     ff yr</p>
<p>Firm			     of move	    Q2 97	end</p>
<p>Commerzbank     March 25   tighten    25   5.50 pct  5.75 pct</p>
<p>James Capel     Q4	    ease	25   5.25 pct  5.00 pct</p>
<p>London Bond     March 25   tighten    25   5.50 pct  5.75 pct</p>
<p>Brokering</p>
<p>Paribas	   May 20     tighten    25   5.50 pct  6.00 pct</p>
<p>SocGen Strauss  March 25   tighten    25   5.75 pct  6.00 pct</p>
<p>Turnbull</p>
<p>(( -- N.A. Treasury Desk, 212-859-1562 ))</p>
</text>
<copyright>(c) Reuters Limited 1997</copyright>
<metadata>
<codes class="bip:countries:1.0">
  <code code="USA">
    <editdetail attribution="Reuters BIP Coding Group" action="confirmed" date="1997-03-19"/>
  </code>
</codes>
<codes class="bip:topics:1.0">
  <code code="E12">
    <editdetail attribution="Reuters BIP Coding Group" action="confirmed" date="1997-03-19"/>
  </code>
  <code code="ECAT">
    <editdetail attribution="Reuters BIP Coding Group" action="confirmed" date="1997-03-19"/>
  </code>
</codes>
<dc element="dc.date.created" value="1997-03-19"/>
<dc element="dc.publisher" value="Reuters Holdings Plc"/>
<dc element="dc.date.published" value="1997-03-19"/>
<dc element="dc.source" value="Reuters"/>
<dc element="dc.creator.location" value="NEW YORK"/>
<dc element="dc.creator.location.country.name" value="USA"/>
<dc element="dc.source" value="Reuters"/>
</metadata>
</newsitem>
