<?xml version="1.0" encoding="iso-8859-1" ?>
<newsitem itemid="452132" id="root" date="1997-03-19" xml:lang="en">
<title>USA: Fed questions umbrella supervision in some cases.</title>
<headline>Fed questions umbrella supervision in some cases.</headline>
<dateline>WASHINGTON 1997-03-19</dateline>
<text>
<p>Federal Reserve Board Chairman Alan Greenspan on Wednesday questioned the need for unbrella supervision of a holding company in which a bank was a minor factor.</p>
<p>In testimony before a House Banking subcommittee, Greenspan said that should Congress widen activities for financial services holding companies, it should recognize that such a bank can be protected adequately through bank capital requirements and existing Fed powers.</p>
<p>&quot;The case is weak, in our judgement, for umbrella supervision of a holding company in which the bank is not the dominant unit and is not large enough to induce systemic problems should it fail,&quot; he said.</p>
<p>He made clear that the Fed was not taking a position on what activities holding companies with commercial operations can undertake, as long as it did not hamper its ability to deal with crisis and pursue monetary policy.</p>
<p>But even though it was not interested in closely regulating smaller institutions as such, he did argue that a significant sampling of smaller banks would be useful &quot;so we have a sense of what the market is doing.&quot;</p>
</text>
<copyright>(c) Reuters Limited 1997</copyright>
<metadata>
<codes class="bip:countries:1.0">
  <code code="USA">
    <editdetail attribution="Reuters BIP Coding Group" action="confirmed" date="1997-03-19"/>
  </code>
</codes>
<codes class="bip:topics:1.0">
  <code code="E12">
    <editdetail attribution="Reuters BIP Coding Group" action="confirmed" date="1997-03-19"/>
  </code>
  <code code="ECAT">
    <editdetail attribution="Reuters BIP Coding Group" action="confirmed" date="1997-03-19"/>
  </code>
</codes>
<dc element="dc.date.created" value="1997-03-19"/>
<dc element="dc.publisher" value="Reuters Holdings Plc"/>
<dc element="dc.date.published" value="1997-03-19"/>
<dc element="dc.source" value="Reuters"/>
<dc element="dc.creator.location" value="WASHINGTON"/>
<dc element="dc.creator.location.country.name" value="USA"/>
<dc element="dc.source" value="Reuters"/>
</metadata>
</newsitem>
