<?xml version="1.0" encoding="iso-8859-1" ?>
<newsitem itemid="452106" id="root" date="1997-03-19" xml:lang="en">
<title>USA: ABT VP says $0.55 Q1 EPS view too bullish.</title>
<headline>ABT VP says $0.55 Q1 EPS view too bullish.</headline>
<dateline>NEW YORK 1997-03-19</dateline>
<text>
<p>The vice president of finance for ABT Building Products Corp, Joseph O'Neill, said on Wednesday that some analysts had been too bullish in their first quarter estimates of $0.55 per share.</p>
<p>He said $0.52 per share was more realistic due to the recent mid-west floods which hampered the home building industry.</p>
<p>However, O'Neill said that due to &quot;pent-up&quot; demand for home building materials, he supported the 1997 full year earnings per share consensus forecast of $2.30.</p>
<p>O'Neill also backed analysts' consensus forecasts of $2.65 per share in 1998 if business conditions remained stable.  He said the company was expecting housing starts next year to remain at 1.4 million and for the repair and rehabilitation segment to advance by six percent to eight percent.</p>
<p>&quot;Based on what we see, we should be okay,&quot; in reaching $2.65, O'Neill said in an interview after he and the company's chief executive George Brophy spoke to the Atlanta Society of Financial Analysts.</p>
</text>
<copyright>(c) Reuters Limited 1997</copyright>
<metadata>
<codes class="bip:countries:1.0">
  <code code="USA">
    <editdetail attribution="Reuters BIP Coding Group" action="confirmed" date="1997-03-19"/>
  </code>
</codes>
<codes class="bip:industries:1.0">
  <code code="I50300">
    <editdetail attribution="Reuters BIP Coding Group" action="confirmed" date="1997-03-19"/>
  </code>
</codes>
<codes class="bip:topics:1.0">
  <code code="C15">
    <editdetail attribution="Reuters BIP Coding Group" action="confirmed" date="1997-03-19"/>
  </code>
  <code code="C152">
    <editdetail attribution="Reuters BIP Coding Group" action="confirmed" date="1997-03-19"/>
  </code>
  <code code="CCAT">
    <editdetail attribution="Reuters BIP Coding Group" action="confirmed" date="1997-03-19"/>
  </code>
</codes>
<dc element="dc.date.created" value="1997-03-19"/>
<dc element="dc.publisher" value="Reuters Holdings Plc"/>
<dc element="dc.date.published" value="1997-03-19"/>
<dc element="dc.source" value="Reuters"/>
<dc element="dc.creator.location" value="NEW YORK"/>
<dc element="dc.creator.location.country.name" value="USA"/>
<dc element="dc.source" value="Reuters"/>
</metadata>
</newsitem>
