<?xml version="1.0" encoding="iso-8859-1" ?>
<newsitem itemid="452118" id="root" date="1997-03-19" xml:lang="en">
<title>USA: US to sell $29.75 bln 2-, 5-yr notes March 25, 26.</title>
<headline>US to sell $29.75 bln 2-, 5-yr notes March 25, 26.</headline>
<dateline>WASHINGTON 1997-03-19</dateline>
<text>
<p>The Treasury Department said on Wednesday that it will sell $17.25 billion of 2-year notes on March 25 and $12.5 bln of 5-yr notes on March 26 to refund $29.122 billion of securities maturing March 31 and to raise $625 million of new cash.</p>
<p>The notes will be issued on March 31. The two-year notes mature on March 31, 1999 and the five-year notes mature on March 31, 2002.</p>
<p>The CUSIP number for the 2-year notes will be 9128272N1 and for the five-year notes will be 9128272P6.</p>
</text>
<copyright>(c) Reuters Limited 1997</copyright>
<metadata>
<codes class="bip:countries:1.0">
  <code code="USA">
    <editdetail attribution="Reuters BIP Coding Group" action="confirmed" date="1997-03-19"/>
  </code>
</codes>
<codes class="bip:topics:1.0">
  <code code="M12">
    <editdetail attribution="Reuters BIP Coding Group" action="confirmed" date="1997-03-19"/>
  </code>
  <code code="MCAT">
    <editdetail attribution="Reuters BIP Coding Group" action="confirmed" date="1997-03-19"/>
  </code>
</codes>
<dc element="dc.date.created" value="1997-03-19"/>
<dc element="dc.publisher" value="Reuters Holdings Plc"/>
<dc element="dc.date.published" value="1997-03-19"/>
<dc element="dc.source" value="Reuters"/>
<dc element="dc.creator.location" value="WASHINGTON"/>
<dc element="dc.creator.location.country.name" value="USA"/>
<dc element="dc.source" value="Reuters"/>
</metadata>
</newsitem>
