<?xml version="1.0" encoding="iso-8859-1" ?>
<newsitem itemid="452175" id="root" date="1997-03-19" xml:lang="en">
<title>USA: Essex County Gas Q2 shr $1.90 vs $1.83.</title>
<headline>Essex County Gas Q2 shr $1.90 vs $1.83.</headline>
<dateline>NEW YORK 1997-03-19</dateline>
<text>
<p>1996			1995</p>
<p> Shr			  $1.90		    $1.83</p>
<p> Net			  3,131		    2,978</p>
<p> Revs			23,221		   22,632</p>
<p> Avg shrs		   1,659		    1,621</p>
<p>		 Year</p>
<p> Shr			  $2.40		    $2.56</p>
<p> Net			  3,945		    4,140</p>
<p> Revs			51,698		   47,782</p>
<p> Avg shrs		   1,644		    1,609</p>
<p>(All data above 000s except per share numbers)</p>
<p>Essex County Gas Co.</p>
</text>
<copyright>(c) Reuters Limited 1997</copyright>
<metadata>
<codes class="bip:countries:1.0">
  <code code="USA">
    <editdetail attribution="Reuters BIP Coding Group" action="confirmed" date="1997-03-19"/>
  </code>
</codes>
<codes class="bip:industries:1.0">
  <code code="I16200">
    <editdetail attribution="Reuters BIP Coding Group" action="confirmed" date="1997-03-19"/>
  </code>
</codes>
<codes class="bip:topics:1.0">
  <code code="C15">
    <editdetail attribution="Reuters BIP Coding Group" action="confirmed" date="1997-03-19"/>
  </code>
  <code code="C151">
    <editdetail attribution="Reuters BIP Coding Group" action="confirmed" date="1997-03-19"/>
  </code>
  <code code="CCAT">
    <editdetail attribution="Reuters BIP Coding Group" action="confirmed" date="1997-03-19"/>
  </code>
</codes>
<dc element="dc.date.created" value="1997-03-19"/>
<dc element="dc.publisher" value="Reuters Holdings Plc"/>
<dc element="dc.date.published" value="1997-03-19"/>
<dc element="dc.source" value="Reuters"/>
<dc element="dc.creator.location" value="NEW YORK"/>
<dc element="dc.creator.location.country.name" value="USA"/>
<dc element="dc.source" value="Reuters"/>
</metadata>
</newsitem>
