<?xml version="1.0" encoding="iso-8859-1" ?>
<newsitem itemid="452149" id="root" date="1997-03-19" xml:lang="en">
<title>USA: Washington Scientific Q2 margins improve.</title>
<headline>Washington Scientific Q2 margins improve.</headline>
<dateline>LONG LAKE, Minn. 1997-03-19</dateline>
<text>
<p>Washington Scientific Industries Inc said Wednesday its gross margins increased to 15.4 percent in the second quarter ended February 23 from 5.1 percent in the year-earlier period.</p>
<p>The company attributed a turnaround in its results for the second quarter ended February 23 to an improvement in its gross margins.</p>
<p>Earlier, Washington Scientific, a contract manufacturer, reported second quarter earnings of $0.09 a share, up from $0.02 a year ago. The year-ago quarter included an $0.18 a share gain from the disposition of excess equipment, which offset a $0.16 operating loss.</p>
<p>The company said the expansion of its margins was due to improvements in all areas of manufacturing.</p>
<p>Long-term debt was cut to $3,180,000 in the first half of fiscal 1997 from $4,124,000 a year ago.</p>
<p>Michael Pudil, president, said the outlook for the second half of fiscal 1997 is positive. He said the company currently expects to record further sales growth and year-over-year improvements in margins and operating earnings.</p>
<p>No dispositions of equipment are anticipated in the third or fourth quarters of the fiscal year, the company said.</p>
<p>((Reuters Chicago Newsdesk (312) 408-8787))</p>
</text>
<copyright>(c) Reuters Limited 1997</copyright>
<metadata>
<codes class="bip:countries:1.0">
  <code code="USA">
    <editdetail attribution="Reuters BIP Coding Group" action="confirmed" date="1997-03-19"/>
  </code>
</codes>
<codes class="bip:industries:1.0">
  <code code="I32000">
    <editdetail attribution="Reuters BIP Coding Group" action="confirmed" date="1997-03-19"/>
  </code>
</codes>
<codes class="bip:topics:1.0">
  <code code="C15">
    <editdetail attribution="Reuters BIP Coding Group" action="confirmed" date="1997-03-19"/>
  </code>
  <code code="C151">
    <editdetail attribution="Reuters BIP Coding Group" action="confirmed" date="1997-03-19"/>
  </code>
  <code code="CCAT">
    <editdetail attribution="Reuters BIP Coding Group" action="confirmed" date="1997-03-19"/>
  </code>
</codes>
<dc element="dc.date.created" value="1997-03-19"/>
<dc element="dc.publisher" value="Reuters Holdings Plc"/>
<dc element="dc.date.published" value="1997-03-19"/>
<dc element="dc.source" value="Reuters"/>
<dc element="dc.creator.location" value="LONG LAKE, Minn."/>
<dc element="dc.creator.location.country.name" value="USA"/>
<dc element="dc.source" value="Reuters"/>
</metadata>
</newsitem>
