<?xml version="1.0" encoding="iso-8859-1" ?>
<newsitem itemid="452120" id="root" date="1997-03-19" xml:lang="en">
<title>USA: Rexene says elects two directors.</title>
<headline>Rexene says elects two directors.</headline>
<dateline>DALLAS 1997-03-19</dateline>
<text>
<p>Rexene Corp said Wednesday that Stephen Swid and Richard Perry have been elected to the company's board, effective immediately.</p>
<p>Entities affiliated with these two new independent directors own in the aggregate approximately 1.2 million shares of Rexene common stock, or about 6 percent of the outstanding shares of Rexene common stock.</p>
<p>Swid, 56, is chairman and chief executive of SCS Communications, which owns and operates diverse media properties.</p>
<p>Perry, 42, is President of Perry Corp, a New York based private investment management firm.</p>
</text>
<copyright>(c) Reuters Limited 1997</copyright>
<metadata>
<codes class="bip:countries:1.0">
  <code code="USA">
    <editdetail attribution="Reuters BIP Coding Group" action="confirmed" date="1997-03-19"/>
  </code>
</codes>
<codes class="bip:industries:1.0">
  <code code="I25140">
    <editdetail attribution="Reuters BIP Coding Group" action="confirmed" date="1997-03-19"/>
  </code>
</codes>
<codes class="bip:topics:1.0">
  <code code="C41">
    <editdetail attribution="Reuters BIP Coding Group" action="confirmed" date="1997-03-19"/>
  </code>
  <code code="C411">
    <editdetail attribution="Reuters BIP Coding Group" action="confirmed" date="1997-03-19"/>
  </code>
  <code code="CCAT">
    <editdetail attribution="Reuters BIP Coding Group" action="confirmed" date="1997-03-19"/>
  </code>
</codes>
<dc element="dc.date.created" value="1997-03-19"/>
<dc element="dc.publisher" value="Reuters Holdings Plc"/>
<dc element="dc.date.published" value="1997-03-19"/>
<dc element="dc.source" value="Reuters"/>
<dc element="dc.creator.location" value="DALLAS"/>
<dc element="dc.creator.location.country.name" value="USA"/>
<dc element="dc.source" value="Reuters"/>
</metadata>
</newsitem>
