<?xml version="1.0" encoding="iso-8859-1" ?>
<newsitem itemid="452111" id="root" date="1997-03-19" xml:lang="en">
<title>USA: Smithfield offers to buy Thorn Valley debt.</title>
<headline>Smithfield offers to buy Thorn Valley debt.</headline>
<dateline>NORFOLK, Va. 1997-03-19</dateline>
<text>
<p>Smithfield Foods Inc said on Wednesday it offered to buy all the convertible subordinated debentures due 2007 described in a registration statement filed with the U.S. Securities and Exchange Commission by Thorn Apple Valley Inc.</p>
<p>Smithfield said it sent a letter to Thorn's board offering to buy the debt at a 7.25 percent interest rate and a conversion price of $18.25.  Thorn has not responded, Smithfield said.</p>
<p>Smithfield said it earlier had offered to buy $15 million principal amount of the debentures, which it said represents the entire amount disclosed in the SEC filing.  Smithfield said its new offer was based on market information that the principal amount may be increased.</p>
<p>Thorn shares were up 1-5/8 to 17-1/8 in trading Wednesday. Smithfield was down 3/4 to 36-1/8.</p>
</text>
<copyright>(c) Reuters Limited 1997</copyright>
<metadata>
<codes class="bip:countries:1.0">
  <code code="USA">
    <editdetail attribution="Reuters BIP Coding Group" action="confirmed" date="1997-03-19"/>
  </code>
</codes>
<codes class="bip:industries:1.0">
  <code code="I41000">
    <editdetail attribution="Reuters BIP Coding Group" action="confirmed" date="1997-03-19"/>
  </code>
  <code code="I41220">
    <editdetail attribution="Reuters BIP Coding Group" action="confirmed" date="1997-03-19"/>
  </code>
</codes>
<codes class="bip:topics:1.0">
  <code code="C15">
    <editdetail attribution="Reuters BIP Coding Group" action="confirmed" date="1997-03-19"/>
  </code>
  <code code="C152">
    <editdetail attribution="Reuters BIP Coding Group" action="confirmed" date="1997-03-19"/>
  </code>
  <code code="C17">
    <editdetail attribution="Reuters BIP Coding Group" action="confirmed" date="1997-03-19"/>
  </code>
  <code code="C172">
    <editdetail attribution="Reuters BIP Coding Group" action="confirmed" date="1997-03-19"/>
  </code>
  <code code="C18">
    <editdetail attribution="Reuters BIP Coding Group" action="confirmed" date="1997-03-19"/>
  </code>
  <code code="C181">
    <editdetail attribution="Reuters BIP Coding Group" action="confirmed" date="1997-03-19"/>
  </code>
  <code code="CCAT">
    <editdetail attribution="Reuters BIP Coding Group" action="confirmed" date="1997-03-19"/>
  </code>
</codes>
<dc element="dc.date.created" value="1997-03-19"/>
<dc element="dc.publisher" value="Reuters Holdings Plc"/>
<dc element="dc.date.published" value="1997-03-19"/>
<dc element="dc.source" value="Reuters"/>
<dc element="dc.creator.location" value="NORFOLK, Va."/>
<dc element="dc.creator.location.country.name" value="USA"/>
<dc element="dc.source" value="Reuters"/>
</metadata>
</newsitem>
