<?xml version="1.0" encoding="iso-8859-1" ?>
<newsitem itemid="452166" id="root" date="1997-03-19" xml:lang="en">
<title>USA: Airline trade group reports lower '96 profits.</title>
<headline>Airline trade group reports lower '96 profits.</headline>
<dateline>NEW YORK 1997-03-19</dateline>
<text>
<p>The International Air Transport Asssociation (IATA), an airline trade group, said on Wednesday that its member airlines reported net income of US$4.0 billion, a decrease from the record $5.2 billion reported in 1995.</p>
<p>The head of IATA said 1997's prospects signaled a slight profit recovery, but he was cautious about the airline industry's capacity hurting passenger yields.</p>
<p>Revenues increased to $134.3 billion in 1996 from $128.8 billion in 1995, based on international scheduled service of the more than 250 member airlines, the trade group said.  </p>
<p>Pierre Jeanniot, director general of the group, said in a statement that traffic increased 6.9 percent in 1996 and capacity increased by 7.1 percent. Jeanniot made his comments yesterday at the 8th IATA Financial Management Conference in New York.</p>
<p>&quot;It now seems probably that average yields fell by 2.5 percent -- and thus fell even faster than unit cost, which recorded minus 1.0 percent,&quot; Jeanniot said.</p>
<p>Initial prospects for 1997 indicate a slight profit recovery at $4.4 billion, the trade group said.</p>
<p>In a text of his speech, Jeanniot said airlines are increasing capacity and placed record orders for new aircraft, which will be debt financed.</p>
<p>Jeanniot said economic stability and increased market opportunity has encouraged this trend.</p>
<p>He questioned whether or not airlines could take on more debt while generating &quot;mediocre net profitability.&quot; Jeannoit said airlines might be better served by modernizing rather than expanding their fleets.</p>
<p>&quot;It is easy to buy airplanes. It is harder, but perhaps smarter, not to buy airplanes,&quot; he said.</p>
</text>
<copyright>(c) Reuters Limited 1997</copyright>
<metadata>
<codes class="bip:countries:1.0">
  <code code="USA">
    <editdetail attribution="Reuters BIP Coding Group" action="confirmed" date="1997-03-19"/>
  </code>
</codes>
<codes class="bip:industries:1.0">
  <code code="I75000">
    <editdetail attribution="Reuters BIP Coding Group" action="confirmed" date="1997-03-19"/>
  </code>
</codes>
<codes class="bip:topics:1.0">
  <code code="C13">
    <editdetail attribution="Reuters BIP Coding Group" action="confirmed" date="1997-03-19"/>
  </code>
  <code code="C15">
    <editdetail attribution="Reuters BIP Coding Group" action="confirmed" date="1997-03-19"/>
  </code>
  <code code="C151">
    <editdetail attribution="Reuters BIP Coding Group" action="confirmed" date="1997-03-19"/>
  </code>
  <code code="C1511">
    <editdetail attribution="Reuters BIP Coding Group" action="confirmed" date="1997-03-19"/>
  </code>
  <code code="CCAT">
    <editdetail attribution="Reuters BIP Coding Group" action="confirmed" date="1997-03-19"/>
  </code>
</codes>
<dc element="dc.date.created" value="1997-03-19"/>
<dc element="dc.publisher" value="Reuters Holdings Plc"/>
<dc element="dc.date.published" value="1997-03-19"/>
<dc element="dc.source" value="Reuters"/>
<dc element="dc.creator.location" value="NEW YORK"/>
<dc element="dc.creator.location.country.name" value="USA"/>
<dc element="dc.source" value="Reuters"/>
</metadata>
</newsitem>
