<?xml version="1.0" encoding="iso-8859-1" ?>
<newsitem itemid="452181" id="root" date="1997-03-19" xml:lang="en">
<title>USA: Republicans should do own budget -- U.S. Sen Lott.</title>
<headline>Republicans should do own budget -- U.S. Sen Lott.</headline>
<dateline>WASHINGTON 1997-03-19</dateline>
<text>
<p>Senate Majority Leader Trent Lott said Wednesday his Republican party should draw up its own plan to balance the budget, possibly working with conservative Democrats.</p>
<p>&quot;I no longer think we can afford to delay our own actions and our own preparations in producing a budget in expectation that something will happen with the administration,&quot; the Mississippi Republican said at his regular news conference.</p>
<p>President Clinton, however, is to meet later Wednesday with House and Senate budget committee chairmen after seeing what he called signs of budget flexibility in Congress.  </p>
<p>Lott said he would still like to see a reduction in the Consumer Price Index, which is used to calculate the cost of living increase for government benefits, tax rate brackets and wages. But he said he would not raise the issue again.</p>
<p>Administration and Democratic opposition to the CPI change was so formidable that Democrats would have to make the next move if it were to occur, he said. &quot;That phase of effort is over,&quot; he told reporters.  </p>
<p>Lott noted that many of his Republican colleagues were upset that he had attempted to jump start the CPI change last week with the suggestion that an expert commission be set up to figure out an accurate rate. The commission chaired by Stanford economist Michael Boskin had reported earlier that it was overstated by about 1.1 percentage point per year.</p>
<p>&quot;They can see full well that (House Minority Leader) Dick Gephardt and his allies in the union movement would be ginning up television spots blasting people on the change in the CPI,&quot; he said. &quot;What we should do is what accurate, what's honest, if it needs to be raised or lowered either way.&quot;</p>
<p>Lott said it was possible to craft a five-year balanced budget agreement without a CPI change. &quot;It is possible, but it makes it much more difficult.&quot; Without agreement on economic assumptions, a CPI change and greater entitlement savings, &quot;It gets to be a long leap,&quot; to a balanced budget.</p>
<p>Later, Senate Democratic Leader Tom Daschle of South Dakota said it was unlikely that the CPI would be considered as part of early negotiations and would probably not come up during Wednesday afternoon's budget talks between congressional leaders and the president.</p>
</text>
<copyright>(c) Reuters Limited 1997</copyright>
<metadata>
<codes class="bip:countries:1.0">
  <code code="USA">
    <editdetail attribution="Reuters BIP Coding Group" action="confirmed" date="1997-03-19"/>
  </code>
</codes>
<codes class="bip:topics:1.0">
  <code code="E21">
    <editdetail attribution="Reuters BIP Coding Group" action="confirmed" date="1997-03-19"/>
  </code>
  <code code="E211">
    <editdetail attribution="Reuters BIP Coding Group" action="confirmed" date="1997-03-19"/>
  </code>
  <code code="ECAT">
    <editdetail attribution="Reuters BIP Coding Group" action="confirmed" date="1997-03-19"/>
  </code>
  <code code="GCAT">
    <editdetail attribution="Reuters BIP Coding Group" action="confirmed" date="1997-03-19"/>
  </code>
  <code code="GPOL">
    <editdetail attribution="Reuters BIP Coding Group" action="confirmed" date="1997-03-19"/>
  </code>
</codes>
<dc element="dc.date.created" value="1997-03-19"/>
<dc element="dc.publisher" value="Reuters Holdings Plc"/>
<dc element="dc.date.published" value="1997-03-19"/>
<dc element="dc.source" value="Reuters"/>
<dc element="dc.creator.location" value="WASHINGTON"/>
<dc element="dc.creator.location.country.name" value="USA"/>
<dc element="dc.source" value="Reuters"/>
</metadata>
</newsitem>
