<?xml version="1.0" encoding="iso-8859-1" ?>
<newsitem itemid="452151" id="root" date="1997-03-19" xml:lang="en">
<title>USA: CoCensys Inc Q4 full results.</title>
<headline>CoCensys Inc Q4 full results.</headline>
<dateline>IRVINE, Calif. 1997-03-19</dateline>
<text>
<p>(In thousands, except share and per share amounts)</p>
<p>			   Three Months Ended	Year Ended</p>
<p>				December 31,	  December 31,</p>
<p>			  1996	  1995	  1996	  1995</p>
<p>Revenues</p>
<p>Co-promotion revenues from</p>
<p>corporate partners</p>
<p>			 $4,229	$6,896	$9,085     $10,414</p>
<p>Co-development revenues from</p>
<p>corporate partners</p>
<p>			  1,074	   669	 6,073	 1,970</p>
<p>    Total revenues  5,303	 7,565	15,158	12,384</p>
<p>Operating expenses</p>
<p>Research and development</p>
<p>			  6,493	 4,588	18,771	16,335</p>
<p>Marketing, general and</p>
<p>   administrative   5,523	 4,634	16,040	14,710</p>
<p>Total operating expenses</p>
<p>			 12,016	 9,222	34,811	31,045</p>
<p>Net operating loss</p>
<p>			(6,713)     (1,657)    (19,653)    (18,661)</p>
<p> Interest income	300	   198	 1,304	   717</p>
<p> Interest expense    (26)	  (34)	 (139)	 (178)</p>
<p> Net loss	   (6,439)     (1,493)    (18,488)    (18,122)</p>
<p>Net loss per share</p>
<p>			 (0.29)	(0.08)	(0.85)	(1.05)</p>
<p>Weighted average shares</p>
<p>outstanding  22,012,518  19,275,210  21,782,982  17,288,066</p>
</text>
<copyright>(c) Reuters Limited 1997</copyright>
<metadata>
<codes class="bip:countries:1.0">
  <code code="USA">
    <editdetail attribution="Reuters BIP Coding Group" action="confirmed" date="1997-03-19"/>
  </code>
</codes>
<codes class="bip:industries:1.0">
  <code code="I25700">
    <editdetail attribution="Reuters BIP Coding Group" action="confirmed" date="1997-03-19"/>
  </code>
</codes>
<codes class="bip:topics:1.0">
  <code code="C15">
    <editdetail attribution="Reuters BIP Coding Group" action="confirmed" date="1997-03-19"/>
  </code>
  <code code="C151">
    <editdetail attribution="Reuters BIP Coding Group" action="confirmed" date="1997-03-19"/>
  </code>
  <code code="C1511">
    <editdetail attribution="Reuters BIP Coding Group" action="confirmed" date="1997-03-19"/>
  </code>
  <code code="CCAT">
    <editdetail attribution="Reuters BIP Coding Group" action="confirmed" date="1997-03-19"/>
  </code>
</codes>
<dc element="dc.date.created" value="1997-03-19"/>
<dc element="dc.publisher" value="Reuters Holdings Plc"/>
<dc element="dc.date.published" value="1997-03-19"/>
<dc element="dc.source" value="Reuters"/>
<dc element="dc.creator.location" value="IRVINE, Calif."/>
<dc element="dc.creator.location.country.name" value="USA"/>
<dc element="dc.source" value="Reuters"/>
</metadata>
</newsitem>
