<?xml version="1.0" encoding="iso-8859-1" ?>
<newsitem itemid="452176" id="root" date="1997-03-19" xml:lang="en">
<title>USA: Rational unveils software with Microsoft.</title>
<headline>Rational unveils software with Microsoft.</headline>
<dateline>SANTA CLARA, Calif. 1997-03-19</dateline>
<text>
<p>Rational Software Corp on Wednesday said it has unveiled software based on its modeling language for use with Microsoft Corp's Visual Basic product.</p>
<p>Rational said its family of Rational Rose visual modeling tools is the result of development and marketing collaboration between Microsoft and Rational.</p>
<p>Rational's tools allow designers of large software systems to generate &quot;quick and dirty&quot; programming code to preview how a software blueprint might behave under real conditions.</p>
<p>Rational Rose for Visual Basic, the professional edition of the product, is available from Rational for $2,400.</p>
<p>Visual Modeler supports a subset of Rational's Unified Modeling Language, or UML, an industry standard for object-oriented software design.</p>
<p>UML defines a graphical language for describing the various components of a software system, Rational said.</p>
</text>
<copyright>(c) Reuters Limited 1997</copyright>
<metadata>
<codes class="bip:countries:1.0">
  <code code="USA">
    <editdetail attribution="Reuters BIP Coding Group" action="confirmed" date="1997-03-19"/>
  </code>
</codes>
<codes class="bip:industries:1.0">
  <code code="I33020">
    <editdetail attribution="Reuters BIP Coding Group" action="confirmed" date="1997-03-19"/>
  </code>
  <code code="I3302021">
    <editdetail attribution="Reuters BIP Coding Group" action="confirmed" date="1997-03-19"/>
  </code>
</codes>
<codes class="bip:topics:1.0">
  <code code="C22">
    <editdetail attribution="Reuters BIP Coding Group" action="confirmed" date="1997-03-19"/>
  </code>
  <code code="CCAT">
    <editdetail attribution="Reuters BIP Coding Group" action="confirmed" date="1997-03-19"/>
  </code>
</codes>
<dc element="dc.date.created" value="1997-03-19"/>
<dc element="dc.publisher" value="Reuters Holdings Plc"/>
<dc element="dc.date.published" value="1997-03-19"/>
<dc element="dc.source" value="Reuters"/>
<dc element="dc.creator.location" value="SANTA CLARA, Calif."/>
<dc element="dc.creator.location.country.name" value="USA"/>
<dc element="dc.source" value="Reuters"/>
</metadata>
</newsitem>
