<?xml version="1.0" encoding="iso-8859-1" ?>
<newsitem itemid="452183" id="root" date="1997-03-19" xml:lang="en">
<title>USA: Rexene says court denies dissident request.</title>
<headline>Rexene says court denies dissident request.</headline>
<dateline>DALLAS 1997-03-19</dateline>
<text>
<p>Rexene Corp said on Wednesday that the Delaware Chancery Court has denied a request by Guy Wyser-Pratte, Wyser-Pratte &amp; Co Inc and Spear, Leeds &amp; Kellogg for an earlier record date for a special shareholder meeting.</p>
<p>The court supported Rexene's board, which set a record date of April 18, 1997, instead of an earlier date the dissident shareholders were seeking, Rexene said.  </p>
<p>The special meeting will be held April 30, Rexene said.</p>
<p>Wyser-Pratte and Spear, Leeds &amp; Kellogg, which own a combined 13 percent of the company, aim to replace the company's board of directors and enter a deal to maximize shareholder value, the two companies had said in previous statements.</p>
</text>
<copyright>(c) Reuters Limited 1997</copyright>
<metadata>
<codes class="bip:countries:1.0">
  <code code="USA">
    <editdetail attribution="Reuters BIP Coding Group" action="confirmed" date="1997-03-19"/>
  </code>
</codes>
<codes class="bip:industries:1.0">
  <code code="I25140">
    <editdetail attribution="Reuters BIP Coding Group" action="confirmed" date="1997-03-19"/>
  </code>
  <code code="I83100">
    <editdetail attribution="Reuters BIP Coding Group" action="confirmed" date="1997-03-19"/>
  </code>
</codes>
<codes class="bip:topics:1.0">
  <code code="C12">
    <editdetail attribution="Reuters BIP Coding Group" action="confirmed" date="1997-03-19"/>
  </code>
  <code code="CCAT">
    <editdetail attribution="Reuters BIP Coding Group" action="confirmed" date="1997-03-19"/>
  </code>
  <code code="GCAT">
    <editdetail attribution="Reuters BIP Coding Group" action="confirmed" date="1997-03-19"/>
  </code>
  <code code="GCRIM">
    <editdetail attribution="Reuters BIP Coding Group" action="confirmed" date="1997-03-19"/>
  </code>
</codes>
<dc element="dc.date.created" value="1997-03-19"/>
<dc element="dc.publisher" value="Reuters Holdings Plc"/>
<dc element="dc.date.published" value="1997-03-19"/>
<dc element="dc.source" value="Reuters"/>
<dc element="dc.creator.location" value="DALLAS"/>
<dc element="dc.creator.location.country.name" value="USA"/>
<dc element="dc.source" value="Reuters"/>
</metadata>
</newsitem>
