<?xml version="1.0" encoding="iso-8859-1" ?>
<newsitem itemid="452182" id="root" date="1997-03-19" xml:lang="en">
<title>USA: U.S. power output rises 0.1 pct vs. year ago -- EEI.</title>
<headline>U.S. power output rises 0.1 pct vs. year ago -- EEI.</headline>
<dateline>NEW YORK 1997-03-19</dateline>
<text>
<p>Electricity deliveries in the continental U.S. totaled 59,387 gigawatt hours (GWh) for the week ended March 15, up 0.1 percent from the same period in 1996, Edison Electric Institute (EEI) said Wednesday.</p>
<p>The amount of weekly power supplied to the Pacific Southwestarea showed the largest year-to-year rise, up 7.7 percent to 4,644 GWh, EEI said.</p>
<p>The Southeast region experienced the sharpest decrease in power output, falling 7.3 percent from the corresponding period a year earlier to 13,799 GWh.</p>
<p>Year-to-date domestic power production for the first 11 weeks of 1997 totaled 698,758 GWh, virtually unchanged from the same period in 1996.</p>
<p>((--New York Power Desk +1 212 859 1627))</p>
</text>
<copyright>(c) Reuters Limited 1997</copyright>
<metadata>
<codes class="bip:countries:1.0">
  <code code="USA">
    <editdetail attribution="Reuters BIP Coding Group" action="confirmed" date="1997-03-19"/>
  </code>
</codes>
<codes class="bip:industries:1.0">
  <code code="I16100">
    <editdetail attribution="Reuters BIP Coding Group" action="confirmed" date="1997-03-19"/>
  </code>
</codes>
<codes class="bip:topics:1.0">
  <code code="C21">
    <editdetail attribution="Reuters BIP Coding Group" action="confirmed" date="1997-03-19"/>
  </code>
  <code code="C31">
    <editdetail attribution="Reuters BIP Coding Group" action="confirmed" date="1997-03-19"/>
  </code>
  <code code="CCAT">
    <editdetail attribution="Reuters BIP Coding Group" action="confirmed" date="1997-03-19"/>
  </code>
</codes>
<dc element="dc.date.created" value="1997-03-19"/>
<dc element="dc.publisher" value="Reuters Holdings Plc"/>
<dc element="dc.date.published" value="1997-03-19"/>
<dc element="dc.source" value="Reuters"/>
<dc element="dc.creator.location" value="NEW YORK"/>
<dc element="dc.creator.location.country.name" value="USA"/>
<dc element="dc.source" value="Reuters"/>
</metadata>
</newsitem>
