<?xml version="1.0" encoding="iso-8859-1" ?>
<newsitem itemid="452164" id="root" date="1997-03-19" xml:lang="en">
<title>USA: U.S. Senate Democrats slam Republican tax cut plan.</title>
<headline>U.S. Senate Democrats slam Republican tax cut plan.</headline>
<dateline>WASHINGTON 1997-03-19</dateline>
<text>
<p>Senate Democrats Wednesday charged that a nearly $200 billion five-year tax cut put forward by Republicans would increase the budget deficit from $121 billion in fiscal 1997 to $251 billion in 2002.</p>
<p>A report compiled for the minority Democrats on the Senate Budget Committee criticized Republicans for offering their tax cut proposal without specifying how it would be paid to avoid increasing the deficit.</p>
<p>&quot;Providing tax cuts of this magnitude would require extreme cuts in programs that are critical to middle class Americans,&quot; the report said.  </p>
<p>The estimated $251 billion deficit was calculated by the Congressional Budget Office for Sen. Frank Lautenberg, the senior Democrat on the Budget Committee. The estimate assumed no action was taken to offset the tax cuts with spending cuts or tax hikes in other areas.</p>
<p>Republicans announced their tax cut proposal in January. However, action on tax cuts has been held up pending the start of negotiations on a balanced budget.</p>
<p>Senate Budget Committee chairman Pete Domenici, R-New Mexico, said earlier this week a $70 billion five-year tax cut, offset by equal tax hikes as suggested by President Clinton, would be the maximum possible unless other changes in federal spending were approved.</p>
<p>The Republican tax proposal announced in January includes a child tax credit of $500 for children up to age 18, a reduction in the capital gains tax rate paid on investment profits, and a reduction in the estate tax.</p>
<p>Clinton has proposed a $98 billion five-year tax cut which includes a smaller child tax credit. It would be partially paid for with $76 billion in tax increases in other areas of the economy.</p>
</text>
<copyright>(c) Reuters Limited 1997</copyright>
<metadata>
<codes class="bip:countries:1.0">
  <code code="USA">
    <editdetail attribution="Reuters BIP Coding Group" action="confirmed" date="1997-03-19"/>
  </code>
</codes>
<codes class="bip:topics:1.0">
  <code code="E21">
    <editdetail attribution="Reuters BIP Coding Group" action="confirmed" date="1997-03-19"/>
  </code>
  <code code="E211">
    <editdetail attribution="Reuters BIP Coding Group" action="confirmed" date="1997-03-19"/>
  </code>
  <code code="ECAT">
    <editdetail attribution="Reuters BIP Coding Group" action="confirmed" date="1997-03-19"/>
  </code>
  <code code="GCAT">
    <editdetail attribution="Reuters BIP Coding Group" action="confirmed" date="1997-03-19"/>
  </code>
  <code code="GPOL">
    <editdetail attribution="Reuters BIP Coding Group" action="confirmed" date="1997-03-19"/>
  </code>
</codes>
<dc element="dc.date.created" value="1997-03-19"/>
<dc element="dc.publisher" value="Reuters Holdings Plc"/>
<dc element="dc.date.published" value="1997-03-19"/>
<dc element="dc.source" value="Reuters"/>
<dc element="dc.creator.location" value="WASHINGTON"/>
<dc element="dc.creator.location.country.name" value="USA"/>
<dc element="dc.source" value="Reuters"/>
</metadata>
</newsitem>
