<?xml version="1.0" encoding="iso-8859-1" ?>
<newsitem itemid="452126" id="root" date="1997-03-19" xml:lang="en">
<title>USA: Time Warner sues CompuServe.</title>
<headline>Time Warner sues CompuServe.</headline>
<dateline>NEW YORK 1997-03-19</dateline>
<text>
<p>Time Warner Inc's Time magazine said on Wednesday it is suing Ohio-based online provider CompuServe for at least $3.5 million, for seeking to eliminate Time from its online service and allegedly refusing to make payments due to the magazine.</p>
<p>Time said the suit seeks not less than $3.5 million for CompuServe's repudiation of the two-year contract with Time and asks the court to require CompuServe to continue to provide service.</p>
<p>CompuServe has not yet seen the suit, spokeswoman Gail Whitcomb said.  </p>
<p>&quot;As soon as we've seen the suit we will commment,&quot; she said.</p>
<p>Time said the suit was filed in the U.S. District Court for the Southern District of Ohio.</p>
<p>Time, which joined CompuServe in March 1996, said it anchors the service's news center and provides both current and archived editorial content from the magazine, as well as a round-the-clock daily news service.</p>
<p>Time, which was previously carried on America Online, said it moved to CompuServe following aggressive efforts by the company that promised Time long-term opportunities and the potential to expand the TIME brand.</p>
<p>Time charged that in January, CompuServe sent Time a notice attempting to renege on its agreement, citing its financial objectives for the coming fiscal year.</p>
<p>Time said it filed its lawsuit following unsuccessful negotiations with CompuServe.</p>
</text>
<copyright>(c) Reuters Limited 1997</copyright>
<metadata>
<codes class="bip:countries:1.0">
  <code code="USA">
    <editdetail attribution="Reuters BIP Coding Group" action="confirmed" date="1997-03-19"/>
  </code>
</codes>
<codes class="bip:industries:1.0">
  <code code="I83940">
    <editdetail attribution="Reuters BIP Coding Group" action="confirmed" date="1997-03-19"/>
  </code>
  <code code="I83960">
    <editdetail attribution="Reuters BIP Coding Group" action="confirmed" date="1997-03-19"/>
  </code>
</codes>
<codes class="bip:topics:1.0">
  <code code="C12">
    <editdetail attribution="Reuters BIP Coding Group" action="confirmed" date="1997-03-19"/>
  </code>
  <code code="CCAT">
    <editdetail attribution="Reuters BIP Coding Group" action="confirmed" date="1997-03-19"/>
  </code>
  <code code="GCAT">
    <editdetail attribution="Reuters BIP Coding Group" action="confirmed" date="1997-03-19"/>
  </code>
  <code code="GCRIM">
    <editdetail attribution="Reuters BIP Coding Group" action="confirmed" date="1997-03-19"/>
  </code>
</codes>
<dc element="dc.date.created" value="1997-03-19"/>
<dc element="dc.publisher" value="Reuters Holdings Plc"/>
<dc element="dc.date.published" value="1997-03-19"/>
<dc element="dc.source" value="Reuters"/>
<dc element="dc.creator.location" value="NEW YORK"/>
<dc element="dc.creator.location.country.name" value="USA"/>
<dc element="dc.source" value="Reuters"/>
</metadata>
</newsitem>
