<?xml version="1.0" encoding="iso-8859-1" ?>
<newsitem itemid="452157" id="root" date="1997-03-19" xml:lang="en">
<title>USA: Lucent says Ameritech buys software units.</title>
<headline>Lucent says Ameritech buys software units.</headline>
<dateline>NEW YORK 1997-03-19</dateline>
<text>
<p>Lucent Technologies on Wednesday said Ameritech has purchased more than 500 of Lucent's Access Interface Units, or AIUs, which will help ease the battle for network access between Internet users and users making ordinary telephone calls.  </p>
<p>A Lucent spokeswoman said the Ameritech contract marks the first commercial use of its Internet congestion relief system.</p>
<p>Northern Telecom Ltd offers a rival product, which SBC Communications Inc has said it plans to install on its five-state local network. Other local service providers have said they are considering such products.</p>
<p>Lucent's AIU is software, located in neighborhood-based central-office switches, that splits Internet traffic off of telephone lines for transmission over dedicated lines better suited to handling data-intensive communications.  </p>
<p>By separating voice and data traffic, a phone company cuts down network congestion caused by the increasing volume of calls placed by computer users via modem to the Internet.</p>
<p>Industry experts say the Lucent and Northern Telecom equipment can help overcome the strain placed on existing phone networks, which were designed primarily to handle voice calls averaging around three to four minutes per call.</p>
<p>By contrast, they estimate that the typical Internet user remains on a line an average of 25 to 30 minutes per call.</p>
<p>Lucent said its Access Interface Unit is designed to offer high-capacity connections for calls with such long hold times.  </p>
<p>The software has been tested at an Ameritech central office in Naperville, Ill., and will be used in other offices soon, officials of both companies said Wednesday.</p>
<p>Ameritech is in the process of installing the AIUs in switches in Illinois and Wisconsin, they said.</p>
<p>The AIU is essentially a software enhancement of Lucent's mainline central office telephone switch, the 5ESS Switch Module-2000.</p>
<p>The technology is considered a key element in reducing the possibility of blocked calls, an increasingly common complaint among phone customers.</p>
<p>&quot;With the AIU, it's now possible to give consumers who make a lot of long calls -- such as those on the Internet -- their own dedicated circuit in a more cost-effective manner,&quot; said Dave Geary, regional vice president of Lucent Technologies.</p>
<p>((-- Eric Auchard, New York newsdesk, 212-859-1736))</p>
</text>
<copyright>(c) Reuters Limited 1997</copyright>
<metadata>
<codes class="bip:countries:1.0">
  <code code="USA">
    <editdetail attribution="Reuters BIP Coding Group" action="confirmed" date="1997-03-19"/>
  </code>
</codes>
<codes class="bip:industries:1.0">
  <code code="I34400">
    <editdetail attribution="Reuters BIP Coding Group" action="confirmed" date="1997-03-19"/>
  </code>
  <code code="I34410">
    <editdetail attribution="Reuters BIP Coding Group" action="confirmed" date="1997-03-19"/>
  </code>
  <code code="I79020">
    <editdetail attribution="Reuters BIP Coding Group" action="confirmed" date="1997-03-19"/>
  </code>
</codes>
<codes class="bip:topics:1.0">
  <code code="C33">
    <editdetail attribution="Reuters BIP Coding Group" action="confirmed" date="1997-03-19"/>
  </code>
  <code code="CCAT">
    <editdetail attribution="Reuters BIP Coding Group" action="confirmed" date="1997-03-19"/>
  </code>
</codes>
<dc element="dc.date.created" value="1997-03-19"/>
<dc element="dc.publisher" value="Reuters Holdings Plc"/>
<dc element="dc.date.published" value="1997-03-19"/>
<dc element="dc.source" value="Reuters"/>
<dc element="dc.creator.location" value="NEW YORK"/>
<dc element="dc.creator.location.country.name" value="USA"/>
<dc element="dc.source" value="Reuters"/>
</metadata>
</newsitem>
