<?xml version="1.0" encoding="iso-8859-1" ?>
<newsitem itemid="452115" id="root" date="1997-03-19" xml:lang="en">
<title>USA: Midcoast sees pipeline deal accretive. [CORRECTED 21:43 GMT]</title>
<headline>Midcoast sees pipeline deal accretive. [CORRECTED 21:43 GMT]</headline>
<dateline>HOUSTON 1997-03-19</dateline>
<text>
<p>Midcoast Energy Resources Inc Chief Executive Officer Dan Tutcher on Wednesday said the company expects its acquisition of Atrion Corp pipeline assets to be accretive to earnings this year.</p>
<p>On a pro forma basis taking into account expected cost savings from the $41.4 million deal, Midcoast would have generated $12 million to $13 million in cash flow and $7.5 million or about $3.97 a share net income last year, he said.</p>
<p>Midcoast, a Houston-based pipeline company operating primarily in Texas and nine southeast states, posted $1.9 million or $1 a share on $3.4 million (company corrects) cash flow last year.</p>
<p>The company, which went public in August 1986, will finance the acquisition with bank debt and have a 76 percent debt-to-equity ratio after closing the deal, Tutcher said.</p>
<p>Midcoast entered into a definitive agreement to acquire the natural gas pipeline and energy marketing subsidiaries of Atrion in a deal that will more than double its asset base.</p>
<p>Tutcher said he expects to cut operating costs of the Atrion pipeline system and sees opportunities to boost revenues from the newly acquired assets after closing the deal late in the second quarter. &quot;We find a lot of the things have been underutilized, underworked,&quot; he told Reuters.</p>
<p>-- James Pierpoint, Houston Bureau ((713 210-8508))</p>
</text>
<copyright>(c) Reuters Limited 1997</copyright>
<metadata>
<codes class="bip:countries:1.0">
  <code code="USA">
    <editdetail attribution="Reuters BIP Coding Group" action="confirmed" date="1997-03-19"/>
  </code>
</codes>
<codes class="bip:industries:1.0">
  <code code="I13000">
    <editdetail attribution="Reuters BIP Coding Group" action="confirmed" date="1997-03-19"/>
  </code>
</codes>
<codes class="bip:topics:1.0">
  <code code="C15">
    <editdetail attribution="Reuters BIP Coding Group" action="confirmed" date="1997-03-19"/>
  </code>
  <code code="C152">
    <editdetail attribution="Reuters BIP Coding Group" action="confirmed" date="1997-03-19"/>
  </code>
  <code code="C18">
    <editdetail attribution="Reuters BIP Coding Group" action="confirmed" date="1997-03-19"/>
  </code>
  <code code="C181">
    <editdetail attribution="Reuters BIP Coding Group" action="confirmed" date="1997-03-19"/>
  </code>
  <code code="CCAT">
    <editdetail attribution="Reuters BIP Coding Group" action="confirmed" date="1997-03-19"/>
  </code>
</codes>
<dc element="dc.date.created" value="1997-03-19"/>
<dc element="dc.publisher" value="Reuters Holdings Plc"/>
<dc element="dc.date.published" value="1997-03-19"/>
<dc element="dc.source" value="Reuters"/>
<dc element="dc.creator.location" value="HOUSTON"/>
<dc element="dc.creator.location.country.name" value="USA"/>
<dc element="dc.source" value="Reuters"/>
</metadata>
</newsitem>
