<?xml version="1.0" encoding="iso-8859-1" ?>
<newsitem itemid="452186" id="root" date="1997-03-19" xml:lang="en">
<title>USA: Cardinal completes $515 mln Owen merger.</title>
<headline>Cardinal completes $515 mln Owen merger.</headline>
<dateline>DUBLIN, Ohio 1997-03-19</dateline>
<text>
<p>Cardinal Health Inc said on Wednesday it completed its acquisition of Owen Healthcare Inc for stock, and will issue 8.39 million shares in a deal valued at $515 million.</p>
<p>Owen shareholders will receive 0.45 of a Cardinal share for each Owen share they hold.</p>
<p>When the deal originally was announced in November 1996, Owen shareholders were to receive 0.3150 of a Cardinal share, and Cardinal planned to issue between 5.49 million and 6.07 million shares. But that was before Cardinal announced a three-for-two stock split.</p>
<p>Wednesday morning its shares were trading at 61-5/8.</p>
</text>
<copyright>(c) Reuters Limited 1997</copyright>
<metadata>
<codes class="bip:countries:1.0">
  <code code="USA">
    <editdetail attribution="Reuters BIP Coding Group" action="confirmed" date="1997-03-19"/>
  </code>
</codes>
<codes class="bip:industries:1.0">
  <code code="I61000">
    <editdetail attribution="Reuters BIP Coding Group" action="confirmed" date="1997-03-19"/>
  </code>
  <code code="I95100">
    <editdetail attribution="Reuters BIP Coding Group" action="confirmed" date="1997-03-19"/>
  </code>
</codes>
<codes class="bip:topics:1.0">
  <code code="C18">
    <editdetail attribution="Reuters BIP Coding Group" action="confirmed" date="1997-03-19"/>
  </code>
  <code code="C181">
    <editdetail attribution="Reuters BIP Coding Group" action="confirmed" date="1997-03-19"/>
  </code>
  <code code="CCAT">
    <editdetail attribution="Reuters BIP Coding Group" action="confirmed" date="1997-03-19"/>
  </code>
</codes>
<dc element="dc.date.created" value="1997-03-19"/>
<dc element="dc.publisher" value="Reuters Holdings Plc"/>
<dc element="dc.date.published" value="1997-03-19"/>
<dc element="dc.source" value="Reuters"/>
<dc element="dc.creator.location" value="DUBLIN, Ohio"/>
<dc element="dc.creator.location.country.name" value="USA"/>
<dc element="dc.source" value="Reuters"/>
</metadata>
</newsitem>
