<?xml version="1.0" encoding="iso-8859-1" ?>
<newsitem itemid="452162" id="root" date="1997-03-19" xml:lang="en">
<title>USA: Rexene sees Q1 EPS slightly below year ago.</title>
<headline>Rexene sees Q1 EPS slightly below year ago.</headline>
<dateline>DALLAS 1997-03-19</dateline>
<text>
<p>Rexene Corp said Wednesday it anticipates net income for the first quarter ending March 31, 1997 will be slightly below the $0.34 per share net income reported by the company in the same period last year.</p>
<p>The company said that unusually high raw material costs, which, as previously disclosed, will adversely affect the company's first quarter earnings results, have begun to decline and should have less of an impact on its performance in the second and third quarters of 1997.  </p>
<p>The company said that significantly higher feedstock costs in late 1996 and earlier this year are expected to reduce Rexene's operating earnings for the first quarter of 1997 by approximately $7.5 million after tax, or $0.39 per share as compared with the same period last year.</p>
<p>However, the company said, a gain from the reversal in the first quarter of an environmental accrual established in prior years will partially offset the significantly higher feedstock costs.  </p>
<p>The company said the Texas Natural Resources Conservation Commission recently notified Rexene that it has approved the company's program for remediation of a portion of its Odessa facility. This, the company said, will allow Rexene to reduce its environmental accruals by $5.6 million after tax, resulting in a gain of $0.29 per share in the first quarter.</p>
<p>The company also said it authorized an $85 million share repurchase program.</p>
<p>Initial repurchases under the program will be funded through $35 million in borrowings under the company's existing bank loan facility with the Bank of Nova Scotia, as agent, and other lenders.</p>
<p>The company said it plans to submit the $50 million part of the repurchase program for stockholder consideration at the special stockholders' meeting scheduled for April 30, 1997.</p>
<p>The company said it intends to purchase shares in open-market transactions from time to time in the first part of the repurchase program, at prevailing market prices.</p>
<p>Repurchased shares will be held in Rexene's treasury and may be used for general corporate purposes, the company said.</p>
</text>
<copyright>(c) Reuters Limited 1997</copyright>
<metadata>
<codes class="bip:countries:1.0">
  <code code="USA">
    <editdetail attribution="Reuters BIP Coding Group" action="confirmed" date="1997-03-19"/>
  </code>
</codes>
<codes class="bip:industries:1.0">
  <code code="I25140">
    <editdetail attribution="Reuters BIP Coding Group" action="confirmed" date="1997-03-19"/>
  </code>
</codes>
<codes class="bip:topics:1.0">
  <code code="C15">
    <editdetail attribution="Reuters BIP Coding Group" action="confirmed" date="1997-03-19"/>
  </code>
  <code code="C152">
    <editdetail attribution="Reuters BIP Coding Group" action="confirmed" date="1997-03-19"/>
  </code>
  <code code="CCAT">
    <editdetail attribution="Reuters BIP Coding Group" action="confirmed" date="1997-03-19"/>
  </code>
</codes>
<dc element="dc.date.created" value="1997-03-19"/>
<dc element="dc.publisher" value="Reuters Holdings Plc"/>
<dc element="dc.date.published" value="1997-03-19"/>
<dc element="dc.source" value="Reuters"/>
<dc element="dc.creator.location" value="DALLAS"/>
<dc element="dc.creator.location.country.name" value="USA"/>
<dc element="dc.source" value="Reuters"/>
</metadata>
</newsitem>
