<?xml version="1.0" encoding="iso-8859-1" ?>
<newsitem itemid="452197" id="root" date="1997-03-19" xml:lang="en">
<title>ITALY: SOCCER-HOLDERS JUVENTUS SWEEP ASIDE ROSENBORG.</title>
<headline>SOCCER-HOLDERS JUVENTUS SWEEP ASIDE ROSENBORG.</headline>
<byline>Alan Baldwin</byline>
<dateline>TURIN, Italy 1997-03-19</dateline>
<text>
<p>Defending champions Juventus swept aside Norwegian outsiders Rosenborg 2-0 on Wednesday to reach the semifinals of the European Cup where they will face Ajax in a replay of last year's final.</p>
<p>The straightforward quarter-final second leg win, which earned a 3-1 aggregate victory, came courtesy of a gift goal in the first half and a penalty in the dying seconds.</p>
<p>&quot;We are in the semifinal again,&quot; said Juventus coach Marcello Lippi, who led the Italian side to penalty shoot-out glory against Ajax last year in Rome's Olympic Stadium.</p>
<p>&quot;The boys have got a bit used to these good results and we hope to go all the way,&quot; he said.</p>
<p>&quot;But it is harder to defend a title than to win it.&quot;</p>
<p>Rosenborg ended the match with 10 men after Stale Stensaas was sent off in the 88th minute for protesting against the penalty decision but the game was over as a contest long before that.</p>
<p>Zinedine Zidane got Juventus under way after 29 minutes and the French international midfielder can rarely have had an easier chance.</p>
<p>Rosenborg goalkeeper Joern Jamtfall mis-hit a clearance that skewed straight at Zidane, just outside the area, who hit it straight back into the empty net.</p>
<p>&quot;I've never seen anything like it at this level,&quot; said Lippi.</p>
<p>Jamtfall made up for his error later, with some brave saves when Juventus players were clear on goal.</p>
<p>Zidane, asked if he had actually hit the ball or just let it effortlessly rebound off his right leg, was adamant that he deserved fuller credit than many were giving him. &quot;I saw it coming and I put my foot out,&quot; he said.</p>
<p>Croat striker Alen Boksic, who had played only 10 minutes of soccer since getting injured in January, came on as a late first half substitute for Christian Vieri, who suffered a bruised and twisted ankle in one of the many tussles.</p>
<p>Boksic should have scored at least twice, breaking through but never getting past Jamtfall.</p>
<p>&quot;It was a good thing Zidane scored, it doesn't matter how he did it,&quot; Boksic said, recognising that his team squandered plenty of chances. &quot;There's room for those kind of goals.&quot;</p>
<p>Nicola Amoruso scored the second, a last minute penalty, after Attilio Lombardo was felled.</p>
<p>The scoreline flattered the Norwegians, who dumped AC Milan out of the cup at the Champions League' stage.</p>
<p>It took them 75 minutes to force their first and only corner against a Juve side that was always in control.</p>
<p>&quot;I thought they were better in Trondheim,&quot; said Lippi, who declared himself fully satisfied with the team, saying it was always going to be difficult to break down opponents who packed the midfield.</p>
<p>Rosenborg coach Nils Eggen congratulated his opponents and recognised they had been far better on the night.</p>
<p>&quot;We had a very bad first half. When we were attacking more in the second half and moved some 20 metres up the field, we gave them one or two problems,&quot; he said.</p>
<p>&quot;I think the players were a little bit surprised by the aggression of the Juventus team.&quot;</p>
<p>Teams:</p>
<p>Juventus: 1-Angelo Peruzzi; 2-Ciro Ferrara, 4-Paolo Montero, 5-Sergio Porrini, 7-Angelo Di Livio (19-Attilio Lombardo 76), 13-Mark Iuliano, 14-Didier Deschamps, 15-Christian Vieri (9-Alen Boksic 44), 16-Nicola Amoruso, 18-Vladimir Jugovic, 21-Zinedine Zidane (20-Alessio Tacchinardi 82).</p>
<p>Rosenborg: 1-Joern Jamtfall; 3-Erik Hoftun, 5-Stale Stensaas (red card 88), 6-Roar Strand (10-Harald Brattbakk 59), 8-Bent Skammelsrud, 11-Mini Jakobsen (17-Karl Oskar Fjoertoft 67), 14-Vegard Heggem, 15-Jon Olav Hjelde, 20-Trond Egil Soltvedt, 26-Sigurd Rushfeldt, 27-Andre Bergdoelmo.</p>
</text>
<copyright>(c) Reuters Limited 1997</copyright>
<metadata>
<codes class="bip:countries:1.0">
  <code code="ITALY">
    <editdetail attribution="Reuters BIP Coding Group" action="confirmed" date="1997-03-19"/>
  </code>
  <code code="NORW">
    <editdetail attribution="Reuters BIP Coding Group" action="confirmed" date="1997-03-19"/>
  </code>
</codes>
<codes class="bip:topics:1.0">
  <code code="GCAT">
    <editdetail attribution="Reuters BIP Coding Group" action="confirmed" date="1997-03-19"/>
  </code>
  <code code="GSPO">
    <editdetail attribution="Reuters BIP Coding Group" action="confirmed" date="1997-03-19"/>
  </code>
</codes>
<dc element="dc.date.created" value="1997-03-19"/>
<dc element="dc.publisher" value="Reuters Holdings Plc"/>
<dc element="dc.date.published" value="1997-03-19"/>
<dc element="dc.source" value="Reuters"/>
<dc element="dc.creator.location" value="TURIN, Italy"/>
<dc element="dc.creator.location.country.name" value="ITALY"/>
<dc element="dc.source" value="Reuters"/>
</metadata>
</newsitem>
