<?xml version="1.0" encoding="iso-8859-1" ?>
<newsitem itemid="452241" id="root" date="1997-03-19" xml:lang="en">
<title>SPAIN: SOCCER-ATLETICO MADRID 2 AJAX 3 - RESULT.</title>
<headline>SOCCER-ATLETICO MADRID 2 AJAX 3 - RESULT.</headline>
<dateline>MADRID 1997-03-19</dateline>
<text>
<p>Result in the European Cup quarter-final second leg between Atletico Madrid and Ajax on Wednesday:</p>
<p>Atletico Madrid (Spain) 2 Ajax (Netherlands) 3 (aet. halftime 1-0, result at full-time 1-1)</p>
<p>(Ajax win 4-3 on aggregate)</p>
<p>Scorers:</p>
<p>Atletico: Kiko 29, Milinko Pantic pen. 105</p>
<p>Ajax: Ronald de Boer 49, Dani 98, Tijani Babangida 119</p>
<p>Attendance: 54,000.</p>
<p>Teams:</p>
<p>Atletico Madrid: 1-Jose Molina, 4-Roberto Solozabal, 6-Santi Denia, 9-Juan Eduardo Esnaider (7-Leonardo Biagini 96th minute), 10-Milinko Pantic, 14-Diego Simeone (5-Juan Lopez 114th), 15-Carlos Aguilera, 19-Kiko Narvaez, 20-Delfi Geli, 21-Jose Luis Caminero, 24-Radek Bejbl Ajax: 1-Edwin van der Sar, 3-Danny Blind (2-John Veldman 46th), 4-Frank de Boer, 6-Ronald de Boer, 7-Tijani Babangida, 8-Richard Witschge, 10-Jari Litmanen (21-Dani 92nd), 11-Marc Overmars, 18-Kiki Musampa (16-Nordin Wooter 88th) 19-Arnold Scholten, 29-Mario Melchiot.</p>
</text>
<copyright>(c) Reuters Limited 1997</copyright>
<metadata>
<codes class="bip:countries:1.0">
  <code code="NETH">
    <editdetail attribution="Reuters BIP Coding Group" action="confirmed" date="1997-03-19"/>
  </code>
  <code code="SPAIN">
    <editdetail attribution="Reuters BIP Coding Group" action="confirmed" date="1997-03-19"/>
  </code>
</codes>
<codes class="bip:topics:1.0">
  <code code="GCAT">
    <editdetail attribution="Reuters BIP Coding Group" action="confirmed" date="1997-03-19"/>
  </code>
  <code code="GSPO">
    <editdetail attribution="Reuters BIP Coding Group" action="confirmed" date="1997-03-19"/>
  </code>
</codes>
<dc element="dc.date.created" value="1997-03-19"/>
<dc element="dc.publisher" value="Reuters Holdings Plc"/>
<dc element="dc.date.published" value="1997-03-19"/>
<dc element="dc.source" value="Reuters"/>
<dc element="dc.creator.location" value="MADRID"/>
<dc element="dc.creator.location.country.name" value="SPAIN"/>
<dc element="dc.source" value="Reuters"/>
</metadata>
</newsitem>
