<?xml version="1.0" encoding="iso-8859-1" ?>
<newsitem itemid="452257" id="root" date="1997-03-19" xml:lang="en">
<title>ITALY: SOCCER-U.S. BANKS BUY MAJOR SHARE IN ITALIAN CLUB.</title>
<headline>SOCCER-U.S. BANKS BUY MAJOR SHARE IN ITALIAN CLUB.</headline>
<dateline>TURIN, Italy 1997-03-19</dateline>
<text>
<p>Two U.S. banks joined forces with three Italian businessmen to buy Serie B soccer team Torino Calcio on Wednesday with the hope of restoring the club to its former glory.</p>
<p>The two banks, Merrill Lynch and Bankers Trust, have  taken a one-third stake in a company named Bullfin which in turn has acquired an 89.93 percent interest in the club from its current chairman Gian Marco Calleri for slightly more than 20 billion lire ($11.9 million).</p>
<p>The balance of Bullfin is owned by a company called HLS based in Genoa and owned by three businessmen -- Massimo Vidulich, who is to take over from Calleri as Torino chairman, Davide Palazzetti and Renato Bodi.</p>
<p>Palazzetti will be the club's managing director and Bodi, son of Luigi Bodi, who played for the club in the 1950s, will join the board of directors. Neither of the U.S. banks will be directly represented on the Torino board.</p>
<p>Vidulich told a news conference he planned to beef up the team by acquiring new players, win promotion to Serie A and float the club on the London stock exchange before the year 2000.</p>
<p>Torino were Italy's top club in the 1940s, winning the league championship four years in succession. But in 1949 their entire team died in a plane crash in the hills outside Turin.</p>
<p>They have won the league title only once since then, in 1976, and were relegated to Serie B at the end of last season.</p>
<p>Vidulich said he and his partners intended to expand the business by developing merchandising interests and generating sales from pay-per-view television.</p>
</text>
<copyright>(c) Reuters Limited 1997</copyright>
<metadata>
<codes class="bip:countries:1.0">
  <code code="ITALY">
    <editdetail attribution="Reuters BIP Coding Group" action="confirmed" date="1997-03-19"/>
  </code>
  <code code="USA">
    <editdetail attribution="Reuters BIP Coding Group" action="confirmed" date="1997-03-19"/>
  </code>
</codes>
<codes class="bip:topics:1.0">
  <code code="GCAT">
    <editdetail attribution="Reuters BIP Coding Group" action="confirmed" date="1997-03-19"/>
  </code>
  <code code="GSPO">
    <editdetail attribution="Reuters BIP Coding Group" action="confirmed" date="1997-03-19"/>
  </code>
</codes>
<dc element="dc.date.created" value="1997-03-19"/>
<dc element="dc.publisher" value="Reuters Holdings Plc"/>
<dc element="dc.date.published" value="1997-03-19"/>
<dc element="dc.source" value="Reuters"/>
<dc element="dc.creator.location" value="TURIN, Italy"/>
<dc element="dc.creator.location.country.name" value="ITALY"/>
<dc element="dc.source" value="Reuters"/>
</metadata>
</newsitem>
