<?xml version="1.0" encoding="iso-8859-1" ?>
<newsitem itemid="452209" id="root" date="1997-03-19" xml:lang="en">
<title>RUSSIA: TENNIS-RUSEDSKI INJURED, FRENCH YOUNGSTER PROFITS.</title>
<headline>TENNIS-RUSEDSKI INJURED, FRENCH YOUNGSTER PROFITS.</headline>
<dateline>ST. PETERSBURG, Russia 1997-03-19</dateline>
<text>
<p>British number two Greg Rusedski pulled out of the St. Petersburg Open after new problems with the left wrist he injured against Pete Sampras in last month's San Jose final.</p>
<p>Arnaud Clement, a 19-year-old French qualifier ranked 280th in the world, profited from Rusedski's woes and marched into the third round without winning a match.</p>
<p>Clement's first-round opponent, Andrei Olkhovsky, withdrew with a knee injury after losing the first set to the Frenchman on Tuesday.</p>
<p>Even so, Olkhovsky went on to win his first round doubles match with New Zealander Brett Steven.</p>
<p>The Russian explained he pulled out of the singles as soon as he felt the first twinge in the left knee, injured in Copenhagen last week, so as not to let down his doubles partner.</p>
</text>
<copyright>(c) Reuters Limited 1997</copyright>
<metadata>
<codes class="bip:countries:1.0">
  <code code="RUSS">
    <editdetail attribution="Reuters BIP Coding Group" action="confirmed" date="1997-03-19"/>
  </code>
  <code code="UK">
    <editdetail attribution="Reuters BIP Coding Group" action="confirmed" date="1997-03-19"/>
  </code>
</codes>
<codes class="bip:topics:1.0">
  <code code="GCAT">
    <editdetail attribution="Reuters BIP Coding Group" action="confirmed" date="1997-03-19"/>
  </code>
  <code code="GSPO">
    <editdetail attribution="Reuters BIP Coding Group" action="confirmed" date="1997-03-19"/>
  </code>
</codes>
<dc element="dc.date.created" value="1997-03-19"/>
<dc element="dc.publisher" value="Reuters Holdings Plc"/>
<dc element="dc.date.published" value="1997-03-19"/>
<dc element="dc.source" value="Reuters"/>
<dc element="dc.creator.location" value="ST. PETERSBURG, Russia"/>
<dc element="dc.creator.location.country.name" value="RUSSIA"/>
<dc element="dc.source" value="Reuters"/>
</metadata>
</newsitem>
