<?xml version="1.0" encoding="iso-8859-1" ?>
<newsitem itemid="452212" id="root" date="1997-03-19" xml:lang="en">
<title>italy: CYCLING-PETITO WINS TIRRENO ADRIATICO.</title>
<headline>CYCLING-PETITO WINS TIRRENO ADRIATICO.</headline>
<dateline>SAN BENEDETTO DEL TRONTO, Italy 1997-03-19</dateline>
<text>
<p>Italian Roberto Petito won the Tirreno-Adriatico cycling race on Wednesday.</p>
<p>Mario Traversoni, also Italian, won the 159-km seventh and final stage.</p>
</text>
<copyright>(c) Reuters Limited 1997</copyright>
<metadata>
<codes class="bip:countries:1.0">
  <code code="ITALY">
    <editdetail attribution="Reuters BIP Coding Group" action="confirmed" date="1997-03-19"/>
  </code>
</codes>
<codes class="bip:topics:1.0">
  <code code="GCAT">
    <editdetail attribution="Reuters BIP Coding Group" action="confirmed" date="1997-03-19"/>
  </code>
  <code code="GSPO">
    <editdetail attribution="Reuters BIP Coding Group" action="confirmed" date="1997-03-19"/>
  </code>
</codes>
<dc element="dc.date.created" value="1997-03-19"/>
<dc element="dc.publisher" value="Reuters Holdings Plc"/>
<dc element="dc.date.published" value="1997-03-19"/>
<dc element="dc.source" value="Reuters"/>
<dc element="dc.creator.location" value="SAN BENEDETTO DEL TRONTO, Italy"/>
<dc element="dc.creator.location.country.name" value="ITALY"/>
<dc element="dc.source" value="Reuters"/>
</metadata>
</newsitem>
