<?xml version="1.0" encoding="iso-8859-1" ?>
<newsitem itemid="452208" id="root" date="1997-03-19" xml:lang="en">
<title>SWITZERLAND: FIGURE SKATING-URMANOV WINS SHORT PROGRAMME.</title>
<headline>FIGURE SKATING-URMANOV WINS SHORT PROGRAMME.</headline>
<byline>Brian Creighton</byline>
<dateline>LAUSANNE, Switzerland 1997-03-19</dateline>
<text>
<p>Olympic and European figure skating champion Alexei Urmanov of Russia edged nearer the only major title he has not won by heading a high quality jumping display in the short programme at the world championships on Wednesday.</p>
<p>The 23-year-old from St Petersburg scored a narrow victory over titleholder Todd Eldredge of the United States, with Russian Ilya Kulik third in an exciting battle of supreme athleticism.</p>
<p>It needed a tie-break to separate the top two for neither had a majority of first place votes from the nine judges.</p>
<p>Urmanov had four, the American three, but in the combined total of first and second place votes, the Russian emerged with seven to Eldredge's four.</p>
<p>Kulik, who had the other two first place votes, had the same number of seconds as Eldredge but lost the runners-up position because he had one less third place than the American.</p>
<p>Yet whichever of those three wins the free skating final on Thursday night will take the gold medal.</p>
<p>&quot;It was a tough start to the competition because there were so many good programmes and it's going to be tough again tomorrow,&quot; Urmanov said.</p>
<p>&quot;I'm going to go out fighting for the gold medal and of course there will be a quadruple (jump) in my programme,&quot; he added.</p>
<p>Canadian Elvis Stojko, the 1994 and 1995 champion who placed fourth last year after missing his combination in the short programme, made no such mistake on Wednesday but was still fourth.</p>
<p>He must win Thursday's free skating and hope Urmanov finishes no higher than third to regain the title.</p>
<p>Urmanov won the Olympic title in 1994 but no other major championship until this year's European crown in Paris in January. His highest world championship placing was third in 1993.</p>
<p>He had the advantage of skating next to last in the 31-man list, whereas Eldredge had the disadvantage of skating third, the first of the top contenders.</p>
<p>Yet by the end of the day Eldredge's fast-running combination of triple axel-triple toe loop seemed the best of the lot, though Urmanov probably deserved his victory for his greater artistry.</p>
<p>The Russian had eight marks of 5.9 for artistic merit.</p>
<p>While Urmanov plans a quad jump in his free skating, Eldredge, who has been nursing a sprained ankle, does not.</p>
<p>&quot;I'll do my triple-triple combinations, all eight triple jumps and hope that's enough for the gold - or at least a medal,&quot; he said.</p>
<p>Some 12 skaters completed the triple axel-triple toe loop jump combination. Kulik was one of them and he also plans a quadruple in the free skating.</p>
<p>The 19-year-old Muscovite, who trains in Boston with Tatiana Tarasova, is seeking his first major title since lifting the 1995 European crown on his senior debut.</p>
<p>Stojko skated 10th in the list and suffered for looking slow compared with Eldredge.</p>
<p>He received three low marks of 5.6 for artistry, his old problem of not appearing to be artistic enough surfacing once more.</p>
<p>He will attempt to combine a quad in the final with a triple toe loop, as he did successfully when he won the Champions Series final in Canada at the start of this month. He is the first skater to achieve that combination.</p>
</text>
<copyright>(c) Reuters Limited 1997</copyright>
<metadata>
<codes class="bip:countries:1.0">
  <code code="RUSS">
    <editdetail attribution="Reuters BIP Coding Group" action="confirmed" date="1997-03-19"/>
  </code>
  <code code="SWITZ">
    <editdetail attribution="Reuters BIP Coding Group" action="confirmed" date="1997-03-19"/>
  </code>
</codes>
<codes class="bip:topics:1.0">
  <code code="GCAT">
    <editdetail attribution="Reuters BIP Coding Group" action="confirmed" date="1997-03-19"/>
  </code>
  <code code="GSPO">
    <editdetail attribution="Reuters BIP Coding Group" action="confirmed" date="1997-03-19"/>
  </code>
</codes>
<dc element="dc.date.created" value="1997-03-19"/>
<dc element="dc.publisher" value="Reuters Holdings Plc"/>
<dc element="dc.date.published" value="1997-03-19"/>
<dc element="dc.source" value="Reuters"/>
<dc element="dc.creator.location" value="LAUSANNE, Switzerland"/>
<dc element="dc.creator.location.country.name" value="SWITZERLAND"/>
<dc element="dc.source" value="Reuters"/>
</metadata>
</newsitem>
