<?xml version="1.0" encoding="iso-8859-1" ?>
<newsitem itemid="452267" id="root" date="1997-03-19" xml:lang="en">
<title>SWITZERLAND: FIGURE SKATING-AMERICANS COULD SWEEP WOMEN'S MEDALS IN LAUSANNE.</title>
<headline>FIGURE SKATING-AMERICANS COULD SWEEP WOMEN'S MEDALS IN LAUSANNE.</headline>
<byline>Brian Creighton</byline>
<dateline>LAUSANNE, Switzerland 1997-03-19</dateline>
<text>
<p>The prospect of an American sweep of the women's medals looms large at the world figure skating championships this week even with doubts about the form of titleholder Michelle Kwan.</p>
<p>By her own admission Kwan is going through a rough patch, having ceded her United States national title and her Champions' Series crown to 14-year-old Tara Lipinski in the past month.</p>
<p>Still, predictions are widespread of a U.S. sweep to match the one by Kristi Yamaguchi, Tonya Harding and Nancy Kerrigan in Munich six years ago.</p>
<p>&quot;I think with the skaters of the quality we have, the U.S. have a great chance to go 1-2-3,&quot; Lipinski's coach, Richard Callaghan, said on Wednesday.</p>
<p>The event begins on Friday and ends on Saturday afternoon.</p>
<p>Lipinski, so mature for one so young, has a chance to become the youngest ever champion of the event after being 15th last year while Nicole Bobek, 19, is over her early season back problems and seems to be skating better than when she won bronze two years ago in Birmingham, England.</p>
<p>That leaves Kwan as the only doubt and no-one seriously believes that the girl who won so spectacularly in Edmonton last year could finish out of the medals this time no matter what setbacks she has suffered recently.</p>
<p>&quot;I went through a bad patch and I'm struggling to get back,&quot; Kwan conceded at a U.S. team news conference on Wednesday.</p>
<p>At least she can joke about it, referring to the &quot;coma&quot; she has been in. Her coach, Frank Carroll, was quick to disagree. &quot;Michelle has been in seven competitions this season and won five and was second twice. That's hardly a 'coma' year,&quot; he said.</p>
<p>&quot;But perhaps she has been thinking too much and not just doing it,&quot; he added, saying that it was typical of many skaters to have trouble defending titles.</p>
<p>&quot;I don't think winning so much last season affected my head,&quot; Kwan said. &quot;But I am trying to get my mental edge back.</p>
<p>&quot;My last two competitions have been a little shaky,&quot; added the 16-year-old Californian, who had won 10 of her final 11 competitions heading into last month's nationals.</p>
<p>Her problems began during the free programme at the nationals, where she scaled a triple toe loop-triple toe loop combination down to triple-double and then fell on the landing.</p>
<p>Then she put one hand down on a triple flip, fell on a triple loop and did only a double lutz.</p>
<p>&quot;I panicked after the first fall when I wasn't concentrating,&quot; she said at the time.</p>
<p>Both her programmes at the Champions' Series final included falls but at least she stood up during her qualifying skate here on Monday.</p>
<p>&quot;I will tell myself that this is just another competition,&quot; she said.</p>
<p>The women who threaten American domination are having problems of their own.</p>
<p>Chen Lu, the Chinese who chased Kwan all the way to the gold medal last year, is by her own admission out of the medals hunt because of a foot injury that cost her four months of training until a month ago.</p>
<p>And European champion Irina Slutskaya, third last year, looks to be struggling with her weight and finished only third in her qualifying group on Monday.</p>
<p>At least she has not given up the chase.</p>
<p>&quot;Today my objective was only to qualify,&quot; she said on Monday.</p>
<p>&quot;I can skate much better. I am here to win the final.&quot;</p>
</text>
<copyright>(c) Reuters Limited 1997</copyright>
<metadata>
<codes class="bip:countries:1.0">
  <code code="SWITZ">
    <editdetail attribution="Reuters BIP Coding Group" action="confirmed" date="1997-03-19"/>
  </code>
  <code code="USA">
    <editdetail attribution="Reuters BIP Coding Group" action="confirmed" date="1997-03-19"/>
  </code>
</codes>
<codes class="bip:topics:1.0">
  <code code="GCAT">
    <editdetail attribution="Reuters BIP Coding Group" action="confirmed" date="1997-03-19"/>
  </code>
  <code code="GSPO">
    <editdetail attribution="Reuters BIP Coding Group" action="confirmed" date="1997-03-19"/>
  </code>
</codes>
<dc element="dc.date.created" value="1997-03-19"/>
<dc element="dc.publisher" value="Reuters Holdings Plc"/>
<dc element="dc.date.published" value="1997-03-19"/>
<dc element="dc.source" value="Reuters"/>
<dc element="dc.creator.location" value="LAUSANNE, Switzerland"/>
<dc element="dc.creator.location.country.name" value="SWITZERLAND"/>
<dc element="dc.source" value="Reuters"/>
</metadata>
</newsitem>
