<?xml version="1.0" encoding="iso-8859-1" ?>
<newsitem itemid="452282" id="root" date="1997-03-19" xml:lang="en">
<title>ZIMBABWE: ZIMBABWE DOLLAR CLOSES WEAKER AGAINST UNITS.</title>
<headline>ZIMBABWE DOLLAR CLOSES WEAKER AGAINST UNITS.</headline>
<dateline>HARARE 1997-03-19</dateline>
<text>
<p>The Zimbabwe dollar registered further losses against hard currencies at the close of an otherwise fairly quiet Wednesday interbank session, dealers said.</p>
<p>&quot;At one point the (exchange) rates came down to about 11.2450/2550 but all of a sudden they started (going) up again,&quot; one dealer said, adding: &quot;But there were no major payments going out today.&quot;</p>
<p>&quot;The (central) Reserve Bank don't seem to understand what's happening and they can't intervene unless they know what the fundamentals (driving the rates) are,&quot; the dealer said.</p>
<p>At Wednesday's close, the Zimbabwe dollar was quoted at 11.2575/2675 against the U.S. dollar from 11.2400/2500 on Tuesday and was also weaker against sterling at 17.9690/9960 compared to 17.8300/8500, largely tracking an easier U.S. currency on the British unit abroad.</p>
<p>It was at 6.6880/6950 from 6.6700/6900 against the mark and at 2.5415/5455 versus South Africa's rand, down from 2.5400/5600 the previous day.</p>
<p>-- Stella Mapenzauswa, Harare Newsroom +263-4 72 52 28/9</p>
</text>
<copyright>(c) Reuters Limited 1997</copyright>
<metadata>
<codes class="bip:countries:1.0">
  <code code="ZIMBAB">
    <editdetail attribution="Reuters BIP Coding Group" action="confirmed" date="1997-03-19"/>
  </code>
</codes>
<codes class="bip:topics:1.0">
  <code code="M13">
    <editdetail attribution="Reuters BIP Coding Group" action="confirmed" date="1997-03-19"/>
  </code>
  <code code="M132">
    <editdetail attribution="Reuters BIP Coding Group" action="confirmed" date="1997-03-19"/>
  </code>
  <code code="MCAT">
    <editdetail attribution="Reuters BIP Coding Group" action="confirmed" date="1997-03-19"/>
  </code>
</codes>
<dc element="dc.date.created" value="1997-03-19"/>
<dc element="dc.publisher" value="Reuters Holdings Plc"/>
<dc element="dc.date.published" value="1997-03-19"/>
<dc element="dc.source" value="Reuters"/>
<dc element="dc.creator.location" value="HARARE"/>
<dc element="dc.creator.location.country.name" value="ZIMBABWE"/>
<dc element="dc.source" value="Reuters"/>
</metadata>
</newsitem>
