<?xml version="1.0" encoding="iso-8859-1" ?>
<newsitem itemid="452286" id="root" date="1997-03-19" xml:lang="en">
<title>ZAIRE: ZAIRE OPPOSITION TRIES TO OUST KENGO AGAIN.</title>
<headline>ZAIRE OPPOSITION TRIES TO OUST KENGO AGAIN.</headline>
<byline>Wiliam Wallis</byline>
<dateline>KINSHASA 1997-03-19</dateline>
<text>
<p>Zaire's opposition banded together in parliament in a fresh attempt to oust Prime Minister Kengo wa Dondo, winning a vote on the floor of the house and promising to follow it up with street protests.</p>
<p>But supporters of Kengo and ailing President Mobutu Sese, most of whom boycotted Tuesday's session, said that the vote fell far short of the three-quarters majority needed under Zaire's transitional constitution to sack the prime minister.</p>
<p>&quot;You need three quarters of the signatures of parliament and today there were not even half of the members present,&quot; Anzuluni Bembe, a Mobutu supporter and parliamentary vice-president, told Reuters.</p>
<p>Kengo is in Kenya for talks on the crisis in Central Africa. Mobutu, who has spent most of his time in Europe since prostate cancer surgery there in August, is in hospital in Monaco.</p>
<p>The radical opposition led by Etienne Tshisekedi sponsored the motion, which called for a ceasefire and peace talks with rebels in the east.</p>
<p>Opposition spokesmen said as many as 462 of the assembly 738 members took part in the debate. A majority of those present approved the motion by acclamation.</p>
<p>Opposition militants said that the vote was valid and that students would demonstrate on Wednesday in support of it. The Kengo government has banned all street protests for the duration of the war in the east.</p>
<p>Opposition supporters advanced parliamentary technicalities in support of their demand that Kengo must go.</p>
<p>&quot;We reached three-quarters in comparative terms, in formal terms and the vote was higher than when Kengo was elected,&quot; Augustin Kipukama of the radical Lumumbist movement told Reuters.</p>
<p>Tshisekedi, leader of Zaire's main political opposition, is a veteran opponent of Mobutu.</p>
<p>A national conference elected him prime minister in 1992 but Mobutu sacked him a year later.</p>
<p>The transitional parliament elected Kengo in 1994 as a compromise candidate -- a move Tshiekedi and his followers have always bitterly contested.</p>
<p>Tshisekedi and his Union for Democracy and Social Progress (UDPS) enjoy widespread support among Kinshasa's poor and urge peace talks with the rebels.</p>
<p>&quot;We should avoid taking decisions that violate the constitution,&quot; said Kanga Boongo, one of the few Mobutu supporters who stayed for the debate.</p>
<p>Witnesses said some dissident Mobutu supporters voted with the opposition.</p>
<p>Earlier, assembly members spent five hours debating what the debate should be about.</p>
</text>
<copyright>(c) Reuters Limited 1997</copyright>
<metadata>
<codes class="bip:countries:1.0">
  <code code="ZAIRE">
    <editdetail attribution="Reuters BIP Coding Group" action="confirmed" date="1997-03-19"/>
  </code>
</codes>
<codes class="bip:topics:1.0">
  <code code="GCAT">
    <editdetail attribution="Reuters BIP Coding Group" action="confirmed" date="1997-03-19"/>
  </code>
  <code code="GPOL">
    <editdetail attribution="Reuters BIP Coding Group" action="confirmed" date="1997-03-19"/>
  </code>
</codes>
<dc element="dc.date.created" value="1997-03-19"/>
<dc element="dc.publisher" value="Reuters Holdings Plc"/>
<dc element="dc.date.published" value="1997-03-19"/>
<dc element="dc.source" value="Reuters"/>
<dc element="dc.creator.location" value="KINSHASA"/>
<dc element="dc.creator.location.country.name" value="ZAIRE"/>
<dc element="dc.source" value="Reuters"/>
</metadata>
</newsitem>
