<?xml version="1.0" encoding="iso-8859-1" ?>
<newsitem itemid="452205" id="root" date="1997-03-19" xml:lang="en">
<title>MALTA: SOCCER-HUNGARY OVERWHELM MALTA IN WORLD CUP WARM-UP.</title>
<headline>SOCCER-HUNGARY OVERWHELM MALTA IN WORLD CUP WARM-UP.</headline>
<dateline>VALLETTA 1997-03-19</dateline>
<text>
<p>Hungary comfortably beat Malta 4-1 in a soccer friendly on Wednesday - a game used by both teams as preparation for World Cup qualifiers.</p>
<p>Malta, who meet Slovakia at Valletta's Ta'Qali Stadium in group six on March 31, were ineffective on Wednesday, much to the disappointment of the small crowd.</p>
<p>Hungarian coach Janos Csank used all his substitutes as he prepared his team for a difficult group three qualifier in Switzerland on April 30 and can be happy with the overall performance.</p>
<p>Florian Urban opened the scoring for the Hungarians in the 18th minute and Gabor Halmai made it 2-0 five minutes before half time.</p>
<p>Perec Orosz got the third in the 66th and added his second and his team's fourth three minutes from the end.</p>
<p>Malta's consolation was an own goal by Hungarian  midfielder Andar Kereszturi who wrong-footed his goalkeeper with a back pass six minutes from time.</p>
</text>
<copyright>(c) Reuters Limited 1997</copyright>
<metadata>
<codes class="bip:countries:1.0">
  <code code="HUNG">
    <editdetail attribution="Reuters BIP Coding Group" action="confirmed" date="1997-03-19"/>
  </code>
  <code code="MALTA">
    <editdetail attribution="Reuters BIP Coding Group" action="confirmed" date="1997-03-19"/>
  </code>
</codes>
<codes class="bip:topics:1.0">
  <code code="GCAT">
    <editdetail attribution="Reuters BIP Coding Group" action="confirmed" date="1997-03-19"/>
  </code>
  <code code="GSPO">
    <editdetail attribution="Reuters BIP Coding Group" action="confirmed" date="1997-03-19"/>
  </code>
</codes>
<dc element="dc.date.created" value="1997-03-19"/>
<dc element="dc.publisher" value="Reuters Holdings Plc"/>
<dc element="dc.date.published" value="1997-03-19"/>
<dc element="dc.source" value="Reuters"/>
<dc element="dc.creator.location" value="VALLETTA"/>
<dc element="dc.creator.location.country.name" value="MALTA"/>
<dc element="dc.source" value="Reuters"/>
</metadata>
</newsitem>
