<?xml version="1.0" encoding="iso-8859-1" ?>
<newsitem itemid="452227" id="root" date="1997-03-19" xml:lang="en">
<title>BULGARIA: SOCCER-STOICHKOV NAMED FOR BULGARIA DESPITE VOW NOT TO PLAY.</title>
<headline>SOCCER-STOICHKOV NAMED FOR BULGARIA DESPITE VOW NOT TO PLAY.</headline>
<dateline>SOFIA 1997-03-19</dateline>
<text>
<p>Volatile striker Hristo Stoichkov has been named in Bulgaria's squad for a World Cup qualifier against Cyprus on April 2 despite saying he would not play for the national team, soccer officials said on Wednesday.</p>
<p>Stoichkov quit the team last year demanding the resignation of the country's soccer chiefs.</p>
<p>He criticised them for axing former coach Dimitar Penev, who took Bulgaria to the semifinals of the World Cup for the first time in their history in 1994.</p>
<p>But under Penev's management at the European championship last June the team failed to get past the first round.</p>
<p>Last December Stoichkov pulled out of a World Cup qualifier away to Cyprus because of injury.</p>
<p>New coach Hristo Bonev said he had not spoken to Stoichkov but had sent him a telegram to his Barcelona team.</p>
<p>&quot;I know Hristo's good character and that is why I think that he will come,&quot; Bonev told reporters.</p>
<p>So far in the European qualifying group five, Bulgaria have lost to Israel and beaten Luxembourg and Cyprus.</p>
<p>Squad - Zdravko Zdravkov, Dimitar Popov, Trifon Ivanov, Ivailo Yordanov, Georgi Ginchev, Zlatko Yankov, Krasimir Balakov, Emil Kostadinov, Daniel Borimirov, Hristo Stoichkov, Georgi Donkov, Ilian Iliev, Kostadin Vidolov, Radostin Kishishev, Anatoli Nankov, Georgi Bachev, Ivailo Petkov, Georgi Ivanov, Georgi Antonov, Ivailo Andonov, Dobromir Mitov, Milen Petkov.</p>
</text>
<copyright>(c) Reuters Limited 1997</copyright>
<metadata>
<codes class="bip:countries:1.0">
  <code code="BUL">
    <editdetail attribution="Reuters BIP Coding Group" action="confirmed" date="1997-03-19"/>
  </code>
  <code code="CYPR">
    <editdetail attribution="Reuters BIP Coding Group" action="confirmed" date="1997-03-19"/>
  </code>
</codes>
<codes class="bip:topics:1.0">
  <code code="GCAT">
    <editdetail attribution="Reuters BIP Coding Group" action="confirmed" date="1997-03-19"/>
  </code>
  <code code="GSPO">
    <editdetail attribution="Reuters BIP Coding Group" action="confirmed" date="1997-03-19"/>
  </code>
</codes>
<dc element="dc.date.created" value="1997-03-19"/>
<dc element="dc.publisher" value="Reuters Holdings Plc"/>
<dc element="dc.date.published" value="1997-03-19"/>
<dc element="dc.source" value="Reuters"/>
<dc element="dc.creator.location" value="SOFIA"/>
<dc element="dc.creator.location.country.name" value="BULGARIA"/>
<dc element="dc.source" value="Reuters"/>
</metadata>
</newsitem>
