<?xml version="1.0" encoding="iso-8859-1" ?>
<newsitem itemid="452225" id="root" date="1997-03-19" xml:lang="en">
<title>UK: BRITISH POLICE TO QUESTION SOCCER STAR GASCOIGNE.</title>
<headline>BRITISH POLICE TO QUESTION SOCCER STAR GASCOIGNE.</headline>
<dateline>LONDON 1997-03-18</dateline>
<text>
<p>England soccer player Paul Gascoigne will be questioned about an alleged assault on a young woman, British police said on Tuesday.</p>
<p>&quot;Police have received an allegation of common assault on a young woman on 12 March at 7.30 in the evening,&quot; said a police spokeswoman.</p>
<p>&quot;There have been no arrests at this stage and inquiries are continuing.&quot;</p>
<p>Newspaper reports alleged the England and Glasgow Rangers midfielder, known as &quot;Gazza&quot; to his fans, slapped the unidentified 27-year-old woman in the face as he leaned out of a car window during a night out with friends.</p>
</text>
<copyright>(c) Reuters Limited 1997</copyright>
<metadata>
<codes class="bip:countries:1.0">
  <code code="UK">
    <editdetail attribution="Reuters BIP Coding Group" action="confirmed" date="1997-03-19"/>
  </code>
</codes>
<codes class="bip:topics:1.0">
  <code code="GCAT">
    <editdetail attribution="Reuters BIP Coding Group" action="confirmed" date="1997-03-19"/>
  </code>
  <code code="GSPO">
    <editdetail attribution="Reuters BIP Coding Group" action="confirmed" date="1997-03-19"/>
  </code>
</codes>
<dc element="dc.date.created" value="1997-03-18"/>
<dc element="dc.publisher" value="Reuters Holdings Plc"/>
<dc element="dc.date.published" value="1997-03-19"/>
<dc element="dc.source" value="Reuters"/>
<dc element="dc.creator.location" value="LONDON"/>
<dc element="dc.creator.location.country.name" value="UK"/>
<dc element="dc.source" value="Reuters"/>
</metadata>
</newsitem>
