<?xml version="1.0" encoding="iso-8859-1" ?>
<newsitem itemid="452236" id="root" date="1997-03-19" xml:lang="en">
<title>USA: NHL-LEMIEUX, FORSBERG LEAD AVALANCHE PAST CANUCKS.</title>
<headline>NHL-LEMIEUX, FORSBERG LEAD AVALANCHE PAST CANUCKS.</headline>
<dateline>DENVER 1997-03-19</dateline>
<text>
<p>Pesky centre Claude Lemieux and red-hot Peter Forsberg led the Colorado Avalanche past the Vancouver Canucks on Tuesday, a day when most of the NHL action took place off the ice.</p>
<p>There were 18 trades involving 35 players before Tuesday's NHL trading deadline passed, but the defending Stanley Cup champion Avalanche made no moves and demonstrated why with their league-leading 44th victory.</p>
<p>Lemieux scored twice and Forsberg had a goal and two assists as Colorado doubled up the Canucks 4-2 to improve to 5-0 against Vancouver this season. Colorado has won the five meetings between the two clubs by a combined score of 28-7.</p>
<p>Stephane Yelle also scored for the Avalanche and Patrick Roy made 21 saves for his 35th victory, tying him with Buffalo's Dominik Hasek for the league lead.</p>
<p>&quot;We played a great game tonight,&quot; said Lemieux, who scored a powerplay goal for a 3-1 lead in the second period and restored the two-goal advantage with his 11th of the season with just over five minutes left in the game.</p>
<p>Gino Odjick and Mike Ridley tallied for Vancouver, which dropped to 1-6-2 in its last nine games and remained six points out of the final playoff spot in the West.</p>
<p>Forsberg opened the scoring when he intercepted Bret Hedican's poor clearing pass and poked his own rebound past Corey Hirsch 2:48 into the game. The slick Swede, who assisted on both of Lemieux's goals, has eight goals and nine assists over the last nine games.</p>
<p>In Pittsburgh, Greg Johnson scored twice, including the go-ahead goal 90 seconds into the third period, as the undermanned Penguins beat the Buffalo Sabres 5-3.</p>
<p>Kevin Hatcher added a goal and an assist for the Penguins, who played without injured superstars Mario Lemieux and Jaromir Jagr.</p>
<p>Pittsburgh acquired forwards Roman Oksiuta, Ed Olczyk and Josef Beranek in separate deals before the trade deadline, but none arrived in time for the game.</p>
<p>&quot;We were pretty shorthanded ... but everyone chipped in tonight and did a nice job for 60 minutes,&quot; said Pittsburgh coach Craig Patrick.</p>
<p>Patrick Lalime replaced an injured Ken Wregget in the Pittsburgh net to start the third period and ended a personal six-game losing streak.</p>
<p>Mike Peca, Michal Grosek and Matthew Barnaby scored for Buffalo, which rested All-Star goalie Dominik Hasek and lost for just the third time in 21 games.</p>
</text>
<copyright>(c) Reuters Limited 1997</copyright>
<metadata>
<codes class="bip:countries:1.0">
  <code code="CANA">
    <editdetail attribution="Reuters BIP Coding Group" action="confirmed" date="1997-03-19"/>
  </code>
  <code code="USA">
    <editdetail attribution="Reuters BIP Coding Group" action="confirmed" date="1997-03-19"/>
  </code>
</codes>
<codes class="bip:topics:1.0">
  <code code="GCAT">
    <editdetail attribution="Reuters BIP Coding Group" action="confirmed" date="1997-03-19"/>
  </code>
  <code code="GSPO">
    <editdetail attribution="Reuters BIP Coding Group" action="confirmed" date="1997-03-19"/>
  </code>
</codes>
<dc element="dc.date.created" value="1997-03-19"/>
<dc element="dc.publisher" value="Reuters Holdings Plc"/>
<dc element="dc.date.published" value="1997-03-19"/>
<dc element="dc.source" value="Reuters"/>
<dc element="dc.creator.location" value="DENVER"/>
<dc element="dc.creator.location.country.name" value="USA"/>
<dc element="dc.source" value="Reuters"/>
</metadata>
</newsitem>
