<?xml version="1.0" encoding="iso-8859-1" ?>
<newsitem itemid="452263" id="root" date="1997-03-19" xml:lang="en">
<title>ITALY: SOCCER-INTER'S MORATTI SAYS NO SIMONI DEAL.</title>
<headline>SOCCER-INTER'S MORATTI SAYS NO SIMONI DEAL.</headline>
<dateline>ROME 1997-03-19</dateline>
<text>
<p>Internazionale president Massimo Moratti denied media speculation that he intends to hire the current Napoli coach Luigi Simoni as a replacement for Englishman Roy Hodgson.</p>
<p>The speculation reached crescendo proportions on Tuesday evening following confirmation from Simoni that he will be leaving Napoli at the end of the season.</p>
<p>With Hodgson due to leave Inter for English premiership side Blackburn Rovers in June, some observers interpreted Simoni's forthcoming resignation as confirmation that he would be moving to Inter.</p>
<p>Speaking at the San Siro stadium after watching Inter qualify for the semifinals of the UEFA Cup by eliminating Belgian side Anderlecht on Tuesday, Moratti said: &quot;The fact that Simoni has no contract with Napoli (for next season) doesn't mean that he has one with Inter.&quot;</p>
<p>Simoni has figured prominently in a long-running game of managerial musical chairs among serie A clubs this season, a game sparked off by the decisions of Swede Sven Eriksson to leave Sampdoria for Lazio and of Hodgson to move to Blackburn.</p>
<p>Simoni told reporters on Tuesday that the sticking point between him and Napoli had been his request for a renewed two-year contract.</p>
<p>Media reports said Simoni might settle for a one-year contract with Inter worth an annual $760,000 dollars as opposed to the $530,000 on offer from Napoli.</p>
<p>Simoni's prospects of landing the prestigious Inter job were further improved this week by the announcement that Atalanta coach Emilio Mondonico had signed a new three-year contract with the Bergamo club.</p>
<p>Mondonico, along with Simoni, had been shortlisted for the Inter job.</p>
</text>
<copyright>(c) Reuters Limited 1997</copyright>
<metadata>
<codes class="bip:countries:1.0">
  <code code="ITALY">
    <editdetail attribution="Reuters BIP Coding Group" action="confirmed" date="1997-03-19"/>
  </code>
  <code code="UK">
    <editdetail attribution="Reuters BIP Coding Group" action="confirmed" date="1997-03-19"/>
  </code>
</codes>
<codes class="bip:topics:1.0">
  <code code="GCAT">
    <editdetail attribution="Reuters BIP Coding Group" action="confirmed" date="1997-03-19"/>
  </code>
  <code code="GSPO">
    <editdetail attribution="Reuters BIP Coding Group" action="confirmed" date="1997-03-19"/>
  </code>
</codes>
<dc element="dc.date.created" value="1997-03-19"/>
<dc element="dc.publisher" value="Reuters Holdings Plc"/>
<dc element="dc.date.published" value="1997-03-19"/>
<dc element="dc.source" value="Reuters"/>
<dc element="dc.creator.location" value="ROME"/>
<dc element="dc.creator.location.country.name" value="ITALY"/>
<dc element="dc.source" value="Reuters"/>
</metadata>
</newsitem>
