<?xml version="1.0" encoding="iso-8859-1" ?>
<newsitem itemid="452283" id="root" date="1997-03-19" xml:lang="en">
<title>SOUTH AFRICA: U.N. CHIEF ARRIVES IN S.AFRICA ON AFRICAN TOUR.</title>
<headline>U.N. CHIEF ARRIVES IN S.AFRICA ON AFRICAN TOUR.</headline>
<byline>Brendan Boyle</byline>
<dateline>CAPE TOWN 1997-03-19</dateline>
<text>
<p>U.N. Secretary General Kofi Annan began his first official visit to Africa on Wednesday promising to participate personally in the search for peace in Zaire and to help put Angola's peace process back on track.</p>
<p>Annan arrived in Cape Town on a scheduled flight from the United States and is due to meet President Nelson Mandela, who recently launched a personal initiative to bring Zaire's warring sides together.</p>
<p>In remarks on his arrival in South Africa Annan said he hoped an African leaders' summit, which began in Nairobi on Wednesday, could decide the future of the peace process.</p>
<p>He added, however, that he would personally attend a further summit in Lome on March 26.</p>
<p>&quot;I expect to join heads of state in Lome to assist in the search for peace in Zaire,&quot; he said.</p>
<p>He said both Zaire's government and rebels led by Laurent Kabila had accepted a five-point peace plan with reservations, but added that he expected the plan to form the basis of a settlement.</p>
<p>Annan, a native of Ghana, said he was told when he boarded the aircraft in Miami that a hitch had arisen in the formation next week of an Angolan government of national unity.</p>
<p>The U.N. chief said he would go to Angola after South Africa to see for himself progress in a two-year-old peace between the government and former rebel UNITA who fought a bloody 19-year civil war until 1994 when they signed a peace agreement.</p>
<p>Angola hosts the U.N.'s largest peacekeeping mission of around 7,000 members.</p>
<p>&quot;I hope it will be possible that a national unity government will be formed during my visit to Angola. The people of Angola deserve it, they are tired of war and their leaders have to have the courage to give them peace,&quot; he said.</p>
<p>He said he was also concerned with the deteriorating situation in Israel and urged both sides &quot;to avoid any initiative that would impede the peace process.&quot;</p>
<p>&quot;The region has been in conflict for many, many years. We would want to see the peace process succeed. I hope that this major difficulty can be managed in a manner that it will not block the peace process and that we will soon be able to move on,&quot; he said.</p>
</text>
<copyright>(c) Reuters Limited 1997</copyright>
<metadata>
<codes class="bip:countries:1.0">
  <code code="ANGOL">
    <editdetail attribution="Reuters BIP Coding Group" action="confirmed" date="1997-03-19"/>
  </code>
  <code code="SAFR">
    <editdetail attribution="Reuters BIP Coding Group" action="confirmed" date="1997-03-19"/>
  </code>
  <code code="UN">
    <editdetail attribution="Reuters BIP Coding Group" action="confirmed" date="1997-03-19"/>
  </code>
  <code code="ZAIRE">
    <editdetail attribution="Reuters BIP Coding Group" action="confirmed" date="1997-03-19"/>
  </code>
</codes>
<codes class="bip:topics:1.0">
  <code code="GCAT">
    <editdetail attribution="Reuters BIP Coding Group" action="confirmed" date="1997-03-19"/>
  </code>
  <code code="GDIP">
    <editdetail attribution="Reuters BIP Coding Group" action="confirmed" date="1997-03-19"/>
  </code>
  <code code="GVIO">
    <editdetail attribution="Reuters BIP Coding Group" action="confirmed" date="1997-03-19"/>
  </code>
</codes>
<dc element="dc.date.created" value="1997-03-19"/>
<dc element="dc.publisher" value="Reuters Holdings Plc"/>
<dc element="dc.date.published" value="1997-03-19"/>
<dc element="dc.source" value="Reuters"/>
<dc element="dc.creator.location" value="CAPE TOWN"/>
<dc element="dc.creator.location.country.name" value="SOUTH AFRICA"/>
<dc element="dc.source" value="Reuters"/>
</metadata>
</newsitem>
