<?xml version="1.0" encoding="iso-8859-1" ?>
<newsitem itemid="452265" id="root" date="1997-03-19" xml:lang="en">
<title>REPUBLIC OF IRELAND: SOCCER-MCGRATH IN IRELAND SQUAD FOR CUP QUALIFIER.</title>
<headline>SOCCER-MCGRATH IN IRELAND SQUAD FOR CUP QUALIFIER.</headline>
<dateline>DUBLIN 1997-03-19</dateline>
<text>
<p>Veteran Derby defender Paul McGrath was named in Ireland's 20-man squad on Wednesday for next month's World Cup qualifier against Macedonia in Skopje.</p>
<p>McGrath, 37, won a record 83rd cap for Ireland in a friendly against Wales in February.</p>
<p>Manager Mick McCarthy also included striker Stephen Geoghegan of Ireland premier division side Shelbourne in the squad for the group eight match on April 2.</p>
<p>Squad: Goalkeepers - Alan Kelly, Shay Given.</p>
<p>Defenders - Ken Cunningham, Jeff Kenna, Terry Phelan, Denis Irwin, Paul McGrath, Gary Breen, Ian Harte.</p>
<p>Midfielders - Stephen Staunton, Jason McAteer, Ray Houghton, Roy Keane, Andy Townsend, Alan McLoughlin.</p>
<p>Strikers - David Kelly, Jon Goodman, Tony Cascarino, Alan Moore, Stephen Geoghegan.</p>
</text>
<copyright>(c) Reuters Limited 1997</copyright>
<metadata>
<codes class="bip:countries:1.0">
  <code code="IRE">
    <editdetail attribution="Reuters BIP Coding Group" action="confirmed" date="1997-03-19"/>
  </code>
  <code code="MCDNIA">
    <editdetail attribution="Reuters BIP Coding Group" action="confirmed" date="1997-03-19"/>
  </code>
</codes>
<codes class="bip:topics:1.0">
  <code code="GCAT">
    <editdetail attribution="Reuters BIP Coding Group" action="confirmed" date="1997-03-19"/>
  </code>
  <code code="GSPO">
    <editdetail attribution="Reuters BIP Coding Group" action="confirmed" date="1997-03-19"/>
  </code>
</codes>
<dc element="dc.date.created" value="1997-03-19"/>
<dc element="dc.publisher" value="Reuters Holdings Plc"/>
<dc element="dc.date.published" value="1997-03-19"/>
<dc element="dc.source" value="Reuters"/>
<dc element="dc.creator.location" value="DUBLIN"/>
<dc element="dc.creator.location.country.name" value="REPUBLIC OF IRELAND"/>
<dc element="dc.source" value="Reuters"/>
</metadata>
</newsitem>
