<?xml version="1.0" encoding="iso-8859-1" ?>
<newsitem itemid="452299" id="root" date="1997-03-19" xml:lang="en">
<title>ESTONIA: NOON RADIO HEADLINES - MARCH 19.</title>
<headline>NOON RADIO HEADLINES - MARCH 19.</headline>
<dateline>TALLINN 1997-03-19</dateline>
<text>
<p>These were the headlines on Estonian Kuku radio at noon. Reuters has not verified these reports and does not vouch for their accuracy:</p>
<p>- Preliminary economic indicators from the finance ministry show the total economic growth in 1996 was stable and proceded as predicted.</p>
<p>- Lithuanian bank Litimpex is holding talks with Estonia's Hoiupank. Hoiupank is seeking a controlling stake in Lithuanian bank. </p>
<p>- World leading pharmaceuticials producer Bristol Meyer Squibb is opening a warehouse in Tallinn on Thursday. This will be the first and only such warehouse in the Baltic states. </p>
<p>-- Tallinn newsroom +372 630 8400 reuters@reuters.ee</p>
</text>
<copyright>(c) Reuters Limited 1997</copyright>
<metadata>
<codes class="bip:countries:1.0">
  <code code="ESTNIA">
    <editdetail attribution="Reuters BIP Coding Group" action="confirmed" date="1997-03-19"/>
  </code>
</codes>
<codes class="bip:topics:1.0">
  <code code="GCAT">
    <editdetail attribution="Reuters BIP Coding Group" action="confirmed" date="1997-03-19"/>
  </code>
</codes>
<dc element="dc.date.created" value="1997-03-19"/>
<dc element="dc.publisher" value="Reuters Holdings Plc"/>
<dc element="dc.date.published" value="1997-03-19"/>
<dc element="dc.source" value="Reuters"/>
<dc element="dc.creator.location" value="TALLINN"/>
<dc element="dc.creator.location.country.name" value="ESTONIA"/>
<dc element="dc.source" value="Reuters"/>
</metadata>
</newsitem>
