<?xml version="1.0" encoding="iso-8859-1" ?>
<newsitem itemid="452244" id="root" date="1997-03-19" xml:lang="en">
<title>SWITZERLAND: FIGURE SKATING-WOTZEL AND STEUER TRIUMPH AT LAST.</title>
<headline>FIGURE SKATING-WOTZEL AND STEUER TRIUMPH AT LAST.</headline>
<byline>Brian Creighton</byline>
<dateline>LAUSANNE, Switzerland 1997-03-19</dateline>
<text>
<p>German Mandy Woetzel could not land her problem jump, a double axel, but she and Ingo Steuer still won their first world pairs figure skating title on Wednesday.</p>
<p>The Germans, European champions in 1995, had called recently on the services of a psychologist to help them with the aftermath of their failed love affair - and to help Woetzel with the axel.</p>
<p>The doctor was partly successful and their wonderful artistry made up for Woetzel's missed axel as they dethroned Russians Marina Eltsova and Andrei Bushkov.</p>
<p>The Russian couple, who added the European title in January, lost their chance of keeping this crown when Bushkov fell on their opening jump, a triple toe loop.</p>
<p>Former World, Olympic and European champion Artur Dmitriev doubled out of an intended triple toe loop for the second night in succession but he and new partner Oksana Kazakova still advanced three places to take the bronze medals.</p>
<p>They won the European title last year but were not eligible for this year's event after finishing fourth in the Russian national championships.</p>
<p>They earned their place here by defeating Eltsova and Bushkov in the Champions Series final early this month.</p>
<p>The ruggedly artistic Dmitriev, now 29, probably missed the triple toe loop more in two nights here than in all his years at the top with Natalia Mishkutienok during the early 1990s.</p>
<p>Americans Kyoko Ina and Jason Dungjen took fourth place ahead of team mates Jenni Meno and Todd Sand, whom they displaced as U.S. champions last month.</p>
<p>Young Russians Elena Berezhnaia and Anton Sikharulidze, third overnight, had a disastrous finale. He fell on their first two jumps, she fell on the next two throw jumps and they plunged six places to finish ninth.</p>
</text>
<copyright>(c) Reuters Limited 1997</copyright>
<metadata>
<codes class="bip:countries:1.0">
  <code code="GFR">
    <editdetail attribution="Reuters BIP Coding Group" action="confirmed" date="1997-03-19"/>
  </code>
  <code code="SWITZ">
    <editdetail attribution="Reuters BIP Coding Group" action="confirmed" date="1997-03-19"/>
  </code>
</codes>
<codes class="bip:topics:1.0">
  <code code="GCAT">
    <editdetail attribution="Reuters BIP Coding Group" action="confirmed" date="1997-03-19"/>
  </code>
  <code code="GSPO">
    <editdetail attribution="Reuters BIP Coding Group" action="confirmed" date="1997-03-19"/>
  </code>
</codes>
<dc element="dc.date.created" value="1997-03-19"/>
<dc element="dc.publisher" value="Reuters Holdings Plc"/>
<dc element="dc.date.published" value="1997-03-19"/>
<dc element="dc.source" value="Reuters"/>
<dc element="dc.creator.location" value="LAUSANNE, Switzerland"/>
<dc element="dc.creator.location.country.name" value="SWITZERLAND"/>
<dc element="dc.source" value="Reuters"/>
</metadata>
</newsitem>
