<?xml version="1.0" encoding="iso-8859-1" ?>
<newsitem itemid="452297" id="root" date="1997-03-19" xml:lang="en">
<title>LATVIA: LATVIA-NOON RADIO HEADLINES FOR MARCH 19.</title>
<headline>LATVIA-NOON RADIO HEADLINES FOR MARCH 19.</headline>
<dateline>RIGA 1997-03-19</dateline>
<text>
<p>Here are the main headlines reported on Latvia's state radio in the early afternon on Wednesday. Reuters has not verified these stories and does not vouch for their accuracy.</p>
<p>- Russia and Latvia have prepared a border agreement text in which Latvia gives up its claim for the formerly Latvian territory of Abrene.</p>
<p>- PM Andris Shkele says much has been done by way of improving bilateral Russian Latvian relations.</p>
<p>- Strategic investors of Latvian Gas from both Germany and Russia will meet in Riga next week to finalize the text of the agreement. The signing of share purchase agreement itself is scheduled for April 2.</p>
<p>-- Riga Newsroom +371 721 5240</p>
</text>
<copyright>(c) Reuters Limited 1997</copyright>
<metadata>
<codes class="bip:countries:1.0">
  <code code="LATV">
    <editdetail attribution="Reuters BIP Coding Group" action="confirmed" date="1997-03-19"/>
  </code>
</codes>
<codes class="bip:topics:1.0">
  <code code="GCAT">
    <editdetail attribution="Reuters BIP Coding Group" action="confirmed" date="1997-03-19"/>
  </code>
</codes>
<dc element="dc.date.created" value="1997-03-19"/>
<dc element="dc.publisher" value="Reuters Holdings Plc"/>
<dc element="dc.date.published" value="1997-03-19"/>
<dc element="dc.source" value="Reuters"/>
<dc element="dc.creator.location" value="RIGA"/>
<dc element="dc.creator.location.country.name" value="LATVIA"/>
<dc element="dc.source" value="Reuters"/>
</metadata>
</newsitem>
