<?xml version="1.0" encoding="iso-8859-1" ?>
<newsitem itemid="452252" id="root" date="1997-03-19" xml:lang="en">
<title>PORTUGAL: SOCCER-PORTO V MANCHESTER UNITED TEAMS.</title>
<headline>SOCCER-PORTO V MANCHESTER UNITED TEAMS.</headline>
<dateline>OPORTO, Portugal 1997-03-19</dateline>
<text>
<p>Teams for Wednesday's European Cup quarter-final second leg match between Portugal's Porto and Manchester United of England:</p>
<p>Porto: 1-Andrezej Wosniak; 2-Joao Pinto, 19-Joao Manuel Pinto, 22-Jorge Costa, 3-Rui Jorge, 20-Paulinho Santos, 17-Jose Barroso, 5-Fernando Mendes, 21-Edmilson Pimenta, 11-Ljubimko Drulovic, 16-Mario Jardel.</p>
<p>Manchester United: 1-Peter Schmeichel; 2-Gary Neville, 4-David May, 6-Gary Pallister, 3-Denis Irwin, 5-Ronny Johnsen, 10-David Beckham, 16-Roy Keane, 8-Nicky Butt, 7-Eric Cantona, 20-Ole Gunnar Solskjaer.</p>
</text>
<copyright>(c) Reuters Limited 1997</copyright>
<metadata>
<codes class="bip:countries:1.0">
  <code code="PORL">
    <editdetail attribution="Reuters BIP Coding Group" action="confirmed" date="1997-03-19"/>
  </code>
  <code code="UK">
    <editdetail attribution="Reuters BIP Coding Group" action="confirmed" date="1997-03-19"/>
  </code>
</codes>
<codes class="bip:topics:1.0">
  <code code="GCAT">
    <editdetail attribution="Reuters BIP Coding Group" action="confirmed" date="1997-03-19"/>
  </code>
  <code code="GSPO">
    <editdetail attribution="Reuters BIP Coding Group" action="confirmed" date="1997-03-19"/>
  </code>
</codes>
<dc element="dc.date.created" value="1997-03-19"/>
<dc element="dc.publisher" value="Reuters Holdings Plc"/>
<dc element="dc.date.published" value="1997-03-19"/>
<dc element="dc.source" value="Reuters"/>
<dc element="dc.creator.location" value="OPORTO, Portugal"/>
<dc element="dc.creator.location.country.name" value="PORTUGAL"/>
<dc element="dc.source" value="Reuters"/>
</metadata>
</newsitem>
