<?xml version="1.0" encoding="iso-8859-1" ?>
<newsitem itemid="452271" id="root" date="1997-03-19" xml:lang="en">
<title>BELGIUM: ATHLETICS, DOPING-BELGIAN HURDLER FAILS DRUG TEST.</title>
<headline>ATHLETICS, DOPING-BELGIAN HURDLER FAILS DRUG TEST.</headline>
<dateline>BRUSSELS 1997-03-19</dateline>
<text>
<p>Belgian hurdler Jonathan Nsenga has been suspended for three months after testing positive for the banned stimulant ephedrine at this month's world indoor athletics championships in Paris, the Belgian athletics federation said on Wednesday.</p>
<p>A spokeswoman said that Nsenga, who finished sixth in the 60 metres hurdles final, would not ask for a second test as that would only delay the suspension.</p>
<p>She said Nsenga had been careless by taking Chinese herbs which contained ephedrine.</p>
<p>&quot;There are extenuating circumstances...It was not indicated that the herbs contained ephedrine,&quot; she said.</p>
<p>The Belgian union itself had asked for Nsenga to be tested after he broke the national 60 metres hurdles record twice in Paris.</p>
<p>-- Bert Lauwers, Brussels Newsroom +32 2 287 6815, Fax +32 2 230 7710</p>
</text>
<copyright>(c) Reuters Limited 1997</copyright>
<metadata>
<codes class="bip:countries:1.0">
  <code code="BELG">
    <editdetail attribution="Reuters BIP Coding Group" action="confirmed" date="1997-03-19"/>
  </code>
  <code code="FRA">
    <editdetail attribution="Reuters BIP Coding Group" action="confirmed" date="1997-03-19"/>
  </code>
</codes>
<codes class="bip:topics:1.0">
  <code code="GCAT">
    <editdetail attribution="Reuters BIP Coding Group" action="confirmed" date="1997-03-19"/>
  </code>
  <code code="GSPO">
    <editdetail attribution="Reuters BIP Coding Group" action="confirmed" date="1997-03-19"/>
  </code>
</codes>
<dc element="dc.date.created" value="1997-03-19"/>
<dc element="dc.publisher" value="Reuters Holdings Plc"/>
<dc element="dc.date.published" value="1997-03-19"/>
<dc element="dc.source" value="Reuters"/>
<dc element="dc.creator.location" value="BRUSSELS"/>
<dc element="dc.creator.location.country.name" value="BELGIUM"/>
<dc element="dc.source" value="Reuters"/>
</metadata>
</newsitem>
