<?xml version="1.0" encoding="iso-8859-1" ?>
<newsitem itemid="452266" id="root" date="1997-03-19" xml:lang="en">
<title>GREECE: SOCCER-PSG FACE TEST OF NERVE IN ATHENS.</title>
<headline>SOCCER-PSG FACE TEST OF NERVE IN ATHENS.</headline>
<byline>Costas Paris</byline>
<dateline>ATHENS 1997-03-19</dateline>
<text>
<p>Holders Paris St Germain will have to shake off the dismal form that has characterised much of their season when they face a confident AEK Athens in the Cup Winners' Cup on Thursday.</p>
<p>The Greeks, looking for a place in a European semifinal for the first time in 20 years, managed an impressive 0-0 draw in the first leg of the quarter-final in Paris two weeks ago and have few worries ahead of the return tie.</p>
<p>&quot;We have a big chance to make Europe talk about us,&quot; coach Petros Ravousis said. &quot;The climate in the team is very good and we have no injuries. PSG remains a big club but we proved in France that we can advance.&quot;</p>
<p>AEK will play with three strikers in a bid to score an early goal.</p>
<p>Demis Nikolaidis, who tops the Greek first division scorers' table with 18 goals will team up with Christos Costis, who has scored 14 goals this season, and Daniel Batista from the Ivory Coast.</p>
<p>&quot;We want an early goal but we must watch PSG's counter-attacks,&quot; an AEK official said.</p>
<p>The Athens club are also expected to field Georgian midfielder Timour Ketspagia, who may play in England next season, and Yugoslav playmaker Toni Savevski.</p>
<p>PSG, beaten 1-0 by Le Havre in a French league match last Friday, held one of their most intense training sessions of the season on Tuesday, concentrating on set pieces.</p>
<p>&quot;AEK pack the centre of their defence. We must take advantage of the spaces to counter-attack and develop our moves along the flanks,&quot; PSG's Brazilian captain Rai said.</p>
<p>Central defender Bruno N'Gotty was nursing a slight thigh strain but looks fit to play.</p>
<p>PSG's Brazilian manager Ricardo has decided against starting with either of his second strikers Julio Cesar, Dely Valdes and Cyrille Pouget, preferring to field fellow Brazilian Leonardo up front as a left wing with Patrice Loko leading the attack.</p>
<p>Injured defenders Didier Domi and Alain Roche were not in the 18-man squad but French international midfielder Vincent Guerin is back in favour after having been dropped for the last two matches.</p>
<p>&quot;If we lose this match we may have developments (in PSG). If we win we will just think of the semifinal,&quot; said Ricardo. He did not elaborate.</p>
<p>Teams (probable):</p>
<p>AEK - Ilias Atmatsidis, Stephanos Borbokis, Michalis Kasapis, Stelios Manolas, Michalis Vlachos, Triantafilos Maheridis, Timour Ketspagia, Toni Savevski, Daniel Batista, Christos Costis, Demis Nikolaidis</p>
<p>PSG - Bernard Lama, Laurent Fournier, Bruno N'Gotty, Paul le Guen, Daniel Kenedy, Leroy Jerome, Vincent Guerin, Rai, Benoit Cauet, Patrice Loko, Leonardo</p>
</text>
<copyright>(c) Reuters Limited 1997</copyright>
<metadata>
<codes class="bip:countries:1.0">
  <code code="FRA">
    <editdetail attribution="Reuters BIP Coding Group" action="confirmed" date="1997-03-19"/>
  </code>
  <code code="GREECE">
    <editdetail attribution="Reuters BIP Coding Group" action="confirmed" date="1997-03-19"/>
  </code>
</codes>
<codes class="bip:topics:1.0">
  <code code="GCAT">
    <editdetail attribution="Reuters BIP Coding Group" action="confirmed" date="1997-03-19"/>
  </code>
  <code code="GSPO">
    <editdetail attribution="Reuters BIP Coding Group" action="confirmed" date="1997-03-19"/>
  </code>
</codes>
<dc element="dc.date.created" value="1997-03-19"/>
<dc element="dc.publisher" value="Reuters Holdings Plc"/>
<dc element="dc.date.published" value="1997-03-19"/>
<dc element="dc.source" value="Reuters"/>
<dc element="dc.creator.location" value="ATHENS"/>
<dc element="dc.creator.location.country.name" value="GREECE"/>
<dc element="dc.source" value="Reuters"/>
</metadata>
</newsitem>
