<?xml version="1.0" encoding="iso-8859-1" ?>
<newsitem itemid="452249" id="root" date="1997-03-19" xml:lang="en">
<title>SWITZERLAND: FIGURE SKATING-GERMANS WIN WORLD PAIRS TITLE.</title>
<headline>FIGURE SKATING-GERMANS WIN WORLD PAIRS TITLE.</headline>
<dateline>LAUSANNE, Switzerland 1997-03-19</dateline>
<text>
<p>Germans Mandy Woetzel and Ingo Steuer won the gold medals in the pairs event at the world figure skating championships on Wednesday.</p>
<p>Defending champions Marina Eltsova and Andrei Bushkov of Russia won the silver medals and Russians Oksana Kazakova and Artur Dmitriev took bronze.</p>
</text>
<copyright>(c) Reuters Limited 1997</copyright>
<metadata>
<codes class="bip:countries:1.0">
  <code code="GFR">
    <editdetail attribution="Reuters BIP Coding Group" action="confirmed" date="1997-03-19"/>
  </code>
  <code code="RUSS">
    <editdetail attribution="Reuters BIP Coding Group" action="confirmed" date="1997-03-19"/>
  </code>
  <code code="SWITZ">
    <editdetail attribution="Reuters BIP Coding Group" action="confirmed" date="1997-03-19"/>
  </code>
</codes>
<codes class="bip:topics:1.0">
  <code code="GCAT">
    <editdetail attribution="Reuters BIP Coding Group" action="confirmed" date="1997-03-19"/>
  </code>
  <code code="GSPO">
    <editdetail attribution="Reuters BIP Coding Group" action="confirmed" date="1997-03-19"/>
  </code>
</codes>
<dc element="dc.date.created" value="1997-03-19"/>
<dc element="dc.publisher" value="Reuters Holdings Plc"/>
<dc element="dc.date.published" value="1997-03-19"/>
<dc element="dc.source" value="Reuters"/>
<dc element="dc.creator.location" value="LAUSANNE, Switzerland"/>
<dc element="dc.creator.location.country.name" value="SWITZERLAND"/>
<dc element="dc.source" value="Reuters"/>
</metadata>
</newsitem>
