<?xml version="1.0" encoding="iso-8859-1" ?>
<newsitem itemid="452246" id="root" date="1997-03-19" xml:lang="en">
<title>PORTUGAL: SOCCER-DISCIPLINED UNITED MAKE NO MISTAKES ON WAY TO SEMIFINALS.</title>
<headline>SOCCER-DISCIPLINED UNITED MAKE NO MISTAKES ON WAY TO SEMIFINALS.</headline>
<dateline>OPORTO, Portugal 1997-03-19</dateline>
<text>
<p>Manchester United reached the semi-finals of the European Cup beating Porto 4-0 on aggregate on Wednesday in the quarter-final.</p>
<p>The second leg in Porto ended in a 0-0 draw after United had crushed the Portuguese champions by four clear goals at Old Trafford two weeks ago.</p>
<p>Porto, making good their promise not to do down without a fight after their dismal performance in the first leg pushed forward from the whistle and had three clear chances in the opening minutes.</p>
<p>Lanky Brazilian striker Mario Jardel sent a diving header wide after just four minutes and should have done better a few minutes later when he was robbed right in front of the goal by by a firm tackle from United central defender David May.</p>
<p>Fellow Brazilian Edmilson Pimenta went close a couple of times in the second half but the United defence, with Gary Pallister outstanding, held firm.</p>
<p>United, in the semifinals of the European Cup for the first time since 1969 also became the first English side to reach the last four of Europe's top club competition in 12 years.</p>
</text>
<copyright>(c) Reuters Limited 1997</copyright>
<metadata>
<codes class="bip:countries:1.0">
  <code code="PORL">
    <editdetail attribution="Reuters BIP Coding Group" action="confirmed" date="1997-03-19"/>
  </code>
  <code code="UK">
    <editdetail attribution="Reuters BIP Coding Group" action="confirmed" date="1997-03-19"/>
  </code>
</codes>
<codes class="bip:topics:1.0">
  <code code="GCAT">
    <editdetail attribution="Reuters BIP Coding Group" action="confirmed" date="1997-03-19"/>
  </code>
  <code code="GSPO">
    <editdetail attribution="Reuters BIP Coding Group" action="confirmed" date="1997-03-19"/>
  </code>
</codes>
<dc element="dc.date.created" value="1997-03-19"/>
<dc element="dc.publisher" value="Reuters Holdings Plc"/>
<dc element="dc.date.published" value="1997-03-19"/>
<dc element="dc.source" value="Reuters"/>
<dc element="dc.creator.location" value="OPORTO, Portugal"/>
<dc element="dc.creator.location.country.name" value="PORTUGAL"/>
<dc element="dc.source" value="Reuters"/>
</metadata>
</newsitem>
