<?xml version="1.0" encoding="iso-8859-1" ?>
<newsitem itemid="452228" id="root" date="1997-03-19" xml:lang="en">
<title>ROMANIA: SOCCER-RAPID TRAINER SACKED OVER POOR RESULTS.</title>
<headline>SOCCER-RAPID TRAINER SACKED OVER POOR RESULTS.</headline>
<dateline>BUCHAREST 1997-03-19</dateline>
<text>
<p>Romanian first division side Rapid sacked trainer Ion Dumitru on Wednesday following a string of poor results and replaced him with former Rapid defender Forin Marin.</p>
<p>&quot;Rapid invested a lot of money to bring in good players during the winter break, but the team's results have been far from expectations,&quot; club president Grigore Sichitiu said.</p>
<p>The Bucharest-based team are currently seventh in the first division standings.</p>
<p>Florin Marin previously trained first division Ceahlaul Piatra Neamt.</p>
</text>
<copyright>(c) Reuters Limited 1997</copyright>
<metadata>
<codes class="bip:countries:1.0">
  <code code="ROM">
    <editdetail attribution="Reuters BIP Coding Group" action="confirmed" date="1997-03-19"/>
  </code>
</codes>
<codes class="bip:topics:1.0">
  <code code="GCAT">
    <editdetail attribution="Reuters BIP Coding Group" action="confirmed" date="1997-03-19"/>
  </code>
  <code code="GSPO">
    <editdetail attribution="Reuters BIP Coding Group" action="confirmed" date="1997-03-19"/>
  </code>
</codes>
<dc element="dc.date.created" value="1997-03-19"/>
<dc element="dc.publisher" value="Reuters Holdings Plc"/>
<dc element="dc.date.published" value="1997-03-19"/>
<dc element="dc.source" value="Reuters"/>
<dc element="dc.creator.location" value="BUCHAREST"/>
<dc element="dc.creator.location.country.name" value="ROMANIA"/>
<dc element="dc.source" value="Reuters"/>
</metadata>
</newsitem>
