<?xml version="1.0" encoding="iso-8859-1" ?>
<newsitem itemid="452232" id="root" date="1997-03-19" xml:lang="en">
<title>USA: GOLF-PALMER RETURNS AT BAY HILL INVITATIONAL.</title>
<headline>GOLF-PALMER RETURNS AT BAY HILL INVITATIONAL.</headline>
<dateline>ORLANDO, Florida 1997-03-19</dateline>
<text>
<p>Just nine weeks after undergoing surgery for prostate cancer, Arnold Palmer makes his return to competitive golf when the $1.5 million Bay Hill Classic begins on Thursday at the Palmer-owned Bay Hill Club.</p>
<p>The 67-year-old Palmer has been one of the most recognisable athletes in sports over the last four decades, winning four Masters, two British Opens and one U.S. Open in his legendary career.</p>
<p>He ranks fourth on the all-time PGA Tour victory list with 60 titles and also has won 10 Senior Tournaments.</p>
<p>With the return of Palmer, the focus shifts from Tiger Woods, who has won three times in 12 PGA Tour events. Woods played in this event in 1994 as an 18-year-old amateur, shooting 80 and 77 in the first two rounds.</p>
<p>The field, which includes 38 of the top 50 players in the current world rankings, includes defending champion Paul Goydos, who recorded his first and only PGA Tour victory last year.</p>
<p>The field also features Stuart Appleby of Australia, who captured his first career victory in last week's $1.5 million Honda Classic.</p>
<p>First prize is $270,000.</p>
</text>
<copyright>(c) Reuters Limited 1997</copyright>
<metadata>
<codes class="bip:countries:1.0">
  <code code="USA">
    <editdetail attribution="Reuters BIP Coding Group" action="confirmed" date="1997-03-19"/>
  </code>
</codes>
<codes class="bip:topics:1.0">
  <code code="GCAT">
    <editdetail attribution="Reuters BIP Coding Group" action="confirmed" date="1997-03-19"/>
  </code>
  <code code="GSPO">
    <editdetail attribution="Reuters BIP Coding Group" action="confirmed" date="1997-03-19"/>
  </code>
</codes>
<dc element="dc.date.created" value="1997-03-19"/>
<dc element="dc.publisher" value="Reuters Holdings Plc"/>
<dc element="dc.date.published" value="1997-03-19"/>
<dc element="dc.source" value="Reuters"/>
<dc element="dc.creator.location" value="ORLANDO, Florida"/>
<dc element="dc.creator.location.country.name" value="USA"/>
<dc element="dc.source" value="Reuters"/>
</metadata>
</newsitem>
