<?xml version="1.0" encoding="iso-8859-1" ?>
<newsitem itemid="452277" id="root" date="1997-03-19" xml:lang="en">
<title>SOUTH AFRICA: ENERGY AFRICA WINS IVORY COAST OIL PERMIT.</title>
<headline>ENERGY AFRICA WINS IVORY COAST OIL PERMIT.</headline>
<dateline>JOHANNESBURG 1997-03-19</dateline>
<text>
<p>South Africa-based Energy Africa Ltd announced on Wednesday that it had acquired an exploration permit in Ivory Coast.</p>
<p>It said that a joint venture group it was part of had signed a production sharing agreement with the Ivory Coast government covering offshore oil field Block C1-102.</p>
<p>The agreement was effective March 13.</p>
<p>Ranger Oil Ltd will act as operator for the joint venture group which also includes Gulf Canada Resources subsidiary Clyde Expro Plc, Gentry Resources Ltd , TC Petroleum Inc and Petroci.</p>
<p>Energy Africa, Ranger Oil and Clyde hold the largest stakes in the joint venture of 24 percent each.</p>
<p>Block C1-102 lies immediately south of Abidjan in water depth generally lower than 200 metres and the block encompassess 793 square km, Energy Africa said.</p>
<p>The field lies between the Espoir field to the west and the Belier oil field to the east.</p>
<p>&quot;This acquisition is the result of several months of looking at opportunities in Cote d'Ivoire and provides Energy Africa with access to a country with excellent exploration potential,&quot; said Energy Africa managing director John Bentley.</p>
<p>-- Johannesburg newsroom +27 11 482-1003</p>
</text>
<copyright>(c) Reuters Limited 1997</copyright>
<metadata>
<codes class="bip:countries:1.0">
  <code code="CANA">
    <editdetail attribution="Reuters BIP Coding Group" action="confirmed" date="1997-03-19"/>
  </code>
  <code code="ICST">
    <editdetail attribution="Reuters BIP Coding Group" action="confirmed" date="1997-03-19"/>
  </code>
  <code code="SAFR">
    <editdetail attribution="Reuters BIP Coding Group" action="confirmed" date="1997-03-19"/>
  </code>
  <code code="UK">
    <editdetail attribution="Reuters BIP Coding Group" action="confirmed" date="1997-03-19"/>
  </code>
</codes>
<codes class="bip:industries:1.0">
  <code code="I13000">
    <editdetail attribution="Reuters BIP Coding Group" action="confirmed" date="1997-03-19"/>
  </code>
  <code code="I1300003">
    <editdetail attribution="Reuters BIP Coding Group" action="confirmed" date="1997-03-19"/>
  </code>
</codes>
<codes class="bip:topics:1.0">
  <code code="C11">
    <editdetail attribution="Reuters BIP Coding Group" action="confirmed" date="1997-03-19"/>
  </code>
  <code code="C13">
    <editdetail attribution="Reuters BIP Coding Group" action="confirmed" date="1997-03-19"/>
  </code>
  <code code="C24">
    <editdetail attribution="Reuters BIP Coding Group" action="confirmed" date="1997-03-19"/>
  </code>
  <code code="CCAT">
    <editdetail attribution="Reuters BIP Coding Group" action="confirmed" date="1997-03-19"/>
  </code>
</codes>
<dc element="dc.date.created" value="1997-03-19"/>
<dc element="dc.publisher" value="Reuters Holdings Plc"/>
<dc element="dc.date.published" value="1997-03-19"/>
<dc element="dc.source" value="Reuters"/>
<dc element="dc.creator.location" value="JOHANNESBURG"/>
<dc element="dc.creator.location.country.name" value="SOUTH AFRICA"/>
<dc element="dc.source" value="Reuters"/>
</metadata>
</newsitem>
