<?xml version="1.0" encoding="iso-8859-1" ?>
<newsitem itemid="452255" id="root" date="1997-03-19" xml:lang="en">
<title>SWITZERLAND: FIGURE SKATING-SKATERS FACE QUADRUPLE DILEMMA.</title>
<headline>FIGURE SKATING-SKATERS FACE QUADRUPLE DILEMMA.</headline>
<byline>Steve Keating</byline>
<dateline>LAUSANNE, Switzerland 1997-03-19</dateline>
<text>
<p>The world figure skating championships were a quad-free zone during the men's short programme on Wednesday.</p>
<p>But Thursday's free skate is expected to be littered with quadruple jumps with as many as 10 skaters attempting one.</p>
<p>At last year's championships in Edmonton, Alberta, Canadian Elvis Stojko was the only skater to include a quadruple jump in his repertoire.</p>
<p>But on Thursday the Malley Arena will see a deluge of attempts at a manoeuvre that just 12 months ago was considered an unnecessary risk but is now seen as almost essential to those harbouring serious gold medal aspirations.</p>
<p>All three Russians including gold medal contenders Alexei Urmanov, the Olympic champion, and Ilya Kulik, American Michael Weiss and Stojko have quads scheduled while five others have indicated they will attempt the jump.</p>
<p>&quot;We have almost forced people into this,&quot; said Stojko's coach Dough Leigh. &quot;We've raised the risk factor.</p>
<p>&quot;We'll see who survives the test - whether it's now or whether it's next year in Nagano. We're on new turf now.</p>
<p>&quot;It used to be, 'don't leave home without a triple Axel'. Now, it's 'if you want to be on the podium, having a quad is critical,'&quot; added Leigh.</p>
<p>It was Stojko who again raised the stakes two weeks ago when he became the first skater to land a quadruple-triple jump combination in competition on his way to winning the Champions Series final in Hamilton, Ontario.</p>
<p>Now, the intriguing question being posed is whether you need a quad to land on top of the podium.</p>
<p>A growing number believe it must be part of the modern skater's arsenal but others, such as defending champion Todd Eldredge of the United States who has not attempted the jump in competition, are not convinced.</p>
<p>&quot;I guess a lot of it will depend on what the other guys do,&quot; said Eldredge, second behind Urmanov and ahead of Kulik after the short programme. &quot;I don't know whether I'll need one or not.</p>
<p>&quot;I just want to skate as well tomorrow for two minutes more and do a lot more triples.&quot;</p>
<p>Fourth after the short, Stojko believes his ace-in-the-hole will be his quad combination.</p>
<p>But the muscular Canadian is more than aware it will take something more than seven aerial spins in two seconds to reclaim the title he won in 1994 and 1995.</p>
<p>&quot;There's a whole programme involved,&quot; said Stojko. &quot;But it's a great asset.</p>
<p>&quot;If you do a clean performance with a quad I think you'll be up there. A quad is part of the full package now.&quot;</p>
</text>
<copyright>(c) Reuters Limited 1997</copyright>
<metadata>
<codes class="bip:countries:1.0">
  <code code="CANA">
    <editdetail attribution="Reuters BIP Coding Group" action="confirmed" date="1997-03-19"/>
  </code>
  <code code="SWITZ">
    <editdetail attribution="Reuters BIP Coding Group" action="confirmed" date="1997-03-19"/>
  </code>
</codes>
<codes class="bip:topics:1.0">
  <code code="GCAT">
    <editdetail attribution="Reuters BIP Coding Group" action="confirmed" date="1997-03-19"/>
  </code>
  <code code="GSPO">
    <editdetail attribution="Reuters BIP Coding Group" action="confirmed" date="1997-03-19"/>
  </code>
</codes>
<dc element="dc.date.created" value="1997-03-19"/>
<dc element="dc.publisher" value="Reuters Holdings Plc"/>
<dc element="dc.date.published" value="1997-03-19"/>
<dc element="dc.source" value="Reuters"/>
<dc element="dc.creator.location" value="LAUSANNE, Switzerland"/>
<dc element="dc.creator.location.country.name" value="SWITZERLAND"/>
<dc element="dc.source" value="Reuters"/>
</metadata>
</newsitem>
