<?xml version="1.0" encoding="iso-8859-1" ?>
<newsitem itemid="452250" id="root" date="1997-03-19" xml:lang="en">
<title>ITALY: SOCCER-JUVENTUS 1 ROSENBORG 0 - LATEST.</title>
<headline>SOCCER-JUVENTUS 1 ROSENBORG 0 - LATEST.</headline>
<dateline>TURIN, Italy 1997-03-19</dateline>
<text>
<p>Juventus of Italy led Rosenborg of Norway 1-0 in a European Cup quarter-final second leg on Wednesday.</p>
<p>Scorer: Zinedine Zidane 29</p>
<p>Aggregate score: Juventus lead 2-1</p>
</text>
<copyright>(c) Reuters Limited 1997</copyright>
<metadata>
<codes class="bip:countries:1.0">
  <code code="ITALY">
    <editdetail attribution="Reuters BIP Coding Group" action="confirmed" date="1997-03-19"/>
  </code>
  <code code="NORW">
    <editdetail attribution="Reuters BIP Coding Group" action="confirmed" date="1997-03-19"/>
  </code>
</codes>
<codes class="bip:topics:1.0">
  <code code="GCAT">
    <editdetail attribution="Reuters BIP Coding Group" action="confirmed" date="1997-03-19"/>
  </code>
  <code code="GSPO">
    <editdetail attribution="Reuters BIP Coding Group" action="confirmed" date="1997-03-19"/>
  </code>
</codes>
<dc element="dc.date.created" value="1997-03-19"/>
<dc element="dc.publisher" value="Reuters Holdings Plc"/>
<dc element="dc.date.published" value="1997-03-19"/>
<dc element="dc.source" value="Reuters"/>
<dc element="dc.creator.location" value="TURIN, Italy"/>
<dc element="dc.creator.location.country.name" value="ITALY"/>
<dc element="dc.source" value="Reuters"/>
</metadata>
</newsitem>
