<?xml version="1.0" encoding="iso-8859-1" ?>
<newsitem itemid="452216" id="root" date="1997-03-19" xml:lang="en">
<title>JAPAN: CURLING-PLAY-BY-PLAY COMMENTARY TESTED FOR OLYMPICS.</title>
<headline>CURLING-PLAY-BY-PLAY COMMENTARY TESTED FOR OLYMPICS.</headline>
<dateline>NAGANO, Japan 1997-03-19</dateline>
<text>
<p>Curling spectators at next year's Nagano Olympics will get a play-by-play commentary on radio earphones if a trial run at the world junior championships proves successful, Olympic organisers said on Wednesday.</p>
<p>In a first for the sport, two curling experts will provide in-house commentary in Japanese at the junior worlds, which begin on Saturday in Karuizawa, 90 kms south-east of Nagano.</p>
<p>&quot;If it works well, then we'd like to include it in the Olympics,&quot; said chief organiser Makoto Kobayashi.</p>
<p>With up to five matches held simultaneously, public announcements are restricted at major events to avoid disturbing the competitors.</p>
<p>But the long silent matches, which can last up to three hours, can prove tedious.</p>
<p>The tiny radios will cost spectators 500 yen (about $5).</p>
<p>&quot;With a lot of other sports, you get an immediate impact of what's going on, whereas in curling it's not as easy to understand,&quot; said Kobayashi.</p>
</text>
<copyright>(c) Reuters Limited 1997</copyright>
<metadata>
<codes class="bip:countries:1.0">
  <code code="JAP">
    <editdetail attribution="Reuters BIP Coding Group" action="confirmed" date="1997-03-19"/>
  </code>
</codes>
<codes class="bip:topics:1.0">
  <code code="GCAT">
    <editdetail attribution="Reuters BIP Coding Group" action="confirmed" date="1997-03-19"/>
  </code>
  <code code="GSPO">
    <editdetail attribution="Reuters BIP Coding Group" action="confirmed" date="1997-03-19"/>
  </code>
</codes>
<dc element="dc.date.created" value="1997-03-19"/>
<dc element="dc.publisher" value="Reuters Holdings Plc"/>
<dc element="dc.date.published" value="1997-03-19"/>
<dc element="dc.source" value="Reuters"/>
<dc element="dc.creator.location" value="NAGANO, Japan"/>
<dc element="dc.creator.location.country.name" value="JAPAN"/>
<dc element="dc.source" value="Reuters"/>
</metadata>
</newsitem>
