<?xml version="1.0" encoding="iso-8859-1" ?>
<newsitem itemid="452270" id="root" date="1997-03-19" xml:lang="en">
<title>ITALY: SOCCER-MILAN TO SEEK STOCK FLOTATION.</title>
<headline>SOCCER-MILAN TO SEEK STOCK FLOTATION.</headline>
<dateline>MILAN 1997-03-19</dateline>
<text>
<p>Italian champions AC Milan are planning a stock flotation in 1999 by which time they hope money will be flowing into club coffers from pay-per-view television, an Italian newspaper reported on Wednesday.</p>
<p>&quot;Investors don't look at the past but at the future, at your chances of increasing revenues,&quot; Milan's vice-president Adriano Galliani told Milan newspaper Corriere della Sera in an interview.</p>
<p>The club, which is being advised by investment bankers Rothschilds and by Lehman Brothers, was aiming for a listing on the London stock exchange, the newspaper reported.</p>
<p>Galliani said AC Milan was attracted to London because it was the stock exchange with most experience of handling soccer club flotations.</p>
<p>A number of British clubs, among them Manchester United and Tottenham Hotspur, have been listed on the London market in recent years.</p>
<p>Manchester United was the British club which could be most closely compared to Milan, Galliani said.</p>
<p>The Manchester club, which like Milan has an international following, joined the stock market more than five years ago and is now valued at more than 400 million pounds.</p>
<p>Galliani said Milan's annual turnover was 130 billion lire ($77.2 million), higher than Manchester United, whose sales he estimated at 120 billion ($71.3 million) a year.</p>
<p>A number of Italian clubs, including Lazio and Juventus, are considering flotations. The London market is an attractive option because of perceived less arduous listing requirements.</p>
<p>The Milan Stock Exchange requires a new company to show profits for three consecutive years before listing, but most top Italian soccer clubs have been run at a loss in recent years.</p>
<p>Milan is counting on an increase in income from pay-per-view television which is expected to take off when a new contract regulating television rights comes into force in July 1999.</p>
</text>
<copyright>(c) Reuters Limited 1997</copyright>
<metadata>
<codes class="bip:countries:1.0">
  <code code="ITALY">
    <editdetail attribution="Reuters BIP Coding Group" action="confirmed" date="1997-03-19"/>
  </code>
  <code code="UK">
    <editdetail attribution="Reuters BIP Coding Group" action="confirmed" date="1997-03-19"/>
  </code>
</codes>
<codes class="bip:topics:1.0">
  <code code="GCAT">
    <editdetail attribution="Reuters BIP Coding Group" action="confirmed" date="1997-03-19"/>
  </code>
  <code code="GSPO">
    <editdetail attribution="Reuters BIP Coding Group" action="confirmed" date="1997-03-19"/>
  </code>
</codes>
<dc element="dc.date.created" value="1997-03-19"/>
<dc element="dc.publisher" value="Reuters Holdings Plc"/>
<dc element="dc.date.published" value="1997-03-19"/>
<dc element="dc.source" value="Reuters"/>
<dc element="dc.creator.location" value="MILAN"/>
<dc element="dc.creator.location.country.name" value="ITALY"/>
<dc element="dc.source" value="Reuters"/>
</metadata>
</newsitem>
