<?xml version="1.0" encoding="iso-8859-1" ?>
<newsitem itemid="452260" id="root" date="1997-03-19" xml:lang="en">
<title>SWITZERLAND: FIGURE SKATING-WORLD CHAMPIONSHIP RESULTS.</title>
<headline>FIGURE SKATING-WORLD CHAMPIONSHIP RESULTS.</headline>
<dateline>LAUSANNE, Switzerland 1997-03-19</dateline>
<text>
<p>Results at the</p>
<p>world figure skating championships on Wednesday:</p>
<p>Men's short programme:</p>
<p>  1. Alexei Urmanov (Russia)     0.5 factored placements</p>
<p>  2. Todd Eldredge U.S.)		     1.0</p>
<p>  3. Ilya Kulik (Russia)		     1.5</p>
<p>  4. Elvis Stojko (Canada)		   2.0</p>
<p>  5. Alexei Yagudin (Russia)		 2.5</p>
<p>  6. Viacheslav Zagorodniuk (Ukraine)    3.0</p>
<p>  7. Takeshi Honda (Japan)		   3.5</p>
<p>  8. Michael Shmerkin (Israel)	     4.0</p>
<p>  9. Michael Weiss (U.S.)		    4.5</p>
<p> 10. Andrei Vlascenko (Germany)	    5.0</p>
<p> 11. Jeff Langdon (Canada)		   5.5</p>
<p> 12. Igor Pashkevich (Azerbaijan)	  6.0</p>
<p> 13. Eric Millot (France)		    6.5</p>
<p> 14. Konstantin Kostin (Latvia)	    7.0</p>
<p> 15. Szabolcs Vidrai (Hungary)	     7.5</p>
<p> 16. Roman Skorniakov (Uzbekistan)	 8.0</p>
<p> 17. Steven Cousins (Britain)		8.5</p>
<p> 18. Cornel Gheorghe (Romania)	     9.0</p>
<p> 19. Michael Tyllesen (Denmark)	    9.5</p>
<p> 20. Laurent Tobel (France)		 10.0</p>
<p> 21. Michael Hopfes (Germany)	     10.5</p>
<p> 22. Ivan Dinev (Bulgaria)		  11.0</p>
<p> 23. Anthony Lui (Australia)		11.5</p>
<p> 24. Guo Zhengxin (China)		   12.0</p>
<p> 25. Markus Leminen (Finland)	     12.5</p>
<p> 26. Patrick Meier (Switzerland)	  13.0</p>
<p> 27. Gilberto Viadana (Italy)	     13.5</p>
<p> 28. Lee Kyu-hyun (South Korea)	   14.0</p>
<p> 29. Robert Grzegorczyk (Poland)	  14.5</p>
<p> 30. Patrick Schmit (Luxembourg)	  15.0</p>
<p> 31. Vakhtang Murvanidze (Georgia)	15.5</p>
<p>(End men's results)</p>
<p>Pairs final result:</p>
<p>1. Mandy Woetzel/Ingo Steuer (Germany) 1.5 factored placements</p>
<p>2. Marina Eltsova/Andrei Bushkov (Russia) 3.0</p>
<p>3. Oksana Kazakova/Artur Dmitriev (Russia) 6.0</p>
<p>4. Kyoko Ina/Jason Dungjen (U.S.) 6.5</p>
<p>5. Jenni Meno/Todd Sand (U.S.) 7.0</p>
<p>6. Kristy Sargeant/Kris Wirtz (Canada) 10.0</p>
<p>7. Sarah Abitbol/Stephane Bernadis (France) 10.5</p>
<p>8. Dorota Zagorska/Mariusz Siudek (Poland) 13.5</p>
<p>9. Elena Berezhnaia/Anton Sikharulidze (Russia) 13.5</p>
<p>10. Peggy Schwarz/Mirko Mueller (Germany) 14.5</p>
<p>11. Shen Xue/Zhao Hongbo (China) 16.0</p>
<p>12. Mariana Khalturina/Andrei Kroukov (Kazakhstan) 16.0</p>
<p>13. Silvia Dimitrova/Rico Rex (Germany) 19.0</p>
<p>14. Marie-Claude Savard-Gagnon/Luc Bradet (Canada) 21.5</p>
<p>15. Stephanie Stiegler/John Zimmerman (U.S.) 21.5</p>
<p>16. Danielle McGrath/Stephen Carr (Australia) 24.0</p>
<p>17. Elaine Asanaki/Joel McKeever (Greece) 26.0</p>
<p>18. Elena Belousovskaya/Stanislav Morozov (Ukraine) 26.5</p>
<p>19. Svetlana Plachonina/Dmitri Kaplun (Belarus) 28.5</p>
<p>20. Jelena Sirokhvatova/Oleg Sliakov (Latvia) 30.0</p>
<p>21. Inga Rodionova/Alexander Anichenko (Armenia) 32.10</p>
<p>22. Mariya Krasiltseva/Alexander Chestnikh (Armenia) 34.0</p>
<p>23. Jekaterina Nekrassova/Valdis Mintals (Estonia) 34.5</p>
<p>Lesley Rogers/Michael Aldred (Britain) withdrew, injured.</p>
<p>Did not reach final: Elena Ershova/Evgeny Sviridov (Uzbekistan)</p>
</text>
<copyright>(c) Reuters Limited 1997</copyright>
<metadata>
<codes class="bip:countries:1.0">
  <code code="SWITZ">
    <editdetail attribution="Reuters BIP Coding Group" action="confirmed" date="1997-03-19"/>
  </code>
</codes>
<codes class="bip:topics:1.0">
  <code code="GCAT">
    <editdetail attribution="Reuters BIP Coding Group" action="confirmed" date="1997-03-19"/>
  </code>
  <code code="GSPO">
    <editdetail attribution="Reuters BIP Coding Group" action="confirmed" date="1997-03-19"/>
  </code>
</codes>
<dc element="dc.date.created" value="1997-03-19"/>
<dc element="dc.publisher" value="Reuters Holdings Plc"/>
<dc element="dc.date.published" value="1997-03-19"/>
<dc element="dc.source" value="Reuters"/>
<dc element="dc.creator.location" value="LAUSANNE, Switzerland"/>
<dc element="dc.creator.location.country.name" value="SWITZERLAND"/>
<dc element="dc.source" value="Reuters"/>
</metadata>
</newsitem>
