<?xml version="1.0" encoding="iso-8859-1" ?>
<newsitem itemid="452200" id="root" date="1997-03-19" xml:lang="en">
<title>FRANCE: SOCCER-RICKEN GOAL GIVES DORTMUND PLACE IN THE SEMIFINALS.</title>
<headline>SOCCER-RICKEN GOAL GIVES DORTMUND PLACE IN THE SEMIFINALS.</headline>
<dateline>AUXERRE, France 1997-03-19</dateline>
<text>
<p>A powerful 59th minute shot from midfielder Lars Ricken gave Borussia Dortmund a 1-0 win over Auxerre and a place in the semifinals of the European Cup on Wednesday.</p>
<p>Borussia, 3-1 up from the first leg of their quarter-final tie, resisted Auxerre pressure in the first half of the second leg on French soil before finding the opening.</p>
<p>Midfielder Ricken was set up by a pass from striker Stephane Chapuisat and seized his chance from 25 metres. His shot took a deflection off Auxerre midfielder Philippe Violeau's leg and left French keeper Lionel Charbonnier helpless.</p>
<p>Auxerre dominated play in the first half but failed to breach the visitors' tight defence.</p>
<p>Dortmund threatened once in the first 45 minutes, when Karlheinz Riedle saw a 22nd minute header saved by Charbonnier.</p>
<p>Dortmund, who now face Manchester United in the semifinals, will be without defender and captain Matthias Sammer in the first leg after he received his second yellow card of the competition.</p>
</text>
<copyright>(c) Reuters Limited 1997</copyright>
<metadata>
<codes class="bip:countries:1.0">
  <code code="FRA">
    <editdetail attribution="Reuters BIP Coding Group" action="confirmed" date="1997-03-19"/>
  </code>
  <code code="GFR">
    <editdetail attribution="Reuters BIP Coding Group" action="confirmed" date="1997-03-19"/>
  </code>
</codes>
<codes class="bip:topics:1.0">
  <code code="GCAT">
    <editdetail attribution="Reuters BIP Coding Group" action="confirmed" date="1997-03-19"/>
  </code>
  <code code="GSPO">
    <editdetail attribution="Reuters BIP Coding Group" action="confirmed" date="1997-03-19"/>
  </code>
</codes>
<dc element="dc.date.created" value="1997-03-19"/>
<dc element="dc.publisher" value="Reuters Holdings Plc"/>
<dc element="dc.date.published" value="1997-03-19"/>
<dc element="dc.source" value="Reuters"/>
<dc element="dc.creator.location" value="AUXERRE, France"/>
<dc element="dc.creator.location.country.name" value="FRANCE"/>
<dc element="dc.source" value="Reuters"/>
</metadata>
</newsitem>
