<?xml version="1.0" encoding="iso-8859-1" ?>
<newsitem itemid="452276" id="root" date="1997-03-19" xml:lang="en">
<title>SOUTH AFRICA: INDICATORS - SOUTH AFRICA - MARCH 19.</title>
<headline>INDICATORS - SOUTH AFRICA - MARCH 19.</headline>
<text>
<p>----INTEREST RATES----</p>
<p>(Closing rates)		  DATE     LATEST  PREV    4 WKS AGO</p>
<p>3 MONTH BA RATE		  18/03    15.90   15.90   15.80</p>
<p>RSA 12 PCT 2005		  18/03    15.14   15.05   14.72</p>
<p>ESKOM 11 PCT 2007/9	    18/03    15.37   15.31   14.97</p>
<p>3-MONTH T-BILL TENDER RATE   14/03    15.82   15.82   15.74</p>
<p>6-MONTH T-BILL TENDER RATE   14/03    15.08   15.10   14.98 </p>
<p>PRIME RATE			 21/11/96 20.25   01/10/96 19.25</p>
<p>BANK RATE			  21/11/96 17.00   26/04/96 16.00</p>
<p>TERM LENDING BASE RATE	 01/03/97 19.50   01/09/96 19.25</p>
<p>			   ------FORECASTS------</p>
<p>			  -Economic indicators-</p>
<p>DAY----GMT---INDICATOR---PERIOD--FORECAST----RANGE------PREVIOUS</p>
<p>No major economic indicators are scheduled for release this</p>
<p>week.</p>
<p>		- S.African company results consensus -</p>
<p>DAY--COMPANY------------PERIOD--CONSENSUS----RANGE---------PVS--</p>
<p>WED  JCI	H1 EPS    124.0	112-130	  85</p>
<p>WED  JCI	H1 DIV     29.6	 24-35	   24</p>
<p>			    -----MONTHLY DATA-----</p>
<p>			     MONTH    LATEST	  PREV    YEAR AGO</p>
<p>CONSUMER PRICES	  JAN	 9.4%	    9.4	 6.9</p>
<p>PRODUCER PRICES	  JAN	 9.2%	    8.8	 7.2    </p>
<p>MONEY SUPPLY M3	  DEC	13.62	   15.18     15.15</p>
<p>PRELIMINARY M3	   JAN	16.89%	  13.73     14.48</p>
<p>PRIVATE SECTOR CREDIT  JAN	17.07%	  16.09     17.83</p>
<p>GOLD OUTPUT (KG)	 FEB    38,926.8	38,388.5  42,794.4</p>
<p>NEW CAR SALES	    FEB    22,726	  19,831    19,677    </p>
<p>TRADE BALANCE (*)	JAN	 0.52 BLN	2.04     -0.94</p>
<p>EXPORTS		    JAN	11.25 BLN     10.49	7.39</p>
<p>IMPORTS		    JAN	10.73 BLN	8.46	8.33</p>
<p>TTL GOLD/FORGN ASSETS  FEB	12.49 BLN     11.76     14.72</p>
<p>GOLD HOLDINGS	    FEB	 5.31 BLN	5.53 BLN  6.63BLN</p>
<p>NET RESERVES CHANGE    JAN	 1.9  BLN     -0.75 BLN -0.49BLN</p>
<p>INDICES (1990 = 100):</p>
<p>BUSINESS CONFIDENCE    FEB     113.2	   112.3     118.9</p>
<p>MANUFACTURING SALES    DEC     103.7	   105.2     101.9</p>
<p>WHOLESALE TRADE SALES  NOV     103.8	   106.3     109.0</p>
<p>RETAIL TRADE SALES     NOV     110.1	   106.6     107.4</p>
<p>LEADING INDICATOR	OCT     108.5	   105.3     110.0</p>
<p>(*) Customs and Excise trade statistics include data from</p>
<p>Botswana, Lesotho, Namibia and Swaziland.</p>
<p>			   ----QUARTERLY DATA----</p>
<p>			    DATE	  LATEST	   PREV   YEAR AGO</p>
<p>GDP			 1996/Q4     +3.3%	    +3.2    +2.6</p>
<p>CURRENT ACCT BALANCE  1996/Q4     -0.05 BLN RAND -2.9    -1.6</p>
<p>CAPITAL MOVEMENTS     1996/Q4     +3.3 BLN RAND  -0.77   +6.0</p>
<p>CHANGE IN INVENTORIES (1990 PRICES)</p>
<p>			    1996	  +5.41 BLN RAND  --     +9.93</p>
<p>			    ----ANNUAL DATA----</p>
<p>				 1996	     1995    1994    1993</p>
<p>GDP			    +3.1%	    +3.4    +2.7    +1.3</p>
<p>CURRENT ACCOUNT BALANCE  -8.5 BLN RAND -10.16   -1.21   -6.05</p>
<p>CAPITAL MOVEMENTS	  +3.86BLN RAND +19.23   +4.33  -15.24</p>
<p>GDFI			  +10.4%	    +8.7%   -2.8    -5.3</p>
<p>	     ----GOVT MACRO-ECONOMIC PROJECTIONS (JUNE 1996)----</p>
<p>				    1996   1997   1998   1999   2000    </p>
<p>BUDGET DEFICIT (FISCAL YR)  5.1%   4.0    3.5    3.0    3.0</p>
<p>GDP GROWTH			3.5%   2.9    3.8    4.9    6.1</p>
<p>INFLATION (CPI)		 8.0%   9.7    8.1    7.7    7.6</p>
<p>NEW JOBS PER YEAR ('000)    126    252    246    320    409</p>
<p>			----LONG-TERM CREDIT RATINGS----</p>
<p>				     RAND-DEBT    FOREIGN CURRENCY</p>
<p>IBCA - updated 05-06-96	BBB	    BB</p>
<p>MOODY'S - updated 20-11-95   Baa1	   Baa3</p>
<p>S&amp;P - updated 10-10-96	 BBB+	   BB+</p>
<p>			   ----CROP ESTIMATES----</p>
<p>(MLN TONNES)</p>
<p>			    1996     1995     1994     1993</p>
<p>SUGAR		     2.27     1.67     1.67     1.2</p>
<p>WHEAT		     2.70     1.97     1.83     1.77</p>
<p>MAIZE		     9.48     4.41     11.94    8.9</p>
<p>+++++++++++++++++++++++++++++++++++++++++++++++++++++++++</p>
</text>
<copyright>(c) Reuters Limited 1997</copyright>
<metadata>
<codes class="bip:countries:1.0">
  <code code="SAFR">
    <editdetail attribution="Reuters BIP Coding Group" action="confirmed" date="1997-03-19"/>
  </code>
</codes>
<codes class="bip:topics:1.0">
  <code code="E71">
    <editdetail attribution="Reuters BIP Coding Group" action="confirmed" date="1997-03-19"/>
  </code>
  <code code="ECAT">
    <editdetail attribution="Reuters BIP Coding Group" action="confirmed" date="1997-03-19"/>
  </code>
</codes>
<dc element="dc.publisher" value="Reuters Holdings Plc"/>
<dc element="dc.date.published" value="1997-03-19"/>
<dc element="dc.source" value="Reuters"/>
<dc element="dc.creator.location.country.name" value="SOUTH AFRICA"/>
<dc element="dc.source" value="Reuters"/>
</metadata>
</newsitem>
