<?xml version="1.0" encoding="iso-8859-1" ?>
<newsitem itemid="452202" id="root" date="1997-03-19" xml:lang="en">
<title>USA: NFL AMERICAN FOOTBALL-PACKERS RE-SIGN WIDE RECEIVER BEEBE.</title>
<headline>NFL AMERICAN FOOTBALL-PACKERS RE-SIGN WIDE RECEIVER BEEBE.</headline>
<dateline>GREEN BAY, Wisconsin 1997-03-19</dateline>
<text>
<p>The Super Bowl champion Green Bay Packers held on to wide receiver Don Beebe, re-signing the valuable contributor on Wednesday.</p>
<p>Beebe, an unrestricted free agent, caught 39 passes for 699 yards and four touchdowns last season and filled in admirably as a starter for six mid-season games when injuries to Robert Brooks and Antonio Freeman depleted the club's receiving corps.</p>
<p>Terms of the deal were not disclosed.</p>
<p>The 32-year-old Beebe will enter his second year with Green Bay after six seasons with the Buffalo Bills and one with the Carolina Panthers. He has 217 career receptions for 3,388 yards and 23 touchdowns. In 14 career post-season games, Beebe has 35 catches for 466 yards and three touchdowns.</p>
<p>Beebe is the third of the 11 unrestricted free agents to re-sign with the Packers, joining defensive tackle Gilbert Brown and quarterback Doug Pederson. Receiver/kick returner Desmond Howard, the MVP of the Super Bowl, signed with the Oakland Raiders.</p>
<p>The Packers also signed offensive tackle Marcus Spears, a free agent who has spent the last three years with the Chicago Bears. He was a second-round draft choice of the Bears in 1994.</p>
</text>
<copyright>(c) Reuters Limited 1997</copyright>
<metadata>
<codes class="bip:countries:1.0">
  <code code="USA">
    <editdetail attribution="Reuters BIP Coding Group" action="confirmed" date="1997-03-19"/>
  </code>
</codes>
<codes class="bip:topics:1.0">
  <code code="GCAT">
    <editdetail attribution="Reuters BIP Coding Group" action="confirmed" date="1997-03-19"/>
  </code>
  <code code="GSPO">
    <editdetail attribution="Reuters BIP Coding Group" action="confirmed" date="1997-03-19"/>
  </code>
</codes>
<dc element="dc.date.created" value="1997-03-19"/>
<dc element="dc.publisher" value="Reuters Holdings Plc"/>
<dc element="dc.date.published" value="1997-03-19"/>
<dc element="dc.source" value="Reuters"/>
<dc element="dc.creator.location" value="GREEN BAY, Wisconsin"/>
<dc element="dc.creator.location.country.name" value="USA"/>
<dc element="dc.source" value="Reuters"/>
</metadata>
</newsitem>
