<?xml version="1.0" encoding="iso-8859-1" ?>
<newsitem itemid="452207" id="root" date="1997-03-19" xml:lang="en">
<title>ITALY: CYCLING-ITALY'S PETITO SAVOURS RARE VICTORY.</title>
<headline>CYCLING-ITALY'S PETITO SAVOURS RARE VICTORY.</headline>
<dateline>SAN BENEDETTO DEL TRONTO, Italy 1997-03-19</dateline>
<text>
<p>Italian Roberto Petito savoured a rare victory on Wednesday when he triumphed in the Tirreno-Adriatico cycle race without winning a single stage.</p>
<p>Petito, whose last win was in 1994, was crowned overall victor after the 159-km seventh and final stage from Grottamare to San Benedetto Del Tronto on the Adriatic coast.</p>
<p>His time of 28 hours 20 minutes 26 seconds put him nine seconds ahead of compatriot Gianluca Pianegonda with Swiss rider Beat Zberg third.</p>
<p>Petito, who had taken the overall lead after the second stage, lost it to Pianegonda, then regained it on Tuesday, attributed his success to new training methods.</p>
<p>&quot;Now that I have won this I hope things will change,&quot; Petito said. &quot;My dream remains to win a classic before my form evaporates.&quot;</p>
<p>Mario Traversoni led the pack across the line on the final stage with Italians taking the top four slots.</p>
</text>
<copyright>(c) Reuters Limited 1997</copyright>
<metadata>
<codes class="bip:countries:1.0">
  <code code="ITALY">
    <editdetail attribution="Reuters BIP Coding Group" action="confirmed" date="1997-03-19"/>
  </code>
</codes>
<codes class="bip:topics:1.0">
  <code code="GCAT">
    <editdetail attribution="Reuters BIP Coding Group" action="confirmed" date="1997-03-19"/>
  </code>
  <code code="GSPO">
    <editdetail attribution="Reuters BIP Coding Group" action="confirmed" date="1997-03-19"/>
  </code>
</codes>
<dc element="dc.date.created" value="1997-03-19"/>
<dc element="dc.publisher" value="Reuters Holdings Plc"/>
<dc element="dc.date.published" value="1997-03-19"/>
<dc element="dc.source" value="Reuters"/>
<dc element="dc.creator.location" value="SAN BENEDETTO DEL TRONTO, Italy"/>
<dc element="dc.creator.location.country.name" value="ITALY"/>
<dc element="dc.source" value="Reuters"/>
</metadata>
</newsitem>
