<?xml version="1.0" encoding="iso-8859-1" ?>
<newsitem itemid="452235" id="root" date="1997-03-19" xml:lang="en">
<title>USA: NBA-STANDINGS AFTER TUESDAY'S GAMES.</title>
<headline>NBA-STANDINGS AFTER TUESDAY'S GAMES.</headline>
<dateline>NEW YORK 1997-03-19</dateline>
<text>
<p>Standings of National</p>
<p>Basketball Association teams after games played on Tuesday</p>
<p>(tabulate under won, lost, winning percentage, games behind):</p>
<p>		EASTERN CONFERENCE</p>
<p>		ATLANTIC DIVISION</p>
<p>			W    L    PCT  GB</p>
<p> MIAMI	     48   17   .738   -</p>
<p> NEW YORK	  48   18   .727     1/2</p>
<p> ORLANDO	   36   29   .554  12</p>
<p> WASHINGTON	32   34   .485  16 1/2</p>
<p> NEW JERSEY	20   45   .308  28</p>
<p> PHILADELPHIA    17   48   .262  31</p>
<p> BOSTON	    13   54   .194  36</p>
<p>		CENTRAL DIVISION</p>
<p>			W    L    PCT  GB</p>
<p> X-CHICAGO	 57    9   .864   -</p>
<p> DETROIT	   47   18   .723   9 1/2</p>
<p> ATLANTA	   44   22   .667  13</p>
<p> CHARLOTTE	 42   24   .636  15</p>
<p> CLEVELAND	 35   29   .547  21</p>
<p> INDIANA	   31   34   .477  25 1/2</p>
<p> MILWAUKEE	 27   38   .415  29 1/2</p>
<p> TORONTO	   24   42   .364  33</p>
<p>		WESTERN CONFERENCE</p>
<p>		MIDWEST DIVISION</p>
<p>			W    L    PCT  GB</p>
<p> X-UTAH	    49   17   .742   -</p>
<p> X-HOUSTON	 44   22   .667   5</p>
<p> MINNESOTA	 32   33   .492  16 1/2</p>
<p> DALLAS	    22   43   .338  26 1/2</p>
<p> DENVER	    19   46   .292  29 1/2</p>
<p> SAN ANTONIO     16   49   .246  32 1/2</p>
<p> VANCOUVER	 11   57   .162  39</p>
<p>	     PACIFIC DIVISION</p>
<p>			W    L    PCT  GB</p>
<p> X-SEATTLE	 45   20   .692   -</p>
<p> X-LA LAKERS     44   21   .677   1</p>
<p> PORTLAND	  39   28   .582   7</p>
<p> LA CLIPPERS     28   36   .438  16 1/2</p>
<p> SACRAMENTO	28   38   .424  17 1/2</p>
<p> PHOENIX	   27   39   .409  18 1/2</p>
<p> GOLDEN STATE    25   40   .385  20</p>
<p>X - CLINCHED PLAYOFF BERTH</p>
<p>WEDNESDAY, MARCH 19 SCHEDULE</p>
<p>UTAH AT BOSTON  </p>
<p>CLEVELAND AT CHARLOTTE </p>
<p>TORONTO AT DETROIT</p>
<p>NEW YORK AT PHILADELPHIA</p>
<p> INDIANA AT ATLANTA	</p>
<p> GOLDEN STATE AT MIAMI   </p>
<p>VANCOUVER AT MINNESOTA  </p>
<p>SACRAMENTO AT LA CLIPPERS</p>
</text>
<copyright>(c) Reuters Limited 1997</copyright>
<metadata>
<codes class="bip:countries:1.0">
  <code code="USA">
    <editdetail attribution="Reuters BIP Coding Group" action="confirmed" date="1997-03-19"/>
  </code>
</codes>
<codes class="bip:topics:1.0">
  <code code="GCAT">
    <editdetail attribution="Reuters BIP Coding Group" action="confirmed" date="1997-03-19"/>
  </code>
  <code code="GSPO">
    <editdetail attribution="Reuters BIP Coding Group" action="confirmed" date="1997-03-19"/>
  </code>
</codes>
<dc element="dc.date.created" value="1997-03-19"/>
<dc element="dc.publisher" value="Reuters Holdings Plc"/>
<dc element="dc.date.published" value="1997-03-19"/>
<dc element="dc.source" value="Reuters"/>
<dc element="dc.creator.location" value="NEW YORK"/>
<dc element="dc.creator.location.country.name" value="USA"/>
<dc element="dc.source" value="Reuters"/>
</metadata>
</newsitem>
