<?xml version="1.0" encoding="iso-8859-1" ?>
<newsitem itemid="452284" id="root" date="1997-03-19" xml:lang="en">
<title>ZIMBABWE: ZIMBABWE MONEY RATES MIXED ON WEDNESDAY.</title>
<headline>ZIMBABWE MONEY RATES MIXED ON WEDNESDAY.</headline>
<dateline>HARARE 1997-03-19</dateline>
<text>
<p>Short-term trading rates on Zimbabwe's money market were quoted mixed on Wednesday, dealers said.</p>
<p>The central Reserve Bank auctioned treasury bills worth Z$500 million at 17.16 percent, from Tuesday's 17.24 percent, with discount houses selling the central bank paper at 17.10 percent on the secondary market, compared with 17.15 percent the previous day.</p>
<p>NCD bills with maturity of 30, 60 and 90 days were quoted at 18.50 and 17.75 percent (buying and selling respectively) from 18 and 17.50 percent.</p>
<p>Bankers acceptances were being bought half a percentage point firmer at 18 percent but were sold unchanged at 17.25 percent. Call money was also stable at 17.50 percent.</p>
<p>Central bank figures indicated a market shortage of Z$42.6 million for Tuesday from Monday's Z$138 million surplus.</p>
<p>-- Stella Mapenzauswa, Harare Newsroom: +263-4 72 52 28/9</p>
</text>
<copyright>(c) Reuters Limited 1997</copyright>
<metadata>
<codes class="bip:countries:1.0">
  <code code="ZIMBAB">
    <editdetail attribution="Reuters BIP Coding Group" action="confirmed" date="1997-03-19"/>
  </code>
</codes>
<codes class="bip:topics:1.0">
  <code code="M13">
    <editdetail attribution="Reuters BIP Coding Group" action="confirmed" date="1997-03-19"/>
  </code>
  <code code="M131">
    <editdetail attribution="Reuters BIP Coding Group" action="confirmed" date="1997-03-19"/>
  </code>
  <code code="MCAT">
    <editdetail attribution="Reuters BIP Coding Group" action="confirmed" date="1997-03-19"/>
  </code>
</codes>
<dc element="dc.date.created" value="1997-03-19"/>
<dc element="dc.publisher" value="Reuters Holdings Plc"/>
<dc element="dc.date.published" value="1997-03-19"/>
<dc element="dc.source" value="Reuters"/>
<dc element="dc.creator.location" value="HARARE"/>
<dc element="dc.creator.location.country.name" value="ZIMBABWE"/>
<dc element="dc.source" value="Reuters"/>
</metadata>
</newsitem>
