<?xml version="1.0" encoding="iso-8859-1" ?>
<newsitem itemid="452242" id="root" date="1997-03-19" xml:lang="en">
<title>PORTUGAL: SOCCER-UNITED FANS HURT IN TROUBLE AT PORTO CUP-TIE.</title>
<headline>SOCCER-UNITED FANS HURT IN TROUBLE AT PORTO CUP-TIE.</headline>
<byline>Richard Waddington</byline>
<dateline>OPORTO 1997-03-19</dateline>
<text>
<p>Portuguese riot police used batons and tear gas on Wednesday to drive back dozens of Manchester United fans who tried to break down exit doors at the stadium where their side drew 0-0 with Porto in a European Cup quarter-final.</p>
<p>The fans tried to leave the ground early after being told they would have to wait 45 minutes for the home fans to disperse.</p>
<p>The incident happened as the English champions clinched a semifinal place 4-0 on aggregate.</p>
<p>It was the second incident of the night involving United supporters.</p>
<p>Earlier, 20 United fans were hurt -- most of them with cuts and bruises after being hit by riot police -- and three more taken to hospital after a disturbance outside the Das Antas stadium.</p>
<p>A spokeswoman for the British consulate told BBC Radio Five Live that all the supporters involved were Manchester United fans.</p>
<p>&quot;They were stuck outside the ground and upset they could not get in after the match started,&quot; she said.</p>
<p>The problem appears to have arisen after they were found to have tickets reserved for areas where Porto fans were allocated.</p>
<p>&quot;We cannot confirm that there were any forged tickets,&quot; she said.</p>
<p>Approximately 10,000 fans had followed their team to Portugal for the match, with 6,400 on official trips.</p>
<p>It was reported that around 200 United fans were involved in the fracas before the game and were told they would not be allowed in as their tickets were forged.</p>
<p>However, room was later found for them inside the stadium.</p>
</text>
<copyright>(c) Reuters Limited 1997</copyright>
<metadata>
<codes class="bip:countries:1.0">
  <code code="PORL">
    <editdetail attribution="Reuters BIP Coding Group" action="confirmed" date="1997-03-19"/>
  </code>
  <code code="UK">
    <editdetail attribution="Reuters BIP Coding Group" action="confirmed" date="1997-03-19"/>
  </code>
</codes>
<codes class="bip:topics:1.0">
  <code code="GCAT">
    <editdetail attribution="Reuters BIP Coding Group" action="confirmed" date="1997-03-19"/>
  </code>
  <code code="GSPO">
    <editdetail attribution="Reuters BIP Coding Group" action="confirmed" date="1997-03-19"/>
  </code>
</codes>
<dc element="dc.date.created" value="1997-03-19"/>
<dc element="dc.publisher" value="Reuters Holdings Plc"/>
<dc element="dc.date.published" value="1997-03-19"/>
<dc element="dc.source" value="Reuters"/>
<dc element="dc.creator.location" value="OPORTO"/>
<dc element="dc.creator.location.country.name" value="PORTUGAL"/>
<dc element="dc.source" value="Reuters"/>
</metadata>
</newsitem>
