<?xml version="1.0" encoding="iso-8859-1" ?>
<newsitem itemid="452231" id="root" date="1997-03-19" xml:lang="en">
<title>JAPAN: MOTOR RACING-FORMER F1 DRIVERS TO RACE FOR NISSAN.</title>
<headline>MOTOR RACING-FORMER F1 DRIVERS TO RACE FOR NISSAN.</headline>
<byline>Mitsuo Suzuki</byline>
<dateline>TOKYO 1997-03-19</dateline>
<text>
<p>Six former Formula One drivers will drive Nissan Motor Co's new GT car in the Le Mans 24-hour sportscar race in France next June, the firm said on Wednesday.</p>
<p>The drivers are Riccard Patrese, Martin Brundle, Gianni Morbidelli, Aguri Suzuki, Eric van de Poele, and Erik Comas, Nissan said.</p>
<p>Other drivers for Nissan are Jorg Muller, now a test driver for the F1 racing team Arrows Grand Prix International; Kazuyoshi Hoshino, a racing driver dubbed the man fastest in Japan; and Masahiko Kageyama, the 1995 champion on Japanese GT car championship.</p>
<p>&quot;I am confident (Nissan can win at Le Mans). We developed our strongest racing vehicles and engines ever,&quot; Nissan president Yoshikazu Hanawa told Reuters.</p>
<p>&quot;If we win, it will help raise our car market share and boost the morale of our employees.&quot;</p>
<p>The new car, the Nissan R390 GT1, is a &quot;C&quot; category car powered by a Nissan-developed 3.5-litre twin-turbo V-8 engine and was jointly developed with the British Automotive engineering company Tom Walkinshaw Racing (TWR) group.</p>
<p>TWR, which runs the F1 racing team Arrows Grand Prix International, develops racing cars in collaboration with Volvo and Jaguar.</p>
<p>Nissan would start selling the sports car this autumn with a price tag of about 100 million yen ($813,000), Hanawa said. &quot;We have already received inquiries for the car,&quot; he said.</p>
<p>Three of the new cars would take part in the GT1 category of the Le Mans 24-hour endurance race, which begins on June 14, he said.</p>
<p>The car features a carbon-fibre monocoque body and a six-speed sequential gearbox. It will be equipped with an anti-lock brake system and transaction control system.</p>
<p>&quot;We achieved better results than expected on a shakedown test of the race car in Estril, Portugal, on March 13,&quot; said Yutaka Hagiwara, general manager of Nissan's motorsports planning and development centre. ($1=123 yen)</p>
</text>
<copyright>(c) Reuters Limited 1997</copyright>
<metadata>
<codes class="bip:countries:1.0">
  <code code="FRA">
    <editdetail attribution="Reuters BIP Coding Group" action="confirmed" date="1997-03-19"/>
  </code>
  <code code="JAP">
    <editdetail attribution="Reuters BIP Coding Group" action="confirmed" date="1997-03-19"/>
  </code>
</codes>
<codes class="bip:topics:1.0">
  <code code="GCAT">
    <editdetail attribution="Reuters BIP Coding Group" action="confirmed" date="1997-03-19"/>
  </code>
  <code code="GSPO">
    <editdetail attribution="Reuters BIP Coding Group" action="confirmed" date="1997-03-19"/>
  </code>
</codes>
<dc element="dc.date.created" value="1997-03-19"/>
<dc element="dc.publisher" value="Reuters Holdings Plc"/>
<dc element="dc.date.published" value="1997-03-19"/>
<dc element="dc.source" value="Reuters"/>
<dc element="dc.creator.location" value="TOKYO"/>
<dc element="dc.creator.location.country.name" value="JAPAN"/>
<dc element="dc.source" value="Reuters"/>
</metadata>
</newsitem>
