<?xml version="1.0" encoding="iso-8859-1" ?>
<newsitem itemid="452376" id="root" date="1997-03-19" xml:lang="en">
<title>UK: C&amp;W Global One talks highlight merger mania.</title>
<headline>C&amp;W Global One talks highlight merger mania.</headline>
<byline>Kirstin Ridley</byline>
<dateline>LONDON 1997-03-19</dateline>
<text>
<p>Talks about Britain's Cable and Wireless Plc joining a grand telecoms alliance spanning the United States, France and Germany highlights the urgency with which companies are jostling to plug gaps in their global reach.</p>
<p>France Telecom said on Wednesday it was in talks with the British group about C&amp;W joining Global One, one of three main world partnerships racing to offer lucrative communications services to multinational firms.</p>
<p>&quot;There are talks with Cable and Wireless and they centre on whether the company can become the British partner for Global One,&quot; chairman Michel Bon said.</p>
<p>The disclosure was spurred by a report that Britain's Cable and Wireless Plc was mulling a potential $15 billion bid for America's Sprint Corp that was quickly knocked down by Sprint and its partner France Telecom.</p>
<p>The Wall Street Journal reported that C&amp;W had held talks with France Telecom, which along with Deutsche Telekom AG owns 10 percent of Sprint, about supporting a bid.</p>
<p>Sprint noted that a hostile takeover by Cable and Wireless and France Telecom was impossible because of standstill agreements with its European partners under which their stakes in the U.S. group cannot be increased without its permission.</p>
<p>Analysts have been tipping a closer alliance between the two groups for months, although most believe a link-up will be sealed by Global One taking a stake in C&amp;W's cable venture, Cable and Wireless Communications.</p>
<p>U.S. telecoms giant AT &amp; T Corp has formed a loosely-knit alliance called Unisource/World Partners, and British Telecommunications Plc has formed Concert Plc with its U.S. partner MCI Communications Corp .</p>
<p>A record merger and acquisition boom has been predicted in the $800 billion world telecoms industry, spurred by tumbling trade barriers as the domestic revenues of telecoms firms are squeezed by increasingly tough competition.</p>
<p>Analysts predict that world trade liberalisation, spurred by international treaties, will lead to the formation of mega-carriers that will try to capture the entire traffic of multinational firms with offices in the U.S., Europe and the Far East.</p>
<p>A deal between Concert and Spain's Telefonica  to create a formidable telephone network spanning the Americas may be announced this week, industry sources said on Wednesday.</p>
<p>America and Britain, which have led the liberalisation of world telecom markets, are setting the pace for mergers.</p>
<p>In the last 12 months, mergers have run to tens of billions of dollars as carriers such as MFS WorldCom , BT and MCI, Bell Atlantic and NYNEX and SBC and Pacific Telesis announced merger plans.</p>
<p>But the big mergers are also starting to show the strain of coordinating global management.</p>
<p>Some analysts warn that although C&amp;W, with its attractive asset bases in Britain and Asia, is probably one of the most sought-after telecom partners, it is not a &quot;natural bedfellow&quot; with France Telecom.</p>
<p>&quot;Commercially speaking, there's a huge amount of tension within Global One,&quot; said Paul Staples, head of the telecoms team at merchant bank Schroders.</p>
<p>Staples thinks only the political will of the French and German governments is keeping Global One together in its current form.</p>
<p>&quot;I'm in the camp that says I'd be surprised if Global One was in its current form in two years time,&quot; he said.</p>
<p>The group has not resolved the issue of what to do in markets outside France, Germany or the U.S. and are often bumping up against each other in Asia Pacific, pursuing potentially conflicting investment strategies.</p>
<p>Unlike BT and MCI's Concert alliance that aims to offer seamless services to corporate customers, Global One's partners do not see their alliance as an investment vehicle to extend coverage, he noted.</p>
<p>&quot;They see it as a standardised marketing agreement,&quot; he said.</p>
<p>France Telecom is also embroiled in a partial privatisation at home and needs a period of stability before embarking on big, new ventures.</p>
<p>&quot;The market will not tolerate France Telecom senior management going off on a frolic of their own,&quot; Staples said.</p>
<p>Institutions are looking for the company to concentrate first on its domestic customers and running an efficient business, he said.</p>
<p>($ = 0.628 British Pounds)</p>
</text>
<copyright>(c) Reuters Limited 1997</copyright>
<metadata>
<codes class="bip:countries:1.0">
  <code code="UK">
    <editdetail attribution="Reuters BIP Coding Group" action="confirmed" date="1997-03-19"/>
  </code>
  <code code="USA">
    <editdetail attribution="Reuters BIP Coding Group" action="confirmed" date="1997-03-19"/>
  </code>
</codes>
<codes class="bip:industries:1.0">
  <code code="I79020">
    <editdetail attribution="Reuters BIP Coding Group" action="confirmed" date="1997-03-19"/>
  </code>
</codes>
<codes class="bip:topics:1.0">
  <code code="C11">
    <editdetail attribution="Reuters BIP Coding Group" action="confirmed" date="1997-03-19"/>
  </code>
  <code code="C18">
    <editdetail attribution="Reuters BIP Coding Group" action="confirmed" date="1997-03-19"/>
  </code>
  <code code="C181">
    <editdetail attribution="Reuters BIP Coding Group" action="confirmed" date="1997-03-19"/>
  </code>
  <code code="CCAT">
    <editdetail attribution="Reuters BIP Coding Group" action="confirmed" date="1997-03-19"/>
  </code>
</codes>
<dc element="dc.date.created" value="1997-03-19"/>
<dc element="dc.publisher" value="Reuters Holdings Plc"/>
<dc element="dc.date.published" value="1997-03-19"/>
<dc element="dc.source" value="Reuters"/>
<dc element="dc.creator.location" value="LONDON"/>
<dc element="dc.creator.location.country.name" value="UK"/>
<dc element="dc.source" value="Reuters"/>
</metadata>
</newsitem>
