<?xml version="1.0" encoding="iso-8859-1" ?>
<newsitem itemid="452340" id="root" date="1997-03-19" xml:lang="en">
<title>LATVIA: LATVIA-VENTSPILS TO POOL RESERVOIR CAPACITY.</title>
<headline>LATVIA-VENTSPILS TO POOL RESERVOIR CAPACITY.</headline>
<dateline>RIGA 1997-03-19</dateline>
<text>
<p>Ventspils oil and oil products transit firms have decided to pool their diesel storage capacity to increase the effeciency of the oil product pipe-line, Ventspils Nafta was quoted in Diena newspaper as saying.</p>
<p>Ventspils Nafta, Naftas parks, Ventbunkers and LatRosTrans were signatories of the agreement, a Ventspils Nafta spokesman was quoted as saying.</p>
<p>A similar protocol is currently being prepared between Ventspils Nafta and Russia's Transnefprodukt.</p>
<p>Transneftprodukt vice-president Sergei Makarov visited Ventspils on Tuesday to discuss the possibility of enhancing the efficiency of oil and oil products, a Ventspils Nafta spokesman was reported as saying.</p>
<p>-- Martinsh Gravitis, Riga Newsroom +371 721 5240</p>
</text>
<copyright>(c) Reuters Limited 1997</copyright>
<metadata>
<codes class="bip:countries:1.0">
  <code code="LATV">
    <editdetail attribution="Reuters BIP Coding Group" action="confirmed" date="1997-03-19"/>
  </code>
</codes>
<codes class="bip:industries:1.0">
  <code code="I13000">
    <editdetail attribution="Reuters BIP Coding Group" action="confirmed" date="1997-03-19"/>
  </code>
</codes>
<codes class="bip:topics:1.0">
  <code code="C11">
    <editdetail attribution="Reuters BIP Coding Group" action="confirmed" date="1997-03-19"/>
  </code>
  <code code="C24">
    <editdetail attribution="Reuters BIP Coding Group" action="confirmed" date="1997-03-19"/>
  </code>
  <code code="CCAT">
    <editdetail attribution="Reuters BIP Coding Group" action="confirmed" date="1997-03-19"/>
  </code>
</codes>
<dc element="dc.date.created" value="1997-03-19"/>
<dc element="dc.publisher" value="Reuters Holdings Plc"/>
<dc element="dc.date.published" value="1997-03-19"/>
<dc element="dc.source" value="Reuters"/>
<dc element="dc.creator.location" value="RIGA"/>
<dc element="dc.creator.location.country.name" value="LATVIA"/>
<dc element="dc.source" value="Reuters"/>
</metadata>
</newsitem>
