<?xml version="1.0" encoding="iso-8859-1" ?>
<newsitem itemid="452336" id="root" date="1997-03-19" xml:lang="en">
<title>BULGARIA: BULGARIA ISSUES 7-YR T-BONDS TO GUARANTEE DEPOSITS.</title>
<headline>BULGARIA ISSUES 7-YR T-BONDS TO GUARANTEE DEPOSITS.</headline>
<dateline>SOFIA 1997-03-19</dateline>
<text>
<p>Bulgaria's Finance Ministry</p>
<p>issued 30.552 million levs of seven-year floater coupon T-bonds</p>
<p>to cover payments to depositors in banks that the central bank</p>
<p>seeks to close down, the Bulgarian National Bank (BNB) said.</p>
<p>The bonds bear a semi-annual coupon equal to the BNB's</p>
<p>central interest rate (CIR) for the period to maturity, the BNB</p>
<p>said in a statement.</p>
<p>The CIR is now set at 18 percent monthly or 216 percent</p>
<p>annually. Principal payments are due in seven equal annual</p>
<p>installments until maturity.</p>
<p>The paper was placed with the State Savings Bank (SSB),</p>
<p>which in mid-July began to repay lev deposits in five local</p>
<p>banks against which the BNB has filed insolvency suits.</p>
<p>The issue was dated June 27, 1996 but the statement was</p>
<p>released now because the ministry had calculated the par value</p>
<p>on the basis of SSB data on actual payments made to depositors</p>
<p>and creditors of the five banks so far, a BNB official said.</p>
<p>The new issue is the sixth one of this kind. It brings to</p>
<p>19.482 billion levs the total par of deposit guarantee</p>
<p>seven-year T-bond issues placed with the SSB since mid-1996.</p>
<p>Details of the issue follow:</p>
<p> Issue number	 BG2040796224</p>
<p> Par value	    30.552 million levs</p>
<p> Issue date	   June 27, 1996</p>
<p> Maturity date	June 19, 2003</p>
<p>-- Anastas Petrov, Sofia Newsroom, (++359-2) 981 8569</p>
</text>
<copyright>(c) Reuters Limited 1997</copyright>
<metadata>
<codes class="bip:countries:1.0">
  <code code="BUL">
    <editdetail attribution="Reuters BIP Coding Group" action="confirmed" date="1997-03-19"/>
  </code>
</codes>
<codes class="bip:topics:1.0">
  <code code="E21">
    <editdetail attribution="Reuters BIP Coding Group" action="confirmed" date="1997-03-19"/>
  </code>
  <code code="E212">
    <editdetail attribution="Reuters BIP Coding Group" action="confirmed" date="1997-03-19"/>
  </code>
  <code code="ECAT">
    <editdetail attribution="Reuters BIP Coding Group" action="confirmed" date="1997-03-19"/>
  </code>
  <code code="M12">
    <editdetail attribution="Reuters BIP Coding Group" action="confirmed" date="1997-03-19"/>
  </code>
  <code code="MCAT">
    <editdetail attribution="Reuters BIP Coding Group" action="confirmed" date="1997-03-19"/>
  </code>
</codes>
<dc element="dc.date.created" value="1997-03-19"/>
<dc element="dc.publisher" value="Reuters Holdings Plc"/>
<dc element="dc.date.published" value="1997-03-19"/>
<dc element="dc.source" value="Reuters"/>
<dc element="dc.creator.location" value="SOFIA"/>
<dc element="dc.creator.location.country.name" value="BULGARIA"/>
<dc element="dc.source" value="Reuters"/>
</metadata>
</newsitem>
