<?xml version="1.0" encoding="iso-8859-1" ?>
<newsitem itemid="452306" id="root" date="1997-03-19" xml:lang="en">
<title>HUNGARY: BUDAPEST GRAINS FUTURES MKT SLOW, AWAITS NEWS.</title>
<headline>BUDAPEST GRAINS FUTURES MKT SLOW, AWAITS NEWS.</headline>
<dateline>BUDAPEST 1997-03-19</dateline>
<text>
<p>Grains futures traders of the Budapest Commodity Exchange (BCE) took a wait-and-see attitude on Wednesday that resulted in a meagre turnover, dealers said.</p>
<p>&quot;Everybody is waiting for new information to trade on,&quot; said Sandor Ifju of OTP Forex.</p>
<p>He added that players put out limit-up offers and limit-down bids but hardly any contracts changed hands.</p>
<p>December maize accounted for 110 contracts of Wednesday's 164 contracts or 63.9 million forints grains futures turnover. The price of the December maturity rose 390 forints per tonne to end at 19,000 forints.</p>
<p>October and November maize prices rose by 200 and 50 forints to end at 18,100 and 18,350 forints, respectively.</p>
<p>Milling wheat edged up 10 forints for May and August to close at 24,010 and 21,110 forints, respectively.</p>
<p>Snowfalls started on Tuesday and forecast to last until the end of the month would only have a beneficial effect on crops, if any, traders and meteorologists said.</p>
<p>&quot;Much-needed precipitation would more than offset the possible growth delay caused by recent and expected snowfalls,&quot; Attila Bussay of the Met Office's agricultural department said.</p>
<p>Lot size= 20,000 kgs</p>
<p>($1=176.03 Hungarian forints)</p>
<p>-- Denes Albert, Budapest newsroom +36 1 327 4040</p>
</text>
<copyright>(c) Reuters Limited 1997</copyright>
<metadata>
<codes class="bip:countries:1.0">
  <code code="HUNG">
    <editdetail attribution="Reuters BIP Coding Group" action="confirmed" date="1997-03-19"/>
  </code>
</codes>
<codes class="bip:topics:1.0">
  <code code="M14">
    <editdetail attribution="Reuters BIP Coding Group" action="confirmed" date="1997-03-19"/>
  </code>
  <code code="M141">
    <editdetail attribution="Reuters BIP Coding Group" action="confirmed" date="1997-03-19"/>
  </code>
  <code code="MCAT">
    <editdetail attribution="Reuters BIP Coding Group" action="confirmed" date="1997-03-19"/>
  </code>
</codes>
<dc element="dc.date.created" value="1997-03-19"/>
<dc element="dc.publisher" value="Reuters Holdings Plc"/>
<dc element="dc.date.published" value="1997-03-19"/>
<dc element="dc.source" value="Reuters"/>
<dc element="dc.creator.location" value="BUDAPEST"/>
<dc element="dc.creator.location.country.name" value="HUNGARY"/>
<dc element="dc.source" value="Reuters"/>
</metadata>
</newsitem>
