<?xml version="1.0" encoding="iso-8859-1" ?>
<newsitem itemid="452312" id="root" date="1997-03-19" xml:lang="en">
<title>LATVIA: ROJA SEES 1997 TURNOVER DOWN, TO BOOST CAPACITY.</title>
<headline>ROJA SEES 1997 TURNOVER DOWN, TO BOOST CAPACITY.</headline>
<byline>Martinsh Gravitis</byline>
<dateline>RIGA 1997-03-19</dateline>
<text>
<p>Fish cannery Roja, quoted on the stock market's secondary list, on Wednesday said that it expected 1997 turnover to be lower but it would boost capacity.</p>
<p>&quot;Our turnover will be reduced in 1997,&quot; Igor Nikitin, the company's export manager, told Reuters.</p>
<p>The company would not release any 1996 results yet as the audit procedure of the previous year's balance sheet had only started today.</p>
<p>&quot;We are seeing more competition, especially from Estonian producers and the price of our tinned fish has already been pressed down to 40 santimes from 45,&quot; he said.</p>
<p>All Roja's produce is currently exported, with the main markets being Ukraine, Kazakhstan and Israel.</p>
<p>&quot;This year the share of our exports to Russia is going down but Germany, the U.S. and Canada seem promising,&quot; he adeded.</p>
<p>Company deputy board chairman Valdis Simpsons said Roja plans to double its production capacity as a new tinned fish production facility comes into full operation in April or May.</p>
<p>&quot;We will double our capacity of producing tinned fish from 700,000 a month on average in 1996 when the new facility comes into operation,&quot; he told Reuters.</p>
<p>&quot;We will produce mainly tinned sprats there but the volume will totally depend on the demand,&quot; he added.</p>
<p>The facility is expected to create some 100 new jobs in the factory, which at the moment employs 565 people.</p>
<p>Simpsons said Roja was investing in both its fleet, production and harbour facilities.</p>
<p>&quot;We are investing heavily,&quot; Simpsons said. &quot;We are leasing three ships with an option to buy them and have started getting our quay in an orderly shape.&quot;</p>
<p>-- Riga Newsroom +371 721 5240</p>
</text>
<copyright>(c) Reuters Limited 1997</copyright>
<metadata>
<codes class="bip:countries:1.0">
  <code code="LATV">
    <editdetail attribution="Reuters BIP Coding Group" action="confirmed" date="1997-03-19"/>
  </code>
</codes>
<codes class="bip:industries:1.0">
  <code code="I41500">
    <editdetail attribution="Reuters BIP Coding Group" action="confirmed" date="1997-03-19"/>
  </code>
</codes>
<codes class="bip:topics:1.0">
  <code code="C15">
    <editdetail attribution="Reuters BIP Coding Group" action="confirmed" date="1997-03-19"/>
  </code>
  <code code="C152">
    <editdetail attribution="Reuters BIP Coding Group" action="confirmed" date="1997-03-19"/>
  </code>
  <code code="CCAT">
    <editdetail attribution="Reuters BIP Coding Group" action="confirmed" date="1997-03-19"/>
  </code>
</codes>
<dc element="dc.date.created" value="1997-03-19"/>
<dc element="dc.publisher" value="Reuters Holdings Plc"/>
<dc element="dc.date.published" value="1997-03-19"/>
<dc element="dc.source" value="Reuters"/>
<dc element="dc.creator.location" value="RIGA"/>
<dc element="dc.creator.location.country.name" value="LATVIA"/>
<dc element="dc.source" value="Reuters"/>
</metadata>
</newsitem>
