<?xml version="1.0" encoding="iso-8859-1" ?>
<newsitem itemid="452315" id="root" date="1997-03-19" xml:lang="en">
<title>HUNGARY: CSOPAK CAPITAL RAISE PLAN TECHNICAL - CEO.</title>
<headline>CSOPAK CAPITAL RAISE PLAN TECHNICAL - CEO.</headline>
<dateline>BUDAPEST 1997-03-19</dateline>
<text>
<p>Hungarian retail group Csopak Szovetkezeti Rt said on Wednesday that its planned minimum 250 million forint capital increase would have a technical nature, without drawing fresh money into the group.</p>
<p>&quot;This is a formal capital increase,&quot; Gyorgy Markovszky, Csopak's CEO told Reuters. &quot;Local government shareholders of our subsidiary Komfort wished to swap their stocks to Csopak shares.&quot;</p>
<p>Komfort is a household chemicals trading company, majority owned by Csopak.</p>
<p>Markovszky said the share issue will not provide Csopak with fresh capital. &quot;They give their Komfort shares and recieve Csopak shares,&quot; Markovszky said.</p>
<p>The planned private capital raise will be on the agenda of Csopak's extraordinary shareholders meeting on April 26.</p>
<p>Csopak's current issued share capital is 2.2 billion forints.</p>
<p>On the Budapest Stock Exchange Csopak shares closed at 2,975 forints, down 115.</p>
<p>-- Emese Bartha, Budapest newsroom +36 1 327-4040</p>
</text>
<copyright>(c) Reuters Limited 1997</copyright>
<metadata>
<codes class="bip:countries:1.0">
  <code code="HUNG">
    <editdetail attribution="Reuters BIP Coding Group" action="confirmed" date="1997-03-19"/>
  </code>
</codes>
<codes class="bip:industries:1.0">
  <code code="I41000">
    <editdetail attribution="Reuters BIP Coding Group" action="confirmed" date="1997-03-19"/>
  </code>
</codes>
<codes class="bip:topics:1.0">
  <code code="C17">
    <editdetail attribution="Reuters BIP Coding Group" action="confirmed" date="1997-03-19"/>
  </code>
  <code code="C171">
    <editdetail attribution="Reuters BIP Coding Group" action="confirmed" date="1997-03-19"/>
  </code>
  <code code="CCAT">
    <editdetail attribution="Reuters BIP Coding Group" action="confirmed" date="1997-03-19"/>
  </code>
</codes>
<dc element="dc.date.created" value="1997-03-19"/>
<dc element="dc.publisher" value="Reuters Holdings Plc"/>
<dc element="dc.date.published" value="1997-03-19"/>
<dc element="dc.source" value="Reuters"/>
<dc element="dc.creator.location" value="BUDAPEST"/>
<dc element="dc.creator.location.country.name" value="HUNGARY"/>
<dc element="dc.source" value="Reuters"/>
</metadata>
</newsitem>
