<?xml version="1.0" encoding="iso-8859-1" ?>
<newsitem itemid="452389" id="root" date="1997-03-19" xml:lang="en">
<title>UK: LIFFE cocoa pulls back further as buyers dry up.</title>
<headline>LIFFE cocoa pulls back further as buyers dry up.</headline>
<dateline>LONDON 1997-03-19</dateline>
<text>
<p>Cocoa futures turned sharply lower on Wednesday after a volatile session but turnover was modest.</p>
<p>Traders said funds and locals that have taken on long positions in recent days retreated to the sidelines, leaving the market prone to fluctuations.</p>
<p>But losses were regarded as part of a consolidation process following a surge in benchmark May futures to a seven-month high of 1,048 stg on Tuesday.</p>
<p>The May contract shed 18 stg to 1,015 stg a tonne at the close on Wednesday after an intraday bounce to 1,030.</p>
<p>&quot;We had a down movement this morning, we had an attempted rally and a subsequent fall,&quot; said one trader.</p>
<p>&quot;There is no liquidity. 500 Aas and 1,400 crosses.&quot;</p>
<p>The crosses included 200-lots of June/June dealt at 50 stg in a total turnover of 4,090 lots.</p>
<p>Reaction was muted to a fall Ghana's weekly cocoa purchase figures which are now tailing off. Purchases were 2,428 tonnes in the 20th week ending February 27, down from 5,702 the week before. The cumulative amounted to 294,216 lots.</p>
<p>&quot;It's the end of the season. There wasn't much impetus there,&quot; said the trader.</p>
<p>New York cocoa prices also pressed lower in morning dealings after a round of local selling, believed to be speculative profit-taking.</p>
<p>Traders there reckoned sentiment was partly dampened after an upward reassessment of the Ivorian harvest by broker GNI on Tuesday. It saw the crop reaching 1.1 million tonnes based on the strong set of arrivals data.</p>
<p>But some were concerned that funds, which have already covered shorts and shifted to longs, may be reluctant to buy more.</p>
<p>Technical support is pegged at the chart gap extending from 989 to 982 basis LIFFE May. If 982 breaks, analysts will be looking for a sell-off.</p>
<p>-- Clelia Oziel, London Newsroom +44-171-542 8072</p>
</text>
<copyright>(c) Reuters Limited 1997</copyright>
<metadata>
<codes class="bip:countries:1.0">
  <code code="UK">
    <editdetail attribution="Reuters BIP Coding Group" action="confirmed" date="1997-03-19"/>
  </code>
</codes>
<codes class="bip:topics:1.0">
  <code code="M14">
    <editdetail attribution="Reuters BIP Coding Group" action="confirmed" date="1997-03-19"/>
  </code>
  <code code="M141">
    <editdetail attribution="Reuters BIP Coding Group" action="confirmed" date="1997-03-19"/>
  </code>
  <code code="MCAT">
    <editdetail attribution="Reuters BIP Coding Group" action="confirmed" date="1997-03-19"/>
  </code>
</codes>
<dc element="dc.date.created" value="1997-03-19"/>
<dc element="dc.publisher" value="Reuters Holdings Plc"/>
<dc element="dc.date.published" value="1997-03-19"/>
<dc element="dc.source" value="Reuters"/>
<dc element="dc.creator.location" value="LONDON"/>
<dc element="dc.creator.location.country.name" value="UK"/>
<dc element="dc.source" value="Reuters"/>
</metadata>
</newsitem>
