<?xml version="1.0" encoding="iso-8859-1" ?>
<newsitem itemid="452303" id="root" date="1997-03-19" xml:lang="en">
<title>ROMANIA: ROMANIA WOOS ETHNIC GERMANS BACK FROM EMIGRATION.</title>
<headline>ROMANIA WOOS ETHNIC GERMANS BACK FROM EMIGRATION.</headline>
<byline>Roxana Dascalu</byline>
<dateline>BUCHAREST 1997-03-19</dateline>
<text>
<p>Romania, keen to boost its chances of early admission to NATO, is trying to mend fences with ethnic Germans who fled the country in the communist era.</p>
<p>&quot;We want to establish good relations with the Saxons and the Swabians who emigrated to Germany,&quot; Public Information Minister Radu Boroianu told Reuters on Wednesday.</p>
<p>&quot;They (ethnic Germans) are a bridge linking our countries,&quot; said Boroianu, shortly after returning from an unofficial visit to Germany, when met leaders of local groups representing more than 550,000 Saxons and Swabians who emigrated from Romania.</p>
<p>Boroianu, a member of the new centrist coalition government, branded what he called &quot;the criminal cash sale&quot; of ethnic Germans by Romania's ousted communists.</p>
<p>There are no official estimates of the sums which late dictator Nicolae Ceausescu netted from Germany before his 1989 fall and execution, in order to allow the emigration of tens of thousands of ethnic Germans.</p>
<p>The new government and local community leaders now speak of a reversal of that trend, with ethnic Germans expected to return to Romania, drawn by the momentum created by last year's elections, when reformists ended the ex-communists seven-year grip on power.</p>
<p>&quot;Any repatriation would involve the right to housing and jobs,&quot; said Boroianu, adding that the government would adopt a &quot;case-by-case&quot; approach to the repatriation issue.</p>
<p>&quot;Things have also improved for us after the elections,&quot; Paul Philippi, chairman of the German Democratic Forum told Reuters. &quot;Many ethnic Germans are now interested in returning home. There won't be a wave, but thousands will come back.&quot;</p>
<p>Philippi's Forum represents some 100,000 German-speakers still living in Romania after a massive post-communist exodus. Romania had more than 800,000 Germans before World War Two.</p>
<p>Romania's Germans are proud of their 800-year history in Transylvania and the southwest Banat, where Saxon and Swabian settlers built strongholds and fortified villages to defend Christian Europe against Turks and Tartars.</p>
<p>Bucharest is lobbying for Western support to be considered along with Poland, Hungary and the Czech Republic, among first candidates for NATO membership when the Alliance announces its first eastward expansion at a July summit in Madrid.</p>
<p>The new Romanian leaders pin their hopes on German Foreign Minister Klaus Kinkel's visit to Bucharest at the end of April.</p>
</text>
<copyright>(c) Reuters Limited 1997</copyright>
<metadata>
<codes class="bip:countries:1.0">
  <code code="GFR">
    <editdetail attribution="Reuters BIP Coding Group" action="confirmed" date="1997-03-19"/>
  </code>
  <code code="NATO">
    <editdetail attribution="Reuters BIP Coding Group" action="confirmed" date="1997-03-19"/>
  </code>
  <code code="ROM">
    <editdetail attribution="Reuters BIP Coding Group" action="confirmed" date="1997-03-19"/>
  </code>
</codes>
<codes class="bip:topics:1.0">
  <code code="GCAT">
    <editdetail attribution="Reuters BIP Coding Group" action="confirmed" date="1997-03-19"/>
  </code>
  <code code="GDEF">
    <editdetail attribution="Reuters BIP Coding Group" action="confirmed" date="1997-03-19"/>
  </code>
  <code code="GDIP">
    <editdetail attribution="Reuters BIP Coding Group" action="confirmed" date="1997-03-19"/>
  </code>
</codes>
<dc element="dc.date.created" value="1997-03-19"/>
<dc element="dc.publisher" value="Reuters Holdings Plc"/>
<dc element="dc.date.published" value="1997-03-19"/>
<dc element="dc.source" value="Reuters"/>
<dc element="dc.creator.location" value="BUCHAREST"/>
<dc element="dc.creator.location.country.name" value="ROMANIA"/>
<dc element="dc.source" value="Reuters"/>
</metadata>
</newsitem>
