<?xml version="1.0" encoding="iso-8859-1" ?>
<newsitem itemid="452398" id="root" date="1997-03-19" xml:lang="en">
<title>UK: London freight - Higher rates for panamxaes in Eas.</title>
<headline>London freight - Higher rates for panamxaes in Eas.</headline>
<dateline>LONDON 1997-03-19</dateline>
<text>
<p>Significantly higher rates were seen for panamaxes in the East, although brokers reported caper and handy-size rates at no more than stable in that area.</p>
<p>Grain chartering activity continued to increase from the Plate and Brazil for panamaxes and handies and a number of fresh orders have appeared.</p>
<p>However, early capers, especially over-age units, are struggling to repeat last done rates in the Atlantic.</p>
<p>The Baltic Freight Index (BFI) was up three points to 1,493.</p>
<p>GRAIN - Fixing from the U.S. Gulf was slow compared to south America.</p>
<p>Halla booked M.N. Cerrahoglu for 54,000 tonnes heavy grain U.S. Gulf/Taiwan for end April at $24.50, but the vessel's overall length is 248 metres, which makes her ineligible for many discharge ports.</p>
<p>The same applies to Bobilna (253 metres) reported fixed Brazil/Indonesia for end April at $25.00.</p>
<p>Cho Yang was linked to the Rondeau-relet Full Sources 69,400 dwt delivery U.S. Gulf early April trip Japan at $15,300 daily plus $315,000 ballast bonus, and Pan Ocean was said to have fixed Sumava 70,456 dwt for similar business at between $15,300/$15,650 daily and $300,000/$325,000 ballast bonus.</p>
<p>March positions in the U.S. Gulf continued soft.</p>
<p>The Auk 65,000 dwt was believed to have ballasted from Key West to the Plate to fix Continental with grain to Israel.</p>
<p>Safmarine was thought to have agreed $15,500 daily for the Navios-relet Oceanic Explorer 68,849 dwt delivery Cape Passero March 21 trip via the Plate to the Far East on subjects, but reports that Dreyfus fixed 45,000 tonnes soybeans Brazil/New Orleans for end March loading at $12.00 could not be confirmed.</p>
<p>In the handies brokers suggested that Cargill had fixed 20,000 tonnes wheat St. Lawrence/Buenaventura on private terms and 22,500/25,000 wheat U.S. Gulf/Algeria for March at $24.00.</p>
<p>But the focus of handy grain fixing was east coast south America.</p>
<p>Agro-Grain took Treasure Island for 20,000 Sao Francisco do Sul/Adriatic at $27.50, and Continental booked Alycia 21,500 dwt prompt Plate for grain to Egypt on private terms.</p>
<p>Brokers report a high volume of new and outstanding orders from the Plate.</p>
<p>From Gibraltar Copenship fixed the 1973-built Arcadia 22,312 dwt for a trip via the Continent to Bangladesh at $7,950 daily.</p>
<p>Among new orders quoted today was Toepfer with 50,000 tonnes wheat Plate/Aqaba April 15/22.</p>
<p>Others were, Tradigrain 50,000 tones wheat Plate/Trincomalee April 15/21 and 25,000 tonnes corn Plate/Tunisia April 14/18, Dreyfus 20/35,000 products Plate/Turkey March 24/April 5, and Continental 1.4/2.4 miliion cubic feet Plate/Saudi Arabia prompt/onwards.</p>
<p>Transcatalana (having failed on subjects at about $17.25) were again in the market for an April panamax for 50/52,000 sbm Paranagua/Spanish Med, and Safmarine quoted a timecharter order for a panamax delivery Recalada mid-April trip Far East.</p>
<p>MINERALS - Rates for capers in the Atlantic appeared to be slipping.</p>
<p>A number of older types were available in prompt positions without suitable business to negotiate.</p>
<p>Little was heard of panamaxes in the Atlantic mineral trades. ICL Parthiban 55,822 dwt was reported fixed delivery Black Sea trip Far East by Linkvest at $13,250 daily.</p>
<p>Caper rates were said to be steady in the East, but panamax levels continued to appreciate. The 1977-built Heliopolis 64,464 dwt was taken by Transfield delivery Philiipines end March for a trip via W.Australia to China at a firmer $13,250 daily and MOSK booked Maritime Mosaic 73,657 dwt delivery Muscat early April trip via Goa to Japan at close to $14,500 daily.</p>
<p>The 1983-built Samsun Spirit 67,368 dwt was thought booked from the Far East for an Australian round trip at $12,000 daily, but the 1976-built Menalon 66,464 dwt obtained only about $9,750/$10,000 daily retro sailing N.China March 16 for a Nopac round from Chinese charterers.</p>
<p>Panamaxes continued to be popular with charterers for period business.</p>
<p>BIFFEX futures at 1600 GMT were 10 to 22 points easier, after trading 71 lots. Most active October sold 23 lots and traded last at 1,430, down 10 points.</p>
<p>London Newsroom, +44 171 542 7771</p>
</text>
<copyright>(c) Reuters Limited 1997</copyright>
<metadata>
<codes class="bip:countries:1.0">
  <code code="UK">
    <editdetail attribution="Reuters BIP Coding Group" action="confirmed" date="1997-03-19"/>
  </code>
</codes>
<codes class="bip:topics:1.0">
  <code code="M14">
    <editdetail attribution="Reuters BIP Coding Group" action="confirmed" date="1997-03-19"/>
  </code>
  <code code="MCAT">
    <editdetail attribution="Reuters BIP Coding Group" action="confirmed" date="1997-03-19"/>
  </code>
</codes>
<dc element="dc.date.created" value="1997-03-19"/>
<dc element="dc.publisher" value="Reuters Holdings Plc"/>
<dc element="dc.date.published" value="1997-03-19"/>
<dc element="dc.source" value="Reuters"/>
<dc element="dc.creator.location" value="LONDON"/>
<dc element="dc.creator.location.country.name" value="UK"/>
<dc element="dc.source" value="Reuters"/>
</metadata>
</newsitem>
