<?xml version="1.0" encoding="iso-8859-1" ?>
<newsitem itemid="452344" id="root" date="1997-03-19" xml:lang="en">
<title>ESTONIA: ESTONIA-AVERAGE GROSS WAGE ROSE 23 PCT IN Q4 1996.</title>
<headline>ESTONIA-AVERAGE GROSS WAGE ROSE 23 PCT IN Q4 1996.</headline>
<dateline>TALLINN 1997-03-19</dateline>
<text>
<p>The average gross wage in Estonia rose by 23 percent in the fourth quarter of 1996 compared with the same period in 1995, the statistics office said on Wednesday.</p>
<p>It said in a statement that the average gross wage in the fourth quarter was 3,310 kroons or 19.13 kroons per hour. In the third quarter, the average wage was 2,980 kroons.  </p>
<p>The highest paid sectors in the fourth quarter were the financial sector, where the average wage was 6,728 kroons a month. The mining sector came next on 4,742 kroons a month while the energy sector had an average wage of 4,315 kroons.</p>
<p>The lowest paid sector was the farm and hunting sector, where the average monthly salary was 1,872 kroons and the hotel and restaurant business, where the average salary was 2,268 kroons.</p>
<p>-- Tallinn Newsroom +372 630 8400</p>
</text>
<copyright>(c) Reuters Limited 1997</copyright>
<metadata>
<codes class="bip:countries:1.0">
  <code code="ESTNIA">
    <editdetail attribution="Reuters BIP Coding Group" action="confirmed" date="1997-03-19"/>
  </code>
</codes>
<codes class="bip:topics:1.0">
  <code code="E14">
    <editdetail attribution="Reuters BIP Coding Group" action="confirmed" date="1997-03-19"/>
  </code>
  <code code="ECAT">
    <editdetail attribution="Reuters BIP Coding Group" action="confirmed" date="1997-03-19"/>
  </code>
</codes>
<dc element="dc.date.created" value="1997-03-19"/>
<dc element="dc.publisher" value="Reuters Holdings Plc"/>
<dc element="dc.date.published" value="1997-03-19"/>
<dc element="dc.source" value="Reuters"/>
<dc element="dc.creator.location" value="TALLINN"/>
<dc element="dc.creator.location.country.name" value="ESTONIA"/>
<dc element="dc.source" value="Reuters"/>
</metadata>
</newsitem>
