<?xml version="1.0" encoding="iso-8859-1" ?>
<newsitem itemid="452311" id="root" date="1997-03-19" xml:lang="en">
<title>HUNGARY: MINISTER WARNS HUNGARY FARMERS OVER BLOCKADE.</title>
<headline>MINISTER WARNS HUNGARY FARMERS OVER BLOCKADE.</headline>
<dateline>BUDAPEST 1997-03-19</dateline>
<text>
<p>Hungary's Minister of Interior on Wednesday repeated government warnings that police would prevent farmers' union METESZ from carrying out its threat to block border crossings.</p>
<p>Gabor Kuncze told Hungarian radio he still hoped there would be no need for police action, but police would maintain order should it be necessary.</p>
<p>METESZ sent the government an ultimatum on Monday evening saying that it would start blockades of Hungary's border crossings and roads leading into Budapest unless their demand for unconditional tax relief for farmers earning less than 1.5 million forints ($8,500) a year is met.</p>
<p>Government spokesman Elemer Kiss said on Tuesday such action would be both unconstitutional and illegal and police would clear the roads should the farmers go ahead with their plan.</p>
<p>METESZ leaders said they maintain their ultimatum despite the government's warning and would block border crossing leading to all neighbouring countries unless their demands are met by Thursday evening.</p>
<p>A February demonstration in the central Hungarian town of Kiskoros sparked a series of farmers' protests following the government's 1997 income and social security tax increases for individual farmers.</p>
<p>Prime Minister Gyula Horn has ceded to farmers' union demands for roundtable talks to solve the crisis of the agriculture. He announced on Tuesday that the talks would take place on April 25 to 27.</p>
<p>Hungary has almost 30 farmers' unions whith sometimes conflicting interests depending regarding land ownership, taxation and subsidy issues.</p>
</text>
<copyright>(c) Reuters Limited 1997</copyright>
<metadata>
<codes class="bip:countries:1.0">
  <code code="HUNG">
    <editdetail attribution="Reuters BIP Coding Group" action="confirmed" date="1997-03-19"/>
  </code>
</codes>
<codes class="bip:industries:1.0">
  <code code="I01000">
    <editdetail attribution="Reuters BIP Coding Group" action="confirmed" date="1997-03-19"/>
  </code>
</codes>
<codes class="bip:topics:1.0">
  <code code="C42">
    <editdetail attribution="Reuters BIP Coding Group" action="confirmed" date="1997-03-19"/>
  </code>
  <code code="CCAT">
    <editdetail attribution="Reuters BIP Coding Group" action="confirmed" date="1997-03-19"/>
  </code>
  <code code="E41">
    <editdetail attribution="Reuters BIP Coding Group" action="confirmed" date="1997-03-19"/>
  </code>
  <code code="ECAT">
    <editdetail attribution="Reuters BIP Coding Group" action="confirmed" date="1997-03-19"/>
  </code>
  <code code="GCAT">
    <editdetail attribution="Reuters BIP Coding Group" action="confirmed" date="1997-03-19"/>
  </code>
  <code code="GCRIM">
    <editdetail attribution="Reuters BIP Coding Group" action="confirmed" date="1997-03-19"/>
  </code>
  <code code="GJOB">
    <editdetail attribution="Reuters BIP Coding Group" action="confirmed" date="1997-03-19"/>
  </code>
  <code code="GVIO">
    <editdetail attribution="Reuters BIP Coding Group" action="confirmed" date="1997-03-19"/>
  </code>
</codes>
<dc element="dc.date.created" value="1997-03-19"/>
<dc element="dc.publisher" value="Reuters Holdings Plc"/>
<dc element="dc.date.published" value="1997-03-19"/>
<dc element="dc.source" value="Reuters"/>
<dc element="dc.creator.location" value="BUDAPEST"/>
<dc element="dc.creator.location.country.name" value="HUNGARY"/>
<dc element="dc.source" value="Reuters"/>
</metadata>
</newsitem>
