<?xml version="1.0" encoding="iso-8859-1" ?>
<newsitem itemid="452399" id="root" date="1997-03-19" xml:lang="en">
<title>UK: Liverpool cotton - Easier US futures stimulate inqui.</title>
<headline>Liverpool cotton - Easier US futures stimulate inqui.</headline>
<dateline>LONDON 1997-03-19</dateline>
<text>
<p>New York futures set the tone for most markets and a further decline in values there has served to stimulate more enquiry, particularly from Germany.</p>
<p>The growths in the limelight have been Central Asian and West African styles, both of which have been sought for shipments during the April through July period.</p>
<p>In Italy, in addition to those growths, attention focused on offers of Syrian descriptions following a visit by a sales delegation from Aleppo.</p>
<p>Many traders hold to the view that, in general, spinners still need substantial quantities of cotton to meet shipment requirements between now and the movement of the next northern hemisphere crops.</p>
<p>London Newsroom +44 171 542 7729</p>
</text>
<copyright>(c) Reuters Limited 1997</copyright>
<metadata>
<codes class="bip:countries:1.0">
  <code code="UK">
    <editdetail attribution="Reuters BIP Coding Group" action="confirmed" date="1997-03-19"/>
  </code>
</codes>
<codes class="bip:topics:1.0">
  <code code="M14">
    <editdetail attribution="Reuters BIP Coding Group" action="confirmed" date="1997-03-19"/>
  </code>
  <code code="M141">
    <editdetail attribution="Reuters BIP Coding Group" action="confirmed" date="1997-03-19"/>
  </code>
  <code code="MCAT">
    <editdetail attribution="Reuters BIP Coding Group" action="confirmed" date="1997-03-19"/>
  </code>
</codes>
<dc element="dc.date.created" value="1997-03-19"/>
<dc element="dc.publisher" value="Reuters Holdings Plc"/>
<dc element="dc.date.published" value="1997-03-19"/>
<dc element="dc.source" value="Reuters"/>
<dc element="dc.creator.location" value="LONDON"/>
<dc element="dc.creator.location.country.name" value="UK"/>
<dc element="dc.source" value="Reuters"/>
</metadata>
</newsitem>
