<?xml version="1.0" encoding="iso-8859-1" ?>
<newsitem itemid="452343" id="root" date="1997-03-19" xml:lang="en">
<title>HUNGARY: HUNGARY: SHAREHOLDERS MEETING OF BSE-LISTED FIRMS.</title>
<headline>HUNGARY: SHAREHOLDERS MEETING OF BSE-LISTED FIRMS.</headline>
<dateline>BUDAPEST 1997-03-19</dateline>
<text>
<p>Following is a list of</p>
<p>upcoming annual shareholders' meeting of companies listed on</p>
<p>the Budapest Stock Exchange.</p>
<p>The table, based on the official financial gazette, Magyar</p>
<p>Tokepiac, will be updated as new official announcements are</p>
<p>published.</p>
<p>	   Date and place     Agenda	    Planned dividend</p>
<p>	   of gen.meeting   (other than</p>
<p>	     (if no quorum)     usual)</p>
<p> Eravis    April 10.,1000 *1997 business plan     n.a.</p>
<p>(April 17.,1000)</p>
<p>	     Budapest</p>
<p> Bonbon    April 11.,1000 *1997 business plan     n.a.</p>
<p>Budapest</p>
<p>Csemege-Julius Meinl</p>
<p> April 17.,1000				 n.a.</p>
<p>	     Budapest</p>
<p> Human     April 18.,1000 *1997 business plan    20 pct of the</p>
<p> (April 18.,1100) *medium-term plan     profit</p>
<p>	     Godollo</p>
<p> Primagaz  April 18.,1300 *1997 business plan    17.5 pct</p>
<p> Csopak    April 26.,1100 *1997 business plan    10 pct</p>
<p>(May 3.,1100)  *Merge of Forum Rt,</p>
<p>				   Pannoncoop Rt, Veszpa</p>
<p>				   Rt and Chance-96 into</p>
<p>				   Csopak</p>
<p>				  *Private capital increase</p>
<p>-- Budapest newsroom +36 1 327-4040</p>
</text>
<copyright>(c) Reuters Limited 1997</copyright>
<metadata>
<codes class="bip:countries:1.0">
  <code code="HUNG">
    <editdetail attribution="Reuters BIP Coding Group" action="confirmed" date="1997-03-19"/>
  </code>
</codes>
<codes class="bip:industries:1.0">
  <code code="I16200">
    <editdetail attribution="Reuters BIP Coding Group" action="confirmed" date="1997-03-19"/>
  </code>
  <code code="I25700">
    <editdetail attribution="Reuters BIP Coding Group" action="confirmed" date="1997-03-19"/>
  </code>
  <code code="I41000">
    <editdetail attribution="Reuters BIP Coding Group" action="confirmed" date="1997-03-19"/>
  </code>
  <code code="I61000">
    <editdetail attribution="Reuters BIP Coding Group" action="confirmed" date="1997-03-19"/>
  </code>
  <code code="I64100">
    <editdetail attribution="Reuters BIP Coding Group" action="confirmed" date="1997-03-19"/>
  </code>
  <code code="I66500">
    <editdetail attribution="Reuters BIP Coding Group" action="confirmed" date="1997-03-19"/>
  </code>
</codes>
<codes class="bip:topics:1.0">
  <code code="C11">
    <editdetail attribution="Reuters BIP Coding Group" action="confirmed" date="1997-03-19"/>
  </code>
  <code code="CCAT">
    <editdetail attribution="Reuters BIP Coding Group" action="confirmed" date="1997-03-19"/>
  </code>
</codes>
<dc element="dc.date.created" value="1997-03-19"/>
<dc element="dc.publisher" value="Reuters Holdings Plc"/>
<dc element="dc.date.published" value="1997-03-19"/>
<dc element="dc.source" value="Reuters"/>
<dc element="dc.creator.location" value="BUDAPEST"/>
<dc element="dc.creator.location.country.name" value="HUNGARY"/>
<dc element="dc.source" value="Reuters"/>
</metadata>
</newsitem>
