<?xml version="1.0" encoding="iso-8859-1" ?>
<newsitem itemid="452397" id="root" date="1997-03-19" xml:lang="en">
<title>UK: Gold OTC option market lacklustre as vols drop off.</title>
<headline>Gold OTC option market lacklustre as vols drop off.</headline>
<byline>Lida Poletz</byline>
<dateline>LONDON 1997-03-19</dateline>
<text>
<p>OTC gold options have lost some of their recent dazzle with nearby volatilities dropping off and business thinning, dealers said on Wednesday.</p>
<p>Recent business in options has been generally featureless ahead of next week's expiry of March options.</p>
<p>&quot;Nothing too exciting is happening. We've seen just bits and pieces of options business over the past few days, with $345-$360 as the range and most interest in April to June dates,&quot; a dealer said.</p>
<p>The market remained jittery and undecided about gold's next move.</p>
<p>&quot;I suppose there has been more interest in calls at $355 than puts at $345,&quot; the dealer said.</p>
<p>But another dealer said low deltas were in vogue with interest in $340 strikes emerging. Another said puts as low as $330 had been sold recently.</p>
<p>&quot;People are still keen to pay a little more for puts because they're nervous of a drop in gold. they remember that at the start of the year gold dropped from $345 to $335,&quot; he added.</p>
<p>For next Tuesday's expiry, open interest was thought to lie on every dollar strike within gold's recent trading range, dealers said.</p>
<p>However, the psychological $350 strike level was still expected to dominate options strategies unless the underlying price managed to break above it before the expiry.</p>
<p>As the price of spot gold started levelling off some 10 days ago, nearby volatilities have also dropped and remained under pressure this week, dealers said.</p>
<p>One-month at the money implied volatilities were bid at around 10.5 percent, a sharp decline from as high as 14.5 around two weeks ago.</p>
<p>Three month volatilies were bid at 8.7 to nine percent, while six-month vols were bid at around 7.5 percent.</p>
<p>Spot gold, meanwhile, was trading in a narrow range on Wednesday between $350 and $348 an ounce, fixing at $349.10 in the afternoon.</p>
<p>&quot;With volatilities down, it's slowed to the pace of a normal, busy market. But it certainly slower than at the start of the year,&quot; a trader said.</p>
<p>But there was no sign yet that nearby volatilities would continue sinking to last year's lows around four percent.</p>
<p>--London newsroom +44 171 542 2936</p>
</text>
<copyright>(c) Reuters Limited 1997</copyright>
<metadata>
<codes class="bip:countries:1.0">
  <code code="UK">
    <editdetail attribution="Reuters BIP Coding Group" action="confirmed" date="1997-03-19"/>
  </code>
</codes>
<codes class="bip:topics:1.0">
  <code code="M14">
    <editdetail attribution="Reuters BIP Coding Group" action="confirmed" date="1997-03-19"/>
  </code>
  <code code="M142">
    <editdetail attribution="Reuters BIP Coding Group" action="confirmed" date="1997-03-19"/>
  </code>
  <code code="MCAT">
    <editdetail attribution="Reuters BIP Coding Group" action="confirmed" date="1997-03-19"/>
  </code>
</codes>
<dc element="dc.date.created" value="1997-03-19"/>
<dc element="dc.publisher" value="Reuters Holdings Plc"/>
<dc element="dc.date.published" value="1997-03-19"/>
<dc element="dc.source" value="Reuters"/>
<dc element="dc.creator.location" value="LONDON"/>
<dc element="dc.creator.location.country.name" value="UK"/>
<dc element="dc.source" value="Reuters"/>
</metadata>
</newsitem>
