<?xml version="1.0" encoding="iso-8859-1" ?>
<newsitem itemid="452387" id="root" date="1997-03-19" xml:lang="en">
<title>UK: UK election race far tighter than polls show - Blair.</title>
<headline>UK election race far tighter than polls show - Blair.</headline>
<dateline>LONDON 1996-03-20</dateline>
<text>
<p>British opposition leader Tony Blair has poured cold water on opinion polls showing his Labour Party is cruising towards an overwhelming victory in the May 1 election.</p>
<p>&quot;The election is not yet won. I discount the polls. I do not believe them,&quot; Blair said in an interview with the left-leaning political weekly New Statesman published on Thursday.&quot;I think it is going to be a far tighter and harder race than they suggest.&quot;</p>
<p>The Conservatives have been in power since 1979, having won four successive elections.</p>
<p>But earlier this week two opinion polls showed Labour 25 and 28 points ahead of the Conservatives, enough to give them an overall majority of 200-240 seats in a parliament of 659 members.</p>
<p>But Blair said: &quot;They (the Conservatives) are not going to hand over the keys to Downing Street (the prime minister's residence) without a fight.&quot;</p>
<p>Labour needs a 4.3 percent swing from the Conservatives compared with the 1992 election if it is to win an overall majority of seats in the new parliament.</p>
<p>On the opinion poll figures, it has achieved close to four times that.</p>
<p>Blair has long been urging his party not to take victory for granted. In a final speech to his MPs on Wednesday before parliament disperses for the election, he told them: &quot;Complacency is the enemy of success.&quot;</p>
</text>
<copyright>(c) Reuters Limited 1997</copyright>
<metadata>
<codes class="bip:countries:1.0">
  <code code="UK">
    <editdetail attribution="Reuters BIP Coding Group" action="confirmed" date="1997-03-19"/>
  </code>
</codes>
<codes class="bip:topics:1.0">
  <code code="GCAT">
    <editdetail attribution="Reuters BIP Coding Group" action="confirmed" date="1997-03-19"/>
  </code>
  <code code="GPOL">
    <editdetail attribution="Reuters BIP Coding Group" action="confirmed" date="1997-03-19"/>
  </code>
  <code code="GVOTE">
    <editdetail attribution="Reuters BIP Coding Group" action="confirmed" date="1997-03-19"/>
  </code>
</codes>
<dc element="dc.date.created" value="1996-03-20"/>
<dc element="dc.publisher" value="Reuters Holdings Plc"/>
<dc element="dc.date.published" value="1997-03-19"/>
<dc element="dc.source" value="Reuters"/>
<dc element="dc.creator.location" value="LONDON"/>
<dc element="dc.creator.location.country.name" value="UK"/>
<dc element="dc.source" value="Reuters"/>
</metadata>
</newsitem>
