<?xml version="1.0" encoding="iso-8859-1" ?>
<newsitem itemid="452392" id="root" date="1997-03-19" xml:lang="en">
<title>UK: Palm and soft oils close slightly higher in Europe.</title>
<headline>Palm and soft oils close slightly higher in Europe.</headline>
<dateline>LONDON 1997-03-19</dateline>
<text>
<p>Palm and soft oil prices closed slightly higher on Wednesday on the European vegetable oil market, but business was subdued.</p>
<p>Palm oil prices held their early gains which were made after short covering boosted closing prices in Malaysia.</p>
<p>However, most buyers were sidelined ahead of fresh Malaysian export data from SGS.</p>
<p>&quot;Malaysian exports are the all important factor in the market now and people ware waiting to see what SGS estimates for March 1-20,&quot; said a trader.</p>
<p>News that China had pulled out of a purchase of 50,000 tonnes of Malaysian palm oil for March/May shipment in favour of South American soybean oil had little impact.</p>
<p>&quot;The market reacted to the rumours on Tuesday and it has now been discounted,&quot; said one trader.</p>
<p>Chinese traders said palm olein was $580 a tonne a fob Malaysian ports with freight costs of $25 a tonne against south American soy oil at $510 to $515 a tonne fob plus $50 a tonne freight.</p>
<p>Rumours of problems with a shipment of sunflower oil to Pakistan also appear to have been confirmed.</p>
<p>&quot;People I have been talking to in Pakistan have more or less confirmed the sunflower oil talk,&quot; said a Singapore based trader.</p>
<p>Traders said on Monday that a letter of credit for a shipment of 30,000 tonnes of sunflower oil to Pakistan had not been honoured and the oil was being sold on the local market at a discount to palm oil.</p>
<p>Crude palm oil closed $2.50 up to unchanged after May/Jul traded at $555 a tonne cif.</p>
<p>Products finished unchanged to $5 higher with no further business reported during the afternoon.</p>
<p>Soft oils were also higher, but traders said there was no real reason for the increase.</p>
<p>&quot;Most people are keeping out of the way and only buying when they have to owing to the volatile trading in Chicago,&quot; said one trader.</p>
<p>&quot;I think these levels are only holding because no is really bothering to challenge them,&quot; said another.</p>
<p>Dutch soy oil closed one guilder up while rape oil was 1.75 guilders higher to unchanged after tender rape oil for next week fetched 101.50 guilders a 100 kilos.</p>
<p>&quot;I doubt if the deal amounted 100 tonnes,&quot; a trader said.</p>
<p>Coconut oil close mixed at $2.50 up to $2.50 down after Mar/Apr traded at $725 a tonne cif.</p>
<p>Palmkernel oil finished $5 to $7.50 down in a neglected market.</p>
<p>--Jim Ballantyne, London Newsroom, +44 171 542 8062</p>
</text>
<copyright>(c) Reuters Limited 1997</copyright>
<metadata>
<codes class="bip:countries:1.0">
  <code code="UK">
    <editdetail attribution="Reuters BIP Coding Group" action="confirmed" date="1997-03-19"/>
  </code>
</codes>
<codes class="bip:topics:1.0">
  <code code="M14">
    <editdetail attribution="Reuters BIP Coding Group" action="confirmed" date="1997-03-19"/>
  </code>
  <code code="M141">
    <editdetail attribution="Reuters BIP Coding Group" action="confirmed" date="1997-03-19"/>
  </code>
  <code code="MCAT">
    <editdetail attribution="Reuters BIP Coding Group" action="confirmed" date="1997-03-19"/>
  </code>
</codes>
<dc element="dc.date.created" value="1997-03-19"/>
<dc element="dc.publisher" value="Reuters Holdings Plc"/>
<dc element="dc.date.published" value="1997-03-19"/>
<dc element="dc.source" value="Reuters"/>
<dc element="dc.creator.location" value="LONDON"/>
<dc element="dc.creator.location.country.name" value="UK"/>
<dc element="dc.source" value="Reuters"/>
</metadata>
</newsitem>
