<?xml version="1.0" encoding="iso-8859-1" ?>
<newsitem itemid="452307" id="root" date="1997-03-19" xml:lang="en">
<title>LATVIA: DEPOSITORY CONFIRMS LODE PROFIT, BONUS ISSUE.</title>
<headline>DEPOSITORY CONFIRMS LODE PROFIT, BONUS ISSUE.</headline>
<dateline>RIGA 1997-03-19</dateline>
<text>
<p>The Latvian central depository on Wednesday confirmed that the Lode Brick general shareholders' meeting on March 14 decided to capitalise all of its 129,697 lats 1996 profit by issuing bonus shares.</p>
<p>All those who are Lode shareholders on April 2 will have the right to receive bonus shares, the depository said in a statement.</p>
<p>Lode is an active bourses secondary list share and saw its price jump for three consecutive days this week on the 1996 results and a preliminary announcement last week on the bonus isse.</p>
<p>-- Riga Newsroom +371 721 5240</p>
</text>
<copyright>(c) Reuters Limited 1997</copyright>
<metadata>
<codes class="bip:countries:1.0">
  <code code="LATV">
    <editdetail attribution="Reuters BIP Coding Group" action="confirmed" date="1997-03-19"/>
  </code>
</codes>
<codes class="bip:industries:1.0">
  <code code="I24100">
    <editdetail attribution="Reuters BIP Coding Group" action="confirmed" date="1997-03-19"/>
  </code>
</codes>
<codes class="bip:topics:1.0">
  <code code="C15">
    <editdetail attribution="Reuters BIP Coding Group" action="confirmed" date="1997-03-19"/>
  </code>
  <code code="C151">
    <editdetail attribution="Reuters BIP Coding Group" action="confirmed" date="1997-03-19"/>
  </code>
  <code code="C1511">
    <editdetail attribution="Reuters BIP Coding Group" action="confirmed" date="1997-03-19"/>
  </code>
  <code code="C17">
    <editdetail attribution="Reuters BIP Coding Group" action="confirmed" date="1997-03-19"/>
  </code>
  <code code="C171">
    <editdetail attribution="Reuters BIP Coding Group" action="confirmed" date="1997-03-19"/>
  </code>
  <code code="CCAT">
    <editdetail attribution="Reuters BIP Coding Group" action="confirmed" date="1997-03-19"/>
  </code>
</codes>
<dc element="dc.date.created" value="1997-03-19"/>
<dc element="dc.publisher" value="Reuters Holdings Plc"/>
<dc element="dc.date.published" value="1997-03-19"/>
<dc element="dc.source" value="Reuters"/>
<dc element="dc.creator.location" value="RIGA"/>
<dc element="dc.creator.location.country.name" value="LATVIA"/>
<dc element="dc.source" value="Reuters"/>
</metadata>
</newsitem>
