<?xml version="1.0" encoding="iso-8859-1" ?>
<newsitem itemid="452326" id="root" date="1997-03-19" xml:lang="en">
<title>ESTONIA: FINMIN SAYS ECONOMY WAS STABLE IN 1996.</title>
<headline>FINMIN SAYS ECONOMY WAS STABLE IN 1996.</headline>
<dateline>TALLINN 1997-03-19</dateline>
<text>
<p>The Estonian finance ministry said on Wednesday that in 1996 the economy was stable and was in line with forecasts.</p>
<p>The service sector as a proportion of GDP grew by 56 percent in 1996 compared to 1995, the ministry said in a statement.</p>
<p>Inflation decreased significantly in 1996 against 1995 with the price rise of consumer goods and services decreasing by an average of 14.8 percent to be half of 1995's rate, the ministry added.</p>
<p>The construction sector grew by 21 percent in 1996 and is now worth 7.7 billion kroons in current prices including renovation and restoration work, the ministry said.</p>
<p>-- Tallinn newsroom +372 630 8400 reuters@reuters.ee</p>
</text>
<copyright>(c) Reuters Limited 1997</copyright>
<metadata>
<codes class="bip:countries:1.0">
  <code code="ESTNIA">
    <editdetail attribution="Reuters BIP Coding Group" action="confirmed" date="1997-03-19"/>
  </code>
</codes>
<codes class="bip:topics:1.0">
  <code code="E11">
    <editdetail attribution="Reuters BIP Coding Group" action="confirmed" date="1997-03-19"/>
  </code>
  <code code="ECAT">
    <editdetail attribution="Reuters BIP Coding Group" action="confirmed" date="1997-03-19"/>
  </code>
</codes>
<dc element="dc.date.created" value="1997-03-19"/>
<dc element="dc.publisher" value="Reuters Holdings Plc"/>
<dc element="dc.date.published" value="1997-03-19"/>
<dc element="dc.source" value="Reuters"/>
<dc element="dc.creator.location" value="TALLINN"/>
<dc element="dc.creator.location.country.name" value="ESTONIA"/>
<dc element="dc.source" value="Reuters"/>
</metadata>
</newsitem>
