<?xml version="1.0" encoding="iso-8859-1" ?>
<newsitem itemid="452332" id="root" date="1997-03-19" xml:lang="en">
<title>LITHUANIA: INFLATION EXPECTED AT 8.5 TO 11.5 PCT.</title>
<headline>INFLATION EXPECTED AT 8.5 TO 11.5 PCT.</headline>
<dateline>VILNIUS 1997-03-19</dateline>
<text>
<p>Lithuanian annual inflation is expected to be 8.5 percent to 11.5 percent in 1997, the government press office said on Wednesday.</p>
<p>&quot;It is forecast that in 1997 inflation may be 8.5 percent but if energy prices, principally heating energy, increase to market prices, the inflation this year may be 11.5 percent,&quot; the government office said in a statement.  </p>
<p>The statement said the forecasts were based on statistics office information.</p>
<p>It also forecast that inflation in March and April will be 0.5 percent on a monthly basis and that in May it would 0.6 percent.</p>
<p>The office said that the statistics office made the forecasts based on the consumer price index and its relation to other macroeconomic data in 1994 and 1995.</p>
<p>It did not give a reason for the unexpected forecasts.</p>
<p>-- Vilnius Newsroom =370 2 223 517</p>
</text>
<copyright>(c) Reuters Limited 1997</copyright>
<metadata>
<codes class="bip:countries:1.0">
  <code code="LITH">
    <editdetail attribution="Reuters BIP Coding Group" action="confirmed" date="1997-03-19"/>
  </code>
</codes>
<codes class="bip:topics:1.0">
  <code code="E13">
    <editdetail attribution="Reuters BIP Coding Group" action="confirmed" date="1997-03-19"/>
  </code>
  <code code="E131">
    <editdetail attribution="Reuters BIP Coding Group" action="confirmed" date="1997-03-19"/>
  </code>
  <code code="ECAT">
    <editdetail attribution="Reuters BIP Coding Group" action="confirmed" date="1997-03-19"/>
  </code>
</codes>
<dc element="dc.date.created" value="1997-03-19"/>
<dc element="dc.publisher" value="Reuters Holdings Plc"/>
<dc element="dc.date.published" value="1997-03-19"/>
<dc element="dc.source" value="Reuters"/>
<dc element="dc.creator.location" value="VILNIUS"/>
<dc element="dc.creator.location.country.name" value="LITHUANIA"/>
<dc element="dc.source" value="Reuters"/>
</metadata>
</newsitem>
