<?xml version="1.0" encoding="iso-8859-1" ?>
<newsitem itemid="452371" id="root" date="1997-03-19" xml:lang="en">
<title>UK: Ancient Earth once a big iceball, researchers say.</title>
<headline>Ancient Earth once a big iceball, researchers say.</headline>
<dateline>LONDON 1997-03-19</dateline>
<text>
<p>The Earth may once have been a huge &quot;snowball,&quot; with frozen stagnant seas that warmed up only after some sort of global catastrophe, scientists said on Wednesday.</p>
<p>Evidence dating back 2.2 billion years shows glaciers extended to within 11 degrees of the equator -- the hot tropical zone now occupied by Angola and Mozambique, David Evans of the California Institute of Technology in Pasadena said.</p>
<p>Writing in the science journal Nature, he said his findings showed the ancient Earth's climate was very different from the present day -- and that the planet could, in the long run, be very resilient in the face of such great climatic change.</p>
<p>Evans and colleagues at Rand Afrikaans University in Johannesburg found their evidence in ancient lava beds that make up the Ongeluk Formation in South Africa.</p>
<p>They found polished and striated rocks and other evidence of glacial activity.</p>
<p>During recent ice ages, glaciers reached down from the poles only to the levels of the Ohio River Valley, present-day London and Kiev. The South African glaciers would have been at the level of present-day central America.</p>
<p>There is also evidence of a severe ice age between 850 and 650 million years ago.</p>
<p>Alan Kaufman, a geochemist at Harvard University, wrote in a commentary that the Evans study supported the idea that there was a &quot;Snowball Earth&quot; two billion years ago.</p>
<p>It would have to have been very cold for glaciers to form in the tropics, he said. &quot;The cause of the temperature drop was probably a decline in the atmospheric level of carbon dioxide, the greenhouse gas believed to be the main regulator of Earth's climate,&quot; he wrote.</p>
<p>The sea would have frozen and may have gone stagnant, he added. &quot;Covered with ice, the Earth would have reflected most of the sun's warming rays back into space,&quot; Kaufman wrote.</p>
<p>&quot;Only a catastrophic event, like a huge volcanic eruption, a comet or asteroid impact, the sudden release of methane hydrates, or the overturn of a deep, stagnant ocean, could have pumped enough carbon dioxide back into the atmosphere to melt the planet's icy shell.&quot;</p>
<p>But the planet did recover, Evans pointed out. &quot;Our planet's subsequent recoveries to more mild temperatures would indicate a remarkable resilience to extreme perturbation in climate,&quot; he concluded.</p>
</text>
<copyright>(c) Reuters Limited 1997</copyright>
<metadata>
<codes class="bip:countries:1.0">
  <code code="UK">
    <editdetail attribution="Reuters BIP Coding Group" action="confirmed" date="1997-03-19"/>
  </code>
  <code code="USA">
    <editdetail attribution="Reuters BIP Coding Group" action="confirmed" date="1997-03-19"/>
  </code>
</codes>
<codes class="bip:topics:1.0">
  <code code="GCAT">
    <editdetail attribution="Reuters BIP Coding Group" action="confirmed" date="1997-03-19"/>
  </code>
  <code code="GENV">
    <editdetail attribution="Reuters BIP Coding Group" action="confirmed" date="1997-03-19"/>
  </code>
  <code code="GSCI">
    <editdetail attribution="Reuters BIP Coding Group" action="confirmed" date="1997-03-19"/>
  </code>
</codes>
<dc element="dc.date.created" value="1997-03-19"/>
<dc element="dc.publisher" value="Reuters Holdings Plc"/>
<dc element="dc.date.published" value="1997-03-19"/>
<dc element="dc.source" value="Reuters"/>
<dc element="dc.creator.location" value="LONDON"/>
<dc element="dc.creator.location.country.name" value="UK"/>
<dc element="dc.source" value="Reuters"/>
</metadata>
</newsitem>
