<?xml version="1.0" encoding="iso-8859-1" ?>
<newsitem itemid="452366" id="root" date="1997-03-19" xml:lang="en">
<title>UK: London LIFFE futures APT closing prices.</title>
<headline>London LIFFE futures APT closing prices.</headline>
<dateline>LONDON 1997-03-19</dateline>
<text>
<p>London International Financial Futures Exchange Automated pit trading (APT) tabular details:</p>
<p>   CONTRACT (MONTH)	APT CLOSE  SETTLEMENT  PREVIOUS SETTLE</p>
<p>   LONG GILT (MAR) (1/32)  109-23	 109-27	    110-21</p>
<p>   SHORT STERLING (JUN)     93.32	  93.33	     93.74</p>
<p>   GERMAN GOVT BOND (JUN)   99.74	  99.95	    100.01</p>
<p>   EUROMARK (APR)	     96.73	  96.73	     96.73</p>
<p>   ITALIAN GOVT BOND (JUN) 124.57	 124.87	    124.17</p>
<p>   EUROLIRA (JUN)	     92.73	  92.77	     92.72</p>
<p>   EUROSWISS (JUN)	    98.09	  98.12	     98.16</p>
<p>   FTSE 100 (MAR)	  4,319.00     4,331.00	  4,361.00</p>
</text>
<copyright>(c) Reuters Limited 1997</copyright>
<metadata>
<codes class="bip:countries:1.0">
  <code code="UK">
    <editdetail attribution="Reuters BIP Coding Group" action="confirmed" date="1997-03-19"/>
  </code>
</codes>
<codes class="bip:topics:1.0">
  <code code="M11">
    <editdetail attribution="Reuters BIP Coding Group" action="confirmed" date="1997-03-19"/>
  </code>
  <code code="M12">
    <editdetail attribution="Reuters BIP Coding Group" action="confirmed" date="1997-03-19"/>
  </code>
  <code code="M13">
    <editdetail attribution="Reuters BIP Coding Group" action="confirmed" date="1997-03-19"/>
  </code>
  <code code="M132">
    <editdetail attribution="Reuters BIP Coding Group" action="confirmed" date="1997-03-19"/>
  </code>
  <code code="MCAT">
    <editdetail attribution="Reuters BIP Coding Group" action="confirmed" date="1997-03-19"/>
  </code>
</codes>
<dc element="dc.date.created" value="1997-03-19"/>
<dc element="dc.publisher" value="Reuters Holdings Plc"/>
<dc element="dc.date.published" value="1997-03-19"/>
<dc element="dc.source" value="Reuters"/>
<dc element="dc.creator.location" value="LONDON"/>
<dc element="dc.creator.location.country.name" value="UK"/>
<dc element="dc.source" value="Reuters"/>
</metadata>
</newsitem>
