<?xml version="1.0" encoding="iso-8859-1" ?>
<newsitem itemid="452334" id="root" date="1997-03-19" xml:lang="en">
<title>LATVIA: SAVINGS BANK PUBLIC OFFER RULES DUE MARCH 20.</title>
<headline>SAVINGS BANK PUBLIC OFFER RULES DUE MARCH 20.</headline>
<dateline>RIGA 1997-03-19</dateline>
<text>
<p>The rules for the public offer of shares in state-owned Latvian Savings Bank (Krajbanka) will be decided tomorrow, March 20, the Latvian Privatisation Agency (LPA) said on Wednesday.</p>
<p>&quot;It will be decided tomorrow how much of the 51 percent state stake of Savings Bank will be sold in the public offer,&quot; Viktor Shadinov, LPA legal manager, told a news conference.  </p>
<p>He said that the privatisation agency has decided not to sell Savings Bank's shares for vouchers to employees in order not to reduce the number of shares in the public offer and not to bring up the price.</p>
<p>Savings Bank is the last major bank privatisation in Latvia after the government sold off shares in Unibanka, now quoted on the stock exchange.</p>
<p>Analysts say that foreign and local banks may be interested in taking part in the sale of Savings Bank and the European Bank for Reconstruction and Development (EBRD) has already expressed an interest.  </p>
<p>The government owns 75 percent of Savings Bank but it is to keep some of the bank. Due to the EBRD interest, there will be for some time a government stake in Savings Bank, the LPA said.</p>
<p>The remaining 25 percent of Savings Bank is shared between three Ventspils companies and the SWH company plus other private investors.</p>
<p>-- Martinsh Gravitis, Riga Newsroom, +371 721 5240</p>
</text>
<copyright>(c) Reuters Limited 1997</copyright>
<metadata>
<codes class="bip:countries:1.0">
  <code code="LATV">
    <editdetail attribution="Reuters BIP Coding Group" action="confirmed" date="1997-03-19"/>
  </code>
</codes>
<codes class="bip:industries:1.0">
  <code code="I81403">
    <editdetail attribution="Reuters BIP Coding Group" action="confirmed" date="1997-03-19"/>
  </code>
</codes>
<codes class="bip:topics:1.0">
  <code code="C17">
    <editdetail attribution="Reuters BIP Coding Group" action="confirmed" date="1997-03-19"/>
  </code>
  <code code="C171">
    <editdetail attribution="Reuters BIP Coding Group" action="confirmed" date="1997-03-19"/>
  </code>
  <code code="C18">
    <editdetail attribution="Reuters BIP Coding Group" action="confirmed" date="1997-03-19"/>
  </code>
  <code code="C183">
    <editdetail attribution="Reuters BIP Coding Group" action="confirmed" date="1997-03-19"/>
  </code>
  <code code="CCAT">
    <editdetail attribution="Reuters BIP Coding Group" action="confirmed" date="1997-03-19"/>
  </code>
</codes>
<dc element="dc.date.created" value="1997-03-19"/>
<dc element="dc.publisher" value="Reuters Holdings Plc"/>
<dc element="dc.date.published" value="1997-03-19"/>
<dc element="dc.source" value="Reuters"/>
<dc element="dc.creator.location" value="RIGA"/>
<dc element="dc.creator.location.country.name" value="LATVIA"/>
<dc element="dc.source" value="Reuters"/>
</metadata>
</newsitem>
