<?xml version="1.0" encoding="iso-8859-1" ?>
<newsitem itemid="452393" id="root" date="1997-03-19" xml:lang="en">
<title>UK: BBC back on FM in Albania after plea to PM.</title>
<headline>BBC back on FM in Albania after plea to PM.</headline>
<dateline>LONDON 1997-03-19</dateline>
<text>
<p>BBC World Service can be heard on FM radio in Albania again after an appeal to Prime Minister Bashkim Fino to turn the BBC transmitter back on.</p>
<p>The 24-hour transmissions to Albania in Albanian and English stopped on March 2 when the BBC's FM transmitter on Mount Dajti in central Albania was switched off following the declaration of a state of emergency, the World Service said on Wednesday.</p>
<p>The transmitter has been switched on again following a World Service telephone call to Fino, it said. Albania has been swept by riots in the past three weeks following the collapse of fraudulent pyramid investment schemes.</p>
<p>Three daily transmissions -- at 0630, 1415 and 1800 GMT -- are broadcast on FM, shortwave and satellite to Albania from Britain and Cyprus.</p>
</text>
<copyright>(c) Reuters Limited 1997</copyright>
<metadata>
<codes class="bip:countries:1.0">
  <code code="ALB">
    <editdetail attribution="Reuters BIP Coding Group" action="confirmed" date="1997-03-19"/>
  </code>
  <code code="UK">
    <editdetail attribution="Reuters BIP Coding Group" action="confirmed" date="1997-03-19"/>
  </code>
</codes>
<codes class="bip:topics:1.0">
  <code code="C21">
    <editdetail attribution="Reuters BIP Coding Group" action="confirmed" date="1997-03-19"/>
  </code>
  <code code="CCAT">
    <editdetail attribution="Reuters BIP Coding Group" action="confirmed" date="1997-03-19"/>
  </code>
  <code code="GCAT">
    <editdetail attribution="Reuters BIP Coding Group" action="confirmed" date="1997-03-19"/>
  </code>
  <code code="GENT">
    <editdetail attribution="Reuters BIP Coding Group" action="confirmed" date="1997-03-19"/>
  </code>
</codes>
<dc element="dc.date.created" value="1997-03-19"/>
<dc element="dc.publisher" value="Reuters Holdings Plc"/>
<dc element="dc.date.published" value="1997-03-19"/>
<dc element="dc.source" value="Reuters"/>
<dc element="dc.creator.location" value="LONDON"/>
<dc element="dc.creator.location.country.name" value="UK"/>
<dc element="dc.source" value="Reuters"/>
</metadata>
</newsitem>
