<?xml version="1.0" encoding="iso-8859-1" ?>
<newsitem itemid="452309" id="root" date="1997-03-19" xml:lang="en">
<title>POLAND: BOURSE LIFTS ESPEBEPE PRICE LIMITS THURS.</title>
<headline>BOURSE LIFTS ESPEBEPE PRICE LIMITS THURS.</headline>
<dateline>WARSAW 1997-03-19</dateline>
<text>
<p>The Polish bourse will allow builder Espebepe SA to trade without the regular daily 10-percent price fluctuation limit on Thursday due to recent excess supply, the bourse said in a statement on Wednesday.</p>
<p>Espebepe has plunged 26 percent during the last three sessions with no trade after price-fixing due to excess supply after a court on Friday postponed the firm's creditors meeting deciding on a possible debt write-off deal.</p>
<p>&quot;Due to the unbalanced market...the management of the Warsaw bourse has decided to lift the price change limits on...Espebepe for the bourse session on March 20,&quot; the statement said.</p>
<p>Espebepe has debts of about 75 million zlotys.</p>
<p>-- Warsaw Newsroom +48 22 653 9700</p>
</text>
<copyright>(c) Reuters Limited 1997</copyright>
<metadata>
<codes class="bip:countries:1.0">
  <code code="POL">
    <editdetail attribution="Reuters BIP Coding Group" action="confirmed" date="1997-03-19"/>
  </code>
</codes>
<codes class="bip:industries:1.0">
  <code code="I50100">
    <editdetail attribution="Reuters BIP Coding Group" action="confirmed" date="1997-03-19"/>
  </code>
</codes>
<codes class="bip:topics:1.0">
  <code code="C13">
    <editdetail attribution="Reuters BIP Coding Group" action="confirmed" date="1997-03-19"/>
  </code>
  <code code="C15">
    <editdetail attribution="Reuters BIP Coding Group" action="confirmed" date="1997-03-19"/>
  </code>
  <code code="C152">
    <editdetail attribution="Reuters BIP Coding Group" action="confirmed" date="1997-03-19"/>
  </code>
  <code code="C17">
    <editdetail attribution="Reuters BIP Coding Group" action="confirmed" date="1997-03-19"/>
  </code>
  <code code="CCAT">
    <editdetail attribution="Reuters BIP Coding Group" action="confirmed" date="1997-03-19"/>
  </code>
</codes>
<dc element="dc.date.created" value="1997-03-19"/>
<dc element="dc.publisher" value="Reuters Holdings Plc"/>
<dc element="dc.date.published" value="1997-03-19"/>
<dc element="dc.source" value="Reuters"/>
<dc element="dc.creator.location" value="WARSAW"/>
<dc element="dc.creator.location.country.name" value="POLAND"/>
<dc element="dc.source" value="Reuters"/>
</metadata>
</newsitem>
