<?xml version="1.0" encoding="iso-8859-1" ?>
<newsitem itemid="452394" id="root" date="1997-03-19" xml:lang="en">
<title>UK: LIFFE white sugar takes cue from NY bears, in rang.</title>
<headline>LIFFE white sugar takes cue from NY bears, in rang.</headline>
<dateline>LONDON 1997-03-19</dateline>
<text>
<p>London's white sugar futures market perked up after its dismal start to Wednesday's session but although outright trades boosted turnover ranges still remained tight across the board.</p>
<p>The whites market took its cue to move lower after light sell stops were triggered at 10.75 cents/lb basis the May raws contract, traders said.</p>
<p>&quot;It's just following New York...and the whites have gone down with it,&quot; said one trader, noting a mixed bag of players engaged in mostly outright dealings.</p>
<p>The May arbitrage widened out to around $68.50, with sellers said to be waiting in the wings at $69 and above. Interest was noted in the further forward premiums but the rangebound levels were discouraging actual trades.</p>
<p>At 1655 GMT May was up 10 cents at $306.40 and August down 20 cents at $305.00. Others were slightly lower.</p>
<p>Volume was dominated by the two front months and amounted to 829 lots, an improvement from the morning when turnover remained in single figures.</p>
<p>In Paris volume stayed thin at 290 lots. May was down 40 cents lower at $305.50 and August down 80 cents at $304.50.</p>
<p>In other news, dock workers at Colombia's port of Buenaventura are threatening new strike action which could begin in less than a month.</p>
<p>The workers are protesting against the failure port operators' failure to fulfill the terms of an accord hammered out in January, which ended a crippling nine-day stoppage paralysing the export of 27,000 tonnes of sugar.</p>
<p>Costa Rica is negotiating an annual sugar quota with Venezuela to the tune of 15,000 tonnes at reduced tariff.</p>
<p>-- Jeremy Smith, London Newsroom +44 171 542 8064</p>
</text>
<copyright>(c) Reuters Limited 1997</copyright>
<metadata>
<codes class="bip:countries:1.0">
  <code code="UK">
    <editdetail attribution="Reuters BIP Coding Group" action="confirmed" date="1997-03-19"/>
  </code>
</codes>
<codes class="bip:topics:1.0">
  <code code="M14">
    <editdetail attribution="Reuters BIP Coding Group" action="confirmed" date="1997-03-19"/>
  </code>
  <code code="M141">
    <editdetail attribution="Reuters BIP Coding Group" action="confirmed" date="1997-03-19"/>
  </code>
  <code code="MCAT">
    <editdetail attribution="Reuters BIP Coding Group" action="confirmed" date="1997-03-19"/>
  </code>
</codes>
<dc element="dc.date.created" value="1997-03-19"/>
<dc element="dc.publisher" value="Reuters Holdings Plc"/>
<dc element="dc.date.published" value="1997-03-19"/>
<dc element="dc.source" value="Reuters"/>
<dc element="dc.creator.location" value="LONDON"/>
<dc element="dc.creator.location.country.name" value="UK"/>
<dc element="dc.source" value="Reuters"/>
</metadata>
</newsitem>
