<?xml version="1.0" encoding="iso-8859-1" ?>
<newsitem itemid="452310" id="root" date="1997-03-19" xml:lang="en">
<title>HUNGARY: ZALAKERAMIA OWNERS APPROVE CAPITAL RAISE.</title>
<headline>ZALAKERAMIA OWNERS APPROVE CAPITAL RAISE.</headline>
<dateline>BUDAPEST 1997-03-19</dateline>
<text>
<p>Shareholders of Hungarian tile maker Zalakeramia gave their approval for the issue of new stocks at an extraordiary shareholders meeting on Wednesday.</p>
<p>The company will privately issue new shares between 900,000 and 1,200,000 units, board member Sandor Jellen told Reuters.</p>
<p>&quot;The board was mandated to decide the timing of the issue,&quot; he said. &quot;But it will be done in the most appropriate time.&quot;</p>
<p>He did not say at what price the shares would be offered.</p>
<p>Credit Suisse First Boston and Raiffeisen Zentral Bank will act as lead managers in the transaction.</p>
<p>Zalakeramia will spend the money it raises to finance its planned acquisitions, two of which are already completed.</p>
<p>The company announced earlier this month that it acquired a majority stake in Hungarian tile maker Pietra Rt.</p>
<p>The Pietra deal follows the acquisition of a 79.3 percent stake in Croatia's Inker ceramics factory. This deal was signed on February 28.</p>
<p>Zalakeramia said in mid-March it began to tap the 20 million German mark bridging credit line to which it resorted to finance the Inker deal which was completed before the capital increase.</p>
<p>The new shares, in the form of Global Depositary Receipts (GDRs), will be traded on the SEAQ in London.</p>
<p>Zalakeramia shares closed unchanged at 8,300 forints on the Budapest Stock Exchange.</p>
<p>-- Emese Bartha, Budapest newsroom +36 1 327-4040</p>
</text>
<copyright>(c) Reuters Limited 1997</copyright>
<metadata>
<codes class="bip:countries:1.0">
  <code code="HUNG">
    <editdetail attribution="Reuters BIP Coding Group" action="confirmed" date="1997-03-19"/>
  </code>
</codes>
<codes class="bip:industries:1.0">
  <code code="I24800">
    <editdetail attribution="Reuters BIP Coding Group" action="confirmed" date="1997-03-19"/>
  </code>
</codes>
<codes class="bip:topics:1.0">
  <code code="C17">
    <editdetail attribution="Reuters BIP Coding Group" action="confirmed" date="1997-03-19"/>
  </code>
  <code code="C171">
    <editdetail attribution="Reuters BIP Coding Group" action="confirmed" date="1997-03-19"/>
  </code>
  <code code="CCAT">
    <editdetail attribution="Reuters BIP Coding Group" action="confirmed" date="1997-03-19"/>
  </code>
</codes>
<dc element="dc.date.created" value="1997-03-19"/>
<dc element="dc.publisher" value="Reuters Holdings Plc"/>
<dc element="dc.date.published" value="1997-03-19"/>
<dc element="dc.source" value="Reuters"/>
<dc element="dc.creator.location" value="BUDAPEST"/>
<dc element="dc.creator.location.country.name" value="HUNGARY"/>
<dc element="dc.source" value="Reuters"/>
</metadata>
</newsitem>
