<?xml version="1.0" encoding="iso-8859-1" ?>
<newsitem itemid="452338" id="root" date="1997-03-19" xml:lang="en">
<title>LITHUANIA: MERRILL LYNCH SAYS LITHUANIA CURRENCY FEARS OVER.</title>
<headline>MERRILL LYNCH SAYS LITHUANIA CURRENCY FEARS OVER.</headline>
<dateline>VILNIUS 1997-03-19</dateline>
<text>
<p>U.S. investment bank Merrill Lynch says that fears that the Lithuanian government will quickly end the country's currency board have subsided, restoring investor confidence in the Baltic state.</p>
<p>&quot;Since the elections in the fall, the credit and financial story has improved considerably in Lithuania,&quot; one Merrill analyst told Reuters by telephone.</p>
<p>&quot;A lot of people were very concerned at first about the government's plans to do away with the currency board,&quot; he said.</p>
<p>&quot;But the government seems to be dealing with the currency board now in a manner that makes sense,&quot; he added.</p>
<p>The right-of-centre government headed by Gediminas Vagnorius sparked investor concerns in the wake of last fall's elections when it said it would swiftly scrap the currency board.</p>
<p>Under the system, the central bank guarantees that it will keep one dollar in reserve for every four litas in circulation, freezing the exchange rate at that level.</p>
<p>The government has since backed down from its post-election vow and says the system will be gradually scrapped over a two to three year period, starting with repo auctions next month.</p>
<p>The Merrill analyst added that the government's commitment to privatise key assets in the energy sector and other strategic areas was welcome.</p>
<p>&quot;It sounds like the government is going to sell firms that were off limits before, including those in the energy sector, and that it the right move at this stage,&quot; he said.</p>
<p>He also said that Lithuania should acquire a good rating from Standard and Poor's, which is expected in the next two or three months ahead of a planned $200 million eurobond.</p>
<p>&quot;Lithuania's S&amp;P rating should be a BB+ or a BBB-,&quot; the analyst said.</p>
<p>-- Ed Stoddard, Vilnius newsroom +370 2 22 35 18</p>
</text>
<copyright>(c) Reuters Limited 1997</copyright>
<metadata>
<codes class="bip:countries:1.0">
  <code code="LITH">
    <editdetail attribution="Reuters BIP Coding Group" action="confirmed" date="1997-03-19"/>
  </code>
</codes>
<codes class="bip:topics:1.0">
  <code code="E12">
    <editdetail attribution="Reuters BIP Coding Group" action="confirmed" date="1997-03-19"/>
  </code>
  <code code="ECAT">
    <editdetail attribution="Reuters BIP Coding Group" action="confirmed" date="1997-03-19"/>
  </code>
  <code code="M13">
    <editdetail attribution="Reuters BIP Coding Group" action="confirmed" date="1997-03-19"/>
  </code>
  <code code="M132">
    <editdetail attribution="Reuters BIP Coding Group" action="confirmed" date="1997-03-19"/>
  </code>
  <code code="MCAT">
    <editdetail attribution="Reuters BIP Coding Group" action="confirmed" date="1997-03-19"/>
  </code>
</codes>
<dc element="dc.date.created" value="1997-03-19"/>
<dc element="dc.publisher" value="Reuters Holdings Plc"/>
<dc element="dc.date.published" value="1997-03-19"/>
<dc element="dc.source" value="Reuters"/>
<dc element="dc.creator.location" value="VILNIUS"/>
<dc element="dc.creator.location.country.name" value="LITHUANIA"/>
<dc element="dc.source" value="Reuters"/>
</metadata>
</newsitem>
