<?xml version="1.0" encoding="iso-8859-1" ?>
<newsitem itemid="452331" id="root" date="1997-03-19" xml:lang="en">
<title>CZECH REPUBLIC: CZECH C.BANK SAYS CROWN DEVAL NO EXPORT PANACEA.</title>
<headline>CZECH C.BANK SAYS CROWN DEVAL NO EXPORT PANACEA.</headline>
<dateline>PRAGUE 1997-03-19</dateline>
<text>
<p>The Czech central bank (CNB) said on Wednesday that a devaluation of the crown would not provide a significant boost to exports.</p>
<p>&quot;The main exporters in the Czech Republic don't confirm that the devaluation of the crown would help them to increase exports...Devaluation or exchange rate change wouldn't be the best medicine,&quot; CNB spokesman Martin Svehla told Reuters.</p>
<p>The Czech crown weakened in morning trading with dealers blaming televised comments by the director of the National Economics Institute Jan Svejnar late on Tuesday that the crown should be gradually devalued to help exports.</p>
<p>The crown was fixed at 29.072 to the dollar and 17.277 to the mark putting it 1.82 percent above the mid-point of its mar/dollar basket. The crown opened at around 2.3 perecnt above the midpoint.</p>
<p>Immediately after the CNB comments the crown recovered to close to its opening level.  </p>
<p>Svejnar, one of the most respected economists in the country, based his recommendations for a devaluation on the argument that the crown was undergoing a real appreciation against its main trading partners because of higher consumer price inflation in the Czech Republic.</p>
<p>Svehla said the central bank understood Svejnar's argument but believed that the producer price index, which is rising at around half the rate of consumer inflation, was a more important indicator of export competitiveness.  </p>
<p>&quot;If we base this comparison (with western countries) on the level of PPI the real appreciation (of the crown) is not as fast as one could think on the basis of CPI,&quot; said Svehla.</p>
<p>PPI is running at a yearly rate of around four percent compared with eight percent for CPI, Svehla said.</p>
<p>The Czech trade deficit was approximately $5.5 billion in 1996 and was $469 million for the month of January, at Wednesday's exchange rate.</p>
<p>The Czech Republic's current account ended 1996 with a deficit of $4.476 billion, compared to a $1.362 billion shortfall in 1995, the central bank said on Tuesday. Foreign exchange reserves are still healthy, it added.</p>
<p>-- Robin Shepherd, Prague Newsroom, 420-2-2423-0003</p>
</text>
<copyright>(c) Reuters Limited 1997</copyright>
<metadata>
<codes class="bip:countries:1.0">
  <code code="CZREP">
    <editdetail attribution="Reuters BIP Coding Group" action="confirmed" date="1997-03-19"/>
  </code>
</codes>
<codes class="bip:topics:1.0">
  <code code="E12">
    <editdetail attribution="Reuters BIP Coding Group" action="confirmed" date="1997-03-19"/>
  </code>
  <code code="E51">
    <editdetail attribution="Reuters BIP Coding Group" action="confirmed" date="1997-03-19"/>
  </code>
  <code code="E512">
    <editdetail attribution="Reuters BIP Coding Group" action="confirmed" date="1997-03-19"/>
  </code>
  <code code="ECAT">
    <editdetail attribution="Reuters BIP Coding Group" action="confirmed" date="1997-03-19"/>
  </code>
  <code code="M13">
    <editdetail attribution="Reuters BIP Coding Group" action="confirmed" date="1997-03-19"/>
  </code>
  <code code="M132">
    <editdetail attribution="Reuters BIP Coding Group" action="confirmed" date="1997-03-19"/>
  </code>
  <code code="MCAT">
    <editdetail attribution="Reuters BIP Coding Group" action="confirmed" date="1997-03-19"/>
  </code>
</codes>
<dc element="dc.date.created" value="1997-03-19"/>
<dc element="dc.publisher" value="Reuters Holdings Plc"/>
<dc element="dc.date.published" value="1997-03-19"/>
<dc element="dc.source" value="Reuters"/>
<dc element="dc.creator.location" value="PRAGUE"/>
<dc element="dc.creator.location.country.name" value="CZECH REPUBLIC"/>
<dc element="dc.source" value="Reuters"/>
</metadata>
</newsitem>
