<?xml version="1.0" encoding="iso-8859-1" ?>
<newsitem itemid="452342" id="root" date="1997-03-19" xml:lang="en">
<title>LATVIA: BUSINESS NEWSPAPER SEES LAT REVALUATION.</title>
<headline>BUSINESS NEWSPAPER SEES LAT REVALUATION.</headline>
<dateline>RIGA 1997-03-19</dateline>
<text>
<p>Latvian business newspaper Dienas Bizness said in its editorial on Wednesday that the lat may be revalued upwards.</p>
<p>The newspaper said that the most important argument backing such a forecast was the low rate on government Treasury bills.</p>
<p>It said that foreign investors were buying Latvian T-bills with an annual yield of four to five percent when it was more profitable to invest in U.S. paper at five to six percent.</p>
<p>It also said that a revaluation upwards would be favoured by some major Latvian food companies which have soon to begin to repay G24 credits in dollars but whose main income is in lats.</p>
<p>&quot;Financial experts are unanimous in saying that the Bank of Latvia does not have to revalue the currenct itself but it would be enough to determine a freely-floating exchange rate,&quot; the newspaper said in its editorial.</p>
<p>The Latvian central bank yesterday said that the lat was undervalued in terms of purchasing power parity.</p>
<p>Central bank governor Einar Repshe also told Reuters in an interview last week that he believed the lat was slightly undervalued.</p>
<p>However, he said there would be no change in the central bank's policy of keeping the lat pegged to the SDR.</p>
<p>Dienas Bizness also quoted Latvia International Monetary Fund (IMF) representative Dimitri Demekas as saying there were no plans to revalue the lat.</p>
<p>&quot;We do not see any signs in the basic economic indicators of Latvia which would force such a step,&quot; he told the newspaper, adding that he was surprised such talk had begun at all.</p>
<p>-- Patrick Lannin, Riga Newsroom +371 721 5240</p>
</text>
<copyright>(c) Reuters Limited 1997</copyright>
<metadata>
<codes class="bip:countries:1.0">
  <code code="LATV">
    <editdetail attribution="Reuters BIP Coding Group" action="confirmed" date="1997-03-19"/>
  </code>
</codes>
<codes class="bip:topics:1.0">
  <code code="E12">
    <editdetail attribution="Reuters BIP Coding Group" action="confirmed" date="1997-03-19"/>
  </code>
  <code code="ECAT">
    <editdetail attribution="Reuters BIP Coding Group" action="confirmed" date="1997-03-19"/>
  </code>
  <code code="M13">
    <editdetail attribution="Reuters BIP Coding Group" action="confirmed" date="1997-03-19"/>
  </code>
  <code code="M132">
    <editdetail attribution="Reuters BIP Coding Group" action="confirmed" date="1997-03-19"/>
  </code>
  <code code="MCAT">
    <editdetail attribution="Reuters BIP Coding Group" action="confirmed" date="1997-03-19"/>
  </code>
</codes>
<dc element="dc.date.created" value="1997-03-19"/>
<dc element="dc.publisher" value="Reuters Holdings Plc"/>
<dc element="dc.date.published" value="1997-03-19"/>
<dc element="dc.source" value="Reuters"/>
<dc element="dc.creator.location" value="RIGA"/>
<dc element="dc.creator.location.country.name" value="LATVIA"/>
<dc element="dc.source" value="Reuters"/>
</metadata>
</newsitem>
