<?xml version="1.0" encoding="iso-8859-1" ?>
<newsitem itemid="452352" id="root" date="1997-03-19" xml:lang="en">
<title>UK: Major agrees to TV debate with Blair-party.</title>
<headline>Major agrees to TV debate with Blair-party.</headline>
<dateline>LONDON 1997-03-19</dateline>
<text>
<p>Prime Minister John Major has agreed to go ahead with television debates with opposition leader Tony Blair in the run-up to a May 1 general election, his Conservative Party said on Wednesday.</p>
<p>Blair's Labour Party has been pressing for the debates, along the lines of those held in the U.S. presidential election, and Major recently indicated he favoured the idea.</p>
<p>A Conservative spokeswoman said Major had instructed a senior party official to begin negotiations over the debates with both the British Broadcasting Corporation and Independent Television.</p>
<p>Both companies have put forward proposals for two 90-minute debates between the two leaders during the election campaign.</p>
<p>But the minority Liberal Democrats have objected, saying their leader, Paddy Ashdown, must be allowed to take part under rules giving the major parties equal airtime during the election campaign.</p>
<p>The Conservative official would try to agree with the television companies a formula that would be in keeping with the election guidelines, while allowing a head-to-head debate between Major and Blair, the spokeswoman said.</p>
<p>With few major policy differences between the two main parties, the debates will highlight the great gulf in style between the two leaders.</p>
<p>Major's lack of charisma has earned him the title &quot;the grey man of politics&quot;, but the Conservatives see his very &quot;ordinariness&quot; as their greatest asset.</p>
<p>His personal opinion poll ratings have persistently exceeded those of his own party, while many voters are suspicious of Blair's slick presentation.</p>
<p>Labour is currently around 25 points ahead of the Conservatives in opinion polls, but Major says he is confident he can win the election with his personal style of campaigning from a battered soapbox.</p>
</text>
<copyright>(c) Reuters Limited 1997</copyright>
<metadata>
<codes class="bip:countries:1.0">
  <code code="UK">
    <editdetail attribution="Reuters BIP Coding Group" action="confirmed" date="1997-03-19"/>
  </code>
</codes>
<codes class="bip:topics:1.0">
  <code code="GCAT">
    <editdetail attribution="Reuters BIP Coding Group" action="confirmed" date="1997-03-19"/>
  </code>
  <code code="GPOL">
    <editdetail attribution="Reuters BIP Coding Group" action="confirmed" date="1997-03-19"/>
  </code>
  <code code="GVOTE">
    <editdetail attribution="Reuters BIP Coding Group" action="confirmed" date="1997-03-19"/>
  </code>
</codes>
<dc element="dc.date.created" value="1997-03-19"/>
<dc element="dc.publisher" value="Reuters Holdings Plc"/>
<dc element="dc.date.published" value="1997-03-19"/>
<dc element="dc.source" value="Reuters"/>
<dc element="dc.creator.location" value="LONDON"/>
<dc element="dc.creator.location.country.name" value="UK"/>
<dc element="dc.source" value="Reuters"/>
</metadata>
</newsitem>
