<?xml version="1.0" encoding="iso-8859-1" ?>
<newsitem itemid="452364" id="root" date="1997-03-19" xml:lang="en">
<title>UK: Hormones give bird siblings edge in deadly rivalry.</title>
<headline>Hormones give bird siblings edge in deadly rivalry.</headline>
<dateline>LONDON 1997-03-19</dateline>
<text>
<p>Parents birds may secretly favour certain offspring by adding extra hormones to their eggs, U.S. biologists reported on Wednesday.</p>
<p>The extra hormones give just the boost squabbling chicks need to dominate younger siblings, Douglas Mock of the University of Oklahoma and colleagues said.</p>
<p>Mock's group studied cattle egrets, which lay three-egg clutches over a period of time. &quot;The two first-laid eggs contained more androgens than the third,&quot; they wrote in a letter to the science journal Nature.</p>
<p>Androgens are &quot;male&quot; hormones such as testosterone, which can regulate aggressive behaviour.</p>
<p>&quot;Egret mothers deposit more androgens in the first eggs of their clutches, adding a potential hormonal boost to the advantage caused by earlier hatching,&quot; they wrote.</p>
<p>&quot;This may help senior siblings eliminate junior nest-mates.&quot;</p>
<p>Mock's group did not know whether the extra hormones actually helped the older chicks shoulder their younger nest-mates out of the way when begging for food, or helped them grow faster.</p>
<p>Other researchers have found that canaries add the extra testosterone to later eggs.</p>
</text>
<copyright>(c) Reuters Limited 1997</copyright>
<metadata>
<codes class="bip:countries:1.0">
  <code code="UK">
    <editdetail attribution="Reuters BIP Coding Group" action="confirmed" date="1997-03-19"/>
  </code>
</codes>
<codes class="bip:topics:1.0">
  <code code="GCAT">
    <editdetail attribution="Reuters BIP Coding Group" action="confirmed" date="1997-03-19"/>
  </code>
  <code code="GENV">
    <editdetail attribution="Reuters BIP Coding Group" action="confirmed" date="1997-03-19"/>
  </code>
  <code code="GSCI">
    <editdetail attribution="Reuters BIP Coding Group" action="confirmed" date="1997-03-19"/>
  </code>
</codes>
<dc element="dc.date.created" value="1997-03-19"/>
<dc element="dc.publisher" value="Reuters Holdings Plc"/>
<dc element="dc.date.published" value="1997-03-19"/>
<dc element="dc.source" value="Reuters"/>
<dc element="dc.creator.location" value="LONDON"/>
<dc element="dc.creator.location.country.name" value="UK"/>
<dc element="dc.source" value="Reuters"/>
</metadata>
</newsitem>
