<?xml version="1.0" encoding="iso-8859-1" ?>
<newsitem itemid="452321" id="root" date="1997-03-19" xml:lang="en">
<title>POLAND: POLISH RATE CUT IMMINENT ONCE CREDIT SLOWS -FINMIN.</title>
<headline>POLISH RATE CUT IMMINENT ONCE CREDIT SLOWS -FINMIN.</headline>
<dateline>WARSAW 1997-03-19</dateline>
<text>
<p>Polish official interest rates should be cut when a steady decline in inflation is accompanied by a lasting slow-down in credit growth, Finance Minister Marek Belka said on Wednesday.</p>
<p>&quot;If the slow-down (in credit) which we already see continues and inflation keeps falling, nominal rates should fall,&quot; Belka told Reuters in an interview.</p>
<p>Belka said that with year-on-year inflation at 17.3 percent in February and T-bill yields at 21.2 percent, real interest rates were already high and an expected further fall in inflation and the resulting real rate rise should eventually slow credit and trigger a rate cut some time this year.</p>
<p>&quot;If we manage to shave further two points off current inflation in the next few months, real interest rates will rise to about six percent,&quot; Belka said.</p>
<p>&quot;This would mean a radical change in interest policy given the fact that not so long ago real rates were close to zero,&quot; he added.</p>
<p>The central bank, which raised this month obligatory reserves on banking deposits to contain credit expansion, has said it needed to see a significant drop in credit growth before any rate move was considered.</p>
<p>Last year, lending to the non-financial sector rose 40 percent in nominal terms with consumer credit more then doubling.</p>
<p>Belka said he accepted the rise in real rates as the ministry shared the independent central bank's concern about the trade deficit, fuelled by booming domestic demand.</p>
<p>But the rise in real rates increased costs of public debt servicing. &quot;We are accepting this (high real rates) with concern because it is increasing debt financing costs,&quot; Belka said.</p>
<p>-- Tomasz Janowski +48 22 653 9700</p>
</text>
<copyright>(c) Reuters Limited 1997</copyright>
<metadata>
<codes class="bip:countries:1.0">
  <code code="POL">
    <editdetail attribution="Reuters BIP Coding Group" action="confirmed" date="1997-03-19"/>
  </code>
</codes>
<codes class="bip:topics:1.0">
  <code code="E13">
    <editdetail attribution="Reuters BIP Coding Group" action="confirmed" date="1997-03-19"/>
  </code>
  <code code="E131">
    <editdetail attribution="Reuters BIP Coding Group" action="confirmed" date="1997-03-19"/>
  </code>
  <code code="ECAT">
    <editdetail attribution="Reuters BIP Coding Group" action="confirmed" date="1997-03-19"/>
  </code>
</codes>
<dc element="dc.date.created" value="1997-03-19"/>
<dc element="dc.publisher" value="Reuters Holdings Plc"/>
<dc element="dc.date.published" value="1997-03-19"/>
<dc element="dc.source" value="Reuters"/>
<dc element="dc.creator.location" value="WARSAW"/>
<dc element="dc.creator.location.country.name" value="POLAND"/>
<dc element="dc.source" value="Reuters"/>
</metadata>
</newsitem>
