<?xml version="1.0" encoding="iso-8859-1" ?>
<newsitem itemid="452304" id="root" date="1997-03-19" xml:lang="en">
<title>HUNGARY: CESI SHARE INDEX EDGES DOWN TO END AT 1,547.06 PTS.</title>
<headline>CESI SHARE INDEX EDGES DOWN TO END AT 1,547.06 PTS.</headline>
<dateline>BUDAPEST 1997-03-19</dateline>
<text>
<p>The CESI Central European Share Index weakened on Wednesday falling to 1,547.06 points, down 5.53 points or 0.36 percent, the Budapest Stock Exchange said.</p>
<p>The index, which has been published since February 1, 1996, reflects trends of 73 shares on the Budapest, Prague, Warsaw, Bratislava and Ljubljana bourses.</p>
<p>-- Budapest newsroom +36 1 327 4040</p>
</text>
<copyright>(c) Reuters Limited 1997</copyright>
<metadata>
<codes class="bip:countries:1.0">
  <code code="CZREP">
    <editdetail attribution="Reuters BIP Coding Group" action="confirmed" date="1997-03-19"/>
  </code>
  <code code="HUNG">
    <editdetail attribution="Reuters BIP Coding Group" action="confirmed" date="1997-03-19"/>
  </code>
  <code code="POL">
    <editdetail attribution="Reuters BIP Coding Group" action="confirmed" date="1997-03-19"/>
  </code>
  <code code="SLVAK">
    <editdetail attribution="Reuters BIP Coding Group" action="confirmed" date="1997-03-19"/>
  </code>
</codes>
<codes class="bip:topics:1.0">
  <code code="M11">
    <editdetail attribution="Reuters BIP Coding Group" action="confirmed" date="1997-03-19"/>
  </code>
  <code code="MCAT">
    <editdetail attribution="Reuters BIP Coding Group" action="confirmed" date="1997-03-19"/>
  </code>
</codes>
<dc element="dc.date.created" value="1997-03-19"/>
<dc element="dc.publisher" value="Reuters Holdings Plc"/>
<dc element="dc.date.published" value="1997-03-19"/>
<dc element="dc.source" value="Reuters"/>
<dc element="dc.creator.location" value="BUDAPEST"/>
<dc element="dc.creator.location.country.name" value="HUNGARY"/>
<dc element="dc.source" value="Reuters"/>
</metadata>
</newsitem>
