<?xml version="1.0" encoding="iso-8859-1" ?>
<newsitem itemid="452382" id="root" date="1997-03-19" xml:lang="en">
<title>UK: NWE gas oil gains with futures, but some prems eas.</title>
<headline>NWE gas oil gains with futures, but some prems eas.</headline>
<dateline>LONDON 1997-03-19</dateline>
<text>
<p>NWE gas oil gained up to $3 a tonne on the back of stronger IPE futures, but there were signs of weakness in some grades' premiums, traders said.</p>
<p>April IPE gas oil settled $3.25 stronger at $175 a tonne after a day spent confirming recent gains.</p>
<p>Heating oil barge premiums, however, were lower and DIN premiums also weakened after strong buying at the start of the week waned. Heating oil barges traded as low as April IPE -$2 fob ARA, although some traders thought the price was overdone. Barge traders said there was little fundemental interest with German buying still dormant.</p>
<p>DIN premiums were also pressured lower with a 10,000 tonne cargo into Rostock selling at April IPE +$5.50. This compared with the April IPE +7 and +$6.50 that were traded yesterday.</p>
<p>Russian premiums continued to show firmness with second half March material heard offered at April IPE +$4, about $1 stronger than yesterday. Traders said demand for large cargoes to take east was still evident in the market.</p>
<p>FOD endured another quiet day with bids heard at April +$4 cif and offers at +$5.</p>
<p>A diesel cargo of 10kt was sold at April IPE +$12.50 cif NWE, a broadly unchanged premium from Tuesday.</p>
</text>
<copyright>(c) Reuters Limited 1997</copyright>
<metadata>
<codes class="bip:countries:1.0">
  <code code="UK">
    <editdetail attribution="Reuters BIP Coding Group" action="confirmed" date="1997-03-19"/>
  </code>
</codes>
<codes class="bip:topics:1.0">
  <code code="M14">
    <editdetail attribution="Reuters BIP Coding Group" action="confirmed" date="1997-03-19"/>
  </code>
  <code code="M143">
    <editdetail attribution="Reuters BIP Coding Group" action="confirmed" date="1997-03-19"/>
  </code>
  <code code="MCAT">
    <editdetail attribution="Reuters BIP Coding Group" action="confirmed" date="1997-03-19"/>
  </code>
</codes>
<dc element="dc.date.created" value="1997-03-19"/>
<dc element="dc.publisher" value="Reuters Holdings Plc"/>
<dc element="dc.date.published" value="1997-03-19"/>
<dc element="dc.source" value="Reuters"/>
<dc element="dc.creator.location" value="LONDON"/>
<dc element="dc.creator.location.country.name" value="UK"/>
<dc element="dc.source" value="Reuters"/>
</metadata>
</newsitem>
