<?xml version="1.0" encoding="iso-8859-1" ?>
<newsitem itemid="452300" id="root" date="1997-03-19" xml:lang="en">
<title>CZECH REPUBLIC: CZECH SKODA CHAIRMAN SAYS HAS STATE STAKE INTEREST.</title>
<headline>CZECH SKODA CHAIRMAN SAYS HAS STATE STAKE INTEREST.</headline>
<dateline>PRAGUE 1997-03-19</dateline>
<text>
<p>Lubomir Soudek, chairman and the largest shareholder of Czech engineering concern Skoda a.s. , said he is interested in buying the state's 8.7 percent stake.</p>
<p>Speaking to reporters at a business forum in Prague, Soudek said he opposed a plan presented by the state privatisation agency, the National Property Fund (NPF), to sell the shares on the capital market.</p>
<p>&quot;We of course have interest in the NPF stake, together with (banks) Komercni Banka a.s. and IPB a.s. ,&quot; he said.</p>
<p>&quot;We would like to keep the eight percent in this consortium and we would not like it to be taken out. It would only destabilise the company. To sell it on the capital market would not be a serious approach of the NPF,&quot; he added.</p>
<p>Soudek's firm NERo s.r.o. holds 21.5 percent in the company, based in the western Czech city of Plzen. Komercni Banka, along with its investment funds holds about 12 percent of Skoda, while IPB has roughly six percent.</p>
<p>Soudek also said he was not pleased that Slovak steel mill VSZ a.s. has expressed an interest in possibly taking an unspecified stake in the company, but added that while he had not been been contacted by VSZ, he also could not stop it from acquiring Skoda shares.</p>
<p>&quot;We cannot avoid (VSZ buying into Skoda) if they buy from other shareholders. We do normally cooperate with VSZ, but I see no reason why they should enter Skoda,&quot; he said.</p>
<p>Skoda's production range spreads from beer cans to trucks and nuclear reactors. It is no longer affiliated with Volkswagen AG's Czech unit, car maker Skoda Automobilova a.s..</p>
<p>-- Jan Lopatka, Prague Newsroom, 420-2-2423-0003</p>
</text>
<copyright>(c) Reuters Limited 1997</copyright>
<metadata>
<codes class="bip:countries:1.0">
  <code code="CZREP">
    <editdetail attribution="Reuters BIP Coding Group" action="confirmed" date="1997-03-19"/>
  </code>
  <code code="SLVAK">
    <editdetail attribution="Reuters BIP Coding Group" action="confirmed" date="1997-03-19"/>
  </code>
</codes>
<codes class="bip:industries:1.0">
  <code code="I22100">
    <editdetail attribution="Reuters BIP Coding Group" action="confirmed" date="1997-03-19"/>
  </code>
  <code code="I32000">
    <editdetail attribution="Reuters BIP Coding Group" action="confirmed" date="1997-03-19"/>
  </code>
  <code code="I81402">
    <editdetail attribution="Reuters BIP Coding Group" action="confirmed" date="1997-03-19"/>
  </code>
</codes>
<codes class="bip:topics:1.0">
  <code code="C18">
    <editdetail attribution="Reuters BIP Coding Group" action="confirmed" date="1997-03-19"/>
  </code>
  <code code="C181">
    <editdetail attribution="Reuters BIP Coding Group" action="confirmed" date="1997-03-19"/>
  </code>
  <code code="C183">
    <editdetail attribution="Reuters BIP Coding Group" action="confirmed" date="1997-03-19"/>
  </code>
  <code code="CCAT">
    <editdetail attribution="Reuters BIP Coding Group" action="confirmed" date="1997-03-19"/>
  </code>
</codes>
<dc element="dc.date.created" value="1997-03-19"/>
<dc element="dc.publisher" value="Reuters Holdings Plc"/>
<dc element="dc.date.published" value="1997-03-19"/>
<dc element="dc.source" value="Reuters"/>
<dc element="dc.creator.location" value="PRAGUE"/>
<dc element="dc.creator.location.country.name" value="CZECH REPUBLIC"/>
<dc element="dc.source" value="Reuters"/>
</metadata>
</newsitem>
