<?xml version="1.0" encoding="iso-8859-1" ?>
<newsitem itemid="452370" id="root" date="1997-03-19" xml:lang="en">
<title>UK: LME copper stays clear of lows in late London.</title>
<headline>LME copper stays clear of lows in late London.</headline>
<dateline>LONDON 1997-03-19</dateline>
<text>
<p>LME copper held on during late inter-office activity to gains that it had made in a rebound from Wednesday's drop down near the psychological $2,300 per tonne level.</p>
<p>Successive waves of selling, largely fund liquidation, had pressured three month copper prices, which bottomed out at $2,305 before a bounce on short-covering and trade buying.</p>
<p>The market finished the kerb with pared losses of $8 at $2,325 and was bid at $2,324 by the time Comex closed at 1900 GMT.</p>
<p>Nickel joined copper in a modest rally, bouncing off a low of $7,870 to finish the day back above the 30-day moving average and around the $8,000 mark. It was bid at $7,990 by 1900 GMT.</p>
<p>Nickel prices have already gained some 30 percent since the end of 1996 and further advances are expected for the rest of this year and in 1998, Dr Mo Ahmadzadeh president of Rudolf Wolff and Co Inc said.</p>
<p>In a speech prepared for delivery at the Institute of Scrap Re-cycling Industries (ISRI) annual convention in Las Vegas, Ahmadzadeh said the market may pull back in the short term to around $7,500.</p>
<p>Aluminium also got a minor boost from copper's rebound, prying itself loose of the $1,640 level it had held most of the day to close the kerb at its high of $1,647, a gain of $5. It held these values in late activity. -London Newsroom +44 v171 542 7729</p>
</text>
<copyright>(c) Reuters Limited 1997</copyright>
<metadata>
<codes class="bip:countries:1.0">
  <code code="UK">
    <editdetail attribution="Reuters BIP Coding Group" action="confirmed" date="1997-03-19"/>
  </code>
</codes>
<codes class="bip:topics:1.0">
  <code code="M14">
    <editdetail attribution="Reuters BIP Coding Group" action="confirmed" date="1997-03-19"/>
  </code>
  <code code="M142">
    <editdetail attribution="Reuters BIP Coding Group" action="confirmed" date="1997-03-19"/>
  </code>
  <code code="MCAT">
    <editdetail attribution="Reuters BIP Coding Group" action="confirmed" date="1997-03-19"/>
  </code>
</codes>
<dc element="dc.date.created" value="1997-03-19"/>
<dc element="dc.publisher" value="Reuters Holdings Plc"/>
<dc element="dc.date.published" value="1997-03-19"/>
<dc element="dc.source" value="Reuters"/>
<dc element="dc.creator.location" value="LONDON"/>
<dc element="dc.creator.location.country.name" value="UK"/>
<dc element="dc.source" value="Reuters"/>
</metadata>
</newsitem>
