<?xml version="1.0" encoding="iso-8859-1" ?>
<newsitem itemid="452378" id="root" date="1997-03-19" xml:lang="en">
<title>UK: Converting building societies to see cash outflow.</title>
<headline>Converting building societies to see cash outflow.</headline>
<dateline>LONDON 1997-03-19</dateline>
<text>
<p>Britain's Abbey National Plc said on Wednesday that up to two million savers would withdraw around 10.0 billion pounds ($15.9 billion) from accounts with building societies that are converting to bank status during 1997.</p>
<p>&quot;This massive movement of money will start to flow as savers who have been locked in by the conversion process become increasingly aware of their freedom to shop around for the best home for their money,&quot; Abbey said in a statement.</p>
<p>The bank, which in 1989 became the first mutually owned building society to opt for flotation and bank status, said this was in addition to the 20-25 billion pounds expected to be paid out in share bonuses as five societies go public.</p>
<p>The Halifax, Alliance &amp; Leicester, Northern Rock and Woolwich building societies have all announced plans to float, while the Bristol and West is to be bought by Bank of Ireland.</p>
<p>Building society members, the societies' savers and borrowers, are in line for pay-outs of in some cases several thousand pounds when their respective building societies float on the stock exchange.</p>
<p>Britain's largest building society Halifax is expected to be valued at around 12.0 billion pounds, Northern Rock 1.3 billion pounds and the Woolwich 3.0 billion pounds.</p>
<p>Abbey National said it believed that few of the customers of the societies involved, who will give up their membership of the savings and home lending groups when they float, &quot;are aware of their freedom to withdraw from their accounts without losing their bonus entitlements&quot;.</p>
<p>These were, it added, subject to adhering to minimum conditions imposed by the societies.</p>
<p>It said that while most people believe they cannot move their money until after they have received shares, savers at the three largest converting societies &quot;are already free to move the majority of their savings&quot;.</p>
<p>-- Alexander Smith, London newsroom +44 171 542 7719 ($ = 0.628 British Pounds)</p>
</text>
<copyright>(c) Reuters Limited 1997</copyright>
<metadata>
<codes class="bip:countries:1.0">
  <code code="UK">
    <editdetail attribution="Reuters BIP Coding Group" action="confirmed" date="1997-03-19"/>
  </code>
</codes>
<codes class="bip:industries:1.0">
  <code code="I81402">
    <editdetail attribution="Reuters BIP Coding Group" action="confirmed" date="1997-03-19"/>
  </code>
  <code code="I81501">
    <editdetail attribution="Reuters BIP Coding Group" action="confirmed" date="1997-03-19"/>
  </code>
  <code code="I8150103">
    <editdetail attribution="Reuters BIP Coding Group" action="confirmed" date="1997-03-19"/>
  </code>
</codes>
<codes class="bip:topics:1.0">
  <code code="C11">
    <editdetail attribution="Reuters BIP Coding Group" action="confirmed" date="1997-03-19"/>
  </code>
  <code code="C15">
    <editdetail attribution="Reuters BIP Coding Group" action="confirmed" date="1997-03-19"/>
  </code>
  <code code="C151">
    <editdetail attribution="Reuters BIP Coding Group" action="confirmed" date="1997-03-19"/>
  </code>
  <code code="C17">
    <editdetail attribution="Reuters BIP Coding Group" action="confirmed" date="1997-03-19"/>
  </code>
  <code code="C171">
    <editdetail attribution="Reuters BIP Coding Group" action="confirmed" date="1997-03-19"/>
  </code>
  <code code="CCAT">
    <editdetail attribution="Reuters BIP Coding Group" action="confirmed" date="1997-03-19"/>
  </code>
</codes>
<dc element="dc.date.created" value="1997-03-19"/>
<dc element="dc.publisher" value="Reuters Holdings Plc"/>
<dc element="dc.date.published" value="1997-03-19"/>
<dc element="dc.source" value="Reuters"/>
<dc element="dc.creator.location" value="LONDON"/>
<dc element="dc.creator.location.country.name" value="UK"/>
<dc element="dc.source" value="Reuters"/>
</metadata>
</newsitem>
