<?xml version="1.0" encoding="iso-8859-1" ?>
<newsitem itemid="452368" id="root" date="1997-03-19" xml:lang="en">
<title>UK: Author Muriel Spark wins British literature prize.</title>
<headline>Author Muriel Spark wins British literature prize.</headline>
<dateline>LONDON 1997-03-19</dateline>
<text>
<p>Scottish author Dame Muriel Spark was awarded a prestigious literary prize on Wednesday in honour of her 40-year writing career.</p>
<p>The author of more than 20 novels including &quot;The Prime of Miss Jean Brodie&quot;, which was made into a classic 1969 film, was awarded the David Cohen British Literature Prize at a reception in London.</p>
<p>The annual prize, worth 30,000 pounds ($47,840), is given to authors in recognition of a lifetime's achievement.</p>
<p>It also grants 10,000 pounds for the winner to donate to a cause that will encourage young writers. Spark asked that the money be given to her former school in Edinburgh, James Gillespie's High School, on which &quot;The Prime of Miss Jean Brodie&quot; was based.</p>
<p>Actress Maggie Smith won an Academy Award for her leading role in the film. ($1=.6271 Pound)</p>
</text>
<copyright>(c) Reuters Limited 1997</copyright>
<metadata>
<codes class="bip:countries:1.0">
  <code code="UK">
    <editdetail attribution="Reuters BIP Coding Group" action="confirmed" date="1997-03-19"/>
  </code>
</codes>
<codes class="bip:topics:1.0">
  <code code="GCAT">
    <editdetail attribution="Reuters BIP Coding Group" action="confirmed" date="1997-03-19"/>
  </code>
  <code code="GENT">
    <editdetail attribution="Reuters BIP Coding Group" action="confirmed" date="1997-03-19"/>
  </code>
  <code code="GPRO">
    <editdetail attribution="Reuters BIP Coding Group" action="confirmed" date="1997-03-19"/>
  </code>
</codes>
<dc element="dc.date.created" value="1997-03-19"/>
<dc element="dc.publisher" value="Reuters Holdings Plc"/>
<dc element="dc.date.published" value="1997-03-19"/>
<dc element="dc.source" value="Reuters"/>
<dc element="dc.creator.location" value="LONDON"/>
<dc element="dc.creator.location.country.name" value="UK"/>
<dc element="dc.source" value="Reuters"/>
</metadata>
</newsitem>
