<?xml version="1.0" encoding="iso-8859-1" ?>
<newsitem itemid="452325" id="root" date="1997-03-19" xml:lang="en">
<title>POLAND: POLISH BANKS BID FOR PLN 323.5 MLN NBP-BILLS.</title>
<headline>POLISH BANKS BID FOR PLN 323.5 MLN NBP-BILLS.</headline>
<dateline>WARSAW 1997-03-19</dateline>
<text>
<p>Banks bid for 323.5 million zlotys of the National Bank of Poland's 91-day NBP-bills against the central bank's 300 million zloty offer, the NBP said.</p>
<p>Results of the auction should be available at about 1300 local time.</p>
<p>-- Warsaw Newsroom +48 22 653 9700</p>
</text>
<copyright>(c) Reuters Limited 1997</copyright>
<metadata>
<codes class="bip:countries:1.0">
  <code code="POL">
    <editdetail attribution="Reuters BIP Coding Group" action="confirmed" date="1997-03-19"/>
  </code>
</codes>
<codes class="bip:topics:1.0">
  <code code="M13">
    <editdetail attribution="Reuters BIP Coding Group" action="confirmed" date="1997-03-19"/>
  </code>
  <code code="M131">
    <editdetail attribution="Reuters BIP Coding Group" action="confirmed" date="1997-03-19"/>
  </code>
  <code code="MCAT">
    <editdetail attribution="Reuters BIP Coding Group" action="confirmed" date="1997-03-19"/>
  </code>
</codes>
<dc element="dc.date.created" value="1997-03-19"/>
<dc element="dc.publisher" value="Reuters Holdings Plc"/>
<dc element="dc.date.published" value="1997-03-19"/>
<dc element="dc.source" value="Reuters"/>
<dc element="dc.creator.location" value="WARSAW"/>
<dc element="dc.creator.location.country.name" value="POLAND"/>
<dc element="dc.source" value="Reuters"/>
</metadata>
</newsitem>
