<?xml version="1.0" encoding="iso-8859-1" ?>
<newsitem itemid="452369" id="root" date="1997-03-19" xml:lang="en">
<title>UK: N. Sea Norwegians firm, Brent easier, Med sours sof.</title>
<headline>N. Sea Norwegians firm, Brent easier, Med sours sof.</headline>
<dateline>LONDON 1997-03-19</dateline>
<text>
<p>Firmer values for Norwegian grades brightened an oversupplied North Sea wet market on Wednesday but traders questioned whether early April demand was enough to haul spot crudes decisively out of the doldrums.</p>
<p>&quot;The end-user buying spree that we've seen for late March makes things feel more positive,&quot; one said.</p>
<p>&quot;But the question remains whether end-March buying is going to end up merely displacing early April demand.&quot;</p>
<p>A Forties loading April 1-3 changed hands slightly firmer at a seven cent premium to Dated Brent.</p>
<p>But a wet Brent loading March 26-28 was sold at April Brent -90 cents, a shade lower than Tuesday's May-related deals.</p>
<p>Traders said attention remained focussed on one European major holding four April Brents, saying these probably held the key to the direction of Brent in early April.</p>
<p>Ekofisk loading April 7-9 was done at Dated Brent +15 cents, while another loading April 9-11 traded at an eight cent premium. The grade traded at a five cent discount to Dated on Tuesday.</p>
<p>An April 1-3 Gullfaks C changed hands at a 10 cent premium to Dated, two cents higher than Tuesday's March 29-31 loader.</p>
<p>An Oseberg loading April 3-5 was done at a 10 cent premium to Dated after discounts of two and 10 cents on Tuesday.</p>
<p>Brent paper was around unchanged in quiet discussion. CFDs were slightly weaker at May -42 cents for next week, with the week after at around -32 cents.</p>
<p>Intermonths were steady at around +20 cents for April/May.</p>
<p>West African crude continued its tentative recovery from March lows as sales of April barrels gathered pace, traders said. A first decade Escravos was heard sold into Portugal at a small premium to Dated Brent, while a Brass River was placed into Rotterdam.</p>
</text>
<copyright>(c) Reuters Limited 1997</copyright>
<metadata>
<codes class="bip:countries:1.0">
  <code code="UK">
    <editdetail attribution="Reuters BIP Coding Group" action="confirmed" date="1997-03-19"/>
  </code>
</codes>
<codes class="bip:topics:1.0">
  <code code="M14">
    <editdetail attribution="Reuters BIP Coding Group" action="confirmed" date="1997-03-19"/>
  </code>
  <code code="M143">
    <editdetail attribution="Reuters BIP Coding Group" action="confirmed" date="1997-03-19"/>
  </code>
  <code code="MCAT">
    <editdetail attribution="Reuters BIP Coding Group" action="confirmed" date="1997-03-19"/>
  </code>
</codes>
<dc element="dc.date.created" value="1997-03-19"/>
<dc element="dc.publisher" value="Reuters Holdings Plc"/>
<dc element="dc.date.published" value="1997-03-19"/>
<dc element="dc.source" value="Reuters"/>
<dc element="dc.creator.location" value="LONDON"/>
<dc element="dc.creator.location.country.name" value="UK"/>
<dc element="dc.source" value="Reuters"/>
</metadata>
</newsitem>
