<?xml version="1.0" encoding="iso-8859-1" ?>
<newsitem itemid="452373" id="root" date="1997-03-19" xml:lang="en">
<title>UK: NWE oil products pulled higher by futures gains.</title>
<headline>NWE oil products pulled higher by futures gains.</headline>
<dateline>LONDON 1997-03-19</dateline>
<text>
<p>NWE oil products were firmer on Wednesday, traders said.</p>
<p>Cracked fuel oil prices were firmer. High sulphur barges continued to get support from cargo pricing in early trade but this support faded later on and prices drifted off early highs.</p>
<p>Heating oil barge premiums slipped 50 cents or so to try and balance out a $3.25 gain on futures. Cargo premiums were firmer in the case of FOD and Russian material, but easier for DIN.</p>
<p>Gasoline was firm on the crude gains and healthy demand. Winter spec Eurograde barges were done at $214 fob ARA and offered at $215.</p>
<p>-- London Newroom +44 171 542 7456</p>
</text>
<copyright>(c) Reuters Limited 1997</copyright>
<metadata>
<codes class="bip:countries:1.0">
  <code code="UK">
    <editdetail attribution="Reuters BIP Coding Group" action="confirmed" date="1997-03-19"/>
  </code>
</codes>
<codes class="bip:topics:1.0">
  <code code="M14">
    <editdetail attribution="Reuters BIP Coding Group" action="confirmed" date="1997-03-19"/>
  </code>
  <code code="M143">
    <editdetail attribution="Reuters BIP Coding Group" action="confirmed" date="1997-03-19"/>
  </code>
  <code code="MCAT">
    <editdetail attribution="Reuters BIP Coding Group" action="confirmed" date="1997-03-19"/>
  </code>
</codes>
<dc element="dc.date.created" value="1997-03-19"/>
<dc element="dc.publisher" value="Reuters Holdings Plc"/>
<dc element="dc.date.published" value="1997-03-19"/>
<dc element="dc.source" value="Reuters"/>
<dc element="dc.creator.location" value="LONDON"/>
<dc element="dc.creator.location.country.name" value="UK"/>
<dc element="dc.source" value="Reuters"/>
</metadata>
</newsitem>
