<?xml version="1.0" encoding="iso-8859-1" ?>
<newsitem itemid="452314" id="root" date="1997-03-19" xml:lang="en">
<title>LITHUANIA: LITHUANIA-KREKENAVOS EXPECTS 3-4 MLN LITAS PROFIT.</title>
<headline>LITHUANIA-KREKENAVOS EXPECTS 3-4 MLN LITAS PROFIT.</headline>
<dateline>VILNIUS 1997-03-19</dateline>
<text>
<p>Lithuanian food processor Krekenavos said on Wednesday that it expected a profit of three to four million litas this year after netting only 151,000 litas in 1996.  </p>
<p>&quot;If there are no unexpected developments, we plan a three to four million litas net profit in 1997,&quot; the company's general director Alfredas Stekeliunas told Reuters by telephone.</p>
<p>The company, located near the northern city of Panevezhys, is listed on the Vilnius bourse's A group.</p>
<p>The company's net profit in 1996 fell to 151,000 litas from 1.2 million litas the year before.</p>
<p>Stekeliunas would not comment on why the company's profits dropped in 1996, but said that it had invested heavily in a new cattle grain factory last year.</p>
<p>&quot;We invested 3.3 million German marks in our cattle grain factory, which is the most modern of its kind in Lithuania,&quot; he said.</p>
<p>&quot;We plan to produce 60,000 tonnes of cattle grain per year and this should bring us an annual revenue of 40 million litas,&quot; he said.</p>
<p>&quot;We also invested 400,000 litas so far this year in upgrading our meat processing lines and hope that this side of our operations will bring in annual revenue of 50 million litas,&quot; he added.</p>
<p>The company's total turnover last year was almost 38 million litas, according to a statement of unaudited results.</p>
<p>He also said that the company acquired a canned food factory in the town of Kedainiai in 1996 which is in the process of being upgraded.</p>
<p>Its operations should begin in the fall of this year, he said.</p>
<p>Stekeliunas said that the vast majority of the firm's 34 million litas worth of share capital was in private hands and it had no inentions to boost it this year.</p>
<p>--Andrius Vilkancas, Vilnius newsroom +370 2 22 35 17</p>
</text>
<copyright>(c) Reuters Limited 1997</copyright>
<metadata>
<codes class="bip:countries:1.0">
  <code code="LITH">
    <editdetail attribution="Reuters BIP Coding Group" action="confirmed" date="1997-03-19"/>
  </code>
</codes>
<codes class="bip:industries:1.0">
  <code code="I41000">
    <editdetail attribution="Reuters BIP Coding Group" action="confirmed" date="1997-03-19"/>
  </code>
</codes>
<codes class="bip:topics:1.0">
  <code code="C15">
    <editdetail attribution="Reuters BIP Coding Group" action="confirmed" date="1997-03-19"/>
  </code>
  <code code="C152">
    <editdetail attribution="Reuters BIP Coding Group" action="confirmed" date="1997-03-19"/>
  </code>
  <code code="CCAT">
    <editdetail attribution="Reuters BIP Coding Group" action="confirmed" date="1997-03-19"/>
  </code>
</codes>
<dc element="dc.date.created" value="1997-03-19"/>
<dc element="dc.publisher" value="Reuters Holdings Plc"/>
<dc element="dc.date.published" value="1997-03-19"/>
<dc element="dc.source" value="Reuters"/>
<dc element="dc.creator.location" value="VILNIUS"/>
<dc element="dc.creator.location.country.name" value="LITHUANIA"/>
<dc element="dc.source" value="Reuters"/>
</metadata>
</newsitem>
