<?xml version="1.0" encoding="iso-8859-1" ?>
<newsitem itemid="452374" id="root" date="1997-03-19" xml:lang="en">
<title>UK: Med oil products firm as Eastern arb supports.</title>
<headline>Med oil products firm as Eastern arb supports.</headline>
<dateline>LONDON 1997-03-19</dateline>
<text>
<p>Mediterranean oil products were steady to firmer on Wednesday, traders said.</p>
<p>High and low sulphur fuel oil prices were firmer with the market fairly well bid and supplies tighter after recent arbitrage offtake to the East. Firmer paper markets and crude futures were also supportive, traders said.</p>
<p>Traders said the spot market was &quot;well bid&quot; but trade was thin with offers of products scarce. One was heard to have moved product out of Greece but details could not be confirmed.</p>
<p>High sulphur fob stems valued around $81.50 with low sulphur liftings around $97.50 a tonne.</p>
<p>Gas oil featured Russian cargoes looking to head eastwards. Two large caroges, one of 45,000 tonnes and the other of 60,000 tonnes which were sold yesterday were both expected to go to Asia. The 45,000 tonne cargo out of Tuapse was sold at fob high quotes +$4.</p>
<p>&quot;The high price reflects it's a good size to arbitrage and it was on a fob basis which is what buyers want,&quot; said one trader.</p>
<p>&quot;Stemming east is still viable,&quot; said another.</p>
<p>Italian spec gas oil was offered at fob high quotes +$3.5 against an unsuccessful bid of fob high +$3.</p>
<p>Gasoline was fairly balanced with demand seen out of Lebanon, Turkey and Italy, but traders said a cargoes appeared to be available to cover the requirement.</p>
<p>&quot;I think the Med looks pretty steady. It's firmed a bit on the crude but in terms of supply and demand the pictures pretty balanced,&quot; said one trader.</p>
<p>Naphtha remained fairly tight but traders said material was available for those who wanted it despite the fact that Egypt and Algeria still appeared to be dry following strong East demand.</p>
<p>-- London Newsroom, +44 171 542 7714.</p>
</text>
<copyright>(c) Reuters Limited 1997</copyright>
<metadata>
<codes class="bip:countries:1.0">
  <code code="UK">
    <editdetail attribution="Reuters BIP Coding Group" action="confirmed" date="1997-03-19"/>
  </code>
</codes>
<codes class="bip:topics:1.0">
  <code code="M14">
    <editdetail attribution="Reuters BIP Coding Group" action="confirmed" date="1997-03-19"/>
  </code>
  <code code="M143">
    <editdetail attribution="Reuters BIP Coding Group" action="confirmed" date="1997-03-19"/>
  </code>
  <code code="MCAT">
    <editdetail attribution="Reuters BIP Coding Group" action="confirmed" date="1997-03-19"/>
  </code>
</codes>
<dc element="dc.date.created" value="1997-03-19"/>
<dc element="dc.publisher" value="Reuters Holdings Plc"/>
<dc element="dc.date.published" value="1997-03-19"/>
<dc element="dc.source" value="Reuters"/>
<dc element="dc.creator.location" value="LONDON"/>
<dc element="dc.creator.location.country.name" value="UK"/>
<dc element="dc.source" value="Reuters"/>
</metadata>
</newsitem>
