<?xml version="1.0" encoding="iso-8859-1" ?>
<newsitem itemid="452348" id="root" date="1997-03-19" xml:lang="en">
<title>GERMANY: DUISENBERG SAYS EMU STABILITY PACT VITAL TOOL - BONN.</title>
<headline>DUISENBERG SAYS EMU STABILITY PACT VITAL TOOL - BONN.</headline>
<dateline>BONN 1997-03-19</dateline>
<text>
<p>Dutch central bank president Wim Duisenberg said on Wednesday he supported a strict reading of the Maastricht treaty to govern which countries join Europe's single currency project in 1999.</p>
<p>Duisenberg, who takes over this summer as chief of the European Monetary Institute (EMI) -- forerunner to a European central bank -- also said lasting fulfilment of the Maastricht criteria was vital to ensure the euro currency will be stable.  </p>
<p>&quot;Considering the need to create a stable monetary union I would, as president of the Dutch central bank and of the future EMI, draw your attention to the significance of a strict interpretation of the convergence criteria,&quot; he said.</p>
<p>&quot;We would only be able to create a stable currency union if we manage to fulfil the convergence criteria not for just one year, but permanently.&quot;</p>
<p>Duisenberg's comments were taken from a speech he was due to give to a Friedrich Ebert foundation forum on European monetary union (EMU).</p>
<p>Duisenberg is a leading candidate to take over at the planned supra-national central bank. He said its independence from political interference must be assured to ensure that the euro is a strong and stable currency.</p>
<p>In the Maastricht treaty, he noted, &quot;it is forbidden to give orders to the ECB or to try to influence its directors. That does not, by the way, prevent central bank directors from exchanging views with their finance ministers.&quot;</p>
<p>Duisenberg also said the so-called stability pact, a mechanism to enforce budgetary discipline, offered important guarantees for sound state finances within EMU.</p>
<p>&quot;A key element of this pact is that countries both within and outside EMU must commit to achieving a budget position which is almost in balance or even in surplus,&quot; he said.</p>
<p>&quot;A budget which on average is close to balance creates room to cope with cyclical and non-cyclical shocks, without the deficit overstepping the limit of three percent of GDP defined in the the treaty.&quot;</p>
<p>&quot;The pact is thus not rigid, but creates room for manoeuvre within the limits defined by the Maastricht treaty,&quot; he said.</p>
<p>Duisenberg urged other European countries to copy the policies adopted by the Netherlands in the early 1980s which he said had made it possible to tie the guilder to the mark, cut the budget deficit, reduce national debt and still create jobs.</p>
<p>&quot;This policy has not achieved its final goal, because there are still too many people without work and public debt is still too high. But we are going in the right direction,&quot; he said.</p>
<p>Referring to Germany, he said that Bonn's efforts to meet the Maastricht fiscal criteria illustrated that European states above all are having problems meeting the budget criteria.</p>
<p>But, if countries manage to control borrowing, they can create a virtuous cycle which reduces interests, cuts debt costs, boosts investor confidence and leads to lower inflation.</p>
<p>&quot;As I said, countries can only join the third stage who fit into a stable monetary union. Countries prove that with achievements which demonstrate lasting convergence,&quot; he said.</p>
<p>In remarks apparently directed at countries like Italy or Spain, he said: &quot;Countries should not treat qualification as a sprint race...Rather, they should kick bad habits like big budget deficits, which are like too much smoking and drinking.&quot;</p>
<p>And, Duisenberg added, countries who do not make it into the first round of EMU still have time to meet the convergence criteria in order to be in in the currency club in time for the planned launch of cash euros in 2002.</p>
<p>&quot;The euro is a common European adventure, which will only be over when all, or nearly all, (European Union) member states take part,&quot; he said.</p>
<p>-- Douglas Busvine, Bonn newsroom, 49-228-26097 150</p>
</text>
<copyright>(c) Reuters Limited 1997</copyright>
<metadata>
<codes class="bip:countries:1.0">
  <code code="EEC">
    <editdetail attribution="Reuters BIP Coding Group" action="confirmed" date="1997-03-19"/>
  </code>
  <code code="GFR">
    <editdetail attribution="Reuters BIP Coding Group" action="confirmed" date="1997-03-19"/>
  </code>
  <code code="NETH">
    <editdetail attribution="Reuters BIP Coding Group" action="confirmed" date="1997-03-19"/>
  </code>
</codes>
<codes class="bip:topics:1.0">
  <code code="E12">
    <editdetail attribution="Reuters BIP Coding Group" action="confirmed" date="1997-03-19"/>
  </code>
  <code code="ECAT">
    <editdetail attribution="Reuters BIP Coding Group" action="confirmed" date="1997-03-19"/>
  </code>
  <code code="G15">
    <editdetail attribution="Reuters BIP Coding Group" action="confirmed" date="1997-03-19"/>
  </code>
  <code code="G154">
    <editdetail attribution="Reuters BIP Coding Group" action="confirmed" date="1997-03-19"/>
  </code>
  <code code="GCAT">
    <editdetail attribution="Reuters BIP Coding Group" action="confirmed" date="1997-03-19"/>
  </code>
</codes>
<dc element="dc.date.created" value="1997-03-19"/>
<dc element="dc.publisher" value="Reuters Holdings Plc"/>
<dc element="dc.date.published" value="1997-03-19"/>
<dc element="dc.source" value="Reuters"/>
<dc element="dc.creator.location" value="BONN"/>
<dc element="dc.creator.location.country.name" value="GERMANY"/>
<dc element="dc.source" value="Reuters"/>
</metadata>
</newsitem>
