<?xml version="1.0" encoding="iso-8859-1" ?>
<newsitem itemid="452453" id="root" date="1997-03-19" xml:lang="en">
<title>CANADA: Toronto indices closing - March 19.</title>
<headline>Toronto indices closing - March 19.</headline>
<text>
<p>Coms			 6089.00   -40.28</p>
<p> Met/Min		    5704.54   -61.64</p>
<p> Gold			10887.89    -9.56</p>
<p> Oil/Gas		    6430.53   +27.51</p>
<p> Volume		  93,362,639</p>
</text>
<copyright>(c) Reuters Limited 1997</copyright>
<metadata>
<codes class="bip:countries:1.0">
  <code code="CANA">
    <editdetail attribution="Reuters BIP Coding Group" action="confirmed" date="1997-03-19"/>
  </code>
</codes>
<codes class="bip:topics:1.0">
  <code code="M11">
    <editdetail attribution="Reuters BIP Coding Group" action="confirmed" date="1997-03-19"/>
  </code>
  <code code="MCAT">
    <editdetail attribution="Reuters BIP Coding Group" action="confirmed" date="1997-03-19"/>
  </code>
</codes>
<dc element="dc.publisher" value="Reuters Holdings Plc"/>
<dc element="dc.date.published" value="1997-03-19"/>
<dc element="dc.source" value="Reuters"/>
<dc element="dc.creator.location.country.name" value="CANADA"/>
<dc element="dc.source" value="Reuters"/>
</metadata>
</newsitem>
