<?xml version="1.0" encoding="iso-8859-1" ?>
<newsitem itemid="452424" id="root" date="1997-03-19" xml:lang="en">
<title>UK: UK's Major endures photocalls on campaign trail.</title>
<headline>UK's Major endures photocalls on campaign trail.</headline>
<byline>Alan Wheatley</byline>
<dateline>PANGBOURNE, England 1997-03-19</dateline>
<text>
<p>John Major is watching James Cooper dangling from some branches, pretending to be a tree surgeon in distress.</p>
<p>The 18-year-old is supposed to be unconscious after falling from the treetops when his safety line broke.</p>
<p>The prime minister looks uneasy, perhaps realising that the scene could be a visual metaphor for the stunned state of his Conservative party after its freefall in the opinion polls.</p>
<p>But Cooper is soon rescued by his fellow cadets displaying Conservative values of leadership, hard work and self-reliance that Pangbourne School inculcates and that Major, visiting for his daily campaign photo-opportunity, wants to promote.</p>
<p>He moves on, relieved that there will be no repeat of the previous day's fiasco, when he was photographed next to a racing car propped up on trestles. &quot;Wheels come off Major's election machine&quot; was one predictable headline in Wednesday's press.</p>
<p>Pangbourne College is hardly a typical British school. The private college, founded in 1917 to train boys for the navy, charges fees of 12,000 pounds a year -- about two-thirds of gross average earnings -- and no class has more than 18 pupils.</p>
<p>But the school, set in rolling country an hour west of London, serves Major's purpose precisely.</p>
<p>Thanks to the government's &quot;assisted places scheme&quot;, almost a tenth of Pangbourne's 375 pupils come from working-class families that get help with the fees. Children of millionaires share cold showers with those of poor single mothers.</p>
<p>The main opposition Labour party is committed to scrapping the assisted places scheme and using the money saved to reduce the size of primary school classes to a maximum of 30.</p>
<p>Labour leader Tony Blair, who has placed education at the top of his agenda for the May 1 election, says this encapsulates his party's determination to govern for the many not the few.</p>
<p>Major retorts that it shows Labour is driven by the politics of envy and is intent on stopping people like Pangbourne's students from getting on in life.</p>
<p>&quot;One of the reasons I came here was to draw attention to the opportuntities that exist for youngesters from low-income households to actually have the advantages of the assisted places scheme and come to schools like Pangbourne.</p>
<p>&quot;It actually is an indication of excellence in education, the sort of excellence that I would like to see right the way through the education sector,&quot; Major told reporters.</p>
<p>The most relaxed part of the visit is when he takes off his jacket to answer questions from about 40 pupils gathered in the headmaster's study. He deals deftly with issues ranging from Northern Ireland to his party's divisions over Europe.</p>
<p>The pupils of voting age are impressed. &quot;I went in more of a sceptic than I came out,&quot; said Simon Shaw.</p>
<p>Major has won over at least one voter, then, in his fight to lead the Conservatives to a fifth election victory in a row.</p>
<p>But as he helicopters back to London, journalists on the press bus learn of a still-fresh tragedy that risks souring the next day's coverage. In 1993, a 16-year-old Pangbourne pupil, instead of play-acting, hanged himself for real.</p>
</text>
<copyright>(c) Reuters Limited 1997</copyright>
<metadata>
<codes class="bip:countries:1.0">
  <code code="UK">
    <editdetail attribution="Reuters BIP Coding Group" action="confirmed" date="1997-03-19"/>
  </code>
</codes>
<codes class="bip:topics:1.0">
  <code code="GCAT">
    <editdetail attribution="Reuters BIP Coding Group" action="confirmed" date="1997-03-19"/>
  </code>
  <code code="GPOL">
    <editdetail attribution="Reuters BIP Coding Group" action="confirmed" date="1997-03-19"/>
  </code>
  <code code="GVOTE">
    <editdetail attribution="Reuters BIP Coding Group" action="confirmed" date="1997-03-19"/>
  </code>
</codes>
<dc element="dc.date.created" value="1997-03-19"/>
<dc element="dc.publisher" value="Reuters Holdings Plc"/>
<dc element="dc.date.published" value="1997-03-19"/>
<dc element="dc.source" value="Reuters"/>
<dc element="dc.creator.location" value="PANGBOURNE, England"/>
<dc element="dc.creator.location.country.name" value="UK"/>
<dc element="dc.source" value="Reuters"/>
</metadata>
</newsitem>
