<?xml version="1.0" encoding="iso-8859-1" ?>
<newsitem itemid="452431" id="root" date="1997-03-19" xml:lang="en">
<title>UK: Lloyds TSB down sharply in heavy trade.</title>
<headline>Lloyds TSB down sharply in heavy trade.</headline>
<dateline>LONDON 1997-03-19</dateline>
<text>
<p>Lloyds TSB Plc dropped in heavy trade on Wednesday amid signs of intensifying domestic competition and as the sector succumbed to interest rate fears, dealers and analysts said.</p>
<p>Lloyds shares were down 16p or three percent at 497-1/2 by 1553 GMT in volume of 19 million shares, making it the second most active stock in the UK market.</p>
<p>Abbey National Plc, also heavily exposed to the UK mortgage and savings market, was also down sharply to be 15-1/2p lower at 734 in volume of 1.8 million.</p>
<p>Among other bank stocks, Barclays Plc was down 15p at 10.82-1/2, National Westminster Bank Plc was down 7p at 704-1/2 and Bank of Scotland Plc was down 6p at 340-1/2.  </p>
<p>Dealers and analysts said there was no single reason for the particular weakness in Lloyds and Abbey but highlighted a statement by mutually-owned Bradford &amp; Bingley Building Society increase in savings rates.</p>
<p>&quot;Maybe that has highlighted what people already knew about competition and pressure on margins,&quot; said Ian Poulter, analyst at Williams de Broe.</p>
<p>Poulter also pointed out that bank stocks had been hit on both sides of the Atlantic by speculation of a rise in U.S. interest rates at next week's meeting of the Federal Reserve's monetary policy committee.</p>
<p>Anyway, after sharp gains in UK bank stocks this year, there is plenty of scope for profit-taking in the sector's leading shares.</p>
<p>Lloyds hit a record 538p on March 5, up 25 percent on its level at the end of last year, and other bank shares have also risen sharply in recent months.</p>
<p>-- David Holmes, London Newsroom +44 171 542 4367</p>
</text>
<copyright>(c) Reuters Limited 1997</copyright>
<metadata>
<codes class="bip:countries:1.0">
  <code code="UK">
    <editdetail attribution="Reuters BIP Coding Group" action="confirmed" date="1997-03-19"/>
  </code>
</codes>
<codes class="bip:industries:1.0">
  <code code="I81402">
    <editdetail attribution="Reuters BIP Coding Group" action="confirmed" date="1997-03-19"/>
  </code>
</codes>
<codes class="bip:topics:1.0">
  <code code="C15">
    <editdetail attribution="Reuters BIP Coding Group" action="confirmed" date="1997-03-19"/>
  </code>
  <code code="C152">
    <editdetail attribution="Reuters BIP Coding Group" action="confirmed" date="1997-03-19"/>
  </code>
  <code code="CCAT">
    <editdetail attribution="Reuters BIP Coding Group" action="confirmed" date="1997-03-19"/>
  </code>
</codes>
<dc element="dc.date.created" value="1997-03-19"/>
<dc element="dc.publisher" value="Reuters Holdings Plc"/>
<dc element="dc.date.published" value="1997-03-19"/>
<dc element="dc.source" value="Reuters"/>
<dc element="dc.creator.location" value="LONDON"/>
<dc element="dc.creator.location.country.name" value="UK"/>
<dc element="dc.source" value="Reuters"/>
</metadata>
</newsitem>
