<?xml version="1.0" encoding="iso-8859-1" ?>
<newsitem itemid="452426" id="root" date="1997-03-19" xml:lang="en">
<title>UK: FOCUS - UK transport firm shares in election jitters.</title>
<headline>FOCUS - UK transport firm shares in election jitters.</headline>
<byline>Edna Fernandes</byline>
<dateline>LONDON 1997-03-19</dateline>
<text>
<p>Shares in British transport group Stagecoach Plc suffered a major bout of pre-election jitters on Wednesday, crashing five percent amid growing fears of a regulatory clampdown.</p>
<p>Stagecoach, owner of privatised South West Trains (SWT), which faces the threat of a one million pounds ($1.6 million) fine for cancelled services, saw its share price fall by 38-1/2 pence to 685 by 1600 GMT after touching a low of 675.</p>
<p>The shares have fallen steadily in recent weeks from a high of 804 pence.</p>
<p>Traders said that with the opposition Labour Party well ahead in the opinion polls, investors were panicking that a future Labour government could impose a harsh regulatory regime if it wins the election set for May 1.</p>
<p>After 18 years of Conservative rule, during which privatisation of the railways and other public companies has been a key policy, transport could be a flashpoint in the election campaign.</p>
<p>Transport stocks have had a bonanza year but the stock market's enthusiasm has recently been tempered by political caution.</p>
<p>Andrew Smith, Labour's shadow Transport Secretary, told Reuters last week he planned a regulatory bite-back, particularly for rail infrastructure group Railtrack Plc and the rail operation franchises including South West Trains.</p>
<p>Earlier this week Labour unnerved market sentiment further when shadow Chancellor of the Exchequer Gordon Brown indicated that Railtrack would be caught by its planned one-off windfall tax on privatised utilities.</p>
<p>It has argued in the past that Railtrack was sold off too cheaply last May.</p>
<p>Since then its shares have rocketed from around 220-1/2 pence to a high of 501 before falling back to the current 464 level.</p>
<p>One analyst said he believed that the windfall tax issue was not enough to detract from Railtrack's value on a major scale.</p>
<p>&quot;Even if the windfall tax was up to 200 million (pounds), Railtrack could afford it and take it on the chin,&quot; he said.</p>
<p>Asked about Labour's threat to alter the terms governing Railtrack's income source -- track access charges -- or stipulate investment targets, the analyst said, &quot;That would require primary legislation. It would send the wrong kind of message to investors here and abroad if a government breaks up legal contracts.&quot;</p>
<p>But analysts concede that the rail franchises, which run passenger services, could face tougher penalties for transgressions.</p>
<p>&quot;The penalty regime is not being used to the full. One of the proofs is the South West Trains affair,&quot; Labour's Smith said.</p>
<p>Pressure from consumer groups for tougher regulation continues to mount, with lobby groups calling for tough action against rail service operators like MTL Ltd and Prism Rail for cancelled trains.</p>
<p>Even though these are not on the scale of South West Trains, which has cancelled more than 2,500 trains in eight weeks after a job-reduction programme left it short of drivers, the regulator Opraf says every privatisation &quot;teething problem&quot; is being magnified in the run-up to the election as political point-scoring intensifies. ($ = 0.628 British Pounds)</p>
</text>
<copyright>(c) Reuters Limited 1997</copyright>
<metadata>
<codes class="bip:countries:1.0">
  <code code="UK">
    <editdetail attribution="Reuters BIP Coding Group" action="confirmed" date="1997-03-19"/>
  </code>
</codes>
<codes class="bip:industries:1.0">
  <code code="I71000">
    <editdetail attribution="Reuters BIP Coding Group" action="confirmed" date="1997-03-19"/>
  </code>
  <code code="I72102">
    <editdetail attribution="Reuters BIP Coding Group" action="confirmed" date="1997-03-19"/>
  </code>
</codes>
<codes class="bip:topics:1.0">
  <code code="C13">
    <editdetail attribution="Reuters BIP Coding Group" action="confirmed" date="1997-03-19"/>
  </code>
  <code code="C15">
    <editdetail attribution="Reuters BIP Coding Group" action="confirmed" date="1997-03-19"/>
  </code>
  <code code="C152">
    <editdetail attribution="Reuters BIP Coding Group" action="confirmed" date="1997-03-19"/>
  </code>
  <code code="CCAT">
    <editdetail attribution="Reuters BIP Coding Group" action="confirmed" date="1997-03-19"/>
  </code>
</codes>
<dc element="dc.date.created" value="1997-03-19"/>
<dc element="dc.publisher" value="Reuters Holdings Plc"/>
<dc element="dc.date.published" value="1997-03-19"/>
<dc element="dc.source" value="Reuters"/>
<dc element="dc.creator.location" value="LONDON"/>
<dc element="dc.creator.location.country.name" value="UK"/>
<dc element="dc.source" value="Reuters"/>
</metadata>
</newsitem>
