<?xml version="1.0" encoding="iso-8859-1" ?>
<newsitem itemid="452409" id="root" date="1997-03-19" xml:lang="en">
<title>UK: Norwegian grades trade firmer on N.Sea wet market.</title>
<headline>Norwegian grades trade firmer on N.Sea wet market.</headline>
<dateline>LONDON 1997-03-19</dateline>
<text>
<p>North Sea spot crude showed signs of revival on Wednesday when Norwegian grades traded at firmer differentials, lending a firmer tone after a Dated Brent changed hands early at a weaker price.</p>
<p>Ekofisk loading April 7-9 was done at Dated Brent +15 cents, while another loading April 9-11 traded at an eight cent premium to the international benchmark. The grade traded at a five cent discount to Dated on Tuesday.</p>
<p>A Gullfaks C loading April 1-3 changed hands at a 10 cent premium to Dated, two cents higher than the level agreed on Tuesday for a March 29-31 loader.</p>
<p>An Oseberg loading April 3-5 was done at a 10 cent premium to Dated, sharply higher from discounts of two and 10 cents on Tuesday.</p>
<p>&quot;The market shows potential for a gradual improvement -- although nothing spectacular -- as we move into April. There's buying out there, although the low numbers have hidden it well up to now,&quot; a trader said.</p>
<p>The latest trades followed the sale of a wet Brent loading March 26-28 at April Brent -90 cents in the morning, a shade lower than Tuesday's May-related deals.</p>
<p>The sale seemed to confirm weakness created by an oversupplied Atlantic Basin, traders said, but they cautioned that attention was focussed on the intentions of one European major holding four April Brents.</p>
<p>North Sea crude paper was talked at around unchanged levels in lacklustre activity. CFDs were around May -39 cents for next week, with the week after at around -30 cents.</p>
<p>Intermonths were steady at around +17/+22 cents for April/May.</p>
<p>-- London newsroom +44 171 542 7646</p>
</text>
<copyright>(c) Reuters Limited 1997</copyright>
<metadata>
<codes class="bip:countries:1.0">
  <code code="UK">
    <editdetail attribution="Reuters BIP Coding Group" action="confirmed" date="1997-03-19"/>
  </code>
</codes>
<codes class="bip:topics:1.0">
  <code code="M14">
    <editdetail attribution="Reuters BIP Coding Group" action="confirmed" date="1997-03-19"/>
  </code>
  <code code="M143">
    <editdetail attribution="Reuters BIP Coding Group" action="confirmed" date="1997-03-19"/>
  </code>
  <code code="MCAT">
    <editdetail attribution="Reuters BIP Coding Group" action="confirmed" date="1997-03-19"/>
  </code>
</codes>
<dc element="dc.date.created" value="1997-03-19"/>
<dc element="dc.publisher" value="Reuters Holdings Plc"/>
<dc element="dc.date.published" value="1997-03-19"/>
<dc element="dc.source" value="Reuters"/>
<dc element="dc.creator.location" value="LONDON"/>
<dc element="dc.creator.location.country.name" value="UK"/>
<dc element="dc.source" value="Reuters"/>
</metadata>
</newsitem>
