<?xml version="1.0" encoding="iso-8859-1" ?>
<newsitem itemid="452448" id="root" date="1997-03-19" xml:lang="en">
<title>CANADA: Toronto stocks close weaker on triple-witching.</title>
<headline>Toronto stocks close weaker on triple-witching.</headline>
<byline>Lydia Zajc</byline>
<dateline>TORONTO 1997-03-19</dateline>
<text>
<p>Toronto stocks ended Wednesday weaker than New York after outperforming it for most of the session, as volatility took hold ahead of Friday's quarterly triple-witching.</p>
<p>The Toronto Stock Exchange's key 300 Composite Index lost 40.32 points to reach 6088.96, only a few points off its intra-day low. Trading was light at 91.3 million shares worth C$1.6 billion ($1.16 billion).</p>
<p>Wall Street closed 18.88 points weaker at 6877.68, about 50 points above its intra-day low.</p>
<p>&quot;New York recovered a lot more than Canada did,&quot; said portfolio manager Josef Schachter of Schachter Asset Management.</p>
<p>Markets were volatile ahead of the quarterly triple witching -- the expiration of options, futures and options on futures. &quot;It was kind of a funny market,&quot; Schachter said. &quot;You've got a little nervousness over Friday's triple-witching.&quot;</p>
<p>Also overhanging North American markets were concerns that the U.S. Federal Reserve would hike short-term interest rates to quash inflation, analysts said. As rates rise, bond yields increase and bond prices drop, luring investors who sell interest-sensitive issues such as banks. The U.S. Federal Reserve is expected to increase rates at a March 25 meeting.</p>
<p>Of Toronto's 14 sub-groups, all except for oils lost ground. Falling sectors included conglomerates, media, consumer products and base metals.</p>
<p>Declining issues beat out advances 608 to 382 while another 290 traded unchanged.</p>
<p>In individual stocks, Wascana Energy Inc. shares extended their rally, rising 0.10 to 20.55 on more than 6.1 million shares.</p>
<p>On Tuesday Canadian Occidental Petroleum Ltd. made a white knight C$2 billion ($1.45 billion) bid for Wascana. CanOxy rose 1.10 to 26.25 on more than 5.7 million shares.</p>
<p>Closely watched prospector Bre-X Minerals Ltd. lost 0.40 to 17.25 after news that Mike de Guzman, chief geologist at its Busang gold discovery in Indonesia, fell (243.8 meters) 800 feet from a helicopter.</p>
<p>((lydia.zajc@reuters.com, Reuters Toronto Bureau (416) 941-8109))</p>
</text>
<copyright>(c) Reuters Limited 1997</copyright>
<metadata>
<codes class="bip:countries:1.0">
  <code code="CANA">
    <editdetail attribution="Reuters BIP Coding Group" action="confirmed" date="1997-03-19"/>
  </code>
</codes>
<codes class="bip:topics:1.0">
  <code code="M11">
    <editdetail attribution="Reuters BIP Coding Group" action="confirmed" date="1997-03-19"/>
  </code>
  <code code="MCAT">
    <editdetail attribution="Reuters BIP Coding Group" action="confirmed" date="1997-03-19"/>
  </code>
</codes>
<dc element="dc.date.created" value="1997-03-19"/>
<dc element="dc.publisher" value="Reuters Holdings Plc"/>
<dc element="dc.date.published" value="1997-03-19"/>
<dc element="dc.source" value="Reuters"/>
<dc element="dc.creator.location" value="TORONTO"/>
<dc element="dc.creator.location.country.name" value="CANADA"/>
<dc element="dc.source" value="Reuters"/>
</metadata>
</newsitem>
