<?xml version="1.0" encoding="iso-8859-1" ?>
<newsitem itemid="452420" id="root" date="1997-03-19" xml:lang="en">
<title>UK: Life assurer Scottish Widows gets Jersey licence.</title>
<headline>Life assurer Scottish Widows gets Jersey licence.</headline>
<dateline>LONDON 1997-03-19</dateline>
<text>
<p>UK mutual life assurer Scottish Widows said on Wednesday it had been granted a licence to establish a life assurance company in Jersey.</p>
<p>Scottish Widows said in a statement the licence had been granted under Jersey's new Insurance Business Law of 1996 and was only the second to be awarded by the States of Jersey Authorities.</p>
<p>Jersey's deputy director for insurance business Nigel Woodroffe said Scottish Widows' decision added to the island's &quot;reputation as a leading international offshore finance centre&quot;. He said the move reflected a rapidly expanding insurance sector.</p>
<p>Scottish Widows' group finance director Bill Main said the island provided it with &quot;the foundations on which to build on and expand our business horizons&quot;.</p>
<p>-- Alexander Smith, London newsroom +44 717 542 7719</p>
</text>
<copyright>(c) Reuters Limited 1997</copyright>
<metadata>
<codes class="bip:countries:1.0">
  <code code="UK">
    <editdetail attribution="Reuters BIP Coding Group" action="confirmed" date="1997-03-19"/>
  </code>
</codes>
<codes class="bip:industries:1.0">
  <code code="I82002">
    <editdetail attribution="Reuters BIP Coding Group" action="confirmed" date="1997-03-19"/>
  </code>
</codes>
<codes class="bip:topics:1.0">
  <code code="C13">
    <editdetail attribution="Reuters BIP Coding Group" action="confirmed" date="1997-03-19"/>
  </code>
  <code code="CCAT">
    <editdetail attribution="Reuters BIP Coding Group" action="confirmed" date="1997-03-19"/>
  </code>
</codes>
<dc element="dc.date.created" value="1997-03-19"/>
<dc element="dc.publisher" value="Reuters Holdings Plc"/>
<dc element="dc.date.published" value="1997-03-19"/>
<dc element="dc.source" value="Reuters"/>
<dc element="dc.creator.location" value="LONDON"/>
<dc element="dc.creator.location.country.name" value="UK"/>
<dc element="dc.source" value="Reuters"/>
</metadata>
</newsitem>
