<?xml version="1.0" encoding="iso-8859-1" ?>
<newsitem itemid="452456" id="root" date="1997-03-19" xml:lang="en">
<title>CANADA: Weekly Canada spot natgas domestic prices - March 19.</title>
<headline>Weekly Canada spot natgas domestic prices - March 19.</headline>
<text>
<p>DOMESTIC (MARCH SALES)	 $CDN/GJ	  $US/MMBTU</p>
<p> ALBERTA PLANT-GATE	   1.23/1.28	 0.96/1.00</p>
<p> ALBERTA BORDER - EMPRESS   1.45/1.50	 1.13/1.17</p>
<p> STATION 2, B.C.		1.35/1.40	 1.05/1.09</p>
<p> SASK. PLANT-GATE	     1.23/1.28	 0.96/1.00</p>
<p> TORONTO CITY-GATE	    2.87/2.94	 2.24/2.29</p>
<p> 1-YR PCKGS - EMPRESS	 1.49/1.54	 1.16/1.20</p>
<p> AECO			     1.35/1.40	 1.05/1.09</p>
<p>N=notional. One yr package beginning November 1. Canada/U.S. dollar conversion based on Bank of Canada noon rate. One year packages converted to U.S. dollars at a 12-month forward rate.</p>
</text>
<copyright>(c) Reuters Limited 1997</copyright>
<metadata>
<codes class="bip:countries:1.0">
  <code code="CANA">
    <editdetail attribution="Reuters BIP Coding Group" action="confirmed" date="1997-03-19"/>
  </code>
</codes>
<codes class="bip:topics:1.0">
  <code code="M14">
    <editdetail attribution="Reuters BIP Coding Group" action="confirmed" date="1997-03-19"/>
  </code>
  <code code="M143">
    <editdetail attribution="Reuters BIP Coding Group" action="confirmed" date="1997-03-19"/>
  </code>
  <code code="MCAT">
    <editdetail attribution="Reuters BIP Coding Group" action="confirmed" date="1997-03-19"/>
  </code>
</codes>
<dc element="dc.publisher" value="Reuters Holdings Plc"/>
<dc element="dc.date.published" value="1997-03-19"/>
<dc element="dc.source" value="Reuters"/>
<dc element="dc.creator.location.country.name" value="CANADA"/>
<dc element="dc.source" value="Reuters"/>
</metadata>
</newsitem>
