<?xml version="1.0" encoding="iso-8859-1" ?>
<newsitem itemid="452452" id="root" date="1997-03-19" xml:lang="en">
<title>CANADA: Montreal indices closing - March 19.</title>
<headline>Montreal indices closing - March 19.</headline>
<text>
<p>Industrials		  2874.39  -26.07</p>
<p> Utilities		    2721.90   -6.96</p>
<p> Banks			  4737.76  -22.02</p>
<p> Portfolio		    3070.56  -23.72</p>
<p> Volume			16633216</p>
</text>
<copyright>(c) Reuters Limited 1997</copyright>
<metadata>
<codes class="bip:countries:1.0">
  <code code="CANA">
    <editdetail attribution="Reuters BIP Coding Group" action="confirmed" date="1997-03-19"/>
  </code>
</codes>
<codes class="bip:topics:1.0">
  <code code="M11">
    <editdetail attribution="Reuters BIP Coding Group" action="confirmed" date="1997-03-19"/>
  </code>
  <code code="MCAT">
    <editdetail attribution="Reuters BIP Coding Group" action="confirmed" date="1997-03-19"/>
  </code>
</codes>
<dc element="dc.publisher" value="Reuters Holdings Plc"/>
<dc element="dc.date.published" value="1997-03-19"/>
<dc element="dc.source" value="Reuters"/>
<dc element="dc.creator.location.country.name" value="CANADA"/>
<dc element="dc.source" value="Reuters"/>
</metadata>
</newsitem>
