<?xml version="1.0" encoding="iso-8859-1" ?>
<newsitem itemid="452429" id="root" date="1997-03-19" xml:lang="en">
<title>UK: Hong Kong firm stocks in London.</title>
<headline>Hong Kong firm stocks in London.</headline>
<dateline>LONDON 1997-03-19</dateline>
<text>
<p>Most Hong Kong shares were slightly firmer in London on Wednesday, buoyed by a modest rebound on Wall Street.</p>
<p>The Hang Seng London Reference index was up 16.70 points to 12,668.12 at 1544 GMT.</p>
<p>In otherwise dull trading activity, dealers noted interest in Hong Kong Telecommunications Ltd, which gained HK$0.075 to HK$14.475, amid rumours that Britain's Cable and Wireless Plc might sell its stake in the Hong Kong concern to finance a bid for Sprint Cor of the U.S., dealers said.</p>
<p>&quot;I don't know if it will happen, but it certainly has people talking,&quot; a dealer said.</p>
<p>Most Hong Kong property shares bore the weight of concerns that the U.S. Federal Reserve would tighten credit after its policy making meeting on March 25, they said.</p>
<p>In Hong Kong, the Hang Seng Index lost 97.49 points to close at 12,651.42.</p>
</text>
<copyright>(c) Reuters Limited 1997</copyright>
<metadata>
<codes class="bip:countries:1.0">
  <code code="HKONG">
    <editdetail attribution="Reuters BIP Coding Group" action="confirmed" date="1997-03-19"/>
  </code>
  <code code="UK">
    <editdetail attribution="Reuters BIP Coding Group" action="confirmed" date="1997-03-19"/>
  </code>
</codes>
<codes class="bip:topics:1.0">
  <code code="M11">
    <editdetail attribution="Reuters BIP Coding Group" action="confirmed" date="1997-03-19"/>
  </code>
  <code code="MCAT">
    <editdetail attribution="Reuters BIP Coding Group" action="confirmed" date="1997-03-19"/>
  </code>
</codes>
<dc element="dc.date.created" value="1997-03-19"/>
<dc element="dc.publisher" value="Reuters Holdings Plc"/>
<dc element="dc.date.published" value="1997-03-19"/>
<dc element="dc.source" value="Reuters"/>
<dc element="dc.creator.location" value="LONDON"/>
<dc element="dc.creator.location.country.name" value="UK"/>
<dc element="dc.source" value="Reuters"/>
</metadata>
</newsitem>
