<?xml version="1.0" encoding="iso-8859-1" ?>
<newsitem itemid="452463" id="root" date="1997-03-19" xml:lang="en">
<title>CANADA: RTRS-Canada to fight Australia's salmon ban at WTO.</title>
<headline>RTRS-Canada to fight Australia's salmon ban at WTO.</headline>
<dateline>OTTAWA 1997-03-19</dateline>
<text>
<p>Canada will proceed with plans to take Australia to the World Trade Organization over Australia's ban on imports of uncooked salmon, a government official said on Wednesday.</p>
<p>&quot;At this point we are going forward with our request,&quot; Sanjeev Chowdhury, a spokesman for the Department of International Trade, said in a phone interview.</p>
<p>Canada threatened earlier this month to request a dispute settlement panel on March 20. There had since been no talks between the two countries, so Canada would go ahead with its request, Chowdhury said.</p>
<p>&quot;Australia has the right to block the first request, but it (the dispute panel) becomes mandatory the second time around,&quot; he added.</p>
<p>He said Canada would request a panel again on April 30 if Australia blocked Canada's attempt on Thursday.</p>
<p>The Australia-Canada dispute had simmered for about 20 years, Canadian officials said.</p>
<p>In 1975, Australia introduced a quarantine measure banning the import of fresh salmon products, requiring all imported salmon to be either heat-treated or canned.</p>
<p>Australia said scientific analysis showed uncooked salmon contained at least 20 diseases that raised the country's concern. Canberra planned to defend its ban.</p>
<p>But Ottawa contended that uncooked salmon was safe and was determined to fight the ban. For related news, double click on one of the following codes:  E  U  CAN  C  GRO  G  AU CA  TRD  DIP  NEWS  POL  FOD  MEAL  LEN Thursday, 20 March 1997 07:38:45 RTRS  nN19406845</p>
</text>
<copyright>(c) Reuters Limited 1997</copyright>
<metadata>
<codes class="bip:countries:1.0">
  <code code="AUSTR">
    <editdetail attribution="Reuters BIP Coding Group" action="confirmed" date="1997-03-19"/>
  </code>
  <code code="CANA">
    <editdetail attribution="Reuters BIP Coding Group" action="confirmed" date="1997-03-19"/>
  </code>
</codes>
<codes class="bip:industries:1.0">
  <code code="I03000">
    <editdetail attribution="Reuters BIP Coding Group" action="confirmed" date="1997-03-19"/>
  </code>
</codes>
<codes class="bip:topics:1.0">
  <code code="C13">
    <editdetail attribution="Reuters BIP Coding Group" action="confirmed" date="1997-03-19"/>
  </code>
  <code code="C31">
    <editdetail attribution="Reuters BIP Coding Group" action="confirmed" date="1997-03-19"/>
  </code>
  <code code="C312">
    <editdetail attribution="Reuters BIP Coding Group" action="confirmed" date="1997-03-19"/>
  </code>
  <code code="CCAT">
    <editdetail attribution="Reuters BIP Coding Group" action="confirmed" date="1997-03-19"/>
  </code>
  <code code="E51">
    <editdetail attribution="Reuters BIP Coding Group" action="confirmed" date="1997-03-19"/>
  </code>
  <code code="E512">
    <editdetail attribution="Reuters BIP Coding Group" action="confirmed" date="1997-03-19"/>
  </code>
  <code code="ECAT">
    <editdetail attribution="Reuters BIP Coding Group" action="confirmed" date="1997-03-19"/>
  </code>
</codes>
<dc element="dc.date.created" value="1997-03-19"/>
<dc element="dc.publisher" value="Reuters Holdings Plc"/>
<dc element="dc.date.published" value="1997-03-19"/>
<dc element="dc.source" value="Reuters"/>
<dc element="dc.creator.location" value="OTTAWA"/>
<dc element="dc.creator.location.country.name" value="CANADA"/>
<dc element="dc.source" value="Reuters"/>
</metadata>
</newsitem>
