<?xml version="1.0" encoding="iso-8859-1" ?>
<newsitem itemid="452402" id="root" date="1997-03-19" xml:lang="en">
<title>UK: IPE gas oil closes stronger confirming gains.</title>
<headline>IPE gas oil closes stronger confirming gains.</headline>
<dateline>LONDON 1997-03-19</dateline>
<text>
<p>IPE gas oil futures closed stronger on Wednesday as the market consolidated after recent gains that have broken a four week range.</p>
<p>April closed $3.00 a tonne stronger at $175.00 having briefly toyed with $176.75, which attracted some selling pressure.</p>
<p>May Brent crude trading 15 cents stronger at $20.40 by 1745 GMT.</p>
<p>&quot;Gas oil is looking comfortable at these higher numbers and the market is waiting for these levels to be confirmed,&quot; said one trader.</p>
<p>Outright volume was viewed as thin.</p>
<p>&quot;We have seen a fair bit of cross-over broker trading,&quot; said one dealer.</p>
<p>Support for April was seen at $174, today's low with selling interest likely to kick in around $176.25.</p>
<p>-- London Newsroom +44 171 542 8980</p>
</text>
<copyright>(c) Reuters Limited 1997</copyright>
<metadata>
<codes class="bip:countries:1.0">
  <code code="UK">
    <editdetail attribution="Reuters BIP Coding Group" action="confirmed" date="1997-03-19"/>
  </code>
</codes>
<codes class="bip:topics:1.0">
  <code code="M14">
    <editdetail attribution="Reuters BIP Coding Group" action="confirmed" date="1997-03-19"/>
  </code>
  <code code="M143">
    <editdetail attribution="Reuters BIP Coding Group" action="confirmed" date="1997-03-19"/>
  </code>
  <code code="MCAT">
    <editdetail attribution="Reuters BIP Coding Group" action="confirmed" date="1997-03-19"/>
  </code>
</codes>
<dc element="dc.date.created" value="1997-03-19"/>
<dc element="dc.publisher" value="Reuters Holdings Plc"/>
<dc element="dc.date.published" value="1997-03-19"/>
<dc element="dc.source" value="Reuters"/>
<dc element="dc.creator.location" value="LONDON"/>
<dc element="dc.creator.location.country.name" value="UK"/>
<dc element="dc.source" value="Reuters"/>
</metadata>
</newsitem>
