<?xml version="1.0" encoding="iso-8859-1" ?>
<newsitem itemid="452406" id="root" date="1997-03-19" xml:lang="en">
<title>UK: Salvors attack insurers' plans to alter contracts.</title>
<headline>Salvors attack insurers' plans to alter contracts.</headline>
<dateline>LONDON 1997-03-19</dateline>
<text>
<p>The International Salvage Union (ISU) has attacked proposals being considered by P&amp;I insurers to change the way salvage contracts are awarded and operated.</p>
<p>ISU executive committee member and group director of maritime contracting for Smit Internationale NV Hans Walenkamp said in London on Wednesday that proposals being considered by the P&amp;I Clubs would accelerate the decline of the salvage industry.</p>
<p>Speaking at the first International Marine Salvage Conference he said: &quot;Proposals have been prepared which call for the complete abandonment of existing arrangements for the provision of salvage and pollution prevention services&quot;.</p>
<p>Walenkamp said adoption of the system proposed by &quot;certain interests within the P&amp;I community&quot; were an attempt by the cargo insurers to win control of salvage operations and minimise their exposure to environmental claims.</p>
<p>&quot;The new salvage industry would lack open competition and the ability to generate worthwhile earnings. It would no longer be in charge of its own destiny,&quot; he said.</p>
<p>&quot;How do we stop the rot when the decline of the salvage industry accelerates as a result of this reform?&quot; he asked.</p>
<p>Walenkamp said the P&amp;I Clubs were planning to appoint  three or four lead salvors representing various regions. They would draw upon other salvors' resources for particular operations.</p>
<p>&quot;Every salvage would be overseen by the Club's representative or consultant. All work would be performed under daily hire terms,&quot; he said.</p>
<p>Walenkamp added that such moves would mean the end of the accepted Lloyd's Open Form (LOF) system with its no cure-no pay principle.</p>
<p>The ISU accepts that reform of LOF is required but salvors claim the no cure-no pay principle promotes immediate action by deferring commercial issues until after salvage is achieved and encourages successful completion of operations.</p>
<p>International Group of P&amp;I Clubs salvage sub-committee member Colin Williams responded that the mutual cargo insurers were investigating &quot;improvements, not replacement&quot; of the existing regime.</p>
<p>Williams, who is also associate manager with the Steamship Mutual Underwriting Association, said the International Group was considering a radical proposal for the Clubs to cover risks and pay daily rates, but that it was one of several possible ideas which have not yet been approved.</p>
<p>&quot;The plan would be open to all owners and salvors with the proviso that they would not be able to cherry-pick the response which would pay best. The enhanced daily rate system might therefore make responses quicker,&quot; Williams said.</p>
<p>He countered claims that the Clubs had only a minority interest in the cost of salvage contracts and said their involvement was steady rising.</p>
<p>Williams also said the number of LOF contracts being used was falling all the time because the system was becoming slow and costly to administrate.</p>
<p>-- Paul Berrill, Reuters Shipping News + Tel 171 542 4087</p>
</text>
<copyright>(c) Reuters Limited 1997</copyright>
<metadata>
<codes class="bip:countries:1.0">
  <code code="UK">
    <editdetail attribution="Reuters BIP Coding Group" action="confirmed" date="1997-03-19"/>
  </code>
</codes>
<codes class="bip:industries:1.0">
  <code code="I76300">
    <editdetail attribution="Reuters BIP Coding Group" action="confirmed" date="1997-03-19"/>
  </code>
  <code code="I82000">
    <editdetail attribution="Reuters BIP Coding Group" action="confirmed" date="1997-03-19"/>
  </code>
</codes>
<codes class="bip:topics:1.0">
  <code code="C11">
    <editdetail attribution="Reuters BIP Coding Group" action="confirmed" date="1997-03-19"/>
  </code>
  <code code="C13">
    <editdetail attribution="Reuters BIP Coding Group" action="confirmed" date="1997-03-19"/>
  </code>
  <code code="C21">
    <editdetail attribution="Reuters BIP Coding Group" action="confirmed" date="1997-03-19"/>
  </code>
  <code code="CCAT">
    <editdetail attribution="Reuters BIP Coding Group" action="confirmed" date="1997-03-19"/>
  </code>
</codes>
<dc element="dc.date.created" value="1997-03-19"/>
<dc element="dc.publisher" value="Reuters Holdings Plc"/>
<dc element="dc.date.published" value="1997-03-19"/>
<dc element="dc.source" value="Reuters"/>
<dc element="dc.creator.location" value="LONDON"/>
<dc element="dc.creator.location.country.name" value="UK"/>
<dc element="dc.source" value="Reuters"/>
</metadata>
</newsitem>
