<?xml version="1.0" encoding="iso-8859-1" ?>
<newsitem itemid="452419" id="root" date="1997-03-19" xml:lang="en">
<title>UK: European straight-run fuels edge up in thin trade.</title>
<headline>European straight-run fuels edge up in thin trade.</headline>
<dateline>LONDON 1997-03-19</dateline>
<text>
<p>European straight run fuel oil prices were slightly firmer with crude on Wednesday but the firmer prices kept trade thin.</p>
<p>Traders said good supplies capped gains for Russian E4 material despite what traders said was persistent underlying buying interest.</p>
<p>North Sea low sulphur values edged slightly higher in line with a generally firmer tone across the barrel.</p>
<p>Fob NWE liftings were valued around $1 per tonne firmer at $107.50. Dealers said Russian material continued to appear at Baltic ports.</p>
<p>E4 was valued around 50 cents to $1 per tonne firmer at $96 a tonne.</p>
<p>In the Mediterranean, Russian M-40 was talked steady around two means +$6 a tonne delivered.</p>
<p>- Colin Wooster, London Newsroom +44 171 542 7456</p>
</text>
<copyright>(c) Reuters Limited 1997</copyright>
<metadata>
<codes class="bip:countries:1.0">
  <code code="UK">
    <editdetail attribution="Reuters BIP Coding Group" action="confirmed" date="1997-03-19"/>
  </code>
</codes>
<codes class="bip:topics:1.0">
  <code code="M14">
    <editdetail attribution="Reuters BIP Coding Group" action="confirmed" date="1997-03-19"/>
  </code>
  <code code="M143">
    <editdetail attribution="Reuters BIP Coding Group" action="confirmed" date="1997-03-19"/>
  </code>
  <code code="MCAT">
    <editdetail attribution="Reuters BIP Coding Group" action="confirmed" date="1997-03-19"/>
  </code>
</codes>
<dc element="dc.date.created" value="1997-03-19"/>
<dc element="dc.publisher" value="Reuters Holdings Plc"/>
<dc element="dc.date.published" value="1997-03-19"/>
<dc element="dc.source" value="Reuters"/>
<dc element="dc.creator.location" value="LONDON"/>
<dc element="dc.creator.location.country.name" value="UK"/>
<dc element="dc.source" value="Reuters"/>
</metadata>
</newsitem>
