<?xml version="1.0" encoding="iso-8859-1" ?>
<newsitem itemid="452443" id="root" date="1997-03-19" xml:lang="en">
<title>JORDAN: GOVERNMENT LIST.</title>
<headline>GOVERNMENT LIST.</headline>
<text>
<p>JORDAN GOVERNMENT LIST (970319-2)</p>
<p> Head of State......King HUSSEIN</p>
<p>Crown Prince (Acting Regent in the King's absence, special</p>
<p>responsibility for economic Development).....Prince HASSAN</p>
<p>				  - - - - - - -</p>
<p>GOVERNMENT (Formed 19 Mar 97)</p>
<p> Prime Minister (Apptd 19 Mar 97)........Abdul-Salam al-MAJALI</p>
<p>(Also Minister of Defence)</p>
<p> Deputy Prime Minister..........Abdullah ENSOUR</p>
<p> (Also Minister of Administrative Development)</p>
<p> Deputy Prime Minister...........Jawad al-ANANI</p>
<p>(Also Minister of State for Development, Cabinet Affairs)</p>
<p>				  - - - - - - -</p>
<p>MINISTERS (Only names known so far)</p>
<p> Defence......See prime minister</p>
<p> Foreign..........Fayez TARAWNEH</p>
<p> Planning............Rima KHALAF</p>
<p> Public Works &amp; Housing.........Nasser al-LAWZI</p>
<p> Religious Affairs........Abdul Salam al-ABBADI</p>
<p>				  - - - - - - -</p>
<p>MINISTERS OF STATE</p>
<p>Development, Cabinet Affairs....See Deputy Pms</p>
<p>				  - - - - - - -</p>
<p> Royal Court Chief.............Awn al-KHASAWNEH</p>
<p>				  - - - - - - -</p>
<p> Speaker of Lower House of Parliament.........Saed Hayel SROUR</p>
<p> Speaker of Upper House of Parliament...........Ahmed al-LAWZI</p>
<p>				  - - - - - - -</p>
<p> Central Bank Governor..............Ziyad FARIZ</p>
<p>				  - - - - - - -</p>
<p>	 NOTE: Any comments/queries on the content of this</p>
<p>		 government list, please contact the Reuter</p>
<p>		 Editorial Reference Unit, London, on (171) 542</p>
<p>		 7968.</p>
<p>			   (End Government List)</p>
</text>
<copyright>(c) Reuters Limited 1997</copyright>
<metadata>
<codes class="bip:countries:1.0">
  <code code="JORDAN">
    <editdetail attribution="Reuters BIP Coding Group" action="confirmed" date="1997-03-19"/>
  </code>
</codes>
<codes class="bip:topics:1.0">
  <code code="GCAT">
    <editdetail attribution="Reuters BIP Coding Group" action="confirmed" date="1997-03-19"/>
  </code>
  <code code="GPOL">
    <editdetail attribution="Reuters BIP Coding Group" action="confirmed" date="1997-03-19"/>
  </code>
</codes>
<dc element="dc.publisher" value="Reuters Holdings Plc"/>
<dc element="dc.date.published" value="1997-03-19"/>
<dc element="dc.source" value="Reuters"/>
<dc element="dc.creator.location.country.name" value="JORDAN"/>
<dc element="dc.source" value="Reuters"/>
</metadata>
</newsitem>
