<?xml version="1.0" encoding="iso-8859-1" ?>
<newsitem itemid="452417" id="root" date="1997-03-19" xml:lang="en">
<title>UK: GDR REPORT - India GDRs find support after dips.</title>
<headline>GDR REPORT - India GDRs find support after dips.</headline>
<dateline>LONDON 1997-03-19</dateline>
<text>
<p>Indian global depository receipts (GDRs) eased on Wednesday but traders said buyers were willing to come in at the lows.</p>
<p>Prices initially dropped in line with a lower Bombay market which registered its biggest fall since last month's budget had initially sent prices surging.</p>
<p>The HSBC James Capel Indian GDR index lost 1.22 percent by the close to 73.86, while the premium rose to 16.89 percent from Tuesday's 15.59 percent.</p>
<p>After the initial drop in GDRs, much of it led by market makers, prices bounced back to opening levels and then turned &quot;At the lower levels, the GDRs are well supported. There is still a view that the budget was positive,&quot; one trader said.</p>
<p>Reliance was unchanged while SAIL slipped 15 cents to $8.375. Hindalco rose 52 cents to $31.15.</p>
<p>In other Asian markets, the Capel Taiwan GDR Index continued to drop, falling 3.36 points to 118.14. The discount to the local market was 0.47 percent.</p>
<p>The Capel Korea GDR Index ended 1.83 points lower at 57.00, while the premium fell to 39.20 percent from 42.94 percent.</p>
<p>-- Jonathan Thatcher, London Newsroom +44 171 542 7770 (fax +44 171 583 7239)</p>
</text>
<copyright>(c) Reuters Limited 1997</copyright>
<metadata>
<codes class="bip:countries:1.0">
  <code code="INDIA">
    <editdetail attribution="Reuters BIP Coding Group" action="confirmed" date="1997-03-19"/>
  </code>
  <code code="SKOREA">
    <editdetail attribution="Reuters BIP Coding Group" action="confirmed" date="1997-03-19"/>
  </code>
  <code code="TAIWAN">
    <editdetail attribution="Reuters BIP Coding Group" action="confirmed" date="1997-03-19"/>
  </code>
  <code code="UK">
    <editdetail attribution="Reuters BIP Coding Group" action="confirmed" date="1997-03-19"/>
  </code>
</codes>
<codes class="bip:topics:1.0">
  <code code="M11">
    <editdetail attribution="Reuters BIP Coding Group" action="confirmed" date="1997-03-19"/>
  </code>
  <code code="MCAT">
    <editdetail attribution="Reuters BIP Coding Group" action="confirmed" date="1997-03-19"/>
  </code>
</codes>
<dc element="dc.date.created" value="1997-03-19"/>
<dc element="dc.publisher" value="Reuters Holdings Plc"/>
<dc element="dc.date.published" value="1997-03-19"/>
<dc element="dc.source" value="Reuters"/>
<dc element="dc.creator.location" value="LONDON"/>
<dc element="dc.creator.location.country.name" value="UK"/>
<dc element="dc.source" value="Reuters"/>
</metadata>
</newsitem>
