<?xml version="1.0" encoding="iso-8859-1" ?>
<newsitem itemid="452410" id="root" date="1997-03-19" xml:lang="en">
<title>UK: IPE natural gas barely changed in thin trade.</title>
<headline>IPE natural gas barely changed in thin trade.</headline>
<dateline>LONDON 1997-03-19</dateline>
<text>
<p>The IPE's natural gas futures contract suffered a disappointing day's trade on Wednesday with only four deals done, two in each session.</p>
<p>In the second session from 1400 GMT to 1600 GMT, only 15 lots were traded in two transactions.</p>
<p>The price movement over the day was negligible. September saw the biggest change, down by 0.050 pence a therm from Tuesday's settlement, to trade at 10.15 pence. October saw a fall of only 0.005 pence a therm, the minimum tick size, to 11.995 pence.</p>
<p>In other trades, February was unchanged while April was up by 0.010 pence a therm.</p>
<p>Brokers had expected unchanged prices following several sessions in which levels had fallen.</p>
<p>--London Newsroom, +44 171 542 6412</p>
</text>
<copyright>(c) Reuters Limited 1997</copyright>
<metadata>
<codes class="bip:countries:1.0">
  <code code="UK">
    <editdetail attribution="Reuters BIP Coding Group" action="confirmed" date="1997-03-19"/>
  </code>
</codes>
<codes class="bip:topics:1.0">
  <code code="M14">
    <editdetail attribution="Reuters BIP Coding Group" action="confirmed" date="1997-03-19"/>
  </code>
  <code code="M143">
    <editdetail attribution="Reuters BIP Coding Group" action="confirmed" date="1997-03-19"/>
  </code>
  <code code="MCAT">
    <editdetail attribution="Reuters BIP Coding Group" action="confirmed" date="1997-03-19"/>
  </code>
</codes>
<dc element="dc.date.created" value="1997-03-19"/>
<dc element="dc.publisher" value="Reuters Holdings Plc"/>
<dc element="dc.date.published" value="1997-03-19"/>
<dc element="dc.source" value="Reuters"/>
<dc element="dc.creator.location" value="LONDON"/>
<dc element="dc.creator.location.country.name" value="UK"/>
<dc element="dc.source" value="Reuters"/>
</metadata>
</newsitem>
