<?xml version="1.0" encoding="iso-8859-1" ?>
<newsitem itemid="452451" id="root" date="1997-03-19" xml:lang="en">
<title>CANADA: Toronto's reform blitz sets off citizens' revolt.</title>
<headline>Toronto's reform blitz sets off citizens' revolt.</headline>
<byline>Darren Schuettler</byline>
<dateline>TORONTO</dateline>
<text>
<p>A monster shakeup of Canada's biggest city, Toronto, has sparked a citizens' revolt against Ontario's ruling Conservatives and raised eyebrows among those who do business in the country's financial capital.</p>
<p>This clean, peaceful city -- sometimes dubbed &quot;New York run by the Swiss&quot; -- has recently become a battleground in the so-called &quot;Common Sense Revolution&quot; initiated by Ontario's Conservative Premier Mike Harris.</p>
<p>Promising leaner, cheaper government, Harris wants to merge Toronto and six neighbouring municipalities into a single &quot;megacity&quot; of 2.4 million people. The new city would hold about 8 percent of Canada's 30 million people and dwarf all but three of Canada's 10 provinces.</p>
<p>Harris also plans a fundamental shift in how public services -- everything from education to welfare -- are delivered and paid for.</p>
<p>Opponents fear the municipal reform blitz will drive up taxes and lead to the kind of urban decay witnessed in many cities in the United States, just across the border.</p>
<p>The threat of such wrenching change being rammed through without a binding plebiscite has outraged citizens and prompted accusations of tyranny and fascism.</p>
<p>&quot;Government is not elected for the politicians. It is elected by the people for the people,&quot; Toronto Mayor Barbara Hall told a crowd after residents in the seven affected areas voted three to one against a merger in a referendum earlier this month. The vote was not binding on Ontario's government, which has vowed to press ahead with its plan.</p>
<p>The referendum capped a campaign that saw an Ontario cabinet minister likened to Adolf Hitler, bomb threats against a polling firm, and thousands of protesters marching in the streets in a re-enactment of a civic rebellion in 1837.</p>
<p>Harris has held firm. &quot;I don't think we can withdraw the need for change,&quot; he said, adding that there may be amendments when the legislation is introduced.</p>
<p>The &quot;megacity&quot; revolt has grabbed headlines across the country and overseas, even prompting some foreign consulates to keep a wary eye on the political wrangling.</p>
<p>&quot;There is some interest, but it's purely because it has appeared in the (British) papers,&quot; said Terry Curran, the British Consul in Toronto.</p>
<p>Meanwhile, high-profile Canadian business leaders, politicians and artists have joined to oppose the merger plan.</p>
<p>They include film director Norman Jewison, Molson Cos. Ltd Chief Executive Norman Seagram, and writer Margaret Atwood who compared the megacity's architects to the Three Stooges.</p>
<p>The &quot;No&quot; side captured 75 percent of the votes in the referendum, but the process was flawed and turnout was low.</p>
<p>Under draft legislation, known as Bill 103, the seven city halls and 106 politicians who now govern the Greater Toronto Area will shrink to one elected mayor and 44 councillors.</p>
<p>The government also plans to overhaul property taxes, eliminate more than half of the province's school boards, seize control of education funding and download a bigger share of social programme costs onto the municipalities.</p>
<p>Harris has said the reforms are revenue neutral, but critics say municipalities may be forced to raise taxes.</p>
<p>They fear welfare rolls could soar and one of the hardest hit communities would be Toronto, which has a heavier welfare caseload and nearly half of the province's social housing.</p>
<p>&quot;You're doing something that is very volatile and on a tax base which has very little flexibility,&quot; said George Fierheller, president of Toronto's Board of Trade.</p>
<p>More than 75 percent of the board's members favour reducing the size of government through a merger but nearly half worry about dumping such heavy responsibilities onto municipalities.</p>
<p>&quot;As a Torontonian and a businessman responsible for a large company, I'm wary of abrupt change without making sure you've thought it through,&quot; said Peter Godsoe, chairman of Canada's fourth-largest bank, Bank of Nova Scotia.</p>
<p>The influential debt rating agency, Moody's Investors Service, has warned &quot;the very nature and scale of the reforms...create new challenges that could affect the credit quality of some municipalities.&quot;</p>
<p>The downloading trend has been a feature of government at all levels in Canada as they struggle with budget deficits.</p>
<p>Ontario is in a tougher bind than most. Faced with a huge C$10 ($7.38) billion deficit when they came to power in 1995, the Conservatives slashed spending and cut the deficit to C$7.7 billion in 1996/97, while easing some taxes.</p>
<p>The Harris revolution has kept the government high in opinion polls, but public support has slipped recently, with backing for the Conservatives down to 37 percent in Metro Toronto, compared with 41 percent for the opposition Liberals.</p>
</text>
<copyright>(c) Reuters Limited 1997</copyright>
<metadata>
<codes class="bip:countries:1.0">
  <code code="CANA">
    <editdetail attribution="Reuters BIP Coding Group" action="confirmed" date="1997-03-19"/>
  </code>
</codes>
<codes class="bip:topics:1.0">
  <code code="E21">
    <editdetail attribution="Reuters BIP Coding Group" action="confirmed" date="1997-03-19"/>
  </code>
  <code code="E211">
    <editdetail attribution="Reuters BIP Coding Group" action="confirmed" date="1997-03-19"/>
  </code>
  <code code="ECAT">
    <editdetail attribution="Reuters BIP Coding Group" action="confirmed" date="1997-03-19"/>
  </code>
  <code code="GCAT">
    <editdetail attribution="Reuters BIP Coding Group" action="confirmed" date="1997-03-19"/>
  </code>
  <code code="GPOL">
    <editdetail attribution="Reuters BIP Coding Group" action="confirmed" date="1997-03-19"/>
  </code>
  <code code="GVIO">
    <editdetail attribution="Reuters BIP Coding Group" action="confirmed" date="1997-03-19"/>
  </code>
</codes>
<dc element="dc.publisher" value="Reuters Holdings Plc"/>
<dc element="dc.date.published" value="1997-03-19"/>
<dc element="dc.source" value="Reuters"/>
<dc element="dc.creator.location" value="TORONTO"/>
<dc element="dc.creator.location.country.name" value="CANADA"/>
<dc element="dc.source" value="Reuters"/>
</metadata>
</newsitem>
