<?xml version="1.0" encoding="iso-8859-1" ?>
<newsitem itemid="452447" id="root" date="1997-03-19" xml:lang="en">
<title>JORDAN: GOVERNMENT LIST.</title>
<headline>GOVERNMENT LIST.</headline>
<text>
<p>JORDAN GOVERNMENT LIST (970319)</p>
<p>  **********************************************************</p>
<p>  * 19 Mar 97 - King Hussein dismissed prime minister	*</p>
<p>  *		 Kabariti and replaced him with former	*</p>
<p>  *		 premier Abdul-Salam al-Majali, who would   *</p>
<p>  *		 pick a new cabinet of ministers.	     *</p>
<p>  **********************************************************</p>
<p>				  - - - - - - -</p>
<p> Head of State......King HUSSEIN</p>
<p>Crown Prince (Acting Regent in the King's absence, special</p>
<p>responsibility for economic Development).....Prince HASSAN</p>
<p>				  - - - - - - -</p>
<p> Prime Minister (Apptd 19 Mar 97)........Abdul-Salam al-MAJALI</p>
<p>				  - - - - - - -</p>
<p>OUTGOING GOVERNMENT (Sworn in 4 Feb 96)</p>
<p> Prime Minister.........Abdul-Karim al-KABARITI</p>
<p>(Also Minister of Defence, Foreign Affairs)</p>
<p>				  - - - - - - -</p>
<p>MINISTERS:</p>
<p>Agriculture....Mustafa SHNEIKAT</p>
<p>Communications &amp; Postal Affairs.Jamal SARAYRAH</p>
<p> Culture..........Ahmad AL-QUDAH</p>
<p> Defence......See Prime Minister</p>
<p> Education....... .............Munther AL-MASRI</p>
<p> Energy &amp; Mineral Resources.......Hashem DABBAS</p>
<p> Finance &amp; Customs...Marwan AWAD</p>
<p> Foreign Affairs.............See Prime Minister</p>
<p> Health............Aref BATAYNEH</p>
<p> Higher Education...............Abdullah ENSOUR</p>
<p> Information......Marwan MUASHER</p>
<p> Interior..........Awad KHLEIFAT</p>
<p> Justice...Abdul-Karim AL-DUGHMI</p>
<p> Labour...............Abdul-Hafez al-SHAKHANBEH</p>
<p> Municipal, Rural &amp; Environmental</p>
<p>    Affairs...............Abdul-Razzak TBEISHAT</p>
<p> Planning............Rima KHALAF</p>
<p> Public Works, Housing.....Abdul-Hadi al-MAJALI</p>
<p> Religious Affairs........Abdul Salam AL-ABBADI</p>
<p> Social Development............Hamad ABU JAMOUS</p>
<p> Supply..............Munir SOBAR</p>
<p> Tourism &amp; Antiquities..........Saleh IRSHEIDAT</p>
<p> Trade &amp; Industry.............Ali Abu AL-RAGHEB</p>
<p> Transport.......Nasser al-LAWZI</p>
<p> Water &amp; Irrigation..Samir KAWAR</p>
<p> Youth.........Mohammad DAOUDIEH</p>
<p>				  - - - - - - -</p>
<p>MINISTERS OF STATE</p>
<p> Administrative Development........Kamal NASSER</p>
<p> Foreign Affairs............Khaled al-MADADHA**</p>
<p>				(**Announced his resignation 4 Mar 97)</p>
<p> Parliamentary Affairs.........Mohammad THWEIEB</p>
<p> Prime Ministry Affairs..........Hisham AL-TELL</p>
<p> Ministers of State........Mohammad ODEH NJADAT</p>
<p>							     Mahmoud HWEIMEL</p>
<p>								Mifleh RUHEIMI</p>
<p>				  - - - - - - -</p>
<p> Royal Court Chief.............Awn al-KHASAWNEH</p>
<p>				  - - - - - - -</p>
<p> Speaker of Lower House of Parliament.........Saed Hayel SROUR</p>
<p> Speaker of Upper House of Parliament...........Ahmed al-LAWZI</p>
<p>				  - - - - - - -</p>
<p> Central Bank Governor..............Ziyad FARIZ</p>
<p>				  - - - - - - -</p>
<p>	 NOTE: Any comments/queries on the content of this</p>
<p>		 government list, please contact the Reuter</p>
<p>		 Editorial Reference Unit, London, on (171) 542</p>
<p>		 7968.</p>
<p>			   (End Government List)</p>
</text>
<copyright>(c) Reuters Limited 1997</copyright>
<metadata>
<codes class="bip:countries:1.0">
  <code code="JORDAN">
    <editdetail attribution="Reuters BIP Coding Group" action="confirmed" date="1997-03-19"/>
  </code>
</codes>
<codes class="bip:topics:1.0">
  <code code="GCAT">
    <editdetail attribution="Reuters BIP Coding Group" action="confirmed" date="1997-03-19"/>
  </code>
  <code code="GPOL">
    <editdetail attribution="Reuters BIP Coding Group" action="confirmed" date="1997-03-19"/>
  </code>
</codes>
<dc element="dc.publisher" value="Reuters Holdings Plc"/>
<dc element="dc.date.published" value="1997-03-19"/>
<dc element="dc.source" value="Reuters"/>
<dc element="dc.creator.location.country.name" value="JORDAN"/>
<dc element="dc.source" value="Reuters"/>
</metadata>
</newsitem>
