<?xml version="1.0" encoding="iso-8859-1" ?>
<newsitem itemid="452433" id="root" date="1997-03-19" xml:lang="en">
<title>UK: Lower UK meals prices fail to attract buyers.</title>
<headline>Lower UK meals prices fail to attract buyers.</headline>
<dateline>LONDON 1997-03-19</dateline>
<text>
<p>Lower UK meals and feeds prices on Wednesday failed to excite buyers.</p>
<p>&quot;People are only buying as and when they need to and this situation will remain while Chicago is so volatile,&quot; said one broker.</p>
<p>High protein soymeal offers ex-mill where three to five stg down while stores were three stg lower.</p>
<p>Rapemeal, Sunflower meal, sunpellets and corn gluten feed pellets were all unchanged.</p>
<p>The only trade reported was for March rapemeal from Liverpool at 126 stg on the resale market.</p>
<p>--Jim Ballantyne, London Newsroom, +44 171 542 8062</p>
</text>
<copyright>(c) Reuters Limited 1997</copyright>
<metadata>
<codes class="bip:countries:1.0">
  <code code="UK">
    <editdetail attribution="Reuters BIP Coding Group" action="confirmed" date="1997-03-19"/>
  </code>
</codes>
<codes class="bip:topics:1.0">
  <code code="M14">
    <editdetail attribution="Reuters BIP Coding Group" action="confirmed" date="1997-03-19"/>
  </code>
  <code code="M141">
    <editdetail attribution="Reuters BIP Coding Group" action="confirmed" date="1997-03-19"/>
  </code>
  <code code="MCAT">
    <editdetail attribution="Reuters BIP Coding Group" action="confirmed" date="1997-03-19"/>
  </code>
</codes>
<dc element="dc.date.created" value="1997-03-19"/>
<dc element="dc.publisher" value="Reuters Holdings Plc"/>
<dc element="dc.date.published" value="1997-03-19"/>
<dc element="dc.source" value="Reuters"/>
<dc element="dc.creator.location" value="LONDON"/>
<dc element="dc.creator.location.country.name" value="UK"/>
<dc element="dc.source" value="Reuters"/>
</metadata>
</newsitem>
