<?xml version="1.0" encoding="iso-8859-1" ?>
<newsitem itemid="452465" id="root" date="1997-03-19" xml:lang="en">
<title>CANADA: WCE canola ends down on commercials, hedges.</title>
<headline>WCE canola ends down on commercials, hedges.</headline>
<dateline>WINNIPEG 1997-03-19</dateline>
<text>
<p>WCE canola futures ended down on commercial and hedge selling, traders said.</p>
<p>&quot;Cargill's on both sides of the market,&quot; a trader said. &quot;They're accounting for 90 percent of the volume. They traded 3,000 May and July. Funds are rolling out of May into July.&quot;</p>
<p>May WCE futures crush profit margin rose to -17.06 Wednesday from -21.29 Tuesday. About 1,000 May-July spread at $2.50. Volume was 5,525 lots, or 110,500 tonnes, with 315 hedge lots.</p>
<p>May canola lost $1.10 to $428.10, July fell $0.30 to $430.70. May flax fell $0.50 to $356 on local selling.</p>
<p>UGG sold 40 May pea contracts down US$0.50 at US$210.50.</p>
<p>March barley lost $0.80 to $139.50, and commercials traded both sides of May which rose $0.20 to $141.80. Mar-May spread at $1, July-Oct $1.50, May-July $2.10. Volume was 750 lots.</p>
<p>Light hedges weighed down May feed wheat $1.50 at $170.50 as Mar-May legged at $11, July-Dec $4. Oats did not trade.</p>
<p>(All values in Canadian dollars except feed peas)</p>
<p>((Gilbert Le Gras 204 947 3548))</p>
</text>
<copyright>(c) Reuters Limited 1997</copyright>
<metadata>
<codes class="bip:countries:1.0">
  <code code="CANA">
    <editdetail attribution="Reuters BIP Coding Group" action="confirmed" date="1997-03-19"/>
  </code>
</codes>
<codes class="bip:topics:1.0">
  <code code="M14">
    <editdetail attribution="Reuters BIP Coding Group" action="confirmed" date="1997-03-19"/>
  </code>
  <code code="M141">
    <editdetail attribution="Reuters BIP Coding Group" action="confirmed" date="1997-03-19"/>
  </code>
  <code code="MCAT">
    <editdetail attribution="Reuters BIP Coding Group" action="confirmed" date="1997-03-19"/>
  </code>
</codes>
<dc element="dc.date.created" value="1997-03-19"/>
<dc element="dc.publisher" value="Reuters Holdings Plc"/>
<dc element="dc.date.published" value="1997-03-19"/>
<dc element="dc.source" value="Reuters"/>
<dc element="dc.creator.location" value="WINNIPEG"/>
<dc element="dc.creator.location.country.name" value="CANADA"/>
<dc element="dc.source" value="Reuters"/>
</metadata>
</newsitem>
