<?xml version="1.0" encoding="iso-8859-1" ?>
<newsitem itemid="452455" id="root" date="1997-03-19" xml:lang="en">
<title>CANADA: Weekly Canada spot natgas export prices - March 19.</title>
<headline>Weekly Canada spot natgas export prices - March 19.</headline>
<text>
<p>EXPORT (MARCH SALES)	  $CDN/GJ	  $US/MMBTU</p>
<p> HUNTINGDON B.C.		1.47/1.54	 1.15/1.20</p>
<p> KINGSGATE B.C. (TO PNW)    1.60/1.67 N     1.25/1.30 N</p>
<p> MONCHY SASK		    1.67/1.73	 1.30/1.35</p>
<p> EMERSON MAN		    2.08/2.14	 1.62/1.67</p>
<p> NIAGARA ONT		    2.88/2.95	 2.25/2.30</p>
<p>N=Notional. Canada/U.S. dollar conversion based on Bank of Canada noon rate.</p>
</text>
<copyright>(c) Reuters Limited 1997</copyright>
<metadata>
<codes class="bip:countries:1.0">
  <code code="CANA">
    <editdetail attribution="Reuters BIP Coding Group" action="confirmed" date="1997-03-19"/>
  </code>
</codes>
<codes class="bip:topics:1.0">
  <code code="M14">
    <editdetail attribution="Reuters BIP Coding Group" action="confirmed" date="1997-03-19"/>
  </code>
  <code code="M143">
    <editdetail attribution="Reuters BIP Coding Group" action="confirmed" date="1997-03-19"/>
  </code>
  <code code="MCAT">
    <editdetail attribution="Reuters BIP Coding Group" action="confirmed" date="1997-03-19"/>
  </code>
</codes>
<dc element="dc.publisher" value="Reuters Holdings Plc"/>
<dc element="dc.date.published" value="1997-03-19"/>
<dc element="dc.source" value="Reuters"/>
<dc element="dc.creator.location.country.name" value="CANADA"/>
<dc element="dc.source" value="Reuters"/>
</metadata>
</newsitem>
