<?xml version="1.0" encoding="iso-8859-1" ?>
<newsitem itemid="452438" id="root" date="1997-03-19" xml:lang="en">
<title>NEW ZEALAND: RUGBY UNION-Irrespondible to play Mehrtens - Smith.</title>
<headline>RUGBY UNION-Irrespondible to play Mehrtens - Smith.</headline>
<dateline>CHRISTCHURCH 1996-03-20</dateline>
<text>
<p>Canterbury Crusaders would not be irresponsible and play All Black Andrew Mehrtens in a Super 12 rugby match against ACT Brumbies at Canberra on Saturday, coach Wayne Smith said on Thursday.</p>
<p>Mehrtens tore his hamstring in a warm-up game against ACT in Greymouth on February 21 and has not recovered sufficiently to play on Saturday.</p>
<p>Smith said it was disappointing that Mehrtens was not fully fit yet because he had the potential to play a major part in the Crusaders' game plan.  </p>
<p>Without the All Black, Canterbury have had a win and a loss, after finishing bottom of the table last year.</p>
<p>&quot;We knew last month it would take three to five weeks before he would be right,&quot; Smith said.</p>
<p>&quot;We were hoping he would return to full fitness more quickly, but if he was to play on Saturday and then tear his hamstring again, it would be irresponsible on out part.&quot;</p>
<p>Mehrtens will play his first Super 12 game against Waikato Chiefs in Timaru on Easter Saturday, after missing all of last year's series because of a serious knee injury sustained on the All Blacks' tour of Italy and France in 1995.  </p>
<p>Leon MacDonald, the Marlborough teenager, will have his third game at first five-eighth while lock Norm Maxwell is expected to run out for the first time, possibly as a replacement, against ACT.</p>
<p>Smith has not yet named his playing 15 because of a number of injuries to players.</p>
<p>Drafted Aucklander Waisake Sotutu will not make the trip to Canberra but will play a Christchurch senior club game for University, to help build up his match speed and confidence. Sotutu, who has not played a Super 12 match this season, is recovering from a knee injury.  </p>
<p>Sotutu will return to play next week against the Chiefs, who will be without their suspended prop Richard Loe. He has lost the chance to play against his old Crusader team-mates after being found guilty of punching in the Auckland Blues game last weekend.</p>
<p>The Crusaders are still looking for a loose forward replacement for hooker John Akurangi, who has a broken arm, while Canterbury Colt Reuben Thorne has been added to the squad as temporary No 8 cover for injured Steve Surridge.</p>
<p>Crusaders squad to travel to Canberra:  </p>
<p>Daryl Lilley, James Kerr, Paula Bale, Daryl Gibson, Tabai Matson, Mark Mayerhofler, Leon MacDonald, Justin Marshall, Aaron Flynn, Clarke McLeod, Scott Robertson, Angus Gardiner, Todd Blackadder (captain), Steve Lancaster, Mark Weedon, Norm Maxwell, Con Barrell, Stu Loe, Kevin Nepia, Mark Hammett, Matt Sexton.</p>
<p>-- Wellington newsroom 64 4 4734 746</p>
</text>
<copyright>(c) Reuters Limited 1997</copyright>
<metadata>
<codes class="bip:countries:1.0">
  <code code="AUSTR">
    <editdetail attribution="Reuters BIP Coding Group" action="confirmed" date="1997-03-19"/>
  </code>
  <code code="NZ">
    <editdetail attribution="Reuters BIP Coding Group" action="confirmed" date="1997-03-19"/>
  </code>
  <code code="SAFR">
    <editdetail attribution="Reuters BIP Coding Group" action="confirmed" date="1997-03-19"/>
  </code>
</codes>
<codes class="bip:topics:1.0">
  <code code="GCAT">
    <editdetail attribution="Reuters BIP Coding Group" action="confirmed" date="1997-03-19"/>
  </code>
  <code code="GSPO">
    <editdetail attribution="Reuters BIP Coding Group" action="confirmed" date="1997-03-19"/>
  </code>
</codes>
<dc element="dc.date.created" value="1996-03-20"/>
<dc element="dc.publisher" value="Reuters Holdings Plc"/>
<dc element="dc.date.published" value="1997-03-19"/>
<dc element="dc.source" value="Reuters"/>
<dc element="dc.creator.location" value="CHRISTCHURCH"/>
<dc element="dc.creator.location.country.name" value="NEW ZEALAND"/>
<dc element="dc.source" value="Reuters"/>
</metadata>
</newsitem>
