<?xml version="1.0" encoding="iso-8859-1" ?>
<newsitem itemid="452435" id="root" date="1997-03-19" xml:lang="en">
<title>UK: Rise in U.S. CPI seen providing support for dollar.</title>
<headline>Rise in U.S. CPI seen providing support for dollar.</headline>
<byline>Andrew Reierson</byline>
<dateline>LONDON 1997-03-19</dateline>
<text>
<p>The dollar weathered a higher than expected rise in U.S. inflation data on Wednesday, and growing speculation of a near-term rise in U.S. interest rates will give it further support, currency analysts said.</p>
<p>Market speculation of a rate rise at the policy setting Federal Open Market Committee on March 25 has been simmering for some time and is partly responsible for the dollar's underlying strength.</p>
<p>Wednesday's U.S. CPI figures, which were slightly firmer than expected, were keenly watched in the currency markets as they were the last batch of inflationary data before next week's FOMC meeting.</p>
<p>However, currency analysts were still cautious of the importance of the CPI data in providing clues to likely monetary policy action the Federal Reserve will take.</p>
<p>&quot;It is an important figure with the market on a knife-edge in the run-up to the FOMC, but you could say it's the wrong figure at the right time,&quot; said Francis Breedon, foreign exchange economist at Lehman Brothers in London.</p>
<p>Analysts were mindful that Fed Chairman Alan Greenspan has indicated that other factors, such as labour market conditions, were more important to Fed monetary policy.</p>
<p>February headline CPI rose 0.3 percent, above an average forecast of 0.2 percent, while the core figure ex-food and energy was up 0.2 percent as expected. Year-on-year inflation came in at 3.0 percent.</p>
<p>In afternoon Europe, the dollar against the mark was trading at 1.6813, above its late Tuesday level in Europe of 1.6731 marks.</p>
<p>While the CPI increase hardened the view of an imminent rate rise, analysts said that on its own it did not present much of a case for tightening monetary policy.</p>
<p>So far, there have been few indications of any significant inflationary pressures in the U.S. and labour costs remained subdued.</p>
<p>But currency markets were wary of the risk of a pre-emptive strike by the Fed to curb the risk of potential inflation.</p>
<p>&quot;The basic problem is the market's fear of a pre-emptive move by the Fed which means the market can't relax,&quot; said Tony Norfield, treasury economist at ABN-Amro in London. &quot;We have to see data biased in a softening direction to ease the sense of a Fed policy move.&quot;</p>
<p>The long-running positive growth, low inflation scenario being played out in the U.S. is also increasing nervousness for those convinced such a situation has to end at some point. And a rate hike next week would go a long way to alleviate those concerns and bolster the credibility of the Fed, said analysts.</p>
<p>Bond markets were weaker following the CPI data, initially taking dollar/mark down with it, but analysts saw this dollar reaction as short-lived.</p>
<p>&quot;In the end it has to be good for the dollar. A drop in assets, putting 30-year bond yields above 7.00 percent, has to be positive for the dollar,&quot; said ABN-Amro's Norfield.</p>
<p>And if rates are kept steady next week, this will not necessarily be negative for the dollar either because it will keep rate hike sentiment on the boil, maintaining one of the dollar's key props.</p>
<p>&quot;Part of the dollar's strength is in expectation of higher U.S. rates,&quot; said Jeremy Stretch, currency strategist at NatWest Bank in London. &quot;If a rate rise doesn't materialise, the economic situation is still positive in the U.S. and positive for the dollar.&quot;</p>
</text>
<copyright>(c) Reuters Limited 1997</copyright>
<metadata>
<codes class="bip:countries:1.0">
  <code code="UK">
    <editdetail attribution="Reuters BIP Coding Group" action="confirmed" date="1997-03-19"/>
  </code>
  <code code="USA">
    <editdetail attribution="Reuters BIP Coding Group" action="confirmed" date="1997-03-19"/>
  </code>
</codes>
<codes class="bip:topics:1.0">
  <code code="E13">
    <editdetail attribution="Reuters BIP Coding Group" action="confirmed" date="1997-03-19"/>
  </code>
  <code code="E131">
    <editdetail attribution="Reuters BIP Coding Group" action="confirmed" date="1997-03-19"/>
  </code>
  <code code="ECAT">
    <editdetail attribution="Reuters BIP Coding Group" action="confirmed" date="1997-03-19"/>
  </code>
  <code code="M13">
    <editdetail attribution="Reuters BIP Coding Group" action="confirmed" date="1997-03-19"/>
  </code>
  <code code="M132">
    <editdetail attribution="Reuters BIP Coding Group" action="confirmed" date="1997-03-19"/>
  </code>
  <code code="MCAT">
    <editdetail attribution="Reuters BIP Coding Group" action="confirmed" date="1997-03-19"/>
  </code>
</codes>
<dc element="dc.date.created" value="1997-03-19"/>
<dc element="dc.publisher" value="Reuters Holdings Plc"/>
<dc element="dc.date.published" value="1997-03-19"/>
<dc element="dc.source" value="Reuters"/>
<dc element="dc.creator.location" value="LONDON"/>
<dc element="dc.creator.location.country.name" value="UK"/>
<dc element="dc.source" value="Reuters"/>
</metadata>
</newsitem>
