<?xml version="1.0" encoding="iso-8859-1" ?>
<newsitem itemid="452415" id="root" date="1997-03-19" xml:lang="en">
<title>UK: IPE Brent holds gains in choppy trade.</title>
<headline>IPE Brent holds gains in choppy trade.</headline>
<dateline>LONDON 1997-03-19</dateline>
<text>
<p>IPE Brent held onto early gains on Wednesday amid support from bullish U.S. stock data, despite weaker NYMEX values, traders said.</p>
<p>Front month May Brent was five cents up at $20.30 a barrel by 1643 GMT after touching a high of $20.47 and dipping to a low of $20.21.</p>
<p>April gas oil futures were $2.25 higher at $174.25 a tonne. WTI April was 11 cents adrift at $21.95 a barrel.</p>
<p>&quot;We are just holding onto yesterday's gains and technically we're still looking good,&quot; a trader said.</p>
<p>&quot;People are looking for gasoline to give some follow through strength from yesterday but there's really not a lot lof trade going on and it hasn't fed through into gains.&quot;</p>
<p>Other traders forecast volatility ahead of the expiry of April NYMEX crude on Thursday and reported caution about possible spikes in the U.S. gasoline market.</p>
<p>The May/June spread was steady at around 16 cents.</p>
<p>Despite the consolidation moves there had been some technical buying and players were getting a little more positive about the market.</p>
<p>Some of the short-term hedge funds would probably find the confidence to come in and buy the market now that it has popped above the $20 mark, one trader said.</p>
<p>&quot;People are just squaring up after the big move yesterday and having another fresh look at it,&quot; said another trader. &quot;It's deadly quiet, there's no news.&quot;</p>
<p>-- London newsroom +44 171 542 7646</p>
</text>
<copyright>(c) Reuters Limited 1997</copyright>
<metadata>
<codes class="bip:countries:1.0">
  <code code="UK">
    <editdetail attribution="Reuters BIP Coding Group" action="confirmed" date="1997-03-19"/>
  </code>
</codes>
<codes class="bip:topics:1.0">
  <code code="M14">
    <editdetail attribution="Reuters BIP Coding Group" action="confirmed" date="1997-03-19"/>
  </code>
  <code code="M143">
    <editdetail attribution="Reuters BIP Coding Group" action="confirmed" date="1997-03-19"/>
  </code>
  <code code="MCAT">
    <editdetail attribution="Reuters BIP Coding Group" action="confirmed" date="1997-03-19"/>
  </code>
</codes>
<dc element="dc.date.created" value="1997-03-19"/>
<dc element="dc.publisher" value="Reuters Holdings Plc"/>
<dc element="dc.date.published" value="1997-03-19"/>
<dc element="dc.source" value="Reuters"/>
<dc element="dc.creator.location" value="LONDON"/>
<dc element="dc.creator.location.country.name" value="UK"/>
<dc element="dc.source" value="Reuters"/>
</metadata>
</newsitem>
