<?xml version="1.0" encoding="iso-8859-1" ?>
<newsitem itemid="452437" id="root" date="1997-03-19" xml:lang="en">
<title>UK: INTERVIEW-BZW's Schmidt seeks bond business boost.</title>
<headline>INTERVIEW-BZW's Schmidt seeks bond business boost.</headline>
<byline>Hayley Pienaar</byline>
<dateline>LONDON 1997-03-19</dateline>
<text>
<p>BZW's hiring of highly regarded German banker Roman Schmidt as global head of debt syndicate in London is another step in the bank's bid to boost its capability in the capital markets.</p>
<p>Schmidt -- well-known as Deutsche Bank's head of German capital markets after six years in Frankfurt -- is the latest appointment in a series of new positions at the bank.</p>
<p>Schmidt told Reuters in a telephone interview on Wednesday he was looking forward to the challenge of expanding BZW's Eurobond market syndicate operations from May 1. BZW is the investment banking arm of British bank Barclays.</p>
<p>&quot;I've been watching BZW from the outside and they've made some very good hires in the investment banking area to move the new issues business forward,&quot; 34-year-old Schmidt said.</p>
<p>&quot;The whole investment bank train of BZW is being put on the right track,&quot; he said.</p>
<p>Barclays' chief executive Martin Taylor, who has staked a lot in pushing BZW into the top league, has vigorously defended the large cash injection into the investment bank which posted a 29 percent fall in profits for 1996.</p>
<p>Schmidt said there was no reason why BZW should not be successful in non-sterling and dollar Eurobond transactions.</p>
<p>BZW has long been recognised for its prowess in its home market of sterling-denominated Eurobonds. So far this year it is top of the keenly-watched league tables for sterling bond issuance, with a solid market share of 15.5 percent.</p>
<p>But in the wider markets -- which so far this year has been dominated by Wall Sreet's big five including Merrill Lynch and Goldman Sachs -- it lags behind.</p>
<p>BZW is currently in 15th slot in international bonds in all currencies, according to Euromoney Bondware data, with a 2.6 percent market share.</p>
<p>At Deutsche Bank, Schmidt was responsible for German and eastern European origination as well as marks, French francs, guilders and Swiss franc debt syndication.</p>
<p>Deutsche Morgan Grenfell's most recent benchmark transaction was a 2.0 billion mark seven-year deal for Russia, jointly lead by CSFB.</p>
<p>BZW's most recent ground-breaking transaction was a 1.25 billion stg June 2002 global bond jointly lead by Merrill Lynch.</p>
<p>Schmidt will report to Robert Morrice, co-head of European fixed income and head of European credit business.</p>
<p>&quot;This is a key appointment in the development of our global markets capability,&quot; Morrice said in a statement on Tuesday.</p>
<p>&quot;(Schmidt) has extensive expertise in the European capital markets and is respected by major borrowers worldwide.&quot;</p>
<p>Prior to Deutsche Bank Schmidt worked for CSFB in London.</p>
<p>Asked about London's status as a financial centre post European economic and monetary union, Schmidt said: &quot;London is going to stay a major financial centre.</p>
<p>&quot;After all, it was the birthplace of the Eurodollar market.&quot;</p>
<p>-- London Newsroom +44 171 542 7718</p>
</text>
<copyright>(c) Reuters Limited 1997</copyright>
<metadata>
<codes class="bip:countries:1.0">
  <code code="GFR">
    <editdetail attribution="Reuters BIP Coding Group" action="confirmed" date="1997-03-19"/>
  </code>
  <code code="UK">
    <editdetail attribution="Reuters BIP Coding Group" action="confirmed" date="1997-03-19"/>
  </code>
</codes>
<codes class="bip:industries:1.0">
  <code code="I81402">
    <editdetail attribution="Reuters BIP Coding Group" action="confirmed" date="1997-03-19"/>
  </code>
  <code code="I81502">
    <editdetail attribution="Reuters BIP Coding Group" action="confirmed" date="1997-03-19"/>
  </code>
</codes>
<codes class="bip:topics:1.0">
  <code code="C11">
    <editdetail attribution="Reuters BIP Coding Group" action="confirmed" date="1997-03-19"/>
  </code>
  <code code="C41">
    <editdetail attribution="Reuters BIP Coding Group" action="confirmed" date="1997-03-19"/>
  </code>
  <code code="C411">
    <editdetail attribution="Reuters BIP Coding Group" action="confirmed" date="1997-03-19"/>
  </code>
  <code code="CCAT">
    <editdetail attribution="Reuters BIP Coding Group" action="confirmed" date="1997-03-19"/>
  </code>
</codes>
<dc element="dc.date.created" value="1997-03-19"/>
<dc element="dc.publisher" value="Reuters Holdings Plc"/>
<dc element="dc.date.published" value="1997-03-19"/>
<dc element="dc.source" value="Reuters"/>
<dc element="dc.creator.location" value="LONDON"/>
<dc element="dc.creator.location.country.name" value="UK"/>
<dc element="dc.source" value="Reuters"/>
</metadata>
</newsitem>
