<?xml version="1.0" encoding="iso-8859-1" ?>
<newsitem itemid="452414" id="root" date="1997-03-19" xml:lang="en">
<title>UK: M. Lynch names Krengel to Latam equity sales team.</title>
<headline>M. Lynch names Krengel to Latam equity sales team.</headline>
<dateline>LONDON 1997-03-19</dateline>
<text>
<p>Merrill Lynch Europe Plc said on Wednesday it had appointed Janet Krengel as part of its Latin America equity sales team in London.</p>
<p>Krengel, expected to start in April, is currently a senior economist at IBCA Sovereign Ratings Ltd.</p>
<p>-- London Newsroom +44 171 542 7770 (fax +44 171 583 7239)</p>
</text>
<copyright>(c) Reuters Limited 1997</copyright>
<metadata>
<codes class="bip:countries:1.0">
  <code code="UK">
    <editdetail attribution="Reuters BIP Coding Group" action="confirmed" date="1997-03-19"/>
  </code>
</codes>
<codes class="bip:industries:1.0">
  <code code="I83100">
    <editdetail attribution="Reuters BIP Coding Group" action="confirmed" date="1997-03-19"/>
  </code>
</codes>
<codes class="bip:topics:1.0">
  <code code="C41">
    <editdetail attribution="Reuters BIP Coding Group" action="confirmed" date="1997-03-19"/>
  </code>
  <code code="C411">
    <editdetail attribution="Reuters BIP Coding Group" action="confirmed" date="1997-03-19"/>
  </code>
  <code code="CCAT">
    <editdetail attribution="Reuters BIP Coding Group" action="confirmed" date="1997-03-19"/>
  </code>
</codes>
<dc element="dc.date.created" value="1997-03-19"/>
<dc element="dc.publisher" value="Reuters Holdings Plc"/>
<dc element="dc.date.published" value="1997-03-19"/>
<dc element="dc.source" value="Reuters"/>
<dc element="dc.creator.location" value="LONDON"/>
<dc element="dc.creator.location.country.name" value="UK"/>
<dc element="dc.source" value="Reuters"/>
</metadata>
</newsitem>
