<?xml version="1.0" encoding="iso-8859-1" ?>
<newsitem itemid="452467" id="root" date="1997-03-19" xml:lang="en">
<title>CANADA: Canada spot natgas prices ease with warm weather.</title>
<headline>Canada spot natgas prices ease with warm weather.</headline>
<dateline>CALGARY 1997-03-19</dateline>
<text>
<p>Canadian spot natural gas prices eased in Wednesday trade as western Canada was blanketed with warm temperatures which were expected to last through the weekend, marketers said.</p>
<p>Spot gas at the AECO hub was quoted at C$1.375/1.38 per gigajoule, down about seven cents from Tuesday and the same level from a week ago. April prices were discussed at about C$1.39 per GJ, also down about seven cents.</p>
<p>Producers and other sellers held off moving volumes on the NOVA Alberta pipeline system for Wednesday, hoping to buy in the spot market for Thursday, a Calgary-based trader said.  </p>
<p>&quot;Every producer drafted their NOVA account. Come tommorow we will see the real effects of the warm weather,&quot; he said. Those effects were expected to mean another five- to 10-cent drop in AECO prices, he said.</p>
<p>Southern Alberta temperatures were well above freezing after warm Chinook winds blew in on Tuesday.</p>
<p>At the borders, gas at Sumas, Wash. was quoted at between US$1.15 and US$1.20 per million British thermal units, down about 12 cents on the day.</p>
<p>Traders said Westcoast Energy Inc's Pine River gas plant in northern British Columbia was expected to be back at full capacity for Thursday's gas day after a partial outage on Tuesday. The return of processing capacity was seen as a factor behind the price drop.</p>
<p>In the east, Niagara gas was quoted at US$2.27 per mmBtu, down from about US$2.32 on Tuesday.</p>
<p>((Reuters Calgary Bureau (403) 531-1624))</p>
</text>
<copyright>(c) Reuters Limited 1997</copyright>
<metadata>
<codes class="bip:countries:1.0">
  <code code="CANA">
    <editdetail attribution="Reuters BIP Coding Group" action="confirmed" date="1997-03-19"/>
  </code>
</codes>
<codes class="bip:topics:1.0">
  <code code="M14">
    <editdetail attribution="Reuters BIP Coding Group" action="confirmed" date="1997-03-19"/>
  </code>
  <code code="M143">
    <editdetail attribution="Reuters BIP Coding Group" action="confirmed" date="1997-03-19"/>
  </code>
  <code code="MCAT">
    <editdetail attribution="Reuters BIP Coding Group" action="confirmed" date="1997-03-19"/>
  </code>
</codes>
<dc element="dc.date.created" value="1997-03-19"/>
<dc element="dc.publisher" value="Reuters Holdings Plc"/>
<dc element="dc.date.published" value="1997-03-19"/>
<dc element="dc.source" value="Reuters"/>
<dc element="dc.creator.location" value="CALGARY"/>
<dc element="dc.creator.location.country.name" value="CANADA"/>
<dc element="dc.source" value="Reuters"/>
</metadata>
</newsitem>
