<?xml version="1.0" encoding="iso-8859-1" ?>
<newsitem itemid="452425" id="root" date="1997-03-19" xml:lang="en">
<title>UK: Britain's Corn Exchange finally loses trading floor.</title>
<headline>Britain's Corn Exchange finally loses trading floor.</headline>
<dateline>LONDON 1997-03-19</dateline>
<text>
<p>London's centuries-old Corn Exchange, the historic centre of Britain's grain trade, has finally lost the floor it uses for business due to the changing structure of the grain market.</p>
<p>In a letter sent to members of the Baltic Exchange, a hub of the world shipping trade, secretary Simon Clark said an agreement to end the Corn Exchange's right to use the Baltic trading floor had been finalised.</p>
<p>The Corn Exchange had used the floor since 1987 but attendance had dwindled over the years. It received a 150,000 pounds sterling payment as compensation for the agreement's termination, Clark told Reuters.</p>
<p>Baltic Exchange members each received an interim dividend of 1,500 pounds.</p>
<p>The Baltic will continue to operate a bourse twice a year to give grain traders a chance to meet informally. The next Corn Bourse will be held on May 9, followed by another on November 28, the letter said.</p>
<p>Grain trading, as conducted by the Corn Exchange, dwindled as traded quantities became larger and more transactions became based on government business.</p>
<p>Many brokers and merchants also opted to move out of London to cut overheads, finding that improved communications reduced the need for a formal marketplace.</p>
<p>-- Jeremy Smith, London Newsroom +44 171 542 8064</p>
</text>
<copyright>(c) Reuters Limited 1997</copyright>
<metadata>
<codes class="bip:countries:1.0">
  <code code="UK">
    <editdetail attribution="Reuters BIP Coding Group" action="confirmed" date="1997-03-19"/>
  </code>
</codes>
<codes class="bip:topics:1.0">
  <code code="M14">
    <editdetail attribution="Reuters BIP Coding Group" action="confirmed" date="1997-03-19"/>
  </code>
  <code code="M141">
    <editdetail attribution="Reuters BIP Coding Group" action="confirmed" date="1997-03-19"/>
  </code>
  <code code="MCAT">
    <editdetail attribution="Reuters BIP Coding Group" action="confirmed" date="1997-03-19"/>
  </code>
</codes>
<dc element="dc.date.created" value="1997-03-19"/>
<dc element="dc.publisher" value="Reuters Holdings Plc"/>
<dc element="dc.date.published" value="1997-03-19"/>
<dc element="dc.source" value="Reuters"/>
<dc element="dc.creator.location" value="LONDON"/>
<dc element="dc.creator.location.country.name" value="UK"/>
<dc element="dc.source" value="Reuters"/>
</metadata>
</newsitem>
