<?xml version="1.0" encoding="iso-8859-1" ?>
<newsitem itemid="452412" id="root" date="1997-03-19" xml:lang="en">
<title>UK: UK jobless figure vindicates Tory policy - Heseltine.</title>
<headline>UK jobless figure vindicates Tory policy - Heseltine.</headline>
<dateline>BEXHILL, England 1997-03-19</dateline>
<text>
<p>Deputy Prime Minister Michael Heseltine said on Wednesday the economic policy of Britain's Conservative government had been vindicated by another fall in unemployment.</p>
<p>Citing figures released on Wednesday which showed a 68,200 drop in unemployment in February from January, Heseltine told Reuters that inflation worries and repeated calls for a rise in interest rates had proved unfounded.</p>
<p>&quot;The man who has been proved right is the Chancellor of the Exchequer - the inflation figures have been very competitive and are the best test of whether the chancellor has got it right.&quot;</p>
<p>Britain's unemployment rate fell to a six-year low of 6.2 percent in February, providing a welcome boost for the embattled Conservative government, seen as lagging far behind the Labour opposition ahead of the May 1 polls.</p>
<p>Heseltine said the important factor about the latest rise in earnings -- five percent in January -- was whether it was being funded by productivity, said Heseltine. &quot;The benign circumstance we want to see is where people's living standards are rising but they're being paid for by improved performance. So far that's been the case.&quot; He said Chancellor Kenneth Clarke would monitor the position and take whatever action was appropriate. &quot;But he doesn't think that any action is necessary at the moment,&quot; said Heseltine. Heseltine was speaking at the official opening of telephone- based direct motor insurer Hastings Direct new British headquarters. Hastings, backed by Japanese insurance giant Chiyoda Fire &amp; Marine has been trading since January and was an important example of investment flowing into Britain from overseas, said Heseltine. He defended the government's wait-and-see policy on the single European currency which has been criticised by some companies as likely to deter future investment in Britain. &quot;People making decisions about investing in Britain or Europe will want to know about our position on the single European currency but they would not be sympathetic to its introduction on terms that would make no economic sense.&quot;</p>
<p>&quot;They would respect Britain's position as a leading European nation taking part in negotiations and preserving its options until the facts are clear.&quot; Doubts were being raised all over Europe about the possibility of economic convergence taking place on the original timescale &quot;no more so than in Germany itself&quot;, he said.</p>
</text>
<copyright>(c) Reuters Limited 1997</copyright>
<metadata>
<codes class="bip:countries:1.0">
  <code code="UK">
    <editdetail attribution="Reuters BIP Coding Group" action="confirmed" date="1997-03-19"/>
  </code>
</codes>
<codes class="bip:topics:1.0">
  <code code="E12">
    <editdetail attribution="Reuters BIP Coding Group" action="confirmed" date="1997-03-19"/>
  </code>
  <code code="E41">
    <editdetail attribution="Reuters BIP Coding Group" action="confirmed" date="1997-03-19"/>
  </code>
  <code code="E411">
    <editdetail attribution="Reuters BIP Coding Group" action="confirmed" date="1997-03-19"/>
  </code>
  <code code="ECAT">
    <editdetail attribution="Reuters BIP Coding Group" action="confirmed" date="1997-03-19"/>
  </code>
  <code code="GCAT">
    <editdetail attribution="Reuters BIP Coding Group" action="confirmed" date="1997-03-19"/>
  </code>
  <code code="GJOB">
    <editdetail attribution="Reuters BIP Coding Group" action="confirmed" date="1997-03-19"/>
  </code>
  <code code="GPOL">
    <editdetail attribution="Reuters BIP Coding Group" action="confirmed" date="1997-03-19"/>
  </code>
</codes>
<dc element="dc.date.created" value="1997-03-19"/>
<dc element="dc.publisher" value="Reuters Holdings Plc"/>
<dc element="dc.date.published" value="1997-03-19"/>
<dc element="dc.source" value="Reuters"/>
<dc element="dc.creator.location" value="BEXHILL, England"/>
<dc element="dc.creator.location.country.name" value="UK"/>
<dc element="dc.source" value="Reuters"/>
</metadata>
</newsitem>
