<?xml version="1.0" encoding="iso-8859-1" ?>
<newsitem itemid="452464" id="root" date="1997-03-19" xml:lang="en">
<title>CANADA: Alberta, Ontario to lead Canada economy, bank says.</title>
<headline>Alberta, Ontario to lead Canada economy, bank says.</headline>
<dateline>TORONTO 1997-03-19</dateline>
<text>
<p>Canada's two most fiscally conservative provinces, Alberta and Ontario, will lead the pack in economic growth during the next two years, said a report by a large Canadian bank.</p>
<p>Alberta's economy will grow by 4.4 percent during each of the next two years, while Ontario will enjoy growth of 3.8 percent this year and 4.0 percent in 1998, the Bank of Montreal predicted in its regional economic outlook.</p>
<p>Low interest rates, easing of fiscal policy and improving consumer confidence are the main reasons for the expected boom, said Tim O'Neill, the bank's chief economist.  </p>
<p>&quot;Alberta is benefiting from booming production in the oil and gas fields, strong cash flow in the agricultural sector, and economic diversification,&quot; O'Neill said.</p>
<p>An increase in consumer confidence is shifting the Alberta economy into high gear, O'Neill added.</p>
<p>Ontario's growth will be spurred by manufacturers of transportation equipment, chemicals and machinery, and also from the financial services sector, the bank said.</p>
<p>Ontario's gross domestic product (GDP) rose 1.75 percent last year. Alberta's projected growth is more than double its annual GDP during the past two years.  </p>
<p>Canada's three remaining western provinces were expected to grow in a range of 2.5 to 3.5 percent.</p>
<p>Saskatchewan will grow the least at 2.5 percent this year and 2.75 percent in 1998.</p>
<p>A decline in agricultural production from last year's above average harvest would dampen the overall pace of economic expansion in the prairie province, O'Neill said.</p>
<p>Some economic softening would occur despite good international demand prospects for Saskatchewan's key agricultural and mining products and strengthening conditions in the manufacturing sector, O'Neill said.</p>
<p>The bank said it would release its regional economic outlooks for Quebec and the Maritime provinces on Thursday.</p>
<p>((Paul Simao, Reuters Toronto Bureau (416) 941-8104))</p>
</text>
<copyright>(c) Reuters Limited 1997</copyright>
<metadata>
<codes class="bip:countries:1.0">
  <code code="CANA">
    <editdetail attribution="Reuters BIP Coding Group" action="confirmed" date="1997-03-19"/>
  </code>
</codes>
<codes class="bip:topics:1.0">
  <code code="E11">
    <editdetail attribution="Reuters BIP Coding Group" action="confirmed" date="1997-03-19"/>
  </code>
  <code code="ECAT">
    <editdetail attribution="Reuters BIP Coding Group" action="confirmed" date="1997-03-19"/>
  </code>
</codes>
<dc element="dc.date.created" value="1997-03-19"/>
<dc element="dc.publisher" value="Reuters Holdings Plc"/>
<dc element="dc.date.published" value="1997-03-19"/>
<dc element="dc.source" value="Reuters"/>
<dc element="dc.creator.location" value="TORONTO"/>
<dc element="dc.creator.location.country.name" value="CANADA"/>
<dc element="dc.source" value="Reuters"/>
</metadata>
</newsitem>
