<?xml version="1.0" encoding="iso-8859-1" ?>
<newsitem itemid="461876" id="root" date="1997-03-23" xml:lang="en">
<title>CANADA: NHL ICE HOCKEY-KHABIBULIN RECORDS SEVENTH SHUTOUT AS COYOTES BLANK LEAFS.</title>
<headline>NHL ICE HOCKEY-KHABIBULIN RECORDS SEVENTH SHUTOUT AS COYOTES BLANK LEAFS.</headline>
<dateline>TORONTO 1997-03-23</dateline>
<text>
<p>Nikolai Khabibulin stopped 33 shots to record his league-leading seventh shutout of the season and Jeremy Roenick scored twice as the surging Phoenix Coyotes blanked the Toronto Maple Leafs 3-0 on Saturday.</p>
<p>Khabibulin was at his sharpest in the third period when he turned back 14 shots, including a semi-breakaway by Mats Sundin.</p>
<p>The win was the fourth in five games for Phoenix, which moved above the .500 mark at 35-34-5 and into fourth place in the battle for Western Conference playoff positions.</p>
<p>Jocelyn Lemieux's first goal of the season gave Khabibulin all the offence he needed, but Roenick added his 24th goal in the second period and 25th in the third.</p>
<p>&quot;The most important thing is that we win,&quot; said Khabibulin, who was less concerned with his shutout tally.</p>
<p>Toronto goalie Felix Potvin made 41 saves in a losing effort.</p>
<p>In Pittsburgh, Bobby Holik's goal with 8:02 remaining in the third period lifted the New Jersey Devils to a 3-2 victory over the Penguins.</p>
<p>Holik fired a rebound from the left circle over the glove of goaltender Patrick Lalime to snap a 2-2 deadlock as the Devils moved into a tie for first-place in the Eastern Conference with Philadelphia on 91 points.</p>
<p>Dave Andreychuk's 25th goal midway through the second period pulled New Jersey within 2-1 and the Devils dominated the final period, outshooting the Penguins 18-5.</p>
<p>Dave Ellett scored the tying goal at 3:43 of the third.</p>
<p>On Long Island, Todd Bertuzzi and Claude Lapointe scored 24 seconds apart in the third period as the New York Islanders rallied for a 3-3 tie with the Philadelphia Flyers.</p>
<p>Philadelphia squandered a 3-0 lead and a chance to retain sole possession of first place in the Eastern Conference.</p>
<p>The Flyers played most of the game without star centre Eric Lindros, who suffered a left leg injury early in the game after being checked by Islanders defenceman Rich Pilon, who received a major penalty and was ejected.</p>
<p>Paul Coffey, John LeClair, who notched his 47th goal, and Daniel Lacroix staked the Flyers to a 3-0 first-period lead.</p>
<p>In Boston, Steve Duchesne scored a pair of powerplay goals and the Ottawa Senators built a three-goal lead and held on for a 5-4 victory over the Bruins to edge closer to a playoff spot in the Eastern Conference.</p>
<p>The Senators snapped a 2-2 tie on goals by Shawn McEachern, Tom Chorske, and Alexei Yashin and moved within three points of Washington and Montreal in the hunt for the final playoff berth in the East.</p>
<p>Jozef Stumpel scord twice for the Bruins, who are likely to miss the playoffs for the first time in 30 years.</p>
<p>At Florida, Ray Sheppard scored the go-ahead goal midway through the second period and set up Radek Dvorak's game winner just over five minutes later as the Panthers held on for a 3-2 victory over the Buffalo Sabres.</p>
<p>John Vanbiesbrouck had to make only 16 saves for the Panthers, who killed off six Buffalo power plays and limited the Sabres to just one shot during a four-minute man advantage early in the third period.</p>
<p>Scott Mellanby scored the other Florida goal. Miroslav Satan had a goal and an assist for Buffalo.</p>
<p>In Montreal, Rick Tocchet netted a pair of goals and Bill Ranford stopped 28 shots as the Washington Capitals beat the Canadiens 3-1 to tighten the bottom of the Eastern Conference playoff race.</p>
<p>Steve Konowalchuk added a short-handed tally for the Capitals, who are 3-0 against Montreal this season.</p>
<p>The win moved Washington into a tie with the Canadiens for the final two playoffs spots in the East with 66 points.</p>
<p>Martin Rucinsky scored the lone goal for Montreal.</p>
<p>In Los Angeles, Vitali Yachmenev and Nathan Lafayette spearheaded an outstanding special teams effort by the Kings and Byron Dafoe turned aside 34 shots in a 2-1 victory over the San Jose Sharks.</p>
<p>Yachmenev scored a powerplay goal with 11 seconds left in the first period and Lafayette added a short-handed tally midway through the second for the Kings, who successfully killed off all six San Jose power plays.</p>
<p>Jeff Friesen scored his 26th goal for San Jose, which has lost six of its last seven contests.</p>
<p>In Vancouver, Adrian Aucoin and Markus Naslund scored second-period goals and Corey Hirsch made 30 saves to lead the Canucks to a 3-2 win over the Tampa Bay Lightning.</p>
<p>Martin Gelinas had the other goal and Lonny Bohonos picked up a pair of assists for the Canucks, who are 8-1 all-time against Tampa Bay.</p>
<p>Chris Gratton and John Cullen scored for the Lightning.</p>
</text>
<copyright>(c) Reuters Limited 1997</copyright>
<metadata>
<codes class="bip:countries:1.0">
  <code code="CANA">
    <editdetail attribution="Reuters BIP Coding Group" action="confirmed" date="1997-03-23"/>
  </code>
  <code code="USA">
    <editdetail attribution="Reuters BIP Coding Group" action="confirmed" date="1997-03-23"/>
  </code>
</codes>
<codes class="bip:topics:1.0">
  <code code="GCAT">
    <editdetail attribution="Reuters BIP Coding Group" action="confirmed" date="1997-03-23"/>
  </code>
  <code code="GSPO">
    <editdetail attribution="Reuters BIP Coding Group" action="confirmed" date="1997-03-23"/>
  </code>
</codes>
<dc element="dc.date.created" value="1997-03-23"/>
<dc element="dc.publisher" value="Reuters Holdings Plc"/>
<dc element="dc.date.published" value="1997-03-23"/>
<dc element="dc.source" value="Reuters"/>
<dc element="dc.creator.location" value="TORONTO"/>
<dc element="dc.creator.location.country.name" value="CANADA"/>
<dc element="dc.source" value="Reuters"/>
</metadata>
</newsitem>
