<?xml version="1.0" encoding="iso-8859-1" ?>
<newsitem itemid="461894" id="root" date="1997-03-23" xml:lang="en">
<title>ROMANIA: SOCCER-ROMANIAN FIRST DIVISION RESULTS/STANDINGS.</title>
<headline>SOCCER-ROMANIAN FIRST DIVISION RESULTS/STANDINGS.</headline>
<dateline>BUCHAREST 1997-03-23</dateline>
<text>
<p>Result of a Romanian first division soccer match on Sunday:</p>
<p> F.C. Arges Dacia Pitesti 0  Dinamo Bucharest	   0</p>
<p>Played on Saturday:</p>
<p> Rapid Bucharest	    1  Ceahlaul Piatra Neamt    3</p>
<p> Gloria Bistrita	    1  F.C. National Bucharest  1</p>
<p> FCM Brasov		   2  F.C. Chindia Tirgoviste  0</p>
<p> F.C. Farul Constanta     3  Steaua Bucharest	   0</p>
<p> Jiul Petrosani	     2  Universitatea Craiova    4</p>
<p> Sportul Studentesc	 1  Politehnica Timisoara    0</p>
<p> F.C. Petrolul Ploiesti   1  Universitatea Cluj	 0</p>
<p> Otelul Galati		1  FC Bacau		     2</p>
<p>    Standings		    Pl   W   D   L   F  A  Pts</p>
<p>  1.F.C. National Bucharest  22  14   3   5  43  25  45</p>
<p>  2.Steaua Bucharest	   22  13   3   6  45  28  42</p>
<p>  3.Dinamo Bucharest	   22  11   5   6  36  19  38</p>
<p>  4.Otelul Galati		22  11   5   6  36  27  38</p>
<p>  5.Universitatea Cluj	 22  10   4   8  43  37  34</p>
<p>  6.Ceahlaul Piatra Neamt    22   9   6   7  32  31  33</p>
<p>  7.F.C. Arges Dacia Pitesti 22   8   7   7  29  25  31</p>
<p>  8.F.C. Bacau		   22   9   4   9  30  29  31</p>
<p>  9.Rapid Bucharest	    22   9   3  10  32  31  30</p>
<p> 10.F.C. Chindia Tirgoviste  22   9   3  10  22  30  30</p>
<p> 11.F.C. Petrolul Ploiesti   22   8   5   9  30  27  29</p>
<p> 12.Universitatea Craiova    22   8   5   9  35  34  29</p>
<p> 13.F.C. Farul Constanta     22   8   4  10  28  33  28</p>
<p> 14.Jiul Petrosani	     22   8   4  10  23  39  28</p>
<p> 15.Sportul Studentesc	 22   8   3  11  23  33  27</p>
<p> 16.Gloria Bistrita	    22   6   5  11  23  30  23</p>
<p> 17.FCM Brasov		   22   6   3  13  30  44  21</p>
<p> 18.Politehnica Timisoara    22   5   4  13  27  45  19</p>
</text>
<copyright>(c) Reuters Limited 1997</copyright>
<metadata>
<codes class="bip:countries:1.0">
  <code code="ROM">
    <editdetail attribution="Reuters BIP Coding Group" action="confirmed" date="1997-03-23"/>
  </code>
</codes>
<codes class="bip:topics:1.0">
  <code code="GCAT">
    <editdetail attribution="Reuters BIP Coding Group" action="confirmed" date="1997-03-23"/>
  </code>
  <code code="GSPO">
    <editdetail attribution="Reuters BIP Coding Group" action="confirmed" date="1997-03-23"/>
  </code>
</codes>
<dc element="dc.date.created" value="1997-03-23"/>
<dc element="dc.publisher" value="Reuters Holdings Plc"/>
<dc element="dc.date.published" value="1997-03-23"/>
<dc element="dc.source" value="Reuters"/>
<dc element="dc.creator.location" value="BUCHAREST"/>
<dc element="dc.creator.location.country.name" value="ROMANIA"/>
<dc element="dc.source" value="Reuters"/>
</metadata>
</newsitem>
