<?xml version="1.0" encoding="iso-8859-1" ?>
<newsitem itemid="461849" id="root" date="1997-03-23" xml:lang="en">
<title>PORTUGAL: RALLYING-MCRAE AND SAINZ SHARE OPENING STAGE.</title>
<headline>RALLYING-MCRAE AND SAINZ SHARE OPENING STAGE.</headline>
<dateline>FIGUEIRA DA FOZ, Portugal 1997-03-23</dateline>
<text>
<p>Briton Colin McRae and Spaniard Carlos Sainz shared the lead in the Portuguese Rally on Sunday after the opening special stage.</p>
<p>Both drivers clocked one minute one second on a speed test prologue reduced from 3.7 km to 1.7 km after some drivers claimed the full course was dangerous.</p>
<p>Subaru driver McRae leads the world championship after three rounds. Sainz, a former title-holder like the Scot, was in a Ford.</p>
<p>Five drivers finished a second behind, including Briton Richard Burns in only his second appearance this year for the Mitsubishi team.</p>
<p>Reigning world champion Tommi Makinen of Finland suffered a brake failure in his Mitsubishi Lancer and will start on Monday down the field.</p>
</text>
<copyright>(c) Reuters Limited 1997</copyright>
<metadata>
<codes class="bip:countries:1.0">
  <code code="PORL">
    <editdetail attribution="Reuters BIP Coding Group" action="confirmed" date="1997-03-23"/>
  </code>
  <code code="SPAIN">
    <editdetail attribution="Reuters BIP Coding Group" action="confirmed" date="1997-03-23"/>
  </code>
  <code code="UK">
    <editdetail attribution="Reuters BIP Coding Group" action="confirmed" date="1997-03-23"/>
  </code>
</codes>
<codes class="bip:topics:1.0">
  <code code="GCAT">
    <editdetail attribution="Reuters BIP Coding Group" action="confirmed" date="1997-03-23"/>
  </code>
  <code code="GSPO">
    <editdetail attribution="Reuters BIP Coding Group" action="confirmed" date="1997-03-23"/>
  </code>
</codes>
<dc element="dc.date.created" value="1997-03-23"/>
<dc element="dc.publisher" value="Reuters Holdings Plc"/>
<dc element="dc.date.published" value="1997-03-23"/>
<dc element="dc.source" value="Reuters"/>
<dc element="dc.creator.location" value="FIGUEIRA DA FOZ, Portugal"/>
<dc element="dc.creator.location.country.name" value="PORTUGAL"/>
<dc element="dc.source" value="Reuters"/>
</metadata>
</newsitem>
