<?xml version="1.0" encoding="iso-8859-1" ?>
<newsitem itemid="461880" id="root" date="1997-03-23" xml:lang="en">
<title>SOUTH AFRICA: CRICKET-YOUTH INJURED AS BOTTLE EXPLODES AT TEST MATCH. [CORRECTED 23:04 GMT]</title>
<headline>CRICKET-YOUTH INJURED AS BOTTLE EXPLODES AT TEST MATCH. [CORRECTED 23:04 GMT]</headline>
<dateline>PRETORIA 1997-03-23</dateline>
<text>
<p>(Corrects headline and the text to youth instead of a young boy.)</p>
<p>A youth was injured when a plastic bottle exploded in his hand as he went to pick it up during the third cricket test between South Africa and Australia on Sunday.</p>
<p>Play in the final session was halted for five minutes as paramedics rushed to assist Peter Nel, 18 (corrects from &quot;thought to be aged about 10&quot;), who was taken to a hospital.</p>
<p>Ground officials said two other boys had allegedly been seen inserting dry ice into the bottle before shaking it to &quot;prime&quot; it to explode.</p>
</text>
<copyright>(c) Reuters Limited 1997</copyright>
<metadata>
<codes class="bip:countries:1.0">
  <code code="AUSTR">
    <editdetail attribution="Reuters BIP Coding Group" action="confirmed" date="1997-03-23"/>
  </code>
  <code code="SAFR">
    <editdetail attribution="Reuters BIP Coding Group" action="confirmed" date="1997-03-23"/>
  </code>
</codes>
<codes class="bip:topics:1.0">
  <code code="GCAT">
    <editdetail attribution="Reuters BIP Coding Group" action="confirmed" date="1997-03-23"/>
  </code>
  <code code="GSPO">
    <editdetail attribution="Reuters BIP Coding Group" action="confirmed" date="1997-03-23"/>
  </code>
</codes>
<dc element="dc.date.created" value="1997-03-23"/>
<dc element="dc.publisher" value="Reuters Holdings Plc"/>
<dc element="dc.date.published" value="1997-03-23"/>
<dc element="dc.source" value="Reuters"/>
<dc element="dc.creator.location" value="PRETORIA"/>
<dc element="dc.creator.location.country.name" value="SOUTH AFRICA"/>
<dc element="dc.source" value="Reuters"/>
</metadata>
</newsitem>
