<?xml version="1.0" encoding="iso-8859-1" ?>
<newsitem itemid="461871" id="root" date="1997-03-23" xml:lang="en">
<title>UK: SOCCER-ENGLISH PREMIER LEAGUE SUMMARIES.</title>
<headline>SOCCER-ENGLISH PREMIER LEAGUE SUMMARIES.</headline>
<dateline>LONDON 1997-03-23</dateline>
<text>
<p>Summaries of English premier</p>
<p>league soccer matches played this weekend:</p>
<p>Played on Sunday:</p>
<p> Wimbledon	     1 - Leonhardsen 28</p>
<p> Newcastle	     1 - Asprilla 53</p>
<p>HT: 1-0.  Att: 23,175</p>
<p>- - - -</p>
<p>Played on Saturday:</p>
<p> Blackburn	     0</p>
<p> Aston Villa	   2 - Johnson 64, Yorke 79</p>
<p>HT: 0-0.  Att: 24,274</p>
<p>- - - -</p>
<p> Coventry		1 - Dublin 9</p>
<p> West Ham		3 - Hartson 27, 49, Ferdinand 34</p>
<p>HT: 1-2.  Att: 22,291</p>
<p>- - - -</p>
<p> Derby		   4 - Van Der Laan 10, Trollope 22,</p>
<p>				 Sturridge 68, Ward 69</p>
<p> Tottenham	     2 - Rosenthal 29, Dozzell 50</p>
<p>HT: 2-1.  Att: 18,083</p>
<p>- - - -</p>
<p> Everton		 0</p>
<p> Manchester United   2 - Solskjaer 35, Cantona 79</p>
<p>HT: 0-1.  Att: 40,079</p>
<p>- - - -</p>
<p> Middlesbrough	 1 - Juninho 53</p>
<p> Chelsea		 0</p>
<p>HT: 0-0.  Att: 29,811</p>
<p>- - - -</p>
<p>Sheffield Wednesday 2 - Hirst 20, Booth 51</p>
<p> Leeds		   2 - Sharpe 17, Wallace 21</p>
<p>HT: 1-2.  Att: 30,373</p>
<p>- - - -</p>
<p> Southampton	   2 - Ostenstad 32, Van Gobbel 48</p>
<p> Leicester	     2 - Heskey 46, Claridge 70</p>
<p>HT: 1-0.  Att: 15,044</p>
<p>- - - -</p>
<p> Sunderland	    1 - Ball 61</p>
<p> Nottingham Forest   1 - Lyttle 86</p>
<p>HT: 0-0.  Att: 22,120</p>
</text>
<copyright>(c) Reuters Limited 1997</copyright>
<metadata>
<codes class="bip:countries:1.0">
  <code code="UK">
    <editdetail attribution="Reuters BIP Coding Group" action="confirmed" date="1997-03-23"/>
  </code>
</codes>
<codes class="bip:topics:1.0">
  <code code="GCAT">
    <editdetail attribution="Reuters BIP Coding Group" action="confirmed" date="1997-03-23"/>
  </code>
  <code code="GSPO">
    <editdetail attribution="Reuters BIP Coding Group" action="confirmed" date="1997-03-23"/>
  </code>
</codes>
<dc element="dc.date.created" value="1997-03-23"/>
<dc element="dc.publisher" value="Reuters Holdings Plc"/>
<dc element="dc.date.published" value="1997-03-23"/>
<dc element="dc.source" value="Reuters"/>
<dc element="dc.creator.location" value="LONDON"/>
<dc element="dc.creator.location.country.name" value="UK"/>
<dc element="dc.source" value="Reuters"/>
</metadata>
</newsitem>
