<?xml version="1.0" encoding="iso-8859-1" ?>
<newsitem itemid="461891" id="root" date="1997-03-23" xml:lang="en">
<title>CROATIA: SOCCER-CROATIAN PREMIER LEAGUE RESULTS/STANDINGS.</title>
<headline>SOCCER-CROATIAN PREMIER LEAGUE RESULTS/STANDINGS.</headline>
<dateline>ZAGREB 1997-03-23</dateline>
<text>
<p>Results of Croatian premier</p>
<p>division soccer matches played over the weekend:</p>
<p> Inker		 1   Hr.Dragovoljac	 0</p>
<p> Zadarkomerc	 1   Zagreb		   0</p>
<p> Segesta	     3   Istra		    0</p>
<p> Cibalia	     0   Orijent		  3</p>
<p> Mladost 127	 2   Sibenik		  1</p>
<p> Rijeka		2   Osijek		   0</p>
<p> Hajduk		2   Varteks		  0</p>
<p> Croatia	     4   Marsonia		 2</p>
<p>    Standings	Pl   W   D   L    F   A   Pts</p>
<p> Croatia	     19  16   2   1   63   17   50</p>
<p> Hajduk		19  15   3   1   38    7   48</p>
<p> Rijeka		19   9   4   6   27   18   31</p>
<p> Zagreb		19   9   4   6   26   23   31</p>
<p> Mladost 127	 19   8   6   5   26   19   30</p>
<p> Hr.Dragovoljac    19   7   8   4   32   22   29</p>
<p> Segesta	     19   6   8   5   25   19   26</p>
<p> Cibalia	     19   8   0  11   23   34   24</p>
<p> Marsonia	    19   7   3   9   22   34   24</p>
<p> Osijek		19   7   2  10   24   25   23</p>
<p> Zadarkomerc	 19   6   5   8   24   29   23</p>
<p> Sibenik	     19   5   5   9   14   22   20</p>
<p> Varteks	     19   5   3  11   18   28   18</p>
<p> Orijent	     19   3   8   8   18   35   17</p>
<p> Inker		 19   4   2  13   12   37   14</p>
<p> Istra		 19   3   5  11   13   36   14</p>
</text>
<copyright>(c) Reuters Limited 1997</copyright>
<metadata>
<codes class="bip:countries:1.0">
  <code code="CRTIA">
    <editdetail attribution="Reuters BIP Coding Group" action="confirmed" date="1997-03-23"/>
  </code>
</codes>
<codes class="bip:topics:1.0">
  <code code="GCAT">
    <editdetail attribution="Reuters BIP Coding Group" action="confirmed" date="1997-03-23"/>
  </code>
  <code code="GSPO">
    <editdetail attribution="Reuters BIP Coding Group" action="confirmed" date="1997-03-23"/>
  </code>
</codes>
<dc element="dc.date.created" value="1997-03-23"/>
<dc element="dc.publisher" value="Reuters Holdings Plc"/>
<dc element="dc.date.published" value="1997-03-23"/>
<dc element="dc.source" value="Reuters"/>
<dc element="dc.creator.location" value="ZAGREB"/>
<dc element="dc.creator.location.country.name" value="CROATIA"/>
<dc element="dc.source" value="Reuters"/>
</metadata>
</newsitem>
