<?xml version="1.0" encoding="iso-8859-1" ?>
<newsitem itemid="461884" id="root" date="1997-03-23" xml:lang="en">
<title>SOUTH AFRICA: CRICKET-AUSTRALIA 11-2 IN 2ND INNINGS AT TEA V SOUTH AFRICA.</title>
<headline>CRICKET-AUSTRALIA 11-2 IN 2ND INNINGS AT TEA V SOUTH AFRICA.</headline>
<dateline>PRETORIA 1997-03-23</dateline>
<text>
<p>Australia, 157 runs behind</p>
<p>South Africa on first innings, were 11 for two in their second</p>
<p>innings at tea on the third day of the third and final test at</p>
<p>Centurion Park on Sunday.</p>
<p>Scores: Australia 227 and 11-2; South Africa 384.</p>
</text>
<copyright>(c) Reuters Limited 1997</copyright>
<metadata>
<codes class="bip:countries:1.0">
  <code code="AUSTR">
    <editdetail attribution="Reuters BIP Coding Group" action="confirmed" date="1997-03-23"/>
  </code>
  <code code="SAFR">
    <editdetail attribution="Reuters BIP Coding Group" action="confirmed" date="1997-03-23"/>
  </code>
</codes>
<codes class="bip:topics:1.0">
  <code code="GCAT">
    <editdetail attribution="Reuters BIP Coding Group" action="confirmed" date="1997-03-23"/>
  </code>
  <code code="GSPO">
    <editdetail attribution="Reuters BIP Coding Group" action="confirmed" date="1997-03-23"/>
  </code>
</codes>
<dc element="dc.date.created" value="1997-03-23"/>
<dc element="dc.publisher" value="Reuters Holdings Plc"/>
<dc element="dc.date.published" value="1997-03-23"/>
<dc element="dc.source" value="Reuters"/>
<dc element="dc.creator.location" value="PRETORIA"/>
<dc element="dc.creator.location.country.name" value="SOUTH AFRICA"/>
<dc element="dc.source" value="Reuters"/>
</metadata>
</newsitem>
