<?xml version="1.0" encoding="iso-8859-1" ?>
<newsitem itemid="461883" id="root" date="1997-03-23" xml:lang="en">
<title>SOUTH AFRICA: CRICKET-CRONJE PUTS SOUTH AFRICA BACK ON TOP.</title>
<headline>CRICKET-CRONJE PUTS SOUTH AFRICA BACK ON TOP.</headline>
<dateline>PRETORIA 1997-03-23</dateline>
<text>
<p>A belligerent undefeated 79 from captain Hansie Cronje put South Africa back on top in the see-sawing third and final cricket test match at Centurion Park on Sunday.</p>
<p>Cronje, playing in his 36th test, became the first South African to reach 2,000 runs in test cricket since their return from sporting isolation when he reached 67.</p>
<p>He smashed nine fours and two sixes in his 111-ball innings as South Africa recovered from a torrid morning before being bowled out for 384 -- a first innings lead of 157 on the third day.</p>
<p>In the six overs available before tea South Africa strengthened their position by reducing Australia to 11 for two with the wickets of Matthew Hayden and Mark Taylor.</p>
<p>Earlier Cronje shared key partnerships of 68 for the eighth wicket and 37 for the ninth with Lance Klusener (30) and Allan Donald (8) as South Africa fought back after collapsing to 262 for seven against the pace of Glenn McGrath.</p>
<p>The Australian pace bowler took three wickets in the morning session on the way to figures of six for 86 as South Africa's hopes of building on their overnight 240 for three looked to be crumbling.</p>
<p>Adam Bacher fell four runs short of his maiden test century as he could add only two to his overnight score in 84 minutes before falling lbw by McGrath.</p>
<p>His was one of four wickets to fall for the addition of only 58 in the morning as Australia appeared to have clawed their way back into the game.</p>
<p>But Cronje recorded his second half-century of the series with some uncomplicated slogging to tip the scales firmly in favour of South Africa.</p>
<p>He twice hit McGrath for six -- over backward point and deep square leg -- as well as hitting nine fours in his 12th test 50.</p>
<p>His opposite number, Taylor, was reduced to putting eight men on the boundary to lure Cronje away for the strike and he was only stopped when last man Brett Schultz was caught hooking.</p>
<p>Schultz hit back by having Hayden lbw playing no stroke before Taylor edged Donald to diving 'keeper Dave Richardson to continue a dismal run of form.</p>
<p>Australia hold a 2-0 lead in the series.</p>
</text>
<copyright>(c) Reuters Limited 1997</copyright>
<metadata>
<codes class="bip:countries:1.0">
  <code code="AUSTR">
    <editdetail attribution="Reuters BIP Coding Group" action="confirmed" date="1997-03-23"/>
  </code>
  <code code="SAFR">
    <editdetail attribution="Reuters BIP Coding Group" action="confirmed" date="1997-03-23"/>
  </code>
</codes>
<codes class="bip:topics:1.0">
  <code code="GCAT">
    <editdetail attribution="Reuters BIP Coding Group" action="confirmed" date="1997-03-23"/>
  </code>
  <code code="GSPO">
    <editdetail attribution="Reuters BIP Coding Group" action="confirmed" date="1997-03-23"/>
  </code>
</codes>
<dc element="dc.date.created" value="1997-03-23"/>
<dc element="dc.publisher" value="Reuters Holdings Plc"/>
<dc element="dc.date.published" value="1997-03-23"/>
<dc element="dc.source" value="Reuters"/>
<dc element="dc.creator.location" value="PRETORIA"/>
<dc element="dc.creator.location.country.name" value="SOUTH AFRICA"/>
<dc element="dc.source" value="Reuters"/>
</metadata>
</newsitem>
