<?xml version="1.0" encoding="iso-8859-1" ?>
<newsitem itemid="461869" id="root" date="1997-03-23" xml:lang="en">
<title>UK: SOCCER-NEWCASTLE'S TITLE HOPES FADE.</title>
<headline>SOCCER-NEWCASTLE'S TITLE HOPES FADE.</headline>
<dateline>LONDON 1997-03-23</dateline>
<text>
<p>Newcastle's faint English championship hopes all but disappeared on Sunday when they could only draw 1-1 at Wimbldeon.</p>
<p>Newcastle remained fourth in the standings with a game in hand but trailed leaders Manchester United by 11 points.</p>
<p>Newcastle have never won at Wimbledon and looked to be heading for defeat when Norwegian Oyvind Leonhardson's 28th minute shot took a wicked bounce to beat goalkeeper Shaka Hislop.</p>
<p>But the visitors salvaged a point eight minutes into the second half when Colombian Faustino Asprilla curled a free-kick past Neil Sullivan after Frenchman David Ginola had been fouled on the edge of the box.</p>
</text>
<copyright>(c) Reuters Limited 1997</copyright>
<metadata>
<codes class="bip:countries:1.0">
  <code code="UK">
    <editdetail attribution="Reuters BIP Coding Group" action="confirmed" date="1997-03-23"/>
  </code>
</codes>
<codes class="bip:topics:1.0">
  <code code="GCAT">
    <editdetail attribution="Reuters BIP Coding Group" action="confirmed" date="1997-03-23"/>
  </code>
  <code code="GSPO">
    <editdetail attribution="Reuters BIP Coding Group" action="confirmed" date="1997-03-23"/>
  </code>
</codes>
<dc element="dc.date.created" value="1997-03-23"/>
<dc element="dc.publisher" value="Reuters Holdings Plc"/>
<dc element="dc.date.published" value="1997-03-23"/>
<dc element="dc.source" value="Reuters"/>
<dc element="dc.creator.location" value="LONDON"/>
<dc element="dc.creator.location.country.name" value="UK"/>
<dc element="dc.source" value="Reuters"/>
</metadata>
</newsitem>
