<?xml version="1.0" encoding="iso-8859-1" ?>
<newsitem itemid="461842" id="root" date="1997-03-23" xml:lang="en">
<title>SPAIN: GOLF-LEADING EUROPEAN RYDER CUP POINTS STANDINGS.</title>
<headline>GOLF-LEADING EUROPEAN RYDER CUP POINTS STANDINGS.</headline>
<dateline>MASPALOMAS, Gran Canaria 1997-03-23</dateline>
<text>
<p>Leading</p>
<p>European Ryder Cup points standings after Sunday's Turespana</p>
<p>Masters tournament (Britain unless stated):</p>
<p>  1.Colin Montgomerie			 331,364 points</p>
<p>  2.Miguel Angel Martin (Spain)	   269,335</p>
<p>  3.Thomas Bjorn (Denmark)		  238,057</p>
<p>  4.Darren Clarke			     201,379</p>
<p>  5.Costantino Rocca (Italy)		200,326</p>
<p>  6.Ian Woosnam				 173,862</p>
<p>  7.Paul Broadhurst			   173,506</p>
<p>  8.Jean Van de Velde (France)	    166,749</p>
<p>  9.Per-Ulrik Johansson (Sweden)	  162,633</p>
<p> 10.Sam Torrance				150,908</p>
<p> 11.Lee Westwood				145,319</p>
<p> 12.Roger Chapman			     121,601</p>
<p> 13.Padraig Harrington (Ireland)	  115,757</p>
<p> 14.Peter Mitchell			    108,970</p>
<p> 15.Miguel Angel Jimenez (Spain)	  101,006</p>
<p> 16.David Gilford				98,851</p>
<p> 17.Andrew Coltart			     97,267</p>
<p> 18.Mark Davis				   88,478</p>
<p> 19.Michael Jonzon (Sweden)		  86,436</p>
<p> 20.Jose Maria Olazabal (Spain)	    86,339</p>
</text>
<copyright>(c) Reuters Limited 1997</copyright>
<metadata>
<codes class="bip:countries:1.0">
  <code code="SPAIN">
    <editdetail attribution="Reuters BIP Coding Group" action="confirmed" date="1997-03-23"/>
  </code>
  <code code="UK">
    <editdetail attribution="Reuters BIP Coding Group" action="confirmed" date="1997-03-23"/>
  </code>
</codes>
<codes class="bip:topics:1.0">
  <code code="GCAT">
    <editdetail attribution="Reuters BIP Coding Group" action="confirmed" date="1997-03-23"/>
  </code>
  <code code="GSPO">
    <editdetail attribution="Reuters BIP Coding Group" action="confirmed" date="1997-03-23"/>
  </code>
</codes>
<dc element="dc.date.created" value="1997-03-23"/>
<dc element="dc.publisher" value="Reuters Holdings Plc"/>
<dc element="dc.date.published" value="1997-03-23"/>
<dc element="dc.source" value="Reuters"/>
<dc element="dc.creator.location" value="MASPALOMAS, Gran Canaria"/>
<dc element="dc.creator.location.country.name" value="SPAIN"/>
<dc element="dc.source" value="Reuters"/>
</metadata>
</newsitem>
