<?xml version="1.0" encoding="iso-8859-1" ?>
<newsitem itemid="461837" id="root" date="1997-03-23" xml:lang="en">
<title>GERMANY: SOCCER SHOWCASE-DORTMUND HAVE PROBLEMS TO SOLVE AT HOME.</title>
<headline>SOCCER SHOWCASE-DORTMUND HAVE PROBLEMS TO SOLVE AT HOME.</headline>
<byline>Adrian Warner</byline>
<dateline>DORTMUND, Germany 1997-03-23</dateline>
<text>
<p>Borussia Dortmund are not allowing themselves to think about next month's mouth-watering European Cup semifinal against Manchester United after suffering their first league defeat at home for more than a year on Saturday.</p>
<p>A few days after clinching their place in the semifinals, the German champions were beaten 3-1 by lowly Borussia Moenchengladbach, their second consecutive Bundesliga defeat.</p>
<p>Dortmund lost their place at the top of the table to Bayern Munich who won 2-0 at Karlsruhe on Sunday. The reigning champions slipped to fourth behind VfB Stuttgart and Bayer Leverkusen and are now three points behind the leaders.</p>
<p>Although any clash with the English has special significance for German players, Dortmund can only afford to think about domestic matters in the run-up to the European first leg on April 9.</p>
<p>&quot;If we start thinking about Manchester now, then the championship is going to go down the drain,&quot; said German international libero Matthias Sammer, who misses the first leg through suspension.</p>
<p>&quot;I hope this does upset things a bit because we can't just accept two defeats in a row. But the important thing now is how the players deal with each other, that they don't lose their mutual respect.&quot;</p>
<p>The atmosphere in the Dortmund dressing room was somewhat stormy after goals from Swedish striker Martin Dahlin, Pole Andrzej Juskowiak and substitute Jorgen Pettersson exposed huge holes in their defence.</p>
<p>Dortmund, who lost 4-1 at Stuttgart a week ago, last experienced defeat at home in February last year when they went down to Hansa Rostock. The last time the 1995 and 1996 champions lost two league matches in a row was at the end of the 1992-93 season.</p>
<p>&quot;There were one or two disputes but nothing for public consumption,&quot; striker Karlheinz Riedle said.</p>
<p>Sammer added: &quot;After the European Cup, you always have problems finding your rhythm. If you have two games like that you have to analyse them and recognise your mistakes and then things will improve.&quot;</p>
<p>Both the Dortmund fans and the club groundsman also need to tighten up their acts before the English champions visit Germany for the first leg.</p>
<p>At the end of the first half the crowd almost lost control after defender Juergen Kohler was sent off. Moenchengladbach midfielder Stefan Effenberg was held up from taking a corner when fans threw plastic cups down at the corner of the pitch.</p>
<p>Sammer had to plead with the bank of Dortmund supporters behind the goal to calm down before the game could continue.</p>
<p>Dortmund have been having problems getting the grass to grow on one side of the pitch because of problems with light following a renovation of the main stand.</p>
<p>The turf in the centre circle also cut up quite badly during the match and players had problems keeping their feet.</p>
</text>
<copyright>(c) Reuters Limited 1997</copyright>
<metadata>
<codes class="bip:countries:1.0">
  <code code="GFR">
    <editdetail attribution="Reuters BIP Coding Group" action="confirmed" date="1997-03-23"/>
  </code>
</codes>
<codes class="bip:topics:1.0">
  <code code="GCAT">
    <editdetail attribution="Reuters BIP Coding Group" action="confirmed" date="1997-03-23"/>
  </code>
  <code code="GSPO">
    <editdetail attribution="Reuters BIP Coding Group" action="confirmed" date="1997-03-23"/>
  </code>
</codes>
<dc element="dc.date.created" value="1997-03-23"/>
<dc element="dc.publisher" value="Reuters Holdings Plc"/>
<dc element="dc.date.published" value="1997-03-23"/>
<dc element="dc.source" value="Reuters"/>
<dc element="dc.creator.location" value="DORTMUND, Germany"/>
<dc element="dc.creator.location.country.name" value="GERMANY"/>
<dc element="dc.source" value="Reuters"/>
</metadata>
</newsitem>
