<?xml version="1.0" encoding="iso-8859-1" ?>
<newsitem itemid="461895" id="root" date="1997-03-23" xml:lang="en">
<title>SLOVAKIA: SOCCER-SLOVAK FIRST DIVISION RESULTS/STANDINGS.</title>
<headline>SOCCER-SLOVAK FIRST DIVISION RESULTS/STANDINGS.</headline>
<dateline>BRATISLAVA 1997-03-23</dateline>
<text>
<p>Results of Slovak first</p>
<p>division soccer matches played at the weekend:</p>
<p> Spartak Trnava	  2    DAC Dunajska Streda    1</p>
<p> FC Kosice		 4    MSK Zilina		 0</p>
<p> JAS Bardejov	    0    Artmedia Petrzalka     0</p>
<p> FC Rimavska Sobota    1    Petrimex Prievidza     0</p>
<p> FC Nitra		  0    Dukla Banska Bystrica  1</p>
<p> ZTS Kerametal Dubnica 0    Lokomotiva Kosice	0</p>
<p> Tatran Presov	   3    Chemlon Humenne	  0</p>
<p> Slovan Bratislava     1    Inter Bratislava	 1</p>
<p>				    P    W    D   L   F    A   Pts</p>
<p> 1. Spartak Trnava	    19   13   5   1   37   13   44</p>
<p> 2. FC Kosice		   19   11   6   2   34   14   39</p>
<p> 3. Slovan Bratislava	 19   11   2   6   33   17   35</p>
<p> 4. Tatran Presov	     19   10   4   5   27   18   34</p>
<p> 5. Inter Bratislava	  19    9   7   3   29   22   34</p>
<p> 6. MSK Zilina		  19    8   1  10   17   20   25</p>
<p> 7. Dukla Banska Bystrica   19    7   3   9   30   29   24</p>
<p> 8. JAS Bardejov		19    6   6   7   20   24   24</p>
<p> 9. Artmedia Petrzalka	19    6   6   7   19   29   24</p>
<p> 10.Lokomotiva Kosice	 19    5   8   6   15   17   23</p>
<p> 11.FC Rimavska Sobota	19    7   1  11   20   30   22</p>
<p> 12.Petrimex Prievidza	19    6   3  10   24   30   21</p>
<p> 13.Chemlon Humenne	   19    6   3  10   19   28   21</p>
<p> 14.DAC Dunajska Streda     19    5   4  10   17   32   19</p>
<p> 15.ZTS Kerametal Dubnica   19    4   6   9   19   28   18</p>
<p> 16.FC Nitra		    19    3   5  11   15   24   14</p>
</text>
<copyright>(c) Reuters Limited 1997</copyright>
<metadata>
<codes class="bip:countries:1.0">
  <code code="SLVAK">
    <editdetail attribution="Reuters BIP Coding Group" action="confirmed" date="1997-03-23"/>
  </code>
</codes>
<codes class="bip:topics:1.0">
  <code code="GCAT">
    <editdetail attribution="Reuters BIP Coding Group" action="confirmed" date="1997-03-23"/>
  </code>
  <code code="GSPO">
    <editdetail attribution="Reuters BIP Coding Group" action="confirmed" date="1997-03-23"/>
  </code>
</codes>
<dc element="dc.date.created" value="1997-03-23"/>
<dc element="dc.publisher" value="Reuters Holdings Plc"/>
<dc element="dc.date.published" value="1997-03-23"/>
<dc element="dc.source" value="Reuters"/>
<dc element="dc.creator.location" value="BRATISLAVA"/>
<dc element="dc.creator.location.country.name" value="SLOVAKIA"/>
<dc element="dc.source" value="Reuters"/>
</metadata>
</newsitem>
