<?xml version="1.0" encoding="iso-8859-1" ?>
<newsitem itemid="461854" id="root" date="1997-03-23" xml:lang="en">
<title>NETHERLANDS: SOCCER-ONE KILLED AS WARRING DUTCH FANS CLASH.</title>
<headline>SOCCER-ONE KILLED AS WARRING DUTCH FANS CLASH.</headline>
<dateline>BEVERWIJK, Netherlands 1997-03-23</dateline>
<text>
<p>One man died and dozens were injured on Sunday during clashes between supporters of rival first division clubs Ajax Amsterdam and Feyenoord Rotterdam, the Dutch news agency ANP reported.</p>
<p>It said hundreds of fans armed with baseball bats and clubs streamed to the pre-arranged venue, on wasteground near Amsterdam, for a showdown ahead of Feyenoord's match against AZ Alkmaar, it said.</p>
<p>Dutch police confirmed the clash between hundreds of rival fans but said the situation was still too confused to give details.</p>
<p>&quot;I have heard, but cannot at present confirm, that a man died,&quot; police spokesman Alfred Ellwanger said.</p>
<p>Ellwanger said the police had heard rumours of a planned clash between rival supporters but that nothing definite had been known in advance.</p>
<p>&quot;There were rumours, as there always are, and a number of venues were mentioned,&quot; he said.</p>
<p>Feyenoord Rotterdam, currently ranked second in the Dutch first division, and fourth-ranked Ajax Amsterdam have always been fierce and often bitter rivals.</p>
</text>
<copyright>(c) Reuters Limited 1997</copyright>
<metadata>
<codes class="bip:countries:1.0">
  <code code="NETH">
    <editdetail attribution="Reuters BIP Coding Group" action="confirmed" date="1997-03-23"/>
  </code>
</codes>
<codes class="bip:topics:1.0">
  <code code="GCAT">
    <editdetail attribution="Reuters BIP Coding Group" action="confirmed" date="1997-03-23"/>
  </code>
  <code code="GSPO">
    <editdetail attribution="Reuters BIP Coding Group" action="confirmed" date="1997-03-23"/>
  </code>
</codes>
<dc element="dc.date.created" value="1997-03-23"/>
<dc element="dc.publisher" value="Reuters Holdings Plc"/>
<dc element="dc.date.published" value="1997-03-23"/>
<dc element="dc.source" value="Reuters"/>
<dc element="dc.creator.location" value="BEVERWIJK, Netherlands"/>
<dc element="dc.creator.location.country.name" value="NETHERLANDS"/>
<dc element="dc.source" value="Reuters"/>
</metadata>
</newsitem>
