<?xml version="1.0" encoding="iso-8859-1" ?>
<newsitem itemid="461845" id="root" date="1997-03-23" xml:lang="en">
<title>SPAIN: GOLF-TURESPANA MASTERS FINAL ROUND SCORES.</title>
<headline>GOLF-TURESPANA MASTERS FINAL ROUND SCORES.</headline>
<dateline>MASPALOMAS, Gran Canaria 1997-03-23</dateline>
<text>
<p>Leading final round scores and totals in the Turespana Masters golf tournament on Sunday (Britain unless stated):</p>
<p>272 Jose Maria Olazabal (Spain) 70 67 68 67</p>
<p>274 Lee Westwood 72 63 68 71</p>
<p>276 Paul Broadhurst 69 72 67 68, Eduardo Romero</p>
<p>(Argentina) 70 70 67 69</p>
<p>277 David Gilford 70 69 70 68, Jose Coceres</p>
<p>(Argentina) 67 71 65 74</p>
<p>278 Diego Borrego (Spain) 70 72 68 68</p>
<p>279 Ignacio Garrido (Spain) 70 71 71 67, Ignacio Feliu</p>
<p>(Spain) 73 69 70 67, Retief Goosen (South Africa)</p>
<p>69 71 69 70.</p>
<p>280 Ian Garbutt 73 70 69 68, Scott Henderson</p>
<p>69 71 71 69, Peter Mitchell 68 73 69 70,Domingo</p>
<p>Hospital (Spain) 71 71 68 70, Massimo Florioli</p>
<p>(Italy) 72 69 68 71.</p>
<p>281 Andrew Sandywell 71 67 72 71, Paolo Quirici</p>
<p>(Switzerland) 74 64 70 73.</p>
<p>282 Daniel Chopra (Sweden) 71 73 70 68, Francisco Cea</p>
<p>(Spain) 71 71 70 70.</p>
<p>283 Fabrice Tarnaud (France) 70 73 71 69, Alex Cejka</p>
<p>(Germany) 70 74 70 69, Andrew Oldcorn 72 71 71 69,</p>
<p>Robert Coles 73 69 71 70, Andrew Coltart</p>
<p>71 71 70 71, Neal Briggs 68 70 73 72, Katuyoshi</p>
<p>Tomori (Japan) 68 72 71 72, Stephen Allan</p>
<p>(Australia) 70 70 70 73, Dennis Edlund (Sweden)</p>
<p>72 68 70 73, Miguel Angel Jimenez (Spain)</p>
<p>69 70 70 74.</p>
</text>
<copyright>(c) Reuters Limited 1997</copyright>
<metadata>
<codes class="bip:countries:1.0">
  <code code="SPAIN">
    <editdetail attribution="Reuters BIP Coding Group" action="confirmed" date="1997-03-23"/>
  </code>
</codes>
<codes class="bip:topics:1.0">
  <code code="GCAT">
    <editdetail attribution="Reuters BIP Coding Group" action="confirmed" date="1997-03-23"/>
  </code>
  <code code="GSPO">
    <editdetail attribution="Reuters BIP Coding Group" action="confirmed" date="1997-03-23"/>
  </code>
</codes>
<dc element="dc.date.created" value="1997-03-23"/>
<dc element="dc.publisher" value="Reuters Holdings Plc"/>
<dc element="dc.date.published" value="1997-03-23"/>
<dc element="dc.source" value="Reuters"/>
<dc element="dc.creator.location" value="MASPALOMAS, Gran Canaria"/>
<dc element="dc.creator.location.country.name" value="SPAIN"/>
<dc element="dc.source" value="Reuters"/>
</metadata>
</newsitem>
