<?xml version="1.0" encoding="iso-8859-1" ?>
<newsitem itemid="461860" id="root" date="1997-03-23" xml:lang="en">
<title>SLOVENIA: SKI JUMPING-WORLD CUP RESULTS.</title>
<headline>SKI JUMPING-WORLD CUP RESULTS.</headline>
<dateline>PLANICA, Slovenia 1997-03-23</dateline>
<text>
<p>Results of a ski</p>
<p>flying event at the world cup ski jumping finals on Sunday:</p>
<p> 1. Akira Higashi (Japan) 392.00 points (first jump 202.00</p>
<p>metres/second jump 203.00 metres)</p>
<p> 2. Primoz Peterka (Slovenia)	367.70 (186.00/195.00)</p>
<p> 3. Lasse Ottesen (Norway)	   366.70 (198.00/183.00)</p>
<p> 4. Espen Bredesen (Norway)	  346.40 (187.00/175.00)</p>
<p> 5. Kazuyoshi Funaki (Japan)	 327.30 (186.00/163.00)</p>
<p> 6. Jaroslav Sakala (Czech Republic)</p>
<p>					     322.10 (171.50/174.00)</p>
<p> 7. Andreas Widhoelzl (Austria)    320.30 (186.50/157.50)</p>
<p> 8. Janne Ahonen (Finland)	   319.10 (171.00/169.50)</p>
<p> 9. Nicolas Dessum (France)	  309.10 (172.50/188.00)</p>
<p> 10. Roar Ljokelsoy (Norway)	 307.50 (184.50/150.50)</p>
<p> 11. Sylvain Freiholz (Switzerland)</p>
<p>					     292.00 (182.50/142.50)</p>
<p> 12. Hiroya Saito (Japan)	    285.40 (150.00/169.50)</p>
<p> 13. Hansjoerg Jaekle (Germany)    278.20 (165.00/151.00)</p>
<p> 14. Dieter Thoma (Germany)	  275.50 (211.00/109.00)</p>
<p> 15. Jakub Suchacek (Czech Republic)</p>
<p>					     274.60 (188.00/125.00)</p>
<p> 16. Jerome Gay (France)	     263.20 (164.00/142.00)</p>
<p> 17. Marco Steinauer (Switzerland) 257.50 (154.50/145.50)</p>
<p> 18. Kazuya Yoshioka (Japan)	 255.60 (176.00/122.00)</p>
<p> 19. Stefan Horngacher (Austria)   253.80 (198.50/103.00)</p>
<p> 20. Jani Soininen (Finland)	 240.70 (162.00/124.00)</p>
</text>
<copyright>(c) Reuters Limited 1997</copyright>
<metadata>
<codes class="bip:countries:1.0">
  <code code="JAP">
    <editdetail attribution="Reuters BIP Coding Group" action="confirmed" date="1997-03-23"/>
  </code>
  <code code="SLVNIA">
    <editdetail attribution="Reuters BIP Coding Group" action="confirmed" date="1997-03-23"/>
  </code>
</codes>
<codes class="bip:topics:1.0">
  <code code="GCAT">
    <editdetail attribution="Reuters BIP Coding Group" action="confirmed" date="1997-03-23"/>
  </code>
  <code code="GSPO">
    <editdetail attribution="Reuters BIP Coding Group" action="confirmed" date="1997-03-23"/>
  </code>
</codes>
<dc element="dc.date.created" value="1997-03-23"/>
<dc element="dc.publisher" value="Reuters Holdings Plc"/>
<dc element="dc.date.published" value="1997-03-23"/>
<dc element="dc.source" value="Reuters"/>
<dc element="dc.creator.location" value="PLANICA, Slovenia"/>
<dc element="dc.creator.location.country.name" value="SLOVENIA"/>
<dc element="dc.source" value="Reuters"/>
</metadata>
</newsitem>
