<?xml version="1.0" encoding="iso-8859-1" ?>
<newsitem itemid="461868" id="root" date="1997-03-23" xml:lang="en">
<title>UK: SOCCER-TIGHT CONTESTS FOR GERMAN, DUTCH TITLES. [CORRECTED 00:05 GMT 24/3]</title>
<headline>SOCCER-TIGHT CONTESTS FOR GERMAN, DUTCH TITLES. [CORRECTED 00:05 GMT 24/3]</headline>
<dateline>LONDON 1997-03-23</dateline>
<text>
<p>Manchester United, Real Madrid, Juventus and Monaco remained on course for domestic championship honours after the weekend games.</p>
<p>But in Germany, as usual, and the Netherlands the picture was far from clear.</p>
<p>The Dutch programme was overshadowed by the death of an Ajax fan in an apparently pre-arranged battle with Feyenoord supporters on Sunday.</p>
<p>England</p>
<p>Manchester United opened a six-point lead as goals by Ole Gunnar Solskjaer and Eric Cantona secured an easy 2-0 win at Everton on Saturday.</p>
<p>Second-placed Liverpool visit third-placed Arsenal on Monday but Newcastle's outside hopes all but disappeared as they drew 1-1 at Wimbledon on Sunday.</p>
<p>Italy</p>
<p>Juventus now lead Italy's serie A by the same six-point margin despite only managing a goalless draw at Napoli.</p>
<p>Juve, who had Paolo Montero sent off in the first half, had goalkeeper Angelo Peruzzi to thank for their point as the Italy international foiled Alfredo Aglietti in the last minute.</p>
<p>Second-placed Parma lost for the first time since January -- 1-0 at Fiorentina to allow Internazionale to close to within two points following their 2-1 win over Verona.</p>
<p>Spain</p>
<p>Real Madrid stayed nine clear in Spain as two goals by Fernando Hierro overcame Zaragoza.</p>
<p>Barcelona hammered Sevilla 4-0 with goals by Ronaldo, Juan Pizzi, Luis Enrique and Oscar Garcia to climb above Real Betis on goal difference.</p>
<p>Betis had beaten Racing Santander 2-1 on Saturday.</p>
<p>France</p>
<p>Monaco were seven points clear in France but left it late to beat Bastia 3-1. Two goals in the last eight minutes from Brazilian striker Anderson kept Monaco on course for the title.</p>
<p>PSG stayed second with a 2-0 win over Metz. Patrice Loko, who scored a hat-trick in the Cup Winners' Cup on Thursday, hit both goals.</p>
<p>Netherlands</p>
<p>The death of an Ajax fan and several injuries in a pitched battle with Feyenoord followers involving baseball bats and knives diverted attention from an important weekend.</p>
<p>PSV Eindhoven lost their unbeaten home record by slumping 1-0 to Heerenveen on Saturday and Feyenoord took advantage by winning 2-0 at AZ Alkmaar to draw level on points at the top. PSV still lead on goal difference.</p>
<p>Germany</p>
<p>The Bundesliga can always be relied upon to provide a close finish and this season is developing into a classic four-way battle.</p>
<p>Stuttgart took over the lead on Friday after hammering Fortuna Duesseldorf 4-0 away. But on Sunday Bayern Munich rediscovered their winning ways to return to the top courtesy of a 2-0 success at Karlsruhe. Alex Zickler scored both goals.</p>
<p>In between, Bayer Leverkusen's charge continued as a 2-1 (corrects from 1-0) success at Freiburg left them in third as defending champion Borussia Dortmund lost 3-1 at home to lowly Borussia Moenchenglabach.</p>
<p>Munich head the standings on 49 points to the 47 of Stuttgart and Leverkusen. Dortmund have 46.</p>
<p>Portugal</p>
<p>Porto won 2-0 at Boavista to stay seven clear of Sporting who beat Guimaraes 4-1.</p>
</text>
<copyright>(c) Reuters Limited 1997</copyright>
<metadata>
<codes class="bip:countries:1.0">
  <code code="GFR">
    <editdetail attribution="Reuters BIP Coding Group" action="confirmed" date="1997-03-23"/>
  </code>
  <code code="MONAC">
    <editdetail attribution="Reuters BIP Coding Group" action="confirmed" date="1997-03-23"/>
  </code>
  <code code="NETH">
    <editdetail attribution="Reuters BIP Coding Group" action="confirmed" date="1997-03-23"/>
  </code>
  <code code="SPAIN">
    <editdetail attribution="Reuters BIP Coding Group" action="confirmed" date="1997-03-23"/>
  </code>
  <code code="UK">
    <editdetail attribution="Reuters BIP Coding Group" action="confirmed" date="1997-03-23"/>
  </code>
</codes>
<codes class="bip:topics:1.0">
  <code code="GCAT">
    <editdetail attribution="Reuters BIP Coding Group" action="confirmed" date="1997-03-23"/>
  </code>
  <code code="GSPO">
    <editdetail attribution="Reuters BIP Coding Group" action="confirmed" date="1997-03-23"/>
  </code>
</codes>
<dc element="dc.date.created" value="1997-03-23"/>
<dc element="dc.publisher" value="Reuters Holdings Plc"/>
<dc element="dc.date.published" value="1997-03-23"/>
<dc element="dc.source" value="Reuters"/>
<dc element="dc.creator.location" value="LONDON"/>
<dc element="dc.creator.location.country.name" value="UK"/>
<dc element="dc.source" value="Reuters"/>
</metadata>
</newsitem>
