<?xml version="1.0" encoding="iso-8859-1" ?>
<newsitem itemid="461856" id="root" date="1997-03-23" xml:lang="en">
<title>SLOVENIA: SKI JUMPING-FINAL WORLD CUP STANDINGS.</title>
<headline>SKI JUMPING-FINAL WORLD CUP STANDINGS.</headline>
<dateline>PLANICA, Slovenia 1997-03-23</dateline>
<text>
<p>Leading final</p>
<p>standings in the ski jumping World Cup after the season's</p>
<p>closing event on Sunday:</p>
<p> 1. Primoz Peterka (Slovenia)	  1,402 points</p>
<p> 2. Dieter Thoma (Germany)	     1,208</p>
<p> 3. Kazuyoshi Funaki (Japan)	   1,018</p>
<p> 4. Takanobu Okabe (Japan)		 941</p>
<p> 5. Hiroya Saitoh (Japan)		  923</p>
<p> 6. Andreas Goldberger (Austria)	 817</p>
<p> 7. Kristian Brenden (Norway)	    793</p>
<p> 8. Janne Ahonen (Finland)		 734</p>
<p> 9. Jani Soininen (Finland)		657</p>
<p> 10. Adam Malysz (Poland)		  612</p>
<p> 11. Lasse Ottesen (Norway)		545</p>
<p> 12. Ari-Pekka Nikkola (Finland)	 464</p>
<p> 13. Roar Ljoekelsoey (Norway)	   462</p>
<p> 14. Mika Laitinen (Finland)	     440</p>
<p> 15. Andreas Widhoelzl (Austria)	 401</p>
<p> 16. Espen Bredesen (Norway)	     384</p>
<p> 17. Noriaki Kasai (Japan)		 351</p>
<p> 18. Nicolas Dessum (France)	     328</p>
<p> 19. Martin Hoellwarth (Austria)	 293</p>
<p> 20. Ville Kantee (Finland)		255</p>
<p>Ski flying World Cup:</p>
<p> 1. Peterka				    290 points</p>
<p> 2. Okabe					260</p>
<p> 3. Funaki				     201</p>
<p> 4. Ottesen				    163</p>
<p> 5. Goldberger				 160</p>
<p> 6. Akira Higashi (Japan)		  153</p>
<p> 7. Ahonen				     136</p>
<p> 8. Aoininen				   127</p>
<p> 9. Ljoekelsoey				100</p>
<p> 10. Jaroslav Sakala (Czech Republic)   98</p>
<p>Nations Cup:</p>
<p> 1. Japan				    4,162</p>
<p> 2. Norway				   3,121</p>
<p> 3. Finland				  3,077</p>
<p> 4. Austria				  2,024</p>
<p> 5. Germany				  1,959</p>
<p> 6. Slovenia				 1,856</p>
</text>
<copyright>(c) Reuters Limited 1997</copyright>
<metadata>
<codes class="bip:countries:1.0">
  <code code="SLVNIA">
    <editdetail attribution="Reuters BIP Coding Group" action="confirmed" date="1997-03-23"/>
  </code>
</codes>
<codes class="bip:topics:1.0">
  <code code="GCAT">
    <editdetail attribution="Reuters BIP Coding Group" action="confirmed" date="1997-03-23"/>
  </code>
  <code code="GSPO">
    <editdetail attribution="Reuters BIP Coding Group" action="confirmed" date="1997-03-23"/>
  </code>
</codes>
<dc element="dc.date.created" value="1997-03-23"/>
<dc element="dc.publisher" value="Reuters Holdings Plc"/>
<dc element="dc.date.published" value="1997-03-23"/>
<dc element="dc.source" value="Reuters"/>
<dc element="dc.creator.location" value="PLANICA, Slovenia"/>
<dc element="dc.creator.location.country.name" value="SLOVENIA"/>
<dc element="dc.source" value="Reuters"/>
</metadata>
</newsitem>
