<?xml version="1.0" encoding="iso-8859-1" ?>
<newsitem itemid="461844" id="root" date="1997-03-23" xml:lang="en">
<title>SPAIN: GOLF-TEARFUL OLAZABAL COMPLETES TRIUMPHANT RETURN.</title>
<headline>GOLF-TEARFUL OLAZABAL COMPLETES TRIUMPHANT RETURN.</headline>
<dateline>MASPALOMAS, Gran Canaria 1997-03-23</dateline>
<text>
<p>Jose Maria Olazabal completed a triumphant comeback to top competition on Sunday by winning the Turespana Masters, only the third tournament he has played after returning from a foot injury.</p>
<p>&quot;At the 18th it was very special...many memories came to my mind, memories of the bad and hard times,&quot; said the 1994 U.S. Masters Champion who shot a six-under-par 67 to end the tournament two shots clear on a 20-below-par 272.</p>
<p>&quot;It was very difficult to cope with, you know I never express my feelings and...you can see it is impossible not to do so now,&quot; said a tearful Olazabal.</p>
<p>&quot;I didn't expect this win and I must still improve a lot for the Masters.&quot;</p>
<p>The Spaniard said he still suffered from the foot injury that had made walking difficult and had kept him out of the game for 18 months.</p>
<p>He also said that he would have to put in extra work with the driver.</p>
<p>Olazabal had started the day in third place, two shots behind joint leaders Lee Westwood of Britain -- who finished second -- and Argentine Jose Coceres, who dropped out of contention on a wind-affected final day with a one-over-par 74.</p>
<p>Eduardo Romero of Argentina and Briton Paul Broadhurst finished joint third, a further two shots behind Westwood.</p>
</text>
<copyright>(c) Reuters Limited 1997</copyright>
<metadata>
<codes class="bip:countries:1.0">
  <code code="SPAIN">
    <editdetail attribution="Reuters BIP Coding Group" action="confirmed" date="1997-03-23"/>
  </code>
</codes>
<codes class="bip:topics:1.0">
  <code code="GCAT">
    <editdetail attribution="Reuters BIP Coding Group" action="confirmed" date="1997-03-23"/>
  </code>
  <code code="GSPO">
    <editdetail attribution="Reuters BIP Coding Group" action="confirmed" date="1997-03-23"/>
  </code>
</codes>
<dc element="dc.date.created" value="1997-03-23"/>
<dc element="dc.publisher" value="Reuters Holdings Plc"/>
<dc element="dc.date.published" value="1997-03-23"/>
<dc element="dc.source" value="Reuters"/>
<dc element="dc.creator.location" value="MASPALOMAS, Gran Canaria"/>
<dc element="dc.creator.location.country.name" value="SPAIN"/>
<dc element="dc.source" value="Reuters"/>
</metadata>
</newsitem>
