<?xml version="1.0" encoding="iso-8859-1" ?>
<newsitem itemid="461873" id="root" date="1997-03-23" xml:lang="en">
<title>UK: SOCCER-ENGLISH LEAGUE RESULTS.</title>
<headline>SOCCER-ENGLISH LEAGUE RESULTS.</headline>
<dateline>LONDON 1997-03-23</dateline>
<text>
<p>Result of an English premier</p>
<p>league soccer match on Sunday:</p>
<p>Premier league</p>
<p> Wimbledon		 1  Newcastle		 1</p>
<p>Played on Saturday:</p>
<p> Blackburn		 0  Aston Villa	     2</p>
<p> Coventry		  1  West Ham		  3</p>
<p> Derby		     4  Tottenham		 2</p>
<p> Everton		   0  Manchester United     2</p>
<p> Middlesbrough	   1  Chelsea		   0</p>
<p> Sheffield Wednesday   2  Leeds		     2</p>
<p> Southampton	     2  Leicester		 2</p>
<p> Sunderland		1  Nottingham Forest     1</p>
<p>Playing on Monday:</p>
<p> Arsenal		   v  Liverpool		 </p>
<p> Middlesbrough	   v  Nottingham Forest     </p>
<p>Played on Sunday:</p>
<p>Division one</p>
<p> Oldham		    0  Crystal Palace	  1</p>
<p>Division two</p>
<p> Bristol Rovers	  1  Preston		   0</p>
</text>
<copyright>(c) Reuters Limited 1997</copyright>
<metadata>
<codes class="bip:countries:1.0">
  <code code="UK">
    <editdetail attribution="Reuters BIP Coding Group" action="confirmed" date="1997-03-23"/>
  </code>
</codes>
<codes class="bip:topics:1.0">
  <code code="GCAT">
    <editdetail attribution="Reuters BIP Coding Group" action="confirmed" date="1997-03-23"/>
  </code>
  <code code="GSPO">
    <editdetail attribution="Reuters BIP Coding Group" action="confirmed" date="1997-03-23"/>
  </code>
</codes>
<dc element="dc.date.created" value="1997-03-23"/>
<dc element="dc.publisher" value="Reuters Holdings Plc"/>
<dc element="dc.date.published" value="1997-03-23"/>
<dc element="dc.source" value="Reuters"/>
<dc element="dc.creator.location" value="LONDON"/>
<dc element="dc.creator.location.country.name" value="UK"/>
<dc element="dc.source" value="Reuters"/>
</metadata>
</newsitem>
