<?xml version="1.0" encoding="iso-8859-1" ?>
<newsitem itemid="461852" id="root" date="1997-03-23" xml:lang="en">
<title>SPAIN: GOLF-OLAZABAL WINS IN THIRD COMEBACK TOURNAMENT.</title>
<headline>GOLF-OLAZABAL WINS IN THIRD COMEBACK TOURNAMENT.</headline>
<dateline>GRAN CANARIA, Spain 1997-03-23</dateline>
<text>
<p>Jose Maria Olazabal fired a final round 67 on Sunday to win the Turespana Masters at Maspalomas -- only his third tournament since his comeback after 18 months out of the game.</p>
<p>The Spaniard's 20-under par total of 272 gave him a two-shot victory over Briton Wayne Westwood.</p>
<p>Olazabal returned to golf at the Dubai Classic on February 27 after his long lay off because of rheumatoid arthritis in his feet.</p>
<p>He finished equal 12th in Dubai and last week improved to joint fourth in the Portuguese Open.</p>
<p>Jose Maria Olazabal, the 31-year-old Spaniard, made one of the great sporting comebacks when he won the Turespana Masters at Maspalomas in Gran Canaria today.</p>
<p>Olazabal, who shot a final round of 67 for a 72 holes aggregate of 272, 20 under par, was playing only his third tournament since returning after an 18 months lay-off because of</p>
<p>He had finished joint 12th in the Dubai Desert Classic on his return earlier this month and then finished joint fourth in the Portuguese Open in Lisbon last week.</p>
<p>Today was his 16th European Tour victory and he won by two shots from England's Lee Westwood, who shot a final round 71 for 274.</p>
<p>mfl  231643 MAR 97</p>
</text>
<copyright>(c) Reuters Limited 1997</copyright>
<metadata>
<codes class="bip:countries:1.0">
  <code code="SPAIN">
    <editdetail attribution="Reuters BIP Coding Group" action="confirmed" date="1997-03-23"/>
  </code>
</codes>
<codes class="bip:topics:1.0">
  <code code="GCAT">
    <editdetail attribution="Reuters BIP Coding Group" action="confirmed" date="1997-03-23"/>
  </code>
  <code code="GSPO">
    <editdetail attribution="Reuters BIP Coding Group" action="confirmed" date="1997-03-23"/>
  </code>
</codes>
<dc element="dc.date.created" value="1997-03-23"/>
<dc element="dc.publisher" value="Reuters Holdings Plc"/>
<dc element="dc.date.published" value="1997-03-23"/>
<dc element="dc.source" value="Reuters"/>
<dc element="dc.creator.location" value="GRAN CANARIA, Spain"/>
<dc element="dc.creator.location.country.name" value="SPAIN"/>
<dc element="dc.source" value="Reuters"/>
</metadata>
</newsitem>
