<?xml version="1.0" encoding="iso-8859-1" ?>
<newsitem itemid="461851" id="root" date="1997-03-23" xml:lang="en">
<title>PORTUGAL: RALLYING-PORTUGUESE RALLY FIRST STAGE PLACINGS.</title>
<headline>RALLYING-PORTUGUESE RALLY FIRST STAGE PLACINGS.</headline>
<dateline>FIGUEIRA DA FOZ, Portugal 1997-03-23</dateline>
<text>
<p>Leading</p>
<p>placings in the first stage of the Portuguese Rally, a 1.7 km</p>
<p>timed section, on Sunday:</p>
<p> 1 equal. Colin McRae  (Britain) Subaru 1 minute 01 seconds</p>
<p> 1 equal. Carlos Sainz (Spain) Ford		1:01</p>
<p> 3 equal. Kenneth Eriksson (Sweden) Subaru     1:02</p>
<p> 3 equal. Richard Burns (Britain) Mitsubishi   1:02</p>
<p> 3 equal. Armin Schwarz (Germany) Ford	   1:02</p>
<p> 3 equal. Freddie Loix (Belguim) Toyota	  1:02</p>
<p> 3 equal. Marcus Gronholm (Finland) Toyota     1:02</p>
</text>
<copyright>(c) Reuters Limited 1997</copyright>
<metadata>
<codes class="bip:countries:1.0">
  <code code="PORL">
    <editdetail attribution="Reuters BIP Coding Group" action="confirmed" date="1997-03-23"/>
  </code>
  <code code="UK">
    <editdetail attribution="Reuters BIP Coding Group" action="confirmed" date="1997-03-23"/>
  </code>
</codes>
<codes class="bip:topics:1.0">
  <code code="GCAT">
    <editdetail attribution="Reuters BIP Coding Group" action="confirmed" date="1997-03-23"/>
  </code>
  <code code="GSPO">
    <editdetail attribution="Reuters BIP Coding Group" action="confirmed" date="1997-03-23"/>
  </code>
</codes>
<dc element="dc.date.created" value="1997-03-23"/>
<dc element="dc.publisher" value="Reuters Holdings Plc"/>
<dc element="dc.date.published" value="1997-03-23"/>
<dc element="dc.source" value="Reuters"/>
<dc element="dc.creator.location" value="FIGUEIRA DA FOZ, Portugal"/>
<dc element="dc.creator.location.country.name" value="PORTUGAL"/>
<dc element="dc.source" value="Reuters"/>
</metadata>
</newsitem>
