<?xml version="1.0" encoding="iso-8859-1" ?>
<newsitem itemid="461858" id="root" date="1997-03-23" xml:lang="en">
<title>SLOVAKIA: NORDIC SKIING-NORDIC COMBINED WORLD CUP RESULTS.</title>
<headline>NORDIC SKIING-NORDIC COMBINED WORLD CUP RESULTS.</headline>
<dateline>STRBSKE PLESO, Slovakia 1997-03-23</dateline>
<text>
<p>Leading</p>
<p>results from the cross country event at the Nordic combined</p>
<p>World Cup finals on Sunday:</p>
<p> 1. Vik Engen Bjarte (Norway)	39 minutes 03.2</p>
<p>seconds/Saturday's ski jumping 236.0 points)</p>
<p> 2. Kenji Ogiwara (Japan)	    39:33.5 (236.0)</p>
<p> 3. Jari Mantila (Finland)	   40:21.7 (248.5)</p>
<p> 4. Samppa Lajunen (Finland)	 40:27.8 (243.0)</p>
<p> 5. Sylvain Guillaume (France)     40:29.1 (230.0)</p>
<p> 6. Ladislav Rygl (Czech Republic) 41:20.3 (230.5)</p>
<p> 7. Hannu Manninen (Finland)	 41:36.4 (229.0)</p>
<p> 8. Myhre Gard (Norway)		41:59.7 (209.0)</p>
<p> 9. Trond Einar Elden (Norway)     42:16.9 (191.0)</p>
<p> 10.Lodwick Todd (U.S.)		42.33.7 (210.0)</p>
<p>Final World Cup standings (after 13 events):</p>
<p> 1. Samppa Lajunen (Finland)	 1,223 points</p>
<p> 2. Jari Mantila (Finland)	   940</p>
<p> 3. Engen Bjarte Vik (Norway)	890</p>
<p> 4. Mario Stecher (Austria)	  884</p>
<p> 5. Hannu Manninen (Finland)	 875</p>
<p> 6. Kenji Ogiwara (Japan)	    750</p>
<p> 7. Halldor Skard (Norway)	   595</p>
<p> 8. Trond Einar Elden (Norway)     581</p>
<p> 9. Waleri Stolyarov (Russia)	507</p>
<p> 10.Knut Tore Apeland (Norway)     497</p>
</text>
<copyright>(c) Reuters Limited 1997</copyright>
<metadata>
<codes class="bip:countries:1.0">
  <code code="NORW">
    <editdetail attribution="Reuters BIP Coding Group" action="confirmed" date="1997-03-23"/>
  </code>
  <code code="SLVAK">
    <editdetail attribution="Reuters BIP Coding Group" action="confirmed" date="1997-03-23"/>
  </code>
</codes>
<codes class="bip:topics:1.0">
  <code code="GCAT">
    <editdetail attribution="Reuters BIP Coding Group" action="confirmed" date="1997-03-23"/>
  </code>
  <code code="GSPO">
    <editdetail attribution="Reuters BIP Coding Group" action="confirmed" date="1997-03-23"/>
  </code>
</codes>
<dc element="dc.date.created" value="1997-03-23"/>
<dc element="dc.publisher" value="Reuters Holdings Plc"/>
<dc element="dc.date.published" value="1997-03-23"/>
<dc element="dc.source" value="Reuters"/>
<dc element="dc.creator.location" value="STRBSKE PLESO, Slovakia"/>
<dc element="dc.creator.location.country.name" value="SLOVAKIA"/>
<dc element="dc.source" value="Reuters"/>
</metadata>
</newsitem>
