<?xml version="1.0" encoding="iso-8859-1" ?>
<newsitem itemid="461977" id="root" date="1997-03-23" xml:lang="en">
<title>UK: UK Labour's tax plan may spark US backlash - paper.</title>
<headline>UK Labour's tax plan may spark US backlash - paper.</headline>
<dateline>LONDON 1997-03-23</dateline>
<text>
<p>U.S. corporations with stakes in UK regional electricity companies are lobbying U.S. politicians to retaliate against any move by a UK Labour government to impose a one-off tax on utilities, the Independent on Sunday reported.</p>
<p>Britain's opposition Labour Party, currently more than 25 percentage points ahead of the ruling Conservatives in opinion polls, plans a &quot;windfall&quot; tax on privatised utilities in order to raise at least three billion pounds ($4.8 billion) for job creation schemes.</p>
<p>If the U.S. power corporations are successful in seeking promises of counter-sanctions in Washington, British companies doing business in the U.S. could suffer, the newspaper said.</p>
<p>The paper said U.S. firms would call for legislation that would extract as much money from UK companies as the windfall tax would cost them.</p>
<p>Texas-based Central &amp; South West Corporation, which owns Seeboard  in the UK, is at the centre of the U.S. lobbying, the paper said.</p>
<p>In an interview on Sunday, Labour finance spokesman Gordon Brown declined to name specific companies which would be liable to pay the windfall tax.</p>
<p>&quot;The companies that are affected and will be considered for this tax are those companies which have been privatised and are licensed and regulated by statute,&quot; Brown told the BBC.</p>
<p>&quot;These are the companies that would be eligible but if they had not made excess profits they would not be liable.&quot;</p>
<p>Brown said the companies liable would be decided within the UK Treasury and the categories and rules governing the tax would be announced in Labour's first budget.</p>
<p>There has been speculation that companies such as British Telecom may be liable to pay the tax.</p>
</text>
<copyright>(c) Reuters Limited 1997</copyright>
<metadata>
<codes class="bip:countries:1.0">
  <code code="UK">
    <editdetail attribution="Reuters BIP Coding Group" action="confirmed" date="1997-03-23"/>
  </code>
  <code code="USA">
    <editdetail attribution="Reuters BIP Coding Group" action="confirmed" date="1997-03-23"/>
  </code>
</codes>
<codes class="bip:industries:1.0">
  <code code="I16000">
    <editdetail attribution="Reuters BIP Coding Group" action="confirmed" date="1997-03-23"/>
  </code>
  <code code="I16100">
    <editdetail attribution="Reuters BIP Coding Group" action="confirmed" date="1997-03-23"/>
  </code>
  <code code="I79020">
    <editdetail attribution="Reuters BIP Coding Group" action="confirmed" date="1997-03-23"/>
  </code>
</codes>
<codes class="bip:topics:1.0">
  <code code="C13">
    <editdetail attribution="Reuters BIP Coding Group" action="confirmed" date="1997-03-23"/>
  </code>
  <code code="C18">
    <editdetail attribution="Reuters BIP Coding Group" action="confirmed" date="1997-03-23"/>
  </code>
  <code code="C183">
    <editdetail attribution="Reuters BIP Coding Group" action="confirmed" date="1997-03-23"/>
  </code>
  <code code="CCAT">
    <editdetail attribution="Reuters BIP Coding Group" action="confirmed" date="1997-03-23"/>
  </code>
  <code code="E21">
    <editdetail attribution="Reuters BIP Coding Group" action="confirmed" date="1997-03-23"/>
  </code>
  <code code="E211">
    <editdetail attribution="Reuters BIP Coding Group" action="confirmed" date="1997-03-23"/>
  </code>
  <code code="ECAT">
    <editdetail attribution="Reuters BIP Coding Group" action="confirmed" date="1997-03-23"/>
  </code>
</codes>
<dc element="dc.date.created" value="1997-03-23"/>
<dc element="dc.publisher" value="Reuters Holdings Plc"/>
<dc element="dc.date.published" value="1997-03-23"/>
<dc element="dc.source" value="Reuters"/>
<dc element="dc.creator.location" value="LONDON"/>
<dc element="dc.creator.location.country.name" value="UK"/>
<dc element="dc.source" value="Reuters"/>
</metadata>
</newsitem>
