<?xml version="1.0" encoding="iso-8859-1" ?>
<newsitem itemid="461920" id="root" date="1997-03-23" xml:lang="en">
<title>USA: NBA BASKETBALL-PIPPEN, JORDAN LEAD WAY AS BULLS MAUL PISTONS.</title>
<headline>NBA BASKETBALL-PIPPEN, JORDAN LEAD WAY AS BULLS MAUL PISTONS.</headline>
<dateline>CHICAGO 1997-03-23</dateline>
<text>
<p>The Detroit Pistons are one of the best teams in the National Basketball Association -- except when they play the Chicago Bulls.</p>
<p>Scottie Pippen had 26 points, despite sitting the entire fourth quarter, and Michael Jordan added 23 as the Bulls romped past Detroit 103-88 for their 19th consecutive win over the Pistons.</p>
<p>Luc Longley had 16 points and Steve Kerr chipped in 15 off the bench for Chicago, which extended its homecourt winning streak to 26 games.</p>
<p>&quot;There is no question they are the best team in our league,&quot; conceded Detroit coach Doug Collins.</p>
<p>&quot;They just thoroughly outplayed us tonight in every facet of the game,&quot; Collins said. &quot;Barring any injury, the Bulls will win their fifth world title.&quot;</p>
<p>Grant Hill had 16 points and Otis Thorpe added 14 for Detroit.</p>
<p>Longley had six points in a 10-2 Chicago spurt to open the fourth quarter. Chicago's lead grew as large as 95-72 after Dennis Rodman nailed a three-pointer with 7:59 to go.</p>
<p>At Washington, Gheorghe Muresan's hook shot over Arvydas Sabonis with 19 seconds remaining lifted the Bullets to a 108-104 victory over the Trail Blazers, ending Portland's 11-game winning streak.</p>
<p>Chris Webber had 26 points, 12 rebounds and seven assists for Washington, winner of five of its last seven games.</p>
<p>Rod Strickland added 22 points and 11 assists and Muresan finished with 17 points for the Bullets. Isaiah Rider scored 28 points and Rasheed Wallace added 25 for Portland.</p>
<p>In Houston, Wesley Person's three-pointer with 1:53 to play snapped a tie and Rex Chapman scored 27 points to lead the Phoenix Suns to a 104-99 victory over the Rockets.</p>
<p>Kevin Johnson added 21 points for the Suns, who have won nine of their last 12 games and moved one-half game ahead of Sacramento for the final Western Conference playoff spot.</p>
<p>Jason Kidd recorded a triple double for Phoenix with 12 points, 10 rebounds and 15 assists. Hakeem Olajuwon led Houston with a game-high 39 points and Clyde Drexler had a triple double with 17 points, 10 rebounds and 11 assists.</p>
<p>In Charlotte, Dell Curry came off the bench to score 21 points and spark a pivotal 6-0 run midway through overtime as the Hornets beat the Golden State Warriors 100-93.</p>
<p>Glen Rice led Charlotte with 24 points and capped the overtime burst with a layup that put the Hornets ahead 97-91 with 68 seconds to go.</p>
<p>Muggsy Bogues added 17 and 12 assists for Charlotte.</p>
<p>Warriors forward Andrew DeClercq sent the game into overtime with a tip-in at the buzzer. Joe Smith led the Warriors with 31 points and 15 rebounds.</p>
<p>In Dallas, Tyrone Hill had 24 points and 18 rebounds and made a layup and free throw in the final 40 seconds to lead the Ceveland Cavaliers to a 75-72 victory over the Mavericks.</p>
<p>Danny Ferry scored 16 points and Bobby Phills added 13 for the Cavs, who occupy the eighth and final playoff spot in the Eastern Conference.</p>
<p>Michael Finley led Dallas with 22 points.</p>
<p>At Utah, Karl Malone scored 20 points and John Stockton added 19 as the Jazz cruised to a 107-94 victory over the Los Angeles Clippers.</p>
<p>Jeff Hornacek contributed 14 for Utah, winner of six in a row and 20 of its last 23 games.</p>
<p>Malik Sealy scored 19 points and Rodney Rogers added 18 for Los Angeles, which trailed by at least 13 points throughout the second half.</p>
<p>In Milwaukee, Armon Gilliam scored 20 points as the Bucks edged the New York Knicks 80-79 despite scoring just 10 points in the fourth quarter.</p>
<p>Vin Baker and Glenn Robinson added 16 points apiece for the Bucks. Patrick Ewing led the Knicks with 25 points.</p>
<p>New York had a chance to win in the closing seconds but Charlie Ward missed a floater in the lane and three or four tip-in attempts failed to drop for the Knicks.</p>
<p>In Seattle, Hersey Hawkins scored 22 points to lead seven players in double figures as the SuperSonics rolled over the Sacramento Kings 113-99.</p>
<p>Seattle All-Star guard Gary Payton was ejected 56 seconds into the second half for arguing a call after scoring just 13 points. But the Sonics' bench picked up the slack, outscoring Sacramento's subs, 53-31.</p>
<p>Mitch Richmond scored 25 points and Mahmoud Abdul-Rauf added 21 for Sacramento.</p>
</text>
<copyright>(c) Reuters Limited 1997</copyright>
<metadata>
<codes class="bip:countries:1.0">
  <code code="USA">
    <editdetail attribution="Reuters BIP Coding Group" action="confirmed" date="1997-03-23"/>
  </code>
</codes>
<codes class="bip:topics:1.0">
  <code code="GCAT">
    <editdetail attribution="Reuters BIP Coding Group" action="confirmed" date="1997-03-23"/>
  </code>
  <code code="GSPO">
    <editdetail attribution="Reuters BIP Coding Group" action="confirmed" date="1997-03-23"/>
  </code>
</codes>
<dc element="dc.date.created" value="1997-03-23"/>
<dc element="dc.publisher" value="Reuters Holdings Plc"/>
<dc element="dc.date.published" value="1997-03-23"/>
<dc element="dc.source" value="Reuters"/>
<dc element="dc.creator.location" value="CHICAGO"/>
<dc element="dc.creator.location.country.name" value="USA"/>
<dc element="dc.source" value="Reuters"/>
</metadata>
</newsitem>
