<?xml version="1.0" encoding="iso-8859-1" ?>
<newsitem itemid="461979" id="root" date="1997-03-23" xml:lang="en">
<title>UK: BAe to challenge GEC for Siemens defence arm-paper.</title>
<headline>BAe to challenge GEC for Siemens defence arm-paper.</headline>
<dateline>LONDON 1997-03-23</dateline>
<text>
<p>British Aerospace looks set to be the biggest challenger to General Electric Company in a likely bid to buy the defence arm of German industrial giant Siemens, The Sunday Times reported.</p>
<p>British Aerospace is an advocate of pan-European defence alliances and has unsuccessfully sought a merger with Daimler Benz for more than a year, the paper said.</p>
<p>GEC remains the favourite to win the bid, however, the paper said.</p>
<p>Siemens, whose defence business has annual sales of almost 600 million pounds ($962.4 million), is likely to swap the arm for GEC's 60 percent stake in telecommunications equipment company GPT, in which Siemens has the remaining 40 percent holding.</p>
<p>--London newsroom +44 171 542 6762 ($ = 0.623 British Pounds)</p>
</text>
<copyright>(c) Reuters Limited 1997</copyright>
<metadata>
<codes class="bip:countries:1.0">
  <code code="GFR">
    <editdetail attribution="Reuters BIP Coding Group" action="confirmed" date="1997-03-23"/>
  </code>
  <code code="UK">
    <editdetail attribution="Reuters BIP Coding Group" action="confirmed" date="1997-03-23"/>
  </code>
</codes>
<codes class="bip:industries:1.0">
  <code code="I34000">
    <editdetail attribution="Reuters BIP Coding Group" action="confirmed" date="1997-03-23"/>
  </code>
  <code code="I34400">
    <editdetail attribution="Reuters BIP Coding Group" action="confirmed" date="1997-03-23"/>
  </code>
  <code code="I36400">
    <editdetail attribution="Reuters BIP Coding Group" action="confirmed" date="1997-03-23"/>
  </code>
</codes>
<codes class="bip:topics:1.0">
  <code code="C18">
    <editdetail attribution="Reuters BIP Coding Group" action="confirmed" date="1997-03-23"/>
  </code>
  <code code="C181">
    <editdetail attribution="Reuters BIP Coding Group" action="confirmed" date="1997-03-23"/>
  </code>
  <code code="CCAT">
    <editdetail attribution="Reuters BIP Coding Group" action="confirmed" date="1997-03-23"/>
  </code>
</codes>
<dc element="dc.date.created" value="1997-03-23"/>
<dc element="dc.publisher" value="Reuters Holdings Plc"/>
<dc element="dc.date.published" value="1997-03-23"/>
<dc element="dc.source" value="Reuters"/>
<dc element="dc.creator.location" value="LONDON"/>
<dc element="dc.creator.location.country.name" value="UK"/>
<dc element="dc.source" value="Reuters"/>
</metadata>
</newsitem>
