<?xml version="1.0" encoding="iso-8859-1" ?>
<newsitem itemid="461931" id="root" date="1997-03-23" xml:lang="en">
<title>SPAIN: SOCCER-SPANISH FIRST DIVISION SUMMARIES.</title>
<headline>SOCCER-SPANISH FIRST DIVISION SUMMARIES.</headline>
<dateline>MADRID 1997-03-23</dateline>
<text>
<p>Summaries of Sunday's Spanish first division soccer matches:</p>
<p> Real Madrid	 2 - Fernando Hierro 36, 43</p>
<p> Zaragoza	    0</p>
<p>HT: 2-0.  Att: 90,000.</p>
<p>- - - - - - -</p>
<p> Barcelona	   4 - Oscar Garcia 57, Ronaldo 67,</p>
<p>			     Juan Pizzi 74, Luis Enrique</p>
<p>			     Martinez 81</p>
<p> Sevilla	     0</p>
<p>HT: 0-0.  Att: 85,000</p>
<p>Red card: Matias Almeyda (S) 63</p>
<p>- - - - - - -</p>
<p> Valladolid	  2 - Benjamin Zarandona 5, 76</p>
<p> Logrones	    1 - Jose Luis Morales 18</p>
<p>HT: 1-1.  Att: 18,000.</p>
<p>- - - - - - -</p>
<p> Athletic Bilbao   2 - Julen Guerrero 37, 45</p>
<p> Compostela	  2 - Dimitry Popov 52, Lyuboslav</p>
<p>			     Penev 84</p>
<p>HT: 2-0.  Att: 35,000.</p>
<p>- - - - - - -</p>
<p> Extremadura	 2 - Jose Pineda 21, Carlos Dure 62</p>
<p> Tenerife	    0</p>
<p>HT: 1-0.  Att: 11,000.</p>
<p>- - - - - - -</p>
<p>Deportivo Coruna  2 - Corentin Martins 30, Renaldo 57</p>
<p>Racing Santander  1 - Chema 44</p>
<p>HT: 1-1.  Att: 26,000.</p>
<p>- - - - - - -</p>
<p> Hercules	    1 - Diego Lopez 30</p>
<p> Espanyol	    2 - Luis Cembranos 75, Tamudo 90</p>
<p>HT: 1-0.  Att: 20,000</p>
<p>Red cards: Ruffaiz (H) 35</p>
<p>		   Victor Torres Mestre (E) 76.</p>
<p>- - - - - - -</p>
<p> Rayo Vallecano    1 - Diego Klimowicz 60</p>
<p> Atletico Madrid   2 - Daniel Prodan 85, Milinko Pantic</p>
<p>			     88 pen</p>
<p>HT: 0-0.  Att: 14,000.</p>
<p>- - - - - - -</p>
<p>played Saturday:</p>
<p> Real Betis	  4 - Pier Cherubino 22, Alfonso Perez</p>
<p>			     55, Nenad Bjelica 88, Finidi</p>
<p>			     George 92</p>
<p> Oviedo		0</p>
<p>    HT: 1-0.   Att: 39,000</p>
<p>- - - - - - -</p>
<p> Celta Vigo	  1 - Angel Merino 31</p>
<p> Real Socieadad    1 - Inigo Idiakez 14</p>
<p>    HT: 1-1.   Att: 15,000</p>
<p>Red card: Loren Juarros (RS)</p>
</text>
<copyright>(c) Reuters Limited 1997</copyright>
<metadata>
<codes class="bip:countries:1.0">
  <code code="SPAIN">
    <editdetail attribution="Reuters BIP Coding Group" action="confirmed" date="1997-03-23"/>
  </code>
</codes>
<codes class="bip:topics:1.0">
  <code code="GCAT">
    <editdetail attribution="Reuters BIP Coding Group" action="confirmed" date="1997-03-23"/>
  </code>
  <code code="GSPO">
    <editdetail attribution="Reuters BIP Coding Group" action="confirmed" date="1997-03-23"/>
  </code>
</codes>
<dc element="dc.date.created" value="1997-03-23"/>
<dc element="dc.publisher" value="Reuters Holdings Plc"/>
<dc element="dc.date.published" value="1997-03-23"/>
<dc element="dc.source" value="Reuters"/>
<dc element="dc.creator.location" value="MADRID"/>
<dc element="dc.creator.location.country.name" value="SPAIN"/>
<dc element="dc.source" value="Reuters"/>
</metadata>
</newsitem>
