<?xml version="1.0" encoding="iso-8859-1" ?>
<newsitem itemid="461916" id="root" date="1997-03-23" xml:lang="en">
<title>HONG KONG: RUGBY UNION-FINAL DAY'S RESULTS IN WORLD CUP SEVENS.</title>
<headline>RUGBY UNION-FINAL DAY'S RESULTS IN WORLD CUP SEVENS.</headline>
<dateline>HONG KONG 1997-03-23</dateline>
<text>
<p>Quarter-final results in the World Cup Sevens rugby union tournament on Sunday.</p>
<p>Fiji 56  South Korea 0</p>
<p>Western Samoa 21  England 5</p>
<p>South Africa 19  France 14</p>
<p>New Zealand 38  Australia 12</p>
<p>Semifinals</p>
<p>Fiji 38 Western Samoa 14</p>
<p>South Africa 31 New Zealand 7</p>
<p>Final Fiji 24 South Africa 21 (7-14)</p>
<p>Scorers:</p>
<p>Fiji - Tries: Marika Vunibaka 8th min, Luke Erenavula 12, Lemeki Koroi 14, 15. Conversions: Waisale Serevi 8, 12</p>
<p>South Africa - Tries: Andre Venter 2, 4, Stephen Brink 19. Conversions: Joost van der Westhuizen 2, 4, Brink 19</p>
</text>
<copyright>(c) Reuters Limited 1997</copyright>
<metadata>
<codes class="bip:countries:1.0">
  <code code="AUSTR">
    <editdetail attribution="Reuters BIP Coding Group" action="confirmed" date="1997-03-23"/>
  </code>
  <code code="FIJI">
    <editdetail attribution="Reuters BIP Coding Group" action="confirmed" date="1997-03-23"/>
  </code>
  <code code="FRA">
    <editdetail attribution="Reuters BIP Coding Group" action="confirmed" date="1997-03-23"/>
  </code>
  <code code="HKONG">
    <editdetail attribution="Reuters BIP Coding Group" action="confirmed" date="1997-03-23"/>
  </code>
  <code code="NZ">
    <editdetail attribution="Reuters BIP Coding Group" action="confirmed" date="1997-03-23"/>
  </code>
  <code code="SAFR">
    <editdetail attribution="Reuters BIP Coding Group" action="confirmed" date="1997-03-23"/>
  </code>
  <code code="SKOREA">
    <editdetail attribution="Reuters BIP Coding Group" action="confirmed" date="1997-03-23"/>
  </code>
  <code code="UK">
    <editdetail attribution="Reuters BIP Coding Group" action="confirmed" date="1997-03-23"/>
  </code>
  <code code="WSOMOA">
    <editdetail attribution="Reuters BIP Coding Group" action="confirmed" date="1997-03-23"/>
  </code>
</codes>
<codes class="bip:topics:1.0">
  <code code="GCAT">
    <editdetail attribution="Reuters BIP Coding Group" action="confirmed" date="1997-03-23"/>
  </code>
  <code code="GSPO">
    <editdetail attribution="Reuters BIP Coding Group" action="confirmed" date="1997-03-23"/>
  </code>
</codes>
<dc element="dc.date.created" value="1997-03-23"/>
<dc element="dc.publisher" value="Reuters Holdings Plc"/>
<dc element="dc.date.published" value="1997-03-23"/>
<dc element="dc.source" value="Reuters"/>
<dc element="dc.creator.location" value="HONG KONG"/>
<dc element="dc.creator.location.country.name" value="HONG KONG"/>
<dc element="dc.source" value="Reuters"/>
</metadata>
</newsitem>
