<?xml version="1.0" encoding="iso-8859-1" ?>
<newsitem itemid="461983" id="root" date="1997-03-23" xml:lang="en">
<title>UK: Britain's racist, homophobe middle class speak out.</title>
<headline>Britain's racist, homophobe middle class speak out.</headline>
<byline>Helen Smith</byline>
<dateline>LONDON 1997-03-23</dateline>
<text>
<p>Britain's middle classes are racist, homophobic and have nothing but contempt for the poor, but they are far too polite to say so.</p>
<p>At least that seems to be the message from a controversial television documentary to be screened on Monday, which will show a group of &quot;typical&quot; English people being untypically forthright with the aid of several bottles of wine.</p>
<p>A &quot;fly on the wall camera&quot; eavesdrops on eight dinner guests as they declare that &quot;gays are freaks of nature&quot; and &quot;Africans always seem to have their hands out.&quot; &quot;An equal society is not one I think I would love to see in my lifetime,&quot; says Catherine Goddard, a 31-year-old real estate agent.</p>
<p>&quot;We have to stop people coming in just because they've got a British passport,&quot; says another guest, Bill Vaudrey, 41, an unemployed businessman.</p>
<p>And so the conversation continued as the guests at a country house dinner party enjoyed Prawn St Jacques, Pork with Calvados, three-chocolate terrine and vast quantities of wine.</p>
<p>Snippets of the film were revealed in advance to the press, provoking indignation up and down the country. The eight had become &quot;probably the most celebrated bigots in the country,&quot; said the Sunday Telegraph.</p>
<p>But wait. It seemed the greatest shock was not that the guests held such extreme views, but that they were happy to air them in public.</p>
<p>They had volunteered to take part in the film by answering a newspaper advertisement.</p>
<p>Columnist Sir Peregrine Worsthorne was indignant that the guests had allowed their privacy to be invaded. &quot;An Englishman's dining room should be his castle where he and his guests can say what they damned well like,&quot; he said.</p>
<p>The guests themselves were unrepentant, insisting at a hastily-called news conference in their local public house that &quot;the majority of people in this country think this way.&quot;</p>
<p>And while this is firmly denied in most of Britain's polite middle class society, they seemed to have touched a chord.</p>
<p>Just a few days earlier, Prime Minister John Major had been forced to condemn one of his Conservative members of parliament for talking of &quot;black bastards&quot; and describing his female Labour Party opponent as having &quot;three bastard children&quot;.</p>
<p>But David Evans, who made the remarks in an interview with schoolchildren, won applause from Britain's right wing press and the backing of his local party, which issued a statement describing him as &quot;an excellent MP.&quot;</p>
<p>&quot;Mr Evans may not have spoken for England but he at least spoke for a very substantial portion of it, whose views are scarcely heard nowadays but are by no means contemptible,&quot; said the Daily Telegraph in an editorial.</p>
<p>According to columnist Suzanne Moore, Evans' remarks and the guests at &quot;The Dinner Party&quot; were saying what the British stiff upper lip has been concealing for a long time.</p>
<p>&quot;As the 'secret racism' of so many respectable players is exposed, then white people dutifully feign horror at a secret that black people have been telling us about for a long time, if we had been listening to them,&quot; Moore wrote in the Independent newspaper.</p>
</text>
<copyright>(c) Reuters Limited 1997</copyright>
<metadata>
<codes class="bip:countries:1.0">
  <code code="UK">
    <editdetail attribution="Reuters BIP Coding Group" action="confirmed" date="1997-03-23"/>
  </code>
</codes>
<codes class="bip:topics:1.0">
  <code code="GCAT">
    <editdetail attribution="Reuters BIP Coding Group" action="confirmed" date="1997-03-23"/>
  </code>
  <code code="GENT">
    <editdetail attribution="Reuters BIP Coding Group" action="confirmed" date="1997-03-23"/>
  </code>
  <code code="GPOL">
    <editdetail attribution="Reuters BIP Coding Group" action="confirmed" date="1997-03-23"/>
  </code>
</codes>
<dc element="dc.date.created" value="1997-03-23"/>
<dc element="dc.publisher" value="Reuters Holdings Plc"/>
<dc element="dc.date.published" value="1997-03-23"/>
<dc element="dc.source" value="Reuters"/>
<dc element="dc.creator.location" value="LONDON"/>
<dc element="dc.creator.location.country.name" value="UK"/>
<dc element="dc.source" value="Reuters"/>
</metadata>
</newsitem>
