<?xml version="1.0" encoding="iso-8859-1" ?>
<newsitem itemid="461903" id="root" date="1997-03-23" xml:lang="en">
<title>AUSTRALIA: MOTOR CYCLING-KOCINSKI IN PERFECT START DESPITE WEATHER.</title>
<headline>MOTOR CYCLING-KOCINSKI IN PERFECT START DESPITE WEATHER.</headline>
<dateline>MELBOURNE, Australia 1997-03-23</dateline>
<text>
<p>John Kocinski, riding for his new team Honda, got a perfect start to this year's world superbike championships on Sunday despite some atrocious conditions.</p>
<p>The American finished the first round in Phillip Island in top spot with a one-point lead over Carl Fogarty of Britain.</p>
<p>Kocinski overcame extremely wet and oily conditions to win the opening race, coming home more than 15 seconds ahead of Fogarty.</p>
<p>&quot;I can't think of any worse conditions I've raced in with oil and water on the track but I stayed focused and am pleased to win my first race for Honda,&quot; said Kocinski.</p>
<p>The weather cleared for the second race but this time Kocinski came in seventh, a long way behind the winner -- his Honda team mate Aaron Slight of New Zealand, who had fallen in the first race. Fogarty was fourth.</p>
<p>The next round is San Marino on April 20.</p>
</text>
<copyright>(c) Reuters Limited 1997</copyright>
<metadata>
<codes class="bip:countries:1.0">
  <code code="AUSTR">
    <editdetail attribution="Reuters BIP Coding Group" action="confirmed" date="1997-03-23"/>
  </code>
  <code code="UK">
    <editdetail attribution="Reuters BIP Coding Group" action="confirmed" date="1997-03-23"/>
  </code>
  <code code="USA">
    <editdetail attribution="Reuters BIP Coding Group" action="confirmed" date="1997-03-23"/>
  </code>
</codes>
<codes class="bip:topics:1.0">
  <code code="GCAT">
    <editdetail attribution="Reuters BIP Coding Group" action="confirmed" date="1997-03-23"/>
  </code>
  <code code="GSPO">
    <editdetail attribution="Reuters BIP Coding Group" action="confirmed" date="1997-03-23"/>
  </code>
</codes>
<dc element="dc.date.created" value="1997-03-23"/>
<dc element="dc.publisher" value="Reuters Holdings Plc"/>
<dc element="dc.date.published" value="1997-03-23"/>
<dc element="dc.source" value="Reuters"/>
<dc element="dc.creator.location" value="MELBOURNE, Australia"/>
<dc element="dc.creator.location.country.name" value="AUSTRALIA"/>
<dc element="dc.source" value="Reuters"/>
</metadata>
</newsitem>
