<?xml version="1.0" encoding="iso-8859-1" ?>
<newsitem itemid="461960" id="root" date="1997-03-23" xml:lang="en">
<title>ITALY: ATHLETICS-WORLD CROSS COUNTRY CHAMPIONSHIPS RESULTS.</title>
<headline>ATHLETICS-WORLD CROSS COUNTRY CHAMPIONSHIPS RESULTS.</headline>
<dateline>TURIN, Italy 1997-03-23</dateline>
<text>
<p>Leading results from the</p>
<p>world cross country championships on Sunday:</p>
<p>Junior women (4.089 km)</p>
<p> 1. Rose Kosgei (Kenya)	14 minutes 58 seconds</p>
<p> 2. Prisca Jepleting (Kenya)	   14:59</p>
<p> 3. Ayelech Worku (Ethiopia)	   15:02</p>
<p> 4. Edna Kiplagat (Kenya)		15:10</p>
<p> 5. Zenebech Tadese (Ethiopia)	 15:11</p>
<p> 6. Kei Satomura (Japan)		 15:12</p>
<p> 7. Emiko Kojima (Japan)		 15:12</p>
<p> 8. Caroline Tarus (Kenya)	     15:14</p>
<p> 9. Jepchumba Kiptum (Kenya)	   15:15</p>
<p> 10.Agnes Kiprop (Kenya)		 15:15</p>
<p>Junior women's team:</p>
<p> 1. Kenya	     15 points</p>
<p> 2. Japan	     38</p>
<p> 3. Ethiopia	  39</p>
<p> 4. Morocco	  107</p>
<p> 5. South Africa   141</p>
<p> 6. Spain	    150</p>
<p>Women's senior event (6.7 kms)</p>
<p> 1. Derartu Tulu (Ethiopia)	   20 minutes 53 seconds</p>
<p> 2. Paula Radcliffe (Britain)		   20:55</p>
<p> 3. Gete Wami (Ethiopia)			  23:00</p>
<p> 4. Julia Vaquero (Spain)			 23:01</p>
<p> 5. Sally Barsosio (Kenya)			23:05</p>
<p> 6. Merima Denboba (Ethiopia)		   23:18</p>
<p> 7. Catherina McKiernan (Ireland)	     23:20</p>
<p> 8. Naomi Mugo (Kenya)			    23:23</p>
<p> 9. Sonia O'Sullivan (Ireland)		  23:25</p>
<p> 10. Jane Omoro (Kenya)			   23:29</p>
<p>Women's team standings:</p>
<p> 1. Ethiopia	  24 points</p>
<p> 2. Kenya	     34</p>
<p> 3. Ireland	   64</p>
<p> 4. Britain	   98</p>
<p> 5. Japan	    100</p>
<p>6. United States  128</p>
<p>Men's senior event (12.333 km)</p>
<p> 1. Paul Tergat (Kenya)	  35 minutes 11 seconds</p>
<p> 2. Salah Hissou (Morocco)		 35:13</p>
<p> 3. Thomas Nyariki (Kenya)		 35:20</p>
<p> 4. Paul Koech (Kenya)		     35:23</p>
<p> 5. Mohammed Mourit (Belgium)	    35:35</p>
<p> 6. Bernard Barmasai (Kenya)	     35:35</p>
<p> 7. Joseph Kibor (Kenya)		   35:37</p>
<p> 8. Ismail Sghir (Morocco)		 35:56</p>
<p> 9. Julio Rey (Spain)			35:57</p>
<p> 10.Khalid Boulami (Morocco)	     35:59</p>
<p>Men's team standings</p>
<p> 1. Kenya		51 points</p>
<p> 2. Morocco	    70</p>
<p> 3. Ethiopia	  125</p>
<p> 4. Portugal	  257</p>
<p> 5. Spain	     271</p>
<p> 6. Britain	   319</p>
<p>Final World Cross Challenge standings:</p>
<p>Men</p>
<p> 1. Paul Tergat (Kenya)	     113 points</p>
<p> 2. Beranrd Barmasai (Kenya)	102</p>
<p> 3. Jon Brown (Britain)		83</p>
<p> 4. Habte Jifar (Ethiopia)	   80</p>
<p> 5. Paulo Guerra (Portugal)	  80</p>
<p> 6. Thomas Nyariki (Kenya)	   74</p>
<p>Women</p>
<p> 1. Gete Wami (Ethiopia)	    132</p>
<p> 2. Elena Fidatov (Romania)	 118</p>
<p> 3. Paula Radcliffe (Britain)	99</p>
<p> 4. Julia Vaquero (Spain)	    91</p>
<p> 5. Annemari Sandell (Finland)     78</p>
<p> 6. Lucy Elliott (Briatin)	   72</p>
</text>
<copyright>(c) Reuters Limited 1997</copyright>
<metadata>
<codes class="bip:countries:1.0">
  <code code="ITALY">
    <editdetail attribution="Reuters BIP Coding Group" action="confirmed" date="1997-03-23"/>
  </code>
  <code code="KENYA">
    <editdetail attribution="Reuters BIP Coding Group" action="confirmed" date="1997-03-23"/>
  </code>
</codes>
<codes class="bip:topics:1.0">
  <code code="GCAT">
    <editdetail attribution="Reuters BIP Coding Group" action="confirmed" date="1997-03-23"/>
  </code>
  <code code="GSPO">
    <editdetail attribution="Reuters BIP Coding Group" action="confirmed" date="1997-03-23"/>
  </code>
</codes>
<dc element="dc.date.created" value="1997-03-23"/>
<dc element="dc.publisher" value="Reuters Holdings Plc"/>
<dc element="dc.date.published" value="1997-03-23"/>
<dc element="dc.source" value="Reuters"/>
<dc element="dc.creator.location" value="TURIN, Italy"/>
<dc element="dc.creator.location.country.name" value="ITALY"/>
<dc element="dc.source" value="Reuters"/>
</metadata>
</newsitem>
