<?xml version="1.0" encoding="iso-8859-1" ?>
<newsitem itemid="461973" id="root" date="1997-03-23" xml:lang="en">
<title>UK: European vegetable  oils end lower as Chicago dips.</title>
<headline>European vegetable  oils end lower as Chicago dips.</headline>
<dateline>LONDON 1997-03-21</dateline>
<text>
<p>European vegetable oil prices closed lower on Friday afternoon following a dip in Chicago futures.</p>
<p>Chicago prices came under pressure from news that Taiwan had passed at its soybean tenders and from a less-than-expected weekly crush figure.</p>
<p>Taiwan passed owing to a cutback in animal feed demand following an outbreak of foot and mouth disease and a ban on pork exports.</p>
<p>Earlier in the week Taiwan rejected US soybeans as too expensive and had put back its tender on Thursday to Friday after removing the US from the specification as a supplier owing to price.</p>
<p>Ivan Wong's latest crop report pressured Malaysian palm oil futures, but had little impact in Europe.</p>
<p>&quot;On the whole the market tends to react only to the official figures,&quot; said one trader.</p>
<p>Malaysian private forecaster Ivan Wong estimated local palm oil output in March at 630,000 tonnes, 25 percent up over February.</p>
<p>Wong put palm oil stocks for end-March at 710,000 tonnes, compared to the actual volume of 722,993 tonnes noted by the Palm Oil Registration and Licensing Authority (PORLA) at end-January.</p>
<p>Exports were estimated at 545,000 tonnes against February's 376,885 tonnes.</p>
<p>At the close crude palm oil sellers were $5 down while products were $2.50 to $5 lower with no fresh business reported during the afternoon.</p>
<p>Coconut oil closed unchanged to $2.50 down after Mar/Apr traded at $730 and Apr/May at 722.50 a tonne cif.</p>
<p>Palmkernel oil was unchanged and neglected.</p>
<p>Dutch soy oil finished with sellers 0.50 to 1.50 guilders down after prompt traded at 99.75 and Apr at 100.50 guilders a 100 kilos fob ex-mill.</p>
<p>Dutch/EU rape oil closed 0.50 guilders lower after Aug/Oct fetched 101.25 and 101 guilders a 100 kilos in outright trade while May/Jul traded at 102 guilders in a switch with Nov/Jan at 102.25 guilders.</p>
<p>--Jim Ballantyne, London Newsroom, +44 171 542 8062</p>
</text>
<copyright>(c) Reuters Limited 1997</copyright>
<metadata>
<codes class="bip:countries:1.0">
  <code code="TAIWAN">
    <editdetail attribution="Reuters BIP Coding Group" action="confirmed" date="1997-03-23"/>
  </code>
  <code code="UK">
    <editdetail attribution="Reuters BIP Coding Group" action="confirmed" date="1997-03-23"/>
  </code>
</codes>
<codes class="bip:topics:1.0">
  <code code="M14">
    <editdetail attribution="Reuters BIP Coding Group" action="confirmed" date="1997-03-23"/>
  </code>
  <code code="M141">
    <editdetail attribution="Reuters BIP Coding Group" action="confirmed" date="1997-03-23"/>
  </code>
  <code code="MCAT">
    <editdetail attribution="Reuters BIP Coding Group" action="confirmed" date="1997-03-23"/>
  </code>
</codes>
<dc element="dc.date.created" value="1997-03-21"/>
<dc element="dc.publisher" value="Reuters Holdings Plc"/>
<dc element="dc.date.published" value="1997-03-23"/>
<dc element="dc.source" value="Reuters"/>
<dc element="dc.creator.location" value="LONDON"/>
<dc element="dc.creator.location.country.name" value="UK"/>
<dc element="dc.source" value="Reuters"/>
</metadata>
</newsitem>
