<?xml version="1.0" encoding="iso-8859-1" ?>
<newsitem itemid="461923" id="root" date="1997-03-23" xml:lang="en">
<title>USA: NBA BASKETBALL-SATURDAY'S RESULTS.</title>
<headline>NBA BASKETBALL-SATURDAY'S RESULTS.</headline>
<dateline>NEW YORK 1997-03-23</dateline>
<text>
<p>Results of National</p>
<p>Basketball Association games on Saturday (home team in CAPS):</p>
<p> CHARLOTTE	   100   Golden State     93 (OT)</p>
<p> WASHINGTON	  108   Portland	  104</p>
<p> CHICAGO	     103   Detroit	    88</p>
<p> Cleveland	    75   DALLAS	     72</p>
<p> Phoenix	     104   HOUSTON	    99</p>
<p> MILWAUKEE	    80   New York	   79</p>
<p> UTAH		  107   LA Clippers	94</p>
<p> SEATTLE	     113   Sacramento	 99</p>
</text>
<copyright>(c) Reuters Limited 1997</copyright>
<metadata>
<codes class="bip:countries:1.0">
  <code code="USA">
    <editdetail attribution="Reuters BIP Coding Group" action="confirmed" date="1997-03-23"/>
  </code>
</codes>
<codes class="bip:topics:1.0">
  <code code="GCAT">
    <editdetail attribution="Reuters BIP Coding Group" action="confirmed" date="1997-03-23"/>
  </code>
  <code code="GSPO">
    <editdetail attribution="Reuters BIP Coding Group" action="confirmed" date="1997-03-23"/>
  </code>
</codes>
<dc element="dc.date.created" value="1997-03-23"/>
<dc element="dc.publisher" value="Reuters Holdings Plc"/>
<dc element="dc.date.published" value="1997-03-23"/>
<dc element="dc.source" value="Reuters"/>
<dc element="dc.creator.location" value="NEW YORK"/>
<dc element="dc.creator.location.country.name" value="USA"/>
<dc element="dc.source" value="Reuters"/>
</metadata>
</newsitem>
