<?xml version="1.0" encoding="iso-8859-1" ?>
<newsitem itemid="461952" id="root" date="1997-03-23" xml:lang="en">
<title>ITALY: ATHLETICS-TERGAT STAYS KING OF CROSS-COUNTRY.</title>
<headline>ATHLETICS-TERGAT STAYS KING OF CROSS-COUNTRY.</headline>
<dateline>TURIN, Italy 1997-03-23</dateline>
<text>
<p>Kenyan Paul Tergat completed a cross-country world championship hat-trick on Sunday as he outsprinted Morocco's Salah Hissou over the final 500 metres.</p>
<p>Ethiopia's Derartu Tulu regained the women's crown she won two years ago. Both winners collected $40,000.</p>
<p>&quot;This was the hardest of my three victories.&quot; said Kenyan Air Force sergeant Tergat. He covered the 12.333 km course in 35 minutes 11 seconds. &quot;Possibly the toughest race I have ever had.&quot;</p>
<p>His compartiot Thomas Nyariki led for much of the race, pulling away after just two kilometres. At one stage he had an advantage of 13 seconds but with about three kilometres to go Hissou and Tergat started to close the gap.</p>
<p>The pair overtook the flagging Nyariki in the final kilometre before embarking on a fierce duel for victory.</p>
<p>Hissou finished second in 35:13 while Nyariki hung on for third in 35:20.</p>
<p>Hissou, the 10,000 metres world record holder, criticised the Kenyan tactics of trying to intimidate him during the race by crowding around him.</p>
<p>&quot;I had to fight against a group of Kenyans. That's why I started to chase after Nyariki when he had the lead,&quot; said Hissou.</p>
<p>&quot;If Tergat followed me I knew I would then only have to fight one Kenyan rather than four.&quot;</p>
<p>The incident was just the latest in a long rivalry between Kenyan and Moroccan distance runners.</p>
<p>In the past, Morocco's Khalid Skah has accused Kenyan runners of using similar tactics.</p>
<p>Skah had an infamous battle with Kenya's Richard Chelimo over 10,000 metres at the 1992 Olympics when Hammou Boutayeb, a lapped Moroccan runner, speeded up to assist Skah and impede Chelimo.</p>
<p>Kenya, who had five men in the top seven on Sunday, won the team title for the 12th successive year.</p>
<p>Tulu won the women's 6.7 km race in 20:53. Although her two seconds margin of victory was the same as Tergat's, her success was achieved in a quite different way.</p>
<p>Briton Paula Radcliffe and defending champion Gete Wami of Ethiopia seemed to be clear of the pack and fighting between themselves for the gold medal on the final circuit around Turin's Parco Del Valentino.</p>
<p>But Tulu produced a late charge to consign her two opponents to silver and bronze respectively.</p>
<p>&quot;I have not done any speed work so I knew I was going to have to build up gradually,&quot; Tulu explained.</p>
<p>&quot;I did not know whether I could catch them in time. Winning here makes up a little bit for last year in Cape Town when I expected to win but lost a shoe and finished fourth.&quot;</p>
<p>Radcliffe finished in 20:55 with Wami a further five seconds back.</p>
<p>Tulu added to her medal haul by leading Ethiopia to the women's team title.</p>
</text>
<copyright>(c) Reuters Limited 1997</copyright>
<metadata>
<codes class="bip:countries:1.0">
  <code code="ETHPA">
    <editdetail attribution="Reuters BIP Coding Group" action="confirmed" date="1997-03-23"/>
  </code>
  <code code="ITALY">
    <editdetail attribution="Reuters BIP Coding Group" action="confirmed" date="1997-03-23"/>
  </code>
  <code code="KENYA">
    <editdetail attribution="Reuters BIP Coding Group" action="confirmed" date="1997-03-23"/>
  </code>
  <code code="MOROC">
    <editdetail attribution="Reuters BIP Coding Group" action="confirmed" date="1997-03-23"/>
  </code>
</codes>
<codes class="bip:topics:1.0">
  <code code="GCAT">
    <editdetail attribution="Reuters BIP Coding Group" action="confirmed" date="1997-03-23"/>
  </code>
  <code code="GSPO">
    <editdetail attribution="Reuters BIP Coding Group" action="confirmed" date="1997-03-23"/>
  </code>
</codes>
<dc element="dc.date.created" value="1997-03-23"/>
<dc element="dc.publisher" value="Reuters Holdings Plc"/>
<dc element="dc.date.published" value="1997-03-23"/>
<dc element="dc.source" value="Reuters"/>
<dc element="dc.creator.location" value="TURIN, Italy"/>
<dc element="dc.creator.location.country.name" value="ITALY"/>
<dc element="dc.source" value="Reuters"/>
</metadata>
</newsitem>
