<?xml version="1.0" encoding="iso-8859-1" ?>
<newsitem itemid="461930" id="root" date="1997-03-23" xml:lang="en">
<title>SPAIN: SOCCER-LEADING SCORERS IN THE SPANISH FIRST DIVISION.</title>
<headline>SOCCER-LEADING SCORERS IN THE SPANISH FIRST DIVISION.</headline>
<dateline>MADRID 1997-03-23</dateline>
<text>
<p>Leading goalscorers in the</p>
<p>Spanish first division after Sunday's games:</p>
<p>23 - Ronaldo (Barcelona)</p>
<p>22 - Alfonso Perez (Real Betis)</p>
<p>19 - Davor Suker (Real Madrid)</p>
<p>16 - Raul Gonzalez (Real Madrid)</p>
<p>14 - Oli Alvarez (Oviedo)</p>
<p>13 - Jose Ziganda (Athletic Bilbao), Rivaldo</p>
<p>(Deportivo Coruna), Julen Guerrero</p>
<p>(Athletic Bilbao), Luis Enrique Martinez</p>
<p>(Barcelona), Corentin Martins (Deportivo Coruna)</p>
<p>12 - Predrag Mijatovic (Real Madrid), Juan Eduardo</p>
<p>Esnaider (Atletico Madrid), Victor Fernandez</p>
<p>(Valladolid)</p>
</text>
<copyright>(c) Reuters Limited 1997</copyright>
<metadata>
<codes class="bip:countries:1.0">
  <code code="SPAIN">
    <editdetail attribution="Reuters BIP Coding Group" action="confirmed" date="1997-03-23"/>
  </code>
</codes>
<codes class="bip:topics:1.0">
  <code code="GCAT">
    <editdetail attribution="Reuters BIP Coding Group" action="confirmed" date="1997-03-23"/>
  </code>
  <code code="GSPO">
    <editdetail attribution="Reuters BIP Coding Group" action="confirmed" date="1997-03-23"/>
  </code>
</codes>
<dc element="dc.date.created" value="1997-03-23"/>
<dc element="dc.publisher" value="Reuters Holdings Plc"/>
<dc element="dc.date.published" value="1997-03-23"/>
<dc element="dc.source" value="Reuters"/>
<dc element="dc.creator.location" value="MADRID"/>
<dc element="dc.creator.location.country.name" value="SPAIN"/>
<dc element="dc.source" value="Reuters"/>
</metadata>
</newsitem>
