<?xml version="1.0" encoding="iso-8859-1" ?>
<newsitem itemid="461925" id="root" date="1997-03-23" xml:lang="en">
<title>ITALY: SOCCER-ITALIAN FIRST DIVISION SCORERS.</title>
<headline>SOCCER-ITALIAN FIRST DIVISION SCORERS.</headline>
<dateline>ROME 1997-03-23</dateline>
<text>
<p>Leading scorers in Italian first</p>
<p>division after matches on Sunday:</p>
<p>18 - Filippo Inzaghi (Atalanta), Vincenzo Montella (Sampdoria)</p>
<p>14 - Abel Balbo (Roma)</p>
<p>13 - Roberto Mancini</p>
<p>12 - Marcelo Otero (Vicenza)</p>
<p>11 - Gabriel Batistuta (Fiorentina), Youri Djorkaeff (Inter),</p>
<p>Sandro Tovalieri (Cagliari)</p>
<p>10 - Enrico Chiesa (Parma), Giuseppe Signori (Lazio), George</p>
<p>Weah (Milan)</p>
<p>9 - Igor Kolyvanov (Bologna), Filippo Maniero (Verona), Marco</p>
<p>Negri (Perugia), Paolo Poggi (Udinese)</p>
<p>8 - Alessandro Del Piero and Michele Padovano (both Juventus),</p>
<p>Pasquale Luiso (Piacenza)</p>
<p>7 - Alfredo Aglietti (Napoli), Marco Amoroso and Oliver</p>
<p>Bierhoff (both Udinese), Roberto Muzzi (Cagliari), Anselmo</p>
<p>Robbiati (Fiorentina)</p>
<p>6 - Demetrio Albertini (Milan), Marco Carparelli (Sampdoria),</p>
<p>Roberto Murgita (Vicenza), Luis Oliveira (Fiorentina)</p>
<p>5 - Kennet Andersson (Bologna), Marco Branca and Maurizio Ganz</p>
<p>(Inter), Nicola Caccia, Andre Cruz and Fabio Pecchia (all</p>
<p>Napoli), Giampiero Maini (Vicenza), Domenico Morfeo (Atalanta),</p>
<p>Pierluigi Orlandini (Verona), Igor Simutenkov (Reggiana)</p>
</text>
<copyright>(c) Reuters Limited 1997</copyright>
<metadata>
<codes class="bip:countries:1.0">
  <code code="ITALY">
    <editdetail attribution="Reuters BIP Coding Group" action="confirmed" date="1997-03-23"/>
  </code>
</codes>
<codes class="bip:topics:1.0">
  <code code="GCAT">
    <editdetail attribution="Reuters BIP Coding Group" action="confirmed" date="1997-03-23"/>
  </code>
  <code code="GSPO">
    <editdetail attribution="Reuters BIP Coding Group" action="confirmed" date="1997-03-23"/>
  </code>
</codes>
<dc element="dc.date.created" value="1997-03-23"/>
<dc element="dc.publisher" value="Reuters Holdings Plc"/>
<dc element="dc.date.published" value="1997-03-23"/>
<dc element="dc.source" value="Reuters"/>
<dc element="dc.creator.location" value="ROME"/>
<dc element="dc.creator.location.country.name" value="ITALY"/>
<dc element="dc.source" value="Reuters"/>
</metadata>
</newsitem>
