<?xml version="1.0" encoding="iso-8859-1" ?>
<newsitem itemid="461907" id="root" date="1997-03-23" xml:lang="en">
<title>AUSTRALIA: RUGBY LEAGUE-AUSTRALIAN SUPER LEAGUE STANDINGS/RESULTS.</title>
<headline>RUGBY LEAGUE-AUSTRALIAN SUPER LEAGUE STANDINGS/RESULTS.</headline>
<dateline>SYDNEY 1997-03-23</dateline>
<text>
<p>Results of Australian Super</p>
<p>League rugby league matches played at the weekend.</p>
<p>Played Sunday:</p>
<p> Perth		34  Canterbury	   6</p>
<p> Penrith	    38  Cronulla	    10</p>
<p>Played Saturday:</p>
<p>Hunter Mariners  38  North Queensland  10</p>
<p>Played Friday:</p>
<p> Auckland	   12  Adelaide	    16</p>
<p>Standings (tabulate under played, won, drawn,</p>
<p>lost, points for, points against, total points):</p>
<p> Penrith	     4    4    0    0   120    62     8</p>
<p> Brisbane	    3    3    0    0    68    30     6</p>
<p> Cronulla	    4    3    0    1    83    62     6</p>
<p> Perth		 4    2    0    2    92    82     4</p>
<p> Canterbury	  4    2    0    2    76    89     4</p>
<p> Adelaide	    4    2    0    2    54    72     4</p>
<p> Hunter Mariners   4    1    0    3    76    58     2</p>
<p> North Queensland  4    1    0    3    66    95     2</p>
<p> Auckland	    4    1    0    3    40    78     2</p>
<p> Canberra	    3    0    0    3    50    97     0</p>
</text>
<copyright>(c) Reuters Limited 1997</copyright>
<metadata>
<codes class="bip:countries:1.0">
  <code code="AUSTR">
    <editdetail attribution="Reuters BIP Coding Group" action="confirmed" date="1997-03-23"/>
  </code>
  <code code="NZ">
    <editdetail attribution="Reuters BIP Coding Group" action="confirmed" date="1997-03-23"/>
  </code>
</codes>
<codes class="bip:topics:1.0">
  <code code="GCAT">
    <editdetail attribution="Reuters BIP Coding Group" action="confirmed" date="1997-03-23"/>
  </code>
  <code code="GSPO">
    <editdetail attribution="Reuters BIP Coding Group" action="confirmed" date="1997-03-23"/>
  </code>
</codes>
<dc element="dc.date.created" value="1997-03-23"/>
<dc element="dc.publisher" value="Reuters Holdings Plc"/>
<dc element="dc.date.published" value="1997-03-23"/>
<dc element="dc.source" value="Reuters"/>
<dc element="dc.creator.location" value="SYDNEY"/>
<dc element="dc.creator.location.country.name" value="AUSTRALIA"/>
<dc element="dc.source" value="Reuters"/>
</metadata>
</newsitem>
