<?xml version="1.0" encoding="iso-8859-1" ?>
<newsitem itemid="461985" id="root" date="1997-03-23" xml:lang="en">
<title>UK: PRESS DIGEST - London-based Arab newspapers - March 23.</title>
<headline>PRESS DIGEST - London-based Arab newspapers - March 23.</headline>
<dateline>LONDON 1997-03-23</dateline>
<text>
<p>These are some of the leading stories in two London-based Arabic-language newspapers on Sunday. Reuters has not verified these stories and does not vouch for their accuracy.</p>
<p>AL-HAYAT</p>
<p>- Sudanese president discusses peace initiative of United Arab Emirates' President Sheikh Zaid in Abu Dhabi.</p>
<p>- Pakistan hopes the Islamic summit would support its stand on India and Iran.</p>
<p>- Yemen's gross domestic product rose to $5.2 billion in 1996.</p>
<p>- Ninety German firms are seeking investment opportunities in Saudi Arabia.</p>
<p>ASHARQ AL-AWSAT</p>
<p>- Israeli Prime Minister Netanyahu plans to force two million Palestinians to go to Iraq.</p>
<p>- Foreign ministers of Gulf Arab states meet in Riyadh on Tuesday to review relations with Israel.</p>
<p>- Saudi American Bank to offer an investment fund, allowing investments by foreigners.</p>
<p>- Gulf and international experts to discuss on Tuesday in Abu Dhabi ways of developing Gulf infrastructure projects.</p>
</text>
<copyright>(c) Reuters Limited 1997</copyright>
<metadata>
<codes class="bip:countries:1.0">
  <code code="UK">
    <editdetail attribution="Reuters BIP Coding Group" action="confirmed" date="1997-03-23"/>
  </code>
</codes>
<codes class="bip:topics:1.0">
  <code code="GCAT">
    <editdetail attribution="Reuters BIP Coding Group" action="confirmed" date="1997-03-23"/>
  </code>
</codes>
<dc element="dc.date.created" value="1997-03-23"/>
<dc element="dc.publisher" value="Reuters Holdings Plc"/>
<dc element="dc.date.published" value="1997-03-23"/>
<dc element="dc.source" value="Reuters"/>
<dc element="dc.creator.location" value="LONDON"/>
<dc element="dc.creator.location.country.name" value="UK"/>
<dc element="dc.source" value="Reuters"/>
</metadata>
</newsitem>
