<?xml version="1.0" encoding="iso-8859-1" ?>
<newsitem itemid="461942" id="root" date="1997-03-23" xml:lang="en">
<title>SWITZERLAND: BADMINTON-SWISS OPEN FINALS RESULTS.</title>
<headline>BADMINTON-SWISS OPEN FINALS RESULTS.</headline>
<dateline>BASLE, Switzerland 1997-03-23</dateline>
<text>
<p>Results of finals in the Swiss Open badminton championships on Sunday:</p>
<p>Men's singles</p>
<p>Dong Jiong (China) beat Poul-Erik Hoyer-Larsen (Denmark) 17-14 15-11</p>
<p>Women's singles</p>
<p>Camilla Martin (Denmark) beat Ye Zhaoying (China) 9-12 11-6 11-5</p>
<p>Men's doubles</p>
<p>Lee Dong-soo/Yoo Yong-sung (South Korea) beat Sigit Budiarto/Chandra Wijaya (Indonesia) 9-15 15-11 15-4</p>
<p>Women's doubles</p>
<p>Ge Fei/Gu Jun (China) beat Han Jingna/Ye Zhaoying (China) 9-12 15-2 15-11</p>
<p>Mixed doubles</p>
<p>Li Yong/Ge Fei (China) beat Flandy Limpele/Minarti Timur (Indonesia) 15-9 15-9</p>
</text>
<copyright>(c) Reuters Limited 1997</copyright>
<metadata>
<codes class="bip:countries:1.0">
  <code code="SWITZ">
    <editdetail attribution="Reuters BIP Coding Group" action="confirmed" date="1997-03-23"/>
  </code>
</codes>
<codes class="bip:topics:1.0">
  <code code="GCAT">
    <editdetail attribution="Reuters BIP Coding Group" action="confirmed" date="1997-03-23"/>
  </code>
  <code code="GSPO">
    <editdetail attribution="Reuters BIP Coding Group" action="confirmed" date="1997-03-23"/>
  </code>
</codes>
<dc element="dc.date.created" value="1997-03-23"/>
<dc element="dc.publisher" value="Reuters Holdings Plc"/>
<dc element="dc.date.published" value="1997-03-23"/>
<dc element="dc.source" value="Reuters"/>
<dc element="dc.creator.location" value="BASLE, Switzerland"/>
<dc element="dc.creator.location.country.name" value="SWITZERLAND"/>
<dc element="dc.source" value="Reuters"/>
</metadata>
</newsitem>
