<?xml version="1.0" encoding="iso-8859-1" ?>
<newsitem itemid="461956" id="root" date="1997-03-23" xml:lang="en">
<title>ITALY: ATHLETICS - CROSS COUNTRY-TULU REGAINS WORLD CROSS COUNTRY TITLE.</title>
<headline>ATHLETICS - CROSS COUNTRY-TULU REGAINS WORLD CROSS COUNTRY TITLE.</headline>
<dateline>TURIN, Italy 1997-03-23</dateline>
<text>
<p>Derartu Tulu of Ethiopia regained her senior women's world cross country title on Sunday.</p>
<p>Tulu, the 1995 champion, judged her effort to perfection with a sprint for the finish 200 metres from the line. She won the 6.7 km race in 20 minutes 53 seconds.</p>
<p>The Ethiopian stayed away from the early pace set by Ireland's Sonia O'Sullivan and Kenya's Sally Barsosio.</p>
<p>The title looked to be between the defending champion Ethiopia's Gete Wami and Britain's Paula Radcliffe, who had broken away from the rest of the field in the final kilometre, until Tulu dug deep with her late surge.</p>
<p>Radcliffe was second in 20:55 with Wami third in 21:00.</p>
</text>
<copyright>(c) Reuters Limited 1997</copyright>
<metadata>
<codes class="bip:countries:1.0">
  <code code="ETHPA">
    <editdetail attribution="Reuters BIP Coding Group" action="confirmed" date="1997-03-23"/>
  </code>
  <code code="ITALY">
    <editdetail attribution="Reuters BIP Coding Group" action="confirmed" date="1997-03-23"/>
  </code>
</codes>
<codes class="bip:topics:1.0">
  <code code="GCAT">
    <editdetail attribution="Reuters BIP Coding Group" action="confirmed" date="1997-03-23"/>
  </code>
  <code code="GSPO">
    <editdetail attribution="Reuters BIP Coding Group" action="confirmed" date="1997-03-23"/>
  </code>
</codes>
<dc element="dc.date.created" value="1997-03-23"/>
<dc element="dc.publisher" value="Reuters Holdings Plc"/>
<dc element="dc.date.published" value="1997-03-23"/>
<dc element="dc.source" value="Reuters"/>
<dc element="dc.creator.location" value="TURIN, Italy"/>
<dc element="dc.creator.location.country.name" value="ITALY"/>
<dc element="dc.source" value="Reuters"/>
</metadata>
</newsitem>
