<?xml version="1.0" encoding="iso-8859-1" ?>
<newsitem itemid="461963" id="root" date="1997-03-23" xml:lang="en">
<title>PAKISTAN: HOCKEY-GERMANY BEAT NETHERLANDS IN JUBILEE FINAL.</title>
<headline>HOCKEY-GERMANY BEAT NETHERLANDS IN JUBILEE FINAL.</headline>
<byline>Pat Rowley</byline>
<dateline>KARACHI 1997-03-23</dateline>
<text>
<p>Germany beat Olympic champions the Netherlands for the second day in a row when they won the final of the Golden Jubilee of Pakistan men's hockey tournament 3-1 on Sunday.</p>
<p>It was a repeat of the score between the two teams in Saturday's final round robin game which had ended a 25-match unbeaten run for the Dutch.</p>
<p>The Netherlands took the lead when young German goalkeeper Nils Kowalczek saved a fierce shot by Marten Eikelboom in the 18th minute but could not prevent the ball spinning over the line.</p>
<p>But it took Germany only four minutes to equalise through Peter Streich.</p>
<p>Gemany went ahead in the 49th minute when Bjorn Michel scored with a flick shot at their fourth penalty corner. Then, as the Dutch searched frantically for an equaliser, the Germans counter-attacked five minutes from time and Oliver Domke settled the game.</p>
<p>German coach Paul Lissek was delighted with the result but acknowledged that the Dutch were missing two key players in captain Stephan Veen and Erik Jazet.</p>
<p>&quot;We have to be realistic,&quot; he said. &quot;This was not the full Dutch team but it's good that my young team beat such a confident side twice. It's a good start for raising a team for the World Cup.&quot;</p>
<p>Pakistan may have failed to make the final of the special tournament to mark hockey's contribution to their first 50 years, but they celebrated Pakistan Day by beating Australia, the Olympic bronze medallists, 7-4 in the bronze medal match.</p>
</text>
<copyright>(c) Reuters Limited 1997</copyright>
<metadata>
<codes class="bip:countries:1.0">
  <code code="AUSTR">
    <editdetail attribution="Reuters BIP Coding Group" action="confirmed" date="1997-03-23"/>
  </code>
  <code code="GFR">
    <editdetail attribution="Reuters BIP Coding Group" action="confirmed" date="1997-03-23"/>
  </code>
  <code code="NETH">
    <editdetail attribution="Reuters BIP Coding Group" action="confirmed" date="1997-03-23"/>
  </code>
  <code code="PAKIS">
    <editdetail attribution="Reuters BIP Coding Group" action="confirmed" date="1997-03-23"/>
  </code>
</codes>
<codes class="bip:topics:1.0">
  <code code="GCAT">
    <editdetail attribution="Reuters BIP Coding Group" action="confirmed" date="1997-03-23"/>
  </code>
  <code code="GSPO">
    <editdetail attribution="Reuters BIP Coding Group" action="confirmed" date="1997-03-23"/>
  </code>
</codes>
<dc element="dc.date.created" value="1997-03-23"/>
<dc element="dc.publisher" value="Reuters Holdings Plc"/>
<dc element="dc.date.published" value="1997-03-23"/>
<dc element="dc.source" value="Reuters"/>
<dc element="dc.creator.location" value="KARACHI"/>
<dc element="dc.creator.location.country.name" value="PAKISTAN"/>
<dc element="dc.source" value="Reuters"/>
</metadata>
</newsitem>
