<?xml version="1.0" encoding="iso-8859-1" ?>
<newsitem itemid="461941" id="root" date="1997-03-23" xml:lang="en">
<title>FRANCE: SOCCER-FRENCH LEAGUE RESULTS.</title>
<headline>SOCCER-FRENCH LEAGUE RESULTS.</headline>
<dateline>PARIS 1997-03-23</dateline>
<text>
<p>Results of French first division</p>
<p>matches played on Sunday:</p>
<p> Paris St Germain	2  Metz			0</p>
<p>Caen v Marseille 1930 GMT kickoff</p>
<p>Played on Saturday:</p>
<p> Monaco		    3  Bastia		    1</p>
<p> Nantes		    1  Lille		     0</p>
<p> Lyon			2  Le Havre		  1</p>
<p> Lens			2  Auxerre		   1</p>
<p> Montpellier	     2  Nice			1</p>
<p> Nancy		     1  Bordeaux		  1</p>
<p> Cannes		    1  Rennes		    0</p>
<p> Guingamp		  2  Strasbourg		1</p>
</text>
<copyright>(c) Reuters Limited 1997</copyright>
<metadata>
<codes class="bip:countries:1.0">
  <code code="FRA">
    <editdetail attribution="Reuters BIP Coding Group" action="confirmed" date="1997-03-23"/>
  </code>
  <code code="MONAC">
    <editdetail attribution="Reuters BIP Coding Group" action="confirmed" date="1997-03-23"/>
  </code>
</codes>
<codes class="bip:topics:1.0">
  <code code="GCAT">
    <editdetail attribution="Reuters BIP Coding Group" action="confirmed" date="1997-03-23"/>
  </code>
  <code code="GSPO">
    <editdetail attribution="Reuters BIP Coding Group" action="confirmed" date="1997-03-23"/>
  </code>
</codes>
<dc element="dc.date.created" value="1997-03-23"/>
<dc element="dc.publisher" value="Reuters Holdings Plc"/>
<dc element="dc.date.published" value="1997-03-23"/>
<dc element="dc.source" value="Reuters"/>
<dc element="dc.creator.location" value="PARIS"/>
<dc element="dc.creator.location.country.name" value="FRANCE"/>
<dc element="dc.source" value="Reuters"/>
</metadata>
</newsitem>
