<?xml version="1.0" encoding="iso-8859-1" ?>
<newsitem itemid="461951" id="root" date="1997-03-23" xml:lang="en">
<title>ITALY: SOCCER-JUVENTUS SIX POINTS CLEAR IN SERIE A.</title>
<headline>SOCCER-JUVENTUS SIX POINTS CLEAR IN SERIE A.</headline>
<dateline>ROME 1997-03-23</dateline>
<text>
<p>Juventus had Uruguayan defender Paolo Montero sent off against Napoli on Sunday but held on for a 0-0 draw.</p>
<p>Second-placed Parma crashed 1-0 at Fiorentina, leaving Juventus with a commanding six-point lead in serie A.</p>
<p>Montero was shown the red card in the 37th minute for a foul that denied Nicola Caccia a clear run at goal. But Angelo Peruzzi's goalkeeping spared Juve from defeat and earned them the point.</p>
<p>Parma's run of four successive wins was ended when French defender Lilian Thuram deflected Rui Costa's shot past his own keeper Gian Luigi Buffon in the 33rd minute.</p>
<p>That result boosted third-placed Internazionale's hopes of qualifying for next season's European Cup. Roy Hodgson's team trailed Parma by just two points following a hard-fought 2-1 home victory over Verona.</p>
</text>
<copyright>(c) Reuters Limited 1997</copyright>
<metadata>
<codes class="bip:countries:1.0">
  <code code="ITALY">
    <editdetail attribution="Reuters BIP Coding Group" action="confirmed" date="1997-03-23"/>
  </code>
  <code code="URU">
    <editdetail attribution="Reuters BIP Coding Group" action="confirmed" date="1997-03-23"/>
  </code>
</codes>
<codes class="bip:topics:1.0">
  <code code="GCAT">
    <editdetail attribution="Reuters BIP Coding Group" action="confirmed" date="1997-03-23"/>
  </code>
  <code code="GSPO">
    <editdetail attribution="Reuters BIP Coding Group" action="confirmed" date="1997-03-23"/>
  </code>
</codes>
<dc element="dc.date.created" value="1997-03-23"/>
<dc element="dc.publisher" value="Reuters Holdings Plc"/>
<dc element="dc.date.published" value="1997-03-23"/>
<dc element="dc.source" value="Reuters"/>
<dc element="dc.creator.location" value="ROME"/>
<dc element="dc.creator.location.country.name" value="ITALY"/>
<dc element="dc.source" value="Reuters"/>
</metadata>
</newsitem>
