<?xml version="1.0" encoding="iso-8859-1" ?>
<newsitem itemid="461928" id="root" date="1997-03-23" xml:lang="en">
<title>FRANCE: SOCCER-FRENCH LEAGUE SUMMARIES.</title>
<headline>SOCCER-FRENCH LEAGUE SUMMARIES.</headline>
<dateline>PARIS 1997-03-23</dateline>
<text>
<p>Summaries of French first</p>
<p>division matches played on Sunday:</p>
<p> Paris St Germain    2 - Loko 20, 24</p>
<p> Metz		    0</p>
<p>HT: 2-0  Att: 30,000</p>
<p>- - - -</p>
<p> Caen		    1 - Nee 19</p>
<p> Marseille	     0</p>
<p>HT: 1-0  Att: 18,000</p>
<p>- - - -</p>
<p>Played on Saturday:</p>
<p> Nantes		  1 - N'Doram penalty 78</p>
<p> Lille		   0</p>
<p>HT: 0-0  Att: 21,000</p>
<p>- - - -</p>
<p> Monaco		  3 - Collins 13, Anderson 82, 88</p>
<p> Bastia		  1 - Swierczewski 38</p>
<p>HT: 1-1  Att: 6,000</p>
<p>- - - -</p>
<p> Lyon		    2 - Giuly 12, Caveglia penalty 65</p>
<p> Le Havre		1 - Bertin 87</p>
<p>HT: 1-0  Att: 12,000</p>
<p>Red card: Louis-Jean (LH) 75</p>
<p>- - - -</p>
<p> Lens		    2 - Vercruysse 39, Smicer 64</p>
<p> Auxerre		 1 - Laslandes 74</p>
<p>HT: 1-0  Att: 6,000</p>
<p>Played at Le Havre</p>
<p>- - - -</p>
<p> Nancy		   1 - Rambo 50</p>
<p> Bordeaux		1 - Domoraud 65</p>
<p>HT: 0-0  Att: 6,000</p>
<p>- - - -</p>
<p> Cannes		  1 - Abou 38</p>
<p> Rennes		  0</p>
<p>HT: 1-0  Att: 6,000</p>
<p>- - - -</p>
<p> Guingamp		2 - Coridon 32, 85</p>
<p> Strasbourg	    1 - Ismael 41</p>
<p>HT: 1-1  Att: 11,000</p>
<p>- - - -</p>
<p> Montpellier	   2 - Sauzee 11, Sanchez 19</p>
<p> Nice		    1 - Debbah 48</p>
<p>HT: 2-0  Att: 6,000</p>
</text>
<copyright>(c) Reuters Limited 1997</copyright>
<metadata>
<codes class="bip:countries:1.0">
  <code code="FRA">
    <editdetail attribution="Reuters BIP Coding Group" action="confirmed" date="1997-03-23"/>
  </code>
</codes>
<codes class="bip:topics:1.0">
  <code code="GCAT">
    <editdetail attribution="Reuters BIP Coding Group" action="confirmed" date="1997-03-23"/>
  </code>
  <code code="GSPO">
    <editdetail attribution="Reuters BIP Coding Group" action="confirmed" date="1997-03-23"/>
  </code>
</codes>
<dc element="dc.date.created" value="1997-03-23"/>
<dc element="dc.publisher" value="Reuters Holdings Plc"/>
<dc element="dc.date.published" value="1997-03-23"/>
<dc element="dc.source" value="Reuters"/>
<dc element="dc.creator.location" value="PARIS"/>
<dc element="dc.creator.location.country.name" value="FRANCE"/>
<dc element="dc.source" value="Reuters"/>
</metadata>
</newsitem>
