<?xml version="1.0" encoding="iso-8859-1" ?>
<newsitem itemid="461944" id="root" date="1997-03-23" xml:lang="en">
<title>SPAIN: SOCCER-SPANISH FIRST DIVISION RESULTS/STANDINGS.</title>
<headline>SOCCER-SPANISH FIRST DIVISION RESULTS/STANDINGS.</headline>
<dateline>MADRID 1997-03-23</dateline>
<text>
<p>Results of Spanish first</p>
<p>division soccer matches on Sunday:</p>
<p> Barcelona	   4  Sevilla	     0</p>
<p> Valladolid	  2  Logrones	    1</p>
<p> Athletic Bilbao   2  Compostela	  2</p>
<p> Extremadura	 2  Tenerife	    0</p>
<p> Real Madrid	 2  Zaragoza	    0</p>
<p>Deportivo Coruna  2  Racing Santander  1</p>
<p> Hercules	    1  Espanyol	    2</p>
<p> Rayo Vallecano    v  Atletico Madrid   late kickoff</p>
<p>Played on Saturday:</p>
<p> Real Betis	  4  Oviedo		0</p>
<p> Celta Vigo	  1  Real Sociedad     1</p>
<p>Playing on Monday:</p>
<p> Sporting Gijon    v  Valencia	    </p>
<p>    Standings	    Pl     W    D    L   F  A   Pts</p>
<p>  1.Real Madrid	  30    21    8    1  65  24   71</p>
<p>  2.Barcelona	    30    19    5    6  75  37   62</p>
<p>  3.Real Betis	   30    18    8    4  68  32   62</p>
<p>  4.Deportivo Coruna   30    16   11    3  46  21   59</p>
<p>  5.Atletico Madrid    28    14    7    7  54  38   49</p>
<p>  6.Real Sociedad	30    13    7   10  37  33   46</p>
<p>  7.Athletic Bilbao    30    10   14    6  53  43   44</p>
<p>  8.Valladolid	   30    12    8   10  38  34   44</p>
<p>  9.Tenerife	     29    12    7   10  50  33   43</p>
<p> 10.Valencia	     29    12    6   11  44  38   42</p>
<p> 11.Racing Santander   30    10   11    9  34  32   41</p>
<p> 12.Celta Vigo	   30     8   11   11  34  38   35</p>
<p> 13.Oviedo		 30     9    8   13  36  47   35</p>
<p> 14.Compostela	   30     8    9   13  31  52   33</p>
<p> 15.Zaragoza	     30     7   11   12  38  49   32</p>
<p> 16.Sporting Gijon     29     8    8   13  31  45   32</p>
<p> 17.Extremadura	  30     8    8   14  25  43   32</p>
<p> 18.Rayo Vallecano     29     8    6   15  28  44   30</p>
<p> 19.Espanyol	     30     8    6   16  33  46   30</p>
<p> 20.Logrones	     30     8    4   18  25  58   28</p>
<p> 21.Sevilla		30     7    3   20  27  54   24</p>
<p> 22.Hercules	     30     6    4   20  25  57   22</p>
</text>
<copyright>(c) Reuters Limited 1997</copyright>
<metadata>
<codes class="bip:countries:1.0">
  <code code="SPAIN">
    <editdetail attribution="Reuters BIP Coding Group" action="confirmed" date="1997-03-23"/>
  </code>
</codes>
<codes class="bip:topics:1.0">
  <code code="GCAT">
    <editdetail attribution="Reuters BIP Coding Group" action="confirmed" date="1997-03-23"/>
  </code>
  <code code="GSPO">
    <editdetail attribution="Reuters BIP Coding Group" action="confirmed" date="1997-03-23"/>
  </code>
</codes>
<dc element="dc.date.created" value="1997-03-23"/>
<dc element="dc.publisher" value="Reuters Holdings Plc"/>
<dc element="dc.date.published" value="1997-03-23"/>
<dc element="dc.source" value="Reuters"/>
<dc element="dc.creator.location" value="MADRID"/>
<dc element="dc.creator.location.country.name" value="SPAIN"/>
<dc element="dc.source" value="Reuters"/>
</metadata>
</newsitem>
