<?xml version="1.0" encoding="iso-8859-1" ?>
<newsitem itemid="461908" id="root" date="1997-03-23" xml:lang="en">
<title>NEW ZEALAND: CRICKET-NZ-SRI LANKA MATCH ABANDONED DUE TO RAIN.</title>
<headline>CRICKET-NZ-SRI LANKA MATCH ABANDONED DUE TO RAIN.</headline>
<dateline>AUCKLAND 1997-03-23</dateline>
<text>
<p>Rain has forced the abandonment of Sunday's one-day international between Sri Lanka and New Zealand at Auckland's Eden Park.</p>
<p>The match, the first in a three-game series, was originally scheduled for Saturday but was postponed because of heavy rain.</p>
<p>The start time was again delayed on Sunday morning due to rain. At 2.15 p.m. (0215 GMT) the umpires announced the game was abandoned.</p>
<p>The next match is a day/nighter in Christchurch on Tuesday.</p>
</text>
<copyright>(c) Reuters Limited 1997</copyright>
<metadata>
<codes class="bip:countries:1.0">
  <code code="NZ">
    <editdetail attribution="Reuters BIP Coding Group" action="confirmed" date="1997-03-23"/>
  </code>
  <code code="SRILAN">
    <editdetail attribution="Reuters BIP Coding Group" action="confirmed" date="1997-03-23"/>
  </code>
</codes>
<codes class="bip:topics:1.0">
  <code code="GCAT">
    <editdetail attribution="Reuters BIP Coding Group" action="confirmed" date="1997-03-23"/>
  </code>
  <code code="GSPO">
    <editdetail attribution="Reuters BIP Coding Group" action="confirmed" date="1997-03-23"/>
  </code>
</codes>
<dc element="dc.date.created" value="1997-03-23"/>
<dc element="dc.publisher" value="Reuters Holdings Plc"/>
<dc element="dc.date.published" value="1997-03-23"/>
<dc element="dc.source" value="Reuters"/>
<dc element="dc.creator.location" value="AUCKLAND"/>
<dc element="dc.creator.location.country.name" value="NEW ZEALAND"/>
<dc element="dc.source" value="Reuters"/>
</metadata>
</newsitem>
