<?xml version="1.0" encoding="iso-8859-1" ?>
<newsitem itemid="461945" id="root" date="1997-03-23" xml:lang="en">
<title>SPAIN: SOCCER-REAL MAINTAIN LEAD AS BARCELONA RETAKE SECOND.</title>
<headline>SOCCER-REAL MAINTAIN LEAD AS BARCELONA RETAKE SECOND.</headline>
<dateline>MADRID 1997-03-23</dateline>
<text>
<p>Barcelona regained second place in the Spanish first division on goal difference from Real Betis on Sunday with an emphatic 4-0 victory over struggling Sevilla.</p>
<p>But Real Madrid maintained their nine-point lead over both sides thanks to two first half goals by Fernando Hierro in a straightforward 2-0 home win over Zaragoza.</p>
<p>Fourth-placed Deportivo Coruna were a further three points back after struggling to beat Racing Santander 2-1, with a fine performance by striker Renaldo.</p>
<p>Barcelona needed to win by two goals to retake second place after Betis defeated Oviedo 4-0 on Saturday.</p>
<p>Ronaldo, Juan Pizzi, Luis Enrique Martinez and Oscar Garcia found the target.</p>
</text>
<copyright>(c) Reuters Limited 1997</copyright>
<metadata>
<codes class="bip:countries:1.0">
  <code code="SPAIN">
    <editdetail attribution="Reuters BIP Coding Group" action="confirmed" date="1997-03-23"/>
  </code>
</codes>
<codes class="bip:topics:1.0">
  <code code="GCAT">
    <editdetail attribution="Reuters BIP Coding Group" action="confirmed" date="1997-03-23"/>
  </code>
  <code code="GSPO">
    <editdetail attribution="Reuters BIP Coding Group" action="confirmed" date="1997-03-23"/>
  </code>
</codes>
<dc element="dc.date.created" value="1997-03-23"/>
<dc element="dc.publisher" value="Reuters Holdings Plc"/>
<dc element="dc.date.published" value="1997-03-23"/>
<dc element="dc.source" value="Reuters"/>
<dc element="dc.creator.location" value="MADRID"/>
<dc element="dc.creator.location.country.name" value="SPAIN"/>
<dc element="dc.source" value="Reuters"/>
</metadata>
</newsitem>
