<?xml version="1.0" encoding="iso-8859-1" ?>
<newsitem itemid="461949" id="root" date="1997-03-23" xml:lang="en">
<title>SWITZERLAND: SOCCER-SWISS PREMIER DIVISION RESULTS/STADINGS.</title>
<headline>SOCCER-SWISS PREMIER DIVISION RESULTS/STADINGS.</headline>
<dateline>GENEVA 1997-03-23</dateline>
<text>
<p>Results of Swiss premier</p>
<p>division matches played on Sunday:</p>
<p>Grasshopper  1  Nuechatel  1</p>
<p> Lausanne     2  Zurich     0</p>
<p> St. Gallen   0  Aarau	0</p>
<p> Basle	  0  Sion	 1</p>
<p>Standings (figures in parentheses are points carried forward</p>
<p>from the first half of the season)</p>
<p>			PL  W  D  L  F  A  Pts</p>
<p> 1.Neuchatel	3   0  3  0  2  2   25 (22)</p>
<p> 2.Sion	     3   2  0  1  2  2   25 (19)</p>
<p> 3.Grasshopper    3   1  1  1  5  4   24 (20)</p>
<p> 4.Lausanne	 3   2  1  0  4  0   24 (17)</p>
<p> 5.Aarau	    3   1  1  1  4  5   22 (18)</p>
<p> 6.St Gallen	3   0  3  0  2  2   18 (15)</p>
<p> 7.Basle	    3   1  0  2  2  3   16 (13)</p>
<p> 8.Zurich	   3   0  1  2  1  4   14 (14)</p>
</text>
<copyright>(c) Reuters Limited 1997</copyright>
<metadata>
<codes class="bip:countries:1.0">
  <code code="SWITZ">
    <editdetail attribution="Reuters BIP Coding Group" action="confirmed" date="1997-03-23"/>
  </code>
</codes>
<codes class="bip:topics:1.0">
  <code code="GCAT">
    <editdetail attribution="Reuters BIP Coding Group" action="confirmed" date="1997-03-23"/>
  </code>
  <code code="GSPO">
    <editdetail attribution="Reuters BIP Coding Group" action="confirmed" date="1997-03-23"/>
  </code>
</codes>
<dc element="dc.date.created" value="1997-03-23"/>
<dc element="dc.publisher" value="Reuters Holdings Plc"/>
<dc element="dc.date.published" value="1997-03-23"/>
<dc element="dc.source" value="Reuters"/>
<dc element="dc.creator.location" value="GENEVA"/>
<dc element="dc.creator.location.country.name" value="SWITZERLAND"/>
<dc element="dc.source" value="Reuters"/>
</metadata>
</newsitem>
