<?xml version="1.0" encoding="iso-8859-1" ?>
<newsitem itemid="461980" id="root" date="1997-03-23" xml:lang="en">
<title>UK: BAT seeks $3 bln tobacco fighting fund in US - paper.</title>
<headline>BAT seeks $3 bln tobacco fighting fund in US - paper.</headline>
<dateline>LONDON 1997-03-23</dateline>
<text>
<p>British-based tobacco-to-insurance group B.A.T. Industries is trying to set up a $3 billion fund from across the U.S. tobacco industry to cushion the rising costs there of legal claims against cigarette companies, The Sunday Telegraph reported.</p>
<p>The report follows news last week that U.S. company Liggett, the maker of Chesterfield cigarettes, became the first tobacco company to admit smoking is addictive and could cause cancer. It made the announcement when settling 22 cases of health compensation claims made by smokers.</p>
<p>The Sunday Telegraph said B.A.T., through its U.S. subsidiary Brown and Williamson, aims to convince US tobacco industry chiefs of the need for a fund which would act as insurance against legal claims while covering the cost of fighting court cases.</p>
<p>B.A.T. has contacted Philip Morris, RJ Reynolds and Lorillard about the joint approach, the paper said.</p>
<p>--London newsroom +44 171 542 7717</p>
</text>
<copyright>(c) Reuters Limited 1997</copyright>
<metadata>
<codes class="bip:countries:1.0">
  <code code="UK">
    <editdetail attribution="Reuters BIP Coding Group" action="confirmed" date="1997-03-23"/>
  </code>
  <code code="USA">
    <editdetail attribution="Reuters BIP Coding Group" action="confirmed" date="1997-03-23"/>
  </code>
</codes>
<codes class="bip:industries:1.0">
  <code code="I42900">
    <editdetail attribution="Reuters BIP Coding Group" action="confirmed" date="1997-03-23"/>
  </code>
  <code code="I83960">
    <editdetail attribution="Reuters BIP Coding Group" action="confirmed" date="1997-03-23"/>
  </code>
</codes>
<codes class="bip:topics:1.0">
  <code code="C11">
    <editdetail attribution="Reuters BIP Coding Group" action="confirmed" date="1997-03-23"/>
  </code>
  <code code="C12">
    <editdetail attribution="Reuters BIP Coding Group" action="confirmed" date="1997-03-23"/>
  </code>
  <code code="CCAT">
    <editdetail attribution="Reuters BIP Coding Group" action="confirmed" date="1997-03-23"/>
  </code>
  <code code="GCAT">
    <editdetail attribution="Reuters BIP Coding Group" action="confirmed" date="1997-03-23"/>
  </code>
  <code code="GCRIM">
    <editdetail attribution="Reuters BIP Coding Group" action="confirmed" date="1997-03-23"/>
  </code>
</codes>
<dc element="dc.date.created" value="1997-03-23"/>
<dc element="dc.publisher" value="Reuters Holdings Plc"/>
<dc element="dc.date.published" value="1997-03-23"/>
<dc element="dc.source" value="Reuters"/>
<dc element="dc.creator.location" value="LONDON"/>
<dc element="dc.creator.location.country.name" value="UK"/>
<dc element="dc.source" value="Reuters"/>
</metadata>
</newsitem>
