<?xml version="1.0" encoding="iso-8859-1" ?>
<newsitem itemid="461919" id="root" date="1997-03-23" xml:lang="en">
<title>USA: NHL ICE HOCKEY-STANDINGS AFTER SATURDAY'S GAMES.</title>
<headline>NHL ICE HOCKEY-STANDINGS AFTER SATURDAY'S GAMES.</headline>
<dateline>NEW YORK 1997-03-23</dateline>
<text>
<p>Standings of National Hockey</p>
<p>League teams after games played on Saturday (tabulate under</p>
<p>won, lost, tied, goals for, goals against, points):</p>
<p>		 EASTERN CONFERENCE</p>
<p>		 NORTHEAST DIVISION</p>
<p>		    W   L   T   GF   GA   PTS</p>
<p> X-BUFFALO     38  23  11  216  182   87</p>
<p> PITTSBURGH    34  31   7  251  242   75</p>
<p> MONTREAL	26  33  14  221  252   66</p>
<p> HARTFORD	27  35  10  195  225   64</p>
<p> OTTAWA	  24  33  15  200  212   63</p>
<p> BOSTON	  24  40   9  211  263   57</p>
<p>		 ATLANTIC DIVISION</p>
<p>		    W   L   T   GF   GA   PTS</p>
<p> X-PHILADELPHIA40  21  11  245  190   91</p>
<p> X-NEW JERSEY  39  20  13  203  165   91</p>
<p> FLORIDA	 33  24  17  201  179   83</p>
<p> NY RANGERS    34  30   9  236  206   77</p>
<p> WASHINGTON    29  36   8  185  204   66</p>
<p> TAMPA BAY     28  37   7  194  226   63</p>
<p> NY ISLANDERS  25  36  11  202  215   61</p>
<p>		 WESTERN CONFERENCE</p>
<p>		 CENTRAL DIVISION</p>
<p>		    W   L   T   GF   GA   PTS</p>
<p> X-DALLAS	43  23   6  224  173   92</p>
<p> X-DETROIT     34  22  15  226  169   83</p>
<p> PHOENIX	 35  34   5  213  222   75</p>
<p> ST LOUIS	31  32   9  213  219   71</p>
<p> CHICAGO	 28  32  12  188  184   68</p>
<p> TORONTO	 26  41   6  210  253   58</p>
<p>		 PACIFIC DIVISION</p>
<p>		    W   L   T   GF   GA   PTS</p>
<p> Y-COLORADO    45  18   9  248  176   99</p>
<p> EDMONTON	33  32   7  224  216   73</p>
<p> ANAHEIM	 30  31  11  212  207   71</p>
<p> CALGARY	 31  35   8  198  208   70</p>
<p> VANCOUVER     30  39   4  224  248   64</p>
<p> LOS ANGELES   26  38   9  192  240   61</p>
<p> SAN JOSE	24  41   7  182  238   55</p>
<p>X -- CLINCHED PLAYOFF BERTH</p>
<p>Y -- CLINCHED DIVISION TITLE</p>
<p>SUNDAY, MARCH 23 SCHEDULE</p>
<p>DETROIT AT CHICAGO</p>
<p>ANAHEIM AT EDMONTON</p>
<p>DALLAS AT ST LOUIS</p>
<p>COLORADO AT PHILADELPHIA</p>
</text>
<copyright>(c) Reuters Limited 1997</copyright>
<metadata>
<codes class="bip:countries:1.0">
  <code code="CANA">
    <editdetail attribution="Reuters BIP Coding Group" action="confirmed" date="1997-03-23"/>
  </code>
  <code code="USA">
    <editdetail attribution="Reuters BIP Coding Group" action="confirmed" date="1997-03-23"/>
  </code>
</codes>
<codes class="bip:topics:1.0">
  <code code="GCAT">
    <editdetail attribution="Reuters BIP Coding Group" action="confirmed" date="1997-03-23"/>
  </code>
  <code code="GSPO">
    <editdetail attribution="Reuters BIP Coding Group" action="confirmed" date="1997-03-23"/>
  </code>
</codes>
<dc element="dc.date.created" value="1997-03-23"/>
<dc element="dc.publisher" value="Reuters Holdings Plc"/>
<dc element="dc.date.published" value="1997-03-23"/>
<dc element="dc.source" value="Reuters"/>
<dc element="dc.creator.location" value="NEW YORK"/>
<dc element="dc.creator.location.country.name" value="USA"/>
<dc element="dc.source" value="Reuters"/>
</metadata>
</newsitem>
