<?xml version="1.0" encoding="iso-8859-1" ?>
<newsitem itemid="461975" id="root" date="1997-03-23" xml:lang="en">
<title>UK: Irish prisoner bows out of poll fight - Sinn Fein.</title>
<headline>Irish prisoner bows out of poll fight - Sinn Fein.</headline>
<byline>Martin Cowley</byline>
<dateline>BELFAST 1997-03-23</dateline>
<text>
<p>Roisin McAliskey, a pregnant Irish prisoner in England wanted in Germany for questioning about an IRA bombing, abandoned plans on Sunday to stand in Britain's election on May 1.</p>
<p>The Irish Republican Army's Sinn Fein political arm said it had learned that the 25-year-old, who had threatened to run as an independent to put pressure on Britain to release her before the birth of her child, would not do so.</p>
<p>Sinn Fein spokesman Francis Molloy said in a statement that he welcomed &quot;the decision from the McAliskey family that Roisin will not be contesting the forthcoming election&quot;.</p>
<p>Bernadette McAliskey, the prisoner's mother, who announced the candidature last week, could not be contacted for comment. She has accused Britain of harshly treating her eight months-pregnant daughter and said Roisin would contest the Mid-Ulster constituency unless she was released.</p>
<p>Bernadette McAliskey was a nationalist parliamentarian for the constituency in 1969-74.</p>
<p>She had appealed to the province's main Catholic nationalist Social Democratic and Labour Party (SDLP) and Sinn Fein to withdraw from the contest so that Roisin might win Catholic votes en bloc and unseat the Protestant &quot;Unionist&quot; incumbent.</p>
<p>The SDLP rejected the plea, saying the elections for Northern Ireland's 18 seats in the British parliament came at a crucial time for the region's floundering peace process.</p>
<p>Sinn Fein gave a cautious reply, suggesting three-way talks with the McAliskey family and the SDLP.</p>
<p>Molloy, who called for the prisoner's immediate release, said her decision would boost the prospects of Sinn Fein's senior strategist, Martin McGuinness, winning the seat.</p>
<p>&quot;The news clears the way for Martin McGuinness, who is head and shoulders above those now contesting the election, to win the seat and properly represent the people of Mid-Ulster,&quot; he said.</p>
<p>The Irish government and human rights groups have criticised McAliskey's detention in a London jail and said she should be bailed pending extradition proceedings.</p>
<p>German authorities want to question her about a bombing last year at a British military base in Osnabrueck. The attack was part of the guerrillas' campaign against Britain's rule over Northern Ireland.</p>
</text>
<copyright>(c) Reuters Limited 1997</copyright>
<metadata>
<codes class="bip:countries:1.0">
  <code code="GFR">
    <editdetail attribution="Reuters BIP Coding Group" action="confirmed" date="1997-03-23"/>
  </code>
  <code code="IRE">
    <editdetail attribution="Reuters BIP Coding Group" action="confirmed" date="1997-03-23"/>
  </code>
  <code code="UK">
    <editdetail attribution="Reuters BIP Coding Group" action="confirmed" date="1997-03-23"/>
  </code>
</codes>
<codes class="bip:topics:1.0">
  <code code="GCAT">
    <editdetail attribution="Reuters BIP Coding Group" action="confirmed" date="1997-03-23"/>
  </code>
  <code code="GDIP">
    <editdetail attribution="Reuters BIP Coding Group" action="confirmed" date="1997-03-23"/>
  </code>
  <code code="GPOL">
    <editdetail attribution="Reuters BIP Coding Group" action="confirmed" date="1997-03-23"/>
  </code>
  <code code="GVOTE">
    <editdetail attribution="Reuters BIP Coding Group" action="confirmed" date="1997-03-23"/>
  </code>
</codes>
<dc element="dc.date.created" value="1997-03-23"/>
<dc element="dc.publisher" value="Reuters Holdings Plc"/>
<dc element="dc.date.published" value="1997-03-23"/>
<dc element="dc.source" value="Reuters"/>
<dc element="dc.creator.location" value="BELFAST"/>
<dc element="dc.creator.location.country.name" value="UK"/>
<dc element="dc.source" value="Reuters"/>
</metadata>
</newsitem>
