<?xml version="1.0" encoding="iso-8859-1" ?>
<newsitem itemid="461995" id="root" date="1997-03-23" xml:lang="en">
<title>ZAIRE: Zaire's Mobutu reappears, weighs SAfrican proposal.</title>
<headline>Zaire's Mobutu reappears, weighs SAfrican proposal.</headline>
<byline>William Wallis</byline>
<dateline>KINSHASA 1997-03-23</dateline>
<text>
<p>President Mobutu Sese Seko returned to the forefront of Zaire's political stage on Sunday to receive a letter from South African President Nelson Mandela on ending the war with rebels fighting for Mobutu's overthrow .</p>
<p>Mandela's deputy Thabo Mbeki, who delivered the letter, said afterwards that a U.N. peace plan for a truce and talks was at the heart of efforts to end Zaire's five-month-old civil war.</p>
<p>But rebel leader Laurent Kabila, speaking in Zaire's captured third city of Kisangani on Saturday, once again ruled out calls for a truce before talks -- a message 10,000 supporters endorsed before U.N. special envoy Mohamed Sahnoun.</p>
<p>Mobutu, looking tired and thin but wearing his trademark leopard-skin hat and a dark suit, was appearing in public for the first time since returning home from France on Friday.</p>
<p>&quot;I am Mobutu. I have returned not to devote myself to Mobutu's interests or Mobutu's fortune as you write from time to time but to the higher interests of Zaire,&quot; he told journalists. &quot;That is to say our unity, our territorial integrity.&quot;</p>
<p>Asked how he felt, Mobutu, who left hospital in Monaco after fresh cancer treatment on Wednesday, replied: &quot;The way I look.&quot;</p>
<p>Mobutu, who has spent most of his time in Europe since prostate cancer surgery in August, welcomed Mbeki with an embrace. Zaire's embattled Prime Minister Kengo wa Dondo attended the talks which lasted about half an hour.</p>
<p>Aides to Mbeki, who was at the heart of a bid by Mandela to broker peace between Mobutu and the rebels last month, said Mobutu had promised a reply to the letter within 48 hours.</p>
<p>&quot;He is studying that communication and will be responding to it fairly shortly,&quot; Mbeki told reporters. &quot;We are convinced that in the immediate future steps will be taken practically to move the peace process forward towards a resolution.&quot;</p>
<p>He said the U.N. Security Council had spelled out &quot;a very important position&quot; in a resolution and he highlighted its call for a ceasefire and negotiations. &quot;I think that these are particular matters of focus that everyone is looking at,&quot; he added.</p>
<p>Mobutu, 66, has ruled Zaire since seizing power in an army coup in 1965, but many ordinary Zaireans, ground down by three decades of poverty and hardship under his rule, are eager for a change and are openly rallying to Kabila.</p>
<p>Kabila, his popularity rising with each battlefield victory, called on Saturday for a transitional government but said he would not work with anyone who had shared power with Mobutu.</p>
<p>He said the government should include his Alliance for Democratic Forces for the Liberation Congo/Zaire &quot;and only anti-Mobutists and anti-regime people who have never been in power and who never shared power&quot;.</p>
<p>Before leaving France for home, Mobutu called for a truce and talks and the creation of a national council to find ways out of the crisis &quot;with all our brothers, without exclusion&quot;.</p>
<p>Kabila and a roaring crowd of 10,000 supporters in Kisangani firmly told Sahnoun on Saturday there could be no truce before talks. Sahnoun, spearheading peace efforts, left Kisangani after brief talks with Kabila.</p>
<p>The rebels, who took up arms in October and control a fifth of Zaire, say they have pushed south to within 200 km (125 miles) of the second city Lubumbashi, capital of mineral rich Shaba, and 100 km (60 miles) of the diamond city of Mbuji-Mayi.</p>
<p>The United States, France and Belgium have sent or are sending troops to Zaire's neighbours to evacuate their nationals if need be.</p>
</text>
<copyright>(c) Reuters Limited 1997</copyright>
<metadata>
<codes class="bip:countries:1.0">
  <code code="SAFR">
    <editdetail attribution="Reuters BIP Coding Group" action="confirmed" date="1997-03-23"/>
  </code>
  <code code="UN">
    <editdetail attribution="Reuters BIP Coding Group" action="confirmed" date="1997-03-23"/>
  </code>
  <code code="ZAIRE">
    <editdetail attribution="Reuters BIP Coding Group" action="confirmed" date="1997-03-23"/>
  </code>
</codes>
<codes class="bip:topics:1.0">
  <code code="GCAT">
    <editdetail attribution="Reuters BIP Coding Group" action="confirmed" date="1997-03-23"/>
  </code>
  <code code="GDIP">
    <editdetail attribution="Reuters BIP Coding Group" action="confirmed" date="1997-03-23"/>
  </code>
  <code code="GVIO">
    <editdetail attribution="Reuters BIP Coding Group" action="confirmed" date="1997-03-23"/>
  </code>
</codes>
<dc element="dc.date.created" value="1997-03-23"/>
<dc element="dc.publisher" value="Reuters Holdings Plc"/>
<dc element="dc.date.published" value="1997-03-23"/>
<dc element="dc.source" value="Reuters"/>
<dc element="dc.creator.location" value="KINSHASA"/>
<dc element="dc.creator.location.country.name" value="ZAIRE"/>
<dc element="dc.source" value="Reuters"/>
</metadata>
</newsitem>
