<?xml version="1.0" encoding="iso-8859-1" ?>
<newsitem itemid="461955" id="root" date="1997-03-23" xml:lang="en">
<title>SWITZERLAND: FIGURE SKATING-HUNDREDS ATTEND FASSI SERVICE.</title>
<headline>FIGURE SKATING-HUNDREDS ATTEND FASSI SERVICE.</headline>
<dateline>LAUSANNE, Switzerland 1997-03-23</dateline>
<text>
<p>The figure skating community turned out en masse for a memorial service to the late coach Carlo Fassi at the Olympic Museum on Sunday.</p>
<p>Hundreds of people including past and present champions, coaches and officials along with International Olympic Committee president Juan Antonio Samaranch attended the service for the U.S.-based Italian.</p>
<p>Fassi died of a heart attack on Thursday aged 67.</p>
<p>In a brief address, Samaranch, whose IOC headquarters are in Lausanne, called Fassi &quot;a great man of sport&quot; and presented the Olympic flag to Fassi's wife Christa, who was there with their three children.</p>
<p>International Skating Union (ISU) president Ottavio Cinquanta and other ISU officials also attended.</p>
<p>The service was presided over by American Dick Button, the Olympic champion in 1948 and 1952 and a five-times world champion who was a close friend of Fassi, the European champion in 1953 and 1954.</p>
<p>Nicole Bobek, Fassi's main pupil at the world championships, who placed 13th, and new champion Tara Lipinski also attended.</p>
</text>
<copyright>(c) Reuters Limited 1997</copyright>
<metadata>
<codes class="bip:countries:1.0">
  <code code="ITALY">
    <editdetail attribution="Reuters BIP Coding Group" action="confirmed" date="1997-03-23"/>
  </code>
  <code code="SWITZ">
    <editdetail attribution="Reuters BIP Coding Group" action="confirmed" date="1997-03-23"/>
  </code>
  <code code="USA">
    <editdetail attribution="Reuters BIP Coding Group" action="confirmed" date="1997-03-23"/>
  </code>
</codes>
<codes class="bip:topics:1.0">
  <code code="GCAT">
    <editdetail attribution="Reuters BIP Coding Group" action="confirmed" date="1997-03-23"/>
  </code>
  <code code="GSPO">
    <editdetail attribution="Reuters BIP Coding Group" action="confirmed" date="1997-03-23"/>
  </code>
</codes>
<dc element="dc.date.created" value="1997-03-23"/>
<dc element="dc.publisher" value="Reuters Holdings Plc"/>
<dc element="dc.date.published" value="1997-03-23"/>
<dc element="dc.source" value="Reuters"/>
<dc element="dc.creator.location" value="LAUSANNE, Switzerland"/>
<dc element="dc.creator.location.country.name" value="SWITZERLAND"/>
<dc element="dc.source" value="Reuters"/>
</metadata>
</newsitem>
