<?xml version="1.0" encoding="iso-8859-1" ?>
<newsitem itemid="461914" id="root" date="1997-03-23" xml:lang="en">
<title>HONG KONG: RUGBY-S.AFRICA BEAT FRANCE IN SEVENS QUARTER-FINAL.</title>
<headline>RUGBY-S.AFRICA BEAT FRANCE IN SEVENS QUARTER-FINAL.</headline>
<dateline>HONG KONG 1997-03-23</dateline>
<text>
<p>Holders England, with five full internationals in their side, were beaten 21-5 by a hard-tackling and speedy Western Samoa outfit in the quarter-finals of the World Cup Sevens on Sunday.</p>
<p>Coach Les Cusworth had warned that England had to break out of their normal 15-a-side style if they were to successfully defend the title and his forecast proved prophetic.</p>
<p>After a tight opening phase, Western Samoa scored through Terry Fanolua following a sweeping move from their own half, and a try from winger Brian Lima, who plays Super 12 rugby for the Auckland Blues, put them further ahead.</p>
<p>Afato Sooala made the score 21-0 with a converted try before England scrum-half Austin Healey put points on the scoreboard for the holders in the dying seconds.</p>
<p>The Samoans' dominance was underlined by the fact that England made it to the opposition's 22 metre area only on a couple of occasions.</p>
<p>&quot;We did not have any direction -- we were still playing it the wrong way,&quot; said England fly-half Mike Catt. &quot;We held our own early on but were not making any inroads. We never really threatened.&quot;</p>
<p>In the semi-finals the Western Samoans will play Fiji, who cantered into the semi-finals with a 56-0 win over tournament surprise packages South Korea.</p>
<p>Captain Waisale Serevi, who has vowed to take the Melrose Cup back to Fiji, scored two tries and eight conversions to bring his points tally for the event to 105 points.</p>
<p>South Africa made the last four with a 19-14 win over France but not before surviving a few anxious moments. Tries from Joost van der Westhuizen, Andre Snyman and Stephen Brink, two of them converted, gave South Africa a seemingly impregnable 19-0 lead.</p>
<p>But converted scores from Mickael Noel and Willy Taofifenua put France within touching distance. The South Africans will meet pre-tournament favourites New Zealand in the semis after they beat 1993 World Cup Sevens runners-up Australia 38-12.</p>
<p>Nineteen-year-old Calab Ralph of Bay of Plenty scored three tries to make winger David Campese's final game in an Australian shirt a losing one.</p>
</text>
<copyright>(c) Reuters Limited 1997</copyright>
<metadata>
<codes class="bip:countries:1.0">
  <code code="FRA">
    <editdetail attribution="Reuters BIP Coding Group" action="confirmed" date="1997-03-23"/>
  </code>
  <code code="HKONG">
    <editdetail attribution="Reuters BIP Coding Group" action="confirmed" date="1997-03-23"/>
  </code>
  <code code="SAFR">
    <editdetail attribution="Reuters BIP Coding Group" action="confirmed" date="1997-03-23"/>
  </code>
  <code code="UK">
    <editdetail attribution="Reuters BIP Coding Group" action="confirmed" date="1997-03-23"/>
  </code>
  <code code="WSOMOA">
    <editdetail attribution="Reuters BIP Coding Group" action="confirmed" date="1997-03-23"/>
  </code>
</codes>
<codes class="bip:topics:1.0">
  <code code="GCAT">
    <editdetail attribution="Reuters BIP Coding Group" action="confirmed" date="1997-03-23"/>
  </code>
  <code code="GSPO">
    <editdetail attribution="Reuters BIP Coding Group" action="confirmed" date="1997-03-23"/>
  </code>
</codes>
<dc element="dc.date.created" value="1997-03-23"/>
<dc element="dc.publisher" value="Reuters Holdings Plc"/>
<dc element="dc.date.published" value="1997-03-23"/>
<dc element="dc.source" value="Reuters"/>
<dc element="dc.creator.location" value="HONG KONG"/>
<dc element="dc.creator.location.country.name" value="HONG KONG"/>
<dc element="dc.source" value="Reuters"/>
</metadata>
</newsitem>
