<?xml version="1.0" encoding="iso-8859-1" ?>
<newsitem itemid="461967" id="root" date="1997-03-23" xml:lang="en">
<title>NETHERLANDS: ROOD TESTHOUSE SEES HIGHER 1997 NET PROFIT.</title>
<headline>ROOD TESTHOUSE SEES HIGHER 1997 NET PROFIT.</headline>
<dateline>AMSTERDAM 1997-03-23</dateline>
<text>
<p>Electronic chips testing</p>
<p>company Rood Testhouse said it expected to post</p>
<p>improved net profits in full-year 1997.</p>
<p>&quot;It is expected that market conditions in the semiconductors</p>
<p>industry will improve and efforts will be made to profit from</p>
<p>this in 1997,&quot; the company said in a statement.</p>
<p>&quot;The result of the French unit is expected to improve. Based</p>
<p>on these expectations the net result will increase,&quot; Rood</p>
<p>Testhouse said.</p>
<p>The company earlier reported full-year 1996 net profits</p>
<p>plunged to 0.16 million guilders from a year-earlier 3.69</p>
<p>million, reflecting substantial losses at its French operations,</p>
<p>a margin squeeze in testing activities and higher operating</p>
<p>costs due to exchange rate effects.</p>
<p>It said that in view of the turbulent market conditions and</p>
<p>its liquidity position, it would not pay a dividend over 1996.</p>
<p>-- Amsterdam newsroom +31 20 504 5000, Fax +31 20 504 5040</p>
</text>
<copyright>(c) Reuters Limited 1997</copyright>
<metadata>
<codes class="bip:countries:1.0">
  <code code="NETH">
    <editdetail attribution="Reuters BIP Coding Group" action="confirmed" date="1997-03-23"/>
  </code>
</codes>
<codes class="bip:industries:1.0">
  <code code="I34531">
    <editdetail attribution="Reuters BIP Coding Group" action="confirmed" date="1997-03-23"/>
  </code>
</codes>
<codes class="bip:topics:1.0">
  <code code="C15">
    <editdetail attribution="Reuters BIP Coding Group" action="confirmed" date="1997-03-23"/>
  </code>
  <code code="C152">
    <editdetail attribution="Reuters BIP Coding Group" action="confirmed" date="1997-03-23"/>
  </code>
  <code code="CCAT">
    <editdetail attribution="Reuters BIP Coding Group" action="confirmed" date="1997-03-23"/>
  </code>
</codes>
<dc element="dc.date.created" value="1997-03-23"/>
<dc element="dc.publisher" value="Reuters Holdings Plc"/>
<dc element="dc.date.published" value="1997-03-23"/>
<dc element="dc.source" value="Reuters"/>
<dc element="dc.creator.location" value="AMSTERDAM"/>
<dc element="dc.creator.location.country.name" value="NETHERLANDS"/>
<dc element="dc.source" value="Reuters"/>
</metadata>
</newsitem>
