<?xml version="1.0" encoding="iso-8859-1" ?>
<newsitem itemid="461921" id="root" date="1997-03-23" xml:lang="en">
<title>USA: NHL ICE HOCKEY-SATURDAY'S RESULTS.</title>
<headline>NHL ICE HOCKEY-SATURDAY'S RESULTS.</headline>
<dateline>NEW YORK 1997-03-23</dateline>
<text>
<p>Results of National Hockey</p>
<p>League games on Saturday (home team in CAPS):</p>
<p> Ottawa	    5   BOSTON	    4</p>
<p> New Jersey	3   PITTSBURGH	2</p>
<p> Philadelphia    3   NY ISLANDERS    3 (OT)</p>
<p> FLORIDA	   3   Buffalo	   2</p>
<p> Washington	3   MONTREAL	  1</p>
<p> Phoenix	   3   TORONTO	   0</p>
<p> LOS ANGELES     2   San Jose	  1</p>
<p> VANCOUVER	 3   Tampa Bay	 2</p>
</text>
<copyright>(c) Reuters Limited 1997</copyright>
<metadata>
<codes class="bip:countries:1.0">
  <code code="CANA">
    <editdetail attribution="Reuters BIP Coding Group" action="confirmed" date="1997-03-23"/>
  </code>
  <code code="USA">
    <editdetail attribution="Reuters BIP Coding Group" action="confirmed" date="1997-03-23"/>
  </code>
</codes>
<codes class="bip:topics:1.0">
  <code code="GCAT">
    <editdetail attribution="Reuters BIP Coding Group" action="confirmed" date="1997-03-23"/>
  </code>
  <code code="GSPO">
    <editdetail attribution="Reuters BIP Coding Group" action="confirmed" date="1997-03-23"/>
  </code>
</codes>
<dc element="dc.date.created" value="1997-03-23"/>
<dc element="dc.publisher" value="Reuters Holdings Plc"/>
<dc element="dc.date.published" value="1997-03-23"/>
<dc element="dc.source" value="Reuters"/>
<dc element="dc.creator.location" value="NEW YORK"/>
<dc element="dc.creator.location.country.name" value="USA"/>
<dc element="dc.source" value="Reuters"/>
</metadata>
</newsitem>
