<?xml version="1.0" encoding="iso-8859-1" ?>
<newsitem itemid="461996" id="root" date="1997-03-23" xml:lang="en">
<title>ZAIRE: Zaire jungle city returns to life with &quot;liberation&quot;.</title>
<headline>Zaire jungle city returns to life with &quot;liberation&quot;.</headline>
<byline>Matthew Bigg</byline>
<dateline>KISANGANI 1997-03-23</dateline>
<text>
<p>The jungle city of Kisangani, made prosperous by diamonds and famous by books like Joseph Conrad's &quot;Heart of Darkness&quot;, is coming to life after what residents call its liberation by rebels.</p>
<p>Hardly a building was touched when a motley crew of government troops and white mercenaries fled last weekend and the rebels walked in to take over.</p>
<p>The mainly Serbian mercenaries blazed a trail of terror in the month before Kisangani -- its years of neglect reflected in the weeds growing through half-finished buildings -- fell.</p>
<p>Formerly called Stanleyville, it is a commercial centre situated at the last navigable point on the great Zaire river but in the weeks that preceded the fall of the city, the mainstay diamond traders packed up and left, fearing violence.</p>
<p>Residents say people feared the Serb mercenaries led by a man they identified as Domenic Yugo, who witnesses say shot two pastors in cold blood last month while they held up their bibles and begged for mercy.</p>
<p>They equally feared Zairean President Mobutu Sese Seko's secret service, whose compound stands intact but empty after the liberation.</p>
<p>&quot;These are the prison cells, and this is where they took you if they were going to torture you,&quot; a former inmate, Guy Rongorongo, 24, told reporters, pointing into a tiny room, little more than a metre (yard) square, with a rope hanging from its ceiling.</p>
<p>In the 1960's, Kisangani was the seat of another rebel government, headed by Christophe Gbenye, who fought the then Kinshasa regime of Moise Tshombe.</p>
<p>But the city is also famous for its portrayal in Conrad's novel, which a century ago painted a picture of a town blighted by darkness, savagery and irrational fear. And actress Katherine Hepburn stayed in the city during the making of the film &quot;The African Queen&quot;.</p>
<p>More recently V.S. Naipaul's 1979 novel, &quot;A Bend in the River&quot;, described the experience of an Asian trader washed up in the city in a post-independence country, spellbound by the &quot;big man's&quot; role.</p>
<p>The fall of Kisangani has broken the hold of president Mobutu, Zaire&quot;s &quot;big man&quot;, reviled by many of his own people.</p>
<p>Rebel leader Laurent Kabila, whose Alliance of Democratic Forces for the Liberation of Congo-Zaire (AFDL) hold a fifth of Zaire, is now referred to as the city's protector.</p>
<p>In a bid to capitalise on the expectations of the people, the AFDL has stabilised the exchange rate for the United States dollar and halved the price of beer, water and electricity in Kisangani.</p>
<p>It has also organised the election of local and regional leaders. The takeover has stablised some business and diamond traders are back.</p>
<p>But Kabila carefully resists the accolade. &quot;I am not the liberator... I participated in the revolution. I don't want to be president. I want my people to be free and then I go back to my private life,&quot; he told journalists on Saturday.</p>
</text>
<copyright>(c) Reuters Limited 1997</copyright>
<metadata>
<codes class="bip:countries:1.0">
  <code code="ZAIRE">
    <editdetail attribution="Reuters BIP Coding Group" action="confirmed" date="1997-03-23"/>
  </code>
</codes>
<codes class="bip:topics:1.0">
  <code code="GCAT">
    <editdetail attribution="Reuters BIP Coding Group" action="confirmed" date="1997-03-23"/>
  </code>
  <code code="GPOL">
    <editdetail attribution="Reuters BIP Coding Group" action="confirmed" date="1997-03-23"/>
  </code>
  <code code="GVIO">
    <editdetail attribution="Reuters BIP Coding Group" action="confirmed" date="1997-03-23"/>
  </code>
</codes>
<dc element="dc.date.created" value="1997-03-23"/>
<dc element="dc.publisher" value="Reuters Holdings Plc"/>
<dc element="dc.date.published" value="1997-03-23"/>
<dc element="dc.source" value="Reuters"/>
<dc element="dc.creator.location" value="KISANGANI"/>
<dc element="dc.creator.location.country.name" value="ZAIRE"/>
<dc element="dc.source" value="Reuters"/>
</metadata>
</newsitem>
