<?xml version="1.0" encoding="iso-8859-1" ?>
<newsitem itemid="461959" id="root" date="1997-03-23" xml:lang="en">
<title>ITALY: ATHLETICS-TULU TAKES WOMEN'S WORLD CROSS COUNTRY TITLE.</title>
<headline>ATHLETICS-TULU TAKES WOMEN'S WORLD CROSS COUNTRY TITLE.</headline>
<dateline>TURIN, Italy 1997-03-23</dateline>
<text>
<p>Ethiopia's Derartu Tulu won the women's senior event run over 6.7 kms at the world cross country championships on Sunday in an unofficial time of 20 minutes and 53 seconds.</p>
<p>Paula Radcliffe of Britain finished second and Ethiopia's Gete Wami was third.</p>
</text>
<copyright>(c) Reuters Limited 1997</copyright>
<metadata>
<codes class="bip:countries:1.0">
  <code code="ETHPA">
    <editdetail attribution="Reuters BIP Coding Group" action="confirmed" date="1997-03-23"/>
  </code>
  <code code="ITALY">
    <editdetail attribution="Reuters BIP Coding Group" action="confirmed" date="1997-03-23"/>
  </code>
  <code code="UK">
    <editdetail attribution="Reuters BIP Coding Group" action="confirmed" date="1997-03-23"/>
  </code>
</codes>
<codes class="bip:topics:1.0">
  <code code="GCAT">
    <editdetail attribution="Reuters BIP Coding Group" action="confirmed" date="1997-03-23"/>
  </code>
  <code code="GSPO">
    <editdetail attribution="Reuters BIP Coding Group" action="confirmed" date="1997-03-23"/>
  </code>
</codes>
<dc element="dc.date.created" value="1997-03-23"/>
<dc element="dc.publisher" value="Reuters Holdings Plc"/>
<dc element="dc.date.published" value="1997-03-23"/>
<dc element="dc.source" value="Reuters"/>
<dc element="dc.creator.location" value="TURIN, Italy"/>
<dc element="dc.creator.location.country.name" value="ITALY"/>
<dc element="dc.source" value="Reuters"/>
</metadata>
</newsitem>
