<?xml version="1.0" encoding="iso-8859-1" ?>
<newsitem itemid="461957" id="root" date="1997-03-23" xml:lang="en">
<title>ITALY: ATHLETICS-KENYA'S TERGAT WINS WORLD CROSS COUNTRY TITLE.</title>
<headline>ATHLETICS-KENYA'S TERGAT WINS WORLD CROSS COUNTRY TITLE.</headline>
<dateline>TURIN, Italy 1997-03-23</dateline>
<text>
<p>Kenya's Paul Tergat won the senior men's race at the world cross country championships on Sunday in an unofficial time of 35 minutes 11 seconds.</p>
<p>Morocco's Salah Hissou was second and Kenya's Thomas Nyariki third.</p>
</text>
<copyright>(c) Reuters Limited 1997</copyright>
<metadata>
<codes class="bip:countries:1.0">
  <code code="ITALY">
    <editdetail attribution="Reuters BIP Coding Group" action="confirmed" date="1997-03-23"/>
  </code>
  <code code="KENYA">
    <editdetail attribution="Reuters BIP Coding Group" action="confirmed" date="1997-03-23"/>
  </code>
  <code code="MOROC">
    <editdetail attribution="Reuters BIP Coding Group" action="confirmed" date="1997-03-23"/>
  </code>
</codes>
<codes class="bip:topics:1.0">
  <code code="GCAT">
    <editdetail attribution="Reuters BIP Coding Group" action="confirmed" date="1997-03-23"/>
  </code>
  <code code="GSPO">
    <editdetail attribution="Reuters BIP Coding Group" action="confirmed" date="1997-03-23"/>
  </code>
</codes>
<dc element="dc.date.created" value="1997-03-23"/>
<dc element="dc.publisher" value="Reuters Holdings Plc"/>
<dc element="dc.date.published" value="1997-03-23"/>
<dc element="dc.source" value="Reuters"/>
<dc element="dc.creator.location" value="TURIN, Italy"/>
<dc element="dc.creator.location.country.name" value="ITALY"/>
<dc element="dc.source" value="Reuters"/>
</metadata>
</newsitem>
