<?xml version="1.0" encoding="iso-8859-1" ?>
<newsitem itemid="461965" id="root" date="1997-03-23" xml:lang="en">
<title>SOUTH AFRICA: NSA DILUTED EARNINGS UP ON HALF-YEAR.</title>
<headline>NSA DILUTED EARNINGS UP ON HALF-YEAR.</headline>
<dateline>JOHANNESBURG 1997-03-23</dateline>
<text>
<p>NSA Investments Ltd on Sunday announced diluted earnings per share up 24 percent from 29 cents to 36 cents for the six months ending December 31, 1996.</p>
<p>&quot;Our deal flow is positive and we will continue to look at large and attractive propositions,&quot; company chairman Arnie Witkin said in a statement.</p>
<p>&quot;All of our existing investments are involved in acquisitive growth strategies and new investments are being explored.&quot;</p>
<p>He said NSA's strategy was to acquire significant minority interests in high growth listed and unlisted businesses to which it could add strategic value.</p>
<p>The company raised 281 million rand by way of a rights issue in November 1996. Since then it has invested 295 million rand in listed investments, the market value of which had increased by 62 percent to 477 million rand at March 14 this year. </p>
<p>NSA also invested 57 million rand in unlisted investments.</p>
<p>Witkin said diluted net asset value per share had increased by 15 percent from July 1, 1996 to March 14, 1997, and added:</p>
<p>&quot;Nearly all of the unlisted investments are undergoing step changes and a review of the values will be undertaken at the company's financial year-end, June 30, 1997.&quot;</p>
<p>Earlier this year, NSA announced the unbundling of its holdings in Education Investment Corp Ltd (Educor) and Housewares Group Ltd , which the company said would yield 169 million rand. </p>
<p>NSA said although all of the rights issue money had been invested, the company expected to receive between 80 and 90 million rand on the exercise of its share options and a 250 million rand finance facility which has been established, making over 300 million rand available for further investment.</p>
<p>-- Johannesburg newsroom, +27 11 482 1003</p>
</text>
<copyright>(c) Reuters Limited 1997</copyright>
<metadata>
<codes class="bip:countries:1.0">
  <code code="SAFR">
    <editdetail attribution="Reuters BIP Coding Group" action="confirmed" date="1997-03-23"/>
  </code>
</codes>
<codes class="bip:industries:1.0">
  <code code="I61000">
    <editdetail attribution="Reuters BIP Coding Group" action="confirmed" date="1997-03-23"/>
  </code>
</codes>
<codes class="bip:topics:1.0">
  <code code="C15">
    <editdetail attribution="Reuters BIP Coding Group" action="confirmed" date="1997-03-23"/>
  </code>
  <code code="C151">
    <editdetail attribution="Reuters BIP Coding Group" action="confirmed" date="1997-03-23"/>
  </code>
  <code code="CCAT">
    <editdetail attribution="Reuters BIP Coding Group" action="confirmed" date="1997-03-23"/>
  </code>
</codes>
<dc element="dc.date.created" value="1997-03-23"/>
<dc element="dc.publisher" value="Reuters Holdings Plc"/>
<dc element="dc.date.published" value="1997-03-23"/>
<dc element="dc.source" value="Reuters"/>
<dc element="dc.creator.location" value="JOHANNESBURG"/>
<dc element="dc.creator.location.country.name" value="SOUTH AFRICA"/>
<dc element="dc.source" value="Reuters"/>
</metadata>
</newsitem>
