<?xml version="1.0" encoding="iso-8859-1" ?>
<newsitem itemid="461953" id="root" date="1997-03-23" xml:lang="en">
<title>ITALY: SOCCER-ITALIAN FIRST DIVISION RESULTS.</title>
<headline>SOCCER-ITALIAN FIRST DIVISION RESULTS.</headline>
<dateline>ROME 1997-03-23</dateline>
<text>
<p>Results of Italian first</p>
<p>division soccer matches played on Sunday:</p>
<p> Atalanta   0 Milan	2</p>
<p> Fiorentina 1 Parma	0</p>
<p> Inter	2 Verona     1</p>
<p> Napoli     0 Juventus   0</p>
<p> Perugia    3 Cagliari   2</p>
<p> Piacenza   2 Sampdoria  2</p>
<p> Reggiana   0 Udinese    0</p>
<p> Vicenza    0 Lazio	2</p>
<p>Roma vs Bologna 1930 GMT kick-off</p>
</text>
<copyright>(c) Reuters Limited 1997</copyright>
<metadata>
<codes class="bip:countries:1.0">
  <code code="ITALY">
    <editdetail attribution="Reuters BIP Coding Group" action="confirmed" date="1997-03-23"/>
  </code>
</codes>
<codes class="bip:topics:1.0">
  <code code="GCAT">
    <editdetail attribution="Reuters BIP Coding Group" action="confirmed" date="1997-03-23"/>
  </code>
  <code code="GSPO">
    <editdetail attribution="Reuters BIP Coding Group" action="confirmed" date="1997-03-23"/>
  </code>
</codes>
<dc element="dc.date.created" value="1997-03-23"/>
<dc element="dc.publisher" value="Reuters Holdings Plc"/>
<dc element="dc.date.published" value="1997-03-23"/>
<dc element="dc.source" value="Reuters"/>
<dc element="dc.creator.location" value="ROME"/>
<dc element="dc.creator.location.country.name" value="ITALY"/>
<dc element="dc.source" value="Reuters"/>
</metadata>
</newsitem>
