<?xml version="1.0" encoding="iso-8859-1" ?>
<newsitem itemid="461972" id="root" date="1997-03-23" xml:lang="en">
<title>UK: British mortgage lenders launch code of practice.</title>
<headline>British mortgage lenders launch code of practice.</headline>
<dateline>LONDON 1997-03-22</dateline>
<text>
<p>Britain's Council of Mortgage Lenders on Saturday launched a new code of practice providing a complete benchmark of minimum standards which mortgage lenders will follow.</p>
<p>The code covers the whole mortgage lending process, from marketing, through the sales process, to the lender's handling of the customer's affairs and any complaints or financial difficulties that may apply.</p>
<p>It was welcomed by consumers and practitioners alike, but the Consumers' Association said the code is not completely watertight.</p>
<p>It said some mortgage advisers such as mortgage brokers and independent financial advisers could slip through the net as CML's rules do not apply to them and they may be able to escape the Code's vital &quot;best advice&quot; requirement.</p>
<p>The CML said it has recognised the fact that as many as 50 percent of mortgages that are sold by intermediaries and said it has set up a working group to draw up detailed proposals on a registration scheme for intermediaries.</p>
<p>But the Consumers' Association said the resulting code is unlikely to have enough power and that regulations under the Financial Services Act would be the best way to cover the actions of all mortgage advisers.</p>
<p>The Code will come into effect on July 1, 1997 and has been produced at the same time as a revision of the Banking Code which covers banking practice more generally.</p>
</text>
<copyright>(c) Reuters Limited 1997</copyright>
<metadata>
<codes class="bip:countries:1.0">
  <code code="UK">
    <editdetail attribution="Reuters BIP Coding Group" action="confirmed" date="1997-03-23"/>
  </code>
</codes>
<codes class="bip:industries:1.0">
  <code code="I81501">
    <editdetail attribution="Reuters BIP Coding Group" action="confirmed" date="1997-03-23"/>
  </code>
  <code code="I8150103">
    <editdetail attribution="Reuters BIP Coding Group" action="confirmed" date="1997-03-23"/>
  </code>
</codes>
<codes class="bip:topics:1.0">
  <code code="C13">
    <editdetail attribution="Reuters BIP Coding Group" action="confirmed" date="1997-03-23"/>
  </code>
  <code code="C21">
    <editdetail attribution="Reuters BIP Coding Group" action="confirmed" date="1997-03-23"/>
  </code>
  <code code="CCAT">
    <editdetail attribution="Reuters BIP Coding Group" action="confirmed" date="1997-03-23"/>
  </code>
</codes>
<dc element="dc.date.created" value="1997-03-22"/>
<dc element="dc.publisher" value="Reuters Holdings Plc"/>
<dc element="dc.date.published" value="1997-03-23"/>
<dc element="dc.source" value="Reuters"/>
<dc element="dc.creator.location" value="LONDON"/>
<dc element="dc.creator.location.country.name" value="UK"/>
<dc element="dc.source" value="Reuters"/>
</metadata>
</newsitem>
