<?xml version="1.0" encoding="iso-8859-1" ?>
<newsitem itemid="461909" id="root" date="1997-03-23" xml:lang="en">
<title>HONG KONG: RUGBY UNION-FIJI FIGHT BACK TO WIN WORLD CUP.</title>
<headline>RUGBY UNION-FIJI FIGHT BACK TO WIN WORLD CUP.</headline>
<dateline>HONG KONG 1997-03-23</dateline>
<text>
<p>Fiji, with a biblical inscription on their jerseys to inspire them, fought back from 14-0 behind to beat South Africa 24-21 in the final of the World Cup Sevens on Sunday.</p>
<p>The Fijians, winners of a record seven Hong Kong Sevens but eclipsed by New Zealand for the past three years, used their amazing power, pace and vision to overhaul South Africa and prevent them from adding the sevens crown to the World Cup 15s title they lifted in 1995.</p>
<p>Fiji, with the Bible reference &quot;I can do everything through him who gives me strength&quot; penned on their jerseys, regained their composure after South Africa ran in two early tries.</p>
<p>South Africa put in some great hits in the opening minutes and on the counter-attack scored twice through Free State flanker Andre Venter.</p>
<p>But the lightning-quick Marika Vunibaka pulled a try back before half-time and a sweeping move after the break saw Luke Erenavula score a converted try to level the score at 14-14.</p>
<p>That was the signal for Fiji to up the tempo, and with South Africa running out of steam, Lemeki Koroi scored twice to put the result beyond doubt.</p>
<p>Stephen Brink scored a try which he converted a minute before the end but it was too late for the South Africans.</p>
<p>&quot;We were physically, mentally and spiritually stronger than the other teams,&quot; said Fiji captain Waisale Serevi, a devout Christian who had vowed to take the World Cup back to his homeland.</p>
<p>&quot;We have a strong team and the four sprinters in the side made the difference.&quot;</p>
<p>Fiji were favourites to win the first World Cup Sevens four years ago in Scotland but lost in the semifinals to eventual winners England.</p>
<p>In the quarter-finals, England, with five full internationals in their side, were beaten 21-5 by a hard-tackling and speedy Western Samoa outfit.</p>
<p>Pre-tournament favourites New Zealand were handed their first defeat in Hong Kong in four years when they crashed 31-7 to South Africa in the semifinals.</p>
<p>South Africa were too quick and committed for a New Zealand side who were missing the powerful Jonah Lomu, Christian Cullen and Waisake Masirewa from last year's Hong Kong Sevens winning team.</p>
<p>&quot;It's strange to lose after 21 games in Hong Kong without defeat,&quot; said New Zealand coach Gordon Tietjens, who has led the team to three straight wins in the Hong Kong Sevens.</p>
<p>Four tries from the long-striding Vunibaka powered Fiji into the final with a 38-14 victory over Western Samoa.</p>
</text>
<copyright>(c) Reuters Limited 1997</copyright>
<metadata>
<codes class="bip:countries:1.0">
  <code code="FIJI">
    <editdetail attribution="Reuters BIP Coding Group" action="confirmed" date="1997-03-23"/>
  </code>
  <code code="HKONG">
    <editdetail attribution="Reuters BIP Coding Group" action="confirmed" date="1997-03-23"/>
  </code>
  <code code="NZ">
    <editdetail attribution="Reuters BIP Coding Group" action="confirmed" date="1997-03-23"/>
  </code>
  <code code="SAFR">
    <editdetail attribution="Reuters BIP Coding Group" action="confirmed" date="1997-03-23"/>
  </code>
</codes>
<codes class="bip:topics:1.0">
  <code code="GCAT">
    <editdetail attribution="Reuters BIP Coding Group" action="confirmed" date="1997-03-23"/>
  </code>
  <code code="GSPO">
    <editdetail attribution="Reuters BIP Coding Group" action="confirmed" date="1997-03-23"/>
  </code>
</codes>
<dc element="dc.date.created" value="1997-03-23"/>
<dc element="dc.publisher" value="Reuters Holdings Plc"/>
<dc element="dc.date.published" value="1997-03-23"/>
<dc element="dc.source" value="Reuters"/>
<dc element="dc.creator.location" value="HONG KONG"/>
<dc element="dc.creator.location.country.name" value="HONG KONG"/>
<dc element="dc.source" value="Reuters"/>
</metadata>
</newsitem>
