<?xml version="1.0" encoding="iso-8859-1" ?>
<newsitem itemid="461962" id="root" date="1997-03-23" xml:lang="en">
<title>FRANCE: FRENCH CHESS PRODIGY BECOMES YOUNGEST GRANDMASTER.</title>
<headline>FRENCH CHESS PRODIGY BECOMES YOUNGEST GRANDMASTER.</headline>
<dateline>PARIS 1997-03-22</dateline>
<text>
<p>A French teenager became the world's youngest-ever chess Grandmaster on Saturday at the age of 14 years and two months by winning a tournament near Paris.</p>
<p>Etienne Bacrot, who began playing at the age of four, won the masters tournament at Enghien-les-Bains to win the title of Grandmaster after a string of international successes.</p>
<p>Born on January 22, 1983, he beat the previous youth record held by Hungarian Peter Leko who secured the title of Grandmaster at fourteen years six months in 1994.</p>
</text>
<copyright>(c) Reuters Limited 1997</copyright>
<metadata>
<codes class="bip:countries:1.0">
  <code code="FRA">
    <editdetail attribution="Reuters BIP Coding Group" action="confirmed" date="1997-03-23"/>
  </code>
</codes>
<codes class="bip:topics:1.0">
  <code code="GCAT">
    <editdetail attribution="Reuters BIP Coding Group" action="confirmed" date="1997-03-23"/>
  </code>
  <code code="GSPO">
    <editdetail attribution="Reuters BIP Coding Group" action="confirmed" date="1997-03-23"/>
  </code>
</codes>
<dc element="dc.date.created" value="1997-03-22"/>
<dc element="dc.publisher" value="Reuters Holdings Plc"/>
<dc element="dc.date.published" value="1997-03-23"/>
<dc element="dc.source" value="Reuters"/>
<dc element="dc.creator.location" value="PARIS"/>
<dc element="dc.creator.location.country.name" value="FRANCE"/>
<dc element="dc.source" value="Reuters"/>
</metadata>
</newsitem>
