<?xml version="1.0" encoding="iso-8859-1" ?>
<newsitem itemid="461922" id="root" date="1997-03-23" xml:lang="en">
<title>USA: NBA BASKETBALL-STANDINGS AFTER SATURDAY'S GAMES.</title>
<headline>NBA BASKETBALL-STANDINGS AFTER SATURDAY'S GAMES.</headline>
<dateline>NEW YORK 1997-03-23</dateline>
<text>
<p>Standings of National</p>
<p>Basketball Association teams after games played on Saturday</p>
<p>(tabulate under won, lost, winning percentage, games behind):</p>
<p>		EASTERN CONFERENCE</p>
<p>		ATLANTIC DIVISION</p>
<p>			W    L    PCT  GB</p>
<p> X-MIAMI	   50   17   .746   -</p>
<p> X-NEW YORK	49   19   .721   1 1/2</p>
<p> ORLANDO	   38   29   .567  12</p>
<p> WASHINGTON	33   35   .485  17 1/2</p>
<p> NEW JERSEY	20   46   .303  29 1/2</p>
<p> PHILADELPHIA    18   49   .269  32</p>
<p> BOSTON	    13   56   .188  38</p>
<p>		CENTRAL DIVISION</p>
<p>			W    L    PCT  GB</p>
<p> X-CHICAGO	 59    9   .868   -</p>
<p> X-DETROIT	 48   20   .706  11</p>
<p> ATLANTA	   46   22   .676  13</p>
<p> CHARLOTTE	 45   24   .652  14 1/2</p>
<p> CLEVELAND	 36   31   .537  22 1/2</p>
<p> INDIANA	   31   36   .463  27 1/2</p>
<p> MILWAUKEE	 28   39   .418  30 1/2</p>
<p> TORONTO	   25   43   .368  34</p>
<p>		WESTERN CONFERENCE</p>
<p>		 MIDWEST DIVISION</p>
<p>			W    L    PCT  GB</p>
<p> X-UTAH	    51   17   .750   -</p>
<p> X-HOUSTON	 45   23   .662   6</p>
<p> MINNESOTA	 33   34   .493  17 1/2</p>
<p> DALLAS	    22   45   .328  28 1/2</p>
<p> DENVER	    19   48   .284  31 1/2</p>
<p> SAN ANTONIO     16   51   .239  34 1/2</p>
<p> VANCOUVER	 12   58   .171  40</p>
<p>	     PACIFIC DIVISION</p>
<p>			W    L    PCT  GB</p>
<p> X-SEATTLE	 47   20   .701   -</p>
<p> X-LA LAKERS     45   22   .672   2</p>
<p> PORTLAND	  40   29   .580   8</p>
<p> LA CLIPPERS     29   37   .439  17 1/2</p>
<p> PHOENIX	   29   39   .426  18 1/2</p>
<p> SACRAMENTO	29   40   .420  19</p>
<p> GOLDEN STATE    25   43   .368  22 1/2</p>
<p>X -- CLINCHED PLAYOFF BERTH</p>
<p>SUNDAY, MARCH 23 SCHEDULE</p>
<p>LA LAKERS AT ORLANDO</p>
<p>NEW JERSEY AT BOSTON</p>
<p>ATLANTA AT TORONTO  </p>
<p>MIAMI AT MINNESOTA  </p>
<p>PORTLAND AT NEW YORK</p>
<p> UTAH AT DENVER	</p>
<p>SAN ANTONIO AT LA CLIPPERS</p>
<p>SEATTLE AT VANCOUVER</p>
</text>
<copyright>(c) Reuters Limited 1997</copyright>
<metadata>
<codes class="bip:countries:1.0">
  <code code="USA">
    <editdetail attribution="Reuters BIP Coding Group" action="confirmed" date="1997-03-23"/>
  </code>
</codes>
<codes class="bip:topics:1.0">
  <code code="GCAT">
    <editdetail attribution="Reuters BIP Coding Group" action="confirmed" date="1997-03-23"/>
  </code>
  <code code="GSPO">
    <editdetail attribution="Reuters BIP Coding Group" action="confirmed" date="1997-03-23"/>
  </code>
</codes>
<dc element="dc.date.created" value="1997-03-23"/>
<dc element="dc.publisher" value="Reuters Holdings Plc"/>
<dc element="dc.date.published" value="1997-03-23"/>
<dc element="dc.source" value="Reuters"/>
<dc element="dc.creator.location" value="NEW YORK"/>
<dc element="dc.creator.location.country.name" value="USA"/>
<dc element="dc.source" value="Reuters"/>
</metadata>
</newsitem>
