<?xml version="1.0" encoding="iso-8859-1" ?>
<newsitem itemid="461911" id="root" date="1997-03-23" xml:lang="en">
<title>HONG KONG: RUGBY UNION-SOUTH AFRICA UPSET NEW ZEALAND.</title>
<headline>RUGBY UNION-SOUTH AFRICA UPSET NEW ZEALAND.</headline>
<dateline>HONG KONG 1997-03-23</dateline>
<text>
<p>New Zealand crashed to their first defeat in four years in Hong Kong when they were outclassed 31-7 by South Africa in the semifinals of the World Cup Sevens on Sunday.</p>
<p>South Africa, who lifted the World Cup 15s title with a win over New Zealand in 1995, were too quick and committed for a New Zealand side who were missing the powerful Jonah Lomu, Christian Cullen and Waisake Masirewa from last year's Hong Kong Sevens winning team.</p>
<p>South Africa, with playmaker Joost van der Westhuizen in cracking form, hardly let New Zealand into the game and ran away to a convincing victory.</p>
<p>Stephen Brink scored two tries and Andre Venter, Bobby Skinstad and Jacques Olivier also touched down.</p>
<p>&quot;It's strange to lose after 21 games in Hong Kong without defeat,&quot; said New Zealand coach Gordon Tietjens, who has led the team to three straight wins in the Hong Kong Sevens, an unofficial world championship.</p>
<p>&quot;We were beaten by a very committed, talented side who had size, pace and were very skilful.&quot;</p>
<p>Fiji beat Western Samoa 38-14 in the other semifinal to book their place in the final.</p>
<p>Western Samoa took the lead after just a minute when New Zealand referee Paddy O'Brien awarded a penalty try against Fiji for persistent offside.</p>
<p>After conceding their first points of the tournament, Fiji stepped up a gear and the long-striding Marika Vunibaka scored four successive tries.</p>
</text>
<copyright>(c) Reuters Limited 1997</copyright>
<metadata>
<codes class="bip:countries:1.0">
  <code code="HKONG">
    <editdetail attribution="Reuters BIP Coding Group" action="confirmed" date="1997-03-23"/>
  </code>
  <code code="NZ">
    <editdetail attribution="Reuters BIP Coding Group" action="confirmed" date="1997-03-23"/>
  </code>
  <code code="SAFR">
    <editdetail attribution="Reuters BIP Coding Group" action="confirmed" date="1997-03-23"/>
  </code>
</codes>
<codes class="bip:topics:1.0">
  <code code="GCAT">
    <editdetail attribution="Reuters BIP Coding Group" action="confirmed" date="1997-03-23"/>
  </code>
  <code code="GSPO">
    <editdetail attribution="Reuters BIP Coding Group" action="confirmed" date="1997-03-23"/>
  </code>
</codes>
<dc element="dc.date.created" value="1997-03-23"/>
<dc element="dc.publisher" value="Reuters Holdings Plc"/>
<dc element="dc.date.published" value="1997-03-23"/>
<dc element="dc.source" value="Reuters"/>
<dc element="dc.creator.location" value="HONG KONG"/>
<dc element="dc.creator.location.country.name" value="HONG KONG"/>
<dc element="dc.source" value="Reuters"/>
</metadata>
</newsitem>
