<?xml version="1.0" encoding="iso-8859-1" ?>
<newsitem itemid="462094" id="root" date="1997-03-23" xml:lang="en">
<title>AUSTRALIA: Australia returns 114 boatpeople to China.</title>
<headline>Australia returns 114 boatpeople to China.</headline>
<dateline>SYDNEY 1997-03-23</dateline>
<text>
<p>The Australian government said on Sunday it had returned 114 boatpeople to China, reducing the number of illegal immigrants being held in a remote detention centre by about a third.</p>
<p>Australian Immigration Minister Philip Ruddock said in a statement those returned included a group of 70 who had been stranded off the Indonesian resort island of Lombok before being rescued on March 6 by a cattle ship off northern Australia.</p>
<p>Ruddock said none of those returned to China had qualified as &quot;bona fide&quot; refugees. Some had been held at the Port Hedland detention camp on the north-western coast of Australia for more than two years.</p>
<p>&quot;When illegal immigrants arrive in Australia they will be sent home immediately if they do not have a claim to remain here,&quot; Ruddock said.</p>
<p>&quot;It was unfortunate that some of the...illegal immigrants sent back at the weekend had been in detention for longer periods. Many had been involved in extensive litigation that had ultimately proved fruitless,&quot; he said.</p>
<p>Ruddock added that 161 mainly ethnic Chinese remained in detention at Port Hedland.</p>
</text>
<copyright>(c) Reuters Limited 1997</copyright>
<metadata>
<codes class="bip:countries:1.0">
  <code code="AUSTR">
    <editdetail attribution="Reuters BIP Coding Group" action="confirmed" date="1997-03-23"/>
  </code>
  <code code="CHINA">
    <editdetail attribution="Reuters BIP Coding Group" action="confirmed" date="1997-03-23"/>
  </code>
</codes>
<codes class="bip:topics:1.0">
  <code code="GCAT">
    <editdetail attribution="Reuters BIP Coding Group" action="confirmed" date="1997-03-23"/>
  </code>
  <code code="GDIP">
    <editdetail attribution="Reuters BIP Coding Group" action="confirmed" date="1997-03-23"/>
  </code>
  <code code="GPOL">
    <editdetail attribution="Reuters BIP Coding Group" action="confirmed" date="1997-03-23"/>
  </code>
</codes>
<dc element="dc.date.created" value="1997-03-23"/>
<dc element="dc.publisher" value="Reuters Holdings Plc"/>
<dc element="dc.date.published" value="1997-03-23"/>
<dc element="dc.source" value="Reuters"/>
<dc element="dc.creator.location" value="SYDNEY"/>
<dc element="dc.creator.location.country.name" value="AUSTRALIA"/>
<dc element="dc.source" value="Reuters"/>
</metadata>
</newsitem>
