<?xml version="1.0" encoding="iso-8859-1" ?>
<newsitem itemid="462005" id="root" date="1997-03-23" xml:lang="en">
<title>SENEGAL: Senegal and European Union start fishing talks.</title>
<headline>Senegal and European Union start fishing talks.</headline>
<dateline>DAKAR 1997-03-23</dateline>
<text>
<p>Senegal and the European Union (EU) began a fifth round of talks on Sunday to try to reach an elusive new agreement on fishing rights, following a string of failures.</p>
<p>&quot;We are meeting after five months of suspension and we are convinced that this will be the last round, and will be a positive one,&quot; Diagua Gueye, head of the Senegalese delegation, told the opening of the talks in the capital Dakar.</p>
<p>The two sides failed in November to agree conditions for renewing their traditional two-year fishing agreement.  </p>
<p>&quot;We are determined to go forward and sign very, very fast a new protocol with the European Union,&quot; Diagua Gueye added.</p>
<p>During the previous rounds of talks, Senegal was demanding a payment of 18 million European Currency Units (ECUs) to allow EU boats to fish in its waters. The EU offered only 10 million ECUs as compensation.</p>
<p>&quot;I can assure you, that I step into this fifth and, I hope last round, of negotiation with an open mind and with a will to reach an agreement,&quot; said Emilio Mastracchio, head of the EU delegation.</p>
<p>Senegal became the first country to sign a protocol of this nature with the EU in 1979.</p>
<p>&quot;Many will not understand after such a long and fruitful cooperation, our talks being deadlocked for so long,&quot; Senegal's Diagua Gueye said.</p>
<p>The European Union gave Senegal 31.2 million ECUs for 1992-94 and 15.8 millions ECUs for 1994-96.</p>
<p>($1=1.15 ECUs)</p>
</text>
<copyright>(c) Reuters Limited 1997</copyright>
<metadata>
<codes class="bip:countries:1.0">
  <code code="EEC">
    <editdetail attribution="Reuters BIP Coding Group" action="confirmed" date="1997-03-23"/>
  </code>
  <code code="SENEG">
    <editdetail attribution="Reuters BIP Coding Group" action="confirmed" date="1997-03-23"/>
  </code>
</codes>
<codes class="bip:industries:1.0">
  <code code="I03000">
    <editdetail attribution="Reuters BIP Coding Group" action="confirmed" date="1997-03-23"/>
  </code>
</codes>
<codes class="bip:topics:1.0">
  <code code="C13">
    <editdetail attribution="Reuters BIP Coding Group" action="confirmed" date="1997-03-23"/>
  </code>
  <code code="CCAT">
    <editdetail attribution="Reuters BIP Coding Group" action="confirmed" date="1997-03-23"/>
  </code>
  <code code="E51">
    <editdetail attribution="Reuters BIP Coding Group" action="confirmed" date="1997-03-23"/>
  </code>
  <code code="E512">
    <editdetail attribution="Reuters BIP Coding Group" action="confirmed" date="1997-03-23"/>
  </code>
  <code code="ECAT">
    <editdetail attribution="Reuters BIP Coding Group" action="confirmed" date="1997-03-23"/>
  </code>
  <code code="G15">
    <editdetail attribution="Reuters BIP Coding Group" action="confirmed" date="1997-03-23"/>
  </code>
  <code code="G153">
    <editdetail attribution="Reuters BIP Coding Group" action="confirmed" date="1997-03-23"/>
  </code>
  <code code="G158">
    <editdetail attribution="Reuters BIP Coding Group" action="confirmed" date="1997-03-23"/>
  </code>
  <code code="GCAT">
    <editdetail attribution="Reuters BIP Coding Group" action="confirmed" date="1997-03-23"/>
  </code>
</codes>
<dc element="dc.date.created" value="1997-03-23"/>
<dc element="dc.publisher" value="Reuters Holdings Plc"/>
<dc element="dc.date.published" value="1997-03-23"/>
<dc element="dc.source" value="Reuters"/>
<dc element="dc.creator.location" value="DAKAR"/>
<dc element="dc.creator.location.country.name" value="SENEGAL"/>
<dc element="dc.source" value="Reuters"/>
</metadata>
</newsitem>
