<?xml version="1.0" encoding="iso-8859-1" ?>
<newsitem itemid="462006" id="root" date="1997-03-23" xml:lang="en">
<title>ANGOLA: U.N. chief speaks to crowd, calls for landmine ban.</title>
<headline>U.N. chief speaks to crowd, calls for landmine ban.</headline>
<byline>John Fleming</byline>
<dateline>KUITO, Angola 1997-03-23</dateline>
<text>
<p>U.N. Secretary-General Kofi Annan spoke to a cheering crowd during a driving rainstorm on Sunday, but the bad weather forced the cancellation of a scheduled meeting with UNITA leader Jonas Savimbi.</p>
<p>&quot;It saddens me to see the destruction here,&quot; said Annan, speaking in Kuito's town square, surrounded by bombed-out and bullet-riddled municipal buildings.</p>
<p>&quot;I want to assure the Angolan people that the international community and the United Nations in particular will continue to assist the Angolan people in their quest for peace and reconciliation,&quot; he said.</p>
<p>Annan visited the central highlands city, site of vicious fighting between government and UNITA troops in 1993 and 1994, during a four-day trip to Angola.</p>
<p>U.N. officials said the rains were too heavy for the aircraft carrying Annan to land safely in nearby Bailundo, where Savimbi has his headquarters.</p>
<p>The talks have apparently been rescheduled for Monday morning in Bailundo, according to U.N. sources.</p>
<p>The former UNITA rebel movement and the government signed a peace accord in 1994. The 2-1/2 years of peace since then is the longest peace the country has known since it plunged into civil war on independence from Portugal in 1975.</p>
<p>Annan's visit comes at a time when Angola's long peace process shows signs of progress.</p>
<p>The U.N. peacekeeping mission here, the largest in the world, is meant to oversee the implementation of the accord. The establishment of a unity government -- signalling a formal end of hostilities between the two sides -- could come as early as the end of the month.</p>
<p>On Friday UNITA agreed to send its remaining deputies to take up their seats in the National Assembly and members of the national unity government to Luanda.</p>
<p>But as of nightfall on Sunday, the planeload of UNITA deputies had failed to appear.</p>
<p>Annan also used the occasion at Kuito to call for a ban on the production and use of landmines, highlighted in January by Britain's Princess Diana, who paid a high profile visit to mine victims in Angola to campaign for a global ban on the weapons.</p>
<p>&quot;I have witnessed the destruction of people in Kuito,&quot; Annan said. &quot;It has been particularly sad to see so many landmine victims. What I have seen reinforces my determination to do what I can to ban the production and use of landmines.&quot;</p>
</text>
<copyright>(c) Reuters Limited 1997</copyright>
<metadata>
<codes class="bip:countries:1.0">
  <code code="ANGOL">
    <editdetail attribution="Reuters BIP Coding Group" action="confirmed" date="1997-03-23"/>
  </code>
  <code code="UN">
    <editdetail attribution="Reuters BIP Coding Group" action="confirmed" date="1997-03-23"/>
  </code>
</codes>
<codes class="bip:topics:1.0">
  <code code="GCAT">
    <editdetail attribution="Reuters BIP Coding Group" action="confirmed" date="1997-03-23"/>
  </code>
  <code code="GDEF">
    <editdetail attribution="Reuters BIP Coding Group" action="confirmed" date="1997-03-23"/>
  </code>
  <code code="GDIP">
    <editdetail attribution="Reuters BIP Coding Group" action="confirmed" date="1997-03-23"/>
  </code>
</codes>
<dc element="dc.date.created" value="1997-03-23"/>
<dc element="dc.publisher" value="Reuters Holdings Plc"/>
<dc element="dc.date.published" value="1997-03-23"/>
<dc element="dc.source" value="Reuters"/>
<dc element="dc.creator.location" value="KUITO, Angola"/>
<dc element="dc.creator.location.country.name" value="ANGOLA"/>
<dc element="dc.source" value="Reuters"/>
</metadata>
</newsitem>
