<?xml version="1.0" encoding="iso-8859-1" ?>
<newsitem itemid="462009" id="root" date="1997-03-23" xml:lang="en">
<title>ZAIRE: Zaire's Shaba copperbelt hopes for post-war boom.</title>
<headline>Zaire's Shaba copperbelt hopes for post-war boom.</headline>
<byline>Richard Meares</byline>
<dateline>LUBUMBASHI, Zaire 1997-03-23</dateline>
<text>
<p>The people of Shaba province, whose mineral wealth has helped keep President Mobutu Sese Seko's Zaire afloat during three decades of chaos and decline, have high hopes of Laurent Kabila's rebellion.</p>
<p>Ordinary people complain that corruption and self-enrichment by officials have eaten away at hopes of economic progress.</p>
<p>&quot;He must go away, that crazy crook president,&quot; a waiter in a city centre cafe commented bitterly.</p>
<p>The region, better known locally by its traditional name Katanga, is sitting on some of the world's richest reserves of copper, cobalt and other precious minerals.</p>
<p>Previous challenges to Mobutu's rule have failed but now rebels under Laurent Kabila, himself a Katangan, are putting up the most serious challenge to his rule to date.</p>
<p>With Mobutu, 66, weak from cancer treatment, Kabila's forces control one fifth of Zaire and say they are 200 km (125 miles) from Shaba's capital Lubumbashi, Zaire's second city.</p>
<p>Residents eagerly await their arrival.</p>
<p>They swap the tales they have heard of a better life in the rebel-held east of the country, where they say the rule of law has been imposed, corrupt police and officials get their deserved rebuke or punishment and money and wages once again have real worth.</p>
<p>Sociology student Assani Mandevu, born in 1965, the year Mobutu seized power, hopes for a brighter future. &quot;I want him (Mubutu) to see the rebels take power by force and watch what a good job they do of running the country he has ruined,&quot; he said.</p>
<p>The prospect of a new government has come at a time when political changes across southern Africa and new economic realities are giving Shaba's economy fresh hope.</p>
<p>Two decades after nationalisation, state-owned Gecamines, which controls Shaba's mines and its economy, has embarked on a programme of privatisation that late last year attracted the first major foreign investments to Zaire since the 1970s.</p>
<p>South African, Belgian or British mine experts in Lubumbashi not expect the war to jeopardise their investments long term.</p>
<p>South Africa's emergence from the isolation of apartheid has turned it into the regional power on which Shaba and the whole region depend for future trade and success.</p>
<p>As close to Johannesburg as it is to the capital Kinshasa, Lubumbashi already looks south more than it looks north or west.</p>
<p>&quot;Practically no goods arrive here from Kinshasa any more,&quot; says Patrick Claes of the South African-Belgian railways company Sizarail that has got goods moving again in southeast Zaire.</p>
<p>The shops are full of South African goods that his railway brings into the country along with the coal and other supplies the mines need. The trains take the copper and cobalt out.</p>
<p>Geographically, Shaba, the size of France, is more southern than central African, with a dry climate and bush plains.</p>
<p>Kinshasa is 1,700 km (1,050 miles) of jungle away as the crow flies. Transport by rail and river is slow and difficult. Reaching Zaire's Atlantic port at Matadi, can take weeks.</p>
<p>Shaba has regularly tried to fight its way out of Zaire since the Belgian Congo won independence in 1960.</p>
<p>Memories of a 1978 massacre by Katangan separatists of Belgians in the copper mining town of Kolwezi, still sends a shiver down expatriate spines here in times of trouble.</p>
<p>Shabans resent the flow of the province's wealth to Kinshasa or into the pockets of officials on the way. They want change.</p>
<p>This time, however, local leaders shun talk of seccession. What they want is autonomy -- in the form of confederation.</p>
</text>
<copyright>(c) Reuters Limited 1997</copyright>
<metadata>
<codes class="bip:countries:1.0">
  <code code="ZAIRE">
    <editdetail attribution="Reuters BIP Coding Group" action="confirmed" date="1997-03-23"/>
  </code>
</codes>
<codes class="bip:topics:1.0">
  <code code="GCAT">
    <editdetail attribution="Reuters BIP Coding Group" action="confirmed" date="1997-03-23"/>
  </code>
  <code code="GPOL">
    <editdetail attribution="Reuters BIP Coding Group" action="confirmed" date="1997-03-23"/>
  </code>
  <code code="GVIO">
    <editdetail attribution="Reuters BIP Coding Group" action="confirmed" date="1997-03-23"/>
  </code>
</codes>
<dc element="dc.date.created" value="1997-03-23"/>
<dc element="dc.publisher" value="Reuters Holdings Plc"/>
<dc element="dc.date.published" value="1997-03-23"/>
<dc element="dc.source" value="Reuters"/>
<dc element="dc.creator.location" value="LUBUMBASHI, Zaire"/>
<dc element="dc.creator.location.country.name" value="ZAIRE"/>
<dc element="dc.source" value="Reuters"/>
</metadata>
</newsitem>
