<?xml version="1.0" encoding="iso-8859-1" ?>
<newsitem itemid="462025" id="root" date="1997-03-23" xml:lang="en">
<title>BELARUS: Belarus expels U.S. envoy in new blow to poor ties.</title>
<headline>Belarus expels U.S. envoy in new blow to poor ties.</headline>
<byline>Yuri Svirko</byline>
<dateline>MINSK 1996-03-24</dateline>
<text>
<p>The former Soviet republic of Belarus has expelled a U.S. diplomat who was arrested during clashes between riot police and a crowd of anti-government demonstrators.</p>
<p>A Foreign Ministry statement read of state television on Sunday night said the embassy's first secretary Serzh Alexandrov had committed &quot;provocative actions&quot; during nationalist protests against the pro-Moscow policies of hardline President Alexander Lukashenko.</p>
<p>Washington said that Alexandrov, an ethnic Belarussian, would comply with the expulsion order.</p>
<p>&quot;The Belarus authorities have requested him to depart within 24 hours, and we of course will comply with that wish,&quot; a White House official said.</p>
<p>The Foreign Ministry said Alexandrov had been released as soon as his diplomatic identity had been established. About 70 other people were arrested, including two prominent liberal politicians who were also released.</p>
<p>State television said foreign intelligence organs had been involved in the nationalists' rally and said Alexandrov had been working as a spy for the U.S. Central Intelligence Agency.</p>
<p>He added that the U.S. embassy, in violation of all diplomatic norms, had been putting &quot;crude pressure&quot; on the country's Interior Ministry in recent days but gave no further details.</p>
<p>Embassy spokeswoman Janet Demery said Western diplomats often watched Belarus protests from the sidelines &quot;as part of a brief to observe the political situation but not to participate.&quot;</p>
<p>The United States has become a vociferous critic of Lukashenko's increasingly authoritarian rule and recently announced it was cutting off $40 million in aid to the country of 10 million because of its human rights performance.</p>
<p>Last week the U.S. embassy protested to Belarus after the local executive director of the Soros Foundation was barred from the country.</p>
<p>State television said that U.S. citizen Peter Bern was accused of supporting the opposition and was barred from re-entering the country for interfering in Belarussian affairs.</p>
<p>The foundation, set up by Hungarian-born American billionaire George Soros, has invested $13 million in Belarus, including $6 million last year mostly for education, ecological and medical programmes.</p>
<p>Sunday's rally was the latest in a series against Lukashenko, a 42-year-old former farm boss who won sweeping powers to shut the old parliament and rewrite the country's constitution last November in a referendum criticised by the West as undemocratic and harmful to human rights.</p>
<p>Popular among many ordinary people who saw their living standards plunge after the collapse of communism, Lukashenko is opposed mainly by a loose union of liberal politicians, nationalists, intellectuals and students mostly in the capital.</p>
<p>He has cracked down on opposition forces by restricting rallies, arresting protesters and putting a senior opposition leader in prison in recent weeks.</p>
<p>The nationalists also object strongly to Lukashenko's building closer ties with Moscow, though most people in the small, land-locked republic support this policy.</p>
<p>The protesters hurled chunks of ice, smashed police car windows and yelled &quot;Long live Belarus!&quot;. Police used truncheons and teargas to quell the protests.</p>
</text>
<copyright>(c) Reuters Limited 1997</copyright>
<metadata>
<codes class="bip:countries:1.0">
  <code code="BYELRS">
    <editdetail attribution="Reuters BIP Coding Group" action="confirmed" date="1997-03-23"/>
  </code>
  <code code="USA">
    <editdetail attribution="Reuters BIP Coding Group" action="confirmed" date="1997-03-23"/>
  </code>
</codes>
<codes class="bip:topics:1.0">
  <code code="GCAT">
    <editdetail attribution="Reuters BIP Coding Group" action="confirmed" date="1997-03-23"/>
  </code>
  <code code="GDIP">
    <editdetail attribution="Reuters BIP Coding Group" action="confirmed" date="1997-03-23"/>
  </code>
  <code code="GPOL">
    <editdetail attribution="Reuters BIP Coding Group" action="confirmed" date="1997-03-23"/>
  </code>
  <code code="GVIO">
    <editdetail attribution="Reuters BIP Coding Group" action="confirmed" date="1997-03-23"/>
  </code>
</codes>
<dc element="dc.date.created" value="1996-03-24"/>
<dc element="dc.publisher" value="Reuters Holdings Plc"/>
<dc element="dc.date.published" value="1997-03-23"/>
<dc element="dc.source" value="Reuters"/>
<dc element="dc.creator.location" value="MINSK"/>
<dc element="dc.creator.location.country.name" value="BELARUS"/>
<dc element="dc.source" value="Reuters"/>
</metadata>
</newsitem>
