<?xml version="1.0" encoding="iso-8859-1" ?>
<newsitem itemid="462002" id="root" date="1997-03-23" xml:lang="en">
<title>NIGER: Niger power workers arrested, supplies restored.</title>
<headline>Niger power workers arrested, supplies restored.</headline>
<dateline>NIAMEY 1997-03-22</dateline>
<text>
<p>Police in West African nation of Niger said on Saturday they had arrested at least 20 strikers from the state electricity company NIGELEC, some of them on charges of sabotaging the national grid.</p>
<p>Power supplies, cut off in some places for 72 hours by a wildcat strike against plans to privatise the company, were restored on Saturday.</p>
<p>The power workers union SYNATREN called an indefinite strike on Thursday of the 1,000 workers at NIGELEC to demand the release of about 10 union militants, arrested earlier in the dispute. The government says the strike was illegal.</p>
<p>Police sources said some of the workers arrested were accused of failing to provide a minimum service during an illegal strike.</p>
<p>The government of the impoverished state on the fringe of the Sahara desert plans to include NIGELEC among about a dozen companies to be privatised. The union opposes the plan.</p>
<p>The privatisation plan was is part of a structural adjustment programme agreed as a loan condition with the World Bank and International Monetary Fund.</p>
</text>
<copyright>(c) Reuters Limited 1997</copyright>
<metadata>
<codes class="bip:countries:1.0">
  <code code="NIGER">
    <editdetail attribution="Reuters BIP Coding Group" action="confirmed" date="1997-03-23"/>
  </code>
</codes>
<codes class="bip:industries:1.0">
  <code code="I16000">
    <editdetail attribution="Reuters BIP Coding Group" action="confirmed" date="1997-03-23"/>
  </code>
</codes>
<codes class="bip:topics:1.0">
  <code code="C42">
    <editdetail attribution="Reuters BIP Coding Group" action="confirmed" date="1997-03-23"/>
  </code>
  <code code="CCAT">
    <editdetail attribution="Reuters BIP Coding Group" action="confirmed" date="1997-03-23"/>
  </code>
  <code code="E41">
    <editdetail attribution="Reuters BIP Coding Group" action="confirmed" date="1997-03-23"/>
  </code>
  <code code="ECAT">
    <editdetail attribution="Reuters BIP Coding Group" action="confirmed" date="1997-03-23"/>
  </code>
  <code code="GCAT">
    <editdetail attribution="Reuters BIP Coding Group" action="confirmed" date="1997-03-23"/>
  </code>
  <code code="GJOB">
    <editdetail attribution="Reuters BIP Coding Group" action="confirmed" date="1997-03-23"/>
  </code>
</codes>
<dc element="dc.date.created" value="1997-03-22"/>
<dc element="dc.publisher" value="Reuters Holdings Plc"/>
<dc element="dc.date.published" value="1997-03-23"/>
<dc element="dc.source" value="Reuters"/>
<dc element="dc.creator.location" value="NIAMEY"/>
<dc element="dc.creator.location.country.name" value="NIGER"/>
<dc element="dc.source" value="Reuters"/>
</metadata>
</newsitem>
