<?xml version="1.0" encoding="iso-8859-1" ?>
<newsitem itemid="462045" id="root" date="1997-03-23" xml:lang="en">
<title>EL SALVADOR: Salvadoran ruling party congressman gunned down.</title>
<headline>Salvadoran ruling party congressman gunned down.</headline>
<dateline>SAN SALVADOR 1997-03-23</dateline>
<text>
<p>A congressman from the ruling National Republican Alliance (ARENA) party was killed in an apparent personal roadside dispute, police said on Sunday.</p>
<p>Carlos Zelaya, 42, was riddled with bullets late on Saturday after stopping his car on the main Panamerican highway that traverses this tiny Central American nation.</p>
<p>Police believe Zelaya, who was just re-elected for a further three years in the elections of March 16, stopped his car after watching another vehicle slam into a tree.</p>
<p>On trying to help the occupants of the other vehicle, he was gunned down and died at the scene. Vicente Mercado, who was travelling with the congressman, was also killed.</p>
<p>Police arrested two men close to the scene, who had in their possession a pistol.</p>
</text>
<copyright>(c) Reuters Limited 1997</copyright>
<metadata>
<codes class="bip:countries:1.0">
  <code code="ELSAL">
    <editdetail attribution="Reuters BIP Coding Group" action="confirmed" date="1997-03-23"/>
  </code>
</codes>
<codes class="bip:topics:1.0">
  <code code="GCAT">
    <editdetail attribution="Reuters BIP Coding Group" action="confirmed" date="1997-03-23"/>
  </code>
  <code code="GVIO">
    <editdetail attribution="Reuters BIP Coding Group" action="confirmed" date="1997-03-23"/>
  </code>
</codes>
<dc element="dc.date.created" value="1997-03-23"/>
<dc element="dc.publisher" value="Reuters Holdings Plc"/>
<dc element="dc.date.published" value="1997-03-23"/>
<dc element="dc.source" value="Reuters"/>
<dc element="dc.creator.location" value="SAN SALVADOR"/>
<dc element="dc.creator.location.country.name" value="EL SALVADOR"/>
<dc element="dc.source" value="Reuters"/>
</metadata>
</newsitem>
