<?xml version="1.0" encoding="iso-8859-1" ?>
<newsitem itemid="462036" id="root" date="1997-03-23" xml:lang="en">
<title>CZECH REPUBLIC: Ex-ambassador elected head of major Czech party.</title>
<headline>Ex-ambassador elected head of major Czech party.</headline>
<dateline>PRAGUE 1997-03-23</dateline>
<text>
<p>Former Czech Ambassador to the United States Michael Zantovsky was elected chairman of the Civic Democratic Alliance (ODA), one of the three government coalition parties, on Sunday.</p>
<p>Zantovsky, 48, a psychologist and translator by profession, and a former Reuters correspondent, is currently a member of Senate and a head of its Foreign Committee.</p>
<p>Before he served as Ambassador to the United States in 1992-1996, he was a spokesman for President of the now-defunct Czechoslovakia, Vaclav Havel.</p>
<p>As the ODA chairman he replaced Jan Kalvoda, who resigned last December.</p>
<p>The ODA is one of the three major rightist  groupings that emerged from the Civic Forum, which helped overthrow Communist rule in the 1989 &quot;Velvet Revolution&quot;.</p>
<p>The ODA has 13 members of the 200-seat parliament and three ministers.</p>
</text>
<copyright>(c) Reuters Limited 1997</copyright>
<metadata>
<codes class="bip:countries:1.0">
  <code code="CZREP">
    <editdetail attribution="Reuters BIP Coding Group" action="confirmed" date="1997-03-23"/>
  </code>
</codes>
<codes class="bip:topics:1.0">
  <code code="GCAT">
    <editdetail attribution="Reuters BIP Coding Group" action="confirmed" date="1997-03-23"/>
  </code>
  <code code="GPOL">
    <editdetail attribution="Reuters BIP Coding Group" action="confirmed" date="1997-03-23"/>
  </code>
  <code code="GVOTE">
    <editdetail attribution="Reuters BIP Coding Group" action="confirmed" date="1997-03-23"/>
  </code>
</codes>
<dc element="dc.date.created" value="1997-03-23"/>
<dc element="dc.publisher" value="Reuters Holdings Plc"/>
<dc element="dc.date.published" value="1997-03-23"/>
<dc element="dc.source" value="Reuters"/>
<dc element="dc.creator.location" value="PRAGUE"/>
<dc element="dc.creator.location.country.name" value="CZECH REPUBLIC"/>
<dc element="dc.source" value="Reuters"/>
</metadata>
</newsitem>
