<?xml version="1.0" encoding="iso-8859-1" ?>
<newsitem itemid="462026" id="root" date="1997-03-23" xml:lang="en">
<title>HUNGARY: Hungary farmers abandon plans to blockade borders.</title>
<headline>Hungary farmers abandon plans to blockade borders.</headline>
<dateline>BUDAPEST 1997-03-23</dateline>
<text>
<p>Farmers protesting against tax rises have abandoned plans to blockade Hungary's border crossings, Hungarian news agency MTI reported on Sunday.</p>
<p>Instead, the farmers' union METESZ, based in the central Hungarian town of Kiskoros, said in a statement sent to the agency they would slow traffic with their tractors for one day on Wednesday.</p>
<p>The Kiskoros farmers have organised nationwide protests for a month against the government's 1997 income and social security tax increases for individual farmers.</p>
<p>Last Monday they issued an ultimatum to the government, threatening to block border crossings and roads to Budapest unless a demand for unconditional tax relief for farmers earning less than 1.5 million forints ($8,500) a year was met.</p>
<p>Interior Minister Gabor Kuncze warned the farmers that police would prevent them from carrying out the threat.</p>
<p>The union's statement attacked the Socialist-led government's agricultural programme, calling it &quot;the ruthlessly exploitative economic policy pursued by the anti-national liberal-Bolshevist government&quot;.</p>
<p>&quot;The statement suggests that an opposition political movement with an extremist rhetoric has emerged,&quot; Tamas Bauer, of the Alliance of Free Democrats, the junior party in the governing coalition, said.</p>
</text>
<copyright>(c) Reuters Limited 1997</copyright>
<metadata>
<codes class="bip:countries:1.0">
  <code code="HUNG">
    <editdetail attribution="Reuters BIP Coding Group" action="confirmed" date="1997-03-23"/>
  </code>
</codes>
<codes class="bip:industries:1.0">
  <code code="I01000">
    <editdetail attribution="Reuters BIP Coding Group" action="confirmed" date="1997-03-23"/>
  </code>
</codes>
<codes class="bip:topics:1.0">
  <code code="C13">
    <editdetail attribution="Reuters BIP Coding Group" action="confirmed" date="1997-03-23"/>
  </code>
  <code code="CCAT">
    <editdetail attribution="Reuters BIP Coding Group" action="confirmed" date="1997-03-23"/>
  </code>
  <code code="E21">
    <editdetail attribution="Reuters BIP Coding Group" action="confirmed" date="1997-03-23"/>
  </code>
  <code code="E211">
    <editdetail attribution="Reuters BIP Coding Group" action="confirmed" date="1997-03-23"/>
  </code>
  <code code="E41">
    <editdetail attribution="Reuters BIP Coding Group" action="confirmed" date="1997-03-23"/>
  </code>
  <code code="ECAT">
    <editdetail attribution="Reuters BIP Coding Group" action="confirmed" date="1997-03-23"/>
  </code>
  <code code="GCAT">
    <editdetail attribution="Reuters BIP Coding Group" action="confirmed" date="1997-03-23"/>
  </code>
  <code code="GJOB">
    <editdetail attribution="Reuters BIP Coding Group" action="confirmed" date="1997-03-23"/>
  </code>
  <code code="GVIO">
    <editdetail attribution="Reuters BIP Coding Group" action="confirmed" date="1997-03-23"/>
  </code>
</codes>
<dc element="dc.date.created" value="1997-03-23"/>
<dc element="dc.publisher" value="Reuters Holdings Plc"/>
<dc element="dc.date.published" value="1997-03-23"/>
<dc element="dc.source" value="Reuters"/>
<dc element="dc.creator.location" value="BUDAPEST"/>
<dc element="dc.creator.location.country.name" value="HUNGARY"/>
<dc element="dc.source" value="Reuters"/>
</metadata>
</newsitem>
