<?xml version="1.0" encoding="iso-8859-1" ?>
<newsitem itemid="462000" id="root" date="1997-03-23" xml:lang="en">
<title>NIGERIA: PRESS DIGEST - Nigeria - March 22.</title>
<headline>PRESS DIGEST - Nigeria - March 22.</headline>
<dateline>LAGOS 1997-03-22</dateline>
<text>
<p>These are significant stories in the Nigerian press on Saturday. Reuters has not verified these stories and does not vouch for their accuracy.</p>
<p>WEEKEND TIMES</p>
<p>- Results of last Saturday's local council elections suggest that many political heavyweights have lost their power bases and that new leaders are beginning to emerge on the scene.</p>
<p>- Former presidential candidate Bashir Tofa refutes newspaper reports that he has been arrested.</p>
<p>- More private airlines flying the domestic routes hike fares following approval of 100 percent increase in local air fares by the military government.</p>
<p>THE GUARDIAN</p>
<p>- Fuel scarcity in Lagos and neighbouring states worsens, prospects of quick end bleak.</p>
<p>- No change in deadline to liquidate distressed banks by March 31 if they fail to recapitalise, says finance minister Anthony Ani</p>
<p>- Petroleum Trust Fund, which disburses money accruing to the state from a 1994 increase in pump prices, spends 1.25 billion naira to upgrade facilities at a complex in the north where African trade and tourism fair is to be held next week.</p>
<p>- Court sets April 2 for hearing in bail application by 12 dissidents charged with treason over bomb blasts in Nigeria.</p>
<p>- Ladi Olorunyomi, wife of former editor of opposition magazine The News, who left Nigeria in 1994, has been arrested, says her sister in a press statement.</p>
<p>THISDAY</p>
<p>- Demand for foreign exchange at weekly auction rises to $78 million from $66 million last week, says central bank.</p>
<p>- The federal government may have disbursed 250 million naira to each of the five political parties before last Saturday's municipal councils election, sources say.</p>
<p>- News editors of Thisday and TNT newspapers, who were arrested this week over false reports that Lagos state police chief had been reassigned, freed following plea by Lagos state chapter of the Nigerian Union Journalists.</p>
<p>($1=85 naira)</p>
<p>-- Lagos newsroom +234 1 2630317</p>
</text>
<copyright>(c) Reuters Limited 1997</copyright>
<metadata>
<codes class="bip:countries:1.0">
  <code code="NIGEA">
    <editdetail attribution="Reuters BIP Coding Group" action="confirmed" date="1997-03-23"/>
  </code>
</codes>
<codes class="bip:topics:1.0">
  <code code="GCAT">
    <editdetail attribution="Reuters BIP Coding Group" action="confirmed" date="1997-03-23"/>
  </code>
</codes>
<dc element="dc.date.created" value="1997-03-22"/>
<dc element="dc.publisher" value="Reuters Holdings Plc"/>
<dc element="dc.date.published" value="1997-03-23"/>
<dc element="dc.source" value="Reuters"/>
<dc element="dc.creator.location" value="LAGOS"/>
<dc element="dc.creator.location.country.name" value="NIGERIA"/>
<dc element="dc.source" value="Reuters"/>
</metadata>
</newsitem>
