<?xml version="1.0" encoding="iso-8859-1" ?>
<newsitem itemid="462027" id="root" date="1997-03-23" xml:lang="en">
<title>RUSSIA: Solzhenitsyn says Russia joining Third World.</title>
<headline>Solzhenitsyn says Russia joining Third World.</headline>
<dateline>MOSCOW 1997-03-23</dateline>
<text>
<p>Russian writer and former dissident Alexander Solzhenitsyn said on Sunday that the country would soon be reduced to Third World status because of its neglect of education and science.</p>
<p>&quot;Our schools, science are rotting away. In two or three years' time we will have become like some second-rate African country,&quot; Solzhenitsyn told NTV commercial television.</p>
<p>&quot;There is a terrifying split in society...We are in great danger now,&quot; he said.</p>
<p>Solzhenitsyn was speaking on the eve of a planned nationwide day of strikes on March 27 to protest against chronic delays in the payment of wages and pensions.</p>
<p>He said the government could not afford to pay people on time because its coffers were empty after selling off Russian state firms at knock-down prices during the post-communist privatisation campaign.</p>
<p>Solzhenitsyn, author of the Gulag Archipelago, won the Nobel prize for literature in 1970 for writings that publicised the harshness of the Soviet prison camp system.</p>
<p>Forcibly thrown out of Russia by the communists, he lived in exile in rural America for 20 years, only returning home in 1994.</p>
<p>He has become a fierce critic of the new capitalist Russia which he believes has lost touch with its spiritual roots.</p>
</text>
<copyright>(c) Reuters Limited 1997</copyright>
<metadata>
<codes class="bip:countries:1.0">
  <code code="DEVGCO">
    <editdetail attribution="Reuters BIP Coding Group" action="confirmed" date="1997-03-23"/>
  </code>
  <code code="RUSS">
    <editdetail attribution="Reuters BIP Coding Group" action="confirmed" date="1997-03-23"/>
  </code>
  <code code="THDWLD">
    <editdetail attribution="Reuters BIP Coding Group" action="confirmed" date="1997-03-23"/>
  </code>
</codes>
<codes class="bip:topics:1.0">
  <code code="GCAT">
    <editdetail attribution="Reuters BIP Coding Group" action="confirmed" date="1997-03-23"/>
  </code>
  <code code="GPOL">
    <editdetail attribution="Reuters BIP Coding Group" action="confirmed" date="1997-03-23"/>
  </code>
</codes>
<dc element="dc.date.created" value="1997-03-23"/>
<dc element="dc.publisher" value="Reuters Holdings Plc"/>
<dc element="dc.date.published" value="1997-03-23"/>
<dc element="dc.source" value="Reuters"/>
<dc element="dc.creator.location" value="MOSCOW"/>
<dc element="dc.creator.location.country.name" value="RUSSIA"/>
<dc element="dc.source" value="Reuters"/>
</metadata>
</newsitem>
