<?xml version="1.0" encoding="iso-8859-1" ?>
<newsitem itemid="462069" id="root" date="1997-03-23" xml:lang="en">
<title>AUSTRALIA: RTRS-TIMELINES-Today in History - March 24.</title>
<headline>RTRS-TIMELINES-Today in History - March 24.</headline>
<text>
<p>** BIRTHDAYS **</p>
<p>English engineer JOHN BUSBY, who built the first main water supply in Sydney from Lachlan Swamps (which later became Centennial Park) to the Hyde Park Resevoir, was born in 1765.</p>
<p>Irish/Australian inventor ROBERT SAVAGE, who held patents for a reaping machine, a stone crusher, a gold ore washer, a sewing machine, cement and paint, a torpedo and an earth scoop, was born in 1818. </p>
<p>American merchant GEORGE TRAIN, who earned himself a reputation as an irrepressible character in the goldrush days of Melbourne, was born in 1829.</p>
<p>Australian actor-manager BLAND HOLT, well known for his stage spectaculars at the Theatre Royal in Melbourne and the Lyceum Theatre in Sydney, was born in 1851.</p>
<p>British broadcaster MALCOLM MUGGERIDGE was born in 1903. </p>
<p>American actor STEVE MCQUEEN was born on this day in 1930.</p>
<p>Australian drummer COLIN PETERSON was born in 1946. He joined the 'Bee Gees' in 1967 one month after they had been signed to a recording contract. Two years later both he and guitarist VINCE MELOUNEY left the group following 'internal disagreements'.</p>
<p>Australian one-day cricket star DEAN JONES was born in 1961. </p>
<p>			** EVENTS **</p>
<p>    1401 :    In his sweep through Asia and the Mediterranean,</p>
<p>the Tatar ruler TIMUR-I-LENK (TAMERLANE) conquered Damascus.</p>
<p>    1603 :    English QUEEN ELIZABETH I died at the age of 70,</p>
<p>with the final words &quot;All my possessions for a moment of time&quot;.</p>
<p>    1877 :    The boat race between Oxford and Cambridge</p>
<p>Universities in London ended in a dead heat for the first time. </p>
<p>    1882 :    HENRY WADSWORTH LONGFELLOW, U.S. poet and author</p>
<p>of &quot;Song of Hiawatha&quot;, died.</p>
<p>    1905 :    French author JULES VERNE (&quot;Around The World In 80</p>
<p>Days&quot;, &quot;20 Thousand Leagues Under The Sea&quot;), died at the age of 77.</p>
<p>    1922 :    Only 3 horses out of the 32 that raced the GRAND</p>
<p>NATIONAL at Aintree, finished the race.  </p>
<p>    1944 :    General ORDE WINGATE was killed in a plane crash</p>
<p>in Burma. He had led his &quot;Chindits&quot;, a band of British, Gurkha and Burmese guerrillas, in raids behind Japanese lines from 1943-44.</p>
<p>    1953 :    QUEEN MARY, widow of England's KING GEORGE V,</p>
<p>died.</p>
<p>    1958 :    Rock and roll star ELVIS PRESLEY joined the U.S.</p>
<p>army for two years.  </p>
<p>    1976:     Field Marshall BERNARD LAW MONTGOMERY, 1st</p>
<p>Viscount Montgomery of Alamein, died. He defeated the Germans at El Alamein and helped turn the course of World War Two in Africa.</p>
<p>    1977 :    DON CHIPP resigned from the FRASER Liberal</p>
<p>Government, to form the Australian Democrats. He resigned from Parliament in 1986.  </p>
<p>    1985 :    Australian radio legend &quot;ANDREA&quot; (DOROTHY JENNER),</p>
<p>died at the age of 95. She went to Hollywood in the 1920's and became Australia's first female war correspondent during World War Two. She spent most of the war interned by the Japanese in Hong Kong.</p>
<p>    1988 :    An Israeli court sentenced technician MORDECAI</p>
<p>VANUNU to 18 years in jail for revealing details of the country's nuclear program to London's SUNDAY TIMES newspaper.  </p>
<p>    1989 :    Two little known scientists, STANLEY PONS from the</p>
<p>University of Utah and MARTIN FLEISCHMANN of the University of Southampton, claimed to have unlocked the secret of low-temperature nuclear fusion.</p>
<p>    1989 :    The United States Government resumed a 40 million</p>
<p>dollar aid program to the Contra rebels in Nicaragua.</p>
<p>    1990 :    Indian peacekeeping forces withdrew from Sri</p>
<p>Lanka.  </p>
<p>    1991 :    MADONNA won an Oscar for her song &quot;Sooner or</p>
<p>later&quot; from the movie &quot;Dick Tracy&quot;, in which she also starred.</p>
<p>    1994 :    Federal Health Minister and Labor power-broker</p>
<p>GRAHAM RICHARDSON announced his resignation.</p>
<p>    1994 :    The self-proclaimed Bosnian Serb republic refused</p>
<p>to join a Moslem-Croat federation until U.N. sanctions on Serbia were lifted.  </p>
<p>    1995 :    Britain said it was halting all routine army</p>
<p>patrols in Belfast for the first time in 25 years.</p>
<p>    1996 :    Iraqis voted in the country's first parliamentary</p>
<p>elections since the 1991 Gulf War. Most of the candidates registered as independents.</p>
<p>(Compiled from ABC ARCHIVES, ABC RADIO NATIONAL, &quot;On This Day&quot; published by REED INTERNATIONAL BOOKS LIMITED, &quot;The Chronicle Of The 20th Century&quot; published by PENGUIN BOOKS and &quot;Rock And Pop (Day By Day)&quot; published by BLANDFORD BOOKS.) </p>
<p>-- Reuters Sydney Newsroom 61-2 9373-1800</p>
</text>
<copyright>(c) Reuters Limited 1997</copyright>
<metadata>
<codes class="bip:countries:1.0">
  <code code="AUSTR">
    <editdetail attribution="Reuters BIP Coding Group" action="confirmed" date="1997-03-23"/>
  </code>
</codes>
<codes class="bip:topics:1.0">
  <code code="GCAT">
    <editdetail attribution="Reuters BIP Coding Group" action="confirmed" date="1997-03-23"/>
  </code>
</codes>
<dc element="dc.publisher" value="Reuters Holdings Plc"/>
<dc element="dc.date.published" value="1997-03-23"/>
<dc element="dc.source" value="Reuters"/>
<dc element="dc.creator.location.country.name" value="AUSTRALIA"/>
<dc element="dc.source" value="Reuters"/>
</metadata>
</newsitem>
