<?xml version="1.0" encoding="iso-8859-1" ?>
<newsitem itemid="462062" id="root" date="1997-03-23" xml:lang="en">
<title>PERU: 80 hurt as Lima street vendors riot.</title>
<headline>80 hurt as Lima street vendors riot.</headline>
<dateline>LIMA 1997-03-23</dateline>
<text>
<p>More than 50 security officers and 30 street merchants were hurt early on Sunday in a riot that erupted when city workers moved in to tear up a road in central Lima, city officials and news reports said.</p>
<p>Arturo Moreno, a spokesman for the city's security force, told Reuters close to 1,000 vendors, backed by &quot;agitators and common criminals,&quot; threw stones and set fires in a clash with 300 municipal officers in the city's historic downtown.</p>
<p>Local television showed security officers dressed in riot gear squaring off with stick-wielding rioters, some perched on rooftops, throwing stones and running down streets illuminated by burning shops near Lima's central market.</p>
<p>&quot;They threw back tear-gas canisters and shots were fired,&quot; Moreno added, without saying who fired the shots.</p>
<p>Four officers were seriously hurt, suffering broken bones and concussions. Local radio said at least 30 merchants also were injured in the clash.</p>
<p>TV station Frequencia Latina said several firefighters also were hurt.</p>
<p>&quot;We were beginning remodeling work to restore the historic centre when informals (street vendors), armed with gasoline, attacked the municipal workers,&quot; Moreno said.</p>
<p>Vendors were cleared out of the area several days ago, he said, as part of the municipality's effort to clean up and rehabilitate the centre of this 562-year-old former Spanish colonial capital.</p>
<p>The riot broke out at about 2 a.m. (0700 GMT) when workers moved two machines in to begin tearing up the street and lasted about three hours.</p>
</text>
<copyright>(c) Reuters Limited 1997</copyright>
<metadata>
<codes class="bip:countries:1.0">
  <code code="PERU">
    <editdetail attribution="Reuters BIP Coding Group" action="confirmed" date="1997-03-23"/>
  </code>
</codes>
<codes class="bip:topics:1.0">
  <code code="GCAT">
    <editdetail attribution="Reuters BIP Coding Group" action="confirmed" date="1997-03-23"/>
  </code>
  <code code="GVIO">
    <editdetail attribution="Reuters BIP Coding Group" action="confirmed" date="1997-03-23"/>
  </code>
</codes>
<dc element="dc.date.created" value="1997-03-23"/>
<dc element="dc.publisher" value="Reuters Holdings Plc"/>
<dc element="dc.date.published" value="1997-03-23"/>
<dc element="dc.source" value="Reuters"/>
<dc element="dc.creator.location" value="LIMA"/>
<dc element="dc.creator.location.country.name" value="PERU"/>
<dc element="dc.source" value="Reuters"/>
</metadata>
</newsitem>
