<?xml version="1.0" encoding="iso-8859-1" ?>
<newsitem itemid="462063" id="root" date="1997-03-23" xml:lang="en">
<title>PERU: Peru mediators meet rebels amid hints of progress.</title>
<headline>Peru mediators meet rebels amid hints of progress.</headline>
<byline>Roger Atwood</byline>
<dateline>LIMA 1997-03-23</dateline>
<text>
<p>Mediators met with Peruvian guerrillas holding 72 hostages to restart face-to-face talks with the government amid a few tenuous signs of progress in resolving the siege peacefully.</p>
<p>The three-man mediation panel known as the guarantors' commission met for two hours on Saturday with the rebels in the besieged home in Lima, where submachinegun-toting guerrillas have been holding hostages for 96 days.</p>
<p>Guarantor and Archbishop Juan Luis Cipriani said later the Tupac Amaru Revolutionary Movement (MRTA) rebels gave renewed assurances that their captives -- a VIP list of cabinet ministers, ambassadors and businessman -- would not be harmed.</p>
<p>&quot;We have received again from the MRTA a commitment to care for and treat respectfully all the hostages,&quot; Cipriani told reporters late on Saturday, joined by commission member and Canadian Ambassador Anthony Vincent.</p>
<p>But endless negotiations were not enough and now the commission wanted real steps to free the hostages, he said.</p>
<p>&quot;Evidently, we want to see them free. We don't want just more conversations,&quot; he said.</p>
<p>There were signs the mediators were seeing results in efforts to steer talks away from the rebels' main demand of freedom for 450 jailed comrades -- a demand flatly rejected by President Alberto Fujimori -- and toward other issues.</p>
<p>First, Cipriani met for more than two hours with Cuban Ambassador Pedro Diaz, whose country along with the Dominican Republic has offered asylum to the hostage-takers if all sides agreed.</p>
<p>Cipriani said he was only bidding goodbye to the ambassador before he returned to Havana, but the meeting, joined by papal nuncio Fortunato Bardelli, inevitably led to speculation they were working out asylum details.</p>
<p>Red Cross doctors visited on Saturday a prison at a naval base in the port of Callao to check on the health and jail conditions of MRTA prisoners, diplomatic sources said. Top- ranking MRTA inmates are locked inside the tightly guarded seaside base -- including maximum leader Victor Polay.</p>
<p>The visit followed a visit on Friday by the same delegation to another prison housing MRTA women prisoners.</p>
<p>Improving prison conditions for the rebels was believed to be one of the main concessions Fujimori was willing to make to the MRTA, and the visits fuelled speculation about progress on that front.</p>
<p>The rebels blasted into a gala reception at the house on Dec. 17, 1996, and took the 500-some guests hostage, gradually releasing all but 72.</p>
<p>Fujimori flew on Saturday with the Japanese ambassador's wife to the Amazon lowland town of Pucallpa to distribute Japanese-donated blankets and clothes to flood victims.</p>
<p>It was the first public activity by the ambassador's wife since she and her husband were taken hostage. She, along with all the other female captives, were released in the siege's first hours.</p>
<p>At the besieged residence, tension was high following a leaked police report saying that well-armed MRTA rebels had slipped into Lima and were planning to carry out bomb attacks and possibly more takeovers.</p>
<p>Fujimori's chief negotiator tried to reassure the mediators and the Peruvian public he was ready to talk with the hostage- takers, after Cipriani chided both sides for letting negotiations languish while hostages suffered.</p>
<p>Negotiator Domingo Palermo also dismissed Cipriani's suggestion that the mediators might give up on the slow pace of talks and simply quit.</p>
<p>&quot;We are ready and hoping that at any moment the talks can resume,&quot; said Palermo. &quot;The guarantors have done an excellent job and I think they'll stay with it for a lot longer. They have great willpower, and they'll keep working until we find a solution, and so will we.&quot;</p>
</text>
<copyright>(c) Reuters Limited 1997</copyright>
<metadata>
<codes class="bip:countries:1.0">
  <code code="PERU">
    <editdetail attribution="Reuters BIP Coding Group" action="confirmed" date="1997-03-23"/>
  </code>
</codes>
<codes class="bip:topics:1.0">
  <code code="GCAT">
    <editdetail attribution="Reuters BIP Coding Group" action="confirmed" date="1997-03-23"/>
  </code>
  <code code="GVIO">
    <editdetail attribution="Reuters BIP Coding Group" action="confirmed" date="1997-03-23"/>
  </code>
</codes>
<dc element="dc.date.created" value="1997-03-23"/>
<dc element="dc.publisher" value="Reuters Holdings Plc"/>
<dc element="dc.date.published" value="1997-03-23"/>
<dc element="dc.source" value="Reuters"/>
<dc element="dc.creator.location" value="LIMA"/>
<dc element="dc.creator.location.country.name" value="PERU"/>
<dc element="dc.source" value="Reuters"/>
</metadata>
</newsitem>
