<?xml version="1.0" encoding="iso-8859-1" ?>
<newsitem itemid="462086" id="root" date="1997-03-23" xml:lang="en">
<title>AUSTRALIA: RTRS-LAST QUOTES - Australian Eurobond benchmarks.</title>
<headline>RTRS-LAST QUOTES - Australian Eurobond benchmarks.</headline>
<dateline>SYDNEY 1996-03-24</dateline>
<text>
<p>Last quotes from the International Securities Market Association for benchmark Australian dollar Eurobonds issued by Australian entities.</p>
<p>	     Coupon  Maturity     Bid/Ask	   Previous</p>
<p>SAFA     6.50 pct  30.11.98   99.25/ 99.88  (  99.25/ 99.88)</p>
<p>NAB     10.50 pct  23.02.98  103.25/103.50  ( 103.38/103.63)</p>
<p>SAFA     6.25 pct  25.02.99   98.75/ 99.00  (  98.88/ 99.13)</p>
<p>NAB	7.75 pct  04.01.99  101.00/101.25  ( 101.00/101.38)</p>
<p>CBA	8.25 pct  23.04.99  101.88/102.25  ( 102.00/102.38)</p>
<p>NAB	8.50 pct  11.08.00  101.88/102.25  ( 102.25/102.63)</p>
<p>AIDC     7.00 pct  30.10.00   99.00/100.13  (  99.13/100.25)</p>
<p>SBNSW    7.75 pct  21.02.01  100.13/100.63  ( 100.50/100.88)</p>
<p>CBA	7.75 pct  08.03.01  100.00/100.38  ( 100.50/100.88)</p>
<p>NAB	8.00 pct  10.04.01  100.88/101.25  ( 101.25/101.63)</p>
<p>AIDC     7.50 pct  27.09.01   99.38/100.13  (  99.75/100.50)</p>
<p>SBNSW    7.75 pct  01.10.01   99.75/100.13  ( 100.25/100.63)</p>
<p>NAB	7.50 pct  26.11.01   99.25/ 99.75  (  99.63/100.00)</p>
<p>CBA	7.63 pct  05.08.03   98.50/ 99.00  (  98.88/ 99.25)</p>
<p>SAFA     7.75 pct  30.06.03   99.00/ 99.63  (  99.50/100.00)</p>
<p>CBA	9.00 pct  15.08.05  103.75/104.13  ( 104.25/104.63)</p>
<p>--Sydney newsroom 61-2 9373-1800</p>
</text>
<copyright>(c) Reuters Limited 1997</copyright>
<metadata>
<codes class="bip:countries:1.0">
  <code code="AUSTR">
    <editdetail attribution="Reuters BIP Coding Group" action="confirmed" date="1997-03-23"/>
  </code>
</codes>
<codes class="bip:topics:1.0">
  <code code="M12">
    <editdetail attribution="Reuters BIP Coding Group" action="confirmed" date="1997-03-23"/>
  </code>
  <code code="MCAT">
    <editdetail attribution="Reuters BIP Coding Group" action="confirmed" date="1997-03-23"/>
  </code>
</codes>
<dc element="dc.date.created" value="1996-03-24"/>
<dc element="dc.publisher" value="Reuters Holdings Plc"/>
<dc element="dc.date.published" value="1997-03-23"/>
<dc element="dc.source" value="Reuters"/>
<dc element="dc.creator.location" value="SYDNEY"/>
<dc element="dc.creator.location.country.name" value="AUSTRALIA"/>
<dc element="dc.source" value="Reuters"/>
</metadata>
</newsitem>
