<?xml version="1.0" encoding="iso-8859-1" ?>
<newsitem itemid="462056" id="root" date="1997-03-23" xml:lang="en">
<title>CUBA: Castro &quot;eternally infatuated&quot; with women.</title>
<headline>Castro &quot;eternally infatuated&quot; with women.</headline>
<dateline>HAVANA 1997-03-23</dateline>
<text>
<p>Cuban President Fidel Castro says he is &quot;eternally infatuated with the feminine sex&quot; and still falls in love easily but &quot;in a platonic way&quot;, a Cuban newspaper reported on Sunday.</p>
<p>Castro, always extremely reticent on questions about his private life, revealed some of his views on love and women in the Juventud Rebelde paper.</p>
<p>&quot;One always likes it when somebody is in love with him, but I prefer to do the loving because when somebody was in love with me I felt pursued and didn't know what to do, as if they were harassing or besieging me,&quot; the 70-year-old Castro said.</p>
<p>Asked if he still fell in love, Castro said: &quot;I am eternally infatuated with the feminine sex ... I fall in love easily but now in a more platonic way.&quot;</p>
<p>Public record shows Castro was formally married once, from 1949 to 1955. When asked by a U.S. TV interviewer in 1977 if he were married at that time, he answered, &quot;Not in the bourgeois sense.&quot;</p>
<p>Castro's wife gave birth to a son in 1950 but it is public knowledge that he later had several children out of wedlock.</p>
<p>One of them, Alina Fernandez Revueltas, who now lives in Miami, recently sold six love letters written by Castro to her mother when he was in prison in 1953 and 1954 for his attempt to overthrow the dictatorship of General Fulgencio Batista.</p>
<p>In one letter, published in a Spanish newspaper, the then 27-year-old Castro expressed his everlasting love for Alina's mother, Natalia Revuelta: &quot;Reason is cold, like ice; emotion hot, like lava ... You are bold; I like that. I am on fire.&quot;</p>
<p>In the interview published on Sunday Castro spoke of the letters written to Natalia as &quot;being composed in the passion of distance ... Distance always magnifies love.&quot;</p>
<p>Castro's advice to lovelorn women: &quot;Women should never show a man that she loves him too much ... because he'll become puffed up with self-importance ... Indifference is the great stimulus of love.&quot;</p>
<p>Asked about what, in his eyes, characterised a Cuban woman, he answered: &quot;That she is very sweet.&quot;</p>
<p>To the question, &quot;And what about Cuban men; they say they are tender?&quot;, Castro replied: &quot;Well, I couldn't tell you. I never had a Cuban boyfriend.&quot;</p>
</text>
<copyright>(c) Reuters Limited 1997</copyright>
<metadata>
<codes class="bip:countries:1.0">
  <code code="CUBA">
    <editdetail attribution="Reuters BIP Coding Group" action="confirmed" date="1997-03-23"/>
  </code>
</codes>
<codes class="bip:topics:1.0">
  <code code="GCAT">
    <editdetail attribution="Reuters BIP Coding Group" action="confirmed" date="1997-03-23"/>
  </code>
  <code code="GPOL">
    <editdetail attribution="Reuters BIP Coding Group" action="confirmed" date="1997-03-23"/>
  </code>
</codes>
<dc element="dc.date.created" value="1997-03-23"/>
<dc element="dc.publisher" value="Reuters Holdings Plc"/>
<dc element="dc.date.published" value="1997-03-23"/>
<dc element="dc.source" value="Reuters"/>
<dc element="dc.creator.location" value="HAVANA"/>
<dc element="dc.creator.location.country.name" value="CUBA"/>
<dc element="dc.source" value="Reuters"/>
</metadata>
</newsitem>
