<?xml version="1.0" encoding="iso-8859-1" ?>
<newsitem itemid="462037" id="root" date="1997-03-23" xml:lang="en">
<title>ALBANIA: Italy sends emergency medical aid to Albania.</title>
<headline>Italy sends emergency medical aid to Albania.</headline>
<dateline>VLORE, Albania 1997-03-23</dateline>
<text>
<p>Five Italian helicopters landed in the rebel-held southern Albanian port of Vlore on Sunday bringing emergency medical aid.</p>
<p>A local doctor said the aid flight had been organised by local committees representing rebels who seized control of most of the south earlier this month and the Italian embassy.  </p>
<p>&quot;We are happy such an operation was successful because we badly needed medical equipment,&quot; local hospital director Servet Kojdheli told Reuters.</p>
<p>He said nearly two tonnes of medical equipment had been brought in, &quot;enough to set up a new surgical ward&quot;.</p>
<p>Kojdheli said up to six Italian surgeons were due to be flown into Vlore on Monday to operate on over 50 people seriously wounded and dozens more slighly injured in the armed anarchy that broke out after rebels looted army depots and seized control of southern towns.</p>
<p>The Italian government is also due to fly medical aid to the capital Tirana in the north of the country, which is under government control, following a request from Prime Minister Bashkim Fino.</p>
</text>
<copyright>(c) Reuters Limited 1997</copyright>
<metadata>
<codes class="bip:countries:1.0">
  <code code="ALB">
    <editdetail attribution="Reuters BIP Coding Group" action="confirmed" date="1997-03-23"/>
  </code>
  <code code="ITALY">
    <editdetail attribution="Reuters BIP Coding Group" action="confirmed" date="1997-03-23"/>
  </code>
</codes>
<codes class="bip:topics:1.0">
  <code code="E51">
    <editdetail attribution="Reuters BIP Coding Group" action="confirmed" date="1997-03-23"/>
  </code>
  <code code="ECAT">
    <editdetail attribution="Reuters BIP Coding Group" action="confirmed" date="1997-03-23"/>
  </code>
  <code code="GCAT">
    <editdetail attribution="Reuters BIP Coding Group" action="confirmed" date="1997-03-23"/>
  </code>
  <code code="GDIP">
    <editdetail attribution="Reuters BIP Coding Group" action="confirmed" date="1997-03-23"/>
  </code>
  <code code="GVIO">
    <editdetail attribution="Reuters BIP Coding Group" action="confirmed" date="1997-03-23"/>
  </code>
</codes>
<dc element="dc.date.created" value="1997-03-23"/>
<dc element="dc.publisher" value="Reuters Holdings Plc"/>
<dc element="dc.date.published" value="1997-03-23"/>
<dc element="dc.source" value="Reuters"/>
<dc element="dc.creator.location" value="VLORE, Albania"/>
<dc element="dc.creator.location.country.name" value="ALBANIA"/>
<dc element="dc.source" value="Reuters"/>
</metadata>
</newsitem>
