<?xml version="1.0" encoding="iso-8859-1" ?>
<newsitem itemid="462049" id="root" date="1997-03-23" xml:lang="en">
<title>COLOMBIA: Oil chief troubled by Colombian production outlook.</title>
<headline>Oil chief troubled by Colombian production outlook.</headline>
<dateline>BOGOTA 1997-03-23</dateline>
<text>
<p>The head of Colombia's state-run oil company Ecopetrol warned Sunday that the outlook for oil production was &quot;very worrying&quot; because of a lack of exploration activity.</p>
<p>The recently-appointed Antonio Jose Urdinola said output could fall as low as 400,000 barrels per day within the next six years if no major new finds were made within the next six years.  </p>
<p>Last week Mines and Energy Minister Rodrigo Villamizar said crude output should climb from the current daily average of 623,000 barrels to more than 800,000 barrels per day by the end of this year.</p>
<p>But Urdinola warned that it might be difficult for Colombia to maintain those levels.</p>
<p>&quot;The outlook (in terms of oil supplies) is very worrying. We're not exploring and we must explore more if (Colombia) is to maintain a daily average of between 700,000 and 800,000 barrels,&quot; Urdinola said in an interview with the regional newspaper El Pas.  </p>
<p>&quot;Our excesses of crude will likely disappear within six years if we don't correct the situation. If we don't make another significant find, production will fall to between 400,000 and 500,000 barrels (per day),&quot; he added.</p>
<p>Urdinola's gloomy predictions contrast sharply with buoyant forecasts both within the state-run oil sector and among private domestic and foreign operators who work in Colombia under association contracts with Ecopetrol.</p>
<p>British Petroleum Plc chiefs forecast the Cusiana- Cupiagua field it operates in Colombia's eastern plains will be producing 500,000 barrels per day by the end of this year.  </p>
<p>They also believe the giant Piedemonte field, also in the Eastern plains region, will come on stream before the turn of the millenium.</p>
<p>Official government estimates suggest that less than 20 percent of Colombia's potential oil-bearing regions have so far been explored.</p>
<p>In the El Pas interview, Urdinola hinted that he may look at revising association contracts with operators working small fields in order to boost their profitability levels, particularly in those areas where little previous geological information exists.  </p>
<p>But he made only passing reference to BP's call for sweeter contract terms on the Piedemonte field. The government's Council of State came up with a fresh interpretation of that contract earlier this year which effectively boosts the short-term profitability of the Piedemonte field. But Urdinola said the &quot;ball was now in BP's court&quot; to decide if it wanted to continue in the area or not.</p>
<p>BP sources said recently they were at an &quot;advanced stage&quot; of negotiations with Ecopetrol on working out a new formula for production in Piedemonte.  </p>
<p>Urdinola added that he was eager to see an end to the debilitating wave of leftist rebel attacks on Colombia's oil infrastructure.</p>
<p>The National Liberation Army (ELN), the country's second largest rebel force, specializes in blowing up the country's main oil pipelines -- attacks which have cost more than $1.7 billion in damage and lost production in the last 10 years.</p>
<p>The worldwide head of BP's operations, John Browne, warned that the British multinational, Colombia's largest foreign investor, may curtail its activities in the face of the continuing rebel threat.</p>
<p>&quot;My dream is to take oil out of the war...it's of advantage to all Colombians, regardless of whatever side they're on, for us to extract oil ... that's to say no more dynamiting pipelines and no more threats against oil companies and those companies that provide security for the fields,&quot; Urdinola said.</p>
<p>((-- Karl Penhaul, Bogot newsroom, 571 610 7944))</p>
</text>
<copyright>(c) Reuters Limited 1997</copyright>
<metadata>
<codes class="bip:countries:1.0">
  <code code="COL">
    <editdetail attribution="Reuters BIP Coding Group" action="confirmed" date="1997-03-23"/>
  </code>
</codes>
<codes class="bip:industries:1.0">
  <code code="I13000">
    <editdetail attribution="Reuters BIP Coding Group" action="confirmed" date="1997-03-23"/>
  </code>
  <code code="I1300003">
    <editdetail attribution="Reuters BIP Coding Group" action="confirmed" date="1997-03-23"/>
  </code>
</codes>
<codes class="bip:topics:1.0">
  <code code="C21">
    <editdetail attribution="Reuters BIP Coding Group" action="confirmed" date="1997-03-23"/>
  </code>
  <code code="CCAT">
    <editdetail attribution="Reuters BIP Coding Group" action="confirmed" date="1997-03-23"/>
  </code>
</codes>
<dc element="dc.date.created" value="1997-03-23"/>
<dc element="dc.publisher" value="Reuters Holdings Plc"/>
<dc element="dc.date.published" value="1997-03-23"/>
<dc element="dc.source" value="Reuters"/>
<dc element="dc.creator.location" value="BOGOTA"/>
<dc element="dc.creator.location.country.name" value="COLOMBIA"/>
<dc element="dc.source" value="Reuters"/>
</metadata>
</newsitem>
