<?xml version="1.0" encoding="iso-8859-1" ?>
<newsitem itemid="462060" id="root" date="1997-03-23" xml:lang="en">
<title>BRAZIL: Fifty firms interested in Brazil Petrobras deals.</title>
<headline>Fifty firms interested in Brazil Petrobras deals.</headline>
<dateline>RIO DE JANEIRO 1997-03-23</dateline>
<text>
<p>More than 50 oil companies have obtained confidential information on 149 oil exploration and production projects Brazil's state oil monopoly Petrobras wants to pursue with other firms once the oil sector is opened to private competition, the O Estado de Sao Paulo newspaper said Sunday.</p>
<p>The companies who applied to see the project information had to sign an agreement of confidentiality, O Estado said.</p>
<p>The 149 projects identified by Petrobras require investments between $5 million and $900 million, it said.</p>
<p>A bill regulating the opening of the oil industry is currently being considered in Congress. It provides for the creation of a regulatory body, the National Petroleum Agency (ANP), which would approve licenses for exploration and production concessions.</p>
<p>&quot;Once the legislation is approved and the ANP has been created Petrobras will be ready to establish partnerships,&quot; a spokesman for Petrobras' exploration and production department was quoted as saying by O Estado de Sao Paulo.</p>
<p>((--Simona de Logu, Rio de Janeiro newsroom, 5521 507 4151))</p>
</text>
<copyright>(c) Reuters Limited 1997</copyright>
<metadata>
<codes class="bip:countries:1.0">
  <code code="BRAZ">
    <editdetail attribution="Reuters BIP Coding Group" action="confirmed" date="1997-03-23"/>
  </code>
</codes>
<codes class="bip:industries:1.0">
  <code code="I13000">
    <editdetail attribution="Reuters BIP Coding Group" action="confirmed" date="1997-03-23"/>
  </code>
  <code code="I1300003">
    <editdetail attribution="Reuters BIP Coding Group" action="confirmed" date="1997-03-23"/>
  </code>
</codes>
<codes class="bip:topics:1.0">
  <code code="C11">
    <editdetail attribution="Reuters BIP Coding Group" action="confirmed" date="1997-03-23"/>
  </code>
  <code code="C24">
    <editdetail attribution="Reuters BIP Coding Group" action="confirmed" date="1997-03-23"/>
  </code>
  <code code="CCAT">
    <editdetail attribution="Reuters BIP Coding Group" action="confirmed" date="1997-03-23"/>
  </code>
</codes>
<dc element="dc.date.created" value="1997-03-23"/>
<dc element="dc.publisher" value="Reuters Holdings Plc"/>
<dc element="dc.date.published" value="1997-03-23"/>
<dc element="dc.source" value="Reuters"/>
<dc element="dc.creator.location" value="RIO DE JANEIRO"/>
<dc element="dc.creator.location.country.name" value="BRAZIL"/>
<dc element="dc.source" value="Reuters"/>
</metadata>
</newsitem>
