<?xml version="1.0" encoding="iso-8859-1" ?>
<newsitem itemid="462019" id="root" date="1997-03-23" xml:lang="en">
<title>TANZANIA: Minister seeks protection for Tanzanian industry.</title>
<headline>Minister seeks protection for Tanzanian industry.</headline>
<byline>Mark Dodd</byline>
<dateline>DAR ES SALAAM 1997-03-23</dateline>
<text>
<p>Tanzanian Trade and Industry Minister William Shija has called for &quot;selective protection&quot; for key industries against imports.</p>
<p>He spoke as Tanzania and its neighbours, Uganda and Kenya, were proposing to revive a common market that existed until 1977, when the East African Community linking the three countries collapsed.</p>
<p>&quot;I think we should have selective protection of our industries in the future so that they are able to sell at least to the local market,&quot; Shija told the Reuters Africa Journal programme in a television interview on Friday.</p>
<p>&quot;Selective protection for industries is done by almost every country I can think of -- that's what we plan to do.&quot;</p>
<p>Tanzania's ailing textile industry was one example of the need for protection against low-cost imports. Shija said action would be taken to reduce the volume of textile imports, especially from India and Pakistan.</p>
<p>Many textiles were smuggled in without paying duty, he said.</p>
<p>After a disastrous experiment in socialist planning, begun in 1967, Tanzania embarked on economic reforms supervised by the International Monetary Fund and World Bank in the late 1980s.</p>
<p>Its currency is stable, foreign reserves are up and annual inflation, 25 percent in January 1996, is now 14 percent and falling.</p>
<p>Shija said privatisation and joint ventures were the best way to ensure viability of the state-run textile industry, which had been brought near collapse by poor management and lack of capital. Nationalisation had been a failure, he said.</p>
<p>&quot;We've had experience -- through public ownership we have not done very well and that's why some of our industries have died away,&quot; he added.</p>
<p>Although well regarded for its quality, Tanzanian cotton accounts for less than one percent of world production which is dominated by the United States, Australia, China and Russia.</p>
<p>Drought has cut the 1996/97 crop to around 350,000 bales (of 181 kgs) (400 lb) worth about $83 million, against 430,000 bales valued at $109 million the previous year.</p>
<p>Shija was confident the textile industry could be revived within three years. &quot;We think privatisation is the way forward.&quot;</p>
</text>
<copyright>(c) Reuters Limited 1997</copyright>
<metadata>
<codes class="bip:countries:1.0">
  <code code="KENYA">
    <editdetail attribution="Reuters BIP Coding Group" action="confirmed" date="1997-03-23"/>
  </code>
  <code code="TANZA">
    <editdetail attribution="Reuters BIP Coding Group" action="confirmed" date="1997-03-23"/>
  </code>
  <code code="UGANDA">
    <editdetail attribution="Reuters BIP Coding Group" action="confirmed" date="1997-03-23"/>
  </code>
</codes>
<codes class="bip:topics:1.0">
  <code code="E51">
    <editdetail attribution="Reuters BIP Coding Group" action="confirmed" date="1997-03-23"/>
  </code>
  <code code="E512">
    <editdetail attribution="Reuters BIP Coding Group" action="confirmed" date="1997-03-23"/>
  </code>
  <code code="ECAT">
    <editdetail attribution="Reuters BIP Coding Group" action="confirmed" date="1997-03-23"/>
  </code>
  <code code="GCAT">
    <editdetail attribution="Reuters BIP Coding Group" action="confirmed" date="1997-03-23"/>
  </code>
  <code code="GDIP">
    <editdetail attribution="Reuters BIP Coding Group" action="confirmed" date="1997-03-23"/>
  </code>
</codes>
<dc element="dc.date.created" value="1997-03-23"/>
<dc element="dc.publisher" value="Reuters Holdings Plc"/>
<dc element="dc.date.published" value="1997-03-23"/>
<dc element="dc.source" value="Reuters"/>
<dc element="dc.creator.location" value="DAR ES SALAAM"/>
<dc element="dc.creator.location.country.name" value="TANZANIA"/>
<dc element="dc.source" value="Reuters"/>
</metadata>
</newsitem>
