<?xml version="1.0" encoding="iso-8859-1" ?>
<newsitem itemid="462010" id="root" date="1997-03-23" xml:lang="en">
<title>ZIMBABWE: Hillary, Chelsea see splendor of Victoria Falls.</title>
<headline>Hillary, Chelsea see splendor of Victoria Falls.</headline>
<byline>Steve Holland</byline>
<dateline>VICTORIA FALLS, Zimbabwe 1997-03-23</dateline>
<text>
<p>U.S. First Lady Hillary Rodham Clinton and daughter Chelsea savoured the surging splendor of Victoria Falls on Sunday and got wet from the spray that shot high overhead.</p>
<p>&quot;Wow, great, it's great,&quot; President Clinton's wife said as she stood on a cliff overlook spot and watched the Zambezi River tumbling 300 feet into a gorge hidden by a thick cloud of roaring spray.</p>
<p>In the Kololo language, the falls are known as the &quot;Moisi- Oa-Tunya&quot; -- the Smoke that Thunders, and the cloud it produces can be seen for miles, and indeed was watched by those aboard the first lady's airplane as it flew to Victoria Falls from Harare.</p>
<p>It was in this natural beauty that Clintons chose to do some sightseeing on Palm Sunday after a week of mostly business during their two-week tour of Africa.</p>
<p>They walked about a mile along a trail through a rain forest that feeds from the spray and lingered at overlook spots along the way with names such as &quot;the Devil's Cataract,&quot; or &quot;Cataract Island.&quot;</p>
<p>Umbrellas gave them only partial protection and both Mrs. Clinton and her 17-year-old daughter got soaked.</p>
<p>At one point mother and daughter cupped their ears with heads tilted toward the falls to listen to the pure roar, on the advice of guide Glenn Tatham, chief warden for Zimbabwe's national parks.</p>
<p>&quot;If you cup your ears like that you can hear the energy,&quot; Mrs. Clinton said.</p>
<p>Tatham said: &quot;It's a very romantic thing to come here on a full moon and see a lunar rainbow.&quot;</p>
<p>Indeed rainbows were spotted in the gorge throughout the falls, which measure nearly a mile across and are considered one of the wonders of the world, much larger than America's Niagara Falls.</p>
<p>&quot;Did you all see the rainbow. Can you take a picture of the rainbow?&quot; Mrs. Clinton told photographers.</p>
<p>&quot;Work with her. Don't tip her over,&quot; said Mrs. Clinton's spokesman, Neel Lattimore, when the photographers surged forward.</p>
<p>The spray surges back up into the air and falls with every appearance of raindrops, an odd sensation with blue sky and puffy white clouds overhead.</p>
<p>&quot;No, Mom,&quot; protested Chelsea when her mother wanted to keep the umbrella above her head while being photographed. The umbrella was put aside.</p>
<p>At one overlook Mrs. Clinton was standing on some slick rocks and looking at a vividly coloured rainbow in the gorge far below, prompting one Secret Service agent to hold her arm in case she slipped.</p>
<p>At the end of the tour Mrs. Clinton and Chelsea watched someone go bungee-jumping from the centre of Victoria Falls bridge, a span that separates Zimbabwe from Zambia.</p>
<p>The jumper fell a long way, bounced around and then was brought back up.</p>
<p>&quot;Oh goodness,&quot; said U.S. ambassador to Zimbabwe, Johnnie Carson.</p>
<p>&quot;What's it like?&quot; Mrs. Clinton asked one fellow who told her what it was like.</p>
<p>&quot;Oy,&quot; was her cautious reply.</p>
</text>
<copyright>(c) Reuters Limited 1997</copyright>
<metadata>
<codes class="bip:countries:1.0">
  <code code="USA">
    <editdetail attribution="Reuters BIP Coding Group" action="confirmed" date="1997-03-23"/>
  </code>
  <code code="ZIMBAB">
    <editdetail attribution="Reuters BIP Coding Group" action="confirmed" date="1997-03-23"/>
  </code>
</codes>
<codes class="bip:topics:1.0">
  <code code="GCAT">
    <editdetail attribution="Reuters BIP Coding Group" action="confirmed" date="1997-03-23"/>
  </code>
  <code code="GDIP">
    <editdetail attribution="Reuters BIP Coding Group" action="confirmed" date="1997-03-23"/>
  </code>
</codes>
<dc element="dc.date.created" value="1997-03-23"/>
<dc element="dc.publisher" value="Reuters Holdings Plc"/>
<dc element="dc.date.published" value="1997-03-23"/>
<dc element="dc.source" value="Reuters"/>
<dc element="dc.creator.location" value="VICTORIA FALLS, Zimbabwe"/>
<dc element="dc.creator.location.country.name" value="ZIMBABWE"/>
<dc element="dc.source" value="Reuters"/>
</metadata>
</newsitem>
