<?xml version="1.0" encoding="iso-8859-1" ?>
<newsitem itemid="462082" id="root" date="1997-03-23" xml:lang="en">
<title>NEW ZEALAND: NZ mulls evacuation plan for nationals in PNG.</title>
<headline>NZ mulls evacuation plan for nationals in PNG.</headline>
<dateline>WELLINGTON 1996-03-24</dateline>
<text>
<p>New Zealand said on Monday it was working on contingency plans to evacuate its nationals from Papua New Guinea if the Pacific nation's military and political crisis worsened.</p>
<p>Foreign Minister Don McKinnon said he had discussed with Defence Minister Paul East New Zealand's ability to evacuate its citizens from PNG.</p>
<p>He said that although New Zealand had to be prepared to act, relative calm appeared to be holding and there was no immediate concern for people's safety.  </p>
<p>&quot;Obviously people are doing some work on this at the present time though I'm not aware that we have lifted to the same level of alert that the Australians have,&quot; McKinnon said.</p>
<p>&quot;We haven't got the same logistic capability as Australia but we obviously do have to take into account that if things really deteriorate very badly we do have a responsibility to New Zealand nationals that are in Papua New Guinea at the present time,&quot; he added in a radio interview.</p>
<p>Army leaders in PNG have demanded the resignation of Prime Minister Sir Julius Chan in a tense stand-off accompanied in the past week by street violence, riots and looting.  </p>
<p>Australia said on Sunday it had placed its defence forces on a higher degree of readiness because of the crisis. About 10,000 Australians and 3,000 New Zealanders live in PNG.</p>
<p>McKinnon said New Zealand's Defence Force would work with Australia's, probably by sending Hercules C130 aircraft, if evacuations became necessary.</p>
<p>-- Wellington newsroom 64 4 473-4746</p>
</text>
<copyright>(c) Reuters Limited 1997</copyright>
<metadata>
<codes class="bip:countries:1.0">
  <code code="NZ">
    <editdetail attribution="Reuters BIP Coding Group" action="confirmed" date="1997-03-23"/>
  </code>
  <code code="PAPNG">
    <editdetail attribution="Reuters BIP Coding Group" action="confirmed" date="1997-03-23"/>
  </code>
</codes>
<codes class="bip:topics:1.0">
  <code code="GCAT">
    <editdetail attribution="Reuters BIP Coding Group" action="confirmed" date="1997-03-23"/>
  </code>
  <code code="GDIP">
    <editdetail attribution="Reuters BIP Coding Group" action="confirmed" date="1997-03-23"/>
  </code>
  <code code="GVIO">
    <editdetail attribution="Reuters BIP Coding Group" action="confirmed" date="1997-03-23"/>
  </code>
</codes>
<dc element="dc.date.created" value="1996-03-24"/>
<dc element="dc.publisher" value="Reuters Holdings Plc"/>
<dc element="dc.date.published" value="1997-03-23"/>
<dc element="dc.source" value="Reuters"/>
<dc element="dc.creator.location" value="WELLINGTON"/>
<dc element="dc.creator.location.country.name" value="NEW ZEALAND"/>
<dc element="dc.source" value="Reuters"/>
</metadata>
</newsitem>
