<?xml version="1.0" encoding="iso-8859-1" ?>
<newsitem itemid="462041" id="root" date="1997-03-23" xml:lang="en">
<title>BELARUS: Clashes erupt at Belarus nationalist protest.</title>
<headline>Clashes erupt at Belarus nationalist protest.</headline>
<dateline>MINSK 1997-03-23</dateline>
<text>
<p>Scores of people battled with police in the Belarussian capital Minsk on Sunday when a nationalist protest against President Alexander Lukashenko erupted in clashes.</p>
<p>Police beat protesters with truncheons and nationalists fought back with their fists after about 4,000 demonstrators ignored a ban on marching and rallied on Yakob Kolas square. Fighting also broke out at a sanctioned rally, where a crowd of about 10,000 protesters had gathered.  </p>
<p>Protesters attacked several police cars and shouted &quot;Belarus into NATO&quot; and &quot;We will not sell our nation's glory&quot;. Several protesters appeared to have been injured.</p>
<p>The nationalists, who oppose Lukashenko's policy of forming a union with neighbouring Russia, were marking the anniversary of an independent republic created in 1918.</p>
<p>The republic lasted only a few months before being incorporated by Russian Bolsheviks. Many Belarussians are less than enthusiastic about the return of independence in 1991, favouring a new union with Moscow.</p>
<p>A loose union of prominent politicians, nationalists, intellectuals and students, mostly in the capital, oppose Lukashenko, who was awarded sweeping powers by most of the population of 10 million last November.</p>
</text>
<copyright>(c) Reuters Limited 1997</copyright>
<metadata>
<codes class="bip:countries:1.0">
  <code code="BYELRS">
    <editdetail attribution="Reuters BIP Coding Group" action="confirmed" date="1997-03-23"/>
  </code>
</codes>
<codes class="bip:topics:1.0">
  <code code="GCAT">
    <editdetail attribution="Reuters BIP Coding Group" action="confirmed" date="1997-03-23"/>
  </code>
  <code code="GPOL">
    <editdetail attribution="Reuters BIP Coding Group" action="confirmed" date="1997-03-23"/>
  </code>
  <code code="GVIO">
    <editdetail attribution="Reuters BIP Coding Group" action="confirmed" date="1997-03-23"/>
  </code>
</codes>
<dc element="dc.date.created" value="1997-03-23"/>
<dc element="dc.publisher" value="Reuters Holdings Plc"/>
<dc element="dc.date.published" value="1997-03-23"/>
<dc element="dc.source" value="Reuters"/>
<dc element="dc.creator.location" value="MINSK"/>
<dc element="dc.creator.location.country.name" value="BELARUS"/>
<dc element="dc.source" value="Reuters"/>
</metadata>
</newsitem>
