<?xml version="1.0" encoding="iso-8859-1" ?>
<newsitem itemid="462044" id="root" date="1997-03-23" xml:lang="en">
<title>CROATIA: FEATURE - Croatia holds exhibition of antique stuffed frogs.</title>
<headline>FEATURE - Croatia holds exhibition of antique stuffed frogs.</headline>
<byline>Metka Jelenc</byline>
<text>
<p>ZAGREB, March 23 (Zagreb) - The sound of croaking fills the air as the visitor approaches.</p>
<p>The &quot;Enchanted Swamp&quot;, an exhibition currently on show in a tent in central Zagreb, features more than 500 frogs stuffed almost a century ago by taxidermist Ferenz Mere, who displayed them as humans at work and play.</p>
<p>Scenes in 21 lighted glass cabinets depict frogs playing cards, rowing boats, swaying to the beat of a barn dance, misbehaving in a school classroom and pulling teeth from a dental patient with giant pliers.</p>
<p>Who Mere was and what inspired him is still much of a mystery.</p>
<p>What is known is confined to two articles published in a Croatian newspaper in 1964.</p>
<p>The Arena weekly said Mere was born to a well-to-do family in 1878 in Sombor, Serbia where he finished his education and later ran a brick factory.</p>
<p>After World War One he sold the plant and took to farming. Apparently this is when he became interested in frogs living in numerous nearby swamps.</p>
<p>&quot;He wondered how to preserve the frogs whom he thought were very similar to humans and arrived at this original idea,&quot; the paper quoted his friend Rudolf Cirkli as saying.</p>
<p>Cirkli said Mere began his work in 1910 and it took him a decade to complete 40 &quot;grotesque&quot; scenes containing 1,000 frogs, half of which have decayed beyond repair.</p>
<p>By World War Two the collection had been shown in 46 European cities from Sweden to Italy.</p>
<p>The current owner, Ivan Medvesek, said his parents bought the collection in 1964 after reading that someone had stored it in a basement.</p>
<p>&quot;They thought it was a unique thing that could be shown around the world,&quot; he said.</p>
<p>His family built a travelling show called &quot;Fantasy in Froggyland&quot; but business faded and the show was closed, only to be revived three decades later in Croatia.</p>
<p>&quot;Many have wondered about the special technique Mere used to stuff the frogs,&quot; Medvesek said, explaining it was done with wire put through the mouth which left the skin intact.</p>
<p>Mere had a talent for detail, including in his displays tiny tools, furniture and accessories.</p>
<p>&quot;I was amazed to see how much a frog can look like a human,&quot; wrote one woman in the exhibition's visitors' book.</p>
<p>Medvesek admits that there haven't been too many visitors to his exhibition, something he attributes to a lack of advertising and Croatia's relatively modest standard of living -- admission is $4 for adults and $1.90 for children.</p>
<p>But he is undeterred.</p>
<p>&quot;I have become a media personality thanks to the frogs,&quot; he said, mentioning plans to take the exhibit to Germany, Italy and the United States.</p>
</text>
<copyright>(c) Reuters Limited 1997</copyright>
<metadata>
<codes class="bip:countries:1.0">
  <code code="CRTIA">
    <editdetail attribution="Reuters BIP Coding Group" action="confirmed" date="1997-03-23"/>
  </code>
</codes>
<codes class="bip:topics:1.0">
  <code code="GCAT">
    <editdetail attribution="Reuters BIP Coding Group" action="confirmed" date="1997-03-23"/>
  </code>
  <code code="GENT">
    <editdetail attribution="Reuters BIP Coding Group" action="confirmed" date="1997-03-23"/>
  </code>
  <code code="GODD">
    <editdetail attribution="Reuters BIP Coding Group" action="confirmed" date="1997-03-23"/>
  </code>
</codes>
<dc element="dc.publisher" value="Reuters Holdings Plc"/>
<dc element="dc.date.published" value="1997-03-23"/>
<dc element="dc.source" value="Reuters"/>
<dc element="dc.creator.location.country.name" value="CROATIA"/>
<dc element="dc.source" value="Reuters"/>
</metadata>
</newsitem>
