<?xml version="1.0" encoding="iso-8859-1" ?>
<newsitem itemid="462059" id="root" date="1997-03-23" xml:lang="en">
<title>COLOMBIA: Colombian coffee leader attacks NY &quot;speculators&quot;.</title>
<headline>Colombian coffee leader attacks NY &quot;speculators&quot;.</headline>
<dateline>BOGOTA 1997-03-23</dateline>
<text>
<p>A leader of Colombia's biggest independent coffee growers' association, Unidad Nacional Cafetera, condemned what he termed as the manipulation of international coffee prices by New York-based &quot;speculators&quot;.</p>
<p>In a radio interview Sunday, the association's national coordinator Jorge Enrique Robledo, also attacked the new sliding-scale system of fixing domestic coffee prices, saying that it introduced instability into internal markets.</p>
<p>&quot;The coffee business worldwide is manipulated by speculators on the New York exchange who do what they want with prices depending on their own needs,&quot; Robledo told the Caracol radio network.  </p>
<p>The Unidad Nacional Cafetera is a loosely-woven but influential pressure group, which represents growers across nine separate provinces. It has long been critical of the National Coffee Growers' Federation, the supreme coffee authority in Colombia which controls all aspects of the industry from production through to export.</p>
<p>Most recently the Unidad Nacional Cafetera has pushed the government and the federation to help growers overcome high levels of indebtedness. All growers in Colombia are bound by the rules set by the federation and are linked to it through a system of regional committees.  </p>
<p>In the face of skyrocketing international coffee prices, Colombian Finance Minister Jose Antonio Ocampo announced a new method of calculating domestic coffee prices from the end of January.</p>
<p>The price paid for a 125-kg load is now revised each week and is set according to the average coffee price in the New York markets.</p>
<p>The domestic price rose from 221,500 pesos per 125-kg load to 383,375 pesos between Jan. 31 and March 14. But the price was cut to 363,750 pesos last Friday in the face of price corrections in the international marketplace.  </p>
<p>&quot;This mechanism of fixing internal prices automatically is disadvantageous for Colombian growers because its transfers the instability in markets abroad to the domestic market. If one thing is important for producers here it is for them to know what they can expect in the future,&quot; Robledo said.</p>
<p>Growers have also complained that the boom in international and domestic prices has not benefitted them because they have no coffee to sell until the so-called Mitaca harvest, which provides about 40 percent of the annual crop, begins at the end of this month. The main harvest takes place in October.  </p>
<p>The Unidad Nacional Cafetera has led the call for the government to restructure cash-strapped coffee growers' debts.</p>
<p>Robeldo said Sunday that an effective debt relief plan should still be the main priority of the government and the National Coffee Growers' Federation.</p>
<p>((-- Karl Penhaul, Bogota newsroom, 571 610 7944))</p>
</text>
<copyright>(c) Reuters Limited 1997</copyright>
<metadata>
<codes class="bip:countries:1.0">
  <code code="COL">
    <editdetail attribution="Reuters BIP Coding Group" action="confirmed" date="1997-03-23"/>
  </code>
  <code code="USA">
    <editdetail attribution="Reuters BIP Coding Group" action="confirmed" date="1997-03-23"/>
  </code>
</codes>
<codes class="bip:industries:1.0">
  <code code="I01001">
    <editdetail attribution="Reuters BIP Coding Group" action="confirmed" date="1997-03-23"/>
  </code>
  <code code="I0100137">
    <editdetail attribution="Reuters BIP Coding Group" action="confirmed" date="1997-03-23"/>
  </code>
</codes>
<codes class="bip:topics:1.0">
  <code code="C13">
    <editdetail attribution="Reuters BIP Coding Group" action="confirmed" date="1997-03-23"/>
  </code>
  <code code="C31">
    <editdetail attribution="Reuters BIP Coding Group" action="confirmed" date="1997-03-23"/>
  </code>
  <code code="CCAT">
    <editdetail attribution="Reuters BIP Coding Group" action="confirmed" date="1997-03-23"/>
  </code>
</codes>
<dc element="dc.date.created" value="1997-03-23"/>
<dc element="dc.publisher" value="Reuters Holdings Plc"/>
<dc element="dc.date.published" value="1997-03-23"/>
<dc element="dc.source" value="Reuters"/>
<dc element="dc.creator.location" value="BOGOTA"/>
<dc element="dc.creator.location.country.name" value="COLOMBIA"/>
<dc element="dc.source" value="Reuters"/>
</metadata>
</newsitem>
