<?xml version="1.0" encoding="iso-8859-1" ?>
<newsitem itemid="462055" id="root" date="1997-03-23" xml:lang="en">
<title>BRAZIL: Brazil's Franco sees 1997 trade gap at $15 bln.</title>
<headline>Brazil's Franco sees 1997 trade gap at $15 bln.</headline>
<dateline>RIO DE JANEIRO 1997-03-23</dateline>
<text>
<p>Brazil's Central Bank International Affairs Director Gustavo Franco said the trade deficit could hit a record $15 billion in 1997, the O Globo newspaper reported Sunday.</p>
<p>The figure compares with last year's $5 billion trade gap.</p>
<p>Franco said the figure was not causing the government any concern because it was considered to be &quot;compatible with the international scenario&quot;, O Globo newspaper said.</p>
<p>&quot;I believe the trade deficit will not really reach this amount, but if it does it will be considered to be normal,&quot; Franco was quoted as saying by O Globo.</p>
<p>He said the government was more concerned about dollar flows than monthly trade gap figures because many imports were not paid for in the same year as they were ordered and many exports were paid for in advance, O Globo said.</p>
<p>&quot;From a management poit of view, dollar flows are more important than the imports and exports registered,&quot; Franco was quoted as saying.</p>
<p>&quot;Foreign trade creates its own financing and therefore the deficit poses no problem for Brazil.&quot;</p>
<p>((--Simona de Logu, Rio de Janeiro newsroom, 5521 507 4151))</p>
</text>
<copyright>(c) Reuters Limited 1997</copyright>
<metadata>
<codes class="bip:countries:1.0">
  <code code="BRAZ">
    <editdetail attribution="Reuters BIP Coding Group" action="confirmed" date="1997-03-23"/>
  </code>
</codes>
<codes class="bip:topics:1.0">
  <code code="E51">
    <editdetail attribution="Reuters BIP Coding Group" action="confirmed" date="1997-03-23"/>
  </code>
  <code code="E512">
    <editdetail attribution="Reuters BIP Coding Group" action="confirmed" date="1997-03-23"/>
  </code>
  <code code="ECAT">
    <editdetail attribution="Reuters BIP Coding Group" action="confirmed" date="1997-03-23"/>
  </code>
</codes>
<dc element="dc.date.created" value="1997-03-23"/>
<dc element="dc.publisher" value="Reuters Holdings Plc"/>
<dc element="dc.date.published" value="1997-03-23"/>
<dc element="dc.source" value="Reuters"/>
<dc element="dc.creator.location" value="RIO DE JANEIRO"/>
<dc element="dc.creator.location.country.name" value="BRAZIL"/>
<dc element="dc.source" value="Reuters"/>
</metadata>
</newsitem>
