<?xml version="1.0" encoding="iso-8859-1" ?>
<newsitem itemid="462080" id="root" date="1997-03-23" xml:lang="en">
<title>AUSTRALIA: RTRS-BHP keen to resolve Foster's stake.</title>
<headline>RTRS-BHP keen to resolve Foster's stake.</headline>
<dateline>SYDNEY 1996-03-24</dateline>
<text>
<p>The Broken Hill Pty Co Ltd said it was actively looking at realising its investment in Foster's Brewing Group Ltd but could not say if this would be achieved by the end of the resource giant's financial year on May 31.</p>
<p>BHP, which counts minerals, copper, petroleum and steel as its main operating divisions, has a 37 percent stake in Australia's largest brewer. It has been a rumoured seller of the stake for the last year or so.  </p>
<p>&quot;As for whether there's some other way of capturing value from the investment in Foster's, that's something that we're certainly more actively looking at than perhaps we were last year,&quot; BHP chief executive John Prescott said in an interview on Channel Nine.</p>
<p>Prescott also said BHP had made its own inquiries about what to do with its investment since his last interview on the programme in February this year.  </p>
<p>&quot;We've had more approaches and we've made more inquiries that's all I can say,&quot; he said.</p>
<p>&quot;And there's been more speculation on what we might do and the value of the shares has continued to rise, maybe not the last week or two but if you take it over three months, it's continued to rise,&quot; Prescott said.</p>
<p>BHP's investment in Foster's was valued at A$1.85 billion based on the brewer's closing price of A$2.55 on Friday.</p>
<p>International brewers such as Canada's Molson Cos Ltd, Philip Morris and Holland's Heineken have been mooted as possible buyers, analysts have said.  </p>
<p>BHP acquired its Foster's stake in the late 1980s, a period when the mining giant was under takeover threat from Robert Holmes a Court and the company found an unusual ally in the form of former Foster's owner Elders IXL Ltd.</p>
<p>-- Sydney Newsroom 61-2 9373-1800</p>
</text>
<copyright>(c) Reuters Limited 1997</copyright>
<metadata>
<codes class="bip:countries:1.0">
  <code code="AUSTR">
    <editdetail attribution="Reuters BIP Coding Group" action="confirmed" date="1997-03-23"/>
  </code>
  <code code="CANA">
    <editdetail attribution="Reuters BIP Coding Group" action="confirmed" date="1997-03-23"/>
  </code>
  <code code="USA">
    <editdetail attribution="Reuters BIP Coding Group" action="confirmed" date="1997-03-23"/>
  </code>
</codes>
<codes class="bip:industries:1.0">
  <code code="I21000">
    <editdetail attribution="Reuters BIP Coding Group" action="confirmed" date="1997-03-23"/>
  </code>
  <code code="I42700">
    <editdetail attribution="Reuters BIP Coding Group" action="confirmed" date="1997-03-23"/>
  </code>
  <code code="I42900">
    <editdetail attribution="Reuters BIP Coding Group" action="confirmed" date="1997-03-23"/>
  </code>
  <code code="I83960">
    <editdetail attribution="Reuters BIP Coding Group" action="confirmed" date="1997-03-23"/>
  </code>
</codes>
<codes class="bip:topics:1.0">
  <code code="C18">
    <editdetail attribution="Reuters BIP Coding Group" action="confirmed" date="1997-03-23"/>
  </code>
  <code code="C181">
    <editdetail attribution="Reuters BIP Coding Group" action="confirmed" date="1997-03-23"/>
  </code>
  <code code="CCAT">
    <editdetail attribution="Reuters BIP Coding Group" action="confirmed" date="1997-03-23"/>
  </code>
</codes>
<dc element="dc.date.created" value="1996-03-24"/>
<dc element="dc.publisher" value="Reuters Holdings Plc"/>
<dc element="dc.date.published" value="1997-03-23"/>
<dc element="dc.source" value="Reuters"/>
<dc element="dc.creator.location" value="SYDNEY"/>
<dc element="dc.creator.location.country.name" value="AUSTRALIA"/>
<dc element="dc.source" value="Reuters"/>
</metadata>
</newsitem>
