<?xml version="1.0" encoding="iso-8859-1" ?>
<newsitem itemid="462040" id="root" date="1997-03-23" xml:lang="en">
<title>ALBANIA: Women, children rally for peace in Tirana.</title>
<headline>Women, children rally for peace in Tirana.</headline>
<dateline>TIRANA 1997-03-23</dateline>
<text>
<p>Several hundred people, many of them mothers with their children, demonstrated in central Tirana on Sunday to demand an end to violent unrest that has gripped Albania.</p>
<p>Waving flowers and chanting &quot;peace, peace&quot; they paraded round Skanderbeg square in bright sunlight calling for Albanians to unite to combat the spree of looting and shooting that has come close to tearing the Balkan country apart.</p>
<p>Some called out the name of Bashkim Fino, prime minister in a national unity government that is attempting to restore order in Albania.</p>
<p>Albania came close to all-out anarchy earlier this month after the collapse of shady pyramid investment schemes in which thousands of families lost their savings.</p>
<p>Angry Albanians then raided army barracks and looted thousands of weapons. They took over a string of towns, mostly in in the south of the country, and demanded that President Sali Berisha resign.</p>
<p>More than 100 people have died and many more have been wounded, mostly as a result of stray bullets.</p>
<p>Students whose campus near Tirana was wrecked by looters appealed for funds to help them rebuild it. People stepped forward to put money in a box on a makeshift table.</p>
<p>One of the organisers said the demonstration was a sign that people were sick of violence.</p>
<p>&quot;We are mothers, women and sisters. We need peace and life. This is our message today,&quot; said one protester.</p>
</text>
<copyright>(c) Reuters Limited 1997</copyright>
<metadata>
<codes class="bip:countries:1.0">
  <code code="ALB">
    <editdetail attribution="Reuters BIP Coding Group" action="confirmed" date="1997-03-23"/>
  </code>
</codes>
<codes class="bip:topics:1.0">
  <code code="GCAT">
    <editdetail attribution="Reuters BIP Coding Group" action="confirmed" date="1997-03-23"/>
  </code>
  <code code="GPOL">
    <editdetail attribution="Reuters BIP Coding Group" action="confirmed" date="1997-03-23"/>
  </code>
  <code code="GVIO">
    <editdetail attribution="Reuters BIP Coding Group" action="confirmed" date="1997-03-23"/>
  </code>
</codes>
<dc element="dc.date.created" value="1997-03-23"/>
<dc element="dc.publisher" value="Reuters Holdings Plc"/>
<dc element="dc.date.published" value="1997-03-23"/>
<dc element="dc.source" value="Reuters"/>
<dc element="dc.creator.location" value="TIRANA"/>
<dc element="dc.creator.location.country.name" value="ALBANIA"/>
<dc element="dc.source" value="Reuters"/>
</metadata>
</newsitem>
