<?xml version="1.0" encoding="iso-8859-1" ?>
<newsitem itemid="462085" id="root" date="1997-03-23" xml:lang="en">
<title>AUSTRALIA: RTRS-LAST TRADES - Australian Stocks Overseas.</title>
<headline>RTRS-LAST TRADES - Australian Stocks Overseas.</headline>
<dateline>SYDNEY 1996-03-24</dateline>
<text>
<p>Last Trades of Australian stocks listed on overseas markets. Previous close in brackets.</p>
<p>FTSE-100 Index    4254.8 (  4258.1)</p>
<p>Dow Jones Average 6804.79 ( 6820.28)</p>
<p>NASDAQ Composite  1254.07 ( 1259.26)</p>
<p>		     NEW YORK ADRS (US$)</p>
<p>ANZ		   32.125 (   30.75)</p>
<p>BHP			26.750 (  26.625)</p>
<p>Coles		     36.500 (  36.875)</p>
<p>FAI			  UNTR (  11.250)</p>
<p>NAB			61.125 (   61.25)</p>
<p>News		     18.750 (  19.125)</p>
<p>Orbital		    6.125 (   6.375)</p>
<p>Westpac		  28.625 (  27.250)</p>
<p>WMC			25.625 (  25.500)</p>
<p>		     NASDAQ (US$)</p>
<p>Boral		  23.000 (  22.875)</p>
<p>Cen Pac	     13.6250 (    14.5)</p>
<p>Cortecs		22.125 (  21.750)</p>
<p>GCM		    6.6875 (  6.8750)</p>
<p>Memtec		 22.125 ( 22.6250)</p>
<p>S.Pac		  5.2813 (     5.5)</p>
<p>Santos		 15.000 (  15.125)</p>
<p>--Sydney newsroom 61-2 9373-1800</p>
</text>
<copyright>(c) Reuters Limited 1997</copyright>
<metadata>
<codes class="bip:countries:1.0">
  <code code="AUSTR">
    <editdetail attribution="Reuters BIP Coding Group" action="confirmed" date="1997-03-23"/>
  </code>
  <code code="UK">
    <editdetail attribution="Reuters BIP Coding Group" action="confirmed" date="1997-03-23"/>
  </code>
  <code code="USA">
    <editdetail attribution="Reuters BIP Coding Group" action="confirmed" date="1997-03-23"/>
  </code>
</codes>
<codes class="bip:industries:1.0">
  <code code="I13000">
    <editdetail attribution="Reuters BIP Coding Group" action="confirmed" date="1997-03-23"/>
  </code>
  <code code="I1300003">
    <editdetail attribution="Reuters BIP Coding Group" action="confirmed" date="1997-03-23"/>
  </code>
  <code code="I21000">
    <editdetail attribution="Reuters BIP Coding Group" action="confirmed" date="1997-03-23"/>
  </code>
  <code code="I24000">
    <editdetail attribution="Reuters BIP Coding Group" action="confirmed" date="1997-03-23"/>
  </code>
  <code code="I25700">
    <editdetail attribution="Reuters BIP Coding Group" action="confirmed" date="1997-03-23"/>
  </code>
  <code code="I32830">
    <editdetail attribution="Reuters BIP Coding Group" action="confirmed" date="1997-03-23"/>
  </code>
  <code code="I35300">
    <editdetail attribution="Reuters BIP Coding Group" action="confirmed" date="1997-03-23"/>
  </code>
  <code code="I65600">
    <editdetail attribution="Reuters BIP Coding Group" action="confirmed" date="1997-03-23"/>
  </code>
  <code code="I6560002">
    <editdetail attribution="Reuters BIP Coding Group" action="confirmed" date="1997-03-23"/>
  </code>
  <code code="I81402">
    <editdetail attribution="Reuters BIP Coding Group" action="confirmed" date="1997-03-23"/>
  </code>
  <code code="I82001">
    <editdetail attribution="Reuters BIP Coding Group" action="confirmed" date="1997-03-23"/>
  </code>
</codes>
<codes class="bip:topics:1.0">
  <code code="C15">
    <editdetail attribution="Reuters BIP Coding Group" action="confirmed" date="1997-03-23"/>
  </code>
  <code code="C152">
    <editdetail attribution="Reuters BIP Coding Group" action="confirmed" date="1997-03-23"/>
  </code>
  <code code="CCAT">
    <editdetail attribution="Reuters BIP Coding Group" action="confirmed" date="1997-03-23"/>
  </code>
</codes>
<dc element="dc.date.created" value="1996-03-24"/>
<dc element="dc.publisher" value="Reuters Holdings Plc"/>
<dc element="dc.date.published" value="1997-03-23"/>
<dc element="dc.source" value="Reuters"/>
<dc element="dc.creator.location" value="SYDNEY"/>
<dc element="dc.creator.location.country.name" value="AUSTRALIA"/>
<dc element="dc.source" value="Reuters"/>
</metadata>
</newsitem>
