<?xml version="1.0" encoding="iso-8859-1" ?>
<newsitem itemid="462014" id="root" date="1997-03-23" xml:lang="en">
<title>UGANDA: Ugandan president says rebel leader escaped death.</title>
<headline>Ugandan president says rebel leader escaped death.</headline>
<dateline>KAMPALA 1997-03-23</dateline>
<text>
<p>President Yoweri Museveni has said Juma Oris, a former Uganda army colonel leading a rebel group operating in northwest Uganda, escaped from an attack in which many of his followers died.</p>
<p>Addressing a national youth camp at Mpigi, 60 km (40 miles) west of Kampala, on Saturday, Museveni said he had reliable reports that Oris was still alive somewhere in southern Sudan, the state-owned Sunday Vision reported.</p>
<p>He discounted a report in a local newspaper, The Monitor, that Oris was killed by Zairean rebels at Katambala, in northeast Zaire, after escaping from Uganda a week ago.</p>
<p>Oris, a close associate of dictator Idi Amin who ruled Uganda from 1971 to 1979, served as a minister in Amin's government. He fled into exile in Sudan when Amin was overthrown, returning in 1993 to head the rebel West Nile Bank Front with the aim of overthrowing Museveni.</p>
<p>Museveni also said the Lord's Resistance Army (LRA) rebels, who have been operating over a wide area of northern Uganda, would soon be overcome.</p>
<p>He said the Uganda army had been reorganised, and was succeeding against the rebels.</p>
</text>
<copyright>(c) Reuters Limited 1997</copyright>
<metadata>
<codes class="bip:countries:1.0">
  <code code="UGANDA">
    <editdetail attribution="Reuters BIP Coding Group" action="confirmed" date="1997-03-23"/>
  </code>
</codes>
<codes class="bip:topics:1.0">
  <code code="GCAT">
    <editdetail attribution="Reuters BIP Coding Group" action="confirmed" date="1997-03-23"/>
  </code>
  <code code="GVIO">
    <editdetail attribution="Reuters BIP Coding Group" action="confirmed" date="1997-03-23"/>
  </code>
</codes>
<dc element="dc.date.created" value="1997-03-23"/>
<dc element="dc.publisher" value="Reuters Holdings Plc"/>
<dc element="dc.date.published" value="1997-03-23"/>
<dc element="dc.source" value="Reuters"/>
<dc element="dc.creator.location" value="KAMPALA"/>
<dc element="dc.creator.location.country.name" value="UGANDA"/>
<dc element="dc.source" value="Reuters"/>
</metadata>
</newsitem>
