<?xml version="1.0" encoding="iso-8859-1" ?>
<newsitem itemid="462074" id="root" date="1997-03-23" xml:lang="en">
<title>AUSTRALIA: RTRS-Top 20 Australian Dividend Yields - March 24.</title>
<headline>RTRS-Top 20 Australian Dividend Yields - March 24.</headline>
<dateline>SYDNEY 1996-03-24</dateline>
<text>
<p>Twenty highest dividend yields for Australian companies included in the 320-share All Ordinaries Index based on closing prices on Friday.</p>
<p>Dividends based on rolling 12 months.</p>
<p>Yields are not grossed up for franking credits.</p>
<p>				  Dividend</p>
<p>Rank Name		     Yield    Close</p>
<p> 1   Consol Rutile	 165.31    0.98</p>
<p> 2   Centro Prop	    16.01    2.17</p>
<p> 3   Bk of Queen	    13.19    6.14</p>
<p> 4   MT Leyshon Gold	11.36    2.20</p>
<p> 5   Prime Credit Tr	10.10    0.97</p>
<p> 6   Prop Income Inv	 9.88    1.02</p>
<p> 7   Aust Tour		 9.62    0.78</p>
<p> 8   Natl Consol	     9.38    0.96</p>
<p> 9   BT Prop Trust	   9.27    1.76</p>
<p>10   Villa World	     8.93    1.12</p>
<p>11   Burswood Prop	   8.89    1.35</p>
<p>12   Ipoh			8.74    2.06</p>
<p>13   Indu Property	   8.69    0.99</p>
<p>14   Equitilink		8.47    0.59</p>
<p>15   Gen Prop Tr	     8.40    2.37</p>
<p>16   Gandel Retail Tr	8.40    0.93</p>
<p>17   Natl In Prop	    8.35    1.05</p>
<p>18   Countrywide-PP	  8.33    1.22</p>
<p>19   Westfield Trust	 8.31    2.36</p>
<p>20   Advance Pro CB	  8.29    1.40</p>
<p>-- Sydney Newsroom 61-2 373-1800</p>
</text>
<copyright>(c) Reuters Limited 1997</copyright>
<metadata>
<codes class="bip:countries:1.0">
  <code code="AUSTR">
    <editdetail attribution="Reuters BIP Coding Group" action="confirmed" date="1997-03-23"/>
  </code>
</codes>
<codes class="bip:industries:1.0">
  <code code="I21000">
    <editdetail attribution="Reuters BIP Coding Group" action="confirmed" date="1997-03-23"/>
  </code>
  <code code="I66500">
    <editdetail attribution="Reuters BIP Coding Group" action="confirmed" date="1997-03-23"/>
  </code>
  <code code="I81402">
    <editdetail attribution="Reuters BIP Coding Group" action="confirmed" date="1997-03-23"/>
  </code>
  <code code="I81502">
    <editdetail attribution="Reuters BIP Coding Group" action="confirmed" date="1997-03-23"/>
  </code>
  <code code="I8150206">
    <editdetail attribution="Reuters BIP Coding Group" action="confirmed" date="1997-03-23"/>
  </code>
  <code code="I83100">
    <editdetail attribution="Reuters BIP Coding Group" action="confirmed" date="1997-03-23"/>
  </code>
  <code code="I83960">
    <editdetail attribution="Reuters BIP Coding Group" action="confirmed" date="1997-03-23"/>
  </code>
  <code code="I85000">
    <editdetail attribution="Reuters BIP Coding Group" action="confirmed" date="1997-03-23"/>
  </code>
  <code code="I8500029">
    <editdetail attribution="Reuters BIP Coding Group" action="confirmed" date="1997-03-23"/>
  </code>
  <code code="I97912">
    <editdetail attribution="Reuters BIP Coding Group" action="confirmed" date="1997-03-23"/>
  </code>
</codes>
<codes class="bip:topics:1.0">
  <code code="C15">
    <editdetail attribution="Reuters BIP Coding Group" action="confirmed" date="1997-03-23"/>
  </code>
  <code code="C152">
    <editdetail attribution="Reuters BIP Coding Group" action="confirmed" date="1997-03-23"/>
  </code>
  <code code="CCAT">
    <editdetail attribution="Reuters BIP Coding Group" action="confirmed" date="1997-03-23"/>
  </code>
</codes>
<dc element="dc.date.created" value="1996-03-24"/>
<dc element="dc.publisher" value="Reuters Holdings Plc"/>
<dc element="dc.date.published" value="1997-03-23"/>
<dc element="dc.source" value="Reuters"/>
<dc element="dc.creator.location" value="SYDNEY"/>
<dc element="dc.creator.location.country.name" value="AUSTRALIA"/>
<dc element="dc.source" value="Reuters"/>
</metadata>
</newsitem>
