<?xml version="1.0" encoding="iso-8859-1" ?>
<newsitem itemid="462048" id="root" date="1997-03-23" xml:lang="en">
<title>ARGENTINA: Cavallo says &quot;mission accomplished&quot; on crime rings.</title>
<headline>Cavallo says &quot;mission accomplished&quot; on crime rings.</headline>
<dateline>BUENOS AIRES 1997-03-23</dateline>
<text>
<p>Former Argentine economy minister Domingo Cavallo declared Sunday &quot;mission accomplished&quot; in his anti-corruption campaign against postal tycoon Alfredo Yabran and said he would now concentrate on his independent political campaign.</p>
<p>&quot;I have decided to close this chapter. The country needed its eyes to be opened against the 'mafia' and organized crime. It was tough, but feel like I have won because society is now fully conscious,&quot; he told La Nacion. Cavallo uses the word &quot;mafia&quot; to refer to crime rings.  </p>
<p>Cavallo, sacked last July by President Carlos Menem after bringing Argentina unaccustomed economic stability, has been denouncing Yabran since mid-1995, forcing the secretive businessman to emerge into the media spotlight this week to refute Cavallo's charges.</p>
<p>In interviews with La Nacion and Clarin newspapers published Sunday, the man once known as Menem's &quot;Superminister&quot; said he had accomplished &quot;a tough mission&quot; and would now leave it up to the courts to probe Yabran.  </p>
<p>Cavallo accuses the enigmatic businessman of being the leader of a crime syndicate allegedly trying to build up monopolies in the postal sector and in airport services for criminal purposes. He has also accused two government ministers and senior judges of giving Yabran protection. All are suing him.  </p>
<p>To Clarin, Cavallo celebrated the fact that Congress now plans to set up a committee to investigate Yabran's business: &quot;I'm very glad because transparency is to the mafia like light is to vampires. At the same time, it will be very difficult now for the courts not to investigate racketeering and mafias.&quot;</p>
<p>Yabran denied all of Cavallo's charges in this week's media interviews and accused him in turn of acting as a &quot;covert operator&quot; for foreign companies.  </p>
<p>Cavallo alleges Yabran is powerful figure behind the scenes in Argentine business and told Clarin: &quot;In 25 years he set up an organization with deep penetration into political power.&quot; He said members of both the ruling Peronist Party and opposition Radical Party were in Yabran's pocket.</p>
<p>The former minister plans to run as an independent candidate in mid-term elections in October this year and is considering trying for the presidency in 1999, promoting his reputation as a &quot;man of action&quot; in Argentine politics.  </p>
<p>&quot;I can provide leadership because I have shown I am a man of action,&quot; he told La Nacion, defining his role as giving Argentines a new political alternative in October's Congressional vote and in 1999.</p>
<p>He is also betting on his reputation as the man who brought Argentines economic and monetary stability and free-market reforms. &quot;With me, people won't be afraid of returning to inflation.&quot;</p>
</text>
<copyright>(c) Reuters Limited 1997</copyright>
<metadata>
<codes class="bip:countries:1.0">
  <code code="ARG">
    <editdetail attribution="Reuters BIP Coding Group" action="confirmed" date="1997-03-23"/>
  </code>
</codes>
<codes class="bip:topics:1.0">
  <code code="GCAT">
    <editdetail attribution="Reuters BIP Coding Group" action="confirmed" date="1997-03-23"/>
  </code>
  <code code="GCRIM">
    <editdetail attribution="Reuters BIP Coding Group" action="confirmed" date="1997-03-23"/>
  </code>
  <code code="GPOL">
    <editdetail attribution="Reuters BIP Coding Group" action="confirmed" date="1997-03-23"/>
  </code>
</codes>
<dc element="dc.date.created" value="1997-03-23"/>
<dc element="dc.publisher" value="Reuters Holdings Plc"/>
<dc element="dc.date.published" value="1997-03-23"/>
<dc element="dc.source" value="Reuters"/>
<dc element="dc.creator.location" value="BUENOS AIRES"/>
<dc element="dc.creator.location.country.name" value="ARGENTINA"/>
<dc element="dc.source" value="Reuters"/>
</metadata>
</newsitem>
