<?xml version="1.0" encoding="iso-8859-1" ?>
<newsitem itemid="462081" id="root" date="1997-03-23" xml:lang="en">
<title>AUSTRALIA: RTRS-Australia's Colonial offers franchise banking.</title>
<headline>RTRS-Australia's Colonial offers franchise banking.</headline>
<dateline>MELBOURNE 1996-03-24</dateline>
<text>
<p>Colonial State Bank said on Monday it would introduce franchise banking around Australia.</p>
<p>Managing director Stuart James said the progressive franchising of the bank's branch network was the next stage in the Colonial group's innovative distribution strategy.</p>
<p>About 60 &quot;trade areas&quot; around Australia had been identified as having potential for individual franchises, the bank, which is owned by insurance group Colonial Ltd, said in a statement.</p>
<p>&quot;The objective of franchising is to move customer service to a new plateau, by combining the strength of a major corporatiion with the commitment of the individual owner,&quot; James said.  </p>
<p>&quot;Of course customer security, confidentiality and privacy will be assured by maintaining current systems and controls,&quot; he said. &quot;Franchisees will not have loan delegation authority and the management of credit will be maintained by the bank.&quot;</p>
<p>The franchising move would speed up the roll-out of the bank's national network and lower distribution costs, he said.</p>
<p>&quot;It is anticipated that Colonial State Bank franchise owners will be drawn from existing senior staff, from highly successful external executives and from the Colonial insurance franchises,&quot; James said.  </p>
<p>He described the initiative as the world's first true banking franchise system.</p>
<p>He gave no details about how the franchisee would profit.</p>
<p>However, a spokesman said franchisees would have an individual stake in the business.</p>
<p>The Reserve Bank of Australia, the New South Wales state government and labour unions had been fully advised of Colonial's plan, the bank said.</p>
<p>Franchises would be configured on a &quot;hub and spoke&quot; basis, the hub being the primary location offering all group services, and the spokes being mainly sales and service locations.  </p>
<p>Colonial State Bank was formerly the State Bank of New South Wales before the state government sold it to the Colonial group in 1994.</p>
<p>Colonial Ltd is expected to list on the Australian and New Zealand stock exchanges around mid-year.</p>
<p>-- Melbourne Bureau 61-3 9281-1421</p>
</text>
<copyright>(c) Reuters Limited 1997</copyright>
<metadata>
<codes class="bip:countries:1.0">
  <code code="AUSTR">
    <editdetail attribution="Reuters BIP Coding Group" action="confirmed" date="1997-03-23"/>
  </code>
</codes>
<codes class="bip:industries:1.0">
  <code code="I82002">
    <editdetail attribution="Reuters BIP Coding Group" action="confirmed" date="1997-03-23"/>
  </code>
</codes>
<codes class="bip:topics:1.0">
  <code code="C11">
    <editdetail attribution="Reuters BIP Coding Group" action="confirmed" date="1997-03-23"/>
  </code>
  <code code="C22">
    <editdetail attribution="Reuters BIP Coding Group" action="confirmed" date="1997-03-23"/>
  </code>
  <code code="CCAT">
    <editdetail attribution="Reuters BIP Coding Group" action="confirmed" date="1997-03-23"/>
  </code>
</codes>
<dc element="dc.date.created" value="1996-03-24"/>
<dc element="dc.publisher" value="Reuters Holdings Plc"/>
<dc element="dc.date.published" value="1997-03-23"/>
<dc element="dc.source" value="Reuters"/>
<dc element="dc.creator.location" value="MELBOURNE"/>
<dc element="dc.creator.location.country.name" value="AUSTRALIA"/>
<dc element="dc.source" value="Reuters"/>
</metadata>
</newsitem>
