<?xml version="1.0" encoding="iso-8859-1" ?>
<newsitem itemid="462011" id="root" date="1997-03-23" xml:lang="en">
<title>NIGERIA: PRESS DIGEST - Nigeria - March 23.</title>
<headline>PRESS DIGEST - Nigeria - March 23.</headline>
<dateline>LAGOS 1997-03-23</dateline>
<text>
<p>These are significant stories in the Nigerian press on Sunday. Reuters has not verified these stories and does not vouch for their accuracy.</p>
<p>SUNDAY TIMES</p>
<p>- Military ruler General Sani Abacha approves commissioning of the eastern Onitsha port to boost commerce in the region.</p>
<p>THE GUARDIAN</p>
<p>- Nigeria's fuel crisis enters the sixth day as tankers have been unable to lift supplies at depots since Friday.</p>
<p>- Robbers in Lagos kill two members of &quot;Operation Sweep&quot; -- a combined anti-crime task force of the navy, police and soldiers -- in the third such attack within three months.</p>
<p>- State phone company Nigerian Telecommunications has ordered additional pay-phone boxes for installation in five cities, spokesman Tayo Ekundayo says.</p>
<p>THISDAY</p>
<p>- The Nigerian environment is under serious threat and needs to be protected through a tight legal framework, Mohammed Uwais, chief justice of the federation, tells an environment seminar in Lagos.</p>
<p>($1=85 naira)</p>
<p>-- Lagos newsroom +234 1 2630317</p>
</text>
<copyright>(c) Reuters Limited 1997</copyright>
<metadata>
<codes class="bip:countries:1.0">
  <code code="NIGEA">
    <editdetail attribution="Reuters BIP Coding Group" action="confirmed" date="1997-03-23"/>
  </code>
</codes>
<codes class="bip:topics:1.0">
  <code code="GCAT">
    <editdetail attribution="Reuters BIP Coding Group" action="confirmed" date="1997-03-23"/>
  </code>
</codes>
<dc element="dc.date.created" value="1997-03-23"/>
<dc element="dc.publisher" value="Reuters Holdings Plc"/>
<dc element="dc.date.published" value="1997-03-23"/>
<dc element="dc.source" value="Reuters"/>
<dc element="dc.creator.location" value="LAGOS"/>
<dc element="dc.creator.location.country.name" value="NIGERIA"/>
<dc element="dc.source" value="Reuters"/>
</metadata>
</newsitem>
