<?xml version="1.0" encoding="iso-8859-1" ?>
<newsitem itemid="462034" id="root" date="1997-03-23" xml:lang="en">
<title>ALBANIA: Albanian leader rejects calls for him to quit.</title>
<headline>Albanian leader rejects calls for him to quit.</headline>
<byline>Colin McIntyre</byline>
<dateline>TIRANA 1997-03-23</dateline>
<text>
<p>Albanian President Sali Berisha was quoted on Sunday as rejecting calls to resign from rebels holding the south of the country and urging the international community to help avert civil war.</p>
<p>His appeal, in an interview with the Rome newspaper La Repubblica, came as Italy flew emergency medical aid to the rebel stronghold of Vlore in the south.</p>
<p>It also came on the eve of a meeting of European Union foreign ministers to discuss how to provide security for a major humanitarian relief mission to the Balkan country, battered by weeks of turmoil.</p>
<p>The EU has already turned down an Albanian request for large-scale military intervention to help restore order after rebels looted weapons from army depots and rose against Berisha, blaming him for failed savings schemes that bankrupted thousands, and the anarchy spread throughout the country.</p>
<p>Berisha dismissed the rebels' demands for his resignation, saying: &quot;I will not submit to blackmail, I will not let myself be frightened by the threat of arms.&quot;</p>
<p>&quot;My future is in the hands of the Albanian people. I won't leave politics but I will respect, without any hesitation, any decision of the people. This too is democracy.&quot;</p>
<p>Berisha has promised to quit if his party loses new elections to be held by June.</p>
<p>Berisha said he wanted the international community to help Albania &quot;avert civil war and help us put the country back on its feet&quot;.</p>
<p>Albanian Prime Minister Bashkim Fino has also rebuffed the rebels in the south, saying Berisha's resignation now would create a power vacuum, but offered to open a dialogue with them.</p>
<p>Fino is due to travel to Rome on Tuesday to discuss the Albanian crisis with EU foreign ministers at a meeting to mark the 40th anniversary of the founding of the European Economic Community.</p>
<p>Fino, a member of the opposition Socialist Party, has been locked in a power struggle with Berisha's Democrats, who control 122 of the 140 seats in parliament after elections last May that international observers said were deeply flawed.</p>
<p>In Vlore, Italian helicopters brought in nearly two tonnes of medical aid in an operation organised by rebel councils now running southern towns and the Italian government.</p>
<p>&quot;We are happy such an operation was successful because we badly needed medical equipment,&quot; local hospital director Servet Kojdheli told Reuters.</p>
<p>Kojdheli said up to six Italian surgeons were due to be flown into Vlore on Monday to operate on over 50 people seriously wounded and dozens more slightly injured during the turmoil.</p>
<p>The Italian government is also due to fly medical aid to the capital Tirana in the north of the country, which is under government control, following a request from Fino.</p>
<p>The Interior Ministry announced on Sunday that the northern port of Durres, some 40 km (25 miles) west of Tirana, had reopened. It was closed last week after scenes of chaos as thousands of Albanians tried to flee in rusty ships.</p>
<p>In Tirana several hundred people, many of them mothers with their children, staged a demonstration to demand an end to the violent unrest that has gripped the country.</p>
<p>They held up placards saying &quot;Stop violence and weapons&quot; and &quot;Give the children books, not guns&quot;.</p>
</text>
<copyright>(c) Reuters Limited 1997</copyright>
<metadata>
<codes class="bip:countries:1.0">
  <code code="ALB">
    <editdetail attribution="Reuters BIP Coding Group" action="confirmed" date="1997-03-23"/>
  </code>
  <code code="ITALY">
    <editdetail attribution="Reuters BIP Coding Group" action="confirmed" date="1997-03-23"/>
  </code>
</codes>
<codes class="bip:topics:1.0">
  <code code="GCAT">
    <editdetail attribution="Reuters BIP Coding Group" action="confirmed" date="1997-03-23"/>
  </code>
  <code code="GDIP">
    <editdetail attribution="Reuters BIP Coding Group" action="confirmed" date="1997-03-23"/>
  </code>
  <code code="GPOL">
    <editdetail attribution="Reuters BIP Coding Group" action="confirmed" date="1997-03-23"/>
  </code>
  <code code="GVIO">
    <editdetail attribution="Reuters BIP Coding Group" action="confirmed" date="1997-03-23"/>
  </code>
</codes>
<dc element="dc.date.created" value="1997-03-23"/>
<dc element="dc.publisher" value="Reuters Holdings Plc"/>
<dc element="dc.date.published" value="1997-03-23"/>
<dc element="dc.source" value="Reuters"/>
<dc element="dc.creator.location" value="TIRANA"/>
<dc element="dc.creator.location.country.name" value="ALBANIA"/>
<dc element="dc.source" value="Reuters"/>
</metadata>
</newsitem>
