<?xml version="1.0" encoding="iso-8859-1" ?>
<newsitem itemid="462035" id="root" date="1997-03-23" xml:lang="en">
<title>UKRAINE: Ukraine communist deputy found dead - Interfax.</title>
<headline>Ukraine communist deputy found dead - Interfax.</headline>
<dateline>KIEV 1997-03-23</dateline>
<text>
<p>A communist parliamentarian was found dead at home in the Ukrainian capital on Sunday, and the interior minister had departed for the scene, Interfax-Ukraine news agency quoted city police as saying.</p>
<p>Nikolai Zavarzyn, born in 1944, was a member of parliament's defence and security commission from a group called &quot;Communists for social justice and people's power,&quot; it said.</p>
<p>There was no immediate evidence that Zavarzyn had died a violent death or of a break-in at his Kiev apartment.</p>
<p>But Interior Minister Yuri Kravchenko and two of his deputies had gone to Zavarzyn's home, where medical experts were carrying out an investigation, the news agency said.</p>
</text>
<copyright>(c) Reuters Limited 1997</copyright>
<metadata>
<codes class="bip:countries:1.0">
  <code code="UKRN">
    <editdetail attribution="Reuters BIP Coding Group" action="confirmed" date="1997-03-23"/>
  </code>
</codes>
<codes class="bip:topics:1.0">
  <code code="GCAT">
    <editdetail attribution="Reuters BIP Coding Group" action="confirmed" date="1997-03-23"/>
  </code>
  <code code="GPOL">
    <editdetail attribution="Reuters BIP Coding Group" action="confirmed" date="1997-03-23"/>
  </code>
  <code code="GPRO">
    <editdetail attribution="Reuters BIP Coding Group" action="confirmed" date="1997-03-23"/>
  </code>
</codes>
<dc element="dc.date.created" value="1997-03-23"/>
<dc element="dc.publisher" value="Reuters Holdings Plc"/>
<dc element="dc.date.published" value="1997-03-23"/>
<dc element="dc.source" value="Reuters"/>
<dc element="dc.creator.location" value="KIEV"/>
<dc element="dc.creator.location.country.name" value="UKRAINE"/>
<dc element="dc.source" value="Reuters"/>
</metadata>
</newsitem>
