<?xml version="1.0" encoding="iso-8859-1" ?>
<newsitem itemid="462091" id="root" date="1997-03-23" xml:lang="en">
<title>AUSTRALIA: RTRS-Dresdner-NFF commodity index up on beef, wool.</title>
<headline>RTRS-Dresdner-NFF commodity index up on beef, wool.</headline>
<dateline>CANBERRA 1996-03-24</dateline>
<text>
<p>A significant increase in beef and wool prices helped up push up Australian rural commodity prices this month but a stronger Australian dollar whittled away most of the gains, Dresdner Australia Ltd and the National Farmers Federation (NFF) said on Monday.</p>
<p>The Dresdner commodity price index, measured in Special Drawing Rights (SDR) terms, rose 3.2 percent in March and was 7.5 percent above the year-earlier level, Dresdner-NFF said in their International Commodity Price Review monthly.</p>
<p>But in Australian dollar terms, the index fell 0.3 percent in March due to a stronger local currency, they said.  </p>
<p>Dresdner-NFF said the rural price index in SDR terms rose 4.7 percent in March, making a 10.9 percent rise over the year-earlier level, but rose only 1.1 percent in Australian dollar terms over the month.</p>
<p>The rise was largely due to stronger beef prices while wool, sorghum, rice and cotton also rose.</p>
<p>&quot;Beef prices were driven by a strong improvement in U.S. manufactured beef prices, as a result of lower meat production and improved demand, as well as news that the McDonald's chain had launched a 55 U.S. cents beef patty sandwich in the U.S.,&quot; NFF economic policy director Todd Ritchie said in a statement,  </p>
<p>But Dresdner-NFF said beef prices are expected to come under renewed pressure in the coming months as U.S. feed cattle production peaks.</p>
<p>&quot;Wool prices also moved higher during the month, with the eastern markert indicator reaching its higher level since November 15, 1995,&quot; Ritchie said.</p>
<p>&quot;There was a lift in demand from Japan, China and Taiwan and a seasonal slowdown in new supply,&quot; he said.</p>
<p>The non-rural index rose 2.5 percent in March in SDR terms, to stand 5.6 percent above the year-ago level, but declined 1.0 percent in Australian dollar terms in March.  </p>
<p>&quot;The underlying demand for commodity exports is rising, as the Japanese economy continues to post solid growth and the U.S. continues to outperform expectations,&quot; Dresdner chief economist Rob Henderson said in the statement.</p>
<p>&quot;Rising world prices of commodities and the market perception that the Reserve Bank's easing cycle is over saw the A$ jump to 80 U.S. cents in March,&quot; he said.</p>
<p>&quot;The currency could rise further on the favourable world demand outlook, although some initial weakness is possible if the Federal Reserve increases U.S. rates,&quot; he added.</p>
<p>-- Sydney newsroom 61-2 9373-1800</p>
</text>
<copyright>(c) Reuters Limited 1997</copyright>
<metadata>
<codes class="bip:countries:1.0">
  <code code="AUSTR">
    <editdetail attribution="Reuters BIP Coding Group" action="confirmed" date="1997-03-23"/>
  </code>
</codes>
<codes class="bip:topics:1.0">
  <code code="M14">
    <editdetail attribution="Reuters BIP Coding Group" action="confirmed" date="1997-03-23"/>
  </code>
  <code code="M141">
    <editdetail attribution="Reuters BIP Coding Group" action="confirmed" date="1997-03-23"/>
  </code>
  <code code="MCAT">
    <editdetail attribution="Reuters BIP Coding Group" action="confirmed" date="1997-03-23"/>
  </code>
</codes>
<dc element="dc.date.created" value="1996-03-24"/>
<dc element="dc.publisher" value="Reuters Holdings Plc"/>
<dc element="dc.date.published" value="1997-03-23"/>
<dc element="dc.source" value="Reuters"/>
<dc element="dc.creator.location" value="CANBERRA"/>
<dc element="dc.creator.location.country.name" value="AUSTRALIA"/>
<dc element="dc.source" value="Reuters"/>
</metadata>
</newsitem>
