<?xml version="1.0" encoding="iso-8859-1" ?>
<newsitem itemid="462089" id="root" date="1997-03-23" xml:lang="en">
<title>AUSTRALIA: RTRS-INDICATORS - Latest Australian quarterly stats.</title>
<headline>RTRS-INDICATORS - Latest Australian quarterly stats.</headline>
<dateline>SYDNEY 1996-03-24</dateline>
<text>
<p>Latest Australian quarterly economic data.</p>
<p>			    QUARTERLY STATISTICS</p>
<p>				 Period  Latest   Prev1  Prev2   Next</p>
<p>Gross Domestic Product (s/adj, constant price, percent)</p>
<p>	 GDP(A) (q/q)	  Q4     +0.5    +0.6    +0.3   Jun 04</p>
<p>	 GDP(A) (y/y)	  Q4     +3.1    +3.3    +4.5   Jun 04</p>
<p>	 GDP(I) (q/q)	  Q4     +0.8    +1.0    +0.2   Jun 04</p>
<p>	 GDP(E) (q/q)	  Q4	0.0    +0.2    +0.9   Jun 04</p>
<p>	 GDP(P) (q/q)	  Q4     +0.6    +0.6    -0.2   Jun 04</p>
<p>	 GDP(E) deflator(q/q)Q4     +0.4    +0.1    +0.7   Jun 04</p>
<p>	 GNE    (q/q)	  Q4     +1.0    -0.3    +1.4   Jun 04</p>
<p>Consumer Price Index (s/adj, pct)</p>
<p>	 CPI (q/q)	     Q4     +0.2    +0.3    +0.7   Apr 23</p>
<p>	 CPI (y/y)	     Q4     +1.5    +2.1    +3.1   Apr 23</p>
<p>	 Underlying (q/q)    Q4     +0.4    +0.5    +0.8   Apr 23</p>
<p>	 Underlying (y/y)    Q4     +2.1    +2.4    +3.1   Apr 23</p>
<p>Average Weekly Ordinary Time Earnings (s/adj, pct)</p>
<p>	 AWOTE (q/q)    Nov Qtr     +1.2    +1.0    +1.3   May 01</p>
<p>	 AWOTE (y/y)    Nov Qtr     +3.9    +3.8    +3.9   May 01</p>
<p>	 Private sect (q/q) NovQ    +0.8    +0.5    +1.2   May 22</p>
<p>	 Private sect (y/y) NovQ    +2.8    +3.4    +4.4   May 22</p>
<p>	 Public sect  (q/q) NovQ    +2.2    +2.5    +1.6   May 22</p>
<p>	 Public sect  (y/y) NovQ    +7.6    +5.6    +3.3   May 22</p>
<p>Federal Enterprise Bargaining Agreements (annual terms, pct)</p>
<p>	 All qtr annualised  Q4     +4.4    +4.8    +5.3   May n/a</p>
<p>	 All current	   Q4     +4.6    +4.6    +4.5   May n/a</p>
<p>	 Priv qtr annualised Q4     +4.4    +5.3    +6.1   May n/a</p>
<p>	 Priv all current    Q4     +4.8    +4.8    +4.7   May n/a</p>
<p>	 Pub qtr annualised  Q4     +4.3    +4.0    +4.2   May n/a</p>
<p>	 Pub all current     Q4     +4.4    +4.3    +4.3   May n/a</p>
<p>Company Profits (pre-tax,interest,depreciation)  </p>
<p>	 S/adj q/q	     Q4     +8.6    +1.7    -7.1   May 22</p>
<p>	 S/adj y/y	     Q4     +9.9    -2.2    +1.7   May 22</p>
<p>Private New Capital Expenditure (s/adj, q/q, constant price)</p>
<p>	 Total		   Q4     -2.4    +0.3   +12.9   May 27</p>
<p>	 Total (y/y)	   Q4    +19.6   +24.9   +24.0   May 27</p>
<p>	 Build &amp; Struct	Q4     -7.7    -2.2   +43.3   May 27</p>
<p>	 Equip, plant &amp; mach Q4     +0.1    +3.1    +1.9   May 27</p>
<p>International Investment Position (A$ billions)</p>
<p>	 Gross external debt Q4    248.5   240.5   236.0   Jun 03</p>
<p>	 Net external debt   Q4    202.4   196.0   187.5   Jun 03</p>
<p>	 Net debt pct of GDP Q4     40.3    39.6    38.4   Jun 03</p>
<p>Retail Trade (s/adj, constant price)</p>
<p>	 Total (q/q)	   Q4     -1.3    +0.6    -0.5   May 02</p>
<p>	 Total (y/y)	   Q4     +0.1    +2.2    +2.9   May 02</p>
<p>	 Trend (q/q)	   Q4     -0.4    -0.2    +0.2   May 02</p>
<p>Business Stocks (Inventories) (constant prices, pct, s/adj)</p>
<p>	 Total (q/q pct)     Q4     +1.2    +1.4    +1.7   May 29</p>
<p>	 Total (y/y pct)     Q4     +5.3    +4.6    +4.3   May 29</p>
<p>Dwelling Units commencements (s/adj, pct)</p>
<p>	 Total (q/q)	   Q4     +5.9    -5.5    -4.3   Jun 17</p>
<p>	 Total (y/y)	   Q4    +2.2    -11.4   -16.4   Jun 17</p>
<p>-- Sydney Newsroom 61-2 9373-1800 (Fax 61-2 9262-4727)</p>
</text>
<copyright>(c) Reuters Limited 1997</copyright>
<metadata>
<codes class="bip:countries:1.0">
  <code code="AUSTR">
    <editdetail attribution="Reuters BIP Coding Group" action="confirmed" date="1997-03-23"/>
  </code>
</codes>
<codes class="bip:topics:1.0">
  <code code="E71">
    <editdetail attribution="Reuters BIP Coding Group" action="confirmed" date="1997-03-23"/>
  </code>
  <code code="ECAT">
    <editdetail attribution="Reuters BIP Coding Group" action="confirmed" date="1997-03-23"/>
  </code>
</codes>
<dc element="dc.date.created" value="1996-03-24"/>
<dc element="dc.publisher" value="Reuters Holdings Plc"/>
<dc element="dc.date.published" value="1997-03-23"/>
<dc element="dc.source" value="Reuters"/>
<dc element="dc.creator.location" value="SYDNEY"/>
<dc element="dc.creator.location.country.name" value="AUSTRALIA"/>
<dc element="dc.source" value="Reuters"/>
</metadata>
</newsitem>
