<?xml version="1.0" encoding="iso-8859-1" ?>
<newsitem itemid="462098" id="root" date="1997-03-23" xml:lang="en">
<title>AUSTRALIA: Australian troops ready for PNG conflict escalation.</title>
<headline>Australian troops ready for PNG conflict escalation.</headline>
<dateline>CANBERRA 1997-03-23</dateline>
<text>
<p>Australian Foreign Affairs Minister Alexander Downer said on Sunday that the Australian defence forces had been placed on a higher degree of readiness because of the political crisis in Papua New Guinea (PNG).</p>
<p>However, he again declined to comment on whether Australia would send troops to PNG as a peacekeeping force.</p>
<p>&quot;We can't go into the details of private discussions that many of us have been having with senior officials and political figures in Papua New Guinea,&quot; Downer said in a television interview when asked if Australian forces would be sent to PNG.</p>
<p>&quot;I can really only say in relation to the Australian defence force that there has been some upgrading of its level of readiness, but that is of course just a natural precaution, an understandable precaution, for the Australian government to take,&quot; he said. About 10,000 Australians live in PNG.</p>
<p>Newspapers reported that the PNG government had formally requested that Australia send troops to PNG after self-proclaimed army leader Major Walter Enuma on Saturday again ordered Prime Minister Sir Julius Chan to resign by next Tuesday.</p>
<p>Major Enuma said the defence forces remained loyal to sacked army commander Brigadier-General Jerry Singirok, and threatened confrontation if any attempts were made to disarm them.</p>
<p>&quot;The impression I get is that General Singirok has the significant support of the Papua New Guinea defence force,&quot; Downer said.</p>
<p>&quot;(But) we have no reason to believe at this stage that General Singirok is taking a view that the constitution shouldn't be kept in place and upheld,&quot; he said.</p>
<p>Downer said it appeared that some calm had returned to the capital of Port Moresby after two days of street violence last week, but he said the level of background tension remained high.</p>
<p>&quot;The situation on the ground in Port Moresby is, as of this morning, now fairly calm, although I make the point so that people understand very clearly the background to that is a fairly high degree of tension,&quot; he said.</p>
<p>The PNG crisis began last Monday when Singirok demanded that Chan quit over his hiring of about 70 foreign mercenaries to help quell the nine-year secessionist rebellion on Bougainville Island.</p>
<p>Singirok was promptly fired and replaced by Colonel Alfred Aikung. Singirok's supporters, led by Enuma, have demanded that the former commander be given back his job.</p>
<p>Enuma said troops would return to normal duties if Singirok was reinstated or his chief of staff, Colonel Jack Tuat, was appointed acting commander.</p>
</text>
<copyright>(c) Reuters Limited 1997</copyright>
<metadata>
<codes class="bip:countries:1.0">
  <code code="AUSTR">
    <editdetail attribution="Reuters BIP Coding Group" action="confirmed" date="1997-03-23"/>
  </code>
  <code code="PAPNG">
    <editdetail attribution="Reuters BIP Coding Group" action="confirmed" date="1997-03-23"/>
  </code>
</codes>
<codes class="bip:topics:1.0">
  <code code="GCAT">
    <editdetail attribution="Reuters BIP Coding Group" action="confirmed" date="1997-03-23"/>
  </code>
  <code code="GDIP">
    <editdetail attribution="Reuters BIP Coding Group" action="confirmed" date="1997-03-23"/>
  </code>
  <code code="GVIO">
    <editdetail attribution="Reuters BIP Coding Group" action="confirmed" date="1997-03-23"/>
  </code>
</codes>
<dc element="dc.date.created" value="1997-03-23"/>
<dc element="dc.publisher" value="Reuters Holdings Plc"/>
<dc element="dc.date.published" value="1997-03-23"/>
<dc element="dc.source" value="Reuters"/>
<dc element="dc.creator.location" value="CANBERRA"/>
<dc element="dc.creator.location.country.name" value="AUSTRALIA"/>
<dc element="dc.source" value="Reuters"/>
</metadata>
</newsitem>
