<?xml version="1.0" encoding="iso-8859-1" ?>
<newsitem itemid="462092" id="root" date="1997-03-23" xml:lang="en">
<title>PAPUA NEW GUINEA: PNG's Chan stands firm, refusing to resign.</title>
<headline>PNG's Chan stands firm, refusing to resign.</headline>
<byline>Michael Perry</byline>
<dateline>PORT MORESBY 1997-03-23</dateline>
<text>
<p>Besieged Papua New Guinea Prime Minister Sir Julius Chan on Sunday stood firm and refused to resign in the face of growing political calls for his removal ahead of Tuesday's rebel military deadline to quit.</p>
<p>&quot;I am not going to step aside,&quot; Chan said in an address to the nation on television.</p>
<p>&quot;We must uphold the constitution of Papua New Guinea. The constitution means democracy...I swore to it, I have to live by it,&quot; Chan said.</p>
<p>But on Sunday, calls mounted for Chan to resign over his plan to use foreign mercenaries to end the nine-year secessionist conflict on the copper-rich island of Bougainville.</p>
<p>Sir Michael Somare, the country's first prime minister after independence in 1975 and a person regarded as the father of the nation, said the mercenary plan was &quot;stupid&quot;.</p>
<p>&quot;The government made a stupid mistake...Sir Julius should resign,&quot; said Somare, calling for a caretaker government which would create an independent inquiry into the mercenary deal.</p>
<p>Chan has already announced an inquiry.</p>
<p>Political and military leaders agreed on Sunday that what started as an army revolt against Chan had now become a political crisis, which must be solved by politicians, not force.</p>
<p>&quot;We have a major political crisis. There is absolutely no coup,&quot; said rebel army chief Brigadier-General Jerry Singirok, who ignited the crisis last Monday when he called on Chan to resign over the mercenary issue.</p>
<p>Singirok said the US$36 million contract with British-based military consultancy Sandline International, which provided 70 mercenaries, was unlawful and that those involved were corrupt.</p>
<p>Singirok was sacked, sparking an army revolt calling for his reinstatement and Chan's resignation by next Tuesday when parliament resumes for the last time ahead of June elections.</p>
<p>Street protests in support of the rebel officers erupted into two days of violence and looting in Port Moresby. But tight security has since seen the capital calm for four days.</p>
<p>All the mercenaries except their leader, former British colonel Tim Spicer, have been thrown out of the country by rebel army officers. Spicer is holed up in the residence of the British High Commissioner Bob Lowe, pending a court appearance on Monday over minor firearms charges.</p>
<p>Opposition political leaders on Sunday said they would move a motion in parliament on Tuesday requesting Chan to resign.</p>
<p>&quot;Although we can't force him to resign constitutionally, we are trying to force him out morally,&quot; said John Momis, the MP for South Bougainville.</p>
<p>&quot;Papua New Guinea is at the crossroads now and I think it is about time we forgot our political differences and put Papua New Guinea right,&quot; Momis told a news conference.</p>
<p>Chan's coalition government controls about 70 percent of the 109-seat unicameral parliament, but allegiances shift easily in this South Pacific nation which has a reputation for political instability.</p>
<p>Attending an emotional prayer service inside Murray Barracks, the nation's army headquarters, Singirok said he hoped there would be no more violence on Tuesday.</p>
<p>&quot;I do not know what will happen, I cannot foretell,&quot; he said. &quot;But we should not over-exaggerate the situation here in Papua New Guinea.&quot;</p>
</text>
<copyright>(c) Reuters Limited 1997</copyright>
<metadata>
<codes class="bip:countries:1.0">
  <code code="PAPNG">
    <editdetail attribution="Reuters BIP Coding Group" action="confirmed" date="1997-03-23"/>
  </code>
</codes>
<codes class="bip:topics:1.0">
  <code code="GCAT">
    <editdetail attribution="Reuters BIP Coding Group" action="confirmed" date="1997-03-23"/>
  </code>
  <code code="GPOL">
    <editdetail attribution="Reuters BIP Coding Group" action="confirmed" date="1997-03-23"/>
  </code>
  <code code="GVIO">
    <editdetail attribution="Reuters BIP Coding Group" action="confirmed" date="1997-03-23"/>
  </code>
</codes>
<dc element="dc.date.created" value="1997-03-23"/>
<dc element="dc.publisher" value="Reuters Holdings Plc"/>
<dc element="dc.date.published" value="1997-03-23"/>
<dc element="dc.source" value="Reuters"/>
<dc element="dc.creator.location" value="PORT MORESBY"/>
<dc element="dc.creator.location.country.name" value="PAPUA NEW GUINEA"/>
<dc element="dc.source" value="Reuters"/>
</metadata>
</newsitem>
