<?xml version="1.0" encoding="iso-8859-1" ?>
<newsitem itemid="462079" id="root" date="1997-03-23" xml:lang="en">
<title>AUSTRALIA: Papua New Guinea PM replaces army chief - radio.</title>
<headline>Papua New Guinea PM replaces army chief - radio.</headline>
<dateline>SYDNEY 1996-03-24</dateline>
<text>
<p>Papua New Guinea Prime Minister Sir Julius Chan, in another concession to those calling for his resignation, has replaced Colonel Alfred Aikung as head of the army, Australian Broadcasting Corp radio reported on Monday.</p>
<p>Chan appointed Aikung last Tuesday after firing army chief Brigadier-General Jerry Singirok, who had called for Chan's resignation over the prime minister's hiring of mercenaries to help fight secessionist rebels on the island of Bougainville.</p>
<p>&quot;He (Aikung) has now been replaced by General Jack Tuat who is the Defence Force chief of staff ... and importantly it's known that General Singirok was consulted in the course of the change,&quot; the ABC reported.</p>
<p>Aikung, originally from PNG's tiny navy, was unpopular with the army and his authority was never recognised by troops who remained loyal to Singirok.</p>
<p>The army revolt began last Monday when Singirok said a US$36 million contract with British-based military consultancy Sandline International, which provided 70 mercenaries, was unlawful and that those involved were corrupt.</p>
<p>He called for Chan and other senior ministers to resign within 48 hours or be forced aside by the people.</p>
<p>Street protests in support of the rebel officers erupted into two days of violence and looting in Port Moresby after Singirok's sacking. But tight security has since restored calm.</p>
<p>All the mercenaries except their leader, former British Colonel Tim Spicer, have left the country after the government suspended their contract. Spicer was due to appear in court on Monday to face firearms charges.</p>
<p>Opposition political leaders on Sunday said they would move a motion in parliament on Tuesday requesting Chan to resign.</p>
<p>Chan's replacement of Aikung is another concession to the army, after Chan's suspension of the contract with the mercenaries and the appointment of an inquiry into the contract.</p>
<p>However, Chan he has yet to make the final concession demanded by the troops -- his own resignation.</p>
<p>Chan declared in national television address late on Sunday that he would not resign.</p>
</text>
<copyright>(c) Reuters Limited 1997</copyright>
<metadata>
<codes class="bip:countries:1.0">
  <code code="PAPNG">
    <editdetail attribution="Reuters BIP Coding Group" action="confirmed" date="1997-03-23"/>
  </code>
</codes>
<codes class="bip:topics:1.0">
  <code code="GCAT">
    <editdetail attribution="Reuters BIP Coding Group" action="confirmed" date="1997-03-23"/>
  </code>
  <code code="GDEF">
    <editdetail attribution="Reuters BIP Coding Group" action="confirmed" date="1997-03-23"/>
  </code>
  <code code="GPOL">
    <editdetail attribution="Reuters BIP Coding Group" action="confirmed" date="1997-03-23"/>
  </code>
  <code code="GVIO">
    <editdetail attribution="Reuters BIP Coding Group" action="confirmed" date="1997-03-23"/>
  </code>
</codes>
<dc element="dc.date.created" value="1996-03-24"/>
<dc element="dc.publisher" value="Reuters Holdings Plc"/>
<dc element="dc.date.published" value="1997-03-23"/>
<dc element="dc.source" value="Reuters"/>
<dc element="dc.creator.location" value="SYDNEY"/>
<dc element="dc.creator.location.country.name" value="AUSTRALIA"/>
<dc element="dc.source" value="Reuters"/>
</metadata>
</newsitem>
