<?xml version="1.0" encoding="iso-8859-1" ?>
<newsitem itemid="462070" id="root" date="1997-03-23" xml:lang="en">
<title>AUSTRALIA: Australian troops ready for PNG, some expats leave.</title>
<headline>Australian troops ready for PNG, some expats leave.</headline>
<dateline>CANBERRA 1997-03-23</dateline>
<text>
<p>Australian Foreign Affairs Minister Alexander Downer said on Sunday that Australian defence forces had been upgraded to a higher degree of readiness as a result of the political crisis in Papua New Guinea (PNG).</p>
<p>However, he again declined to comment on whether Australia had plans to send troops to PNG as a peacekeeping force.</p>
<p>Downer made the comments as The Broken Hill Proprietary Co Ltd (BHP, Australia's biggest company, said it had closed its Port Moresby steel processing plant and had begun to evacuate dependants following street violence last week.</p>
<p>&quot;We can't go into the details of private discussions that many of us have been having with senior officials and political figures in Papua New Guinea,&quot; Downer said in a television interview when asked if Australian forces would be sent to PNG.</p>
<p>&quot;I can really only say in relation to the Australian defence force that there has been some upgrading of its level of readiness, but that is of course just a natural precaution, an understandable precaution, for the Australian government to take,&quot; Downer said.</p>
<p>Newspapers have reported that the PNG government had formally requested that Australia send troops to PNG after self-proclaimed army leader Major Walter Enuma on Saturday again ordered Prime Minister Sir Julius Chan to resign by Tuesday.</p>
<p>Enuma said the defence forces remained loyal to sacked army commander Brigadier-General Jerry Singirok and threatened confrontation if any attempts were made to disarm them.</p>
<p>About 10,000 Australians live in PNG, which was administered by Australia until 1975, and Australia is PNG's biggest foreign investor with investments of more than US$3 billion.</p>
<p>Australia is also PNG's biggest aid donor, contributing about $260 million a year, including about $10 million in military aid.</p>
<p>BHP chief executive John Prescott said in a television interview that BHP closed its Port Moresby plant last week and had evacuated or would evacuate all expatriates and dependants.</p>
<p>He said BHP operations in other parts of PNG, including the big Ok Tedi copper/gold mine, were running normally.</p>
<p>Prescott said 10 to 15 employees and dependants have been or would be flown out of Port Moresby. &quot;If you're talking about non-nationals, we're not likely to have anyone in Port Moresby.&quot;</p>
<p>A spokesman for Qantas Airways said flights to Australia were booked more fully than normal on both Qantas and Air Niugini, but there were no signs of a mass exodus of expatriates.</p>
<p>Downer said it was his impression that General Singirok had the significant support of the Papua New Guinea defence force.</p>
<p>&quot;(But) we have no reason to believe at this stage that General Singirok is taking a view that the constitution shouldn't be kept in place and upheld,&quot; he added.</p>
<p>Downer said it appeared some calm had returned to the capital of Port Moresby after two days of street violence last week, but that the level of background tension remained high.</p>
<p>The crisis began last Monday when Singirok demanded Chan quit over his hiring of 70 foreign mercenaries to help quell the nine-year secessionist rebellion on Bougainville Island.</p>
<p>Singirok was promptly fired and replaced by Colonel Alfred Aikung. Singirok's supporters, led by Enuma, have demanded that the former commander be given back his job.</p>
<p>The Australian government has advised Australians to stay away from Papua New Guinea unless travel is essential.</p>
</text>
<copyright>(c) Reuters Limited 1997</copyright>
<metadata>
<codes class="bip:countries:1.0">
  <code code="AUSTR">
    <editdetail attribution="Reuters BIP Coding Group" action="confirmed" date="1997-03-23"/>
  </code>
  <code code="PAPNG">
    <editdetail attribution="Reuters BIP Coding Group" action="confirmed" date="1997-03-23"/>
  </code>
</codes>
<codes class="bip:industries:1.0">
  <code code="I21000">
    <editdetail attribution="Reuters BIP Coding Group" action="confirmed" date="1997-03-23"/>
  </code>
</codes>
<codes class="bip:topics:1.0">
  <code code="C24">
    <editdetail attribution="Reuters BIP Coding Group" action="confirmed" date="1997-03-23"/>
  </code>
  <code code="CCAT">
    <editdetail attribution="Reuters BIP Coding Group" action="confirmed" date="1997-03-23"/>
  </code>
  <code code="GCAT">
    <editdetail attribution="Reuters BIP Coding Group" action="confirmed" date="1997-03-23"/>
  </code>
  <code code="GDIP">
    <editdetail attribution="Reuters BIP Coding Group" action="confirmed" date="1997-03-23"/>
  </code>
  <code code="GVIO">
    <editdetail attribution="Reuters BIP Coding Group" action="confirmed" date="1997-03-23"/>
  </code>
</codes>
<dc element="dc.date.created" value="1997-03-23"/>
<dc element="dc.publisher" value="Reuters Holdings Plc"/>
<dc element="dc.date.published" value="1997-03-23"/>
<dc element="dc.source" value="Reuters"/>
<dc element="dc.creator.location" value="CANBERRA"/>
<dc element="dc.creator.location.country.name" value="AUSTRALIA"/>
<dc element="dc.source" value="Reuters"/>
</metadata>
</newsitem>
