<?xml version="1.0" encoding="iso-8859-1" ?>
<newsitem itemid="462032" id="root" date="1997-03-23" xml:lang="en">
<title>BELARUS: Belarus protest turns violent, dozens arrested.</title>
<headline>Belarus protest turns violent, dozens arrested.</headline>
<byline>Larisa Sayenko</byline>
<dateline>MINSK 1997-03-23</dateline>
<text>
<p>Nationalists hurled chunks of ice, smashed police car windows and yelled &quot;Long live Belarus&quot; on Sunday as police used truncheons and tear gas to quell their protests against President Alexander Lukashenko's pro-Moscow policies.</p>
<p>There were injuries on both sides as the latest in a string of unsanctioned protests against Lukashenko's increasingly authoritarian rule turned violent.</p>
<p>Riot helmets flew through the air and a policeman was seen clutching his bloody nose after about 4,000 people ignored a ban on marching to a sanctioned rally on Yakob Kolas Square.</p>
<p>One woman protester nursed two black eyes as fights broke out on the edge of the rally, attended by about 10,000 people.</p>
<p>Interfax news agency reported that Serzh Alexandrov, first secretary at the U.S. embassy which has often criticised Lukashenko, was one of 70 people arrested.</p>
<p>The agency added that police had heard from &quot;competent sources&quot; that Alexandrov, an ethnic Belarussian, was working for the CIA (Central Intelligence Agency).</p>
<p>An officer of the embassy's security body told Reuters he could confirm that Alexandrov had been detained, but Janet Demery, the embassy's official spokeswoman, said she could not.</p>
<p>She said Western diplomats often watched opposition protests in Belarus from the sidelines &quot;as part of a brief to observe the politicial situation, but not to participate&quot;.</p>
<p>Two liberal politicians, Gennady Karpenko who heads the Civic Union party and his colleague Yuri Zakharenko, a former interior minister, were also detained briefly.</p>
<p>Dozens of arrests were made as nationalists from the Popular Front marched at the unsanctioned part of the protest, where most of the violence occurred.</p>
<p>Interfax said two of three injured policemen were taken to hospital, where one of them was operated on for head injuries.</p>
<p>Karpenko is one of the leading figures in the official opposition to Lukashenko, who disbanded parliament last November after a landslide win at a referendum gave him sweeping powers.</p>
<p>Police have detained scores of anti-Lukashenko protesters in recent weeks, though most have been released within a few days.</p>
<p>&quot;How can we talk about democracy when people are being put in prison just because they want to express a different point of view?&quot; Semyon Sharetsky asked the crowd on Yakob Kolas Square.</p>
<p>Sharetsky was head of the old parliament and led attempts to stop Lukashenko holding the referendum, denounced as illegitimate by Western officials.</p>
<p>The nationalists object strongly to Lukashenko's building closer ties with Moscow, a policy which nevertheless has the backing of most of the population of 10 million.</p>
<p>The 42-year-old former farm boss is opposed by a loose union of prominent politicians, nationalists, intellectuals and students mostly in the capital.</p>
<p>The nationalists, shouting &quot;Belarus into NATO&quot; and &quot;We will not sell our nation's glory&quot; and waving red-and-white flags replaced under Lukashenko by Soviet emblems, were marking the anniversary of an independent republic created in 1918.</p>
<p>The republic lasted only a few months until it was incorporated by Russian Bolsheviks and Belarus stayed under Moscow rule until the Soviet Union collapsed in 1991.</p>
<p>Sunday's was the latest in a string of protests against Lukashenko, who has cracked down on opposition forces by restricting rallies, arresting protesters and putting a senior opposition leader in prison for five days in recent weeks.</p>
<p>The United States this week cut off $40 million in aid to Belarus because of its human rights performance.</p>
</text>
<copyright>(c) Reuters Limited 1997</copyright>
<metadata>
<codes class="bip:countries:1.0">
  <code code="BYELRS">
    <editdetail attribution="Reuters BIP Coding Group" action="confirmed" date="1997-03-23"/>
  </code>
</codes>
<codes class="bip:topics:1.0">
  <code code="GCAT">
    <editdetail attribution="Reuters BIP Coding Group" action="confirmed" date="1997-03-23"/>
  </code>
  <code code="GDIP">
    <editdetail attribution="Reuters BIP Coding Group" action="confirmed" date="1997-03-23"/>
  </code>
  <code code="GPOL">
    <editdetail attribution="Reuters BIP Coding Group" action="confirmed" date="1997-03-23"/>
  </code>
  <code code="GVIO">
    <editdetail attribution="Reuters BIP Coding Group" action="confirmed" date="1997-03-23"/>
  </code>
</codes>
<dc element="dc.date.created" value="1997-03-23"/>
<dc element="dc.publisher" value="Reuters Holdings Plc"/>
<dc element="dc.date.published" value="1997-03-23"/>
<dc element="dc.source" value="Reuters"/>
<dc element="dc.creator.location" value="MINSK"/>
<dc element="dc.creator.location.country.name" value="BELARUS"/>
<dc element="dc.source" value="Reuters"/>
</metadata>
</newsitem>
