<?xml version="1.0" encoding="iso-8859-1" ?>
<newsitem itemid="462031" id="root" date="1997-03-23" xml:lang="en">
<title>CZECH REPUBLIC: Havel says Clinton right to stand up to Russia.</title>
<headline>Havel says Clinton right to stand up to Russia.</headline>
<byline>Alan Crosby</byline>
<dateline>PRAGUE 1997-03-23</dateline>
<text>
<p>U.S. President Bill Clinton was right not to give in to Russian demands on the expansion of NATO, and enlargement will go ahead, no matter how much Moscow tries to stop it, Czech President Vaclav Havel said on Sunday.</p>
<p>&quot;NATO's enlargement will continue, following its own logic and reasons. It is not aimed at Russia. Russia can dislike it as much as it wants, but it is unable to prevent it from happening,&quot; Havel said in his regular weekly address.</p>
<p>Enlargement of the North Atlantic Treaty Organisation (NATO) was the key topic at the Helsinki summit on Friday. The Czech Republic, Poland and Hungary are widely tipped to be invited to join after the Madrid summit in July.</p>
<p>At the Helsinki summit, Clinton and his Russian counterpart Boris Yeltsin &quot;agreed to disagree&quot; on expanding NATO, though Clinton said expansion would go ahead on schedule at the Madrid summit.</p>
<p>Russia bitterly opposes the expansion of the former Soviet Union's old Cold War foe to territory once under the sway of the Moscow-dominated Warsaw Pact. At the summit, Yeltsin reiterated Russia's view that expansion was a mistake.</p>
<p>Analysts say Moscow is trying to gain as many concessions as possible from the United States in the process of NATO expansion, and perhaps to forestall a further widening of the alliance, especially to former Soviet Republics.</p>
<p>But Havel said that while Russian concerns should not stop the process, the security alliance should build a true partnership with Russia and work on peaceful cooperation.</p>
<p>&quot;However, at the same time this does not mean that one should accommodate or go along with any quirk and geopolitical wish of Russia brought about by its specific traditions,&quot; the playwright-turned-President said.</p>
<p>He said Russia had &quot;never been totally sure where its territory starts or ends&quot; and was inclined, even if unintentionally, to create buffer zones around itself.</p>
<p>&quot;It seems that Russia has traditionally distrusted Western structures and suspected them of being aimed against Russia,&quot; he said.</p>
<p>&quot;It is important not to succumb to this way of seeing things, not to allow it to be imposed on us, not to come up with compromises, but to stand one's ground firmly and explain why NATO wants to enlarge itself. It is necessary to be firm in this. I think that this is exactly what happened in Helsinki.&quot;</p>
</text>
<copyright>(c) Reuters Limited 1997</copyright>
<metadata>
<codes class="bip:countries:1.0">
  <code code="CZREP">
    <editdetail attribution="Reuters BIP Coding Group" action="confirmed" date="1997-03-23"/>
  </code>
  <code code="NATO">
    <editdetail attribution="Reuters BIP Coding Group" action="confirmed" date="1997-03-23"/>
  </code>
  <code code="RUSS">
    <editdetail attribution="Reuters BIP Coding Group" action="confirmed" date="1997-03-23"/>
  </code>
  <code code="USA">
    <editdetail attribution="Reuters BIP Coding Group" action="confirmed" date="1997-03-23"/>
  </code>
</codes>
<codes class="bip:topics:1.0">
  <code code="GCAT">
    <editdetail attribution="Reuters BIP Coding Group" action="confirmed" date="1997-03-23"/>
  </code>
  <code code="GDEF">
    <editdetail attribution="Reuters BIP Coding Group" action="confirmed" date="1997-03-23"/>
  </code>
  <code code="GDIP">
    <editdetail attribution="Reuters BIP Coding Group" action="confirmed" date="1997-03-23"/>
  </code>
</codes>
<dc element="dc.date.created" value="1997-03-23"/>
<dc element="dc.publisher" value="Reuters Holdings Plc"/>
<dc element="dc.date.published" value="1997-03-23"/>
<dc element="dc.source" value="Reuters"/>
<dc element="dc.creator.location" value="PRAGUE"/>
<dc element="dc.creator.location.country.name" value="CZECH REPUBLIC"/>
<dc element="dc.source" value="Reuters"/>
</metadata>
</newsitem>
