<?xml version="1.0" encoding="iso-8859-1" ?>
<newsitem itemid="462054" id="root" date="1997-03-23" xml:lang="en">
<title>BRAZIL: Three consortia seen bidding on Brazil's CVRD.</title>
<headline>Three consortia seen bidding on Brazil's CVRD.</headline>
<dateline>RIO DE JANEIRO 1997-03-23</dateline>
<text>
<p>The president of Brazilian metal, cement and pulp group Votorantim, Antonio Ermirio de Moraes, said three large consortia were likely to bid in the April 29 privatization auction of state mining giant CVRD, a newspaper said.</p>
<p>He said the consortia would be led by Votorantim, Brazil's largest steelmaker Companhia Siderurgica Nacional (CSN), and Brazilian metals and mining group Caemi, O Estado de Sao Paulo said.  </p>
<p>&quot;We are aware that competition will be fierce. We are going to compete,&quot; Moraes was quoted as saying in O Estado de Sao Paulo.</p>
<p>A strategic 45 percent block of CVRD voting shares is being sold at auction on the Rio de Janeiro stock exchange April 29 for a minimum price of 3 billion reais ($2.83 billion).  </p>
<p>Votorantim is forming a consortium with Japan's Nippon Steel Corp, South Africa's Anglo American Corp and Banco Safra, while CSN is backed by Brazil's largest retail bank Bradesco and still hopes to join forces with South Africa's Gencor despite declarations by Gencor it is no longer interested in pursuing a CVRD bid.</p>
<p>Caemi-controled iron ore miner MBR is linking up with Japan's Mitsui &amp; Co, Australian mining company WMC Ltd, and Anglo-Australian mining conglomerate RTZ-CRA.</p>
<p>((-- Simona de Logu, Rio de Janeiro newsroom, 5521 507 4151))</p>
</text>
<copyright>(c) Reuters Limited 1997</copyright>
<metadata>
<codes class="bip:countries:1.0">
  <code code="BRAZ">
    <editdetail attribution="Reuters BIP Coding Group" action="confirmed" date="1997-03-23"/>
  </code>
</codes>
<codes class="bip:industries:1.0">
  <code code="I21000">
    <editdetail attribution="Reuters BIP Coding Group" action="confirmed" date="1997-03-23"/>
  </code>
  <code code="I22100">
    <editdetail attribution="Reuters BIP Coding Group" action="confirmed" date="1997-03-23"/>
  </code>
  <code code="I47100">
    <editdetail attribution="Reuters BIP Coding Group" action="confirmed" date="1997-03-23"/>
  </code>
  <code code="I63000">
    <editdetail attribution="Reuters BIP Coding Group" action="confirmed" date="1997-03-23"/>
  </code>
  <code code="I81402">
    <editdetail attribution="Reuters BIP Coding Group" action="confirmed" date="1997-03-23"/>
  </code>
  <code code="I83960">
    <editdetail attribution="Reuters BIP Coding Group" action="confirmed" date="1997-03-23"/>
  </code>
</codes>
<codes class="bip:topics:1.0">
  <code code="C18">
    <editdetail attribution="Reuters BIP Coding Group" action="confirmed" date="1997-03-23"/>
  </code>
  <code code="C183">
    <editdetail attribution="Reuters BIP Coding Group" action="confirmed" date="1997-03-23"/>
  </code>
  <code code="CCAT">
    <editdetail attribution="Reuters BIP Coding Group" action="confirmed" date="1997-03-23"/>
  </code>
</codes>
<dc element="dc.date.created" value="1997-03-23"/>
<dc element="dc.publisher" value="Reuters Holdings Plc"/>
<dc element="dc.date.published" value="1997-03-23"/>
<dc element="dc.source" value="Reuters"/>
<dc element="dc.creator.location" value="RIO DE JANEIRO"/>
<dc element="dc.creator.location.country.name" value="BRAZIL"/>
<dc element="dc.source" value="Reuters"/>
</metadata>
</newsitem>
