<?xml version="1.0" encoding="iso-8859-1" ?>
<newsitem itemid="462067" id="root" date="1997-03-23" xml:lang="en">
<title>AUSTRALIA: RTRS-PRESS DIGEST-Australian Business News-Mch 24.</title>
<headline>RTRS-PRESS DIGEST-Australian Business News-Mch 24.</headline>
<text>
<p>(Compiled for Reuters by Media Monitors)</p>
<p>THE AUSTRALIAN FINANCIAL REVIEW</p>
<p>Just days before the release of the Wallis inquiry into the financial system, Federal Treasurer Peter Costello has issued a strong warning to the big banks and life offices not to embark on major take-overs or mergers before the Federal Government responded to the long-awaited inquiry, saying if they do so it is at their own risk. Page 1.</p>
<p>--  </p>
<p>After the group posted a 70 per cent increase in third-quarter profit to A$378 million but managed only a 6.3 per cent rise in net profit to A$1.17 billion for the nine months to February 28, BHP managing director John Prescott Told Channel Nine's Busines Sunday program yesterday the Big Australian's steel and copper arms needed to make major improvements. Page 23.</p>
<p>--  </p>
<p>Speaking on Channel Nine's Business Sunday program yesterday, BHP managing director John Prescott revealed the company had been reviewing its 37 per cent investment in Foster's Brewing Group and was initiating its own inquiries for a sale after receiving resh approaches about the stake in the past few weeks. Page 23.</p>
<p>--</p>
<p>In a major step towards a deal that will rationalise the whole pay-TV and telco industry, American telco US West has joined Kerry Stokes's Seven Network and Kerry Packer's PBL in agreeing to sell its shares in the Optus Vision cable-TV network  </p>
<p>to Optus Comunications, a move which gives Optus 100 per cent control of Vision. Page 25.</p>
<p>--</p>
<p>Village Roadshow group general manager Peter Foo said yesterday Austereo faced a large drop in profit in 1996-97 as the expiration of an earnings guarantee from Village coincided with the radio network facing a tax bill for the first time in two years, an he said Village's bid for Austereo was aimed at offsetting the expected huge slump in earnings. Page 25.</p>
<p>--  </p>
<p>Highlands Pacific Ltd chairman Lou Clinton said yesterday that the continuing political unrest in Papua New Guinea was of concern to international investors, but would not harm his company's upcoming A$190 million float, which would proceed on schedule. Pge 25.</p>
<p>---</p>
<p>THE AUSTRALIAN</p>
<p>Sources close to the Wallis inquiry into the financial system, headed by leading industrialist Stan Wallis, have signalled a series of major changes to the financial services system aimed at boosting competition and lowering the cost of  </p>
<p>financial services- a move which would see non-bank financial institutions emerge as big winners. Page 17.</p>
<p>--</p>
<p>In a wide-ranging interview yesterday, BHP managing director John Prescott said that maintaining the group's 85-year-old integrated steelmaking operation in Newcastle could prove 'unsustainable' and acknowledged market expectations that BHP Steel would ony retain the rod and bar rolls at the plant. Page 17.</p>
<p>--  </p>
<p>BHP chief executive John Prescott has revealed he is unhappy with the GDP growth rates of between 4 per cent and 4.5 per cent canvassed recently by Prime Minister John Howard, saying the Federal Government is ignoring Australia's economic growth potentialin favour of &quot;academic debates about economic theory&quot;. Page 17.</p>
<p>--</p>
<p>Ahead of an expected and dreaded United States interest rate increase, the outcome of the ACTU's living wage claim, which is before the Industrial Relations Commission, and the imminent outcome of the Wallis inquiry into the financial system, financial makets are commencing the week on an uncertain note. Page 17.</p>
<p>--</p>
<p>In what would be a settlement of a long-running legal dispute with minority Optus Vision shareholder the Seven Network Ltd, Optus Communications is expected to give details early today of a plan that will result in a rearrangement of Optus' pay TV interess as the group assumes full control of Vision, its half-owned pay-TV arm. Page 19.</p>
<p>--  </p>
<p>Speaking at an Institute of Chartered Accountants function in Melbourne on Friday, entrepreneur John Elliott made an unorthodox assessment of the Australian economy, drawing a link between low inflation and the slow pace of new job creation claiming low iflation means &quot;low employment&quot;. Page 19.</p>
<p>--</p>
<p>THE SYDNEY MORNING HERALD</p>
<p>The four stockbroking firms that underwrote the unsuccessful Stadium Australia float - which is raising money to build the Olympic stadium - look set to pick up a shortfall of A$240 million worth of unsold Stadium memberships when the raising  </p>
<p>closes on Thrsday. Page 37.</p>
<p>--</p>
<p>After St George Bank chairman Frank Conroy said yesterday he knew some investment banks had approached institutional investors about an issue, the Bank's board will meet today to decide on the future of its proposed A$360 million capital raising, with several investment banks, including Merrill Lynch, CS First Boston and Bankers Trust, rumoured to be interested. Page 37.</p>
<p>--  </p>
<p>Speaking on Channel Nine's Business Sunday program yesterday, RTZ-CRA chief executive Leon Davis said the uncertainty created by the High Court's controversial Wik ruling had not affected its investment choices, saying RTZ-CRA, one of the world's largest esources companies, had not been holding back from investing in Australia while indigenous title was clarified. Page 37.</p>
<p>--  </p>
<p>Speaking on Channel Nine's Business Sunday program yesterday, BHP managing director John Prescott confirmed ongoing stockmarket rumours that the resources giant is now prepared to quit its 37 per cent stake in Foster's Brewing Group, saying the group was actively looking&quot; at new ways of capturing value from the investment. Page 39.</p>
<p>--</p>
<p>Despite a rumoured settlement in the ongoing legal battle between the Optus Vision shareholders and Seven Network having been agreed upon, talks aimed at restructuring pay-TV and local telephony group Optus Vision are expected to go past today's  </p>
<p>deadline,despite an all-weekend effort to settle the issue. Page 39.</p>
<p>--</p>
<p>Aussie Home Loans has taken a risky step by introducing a 95 per cent loan-to-valuation ratio for all buyers of new homes - a first among major mortgage lenders, who usually operate on a ratio of 80 per cent. The move by Aussie Home Loans will increase th possibility of loan defaults, but place pressure on other lenders. Page 39.</p>
<p>--</p>
<p>THE AGE  </p>
<p>As part of the Federal Government's package for small business owners, a fund of hundreds of millions of dollars will be established to firms who meet certain criteria. The fund is part of the Government's pledge to cut red tape to boost jobs, and will alo assist in an easing of the fringe-benefits tax. Page B1.</p>
<p>--</p>
<p>BHP's managing director John Prescott has indicated that the company may sell its 37 per cent stake in Foster's Brewing Group in a deal worth A$1.8 billion. The leading prospect to buy the stock is Canada's Molson Group, with Heineken, Phillip Morris  </p>
<p>and Miller Brewing also expressing interest. Page B1.</p>
<p>--</p>
<p>Woodside Petroleum chairman John Akehurst has predicted that the company, valued at A$6 billion, will double in size over the next five to seven years. This would be additional to a similar expansion rate over the past three years. Woodside currently provdes shareholders with a return of less than the industry average. Page B1.</p>
<p>--  </p>
<p>The sharemarket closes this week on the float of the new Olympic stadium, Stadium Australia. The four underwriters will be obliged to buy up to A$240 million of unsold Stadium memberships after a public response which was far less enthusiastic than expectd. Page B1.</p>
<p>--</p>
<p>Two applicants in a legal challenge to landowner agreements over Ross Mining's Golden Ridge gold project have withdrawn from the case, claiming that authorisation to commence proceedings was not provided. Page B3.</p>
<p>--  </p>
<p>The Australian Chamber of Manufacturers has claimed that Government cuts in export development programs have halted the growth of manufactured exports, threatened Budget targets and future employment prospects. Page B3.</p>
<p>-- Sydney newsroom 61-2 9373-1800</p>
</text>
<copyright>(c) Reuters Limited 1997</copyright>
<metadata>
<codes class="bip:countries:1.0">
  <code code="AUSTR">
    <editdetail attribution="Reuters BIP Coding Group" action="confirmed" date="1997-03-23"/>
  </code>
</codes>
<codes class="bip:topics:1.0">
  <code code="GCAT">
    <editdetail attribution="Reuters BIP Coding Group" action="confirmed" date="1997-03-23"/>
  </code>
</codes>
<dc element="dc.publisher" value="Reuters Holdings Plc"/>
<dc element="dc.date.published" value="1997-03-23"/>
<dc element="dc.source" value="Reuters"/>
<dc element="dc.creator.location.country.name" value="AUSTRALIA"/>
<dc element="dc.source" value="Reuters"/>
</metadata>
</newsitem>
