<?xml version="1.0" encoding="iso-8859-1" ?>
<newsitem itemid="462195" id="root" date="1997-03-23" xml:lang="en">
<title>JORDAN: World Bank to offer Jordan $1 bln assistance.</title>
<headline>World Bank to offer Jordan $1 bln assistance.</headline>
<dateline>AMMAN 1997-03-23</dateline>
<text>
<p>The World Bank could extend to Jordan around $1 billion during a new five-year economic reform phase to start next year, a bank official said on Sunday.</p>
<p>&quot;We have said to the government that we are ready to support the continuation of the reform programme within the framework of the next five-year plan,&quot; Kemal Dervis, World Bank vice president for the Middle East and North Africa, told reporters.</p>
<p>He said it was too early to give details before the new government outlines Jordan's next structural adjustment programme, but a World Bank official said most of the assistance would be in the form of loans.</p>
<p>Jordan is formulating a five-year reform plan to start after a three-year IMF reform programme, which saw some progress towards liberalising the economy, ends this year.</p>
<p>The 1995-1997 reform programme follows a successful monetary and fiscal stabilisation programme under IMF guidance that Jordan went through since an economic crisis in 1989 that wiped out its reserves.</p>
<p>Dervis, who met senior Jordanian officials during a regional tour, said the World Bank &quot;could have for Jordan a substantial amount of financial backing&quot; to the tune of $1 billion for the government's coming five-year reform phase.</p>
<p>&quot;I can give a very rough figure of $1 billion that could be available from the World Bank for the next five-year period,&quot; Dervis said.</p>
<p>Dervis said that the World Bank. which &quot;was committed to continuing support for the overall reform process&quot;, would allocate a substantial part of its aid to sectoral projects.</p>
<p>But the assistance in transport, power, health, education and water schemes still needed to be formulated with the government to set both priorities and allocations.</p>
<p>Dervis said the World Bank agreed with the government's assessment that an annual growth rate of between sex and seven percent was needed to ensure that reforms filter to ordinary Jordanians by the end of the decade. Jordan has had an average five percent growth in the last few years.</p>
<p>Many businessmen and economists privately criticise the government for the slow pace of reform, especially towards privatisation, which successive governments have committed themselves to but which has so far been piecemeal.</p>
<p>&quot;Now that Jordan has stabilised, you have put the house in order, now is the time to generate results for the people,&quot; he added.</p>
<p>-- Amman Newsroom +9626-623776</p>
</text>
<copyright>(c) Reuters Limited 1997</copyright>
<metadata>
<codes class="bip:countries:1.0">
  <code code="JORDAN">
    <editdetail attribution="Reuters BIP Coding Group" action="confirmed" date="1997-03-23"/>
  </code>
</codes>
<codes class="bip:topics:1.0">
  <code code="E21">
    <editdetail attribution="Reuters BIP Coding Group" action="confirmed" date="1997-03-23"/>
  </code>
  <code code="E212">
    <editdetail attribution="Reuters BIP Coding Group" action="confirmed" date="1997-03-23"/>
  </code>
  <code code="ECAT">
    <editdetail attribution="Reuters BIP Coding Group" action="confirmed" date="1997-03-23"/>
  </code>
</codes>
<dc element="dc.date.created" value="1997-03-23"/>
<dc element="dc.publisher" value="Reuters Holdings Plc"/>
<dc element="dc.date.published" value="1997-03-23"/>
<dc element="dc.source" value="Reuters"/>
<dc element="dc.creator.location" value="AMMAN"/>
<dc element="dc.creator.location.country.name" value="JORDAN"/>
<dc element="dc.source" value="Reuters"/>
</metadata>
</newsitem>
