<?xml version="1.0" encoding="iso-8859-1" ?>
<newsitem itemid="462159" id="root" date="1997-03-23" xml:lang="en">
<title>CHINA: Gore to reassure China, pave way for Clinton.</title>
<headline>Gore to reassure China, pave way for Clinton.</headline>
<byline>Scott Hillis</byline>
<dateline>BEIJING 1997-03-23</dateline>
<text>
<p>U.S. Vice President Al Gore arrives in China this week with a mission to reassure his hosts that a political funding flap and concerns over the future of Hong Kong will not harm a growing Sino-U.S. rapprochement.</p>
<p>Gore will be the highest-ranking U.S. official to visit Beijing in eight years when he flies into the Chinese capital on Monday at the start of a five-day trip.</p>
<p>His tour is the culmination of intense efforts by both sides to restore cross-Pacific relations after rows that sent ties into a tailspin, as well as to move forward decisively from the bitterness that followed Beijing's 1989 crackdown on student demonstrators in Tiananmen Square.</p>
<p>Chief among Gore's goals will be to reassure Beijing that the Clinton administration is committed to improving ties despite misgivings in the U.S. Congress, diplomats said.</p>
<p>&quot;The U.S. has renewed interest in the relationship and the Chinese are welcoming this, but they're also a bit nervous with the financial scandal and things like that,&quot; said one Western diplomat in Beijing.</p>
<p>The Washington Post said this month that the Federal Bureau of Investigation had warned six members of Congress last year that they had been targeted by China to receive illegal campaign donations from foreign firms.</p>
<p>&quot;(The Chinese) will probably continue to be nervous about the Congress' potential to mess up this relationship, especially given what's happened the last few weeks,&quot; the diplomat said.</p>
<p>The U.S. House of Representatives also this month approved a bill calling on Beijing to honour its promises on Hong Kong after the British colony returns to Chinese rule on July 1 in a move that has irked China's communist rulers.</p>
<p>Beijing maintains it has neither the money nor the interest to fund U.S. politicians and dismisses criticism of its plan to scrap Hong Kong's elected legislature after the handover as interference in its internal affairs.</p>
<p>&quot;Probably his marching orders are to reassure the Chinese about the relationship,&quot; the diplomat said, adding that Gore would likely raise thorny topics such as human rights only quietly.</p>
<p>Chinese analysts said trade issues such as Beijing's growing trade surplus with the United States, its bid for accession to the World Trade Organisation and renewal of its favourable trading status with Washington would be on the table.</p>
<p>&quot;They want to resolve some trade problems. I think there will be some progess on the trade surplus issue but it cannot be resolved at once,&quot; said Niu Jun, an American affairs specialist with the influential Chinese Academy of Social Sciences.</p>
<p>Gore's meetings in the Chinese capital are also intended to pave the way for an exchange of presidential visits that would be the first since President George Bush came to China in early 1989. But the new disputes are potential obstacles, Niu said.</p>
<p>Gore will follow such visitors as U.S. Secretary of State Madeleine Albright in February and her predecessor Warren Christopher last November. Clinton and Chinese President Jiang Zemin have agreed to an exchange of summits beginning later this year.</p>
<p>&quot;It's probably feel-good messages to the Chinese... to prepare the way for Clinton,&quot; the diplomat said of Gore's visit.</p>
<p>Gore's meetings with Chinese host Premier Li Peng and other officials would show that the two sides -- at loggerheads in the past over issues such as human rights and Taiwan -- could smooth out wrinkles in a rapprochement some analysts say will define the world's most important relationship in the 21st century.</p>
<p>&quot;If Gore's visit is successful, it would indicate the two governments can control the development process of the relations between the two countries,&quot; Niu said.</p>
</text>
<copyright>(c) Reuters Limited 1997</copyright>
<metadata>
<codes class="bip:countries:1.0">
  <code code="CHINA">
    <editdetail attribution="Reuters BIP Coding Group" action="confirmed" date="1997-03-23"/>
  </code>
  <code code="HKONG">
    <editdetail attribution="Reuters BIP Coding Group" action="confirmed" date="1997-03-23"/>
  </code>
  <code code="USA">
    <editdetail attribution="Reuters BIP Coding Group" action="confirmed" date="1997-03-23"/>
  </code>
</codes>
<codes class="bip:topics:1.0">
  <code code="GCAT">
    <editdetail attribution="Reuters BIP Coding Group" action="confirmed" date="1997-03-23"/>
  </code>
  <code code="GDIP">
    <editdetail attribution="Reuters BIP Coding Group" action="confirmed" date="1997-03-23"/>
  </code>
</codes>
<dc element="dc.date.created" value="1997-03-23"/>
<dc element="dc.publisher" value="Reuters Holdings Plc"/>
<dc element="dc.date.published" value="1997-03-23"/>
<dc element="dc.source" value="Reuters"/>
<dc element="dc.creator.location" value="BEIJING"/>
<dc element="dc.creator.location.country.name" value="CHINA"/>
<dc element="dc.source" value="Reuters"/>
</metadata>
</newsitem>
