<?xml version="1.0" encoding="iso-8859-1" ?>
<newsitem itemid="462138" id="root" date="1997-03-23" xml:lang="en">
<title>CHINA: Earthquake shakes China's remote Tibet region.</title>
<headline>Earthquake shakes China's remote Tibet region.</headline>
<dateline>BEIJING 1997-03-23</dateline>
<text>
<p>An earthquake measuring 5.4 on the open-ended Richter scale shook a remote corner of Tibet on Saturday, officials said on Sunday.</p>
<p>There were no reports of casualties or property damage in the mountainous and sparsely populated region, officials of the State Seismological Bureau told Reuters.</p>
<p>The quake was centred in Gaize, about 720 km (430 miles) northwest of the regional capital of Lhasa.</p>
</text>
<copyright>(c) Reuters Limited 1997</copyright>
<metadata>
<codes class="bip:countries:1.0">
  <code code="CHINA">
    <editdetail attribution="Reuters BIP Coding Group" action="confirmed" date="1997-03-23"/>
  </code>
</codes>
<codes class="bip:topics:1.0">
  <code code="GCAT">
    <editdetail attribution="Reuters BIP Coding Group" action="confirmed" date="1997-03-23"/>
  </code>
  <code code="GDIS">
    <editdetail attribution="Reuters BIP Coding Group" action="confirmed" date="1997-03-23"/>
  </code>
  <code code="GENV">
    <editdetail attribution="Reuters BIP Coding Group" action="confirmed" date="1997-03-23"/>
  </code>
</codes>
<dc element="dc.date.created" value="1997-03-23"/>
<dc element="dc.publisher" value="Reuters Holdings Plc"/>
<dc element="dc.date.published" value="1997-03-23"/>
<dc element="dc.source" value="Reuters"/>
<dc element="dc.creator.location" value="BEIJING"/>
<dc element="dc.creator.location.country.name" value="CHINA"/>
<dc element="dc.source" value="Reuters"/>
</metadata>
</newsitem>
