<?xml version="1.0" encoding="iso-8859-1" ?>
<newsitem itemid="462166" id="root" date="1997-03-23" xml:lang="en">
<title>HONG KONG: Patten warns against tinkering with HK freedoms.</title>
<headline>Patten warns against tinkering with HK freedoms.</headline>
<dateline>HONG KONG 1997-03-23</dateline>
<text>
<p>Just 100 days before the British colony of Hong Kong reverts to China, Governor Chris Patten paid a glowing tribute to the territory, which he likened to a Rolls Royce but warned against tinkering with the engine.</p>
<p>Speaking on Sunday in Radio Hong Kong's weekly Letter to Hong Kong broadcast, Patten dismissed arguments advocated by China and certain pro-Beijing politicians that rolling back some freedoms would not damage the community of 6.4 million people.</p>
<p>Gloomy predictions of chaos as Hong Kong entered the home straight to the handover had not materialised, he said.</p>
<p>&quot;This is a sophisticated, moderate, responsible place. It wouldn't make much sense to damage the system that's helped create this mature stability,&quot; he said.</p>
<p>Patten said Hong Kong had prospered and grown used to its freedoms, of its independent civil service, of running its own financial affairs independently of Britain.</p>
<p>Views that Hong Kong would quickly adjust to a Singapore-style &quot;smack of firm government, or whatever you care to call it&quot;, were dubious, he said.</p>
<p>&quot;I happen to think myself that Hong Kong needs governing with a light touch. That you can't turn the clock back on what Hong Kong has become, any more than you can reverse the countdown.&quot;</p>
<p>Hong Kong, a British colony for more than 150 years, reverts to China at the stroke of midnight on June 30, 1997.</p>
<p>China has promised the wealthy territory considerable autonomy in running its affairs, but plans to dilute key civil liberties laws and dissolve Hong Kong's elected legislature in favour of an appointed interim body, undoing democratic reforms introduced in the final years of British rule to Beijing's fury.</p>
<p>Hong Kong's democracy camp, the British and its allies in Europe and North America have urged China to reconsider.</p>
<p>Pro-Beijing officials argue the changes are mainly technical and will not materially damage Hong Kong freedoms.</p>
<p>&quot;Hong Kong is, as I said recently, a smoothly functioning community. It's like a Rolls Royce,&quot; Patten said.</p>
<p>&quot;All you need to do if you're in charge is to slip into the driving seat, switch on the ignition and away you go.</p>
<p>&quot;I don't quite see the point of lifting the bonnet to tinker with the engine. That only raises worries about whether it will work so well, and whether you may be persuaded by some people to start stripping it down for spare parts.&quot;</p>
</text>
<copyright>(c) Reuters Limited 1997</copyright>
<metadata>
<codes class="bip:countries:1.0">
  <code code="CHINA">
    <editdetail attribution="Reuters BIP Coding Group" action="confirmed" date="1997-03-23"/>
  </code>
  <code code="HKONG">
    <editdetail attribution="Reuters BIP Coding Group" action="confirmed" date="1997-03-23"/>
  </code>
</codes>
<codes class="bip:topics:1.0">
  <code code="GCAT">
    <editdetail attribution="Reuters BIP Coding Group" action="confirmed" date="1997-03-23"/>
  </code>
  <code code="GDIP">
    <editdetail attribution="Reuters BIP Coding Group" action="confirmed" date="1997-03-23"/>
  </code>
</codes>
<dc element="dc.date.created" value="1997-03-23"/>
<dc element="dc.publisher" value="Reuters Holdings Plc"/>
<dc element="dc.date.published" value="1997-03-23"/>
<dc element="dc.source" value="Reuters"/>
<dc element="dc.creator.location" value="HONG KONG"/>
<dc element="dc.creator.location.country.name" value="HONG KONG"/>
<dc element="dc.source" value="Reuters"/>
</metadata>
</newsitem>
