<?xml version="1.0" encoding="iso-8859-1" ?>
<newsitem itemid="462171" id="root" date="1997-03-23" xml:lang="en">
<title>HONG KONG: WEEK AHEAD - HK stocks set to rebound after FOMC.</title>
<headline>WEEK AHEAD - HK stocks set to rebound after FOMC.</headline>
<byline>Jennifer Genevieve</byline>
<dateline>HONG KONG 1997-03-23</dateline>
<text>
<p>Hong Kong stocks may get the tonic they need to halt their downtrend this coming week with Tuesday's U.S. Federal Reserve meeting set to clear recent interest rate uncertainty, whatever the outcome, analysts said.</p>
<p>&quot;Once the meeting is out of the way, despite what happens, I think people will buy on the news rather than sell on the news,&quot; said Andrew Fernow, director of research at Vickers Ballas.</p>
<p>&quot;I think people have factored in the rate rise and you will see stocks rebounding off the levels you see now,&quot; he said.</p>
<p>Thirty-four of 48 Wall Street economists polled by Reuters last week said they expected the U.S. Federal Reserve to raise the key federal funds rate to at least 5.5 percent at the March 25 meeting from a current 5.25 percent.</p>
<p>In the run up to the meeting, Hong Kong stocks have taken a beating, with the Hang Seng Index retreating 247.23 points, or 1.94 percent, last week to close at 12,489.30 on Friday.</p>
<p>Since the start of this month, the blue chip Hang Seng Index has lost 909.42 points, or 6.79 percent, and is currently languishing at its lowest levels since late October 1996.</p>
<p>&quot;If they announce a 25 basis point rise, Hong Kong will probably recover to around the 13,000 level, because I think it is just overdone,&quot; said ING Barings sales director James Osborn.</p>
<p>Analysts said corporate results released last week showed strong earnings growth and with interest rate uncertainty removed, investors would be able to focus on local fundamentals.</p>
<p>Henderson Land Development Co Ltd beat market expectations last week with a 33 percent rise in its interim net profit to HK$5.32 billion (US$687 million).</p>
<p>Sun Hung Kai Properties Ltd posted interim net profit growth of 21 percent to HK$6.25 billion, and said it expects &quot;considerable growth&quot; for the full year.</p>
<p>&quot;The results have been so good and the valuations as a result are looking better, and somebody is going to take notice. I think this selloff will end,&quot; said Fernow.</p>
<p>But he said trading may be cautious in the first days of the week ahead of the Fed meeting.</p>
<p>&quot;Next week will be volatile,&quot; said Ben Kwong, director of research at Dharmala Securities. But he said the upside potential was greater than the downside, with share prices looking attractive at current levels.</p>
<p>&quot;There is very good value in the market below the 12,500 level,&quot; Fernow said.</p>
<p>Major blue chip companies are due to continue reporting results during the week ahead.</p>
<p>COSCO Pacific Ltd is due to release its 1996 results on Monday and analysts expect strong net profit growth.</p>
<p>A slew of results are due on Wednesday including Cheung Kong (Holdings) Ltd, Hutchison Whampoa Ltd, CITIC Pacific Ltd, Shun Tak Holdings Ltd and Sino Land Co Ltd.</p>
<p>GITIC Enterprises Ltd is also set to make its trading debut on Wednesday. Market sources said the much anticipated initial public offering has likely become one of Hong Kong's most popular, with the issue expected to be 900 to 1,000 times subscribed.</p>
<p>The market will be closed on Friday for the Good Friday holiday.</p>
<p>(US$1=HK$7.74)</p>
</text>
<copyright>(c) Reuters Limited 1997</copyright>
<metadata>
<codes class="bip:countries:1.0">
  <code code="HKONG">
    <editdetail attribution="Reuters BIP Coding Group" action="confirmed" date="1997-03-23"/>
  </code>
</codes>
<codes class="bip:topics:1.0">
  <code code="M11">
    <editdetail attribution="Reuters BIP Coding Group" action="confirmed" date="1997-03-23"/>
  </code>
  <code code="MCAT">
    <editdetail attribution="Reuters BIP Coding Group" action="confirmed" date="1997-03-23"/>
  </code>
</codes>
<dc element="dc.date.created" value="1997-03-23"/>
<dc element="dc.publisher" value="Reuters Holdings Plc"/>
<dc element="dc.date.published" value="1997-03-23"/>
<dc element="dc.source" value="Reuters"/>
<dc element="dc.creator.location" value="HONG KONG"/>
<dc element="dc.creator.location.country.name" value="HONG KONG"/>
<dc element="dc.source" value="Reuters"/>
</metadata>
</newsitem>
