<?xml version="1.0" encoding="iso-8859-1" ?>
<newsitem itemid="462147" id="root" date="1997-03-23" xml:lang="en">
<title>MALAYSIA: FORECAST-Malaysia seen running a tight ship in 97.</title>
<headline>FORECAST-Malaysia seen running a tight ship in 97.</headline>
<byline>Madhav Reddy</byline>
<dateline>KUALA LUMPUR 1997-03-23</dateline>
<text>
<p>Malaysia's central Bank Negara's annual report for 1996 is expected to keep the economy on a tight leash and to focus on policies to manage the bank's successes, economists said.</p>
<p>They said the central bank was widely accepted as a significant contributor last year to allaying international fears of overheating in Malaysia by helping to bring down economic growth and the current account deficit.</p>
<p>Deputy Prime Minister Anwar Ibrahim's Anwar announced last month that Malaysia's economy grew by 8.2 percent in 1996 against 9.5 percent in 1995, and its current account deficit dropped to 11 billion ringgit ($4.4 billion) from 18 billion ringgit previously.</p>
<p>The annual report, usually the first official document to announce economic data for the past year and provide revised forecasts for the current year, is due out on March 28.</p>
<p>&quot;By and large they (Bank Negara) should be happy with their performance. From here on they have to manage their success,&quot; said Liew Yin Sze, economist with J.M. Sassoon in Singapore.</p>
<p>He said the key in the report would be the central bank's view of the economy. &quot;We want to see if they are still concerned by consumption growth and loans growth,&quot; he said.</p>
<p>He said loans growth and spending by consumers were still problems facing the economy, and Bank Negara was expected to tackle them by leaving unchanged its high interest rate regime.</p>
<p>&quot;I expect them (Bank Negara) to reaffirm their stance on monetary policy...reaffirm their desire to bring down monetary growth (and)...continue their fight to bring down current account deficit,&quot; said Danial Lian, economist with NatWest Markets in Singapore.</p>
<p>Malaysia's growing current account deficit and inflation had triggered worries about overheating and forced it to maintain a tight monetary policy since late 1995. The three-month interbank rate has risen nearly 200 basis points in the last two years.</p>
<p>&quot;I would also like to see if they are endorsing the strong ringgit policy. But I don't think they will mention the ringgit, they don't usually,&quot; Lian said.</p>
<p>Improving economic fundamentals have sharply boosted the ringgit this year. It has risen 1.9 percent against the dollar and 5.1 percent to a 30-month high against the Singapore dollar.</p>
<p>Patrick Er, economist with CIMB Securities in Kuala Lumpur, said the central bank endorsed a strong ringgit, though they would not say it openly. &quot;If you see, they have not intervened in the market even once since the ringgit started rising.&quot;</p>
<p>He said another figure to be watched for in the annual report was that for long-term capital inflows. &quot;I want to know how the current account gap is being funded,&quot; he said.</p>
<p>Most economists agreed that in terms of broad economic numbers, the report would not contain any surprises. Economic growth for 1997 was expected to be around the government's previous forecast of 8.0 percent.</p>
<p>However, Yin Sze of J.M. Sassoon said the report could announce a rise in the current account deficit.</p>
<p>He said economic growth last year had slowed partly due to a drop in exports. With a recovery expected, imports would rise sharply, particularly for the Commonwealth Games that Malaysia is hosting next year.</p>
<p>($1=2.48 ringgit)</p>
<p>-- Kuala Lumpur newsroom (603-201 4813)</p>
</text>
<copyright>(c) Reuters Limited 1997</copyright>
<metadata>
<codes class="bip:countries:1.0">
  <code code="MALAY">
    <editdetail attribution="Reuters BIP Coding Group" action="confirmed" date="1997-03-23"/>
  </code>
</codes>
<codes class="bip:topics:1.0">
  <code code="E12">
    <editdetail attribution="Reuters BIP Coding Group" action="confirmed" date="1997-03-23"/>
  </code>
  <code code="E51">
    <editdetail attribution="Reuters BIP Coding Group" action="confirmed" date="1997-03-23"/>
  </code>
  <code code="E511">
    <editdetail attribution="Reuters BIP Coding Group" action="confirmed" date="1997-03-23"/>
  </code>
  <code code="ECAT">
    <editdetail attribution="Reuters BIP Coding Group" action="confirmed" date="1997-03-23"/>
  </code>
</codes>
<dc element="dc.date.created" value="1997-03-23"/>
<dc element="dc.publisher" value="Reuters Holdings Plc"/>
<dc element="dc.date.published" value="1997-03-23"/>
<dc element="dc.source" value="Reuters"/>
<dc element="dc.creator.location" value="KUALA LUMPUR"/>
<dc element="dc.creator.location.country.name" value="MALAYSIA"/>
<dc element="dc.source" value="Reuters"/>
</metadata>
</newsitem>
