<?xml version="1.0" encoding="iso-8859-1" ?>
<newsitem itemid="462188" id="root" date="1997-03-23" xml:lang="en">
<title>SAUDI ARABIA: Saudi Arabia and Germany agree to boost trade.</title>
<headline>Saudi Arabia and Germany agree to boost trade.</headline>
<dateline>RIYADH 1997-03-23</dateline>
<text>
<p>Saudi Arabia and Germany on Sunday agreed to boost economic, trade, commercial and investment cooperation.</p>
<p>The move was announced in a statement released at the end of a two-day meeting of a German-Saudi joint commission on economic and technical cooperation.</p>
<p>German Economics Minister Guenter Rexrodt on Saturday called on Saudi Arabia -- Germany's main trading partner in the Arab world -- to improve investment conditions in the kingdom to boost bilateral trade.</p>
<p>In an opening speech of the 12th meeting of the commission in Riyadh, he said German investment in oil giant Saudi Arabia was still modest compared to Germany's other major trading partners.</p>
<p>According to German embassy figures, total bilateral trade between Germany and Saudi Arabia was around 4.8 billion marks ($2.8 billion) in 1995, down from 5.7 billion marks in 1994. In the first nine months of 1996 it stood at 3.7 billion marks.</p>
</text>
<copyright>(c) Reuters Limited 1997</copyright>
<metadata>
<codes class="bip:countries:1.0">
  <code code="GFR">
    <editdetail attribution="Reuters BIP Coding Group" action="confirmed" date="1997-03-23"/>
  </code>
  <code code="SAARAB">
    <editdetail attribution="Reuters BIP Coding Group" action="confirmed" date="1997-03-23"/>
  </code>
</codes>
<codes class="bip:topics:1.0">
  <code code="E51">
    <editdetail attribution="Reuters BIP Coding Group" action="confirmed" date="1997-03-23"/>
  </code>
  <code code="E512">
    <editdetail attribution="Reuters BIP Coding Group" action="confirmed" date="1997-03-23"/>
  </code>
  <code code="ECAT">
    <editdetail attribution="Reuters BIP Coding Group" action="confirmed" date="1997-03-23"/>
  </code>
</codes>
<dc element="dc.date.created" value="1997-03-23"/>
<dc element="dc.publisher" value="Reuters Holdings Plc"/>
<dc element="dc.date.published" value="1997-03-23"/>
<dc element="dc.source" value="Reuters"/>
<dc element="dc.creator.location" value="RIYADH"/>
<dc element="dc.creator.location.country.name" value="SAUDI ARABIA"/>
<dc element="dc.source" value="Reuters"/>
</metadata>
</newsitem>
