<?xml version="1.0" encoding="iso-8859-1" ?>
<newsitem itemid="462127" id="root" date="1997-03-23" xml:lang="en">
<title>JAPAN: Gore says &quot;worst time&quot; to cut U.S. troops in Japan.</title>
<headline>Gore says &quot;worst time&quot; to cut U.S. troops in Japan.</headline>
<dateline>TOKYO 1997-03-23</dateline>
<text>
<p>U.S. Vice President Al Gore said on Sunday the size of U.S. forces in Japan needed to be maintained, calling the present the &quot;worst time&quot; to reduce the current contingent.</p>
<p>The size of U.S. forces stationed in Japan has become a source of tension, with opponents saying many of the troops should be withdrawn from Japanese territory.</p>
<p>While meeting Foreign Minister Yukihiko Ikeda, Gore was asked if the United States would continue to need the same number of troops during the next decade.</p>
<p>&quot;I think we need them now and for the forseeable future,&quot; Gore responded.</p>
<p>&quot;In my view, this would be the worst time to have some reduction in U.S. forces here. The current level is the appropriate level,&quot; the U.S. vice president said.</p>
<p>About 75 percent of U.S. bases in Japan are on Okinawa, which makes up less than one percent of Japanese territory.</p>
<p>About 3,000 Okinawans who own land covering 362,000 sq metres (433,000 sq yards) on 12 bases including the U.S. Air Force's huge Kadena Air Base are refusing to renew leases when they expire on May 15.</p>
<p>Local authorities on Okinawa, where about half of the 40,000 U.S. troops in Japan are stationed, want the bases closed by 2015, an action Tokyo strongly opposes.</p>
<p>Gore arrived on Sunday in Japan, the first stop on a trip to Asia that includes visits to China and South Korea.</p>
</text>
<copyright>(c) Reuters Limited 1997</copyright>
<metadata>
<codes class="bip:countries:1.0">
  <code code="JAP">
    <editdetail attribution="Reuters BIP Coding Group" action="confirmed" date="1997-03-23"/>
  </code>
  <code code="USA">
    <editdetail attribution="Reuters BIP Coding Group" action="confirmed" date="1997-03-23"/>
  </code>
</codes>
<codes class="bip:topics:1.0">
  <code code="GCAT">
    <editdetail attribution="Reuters BIP Coding Group" action="confirmed" date="1997-03-23"/>
  </code>
  <code code="GDEF">
    <editdetail attribution="Reuters BIP Coding Group" action="confirmed" date="1997-03-23"/>
  </code>
  <code code="GDIP">
    <editdetail attribution="Reuters BIP Coding Group" action="confirmed" date="1997-03-23"/>
  </code>
</codes>
<dc element="dc.date.created" value="1997-03-23"/>
<dc element="dc.publisher" value="Reuters Holdings Plc"/>
<dc element="dc.date.published" value="1997-03-23"/>
<dc element="dc.source" value="Reuters"/>
<dc element="dc.creator.location" value="TOKYO"/>
<dc element="dc.creator.location.country.name" value="JAPAN"/>
<dc element="dc.source" value="Reuters"/>
</metadata>
</newsitem>
