<?xml version="1.0" encoding="iso-8859-1" ?>
<newsitem itemid="462165" id="root" date="1997-03-23" xml:lang="en">
<title>SOUTH KOREA: Gore, Gingrich to put spotlight on Korean peace.</title>
<headline>Gore, Gingrich to put spotlight on Korean peace.</headline>
<byline>Andrew Browne</byline>
<dateline>SEOUL 1997-03-23</dateline>
<text>
<p>A flurry of U.S. visitors to South Korea this week, including Vice President Al Gore, will put the spotlight on efforts to bring North Korea into peace talks using food aid as leverage.</p>
<p>Gore, who arrives on Friday, and U.S. House of Representatives Speaker Newt Gingrich, due on Monday at the head of a 12-member congressional delegation, will tackle a host of thorny trade issues.</p>
<p>But North Korea will top their agendas amid signs that Pyongyang, desperate for food as famine looms, is ready to enter peace talks proposed last April by U.S. President Bill Clinton and his South Korean counterpart, Kim Young-sam.</p>
<p>&quot;Issues surrounding North and South Korea will be a focal point,&quot; said Seoul's Deputy Foreign Minister Song Young-shik.</p>
<p>Separately, five U.S. senators led by Alaska Republican Ted Stevens, chairman of the Senate Appropriations Committee, will stop in Seoul on Thursday on their way to Pyongyang for talks on Friday with North Korean officials.</p>
<p>U.S. and South Korean representatives emerged guardedly optimistic from meetings with North Korean diplomats in New York this month for a briefing on the peace talks, which would also include China.</p>
<p>The U.S. and its close ally South Korea are partners in a delicate mission to forge a permanent peace mechanism to replace a truce that ended the 1950-53 Korean War.</p>
<p>Yet their relationship is dogged by mistrust over approaches on handling Pyongyang.</p>
<p>Seoul frets that Washington will cave in too easily to Pyongyang's pleas for food and diplomatic recognition, leaving South Korea feeling ignored and isolated.</p>
<p>Washington officials privately complain that Seoul's uneven policy on the North -- by turns belligerent and conciliatory -- adds to the frustration of engaging Pyongyang in dialogue over issues from missile proliferation to nuclear arms.</p>
<p>The United States maintains 37,000 troops in South Korea guarding the world's last Cold War border -- what U.S. forces call &quot;Freedom's Frontier&quot;.</p>
<p>&quot;The U.S. thinks that by sending aid to North Korea it can change Pyongyang's policies, but we don't think North Korea will follow just because you give it candy,&quot; said Koo Youngnok, a professor of politics at Seoul National University.</p>
<p>He said North Korea has all along tried to isolate South Korea and deal directly with the United States.</p>
<p>&quot;Unfortunately, the U.S. -- which is in a position to strongly suggest North Korea talk directly to South Korea -- has not made that effort.&quot;</p>
<p>The United States has agreed to chip in $10 million and South Korea $6 million to the latest international food appeal for North Korea.</p>
<p>The modest aid is a down-payment on substantial relief Pyongyang could expect if it moved towards peace. U.N. food agencies believe famine in the North is just weeks away.</p>
<p>On the trade front, friction between Washington and Seoul has been exacerbated by South Korean austerity measures put in place as its economy slows. U.S. companies complain that the government is shutting out Western imports -- everything from cars to spirits -- in its drive against luxury spending.</p>
<p>The South Korean government angrily denies sponsoring an anti-import campaign.</p>
<p>Gingrich and his congressional team are visiting South Korea as part of an Asian trip that will also include China, Hong Kong, Taiwan and Japan.</p>
<p>Gore is spending two days in South Korea on Friday and Saturday.</p>
<p>The five-member senate team heading to Pyongyang also includes Hawaii Democratic Daniel Inouye and Republicans Pete Domenici of New Mexico, Thad Cochran of Mississippi and Pat Roberts of Kansas.</p>
</text>
<copyright>(c) Reuters Limited 1997</copyright>
<metadata>
<codes class="bip:countries:1.0">
  <code code="NKOREA">
    <editdetail attribution="Reuters BIP Coding Group" action="confirmed" date="1997-03-23"/>
  </code>
  <code code="SKOREA">
    <editdetail attribution="Reuters BIP Coding Group" action="confirmed" date="1997-03-23"/>
  </code>
  <code code="USA">
    <editdetail attribution="Reuters BIP Coding Group" action="confirmed" date="1997-03-23"/>
  </code>
</codes>
<codes class="bip:topics:1.0">
  <code code="E51">
    <editdetail attribution="Reuters BIP Coding Group" action="confirmed" date="1997-03-23"/>
  </code>
  <code code="E512">
    <editdetail attribution="Reuters BIP Coding Group" action="confirmed" date="1997-03-23"/>
  </code>
  <code code="ECAT">
    <editdetail attribution="Reuters BIP Coding Group" action="confirmed" date="1997-03-23"/>
  </code>
  <code code="GCAT">
    <editdetail attribution="Reuters BIP Coding Group" action="confirmed" date="1997-03-23"/>
  </code>
  <code code="GDIP">
    <editdetail attribution="Reuters BIP Coding Group" action="confirmed" date="1997-03-23"/>
  </code>
</codes>
<dc element="dc.date.created" value="1997-03-23"/>
<dc element="dc.publisher" value="Reuters Holdings Plc"/>
<dc element="dc.date.published" value="1997-03-23"/>
<dc element="dc.source" value="Reuters"/>
<dc element="dc.creator.location" value="SEOUL"/>
<dc element="dc.creator.location.country.name" value="SOUTH KOREA"/>
<dc element="dc.source" value="Reuters"/>
</metadata>
</newsitem>
