<?xml version="1.0" encoding="iso-8859-1" ?>
<newsitem itemid="462135" id="root" date="1997-03-23" xml:lang="en">
<title>INDONESIA: Indonesian police detain 43 after Timor protest.</title>
<headline>Indonesian police detain 43 after Timor protest.</headline>
<dateline>JAKARTA 1997-03-23</dateline>
<text>
<p>Indonesian police detained 43 youths on Sunday after an &quot;anti-integration&quot; demonstration outside a hotel in the East Timor capital of Dili where a United Nations envoy was staying, police said.</p>
<p>&quot;There was a demonstration outside the Mahkota hotel where the envoy was staying,&quot; East Timor deputy police chief Colonel Atok Rismanto told Reuters by telephone from Dili. &quot;Forty-three people were detained,&quot; he said.</p>
<p>Rismanto said the demonstrators, numbering about 100, opposed integration with Indonesia. He said several were injured by broken glass from the hotel's windows but provided no other details on the 7 a.m. incident.</p>
<p>The U.N. special envoy on East Timor, Jamsheed Marker, arrived in East Timor on Friday to meet with senior government and community leaders in the former Portuguese colony.</p>
<p>Rismanto said police quickly dispersed the protesters and Marker, who was inside the hotel at the time, was able to leave on a scheduled helicopter tour of several districts in the territory.</p>
<p>Those detained were being questioned and police were looking for others involved in the incident, he said.</p>
<p>East Timor was invaded by Indonesia in 1975 after the abrupt withdrawal of Portuguese colonial authorities. It was annexed by Indonesia the following year in a move not recognised by the United Nations and its status is disputed.</p>
</text>
<copyright>(c) Reuters Limited 1997</copyright>
<metadata>
<codes class="bip:countries:1.0">
  <code code="INDON">
    <editdetail attribution="Reuters BIP Coding Group" action="confirmed" date="1997-03-23"/>
  </code>
  <code code="TIMOR">
    <editdetail attribution="Reuters BIP Coding Group" action="confirmed" date="1997-03-23"/>
  </code>
  <code code="UN">
    <editdetail attribution="Reuters BIP Coding Group" action="confirmed" date="1997-03-23"/>
  </code>
</codes>
<codes class="bip:topics:1.0">
  <code code="GCAT">
    <editdetail attribution="Reuters BIP Coding Group" action="confirmed" date="1997-03-23"/>
  </code>
  <code code="GCRIM">
    <editdetail attribution="Reuters BIP Coding Group" action="confirmed" date="1997-03-23"/>
  </code>
  <code code="GVIO">
    <editdetail attribution="Reuters BIP Coding Group" action="confirmed" date="1997-03-23"/>
  </code>
</codes>
<dc element="dc.date.created" value="1997-03-23"/>
<dc element="dc.publisher" value="Reuters Holdings Plc"/>
<dc element="dc.date.published" value="1997-03-23"/>
<dc element="dc.source" value="Reuters"/>
<dc element="dc.creator.location" value="JAKARTA"/>
<dc element="dc.creator.location.country.name" value="INDONESIA"/>
<dc element="dc.source" value="Reuters"/>
</metadata>
</newsitem>
