<?xml version="1.0" encoding="iso-8859-1" ?>
<newsitem itemid="462139" id="root" date="1997-03-23" xml:lang="en">
<title>TAIWAN: Dalai Lama visit roils Taiwan political scene.</title>
<headline>Dalai Lama visit roils Taiwan political scene.</headline>
<byline>Jeffrey Parker</byline>
<dateline>KAOHSIUNG, Taiwan 1997-03-23</dateline>
<text>
<p>As the Dalai Lama toured local Buddhist sites on Sunday, behind-the-scenes battles raged over the political ramifications of the Tibetan leader's unprecedented visit to diplomatically isolated Taiwan.</p>
<p>Though touted by the Dalai Lama and his hosts as a strictly religious affair, the Tibetan Buddhist god-king's six-day journey has stoked local political and religious passions -- some of them intricately intertwined.</p>
<p>Those feelings first spilled onto the streets on Saturday, when the Dalai Lama's arrival in the southern port of Kaohsiung triggered raucous protests and a few shoving matches between advocates and opponents of Taiwan's and Tibet's independence from communist China.</p>
<p>The Dalai Lama's visit has stirred a long-dormant debate about whether Tibet is part of China -- a question with deep ramifications for a far hotter debate about whether Taiwan should reunite with China or go it alone.</p>
<p>Taiwan's exiled Republic of China government, ousted from the mainland by the triumphant communists in 1949, maintains that Taiwan and Tibet both are part of China and that Taiwan should reunite with the mainland, though not before Beijing embraces multiparty democracy.</p>
<p>Advocates of Taiwan's independence from China insist that the Dalai Lama, who leads a Tibetan government-in-exile in India, be treated as a visiting head of state, calculating that this would bolster Taiwan's own right to self-determination.</p>
<p>Pro-independence forces want to abolish the cabinet's Mongolian and Tibetan Affairs Commission, which insists that Tibetans -- including the Dalai Lama -- be regarded as Chinese subjects on the premise that Tibet is part of the Taiwan-based republic.</p>
<p>Since making initial contacts in 1993, the Dalai Lama has refused to visit under such conditions, saying they reflected political &quot;misunderstandings&quot;.</p>
<p>The government struck a compromise for the Dalai Lama's visit, allowing him to be hosted by the civilian Chinese Buddhist Association rather than the Tibetan affairs agency -- although there were unconfirmed reports that he was obliged to enter Taiwan under a Republic of China identity.</p>
<p>Analysts say President Lee Teng-hui, expected to meet the Dalai Lama on Thursday, brokered the compromise to reap as much benefit from being associated with the 1989 Nobel peace laureate without overly antagonising arch rival China.</p>
<p>National Taiwan University philosophy professor Yang Hui-nan, quoted by the Liberty Times, said the Buddhist association, known for its close ties to the ruling Nationalist Party, had acted as Lee's &quot;white glove&quot;, putting a religious face on the Dalai Lama's political visit.</p>
<p>Beijing, which regards Taiwan as a renegade province, has assailed the Dalai Lama's visit and his planned audience with Lee as the collusion of fellow &quot;splittists&quot; bent on severing Tibet and Taiwan from China.</p>
<p>The Dalai Lama has declined to take questions about what Beijing insists is the political nature of his visit, his first return to Chinese soil since 1959 when he fled into exile from his Himalayan homeland after an abortive anti-Chinese uprising.</p>
<p>Some experts questioned the legality of Lee's exclusion of the Tibetan affairs commission.</p>
<p>&quot;Tibet is a part of the Republic of China but the government did not allow the commission to participate in the visit issue,&quot; Chinese Cultural University mainland affairs expert Yang Kai-huang was quoted by the United Daily News as saying.</p>
<p>The Dalai's visit showed signs of widening deep rifts between Taiwan's three main Buddhist organisations, which hold significant political sway among the island's largely Buddhist population of 21 million.</p>
<p>Although the Dalai Lama's first stop was Taiwan's biggest and richest monastery, Fukuangshan, or Mountain of Buddha's Light outside southern Kaohsiung, the temple's charismatic founder, Hsing Yun, was conspicuous by his absence.</p>
<p>Likewise, leader Cheng Yen of the Buddhist Compassion Relief Tzu Chi Association -- Taiwan's third Buddhist power base after the Chinese Buddhist Association and Fukuangshan -- stayed away.</p>
<p>&quot;Cheng Yen might be preoccupied...but more likely she does not want to participate in an event that already is steeped in political meaning,&quot; said philosophy professor Yang.</p>
</text>
<copyright>(c) Reuters Limited 1997</copyright>
<metadata>
<codes class="bip:countries:1.0">
  <code code="CHINA">
    <editdetail attribution="Reuters BIP Coding Group" action="confirmed" date="1997-03-23"/>
  </code>
  <code code="TAIWAN">
    <editdetail attribution="Reuters BIP Coding Group" action="confirmed" date="1997-03-23"/>
  </code>
</codes>
<codes class="bip:topics:1.0">
  <code code="GCAT">
    <editdetail attribution="Reuters BIP Coding Group" action="confirmed" date="1997-03-23"/>
  </code>
  <code code="GDIP">
    <editdetail attribution="Reuters BIP Coding Group" action="confirmed" date="1997-03-23"/>
  </code>
  <code code="GREL">
    <editdetail attribution="Reuters BIP Coding Group" action="confirmed" date="1997-03-23"/>
  </code>
</codes>
<dc element="dc.date.created" value="1997-03-23"/>
<dc element="dc.publisher" value="Reuters Holdings Plc"/>
<dc element="dc.date.published" value="1997-03-23"/>
<dc element="dc.source" value="Reuters"/>
<dc element="dc.creator.location" value="KAOHSIUNG, Taiwan"/>
<dc element="dc.creator.location.country.name" value="TAIWAN"/>
<dc element="dc.source" value="Reuters"/>
</metadata>
</newsitem>
