<?xml version="1.0" encoding="iso-8859-1" ?>
<newsitem itemid="462185" id="root" date="1997-03-23" xml:lang="en">
<title>ISRAEL: Israel tightens security, weighs peace talks limit.</title>
<headline>Israel tightens security, weighs peace talks limit.</headline>
<byline>Howard Goller</byline>
<dateline>JERUSALEM 1997-03-23</dateline>
<text>
<p>Israel tightened security around its cities and considered partly suspending peace talks with the Palestinians on Sunday following an Islamist suicide bombing and threats of more to come.</p>
<p>Underscoring tensions, Israeli border policemen shot and wounded two Palestinians at a roadblock outside Jerusalem after one of them tried to flee, police said.</p>
<p>The militant group Hamas, which claimed responsibility for the killing of three Israeli women in Friday's bombing of a Tel Aviv cafe, threatened to launch further attacks if Israel went on building a Jewish settlement in Arab East Jerusalem.</p>
<p>Prime Minister Benjamin Netanyahu vowed to keep building and summoned his inner security cabinet to a meeting on Sunday after accusing Yasser Arafat's Palestinian Authority of having given Hamas the green light for the suicide bombing.</p>
<p>Netanyahu's communications chief David Bar-Illan said the cabinet ministers would meet to decide how to proceed in talks with Arafat's Palestinian Authority -- &quot;if at all&quot;.</p>
<p>&quot;There may be a suspension of at least any kind of political negotiations and a decision to concentrate only on security matters until we see some kind of cooperation from the Palestinians,&quot; Bar-Illan told Reuters.</p>
<p>Netanyahu, leader of the right-wing Likud party, was elected 10 months ago on a promise to pursue both peace and security. Now his peace talks are in crisis and the suicide bombers he vowed to repel have come back.</p>
<p>&quot;Unless there is security, he will not proceed with the negotiations on political issues. That's it,&quot; Bar-Illan said.</p>
<p>Security forces threw up protective rings around Israeli cities which planned to go ahead with carnivals for the Purim holiday commemorating the rescue of Jews from genocide in ancient Persia.</p>
<p>&quot;In a big way we have surrounded the entire area where an event will take place with a ring of policemen so that anyone entering will pass through bands of police,&quot; said Yaacov Shoval, deputy chief of the central Tel Aviv police district.</p>
<p>Palestinians, shrugging off Bar-Illan's comments, said talks were already at a deadlock and blamed the lack of security on Netanyahu's groundbreaking last week for the Jewish settlement on a hilltop that Palestinians call Jabal Abu Ghneim.</p>
<p>&quot;Since the moment the bulldozers started work in Jabal Abu Ghneim, the Israeli-Palestinian talks have stopped,&quot; said Ahmed Abdel Rahman, general-secretary of Arafat's cabinet.</p>
<p>&quot;There is no more security, stability and the current situation warns of an explosion at any moment,&quot; he told Reuters.</p>
<p>Israeli and PLO security services have met during the last two days. Public Security Minister Avigdor Kahalani said he hoped to meet Jibril Rajoub, the Palestinian Preventive Security chief in the West Bank, on Sunday as planned a week ago.</p>
<p>&quot;We need these meetings. These meetings bring about better coordination for both groups,&quot; Kahalani said. Israel and the PLO are partners to self-rule peace accords launched in 1993.</p>
<p>Fierce Israeli-Arab clashes flared in the West Bank town of Hebron on Saturday for a second straight day. Israeli soldiers fired live ammunition, rubber bullets and teargas at hundreds of Arab protesters who threw petrol bombs and rocks.</p>
<p>Hospital officials said at least 20 Palestinians suffered gunshot wounds. The Israeli army said soldiers fired live ammunition &quot;when their lives were in danger&quot;. Another 80 Arabs were treated for other injuries or teargas inhalation.</p>
</text>
<copyright>(c) Reuters Limited 1997</copyright>
<metadata>
<codes class="bip:countries:1.0">
  <code code="ISRAEL">
    <editdetail attribution="Reuters BIP Coding Group" action="confirmed" date="1997-03-23"/>
  </code>
</codes>
<codes class="bip:topics:1.0">
  <code code="GCAT">
    <editdetail attribution="Reuters BIP Coding Group" action="confirmed" date="1997-03-23"/>
  </code>
  <code code="GPOL">
    <editdetail attribution="Reuters BIP Coding Group" action="confirmed" date="1997-03-23"/>
  </code>
  <code code="GVIO">
    <editdetail attribution="Reuters BIP Coding Group" action="confirmed" date="1997-03-23"/>
  </code>
</codes>
<dc element="dc.date.created" value="1997-03-23"/>
<dc element="dc.publisher" value="Reuters Holdings Plc"/>
<dc element="dc.date.published" value="1997-03-23"/>
<dc element="dc.source" value="Reuters"/>
<dc element="dc.creator.location" value="JERUSALEM"/>
<dc element="dc.creator.location.country.name" value="ISRAEL"/>
<dc element="dc.source" value="Reuters"/>
</metadata>
</newsitem>
