<?xml version="1.0" encoding="iso-8859-1" ?>
<newsitem itemid="462100" id="root" date="1997-03-23" xml:lang="en">
<title>JAPAN: Gore underlines U.S. security commitment in Asia.</title>
<headline>Gore underlines U.S. security commitment in Asia.</headline>
<byline>Laurence McQuillan</byline>
<dateline>TOKYO 1997-03-23</dateline>
<text>
<p>U.S. Vice President Al Gore, beginning a trip designed to improve relations with China, on Sunday ruled out any cuts in U.S. forces in Japan, saying it was the &quot;worst time&quot; for such reductions.</p>
<p>Although the primary focus of the trip is the four days Gore spends in China, his Sunday night talks with Foreign Minister Yukihiko Ikeda underscored a lingering problem Washington faces in Japan -- the controversy over the size of its military contingent here.</p>
<p>As he posed for pictures with Ikeda, Gore was asked if the current force can be reduced over the next decade. &quot;I think we need them now and for the foreseeable future,&quot; he replied.</p>
<p>&quot;In my view, this would be the worst time to have some reduction in U.S. forces here,&quot; Gore said. &quot;The current level is the appropriate level.&quot;</p>
<p>&quot;The Japanese government feels that the U.S. military is an important factor for stability in the region,&quot; Japanese Foreign Ministry officials quoted Ikeda as telling Gore. &quot;Now is not the time to start discussions on reducing U.S. troops.&quot;</p>
<p>Local authorities on Okinawa, where about half of the 40,000 U.S. troops in Japan are stationed, want the bases closed by 2015, an action Tokyo strongly opposes.</p>
<p>Earlier in the day, Prime Minister Ryutaro Hashimoto said he planned to push through parliament a new law to seek continued leases on private land used by U.S. bases on Okinawa.</p>
<p>On Monday, Gore meets Hashimoto, delivers a speech on the environment and visits a U.S. air base before departing for Beijing and talks the next day with President Jiang Zemin.</p>
<p>&quot;This visit is intended to reaffirm once again America's commitment to the region overall,&quot; Gore said during an arrival ceremony held in steady rain.</p>
<p>&quot;The security and prosperity of the United States is vitally tied to the Asia-Pacific region,&quot; Gore said.</p>
<p>Chatting with reporters aboard Air Force Two, Gore sounded upbeat about the chances for improving relations with China, which has frequently clashed with Washington in recent years, particularly over trade, Taiwan and human rights.</p>
<p>&quot;Change is taking place rapidly inside China ... the growth of the free sector of their economy is far outstripping the growth in the state-owned sector,&quot; he said.</p>
<p>&quot;Both our countries are clearly signalling to one another that we want to find a way to move forward in the relationship,&quot; said Gore, who planned to discuss a broad range of issues including the environment and the future of Hong Kong.</p>
<p>&quot;I hope to have meaningful discussions in China,&quot; said Gore, adding that he would &quot;touch on every issue that has a particular impact for our two countries&quot; -- including charges Beijing tried to funnel money to influence last year's presidential elections and some congressional races.</p>
<p>Gore will be the highest-ranking U.S. official to visit China since President George Bush in 1989 -- shortly before Chinese troops brutally ended pro-democracy demonstrations in Tiananmen Square.</p>
<p>At least part of his discussions will deal with preparations for an exchange of visits by U.S. President Bill Clinton and Jiang. The Chinese leader is expected to visit the United States late this year and Clinton tentatively plans to go to China in 1998.</p>
<p>Gore said that high on his agenda was a discussion about possible four-way talks between the two Koreas and the United States and China, an idea that was proposed in April by Clinton and South Korean President Kim Young-sam.</p>
<p>The four-way talks would be designed to bring a formal end to the 1950-1953 Korean War.</p>
</text>
<copyright>(c) Reuters Limited 1997</copyright>
<metadata>
<codes class="bip:countries:1.0">
  <code code="CHINA">
    <editdetail attribution="Reuters BIP Coding Group" action="confirmed" date="1997-03-23"/>
  </code>
  <code code="JAP">
    <editdetail attribution="Reuters BIP Coding Group" action="confirmed" date="1997-03-23"/>
  </code>
  <code code="USA">
    <editdetail attribution="Reuters BIP Coding Group" action="confirmed" date="1997-03-23"/>
  </code>
</codes>
<codes class="bip:topics:1.0">
  <code code="GCAT">
    <editdetail attribution="Reuters BIP Coding Group" action="confirmed" date="1997-03-23"/>
  </code>
  <code code="GDEF">
    <editdetail attribution="Reuters BIP Coding Group" action="confirmed" date="1997-03-23"/>
  </code>
  <code code="GDIP">
    <editdetail attribution="Reuters BIP Coding Group" action="confirmed" date="1997-03-23"/>
  </code>
</codes>
<dc element="dc.date.created" value="1997-03-23"/>
<dc element="dc.publisher" value="Reuters Holdings Plc"/>
<dc element="dc.date.published" value="1997-03-23"/>
<dc element="dc.source" value="Reuters"/>
<dc element="dc.creator.location" value="TOKYO"/>
<dc element="dc.creator.location.country.name" value="JAPAN"/>
<dc element="dc.source" value="Reuters"/>
</metadata>
</newsitem>
