<?xml version="1.0" encoding="iso-8859-1" ?>
<newsitem itemid="462137" id="root" date="1997-03-23" xml:lang="en">
<title>MACAU: China, Portugal at odds over passports in Macau.</title>
<headline>China, Portugal at odds over passports in Macau.</headline>
<dateline>MACAU 1997-03-23</dateline>
<text>
<p>China and Portugal are at odds over the status of Macau residents holding Portuguese passports after the territory is handed back to Beijing in 1999.</p>
<p>The Sino-Portuguese Joint Liaison Group (JLG), a body handling matters related to Macau's handover, failed to agree in a meeting last week on the provisions given to Macau people with Portuguese nationality after the handover.</p>
<p>Portuguese-administered Macau will revert to China on December 20, 1999. Of some 110,000 Portuguese-passport holders in Macau, 90 percent are ethnic Chinese.</p>
<p>At the meeting, Portugal maintained that these Macau people can opt to retain their Portuguese nationality, which grants them consular protection.</p>
<p>But China, which does not recognise dual nationality, was adamant that ethnic Chinese in Macau can only use their Portuguese passports as travel documents, and not for consular protection.</p>
</text>
<copyright>(c) Reuters Limited 1997</copyright>
<metadata>
<codes class="bip:countries:1.0">
  <code code="CHINA">
    <editdetail attribution="Reuters BIP Coding Group" action="confirmed" date="1997-03-23"/>
  </code>
  <code code="MACAO">
    <editdetail attribution="Reuters BIP Coding Group" action="confirmed" date="1997-03-23"/>
  </code>
  <code code="PORL">
    <editdetail attribution="Reuters BIP Coding Group" action="confirmed" date="1997-03-23"/>
  </code>
</codes>
<codes class="bip:topics:1.0">
  <code code="GCAT">
    <editdetail attribution="Reuters BIP Coding Group" action="confirmed" date="1997-03-23"/>
  </code>
  <code code="GDIP">
    <editdetail attribution="Reuters BIP Coding Group" action="confirmed" date="1997-03-23"/>
  </code>
</codes>
<dc element="dc.date.created" value="1997-03-23"/>
<dc element="dc.publisher" value="Reuters Holdings Plc"/>
<dc element="dc.date.published" value="1997-03-23"/>
<dc element="dc.source" value="Reuters"/>
<dc element="dc.creator.location" value="MACAU"/>
<dc element="dc.creator.location.country.name" value="MACAU"/>
<dc element="dc.source" value="Reuters"/>
</metadata>
</newsitem>
