<?xml version="1.0" encoding="iso-8859-1" ?>
<newsitem itemid="462131" id="root" date="1997-03-23" xml:lang="en">
<title>TAIWAN: Pork crisis rocks Taiwan, seen curbing GDP growth.</title>
<headline>Pork crisis rocks Taiwan, seen curbing GDP growth.</headline>
<byline>Lawrence Chung</byline>
<dateline>TAIPEI 1997-03-23</dateline>
<text>
<p>Taiwan faces one of its biggest economic crises in years with lucrative pork exports brought to a halt from March 20 due to an outbreak of foot-and-mouth disease among its large number of hogs.</p>
<p>Breeders fearful of huge income losses on Sunday threatened to set free hundreds of diseased pigs in Taipei to protest what they viewed as the government's failure to control the disease.</p>
<p>&quot;If the government fails to give us reasonable subsidies and offer us financial and technical aid to slaughter the diseased pigs, we will not rule out setting free hundreds of pigs in Taipei,&quot; an official with the Hog Breeding Association told Reuters.</p>
<p>He said a meeting of breeders on Friday decided the government needs to provide T$3,000 (US$109) per kg in compensation for each pig slaughtered.</p>
<p>The government's Council of Agriculture (COA) has agreed to provide T$2,400 (US$87.2) per kg for each meat hog slaughtered.</p>
<p>COA figures showed that 37,569 pigs in 5,919 breeding farms in 12 counties were found to have contracted the deadly and contagious disease, while 11,943 had died of it as of March 22.</p>
<p>Breeders estimated the number of infected hogs at more than 150,000, out of total hog population of 14 million.</p>
<p>Usually fatal in livestock, the disease is rarely contracted by humans, although they can be carriers of it.</p>
<p>Taiwan television aired footage of breeders complaining of government inaction and bursting into tears as health officials electrocuted pigs suspected of being infected.</p>
<p>Local newspapers reported that some veterinarians had warned agriculture and health authorities of a possible outbreak of the disease a year ago but the government failed to act.</p>
<p>Chiu Mao-ying, chairman of the COA, said on state television on Sunday that the government was doing all it could to curb the disease's spread.</p>
<p>The outbreak has resulted in a halt to pork product output by leading food processing companies.</p>
<p>But perhaps hardest hit were pork exporters as major importers like Japan and South Korea banned Taiwan pork.</p>
<p>Taiwan pork exports totalled US$1.55 billion in 1996, according to the Board of Foreign Trade.</p>
<p>Chan Teh-sung, a bureau director in the government's Directorate-General of Budget, Accounting and Statistics, said on Saturday the lost exports would cut Taiwan's total gross domestic product (GDP) forecast for 1997 by 0.5 of a percentage point to 5.78 percent.</p>
<p>The economics ministry said if all 14 million hogs became infected the GDP growth rate would be cut by a further 1.4 percent.</p>
<p>Government statistics show the export ban may cost as many as 50,000 jobs, which will add some 0.5-0.6 of a percentage point to the island's jobless rate.</p>
<p>But Chien Chin-ching, chairman of the Taiwan Agriculture Association, said about one million people are involved in pork-related work.</p>
<p>&quot;It is necessary for the government to help these people change jobs,&quot; he said.</p>
</text>
<copyright>(c) Reuters Limited 1997</copyright>
<metadata>
<codes class="bip:countries:1.0">
  <code code="TAIWAN">
    <editdetail attribution="Reuters BIP Coding Group" action="confirmed" date="1997-03-23"/>
  </code>
</codes>
<codes class="bip:industries:1.0">
  <code code="I01001">
    <editdetail attribution="Reuters BIP Coding Group" action="confirmed" date="1997-03-23"/>
  </code>
  <code code="I0100119">
    <editdetail attribution="Reuters BIP Coding Group" action="confirmed" date="1997-03-23"/>
  </code>
</codes>
<codes class="bip:topics:1.0">
  <code code="C24">
    <editdetail attribution="Reuters BIP Coding Group" action="confirmed" date="1997-03-23"/>
  </code>
  <code code="C31">
    <editdetail attribution="Reuters BIP Coding Group" action="confirmed" date="1997-03-23"/>
  </code>
  <code code="C312">
    <editdetail attribution="Reuters BIP Coding Group" action="confirmed" date="1997-03-23"/>
  </code>
  <code code="CCAT">
    <editdetail attribution="Reuters BIP Coding Group" action="confirmed" date="1997-03-23"/>
  </code>
  <code code="E11">
    <editdetail attribution="Reuters BIP Coding Group" action="confirmed" date="1997-03-23"/>
  </code>
  <code code="ECAT">
    <editdetail attribution="Reuters BIP Coding Group" action="confirmed" date="1997-03-23"/>
  </code>
</codes>
<dc element="dc.date.created" value="1997-03-23"/>
<dc element="dc.publisher" value="Reuters Holdings Plc"/>
<dc element="dc.date.published" value="1997-03-23"/>
<dc element="dc.source" value="Reuters"/>
<dc element="dc.creator.location" value="TAIPEI"/>
<dc element="dc.creator.location.country.name" value="TAIWAN"/>
<dc element="dc.source" value="Reuters"/>
</metadata>
</newsitem>
