<?xml version="1.0" encoding="iso-8859-1" ?>
<newsitem itemid="462108" id="root" date="1997-03-23" xml:lang="en">
<title>MALAYSIA: MALAYSIA STOCKS - factors to watch - March 24.</title>
<headline>MALAYSIA STOCKS - factors to watch - March 24.</headline>
<dateline>KUALA LUMPUR 1996-03-24</dateline>
<text>
<p>Following are some of the main factors likely to affect Malaysian stocks on Monday:</p>
<p>* On Friday, the U.S. Dow Jones Industrial Average lost 15.49 points to 6,804.79, with the long bond yield at 6.96 percent.</p>
<p>* The Kuala Lumpur Composite Index fell 13.05 points to 1,212.94 on continuing fears of the impact of an expected interest rate hike in the U.S. on Tuesday.</p>
<p>* Malaysian Resources Corporation Bhd and two of its associate companies are expected to announce a major restructuring plan later on Monday.</p>
</text>
<copyright>(c) Reuters Limited 1997</copyright>
<metadata>
<codes class="bip:countries:1.0">
  <code code="MALAY">
    <editdetail attribution="Reuters BIP Coding Group" action="confirmed" date="1997-03-23"/>
  </code>
</codes>
<codes class="bip:topics:1.0">
  <code code="M11">
    <editdetail attribution="Reuters BIP Coding Group" action="confirmed" date="1997-03-23"/>
  </code>
  <code code="MCAT">
    <editdetail attribution="Reuters BIP Coding Group" action="confirmed" date="1997-03-23"/>
  </code>
</codes>
<dc element="dc.date.created" value="1996-03-24"/>
<dc element="dc.publisher" value="Reuters Holdings Plc"/>
<dc element="dc.date.published" value="1997-03-23"/>
<dc element="dc.source" value="Reuters"/>
<dc element="dc.creator.location" value="KUALA LUMPUR"/>
<dc element="dc.creator.location.country.name" value="MALAYSIA"/>
<dc element="dc.source" value="Reuters"/>
</metadata>
</newsitem>
