<?xml version="1.0" encoding="iso-8859-1" ?>
<newsitem itemid="462197" id="root" date="1997-03-23" xml:lang="en">
<title>EGYPT: Egypt shares slump in absence of institutions.</title>
<headline>Egypt shares slump in absence of institutions.</headline>
<dateline>CAIRO 1997-03-23</dateline>
<text>
<p>Egyptian shares slumped across the board to a seven-week low on Sunday as small investors pulled out of the market in the expectation that prices will keep falling for a little while longer.</p>
<p>Broker Sherif Cararah said he thought further corrections were possible but the market could rebound in about a month when newly created funds step in with more cash.</p>
<p>&quot;We're in a grey transitional phase. It might go down further but I don't see further severe downs,&quot; he said.</p>
<p>The Capital Market Authority (CMA) said the all-share index fell 1.5 percent or 5.63 points to 373.05, its lowest level since January 30. Volume was 34.34 million pounds ($10.1 million), thinner than on any day since January 12.</p>
<p>After record highs about a month ago, securities house HSBC James Capel forecast the market would stabilise with the all-share index between 370 and 375 points -- its current level.</p>
<p>The average transaction size on Sunday, just over 8,000 pounds each, showed that institutions were not active. But foreign funds are not normally big players on Sundays.</p>
<p>The slump hit all the traditionally dominant sectors -- the millers, cements and banks -- with few exceptions.</p>
<p>Year-end results released by Commercial International Bank (CIB) had no noticeable effect. The shares fell 4.40 pounds to 83.92 despite an 11 percent increase in profits.</p>
<p>In the milling sector, Central and West Delta Flour Mills led the way down, shedding 4.25 pounds to close at 96.25 in trade worth 3.4 million pounds.</p>
<p>Southern Cairo Flour Mills and East Delta Flour Mills both run into the five percent limit for the amount any share can fall in a single session.</p>
<p>Among the big cement companies, only Egyptian Tora Portland Cement held its ground, closing unchanged at 98.00.</p>
<p>Internationally traded Suez Cement lost 0.75 to end the day at 68.50 pounds.</p>
<p>Misr International Bank/MIBANK and rarely traded Housing and Development Bank were two of the few high-volume shares which gained in Sunday's session.</p>
<p>The housing bank traded in large blocks, possibly as part of the government's programme for public-sector banks to sell off their shares in such joint-venture banks, and it closed 1.48 pounds up at 124.00, an all-time high.</p>
<p>MIBANK gained 3.50 to 700 in active trading.</p>
<p>The index for openly traded firms fell sharply, to 578.74 from 594.44 on Thursday, and the index for rarely traded &quot;closed&quot; firms slipped to 257.58 from 259.44 points.</p>
<p>Out of the 81 shares traded, 14 gained, 30 lost and 37 ended the day unchanged.</p>
<p>$1 = 3.395 pounds</p>
<p>-- Cairo newsroom +20 2 578 3290/1</p>
</text>
<copyright>(c) Reuters Limited 1997</copyright>
<metadata>
<codes class="bip:countries:1.0">
  <code code="EGYPT">
    <editdetail attribution="Reuters BIP Coding Group" action="confirmed" date="1997-03-23"/>
  </code>
</codes>
<codes class="bip:topics:1.0">
  <code code="M11">
    <editdetail attribution="Reuters BIP Coding Group" action="confirmed" date="1997-03-23"/>
  </code>
  <code code="MCAT">
    <editdetail attribution="Reuters BIP Coding Group" action="confirmed" date="1997-03-23"/>
  </code>
</codes>
<dc element="dc.date.created" value="1997-03-23"/>
<dc element="dc.publisher" value="Reuters Holdings Plc"/>
<dc element="dc.date.published" value="1997-03-23"/>
<dc element="dc.source" value="Reuters"/>
<dc element="dc.creator.location" value="CAIRO"/>
<dc element="dc.creator.location.country.name" value="EGYPT"/>
<dc element="dc.source" value="Reuters"/>
</metadata>
</newsitem>
