<?xml version="1.0" encoding="iso-8859-1" ?>
<newsitem itemid="462183" id="root" date="1997-03-23" xml:lang="en">
<title>ISRAEL: Israel tightens security, may limit peace talks.</title>
<headline>Israel tightens security, may limit peace talks.</headline>
<byline>Howard Goller</byline>
<dateline>JERUSALEM 1997-03-23</dateline>
<text>
<p>Israel tightened security around its cities on Sunday and said it could partly suspend peace talks with the Palestinians following an Islamist suicide bombing and threats of more to come.</p>
<p>Underscoring tensions, Israeli security forces shot and wounded two Palestinians at a roadblock near Jerusalem and fired teargas to disperse Palestinian protesters who hurled five petrol bombs at them near the West Bank town of Hebron, witnesses said.</p>
<p>Three Palestinians were treated for teargas inhalation.</p>
<p>Security forces threw up protective rings around Israeli cities which went ahead with carnivals for the Purim holiday marking the rescue of Jews from genocide in ancient Persia.</p>
<p>A caller to Israeli police claimed responsibility in the name of the militant group Hamas for the killing of three Israeli women in Friday's bombing of a Tel Aviv cafe.</p>
<p>Hamas threatened to launch further attacks if Israel went on building a Jewish settlement begun last week in Arab East Jerusalem.</p>
<p>But Prime Minister Benjamin Netanyahu vowed to keep building and summoned his inner security cabinet to a meeting on Sunday after accusing Yasser Arafat's Palestinian Authority of having given Hamas the green light for the suicide bombing.</p>
<p>Netanyahu's communications chief David Bar-Illan said the cabinet ministers would meet to decide how to proceed in talks with Arafat's Palestinian Authority -- &quot;if at all&quot;.</p>
<p>&quot;There may be a suspension of at least any kind of political negotiations and a decision to concentrate only on security matters until we see some kind of cooperation from the Palestinians,&quot; Bar-Illan told Reuters.</p>
<p>Netanyahu, leader of the right-wing Likud party, was elected 10 months ago on a promise to pursue both peace and security. Now his peace talks are in crisis and the suicide bombers he vowed to repel have come back.</p>
<p>&quot;Unless there is security, he will not proceed with the negotiations on political issues. That's it,&quot; Bar-Illan said.</p>
<p>Police with dogs stood at every intersection along Tel Aviv's fashionable Dizengoff street, closed to traffic for the Purim holiday which has been marred by tragedies etched in Israeli minds over the last few years.</p>
<p>Palestinians, shrugging off Bar-Illan's threat, said negotiations were already at a deadlock anyway and blamed the lack of security on Netanyahu's groundbreaking last week for the Jewish settlement at Jabal Abu Ghneim, or Har Homa.</p>
<p>Israeli and PLO security services, partners to self-rule accords launched in 1993, stayed in contact and Israel's Public Security Minister Avigdor Kahalani met Jibril Rajoub, the Palestinian Preventive Security chief in the West Bank.</p>
<p>On a visit to Pakistan, Arafat criticised Israel for its plan to go on building in East Jerusalem. Rajoub said Israeli settlements, land confiscations and restrictions on Palestinians had to be stopped.</p>
<p>&quot;It is the responsibility of the international community to exert pressure on the Israelis to stop such stupid policies,&quot; Rajoub told Reuters.</p>
<p>In Damascus, an official Syrian daily said Netanyahu's policies had caused Friday's bomb attack. Israeli-Syrian peace talks have been severed for a year.</p>
<p>Fierce Israeli-Arab clashes flared in Hebron on Saturday for a second straight day. Hospital officials said at least 20 Palestinians suffered gunshot wounds.</p>
</text>
<copyright>(c) Reuters Limited 1997</copyright>
<metadata>
<codes class="bip:countries:1.0">
  <code code="ISRAEL">
    <editdetail attribution="Reuters BIP Coding Group" action="confirmed" date="1997-03-23"/>
  </code>
</codes>
<codes class="bip:topics:1.0">
  <code code="GCAT">
    <editdetail attribution="Reuters BIP Coding Group" action="confirmed" date="1997-03-23"/>
  </code>
  <code code="GDIP">
    <editdetail attribution="Reuters BIP Coding Group" action="confirmed" date="1997-03-23"/>
  </code>
  <code code="GPOL">
    <editdetail attribution="Reuters BIP Coding Group" action="confirmed" date="1997-03-23"/>
  </code>
  <code code="GVIO">
    <editdetail attribution="Reuters BIP Coding Group" action="confirmed" date="1997-03-23"/>
  </code>
</codes>
<dc element="dc.date.created" value="1997-03-23"/>
<dc element="dc.publisher" value="Reuters Holdings Plc"/>
<dc element="dc.date.published" value="1997-03-23"/>
<dc element="dc.source" value="Reuters"/>
<dc element="dc.creator.location" value="JERUSALEM"/>
<dc element="dc.creator.location.country.name" value="ISRAEL"/>
<dc element="dc.source" value="Reuters"/>
</metadata>
</newsitem>
