<?xml version="1.0" encoding="iso-8859-1" ?>
<newsitem itemid="462158" id="root" date="1997-03-23" xml:lang="en">
<title>HONG KONG: Key facts about the British colony of Hong Kong.</title>
<headline>Key facts about the British colony of Hong Kong.</headline>
<dateline>HONG KONG 1997-03-23</dateline>
<text>
<p>In exactly 100 days, Hong Kong, Britain's last important colony, reverts to China at midnight on June 30, 1997 when more than 150 years of colonial rule ends.</p>
<p>Here is a profile of the territory followed by a chronology of British colonial rule.</p>
<p>POPULATION - 6.3 million (census department September 1996), 98 per cent Chinese.</p>
<p>AREA - 1,074 sq. km (414.6 sq. miles)</p>
<p>CAPITAL - Victoria, name in abeyance, now called Central.</p>
<p>ARMED FORCES: All armed forces in Hong Kong are at present forces of the British Crown. In mid-1997 all units of the British army, navy and air force will depart and be replaced by a People's Liberation Army garrison up to 10,000 strong. Internal security will remain the responsibility of the Hong Kong police.</p>
<p>ECONOMY - Hong Kong is rated by the U.S.-based Heritage Foundation as the world's freest economy. It is the world's eighth largest trading entity. Its stock market is the second largest in Asia and its banking system ranks fifth in the world in terms of external banking transactions.</p>
<p>Since the 1970s Hong Kong has changed from a manufacturing-based to a service-based economy. Companies moved production to factories in southern China to cut labour costs.</p>
<p>Under a fixed exchange rate system the Hong Kong dollar has been pegged at 7.80 to one U.S. since 1983. Hong Kong interest rates cannot stray too far from U.S. rates, making it hard for the government and banks to control inflation through interest rate policy. In October the consumer price index rose 5.4 pct year on year, and inflation is predicted to average 6 percent for 1996.</p>
<p>Real per capita GDP was US$23,000 in 1995. Gross Domestic Product (GDP) growth slowed to 4.6 pct in 1995 from 5.4 percent in 1994. Growth continued to slow in early 1996 and is estimated at around 4.5 percent in 1996.</p>
<p>Major industries are ready-to-wear clothes, textiles, basic metals, fabricated metal products and electrical and electronic goods. Major imports are raw materials, semi-manufactures, food and mineral fuels. Tourism was the second largest foreign exchange earner in 1995. Visitor spending totaled HK$72 billion, 12 percent up on 1994, and six percent of Hong Kong's GDP.</p>
<p>CHRONOLOGY -</p>
<p>1840-42 - First Anglo-Chinese Opium War ends with China ceding in perpetuity Hong Kong island to Britain under Treaty of Nanking. British troops raise flag in 1841.</p>
<p>1860 - Convention of Peking cedes Kowloon peninsula across from Hong Kong island to Britain after second Anglo-Chinese Opium War of 1856-58.</p>
<p>1898 - China leases rural New Territories area and 235 outlying islands to Britain for 99 years.</p>
<p>1911 - Revolution overthrows China's imperial Qing Dynasty.</p>
<p>1941-1945 - Japanese military occupation of Hong Kong</p>
<p>1949 - Mao Zedong proclaims the People's Republic of China.</p>
<p>1972 - Britain and China establish diplomatic relations.</p>
<p>1979 - Chinese leader Deng Xiaoping receives Hong Kong Governor Sir Murray McLehose in Beijing in March. McLehose raises problem of the end of the lease in 1997. Deng says Hong Kong can rest at ease.</p>
<p>1979 - Margaret Thatcher visits Beijing in September. Deng refuses request for continued British administration of Hong Kong after 1997, but he agrees to open negotiations on handover.</p>
<p>1983 - Britain and China begin negotiations on Hong Kong's future.</p>
<p>1984 - British Prime Minister Margaret Thatcher and China's Premier Zhao Ziyang sign the Joint Declaration in Beijing on December 19, requiring Britain to transfer sovereignty of the Colony to China at midnight June 30, 1997. China pledges to grant Hong Kong a &quot;high degree of autonomy&quot; and permits it to retain its capitalist system for 50 years after 1997.</p>
<p>1989 - Military crackdown on democracy movement in Beijing's Tiananmen Square with heavy loss of life. In Hong Kong a million people join protests. Relations with Beijing deteriorate.</p>
<p>1990 - China promulgates the Basic Law, Hong Kong's post-1997 constitution.</p>
<p>1992 - Chris Patten, former party chairman of Britain's ruling Conservatives, becomes Governor of Hong Kong. Patten launches electoral reforms. China denounces the move. Relations between the two countries plummet.</p>
<p>1993 - China sets up a Preliminary Working Committee (PWC) to shape Hong Kong's first post-1997 administration.</p>
<p>1995 - In September, Hong Kong holds its most representative legislative elections to date under the auspices of the Patten reforms. Democrats take 70 percent of the direct vote.</p>
<p>1996 - China sets up the Preparatory Committee replacing the PWC, to oversee Hong Kong's transition in line with the Basic Law and decisions of China's parliament.</p>
<p>March, 1996 - British Prime Minister John Major visits and says &quot;Hong Kong will never walk alone&quot;. Pledges Britain will fight for 1984 treaty to be respected by China.</p>
<p>November 1996 - China forms Selection Committee to choose first post-colonial Chief Executive and provisional legislature.</p>
<p>December 11, 1996 - Selection Committee picks shipping magnate Tung Chee-hwa as Chief Executive-designate.</p>
<p>December 21, 1996 - Selection Committee picks 60 member provisional legislature. Includes 10 politicians defeated in 1995 polls.</p>
<p>January 25 - Provisional Legislature holds first meeting in Shenzhen, China, to avoid legal challenge from Hong Kong Democrats who argue its activities are unconstitutional.</p>
</text>
<copyright>(c) Reuters Limited 1997</copyright>
<metadata>
<codes class="bip:countries:1.0">
  <code code="CHINA">
    <editdetail attribution="Reuters BIP Coding Group" action="confirmed" date="1997-03-23"/>
  </code>
  <code code="HKONG">
    <editdetail attribution="Reuters BIP Coding Group" action="confirmed" date="1997-03-23"/>
  </code>
  <code code="UK">
    <editdetail attribution="Reuters BIP Coding Group" action="confirmed" date="1997-03-23"/>
  </code>
</codes>
<codes class="bip:topics:1.0">
  <code code="GCAT">
    <editdetail attribution="Reuters BIP Coding Group" action="confirmed" date="1997-03-23"/>
  </code>
  <code code="GDIP">
    <editdetail attribution="Reuters BIP Coding Group" action="confirmed" date="1997-03-23"/>
  </code>
  <code code="GPOL">
    <editdetail attribution="Reuters BIP Coding Group" action="confirmed" date="1997-03-23"/>
  </code>
</codes>
<dc element="dc.date.created" value="1997-03-23"/>
<dc element="dc.publisher" value="Reuters Holdings Plc"/>
<dc element="dc.date.published" value="1997-03-23"/>
<dc element="dc.source" value="Reuters"/>
<dc element="dc.creator.location" value="HONG KONG"/>
<dc element="dc.creator.location.country.name" value="HONG KONG"/>
<dc element="dc.source" value="Reuters"/>
</metadata>
</newsitem>
