<?xml version="1.0" encoding="iso-8859-1" ?>
<newsitem itemid="462142" id="root" date="1997-03-23" xml:lang="en">
<title>JAPAN: Japan reports &quot;medium&quot; earthquake.</title>
<headline>Japan reports &quot;medium&quot; earthquake.</headline>
<dateline>TOKYO 1997-03-23</dateline>
<text>
<p>A &quot;medium earthquake&quot;, about 100 km (60 miles) northeast of Tokyo, shook the Japanese capital on Sunday, meteorological authorities reported.</p>
<p>The epicentre was in Ibaragi prefecture.</p>
<p>In a statement, Japan's Meteorological Agency said the quake was measured some 70 km (45 miles) under the earth.</p>
<p>An agency spokesman said there were no dangers of a so-called Tsunami or tidal wave.</p>
<p>&quot;It was a medium shake,&quot; an agency spokesman told Reuters.</p>
</text>
<copyright>(c) Reuters Limited 1997</copyright>
<metadata>
<codes class="bip:countries:1.0">
  <code code="JAP">
    <editdetail attribution="Reuters BIP Coding Group" action="confirmed" date="1997-03-23"/>
  </code>
</codes>
<codes class="bip:topics:1.0">
  <code code="GCAT">
    <editdetail attribution="Reuters BIP Coding Group" action="confirmed" date="1997-03-23"/>
  </code>
  <code code="GDIS">
    <editdetail attribution="Reuters BIP Coding Group" action="confirmed" date="1997-03-23"/>
  </code>
  <code code="GENV">
    <editdetail attribution="Reuters BIP Coding Group" action="confirmed" date="1997-03-23"/>
  </code>
</codes>
<dc element="dc.date.created" value="1997-03-23"/>
<dc element="dc.publisher" value="Reuters Holdings Plc"/>
<dc element="dc.date.published" value="1997-03-23"/>
<dc element="dc.source" value="Reuters"/>
<dc element="dc.creator.location" value="TOKYO"/>
<dc element="dc.creator.location.country.name" value="JAPAN"/>
<dc element="dc.source" value="Reuters"/>
</metadata>
</newsitem>
