<?xml version="1.0" encoding="iso-8859-1" ?>
<newsitem itemid="462152" id="root" date="1997-03-23" xml:lang="en">
<title>THAILAND: Thailand to press on with industrial hub expansion.</title>
<headline>Thailand to press on with industrial hub expansion.</headline>
<byline>Vithoon Amorn</byline>
<dateline>RAYONG, Thailand 1997-03-23</dateline>
<text>
<p>Thailand mounted a confidence-building exercise during the weekend, announcing it would not let economic setbacks retard industrial expansion.</p>
<p>The Thai government told foreign diplomats it would build at least $4 billion worth of infrastructure in the next few years in a vibrant industrial hub along its eastern seaboard.</p>
<p>Former Prime Minister Chatichai Choonhavan led a contingent of diplomats and journalists on Saturday on a brief tour of the region dotted with more than 1,000 export-oriented factories in and around its 14 industrial estates.</p>
<p>&quot;We like to show our potential amid current weak sentiment. Projects have been disrupted by past government changes. I want to back this government to be in office as long as possible to help continuity of project implementation,&quot; Chatichai said.</p>
<p>Chatichai, chairing Prime Minister Chavalit Yongchaiyudh's advisory committee, led officials in unveiling Thailand's ambitious plans to make its eastern region the biggest industrial hub in South East Asia by the turn of the century.</p>
<p>The state-run Board of Investment said the region, which attracted 58 percent of a total $76 billion in industrial projects promoted by the government during 1991-1996, would be expanded to cover 11 eastern provinces, against three now.</p>
<p>The eastern seaboard programme, launched in the early 1980s when the country started exploiting natural gas in the Gulf of Thailand, has oil refineries, steel and petrochemical complexes, and hundreds of computer, electronic and auto parts plants.</p>
<p>Its factories will also include, by 1999, four car assembly plants each producing 100,000-150,000 vehicles a year.</p>
<p>Officials said the programme's expansion would include more road and rail links, a 160-km high speed train, massive upgrades of the Laem Chabang and Maptaphut deep sea ports, an aircraft maintenance centre, and a regional air cargo gateway at the sprawling former U.S. airbase at Utapao.</p>
<p>Jesper Hostrup, economic counsellor of the Swedish Embassy, praised the Thai government for moving fast to counter current concern about the Thai economy.</p>
<p>&quot;Problems of the Thai financial and property sectors will not go away quickly. But it is nice to get a glimpse of Thai industries moving ahead, despite the current focus on many negative aspects of the economy,&quot; he said.</p>
<p>Thai exports languished in a 0.2 percent contraction in 1996 after they expanded by more than 20 percent a year for most of this decade. Gross domestic product growth eased to a 10-year low of 6.7 percent in 1996 against 8.7 percent in 1995.</p>
<p>The troubled Thai property sector, reeling under a four-year slump, has threatened the stability of financial institutions exposed to problem property loans.</p>
<p>Hostrup said the Thai economy was suffering as it adjusted to the higher level of technology needed to compete with other Asian economic tigers.</p>
<p>Sawanit Kongsiri, deputy permanent secretary for foreign affairs, said the government had sought to convince diplomats that Thai industries remained robust.</p>
<p>But German ambassador, Dieter Siemes, advised caution. He said Thailand should note sluggishness in its export markets and competition from Indonesia, Vietnam and China in wooing foreign investment when planning industrial strategy.</p>
<p>&quot;Most countries in this region compete to attract foreign investment by offering incentives, a factor that Thailand should study carefully,&quot; he said.</p>
</text>
<copyright>(c) Reuters Limited 1997</copyright>
<metadata>
<codes class="bip:countries:1.0">
  <code code="THAIL">
    <editdetail attribution="Reuters BIP Coding Group" action="confirmed" date="1997-03-23"/>
  </code>
</codes>
<codes class="bip:topics:1.0">
  <code code="E11">
    <editdetail attribution="Reuters BIP Coding Group" action="confirmed" date="1997-03-23"/>
  </code>
  <code code="E12">
    <editdetail attribution="Reuters BIP Coding Group" action="confirmed" date="1997-03-23"/>
  </code>
  <code code="ECAT">
    <editdetail attribution="Reuters BIP Coding Group" action="confirmed" date="1997-03-23"/>
  </code>
</codes>
<dc element="dc.date.created" value="1997-03-23"/>
<dc element="dc.publisher" value="Reuters Holdings Plc"/>
<dc element="dc.date.published" value="1997-03-23"/>
<dc element="dc.source" value="Reuters"/>
<dc element="dc.creator.location" value="RAYONG, Thailand"/>
<dc element="dc.creator.location.country.name" value="THAILAND"/>
<dc element="dc.source" value="Reuters"/>
</metadata>
</newsitem>
