<?xml version="1.0" encoding="iso-8859-1" ?>
<newsitem itemid="462178" id="root" date="1997-03-23" xml:lang="en">
<title>CYPRUS: Cypriots protest at British base.</title>
<headline>Cypriots protest at British base.</headline>
<dateline>NICOSIA 1997-03-23</dateline>
<text>
<p>Scores of Greek Cypriots hurled stones and set fire to tyres outside a police station in a British military base on Sunday, demanding that a Greek teenager jailed for traffic offences be released, witnesses said.</p>
<p>The authorities of the British bases in Cyprus said that around 50 people, mainly youths, &quot;engaged in mob activity&quot; outside the police station in the south eastern Dhekelia base on Sunday afternoon.</p>
<p>Protestors were demanding the release of 17-year-old George Dimitri Kyriakos who is serving a three month sentence at a jail in Dhekelia, one of two British sovereign bases on the island.</p>
<p>&quot;They gathered outside and threw stones, burnt tyres, set fire to trees next to the police station and generally engaged in mob activity,&quot; a bases spokesman told Reuters.</p>
<p>Earlier in the day, protesters had gathered outside the police station but many left after a personal appeal by Kyriakos's father Dimitri to disperse.</p>
<p>&quot;I was reassured by the foreign minister the child would be released,&quot; he told reporters, adding the procedure would take two to three days.</p>
<p>The base authorities have said they are examining a plea for clemency from the family of the youth, who started serving his sentence on March 6.</p>
<p>Britain has retained two military bases in Cyprus since independence in 1960. A police force is empowered to prosecute any offender within bases territory.</p>
<p>Many Cypriots do not recognise the authority of the British bases in passing judgement on them.</p>
<p>Demonstrators hooked Greek and Cypriot flags on a blacked-out sign of the British crown opposite the police station.</p>
<p>&quot;This isn't just for George. There are many others who get the same treatment,&quot; said local deputy Marios Matsakis, who took part in the demonstration.</p>
<p>&quot;Courts of the bases are illegal and their (bases) police has no juristiction other than to safeguard military installations.&quot;</p>
</text>
<copyright>(c) Reuters Limited 1997</copyright>
<metadata>
<codes class="bip:countries:1.0">
  <code code="CYPR">
    <editdetail attribution="Reuters BIP Coding Group" action="confirmed" date="1997-03-23"/>
  </code>
  <code code="GREECE">
    <editdetail attribution="Reuters BIP Coding Group" action="confirmed" date="1997-03-23"/>
  </code>
  <code code="UK">
    <editdetail attribution="Reuters BIP Coding Group" action="confirmed" date="1997-03-23"/>
  </code>
</codes>
<codes class="bip:topics:1.0">
  <code code="GCAT">
    <editdetail attribution="Reuters BIP Coding Group" action="confirmed" date="1997-03-23"/>
  </code>
  <code code="GVIO">
    <editdetail attribution="Reuters BIP Coding Group" action="confirmed" date="1997-03-23"/>
  </code>
</codes>
<dc element="dc.date.created" value="1997-03-23"/>
<dc element="dc.publisher" value="Reuters Holdings Plc"/>
<dc element="dc.date.published" value="1997-03-23"/>
<dc element="dc.source" value="Reuters"/>
<dc element="dc.creator.location" value="NICOSIA"/>
<dc element="dc.creator.location.country.name" value="CYPRUS"/>
<dc element="dc.source" value="Reuters"/>
</metadata>
</newsitem>
