<?xml version="1.0" encoding="iso-8859-1" ?>
<newsitem itemid="462193" id="root" date="1997-03-23" xml:lang="en">
<title>YEMEN: Yemen Central Bank gives treasury bill results.</title>
<headline>Yemen Central Bank gives treasury bill results.</headline>
<dateline>SANAA 1997-03-23</dateline>
<text>
<p>The Central Bank of Yemen said on Sunday its latest issue of 91-day treasury bills yielded an average 19.47 percent, down from the average 19.88 percent at the March 5 auction.</p>
<p>Of the 1.8 billion rials worth of bills on offer the issue attracted subscriptions worth 1.746 billion rials.</p>
<p>The average price was 9,537 rials and the lowest price accepted was 9,521.14 rials. Yields ranged from 16.5 percent to 20.17 percent.</p>
<p>The latest issue of 182-day bills yielded an average 20.97 percent, from 21.41 percent at the March 5 auction. Of the 800 million rials worth of 182-day bills on offer, the issue attracted subscriptions worth 776 million rials.</p>
<p>The average price was 9,035.31 rials and the lowest price accepted was 9,021.75 rials. Yields ranged from 18.16 percent to 21.50 percent.</p>
<p>The latest issue of 364-day bills yielded an average of 20.71 percent from the March 5 average of 22.15 percent.</p>
<p>Of the 400 million rials worth of the 364-day bills on offer, the issue attracted subscriptions worth 388 million rials.</p>
<p>The average price was 8,288.55 rials and the lowest price accepted was 8,201.14.</p>
<p>Yields ranged from 18.51 percent to 22 percent.</p>
<p>The Bank did not fix a date for the next auction. But a Bank official told Reuters that the bank &quot;has decided recently to hold the auction twice a month&quot;.</p>
<p>($1=124) rials</p>
</text>
<copyright>(c) Reuters Limited 1997</copyright>
<metadata>
<codes class="bip:countries:1.0">
  <code code="YEMAR">
    <editdetail attribution="Reuters BIP Coding Group" action="confirmed" date="1997-03-23"/>
  </code>
</codes>
<codes class="bip:topics:1.0">
  <code code="M13">
    <editdetail attribution="Reuters BIP Coding Group" action="confirmed" date="1997-03-23"/>
  </code>
  <code code="M131">
    <editdetail attribution="Reuters BIP Coding Group" action="confirmed" date="1997-03-23"/>
  </code>
  <code code="MCAT">
    <editdetail attribution="Reuters BIP Coding Group" action="confirmed" date="1997-03-23"/>
  </code>
</codes>
<dc element="dc.date.created" value="1997-03-23"/>
<dc element="dc.publisher" value="Reuters Holdings Plc"/>
<dc element="dc.date.published" value="1997-03-23"/>
<dc element="dc.source" value="Reuters"/>
<dc element="dc.creator.location" value="SANAA"/>
<dc element="dc.creator.location.country.name" value="YEMEN"/>
<dc element="dc.source" value="Reuters"/>
</metadata>
</newsitem>
