<?xml version="1.0" encoding="iso-8859-1" ?>
<newsitem itemid="462104" id="root" date="1997-03-23" xml:lang="en">
<title>JAPAN: U.S. Vice President Gore plays up ties with Japan.</title>
<headline>U.S. Vice President Gore plays up ties with Japan.</headline>
<dateline>TOKYO 1997-03-23</dateline>
<text>
<p>U.S. Vice President Al Gore arrived in Tokyo at the start of his eight-day Asian trip and immediately underscored the importance of ties with Japan.</p>
<p>&quot;Although the journey can seem to be a long one, I'm conscious immediately upon arrival of how close we are,&quot; Gore said at Tokyo's Haneda airport after stepping down from his Air Force Two plane.</p>
<p>&quot;Indeed there is no more important bilateral relationship than that between the United States and Japan.&quot;</p>
<p>Gore said his visit was intended to reaffirm U.S. commitment to the region.</p>
<p>&quot;The security and prosperity of the United States is vitally tied to the Asia-Pacific region and to our partnership and friendship with Japan.&quot;</p>
<p>Gore was to hold talks with Foreign Minister Yukihiko Ikeda over dinner later on Sunday and then meet Prime Minister Ryutaro Hashimoto on Monday before leaving for Beijing.</p>
<p>In talks with Ikeda and Hashimoto, Gore was expected to exchange views on the China policies of the two countries after the death of paramount Chinese leader Deng Xiaoping.</p>
<p>Japanese leaders were expected to reaffirm Tokyo's plan to keep U.S. bases on southern Japan's Okinawa island, the nation's biggest domestic political problem.</p>
<p>Japanese government leases on 3,000 plots of private land on U.S. bases expire in May and Hashimoto said on Sunday he may try to push through parliament a special law to bypass a lengthy land expropriation process.</p>
<p>Okinawa is home to more than 75 percent of all U.S. military facilities in Japan, a legacy of the post-World War Two U.S. military occupation that ended in 1972.</p>
<p>In Beijing, Gore was expected to tackle thorny issues with Chinese leaders including allegations that China tried to illegally influence the outcome of last year's U.S. elections.</p>
<p>Gore flies to South Korea on Friday for negotiations on prospects of North Korea's participation in proposed four-way peace talks on the Korean Peninsula.</p>
<p>The talks among the two Koreas, China and the United States are designed to replace a 1950-1953 Korean War armistice with a peace treaty.</p>
</text>
<copyright>(c) Reuters Limited 1997</copyright>
<metadata>
<codes class="bip:countries:1.0">
  <code code="JAP">
    <editdetail attribution="Reuters BIP Coding Group" action="confirmed" date="1997-03-23"/>
  </code>
  <code code="USA">
    <editdetail attribution="Reuters BIP Coding Group" action="confirmed" date="1997-03-23"/>
  </code>
</codes>
<codes class="bip:topics:1.0">
  <code code="GCAT">
    <editdetail attribution="Reuters BIP Coding Group" action="confirmed" date="1997-03-23"/>
  </code>
  <code code="GDIP">
    <editdetail attribution="Reuters BIP Coding Group" action="confirmed" date="1997-03-23"/>
  </code>
</codes>
<dc element="dc.date.created" value="1997-03-23"/>
<dc element="dc.publisher" value="Reuters Holdings Plc"/>
<dc element="dc.date.published" value="1997-03-23"/>
<dc element="dc.source" value="Reuters"/>
<dc element="dc.creator.location" value="TOKYO"/>
<dc element="dc.creator.location.country.name" value="JAPAN"/>
<dc element="dc.source" value="Reuters"/>
</metadata>
</newsitem>
