<?xml version="1.0" encoding="iso-8859-1" ?>
<newsitem itemid="462144" id="root" date="1997-03-23" xml:lang="en">
<title>TAIWAN: Taiwan residents back Dalai's meet with President.</title>
<headline>Taiwan residents back Dalai's meet with President.</headline>
<dateline>TAIPEI 1997-03-23</dateline>
<text>
<p>More than half of Taiwan residents support a meeting between visiting Tibetan exiled leader the Dalai Lama and President Lee Teng-hui, despite rival China's protest, an opinion poll showed on Sunday.</p>
<p>Fifty-five percent of 923 residents polled said a face-to-face between the two leaders would help improve Taiwan's relations with the exiled Tibetan government, according to the China Times newspaper survey conducted on March 22.</p>
<p>Only 11.2 percent of the respondents opposed a meeting, saying this could trigger Chinese protests.</p>
<p>China has assailed the Dalai Lama's visit, and particularly the expected March 27 meeting with Lee, as collusion between &quot;splittists&quot; seeking independence for both Tibet and Nationalist-ruled Taiwan.</p>
<p>Beijing views Tibet and Taiwan as parts of China and has warned against their independence. Chiang Kai-shek's Nationalists fled the mainland to Taiwan after losing a civil war in 1949, and the Dalai Lama left Tibet after clashes with the communists in 1959.</p>
<p>On his arrival in Taiwan on Saturday, the Dalai Lama told a news briefing he looked foward to seeing Lee, who was reportedly planning the meeting for the Taipei Guest House instead of the Presidential Office on March 27.</p>
<p>The Presidential Office declined to givew the place and time of the planned meeting.</p>
<p>But analysts said holding the meeting at the guest house instead of Lee's office would play down the political nature of their first-ever face-to-face dialogue.</p>
<p>Also, the Dalai Lama was expected to meet the leader of Taiwan's pro-independence Demoncratic Progressive Party, Hsu Hsin-liang, on March 26. Party officials said they would meet in Chungli, south of Taipei, in the afternoon.</p>
<p>On Saturday, pro-independence activists clashed with pro-Chinese unification supporters outside the Kaohsiung airport in southern Taiwan when the Dalai Lama arrived.</p>
</text>
<copyright>(c) Reuters Limited 1997</copyright>
<metadata>
<codes class="bip:countries:1.0">
  <code code="CHINA">
    <editdetail attribution="Reuters BIP Coding Group" action="confirmed" date="1997-03-23"/>
  </code>
  <code code="TAIWAN">
    <editdetail attribution="Reuters BIP Coding Group" action="confirmed" date="1997-03-23"/>
  </code>
</codes>
<codes class="bip:topics:1.0">
  <code code="GCAT">
    <editdetail attribution="Reuters BIP Coding Group" action="confirmed" date="1997-03-23"/>
  </code>
  <code code="GDIP">
    <editdetail attribution="Reuters BIP Coding Group" action="confirmed" date="1997-03-23"/>
  </code>
  <code code="GREL">
    <editdetail attribution="Reuters BIP Coding Group" action="confirmed" date="1997-03-23"/>
  </code>
</codes>
<dc element="dc.date.created" value="1997-03-23"/>
<dc element="dc.publisher" value="Reuters Holdings Plc"/>
<dc element="dc.date.published" value="1997-03-23"/>
<dc element="dc.source" value="Reuters"/>
<dc element="dc.creator.location" value="TAIPEI"/>
<dc element="dc.creator.location.country.name" value="TAIWAN"/>
<dc element="dc.source" value="Reuters"/>
</metadata>
</newsitem>
