<?xml version="1.0" encoding="iso-8859-1" ?>
<newsitem itemid="462176" id="root" date="1997-03-23" xml:lang="en">
<title>ISRAEL: Netanyahu says will not suspend peace talks.</title>
<headline>Netanyahu says will not suspend peace talks.</headline>
<dateline>JERUSALEM 1997-03-23</dateline>
<text>
<p>Prime Minister Benjamin Netanyahu said on Sunday Israel would not suspend peace talks with the Palestinians over an Islamist suicide bomb attack that killed three women in Tel Aviv on Friday.</p>
<p>&quot;Well, I'm not suspending talks because our people are meeting with their people but the first item on the agenda is the fulfillment of the Palestinian obligation to fight terrorism. They have to start complying with that or else we can't move,&quot; Netanyahu told CNN cable television.</p>
<p>Netanyahu was responding to one of his interviewers who asked him if he would, as one of his aides had hinted earlier in the day, halt political talks.</p>
<p>The Israeli prime minister appeared after meeting for several hours with key government ministers on a reaction to the bombing, which a caller to Israeli police claimed was the responsibility of the militant group Hamas.</p>
<p>A statement released after the meeting said: &quot;The government of Israel demands from the Palestinian Authority that it uphold its commitments to fight terror and violence, as a necessary step, to furthering the political process.&quot;</p>
<p>It demanded, but did not specifically make a condition, that the Authority increase security cooperation; prevent incitement against Israel; fight guerrilla organisations including their infrastructures; arrest, try and punish &quot;terrorists&quot;; deal with Israelis extradition requests; and confiscate illegal weapons.</p>
<p>Netanyahu's communications chief David Bar-Illan had said earlier on Sunday that the cabinet ministers might suspend peace talks.</p>
<p>&quot;There may be a suspension of at least any kind of political negotiations and a decision to concentrate only on security matters until we see some kind of cooperation from the Palestinians,&quot; Bar-Illan told Reuters.</p>
</text>
<copyright>(c) Reuters Limited 1997</copyright>
<metadata>
<codes class="bip:countries:1.0">
  <code code="ISRAEL">
    <editdetail attribution="Reuters BIP Coding Group" action="confirmed" date="1997-03-23"/>
  </code>
</codes>
<codes class="bip:topics:1.0">
  <code code="GCAT">
    <editdetail attribution="Reuters BIP Coding Group" action="confirmed" date="1997-03-23"/>
  </code>
  <code code="GPOL">
    <editdetail attribution="Reuters BIP Coding Group" action="confirmed" date="1997-03-23"/>
  </code>
</codes>
<dc element="dc.date.created" value="1997-03-23"/>
<dc element="dc.publisher" value="Reuters Holdings Plc"/>
<dc element="dc.date.published" value="1997-03-23"/>
<dc element="dc.source" value="Reuters"/>
<dc element="dc.creator.location" value="JERUSALEM"/>
<dc element="dc.creator.location.country.name" value="ISRAEL"/>
<dc element="dc.source" value="Reuters"/>
</metadata>
</newsitem>
