<?xml version="1.0" encoding="iso-8859-1" ?>
<newsitem itemid="462155" id="root" date="1997-03-23" xml:lang="en">
<title>PHILIPPINES: J.P. Morgan tips Moody's upgrade for Philippines.</title>
<headline>J.P. Morgan tips Moody's upgrade for Philippines.</headline>
<dateline>MANILA 1997-03-23</dateline>
<text>
<p>International brokerage firm J.P. Morgan Securities Inc is expecting Moody's Investors Service to upgrade its rating on the Philippines this year, a J.P. Morgan outlook paper released on Sunday said.</p>
<p>The ratings change would follow an upgrade made by Standard &amp; Poor's Corp (S&amp;P) last month. S&amp;P raised its Philippine debt paper rating on February 21 to BB plus, or one notch below investment grade, from the previous level of BB.</p>
<p>&quot;The (S&amp;P) rating will set the stage for a similar upgrade by Moody's from Ba2 to Ba1, expected this year,&quot; JP Morgan analyst Karim Adbel Motaal said.</p>
<p>He said constraints highlighted by S&amp;P including a low tax yield should be addressed by the tax reform bill, which is likely to be passed by May this year.</p>
<p>The bill seeks to improve the personal and corporate tax collection by expanding the taxpayers' base.</p>
<p>In a separate research paper, Bankers Trust Research analyst Cristina Infante said the recent S&amp;P upgrade should encourage the issuance of more infrastructure-related bonds.</p>
<p>She said dollar-denominated bonds would be the most favoured instruments in financing the privatisation programme of the government.  </p>
<p>Infante further recommended a buy on long-dated power-related issues including those floated by the state-owned National Power Corp before the upgrade.</p>
<p>&quot;We expect these issues to continue to benefit as the perception of the Philippines' sovereign credit improves over time,&quot; she said.</p>
<p>-- Manila newsroom 63 2 8418938 Fax 8176267</p>
</text>
<copyright>(c) Reuters Limited 1997</copyright>
<metadata>
<codes class="bip:countries:1.0">
  <code code="PHLNS">
    <editdetail attribution="Reuters BIP Coding Group" action="confirmed" date="1997-03-23"/>
  </code>
</codes>
<codes class="bip:topics:1.0">
  <code code="C17">
    <editdetail attribution="Reuters BIP Coding Group" action="confirmed" date="1997-03-23"/>
  </code>
  <code code="C174">
    <editdetail attribution="Reuters BIP Coding Group" action="confirmed" date="1997-03-23"/>
  </code>
  <code code="CCAT">
    <editdetail attribution="Reuters BIP Coding Group" action="confirmed" date="1997-03-23"/>
  </code>
  <code code="E21">
    <editdetail attribution="Reuters BIP Coding Group" action="confirmed" date="1997-03-23"/>
  </code>
  <code code="E212">
    <editdetail attribution="Reuters BIP Coding Group" action="confirmed" date="1997-03-23"/>
  </code>
  <code code="ECAT">
    <editdetail attribution="Reuters BIP Coding Group" action="confirmed" date="1997-03-23"/>
  </code>
</codes>
<dc element="dc.date.created" value="1997-03-23"/>
<dc element="dc.publisher" value="Reuters Holdings Plc"/>
<dc element="dc.date.published" value="1997-03-23"/>
<dc element="dc.source" value="Reuters"/>
<dc element="dc.creator.location" value="MANILA"/>
<dc element="dc.creator.location.country.name" value="PHILIPPINES"/>
<dc element="dc.source" value="Reuters"/>
</metadata>
</newsitem>
