<?xml version="1.0" encoding="iso-8859-1" ?>
<newsitem itemid="462194" id="root" date="1997-03-23" xml:lang="en">
<title>JORDAN: Jordan king leaves U.S. hospital.</title>
<headline>Jordan king leaves U.S. hospital.</headline>
<dateline>AMMAN 1997-03-23</dateline>
<text>
<p>Jordan's King Hussein left a U.S. hospital on Sunday and doctors who checked him for a recurrence of cancer said he was clear of the disease, the state news agency Petra reported.</p>
<p>But doctors advised the king, 61, to undergo a &quot;minor operation to remove part of an inflamed prostate gland as soon as possible&quot;, Petra said. It said the operation was common for men of his age.</p>
<p>King Hussein has returned annually to the Mayo Clinic in Minnesota since a successful surgery for cancer in 1992, with no recurrence of the disease.</p>
<p>The monarch is due to hold talks with President Bill Clinton and senior officials later this month or in early April on bilateral ties, Iraq and the latest tension in the Middle East.</p>
</text>
<copyright>(c) Reuters Limited 1997</copyright>
<metadata>
<codes class="bip:countries:1.0">
  <code code="JORDAN">
    <editdetail attribution="Reuters BIP Coding Group" action="confirmed" date="1997-03-23"/>
  </code>
  <code code="USA">
    <editdetail attribution="Reuters BIP Coding Group" action="confirmed" date="1997-03-23"/>
  </code>
</codes>
<codes class="bip:topics:1.0">
  <code code="GCAT">
    <editdetail attribution="Reuters BIP Coding Group" action="confirmed" date="1997-03-23"/>
  </code>
  <code code="GPOL">
    <editdetail attribution="Reuters BIP Coding Group" action="confirmed" date="1997-03-23"/>
  </code>
  <code code="GPRO">
    <editdetail attribution="Reuters BIP Coding Group" action="confirmed" date="1997-03-23"/>
  </code>
</codes>
<dc element="dc.date.created" value="1997-03-23"/>
<dc element="dc.publisher" value="Reuters Holdings Plc"/>
<dc element="dc.date.published" value="1997-03-23"/>
<dc element="dc.source" value="Reuters"/>
<dc element="dc.creator.location" value="AMMAN"/>
<dc element="dc.creator.location.country.name" value="JORDAN"/>
<dc element="dc.source" value="Reuters"/>
</metadata>
</newsitem>
