<?xml version="1.0" encoding="iso-8859-1" ?>
<newsitem itemid="462170" id="root" date="1997-03-23" xml:lang="en">
<title>TAIWAN: FEATURE - Hong Kong handover leaves Taiwan exposed.</title>
<headline>FEATURE - Hong Kong handover leaves Taiwan exposed.</headline>
<byline>Kevin Chen</byline>
<dateline>TAIPEI 1997-03-23</dateline>
<text>
<p>Hong Kong's July 1 return to Chinese rule threatens to shake the territory's role as the main conduit for huge Taiwan investments into China, and it could expose Taiwan to economic coercion from the mainland.</p>
<p>With China as its biggest political adversary but also its top trade partner, Taiwan finds its economy in a precarious position as Beijing prepares to take over Hong Kong.</p>
<p>&quot;I don't think it is in China's interest to use Hong Kong as a hostage to threaten Taiwan, but you can already see the Taiwan government becoming more cautious,&quot; said Amy Huang, analyst for Nomura Securities.</p>
<p>Taiwan's investments in Hong Kong are small, but the colony serves as the main transit stop for an estimated US$30 billion in &quot;indirect&quot; investments that Taiwan businesses have poured into China since a late-1980s political thaw. Taiwan still bans direct contacts with the communist mainland.</p>
<p>In 1996, Taiwan approved more than US$1.2 billion in indirect China investments, a 12 percent rise from 1995, and hundreds of millions more flowed in through offshore subsidiaries.</p>
<p>VULNERABLE IN TRADE</p>
<p>Taiwan is particularly vulnerable in trade.</p>
<p>The island's exports to Hong Kong in 1996 stood at US$26.805 billion -- most of it destined for China -- while imports were just US$1.705 billion.</p>
<p>Taiwan's exports to China grew to US$19.148 billion in 1996, while imports from the mainland were a mere US$3.06 billion.</p>
<p>Facing the combined import clout of Hong Kong and China, Taiwan has far more to lose in a trade showdown.</p>
<p>&quot;China will likely to do something to make Taiwan at least squirm a little bit, both economically and politically,&quot; said Eric Liu, analyst for National Securities. &quot;But nobody really knows exactly how far China will go.&quot;</p>
<p>Of the many question marks in the Taiwan-China ties, one of the most economically crucial and politically-laden involves shipping across the Taiwan Strait.</p>
<p>Under Taiwan's ban on direct contacts, all shipments still must pass through a &quot;third place&quot; -- chiefly Hong Kong.</p>
<p>China, which has regarded Taiwan as a renegade province since civil war split them in 1949, considers direct links a &quot;domestic&quot; matter, and may be tempted to use Hong Kong's handover to pressure Taiwan to end the 48-year-old ban.</p>
<p>For its part, Taiwan is reluctant to grant unrestricted contacts because of sovereignty concerns.</p>
<p>Instead of accepting true direct shipments across the strait, Taipei wants a transshipment scheme in which shipments may move between Taiwan and China, but cargoes from China remain outside of Taiwan customs for processing and onward shipment.</p>
<p>Despite recent signs of an imminent breakthrough, China has not consented to Taiwan's proposal.</p>
<p>Nor have the sides even negotiated on the continuation of current direct shipping links between Taiwan and Hong Kong -- a lapse that leaves Taiwan shippers and investors nervous.</p>
<p>POLITICAL GAMESMANSHIP</p>
<p>Nomura's Huang said she expected China to approve some form of direct links eventually -- but not before engaging Taiwan in some painful political gamesmanship.</p>
<p>&quot;China is delaying the links as a political gesture, saying to Taiwan that, 'You need me'. But eventually it is not in China's interest to make good on any threats,&quot; Huang said.</p>
<p>&quot;Beijing wants to make sure Hong Kong is satisfied politically and prosperous economically. Cutting off Taiwan is not conducive toward either end,&quot; she said.</p>
<p>Taipei, trying to protect the island against potential sanctions from China, has repeatedly called for caution and urged its businesses not to become over-dependent on mainland investments.</p>
<p>Taiwan underscored its resolve last week, vowing to ferret out and punish illegal projects in China as well as investments routed clandestinely into China through overseas interests.</p>
<p>Some analysts say the crackdown could backfire if Taiwan businessmen who are determined to make China investments move more and more of their financing offshore to escape Taiwan regulators' reach.</p>
</text>
<copyright>(c) Reuters Limited 1997</copyright>
<metadata>
<codes class="bip:countries:1.0">
  <code code="CHINA">
    <editdetail attribution="Reuters BIP Coding Group" action="confirmed" date="1997-03-23"/>
  </code>
  <code code="HKONG">
    <editdetail attribution="Reuters BIP Coding Group" action="confirmed" date="1997-03-23"/>
  </code>
  <code code="TAIWAN">
    <editdetail attribution="Reuters BIP Coding Group" action="confirmed" date="1997-03-23"/>
  </code>
</codes>
<codes class="bip:topics:1.0">
  <code code="GCAT">
    <editdetail attribution="Reuters BIP Coding Group" action="confirmed" date="1997-03-23"/>
  </code>
  <code code="GDIP">
    <editdetail attribution="Reuters BIP Coding Group" action="confirmed" date="1997-03-23"/>
  </code>
</codes>
<dc element="dc.date.created" value="1997-03-23"/>
<dc element="dc.publisher" value="Reuters Holdings Plc"/>
<dc element="dc.date.published" value="1997-03-23"/>
<dc element="dc.source" value="Reuters"/>
<dc element="dc.creator.location" value="TAIPEI"/>
<dc element="dc.creator.location.country.name" value="TAIWAN"/>
<dc element="dc.source" value="Reuters"/>
</metadata>
</newsitem>
