<?xml version="1.0" encoding="iso-8859-1" ?>
<newsitem itemid="462157" id="root" date="1997-03-23" xml:lang="en">
<title>CHINA: Shanghai 1997 water usage seen at record high.</title>
<headline>Shanghai 1997 water usage seen at record high.</headline>
<dateline>SHANGHAI 1997-03-23</dateline>
<text>
<p>Water consumption in Shanghai, China's biggest and fastest growing city, will reach a record 13 billion cubic metres (17 billion cubic yards) in 1997, up from 10.7 billion cubic metres (14 billion cubic yards) in 1990, the Liberation Daily said on Sunday.</p>
<p>Water usage in Shanghai has risen by an average of 2.9 percent a year since 1985, it said.</p>
<p>Industrial water usage had surged 30 percent year-on-year since 1985, while daily residential water usage was up 5.2 percent year-on-year, it said.</p>
<p>Water shortages have forced Shanghai to borrow water from neighbouring Jiangsu and Zhejiang provinces twice during the past five years, it said.</p>
<p>Water supply to China's rural areas falls short of need by 30 billion cubic metres (39 billion cubic yards) per year, and in the cities by six billion cubic metres (7.8 billion cubic yards), the Business News said.</p>
<p>It said that most of China's major water sources are severely polluted, but gave no further details.</p>
</text>
<copyright>(c) Reuters Limited 1997</copyright>
<metadata>
<codes class="bip:countries:1.0">
  <code code="CHINA">
    <editdetail attribution="Reuters BIP Coding Group" action="confirmed" date="1997-03-23"/>
  </code>
</codes>
<codes class="bip:industries:1.0">
  <code code="I17000">
    <editdetail attribution="Reuters BIP Coding Group" action="confirmed" date="1997-03-23"/>
  </code>
</codes>
<codes class="bip:topics:1.0">
  <code code="C31">
    <editdetail attribution="Reuters BIP Coding Group" action="confirmed" date="1997-03-23"/>
  </code>
  <code code="CCAT">
    <editdetail attribution="Reuters BIP Coding Group" action="confirmed" date="1997-03-23"/>
  </code>
</codes>
<dc element="dc.date.created" value="1997-03-23"/>
<dc element="dc.publisher" value="Reuters Holdings Plc"/>
<dc element="dc.date.published" value="1997-03-23"/>
<dc element="dc.source" value="Reuters"/>
<dc element="dc.creator.location" value="SHANGHAI"/>
<dc element="dc.creator.location.country.name" value="CHINA"/>
<dc element="dc.source" value="Reuters"/>
</metadata>
</newsitem>
