<?xml version="1.0" encoding="iso-8859-1" ?>
<newsitem itemid="462154" id="root" date="1997-03-23" xml:lang="en">
<title>HONG KONG: FUND VIEW-Asia stocks shudder at higher US rates.</title>
<headline>FUND VIEW-Asia stocks shudder at higher US rates.</headline>
<byline>Sarah Davison</byline>
<dateline>HONG KONG 1997-03-23</dateline>
<text>
<p>Asian stocks are in shock at the prospect of higher U.S. interest rates for the first time in more than two years, fund managers said.</p>
<p>&quot;The reality that suddenly, for the first time in nearly three years, interest rates are going up, has frightened people,&quot; said Richard Nicholas, managing director at Hambro Pacific Fund Management Ltd in Hong Kong.</p>
<p>Asian-dedicated funds are flowing out of Hong Kong and southeast Asian stocks into markets in India and Taiwan, both of which are less rate sensitive than the rest of the region.</p>
<p>Testimony by U.S. Federal Reserve Chairman Alan Greenspan on Thursday prompted widespread weakness in Asia, where many countries are tied to American monetary policy through currency links to the U.S. dollar.</p>
<p>Greenspan told Congress that the U.S. economy retains a &quot;great deal of vigour,&quot; and warned that an immediate shift in monetary policy would not affect inflationary pressures until &quot;late this year and in 1998.&quot;</p>
<p>Asian markets promptly slid across the board in anticipation of a 25-basis point rise in the federal funds rate to 5.50 percent at the March 25 meeting of the Federal Open Market Committee, the Fed's policy-making arm.</p>
<p>&quot;The markets are very jittery,&quot; said David Semple, regional strategist at Peregrine Asset Management in Hong Kong. &quot;Anything more than 25 will take the market by surprise. Anything less than 25 will take the market by surprise,&quot; he said.</p>
<p>However, most Asian market players were expecting further rate increases following next week's possible move.</p>
<p>&quot;If the Fed raises rates, it won't be a one-off. It'll be a series to 75 or 100 basis points depending on whether growth slows in response to the rate hikes or if inflation picks up,&quot; said Ophelia Tong, chief investment officer at National Mutual Funds Management in Hong Kong.</p>
<p>Hedge funds were reported to be active in Hong Kong, where index futures were rising to discount a combined rate increase of 75 basis points by December, Semple said.</p>
<p>&quot;I don't know whether that's fully incorporated into the cash markets yet,&quot; Semple said. &quot;My view is it's not. There is still potential downside purely on the U.S. interest rate story before you start to go into the bigger picture.&quot;</p>
<p>The bigger picture has darkened perceptibly, too.</p>
<p>Cheaper yen reduced borrowing costs for countries funding wide current accounts throughout Asia in 1996, a year marked by a slump in exports and declining economic growth.</p>
<p>Improvements in Asian current accounts deficits expected this year on the back of better exports will now be eroded by an increase in the cost of borrowing, Semple said.</p>
<p>&quot;That momentum of yen-weakening seems to be running out of steam. People in yen short-term know the game will be up soon and they've been piling into U.S. dollar assets,&quot; he said.</p>
<p>Fund managers are moving money into India and Taiwan to escape the worst of the damage in Asia, where Hong Kong's stock market could slide further following recent consolidation, and where most other markets are drifting weaker.</p>
<p>Taiwan's red-hot stock market restricts foreign access and is driven largely by local retail investors, but, &quot;India post-budget is worth a look,&quot; said Hambro Pacific's Nicholas.</p>
<p>&quot;We've moved out of Hong Kong and into India,&quot; another fund manager said.</p>
<p>-- Hong Kong Newsroom (852) 2843 6470</p>
</text>
<copyright>(c) Reuters Limited 1997</copyright>
<metadata>
<codes class="bip:countries:1.0">
  <code code="HKONG">
    <editdetail attribution="Reuters BIP Coding Group" action="confirmed" date="1997-03-23"/>
  </code>
</codes>
<codes class="bip:topics:1.0">
  <code code="E12">
    <editdetail attribution="Reuters BIP Coding Group" action="confirmed" date="1997-03-23"/>
  </code>
  <code code="ECAT">
    <editdetail attribution="Reuters BIP Coding Group" action="confirmed" date="1997-03-23"/>
  </code>
  <code code="M11">
    <editdetail attribution="Reuters BIP Coding Group" action="confirmed" date="1997-03-23"/>
  </code>
  <code code="MCAT">
    <editdetail attribution="Reuters BIP Coding Group" action="confirmed" date="1997-03-23"/>
  </code>
</codes>
<dc element="dc.date.created" value="1997-03-23"/>
<dc element="dc.publisher" value="Reuters Holdings Plc"/>
<dc element="dc.date.published" value="1997-03-23"/>
<dc element="dc.source" value="Reuters"/>
<dc element="dc.creator.location" value="HONG KONG"/>
<dc element="dc.creator.location.country.name" value="HONG KONG"/>
<dc element="dc.source" value="Reuters"/>
</metadata>
</newsitem>
