<?xml version="1.0" encoding="iso-8859-1" ?>
<newsitem itemid="462107" id="root" date="1997-03-23" xml:lang="en">
<title>JAPAN: RESEARCH ALERT-Woodland rated.</title>
<headline>RESEARCH ALERT-Woodland rated.</headline>
<dateline>TOKYO 1996-03-24</dateline>
<text>
<p>Nikko Research Center Ltd has assigned Woodland Corporation a &quot;1&quot; rating, Nikko brokers said on Monday.</p>
<p>In its three-grade rating system, the research institute assigns a &quot;1&quot; rating to issues whose values it expects will outperform the key 225-share Nikkei average by more than 10 percentage points over the following six months.</p>
</text>
<copyright>(c) Reuters Limited 1997</copyright>
<metadata>
<codes class="bip:countries:1.0">
  <code code="JAP">
    <editdetail attribution="Reuters BIP Coding Group" action="confirmed" date="1997-03-23"/>
  </code>
</codes>
<codes class="bip:topics:1.0">
  <code code="C15">
    <editdetail attribution="Reuters BIP Coding Group" action="confirmed" date="1997-03-23"/>
  </code>
  <code code="C152">
    <editdetail attribution="Reuters BIP Coding Group" action="confirmed" date="1997-03-23"/>
  </code>
  <code code="CCAT">
    <editdetail attribution="Reuters BIP Coding Group" action="confirmed" date="1997-03-23"/>
  </code>
</codes>
<dc element="dc.date.created" value="1996-03-24"/>
<dc element="dc.publisher" value="Reuters Holdings Plc"/>
<dc element="dc.date.published" value="1997-03-23"/>
<dc element="dc.source" value="Reuters"/>
<dc element="dc.creator.location" value="TOKYO"/>
<dc element="dc.creator.location.country.name" value="JAPAN"/>
<dc element="dc.source" value="Reuters"/>
</metadata>
</newsitem>
