<?xml version="1.0" encoding="iso-8859-1" ?>
<newsitem itemid="462160" id="root" date="1997-03-23" xml:lang="en">
<title>CHINA: China bus accident kills 25, injures 27.</title>
<headline>China bus accident kills 25, injures 27.</headline>
<dateline>BEIJING 1997-03-23</dateline>
<text>
<p>An overcrowded bus plunged off a mountain road and into a ravine in central China, killing 25 people and injuring 27, four critically, the Shaanxi Daily reported.</p>
<p>The accident involved a double-decker bus travelling to the Shaanxi provincial capital, Xian. It occurred on March 14, the newspaper said in its March 20 edition, available in Beijing on Sunday.</p>
<p>The bus was carrying 56 people even though it had a capacity of only 27 passengers, the newspaper said.</p>
<p>The accident, in which the bus plunged into a 36-metre (118-foot) ravine, was under investigation, it added.</p>
</text>
<copyright>(c) Reuters Limited 1997</copyright>
<metadata>
<codes class="bip:countries:1.0">
  <code code="CHINA">
    <editdetail attribution="Reuters BIP Coding Group" action="confirmed" date="1997-03-23"/>
  </code>
</codes>
<codes class="bip:topics:1.0">
  <code code="GCAT">
    <editdetail attribution="Reuters BIP Coding Group" action="confirmed" date="1997-03-23"/>
  </code>
  <code code="GDIS">
    <editdetail attribution="Reuters BIP Coding Group" action="confirmed" date="1997-03-23"/>
  </code>
</codes>
<dc element="dc.date.created" value="1997-03-23"/>
<dc element="dc.publisher" value="Reuters Holdings Plc"/>
<dc element="dc.date.published" value="1997-03-23"/>
<dc element="dc.source" value="Reuters"/>
<dc element="dc.creator.location" value="BEIJING"/>
<dc element="dc.creator.location.country.name" value="CHINA"/>
<dc element="dc.source" value="Reuters"/>
</metadata>
</newsitem>
