<?xml version="1.0" encoding="iso-8859-1" ?>
<newsitem itemid="462174" id="root" date="1997-03-23" xml:lang="en">
<title>OMAN: Oman freezes ties with Israel over settlements.</title>
<headline>Oman freezes ties with Israel over settlements.</headline>
<dateline>MUSCAT 1997-03-23</dateline>
<text>
<p>The Gulf Arab state of Oman said on Sunday it had frozen ties with Israel over the Jewish state's settlement policies, Oman's official news agency ONA reported.</p>
<p>It quoted Oman's Minister of State for Foreign Affairs Youssef bin Alawi bin Abdullah as saying Oman could not develop ties with the Israeli government &quot;as long as it continued to violate peace agreements&quot; signed with the Palestinians.</p>
<p>Speaking to ONA at a summit of the Organisation of Islamic Conference (OIC) in Islamabad, he described Omani ties with Israel as &quot;frozen&quot; in light of tensions in the Middle East.</p>
<p>Israeli-Palestinian tension has been high since right-wing Israeli Prime Minister Benjamin Netanyahu sent bulldozers last Tuesday to a hill between Jerusalem and Bethlehem to begin a new Jewish settlement in territory occupied by Israel.</p>
<p>A suicide bombing, claimed by the radical Moslem Hamas group, killed three Israeli women in Tel Aviv on Friday.</p>
<p>Oman and Qatar have forged ahead of other Gulf Arab states in establishing economic ties with Israel after the Jewish state signed a peace deal with the Palestine Liberation Organisation in 1993.</p>
<p>Muscat has in the past frozen commercial ties with Israel and called on it to adhere to previous commitments to the Palestinian leadership.</p>
</text>
<copyright>(c) Reuters Limited 1997</copyright>
<metadata>
<codes class="bip:countries:1.0">
  <code code="ISLAM">
    <editdetail attribution="Reuters BIP Coding Group" action="confirmed" date="1997-03-23"/>
  </code>
  <code code="ISRAEL">
    <editdetail attribution="Reuters BIP Coding Group" action="confirmed" date="1997-03-23"/>
  </code>
  <code code="OMAN">
    <editdetail attribution="Reuters BIP Coding Group" action="confirmed" date="1997-03-23"/>
  </code>
</codes>
<codes class="bip:topics:1.0">
  <code code="GCAT">
    <editdetail attribution="Reuters BIP Coding Group" action="confirmed" date="1997-03-23"/>
  </code>
  <code code="GDIP">
    <editdetail attribution="Reuters BIP Coding Group" action="confirmed" date="1997-03-23"/>
  </code>
</codes>
<dc element="dc.date.created" value="1997-03-23"/>
<dc element="dc.publisher" value="Reuters Holdings Plc"/>
<dc element="dc.date.published" value="1997-03-23"/>
<dc element="dc.source" value="Reuters"/>
<dc element="dc.creator.location" value="MUSCAT"/>
<dc element="dc.creator.location.country.name" value="OMAN"/>
<dc element="dc.source" value="Reuters"/>
</metadata>
</newsitem>
