<?xml version="1.0" encoding="iso-8859-1" ?>
<newsitem itemid="462132" id="root" date="1997-03-23" xml:lang="en">
<title>HONG KONG: HK activists mark countdown with street satire.</title>
<headline>HK activists mark countdown with street satire.</headline>
<dateline>HONG KONG 1997-03-23</dateline>
<text>
<p>A handful of human rights activists marked Hong Kong's 100-day countdown to Chinese rule with a street drama on Sunday voicing fears about the future after the handover on June 30.</p>
<p>About 30 people from the Hong Kong People's Alliance for Human Rights, staged a satire at a busy shopping mall in the tourist and shopping district of Tsimshatsui on the tip of the Kowloon peninsula, drawing a small crowd of curious onlookers.</p>
<p>&quot;Hong Kong people will be worried after July 1,&quot; organiser and spokeswoman Miranda Yip told reporters.</p>
<p>&quot;Other pro-China groups may celebrate the handover but meanwhile, we think livelihood issues, all the political issues are the main concerns of Hong Kong people,&quot; she said.</p>
<p>Hong Kong's vocal pro-democracy lobby fear China's plans to dilute civil liberties laws and dissolve the elected legislature mark the first step towards further snuffing out freedoms in Hong Kong, a British colony for more than 150 years.</p>
<p>More than 7,000 people took to the streets of Hong Kong island to celebrate the impending reunification with the motherland.</p>
<p>&quot;This is a grand and great occasion. In just 100 days, we will return to the Chinese motherland,&quot; said chief organiser Raymond Wu at the start of the rally which gathered in Victoria Park -- named after the British queen who reined when Britain, at the height of its imperial powers, seized Hong Kong from China's weak and crumbling Qing dynasty in the mid 19th century.</p>
<p>&quot;We welcome the washing away of over a century of humiliation and shame,&quot; Wu said to a burst of applause.</p>
</text>
<copyright>(c) Reuters Limited 1997</copyright>
<metadata>
<codes class="bip:countries:1.0">
  <code code="CHINA">
    <editdetail attribution="Reuters BIP Coding Group" action="confirmed" date="1997-03-23"/>
  </code>
  <code code="HKONG">
    <editdetail attribution="Reuters BIP Coding Group" action="confirmed" date="1997-03-23"/>
  </code>
</codes>
<codes class="bip:topics:1.0">
  <code code="GCAT">
    <editdetail attribution="Reuters BIP Coding Group" action="confirmed" date="1997-03-23"/>
  </code>
  <code code="GDIP">
    <editdetail attribution="Reuters BIP Coding Group" action="confirmed" date="1997-03-23"/>
  </code>
  <code code="GPOL">
    <editdetail attribution="Reuters BIP Coding Group" action="confirmed" date="1997-03-23"/>
  </code>
</codes>
<dc element="dc.date.created" value="1997-03-23"/>
<dc element="dc.publisher" value="Reuters Holdings Plc"/>
<dc element="dc.date.published" value="1997-03-23"/>
<dc element="dc.source" value="Reuters"/>
<dc element="dc.creator.location" value="HONG KONG"/>
<dc element="dc.creator.location.country.name" value="HONG KONG"/>
<dc element="dc.source" value="Reuters"/>
</metadata>
</newsitem>
