<?xml version="1.0" encoding="iso-8859-1" ?>
<newsitem itemid="462198" id="root" date="1997-03-23" xml:lang="en">
<title>ISRAEL: Israel says PLO links security to politics.</title>
<headline>Israel says PLO links security to politics.</headline>
<dateline>JERUSALEM 1997-03-23</dateline>
<text>
<p>Israel said on Sunday the Palestinian Authority was conditioning cooperation in fighting &quot;terror&quot; on a change in the political situation.</p>
<p>&quot;Today and for several days the security mechanisms of the Palestinians have not cooperated with the General Security Services -- the Shin Bet -- in what is connected to foiling terrorist actions and in practise they have conditioned that on a change in the political situation,&quot; Major General Moshe Yaalon, head of military intelligence, told a news conference.  </p>
<p>Yaalon again repeated the Israeli charge that Palestinian guerrilla groups had recently been given the impression they had a green light from the Palestinian Authority to commit attacks against Israel.</p>
<p>&quot;In light of the situation, we estimate that as long as Arafat does not cause the terrorist organisations to understand that there is no green light to commit attacks, we are expecting more attacks,&quot; he said.</p>
<p>An Islamist suicide bomber killed three Israeli women and wounded scores of other people at a Tel Aviv sidewalk cafe on Friday. Yaalon said Arafat's forces had yet to disarm militants and destroy their infrastructure.</p>
<p>The general said that in order for that to happen &quot;there is a need that they receive an order from Arafat himself. An order like that has still not been given&quot;.</p>
</text>
<copyright>(c) Reuters Limited 1997</copyright>
<metadata>
<codes class="bip:countries:1.0">
  <code code="ISRAEL">
    <editdetail attribution="Reuters BIP Coding Group" action="confirmed" date="1997-03-23"/>
  </code>
</codes>
<codes class="bip:topics:1.0">
  <code code="GCAT">
    <editdetail attribution="Reuters BIP Coding Group" action="confirmed" date="1997-03-23"/>
  </code>
  <code code="GPOL">
    <editdetail attribution="Reuters BIP Coding Group" action="confirmed" date="1997-03-23"/>
  </code>
</codes>
<dc element="dc.date.created" value="1997-03-23"/>
<dc element="dc.publisher" value="Reuters Holdings Plc"/>
<dc element="dc.date.published" value="1997-03-23"/>
<dc element="dc.source" value="Reuters"/>
<dc element="dc.creator.location" value="JERUSALEM"/>
<dc element="dc.creator.location.country.name" value="ISRAEL"/>
<dc element="dc.source" value="Reuters"/>
</metadata>
</newsitem>
