<?xml version="1.0" encoding="iso-8859-1" ?>
<newsitem itemid="462149" id="root" date="1997-03-23" xml:lang="en">
<title>HONG KONG: Thousands in HK rally to celebrate return to China.</title>
<headline>Thousands in HK rally to celebrate return to China.</headline>
<byline>Tan Ee Lyn</byline>
<dateline>HONG KONG 1997-03-23</dateline>
<text>
<p>Thousands of Hong Kong people took to the streets under rain-filled skies on Sunday to celebrate the 100-day countdown to the resumption of Chinese rule over the British colony at midnight on June 30.</p>
<p>The bad weather failed to dampen an outburst of nationalistic pride as dragons, lions and unicorns -- Chinese symbols of luck and joy -- pranced to the deafening clash of cymbals and drums.</p>
<p>More than 7,000 people of all ages from more than 100 pro-Beijing community organisations took part in the parade which wound through busy streets on Hong Kong island.</p>
<p>When Hong Kong, a British colony for more than 150 years, returns to China, it will become a Special Administrative Region (SAR) governed by its own Chief Executive and promised considerable autonomy in running its affairs.</p>
<p>&quot;This is a grand and great occasion. In just 100 days, we will return to the Chinese motherland,&quot; said chief organiser Raymond Wu at the start of the rally which gathered in Victoria Park -- named after the British queen who reigned when Britain seized Hong Kong from a weak China in the 19th century.</p>
<p>&quot;We welcome the washing away of over a century of humiliation and shame,&quot; Wu said to a burst of applause.</p>
<p>The present Queen's head is disappearing from the territory's coins and stamps. Victoria Park will be renamed Central Park after the handover.</p>
<p>Few of the merry-makers as much as glanced at the massive bronze statute of Victoria in the park as they left for a march through the streets.</p>
<p>Sporting red and white baseball caps and waving little red and gold flags of China interspersed with the red and white flags of the new Hong Kong SAR, the crowds marched through busy streets, laughing and urging bystanders to join in. Few did.</p>
<p>Not everyone was as joyful as those in the parade.</p>
<p>A handful of demonstrators, their mouths taped shut, took up position around the base of Victoria's statue and held up placards condemning China's military crackdown on student-led demonstrators around Beijing's Tiananmen Square in June, 1989.</p>
<p>&quot;People are bleeding, butchers are celebrating, shame on you,&quot; the black and white placards read.</p>
<p>But they failed to get much attention.</p>
<p>&quot;They are mad. This is a glorious occasion. The past has been a shame for Hong Kong. I cannot wait for the handover,&quot; a bystander, Wu, 65, told Reuters.</p>
</text>
<copyright>(c) Reuters Limited 1997</copyright>
<metadata>
<codes class="bip:countries:1.0">
  <code code="CHINA">
    <editdetail attribution="Reuters BIP Coding Group" action="confirmed" date="1997-03-23"/>
  </code>
  <code code="HKONG">
    <editdetail attribution="Reuters BIP Coding Group" action="confirmed" date="1997-03-23"/>
  </code>
</codes>
<codes class="bip:topics:1.0">
  <code code="GCAT">
    <editdetail attribution="Reuters BIP Coding Group" action="confirmed" date="1997-03-23"/>
  </code>
  <code code="GDIP">
    <editdetail attribution="Reuters BIP Coding Group" action="confirmed" date="1997-03-23"/>
  </code>
  <code code="GPOL">
    <editdetail attribution="Reuters BIP Coding Group" action="confirmed" date="1997-03-23"/>
  </code>
</codes>
<dc element="dc.date.created" value="1997-03-23"/>
<dc element="dc.publisher" value="Reuters Holdings Plc"/>
<dc element="dc.date.published" value="1997-03-23"/>
<dc element="dc.source" value="Reuters"/>
<dc element="dc.creator.location" value="HONG KONG"/>
<dc element="dc.creator.location.country.name" value="HONG KONG"/>
<dc element="dc.source" value="Reuters"/>
</metadata>
</newsitem>
