<?xml version="1.0" encoding="iso-8859-1" ?>
<newsitem itemid="462140" id="root" date="1997-03-23" xml:lang="en">
<title>CHINA: China first-half economic growth seen over 10 pct.</title>
<headline>China first-half economic growth seen over 10 pct.</headline>
<dateline>BEIJING 1997-03-23</dateline>
<text>
<p>China's economy is expected to grow by more than 10 percent during the first half of the year, the official Xinhua news agency said on Sunday.</p>
<p>It quoted a report from the Chinese Academy of Social Sciences as saying growth would reach 10.3 percent in the first quarter and 10.6 percent in the second.</p>
<p>The academy said growth would be led by the manufacturing sector, which would post 14.3 percent growth in the first quarter and a 13.7 percent expansion in the second quarter.</p>
<p>Premier Li Peng set a target of eight percent economic growth for all of this year in his government work report, though the State Statistical Bureau has forecast 1997 economic growth of 10.5 percent.</p>
<p>China's gross domestic product growth reached 9.7 percent in 1996.</p>
</text>
<copyright>(c) Reuters Limited 1997</copyright>
<metadata>
<codes class="bip:countries:1.0">
  <code code="CHINA">
    <editdetail attribution="Reuters BIP Coding Group" action="confirmed" date="1997-03-23"/>
  </code>
</codes>
<codes class="bip:topics:1.0">
  <code code="E11">
    <editdetail attribution="Reuters BIP Coding Group" action="confirmed" date="1997-03-23"/>
  </code>
  <code code="ECAT">
    <editdetail attribution="Reuters BIP Coding Group" action="confirmed" date="1997-03-23"/>
  </code>
</codes>
<dc element="dc.date.created" value="1997-03-23"/>
<dc element="dc.publisher" value="Reuters Holdings Plc"/>
<dc element="dc.date.published" value="1997-03-23"/>
<dc element="dc.source" value="Reuters"/>
<dc element="dc.creator.location" value="BEIJING"/>
<dc element="dc.creator.location.country.name" value="CHINA"/>
<dc element="dc.source" value="Reuters"/>
</metadata>
</newsitem>
