<?xml version="1.0" encoding="iso-8859-1" ?>
<newsitem itemid="462143" id="root" date="1997-03-23" xml:lang="en">
<title>CHINA: China trumpets 100-day mark for Hong Kong return.</title>
<headline>China trumpets 100-day mark for Hong Kong return.</headline>
<byline>William Kazer</byline>
<dateline>BEIJING 1997-03-23</dateline>
<text>
<p>China trumpeted the 100-day mark for the recovery of Hong Kong on Sunday and hailed late leader Deng Xiaoping for his guiding role in bringing more than a century of colonial shame to a close.</p>
<p>Hundreds of people gathered at midnight near Tiananmen Square in the heart of Beijing to watch a huge electronic countdown clock as it flashed only 100 days to go before the British colony reverts to Chinese rule on July 1.</p>
<p>Official newspapers covered their front pages with reports of the impending end of British colonial rule as called for under a Sino-British accord signed in 1984.</p>
<p>&quot;We have endured 100 years of shame, 100 years of resistance and 100 years of waiting,&quot; said the Guangming Daily.</p>
<p>&quot;Now in another 100 days, the hopes of generations will be realised.&quot;</p>
<p>The Communist Party newspaper, the People's Daily, devoted much of its front page to the historic occasion and the role played in it by the nation's paramount leader Deng Xiaoping, who died last month aged 92 before he could see his dream fulfilled.</p>
<p>Deng guided China's negotiations with Britain and is credited with devising the formula of &quot;one country, two systems&quot; that allows Hong Kong to keep its capitalist system and a &quot;high degree of autonomy&quot; for 50 years.</p>
<p>&quot;At this moment we think even more fondly of Deng Xiaoping,&quot; said the party newspaper.</p>
<p>&quot;It was he who proposed the great formula of 'one country, two systems' that allowed us to peacefully resolve a thorny question left over from history and realise the complete reunification of our country...&quot;</p>
<p>That praise was echoed by some of the hundreds of people who braved Beijing's chilly night air to watch the countdown clock mark the last 100 days before the transfer of power in Hong Kong.</p>
<p>&quot;This is Deng's contribution,&quot; said a retired office worker surnamed Chang. &quot;I am overjoyed.&quot;</p>
<p>A huge roar erupted from the crowd at midnight as students waved banners saying, &quot;China takes the road to strength&quot; and chanted &quot;Hong Kong comes home&quot;.</p>
<p>&quot;I'm thrilled,&quot; said An Na, a student at the Chemical Industry Institute. &quot;I wish I didn't have to wait 100 days.&quot;</p>
<p>China ceded Hong Kong island to Britain in 1842 under the Treaty of Nanjing following the Opium War, and Britain later added to its holdings in the area.</p>
<p>While China hailed the impending recovery of Hong Kong, it had barely a passing word for the British government that decided to hand back the colony peacefully rather than contest its claim to the territory.</p>
<p>The official media also had little to say about China's pledges of a &quot;high degree of autonomy&quot; under the joint accord, though it hinted at concerns in Hong Kong and elsewhere.</p>
<p>The Shenzhen Special Zone Daily, published in the border boom town of Shenzhen near Hong Kong, tried to reassure residents of Hong Kong about a report on the Chinese army garrison that will be stationed in the territory.</p>
<p>&quot;Don't worry, dear compatriots,&quot; it advised its readers, without saying what they might have to worry about.</p>
<p>The People's Daily similarly sought to deflect concerns.</p>
<p>&quot;More and more people are coming to the belief that the Chinese government is reliable and capable and will faithfully carry out its promises,&quot; it said.</p>
</text>
<copyright>(c) Reuters Limited 1997</copyright>
<metadata>
<codes class="bip:countries:1.0">
  <code code="CHINA">
    <editdetail attribution="Reuters BIP Coding Group" action="confirmed" date="1997-03-23"/>
  </code>
  <code code="HKONG">
    <editdetail attribution="Reuters BIP Coding Group" action="confirmed" date="1997-03-23"/>
  </code>
  <code code="UK">
    <editdetail attribution="Reuters BIP Coding Group" action="confirmed" date="1997-03-23"/>
  </code>
</codes>
<codes class="bip:topics:1.0">
  <code code="GCAT">
    <editdetail attribution="Reuters BIP Coding Group" action="confirmed" date="1997-03-23"/>
  </code>
  <code code="GDIP">
    <editdetail attribution="Reuters BIP Coding Group" action="confirmed" date="1997-03-23"/>
  </code>
  <code code="GPOL">
    <editdetail attribution="Reuters BIP Coding Group" action="confirmed" date="1997-03-23"/>
  </code>
</codes>
<dc element="dc.date.created" value="1997-03-23"/>
<dc element="dc.publisher" value="Reuters Holdings Plc"/>
<dc element="dc.date.published" value="1997-03-23"/>
<dc element="dc.source" value="Reuters"/>
<dc element="dc.creator.location" value="BEIJING"/>
<dc element="dc.creator.location.country.name" value="CHINA"/>
<dc element="dc.source" value="Reuters"/>
</metadata>
</newsitem>
