<?xml version="1.0" encoding="iso-8859-1" ?>
<newsitem itemid="462123" id="root" date="1997-03-23" xml:lang="en">
<title>JAPAN: Japan PM cautious about bigger G7 role for Russia.</title>
<headline>Japan PM cautious about bigger G7 role for Russia.</headline>
<dateline>TOKYO 1997-03-23</dateline>
<text>
<p>Japanese Prime Minister Ryutaro Hashimoto reacted cautiously on Sunday to a U.S.-Russian agreement in Helsinki to give Russia an expanded role at the annual Group of Seven summit meetings.</p>
<p>&quot;We still think that the original Seven should tackle economic issues such as development and global financial problems,&quot; Hashimoto told reporters.</p>
<p>But he said Japan supported Russia's participation in G7 discussion of political matters, such as terrorism and the environment.</p>
<p>Hashimoto said he reminded U.S. President Bill Clinton in a telephone conversation on Friday that Japan's dispute with Moscow over Russian-held islands had yet to be resolved.</p>
<p>The row over the islands, seized by Soviet troops in the last days of World War Two, has prevented Japan and Russia from signing a peace treaty.</p>
<p>In Helsinki last Friday, Clinton said he agreed with Russian President Boris Yeltsin to give Russia a larger role in the group's Denver Summit, which would be called the &quot;Summit of the Eight.&quot;</p>
<p>Deputy U.S. Treasury Secrtary Lawrence Summers told reporters in Helsinki after the Clinton-Yeltsin meeting that the communique to be issued after the Denver Summit will come from the Eight including Russia but core economic issues will be discussed by the original Seven.</p>
<p>Leaders of the United States, Germany, Japan, France, Italy, Canada and Britain plus Russia will hold their annual summit in Denver, Colorado in June.</p>
</text>
<copyright>(c) Reuters Limited 1997</copyright>
<metadata>
<codes class="bip:countries:1.0">
  <code code="FIN">
    <editdetail attribution="Reuters BIP Coding Group" action="confirmed" date="1997-03-23"/>
  </code>
  <code code="GSEVEN">
    <editdetail attribution="Reuters BIP Coding Group" action="confirmed" date="1997-03-23"/>
  </code>
  <code code="JAP">
    <editdetail attribution="Reuters BIP Coding Group" action="confirmed" date="1997-03-23"/>
  </code>
  <code code="RUSS">
    <editdetail attribution="Reuters BIP Coding Group" action="confirmed" date="1997-03-23"/>
  </code>
</codes>
<codes class="bip:topics:1.0">
  <code code="GCAT">
    <editdetail attribution="Reuters BIP Coding Group" action="confirmed" date="1997-03-23"/>
  </code>
  <code code="GDIP">
    <editdetail attribution="Reuters BIP Coding Group" action="confirmed" date="1997-03-23"/>
  </code>
</codes>
<dc element="dc.date.created" value="1997-03-23"/>
<dc element="dc.publisher" value="Reuters Holdings Plc"/>
<dc element="dc.date.published" value="1997-03-23"/>
<dc element="dc.source" value="Reuters"/>
<dc element="dc.creator.location" value="TOKYO"/>
<dc element="dc.creator.location.country.name" value="JAPAN"/>
<dc element="dc.source" value="Reuters"/>
</metadata>
</newsitem>
