<?xml version="1.0" encoding="iso-8859-1" ?>
<newsitem itemid="462116" id="root" date="1997-03-23" xml:lang="en">
<title>PHILIPPINES: PH-ADR Philippine stocks traded abroad.</title>
<headline>PH-ADR Philippine stocks traded abroad.</headline>
<dateline>MANILA 1996-03-24</dateline>
<text>
<p>Closing prices of Philippine stocks traded on Wall Street on Friday:</p>
<p> Company   Close	 Net Change  High     Low	 Volume</p>
<p> PLDT	US$59 1/8   +1 1/4	59 1/8   58	  105500</p>
<p> Benguet   US$0 14/32  +0 2/32     0 14/32  0 12/32     2100</p>
<p> 1st Phil  US$16 1/8   +0 1/8	16 1/8   16	    3300</p>
</text>
<copyright>(c) Reuters Limited 1997</copyright>
<metadata>
<codes class="bip:countries:1.0">
  <code code="PHLNS">
    <editdetail attribution="Reuters BIP Coding Group" action="confirmed" date="1997-03-23"/>
  </code>
</codes>
<codes class="bip:topics:1.0">
  <code code="M11">
    <editdetail attribution="Reuters BIP Coding Group" action="confirmed" date="1997-03-23"/>
  </code>
  <code code="MCAT">
    <editdetail attribution="Reuters BIP Coding Group" action="confirmed" date="1997-03-23"/>
  </code>
</codes>
<dc element="dc.date.created" value="1996-03-24"/>
<dc element="dc.publisher" value="Reuters Holdings Plc"/>
<dc element="dc.date.published" value="1997-03-23"/>
<dc element="dc.source" value="Reuters"/>
<dc element="dc.creator.location" value="MANILA"/>
<dc element="dc.creator.location.country.name" value="PHILIPPINES"/>
<dc element="dc.source" value="Reuters"/>
</metadata>
</newsitem>
