<?xml version="1.0" encoding="iso-8859-1" ?>
<newsitem itemid="462146" id="root" date="1997-03-23" xml:lang="en">
<title>HONG KONG: Business as usual as HK ponders 100-day countdown.</title>
<headline>Business as usual as HK ponders 100-day countdown.</headline>
<byline>Tan Ee Lyn</byline>
<dateline>HONG KONG 1997-03-23</dateline>
<text>
<p>Ominous gray clouds scudded over Hong Kong on Sunday as the British colony marked the 100-day countdown to the handover, but there were few physical signs of gloom and doom in the wealthy community of six million.</p>
<p>More than 7,000 Hong Kong people took to the streets to the din of cymbols and kettle drums in a patriotic fervour to celebrate the impending reunion with China at midnight on June 30, 1997.</p>
<p>A stone's throw away, thousands more, most of them westerners and swelled by an influx of visitors, indulged in the ritualistic orgy that has built up around the annual international Rugby seven-a-side tournament.</p>
<p>The tournament was honoured this year, the last under British rule, when Rugby Authorities made it into the world cup event.</p>
<p>The 28th and last British governor, Chris Patten, described Hong Kong as running as smoothly as a Rolls Royce limousine -- but warned China against tinkering with the finely tuned machinery that is the Hong Kong of 1997.</p>
<p>But for the majority of Hong Kong's hardworking citizenry, it was a normal Sunday. A chance for a lie-in, a family gathering at a restaurant -- a day off from work.</p>
<p>With just 100 days to go, Hong Kong is awash in a sea of differing emotions.</p>
<p>Some, like the street revellers, are delighted that more than 150 years of Chinese humiliation is about to end.</p>
<p>&quot;This is a grand and great occasion. In just 100 days, we will return to the Chinese motherland,&quot; said chief organiser Raymond Wu as the revellers gathered in Victoria Park -- named after the queen who reigned when Britain, at the height of its imperial powers, wrested Hong Kong from China's weak and crumbling Qing dynasty in the mid-19th century.</p>
<p>&quot;We welcome the washing away of over a century of humiliation and shame,&quot; Wu said to a burst of applause.</p>
<p>Others fret, particularly the pro-democracy camp, about their future under a China that has already put in place plans to dilute civil liberties and dissolve the elected legislative council -- undoing democratic reforms spearheaded by Patten.</p>
<p>A handful of demonstrators, their mouths taped shut in what they said was a symbol of things to come, took up position around the base of Queen Victoria's statue and held up placards condemning China's brutal military crackdown on student-led demonstrators around Beijing's Tiananmen Square in June 1989.</p>
<p>Many people are simply keeping their fingers crossed.</p>
<p>But Hong Kong, as it enters the last leg of its drawn out transition from British colony to Special Administrative Region (SAR) of China, has defied those who forecast a society in chaos, of panic, economic collapse and deserted buildings.</p>
<p>Patten said Hong Kong had reached this moment in its history in first class condition.</p>
<p>He cited a poll conducted earlier this month by the 1997 Transition Project at Hong Kong's Baptist University that found that 90 percent of the people here were happy with life.</p>
<p>Patten said the views that Hong Kong would quickly adjust to the rolling back of freedoms or of more authoritarian government were dubious.</p>
<p>&quot;Hong Kong is, as I said recently, a smoothly functioning community. It's like a Rolls Royce,&quot; Patten said.</p>
<p>&quot;All you need to do if you're in charge is to slip into the driving seat, switch on the ignition and away you go.</p>
<p>&quot;I don't quite see the point of lifting the bonnet to tinker with the engine. That only raises worries about whether it will work so well, and whether you may be persuaded by some people to start stripping it down for spare parts.&quot;</p>
</text>
<copyright>(c) Reuters Limited 1997</copyright>
<metadata>
<codes class="bip:countries:1.0">
  <code code="CHINA">
    <editdetail attribution="Reuters BIP Coding Group" action="confirmed" date="1997-03-23"/>
  </code>
  <code code="HKONG">
    <editdetail attribution="Reuters BIP Coding Group" action="confirmed" date="1997-03-23"/>
  </code>
</codes>
<codes class="bip:topics:1.0">
  <code code="GCAT">
    <editdetail attribution="Reuters BIP Coding Group" action="confirmed" date="1997-03-23"/>
  </code>
  <code code="GDIP">
    <editdetail attribution="Reuters BIP Coding Group" action="confirmed" date="1997-03-23"/>
  </code>
  <code code="GPOL">
    <editdetail attribution="Reuters BIP Coding Group" action="confirmed" date="1997-03-23"/>
  </code>
</codes>
<dc element="dc.date.created" value="1997-03-23"/>
<dc element="dc.publisher" value="Reuters Holdings Plc"/>
<dc element="dc.date.published" value="1997-03-23"/>
<dc element="dc.source" value="Reuters"/>
<dc element="dc.creator.location" value="HONG KONG"/>
<dc element="dc.creator.location.country.name" value="HONG KONG"/>
<dc element="dc.source" value="Reuters"/>
</metadata>
</newsitem>
