<?xml version="1.0" encoding="iso-8859-1" ?>
<newsitem itemid="462180" id="root" date="1997-03-23" xml:lang="en">
<title>ISRAEL: Israel may limit peace talks, tightens security.</title>
<headline>Israel may limit peace talks, tightens security.</headline>
<byline>Colleen Siegel</byline>
<dateline>JERUSALEM 1997-03-23</dateline>
<text>
<p>Israel tightened security around its cities on Sunday and said it could suspend peace talks with the Palestinians following an Islamist suicide bombing and threats of more to come.</p>
<p>An Israeli government official said political talks might be stopped while liaison on security matters continued.</p>
<p>Underscoring tensions, Israeli security forces shot and wounded two Palestinians at a roadblock near Jerusalem and fired teargas to disperse Arab protesters who hurled five petrol bombs at them near the West Bank town of Hebron, witnesses said.</p>
<p>Three Palestinians were treated for teargas inhalation.</p>
<p>Security forces threw up protective rings around Israeli cities which went ahead with carnivals for the Purim holiday marking the rescue of Jews from genocide in ancient Persia.</p>
<p>Police with dogs stood at every intersection along Tel Aviv's fashionable Dizengoff street, closed to traffic for the Purim holiday which has been marred by tragedies etched in Israeli minds over the last few years.</p>
<p>A caller to Israeli police claimed responsibility in the name of the militant group Hamas for the killing of three Israeli women in Friday's bombing of a Tel Aviv cafe.</p>
<p>Hamas threatened to launch further attacks if Israel went on building a Jewish settlement begun last week in Arab East Jerusalem at Jabal Abu Ghneim, known as Har Homa in Israel.</p>
<p>But Prime Minister Benjamin Netanyahu vowed to keep building and summoned his inner security cabinet to a meeting on Sunday after accusing Yasser Arafat's Palestinian Authority of having given Hamas the green light for the suicide bombing.</p>
<p>Netanyahu's communications chief David Bar-Illan said the cabinet ministers would meet to decide how to proceed in talks with Arafat's Palestinian Authority -- &quot;if at all&quot;.</p>
<p>&quot;There may be a suspension of at least any kind of political negotiations and a decision to concentrate only on security matters until we see some kind of cooperation from the Palestinians,&quot; Bar-Illan told Reuters.</p>
<p>Trade and Industry Minister Natan Sharansky said peace talks should be suspended.</p>
<p>&quot;We had information that Arafat gave a green light for violence. We have to stop all negotiations and demand that he take steps,&quot; Sharansky told Israel's army radio.</p>
<p>Netanyahu, leader of the right-wing Likud party, was elected 10 months ago on a promise to pursue both peace and security. Now his peace talks are in crisis and the suicide bombers he vowed to repel have come back.</p>
<p>&quot;Unless there is security, he will not proceed with the negotiations on political issues. That's it,&quot; Bar-Illan said.</p>
<p>Palestinians, shrugging off Bar Illan's threat, said negotiations were already at a deadlock anyway and blamed the lack of security on Netanyahu's groundbreaking last week for the Jewish settlement at Jabal Abu Ghneim, or Har Homa.</p>
<p>Palestinian Authority Preventive Security chief Jibril Rajoub said after meeting Israeli Internal Security Minister Avigdor Kahalani in Jerusalem the choice was Israel's.</p>
<p>&quot;The situation deteriorated after the attempt at (building) a settlement on Har Homa, something nobody needed. The government of Israel has to decide if it really wants peace and security or if it wants settlements,&quot; Jibril told army radio.</p>
<p>Both Jibril and Kahalani described their meeting, scheduled before the bombing, as good. Kahalani's office said a hotline was established between the two officials.</p>
<p>&quot;We reached the conclusion that together we have to do everything so that there are no extremists who will destroy the peace process,&quot; Kahalani told reporters. Rajoub vowed the Palestinians would &quot;take all necesssary steps&quot;.</p>
<p>Netanyahu had accused Arafat of tacitly encouraging Hamas to strike against Israel by freeing Hamas militants arrested last year after suicide bombers killed 59 people in Israel.</p>
<p>A leader of Hamas military wing, Ibrahim al-Makadmeh, previously reported under Palestinian Authority arrest, is still at large, Palestinian Attorney General Khaled al-Qidra said.</p>
<p>Makadmeh was freed from prison by Arafat earlier this month.</p>
</text>
<copyright>(c) Reuters Limited 1997</copyright>
<metadata>
<codes class="bip:countries:1.0">
  <code code="ISRAEL">
    <editdetail attribution="Reuters BIP Coding Group" action="confirmed" date="1997-03-23"/>
  </code>
</codes>
<codes class="bip:topics:1.0">
  <code code="GCAT">
    <editdetail attribution="Reuters BIP Coding Group" action="confirmed" date="1997-03-23"/>
  </code>
  <code code="GPOL">
    <editdetail attribution="Reuters BIP Coding Group" action="confirmed" date="1997-03-23"/>
  </code>
  <code code="GVIO">
    <editdetail attribution="Reuters BIP Coding Group" action="confirmed" date="1997-03-23"/>
  </code>
</codes>
<dc element="dc.date.created" value="1997-03-23"/>
<dc element="dc.publisher" value="Reuters Holdings Plc"/>
<dc element="dc.date.published" value="1997-03-23"/>
<dc element="dc.source" value="Reuters"/>
<dc element="dc.creator.location" value="JERUSALEM"/>
<dc element="dc.creator.location.country.name" value="ISRAEL"/>
<dc element="dc.source" value="Reuters"/>
</metadata>
</newsitem>
