<?xml version="1.0" encoding="iso-8859-1" ?>
<newsitem itemid="462105" id="root" date="1997-03-23" xml:lang="en">
<title>CHINA: China to open bidding on $120 mln water plant.</title>
<headline>China to open bidding on $120 mln water plant.</headline>
<dateline>BEIJING 1997-03-22</dateline>
<text>
<p>China will open its first build-operate-transfer (BOT) water project to bidding by foreign contractors in April or May, the China Daily said on Saturday.</p>
<p>The project to build a fourth phase of a plant in Chengdu in southwestern Sichuan province would cost about one billion yuan ($120 million), the newspaper quoted Zhou Jiang, general manager of Bridge of Trust Infrastructure Investment Consulting Co, as saying.</p>
<p>Chengdu, which was facing an urgent tap water shortfall of 200-300,000 tonnes a day, would buy a set amount of water from the plant but the exact amount had yet to be fixed, said Zhou, whose company is handling the bidding.</p>
<p>The water project would take about two and a half years to complete, Zhou said.</p>
<p>&quot;Investors may be more enthusiastic to invest in power generating projects than in water plants, but the latter require less funding and shorter periods of construction,&quot; the newspaper quoted Zhou as saying.</p>
<p>A formal contract with a French consortium for a BOT power plant in the southern region of Guangxi would be signed in May when French President Jacques Chirac is to visit Beijing, Zhou said.  </p>
<p>France's state-owned Electricite de France and GEC-Alsthom NV signed a draft contract last November for the $590 million Laibin B coal-fired power station.</p>
<p>Bidding documents for a power plant in Changsha in central Hunan province would be issued in one or two months, Zhou said but did not elaborate.</p>
<p>Two other BOT projects -- a bridge over the Yangtze River in Wuhan and an 80-km highway linking Yangjiang and Dianbai in Guangdong province -- were awaiting final approval by the State Council, or cabinet, Zhou said but gave no further details.  </p>
<p>($1 = 8.3 yuan)</p>
<p>-- Beijing Newsroom (8610) 6532-1921</p>
</text>
<copyright>(c) Reuters Limited 1997</copyright>
<metadata>
<codes class="bip:countries:1.0">
  <code code="CHINA">
    <editdetail attribution="Reuters BIP Coding Group" action="confirmed" date="1997-03-23"/>
  </code>
</codes>
<codes class="bip:industries:1.0">
  <code code="I17000">
    <editdetail attribution="Reuters BIP Coding Group" action="confirmed" date="1997-03-23"/>
  </code>
  <code code="I50200">
    <editdetail attribution="Reuters BIP Coding Group" action="confirmed" date="1997-03-23"/>
  </code>
</codes>
<codes class="bip:topics:1.0">
  <code code="C13">
    <editdetail attribution="Reuters BIP Coding Group" action="confirmed" date="1997-03-23"/>
  </code>
  <code code="C24">
    <editdetail attribution="Reuters BIP Coding Group" action="confirmed" date="1997-03-23"/>
  </code>
  <code code="CCAT">
    <editdetail attribution="Reuters BIP Coding Group" action="confirmed" date="1997-03-23"/>
  </code>
</codes>
<dc element="dc.date.created" value="1997-03-22"/>
<dc element="dc.publisher" value="Reuters Holdings Plc"/>
<dc element="dc.date.published" value="1997-03-23"/>
<dc element="dc.source" value="Reuters"/>
<dc element="dc.creator.location" value="BEIJING"/>
<dc element="dc.creator.location.country.name" value="CHINA"/>
<dc element="dc.source" value="Reuters"/>
</metadata>
</newsitem>
