<?xml version="1.0" encoding="iso-8859-1" ?>
<newsitem itemid="462184" id="root" date="1997-03-23" xml:lang="en">
<title>EGYPT: INDICATORS - Egypt - updated March 23.</title>
<headline>INDICATORS - Egypt - updated March 23.</headline>
<text>
<p>---INTEREST RATES---</p>
<p>					Latest   Date  Pvs Rate  Mth ago</p>
<p>91-day treasury bill yield     9.865   20/3    9.946    9.999</p>
<p>182-day treasury bill yield    9.921   18/3    9.925    9.999</p>
<p>Central Bank discount rate    12.75     6/3   13.00    13.00</p>
<p>Av o/nite interbank (private)  8 3/4   20/3    9 1/2    9 7/8</p>
<p>Onite interbank (public)	10 1/2   20/3   10 1/2   10 1/2</p>
<p>			     ---MONTHLY DATA--</p>
<p>				     Month	    Pvs Mth	 Yr ago</p>
<p>CPI (yr-on-yr) (pct)	Jan	5.7	  5.4	     7.1</p>
<p>Oil prod (bpd x 1000)     Feb	845	  845	     879</p>
<p>Suez Cnl ($million)	     Dec     158.2	157.1	   164.0</p>
<p>Tourism (x 1000 visitors) Dec	368	  318	     245</p>
<p>Money supply growth (pct) Nov    +10.5	+10.3	   +10.4</p>
<p>Trade deficit (LE million)    Oct    2,738	2,102	   2,933</p>
<p>			    ---QUARTERLY DATA---</p>
<p>				    Q1 96-97    Pvs quarter     Yr ago</p>
<p>Trade balance     (LE million)  -7,773.0     -8,012.6	 -7,667.9</p>
<p> Imports	    (LE million)  10,828.8     11,001.9	 10,293.5</p>
<p> Exports	    (LE million)   3,055.8	2,989.3	  2,625.6</p>
<p>   Oil		(LE million)   1,557.6	1,075.4	  1,005.4</p>
<p>   Non-oil	  (LE million)   1,498.2	1,913.8	  1,620.2</p>
<p>				    Q4 95-96    Pvs quarter     Yr ago</p>
<p>M1 growth (year-on-year)    10.8 pct     11.3 pct	 12.0 pct</p>
<p>M2 growth (year-on-year)    10.5 pct     10.2 pct	 11.1 pct</p>
<p>Trade balance	 ($million)  -2,393.2     -2.122.0	 -2,172.3</p>
<p> Imports		($million)   3,706.1	3,308.8	  3,374.1</p>
<p> Exports		($million)   1,312.9	1,186.8	  1,202.1</p>
<p>   Oil		  ($million)     642.5	  551.6	    591.1</p>
<p>   Non-oil	    ($million)     670.4	  635.2	    611.0</p>
<p>Services balance    ($million)  +1,491.6     +1,331.5	 +1,243.9</p>
<p>Transfers balance   ($million)    +890.5	 +845.5	 +1,015.0</p>
<p>C/A BALANCE	   ($million)     -11.1	  +55.0	    +86.3</p>
<p>Capital operations  ($million)    +171.9	 +440.9	   +230.7</p>
<p>Errors/omissions    ($million)     +46.8	 -302.9	   -395.0</p>
<p>BALANCE OF PAYMENTS ($million)    +207.6	 +193.2	    -78.0</p>
<p>				---ANNUAL DATA---</p>
<p>				 Year		Pvs year    Two yrs prv</p>
<p>GDP Growth (% change)   1996-7    5.7	  4.9	     4.7</p>
<p>Unemployment (%)	  1995-6    9.4	  9.6	     9.4</p>
<p>LE/$ RATE		   end-96   3.398	3.393	   3.392</p>
<p>Gvt Dfct (LE million)	 1995-6   2,850	2,689	   3,697</p>
<p> (all in $million)	     1995/6	  1994/5	 1993/4</p>
<p>Trade balance		-9,234	  -7,853     -7,309.8</p>
<p>Imports			13,827	  12,810     10,647.1</p>
<p>Exports			 4,593	   4,957	3,337.3</p>
<p>  Oil			   2,226	   2,176	1,772.1</p>
<p>  Non-oil		     2,367	   2,781	1,565.2</p>
<p>Services balance	   +5,377	  +4,042     +3,455.2</p>
<p>Transfers balance	  +3,732	  +4,198     +4,046.0</p>
<p>C/A BALANCE		    -125	    +387	  191.4</p>
<p>Capital operations	   +813	    +430     +2,510.9</p>
<p>Errors/omissions	     -111	     -63	 -596.1</p>
<p>BALANCE OF PAYMENTS	  +577	    +754     +2,106.2</p>
<p>Notes:</p>
<p>1. GDP growth, balance of payments, current account and government budget deficit figures are all based on fiscal years, which start on July 1.</p>
<p>2. Unemployment figures are from the Central Bank. Unofficial sources say they are underestimates.</p>
<p>3. M1 is shorthand for cash in circulation plus current account deposits in Egyptian pounds, M2 is M1 plus time deposits plus foreign exchange deposits, both current and time.</p>
<p>-- Cairo reporting unit +20 2 578 3290/1</p>
</text>
<copyright>(c) Reuters Limited 1997</copyright>
<metadata>
<codes class="bip:countries:1.0">
  <code code="EGYPT">
    <editdetail attribution="Reuters BIP Coding Group" action="confirmed" date="1997-03-23"/>
  </code>
</codes>
<codes class="bip:topics:1.0">
  <code code="E71">
    <editdetail attribution="Reuters BIP Coding Group" action="confirmed" date="1997-03-23"/>
  </code>
  <code code="ECAT">
    <editdetail attribution="Reuters BIP Coding Group" action="confirmed" date="1997-03-23"/>
  </code>
</codes>
<dc element="dc.publisher" value="Reuters Holdings Plc"/>
<dc element="dc.date.published" value="1997-03-23"/>
<dc element="dc.source" value="Reuters"/>
<dc element="dc.creator.location.country.name" value="EGYPT"/>
<dc element="dc.source" value="Reuters"/>
</metadata>
</newsitem>
