<?xml version="1.0" encoding="iso-8859-1" ?>
<newsitem itemid="462175" id="root" date="1997-03-23" xml:lang="en">
<title>ISRAEL: Israel backs away from severing PLO talks.</title>
<headline>Israel backs away from severing PLO talks.</headline>
<byline>Colleen Siegel</byline>
<dateline>JERUSALEM 1997-03-23</dateline>
<text>
<p>Israel backed away from severing negotiations with the PLO on Sunday while accusing it of fomenting unrest alongside sanctioning guerrilla attacks.</p>
<p>Prime Minister Benjamin Netanyahu said he would not suspend peace talks with the Palestinian Authority over a Moslem suicide bomb attack that killed three women in Tel Aviv on Friday.</p>
<p>&quot;Well, I'm not suspending talks because our people are meeting with their people but the first item on the agenda is the fulfillment of the Palestinian obligation to fight terrorism. They have to start complying with that or else we can't move,&quot; Netanyahu told CNN cable television.</p>
<p>Netanyahu was responding to one of his interviewers who asked him if he would, as one of his aides had hinted earlier in the day, halt political talks.</p>
<p>Palestinian Authority negotiator Saeb Erekat rejected Netanyahu's criticism, telling CNN the Authority had fought extremists in its society but Netanyahu's beginning a new settlement and other actions had encouraged militants.</p>
<p>&quot;I think if there is one person would would look in the mirror tonight and see the blood...if Mr Netanyahu would look in the mirror, he will see the real responsibility,&quot; Erekat said.</p>
<p>The Israeli prime minister appeared after meeting for several hours with key government ministers on a reaction to the bombing, which a caller to Israeli police claimed was the responsibility of the militant group Hamas.</p>
<p>A statement released after the meeting said: &quot;The government of Israel demands from the Palestinian Authority that it uphold its commitments to fight terror and violence, as a necessary step, to furthering the political process.&quot;</p>
<p>It demanded, but did not specifically make a condition, that the Authority increase security cooperation; prevent incitement against Israel; fight guerrilla organisations including their infrastructures; arrest, try and punish &quot;terrorists&quot;; deal with Israel's extradition requests; and confiscate illegal weapons.</p>
<p>U.S. Secretary of State Madeleine Albright, asked on a CBS network programme &quot;Face the Nation&quot; if Arafat had given a &quot;green light&quot; for violence, said: &quot;There is clearly perception of the green light but no concrete evidence.&quot;</p>
<p>Albright said Arafat had to do more to stop violence.</p>
<p>&quot;There have been efforts on his part, 100 percent efforts, to stop the violence and the terrorism, but the result has not been 100 percent,&quot; she said. &quot;He has condemned the violent acts, but there needs to be some improvement.&quot;</p>
<p>Israel's military intelligence chief Major General Moshe Yaalon said at a news conference that the Authority was conditioning cooperation in fighting &quot;terror&quot; on a change in the political situation.</p>
<p>Israeli army chief of staff, Lieutenant General Amnon Shahak, joined Yaalon in saying that clashes between Israeli soldiers and Palestinian protesters at the weekend near Palestinian-ruled enclaves could have been stopped sooner by the Authority and had been encouraged by some of its officials.</p>
<p>&quot;The clashes between the mob and our soldiers were led according to our information by the Fatah organisation...as far as we know encouraged by Jibril Rajoub himself and his apparatus,&quot; Yaalon said. Fatah is the mainstream PLO faction.</p>
<p>Asked to explain how Palestinian Preventive Security head Rajoub had a cordial meeting with Israeli Internal Security Minister Avigdor Kahalani on Sunday after encouraging riots, Shahak said: &quot;Confusion is part of the process.&quot;</p>
<p>Shahak, asked if to defend itself Israel might retake West Bank cities it has handed to the Palestinians since signing a 1993 framework peace deal, said:</p>
<p>&quot;I believe that all hope that this is not an option unless it will be necessary and I hope it will never be necessary.&quot;</p>
<p>Yaalon again repeated a charge, denied by the Authority, that Palestinian guerrilla groups had been given the impression they had a green light from the Palestinian Authority to commit attacks against Israel.</p>
<p>&quot;In light of the situation, we estimate that as long as Arafat does not cause the terrorist organisations to understand that there is no green light to commit attacks, we are expecting more attacks,&quot; he said.</p>
<p>Hamas threatened to launch further attacks if Israel went on building a Jewish settlement begun last week in Arab East Jerusalem at Jabal Abu Ghneim, known as Har Homa in Israel.</p>
<p>The Israeli army said that it had arrested 37 Palestinians in the West Bank in sweeps spurred by the Tel Aviv bombing.</p>
<p>On Sunday Israeli security forces shot and wounded two Palestinians at a roadblock near Jerusalem and fired teargas to disperse Arab protesters who hurled five petrol bombs at them near the West Bank town of Hebron, witnesses said.</p>
</text>
<copyright>(c) Reuters Limited 1997</copyright>
<metadata>
<codes class="bip:countries:1.0">
  <code code="ISRAEL">
    <editdetail attribution="Reuters BIP Coding Group" action="confirmed" date="1997-03-23"/>
  </code>
</codes>
<codes class="bip:topics:1.0">
  <code code="GCAT">
    <editdetail attribution="Reuters BIP Coding Group" action="confirmed" date="1997-03-23"/>
  </code>
  <code code="GPOL">
    <editdetail attribution="Reuters BIP Coding Group" action="confirmed" date="1997-03-23"/>
  </code>
  <code code="GVIO">
    <editdetail attribution="Reuters BIP Coding Group" action="confirmed" date="1997-03-23"/>
  </code>
</codes>
<dc element="dc.date.created" value="1997-03-23"/>
<dc element="dc.publisher" value="Reuters Holdings Plc"/>
<dc element="dc.date.published" value="1997-03-23"/>
<dc element="dc.source" value="Reuters"/>
<dc element="dc.creator.location" value="JERUSALEM"/>
<dc element="dc.creator.location.country.name" value="ISRAEL"/>
<dc element="dc.source" value="Reuters"/>
</metadata>
</newsitem>
