<?xml version="1.0" encoding="iso-8859-1" ?>
<newsitem itemid="462103" id="root" date="1997-03-23" xml:lang="en">
<title>JAPAN: Gore in Japan on trip to boost U.S.-Sino ties.</title>
<headline>Gore in Japan on trip to boost U.S.-Sino ties.</headline>
<byline>Laurence McQuillan</byline>
<dateline>TOKYO 1997-03-23</dateline>
<text>
<p>U.S. Vice President Al Gore arrived in Japan on Sunday for consultations before going on to China for talks he said were designed to build on signs of improving U.S.-China relations.</p>
<p>&quot;This visit is intended to reaffirm once again America's commitment to the region overall,&quot; Gore said during an arrival ceremony held in steady rain.</p>
<p>&quot;The security and prosperity of the United States is vitally tied to the Asia-Pacific region,&quot; said the vice president.</p>
<p>Gore, whose eight-day trip to Asia includes a stop in South Korea, was to meet Japanese Prime Minister Ryutaro Hashimoto on Monday before heading to Beijing that night for talks on Tuesday with Chinese President Jiang Zemin.</p>
<p>Chatting with reporters on board Air Force Two, Gore sounded upbeat about the chances for improving relations with China -- a nation Washington frequently has clashed with in recent years, particularly over trade, Taiwan and human rights.</p>
<p>&quot;Change is taking place rapidly inside China ... the growth of the free sector of their economy is far outstripping the growth in the state-owned sector,&quot; he said.</p>
<p>&quot;Both our countries are clearly signalling to one another that we want to find a way to move forward in the relationship,&quot; said Gore, who planned to discuss a broad range of issues that included the environment and the future of Hong Kong.</p>
<p>&quot;I hope to have meaningful discussions in China,&quot; said Gore, adding that he would &quot;touch on every issue that has a particular impact for our two countries&quot;.</p>
<p>Gore will be the highest-ranking U.S. official to visit Beijing since troops brutally ended pro-democracy demonstrations in Tiananmen Square in 1989.</p>
<p>At least part of his discussions will deal with preparations for an exchange of visits by U.S. President Bill Clinton and Jiang. The Chinese leader is expected to visit the United States late this year and Clinton tentatively plans to go to China in 1998.</p>
<p>Gore said that high on his agenda was a discussion about possible four-way talks between the two Koreas and the United States and China, an idea that was proposed in April by Clinton and South Korean President Kim Young-sam.</p>
<p>The four-way talks would be designed to bring a formal end to the Korea War, something Washington hopes would serve as a way to defuse tensions on the Korean Peninsula permanently.</p>
<p>Gore's bid for improved relations between Washington and Beijing comes as conservatives in the U.S. Congress have been developing a get-tough attitude towards the Chinese government.</p>
<p>Gore said that before he left Washington he spoke several times with Newt Gingrich, the Republican speaker of the House of Representatives, who is heading a fact-finding mission to the region.</p>
<p>&quot;We discussed the goals for the trip ... we want to make sure that we get what is in the best interests of the United States of America,&quot; Gore said.</p>
</text>
<copyright>(c) Reuters Limited 1997</copyright>
<metadata>
<codes class="bip:countries:1.0">
  <code code="CHINA">
    <editdetail attribution="Reuters BIP Coding Group" action="confirmed" date="1997-03-23"/>
  </code>
  <code code="JAP">
    <editdetail attribution="Reuters BIP Coding Group" action="confirmed" date="1997-03-23"/>
  </code>
  <code code="USA">
    <editdetail attribution="Reuters BIP Coding Group" action="confirmed" date="1997-03-23"/>
  </code>
</codes>
<codes class="bip:topics:1.0">
  <code code="GCAT">
    <editdetail attribution="Reuters BIP Coding Group" action="confirmed" date="1997-03-23"/>
  </code>
  <code code="GDIP">
    <editdetail attribution="Reuters BIP Coding Group" action="confirmed" date="1997-03-23"/>
  </code>
</codes>
<dc element="dc.date.created" value="1997-03-23"/>
<dc element="dc.publisher" value="Reuters Holdings Plc"/>
<dc element="dc.date.published" value="1997-03-23"/>
<dc element="dc.source" value="Reuters"/>
<dc element="dc.creator.location" value="TOKYO"/>
<dc element="dc.creator.location.country.name" value="JAPAN"/>
<dc element="dc.source" value="Reuters"/>
</metadata>
</newsitem>
