<?xml version="1.0" encoding="iso-8859-1" ?>
<newsitem itemid="462192" id="root" date="1997-03-23" xml:lang="en">
<title>ALGERIA: Algeria finally gets the privatisation bug.</title>
<headline>Algeria finally gets the privatisation bug.</headline>
<dateline>ALGIERS 1997-03-23</dateline>
<text>
<p>Algeria expects to speed up its privatisation process after June parliamentary elections that are part of the government's programme to stabilise the oil and gas producing country.</p>
<p>&quot;The privatisation process will go smoothly during the last quarter of 1997 but the privatisation will be speeded up in 1998,&quot; the privatisation council head Abderrahmane Mebtoul told Reuters on Sunday.</p>
<p>Officials in Algeria agree that privatisation will inject badly-needed technology, capital and market-oriented management.</p>
<p>Earlier this month, Algeria adopted a new privatisation law to woo investors to buy into state-owned firms. The legislation altered the landmark 1995 privatisation law to allow incentives to investors who save jobs and upgrade the firms they acquire.</p>
<p>The incentives include tax deductions and easy loans. The law changed the prior provisions that new owners keep on all workers and keep the firm's activity unchanged for five years.</p>
<p>The government will start off by offering about 250 state-owned firms and industrial units for sale in the upcoming months, Mebtoul said.</p>
<p>&quot;These firms set for privatisation will enable us to test the process but I think the great launching will be in 1998,&quot; he added.</p>
<p>&quot;The privatisation potential is huge because we have concentrated the investement in the state-owned economy since the independence of the country in 1962,&quot; he said.</p>
<p>Foreigner investors, including Germans, Portuguese and Spanish, have shown interest in buying into state-owned industry like cement works, vehicle and glass-making plants, he added.</p>
<p>&quot;The foreigners are waiting impatiently for a legitimate government from the next elections,&quot; he said.</p>
<p>Algeria has been without an elected parliament since 1992 when the authorities scrapped a general election in which radical Islamists had taken a commanding lead. Since then about 60,000 people have died in violence between Islamist rebels and government forces.</p>
<p>The authorities are pinning hope on the June 5 parliamentary elections to complete the structures of a legitimate government after presidential polls in 1995.</p>
<p>Mebtoul noted that President Liamine Zeroual had given clear signals the privatisation process had to be speeded up and industry made more efficient.</p>
<p>The main opposition parties competing in the upcoming parliament were business-oriented, including the Islamist Hamas group and its secularist foes, he said.</p>
<p>But Algeria had to keep up efforts to stabilise the macro- economic framework to improve the economy fundamentals to help the privatisation succeed, he said.</p>
</text>
<copyright>(c) Reuters Limited 1997</copyright>
<metadata>
<codes class="bip:countries:1.0">
  <code code="ALG">
    <editdetail attribution="Reuters BIP Coding Group" action="confirmed" date="1997-03-23"/>
  </code>
</codes>
<codes class="bip:topics:1.0">
  <code code="C18">
    <editdetail attribution="Reuters BIP Coding Group" action="confirmed" date="1997-03-23"/>
  </code>
  <code code="C183">
    <editdetail attribution="Reuters BIP Coding Group" action="confirmed" date="1997-03-23"/>
  </code>
  <code code="CCAT">
    <editdetail attribution="Reuters BIP Coding Group" action="confirmed" date="1997-03-23"/>
  </code>
  <code code="E12">
    <editdetail attribution="Reuters BIP Coding Group" action="confirmed" date="1997-03-23"/>
  </code>
  <code code="ECAT">
    <editdetail attribution="Reuters BIP Coding Group" action="confirmed" date="1997-03-23"/>
  </code>
</codes>
<dc element="dc.date.created" value="1997-03-23"/>
<dc element="dc.publisher" value="Reuters Holdings Plc"/>
<dc element="dc.date.published" value="1997-03-23"/>
<dc element="dc.source" value="Reuters"/>
<dc element="dc.creator.location" value="ALGIERS"/>
<dc element="dc.creator.location.country.name" value="ALGERIA"/>
<dc element="dc.source" value="Reuters"/>
</metadata>
</newsitem>
