<?xml version="1.0" encoding="iso-8859-1" ?>
<newsitem itemid="462201" id="root" date="1997-03-23" xml:lang="en">
<title>ISRAEL: Mother of Israeli baby wounded by bomb is buried.</title>
<headline>Mother of Israeli baby wounded by bomb is buried.</headline>
<byline>Danny Gur-arieh</byline>
<dateline>RAANANA, Israel 1997-03-23</dateline>
<text>
<p>Cradling a baby girl in her arms, an Israeli policewoman searched frantically for the infant's mother after an Arab suicide bomber blew up a Tel Aviv cafe.</p>
<p>On Sunday, two days after pictures of six-month-old Shani, clad in a clown costume for the Purim holiday, were seen around the world, the mother was buried to the quiet sobbing of hundreds of mourners.</p>
<p>Coroners were able to identify Anat Rosen-Vinter, 31, as one of the three women killed in the blast only on Saturday, a day after the explosion. Her body had been badly burned by the blast which also damaged the infant's lungs. Doctors said the baby would recover.</p>
<p>&quot;A despicable murderer killed our Anat. She is now on her way to a better place,&quot; Zeev Bielsky, mayor of the upscale Tel Aviv suburb of Raanana, said in a eulogy.</p>
<p>He said Rosen-Vinter was a lawyer who joined her father's firm in 1995. She married a dentist four years ago.</p>
<p>&quot;Anat took Shani...and went to enjoy herself a little on this nice, warm day with a girlfriend,&quot; her cousin Danny Milo told reporters about the Friday outing to the Apropo cafe.</p>
<p>&quot;(Anat's) mother heard about the (attack)...she had a mother's intuition and checked with all the hospitals.&quot;</p>
<p>In an eerie coincidence, another woman named Anat Rosen from Raanana was killed in a bus bombing on Tel Aviv's Dizengoff Street, not far from the cafe, in 1994.</p>
<p>When Shani was born, Rosen-Vinter's mother wrote her hopes for the future in a journal the family decided to keep for the baby.</p>
<p>&quot;I hope you grow up to a world of nothing but beauty...a world of peace and love,&quot; Bielsky said, reading the entry, and adding: &quot;It was not to be.&quot;</p>
<p>Wrapped in a black shroud, the mother's body was lowered into a grave.</p>
</text>
<copyright>(c) Reuters Limited 1997</copyright>
<metadata>
<codes class="bip:countries:1.0">
  <code code="ISRAEL">
    <editdetail attribution="Reuters BIP Coding Group" action="confirmed" date="1997-03-23"/>
  </code>
</codes>
<codes class="bip:topics:1.0">
  <code code="GCAT">
    <editdetail attribution="Reuters BIP Coding Group" action="confirmed" date="1997-03-23"/>
  </code>
  <code code="GVIO">
    <editdetail attribution="Reuters BIP Coding Group" action="confirmed" date="1997-03-23"/>
  </code>
</codes>
<dc element="dc.date.created" value="1997-03-23"/>
<dc element="dc.publisher" value="Reuters Holdings Plc"/>
<dc element="dc.date.published" value="1997-03-23"/>
<dc element="dc.source" value="Reuters"/>
<dc element="dc.creator.location" value="RAANANA, Israel"/>
<dc element="dc.creator.location.country.name" value="ISRAEL"/>
<dc element="dc.source" value="Reuters"/>
</metadata>
</newsitem>
