<?xml version="1.0" encoding="iso-8859-1" ?>
<newsitem itemid="462223" id="root" date="1997-03-23" xml:lang="en">
<title>IRAQ: Food supplies arrive in Iraq, U.N. says.</title>
<headline>Food supplies arrive in Iraq, U.N. says.</headline>
<dateline>BAGHDAD 1997-03-23</dateline>
<text>
<p>Some 500 tonnes of foodstuffs bought under Iraq's oil-for-food deal with the U.N. have arrived and 13,000 tonnes will reach the sanctions-hit country on Tuesday, U.N. sources said on Sunday.</p>
<p>A fleet of trucks carrying white beans, chickpeas and vegetable oil arrived on Saturday in northern Iraq from Turkey, a U.N. source told Reuters.</p>
<p>The first food shipments under the programme arrived on Wednesday.</p>
<p>The food arrived three months after implementation of the deal which allows Iraq to sell $2 billion worth of oil over six months to buy humanitarian needs for Iraqis, suffering from U.N. sanctions imposed for Iraq's 1990 invasion of Kuwait.</p>
<p>The U.N. source said 13,000 tons of rice from Thailand was expected to arrive at the port of Umm Qasr on Tuesday.</p>
<p>Baghdad has been complaining to the U.N. that food supplies were taking too long and urged the world body to speed them up.</p>
</text>
<copyright>(c) Reuters Limited 1997</copyright>
<metadata>
<codes class="bip:countries:1.0">
  <code code="IRAQ">
    <editdetail attribution="Reuters BIP Coding Group" action="confirmed" date="1997-03-23"/>
  </code>
  <code code="UN">
    <editdetail attribution="Reuters BIP Coding Group" action="confirmed" date="1997-03-23"/>
  </code>
</codes>
<codes class="bip:topics:1.0">
  <code code="E51">
    <editdetail attribution="Reuters BIP Coding Group" action="confirmed" date="1997-03-23"/>
  </code>
  <code code="ECAT">
    <editdetail attribution="Reuters BIP Coding Group" action="confirmed" date="1997-03-23"/>
  </code>
  <code code="GCAT">
    <editdetail attribution="Reuters BIP Coding Group" action="confirmed" date="1997-03-23"/>
  </code>
  <code code="GDIP">
    <editdetail attribution="Reuters BIP Coding Group" action="confirmed" date="1997-03-23"/>
  </code>
</codes>
<dc element="dc.date.created" value="1997-03-23"/>
<dc element="dc.publisher" value="Reuters Holdings Plc"/>
<dc element="dc.date.published" value="1997-03-23"/>
<dc element="dc.source" value="Reuters"/>
<dc element="dc.creator.location" value="BAGHDAD"/>
<dc element="dc.creator.location.country.name" value="IRAQ"/>
<dc element="dc.source" value="Reuters"/>
</metadata>
</newsitem>
