<?xml version="1.0" encoding="iso-8859-1" ?>
<newsitem itemid="462291" id="root" date="1997-03-23" xml:lang="en">
<title>FRANCE: Algerian forces kill four rebels including a woman.</title>
<headline>Algerian forces kill four rebels including a woman.</headline>
<dateline>PARIS 1997-03-23</dateline>
<text>
<p>Algerian security forces have killed four rebels who were responsible for armed attacks in Algiers, the official APS news agency reported on Sunday.</p>
<p>&quot;A group of four terrorists including a woman was eliminated on Saturday night at the (Algiers) suburb of Annasers,&quot; APS said quoting security services.</p>
<p>APS said the group led by Rihane Yahia Alias Abdallah Krounfel, &quot;a dangerous criminal&quot;, was responsible for several armed attacks in Algiers. The group's weapons and explosives &quot;were recovered by security forces after the operation,&quot; it said without giving other details.</p>
<p>Last week, Algerian newspapers reported that at least 53 Moslem guerrillas were killed by security forces in two separate strikes on their strongholds in Algiers and the western province of Relizane.</p>
<p>About 60,000 people have been killed in Algeria's violence since early 1992 when the authorities cancelled a general election in which radical Islamists had taken a huge lead.</p>
</text>
<copyright>(c) Reuters Limited 1997</copyright>
<metadata>
<codes class="bip:countries:1.0">
  <code code="ALG">
    <editdetail attribution="Reuters BIP Coding Group" action="confirmed" date="1997-03-23"/>
  </code>
</codes>
<codes class="bip:topics:1.0">
  <code code="GCAT">
    <editdetail attribution="Reuters BIP Coding Group" action="confirmed" date="1997-03-23"/>
  </code>
  <code code="GVIO">
    <editdetail attribution="Reuters BIP Coding Group" action="confirmed" date="1997-03-23"/>
  </code>
</codes>
<dc element="dc.date.created" value="1997-03-23"/>
<dc element="dc.publisher" value="Reuters Holdings Plc"/>
<dc element="dc.date.published" value="1997-03-23"/>
<dc element="dc.source" value="Reuters"/>
<dc element="dc.creator.location" value="PARIS"/>
<dc element="dc.creator.location.country.name" value="FRANCE"/>
<dc element="dc.source" value="Reuters"/>
</metadata>
</newsitem>
