<?xml version="1.0" encoding="iso-8859-1" ?>
<newsitem itemid="462248" id="root" date="1997-03-23" xml:lang="en">
<title>ISRAEL: Israelis shoot and wound two Arabs at roadblock.</title>
<headline>Israelis shoot and wound two Arabs at roadblock.</headline>
<dateline>JERUSALEM 1997-03-23</dateline>
<text>
<p>Israeli border policemen shot and wounded two Arabs at an Israeli military roadblock between Jerusalem and Bethlehem early on Sunday, Israel Radio said.</p>
<p>Security forces had thrown protective rings around Israeli cities following a deadly suicide bombing in Tel Aviv on Friday and threats of more to come.  </p>
<p>Israeli army radio, reporting on the incident, said the two Arabs, travelling in a car, apparently had tried to run the checkpoint between Jerusalem and Bethlehem in the West Bank.</p>
<p>It said they were moderately wounded.</p>
<p>The Moslem militant group Hamas claimed responsibility for killing three Israeli women in Friday's suicide bombing of a Tel Aviv cafe.</p>
<p>On Saturday, Hamas threatened to launch further attacks if building continued for a Jewish settlement in Arab East Jerusalem.</p>
</text>
<copyright>(c) Reuters Limited 1997</copyright>
<metadata>
<codes class="bip:countries:1.0">
  <code code="ISRAEL">
    <editdetail attribution="Reuters BIP Coding Group" action="confirmed" date="1997-03-23"/>
  </code>
</codes>
<codes class="bip:topics:1.0">
  <code code="GCAT">
    <editdetail attribution="Reuters BIP Coding Group" action="confirmed" date="1997-03-23"/>
  </code>
  <code code="GVIO">
    <editdetail attribution="Reuters BIP Coding Group" action="confirmed" date="1997-03-23"/>
  </code>
</codes>
<dc element="dc.date.created" value="1997-03-23"/>
<dc element="dc.publisher" value="Reuters Holdings Plc"/>
<dc element="dc.date.published" value="1997-03-23"/>
<dc element="dc.source" value="Reuters"/>
<dc element="dc.creator.location" value="JERUSALEM"/>
<dc element="dc.creator.location.country.name" value="ISRAEL"/>
<dc element="dc.source" value="Reuters"/>
</metadata>
</newsitem>
