<?xml version="1.0" encoding="iso-8859-1" ?>
<newsitem itemid="462296" id="root" date="1997-03-23" xml:lang="en">
<title>GERMANY: German soldiers to be dismissed for racist attack.</title>
<headline>German soldiers to be dismissed for racist attack.</headline>
<dateline>BONN 1997-03-23</dateline>
<text>
<p>German Defence Minister Volker Ruehe has decided to dismiss soldiers accused of beating up three foreigners in western Germany in a racist attack last week, an army spokesman said on Sunday.</p>
<p>Police arrested nine men after masked soldiers in uniform and helmets went on the rampage last Monday and threatened an Italian with a knife and clubbed two Turks with baseball bats, shouting racist abuse.</p>
<p>Three of the men were later released as police said they were not suspected of taking part in the violence but six remained in custody. Prosecutors said they would probably go on trial in six to eight weeks' time.</p>
<p>The foreigners were treated in hospital for head injuries.</p>
<p>Some 800 people protested against racist attacks on Saturday in Detmold, where the attack took place.</p>
<p>Army spokesman Hartmut Bagger told German radio on Sunday that racism tended to be a problem only for young army recruits.</p>
<p>Bagger said such traits usually disappeared once troops completed a thorough political education. The army said last week the suspects had all just joined the army and most of them were from former communist east Germany.</p>
<p>The news magazine Focus said in a report released ahead of publication on Monday that police in the northwestern city of Bielefeld had detained the suspected ringleader of the gang after finding extreme right-wing propaganda in his flat.</p>
<p>Ruehe and Bagger condemned the attack &quot;in the strongest terms&quot; saying it jeopardised the reputation of the German army at home and abroad.</p>
<p>The attack came a day after Chancellor Helmut Kohl praised German soldiers for a spectacular operation in which they airlifted 120 German and other nationals out of Albania.</p>
</text>
<copyright>(c) Reuters Limited 1997</copyright>
<metadata>
<codes class="bip:countries:1.0">
  <code code="GFR">
    <editdetail attribution="Reuters BIP Coding Group" action="confirmed" date="1997-03-23"/>
  </code>
</codes>
<codes class="bip:topics:1.0">
  <code code="GCAT">
    <editdetail attribution="Reuters BIP Coding Group" action="confirmed" date="1997-03-23"/>
  </code>
  <code code="GCRIM">
    <editdetail attribution="Reuters BIP Coding Group" action="confirmed" date="1997-03-23"/>
  </code>
  <code code="GDEF">
    <editdetail attribution="Reuters BIP Coding Group" action="confirmed" date="1997-03-23"/>
  </code>
  <code code="GVIO">
    <editdetail attribution="Reuters BIP Coding Group" action="confirmed" date="1997-03-23"/>
  </code>
</codes>
<dc element="dc.date.created" value="1997-03-23"/>
<dc element="dc.publisher" value="Reuters Holdings Plc"/>
<dc element="dc.date.published" value="1997-03-23"/>
<dc element="dc.source" value="Reuters"/>
<dc element="dc.creator.location" value="BONN"/>
<dc element="dc.creator.location.country.name" value="GERMANY"/>
<dc element="dc.source" value="Reuters"/>
</metadata>
</newsitem>
