<?xml version="1.0" encoding="iso-8859-1" ?>
<newsitem itemid="462205" id="root" date="1997-03-23" xml:lang="en">
<title>ISRAEL: Bank of Israel holds key lending rate at 13.9 pct.</title>
<headline>Bank of Israel holds key lending rate at 13.9 pct.</headline>
<dateline>JERUSALEM 1997-03-23</dateline>
<text>
<p>The Bank of Israel said on Sunday it was holding its key lending rate for April at an annualised 13.9 percent.</p>
<p>The rate is the one charged commercial banks at daily and weekly monetary tenders.</p>
<p>In a statement, the central bank attributed its decision to hold rates to accelerating inflation and money supply growth balanced by concerns about a slowing economy.  </p>
<p>&quot;On the one hand, the current inflationary environment and indices of inflationary developments for the future are at the upper end of the target,&quot; the central bank said. &quot;In addition, the trend of growth in money supply is accelerating at a rate faster than desirable.&quot;</p>
<p>The government's 1997 inflation target is 7-10 percent.</p>
<p>&quot;On the other hand, data pointing to a slowing in expansion of economic activity support the view that current monetary policy is consistent with inflationary targets,&quot; the central bank said.</p>
<p>Except for a pause in December, interest rates have been falling steadily since August by a total of 3.1 percentage points from a peak of 17 percent.</p>
</text>
<copyright>(c) Reuters Limited 1997</copyright>
<metadata>
<codes class="bip:countries:1.0">
  <code code="ISRAEL">
    <editdetail attribution="Reuters BIP Coding Group" action="confirmed" date="1997-03-23"/>
  </code>
</codes>
<codes class="bip:topics:1.0">
  <code code="M13">
    <editdetail attribution="Reuters BIP Coding Group" action="confirmed" date="1997-03-23"/>
  </code>
  <code code="M131">
    <editdetail attribution="Reuters BIP Coding Group" action="confirmed" date="1997-03-23"/>
  </code>
  <code code="MCAT">
    <editdetail attribution="Reuters BIP Coding Group" action="confirmed" date="1997-03-23"/>
  </code>
</codes>
<dc element="dc.date.created" value="1997-03-23"/>
<dc element="dc.publisher" value="Reuters Holdings Plc"/>
<dc element="dc.date.published" value="1997-03-23"/>
<dc element="dc.source" value="Reuters"/>
<dc element="dc.creator.location" value="JERUSALEM"/>
<dc element="dc.creator.location.country.name" value="ISRAEL"/>
<dc element="dc.source" value="Reuters"/>
</metadata>
</newsitem>
