<?xml version="1.0" encoding="iso-8859-1" ?>
<newsitem itemid="462234" id="root" date="1997-03-23" xml:lang="en">
<title>MOROCCO: PRESS DIGEST - Morocco - March 23.</title>
<headline>PRESS DIGEST - Morocco - March 23.</headline>
<dateline>RABAT 1997-03-23</dateline>
<text>
<p>These are the leading stories in the Moroccan press on Sunday. Reuters has not verified these stories and does not vouch for their accuracy.</p>
<p>LE MATIN DU SAHARA</p>
<p>- Morocco welcomes nomination of former Secretary of State James Baker as U.N. envoy in Western Sahara.</p>
<p>- Benin withdraws recognition of self-styled Saharan Arab Democratic Republic (SADR) claiming sovereignty over Western Sahara.</p>
<p>- Gabon's President Omar Bongo visits Morocco.</p>
<p>- King Hassan tells international water forum &quot;water challenge will be crucial next years&quot;.</p>
<p>L'OPINION</p>
<p>- Fuel station workers to go on one-day strike on Monday.</p>
<p>- European Union Fisheries Commissioner Emma Bonino says decision to extend cephalopods resting period to allow them to recover to four from inital two months, taken in accord with Morocco.</p>
<p>AL-MAGHRIB</p>
<p>- International water forum agrees to devise global strategy to rationalise use of water.</p>
</text>
<copyright>(c) Reuters Limited 1997</copyright>
<metadata>
<codes class="bip:countries:1.0">
  <code code="MOROC">
    <editdetail attribution="Reuters BIP Coding Group" action="confirmed" date="1997-03-23"/>
  </code>
</codes>
<codes class="bip:topics:1.0">
  <code code="GCAT">
    <editdetail attribution="Reuters BIP Coding Group" action="confirmed" date="1997-03-23"/>
  </code>
</codes>
<dc element="dc.date.created" value="1997-03-23"/>
<dc element="dc.publisher" value="Reuters Holdings Plc"/>
<dc element="dc.date.published" value="1997-03-23"/>
<dc element="dc.source" value="Reuters"/>
<dc element="dc.creator.location" value="RABAT"/>
<dc element="dc.creator.location.country.name" value="MOROCCO"/>
<dc element="dc.source" value="Reuters"/>
</metadata>
</newsitem>
