<?xml version="1.0" encoding="iso-8859-1" ?>
<newsitem itemid="462200" id="root" date="1997-03-23" xml:lang="en">
<title>QATAR: Qatar and Japan discuss LNG price.</title>
<headline>Qatar and Japan discuss LNG price.</headline>
<dateline>DOHA 1997-03-23</dateline>
<text>
<p>Qatari and Japanese executives began talks on Sunday to fix a price for the sale and purchase of liquefied natural gas in the next quarter, officials said.</p>
<p>Qatar began supplying LNG to Chubu Electric Power Co of Japan in January. But under the terms of the sales-and-purchase agreement (SPA) valid for 25 years, pricing has been left to periodical reviews linked to quarterly fluctuations in crude oil prices.</p>
<p>However, a floor gas price of $3.60 per million British Thermal Unit (BTU) has been guaranteed under the SPA.</p>
<p>&quot;In January we had agreed to an interim price of $4.10 per million BTU for three months to March 31. Now, it is time to review and fix a new price for another three months,&quot; said an official at the state's Qatar General Petroleum Corp.</p>
<p>QGPC owns 65 percent of Qatar Liquefied Gas Co (Qatargas), which signed the SPA to supply four million tonnes a year of LNG to Chubu from January 1997 and two million tonnes a year to seven other Japanese utilities from mid-1998 for 25 years.</p>
<p>Others partners of Qatargas are the U.S. Mobil Corp and France's Total, which have a 10 percent stake each, and Japan's Mitsui and Marubeni, which hold 7.5 percent each.</p>
<p>Executives taking part in the talks represent all Qatargas shareholders and Chubu. The price to be fixed will be C.I.F. (cargo including freight), meaning transport cost is included.</p>
</text>
<copyright>(c) Reuters Limited 1997</copyright>
<metadata>
<codes class="bip:countries:1.0">
  <code code="JAP">
    <editdetail attribution="Reuters BIP Coding Group" action="confirmed" date="1997-03-23"/>
  </code>
  <code code="QATAR">
    <editdetail attribution="Reuters BIP Coding Group" action="confirmed" date="1997-03-23"/>
  </code>
</codes>
<codes class="bip:topics:1.0">
  <code code="M14">
    <editdetail attribution="Reuters BIP Coding Group" action="confirmed" date="1997-03-23"/>
  </code>
  <code code="M143">
    <editdetail attribution="Reuters BIP Coding Group" action="confirmed" date="1997-03-23"/>
  </code>
  <code code="MCAT">
    <editdetail attribution="Reuters BIP Coding Group" action="confirmed" date="1997-03-23"/>
  </code>
</codes>
<dc element="dc.date.created" value="1997-03-23"/>
<dc element="dc.publisher" value="Reuters Holdings Plc"/>
<dc element="dc.date.published" value="1997-03-23"/>
<dc element="dc.source" value="Reuters"/>
<dc element="dc.creator.location" value="DOHA"/>
<dc element="dc.creator.location.country.name" value="QATAR"/>
<dc element="dc.source" value="Reuters"/>
</metadata>
</newsitem>
