<?xml version="1.0" encoding="iso-8859-1" ?>
<newsitem itemid="462240" id="root" date="1997-03-23" xml:lang="en">
<title>BAHRAIN: Saudi's Ahsa Development plans $4 mln dividend.</title>
<headline>Saudi's Ahsa Development plans $4 mln dividend.</headline>
<dateline>MANAMA 1997-03-23</dateline>
<text>
<p>Al-Ahsa Development Co of Saudi Arabia said on Sunday it would distribute a 15 million riyal ($4 million) dividend to shareholders for 1996 -- its first dividend since it was set up in late 1993.</p>
<p>General Manager Sadoun Saad al-Sadoun said the company posted a 12.9 million riyal net profit in 1996 and shareholders' equity stood at 348 million riyals at end-1996. He gave no comparative figures.</p>
<p>Sadoun said the company would soon invite bids to build a 50-million-riyal hospital in eastern Saudi Arabia.</p>
<p>The company also plans to build $40 million textile plant. Japan's Marubeni Corporation would provide the technical services and know-how for the plant through a Japanese company specialised in textile production.</p>
<p>($1 = 3.75 riyals)</p>
</text>
<copyright>(c) Reuters Limited 1997</copyright>
<metadata>
<codes class="bip:countries:1.0">
  <code code="SAARAB">
    <editdetail attribution="Reuters BIP Coding Group" action="confirmed" date="1997-03-23"/>
  </code>
</codes>
<codes class="bip:topics:1.0">
  <code code="C15">
    <editdetail attribution="Reuters BIP Coding Group" action="confirmed" date="1997-03-23"/>
  </code>
  <code code="C151">
    <editdetail attribution="Reuters BIP Coding Group" action="confirmed" date="1997-03-23"/>
  </code>
  <code code="CCAT">
    <editdetail attribution="Reuters BIP Coding Group" action="confirmed" date="1997-03-23"/>
  </code>
</codes>
<dc element="dc.date.created" value="1997-03-23"/>
<dc element="dc.publisher" value="Reuters Holdings Plc"/>
<dc element="dc.date.published" value="1997-03-23"/>
<dc element="dc.source" value="Reuters"/>
<dc element="dc.creator.location" value="MANAMA"/>
<dc element="dc.creator.location.country.name" value="BAHRAIN"/>
<dc element="dc.source" value="Reuters"/>
</metadata>
</newsitem>
