<?xml version="1.0" encoding="iso-8859-1" ?>
<newsitem itemid="462288" id="root" date="1997-03-23" xml:lang="en">
<title>ITALY: EU's Monti calls for Italy banking restructuring.</title>
<headline>EU's Monti calls for Italy banking restructuring.</headline>
<dateline>MILAN 1997-03-23</dateline>
<text>
<p>European Commissioner Mario Monti has called for an urgent restructuring of Italy's banking system ahead of European economic and monetary union scheduled to start at the beginning of 1999.</p>
<p>Italian newspapers reported his remarks on Sunday from a seminar held at Cernobbio on the shores of Lake Como, north of Milan.</p>
<p>&quot;If it (Italy) wants to compete it is necessary to make an effort to restructure its banking system,&quot; financial daily Il Sole 24 Ore reported Monti telling his audience at the seminar.  </p>
<p>His remarks echo a number of commentators and analysts who say Italy's banking system is fragmented, inefficient, over-staffed and produces a low return on equity invested.</p>
<p>&quot;It is very difficult for an economy to be able to compete internationally without an efficient banking system. Above all ahead of the introduction of the euro,&quot; Corriere della Sera reported Monti saying.  </p>
<p>The governor of the Bank of Italy Antonio Fazio has warned over the banking system's low profitability and its need for restructuring. He has has urged banks to cut their workforces by around 30,000, or nearly 10 percent, from their current 330,000 staffing level.</p>
<p>Italy has nearly 1,000 different banking groups, with many controlled by the state or charity foundations and the banking industry has been slow to restructure along the lines of the banking industries in Britain and the U.S.</p>
<p>La Repubblica newspaper illustrated the high level of staffing by producing figures based at the end-September 1996, which showed Banca di Roma had 22,207 employees with some 1,246 branches, Italy's largest bank San Paolo di Torino had 20,702 staff with 1,227 branches while state-controlled BNL has 20,050 with 636 branches.</p>
<p>((-- Milan newsroom +392 66129502))</p>
</text>
<copyright>(c) Reuters Limited 1997</copyright>
<metadata>
<codes class="bip:countries:1.0">
  <code code="EEC">
    <editdetail attribution="Reuters BIP Coding Group" action="confirmed" date="1997-03-23"/>
  </code>
  <code code="ITALY">
    <editdetail attribution="Reuters BIP Coding Group" action="confirmed" date="1997-03-23"/>
  </code>
</codes>
<codes class="bip:industries:1.0">
  <code code="I81402">
    <editdetail attribution="Reuters BIP Coding Group" action="confirmed" date="1997-03-23"/>
  </code>
</codes>
<codes class="bip:topics:1.0">
  <code code="C11">
    <editdetail attribution="Reuters BIP Coding Group" action="confirmed" date="1997-03-23"/>
  </code>
  <code code="C13">
    <editdetail attribution="Reuters BIP Coding Group" action="confirmed" date="1997-03-23"/>
  </code>
  <code code="CCAT">
    <editdetail attribution="Reuters BIP Coding Group" action="confirmed" date="1997-03-23"/>
  </code>
  <code code="E41">
    <editdetail attribution="Reuters BIP Coding Group" action="confirmed" date="1997-03-23"/>
  </code>
  <code code="ECAT">
    <editdetail attribution="Reuters BIP Coding Group" action="confirmed" date="1997-03-23"/>
  </code>
  <code code="G15">
    <editdetail attribution="Reuters BIP Coding Group" action="confirmed" date="1997-03-23"/>
  </code>
  <code code="G154">
    <editdetail attribution="Reuters BIP Coding Group" action="confirmed" date="1997-03-23"/>
  </code>
  <code code="GCAT">
    <editdetail attribution="Reuters BIP Coding Group" action="confirmed" date="1997-03-23"/>
  </code>
  <code code="GJOB">
    <editdetail attribution="Reuters BIP Coding Group" action="confirmed" date="1997-03-23"/>
  </code>
</codes>
<dc element="dc.date.created" value="1997-03-23"/>
<dc element="dc.publisher" value="Reuters Holdings Plc"/>
<dc element="dc.date.published" value="1997-03-23"/>
<dc element="dc.source" value="Reuters"/>
<dc element="dc.creator.location" value="MILAN"/>
<dc element="dc.creator.location.country.name" value="ITALY"/>
<dc element="dc.source" value="Reuters"/>
</metadata>
</newsitem>
