<?xml version="1.0" encoding="iso-8859-1" ?>
<newsitem itemid="462271" id="root" date="1997-03-23" xml:lang="en">
<title>USA: Israel's U.S. envoy hits Arafat &quot;blackmail&quot;.</title>
<headline>Israel's U.S. envoy hits Arafat &quot;blackmail&quot;.</headline>
<dateline>WASHINGTON 1997-03-22</dateline>
<text>
<p>Israel's envoy to Washington on Saturday accused Palestinian President Yasser Arafat of trying to &quot;blackmail&quot; Israel into halting work on a Jewish settlement in Arab East Jerusalem by condoning violence against Israel.</p>
<p>Ambassador Eliahu Ben-Elissar told CNN Arafat also released hundreds of activists from the Moslem extremist group Hamas just days before Friday's suicide bombing of a Tel Aviv cafe that killed three Israeli women.</p>
<p>Hamas claimed responsibility for the attack and threatened on Saturday to launch further attacks if Israel continued build 6,500 homes for Jews on a hill between Jerusalem and Bethlehem, a project Arafat and other Palestinian leaders have repeatedly urged halted.</p>
<p>Fierce Israeli-Arab clashes flared in the West Bank town of Hebron on Saturday for the second straight day.</p>
<p>&quot;If we are in disagreement, there is only one way to solve those disagreements -- by negotiating, not by terror,&quot; Ben-Elissar said. &quot;The demonstrations ... in Hebron are not spontaneous, they have been orchestrated.&quot;</p>
<p>Anger about the Israeli settlements should have been controlled by Arafat's Palestinian Authority, he said, adding, &quot;but they simply gave a nod to this ...criminal activity.&quot;</p>
<p>&quot;This is blackmail behaviour,&quot; Ben-Elissar said. &quot;They are simply putting a gun to our forehead.&quot;</p>
<p>He denied that construction of the Israeli settlement had anything to do with the peace process, and said any Israeli work in Jerusalem was likely to prompt an emotional response.</p>
<p>Nesser Al-Kidwa, Palestinian representative to the United Nations, also speaking on CNN, denied Ben-Elissar's allegations and said they were &quot;irresponsible.&quot;</p>
<p>&quot;It's a matter of policy and also common sense that these things hurt our cause and we would never condone or encourage something like that,&quot; Al-Kidwa said, suggesting that Israeli words and actions in recent weeks appeared designed to derail the peace process.</p>
<p>&quot;On our side we are commiteed to the process, committed to the agreement, and we want to go further,&quot; he said.</p>
<p>Al-Kidwa denied the violence in Hebron was orchestrated and said he viewed Ben-Elissar's suggestion that it was as &quot;condescending&quot; toward its partners in the peace process.</p>
</text>
<copyright>(c) Reuters Limited 1997</copyright>
<metadata>
<codes class="bip:countries:1.0">
  <code code="ISRAEL">
    <editdetail attribution="Reuters BIP Coding Group" action="confirmed" date="1997-03-23"/>
  </code>
  <code code="USA">
    <editdetail attribution="Reuters BIP Coding Group" action="confirmed" date="1997-03-23"/>
  </code>
</codes>
<codes class="bip:topics:1.0">
  <code code="GCAT">
    <editdetail attribution="Reuters BIP Coding Group" action="confirmed" date="1997-03-23"/>
  </code>
  <code code="GDIP">
    <editdetail attribution="Reuters BIP Coding Group" action="confirmed" date="1997-03-23"/>
  </code>
  <code code="GVIO">
    <editdetail attribution="Reuters BIP Coding Group" action="confirmed" date="1997-03-23"/>
  </code>
</codes>
<dc element="dc.date.created" value="1997-03-22"/>
<dc element="dc.publisher" value="Reuters Holdings Plc"/>
<dc element="dc.date.published" value="1997-03-23"/>
<dc element="dc.source" value="Reuters"/>
<dc element="dc.creator.location" value="WASHINGTON"/>
<dc element="dc.creator.location.country.name" value="USA"/>
<dc element="dc.source" value="Reuters"/>
</metadata>
</newsitem>
