<?xml version="1.0" encoding="iso-8859-1" ?>
<newsitem itemid="462261" id="root" date="1997-03-23" xml:lang="en">
<title>USA: Rightist novel key evidence in McVeigh trial -TIME.</title>
<headline>Rightist novel key evidence in McVeigh trial -TIME.</headline>
<dateline>NEW YORK 1997-03-23</dateline>
<text>
<p>Prosecutors will use a photocopy of a passage from a white supremacist novel to try to establish the motive behind the 1995 Oklahoma City bombing, Time magazine reported on Sunday.</p>
<p>The photocopied passage was found in the alleged get-away car used by Timothy McVeigh, the prime suspect in the case who goes on trial in Denver next week, the magazine said.</p>
<p>The passage, found glued to an envelope containing papers, was taken from The Turner Diaries, a novel about right-wing extremists who blow up the FBI's headquarters in Washington.</p>
<p>The particular passage found in McVeigh's car explains that the bombing was necessary to wake up America.</p>
<p>The envelope was found when officials searched the car shortly after the April 19, 1995 bombing of the Alfred P. Murrah federal office building that killed 168 people.</p>
<p>Time, citing sources familiar with the envelope, said the prosecution will use the photocopied passage as key evidence to demonstrate the motive and the purpose of the bomb attack.</p>
<p>McVeigh, an embittered Gulf War veteran, has been linked to right-wing paramilitary militia groups opposed to the federal government.</p>
<p>He and co-defendant Terry Nichols are charged in the bombing and will be tried separately.</p>
</text>
<copyright>(c) Reuters Limited 1997</copyright>
<metadata>
<codes class="bip:countries:1.0">
  <code code="USA">
    <editdetail attribution="Reuters BIP Coding Group" action="confirmed" date="1997-03-23"/>
  </code>
</codes>
<codes class="bip:topics:1.0">
  <code code="GCAT">
    <editdetail attribution="Reuters BIP Coding Group" action="confirmed" date="1997-03-23"/>
  </code>
  <code code="GCRIM">
    <editdetail attribution="Reuters BIP Coding Group" action="confirmed" date="1997-03-23"/>
  </code>
</codes>
<dc element="dc.date.created" value="1997-03-23"/>
<dc element="dc.publisher" value="Reuters Holdings Plc"/>
<dc element="dc.date.published" value="1997-03-23"/>
<dc element="dc.source" value="Reuters"/>
<dc element="dc.creator.location" value="NEW YORK"/>
<dc element="dc.creator.location.country.name" value="USA"/>
<dc element="dc.source" value="Reuters"/>
</metadata>
</newsitem>
