<?xml version="1.0" encoding="iso-8859-1" ?>
<newsitem itemid="462264" id="root" date="1997-03-23" xml:lang="en">
<title>USA: Netanyahu says bombers got Palestinian go-ahead.</title>
<headline>Netanyahu says bombers got Palestinian go-ahead.</headline>
<dateline>WASHINGTON 1997-03-23</dateline>
<text>
<p>Israeli Prime Minister Benjamin Netanyahu said on Sunday the Palestinian Authority led by Yasser Arafat gave the green light for a suicide bombing in a Tel Aviv cafe on Friday.</p>
<p>&quot;Every time there is an impasse or they have a grievance against us they send terrorists,&quot; Netanyahu said on ABC television's &quot;This Week.&quot; &quot;In this case they were sent a green light from the Palestinian Authority. On this we have absolute information.&quot;</p>
<p>Netanyahu accused the Palestinian Authority of violating its commitments to fight terrorism, annul the Palestinian charter calling for Israel's destruction, confiscate illegal weapons and desist from hostile propaganda.</p>
<p>Both Netanyahu and the U.S. State Department's Middle East coordinator Dennis Ross denied that Washington had urged the formation of a unity government in Israel.</p>
<p>Secretary of State Madeleine Albright, asked on the CBS programme &quot;Face the Nation&quot; if Arafat had given a &quot;green light&quot; for violence, said: &quot;There is clearly perception of the green light but no concrete evidence.&quot;</p>
<p>Albright said Arafat had to do more to stop violence.</p>
<p>&quot;There have been efforts on his part, 100 percent efforts, to stop the violence and the terrorism, but the result has not been 100 percent,&quot; she said. &quot;He has condemned the violent acts, but there needs to be some improvement.&quot;</p>
</text>
<copyright>(c) Reuters Limited 1997</copyright>
<metadata>
<codes class="bip:countries:1.0">
  <code code="ISRAEL">
    <editdetail attribution="Reuters BIP Coding Group" action="confirmed" date="1997-03-23"/>
  </code>
  <code code="USA">
    <editdetail attribution="Reuters BIP Coding Group" action="confirmed" date="1997-03-23"/>
  </code>
</codes>
<codes class="bip:topics:1.0">
  <code code="GCAT">
    <editdetail attribution="Reuters BIP Coding Group" action="confirmed" date="1997-03-23"/>
  </code>
  <code code="GVIO">
    <editdetail attribution="Reuters BIP Coding Group" action="confirmed" date="1997-03-23"/>
  </code>
</codes>
<dc element="dc.date.created" value="1997-03-23"/>
<dc element="dc.publisher" value="Reuters Holdings Plc"/>
<dc element="dc.date.published" value="1997-03-23"/>
<dc element="dc.source" value="Reuters"/>
<dc element="dc.creator.location" value="WASHINGTON"/>
<dc element="dc.creator.location.country.name" value="USA"/>
<dc element="dc.source" value="Reuters"/>
</metadata>
</newsitem>
