<?xml version="1.0" encoding="iso-8859-1" ?>
<newsitem itemid="462254" id="root" date="1997-03-23" xml:lang="en">
<title>USA: New issues on municipal calendar - updated 3/21/97.</title>
<headline>New issues on municipal calendar - updated 3/21/97.</headline>
<dateline>NEW YORK 1997-03-21</dateline>
<text>
<p>The following new issues were added to the municipal sales calendar:</p>
<p>COMPETITIVE BOND SALES  COMP1</p>
<p>------------------------------</p>
<p>  AMOUNT   ISSUER					  SECURITY	  SALE DATE</p>
<p>(,000 omitted)</p>
<p> $300.000 Florida					    REV	     20 hrs notice</p>
<p> $39.700 New York State Dorm Auth			REV		  3/26/97</p>
<p> $3.750  Johnston CSD, Iowa				GO		   3/31/97</p>
<p> $9.500  Olathe, Kan.					GO		   4/1/97</p>
<p> $2.690  Woods Cty ISD 1, Okla.			  GO		   4/1/97</p>
<p> $2.125  Peoria, Ariz.				     GO		   4/1/97</p>
<p> $17.600 Middletown, Conn.				 GO		   4/2/97</p>
<p> $9.800  Richmond PPC, Ky.				 REV		  4/2/97</p>
<p> $9.700  Springville-Griffith CSD, N.Y.		GO		   4/2/97</p>
<p> $4.230  Scarborough, Maine				GO		   4/2/97</p>
<p> $2.540  Neenah, Wis.					GO		   4/2/97</p>
<p> $1.510  Chelmsford, Mass.				 GO		   4/2/97</p>
<p> $11.025 Sartell Ind Sch Dist 748, Minn.	     GO		   4/7/97</p>
<p> $7.000  St. Louis Park Minn.			    GO		   4/7/97</p>
<p> $5.090  Edina, Minn.					GO		   4/7/97</p>
<p> $1.655  Westbury, N.Y.				    GO		   4/9/97</p>
<p> $4.350  Lexington-Fayette Public Fac Corp., Ky.   REV		  4/10/97</p>
<p> $31.350 Gaston Cty, N.C.				  GO		   4/15/97</p>
<p> $22.000 Madison, Wis.				     GO		   4/15/97</p>
<p> $7.900  Battle Lake Ind Sch Dist 542, Minn.	 GO		   4/15/97</p>
<p> $4.000  Skokie Sch Dist 68, Ill.			GO		   4/15/97</p>
<p> $3.120  Andover, Minn.				    GO		   4/15/97</p>
<p> $4.500  Gallatin Cty, Ky.				 REV		  4/16/97</p>
<p>NEGOTIATED SALES  NEGO1</p>
<p>------------------------</p>
<p> AMOUNT  ISSUER					  SR. MANAGER     PRICING/AWARD</p>
<p>(,000 omitted)</p>
<p>  $97.780 Spartanburg Cty Hlth, S.C.	 Robinson-Humphrey     wk 3/24</p>
<p>  $13.000 New York State Dorm Auth		Bear Stearns	 wk 3/24</p>
<p>  $30.000 Arkansas Dev Fin Authority	    Unknown		APRIL</p>
<p>ADDITIONS FROM MARCH 20</p>
<p>  $600.000 Hawaii					 Smith Barney	 wk 3/24</p>
<p>  $110.000 University of Pittsburgh Med Ctr     PNC Capital	  wk 3/24</p>
<p>  $50.000 Denver International Arpt, Colo.	Dain Bosworth	wk 3/24</p>
<p>  $50.000 Houston Comm College System, Texas    Merrill Lynch	wk 3/24</p>
<p>  $44.060 Delaware					Smith Barney	 wk 3/24</p>
<p>  $32.290 New York State Urban Dev Corp.	  J.P. Morgan	  wk 3/24</p>
<p>  $26.665 Grant Cty PUD No. 2, Wash.		Smith Barney	 wk 3/24</p>
<p>  $25.000 Bainbridge Island SD 303, Wash.	 Smith Barney	 wk 3/24</p>
<p>  $20.000 Antioch, Calif.			     Prager McCarthy    wk 3/24</p>
<p>  $18.000 Ontario, Calif.			     PaineWebber	  wk 3/24</p>
<p>  $15.000 S. Louisiana Port Comm		    Lehman Brothers    wk 3/24</p>
<p>  $10.775 East Baton Rouge Mtg Agcy, La.	  Stephens Inc.	wk 3/24</p>
<p>  $9.000  Redding Jt Pwrs Fin Auth, Calif.	A.G. Edwards	 wk 3/24</p>
<p>  $7.925  Grays Harbor Cty SD 5, Wash.	    Piper Jaffray	wk 3/24</p>
<p>  $7.000  St. Charles Sch Dist, Mo.		 A.G. Edwards	 wk 3/24</p>
<p>  $6.100  Shreveport, La.			     Stephens Inc.	wk 3/24</p>
<p>  $4.770  Fort Bend Cty MUD 108, Texas	    Rauscher Pierce    wk 3/24</p>
<p>  $4.750  Springboro, Ohio			    Seasongood	   wk 3/24</p>
<p>  $3.100  Virginia Resource  Authority	    Wheat First	  wk 3/24</p>
<p>  $3.000  White Settlement Ind Dev Corp., Texas Chase Securities   wk 3/24</p>
<p>NOTE SALES  NOTE1</p>
<p>------------------</p>
<p>Competitive Note Sales</p>
<p> AMOUNT  ISSUER/TYPE						 SALE DATE</p>
<p>(,000 omitted)</p>
<p>  $14.375  Olathe, Kan. g.o. temp. notes		     4/1/97</p>
<p>Negotiated Note Sales</p>
<p>AMOUNT   ISSUER				     SR.MANAGER   PRICING/AWARD</p>
<p>(,000 omitted)</p>
<p>--U.S. Municipal Information Group, 212-859-1826</p>
</text>
<copyright>(c) Reuters Limited 1997</copyright>
<metadata>
<codes class="bip:countries:1.0">
  <code code="USA">
    <editdetail attribution="Reuters BIP Coding Group" action="confirmed" date="1997-03-23"/>
  </code>
</codes>
<codes class="bip:topics:1.0">
  <code code="E21">
    <editdetail attribution="Reuters BIP Coding Group" action="confirmed" date="1997-03-23"/>
  </code>
  <code code="E212">
    <editdetail attribution="Reuters BIP Coding Group" action="confirmed" date="1997-03-23"/>
  </code>
  <code code="ECAT">
    <editdetail attribution="Reuters BIP Coding Group" action="confirmed" date="1997-03-23"/>
  </code>
</codes>
<dc element="dc.date.created" value="1997-03-21"/>
<dc element="dc.publisher" value="Reuters Holdings Plc"/>
<dc element="dc.date.published" value="1997-03-23"/>
<dc element="dc.source" value="Reuters"/>
<dc element="dc.creator.location" value="NEW YORK"/>
<dc element="dc.creator.location.country.name" value="USA"/>
<dc element="dc.source" value="Reuters"/>
</metadata>
</newsitem>
