<?xml version="1.0" encoding="iso-8859-1" ?>
<newsitem itemid="462231" id="root" date="1997-03-23" xml:lang="en">
<title>EGYPT: Egypt criticises U.S. veto of Jerusalem resolution.</title>
<headline>Egypt criticises U.S. veto of Jerusalem resolution.</headline>
<dateline>CAIRO 1997-03-23</dateline>
<text>
<p>Egypt criticised the U.S. veto of a U.N. Security Council resolution demanding Israel cease work on a controversial housing project in Jerusalem, saying the Jewish state might see it as carte blanche for illegal measures.</p>
<p>Foreign Minister Amr Moussa, speaking in the Pakistani capital Islamabad on Saturday, said the veto also appeared to contradict U.S. criticism of the Jewish settlement Israel is building at Hor Moma or Jabal Abu Ghneim in Arab East Jerusalem.</p>
<p>&quot;We are worried that Israel will interpret the United States using its veto...as a green light to persevere in measures which violate all laws and agreements,&quot; he said. The minister was quoted in Egyptian government newspapers.</p>
<p>&quot;We had expected that what the United States says would be translated into real positions and would not be just talk which is contradicted by a step such as the veto,&quot; he added.</p>
<p>The Security Council resolution, vetoed on Friday, called on Israel to halt work on new Jewish housing in East Jerusalem.</p>
<p>The vote on the draft, sponsored by Arab states, was 13 in favour, with the United States casting the only negative vote and Costa Rica abstaining.</p>
<p>Moussa also said that Jerusalem was under grave threat and that increasing frustration would lead to an explosion.</p>
</text>
<copyright>(c) Reuters Limited 1997</copyright>
<metadata>
<codes class="bip:countries:1.0">
  <code code="EGYPT">
    <editdetail attribution="Reuters BIP Coding Group" action="confirmed" date="1997-03-23"/>
  </code>
  <code code="ISRAEL">
    <editdetail attribution="Reuters BIP Coding Group" action="confirmed" date="1997-03-23"/>
  </code>
  <code code="PAKIS">
    <editdetail attribution="Reuters BIP Coding Group" action="confirmed" date="1997-03-23"/>
  </code>
  <code code="UN">
    <editdetail attribution="Reuters BIP Coding Group" action="confirmed" date="1997-03-23"/>
  </code>
  <code code="USA">
    <editdetail attribution="Reuters BIP Coding Group" action="confirmed" date="1997-03-23"/>
  </code>
</codes>
<codes class="bip:topics:1.0">
  <code code="GCAT">
    <editdetail attribution="Reuters BIP Coding Group" action="confirmed" date="1997-03-23"/>
  </code>
  <code code="GDIP">
    <editdetail attribution="Reuters BIP Coding Group" action="confirmed" date="1997-03-23"/>
  </code>
</codes>
<dc element="dc.date.created" value="1997-03-23"/>
<dc element="dc.publisher" value="Reuters Holdings Plc"/>
<dc element="dc.date.published" value="1997-03-23"/>
<dc element="dc.source" value="Reuters"/>
<dc element="dc.creator.location" value="CAIRO"/>
<dc element="dc.creator.location.country.name" value="EGYPT"/>
<dc element="dc.source" value="Reuters"/>
</metadata>
</newsitem>
