<?xml version="1.0" encoding="iso-8859-1" ?>
<newsitem itemid="462247" id="root" date="1997-03-23" xml:lang="en">
<title>ISRAEL: PRESS DIGEST - Israel - March 23.</title>
<headline>PRESS DIGEST - Israel - March 23.</headline>
<dateline>JERUSALEM 1997-03-23</dateline>
<text>
<p>These are some of the leading stories in Israeli newspapers on Sunday.</p>
<p>Reuters has not verified these stories and does not vouch for their accuracy.</p>
<p>JERUSALEM POST</p>
<p>- Three killed in Tel Aviv cafe bombing.</p>
<p>- Prime Minister Benjamin Netanyahu: This is not peace.</p>
<p>- Two days of clashes in Hebron leave over 100 wounded.</p>
<p>HAARETZ</p>
<p>- Three women killed in Tel Aviv attack; 61 wounded, 16 still in hospital. Mother of the baby girl in clown costume died en route to the hospital.</p>
<p>- U.S. President Bill Clinton to Netanyahu: Set up a unity government, U.S. official in Washington tells Haaretz.</p>
<p>YEDIOTH AHRONOTH</p>
<p>- The terror returns.</p>
<p>- The father: I saw my daughter on television in the arms of the policewoman.</p>
<p>- Commentator Nahum Barnea: Yasser, Go to Gaza!</p>
<p>- The expectation: Bank of Israel Governor Jacob Frenkel won't reduce the interest rate today.</p>
<p>- Round of appointments expected soon at El Al Israel Airlines.</p>
<p>MAARIV</p>
<p>- Shani, six-year-old girl, left without a mother.</p>
</text>
<copyright>(c) Reuters Limited 1997</copyright>
<metadata>
<codes class="bip:countries:1.0">
  <code code="ISRAEL">
    <editdetail attribution="Reuters BIP Coding Group" action="confirmed" date="1997-03-23"/>
  </code>
</codes>
<codes class="bip:topics:1.0">
  <code code="GCAT">
    <editdetail attribution="Reuters BIP Coding Group" action="confirmed" date="1997-03-23"/>
  </code>
</codes>
<dc element="dc.date.created" value="1997-03-23"/>
<dc element="dc.publisher" value="Reuters Holdings Plc"/>
<dc element="dc.date.published" value="1997-03-23"/>
<dc element="dc.source" value="Reuters"/>
<dc element="dc.creator.location" value="JERUSALEM"/>
<dc element="dc.creator.location.country.name" value="ISRAEL"/>
<dc element="dc.source" value="Reuters"/>
</metadata>
</newsitem>
