<?xml version="1.0" encoding="iso-8859-1" ?>
<newsitem itemid="462292" id="root" date="1997-03-23" xml:lang="en">
<title>BELGIUM: Belgium will not meddle in Zaire's affairs - Poncelet.</title>
<headline>Belgium will not meddle in Zaire's affairs - Poncelet.</headline>
<byline>Geert De Clercq</byline>
<dateline>BRUSSELS 1997-03-23</dateline>
<text>
<p>Belgium said on Sunday that the 550 paratroopers it plans to send to its former colony Zaire will go there solely to evacuate its nationals and that it has no intentions of political meddling in Zaire's affairs.</p>
<p>&quot;Our ambition is to help our citizens who want to leave the country. This has no political bearing whatsoever, particularly with regard to the current regime there,&quot; Defence Minister Jean-Paul Poncelet told Belgian radio RTBF on Sunday.</p>
<p>France and the United States are also sending troops for a possible evacuation of their nationals from the war-torn central African country.</p>
<p>A first group of 30 Belgian reconnaissance and liason officers is flying to Brazzaville, the capital of neighbouring Congo across the Zaire river, on Sunday evening.</p>
<p>The rest of the 550 soldiers who are part of the &quot;Green Stream&quot; operation will follow on Monday, an army spokesman told a news conference on Sunday.</p>
<p>Belgian media estimate the number of Westerners in the Zairean capital at about 7,000, including fewer than 3,000 Belgians, about 1,000 French and 650 Americans.</p>
<p>Belgian Foreign Minister Erik Derycke said he was annoyed by the fact that the Belgians in Zaire seemed so reluctant to leave the country, despite repeated calls to do so by the foreign ministry.</p>
<p>&quot;We have been saying for weeks that they have to leave. Now we have no other choice than to set up an evacuation mission again, at the taxpayer's expense,&quot; he told RTBF radio.</p>
<p>Zaire is in deep crisis. Long-time ruler President Mobutu Sese Seko, 66, is gravely ill with cancer and rebels led by Laurent Kabila have seized about a fifth of the country.</p>
<p>Derycke too stressed that Belgium had no intention of intervening in Zaire's political affairs, but in the same breath made an opening to Kabila.</p>
<p>&quot;After 35 years of Mobutu, their country is destroyed, they have had enough of him. Zaireans want change, and change is called Kabila now,&quot; he said.</p>
<p>Kabila, in an interview with Belgian television broadcast on Saturday, said that Belgium so far had not sent representatives to him for talks.</p>
</text>
<copyright>(c) Reuters Limited 1997</copyright>
<metadata>
<codes class="bip:countries:1.0">
  <code code="BELG">
    <editdetail attribution="Reuters BIP Coding Group" action="confirmed" date="1997-03-23"/>
  </code>
  <code code="ZAIRE">
    <editdetail attribution="Reuters BIP Coding Group" action="confirmed" date="1997-03-23"/>
  </code>
</codes>
<codes class="bip:topics:1.0">
  <code code="GCAT">
    <editdetail attribution="Reuters BIP Coding Group" action="confirmed" date="1997-03-23"/>
  </code>
  <code code="GDIP">
    <editdetail attribution="Reuters BIP Coding Group" action="confirmed" date="1997-03-23"/>
  </code>
</codes>
<dc element="dc.date.created" value="1997-03-23"/>
<dc element="dc.publisher" value="Reuters Holdings Plc"/>
<dc element="dc.date.published" value="1997-03-23"/>
<dc element="dc.source" value="Reuters"/>
<dc element="dc.creator.location" value="BRUSSELS"/>
<dc element="dc.creator.location.country.name" value="BELGIUM"/>
<dc element="dc.source" value="Reuters"/>
</metadata>
</newsitem>
