<?xml version="1.0" encoding="iso-8859-1" ?>
<newsitem itemid="462208" id="root" date="1997-03-23" xml:lang="en">
<title>ISRAEL: Tel Aviv bomber not in the mould.</title>
<headline>Tel Aviv bomber not in the mould.</headline>
<byline>Robert Mahoney</byline>
<dateline>JERUSALEM 1997-03-23</dateline>
<text>
<p>Musa Ghneimat, a father of four, walked nervously into a Tel Aviv cafe, sat at a table, and detonated a bag of explosives, killing a mother, an expectant mother and another woman.</p>
<p>What drove a family man to ruin the lives of other families relaxing over a drink in the spring sunshine last Friday?</p>
<p>The promise of eternal life dangled before a weak and impressionable character, say psychologists who have studied Palestinian suicide attackers.</p>
<p>Ghneimat, 28, was from the village of Sourif, near Hebron, the West Bank stronghold of the Islamic fundamentalist group Hamas.</p>
<p>But he did not fit the profile of the suicide bombers that have struck Israel since the Hebron massacre three years ago.</p>
<p>He had a wife, two sons and two daughters. He was older than the others. He had a job. He didn't live in a refugee camp.</p>
<p>&quot;He was an educated guy...of European appearance,&quot; said a manager of the Formaggio restaurant near Tel Aviv, where Ghneimat worked illegally. &quot;I remember we would sit until the early hours of the morning and exchange experiences,&quot; said the manager who did not give his name.</p>
<p>Ghneimat's Arab acquaintances remember him as man with only a basic education who went regularly to the mosque. He was detained by Israel for 18 days in 1988 on suspicion of aiding Hamas, residents of his village said.</p>
<p>One of his six brothers was arrested for aiding Qassam, the military wing of Hamas, they said.</p>
<p>But Ghneimat kept a low profile in Israel where he worked for the past 10 years, mostly illegally, washing dishes and cleaning. He spoke Hebrew but never talked politics, co-workers recalled.</p>
<p>&quot;He does not fit the average profile,&quot; said Iyad Sarraj a Palestinian psychiatrist who has studied suicide killers.</p>
<p>&quot;But the basic drive for self-destruction is the same...They all believe that they are not going to die, that they are moving from one phase of life to a higher one,&quot; Sarraj said.</p>
<p>Many Moslem scholars dispute the interpretation that those who indiscriminately kill women and children become martyrs, who go to a reward in paradise where rivers of honey and 72 virgins await them.</p>
<p>But the vision of such an afterlife can be a powerful draw to those who have weak minds or vengeful hearts.</p>
<p>The accounts of those who have escaped the clutches of their Hamas handlers shine some light into this dark side of the human psyche.</p>
<p>Musa Ziada tried out a grave as part of his training. He was being groomed to overcome the fear of death but he never got to paradise.</p>
<p>Ziada's uncle, a member of the Palestinian security service, noticed that the then 15-year-old was spending a lot of time at the mosque in the Gaza Strip's Bureij refugee camp with a known member of Hamas.</p>
<p>His suspicions saved his nephew's life. Ziada's story surfaced in 1995.</p>
<p>&quot;In the beginning they were teaching me pure religious lessons,&quot; Ziada said at a news conference in 1995. &quot;Then they talked a lot about martyrdom and frightend me with stories of hell. They advised me to move on the path to paradise...they took me to the cemetery and told me to lie in the grave.&quot;</p>
<p>Hamas officials dismissed Ziada's account but it accords with testimony by other would-be bombers and the relatives of successful bombers.</p>
<p>Teachers take their pupils through three major stages. First religious indoctrination, then the linking of current politics to that religious knowledge, and finally, action.</p>
<p>Japanese kamikaze pilots and Tamil suicide bombers show that murderous self-sacrifice is not limited to Arabs. But Sarraj believes the idea of dying for one's community is deeply rooted in the Middle East.</p>
<p>Bombers are told that when the very first drop of their blood is spilled it cleanses all their sins and sends them to paradise where 72 virgins await their pleasure. Seventy of their relatives will also receive absolution and a place in paradise. The bomber will be crowned with glory and achieve the ultimate -- see the face of Allah.</p>
<p>On earth, Hamas will give them a martyr's funeral and look after their loved ones.</p>
<p>Another insight into motive comes in an affidavit to a human rights group by the very first bomber, Ra'ed Zakarna, who killed eight people in the northern Israeli town of Afula on April 13, 1994.</p>
<p>In two and a half pages of testimony he details how he was beaten, hooded and threatened with rape by a male interrogator during 12 weeks of relentless questioniong in an Israeli jail in 1993. He was freed without charge. The next year he went to Afula.</p>
<p>&quot;Suicide bombings are not prohibited for these Islamists because they consider it holy war against Jews, and every Jew is an enemy and every Israeli is a potential soldier,&quot; Sarraj said.</p>
<p>Bombers are taught that the conquest by Jews of the Moslem land of Palestine can be overturned only by the sword of Islam.</p>
</text>
<copyright>(c) Reuters Limited 1997</copyright>
<metadata>
<codes class="bip:countries:1.0">
  <code code="ISRAEL">
    <editdetail attribution="Reuters BIP Coding Group" action="confirmed" date="1997-03-23"/>
  </code>
</codes>
<codes class="bip:topics:1.0">
  <code code="GCAT">
    <editdetail attribution="Reuters BIP Coding Group" action="confirmed" date="1997-03-23"/>
  </code>
  <code code="GVIO">
    <editdetail attribution="Reuters BIP Coding Group" action="confirmed" date="1997-03-23"/>
  </code>
</codes>
<dc element="dc.date.created" value="1997-03-23"/>
<dc element="dc.publisher" value="Reuters Holdings Plc"/>
<dc element="dc.date.published" value="1997-03-23"/>
<dc element="dc.source" value="Reuters"/>
<dc element="dc.creator.location" value="JERUSALEM"/>
<dc element="dc.creator.location.country.name" value="ISRAEL"/>
<dc element="dc.source" value="Reuters"/>
</metadata>
</newsitem>
