<?xml version="1.0" encoding="iso-8859-1" ?>
<newsitem itemid="462221" id="root" date="1997-03-23" xml:lang="en">
<title>EGYPT: Egypt offers retiring state workers up to $10,300.</title>
<headline>Egypt offers retiring state workers up to $10,300.</headline>
<dateline>CAIRO 1997-03-23</dateline>
<text>
<p>The Egyptian state is offering employees in unprofitable state companies lump-sum compensation of between 12,000 pounds and 35,000 pounds ($3,530 and $10,300) if they accept early voluntary retirement, Prime Minister Kamal Ganzouri told parliament on Sunday.</p>
<p>The aim is to cut staffing levels at the companies and increase profitability in readiness for possible privatisation.</p>
<p>Male employees aged between 50 and 58 and female employees between 45 and 58 are eligible for the scheme, Ganzouri said. They must have worked for at least 20 years, he added.</p>
<p>Ganzouri said the government expected about 20,000 workers to take advantage of the scheme.</p>
<p>The lump sum of 12,000 pounds applies to employees of grade 6 who retire between the ages of 54 and 58, the 35,000 pounds applies to grade 1 employees who retire between the ages of 50 and 52, government papers said. Retirement age in Egypt is 60.</p>
<p>The papers did not give details of compensation for women employees who retire before the age of 50.</p>
<p>The government has said the early retirment scheme could cost it up to 11 billion pounds.</p>
<p>Earlier this month a senior official in the ministry responsible for privatisation said the state had already spent 200 million pounds on 11,000 public-sector workers who opted for early retirement -- an average of about 18,000 pounds each.</p>
<p>The official, Public Enterprise Ministry undersecretary Mukhtar Khattab, said overstaffing levels stood at around 18 percent in the public-enterprise sector, which now employs 908,000 people. Potential investors might estimate the overstaffing level at between 35 to 40 percent, he added.</p>
<p>The public-enterprise sector includes more than 300 state companies slated for eventual privatisation. It does not include utilities, public transport, banking and many other sectors.</p>
<p>$1 = 3.395 pounds</p>
<p>-- Cairo newsroom +20 2 578 3290/1</p>
</text>
<copyright>(c) Reuters Limited 1997</copyright>
<metadata>
<codes class="bip:countries:1.0">
  <code code="EGYPT">
    <editdetail attribution="Reuters BIP Coding Group" action="confirmed" date="1997-03-23"/>
  </code>
</codes>
<codes class="bip:topics:1.0">
  <code code="C42">
    <editdetail attribution="Reuters BIP Coding Group" action="confirmed" date="1997-03-23"/>
  </code>
  <code code="CCAT">
    <editdetail attribution="Reuters BIP Coding Group" action="confirmed" date="1997-03-23"/>
  </code>
  <code code="E12">
    <editdetail attribution="Reuters BIP Coding Group" action="confirmed" date="1997-03-23"/>
  </code>
  <code code="E41">
    <editdetail attribution="Reuters BIP Coding Group" action="confirmed" date="1997-03-23"/>
  </code>
  <code code="ECAT">
    <editdetail attribution="Reuters BIP Coding Group" action="confirmed" date="1997-03-23"/>
  </code>
  <code code="GCAT">
    <editdetail attribution="Reuters BIP Coding Group" action="confirmed" date="1997-03-23"/>
  </code>
  <code code="GJOB">
    <editdetail attribution="Reuters BIP Coding Group" action="confirmed" date="1997-03-23"/>
  </code>
</codes>
<dc element="dc.date.created" value="1997-03-23"/>
<dc element="dc.publisher" value="Reuters Holdings Plc"/>
<dc element="dc.date.published" value="1997-03-23"/>
<dc element="dc.source" value="Reuters"/>
<dc element="dc.creator.location" value="CAIRO"/>
<dc element="dc.creator.location.country.name" value="EGYPT"/>
<dc element="dc.source" value="Reuters"/>
</metadata>
</newsitem>
