<?xml version="1.0" encoding="iso-8859-1" ?>
<newsitem itemid="462245" id="root" date="1997-03-23" xml:lang="en">
<title>SAUDI ARABIA: Saudi minister evades question on ties with Iran.</title>
<headline>Saudi minister evades question on ties with Iran.</headline>
<dateline>RIYADH 1997-03-23</dateline>
<text>
<p>Saudi Arabia's Defence Minister Prince Sultan said Riyadh wanted good relations with other states, evading a question on comments by Iran' foreign minister that a new chapter has opened between the two countries.</p>
<p>&quot;We look forward to good relations with every person who wants (common) good, love and harmony,&quot; Prince Sultan said.</p>
<p>The official Saudi Press Agency said Prince Sultan made his comment late on Saturday when asked by journalists about the remarks by Iran's Foreign Minister Ali Akbar Velayati.</p>
<p>Velayati said on Friday that his tour in the past week of six Gulf Arab states opened a new chapter in often tense ties between Iran and its Arab neighbours across the Gulf.</p>
<p>He said his talks with Saudi King Fahd, Crown Prince Abdullah and Foreign Minister Prince Saud al-Faisal could &quot;serve as a turning point in Tehran-Riyadh relations&quot;.</p>
<p>Iran's relations with its Gulf Arab neighbours are often tense. Gulf Arab states have accused Iran of interfering in their internal affairs, a charge Iran denies.</p>
<p>Riyadh has refused to confirm U.S. media reports of an Iranian link to a bomb attack that killed 19 U.S. servicemen in the eastern Saudi city of Khobar last June.</p>
<p>Iran -- which Washington has accused of sponsoring state terrorism and has imposed sanctions on -- denies any role.</p>
</text>
<copyright>(c) Reuters Limited 1997</copyright>
<metadata>
<codes class="bip:countries:1.0">
  <code code="IRAN">
    <editdetail attribution="Reuters BIP Coding Group" action="confirmed" date="1997-03-23"/>
  </code>
  <code code="SAARAB">
    <editdetail attribution="Reuters BIP Coding Group" action="confirmed" date="1997-03-23"/>
  </code>
</codes>
<codes class="bip:topics:1.0">
  <code code="GCAT">
    <editdetail attribution="Reuters BIP Coding Group" action="confirmed" date="1997-03-23"/>
  </code>
  <code code="GDIP">
    <editdetail attribution="Reuters BIP Coding Group" action="confirmed" date="1997-03-23"/>
  </code>
</codes>
<dc element="dc.date.created" value="1997-03-23"/>
<dc element="dc.publisher" value="Reuters Holdings Plc"/>
<dc element="dc.date.published" value="1997-03-23"/>
<dc element="dc.source" value="Reuters"/>
<dc element="dc.creator.location" value="RIYADH"/>
<dc element="dc.creator.location.country.name" value="SAUDI ARABIA"/>
<dc element="dc.source" value="Reuters"/>
</metadata>
</newsitem>
