<?xml version="1.0" encoding="iso-8859-1" ?>
<newsitem itemid="462273" id="root" date="1997-03-23" xml:lang="en">
<title>USA: Key U.S. Democrat may vote against China MFN.</title>
<headline>Key U.S. Democrat may vote against China MFN.</headline>
<dateline>WASHINGTON 1997-03-22</dateline>
<text>
<p>House of Representatives Minority Leader Richard Gephardt on Saturday said he might vote against renewing China's Most Favored Nation trade status this year to keep pressure on Beijing to improve human rights.</p>
<p>The Missouri Democrat said he opposed efforts to make China's MFN status permanent, saying annual debate on trade allowed Washington to continue raising the issue of human rights with China.</p>
<p>&quot;If we don't bring up human rights in China, I don't know who will,&quot; Gephardt told CNN's &quot;Inside Politics&quot; program, adding, &quot;And the truth is they've been going backwards on human rights -- not in the right direction.&quot;</p>
<p>Gephardt's remarks came on the day Vice President Al Gore departed for an eight-day trip to Asia aimed at easing strains in U.S.-Sino relations.</p>
<p>The United States should apply &quot;constant and consistent pressure on the Chinese government to give their people human rights, to open up their political system, and to have a more democratic form of government,&quot; Gephardt said.</p>
<p>&quot;I probably will vote against it because I think, again, we need to keep the pressure on the Chinese government to do the right thing,&quot; he said.</p>
<p>Gephardt said Congress should also be permitted to review China's accession to the World Trade Organization and said he opposed a 15-year transition to get to global tariff levels.</p>
<p>Gephardt said he supported Gore's trip to China, noting that while the Clinton administration's policy of constructive engagegment had not &quot;shown great results yet,&quot; it also had not yet been in place that long. &quot;We need to be working with the Chinese actively and constructively to try to solve these problems between us,&quot; he said.</p>
<p>Gephardt has been at odds with the Clinton administration on various economic issues, including renewing the North American Free Trade Agreement and revising the way the Consumer Price Index is calculated.</p>
<p>But he denied his positions were laying the groundwork to challenge Gore for the presidency in 2000.</p>
<p>&quot;The last thing we need to be doing is starting a race that's going to happen in the year 2000 and way off in the future before we even know who's going to be involved in that race. It just isn't helpful,&quot; he said.</p>
</text>
<copyright>(c) Reuters Limited 1997</copyright>
<metadata>
<codes class="bip:countries:1.0">
  <code code="CHINA">
    <editdetail attribution="Reuters BIP Coding Group" action="confirmed" date="1997-03-23"/>
  </code>
  <code code="USA">
    <editdetail attribution="Reuters BIP Coding Group" action="confirmed" date="1997-03-23"/>
  </code>
</codes>
<codes class="bip:topics:1.0">
  <code code="E51">
    <editdetail attribution="Reuters BIP Coding Group" action="confirmed" date="1997-03-23"/>
  </code>
  <code code="E512">
    <editdetail attribution="Reuters BIP Coding Group" action="confirmed" date="1997-03-23"/>
  </code>
  <code code="ECAT">
    <editdetail attribution="Reuters BIP Coding Group" action="confirmed" date="1997-03-23"/>
  </code>
  <code code="GCAT">
    <editdetail attribution="Reuters BIP Coding Group" action="confirmed" date="1997-03-23"/>
  </code>
  <code code="GDIP">
    <editdetail attribution="Reuters BIP Coding Group" action="confirmed" date="1997-03-23"/>
  </code>
</codes>
<dc element="dc.date.created" value="1997-03-22"/>
<dc element="dc.publisher" value="Reuters Holdings Plc"/>
<dc element="dc.date.published" value="1997-03-23"/>
<dc element="dc.source" value="Reuters"/>
<dc element="dc.creator.location" value="WASHINGTON"/>
<dc element="dc.creator.location.country.name" value="USA"/>
<dc element="dc.source" value="Reuters"/>
</metadata>
</newsitem>
