<?xml version="1.0" encoding="iso-8859-1" ?>
<newsitem itemid="462230" id="root" date="1997-03-23" xml:lang="en">
<title>EGYPT: Egypt cuts Suez by 25 cents v Brent for April.</title>
<headline>Egypt cuts Suez by 25 cents v Brent for April.</headline>
<dateline>CAIRO 1997-03-23</dateline>
<text>
<p>Egypt has cut the April price of its Gulf of Suez blend by 25 cents a barrel against dated Brent, the state's Egyptian General Petroleum Corp (EGPC) said on Sunday. The price in April will be dated Brent -$2.75, against Brent -$2.50 in March, it said in a statement.</p>
<p>EGPC also cut the prices of the other five grades by between five and 20 cents a barrel against dated Brent, it added.</p>
<p>Following are details of the April crude prices, all against dated Brent (March differentials in brackets):</p>
<p>    Gulf of Suez    -$2.75  (-$2.50)</p>
<p>    Belayim	   -$3.70  (-$3.60)</p>
<p>    Ras Gharib	-$4.40  (-$4.35)</p>
<p>    Ras Badran	-$3.85  (-$3.80)</p>
<p>    Ras el Behar    -$2.10  (-$1.90)</p>
<p>    Zeit Bay	  -$2.15  (-$1.95)</p>
<p>The price of transportation through Sumed to Sidi Kreir will be $0.58 a barrel, EGPC added.</p>
<p>-- Jonathan Wright +20 2 578 3290/1</p>
</text>
<copyright>(c) Reuters Limited 1997</copyright>
<metadata>
<codes class="bip:countries:1.0">
  <code code="EGYPT">
    <editdetail attribution="Reuters BIP Coding Group" action="confirmed" date="1997-03-23"/>
  </code>
</codes>
<codes class="bip:topics:1.0">
  <code code="M14">
    <editdetail attribution="Reuters BIP Coding Group" action="confirmed" date="1997-03-23"/>
  </code>
  <code code="M143">
    <editdetail attribution="Reuters BIP Coding Group" action="confirmed" date="1997-03-23"/>
  </code>
  <code code="MCAT">
    <editdetail attribution="Reuters BIP Coding Group" action="confirmed" date="1997-03-23"/>
  </code>
</codes>
<dc element="dc.date.created" value="1997-03-23"/>
<dc element="dc.publisher" value="Reuters Holdings Plc"/>
<dc element="dc.date.published" value="1997-03-23"/>
<dc element="dc.source" value="Reuters"/>
<dc element="dc.creator.location" value="CAIRO"/>
<dc element="dc.creator.location.country.name" value="EGYPT"/>
<dc element="dc.source" value="Reuters"/>
</metadata>
</newsitem>
