<?xml version="1.0" encoding="iso-8859-1" ?>
<newsitem itemid="462256" id="root" date="1997-03-23" xml:lang="en">
<title>USA: Miami Nicaraguans rally against deportation threat.</title>
<headline>Miami Nicaraguans rally against deportation threat.</headline>
<byline>Jim Loney</byline>
<dateline>MIAMI 1997-03-23</dateline>
<text>
<p>Thousands of Nicaraguans, including uniformed ex-guerrillas who fought in the Contra army against the leftist Sandinistas, rallied on Sunday in a suburban Miami park to protest the threat of deportation.</p>
<p>Waving Nicaraguan and U.S. flags, members of Miami's exile community chanted &quot;We want status&quot; and applauded calls for a &quot;humanitarian solution&quot; to fears that the United States wants to send them back now that their homeland is a democracy.</p>
<p>Community leaders say Nicaraguans who have lived in south Florida for years now fear nighttime raids and deportation letters from the U.S. Immigration and Naturalisation Service as a result of a law which tightens the process of deportation appeals and comes into effect April 1.</p>
<p>The rally, which organisers said attracted some 6,000 people, was reminiscent of 1980s protests when Nicaraguan exiles gathered in Miami to hear speeches from then-President Ronald Reagan and Contra chieftains urging support for the war against the Nicaragua's ruling Sandinistas.</p>
<p>This time, Nicaraguans were protesting attempts by the U.S. government to send them back to a democratic Nicaragua. Some waved placards reading &quot;End Our Immigration Limbo&quot; and &quot;The Death and the Blood of Nicaraguans Halted the Communist Expansion to the United States.&quot;</p>
<p>&quot;Fifty-thousand lie dead in Nicaragua. They gave their lives for the national security of this country,&quot; rally organiser Jose Lagos said.</p>
<p>Thousands fled Nicaragua in the 1980s to escape war and repression. Some were given U.S. citizenship but many, though allowed to live and work here, were denied resident status.</p>
<p>The U.S. government now says they must go home. Some Nicaraguans are moving from house to house and hiding with friends because they fear deportation, community leaders said.</p>
<p>Among those caught in the immigration quagmire are ex-guerrillas who fought in the 1980s civil war.</p>
<p>&quot;I fought for my country but I fought for this country too, because the communists were taking all of Central America,&quot; said Silvano Altamirano, holding up a hand missing a finger, a wound he said was a result of fighting against the Sandinistas. &quot;I feel like an American soldier.&quot;</p>
<p>At least 45,000 Nicaraguans in the Miami area are threatened by the new immigration laws, according to the exile group Fraternidad Nicaraguense.</p>
<p>Protesters cheered loudly when Lincoln Diaz-Balart, a Cuban-American congressman, told them a bill was pending to grant residency to Nicaraguans.</p>
<p>&quot;The Nicaraguans have been treated unjustly. The reality of the matter is that they were invited here by U.S. foreign policy,&quot; he said. &quot;The U.S. was very grateful for those who left Nicaragua as a statement against the Sandinistas.&quot;</p>
<p>Alfonso Aviedo, a private immigration attorney, said he would file a class-action lawsuit this week on behalf of the Nicaraguan community to halt deportations and win relief for exiles on the grounds that the United States has failed to provide them legal protection.</p>
</text>
<copyright>(c) Reuters Limited 1997</copyright>
<metadata>
<codes class="bip:countries:1.0">
  <code code="NICG">
    <editdetail attribution="Reuters BIP Coding Group" action="confirmed" date="1997-03-23"/>
  </code>
  <code code="USA">
    <editdetail attribution="Reuters BIP Coding Group" action="confirmed" date="1997-03-23"/>
  </code>
</codes>
<codes class="bip:topics:1.0">
  <code code="GCAT">
    <editdetail attribution="Reuters BIP Coding Group" action="confirmed" date="1997-03-23"/>
  </code>
  <code code="GDIP">
    <editdetail attribution="Reuters BIP Coding Group" action="confirmed" date="1997-03-23"/>
  </code>
  <code code="GPOL">
    <editdetail attribution="Reuters BIP Coding Group" action="confirmed" date="1997-03-23"/>
  </code>
</codes>
<dc element="dc.date.created" value="1997-03-23"/>
<dc element="dc.publisher" value="Reuters Holdings Plc"/>
<dc element="dc.date.published" value="1997-03-23"/>
<dc element="dc.source" value="Reuters"/>
<dc element="dc.creator.location" value="MIAMI"/>
<dc element="dc.creator.location.country.name" value="USA"/>
<dc element="dc.source" value="Reuters"/>
</metadata>
</newsitem>
