<?xml version="1.0" encoding="iso-8859-1" ?>
<newsitem itemid="462232" id="root" date="1997-03-23" xml:lang="en">
<title>IRAQ: PRESS DIGEST - Iraq - March 23.</title>
<headline>PRESS DIGEST - Iraq - March 23.</headline>
<dateline>BAGHDAD 1997-03-23</dateline>
<text>
<p>These are some of the leading stories in the official Iraqi press on Sunday. Reuters has not verified these stories and does not vouch for their accuracy.</p>
<p>QADISSIYA</p>
<p>- 31 trucks loaded with food bought under oil-for-food deal with U.N. arrive in Iraq.</p>
<p>- Jordan's Crown Prince Hassan, Prime Minister Majali receive Iraq's Deputy Prime Minister Aziz.</p>
<p>- Aziz says future will see improving Iraqi-Jordanian ties.</p>
<p>- U.N. sanctions committee ratifies contracts for food bought by Iraq from Jordan under oil pact.</p>
<p>- National Assembly discusses improving financial status of doctors.</p>
<p>- Vietnamese prime minister says his country will continue providing Iraq with rice.</p>
<p>- Russian deputy foreign minister says end of year will be beginning of lifting all sanctions on Iraq.</p>
<p>(The above stories, except the last two, were carried by JUMHOURIYA and THAWRA)</p>
<p>THAWRA</p>
<p>- Letter from speaker of National Assembly to Qatari counterpart on prospects for oil cooperation.</p>
<p>- Eldest son of President Saddam Hussein, Uday, receives former Syrian president Amin al-Hafez.</p>
</text>
<copyright>(c) Reuters Limited 1997</copyright>
<metadata>
<codes class="bip:countries:1.0">
  <code code="IRAQ">
    <editdetail attribution="Reuters BIP Coding Group" action="confirmed" date="1997-03-23"/>
  </code>
</codes>
<codes class="bip:topics:1.0">
  <code code="GCAT">
    <editdetail attribution="Reuters BIP Coding Group" action="confirmed" date="1997-03-23"/>
  </code>
</codes>
<dc element="dc.date.created" value="1997-03-23"/>
<dc element="dc.publisher" value="Reuters Holdings Plc"/>
<dc element="dc.date.published" value="1997-03-23"/>
<dc element="dc.source" value="Reuters"/>
<dc element="dc.creator.location" value="BAGHDAD"/>
<dc element="dc.creator.location.country.name" value="IRAQ"/>
<dc element="dc.source" value="Reuters"/>
</metadata>
</newsitem>
