<?xml version="1.0" encoding="iso-8859-1" ?>
<newsitem itemid="462243" id="root" date="1997-03-23" xml:lang="en">
<title>BAHRAIN: PRESS DIGEST - Bahrain - March 23.</title>
<headline>PRESS DIGEST - Bahrain - March 23.</headline>
<dateline>MANAMA 1997-03-23</dateline>
<text>
<p>These are some of the leading stories in the Bahraini press on Sunday. Reuters has not verified these stories and does not vouch for their accuracy.</p>
<p>BAHRAIN TRIBUNE</p>
<p>- Water meters will be installed at private wells in Bahrain to save water.</p>
<p>- A Dutch warship is in Bahrain as part of a Middle East tour.</p>
<p>GULF DAILY NEWS</p>
<p>- Hundreds of young Bahrainis will get new job and training opportunities when Asea Brown Boveri expands Bahrain operations.</p>
<p>AL-AYAM</p>
<p>- Investment in small and medium industries in Bahrain rise to 200 million dinars.</p>
<p>- Al-Ahli Commercial Bank ratifies a proposed 2.64 million dinar dividend to shareholders for 1996.</p>
<p>AKHBAR AL-KHALEEJ</p>
<p>- Bahrain's Emir Sheikh Isa gets two messages from Philippines president.</p>
</text>
<copyright>(c) Reuters Limited 1997</copyright>
<metadata>
<codes class="bip:countries:1.0">
  <code code="BAHRN">
    <editdetail attribution="Reuters BIP Coding Group" action="confirmed" date="1997-03-23"/>
  </code>
</codes>
<codes class="bip:topics:1.0">
  <code code="GCAT">
    <editdetail attribution="Reuters BIP Coding Group" action="confirmed" date="1997-03-23"/>
  </code>
</codes>
<dc element="dc.date.created" value="1997-03-23"/>
<dc element="dc.publisher" value="Reuters Holdings Plc"/>
<dc element="dc.date.published" value="1997-03-23"/>
<dc element="dc.source" value="Reuters"/>
<dc element="dc.creator.location" value="MANAMA"/>
<dc element="dc.creator.location.country.name" value="BAHRAIN"/>
<dc element="dc.source" value="Reuters"/>
</metadata>
</newsitem>
