<?xml version="1.0" encoding="iso-8859-1" ?>
<newsitem itemid="462228" id="root" date="1997-03-23" xml:lang="en">
<title>BAHRAIN: IDB's Unit Investment Fund lifts 1996 net.</title>
<headline>IDB's Unit Investment Fund lifts 1996 net.</headline>
<dateline>MANAMA 1997-03-23</dateline>
<text>
<p>The Unit Investment Fund, a wholly-owned affiliate of the Jeddah-based Islamic Development Bank (IDB), on Sunday reported net income of $25.25 million in 1996, up from $23.24 million in 1995.</p>
<p>It said net asset value per unit stood at $1.08956 at end-1996, down from $1.09070 at end-1995.</p>
<p>A bank statement quoted president Ahmed Mohammed Ali as saying the executive committee of the fund recommended the distribution of $19.75 million as an interim dividend to unitholders. It gave no comparative figure.</p>
<p>The fund has a paid-in capital of $350 million and operates as a vehicle to mobilise funds for the IDB to boost economic development in its Islamic member states.</p>
</text>
<copyright>(c) Reuters Limited 1997</copyright>
<metadata>
<codes class="bip:countries:1.0">
  <code code="SAARAB">
    <editdetail attribution="Reuters BIP Coding Group" action="confirmed" date="1997-03-23"/>
  </code>
</codes>
<codes class="bip:industries:1.0">
  <code code="I81501">
    <editdetail attribution="Reuters BIP Coding Group" action="confirmed" date="1997-03-23"/>
  </code>
  <code code="I8150106">
    <editdetail attribution="Reuters BIP Coding Group" action="confirmed" date="1997-03-23"/>
  </code>
</codes>
<codes class="bip:topics:1.0">
  <code code="C15">
    <editdetail attribution="Reuters BIP Coding Group" action="confirmed" date="1997-03-23"/>
  </code>
  <code code="C151">
    <editdetail attribution="Reuters BIP Coding Group" action="confirmed" date="1997-03-23"/>
  </code>
  <code code="C1511">
    <editdetail attribution="Reuters BIP Coding Group" action="confirmed" date="1997-03-23"/>
  </code>
  <code code="CCAT">
    <editdetail attribution="Reuters BIP Coding Group" action="confirmed" date="1997-03-23"/>
  </code>
</codes>
<dc element="dc.date.created" value="1997-03-23"/>
<dc element="dc.publisher" value="Reuters Holdings Plc"/>
<dc element="dc.date.published" value="1997-03-23"/>
<dc element="dc.source" value="Reuters"/>
<dc element="dc.creator.location" value="MANAMA"/>
<dc element="dc.creator.location.country.name" value="BAHRAIN"/>
<dc element="dc.source" value="Reuters"/>
</metadata>
</newsitem>
