<?xml version="1.0" encoding="iso-8859-1" ?>
<newsitem itemid="462281" id="root" date="1997-03-23" xml:lang="en">
<title>GERMANY: Embattled Kohl rejects reshuffle talk, euro delay.</title>
<headline>Embattled Kohl rejects reshuffle talk, euro delay.</headline>
<byline>Fiona Fleck</byline>
<dateline>BONN</dateline>
<text>
<p>Germany's Chancellor Helmut Kohl, facing record unemployment and deadlock over sweeping tax reforms, Sunday dismissed rumours of a cabinet reshuffle and insisted the launch of Europe's single currency would go ahead on time.</p>
<p>The German leader told newspaper Welt am Sonntag he was certain his &quot;excellent&quot; team was capable of tackling the tasks that lay ahead of them. His optimistic remarks were his last before taking off for his annual Easter holiday break in the Austrian alps.</p>
<p>Kohl said his ruling coalition was prepared to meet the opposition Social Democrats or SPD for talks on the much-needed tax reforms at any time, even before next weekend's holiday, and blasted them for exploiting the deadlock to boost their standing ahead of the 1998 general election.</p>
<p>&quot;We have 4.7 million unemployed and it's clear to everyone that we just don't have the time to wait for the SPD ... to make up their minds,&quot; Kohl told the newspaper.</p>
<p>Although Kohl's coalition holds a majority of seats in the Bundestag lower house of parliament, the SPD can block most tax measures through its majority in the Bundesrat upper house.</p>
<p>Kohl warned SPD leaders, who pulled out of tax talks with the government in a clash over coal subsidy cuts two weeks ago, he would only resume talks without preconditions and that their blockade tactics could damage society's future chances.</p>
<p>&quot;I would hope and trust that the Social Democrats would have the rational power to see these issues through,&quot; he said.</p>
<p>But SPD leader Oskar Lafontaine said he too was ready to meet Kohl at any time, saying the government had failed to come up with acceptable proposals and that joblessness was sky-high because of huge non-wage labour costs employers had to pay.</p>
<p>&quot;We don't want tax cuts for people who will put the extra cash in savings accounts, but for employers and families, who will spend it tomorrow,&quot; Lafontaine told ZDF television.</p>
<p>Kohl argued the 1998 tax bill, that envisages tax cuts of 30 billion German  marks a year, would provide a crucial boost to flagging domestic investment and the desperate job situation.</p>
<p>The measures are also seen as essential to help whip Germany's finances into shape for European monetary union due to be launched on Jan. 1, 1999.</p>
<p>The launch would be unthinkable without Germany, the chief motor behind EMU with France. But Germany's recent sluggish economic performance has prompted speculation that it might not be deemed economically fit enough to qualify.</p>
<p>Kohl brushed aside talk of delaying the Europe's planned single currency the euro, saying he was determined Germany would join in the planned launch.</p>
<p>&quot;The question is not whether we are going to have European monetary union, but rather: what can we do and what must we do to ensure it starts on time,&quot; Kohl told the newspaper.</p>
<p>&quot;Many self-appointed experts only want a postponement so that the project is completely put on ice. Others get cold feet when things get tough,&quot; he said, referring to many politicians and experts who say Germany may flunk the criteria.</p>
<p>&quot;Postponement is out of the question,&quot; Kohl said.</p>
<p>Kohl said he had no plans for a cabinet reshuffle, after Stern weekly reported on Thursday Economics Minister Guenter Rexrodt was under pressure from the ranks of his Free Democrat Party to resign citing a poor performance.</p>
<p>Rexrodt of the FDP, junior coalition partner to Kohl's Christian Democrats, laughed off the report and Kohl said he had no plans to swap out any members of his team.</p>
</text>
<copyright>(c) Reuters Limited 1997</copyright>
<metadata>
<codes class="bip:countries:1.0">
  <code code="EEC">
    <editdetail attribution="Reuters BIP Coding Group" action="confirmed" date="1997-03-23"/>
  </code>
  <code code="GFR">
    <editdetail attribution="Reuters BIP Coding Group" action="confirmed" date="1997-03-23"/>
  </code>
</codes>
<codes class="bip:topics:1.0">
  <code code="E12">
    <editdetail attribution="Reuters BIP Coding Group" action="confirmed" date="1997-03-23"/>
  </code>
  <code code="ECAT">
    <editdetail attribution="Reuters BIP Coding Group" action="confirmed" date="1997-03-23"/>
  </code>
  <code code="G15">
    <editdetail attribution="Reuters BIP Coding Group" action="confirmed" date="1997-03-23"/>
  </code>
  <code code="G154">
    <editdetail attribution="Reuters BIP Coding Group" action="confirmed" date="1997-03-23"/>
  </code>
  <code code="GCAT">
    <editdetail attribution="Reuters BIP Coding Group" action="confirmed" date="1997-03-23"/>
  </code>
  <code code="GPOL">
    <editdetail attribution="Reuters BIP Coding Group" action="confirmed" date="1997-03-23"/>
  </code>
</codes>
<dc element="dc.publisher" value="Reuters Holdings Plc"/>
<dc element="dc.date.published" value="1997-03-23"/>
<dc element="dc.source" value="Reuters"/>
<dc element="dc.creator.location" value="BONN"/>
<dc element="dc.creator.location.country.name" value="GERMANY"/>
<dc element="dc.source" value="Reuters"/>
</metadata>
</newsitem>
