<?xml version="1.0" encoding="iso-8859-1" ?>
<newsitem itemid="462297" id="root" date="1997-03-23" xml:lang="en">
<title>GERMANY: Germany's DAG union says no to more austerity.</title>
<headline>Germany's DAG union says no to more austerity.</headline>
<dateline>BONN 1997-03-23</dateline>
<text>
<p>The top official of the DAG white-collar trade union said on Sunday the German union would reject any further austerity measures by Bonn in its bid to whip Germany's finances into shape for European currency union.</p>
<p>DAG leader Roland Issen said additional cost-cutting measures would only harm Germany's near-record unemployment situation and fail to help create new jobs.</p>
<p>But Issen said he was still in favour of the planned single European currency, dubbed the euro and set for launch in January 1999, saying the advantages for export-sensitive Germany would outweigh the disadvantages.</p>
<p>Issen's comments came after German Finance Minister Theo Waigel said at the weekend in an interview with Focus magazine that he could not rule out further austerity measures.</p>
<p>Many economists expect Germany to fail in 1997 to meet the budget deficit limit of three percent of Gross Domestic Product needed to join currency union as outlined in the Maastricht Treaty.</p>
<p>Bonn has rejected the predictions, saying it still believed it could meet the entry criteria in 1997, the year whose economic data will be critical for membership selection.</p>
<p>--Frankfurt Newsroom, +49 69 756525</p>
</text>
<copyright>(c) Reuters Limited 1997</copyright>
<metadata>
<codes class="bip:countries:1.0">
  <code code="EEC">
    <editdetail attribution="Reuters BIP Coding Group" action="confirmed" date="1997-03-23"/>
  </code>
  <code code="GFR">
    <editdetail attribution="Reuters BIP Coding Group" action="confirmed" date="1997-03-23"/>
  </code>
</codes>
<codes class="bip:topics:1.0">
  <code code="E12">
    <editdetail attribution="Reuters BIP Coding Group" action="confirmed" date="1997-03-23"/>
  </code>
  <code code="E41">
    <editdetail attribution="Reuters BIP Coding Group" action="confirmed" date="1997-03-23"/>
  </code>
  <code code="E411">
    <editdetail attribution="Reuters BIP Coding Group" action="confirmed" date="1997-03-23"/>
  </code>
  <code code="ECAT">
    <editdetail attribution="Reuters BIP Coding Group" action="confirmed" date="1997-03-23"/>
  </code>
  <code code="G15">
    <editdetail attribution="Reuters BIP Coding Group" action="confirmed" date="1997-03-23"/>
  </code>
  <code code="G151">
    <editdetail attribution="Reuters BIP Coding Group" action="confirmed" date="1997-03-23"/>
  </code>
  <code code="G154">
    <editdetail attribution="Reuters BIP Coding Group" action="confirmed" date="1997-03-23"/>
  </code>
  <code code="GCAT">
    <editdetail attribution="Reuters BIP Coding Group" action="confirmed" date="1997-03-23"/>
  </code>
  <code code="GJOB">
    <editdetail attribution="Reuters BIP Coding Group" action="confirmed" date="1997-03-23"/>
  </code>
</codes>
<dc element="dc.date.created" value="1997-03-23"/>
<dc element="dc.publisher" value="Reuters Holdings Plc"/>
<dc element="dc.date.published" value="1997-03-23"/>
<dc element="dc.source" value="Reuters"/>
<dc element="dc.creator.location" value="BONN"/>
<dc element="dc.creator.location.country.name" value="GERMANY"/>
<dc element="dc.source" value="Reuters"/>
</metadata>
</newsitem>
