<?xml version="1.0" encoding="iso-8859-1" ?>
<newsitem itemid="462227" id="root" date="1997-03-23" xml:lang="en">
<title>ISRAEL: Soros raises stake in El-Rov to 16 pct.</title>
<headline>Soros raises stake in El-Rov to 16 pct.</headline>
<dateline>TEL AVIV 1997-03-23</dateline>
<text>
<p>Emerging Dolphin, a fund controlled by U.S. investor George Soros, raised its stake in El-Rov (Israel) Ltd by 0.8 percent, bringing Soros' total holdings to 16 percent, El-Rov said on Sunday.</p>
<p>El-Rov said the 100,000 shares were acquired outside the bourse on March 16 at 22 shekels each for a total of 2.2 million shekels.</p>
<p>At the same time, Quantum Industrial Holdings, another Soros fund, had also purchased 100,000 shares of El-Rov. The two funds each hold 8.0 percent in the property development and management concern.</p>
<p>Both funds became major shareholders under Israeli regulations last December when their individual holdings began to exceed five percent.</p>
<p>Soros is the second-largest shareholder in El-Rov after Israeli businessman Alfred Akirov, who holds some 70 percent of the shares.</p>
<p>The two Soros funds also hold 1.3 percent in Elkanit Development Ltd, a subsidiary of El-Rov.</p>
<p>($1 = 3.36 shekels)</p>
<p>- Tel Aviv newsroom, 972-3-537-2211</p>
</text>
<copyright>(c) Reuters Limited 1997</copyright>
<metadata>
<codes class="bip:countries:1.0">
  <code code="ISRAEL">
    <editdetail attribution="Reuters BIP Coding Group" action="confirmed" date="1997-03-23"/>
  </code>
</codes>
<codes class="bip:industries:1.0">
  <code code="I83100">
    <editdetail attribution="Reuters BIP Coding Group" action="confirmed" date="1997-03-23"/>
  </code>
</codes>
<codes class="bip:topics:1.0">
  <code code="C18">
    <editdetail attribution="Reuters BIP Coding Group" action="confirmed" date="1997-03-23"/>
  </code>
  <code code="C181">
    <editdetail attribution="Reuters BIP Coding Group" action="confirmed" date="1997-03-23"/>
  </code>
  <code code="CCAT">
    <editdetail attribution="Reuters BIP Coding Group" action="confirmed" date="1997-03-23"/>
  </code>
</codes>
<dc element="dc.date.created" value="1997-03-23"/>
<dc element="dc.publisher" value="Reuters Holdings Plc"/>
<dc element="dc.date.published" value="1997-03-23"/>
<dc element="dc.source" value="Reuters"/>
<dc element="dc.creator.location" value="TEL AVIV"/>
<dc element="dc.creator.location.country.name" value="ISRAEL"/>
<dc element="dc.source" value="Reuters"/>
</metadata>
</newsitem>
