<?xml version="1.0" encoding="iso-8859-1" ?>
<newsitem itemid="462209" id="root" date="1997-03-23" xml:lang="en">
<title>EGYPT: Tuesday last day for AAIB bond applications.</title>
<headline>Tuesday last day for AAIB bond applications.</headline>
<dateline>CAIRO 1997-03-23</dateline>
<text>
<p>Arab African International Bank's offer of five-year floating-rate notes worth 300 million pounds ($88 million) is fully subscribed and it will stop accepting applications at the end of work on Tuesday, the agents said.</p>
<p>The notes will pay interest every three months, at 0.25 percentage points above the average yield on 91-day treasury bills over the three-month period, the bank said. The average yield on 91-day bills was 9.946 at the last auction.</p>
<p>If the treasury does not issue 91-day bills, the interest will be 2.75 percentage points below the Central Bank discount rate, which now stands at 12.75 percent.</p>
<p>The offer opened on March 5 and by law it had to stay open for at least 10 days.</p>
<p>($1 = 3.395 pounds)</p>
<p>-- Cairo newsroom +20 2 578 3290/1</p>
</text>
<copyright>(c) Reuters Limited 1997</copyright>
<metadata>
<codes class="bip:countries:1.0">
  <code code="EGYPT">
    <editdetail attribution="Reuters BIP Coding Group" action="confirmed" date="1997-03-23"/>
  </code>
</codes>
<codes class="bip:topics:1.0">
  <code code="C17">
    <editdetail attribution="Reuters BIP Coding Group" action="confirmed" date="1997-03-23"/>
  </code>
  <code code="C172">
    <editdetail attribution="Reuters BIP Coding Group" action="confirmed" date="1997-03-23"/>
  </code>
  <code code="CCAT">
    <editdetail attribution="Reuters BIP Coding Group" action="confirmed" date="1997-03-23"/>
  </code>
</codes>
<dc element="dc.date.created" value="1997-03-23"/>
<dc element="dc.publisher" value="Reuters Holdings Plc"/>
<dc element="dc.date.published" value="1997-03-23"/>
<dc element="dc.source" value="Reuters"/>
<dc element="dc.creator.location" value="CAIRO"/>
<dc element="dc.creator.location.country.name" value="EGYPT"/>
<dc element="dc.source" value="Reuters"/>
</metadata>
</newsitem>
