<?xml version="1.0" encoding="iso-8859-1" ?>
<newsitem itemid="462246" id="root" date="1997-03-23" xml:lang="en">
<title>ABU DHABI: FEATURE-Gulf arms salesmen say not merchants of death.</title>
<headline>FEATURE-Gulf arms salesmen say not merchants of death.</headline>
<byline>Michael Georgy</byline>
<dateline>ABU DHABI 1997-03-23</dateline>
<text>
<p>Jorn Edgren, marketing director of Finnish company Golden Gun, was at his stand at Abu Dhabi's arms show last week explaining how he lures potential customers to a row of JatiMatic submachine guns.</p>
<p>&quot;I look for people who look like they may be interested in submachine guns and I grab one of the guns and go out and stand in front of them,&quot; he said after fielding questions from two Ukranians peering through gun sights.</p>
<p>&quot;I try to get the attention of decision-makers, like generals, and at the same time, we try to find people here who can network for us.&quot;</p>
<p>In another section of the IDEX arms show -- one of the world's biggest -- Fuat Tigin, an engineer who hoped his Arabic-speaking skills would help secure deals, explained the Turkish approach.</p>
<p>&quot;Turkey is trying to penetrate the Gulf market but the Russians and Americans don't want us to. The only thing is to tell customers we offer lower prices,&quot; he said.</p>
<p>NO MENTION OF DEATH</p>
<p>During the arms show, every word except &quot;death&quot; was used to describe the lethal firepower delivered from a vast array of weapons on display -- from Howitzers to tanks to small pistols.</p>
<p>Arms dealers from around the world who gathered in Abu Dhabi to show off their tanks, missiles, pistols and other instruments of destruction each had their own strategy.</p>
<p>But, generally, the expensive and delicate art of selling weapons was couched in terms such as defence and &quot;taking out your target&quot;.</p>
<p>&quot;You can't really call us 'merchants of death',&quot; said one American executive. &quot;Countries have to defend themselves. This is a necessary evil.&quot;</p>
<p>Even the names of some of the weapons would have led you to believe that you were at the Olympics, not an oil-rich capital that had lured the big names in the international arms bazaar.</p>
<p>Taking a stroll along one of the exhibition areas you came across the Javelin -- but not the kind hurled by athletes.</p>
<p>It was an anti-tank weapons system that can hit the thinly armoured area around a tank's latch from two km (about a mile) away.</p>
<p>&quot;This can destroy any tank. It is the wave of the future,&quot; said a salesman. &quot;This is the best system of its kind in the world.&quot;</p>
<p>Nearby, a man in camouflage uniform fired a pistol at attackers crawling through desert scrub on an electronic screen.</p>
<p>Women in veils, and a smartly dressed Libyan man with slicked-back hair and a video recorder looked on as crowds stopped to study hit ratios.</p>
<p>ALL ACTIVITIES ARE OFFICIALLY SANCTIONED</p>
<p>All the activities were officially sanctioned by the more than 50 defence ministers who visited IDEX to back their companies and salute the handful of powerful men who give the green light on arms deals in Abu Dhabi.</p>
<p>Most of the serious business talk was done in lavish chalets on the edge of the IDEX site, where executives exchanged ideas and business cards and greeted diplomats.</p>
<p>Industry executives had speculated the UAE would award a $6 billion deal to supply up to 80 warplanes during the show.</p>
<p>They said turnout was strong but the show was an anti-climax in terms of deals signed -- from naval torpedoes to radar.</p>
<p>But there were light moments.</p>
<p>&quot;We have a special device in this vehicle which actually allows you to see through people's clothes,&quot; said one engineer.</p>
<p>All the talk of lucrative arms deals even grabbed the attention of those who say they are opposed to weapons production on religious grounds.</p>
<p>&quot;Thailand is a Buddhist country. Making weapons is offensive. But we came here to try to attract people to our defence exhibition later this year,&quot; said Gilbert Foong, managing director of &quot;Thai '97&quot;, scheduled for October.</p>
</text>
<copyright>(c) Reuters Limited 1997</copyright>
<metadata>
<codes class="bip:countries:1.0">
  <code code="UAE">
    <editdetail attribution="Reuters BIP Coding Group" action="confirmed" date="1997-03-23"/>
  </code>
</codes>
<codes class="bip:industries:1.0">
  <code code="I32900">
    <editdetail attribution="Reuters BIP Coding Group" action="confirmed" date="1997-03-23"/>
  </code>
</codes>
<codes class="bip:topics:1.0">
  <code code="C33">
    <editdetail attribution="Reuters BIP Coding Group" action="confirmed" date="1997-03-23"/>
  </code>
  <code code="C331">
    <editdetail attribution="Reuters BIP Coding Group" action="confirmed" date="1997-03-23"/>
  </code>
  <code code="CCAT">
    <editdetail attribution="Reuters BIP Coding Group" action="confirmed" date="1997-03-23"/>
  </code>
  <code code="GCAT">
    <editdetail attribution="Reuters BIP Coding Group" action="confirmed" date="1997-03-23"/>
  </code>
  <code code="GDEF">
    <editdetail attribution="Reuters BIP Coding Group" action="confirmed" date="1997-03-23"/>
  </code>
</codes>
<dc element="dc.date.created" value="1997-03-23"/>
<dc element="dc.publisher" value="Reuters Holdings Plc"/>
<dc element="dc.date.published" value="1997-03-23"/>
<dc element="dc.source" value="Reuters"/>
<dc element="dc.creator.location" value="ABU DHABI"/>
<dc element="dc.creator.location.country.name" value="ABU DHABI"/>
<dc element="dc.source" value="Reuters"/>
</metadata>
</newsitem>
