<?xml version="1.0" encoding="iso-8859-1" ?>
<newsitem itemid="462270" id="root" date="1997-03-23" xml:lang="en">
<title>USA: Clinton said warming to Gingrich budget offer.</title>
<headline>Clinton said warming to Gingrich budget offer.</headline>
<dateline>WASHINGTON 1997-03-22</dateline>
<text>
<p>President Clinton has offered to delay action on his proposed tuition tax credits and other tax cuts to boost the chance of reaching a budget accord with the Republican-led Congress, the Washington Post reported in Sunday editions.</p>
<p>White House Chief of Staff Erskine Bowles informed a number of key Democrats in Congress last week that the president would be willing to forgo his proposals for cutting taxes if Republicans would do the same, the newspaper said.</p>
<p>House Speaker Newt Gingrich angered some Republicans this past week by suggesting that Republicans could postone their proposed tax cuts for now in order to secure a balanced budget deal.</p>
<p>House Minority Leader Richard Gephardt Saturday told CNN he would be willing to consider delaying tax cuts in order to pass a balanced budget.</p>
<p>&quot;I'm willing to look at it. I haven't really decided the question,&quot; Gephardt said, when asked about Gingrich's suggestion.</p>
<p>He called on Republicans to speed up the pace of their work on the budget, adding faster progress could happen if they made a commitment to bipartisan efforts.</p>
<p>Senior administration officials told the Post Clinton would push to enact tax cuts later in the year if Republicans agreed to delay the cuts to secure a balanced budget.</p>
<p>&quot;The president is committed to enacting his tax cut and balancing the budget, and he believes his budget plan shows you can do both,&quot; the Post quoted Gene Sperling, chairman of Clinton's National Economic Council, as saying.</p>
<p>&quot;But if having a separate vote on tax cuts turns out to be means of getting a bipartisan balanced budget agreement, we're open to that,&quot; he said.</p>
<p>Clinton initially hailed Gingrich's suggestion as &quot;encouraging&quot; but he carefully avoided any suggestion that he might be willing to reciprocate by backing away from his own proposed tax cuts.</p>
<p>As part of his fiscal 1998 budget, Clinton proposed $98 billion in tax cuts over the next five years, including a tuition tax credit and a $500-per-child break for middle-income families.</p>
<p>The budget would partially offset the lost revenue with a package of $78 billion in tax and fee increases, mostly aimed at businesses and investors.</p>
<p>Republicans were pushing for tax cuts ranging up to $201 billion.</p>
<p>Gephardt said the time had come for genuine bipartisan efforts to pass the budget.</p>
<p>&quot;The way we used to do things is the committee would meet, Republicans and Democrats together, and they would work together to try to produce a budget. That's what we ought to be doing now -- not putting up trial balloons,&quot; he said.</p>
</text>
<copyright>(c) Reuters Limited 1997</copyright>
<metadata>
<codes class="bip:countries:1.0">
  <code code="USA">
    <editdetail attribution="Reuters BIP Coding Group" action="confirmed" date="1997-03-23"/>
  </code>
</codes>
<codes class="bip:topics:1.0">
  <code code="E21">
    <editdetail attribution="Reuters BIP Coding Group" action="confirmed" date="1997-03-23"/>
  </code>
  <code code="E211">
    <editdetail attribution="Reuters BIP Coding Group" action="confirmed" date="1997-03-23"/>
  </code>
  <code code="ECAT">
    <editdetail attribution="Reuters BIP Coding Group" action="confirmed" date="1997-03-23"/>
  </code>
  <code code="GCAT">
    <editdetail attribution="Reuters BIP Coding Group" action="confirmed" date="1997-03-23"/>
  </code>
  <code code="GPOL">
    <editdetail attribution="Reuters BIP Coding Group" action="confirmed" date="1997-03-23"/>
  </code>
</codes>
<dc element="dc.date.created" value="1997-03-22"/>
<dc element="dc.publisher" value="Reuters Holdings Plc"/>
<dc element="dc.date.published" value="1997-03-23"/>
<dc element="dc.source" value="Reuters"/>
<dc element="dc.creator.location" value="WASHINGTON"/>
<dc element="dc.creator.location.country.name" value="USA"/>
<dc element="dc.source" value="Reuters"/>
</metadata>
</newsitem>
