<?xml version="1.0" encoding="iso-8859-1" ?>
<newsitem itemid="462298" id="root" date="1997-03-23" xml:lang="en">
<title>GERMANY: Leaders say German steel merger talks faring well.</title>
<headline>Leaders say German steel merger talks faring well.</headline>
<byline>John Gilardi</byline>
<dateline>FRANKFURT 1997-03-23</dateline>
<text>
<p>German political and economic leaders said on Sunday prospects for a peaceful end to German steel group Fried. Krupp AG Hoesch-Krupp's hostile takeover bid for rival Thyssen AG appeared to be improving.</p>
<p>But tension remained as Thyssen's works council called for a massive protest on Tuesday in Frankfurt's financial quarter and weekend media reported that Krupp was likely to resume its takeover bid as early as the first week of April.</p>
<p>Thyssen chief executive Dieter Vogel said talks between the two groups were on &quot;a good path&quot; and could reach a conclusion as soon as Wednesday -- a day before Krupp's deadline to reach a deal to avert a full-blown takeover bid.</p>
<p>Vogel participated in the secret weekend talks with Krupp chief executive Gerhard Cromme and their steel unit executives under the guidance of former Mercedes Benz AG chief executive Helmut Werner, who was called in to mediate in the dispute.</p>
<p>The talks, described by one source as taking place in a &quot;good climate&quot;, have focused on ways to integrate the steel units under the majority control of Thyssen, which employs about 20,000 workers in the unit that has annual revenues of about 10 billion marks ($5.9 billion) -- about twice the size of Krupp's unit.</p>
<p>The talks, which began on Thursday, were sparked by Krupp's rare bid for the larger Thyssen earlier last week that shocked Germany's informal code against hostile takeovers.</p>
<p>A merger between Krupp and Thyssen steel units would create one of the industry's largest groups. But Krupp has said a full merger of the two companies would create cost savings in other areas as well, such as engineering and automotive components.</p>
<p>Thyssen's works council called on some 50,000 workers to stage a protest on Tuesday in Frankfurt, the nation's financial capital, as top politicans, including Chancellor Helmut Kohl, called on both companies to show social responsibility.</p>
<p>&quot;We are going to Frankfurt because we fear that our future cannot be helped by the democratically-elected government in Bonn but will instead be decided by the banks,&quot; said Thyssen works council leader Georg Bongen in announcing the rally.</p>
<p>The takeover attempt has sparked spontaneous work stoppages by thousands of steel workers in the Ruhr valley heartland and local politicians intervened, persuading the two companies to begin the talks over a merger of just their steel companies.</p>
<p>Despite expectations of ongoing labour unrest, Wolfgang Clement, the economics minister in the state of North Rhine-Westphalia where the two groups are based, said on Sunday that he expected a co-operation deal to be reached.</p>
<p>Clement's views were echoed by Hans-Olaf Henkel, president of the Federation of German Industry, who said he too believed Krupp and Thyssen would find a way to unify their steel operations to remain competitive but avoid massive job losses.</p>
<p>&quot;I would say a merger would be good for both companies, particularly in the long-term,&quot; Henkel told German television network ZDF in an interview programme along with Clement.</p>
<p>Clement, a member of the Social Democratic Party (SPD), said he had the &quot;impression that these talks have been very constructive I do not think the differences are dramatic. I want to see a merger in the end and not a hostile takeover.&quot;</p>
<p>But Die Welt newspaper said on Saturday that Krupp plans to relaunch its hostile takeover bid as early as next week.</p>
<p>Citing reliable sources, the newspaper said Krupp believed Thyssen only agreed to the merger talks in order to win time.</p>
<p>Germany's Der Spiegel magazine also said at the weekend that studies by Deutsche Bank AG , Dresdner Bank AG and investment bank Goldman Sachs showed a merger could show positive results as early as spring 1998.</p>
<p>The study, done at a cost of over 200 million marks for Krupp, assumed both companies could sell off a number of units and that Krupp could repay the takeover debts by the year 2000.</p>
<p>Focus news magazine said a top Deutsche Bank AG official did not rule out resigning from the Thyssen supervisory board after trade unions sharply criticised Deutsche and Dresdner for their role in the takeover bid.</p>
<p>&quot;I will not rule out that I will give up my mandate at the end of the meeting (on Thursday),&quot; Ulrich Cartellieri, who represents Deutsche's shareholder interests on the Thyssen board, said in an interview released ahead of publication on Monday.</p>
</text>
<copyright>(c) Reuters Limited 1997</copyright>
<metadata>
<codes class="bip:countries:1.0">
  <code code="GFR">
    <editdetail attribution="Reuters BIP Coding Group" action="confirmed" date="1997-03-23"/>
  </code>
</codes>
<codes class="bip:industries:1.0">
  <code code="I22100">
    <editdetail attribution="Reuters BIP Coding Group" action="confirmed" date="1997-03-23"/>
  </code>
  <code code="I83960">
    <editdetail attribution="Reuters BIP Coding Group" action="confirmed" date="1997-03-23"/>
  </code>
</codes>
<codes class="bip:topics:1.0">
  <code code="C13">
    <editdetail attribution="Reuters BIP Coding Group" action="confirmed" date="1997-03-23"/>
  </code>
  <code code="C18">
    <editdetail attribution="Reuters BIP Coding Group" action="confirmed" date="1997-03-23"/>
  </code>
  <code code="C181">
    <editdetail attribution="Reuters BIP Coding Group" action="confirmed" date="1997-03-23"/>
  </code>
  <code code="CCAT">
    <editdetail attribution="Reuters BIP Coding Group" action="confirmed" date="1997-03-23"/>
  </code>
  <code code="E41">
    <editdetail attribution="Reuters BIP Coding Group" action="confirmed" date="1997-03-23"/>
  </code>
  <code code="ECAT">
    <editdetail attribution="Reuters BIP Coding Group" action="confirmed" date="1997-03-23"/>
  </code>
  <code code="GCAT">
    <editdetail attribution="Reuters BIP Coding Group" action="confirmed" date="1997-03-23"/>
  </code>
  <code code="GJOB">
    <editdetail attribution="Reuters BIP Coding Group" action="confirmed" date="1997-03-23"/>
  </code>
</codes>
<dc element="dc.date.created" value="1997-03-23"/>
<dc element="dc.publisher" value="Reuters Holdings Plc"/>
<dc element="dc.date.published" value="1997-03-23"/>
<dc element="dc.source" value="Reuters"/>
<dc element="dc.creator.location" value="FRANKFURT"/>
<dc element="dc.creator.location.country.name" value="GERMANY"/>
<dc element="dc.source" value="Reuters"/>
</metadata>
</newsitem>
