<?xml version="1.0" encoding="iso-8859-1" ?>
<newsitem itemid="462235" id="root" date="1997-03-23" xml:lang="en">
<title>EGYPT: PRESS DIGEST - Egypt economic press - March 23.</title>
<headline>PRESS DIGEST - Egypt economic press - March 23.</headline>
<dateline>CAIRO 1997-03-23</dateline>
<text>
<p>These are the leading stories in the Egyptian economic press this week. Reuters has not verified these stories and does not vouch for their accuracy.</p>
<p>AL-BORSA</p>
<p>- People working at the stock exchange welcomed the appointment of Abdelghani Gamie as head of the board and the change in the structure of the board.</p>
<p>- The chairman of Southern Cairo Flour Mills, Rafik Shalabi, said the government had decided not to give up its majority stake in four partially privatised milling companies -- Southern Cairo Flour Mills, Central Egypt Flour Mills, North Cairo Flour Mills and Alexandria Flour Mills. An official source has earlier said the government would give up its majority stake, as it has done in some other milling companies.</p>
<p>- The marketing manager at Watany Bank of Egypt, Ezzeddin Abu el-Maati, said the board had agreed to propose increasing the bank's capital to 105 million pounds ($31 million) at an extraordinary shareholders meeting. It has not been decided how much will be raised through a free share issue to existing shareholders and how much by public subscription. The present capital is 82 million pounds. The bank made pre-tax profits of 58 million pounds in 1996, against 30.8 million in the previous year.</p>
<p>- Yahya Qutb, chairman of Egyptian Financial and Industrial, said a feasibility study is being prepared on a project to produce potassium sulphate at a cost of about $120 million. Within three years it could add 120 million pounds a year to the company's profits.</p>
<p>- Net after-tax profits at Telemisr/Arab Radio Transistor and Electronics Supplies increased in the first six months of the financial year (July-December 1996), to 6.14 million pounds, against 1.882 million in the same period of the previous year.</p>
<p>- An extraordinary shareholders meeting of Misr International Bank/MIBANK early last week agreed a five-for-one share split.</p>
<p>- Extracted Oils and Derivatives raised pre-tax profits despite a fall of revenues, to 15.001 million pounds in the seven months ending in January, against 11.8 million in the same period of the previous financial year.</p>
<p>- Egyptian Tora Portland Cement raised after-tax profits to 78.5 million pounds in the six months up to December, from 63.45 million in the same period of the previous year.</p>
<p>- Memphis Pharmaceuticals and Chemical Industries made net unaudited after-tax profits of 16.869 million pounds in the first seven months of the financial year (July-January), against 14.575 million in the same period of 1995/6.</p>
<p>- Nile Match and Prefabricated Houses made net unaudited pre-tax profits of 1.173 million pounds in the first six months of the financial year (July-December), a decline from 1.775 million in the same period of 1995/6.</p>
<p>- Shareholders of National Societe Generale Bank decided at last week's meeting to pay out a dividend of 20 pounds a share and distribute one free share for every five. The bank made after-tax profits of 56.98 million pounds in 1996, against 48.39 million in 1995.</p>
<p>- Hassan Abdullah, the head of treasury at Arab African International Bank, said the bank would stop accepting applications for its bonds on Tuesday. The offer of bonds worth 300 million pounds was covered last week.</p>
<p>-- Cairo newsroom +20 2 578 3290/1</p>
</text>
<copyright>(c) Reuters Limited 1997</copyright>
<metadata>
<codes class="bip:countries:1.0">
  <code code="EGYPT">
    <editdetail attribution="Reuters BIP Coding Group" action="confirmed" date="1997-03-23"/>
  </code>
</codes>
<codes class="bip:topics:1.0">
  <code code="GCAT">
    <editdetail attribution="Reuters BIP Coding Group" action="confirmed" date="1997-03-23"/>
  </code>
</codes>
<dc element="dc.date.created" value="1997-03-23"/>
<dc element="dc.publisher" value="Reuters Holdings Plc"/>
<dc element="dc.date.published" value="1997-03-23"/>
<dc element="dc.source" value="Reuters"/>
<dc element="dc.creator.location" value="CAIRO"/>
<dc element="dc.creator.location.country.name" value="EGYPT"/>
<dc element="dc.source" value="Reuters"/>
</metadata>
</newsitem>
