<?xml version="1.0" encoding="iso-8859-1" ?>
<newsitem itemid="462249" id="root" date="1997-03-23" xml:lang="en">
<title>USA: Stage is set for Hollywood's big Oscar night out.</title>
<headline>Stage is set for Hollywood's big Oscar night out.</headline>
<byline>Steve James</byline>
<dateline>LOS ANGELES 1997-03-23</dateline>
<text>
<p>The stage was set, the red carpet was down and fans were camped out on Sunday ready for Hollywood's big night out -- the Academy Awards.</p>
<p>&quot;I feel like a child, I am so excited,&quot; singer Celine Dion said, as she rehearsed at the Shrine Auditorium where Monday night she will sing one of the Oscar-nominated songs -- &quot;Because You Loved Me,&quot; from the film &quot;Up Close and Personal&quot;.</p>
<p>Comedian Billy Crystal, who will be back as host of the show after a three-year absence, said the Academy Awards show will be a three-hour test of his willpower not to say &quot;Show me the money!&quot; -- the overworked catch-phrase from Tom Cruise's nominated movie &quot;Jerry Maguire&quot;.</p>
<p>&quot;I'm trying to get through the show so I don't say it,&quot; Crystal told the Los Angeles Times.</p>
<p>As hairdressers and tuxedo rental stores were doing brisk business, Monday's Oscars show was embroiled in controversy. The focus was not on who would be at the ceremony, but, rather, who would not.</p>
<p>In an apparent snub to the Academy of Motion Picture Arts and Sciences, Barbra Streisand will not sing the Oscar-nominated song from &quot;The Mirror Has Two Faces&quot;.</p>
<p>A spokeswoman for the academy told Reuters that Streisand pulled out and was not expected to attend. Natalie Cole will sing &quot;I Finally Found Someone&quot; instead.</p>
<p>Some news reports said Streisand was upset the film she directed and co-produced did not get a best picture nod.</p>
<p>Another no-show will be Hustler magazine publisher Larry Flynt, whose life was portrayed in the movie &quot;The People vs Larry Flynt&quot;. He claimed Sony, the parent company of Columbia Pictures, did not invite him.</p>
<p>However, Flynt, who has been attacked as a pornographer by feminist groups, was at the Golden Globes award ceremony in January with actor Woody Harrelson, who played him in the film, and Courtney Love, who played his late wife Althea.</p>
<p>But for the Academy Awards, where Harrelson has been nominated for best actor and Milos Forman for best director, Columbia said it had no ticket for Flynt.</p>
<p>&quot;The ironic thing about all this is that this film is about censorship,&quot; Flynt told the Los Angeles Times.</p>
<p>Unfazed, about 1,000 fans -- some had been waiting since Wednesday -- were camped out on bleachers at the arrivals area outside the Shrine Auditorium.</p>
<p>In a year with few big-name stars nominated, competition appeared to be wide open. The only Oscar certainty seemed to be Lauren Bacall as best supporting actress for &quot;The Mirror Has Two Faces&quot;.</p>
<p>Much like Paul Newman's best actor Oscar in 1986 for &quot;The Colour of Money&quot;, Bacall was a sentimental favourite to win as a reward for 50 years in Hollywood without a nomination.</p>
<p>The buzz in Hollywood this year? According to the Los Angeles Times, there is no buzz. &quot;Maybe it's because the people up for awards don't have a lot of enemies or friends in this town,&quot; one producer told the newspaper.</p>
<p>Indeed, in the major categories, only Cruise -- best actor nominee for &quot;Jerry Maguire&quot; and Diane Keaton, best actress nominee for &quot;Marvin's Room&quot; -- are A-list stars.</p>
<p>Harrelson, Ralph Fiennes (best actor for &quot;The English Patient&quot;) and James Woods (best supporting actor for &quot;Ghosts of Mississippi&quot;) are B-list performers, but the rest?</p>
<p>The average movie fan would be hard-pressed to identify Brenda Blethyn (&quot;Secrets &amp; Lies&quot;), Frances McDormand (&quot;Fargo&quot;), Kristin Scott Thomas (&quot;The English Patient&quot;) or Emily Watson (&quot;Breaking the Waves&quot;) as best actress.</p>
<p>For best actor, neither Billy Bob Thornton (&quot;Sling Blade&quot;) nor Geoffrey Rush (&quot;Shine&quot;) are household names.</p>
<p>The supporting actor category is completed by first-time nominees, Cuba Gooding Jr. (&quot;Jerry Maguire&quot;), William Macy (&quot;Fargo&quot;), Armin Mueller-Stahl (&quot;Shine&quot;) and Edward Norton (&quot;Primal Fear&quot;).</p>
<p>Besides Bacall, the supporting actress group has Joan Allen (&quot;The Crucible&quot;), who was nominated last year for &quot;Nixon&quot;, and Barbara Hershey (&quot;The Portrait of a Lady&quot;), who is certainly a recognisable actress.</p>
<p>But Juliette Binoche (&quot;The English Patient&quot;) and Marianne Jean-Baptiste (&quot;Secrets &amp; Lies&quot;) are unknowns.</p>
<p>If precedents mean anything, then &quot;The English Patient&quot;, which picked up 12 nominations, had a good chance of winning best picture. In the last 25 years, the film with the most nominations won the best picture Oscar 21 times.</p>
<p>Director Anthony Minghella said the film &quot;treats audiences as grown-ups -- it asks them to think and feel.&quot;</p>
<p>The five nominations for best foreign film are: &quot;A Chef in Love&quot; (Georgia), &quot;Kolya&quot; (Czech Republic), &quot;The Other Side of Sunday (Norway), &quot;Prisoner of the Mountains&quot; (Russia) and &quot;Ridicule&quot; (France).</p>
</text>
<copyright>(c) Reuters Limited 1997</copyright>
<metadata>
<codes class="bip:countries:1.0">
  <code code="USA">
    <editdetail attribution="Reuters BIP Coding Group" action="confirmed" date="1997-03-23"/>
  </code>
</codes>
<codes class="bip:topics:1.0">
  <code code="GCAT">
    <editdetail attribution="Reuters BIP Coding Group" action="confirmed" date="1997-03-23"/>
  </code>
  <code code="GENT">
    <editdetail attribution="Reuters BIP Coding Group" action="confirmed" date="1997-03-23"/>
  </code>
</codes>
<dc element="dc.date.created" value="1997-03-23"/>
<dc element="dc.publisher" value="Reuters Holdings Plc"/>
<dc element="dc.date.published" value="1997-03-23"/>
<dc element="dc.source" value="Reuters"/>
<dc element="dc.creator.location" value="LOS ANGELES"/>
<dc element="dc.creator.location.country.name" value="USA"/>
<dc element="dc.source" value="Reuters"/>
</metadata>
</newsitem>
