<?xml version="1.0" encoding="iso-8859-1" ?>
<newsitem itemid="462259" id="root" date="1997-03-23" xml:lang="en">
<title>USA: Clinton goes to church on crutches.</title>
<headline>Clinton goes to church on crutches.</headline>
<dateline>WASHINGTON 1997-03-23</dateline>
<text>
<p>President Clinton went to church on crutches on Sunday and took a mini-stroll at the White House as he sought some relief from the wheelchair he has used since knee surgery over a week ago.</p>
<p>The president took his longest public walk on crutches so far after the service, from the church door down about a half dozen steps to the van holding his wheelchair, with Secret Service men hovering at his elbows and church bells pealing.</p>
<p>Part of the way down the steps, Clinton used a hand railing and just one crutch. Parishioners of the Foundry United Methodist Church watched the scene anxiously.</p>
<p>Clinton usually attends the church when he is in town, and sat in the front row Sunday. Some in the congregation giggled when the pastor asked for prayer for those in the hospital &quot;and in various stages of recovery.&quot;</p>
<p>Asked by a reporter outside the church how the crutches felt, Clinton smiled and said, &quot;Better. Feels fine. Thanks.&quot; He then lowered himself into his wheelchair, which was sitting on a special elevator platform that was raised into the van.</p>
<p>However, the president ignored a question about whether he had made any telephone calls from the White House to raise money for his Democratic party.</p>
<p>Arriving back at the White House, Clinton did not go inside immediately but used the crutches for a little early spring stroll from his van to the Rose Garden, a journey of perhaps a couple of hundred feet.</p>
<p>White House officials said Clinton planned to spend the rest of the day in some &quot;rigorous&quot; physical therapy -- and watching basketball on television. His wife Hillary and daughter Chelsea were travelling in Africa.</p>
<p>Clinton's right knee was surgically repaired on March 14 after he tore a tendon by stumbling on some steps at the Florida estate of Australian golfer Greg Norman.</p>
<p>He left the hospital on March 16 and has been wheelchair-bound since then. The president restricted his activities to the White House until Wednesday evening, when he left town for a two-day summit in Helsinki, Finland with Russian President Boris Yeltsin.</p>
</text>
<copyright>(c) Reuters Limited 1997</copyright>
<metadata>
<codes class="bip:countries:1.0">
  <code code="USA">
    <editdetail attribution="Reuters BIP Coding Group" action="confirmed" date="1997-03-23"/>
  </code>
</codes>
<codes class="bip:topics:1.0">
  <code code="GCAT">
    <editdetail attribution="Reuters BIP Coding Group" action="confirmed" date="1997-03-23"/>
  </code>
  <code code="GPOL">
    <editdetail attribution="Reuters BIP Coding Group" action="confirmed" date="1997-03-23"/>
  </code>
</codes>
<dc element="dc.date.created" value="1997-03-23"/>
<dc element="dc.publisher" value="Reuters Holdings Plc"/>
<dc element="dc.date.published" value="1997-03-23"/>
<dc element="dc.source" value="Reuters"/>
<dc element="dc.creator.location" value="WASHINGTON"/>
<dc element="dc.creator.location.country.name" value="USA"/>
<dc element="dc.source" value="Reuters"/>
</metadata>
</newsitem>
