<?xml version="1.0" encoding="iso-8859-1" ?>
<newsitem itemid="462257" id="root" date="1997-03-23" xml:lang="en">
<title>USA: White House says U.S. diplomat will leave Belarus.</title>
<headline>White House says U.S. diplomat will leave Belarus.</headline>
<dateline>WASHINGTON 1997-03-23</dateline>
<text>
<p>The White House said on Sunday a U.S. diplomat would comply with the request of the government of Belarus that he leave that country after he was detained at the scene of an anti-government protest.</p>
<p>&quot;He has been released, and the Belarus authorities have requested him to depart within 24 hours, and we of course will comply with that wish,&quot; a White House official said.</p>
<p>Earlier Belarussian state television said the diplomat, the U.S. embassy's first secretary Serzh Alexandrov, had been declared persona non grata and had been asked to leave the former Soviet republic.</p>
<p>A news anchorman read out a Foreign Ministry statement saying Alexandrov, an ethnic Belarussian, had taken part in actions &quot;incompatible with his diplomatic status.&quot;</p>
<p>The White House official declined to comment on the circumstances under which the diplomat was arrested, but said: &quot;We are extremely disturbed at the continuing slide toward authoritarianism in Belarus.&quot;</p>
<p>The Belarus Foreign Ministry statement said Alexandrov had been detained for &quot;provocative actions&quot; during violent clashes on Sunday between riot police and nationalist demonstrators protesting against the pro-Moscow policies of hardline President Alexander Lukashenko. About 70 other people were arrested.</p>
<p>The United States has been one of Lukashenko's strongest critics.</p>
<p>The official spokeswoman for the U.S. embassy in Minsk, Janet Demery, told Reuters that Western diplomats often watched Belarus protests from the sidelines &quot;as part of a brief to observe the political situation but not to participate.&quot;</p>
</text>
<copyright>(c) Reuters Limited 1997</copyright>
<metadata>
<codes class="bip:countries:1.0">
  <code code="BYELRS">
    <editdetail attribution="Reuters BIP Coding Group" action="confirmed" date="1997-03-23"/>
  </code>
  <code code="USA">
    <editdetail attribution="Reuters BIP Coding Group" action="confirmed" date="1997-03-23"/>
  </code>
</codes>
<codes class="bip:topics:1.0">
  <code code="GCAT">
    <editdetail attribution="Reuters BIP Coding Group" action="confirmed" date="1997-03-23"/>
  </code>
  <code code="GDIP">
    <editdetail attribution="Reuters BIP Coding Group" action="confirmed" date="1997-03-23"/>
  </code>
</codes>
<dc element="dc.date.created" value="1997-03-23"/>
<dc element="dc.publisher" value="Reuters Holdings Plc"/>
<dc element="dc.date.published" value="1997-03-23"/>
<dc element="dc.source" value="Reuters"/>
<dc element="dc.creator.location" value="WASHINGTON"/>
<dc element="dc.creator.location.country.name" value="USA"/>
<dc element="dc.source" value="Reuters"/>
</metadata>
</newsitem>
