<?xml version="1.0" encoding="iso-8859-1" ?>
<newsitem itemid="462206" id="root" date="1997-03-23" xml:lang="en">
<title>ISRAEL: Hamas militant still at large - PLO.</title>
<headline>Hamas militant still at large - PLO.</headline>
<dateline>GAZA 1997-03-23</dateline>
<text>
<p>A leader of the Islamic militant group Hamas, previously reported under Palestinian Authority arrest, is still at large, Palestinian Attorney General Khaled al-Qidra said.</p>
<p>&quot;There is a warrant for the arrest of Dr Ibrahim al-Makadmeh. He is still at large,&quot; al-Qidra told Reuters, a day after a Hamas source reported the militant leader had been arrested in the wake of a Tel Aviv suicide bombing on Friday.  </p>
<p>Makadmeh, a leader of a Hamas military wing, was released from prison by Palestinian President Yasser Arafat earlier this month.</p>
<p>Israeli Prime Minister Benjamin Netanyahu had accused Arafat of tacitly giving Hamas a &quot;green light&quot; to strike against the Jewish state by freeing Makadmeh and other militants arrested last year after suicide bombers killed 59 people in Israel.</p>
<p>A Hamas source said the group mistakenly reported that Makadmeh had been arrested on Friday.</p>
<p>&quot;Since the Palestinian police have raided his home several times, the family said he was arrested. But we have found out that the police are looking for him,&quot; said the source, who refused to be identified.</p>
</text>
<copyright>(c) Reuters Limited 1997</copyright>
<metadata>
<codes class="bip:countries:1.0">
  <code code="ISRAEL">
    <editdetail attribution="Reuters BIP Coding Group" action="confirmed" date="1997-03-23"/>
  </code>
</codes>
<codes class="bip:topics:1.0">
  <code code="GCAT">
    <editdetail attribution="Reuters BIP Coding Group" action="confirmed" date="1997-03-23"/>
  </code>
  <code code="GVIO">
    <editdetail attribution="Reuters BIP Coding Group" action="confirmed" date="1997-03-23"/>
  </code>
</codes>
<dc element="dc.date.created" value="1997-03-23"/>
<dc element="dc.publisher" value="Reuters Holdings Plc"/>
<dc element="dc.date.published" value="1997-03-23"/>
<dc element="dc.source" value="Reuters"/>
<dc element="dc.creator.location" value="GAZA"/>
<dc element="dc.creator.location.country.name" value="ISRAEL"/>
<dc element="dc.source" value="Reuters"/>
</metadata>
</newsitem>
