<?xml version="1.0" encoding="iso-8859-1" ?>
<newsitem itemid="462250" id="root" date="1997-03-23" xml:lang="en">
<title>USA: Clinton willing to delay tax cuts for budget deal.</title>
<headline>Clinton willing to delay tax cuts for budget deal.</headline>
<dateline>WASHINGTON 1997-03-23</dateline>
<text>
<p>President Bill Clinton would be willing to delay action on his proposed tax cuts if the Republicans in Congess do the same as part of an accord on balancing the federal budget, the White House said on Sunday.</p>
<p>Clinton's offer was a supportive response to House Speaker Newt Gingrich, who took a political risk and angered some fellow Republicans last week by suggesting Republicans shelve their proposed tax cuts to get a balanced budget deal.</p>
<p>White House Chief of Staff Erskine Bowles told key Democrats in Congress late last week that Clinton would be willing to delay his tax cut proposals, a White House official said.</p>
<p>&quot;It is true, the president is willing to forgo his tax cut proposals if the Republicans do the same,&quot; the White House official said.</p>
<p>The Democrats had long argued that the sheer size of the Republicans' tax cut proposal -- about $200 billion -- made it an obstacle to eliminating the federal deficit, and that is why Gingrich's offer last week to postpone the tax cuts was encouraging to the White House.</p>
<p>But Clinton also included some tax cuts in a balanced budget plan submitted early this year. His proposals would cost the Treasury some $98 billion over five years -- about half the Republican tax cut price tag -- and are targeted to education and families with children.</p>
<p>&quot;The president's budget shows you can balance the budget with tax cuts and our preference is to have a balanced budget with tax cuts in it,&quot; the White House official said.</p>
<p>&quot;But if having a separate vote on tax cuts is the way to a budget agreement, we're open to that,&quot; the official said.</p>
<p>Earlier this week Clinton publicly hailed Gingrich's suggestion but he had avoided any suggestion that he might be willing to reciprocate by backing away from his own proposed tax cuts.</p>
<p>Some congressional Democrats also said over the weekend they too would be willing to consider delaying tax cuts if it helped lead to a balanced budget agreement.</p>
<p>&quot;I'm willing to look at it. I haven't really decided the question,&quot; House Democratic leader Richard Gephardt said.</p>
<p>Republican lawmakers offered reassurances on Sunday that the House of Representatives leadership still firmly backed tax cuts, a keystone of the party platform.</p>
<p>&quot;We're not giving up our commitment to tax cuts,&quot; Representative Tom DeLay, House assistant majority leader, said on the &quot;Fox News Sunday&quot; television programme.</p>
<p>DeLay, a Texas Republican, said Gingrich's offer was more a tactical manoeuvre that mimicked success last year in passing a welfare reform bill that President Clinton signed into law.</p>
<p>&quot;When we pulled welfare reform out by itself we passed it ... because we focused the nation on welfare reform, the president had to sign it even though he didn't want to,&quot; DeLay said.</p>
<p>&quot;We think we can do the same thing by focusing the country on Medicare by itself, Medicaid by itself and tax cuts by itself, and the nation will force the president to sign it,&quot; he said.</p>
</text>
<copyright>(c) Reuters Limited 1997</copyright>
<metadata>
<codes class="bip:countries:1.0">
  <code code="USA">
    <editdetail attribution="Reuters BIP Coding Group" action="confirmed" date="1997-03-23"/>
  </code>
</codes>
<codes class="bip:topics:1.0">
  <code code="E21">
    <editdetail attribution="Reuters BIP Coding Group" action="confirmed" date="1997-03-23"/>
  </code>
  <code code="E211">
    <editdetail attribution="Reuters BIP Coding Group" action="confirmed" date="1997-03-23"/>
  </code>
  <code code="ECAT">
    <editdetail attribution="Reuters BIP Coding Group" action="confirmed" date="1997-03-23"/>
  </code>
  <code code="GCAT">
    <editdetail attribution="Reuters BIP Coding Group" action="confirmed" date="1997-03-23"/>
  </code>
  <code code="GPOL">
    <editdetail attribution="Reuters BIP Coding Group" action="confirmed" date="1997-03-23"/>
  </code>
</codes>
<dc element="dc.date.created" value="1997-03-23"/>
<dc element="dc.publisher" value="Reuters Holdings Plc"/>
<dc element="dc.date.published" value="1997-03-23"/>
<dc element="dc.source" value="Reuters"/>
<dc element="dc.creator.location" value="WASHINGTON"/>
<dc element="dc.creator.location.country.name" value="USA"/>
<dc element="dc.source" value="Reuters"/>
</metadata>
</newsitem>
