<?xml version="1.0" encoding="iso-8859-1" ?>
<newsitem itemid="462236" id="root" date="1997-03-23" xml:lang="en">
<title>JORDAN: PRESS DIGEST - Jordan - March 23.</title>
<headline>PRESS DIGEST - Jordan - March 23.</headline>
<dateline>AMMAN 1997-03-23</dateline>
<text>
<p>These are some of the leading stories in the Jordanian press on Sunday. Reuters has not verified these stories and does not vouch for their accuracy.</p>
<p>AD-DUSTOUR</p>
<p>- King Hussein undergoes routine health checks in Mayo clinic in USA.</p>
<p>- Israel stops Gazans from crossing King Hussein Bridge between West Bank and Jordan after Tel Aviv explosion, sources say.</p>
<p>- Water minister says government will take all steps to ensure Jordan River water does not get polluted.</p>
<p>- Deterioration in doctors' pay conditions as result of fall in value of incentives.</p>
<p>AL-ASWAQ</p>
<p>- Improvement in Iraqi-Jordanian ties. UN approves contracts for Jordanian exports to Iraq -- 10 companies get export approval.</p>
<p>AL-RAI</p>
<p>- Crown Prince Hassan calls for dialogue instead of violence in the Middle East peace process.</p>
<p>- Prime Minister Abdul Salam-al-Majali affirms Jordan's keenness to strengthen ties with Iraq.</p>
<p>- Two ministerial committees set up for services and development.</p>
<p>- Planning Ministry official says Jordan nearly reached stage of doing without World Bank support for its economic reform programme.</p>
<p>JORDAN TIMES</p>
<p>- Prime Minister hopes World Bank will offer assistance to Jordan to launch small projects and help alleviate poverty.</p>
<p>- Crown Prince Hassan and Prime Minister indicate government focus is on internal issues as well as efforts to end crisis in peace process.</p>
<p>- No strain in Jordanian-Iraqi ties, Iraqi Deputy Prime Minister Tareq Aziz says after talks with Majali.</p>
</text>
<copyright>(c) Reuters Limited 1997</copyright>
<metadata>
<codes class="bip:countries:1.0">
  <code code="JORDAN">
    <editdetail attribution="Reuters BIP Coding Group" action="confirmed" date="1997-03-23"/>
  </code>
</codes>
<codes class="bip:topics:1.0">
  <code code="GCAT">
    <editdetail attribution="Reuters BIP Coding Group" action="confirmed" date="1997-03-23"/>
  </code>
</codes>
<dc element="dc.date.created" value="1997-03-23"/>
<dc element="dc.publisher" value="Reuters Holdings Plc"/>
<dc element="dc.date.published" value="1997-03-23"/>
<dc element="dc.source" value="Reuters"/>
<dc element="dc.creator.location" value="AMMAN"/>
<dc element="dc.creator.location.country.name" value="JORDAN"/>
<dc element="dc.source" value="Reuters"/>
</metadata>
</newsitem>
