<?xml version="1.0" encoding="iso-8859-1" ?>
<newsitem itemid="462253" id="root" date="1997-03-23" xml:lang="en">
<title>USA: Pilots board adjourns American talks until April.</title>
<headline>Pilots board adjourns American talks until April.</headline>
<dateline>WASHINGTON 1997-03-22</dateline>
<text>
<p>Robert Trautman</p>
<p>The pilots union on Saturday reported progress in resolving a dispute with American Airlines over commuter flights, but its board adjourned until next month without deciding whether to back American's new contract proposal.</p>
<p>James Sovich, president of the Allied Pilots Association, added that after two days of union discussions on the contract proposal, the APA would not make any more concessions to avert a threatened strike by its pilots set for April 28.</p>
<p>Following the talks, the board adjourned and set its next meeting for April 3 at a site to be determined later.</p>
<p>Spokesman Wally Pitts said the adjournment was to give the negotiating committee time to put the agreement in principle into the legal language required for a board vote.</p>
<p>Sovich said the issue of who is to fly the new small jets American is to buy for its regional carrier, American Eagle, remained the most contentious in its agreement in principle with American, the nation's No. 2 airline.</p>
<p>Sovich said that negotiators for the APA pilots, who fly American's big jets, have an understanding with the Air Line Pilots Association, who fly Eagle's turboprops, on who would fly the commuter jets, but American had not yet signed on.</p>
<p>There was no immediate comment from American, a unit of AMR Corp..</p>
<p>Last Wednesday APA and American reached its agreement in principle, but the APA's board must endorse the pact and then send it to its 9,300 members for ratification.</p>
<p>Sovich said the agreement in principle included the issues of overall pay, cost of living increases and pay scales for new big American jets, but that who will fly the new small regional jets was still &quot;the most contentious issue.&quot;</p>
<p>He said a &quot;hybrid&quot; solution was reached with Eagle's pilots union, the Air Line Pilots Association, but it was not yet in writing so could not be considered by the board.</p>
<p>Sovich gave no details of the hybrid agreement, saying only it would allow lower-paid Eagle pilots to move to the big jets when American was hiring and for American's higher-paid pilots to move to Eagle planes if American was contracting.</p>
<p>One union official said if Eagle pilots were allowed to fly regional jets, &quot;We're concerned American will expand the regional fleet and shrink the American fleet.&quot;</p>
<p>Even if the board accepts American's proposal, membership approval would not be assured. After the board accepted an American proposal last Sept. 2 the members rejected it on Jan. 8, setting the stage for the new dispute.</p>
<p>The union went on strike at midnight on Feb. 14 following a week of fruitless negotiations, but minutes later the White House created the Presidential Emergency Board, sending the pilots back to work.</p>
<p>Under PEB law, the pilots are prohibited from striking for 60 days while the board tries to fashion a proposed settlement and the two sides consider whether to accept it.</p>
<p>They agreed to extend the deadline to April 28.</p>
<p>From the beginning cockpit rights to the new jets was a contentious issue, with American wanting its Eagle pilots, who make an average of $35,000 a year, to fly them, rather than APA pilots, who make $120,000 a year.</p>
<p>American has said that it needed the lower-paid pilots in order to be competitive with low-cost commuter carriers flown by its rivals.</p>
<p>But the APA argued that the commuter jets have a range of 2,000 miles (3,200 km) and American can easily put them on routes now flown by its big jets flown by APA pilots, costing APA jobs.</p>
<p>The PEB tried to bridge the difference by recommending that American limit the number of commuter jets flown, the routes they fly and the airports they serve.</p>
</text>
<copyright>(c) Reuters Limited 1997</copyright>
<metadata>
<codes class="bip:countries:1.0">
  <code code="USA">
    <editdetail attribution="Reuters BIP Coding Group" action="confirmed" date="1997-03-23"/>
  </code>
</codes>
<codes class="bip:industries:1.0">
  <code code="I75000">
    <editdetail attribution="Reuters BIP Coding Group" action="confirmed" date="1997-03-23"/>
  </code>
</codes>
<codes class="bip:topics:1.0">
  <code code="C42">
    <editdetail attribution="Reuters BIP Coding Group" action="confirmed" date="1997-03-23"/>
  </code>
  <code code="CCAT">
    <editdetail attribution="Reuters BIP Coding Group" action="confirmed" date="1997-03-23"/>
  </code>
  <code code="E41">
    <editdetail attribution="Reuters BIP Coding Group" action="confirmed" date="1997-03-23"/>
  </code>
  <code code="ECAT">
    <editdetail attribution="Reuters BIP Coding Group" action="confirmed" date="1997-03-23"/>
  </code>
  <code code="GCAT">
    <editdetail attribution="Reuters BIP Coding Group" action="confirmed" date="1997-03-23"/>
  </code>
  <code code="GJOB">
    <editdetail attribution="Reuters BIP Coding Group" action="confirmed" date="1997-03-23"/>
  </code>
</codes>
<dc element="dc.date.created" value="1997-03-22"/>
<dc element="dc.publisher" value="Reuters Holdings Plc"/>
<dc element="dc.date.published" value="1997-03-23"/>
<dc element="dc.source" value="Reuters"/>
<dc element="dc.creator.location" value="WASHINGTON"/>
<dc element="dc.creator.location.country.name" value="USA"/>
<dc element="dc.source" value="Reuters"/>
</metadata>
</newsitem>
