<?xml version="1.0" encoding="iso-8859-1" ?>
<newsitem itemid="462241" id="root" date="1997-03-23" xml:lang="en">
<title>SAUDI ARABIA: Malaysian premier receives Saudi Islamic award.</title>
<headline>Malaysian premier receives Saudi Islamic award.</headline>
<dateline>RIYADH 1997-03-23</dateline>
<text>
<p>Saudi Arabia's Defence Minister Prince Sultan presented King Faisal Foundation international awards to Malaysian Prime Minister Mahathir Mohamad, an Iraqi scholar and five Western scientists at a ceremony in Riyadh.</p>
<p>&quot;This evening ... we celebrate the accomplishments of the human mind,&quot; Prince Khalid bin Faisal told a packed audience of men in traditional gold-edged robes at the Saturday night event.</p>
<p>Prince Khalid, son of the late King Faisal, is chairman of the board for the annual King Faisal International Prize, first awarded in 1979 and considered one of the most prestigious prizes in the Arab world.</p>
<p>Mahathir, who arrived in the oil-rich kingdom on Friday and performed a pilgrimage to the Moslem holy city of Mecca, received the prize for services to Islam.</p>
<p>The foundation said it had awarded the prize to the Malaysian leader because &quot;his wisdom and moderation as prime minister of Malaysia have reflected the magnanimity and forebearance of Islam ... and (his) policies have fostered rapport and cooperation between Malaysian Moslems and non-Moslems&quot;.</p>
<p>Mahathir said: &quot;The success of the Malaysians owes a lot to Islam as a way of life.&quot;</p>
<p>The prize for Islamic studies went to 80-year-old Iraqi scholar Abdul Karim Zedan Biej for his 11-volume study on the status of women in Islam.</p>
<p>The prize for medicine was shared by professors Colin Masters of Australia, Konrad Beyreuther of Germany and Canadian James Gusella for studies on degenerative diseases of the nervous system.</p>
<p>Americans Carl Wieman and Eric Cornell, both physicists at the University of Colorado, shared the science award for achieving a new state of matter.</p>
<p>This year's awards bring the total number of laureates to 118 from 32 countries. Winners receive a cash endowment of $200,000 while co-winners share the grant.</p>
<p>King Faisal, who ascended to the throne in 1964, was killed by a deranged nephew in 1975. The Riyadh-based King Faisal Foundation is dedicated to philanthropic activities.</p>
</text>
<copyright>(c) Reuters Limited 1997</copyright>
<metadata>
<codes class="bip:countries:1.0">
  <code code="IRAQ">
    <editdetail attribution="Reuters BIP Coding Group" action="confirmed" date="1997-03-23"/>
  </code>
  <code code="MALAY">
    <editdetail attribution="Reuters BIP Coding Group" action="confirmed" date="1997-03-23"/>
  </code>
  <code code="SAARAB">
    <editdetail attribution="Reuters BIP Coding Group" action="confirmed" date="1997-03-23"/>
  </code>
</codes>
<codes class="bip:topics:1.0">
  <code code="GCAT">
    <editdetail attribution="Reuters BIP Coding Group" action="confirmed" date="1997-03-23"/>
  </code>
  <code code="GDIP">
    <editdetail attribution="Reuters BIP Coding Group" action="confirmed" date="1997-03-23"/>
  </code>
  <code code="GREL">
    <editdetail attribution="Reuters BIP Coding Group" action="confirmed" date="1997-03-23"/>
  </code>
</codes>
<dc element="dc.date.created" value="1997-03-23"/>
<dc element="dc.publisher" value="Reuters Holdings Plc"/>
<dc element="dc.date.published" value="1997-03-23"/>
<dc element="dc.source" value="Reuters"/>
<dc element="dc.creator.location" value="RIYADH"/>
<dc element="dc.creator.location.country.name" value="SAUDI ARABIA"/>
<dc element="dc.source" value="Reuters"/>
</metadata>
</newsitem>
