<?xml version="1.0" encoding="iso-8859-1" ?>
<newsitem itemid="462260" id="root" date="1997-03-23" xml:lang="en">
<title>USA: World bank sees continued strong foreign investment.</title>
<headline>World bank sees continued strong foreign investment.</headline>
<byline>Alver Carlson</byline>
<dateline>WASHINGTON 1997-03-23</dateline>
<text>
<p>Private investment in emerging markets surged 33 percent in 1996 and was expected to remain strong even if interest rates edge up in the United States, World Bank Chief Economist Joseph Stiglitz said on Sunday.</p>
<p>Stiglitz, who joined the Bank last month after serving as the chairman of U.S. President Bill Clinton's Council of Economic Advisers, said he expected rates to go up but not to levels that would significantly divert investment from developing countries.</p>
<p>The World Bank, in its annual report on global development finance, said private investment in 1996 surged for the sixth consecutive year, jumping $60 billion to a record $244 billion.</p>
<p>In the past, investment in emerging markets had leveled off when interest rates in less risky, wealthy industrial countries have become more attractive.</p>
<p>&quot;They'll (the rates) go up but they'll not go up much,&quot; he said in a briefing for reporters. &quot;The United States is not in the midst of an overheated economy.&quot;</p>
<p>Many analysts expect the Federal Reserve, the United States central bank, to raise rates when policymakers meet on Tuesday to help keep inflation from stirring as U.S. economic expansion enters its seventh year.</p>
<p>&quot;The growth of private capital flows in the 1990s should continue as more developing countries improve macroeconomic management and open their markets to competition from the rest of the world,&quot; Stiglitz said.</p>
<p>He declined to say if the increase would match the 1996 jump but said all signs pointed to a rise for the foreseeable future.</p>
<p>Driving the increases, the report said, were investors eager to diversify their portfolios in search of higher profits in the markets of the emerging economies.</p>
<p>Developing countries had been improving their economic management, strengthening financial institutions along with legal and regulatory regimes. The door in many countries was also open to foreign investment as never before.</p>
<p>The report said investors had genenally shaken off the shock that followed the 1994-95 Mexican peso crisis, suggesting increased sophistication and skill at picking and choosing investments.</p>
<p>At the same time, the Bank criticized wealthy countries for continuing to turn their backs on providing long-term development aid for the poorer countries.</p>
<p>So-called official development finance from wealthy countries as well as the multilaterial development banks fell to $40.8 billion last year from $53 billion in 1995.</p>
<p>Concessional finance to the poorest countries was also in retreat, falling by nearly $1 billion to $44.4 billion, as budget-strapped countries cut back on help to such agencies as the World Bank's International Development Association.</p>
<p>While the vast amount of private capital still finds its way into just 12 emerging economies, the percentage that these nations attract has dropped to 73 percent in 1996 from 84 percent in 1990 as other countries have also become attractive.</p>
<p>The 12 emerging countries most favored by investors are China, Mexico, Brazil, Malaysia, Indonesia, Thailand, Argentina, India, Russia, Turkey, Chile and Hungary.</p>
<p>But even Africa, which is still largely shunned by investors despite a strong record of reform in some nations, has been getting capital flows that are 10 times greater than they were at the beginning of the decade, the Bank said.</p>
</text>
<copyright>(c) Reuters Limited 1997</copyright>
<metadata>
<codes class="bip:countries:1.0">
  <code code="DEVGCO">
    <editdetail attribution="Reuters BIP Coding Group" action="confirmed" date="1997-03-23"/>
  </code>
  <code code="USA">
    <editdetail attribution="Reuters BIP Coding Group" action="confirmed" date="1997-03-23"/>
  </code>
</codes>
<codes class="bip:topics:1.0">
  <code code="E51">
    <editdetail attribution="Reuters BIP Coding Group" action="confirmed" date="1997-03-23"/>
  </code>
  <code code="ECAT">
    <editdetail attribution="Reuters BIP Coding Group" action="confirmed" date="1997-03-23"/>
  </code>
</codes>
<dc element="dc.date.created" value="1997-03-23"/>
<dc element="dc.publisher" value="Reuters Holdings Plc"/>
<dc element="dc.date.published" value="1997-03-23"/>
<dc element="dc.source" value="Reuters"/>
<dc element="dc.creator.location" value="WASHINGTON"/>
<dc element="dc.creator.location.country.name" value="USA"/>
<dc element="dc.source" value="Reuters"/>
</metadata>
</newsitem>
