<?xml version="1.0" encoding="iso-8859-1" ?>
<newsitem itemid="462255" id="root" date="1997-03-23" xml:lang="en">
<title>USA: Serb mercenaries leave mass graves in Zaire -report.</title>
<headline>Serb mercenaries leave mass graves in Zaire -report.</headline>
<dateline>NEW YORK 1997-03-23</dateline>
<text>
<p>Serb mercenaries who terrorised the Zairean city of Kisangani this month left graves containing at least 24 corpses following their bloody campaign against anti-government rebels, Newsweek International reported.</p>
<p>The magazine said its correspondent in Kisangani saw some of the graves, and residents said they were filled with the bodies of victims gunned down by the mostly Serb force led by Col. Dominic Yugo.</p>
<p>Yugo's mercenaries were among about 300 soldiers hired by Zairean President Mobuto Sese Seko in a failed attempt to turn back advancing rebels, who eventually took Kisangani two weeks ago. The Serbs fled, after blowing up their headquarters, and their current location is not known.</p>
<p>Newsweek International, in its issue reaching newstands on Monday, reported that witnesses said Yugo and his group &quot;personally killed all the victims as part of a vicious dragnet for rebel sympathisers, or, perhaps, just in sadistic sport.&quot;</p>
<p>In one episode on March 10, residents saw Yugo herd 15 young men into a hut, and later heard gunfire and screams.</p>
<p>Other witnesses said earlier that Yugo himself shot down two evangelical pastors while they held their Bibles and begged for mercy.</p>
<p>The fall of Kisangani after the mercenaries' reign of terror broke the hold of Mobutu, reviled by many of his own people.</p>
<p>Rebel leader Laurent Kabila, whose Alliance of Democratic Forces for the Liberation of Congo-Zaire (AFDL) hold a fifth of Zaire, is now referred to as the city's protector.</p>
</text>
<copyright>(c) Reuters Limited 1997</copyright>
<metadata>
<codes class="bip:countries:1.0">
  <code code="USA">
    <editdetail attribution="Reuters BIP Coding Group" action="confirmed" date="1997-03-23"/>
  </code>
  <code code="YUG">
    <editdetail attribution="Reuters BIP Coding Group" action="confirmed" date="1997-03-23"/>
  </code>
  <code code="ZAIRE">
    <editdetail attribution="Reuters BIP Coding Group" action="confirmed" date="1997-03-23"/>
  </code>
</codes>
<codes class="bip:topics:1.0">
  <code code="GCAT">
    <editdetail attribution="Reuters BIP Coding Group" action="confirmed" date="1997-03-23"/>
  </code>
  <code code="GVIO">
    <editdetail attribution="Reuters BIP Coding Group" action="confirmed" date="1997-03-23"/>
  </code>
</codes>
<dc element="dc.date.created" value="1997-03-23"/>
<dc element="dc.publisher" value="Reuters Holdings Plc"/>
<dc element="dc.date.published" value="1997-03-23"/>
<dc element="dc.source" value="Reuters"/>
<dc element="dc.creator.location" value="NEW YORK"/>
<dc element="dc.creator.location.country.name" value="USA"/>
<dc element="dc.source" value="Reuters"/>
</metadata>
</newsitem>
