<?xml version="1.0" encoding="iso-8859-1" ?>
<newsitem itemid="462252" id="root" date="1997-03-23" xml:lang="en">
<title>USA: Dry weather seen reducing Argentine soy crop.</title>
<headline>Dry weather seen reducing Argentine soy crop.</headline>
<dateline>RANCHO MIRAGE, Ca. 1997-03-22</dateline>
<text>
<p>Recent dry weather in Argentina is seen having an adverse effect on 1997 soybean production, a private U.S. meteorologist said on Saturday at a meeting of the National Institute of Oilseed Products.</p>
<p>&quot;We've got Argentina with a real dearth of moisture at this time,&quot; said David Streit, chief agricultural meteorolgist with Cropcast Services in Rockville, Md.</p>
<p>The dry weather prompted Cropcast to lower its 1997 Argentine soybean forecast to 12.4 million tonnes from previous forecasts nearing 13 million tonnes, Streit said.</p>
<p>The dry weather is having the greatest effect on Argentina's later-planted double-crop soybeans, which account for about 25 percent of Argentina's soybean acreage, Streit said.</p>
<p>One Argentine oilseed trader attending the meeting agreed that local weather has not been favourable for the crop, and he estimated the crop at 12.5 million tonnes.</p>
<p>&quot;It's not good,&quot; the trader said. &quot;It's not very good at all.&quot;</p>
<p>Those estimates are much lower than the U.S. Department of Agriculture's March 1 Argentine soybean production forecast of 13.50 million tonnes.  </p>
<p>Weather throughout the soybean growing season and into harvest has been more favourable in Brazil, so harvest there has been running ahead of schedule, Streit told the meeting.</p>
<p>&quot;We are seeing some very high production coming out of Brazil,&quot; he said.</p>
<p>Cropcast is forecasting the 1997 Brazilian soybean crop at 26.9 million tonnes, slightly below the USDA's latest forecast of 27 million.</p>
<p>(-- Anna Driver 312-408-8720)</p>
</text>
<copyright>(c) Reuters Limited 1997</copyright>
<metadata>
<codes class="bip:countries:1.0">
  <code code="ARG">
    <editdetail attribution="Reuters BIP Coding Group" action="confirmed" date="1997-03-23"/>
  </code>
  <code code="USA">
    <editdetail attribution="Reuters BIP Coding Group" action="confirmed" date="1997-03-23"/>
  </code>
</codes>
<codes class="bip:industries:1.0">
  <code code="I01002">
    <editdetail attribution="Reuters BIP Coding Group" action="confirmed" date="1997-03-23"/>
  </code>
  <code code="I0100223">
    <editdetail attribution="Reuters BIP Coding Group" action="confirmed" date="1997-03-23"/>
  </code>
</codes>
<codes class="bip:topics:1.0">
  <code code="C21">
    <editdetail attribution="Reuters BIP Coding Group" action="confirmed" date="1997-03-23"/>
  </code>
  <code code="CCAT">
    <editdetail attribution="Reuters BIP Coding Group" action="confirmed" date="1997-03-23"/>
  </code>
  <code code="M14">
    <editdetail attribution="Reuters BIP Coding Group" action="confirmed" date="1997-03-23"/>
  </code>
  <code code="M141">
    <editdetail attribution="Reuters BIP Coding Group" action="confirmed" date="1997-03-23"/>
  </code>
  <code code="MCAT">
    <editdetail attribution="Reuters BIP Coding Group" action="confirmed" date="1997-03-23"/>
  </code>
</codes>
<dc element="dc.date.created" value="1997-03-22"/>
<dc element="dc.publisher" value="Reuters Holdings Plc"/>
<dc element="dc.date.published" value="1997-03-23"/>
<dc element="dc.source" value="Reuters"/>
<dc element="dc.creator.location" value="RANCHO MIRAGE, Ca."/>
<dc element="dc.creator.location.country.name" value="USA"/>
<dc element="dc.source" value="Reuters"/>
</metadata>
</newsitem>
