<?xml version="1.0" encoding="iso-8859-1" ?>
<newsitem itemid="462262" id="root" date="1997-03-23" xml:lang="en">
<title>USA: Republicans in Congress reassure on wanting tax cuts.</title>
<headline>Republicans in Congress reassure on wanting tax cuts.</headline>
<dateline>WASHINGTON 1997-03-23</dateline>
<text>
<p>Republican lawmakers offered reassurances Sunday that the House of Representatives leadership still firmly backed tax cuts, a keystone of the party platform.</p>
<p>&quot;We're not giving up our commitment to tax cuts,&quot; said Rep. Tom DeLay, House assistant majority leader, on the &quot;Fox News Sunday&quot; television program.</p>
<p>House Speaker Newt Gingrich last week stirred up a furor among members of his own party with a suggestion that tax cuts should be taken up after a balanced budget deal.</p>
<p>The Republican from Georgia said later his comments had been misunderstood and he was not backing off from seeking tax reductions this year.</p>
<p>DeLay, a Texas Republican, said it was more a tactical maneuver that mimicked success last year in passing a welfare reform bill that President Clinton signed into law.</p>
<p>&quot;When we pulled welfare reform out by itself we passed it ... because we focused the nation on welfare reform, the president had to sign it even though he didn't want to,&quot; DeLay said.</p>
<p>&quot;We think we can do the same thing by focusing the country on Medicare by itself, Medicaid by itself and tax cuts by itself, and the nation will force the president to sign it,&quot; he said.</p>
<p>&quot;We are not giving any ground at all. We are still committed to balancing the budget and give significant tax cuts,&quot; DeLay said. &quot;We're just saying the strategy ought to be different from the strategy that did not get us tax cuts,&quot; he added.</p>
<p>Jack Kemp, former Republican vice president candidate, said tax cuts should be done first to allow stronger economic growth and then budget policy should be taken up.</p>
<p>&quot;By putting budget in balance first and tax rate reduction second, we never get to the tax rate reduction,&quot; Kemp said on ABC Television's &quot;This Week.&quot;</p>
<p>Rep. Bill Paxon, a New York Republican who is part of the House leadership, said on the same program: &quot;We are absolutely committed to inextricably linking balancing the budget and tax relief at the exact same time, no change in that position.&quot;</p>
</text>
<copyright>(c) Reuters Limited 1997</copyright>
<metadata>
<codes class="bip:countries:1.0">
  <code code="USA">
    <editdetail attribution="Reuters BIP Coding Group" action="confirmed" date="1997-03-23"/>
  </code>
</codes>
<codes class="bip:topics:1.0">
  <code code="E21">
    <editdetail attribution="Reuters BIP Coding Group" action="confirmed" date="1997-03-23"/>
  </code>
  <code code="E211">
    <editdetail attribution="Reuters BIP Coding Group" action="confirmed" date="1997-03-23"/>
  </code>
  <code code="ECAT">
    <editdetail attribution="Reuters BIP Coding Group" action="confirmed" date="1997-03-23"/>
  </code>
  <code code="GCAT">
    <editdetail attribution="Reuters BIP Coding Group" action="confirmed" date="1997-03-23"/>
  </code>
  <code code="GPOL">
    <editdetail attribution="Reuters BIP Coding Group" action="confirmed" date="1997-03-23"/>
  </code>
</codes>
<dc element="dc.date.created" value="1997-03-23"/>
<dc element="dc.publisher" value="Reuters Holdings Plc"/>
<dc element="dc.date.published" value="1997-03-23"/>
<dc element="dc.source" value="Reuters"/>
<dc element="dc.creator.location" value="WASHINGTON"/>
<dc element="dc.creator.location.country.name" value="USA"/>
<dc element="dc.source" value="Reuters"/>
</metadata>
</newsitem>
