<?xml version="1.0" encoding="iso-8859-1" ?>
<newsitem itemid="462225" id="root" date="1997-03-23" xml:lang="en">
<title>SYRIA: Syrian daily says Netanyahu caused Tel Aviv bomb.</title>
<headline>Syrian daily says Netanyahu caused Tel Aviv bomb.</headline>
<dateline>DAMASCUS 1997-03-23</dateline>
<text>
<p>An official Syrian daily said on Sunday Israeli Prime Minister Benjamin Netanyahu's policies caused Friday's attack on a packed Tel Aviv cafe by an Islamic suicide bomber which killed three Israeli women.</p>
<p>The English-language Syria Times said Netanyahu was also responsibe for clashes between Palestinians and Israeli forces in the West Bank.</p>
<p>The newspaper said ...&quot;tragic events in the occupied Arab territories manifested through fierce clashes between angry Palestinian stone-throwers and Israeli army troops ... and the Tel Aviv explosion are the product of Israel's flagrant policy of settlement and arrogant intransigence.&quot;</p>
<p>&quot;The hardline Likud government of Netanyahu has not only placed new obstacles in the path of peace ... but is feverishly pushing the region to the brink of explosion,&quot; it said.</p>
<p>The Palestinian militant group Hamas claimed responsibility for the Friday bombing and threatened to launch further attacks if Israel went on building a new Jewish settlement in Arab East Jerusalem.</p>
<p>Fierce Israeli-Arab clashes flared in the West Bank on Saturday with Israeli forces firing live ammunition at hundreds of Arabs who protested at Netanyahu's decision to build 6,500 housing units for Jews in East Jerusalem.</p>
<p>The official Syrian daily warned that a new war might errupt in the region if Netanyahu did not change his policies.</p>
<p>Syria has held sporadic peace talks with Israel since 1991 but the negotiations were stalled over the fate of the Golan Heights, captured by Israel in 1967.</p>
<p>The talks broke off a year ago and Syria said it would not resume until Netanyahu accepts full pullback from the Golan.</p>
</text>
<copyright>(c) Reuters Limited 1997</copyright>
<metadata>
<codes class="bip:countries:1.0">
  <code code="ISRAEL">
    <editdetail attribution="Reuters BIP Coding Group" action="confirmed" date="1997-03-23"/>
  </code>
  <code code="SYRIA">
    <editdetail attribution="Reuters BIP Coding Group" action="confirmed" date="1997-03-23"/>
  </code>
</codes>
<codes class="bip:topics:1.0">
  <code code="GCAT">
    <editdetail attribution="Reuters BIP Coding Group" action="confirmed" date="1997-03-23"/>
  </code>
  <code code="GDIP">
    <editdetail attribution="Reuters BIP Coding Group" action="confirmed" date="1997-03-23"/>
  </code>
  <code code="GVIO">
    <editdetail attribution="Reuters BIP Coding Group" action="confirmed" date="1997-03-23"/>
  </code>
</codes>
<dc element="dc.date.created" value="1997-03-23"/>
<dc element="dc.publisher" value="Reuters Holdings Plc"/>
<dc element="dc.date.published" value="1997-03-23"/>
<dc element="dc.source" value="Reuters"/>
<dc element="dc.creator.location" value="DAMASCUS"/>
<dc element="dc.creator.location.country.name" value="SYRIA"/>
<dc element="dc.source" value="Reuters"/>
</metadata>
</newsitem>
