<?xml version="1.0" encoding="iso-8859-1" ?>
<newsitem itemid="462220" id="root" date="1997-03-23" xml:lang="en">
<title>EGYPT: Egypt's CIB 1996 net profit up 11 pct.</title>
<headline>Egypt's CIB 1996 net profit up 11 pct.</headline>
<dateline>CAIRO 1997-03-23</dateline>
<text>
<p>Egypt's retail Commercial International Bank said on Sunday it had increased net profits for calendar 1996 by almost 11 percent to 241.3 million pounds ($70.9 million) from 217.7 million in 1995.</p>
<p>The bank said in a faxed statement that net assets also rose to 10.96 billion pounds in 1996 from 7.78 billion in the previous year.</p>
<p>Investment income was also higher at 4.4 million from 0.28 million in 1995.</p>
<p>CIB is one of the banking sector's most active stocks. It issued Egypt's first global depositary receipt offering which is now trading on the SEAQ in London.</p>
<p>The faxed balance sheet did not specify how the profit would be distributed and what the dividend will be for its 50 million shares. On Sunday, the shares were trading down at 83.95 pounds from Thursday's close of 88.32.</p>
<p>Earlier this month, the bank applied for a $100 million three-year syndicated loan, the first by an Egyptian borrower for 15 years.</p>
<p>-- Cairo newsroom +202 578 3290/1</p>
</text>
<copyright>(c) Reuters Limited 1997</copyright>
<metadata>
<codes class="bip:countries:1.0">
  <code code="EGYPT">
    <editdetail attribution="Reuters BIP Coding Group" action="confirmed" date="1997-03-23"/>
  </code>
</codes>
<codes class="bip:industries:1.0">
  <code code="I81402">
    <editdetail attribution="Reuters BIP Coding Group" action="confirmed" date="1997-03-23"/>
  </code>
</codes>
<codes class="bip:topics:1.0">
  <code code="C15">
    <editdetail attribution="Reuters BIP Coding Group" action="confirmed" date="1997-03-23"/>
  </code>
  <code code="C151">
    <editdetail attribution="Reuters BIP Coding Group" action="confirmed" date="1997-03-23"/>
  </code>
  <code code="C1511">
    <editdetail attribution="Reuters BIP Coding Group" action="confirmed" date="1997-03-23"/>
  </code>
  <code code="CCAT">
    <editdetail attribution="Reuters BIP Coding Group" action="confirmed" date="1997-03-23"/>
  </code>
</codes>
<dc element="dc.date.created" value="1997-03-23"/>
<dc element="dc.publisher" value="Reuters Holdings Plc"/>
<dc element="dc.date.published" value="1997-03-23"/>
<dc element="dc.source" value="Reuters"/>
<dc element="dc.creator.location" value="CAIRO"/>
<dc element="dc.creator.location.country.name" value="EGYPT"/>
<dc element="dc.source" value="Reuters"/>
</metadata>
</newsitem>
