<?xml version="1.0" encoding="iso-8859-1" ?>
<newsitem itemid="462284" id="root" date="1997-03-23" xml:lang="en">
<title>FRANCE: Five people dead in cult-owned house in Canada.</title>
<headline>Five people dead in cult-owned house in Canada.</headline>
<dateline>PARIS 1997-03-23</dateline>
<text>
<p>Five people were found dead in a mystery blaze in a house in Canada owned by a member of a doomsday cult tied to a string of grisly collective suicides and murders, Canadian police said on Sunday.</p>
<p>Independent news channel La Chaine Info (LCI), presenting what it said was an exclusive report, said the three women and two men were all believed to be members or sympathisers of the Order of the Solar Temple.</p>
<p>Pierre Robichaud, a spokesman for Quebec police, told the television that firemen called out police after a blaze in a house at St Casimir near Montreal.</p>
<p>&quot;This house belongs to a member of the OST,&quot; he said, adding that one of the five corpses had been partly carbonised in the fire. &quot;So far we have not found arms, we haven't found anything special.&quot;</p>
<p>Fifty-three cult members died in a macabre ritual in 1994 in Switzerland and Canada, including guru Luc Jouret. Another 16 charred corpses were found in the French Alps in December 1995 in a murder-cum-suicide.</p>
<p>Robichaud also said that three teenagers, aged 13, 14 and 16 were found lying down in a nearby building, in a &quot;state of confusion, but in good health.&quot;</p>
<p>LCI said their parents were believed to be linked to the sect and that cars belonging to sect members were found nearby. It said that Canadian investigators were focusing on the belief that the deaths were linked to the sect.</p>
</text>
<copyright>(c) Reuters Limited 1997</copyright>
<metadata>
<codes class="bip:countries:1.0">
  <code code="CANA">
    <editdetail attribution="Reuters BIP Coding Group" action="confirmed" date="1997-03-23"/>
  </code>
  <code code="FRA">
    <editdetail attribution="Reuters BIP Coding Group" action="confirmed" date="1997-03-23"/>
  </code>
</codes>
<codes class="bip:topics:1.0">
  <code code="GCAT">
    <editdetail attribution="Reuters BIP Coding Group" action="confirmed" date="1997-03-23"/>
  </code>
  <code code="GCRIM">
    <editdetail attribution="Reuters BIP Coding Group" action="confirmed" date="1997-03-23"/>
  </code>
  <code code="GREL">
    <editdetail attribution="Reuters BIP Coding Group" action="confirmed" date="1997-03-23"/>
  </code>
</codes>
<dc element="dc.date.created" value="1997-03-23"/>
<dc element="dc.publisher" value="Reuters Holdings Plc"/>
<dc element="dc.date.published" value="1997-03-23"/>
<dc element="dc.source" value="Reuters"/>
<dc element="dc.creator.location" value="PARIS"/>
<dc element="dc.creator.location.country.name" value="FRANCE"/>
<dc element="dc.source" value="Reuters"/>
</metadata>
</newsitem>
