<?xml version="1.0" encoding="iso-8859-1" ?>
<newsitem itemid="462244" id="root" date="1997-03-23" xml:lang="en">
<title>KUWAIT: PRESS DIGEST - Kuwait - March 23.</title>
<headline>PRESS DIGEST - Kuwait - March 23.</headline>
<dateline>KUWAIT 1997-03-23</dateline>
<text>
<p>These are some of the leading stories in Kuwait's press on Sunday. Reuters has not verified these stories and does not vouch for their accuracy.</p>
<p>AL-QABAS</p>
<p>- Kuwait's Emir Sheikh Jaber al-Ahmad al-Sabah telephones Crown Prince and Prime Minister Sheikh Saad al-Abdulla al-Sabah who flew to London earlier this month for follow up treatment after a colon surgery in Kuwait.</p>
<p>AL-WATAN</p>
<p>- Sheikh Saad on Saturday received Bahrain's Foreign Minister Sheikh Mohammad bin Mubarak al-Khalifa.</p>
<p>- Mobile Telecommunications Company  MOTE.KW, Kuwait's sole provider of cellular telephone services, says second telecommunications firm to be launched in October, Chairman Abdul-Aziz al-Ayoub says.</p>
<p>AL-RAI AL-AAM</p>
<p>- Jordan's new Prime Minister Abdul-Salam al-Majali met Iraq's Deputy Prime Minister Tareq Aziz in Amman on Saturday and confirmed strong ties with Baghdad. Since Iraq's defeat in the 1991 Gulf War, Kuwait has dampened several offers to improve ties with Jordan which Kuwait accuses of supporting Iraq during its seven-month occupation of the Gulf Arab state.</p>
<p>- Kuwait lawyers union to partially pay for Iraqi lawyers to attend an Arab lawyers union meetings in Morocco in April. Iraqi lawyers are apparently unable to meet the costs of the trip and the Arab union has asked all members to contribute.</p>
<p>AL-SEYASSAH</p>
<p>- Kuwait's Financ Minister Nasser al-Rodhan heads Kuwait's team to Sunday's Organisation of the Islamic Conference (OIC) summit in Pakistan.</p>
<p>ARAB TIMES</p>
<p>- Labour unions in Kuwait and Egypt urge Iraq to abide by all Gulf crisis-related United Nations resolutions and release 600 Kuwaitis which the tiny Gulf state says are still held by its former occupier.</p>
</text>
<copyright>(c) Reuters Limited 1997</copyright>
<metadata>
<codes class="bip:countries:1.0">
  <code code="KUWAIT">
    <editdetail attribution="Reuters BIP Coding Group" action="confirmed" date="1997-03-23"/>
  </code>
</codes>
<codes class="bip:topics:1.0">
  <code code="GCAT">
    <editdetail attribution="Reuters BIP Coding Group" action="confirmed" date="1997-03-23"/>
  </code>
</codes>
<dc element="dc.date.created" value="1997-03-23"/>
<dc element="dc.publisher" value="Reuters Holdings Plc"/>
<dc element="dc.date.published" value="1997-03-23"/>
<dc element="dc.source" value="Reuters"/>
<dc element="dc.creator.location" value="KUWAIT"/>
<dc element="dc.creator.location.country.name" value="KUWAIT"/>
<dc element="dc.source" value="Reuters"/>
</metadata>
</newsitem>
