<?xml version="1.0" encoding="iso-8859-1" ?>
<newsitem itemid="462317" id="root" date="1997-03-23" xml:lang="en">
<title>BANGLADESH: Police detain over 150 in Bangladesh strike.</title>
<headline>Police detain over 150 in Bangladesh strike.</headline>
<byline>Anis Ahmed</byline>
<dateline>DHAKA 1997-03-23</dateline>
<text>
<p>One person died and nearly 100 people were injured in violence during an eight-hour opposition-led general strike which disrupted Bangladesh on Sunday.</p>
<p>Police said one unidentified person died and over 40 were hurt when the engine and a passenger coach of a train ran off tracks that had been damaged by unknown attackers at Hasimpur, 32 km (20 miles) from the port of Chittagong.</p>
<p>Witnesses said the attackers tore away about 100 yards (metres) of train lines but the driver could not see it because of early morning fog.</p>
<p>Seven others were injured in bomb explosions in the port city, where police arrested at least 10 opposition pickets, witnesses said.</p>
<p>In Dhaka, former home (interior) minister Abdul Matin Chowdhury, leading a group of pickets, was hit by a stone while passing by offices of the ruling Awami League. He was taken to hospital bleeding from the head, witnesses said.</p>
<p>The dawn-to-afternoon strike, called by the Bangladesh Nationalist Party (BNP) of former prime minister Begum Khaleda Zia, shut businesses and kept transport off the roads.</p>
<p>Strike enforcers, many carrying sticks and wearing headbands, marched on the streets of Dhaka, and set off dozens of home-made bombs and firecrackers, witnesses said.</p>
<p>They said strike supporters and opponents fought running battles in Dhaka's Mirpur area, where some 10 people were injured.</p>
<p>Riot police and para-military forces patrolled streets and guarded key installations.</p>
<p>Officials in Chittagong said the strike shut everything including the port. The country's two bourses in Dhaka and Chittagong were also closed.</p>
<p>Other main cities including Khulna, Rajshahi, Sylhet, Netrokona, Mymensingh, Chandpur, Comilla, Feni, Rangpur and Dinajpur also witnessed strike-related violence in which some 30 people were wounded, local reporters said.</p>
<p>BNP's Secretary-General Abdul Mannan Bhuiyan told reporters after the strike ended at 2 p.m. (0800 GMT) that over 200 party activists had been injured in police actions, and another 200 were arrested.</p>
<p>&quot;Police have reacted too much and came heavily down on us,&quot; Bhuiyan said, adding that the BNP did not plan another strike &quot;very soon.&quot;</p>
<p>Police told reporters more than 150 activists had been detained while attacking vehicles and public property, but they did not give any figure for injuries.</p>
<p>In Dhaka, government employees walked to their offices or took pedal rickshaws, which operated in defiance of the strike. Many senior officials stayed in their offices overnight.</p>
<p>The BNP called the stoppage for Sunday, a working day in mainly Moslem Bangladesh, in its first major attempt to destabilise the eight-month-old government of Prime Minister Sheikh Hasina.</p>
<p>Hasina took office last June following a general election in which the BNP accused Hasina's Awami League of vote-rigging, but which was billed as free and fair by local and international monitors.</p>
<p>The BNP said the strike was to protest what it viewed as the government's failure to provide the basic needs of people in this poor nation and against Hasina's warmer ties with India, which the BNP sees as a plot to surrender Bangladeshi sovereignty.</p>
</text>
<copyright>(c) Reuters Limited 1997</copyright>
<metadata>
<codes class="bip:countries:1.0">
  <code code="BANDH">
    <editdetail attribution="Reuters BIP Coding Group" action="confirmed" date="1997-03-23"/>
  </code>
</codes>
<codes class="bip:topics:1.0">
  <code code="E41">
    <editdetail attribution="Reuters BIP Coding Group" action="confirmed" date="1997-03-23"/>
  </code>
  <code code="ECAT">
    <editdetail attribution="Reuters BIP Coding Group" action="confirmed" date="1997-03-23"/>
  </code>
  <code code="GCAT">
    <editdetail attribution="Reuters BIP Coding Group" action="confirmed" date="1997-03-23"/>
  </code>
  <code code="GCRIM">
    <editdetail attribution="Reuters BIP Coding Group" action="confirmed" date="1997-03-23"/>
  </code>
  <code code="GJOB">
    <editdetail attribution="Reuters BIP Coding Group" action="confirmed" date="1997-03-23"/>
  </code>
  <code code="GVIO">
    <editdetail attribution="Reuters BIP Coding Group" action="confirmed" date="1997-03-23"/>
  </code>
</codes>
<dc element="dc.date.created" value="1997-03-23"/>
<dc element="dc.publisher" value="Reuters Holdings Plc"/>
<dc element="dc.date.published" value="1997-03-23"/>
<dc element="dc.source" value="Reuters"/>
<dc element="dc.creator.location" value="DHAKA"/>
<dc element="dc.creator.location.country.name" value="BANGLADESH"/>
<dc element="dc.source" value="Reuters"/>
</metadata>
</newsitem>
