<?xml version="1.0" encoding="iso-8859-1" ?>
<newsitem itemid="462332" id="root" date="1997-03-23" xml:lang="en">
<title>BANGLADESH: Strike paralyses interbank trading in Bangladesh.</title>
<headline>Strike paralyses interbank trading in Bangladesh.</headline>
<dateline>DHAKA 1997-03-23</dateline>
<text>
<p>Transaction in interbank market remained almost paralysed on Sunday due to an opposition-led general strike, dealers said.</p>
<p>&quot;There was virtually no dealing in foreign currency. There were few deals in call money at the late hour,&quot; said one dealer.</p>
<p>The call money was traded at Saturday's level at 7.0 to 7.5 percent.</p>
<p>The strike ended at 2 pm (8 GMT) amid sporadic clashes between opposition activists and police in Dhaka and other major cities.</p>
<p>The Bangladesh taka closed at 43.2850/2950 to the dollar in interbank trading on Saturday.</p>
<p>- Dhaka Newsroom +880-2-506363</p>
</text>
<copyright>(c) Reuters Limited 1997</copyright>
<metadata>
<codes class="bip:countries:1.0">
  <code code="BANDH">
    <editdetail attribution="Reuters BIP Coding Group" action="confirmed" date="1997-03-23"/>
  </code>
</codes>
<codes class="bip:topics:1.0">
  <code code="M13">
    <editdetail attribution="Reuters BIP Coding Group" action="confirmed" date="1997-03-23"/>
  </code>
  <code code="M131">
    <editdetail attribution="Reuters BIP Coding Group" action="confirmed" date="1997-03-23"/>
  </code>
  <code code="MCAT">
    <editdetail attribution="Reuters BIP Coding Group" action="confirmed" date="1997-03-23"/>
  </code>
</codes>
<dc element="dc.date.created" value="1997-03-23"/>
<dc element="dc.publisher" value="Reuters Holdings Plc"/>
<dc element="dc.date.published" value="1997-03-23"/>
<dc element="dc.source" value="Reuters"/>
<dc element="dc.creator.location" value="DHAKA"/>
<dc element="dc.creator.location.country.name" value="BANGLADESH"/>
<dc element="dc.source" value="Reuters"/>
</metadata>
</newsitem>
