<?xml version="1.0" encoding="iso-8859-1" ?>
<newsitem itemid="462321" id="root" date="1997-03-23" xml:lang="en">
<title>PAKISTAN: PRESS DIGEST - Pakistan - March 23.</title>
<headline>PRESS DIGEST - Pakistan - March 23.</headline>
<text>
<p>These are the leading stories in the Pakistani press on Sunday. Reuters has not verified these stories and does not vouch for their accuracy.</p>
<p>DAWN</p>
<p>- State (central) Bank of Pakistan governor Muhammad Yaqub said discussions with the International Monetary Fund focused on how to make a transition to an Extended Structural Adjustment Facility/Extended Fund Facility and ended on a positive note.</p>
<p>- Leaders of 54 Islamic states are meeting in Islamabad Sunday to consider the global challenges confronting Moslems in the 21st century and devise ways to overcome them.</p>
<p>- A deputy of Punjab provincial assembly from Lahore was shot dead and four other people were wounded on Saturday.</p>
<p>BUSINESS RECORDER</p>
<p>- The import bill of petroleum products will leap to $5 billion in three years from $2 billion in 1995/96 (July-June).</p>
<p>- Finance Minister Sartaj Aziz said the IMF has agreed in principle to give a three-year package to Pakistan after the announcement of the structural reforms programmes.</p>
<p>FINANCIAL POST</p>
<p>- The Karachi Electric Supply Corp is likely to be privatised in the next three months.</p>
<p>THE NATION</p>
<p>- The latest agreement with the International Monetary Fund to enter into Extended Structural Adjustment Facility will save Pakistan additional taxation of 25 billion rupees.</p>
<p>- Hectic efforts are being made by Pakistani authorities to seek the release of 37 men of the Anti-Narcotics Force led by a senior officer who were held in neighbouring Afghanistan.</p>
<p>- Iranian deputy foreign minister Alaeddin Boroujerdi said no single Afghan group could rule Afghanistan by imposing its military will and proposed that Iran and Pakistan draw up a joint strategy to solve the Afghan conflict.</p>
<p>-- Islamabad newsroom 9251-274757</p>
</text>
<copyright>(c) Reuters Limited 1997</copyright>
<metadata>
<codes class="bip:countries:1.0">
  <code code="PAKIS">
    <editdetail attribution="Reuters BIP Coding Group" action="confirmed" date="1997-03-23"/>
  </code>
</codes>
<codes class="bip:topics:1.0">
  <code code="GCAT">
    <editdetail attribution="Reuters BIP Coding Group" action="confirmed" date="1997-03-23"/>
  </code>
</codes>
<dc element="dc.publisher" value="Reuters Holdings Plc"/>
<dc element="dc.date.published" value="1997-03-23"/>
<dc element="dc.source" value="Reuters"/>
<dc element="dc.creator.location.country.name" value="PAKISTAN"/>
<dc element="dc.source" value="Reuters"/>
</metadata>
</newsitem>
