<?xml version="1.0" encoding="iso-8859-1" ?>
<newsitem itemid="462323" id="root" date="1997-03-23" xml:lang="en">
<title>INDIA: India PFC gets &quot;go-ahead&quot; for Euro issue - agency.</title>
<headline>India PFC gets &quot;go-ahead&quot; for Euro issue - agency.</headline>
<dateline>NEW DELHI 1997-03-23</dateline>
<text>
<p>India's Finance Ministry has &quot;given a go-ahead&quot; for a proposal from state-run Power Finance Corporation (PFC) to launch a $100-125 million Euro issue, the Press Trust of India (PTI) said on Sunday.</p>
<p>The corporation is now trying to finalise lead managers and work out details for the Euro issue, and would shortly move a formal proposal to the ministry, the news agency said.</p>
<p>PFC negotiated a $75 million syndicated loan anchored by Natwest Bank in January, and approached the government for permission to launch a Euro issue as it wanted long-term international finance for a 10- to 12-year period, it said.</p>
<p>The Finance Ministry had also allowed PFC to retain up to 2.75 billion rupees ($76.82 million) from an ongoing issue of tax-free bonds through private placement, PTI said.</p>
<p>The ministry had earlier allowed PFC to raise 2.0 billion rupees from the bond issue, and a positive response to the offer had enabled PFC to secure approval for it to retain an additional 750 million rupees, it said.</p>
<p>The corporation, which lends funds for power projects, expects a five-fold increase in loan disbursals to 50 billion rupees ($1.4 billion) during India's Ninth Plan (1997-2002), PTI said.</p>
<p>($1 = 35.8 rupees)</p>
<p>((-- New Delhi newsroom, +91-11-301 2024))</p>
</text>
<copyright>(c) Reuters Limited 1997</copyright>
<metadata>
<codes class="bip:countries:1.0">
  <code code="INDIA">
    <editdetail attribution="Reuters BIP Coding Group" action="confirmed" date="1997-03-23"/>
  </code>
</codes>
<codes class="bip:industries:1.0">
  <code code="I81501">
    <editdetail attribution="Reuters BIP Coding Group" action="confirmed" date="1997-03-23"/>
  </code>
  <code code="I8150106">
    <editdetail attribution="Reuters BIP Coding Group" action="confirmed" date="1997-03-23"/>
  </code>
</codes>
<codes class="bip:topics:1.0">
  <code code="C17">
    <editdetail attribution="Reuters BIP Coding Group" action="confirmed" date="1997-03-23"/>
  </code>
  <code code="C172">
    <editdetail attribution="Reuters BIP Coding Group" action="confirmed" date="1997-03-23"/>
  </code>
  <code code="CCAT">
    <editdetail attribution="Reuters BIP Coding Group" action="confirmed" date="1997-03-23"/>
  </code>
</codes>
<dc element="dc.date.created" value="1997-03-23"/>
<dc element="dc.publisher" value="Reuters Holdings Plc"/>
<dc element="dc.date.published" value="1997-03-23"/>
<dc element="dc.source" value="Reuters"/>
<dc element="dc.creator.location" value="NEW DELHI"/>
<dc element="dc.creator.location.country.name" value="INDIA"/>
<dc element="dc.source" value="Reuters"/>
</metadata>
</newsitem>
