<?xml version="1.0" encoding="iso-8859-1" ?>
<newsitem itemid="462304" id="root" date="1997-03-23" xml:lang="en">
<title>FRANCE: PRESS DIGEST - Algeria - March 23.</title>
<headline>PRESS DIGEST - Algeria - March 23.</headline>
<dateline>PARIS 1997-03-23</dateline>
<text>
<p>These are the leading stories in the Algerian press on Sunday according to the official news agency APS. Reuters has not verified these stories and does not vouch for their accuracy.</p>
<p>LIBERTE</p>
<p>- Air Algerie to resume flights to Paris on April 26.</p>
<p>- First meeting of independent commission in charge of monitoring June 5 parliamentary elections.</p>
<p>EL-MOUDJAHID</p>
<p>- Salah Boubnider, former military officer, elected by majority to head of elections watchdog committee.</p>
<p>- Finance minister pays surprise visit to Algiers port and orders seizure of goods kept past deadline.</p>
<p>AL-CHAAB</p>
<p>- Algeria takes active part in meeting of Organisation of the Islamic Conference in Pakistan.</p>
<p>LA TRIBUNE</p>
<p>- Algerian team in Pakistan works to get support for broader condemnation of terrorism.</p>
</text>
<copyright>(c) Reuters Limited 1997</copyright>
<metadata>
<codes class="bip:countries:1.0">
  <code code="ALG">
    <editdetail attribution="Reuters BIP Coding Group" action="confirmed" date="1997-03-23"/>
  </code>
</codes>
<codes class="bip:topics:1.0">
  <code code="GCAT">
    <editdetail attribution="Reuters BIP Coding Group" action="confirmed" date="1997-03-23"/>
  </code>
</codes>
<dc element="dc.date.created" value="1997-03-23"/>
<dc element="dc.publisher" value="Reuters Holdings Plc"/>
<dc element="dc.date.published" value="1997-03-23"/>
<dc element="dc.source" value="Reuters"/>
<dc element="dc.creator.location" value="PARIS"/>
<dc element="dc.creator.location.country.name" value="FRANCE"/>
<dc element="dc.source" value="Reuters"/>
</metadata>
</newsitem>
