<?xml version="1.0" encoding="iso-8859-1" ?>
<newsitem itemid="462314" id="root" date="1997-03-23" xml:lang="en">
<title>ITALY: Dutch-Flemish show goes to roots of modern art.</title>
<headline>Dutch-Flemish show goes to roots of modern art.</headline>
<byline>Jude Webber</byline>
<dateline>VENICE, Italy 1997-03-23</dateline>
<text>
<p>It is famously easy to get lost in Venice and visitors to one of the elegant palazzos on the Grand Canal might well wonder where they went wrong when they turn up to see a new show on Dutch and Flemish modern art.</p>
<p>The first thing they see is a life-sized black figure with a board proclaiming: &quot;I have nothing to do with the 20th century&quot;.</p>
<p>The second is a painting from 1531.</p>
<p>The show at the Palazzo Grassi brings together late 19th and early 20th century art from Flanders and the Netherlands for the first time, tracing its influences back through the ages.</p>
<p>&quot;We want people to look at art afresh and not through cliches,&quot; said Jan Hoet, director of the Museum van Hedendaagse Kunst in the Belgian city of Ghent and co-curator of the exhibition.</p>
<p>&quot;We wanted to expose the deep roots...to show the linearity and the divisions,&quot; he said.</p>
<p>The exhibition, which traces the development of modern art in the Low Countries from artists such as Vincent Van Gogh, James Ensor, Rene Magritte and Piet Mondrian to contemporary artists, is not just concerned with history. It is also about geography.</p>
<p>Rudi Fuchs, director of Amsterdam's Stedelijk Museum, said the it highlighted how modern Dutch and Flemish artists had reacted differently to the trends of their times.</p>
<p>&quot;For example, Picasso and Braque invented cubism,&quot; Fuchs said, referring to the Spanish and French artists whose radical rejection of a flat view of reality in favour of angular visions to show an object from all sides gave birth to abstract art.</p>
<p>&quot;With Mondrian, in his own Dutch orbit, Cubism intersected with his love for 17th century landscapes, harmony and stillness and led to paintings of extreme silence,&quot; Fuchs said.</p>
<p>Mondrian is best known for bold, bright geometric grids.</p>
<p>&quot;In Belgium, Gustave de Smet also saw cubism but he developed its chiaroscuro (the play of light and dark) aspect...It's about what you do with the ingredients. The ultimate conclusion is that modern art is a set of versions.&quot;</p>
<p>COMPARE AND CONTRAST -- VAN GOGH AND ENSOR</p>
<p>The exhibition took more than two years to organise and contains 220 works by 89 artists. Despite its cliche-busting aims, Fuchs said some cultural stereotypes had turned out to be true.</p>
<p>Hoet said the Flemish tended to lose themselves in their imagination while the Dutch were often quieter and, in the case of Van Gogh, more concerned with the search for truth.</p>
<p>Van Gogh's work is one of the starting points of the show, where viewers are invited to compare and contrast his style with that of Ensor, a Belgian who was seven years his junior.</p>
<p>Some familiar works by Van Gogh are on display, including a self-portrait from 1887 and a landscape with cedar trees from 1890. Lesser-known works were also picked as a challenge.</p>
<p>While Ensor ranged from sober scenes to atmospheric seascapes and bright, sometimes burlesque works, and declared: &quot;I intend to ignore my influences&quot;, Van Gogh focused on nature.</p>
<p>But Van Gogh concluded that trying to capture &quot;character&quot; meant his representations were sometimes stranger than reality.</p>
<p>The curators said that putting the two artists together like this for the first time in an exhibition was key to their aim of encouraging people to look at familiar artists with new eyes.</p>
<p>&quot;I had never really realised how much they have in common,&quot; said Dutch junior culture minister Aad Nuis after his tour.</p>
<p>CROSS-REFERENCES -- ART AS LIVING HISTORY</p>
<p>Echoes abound as the show unfolds through symbolism, expressionism, abstraction, surrealism and varied trends since World War Two in an 18th century palazzo in the famous Italian lagoon city that, like the Netherlands, is built on water.</p>
<p>The most striking parallel between old and new comes near the end of the show, where the legacy of the 17th century Dutch painter Pieter Saenredam is linked to Mondrian's work in the 1920s and contemporary artist Jan Dibbets.</p>
<p>Saenredam, in a painting from 1661, plays with perspective by showing a series of doors opening onto courtyards.</p>
<p>&quot;Saenredam's churches were an eye-opener to me,&quot; says, Dibbets, a Dutchman. &quot;They made me realise that he was actually a 17th century Mondrian.&quot;</p>
<p>Dibbets's own work -- huge monochrome backgrounds with photographs of windows in the centre that twist perspectives -- themselves recall the lines and angles of Mondrian.</p>
<p>One of Dibbets's works, in which a square window is viewed at an angle and appears diamond shaped, also recalls the floating windows of Belgian surrealist Rene Magritte.</p>
<p>One of Magritte's works in the exhibition, showing a green rhinoceros climbing a blue-and-white column against a red background, has never been seen outside Belgium, Hoet said.</p>
<p>Jeroen Henneman, a Dutch artist whose work is on show, said the &quot;amazing, beautiful&quot; exhibition was full of insights.</p>
<p>&quot;Now I'm able to look at works from 40 years ago and put them in the same historical context as Titian in his time,&quot; he said, referring to the great 16th century Venetian artist considered one of the founding fathers of modern painting.</p>
<p>&quot;There's less difference than there's supposed to be.&quot;</p>
<p>The exhibition, called Flemish and Dutch Painting, runs at the Palazzo Grassi until July 13.</p>
</text>
<copyright>(c) Reuters Limited 1997</copyright>
<metadata>
<codes class="bip:countries:1.0">
  <code code="ITALY">
    <editdetail attribution="Reuters BIP Coding Group" action="confirmed" date="1997-03-23"/>
  </code>
  <code code="NETH">
    <editdetail attribution="Reuters BIP Coding Group" action="confirmed" date="1997-03-23"/>
  </code>
</codes>
<codes class="bip:topics:1.0">
  <code code="GCAT">
    <editdetail attribution="Reuters BIP Coding Group" action="confirmed" date="1997-03-23"/>
  </code>
  <code code="GENT">
    <editdetail attribution="Reuters BIP Coding Group" action="confirmed" date="1997-03-23"/>
  </code>
</codes>
<dc element="dc.date.created" value="1997-03-23"/>
<dc element="dc.publisher" value="Reuters Holdings Plc"/>
<dc element="dc.date.published" value="1997-03-23"/>
<dc element="dc.source" value="Reuters"/>
<dc element="dc.creator.location" value="VENICE, Italy"/>
<dc element="dc.creator.location.country.name" value="ITALY"/>
<dc element="dc.source" value="Reuters"/>
</metadata>
</newsitem>
