<?xml version="1.0" encoding="iso-8859-1" ?>
<newsitem itemid="462302" id="root" date="1997-03-23" xml:lang="en">
<title>REPUBLIC OF IRELAND: German President commemorates Irish refugee aid.</title>
<headline>German President commemorates Irish refugee aid.</headline>
<dateline>DUBLIN 1997-03-23</dateline>
<text>
<p>German president Roman Herzog paid a one-day visit to Ireland on Sunday to mark the 50th anniversary of &quot;Operation Shamrock&quot; when Irish families opened their homes to children from stricken post-war Germany.</p>
<p>Herzog called on Irish President Mary Robinson at her official residence before the two attended a Dublin church service to commemorate the humanitarian response of families who fostered more than 500 young refugees during 1946-47.</p>
<p>Many of the original foster children travelled from Germany and were set for a nostalgic meeting with host families.</p>
<p>Officials said up to 160 former refugees and 180 foster families had accepted invitations from the Irish Red Cross Society and the German Embassy to ceremonies including a service at the capital's St Patrick's Cathedral and a reception in historic Dubin Castle.</p>
<p>Families struck by reports of misery and hunger affecting children gave the youngsters temporary homes in an initiative named after Ireland's national emblem.</p>
<p>Another 500 children from Britain, France and elsewhere were also fostered in Ireland under &quot;Operation Shamrock&quot;.</p>
<p>The Germans, mostly from the Rhineland area, stayed for three years or more. Religious organisations and the Red Cross co-operated in arranging their arrival.</p>
<p>On Monday the &quot;foster children&quot; and families will visit a hostel in Glencree County Wicklow, near Dublin, where the young ones stayed before joining their hosts.</p>
<p>Deputy prime minister and foreign minister Dick Spring will later hold a reception for them at his ministerial headquarters in the Irish capital.</p>
</text>
<copyright>(c) Reuters Limited 1997</copyright>
<metadata>
<codes class="bip:countries:1.0">
  <code code="GFR">
    <editdetail attribution="Reuters BIP Coding Group" action="confirmed" date="1997-03-23"/>
  </code>
  <code code="IRE">
    <editdetail attribution="Reuters BIP Coding Group" action="confirmed" date="1997-03-23"/>
  </code>
</codes>
<codes class="bip:topics:1.0">
  <code code="GCAT">
    <editdetail attribution="Reuters BIP Coding Group" action="confirmed" date="1997-03-23"/>
  </code>
  <code code="GDIP">
    <editdetail attribution="Reuters BIP Coding Group" action="confirmed" date="1997-03-23"/>
  </code>
</codes>
<dc element="dc.date.created" value="1997-03-23"/>
<dc element="dc.publisher" value="Reuters Holdings Plc"/>
<dc element="dc.date.published" value="1997-03-23"/>
<dc element="dc.source" value="Reuters"/>
<dc element="dc.creator.location" value="DUBLIN"/>
<dc element="dc.creator.location.country.name" value="REPUBLIC OF IRELAND"/>
<dc element="dc.source" value="Reuters"/>
</metadata>
</newsitem>
