<?xml version="1.0" encoding="iso-8859-1" ?>
<newsitem itemid="462310" id="root" date="1997-03-23" xml:lang="en">
<title>GERMANY: Top Germans see hope for Thyssen-Krupp steel deal.</title>
<headline>Top Germans see hope for Thyssen-Krupp steel deal.</headline>
<dateline>FRANKFURT 1997-03-23</dateline>
<text>
<p>Two leading German officials said on Sunday they expected talks between steelmakers Fried. Krupp AG Hoesch-Krupp and Thyssen AG to avoid a hostile bid by Krupp would end in mutual cooperation.</p>
<p>Hans-Olaf Henkel, president of the BDI Federation of German Industry, and Wolfgang Clement, economics minister of the state of North Rhine-Westphalia, both said they were optimistic about the outcome of the ongoing talks ahead of a Thursday deadline.</p>
<p>&quot;I would say a merger would be good for both companies, particularly in the long-term,&quot; Henkel told German television network ZDPF in an interview programme along with Clement, whose state is headquarters for both companies.</p>
<p>Clement, a member of the Social Democratic Party (SPD), said he had the &quot;impression that these talks have been very constructive&quot;.</p>
<p>&quot;I do not think the differences are dramatic. I want to see a merger in the end and not a hostile takeover,&quot; he said.</p>
<p>Henkel also said in the television programme that he believed the talks were &quot;progressing well&quot; based on his conversations with those involved in the talks.</p>
<p>&quot;I am convinced that if nothing is done the situation will become much worse,&quot; Henkel said.</p>
<p>Added Clement: &quot;We must come to a rational decision.&quot;</p>
<p>The talks began last Thursdy after Krupp launched a rare hostile takeover of larger Thyssen earlier last week, offering shareholders 435 marks a share, a 25 percent premium over the previous day's share price.</p>
<p>Krupp has set Thursday as a deadline for the talks amid German media reports at the weekend that it would relaunch its hostile takeover bid for Thyssen should the talks fail.</p>
<p>A merger between Krupp and Thyssen would create one of the world's largest steel operations, but Krupp has said the full merger of the two companies would create cost savings in other areas as well, such as engineering and automotive components.</p>
<p>The takeover attempt sparked spontaneous work stoppages by thousands of steel workers in the Ruhr valley heartland and local politicians intervened, persuading the two companies to begin talks over a merger of just their steel companies.</p>
<p>--Frankfurt Newsroom, +49 69 756525</p>
</text>
<copyright>(c) Reuters Limited 1997</copyright>
<metadata>
<codes class="bip:countries:1.0">
  <code code="GFR">
    <editdetail attribution="Reuters BIP Coding Group" action="confirmed" date="1997-03-23"/>
  </code>
</codes>
<codes class="bip:industries:1.0">
  <code code="I22100">
    <editdetail attribution="Reuters BIP Coding Group" action="confirmed" date="1997-03-23"/>
  </code>
  <code code="I83960">
    <editdetail attribution="Reuters BIP Coding Group" action="confirmed" date="1997-03-23"/>
  </code>
</codes>
<codes class="bip:topics:1.0">
  <code code="C18">
    <editdetail attribution="Reuters BIP Coding Group" action="confirmed" date="1997-03-23"/>
  </code>
  <code code="C181">
    <editdetail attribution="Reuters BIP Coding Group" action="confirmed" date="1997-03-23"/>
  </code>
  <code code="CCAT">
    <editdetail attribution="Reuters BIP Coding Group" action="confirmed" date="1997-03-23"/>
  </code>
</codes>
<dc element="dc.date.created" value="1997-03-23"/>
<dc element="dc.publisher" value="Reuters Holdings Plc"/>
<dc element="dc.date.published" value="1997-03-23"/>
<dc element="dc.source" value="Reuters"/>
<dc element="dc.creator.location" value="FRANKFURT"/>
<dc element="dc.creator.location.country.name" value="GERMANY"/>
<dc element="dc.source" value="Reuters"/>
</metadata>
</newsitem>
