<?xml version="1.0" encoding="iso-8859-1" ?>
<newsitem itemid="462324" id="root" date="1997-03-23" xml:lang="en">
<title>PAKISTAN: Iranian, Saudi leaders meet in Pakistan.</title>
<headline>Iranian, Saudi leaders meet in Pakistan.</headline>
<dateline>ISLAMABAD 1997-03-23</dateline>
<text>
<p>Iranian President Akbar Hashemi Rafsanjani and Saudi Crown Prince Abdullah held a rare meeting in Islamabad on Sunday on the sidelines of an Islamic summit, Iranian and Pakistani sources said.</p>
<p>There was no immediate official word after the hour-long meeting on just what was discussed by the leaders of the two countries, whose relations have been strained in recent years.</p>
<p>Pakistan's official APP news agency quoted unidentified diplomatic sources as saying both Rafsanjani and Abdullah had &quot;stressed the need for improving relations&quot; between their countries.</p>
<p>The sources quoted the Iranian president as saying that he was satisfied with the pace of improvement of bilateral ties.</p>
</text>
<copyright>(c) Reuters Limited 1997</copyright>
<metadata>
<codes class="bip:countries:1.0">
  <code code="IRAN">
    <editdetail attribution="Reuters BIP Coding Group" action="confirmed" date="1997-03-23"/>
  </code>
  <code code="PAKIS">
    <editdetail attribution="Reuters BIP Coding Group" action="confirmed" date="1997-03-23"/>
  </code>
  <code code="SAARAB">
    <editdetail attribution="Reuters BIP Coding Group" action="confirmed" date="1997-03-23"/>
  </code>
</codes>
<codes class="bip:topics:1.0">
  <code code="GCAT">
    <editdetail attribution="Reuters BIP Coding Group" action="confirmed" date="1997-03-23"/>
  </code>
  <code code="GDIP">
    <editdetail attribution="Reuters BIP Coding Group" action="confirmed" date="1997-03-23"/>
  </code>
</codes>
<dc element="dc.date.created" value="1997-03-23"/>
<dc element="dc.publisher" value="Reuters Holdings Plc"/>
<dc element="dc.date.published" value="1997-03-23"/>
<dc element="dc.source" value="Reuters"/>
<dc element="dc.creator.location" value="ISLAMABAD"/>
<dc element="dc.creator.location.country.name" value="PAKISTAN"/>
<dc element="dc.source" value="Reuters"/>
</metadata>
</newsitem>
