<?xml version="1.0" encoding="iso-8859-1" ?>
<newsitem itemid="462313" id="root" date="1997-03-23" xml:lang="en">
<title>DENMARK: FEATURE - Red Cross offers eastern Europe crisis partnership.</title>
<headline>FEATURE - Red Cross offers eastern Europe crisis partnership.</headline>
<byline>Christopher Follett</byline>
<dateline>COPENHAGEN 1997-03-23</dateline>
<text>
<p>The end of the Cold War has seen a huge increase in poverty and sickness in the former Soviet Union and eastern Europe and aid organisations say they will help the region to overcome the crisis.</p>
<p>The post-communist period in eastern Europe has seen vast changes with war, growing ethnic tension, social polarisation, youth drug abuse, violence and health and environmental problems, Joergen Poulsen, secretary-general of the Danish Red Cross, told Reuters.</p>
<p>Poulsen said these problems had been aggravated by decreasing public resources placing an ever escalating responsibility on humanitarian organisations.</p>
<p>&quot;We tend to focus all the time on the European Union and forget that there is another Europe which lives in a completely different world.</p>
<p>&quot;This other Europe has suffered a major breakdown since the collapse of the Iron Curtain. Over 50 million people in Russia and another 40 million in former Soviet bloc countries are living below the poverty line.</p>
<p>&quot;We have a huge task ahead of us in holding these nations together. We want to offer them a partnership,&quot; Poulsen said.</p>
<p>Poulsen was speaking as Europe's Red Cross and Red Crescent societies met in Copenhagen last week to discuss aid strategies.</p>
<p>The organisations say that diseases such as diptheria, typhoid and cholera have reappeared in eastern Europe. In the former Soviet Union heart disease and suicide is becoming more common and life expectancy for the average male fell from 65 to 58 between 1989 and 1994.</p>
<p>&quot;In many countries the heath system has totally collapsed and the Red Cross has to fill the gaps. The national societies must find a joint strategy in the fight against the new Europe's diseases,&quot; said Freddy Karup Pedersen, acting president of the Danish Red Cross.</p>
<p>&quot;We must be ready to provide emergency aid but we must also hold governments to their duty to guarantee the health of citizens at national and international levels.&quot;</p>
<p>ALBANIAN CRISIS</p>
<p>&quot;Europe is changing dramatically. It has more democracy than before but it has become less stable,&quot; the Red Cross and Red Crescent societies said in a declaration at the end of their four-day conference.</p>
<p>&quot;There is less fear of an international war, yet the individual feels more insecure,&quot; they added.</p>
<p>The Albanian Red Cross, unable to attend the conference, sent a message to the 400 delegates describing the extensive plundering and destruction of its stores, offices and supply depots in the current unrest.</p>
<p>&quot;The violence has not only involved robbery, arson and the destruction of economic, financial, social and administrative institutions, it has also left many dead and hundreds wounded,&quot; the message said.</p>
<p>The Geneva-based International Committee of the Red Cross appealed to donors to raise $10 milllion to finance emergency aid for the beleaguered Balkan country.</p>
<p>POVERTY WIDESPREAD</p>
<p>Poverty is a vast problem. The Red Cross estimates that more than half of the Bulgarian population is living below the poverty line.</p>
<p>&quot;Abject poverty reigns in former Soviet countries, people are dying of starvation, the lifespan is falling, child deaths are more frequent than ever before, old illnesses we thought were eradicated are spreading there,&quot; Poulsen said.</p>
<p>&quot;It would be dangerous not to help these countries overcome their catastrophic problems, we must help them to functiion better, to enable them to become more democratic.&quot;</p>
<p>The conference was the first time that Red Cross and Red Crescent societies from both sides of the old ideological divide in Europe had met since the fall of the Iron Curtain.</p>
<p>It ended with the signing of more than 100 cooperation and partnership agreements between 50 Red Cross and Red Crescent societies from Europe and the former Soviet Union.</p>
<p>&quot;I am optimistic that we can weld eastern and western Europe together through an active humanitarian partnership in the fight against poverty,&quot; said Poulsen.</p>
</text>
<copyright>(c) Reuters Limited 1997</copyright>
<metadata>
<codes class="bip:countries:1.0">
  <code code="DEN">
    <editdetail attribution="Reuters BIP Coding Group" action="confirmed" date="1997-03-23"/>
  </code>
  <code code="EEUR">
    <editdetail attribution="Reuters BIP Coding Group" action="confirmed" date="1997-03-23"/>
  </code>
</codes>
<codes class="bip:topics:1.0">
  <code code="E51">
    <editdetail attribution="Reuters BIP Coding Group" action="confirmed" date="1997-03-23"/>
  </code>
  <code code="ECAT">
    <editdetail attribution="Reuters BIP Coding Group" action="confirmed" date="1997-03-23"/>
  </code>
  <code code="GCAT">
    <editdetail attribution="Reuters BIP Coding Group" action="confirmed" date="1997-03-23"/>
  </code>
  <code code="GDIP">
    <editdetail attribution="Reuters BIP Coding Group" action="confirmed" date="1997-03-23"/>
  </code>
</codes>
<dc element="dc.date.created" value="1997-03-23"/>
<dc element="dc.publisher" value="Reuters Holdings Plc"/>
<dc element="dc.date.published" value="1997-03-23"/>
<dc element="dc.source" value="Reuters"/>
<dc element="dc.creator.location" value="COPENHAGEN"/>
<dc element="dc.creator.location.country.name" value="DENMARK"/>
<dc element="dc.source" value="Reuters"/>
</metadata>
</newsitem>
