<?xml version="1.0" encoding="iso-8859-1" ?>
<newsitem itemid="462318" id="root" date="1997-03-23" xml:lang="en">
<title>BANGLADESH: Bangladesh storm damages three ships, kills two.</title>
<headline>Bangladesh storm damages three ships, kills two.</headline>
<dateline>CHITTAGONG, Bangladesh 1997-03-23</dateline>
<text>
<p>Three ships were damaged and a number of fishing boats went missing in the Bay of Bengal when a storm struck Bangladesh's main port city of Chittagong early on Sunday, port officials said.</p>
<p>The storm, with winds of up to 124 kph (77 mph), lashed the port around 4:30 a.m. (2230 GMT), the officials said.</p>
<p>A Singapore-flagged container ship, Kota Berjaya, broke loose from its mooring and struck the Banglar Kallol, a Bangladeshi ship, from the rear, port officials said.</p>
<p>They said Banglar Kiron, another Bangladeshi ship, slammed into a stone wall on the Karnaphuli channel.</p>
<p>The extent of damage to the vessels was not yet clear.</p>
<p>Thge 163-meter Kota Berjaya arrived in Chittagong from Singapore on March 15 and was due to leave the port on Sunday.</p>
<p>Police said an unspecified number of fishing boats were missing after the storm hit without warning from weather officials.</p>
<p>The storm, accompanied by heavy rain, destroyed around 250 houses in Chittagong and Rangamati district in Chittagong Hill Tracts, killing two people and injuring about 80, police said.</p>
<p>They said a woman and her daughter were killed when their house collapsed in Nailyachhari village in Rangamati.</p>
<p>&quot;We are awaiting details,&quot; one police officer in Chittagong told reporters.</p>
</text>
<copyright>(c) Reuters Limited 1997</copyright>
<metadata>
<codes class="bip:countries:1.0">
  <code code="BANDH">
    <editdetail attribution="Reuters BIP Coding Group" action="confirmed" date="1997-03-23"/>
  </code>
</codes>
<codes class="bip:industries:1.0">
  <code code="I74000">
    <editdetail attribution="Reuters BIP Coding Group" action="confirmed" date="1997-03-23"/>
  </code>
</codes>
<codes class="bip:topics:1.0">
  <code code="CCAT">
    <editdetail attribution="Reuters BIP Coding Group" action="confirmed" date="1997-03-23"/>
  </code>
  <code code="GCAT">
    <editdetail attribution="Reuters BIP Coding Group" action="confirmed" date="1997-03-23"/>
  </code>
  <code code="GDIS">
    <editdetail attribution="Reuters BIP Coding Group" action="confirmed" date="1997-03-23"/>
  </code>
  <code code="GWEA">
    <editdetail attribution="Reuters BIP Coding Group" action="confirmed" date="1997-03-23"/>
  </code>
</codes>
<dc element="dc.date.created" value="1997-03-23"/>
<dc element="dc.publisher" value="Reuters Holdings Plc"/>
<dc element="dc.date.published" value="1997-03-23"/>
<dc element="dc.source" value="Reuters"/>
<dc element="dc.creator.location" value="CHITTAGONG, Bangladesh"/>
<dc element="dc.creator.location.country.name" value="BANGLADESH"/>
<dc element="dc.source" value="Reuters"/>
</metadata>
</newsitem>
