<?xml version="1.0" encoding="iso-8859-1" ?>
<newsitem itemid="462327" id="root" date="1997-03-23" xml:lang="en">
<title>INDIA: 14 killed in India as bus crashes into ravine.</title>
<headline>14 killed in India as bus crashes into ravine.</headline>
<dateline>NEW DELHI 1997-03-23</dateline>
<text>
<p>At least 14 people were killed and 11 injured in northern India on Sunday when a passenger bus skidded off a road and crashed into a deep ravine, the Press Trust of India (PTI) said.</p>
<p>The news agency said the accident took place near Dharmari, 115 km (70 miles) from Jammu, the winter capital of the northern state of Jammu and Kashmir.</p>
</text>
<copyright>(c) Reuters Limited 1997</copyright>
<metadata>
<codes class="bip:countries:1.0">
  <code code="INDIA">
    <editdetail attribution="Reuters BIP Coding Group" action="confirmed" date="1997-03-23"/>
  </code>
</codes>
<codes class="bip:topics:1.0">
  <code code="GCAT">
    <editdetail attribution="Reuters BIP Coding Group" action="confirmed" date="1997-03-23"/>
  </code>
  <code code="GDIS">
    <editdetail attribution="Reuters BIP Coding Group" action="confirmed" date="1997-03-23"/>
  </code>
</codes>
<dc element="dc.date.created" value="1997-03-23"/>
<dc element="dc.publisher" value="Reuters Holdings Plc"/>
<dc element="dc.date.published" value="1997-03-23"/>
<dc element="dc.source" value="Reuters"/>
<dc element="dc.creator.location" value="NEW DELHI"/>
<dc element="dc.creator.location.country.name" value="INDIA"/>
<dc element="dc.source" value="Reuters"/>
</metadata>
</newsitem>
