<?xml version="1.0" encoding="iso-8859-1" ?>
<newsitem itemid="462316" id="root" date="1997-03-23" xml:lang="en">
<title>BANGLADESH: Bangladesh storm blows down refugee camp.</title>
<headline>Bangladesh storm blows down refugee camp.</headline>
<dateline>CHITTAGONG, Bangladesh 1997-03-23</dateline>
<text>
<p>Three ships were damaged and a number of fishing boats went missing in the Bay of Bengal when a storm struck Bangladesh's main port city of Chittagong early on Sunday, port officials said.</p>
<p>The storm, with winds of up to 124 kph (77 mph), lashed the port around 4.30 a.m. (2230 GMT), the officials said.</p>
<p>A Singapore-flagged container ship, Kota Berjaya, broke loose from its mooring and struck the Banglar Kallol, a Bangladeshi ship, from the rear, port officials said.</p>
<p>They said Banglar Kiron, another Bangladeshi ship, slammed into a stone wall on the Karnaphuli channel.</p>
<p>The extent of damage to the vessels was not yet clear.</p>
<p>Thge 163-meter Kota Berjaya arrived in Chittagong from Singapore on March 15 and was due to leave the port on Sunday.</p>
<p>Police said an unspecified number of fishing boats were missing after the storm hit without warning from weather officials.</p>
<p>On land, the storm, accompanied by heavy rain, destroyed around 250 houses in Chittagong and Rangamati district in Chittagong Hill Tracts, and flattened a large camp for Burmese refugees in nearby Cox's Bazar.</p>
<p>Police said a woman and her daughter were killed when their house collapsed in Nailyachhari villages in Rangamati.</p>
<p>They said over 80 people were injured in Chittagong and Rangamati.</p>
<p>&quot;We are awaiting details,&quot; one police officer in Chittagong told reporters.</p>
<p>Meanwhile, Cox's bazar officials said at least 25 inmates were injured during the storm, mostly by flying debris, at Kutupalong camp, which housed 10,000 Moslem Rohingya refugees from Burma.</p>
<p>&quot;Majority of the sheds in this camp have been blown away,&quot; one refugee official told reporters in Cox's Bazar.</p>
<p>More than 250,000 Rohingyas fled to Bangladesh from west Burma's Moslem-majority Arakan state in early 1992 to escape alleged military persecution.</p>
<p>All but 23,500 have returned home since repatriation, supervised by the U.N. High Commissioner for Refugees, began in September that year, officials said on Sunday.</p>
</text>
<copyright>(c) Reuters Limited 1997</copyright>
<metadata>
<codes class="bip:countries:1.0">
  <code code="BANDH">
    <editdetail attribution="Reuters BIP Coding Group" action="confirmed" date="1997-03-23"/>
  </code>
  <code code="BURMA">
    <editdetail attribution="Reuters BIP Coding Group" action="confirmed" date="1997-03-23"/>
  </code>
</codes>
<codes class="bip:topics:1.0">
  <code code="GCAT">
    <editdetail attribution="Reuters BIP Coding Group" action="confirmed" date="1997-03-23"/>
  </code>
  <code code="GDIS">
    <editdetail attribution="Reuters BIP Coding Group" action="confirmed" date="1997-03-23"/>
  </code>
</codes>
<dc element="dc.date.created" value="1997-03-23"/>
<dc element="dc.publisher" value="Reuters Holdings Plc"/>
<dc element="dc.date.published" value="1997-03-23"/>
<dc element="dc.source" value="Reuters"/>
<dc element="dc.creator.location" value="CHITTAGONG, Bangladesh"/>
<dc element="dc.creator.location.country.name" value="BANGLADESH"/>
<dc element="dc.source" value="Reuters"/>
</metadata>
</newsitem>
