<?xml version="1.0" encoding="iso-8859-1" ?>
<newsitem itemid="462300" id="root" date="1997-03-23" xml:lang="en">
<title>SPAIN: Spain to try to cement French support for EMU bid.</title>
<headline>Spain to try to cement French support for EMU bid.</headline>
<byline>Sharman Esarey</byline>
<dateline>MADRID 1997-03-23</dateline>
<text>
<p>Spain will try to cement French support on Monday for it to take part in the launch of Europe's single currency and overcome doubts about its fitness to join the continent's economic powers.</p>
<p>Spanish Economy Minister Rodrigo Rato will put forward his nation's dramatic economic improvement to ensure France, seen as a core founding member of the euro with Germany, will back Spain's candidacy.</p>
<p>The regular twice yearly meeting of French and Spanish finance ministers will focus on the two nations' economic progress and European Monetary and Economic Union, and the follow-up to a European Union summit in Dublin in December which laid the groundwork for the practical running of monetary union.</p>
<p>French Finance Minister Jean Arthuis is likely to be sympathetic to Spain's cause, after French President Jacques Chirac portrayed Spain as a credible contender for the launch at a summit in Madrid last November.</p>
<p>But since then, a top German official and banker have raised serious reservations about Spain's long-term fitness, although Spain itself has fulfilled an additional two of the five Maastricht Treaty economic criteria for the launch.</p>
<p>In February, German Finance Secretary Juergen Stark said some countries did not have the economic track record to join in the euro launch. Although he named no names, market participants believed he was referring to Italy, Spain and Portugal.</p>
<p>But Spain has pressed its economic clean-up project and by early March, data showed it had tentatively achieved inflation levels that met the requirements.</p>
<p>Under the Treaty, inflation may not exceed the average of the three best EU performers by more than 1.5 points in 1997. In February, Spain's year-on-year rate slid to 2.5 percent from 2.9 percent in January and 3.7 in February 1996.</p>
<p>It also met the currency stability criteria in early March, having held its currency stable for two years since its last devaluation on March 8, 1995.</p>
<p>The Maastricht Treaty lays down economic targets on inflation, interest and exchange rates, budget deficits and public debt which nations must meet this year to join the euro from the start.</p>
<p>Spain fulfils long-term interest rate rules in addition to inflation and currency stability. It is also considered to be on schedule for deficit and debt criteria.</p>
<p>Given its increasing economic progress, German scepticism has angered Spain and it will be looking for assurances that France remains in its camp.</p>
<p>&quot;There is no doubt we will be able to fulfil the criteria,&quot; Rato told Reuters earlier this week.</p>
<p>&quot;Some people in Europe should not be speaking about other countries. They should be concentrating on (their own). That is what we are doing,&quot; Rato said.</p>
<p>France is likely to be receptive.</p>
<p>&quot;France will look to support the Mediterranean countries for competitive reasons and to have a political balance to counter the extreme strength of the core (nations to the north), said Xavier Secura Porta, chief of research at Caja de Cataluna.</p>
</text>
<copyright>(c) Reuters Limited 1997</copyright>
<metadata>
<codes class="bip:countries:1.0">
  <code code="EEC">
    <editdetail attribution="Reuters BIP Coding Group" action="confirmed" date="1997-03-23"/>
  </code>
  <code code="FRA">
    <editdetail attribution="Reuters BIP Coding Group" action="confirmed" date="1997-03-23"/>
  </code>
  <code code="SPAIN">
    <editdetail attribution="Reuters BIP Coding Group" action="confirmed" date="1997-03-23"/>
  </code>
</codes>
<codes class="bip:topics:1.0">
  <code code="E12">
    <editdetail attribution="Reuters BIP Coding Group" action="confirmed" date="1997-03-23"/>
  </code>
  <code code="ECAT">
    <editdetail attribution="Reuters BIP Coding Group" action="confirmed" date="1997-03-23"/>
  </code>
  <code code="G15">
    <editdetail attribution="Reuters BIP Coding Group" action="confirmed" date="1997-03-23"/>
  </code>
  <code code="G151">
    <editdetail attribution="Reuters BIP Coding Group" action="confirmed" date="1997-03-23"/>
  </code>
  <code code="G154">
    <editdetail attribution="Reuters BIP Coding Group" action="confirmed" date="1997-03-23"/>
  </code>
  <code code="GCAT">
    <editdetail attribution="Reuters BIP Coding Group" action="confirmed" date="1997-03-23"/>
  </code>
</codes>
<dc element="dc.date.created" value="1997-03-23"/>
<dc element="dc.publisher" value="Reuters Holdings Plc"/>
<dc element="dc.date.published" value="1997-03-23"/>
<dc element="dc.source" value="Reuters"/>
<dc element="dc.creator.location" value="MADRID"/>
<dc element="dc.creator.location.country.name" value="SPAIN"/>
<dc element="dc.source" value="Reuters"/>
</metadata>
</newsitem>
