<?xml version="1.0" encoding="iso-8859-1" ?>
<newsitem itemid="462312" id="root" date="1997-03-23" xml:lang="en">
<title>AUSTRIA: Hundreds cut off by rock slide in Austria.</title>
<headline>Hundreds cut off by rock slide in Austria.</headline>
<dateline>VIENNA 1997-03-23</dateline>
<text>
<p>Several hundred Austrians were cut off from the rest of the country on Sunday after a rock slide in the western province of Salzburg made roads impassable, local rescue services said.</p>
<p>Early on Sunday, falling rocks buried a 200-metre stretch of the main highway leading to the Stubachtal area, just outside the holiday resort of Zell-am-See, 300 kilometres (170 miles) west of Vienna.</p>
<p>No injuries were initially reported.</p>
<p>Local police said a crisis meeting of rescue services in Zell-am-See would decide how best to clear the road and reach those who were cut off.</p>
</text>
<copyright>(c) Reuters Limited 1997</copyright>
<metadata>
<codes class="bip:countries:1.0">
  <code code="AUST">
    <editdetail attribution="Reuters BIP Coding Group" action="confirmed" date="1997-03-23"/>
  </code>
</codes>
<codes class="bip:topics:1.0">
  <code code="GCAT">
    <editdetail attribution="Reuters BIP Coding Group" action="confirmed" date="1997-03-23"/>
  </code>
  <code code="GDIS">
    <editdetail attribution="Reuters BIP Coding Group" action="confirmed" date="1997-03-23"/>
  </code>
</codes>
<dc element="dc.date.created" value="1997-03-23"/>
<dc element="dc.publisher" value="Reuters Holdings Plc"/>
<dc element="dc.date.published" value="1997-03-23"/>
<dc element="dc.source" value="Reuters"/>
<dc element="dc.creator.location" value="VIENNA"/>
<dc element="dc.creator.location.country.name" value="AUSTRIA"/>
<dc element="dc.source" value="Reuters"/>
</metadata>
</newsitem>
