<?xml version="1.0" encoding="iso-8859-1" ?>
<newsitem itemid="462305" id="root" date="1997-03-23" xml:lang="en">
<title>VATICAN: Pope presides at Palm Sunday celebrations.</title>
<headline>Pope presides at Palm Sunday celebrations.</headline>
<dateline>VATICAN CITY 1997-03-23</dateline>
<text>
<p>Pope John Paul led the world's Roman Catholics in Palm Sunday celebrations, starting a hectic Holy Week of pre-Easter activities that will test the stamina of the 76-year-old Pontiff.</p>
<p>Tens of thousands of people in St Peter's Square waved palm and olive branches as the 76-year-old Pope was driven in an open jeep to an altar on the steps of Christendom's largest church.</p>
<p>Palm Sunday commemorates Christ's triumphant entry into Jerusalem a week before his arrest, death by crucifixion and resurrection.</p>
<p>In his homily during a mass, the Pontiff, dressed in red and gold vestments, recounted the Biblical story of Christ's passion and death.</p>
<p>Palm Sunday is also one of the two days the Roman Catholic Church is marking its World Day of Youth this year. The Pope is due to travel to Paris in August for the second celebration.</p>
<p>The Pope appeared in relatively good form during Sunday's three-hour-service. He has suffered a spate of health problems in recent years, most recently in October, when he had surgery to remove his appendix.</p>
<p>Sunday marked the start of a busy week for the Pope leading up to Easter, the most important day in the Christian liturgical calendar.</p>
<p>On Thursday, he will preside at a vespers service in the Rome basilica of St John Lateran during which he will wash and kiss the feet of 12 men in a gesture commemorating Christ's humilty towards his apostles on the night before he died.</p>
<p>He will lead three services on Good Friday, the day Christians commemorate Christ's crucifixion, including a candlelight Via Crucis (way of the cross) procession around the Colosseum in Rome.</p>
<p>The Pope's Holy Week activities culminate on Easter Sunday, when he says mass in St Peter's Square and delivers his twice-yearly &quot;Urbi et Orbi&quot; (to the city and the world) message and blessing.</p>
</text>
<copyright>(c) Reuters Limited 1997</copyright>
<metadata>
<codes class="bip:countries:1.0">
  <code code="VCAN">
    <editdetail attribution="Reuters BIP Coding Group" action="confirmed" date="1997-03-23"/>
  </code>
</codes>
<codes class="bip:topics:1.0">
  <code code="GCAT">
    <editdetail attribution="Reuters BIP Coding Group" action="confirmed" date="1997-03-23"/>
  </code>
  <code code="GREL">
    <editdetail attribution="Reuters BIP Coding Group" action="confirmed" date="1997-03-23"/>
  </code>
</codes>
<dc element="dc.date.created" value="1997-03-23"/>
<dc element="dc.publisher" value="Reuters Holdings Plc"/>
<dc element="dc.date.published" value="1997-03-23"/>
<dc element="dc.source" value="Reuters"/>
<dc element="dc.creator.location" value="VATICAN CITY"/>
<dc element="dc.creator.location.country.name" value="VATICAN"/>
<dc element="dc.source" value="Reuters"/>
</metadata>
</newsitem>
