<?xml version="1.0" encoding="iso-8859-1" ?>
<newsitem itemid="458370" id="root" date="1997-03-21" xml:lang="en">
<title>SOUTH AFRICA: CRICKET-AUSTRALIA MAKE SOUND START VS S.AFRICA.</title>
<headline>CRICKET-AUSTRALIA MAKE SOUND START VS S.AFRICA.</headline>
<dateline>PRETORIA 1997-03-21</dateline>
<text>
<p>Australia made a sound start on the first morning of the third and final cricket test match against South Africa at Centurion Park on Friday.</p>
<p>South Africa's gamble on inserting the tourists after winning the toss failed to pay significant dividends as Australia reached 64 for the loss of just two wickets by lunch.</p>
<p>Mark Waugh was not out at the interval but more significantly Australian skipper Mark Taylor survived the session in his personal battle for batting form.</p>
<p>Despite leading his side to nine successive wins in South Africa and a winning 2-0 lead in the test series, there had been calls for Taylor to be dropped as a result of his poor batting performance.</p>
<p>However he reached an undefeated 22 by lunch to end a run of nine test innings in which he failed to reach 20.</p>
<p>South Africa were looking to restore some pride after losing tests in Johannesburg and Port Elizabeth, but skipper Hansie Cronje's decision to bowl first on a well grassed wicket did not pay off.</p>
<p>They had success in the eighth over when recalled left arm fast bowler Brett Schultz bowled Matthew Hayden through the gate for ten.</p>
<p>It took an injudicious hook at an Allan Donald bouncer from Matthew Elliott to get the second breakthrough. Schultz took a fine running catch over his right shoulder just a couple of metres in from the fine leg boundary to dismiss Elliott for 18.</p>
<p>Schultz replaced the injured Shaun Pollock with South Africa also dropping batsman Herschelle Gibbs and wrist spinner Paul Adams in favour of all-rounder Lance Klusener and off-spinner Pat Symcox.</p>
</text>
<copyright>(c) Reuters Limited 1997</copyright>
<metadata>
<codes class="bip:countries:1.0">
  <code code="AUSTR">
    <editdetail attribution="Reuters BIP Coding Group" action="confirmed" date="1997-03-21"/>
  </code>
  <code code="SAFR">
    <editdetail attribution="Reuters BIP Coding Group" action="confirmed" date="1997-03-21"/>
  </code>
</codes>
<codes class="bip:topics:1.0">
  <code code="GCAT">
    <editdetail attribution="Reuters BIP Coding Group" action="confirmed" date="1997-03-21"/>
  </code>
  <code code="GSPO">
    <editdetail attribution="Reuters BIP Coding Group" action="confirmed" date="1997-03-21"/>
  </code>
</codes>
<dc element="dc.date.created" value="1997-03-21"/>
<dc element="dc.publisher" value="Reuters Holdings Plc"/>
<dc element="dc.date.published" value="1997-03-21"/>
<dc element="dc.source" value="Reuters"/>
<dc element="dc.creator.location" value="PRETORIA"/>
<dc element="dc.creator.location.country.name" value="SOUTH AFRICA"/>
<dc element="dc.source" value="Reuters"/>
</metadata>
</newsitem>
