<?xml version="1.0" encoding="iso-8859-1" ?>
<newsitem itemid="458339" id="root" date="1997-03-21" xml:lang="en">
<title>portugal: RALLYING-MAKINEN LOOKING FOR CHANGE OF LUCK.</title>
<headline>RALLYING-MAKINEN LOOKING FOR CHANGE OF LUCK.</headline>
<dateline>FIGUIERA DA FOZ, Portugal 1997-03-21</dateline>
<text>
<p>Defending world rally drivers' champion Tommi Makinen and his Mitsubishi team head into this weekend's Portuguese rally confident they can kick-start their flagging season after a problem-riddled start.</p>
<p>Makinen, of Finland, is currently fifth in the drivers' championship with eight points, five behind leader Briton Colin McRae, after two third places and a non-finish in the opening rounds of this year's title race.</p>
<p>Mitsubishi are third behind Subaru and Ford in the manufacturers championship.</p>
<p>But both believe this could be the event where they enjoy a turn around in their fortunes and begin to reproduce the form which carried Makinen to glory last year.</p>
<p>&quot;The car is very good, very reliable and the engine is very strong. We had a good test, so I think we can win Portugal,&quot; said Makinen, with unexpected confidence, despite having failed to finish the three Portuguese rallies he has started.</p>
<p>&quot;Tommi is clearly a potential winner,&quot; said Mitsubishi team manager Phil Short. &quot;We've led all three events so far through Tommi and had every chance of winning, so I hope we can convert this into a victory in Portugal.</p>
<p>&quot;I think this rally will give a more accurate indication of the rest of the World Rally Championship than any of the first three rounds.</p>
<p>&quot;Portugal is always one of the tougher rounds of the series. We're generally going quite long distances on rough roads, which are going to test car reliability and tyres.&quot;</p>
<p>The first of the 31 stages of the Rally of Portugal begins at the southern coastal resort of Figuiera da Foz on Sunday.</p>
<p>This is the first rally on the kind of loose gravel surfaces which the teams are likely to face in future rounds of the series.</p>
<p>&quot;The first leg of the event is long and possibly the longest day in the world championship this year,&quot; McRae, who drives a Subaru Impreza, said. &quot;It's going to be tough and important to establish a pace.</p>
<p>&quot;The weather up there in the mountains is unpredictable as it's quite high and I would have thought that whoever leads out of there will be pretty much home and dry.&quot;</p>
<p>The event will finish on Wednesday in Figuiera after snaking east and south through the anticipated heavy showers expected during Portugal's wettest month of March.</p>
</text>
<copyright>(c) Reuters Limited 1997</copyright>
<metadata>
<codes class="bip:countries:1.0">
  <code code="FIN">
    <editdetail attribution="Reuters BIP Coding Group" action="confirmed" date="1997-03-21"/>
  </code>
  <code code="PORL">
    <editdetail attribution="Reuters BIP Coding Group" action="confirmed" date="1997-03-21"/>
  </code>
  <code code="UK">
    <editdetail attribution="Reuters BIP Coding Group" action="confirmed" date="1997-03-21"/>
  </code>
</codes>
<codes class="bip:topics:1.0">
  <code code="GCAT">
    <editdetail attribution="Reuters BIP Coding Group" action="confirmed" date="1997-03-21"/>
  </code>
  <code code="GSPO">
    <editdetail attribution="Reuters BIP Coding Group" action="confirmed" date="1997-03-21"/>
  </code>
</codes>
<dc element="dc.date.created" value="1997-03-21"/>
<dc element="dc.publisher" value="Reuters Holdings Plc"/>
<dc element="dc.date.published" value="1997-03-21"/>
<dc element="dc.source" value="Reuters"/>
<dc element="dc.creator.location" value="FIGUIERA DA FOZ, Portugal"/>
<dc element="dc.creator.location.country.name" value="PORTUGAL"/>
<dc element="dc.source" value="Reuters"/>
</metadata>
</newsitem>
