<?xml version="1.0" encoding="iso-8859-1" ?>
<newsitem itemid="458398" id="root" date="1997-03-21" xml:lang="en">
<title>USA: NBA BASKETBALL-THURSDAY'S RESULTS.</title>
<headline>NBA BASKETBALL-THURSDAY'S RESULTS.</headline>
<dateline>NEW YORK 1997-03-21</dateline>
<text>
<p>Results of National</p>
<p>Basketball Association games on Thursday (home team in CAPS):</p>
<p> LA Lakers	   89  CLEVELAND	    76</p>
<p> ORLANDO	    100  Golden State	 95</p>
<p> HOUSTON	     96  Washington	   90</p>
<p> Portland	    97  MILWAUKEE	    78</p>
<p> PHOENIX	    113  San Antonio	 106</p>
<p> SEATTLE	    123  Denver		 97</p>
</text>
<copyright>(c) Reuters Limited 1997</copyright>
<metadata>
<codes class="bip:countries:1.0">
  <code code="USA">
    <editdetail attribution="Reuters BIP Coding Group" action="confirmed" date="1997-03-21"/>
  </code>
</codes>
<codes class="bip:topics:1.0">
  <code code="GCAT">
    <editdetail attribution="Reuters BIP Coding Group" action="confirmed" date="1997-03-21"/>
  </code>
  <code code="GSPO">
    <editdetail attribution="Reuters BIP Coding Group" action="confirmed" date="1997-03-21"/>
  </code>
</codes>
<dc element="dc.date.created" value="1997-03-21"/>
<dc element="dc.publisher" value="Reuters Holdings Plc"/>
<dc element="dc.date.published" value="1997-03-21"/>
<dc element="dc.source" value="Reuters"/>
<dc element="dc.creator.location" value="NEW YORK"/>
<dc element="dc.creator.location.country.name" value="USA"/>
<dc element="dc.source" value="Reuters"/>
</metadata>
</newsitem>
