<?xml version="1.0" encoding="iso-8859-1" ?>
<newsitem itemid="458333" id="root" date="1997-03-21" xml:lang="en">
<title>SWITZERLAND: FIGURE SKATING-GRITSCHUK, PLATOV WIN FOURTH WORLD TITLE.</title>
<headline>FIGURE SKATING-GRITSCHUK, PLATOV WIN FOURTH WORLD TITLE.</headline>
<byline>Brian Creighton</byline>
<dateline>LAUSANNE, Switzerland 1997-03-21</dateline>
<text>
<p>Oksana Gritschuk and Evgeny Platov blended a spectacular interpretation of Arab culture with the special demands of ice dancing to win their fourth successive world title on Friday.</p>
<p>The Russian couple, invincible since they captured the 1994 Olympic title in Norway, gleaned two perfect scores of 6.0 for artistic merit as they again beat team mates Anjelika Krylova and Oleg Ovsiannikov.</p>
<p>&quot;This was the last world championship before the Olympics and it helps us a lot to win it. It will give us a lot of confidence for Japan next year,&quot; Gritschuk, 26 four days ago, said.</p>
<p>&quot;We felt we did everything we could tonight. We worked very hard for this year's European and world championships.&quot;</p>
<p>It was the fourth time in two seasons that Gritschuk and Platov had defeated their compatriots as they danced to their eighth successive international title.</p>
<p>They also had a 6.0 in their tango on Thursday to give them three for the week. They garnered 12 during the European Championships in January but perfect scores are harder to acquire at world level.</p>
<p>&quot;We're happy to get two. It is always a dream to get perfect scores,&quot; Platov, 29, said.</p>
<p>The winners, who changed coaches last year and now train in Boston with Tatiana Tarasova, produced a highly evocative display of Arab culture to music of Peter Gabriel.</p>
<p>Their arch-rivals relied on a more classical performance to the dramatic &quot;Masquerade&quot; music by the Russian composer Aram Khatchaturian.</p>
<p>But Krylova and Ovsiannikov can take heart from being placed first two of the nine judges.</p>
<p>There was no change in the order of the top 12 couples in the free dance.</p>
<p>Canadians Shae-Lynn Bourne and Victor Kraatz held on to the bronze medal position, winning the vote of their own judge who gave them his highest scores of 5.9 and 5.9. They also had two second place votes.</p>
<p>&quot;Last year we were a unanimous third but it is more open now,&quot; Bourne said. &quot;It is much closer and that gives us heart for next season.&quot;</p>
<p>Sophie Moniotte and Pascal Lavanchy won the French battle for fourth place from Marina Anissina and Gwendal Peizerat.</p>
</text>
<copyright>(c) Reuters Limited 1997</copyright>
<metadata>
<codes class="bip:countries:1.0">
  <code code="RUSS">
    <editdetail attribution="Reuters BIP Coding Group" action="confirmed" date="1997-03-21"/>
  </code>
  <code code="SWITZ">
    <editdetail attribution="Reuters BIP Coding Group" action="confirmed" date="1997-03-21"/>
  </code>
</codes>
<codes class="bip:topics:1.0">
  <code code="GCAT">
    <editdetail attribution="Reuters BIP Coding Group" action="confirmed" date="1997-03-21"/>
  </code>
  <code code="GSPO">
    <editdetail attribution="Reuters BIP Coding Group" action="confirmed" date="1997-03-21"/>
  </code>
</codes>
<dc element="dc.date.created" value="1997-03-21"/>
<dc element="dc.publisher" value="Reuters Holdings Plc"/>
<dc element="dc.date.published" value="1997-03-21"/>
<dc element="dc.source" value="Reuters"/>
<dc element="dc.creator.location" value="LAUSANNE, Switzerland"/>
<dc element="dc.creator.location.country.name" value="SWITZERLAND"/>
<dc element="dc.source" value="Reuters"/>
</metadata>
</newsitem>
