<?xml version="1.0" encoding="iso-8859-1" ?>
<newsitem itemid="458368" id="root" date="1997-03-21" xml:lang="en">
<title>SOUTH AFRICA: CRICKET-AUSTRALIA 146-4 V SOUTH AFRICA AT TEA.</title>
<headline>CRICKET-AUSTRALIA 146-4 V SOUTH AFRICA AT TEA.</headline>
<dateline>PRETORIA 1997-03-21</dateline>
<text>
<p>Australia were 146 for four at</p>
<p>tea on the first day of the third and final test against South</p>
<p>Africa at Centurion Park on Friday.</p>
</text>
<copyright>(c) Reuters Limited 1997</copyright>
<metadata>
<codes class="bip:countries:1.0">
  <code code="AUSTR">
    <editdetail attribution="Reuters BIP Coding Group" action="confirmed" date="1997-03-21"/>
  </code>
  <code code="SAFR">
    <editdetail attribution="Reuters BIP Coding Group" action="confirmed" date="1997-03-21"/>
  </code>
</codes>
<codes class="bip:topics:1.0">
  <code code="GCAT">
    <editdetail attribution="Reuters BIP Coding Group" action="confirmed" date="1997-03-21"/>
  </code>
  <code code="GSPO">
    <editdetail attribution="Reuters BIP Coding Group" action="confirmed" date="1997-03-21"/>
  </code>
</codes>
<dc element="dc.date.created" value="1997-03-21"/>
<dc element="dc.publisher" value="Reuters Holdings Plc"/>
<dc element="dc.date.published" value="1997-03-21"/>
<dc element="dc.source" value="Reuters"/>
<dc element="dc.creator.location" value="PRETORIA"/>
<dc element="dc.creator.location.country.name" value="SOUTH AFRICA"/>
<dc element="dc.source" value="Reuters"/>
</metadata>
</newsitem>
