<?xml version="1.0" encoding="iso-8859-1" ?>
<newsitem itemid="458385" id="root" date="1997-03-21" xml:lang="en">
<title>AUSTRALIA: CRICKET-SHEFFIELD SHIELD FINAL SCORE.</title>
<headline>CRICKET-SHEFFIELD SHIELD FINAL SCORE.</headline>
<dateline>PERTH, Australia 1997-03-21</dateline>
<text>
<p>Queensland were 266</p>
<p>for four at close of play on the first day of the five-day</p>
<p>Sheffield Shield final against Western Australia at the WACA</p>
<p>Ground on Friday.</p>
<p>Score - Queensland 266 for four (Matthew Mott 86, Stuart Law</p>
<p>70, Trevor Barsby 67) v Western Australia.</p>
</text>
<copyright>(c) Reuters Limited 1997</copyright>
<metadata>
<codes class="bip:countries:1.0">
  <code code="AUSTR">
    <editdetail attribution="Reuters BIP Coding Group" action="confirmed" date="1997-03-21"/>
  </code>
</codes>
<codes class="bip:topics:1.0">
  <code code="GCAT">
    <editdetail attribution="Reuters BIP Coding Group" action="confirmed" date="1997-03-21"/>
  </code>
  <code code="GSPO">
    <editdetail attribution="Reuters BIP Coding Group" action="confirmed" date="1997-03-21"/>
  </code>
</codes>
<dc element="dc.date.created" value="1997-03-21"/>
<dc element="dc.publisher" value="Reuters Holdings Plc"/>
<dc element="dc.date.published" value="1997-03-21"/>
<dc element="dc.source" value="Reuters"/>
<dc element="dc.creator.location" value="PERTH, Australia"/>
<dc element="dc.creator.location.country.name" value="AUSTRALIA"/>
<dc element="dc.source" value="Reuters"/>
</metadata>
</newsitem>
