<?xml version="1.0" encoding="iso-8859-1" ?>
<newsitem itemid="458336" id="root" date="1997-03-21" xml:lang="en">
<title>SWITZERLAND: FIGURE SKATING-FASSI'S WIDOW WATCHES SKATER.</title>
<headline>FIGURE SKATING-FASSI'S WIDOW WATCHES SKATER.</headline>
<byline>Brian Creighton</byline>
<dateline>LAUSANNE, Switzerland 1997-03-21</dateline>
<text>
<p>Christa Fassi, faithful to one of her husband's last requests, accompanied American Nicole Bobek at the women's short programme in the world figure skating championships on Friday.</p>
<p>Carlo Fassi, Christa's husband and Bobek's coach, died of a heart attack on Thursday, eve of the women's event.</p>
<p>&quot;One of his last words was asking Christa to be with me during the competition,&quot; Bobek said.</p>
<p>Yet it was asking too much of Bobek to give a vintage performance after going through an emotional wringer during the preceding 24 hours.</p>
<p>Bobek had switched coaches 10 times during her career but seemed to have found contentment with Fassi, whom she joined for the second time last summer.</p>
<p>Sadly, she gave an erratic display and finished eighth. She did a poor combination jump and almost fell on a triple toe loop.</p>
<p>She received scores around 4.9 and 5.0 for technique but did better for artistry with marks up to 5.7 out of the maximum of 6.0.</p>
<p>&quot;It meant so much to have Christa with me. I know how hard it was on her,&quot; the American said.</p>
<p>&quot;My warm-up felt great and I was very strong. But right before I did my programme I looked at Christa and began crying.</p>
<p>&quot;My mind was racing but I was able to refocus my energy into what I needed to do. But my short was not great. My landings were not strong,&quot; she said.</p>
<p>&quot;It was better than at the nationals, so I will build on that going into the free skating.&quot; She was sixth in the short at the U.S. national championships before climbing to third to earn her place here.</p>
<p>Bobek said she was helped by the crowd on Friday.</p>
<p>&quot;I felt their warmth and support,&quot; she said. &quot;Looking up to the flags waving and the cheers was great support. I could feel their understanding of what I am going through.&quot;</p>
</text>
<copyright>(c) Reuters Limited 1997</copyright>
<metadata>
<codes class="bip:countries:1.0">
  <code code="SWITZ">
    <editdetail attribution="Reuters BIP Coding Group" action="confirmed" date="1997-03-21"/>
  </code>
  <code code="USA">
    <editdetail attribution="Reuters BIP Coding Group" action="confirmed" date="1997-03-21"/>
  </code>
</codes>
<codes class="bip:topics:1.0">
  <code code="GCAT">
    <editdetail attribution="Reuters BIP Coding Group" action="confirmed" date="1997-03-21"/>
  </code>
  <code code="GSPO">
    <editdetail attribution="Reuters BIP Coding Group" action="confirmed" date="1997-03-21"/>
  </code>
</codes>
<dc element="dc.date.created" value="1997-03-21"/>
<dc element="dc.publisher" value="Reuters Holdings Plc"/>
<dc element="dc.date.published" value="1997-03-21"/>
<dc element="dc.source" value="Reuters"/>
<dc element="dc.creator.location" value="LAUSANNE, Switzerland"/>
<dc element="dc.creator.location.country.name" value="SWITZERLAND"/>
<dc element="dc.source" value="Reuters"/>
</metadata>
</newsitem>
