<?xml version="1.0" encoding="iso-8859-1" ?>
<newsitem itemid="458381" id="root" date="1997-03-21" xml:lang="en">
<title>BRAZIL: SOCCER-TROUSER-DROPPING COACH BANNED 14 MONTHS.</title>
<headline>SOCCER-TROUSER-DROPPING COACH BANNED 14 MONTHS.</headline>
<dateline>RIO DE JANEIRO 1997-03-21</dateline>
<text>
<p>A Brazilian coach has been banned from the bench for 14 months after he ran on to the pitch during a match and dropped his trousers.</p>
<p>Itaperuna coach Paulo Mata lost his temper when his team conceded a controversial goal and then had three players sent off during last week's 3-2 home defeat to Vasco da Gama in the Rio de Janeiro championship.</p>
<p>He charged on to the field, ripped off his shirt and ran towards the referee. When police stopped his progress he then dropped his trousers, before being led away ranting at the officials. He later announced he was abandoning football because he was tired of being &quot;scandalously robbed&quot;.</p>
<p>On Thursday, the Rio football federation found him guilty of ungentlemanly conduct, offending the match referee, offending the federation and invading the pitch. He was banned from sitting on the team bench for 420 days.</p>
<p>Before the hearing Mata said he had no regrets. &quot;My protest was against the disorganisation of football and I hope people understand that,&quot; he said.</p>
</text>
<copyright>(c) Reuters Limited 1997</copyright>
<metadata>
<codes class="bip:countries:1.0">
  <code code="BRAZ">
    <editdetail attribution="Reuters BIP Coding Group" action="confirmed" date="1997-03-21"/>
  </code>
</codes>
<codes class="bip:topics:1.0">
  <code code="GCAT">
    <editdetail attribution="Reuters BIP Coding Group" action="confirmed" date="1997-03-21"/>
  </code>
  <code code="GSPO">
    <editdetail attribution="Reuters BIP Coding Group" action="confirmed" date="1997-03-21"/>
  </code>
</codes>
<dc element="dc.date.created" value="1997-03-21"/>
<dc element="dc.publisher" value="Reuters Holdings Plc"/>
<dc element="dc.date.published" value="1997-03-21"/>
<dc element="dc.source" value="Reuters"/>
<dc element="dc.creator.location" value="RIO DE JANEIRO"/>
<dc element="dc.creator.location.country.name" value="BRAZIL"/>
<dc element="dc.source" value="Reuters"/>
</metadata>
</newsitem>
