<?xml version="1.0" encoding="iso-8859-1" ?>
<newsitem itemid="458397" id="root" date="1997-03-21" xml:lang="en">
<title>USA: NBA BASKETBALL-STANDINGS AFTER THURSDAY'S GAMES.</title>
<headline>NBA BASKETBALL-STANDINGS AFTER THURSDAY'S GAMES.</headline>
<dateline>NEW YORK 1997-03-21</dateline>
<text>
<p>Standings of National</p>
<p>Basketball Association teams after games played on Thursday</p>
<p>(tabulate under won, lost, winning percentage, games behind):</p>
<p>		EASTERN CONFERENCE</p>
<p>		ATLANTIC DIVISION</p>
<p>			W    L    PCT  GB</p>
<p> X-MIAMI	   49   17   .742   -</p>
<p> X-NEW YORK	49   18   .731     1/2</p>
<p> ORLANDO	   37   29   .561  12</p>
<p> WASHINGTON	32   35   .478  17 1/2</p>
<p> NEW JERSEY	20   45   .308  28 1/2</p>
<p> PHILADELPHIA    17   49   .258  32</p>
<p> BOSTON	    13   55   .191  37</p>
<p>X -- CLINCHED PLAYOFF BERTH</p>
<p>		CENTRAL DIVISION</p>
<p>			W    L    PCT  GB</p>
<p> X-CHICAGO	 57    9   .864   -</p>
<p> DETROIT	   47   19   .712  10</p>
<p> ATLANTA	   45   22   .672  12 1/2</p>
<p> CHARLOTTE	 43   24   .642  14 1/2</p>
<p> CLEVELAND	 35   31   .530  22</p>
<p> INDIANA	   31   35   .470  26</p>
<p> MILWAUKEE	 27   39   .409  30</p>
<p> TORONTO	   25   42   .373  32 1/2</p>
<p>X -- CLINCHED PLAYOFF BERTH</p>
<p>		WESTERN CONFERENCE</p>
<p>		MIDWEST DIVISION</p>
<p>			W    L    PCT  GB</p>
<p> X-UTAH	    50   17   .746   -</p>
<p> X-HOUSTON	 45   22   .672   5</p>
<p> MINNESOTA	 33   33   .500  16 1/2</p>
<p> DALLAS	    22   43   .338  27</p>
<p> DENVER	    19   47   .288  30 1/2</p>
<p> SAN ANTONIO     16   50   .242  33 1/2</p>
<p> VANCOUVER	 11   58   .159  40</p>
<p>X -- CLINCHED PLAYOFF BERTH</p>
<p>	     PACIFIC DIVISION</p>
<p>			W    L    PCT  GB</p>
<p> X-SEATTLE	 46   20   .697   -</p>
<p> X-LA LAKERS     45   21   .682   1</p>
<p> PORTLAND	  40   28   .588   7</p>
<p> LA CLIPPERS     29   36   .446  16 1/2</p>
<p> SACRAMENTO	28   39   .418  18 1/2</p>
<p> PHOENIX	   28   39   .418  18 1/2</p>
<p> GOLDEN STATE    25   42   .373  21 1/2</p>
<p>X -- CLINCHED PLAYOFF BERTH</p>
<p>FRIDAY, MARCH 21 SCHEDULE</p>
<p>ORLANDO AT BOSTON		 </p>
<p>CHARLOTTE AT TORONTO	    </p>
<p>DALLAS AT ATLANTA		 </p>
<p>MINNESOTA AT DETROIT	    </p>
<p>CHICAGO AT INDIANA		</p>
<p>LA LAKERS AT MIAMI		</p>
<p>NEW JERSEY AT PHILADELPHIA    </p>
<p>DENVER AT VANCOUVER	    </p>
<p>SAN ANTONIO AT SACRAMENTO</p>
</text>
<copyright>(c) Reuters Limited 1997</copyright>
<metadata>
<codes class="bip:countries:1.0">
  <code code="CANA">
    <editdetail attribution="Reuters BIP Coding Group" action="confirmed" date="1997-03-21"/>
  </code>
  <code code="USA">
    <editdetail attribution="Reuters BIP Coding Group" action="confirmed" date="1997-03-21"/>
  </code>
</codes>
<codes class="bip:topics:1.0">
  <code code="GCAT">
    <editdetail attribution="Reuters BIP Coding Group" action="confirmed" date="1997-03-21"/>
  </code>
  <code code="GSPO">
    <editdetail attribution="Reuters BIP Coding Group" action="confirmed" date="1997-03-21"/>
  </code>
</codes>
<dc element="dc.date.created" value="1997-03-21"/>
<dc element="dc.publisher" value="Reuters Holdings Plc"/>
<dc element="dc.date.published" value="1997-03-21"/>
<dc element="dc.source" value="Reuters"/>
<dc element="dc.creator.location" value="NEW YORK"/>
<dc element="dc.creator.location.country.name" value="USA"/>
<dc element="dc.source" value="Reuters"/>
</metadata>
</newsitem>
