<?xml version="1.0" encoding="iso-8859-1" ?>
<newsitem itemid="458364" id="root" date="1997-03-21" xml:lang="en">
<title>SOUTH AFRICA: CRICKET-&quot;BEAR&quot; SCHULTZ RETURNS TO MAUL AUSTRALIA.</title>
<headline>CRICKET-&quot;BEAR&quot; SCHULTZ RETURNS TO MAUL AUSTRALIA.</headline>
<byline>Andy Colquhoun</byline>
<dateline>PRETORIA 1997-03-21</dateline>
<text>
<p>Recalled fast bowler Brett Schultz returned from 16 months in the wilderness to put South Africa on top on the first day of the third and final cricket test match against Australia at Centurion Park on Friday.</p>
<p>Schultz, nicknamed &quot;Bear&quot; because of his burly build, returned figures of four for 52, South Africa's best of the series as Australia were bowled out for 227 after being put in to bat.</p>
<p>Allan Donald also weighed in with three for 60 and, when he had Ian Healy brilliantly caught down the legside by wicketkeeper Dave Richardson, he became only the second South African after Hugh Tayfield to claim 150 test victims.</p>
<p>For left-arm paceman Schultz, though, it was a welcome return to the bigtime, a three-wicket burst in the final session emphatically reviving an international career which appeared to have gone into reverse.</p>
<p>He was heavily censured on his last appearance against England at the same ground in November 1995 when he broke down with a buttock strain after assuring selectors of his fitness.</p>
<p>Further injuries and the rise of other bowlers such as Shaun Pollock and Lance Klusener then saw him slip out of the international reckoning until a hamstring strain suffered by Pollock in the second test reopened the door.</p>
<p>He responded by bowling Matthew Hayden through the gate in his fourth over of the morning and then took a difficult running catch on the fine leg boundary to dismiss Matthew Elliott. Even so, Australia would have been content at 64 for two at lunch.</p>
<p>Mark Waugh was bowled by Donald three overs after the resumption Australian captain Mark Taylor was caught behind aiming a loose drive at Lance Klusener.</p>
<p>Taylor made a season's best 38 in a painstaking three hours 17 minutes but still has not reached 50 in a test match in 19 innings spanning 15 months.</p>
<p>An 80-run partnership for the fifth wicket between Steve Waugh and Greg Blewett (38) revived Australia and threatened a repeat of their heroics of the first test at the Wanderers where they shared a record 385-run partnership.</p>
<p>But Blewett was caught behind as he attempted to cut off-spinner Pat Symcox and Australia slumped from 197 for five to 212 for eight as Schultz took three wickets in as many overs.</p>
<p>Top scorer Steve Waugh (67) was caught down the leg side by Richardson -- although replays suggested the ball had flicked his pad -- and Michael Bevan and Shane Warne were adjudged lbw in the space of four balls.</p>
<p>In the penultimate over Donald removed Healy and, in the next, Klusener bowled Glenn McGrath.</p>
<p>It left South Africa in with a chance of avoiding their first home series whitewash this century following defeats in the first two test matches in Johannesburg and Port Elizabeth.</p>
</text>
<copyright>(c) Reuters Limited 1997</copyright>
<metadata>
<codes class="bip:countries:1.0">
  <code code="AUSTR">
    <editdetail attribution="Reuters BIP Coding Group" action="confirmed" date="1997-03-21"/>
  </code>
  <code code="SAFR">
    <editdetail attribution="Reuters BIP Coding Group" action="confirmed" date="1997-03-21"/>
  </code>
</codes>
<codes class="bip:topics:1.0">
  <code code="GCAT">
    <editdetail attribution="Reuters BIP Coding Group" action="confirmed" date="1997-03-21"/>
  </code>
  <code code="GSPO">
    <editdetail attribution="Reuters BIP Coding Group" action="confirmed" date="1997-03-21"/>
  </code>
</codes>
<dc element="dc.date.created" value="1997-03-21"/>
<dc element="dc.publisher" value="Reuters Holdings Plc"/>
<dc element="dc.date.published" value="1997-03-21"/>
<dc element="dc.source" value="Reuters"/>
<dc element="dc.creator.location" value="PRETORIA"/>
<dc element="dc.creator.location.country.name" value="SOUTH AFRICA"/>
<dc element="dc.source" value="Reuters"/>
</metadata>
</newsitem>
