<?xml version="1.0" encoding="iso-8859-1" ?>
<newsitem itemid="458340" id="root" date="1997-03-21" xml:lang="en">
<title>SOUTH AFRICA: CRICKET-RINDEL TOP SCORES WITH 109 VS GRIQUAS.</title>
<headline>CRICKET-RINDEL TOP SCORES WITH 109 VS GRIQUAS.</headline>
<dateline>KIMBERLEY 1997-03-21</dateline>
<text>
<p>Left-handed opener Mike</p>
<p>Rindel top-scored with a fluent 109 to guide Northern Transvaal</p>
<p>to a challenging 233 for five in their Standard Bank Cup</p>
<p>quarter-final replay against Griqualand West at Kimberley</p>
<p>Country Club on Fiday.</p>
<p>Rindel struck eight fours and a six to reach his fifth</p>
<p>century in limited-overs cricket as Northerns challenged for a</p>
<p>place in the semi-finals of the competition against Western</p>
<p>Province on April 20.</p>
<p>The former South African international was eventually leg</p>
<p>before wicket to the left-arm seam of Adri Swanepoel, having hit</p>
<p>nine fours, a six and faced 132 deliveries in all.</p>
<p>Northerns got off to a solid start with a first-wicket</p>
<p>partnership of 98 between Rindel and the stylish Roy Pienaar</p>
<p>(47) after captain Mark Davis won the toss and chose to bat</p>
<p>first.</p>
<p>But Griquas then pegged them back in mid-innings as</p>
<p>Swanepoel went on to take 3-43 and slow left-armer Brett</p>
<p>Benkenstein 2-34.</p>
<p>Dirkie de Vos hammered an unbeaten 30 from 22 balls with one</p>
<p>six to boost the Northerns' total in the final overs.</p>
<p>Scoreboard:</p>
<p>Northern Transvaal</p>
<p>    M.Rindel lbw b Swanepoel			109</p>
<p>    R.Pienaar lbw b Swanepoel			47</p>
<p>    M.van Jaarsveld c and b Swanepoel	     1</p>
<p>    A.Seymore c and b Benkenstein		  15</p>
<p>    S.Elworthy b Benkenstein			  7</p>
<p>    D.de Vos not out				   30</p>
<p>    D.van Zyl not out				  16</p>
<p>    Extras						  8</p>
<p>    Total (for five wickets in 45 overs)	233</p>
<p>Fall of wickets: 1-98 2-102 3-148 4-160 5-210.</p>
<p>Did not bat: M.Davis, D.Smith, F.de Villiers, R.Bryson.</p>
<p>Bowling: English 6-0-23-0, Roe 9-0-67-0, Botha 4-0-28-0,</p>
<p>Swanepoel 8-1-43-3, Benkenstein 9-0-34-2, Gidley 9-0-34-0.</p>
<p>Griqualand West: M.Arthur, M.Gidley, P.Barnard, W.Dry,</p>
<p>R.Koster, C.English, B.Benkenstein, W.Bossenger, A.Botha,</p>
<p>A.Swanepoel, G.Roe.</p>
</text>
<copyright>(c) Reuters Limited 1997</copyright>
<metadata>
<codes class="bip:countries:1.0">
  <code code="SAFR">
    <editdetail attribution="Reuters BIP Coding Group" action="confirmed" date="1997-03-21"/>
  </code>
</codes>
<codes class="bip:topics:1.0">
  <code code="GCAT">
    <editdetail attribution="Reuters BIP Coding Group" action="confirmed" date="1997-03-21"/>
  </code>
  <code code="GSPO">
    <editdetail attribution="Reuters BIP Coding Group" action="confirmed" date="1997-03-21"/>
  </code>
</codes>
<dc element="dc.date.created" value="1997-03-21"/>
<dc element="dc.publisher" value="Reuters Holdings Plc"/>
<dc element="dc.date.published" value="1997-03-21"/>
<dc element="dc.source" value="Reuters"/>
<dc element="dc.creator.location" value="KIMBERLEY"/>
<dc element="dc.creator.location.country.name" value="SOUTH AFRICA"/>
<dc element="dc.source" value="Reuters"/>
</metadata>
</newsitem>
