<?xml version="1.0" encoding="iso-8859-1" ?>
<newsitem itemid="458372" id="root" date="1997-03-21" xml:lang="en">
<title>SOUTH AFRICA: CRICKET-SOUTH AFRICA WIN TOSS, AUSTRALIA BAT.</title>
<headline>CRICKET-SOUTH AFRICA WIN TOSS, AUSTRALIA BAT.</headline>
<dateline>PRETORIA 1997-03-21</dateline>
<text>
<p>South Africa won the toss and put Australia in to bat on the first day of the third and final cricket test on Friday:</p>
<p>Teams:</p>
<p>South Africa - Adam Bacher, Gary Kirsten, Brian McMillan, Daryll Cullinan, Hansie Cronje (captain), Jacques Kallis, Dave Richardson, Lance Klusener, Pat Symcox, Brett Schultz, Allan Donald.</p>
<p>Australia - Mark Taylor (captain), Matthew Hayden, Matthew Elliott, Mark Waugh, Steve Waugh, Greg Blewett, Michael Bevan, Ian Healy, Shane Warne, Jason Gillespie, Glenn McGrath.</p>
<p>Australia have an unbeatable 2-0 lead in the series.</p>
</text>
<copyright>(c) Reuters Limited 1997</copyright>
<metadata>
<codes class="bip:countries:1.0">
  <code code="AUSTR">
    <editdetail attribution="Reuters BIP Coding Group" action="confirmed" date="1997-03-21"/>
  </code>
  <code code="SAFR">
    <editdetail attribution="Reuters BIP Coding Group" action="confirmed" date="1997-03-21"/>
  </code>
</codes>
<codes class="bip:topics:1.0">
  <code code="GCAT">
    <editdetail attribution="Reuters BIP Coding Group" action="confirmed" date="1997-03-21"/>
  </code>
  <code code="GSPO">
    <editdetail attribution="Reuters BIP Coding Group" action="confirmed" date="1997-03-21"/>
  </code>
</codes>
<dc element="dc.date.created" value="1997-03-21"/>
<dc element="dc.publisher" value="Reuters Holdings Plc"/>
<dc element="dc.date.published" value="1997-03-21"/>
<dc element="dc.source" value="Reuters"/>
<dc element="dc.creator.location" value="PRETORIA"/>
<dc element="dc.creator.location.country.name" value="SOUTH AFRICA"/>
<dc element="dc.source" value="Reuters"/>
</metadata>
</newsitem>
