<?xml version="1.0" encoding="iso-8859-1" ?>
<newsitem itemid="458396" id="root" date="1997-03-21" xml:lang="en">
<title>USA: NBA BASKETBALL-PORTLAND WINS 11TH STRAIGHT OVER PLUMMETING BUCKS.</title>
<headline>NBA BASKETBALL-PORTLAND WINS 11TH STRAIGHT OVER PLUMMETING BUCKS.</headline>
<dateline>MILWAUKEE 1997-03-20</dateline>
<text>
<p>Two teams heading in opposite directions met in Milwaukee Thursday, and the soaring Portland Trail Blazers raced to a 97-78 victory over the plummeting Bucks.</p>
<p>Clifford Robinson scored 20 points and keyed big spurts in both halves, Rasheed Wallace also scored 20 points and Isaiah Rider added 15 as the Trail Blazers won their 11th straight. The Bucks have lost 12 of their last 14 games.</p>
<p>Portland has not lost since reports surfaced that coach P.J. Carlesimo would be fired. The Blazers matched their second-best defensive effort of the season, and the coach praised every facet of his team's game.</p>
<p>&quot;Our defensive effort the entire night was good,&quot; Carlesimo said. &quot;We were very unselfish. We looked for the extra pass and executed very well. We got after it on the boards.&quot;</p>
<p>Vin Baker scored 26 points and Glenn Robinson added 16 for the Bucks, who scored just 15 points in the third quarter and 34 in the second half.</p>
<p>&quot;They are a strong, physical team, especially tonight,&quot; embattled Bucks coach Chris Ford said. &quot;Their guards were able to penetrate and create at will. They have a very talented offence all around.&quot;</p>
<p>In Phoenix, Danny Manning made 10-of-15 shots from the field en route to 26 points and Kevin Johnson added 24 and 15 assists as the surging Suns defeated the reeling San Antonio Spurs, 113-106.</p>
<p>Cedric Ceballos added 23 points, including 10 in the third quarter, for the Suns, who have won four of five and nine of their last 13 games. They also have topped 100 points in eight straight contests.</p>
<p>The Suns improved to 20-14 at home and despite an 0-13 start, moved into a tie with the Sacramento Kings for the final playoff berth in the Western Conference.</p>
<p>In Houston, Hakeem Olajuwon scored 26 points and had a key block and jumper in the final two minutes, when the Rockets held the Washington Bullets scoreless for a 96-90 victory, their eighth in 10 games.</p>
<p>Clyde Drexler had 19 points and eight assists and four points down the stretch for Houston, which blew a 13-point halftime lead but limited Washington to just four points in the final 5 1/2 minutes.</p>
<p>Rod Strickland had 21 points and 10 assists for the Bullets, who had won four of their last five games but remained 3 1/2 games behind the Cavaliers, who hold the final playoff berth in the Eastern Conference.</p>
<p>At Cleveland, Eddie Jones scored 25 points and Nick Van Exel had 22 as the Los Angeles Lakers posted an 89-76 victory over the short-handed Cavaliers.</p>
<p>Elden Campbell added 18 points for Los Angeles, which has won three in a row and five of its last six games.</p>
<p>Bobby Phills tallied a season-high 27 points and Bob Sura had 19 and nine assists for Cleveland, which has dropped four of its last five contests. All-Star point guard Terrell Brandon missed his third straight game with a bruised tailbone amd forward Chris Mills sat out due to a sinus infection.</p>
<p>In Seattle, Hersey Hawkins had 10 of his 23 points in the first quarter and Denver committed an NBA season-high 33 turnovers as the SuperSonics roared away from the Nuggets 123-97, snapping a two-game losing streak.</p>
<p>Shawn Kemp had 24 points and 10 rebounds for the Sonics, who led by as many as 35 points in matching their season high for points in a game.</p>
<p>LaPhonso Ellis had 20 points and nine rebounds for Denver.</p>
<p>In Orlando, Dennis Scott hit a tie-breaking three-pointer and Rony Seikaly hit a pair of free throws as the Magic handed the Golden State Warriors another close loss, 100-95.</p>
<p>Seikaly finished with 28 points for the Magic, who have defeated Golden State five straight times at home. Scott added 21 points and Anfernee Hardaway 20.</p>
<p>Joe Smith scored 24 points to lead the Warriors, who failed to hold a lead in the final minute for the second straight game. Golden State blew an eight-point lead with less than 90 seconds to go in regulation Wednesday at Miami and has lost 12 of its last 17 games.</p>
</text>
<copyright>(c) Reuters Limited 1997</copyright>
<metadata>
<codes class="bip:countries:1.0">
  <code code="USA">
    <editdetail attribution="Reuters BIP Coding Group" action="confirmed" date="1997-03-21"/>
  </code>
</codes>
<codes class="bip:topics:1.0">
  <code code="GCAT">
    <editdetail attribution="Reuters BIP Coding Group" action="confirmed" date="1997-03-21"/>
  </code>
  <code code="GSPO">
    <editdetail attribution="Reuters BIP Coding Group" action="confirmed" date="1997-03-21"/>
  </code>
</codes>
<dc element="dc.date.created" value="1997-03-20"/>
<dc element="dc.publisher" value="Reuters Holdings Plc"/>
<dc element="dc.date.published" value="1997-03-21"/>
<dc element="dc.source" value="Reuters"/>
<dc element="dc.creator.location" value="MILWAUKEE"/>
<dc element="dc.creator.location.country.name" value="USA"/>
<dc element="dc.source" value="Reuters"/>
</metadata>
</newsitem>
