<?xml version="1.0" encoding="iso-8859-1" ?>
<newsitem itemid="458343" id="root" date="1997-03-21" xml:lang="en">
<title>GERMANY: SOCCER-WE'RE NOT AFRAID OF ENGLISH, SAYS DORTMUND COACH.</title>
<headline>SOCCER-WE'RE NOT AFRAID OF ENGLISH, SAYS DORTMUND COACH.</headline>
<dateline>DORTMUND, Germany 1997-03-21</dateline>
<text>
<p>Borussia Dortmund coach Ottmar Hitzfeld is confident that his team can beat Manchester United in next month's European Cup semifinals and said Friday's draw for the venues of the legs was irrelevant.</p>
<p>Dortmund were drawn to play the first leg on April 9 in Germany before travelling to England for the decisive return leg at Old Trafford two weeks later.</p>
<p>But Hitzfeld said: &quot;It doesn't matter at all whether we play at home or away in the first leg. We're just as strong away from home as at home. Our game in Auxerre proved that. We're not afraid of English football.&quot;</p>
<p>Dortmund won both legs of their quarter-final against French side Auxerre, taking the first match in Germany 3-1 and the second leg in France 1-0.</p>
<p>Club chairman Gerd Niebaum said Friday's draw was perfect for the German champions.</p>
<p>&quot;I wanted a set-up like that because we have had good experience with it in the past,&quot; Niebaum said. &quot;We can set up the foundations for a place in the final in the first leg. We are unbeaten away from home in the Champions' League this season.&quot;</p>
</text>
<copyright>(c) Reuters Limited 1997</copyright>
<metadata>
<codes class="bip:countries:1.0">
  <code code="GFR">
    <editdetail attribution="Reuters BIP Coding Group" action="confirmed" date="1997-03-21"/>
  </code>
  <code code="UK">
    <editdetail attribution="Reuters BIP Coding Group" action="confirmed" date="1997-03-21"/>
  </code>
</codes>
<codes class="bip:topics:1.0">
  <code code="GCAT">
    <editdetail attribution="Reuters BIP Coding Group" action="confirmed" date="1997-03-21"/>
  </code>
  <code code="GSPO">
    <editdetail attribution="Reuters BIP Coding Group" action="confirmed" date="1997-03-21"/>
  </code>
</codes>
<dc element="dc.date.created" value="1997-03-21"/>
<dc element="dc.publisher" value="Reuters Holdings Plc"/>
<dc element="dc.date.published" value="1997-03-21"/>
<dc element="dc.source" value="Reuters"/>
<dc element="dc.creator.location" value="DORTMUND, Germany"/>
<dc element="dc.creator.location.country.name" value="GERMANY"/>
<dc element="dc.source" value="Reuters"/>
</metadata>
</newsitem>
