<?xml version="1.0" encoding="iso-8859-1" ?>
<newsitem itemid="458380" id="root" date="1997-03-21" xml:lang="en">
<title>ESTONIA: SOCCER-FLORA BEATEN BY SWEDISH TEAM IN CYRPUS.</title>
<headline>SOCCER-FLORA BEATEN BY SWEDISH TEAM IN CYRPUS.</headline>
<dateline>TALLINN 1997-03-21</dateline>
<text>
<p>FC Flora, one of Estonia's leading soccer clubs, was narrowly defeated in a penalty shoot out by Swedish club Hammarby on Thursday in Cyprus.</p>
<p>Flora said the game ran for normal time for a 0:0 draw but the game was won after Hammarby shot four penalities against Flora's three.</p>
<p>FC Flora next game will be on Saturday in the northern countries' soccer competition on the Mediterranean island.</p>
<p>--Tallinn newsroom +372 630 8400 reuters@reuters.ee</p>
</text>
<copyright>(c) Reuters Limited 1997</copyright>
<metadata>
<codes class="bip:countries:1.0">
  <code code="CYPR">
    <editdetail attribution="Reuters BIP Coding Group" action="confirmed" date="1997-03-21"/>
  </code>
  <code code="ESTNIA">
    <editdetail attribution="Reuters BIP Coding Group" action="confirmed" date="1997-03-21"/>
  </code>
  <code code="SWED">
    <editdetail attribution="Reuters BIP Coding Group" action="confirmed" date="1997-03-21"/>
  </code>
</codes>
<codes class="bip:topics:1.0">
  <code code="GCAT">
    <editdetail attribution="Reuters BIP Coding Group" action="confirmed" date="1997-03-21"/>
  </code>
  <code code="GSPO">
    <editdetail attribution="Reuters BIP Coding Group" action="confirmed" date="1997-03-21"/>
  </code>
</codes>
<dc element="dc.date.created" value="1997-03-21"/>
<dc element="dc.publisher" value="Reuters Holdings Plc"/>
<dc element="dc.date.published" value="1997-03-21"/>
<dc element="dc.source" value="Reuters"/>
<dc element="dc.creator.location" value="TALLINN"/>
<dc element="dc.creator.location.country.name" value="ESTONIA"/>
<dc element="dc.source" value="Reuters"/>
</metadata>
</newsitem>
