<?xml version="1.0" encoding="iso-8859-1" ?>
<newsitem itemid="458359" id="root" date="1997-03-21" xml:lang="en">
<title>UK: CYCLING-WORLD CUP ITINERARY.</title>
<headline>CYCLING-WORLD CUP ITINERARY.</headline>
<dateline>LONDON 1997-03-21</dateline>
<text>
<p>World Cup itinerary:</p>
<p>March 22 - Milan-San Remo (Italy)</p>
<p>April 6 - Tour of Flanders (Belgium)</p>
<p>April 13 - Paris-Roubaix (France)</p>
<p>April 20 - Liege-Bastogne-Liege (Belgium)</p>
<p>April 26 - Amstel Gold (Netherlands)</p>
<p>August 9 - San Sebastian Classic (Spain)</p>
<p>August 17 - Rochester Classic (Britain)</p>
<p>August 24 - Grand Prix of Switzerland</p>
<p>October 5 - Paris-Tours (France)</p>
<p>October 18 - Tour of Lombardy (Italy)</p>
<p>Past World Cup winners:</p>
<p>1989 - Sean Kelly (Ireland)</p>
<p>1990 - Gianni Bugno (Italy)</p>
<p>1991 - Maurizio Fondriest (Italy)</p>
<p>1992 - Olaf Ludwig (Germany)</p>
<p>1993 - Fondriest</p>
<p>1994 - Gianluca Bortolami (Italy)</p>
<p>1995 - Johan Museeuw (Belgium)</p>
<p>1996 - Museeuw</p>
</text>
<copyright>(c) Reuters Limited 1997</copyright>
<metadata>
<codes class="bip:countries:1.0">
  <code code="UK">
    <editdetail attribution="Reuters BIP Coding Group" action="confirmed" date="1997-03-21"/>
  </code>
</codes>
<codes class="bip:topics:1.0">
  <code code="GCAT">
    <editdetail attribution="Reuters BIP Coding Group" action="confirmed" date="1997-03-21"/>
  </code>
  <code code="GSPO">
    <editdetail attribution="Reuters BIP Coding Group" action="confirmed" date="1997-03-21"/>
  </code>
</codes>
<dc element="dc.date.created" value="1997-03-21"/>
<dc element="dc.publisher" value="Reuters Holdings Plc"/>
<dc element="dc.date.published" value="1997-03-21"/>
<dc element="dc.source" value="Reuters"/>
<dc element="dc.creator.location" value="LONDON"/>
<dc element="dc.creator.location.country.name" value="UK"/>
<dc element="dc.source" value="Reuters"/>
</metadata>
</newsitem>
