<?xml version="1.0" encoding="iso-8859-1" ?>
<newsitem itemid="458332" id="root" date="1997-03-21" xml:lang="en">
<title>EU:  OFFICIAL JOURNAL CONTENTS - OJ L 78 OF MARCH 20, 1997.</title>
<headline>OFFICIAL JOURNAL CONTENTS - OJ L 78 OF MARCH 20, 1997.</headline>
<text>
<p>*</p>
<p>(Note - contents are displayed in reverse order to that in the printed Journal)</p>
<p>*</p>
<p>COUNCIL DECISION of 11 March 1997 appointing three members and six alternate members of the Committee of the Regions</p>
<p>Corrigendum to Commission Decision 97/160/EC of 14 February 1997 amending Council Decision 79/542/EEC and Commission Decisions 92/260/EEC, 93/195/EEC and 93/197/EEC with regard to the animal health conditions for the temporary admission, re-entry and imports into the Community of registered horses from Lebanon (Official Journal of the European Communities No L 62 of 4 March 1997)</p>
<p>COMMISSION REGULATION (EC) No 507/97 of 19 March 1997 establishing the standard import values for determining the entry price of certain fruit and vegetables</p>
<p>COMMISSION REGULATION (EC) No 506/97 of 19 March 1997 fixing the import duties in the rice sector</p>
<p>COMMISSION REGULATION (EC) No 505/97 of 19 March 1997 providing for the rejection of applications for export licences in relation to products falling within the beef sector</p>
<p>COMMISSION REGULATION (EC) No 504/97 of 19 March 1997 laying down detailed rules for the application of Council Regulation (EC) No 2201/96 as regards the system of production aid for products processed from fruit and vegetables</p>
<p>COMMISSION REGULATION (EC) No 503/97 of 19 March 1997 amending Regulation (EC) No 1600/95 laying down detailed rules for the application of the import arrangements and opening tariff quotas for milk and milk products</p>
<p>COMMISSION REGULATION (EC) No 502/97 of 18 March 1997 establishing unit values for the determination of the customs value of certain perishable goods</p>
<p>COMMISSION REGULATION (EC) No 501/97 of 19 March 1997 fixing the maximum export refund for white sugar for the 31st partial invitation to tender issued within the framework of the standing invitation to tender provided for in Regulation (EC) No 1464/96</p>
<p>COMMISSION REGULATION (EC) No 500/97 of 19 March 1997 fixing the export refunds on white sugar and raw sugar exported in its unaltered state</p>
<p>COMMISSION REGULATION (EC) No 499/97 of 19 March 1997 fixing the representative prices and the additional import duties for molasses in the sugar sector</p>
<p>EFTA SURVEILLANCE AUTHORITY DECISION No 227/96/COL of 4 December 1996 replacing Decision No 66/94/COL laying down the methods for control for maintaining the officially brucellosis-free status of bovine herds in certain EFTA States, in so far as the Decision concerns Norway</p>
<p>EFTA SURVEILLANCE AUTHORITY DECISION No 226/96/COL of 4 December 1996 replacing Decision No 31/94/COL concerning additional guarantees relating to Aujeszky's disease for pigs destined to EFTA States or regions free of the disease as amended by Decision No 75/94/COL, in so far as these Decisions concern Norway</p>
<p>EFTA SURVEILLANCE AUTHORITY DECISION No 225/96/COL of 4 December 1996 replacing Decision No 67/94/COL laying down the methods for control for maintaining the officially tuberculosis-free status of bovine herds in certain EFTA States, in so far as the Decision concerns Norway</p>
<p>EFTA SURVEILLANCE AUTHORITY DECISION No 224/96/COL of 4 December 1996 replacing Decision No 189/94/COL setting up the list of establishments in the EFTA States for which are granted temporary and limited derogations from specific Community health rules on the production and marketing of fresh meat, in so far as the Decision concerns Norway</p>
<p>EFTA SURVEILLANCE AUTHORITY DECISION No 223/96/COL of 4 December 1996 replacing Decision No 193/94/COL approving the plans relating to examination for residues by certain EFTA States, in so far as the Decision concerns Norway</p>
<p>EFTA SURVEILLANCE AUTHORITY DECISION No 222/96/COL of 4 December 1996 replacing Decision No 194/94/COL approving the national plans for approval of poultry establishments in certain EFTA States, in so far the Decision concerns Norway</p>
<p>EFTA SURVEILLANCE AUTHORITY DECISION No 221/96/COL of 4 December 1996 replacing Decision No 32/94/COL establishing the status of EFTA States or regions with regard to Newcastle disease, as amended by Decision No 190/94/COL, in so far as these Decisions concern Norway</p>
<p>EFTA SURVEILLANCE AUTHORITY DECISION No 220/96/COL of 4 December 1996 amending Decision No 71/94/COL concerning the status of Norway with regard to infectious hematopoietic necrosis and viral haemorrhagic septicaemia</p>
<p>Information on the date of entry into force and the date of application of the Agreement on fisheries relations between the European Community and the Republic of Latvia END OF DOCUMENT.</p>
</text>
<copyright>(c) Reuters Limited 1997</copyright>
<metadata>
<codes class="bip:countries:1.0">
  <code code="EEC">
    <editdetail attribution="Reuters BIP Coding Group" action="confirmed" date="1997-03-21"/>
  </code>
</codes>
<codes class="bip:topics:1.0">
  <code code="G15">
    <editdetail attribution="Reuters BIP Coding Group" action="confirmed" date="1997-03-21"/>
  </code>
  <code code="GCAT">
    <editdetail attribution="Reuters BIP Coding Group" action="confirmed" date="1997-03-21"/>
  </code>
</codes>
<dc element="dc.publisher" value="Reuters Holdings Plc"/>
<dc element="dc.date.published" value="1997-03-21"/>
<dc element="dc.source" value="Reuters"/>
<dc element="dc.creator.location.country.name" value="EU"/>
<dc element="dc.source" value="Reuters"/>
</metadata>
</newsitem>
