<?xml version="1.0" encoding="iso-8859-1" ?>
<newsitem itemid="458386" id="root" date="1997-03-21" xml:lang="en">
<title>HONG KONG: RUGBY UNION-VETERAN CAMPESE SHINES ALONGSIDE STYLISH NEWCOMERS.</title>
<headline>RUGBY UNION-VETERAN CAMPESE SHINES ALONGSIDE STYLISH NEWCOMERS.</headline>
<byline>John Crean</byline>
<dateline>HONG KONG 1997-03-21</dateline>
<text>
<p>Australian veteran David Campese, making his final bow in world rugby, and a couple of international unknowns stole the plaudits on the opening day of the World Cup Sevens on Friday.</p>
<p>The day was essentially shadow boxing as the teams were ranked 1-24, based on results and tries, and redrawn into pools for Saturday's session.</p>
<p>Campese, playing his last tournament in an Australian shirt, saved the Wallabies from defeat in their opening game against Scotland and then orchestrated their 38-7 win over Romania.</p>
<p>The leading try scorer in international 15-a-side rugby with 64 in his 101 tests came on as a substitute with Australia, runners-up to England in the first World Cup Sevens in 1993, trailing 19-5 against Scotland.</p>
<p>He immediately turned things round, setting up and converting a try for Jim Williams which levelled the scores at 19-19.</p>
<p>&quot;This is definitely the last time I play for Australia,&quot; Campese said. &quot;I love playing in Hong Kong and I wanted to come as this is the World Cup.</p>
<p>&quot;We have a very young side and we were a bit nervous to start. But at least we did not lose.&quot;</p>
<p>The Scots, meanwhile, who defeated the Romanians 26-14, took the wrappers off 20-year-old wing James Craig whose father Jim was in the Celtic soccer side which won the European Cup in 1967.</p>
<p>Craig junior has a personal best of 10.8 seconds for the 100 metres and showed his pace with three tries overall.</p>
<p>And favourites New Zealand, without key players Jonah Lomu and Christian Cullen, unleashed another force in the shape of Roger Randle who was influential in the tight 21-7 win over Tonga. New Zealand also beat Japan 47-14.</p>
<p>As luck would have it, New Zealand were drawn to play both sides again on Saturday.</p>
<p>England fly-half Mike Catt had the distinction of scoring the first try in the tournament as the holders made a competent start to the defence of the Melrose Cup, beating both Canada, 33-12, and Zimbabwe, 26-7.</p>
<p>&quot;So far, so good,&quot; said England manager Andrew Harriman, who captained the winning side four years ago at Murrayfield.</p>
<p>Waisale Serevi, rated the best exponent of the sevens art, guided Fiji to a 59-0 win over Portugal and a 45-0 victory against hosts Hong Kong to ensure his side topped the rankings after the first day with 16 tries in their two wins.</p>
</text>
<copyright>(c) Reuters Limited 1997</copyright>
<metadata>
<codes class="bip:countries:1.0">
  <code code="AUSTR">
    <editdetail attribution="Reuters BIP Coding Group" action="confirmed" date="1997-03-21"/>
  </code>
  <code code="HKONG">
    <editdetail attribution="Reuters BIP Coding Group" action="confirmed" date="1997-03-21"/>
  </code>
</codes>
<codes class="bip:topics:1.0">
  <code code="GCAT">
    <editdetail attribution="Reuters BIP Coding Group" action="confirmed" date="1997-03-21"/>
  </code>
  <code code="GSPO">
    <editdetail attribution="Reuters BIP Coding Group" action="confirmed" date="1997-03-21"/>
  </code>
</codes>
<dc element="dc.date.created" value="1997-03-21"/>
<dc element="dc.publisher" value="Reuters Holdings Plc"/>
<dc element="dc.date.published" value="1997-03-21"/>
<dc element="dc.source" value="Reuters"/>
<dc element="dc.creator.location" value="HONG KONG"/>
<dc element="dc.creator.location.country.name" value="HONG KONG"/>
<dc element="dc.source" value="Reuters"/>
</metadata>
</newsitem>
