<?xml version="1.0" encoding="iso-8859-1" ?>
<newsitem itemid="458354" id="root" date="1997-03-21" xml:lang="en">
<title>UK: SOCCER SHOWCASE-BETTING ON DORTMUND V MOENCHENGLADBACH.</title>
<headline>SOCCER SHOWCASE-BETTING ON DORTMUND V MOENCHENGLADBACH.</headline>
<dateline>LONDON 1997-03-21</dateline>
<text>
<p>William Hill betting on</p>
<p>Saturday's German first division match between Borussia Dortmund</p>
<p>and Borussia Moenchengladbach:</p>
<p>To win: 1-2 Dortmund; 5-1 Moenchengladbach</p>
<p>Draw: 12-5</p>
<p>Correct score:</p>
<p>    Dortmund to win				  Moenchengladbach to</p>
<p>win</p>
<p>    1-0	     3-2				1-0	     11-1</p>
<p>    2-0	     3-2				2-0	     28-1</p>
<p>    2-1	     8-1				2-1	     20-1</p>
<p>    3-0	     9-1				3-0	     80-1</p>
<p>    3-1	     9-1				3-1	     66-1</p>
<p>    3-2	     28-1			     3-2	     40-1</p>
<p>    4-0	     20-1</p>
<p>    4-1	     18-1</p>
<p>    4-2	     40-1</p>
<p>Draw:</p>
<p>    0-0	     17-2</p>
<p>    1-1	     6-1</p>
<p>    2-2	     14-1</p>
<p>    3-3	     50-1</p>
<p>Double result:</p>
<p>				   half-time		full-time</p>
<p>    11-10		     Dortmund		 Dortmund</p>
<p>    14-1			Dortmund		 Draw</p>
<p>    40-1			Dortmund		 Moenchengladbach</p>
<p>    4-1			 Draw		     Dortmund</p>
<p>    9-2			 Draw		     Draw</p>
<p>    12-1			Draw		     Moenchengladbach</p>
<p>    25-1			Moenchengladbach     Dortmund</p>
<p>    14-1			Moenchengladbach     Draw</p>
<p>    11-1			Moenchengladbach     Moenchengladbach</p>
<p>First goalscorer of match:</p>
<p>    Dortmund					     Moenchengladbach</p>
<p>    7-2 Stephane Chapuisat			   7-1 Martin Dahlin</p>
<p>    7-2 Andy Moeller				   7-1 Andrzej</p>
<p>Juskoviak</p>
<p>    7-1 Karlheinz Riedle			     10-1 Peter</p>
<p>Wynhoff</p>
<p>    10-1 Stefan Reuter				 16-1 Karlheinz</p>
<p>Pflipsen</p>
<p>    14-1 Paulo Sousa				   20-1 Stefan</p>
<p>Effenberg</p>
<p>    16-1 Lars Ricken				   20-1 Martin</p>
<p>Schneider</p>
<p>    16-1 Knut Heinrich				 25-1 Joerg Neun</p>
</text>
<copyright>(c) Reuters Limited 1997</copyright>
<metadata>
<codes class="bip:countries:1.0">
  <code code="GFR">
    <editdetail attribution="Reuters BIP Coding Group" action="confirmed" date="1997-03-21"/>
  </code>
</codes>
<codes class="bip:topics:1.0">
  <code code="GCAT">
    <editdetail attribution="Reuters BIP Coding Group" action="confirmed" date="1997-03-21"/>
  </code>
  <code code="GSPO">
    <editdetail attribution="Reuters BIP Coding Group" action="confirmed" date="1997-03-21"/>
  </code>
</codes>
<dc element="dc.date.created" value="1997-03-21"/>
<dc element="dc.publisher" value="Reuters Holdings Plc"/>
<dc element="dc.date.published" value="1997-03-21"/>
<dc element="dc.source" value="Reuters"/>
<dc element="dc.creator.location" value="LONDON"/>
<dc element="dc.creator.location.country.name" value="UK"/>
<dc element="dc.source" value="Reuters"/>
</metadata>
</newsitem>
