<?xml version="1.0" encoding="iso-8859-1" ?>
<newsitem itemid="458389" id="root" date="1997-03-21" xml:lang="en">
<title>HONG KONG: RUGBY UNION-FIRST DAY'S RESULTS IN WORLD CUP SEVENS.</title>
<headline>RUGBY UNION-FIRST DAY'S RESULTS IN WORLD CUP SEVENS.</headline>
<dateline>HONG KONG 1997-03-21</dateline>
<text>
<p>Results of round robin pool</p>
<p>matches on first day of World Cup Sevens rugby union tournament</p>
<p>on Friday (Note: Teams will be ranked from 1-24 after completion</p>
<p>of first round and re-drawn into pools for second day)</p>
<p>Pool A</p>
<p>England 33 Canada 12</p>
<p>Zimbabwe 42 Canada 7</p>
<p>Pool B</p>
<p>Australia 19 Scotland 19</p>
<p>Scotland 26 Romania 14</p>
<p>Pool C</p>
<p>New Zealand 47 Japan 14</p>
<p>Tonga 35 Japan 7</p>
<p>Pool D</p>
<p>Fiji 59 Portugal 0</p>
<p>Hong Kong 33 Portugal 12</p>
<p>Pool E</p>
<p>France 35 United States 5</p>
<p>United States 33 Korea 7</p>
<p>Pool F</p>
<p>Spain 26 Morocco 5</p>
<p>Cook Islands 31 Morocco 17</p>
<p>Pool G</p>
<p>South Africa 45 Argentina 7</p>
<p>Argentina 31 Ireland 22</p>
<p>Pool H</p>
<p>Western Samoa 48 Namibia 5</p>
<p>Wales 12 Namibia 12</p>
<p>Pool A</p>
<p>England 26 Zimbabwe 7</p>
<p>Pool B</p>
<p>Australia 38 Romnnia 7</p>
<p>Pool C</p>
<p>New Zealand  21 Tonga 7</p>
<p>Pool D</p>
<p>Fiji 45 Hong Kong 0</p>
<p>Pool E</p>
<p>France 38 Korea 5</p>
<p>Pool F</p>
<p>Spain 31 Cook Islands 12</p>
<p>Pool G</p>
<p>South Africa 38 Ireland 5</p>
<p>Pool H</p>
<p>Western Samoa 26 Wales 24</p>
</text>
<copyright>(c) Reuters Limited 1997</copyright>
<metadata>
<codes class="bip:countries:1.0">
  <code code="HKONG">
    <editdetail attribution="Reuters BIP Coding Group" action="confirmed" date="1997-03-21"/>
  </code>
</codes>
<codes class="bip:topics:1.0">
  <code code="GCAT">
    <editdetail attribution="Reuters BIP Coding Group" action="confirmed" date="1997-03-21"/>
  </code>
  <code code="GSPO">
    <editdetail attribution="Reuters BIP Coding Group" action="confirmed" date="1997-03-21"/>
  </code>
</codes>
<dc element="dc.date.created" value="1997-03-21"/>
<dc element="dc.publisher" value="Reuters Holdings Plc"/>
<dc element="dc.date.published" value="1997-03-21"/>
<dc element="dc.source" value="Reuters"/>
<dc element="dc.creator.location" value="HONG KONG"/>
<dc element="dc.creator.location.country.name" value="HONG KONG"/>
<dc element="dc.source" value="Reuters"/>
</metadata>
</newsitem>
