<?xml version="1.0" encoding="iso-8859-1" ?>
<newsitem itemid="458344" id="root" date="1997-03-21" xml:lang="en">
<title>COSTA RICA: SOCCER-COSTA RICANS GIVEN GREEN LIGHT TO JOIN DERBY.</title>
<headline>SOCCER-COSTA RICANS GIVEN GREEN LIGHT TO JOIN DERBY.</headline>
<dateline>SAN JOSE 1997-03-21</dateline>
<text>
<p>Costa Rican striker Paulo Cesar Wanchope and midfielder Mauricio Solis have been given authorisation to play for English premier league club Derby County.</p>
<p>&quot;We are ready to play in English football,&quot; Wanchope said on Thursday.</p>
<p>Wanchope said the pair had been waiting for permission from the English Professional Footballers' Association (PFA) who were concerned that the salary being offered to the two men by Derby was below average.</p>
<p>The PFA were worried about the potentially damaging knock-on effect for all professional players.</p>
<p>Raul Chacon, secretary of the Costa Rican federation, said Derby had since agreed to increase the players' salaries.</p>
<p>The two players are currently training with the national team who face the United States at home in a World Cup qualifier on Sunday.</p>
</text>
<copyright>(c) Reuters Limited 1997</copyright>
<metadata>
<codes class="bip:countries:1.0">
  <code code="COSR">
    <editdetail attribution="Reuters BIP Coding Group" action="confirmed" date="1997-03-21"/>
  </code>
</codes>
<codes class="bip:topics:1.0">
  <code code="GCAT">
    <editdetail attribution="Reuters BIP Coding Group" action="confirmed" date="1997-03-21"/>
  </code>
  <code code="GSPO">
    <editdetail attribution="Reuters BIP Coding Group" action="confirmed" date="1997-03-21"/>
  </code>
</codes>
<dc element="dc.date.created" value="1997-03-21"/>
<dc element="dc.publisher" value="Reuters Holdings Plc"/>
<dc element="dc.date.published" value="1997-03-21"/>
<dc element="dc.source" value="Reuters"/>
<dc element="dc.creator.location" value="SAN JOSE"/>
<dc element="dc.creator.location.country.name" value="COSTA RICA"/>
<dc element="dc.source" value="Reuters"/>
</metadata>
</newsitem>
