<?xml version="1.0" encoding="iso-8859-1" ?>
<newsitem itemid="458349" id="root" date="1997-03-21" xml:lang="en">
<title>USA: TENNIS-ARGENTINA'S ZABALETA DEFAULTS AT LIPTON.</title>
<headline>TENNIS-ARGENTINA'S ZABALETA DEFAULTS AT LIPTON.</headline>
<dateline>KEY BISCAYNE, Florida 1997-03-20</dateline>
<text>
<p>Mariano Zabaleta, Argentina's new hope for tennis stardom, made an early exit from the Lipton Championships on Thursday when he was defaulted near the end of his first-round match, depriving him of his dream of playing Pete Sampras.</p>
<p>Zabaleta, 19 years old and ranked 99th in the world, stood at 6-6 in the third set and was leading 2-1 in the tiebreaker against Romania's Adrian Voinea when he swatted a ball in anger after netting a return of an approach shot.</p>
<p>The ball accidentally struck a linesman in the chest and the umpire called a default despite protests from both players. Voinea also asked the umpire if the match could continue.</p>
<p>Zabaleta apologised to the linesperson and umpire, to no avail. Tournament referee Alan Mills was summoned to the court and supported the umpire's decision.</p>
<p>Zabaleta had been looking forward to playing against Sampras, the top seed and world number one, in the next round.</p>
<p>&quot;The possibility of playing Sampras is a like a dream,&quot; said Zabaleta.</p>
<p>&quot;It wouldn't have mattered if I had lost 6-0 6-0 against Sampras, it would have been a dream to play him,&quot; Zabaleta said. &quot;I'm very sad about the default because I was winning the match.&quot;</p>
<p>Zabaleta, playing only his second year on the tour, said his problem might have been unfamiliarity with this kind of situation: &quot;Maybe I don't have much experience. I only ever got one warning all last year.&quot;</p>
</text>
<copyright>(c) Reuters Limited 1997</copyright>
<metadata>
<codes class="bip:countries:1.0">
  <code code="ARG">
    <editdetail attribution="Reuters BIP Coding Group" action="confirmed" date="1997-03-21"/>
  </code>
  <code code="ROM">
    <editdetail attribution="Reuters BIP Coding Group" action="confirmed" date="1997-03-21"/>
  </code>
  <code code="USA">
    <editdetail attribution="Reuters BIP Coding Group" action="confirmed" date="1997-03-21"/>
  </code>
</codes>
<codes class="bip:topics:1.0">
  <code code="GCAT">
    <editdetail attribution="Reuters BIP Coding Group" action="confirmed" date="1997-03-21"/>
  </code>
  <code code="GSPO">
    <editdetail attribution="Reuters BIP Coding Group" action="confirmed" date="1997-03-21"/>
  </code>
</codes>
<dc element="dc.date.created" value="1997-03-20"/>
<dc element="dc.publisher" value="Reuters Holdings Plc"/>
<dc element="dc.date.published" value="1997-03-21"/>
<dc element="dc.source" value="Reuters"/>
<dc element="dc.creator.location" value="KEY BISCAYNE, Florida"/>
<dc element="dc.creator.location.country.name" value="USA"/>
<dc element="dc.source" value="Reuters"/>
</metadata>
</newsitem>
