<?xml version="1.0" encoding="iso-8859-1" ?>
<newsitem itemid="458377" id="root" date="1997-03-21" xml:lang="en">
<title>RUSSIA: SOCCER-RUSSIAN PREMIER LEAGUE RESULTS.</title>
<headline>SOCCER-RUSSIAN PREMIER LEAGUE RESULTS.</headline>
<dateline>MOSCOW 1997-03-21</dateline>
<text>
<p>Results of Russian premier </p>
<p>league matches played on Friday:</p>
<p> Baltika Kaliningrad*	  1  Lokomotiv Nizhny Novgorod 0 </p>
<p> Krylya Sovietov Samara**    1  Fakel Voronezh		0 </p>
<p> Kamaz Naberezhnye Chelny*** 0  Rotor Volgograd	     5 </p>
<p>Playing Saturday: </p>
<p> Zenit St Petersburg	   v  Dynamo Moscow </p>
<p> CSKA Moscow		     v  Alania Vladikavkaz</p>
<p> Chernomorets Novorossiisk   v  Zhemchuzhina Sochi</p>
<p> Spartak Moscow		  v  Shinnik Yaroslavl</p>
<p> Torpedo LM Moscow	     v  Dynamo-Gazovik Tyumen</p>
<p> Rostselmash Rostov*	   v  Lokomotiv Moscow</p>
<p>NOTE -</p>
<p>    *   in Krasnodar</p>
<p>**  in Novorossiisk</p>
<p>*** in Vladikavkaz</p>
</text>
<copyright>(c) Reuters Limited 1997</copyright>
<metadata>
<codes class="bip:countries:1.0">
  <code code="RUSS">
    <editdetail attribution="Reuters BIP Coding Group" action="confirmed" date="1997-03-21"/>
  </code>
</codes>
<codes class="bip:industries:1.0">
  <code code="I35102">
    <editdetail attribution="Reuters BIP Coding Group" action="confirmed" date="1997-03-21"/>
  </code>
</codes>
<codes class="bip:topics:1.0">
  <code code="GCAT">
    <editdetail attribution="Reuters BIP Coding Group" action="confirmed" date="1997-03-21"/>
  </code>
  <code code="GSPO">
    <editdetail attribution="Reuters BIP Coding Group" action="confirmed" date="1997-03-21"/>
  </code>
</codes>
<dc element="dc.date.created" value="1997-03-21"/>
<dc element="dc.publisher" value="Reuters Holdings Plc"/>
<dc element="dc.date.published" value="1997-03-21"/>
<dc element="dc.source" value="Reuters"/>
<dc element="dc.creator.location" value="MOSCOW"/>
<dc element="dc.creator.location.country.name" value="RUSSIA"/>
<dc element="dc.source" value="Reuters"/>
</metadata>
</newsitem>
