<?xml version="1.0" encoding="iso-8859-1" ?>
<newsitem itemid="458390" id="root" date="1997-03-21" xml:lang="en">
<title>HONG KONG: RUGBY UNION-HORDES INVADE HK FOR LAST &quot;BRITISH&quot; SEVENS.</title>
<headline>RUGBY UNION-HORDES INVADE HK FOR LAST &quot;BRITISH&quot; SEVENS.</headline>
<byline>Sean Kennedy</byline>
<dateline>HONG KONG 1997-03-21</dateline>
<text>
<p>Drizzle and cloud overhung the Rugby World Cup Sevens but failed to dampen spirits on Friday as thousands of fans flocked to watch the last Sevens tournament to be staged in Hong Kong under British rule.</p>
<p>The World Cup Sevens, which incorporates the annual Hong Kong Sevens competition, has drawn rugby fans from around the world to Hong Kong just three months before it becomes part of China.</p>
<p>The territory's legendary logistical skills will be tested to the limit over three days as thousands of fans flood the roads to the Hong Kong Stadium, nestled in a residential valley on Hong Kong island.</p>
<p>Hotels and hostels are bursting at the seams with an estimated 15,000 visitors expected to bring in over HK$100 million (US$12.8 million), spending an average of HK$7,000 each during their visit.</p>
<p>Among them are the top brass of many blue chip companies, as well as annual eccentrics and originals, including the &quot;pieman&quot;, a well-fleshed London stockbroker known for his beer and pie consumption.</p>
<p>Bars and nightclubs in the Wanchai red light area and Lan Kwai Fong yuppie nightlife district on Hong Kong Island are rolling out the barrel for an invasion of beer-swilling tourists.</p>
<p>Across the harbour in Tsim Sha Tsui, merchants expect a cash bonanza from tourists seeking bargains in electronics, gemstones and silk for which the territory is famed.</p>
<p>Security at the tournament will be provided by stewards drawn from the ranks of the 1st Battalion of the Black Watch regiment, the British army garrison that will be replaced at the handover by China's People's Liberation Army (PLA).</p>
<p>The territory returns to China at midnight on June 30 after more than 150 years of British colonial rule.</p>
<p>Ironically, the Black Watch and the PLA met on the rugby field this week, when a PLA Sports Institute team wiped the smile off the face of British rugby with a 12-7 victory over their Scottish opponents.</p>
<p>The World Cup Sevens runs from kick-off at 12.30 pm on Friday, until the final at 6 pm on Sunday.</p>
<p>Twenty-four teams are in Hong Kong to compete for the Melrose Cup, named after the Scottish football club credited with inventing the game in 1883.</p>
<p>England are the defending champions, having snatched the trophy from Australia in the inaugural World Cup Sevens in Murrayfield in 1993.</p>
<p>They meet Canada in the first game of the tournament.</p>
</text>
<copyright>(c) Reuters Limited 1997</copyright>
<metadata>
<codes class="bip:countries:1.0">
  <code code="CHINA">
    <editdetail attribution="Reuters BIP Coding Group" action="confirmed" date="1997-03-21"/>
  </code>
  <code code="HKONG">
    <editdetail attribution="Reuters BIP Coding Group" action="confirmed" date="1997-03-21"/>
  </code>
  <code code="UK">
    <editdetail attribution="Reuters BIP Coding Group" action="confirmed" date="1997-03-21"/>
  </code>
</codes>
<codes class="bip:topics:1.0">
  <code code="GCAT">
    <editdetail attribution="Reuters BIP Coding Group" action="confirmed" date="1997-03-21"/>
  </code>
  <code code="GSPO">
    <editdetail attribution="Reuters BIP Coding Group" action="confirmed" date="1997-03-21"/>
  </code>
</codes>
<dc element="dc.date.created" value="1997-03-21"/>
<dc element="dc.publisher" value="Reuters Holdings Plc"/>
<dc element="dc.date.published" value="1997-03-21"/>
<dc element="dc.source" value="Reuters"/>
<dc element="dc.creator.location" value="HONG KONG"/>
<dc element="dc.creator.location.country.name" value="HONG KONG"/>
<dc element="dc.source" value="Reuters"/>
</metadata>
</newsitem>
