<?xml version="1.0" encoding="iso-8859-1" ?>
<newsitem itemid="458338" id="root" date="1997-03-21" xml:lang="en">
<title>SWITZERLAND: FIGURE SKATING-MODEST LIPINSKI ON COURSE FOR TITLE.</title>
<headline>FIGURE SKATING-MODEST LIPINSKI ON COURSE FOR TITLE.</headline>
<byline>Brian Creighton</byline>
<dateline>LAUSANNE, Switzerland 1997-03-21</dateline>
<text>
<p>Tara Lipinski stayed on course to become the youngest ever figure skating world champion after winning the short programme on Friday but insisted she was not allowing herself to think about overall victory.</p>
<p>Maintaining the imperious form which brought her the U.S. National and Champions Series titles over the past month, the 14-year-old Texan, dancing to music from the film &quot;Little Women&quot;, leads Vanessa Gusmeroli of France going into Saturday's decisive free skating.</p>
<p>&quot;I think if I thought I could win this it would put too much pressure on me,&quot; said Lipinski.</p>
<p>&quot;I'd just like another clean programme and it would be great to place or even finish fourth or fifth.</p>
<p>&quot;I was pleased to do a clean short because I messed it up last year and this has given me a lot of confidence,&quot; added the American who last year was 23rd after the short before advancing to 15th.</p>
<p>Waiting a full minute of her two minutes 40 seconds routine before launching her first jump, Lipinski achieved a fine triple lutz-double toe loop combination.</p>
<p>She seemed to be wrongly positioned in the air on her triple flip but still landed it cleanly and her triple axel was fine. All were completed with her extra-fast spins in the air because she does not get very high off the ice when she takes off.</p>
<p>She received four scores of 5.8 for technique and four more 5.8s for presentation as she collected first place votes from five of the nine judges.</p>
<p>While the 1.47 metres, 35 kg Lipinski continued to defy her relative lack of experience, her big-name team mates struggled.</p>
<p>Defending champion Michelle Kwan, who saw Lipinski take her two other titles in recent weeks, messed up her combination jump and finished fourth. She two-footed the landing of the triple-lutz part of the combination.</p>
<p>&quot;I waited a little too long and couldn't get out of it quickly enough,&quot; Kwan said. &quot;My body was gone but my legs were still there.&quot;</p>
<p>Nicole Bobek, skating a day after the death of her coach, Carlo Fassi, was accompanied by Fassi's widow Christa before and after her programme.</p>
<p>She over-rotated her opening triple lutz and put both hands and one knee down landing a triple toe loop as she placed eighth.</p>
<p>&quot;My warm-up felt great but right before the programme I looked at Christa and began crying,&quot; Bobek said.</p>
<p>&quot;I was able to refocus my energy on what I needed to do, but my landings were not strong.&quot;</p>
<p>China's 1995 champion Chen Lu, completely out of form after missing four months of training with a foot injury, failed in her objective of qualifying for next winter's Olympics in Japan by placing 25th and not reaching Saturday's free final.</p>
<p>That was one place below what was needed to ensure Olympic qualification. She will now face a skate-off later in the year which will fill the last six places for the 30-woman field in Nagano.</p>
<p>Gusmeroli took three first-place votes to edge Russian Maria Butryskaya into third. Hungarian Krisztina Czako and European champion Irina Slutskaya of Russia were fifth and sixth respectively.</p>
<p>Gusmeroli, sixth in January's European championships after being third in the short programme, has improved in a short time.</p>
<p>&quot;The competition really starts tomorrow,&quot; she said. &quot;I learned a good lesson at the Europeans where my long programme did not go as well. I feel I can go forward now.&quot;</p>
<p>Gusmeroli, who also competes in water skiing, produced an unusual combination of triple lutz-double loop and skated strongly throughout.</p>
<p>Butyrskaya picked up the other first place vote with an Egyptian dance.</p>
</text>
<copyright>(c) Reuters Limited 1997</copyright>
<metadata>
<codes class="bip:countries:1.0">
  <code code="FRA">
    <editdetail attribution="Reuters BIP Coding Group" action="confirmed" date="1997-03-21"/>
  </code>
  <code code="SWITZ">
    <editdetail attribution="Reuters BIP Coding Group" action="confirmed" date="1997-03-21"/>
  </code>
  <code code="USA">
    <editdetail attribution="Reuters BIP Coding Group" action="confirmed" date="1997-03-21"/>
  </code>
</codes>
<codes class="bip:topics:1.0">
  <code code="GCAT">
    <editdetail attribution="Reuters BIP Coding Group" action="confirmed" date="1997-03-21"/>
  </code>
  <code code="GSPO">
    <editdetail attribution="Reuters BIP Coding Group" action="confirmed" date="1997-03-21"/>
  </code>
</codes>
<dc element="dc.date.created" value="1997-03-21"/>
<dc element="dc.publisher" value="Reuters Holdings Plc"/>
<dc element="dc.date.published" value="1997-03-21"/>
<dc element="dc.source" value="Reuters"/>
<dc element="dc.creator.location" value="LAUSANNE, Switzerland"/>
<dc element="dc.creator.location.country.name" value="SWITZERLAND"/>
<dc element="dc.source" value="Reuters"/>
</metadata>
</newsitem>
