<?xml version="1.0" encoding="iso-8859-1" ?>
<newsitem itemid="458384" id="root" date="1997-03-21" xml:lang="en">
<title>AUSTRALIA: CRICKET-QUEENSLAND BATSMEN TAKE COMMAND IN FINAL.</title>
<headline>CRICKET-QUEENSLAND BATSMEN TAKE COMMAND IN FINAL.</headline>
<dateline>PERTH, Australia 1997-03-21</dateline>
<text>
<p>Queensland made a positive start in the Sheffield Shield final on Friday after openers Trevor Barsby and Matthew Mott dominated the opening day against Western Australia.</p>
<p>Mott played the anchor role with an innings of 86 as Queensland reached 266 for four at close of play after winning the toss at the WACA Ground.</p>
<p>Barsby, playing in his last match before retiring from first-class cricket, adopted a more aggressive approach to score a rapid 67 before lunch.</p>
<p>Queensland captain Stuart Law, who added 115 runs for the third wicket with Mott, built on the early platform with a patient 70 against an often wayward Western Australia bowling attack.</p>
<p>Queensland must win in Perth to lift the Shield while a draw would be sufficient for Western Australia to take the title on the strength of their achievement in finishing top of the table at the end of the regular season.</p>
<p>At 227 for two, the visitors appreared to be cruising toward a massive first innings total before Mott and Law fell in quick succession after tea.</p>
<p>Of the top-order batsman, only number three Jimmy Maher failed to take advantage of a flat wicket ideal for batting, scoring eight runs to prolong a disappointing recent run of form.</p>
<p>Mott, in contrast, played with assurance during his lengthy stay at the crease, hitting six fours and one six and facing 240 balls.</p>
<p>The compact left-hander was finally dismissed when he struck a delivery from fast bowler Jo Angel off his pads to short mid-wicket where Ryan Campbell took a spectacular catch diving to his left.</p>
</text>
<copyright>(c) Reuters Limited 1997</copyright>
<metadata>
<codes class="bip:countries:1.0">
  <code code="AUSTR">
    <editdetail attribution="Reuters BIP Coding Group" action="confirmed" date="1997-03-21"/>
  </code>
</codes>
<codes class="bip:topics:1.0">
  <code code="GCAT">
    <editdetail attribution="Reuters BIP Coding Group" action="confirmed" date="1997-03-21"/>
  </code>
  <code code="GSPO">
    <editdetail attribution="Reuters BIP Coding Group" action="confirmed" date="1997-03-21"/>
  </code>
</codes>
<dc element="dc.date.created" value="1997-03-21"/>
<dc element="dc.publisher" value="Reuters Holdings Plc"/>
<dc element="dc.date.published" value="1997-03-21"/>
<dc element="dc.source" value="Reuters"/>
<dc element="dc.creator.location" value="PERTH, Australia"/>
<dc element="dc.creator.location.country.name" value="AUSTRALIA"/>
<dc element="dc.source" value="Reuters"/>
</metadata>
</newsitem>
