<?xml version="1.0" encoding="iso-8859-1" ?>
<newsitem itemid="458328" id="root" date="1997-03-21" xml:lang="en">
<title>EU:  EC WEEKLY DIARY FOR MONDAY, MARCH 24-SUNDAY, MARCH 30.</title>
<headline>EC WEEKLY DIARY FOR MONDAY, MARCH 24-SUNDAY, MARCH 30.</headline>
<text>
<p>****</p>
<p>HIGHLIGHTS</p>
<p>****</p>
<p>BRUSSELS - EU foreign ministers meet (Monday); discussions focus on Albania, Turkey, South Africa and Burma; ministers hold association council with Romania and structured dialogue with Central and Eastern European Countries.</p>
<p>BRUSSELS - Polish President Aleksander Kwasniewski meets NATO Secretary General Javier Solana (Monday).</p>
<p>ROME - EU foreign ministers hold special meeting to commemorate the 40th anniversary of the 1957 Treaty of Rome (Tuesday); exchange of views with EP President Jose Maria Gil-Robles and MEPs Elisabeth Guigou and Elmar Brok on the state of the inter-governmental conference; Gil-Robles, Dutch Foreign Minister Hans van Mierlo and European Commission President Santer hold joint news conference following the ceremony.</p>
<p>ROME - European Commission holds regular weekly meeting (Tuesday).</p>
<p>BRUSSELS - EU Monetary Committee meets (Tuesday); preparation for April 5 informal ECOFIN Council, stability pact, legal framework for the euro and ERM 2.</p>
<p>Friday - EU institutions closed for Easter holidays to March 31 inclusive.</p>
<p>Sunday - European time changes from GMT+1 to GMT+2 except for Britain, Ireland and Portugal, which change from GMT+0 to GMT+1.</p>
<p>Please note the European Court of Justice is on judicial Easter holiday from Marh 24 to April 4.</p>
<p>MONDAY, MARCH 24</p>
<p>BRUSSELS (EXPANDED ITEM) - General Affairs Council (0930/0830 GMT).</p>
<p>Agenda includes:</p>
<p>- Trade questions, including:</p>
<p>- Conclusion of an Information Technology Agreement;</p>
<p>- Community preferential accords;</p>
<p>- Follow-up to Singapore WTO conference on less advanced countries.</p>
<p>- Relations with South Africa.</p>
<p>- State of negotiations with Egypt, Jordan, Lebanon.</p>
<p>- Relations with Turkey.</p>
<p>- Relations with Albania.</p>
<p>- Great Lakes Regions/Zaire.</p>
<p>- Situation in former Yugoslavia.</p>
<p>- Peace process in the Middle East.</p>
<p>- (1045/0945 GMT) Association Council with Romania.</p>
<p>- (1200/1100 GMT) Structured dialogue with Central and Eastern European Countries.</p>
<p>BRUSSELS (NEW ITEM) - Polish President Aleksander Kwasniewski meets NATO Secretary General Javier Solana (0800/0700 GMT).</p>
<p>BRUSSELS (NEW ITEM) - Finnish Defence Minister Anneli Taina meets WEU Secretary General Jose Cutileiro (1610/1510 GMT).</p>
<p>BRUSSELS - Centre for European Policy Studies (CEPS) holds lunchtime seminar on &quot;Future perspective for the European social fund&quot; (1315/1215 GMT). Speaker is European Commissioner Flynn. Venue: CEPS. Contact: CEPS (322) 229 3911.</p>
<p>BRUSSELS - British Chamber of Commerce in Belgium holds debate on &quot;EU competition policy - Third party rights - Use or abuse?&quot; (1730/1630 GMT). Venue: Meridien Hotel. Contact: British Chamber of Commerce in Belgium (322) 540 9030.</p>
<p>NEW YORK (NEW ITEM) - European Commissioner Bonino meets United Nations and Unicef officials.</p>
<p>TUESDAY, MARCH 25</p>
<p>ROME (EXPANDED ITEM) - EU foreign ministers hold special meeting to commemorate the 40th anniversary of the 1957 Treaty of Rome.</p>
<p>Agenda includes:</p>
<p>- (0915/0815 GMT) The state of the inter-governmental conference (IGC); exchange of views with EP President Jose Maria Gil-Robles and MEPs Elisabeth Guigou and Elmar Brok.</p>
<p>- (1240/1140 GMT) Italian inter-governmental conference representative Silvio Fagiolo holds news conference on the outcome of the meeting.</p>
<p>- (1300/1200 GMT) Prime Minister Romano Prodi and European Commission President Santer hold joint news conference on the outcome of the General Affairs Council meeting.</p>
<p>- (1345/1245 GMT) Lunch hosted by Italian President Oscar Luigi Scalfaro.</p>
<p>- (1600/1500 GMT) Official commemoration ceremony of the 40th anniversary of the 1957 Treaty of Rome.</p>
<p>- (1700/1600 GMT) EP President Jose Maria Gil-Robles, Dutch Foreign Minister Hans van Mierlo and European Commission President Santer hold joint news conference following the ceremony.</p>
<p>- (1730/1630 GMT) National parliament presidents meet.</p>
<p>- (2000/1900 GMT) Rome mayor hosts reception.</p>
<p>ROME (NEW ITEM) - European Commission holds regular weekly meeting (1730/1630 GMT).</p>
<p>Provisional agenda includes:</p>
<p>- Formal decision to rule French textile aid illegal.</p>
<p>- Commissioner de Deus Pinheiro communication on support for structural adjustments and reduction of ACP countries' debt.</p>
<p>- (possibly) Commissioner de Deus Pinheiro communication on 1995 transfers in favour of Camaroon traditional banana suppliers.</p>
<p>- (possibly) European Commission President Santer communication on a Council regulation on a financial contribution to the international fund for Iceland.</p>
<p>- Commissioners Flynn and Liikanen communication on budgetary guidelines in favour of the handicaped.</p>
<p>BRUSSELS - EU Monetary Committee meets (1000/0900 GMT). Preparation for April 5 informal ECOFIN Council, stability pact, legal framework for the euro and ERM 2.</p>
<p>LUXEMBOURG - European Commission hosts conference on &quot;Mobility and occupational pension schemes in Europe&quot; (0900/0800 GMT). Venue: Jean Monnet building, room M4. Contact: Uniglobe (322) 267 4183.</p>
<p>WASHINGTON (NEW ITEM) - European Commissioner Bonino meets food safety officials (and Wednesday).</p>
<p>WEDNESDAY, MARCH 26</p>
<p>No events scheduled.</p>
<p>THURSDAY, MARCH 27</p>
<p>No events scheduled.</p>
<p>FRIDAY, MARCH 28</p>
<p>- EU institutions closed for Easter holidays to March 31 inclusive.</p>
<p>SATURDAY, MARCH 29</p>
<p>No events scheduled.</p>
<p>SUNDAY, MARCH 30</p>
<p>- European time changes from GMT+1 to GMT+2 except for Britain, Ireland and Portugal, which change from GMT+0 to GMT+1.</p>
<p>If you have items for inclusion in the Reuter European</p>
<p>Community diary, please contact:</p>
<p>Telephone: Cynthia Simpson (322) 287 6851</p>
<p>Fax: (322) 230 5573</p>
<p>For technical queries regarding</p>
<p>the service, please call (322) 287 6666</p>
<p>- - - - - - - - - - - - - - - - - - - - - - -</p>
<p>EC Report (C)opyright Reuters Limited.</p>
</text>
<copyright>(c) Reuters Limited 1997</copyright>
<metadata>
<codes class="bip:countries:1.0">
  <code code="EEC">
    <editdetail attribution="Reuters BIP Coding Group" action="confirmed" date="1997-03-21"/>
  </code>
</codes>
<codes class="bip:topics:1.0">
  <code code="G15">
    <editdetail attribution="Reuters BIP Coding Group" action="confirmed" date="1997-03-21"/>
  </code>
  <code code="GCAT">
    <editdetail attribution="Reuters BIP Coding Group" action="confirmed" date="1997-03-21"/>
  </code>
</codes>
<dc element="dc.publisher" value="Reuters Holdings Plc"/>
<dc element="dc.date.published" value="1997-03-21"/>
<dc element="dc.source" value="Reuters"/>
<dc element="dc.creator.location.country.name" value="EU"/>
<dc element="dc.source" value="Reuters"/>
</metadata>
</newsitem>
