<?xml version="1.0" encoding="iso-8859-1" ?>
<newsitem itemid="458367" id="root" date="1997-03-21" xml:lang="en">
<title>SOUTH AFRICA: CRICKET-SLOW GOING AT CENTURION AS AUSTRALIA DIG IN.</title>
<headline>CRICKET-SLOW GOING AT CENTURION AS AUSTRALIA DIG IN.</headline>
<dateline>PRETORIA 1997-03-21</dateline>
<text>
<p>Australia's batsmen were made to struggle for runs on an attritional first day in the third and final cricket test against South Africa at Centurion Park on Friday.</p>
<p>The normally free-scoring Australians, who hold a winning 2-0 lead in the series, edged their way to 146 for four at tea against some tight South African bowling.</p>
<p>Steve Waugh was 38 not out and Greg Blewett undefeated on 21 at the interval.</p>
<p>After being put in on a well-grassed pitch Australia lost the early wicket of Matthew Hayden, bowled through the gate by recalled fast bowler Brett Schultz for 10, but avoided the dramatic collapse the home side had gambled on.</p>
<p>However, they were made to toil for their runs, adding a modest 80 between lunch and tea as South Africa took the prized wicket of Mark Waugh and chiselled out Mark Taylor, the out-of-form Australian captain.</p>
<p>Resuming after lunch on 62 for two, Waugh, the hero of the second test win in Port Elizabeth earlier in the week, was bowled three overs into the afternoon session for five when Allan Donald beat him for pace.</p>
<p>Taylor had grittily clawed his way to 22 at the interval -- the first time he had reached 20 in 10 test innings -- but a first half-century in 19 innings eluded him once again.</p>
<p>After taking three hours and 17 minutes to reach 38, he aimed a full-blooded drive at a wide, full delivery from Lance Klusener to edge to wicket-keeper Dave Richardson.</p>
<p>In the morning, Schultz, in the side as a replacement for the injured Shaun Pollock, had a hand in both wickets.</p>
<p>After dismissing Hayden in the eighth over of the day, he later produced a fine runnning catch on the fine-leg boundary to punish Matthew Elliott's wayward hook off Donald.</p>
</text>
<copyright>(c) Reuters Limited 1997</copyright>
<metadata>
<codes class="bip:countries:1.0">
  <code code="AUSTR">
    <editdetail attribution="Reuters BIP Coding Group" action="confirmed" date="1997-03-21"/>
  </code>
  <code code="SAFR">
    <editdetail attribution="Reuters BIP Coding Group" action="confirmed" date="1997-03-21"/>
  </code>
</codes>
<codes class="bip:topics:1.0">
  <code code="GCAT">
    <editdetail attribution="Reuters BIP Coding Group" action="confirmed" date="1997-03-21"/>
  </code>
  <code code="GSPO">
    <editdetail attribution="Reuters BIP Coding Group" action="confirmed" date="1997-03-21"/>
  </code>
</codes>
<dc element="dc.date.created" value="1997-03-21"/>
<dc element="dc.publisher" value="Reuters Holdings Plc"/>
<dc element="dc.date.published" value="1997-03-21"/>
<dc element="dc.source" value="Reuters"/>
<dc element="dc.creator.location" value="PRETORIA"/>
<dc element="dc.creator.location.country.name" value="SOUTH AFRICA"/>
<dc element="dc.source" value="Reuters"/>
</metadata>
</newsitem>
