<?xml version="1.0" encoding="iso-8859-1" ?>
<newsitem itemid="458337" id="root" date="1997-03-21" xml:lang="en">
<title>RUSSIA: SOCCER-CSKA BRACE FOR ALANIA VISIT, CALL IN TROOPS.</title>
<headline>SOCCER-CSKA BRACE FOR ALANIA VISIT, CALL IN TROOPS.</headline>
<dateline>MOSCOW 1997-03-21</dateline>
<text>
<p>CSKA Moscow, the Russian Army team, had to call in troops to clear 10 cm of snow from the pitch before Saturday's game against Alania Vladikavkaz.</p>
<p>Sadly for CSKA, reinforcements have been harder to find for the squad members who walked out in a close-season split. The team would be glad just to avoid defeat against Alania, who thumped KamAZ 5-0 in the opening game at Vladikavkaz on Sunday.</p>
<p>The army side looked out of sorts last weekend, losing their opening game 2-0 on the same ground to co-tenants, Dynamo.</p>
<p>The heavy snow which struck Moscow on Friday was a blow for Russian league bosses who have been lobbying clubs to bring the season into line with the rest of Europe.</p>
<p>Troops were also out at Lokomotiv's Cherkizovsky ground, where champions Spartak Moscow take on promoted Shinnik Yaroslavl, and staff were hoping for army help at Torpedo Moscow where Siberia's Dynamo-Gazovik Tyumen are the visitors on Saturday.</p>
<p>All three Moscow premier league grounds, shared by the capital's five clubs, have the undersoil heating made obligatory by the league this season. But it is little defence against heavy snow falling close to kick off.</p>
<p>Eight provincial sides were forced to play their opening home game at an away ground as punishment for failing to install heated pitches in time.</p>
<p>In Friday's games, KamAZ Naberzhniye Chelny played their &quot;home&quot; match at Vladikavkaz in southern Russia and were hammered 5-0 by Rotor Volgograd.</p>
<p>Baltika Kaliningrad beat Lokomotiv Nizhny Novogrod 1-0 at the neutral ground of Krasnodar while Fakel Voronezh lost 1-0 to Krylya Sovietov Samara in snow-free Novorossiisk.</p>
<p>Rostselmash Rostov will have to travel to Krasnodar on Saturday to play against Lokomotiv Moscow.</p>
</text>
<copyright>(c) Reuters Limited 1997</copyright>
<metadata>
<codes class="bip:countries:1.0">
  <code code="RUSS">
    <editdetail attribution="Reuters BIP Coding Group" action="confirmed" date="1997-03-21"/>
  </code>
</codes>
<codes class="bip:topics:1.0">
  <code code="GCAT">
    <editdetail attribution="Reuters BIP Coding Group" action="confirmed" date="1997-03-21"/>
  </code>
  <code code="GSPO">
    <editdetail attribution="Reuters BIP Coding Group" action="confirmed" date="1997-03-21"/>
  </code>
</codes>
<dc element="dc.date.created" value="1997-03-21"/>
<dc element="dc.publisher" value="Reuters Holdings Plc"/>
<dc element="dc.date.published" value="1997-03-21"/>
<dc element="dc.source" value="Reuters"/>
<dc element="dc.creator.location" value="MOSCOW"/>
<dc element="dc.creator.location.country.name" value="RUSSIA"/>
<dc element="dc.source" value="Reuters"/>
</metadata>
</newsitem>
