<?xml version="1.0" encoding="iso-8859-1" ?>
<newsitem itemid="458379" id="root" date="1997-03-21" xml:lang="en">
<title>ROMANIA: ATHLETICS-JUNIOR WORLD CHAMPION TESTS POSITIVE.</title>
<headline>ATHLETICS-JUNIOR WORLD CHAMPION TESTS POSITIVE.</headline>
<dateline>BUCHAREST 1997-03-21</dateline>
<text>
<p>Romanian junior world champion Andreea Burlacu has failed a doping test, the Romanian Athletics Federation said on Friday.</p>
<p>&quot;Burlacu was found positive earlier in March with metandienon metabolite,&quot; the federation said in a statement.  </p>
<p>Any sanction will depend on the findings from the second sample. Burlacu, 20, risks a two-year ban if the second sample is positive.</p>
<p>She won the 400 metres at the 1996 junior world championships in Sydney.</p>
</text>
<copyright>(c) Reuters Limited 1997</copyright>
<metadata>
<codes class="bip:countries:1.0">
  <code code="ROM">
    <editdetail attribution="Reuters BIP Coding Group" action="confirmed" date="1997-03-21"/>
  </code>
</codes>
<codes class="bip:topics:1.0">
  <code code="GCAT">
    <editdetail attribution="Reuters BIP Coding Group" action="confirmed" date="1997-03-21"/>
  </code>
  <code code="GSPO">
    <editdetail attribution="Reuters BIP Coding Group" action="confirmed" date="1997-03-21"/>
  </code>
</codes>
<dc element="dc.date.created" value="1997-03-21"/>
<dc element="dc.publisher" value="Reuters Holdings Plc"/>
<dc element="dc.date.published" value="1997-03-21"/>
<dc element="dc.source" value="Reuters"/>
<dc element="dc.creator.location" value="BUCHAREST"/>
<dc element="dc.creator.location.country.name" value="ROMANIA"/>
<dc element="dc.source" value="Reuters"/>
</metadata>
</newsitem>
