<?xml version="1.0" encoding="iso-8859-1" ?>
<newsitem itemid="458363" id="root" date="1997-03-21" xml:lang="en">
<title>SOUTH AFRICA: ATHLETICS-TIEDTKE RETURNS FROM TWO-YEAR DRUG BAN.</title>
<headline>ATHLETICS-TIEDTKE RETURNS FROM TWO-YEAR DRUG BAN.</headline>
<dateline>PRETORIA 1997-03-21</dateline>
<text>
<p>German long jumper Susan Tiedtke made a controversial return from a two-year drug ban with an impressive first leap of 6.83 metres at an athletics meeting on Friday.</p>
<p>Tiedtke, a former double world indoor medallist, comfortably won the women's long jump event with her first attempt of 6.0 metres. Her personal best in the discipline is a leap of 7.0 metres.</p>
<p>South African Sanet Fouche finished a distant second to Tiedtke with a jump of 6.51.</p>
<p>&quot;I'm pretty happy with my performance. I wanted to clear 6.80 at some point -- my jump today just came sooner than I thought,&quot; Tiedtke said.</p>
<p>Tiedtke, who is married to former American Olympic bronze medallist Joe Greene, tested positive for steroids the day after she won bronze at the world indoor championships in Barcelona in 1995.</p>
<p>She was then controversially banned for two years under German law, despite an International Amateur Athletic Federation (IAAF) ruling that she should have served a four-year ban.</p>
<p>But the doping cases of former double world sprint champion Katrin Krabbe in 1992, which ended up in the civil courts, have forced German athletics chiefs to reduce bans to two years because anything longer is unacceptable by German law.</p>
<p>The IAAF Council said in Italy on Friday it would not challenge two-year bans handed to athletes from countries whose national laws do not allow more severe sanctions for doping offences.</p>
<p>Germany, Russia and Spain permit only two-year bans.</p>
<p>The IAAF's policy of banning doping offenders for four years will be reviewed at a full IAAF Congress in Athens during late July.</p>
<p>Tiedtke was relieved her two-year wait is now over</p>
<p>&quot;Sitting in the stands watching my husband compete in Paris two weeks ago was frustrating,&quot; she said. &quot;I was itching to get back into competition and I'm just pleased that the long wait is now over.&quot;</p>
</text>
<copyright>(c) Reuters Limited 1997</copyright>
<metadata>
<codes class="bip:countries:1.0">
  <code code="GFR">
    <editdetail attribution="Reuters BIP Coding Group" action="confirmed" date="1997-03-21"/>
  </code>
  <code code="SAFR">
    <editdetail attribution="Reuters BIP Coding Group" action="confirmed" date="1997-03-21"/>
  </code>
</codes>
<codes class="bip:topics:1.0">
  <code code="GCAT">
    <editdetail attribution="Reuters BIP Coding Group" action="confirmed" date="1997-03-21"/>
  </code>
  <code code="GSPO">
    <editdetail attribution="Reuters BIP Coding Group" action="confirmed" date="1997-03-21"/>
  </code>
</codes>
<dc element="dc.date.created" value="1997-03-21"/>
<dc element="dc.publisher" value="Reuters Holdings Plc"/>
<dc element="dc.date.published" value="1997-03-21"/>
<dc element="dc.source" value="Reuters"/>
<dc element="dc.creator.location" value="PRETORIA"/>
<dc element="dc.creator.location.country.name" value="SOUTH AFRICA"/>
<dc element="dc.source" value="Reuters"/>
</metadata>
</newsitem>
