<?xml version="1.0" encoding="iso-8859-1" ?>
<newsitem itemid="458382" id="root" date="1997-03-21" xml:lang="en">
<title>NEW ZEALAND: CRICKET-RAIN POSTPONES SRI LANKA-NZ ONE-DAYER.</title>
<headline>CRICKET-RAIN POSTPONES SRI LANKA-NZ ONE-DAYER.</headline>
<dateline>AUCKLAND 1996-03-22</dateline>
<text>
<p>Rain forced the postponement of Saturday's opening one-day cricket international between Sri Lanka and New Zealand at Auckland's Eden Park.</p>
<p>The match will be played on Sunday if the weather is fine.</p>
<p>Sustained rain left large puddles on the outfield and umpires Doug Cowie and Brent Bowden, both of Auckland, announced &quot;no play today&quot; 75 minutes after the scheduled start time of 10 a.m. (2200 GMT)</p>
<p>The second game in the three-match series will be played in Christchurch on Tuesday with the third in Wellington on Thursday.</p>
</text>
<copyright>(c) Reuters Limited 1997</copyright>
<metadata>
<codes class="bip:countries:1.0">
  <code code="NZ">
    <editdetail attribution="Reuters BIP Coding Group" action="confirmed" date="1997-03-21"/>
  </code>
  <code code="SRILAN">
    <editdetail attribution="Reuters BIP Coding Group" action="confirmed" date="1997-03-21"/>
  </code>
</codes>
<codes class="bip:topics:1.0">
  <code code="GCAT">
    <editdetail attribution="Reuters BIP Coding Group" action="confirmed" date="1997-03-21"/>
  </code>
  <code code="GSPO">
    <editdetail attribution="Reuters BIP Coding Group" action="confirmed" date="1997-03-21"/>
  </code>
</codes>
<dc element="dc.date.created" value="1996-03-22"/>
<dc element="dc.publisher" value="Reuters Holdings Plc"/>
<dc element="dc.date.published" value="1997-03-21"/>
<dc element="dc.source" value="Reuters"/>
<dc element="dc.creator.location" value="AUCKLAND"/>
<dc element="dc.creator.location.country.name" value="NEW ZEALAND"/>
<dc element="dc.source" value="Reuters"/>
</metadata>
</newsitem>
