<?xml version="1.0" encoding="iso-8859-1" ?>
<newsitem itemid="458373" id="root" date="1997-03-21" xml:lang="en">
<title>SOUTH AFRICA: CRICKET-DRAW FOR STANDARD BANK CUP ANNOUNCED.</title>
<headline>CRICKET-DRAW FOR STANDARD BANK CUP ANNOUNCED.</headline>
<dateline>JOHANNESBURG 1997-03-21</dateline>
<text>
<p>The draw for the semi-final of the Standard Bank cricket cup is as follows:</p>
<p>Natal v Mashonoland (April 18) and Northern Transvaal or Griqualand West v Western Province (April 20).</p>
</text>
<copyright>(c) Reuters Limited 1997</copyright>
<metadata>
<codes class="bip:countries:1.0">
  <code code="SAFR">
    <editdetail attribution="Reuters BIP Coding Group" action="confirmed" date="1997-03-21"/>
  </code>
</codes>
<codes class="bip:topics:1.0">
  <code code="GCAT">
    <editdetail attribution="Reuters BIP Coding Group" action="confirmed" date="1997-03-21"/>
  </code>
  <code code="GSPO">
    <editdetail attribution="Reuters BIP Coding Group" action="confirmed" date="1997-03-21"/>
  </code>
</codes>
<dc element="dc.date.created" value="1997-03-21"/>
<dc element="dc.publisher" value="Reuters Holdings Plc"/>
<dc element="dc.date.published" value="1997-03-21"/>
<dc element="dc.source" value="Reuters"/>
<dc element="dc.creator.location" value="JOHANNESBURG"/>
<dc element="dc.creator.location.country.name" value="SOUTH AFRICA"/>
<dc element="dc.source" value="Reuters"/>
</metadata>
</newsitem>
