<?xml version="1.0" encoding="iso-8859-1" ?>
<newsitem itemid="458378" id="root" date="1997-03-21" xml:lang="en">
<title>ROMANIA: SOCCER-PLAYERS AND PRESIDENT BANNED FOR HITTING REFEREE.</title>
<headline>SOCCER-PLAYERS AND PRESIDENT BANNED FOR HITTING REFEREE.</headline>
<dateline>BUCHAREST 1997-03-21</dateline>
<text>
<p>Romanian soccer's ruling body has banned a club president and five players for hitting a referee in a first division match last weekend.</p>
<p>The incidents occurred during and after Universitatea Craiova's home match against their long-standing and bitter rivals Sportul Studentesc on Saturday.</p>
<p>With the scores locked at 1-1, referee Sorin Vadana awarded a controversial penalty 15 minutes from time to Sportul, who duly scored and went on to win the match 2-1.</p>
<p>The decision prompted outrage among Craiova's players, officials and supporters who all allowed it to spill over into violence.</p>
<p>Five players have been handed suspensions from one to six games for slapping, shoving and pushing Vadana and the reserve referee while club president Eugen Arnautu picked up a year's ban for slapping Vadana at the official dinner after the game.</p>
<p>The Romanian Football Federation (FRF) also banned Craiova from playing their next seven games at their home ground because of rioting by local fans who toppled cars and broke shops windows near the stadium.</p>
<p>&quot;These bans decapitated our club and virtually forced it into relegation to the second division,&quot; said Craiova's vice-president Marcel Popescu.</p>
<p>The club is to appeal against the sanctions.</p>
<p>Their one consolation is that the FRF also suspended Vadana for making what they considered to be a faulty decision in awarding the penalty in the first place.</p>
</text>
<copyright>(c) Reuters Limited 1997</copyright>
<metadata>
<codes class="bip:countries:1.0">
  <code code="ROM">
    <editdetail attribution="Reuters BIP Coding Group" action="confirmed" date="1997-03-21"/>
  </code>
</codes>
<codes class="bip:topics:1.0">
  <code code="GCAT">
    <editdetail attribution="Reuters BIP Coding Group" action="confirmed" date="1997-03-21"/>
  </code>
  <code code="GSPO">
    <editdetail attribution="Reuters BIP Coding Group" action="confirmed" date="1997-03-21"/>
  </code>
</codes>
<dc element="dc.date.created" value="1997-03-21"/>
<dc element="dc.publisher" value="Reuters Holdings Plc"/>
<dc element="dc.date.published" value="1997-03-21"/>
<dc element="dc.source" value="Reuters"/>
<dc element="dc.creator.location" value="BUCHAREST"/>
<dc element="dc.creator.location.country.name" value="ROMANIA"/>
<dc element="dc.source" value="Reuters"/>
</metadata>
</newsitem>
