<?xml version="1.0" encoding="iso-8859-1" ?>
<newsitem itemid="458353" id="root" date="1997-03-21" xml:lang="en">
<title>UK: SOCCER-NEWCASTLE FLOAT VALUED AT $307 MILLION.</title>
<headline>SOCCER-NEWCASTLE FLOAT VALUED AT $307 MILLION.</headline>
<dateline>LONDON 1997-03-21</dateline>
<text>
<p>English premier league club Newcastle said on Friday that their stock market flotation valued the club at 193 million pounds ($307.4 million).</p>
<p>The offering of 40 million shares was priced at 135 pence (215 cents) per share and would raise 54 million pounds for the club, a statement from Newcastles's investment bank NatWest Markets said.</p>
<p>Dealing in the shares will begin on April 2.</p>
</text>
<copyright>(c) Reuters Limited 1997</copyright>
<metadata>
<codes class="bip:countries:1.0">
  <code code="UK">
    <editdetail attribution="Reuters BIP Coding Group" action="confirmed" date="1997-03-21"/>
  </code>
</codes>
<codes class="bip:topics:1.0">
  <code code="GCAT">
    <editdetail attribution="Reuters BIP Coding Group" action="confirmed" date="1997-03-21"/>
  </code>
  <code code="GSPO">
    <editdetail attribution="Reuters BIP Coding Group" action="confirmed" date="1997-03-21"/>
  </code>
</codes>
<dc element="dc.date.created" value="1997-03-21"/>
<dc element="dc.publisher" value="Reuters Holdings Plc"/>
<dc element="dc.date.published" value="1997-03-21"/>
<dc element="dc.source" value="Reuters"/>
<dc element="dc.creator.location" value="LONDON"/>
<dc element="dc.creator.location.country.name" value="UK"/>
<dc element="dc.source" value="Reuters"/>
</metadata>
</newsitem>
