<?xml version="1.0" encoding="iso-8859-1" ?>
<newsitem itemid="458498" id="root" date="1997-03-21" xml:lang="en">
<title>LITHUANIA: TELECOMMS PRIVATISATION CONFERENCE IN APRIL.</title>
<headline>TELECOMMS PRIVATISATION CONFERENCE IN APRIL.</headline>
<dateline>VILNIUS 1997-03-21</dateline>
<text>
<p>Lithuania's European Affairs Ministry said on Friday that it was inviting several international investment banks to participate in a conference next month on the privatisation of Lithuanian Telecomm.</p>
<p>The ministry said in a statement that Merrill Lynch, Nomura International, JP Morgan, Banque Pariba, and Dresdner Bank would be invited to the conference, to be held on April 18 to 19 in Vilnius.</p>
<p>Specialists from central European states where telecomms have already been privatised, including the Czech Republic, Poland, Hungary, Latvia and Estonia will also attend the conference.</p>
<p>Lithuanian Telecomm is one of several key state assets which the current government plans to sell by international bids.</p>
<p>Prime Minister Gediminas Vagnorius told Reuters on Thursday that the government would not back down on its privatisation drive in the face of a growing chorus of protest from public sector employees, who fear the loss of their job security.</p>
<p>--Ed Stoddard, Vilnius newsroom +370 2 22 35 17</p>
</text>
<copyright>(c) Reuters Limited 1997</copyright>
<metadata>
<codes class="bip:countries:1.0">
  <code code="LITH">
    <editdetail attribution="Reuters BIP Coding Group" action="confirmed" date="1997-03-21"/>
  </code>
</codes>
<codes class="bip:industries:1.0">
  <code code="I79020">
    <editdetail attribution="Reuters BIP Coding Group" action="confirmed" date="1997-03-21"/>
  </code>
</codes>
<codes class="bip:topics:1.0">
  <code code="C18">
    <editdetail attribution="Reuters BIP Coding Group" action="confirmed" date="1997-03-21"/>
  </code>
  <code code="C183">
    <editdetail attribution="Reuters BIP Coding Group" action="confirmed" date="1997-03-21"/>
  </code>
  <code code="CCAT">
    <editdetail attribution="Reuters BIP Coding Group" action="confirmed" date="1997-03-21"/>
  </code>
</codes>
<dc element="dc.date.created" value="1997-03-21"/>
<dc element="dc.publisher" value="Reuters Holdings Plc"/>
<dc element="dc.date.published" value="1997-03-21"/>
<dc element="dc.source" value="Reuters"/>
<dc element="dc.creator.location" value="VILNIUS"/>
<dc element="dc.creator.location.country.name" value="LITHUANIA"/>
<dc element="dc.source" value="Reuters"/>
</metadata>
</newsitem>
