<?xml version="1.0" encoding="iso-8859-1" ?>
<newsitem itemid="458425" id="root" date="1997-03-21" xml:lang="en">
<title>GERMANY: SOCCER-BECKENBAUER FEARS ENGLAND ROW COULD LET IN THIRD PARTY.</title>
<headline>SOCCER-BECKENBAUER FEARS ENGLAND ROW COULD LET IN THIRD PARTY.</headline>
<byline>Adrian Warner</byline>
<dateline>BONN 1997-03-21</dateline>
<text>
<p>Franz Beckenbauer, the big name behind Germany's bid for the 2006 World Cup, fears the much-publicised battle with England to host the finals could destroy both countries' hopes of getting the competition.</p>
<p>The former World Cup-winning coach and captain said on Friday that he feared another country might sneak past and win the race if the public battle continued but ruled out any ideas of a joint England-Germany bid.</p>
<p>&quot;If you can't organise a World Cup on your own, you should leave it,&quot; Beckenbauer said. &quot;I just hope that, if two are fighting, there isn't going to be a third party who gets the last laugh.&quot;</p>
<p>Europe's governing body UEFA is keen to lend its support to just one country from the continent and will meet on April 17 in Switzerland to decide whether it will support the German or English bid.</p>
<p>The ultimate decision about who will be awarded the finals is made by world governing body FIFA in the year 2000. But UEFA's support could be crucial.</p>
<p>UEFA had initially said it would back the Germans when they launched their bid in 1993. But England complicated matters by coming into the race much later following their successful staging of last year's European championship.</p>
<p>Even so, Beckenbauer, who captained West Germany to World Cup victory on home soil in 1974, is confident that the Germans will win UEFA's approval.</p>
<p>&quot;I am 100 percent convinced that UEFA will support the German bid,&quot; he said. &quot;It can't be our goal to have a battle (like the expensive one fought by Japan and South Korea for the 2002 tournament).&quot;</p>
<p>&quot;Our campaign must be more convincing than those bids from South Africa, Argentina or Brazil. We don't want to give the impression of having to force things.&quot;</p>
<p>German soccer federation (DFB) spokesman Wolfgang Niersbach added: &quot;If UEFA supports us we would have at least eight of the 24 votes in the FIFA executive. That is our goal.</p>
<p>&quot;If we then got the vote of another confederation like Asia or Africa then we would be guaranteed the majority.&quot;</p>
<p>Even if UEFA does not give its support to England, the country can still bid for the finals but the chances of winning would be slim.</p>
<p>The Germans have already been getting advice on how to run a successful campaign from 1998 hosts France. Beckenbauer, a household name worldwide, has been given the same kind of high-profile role which France gave to former international Michel Platini.</p>
<p>The 1990 World Cup-winning coach has even been suggested as a possible candidate to be president of FIFA. But Beckenbauer, currently chairman of Bayern Munich, said he was not in the running for the election.</p>
<p>&quot;It's not a subject on my mind at the moment,&quot; he said.</p>
<p>&quot;We are now just about a year away from the election. There is not that much time. If FIFA want something they will contact me.&quot;</p>
</text>
<copyright>(c) Reuters Limited 1997</copyright>
<metadata>
<codes class="bip:countries:1.0">
  <code code="GFR">
    <editdetail attribution="Reuters BIP Coding Group" action="confirmed" date="1997-03-21"/>
  </code>
  <code code="UK">
    <editdetail attribution="Reuters BIP Coding Group" action="confirmed" date="1997-03-21"/>
  </code>
</codes>
<codes class="bip:topics:1.0">
  <code code="GCAT">
    <editdetail attribution="Reuters BIP Coding Group" action="confirmed" date="1997-03-21"/>
  </code>
  <code code="GSPO">
    <editdetail attribution="Reuters BIP Coding Group" action="confirmed" date="1997-03-21"/>
  </code>
</codes>
<dc element="dc.date.created" value="1997-03-21"/>
<dc element="dc.publisher" value="Reuters Holdings Plc"/>
<dc element="dc.date.published" value="1997-03-21"/>
<dc element="dc.source" value="Reuters"/>
<dc element="dc.creator.location" value="BONN"/>
<dc element="dc.creator.location.country.name" value="GERMANY"/>
<dc element="dc.source" value="Reuters"/>
</metadata>
</newsitem>
