<?xml version="1.0" encoding="iso-8859-1" ?>
<newsitem itemid="458464" id="root" date="1997-03-21" xml:lang="en">
<title>CZECH REPUBLIC: CZECH FEB TRADE GAP TO ALMOST DOUBLE TO CZK14.5BLN.</title>
<headline>CZECH FEB TRADE GAP TO ALMOST DOUBLE TO CZK14.5BLN.</headline>
<byline>Alan Crosby</byline>
<dateline>PRAGUE 1997-03-21</dateline>
<text>
<p>The Czech February trade deficit should nearly double to 14.5 billion crowns from 7.84 billion in the same month of 1996, a Reuters poll of economists showed on Friday.</p>
<p>Czech February trade figures are to be released by the Czech Statistical Bureau (CSU) at 9 a.m. (0800 GMT) on Monday.</p>
<p>Most economists surveyed said they expect the widening trend of the trade deficit seen over the past few months to continue.</p>
<p>&quot;Even though the crown weakened at the time, I think we may see at least the same deficit as in January -- 13.6 billion crowns -- if not slightly more,&quot; said Boris Gomez, an analyst at ING Barings in Prague.</p>
<p>The crown weakened some three percentage points against its dollar/mark basket midpoint between the end of January and mid-February after hitting a high of +5.51 percent against the midpoint.</p>
<p>Vladimir Kriedl, an economist at investment bank Patria Finance added that while the crown has weakened, it will affect both import and export totals in February, thus having little impact on the balance.</p>
<p>&quot;If the crown is strong, both imports and exports as expressed in crown terms are nominally lower, so I expect both export and import growth (in February) to be lower but this will not effect the deficit,&quot; he said.</p>
<p>The widening trade deficit -- which has consistently shown the rate of import growth exceeding export growth -- has become one of a number of growing problems for the Czech economy.</p>
<p>December's deficit, a nearly 18 billion crown shortfall, helped push the full year 1996 trade deficit to a record 160.3 billion crowns and the CSU has forecast the gap to widen to between 211-219 billion crowns.</p>
<p>A CSU survey of importers and exporters on the trade deficit for the first quarter of 1997 should nearly double, year-on-year, to 45 billion crowns.</p>
<p>The foreign exchange and money markets are expected to show little reaction to the figures -- as the worsening Czech trade balance has been long built into crown rates -- as long as the results do not vary greatly from the estimates.</p>
<p>Analysts say the trade balance has been hurt by a downturn in western European economies. The effects of a recovery in demand have yet to make an impact on Czech exports.</p>
<p>Czech crown dealers said the trade figures could have a significant impact on the currency, though it will be somewhat muted since stronger than expected 1996 GDP figures calmed fears on the foreign exchange markets of an imminent cut in interest rates.</p>
<p>The crown strengthened in Friday afternoon trading to 0.98 percent above its dollar/mark basket midpoint, after opening at about +0.15 percent.</p>
<p>-- Prague Newsroom, 420-2-2423-0003</p>
</text>
<copyright>(c) Reuters Limited 1997</copyright>
<metadata>
<codes class="bip:countries:1.0">
  <code code="CZREP">
    <editdetail attribution="Reuters BIP Coding Group" action="confirmed" date="1997-03-21"/>
  </code>
</codes>
<codes class="bip:topics:1.0">
  <code code="E51">
    <editdetail attribution="Reuters BIP Coding Group" action="confirmed" date="1997-03-21"/>
  </code>
  <code code="E512">
    <editdetail attribution="Reuters BIP Coding Group" action="confirmed" date="1997-03-21"/>
  </code>
  <code code="ECAT">
    <editdetail attribution="Reuters BIP Coding Group" action="confirmed" date="1997-03-21"/>
  </code>
</codes>
<dc element="dc.date.created" value="1997-03-21"/>
<dc element="dc.publisher" value="Reuters Holdings Plc"/>
<dc element="dc.date.published" value="1997-03-21"/>
<dc element="dc.source" value="Reuters"/>
<dc element="dc.creator.location" value="PRAGUE"/>
<dc element="dc.creator.location.country.name" value="CZECH REPUBLIC"/>
<dc element="dc.source" value="Reuters"/>
</metadata>
</newsitem>
