<?xml version="1.0" encoding="iso-8859-1" ?>
<newsitem itemid="458435" id="root" date="1997-03-21" xml:lang="en">
<title>ITALY: ATHLETICS-TERGAT AIMS FOR THIRD WORLD CROSS-COUNTRY TITLE.</title>
<headline>ATHLETICS-TERGAT AIMS FOR THIRD WORLD CROSS-COUNTRY TITLE.</headline>
<byline>Phil Minshull</byline>
<dateline>TURIN, Italy 1997-03-21</dateline>
<text>
<p>Kenya's Paul Tergat is aiming to capture a rare third successive world cross country title on Sunday.</p>
<p>No other man, except for his compatriot John Ngugi, has achieved such a feat since the International Amateur Athletic Federation (IAAF) took over the administration of the competition in 1973.</p>
<p>Tergat remains sanguine about his chances of success.</p>
<p>&quot;The world cross country is more tough even than the Olympics. It's the toughest race at a championship level because</p>
</text>
<copyright>(c) Reuters Limited 1997</copyright>
<metadata>
<codes class="bip:countries:1.0">
  <code code="DEVGCO">
    <editdetail attribution="Reuters BIP Coding Group" action="confirmed" date="1997-03-21"/>
  </code>
  <code code="ITALY">
    <editdetail attribution="Reuters BIP Coding Group" action="confirmed" date="1997-03-21"/>
  </code>
  <code code="KENYA">
    <editdetail attribution="Reuters BIP Coding Group" action="confirmed" date="1997-03-21"/>
  </code>
</codes>
<codes class="bip:topics:1.0">
  <code code="GCAT">
    <editdetail attribution="Reuters BIP Coding Group" action="confirmed" date="1997-03-21"/>
  </code>
  <code code="GSPO">
    <editdetail attribution="Reuters BIP Coding Group" action="confirmed" date="1997-03-21"/>
  </code>
</codes>
<dc element="dc.date.created" value="1997-03-21"/>
<dc element="dc.publisher" value="Reuters Holdings Plc"/>
<dc element="dc.date.published" value="1997-03-21"/>
<dc element="dc.source" value="Reuters"/>
<dc element="dc.creator.location" value="TURIN, Italy"/>
<dc element="dc.creator.location.country.name" value="ITALY"/>
<dc element="dc.source" value="Reuters"/>
</metadata>
</newsitem>
