<?xml version="1.0" encoding="iso-8859-1" ?>
<newsitem itemid="458466" id="root" date="1997-03-21" xml:lang="en">
<title>ROMANIA: ROMANIA'S PETROM STARTS AMBITIOUS REFORM PROGRAMME.</title>
<headline>ROMANIA'S PETROM STARTS AMBITIOUS REFORM PROGRAMME.</headline>
<byline>Adrian Dascalu</byline>
<dateline>BUCHAREST 1997-03-21</dateline>
<text>
<p>Romania has launched an ambitious programme to restructure and privatise its oil and gas sector in a bid to reverse a long decline in its production, a senior official said on Friday.</p>
<p>Under the project, state-run Petrom RA oil authority will launch an &quot;aggressive&quot; exploitation of oil and gas deposits at big depths, in joint projects with foreign firms, Secretary of state Liviu Marcu told a Crans Montana Forum in Bucharest.</p>
<p>Petrom's oil and gas output covers some 30 percent of Romania's energy resources.</p>
<p>The plan also includes investments in infrastructure, a commercial-oriented activity of Petrom to make units within its structure competitive and attractive to foreign investors, as well as steps to stop the decline in oil output.</p>
<p>The split of Petrom in joint stock companies, a process expected to be completed within the next three months, would lay the ground for privatisation, Marcu said.</p>
<p>&quot;We are ready to sell any stake in Petrom,&quot; Marcu said, adding that the company planned to retain the so-called golden shares giving it the right to veto.</p>
<p>Better cooperation with foreign partners and international lenders and a more flexible management are also part of the package to be completed by year 2000.</p>
<p>In January, Petrom said it hoped to raise some $150 million from an Eurobond issue through Merrill Lynch . It also announced plans for a $100 million syndicated loan for investment.</p>
<p>Romania, a mature oil and gas producing region which began commercial production of oil in the 1860s, has seen a constant decline in its output over the past years, mainly due to frenzied exploitation of oil and gas reserves and use of poor equipment under the former communist regime, ousted in 1989.</p>
<p>Crude production was around 6.7 million tonnes last year, compared to a peak output of 14.7 million in 1986. Marcu said Petrom hoped to maintain the 1997 oil and gas output on last year's level.</p>
<p>A gas output of 17.1 billion cubic metres is expected this year, when imports are seen at 7.0 billion cubic metres.</p>
<p>Romania issued legislation to protect foreign investment, a new petroleum law putting local and foreign firms on equal footing and a bill allowing foreigners to buy land.</p>
<p>Analysts say Romania holds the best oil and gas exploration prospects in central Europe. The potential for new commercial oil finds is there but unexploited fields are expected to be deep and trapped in complex geological structures, they say.</p>
<p>The country needs capital and modern technology to discover new oil deposits or revitalize old ones. Local oil companies drill only at depths of 4,000 metres.</p>
<p>The National Agency for Mineral Resources is expected to announce soon the winners in a licensing round for 15 prospective onshore and offshore oil blocks.</p>
<p>-- Bucharest Newsroom 40-1 3120264</p>
</text>
<copyright>(c) Reuters Limited 1997</copyright>
<metadata>
<codes class="bip:countries:1.0">
  <code code="ROM">
    <editdetail attribution="Reuters BIP Coding Group" action="confirmed" date="1997-03-21"/>
  </code>
</codes>
<codes class="bip:topics:1.0">
  <code code="C13">
    <editdetail attribution="Reuters BIP Coding Group" action="confirmed" date="1997-03-21"/>
  </code>
  <code code="C18">
    <editdetail attribution="Reuters BIP Coding Group" action="confirmed" date="1997-03-21"/>
  </code>
  <code code="C183">
    <editdetail attribution="Reuters BIP Coding Group" action="confirmed" date="1997-03-21"/>
  </code>
  <code code="CCAT">
    <editdetail attribution="Reuters BIP Coding Group" action="confirmed" date="1997-03-21"/>
  </code>
</codes>
<dc element="dc.date.created" value="1997-03-21"/>
<dc element="dc.publisher" value="Reuters Holdings Plc"/>
<dc element="dc.date.published" value="1997-03-21"/>
<dc element="dc.source" value="Reuters"/>
<dc element="dc.creator.location" value="BUCHAREST"/>
<dc element="dc.creator.location.country.name" value="ROMANIA"/>
<dc element="dc.source" value="Reuters"/>
</metadata>
</newsitem>
