<?xml version="1.0" encoding="iso-8859-1" ?>
<newsitem itemid="458417" id="root" date="1997-03-21" xml:lang="en">
<title>ITALY: ATHLETICS-MOURIT TO MAKE BELGIAN DEBUT.</title>
<headline>ATHLETICS-MOURIT TO MAKE BELGIAN DEBUT.</headline>
<dateline>TURIN, Italy 1997-03-21</dateline>
<text>
<p>Former Moroccan champion Mohamed Mourit will make his debut in a Belgian vest at the world cross country championships on Sunday.</p>
<p>Mourit, who hopes to become the first Belgian man to make the top 10 of the event since 1981, heard on Monday that he had been cleared by the International Amateur Athletic Federation (IAAF) to compete for his adopted country.</p>
<p>Mourit, who has lived in Belgium for six years and is married to a Belgian, had originally hoped to make his debut for his new country at the European championships in Belgium last December.</p>
<p>Earlier this month, he won the Lisbon half marathon, beating Italy's world champion Stefano Baldini.</p>
</text>
<copyright>(c) Reuters Limited 1997</copyright>
<metadata>
<codes class="bip:countries:1.0">
  <code code="BELG">
    <editdetail attribution="Reuters BIP Coding Group" action="confirmed" date="1997-03-21"/>
  </code>
  <code code="ITALY">
    <editdetail attribution="Reuters BIP Coding Group" action="confirmed" date="1997-03-21"/>
  </code>
  <code code="MOROC">
    <editdetail attribution="Reuters BIP Coding Group" action="confirmed" date="1997-03-21"/>
  </code>
</codes>
<codes class="bip:topics:1.0">
  <code code="GCAT">
    <editdetail attribution="Reuters BIP Coding Group" action="confirmed" date="1997-03-21"/>
  </code>
  <code code="GSPO">
    <editdetail attribution="Reuters BIP Coding Group" action="confirmed" date="1997-03-21"/>
  </code>
</codes>
<dc element="dc.date.created" value="1997-03-21"/>
<dc element="dc.publisher" value="Reuters Holdings Plc"/>
<dc element="dc.date.published" value="1997-03-21"/>
<dc element="dc.source" value="Reuters"/>
<dc element="dc.creator.location" value="TURIN, Italy"/>
<dc element="dc.creator.location.country.name" value="ITALY"/>
<dc element="dc.source" value="Reuters"/>
</metadata>
</newsitem>
