<?xml version="1.0" encoding="iso-8859-1" ?>
<newsitem itemid="458446" id="root" date="1997-03-21" xml:lang="en">
<title>POLAND: Polish power plant plans $1 bln new plant. [CORRECTED 11:40 GMT, 21/03/97]</title>
<headline>Polish power plant plans $1 bln new plant. [CORRECTED 11:40 GMT, 21/03/97]</headline>
<dateline>BELCHATOW, POLAND 1997-03-21</dateline>
<text>
<p>(Corrects by changing lignite mine into power plant in the headline and throughout).</p>
<p>Poland's large power plant, the state-owned Belchatow plans to build a new $1 billion 800 megawatt lignite power plant called Belchatow 2, the company's president said on Friday.</p>
<p>He said that of the $1 billion $200 million would come from the new plant's share capital while $800 million would be raised from credit, a bond or eurobond issue.</p>
<p>&quot;The investment in Belchatow 2 will take around $1 billion,&quot; Edward Najgebauer told a news conference.</p>
<p>He said Belchatow itself was ready to put up $100 million for the new plant's capital, while the remaining $100 million would come from interested investors.</p>
<p>Industry officials expect the investment would be virtually risk-free as demand for energy in Poland is likely to grow rapidly in the comming years.</p>
<p>&quot;This is a no-risk investment, so I expect no difficulties with raising capital...the easiest would be bank credit, but we also consider a bond or a eurobond issue,&quot; Najgebauer said.</p>
<p>He added Belchatow was currently sending out offers of participation in the venture to interested invetors. The new power plant is to start producing energy around the year 2003.</p>
<p>Analysts forecast Poland's total demand for energy would rise to 230,000 gigawats by the year 2020 from 140,000 in 1997.</p>
<p>&quot;Polish demand for energy will rise despite an increase in energy effectiveness of production processes,&quot; Ryszard Frydrychowski, a deputy head of Polish Power Grid Company, also present, said.</p>
<p>-- Warsaw Newsroom +48 22 653 9700</p>
</text>
<copyright>(c) Reuters Limited 1997</copyright>
<metadata>
<codes class="bip:countries:1.0">
  <code code="POL">
    <editdetail attribution="Reuters BIP Coding Group" action="confirmed" date="1997-03-21"/>
  </code>
</codes>
<codes class="bip:industries:1.0">
  <code code="I16100">
    <editdetail attribution="Reuters BIP Coding Group" action="confirmed" date="1997-03-21"/>
  </code>
</codes>
<codes class="bip:topics:1.0">
  <code code="C24">
    <editdetail attribution="Reuters BIP Coding Group" action="confirmed" date="1997-03-21"/>
  </code>
  <code code="CCAT">
    <editdetail attribution="Reuters BIP Coding Group" action="confirmed" date="1997-03-21"/>
  </code>
</codes>
<dc element="dc.date.created" value="1997-03-21"/>
<dc element="dc.publisher" value="Reuters Holdings Plc"/>
<dc element="dc.date.published" value="1997-03-21"/>
<dc element="dc.source" value="Reuters"/>
<dc element="dc.creator.location" value="BELCHATOW, POLAND"/>
<dc element="dc.creator.location.country.name" value="POLAND"/>
<dc element="dc.source" value="Reuters"/>
</metadata>
</newsitem>
