<?xml version="1.0" encoding="iso-8859-1" ?>
<newsitem itemid="458416" id="root" date="1997-03-21" xml:lang="en">
<title>SWITZERLAND: FIGURE SKATING-FASSI'S WIDOW ACCOMPANIES SKATER.</title>
<headline>FIGURE SKATING-FASSI'S WIDOW ACCOMPANIES SKATER.</headline>
<dateline>LAUSANNE, Switzerland 1997-03-21</dateline>
<text>
<p>Christa Fassi, faithful to one of her husband's last requests, accompanied American Nicole Bobek at the short programme in the world figure skating championships on Friday.</p>
<p>Carlo Fassi, Christa's husband and Bobek's coach, died of a heart attack on Thursday, eve of the women's event.</p>
<p>&quot;One of his last words was asking Christa to be with me during the competition,&quot; Bobek said.</p>
<p>Bobek's performance seemed to be affected by the bereavement.</p>
</text>
<copyright>(c) Reuters Limited 1997</copyright>
<metadata>
<codes class="bip:countries:1.0">
  <code code="SWITZ">
    <editdetail attribution="Reuters BIP Coding Group" action="confirmed" date="1997-03-21"/>
  </code>
  <code code="USA">
    <editdetail attribution="Reuters BIP Coding Group" action="confirmed" date="1997-03-21"/>
  </code>
</codes>
<codes class="bip:topics:1.0">
  <code code="GCAT">
    <editdetail attribution="Reuters BIP Coding Group" action="confirmed" date="1997-03-21"/>
  </code>
  <code code="GSPO">
    <editdetail attribution="Reuters BIP Coding Group" action="confirmed" date="1997-03-21"/>
  </code>
</codes>
<dc element="dc.date.created" value="1997-03-21"/>
<dc element="dc.publisher" value="Reuters Holdings Plc"/>
<dc element="dc.date.published" value="1997-03-21"/>
<dc element="dc.source" value="Reuters"/>
<dc element="dc.creator.location" value="LAUSANNE, Switzerland"/>
<dc element="dc.creator.location.country.name" value="SWITZERLAND"/>
<dc element="dc.source" value="Reuters"/>
</metadata>
</newsitem>
