<?xml version="1.0" encoding="iso-8859-1" ?>
<newsitem itemid="458431" id="root" date="1997-03-21" xml:lang="en">
<title>SPAIN: SOCCER-REAL'S MIJATOVIC HOPES FOR A GOAL -- AND A BOOKING.</title>
<headline>SOCCER-REAL'S MIJATOVIC HOPES FOR A GOAL -- AND A BOOKING.</headline>
<dateline>MADRID 1997-03-21</dateline>
<text>
<p>Real Madrid striker Predrag Mijatovic does not just hope to score in this Sunday's game against Zaragoza, he also hopes to be booked for taking his shirt off during the goal celebrations.</p>
<p>Mijatovic, along with Real's Christian Panucci and Clarence Seedorf, says he will look for his fifth yellow card of the season in the game so as to serve suspension while on international duty in a World Cup qualifier the following week.</p>
<p>The Montenegrin forward, who turns out for Yugoslavia, is determined to ensure that any suspension coincides with his enforced absence from Real's game at Tenerife.</p>
<p>&quot;Since we won't be in Tenerife...we will look for the fifth yellow card. It's easy to get it...but it will definitely not be talking with the referee, in case he shows you the red card,&quot; said Mijatovic.</p>
<p>&quot;For example, I could take my shirt off celebrating a goal.&quot;</p>
<p>Yugoslavia face the Czech Republic in a European group six qualifier in Prague on April 2.</p>
<p>Seedorf and Panucci, who will be with the Dutch and Italian sides respectively, are less likely to score but say they may also look for a booking.</p>
<p>They could then serve their Spanish suspensions while away with the Netherlands, who face San Marino on March 29, and Italy, who host Moldova on the same day.</p>
<p>Real president Lorenzo Sanz says he will not punish the players.</p>
<p>&quot;Why should we be stupid about it? Of course I would understand it and I won't recriminate them for it,&quot; said Sanz.</p>
<p>With 39 points left in contention, Sanz's team are a comfortable nine points ahead of Barcelona and Betis.</p>
<p>Real have an unerring ability to absorb pressure before unleashing Mijatovic and fellow strikers Davor Suker and Raul Gonzalez.</p>
<p>Last Monday's game at Real Sociedad was a typical example of the discipline former AC Milan coach Fabio Capello has instilled in the team.</p>
<p>The Madrid side were against the ropes for much of the first half before a moment of vision from Mijatovic set up Raul, who had no problems opening the scoring.</p>
<p>Raul put through Brazilian defender Roberto Carlos to make it 2-0 and despite once again falling victim to a headed goal Mijatovic's side were able to hang on for the 2-1 victory.</p>
<p>&quot;We're very close, we need the last few steps but until we are mathematically champions we must keep working at full capacity,&quot; said Mijatovic.</p>
<p>This weekend Real will come up against a revitalised Zaragoza side that includes former Real overlapping defender Miguel Soler.</p>
<p>Soler went for more than six months without a club after failing to see his contract with Real renewed but he was snapped up by Zaragoza over the New Year after coming close to joining the Spanish exodus to the Mexican league.</p>
</text>
<copyright>(c) Reuters Limited 1997</copyright>
<metadata>
<codes class="bip:countries:1.0">
  <code code="SPAIN">
    <editdetail attribution="Reuters BIP Coding Group" action="confirmed" date="1997-03-21"/>
  </code>
</codes>
<codes class="bip:topics:1.0">
  <code code="GCAT">
    <editdetail attribution="Reuters BIP Coding Group" action="confirmed" date="1997-03-21"/>
  </code>
  <code code="GSPO">
    <editdetail attribution="Reuters BIP Coding Group" action="confirmed" date="1997-03-21"/>
  </code>
</codes>
<dc element="dc.date.created" value="1997-03-21"/>
<dc element="dc.publisher" value="Reuters Holdings Plc"/>
<dc element="dc.date.published" value="1997-03-21"/>
<dc element="dc.source" value="Reuters"/>
<dc element="dc.creator.location" value="MADRID"/>
<dc element="dc.creator.location.country.name" value="SPAIN"/>
<dc element="dc.source" value="Reuters"/>
</metadata>
</newsitem>
