<?xml version="1.0" encoding="iso-8859-1" ?>
<newsitem itemid="458456" id="root" date="1997-03-21" xml:lang="en">
<title>LITHUANIA: LITHUANIA - NOON RADIO HEADLINES MARCH 21.</title>
<headline>LITHUANIA - NOON RADIO HEADLINES MARCH 21.</headline>
<dateline>VILNIUS 1997-03-21</dateline>
<text>
<p>Here are the main headlines from the noon broadcast of Lithuania's M-1 plus radio station on Friday. Reuters has not verified these stories and does not vouch for their accuracy.</p>
<p>- The winner of the bid to manage the Klaipeda free-economic zone should become clear before April 20. So far only one company, the Klaipeda Development Group, has submitted a bid. The main shareholder of the company is the U.S. based Baltic Fund.</p>
<p>- Lithuania and NATO have started started work to bring Lithuania's armed forces up to the alliance's standards. </p>
<p>--Andrius Vilkancas, Vilnius newsroom +370 2 22 35 18</p>
</text>
<copyright>(c) Reuters Limited 1997</copyright>
<metadata>
<codes class="bip:countries:1.0">
  <code code="LITH">
    <editdetail attribution="Reuters BIP Coding Group" action="confirmed" date="1997-03-21"/>
  </code>
</codes>
<codes class="bip:topics:1.0">
  <code code="GCAT">
    <editdetail attribution="Reuters BIP Coding Group" action="confirmed" date="1997-03-21"/>
  </code>
</codes>
<dc element="dc.date.created" value="1997-03-21"/>
<dc element="dc.publisher" value="Reuters Holdings Plc"/>
<dc element="dc.date.published" value="1997-03-21"/>
<dc element="dc.source" value="Reuters"/>
<dc element="dc.creator.location" value="VILNIUS"/>
<dc element="dc.creator.location.country.name" value="LITHUANIA"/>
<dc element="dc.source" value="Reuters"/>
</metadata>
</newsitem>
