<?xml version="1.0" encoding="iso-8859-1" ?>
<newsitem itemid="458421" id="root" date="1997-03-21" xml:lang="en">
<title>FRANCE: SOCCER-FRENCH SEEK DOUBLE TRIUMPH OVER ENGLISH.</title>
<headline>SOCCER-FRENCH SEEK DOUBLE TRIUMPH OVER ENGLISH.</headline>
<dateline>PARIS 1997-03-21</dateline>
<text>
<p>French clubs hope to do twice in one season what it took them 20 years to do until this week -- to eliminate an English team from European competition.</p>
<p>Holders Paris St German were drawn on Friday to meet Liverpool in the semifinals of the European Cup Winners' Cup, just three days after Monaco put Newcastle United out of the UEFA Cup.</p>
<p>Before Monaco completed a 4-0 aggregate quarter-final victory on Tuesday, the last French club to eliminate an English side had been Bastia in 1977 -- the victims also Newcastle.</p>
<p>&quot;English teams have not given us much success up to now because we were beaten once by Arsenal,&quot; PSG executive president Michel Denisot said.</p>
<p>&quot;We start 50-50 but our team, who are very motivated and undoubtedly have a European culture, have a good chance.</p>
<p>&quot;It will be an interesting clash between a more technical football, ours, and a more physical game of contact, Liverpool's,&quot; he added.</p>
<p>In the draw held in Lausanne, PSG came out of the hat at home to Liverpool in the first leg on April 10.</p>
<p>Monaco's Brazilian striker Anderson said drawing Italy's Internazionale, for whom former Monaco forward Youri Djorkaeff plays, was what he wanted.</p>
<p>&quot;I hoped we'd get them. Playing the first leg there (in Milan on April 8) is an advantage and also to get a big fish now, right after Newcastle. That will help us stay concentrated and surpass ourselves,&quot; Anderson said.</p>
<p>Midfielder Gilles Grimandi believes the meeting with Inter, who have won the trophy twice in the 1990s, is a match worthy of the final.</p>
<p>&quot;Everyone wanted Monaco-Inter in the final but it's a great challenge. We'll be ready,&quot; he said.</p>
</text>
<copyright>(c) Reuters Limited 1997</copyright>
<metadata>
<codes class="bip:countries:1.0">
  <code code="FRA">
    <editdetail attribution="Reuters BIP Coding Group" action="confirmed" date="1997-03-21"/>
  </code>
  <code code="UK">
    <editdetail attribution="Reuters BIP Coding Group" action="confirmed" date="1997-03-21"/>
  </code>
</codes>
<codes class="bip:topics:1.0">
  <code code="GCAT">
    <editdetail attribution="Reuters BIP Coding Group" action="confirmed" date="1997-03-21"/>
  </code>
  <code code="GSPO">
    <editdetail attribution="Reuters BIP Coding Group" action="confirmed" date="1997-03-21"/>
  </code>
</codes>
<dc element="dc.date.created" value="1997-03-21"/>
<dc element="dc.publisher" value="Reuters Holdings Plc"/>
<dc element="dc.date.published" value="1997-03-21"/>
<dc element="dc.source" value="Reuters"/>
<dc element="dc.creator.location" value="PARIS"/>
<dc element="dc.creator.location.country.name" value="FRANCE"/>
<dc element="dc.source" value="Reuters"/>
</metadata>
</newsitem>
