<?xml version="1.0" encoding="iso-8859-1" ?>
<newsitem itemid="458462" id="root" date="1997-03-21" xml:lang="en">
<title>ESTONIA: UHIS WINS TENDER TO HOLD TALLINN CITY BUDGET.</title>
<headline>UHIS WINS TENDER TO HOLD TALLINN CITY BUDGET.</headline>
<dateline>TALLINN 1997-03-21</dateline>
<text>
<p>Uhispank was selected on Friday as the bank to hold Tallinn city's budget of approximately 20 million kroons, the city goverment said.</p>
<p>The Tallinn city budget has annual turnover of 2.1 billion kroons and the account usually has around 20 million kroons in it, the city said in a statement.</p>
<p>Previously the budget was held in several different accounts including Uhispank, which made mangement of the accounts difficult, the bank said.</p>
<p>Uhispank Tallinn branch manger Riho Rasmann told Reuters that he was delighted to have won the contract.</p>
<p>&quot;This shows the city was satified with our ability to manage their account, which we held for them over the last four years,&quot; he said.</p>
<p>Union bank is looking to manage the funds of other local governments in Estonia as well, he said.</p>
<p>-- Tallinn Newsroom +372 630 8400</p>
</text>
<copyright>(c) Reuters Limited 1997</copyright>
<metadata>
<codes class="bip:countries:1.0">
  <code code="ESTNIA">
    <editdetail attribution="Reuters BIP Coding Group" action="confirmed" date="1997-03-21"/>
  </code>
</codes>
<codes class="bip:industries:1.0">
  <code code="I81402">
    <editdetail attribution="Reuters BIP Coding Group" action="confirmed" date="1997-03-21"/>
  </code>
</codes>
<codes class="bip:topics:1.0">
  <code code="C33">
    <editdetail attribution="Reuters BIP Coding Group" action="confirmed" date="1997-03-21"/>
  </code>
  <code code="CCAT">
    <editdetail attribution="Reuters BIP Coding Group" action="confirmed" date="1997-03-21"/>
  </code>
  <code code="E21">
    <editdetail attribution="Reuters BIP Coding Group" action="confirmed" date="1997-03-21"/>
  </code>
  <code code="E211">
    <editdetail attribution="Reuters BIP Coding Group" action="confirmed" date="1997-03-21"/>
  </code>
  <code code="ECAT">
    <editdetail attribution="Reuters BIP Coding Group" action="confirmed" date="1997-03-21"/>
  </code>
</codes>
<dc element="dc.date.created" value="1997-03-21"/>
<dc element="dc.publisher" value="Reuters Holdings Plc"/>
<dc element="dc.date.published" value="1997-03-21"/>
<dc element="dc.source" value="Reuters"/>
<dc element="dc.creator.location" value="TALLINN"/>
<dc element="dc.creator.location.country.name" value="ESTONIA"/>
<dc element="dc.source" value="Reuters"/>
</metadata>
</newsitem>
