<?xml version="1.0" encoding="iso-8859-1" ?>
<newsitem itemid="458476" id="root" date="1997-03-21" xml:lang="en">
<title>MACEDONIA: GIROCREDIT MAY BUY STAKE IN MACEDONIAN BANK.</title>
<headline>GIROCREDIT MAY BUY STAKE IN MACEDONIAN BANK.</headline>
<dateline>SKOPJE 1997-03-21</dateline>
<text>
<p>Austria's GiroCredit Bank AG may acquire around 35 percent in Macedonia's biggest state-owned bank Stopanska Banka, bank officials said.</p>
<p>&quot;We are in negotiations with an Austrian Bank for selling stake in Stopanska Banka...We expect to sell to this investor a stake of around 35 percent,&quot; Vice Governor of the National Bank of Macedonia (NBM) Gligor Bishev told Reuters.</p>
<p>A Stopanska Banka official, who declined to be named, said the bank was in talks with GiroCredit and the deal was expected to be finalised soon.</p>
<p>Stopanska Banka was one of several local banks placed on a rehabilitation programme, backed by the World Bank, which was recently completed. Its share capital is around $50 million.</p>
<p>Bishev said that the European Bank for Development and Reconstruction and International Finance Corporation were also in talks with Stopanska Banka.</p>
<p>&quot;If the deal is finalised the three investors will hold more than 50 percent in Stopanska Banka,&quot; said Bishev.</p>
<p>Macedonia has 21 universal banks, of which nine have some form of foreign participation, mostly from the EBRD, Slovenia and Croatia.</p>
<p>Foreign banks are scarce so far. Russia's Akabank is the only foreign bank with a branch in Skopje. Balkanska Banka AD was set up in Skopje by two Bulgarian banks and Macedonian firms four years ago.</p>
<p>&quot;The most difficult stage of bank reforms is behind us. The share of non-performing loans in total loan portfolios was reduced from  85 percent at the end of 93 to 32 percent at the end of September 1996,&quot; said Bishev.</p>
<p>He did not see serious stabilisation problems in the banking sector as the national currency, the denar, has been remarkably steady trading around 40 per dollar over the past three years. The NBM fixed rate for Friday was 44.5 denars per dollar.</p>
<p>Macedonia's banks have yet to build their capacity to access risk and make good loans to the economy, said the World Bank. Attracting foreign investors was one of the ways to improve corporate governance.</p>
<p>Under central bank licencing requirements, banks need nine million German marks for a full license and three million marks for domestic operations. -- Elisaveta Konstantinova, Sofia Newsroom, 359-2-84561</p>
</text>
<copyright>(c) Reuters Limited 1997</copyright>
<metadata>
<codes class="bip:countries:1.0">
  <code code="AUST">
    <editdetail attribution="Reuters BIP Coding Group" action="confirmed" date="1997-03-21"/>
  </code>
  <code code="MCDNIA">
    <editdetail attribution="Reuters BIP Coding Group" action="confirmed" date="1997-03-21"/>
  </code>
</codes>
<codes class="bip:industries:1.0">
  <code code="I81402">
    <editdetail attribution="Reuters BIP Coding Group" action="confirmed" date="1997-03-21"/>
  </code>
  <code code="I81403">
    <editdetail attribution="Reuters BIP Coding Group" action="confirmed" date="1997-03-21"/>
  </code>
</codes>
<codes class="bip:topics:1.0">
  <code code="C18">
    <editdetail attribution="Reuters BIP Coding Group" action="confirmed" date="1997-03-21"/>
  </code>
  <code code="C181">
    <editdetail attribution="Reuters BIP Coding Group" action="confirmed" date="1997-03-21"/>
  </code>
  <code code="CCAT">
    <editdetail attribution="Reuters BIP Coding Group" action="confirmed" date="1997-03-21"/>
  </code>
</codes>
<dc element="dc.date.created" value="1997-03-21"/>
<dc element="dc.publisher" value="Reuters Holdings Plc"/>
<dc element="dc.date.published" value="1997-03-21"/>
<dc element="dc.source" value="Reuters"/>
<dc element="dc.creator.location" value="SKOPJE"/>
<dc element="dc.creator.location.country.name" value="MACEDONIA"/>
<dc element="dc.source" value="Reuters"/>
</metadata>
</newsitem>
