<?xml version="1.0" encoding="iso-8859-1" ?>
<newsitem itemid="458453" id="root" date="1997-03-21" xml:lang="en">
<title>HUNGARY: HUNGARY NOON RADIO HEADLINES - MARCH 21.</title>
<headline>HUNGARY NOON RADIO HEADLINES - MARCH 21.</headline>
<dateline>BUDAPEST 1997-03-21</dateline>
<text>
<p>These are the main headlines on Hungary's Kossuth Radio midday news. Reuters cannot vouch for their accuracy:</p>
<p>- Farmers' union METESZ prepares for further road blockades but they have not decided whether to close road in both directions.</p>
<p>- Inflation in the first two months of the year were better than planned and will be 17 percent at the end of the year (in December year-on-year). said Gyorgy Suranyi, president of the National Bank of Hungary.</p>
<p>- Those who want to recieve compensation for water, sewage and electricity fees, have to submit their requests to local governments by the end of the month.</p>
<p>-- Budapest newsroom +36 1 327 4040</p>
</text>
<copyright>(c) Reuters Limited 1997</copyright>
<metadata>
<codes class="bip:countries:1.0">
  <code code="HUNG">
    <editdetail attribution="Reuters BIP Coding Group" action="confirmed" date="1997-03-21"/>
  </code>
</codes>
<codes class="bip:topics:1.0">
  <code code="GCAT">
    <editdetail attribution="Reuters BIP Coding Group" action="confirmed" date="1997-03-21"/>
  </code>
</codes>
<dc element="dc.date.created" value="1997-03-21"/>
<dc element="dc.publisher" value="Reuters Holdings Plc"/>
<dc element="dc.date.published" value="1997-03-21"/>
<dc element="dc.source" value="Reuters"/>
<dc element="dc.creator.location" value="BUDAPEST"/>
<dc element="dc.creator.location.country.name" value="HUNGARY"/>
<dc element="dc.source" value="Reuters"/>
</metadata>
</newsitem>
