<?xml version="1.0" encoding="iso-8859-1" ?>
<newsitem itemid="458475" id="root" date="1997-03-21" xml:lang="en">
<title>ESTONIA: HOIU ASSET MANAGEMENT JAN/FEB PROFIT SIX MLN EEK.</title>
<headline>HOIU ASSET MANAGEMENT JAN/FEB PROFIT SIX MLN EEK.</headline>
<dateline>TALLINN 1997-03-21</dateline>
<text>
<p>Hoiupank said on Friday that its asset management company made a profit of 5.9 million kroons in the first two months of 1997.</p>
<p>The bank said in a statement that the profit was due to the healthy state of the economy.</p>
<p>But it said that due to share price falls in Russia, the March profit for the asset management company would not be so healthy.</p>
<p>It said that it had 38.3 percent market share, making it the largest asset management company in Estonia.</p>
<p>-- Tallinn Newsroom +372 630 8400</p>
</text>
<copyright>(c) Reuters Limited 1997</copyright>
<metadata>
<codes class="bip:countries:1.0">
  <code code="ESTNIA">
    <editdetail attribution="Reuters BIP Coding Group" action="confirmed" date="1997-03-21"/>
  </code>
</codes>
<codes class="bip:industries:1.0">
  <code code="I81403">
    <editdetail attribution="Reuters BIP Coding Group" action="confirmed" date="1997-03-21"/>
  </code>
</codes>
<codes class="bip:topics:1.0">
  <code code="C15">
    <editdetail attribution="Reuters BIP Coding Group" action="confirmed" date="1997-03-21"/>
  </code>
  <code code="C151">
    <editdetail attribution="Reuters BIP Coding Group" action="confirmed" date="1997-03-21"/>
  </code>
  <code code="CCAT">
    <editdetail attribution="Reuters BIP Coding Group" action="confirmed" date="1997-03-21"/>
  </code>
</codes>
<dc element="dc.date.created" value="1997-03-21"/>
<dc element="dc.publisher" value="Reuters Holdings Plc"/>
<dc element="dc.date.published" value="1997-03-21"/>
<dc element="dc.source" value="Reuters"/>
<dc element="dc.creator.location" value="TALLINN"/>
<dc element="dc.creator.location.country.name" value="ESTONIA"/>
<dc element="dc.source" value="Reuters"/>
</metadata>
</newsitem>
