<?xml version="1.0" encoding="iso-8859-1" ?>
<newsitem itemid="458406" id="root" date="1997-03-21" xml:lang="en">
<title>GERMANY: SOCCER-GERMAN FIRST DIVISION SUMMARIES.</title>
<headline>SOCCER-GERMAN FIRST DIVISION SUMMARIES.</headline>
<dateline>BONN 1997-03-21</dateline>
<text>
<p>Summaries of soccer matches played in the German first division on Friday:</p>
<p>    Fortuna Duesseldorf    0</p>
<p>    VfB Stuttgart	    4 - Balakow 48, Hagner 56, Bobic 64,</p>
<p>Elber 88</p>
<p>HT: 0-0. Att: 15,000</p>
<p>- - - -</p>
<p>    Werder Bremen	    0</p>
<p>    Duisburg		   2 - Zeyer 40, Salou 52</p>
<p>HT: 0-1. Att: 26,000</p>
</text>
<copyright>(c) Reuters Limited 1997</copyright>
<metadata>
<codes class="bip:countries:1.0">
  <code code="GFR">
    <editdetail attribution="Reuters BIP Coding Group" action="confirmed" date="1997-03-21"/>
  </code>
</codes>
<codes class="bip:topics:1.0">
  <code code="GCAT">
    <editdetail attribution="Reuters BIP Coding Group" action="confirmed" date="1997-03-21"/>
  </code>
  <code code="GSPO">
    <editdetail attribution="Reuters BIP Coding Group" action="confirmed" date="1997-03-21"/>
  </code>
</codes>
<dc element="dc.date.created" value="1997-03-21"/>
<dc element="dc.publisher" value="Reuters Holdings Plc"/>
<dc element="dc.date.published" value="1997-03-21"/>
<dc element="dc.source" value="Reuters"/>
<dc element="dc.creator.location" value="BONN"/>
<dc element="dc.creator.location.country.name" value="GERMANY"/>
<dc element="dc.source" value="Reuters"/>
</metadata>
</newsitem>
