<?xml version="1.0" encoding="iso-8859-1" ?>
<newsitem itemid="458495" id="root" date="1997-03-21" xml:lang="en">
<title>LITHUANIA: DEPOSITS IN COMMERCIAL BANKS FALL IN FEB.</title>
<headline>DEPOSITS IN COMMERCIAL BANKS FALL IN FEB.</headline>
<dateline>VILNIUS 1997-03-21</dateline>
<text>
<p>Lithuania's central bank said on Friday that deposits in the country's commercial banks fell in February to 4.9665 billion litas from 4.990 billion litas.</p>
<p>The central bank also said in its monthly bulletin that demand deposits comprised 59.6 percent of the total and times and savings deposits 40.4 percent.</p>
<p>It added that commercial bank loans increased to 4.0853 billion litas from 4.0386 billion litas during the month.</p>
<p>The bank said that interbank credits rose to 24.5 million litas from 15.0 million litas and that four million litas in credits in foreign exchange were granted compared with none the previous month.</p>
<p>The bank also said that the average interest rates on time and demand deposits in litas remained unchanged at 0.8 and 0.2 percent respectively.</p>
<p>--Ed Stoddard, Vilnius newsroom +370 2 22 35 17</p>
</text>
<copyright>(c) Reuters Limited 1997</copyright>
<metadata>
<codes class="bip:countries:1.0">
  <code code="LITH">
    <editdetail attribution="Reuters BIP Coding Group" action="confirmed" date="1997-03-21"/>
  </code>
</codes>
<codes class="bip:industries:1.0">
  <code code="I81402">
    <editdetail attribution="Reuters BIP Coding Group" action="confirmed" date="1997-03-21"/>
  </code>
</codes>
<codes class="bip:topics:1.0">
  <code code="C15">
    <editdetail attribution="Reuters BIP Coding Group" action="confirmed" date="1997-03-21"/>
  </code>
  <code code="C151">
    <editdetail attribution="Reuters BIP Coding Group" action="confirmed" date="1997-03-21"/>
  </code>
  <code code="CCAT">
    <editdetail attribution="Reuters BIP Coding Group" action="confirmed" date="1997-03-21"/>
  </code>
  <code code="E12">
    <editdetail attribution="Reuters BIP Coding Group" action="confirmed" date="1997-03-21"/>
  </code>
  <code code="E121">
    <editdetail attribution="Reuters BIP Coding Group" action="confirmed" date="1997-03-21"/>
  </code>
  <code code="ECAT">
    <editdetail attribution="Reuters BIP Coding Group" action="confirmed" date="1997-03-21"/>
  </code>
</codes>
<dc element="dc.date.created" value="1997-03-21"/>
<dc element="dc.publisher" value="Reuters Holdings Plc"/>
<dc element="dc.date.published" value="1997-03-21"/>
<dc element="dc.source" value="Reuters"/>
<dc element="dc.creator.location" value="VILNIUS"/>
<dc element="dc.creator.location.country.name" value="LITHUANIA"/>
<dc element="dc.source" value="Reuters"/>
</metadata>
</newsitem>
