<?xml version="1.0" encoding="iso-8859-1" ?>
<newsitem itemid="458420" id="root" date="1997-03-21" xml:lang="en">
<title>SWITZERLAND: SOCCER-UEFA TO INVESTIGATE LIVERPOOL PLAYERS' T-SHIRT SLOGAN.</title>
<headline>SOCCER-UEFA TO INVESTIGATE LIVERPOOL PLAYERS' T-SHIRT SLOGAN.</headline>
<dateline>LAUSANNE, Switzerland 1997-03-21</dateline>
<text>
<p>A show of solidarity with 500 sacked dock workers by two Liverpool players during a European Cup Winners' Cup match will be investigated, UEFA said on Friday.</p>
<p>Robbie Fowler, who scored twice in Liverpool's 3-0 victory over Brann Bergen of Norway on Thursday, lifted his red Liverpool shirt after scoring his second goal to display the T-shirt underneath which read: &quot;Support The 500 Sacked Dockers&quot;.</p>
<p>Steve McManaman admitted giving Fowler the T-shirt and wearing one himself in support of Liverpool dock workers at the centre of a two-year dispute.</p>
<p>&quot;Such displays are against the rules and it will be discussed at the meeting but first we will have to get reports from the game officials,&quot; said UEFA spokesman Frits Alstrom.</p>
<p>UEFA regulations prohibit players from displaying  political logos at matches.</p>
<p>The incident will be one of several discussed by UEFA's control and disciplinary committee when it meets on Tuesday.</p>
<p>The committee will also look into events that left eight Manchester United fans injured after a run-in with anti-riot police following Wednesday's European Cup quarter-final against Porto.</p>
</text>
<copyright>(c) Reuters Limited 1997</copyright>
<metadata>
<codes class="bip:countries:1.0">
  <code code="NORW">
    <editdetail attribution="Reuters BIP Coding Group" action="confirmed" date="1997-03-21"/>
  </code>
  <code code="SWITZ">
    <editdetail attribution="Reuters BIP Coding Group" action="confirmed" date="1997-03-21"/>
  </code>
  <code code="UK">
    <editdetail attribution="Reuters BIP Coding Group" action="confirmed" date="1997-03-21"/>
  </code>
</codes>
<codes class="bip:topics:1.0">
  <code code="GCAT">
    <editdetail attribution="Reuters BIP Coding Group" action="confirmed" date="1997-03-21"/>
  </code>
  <code code="GSPO">
    <editdetail attribution="Reuters BIP Coding Group" action="confirmed" date="1997-03-21"/>
  </code>
</codes>
<dc element="dc.date.created" value="1997-03-21"/>
<dc element="dc.publisher" value="Reuters Holdings Plc"/>
<dc element="dc.date.published" value="1997-03-21"/>
<dc element="dc.source" value="Reuters"/>
<dc element="dc.creator.location" value="LAUSANNE, Switzerland"/>
<dc element="dc.creator.location.country.name" value="SWITZERLAND"/>
<dc element="dc.source" value="Reuters"/>
</metadata>
</newsitem>
