<?xml version="1.0" encoding="iso-8859-1" ?>
<newsitem itemid="458465" id="root" date="1997-03-21" xml:lang="en">
<title>LITHUANIA: LITHUANIA- COMMISSION APPROVES BUTINGES LOAN GUARANTEE.</title>
<headline>LITHUANIA- COMMISSION APPROVES BUTINGES LOAN GUARANTEE.</headline>
<dateline>VILNIUS 1997-03-21</dateline>
<text>
<p>Lithuania's state foreign loans commission on Friday approved a $10 million loan guarantee to the Butinges oil terminal project from the Union bank of Switzerland, the Ministry of European Affairs said in a statement.</p>
<p>The government recently said that it would reduce its majority stake in the financially troubled oil terminal project to a minority.</p>
<p>The company has had difficulty securing loans and attracting investors.</p>
<p>Analysts say that the terminal's viability is questionable when the oil terminal in the Latvian port of Ventspils is operating at only 50 percent of its capacity.</p>
<p>--Andrius Vilkancas, Vilnius newsroom +370 2 22 35 17</p>
</text>
<copyright>(c) Reuters Limited 1997</copyright>
<metadata>
<codes class="bip:countries:1.0">
  <code code="LITH">
    <editdetail attribution="Reuters BIP Coding Group" action="confirmed" date="1997-03-21"/>
  </code>
</codes>
<codes class="bip:industries:1.0">
  <code code="I13000">
    <editdetail attribution="Reuters BIP Coding Group" action="confirmed" date="1997-03-21"/>
  </code>
  <code code="I76300">
    <editdetail attribution="Reuters BIP Coding Group" action="confirmed" date="1997-03-21"/>
  </code>
</codes>
<codes class="bip:topics:1.0">
  <code code="C24">
    <editdetail attribution="Reuters BIP Coding Group" action="confirmed" date="1997-03-21"/>
  </code>
  <code code="CCAT">
    <editdetail attribution="Reuters BIP Coding Group" action="confirmed" date="1997-03-21"/>
  </code>
  <code code="E21">
    <editdetail attribution="Reuters BIP Coding Group" action="confirmed" date="1997-03-21"/>
  </code>
  <code code="E212">
    <editdetail attribution="Reuters BIP Coding Group" action="confirmed" date="1997-03-21"/>
  </code>
  <code code="ECAT">
    <editdetail attribution="Reuters BIP Coding Group" action="confirmed" date="1997-03-21"/>
  </code>
</codes>
<dc element="dc.date.created" value="1997-03-21"/>
<dc element="dc.publisher" value="Reuters Holdings Plc"/>
<dc element="dc.date.published" value="1997-03-21"/>
<dc element="dc.source" value="Reuters"/>
<dc element="dc.creator.location" value="VILNIUS"/>
<dc element="dc.creator.location.country.name" value="LITHUANIA"/>
<dc element="dc.source" value="Reuters"/>
</metadata>
</newsitem>
