<?xml version="1.0" encoding="iso-8859-1" ?>
<newsitem itemid="458455" id="root" date="1997-03-21" xml:lang="en">
<title>ESTONIA: ESTONIA NOON RADIO HEADLINES - MARCH 21.</title>
<headline>ESTONIA NOON RADIO HEADLINES - MARCH 21.</headline>
<dateline>TALLINN 1997-03-21</dateline>
<text>
<p>These were the headlines on Estonian Kuku radio at noon. Reuters has not verified these reports and does not vouch for their accuracy:</p>
<p>- Former commander-in-chief of the Estonian defence forces, Aleksander Einseln, plans to appeal Tallinn city court's decision to dismiss his action against the security police.</p>
<p>- Eastern Virumaa county health authority discovered a batch of contaminated meat products that were marked with Valge meat processing plant labels. The plant said that the labels were forged and has sought police assistance.</p>
<p>- Tallinn city council decided on Thursday to privatise more municipal property and plans to raise 97 million kroons revenue.</p>
<p>-- Tallinn newsroom +372 630 8400 reuters@reuters.ee</p>
</text>
<copyright>(c) Reuters Limited 1997</copyright>
<metadata>
<codes class="bip:countries:1.0">
  <code code="ESTNIA">
    <editdetail attribution="Reuters BIP Coding Group" action="confirmed" date="1997-03-21"/>
  </code>
</codes>
<codes class="bip:topics:1.0">
  <code code="GCAT">
    <editdetail attribution="Reuters BIP Coding Group" action="confirmed" date="1997-03-21"/>
  </code>
</codes>
<dc element="dc.date.created" value="1997-03-21"/>
<dc element="dc.publisher" value="Reuters Holdings Plc"/>
<dc element="dc.date.published" value="1997-03-21"/>
<dc element="dc.source" value="Reuters"/>
<dc element="dc.creator.location" value="TALLINN"/>
<dc element="dc.creator.location.country.name" value="ESTONIA"/>
<dc element="dc.source" value="Reuters"/>
</metadata>
</newsitem>
