<?xml version="1.0" encoding="iso-8859-1" ?>
<newsitem itemid="458458" id="root" date="1997-03-21" xml:lang="en">
<title>BULGARIA: BULGARIA INVESTIGATES INTELLECTUAL PROPERTY THEFT.</title>
<headline>BULGARIA INVESTIGATES INTELLECTUAL PROPERTY THEFT.</headline>
<dateline>SOFIA 1997-03-20</dateline>
<text>
<p>Bulgaria, strongly criticised by western countries of abusing intellectual property rights, started investigating compact discs producers in the country, the interior ministry said on Friday.</p>
<p>The music industry has urged Bulgaria to act against five CD plants which are estimated to supply approximately one in eight of all illegal copies on the world CD blackmarket, which it says are destabilising the industry and costing it $100 million a year.</p>
<p>EU External Relations commissioner Hans van den Broek, who visited Sofia earlier this week, urged tougher measures to protect intellectual property rights in view of Bulgaria's commitments as a member of the World Trade Organisation.</p>
<p>&quot;Today the Interior Ministry launched the first raid, named Pirates, on the territory of the whole country in search of illegal production of compact discs,&quot; a ministry statement said.</p>
<p>Police officers have made an unexpected checks of CDs producing firms in Sofia and in the towns of Botevgrad, Veliko Tarnovo and Stara Zagora, the statement said, adding that producers' lines and storages had been inspected.</p>
<p>As a result of the investigation police have confiscated some 2,000 CDs of CHLS Holding and Unison CDM, which have been without an identification code, the statement said.</p>
<p>Another 6,000 CDs will be confiscated under suspicion that they are pirates production, the statement said.</p>
<p>Since November an identification code engraved on compact discs to identify the producer has been introduced in Bulgaria.</p>
<p>Intellectual piracy has flourished in Bulgaria with the liberalisation of its markets since the fall of its communist rule in 1989.</p>
<p>The IFPI, representing a $40 billion international recording industry, said Bulgaria was now second only to China in the export of pirate CDs, producing an estimated 15 million discs a year.</p>
</text>
<copyright>(c) Reuters Limited 1997</copyright>
<metadata>
<codes class="bip:countries:1.0">
  <code code="BUL">
    <editdetail attribution="Reuters BIP Coding Group" action="confirmed" date="1997-03-21"/>
  </code>
</codes>
<codes class="bip:industries:1.0">
  <code code="I34520">
    <editdetail attribution="Reuters BIP Coding Group" action="confirmed" date="1997-03-21"/>
  </code>
</codes>
<codes class="bip:topics:1.0">
  <code code="C12">
    <editdetail attribution="Reuters BIP Coding Group" action="confirmed" date="1997-03-21"/>
  </code>
  <code code="C13">
    <editdetail attribution="Reuters BIP Coding Group" action="confirmed" date="1997-03-21"/>
  </code>
  <code code="CCAT">
    <editdetail attribution="Reuters BIP Coding Group" action="confirmed" date="1997-03-21"/>
  </code>
  <code code="GCAT">
    <editdetail attribution="Reuters BIP Coding Group" action="confirmed" date="1997-03-21"/>
  </code>
  <code code="GCRIM">
    <editdetail attribution="Reuters BIP Coding Group" action="confirmed" date="1997-03-21"/>
  </code>
</codes>
<dc element="dc.date.created" value="1997-03-20"/>
<dc element="dc.publisher" value="Reuters Holdings Plc"/>
<dc element="dc.date.published" value="1997-03-21"/>
<dc element="dc.source" value="Reuters"/>
<dc element="dc.creator.location" value="SOFIA"/>
<dc element="dc.creator.location.country.name" value="BULGARIA"/>
<dc element="dc.source" value="Reuters"/>
</metadata>
</newsitem>
