<?xml version="1.0" encoding="iso-8859-1" ?>
<newsitem itemid="458479" id="root" date="1997-03-21" xml:lang="en">
<title>LATVIA: INDUSTRIAL PRODUCTION FALLS 0.6 PCT IN FEB.</title>
<headline>INDUSTRIAL PRODUCTION FALLS 0.6 PCT IN FEB.</headline>
<dateline>RIGA 1997-03-21</dateline>
<text>
<p>Latvian industrial production fell 0.6 percent in February on a year-on-year basis, the statistics committee said on Friday.</p>
<p>The committee said in a statement that production in the quarrying and extraction industry fell by 16.5 percent, the energy and gas sector by 16 percent although the manufacturing sector saw a rise in output of 6.8 percent.</p>
<p>It said that the largest rise in output was in the pulp and paper sector, which rose 151.9 percent and the electrical machinery and apparatus production sector, up 95 percent.</p>
<p>-- Riga Newsroom, +371 721 5240</p>
</text>
<copyright>(c) Reuters Limited 1997</copyright>
<metadata>
<codes class="bip:countries:1.0">
  <code code="LATV">
    <editdetail attribution="Reuters BIP Coding Group" action="confirmed" date="1997-03-21"/>
  </code>
</codes>
<codes class="bip:topics:1.0">
  <code code="E31">
    <editdetail attribution="Reuters BIP Coding Group" action="confirmed" date="1997-03-21"/>
  </code>
  <code code="E311">
    <editdetail attribution="Reuters BIP Coding Group" action="confirmed" date="1997-03-21"/>
  </code>
  <code code="ECAT">
    <editdetail attribution="Reuters BIP Coding Group" action="confirmed" date="1997-03-21"/>
  </code>
</codes>
<dc element="dc.date.created" value="1997-03-21"/>
<dc element="dc.publisher" value="Reuters Holdings Plc"/>
<dc element="dc.date.published" value="1997-03-21"/>
<dc element="dc.source" value="Reuters"/>
<dc element="dc.creator.location" value="RIGA"/>
<dc element="dc.creator.location.country.name" value="LATVIA"/>
<dc element="dc.source" value="Reuters"/>
</metadata>
</newsitem>
