<?xml version="1.0" encoding="iso-8859-1" ?>
<newsitem itemid="458471" id="root" date="1997-03-21" xml:lang="en">
<title>HUNGARY: HUNGARY TO PUBLISH JAN C/A FIGURES WITH DELAY.</title>
<headline>HUNGARY TO PUBLISH JAN C/A FIGURES WITH DELAY.</headline>
<dateline>BUDAPEST 1997-03-21</dateline>
<text>
<p>The National Bank of Hungary said in a statement on Monday that the January data on the country's balance of payments, international reserves and foreign liabilities would be published on April 18.</p>
<p>The figures should have been published approximately one month earlier than April 18. The delay is due to the large-scale overhaul of the statistical system, the NBH said.</p>
<p>-- Budapest newsroom (36 1) 327 4040</p>
</text>
<copyright>(c) Reuters Limited 1997</copyright>
<metadata>
<codes class="bip:countries:1.0">
  <code code="HUNG">
    <editdetail attribution="Reuters BIP Coding Group" action="confirmed" date="1997-03-21"/>
  </code>
</codes>
<codes class="bip:topics:1.0">
  <code code="E51">
    <editdetail attribution="Reuters BIP Coding Group" action="confirmed" date="1997-03-21"/>
  </code>
  <code code="E511">
    <editdetail attribution="Reuters BIP Coding Group" action="confirmed" date="1997-03-21"/>
  </code>
  <code code="E512">
    <editdetail attribution="Reuters BIP Coding Group" action="confirmed" date="1997-03-21"/>
  </code>
  <code code="E513">
    <editdetail attribution="Reuters BIP Coding Group" action="confirmed" date="1997-03-21"/>
  </code>
  <code code="ECAT">
    <editdetail attribution="Reuters BIP Coding Group" action="confirmed" date="1997-03-21"/>
  </code>
</codes>
<dc element="dc.date.created" value="1997-03-21"/>
<dc element="dc.publisher" value="Reuters Holdings Plc"/>
<dc element="dc.date.published" value="1997-03-21"/>
<dc element="dc.source" value="Reuters"/>
<dc element="dc.creator.location" value="BUDAPEST"/>
<dc element="dc.creator.location.country.name" value="HUNGARY"/>
<dc element="dc.source" value="Reuters"/>
</metadata>
</newsitem>
