<?xml version="1.0" encoding="iso-8859-1" ?>
<newsitem itemid="458485" id="root" date="1997-03-21" xml:lang="en">
<title>LITHUANIA: CURRENCY FIXINGS FOR MARCH 24.</title>
<headline>CURRENCY FIXINGS FOR MARCH 24.</headline>
<dateline>VILNIUS 1997-03-21</dateline>
<text>
<p>The Bank of Lithuania set the</p>
<p>following currency fixings for Monday, March 24 on Friday.</p>
<p>The litas is pegged to the U.S. dollar at a rate of four to one.</p>
<p>		   24.03.97	  21.03.97     </p>
<p>    USD	     4.0000	 4.0000</p>
<p>    GBP	     6.3702	 6.3854</p>
<p>    DEM	     2.3639	 2.3851</p>
<p>    ECU	     4.5850	 4.6130</p>
<p>    100JPY	  3.2395	 3.2626	 </p>
<p>    SEK	     0.5229	 0.5211</p>
<p>    FIM	     0.7908	 0.7922</p>
<p>    EKK	     0.2955	 0.2981</p>
<p>    LAT	     6.8746	 6.9043</p>
<p>    1000RUR	 0.7000	 0.6992</p>
<p>    PLN	     1.2963	 1.3019</p>
<p>--Andrius Vilkancas, Vilnius newsroom +370 2 22 35 17</p>
</text>
<copyright>(c) Reuters Limited 1997</copyright>
<metadata>
<codes class="bip:countries:1.0">
  <code code="LITH">
    <editdetail attribution="Reuters BIP Coding Group" action="confirmed" date="1997-03-21"/>
  </code>
</codes>
<codes class="bip:topics:1.0">
  <code code="M13">
    <editdetail attribution="Reuters BIP Coding Group" action="confirmed" date="1997-03-21"/>
  </code>
  <code code="M132">
    <editdetail attribution="Reuters BIP Coding Group" action="confirmed" date="1997-03-21"/>
  </code>
  <code code="MCAT">
    <editdetail attribution="Reuters BIP Coding Group" action="confirmed" date="1997-03-21"/>
  </code>
</codes>
<dc element="dc.date.created" value="1997-03-21"/>
<dc element="dc.publisher" value="Reuters Holdings Plc"/>
<dc element="dc.date.published" value="1997-03-21"/>
<dc element="dc.source" value="Reuters"/>
<dc element="dc.creator.location" value="VILNIUS"/>
<dc element="dc.creator.location.country.name" value="LITHUANIA"/>
<dc element="dc.source" value="Reuters"/>
</metadata>
</newsitem>
