<?xml version="1.0" encoding="iso-8859-1" ?>
<newsitem itemid="458497" id="root" date="1997-03-21" xml:lang="en">
<title>ESTONIA: HANSA SLIPS IN NERVOUS TRADE DESPITE ISSUE NEWS.</title>
<headline>HANSA SLIPS IN NERVOUS TRADE DESPITE ISSUE NEWS.</headline>
<dateline>TALLINN 1997-03-21</dateline>
<text>
<p>Hansapank was slipping slightly in early trade on the Estonian bourse on Friday as investors became nervous of the stock's recent rapid rise, dealers said.</p>
<p>The fall in price came despite what dealers said was generally positive news about the bank's new share issue, which will double its share capital.</p>
<p>Hansapank's early morning trade was leading the market with a spread of 230.00/236.00 down on Thursday's close of 238.00 kroons. Volume was more than eught million kroons by 0900 GMT.</p>
<p>&quot;Hansapank's share issue news was positive and the price could have risen on it but the information was already in the market and the whole market is nervous,&quot; one dealer said.</p>
<p>The bank has already said it would issue new shares but had not given details of the size of the share issue.</p>
<p>&quot;General selling pressure brought a downward price correction to their stock,&quot; said another trader.</p>
<p>--David Mardiste, Tallinn newsroom +372 630 8400 reuters@rueters.ee</p>
</text>
<copyright>(c) Reuters Limited 1997</copyright>
<metadata>
<codes class="bip:countries:1.0">
  <code code="ESTNIA">
    <editdetail attribution="Reuters BIP Coding Group" action="confirmed" date="1997-03-21"/>
  </code>
</codes>
<codes class="bip:industries:1.0">
  <code code="I81402">
    <editdetail attribution="Reuters BIP Coding Group" action="confirmed" date="1997-03-21"/>
  </code>
</codes>
<codes class="bip:topics:1.0">
  <code code="C15">
    <editdetail attribution="Reuters BIP Coding Group" action="confirmed" date="1997-03-21"/>
  </code>
  <code code="C152">
    <editdetail attribution="Reuters BIP Coding Group" action="confirmed" date="1997-03-21"/>
  </code>
  <code code="C17">
    <editdetail attribution="Reuters BIP Coding Group" action="confirmed" date="1997-03-21"/>
  </code>
  <code code="C171">
    <editdetail attribution="Reuters BIP Coding Group" action="confirmed" date="1997-03-21"/>
  </code>
  <code code="CCAT">
    <editdetail attribution="Reuters BIP Coding Group" action="confirmed" date="1997-03-21"/>
  </code>
</codes>
<dc element="dc.date.created" value="1997-03-21"/>
<dc element="dc.publisher" value="Reuters Holdings Plc"/>
<dc element="dc.date.published" value="1997-03-21"/>
<dc element="dc.source" value="Reuters"/>
<dc element="dc.creator.location" value="TALLINN"/>
<dc element="dc.creator.location.country.name" value="ESTONIA"/>
<dc element="dc.source" value="Reuters"/>
</metadata>
</newsitem>
