<?xml version="1.0" encoding="iso-8859-1" ?>
<newsitem itemid="458459" id="root" date="1997-03-21" xml:lang="en">
<title>SLOVAKIA: SLOVAK CBANK TO SIMPLIFY, EQUALISE BANKS LICENCING.</title>
<headline>SLOVAK CBANK TO SIMPLIFY, EQUALISE BANKS LICENCING.</headline>
<dateline>BRATISLAVA 1997-03-21</dateline>
<text>
<p>The National Bank of Slovakia (NBS) on Friday said it would propose an amendment to the bank act simplifying licencing, putting branches of foreign banks on equal footing with their domestic counterparts.</p>
<p>&quot;The board has discussed the (part) of the law...which cancels a two-grade permissioning proceedure (and) omits a requirement for an economic purposefulness assessment during the issuance of a (licence) to function as a bank,&quot; a statement issued after the board's regular meeting said.</p>
<p>&quot;It equalises the position of Slovak and foreign entities during the issusance of (a licence) to establish a bank, or increase shares in the bank according to the law,&quot; the statement added.</p>
<p>It said the the law was in accordance with the Organisation for Economic Cooperation and Development (OECD) requirements.</p>
<p>No further details were included in the statement.</p>
<p>-- Bratislava Newsroom, 421-7-521-8402</p>
</text>
<copyright>(c) Reuters Limited 1997</copyright>
<metadata>
<codes class="bip:countries:1.0">
  <code code="SLVAK">
    <editdetail attribution="Reuters BIP Coding Group" action="confirmed" date="1997-03-21"/>
  </code>
</codes>
<codes class="bip:topics:1.0">
  <code code="E12">
    <editdetail attribution="Reuters BIP Coding Group" action="confirmed" date="1997-03-21"/>
  </code>
  <code code="ECAT">
    <editdetail attribution="Reuters BIP Coding Group" action="confirmed" date="1997-03-21"/>
  </code>
  <code code="M13">
    <editdetail attribution="Reuters BIP Coding Group" action="confirmed" date="1997-03-21"/>
  </code>
  <code code="M131">
    <editdetail attribution="Reuters BIP Coding Group" action="confirmed" date="1997-03-21"/>
  </code>
  <code code="MCAT">
    <editdetail attribution="Reuters BIP Coding Group" action="confirmed" date="1997-03-21"/>
  </code>
</codes>
<dc element="dc.date.created" value="1997-03-21"/>
<dc element="dc.publisher" value="Reuters Holdings Plc"/>
<dc element="dc.date.published" value="1997-03-21"/>
<dc element="dc.source" value="Reuters"/>
<dc element="dc.creator.location" value="BRATISLAVA"/>
<dc element="dc.creator.location.country.name" value="SLOVAKIA"/>
<dc element="dc.source" value="Reuters"/>
</metadata>
</newsitem>
