<?xml version="1.0" encoding="iso-8859-1" ?>
<newsitem itemid="458478" id="root" date="1997-03-21" xml:lang="en">
<title>HUNGARY: BUDAPEST AIRPORT TERMINAL TO FOCUS ON CARGO BIZ.</title>
<headline>BUDAPEST AIRPORT TERMINAL TO FOCUS ON CARGO BIZ.</headline>
<dateline>BUDAPEST 1997-03-21</dateline>
<text>
<p>Hungary's Air Traffic and Airport Adminstration (LRI) said on Friday it planned to invest roughly $30 million to renovate Terminal One at Budapest Ferihegy Airport to serve non-commercial passenger flights, mainly cargo and courrier traffic.</p>
<p>&quot;The cost will be around $30 million,&quot; Jozsef Farkas, LRI's investment director, told Reuters. &quot;We have no details on the exact costs, but we will start preparing a plan for the project by the end of 1997.&quot;</p>
<p>The renovation, scheduled for completion by 2000, will enable Terminal One to handle all of the airport's cargo-only charter, courier, general aviation and governmental flights, Farkas said.</p>
<p>General aviation flights carry a maximum of 10 passengers, who are not required to buy tickets, he said.</p>
<p>The renovation is expected to start in September 1998, when a $120 million expansion of Terminal Two is scheduled for completion, Farkas said.</p>
<p>The enlarged Terminal Two, which opened in 1985, will handle all commercial passenger flights. Terminal One opened in 1950.</p>
<p>Both terminals now share cargo and passenger traffic.</p>
<p>-- Ryan Tutak, Budapest newsroom (36 1) 327 4040</p>
</text>
<copyright>(c) Reuters Limited 1997</copyright>
<metadata>
<codes class="bip:countries:1.0">
  <code code="HUNG">
    <editdetail attribution="Reuters BIP Coding Group" action="confirmed" date="1997-03-21"/>
  </code>
</codes>
<codes class="bip:industries:1.0">
  <code code="I76400">
    <editdetail attribution="Reuters BIP Coding Group" action="confirmed" date="1997-03-21"/>
  </code>
</codes>
<codes class="bip:topics:1.0">
  <code code="C11">
    <editdetail attribution="Reuters BIP Coding Group" action="confirmed" date="1997-03-21"/>
  </code>
  <code code="C24">
    <editdetail attribution="Reuters BIP Coding Group" action="confirmed" date="1997-03-21"/>
  </code>
  <code code="CCAT">
    <editdetail attribution="Reuters BIP Coding Group" action="confirmed" date="1997-03-21"/>
  </code>
</codes>
<dc element="dc.date.created" value="1997-03-21"/>
<dc element="dc.publisher" value="Reuters Holdings Plc"/>
<dc element="dc.date.published" value="1997-03-21"/>
<dc element="dc.source" value="Reuters"/>
<dc element="dc.creator.location" value="BUDAPEST"/>
<dc element="dc.creator.location.country.name" value="HUNGARY"/>
<dc element="dc.source" value="Reuters"/>
</metadata>
</newsitem>
