<?xml version="1.0" encoding="iso-8859-1" ?>
<newsitem itemid="458490" id="root" date="1997-03-21" xml:lang="en">
<title>LITHUANIA: SHIPPING FIRM SEES 48 MLN LITAS PROFIT IN '97.</title>
<headline>SHIPPING FIRM SEES 48 MLN LITAS PROFIT IN '97.</headline>
<dateline>VILNIUS 1997-03-21</dateline>
<text>
<p>Lithuania's Sea Shipping Company said on Friday that it expected its 1997 profit to fall to 48 million litas from 55.8 million litas in 1996.  </p>
<p>&quot;The shareholders' meeting on Thursday said that the 1997 profit forecast was 48 million litas,&quot; Arvydas Stropus, the head of the company's economy department, told Reuters by telephone.</p>
<p>&quot;We want to upgrade our fleet...we have acquired one new ship already this year and hope to acquire two more,&quot; he said.</p>
<p>He added that the company was in the process of selling off some of the older ships in its aging 40-ship fleet.</p>
<p>The state-run company said earlier that its 1996 net profit had fallen to 55.8 million litas from 67.7 million litas the previous year.</p>
<p>--Andrius Vilkancas, Vilnius newsroom +370 2 22 35 18</p>
</text>
<copyright>(c) Reuters Limited 1997</copyright>
<metadata>
<codes class="bip:countries:1.0">
  <code code="LITH">
    <editdetail attribution="Reuters BIP Coding Group" action="confirmed" date="1997-03-21"/>
  </code>
</codes>
<codes class="bip:topics:1.0">
  <code code="C15">
    <editdetail attribution="Reuters BIP Coding Group" action="confirmed" date="1997-03-21"/>
  </code>
  <code code="C152">
    <editdetail attribution="Reuters BIP Coding Group" action="confirmed" date="1997-03-21"/>
  </code>
  <code code="CCAT">
    <editdetail attribution="Reuters BIP Coding Group" action="confirmed" date="1997-03-21"/>
  </code>
</codes>
<dc element="dc.date.created" value="1997-03-21"/>
<dc element="dc.publisher" value="Reuters Holdings Plc"/>
<dc element="dc.date.published" value="1997-03-21"/>
<dc element="dc.source" value="Reuters"/>
<dc element="dc.creator.location" value="VILNIUS"/>
<dc element="dc.creator.location.country.name" value="LITHUANIA"/>
<dc element="dc.source" value="Reuters"/>
</metadata>
</newsitem>
