<?xml version="1.0" encoding="iso-8859-1" ?>
<newsitem itemid="458463" id="root" date="1997-03-21" xml:lang="en">
<title>CZECH REPUBLIC: CZECH BONTON CHOOSES MORGAN STANLEY TO LEAD IPO.</title>
<headline>CZECH BONTON CHOOSES MORGAN STANLEY TO LEAD IPO.</headline>
<dateline>PRAGUE 1997-03-21</dateline>
<text>
<p>Czech entertainment group Holding Bonton a.s. on Friday said it had chosen investment bank Morgan Stanley to lead its initial public offering (IPO), expected in the second half of this year.</p>
<p>Holding Bonton Financial Director Jan Vinter said the amount of the IPO has yet to be set, but that he expected it to total &quot;around $50 million&quot;. Holding Bonton's basic capital currently stands at some 270 million crowns.</p>
<p>&quot;The basic capital should rise by about double, and the rest of the money raised by the issue should go into our investment activity,&quot; he said adding that between 70-80 percent of the issue to be placed in foreign hands.</p>
<p>He said the shares will be listed on the Prague Stock Exchange sometime in 1998.</p>
<p>A Bonton official recently said that the issue price for the IPO should be about four or five times the 1,000 crown nominal value of the shares.</p>
<p>-- Prague Newsroom, 420-2-2423-0003</p>
</text>
<copyright>(c) Reuters Limited 1997</copyright>
<metadata>
<codes class="bip:countries:1.0">
  <code code="CZREP">
    <editdetail attribution="Reuters BIP Coding Group" action="confirmed" date="1997-03-21"/>
  </code>
</codes>
<codes class="bip:industries:1.0">
  <code code="I34520">
    <editdetail attribution="Reuters BIP Coding Group" action="confirmed" date="1997-03-21"/>
  </code>
</codes>
<codes class="bip:topics:1.0">
  <code code="C17">
    <editdetail attribution="Reuters BIP Coding Group" action="confirmed" date="1997-03-21"/>
  </code>
  <code code="C171">
    <editdetail attribution="Reuters BIP Coding Group" action="confirmed" date="1997-03-21"/>
  </code>
  <code code="CCAT">
    <editdetail attribution="Reuters BIP Coding Group" action="confirmed" date="1997-03-21"/>
  </code>
</codes>
<dc element="dc.date.created" value="1997-03-21"/>
<dc element="dc.publisher" value="Reuters Holdings Plc"/>
<dc element="dc.date.published" value="1997-03-21"/>
<dc element="dc.source" value="Reuters"/>
<dc element="dc.creator.location" value="PRAGUE"/>
<dc element="dc.creator.location.country.name" value="CZECH REPUBLIC"/>
<dc element="dc.source" value="Reuters"/>
</metadata>
</newsitem>
