<?xml version="1.0" encoding="iso-8859-1" ?>
<newsitem itemid="458428" id="root" date="1997-03-21" xml:lang="en">
<title>SWITZERLAND: SOCCER-BARCELONA FACE FIORENTINA IN CUP WINNERS' CUP.</title>
<headline>SOCCER-BARCELONA FACE FIORENTINA IN CUP WINNERS' CUP.</headline>
<byline>Steve Keating</byline>
<dateline>LAUSANNE, Switzerland 1997-03-21</dateline>
<text>
<p>Three-times champions Barcelona will meet Fiorentina in the semifinals of this season's Cup Winners' Cup while holders Paris St Germain take on Liverpool.</p>
<p>Friday's draw pitted the Catalans, 15-8 favourites for the title, against the team which won the inaugural Cup Winners' Cup final back in 1961.</p>
<p>Barcelona won the cup in 1979, 1982 and 1989. Fiorentina, quoted as 11-4 third-favourites by British bookmakers Ladbrokes, have never repeated their early triumph.</p>
<p>&quot;Last night was a big shock and today was an even bigger one,&quot; Fiorentina general manager Gianfranco Antognoni said after the draw, referring to the Italians' shock 1-0 home defeat by Benfica in the second leg of the quarter-finals.</p>
<p>&quot;Barcelona are one of the greatest teams in the world and Ronaldo is one of the greatest players. It will be very difficult.&quot;</p>
<p>Holders PSG, who won their first-ever European title last season, face a Liverpool side chasing the only major trophy to have eluded them.</p>
<p>Liverpool have not appeared in a European final since the ill-fated Heysel stadium disaster of 1985 which led to a ban on English clubs playing in continental cup competitions.</p>
<p>&quot;We're back among the big boys of Europe and that's where we belong,&quot; the club's veteran midfielder John Barnes said.</p>
<p>&quot;When Liverpool dominated (in England) in the late 1980s we were not allowed in Europe and people were probably asking 'what happened to Liverpool?'</p>
<p>&quot;This is really the first time since 1990 that we've been equipped to do well in Europe.&quot;</p>
<p>PSG general manager Jean-Francois Domergue said his club was daunted but thrilled to be drawn to play at Liverpool's Anfield stadium.</p>
<p>&quot;It's clearly going to be a very difficult match. We'll be playing in one of the games mythic stadiums but when you see the four teams left in the cup it wouldn't have mattered who we drew.&quot;</p>
<p>In the UEFA Cup, Internazionale, chasing their third title in the competition in the 1990s, face a tough tie against French league leaders Monaco.</p>
<p>&quot;That's the most talented of the three teams that we could have drawn but if we have any hope for the final we would have had to beat them anyway,&quot; Monaco sporting director Henri Biancheri said.</p>
<p>&quot;But the good thing for us is that even playing away it will almost be like playing at home.&quot;</p>
<p>Spain's Tenerife face Schalke of Germany in the other semifinal.</p>
<p>The European Cup semifinal fixtures were decided by Wednesday night's quarter-final results.</p>
<p>Champions Juventus face 1995 winners Ajax Amsterdam in a repeat of last year's final while Manchester United take on Borussia Dortmund.</p>
<p>A separate draw on Friday gave Dortmund and Ajax home advantage in the first legs, due to be played on Wednesday April 9. The return legs are scheduled for April 23.</p>
<p>UEFA and Cup Winners' Cup matches will be played in the same weeks.</p>
</text>
<copyright>(c) Reuters Limited 1997</copyright>
<metadata>
<codes class="bip:countries:1.0">
  <code code="FRA">
    <editdetail attribution="Reuters BIP Coding Group" action="confirmed" date="1997-03-21"/>
  </code>
  <code code="GFR">
    <editdetail attribution="Reuters BIP Coding Group" action="confirmed" date="1997-03-21"/>
  </code>
  <code code="ITALY">
    <editdetail attribution="Reuters BIP Coding Group" action="confirmed" date="1997-03-21"/>
  </code>
  <code code="SPAIN">
    <editdetail attribution="Reuters BIP Coding Group" action="confirmed" date="1997-03-21"/>
  </code>
  <code code="SWITZ">
    <editdetail attribution="Reuters BIP Coding Group" action="confirmed" date="1997-03-21"/>
  </code>
  <code code="UK">
    <editdetail attribution="Reuters BIP Coding Group" action="confirmed" date="1997-03-21"/>
  </code>
</codes>
<codes class="bip:topics:1.0">
  <code code="GCAT">
    <editdetail attribution="Reuters BIP Coding Group" action="confirmed" date="1997-03-21"/>
  </code>
  <code code="GSPO">
    <editdetail attribution="Reuters BIP Coding Group" action="confirmed" date="1997-03-21"/>
  </code>
</codes>
<dc element="dc.date.created" value="1997-03-21"/>
<dc element="dc.publisher" value="Reuters Holdings Plc"/>
<dc element="dc.date.published" value="1997-03-21"/>
<dc element="dc.source" value="Reuters"/>
<dc element="dc.creator.location" value="LAUSANNE, Switzerland"/>
<dc element="dc.creator.location.country.name" value="SWITZERLAND"/>
<dc element="dc.source" value="Reuters"/>
</metadata>
</newsitem>
