<?xml version="1.0" encoding="iso-8859-1" ?>
<newsitem itemid="458429" id="root" date="1997-03-21" xml:lang="en">
<title>SPAIN: SOCCER-STANDINGS IN THE SPANISH LEAGUE.</title>
<headline>SOCCER-STANDINGS IN THE SPANISH LEAGUE.</headline>
<dateline>MADRID 1997-03-21</dateline>
<text>
<p>Standings in the Spanish league</p>
<p>championship ahead of this weekend's fixtures:</p>
<p>				P     W    D    L  F   A   Pts</p>
<p> 1.Real Madrid	   29    20    8    1  63  24   68</p>
<p> 2.Barcelona	     29    18    5    6  71  37   59</p>
<p> 3.Real Betis	    29    17    8    4  64  32   59</p>
<p> 4.Deportivo Coruna    29    15   11    3  44  20   56</p>
<p> 5.Atletico Madrid     28    14    7    7  54  38   49</p>
<p> 6.Real Sociedad	 29    13    6   10  36  32   45</p>
<p> 7.Tenerife		28    12    7    9  50  31   43</p>
<p> 8.Athletic Bilbao     29    10   13    6  51  41   43</p>
<p> 9.Valencia		29    12    6   11  44  38   42</p>
<p> 10.Valladolid	   29    11    8   10  36  33   41</p>
<p> 11.Racing Santander   29    10   11    8  33  30   41</p>
<p> 12.Oviedo		 29     9    8   12  36  43   35</p>
<p> 13.Celta Vigo	   29     8   10   11  33  37   34</p>
<p> 14.Zaragoza	     29     7   11   11  38  47   32</p>
<p> 15.Sporting Gijon     29     8    8   13  31  45   32</p>
<p> 16.Compostela	   29     8    8   13  29  50   32</p>
<p> 17.Rayo Vallecano     29     8    6   15  28  44   30</p>
<p> 18.Extremadura	  29     7    8   14  23  43   29</p>
<p> 19.Logrones	     29     8    4   17  24  56   28</p>
<p> 20.Espanyol	     29     7    6   16  31  45   27</p>
<p> 21.Sevilla		29     7    3   19  27  50   24</p>
<p> 22.Hercules	     29     6    4   19  24  55   22</p>
<p>Note:Two teams qualify for the European Cup, four qualify</p>
<p>for the UEFA Cup, four are automatically relegated and one more</p>
<p>must face a relegation play-off with the third-placed team from</p>
<p>the second division.</p>
</text>
<copyright>(c) Reuters Limited 1997</copyright>
<metadata>
<codes class="bip:countries:1.0">
  <code code="SPAIN">
    <editdetail attribution="Reuters BIP Coding Group" action="confirmed" date="1997-03-21"/>
  </code>
</codes>
<codes class="bip:topics:1.0">
  <code code="GCAT">
    <editdetail attribution="Reuters BIP Coding Group" action="confirmed" date="1997-03-21"/>
  </code>
  <code code="GSPO">
    <editdetail attribution="Reuters BIP Coding Group" action="confirmed" date="1997-03-21"/>
  </code>
</codes>
<dc element="dc.date.created" value="1997-03-21"/>
<dc element="dc.publisher" value="Reuters Holdings Plc"/>
<dc element="dc.date.published" value="1997-03-21"/>
<dc element="dc.source" value="Reuters"/>
<dc element="dc.creator.location" value="MADRID"/>
<dc element="dc.creator.location.country.name" value="SPAIN"/>
<dc element="dc.source" value="Reuters"/>
</metadata>
</newsitem>
