<?xml version="1.0" encoding="iso-8859-1" ?>
<newsitem itemid="458496" id="root" date="1997-03-21" xml:lang="en">
<title>LATVIA: MULTIBANKA '96 PROFIT RISES TO 153,000 LATS.</title>
<headline>MULTIBANKA '96 PROFIT RISES TO 153,000 LATS.</headline>
<dateline>RIGA 1997-03-21</dateline>
<text>
<p>Multibanka, among the 20 biggest banks in Latvia in terms of assets, said on Friday that its shareholders meeting confirmed a 1996 undivided profit figure of 153,000 lats versus 21,000 lats in 1995.</p>
<p>Multibanka's assets rose to 16,923 million lats against 9,693 million in the previous year, the bank said in a brief statement.</p>
<p>-- Riga Newsroom, +371 721 5240</p>
</text>
<copyright>(c) Reuters Limited 1997</copyright>
<metadata>
<codes class="bip:countries:1.0">
  <code code="LATV">
    <editdetail attribution="Reuters BIP Coding Group" action="confirmed" date="1997-03-21"/>
  </code>
</codes>
<codes class="bip:industries:1.0">
  <code code="I81402">
    <editdetail attribution="Reuters BIP Coding Group" action="confirmed" date="1997-03-21"/>
  </code>
</codes>
<codes class="bip:topics:1.0">
  <code code="C15">
    <editdetail attribution="Reuters BIP Coding Group" action="confirmed" date="1997-03-21"/>
  </code>
  <code code="C151">
    <editdetail attribution="Reuters BIP Coding Group" action="confirmed" date="1997-03-21"/>
  </code>
  <code code="C1511">
    <editdetail attribution="Reuters BIP Coding Group" action="confirmed" date="1997-03-21"/>
  </code>
  <code code="CCAT">
    <editdetail attribution="Reuters BIP Coding Group" action="confirmed" date="1997-03-21"/>
  </code>
</codes>
<dc element="dc.date.created" value="1997-03-21"/>
<dc element="dc.publisher" value="Reuters Holdings Plc"/>
<dc element="dc.date.published" value="1997-03-21"/>
<dc element="dc.source" value="Reuters"/>
<dc element="dc.creator.location" value="RIGA"/>
<dc element="dc.creator.location.country.name" value="LATVIA"/>
<dc element="dc.source" value="Reuters"/>
</metadata>
</newsitem>
