<?xml version="1.0" encoding="iso-8859-1" ?>
<newsitem itemid="458405" id="root" date="1997-03-21" xml:lang="en">
<title>GERMANY: SOCCER-GERMAN FIRST DIVISION RESULTS/STANDINGS.</title>
<headline>SOCCER-GERMAN FIRST DIVISION RESULTS/STANDINGS.</headline>
<dateline>BONN 1997-03-21</dateline>
<text>
<p>Results of soccer matches played</p>
<p>in the German first division on Friday:</p>
<p> Fortuna Duesseldorf	 0  VfB Stuttgart	   4</p>
<p> Werder Bremen		 0  Duisburg		  2</p>
<p>Playing on Saturday:</p>
<p> Borussia Dortmund	   v  Borussia Moenchengladbach</p>
<p> Hamburg			 v  Bochum</p>
<p> Cologne			 v  St. Pauli</p>
<p> 1860 Munich		   v  Hansa Rostock</p>
<p> Schalke			 v  Arminia Bielefeld</p>
<p> Freiburg			v  Bayer Leverkusen</p>
<p>Playing on Sunday</p>
<p> Karlsruhe		     v  Bayern Munich</p>
<p>Bundesliga standings after Friday's games</p>
<p>					 P     W   D   L     F   A   Pts</p>
<p> 1. VfB Stuttgart		 24    14   5   5    59  25    47</p>
<p> 2. Borussia Dortmund	   23    14   4   5    49  27    46</p>
<p> 3. Bayern Munich		 23    13   7   3    41  24    46</p>
<p> 4. Bayer Leverkusen	    23    13   5   5    46  30    44</p>
<p> 5. Schalke			 23    10   6   7    31  29    36</p>
<p> 6. VfL Bochum		    22     9   8   5    32  31    35</p>
<p> 7. Karlsruhe		     23     9   7   7    40  30    34</p>
<p> 8. Cologne			 23    10   3  10    38  39    33</p>
<p> 9. Werder Bremen		 24     9   5  10    38  40    32</p>
<p>10. 1860 Munich		   23     8   7   8    39  40    31</p>
<p>11. Arminia Bielefeld	   23     8   5  10    28  34    29</p>
<p>12. Hamburg			 23     7   7   9    34  37    28</p>
<p>13. Duisburg			24     7   7  10    24  35    28</p>
<p>14. Borussia Moenchengladbach 23     7   5  11    22  28    26</p>
<p>15. Fortuna Duesseldorf	 24     7   4  13    19  39    25</p>
<p>16. Hansa Rostock		 23     5   6  12    24  33    21</p>
<p>17. St Pauli			22     5   5  12    28  43    20</p>
<p>18. Freiburg			23     4   2  17    24  52    14</p>
</text>
<copyright>(c) Reuters Limited 1997</copyright>
<metadata>
<codes class="bip:countries:1.0">
  <code code="GFR">
    <editdetail attribution="Reuters BIP Coding Group" action="confirmed" date="1997-03-21"/>
  </code>
</codes>
<codes class="bip:topics:1.0">
  <code code="GCAT">
    <editdetail attribution="Reuters BIP Coding Group" action="confirmed" date="1997-03-21"/>
  </code>
  <code code="GSPO">
    <editdetail attribution="Reuters BIP Coding Group" action="confirmed" date="1997-03-21"/>
  </code>
</codes>
<dc element="dc.date.created" value="1997-03-21"/>
<dc element="dc.publisher" value="Reuters Holdings Plc"/>
<dc element="dc.date.published" value="1997-03-21"/>
<dc element="dc.source" value="Reuters"/>
<dc element="dc.creator.location" value="BONN"/>
<dc element="dc.creator.location.country.name" value="GERMANY"/>
<dc element="dc.source" value="Reuters"/>
</metadata>
</newsitem>
