<?xml version="1.0" encoding="iso-8859-1" ?>
<newsitem itemid="458400" id="root" date="1997-03-21" xml:lang="en">
<title>USA: GOLF-STANKOWSKI LEADS BAY HILL, WOODS AND JONES ONE SHOT BACK.</title>
<headline>GOLF-STANKOWSKI LEADS BAY HILL, WOODS AND JONES ONE SHOT BACK.</headline>
<dateline>ORLANDO, Florida 1997-03-20</dateline>
<text>
<p>Paul Stankowski shot a five-under-par 67 Thursday to take a one-stroke lead over Tiger Woods, U.S. Open champion Steve Jones and two other golfers after the first round of the Bay Hill Invitational.</p>
<p>Also in second place at four under were Billy Andrade and Fred Funk. Nine players were at three under including former Bay Hill winners Payne Stewart, Tom Kite and defending champion Paul Goydos.</p>
<p>Stankowski, already a winner this year at the Hawaiian Open and the second-round leader last week at the Honda Classic, said his opening round at Bay Hill was his best ball-striking round of the year.</p>
<p>&quot;I'm especially pleased with how I placed my iron shots. I've been struggling with iron placement, and having a lot of 25 footers, but today I was hitting it close,&quot; said Stankowski, whose only bogey came from a rare missed green on Thursday.</p>
<p>As if further evidence were needed of the difference between Tiger Woods and other golfers, the 21-year-old, after finishing the round just a stroke off the lead without a bogey, said it was one of his worst ball-striking rounds of the year.</p>
<p>&quot;I didn't hit it well at all, missed a lot of fairways, and wasn't sharp with my irons,&quot; said Woods. &quot;But I grinded it around and got it in the hole somehow. Those are great rounds, when you don't play well but can get into the clubhouse with a good score and not shoot yourself out of the tournament.&quot;</p>
<p>Woods spent the last two weeks off, relaxing and practicing. &quot;I was itching to play when I started today,&quot; he said. &quot;I was more than ready.</p>
<p>&quot;Even though I'm not pleased with the way I did play, the great thing is that I know what I'm doing wrong, it'll be just a matter of getting it out of my system tomorrow on the range.&quot;</p>
<p>Though there was no wind on Thursday and the course was in perfect condition, scores were generally high. &quot;This is the easiest you'll ever see it. It just shows you what a good test it is,&quot; said Jones.</p>
<p>Course designer Arnold Palmer, playing in his first tournament since surgery for prostate cancer, shot a round of nine-over 81. His biggest trouble came just before the turn, when he double bogeyed the eighth hole an tripled the ninth.</p>
<p>&quot;Actually, it was as solid as I've hit the ball in a couple of years. I felt very lucky just to be out there playing. I feel good though, so good I could play another 18 right now,&quot; said Palmer soon after his round.</p>
</text>
<copyright>(c) Reuters Limited 1997</copyright>
<metadata>
<codes class="bip:countries:1.0">
  <code code="USA">
    <editdetail attribution="Reuters BIP Coding Group" action="confirmed" date="1997-03-21"/>
  </code>
</codes>
<codes class="bip:topics:1.0">
  <code code="GCAT">
    <editdetail attribution="Reuters BIP Coding Group" action="confirmed" date="1997-03-21"/>
  </code>
  <code code="GSPO">
    <editdetail attribution="Reuters BIP Coding Group" action="confirmed" date="1997-03-21"/>
  </code>
</codes>
<dc element="dc.date.created" value="1997-03-20"/>
<dc element="dc.publisher" value="Reuters Holdings Plc"/>
<dc element="dc.date.published" value="1997-03-21"/>
<dc element="dc.source" value="Reuters"/>
<dc element="dc.creator.location" value="ORLANDO, Florida"/>
<dc element="dc.creator.location.country.name" value="USA"/>
<dc element="dc.source" value="Reuters"/>
</metadata>
</newsitem>
