<?xml version="1.0" encoding="iso-8859-1" ?>
<newsitem itemid="458470" id="root" date="1997-03-21" xml:lang="en">
<title>LITHUANIA: KURO APARATURA'S PROFIT CLIMBS IN 1996.</title>
<headline>KURO APARATURA'S PROFIT CLIMBS IN 1996.</headline>
<dateline>VILNIUS 1997-03-21</dateline>
<text>
<p>Lithuanian farm machinery producer Kuro aparatura said on Friday its net profit in 1996 was 16.2 million litas versus 9.02 million litas the previous year.</p>
<p>&quot;We had a net profit of 16.2 million litas according to Lithuanian accounting standards,&quot;  Kuro aparatura's finance director Dalia Zhilinskaite told Reuters by telephone.</p>
<p>&quot;The profit looks good on the finance documents but in fact our consumers owe us around 50 million litas for the equipment supplied,&quot; Zilinskaite said.</p>
<p>&quot;Until they (consumers) pay us back their debts the financial situation of the company will be grave,&quot; she added.</p>
<p>The company exports around 92 percent of its production, 90 percent to CIS countries and the rest to Western Europe.</p>
<p>She added that at the general shareholders' meeting tomorrow, the company would propose that its share capital be boosted from 43.2 million litas to 49.2 million litas.</p>
<p>She said that 32 percent of the company's current share capital is state-owned.</p>
<p>&quot;We will also suggest that dividends of 0.4 litas per share be paid but the final decision will rest with the shareholders,&quot; she added.</p>
<p>Zhiliskaite also said that the company was aiming for a 10 million litas profit in 1997.</p>
<p>The company is on the A group list of the Vilnius bourse</p>
<p>--Andrius Vilkancas, Vilnius newroom +370 2 22 35 17</p>
</text>
<copyright>(c) Reuters Limited 1997</copyright>
<metadata>
<codes class="bip:countries:1.0">
  <code code="LITH">
    <editdetail attribution="Reuters BIP Coding Group" action="confirmed" date="1997-03-21"/>
  </code>
</codes>
<codes class="bip:industries:1.0">
  <code code="I32100">
    <editdetail attribution="Reuters BIP Coding Group" action="confirmed" date="1997-03-21"/>
  </code>
</codes>
<codes class="bip:topics:1.0">
  <code code="C15">
    <editdetail attribution="Reuters BIP Coding Group" action="confirmed" date="1997-03-21"/>
  </code>
  <code code="C151">
    <editdetail attribution="Reuters BIP Coding Group" action="confirmed" date="1997-03-21"/>
  </code>
  <code code="C1511">
    <editdetail attribution="Reuters BIP Coding Group" action="confirmed" date="1997-03-21"/>
  </code>
  <code code="CCAT">
    <editdetail attribution="Reuters BIP Coding Group" action="confirmed" date="1997-03-21"/>
  </code>
</codes>
<dc element="dc.date.created" value="1997-03-21"/>
<dc element="dc.publisher" value="Reuters Holdings Plc"/>
<dc element="dc.date.published" value="1997-03-21"/>
<dc element="dc.source" value="Reuters"/>
<dc element="dc.creator.location" value="VILNIUS"/>
<dc element="dc.creator.location.country.name" value="LITHUANIA"/>
<dc element="dc.source" value="Reuters"/>
</metadata>
</newsitem>
