<?xml version="1.0" encoding="iso-8859-1" ?>
<newsitem itemid="458408" id="root" date="1997-03-21" xml:lang="en">
<title>NETHERLANDS: SOCCER-DUTCH FIRST DIVISION SUMMARY.</title>
<headline>SOCCER-DUTCH FIRST DIVISION SUMMARY.</headline>
<dateline>AMSTERDAM 1997-03-21</dateline>
<text>
<p>Summary of Dutch first</p>
<p>division soccer match played on Friday:</p>
<p> Groningen		    2 - Bombarda pen 47, 89</p>
<p> NAC Breda		    2 - Stewart 17, 39</p>
<p>    HT: 0-2	Att: 10,000</p>
</text>
<copyright>(c) Reuters Limited 1997</copyright>
<metadata>
<codes class="bip:countries:1.0">
  <code code="NETH">
    <editdetail attribution="Reuters BIP Coding Group" action="confirmed" date="1997-03-21"/>
  </code>
</codes>
<codes class="bip:topics:1.0">
  <code code="GCAT">
    <editdetail attribution="Reuters BIP Coding Group" action="confirmed" date="1997-03-21"/>
  </code>
  <code code="GSPO">
    <editdetail attribution="Reuters BIP Coding Group" action="confirmed" date="1997-03-21"/>
  </code>
</codes>
<dc element="dc.date.created" value="1997-03-21"/>
<dc element="dc.publisher" value="Reuters Holdings Plc"/>
<dc element="dc.date.published" value="1997-03-21"/>
<dc element="dc.source" value="Reuters"/>
<dc element="dc.creator.location" value="AMSTERDAM"/>
<dc element="dc.creator.location.country.name" value="NETHERLANDS"/>
<dc element="dc.source" value="Reuters"/>
</metadata>
</newsitem>
