<?xml version="1.0" encoding="iso-8859-1" ?>
<newsitem itemid="458591" id="root" date="1997-03-21" xml:lang="en">
<title>GAMBIA: GOVERNMENT LIST (970321).</title>
<headline>GOVERNMENT LIST (970321).</headline>
<text>
<p>GAMBIA GOVERNMENT LIST (970321)</p>
<p> President (Sworn in 18 Oct 96)...........Colonel Yahya JAMMEH</p>
<p>(Also Secretary of State for Defence)</p>
<p> Vice-president (Apptd 20 March).........Mrs Isatou Njie SAIDY</p>
<p>(Also Secretary of Health)</p>
<p>			    - - - - - - - -</p>
<p>SECRETARIES OF STATE (Apptd 7 March 97)</p>
<p>Presidential Affairs, National Assembly, &amp; Civil</p>
<p>Service, Fisheries + Natural Resources.Capt Edward SINGATEH</p>
<p> Agriculture.........Musa MBENGA</p>
<p> Culture &amp; Tourism.........Mrs Suzan WAFFA-OGOO</p>
<p> Defence...........See President</p>
<p> Education........Mrs Satang JOW</p>
<p> External Affairs......Omar NJIE</p>
<p> Finance &amp; Economy................Dominic MENDY</p>
<p>Health &amp; Social Welfare, Womens Affairs....See Vice-President</p>
<p> Interior &amp; Religious Affairs.......Major (Rtd) Momodou BOJANG</p>
<p> Justice &amp; Attorney General.............Mrs Hawa Sisay SABALLY</p>
<p> Local Government &amp; Lands.........Captain (Rtd) Yankuba TOURAY</p>
<p>Public Works &amp; Communications, Information....Ebrihima CEESAY</p>
<p> Trade, Industry &amp; Employment......Famara JATTA</p>
<p> Youth &amp; Sports.......Lamin BAJO</p>
<p>			    - - - - - - - -</p>
<p> Central Bank Governor..............Clarke BAJO</p>
<p>			    - - - - - - - -</p>
<p>	 NOTE: Any comments/queries on the content of this</p>
<p>		 government list, please contact the Reuter</p>
<p>		 Editorial Reference Unit, London, on (171) 542</p>
<p>		 7968.</p>
<p>			 (End Government List)</p>
</text>
<copyright>(c) Reuters Limited 1997</copyright>
<metadata>
<codes class="bip:countries:1.0">
  <code code="GAMB">
    <editdetail attribution="Reuters BIP Coding Group" action="confirmed" date="1997-03-21"/>
  </code>
</codes>
<codes class="bip:topics:1.0">
  <code code="GCAT">
    <editdetail attribution="Reuters BIP Coding Group" action="confirmed" date="1997-03-21"/>
  </code>
  <code code="GPOL">
    <editdetail attribution="Reuters BIP Coding Group" action="confirmed" date="1997-03-21"/>
  </code>
</codes>
<dc element="dc.publisher" value="Reuters Holdings Plc"/>
<dc element="dc.date.published" value="1997-03-21"/>
<dc element="dc.source" value="Reuters"/>
<dc element="dc.creator.location.country.name" value="GAMBIA"/>
<dc element="dc.source" value="Reuters"/>
</metadata>
</newsitem>
