<?xml version="1.0" encoding="iso-8859-1" ?>
<newsitem itemid="458555" id="root" date="1997-03-21" xml:lang="en">
<title>UK: Sugar freight market quiet, no business reported.</title>
<headline>Sugar freight market quiet, no business reported.</headline>
<dateline>LONDON 1997-03-21</dateline>
<text>
<p>Business was very slow on the sugar freight market with only a few of the week's earlier inquiries re-circulating around the shipbroking fraternity, market sources said on Friday.</p>
<p>SIMAB's recent Itajai/Lagos order for bagged sugar was still unfilled, as were the bulk orders issued by Cargill and E D &amp; F Man, for Buenaventura/US Gulf/Atlantic and Puerto Quetzal/Casablanca respectively.</p>
<p>In other news, Libya postponed its tender to buy white sugar until Monday, physical brokers said.</p>
<p>-- London Newsroom +44 171 542 8064</p>
</text>
<copyright>(c) Reuters Limited 1997</copyright>
<metadata>
<codes class="bip:countries:1.0">
  <code code="UK">
    <editdetail attribution="Reuters BIP Coding Group" action="confirmed" date="1997-03-21"/>
  </code>
</codes>
<codes class="bip:topics:1.0">
  <code code="M14">
    <editdetail attribution="Reuters BIP Coding Group" action="confirmed" date="1997-03-21"/>
  </code>
  <code code="M141">
    <editdetail attribution="Reuters BIP Coding Group" action="confirmed" date="1997-03-21"/>
  </code>
  <code code="MCAT">
    <editdetail attribution="Reuters BIP Coding Group" action="confirmed" date="1997-03-21"/>
  </code>
</codes>
<dc element="dc.date.created" value="1997-03-21"/>
<dc element="dc.publisher" value="Reuters Holdings Plc"/>
<dc element="dc.date.published" value="1997-03-21"/>
<dc element="dc.source" value="Reuters"/>
<dc element="dc.creator.location" value="LONDON"/>
<dc element="dc.creator.location.country.name" value="UK"/>
<dc element="dc.source" value="Reuters"/>
</metadata>
</newsitem>
