<?xml version="1.0" encoding="iso-8859-1" ?>
<newsitem itemid="458595" id="root" date="1997-03-21" xml:lang="en">
<title>CANADA: Toronto indices closing - March 21.</title>
<headline>Toronto indices closing - March 21.</headline>
<text>
<p>Coms			 6074.80   +19.52</p>
<p> Met/Min		    5609.16   -20.57</p>
<p> Gold			10594.78  -118.40</p>
<p> Oil/Gas		    6464.45   +44.44</p>
<p> Volume		 101,864,792</p>
</text>
<copyright>(c) Reuters Limited 1997</copyright>
<metadata>
<codes class="bip:countries:1.0">
  <code code="CANA">
    <editdetail attribution="Reuters BIP Coding Group" action="confirmed" date="1997-03-21"/>
  </code>
</codes>
<codes class="bip:topics:1.0">
  <code code="M11">
    <editdetail attribution="Reuters BIP Coding Group" action="confirmed" date="1997-03-21"/>
  </code>
  <code code="MCAT">
    <editdetail attribution="Reuters BIP Coding Group" action="confirmed" date="1997-03-21"/>
  </code>
</codes>
<dc element="dc.publisher" value="Reuters Holdings Plc"/>
<dc element="dc.date.published" value="1997-03-21"/>
<dc element="dc.source" value="Reuters"/>
<dc element="dc.creator.location.country.name" value="CANADA"/>
<dc element="dc.source" value="Reuters"/>
</metadata>
</newsitem>
