<?xml version="1.0" encoding="iso-8859-1" ?>
<newsitem itemid="458576" id="root" date="1997-03-21" xml:lang="en">
<title>UK: London fertiliser fixtures.</title>
<headline>London fertiliser fixtures.</headline>
<dateline>LONDON 1997-03-21</dateline>
<text>
<p>Hallvard - 14,000 tonnes urea Marsa el Brega/India $31 fio 6,000/1,200 25-28/3 Indian Government.</p>
<p>Tok Chong - 17,000 tonnes urea Jubail/India $12.50 fio 4,500/1,200 5-10/4 Indian Government.</p>
<p>Multiwave - 14,000 tonnes urea Marsa el Brega/India $29 fio 6,000/1,200 22-25/3 Indian Government.</p>
</text>
<copyright>(c) Reuters Limited 1997</copyright>
<metadata>
<codes class="bip:countries:1.0">
  <code code="UK">
    <editdetail attribution="Reuters BIP Coding Group" action="confirmed" date="1997-03-21"/>
  </code>
</codes>
<codes class="bip:topics:1.0">
  <code code="M14">
    <editdetail attribution="Reuters BIP Coding Group" action="confirmed" date="1997-03-21"/>
  </code>
  <code code="M141">
    <editdetail attribution="Reuters BIP Coding Group" action="confirmed" date="1997-03-21"/>
  </code>
  <code code="MCAT">
    <editdetail attribution="Reuters BIP Coding Group" action="confirmed" date="1997-03-21"/>
  </code>
</codes>
<dc element="dc.date.created" value="1997-03-21"/>
<dc element="dc.publisher" value="Reuters Holdings Plc"/>
<dc element="dc.date.published" value="1997-03-21"/>
<dc element="dc.source" value="Reuters"/>
<dc element="dc.creator.location" value="LONDON"/>
<dc element="dc.creator.location.country.name" value="UK"/>
<dc element="dc.source" value="Reuters"/>
</metadata>
</newsitem>
