<?xml version="1.0" encoding="iso-8859-1" ?>
<newsitem itemid="458564" id="root" date="1997-03-21" xml:lang="en">
<title>UK: GDR REPORT - India hardly changed, Taiwan down.</title>
<headline>GDR REPORT - India hardly changed, Taiwan down.</headline>
<dateline>LONDON 1997-03-21</dateline>
<text>
<p>Indian global depository receipts (GDRs) were hardly changed in dull trade on Friday amid a lack of fresh factors and little change in Bombay.</p>
<p>Traders said the market had paused ahead of the weekend following a strong showing on Thursday, and underlying sentiment remained positive.</p>
<p>They said the market was slow ahead of a GDR issue by telecoms group VSNL, which should be priced early in the week.</p>
<p>The issue is expected to raise about $550 million.</p>
<p>The Bombay Stock Exchange 30 share index dipped 1.85 points to 3,730.20.</p>
<p>Reliance added 22 cents to $18.15/18.90, and Bajaj shed 50 cents to $36.75/37.75 following strong gains on Thursday.</p>
<p>The HSBC James Capel Indian GDR index added 0.06 percent by the close at 74.85, while the premium rose to 17.67 percent from 17.05 percent.</p>
<p>In other Asian markets, the Capel Taiwan GDR Index dived 7.18 points 111.66 following sharp losses in the local market. The discount to the local market was 1.62 percent.</p>
<p>The Capel Korea GDR Index ended 1.52 points lower at 54.12, while the premium fell to 33.26 percent.</p>
<p>-- Andrew Gill, London Newsroom +44 171 542 5887 (fax +44 171 583 7239)</p>
</text>
<copyright>(c) Reuters Limited 1997</copyright>
<metadata>
<codes class="bip:countries:1.0">
  <code code="INDIA">
    <editdetail attribution="Reuters BIP Coding Group" action="confirmed" date="1997-03-21"/>
  </code>
  <code code="SKOREA">
    <editdetail attribution="Reuters BIP Coding Group" action="confirmed" date="1997-03-21"/>
  </code>
  <code code="TAIWAN">
    <editdetail attribution="Reuters BIP Coding Group" action="confirmed" date="1997-03-21"/>
  </code>
  <code code="UK">
    <editdetail attribution="Reuters BIP Coding Group" action="confirmed" date="1997-03-21"/>
  </code>
</codes>
<codes class="bip:topics:1.0">
  <code code="M11">
    <editdetail attribution="Reuters BIP Coding Group" action="confirmed" date="1997-03-21"/>
  </code>
  <code code="MCAT">
    <editdetail attribution="Reuters BIP Coding Group" action="confirmed" date="1997-03-21"/>
  </code>
</codes>
<dc element="dc.date.created" value="1997-03-21"/>
<dc element="dc.publisher" value="Reuters Holdings Plc"/>
<dc element="dc.date.published" value="1997-03-21"/>
<dc element="dc.source" value="Reuters"/>
<dc element="dc.creator.location" value="LONDON"/>
<dc element="dc.creator.location.country.name" value="UK"/>
<dc element="dc.source" value="Reuters"/>
</metadata>
</newsitem>
