<?xml version="1.0" encoding="iso-8859-1" ?>
<newsitem itemid="458514" id="root" date="1997-03-21" xml:lang="en">
<title>BELGIUM: BELGIAN BELFOX SETS VOLUME RECORD.</title>
<headline>BELGIAN BELFOX SETS VOLUME RECORD.</headline>
<dateline>BRUSSELS 1997-03-21</dateline>
<text>
<p>Belgian futures and options exchange Belfox said in a statement it had registered a new daily activity record on Friday with 31,789 contacts traded.</p>
<p>The previous record of 26,356 lots dates from September 1996.</p>
<p>-- Brussels Newsroom +32 2 287 6810, Fax +32 2 230 7710</p>
</text>
<copyright>(c) Reuters Limited 1997</copyright>
<metadata>
<codes class="bip:countries:1.0">
  <code code="BELG">
    <editdetail attribution="Reuters BIP Coding Group" action="confirmed" date="1997-03-21"/>
  </code>
</codes>
<codes class="bip:topics:1.0">
  <code code="M12">
    <editdetail attribution="Reuters BIP Coding Group" action="confirmed" date="1997-03-21"/>
  </code>
  <code code="MCAT">
    <editdetail attribution="Reuters BIP Coding Group" action="confirmed" date="1997-03-21"/>
  </code>
</codes>
<dc element="dc.date.created" value="1997-03-21"/>
<dc element="dc.publisher" value="Reuters Holdings Plc"/>
<dc element="dc.date.published" value="1997-03-21"/>
<dc element="dc.source" value="Reuters"/>
<dc element="dc.creator.location" value="BRUSSELS"/>
<dc element="dc.creator.location.country.name" value="BELGIUM"/>
<dc element="dc.source" value="Reuters"/>
</metadata>
</newsitem>
