<?xml version="1.0" encoding="iso-8859-1" ?>
<newsitem itemid="458594" id="root" date="1997-03-21" xml:lang="en">
<title>CANADA: Montreal indices closing - March 21.</title>
<headline>Montreal indices closing - March 21.</headline>
<text>
<p>Industrials		  2871.36   -1.81</p>
<p> Utilities		    2717.61   -3.22</p>
<p> Banks			  4779.25  +60.12</p>
<p> Portfolio		    3056.96   +9.06</p>
<p> Volume			17188070</p>
</text>
<copyright>(c) Reuters Limited 1997</copyright>
<metadata>
<codes class="bip:countries:1.0">
  <code code="CANA">
    <editdetail attribution="Reuters BIP Coding Group" action="confirmed" date="1997-03-21"/>
  </code>
</codes>
<codes class="bip:topics:1.0">
  <code code="M11">
    <editdetail attribution="Reuters BIP Coding Group" action="confirmed" date="1997-03-21"/>
  </code>
  <code code="MCAT">
    <editdetail attribution="Reuters BIP Coding Group" action="confirmed" date="1997-03-21"/>
  </code>
</codes>
<dc element="dc.publisher" value="Reuters Holdings Plc"/>
<dc element="dc.date.published" value="1997-03-21"/>
<dc element="dc.source" value="Reuters"/>
<dc element="dc.creator.location.country.name" value="CANADA"/>
<dc element="dc.source" value="Reuters"/>
</metadata>
</newsitem>
