<?xml version="1.0" encoding="iso-8859-1" ?>
<newsitem itemid="458523" id="root" date="1997-03-21" xml:lang="en">
<title>UK: Sleaze row dominates British election campaign.</title>
<headline>Sleaze row dominates British election campaign.</headline>
<byline>Paul Mylrea</byline>
<dateline>LONDON 1997-03-21</dateline>
<text>
<p>British Prime Minister John Major fought back on Friday against new charges that he ignored sleaze in his Conservative Party, dismissing newspaper accusations as &quot;total junk&quot;.</p>
<p>But the bitter row over the allegations of influence-peddling dominated the campaign for the May 1 election, deepening the gloom cast by the ruling party's low -- and falling -- opinion poll ratings.</p>
<p>Major, whose &quot;Honest John&quot; reputation is his party's best hope for a comback, dismissed allegations in the Guardian newspaper that he allowed MP Tim Smith to continue as junior Northern Ireland minister in 1994 after he was told that Smith took money to ask questions for businessmen in parliament.</p>
<p>Major, on the hustings at the start of the longest election campaign in Britain in 80 years, said he had ordered an investigation as soon as he had heard of the allegations, and Smith had quit as soon as the inquiry was finished.</p>
<p>&quot;It's not a fresh matter,&quot; Major said, calling the Guardian report -- based on secret evidence given to parliament's ethics commissioner, Sir Gordon Downey -- &quot;nonsense&quot;.</p>
<p>Major's office also issued details of Major's diary for October 1994, the crucial period of the affair, and of reports he made to parliament to show he had nothing to hide.</p>
<p>But the opposition Labour party drove home its advantage, demanding publication of a report into the so-called &quot;cash-for-questions&quot; scandal before the May 1 election and accusing Major of trying to avoid embarrassment with a cover-up.</p>
<p>&quot;The real scandal is not that the Tory (Conservative) party has some MPs who have been accused of financial impropriety,&quot; said Labour's foreign affairs spokesman Robin Cook.</p>
<p>&quot;But (it is) that the Tory leadership has consistently responded by protecting their party from being embarrassed rather than defending parliament from being corrupted.&quot;</p>
<p>Adding a new twist on Friday, the parliamentary ethics commissioner himself joined in the row, condemning the Guardian for leaking parts of his inquiry.</p>
<p>Deputy Prime Minister Michael Heseltine seized on this, saying Downey's comments &quot;totally vindicate everything the Government has been saying in defence of natural justice&quot;.</p>
<p>But there was little sign voters were sympathetic to the government. A poll in Friday's Independent newspaper showed Labour's lead over the Conservatives, bidding for a record fifth successive term, grew to 27 points from 25 a week ago.</p>
<p>The Guardian's allegations centre on the fact Conservative MP Tim Smith was appointed a minister in January 1994.</p>
<p>This, it said, was despite the fact Smith told Major's parliamentary business manager four years earlier that he had been paid by Mohammed Al-Fayed, the owner of London's upmarket store, Harrods, to ask questions on his behalf in parliament.</p>
<p>Major was told of the allegations in September 1994, it said. But Smith only quit his post on October 20 saying he had been foolish and mistaken not to register the payments, but denying firmly that taking the money had been wrong or corrupt.</p>
<p>Major, announcing the election on Monday, ordered parliament's closure on Friday, launching a six-week campaign.</p>
<p>But the closure effectively buried, at least until after the election, a report by the ethics watchdog into the alleged payments by Al-Fayed and payments made as election expenses to several MPs by a parliamentary lobbyist, Ian Greer.</p>
<p>Labour, which has called on Major to bring parliament back to hear the report, on Friday broadened its attack, calling for a probe into the ruling party's secret funding arrangements and promising tougher rules of conduct for ministers.</p>
</text>
<copyright>(c) Reuters Limited 1997</copyright>
<metadata>
<codes class="bip:countries:1.0">
  <code code="UK">
    <editdetail attribution="Reuters BIP Coding Group" action="confirmed" date="1997-03-21"/>
  </code>
</codes>
<codes class="bip:topics:1.0">
  <code code="GCAT">
    <editdetail attribution="Reuters BIP Coding Group" action="confirmed" date="1997-03-21"/>
  </code>
  <code code="GPOL">
    <editdetail attribution="Reuters BIP Coding Group" action="confirmed" date="1997-03-21"/>
  </code>
  <code code="GVOTE">
    <editdetail attribution="Reuters BIP Coding Group" action="confirmed" date="1997-03-21"/>
  </code>
</codes>
<dc element="dc.date.created" value="1997-03-21"/>
<dc element="dc.publisher" value="Reuters Holdings Plc"/>
<dc element="dc.date.published" value="1997-03-21"/>
<dc element="dc.source" value="Reuters"/>
<dc element="dc.creator.location" value="LONDON"/>
<dc element="dc.creator.location.country.name" value="UK"/>
<dc element="dc.source" value="Reuters"/>
</metadata>
</newsitem>
