<?xml version="1.0" encoding="iso-8859-1" ?>
<newsitem itemid="458510" id="root" date="1997-03-21" xml:lang="en">
<title>ESTONIA: ANALYSIS-ESTONIA SHARES BOOM, WILL GAINS SPREAD?.</title>
<headline>ANALYSIS-ESTONIA SHARES BOOM, WILL GAINS SPREAD?.</headline>
<byline>David Mardiste</byline>
<dateline>TALLINN 1997-03-21</dateline>
<text>
<p>Estonian shares have kept hitting new records this week and dealers and commentators said they saw no end in sight yet to the boom in volumes and prices.</p>
<p>They also said that the market enthusiasm may spill over into Latvia and Lithuania in what would be a repeat performance of January's pan-Baltic stock boom.</p>
<p>&quot;There is still no big selling pressure,&quot; said Gunnar Maemets, securities specialist at Forekspank.</p>
<p>The boom in Tallinn started with good interest from foreign investors in Hansapank and Uhispank, both of which are listed on the Helsinki stock exchange.</p>
<p>&quot;It started with foreign investors. They were buying Hansapank stocks and this took the market up,&quot; said Charlie Viikberg, trader at Houipank.</p>
<p>Foreign interest may have started the boom, but small local investors are fuelling it.</p>
<p>The volume on the Estonian market reached 115 million kroons in trade on Thursday almost double volumes earlier in the week.</p>
<p>&quot;Bascially the boom is fuelled by local buying pressure, the increase in volume was helped by foreign investors selling stocks off,&quot; said Katrin Kaarli, senior Hansapank analyst.</p>
<p>And the interest is still there, with strong demand for shares, especially for Hansapank.</p>
<p>&quot;Investors are mostly looking for banks shares and they hope that the companies will revise and raise their profit estimates for 1997 especially for Hansapank and Hoiupank,&quot; said Sander Danil, equities analyst with Tallinna Pank.</p>
<p>&quot;Expectations for first quarter results are high,&quot; he added.</p>
<p>Dealers and analysts also said the market boom could spread to neighbouring Latvia and Lithuania.</p>
<p>&quot;It is normal that this sort of rise in Tallinn will impact on the Latvian and Lithuanian markets,&quot; said Riho Talumae, trader from Talinvest, a pan-Baltic investment bank.</p>
<p>&quot;It is possible that some investors will get out of Estonia and move to Russia and Lithuania, where there are good price opportunities,&quot; said Tallinna Pank's Danil.</p>
<p>Hansapank, which has a subsidiary in Latvia and will open a brokerage in Lithuania, also believes it will spread.</p>
<p>&quot;Such a rise is infectious. Our brokers market the three countries as a group, so it is likely to spread,&quot; said Kaarli.</p>
<p>But it is not just the Estonians who are expecting the rise, Lithuanians are also watching what happens in Tallinn.</p>
<p>&quot;Things are slow now, but the market should become active soon...The Estonian market seems to have hit its peak, and there are signals that investors from there will soon switch to Lithuania,&quot; one Vilnius dealer told Reuters.</p>
<p>-- Tallinn newsroom +372 630 8400 reuters@reuters.ee</p>
</text>
<copyright>(c) Reuters Limited 1997</copyright>
<metadata>
<codes class="bip:countries:1.0">
  <code code="ESTNIA">
    <editdetail attribution="Reuters BIP Coding Group" action="confirmed" date="1997-03-21"/>
  </code>
  <code code="LATV">
    <editdetail attribution="Reuters BIP Coding Group" action="confirmed" date="1997-03-21"/>
  </code>
  <code code="LITH">
    <editdetail attribution="Reuters BIP Coding Group" action="confirmed" date="1997-03-21"/>
  </code>
</codes>
<codes class="bip:topics:1.0">
  <code code="M11">
    <editdetail attribution="Reuters BIP Coding Group" action="confirmed" date="1997-03-21"/>
  </code>
  <code code="MCAT">
    <editdetail attribution="Reuters BIP Coding Group" action="confirmed" date="1997-03-21"/>
  </code>
</codes>
<dc element="dc.date.created" value="1997-03-21"/>
<dc element="dc.publisher" value="Reuters Holdings Plc"/>
<dc element="dc.date.published" value="1997-03-21"/>
<dc element="dc.source" value="Reuters"/>
<dc element="dc.creator.location" value="TALLINN"/>
<dc element="dc.creator.location.country.name" value="ESTONIA"/>
<dc element="dc.source" value="Reuters"/>
</metadata>
</newsitem>
