<?xml version="1.0" encoding="iso-8859-1" ?>
<newsitem itemid="458528" id="root" date="1997-03-21" xml:lang="en">
<title>UK: McCartney injunction to stop &quot;Penny Lane&quot; sale.</title>
<headline>McCartney injunction to stop &quot;Penny Lane&quot; sale.</headline>
<dateline>LONDON 1997-03-21</dateline>
<text>
<p>Sir Paul McCartney on Friday obtained a High Court injunction to stop the sale of the original lyrics to &quot;Penny Lane,&quot; one of the Beatles' biggest hits.</p>
<p>The action stops the original draft of the 1966 song being put up for auction at a special weekend sale of Beatles memorabilia being staged simultaneously over the weekend in Tokyo and London. Geoff Baker, spokesman for the recently knighted Beatle, said he believed the owner of the Number One hit was not entitled to sell the draft, which had been valued at 50,000 pounds ($79,780). No further details were given.</p>
<p>The auctioneers Bonhams said they would not be contesting the injunction. Up to 300 lots are being put up for sale.</p>
</text>
<copyright>(c) Reuters Limited 1997</copyright>
<metadata>
<codes class="bip:countries:1.0">
  <code code="JAP">
    <editdetail attribution="Reuters BIP Coding Group" action="confirmed" date="1997-03-21"/>
  </code>
  <code code="UK">
    <editdetail attribution="Reuters BIP Coding Group" action="confirmed" date="1997-03-21"/>
  </code>
</codes>
<codes class="bip:industries:1.0">
  <code code="I34520">
    <editdetail attribution="Reuters BIP Coding Group" action="confirmed" date="1997-03-21"/>
  </code>
</codes>
<codes class="bip:topics:1.0">
  <code code="C12">
    <editdetail attribution="Reuters BIP Coding Group" action="confirmed" date="1997-03-21"/>
  </code>
  <code code="CCAT">
    <editdetail attribution="Reuters BIP Coding Group" action="confirmed" date="1997-03-21"/>
  </code>
  <code code="GCAT">
    <editdetail attribution="Reuters BIP Coding Group" action="confirmed" date="1997-03-21"/>
  </code>
  <code code="GCRIM">
    <editdetail attribution="Reuters BIP Coding Group" action="confirmed" date="1997-03-21"/>
  </code>
  <code code="GENT">
    <editdetail attribution="Reuters BIP Coding Group" action="confirmed" date="1997-03-21"/>
  </code>
</codes>
<dc element="dc.date.created" value="1997-03-21"/>
<dc element="dc.publisher" value="Reuters Holdings Plc"/>
<dc element="dc.date.published" value="1997-03-21"/>
<dc element="dc.source" value="Reuters"/>
<dc element="dc.creator.location" value="LONDON"/>
<dc element="dc.creator.location.country.name" value="UK"/>
<dc element="dc.source" value="Reuters"/>
</metadata>
</newsitem>
