<?xml version="1.0" encoding="iso-8859-1" ?>
<newsitem itemid="458544" id="root" date="1997-03-21" xml:lang="en">
<title>UK: NWE gas oil hit by futures and some easier premium.</title>
<headline>NWE gas oil hit by futures and some easier premium.</headline>
<dateline>LONDON 1997-03-21</dateline>
<text>
<p>NWE gas oil was knocked lower by easier IPE futures and some grades also suffered from easier premiums, traders said on Friday.</p>
<p>April IPE gas oil last traded $2.50 lower at $170.75 a tonne having thinly traded around unchanged for most of the day.</p>
<p>Activity was slight and although some players said there was expectation of a pick up in business next week ahead of Easter, others said there were few signs of an increase.</p>
<p>&quot;I think there will be some letting go of positions people have taken who anticipated a rise in business ahead of Easter,&quot; said one trader.</p>
<p>Heating oil barge premiums looked under pressure with the lower levels seen on Thursday being consolidated.</p>
<p>March Flushing was done at April IPE -$2.75 fob while March Rotterdam material went at April IPE -2 fob and a barge of Antwerp tank went at April IPE -$2.50.</p>
<p>A first half April barge went at screen flat.</p>
<p>DIN cargo premiums were easier with an early deal done at April IPE +$5 cif Germany first half April and a later deal concluded at April IPE +$4 cif. Diesel premiums were also softer and there was some consensus that levels would ease $1 or so next week towards the April IPE +$10 cif level.</p>
</text>
<copyright>(c) Reuters Limited 1997</copyright>
<metadata>
<codes class="bip:countries:1.0">
  <code code="UK">
    <editdetail attribution="Reuters BIP Coding Group" action="confirmed" date="1997-03-21"/>
  </code>
</codes>
<codes class="bip:topics:1.0">
  <code code="M14">
    <editdetail attribution="Reuters BIP Coding Group" action="confirmed" date="1997-03-21"/>
  </code>
  <code code="M143">
    <editdetail attribution="Reuters BIP Coding Group" action="confirmed" date="1997-03-21"/>
  </code>
  <code code="MCAT">
    <editdetail attribution="Reuters BIP Coding Group" action="confirmed" date="1997-03-21"/>
  </code>
</codes>
<dc element="dc.date.created" value="1997-03-21"/>
<dc element="dc.publisher" value="Reuters Holdings Plc"/>
<dc element="dc.date.published" value="1997-03-21"/>
<dc element="dc.source" value="Reuters"/>
<dc element="dc.creator.location" value="LONDON"/>
<dc element="dc.creator.location.country.name" value="UK"/>
<dc element="dc.source" value="Reuters"/>
</metadata>
</newsitem>
