<?xml version="1.0" encoding="iso-8859-1" ?>
<newsitem itemid="458582" id="root" date="1997-03-21" xml:lang="en">
<title>NEW ZEALAND: NZ SPORT - Hart cautions against changing Super 12.</title>
<headline>NZ SPORT - Hart cautions against changing Super 12.</headline>
<text>
<p>CHRISTCHURCH, March 21 - All Black rugby coach John Hart on Friday warned against any move to expand the successful Super 12 competition, NZPA reports.</p>
<p>Western Samoa has been pleading for a place in the competition which includes provincial sides from South African, Australian and New Zealand.</p>
<p>Victorian state coach Bruce Norton has said the All Blacks-Wallabies test at the Melbourne Cricket Ground on July 26 is the perfect opportunity to push for a fourth Australian team in an expanded Super 12 competition.  </p>
<p>He said Perth or Melbourne based-sides would have equally good arguments to enter a team in a Super 16.</p>
<p>Australian chairman of selectors Michael Hawker has supported a Victorian team, boosted by interstate players, to be included in the competition.</p>
<p>Today Hart said there were dangers in changing the Super 12 system.</p>
<p>&quot;My personal view is that the competition is hugely successful at present. Before you tinker with it, you need to give it two to three years in terms of reviewing its strengths and success,&quot; he told NZPA.  </p>
<p>&quot;I would be very concerned if the Super 12 season was extended without a total review of the integration of the international requirements of the three countries.&quot;</p>
<p>Hart said one of the merits of the Super 12 was that every year every side played every other side. If the competition was expanded and divided into two pools it would lose that appeal.</p>
<p>&quot;It is important for the competition to be successful long term that it continues to be an even competition with a number of teams always contesting the top four spots and all teams having the ability to beat others.&quot;  </p>
<p>On Western Samoa's tender for a place in the competition, Hart said a debate was needed at some stage on the whole issue of the island nation and its involvement in New Zealand rugby.</p>
<p>&quot;At the moment I don't see how you can enter Western Samoa in a provincial competition. Western Samoa is a nation and that's an issue before you start.</p>
<p>&quot;But I agree the game has got to be more global and we should be seeking to globalise the game. But you don't necessarily globalise it by one provincial competition.&quot;  </p>
<p>The International Rugby Board should be looking at the competition structures which are emerging and have emerged as a result of professional rugby and money coming into the game.</p>
<p>&quot;We should taking look at structuring what are the most appropriate competitions long term, which would help with the globalising the game.</p>
<p>&quot;That may well be a provincial competition at provincial level which gets integrated by northern and southern hemisphere play-offs.&quot;  </p>
<p>It might also mean a competition at international level which also leads to northern-southern hemisphere play-offs and may have a division one and two teams.</p>
<p>Meanwhile, Hart predicted the top rugby players could suffer burn out, because of the lengthening of the season from February to December, unless they were given more time to recover between seasons.</p>
<p>He said it would help it the All Blacks tour of England and Wales was reduced from the 13 games scheduled to seven or eight games.  </p>
<p>The end-of-year tour itinerary for England (two tests) and Wales (one test) has not been completed.</p>
<p>New Zealand Rugby Football Union chief executive David Moffett was expected to resolve the end-of-season-tour issue in Hong Kong this weekend.</p>
<p>Hart will name two All Black trial teams after the Super 12 semifinals, and stage the trial week before the first test, against Fiji on June 14.</p>
</text>
<copyright>(c) Reuters Limited 1997</copyright>
<metadata>
<codes class="bip:countries:1.0">
  <code code="AUSTR">
    <editdetail attribution="Reuters BIP Coding Group" action="confirmed" date="1997-03-21"/>
  </code>
  <code code="NZ">
    <editdetail attribution="Reuters BIP Coding Group" action="confirmed" date="1997-03-21"/>
  </code>
  <code code="SAFR">
    <editdetail attribution="Reuters BIP Coding Group" action="confirmed" date="1997-03-21"/>
  </code>
  <code code="WSOMOA">
    <editdetail attribution="Reuters BIP Coding Group" action="confirmed" date="1997-03-21"/>
  </code>
</codes>
<codes class="bip:topics:1.0">
  <code code="GCAT">
    <editdetail attribution="Reuters BIP Coding Group" action="confirmed" date="1997-03-21"/>
  </code>
  <code code="GSPO">
    <editdetail attribution="Reuters BIP Coding Group" action="confirmed" date="1997-03-21"/>
  </code>
</codes>
<dc element="dc.publisher" value="Reuters Holdings Plc"/>
<dc element="dc.date.published" value="1997-03-21"/>
<dc element="dc.source" value="Reuters"/>
<dc element="dc.creator.location.country.name" value="NEW ZEALAND"/>
<dc element="dc.source" value="Reuters"/>
</metadata>
</newsitem>
