<?xml version="1.0" encoding="iso-8859-1" ?>
<newsitem itemid="458530" id="root" date="1997-03-21" xml:lang="en">
<title>UK: IPE Brent ends down 19 cts, clings to support at $20.</title>
<headline>IPE Brent ends down 19 cts, clings to support at $20.</headline>
<dateline>LONDON 1997-03-21</dateline>
<text>
<p>IPE Brent crude futures closed down 19 cents on Friday on weaker NYMEX crude and speculative selling from New York, traders said.</p>
<p>Front month May Brent last traded at $20.00 a barrel and settled at $19.99, closing a spread that had hovered around five to seven cents for much of the day. June Brent last traded at $20.00 but settled in contango at $20.01.</p>
<p>The May Brent/NYMEX crude spread finished at $1.52, around six cents softer than morning levels.</p>
<p>Repeated attacks on May at $20.00 by U.S. sellers in the last three hours of business found solid support at the psychologically important number, backed by late market-on-close short-covering.</p>
<p>Traders said there was no fundamental news that made a lasting impression on market direction.</p>
<p>&quot;We had very good support at $20 and that is an indication to me that we are still in business at higher levels next week,&quot; a trader said.</p>
<p>IPE gas oil ended down $2.50 a tonne at the intraday low. May WTI was down 33 cents at $21.52 a barrel. Gasoline finished up 0.02 cent at 67.60 cents a gallon.</p>
<p>Front month April gas oil settled at $170.75 a tonne, down $2.50.</p>
<p>Futures weakened in mid-afternoon by an announcement of an agreement by Russia to develop seven billion to eight billion barrels of reserves in southern Iraq.</p>
<p>Traders reported some nervousness at remarks by Russian Energy Minister Pyotr Rodinov in Baghdad that execution of the contract would happen regardless of U.N. Gulf War sanctions against Iraq.</p>
<p>Traders said the nervousness faded when it became clear the contract was a long-term development contract and did not herald short-term growth in Iraqi oil production or exports.</p>
<p>-- London newsroom +44 171 542 7646</p>
</text>
<copyright>(c) Reuters Limited 1997</copyright>
<metadata>
<codes class="bip:countries:1.0">
  <code code="UK">
    <editdetail attribution="Reuters BIP Coding Group" action="confirmed" date="1997-03-21"/>
  </code>
</codes>
<codes class="bip:topics:1.0">
  <code code="M14">
    <editdetail attribution="Reuters BIP Coding Group" action="confirmed" date="1997-03-21"/>
  </code>
  <code code="M143">
    <editdetail attribution="Reuters BIP Coding Group" action="confirmed" date="1997-03-21"/>
  </code>
  <code code="MCAT">
    <editdetail attribution="Reuters BIP Coding Group" action="confirmed" date="1997-03-21"/>
  </code>
</codes>
<dc element="dc.date.created" value="1997-03-21"/>
<dc element="dc.publisher" value="Reuters Holdings Plc"/>
<dc element="dc.date.published" value="1997-03-21"/>
<dc element="dc.source" value="Reuters"/>
<dc element="dc.creator.location" value="LONDON"/>
<dc element="dc.creator.location.country.name" value="UK"/>
<dc element="dc.source" value="Reuters"/>
</metadata>
</newsitem>
