<?xml version="1.0" encoding="iso-8859-1" ?>
<newsitem itemid="458584" id="root" date="1997-03-21" xml:lang="en">
<title>HONG KONG: RTRS-Rugby union-Campese saves Australian blushes.</title>
<headline>RTRS-Rugby union-Campese saves Australian blushes.</headline>
<dateline>HONG KONG 1997-03-21</dateline>
<text>
<p>Winger David Campese, playing his last tournament in an Australian shirt, saved the Wallabies from defeat in their opening game against Scotland in the World Cup Sevens on Friday.</p>
<p>Campese, the leading try scorer in international rugby with 64, came on as substitute with Australia trailing 19-5 in the second half but his influence, including the final try which he converted himself, helped salvage a 19-19 draw in the pool B encounter.</p>
<p>&quot;This is definitely the last time I play for Australia,&quot; said Campese, who has been capped 101 times for his country at 15-a-side. &quot;I love playing in Hong Kong and I wanted to come as this is the World Cup and people are watching to see how Australia perform.</p>
<p>&quot;We have a very young side and we were a bit nervous to start. We put ourselves in a difficult position by letting them get ahead of us. We cannot afford to do that but at least we did not lose.&quot;</p>
<p>Scotland had gone ahead thanks to two tries from 20-year-old winger James Craig, whose father Jim was in the Celtic soccer side which won the European Cup in 1967.</p>
<p>&quot;It was great to get a couple of scores,&quot; said the fleet-footed Craig, who has a best 100 metres time of 10.8 seconds. &quot;My dad encouraged me to play another sport as he thought he would be too pushy if I played soccer.&quot;</p>
<p>Australia, runners-up to England in the first World Cup Sevens in 1993, were playing Romania later in the day. The pool play on the first day is essentially shadow boxing as the teams will be ranked 1-24, based on results and tries scored, and redrawn into pools for Saturday's session.</p>
<p>England made a competent start to the defence of their trophy with a 33-12 win over Canada. Mike Catt had the distinction of scoring the first try in the tournament and further tries from Tim Rodber, Neil Back, David Scully and Richard Hill gave England a comfortable win.</p>
<p>Favourites New Zealand, winners of the Hong Kong Sevens for the past three years, opened with a straightforward 47-14 victory over 1993 World Cup Sevens Bowl winners, Japan.</p>
<p>New Zealand, who are missing Jonah Lomu because of a kidney ailment and the influential Christian Cullen due to injury, had to make another change to their line-up when Dallas Seymour failed a finness test on a sprained ankle before the start of play. He was replaced by Alama Ieremia, who was on standby.</p>
</text>
<copyright>(c) Reuters Limited 1997</copyright>
<metadata>
<codes class="bip:countries:1.0">
  <code code="AUSTR">
    <editdetail attribution="Reuters BIP Coding Group" action="confirmed" date="1997-03-21"/>
  </code>
  <code code="UK">
    <editdetail attribution="Reuters BIP Coding Group" action="confirmed" date="1997-03-21"/>
  </code>
</codes>
<codes class="bip:topics:1.0">
  <code code="GCAT">
    <editdetail attribution="Reuters BIP Coding Group" action="confirmed" date="1997-03-21"/>
  </code>
  <code code="GSPO">
    <editdetail attribution="Reuters BIP Coding Group" action="confirmed" date="1997-03-21"/>
  </code>
</codes>
<dc element="dc.date.created" value="1997-03-21"/>
<dc element="dc.publisher" value="Reuters Holdings Plc"/>
<dc element="dc.date.published" value="1997-03-21"/>
<dc element="dc.source" value="Reuters"/>
<dc element="dc.creator.location" value="HONG KONG"/>
<dc element="dc.creator.location.country.name" value="HONG KONG"/>
<dc element="dc.source" value="Reuters"/>
</metadata>
</newsitem>
