<?xml version="1.0" encoding="iso-8859-1" ?>
<newsitem itemid="458522" id="root" date="1997-03-21" xml:lang="en">
<title>UK: Britain fails to reach HK agreement with China.</title>
<headline>Britain fails to reach HK agreement with China.</headline>
<byline>Michael Peacock</byline>
<dateline>LONDON 1997-03-21</dateline>
<text>
<p>Britain and China said on Friday they had failed to reach agreement on key areas in talks to hammer out details of Hong Kong's handover on June 30.</p>
<p>Hugh Davies, a senior British representative at the talks, said he was disappointed and frustrated that, after five years of talks with China, all details had not yet been worked out.</p>
<p>&quot;Although we have reached some agreements this week, there are still a number of important matters where consensus is elusive,&quot; said Davies after the Anglo-Chinese Joint Liaison Group (JLG), the diplomatic body handling Hong Kong's return to China, wound up three days of talks in London.</p>
<p>The Chinese delegation, meanwhile, blamed Britain for the lack of progress.</p>
<p>&quot;The Chinese side has made the greatest possible effort to accommodate the concerns of the British side, but the British side is still adopting disappointing delaying tactics and trying to establish linkage between unrelated issues,&quot; said China's ambassador to London, Zhao Jihua, who heads the Chinese delegation.</p>
<p>He called for more talks.</p>
<p>Two key areas of dispute remain the &quot;right of abode&quot; concerning citizenship rights and the posting of Chinese People's Liberation Army (PLA) troops in Hong Kong before the handover date.</p>
<p>&quot;Perhaps most disappointingly, we have failed to resolve our differences on right of abode,&quot; Davies said. &quot;This is frustrating, because after almost five years of discussions, we are now in a large measure of agreement on almost all the substantive issues involved in this complex subject. But we need to close the remaining gaps.&quot;</p>
<p>Zhao said the right of abode was for China to decide. &quot;It falls within the internal affairs of China,&quot; he said.</p>
<p>On an advance guard of Chinese troops, Davies said the two sides had narrowed their differences but had been unable to reach agreement.</p>
<p>&quot;Britain has long taken the position that some advance parties are a good idea,&quot; he said. The problems lie in the size of those parties and the timing of their arrival.</p>
<p>Davies stressed that some points of contention had been cleared up at the talks including agreements on legislation for mutual legal assistance and the transfer of sentenced persons.</p>
<p>He said aviation agreements had been reached with the United States and Indonesia bringing to 20 the total number of accords now reached.</p>
<p>And a number of bilateral agreements between Hong Kong and third countries on economic and legal issues such as investment protection were settled.</p>
<p>But as this week's talks represent the penultimate session before June 30, there remains much to resolve.</p>
<p>Davies said he had agreed some time ago with his Chinese counterpart that they would try to clear the whole JLG agenda by this week's meeting, but to no avail.</p>
<p>And in a clue to how tough the talks are, he told reporters: &quot;I don't want to expose the differences between the British and Chinese sides in public. I don't think that would be helpful.&quot;</p>
</text>
<copyright>(c) Reuters Limited 1997</copyright>
<metadata>
<codes class="bip:countries:1.0">
  <code code="CHINA">
    <editdetail attribution="Reuters BIP Coding Group" action="confirmed" date="1997-03-21"/>
  </code>
  <code code="HKONG">
    <editdetail attribution="Reuters BIP Coding Group" action="confirmed" date="1997-03-21"/>
  </code>
  <code code="UK">
    <editdetail attribution="Reuters BIP Coding Group" action="confirmed" date="1997-03-21"/>
  </code>
</codes>
<codes class="bip:topics:1.0">
  <code code="GCAT">
    <editdetail attribution="Reuters BIP Coding Group" action="confirmed" date="1997-03-21"/>
  </code>
  <code code="GDIP">
    <editdetail attribution="Reuters BIP Coding Group" action="confirmed" date="1997-03-21"/>
  </code>
</codes>
<dc element="dc.date.created" value="1997-03-21"/>
<dc element="dc.publisher" value="Reuters Holdings Plc"/>
<dc element="dc.date.published" value="1997-03-21"/>
<dc element="dc.source" value="Reuters"/>
<dc element="dc.creator.location" value="LONDON"/>
<dc element="dc.creator.location.country.name" value="UK"/>
<dc element="dc.source" value="Reuters"/>
</metadata>
</newsitem>
