<?xml version="1.0" encoding="iso-8859-1" ?>
<newsitem itemid="458565" id="root" date="1997-03-21" xml:lang="en">
<title>UK: Three Brent dates kept - trade.</title>
<headline>Three Brent dates kept - trade.</headline>
<dateline>LONDON 1997-03-21</dateline>
<text>
<p>Three Brent cargoes nominated from the paper chains on Friday were kept ahead of the five o'clock deadline, traders said.</p>
<p>The cargoes, loading April 5-7, 6-8 and 7-9, were kept by BP, they said.</p>
<p>Brent cargoes are traded on a paper, or forward market until the 1700 London time deadline on the nearest trading day 15 days before their assigned loading date.</p>
<p>A trading company is clocked when it is left with a paper cargo which has turned physical after that deadline and therefore cannot be passed on as part of pre-sold paper cargo deals.</p>
<p>-- London Newsroom +44 171 542 7646</p>
</text>
<copyright>(c) Reuters Limited 1997</copyright>
<metadata>
<codes class="bip:countries:1.0">
  <code code="UK">
    <editdetail attribution="Reuters BIP Coding Group" action="confirmed" date="1997-03-21"/>
  </code>
</codes>
<codes class="bip:topics:1.0">
  <code code="M14">
    <editdetail attribution="Reuters BIP Coding Group" action="confirmed" date="1997-03-21"/>
  </code>
  <code code="M143">
    <editdetail attribution="Reuters BIP Coding Group" action="confirmed" date="1997-03-21"/>
  </code>
  <code code="MCAT">
    <editdetail attribution="Reuters BIP Coding Group" action="confirmed" date="1997-03-21"/>
  </code>
</codes>
<dc element="dc.date.created" value="1997-03-21"/>
<dc element="dc.publisher" value="Reuters Holdings Plc"/>
<dc element="dc.date.published" value="1997-03-21"/>
<dc element="dc.source" value="Reuters"/>
<dc element="dc.creator.location" value="LONDON"/>
<dc element="dc.creator.location.country.name" value="UK"/>
<dc element="dc.source" value="Reuters"/>
</metadata>
</newsitem>
