<?xml version="1.0" encoding="iso-8859-1" ?>
<newsitem itemid="458515" id="root" date="1997-03-21" xml:lang="en">
<title>BELGIUM: COME(T) UP AND SEE A SHOOTING STAR ON A JET.</title>
<headline>COME(T) UP AND SEE A SHOOTING STAR ON A JET.</headline>
<dateline>BRUSSELS 1997-03-21</dateline>
<text>
<p>Beat the clouds and spoil your best friends or clients with champagne, canapes and caviar while giving them a close look of a shooting star abroad a jet.</p>
<p>Belgian public relations firm Brainware said on Friday it was offering an exclusive close-up of the Hale-Bopp comet at over 30,000 feet for those ready to pay 5,500 francs ($190) for a one-hour night ride on board a Boeing 373 jetliner.</p>
<p>Astronomers call the comet, discovered in July 1995 and on clear nights visible in the early evening in the northwest, one of the astrological events of the year. Experts will join the flights to explain the phenomenon to passengers.</p>
</text>
<copyright>(c) Reuters Limited 1997</copyright>
<metadata>
<codes class="bip:countries:1.0">
  <code code="BELG">
    <editdetail attribution="Reuters BIP Coding Group" action="confirmed" date="1997-03-21"/>
  </code>
</codes>
<codes class="bip:topics:1.0">
  <code code="GCAT">
    <editdetail attribution="Reuters BIP Coding Group" action="confirmed" date="1997-03-21"/>
  </code>
  <code code="GODD">
    <editdetail attribution="Reuters BIP Coding Group" action="confirmed" date="1997-03-21"/>
  </code>
  <code code="GSCI">
    <editdetail attribution="Reuters BIP Coding Group" action="confirmed" date="1997-03-21"/>
  </code>
</codes>
<dc element="dc.date.created" value="1997-03-21"/>
<dc element="dc.publisher" value="Reuters Holdings Plc"/>
<dc element="dc.date.published" value="1997-03-21"/>
<dc element="dc.source" value="Reuters"/>
<dc element="dc.creator.location" value="BRUSSELS"/>
<dc element="dc.creator.location.country.name" value="BELGIUM"/>
<dc element="dc.source" value="Reuters"/>
</metadata>
</newsitem>
