<?xml version="1.0" encoding="iso-8859-1" ?>
<newsitem itemid="458599" id="root" date="1997-03-21" xml:lang="en">
<title>CANADA: Investors keep cheering CanOxy takeover bid.</title>
<headline>Investors keep cheering CanOxy takeover bid.</headline>
<dateline>CALGARY 1997-03-21</dateline>
<text>
<p>Investors continued on Friday to scoop up shares of Canadian Occidental Petroleum Ltd in the wake of its C$2-billion white knight bid for Wascana Energy Inc as excitement grew about potential benefits from the deal.</p>
<p>CanOxy was trading up 1.00 to 26.95 on 1.8 million shares late in Friday's Toronto Stock Exchange session.</p>
<p>The stock, which has climbed from 23.50 on Monday, the day before it announced its C$20.50 cash per share bid for Wascana, had jumped as high as 27.10 in Friday trade.  </p>
<p>Bill Magee, analyst with Credifinance Securities in Toronto, said CanOxy was expected to reap rewards from both increased cash flow and a higher cash flow multiple if it is successful in its bid for Regina-based Wascana.</p>
<p>It is still not clear whether Talisman Energy Inc, whose original cash-and-stock offer for Wascana expires on Monday, will extend its bid and attempt to glean more value from the company's assets.</p>
<p>&quot;Should CanOxy succeed here, it's quite a coup and my...analysis suggests the multiple should improve,&quot; Magee said.  </p>
<p>He said the market tended to afford Canadian oil companies multiples of six times cash flow or higher for domestic operations and four times for international.</p>
<p>CanOxy's international operations pumped out about 69 percent of its cash flow before the deal, he said.</p>
<p>&quot;They will become 50 percent international and 50 percent domestic (if the deal was successful),&quot; Magee said. &quot;</p>
<p>&quot;So, the multiple just by simple arithmatic should go from 4.2 to 4.7 (times). We apply that to the pro forma cash flow that they're forecasting this year and you end up with a C$32 target price.&quot;</p>
<p>He also said the bid showed investors uncertainty regarding the company's management that arose after Bernard Isautier resigned as CanOxy chief executive in late 1995 was unfounded. The company's current chief is David Hentschel.</p>
<p>&quot;The new gentleman has definitely proven that he's a shooter and prepared to do big things. I think this will help the general psychology surrounding the company.&quot;</p>
<p>((Reuters Calgary Bureau (403) 531-1624))</p>
</text>
<copyright>(c) Reuters Limited 1997</copyright>
<metadata>
<codes class="bip:countries:1.0">
  <code code="CANA">
    <editdetail attribution="Reuters BIP Coding Group" action="confirmed" date="1997-03-21"/>
  </code>
</codes>
<codes class="bip:industries:1.0">
  <code code="I13000">
    <editdetail attribution="Reuters BIP Coding Group" action="confirmed" date="1997-03-21"/>
  </code>
  <code code="I1300003">
    <editdetail attribution="Reuters BIP Coding Group" action="confirmed" date="1997-03-21"/>
  </code>
</codes>
<codes class="bip:topics:1.0">
  <code code="C18">
    <editdetail attribution="Reuters BIP Coding Group" action="confirmed" date="1997-03-21"/>
  </code>
  <code code="C181">
    <editdetail attribution="Reuters BIP Coding Group" action="confirmed" date="1997-03-21"/>
  </code>
  <code code="CCAT">
    <editdetail attribution="Reuters BIP Coding Group" action="confirmed" date="1997-03-21"/>
  </code>
</codes>
<dc element="dc.date.created" value="1997-03-21"/>
<dc element="dc.publisher" value="Reuters Holdings Plc"/>
<dc element="dc.date.published" value="1997-03-21"/>
<dc element="dc.source" value="Reuters"/>
<dc element="dc.creator.location" value="CALGARY"/>
<dc element="dc.creator.location.country.name" value="CANADA"/>
<dc element="dc.source" value="Reuters"/>
</metadata>
</newsitem>
