<?xml version="1.0" encoding="iso-8859-1" ?>
<newsitem itemid="458583" id="root" date="1997-03-21" xml:lang="en">
<title>HONG KONG: Rugby Union-Ireland beaten in World Cup sevens.</title>
<headline>Rugby Union-Ireland beaten in World Cup sevens.</headline>
<dateline>HONG KONG 1997-03-21</dateline>
<text>
<p>Results of round robin pool matches on first day of World Cup Sevens rugby union tournament on Friday (Note: Teams will be ranked from 1-24 after completion of first round and re-drawn into pools for second day)</p>
<p>Pool G South Africa 45 Argentina 7 Argentina 31 Ireland 22</p>
</text>
<copyright>(c) Reuters Limited 1997</copyright>
<metadata>
<codes class="bip:countries:1.0">
  <code code="ARG">
    <editdetail attribution="Reuters BIP Coding Group" action="confirmed" date="1997-03-21"/>
  </code>
  <code code="IRE">
    <editdetail attribution="Reuters BIP Coding Group" action="confirmed" date="1997-03-21"/>
  </code>
  <code code="SAFR">
    <editdetail attribution="Reuters BIP Coding Group" action="confirmed" date="1997-03-21"/>
  </code>
</codes>
<codes class="bip:topics:1.0">
  <code code="GCAT">
    <editdetail attribution="Reuters BIP Coding Group" action="confirmed" date="1997-03-21"/>
  </code>
  <code code="GSPO">
    <editdetail attribution="Reuters BIP Coding Group" action="confirmed" date="1997-03-21"/>
  </code>
</codes>
<dc element="dc.date.created" value="1997-03-21"/>
<dc element="dc.publisher" value="Reuters Holdings Plc"/>
<dc element="dc.date.published" value="1997-03-21"/>
<dc element="dc.source" value="Reuters"/>
<dc element="dc.creator.location" value="HONG KONG"/>
<dc element="dc.creator.location.country.name" value="HONG KONG"/>
<dc element="dc.source" value="Reuters"/>
</metadata>
</newsitem>
