<?xml version="1.0" encoding="iso-8859-1" ?>
<newsitem itemid="458504" id="root" date="1997-03-21" xml:lang="en">
<title>ALBANIA: ALBANIA'S SOUTHERN REBELS PONDER NEXT MOVE.</title>
<headline>ALBANIA'S SOUTHERN REBELS PONDER NEXT MOVE.</headline>
<byline>Giles Elgood</byline>
<dateline>TIRANA 1997-03-21</dateline>
<text>
<p>Rebels in control of southern Albania were to meet on Friday to decide their next move after embattled President Sali Berisha ignored their ultimatum to quit.</p>
<p>The rebels blame Berisha for not stopping shady pyramid savings schemes which collapsed earlier this year, bankrupting thousands of families and sparking an armed uprising that brought Albania close to the abyss.</p>
<p>In Tirana, a regular night time security patrol of tanks, armoured vehicles and police vans was preceded by several sustained bursts of automatic weapons fire.</p>
<p>It was not clear what had caused the shooting, which was more than usually heavy and broke out after a 7:00 pm curfew went into force, but witnesses reported seeing an ambulance move along one central Tirana street.</p>
<p>As part of efforts to restore order ater weekks of chaos during which army barracks were looted of thousands of guns, Tirana international airport reopened on Thursday for the first time in a week.</p>
<p>Authorities said they had moved in special forces to ensure the airport's security. About 30 foreigners left for Sofia on an Albanian Airlines flight, while an Italian air force transport plane brought in up to 90 Albanian refugees sent back by Italy as criminal suspects.</p>
<p>More than 10,000 Albanians fleeing the civil strife have escaped across the Adriatic in leaky boats to Italy. But the Italian authorites allege that many are involved in criminal activities.</p>
<p>In the Italian port of Brindisi, police said an Albanian gunman whose photograph appeared in newspapers around the world was arrested on Thursday on suspicion of running an illegal immigration racket.</p>
<p>The man, named as Despoti Clirim, 27, was photographed  in the Albanian port of Durres earlier pointing a rifle at crowds of frightened people desperate to board ships leaving the country.</p>
<p>Italy, which has been at the forefront of diplomatic efforts to restore order in Albania, said the country's Prime Minister, Bashkim Fino, would meet European Union foreign ministers next Tuesday in Rome.</p>
<p>The meeting would come the day after EU foreign ministers go to Brussels to hear from an EU fact-finding mission which visited Albania to assess the situation there.</p>
<p>Albania has asked Italy to help it to re-equip its army and police force, disarmed and demoralised after the unrest, but Italian Defence Minister Beniamino Andreatta said there were no plans for an imminent military intervention.</p>
<p>Leaders from 13 rebel-held towns in the south, who have have threatened to set up their own presidential council, were due to meet in the town of Tepelene.</p>
<p>One rebel leader has proposed sending armed men to Tirana to put Berisha under house arrest, but this found little support from others in the south.</p>
<p>Political leaders, now part of the all-party government charged with organising elections by June, have come out against using force to remove Berisha, saying the democratic process will decide.</p>
<p>&quot;We do not support any military move to overthrow Berisha. We think he can and should be removed by legal, peaceful means,&quot; said Social Democrat vice chairman Paskal Milo.</p>
<p>The Rome-based U.N. World Food Programme said it had sent a team to Tirana on a one-week mission to assess Albania's relief needs.</p>
<p>Albanian Agriculure Minister Haxhi Aliko said the food situation was difficult after weeks of looting but there was no need to panic. He said traders should not to exploit the state of emergency to increase their profits. REUTER</p>
</text>
<copyright>(c) Reuters Limited 1997</copyright>
<metadata>
<codes class="bip:countries:1.0">
  <code code="ALB">
    <editdetail attribution="Reuters BIP Coding Group" action="confirmed" date="1997-03-21"/>
  </code>
</codes>
<codes class="bip:topics:1.0">
  <code code="GCAT">
    <editdetail attribution="Reuters BIP Coding Group" action="confirmed" date="1997-03-21"/>
  </code>
  <code code="GVIO">
    <editdetail attribution="Reuters BIP Coding Group" action="confirmed" date="1997-03-21"/>
  </code>
</codes>
<dc element="dc.date.created" value="1997-03-21"/>
<dc element="dc.publisher" value="Reuters Holdings Plc"/>
<dc element="dc.date.published" value="1997-03-21"/>
<dc element="dc.source" value="Reuters"/>
<dc element="dc.creator.location" value="TIRANA"/>
<dc element="dc.creator.location.country.name" value="ALBANIA"/>
<dc element="dc.source" value="Reuters"/>
</metadata>
</newsitem>
