<?xml version="1.0" encoding="iso-8859-1" ?>
<newsitem itemid="458587" id="root" date="1997-03-21" xml:lang="en">
<title>USA: RTRS-Golf-Australians struggle in Bay Hill Invitational.</title>
<headline>RTRS-Golf-Australians struggle in Bay Hill Invitational.</headline>
<dateline>ORLANDO, Florida 1997-03-20</dateline>
<text>
<p>Stuart Appleby, who broke through for his first victory on the U.S. PGA tour last week, has struggled along with his fellow Australians in the first round at the Bay Hill Invitational.</p>
<p>Appleby, who qualified for next month's U.S. Masters by winning the Honda Classic on Sunday, fired a one-over-par 73 in the first round to trail American Paul Stankowski by six shots.</p>
<p>Craig Parry and Wayne Grady were the best of the Australian contingent, shooting level par 72.</p>
<p>Robert Allenby stood alongside Appleby on 73, with Steve Elkington a further shot back in the field.</p>
<p>Tiger Woods kept a bogey off his scorecoard in a four under par 68 to finish in a group of four Americans one shot off the pace set by Stankowski.</p>
<p>Although threatening for the lead, Woods described the round as his worst of the year to date in terms of ball striking.</p>
<p>-- Sydney Newsroom 61-2 9373 1800</p>
</text>
<copyright>(c) Reuters Limited 1997</copyright>
<metadata>
<codes class="bip:countries:1.0">
  <code code="AUSTR">
    <editdetail attribution="Reuters BIP Coding Group" action="confirmed" date="1997-03-21"/>
  </code>
  <code code="USA">
    <editdetail attribution="Reuters BIP Coding Group" action="confirmed" date="1997-03-21"/>
  </code>
</codes>
<codes class="bip:topics:1.0">
  <code code="GCAT">
    <editdetail attribution="Reuters BIP Coding Group" action="confirmed" date="1997-03-21"/>
  </code>
  <code code="GSPO">
    <editdetail attribution="Reuters BIP Coding Group" action="confirmed" date="1997-03-21"/>
  </code>
</codes>
<dc element="dc.date.created" value="1997-03-20"/>
<dc element="dc.publisher" value="Reuters Holdings Plc"/>
<dc element="dc.date.published" value="1997-03-21"/>
<dc element="dc.source" value="Reuters"/>
<dc element="dc.creator.location" value="ORLANDO, Florida"/>
<dc element="dc.creator.location.country.name" value="USA"/>
<dc element="dc.source" value="Reuters"/>
</metadata>
</newsitem>
