<?xml version="1.0" encoding="iso-8859-1" ?>
<newsitem itemid="458505" id="root" date="1997-03-21" xml:lang="en">
<title>LITHUANIA: LITHUANIA- NOMINAL MONEY SUPPLY RISES IN FEBRUARY.</title>
<headline>LITHUANIA- NOMINAL MONEY SUPPLY RISES IN FEBRUARY.</headline>
<dateline>VILNIUS 1997-03-21</dateline>
<text>
<p>Lithuania's central bank said on Friday that the country's nominal money supply (M2) rose in February to 5.6 billion litas from 5.5 billion litas.  </p>
<p>The bank also in its monthly bulletin that deposits made up 66.4 percent of the total nominal money supply and currency in circulation accounted for the rest, or 33.6 percent. </p>
<p>The bank added that during the month it put 66.2 million litas into circulation by selling US dollars and purchasing them from commercial banks.</p>
<p>The previous month it withdrew 75.1 million litas from circulation. </p>
<p>--Ed Stoddard, Vilnius newsroom +370 2 22 35 18</p>
</text>
<copyright>(c) Reuters Limited 1997</copyright>
<metadata>
<codes class="bip:countries:1.0">
  <code code="LITH">
    <editdetail attribution="Reuters BIP Coding Group" action="confirmed" date="1997-03-21"/>
  </code>
</codes>
<codes class="bip:topics:1.0">
  <code code="E12">
    <editdetail attribution="Reuters BIP Coding Group" action="confirmed" date="1997-03-21"/>
  </code>
  <code code="E121">
    <editdetail attribution="Reuters BIP Coding Group" action="confirmed" date="1997-03-21"/>
  </code>
  <code code="ECAT">
    <editdetail attribution="Reuters BIP Coding Group" action="confirmed" date="1997-03-21"/>
  </code>
</codes>
<dc element="dc.date.created" value="1997-03-21"/>
<dc element="dc.publisher" value="Reuters Holdings Plc"/>
<dc element="dc.date.published" value="1997-03-21"/>
<dc element="dc.source" value="Reuters"/>
<dc element="dc.creator.location" value="VILNIUS"/>
<dc element="dc.creator.location.country.name" value="LITHUANIA"/>
<dc element="dc.source" value="Reuters"/>
</metadata>
</newsitem>
