<?xml version="1.0" encoding="iso-8859-1" ?>
<newsitem itemid="458561" id="root" date="1997-03-21" xml:lang="en">
<title>UK: UK grain futures supported by firm overseas market.</title>
<headline>UK grain futures supported by firm overseas market.</headline>
<dateline>LONDON 1997-03-21</dateline>
<text>
<p>Firm French grains prices on Friday following the result of the European Union (EU) weekly tender supported UK LIFFE wheat futures.</p>
<p>French prices rose after the EU cleared the export of 500,000 tonnes of wheat at Thursday's tender.</p>
<p>UK wheat futures closed with gains of 0.25 to 0.75 stg after trading 729 lots.</p>
<p>May was the most active position trading 316 lots before closing 0.75 stg up at 104.00 stg.</p>
<p>Barley finished 0.25 stg up after trading nine lots.</p>
<p>--Jim Ballantyne, London Newsroom, +44 171 542 8062</p>
</text>
<copyright>(c) Reuters Limited 1997</copyright>
<metadata>
<codes class="bip:countries:1.0">
  <code code="UK">
    <editdetail attribution="Reuters BIP Coding Group" action="confirmed" date="1997-03-21"/>
  </code>
</codes>
<codes class="bip:topics:1.0">
  <code code="M14">
    <editdetail attribution="Reuters BIP Coding Group" action="confirmed" date="1997-03-21"/>
  </code>
  <code code="M141">
    <editdetail attribution="Reuters BIP Coding Group" action="confirmed" date="1997-03-21"/>
  </code>
  <code code="MCAT">
    <editdetail attribution="Reuters BIP Coding Group" action="confirmed" date="1997-03-21"/>
  </code>
</codes>
<dc element="dc.date.created" value="1997-03-21"/>
<dc element="dc.publisher" value="Reuters Holdings Plc"/>
<dc element="dc.date.published" value="1997-03-21"/>
<dc element="dc.source" value="Reuters"/>
<dc element="dc.creator.location" value="LONDON"/>
<dc element="dc.creator.location.country.name" value="UK"/>
<dc element="dc.source" value="Reuters"/>
</metadata>
</newsitem>
