<?xml version="1.0" encoding="iso-8859-1" ?>
<newsitem itemid="458554" id="root" date="1997-03-21" xml:lang="en">
<title>UK: LIFFE cocoa ends down after bumping resistance.</title>
<headline>LIFFE cocoa ends down after bumping resistance.</headline>
<dateline>LONDON 1997-03-21</dateline>
<text>
<p>LIFFE cocoa futures closed lower across the board on Friday, with benchmark May losing a battle to conquer nearby resistance around 1,040 stg.</p>
<p>The market started firmer after New York's strong performance on Thursday, and May moved up to 1,040 to test resistance.</p>
<p>But origin sales were said to have limited gains and by afternoon May started showing some fatigue and backed off, ending down 15 stg at 1,016 stg per tonne, just off its intraday low of 1,013.</p>
<p>Light volumes also exaggerated moves and made cocoa's next direction blurry, traders said.</p>
<p>&quot;The volume is very light. So, therefore, it was really...very volatile because it was pushed up in no volume, pushed down in no volume,&quot; a trader said.</p>
<p>&quot;To be quite honest, I'm a bit lost here. At the end of the week, it's such light volume, it's very difficult to tell (which way cocoa will move next).&quot;</p>
<p>Total volume was a very modest 3,519 lots, mostly on tbe second-month May.</p>
<p>Traders said although the market seemed to want to edge higher, overbought RSI levels and stochastics were pointing the market lower.</p>
<p>They also looked for clues in the fundamentals to justify higher prices. Dry weather in Ivory Coast caused some nervousness but traders were uncertain if this would seriously affect the development of the mid-crop.</p>
<p>Crop analysts in Abidjan said on Friday the Ivory Coast's mid-crop cocoa harvest was likely to exceed 100,000 tonnes while rain could boost it to 160,000 tonnes or more.</p>
<p>Some crop experts had said earlier this week that the mid-crop could be as low as 100,000 because of unusually dry weather.</p>
<p>Earlier on Friday, Brazilian Trade Commission Comcauba said Bahia cocoa arrivals were 9,791 bags in the week ending March 16, down from 13,887 bags in the corresponding week last year.</p>
<p>Arrivals for the 1997/97 crop-to-date were 2,803,033 bags, up from 2,582,155 bags in 1995/96, it added.</p>
<p>-- Medora Lee, London Newsroom +44-171-542 8072</p>
</text>
<copyright>(c) Reuters Limited 1997</copyright>
<metadata>
<codes class="bip:countries:1.0">
  <code code="UK">
    <editdetail attribution="Reuters BIP Coding Group" action="confirmed" date="1997-03-21"/>
  </code>
</codes>
<codes class="bip:topics:1.0">
  <code code="M14">
    <editdetail attribution="Reuters BIP Coding Group" action="confirmed" date="1997-03-21"/>
  </code>
  <code code="M141">
    <editdetail attribution="Reuters BIP Coding Group" action="confirmed" date="1997-03-21"/>
  </code>
  <code code="MCAT">
    <editdetail attribution="Reuters BIP Coding Group" action="confirmed" date="1997-03-21"/>
  </code>
</codes>
<dc element="dc.date.created" value="1997-03-21"/>
<dc element="dc.publisher" value="Reuters Holdings Plc"/>
<dc element="dc.date.published" value="1997-03-21"/>
<dc element="dc.source" value="Reuters"/>
<dc element="dc.creator.location" value="LONDON"/>
<dc element="dc.creator.location.country.name" value="UK"/>
<dc element="dc.source" value="Reuters"/>
</metadata>
</newsitem>
