<?xml version="1.0" encoding="iso-8859-1" ?>
<newsitem itemid="458560" id="root" date="1997-03-21" xml:lang="en">
<title>UK: Hong Kong's Lily Wong cartoon revived in Britain.</title>
<headline>Hong Kong's Lily Wong cartoon revived in Britain.</headline>
<dateline>LONDON 1997-03-21</dateline>
<text>
<p>Britain's Independent newspaper said on Friday it was reviving the popular Hong Kong cartoon character, Lily Wong, for a series that will run from March 24 until the colony is handed back to China on June 30.</p>
<p>The World of Lily Wong, in which cartoonist Larry Feign dealt in a light-hearted way with issues like human rights in China, was dropped by the South China Morning Post in May 1995.</p>
<p>The paper cited financial reasons but local commentators blamed self-censorship as the handover date loomed.</p>
<p>&quot;The termination of the Lily Wong strip gained worldwide attention because it was seen as an indication of the Hong Kong media bowing to Chinese pressure,&quot; the Independent said in a statement.</p>
<p>Its move has apparently been welcomed by Hong Kong Governor Chris Patten.</p>
<p>&quot;Like a lot of other people in Hong Kong, I used to follow the world of Lily Wong every day,&quot; it quoted Patten as saying.</p>
<p>&quot;I really missed her when, for whatever reason, she suddenly disappeared from our lives about two years ago. I am glad to hear that she is making a comeback in Britain.&quot;</p>
</text>
<copyright>(c) Reuters Limited 1997</copyright>
<metadata>
<codes class="bip:countries:1.0">
  <code code="CHINA">
    <editdetail attribution="Reuters BIP Coding Group" action="confirmed" date="1997-03-21"/>
  </code>
  <code code="HKONG">
    <editdetail attribution="Reuters BIP Coding Group" action="confirmed" date="1997-03-21"/>
  </code>
  <code code="UK">
    <editdetail attribution="Reuters BIP Coding Group" action="confirmed" date="1997-03-21"/>
  </code>
</codes>
<codes class="bip:industries:1.0">
  <code code="I47510">
    <editdetail attribution="Reuters BIP Coding Group" action="confirmed" date="1997-03-21"/>
  </code>
</codes>
<codes class="bip:topics:1.0">
  <code code="C21">
    <editdetail attribution="Reuters BIP Coding Group" action="confirmed" date="1997-03-21"/>
  </code>
  <code code="CCAT">
    <editdetail attribution="Reuters BIP Coding Group" action="confirmed" date="1997-03-21"/>
  </code>
  <code code="GCAT">
    <editdetail attribution="Reuters BIP Coding Group" action="confirmed" date="1997-03-21"/>
  </code>
  <code code="GENT">
    <editdetail attribution="Reuters BIP Coding Group" action="confirmed" date="1997-03-21"/>
  </code>
</codes>
<dc element="dc.date.created" value="1997-03-21"/>
<dc element="dc.publisher" value="Reuters Holdings Plc"/>
<dc element="dc.date.published" value="1997-03-21"/>
<dc element="dc.source" value="Reuters"/>
<dc element="dc.creator.location" value="LONDON"/>
<dc element="dc.creator.location.country.name" value="UK"/>
<dc element="dc.source" value="Reuters"/>
</metadata>
</newsitem>
