<?xml version="1.0" encoding="iso-8859-1" ?>
<newsitem itemid="458548" id="root" date="1997-03-21" xml:lang="en">
<title>UK: LIFFE coffee futures quietly up, forwards shine.</title>
<headline>LIFFE coffee futures quietly up, forwards shine.</headline>
<dateline>LONDON 1997-03-21</dateline>
<text>
<p>London robusta coffee futures ended Friday with pared gains after a relatively quiet session which saw some light buying interest in the back months.</p>
<p>Traders said one major trade house was active, buying some 500 lots in July, September and November. The buying in the deferred months helped tightnen switches with May/July trading at $5. July/Sept and May/Sept structures were also active.</p>
<p>By the finish, May stood $8 higher at $1,663 after ranging between $1,655 and $1,670. Other positions added $5 to $12.</p>
<p>Volume reached an unimpressive 3,463 lots. &quot;This must be one of the most quiet days in coffee,&quot; said one. New York arabica futures ambled higher but rangebound.</p>
<p>Traders said the market was trying to digest news of a hike in arabica exports. While the supply tightness might loosen up in the short-term following the move by the Association of Coffee Producing Countries, the long-term supply concerns linger.</p>
<p>The ACPC agreed late on Thursday to release an additional 200,000 bags of washed arabica coffee and revoke an earlier export quota of 300,000 bags for the first half of 1997 to help satisfy roaster demand.</p>
<p>In addition, the ACPC has asked members to submit by April 15 proposals on coffee market stabilisation plans for consideration at an ACPC council meeting in May. The current one-year export quota programme is due to run out by the end of June.</p>
<p>Elsewhere, the Colombian truck drivers union is due to meet on Saturday to set the date for a nationwide strike.</p>
<p>Looking ahead, traders said the coffee market could see a further spike on the downside with New York retracing more than London, the latter being supported by good roaster buying.</p>
<p>&quot;It's still a $1,600-$1,700 market,&quot; said one trader, referring to London's May contract. -- Jalil Hamid, London newsroom +44 171 542 4985</p>
</text>
<copyright>(c) Reuters Limited 1997</copyright>
<metadata>
<codes class="bip:countries:1.0">
  <code code="UK">
    <editdetail attribution="Reuters BIP Coding Group" action="confirmed" date="1997-03-21"/>
  </code>
</codes>
<codes class="bip:topics:1.0">
  <code code="M14">
    <editdetail attribution="Reuters BIP Coding Group" action="confirmed" date="1997-03-21"/>
  </code>
  <code code="M141">
    <editdetail attribution="Reuters BIP Coding Group" action="confirmed" date="1997-03-21"/>
  </code>
  <code code="MCAT">
    <editdetail attribution="Reuters BIP Coding Group" action="confirmed" date="1997-03-21"/>
  </code>
</codes>
<dc element="dc.date.created" value="1997-03-21"/>
<dc element="dc.publisher" value="Reuters Holdings Plc"/>
<dc element="dc.date.published" value="1997-03-21"/>
<dc element="dc.source" value="Reuters"/>
<dc element="dc.creator.location" value="LONDON"/>
<dc element="dc.creator.location.country.name" value="UK"/>
<dc element="dc.source" value="Reuters"/>
</metadata>
</newsitem>
