<?xml version="1.0" encoding="iso-8859-1" ?>
<newsitem itemid="458573" id="root" date="1997-03-21" xml:lang="en">
<title>UK: Airbus may cut first A3XX to 470 seats.</title>
<headline>Airbus may cut first A3XX to 470 seats.</headline>
<byline>Greg Mahlich</byline>
<dateline>LONDON 1997-03-21</dateline>
<text>
<p>Europe's Airbus Industrie may scale back the size of the first version of its A3XX superjumbo aircraft from 550 to 470 seats to speed up the launch of the project, a senior industry source said on Friday.</p>
<p>The move would also prompt arch rival Boeing Co to rejoin the race to build the world's first superjumbo, he said. &quot;I think if we go ahead and launch a 470-seat A3XX, and I think the first version will be a 470-seat aircraft, Boeing will come back in,&quot; he said.</p>
<p>Boeing recently dropped plans to build a 550-seat version of its 400-seat 747 jumbo jet, currently the world's largest passenger aircraft, saying it could not get enough airlines interested to justify the $7.0 billion cost of the project.</p>
<p>Earlier this month Boeing's chairman and chief executive Phil Condit also denied recent industry speculation that the company was preparing to surprise the market by launching a new large aircraft if Airbus goes ahead with its 550-seat A3XX in two years time.</p>
<p>But Airbus has vowed to press ahead with plans to get the all-new doubledecker aircraft into the air by year 2003 for the same price as an enlarged 747, at around $200 million, at a development cost of $8.0 billion.</p>
<p>Airbus is anxious to break into the large capacity airliner market where Boeing has a monopoly with the 747-400 which Airbus says can also influence an airline's choice of smaller aircraft if it wants fleet commonality.</p>
<p>The Airbus consortium comprises Ste Nationale Industrielle Aerospatiale of France, British Aerospace Plc, Daimler-Benz Aerospace, a unit of Daimler-Benz AG and Construcciones Aeronauticas SA (CASA) of Spain.</p>
<p>-- London Newsroom +44 171 542 7717</p>
</text>
<copyright>(c) Reuters Limited 1997</copyright>
<metadata>
<codes class="bip:countries:1.0">
  <code code="UK">
    <editdetail attribution="Reuters BIP Coding Group" action="confirmed" date="1997-03-21"/>
  </code>
</codes>
<codes class="bip:industries:1.0">
  <code code="I36400">
    <editdetail attribution="Reuters BIP Coding Group" action="confirmed" date="1997-03-21"/>
  </code>
  <code code="I3640010">
    <editdetail attribution="Reuters BIP Coding Group" action="confirmed" date="1997-03-21"/>
  </code>
</codes>
<codes class="bip:topics:1.0">
  <code code="C23">
    <editdetail attribution="Reuters BIP Coding Group" action="confirmed" date="1997-03-21"/>
  </code>
  <code code="CCAT">
    <editdetail attribution="Reuters BIP Coding Group" action="confirmed" date="1997-03-21"/>
  </code>
</codes>
<dc element="dc.date.created" value="1997-03-21"/>
<dc element="dc.publisher" value="Reuters Holdings Plc"/>
<dc element="dc.date.published" value="1997-03-21"/>
<dc element="dc.source" value="Reuters"/>
<dc element="dc.creator.location" value="LONDON"/>
<dc element="dc.creator.location.country.name" value="UK"/>
<dc element="dc.source" value="Reuters"/>
</metadata>
</newsitem>
