<?xml version="1.0" encoding="iso-8859-1" ?>
<newsitem itemid="458542" id="root" date="1997-03-21" xml:lang="en">
<title>UK: FOCUS - Oil down as oversupply outweighs fund buying.</title>
<headline>FOCUS - Oil down as oversupply outweighs fund buying.</headline>
<dateline>LONDON 1997-03-21</dateline>
<text>
<p>A tug of war on world oil markets saw bearish industry sellers outweighing bullish investment fund buyers on Friday, dragging crude prices lower.</p>
<p>London futures for bellwether Brent blend fell 16 cents a barrel to $20.03 by 1700 GMT.</p>
<p>&quot;I think the fundamentals are beginning to reassert themselves on the market both in Europe and the U.S.,&quot; said Nauman Barakat at brokers Prudential Bache in New York.</p>
<p>Traders said a lengthening queue of North Sea cargoes had deepened the gloom on the Atlantic Basin market.</p>
<p>But investment fund managers, taking leave of equity and bond markets, were again seen as net buyers of oil futures in New York.</p>
<p>&quot;There's some evidence that the funds are taking on extra length,&quot; said an analyst in London.</p>
<p>&quot;Some funds have switched from shorts (net sales) to longs (net purchases),&quot; said Barakat.</p>
<p>News from Baghdad that Russia and Iraq had signed a $3.5 billion deal for Russian companies to develop the southern Iraqi Qurana oilfield also put pressure on prices.</p>
<p>Russian Oil Minister Pyotr Rodionov said the contract signed with Iraqi Oil Minister Amir Muhammed Rasheed would be implemented regardless of United Nations sanctions imposed on Iraq for its 1990 invasion of Kuwait.</p>
<p>The curbs place a blanket ban on investments in the country.</p>
<p>Dealers said the contract would not mean any extra oil on the market in the short term. But they said the possibility of Russia breaking ranks within the U.N. on sanctions had raised concerns.</p>
<p>Traders said the threat of a strike by workers at four Unocal Corp refineries helped underpin U.S. petroleum product markets.</p>
<p>Unocal employees in California issued a three-day strike warning, citing disagreement over a handover of ownership to new owner Tosco Corp.</p>
<p>Dealers looking to U.S. gasoline for fresh market impetus were disappointed.</p>
<p>Demand for gasoline will rise as spring approaches, but despite low U.S. inventories dealers have shown little interest so far in chasing prices higher.</p>
<p>&quot;With gasoline unable to rally its difficult for crude to stay at these levels,&quot; said a dealer.</p>
<p>Crude oil prices in dollars per barrel:</p>
<p>						 Mar 21   Mar 20</p>
<p>							   (close)</p>
<p>    Dated Brent			    $19.25   $19.44</p>
<p>    IPE London Brent futures  (May)  $20.03   $20.19</p>
<p>    NYMEX light crude futures (May)  $21.50   $22.10</p>
</text>
<copyright>(c) Reuters Limited 1997</copyright>
<metadata>
<codes class="bip:countries:1.0">
  <code code="UK">
    <editdetail attribution="Reuters BIP Coding Group" action="confirmed" date="1997-03-21"/>
  </code>
</codes>
<codes class="bip:topics:1.0">
  <code code="M14">
    <editdetail attribution="Reuters BIP Coding Group" action="confirmed" date="1997-03-21"/>
  </code>
  <code code="M143">
    <editdetail attribution="Reuters BIP Coding Group" action="confirmed" date="1997-03-21"/>
  </code>
  <code code="MCAT">
    <editdetail attribution="Reuters BIP Coding Group" action="confirmed" date="1997-03-21"/>
  </code>
</codes>
<dc element="dc.date.created" value="1997-03-21"/>
<dc element="dc.publisher" value="Reuters Holdings Plc"/>
<dc element="dc.date.published" value="1997-03-21"/>
<dc element="dc.source" value="Reuters"/>
<dc element="dc.creator.location" value="LONDON"/>
<dc element="dc.creator.location.country.name" value="UK"/>
<dc element="dc.source" value="Reuters"/>
</metadata>
</newsitem>
