<?xml version="1.0" encoding="iso-8859-1" ?>
<newsitem itemid="458566" id="root" date="1997-03-21" xml:lang="en">
<title>UK: International LPG stable, Asian buyers stay away.</title>
<headline>International LPG stable, Asian buyers stay away.</headline>
<dateline>LONDON 1997-03-21</dateline>
<text>
<p>International Liquefied Petroleum Gas (LPG) markets were largely stable this week.</p>
<p>Trade was stifled by a large industry conference in the U.S., a continued standoff in East Asia as buyers await lower summer prices, and a lack of demand in Europe.</p>
<p>Demand from the key East Asian markets of Japan, South Korea and China remained subdued as buyers awaitED lower prices in April. These markets traditionally buy stocks and fill their tanks during the summer, when spot prices are lowest, and avoid the spot market where possible as spot prices gear up for the winter.</p>
<p>The main price benchmark is Saudi Aramco's Contract Price (CP), against which nearly all spot deals in this market are traded.</p>
<p>One Japanese trader said on Friday that April's CP for propane is widely expected to be between $200 and $220 a tonne, down by up to $70 a tonne from the March level of $270 a tonne.</p>
<p>As a result, prompt demand was limited.</p>
<p>&quot;At this moment there are no outright purchasers,&quot; said a trader. The price was assessed around CP -$5/$0 a tonne C+F Japan, fractionally up on a week ago and indicating a change to the freight market between the Mid East Gulf and East Asia.  </p>
<p>In the Gulf itself, propane was assessed at CP -$25/-$20 a tonne, while butane was slightly stronger, at CP -$20/-$15 a tonne.</p>
<p>There were rumours an Abu Dhabi Gas Liquefaction Co (Adgas) tender for propane and butane in the ratio of 3:1 was awarded at CP -$17 a tonne, but this was not confirmed.</p>
<p>The north west European market was quiet throughout the week until Thursday, when some deals were done at slightly higher levels.</p>
<p>A large cargo of 8,500 tonnes of propane was traded at $198 a tonne cif Norway for end-March loading on that day, and on the same day a 3,000 tonne coaster was done at $237 a tonne cif Sweden.</p>
<p>The coaster price was unexpectedly high, and was thought to reflect the urgent nature of the buyer's requirement, but the large cargo price was seen as representative of the spot level.</p>
<p>A Scandinavian trader said there was some evidence of tightening towards the end of the month. The higher price was attributed to the rise in the price of naphtha, a competing petrochemical feedstock, over the period.</p>
<p>Propane coasters on a fob basis were also stronger.</p>
<p>Discussion was heard in the range $210/$215 a tonne fob UK.</p>
<p>A problem at a Scottish refinery was seen as partly responsible for the price rise, with a dealer saying that demand from traditional buyers in France and Portugal had been &quot;very low.&quot;</p>
<p>He added that the current spot level was &quot;above where it should be,&quot; saying that a price of around $15 a tonne above the BP Agreed Price (BPAP) would be more typical at this time of year. The BPAP for March is $186 a tonne.</p>
<p>But butane coasters were in less demand, with cif buyers heard in the high $170's and low $180's a tonne. On a fob basis, discussion was heard in the high $160's a tonne, with little buying interest seen.</p>
<p>The Mediterranean market for propane perked up at the beginning of the week when a large French petrochemical buyer entered the market and bought up to 20,000 tonnes off large ships from Algeria.</p>
<p>This pushed the price up and brought propane back to a competitive level with naphtha. But while some interest was seen on propane, the Mediterranean butane market was extremely quiet, dealers said.</p>
<p>-Sebastian Alison, London Newsroom, +44 171 542 6412</p>
</text>
<copyright>(c) Reuters Limited 1997</copyright>
<metadata>
<codes class="bip:countries:1.0">
  <code code="UK">
    <editdetail attribution="Reuters BIP Coding Group" action="confirmed" date="1997-03-21"/>
  </code>
</codes>
<codes class="bip:topics:1.0">
  <code code="M14">
    <editdetail attribution="Reuters BIP Coding Group" action="confirmed" date="1997-03-21"/>
  </code>
  <code code="M143">
    <editdetail attribution="Reuters BIP Coding Group" action="confirmed" date="1997-03-21"/>
  </code>
  <code code="MCAT">
    <editdetail attribution="Reuters BIP Coding Group" action="confirmed" date="1997-03-21"/>
  </code>
</codes>
<dc element="dc.date.created" value="1997-03-21"/>
<dc element="dc.publisher" value="Reuters Holdings Plc"/>
<dc element="dc.date.published" value="1997-03-21"/>
<dc element="dc.source" value="Reuters"/>
<dc element="dc.creator.location" value="LONDON"/>
<dc element="dc.creator.location.country.name" value="UK"/>
<dc element="dc.source" value="Reuters"/>
</metadata>
</newsitem>
