<?xml version="1.0" encoding="iso-8859-1" ?>
<newsitem itemid="458531" id="root" date="1997-03-21" xml:lang="en">
<title>UK: N.Irish Protestants blamed for Catholic's murder.</title>
<headline>N.Irish Protestants blamed for Catholic's murder.</headline>
<dateline>BELFAST 1997-03-21</dateline>
<text>
<p>British security sources blamed banned Protestant guerrillas on Friday for the murder of a Catholic shot in his home in an Irish nationalist area of West Belfast a week ago, BBC radio reported.</p>
<p>The shooting, which raised fears of a new round of &quot;tit-for-tat&quot; sectarian killing in Northern Ireland, was not claimed by any group but the sources told the BBC they now believed members of the pro-British Ulster Freedom Fighters shot John Slane.</p>
<p>It is one of four groups in the outlawed Combined Loyalist Military Command (CLMC) which called a truce in October 1994 in a bitter conflict with Irish Republican Army (IRA) guerrillas fighting to end British rule.</p>
<p>Loyalist hardliners have been blamed for five attacks on Catholics since December when the IRA stepped up armed hostilities against British forces.</p>
<p>&quot;I have spoken to a number of security sources who now believe that elements of the UFF murdered Mr Slane,&quot; reported Brian Rowan, BBC Northern Ireland's chief security correspondent.</p>
<p>Loyalist sources close to the organisation continued to deny knowledge of the murder, but that fitted with a pattern of unclaimed breaches of the ceasefire, he added.</p>
<p>Britain regards the Loyalist ceasefire as shaky but still in operation. Loyalist parties with seats in multi-party talks insist it is in force.</p>
<p>The IRA's Sinn Fein political arm brands the Loyalist ceasefire a sham. Sinn Fein accuses Britain of double standards for denying it a place at the talks until the IRA, which has killed two soldiers in six months, abandons violence.</p>
<p>Sinn Fein leader Gerry Adams accused political leaders of virtually ignoring Slane's murder.</p>
<p>&quot;There is a very wide widespread anger in West Belfast about the silence of the political establishment both in Dublin and here about this killing. One week after his death, John Slane's killing is being treated by many politicians as if it never happened,&quot; he said in a statement.</p>
</text>
<copyright>(c) Reuters Limited 1997</copyright>
<metadata>
<codes class="bip:countries:1.0">
  <code code="UK">
    <editdetail attribution="Reuters BIP Coding Group" action="confirmed" date="1997-03-21"/>
  </code>
</codes>
<codes class="bip:topics:1.0">
  <code code="GCAT">
    <editdetail attribution="Reuters BIP Coding Group" action="confirmed" date="1997-03-21"/>
  </code>
  <code code="GPOL">
    <editdetail attribution="Reuters BIP Coding Group" action="confirmed" date="1997-03-21"/>
  </code>
  <code code="GVIO">
    <editdetail attribution="Reuters BIP Coding Group" action="confirmed" date="1997-03-21"/>
  </code>
</codes>
<dc element="dc.date.created" value="1997-03-21"/>
<dc element="dc.publisher" value="Reuters Holdings Plc"/>
<dc element="dc.date.published" value="1997-03-21"/>
<dc element="dc.source" value="Reuters"/>
<dc element="dc.creator.location" value="BELFAST"/>
<dc element="dc.creator.location.country.name" value="UK"/>
<dc element="dc.source" value="Reuters"/>
</metadata>
</newsitem>
