<?xml version="1.0" encoding="iso-8859-1" ?>
<newsitem itemid="458547" id="root" date="1997-03-21" xml:lang="en">
<title>UK: Panel says Lithuania nuclear plant unsafe - EBRD.</title>
<headline>Panel says Lithuania nuclear plant unsafe - EBRD.</headline>
<dateline>LONDON 1997-03-21</dateline>
<text>
<p>An independent panel of safety experts has recommended that Lithuania shut down its Ignalina nuclear power plant until it can be made safer, the European Bank for Reconstruction and Development (EBRD) said on Friday.</p>
<p>The plant's two reactors are due to be closed for maintenance this year.</p>
<p>&quot;Neither of the two units...should be restarted after the planned 1997 shutdown for maintenance until important safety issues in design and operation are resolved,&quot; the Bank quoted the panel as saying.</p>
<p>The panel was commissioned by the EBRD and the Lithuanian government on behalf of the Nuclear Safety Account, a multilateral fund.</p>
<p>The plant, which supplies most of the Baltic state's electricity needs, was temporarily closed last August after a leak was detected in the cooling system.</p>
<p>Its reactors are the largest of the infamous Chernobyl-style RBMK models operating in the former Soviet Union.</p>
</text>
<copyright>(c) Reuters Limited 1997</copyright>
<metadata>
<codes class="bip:countries:1.0">
  <code code="LITH">
    <editdetail attribution="Reuters BIP Coding Group" action="confirmed" date="1997-03-21"/>
  </code>
  <code code="UK">
    <editdetail attribution="Reuters BIP Coding Group" action="confirmed" date="1997-03-21"/>
  </code>
</codes>
<codes class="bip:industries:1.0">
  <code code="I1610109">
    <editdetail attribution="Reuters BIP Coding Group" action="confirmed" date="1997-03-21"/>
  </code>
</codes>
<codes class="bip:topics:1.0">
  <code code="C24">
    <editdetail attribution="Reuters BIP Coding Group" action="confirmed" date="1997-03-21"/>
  </code>
  <code code="CCAT">
    <editdetail attribution="Reuters BIP Coding Group" action="confirmed" date="1997-03-21"/>
  </code>
</codes>
<dc element="dc.date.created" value="1997-03-21"/>
<dc element="dc.publisher" value="Reuters Holdings Plc"/>
<dc element="dc.date.published" value="1997-03-21"/>
<dc element="dc.source" value="Reuters"/>
<dc element="dc.creator.location" value="LONDON"/>
<dc element="dc.creator.location.country.name" value="UK"/>
<dc element="dc.source" value="Reuters"/>
</metadata>
</newsitem>
