<?xml version="1.0" encoding="iso-8859-1" ?>
<newsitem itemid="458551" id="root" date="1997-03-21" xml:lang="en">
<title>UK: Wet Brent pressured, W.Africans in fragile recover.</title>
<headline>Wet Brent pressured, W.Africans in fragile recover.</headline>
<dateline>LONDON 1997-03-21</dateline>
<text>
<p>Paper Brent continued to trade at lower levels on Friday while the North Sea wet market languished under pressure from unsold late March and early April Brent cargoes, traders said.</p>
<p>Three Brents due to load April 5-9 were kept by BP ahead of the five o'clock deadline, adding to the seven already in the hands of the British major that are due to load in the first six days of the month.</p>
<p>Traders heard talk of a Brent done confidentially and Dated-related but it was not clear whether it was one of the two late March cargoes reportedly still available.</p>
<p>&quot;It's very dead. Some people are going home early,&quot; one wet market trader said.</p>
<p>&quot;It's as quiet as the grave,&quot; said another.</p>
<p>Shipping brokers said Glencore provisionally fixed the ULCC Jahre Pollux to take 350,000 tonnes of Brent to the U.S. in late March or early April but traders doubted the arbitrage was open.</p>
<p>The outright price softened in later futures trade, with May IPE down 11 cents at $20.07 a barrel.</p>
<p>Paper was also softer. On CFDs, next week's dates four cents lower at May -50 cents after trading four times at -51 cents before lunch.</p>
<p>The following week traded at May -40 cents, down three cents from Thursday.</p>
<p>Intermonth paper spreads lost further ground. May June traded at +7 and +6 cents, after achieving +10 cents.</p>
<p>Other North Sea grades were better supported. But BP's maintenance of run cuts at Rotterdam, where Texaco restored throughput on Thursday, could block further gains.</p>
<p>The West African crude market continued its tentative recovery from March lows as sales of April barrels gathered pace, traders said.</p>
</text>
<copyright>(c) Reuters Limited 1997</copyright>
<metadata>
<codes class="bip:countries:1.0">
  <code code="UK">
    <editdetail attribution="Reuters BIP Coding Group" action="confirmed" date="1997-03-21"/>
  </code>
</codes>
<codes class="bip:topics:1.0">
  <code code="M14">
    <editdetail attribution="Reuters BIP Coding Group" action="confirmed" date="1997-03-21"/>
  </code>
  <code code="M143">
    <editdetail attribution="Reuters BIP Coding Group" action="confirmed" date="1997-03-21"/>
  </code>
  <code code="MCAT">
    <editdetail attribution="Reuters BIP Coding Group" action="confirmed" date="1997-03-21"/>
  </code>
</codes>
<dc element="dc.date.created" value="1997-03-21"/>
<dc element="dc.publisher" value="Reuters Holdings Plc"/>
<dc element="dc.date.published" value="1997-03-21"/>
<dc element="dc.source" value="Reuters"/>
<dc element="dc.creator.location" value="LONDON"/>
<dc element="dc.creator.location.country.name" value="UK"/>
<dc element="dc.source" value="Reuters"/>
</metadata>
</newsitem>
