<?xml version="1.0" encoding="iso-8859-1" ?>
<newsitem itemid="458521" id="root" date="1997-03-21" xml:lang="en">
<title>UK: FOCUS - European stocks weather Greenspan fright.</title>
<headline>FOCUS - European stocks weather Greenspan fright.</headline>
<byline>Malcolm Davidson</byline>
<dateline>LONDON 1997-03-21</dateline>
<text>
<p>European stock and bond markets on Friday clawed back at least some of Thursday's losses, despite the interest rates worries that dominated investor sentiment.</p>
<p>Stock markets on both sides of the Atlantic saw volatile conditions on the back of the expiration of index futures and options contracts in London and the United States.</p>
<p>By the time European bourses closed, the Dow Industrial Average was steady after declining 20 points, led lower by a selloff in the shares of Eastman Kodak and tobacco company Philip Morris.</p>
<p>In Europe investors regained some of their nerve after Thursday's turmoil, sparked by U.S. Federal Reserve chairman Alan Greenspan's hint about an impending rise in U.S. interest rates.</p>
<p>London strategists said the market had probably already taken into account a quarter-point rate rise next week after the policy-setting Federal Open Market Committee (FOMC) meets on Tuesday.</p>
<p>European share markets were helped in part by the dollar, which firmed at first against the mark and yen before faltering in the afternoon.</p>
<p>The strength of the dollar was one of the factors cited by Paris traders behind a 1.3 percent rebound in France's blue chip CAC-40 index.</p>
<p>Traders said prices retreated in the late afternoon as the Dow softened and the dollar consolidated some of its gains.</p>
<p>Appliance manufacturer SEB surged 7.72 percent at 1,018 francs on plans to buy Arno of Brazil.</p>
<p>The story in Frankfurt was similar. The DAX 30 index closed floor trade up 1.03 percent at 3,298.24, but profit-taking eroded later computerised trade.</p>
<p>The volume leader in afternoon trade was telecoms giant Deutsche Telekom, which rose 1.19 marks, or more than three percent, to 39.89 marks.</p>
<p>Among Europe's smaller bourses, rises ranged from 2.39 percent in Amsterdam to 1.23 percent in Stockholm and 0.55 in Milan.</p>
<p>The exception among major stock markets was London, where the FTSE 100 ended just 3.3 points down after lurching either side of Thursday's depressed close.</p>
<p>The stock market extended its losing streak of five days, the FTSE having lost 169 points since last Friday.</p>
<p>&quot;We've been increasing our cash position in the first quarter, getting ready for what could be a very difficult year, and it's only just begun,&quot; said David Kidd, chief investment officer fund managers Cantrade.</p>
<p>British political worries also continued to dog the market, with interest rates on hold only until after the national election on May 1.</p>
<p>&quot;If you see a market heading down with an election due, do you want to step up and buy?&quot; asked David Bruce, a director at Abbey Life Investment Services. &quot;I suspect a lot of the weakness we are seeing in the UK is because people are not buying because of the election.&quot;</p>
<p>Shares in B.A.T Industries recovered from an early tumble after a U.S. legal settlement by tobacco firm Liggett Group Inc sent tobacco shares sliding in the United States. B.A.T said the settlement would not force it to follow suit. The stock ended up 2.5 p at 491.5.</p>
<p>British and German government bond markets edged higher early on, tracking the overnight rebound in U.S. Treasuries, but they ended well below their highs on concerns about next week's FOMC meeting.</p>
<p>&quot;The comments from Greenspan appear to greenlight a move higher on Tuesday,&quot; said Tim Fox, treasury economist at Standard Chartered Bank in London.</p>
<p>The dollar, which rocketed to session highs of 1.6946 marks and 123.73 yen after Greenspan's comments, ended European business down nearly one pfennig at 1.6835 marks from Thursday's close. Against the yen it was down at 122.55 yen from 123.64.</p>
<p>Dealers said they expected the dollar to remain supported ahead of the FOMC meeting as markets bet the Fed will hike rates for the first time in two years.</p>
<p>CURRENCIES AT 1700 GMT</p>
<p>The dollar was trading at 1.6835 marks and 122.55 yen, down from 1.6916 marks and 123.74 yen in late European trade on Thursday.</p>
<p>STOCK MARKETS -- CLOSING INDICES</p>
<p>LONDON - The FTSE-100 index ended down 3.3 points, or 0.08 percent, at 4,254.8.</p>
<p>PARIS - The CAC-40 was up 33.41 points, or 1.31 percent, at 2,587.13.</p>
<p>FRANKFURT - The 30-share DAX index closed up 33.57 points, or 1.03 percent, at 3,298.24. In screen-based trade, the IBIS DAX index ended up 41.49 points at 3,288.52.</p>
<p>PRECIOUS METALS</p>
<p>Gold closed at $352.65, up $1.00 from Thursday. Silver ended unchanged at $5.18.</p>
</text>
<copyright>(c) Reuters Limited 1997</copyright>
<metadata>
<codes class="bip:countries:1.0">
  <code code="FRA">
    <editdetail attribution="Reuters BIP Coding Group" action="confirmed" date="1997-03-21"/>
  </code>
  <code code="GFR">
    <editdetail attribution="Reuters BIP Coding Group" action="confirmed" date="1997-03-21"/>
  </code>
  <code code="UK">
    <editdetail attribution="Reuters BIP Coding Group" action="confirmed" date="1997-03-21"/>
  </code>
</codes>
<codes class="bip:topics:1.0">
  <code code="M11">
    <editdetail attribution="Reuters BIP Coding Group" action="confirmed" date="1997-03-21"/>
  </code>
  <code code="M12">
    <editdetail attribution="Reuters BIP Coding Group" action="confirmed" date="1997-03-21"/>
  </code>
  <code code="M13">
    <editdetail attribution="Reuters BIP Coding Group" action="confirmed" date="1997-03-21"/>
  </code>
  <code code="M132">
    <editdetail attribution="Reuters BIP Coding Group" action="confirmed" date="1997-03-21"/>
  </code>
  <code code="MCAT">
    <editdetail attribution="Reuters BIP Coding Group" action="confirmed" date="1997-03-21"/>
  </code>
</codes>
<dc element="dc.date.created" value="1997-03-21"/>
<dc element="dc.publisher" value="Reuters Holdings Plc"/>
<dc element="dc.date.published" value="1997-03-21"/>
<dc element="dc.source" value="Reuters"/>
<dc element="dc.creator.location" value="LONDON"/>
<dc element="dc.creator.location.country.name" value="UK"/>
<dc element="dc.source" value="Reuters"/>
</metadata>
</newsitem>
