<?xml version="1.0" encoding="iso-8859-1" ?>
<newsitem itemid="458577" id="root" date="1997-03-21" xml:lang="en">
<title>UK: London coal/ore fixtures.</title>
<headline>London coal/ore fixtures.</headline>
<dateline>LONDON 1997-03-21</dateline>
<text>
<p>COAL - Niki - 100,000 tonnes coal Richards Bay/Rotterdam $7.15 fio scale load/25,000 shinc 15-30/4 Cobelfret.</p>
<p>Theodore A - 100,000 tonnes coal Hampton Roads/Taranto $5.95 fio 30,000 shinc/30,000 shinc 17-29/4 Ilva.</p>
<p>TBN - 90,000 tonnes coal Richards Bay/Tarragona and Barcelona $9.75 fio scale load/25,000 shex 5-20/4 Carboex (reported).</p>
<p>Bona TBN - 75,000 tonnes coal Mobile/Port Talbot $7.50 fio six days shinc 5-12/4 BSC.</p>
<p>TBN - 56,000 tonnes coal Cartagena and Santa Marta/Liverpool $10.20 fio 11,000 shinc/20,000 shinc 1-10/4 Cetragpa.</p>
<p>ORE - There were no fresh ore fixtures reported on Friday.</p>
</text>
<copyright>(c) Reuters Limited 1997</copyright>
<metadata>
<codes class="bip:countries:1.0">
  <code code="UK">
    <editdetail attribution="Reuters BIP Coding Group" action="confirmed" date="1997-03-21"/>
  </code>
</codes>
<codes class="bip:topics:1.0">
  <code code="M14">
    <editdetail attribution="Reuters BIP Coding Group" action="confirmed" date="1997-03-21"/>
  </code>
  <code code="MCAT">
    <editdetail attribution="Reuters BIP Coding Group" action="confirmed" date="1997-03-21"/>
  </code>
</codes>
<dc element="dc.date.created" value="1997-03-21"/>
<dc element="dc.publisher" value="Reuters Holdings Plc"/>
<dc element="dc.date.published" value="1997-03-21"/>
<dc element="dc.source" value="Reuters"/>
<dc element="dc.creator.location" value="LONDON"/>
<dc element="dc.creator.location.country.name" value="UK"/>
<dc element="dc.source" value="Reuters"/>
</metadata>
</newsitem>
