<?xml version="1.0" encoding="iso-8859-1" ?>
<newsitem itemid="458556" id="root" date="1997-03-21" xml:lang="en">
<title>UK: London shipsales.</title>
<headline>London shipsales.</headline>
<dateline>LONDON 1997-03-21</dateline>
<text>
<p>Secondhand tonnage brokers reported the sale of the following vessels.</p>
<p>Some of these sales may not be final as they may be subject to survey, inspection or other conditions.</p>
<p>TANKERS - Amersham - (built 1981) 88,359 dwt sold for $11.5 million.</p>
<p>Dirk Jacob - (built 1977) 33,788 sold to Greek buyers for $5.75 million.</p>
<p>Jipro Star - (built 1992) 13,600 dwt sold for $19.2 million.</p>
<p>SOLD FOR DEMONITION</p>
<p>TANKER.</p>
<p>Chestnut Hill - (built 1976) 24,500 dwt sold for $185 per ldt for delivery Bangladesh.</p>
</text>
<copyright>(c) Reuters Limited 1997</copyright>
<metadata>
<codes class="bip:countries:1.0">
  <code code="UK">
    <editdetail attribution="Reuters BIP Coding Group" action="confirmed" date="1997-03-21"/>
  </code>
</codes>
<codes class="bip:topics:1.0">
  <code code="M14">
    <editdetail attribution="Reuters BIP Coding Group" action="confirmed" date="1997-03-21"/>
  </code>
  <code code="MCAT">
    <editdetail attribution="Reuters BIP Coding Group" action="confirmed" date="1997-03-21"/>
  </code>
</codes>
<dc element="dc.date.created" value="1997-03-21"/>
<dc element="dc.publisher" value="Reuters Holdings Plc"/>
<dc element="dc.date.published" value="1997-03-21"/>
<dc element="dc.source" value="Reuters"/>
<dc element="dc.creator.location" value="LONDON"/>
<dc element="dc.creator.location.country.name" value="UK"/>
<dc element="dc.source" value="Reuters"/>
</metadata>
</newsitem>
