<?xml version="1.0" encoding="iso-8859-1" ?>
<newsitem itemid="458541" id="root" date="1997-03-21" xml:lang="en">
<title>UK: FOCUS - Base metals end quiet week mixed, softs steady.</title>
<headline>FOCUS - Base metals end quiet week mixed, softs steady.</headline>
<byline>Catherine Bremer</byline>
<dateline>LONDON 1997-03-21</dateline>
<text>
<p>A lacklustre week across commodities markets wound up uneventfully on Friday, with the forthcoming Easter break looming over traders in Europe.</p>
<p>Base metals mostly eased on the London Metal Exchange (LME), as low volume trading reflected a lack of market moving news.</p>
<p>But LME copper pushed higher to gain $16.50 per tonne on the day after a midweek bounce off support levels. Three month copper at one point looked set to push through $2,375, but lost its grip to close at $2,368 a tonne - slightly higher than the week's opening levels.</p>
<p>Aluminium ended $12 softer on the day after a smaller-than-expected stock fall disappointed the market, but traders said buying during the day had been well balanced by producer selling.</p>
<p>Zinc eased, taking a breather from recent upward swings which saw it heading for a new 4-1/2 high on Thursday.</p>
<p>Trading was thin in the coffee market, but benchmark London robusta type futures managed to recoup some of Thursday's losses.</p>
<p>May robusta ended up $8 at $1,663 per tonne, in a day one trader described as &quot;one of the quietest&quot; in coffee.</p>
<p>Traders said players were still digesting news of a surprise hike in arabica exports, which came late on Thursday.</p>
<p>The Association of Coffee Producing Countries technical group, meeting in London, on Thursday recommended the release of an extra 500,000 60-kg bags of arabica coffee into the market to relieve supply tightness.</p>
<p>&quot;Quantity-wise, the amount is small but sentiment-wise, it could dampen enthusiasm,&quot; said a trader.</p>
<p>The news is unlikely to quell long-term supply concerns that have fuelled a dramatic price rally this year. And the move came in the shadow of the APCP's decision in January to cut exports of the robusta type of coffee by 1.3 million bags.</p>
<p>Traders said the market was also keeping its eye on Columbian transport workers who earlier this week threatened to strike. The Columbian truck drivers union is due to meet on Saturday to set the date for a nationwide strike.</p>
<p>Precious metals posted a bright end to the week.</p>
<p>Gold extended Thursday's firm close, gaining $1 to close at $352.40, lifted by a spurt in palladium.</p>
<p>Traders said support also came from the weak dollar, where Thursday's rally on rate hike speculation was eroded by profit taking.</p>
<p>Grains took a back seat after stealing the limelight on Thursday. Wheat and soybean prices on the Chicago Board of Trade slipped back from the peaks on news Taiwan had passed on several tenders.</p>
<p>Traders there attributed the move to a cutback in feed demand, linked to an imminent cut in Taiwan's hog herd because of an outbreak of foot and mouth disease.</p>
<p>Some key prices at 1815 GMT on Friday</p>
<p>						  Friday   Thursday</p>
<p>Ldn Spot Gold($ per ounce)		351.50     352.50</p>
<p>IPE Brent Crude Oil (May)		  20.14	20.29</p>
<p>Ldn Metal Exchange(3 mths delivery)</p>
<p>Copper ($ per tonne)		    2,369.00   2,350.00</p>
<p>Aluminium ($ per tonne)		 1,656.00   1,668.00</p>
<p>LIFFE Robusta Coffee ($/tonne) May) 1,663.00   1,655.00</p>
<p>Cocoa (Stg per tonne) (May)	   1,016.00   1,032.00</p>
<p>White Sugar ($ p/t May)		   305.70     307.90</p>
<p>Chicago Board of Trade Wheat</p>
<p>(Cents per bushel)(May)			392	  401</p>
</text>
<copyright>(c) Reuters Limited 1997</copyright>
<metadata>
<codes class="bip:countries:1.0">
  <code code="UK">
    <editdetail attribution="Reuters BIP Coding Group" action="confirmed" date="1997-03-21"/>
  </code>
</codes>
<codes class="bip:topics:1.0">
  <code code="M14">
    <editdetail attribution="Reuters BIP Coding Group" action="confirmed" date="1997-03-21"/>
  </code>
  <code code="M141">
    <editdetail attribution="Reuters BIP Coding Group" action="confirmed" date="1997-03-21"/>
  </code>
  <code code="M142">
    <editdetail attribution="Reuters BIP Coding Group" action="confirmed" date="1997-03-21"/>
  </code>
  <code code="MCAT">
    <editdetail attribution="Reuters BIP Coding Group" action="confirmed" date="1997-03-21"/>
  </code>
</codes>
<dc element="dc.date.created" value="1997-03-21"/>
<dc element="dc.publisher" value="Reuters Holdings Plc"/>
<dc element="dc.date.published" value="1997-03-21"/>
<dc element="dc.source" value="Reuters"/>
<dc element="dc.creator.location" value="LONDON"/>
<dc element="dc.creator.location.country.name" value="UK"/>
<dc element="dc.source" value="Reuters"/>
</metadata>
</newsitem>
