<?xml version="1.0" encoding="iso-8859-1" ?>
<newsitem itemid="458529" id="root" date="1997-03-21" xml:lang="en">
<title>UK: London LIFFE futures APT closing prices.</title>
<headline>London LIFFE futures APT closing prices.</headline>
<dateline>LONDON 1997-03-21</dateline>
<text>
<p>London International Financial Futures Exchange automated pit trading (APT) tabular details:</p>
<p>   CONTRACT (MONTH)	APT CLOSE  SETTLEMENT  PREVIOUS SETTLE</p>
<p>   LONG GILT (MAR) (1/32)   109-26	109-23	     109-15</p>
<p>   SHORT STERLING (JUN)	93.33	 93.32		93.31</p>
<p>   GERMAN GOVT BOND (JUN)   100.05	 99.94		99.67</p>
<p>   EUROMARK (APR)		96.74	 96.73		96.73</p>
<p>   ITALIAN GOVT BOND (JUN)  125.06	125.08	     125.11</p>
<p>   EUROLIRA (JUN)		92.79	 92.80		92.80</p>
<p>   EUROSWISS (JUN)	     98-11	 98-11		98-12</p>
<p>   FTSE 100 (JUN)	   4,269.00    4,266.00	   4,260.00</p>
</text>
<copyright>(c) Reuters Limited 1997</copyright>
<metadata>
<codes class="bip:countries:1.0">
  <code code="UK">
    <editdetail attribution="Reuters BIP Coding Group" action="confirmed" date="1997-03-21"/>
  </code>
</codes>
<codes class="bip:topics:1.0">
  <code code="M12">
    <editdetail attribution="Reuters BIP Coding Group" action="confirmed" date="1997-03-21"/>
  </code>
  <code code="MCAT">
    <editdetail attribution="Reuters BIP Coding Group" action="confirmed" date="1997-03-21"/>
  </code>
</codes>
<dc element="dc.date.created" value="1997-03-21"/>
<dc element="dc.publisher" value="Reuters Holdings Plc"/>
<dc element="dc.date.published" value="1997-03-21"/>
<dc element="dc.source" value="Reuters"/>
<dc element="dc.creator.location" value="LONDON"/>
<dc element="dc.creator.location.country.name" value="UK"/>
<dc element="dc.source" value="Reuters"/>
</metadata>
</newsitem>
