<?xml version="1.0" encoding="iso-8859-1" ?>
<newsitem itemid="458553" id="root" date="1997-03-21" xml:lang="en">
<title>UK: UK supermarket shares rise as investors seek shelter.</title>
<headline>UK supermarket shares rise as investors seek shelter.</headline>
<byline>Debra Sherman</byline>
<dateline>LONDON 1997-03-21</dateline>
<text>
<p>A further rebound in shares in Safeway PLC and Tesco Plc on Friday was seen as evidence investors are seeking shelter in domestic stocks that have underperformed the broad market in recent months, dealers and strategists said.</p>
<p>In an environment where UK and U.S. interest rates appear poised to rise, investment flows into UK supermarket chain shares has come at the expense of the financial sector, which has been a runaway outperformer so far this year, they said.</p>
<p>On Friday, shares in Safeway closed up nine pence at 362p, while shares in Tesco closed up one penny at 340p. It was the third straight day the shares rose, even as the broad market tumbled.</p>
<p>&quot;It's a defensive play,&quot; said one marketmaker of this week's rebound in food retailer stocks.</p>
<p>Since January, shares in big food retailers have been dogged by worries about price wars.</p>
<p>Shares in Tesco, the biggest supermarket chain in terms of market capitalisation, have lagged the FTSE All-Share index by about 10 percent during the past three months, according to Reuters Securities 3000.</p>
<p>Safeway shares have underperformed the All-Share by a stunning 18 percent since mid-January, Reuters Securities 3000 data show.</p>
<p>But some strategists questioned whether this week's rotation is sustainable.</p>
<p>&quot;I think this is a short-term trend that's likely to reverse later in the year,&quot; said Bob Semple, UK equity strategist with NatWest Securities.</p>
<p>He said inflation isn't likely to heat up enough to allow grocers to raise prices and bolster profit margins.</p>
<p>Semple figures investors will use the recent decline in bank shares as a buying opportunity.</p>
<p>He was forecasting renewed strength in the bank sector after the UK election on May 1, despite widespread expectations for a UK interest rate increase.</p>
<p>Bank analysts said it would take an increase of one to 1.5 percent before it would make an impact on banks' profits.</p>
<p>By Thursday's close, the UK bank sector had outperformed the FTSE All-Share index by 10 percent, even after a sharp wave of profit-taking sparked by interest rate concerns during the past week, according to Reuters Securities 3000.</p>
<p>At their peak, UK bank shares had outperformed the All-Share by 17 percent during the previous six months.</p>
<p>Shares in National Westminster Bank Plc slid 13-1/2p to 673. Shares in Lloyds TSB Group eased 10p to 466-1/2p, while shares in Royal Bank of Scotland tumbled 12-1/2p to 517-1/2.</p>
<p>--London newsroom +44 171 542 5106</p>
</text>
<copyright>(c) Reuters Limited 1997</copyright>
<metadata>
<codes class="bip:countries:1.0">
  <code code="UK">
    <editdetail attribution="Reuters BIP Coding Group" action="confirmed" date="1997-03-21"/>
  </code>
</codes>
<codes class="bip:industries:1.0">
  <code code="I64100">
    <editdetail attribution="Reuters BIP Coding Group" action="confirmed" date="1997-03-21"/>
  </code>
  <code code="I81402">
    <editdetail attribution="Reuters BIP Coding Group" action="confirmed" date="1997-03-21"/>
  </code>
</codes>
<codes class="bip:topics:1.0">
  <code code="C15">
    <editdetail attribution="Reuters BIP Coding Group" action="confirmed" date="1997-03-21"/>
  </code>
  <code code="C152">
    <editdetail attribution="Reuters BIP Coding Group" action="confirmed" date="1997-03-21"/>
  </code>
  <code code="CCAT">
    <editdetail attribution="Reuters BIP Coding Group" action="confirmed" date="1997-03-21"/>
  </code>
</codes>
<dc element="dc.date.created" value="1997-03-21"/>
<dc element="dc.publisher" value="Reuters Holdings Plc"/>
<dc element="dc.date.published" value="1997-03-21"/>
<dc element="dc.source" value="Reuters"/>
<dc element="dc.creator.location" value="LONDON"/>
<dc element="dc.creator.location.country.name" value="UK"/>
<dc element="dc.source" value="Reuters"/>
</metadata>
</newsitem>
