<?xml version="1.0" encoding="iso-8859-1" ?>
<newsitem itemid="458543" id="root" date="1997-03-21" xml:lang="en">
<title>UK: West condemns Tel Aviv bombing.</title>
<headline>West condemns Tel Aviv bombing.</headline>
<dateline>LONDON 1997-03-21</dateline>
<text>
<p>The United States and other western nations joined on Friday in condemning a Palestinian Moslem suicide bomber's attack on a crowded Tel Aviv cafe in which three people, including the bomber died, and 43 were hurt.</p>
<p>&quot;I condemn it...,&quot; U.S. President Bill Clinton told a news conference in Helsinki after a summit with Russian President Boris Yeltsin. &quot;There is no place for such acts of terror and violence in the peace process.&quot;</p>
<p>German Foreign Minister Klaus Kinkel sent a telegram of condolence to his Israeli counterpart, David Levi, saying the attack, which he said was intended to harm the Middle East peace process, filled him with &quot;disgust and indignation&quot;.</p>
<p>In Rome, Italian Prime Minister Romano Prodi condemned the bombing as an attempt to derail Middle East peace.</p>
<p>&quot;As in the past terrorism has struck at innocent people in an attempt to hijack the peace process,&quot; Prodi said in a message of condolence to Israeli Prime Minister Benjamin Netanyahu.</p>
<p>&quot;It is a flawed strategy which has to be answered by giving a substantial boost to the negotiations,&quot; he added.</p>
<p>The French foreign ministry issued a statement expressing horror over the bombing and urging all sides in the Middle East to show restraint to prevent further violence.</p>
<p>&quot;The French government learned with horror and consternation of the heinous attack that has just been committed in Tel Aviv. It expresses it sympathy to the families of the victims,&quot; the statement said.</p>
<p>France also voiced concern over violence in Hebron and Jerusalem, where Palestinians are protesting against the construction of a disputed Jewish settlement in Arab East Jerusalem.</p>
</text>
<copyright>(c) Reuters Limited 1997</copyright>
<metadata>
<codes class="bip:countries:1.0">
  <code code="FIN">
    <editdetail attribution="Reuters BIP Coding Group" action="confirmed" date="1997-03-21"/>
  </code>
  <code code="ISRAEL">
    <editdetail attribution="Reuters BIP Coding Group" action="confirmed" date="1997-03-21"/>
  </code>
  <code code="RUSS">
    <editdetail attribution="Reuters BIP Coding Group" action="confirmed" date="1997-03-21"/>
  </code>
  <code code="UK">
    <editdetail attribution="Reuters BIP Coding Group" action="confirmed" date="1997-03-21"/>
  </code>
  <code code="USA">
    <editdetail attribution="Reuters BIP Coding Group" action="confirmed" date="1997-03-21"/>
  </code>
</codes>
<codes class="bip:topics:1.0">
  <code code="GCAT">
    <editdetail attribution="Reuters BIP Coding Group" action="confirmed" date="1997-03-21"/>
  </code>
  <code code="GDIP">
    <editdetail attribution="Reuters BIP Coding Group" action="confirmed" date="1997-03-21"/>
  </code>
  <code code="GVIO">
    <editdetail attribution="Reuters BIP Coding Group" action="confirmed" date="1997-03-21"/>
  </code>
</codes>
<dc element="dc.date.created" value="1997-03-21"/>
<dc element="dc.publisher" value="Reuters Holdings Plc"/>
<dc element="dc.date.published" value="1997-03-21"/>
<dc element="dc.source" value="Reuters"/>
<dc element="dc.creator.location" value="LONDON"/>
<dc element="dc.creator.location.country.name" value="UK"/>
<dc element="dc.source" value="Reuters"/>
</metadata>
</newsitem>
