<?xml version="1.0" encoding="iso-8859-1" ?>
<newsitem itemid="458589" id="root" date="1997-03-21" xml:lang="en">
<title>REPUBLIC OF IRELAND: Soccer-League of Ireland premier division fixtures.</title>
<headline>Soccer-League of Ireland premier division fixtures.</headline>
<dateline>DUBLIN 1997-03-21</dateline>
<text>
<p>National league of Ireland premier division fixtures. All kick-off times are given in GMT.</p>
<p>Friday, March 21</p>
<p>Dundalk vs Shamrock Rovers at Oriel Park, 1945 GMT.</p>
<p>St.Patrick's Athletic vs Cork City at Richmond Park, 1945 GMT.</p>
<p>Shelbourne vs Finn Harps at Tolka Park, 1945 GMT.</p>
<p>Saturday, March 22</p>
<p>Derry City vs Sligo Rovers at The Brandywell, 1930 GMT.</p>
<p>Sunday, March 23</p>
<p>Bray Wanderers vs University College Dublin at Carlisle Grounds, 1515 GMT.</p>
<p>Home Farm/Everton vs Bohemians vs Whitehall, 1515 GMT.</p>
<p>--Dublin newsroom, 353-1-661-3377</p>
</text>
<copyright>(c) Reuters Limited 1997</copyright>
<metadata>
<codes class="bip:countries:1.0">
  <code code="IRE">
    <editdetail attribution="Reuters BIP Coding Group" action="confirmed" date="1997-03-21"/>
  </code>
</codes>
<codes class="bip:topics:1.0">
  <code code="GCAT">
    <editdetail attribution="Reuters BIP Coding Group" action="confirmed" date="1997-03-21"/>
  </code>
  <code code="GSPO">
    <editdetail attribution="Reuters BIP Coding Group" action="confirmed" date="1997-03-21"/>
  </code>
</codes>
<dc element="dc.date.created" value="1997-03-21"/>
<dc element="dc.publisher" value="Reuters Holdings Plc"/>
<dc element="dc.date.published" value="1997-03-21"/>
<dc element="dc.source" value="Reuters"/>
<dc element="dc.creator.location" value="DUBLIN"/>
<dc element="dc.creator.location.country.name" value="REPUBLIC OF IRELAND"/>
<dc element="dc.source" value="Reuters"/>
</metadata>
</newsitem>
