<?xml version="1.0" encoding="iso-8859-1" ?>
<newsitem itemid="458563" id="root" date="1997-03-21" xml:lang="en">
<title>UK: ICI fined over chemical leak.</title>
<headline>ICI fined over chemical leak.</headline>
<dateline>LONDON 1997-03-21</dateline>
<text>
<p>Imperial Chemical Industries Plc has been fined 15,000 stg after a chemical leak at its Runcorn site in north-west England, Britain's Environment Agency said on Friday.</p>
<p>The agency said Runcorn magistrates fined ICI Chemicals and Polymers Ltd and ordered it to pay more than 5,000 in costs over an ethylene dichloride leak last July.</p>
<p>The agency said the chemical was sprayed horizonatally for about 10 metres after a hose blew off during a refit at the plant, with around 29 kilograms of it flowing into the Weston Canal.</p>
<p>The Agency said ICI pleaded guilty to breaching two conditions of its license for vinyl chloride at Runcorn Magistrates Court. The Agency said it &quot;views the incident as serious and one which could have been avoided.&quot;</p>
<p>--London Newsroom +44 171 542 7717</p>
</text>
<copyright>(c) Reuters Limited 1997</copyright>
<metadata>
<codes class="bip:countries:1.0">
  <code code="UK">
    <editdetail attribution="Reuters BIP Coding Group" action="confirmed" date="1997-03-21"/>
  </code>
</codes>
<codes class="bip:industries:1.0">
  <code code="I25000">
    <editdetail attribution="Reuters BIP Coding Group" action="confirmed" date="1997-03-21"/>
  </code>
</codes>
<codes class="bip:topics:1.0">
  <code code="C12">
    <editdetail attribution="Reuters BIP Coding Group" action="confirmed" date="1997-03-21"/>
  </code>
  <code code="C24">
    <editdetail attribution="Reuters BIP Coding Group" action="confirmed" date="1997-03-21"/>
  </code>
  <code code="CCAT">
    <editdetail attribution="Reuters BIP Coding Group" action="confirmed" date="1997-03-21"/>
  </code>
  <code code="GCAT">
    <editdetail attribution="Reuters BIP Coding Group" action="confirmed" date="1997-03-21"/>
  </code>
  <code code="GCRIM">
    <editdetail attribution="Reuters BIP Coding Group" action="confirmed" date="1997-03-21"/>
  </code>
  <code code="GDIS">
    <editdetail attribution="Reuters BIP Coding Group" action="confirmed" date="1997-03-21"/>
  </code>
  <code code="GENV">
    <editdetail attribution="Reuters BIP Coding Group" action="confirmed" date="1997-03-21"/>
  </code>
</codes>
<dc element="dc.date.created" value="1997-03-21"/>
<dc element="dc.publisher" value="Reuters Holdings Plc"/>
<dc element="dc.date.published" value="1997-03-21"/>
<dc element="dc.source" value="Reuters"/>
<dc element="dc.creator.location" value="LONDON"/>
<dc element="dc.creator.location.country.name" value="UK"/>
<dc element="dc.source" value="Reuters"/>
</metadata>
</newsitem>
