<?xml version="1.0" encoding="iso-8859-1" ?>
<newsitem itemid="458500" id="root" date="1997-03-21" xml:lang="en">
<title>ESTONIA: HANSAPANK TO ISSUE NEW SHARES.</title>
<headline>HANSAPANK TO ISSUE NEW SHARES.</headline>
<dateline>TALLINN 1997-03-21</dateline>
<text>
<p>Leading bank Hansapank said on Friday that it will propose a new issue of shares at its shareholder meeting.</p>
<p>It said in a statement that it will propose the issue of 19,121,780 shares of issue B at a nominal price of 10 kroons.</p>
<p>Shareholders will receive shares in proportion to their existing shareholding.</p>
<p>The issue will result in a rise in the bank's share capital to 382,435,600 kroons from 191,217,800 kroons, the bank added.</p>
<p>The shareholder meeting takes place on April 12.</p>
<p>&quot;The new shares entitle their owners to dividends starting from the financial year which commences on January 1 1997,&quot; Hansapank said in a statement.</p>
<p>It said that the shares would be distributed on the basis of shareholdings registered on April 28 at nine o'clock.</p>
<p>&quot;The shareholders will obtain the same amount of shares already owned by them on the afore-mentioned date,&quot; the bank added.</p>
<p>The bank also said the proposed dividend of 1.25 kroons a share would also be voted on at the shareholder meeting.</p>
<p>-- Patrick Lannin, Tallinn Newsroom +372 630 8400</p>
</text>
<copyright>(c) Reuters Limited 1997</copyright>
<metadata>
<codes class="bip:countries:1.0">
  <code code="ESTNIA">
    <editdetail attribution="Reuters BIP Coding Group" action="confirmed" date="1997-03-21"/>
  </code>
</codes>
<codes class="bip:industries:1.0">
  <code code="I81402">
    <editdetail attribution="Reuters BIP Coding Group" action="confirmed" date="1997-03-21"/>
  </code>
</codes>
<codes class="bip:topics:1.0">
  <code code="C17">
    <editdetail attribution="Reuters BIP Coding Group" action="confirmed" date="1997-03-21"/>
  </code>
  <code code="C171">
    <editdetail attribution="Reuters BIP Coding Group" action="confirmed" date="1997-03-21"/>
  </code>
  <code code="CCAT">
    <editdetail attribution="Reuters BIP Coding Group" action="confirmed" date="1997-03-21"/>
  </code>
</codes>
<dc element="dc.date.created" value="1997-03-21"/>
<dc element="dc.publisher" value="Reuters Holdings Plc"/>
<dc element="dc.date.published" value="1997-03-21"/>
<dc element="dc.source" value="Reuters"/>
<dc element="dc.creator.location" value="TALLINN"/>
<dc element="dc.creator.location.country.name" value="ESTONIA"/>
<dc element="dc.source" value="Reuters"/>
</metadata>
</newsitem>
