<?xml version="1.0" encoding="iso-8859-1" ?>
<newsitem itemid="458675" id="root" date="1997-03-21" xml:lang="en">
<title>ZAMBIA: Zambia Breweries to sell 10 pct shares to public.</title>
<headline>Zambia Breweries to sell 10 pct shares to public.</headline>
<dateline>LUSAKA 1997-03-21</dateline>
<text>
<p>Zambia Breweries is to sell 10 percent of its shares to the public next month ahead of its listing on the Lusaka Stock Exchange on June 9, a company official said on Friday.</p>
<p>The official said the shares, held by the Zambia Privatisation Trust Fund, would be on offer between April 21 and May 9.</p>
<p>&quot;This 10 percent represents 13 million shares and these will be offered for sale between April 21 and May 9. A portion of these shares, not exceeding 1.3 million, will be cleared preferentially but at the same price per share to employees of Zambia Breweries,&quot; the official said.</p>
<p>The company expects to be listed on the Lusaka Stock Exchange on June 9, making it the sixth company to be listed on the exchange after Chilanga Cement, Farmers House, Rothmans, Zambia Consolidated Copper Mines and Zambia Sugar.</p>
<p>Zambia Breweries is owned by Zamanglo Industrial Corp, a local company through which Anglo American Corp of South Africa runs its investments in Zambia, and South African Breweries subsidiary Indol International. Each own 45 percent of the sharholding in Zambia Breweries.</p>
<p>-- Lusaka newsroom +2601 222 689</p>
</text>
<copyright>(c) Reuters Limited 1997</copyright>
<metadata>
<codes class="bip:countries:1.0">
  <code code="ZAMBIA">
    <editdetail attribution="Reuters BIP Coding Group" action="confirmed" date="1997-03-21"/>
  </code>
</codes>
<codes class="bip:industries:1.0">
  <code code="I21000">
    <editdetail attribution="Reuters BIP Coding Group" action="confirmed" date="1997-03-21"/>
  </code>
  <code code="I42700">
    <editdetail attribution="Reuters BIP Coding Group" action="confirmed" date="1997-03-21"/>
  </code>
  <code code="I83960">
    <editdetail attribution="Reuters BIP Coding Group" action="confirmed" date="1997-03-21"/>
  </code>
</codes>
<codes class="bip:topics:1.0">
  <code code="C17">
    <editdetail attribution="Reuters BIP Coding Group" action="confirmed" date="1997-03-21"/>
  </code>
  <code code="C171">
    <editdetail attribution="Reuters BIP Coding Group" action="confirmed" date="1997-03-21"/>
  </code>
  <code code="C18">
    <editdetail attribution="Reuters BIP Coding Group" action="confirmed" date="1997-03-21"/>
  </code>
  <code code="C181">
    <editdetail attribution="Reuters BIP Coding Group" action="confirmed" date="1997-03-21"/>
  </code>
  <code code="CCAT">
    <editdetail attribution="Reuters BIP Coding Group" action="confirmed" date="1997-03-21"/>
  </code>
</codes>
<dc element="dc.date.created" value="1997-03-21"/>
<dc element="dc.publisher" value="Reuters Holdings Plc"/>
<dc element="dc.date.published" value="1997-03-21"/>
<dc element="dc.source" value="Reuters"/>
<dc element="dc.creator.location" value="LUSAKA"/>
<dc element="dc.creator.location.country.name" value="ZAMBIA"/>
<dc element="dc.source" value="Reuters"/>
</metadata>
</newsitem>
