<?xml version="1.0" encoding="iso-8859-1" ?>
<newsitem itemid="458686" id="root" date="1997-03-21" xml:lang="en">
<title>MAURITIUS: Mauritius' UBP interim profit up 45 percent.</title>
<headline>Mauritius' UBP interim profit up 45 percent.</headline>
<dateline>PORT LOUIS 1997-03-21</dateline>
<text>
<p>Building materials manufacturer United Basalt Products on Friday reported a 45 percent rise in interim profit before tax to 28.7 million rupees ($1.43 million) for the half year ended 31 December 1996 from 19.8 million rupees during the same period in 1995.</p>
<p>&quot;The group has operated under favourable conditions during the first semester of the financial year and has realised better results than expected,&quot; said company secretary Gaetan Bouic.</p>
<p>UBP's turnover for the six months period ending 31 December 1996 was posted at 244.0 million rupees from 222.4 million rupees during the second half of 1995 while profit after tax rose to 25.6 million rupees from 17.9 million rupees.</p>
<p>&quot;The second semester is well known to be less profitable than the first. However, the directors are confident of a better than average result for the full financial year,&quot; Bouic said.</p>
<p>($1=20.1365 Mauritian rupees).</p>
<p>--Port Louis ++230 211-9555.</p>
</text>
<copyright>(c) Reuters Limited 1997</copyright>
<metadata>
<codes class="bip:countries:1.0">
  <code code="MAURTS">
    <editdetail attribution="Reuters BIP Coding Group" action="confirmed" date="1997-03-21"/>
  </code>
</codes>
<codes class="bip:industries:1.0">
  <code code="I24000">
    <editdetail attribution="Reuters BIP Coding Group" action="confirmed" date="1997-03-21"/>
  </code>
</codes>
<codes class="bip:topics:1.0">
  <code code="C15">
    <editdetail attribution="Reuters BIP Coding Group" action="confirmed" date="1997-03-21"/>
  </code>
  <code code="C151">
    <editdetail attribution="Reuters BIP Coding Group" action="confirmed" date="1997-03-21"/>
  </code>
  <code code="CCAT">
    <editdetail attribution="Reuters BIP Coding Group" action="confirmed" date="1997-03-21"/>
  </code>
</codes>
<dc element="dc.date.created" value="1997-03-21"/>
<dc element="dc.publisher" value="Reuters Holdings Plc"/>
<dc element="dc.date.published" value="1997-03-21"/>
<dc element="dc.source" value="Reuters"/>
<dc element="dc.creator.location" value="PORT LOUIS"/>
<dc element="dc.creator.location.country.name" value="MAURITIUS"/>
<dc element="dc.source" value="Reuters"/>
</metadata>
</newsitem>
