<?xml version="1.0" encoding="iso-8859-1" ?>
<newsitem itemid="458668" id="root" date="1997-03-21" xml:lang="en">
<title>ZAIRE: Zaire rebels reject Mobutu's call for truce.</title>
<headline>Zaire rebels reject Mobutu's call for truce.</headline>
<dateline>KISANGANI, Zaire 1997-03-21</dateline>
<text>
<p>Zaire rebels rejected on Friday ailing President Mobutu Sese Seko's call for a truce, saying he was only trying to buy time and his return home made no difference.</p>
<p>Asked about Mobutu's ceasefire call and return to Kinshasa from France, rebel political commissioner Deo Bugera said: &quot;We do not receive Mobutu's orders. If Mobutu comes back it makes no difference.&quot;  </p>
<p>&quot;We are going to liberate our people. He always wants to buy time. But we will not play his game.&quot;</p>
<p>Bugera was speaking in the northeastern Zairean capital of Kisangani, captured by the rebels last weekend. Rebel leader Laurent Kabila was flying on Friday from rebel headquarters in Goma to Kisangani for his first visit since its fall.</p>
<p>Diplomats said United Nations special envoy Mohamed Sahnoun was expected to arrive in Kisangani later on Friday after talks with Uganda's President Yoweri Museveni to press Kabila for a truce.</p>
<p>The rebel leader demands negotiations with Mobutu, or his representative, before any ceasefire and says he will only talk about how the 66-year-old ruler plans to step down from power.</p>
</text>
<copyright>(c) Reuters Limited 1997</copyright>
<metadata>
<codes class="bip:countries:1.0">
  <code code="ZAIRE">
    <editdetail attribution="Reuters BIP Coding Group" action="confirmed" date="1997-03-21"/>
  </code>
</codes>
<codes class="bip:topics:1.0">
  <code code="GCAT">
    <editdetail attribution="Reuters BIP Coding Group" action="confirmed" date="1997-03-21"/>
  </code>
  <code code="GPOL">
    <editdetail attribution="Reuters BIP Coding Group" action="confirmed" date="1997-03-21"/>
  </code>
  <code code="GVIO">
    <editdetail attribution="Reuters BIP Coding Group" action="confirmed" date="1997-03-21"/>
  </code>
</codes>
<dc element="dc.date.created" value="1997-03-21"/>
<dc element="dc.publisher" value="Reuters Holdings Plc"/>
<dc element="dc.date.published" value="1997-03-21"/>
<dc element="dc.source" value="Reuters"/>
<dc element="dc.creator.location" value="KISANGANI, Zaire"/>
<dc element="dc.creator.location.country.name" value="ZAIRE"/>
<dc element="dc.source" value="Reuters"/>
</metadata>
</newsitem>
