<?xml version="1.0" encoding="iso-8859-1" ?>
<newsitem itemid="458607" id="root" date="1997-03-21" xml:lang="en">
<title>CANADA: Nova Scotia to lead Atlantic growth, bank says.</title>
<headline>Nova Scotia to lead Atlantic growth, bank says.</headline>
<dateline>TORONTO 1997-03-21</dateline>
<text>
<p>Nova Scotia will lead Canada's Atlantic provinces in economic growth during the next two years, said an economic report by a large Canadian bank.</p>
<p>Capital project spending, a strong technology sector and modest improvements in the fisheries industry will drive economic growth of 2.5 percent this year and 3.25 percent in 1998, said the Bank of Montreal in its regional outlook.</p>
<p>&quot;One of the main contributors will be construction. Capital projects, in particular construction of the Sable Island natural gas project, are bound to have a formidable impact,&quot; said Tim O'Neill, the bank's chief economist.</p>
<p>Capital spending projects, including C$3 billion worth of investments in the Sable Island project, are expected to employ more than 1,000 construction workers this year, the bank said.</p>
<p>Nova Scotia's unemployment is expected to decline from 12.7% in 1996 to 12.4% in 1997 and 11.6% in 1998, O'Neill added.</p>
<p>Prince Edward Island will trail all other Canadian provinces this year as the province's economy shrinks by 1.25 percent, the bank said.</p>
<p>But P.E.I's economy will make a comeback in 1998 with growth of 2.0 percent, the bank said.</p>
<p>The completion of the Confederation Bridge will initially remove a tremendous economic stimulant, in the form of non-residential building and related activities, O'Neill said.</p>
<p>New Brunswick's economy will grow 2.5 percent this year and 3.0 percent in 1998, while Newfoundland's economy will enjoy 1.25 percent growth this year and 3.0 percent in 1998, the bank said.</p>
<p>((Paul Simao, Reuters Toronto Bureau (416) 941-8104))</p>
</text>
<copyright>(c) Reuters Limited 1997</copyright>
<metadata>
<codes class="bip:countries:1.0">
  <code code="CANA">
    <editdetail attribution="Reuters BIP Coding Group" action="confirmed" date="1997-03-21"/>
  </code>
</codes>
<codes class="bip:topics:1.0">
  <code code="E11">
    <editdetail attribution="Reuters BIP Coding Group" action="confirmed" date="1997-03-21"/>
  </code>
  <code code="ECAT">
    <editdetail attribution="Reuters BIP Coding Group" action="confirmed" date="1997-03-21"/>
  </code>
</codes>
<dc element="dc.date.created" value="1997-03-21"/>
<dc element="dc.publisher" value="Reuters Holdings Plc"/>
<dc element="dc.date.published" value="1997-03-21"/>
<dc element="dc.source" value="Reuters"/>
<dc element="dc.creator.location" value="TORONTO"/>
<dc element="dc.creator.location.country.name" value="CANADA"/>
<dc element="dc.source" value="Reuters"/>
</metadata>
</newsitem>
