<?xml version="1.0" encoding="iso-8859-1" ?>
<newsitem itemid="458671" id="root" date="1997-03-21" xml:lang="en">
<title>NIGERIA: Nigerian ruler supports OAU conference on Zaire.</title>
<headline>Nigerian ruler supports OAU conference on Zaire.</headline>
<dateline>LAGOS 1997-03-21</dateline>
<text>
<p>Nigerian military ruler General Sani Abacha has welcomed a special session of the Organisation of African Unity in Lome, Togo, next week on the Zaire conflict, presidency officials said on Friday.</p>
<p>They said Abacha expressed his support on Thursday when he received Togolese Foreign Minister Pierre Koffi Panou in the capital Abuja.</p>
<p>&quot;The head of state was emphatic that the Lome talks are essential to try to resolve the Zaire crisis in an African way,&quot; said one official.</p>
<p>Panou was in Abuja to brief Abacha on the Lome meeting.</p>
<p>Nigerian officials said Abacha believed that the Lome talks would bring the parties to the dispute to negotiations.</p>
<p>&quot;The OAU conflict resolution mechanism ought to be exploited to find purely African solutions to our peculiar problems,&quot; one said.</p>
<p>An envoy of Zaire's ailing President Mobutu Sese Seko met Abacha in Abuja in November and gave him a detailed account of the conflict, Nigeria officials said at the time.</p>
</text>
<copyright>(c) Reuters Limited 1997</copyright>
<metadata>
<codes class="bip:countries:1.0">
  <code code="NIGEA">
    <editdetail attribution="Reuters BIP Coding Group" action="confirmed" date="1997-03-21"/>
  </code>
  <code code="OAU">
    <editdetail attribution="Reuters BIP Coding Group" action="confirmed" date="1997-03-21"/>
  </code>
  <code code="TOGO">
    <editdetail attribution="Reuters BIP Coding Group" action="confirmed" date="1997-03-21"/>
  </code>
  <code code="ZAIRE">
    <editdetail attribution="Reuters BIP Coding Group" action="confirmed" date="1997-03-21"/>
  </code>
</codes>
<codes class="bip:topics:1.0">
  <code code="GCAT">
    <editdetail attribution="Reuters BIP Coding Group" action="confirmed" date="1997-03-21"/>
  </code>
  <code code="GDIP">
    <editdetail attribution="Reuters BIP Coding Group" action="confirmed" date="1997-03-21"/>
  </code>
</codes>
<dc element="dc.date.created" value="1997-03-21"/>
<dc element="dc.publisher" value="Reuters Holdings Plc"/>
<dc element="dc.date.published" value="1997-03-21"/>
<dc element="dc.source" value="Reuters"/>
<dc element="dc.creator.location" value="LAGOS"/>
<dc element="dc.creator.location.country.name" value="NIGERIA"/>
<dc element="dc.source" value="Reuters"/>
</metadata>
</newsitem>
