<?xml version="1.0" encoding="iso-8859-1" ?>
<newsitem itemid="458693" id="root" date="1997-03-21" xml:lang="en">
<title>ALBANIA: Albania's southern rebels issue new demands.</title>
<headline>Albania's southern rebels issue new demands.</headline>
<byline>Giles Elgood</byline>
<dateline>TIRANA 1997-03-21</dateline>
<text>
<p>Rebel leaders in southern Albania on Friday issued a fresh call for President Sali Berisha to resign but drew back from an earlier threat to set up a rival government.</p>
<p>Representatives of 14 rebel-held southern towns who have formed themselves into a National Committee of Public Salvation said they were ready to cooperate with the new interim national unity government under Prime Minister Bashkim Fino.</p>
<p>But they called for a voice in national political discussions and demanded that the government &quot;neutralise&quot; institutions helping Berisha remain in power, such as the state-run media and the Shik secret police.</p>
<p>Fino has drawn up a bill to reform the Shik, but this could be blocked in parliament by Berisha's Democratic Party, which controls 122 of the 140 seats in parliament following elections last May which were branded seriously flawed by foreign observers and boycotted by the opposition.</p>
<p>The rebels met in the southern town of Tepelene after Berisha ignored a Thursday deadline they set for him to quit. The embattled president says he will step down if his party loses elections scheduled for June.</p>
<p>The rebels also demanded fresh moves under the Finance Ministry to look into the scandal of shady pyramid investment schemes in which thousands of Albanians, particularly in the south, lost their savings. They called for an investigation into how the losses might be repaid.</p>
<p>The unrest sparked by the collapse of the pyramid schemes has left the army in chaos after much of its weaponry was looted by angry rebels and the country, Europe's poorest, badly in need of outside aid.</p>
<p>Greece said it was ready to help rebuild the Albanian army, but would need to study exactly what Albania needed before suggesting specific measures.</p>
<p>The European Union said it was prepared to send humanitarian aid &quot;in two or three days&quot;, but stressed that military security must be ensured first.</p>
<p>The rebels had earlier threatened to set up a rival presidential council to challenge Berisha's authority in the south, which is ostensibly ruled by a loose network of citizens' councils.</p>
<p>In practice real control in many towns appears to be wielded by local mafias, all armed to the teeth with weapons looted from army barracks at the start of the uprising.</p>
<p>Albanian political party leaders, now part of the all-party government taking the country up to the June elections, have come out against using force to remove Berisha, saying the democratic process will decide.</p>
<p>In Tepelene, Salvation Committee member Latif Lato urged residents to observe the curfew and refrain from using their looted guns.</p>
<p>&quot;Make no mistake, we have to fight against the same enemy, Sali Berisha. Let us help each other in order to better focus on him,&quot; Lato told reporters.</p>
<p>In Tirana the government, which controls the north and is seeking to reestablish control in the south, is locked in a power struggle with parliament, dominated by the Democrats.</p>
<p>Late on Thursday parliament voted down a draft bill submitted by Fino, of the ex-communist Socialist Party, to bring state television and radio under control of the government rather than parliament.</p>
<p>Fino argued that since the new government reflected all political shades it should take over control of the media for the time being, until the current crisis had been resolved.</p>
<p>However the speaker of parliament, Pjeter Arbnori, accused Fino of acting unconstitutionally, saying no previous government had ever tried to take over the media.</p>
<p>The parliament also blocked a government bill to lift press restrictions imposed under a state of emergency still in force.</p>
<p>Tirana airport remained open after the first flight for a week left for Sofia on Thursday. No civil flights were operating on Friday, but Austrian Airlines said it would resume flights to Tirana on Monday.</p>
</text>
<copyright>(c) Reuters Limited 1997</copyright>
<metadata>
<codes class="bip:countries:1.0">
  <code code="ALB">
    <editdetail attribution="Reuters BIP Coding Group" action="confirmed" date="1997-03-21"/>
  </code>
</codes>
<codes class="bip:topics:1.0">
  <code code="GCAT">
    <editdetail attribution="Reuters BIP Coding Group" action="confirmed" date="1997-03-21"/>
  </code>
  <code code="GPOL">
    <editdetail attribution="Reuters BIP Coding Group" action="confirmed" date="1997-03-21"/>
  </code>
  <code code="GVIO">
    <editdetail attribution="Reuters BIP Coding Group" action="confirmed" date="1997-03-21"/>
  </code>
</codes>
<dc element="dc.date.created" value="1997-03-21"/>
<dc element="dc.publisher" value="Reuters Holdings Plc"/>
<dc element="dc.date.published" value="1997-03-21"/>
<dc element="dc.source" value="Reuters"/>
<dc element="dc.creator.location" value="TIRANA"/>
<dc element="dc.creator.location.country.name" value="ALBANIA"/>
<dc element="dc.source" value="Reuters"/>
</metadata>
</newsitem>
