<?xml version="1.0" encoding="iso-8859-1" ?>
<newsitem itemid="458629" id="root" date="1997-03-21" xml:lang="en">
<title>ZAIRE: Zaire's Mobutu heading home as rebels advance.</title>
<headline>Zaire's Mobutu heading home as rebels advance.</headline>
<byline>William Wallis</byline>
<dateline>KINSHASA 1997-03-21</dateline>
<text>
<p>Zaire's ailing and embattled president, Mobutu Sese Seko, was due home from France on Friday after pleading for national unity in the face of growing popular support for rebels led by Laurent Kabila.</p>
<p>Mobutu, who left hospital in Monaco on Wednesday after fresh cancer treatment, called for a truce and for a national council to find a peace settlement.</p>
<p>&quot;At a time when I am preparing to return to my country to find myself again among my people, I invite all Zaireans to rise (and stand) together,&quot; Mobutu said in a hand-written statement issued from his villa in the south of France.</p>
<p>Much depended on the response of Kabila, whose Alliance of Democratic Forces for the Liberation of Congo-Zaire (ADFL) is advancing relentlessly across Zaire.</p>
<p>He says only face-to-face talks with Mobutu will halt the fighting.</p>
<p>France and the United States, meanwhile, made contingency plans to evacuate their nationals from Zaire if the need arose. France has sent troops and planes to nearby Gabon and Congo.</p>
<p>The Pentagon said on Thursday the U.S. military was making preparations for the possible emergency evacuation of Americans from Zaire but had received no request to do so from the U.S. embassy in Kinshasa.</p>
<p>&quot;We have sent in an assessment team and we are taking prudent efforts beyond that to be ready to do whatever we are requested to do,&quot; U.S. Defence Department spokesman Ken Bacon told reporters.</p>
<p>Mobutu's son, Nzanga, said in France that his father no longer ruled out talks with rebel leaders but wanted to involve the government, army and transitional parliament.</p>
<p>&quot;His intention is to find a solution to the present crisis in consultation with parliament, the government and the military high command,&quot; he said.</p>
<p>Mobutu, 66, has spent most of his time in Europe since having prostate cancer surgery in August. He has dominated Zaire with a mix of political acumen and military ruthlessness since seizing power here in 1965.</p>
<p>State television said he would land in Kinshasa &quot;ready to take up his responsibilities at an institutional level in the face of the current situation in the east&quot;.</p>
<p>Mobutu presented his proposed national council as a formula to find &quot;appropriate ways&quot; out of the crisis &quot;with all our brothers, without exclusion&quot;.</p>
<p>Aides in France said he would leave Nice airport at 8 a.m. (0700 GMT) and arrive in Kinshasa at 3 p.m. (1400 GMT).</p>
<p>The rebels took up arms in October in a dispute about Zairean nationality for an ethnic Tutsi minority, who form the core of Kabila's fighting force. An alliance of anti-Mobutu groups rallied around the cause.</p>
<p>Kabila's popularity surged as his forces notched up victory after victory. Residents of Kinshasa's poor districts openly welcome the prospect of his arrival in the capital.</p>
<p>The rebel advance has fuelled fresh political squabbling within Zaire's political family as rivals keen not to lose out in any deal with Kabila jockey for position.</p>
<p>Zaire's main opposition group, the Union for Democracy and Social Progress (UDPS) of veteran radical Etienne Tshisekedi, said it shared Kabila's aim of toppling Mobutu and had sent envoys to talk to him.</p>
<p>Party general secretary Adrien Phongo said Mobutu had to endorse Tshisekedi as prime minister after the transitional parliament voted to sack Prime Minister Kengo wa Dondo, who has come under fire for his handling of the war.</p>
<p>Supporters of Kengo, who says he will remain in the job until further notice, and of Mobutu say the vote was invalid.</p>
<p>On the diplomatic front, the rebels have come under intense pressure to agree a ceasefire as a prelude to negotiations and U.N. special envoy Mohammed Sahnoun was due to hold fresh talks with Kabila in east Zaire.</p>
</text>
<copyright>(c) Reuters Limited 1997</copyright>
<metadata>
<codes class="bip:countries:1.0">
  <code code="FRA">
    <editdetail attribution="Reuters BIP Coding Group" action="confirmed" date="1997-03-21"/>
  </code>
  <code code="USA">
    <editdetail attribution="Reuters BIP Coding Group" action="confirmed" date="1997-03-21"/>
  </code>
  <code code="ZAIRE">
    <editdetail attribution="Reuters BIP Coding Group" action="confirmed" date="1997-03-21"/>
  </code>
</codes>
<codes class="bip:topics:1.0">
  <code code="GCAT">
    <editdetail attribution="Reuters BIP Coding Group" action="confirmed" date="1997-03-21"/>
  </code>
  <code code="GDIP">
    <editdetail attribution="Reuters BIP Coding Group" action="confirmed" date="1997-03-21"/>
  </code>
  <code code="GPOL">
    <editdetail attribution="Reuters BIP Coding Group" action="confirmed" date="1997-03-21"/>
  </code>
  <code code="GVIO">
    <editdetail attribution="Reuters BIP Coding Group" action="confirmed" date="1997-03-21"/>
  </code>
</codes>
<dc element="dc.date.created" value="1997-03-21"/>
<dc element="dc.publisher" value="Reuters Holdings Plc"/>
<dc element="dc.date.published" value="1997-03-21"/>
<dc element="dc.source" value="Reuters"/>
<dc element="dc.creator.location" value="KINSHASA"/>
<dc element="dc.creator.location.country.name" value="ZAIRE"/>
<dc element="dc.source" value="Reuters"/>
</metadata>
</newsitem>
