<?xml version="1.0" encoding="iso-8859-1" ?>
<newsitem itemid="458677" id="root" date="1997-03-21" xml:lang="en">
<title>ZAIRE: Belgian school shut as Zaire civil war nears Shaba.</title>
<headline>Belgian school shut as Zaire civil war nears Shaba.</headline>
<byline>Richard Meares</byline>
<dateline>LUBUMBASHI, Zaire 1997-03-21</dateline>
<text>
<p>A Belgian school in Zaire's copper-mining province of Shaba closed early for Easter on Friday, as the country's former colonial masters erred on the side of caution in the face of the approaching civil war.</p>
<p>But as Laurent Kabila's rebels advanced towards Shaba's capital and Zaire's second city, Lubumbashi, few foreigners were expecting mayhem on the scale seen in earlier unrest in the province that has fought several times for independence.</p>
<p>After the psychologically crucial jungle city of Kisangani fell last weekend in the faraway north, the army in the south seems to be imploding, say politicians and business leaders.</p>
<p>But they believe the danger of soldiers repeating a rampage of looting which devastated the city six years ago has eased.</p>
<p>Expatriates seem to agree, but just in case, the Belgian school closed a week early to let families of the 1,500 foreign workers in the region leave for Easter holidays. Contingency plans for possible evacuation have also been made.</p>
<p>&quot;The holidays will be three weeks instead of two and most families expect their children will be back as normal for the reopening,&quot; said Christian Merschman, the Belgian consul.</p>
<p>Lebanese businessmen, many of whom settled in Lubumbashi long ago, chartered a plane this week to fly their families to Johannesburg, two hours away to the south.</p>
<p>Other foreigners -- mainly Belgians, Greeks and Portuguese - - said they were relaxed about what all assume will be a swift and relatively bloodless transfer of power in Shaba to Kabila.</p>
<p>&quot;It will all be over in a week or two and then everyone will come back,&quot; said one Indian businessman, Pralad Parkbo.</p>
<p>Not everyone, however, is expected to return once the rebels, presently about 400 km (250 miles) or several days away at least, enter Lubumbashi.</p>
<p>With Kabila rejecting a ceasefire, families of officials linked to unpopular President Mobutu Sese Seko have been leaving for the capital Kinshasa or to South Africa, expatriate sources say. The officials themselves, however, are hanging on.</p>
<p>&quot;The barons of the regime have the most to fear from Kabila,&quot; said Shaba's suspended governor Kyungu wa Kumwanza, head of the province's most popular political party, UFERI -- not including himself among them.</p>
<p>France, despised by the rebels as Mobutu's main foreign backer, urged its nationals on Thursday to leave the vast Central African republic unless they had vital work there.</p>
<p>French representatives in Shaba said none of the 180 or so French expatriates, working in the mines in Lubumbashi, Kolwezi and other towns, had so far felt the need to heed the official advice.</p>
<p>&quot;Hardly any of them have wives and children here and I don't know of any who have left,&quot; one said.</p>
<p>Kolwezi, 400 km (250 miles) northwest from Lubumbashi, is a name that still sends shudders down the spine of many Belgians.</p>
<p>Twenty years ago, separatist rebels massacred some of the 2,000 Belgians living in the then prosperous copper-mining town. Those rebels were seeking independence for Katanga, as Shaba is still called locally. They crossed from bases in Angola.</p>
<p>French paratroops took control of the town before African peacekeepers deployed and stayed for over a year.</p>
</text>
<copyright>(c) Reuters Limited 1997</copyright>
<metadata>
<codes class="bip:countries:1.0">
  <code code="BELG">
    <editdetail attribution="Reuters BIP Coding Group" action="confirmed" date="1997-03-21"/>
  </code>
  <code code="ZAIRE">
    <editdetail attribution="Reuters BIP Coding Group" action="confirmed" date="1997-03-21"/>
  </code>
</codes>
<codes class="bip:topics:1.0">
  <code code="GCAT">
    <editdetail attribution="Reuters BIP Coding Group" action="confirmed" date="1997-03-21"/>
  </code>
  <code code="GVIO">
    <editdetail attribution="Reuters BIP Coding Group" action="confirmed" date="1997-03-21"/>
  </code>
</codes>
<dc element="dc.date.created" value="1997-03-21"/>
<dc element="dc.publisher" value="Reuters Holdings Plc"/>
<dc element="dc.date.published" value="1997-03-21"/>
<dc element="dc.source" value="Reuters"/>
<dc element="dc.creator.location" value="LUBUMBASHI, Zaire"/>
<dc element="dc.creator.location.country.name" value="ZAIRE"/>
<dc element="dc.source" value="Reuters"/>
</metadata>
</newsitem>
