<?xml version="1.0" encoding="iso-8859-1" ?>
<newsitem itemid="458645" id="root" date="1997-03-21" xml:lang="en">
<title>COTE D'IVOIRE: Ivorian mid-crop cocoa may pass 160,000 T - analysts.</title>
<headline>Ivorian mid-crop cocoa may pass 160,000 T - analysts.</headline>
<byline>Matthew Bunce</byline>
<dateline>ABIDJAN 1997-03-21</dateline>
<text>
<p>Ivory Coast's mid-crop cocoa harvest is set to exceed 100,000 tonnes, and rains may boost production to 160,000 or more, crop analysts said on Friday.</p>
<p>&quot;It is possible but not definite,&quot; said one analyst after touring plantations. &quot;There is maybe two-thirds of that (160,000 tonnes) on trees at the moment but (the total) depends on what happens in the next three weeks.&quot;</p>
<p>Weather and other factors are highly variable at this time of year. National weather centre forecasters expect rains to strengthen in the next two to three weeks -- favouring pod development.</p>
<p>&quot;There are less (pods) than last year but no worse than the average over the past four to five years,&quot; said the analyst.</p>
<p>Ivory Coast set a record 1.2 million tonne total crop in 1995/96 (Oct-Sept) after a bumper 200,000 tonne mid-crop from end-April.</p>
<p>Crop analysts disagreed over mid-crop data -- let alone five-year averages. Tonnages arriving at ports are often 30-60,000 tonnes down on harvests as farmers and buyers build stocks hoping for a price rise as new seasons open in October.</p>
<p>&quot;People's statistics and carryover estimates differ, but mine show a tree crop of 175-180,000 over the past five years,&quot; said one analyst, adding that some private mid-crop forecasts were issued after taking off an estimated carryover figure.</p>
<p>Main crop arrivals by March 7 totalled at least 920,000 tonnes, closing in on last year's one million.</p>
<p>&quot;If the rains come in the next couple of weeks pod setting, leaf flushing and canopy regeneration will be good for the end of the mid-crop and the early main crop (1997/98),&quot; said the analyst.</p>
<p>The rate of arrivals this week had slowed to a trickle with bean sizes slipping below export standard (105 per 100 grams, with eight percent or less humidity) in some areas.</p>
<p>&quot;Main crop cocoa is fading out...There is still some at farmer level in some areas, mainly the southwest,&quot; said one exporter.</p>
<p>Volumes are expected to pick up, particularly in June and July, after a gradual rise in May.</p>
<p>&quot;If the main crops are becoming larger there is no reason to suppose the mid-crop will remain static,&quot; said one analyst.</p>
<p>Fears that mid-crop cocoa would be ravaged by drought had partly eased. A drought in February was broken by light rains and thunder showers around the end of the month.</p>
<p>&quot;I do not think the trees are in terrible condition and there are a reasonable number of pods on them,&quot; an analyst said.</p>
<p>Recent rains have been heavy in some areas, with trees reported falling around Soubre in the west.</p>
<p>Overall levels remain down compared with last year, but crop analysts said trees were bearing up well despite localised damage.</p>
<p>Plantations in eastern areas bordering Ghana had suffered most, with some destroyed by bush fires in February.</p>
<p>&quot;That is not a great problem as most of the trees are old,&quot; said one analyst.</p>
<p>-- Abidjan newsroom + 225 21 90 90</p>
</text>
<copyright>(c) Reuters Limited 1997</copyright>
<metadata>
<codes class="bip:countries:1.0">
  <code code="ICST">
    <editdetail attribution="Reuters BIP Coding Group" action="confirmed" date="1997-03-21"/>
  </code>
</codes>
<codes class="bip:industries:1.0">
  <code code="I01001">
    <editdetail attribution="Reuters BIP Coding Group" action="confirmed" date="1997-03-21"/>
  </code>
  <code code="I0100144">
    <editdetail attribution="Reuters BIP Coding Group" action="confirmed" date="1997-03-21"/>
  </code>
</codes>
<codes class="bip:topics:1.0">
  <code code="C21">
    <editdetail attribution="Reuters BIP Coding Group" action="confirmed" date="1997-03-21"/>
  </code>
  <code code="C24">
    <editdetail attribution="Reuters BIP Coding Group" action="confirmed" date="1997-03-21"/>
  </code>
  <code code="CCAT">
    <editdetail attribution="Reuters BIP Coding Group" action="confirmed" date="1997-03-21"/>
  </code>
  <code code="M14">
    <editdetail attribution="Reuters BIP Coding Group" action="confirmed" date="1997-03-21"/>
  </code>
  <code code="M141">
    <editdetail attribution="Reuters BIP Coding Group" action="confirmed" date="1997-03-21"/>
  </code>
  <code code="MCAT">
    <editdetail attribution="Reuters BIP Coding Group" action="confirmed" date="1997-03-21"/>
  </code>
</codes>
<dc element="dc.date.created" value="1997-03-21"/>
<dc element="dc.publisher" value="Reuters Holdings Plc"/>
<dc element="dc.date.published" value="1997-03-21"/>
<dc element="dc.source" value="Reuters"/>
<dc element="dc.creator.location" value="ABIDJAN"/>
<dc element="dc.creator.location.country.name" value="COTE D'IVOIRE"/>
<dc element="dc.source" value="Reuters"/>
</metadata>
</newsitem>
