<?xml version="1.0" encoding="iso-8859-1" ?>
<newsitem itemid="458618" id="root" date="1997-03-21" xml:lang="en">
<title>ZAIRE: Confusion as weary Mobutu returns home to Zaire.</title>
<headline>Confusion as weary Mobutu returns home to Zaire.</headline>
<byline>William Wallis</byline>
<dateline>KINSHASA 1997-03-21</dateline>
<text>
<p>Zaire's ailing and embattled President Mobutu Sese Seko returned home on Friday to try to salvage what remains of his crumbling authority in the face of relentless rebel advances, witnesses said.</p>
<p>But his homecoming created considerable confusion about his state of health after aides from his plane and his presidential guard ushered away a welcoming committee of senior military men and government ministers.</p>
<p>&quot;I think he was tired and did not want to be seen being helped down the aircraft steps,&quot; a senior government official told Reuters later.</p>
<p>An aide to Mobutu, who has just had fresh cancer treatment, said the veteran president's wife Bobila Dawa had helped him down the steps before they travelled to his official residence.</p>
<p>Mobutu's low-key return contrasted with his December 17 homecoming, when large crowds turned out to welcome him. On Friday small crowds gathered on the airport route in opposition areas to jeer Mobutu and praise rebel leader Laurent Kabila.</p>
<p>Kabila, meanwhile, arrived in triumph in Zaire's third city of Kisangani on Friday, where more than 10,000 jubilant residents hailed him as a saviour.</p>
<p>Kabila, whose forces have been fighting to topple Mobutu since October and captured Kisangani last week, rejected a truce-then-talks call from Mobutu. &quot;We negotiate first,&quot; Kabila said in Kisangani.</p>
<p>&quot;He (Mobutu) always wants to buy time. But we will not play his game,&quot; his political commissioner Deo Bugera added.</p>
<p>Mobutu, 66, left hospital in Monaco on Wednesday after fresh cancer treatment. He issued a statement on Thursday calling for a truce and a national council to find a peace settlement.</p>
<p>&quot;He will address the nation to mark his position clearly,&quot; his son Mobutu Nzanga told Reuters in Nice. &quot;My father remains an important player in the stability of Central Africa.&quot;</p>
<p>But many ordinary Zaireans, eager for a change from three decades of poverty and hardship under Mobutu, are openly rallying to Kabila. Residents of Kinshasa's poor districts openly welcome the prospect of his arrival in the capital.</p>
<p>Meanwhile, U.S. Defence Secretary William Cohen said that U.S. officials were monitoring the rebellion in Zaire day by day, even hour by hour, to assess whether to evacuate U.S. citizens.</p>
<p>&quot;We are in the preparatorial stage to make sure we can act if action is called for,&quot; Cohen told reporters in Washington.</p>
<p>Kabila's Alliance of Democratic Forces for the Liberation of Congo-Zaire (ADFL) is advancing relentlessly across the sprawling and chaotic Central African nation, where central government control has long been notional in many places.</p>
<p>Under foreign pressure to agree a truce and talk, Kabila says only face-to-face talks with Mobutu can halt the fighting.</p>
<p>Mobutu's son Nzanga said on Thursday that his father no longer ruled out talks with rebel leaders but wanted to involve the government, army and transitional parliament. &quot;His intention is to find a solution to the present crisis in consultation with parliament, the government and the military high command.&quot;</p>
<p>Mobutu has spent most of his time in Europe since having prostate cancer surgery in August. He has dominated Zaire with a mixture of political acumen and military ruthlessness since seizing power in 1965.</p>
<p>He presented his proposed national council as a formula to find &quot;appropriate ways&quot; out of the crisis &quot;with all our brothers, without exclusion&quot;.</p>
<p>The rebels were not the only ones unimpressed. &quot;He is sure to come with his usual confusion. Everything is possible, a good move, a bad move and the worst possible move. But he will above all be thinking of himself,&quot; one senior government member said.</p>
<p>The rebels took up arms in October in a dispute about Zairean nationality for an ethnic Tutsi minority, who form the core of Kabila's fighting force. An alliance of anti-Mobutu groups rallied around the cause.</p>
</text>
<copyright>(c) Reuters Limited 1997</copyright>
<metadata>
<codes class="bip:countries:1.0">
  <code code="ZAIRE">
    <editdetail attribution="Reuters BIP Coding Group" action="confirmed" date="1997-03-21"/>
  </code>
</codes>
<codes class="bip:topics:1.0">
  <code code="GCAT">
    <editdetail attribution="Reuters BIP Coding Group" action="confirmed" date="1997-03-21"/>
  </code>
  <code code="GVIO">
    <editdetail attribution="Reuters BIP Coding Group" action="confirmed" date="1997-03-21"/>
  </code>
</codes>
<dc element="dc.date.created" value="1997-03-21"/>
<dc element="dc.publisher" value="Reuters Holdings Plc"/>
<dc element="dc.date.published" value="1997-03-21"/>
<dc element="dc.source" value="Reuters"/>
<dc element="dc.creator.location" value="KINSHASA"/>
<dc element="dc.creator.location.country.name" value="ZAIRE"/>
<dc element="dc.source" value="Reuters"/>
</metadata>
</newsitem>
