<?xml version="1.0" encoding="iso-8859-1" ?>
<newsitem itemid="458638" id="root" date="1997-03-21" xml:lang="en">
<title>SOUTH AFRICA: SAfrica's Madikizela-Mandela backs call over spies.</title>
<headline>SAfrica's Madikizela-Mandela backs call over spies.</headline>
<dateline>SHARPEVILLE, South Africa 1997-03-21</dateline>
<text>
<p>South Africa's Winnie Madikizela-Mandela on Friday backed a call by her former husband, President Nelson Mandela, for African National Congress members who served as informers for the apartheid government to be exposed.</p>
<p>Allegations surfaced recently during inquiries by Nobel peace laureate Desmond Tutu's &quot;truth commission&quot; that up to five ANC cabinet ministers had spied on their own colleagues.</p>
<p>&quot;Let us stop those covert counter-revolutionary third forces in their tracks through, amongst others, full public disclosure! Expose the spies!,&quot; Madikizela-Mandela said in an emotive speech to up to 1,000 supporters in Sharpeville.</p>
<p>The rally was held in the a black township, where 69 black demonstrators were killed by police in 1960, to mark Human Rights Day, a public holiday in South Africa.</p>
<p>Mandela said earlier this month that his government did not wish to protect individuals proven to have served the apartheid regime, even if they belonged to his ruling party.</p>
<p>Mandela has also said that anyone whose actions led to deaths would be fired.</p>
<p>The Truth and Reconciliation Commission's amnesty committee initially ruled that spies identified during applications for immunity from prosecution for human rights crimes would not be publicly named.</p>
<p>But Tutu later said it would be necessary to name the people implicated after giving them 21 days' notice in order to halt the spread of lies and innuendo.</p>
<p>The outcome will be a test for Mandela's ANC, which has promoted open government and transparency in politics since it won power in the country's first all-race elections in 1994.</p>
</text>
<copyright>(c) Reuters Limited 1997</copyright>
<metadata>
<codes class="bip:countries:1.0">
  <code code="SAFR">
    <editdetail attribution="Reuters BIP Coding Group" action="confirmed" date="1997-03-21"/>
  </code>
</codes>
<codes class="bip:topics:1.0">
  <code code="GCAT">
    <editdetail attribution="Reuters BIP Coding Group" action="confirmed" date="1997-03-21"/>
  </code>
  <code code="GPOL">
    <editdetail attribution="Reuters BIP Coding Group" action="confirmed" date="1997-03-21"/>
  </code>
  <code code="GVIO">
    <editdetail attribution="Reuters BIP Coding Group" action="confirmed" date="1997-03-21"/>
  </code>
</codes>
<dc element="dc.date.created" value="1997-03-21"/>
<dc element="dc.publisher" value="Reuters Holdings Plc"/>
<dc element="dc.date.published" value="1997-03-21"/>
<dc element="dc.source" value="Reuters"/>
<dc element="dc.creator.location" value="SHARPEVILLE, South Africa"/>
<dc element="dc.creator.location.country.name" value="SOUTH AFRICA"/>
<dc element="dc.source" value="Reuters"/>
</metadata>
</newsitem>
