<?xml version="1.0" encoding="iso-8859-1" ?>
<newsitem itemid="458699" id="root" date="1997-03-21" xml:lang="en">
<title>RUSSIA: Russian PM says &quot;power ministers&quot; to keep jobs.</title>
<headline>Russian PM says &quot;power ministers&quot; to keep jobs.</headline>
<dateline>MOSCOW 1997-03-21</dateline>
<text>
<p>Russian Prime Minister Viktor Chernomyrdin said on Friday the interior and defence ministers and the head of the Federal Security Service would not be affected by a cabinet reshuffle now under way.</p>
<p>&quot;There will be no personnel changes in any power structures now,&quot; he told the State Duma lower house of parliament. President Boris Yeltsin launched a dramatic cabinet reshuffle on Monday which is expected to be completed early next week.</p>
<p>The heads of the interior and defence ministries and the Federal Service are collectively known as the &quot;power ministers&quot; responsible for maintaining national security.</p>
<p>Like the foreign minister, they report directly to Yeltsin, bypassing the prime minister.</p>
<p>Defence Minister Igor Rodionov has been publicly at odds with members of Yeltsin's entourage and had recently been rumoured to be facing the axe in the reshuffle.</p>
<p>Chernomyrdin told the Duma that further nominations would be made early next week to fill new posts established by the government shake-up but he added there would be no more sackings.</p>
<p>Yeltsin, worried by growing public discontent over a protracted economic downturn, has put pro-market liberals in broad control of economic policy.</p>
<p>Chernomyrdin has said the new cabinet's top priorities will be speeding up reforms and acting to end big delays in payment of wages and pensions.</p>
<p>Chernomyrdin said earlier that the government changes would be completed after Yeltsin returns on Saturday from Helsinki, where he has been holding talks with U.S. President Bill Clinton.</p>
</text>
<copyright>(c) Reuters Limited 1997</copyright>
<metadata>
<codes class="bip:countries:1.0">
  <code code="RUSS">
    <editdetail attribution="Reuters BIP Coding Group" action="confirmed" date="1997-03-21"/>
  </code>
</codes>
<codes class="bip:topics:1.0">
  <code code="GCAT">
    <editdetail attribution="Reuters BIP Coding Group" action="confirmed" date="1997-03-21"/>
  </code>
  <code code="GPOL">
    <editdetail attribution="Reuters BIP Coding Group" action="confirmed" date="1997-03-21"/>
  </code>
</codes>
<dc element="dc.date.created" value="1997-03-21"/>
<dc element="dc.publisher" value="Reuters Holdings Plc"/>
<dc element="dc.date.published" value="1997-03-21"/>
<dc element="dc.source" value="Reuters"/>
<dc element="dc.creator.location" value="MOSCOW"/>
<dc element="dc.creator.location.country.name" value="RUSSIA"/>
<dc element="dc.source" value="Reuters"/>
</metadata>
</newsitem>
