<?xml version="1.0" encoding="iso-8859-1" ?>
<newsitem itemid="458619" id="root" date="1997-03-21" xml:lang="en">
<title>ANGOLA: Port conditions update - Angola - Lloyds Shipping.</title>
<headline>Port conditions update - Angola - Lloyds Shipping.</headline>
<text>
<p>Port conditions from Lloyds Shipping Intelligence Service --</p>
<p>ANGOLA, March 21 - Customs department have gone on strike. All clearance of goods for import and export have been halted. There is no cargo moving in/out of the port of Luanda.</p>
<p>Lobito, Namibe, Soyo and Cabinda are reported to be operating normally. Pilots and towage operations for vessels are currently operating. Vessel delays are anticipated. All offshore crude terminals are operating normally and no berthing delays reported.</p>
</text>
<copyright>(c) Reuters Limited 1997</copyright>
<metadata>
<codes class="bip:countries:1.0">
  <code code="ANGOL">
    <editdetail attribution="Reuters BIP Coding Group" action="confirmed" date="1997-03-21"/>
  </code>
</codes>
<codes class="bip:industries:1.0">
  <code code="I76300">
    <editdetail attribution="Reuters BIP Coding Group" action="confirmed" date="1997-03-21"/>
  </code>
</codes>
<codes class="bip:topics:1.0">
  <code code="C24">
    <editdetail attribution="Reuters BIP Coding Group" action="confirmed" date="1997-03-21"/>
  </code>
  <code code="CCAT">
    <editdetail attribution="Reuters BIP Coding Group" action="confirmed" date="1997-03-21"/>
  </code>
</codes>
<dc element="dc.publisher" value="Reuters Holdings Plc"/>
<dc element="dc.date.published" value="1997-03-21"/>
<dc element="dc.source" value="Reuters"/>
<dc element="dc.creator.location.country.name" value="ANGOLA"/>
<dc element="dc.source" value="Reuters"/>
</metadata>
</newsitem>
