<?xml version="1.0" encoding="iso-8859-1" ?>
<newsitem itemid="458669" id="root" date="1997-03-21" xml:lang="en">
<title>NIGERIA: PRESS DIGEST - Nigeria - March 21.</title>
<headline>PRESS DIGEST - Nigeria - March 21.</headline>
<dateline>LAGOS 1997-03-21</dateline>
<text>
<p>These are significant stories in the Nigerian press on Friday. Reuters has not verified these stories and does not vouch for their accuracy.</p>
<p>DAILY TIMES</p>
<p>- Former oil minister Don Etiebet, who was detained after local council elections on Saturday, has been freed, aides say.</p>
<p>- Transport fares up 50 percent as petrol shortage bites; state oil firm says supply being normalised.</p>
<p>- State electricity utility firm NEPA says power rationing will continue, blaming the situation on inadequate distribution materials and debt of three billion naira owed by consumers.</p>
<p>- Central bank shelves plan to reduce number of banks that participate in clearing cheques to 12 from 46 after banks to be dropped say this will cause a run on their funds by depositors.</p>
<p>- Nigeria launches global campaign for its export processing zone in Calabar, southeast, with advertisements on Cable News Network (CNN).</p>
<p>THE GUARDIAN</p>
<p>- By-elections arising from last Saturday's local council polls will take place on April 3, investigations suggest</p>
<p>- Lagos state governor Colonel Mohammed Marwa and others unhurt after plane they boarded in capital Abuja for Lagos burst its tyres as it taxies before take off.</p>
<p>- Lack of cooperation from Britain's Midland Bank may have frustrated efforts of investigative panel to confirm whether or not state oil firm NNPC operates any secret accounts.</p>
<p>THISDAY</p>
<p>- Support for General Sani Abacha's government swelled on Thursday in Lagos, Abuja and Oshun states where locals held rallies praising his transition to civil rule programme and condemning recent bomb blasts in the country.</p>
<p>- Chairman of national reconciliation committee Alex Akinyele, receiving Britain's new deputy high commissioner (ambassador) to Nigeria, urges London to lift sanctions imposed on Nigeria and to support its democracy programme.</p>
<p>- Oil firms lobby for increase in Nigeria's budget for cash calls, the money government pays them to run the joint ventures that explore and produce the nation's crude oil.</p>
<p>($1=85 naira)</p>
<p>-- Lagos newsroom +234 1 2630317</p>
</text>
<copyright>(c) Reuters Limited 1997</copyright>
<metadata>
<codes class="bip:countries:1.0">
  <code code="NIGEA">
    <editdetail attribution="Reuters BIP Coding Group" action="confirmed" date="1997-03-21"/>
  </code>
</codes>
<codes class="bip:topics:1.0">
  <code code="GCAT">
    <editdetail attribution="Reuters BIP Coding Group" action="confirmed" date="1997-03-21"/>
  </code>
</codes>
<dc element="dc.date.created" value="1997-03-21"/>
<dc element="dc.publisher" value="Reuters Holdings Plc"/>
<dc element="dc.date.published" value="1997-03-21"/>
<dc element="dc.source" value="Reuters"/>
<dc element="dc.creator.location" value="LAGOS"/>
<dc element="dc.creator.location.country.name" value="NIGERIA"/>
<dc element="dc.source" value="Reuters"/>
</metadata>
</newsitem>
