<?xml version="1.0" encoding="iso-8859-1" ?>
<newsitem itemid="458664" id="root" date="1997-03-21" xml:lang="en">
<title>TANZANIA: Drought cuts Tanzania tea production by a quarter.</title>
<headline>Drought cuts Tanzania tea production by a quarter.</headline>
<byline>Mark Dodd</byline>
<dateline>DAR ES SALAAM 1997-03-21</dateline>
<text>
<p>Drought in East Africa will cause a 25 percent loss in Tanzanian tea production in the 1996/97 season, a senior tea industry official said on Friday.</p>
<p>&quot;Our projection for 1996/97 is because of the effect of the drought (affecting) 20 to 25 percent of the whole country.</p>
<p>&quot;It will be down by almost 40 percent for Usumbaras (northern tea region),&quot; said Salum Mijinga, Managing Director of the state-run Tanzania Tea Authority (TTA). The Usambara teas are named after the mountain range on which they grown.</p>
<p>Production of tea, Tanzania's third biggest agricultural export earner after coffee and cotton, was expected to be in the range of 18 million kg (39.69 million lb) worth about $21 million at current market prices, Mijinga told Reuters.</p>
<p>This compared with a production of 22 million kg (48.51 million lb) and worth $20 million in 1995/96. The disparity in earnings was due to falling prices on the world market in 1995/96.</p>
<p>&quot;Prices (1995/96) were the lowest in 40 years -- about 90 cents per kilogram,&quot; Mijinga said. &quot;This year they started picking up around $1.20 as an average at the Mombasa auctions.&quot;</p>
<p>He attributed this year's price hike to the drought saying production had also fallen in neighbouring Kenya, Africa's biggest tea producing country.</p>
<p>Tanzania had a good season in 1994/95 when production reached 25,271,529 kg of tea worth a record $26.2 million. Ten years ago (1986/87) 14.06 million kgs were produced earning $24.5 million. The TTA crop season matches the financial year (July/June).</p>
<p>Mijinga said the Usumbara teas grown in northern Tanga region would be hardest hit by the drought. They normally account for 30 percent of total Tanzanian tea production and are grown in three districts, Muheza, Karogwe and Lushoto.</p>
<p>Tanzania's tea industry dates to 1902 when the first crop was planted by German colonial settlers in northern Tanga.</p>
<p>About 80 percent of annual production is exported, mainly to Middle East countries, but also to Sudan, Pakistan and Europe. The remaining 20 percent is used for domestic consumption.</p>
<p>Green tea is produced by smallholders as well as large tea estates. Mijinga said there was widespread scope for expansion of the local tea industry with up to 20,000 hectares (49,420 acres) of land available for additional production.</p>
<p>Some 20,000 hectares is currently under production, half of which is run by small holders, 30 percent private estates, 10 percent TTA estates and 10 percent public sector estates. --Nairobi Newsroom ++254-2 330-261.</p>
</text>
<copyright>(c) Reuters Limited 1997</copyright>
<metadata>
<codes class="bip:countries:1.0">
  <code code="TANZA">
    <editdetail attribution="Reuters BIP Coding Group" action="confirmed" date="1997-03-21"/>
  </code>
</codes>
<codes class="bip:industries:1.0">
  <code code="I01001">
    <editdetail attribution="Reuters BIP Coding Group" action="confirmed" date="1997-03-21"/>
  </code>
  <code code="I0100142">
    <editdetail attribution="Reuters BIP Coding Group" action="confirmed" date="1997-03-21"/>
  </code>
</codes>
<codes class="bip:topics:1.0">
  <code code="C21">
    <editdetail attribution="Reuters BIP Coding Group" action="confirmed" date="1997-03-21"/>
  </code>
  <code code="C24">
    <editdetail attribution="Reuters BIP Coding Group" action="confirmed" date="1997-03-21"/>
  </code>
  <code code="CCAT">
    <editdetail attribution="Reuters BIP Coding Group" action="confirmed" date="1997-03-21"/>
  </code>
  <code code="GCAT">
    <editdetail attribution="Reuters BIP Coding Group" action="confirmed" date="1997-03-21"/>
  </code>
  <code code="GWEA">
    <editdetail attribution="Reuters BIP Coding Group" action="confirmed" date="1997-03-21"/>
  </code>
</codes>
<dc element="dc.date.created" value="1997-03-21"/>
<dc element="dc.publisher" value="Reuters Holdings Plc"/>
<dc element="dc.date.published" value="1997-03-21"/>
<dc element="dc.source" value="Reuters"/>
<dc element="dc.creator.location" value="DAR ES SALAAM"/>
<dc element="dc.creator.location.country.name" value="TANZANIA"/>
<dc element="dc.source" value="Reuters"/>
</metadata>
</newsitem>
