<?xml version="1.0" encoding="iso-8859-1" ?>
<newsitem itemid="458643" id="root" date="1997-03-21" xml:lang="en">
<title>ZIMBABWE: Hillary Clinton in Zimbabwe on African tour.</title>
<headline>Hillary Clinton in Zimbabwe on African tour.</headline>
<dateline>HARARE 1997-03-21</dateline>
<text>
<p>U.S. First Lady Hillary Rodham Clinton and her daughter Chelsea arrived in Zimbabwe on Friday on the third leg of a six-nation African tour.</p>
<p>Mrs Clinton was met at Harare International Airport by Zimbabwe Foreign Affairs Minister Stan Mudenge on arrival from South Africa for a three-day visit that includes meetings with President Robert Mugabe and some women's groups.</p>
<p>She is also scheduled to visit Zimbabwe's prime tourist resort, the world-famous Victoria Falls on Sunday on the two-week goodwill African tour whose main theme is to promote better health and education for African women and children.</p>
<p>In an arrival statement distributed to the press, Mrs Clinton also said she was keen &quot;to see Africa's democratic and economic renewal firsthand&quot;, which was why her focus was on women.</p>
<p>&quot;A democracy depends on the full integration of women into society...,&quot; she said.</p>
<p>Mrs. Clinton's African tour is her ninth solo trip outside the United States. The two-week goodwill mission also includes Senegal, Uganda, Tanzania and Eritrea.</p>
</text>
<copyright>(c) Reuters Limited 1997</copyright>
<metadata>
<codes class="bip:countries:1.0">
  <code code="SAFR">
    <editdetail attribution="Reuters BIP Coding Group" action="confirmed" date="1997-03-21"/>
  </code>
  <code code="USA">
    <editdetail attribution="Reuters BIP Coding Group" action="confirmed" date="1997-03-21"/>
  </code>
  <code code="ZIMBAB">
    <editdetail attribution="Reuters BIP Coding Group" action="confirmed" date="1997-03-21"/>
  </code>
</codes>
<codes class="bip:topics:1.0">
  <code code="GCAT">
    <editdetail attribution="Reuters BIP Coding Group" action="confirmed" date="1997-03-21"/>
  </code>
  <code code="GDIP">
    <editdetail attribution="Reuters BIP Coding Group" action="confirmed" date="1997-03-21"/>
  </code>
  <code code="GPRO">
    <editdetail attribution="Reuters BIP Coding Group" action="confirmed" date="1997-03-21"/>
  </code>
</codes>
<dc element="dc.date.created" value="1997-03-21"/>
<dc element="dc.publisher" value="Reuters Holdings Plc"/>
<dc element="dc.date.published" value="1997-03-21"/>
<dc element="dc.source" value="Reuters"/>
<dc element="dc.creator.location" value="HARARE"/>
<dc element="dc.creator.location.country.name" value="ZIMBABWE"/>
<dc element="dc.source" value="Reuters"/>
</metadata>
</newsitem>
