<?xml version="1.0" encoding="iso-8859-1" ?>
<newsitem itemid="458670" id="root" date="1997-03-21" xml:lang="en">
<title>SOUTH AFRICA: Gencor turns down role in Brazil's CVRD.</title>
<headline>Gencor turns down role in Brazil's CVRD.</headline>
<dateline>JOHANNESBURG 1997-03-21</dateline>
<text>
<p>South Africa's Gencor Ltd GMFJ.J said on Friday it would not pursue a bid for the mining assets of Brazil's state-run Companhia Vale do Rio Doce (CVRD).</p>
<p>&quot;The executive committee has concluded that the opportunity to take a leading role in the management of CVRD... would not contribute sufficiently to Gencor's global strategy,&quot; Gencor said in a statement.</p>
<p>The mining giant added the deal would also not fit its commitment to deliver rapid growth in value to its shareholders.</p>
<p>&quot;Gencor has therefore decided not to pursue such a major role in CVRD's privatisation,&quot; the company said.</p>
<p>Brazilian officials plan an initial sell-off of a 40-45 percent controlling stake in CVRD. Gencor said in December that it was considering a bid for the assets of the Brazilian mining operation.</p>
<p>-- Johannesburg newsroom, +27-11 482 1003</p>
</text>
<copyright>(c) Reuters Limited 1997</copyright>
<metadata>
<codes class="bip:countries:1.0">
  <code code="BRAZ">
    <editdetail attribution="Reuters BIP Coding Group" action="confirmed" date="1997-03-21"/>
  </code>
  <code code="SAFR">
    <editdetail attribution="Reuters BIP Coding Group" action="confirmed" date="1997-03-21"/>
  </code>
</codes>
<codes class="bip:industries:1.0">
  <code code="I21000">
    <editdetail attribution="Reuters BIP Coding Group" action="confirmed" date="1997-03-21"/>
  </code>
  <code code="I83960">
    <editdetail attribution="Reuters BIP Coding Group" action="confirmed" date="1997-03-21"/>
  </code>
</codes>
<codes class="bip:topics:1.0">
  <code code="C18">
    <editdetail attribution="Reuters BIP Coding Group" action="confirmed" date="1997-03-21"/>
  </code>
  <code code="C181">
    <editdetail attribution="Reuters BIP Coding Group" action="confirmed" date="1997-03-21"/>
  </code>
  <code code="C183">
    <editdetail attribution="Reuters BIP Coding Group" action="confirmed" date="1997-03-21"/>
  </code>
  <code code="CCAT">
    <editdetail attribution="Reuters BIP Coding Group" action="confirmed" date="1997-03-21"/>
  </code>
</codes>
<dc element="dc.date.created" value="1997-03-21"/>
<dc element="dc.publisher" value="Reuters Holdings Plc"/>
<dc element="dc.date.published" value="1997-03-21"/>
<dc element="dc.source" value="Reuters"/>
<dc element="dc.creator.location" value="JOHANNESBURG"/>
<dc element="dc.creator.location.country.name" value="SOUTH AFRICA"/>
<dc element="dc.source" value="Reuters"/>
</metadata>
</newsitem>
