<?xml version="1.0" encoding="iso-8859-1" ?>
<newsitem itemid="458649" id="root" date="1997-03-21" xml:lang="en">
<title>SOMALIA: Somali militiamen attack aid vehicle, kill one.</title>
<headline>Somali militiamen attack aid vehicle, kill one.</headline>
<dateline>MOGADISHU 1997-03-21</dateline>
<text>
<p>Militiamen attacked a vehicle from an Italian aid agency in the central Somalia town of Belet-Tuen on Friday, killing one person and wounding five, witnesses said.</p>
<p>They said the attack was carried out by militiamen loyal to the self-proclaimed president, Ali Mahdi Mohamed.</p>
<p>The dead person was a Somali woman caught in a crossfire between the militiamen and bodyguards in the vehicle, the witnesses said. Two Somali militiamen were also wounded.</p>
<p>Somalia in the Horn of Africa has been without central administration since 1991 when rebels ousted dictator Mohamed Siad Barre. The rebels then turned on each other in battles that laid waste to the country.</p>
</text>
<copyright>(c) Reuters Limited 1997</copyright>
<metadata>
<codes class="bip:countries:1.0">
  <code code="SOMAL">
    <editdetail attribution="Reuters BIP Coding Group" action="confirmed" date="1997-03-21"/>
  </code>
</codes>
<codes class="bip:topics:1.0">
  <code code="GCAT">
    <editdetail attribution="Reuters BIP Coding Group" action="confirmed" date="1997-03-21"/>
  </code>
  <code code="GVIO">
    <editdetail attribution="Reuters BIP Coding Group" action="confirmed" date="1997-03-21"/>
  </code>
</codes>
<dc element="dc.date.created" value="1997-03-21"/>
<dc element="dc.publisher" value="Reuters Holdings Plc"/>
<dc element="dc.date.published" value="1997-03-21"/>
<dc element="dc.source" value="Reuters"/>
<dc element="dc.creator.location" value="MOGADISHU"/>
<dc element="dc.creator.location.country.name" value="SOMALIA"/>
<dc element="dc.source" value="Reuters"/>
</metadata>
</newsitem>
