<?xml version="1.0" encoding="iso-8859-1" ?>
<newsitem itemid="458616" id="root" date="1997-03-21" xml:lang="en">
<title>CANADA: Canada raises amount required for investor immigrants.</title>
<headline>Canada raises amount required for investor immigrants.</headline>
<byline>Heather Scoffield</byline>
<dateline>OTTAWA 1997-03-21</dateline>
<text>
<p>Canada is raising the amount of investment required of prospective immigrants seeking to settle in the country, Immigration Minister Lucienne Robillard said on Friday.</p>
<p>Under a program designed to attract investment, one way foreigners seeking to live in Canada may be granted an immigrant visa is by pledging to invest in the economy.</p>
<p>But Robillard told a news conference the required amount would be raised to avoid abuse and to ensure adequate economic impact.</p>
<p>&quot;While we won't be changing the basic selection criteria for investor entry to Canada, we will be changing the amounts needed to invest, the ways in which that capital can be used and the way in which the program is administered,&quot; she said.</p>
<p>&quot;It's the most practical way to ensure growth and employment at the local level.&quot;</p>
<p>She denied that passage into Canada was for sale. &quot;Our citizenship is not for sale in this country,&quot; she said. &quot;The amount of money invested is not the only criteria here.&quot;</p>
<p>Investors account for about three percent of total immigration to Canada each year. Currently they must invest $250,000 Canadian ($180,000) to gain entry.</p>
<p>That is being raised to C$450,000 ($325,000) for the richest, most popular destinations -- Quebec, Ontario, Alberta and British Columbia. For the rest of Canada the rate will rise to C$350,000 ($250,000).</p>
<p>At least 60 percent of the capital must be invested in small and medium-sized businesses. The provinces will be able to direct the remaining 40 percent to their chosen priorities.</p>
<p>The immigrant investor program was introduced in 1986 to attract experienced business people and their money to Canada. The program has attracted C$3.75 billion ($2.74 billion) since its inception and created more than 33,000 jobs, Robillard said.</p>
</text>
<copyright>(c) Reuters Limited 1997</copyright>
<metadata>
<codes class="bip:countries:1.0">
  <code code="CANA">
    <editdetail attribution="Reuters BIP Coding Group" action="confirmed" date="1997-03-21"/>
  </code>
</codes>
<codes class="bip:topics:1.0">
  <code code="E51">
    <editdetail attribution="Reuters BIP Coding Group" action="confirmed" date="1997-03-21"/>
  </code>
  <code code="E511">
    <editdetail attribution="Reuters BIP Coding Group" action="confirmed" date="1997-03-21"/>
  </code>
  <code code="ECAT">
    <editdetail attribution="Reuters BIP Coding Group" action="confirmed" date="1997-03-21"/>
  </code>
  <code code="GCAT">
    <editdetail attribution="Reuters BIP Coding Group" action="confirmed" date="1997-03-21"/>
  </code>
  <code code="GPOL">
    <editdetail attribution="Reuters BIP Coding Group" action="confirmed" date="1997-03-21"/>
  </code>
</codes>
<dc element="dc.date.created" value="1997-03-21"/>
<dc element="dc.publisher" value="Reuters Holdings Plc"/>
<dc element="dc.date.published" value="1997-03-21"/>
<dc element="dc.source" value="Reuters"/>
<dc element="dc.creator.location" value="OTTAWA"/>
<dc element="dc.creator.location.country.name" value="CANADA"/>
<dc element="dc.source" value="Reuters"/>
</metadata>
</newsitem>
