<?xml version="1.0" encoding="iso-8859-1" ?>
<newsitem itemid="458666" id="root" date="1997-03-21" xml:lang="en">
<title>BOTSWANA: SADC chief says group must help resolve Zaire war.</title>
<headline>SADC chief says group must help resolve Zaire war.</headline>
<dateline>GABORONE 1997-03-21</dateline>
<text>
<p>Southern African Development Community chief Kaire Mbuende says the Africa trade groupings' 12 members must help resolve the civil war in neighbouring Zaire.</p>
<p>&quot;Zaire is not a member of SADC but we have to keep our house in order...to make sure that the values that we develop in the SADC region are defended and protected,&quot; Mbuende said on Thursday during the signing of a cooperation agreement with Belgium in Gaborone, Botswana.</p>
<p>Zaire shares borders with SADC members Angola, Zambia and Tanzania. Other members are South Africa, Botswana, Zimbabwe, Namibia, Mozambique, Lesotho, Swaziland, Mauritius and Malawi.</p>
<p>&quot;We want peace and democracy in Zaire. Our heads of state are actively engaged to ensure that ultimately peace and democracy come to Zaire for the sake of the people of that country and for the sake of the people of the region and Africa,&quot; Mbuende added.</p>
<p>Belgium's ambassador to Botswana Leo Willems said there could be no peace and stability in Zaire without democratic elections.</p>
<p>&quot;Elections will be delayed, they might not take place this year, but they will take place...but without that there will be no solution in Zaire,&quot; he said.</p>
</text>
<copyright>(c) Reuters Limited 1997</copyright>
<metadata>
<codes class="bip:countries:1.0">
  <code code="BOTS">
    <editdetail attribution="Reuters BIP Coding Group" action="confirmed" date="1997-03-21"/>
  </code>
  <code code="SADCC">
    <editdetail attribution="Reuters BIP Coding Group" action="confirmed" date="1997-03-21"/>
  </code>
  <code code="ZAIRE">
    <editdetail attribution="Reuters BIP Coding Group" action="confirmed" date="1997-03-21"/>
  </code>
</codes>
<codes class="bip:topics:1.0">
  <code code="GCAT">
    <editdetail attribution="Reuters BIP Coding Group" action="confirmed" date="1997-03-21"/>
  </code>
  <code code="GDIP">
    <editdetail attribution="Reuters BIP Coding Group" action="confirmed" date="1997-03-21"/>
  </code>
  <code code="GVIO">
    <editdetail attribution="Reuters BIP Coding Group" action="confirmed" date="1997-03-21"/>
  </code>
</codes>
<dc element="dc.date.created" value="1997-03-21"/>
<dc element="dc.publisher" value="Reuters Holdings Plc"/>
<dc element="dc.date.published" value="1997-03-21"/>
<dc element="dc.source" value="Reuters"/>
<dc element="dc.creator.location" value="GABORONE"/>
<dc element="dc.creator.location.country.name" value="BOTSWANA"/>
<dc element="dc.source" value="Reuters"/>
</metadata>
</newsitem>
