<?xml version="1.0" encoding="iso-8859-1" ?>
<newsitem itemid="458672" id="root" date="1997-03-21" xml:lang="en">
<title>SOUTH AFRICA: Government said stable in Lesotho despite split.</title>
<headline>Government said stable in Lesotho despite split.</headline>
<byline>Allan Seccombe</byline>
<dateline>DURBAN, South Africa 1997-03-21</dateline>
<text>
<p>Lesotho Prime Minister Ntsu Mokhehle's brother said on Friday a bitter rift in the ruling party would not weaken the government nor jeopardise a general poll next year.</p>
<p>Shakhane Mokhehle, minister of natural resources in his brother's government, told Reuters in an interview support for the premier remained strong despite his age and frailty.</p>
<p>In a dismissal of deputy Basotholand Congress Party leader Malopho Qhobela, he added: &quot;There is a lot of support for the government and Qhobela's faction poses no challenge at all -- They are not weakening the government because they don't have a big following.&quot;</p>
<p>Diplomats say Ntsu Mokhehle, elected in 1993 as the first democratic leader in two decades, retains support from voters and party members. But constant wrangling between opposing factions in the ruling BCP and ineffective leadership by the 78-year-old premier has left a negative impression.</p>
<p>&quot;Things are in such a mess,&quot; one diplomatic source, who declined to be named, told Reuters. &quot;At a national, regional and international level the image of Lesotho is right down.&quot;</p>
<p>Prime Minister Mokhehle is currently fighting in court to overturn a resolution passed by Qhobela's faction in the BCP to dismiss him as party leader. However he announced last weekend he would not seek re-election in the March 1998 poll.</p>
<p>&quot;He has had enough and he has said it is time that he makes room for younger people,&quot; Shakhane Mokhehle said.</p>
<p>The announcement was greeted with furrowed brows among the diplomatic community, with some sources saying it indicated a lack of effective leadership when it was most needed.</p>
<p>&quot;The announcement has negatively affected the credibility of the government,&quot; one diplomat added.</p>
<p>The BCP split is between a minority of educated, urban voters for Qhobela's faction and larger rural support for Mokhehle, according to Khabela Matlosa, political scientist at the Lesotho University.</p>
<p>&quot;The conflict between the two factions runs so deep now that they are unable to negotiate a settlement. It is now a question of winner takes all,&quot; Matlosa told Reuters.</p>
<p>The ailing Mokhehle has increasingly been absent from cabinet meetings and has left running the country to Deputy Prime Minister Pakalitha Mosisili.</p>
<p>Matlosa sees no easy victor in the leadership tussle.</p>
<p>&quot;There is no real support for these politicians,&quot; he said. &quot;Mokhehle's brother is not popular, Mosisili has no standing and is unable to rally any support from the people and Qhobela's faction appeals to mainly urban intellectual Basothos.&quot;</p>
<p>Ntsu Mokhehle has weathered a series of crises since he won power in March 1993. Last month an 11-day police munity was crushed by the army.</p>
</text>
<copyright>(c) Reuters Limited 1997</copyright>
<metadata>
<codes class="bip:countries:1.0">
  <code code="LESOT">
    <editdetail attribution="Reuters BIP Coding Group" action="confirmed" date="1997-03-21"/>
  </code>
  <code code="SAFR">
    <editdetail attribution="Reuters BIP Coding Group" action="confirmed" date="1997-03-21"/>
  </code>
</codes>
<codes class="bip:topics:1.0">
  <code code="GCAT">
    <editdetail attribution="Reuters BIP Coding Group" action="confirmed" date="1997-03-21"/>
  </code>
  <code code="GPOL">
    <editdetail attribution="Reuters BIP Coding Group" action="confirmed" date="1997-03-21"/>
  </code>
</codes>
<dc element="dc.date.created" value="1997-03-21"/>
<dc element="dc.publisher" value="Reuters Holdings Plc"/>
<dc element="dc.date.published" value="1997-03-21"/>
<dc element="dc.source" value="Reuters"/>
<dc element="dc.creator.location" value="DURBAN, South Africa"/>
<dc element="dc.creator.location.country.name" value="SOUTH AFRICA"/>
<dc element="dc.source" value="Reuters"/>
</metadata>
</newsitem>
