<?xml version="1.0" encoding="iso-8859-1" ?>
<newsitem itemid="458624" id="root" date="1997-03-21" xml:lang="en">
<title>ZAIRE: Mobutu's call for truce rejected by rebels.</title>
<headline>Mobutu's call for truce rejected by rebels.</headline>
<byline>Matthew Bigg</byline>
<dateline>KISANGANI, Zaire 1997-03-21</dateline>
<text>
<p>Zaire rebels rejected on Friday ailing President Mobutu Sese Seko's call for a truce, saying he was only trying to buy time and his return home made no difference.</p>
<p>Asked about Mobutu's ceasefire call and return to Kinshasa from France, rebel political commissioner Deo Bugera said: &quot;We do not receive Mobutu's orders. If Mobutu comes back it makes no difference.</p>
<p>&quot;We are going to liberate our people. He always wants to buy time. But we will not play his game.&quot;</p>
<p>Bugera was speaking in the northeastern Zairean capital of Kisangani, captured by the rebels last weekend. Rebel leader Laurent Kabila was flying on Friday from rebel headquarters in Goma to Kisangani for his first visit since its fall.</p>
<p>Diplomats said United Nations special envoy Mohamed Sahnoun was expected to arrive in Kisangani later on Friday after talks with Uganda's President Yoweri Museveni to press Kabila for a truce.</p>
<p>The rebel leader says he wants negotiations with Mobutu, or his representative, before any ceasefire and he will only talk about how the 66-year-old ruler plans to step down from power.</p>
<p>Mobutu left France on Friday to return to Kinshasa.</p>
<p>The rebels have seized more than a fifth of Zaire since launching their revolt in the east and Kabila says his forces will press on to the diamond capital of Mbuji-Mayi and Zaire's second city Lubumbashi.</p>
<p>Mobutu, who is suffering from cancer, issued an appeal late on Thursday in a statement from his villa on the French Riviera, calling for a ceasefire and urging the Zairean people &quot;to rise together&quot;.</p>
<p>Mobutu's son and spokesman, Nzanga, has said his father did not rule out talks with the rebels led by Laurent Kabila but this had to be in agreement with the government and parliament.</p>
<p>Mobutu said he welcomed all regional and international efforts to bring peace, adding: &quot;There must be a ceasefire to put an end to the sufferings which our people are enduring and to allow humanitarian aid to be sent in safe conditions to those who need it.&quot;</p>
<p>Mobutu's statement was hand-written, apparently in reaction to a U.S. official who said in Washington this week that from reports he received the president &quot;can barely write his name, so the guy clearly isn't going to be around that much longer.&quot;</p>
</text>
<copyright>(c) Reuters Limited 1997</copyright>
<metadata>
<codes class="bip:countries:1.0">
  <code code="ZAIRE">
    <editdetail attribution="Reuters BIP Coding Group" action="confirmed" date="1997-03-21"/>
  </code>
</codes>
<codes class="bip:topics:1.0">
  <code code="GCAT">
    <editdetail attribution="Reuters BIP Coding Group" action="confirmed" date="1997-03-21"/>
  </code>
  <code code="GPOL">
    <editdetail attribution="Reuters BIP Coding Group" action="confirmed" date="1997-03-21"/>
  </code>
  <code code="GVIO">
    <editdetail attribution="Reuters BIP Coding Group" action="confirmed" date="1997-03-21"/>
  </code>
</codes>
<dc element="dc.date.created" value="1997-03-21"/>
<dc element="dc.publisher" value="Reuters Holdings Plc"/>
<dc element="dc.date.published" value="1997-03-21"/>
<dc element="dc.source" value="Reuters"/>
<dc element="dc.creator.location" value="KISANGANI, Zaire"/>
<dc element="dc.creator.location.country.name" value="ZAIRE"/>
<dc element="dc.source" value="Reuters"/>
</metadata>
</newsitem>
