<?xml version="1.0" encoding="iso-8859-1" ?>
<newsitem itemid="458658" id="root" date="1997-03-21" xml:lang="en">
<title>KENYA: Nairobi bourse index eases as buyers hold out.</title>
<headline>Nairobi bourse index eases as buyers hold out.</headline>
<dateline>NAIROBI 1997-03-21</dateline>
<text>
<p>Investors holding out from the market contributed to prevailing bearish sentiment, and the Nairobi Stock Exchange (NSE) 20-share index fell marginally on Friday, bourse officials said.</p>
<p>The index lost 8.37 points to close at 3380.42.</p>
<p>Turnover was posted at 23.404 million shillings on 411,226 shares compared to 39.461 million shillings on 2,395,661 shares on Thursday.</p>
<p>&quot;Most of the shares suffered minor losses,&quot; a bourse official said.</p>
<p>&quot;Buyers are sitting tight, hoping to get a better price at lower levels,&quot; a broker said.</p>
<p>Motor company CMC Holdings and Kenya Commercial Bank traded on the one-hour special board. They traded 54,400 shares at a reserve price of 85 from 83 and 55,900 shares at 97.50 from 95 respectively.</p>
<p>&quot;CMC generates interest every time a big lot is traded because people are watching out for a takeover,&quot; a broker said, adding that the struggle for control of the company was between two opposing groups which owned 80 percent of the company between them.</p>
<p>Shares on other boards on average were mixed at low levels.</p>
<p>Barclays Bank was unchanged at 112 while Standard Chartered Bank closed at 47 unchanged. Kenya Power &amp; Lighting traded at 115 unchanged while Rea Vipingo Plantations eased to 9.60 from 9.65.</p>
<p>Kenya Airways traded at 8.55 from 8.50 while Uchumi Supermarket closed at 36.25 from 36.</p>
<p>British American Tobacco (BAT) Kenya eased to 63 from 64 while Kenya Breweries was unchanged at 58.</p>
<p>--Wambui Chege, Nairobi Newsroom ++254-2 330-261.</p>
</text>
<copyright>(c) Reuters Limited 1997</copyright>
<metadata>
<codes class="bip:countries:1.0">
  <code code="KENYA">
    <editdetail attribution="Reuters BIP Coding Group" action="confirmed" date="1997-03-21"/>
  </code>
</codes>
<codes class="bip:topics:1.0">
  <code code="M11">
    <editdetail attribution="Reuters BIP Coding Group" action="confirmed" date="1997-03-21"/>
  </code>
  <code code="MCAT">
    <editdetail attribution="Reuters BIP Coding Group" action="confirmed" date="1997-03-21"/>
  </code>
</codes>
<dc element="dc.date.created" value="1997-03-21"/>
<dc element="dc.publisher" value="Reuters Holdings Plc"/>
<dc element="dc.date.published" value="1997-03-21"/>
<dc element="dc.source" value="Reuters"/>
<dc element="dc.creator.location" value="NAIROBI"/>
<dc element="dc.creator.location.country.name" value="KENYA"/>
<dc element="dc.source" value="Reuters"/>
</metadata>
</newsitem>
