<?xml version="1.0" encoding="iso-8859-1" ?>
<newsitem itemid="458687" id="root" date="1997-03-21" xml:lang="en">
<title>KENYA: Kenya sells $61.3 million of treasury bills.</title>
<headline>Kenya sells $61.3 million of treasury bills.</headline>
<dateline>NAIROBI 1997-03-21</dateline>
<text>
<p>The Central Bank of Kenya sold 3.372 billion shillings ($61.3 million) of treasury bills at the weekly auction on Thursday, bank officials said on Friday.</p>
<p>Of the total, the bank said it sold 3.247 billion shillings in the main 91-day category of bills at an average yield of 21.363 percent, against a yield of 21.404 percent last week.</p>
<p>In the 28-day category, the bank sold 125 million shillings at an average yield of 16.754 percent, unchanged on the week.</p>
<p>The bank invited tenders for six billion shillings of treasury bills for the auction on Thursday next week.</p>
<p>($1=55 Kenyan shillings)</p>
<p>-- Wambui Chege, Nairobi Newsroom ++254-2 330-261</p>
</text>
<copyright>(c) Reuters Limited 1997</copyright>
<metadata>
<codes class="bip:countries:1.0">
  <code code="KENYA">
    <editdetail attribution="Reuters BIP Coding Group" action="confirmed" date="1997-03-21"/>
  </code>
</codes>
<codes class="bip:topics:1.0">
  <code code="M13">
    <editdetail attribution="Reuters BIP Coding Group" action="confirmed" date="1997-03-21"/>
  </code>
  <code code="M131">
    <editdetail attribution="Reuters BIP Coding Group" action="confirmed" date="1997-03-21"/>
  </code>
  <code code="MCAT">
    <editdetail attribution="Reuters BIP Coding Group" action="confirmed" date="1997-03-21"/>
  </code>
</codes>
<dc element="dc.date.created" value="1997-03-21"/>
<dc element="dc.publisher" value="Reuters Holdings Plc"/>
<dc element="dc.date.published" value="1997-03-21"/>
<dc element="dc.source" value="Reuters"/>
<dc element="dc.creator.location" value="NAIROBI"/>
<dc element="dc.creator.location.country.name" value="KENYA"/>
<dc element="dc.source" value="Reuters"/>
</metadata>
</newsitem>
