<?xml version="1.0" encoding="iso-8859-1" ?>
<newsitem itemid="458673" id="root" date="1997-03-21" xml:lang="en">
<title>MAURITIUS: Mauritian rupee weaker vs dollar, firms vs pound.</title>
<headline>Mauritian rupee weaker vs dollar, firms vs pound.</headline>
<dateline>PORT LOUIS 1997-03-21</dateline>
<text>
<p>The Mauritian rupee weakened against the dollar and firmed versus the pound on Friday, reflecting international trends, forex dealers said.</p>
<p>The rupee was posted at a mean commercial rate of 20.2130 for one dollar from 20.1365 on Thursday. Against the pound, the rupee traded at a mean rate of 32.180 from 32.210 on Thursday.</p>
<p>Dealers blamed the weaker rupee on the stronger dollar overnight on international markets.</p>
<p>&quot;The dollar jumped (overnight) and this overshadowed the intervention of the central bank,&quot; one dealer said referring to a central bank dollar sale in the interbank forex market on Thursday afternoon.</p>
<p>The central bank intervention rate was 20.10 rupees to the dollar, close to the prevailing interbank ask (offer) rate, the dealer added.</p>
<p>The central bank intervention on Thursday was the second time this week.</p>
<p>The central bank was also seen selling dollars in the interbank forex market last Monday at the prevailing interbank ask rate in response to a shortage of forex reserves in commercial banks.</p>
<p>Dealers blamed the shortage situation on importers' forex demand now exceeding hard currency inflow from the island's export sectors.</p>
<p>--Mike Chung, ++230 211-9555.</p>
</text>
<copyright>(c) Reuters Limited 1997</copyright>
<metadata>
<codes class="bip:countries:1.0">
  <code code="MAURTS">
    <editdetail attribution="Reuters BIP Coding Group" action="confirmed" date="1997-03-21"/>
  </code>
</codes>
<codes class="bip:topics:1.0">
  <code code="M13">
    <editdetail attribution="Reuters BIP Coding Group" action="confirmed" date="1997-03-21"/>
  </code>
  <code code="M132">
    <editdetail attribution="Reuters BIP Coding Group" action="confirmed" date="1997-03-21"/>
  </code>
  <code code="MCAT">
    <editdetail attribution="Reuters BIP Coding Group" action="confirmed" date="1997-03-21"/>
  </code>
</codes>
<dc element="dc.date.created" value="1997-03-21"/>
<dc element="dc.publisher" value="Reuters Holdings Plc"/>
<dc element="dc.date.published" value="1997-03-21"/>
<dc element="dc.source" value="Reuters"/>
<dc element="dc.creator.location" value="PORT LOUIS"/>
<dc element="dc.creator.location.country.name" value="MAURITIUS"/>
<dc element="dc.source" value="Reuters"/>
</metadata>
</newsitem>
