<?xml version="1.0" encoding="iso-8859-1" ?>
<newsitem itemid="458656" id="root" date="1997-03-21" xml:lang="en">
<title>MAURITIUS: Mauritius' MEI profit improved by 17 percent.</title>
<headline>Mauritius' MEI profit improved by 17 percent.</headline>
<dateline>PORT LOUIS 1997-03-21</dateline>
<text>
<p>Mauritian Eagle Insurance (MEI) on Friday reported a 17 percent rise on profit before tax to 23.6 million rupees ($1.2 million) for the year ended 31 December 1996 from 20.2 million rupees the previous year.</p>
<p>MEI's turnover for the year ended 31 December 1996 rose to 150.9 million rupees, against 131.0 million rupees for the year ended 31 December 1995, an overall growth of 15 percent, company officials said.</p>
<p>The profit after tax for the year ended 31 December 1996 was posted at 18.5 million rupees from 16.2 million rupees during the same period in 1995.</p>
<p>($1=20.2130 Mauritian rupees).</p>
<p>--Port Louis ++230 211-9555.</p>
</text>
<copyright>(c) Reuters Limited 1997</copyright>
<metadata>
<codes class="bip:countries:1.0">
  <code code="MAURTS">
    <editdetail attribution="Reuters BIP Coding Group" action="confirmed" date="1997-03-21"/>
  </code>
</codes>
<codes class="bip:topics:1.0">
  <code code="C15">
    <editdetail attribution="Reuters BIP Coding Group" action="confirmed" date="1997-03-21"/>
  </code>
  <code code="C151">
    <editdetail attribution="Reuters BIP Coding Group" action="confirmed" date="1997-03-21"/>
  </code>
  <code code="C1511">
    <editdetail attribution="Reuters BIP Coding Group" action="confirmed" date="1997-03-21"/>
  </code>
  <code code="CCAT">
    <editdetail attribution="Reuters BIP Coding Group" action="confirmed" date="1997-03-21"/>
  </code>
</codes>
<dc element="dc.date.created" value="1997-03-21"/>
<dc element="dc.publisher" value="Reuters Holdings Plc"/>
<dc element="dc.date.published" value="1997-03-21"/>
<dc element="dc.source" value="Reuters"/>
<dc element="dc.creator.location" value="PORT LOUIS"/>
<dc element="dc.creator.location.country.name" value="MAURITIUS"/>
<dc element="dc.source" value="Reuters"/>
</metadata>
</newsitem>
