<?xml version="1.0" encoding="iso-8859-1" ?>
<newsitem itemid="458660" id="root" date="1997-03-21" xml:lang="en">
<title>ETHIOPIA: Ethiopian police arrest 200 student protesters.</title>
<headline>Ethiopian police arrest 200 student protesters.</headline>
<dateline>ADDIS ABABA 1997-03-21</dateline>
<text>
<p>Police arrested about 200 Addis Ababa University students protesting on Friday against land redistribution in the northern Amhara region, state radio said.</p>
<p>It quoted police as saying the demonstration was illegal. Witnesses said the students were demonstrating peacefully when they were rounded up by riot police and taken away in vans.</p>
</text>
<copyright>(c) Reuters Limited 1997</copyright>
<metadata>
<codes class="bip:countries:1.0">
  <code code="ETHPA">
    <editdetail attribution="Reuters BIP Coding Group" action="confirmed" date="1997-03-21"/>
  </code>
</codes>
<codes class="bip:topics:1.0">
  <code code="GCAT">
    <editdetail attribution="Reuters BIP Coding Group" action="confirmed" date="1997-03-21"/>
  </code>
  <code code="GCRIM">
    <editdetail attribution="Reuters BIP Coding Group" action="confirmed" date="1997-03-21"/>
  </code>
  <code code="GVIO">
    <editdetail attribution="Reuters BIP Coding Group" action="confirmed" date="1997-03-21"/>
  </code>
</codes>
<dc element="dc.date.created" value="1997-03-21"/>
<dc element="dc.publisher" value="Reuters Holdings Plc"/>
<dc element="dc.date.published" value="1997-03-21"/>
<dc element="dc.source" value="Reuters"/>
<dc element="dc.creator.location" value="ADDIS ABABA"/>
<dc element="dc.creator.location.country.name" value="ETHIOPIA"/>
<dc element="dc.source" value="Reuters"/>
</metadata>
</newsitem>
