<?xml version="1.0" encoding="iso-8859-1" ?>
<newsitem itemid="458680" id="root" date="1997-03-21" xml:lang="en">
<title>GAMBIA: Gambia leader appoints woman vice-president.</title>
<headline>Gambia leader appoints woman vice-president.</headline>
<dateline>BANJUL 1997-03-21</dateline>
<text>
<p>Gambia's president, Yahya Jammeh, has completed his first government appointments as a civilian leader, naming a woman as his vice-president.</p>
<p>State radio said on Thursday that Jammeh, who seized power in a 1994 army coup and won disputed elections in September, had named Mrs Isatou Njie Saidy to the post.</p>
<p>Mrs Saidy, 45, is also Secretary of State for Health, Social Welfare and Womens Affairs. She is a former teacher of English and French.</p>
<p>Opposition leader Ousainou Darboe had accused Jammeh of acting unconstitutionally on March 7 by appointing a cabinet without a vice-president. The cabinet has 13 members, including three women.</p>
<p>Darboe, a top lawyer who was Jammeh's main rival in the presidential poll in September, said the post of vice-president was enshrined in the constitution.</p>
<p>Political analysts had said former vice-president Edward Singateh, named to the new post of Secretary of State in the president's office, would effectively remain vice-president.</p>
<p>Singateh, a former army captain and one of the young officers who staged the 1994 coup with Jammeh, was too young to meet the 30-plus age requirement for vice-president.</p>
<p>Jammeh toppled Sir Dawda Jawara, the independence leader of the aid-dependent former British colony, alientating its Western backers. He has since built up ties with Taiwan, Libya and Cuba.</p>
</text>
<copyright>(c) Reuters Limited 1997</copyright>
<metadata>
<codes class="bip:countries:1.0">
  <code code="GAMB">
    <editdetail attribution="Reuters BIP Coding Group" action="confirmed" date="1997-03-21"/>
  </code>
</codes>
<codes class="bip:topics:1.0">
  <code code="GCAT">
    <editdetail attribution="Reuters BIP Coding Group" action="confirmed" date="1997-03-21"/>
  </code>
  <code code="GPOL">
    <editdetail attribution="Reuters BIP Coding Group" action="confirmed" date="1997-03-21"/>
  </code>
</codes>
<dc element="dc.date.created" value="1997-03-21"/>
<dc element="dc.publisher" value="Reuters Holdings Plc"/>
<dc element="dc.date.published" value="1997-03-21"/>
<dc element="dc.source" value="Reuters"/>
<dc element="dc.creator.location" value="BANJUL"/>
<dc element="dc.creator.location.country.name" value="GAMBIA"/>
<dc element="dc.source" value="Reuters"/>
</metadata>
</newsitem>
