<?xml version="1.0" encoding="iso-8859-1" ?>
<newsitem itemid="458688" id="root" date="1997-03-21" xml:lang="en">
<title>ZIMBABWE: FEATURE-Southern Africa fights ban on ivory trade.</title>
<headline>FEATURE-Southern Africa fights ban on ivory trade.</headline>
<byline>Cris Chinaka</byline>
<dateline>HARARE 1997-03-21</dateline>
<text>
<p>Southern African countries, where the problem is not too few elephants but too many, are joining forces to fight against a world ban on trade in ivory.</p>
<p>Governments and wildlife experts in Zimbabwe, Namibia and Botswana, supported by South Africa and Mozambique, hope to convince a sceptical world that the 1989 ban will only drive the trade underground, endangering the long-term survival of elephants.</p>
<p>&quot;The answer is lifting the ban and allowing some limited trade under close supervision,&quot; says Zimbabwe Environment and Tourism Minister Chen Chimutengwende, whose country hosts an international conference of the Convention of Trade in Endangered Species (CITES) in June this year.</p>
<p>&quot;We are going all out to try to convince everyone that wildlife and environment management will be best served this way,&quot; he told Reuters.</p>
<p>&quot;In our case the greatest threat to our elephants lies in excess numbers and we need to cull them and sell the ivory every now and then.&quot;</p>
<p>Zimbabwe has about 65,000 elephants, well above the 35,000 which ecologists say can be sustained without damaging the environment for other species.</p>
<p>Periodic culls to limit numbers used to produce several tonnes of ivory a year, which before the ban was sold at auction under tight controls.</p>
<p>Zimbabwe has a stockpile of 40 tonnes of ivory ready for sale if the ban is lifted.</p>
<p>BAN DRIVES PRICES UP</p>
<p>At the last auction before the trade ban nine years ago, the price was U.S. $350 a kg (2.2 lb), and some experts say the price has soared since then.</p>
<p>Chimutengwende and national parks and wildlife authorities argue that Zimbabwe and other countries in the region don't kill their elephants for the ivory.</p>
<p>&quot;It's only a by-product of controlling the population, and legal trade ensures that a big number of our people benefit from it, and we keep track of the numbers,&quot; he said.</p>
<p>The philosophy is that only by earning a profit can the long-term survival of wildlife be guaranteed on a continent where the land-hungry population doubles every 20 years.</p>
<p>&quot;I think it's unfair for those who have lost out on this to punish everyone,&quot; he said.</p>
<p>His comments reflected strong resentment in the region against conservationists in Western countries who endorsed a highly publicised campaign for the ivory ban on grounds that it would help save elephants from poachers.</p>
<p>Elephant over-population is also a big problem in Zimbabwe's western neighbour, Botswana, where the growing herd of at least 60,000 has not been limited by culling or hunting in recent years.</p>
<p>South Africa, admired by many in Africa for the way it manages wildlife, has also been fighting the ivory ban, saying it needs to keep its herd at a manageable size.</p>
<p>It has a stable population of between 8,000 and 10,000 elephants, most in the Kruger National Park. Hundreds are culled each year, producing several tonnes of ivory, and a few dozen more are hunted on private wildlife reserves by wealthy overseas tourists.</p>
<p>LOBBY FOR ALL AFRICANS TO RALLY AGAINST BAN</p>
<p>&quot;We have too many and not too few elephants,&quot; goes the complaint by southern African states.</p>
<p>Their wildlife experts are still angry, and accuse their East African counterparts of sponsoring the world ban without consulting them.</p>
<p>They say the East African governments spectacularly failed, through inadequate funding of their wildlife programmes, to protect their own animals in the 1970s and 1980s.</p>
<p>&quot;We are lobbying everyone to our cause and hope this time we will have some kind of African consensus as we try to reach out to others for at least some limited legal trade in ivory,&quot; said a spokesman for the Zimbabwe environment watchdog Zambezi Society.</p>
<p>The issue will be high on the agenda of the CITES conference in Harare, and Chimutengwende says chances are good that the meeting will remove elephants, especially in the region, from a CITES list of species on the brink of extinction.</p>
<p>Zimbabwe's campaign is built on the fact that its elephant population has risen to over 65,000 from 2,000 in 1900, due to generally good management involving legal ivory trade.</p>
<p>&quot;When we seek exemptions, these are the facts the world has to know,&quot; says July Moyo, permanent secretary in the Environment Ministry.</p>
</text>
<copyright>(c) Reuters Limited 1997</copyright>
<metadata>
<codes class="bip:countries:1.0">
  <code code="BOTS">
    <editdetail attribution="Reuters BIP Coding Group" action="confirmed" date="1997-03-21"/>
  </code>
  <code code="MOZAM">
    <editdetail attribution="Reuters BIP Coding Group" action="confirmed" date="1997-03-21"/>
  </code>
  <code code="NAMIB">
    <editdetail attribution="Reuters BIP Coding Group" action="confirmed" date="1997-03-21"/>
  </code>
  <code code="SAFR">
    <editdetail attribution="Reuters BIP Coding Group" action="confirmed" date="1997-03-21"/>
  </code>
  <code code="ZIMBAB">
    <editdetail attribution="Reuters BIP Coding Group" action="confirmed" date="1997-03-21"/>
  </code>
</codes>
<codes class="bip:topics:1.0">
  <code code="GCAT">
    <editdetail attribution="Reuters BIP Coding Group" action="confirmed" date="1997-03-21"/>
  </code>
  <code code="GCRIM">
    <editdetail attribution="Reuters BIP Coding Group" action="confirmed" date="1997-03-21"/>
  </code>
  <code code="GENV">
    <editdetail attribution="Reuters BIP Coding Group" action="confirmed" date="1997-03-21"/>
  </code>
</codes>
<dc element="dc.date.created" value="1997-03-21"/>
<dc element="dc.publisher" value="Reuters Holdings Plc"/>
<dc element="dc.date.published" value="1997-03-21"/>
<dc element="dc.source" value="Reuters"/>
<dc element="dc.creator.location" value="HARARE"/>
<dc element="dc.creator.location.country.name" value="ZIMBABWE"/>
<dc element="dc.source" value="Reuters"/>
</metadata>
</newsitem>
