<?xml version="1.0" encoding="iso-8859-1" ?>
<newsitem itemid="458665" id="root" date="1997-03-21" xml:lang="en">
<title>ZAIRE: Zaire's rebel leader arrives in Kisangani.</title>
<headline>Zaire's rebel leader arrives in Kisangani.</headline>
<dateline>KISANGANI, Zaire 1997-03-21</dateline>
<text>
<p>Zairean rebel leader Laurent Kabila arrived in the northeastern capital of Kisangani on Friday and was greeted as a liberator by more than 10,000 people, witnesses said.</p>
<p>Asked by reporters in Kisangani whether he could accept a ceasefire as called for by ailing Zairean President Mobutu Sese Seko, Kabila told reporters: &quot;We negotiate first.&quot;  </p>
<p>It was Kabila's first visit to Kisangani since it fell to rebel forces last Saturday. He flew in from the eastern city of Goma.</p>
<p>Crowds sang Christian hymns as Kabila arrived. One fervent supporter carried a placard proclaiming Kabila as God's servant: &quot;It is God who has sent Kabila to come down and be amongst us.&quot;</p>
<p>&quot;We are waiting for Kabila. He is our Moses,&quot; said Alpha Kangudi, a 23-year-old student.</p>
</text>
<copyright>(c) Reuters Limited 1997</copyright>
<metadata>
<codes class="bip:countries:1.0">
  <code code="ZAIRE">
    <editdetail attribution="Reuters BIP Coding Group" action="confirmed" date="1997-03-21"/>
  </code>
</codes>
<codes class="bip:topics:1.0">
  <code code="GCAT">
    <editdetail attribution="Reuters BIP Coding Group" action="confirmed" date="1997-03-21"/>
  </code>
  <code code="GVIO">
    <editdetail attribution="Reuters BIP Coding Group" action="confirmed" date="1997-03-21"/>
  </code>
</codes>
<dc element="dc.date.created" value="1997-03-21"/>
<dc element="dc.publisher" value="Reuters Holdings Plc"/>
<dc element="dc.date.published" value="1997-03-21"/>
<dc element="dc.source" value="Reuters"/>
<dc element="dc.creator.location" value="KISANGANI, Zaire"/>
<dc element="dc.creator.location.country.name" value="ZAIRE"/>
<dc element="dc.source" value="Reuters"/>
</metadata>
</newsitem>
