<?xml version="1.0" encoding="iso-8859-1" ?>
<newsitem itemid="458691" id="root" date="1997-03-21" xml:lang="en">
<title>CZECH REPUBLIC: Eastern Europeans welcome Clinton pledge on NATO.</title>
<headline>Eastern Europeans welcome Clinton pledge on NATO.</headline>
<byline>Alan Crosby</byline>
<dateline>PRAGUE 1997-03-21</dateline>
<text>
<p>East European candidates to join NATO on Friday welcomed U.S. President Bill Clinton's summit pledge that the alliance would expand as planned, but warned they did not want to be &quot;second class&quot; members.</p>
<p>Clinton said at news conference after meeting with Russian President Boris Yeltsin in Helsinki that expansion of NATO would go ahead on schedule at an alliance summit in Madrid in July.</p>
<p>But a joint statement issued after a meeting between foreign ministers from leading would-be members the Czech Republic and Poland warned negotiations with a third country must not water down the rights of new members.</p>
<p>&quot;We trust that requirements for countries aspiring to alliance membership will result from direct accession negotiations and will not become part of any formal alliance obligations toward third countries, in order to avoid any second class membership,&quot; it said.</p>
<p>Gabor Szentivanyi, Hungarian foreign ministry spokesman, added: &quot;NATO expansion is a sovereign decision of member states and those wishing to join.&quot; Hungary is also widely tipped to be invited to join NATO after the Madrid meeting.</p>
<p>Clinton said all members, new or old, would have the same footing in the alliance.</p>
<p>Russia bitterly opposes the expansion of the former Soviet Union's old Cold War foe to territory once under the sway of the Moscow-dominated Warsaw Pact. Yeltsin reiterated his country's view that expansion was a mistake.</p>
<p>East Europeans, conscious of Moscow's concerns, have stressed the political rather than military aspects of membership.</p>
<p>However, some officials have also acknowledged that NATO expansion is a chance to anchor the region to the West after half a century of Soviet domination.</p>
<p>&quot;(We) hail a democratic dialogue between presidents of Russia and U.S., which is in the interest of development and progress of the old continent (Europe) and of the world,&quot; the Slovenian foreign ministry said.</p>
<p>Slovenia is seen as only an outside contender for admission in the first round of expansion, though its officials added they were still hopeful of ensuring its security interests as a full member of NATO as soon as possible.</p>
<p>Romanian Foreign Minister Adrian Severin told Romanian television any treaty between NATO and Russia &quot;could include whether or not to deploy nuclear weapons on new members' territory. This counterbalances the Russian 'nyet' in principle&quot;.</p>
<p>Severin acknowledged that Romania's bid for membership lagged behind the favourites. &quot;Even if we run at top speed, the other candidates are a few laps ahead of us,&quot; he said.</p>
<p>Analysts said Moscow was trying to gain as many concessions as possible from the United States in the process of NATO expansion, and perhaps to forestall a further widening of the alliance, especially to former Soviet Republics.</p>
<p>&quot;Behind closed doors, I think the Baltics and former Soviet Republics may be a bigger issue than the first round because the Russians know they cannot stop the first wave,&quot; said Jiri Pehe of the Open Media Research Institute in Prague.</p>
<p>&quot;The question on the first wave is only how many countries, but I don't think the Russians can now even influence this.&quot;</p>
<p>Carlo Maria Santoro, a former undersecretary at the Italian defence ministry and professor of international relations, said in Rome the summit had been &quot;the sort of meeting at which everyone knew what the outcome would be in advance&quot;.</p>
<p>&quot;The real question is whether we allow the Russians to continue to have some sort of area of territorial influence in eastern Europe. I imagine that the Americans are not convinced that it is necessary to continue that way whereas many European countries, including (Italy) are much more soft.&quot;</p>
<p>He said areas of agreement at the summit were important but were also something of a sweetener to Yeltsin. &quot;He has to sell all these results to his public opinion,&quot; Santoro added. &quot;It's just like trying to get someone to accept a bitter pill by coating it with sugar.&quot;</p>
</text>
<copyright>(c) Reuters Limited 1997</copyright>
<metadata>
<codes class="bip:countries:1.0">
  <code code="CZREP">
    <editdetail attribution="Reuters BIP Coding Group" action="confirmed" date="1997-03-21"/>
  </code>
  <code code="FIN">
    <editdetail attribution="Reuters BIP Coding Group" action="confirmed" date="1997-03-21"/>
  </code>
  <code code="NATO">
    <editdetail attribution="Reuters BIP Coding Group" action="confirmed" date="1997-03-21"/>
  </code>
  <code code="RUSS">
    <editdetail attribution="Reuters BIP Coding Group" action="confirmed" date="1997-03-21"/>
  </code>
  <code code="USA">
    <editdetail attribution="Reuters BIP Coding Group" action="confirmed" date="1997-03-21"/>
  </code>
</codes>
<codes class="bip:topics:1.0">
  <code code="GCAT">
    <editdetail attribution="Reuters BIP Coding Group" action="confirmed" date="1997-03-21"/>
  </code>
  <code code="GDEF">
    <editdetail attribution="Reuters BIP Coding Group" action="confirmed" date="1997-03-21"/>
  </code>
  <code code="GDIP">
    <editdetail attribution="Reuters BIP Coding Group" action="confirmed" date="1997-03-21"/>
  </code>
</codes>
<dc element="dc.date.created" value="1997-03-21"/>
<dc element="dc.publisher" value="Reuters Holdings Plc"/>
<dc element="dc.date.published" value="1997-03-21"/>
<dc element="dc.source" value="Reuters"/>
<dc element="dc.creator.location" value="PRAGUE"/>
<dc element="dc.creator.location.country.name" value="CZECH REPUBLIC"/>
<dc element="dc.source" value="Reuters"/>
</metadata>
</newsitem>
