<?xml version="1.0" encoding="iso-8859-1" ?>
<newsitem itemid="458662" id="root" date="1997-03-21" xml:lang="en">
<title>SOUTH AFRICA: U.N. secretary-general tours Mandela's island jail.</title>
<headline>U.N. secretary-general tours Mandela's island jail.</headline>
<dateline>ROBBEN ISLAND, South Africa 1997-03-21</dateline>
<text>
<p>United Nations Secretary-General Kofi Annan toured President Nelson Mandela's island jail on Friday, Human Rights Day in South Africa.</p>
<p>He was ushered around the jail where Mandela spent 18 of his 27 years as a political prisoner by Deputy Foreign Affairs Minister Aziz Pahad and a schoolteacher who also served time.</p>
<p>Annan inspected the tiny cell with a single bed and desk. Praising Mandela and other political prisoners' fortitude after his tour, he told reporters: &quot;It's quite a moving experience.&quot;</p>
<p>&quot;To see the tenacity of the human spirit and for men to go through that and survive and come out strong, determined and unbroken, and also forgiving, is a remarkable lesson for all of us,&quot; Annan said.</p>
<p>His guide, teacher Eddie Daniels, expressed thanks for international pressure against past apartheid governments.</p>
<p>&quot;We would have won our war -- It was a just cause. But it would have taken us so much longer. Because of the wonderful assistance we received from the whole world, it helped us get to our goal so much quicker,&quot; Daniels said.</p>
<p>Annan, on his first visit to Africa as head of the United Nations, is due in Angola on Saturday where the U.N. is trying to speed up installation of a government of national unity to formally end 19 years of civil war.</p>
</text>
<copyright>(c) Reuters Limited 1997</copyright>
<metadata>
<codes class="bip:countries:1.0">
  <code code="SAFR">
    <editdetail attribution="Reuters BIP Coding Group" action="confirmed" date="1997-03-21"/>
  </code>
  <code code="UN">
    <editdetail attribution="Reuters BIP Coding Group" action="confirmed" date="1997-03-21"/>
  </code>
</codes>
<codes class="bip:topics:1.0">
  <code code="GCAT">
    <editdetail attribution="Reuters BIP Coding Group" action="confirmed" date="1997-03-21"/>
  </code>
  <code code="GCRIM">
    <editdetail attribution="Reuters BIP Coding Group" action="confirmed" date="1997-03-21"/>
  </code>
  <code code="GDIP">
    <editdetail attribution="Reuters BIP Coding Group" action="confirmed" date="1997-03-21"/>
  </code>
</codes>
<dc element="dc.date.created" value="1997-03-21"/>
<dc element="dc.publisher" value="Reuters Holdings Plc"/>
<dc element="dc.date.published" value="1997-03-21"/>
<dc element="dc.source" value="Reuters"/>
<dc element="dc.creator.location" value="ROBBEN ISLAND, South Africa"/>
<dc element="dc.creator.location.country.name" value="SOUTH AFRICA"/>
<dc element="dc.source" value="Reuters"/>
</metadata>
</newsitem>
