<?xml version="1.0" encoding="iso-8859-1" ?>
<newsitem itemid="458674" id="root" date="1997-03-21" xml:lang="en">
<title>GABON: Gabon government vote for longer presidential term.</title>
<headline>Gabon government vote for longer presidential term.</headline>
<dateline>LIBREVILLE 1997-03-21</dateline>
<text>
<p>Gabon's government has approved a draft law to extend the term of future presidents from five to seven years and to create the post of vice-president, a government spokesman said.</p>
<p>A cabinet meeting on Thursday also voted to turn the senate, a new second house of parliament designed to promote a balance of power in the Central African oil-producing nation, into an upper rather than a lower chamber.</p>
<p>Parliament, where President Omar Bongo's supporters hold a majority in both houses, must approve the draft law.</p>
<p>Gabon held parliamentary elections in December and municipal elections in October. The opposition Woodcutters Rally did better in the municipal than in the legislative elections, winning control of the capital Libreville.</p>
<p>The elections were part of constitutional and electoral reforms launched after the oil-producing nation's political rivals struck a 1994 deal in Paris to defuse bloody unrest following Bongo's disputed 1993 election.</p>
<p>Bongo has ruled the former French colony since 1968 after the death of founding head of state, Leon Mba. He bowed to pressure for democratic reform in 1990. His presidential term ends in 1998.</p>
<p>Under the proposed changes, the president will nominate the vice-president and can sack him. Other changes envisage extending the parliament's year from six to eight months and giving it greater power to organise its own affairs.</p>
</text>
<copyright>(c) Reuters Limited 1997</copyright>
<metadata>
<codes class="bip:countries:1.0">
  <code code="GABON">
    <editdetail attribution="Reuters BIP Coding Group" action="confirmed" date="1997-03-21"/>
  </code>
</codes>
<codes class="bip:topics:1.0">
  <code code="GCAT">
    <editdetail attribution="Reuters BIP Coding Group" action="confirmed" date="1997-03-21"/>
  </code>
  <code code="GPOL">
    <editdetail attribution="Reuters BIP Coding Group" action="confirmed" date="1997-03-21"/>
  </code>
</codes>
<dc element="dc.date.created" value="1997-03-21"/>
<dc element="dc.publisher" value="Reuters Holdings Plc"/>
<dc element="dc.date.published" value="1997-03-21"/>
<dc element="dc.source" value="Reuters"/>
<dc element="dc.creator.location" value="LIBREVILLE"/>
<dc element="dc.creator.location.country.name" value="GABON"/>
<dc element="dc.source" value="Reuters"/>
</metadata>
</newsitem>
