<?xml version="1.0" encoding="iso-8859-1" ?>
<newsitem itemid="458667" id="root" date="1997-03-21" xml:lang="en">
<title>TANZANIA: Tanzanian shilling steady on dollar, up on pound.</title>
<headline>Tanzanian shilling steady on dollar, up on pound.</headline>
<dateline>DAR ES SALAAM 1997-03-21</dateline>
<text>
<p>The Tanzanian shilling ended the week unchanged against the dollar and up on the pound, the central bank said on Friday.</p>
<p>The shilling exchanged at a commercial mean rate of 600.1380, unchanged from Thursday and last Friday.</p>
<p>Against the pound, the shilling gained, exchanging at a mean rate of 955.4227 compared to Thursday's rate of 959.8037.</p>
<p>Financial analysts and dealers told Reuters they expected the shilling to continue to remain stable in the short term.</p>
<p>&quot;The outlook for the shilling looks stable. There's less demand for dollars -- importation has slowed so the shilling is strengthening,&quot; said a commercial bank treasury official.</p>
<p>The dealer said the market could remain slow on expectations of reduced taxes and levies in a June budget.</p>
<p>--Dar es Salaam ++255-51 112-939</p>
</text>
<copyright>(c) Reuters Limited 1997</copyright>
<metadata>
<codes class="bip:countries:1.0">
  <code code="TANZA">
    <editdetail attribution="Reuters BIP Coding Group" action="confirmed" date="1997-03-21"/>
  </code>
</codes>
<codes class="bip:topics:1.0">
  <code code="M13">
    <editdetail attribution="Reuters BIP Coding Group" action="confirmed" date="1997-03-21"/>
  </code>
  <code code="M132">
    <editdetail attribution="Reuters BIP Coding Group" action="confirmed" date="1997-03-21"/>
  </code>
  <code code="MCAT">
    <editdetail attribution="Reuters BIP Coding Group" action="confirmed" date="1997-03-21"/>
  </code>
</codes>
<dc element="dc.date.created" value="1997-03-21"/>
<dc element="dc.publisher" value="Reuters Holdings Plc"/>
<dc element="dc.date.published" value="1997-03-21"/>
<dc element="dc.source" value="Reuters"/>
<dc element="dc.creator.location" value="DAR ES SALAAM"/>
<dc element="dc.creator.location.country.name" value="TANZANIA"/>
<dc element="dc.source" value="Reuters"/>
</metadata>
</newsitem>
