<?xml version="1.0" encoding="iso-8859-1" ?>
<newsitem itemid="458651" id="root" date="1997-03-21" xml:lang="en">
<title>NIGER: Strike cuts power in Niger.</title>
<headline>Strike cuts power in Niger.</headline>
<dateline>NIAMEY 1997-03-21</dateline>
<text>
<p>A wildcat strike by power workers in the West African state of Niger halted supplies to the capital Niamey on Friday and plunged it into darkness, witnesses and union sources said.</p>
<p>The national power workers union SYNATREN called an indefinite strike by the 1,000 workers at the Niger Electricity Company NIGELEC to demand the release of about 10 union militants.</p>
<p>The union opposes plans to include NIGELEC among about a dozen companies to be privatised. Police sources say the militants were arrested after sabotage during earlier strikes to parts of the electricity network.</p>
<p>The union called a strike on February 18 and 19 to protest against privatisation.</p>
<p>Its members stopped work on March 5 and 6 and March 18 and 19 following calls from Niger's main umbrella union grouping the USTN for a broader civil service strike.</p>
<p>Medical sources said a prolonged strike could pose serious problems at the capital's two main hospitals where obsolete generators are unable to keep all the services running.</p>
</text>
<copyright>(c) Reuters Limited 1997</copyright>
<metadata>
<codes class="bip:countries:1.0">
  <code code="NIGER">
    <editdetail attribution="Reuters BIP Coding Group" action="confirmed" date="1997-03-21"/>
  </code>
</codes>
<codes class="bip:industries:1.0">
  <code code="I16100">
    <editdetail attribution="Reuters BIP Coding Group" action="confirmed" date="1997-03-21"/>
  </code>
</codes>
<codes class="bip:topics:1.0">
  <code code="C21">
    <editdetail attribution="Reuters BIP Coding Group" action="confirmed" date="1997-03-21"/>
  </code>
  <code code="C42">
    <editdetail attribution="Reuters BIP Coding Group" action="confirmed" date="1997-03-21"/>
  </code>
  <code code="CCAT">
    <editdetail attribution="Reuters BIP Coding Group" action="confirmed" date="1997-03-21"/>
  </code>
  <code code="E41">
    <editdetail attribution="Reuters BIP Coding Group" action="confirmed" date="1997-03-21"/>
  </code>
  <code code="ECAT">
    <editdetail attribution="Reuters BIP Coding Group" action="confirmed" date="1997-03-21"/>
  </code>
  <code code="GCAT">
    <editdetail attribution="Reuters BIP Coding Group" action="confirmed" date="1997-03-21"/>
  </code>
  <code code="GJOB">
    <editdetail attribution="Reuters BIP Coding Group" action="confirmed" date="1997-03-21"/>
  </code>
</codes>
<dc element="dc.date.created" value="1997-03-21"/>
<dc element="dc.publisher" value="Reuters Holdings Plc"/>
<dc element="dc.date.published" value="1997-03-21"/>
<dc element="dc.source" value="Reuters"/>
<dc element="dc.creator.location" value="NIAMEY"/>
<dc element="dc.creator.location.country.name" value="NIGER"/>
<dc element="dc.source" value="Reuters"/>
</metadata>
</newsitem>
