<?xml version="1.0" encoding="iso-8859-1" ?>
<newsitem itemid="458635" id="root" date="1997-03-21" xml:lang="en">
<title>NIGERIA: Chevron Nigeria wants review of MOUs.</title>
<headline>Chevron Nigeria wants review of MOUs.</headline>
<dateline>LAGOS 1997-03-21</dateline>
<text>
<p>The chief executive of Chevron Nigeria, George Kirkland has called for a review of the memorandum of understanding (MOU) signed between Nigeria and the six multinational oil firms governing their operations in the country, the national news agency reported on Friday.</p>
<p>Making the call in a presentation to Nigeria's Vision 2010 committee, Kirkland said rather than act as an impetus for oil companies to attain profits, the MOUs had become beneficial only to government.</p>
<p>Kirkland's presentation focused on making the upstream sector of the country's oil industry viable for economic development and growth by 2010.</p>
<p>Vision 2010 is a committee launched in October by military ruler General Sani Abacha to fashion economic policies that will bring real growth to Nigeria's gross domestic product in the same manner as in Asian nations, notably Malaysia.</p>
<p>Under the current MOUs oil companies are guaranteed a profit margin of $2 on each barrel of oil they produce.</p>
<p>&quot;Government has been enjoying high margins because of low operational cost environment and the edge it has over profit-sharing,&quot; Kirkland said.</p>
<p>He said the government's inconsistency in paying joint venture cash-calls was fast becoming a constraint to increasing crude oil reserves and production.</p>
<p>Cash calls are payments for any joint projects between state-run oil company NNPC and the multinationals.</p>
<p>In the fiscal budget announced in January, government voted $2.05 billion, a 40 percent cut in the $3.32 billion budget jointly presented by the multinationals.</p>
<p>Apart from Chevron, the other multinationals are Royal Dutch Shell, Mobil Nigeria, Texaco, Elf Nigeria and Agip.</p>
<p>Chevron pumps around 401,000 barrels per day (bpd) of crude oil in Nigeria, out of the country's total output of two million bpd.</p>
<p>($1=85)</p>
<p>-- Lagos newsroom +234 1 263 03 17</p>
</text>
<copyright>(c) Reuters Limited 1997</copyright>
<metadata>
<codes class="bip:countries:1.0">
  <code code="NIGEA">
    <editdetail attribution="Reuters BIP Coding Group" action="confirmed" date="1997-03-21"/>
  </code>
</codes>
<codes class="bip:industries:1.0">
  <code code="I13000">
    <editdetail attribution="Reuters BIP Coding Group" action="confirmed" date="1997-03-21"/>
  </code>
  <code code="I1300003">
    <editdetail attribution="Reuters BIP Coding Group" action="confirmed" date="1997-03-21"/>
  </code>
</codes>
<codes class="bip:topics:1.0">
  <code code="C13">
    <editdetail attribution="Reuters BIP Coding Group" action="confirmed" date="1997-03-21"/>
  </code>
  <code code="C24">
    <editdetail attribution="Reuters BIP Coding Group" action="confirmed" date="1997-03-21"/>
  </code>
  <code code="C33">
    <editdetail attribution="Reuters BIP Coding Group" action="confirmed" date="1997-03-21"/>
  </code>
  <code code="CCAT">
    <editdetail attribution="Reuters BIP Coding Group" action="confirmed" date="1997-03-21"/>
  </code>
</codes>
<dc element="dc.date.created" value="1997-03-21"/>
<dc element="dc.publisher" value="Reuters Holdings Plc"/>
<dc element="dc.date.published" value="1997-03-21"/>
<dc element="dc.source" value="Reuters"/>
<dc element="dc.creator.location" value="LAGOS"/>
<dc element="dc.creator.location.country.name" value="NIGERIA"/>
<dc element="dc.source" value="Reuters"/>
</metadata>
</newsitem>
