<?xml version="1.0" encoding="iso-8859-1" ?>
<newsitem itemid="458632" id="root" date="1997-03-21" xml:lang="en">
<title>MALI: Anglo-American raises stake in West African gold.</title>
<headline>Anglo-American raises stake in West African gold.</headline>
<byline>Tiemoko Diallo</byline>
<dateline>BAMAKO 1997-03-21</dateline>
<text>
<p>Anglo American Corp of South Africa Ltd has raised its West African mining exploration budget by $4 million for 1996/97 and aims to expand its existing gold mining interests outside Mali, said a spokesman for the South African mining group.</p>
<p>&quot;Sadiola (West Africa's second largest gold mine) is for Anglo a gateway to West Africa,&quot; said exploration manager R.D. Corrans, adding that the regional exploration budget had been set at $19 million against $15 million in 1995/96.</p>
<p>&quot;The mine will produce 10 tonnes of gold a year with 250 permanent employees,&quot; said mine director Roger Attridge, putting total project costs at $303 million -- shared by Anglo-American and the World Bank's International Finance Corporation.</p>
<p>Sadiola has estimated geological reserves of 140 tonnes.</p>
<p>Gold mining has expanded rapidly in Mali and other African countries since 1990 as governments have opened mining to foreign investment and South Africa's lustre has faded.</p>
<p>Industry analysts have predicted $100 million of South African mining firm investment in Africa in 1996/97 with Anglo-American spending $45 million on mainly grassroots projects.</p>
<p>Mali, one of Africa's poorest countries, introduced widespread democratic reforms and struck a peace with Tuareg rebels before Sadiola poured its first gold in December 1996.</p>
<p>Mali holds an 18 percent share in Sadiola (Societe des Mines d'Or Mines, SEMOS) and would earn 12 billion CFA a year from the project, mine manager Roger Attrridge told visiting reporters.</p>
<p>Regional gold-bearing geological structures underlying Sadiola could prove to be of world importance, Anglo-American business development manager Alan McKerron said this week.</p>
<p>Main shareholder Anglo-American manages Sadiola on behalf of its 38 percent shareholding partner, Canadian firm Iamgold.</p>
<p>Anglo-American has also raised its East African mining exploration budget for 1996/97, to $13.2 million from $11.8 million last year, said Corrans.</p>
<p>((-- Abidjan newsroom + 21 90 90))</p>
</text>
<copyright>(c) Reuters Limited 1997</copyright>
<metadata>
<codes class="bip:countries:1.0">
  <code code="MALI">
    <editdetail attribution="Reuters BIP Coding Group" action="confirmed" date="1997-03-21"/>
  </code>
  <code code="SAFR">
    <editdetail attribution="Reuters BIP Coding Group" action="confirmed" date="1997-03-21"/>
  </code>
  <code code="USA">
    <editdetail attribution="Reuters BIP Coding Group" action="confirmed" date="1997-03-21"/>
  </code>
</codes>
<codes class="bip:industries:1.0">
  <code code="I83960">
    <editdetail attribution="Reuters BIP Coding Group" action="confirmed" date="1997-03-21"/>
  </code>
</codes>
<codes class="bip:topics:1.0">
  <code code="C18">
    <editdetail attribution="Reuters BIP Coding Group" action="confirmed" date="1997-03-21"/>
  </code>
  <code code="C181">
    <editdetail attribution="Reuters BIP Coding Group" action="confirmed" date="1997-03-21"/>
  </code>
  <code code="CCAT">
    <editdetail attribution="Reuters BIP Coding Group" action="confirmed" date="1997-03-21"/>
  </code>
</codes>
<dc element="dc.date.created" value="1997-03-21"/>
<dc element="dc.publisher" value="Reuters Holdings Plc"/>
<dc element="dc.date.published" value="1997-03-21"/>
<dc element="dc.source" value="Reuters"/>
<dc element="dc.creator.location" value="BAMAKO"/>
<dc element="dc.creator.location.country.name" value="MALI"/>
<dc element="dc.source" value="Reuters"/>
</metadata>
</newsitem>
