<?xml version="1.0" encoding="iso-8859-1" ?>
<newsitem itemid="458630" id="root" date="1997-03-21" xml:lang="en">
<title>COTE D'IVOIRE: Bank BICICI helps push Abidjan bourse higher.</title>
<headline>Bank BICICI helps push Abidjan bourse higher.</headline>
<dateline>ABIDJAN 1997-03-21</dateline>
<text>
<p>Share indices on the Abidjan bourse rose in the week to Friday, with Bank BICICI leading the way, the bourse's weekly market report showed.</p>
<p>The All-Share Index rose 0.42 percent to 395.36 points, taking the 1997 rise 10.5 percent. The index fell 1.09 percent in the previous week.</p>
<p>The 12 VB blue-chip index rose 0.5 percent to 270.07 points, taking the 1997 rise to 11.6 percent. The index shed 1.13 percent, the previous week.</p>
<p>BICICI rose 1,750 cedis to 35,850 cedis and retail and trading company PEYRISSAC rose 1,510 to 31,860 were the main risers.</p>
<p>Water utility SODECI fell 150 to 17,470 and maritime shipping SIVOM was down 150 to 18,550.</p>
<p>A total of 3,361 shares worth 75,387,245 CFA changed hands compared with 4,103 shares worth 69,462,270 CFA francs the previous week.</p>
<p>($1=568 CFA francs)</p>
<p>-- Abidjan newsroom +225 21 90 90</p>
</text>
<copyright>(c) Reuters Limited 1997</copyright>
<metadata>
<codes class="bip:countries:1.0">
  <code code="ICST">
    <editdetail attribution="Reuters BIP Coding Group" action="confirmed" date="1997-03-21"/>
  </code>
</codes>
<codes class="bip:topics:1.0">
  <code code="M11">
    <editdetail attribution="Reuters BIP Coding Group" action="confirmed" date="1997-03-21"/>
  </code>
  <code code="MCAT">
    <editdetail attribution="Reuters BIP Coding Group" action="confirmed" date="1997-03-21"/>
  </code>
</codes>
<dc element="dc.date.created" value="1997-03-21"/>
<dc element="dc.publisher" value="Reuters Holdings Plc"/>
<dc element="dc.date.published" value="1997-03-21"/>
<dc element="dc.source" value="Reuters"/>
<dc element="dc.creator.location" value="ABIDJAN"/>
<dc element="dc.creator.location.country.name" value="COTE D'IVOIRE"/>
<dc element="dc.source" value="Reuters"/>
</metadata>
</newsitem>
