<?xml version="1.0" encoding="iso-8859-1" ?>
<newsitem itemid="458697" id="root" date="1997-03-21" xml:lang="en">
<title>POLAND: POLISH INSURER COMPENSA SEEKS LISTING BY EARLY '98.</title>
<headline>POLISH INSURER COMPENSA SEEKS LISTING BY EARLY '98.</headline>
<dateline>WARSAW 1997-03-21</dateline>
<text>
<p>Polish insurer Compensa SA plans to issue up to 280,000 shares this year and to enter the main market of the Warsaw bourse late this year or early next, the firm's president said on Friday.</p>
<p>&quot;The issue will probably be in two tranches...of altogether 70,000 to 280,000 shares,&quot; Krzysztof Lutostanski told Reuters, adding that a prospectus would be submitted to the securities commission by the end of this year's first half.</p>
<p>Lutostanski said one tranche would be open and the other offered to a specific investor or investors, likely from the financial sector, who would help the firm increase its current property insurance market share of 1.5 percent to four by the year 2000.</p>
<p>He said the company would size the open tranche so that after the issue is taken up by individual invesors at least 25 percent of all the firm's shares would be publicly traded.</p>
<p>Compensa, which employs 590, is 95-percent owned by Mostostal Export , which has 220,000 shares and 96.7 percent of shareholder votes.</p>
<p>Last year the firm, whose full name is Towarzystwo Ubezpieczeniowe Compensa SA, made a net profit of about 2.2 million zlotys on a gross premium of 81 million. In 1995 it netted 0.9 million zlotys on a gross premium of 40.5 million.</p>
<p>-- Barbara Wozniak +48 22 653 9700</p>
</text>
<copyright>(c) Reuters Limited 1997</copyright>
<metadata>
<codes class="bip:countries:1.0">
  <code code="POL">
    <editdetail attribution="Reuters BIP Coding Group" action="confirmed" date="1997-03-21"/>
  </code>
</codes>
<codes class="bip:industries:1.0">
  <code code="I82000">
    <editdetail attribution="Reuters BIP Coding Group" action="confirmed" date="1997-03-21"/>
  </code>
</codes>
<codes class="bip:topics:1.0">
  <code code="C14">
    <editdetail attribution="Reuters BIP Coding Group" action="confirmed" date="1997-03-21"/>
  </code>
  <code code="C17">
    <editdetail attribution="Reuters BIP Coding Group" action="confirmed" date="1997-03-21"/>
  </code>
  <code code="C171">
    <editdetail attribution="Reuters BIP Coding Group" action="confirmed" date="1997-03-21"/>
  </code>
  <code code="CCAT">
    <editdetail attribution="Reuters BIP Coding Group" action="confirmed" date="1997-03-21"/>
  </code>
</codes>
<dc element="dc.date.created" value="1997-03-21"/>
<dc element="dc.publisher" value="Reuters Holdings Plc"/>
<dc element="dc.date.published" value="1997-03-21"/>
<dc element="dc.source" value="Reuters"/>
<dc element="dc.creator.location" value="WARSAW"/>
<dc element="dc.creator.location.country.name" value="POLAND"/>
<dc element="dc.source" value="Reuters"/>
</metadata>
</newsitem>
