<?xml version="1.0" encoding="iso-8859-1" ?>
<newsitem itemid="458604" id="root" date="1997-03-21" xml:lang="en">
<title>CANADA: Bank of Canada monetary index to March 19.</title>
<headline>Bank of Canada monetary index to March 19.</headline>
<dateline>OTTAWA 1997-03-21</dateline>
<text>
<p>The Bank of Canada released its monetary conditions index:</p>
<p>		    3-month paper	Cdn dollar	Index</p>
<p>March 19	     3.26		 84.01	 -5.71</p>
<p>March 12	     3.16		 84.99	 -5.43</p>
<p>March 5		3.16		 84.66	 -5.56</p>
<p>Feb 26		 3.12		 84.68	 -5.59</p>
<p>Feb 19		 3.10		 85.25	 -5.38</p>
<p>Feb 12		 3.11		 85.40	 -5.32</p>
<p>Feb 5		  3.13		 86.04	 -5.05</p>
<p>Jan 29		 3.15		 85.82	 -5.11</p>
<p>Jan 22		 3.11		 86.24	 -4.99</p>
<p>Jan 15		 3.16		 85.52	 -5.22</p>
<p>Jan 8		  3.15		 84.67	 -5.56</p>
<p>Jan 1		  3.15		 83.49	 -6.03</p>
<p>Dec 25		 3.13		 83.80	 -5.93</p>
<p>Dec 18		 3.13		 83.68	 -5.98</p>
<p>Dec 11		 3.22		 83.90	 -5.80</p>
<p>NOTE - The index measures the 3-month prime corporate paper rate and the Canadian dollar index against G-10 currencies. Index base is January 1987.</p>
<p>((Reuters Ottawa Bureau (613) 235-6745))</p>
</text>
<copyright>(c) Reuters Limited 1997</copyright>
<metadata>
<codes class="bip:countries:1.0">
  <code code="CANA">
    <editdetail attribution="Reuters BIP Coding Group" action="confirmed" date="1997-03-21"/>
  </code>
</codes>
<codes class="bip:topics:1.0">
  <code code="M13">
    <editdetail attribution="Reuters BIP Coding Group" action="confirmed" date="1997-03-21"/>
  </code>
  <code code="M131">
    <editdetail attribution="Reuters BIP Coding Group" action="confirmed" date="1997-03-21"/>
  </code>
  <code code="MCAT">
    <editdetail attribution="Reuters BIP Coding Group" action="confirmed" date="1997-03-21"/>
  </code>
</codes>
<dc element="dc.date.created" value="1997-03-21"/>
<dc element="dc.publisher" value="Reuters Holdings Plc"/>
<dc element="dc.date.published" value="1997-03-21"/>
<dc element="dc.source" value="Reuters"/>
<dc element="dc.creator.location" value="OTTAWA"/>
<dc element="dc.creator.location.country.name" value="CANADA"/>
<dc element="dc.source" value="Reuters"/>
</metadata>
</newsitem>
