<?xml version="1.0" encoding="iso-8859-1" ?>
<newsitem itemid="458685" id="root" date="1997-03-21" xml:lang="en">
<title>MOZAMBIQUE: PRESS DIGEST - Mozambique - March 21.</title>
<headline>PRESS DIGEST - Mozambique - March 21.</headline>
<dateline>MAPUTO 1997-03-21</dateline>
<text>
<p>These are the leading stories in the Mozambican press on Friday.</p>
<p>Reuters has not verified these stories and does not vouch for their accuracy.</p>
<p>- - - -</p>
<p>NOTICIAS</p>
<p>- The Mozambican and South African governments signed a memorandum of understanding in Maputo for the construction of a new dam on the Zambezi river. The two governments signed a separate memorandum for the building of an aluminium plant on the outskirts of the capital which will use some of the energy generated by the new dam.</p>
<p>- A government bill aimed at setting up decentralised municipal authorities in 22 Mozambican cities has passed its first reading in parliament with noisy protests from the main opposition Renamo party.</p>
</text>
<copyright>(c) Reuters Limited 1997</copyright>
<metadata>
<codes class="bip:countries:1.0">
  <code code="MOZAM">
    <editdetail attribution="Reuters BIP Coding Group" action="confirmed" date="1997-03-21"/>
  </code>
</codes>
<codes class="bip:topics:1.0">
  <code code="GCAT">
    <editdetail attribution="Reuters BIP Coding Group" action="confirmed" date="1997-03-21"/>
  </code>
</codes>
<dc element="dc.date.created" value="1997-03-21"/>
<dc element="dc.publisher" value="Reuters Holdings Plc"/>
<dc element="dc.date.published" value="1997-03-21"/>
<dc element="dc.source" value="Reuters"/>
<dc element="dc.creator.location" value="MAPUTO"/>
<dc element="dc.creator.location.country.name" value="MOZAMBIQUE"/>
<dc element="dc.source" value="Reuters"/>
</metadata>
</newsitem>
