<?xml version="1.0" encoding="iso-8859-1" ?>
<newsitem itemid="458663" id="root" date="1997-03-21" xml:lang="en">
<title>TANZANIA: IMF asks Tanzania's Mkapa to oppose tax holidays.</title>
<headline>IMF asks Tanzania's Mkapa to oppose tax holidays.</headline>
<byline>Mark Dodd</byline>
<dateline>DAR ES SALAAM 1997-03-21</dateline>
<text>
<p>IMF officials have asked Tanzanian President Benjamin Mkapa to oppose the granting of tax holidays as an incentive to boost investment and local business confidence, diplomatic and financial sources said on Friday.</p>
<p>Mkapa's intervention was sought after a meeting on Tuesday with senior officials of the International Monetary Fund. The IMF team was led by Washington-based assistant director for fiscal affairs, Jeffrey Davis.</p>
<p>The IMF is concerned about the inclusion of tax holidays in a draft bill called the Tanzania Investment Incentive Act, due to be debated in parliament in April.</p>
<p>&quot;The hope is this act won't see the light of day for a while. It's loaded with too many giveaways,&quot; said one IMF official who asked not to be named.</p>
<p>Financial sources said proposals being contemplated by Tanzania included tax holidays of between five to 15 years for new investments over $300,000.</p>
<p>But the IMF was concerned that the bill in its present form contained too many &quot;giveaways&quot; and could undermine hard-won improvements to Tanzania's budgetary performance.</p>
<p>Economic reforms from the 1980s have improved Tanzania's fortunes. The currency is now stable, reserves are up and annual inflation in January was 14 percent from 25 percent a year ago, according to government figures.</p>
<p>Government revenues in January totalled 45 billion shillings ($75 million), 12 billion shillings higher than for the same period a year ago. Revenues from July 1996 to January 1997 totalled 331.1 billion shillings or 58 percent of the budget estimate for 1996/97.</p>
<p>In talks described as &quot;very sensitive&quot; the IMF team asked Mkapa, in the words of one official: &quot;not to knuckle under to pressure from the business community.&quot;</p>
<p>IMF concern about tax holidays received the support of the local British business lobby and the East Africa Association (EAA) which has influential business links to the region.</p>
<p>EAA chief executive Chris Buckmaster said with the exception of the mining industry, he opposed random granting of tax holidays as an incentive to boost foreign investment.</p>
<p>He suggested the Tanzanian government implement a low tax regime with generous allowances and as low a corporate tax base as possible.</p>
<p>A complicated and outdated taxation system coupled with choking bureacracy are seen as two major impediments to foreign investment in Tanzania. The government has promised action on tax reform but international lending institutions have warned against &quot;quick fix&quot; remedies.</p>
<p>--Dar es Salaam ++255-51 112-939 ($ = 600.4 Tanzanian Shillings)</p>
</text>
<copyright>(c) Reuters Limited 1997</copyright>
<metadata>
<codes class="bip:countries:1.0">
  <code code="TANZA">
    <editdetail attribution="Reuters BIP Coding Group" action="confirmed" date="1997-03-21"/>
  </code>
</codes>
<codes class="bip:topics:1.0">
  <code code="E12">
    <editdetail attribution="Reuters BIP Coding Group" action="confirmed" date="1997-03-21"/>
  </code>
  <code code="E21">
    <editdetail attribution="Reuters BIP Coding Group" action="confirmed" date="1997-03-21"/>
  </code>
  <code code="E211">
    <editdetail attribution="Reuters BIP Coding Group" action="confirmed" date="1997-03-21"/>
  </code>
  <code code="ECAT">
    <editdetail attribution="Reuters BIP Coding Group" action="confirmed" date="1997-03-21"/>
  </code>
</codes>
<dc element="dc.date.created" value="1997-03-21"/>
<dc element="dc.publisher" value="Reuters Holdings Plc"/>
<dc element="dc.date.published" value="1997-03-21"/>
<dc element="dc.source" value="Reuters"/>
<dc element="dc.creator.location" value="DAR ES SALAAM"/>
<dc element="dc.creator.location.country.name" value="TANZANIA"/>
<dc element="dc.source" value="Reuters"/>
</metadata>
</newsitem>
