<?xml version="1.0" encoding="iso-8859-1" ?>
<newsitem itemid="458644" id="root" date="1997-03-21" xml:lang="en">
<title>ZAIRE: Mobutu's plane lands in Kinshasa.</title>
<headline>Mobutu's plane lands in Kinshasa.</headline>
<dateline>KINSHASA 1997-03-21</dateline>
<text>
<p>Ailing President Mobutu Sese Seko's plane landed in Zaire's capital on Friday but the president did not immediately appear, witnesses said.</p>
<p>A welcoming committee and presidential guard of honour beside the red carpet pulled back after a wait of about 20 minutes, they added.</p>
</text>
<copyright>(c) Reuters Limited 1997</copyright>
<metadata>
<codes class="bip:countries:1.0">
  <code code="ZAIRE">
    <editdetail attribution="Reuters BIP Coding Group" action="confirmed" date="1997-03-21"/>
  </code>
</codes>
<codes class="bip:topics:1.0">
  <code code="GCAT">
    <editdetail attribution="Reuters BIP Coding Group" action="confirmed" date="1997-03-21"/>
  </code>
  <code code="GPOL">
    <editdetail attribution="Reuters BIP Coding Group" action="confirmed" date="1997-03-21"/>
  </code>
  <code code="GPRO">
    <editdetail attribution="Reuters BIP Coding Group" action="confirmed" date="1997-03-21"/>
  </code>
  <code code="GVIO">
    <editdetail attribution="Reuters BIP Coding Group" action="confirmed" date="1997-03-21"/>
  </code>
</codes>
<dc element="dc.date.created" value="1997-03-21"/>
<dc element="dc.publisher" value="Reuters Holdings Plc"/>
<dc element="dc.date.published" value="1997-03-21"/>
<dc element="dc.source" value="Reuters"/>
<dc element="dc.creator.location" value="KINSHASA"/>
<dc element="dc.creator.location.country.name" value="ZAIRE"/>
<dc element="dc.source" value="Reuters"/>
</metadata>
</newsitem>
