<?xml version="1.0" encoding="iso-8859-1" ?>
<newsitem itemid="458698" id="root" date="1997-03-21" xml:lang="en">
<title>YUGOSLAVIA: Serbian authorities force independent TV off air.</title>
<headline>Serbian authorities force independent TV off air.</headline>
<byline>Jovan Kovacic</byline>
<dateline>BELGRADE 1997-03-21</dateline>
<text>
<p>The most trusted and popular television station in Serbia has been blacked out across most of the country amid a fierce battle for control of the media ahead of elections later this year.</p>
<p>The state telecommunications authority cut independent BK TV's transmission lines going south from Belgrade on Thursday evening, stopping its broadcasts to cities south of the capital, Velimir Zugic, BK's technical manager, said on Friday.</p>
<p>&quot;We are now only covering Belgrade and northern parts of Serbia -- cities like Novi Sad,&quot; he said.</p>
<p>&quot;We have now been halved in coverage. That means in future, unless we find another solution we are going to be really a local station, not a national station.&quot;</p>
<p>According to a recent poll, BK TV was rated the most watched and most trusted station in the country by far.</p>
<p>&quot;Probably that is the reason which prompted the government to reduce our coverage in Serbia,&quot; Zugic said.</p>
<p>But hours later a Belgrade court ordered both the telecommunications authority and state-run Serbian television network RTS to air BK on its transmitters.</p>
<p>&quot;If they do not obey the court then all their claims that this is a country ruled by law will be dashed,&quot; Zugic said.</p>
<p>Early this month RTS warned BK TV it could no longer count on its transmitters to broadcast outside Belgrade, citing financial reasons.</p>
<p>BK TV called the move the &quot;most flagrant attack on media freedom in Serbia and the right of citizens to be informed&quot;.</p>
<p>It came after a political upheaval in Serbia caused by election fraud last November by the ruling Socialist Party (SPS) of Serbian President Slobodan Milosevic.</p>
<p>Huge demonstrations by Serbia's Zajedno (Together) coalition of opposition groups, drawing up to 500,000 at their peak, forced Milosevic to restore local election victories in 14 cities, including Belgrade.</p>
<p>The widespread protests were the biggest-ever challenge to Milosevic's 10-year rule.</p>
<p>The opposition demands free access to the media which the SPS, fighting to reinstate its battered popularity ahead of presidential and parliamentary elections later this year, is loath to concede despite heavy pressure from the West.</p>
<p>The United States has retained an outer wall of sanctions against Belgrade, barring Milosevic from desperately needed foreign capital to resuscitate his moribund economy.</p>
<p>Belgrade's commitment to democracy, human rights and freedom of the press is one of the conditions for the sanctions to be lifted, and the latest stifling of the media will diminsh chances of that happening in time for Milosevic to score election points.</p>
<p>BK TV's owner Bogoljub Karic had been one of Milosevic's closest allies but fell out with him after the November election fiasco.</p>
<p>Karic, whom analysts see as a potential presidential contender, criticised Milosevic for mishandling the affair. He said he backed any force seeking to reintegrate Serbia into the world as a modern, democratic and free market society.</p>
<p>Milosevic's popularity plummeted from 32 percent to 13 percent in February opinion polls.</p>
<p>Western diplomats believe Milosevic will not even run for the presidency of Serbia but opt instead for the post of Yugoslav federal president.</p>
</text>
<copyright>(c) Reuters Limited 1997</copyright>
<metadata>
<codes class="bip:countries:1.0">
  <code code="YUG">
    <editdetail attribution="Reuters BIP Coding Group" action="confirmed" date="1997-03-21"/>
  </code>
</codes>
<codes class="bip:industries:1.0">
  <code code="I9741102">
    <editdetail attribution="Reuters BIP Coding Group" action="confirmed" date="1997-03-21"/>
  </code>
</codes>
<codes class="bip:topics:1.0">
  <code code="C13">
    <editdetail attribution="Reuters BIP Coding Group" action="confirmed" date="1997-03-21"/>
  </code>
  <code code="C21">
    <editdetail attribution="Reuters BIP Coding Group" action="confirmed" date="1997-03-21"/>
  </code>
  <code code="CCAT">
    <editdetail attribution="Reuters BIP Coding Group" action="confirmed" date="1997-03-21"/>
  </code>
  <code code="GCAT">
    <editdetail attribution="Reuters BIP Coding Group" action="confirmed" date="1997-03-21"/>
  </code>
  <code code="GPOL">
    <editdetail attribution="Reuters BIP Coding Group" action="confirmed" date="1997-03-21"/>
  </code>
  <code code="GVOTE">
    <editdetail attribution="Reuters BIP Coding Group" action="confirmed" date="1997-03-21"/>
  </code>
</codes>
<dc element="dc.date.created" value="1997-03-21"/>
<dc element="dc.publisher" value="Reuters Holdings Plc"/>
<dc element="dc.date.published" value="1997-03-21"/>
<dc element="dc.source" value="Reuters"/>
<dc element="dc.creator.location" value="BELGRADE"/>
<dc element="dc.creator.location.country.name" value="YUGOSLAVIA"/>
<dc element="dc.source" value="Reuters"/>
</metadata>
</newsitem>
