<?xml version="1.0" encoding="iso-8859-1" ?>
<newsitem itemid="458602" id="root" date="1997-03-21" xml:lang="en">
<title>CANADA: Canada poised for strong growth, bank says.</title>
<headline>Canada poised for strong growth, bank says.</headline>
<dateline>TORONTO 1997-03-21</dateline>
<text>
<p>The Canadian economy is poised for strong growth and a healthy rebound on the job front this year, said one of Canada's largest banks on Friday.</p>
<p>Canada's gross domestic product (GDP) will grow at 3.4 percent in 1997 and 3.8 percent, and 300,000 new jobs will be created in both 1997 and 1998, the Bank of Montreal said in its national economic outlook.</p>
<p>The bank is predicting a drop in the unemployment rate from 9.7 percent to 8.6 percent by the end of 1998.</p>
<p>Low interest rates, tame inflation and a surge in consumer spending will fuel growth, the bank said.  </p>
<p>Consumer spending rose at an annual rate of 5.6 percent in the fourth quarter of 1996, led by higher sales of big-ticket items such as homes, furniture and automobiles.</p>
<p>Housing starts and retail sales also continued to show strength, the bank said.</p>
<p>&quot;There is evidence that the expansion has continued in the early part of this year,&quot; said Tim O'Neill, the bank's chief economist.</p>
<p>O'Neill said that Canada's exports will continue to benefit from a weak Canadian dollar, subdued domestic labor costs and relatively strong economic growth in the U.S.</p>
<p>Inflation will remain tame despite strong economic growth, the bank predicted.</p>
<p>The February consumer price index rose 2.2 percent from a year ago while the core rate of inflation, excluding the volatile food and energy components, is up only 1.5 percent.</p>
<p>&quot;Even though we expect the U.S. Federal Reserve to raise interest rates by 25 basis points on March 25, the Bank of Canada will likely resist increasing interest rates,&quot; O'Neill said.</p>
<p>((Paul Simao, Reuters Toronto Bureau (416) 941-8104))</p>
</text>
<copyright>(c) Reuters Limited 1997</copyright>
<metadata>
<codes class="bip:countries:1.0">
  <code code="CANA">
    <editdetail attribution="Reuters BIP Coding Group" action="confirmed" date="1997-03-21"/>
  </code>
</codes>
<codes class="bip:topics:1.0">
  <code code="E11">
    <editdetail attribution="Reuters BIP Coding Group" action="confirmed" date="1997-03-21"/>
  </code>
  <code code="ECAT">
    <editdetail attribution="Reuters BIP Coding Group" action="confirmed" date="1997-03-21"/>
  </code>
</codes>
<dc element="dc.date.created" value="1997-03-21"/>
<dc element="dc.publisher" value="Reuters Holdings Plc"/>
<dc element="dc.date.published" value="1997-03-21"/>
<dc element="dc.source" value="Reuters"/>
<dc element="dc.creator.location" value="TORONTO"/>
<dc element="dc.creator.location.country.name" value="CANADA"/>
<dc element="dc.source" value="Reuters"/>
</metadata>
</newsitem>
