<?xml version="1.0" encoding="iso-8859-1" ?>
<newsitem itemid="458642" id="root" date="1997-03-21" xml:lang="en">
<title>GHANA: Ghana bourse falls in thin trade.</title>
<headline>Ghana bourse falls in thin trade.</headline>
<dateline>ACCRA 1997-03-21</dateline>
<text>
<p>The Ghana Stock Exchange share index dipped further on Friday weighed down by Super Products Paper Company, which fell two to 108 cedis.</p>
<p>The Ghana All-Share index edged 0.03 points down to 362.79 from 362.82 on Wednesday.</p>
<p>Other shares held their previous values.</p>
<p>Trade was thin as 9,940 shares changed hands compared to 39,620 on Wednesday. Bids continued to outpace offers by 528,840 to 3,801,420.</p>
<p>($=1,878 cedis)</p>
<p>-- Abidjan newsroom: +225 21 90 90</p>
</text>
<copyright>(c) Reuters Limited 1997</copyright>
<metadata>
<codes class="bip:countries:1.0">
  <code code="GHANA">
    <editdetail attribution="Reuters BIP Coding Group" action="confirmed" date="1997-03-21"/>
  </code>
</codes>
<codes class="bip:topics:1.0">
  <code code="M11">
    <editdetail attribution="Reuters BIP Coding Group" action="confirmed" date="1997-03-21"/>
  </code>
  <code code="MCAT">
    <editdetail attribution="Reuters BIP Coding Group" action="confirmed" date="1997-03-21"/>
  </code>
</codes>
<dc element="dc.date.created" value="1997-03-21"/>
<dc element="dc.publisher" value="Reuters Holdings Plc"/>
<dc element="dc.date.published" value="1997-03-21"/>
<dc element="dc.source" value="Reuters"/>
<dc element="dc.creator.location" value="ACCRA"/>
<dc element="dc.creator.location.country.name" value="GHANA"/>
<dc element="dc.source" value="Reuters"/>
</metadata>
</newsitem>
