<?xml version="1.0" encoding="iso-8859-1" ?>
<newsitem itemid="458752" id="root" date="1997-03-21" xml:lang="en">
<title>ROMANIA: Turnover down on Romania OTC market.</title>
<headline>Turnover down on Romania OTC market.</headline>
<dateline>BUCHAREST 1997-03-21</dateline>
<text>
<p>Turnover on Romania's over-the-counter (OTC) market fell to around 16.0 billion lei this week from last week's 18.1 billion lei level.</p>
<p>Traders said supply was thin with investors waiting for listings to announce last year's financial data. Most prices rose with low supply and expectations for higher dividends.</p>
<p>High-cap cement maker Romcim SA remained the favourite target for investors, closing 2,300 lei stronger at 36,300 lei.</p>
<p>Over 10.4 million shares were traded over the week on the RASDAQ -- the Romanian OTC system modelled on the U.S. NASDAQ -- down from 11.1 million the previous week.</p>
<p>The independent VAB-RASDAQ index, computed by  Vanguard SA securities, rose 151.3 points on the week to 1,791.4.</p>
<p>The RASDAQ, which opened last October to eventually trade 5,000 companies privatised under a mass selloff, now lists 2,705 stocks. It traded an average 348 companies this week.</p>
<p>-- Andrei Iva, Bucharest Newsroom 40-1 3120264</p>
</text>
<copyright>(c) Reuters Limited 1997</copyright>
<metadata>
<codes class="bip:countries:1.0">
  <code code="ROM">
    <editdetail attribution="Reuters BIP Coding Group" action="confirmed" date="1997-03-21"/>
  </code>
</codes>
<codes class="bip:topics:1.0">
  <code code="M11">
    <editdetail attribution="Reuters BIP Coding Group" action="confirmed" date="1997-03-21"/>
  </code>
  <code code="MCAT">
    <editdetail attribution="Reuters BIP Coding Group" action="confirmed" date="1997-03-21"/>
  </code>
</codes>
<dc element="dc.date.created" value="1997-03-21"/>
<dc element="dc.publisher" value="Reuters Holdings Plc"/>
<dc element="dc.date.published" value="1997-03-21"/>
<dc element="dc.source" value="Reuters"/>
<dc element="dc.creator.location" value="BUCHAREST"/>
<dc element="dc.creator.location.country.name" value="ROMANIA"/>
<dc element="dc.source" value="Reuters"/>
</metadata>
</newsitem>
