<?xml version="1.0" encoding="iso-8859-1" ?>
<newsitem itemid="458712" id="root" date="1997-03-21" xml:lang="en">
<title>POLAND: Polish reactions vary after first summit reports.</title>
<headline>Polish reactions vary after first summit reports.</headline>
<byline>Anthony Barker</byline>
<dateline>WARSAW 1997-03-21</dateline>
<text>
<p>Poland's President Aleksander Kwasniewski said that, at the Helsinki summit between U.S. leader Bill Clinton and Russia's Boris Yeltsin on Friday, Moscow had de facto agreed to NATO's expansion.</p>
<p>&quot;I think that in this basic question, in fact, I stress in fact, Russia has agreed on the expansion of NATO,&quot; Kwasniewski said in an initial statement issued to Reuters by his spokesman Antoni Styrczula soon after the summit ended.</p>
<p>But senior opposition parliamentarian Janusz Onyszkiewicz said Polish diplomats should seek rapid clarification from NATO and Washington about what exactly had been agreed in the talks.</p>
<p>&quot;The question now arises, what will NATO be and will it be an organisation which we would want to join,&quot; PAP news agency quoted him as saying during a break in parliamentary voting.</p>
<p>&quot;Poland should not be interested in joining a diluted alliance whose effectiveness and credibility are not the same as hitherto,&quot; the former defence minister told PAP after first, sketchy reports of the summit's outcome.</p>
<p>The head of parliament's foreign affairs committee, opposition leader Bronislaw Geremek, told the agency however that news media may have misreported the summit's results.</p>
<p>&quot;So far nothing bad has happened. The principle that &quot;nothing (should be decided) about us without us' has not been violated,&quot; Geremek told PAP.</p>
<p>Warsaw has been anxious that NATO should not agree on a watered-down membership for new entrants, so as to meet Russian objections that the pact's enlargement threatens its security.</p>
<p>Kwasniewski said Poland had not raised objections to the readiness of the United States and NATO countries to sign a special charter with Russia.</p>
<p>&quot;We think that, for a lasting system of security in Europe, such a charter between an expanded NATO and Russia and Ukraine can be very useful,&quot; Kwasniewski said in the initial comments.</p>
<p>&quot;We also have the impression there was a drawing closer of standpoints and that in fact the expansion of NATO is decided,&quot; Kwasniewski said.</p>
<p>Poland expects to be among the first new members, with Hungary and the Czech Republic, to be asked at the pact's July summit in Madrid to start NATO entry talks and to join in 1999.</p>
<p>The country was left by its Western allies to domination by the Soviet Union at the end of World War Two and only threw this off in 1989.</p>
<p>Kwasniewski said he did not consider that Poland would be a second-class member of NATO because the Western pact did not intend to station nuclear weapons or forces on its territory.</p>
<p>&quot;Denmark has a similar situation and no one regards it as a second-class member in NATO,&quot; he said, adding that there was no need for such measures now that the world had left behind the past conflict between great power blocs.</p>
<p>&quot;In my view the presence of new countries in NATO is based on the same Washington treaty in which is included a clear assertion concerning security guarantees, mutual relations between countries of NATO, responsibility for the entirety of security in this region and cooperation in commanding these armies jointly,&quot; he said.</p>
<p>&quot;So in my view the enlargement of NATO in peaceful conditions is expansion in which the presence of foreign armies and nuclear weapons is not essential,&quot; he said.</p>
</text>
<copyright>(c) Reuters Limited 1997</copyright>
<metadata>
<codes class="bip:countries:1.0">
  <code code="FIN">
    <editdetail attribution="Reuters BIP Coding Group" action="confirmed" date="1997-03-21"/>
  </code>
  <code code="NATO">
    <editdetail attribution="Reuters BIP Coding Group" action="confirmed" date="1997-03-21"/>
  </code>
  <code code="POL">
    <editdetail attribution="Reuters BIP Coding Group" action="confirmed" date="1997-03-21"/>
  </code>
  <code code="RUSS">
    <editdetail attribution="Reuters BIP Coding Group" action="confirmed" date="1997-03-21"/>
  </code>
  <code code="USA">
    <editdetail attribution="Reuters BIP Coding Group" action="confirmed" date="1997-03-21"/>
  </code>
</codes>
<codes class="bip:topics:1.0">
  <code code="GCAT">
    <editdetail attribution="Reuters BIP Coding Group" action="confirmed" date="1997-03-21"/>
  </code>
  <code code="GDEF">
    <editdetail attribution="Reuters BIP Coding Group" action="confirmed" date="1997-03-21"/>
  </code>
  <code code="GDIP">
    <editdetail attribution="Reuters BIP Coding Group" action="confirmed" date="1997-03-21"/>
  </code>
</codes>
<dc element="dc.date.created" value="1997-03-21"/>
<dc element="dc.publisher" value="Reuters Holdings Plc"/>
<dc element="dc.date.published" value="1997-03-21"/>
<dc element="dc.source" value="Reuters"/>
<dc element="dc.creator.location" value="WARSAW"/>
<dc element="dc.creator.location.country.name" value="POLAND"/>
<dc element="dc.source" value="Reuters"/>
</metadata>
</newsitem>
