<?xml version="1.0" encoding="iso-8859-1" ?>
<newsitem itemid="458785" id="root" date="1997-03-21" xml:lang="en">
<title>RUSSIA: Russian premier says &quot;power ministers&quot; to stay on.</title>
<headline>Russian premier says &quot;power ministers&quot; to stay on.</headline>
<dateline>MOSCOW 1997-03-21</dateline>
<text>
<p>Russian Prime Minister Viktor Chernomyrdin said on Friday the interior and defence ministers and the head of the Federal Security Service would not be affected by a cabinet reshuffle now under way.</p>
<p>&quot;There will be no personnel changes in any power structures now,&quot; he told the State Duma lower house of parliament. President Boris Yeltsin launched a dramatic cabinet reshuffle on Monday which is expected to be completed early next week.  </p>
<p>The so-called &quot;power ministers&quot;, who are responsible for maintaining national security, report directly to Yeltsin, as does the foreign minister too, bypassing the prime minister.</p>
<p>Some of them, including Defence Minister Igor Rodionov who has been publicly at odds with members of Yeltsin's entourage, had been rumoured to be facing the axe in the reshuffle.</p>
<p>Chernomyrdin told the Duma that further nominations would be made early next week to fill new posts established by the government shake-up but he added there would be no more sackings.</p>
<p>Yeltsin, worried by growing public discontent over a protracted economic downturn, has put pro-market liberals in broad control of economic policy. The president was in Helsinki on Friday for a summit with U.S. President Bill Clinton.</p>
</text>
<copyright>(c) Reuters Limited 1997</copyright>
<metadata>
<codes class="bip:countries:1.0">
  <code code="RUSS">
    <editdetail attribution="Reuters BIP Coding Group" action="confirmed" date="1997-03-21"/>
  </code>
</codes>
<codes class="bip:topics:1.0">
  <code code="GCAT">
    <editdetail attribution="Reuters BIP Coding Group" action="confirmed" date="1997-03-21"/>
  </code>
  <code code="GPOL">
    <editdetail attribution="Reuters BIP Coding Group" action="confirmed" date="1997-03-21"/>
  </code>
</codes>
<dc element="dc.date.created" value="1997-03-21"/>
<dc element="dc.publisher" value="Reuters Holdings Plc"/>
<dc element="dc.date.published" value="1997-03-21"/>
<dc element="dc.source" value="Reuters"/>
<dc element="dc.creator.location" value="MOSCOW"/>
<dc element="dc.creator.location.country.name" value="RUSSIA"/>
<dc element="dc.source" value="Reuters"/>
</metadata>
</newsitem>
