<?xml version="1.0" encoding="iso-8859-1" ?>
<newsitem itemid="458763" id="root" date="1997-03-21" xml:lang="en">
<title>HUNGARY: Hungarian bourse rebounds, BUX futures stronger.</title>
<headline>Hungarian bourse rebounds, BUX futures stronger.</headline>
<dateline>BUDAPEST 1997-03-21</dateline>
<text>
<p>The Hungarian share market closed a fraction higher on Friday, propelled by a stronger U.S. dollar which was giving some positive tone to the bourse ahead of the U.S. Fed's meeting next Tuesday, traders said.</p>
<p>The BUX index closed at 5,084.80 points, up 15.50. BUX futures firmed for all maturities by between 66.50 and 152.50 points. June BUX closed 95.00 points up at 5,362.50 points.</p>
<p>&quot;Nerves have calmed down a bit, not everybody is as pessimistic as they were so far,&quot; said Gyorgy Czipo of ING Barings.</p>
<p>On Friday the market's leading gainers included OTP Bank which was said benefiting from a positive market sentiment rather than an upbeat newspaper report about the bank's 1996 performance. OTP closed at 3,410 forints, up 105.</p>
<p>Meanwhile meat processor Pick's shares were pushed higher by a lack of liquidity owned to weak supply.</p>
<p>&quot;Pick's market is completely illiquid and a bigger order on either side can substantially move the market,&quot; one trader said. Pick closed at 11,300 forints, up 345.</p>
<p>Elsewhere on the market, chemicals Borsodchem edged up 60 forints to 6,050, after the company established Borsodchem Polska Kft, a Katowice-based unit, with the aim of boosting Borsodchem's share on the Polish market.</p>
<p>Brewery Soproni firmed 100 forints to finish at 5,600 in thin volume after it had proposed to pay higher dividends on both preference and ordinary stocks, while brewery Martfu, which plans an unchanged 15 percent dividend, put on 30 forints to 3,050.</p>
</text>
<copyright>(c) Reuters Limited 1997</copyright>
<metadata>
<codes class="bip:countries:1.0">
  <code code="HUNG">
    <editdetail attribution="Reuters BIP Coding Group" action="confirmed" date="1997-03-21"/>
  </code>
</codes>
<codes class="bip:topics:1.0">
  <code code="M11">
    <editdetail attribution="Reuters BIP Coding Group" action="confirmed" date="1997-03-21"/>
  </code>
  <code code="MCAT">
    <editdetail attribution="Reuters BIP Coding Group" action="confirmed" date="1997-03-21"/>
  </code>
</codes>
<dc element="dc.date.created" value="1997-03-21"/>
<dc element="dc.publisher" value="Reuters Holdings Plc"/>
<dc element="dc.date.published" value="1997-03-21"/>
<dc element="dc.source" value="Reuters"/>
<dc element="dc.creator.location" value="BUDAPEST"/>
<dc element="dc.creator.location.country.name" value="HUNGARY"/>
<dc element="dc.source" value="Reuters"/>
</metadata>
</newsitem>
