<?xml version="1.0" encoding="iso-8859-1" ?>
<newsitem itemid="458713" id="root" date="1997-03-21" xml:lang="en">
<title>MOLDOVA: Moldova's parliament approves 1997 budget.</title>
<headline>Moldova's parliament approves 1997 budget.</headline>
<dateline>CHISINAU 1997-03-21</dateline>
<text>
<p>Moldova's parliament on Friday narrowly passed the 1997 budget after almost six months of protracted debate.</p>
<p>&quot;This budget...will assure the payment of urgent needs such as wages and pensions, but it also demands tough financial discipline,&quot; Finance Minister Valeriu Chitan told reporters after the draft was approved by 54 votes, just one above the needed simple majority.</p>
<p>The draft provides for a 330 milion lei ($71 million) deficit, three percent of the gross domestic product with revenues of 1,916.5 million lei and expenditures of 2,246.5 million lei.</p>
<p>Work on the budget, which by law should be approved by December 15 of the previous year, had been delayed by December presidential elections and forming of a new government.</p>
<p>Chitan said his ministry's top priority was to boost tax collection. At present only 65 percent of taxes are collected, and the government seeks to raise the figure to 80-85 percent by the end of the year.</p>
<p>The government plans to raise 195 million lei from issuing government securities to partly cover the budget deficit. National Bank credits to the government worth 50 million, and foreign loans are expected to raise another 85 million lei.</p>
<p>According to the Finance Ministry's preliminary data, the 1996 budget deficit was 474 million lei, or 5.3 percent of gross domestic product. $1 = 4,65 lei</p>
</text>
<copyright>(c) Reuters Limited 1997</copyright>
<metadata>
<codes class="bip:countries:1.0">
  <code code="MOLDV">
    <editdetail attribution="Reuters BIP Coding Group" action="confirmed" date="1997-03-21"/>
  </code>
</codes>
<codes class="bip:topics:1.0">
  <code code="E21">
    <editdetail attribution="Reuters BIP Coding Group" action="confirmed" date="1997-03-21"/>
  </code>
  <code code="E211">
    <editdetail attribution="Reuters BIP Coding Group" action="confirmed" date="1997-03-21"/>
  </code>
  <code code="ECAT">
    <editdetail attribution="Reuters BIP Coding Group" action="confirmed" date="1997-03-21"/>
  </code>
  <code code="GCAT">
    <editdetail attribution="Reuters BIP Coding Group" action="confirmed" date="1997-03-21"/>
  </code>
  <code code="GPOL">
    <editdetail attribution="Reuters BIP Coding Group" action="confirmed" date="1997-03-21"/>
  </code>
</codes>
<dc element="dc.date.created" value="1997-03-21"/>
<dc element="dc.publisher" value="Reuters Holdings Plc"/>
<dc element="dc.date.published" value="1997-03-21"/>
<dc element="dc.source" value="Reuters"/>
<dc element="dc.creator.location" value="CHISINAU"/>
<dc element="dc.creator.location.country.name" value="MOLDOVA"/>
<dc element="dc.source" value="Reuters"/>
</metadata>
</newsitem>
