<?xml version="1.0" encoding="iso-8859-1" ?>
<newsitem itemid="458709" id="root" date="1997-03-21" xml:lang="en">
<title>RUSSIA: Yeltsin returns to Russia woes from Helsinki summit.</title>
<headline>Yeltsin returns to Russia woes from Helsinki summit.</headline>
<byline>Oleg Shchedrov</byline>
<dateline>MOSCOW 1996-03-22</dateline>
<text>
<p>President Boris Yeltsin returns on Saturday from a Helsinki summit with U.S. President Bill Clinton that was dominated by NATO's expansion plans, to complete his cabinet reshuffle and tackle painful domestic problems.</p>
<p>Yeltsin's communist opponents were quick to denounce the results of the meeting in the Finnish capital as a &quot;crushing defeat&quot; for Moscow, but there has been no reaction yet from other segments of the Russian political spectrum.</p>
<p>Once home, Yeltsin is expected to put the finishing touches to a major government shake-up aimed at speeding up stalled reforms and loosening the stranglehold caused by delayed wage payments and non-payment of debts between enterprises.</p>
<p>Communist leader Gennady Zyuganov, Yeltsin's rival in the presidential election last summer, compared the Helsinki summit with the Versailles Treaty of 1919, which ended World War One and imposed humiliating conditions on Germany, the loser.</p>
<p>&quot;Yeltsin's foreign policy suffered a crushing defeat,&quot; Interfax quoted Zyuganov as saying. &quot;In fact the Helsinki agreements are Russia's Versailles.&quot;</p>
<p>Yeltsin and Clinton agreed to differ on the eastward expansion of NATO (North Atlantic Treaty Organisation), but said Moscow would still negotiate a partnership agreement with the alliance, which they hoped could be signed before the NATO summit in July.</p>
<p>Yeltsin and his conservative foes were equally critical of NATO's plans to grant membership to Moscow's former Cold War allies.</p>
<p>But in contrast to Yeltsin, who focused on working out a deal that would further at least some of Moscow's aims, Russian hardliners have insisted on uncompromising opposition to NATO expansion, regardless of the results achieved.</p>
<p>Most other political groups here had been much more pragmatic about Russia's ability to stop NATO's eastward enlargement, and about its need for a good deal with the alliance.</p>
<p>Yeltsin's cooperative attitude to Clinton only added to the fury of Russian hardliners already angered by the cabinet reshuffle, in which young aggressive reformers rose to top cabinet positions.</p>
<p>Yeltsin named his chief of staff Anatoly Chubais, 41, a hate-figure for conservatives for his role in Russia's bold privatisation campaign, as first deputy prime minister and appointed other reformers to the government.</p>
<p>&quot;The changes in the government have been prompted by the needs of the current stage of economic reforms,&quot; Prime Minister Viktor Chernomyrdin told the communist-dominated State Duma lower house on Friday, explaining the cabinet changes.</p>
<p>The deputies are not the only ones who are demanding explanations from the government.</p>
<p>Trade unions are planning nationwide protest action on March 27 to demand urgent steps from the cabinet. Chernomyrdin has sent new government members to regions where the situation is most tense.</p>
<p>Chubais went to the mining region of Kemerovo to take part in a coal miners' union conference on Friday. Miners were among Yeltsin's most loyal backers in the early 1990s but are now disenchanted with reform.</p>
<p>Bearing a message of goodwill from Yeltsin and about $30 million in back wages, Chubais vowed to pay all wage arrears by the end of the year and to clear the pensions backlog by June.</p>
<p>Chernomyrdin is expected to hold a telephone conference with influential regional governors on Saturday to urge them to make extra efforts to clear such backlogs.</p>
</text>
<copyright>(c) Reuters Limited 1997</copyright>
<metadata>
<codes class="bip:countries:1.0">
  <code code="FIN">
    <editdetail attribution="Reuters BIP Coding Group" action="confirmed" date="1997-03-21"/>
  </code>
  <code code="NATO">
    <editdetail attribution="Reuters BIP Coding Group" action="confirmed" date="1997-03-21"/>
  </code>
  <code code="RUSS">
    <editdetail attribution="Reuters BIP Coding Group" action="confirmed" date="1997-03-21"/>
  </code>
  <code code="USA">
    <editdetail attribution="Reuters BIP Coding Group" action="confirmed" date="1997-03-21"/>
  </code>
</codes>
<codes class="bip:topics:1.0">
  <code code="GCAT">
    <editdetail attribution="Reuters BIP Coding Group" action="confirmed" date="1997-03-21"/>
  </code>
  <code code="GDIP">
    <editdetail attribution="Reuters BIP Coding Group" action="confirmed" date="1997-03-21"/>
  </code>
</codes>
<dc element="dc.date.created" value="1996-03-22"/>
<dc element="dc.publisher" value="Reuters Holdings Plc"/>
<dc element="dc.date.published" value="1997-03-21"/>
<dc element="dc.source" value="Reuters"/>
<dc element="dc.creator.location" value="MOSCOW"/>
<dc element="dc.creator.location.country.name" value="RUSSIA"/>
<dc element="dc.source" value="Reuters"/>
</metadata>
</newsitem>
