<?xml version="1.0" encoding="iso-8859-1" ?>
<newsitem itemid="458759" id="root" date="1997-03-21" xml:lang="en">
<title>CZECH REPUBLIC: Czechs, Poles warn no 2nd class NATO members.</title>
<headline>Czechs, Poles warn no 2nd class NATO members.</headline>
<dateline>RYCHNOV NAD KNEZNOU, Czech Republic 1997-03-21</dateline>
<text>
<p>The Czech Republic and Poland on Friday said they respected negotiations between the U.S. and Russia on NATO expansion but warned against creating a tier of second class members.</p>
<p>In a joint statement issued following a meeting between their foreign ministers at this town near the Czech-Polish border, the two nations also said the talks must not interfere with the schedule for admission of new members to thealliance.</p>
<p>&quot;We trust that requirements for countries aspiring to alliance membership will result from direct accession negotiations and will not become part of any formal alliance obligations toward third countries, in order to avoid any second class membership,&quot; the statement said.</p>
<p>Enlargement of the North Atlantic Treaty Organisation (NATO) was the key topic at Friday's Helsinki summit between Russian President Boris Yeltsin and his U.S. counterpart Bill Clinton.</p>
<p>The Czech Republic, Hungary and Poland are the leading candidates to be invited to join after an alliance summit in Madrid in July.</p>
<p>Russia bitterly opposes the expansion of the former Soviet Union's old Cold War foe to territory once under the sway of the Moscow-dominated Warsaw Pact.</p>
</text>
<copyright>(c) Reuters Limited 1997</copyright>
<metadata>
<codes class="bip:countries:1.0">
  <code code="CZREP">
    <editdetail attribution="Reuters BIP Coding Group" action="confirmed" date="1997-03-21"/>
  </code>
  <code code="NATO">
    <editdetail attribution="Reuters BIP Coding Group" action="confirmed" date="1997-03-21"/>
  </code>
  <code code="POL">
    <editdetail attribution="Reuters BIP Coding Group" action="confirmed" date="1997-03-21"/>
  </code>
  <code code="RUSS">
    <editdetail attribution="Reuters BIP Coding Group" action="confirmed" date="1997-03-21"/>
  </code>
  <code code="USA">
    <editdetail attribution="Reuters BIP Coding Group" action="confirmed" date="1997-03-21"/>
  </code>
</codes>
<codes class="bip:topics:1.0">
  <code code="GCAT">
    <editdetail attribution="Reuters BIP Coding Group" action="confirmed" date="1997-03-21"/>
  </code>
  <code code="GDEF">
    <editdetail attribution="Reuters BIP Coding Group" action="confirmed" date="1997-03-21"/>
  </code>
  <code code="GDIP">
    <editdetail attribution="Reuters BIP Coding Group" action="confirmed" date="1997-03-21"/>
  </code>
</codes>
<dc element="dc.date.created" value="1997-03-21"/>
<dc element="dc.publisher" value="Reuters Holdings Plc"/>
<dc element="dc.date.published" value="1997-03-21"/>
<dc element="dc.source" value="Reuters"/>
<dc element="dc.creator.location" value="RYCHNOV NAD KNEZNOU, Czech Republic"/>
<dc element="dc.creator.location.country.name" value="CZECH REPUBLIC"/>
<dc element="dc.source" value="Reuters"/>
</metadata>
</newsitem>
