<?xml version="1.0" encoding="iso-8859-1" ?>
<newsitem itemid="458715" id="root" date="1997-03-21" xml:lang="en">
<title>CROATIA: Yugoslavia hands over files on missing.</title>
<headline>Yugoslavia hands over files on missing.</headline>
<dateline>ZAGREB 1997-03-21</dateline>
<text>
<p>Yugoslavia has handed over to Croatia some 500 files on missing persons in what appears to be a warming up in relations between the two countries, international human rights officials said on Friday.</p>
<p>Mark Steinberg of International Commission for Missing Persons (ICMP) told Croatian television Yugoslavia had handed over dossiers on the people whose remains were found in the town of Vukovar in 1991 upon its fall to beseiging Serb forces.</p>
<p>&quot;Representatives of Croatia and Yugoslavia reported what they characterised as good progress in their relationship,&quot; Steinberg said.</p>
<p>He also said Yugoslavia promised to deliver hundreds of the files on the missing people still sought by Croatia.</p>
<p>ICMP, headed by former U.S. Secretary of State Cyrus Vance, has been set up to aid search of people who went missing during the 1991-95 war that followed the breakup of former Yugoslavia.</p>
<p>It met with government representatives of Croatia, Yugoslavia and Bosnia's Moslem and in Zagreb on Friday.</p>
<p>Croatia has often accused Yugoslavia of witholding the information on the missing and delaying the handover of the documentation.</p>
<p>Croatian radio said Bosnia filed 18,985 missing persons requests but ICMP was able to solve only 1,085 of such cases.</p>
<p>It also solved approximately half of the 3,458 requests filed by Croatia.</p>
</text>
<copyright>(c) Reuters Limited 1997</copyright>
<metadata>
<codes class="bip:countries:1.0">
  <code code="BSHZG">
    <editdetail attribution="Reuters BIP Coding Group" action="confirmed" date="1997-03-21"/>
  </code>
  <code code="CRTIA">
    <editdetail attribution="Reuters BIP Coding Group" action="confirmed" date="1997-03-21"/>
  </code>
  <code code="YUG">
    <editdetail attribution="Reuters BIP Coding Group" action="confirmed" date="1997-03-21"/>
  </code>
</codes>
<codes class="bip:topics:1.0">
  <code code="GCAT">
    <editdetail attribution="Reuters BIP Coding Group" action="confirmed" date="1997-03-21"/>
  </code>
  <code code="GDIP">
    <editdetail attribution="Reuters BIP Coding Group" action="confirmed" date="1997-03-21"/>
  </code>
</codes>
<dc element="dc.date.created" value="1997-03-21"/>
<dc element="dc.publisher" value="Reuters Holdings Plc"/>
<dc element="dc.date.published" value="1997-03-21"/>
<dc element="dc.source" value="Reuters"/>
<dc element="dc.creator.location" value="ZAGREB"/>
<dc element="dc.creator.location.country.name" value="CROATIA"/>
<dc element="dc.source" value="Reuters"/>
</metadata>
</newsitem>
