<?xml version="1.0" encoding="iso-8859-1" ?>
<newsitem itemid="458749" id="root" date="1997-03-21" xml:lang="en">
<title>RUSSIA: &quot;Save Lenin's body&quot; measure fails in parliament.</title>
<headline>&quot;Save Lenin's body&quot; measure fails in parliament.</headline>
<byline>Adam Tanner</byline>
<dateline>MOSCOW 1997-03-21</dateline>
<text>
<p>Russian deputies on Friday failed to pass a measure aimed at blocking the eventual reburial of Communist leader Vladimir Lenin's embalmed body, which lies in a mausoleum on Red Square 73 years after his death.</p>
<p>&quot;In the name of workers we demand hands off the mausoleum, or otherwise we will call for workers and peasants to march on Moscow to defend the motherland and its sacred symbols!&quot; said Communist deputy Vasily Shandybin defending the resolution.</p>
<p>The draft resolution &quot;Prevent an Act of Vandalism!&quot;, which would have been a public appeal rather than law, fell 11 votes short of the 226 needed for passage in the communist-dominated State Duma lower chamber.</p>
<p>Communist deputies later complained that the electronic voting system failed to record five of their votes and called for a re-vote next week. &quot;It's very suspicious that the voting system worked fine all day until we got to this measure,&quot; said Communist Viktor Ilyukhin.</p>
<p>Following Lenin's death in 1924, his wife Nadezhda Krupskaya mounted a vigorous campaign to have him buried in a modest way.</p>
<p>But as crowds from across the country came pouring into Moscow to see the leader of the communist revolution, his Kremlin successors saw they could maintain a powerful symbol by preserving the body for good.</p>
<p>Communists and their allies in the Duma view preserving Lenin's body as a matter of symbolic importance for Russia.</p>
<p>But their liberal opponents pointed out that the Communist party itself has led the way in removing bodies from the mausoleum by burying the embalmed Stalin in 1961, eight years after his death.</p>
<p>&quot;Of course (President) Boris Yeltsin, a former party boss, would only be following the traditions of the party by burying Lenin,&quot; Sergei Popov of the liberal Yabloko faction said.</p>
<p>Yeltsin last week touched off the latest stage of the debate by mentioning a possible referendum on the issue.</p>
<p>Yeltsin said in 1993 he would bury Lenin within weeks. But he then backed off, apparently deciding not to use political capital on the explosive issue.</p>
<p>Yury Denisov-Nikolsky, one of Lenin's longtime embalmers, has said that the body itself is now undergoing a recleansing undertaken every year or year and a half to maintain the moisture of the skin.</p>
<p>During this time the body is immersed into a tub of chemical solution for a two months, lifted from the tub on a stretcher, cleansed of excess dripping liquid, and then redressed and put back on display, former embalmers have said.</p>
<p>The mausoleum is due to reopen to the public next week following the latest round of treatment to keep the 126-year-old body whole.</p>
</text>
<copyright>(c) Reuters Limited 1997</copyright>
<metadata>
<codes class="bip:countries:1.0">
  <code code="RUSS">
    <editdetail attribution="Reuters BIP Coding Group" action="confirmed" date="1997-03-21"/>
  </code>
</codes>
<codes class="bip:topics:1.0">
  <code code="GCAT">
    <editdetail attribution="Reuters BIP Coding Group" action="confirmed" date="1997-03-21"/>
  </code>
  <code code="GODD">
    <editdetail attribution="Reuters BIP Coding Group" action="confirmed" date="1997-03-21"/>
  </code>
  <code code="GPOL">
    <editdetail attribution="Reuters BIP Coding Group" action="confirmed" date="1997-03-21"/>
  </code>
</codes>
<dc element="dc.date.created" value="1997-03-21"/>
<dc element="dc.publisher" value="Reuters Holdings Plc"/>
<dc element="dc.date.published" value="1997-03-21"/>
<dc element="dc.source" value="Reuters"/>
<dc element="dc.creator.location" value="MOSCOW"/>
<dc element="dc.creator.location.country.name" value="RUSSIA"/>
<dc element="dc.source" value="Reuters"/>
</metadata>
</newsitem>
