<?xml version="1.0" encoding="iso-8859-1" ?>
<newsitem itemid="458790" id="root" date="1997-03-21" xml:lang="en">
<title>HUNGARY: Hungary's NBH confirms relief to run-hit Postabank.</title>
<headline>Hungary's NBH confirms relief to run-hit Postabank.</headline>
<dateline>BUDAPEST 1997-03-21</dateline>
<text>
<p>The National Bank of Hungary (NBH) confirmed on Friday that it granted a temporary exemption from the placing of obligatory reserves with the NBH, to Postabank Rt, which was hit by panic withdrawals recently.</p>
<p>&quot;We freed Postabank's reserves for the request of the bank,&quot; NBH president Gyorgy Suranyi told a news conference. &quot;The managers of the bank must have asked for this to improve Postabank's liquidity following withdrawals of deposits.&quot;</p>
<p>The daily Nepszabadsag said on Thursday that the exemption of Postabank, Hungary's second largest commercial bank, is valid until April 15 and frees some 20 billion forints at the bank.</p>
<p>Depositors withdrew around 24 billion forints three weeks ago from Postabank in a four-day-long rumour-triggered panic wave.</p>
<p>-- Budapest newsroom (36 1) 327 4040</p>
</text>
<copyright>(c) Reuters Limited 1997</copyright>
<metadata>
<codes class="bip:countries:1.0">
  <code code="HUNG">
    <editdetail attribution="Reuters BIP Coding Group" action="confirmed" date="1997-03-21"/>
  </code>
</codes>
<codes class="bip:industries:1.0">
  <code code="I81401">
    <editdetail attribution="Reuters BIP Coding Group" action="confirmed" date="1997-03-21"/>
  </code>
  <code code="I81403">
    <editdetail attribution="Reuters BIP Coding Group" action="confirmed" date="1997-03-21"/>
  </code>
</codes>
<codes class="bip:topics:1.0">
  <code code="C13">
    <editdetail attribution="Reuters BIP Coding Group" action="confirmed" date="1997-03-21"/>
  </code>
  <code code="CCAT">
    <editdetail attribution="Reuters BIP Coding Group" action="confirmed" date="1997-03-21"/>
  </code>
</codes>
<dc element="dc.date.created" value="1997-03-21"/>
<dc element="dc.publisher" value="Reuters Holdings Plc"/>
<dc element="dc.date.published" value="1997-03-21"/>
<dc element="dc.source" value="Reuters"/>
<dc element="dc.creator.location" value="BUDAPEST"/>
<dc element="dc.creator.location.country.name" value="HUNGARY"/>
<dc element="dc.source" value="Reuters"/>
</metadata>
</newsitem>
