<?xml version="1.0" encoding="iso-8859-1" ?>
<newsitem itemid="458792" id="root" date="1997-03-21" xml:lang="en">
<title>BULGARIA: Bulgaria sells 37.766 bln levs 1- and 4-wk T-bills.</title>
<headline>Bulgaria sells 37.766 bln levs 1- and 4-wk T-bills.</headline>
<dateline>SOFIA 1997-03-21</dateline>
<text>
<p>Bulgaria's Finance Ministry on Friday sold two discount T-bill issues with maturities of one week and four weeks, yielding 3.83 percent and 17.69 percent to maturity, respectively, the central bank said.</p>
<p>Bids were received for a total of 37.896 billion levs of T-bills but the ministry approved bids for 37.766 billion levs worth of paper.</p>
<p>The issues were offered with no par value or minimum acceptable price set in advance by the ministry. Auction date and maturity date for each issue overlap.</p>
<p>Details of the issues follow. Prices are in percent of par:</p>
<p> Issue number		  BG3022497005	 BG3022597002</p>
<p> Term			    one week	     four weeks</p>
<p> Issue date		    March 21	     March 21</p>
<p> Maturity date		 March 28	     April 18</p>
<p> Bids received		 22,459.7 million levs  15,435.9 million levs</p>
<p> Avg price of bids	   96.31 pct	    84.97</p>
<p> Bids approved		 22,349.7 million levs  15,415.9 million levs</p>
<p> Avg accepted price	  96.31 pct	    84.97 pct</p>
<p> Avg yield to maturity     3.83 pct	     17.69 pct @</p>
<p>-- Sofia Newsroom, (++359-2) 981 8569</p>
</text>
<copyright>(c) Reuters Limited 1997</copyright>
<metadata>
<codes class="bip:countries:1.0">
  <code code="BUL">
    <editdetail attribution="Reuters BIP Coding Group" action="confirmed" date="1997-03-21"/>
  </code>
</codes>
<codes class="bip:topics:1.0">
  <code code="M13">
    <editdetail attribution="Reuters BIP Coding Group" action="confirmed" date="1997-03-21"/>
  </code>
  <code code="M131">
    <editdetail attribution="Reuters BIP Coding Group" action="confirmed" date="1997-03-21"/>
  </code>
  <code code="MCAT">
    <editdetail attribution="Reuters BIP Coding Group" action="confirmed" date="1997-03-21"/>
  </code>
</codes>
<dc element="dc.date.created" value="1997-03-21"/>
<dc element="dc.publisher" value="Reuters Holdings Plc"/>
<dc element="dc.date.published" value="1997-03-21"/>
<dc element="dc.source" value="Reuters"/>
<dc element="dc.creator.location" value="SOFIA"/>
<dc element="dc.creator.location.country.name" value="BULGARIA"/>
<dc element="dc.source" value="Reuters"/>
</metadata>
</newsitem>
