<?xml version="1.0" encoding="iso-8859-1" ?>
<newsitem itemid="458719" id="root" date="1997-03-21" xml:lang="en">
<title>BELARUS: Belarus repeats desire for special NATO deal.</title>
<headline>Belarus repeats desire for special NATO deal.</headline>
<dateline>MINSK 1997-03-21</dateline>
<text>
<p>Belarus wants a special deal with NATO and the Western alliance should put down in writing its promise not to put nuclear arms on the territory of new members, a senior official in the former Soviet republic said on Friday.</p>
<p>The official was speaking before the end of a U.S.-Russian summit at which the two sides agreed to cut tensions over NATO plans to expand eastwards, which are opposed by Moscow and its small, co-Slav neighbour Belarus.</p>
<p>Viktor Sheiman, secretary of the policy-making Security Council which held a regular session earlier, told a briefing that the expansion of the Western military alliance eastwards directly affected the interests of Belarus.</p>
<p>He repeated an earlier statement by President Alexander Lukashenko that Belarus wanted a special deal on NATO expansion like one being worked on with Russia and Ukraine.</p>
<p>&quot;Belarus declares that we are ready to sign a charter on bilateral relations,&quot; Sheiman said.</p>
<p>He said Belarus welcomed NATO's declaration that it would not station nuclear arms on the territory of new members but added: &quot;We must strengthen this with a legal document.&quot;</p>
<p>Ural Latypov, Lukashenko's aide on foreign affairs, said Belarus had not changed its critical attitude to NATO expansion, adding: &quot;A list of activities of Belarussian diplomacy in this connection was approved at the Security Council session today.&quot;</p>
<p>Lukashenko urged NATO earlier this month to conclude a separate treaty with his country and said a new &quot;European order&quot; should be established without the United States.</p>
<p>Belarus, like Russia, is a member of NATO's Partnership for Peace (PFP) programme but has not taken part in joint military manoeuvres or in officer exchanges with the alliance.</p>
</text>
<copyright>(c) Reuters Limited 1997</copyright>
<metadata>
<codes class="bip:countries:1.0">
  <code code="BYELRS">
    <editdetail attribution="Reuters BIP Coding Group" action="confirmed" date="1997-03-21"/>
  </code>
  <code code="NATO">
    <editdetail attribution="Reuters BIP Coding Group" action="confirmed" date="1997-03-21"/>
  </code>
  <code code="RUSS">
    <editdetail attribution="Reuters BIP Coding Group" action="confirmed" date="1997-03-21"/>
  </code>
</codes>
<codes class="bip:topics:1.0">
  <code code="GCAT">
    <editdetail attribution="Reuters BIP Coding Group" action="confirmed" date="1997-03-21"/>
  </code>
  <code code="GDEF">
    <editdetail attribution="Reuters BIP Coding Group" action="confirmed" date="1997-03-21"/>
  </code>
  <code code="GDIP">
    <editdetail attribution="Reuters BIP Coding Group" action="confirmed" date="1997-03-21"/>
  </code>
</codes>
<dc element="dc.date.created" value="1997-03-21"/>
<dc element="dc.publisher" value="Reuters Holdings Plc"/>
<dc element="dc.date.published" value="1997-03-21"/>
<dc element="dc.source" value="Reuters"/>
<dc element="dc.creator.location" value="MINSK"/>
<dc element="dc.creator.location.country.name" value="BELARUS"/>
<dc element="dc.source" value="Reuters"/>
</metadata>
</newsitem>
