<?xml version="1.0" encoding="iso-8859-1" ?>
<newsitem itemid="458783" id="root" date="1997-03-21" xml:lang="en">
<title>RUSSIA: Caspian Pipeline group restructuring delayed again.</title>
<headline>Caspian Pipeline group restructuring delayed again.</headline>
<dateline>MOSCOW 1997-03-21</dateline>
<text>
<p>The Caspian Pipeline Consortium, trying to build an oil pipeline from Kazakhstan to Russia, will extend its restructuring process by one month, and new shareholders may come on board, a CPC source said on Friday.</p>
<p>The source, who declined to be identified, said the group was due to finalise restructuring documents on Friday, but that the Kremlin cabinet reshuffle had delayed the signing of unspecified Russian and Kazakh governmental decrees needed to push the $2 billion project to the development stage.</p>
<p>&quot;Nothing's being signed today,&quot; the source said. &quot;There was a target date and we missed it, but we're going forward.&quot;</p>
<p>On the decrees, he said only that &quot;there are certain commitments we need from the two governments before we can proceed&quot; and that the texts of the documents were making their way through various ministries.</p>
<p>CPC shareholders would agree to extend the restructuring period by about a month, he said.</p>
<p>Chevron Corp owns 15 percent of CPC, Russia's LUKoil LKOH.RTS 12.5 percent, Mobil Corp and Russia's Rosneft 7.5 percent each, British Gas Plc and Italy's Agip SpA two percent each, and Oryx Energy Company and Kazakhstan's Munaigaz 1.75 percent each.</p>
<p>The remaining 50 percent is divided between Russia (24 percent), Kazakhstan (19 percent) and Oman (seven percent).</p>
<p>The role of Transneft -- the Russian oil pipeline monopoly that will be project operator but which wants the Russian government stake -- has been a key negotiating sticking point.</p>
<p>&quot;I've heard rumours it (the stake) has been transferred to Transneft, but I haven't seen any documents to confirm this,&quot; the source said.</p>
<p>Transneft spokesman Ravil Polyanin said he expected the monopoly to receive the stake but that a government decision on the matter had been delayed by the cabinet reshuffle.</p>
<p>CPC was working out what the source called adequate conditions to deal with the possibility of Transneft as the biggest shareholder, adding, &quot;if you're going to get married, you want a prenuptial agreement.&quot;</p>
<p>CPC will build a 1,580 km (990 mile) pipeline from Kazakhstan's Tengiz oil field to Russia's Black Sea oil export outlet Novorossiisk. Chevron and Mobil, with their $20 billion Tengiz project, are CPC's main future customers, but other producers will be granted access.</p>
<p>Questions have been raised over whether Amoco Corp of the United States -- which recently signed a $150 million deal with Almaty to finance Kazakhstan's state share in the project -- will take a formal stake in CPC.</p>
<p>&quot;If Texaco has a piece of Karachaganak (a $10 billion Kazakh oil and gas project), then maybe they'd like a piece of BritGas's and Agip's (CPC) stake,&quot; the source said, adding that such questions were mere speculation at this point.</p>
<p>Texaco bought 20 percent of Karachaganak by acquiring parts of stakes held by British Gas and Agip in the project.</p>
<p>CPC, set up in 1992, plans a pipeline with an initial capacity of 28 million tonnes a year (560,000 barrels per day) and a peak of 67 million tonnes a year (1.34 million bpd).</p>
<p>--Lynnley Browning, Moscow Newsroom, +7095 941 8520</p>
</text>
<copyright>(c) Reuters Limited 1997</copyright>
<metadata>
<codes class="bip:countries:1.0">
  <code code="KAZK">
    <editdetail attribution="Reuters BIP Coding Group" action="confirmed" date="1997-03-21"/>
  </code>
  <code code="RUSS">
    <editdetail attribution="Reuters BIP Coding Group" action="confirmed" date="1997-03-21"/>
  </code>
</codes>
<codes class="bip:industries:1.0">
  <code code="I13000">
    <editdetail attribution="Reuters BIP Coding Group" action="confirmed" date="1997-03-21"/>
  </code>
  <code code="I1300003">
    <editdetail attribution="Reuters BIP Coding Group" action="confirmed" date="1997-03-21"/>
  </code>
  <code code="I14000">
    <editdetail attribution="Reuters BIP Coding Group" action="confirmed" date="1997-03-21"/>
  </code>
  <code code="I16200">
    <editdetail attribution="Reuters BIP Coding Group" action="confirmed" date="1997-03-21"/>
  </code>
  <code code="I50200">
    <editdetail attribution="Reuters BIP Coding Group" action="confirmed" date="1997-03-21"/>
  </code>
  <code code="I5020043">
    <editdetail attribution="Reuters BIP Coding Group" action="confirmed" date="1997-03-21"/>
  </code>
</codes>
<codes class="bip:topics:1.0">
  <code code="C11">
    <editdetail attribution="Reuters BIP Coding Group" action="confirmed" date="1997-03-21"/>
  </code>
  <code code="C24">
    <editdetail attribution="Reuters BIP Coding Group" action="confirmed" date="1997-03-21"/>
  </code>
  <code code="CCAT">
    <editdetail attribution="Reuters BIP Coding Group" action="confirmed" date="1997-03-21"/>
  </code>
</codes>
<dc element="dc.date.created" value="1997-03-21"/>
<dc element="dc.publisher" value="Reuters Holdings Plc"/>
<dc element="dc.date.published" value="1997-03-21"/>
<dc element="dc.source" value="Reuters"/>
<dc element="dc.creator.location" value="MOSCOW"/>
<dc element="dc.creator.location.country.name" value="RUSSIA"/>
<dc element="dc.source" value="Reuters"/>
</metadata>
</newsitem>
