<?xml version="1.0" encoding="iso-8859-1" ?>
<newsitem itemid="458708" id="root" date="1997-03-21" xml:lang="en">
<title>CZECH REPUBLIC: PRESS DIGEST - Czech Republic - March 21.</title>
<headline>PRESS DIGEST - Czech Republic - March 21.</headline>
<text>
<p>HOSPODARSKE NOVINY - The European Union will assist the Czech Republic in reducing its growing trade deficit. In 1996 the Czech Republic's trade deficit with 15 EU states reached 125 billion crowns.</p>
<p>- Banking experts expect that the value of the crown will continue to fall. They do not rule out that any future rapid decreases in the crown's value could exceed the fluctuation band.</p>
<p>- CEZ, the main electricity generator, does not expect to turn a profit by the year 2000 if present economic trends continue, according to the its chairman of the board, Petr Karas who pleaded before parliament for increases in energy prices.</p>
<p>MLADA FRONTA DNES - The Defence Ministry selected EDS as the winner of a tender to supply the Czech army with a new staff information system worth over one billion Czech crowns. EDS won over Unisys and IBM.</p>
<p>- Despite a growing trade deficit, the top ten exporters in the Czech Republic are not concerned as their sales continue to increase, and thus do not reflect the national trend.</p>
<p>- Finance ministry officials could have prevented the disappearance of over one billion crowns in assets of the C.S. Fond. The fund's entire assets dissappeared in what is believed to have been an illegal transfer through the bank GiroCredit, which brought the matter to the ministry's attention.</p>
<p>LIDOVE NOVINY - Foreign Minister Josef Zieleniec warned Russia not to meddle in the affairs of central European countries. Zieleniec said that central Europe is not an area where Russia and Western states should compete for control.</p>
<p>- Poldi Kladno, the financially troubled producer of specialty steel, will layoff another 800 employees by the end of March. Company officials cite a lack of money to pay wages as the reason for the layoffs.</p>
<p>-- Prague Newsroom 420-2-2423-0003</p>
</text>
<copyright>(c) Reuters Limited 1997</copyright>
<metadata>
<codes class="bip:countries:1.0">
  <code code="CZREP">
    <editdetail attribution="Reuters BIP Coding Group" action="confirmed" date="1997-03-21"/>
  </code>
</codes>
<codes class="bip:topics:1.0">
  <code code="GCAT">
    <editdetail attribution="Reuters BIP Coding Group" action="confirmed" date="1997-03-21"/>
  </code>
</codes>
<dc element="dc.publisher" value="Reuters Holdings Plc"/>
<dc element="dc.date.published" value="1997-03-21"/>
<dc element="dc.source" value="Reuters"/>
<dc element="dc.creator.location.country.name" value="CZECH REPUBLIC"/>
<dc element="dc.source" value="Reuters"/>
</metadata>
</newsitem>
