<?xml version="1.0" encoding="iso-8859-1" ?>
<newsitem itemid="458751" id="root" date="1997-03-21" xml:lang="en">
<title>RUSSIA: Russia shares index down, but UES perks up.</title>
<headline>Russia shares index down, but UES perks up.</headline>
<dateline>MOSCOW 1997-03-21</dateline>
<text>
<p>The Russian Trading System index fell 1.26 percent on Friday but some traders said an end to a recent price slide could be in sight as some leading shares had picked up in afternoon trading.</p>
<p>The RTS 23-share index fell to 309.41 on a very low volume of $23.1 million for the entire market.</p>
<p>But power utility UES  EESR.RTS regained the 20 cent level, which it fell past in morning trade, to close at $0.2120 after $0.2040 on Thursday. Truck maker Kamaz  KMAZ.RTS rose to $1.59 from $1.47.</p>
<p>Dmitry Voronkov, chief trader at MFK-Moscow Partners, said some shares firmed on support by domestic operators encouraged by strong openings on European bourses and Prime Minister Viktor Chernomyrdin's statement natural monopolies would not be cut up.</p>
<p>&quot;The general market will not die, and the general uptrend will not change,&quot; he said.</p>
<p>UFG trader Maxim Perlin said the market, which fears a hike in U.S. interest rates, could move either way next week when a Federal Reserve policy-making committee will discuss the issue.</p>
<p>&quot;That is the deciding factor for Western investors now,&quot; he said. &quot;Isn't it strange how the Russian market is showing more and more correlation with the Western ones?&quot;</p>
<p>--Olga Popova, Moscow Newsroom, +7095 941 8520</p>
</text>
<copyright>(c) Reuters Limited 1997</copyright>
<metadata>
<codes class="bip:countries:1.0">
  <code code="RUSS">
    <editdetail attribution="Reuters BIP Coding Group" action="confirmed" date="1997-03-21"/>
  </code>
</codes>
<codes class="bip:topics:1.0">
  <code code="M11">
    <editdetail attribution="Reuters BIP Coding Group" action="confirmed" date="1997-03-21"/>
  </code>
  <code code="MCAT">
    <editdetail attribution="Reuters BIP Coding Group" action="confirmed" date="1997-03-21"/>
  </code>
</codes>
<dc element="dc.date.created" value="1997-03-21"/>
<dc element="dc.publisher" value="Reuters Holdings Plc"/>
<dc element="dc.date.published" value="1997-03-21"/>
<dc element="dc.source" value="Reuters"/>
<dc element="dc.creator.location" value="MOSCOW"/>
<dc element="dc.creator.location.country.name" value="RUSSIA"/>
<dc element="dc.source" value="Reuters"/>
</metadata>
</newsitem>
