<?xml version="1.0" encoding="iso-8859-1" ?>
<newsitem itemid="458766" id="root" date="1997-03-21" xml:lang="en">
<title>KAZAKHSTAN: Tajiks see '97 cotton harvest soaring to 600,000 T.</title>
<headline>Tajiks see '97 cotton harvest soaring to 600,000 T.</headline>
<dateline>ALMATY, Kazakhstan 1997-03-21</dateline>
<text>
<p>The former Soviet republic of Tajikistan planned to harvest about 600,000 tonnes of raw cotton this year, said a Tajik agricultural official, quoted on Friday by Russia's Interfax news agency.</p>
<p>Radzhab Kadirov, a senior official at Tajikistan's Agriculture Ministry, said the Central Asian state would begin sowing next week, with 247,500 hectares to be sown.</p>
<p>But Kadirov said that only 49 percent of land was fully ready for spring sowing and that there was a shortage of seeds.</p>
<p>The agency said the republic produced 312,400 tonnes of raw cotton last year, down from 417,000 tonnes in 1995, and that Tajikistan exported only 95,000 tonnes of raw cotton in 1996.</p>
<p>The country's cotton crop has declined dramatically during the country's bloody four-year civil war. In Soviet times, the cotton harvest used to total around 900,000 tonnes. --Almaty Newsroom +7 3272 509410</p>
</text>
<copyright>(c) Reuters Limited 1997</copyright>
<metadata>
<codes class="bip:countries:1.0">
  <code code="KAZK">
    <editdetail attribution="Reuters BIP Coding Group" action="confirmed" date="1997-03-21"/>
  </code>
  <code code="TADZK">
    <editdetail attribution="Reuters BIP Coding Group" action="confirmed" date="1997-03-21"/>
  </code>
</codes>
<codes class="bip:industries:1.0">
  <code code="I01001">
    <editdetail attribution="Reuters BIP Coding Group" action="confirmed" date="1997-03-21"/>
  </code>
  <code code="I0100138">
    <editdetail attribution="Reuters BIP Coding Group" action="confirmed" date="1997-03-21"/>
  </code>
</codes>
<codes class="bip:topics:1.0">
  <code code="C21">
    <editdetail attribution="Reuters BIP Coding Group" action="confirmed" date="1997-03-21"/>
  </code>
  <code code="C24">
    <editdetail attribution="Reuters BIP Coding Group" action="confirmed" date="1997-03-21"/>
  </code>
  <code code="CCAT">
    <editdetail attribution="Reuters BIP Coding Group" action="confirmed" date="1997-03-21"/>
  </code>
  <code code="M14">
    <editdetail attribution="Reuters BIP Coding Group" action="confirmed" date="1997-03-21"/>
  </code>
  <code code="M141">
    <editdetail attribution="Reuters BIP Coding Group" action="confirmed" date="1997-03-21"/>
  </code>
  <code code="MCAT">
    <editdetail attribution="Reuters BIP Coding Group" action="confirmed" date="1997-03-21"/>
  </code>
</codes>
<dc element="dc.date.created" value="1997-03-21"/>
<dc element="dc.publisher" value="Reuters Holdings Plc"/>
<dc element="dc.date.published" value="1997-03-21"/>
<dc element="dc.source" value="Reuters"/>
<dc element="dc.creator.location" value="ALMATY, Kazakhstan"/>
<dc element="dc.creator.location.country.name" value="KAZAKHSTAN"/>
<dc element="dc.source" value="Reuters"/>
</metadata>
</newsitem>
