<?xml version="1.0" encoding="iso-8859-1" ?>
<newsitem itemid="458741" id="root" date="1997-03-21" xml:lang="en">
<title>CZECH REPUBLIC: East European bourses nervous ahead of Fed meeting.</title>
<headline>East European bourses nervous ahead of Fed meeting.</headline>
<byline>Robin Shepherd</byline>
<dateline>PRAGUE 1997-03-21</dateline>
<text>
<p>Worries about next week's meeting of the U.S. Federal Reserve overshadowed central and eastern European share markets this week, with only Romania showing much sign of life.</p>
<p>With markets in East and West concerned that the U.S. central bank might raise interest rates, the main exception in the region was Bucharest where two unofficial indices soared 15 percent. This was due to local investors' expectations of a depreciation of the Romanian currency.</p>
<p>The U.S. Federal Open Market Committee meets on March 25 to discuss interest rates and some analysts believe it will raise them in a pre-emptive strike against inflation.</p>
<p>A rate rise could make booming Western markets tumble and send shock waves into already fragile markets in post-communist Europe.</p>
<p>WARSAW</p>
<p>Shares on the Warsaw Stock Exchange fell this week in profit-taking with analysts saying that they were braced for more losses driven by fears of a U.S. rate rise and labour protests in Poland.</p>
<p>Some analysts said the slide, which started last week, was caused by retail players taking profits after a 30-percent surge since early 1997.</p>
<p>They said large players kept on the sidelines waiting for better bargains and could step in and start buying when the bourse slips to about 15,500.</p>
<p>Construction firm Espebepe plunged 46.4 percent this week on mounting concern that the firm would go bankrupt.</p>
<p>The mood was generally more optimistic for the longer term with analysts citing the underlying strength of the Polish economy as evidence that the Warsaw market remained a good long-term investment.</p>
<p>BUDAPEST</p>
<p>Hungarian shares moved in directionless trade throughout the week, indicating investor uncertainty before the U.S. Fed meeting and an absence of corporate news.</p>
<p>&quot;A rate hike in the U.S. may have a knock-on effect on the emerging markets,&quot; one trader said.</p>
<p>The Hungarian market received little support from the domestic corporate side as companies prepare for their annual shareholders' meetings in April, traders said.</p>
<p>PRAGUE</p>
<p>The PX50 index on the Prague bourse showed the first glimmerings of an upturn in mid-week but falls from the major issues on Friday pulled the PX50 back down.</p>
<p>Dealers blamed the absence of foreign buying for losses to the index's three most heavily capitalised shares.</p>
<p>&quot;For me it looks like we're still missing interest from foreign investors,&quot; said Ivan Kusacek of Zivnostenska Banka.</p>
<p>On Friday, SPT Telecom dropped 35 crowns to 3,410, CEZ fell 13 crowns to 1,062 and Komercni Banka also lost ground, falling 12 crowns to 2,443.</p>
<p>Together the shares account for 45 percent of the PX50's capitalisation and often have a decisive influence on the direction of the market.</p>
<p>BUCHAREST</p>
<p>Turnover on the Bucharest bourse rose to around six billion lei in the week's three trading sessions from some 4.7 billion last week as buying pressure started to mount.</p>
<p>Traders said an expected depreciation of the Romanian currency sent local investors rushing to buy shares.</p>
<p>High-caps Oltchim chemical plant and fertiliser maker Azomures dominated the exchange, taking more than 90 percent of each session's turnover.</p>
<p>Demand for the other 24 stocks, listed on the second tier, was light.</p>
<p>BRATISLAVA</p>
<p>Slovak blue chips continued to rise on the Bratislava Stock Exchange this week but brokers said the growth appeared fragile, and was made on generally small volumes.</p>
<p>&quot;The general sluggish sentiment on the world markets now appears to have infiltrated the Slovak bourse, putting many foreign investors on the sidelines as they await a stronger impulse to show the bourse's future trend,&quot; said Radovan Dzugas of Creditanstalt.</p>
<p>ZAGREB</p>
<p>Croatian stocks extended their losses at the end of the week with analysts predicting price stability in the next two weeks.</p>
<p>They said investors, particularly foreigners, were holding back but expected some shares to rebound slightly after having hit rock bottom.</p>
<p>Fully-listed drugs firm Pliva closed 15 kuna lower at 425 kuna than a week ago, but was seen recovering shortly.</p>
<p>LJUBLJANA</p>
<p>Slovenian shares fell five percent this week, as the blue-chip SBI index fell 69.75 points to 1,321.24.</p>
<p>CESI</p>
<p>The Central European Share Index (CESI), which measures price movements in 73 Czech, Hungarian, Polish, Slovak and Slovenian shares, lost 0.9 percent to 1,526.6.</p>
<p>		  CLOSE	 WEEK'S CHANGE     1997/HIGH 1997/LOW</p>
<p>		  MARCH 21    NET	 PCT</p>
<p> CESI	  1,505.16   -34.0    -2.21    1,751.89    1,479.18</p>
<p> BUDAPEST     5,084.80   +92.35   +1.85   5,815.38    4,291.29</p>
<p> WARSAW	15,969.9    -717.2   -4.3     18,339.4   14,421.6</p>
<p> PRAGUE	   557.7     -5.7     -1.01	 629.4     425.9</p>
<p> BRATISLAVA     208.64    +3.99     +1.95	208.64    174.05</p>
<p>BUCHAREST</p>
<p> VAB-Index     472.8    +63.7    +15.6	  555.9	262.0</p>
<p> BIG-Index     485.03   +64.89   +15.44	 557.56     266.43</p>
<p> LJUBLJANA 1,321.24     -69.75    -5.0     1,655.4    1,156.02</p>
<p>All-time highs: CESI 1,751.89 (Feb 24/1997); BUX 5,815.38 (Feb 5/1997); WIG 20,760.3 (March 8/1994); PX50 1,002.4 (April 7, 1994); SAX Feb 405.49 (Feb/23, 1994); SBI 1,655.4 (Feb 10/1997).</p>
</text>
<copyright>(c) Reuters Limited 1997</copyright>
<metadata>
<codes class="bip:countries:1.0">
  <code code="CRTIA">
    <editdetail attribution="Reuters BIP Coding Group" action="confirmed" date="1997-03-21"/>
  </code>
  <code code="CZREP">
    <editdetail attribution="Reuters BIP Coding Group" action="confirmed" date="1997-03-21"/>
  </code>
  <code code="HUNG">
    <editdetail attribution="Reuters BIP Coding Group" action="confirmed" date="1997-03-21"/>
  </code>
  <code code="POL">
    <editdetail attribution="Reuters BIP Coding Group" action="confirmed" date="1997-03-21"/>
  </code>
  <code code="ROM">
    <editdetail attribution="Reuters BIP Coding Group" action="confirmed" date="1997-03-21"/>
  </code>
  <code code="SLVAK">
    <editdetail attribution="Reuters BIP Coding Group" action="confirmed" date="1997-03-21"/>
  </code>
  <code code="SLVNIA">
    <editdetail attribution="Reuters BIP Coding Group" action="confirmed" date="1997-03-21"/>
  </code>
</codes>
<codes class="bip:topics:1.0">
  <code code="M11">
    <editdetail attribution="Reuters BIP Coding Group" action="confirmed" date="1997-03-21"/>
  </code>
  <code code="MCAT">
    <editdetail attribution="Reuters BIP Coding Group" action="confirmed" date="1997-03-21"/>
  </code>
</codes>
<dc element="dc.date.created" value="1997-03-21"/>
<dc element="dc.publisher" value="Reuters Holdings Plc"/>
<dc element="dc.date.published" value="1997-03-21"/>
<dc element="dc.source" value="Reuters"/>
<dc element="dc.creator.location" value="PRAGUE"/>
<dc element="dc.creator.location.country.name" value="CZECH REPUBLIC"/>
<dc element="dc.source" value="Reuters"/>
</metadata>
</newsitem>
