<?xml version="1.0" encoding="iso-8859-1" ?>
<newsitem itemid="458743" id="root" date="1997-03-21" xml:lang="en">
<title>RUSSIA: Russia PM defends cabinet reshuffle to parliament.</title>
<headline>Russia PM defends cabinet reshuffle to parliament.</headline>
<dateline>MOSCOW 1997-03-21</dateline>
<text>
<p>Prime Minister Viktor Chernomyrdin, facing a hostile parliament, defended Russia's latest cabinet changes on Friday, saying they were aimed at restoring order in the economy and would help embattled national industries.</p>
<p>&quot;The changes in the government have been prompted by the needs of the current stage of economic reforms,&quot; Chernomyrdin told the State Duma lower house, explaining last Monday's wholesale cabinet reshuffle.</p>
<p>The reshuffle was ordered by President Boris Yeltsin, who blasted the cabinet for failing to end delays in wages and pensions which led to worsening social tensions in the country.</p>
<p>&quot;One of the main tasks now is to restore order in the financial sphere and in the budget, which means to restore order in paying wages, pensions and normalising the system of payments,&quot; Chernomyrdin told the Duma.</p>
<p>The Duma was angered by Yeltsin's decision to give top cabinet posts to reformers, including his chief of staff Anatoly Chubais -- a hated figure among Russian conservatives and communists -- whom he made first deputy prime minister.</p>
<p>The Duma demanded explanations from Chernomyrdin on the government changes. But the communist-dominated chamber has stopped short of demanding the government's resignation or even urging the Kremlin to back down on the reshuffle.</p>
<p>Conservative deputies were however alarmed by promises by new cabinet members to give a new push to radical market reform and to scrap the remnants of paternalistic welfare, one of the last vestiges of the Communist past.</p>
<p>&quot;It will be difficult, it will be painful but we cannot let fortunes leak into sewage,&quot; Chernomyrdin said, defending inevitable increases in housing and municipal service charges planned by his government.</p>
<p>Chernomyrdin said though that the planned welfare reform would take place in stages and would include a safety net for the poor.</p>
<p>Chernomyrdin told the Duma in an hour-long address that the reshuffle would end by early next week and would not involve the so-called &quot;power ministers&quot; -- Defence, Interior and the head of the Federal Security Service, part of the former KGB.</p>
<p>&quot;There will be no personnel changes in any power structures now,&quot; he told the Duma.</p>
<p>Parliamentary conservatives were alarmed by Yeltsin's decision to scrap some ministries, including the Industry Ministry, which they argued would lead to a collapse of Russian industrial capability.</p>
<p>Chernomyrdin said that enterprises, most of which have been privatised, no longer needed many of the Soviet-style ministries.</p>
</text>
<copyright>(c) Reuters Limited 1997</copyright>
<metadata>
<codes class="bip:countries:1.0">
  <code code="RUSS">
    <editdetail attribution="Reuters BIP Coding Group" action="confirmed" date="1997-03-21"/>
  </code>
</codes>
<codes class="bip:topics:1.0">
  <code code="GCAT">
    <editdetail attribution="Reuters BIP Coding Group" action="confirmed" date="1997-03-21"/>
  </code>
  <code code="GPOL">
    <editdetail attribution="Reuters BIP Coding Group" action="confirmed" date="1997-03-21"/>
  </code>
</codes>
<dc element="dc.date.created" value="1997-03-21"/>
<dc element="dc.publisher" value="Reuters Holdings Plc"/>
<dc element="dc.date.published" value="1997-03-21"/>
<dc element="dc.source" value="Reuters"/>
<dc element="dc.creator.location" value="MOSCOW"/>
<dc element="dc.creator.location.country.name" value="RUSSIA"/>
<dc element="dc.source" value="Reuters"/>
</metadata>
</newsitem>
