<?xml version="1.0" encoding="iso-8859-1" ?>
<newsitem itemid="458726" id="root" date="1997-03-21" xml:lang="en">
<title>UKRAINE: IMF official happy with Ukraine monetary situation.</title>
<headline>IMF official happy with Ukraine monetary situation.</headline>
<dateline>KIEV 1997-03-21</dateline>
<text>
<p>An International Monetary Fund (IMF) director who visited Ukraine for three days this week to discuss prospects for a multi-billion-dollar Extended Fund Facility (EFF) was pleased with the country's monetary and financial state, an IMF official told Reuters on Friday.</p>
<p>&quot;He was pleased with the monetary and financial situation and the first steps taken to approve the reform package,&quot; the official said.  </p>
<p>He was referring to results of an annual visit by John Odling-Smee, the director of the Fund's European II Department, with Ukrainian officials including President Leonid Kuchma and Prime Minister Pavlo Lazarenko.</p>
<p>Kuchma has been trying to win approval for a package of tax reforms underpinning this year's much-delayed budget, on which the new IMF credit depends.</p>
<p>Odling-Smee had encouraged officials to adopt the reforms as soon as possible &quot;to enable the international community to provide financial support to Ukraine,&quot; the Fund official said.</p>
<p>The 2.5-3.0 billion EFF, expected to be paid out over three years, hinges on Ukraine's conservative-dominated parliament passing a 1997 budget and stringent tax reforms.</p>
<p>Kuchma delivered his annual state-of-the-nation address earlier on Friday and lambasted Lazarenko and parliament for being slow to get the budget passed. (( --Elaine Monaghan, Kiev newsroom +38-044-229-2264))</p>
</text>
<copyright>(c) Reuters Limited 1997</copyright>
<metadata>
<codes class="bip:countries:1.0">
  <code code="UKRN">
    <editdetail attribution="Reuters BIP Coding Group" action="confirmed" date="1997-03-21"/>
  </code>
</codes>
<codes class="bip:topics:1.0">
  <code code="E12">
    <editdetail attribution="Reuters BIP Coding Group" action="confirmed" date="1997-03-21"/>
  </code>
  <code code="E21">
    <editdetail attribution="Reuters BIP Coding Group" action="confirmed" date="1997-03-21"/>
  </code>
  <code code="E212">
    <editdetail attribution="Reuters BIP Coding Group" action="confirmed" date="1997-03-21"/>
  </code>
  <code code="ECAT">
    <editdetail attribution="Reuters BIP Coding Group" action="confirmed" date="1997-03-21"/>
  </code>
</codes>
<dc element="dc.date.created" value="1997-03-21"/>
<dc element="dc.publisher" value="Reuters Holdings Plc"/>
<dc element="dc.date.published" value="1997-03-21"/>
<dc element="dc.source" value="Reuters"/>
<dc element="dc.creator.location" value="KIEV"/>
<dc element="dc.creator.location.country.name" value="UKRAINE"/>
<dc element="dc.source" value="Reuters"/>
</metadata>
</newsitem>
