<?xml version="1.0" encoding="iso-8859-1" ?>
<newsitem itemid="458791" id="root" date="1997-03-21" xml:lang="en">
<title>POLAND: Zloty fixed stronger at 2.99 pct from parity rate.</title>
<headline>Zloty fixed stronger at 2.99 pct from parity rate.</headline>
<dateline>WARSAW 1997-03-21</dateline>
<text>
<p>The National Bank of Poland fixed the zloty at 3.0850 to the dollar, down from 3.0700 on Thursday and at 1.8220 to the mark, up from 1.8325, the NBP said.</p>
<p>The central bank fixed the zloty at an average of 2.99 percent from the weighted dollar and mark parity rates, stronger than Thursday's 2.92 percent fix.</p>
<p>-- Warsaw Newsroom +48 22 653 9700</p>
</text>
<copyright>(c) Reuters Limited 1997</copyright>
<metadata>
<codes class="bip:countries:1.0">
  <code code="POL">
    <editdetail attribution="Reuters BIP Coding Group" action="confirmed" date="1997-03-21"/>
  </code>
</codes>
<codes class="bip:topics:1.0">
  <code code="M13">
    <editdetail attribution="Reuters BIP Coding Group" action="confirmed" date="1997-03-21"/>
  </code>
  <code code="M132">
    <editdetail attribution="Reuters BIP Coding Group" action="confirmed" date="1997-03-21"/>
  </code>
  <code code="MCAT">
    <editdetail attribution="Reuters BIP Coding Group" action="confirmed" date="1997-03-21"/>
  </code>
</codes>
<dc element="dc.date.created" value="1997-03-21"/>
<dc element="dc.publisher" value="Reuters Holdings Plc"/>
<dc element="dc.date.published" value="1997-03-21"/>
<dc element="dc.source" value="Reuters"/>
<dc element="dc.creator.location" value="WARSAW"/>
<dc element="dc.creator.location.country.name" value="POLAND"/>
<dc element="dc.source" value="Reuters"/>
</metadata>
</newsitem>
