<?xml version="1.0" encoding="iso-8859-1" ?>
<newsitem itemid="458729" id="root" date="1997-03-21" xml:lang="en">
<title>YUGOSLAVIA: Belgrade hands Zagreb dual citizenship treaty.</title>
<headline>Belgrade hands Zagreb dual citizenship treaty.</headline>
<dateline>BELGRADE 1997-03-21</dateline>
<text>
<p>Yugoslavia has sent Croatia a draft treaty offering residents of Eastern Slavonia dual citizenship when Croatian rule is restored in the enclave.</p>
<p>Western diplomats in the region have been urging such a treaty, saying it would help to avert an exodus of frighted ethnic Serbs before the Croatian take-over.</p>
<p>Eastern Slavonia was one of three areas where local Serbs seized power in a 1991 revolt against Croatia's independence from Yugoslavia. It is now under U.N. supervision and will revert to Croatian government rule with guarantees for minority rights after elections on April 13.</p>
<p>The official news agency Tanjug said a draft treaty on dual citizenship was sent to Zagreb on Friday but gave no details of its terms.</p>
</text>
<copyright>(c) Reuters Limited 1997</copyright>
<metadata>
<codes class="bip:countries:1.0">
  <code code="CRTIA">
    <editdetail attribution="Reuters BIP Coding Group" action="confirmed" date="1997-03-21"/>
  </code>
  <code code="YUG">
    <editdetail attribution="Reuters BIP Coding Group" action="confirmed" date="1997-03-21"/>
  </code>
</codes>
<codes class="bip:topics:1.0">
  <code code="GCAT">
    <editdetail attribution="Reuters BIP Coding Group" action="confirmed" date="1997-03-21"/>
  </code>
  <code code="GDIP">
    <editdetail attribution="Reuters BIP Coding Group" action="confirmed" date="1997-03-21"/>
  </code>
</codes>
<dc element="dc.date.created" value="1997-03-21"/>
<dc element="dc.publisher" value="Reuters Holdings Plc"/>
<dc element="dc.date.published" value="1997-03-21"/>
<dc element="dc.source" value="Reuters"/>
<dc element="dc.creator.location" value="BELGRADE"/>
<dc element="dc.creator.location.country.name" value="YUGOSLAVIA"/>
<dc element="dc.source" value="Reuters"/>
</metadata>
</newsitem>
