<?xml version="1.0" encoding="iso-8859-1" ?>
<newsitem itemid="458796" id="root" date="1997-03-21" xml:lang="en">
<title>CROATIA: Croatian stocks close the week lower.</title>
<headline>Croatian stocks close the week lower.</headline>
<dateline>ZAGREB 1997-03-21</dateline>
<text>
<p>Croatian stocks mostly dipped on Friday on slightly smaller volume and turnover.</p>
<p>* Nine of 15 active issues fell, four rose and two were flat.</p>
<p>* Volume slightly lower at 10,704 shares, turnover also down at five million kuna.</p>
<p>* Top gainer hotelier Zlatni rat added 40 kuna to 150, selling 55 units in a first deal since last October.</p>
<p>* Biggest loser electrical group Koncar Elektroindustrija tumbled 245 kuna to 905, but only 21 shares were sold.</p>
<p>* Most active drugs firm Pliva inched up four kuna to 425 on volume of 5,342 shares.</p>
<p>-- Zagreb Newsroom, 385-1-4557075</p>
</text>
<copyright>(c) Reuters Limited 1997</copyright>
<metadata>
<codes class="bip:countries:1.0">
  <code code="CRTIA">
    <editdetail attribution="Reuters BIP Coding Group" action="confirmed" date="1997-03-21"/>
  </code>
</codes>
<codes class="bip:topics:1.0">
  <code code="M11">
    <editdetail attribution="Reuters BIP Coding Group" action="confirmed" date="1997-03-21"/>
  </code>
  <code code="MCAT">
    <editdetail attribution="Reuters BIP Coding Group" action="confirmed" date="1997-03-21"/>
  </code>
</codes>
<dc element="dc.date.created" value="1997-03-21"/>
<dc element="dc.publisher" value="Reuters Holdings Plc"/>
<dc element="dc.date.published" value="1997-03-21"/>
<dc element="dc.source" value="Reuters"/>
<dc element="dc.creator.location" value="ZAGREB"/>
<dc element="dc.creator.location.country.name" value="CROATIA"/>
<dc element="dc.source" value="Reuters"/>
</metadata>
</newsitem>
