<?xml version="1.0" encoding="iso-8859-1" ?>
<newsitem itemid="458724" id="root" date="1997-03-21" xml:lang="en">
<title>BOSNIA: Verdicts in Bosnia shooting trial &quot;mockery&quot; - Bildt.</title>
<headline>Verdicts in Bosnia shooting trial &quot;mockery&quot; - Bildt.</headline>
<byline>Sabina Cosic</byline>
<dateline>SARAJEVO 1997-03-21</dateline>
<text>
<p>The top international official in Bosnia on Friday branded the outcome of the trial in a Bosnian Croat court of Croat policemen in connection with the killing and wounding of Moslem pilgrims in Mostar &quot;a complete mockery and farce.&quot;</p>
<p>Five Bosnian Croat policemen were tried in Croat-held Mostar on Thursday for their involvement in a February 10 incident in which one Moslem was killed and 21 wounded while trying to visit a Moslem cemetery in a Croat sector of the ethnically divided town.</p>
<p>After a brief trial, the court found three policemen guilty of criminal mistreatment and overstepping their authority and handed down suspended sentences of six months to one year's jail. Two other policemen were acquitted.</p>
<p>&quot;I spoke to Carl Bildt this morning and his exact words were 'a complete mockery and farce',&quot; said Colum Murphy, spokesman for Bildt, the international High Representative in Bosnia, describing Bildt's reaction to the verdict.</p>
<p>A United Nations report, based on photographs taken of the incident, identified three Croat policemen, including a deputy police chief, as firing into the crowd of 200 Moslem civilians on February 10, and two officers as having their weapons drawn during the shooting.</p>
<p>The shootings stirred an international outcry and calls for the immediate dismissal and criminal prosecution of the perpetrators.</p>
<p>U.N. police spokesman Alex Ivanko said the five policemen had been charged not with killing and wounding civilians, but for &quot;going beyond their duties when using physical force and rubber truncheons&quot;.</p>
<p>&quot;During this court's hearing, probably one of the speediest known to man, only the defendants and other west Mostar police officers were questioned,&quot; Ivanko said.</p>
<p>&quot;No testimonies were taken from the victims or witnesses,&quot; and the court had taken only 45 minutes to reach a verdict, he added.</p>
<p>One of the policemen found guilty was sentenced to a year and the other two to six months in prison, but all the sentences were suspended. The court said it must not be forgotten that the police officers were defending their country.</p>
<p>&quot;This verdict is disappointing and deeply troubling, although not suprising to those who have been following the latest developments in West Mostar,&quot; said Ivanko.</p>
<p>Hardline Croats declared a mini-state in the Herzegovina region during the 3-1/2 year war in Bosnia and have resisted international pressure to merge it with the Moslem-Croat federation formed under U.S. pressure in 1994.</p>
<p>Ivanko said the court had no understanding of professional police responsibilities and was still entrenched in war-time rhetoric.</p>
<p>&quot;The (Croat) criminal justice system requires total and urgent reform to correspond with what is expected in a democratic society,&quot; he said.</p>
</text>
<copyright>(c) Reuters Limited 1997</copyright>
<metadata>
<codes class="bip:countries:1.0">
  <code code="BSHZG">
    <editdetail attribution="Reuters BIP Coding Group" action="confirmed" date="1997-03-21"/>
  </code>
  <code code="CRTIA">
    <editdetail attribution="Reuters BIP Coding Group" action="confirmed" date="1997-03-21"/>
  </code>
</codes>
<codes class="bip:topics:1.0">
  <code code="GCAT">
    <editdetail attribution="Reuters BIP Coding Group" action="confirmed" date="1997-03-21"/>
  </code>
  <code code="GDIP">
    <editdetail attribution="Reuters BIP Coding Group" action="confirmed" date="1997-03-21"/>
  </code>
  <code code="GVIO">
    <editdetail attribution="Reuters BIP Coding Group" action="confirmed" date="1997-03-21"/>
  </code>
</codes>
<dc element="dc.date.created" value="1997-03-21"/>
<dc element="dc.publisher" value="Reuters Holdings Plc"/>
<dc element="dc.date.published" value="1997-03-21"/>
<dc element="dc.source" value="Reuters"/>
<dc element="dc.creator.location" value="SARAJEVO"/>
<dc element="dc.creator.location.country.name" value="BOSNIA"/>
<dc element="dc.source" value="Reuters"/>
</metadata>
</newsitem>
