<?xml version="1.0" encoding="iso-8859-1" ?>
<newsitem itemid="458773" id="root" date="1997-03-21" xml:lang="en">
<title>CZECH REPUBLIC: Direct equity trades on the Czech PSE - March 21.</title>
<headline>Direct equity trades on the Czech PSE - March 21.</headline>
<dateline>PRAGUE 1997-03-21</dateline>
<text>
<p>The following is a list of</p>
<p>direct equity trades made on the Prague Stock Exchange:</p>
<p> ISSUE		    Min. Price  Max.Price  Volume   Turnover</p>
<p>				   CZK	  CZK   (shares)(CZK 000's)</p>
<p> 1.IF ZIVNOBANKA	   468.00    473.20     19251    9104.450</p>
<p> 2.SPORIT.PRIVAT.IF	674.70    674.70	 500     337.350</p>
<p> BIOCEL PASKOV	     788.47    788.47	1398    1102.281</p>
<p> C. RADIOKOMUNIKACE     3680.00   3680.00	 500    1840.000</p>
<p> CEZ			  1032.00   1232.78    104800  112631.302</p>
<p> CEZ 2			 850.00    850.00	2000    1700.000</p>
<p> CKD PRAHA HOLDING	 831.60    831.60	 938     780.041</p>
<p> COKOLADOVNY		4144.60   4236.53	2135    8979.911</p>
<p> ELEKTRARNA KOLIN	  720.00    720.00	 278     200.160</p>
<p> GALENA		     1554.30   1590.94     17770   27911.593</p>
<p> IPS PRAHA		   249.06    257.55    162652   40877.809</p>
<p> JIHLAVAN		    228.00    228.00	 878     200.184</p>
<p> KOMERCNI BANKA	   2408.33   2487.00     64575  157471.490</p>
<p> KOMERCNI BANKA IF	 625.00    625.00	3000    1875.000</p>
<p> LECIVA PRAHA	     2429.28   2429.28	 400     971.712</p>
<p> LESOSTAVBY TREBON	 109.00    109.00	1835     200.015</p>
<p> METROSTAV		  2570.32   2650.00	7000   18400.325</p>
<p> MOTORPAL		    194.93    213.00    114573   23193.359</p>
<p> NOVA HUT		    534.24    548.00	7125    3875.260</p>
<p> OKD			   100.26    164.00    116002   12787.174</p>
<p> PLZENSKY PRAZDROJ	3060.00   3060.00	1000    3060.000</p>
<p> RAKOV.KER. ZAVODY	1218.06   1218.06	2177    2651.717</p>
<p> RIF			   985.00    992.00	2549    2526.515</p>
<p> SEPAP			1285.88   1285.88	1160    1491.621</p>
<p> SEVEROC. DOLY	     787.00    787.00	1000     787.000</p>
<p> SIF			  2254.00   2276.54	9800   22100.470</p>
<p> SOKOLOVSKA UHELNA	 643.00    643.00	4200    2700.600</p>
<p> SPT TELECOM		2986.00   3566.00     58785  202657.714</p>
<p> STAVOMONTAZE KV	   341.00    341.00     47833   16311.053</p>
<p> SKODA PLZEN		 970.00    995.00     24438   24065.653</p>
<p> TABAK			8081.17   8275.00	1768   14444.093</p>
<p> TMP-TEL. MONTAZE	 2902.50   2926.78     13159   38341.328</p>
<p> VODNI STAVBY PRAHA     1250.00   1355.67	3770    4843.299</p>
<p> ZBROJOVKA VSETIN	   95.00     95.00     26589    2525.955</p>
<p> ZDAS			  561.48    561.48	1853    1040.422</p>
<p>-- Prague Newsroom, 420-2-2423-0003</p>
</text>
<copyright>(c) Reuters Limited 1997</copyright>
<metadata>
<codes class="bip:countries:1.0">
  <code code="CZREP">
    <editdetail attribution="Reuters BIP Coding Group" action="confirmed" date="1997-03-21"/>
  </code>
</codes>
<codes class="bip:topics:1.0">
  <code code="M11">
    <editdetail attribution="Reuters BIP Coding Group" action="confirmed" date="1997-03-21"/>
  </code>
  <code code="MCAT">
    <editdetail attribution="Reuters BIP Coding Group" action="confirmed" date="1997-03-21"/>
  </code>
</codes>
<dc element="dc.date.created" value="1997-03-21"/>
<dc element="dc.publisher" value="Reuters Holdings Plc"/>
<dc element="dc.date.published" value="1997-03-21"/>
<dc element="dc.source" value="Reuters"/>
<dc element="dc.creator.location" value="PRAGUE"/>
<dc element="dc.creator.location.country.name" value="CZECH REPUBLIC"/>
<dc element="dc.source" value="Reuters"/>
</metadata>
</newsitem>
