<?xml version="1.0" encoding="iso-8859-1" ?>
<newsitem itemid="458775" id="root" date="1997-03-21" xml:lang="en">
<title>POLAND: Polish shares fall, seen moderately up on Monday.</title>
<headline>Polish shares fall, seen moderately up on Monday.</headline>
<dateline>WARSAW 1997-03-21</dateline>
<text>
<p>Polish shares fell in higher trade and analysts expected a rebound on Monday in reaction to a three-session slide, with possible falls on the world exchanges leading to further falls in Warsaw later in the week.</p>
<p>The main market's WIG index fell 117.6 points, or 0.7 percent, to 15,969.9, and turnover rose 19.3 percent to 160.4 million zlotys ($53.3 million) on all three markets as 43 issues fell, 34 rose and 16 were flat.</p>
<p>Analysts said the direction of the bourse was likely to depend on the U.S. Federal Reserve's meeting, which might decide on a rate rise in the United States.</p>
<p>&quot;It seems to me a possible rebound on Monday won't be sharp as there is still no demand for large-caps...a lot will depend on the situation on world stocks exchanges,&quot; said Pawel Tarnowski of Raiffeisen Capital and Investment Polska SA.</p>
<p>Some analysts said some stock prices were likely to become attractive during the next sessions as the market has already fallen 12.9 percent since recording a three-year February 18 high of 18,339.4, which might stir some long-term buying.</p>
<p>Analysts said 15,500 privided a strong support for the index.</p>
<p>Stocks were mixed in 15.8-million-zloty ($5 million) Warsaw bourse continuous trade with the WIG 20 index closing at 1,607.9 points, 1.1 percent higher than at the regular session.</p>
</text>
<copyright>(c) Reuters Limited 1997</copyright>
<metadata>
<codes class="bip:countries:1.0">
  <code code="POL">
    <editdetail attribution="Reuters BIP Coding Group" action="confirmed" date="1997-03-21"/>
  </code>
</codes>
<codes class="bip:topics:1.0">
  <code code="M11">
    <editdetail attribution="Reuters BIP Coding Group" action="confirmed" date="1997-03-21"/>
  </code>
  <code code="MCAT">
    <editdetail attribution="Reuters BIP Coding Group" action="confirmed" date="1997-03-21"/>
  </code>
</codes>
<dc element="dc.date.created" value="1997-03-21"/>
<dc element="dc.publisher" value="Reuters Holdings Plc"/>
<dc element="dc.date.published" value="1997-03-21"/>
<dc element="dc.source" value="Reuters"/>
<dc element="dc.creator.location" value="WARSAW"/>
<dc element="dc.creator.location.country.name" value="POLAND"/>
<dc element="dc.source" value="Reuters"/>
</metadata>
</newsitem>
