<?xml version="1.0" encoding="iso-8859-1" ?>
<newsitem itemid="458776" id="root" date="1997-03-21" xml:lang="en">
<title>POLAND: Poland clears metals trader Impexmetal for trade.</title>
<headline>Poland clears metals trader Impexmetal for trade.</headline>
<dateline>WARSAW 1997-03-21</dateline>
<text>
<p>The Polish Securities Commission (KPW) has cleared for public trade all the shares in metals trader Impexmetal SA, whose initial public offering is set for April, the KPW said in a statement on Friday.  </p>
<p>Impexmetal president Edward Wojtulewicz, at a news conference after the shares were cleared, said the firm sought to take in about $40 million from its new share issue, which would have the same price as shares sold by the state treasury.</p>
<p>&quot;It's hard to say what price the treasury ministry will set, but we see it (the firm's proceeds) in the area of $40 million,&quot; Wojtulewicz said.</p>
<p>He said the firm expected international and domestic institutional investors to take up shares and that the new issue, which he saw fully underwritten, would likely not have trouble being subscribed.  </p>
<p>He also said the firm was mulling floating some of the 83 percent of shares it holds in the  Konin SA aluminum plant.</p>
<p> IPO tranches:   No of shares offered   Subscription period</p>
<p> Large-investor	  2,657,643		April 21-23</p>
<p> Employees		   531,528		April 21-23</p>
<p> Sale of state shares: 2,976,560		April 21-30</p>
<p>Use Of Proceeds: investment in firms in holding, upgrade computer system, 20 percent of proceeds for paying debts, NOTE: Book-building will help set minimum issue price.</p>
<p> EARNINGS DATA	    1996	 1996 first half	1995</p>
<p>(in million of PLN unless stated)</p>
<p> Net profit:		n/a	     5.18		  16.25</p>
<p> Sales:		  $600 million	 699.39		 638.99</p>
<p> Group Sales:	  $1.2 bln	   n/a		    n/a</p>
<p> Group profit:	    n/a	     n/a		    n/a</p>
<p>No of existing shares: 7,441,400</p>
<p>Only shareholder: state treasury</p>
<p>-- Warsaw Newsroom +48 22 653 9700</p>
</text>
<copyright>(c) Reuters Limited 1997</copyright>
<metadata>
<codes class="bip:countries:1.0">
  <code code="POL">
    <editdetail attribution="Reuters BIP Coding Group" action="confirmed" date="1997-03-21"/>
  </code>
</codes>
<codes class="bip:industries:1.0">
  <code code="I61000">
    <editdetail attribution="Reuters BIP Coding Group" action="confirmed" date="1997-03-21"/>
  </code>
</codes>
<codes class="bip:topics:1.0">
  <code code="C14">
    <editdetail attribution="Reuters BIP Coding Group" action="confirmed" date="1997-03-21"/>
  </code>
  <code code="C17">
    <editdetail attribution="Reuters BIP Coding Group" action="confirmed" date="1997-03-21"/>
  </code>
  <code code="C171">
    <editdetail attribution="Reuters BIP Coding Group" action="confirmed" date="1997-03-21"/>
  </code>
  <code code="CCAT">
    <editdetail attribution="Reuters BIP Coding Group" action="confirmed" date="1997-03-21"/>
  </code>
</codes>
<dc element="dc.date.created" value="1997-03-21"/>
<dc element="dc.publisher" value="Reuters Holdings Plc"/>
<dc element="dc.date.published" value="1997-03-21"/>
<dc element="dc.source" value="Reuters"/>
<dc element="dc.creator.location" value="WARSAW"/>
<dc element="dc.creator.location.country.name" value="POLAND"/>
<dc element="dc.source" value="Reuters"/>
</metadata>
</newsitem>
