<?xml version="1.0" encoding="iso-8859-1" ?>
<newsitem itemid="458740" id="root" date="1997-03-21" xml:lang="en">
<title>POLAND: Polish city mourns maths student murdered for fun.</title>
<headline>Polish city mourns maths student murdered for fun.</headline>
<dateline>KRAKOW, Poland 1997-03-21</dateline>
<text>
<p>The city of Krakow on Friday mourned a brilliant university mathematics student beaten to death for fun last week by youths wielding baseball bats.</p>
<p>Traffic stopped, schools halted lessons and sirens wailed for a minute at midday during the funeral of Michal Lysek, 24, who was attacked as he cycled through the mediaeval university city in southern Poland.</p>
<p>Lysek, who had recently returned from a scholarship at Oxford University in England, managed to crawl home before finally losing consciousness. He died later in hospital.</p>
<p>Police said this week they had arrested two 15-year-olds who had admitted to attacking Lysek, a total stranger to them, after drinking a few beers.</p>
<p>As after similar killings in other Polish cities in the last two years, Krakow colleges and schools called for a silent march against violence. The march, backed by city authorities, is due to take place on Monday.</p>
<p>In the capital this week the mother of a Warsaw Polytechnic student unveiled a plaque to her son, who was shot by robbers he had accidentally seen fleeing down the street. His death prompted the largest march through the city in years.</p>
</text>
<copyright>(c) Reuters Limited 1997</copyright>
<metadata>
<codes class="bip:countries:1.0">
  <code code="POL">
    <editdetail attribution="Reuters BIP Coding Group" action="confirmed" date="1997-03-21"/>
  </code>
</codes>
<codes class="bip:topics:1.0">
  <code code="GCAT">
    <editdetail attribution="Reuters BIP Coding Group" action="confirmed" date="1997-03-21"/>
  </code>
  <code code="GCRIM">
    <editdetail attribution="Reuters BIP Coding Group" action="confirmed" date="1997-03-21"/>
  </code>
</codes>
<dc element="dc.date.created" value="1997-03-21"/>
<dc element="dc.publisher" value="Reuters Holdings Plc"/>
<dc element="dc.date.published" value="1997-03-21"/>
<dc element="dc.source" value="Reuters"/>
<dc element="dc.creator.location" value="KRAKOW, Poland"/>
<dc element="dc.creator.location.country.name" value="POLAND"/>
<dc element="dc.source" value="Reuters"/>
</metadata>
</newsitem>
