<?xml version="1.0" encoding="iso-8859-1" ?>
<newsitem itemid="458737" id="root" date="1997-03-21" xml:lang="en">
<title>UKRAINE: Ukraine minister promises on-time T-bill payments.</title>
<headline>Ukraine minister promises on-time T-bill payments.</headline>
<dateline>KIEV 1997-03-21</dateline>
<text>
<p>Ukraine's new Finance Minister promised on Friday that his ministry would always meet deadlines for Treasury bill payments.</p>
<p>&quot;We clearly state that meeting our obligations is the first necessity for growth and development of the T-bill market,&quot; Ihor Mityukov told a commercial bankers' meeting in his first public statement since his appointment last month.</p>
<p>Last September the deputy prime minister in charge of the economy, Viktor Pynzenyk, issued a public apology after the Finance Ministry delayed Treasury bill payments three times in a month.</p>
<p>Mityukov said T-bills would be main source of covering the deficit in the 1997 budget, still awaiting passage by Ukraine's parliament together with a tax reform package.</p>
<p>In most recent auctions, usually held twice weekly, three-month discount paper fetched yields of 20 percent, six-month paper yields were at 30 percent, and nine- and 12-month paper were between 30 and 35 percent.</p>
<p>--Natalya Zinets, Kiev Newsroom +380 44 229 2264</p>
</text>
<copyright>(c) Reuters Limited 1997</copyright>
<metadata>
<codes class="bip:countries:1.0">
  <code code="UKRN">
    <editdetail attribution="Reuters BIP Coding Group" action="confirmed" date="1997-03-21"/>
  </code>
</codes>
<codes class="bip:topics:1.0">
  <code code="M13">
    <editdetail attribution="Reuters BIP Coding Group" action="confirmed" date="1997-03-21"/>
  </code>
  <code code="M131">
    <editdetail attribution="Reuters BIP Coding Group" action="confirmed" date="1997-03-21"/>
  </code>
  <code code="MCAT">
    <editdetail attribution="Reuters BIP Coding Group" action="confirmed" date="1997-03-21"/>
  </code>
</codes>
<dc element="dc.date.created" value="1997-03-21"/>
<dc element="dc.publisher" value="Reuters Holdings Plc"/>
<dc element="dc.date.published" value="1997-03-21"/>
<dc element="dc.source" value="Reuters"/>
<dc element="dc.creator.location" value="KIEV"/>
<dc element="dc.creator.location.country.name" value="UKRAINE"/>
<dc element="dc.source" value="Reuters"/>
</metadata>
</newsitem>
