<?xml version="1.0" encoding="iso-8859-1" ?>
<newsitem itemid="458757" id="root" date="1997-03-21" xml:lang="en">
<title>CROATIA: Croatia's brewery starts making Stella Artois.</title>
<headline>Croatia's brewery starts making Stella Artois.</headline>
<dateline>ZAGREB 1997-03-21</dateline>
<text>
<p>Croatia's leading brewery, Zagrebacka Pivovara, in which Belgium's Interbrew owns a controlling package, begun production of &quot;Stella Artois&quot; beer for domestic market, a company official said on Friday.</p>
<p>The brewery is planning to offer Croatian beer lovers some 25,000 hectolitres of Stella by the end of the year, deputy chief executive in charge of procurement Jadranka Gotic told Reuters.</p>
<p>Interbrew, which controls a 58-percent stake in Zagrebacka Pivovara, has provided the licence, technology and raw material for the production.</p>
<p>It will also vouch for the quality of their leading brand produced in Croatia, Gotic said.</p>
<p>The share of Stella in Zagrebacka's total annual output of 1.1 million hectolitres is a little over two percent.</p>
<p>Interbrew, which bought into the Croatian brewery in 1994, then set an ambitious plan of expanding its market share from 28 to 38 percent by 1999.</p>
<p>-- Davor Huic, Zagreb Newsroom, 4551-840</p>
</text>
<copyright>(c) Reuters Limited 1997</copyright>
<metadata>
<codes class="bip:countries:1.0">
  <code code="BELG">
    <editdetail attribution="Reuters BIP Coding Group" action="confirmed" date="1997-03-21"/>
  </code>
  <code code="CRTIA">
    <editdetail attribution="Reuters BIP Coding Group" action="confirmed" date="1997-03-21"/>
  </code>
</codes>
<codes class="bip:industries:1.0">
  <code code="I42700">
    <editdetail attribution="Reuters BIP Coding Group" action="confirmed" date="1997-03-21"/>
  </code>
</codes>
<codes class="bip:topics:1.0">
  <code code="C21">
    <editdetail attribution="Reuters BIP Coding Group" action="confirmed" date="1997-03-21"/>
  </code>
  <code code="C24">
    <editdetail attribution="Reuters BIP Coding Group" action="confirmed" date="1997-03-21"/>
  </code>
  <code code="CCAT">
    <editdetail attribution="Reuters BIP Coding Group" action="confirmed" date="1997-03-21"/>
  </code>
</codes>
<dc element="dc.date.created" value="1997-03-21"/>
<dc element="dc.publisher" value="Reuters Holdings Plc"/>
<dc element="dc.date.published" value="1997-03-21"/>
<dc element="dc.source" value="Reuters"/>
<dc element="dc.creator.location" value="ZAGREB"/>
<dc element="dc.creator.location.country.name" value="CROATIA"/>
<dc element="dc.source" value="Reuters"/>
</metadata>
</newsitem>
