<?xml version="1.0" encoding="iso-8859-1" ?>
<newsitem itemid="458734" id="root" date="1997-03-21" xml:lang="en">
<title>ROMANIA: Romania to pick adviser for telecoms privatisation.</title>
<headline>Romania to pick adviser for telecoms privatisation.</headline>
<byline>Luli Popescu</byline>
<dateline>BUCHAREST 1997-03-21</dateline>
<text>
<p>Romania's Communications Ministry said on Friday 10 bank consortia had been short-listed for selection as consultants on the privatisation of monopoly telephone utility Romtelecom RA.</p>
<p>The ministry hopes to be able to strike a contract with a strategic investor in Romtelecom by mid-1998.</p>
<p>&quot;Concrete offers from the 10 banks are expected before May 26 and we intend to conclude a consultancy contract by July,&quot; Dan Georgescu, adviser to Romania's Communications Minister, told a four-day Crans Montana Forum in Bucharest.</p>
<p>He said the 10 consortia were selected from a total 36 investment banks which expressed interest in Romania's plans to sell around 30 percent in its telephone operator to a strategic investor.</p>
<p>These banks are backed by legal advisers and auditing firms, Georgescu said.</p>
<p>The 10 consortia include ABN AMRO Bank plus N M Rothschild &amp; Sons Lts, Credit Suisse First Boston (Europe) Ltd, Goldman Sachs, J P Morgan and Lazard Houses.</p>
<p>Also selected were Lehman Brothers plus LCF Rothschild, Merrill Lynch International, Morgan Stanley &amp; Co Ltd, SBC Warburg plus Investmentbank Austria and Union Bank of Switzerland plus Creditanstalt Investment Bank.</p>
<p>&quot;The selected consultant will give financial, legal and technical aid in Romtelecom's privatisation,&quot; Georgescu said.</p>
<p>He said selloff of the Romtelecom stake would follow its turning into a shareholding company with the state as the sole stockholder.</p>
<p>Romania's privatisation law does not deal with large utilities, including Romtelecom, which form the economy's core and offer the best chances of luring big foreign investors.</p>
<p>The ministry has already worked out a draft for the transformation of utilities into shareholding companies, which it intends to submit to parliament for approval.</p>
<p>Romtelecom, which has some 2.8 million subscribers, is now undergoing an extensive upgrading programme, financed by the European Bank for Reconstruction and Development (EBRD), in a bid to raise its market value ahead of privatisation.</p>
<p>A figure for Romtelecom's capital base was not available and Georgescu said Coopers &amp; Lybrand were auditing the company.</p>
<p>&quot;Privatising Romtelecom is the only way to rapidly align Romanian communications to European standards,&quot; Georgescu said.</p>
<p>Romania now has 13 telephone lines in 100 inhabitants.</p>
<p>&quot;By the year 2002, Romtelecom will be a powerful unit, which will make it very difficult for other operators to penetrate the local market,&quot; Georgescu said.</p>
<p>-- Bucharest Newsroom 40-1 3120264</p>
</text>
<copyright>(c) Reuters Limited 1997</copyright>
<metadata>
<codes class="bip:countries:1.0">
  <code code="ROM">
    <editdetail attribution="Reuters BIP Coding Group" action="confirmed" date="1997-03-21"/>
  </code>
</codes>
<codes class="bip:industries:1.0">
  <code code="I79020">
    <editdetail attribution="Reuters BIP Coding Group" action="confirmed" date="1997-03-21"/>
  </code>
  <code code="I81402">
    <editdetail attribution="Reuters BIP Coding Group" action="confirmed" date="1997-03-21"/>
  </code>
  <code code="I81403">
    <editdetail attribution="Reuters BIP Coding Group" action="confirmed" date="1997-03-21"/>
  </code>
  <code code="I83100">
    <editdetail attribution="Reuters BIP Coding Group" action="confirmed" date="1997-03-21"/>
  </code>
</codes>
<codes class="bip:topics:1.0">
  <code code="C18">
    <editdetail attribution="Reuters BIP Coding Group" action="confirmed" date="1997-03-21"/>
  </code>
  <code code="C183">
    <editdetail attribution="Reuters BIP Coding Group" action="confirmed" date="1997-03-21"/>
  </code>
  <code code="C33">
    <editdetail attribution="Reuters BIP Coding Group" action="confirmed" date="1997-03-21"/>
  </code>
  <code code="CCAT">
    <editdetail attribution="Reuters BIP Coding Group" action="confirmed" date="1997-03-21"/>
  </code>
  <code code="E12">
    <editdetail attribution="Reuters BIP Coding Group" action="confirmed" date="1997-03-21"/>
  </code>
  <code code="ECAT">
    <editdetail attribution="Reuters BIP Coding Group" action="confirmed" date="1997-03-21"/>
  </code>
</codes>
<dc element="dc.date.created" value="1997-03-21"/>
<dc element="dc.publisher" value="Reuters Holdings Plc"/>
<dc element="dc.date.published" value="1997-03-21"/>
<dc element="dc.source" value="Reuters"/>
<dc element="dc.creator.location" value="BUCHAREST"/>
<dc element="dc.creator.location.country.name" value="ROMANIA"/>
<dc element="dc.source" value="Reuters"/>
</metadata>
</newsitem>
