<?xml version="1.0" encoding="iso-8859-1" ?>
<newsitem itemid="458739" id="root" date="1997-03-21" xml:lang="en">
<title>POLAND: Polish KPW might clear NFIs for trade on April 3.</title>
<headline>Polish KPW might clear NFIs for trade on April 3.</headline>
<dateline>WARSAW 1997-03-21</dateline>
<text>
<p>The Polish Securities Commission (KPW) might clear for public trade National Investment Funds (NFIs) in the country's mass privatisation scheme at a session due on April 3, the KPW's spokeswoman said.</p>
<p>&quot;Most probably on Thursday, April 3, the commission will examine the issue prospectuses of the National Investment Funds,&quot; Beata Stelmach told a news conference on Friday.</p>
<p>Under the government's NFI programme, shares in some 500 mid-sized companies are allocated to 15 NFIs run by foreign and domestic management firms.</p>
<p>The 26 million Poles who bought a participation unit in the scheme will have the opportunity to exchange it for 15 shares, one in each fund, which are expected to start bourse trade around mid-year.</p>
<p>Stelmach also said 13 unlisted firms and three listed firms had issue prospectuses currently with the KPW.</p>
<p>-- Steven Silber +48 22 653 9700</p>
</text>
<copyright>(c) Reuters Limited 1997</copyright>
<metadata>
<codes class="bip:countries:1.0">
  <code code="POL">
    <editdetail attribution="Reuters BIP Coding Group" action="confirmed" date="1997-03-21"/>
  </code>
</codes>
<codes class="bip:topics:1.0">
  <code code="C18">
    <editdetail attribution="Reuters BIP Coding Group" action="confirmed" date="1997-03-21"/>
  </code>
  <code code="C183">
    <editdetail attribution="Reuters BIP Coding Group" action="confirmed" date="1997-03-21"/>
  </code>
  <code code="CCAT">
    <editdetail attribution="Reuters BIP Coding Group" action="confirmed" date="1997-03-21"/>
  </code>
  <code code="E12">
    <editdetail attribution="Reuters BIP Coding Group" action="confirmed" date="1997-03-21"/>
  </code>
  <code code="ECAT">
    <editdetail attribution="Reuters BIP Coding Group" action="confirmed" date="1997-03-21"/>
  </code>
</codes>
<dc element="dc.date.created" value="1997-03-21"/>
<dc element="dc.publisher" value="Reuters Holdings Plc"/>
<dc element="dc.date.published" value="1997-03-21"/>
<dc element="dc.source" value="Reuters"/>
<dc element="dc.creator.location" value="WARSAW"/>
<dc element="dc.creator.location.country.name" value="POLAND"/>
<dc element="dc.source" value="Reuters"/>
</metadata>
</newsitem>
