<?xml version="1.0" encoding="iso-8859-1" ?>
<newsitem itemid="458780" id="root" date="1997-03-21" xml:lang="en">
<title>RUSSIA: Russian MinFins firm on US rate hike anticipation.</title>
<headline>Russian MinFins firm on US rate hike anticipation.</headline>
<dateline>MOSCOW 1997-03-21</dateline>
<text>
<p>MinFin bonds firmed in calm trading on Friday tracking the global trend in Brady bonds which are increasingly speculating on a modest rise in U.S. interest rise next week.</p>
<p>			tranche   Mar 21		  Mar 20</p>
<p>    1999 maturity   (3)     86.10-86.35	   85.70-86.00</p>
<p>    2003 maturity   (4)     62.90-63.20	   62.20-62.50</p>
<p>    2008 maturity   (5)     43.95-44.20	   43.60-43.90</p>
<p>    2006 maturity   (6)     50.30-50.55	   49.65-49.95</p>
<p>    2011 maturity   (7)     38.25-38.50	   37.65-37.95</p>
<p>The U.S. Federal Open Market Committee (FOMC) meets on March 25 to discuss interest rates, and emerging debt markets have largely priced in a 25 basis-point hike in U.S. interest rates.</p>
<p>&quot;Globally, the market is feeling relieved knowing U.S. rates are going up. As for Russia, the market is still quiet but it should catch up with the bullish trend as soon as the rate hike takes place,&quot; Eurobank dealer Olivier Coursault said.</p>
<p>Dealers said the market was otherwise calm ahead of the weekend but current prices were enjoying stable support, mainly from foreign operators.</p>
<p>&quot;Some buying was seen as Treasuries look stronger. London is bidding firmly, somebody can be covering short positions,&quot; an ICFI Moscow Partners dealer said.</p>
<p>--Artyom Danielyan, Moscow newsroom (095) 941 8520</p>
</text>
<copyright>(c) Reuters Limited 1997</copyright>
<metadata>
<codes class="bip:countries:1.0">
  <code code="RUSS">
    <editdetail attribution="Reuters BIP Coding Group" action="confirmed" date="1997-03-21"/>
  </code>
</codes>
<codes class="bip:topics:1.0">
  <code code="M12">
    <editdetail attribution="Reuters BIP Coding Group" action="confirmed" date="1997-03-21"/>
  </code>
  <code code="MCAT">
    <editdetail attribution="Reuters BIP Coding Group" action="confirmed" date="1997-03-21"/>
  </code>
</codes>
<dc element="dc.date.created" value="1997-03-21"/>
<dc element="dc.publisher" value="Reuters Holdings Plc"/>
<dc element="dc.date.published" value="1997-03-21"/>
<dc element="dc.source" value="Reuters"/>
<dc element="dc.creator.location" value="MOSCOW"/>
<dc element="dc.creator.location.country.name" value="RUSSIA"/>
<dc element="dc.source" value="Reuters"/>
</metadata>
</newsitem>
