<?xml version="1.0" encoding="iso-8859-1" ?>
<newsitem itemid="458727" id="root" date="1997-03-21" xml:lang="en">
<title>BELARUS: Belarus threatens to revoke media permits for bias.</title>
<headline>Belarus threatens to revoke media permits for bias.</headline>
<dateline>MINSK 1997-03-21</dateline>
<text>
<p>The secretary of President Alexander Lukashenko's powerful Security Council in Belarus on Friday accused foreign and local correspondents of biased reporting and threatened to withdraw their licences to report on the former Soviet republic.</p>
<p>&quot;The Security Council has taken a decision foreseeing a series of steps to defend Belarus's information space, up to the possibility of re-registering local mass media and re-accrediting foreign correspondents,&quot; Viktor Sheiman told a rare briefing for local and foreign reporters at the Council.</p>
<p>A Council session headed earlier by Lukashenko had noted &quot;a string of local and foreign mass media report unobjectively on events in Belarus,&quot; Sheiman said.</p>
<p>&quot;Many events in the public and political life of Belarus, and the activities of its leadership, are reported extremely unobjectively,&quot; he added.</p>
<p>He declined to clarify which mass media organisations in particular were being accused of biased reporting on the country of 10 million on Russia's Western border.</p>
</text>
<copyright>(c) Reuters Limited 1997</copyright>
<metadata>
<codes class="bip:countries:1.0">
  <code code="BYELRS">
    <editdetail attribution="Reuters BIP Coding Group" action="confirmed" date="1997-03-21"/>
  </code>
</codes>
<codes class="bip:topics:1.0">
  <code code="GCAT">
    <editdetail attribution="Reuters BIP Coding Group" action="confirmed" date="1997-03-21"/>
  </code>
  <code code="GPOL">
    <editdetail attribution="Reuters BIP Coding Group" action="confirmed" date="1997-03-21"/>
  </code>
</codes>
<dc element="dc.date.created" value="1997-03-21"/>
<dc element="dc.publisher" value="Reuters Holdings Plc"/>
<dc element="dc.date.published" value="1997-03-21"/>
<dc element="dc.source" value="Reuters"/>
<dc element="dc.creator.location" value="MINSK"/>
<dc element="dc.creator.location.country.name" value="BELARUS"/>
<dc element="dc.source" value="Reuters"/>
</metadata>
</newsitem>
