<?xml version="1.0" encoding="iso-8859-1" ?>
<newsitem itemid="458745" id="root" date="1997-03-21" xml:lang="en">
<title>HUNGARY: Budapest bourse publishes holiday timetable.</title>
<headline>Budapest bourse publishes holiday timetable.</headline>
<dateline>BUDAPEST 1997-03-21</dateline>
<text>
<p>The Budapest Stock Exchange</p>
<p>(BSE) announced its timetable for the days when it will be</p>
<p>closed in the next 11 months.</p>
<p>The holidays are the following:</p>
<p>    1997  March 31 (Monday)	 -   Easter</p>
<p>	    May 1 (Thursday)	  -   Labour Day</p>
<p>	    May 2 (Friday)</p>
<p>	    May 19 (Monday)	   -   Whitsun</p>
<p>	    August 20 (Wednesday)   -   King Saint Stephen's Day</p>
<p>	    October 23 (Thursday)   -   National holiday</p>
<p>	    October 24 (Friday)</p>
<p>	    December 24, 25, 26     -   Christmas</p>
<p>	    December 31 (Wednesday)</p>
<p>    1998  January 1 (Thursday)    -   New year's Day</p>
<p>	    January 2 (Friday)</p>
<p>	    January 5 (Monday</p>
<p>	    January 6 (Tuesday)</p>
<p>-- Budapest newsroom (36 1) 327 4040</p>
</text>
<copyright>(c) Reuters Limited 1997</copyright>
<metadata>
<codes class="bip:countries:1.0">
  <code code="HUNG">
    <editdetail attribution="Reuters BIP Coding Group" action="confirmed" date="1997-03-21"/>
  </code>
</codes>
<codes class="bip:topics:1.0">
  <code code="M11">
    <editdetail attribution="Reuters BIP Coding Group" action="confirmed" date="1997-03-21"/>
  </code>
  <code code="MCAT">
    <editdetail attribution="Reuters BIP Coding Group" action="confirmed" date="1997-03-21"/>
  </code>
</codes>
<dc element="dc.date.created" value="1997-03-21"/>
<dc element="dc.publisher" value="Reuters Holdings Plc"/>
<dc element="dc.date.published" value="1997-03-21"/>
<dc element="dc.source" value="Reuters"/>
<dc element="dc.creator.location" value="BUDAPEST"/>
<dc element="dc.creator.location.country.name" value="HUNGARY"/>
<dc element="dc.source" value="Reuters"/>
</metadata>
</newsitem>
