<?xml version="1.0" encoding="iso-8859-1" ?>
<newsitem itemid="458710" id="root" date="1997-03-21" xml:lang="en">
<title>LATVIA: Baltics cautiously welcome summit outcome.</title>
<headline>Baltics cautiously welcome summit outcome.</headline>
<byline>Patrick Lannin</byline>
<dateline>RIGA 1997-03-21</dateline>
<text>
<p>Estonia, Latvia and Lithuania cautiously welcomed the outcome of the Helsinki summit, saying it produced no unpleasant surprises.</p>
<p>Russia is particularly sensitive about its western flank and about large Russian minorities in the three former Soviet Baltic republics, which are anxious to secure their independence by joining NATO.</p>
<p>Russian President Boris Yeltsin restated in Helsinki Moscow's firm opposition to the eastward expansion of NATO but U.S. President Bill Clinton said that Western alliance would expand as planned.</p>
<p>&quot;From my point of view, the situation could not have got any more positive, but it could have got more negative and this did not happen,&quot; Latvian Foreign Minister Valdis Birkavs told Reuters.</p>
<p>Some Baltic diplomats had expressed concern ahead of the summit that a secret deal would be cut in Helsinki which would leave their countries stranded on the eastern side of a new iron curtain.</p>
<p>Birkavs said that Latvia welcomed America's resolve to push forward with expansion in the face strong Russian objections.</p>
<p>&quot;The meeting went as expected and the results were as expected,&quot; he added.</p>
<p>&quot;The West has reached another milestone in engaging Russia. They have reached an understanding about the nature of the relationship between NATO and Russia,&quot; said Mart Laanemae, the deputy under-secretary of the Estonian foreign ministry.</p>
<p>In Lithuania, Foreign Minister Algirdas Saudargas said that at least one Baltic country had to be included in the first round of NATO enlargement.</p>
<p>NATO is expected to invite Poland, Hungary and the Czech Republic for accession talks during a summit in Madrid in July.</p>
<p>Diplomats and analysts have all but written the Baltic states off as first-round candidates on the grounds that their inclusion would be regarded as a provocation by Moscow.</p>
<p>&quot;In order to mitigate (Baltic) security concerns, at least one Baltic state should be included in the first wave of NATO expansion,&quot; Saudargas said.</p>
<p>&quot;This would be an unambiguous demonstration that the Baltic states are in the stream toward membership,&quot; he said.</p>
<p>He added that he was &quot;encouraged that regardless of disagreements NATO enlargement will proceed as scheduled.</p>
</text>
<copyright>(c) Reuters Limited 1997</copyright>
<metadata>
<codes class="bip:countries:1.0">
  <code code="BALTST">
    <editdetail attribution="Reuters BIP Coding Group" action="confirmed" date="1997-03-21"/>
  </code>
  <code code="ESTNIA">
    <editdetail attribution="Reuters BIP Coding Group" action="confirmed" date="1997-03-21"/>
  </code>
  <code code="FIN">
    <editdetail attribution="Reuters BIP Coding Group" action="confirmed" date="1997-03-21"/>
  </code>
  <code code="LATV">
    <editdetail attribution="Reuters BIP Coding Group" action="confirmed" date="1997-03-21"/>
  </code>
  <code code="LITH">
    <editdetail attribution="Reuters BIP Coding Group" action="confirmed" date="1997-03-21"/>
  </code>
  <code code="NATO">
    <editdetail attribution="Reuters BIP Coding Group" action="confirmed" date="1997-03-21"/>
  </code>
  <code code="RUSS">
    <editdetail attribution="Reuters BIP Coding Group" action="confirmed" date="1997-03-21"/>
  </code>
</codes>
<codes class="bip:topics:1.0">
  <code code="GCAT">
    <editdetail attribution="Reuters BIP Coding Group" action="confirmed" date="1997-03-21"/>
  </code>
  <code code="GDEF">
    <editdetail attribution="Reuters BIP Coding Group" action="confirmed" date="1997-03-21"/>
  </code>
  <code code="GDIP">
    <editdetail attribution="Reuters BIP Coding Group" action="confirmed" date="1997-03-21"/>
  </code>
</codes>
<dc element="dc.date.created" value="1997-03-21"/>
<dc element="dc.publisher" value="Reuters Holdings Plc"/>
<dc element="dc.date.published" value="1997-03-21"/>
<dc element="dc.source" value="Reuters"/>
<dc element="dc.creator.location" value="RIGA"/>
<dc element="dc.creator.location.country.name" value="LATVIA"/>
<dc element="dc.source" value="Reuters"/>
</metadata>
</newsitem>
