<?xml version="1.0" encoding="iso-8859-1" ?>
<newsitem itemid="458701" id="root" date="1997-03-21" xml:lang="en">
<title>TURKMENISTAN: Scent of a president on sale in Turkmenistan.</title>
<headline>Scent of a president on sale in Turkmenistan.</headline>
<dateline>ASHGABAT 1997-03-21</dateline>
<text>
<p>Shops in Ashgabat this month have started selling a French-made scent for men named after Turkmenistan's strongman leader Saparmurat Niyazov, the focus of an expanding personality cult.</p>
<p>The scent is named &quot;Turkmenbashi&quot;, or &quot;leader of the Turkmens&quot;, the title by which Niyazov is commonly known.</p>
<p>Niyazov stares at potential buyers from a portrait on the scent's packaging, with &quot;France&quot; printed neatly underneath, and sells for about $40 -- double the desert nation's average monthly salary.</p>
<p>Those unable to afford this scent of a man will still have plenty of opportunities to view his likeness.</p>
<p>Portraits of Niyazov, Turkmenistan's former Communist Party boss and who tolerates no dissent, are placed on most street corners. Farms, military units and a port town on the Caspian Sea have been named after the Turkmen leader.</p>
<p>Yoghurt with Niyazov's face printed on each carton went on sale in Ashgabat recently. A variety of dahlia has also been named &quot;Turkmenbashi&quot;.</p>
</text>
<copyright>(c) Reuters Limited 1997</copyright>
<metadata>
<codes class="bip:countries:1.0">
  <code code="TURKM">
    <editdetail attribution="Reuters BIP Coding Group" action="confirmed" date="1997-03-21"/>
  </code>
</codes>
<codes class="bip:topics:1.0">
  <code code="GCAT">
    <editdetail attribution="Reuters BIP Coding Group" action="confirmed" date="1997-03-21"/>
  </code>
  <code code="GODD">
    <editdetail attribution="Reuters BIP Coding Group" action="confirmed" date="1997-03-21"/>
  </code>
</codes>
<dc element="dc.date.created" value="1997-03-21"/>
<dc element="dc.publisher" value="Reuters Holdings Plc"/>
<dc element="dc.date.published" value="1997-03-21"/>
<dc element="dc.source" value="Reuters"/>
<dc element="dc.creator.location" value="ASHGABAT"/>
<dc element="dc.creator.location.country.name" value="TURKMENISTAN"/>
<dc element="dc.source" value="Reuters"/>
</metadata>
</newsitem>
