<?xml version="1.0" encoding="iso-8859-1" ?>
<newsitem itemid="458716" id="root" date="1997-03-21" xml:lang="en">
<title>POLAND: Prochem rated a &quot;buy&quot; by Daiwa.</title>
<headline>Prochem rated a &quot;buy&quot; by Daiwa.</headline>
<dateline>WARSAW 1997-03-21</dateline>
<text>
<p>Daiwa Europe Limited has given Polish engineering and construction company Prochem SA a buy rating, saying the firm's current and prospective price- earnings ratios were undemanding in its sector, Daiwa said.</p>
<p>&quot;The valuation of 14 times historic and 8.5 times prospective is undemanding in the high-growth construction sector,&quot; Daiwa said in a report dated March 3.</p>
<p>&quot;We believe Prochem, because it is a small and specialised company, and because it is not involved in the high-profile roadbuilding programme, has been overlooked,&quot; it added.</p>
<p>Daiwa said Prochem should benefit from the privatisation of the chemicals, pharmaceuticals and petrochemicals sectors in Poland and that demand would increase due to EU compliant processes, environmental requirements and quality needs.</p>
<p>Daiwa saw Prochem lifting net profit to 5.4 million zlotys this year and 6.7 million next year from 3.4 million in 1996.</p>
<p>Its price-earnings ratio for 1998 would shrink to 7.2, with earnings per share rising to 1.10 zlotys this year and 1.30 zlotys next year from 0.67 zlotys in 1996.</p>
<p>((-- Warsaw Newsroom +48 22 653 9700  ))</p>
</text>
<copyright>(c) Reuters Limited 1997</copyright>
<metadata>
<codes class="bip:countries:1.0">
  <code code="POL">
    <editdetail attribution="Reuters BIP Coding Group" action="confirmed" date="1997-03-21"/>
  </code>
</codes>
<codes class="bip:industries:1.0">
  <code code="I32450">
    <editdetail attribution="Reuters BIP Coding Group" action="confirmed" date="1997-03-21"/>
  </code>
</codes>
<codes class="bip:topics:1.0">
  <code code="C15">
    <editdetail attribution="Reuters BIP Coding Group" action="confirmed" date="1997-03-21"/>
  </code>
  <code code="C152">
    <editdetail attribution="Reuters BIP Coding Group" action="confirmed" date="1997-03-21"/>
  </code>
  <code code="CCAT">
    <editdetail attribution="Reuters BIP Coding Group" action="confirmed" date="1997-03-21"/>
  </code>
</codes>
<dc element="dc.date.created" value="1997-03-21"/>
<dc element="dc.publisher" value="Reuters Holdings Plc"/>
<dc element="dc.date.published" value="1997-03-21"/>
<dc element="dc.source" value="Reuters"/>
<dc element="dc.creator.location" value="WARSAW"/>
<dc element="dc.creator.location.country.name" value="POLAND"/>
<dc element="dc.source" value="Reuters"/>
</metadata>
</newsitem>
