<?xml version="1.0" encoding="iso-8859-1" ?>
<newsitem itemid="458742" id="root" date="1997-03-21" xml:lang="en">
<title>POLAND: Polish KGHM board, unions dispute in deadlock.</title>
<headline>Polish KGHM board, unions dispute in deadlock.</headline>
<dateline>WARSAW 1997-03-21</dateline>
<text>
<p>The board and unions at Poland's copper concern KGHM Polska Miedz SA have reached deadlock in a wages dispute because both sides want to discuss different topics at a potential future meeting.</p>
<p>Seven trade unions at KGHM called on Thursday a strike alert after the firm's management failed to begin talks on pay rise demands and employment guarantees.</p>
<p>&quot;We are ready to sit down and talk with the board any time, but not unless the board agrees to discuss a basic monthly pay rise of 10 percent from April 1 onwards,&quot; Jozef Czyczerski, head of the Solidarity union told Reuters.</p>
<p>&quot;We also want the board to agree to discuss a revision of this year's wage indexation of more than 15 percent after the first three quarters and various social guarantees, including 10-year employment guarantees,&quot; he said.</p>
<p>The company, one of the world's major copper and silver producers, is slated for privatisation in the second half of this year through flotation on the Warsaw and London bourses.</p>
<p>The unions fear that the sale of the firm would likely entail cuts in the KGHM's current 23,400 jobs.</p>
<p>KGHM's board, however, is not willing to discuss the basic pay rise of 10 percent, saying it would not be legal under the signed collective labour agreements with the unions, which puts the dispute in deadlock, an industry source said.</p>
<p>They source also called the 10-year employment guarantee demand &quot;unrealistic&quot;, but said both sides could reach a compromise next week, because a lasting dispute would negatively affect the image of the company before its sale.</p>
<p>The board proposed March 26 as the date for talks but the meeting cannot be arranged until both sides agree on an agenda and it was not immediately clear whether those talks would be held.</p>
<p>-- Jan Strupczewski +48 22 653 9700</p>
</text>
<copyright>(c) Reuters Limited 1997</copyright>
<metadata>
<codes class="bip:countries:1.0">
  <code code="POL">
    <editdetail attribution="Reuters BIP Coding Group" action="confirmed" date="1997-03-21"/>
  </code>
</codes>
<codes class="bip:industries:1.0">
  <code code="I22460">
    <editdetail attribution="Reuters BIP Coding Group" action="confirmed" date="1997-03-21"/>
  </code>
</codes>
<codes class="bip:topics:1.0">
  <code code="C42">
    <editdetail attribution="Reuters BIP Coding Group" action="confirmed" date="1997-03-21"/>
  </code>
  <code code="CCAT">
    <editdetail attribution="Reuters BIP Coding Group" action="confirmed" date="1997-03-21"/>
  </code>
  <code code="E41">
    <editdetail attribution="Reuters BIP Coding Group" action="confirmed" date="1997-03-21"/>
  </code>
  <code code="ECAT">
    <editdetail attribution="Reuters BIP Coding Group" action="confirmed" date="1997-03-21"/>
  </code>
  <code code="GCAT">
    <editdetail attribution="Reuters BIP Coding Group" action="confirmed" date="1997-03-21"/>
  </code>
  <code code="GJOB">
    <editdetail attribution="Reuters BIP Coding Group" action="confirmed" date="1997-03-21"/>
  </code>
</codes>
<dc element="dc.date.created" value="1997-03-21"/>
<dc element="dc.publisher" value="Reuters Holdings Plc"/>
<dc element="dc.date.published" value="1997-03-21"/>
<dc element="dc.source" value="Reuters"/>
<dc element="dc.creator.location" value="WARSAW"/>
<dc element="dc.creator.location.country.name" value="POLAND"/>
<dc element="dc.source" value="Reuters"/>
</metadata>
</newsitem>
