<?xml version="1.0" encoding="iso-8859-1" ?>
<newsitem itemid="458799" id="root" date="1997-03-21" xml:lang="en">
<title>KAZAKHSTAN: Kazakh Mangistau oil tender result seen at weekend.</title>
<headline>Kazakh Mangistau oil tender result seen at weekend.</headline>
<dateline>ALMATY 1997-03-21</dateline>
<text>
<p>The result of a major tender for a 50 to 60 percent stake in Kazakhstan's largest oil producer, Mangistaumunaigaz, has been delayed, a senior Kazakh privatisation official said on Friday.</p>
<p>&quot;The tender committee will meet at the weekend,&quot; a senior official at Kazakhstan's State Privatisation Committee who did not want to be named told Reuters. &quot;There may be a decision then but it is not certain.&quot;</p>
<p>A decision had been expected on Friday.</p>
<p>Oryx Energy Co and K &amp; B of the United States, Vitol-Kazakhstan (a joint venture with Dutch oil trader and refiner Vitol), Central Asia Petroleum Ltd of Indonesia's Setdco Group, Neft S.A. of Russia and ZAO Mangistaumunaigaz have all submitted bids.</p>
<p>Official privatisation sources say either K &amp; B or Central Asia Petroleum are most likely to win.</p>
<p>The troubled enterprise, located near Kazakhstan's Caspian Sea coast, accounts for about one third of Kazakh oil production and produced six million tonnes of oil (120,000 barrels per day) and 1.8 billion cubic metres of gas in 1995.</p>
<p>--Chris Bird, Almaty Newsroom +7 3272 509410</p>
</text>
<copyright>(c) Reuters Limited 1997</copyright>
<metadata>
<codes class="bip:countries:1.0">
  <code code="KAZK">
    <editdetail attribution="Reuters BIP Coding Group" action="confirmed" date="1997-03-21"/>
  </code>
</codes>
<codes class="bip:industries:1.0">
  <code code="I13000">
    <editdetail attribution="Reuters BIP Coding Group" action="confirmed" date="1997-03-21"/>
  </code>
</codes>
<codes class="bip:topics:1.0">
  <code code="C18">
    <editdetail attribution="Reuters BIP Coding Group" action="confirmed" date="1997-03-21"/>
  </code>
  <code code="C183">
    <editdetail attribution="Reuters BIP Coding Group" action="confirmed" date="1997-03-21"/>
  </code>
  <code code="CCAT">
    <editdetail attribution="Reuters BIP Coding Group" action="confirmed" date="1997-03-21"/>
  </code>
</codes>
<dc element="dc.date.created" value="1997-03-21"/>
<dc element="dc.publisher" value="Reuters Holdings Plc"/>
<dc element="dc.date.published" value="1997-03-21"/>
<dc element="dc.source" value="Reuters"/>
<dc element="dc.creator.location" value="ALMATY"/>
<dc element="dc.creator.location.country.name" value="KAZAKHSTAN"/>
<dc element="dc.source" value="Reuters"/>
</metadata>
</newsitem>
