<?xml version="1.0" encoding="iso-8859-1" ?>
<newsitem itemid="458744" id="root" date="1997-03-21" xml:lang="en">
<title>SLOVAKIA: Slovak bankers say central bank must help liquidity.</title>
<headline>Slovak bankers say central bank must help liquidity.</headline>
<byline>Tatiana Vacova</byline>
<dateline>BRATISLAVA 1997-03-21</dateline>
<text>
<p>A slowdown in foreign capital inflows to Slovakia has caused an acute shortage of funds in the banking sector, prompting some bankers to call for a loosening of the central bank's monetary policy.</p>
<p>According to central bank figures, banks' minimum reserve demands are fulfilled at only 97.49 percent as of Friday, in the face of the annual tax payments.</p>
<p>And some analysts warned that if the situation continues, bank's may be forced to sell off assets to gain liquidity, though this has not happened yet.</p>
<p>&quot;If the money market liquidity fluctuates, as it does extraordinarily so at present, banks first of all liquidate their liquid cushion (assets),&quot; Sylvia Majlingova, Liquidity Department Director at CSOB Bank, told Reuters.</p>
<p>&quot;Unless the central bank (NBS) loosens its monetary policy the market seems headed for no greater stabilisation,&quot; she added.</p>
<p>Jaroslav Hora, chief dealer at VUB said  &quot;Liquidity is not coming from abroad, which is slowing down the sector from filling its requirements.&quot;</p>
<p>He said that while the sector will most likely meet the minimum reserve demands, it is doing it mainly through securities repo tenders by the central bank which cannot satisfy everyone's needs.</p>
<p>NBS Open Market Operation Department Director Peter Andresic told Reuters on Friday that the market is suffering more from interest rate instability than from liquidity fluctuations.</p>
<p>&quot;There is an uncertainty on the market that some banks may fail to meet the minimum reserve demands, which is understandable. So far we have been adding liquidity on a daily basis this week,&quot; Andresic said. He declined to comment further.</p>
<p>The banking sector faced a major liquidity crunch in January, failing to meet the overall minimum reserve requirement after the NBS limited bank refinancing, opting to hold repo tenders to curb loan expansion.</p>
<p>The move came shortly after the cabinet approved a 1997 state budget deficit of 3.7 percent of GDP, up from a 0.4 percent surplus in 1996.</p>
<p>The liquidity crunch, which boosted the interbank money market rates to record highs of 26 percent in January, was soon relaxed by an inflow of an estimated $130-380 million.</p>
<p>But more one month later the funds had more or less left as deposit rates dropped, leaving the market volatile with longer-term depo rates stabilising at 17-18 percent.</p>
<p>Some analysts said the rates were still low enough to attract foreign deposits, but others saw Slovakia's burgeoning current account deficit behind foreign investor reluctance.</p>
<p>&quot;Money is expensive, but demand for it lasts,&quot; said Ivan Boledovic, head of Slovenska Sporitelna Investment Banking Division. He said credit line problems between Slovak banks have forced many to turn to repo dealing for liquidity.</p>
<p>Analysts said that despite a repo rate increase for such deals to above 17-18 percent on all terms, traded volumes have been steady.</p>
<p>-- Bratislava Newsroom, 421-7-521-8402</p>
</text>
<copyright>(c) Reuters Limited 1997</copyright>
<metadata>
<codes class="bip:countries:1.0">
  <code code="SLVAK">
    <editdetail attribution="Reuters BIP Coding Group" action="confirmed" date="1997-03-21"/>
  </code>
</codes>
<codes class="bip:topics:1.0">
  <code code="E12">
    <editdetail attribution="Reuters BIP Coding Group" action="confirmed" date="1997-03-21"/>
  </code>
  <code code="ECAT">
    <editdetail attribution="Reuters BIP Coding Group" action="confirmed" date="1997-03-21"/>
  </code>
  <code code="M13">
    <editdetail attribution="Reuters BIP Coding Group" action="confirmed" date="1997-03-21"/>
  </code>
  <code code="M131">
    <editdetail attribution="Reuters BIP Coding Group" action="confirmed" date="1997-03-21"/>
  </code>
  <code code="MCAT">
    <editdetail attribution="Reuters BIP Coding Group" action="confirmed" date="1997-03-21"/>
  </code>
</codes>
<dc element="dc.date.created" value="1997-03-21"/>
<dc element="dc.publisher" value="Reuters Holdings Plc"/>
<dc element="dc.date.published" value="1997-03-21"/>
<dc element="dc.source" value="Reuters"/>
<dc element="dc.creator.location" value="BRATISLAVA"/>
<dc element="dc.creator.location.country.name" value="SLOVAKIA"/>
<dc element="dc.source" value="Reuters"/>
</metadata>
</newsitem>
