<?xml version="1.0" encoding="iso-8859-1" ?>
<newsitem itemid="458722" id="root" date="1997-03-21" xml:lang="en">
<title>POLAND: Polish president says Russia accepted NATO growth.</title>
<headline>Polish president says Russia accepted NATO growth.</headline>
<dateline>WARSAW 1997-03-21</dateline>
<text>
<p>Poland's President Aleksander Kwasniewski greeted the outcome of the Helsinki summit between U.S. leader Bill Clinton and Russia's Boris Yeltsin, saying on Friday that Moscow had agreed de facto to NATO's expansion.</p>
<p>&quot;I think that in this basic question, in fact, I stress in fact, Russia has agreed on the expansion of NATO,&quot; Kwasniewski said in a statement issued to Reuters by his spokesman Antoni Styrczula.  </p>
<p>Kwasniewski, whose country sees rapid NATO entry as a top policy goal, said Poland had no objections to the readiness of the United States and NATO countries to sign a special charter with Russia.</p>
<p>&quot;We think that, for a lasting system of security in Europe, such a charter between an expanded NATO and Russia and Ukraine can be very useful,&quot; Kwasniewski said in initial comments just after learning the outlines of the summit's outcome.</p>
<p>&quot;We also have the impression there was a drawing closer of standpoints and that in fact the expansion of NATO is decided,&quot; Kwasniewski said.</p>
<p>Kwasniewski said he did not consider Poland would be a second-class member of NATO because the pact would not station nuclear weapons or forces on its territory, as it would have the same guarantees and responsibilities as other members. &quot;So in my view the expansion of NATO in peaceful conditions is expansion in which the presence of foreign armies and nuclear weapons is not essential,&quot; he said in the statement.</p>
</text>
<copyright>(c) Reuters Limited 1997</copyright>
<metadata>
<codes class="bip:countries:1.0">
  <code code="FIN">
    <editdetail attribution="Reuters BIP Coding Group" action="confirmed" date="1997-03-21"/>
  </code>
  <code code="NATO">
    <editdetail attribution="Reuters BIP Coding Group" action="confirmed" date="1997-03-21"/>
  </code>
  <code code="POL">
    <editdetail attribution="Reuters BIP Coding Group" action="confirmed" date="1997-03-21"/>
  </code>
  <code code="RUSS">
    <editdetail attribution="Reuters BIP Coding Group" action="confirmed" date="1997-03-21"/>
  </code>
  <code code="USA">
    <editdetail attribution="Reuters BIP Coding Group" action="confirmed" date="1997-03-21"/>
  </code>
</codes>
<codes class="bip:topics:1.0">
  <code code="GCAT">
    <editdetail attribution="Reuters BIP Coding Group" action="confirmed" date="1997-03-21"/>
  </code>
  <code code="GDEF">
    <editdetail attribution="Reuters BIP Coding Group" action="confirmed" date="1997-03-21"/>
  </code>
  <code code="GDIP">
    <editdetail attribution="Reuters BIP Coding Group" action="confirmed" date="1997-03-21"/>
  </code>
</codes>
<dc element="dc.date.created" value="1997-03-21"/>
<dc element="dc.publisher" value="Reuters Holdings Plc"/>
<dc element="dc.date.published" value="1997-03-21"/>
<dc element="dc.source" value="Reuters"/>
<dc element="dc.creator.location" value="WARSAW"/>
<dc element="dc.creator.location.country.name" value="POLAND"/>
<dc element="dc.source" value="Reuters"/>
</metadata>
</newsitem>
