<?xml version="1.0" encoding="iso-8859-1" ?>
<newsitem itemid="458806" id="root" date="1997-03-21" xml:lang="en">
<title>ROMANIA: Greece supports Romania's NATO membership bid.</title>
<headline>Greece supports Romania's NATO membership bid.</headline>
<dateline>BUCHAREST 1997-03-21</dateline>
<text>
<p>Visiting Greek Prime Minister Costas Simitis on Friday expressed strong support for Romania's bid to join NATO and the European Union, saying it would strengthen cooperation and stability in the Balkans.</p>
<p>&quot;What we (Greece) will do before Madrid is to tell our fellow NATO partners that we support Romania's membership bid,&quot; Simitis told a news conference during a two-day visit to the Romanian capital.</p>
<p>Romania is lobbying hard for inclusion in the first wave of North Atlantic Treaty Organisation expansion to be announced at an alliance summit in July.</p>
<p>&quot;It's not certain that Romania won't make the first wave. Nothing is certain yet,&quot; Simitis said in reply to a question about the country's chances of being invited in along with more developed east Europeans Poland, Hungary and the Czech Republic, which are seen as likely first-wave entrants.</p>
<p>His Romanian counterpart, Victor Ciorbea, hailed Simitis' visit, which he said coincided with a U.S.-Russian summit in Helsinki dominated by NATO expansion. Russia has stressed its fierce opposition to bringing in any new members.</p>
<p>&quot;Greece has voiced support for Romania's efforts to join NATO and the EU, whose enlargement should proceed according to clear and non-discriminating criteria,&quot; he said.</p>
<p>Greece is the latest NATO member to throw support behind Romania's membership bid, saying it would strengthen the southern flank of the alliance. France, Italy and Turkey have also voiced support for Romanian entry.</p>
<p>Both Ciorbea and Simitis said Bucharest and Athens saw eye to eye on Balkan issues, and called for coordinated efforts to find a peaceful solution to the crisis in Albania.</p>
<p>&quot;We are convinced that Romania's reforms will create the necessary premises in order to attract as many Greek investors as possible,&quot; said Ciorbea, whose government has launched tough reforms in a bid to put the economy back on track and attract Western investors.</p>
<p>Ciorbea's centrist coalition government took office after reformists ended the ex-communists' seven-year grip on power in elections last November.</p>
<p>Simitis, accompanied by Greek Foreign Minister Theodoros Pangalos, is due to meet President Emil Constantinescu later on Friday.</p>
</text>
<copyright>(c) Reuters Limited 1997</copyright>
<metadata>
<codes class="bip:countries:1.0">
  <code code="EEC">
    <editdetail attribution="Reuters BIP Coding Group" action="confirmed" date="1997-03-21"/>
  </code>
  <code code="GREECE">
    <editdetail attribution="Reuters BIP Coding Group" action="confirmed" date="1997-03-21"/>
  </code>
  <code code="NATO">
    <editdetail attribution="Reuters BIP Coding Group" action="confirmed" date="1997-03-21"/>
  </code>
  <code code="ROM">
    <editdetail attribution="Reuters BIP Coding Group" action="confirmed" date="1997-03-21"/>
  </code>
  <code code="SPAIN">
    <editdetail attribution="Reuters BIP Coding Group" action="confirmed" date="1997-03-21"/>
  </code>
</codes>
<codes class="bip:topics:1.0">
  <code code="G15">
    <editdetail attribution="Reuters BIP Coding Group" action="confirmed" date="1997-03-21"/>
  </code>
  <code code="G158">
    <editdetail attribution="Reuters BIP Coding Group" action="confirmed" date="1997-03-21"/>
  </code>
  <code code="GCAT">
    <editdetail attribution="Reuters BIP Coding Group" action="confirmed" date="1997-03-21"/>
  </code>
  <code code="GDIP">
    <editdetail attribution="Reuters BIP Coding Group" action="confirmed" date="1997-03-21"/>
  </code>
</codes>
<dc element="dc.date.created" value="1997-03-21"/>
<dc element="dc.publisher" value="Reuters Holdings Plc"/>
<dc element="dc.date.published" value="1997-03-21"/>
<dc element="dc.source" value="Reuters"/>
<dc element="dc.creator.location" value="BUCHAREST"/>
<dc element="dc.creator.location.country.name" value="ROMANIA"/>
<dc element="dc.source" value="Reuters"/>
</metadata>
</newsitem>
