<?xml version="1.0" encoding="iso-8859-1" ?>
<newsitem itemid="458803" id="root" date="1997-03-21" xml:lang="en">
<title>HUNGARY: Hungary Jan C/A, trade balance improves - cen.bank.</title>
<headline>Hungary Jan C/A, trade balance improves - cen.bank.</headline>
<dateline>BUDAPEST 1997-03-21</dateline>
<text>
<p>The National Bank of Hungary (NBH) said on Friday that the position of the current account and the trade balance in January was better than expected and represented an improvement on January figures for recent years.</p>
<p>&quot;The January (preliminary) figures are certainly better than the past few years' current account and foreign trade figures,&quot; NBH President Gyorgy Suranyi told a news conference.</p>
<p>He added that according to the NBH's figures, exports and imports have increased this year, and the rise in imports did not speed up relative to exports.</p>
<p>Suranyi did not disclose numbers, saying the January and February balance of payments figures would be published later than usual due to technical changes the NBH was implementing in its calculations methods.</p>
<p>The current account deficit was $294 million in January 1996, while the trade gap calculated in cash flow terms was $302 million. In December current account deficit was $501 million and the trade gap was $417 million.</p>
<p>Suranyi added that he did not expect the planned abolition of the current 4 percent import surcharge to increase imports by more than a few tens of millions of dollars and said it was unlikely to affect the current account significantly.</p>
<p>Hungary first introduced an eight percent import surcharge in March 1995 as part of its austerity programme which succeeded in reining in the soaring current account and trade deficits.</p>
<p>The surcharge, currently four percent, is to be phased out completely by July 1.</p>
<p>Hungary's current account deficit target for 1997 is $1.5 to $2.0 billion, compared with a figure of $1.68 billion for 1996.</p>
<p>-- Budapest newsroom (36 1) 327 4040</p>
</text>
<copyright>(c) Reuters Limited 1997</copyright>
<metadata>
<codes class="bip:countries:1.0">
  <code code="HUNG">
    <editdetail attribution="Reuters BIP Coding Group" action="confirmed" date="1997-03-21"/>
  </code>
</codes>
<codes class="bip:topics:1.0">
  <code code="E51">
    <editdetail attribution="Reuters BIP Coding Group" action="confirmed" date="1997-03-21"/>
  </code>
  <code code="E512">
    <editdetail attribution="Reuters BIP Coding Group" action="confirmed" date="1997-03-21"/>
  </code>
  <code code="ECAT">
    <editdetail attribution="Reuters BIP Coding Group" action="confirmed" date="1997-03-21"/>
  </code>
</codes>
<dc element="dc.date.created" value="1997-03-21"/>
<dc element="dc.publisher" value="Reuters Holdings Plc"/>
<dc element="dc.date.published" value="1997-03-21"/>
<dc element="dc.source" value="Reuters"/>
<dc element="dc.creator.location" value="BUDAPEST"/>
<dc element="dc.creator.location.country.name" value="HUNGARY"/>
<dc element="dc.source" value="Reuters"/>
</metadata>
</newsitem>
