<?xml version="1.0" encoding="iso-8859-1" ?>
<newsitem itemid="458824" id="root" date="1997-03-21" xml:lang="en">
<title>HUNGARY: INDICATORS - Hungary - updated March 21.</title>
<headline>INDICATORS - Hungary - updated March 21.</headline>
<dateline>BUDAPEST 1997-03-21</dateline>
<text>
<p>The latest indicators:</p>
<p> GDP (prelim. pct)    Q3  +1.0 yr/yr			 (Q2 0.0)</p>
<p> CPI (pct)		Feb +2.2 m/m +18.8 yr/yr (Jan +3.7 +18.9)</p>
<p> PPI (pct)		Jan +4.7 m/m +22.2 yr/yr (Dec +1.0 +20.1)</p>
<p> Industry output(pct) Jan +11.0 m/m +6.4 yr/yr (Dec -6.4, +3.3)</p>
<p> Current account	Jan-Dec $1.678 bln   (Jan-Nov $1.177 bln)</p>
<p> NBH trade deficit    Jan-Dec $2.645 bln   (Jan-Nov $2.229 bln)</p>
<p> MIT trade balance($) Jan-Dec 1996 2.7bln (Jan-Dec 1997 2.6bln)</p>
<p> Gross foreign debt   Dec $26,258.5 million     (Nov $26,387.3 million)</p>
<p> Net foreign debt     Dec $12,870 million	 (Nov $12,565.8 million)</p>
<p> Unemployment (pct)   Feb 11.1 pct		   (Jan 10.6 pct)</p>
<p> Budget balance (HUF) Jan-Feb -46.3 bln     (Jan-Feb +67.4 bln)</p>
<p> T-bill yields% (1mo) 20.94 (3mo) 20.54 (6mo) 20.51 (1yr) 20.07</p>
<p> Government bond yields:(2-yr 1999/E) 18.58 (3-yr 2000/D) 16.73</p>
<p>(5-yr 2001/C) 15.69</p>
<p>The NBH is BBB-minus by S&amp;P, IBCA, Duff &amp; Phelps and Thomson BankWatch, Baa3 by Moody's Investors Service, BBB+ by the Japan Credit Rating Agency. The NBH trade data is based on cash flow, MIT data on customs statistics.</p>
<p>-- Budapest newsroom +36 1 327 4040</p>
</text>
<copyright>(c) Reuters Limited 1997</copyright>
<metadata>
<codes class="bip:countries:1.0">
  <code code="HUNG">
    <editdetail attribution="Reuters BIP Coding Group" action="confirmed" date="1997-03-21"/>
  </code>
</codes>
<codes class="bip:topics:1.0">
  <code code="E71">
    <editdetail attribution="Reuters BIP Coding Group" action="confirmed" date="1997-03-21"/>
  </code>
  <code code="ECAT">
    <editdetail attribution="Reuters BIP Coding Group" action="confirmed" date="1997-03-21"/>
  </code>
</codes>
<dc element="dc.date.created" value="1997-03-21"/>
<dc element="dc.publisher" value="Reuters Holdings Plc"/>
<dc element="dc.date.published" value="1997-03-21"/>
<dc element="dc.source" value="Reuters"/>
<dc element="dc.creator.location" value="BUDAPEST"/>
<dc element="dc.creator.location.country.name" value="HUNGARY"/>
<dc element="dc.source" value="Reuters"/>
</metadata>
</newsitem>
