<?xml version="1.0" encoding="iso-8859-1" ?>
<newsitem itemid="458817" id="root" date="1997-03-21" xml:lang="en">
<title>SLOVENIA: Slovenian shares snap five-day losing streak.</title>
<headline>Slovenian shares snap five-day losing streak.</headline>
<dateline>LJUBLJANA 1997-03-21</dateline>
<text>
<p>Slovenian shares reversed a five-day losing streak on Friday, closing marginally firmer.</p>
<p>&quot;Today there was some optimism on the market as everyone is expecting foreign buyers to return anytime now,&quot; an analyst said.</p>
<p>* The blue-chip SBI index firmed 3.09 points to 1,321.24.</p>
<p>* Issue A of drug company Lek had the highest turnover, down 1.55 percent to 26,080 tolars on volume of 672 shares. -- Ljubljana newsroom, 386-61-125-8439</p>
</text>
<copyright>(c) Reuters Limited 1997</copyright>
<metadata>
<codes class="bip:countries:1.0">
  <code code="SLVNIA">
    <editdetail attribution="Reuters BIP Coding Group" action="confirmed" date="1997-03-21"/>
  </code>
</codes>
<codes class="bip:topics:1.0">
  <code code="M11">
    <editdetail attribution="Reuters BIP Coding Group" action="confirmed" date="1997-03-21"/>
  </code>
  <code code="MCAT">
    <editdetail attribution="Reuters BIP Coding Group" action="confirmed" date="1997-03-21"/>
  </code>
</codes>
<dc element="dc.date.created" value="1997-03-21"/>
<dc element="dc.publisher" value="Reuters Holdings Plc"/>
<dc element="dc.date.published" value="1997-03-21"/>
<dc element="dc.source" value="Reuters"/>
<dc element="dc.creator.location" value="LJUBLJANA"/>
<dc element="dc.creator.location.country.name" value="SLOVENIA"/>
<dc element="dc.source" value="Reuters"/>
</metadata>
</newsitem>
