<?xml version="1.0" encoding="iso-8859-1" ?>
<newsitem itemid="458809" id="root" date="1997-03-21" xml:lang="en">
<title>POLAND: FORECAST - Polish CPI seen down, trade gap widening.</title>
<headline>FORECAST - Polish CPI seen down, trade gap widening.</headline>
<dateline>WARSAW 1997-03-21</dateline>
<text>
<p>Polish inflation is seen falling below 15 percent in May while rising industrial output should help push unemployment to new lows, said Tadeusz Chroscicki, chief analyst at the government's Centre for Strategic Studies (CSS).</p>
<p>In his macroeconomic forecast, submitted monthly to Reuters, Chroscicki said fast rising imports will, however, drive Poland's current account and trade deficits to new highs.</p>
<p>&quot;The negative relation between the growth rate of exports and imports...is worsening and causing the rapid growth of Poland's foreign trade deficit,&quot; Chroscicki said.</p>
<p>He said that even if export revenues continued to grow by 10 percent compared with last year, import payments might be 30 percent higher resulting in an ever widening trade gap and adversely affecting foreign currency reserves.</p>
<p>The report said inflation might be only marginally above 15 percent next month and drop below that level in May putting this year's inflation target of 13 percent within reach.</p>
<p>ECONOMIC INDICATOR FORECAST</p>
<p>				FEBRUARY   MARCH	APRIL	   MAY</p>
<p>CPI (pct change)</p>
<p>  month/month		1.1(R)   1.0 (2.0)    0.9	    0.9</p>
<p>  year/year		 17.3(R)  16.7(18.7)   15.2(18.6)   14.6</p>
<p>  Previous Dec = 100   104.0(R) 105.1(105.0) 106.1(106.4) 107.1</p>
<p>INDUSTRIAL OUTPUT</p>
<p>  month/month	     -2.8(R)    7.0(10.0)   3.0(0.0)     0.0</p>
<p>  year/year		  8.7(R)    5.0(9.0)   10.6(8.5)     9.5</p>
<p>UNEMPLOYMENT RATE(pct) 13.4(13.4) 13.4(13.2)  13.2(12.9)   12.9</p>
<p>Following figures in billion USD</p>
<p> OFFICIAL RESERVES     18.4(18.2)  17.9(17.9)  17.8(17.8)  17.7</p>
<p> NET RESERVES	    21.5(21.5)  21.5(21.7)  21.4(21.4)  21.2</p>
<p> C/A TRADE BALANCE*     -2.3(-1.5)  -3.3(-3.0) -4.1(-3.5)  -4.8</p>
<p>  Exports*		   4.0(4.9)    6.0(6.0)   8.2(8.0)   10.4</p>
<p>  Imports*		   6.3(5.5)    9.3(6.0)  12.3(11.7)  15.2</p>
<p>		    *********************************</p>
<p>NOTES: Revised figures in brackets.</p>
<p>Official forex reserves are hard currencies held by the central bank while net reserves are the total amount of foreign exchange in the banking system. Indicators marked (R) are results, rest are forecasts.</p>
<p>* Counted from start of year.</p>
<p>-- Warsaw Newsroom +48 22 653 9700, fax +48 22 653 9780</p>
</text>
<copyright>(c) Reuters Limited 1997</copyright>
<metadata>
<codes class="bip:countries:1.0">
  <code code="POL">
    <editdetail attribution="Reuters BIP Coding Group" action="confirmed" date="1997-03-21"/>
  </code>
</codes>
<codes class="bip:topics:1.0">
  <code code="E13">
    <editdetail attribution="Reuters BIP Coding Group" action="confirmed" date="1997-03-21"/>
  </code>
  <code code="E131">
    <editdetail attribution="Reuters BIP Coding Group" action="confirmed" date="1997-03-21"/>
  </code>
  <code code="E31">
    <editdetail attribution="Reuters BIP Coding Group" action="confirmed" date="1997-03-21"/>
  </code>
  <code code="E311">
    <editdetail attribution="Reuters BIP Coding Group" action="confirmed" date="1997-03-21"/>
  </code>
  <code code="E51">
    <editdetail attribution="Reuters BIP Coding Group" action="confirmed" date="1997-03-21"/>
  </code>
  <code code="E512">
    <editdetail attribution="Reuters BIP Coding Group" action="confirmed" date="1997-03-21"/>
  </code>
  <code code="ECAT">
    <editdetail attribution="Reuters BIP Coding Group" action="confirmed" date="1997-03-21"/>
  </code>
</codes>
<dc element="dc.date.created" value="1997-03-21"/>
<dc element="dc.publisher" value="Reuters Holdings Plc"/>
<dc element="dc.date.published" value="1997-03-21"/>
<dc element="dc.source" value="Reuters"/>
<dc element="dc.creator.location" value="WARSAW"/>
<dc element="dc.creator.location.country.name" value="POLAND"/>
<dc element="dc.source" value="Reuters"/>
</metadata>
</newsitem>
