<?xml version="1.0" encoding="iso-8859-1" ?>
<newsitem itemid="458821" id="root" date="1997-03-21" xml:lang="en">
<title>UKRAINE: Ukraine's president strongly urges tax reforms.</title>
<headline>Ukraine's president strongly urges tax reforms.</headline>
<dateline>KIEV 1997-03-21</dateline>
<text>
<p>Ukraine's parliament must push through tax reforms if the former Soviet republic hopes to achieve financial stability, President Leonid Kuchma said during his yearly address to the nation on Friday.</p>
<p>&quot;We need deep tax reforms,&quot; Kuchma said to parliamentarians and members of his government during the hour and a half speech.</p>
<p>Parliament is reviewing a package of nine new tax laws, which will underpin the much-delayed 1997 budget.</p>
<p>The budget would pave the way for receipt of a three-year $2.5 to $3 billion Extended Fund Facility credit from the International Monetary Fund.</p>
<p>Kuchma said tax reform included lowering pressure on small- and medium-sized businesses.</p>
<p>Ukraine's unwieldy tax system, unreformed since the country gained independence from the Soviet Union in 1991, heavily penalises those individuals and businesses who have not escaped into the shadow economy -- now estimated to take up half of all economic activity.</p>
<p>Kuchma said almost 11,000 state-run businesses in the natural resource sector, like gas, oil, electricity, metal, chemical, sugar and alcohol, are freed from paying taxes under current laws.</p>
<p>&quot;Calculations show that if these enterprises paid their dues to the budget we would have no problems with pensions or wages.&quot;</p>
<p>Ukraine's wage debt to its workers is 4.2 billion hryvnias, and the pension fund owes 1.1 billion hryvnias.</p>
<p>Kuchma said once the tax reform package is accepted, there would be a moratorium on changes to tax laws to 1999.</p>
<p>&quot;Financial stability is possible only with realistic revenues and expenditures in the budget,&quot; the president said.</p>
<p>--Irene Marushko, Kiev Newsroom +380 44 229 2264</p>
</text>
<copyright>(c) Reuters Limited 1997</copyright>
<metadata>
<codes class="bip:countries:1.0">
  <code code="UKRN">
    <editdetail attribution="Reuters BIP Coding Group" action="confirmed" date="1997-03-21"/>
  </code>
</codes>
<codes class="bip:topics:1.0">
  <code code="E21">
    <editdetail attribution="Reuters BIP Coding Group" action="confirmed" date="1997-03-21"/>
  </code>
  <code code="E211">
    <editdetail attribution="Reuters BIP Coding Group" action="confirmed" date="1997-03-21"/>
  </code>
  <code code="ECAT">
    <editdetail attribution="Reuters BIP Coding Group" action="confirmed" date="1997-03-21"/>
  </code>
  <code code="GCAT">
    <editdetail attribution="Reuters BIP Coding Group" action="confirmed" date="1997-03-21"/>
  </code>
  <code code="GPOL">
    <editdetail attribution="Reuters BIP Coding Group" action="confirmed" date="1997-03-21"/>
  </code>
</codes>
<dc element="dc.date.created" value="1997-03-21"/>
<dc element="dc.publisher" value="Reuters Holdings Plc"/>
<dc element="dc.date.published" value="1997-03-21"/>
<dc element="dc.source" value="Reuters"/>
<dc element="dc.creator.location" value="KIEV"/>
<dc element="dc.creator.location.country.name" value="UKRAINE"/>
<dc element="dc.source" value="Reuters"/>
</metadata>
</newsitem>
