<?xml version="1.0" encoding="iso-8859-1" ?>
<newsitem itemid="458826" id="root" date="1997-03-21" xml:lang="en">
<title>RUSSIA: Russia non-CIS Q1 oil exports to rise 19 pct yr/yr.</title>
<headline>Russia non-CIS Q1 oil exports to rise 19 pct yr/yr.</headline>
<dateline>MOSCOW 1997-03-21</dateline>
<text>
<p>Russia's Fuel and Energy Ministry has raised Russia's first quarter crude oil export volumes to 28.1 million tonnes from 25.7 million tonnes, ministry spokesman Sergei Nogotkov said.</p>
<p>He said the figure was for exports outside the Commonwealth of Independent States, or CIS, and that it represented an 18.6 percent increase compared to year-ago levels.</p>
<p>Nogotkov also said the ministry had reduced first quarter crude oil exports for state needs to 8.1 million tonnes from 9.2 million tonnes, and that 4.6 million tonnes of that total, or 57 percent, had already been exported.</p>
<p>&quot;This means producers will have more oil to export themselves in the first quarter,&quot; he said.</p>
<p>Russian crude oil exports outside the CIS, including transit oil, over the first two months of this year were 17.2 million tonnes, he said.</p>
<p>The figure represented 61 percent of the quarterly scheduled volume. CIS crude oil exports over January-February were 3.2 million tonnes, he said.</p>
<p>Nogotkov said that Surgutneftegaz, Russia's third-largest oil producer, which is allowed to export more to raise cash to build an oil export outlet near St Petersburg on the Finnish Gulf, had already exported 893,000 tonnes over the first two months of this year, a 24 percent rise year-on-year.</p>
<p>LUKoil, Russia's largest oil producer, had exported 69 percent of its first quarter allotment over January-February, he said, without providing an absolute figure.</p>
<p>-- Lynnley Browning, Moscow Newsroom, +7095 941 8520</p>
</text>
<copyright>(c) Reuters Limited 1997</copyright>
<metadata>
<codes class="bip:countries:1.0">
  <code code="RUSS">
    <editdetail attribution="Reuters BIP Coding Group" action="confirmed" date="1997-03-21"/>
  </code>
</codes>
<codes class="bip:industries:1.0">
  <code code="I13000">
    <editdetail attribution="Reuters BIP Coding Group" action="confirmed" date="1997-03-21"/>
  </code>
  <code code="I1300003">
    <editdetail attribution="Reuters BIP Coding Group" action="confirmed" date="1997-03-21"/>
  </code>
</codes>
<codes class="bip:topics:1.0">
  <code code="C31">
    <editdetail attribution="Reuters BIP Coding Group" action="confirmed" date="1997-03-21"/>
  </code>
  <code code="C312">
    <editdetail attribution="Reuters BIP Coding Group" action="confirmed" date="1997-03-21"/>
  </code>
  <code code="CCAT">
    <editdetail attribution="Reuters BIP Coding Group" action="confirmed" date="1997-03-21"/>
  </code>
  <code code="M14">
    <editdetail attribution="Reuters BIP Coding Group" action="confirmed" date="1997-03-21"/>
  </code>
  <code code="M143">
    <editdetail attribution="Reuters BIP Coding Group" action="confirmed" date="1997-03-21"/>
  </code>
  <code code="MCAT">
    <editdetail attribution="Reuters BIP Coding Group" action="confirmed" date="1997-03-21"/>
  </code>
</codes>
<dc element="dc.date.created" value="1997-03-21"/>
<dc element="dc.publisher" value="Reuters Holdings Plc"/>
<dc element="dc.date.published" value="1997-03-21"/>
<dc element="dc.source" value="Reuters"/>
<dc element="dc.creator.location" value="MOSCOW"/>
<dc element="dc.creator.location.country.name" value="RUSSIA"/>
<dc element="dc.source" value="Reuters"/>
</metadata>
</newsitem>
