<?xml version="1.0" encoding="iso-8859-1" ?>
<newsitem itemid="458822" id="root" date="1997-03-21" xml:lang="en">
<title>RUSSIA: Communist chief raps Yeltsin's Helsinki diplomacy.</title>
<headline>Communist chief raps Yeltsin's Helsinki diplomacy.</headline>
<dateline>MOSCOW 1997-03-21</dateline>
<text>
<p>Russian Communist Party leader Gennady Zyuganov blasted Boris Yeltsin's foreign policy on Friday, saying the president was incapable of defending Moscow's interests at his summit talks with U.S. President Bill Clinton.</p>
<p>&quot;Boris Nikolayevich (Yeltsin) has not had any victories for a long time, except over his own people and country,&quot; Zyuganov told reporters in the State Duma lower house of parliament.</p>
<p>&quot;I don't believe in his international successes. Everything he does is linked to destruction,&quot; said Zyuganov.</p>
<p>He was speaking as Yeltsin and Clinton met in Helsinki to discuss NATO expansion and arms control. U.S. aides described the talks as &quot;substantive and intense&quot;.</p>
<p>Opposition to NATO's plans to admit former communist countries in eastern and central Europe is one of the few issues that Yeltsin and his communist and ultra-nationalist foes in the Duma are able to agree on.</p>
<p>Russia regards the plans as a threat to its own security that will create new division lines in post-Cold War Europe.</p>
<p>&quot;NATO expansion is a mistake,&quot; Zyuganov said, adding that Moscow had the industrial might to thwart it. He did not elaborate.</p>
<p>Yeltsin, whose aides have kept up a furious verbal offensive against NATO's plans ahead of Friday's summit talks, also came under fire from Vladimir Zhirinovsky's ultra-nationalist Liberal Democratic Party (LDPR), one of the biggest Duma parties.</p>
<p>&quot;So long as we possess nuclear rockets and forces of nuclear deterrence...dialogue with our opponents can proceed very concretely, as it would have done 10 years ago,&quot; Interfax news agency quoted senior LDPR deputy Alexei Mitrofanov as saying.</p>
<p>The communists have prepared a draft resolution calling on Yeltsin and the government to rule out Russia itself joining the Western alliance.</p>
<p>Neither NATO nor Moscow have suggested this as a serious possibility, but the resolution, which might be debated later on Friday, is seen as a symbolic gesture to put added pressure on Yeltsin during his talks with Clinton.</p>
</text>
<copyright>(c) Reuters Limited 1997</copyright>
<metadata>
<codes class="bip:countries:1.0">
  <code code="FIN">
    <editdetail attribution="Reuters BIP Coding Group" action="confirmed" date="1997-03-21"/>
  </code>
  <code code="RUSS">
    <editdetail attribution="Reuters BIP Coding Group" action="confirmed" date="1997-03-21"/>
  </code>
  <code code="USA">
    <editdetail attribution="Reuters BIP Coding Group" action="confirmed" date="1997-03-21"/>
  </code>
</codes>
<codes class="bip:topics:1.0">
  <code code="GCAT">
    <editdetail attribution="Reuters BIP Coding Group" action="confirmed" date="1997-03-21"/>
  </code>
  <code code="GDIP">
    <editdetail attribution="Reuters BIP Coding Group" action="confirmed" date="1997-03-21"/>
  </code>
</codes>
<dc element="dc.date.created" value="1997-03-21"/>
<dc element="dc.publisher" value="Reuters Holdings Plc"/>
<dc element="dc.date.published" value="1997-03-21"/>
<dc element="dc.source" value="Reuters"/>
<dc element="dc.creator.location" value="MOSCOW"/>
<dc element="dc.creator.location.country.name" value="RUSSIA"/>
<dc element="dc.source" value="Reuters"/>
</metadata>
</newsitem>
