<?xml version="1.0" encoding="iso-8859-1" ?>
<newsitem itemid="458812" id="root" date="1997-03-21" xml:lang="en">
<title>ALBANIA: Normality, Albanian style, after anarchy subsides.</title>
<headline>Normality, Albanian style, after anarchy subsides.</headline>
<byline>Giles Elgood</byline>
<dateline>TIRANA 1997-03-21</dateline>
<text>
<p>Albanian troops guarding Tirana airport as part of efforts to restore order after weeks of armed mayhem now feel relaxed enough to enjoy a drink or a few frames of pool between stints on their armoured vehicles.</p>
<p>As soldiers and police armed with Kalashnikov assault rifles patrol the airfield and mount guard on the roof of the terminal building, the crackling public address system announces calmly: &quot;The flight to Sofia is now ready for boarding.&quot;</p>
<p>The airport only reopened to passenger and cargo traffic on Thursday after a week-long shutdown forced when Albania's recent outbreak of anarchy peaked. Those boarding the resumed flights exude relief at being able to get out of the country.</p>
<p>Despite the tension, the airport seems to have been effectively secured, allowing the soldiers to take a break in a nearby cafe, even offering reporters a drink, and in a small concrete shed housing a pair of pool tables.</p>
<p>Albania is returning to some form of normality, but it is a peculiarly Albanian normality.</p>
<p>In the capital Tirana, a curfew is still in force and a nightly patrol up and down the main boulevard by a convoy of tanks, armoured vehicles and vans full of armed police has become a commonplace.</p>
<p>In one of the main hotels where the international press corps is headquartered, only particularly heavy bursts of evening firing cause the restaurant waiters to kill the lights and draw the blinds.</p>
<p>At this point the journalists feel obliged to interrupt dinner to investigate. But, with the curfew on, they can usually only manage to peer out the windows and speculate. The best way to do this is with a glass of wine in hand.</p>
<p>The hotel lifts carry a notice saying: &quot;Do not use the elevator in case of fire.&quot;</p>
<p>&quot;I wonder if that includes automatic weapons fire,&quot; one British reporter wondered aloud.</p>
<p>Away from the hotel, residents of the capital say that, while the random firing of looted weapons into the air has diminished in recent days, it remains a distinct hazard in some areas.</p>
<p>Blerta, a 21-year-old English language student, said that a man living on the third floor of her apartment block insisted on firing his looted Kalashnikov out the window. &quot;This is a problem for us because we live on the sixth floor,&quot; she said.</p>
<p>With the streets still littered with used ammunition, conversations are best carried out under an overhanging roof as protection from rounds fired skywards and returning randomly to earth.</p>
<p>Accidental shootings have accounted for most of the more than 100 deaths since angry citizens reacted to the loss of their savings in shady pyramid investment schemes by looting thousands of weapons from army barracks.</p>
<p>While the south of the country remains in the hands of rebels who began the uprising in January, government efforts to restore order are apparent in the north.</p>
<p>In the northern regional capital of Shkoder, the call to prayer from the minaret of the central mosque is followed immediately by a relay of the afternoon news from Radio Tirana, which draws a small audience in the town square.</p>
<p>In his office, the local prefect, Elham Sharra, interrupts his thoughts on how he is trying to repair the effects of two nights of looting and burning to remark that the last time he was in Britain he paid a visit to Liverpool's Cavern Club, home of the Beatles.</p>
</text>
<copyright>(c) Reuters Limited 1997</copyright>
<metadata>
<codes class="bip:countries:1.0">
  <code code="ALB">
    <editdetail attribution="Reuters BIP Coding Group" action="confirmed" date="1997-03-21"/>
  </code>
</codes>
<codes class="bip:topics:1.0">
  <code code="GCAT">
    <editdetail attribution="Reuters BIP Coding Group" action="confirmed" date="1997-03-21"/>
  </code>
  <code code="GVIO">
    <editdetail attribution="Reuters BIP Coding Group" action="confirmed" date="1997-03-21"/>
  </code>
</codes>
<dc element="dc.date.created" value="1997-03-21"/>
<dc element="dc.publisher" value="Reuters Holdings Plc"/>
<dc element="dc.date.published" value="1997-03-21"/>
<dc element="dc.source" value="Reuters"/>
<dc element="dc.creator.location" value="TIRANA"/>
<dc element="dc.creator.location.country.name" value="ALBANIA"/>
<dc element="dc.source" value="Reuters"/>
</metadata>
</newsitem>
