<?xml version="1.0" encoding="iso-8859-1" ?>
<newsitem itemid="458805" id="root" date="1997-03-21" xml:lang="en">
<title>RUSSIA: Olympic Airways begins Athens-Moscow route.</title>
<headline>Olympic Airways begins Athens-Moscow route.</headline>
<dateline>MOSCOW 1997-03-21</dateline>
<text>
<p>Greek state-owned Olympic Airways will begin regular passenger flights between Athens and Moscow three times a week from March 23, a senior company official said on Friday</p>
<p>Georgios Sinanidis, Olympic Airways general manager in Russia, said the company would operate 156-seat Boeing 737-400s on the route.</p>
<p>The airline will fly from Moscow's Sheremetyevo-2 airport on Tuesdays, Thursdays and Sundays. This schedule is effective until June 21.</p>
<p>Sinanidis said Olympic hoped to atract Russian tourists.</p>
<p>Russian flagship carrier Aeroflot makes three passenger flights a week between Moscow and Athens.</p>
<p>--Viktor Anoshkin, Moscow Newsroom, +7095 941 8520</p>
</text>
<copyright>(c) Reuters Limited 1997</copyright>
<metadata>
<codes class="bip:countries:1.0">
  <code code="GREECE">
    <editdetail attribution="Reuters BIP Coding Group" action="confirmed" date="1997-03-21"/>
  </code>
  <code code="RUSS">
    <editdetail attribution="Reuters BIP Coding Group" action="confirmed" date="1997-03-21"/>
  </code>
</codes>
<codes class="bip:industries:1.0">
  <code code="I75000">
    <editdetail attribution="Reuters BIP Coding Group" action="confirmed" date="1997-03-21"/>
  </code>
</codes>
<codes class="bip:topics:1.0">
  <code code="C22">
    <editdetail attribution="Reuters BIP Coding Group" action="confirmed" date="1997-03-21"/>
  </code>
  <code code="CCAT">
    <editdetail attribution="Reuters BIP Coding Group" action="confirmed" date="1997-03-21"/>
  </code>
</codes>
<dc element="dc.date.created" value="1997-03-21"/>
<dc element="dc.publisher" value="Reuters Holdings Plc"/>
<dc element="dc.date.published" value="1997-03-21"/>
<dc element="dc.source" value="Reuters"/>
<dc element="dc.creator.location" value="MOSCOW"/>
<dc element="dc.creator.location.country.name" value="RUSSIA"/>
<dc element="dc.source" value="Reuters"/>
</metadata>
</newsitem>
