<?xml version="1.0" encoding="iso-8859-1" ?>
<newsitem itemid="458819" id="root" date="1997-03-21" xml:lang="en">
<title>ALBANIA: Albanian rebels meet after snub from president.</title>
<headline>Albanian rebels meet after snub from president.</headline>
<byline>Colin McIntyre</byline>
<dateline>TIRANA 1997-03-21</dateline>
<text>
<p>Rebel leaders in southern Albania were meeting on Friday to decide their next course of action after President Sali Berisha ignored their ultimatum to resign.</p>
<p>Representatives of 13 towns in the south held by rebels who rose up against the government last month were due to meet in the town of Tepelene after a Thursday deadline they set for Berisha to quit passed.</p>
<p>The rebels blame Berisha for not stopping shady pyramid savings schemes that operated for over three years until they collapsed earlier this year, swallowing the life savings of thousands of families, especially in the more prosperous south.</p>
<p>Some rebels had called for a march on Tirana or an armed attack on the presidential palace if Berisha refused to go, but they found little support and most opted for a peaceful solution to the crisis.</p>
<p>The rebels have threatened to set up a rival presidential council to challenge the president's authority in the south, which is ostensibly ruled by a loose network of citizens' councils.</p>
<p>In practice real control in many towns appears to be wielded by local mafias, all armed to the teeth with weapons looted from army barracks at the start of the uprising.</p>
<p>Albanian political party leaders, now part of the all-party government taking the country up to elections by June, have come out against using force to remove Berisha, saying the democratic process will decide.</p>
<p>&quot;We do not support any military move to overthrow Berisha. We think he can and should be removed by legal, peaceful means,&quot; said Social Democrat vice chairman Paskal Milo in the southern town of Gjirokaster on Thursday.</p>
<p>In Tirana the government, which controls the north and is seeking to reestablish its authority over the south, is locked in a power struggle with parliament, dominated by Berisha's Democratic Party.</p>
<p>Late on Thursday parliament voted down a draft bill submitted by premier Bashkim Fino, of the ex-communist Socialist Party, to bring state television and radio under control of the government rather than parliament.</p>
<p>Fino argued that since the new government reflected all political shades it should take over control of the media for the time being, until the current crisis had been resolved.</p>
<p>However the speaker of parliament, Pjeter Arbnori, accused Fino of acting unconstitionally, saying no previous government had ever tried to take over the media.</p>
<p>The parliament, in which the Democrats hold 122 of the 140 seats following elections last May which were branded seriously flawed by foreign observers and boycotted by the opposition, also blocked a government bill to lift press restrictions imposed under a state of emergency still in force.</p>
<p>Tirana airport remained open after the first flight for a week left for Sofia on Thursday, but no planes were flying on Friday.</p>
<p>Albanian Airlines, which had promised to resume scheduled services on Friday with flights to Rome and Bologna, said the plane that flew to Sofia was undergoing repairs in the Bulgarian capital.</p>
<p>Western airlines have said they will not resume services until Monday at the earliest.</p>
</text>
<copyright>(c) Reuters Limited 1997</copyright>
<metadata>
<codes class="bip:countries:1.0">
  <code code="ALB">
    <editdetail attribution="Reuters BIP Coding Group" action="confirmed" date="1997-03-21"/>
  </code>
</codes>
<codes class="bip:topics:1.0">
  <code code="GCAT">
    <editdetail attribution="Reuters BIP Coding Group" action="confirmed" date="1997-03-21"/>
  </code>
  <code code="GVIO">
    <editdetail attribution="Reuters BIP Coding Group" action="confirmed" date="1997-03-21"/>
  </code>
</codes>
<dc element="dc.date.created" value="1997-03-21"/>
<dc element="dc.publisher" value="Reuters Holdings Plc"/>
<dc element="dc.date.published" value="1997-03-21"/>
<dc element="dc.source" value="Reuters"/>
<dc element="dc.creator.location" value="TIRANA"/>
<dc element="dc.creator.location.country.name" value="ALBANIA"/>
<dc element="dc.source" value="Reuters"/>
</metadata>
</newsitem>
