<?xml version="1.0" encoding="iso-8859-1" ?>
<newsitem itemid="458825" id="root" date="1997-03-21" xml:lang="en">
<title>RUSSIA: Russia unclear when Japan palladium talks to begin.</title>
<headline>Russia unclear when Japan palladium talks to begin.</headline>
<dateline>MOSCOW 1997-03-21</dateline>
<text>
<p>A Russian precious metals official said on Friday it was unclear when talks on 1997 palladium supply contracts with Japan would begin or when deliveries would start.</p>
<p>&quot;It is still not clear yet when the talks will begin or when deliveries will start,&quot; Vladimir Rybkin, head of the Finance Ministry's precious metals and stones department, told Reuters.  </p>
<p>&quot;I think the problems will be overcome eventually, but I cannot say when at this stage,&quot; he said.</p>
<p>&quot;The most important reason for the delays is the question of export licenses, and we still don't know when this problem will be resolved,&quot; he said, but provided no further details.</p>
<p>Talks between Russia, the world's biggest palladium producer, and Japan, the biggest consumer, have been delayed since mid-December.</p>
<p>Japanese traders said earlier this week that talks with Russia were likely in April and that this year's first</p>
</text>
<copyright>(c) Reuters Limited 1997</copyright>
<metadata>
<codes class="bip:countries:1.0">
  <code code="JAP">
    <editdetail attribution="Reuters BIP Coding Group" action="confirmed" date="1997-03-21"/>
  </code>
  <code code="RUSS">
    <editdetail attribution="Reuters BIP Coding Group" action="confirmed" date="1997-03-21"/>
  </code>
</codes>
<codes class="bip:industries:1.0">
  <code code="I22472">
    <editdetail attribution="Reuters BIP Coding Group" action="confirmed" date="1997-03-21"/>
  </code>
</codes>
<codes class="bip:topics:1.0">
  <code code="C31">
    <editdetail attribution="Reuters BIP Coding Group" action="confirmed" date="1997-03-21"/>
  </code>
  <code code="C312">
    <editdetail attribution="Reuters BIP Coding Group" action="confirmed" date="1997-03-21"/>
  </code>
  <code code="C33">
    <editdetail attribution="Reuters BIP Coding Group" action="confirmed" date="1997-03-21"/>
  </code>
  <code code="CCAT">
    <editdetail attribution="Reuters BIP Coding Group" action="confirmed" date="1997-03-21"/>
  </code>
  <code code="M14">
    <editdetail attribution="Reuters BIP Coding Group" action="confirmed" date="1997-03-21"/>
  </code>
  <code code="M142">
    <editdetail attribution="Reuters BIP Coding Group" action="confirmed" date="1997-03-21"/>
  </code>
  <code code="MCAT">
    <editdetail attribution="Reuters BIP Coding Group" action="confirmed" date="1997-03-21"/>
  </code>
</codes>
<dc element="dc.date.created" value="1997-03-21"/>
<dc element="dc.publisher" value="Reuters Holdings Plc"/>
<dc element="dc.date.published" value="1997-03-21"/>
<dc element="dc.source" value="Reuters"/>
<dc element="dc.creator.location" value="MOSCOW"/>
<dc element="dc.creator.location.country.name" value="RUSSIA"/>
<dc element="dc.source" value="Reuters"/>
</metadata>
</newsitem>
