<?xml version="1.0" encoding="iso-8859-1" ?>
<newsitem itemid="444877" id="root" date="1997-03-15" xml:lang="en">
<title>USA: ALPINE SKIING-VON GRUENIGEN WINS GIANT SLALOM, AAMODT SEVENTH.</title>
<headline>ALPINE SKIING-VON GRUENIGEN WINS GIANT SLALOM, AAMODT SEVENTH.</headline>
<byline>Larry Fine</byline>
<dateline>VAIL, Colorado 1997-03-15</dateline>
<text>
<p>World Cup giant slalom champion Michael von Gruenigen of Switzerland roared to victory at the World Cup Finals on Saturday, while Kjetil Andre Aamodt saw his chances for the overall title virtually vanish.</p>
<p>Von Gruenigen, who also won the world championship title this year, claimed his fourth victory of the World Cup season on the strength of a second run that put him nearly one second ahead of Austrian Rainer Salzgeber, the first-leg leader.</p>
<p>The 27-year-old Swiss, who was second by 0.18 of a second after the first run, finished with a combined time of two minutes, 18.58 seconds.</p>
<p>Salzgeber was second in 2:19.57, with compatriot Andreas Schifferer, winner of Thursday's Super-G, taking third place in 2:19.97, 0.31 of a second faster than Italy's Patrick Holzer.</p>
<p>Austrians Hermann Maier and Josef Strobl followed in fifth and sixth places ahead of Aamodt, who tied for seventh with Swede Fredrik Nyberg.</p>
<p>Aamodt, second best in the giant slalom standings, earned 36 points for his finish, a result that probably scuttled his chances of overtaking France's Luc Alphand for the overall title.</p>
<p>The Norwegian, who won the World Cup title in 1994, now trails Alphand by 70 points with only Sunday's slalom remaining to the season.</p>
<p>Aamodt, who ranks only eighth in the slalom standings, needs to win or finish second on Sunday to pass Alphand, who is poised to become the first Frenchman since Jean-Claude Killy in 1968 to win the overall crown.</p>
<p>Aamodt's best slalom finish this season was third in the season-opening slalom in Park City. In his last three slaloms, the Norwegian has finished 10th, 11th and 15th.</p>
</text>
<copyright>(c) Reuters Limited 1997</copyright>
<metadata>
<codes class="bip:countries:1.0">
  <code code="USA">
    <editdetail attribution="Reuters BIP Coding Group" action="confirmed" date="1997-03-15"/>
  </code>
</codes>
<codes class="bip:topics:1.0">
  <code code="GCAT">
    <editdetail attribution="Reuters BIP Coding Group" action="confirmed" date="1997-03-15"/>
  </code>
  <code code="GSPO">
    <editdetail attribution="Reuters BIP Coding Group" action="confirmed" date="1997-03-15"/>
  </code>
</codes>
<dc element="dc.date.created" value="1997-03-15"/>
<dc element="dc.publisher" value="Reuters Holdings Plc"/>
<dc element="dc.date.published" value="1997-03-15"/>
<dc element="dc.source" value="Reuters"/>
<dc element="dc.creator.location" value="VAIL, Colorado"/>
<dc element="dc.creator.location.country.name" value="USA"/>
<dc element="dc.source" value="Reuters"/>
</metadata>
</newsitem>
