<?xml version="1.0" encoding="iso-8859-1" ?>
<newsitem itemid="444895" id="root" date="1997-03-15" xml:lang="en">
<title>NORWAY: NORDIC SKIING-WORLD CUP RESULTS.</title>
<headline>NORDIC SKIING-WORLD CUP RESULTS.</headline>
<dateline>HOLMENKOLLEN, Norway 1997-03-15</dateline>
<text>
<p>Leading results of</p>
<p>World Cup Nordic skiing events on Saturday:</p>
<p>Men 50 km</p>
<p>1. Pietro Piller Cottrer (Italy)  two hours three minutes 34.5</p>
<p>seconds</p>
<p> 2. Tor Arne Hetland (Norway)			 2.04:37.8</p>
<p> 3. Bjoern Daehlie (Norway)			   2.04:42.2</p>
<p> 4. Torgny Mogren (Sweden)			    2.05:08.7</p>
<p> 5. Aleksei Prokurorov (Russia)		     2.05:42.0</p>
<p> 6. Vladimir Smirnov (Kazakhstan)		   2.05:42.7</p>
<p> 7. Anders Bergstrom (Sweden)			 2.05:48.9</p>
<p> 8  Christian Zorzi (Italy)			   2.06:02.5</p>
<p> 9. Silvio Fauner (Italy)			     2.06:19.5</p>
<p>10. Johann Muhlegg (Germany)			  2.06:34.4</p>
<p>World Cup final standings</p>
<p> 1. Daehlie						 845 points</p>
<p> 2. Mika Myllyla (Finland)			    560</p>
<p> 3. Fulvio Valbusa (Italy)			    523</p>
<p> 4. Erling Jevne (Norway)			     488</p>
<p> 5. Fauner						  447</p>
<p> 6. Jari Isometsa (Finland)			   363</p>
<p> 7. Kristen Skjeldal (Norway)			 351</p>
<p> 8. Sture Sivertsen (Norway)			  345</p>
<p> 9. Smirnov						 309</p>
<p>10. Prokurorov					    290</p>
<p>Nation Cup men final standings</p>
<p> 1. Norway						 4,126</p>
<p> 2. Italy						  2,670</p>
<p> 3. Finland						2,362</p>
<p> 4. Sweden						 2,067</p>
<p> 5. Russia						 1,191</p>
<p>Women's 30 km</p>
<p> 1. Stefania Belmondo (Italy)			1:20:03.5</p>
<p> 2. Jelena Valbe (Russia)			    1.21:56.0</p>
<p> 3. Elin Nilsen (Norway)			     1.22:23.7</p>
<p> 4. Nina Gavriljuk (Russia)			  1.22:28.1</p>
<p> 5. Olga Danilova (Russia)			   1.22:32.6</p>
<p> 6. Brigitte Albrecht (Switzerland)		1.23:00.7</p>
<p> 7. Svetlana Nageykina (Russia)		    1.23:25.1</p>
<p> 8. Anita Moen Guidon (Norwya)		     1.24:17.5</p>
<p> 9. Irina Taranenko (Ukraine)			1.24:19.6</p>
<p>10. Sabina Valbusa (Italy)			   1.24:24.7</p>
<p>Women's World Cup final standings:</p>
<p> 1. Valbe						  940 points</p>
<p> 2. Belmondo					     909</p>
<p> 3. Katerina Neumannova (Czech Republic)	 525</p>
<p> 4. Gavriljuk					    518</p>
<p> 5. Danilova					     414</p>
<p> 6. Bente Martinsen (Norway)			 391</p>
<p> 7. Marit Mikkelsplass (Norway)		    367</p>
<p> 8. Larissa Lasutina (Russia)			366</p>
<p> 9. Trude Dybendahl-Hartz (Norway)		 334</p>
<p>10. Ljubov Egorova (Russia)			  271</p>
<p>Women's Nations Cup final standings:</p>
<p> 1. Russia					     4,614</p>
<p> 2. Norway					     2,548</p>
<p> 3) Italy						2,149</p>
<p> 4. Finland					    1,007</p>
<p> 5. Czech Republic				     759</p>
<p>Men's Nations Cup final standings:</p>
<p> 1. Norge						6,674</p>
<p> 2. Russia					     5,805</p>
<p> 3. Italy						4,819</p>
<p> 4. Finland					    3,369</p>
<p> 5. Sweden					     2,817</p>
</text>
<copyright>(c) Reuters Limited 1997</copyright>
<metadata>
<codes class="bip:countries:1.0">
  <code code="ITALY">
    <editdetail attribution="Reuters BIP Coding Group" action="confirmed" date="1997-03-15"/>
  </code>
  <code code="NORW">
    <editdetail attribution="Reuters BIP Coding Group" action="confirmed" date="1997-03-15"/>
  </code>
</codes>
<codes class="bip:topics:1.0">
  <code code="GCAT">
    <editdetail attribution="Reuters BIP Coding Group" action="confirmed" date="1997-03-15"/>
  </code>
  <code code="GSPO">
    <editdetail attribution="Reuters BIP Coding Group" action="confirmed" date="1997-03-15"/>
  </code>
</codes>
<dc element="dc.date.created" value="1997-03-15"/>
<dc element="dc.publisher" value="Reuters Holdings Plc"/>
<dc element="dc.date.published" value="1997-03-15"/>
<dc element="dc.source" value="Reuters"/>
<dc element="dc.creator.location" value="HOLMENKOLLEN, Norway"/>
<dc element="dc.creator.location.country.name" value="NORWAY"/>
<dc element="dc.source" value="Reuters"/>
</metadata>
</newsitem>
