<?xml version="1.0" encoding="iso-8859-1" ?>
<newsitem itemid="444880" id="root" date="1997-03-15" xml:lang="en">
<title>ITALY: CYCLING-BARTOLI WINS TIRRENO STAGE, PETITO KEEPS LEAD.</title>
<headline>CYCLING-BARTOLI WINS TIRRENO STAGE, PETITO KEEPS LEAD.</headline>
<dateline>NARNI, Italy 1997-03-15</dateline>
<text>
<p>Italy's Roberto Petito retained the overall lead in the Tirreno-Adriatico cycle race on Saturday after officials had done their sums.</p>
<p>The third 213-km stage from the Abruzzi mountain town of Pescasseroli to Narni was won by Italian Michele Bartoli in the same time as seven others, including fourth-placed Petito.</p>
<p>But bonus seconds picked up by riders complicated the standings, with Italian Gianluca Pianegonda gaining two seconds to level with Petito in the overall standings with an accumulated time of 13 hours 14 minutes and 31 seconds.</p>
<p>After going back to Wednesday's opening time trial in Sorrento, where times were measured in hundredths of a second, Petito was found to be 0.14 ahead of his rival.</p>
<p>The pack arrived in Narni almost all together after various attempts at breakaways had failed during the day.</p>
<p>&quot;I'm happy because I'm hitting the right form at the right time. I'm just sorry that I beat Casagrande who is a great friend,&quot; said Bartoli, who finished just a fraction ahead of second-placed compatriot Francesco Casagrande.</p>
<p>Both men come from Tuscany and Bartoli dedicated the win to Casagrande's wife and his baby daughter who was born on Thursday.</p>
<p>Sunday's fourth stage is 123 km to Terni.</p>
</text>
<copyright>(c) Reuters Limited 1997</copyright>
<metadata>
<codes class="bip:countries:1.0">
  <code code="ITALY">
    <editdetail attribution="Reuters BIP Coding Group" action="confirmed" date="1997-03-15"/>
  </code>
</codes>
<codes class="bip:topics:1.0">
  <code code="GCAT">
    <editdetail attribution="Reuters BIP Coding Group" action="confirmed" date="1997-03-15"/>
  </code>
  <code code="GSPO">
    <editdetail attribution="Reuters BIP Coding Group" action="confirmed" date="1997-03-15"/>
  </code>
</codes>
<dc element="dc.date.created" value="1997-03-15"/>
<dc element="dc.publisher" value="Reuters Holdings Plc"/>
<dc element="dc.date.published" value="1997-03-15"/>
<dc element="dc.source" value="Reuters"/>
<dc element="dc.creator.location" value="NARNI, Italy"/>
<dc element="dc.creator.location.country.name" value="ITALY"/>
<dc element="dc.source" value="Reuters"/>
</metadata>
</newsitem>
