<?xml version="1.0" encoding="iso-8859-1" ?>
<newsitem itemid="444869" id="root" date="1997-03-15" xml:lang="en">
<title>USA: ALPINE SKIING-MEN'S STANDINGS AFTER WORLD CUP FINALS RACE.</title>
<headline>ALPINE SKIING-MEN'S STANDINGS AFTER WORLD CUP FINALS RACE.</headline>
<dateline>VAIL, Colorado 1997-03-13</dateline>
<text>
<p>World Cup men's standings after the giant slalom on Saturday at the World Cup Finals:</p>
<p>Final giant slalom standings</p>
<p>1. Michael Von Gruenigen (Switzerland) 660 points</p>
<p>  2. Kjetil Andre Aamodt (Norway)	  387</p>
<p>  3. Hans Knaus (Austria)		    349</p>
<p>  4. Steve Locher (Switzerland)	    305</p>
<p>  5. Josef Strobl (Austria)		  333</p>
<p>  6. Fredrik Nyberg (Sweden)		 301</p>
<p>  7. Rainer Salzgeber (Austria)	    271</p>
<p>  8. Andreas Schifferer (Austria)	  230</p>
<p>  9. Patrick Holzer (Italy)		  203</p>
<p> 10. Siegfried Voglreiter (Austria)	191</p>
<p> 11.=Josef Strobl (Austria)		  186</p>
<p> 11.=Guenther Mader (Austria)		186</p>
<p> 13. Jure Kosir (Slovenia)		   176</p>
<p> 14. Paul Accola (Switzerland)	     158</p>
<p> 15. Herman Maier (Austria)		  149</p>
<p> 16. Ian Piccard (France)		    145</p>
<p> 17. Heinz Schilchegger (Austria)	  137</p>
<p> 18.=Matteo Nana (Italy)		     122</p>
<p> 18.=Gerhard Koenigsrainer (Italy)	 122</p>
<p> 20. Thomas Grandi (Canada)		  113</p>
<p>Overall standings</p>
<p>  1. Luc Alphand (France)		  1,130</p>
<p>  2. Aamodt				    1,060</p>
<p>  3. Josef Strobl			    1,021</p>
<p>  4. Kristian Ghedina (Italy)		990</p>
<p>  5. Michael von Gruenigen (Switzerland) 822</p>
<p>  6. Schifferer				  781</p>
<p>  7. Knaus					 756</p>
<p>  8. Thomas Sykora (Austria)		 668</p>
<p>  9. Werner Franz (Austria)		  660</p>
<p> 10. Atle Skaardal (Norway)		  644</p>
<p> 11. Fritz Strobl (Austria)		  641</p>
<p> 12. Lasse Kjus (Norway)		     601</p>
<p> 13. Mader					 593</p>
<p> 14. Thomas Stangassinger (Austria)	590</p>
<p> 15. Locher					449</p>
<p> 16. Pietro Vitalini (Italy)		 419</p>
<p> 17.=Sebastien Amiez (France)		396</p>
<p> 17.=Nyberg					396</p>
<p> 19. Bruno Kernen (Switzerland)	    394</p>
<p> 20. Maier					 379</p>
</text>
<copyright>(c) Reuters Limited 1997</copyright>
<metadata>
<codes class="bip:countries:1.0">
  <code code="SWITZ">
    <editdetail attribution="Reuters BIP Coding Group" action="confirmed" date="1997-03-15"/>
  </code>
  <code code="USA">
    <editdetail attribution="Reuters BIP Coding Group" action="confirmed" date="1997-03-15"/>
  </code>
</codes>
<codes class="bip:topics:1.0">
  <code code="GCAT">
    <editdetail attribution="Reuters BIP Coding Group" action="confirmed" date="1997-03-15"/>
  </code>
  <code code="GSPO">
    <editdetail attribution="Reuters BIP Coding Group" action="confirmed" date="1997-03-15"/>
  </code>
</codes>
<dc element="dc.date.created" value="1997-03-13"/>
<dc element="dc.publisher" value="Reuters Holdings Plc"/>
<dc element="dc.date.published" value="1997-03-15"/>
<dc element="dc.source" value="Reuters"/>
<dc element="dc.creator.location" value="VAIL, Colorado"/>
<dc element="dc.creator.location.country.name" value="USA"/>
<dc element="dc.source" value="Reuters"/>
</metadata>
</newsitem>
