<?xml version="1.0" encoding="iso-8859-1" ?>
<newsitem itemid="444882" id="root" date="1997-03-15" xml:lang="en">
<title>PORTUGAL: GOLF-OLAZABAL WITHIN SIGHT OF COMEBACK VICTORY.</title>
<headline>GOLF-OLAZABAL WITHIN SIGHT OF COMEBACK VICTORY.</headline>
<dateline>AROEIRA, Portugal 1997-03-15</dateline>
<text>
<p>Jose Maria Olazabal moved to within sight of a remarkable comeback victory when he produced a brilliant third round 65 in the Portuguese Open on Saturday.</p>
<p>The former U.S. Masters champion swept into a share of second place with Paul Broadhurst on a 14-under-par total of 202, just two strokes behind little-known Swede Michael Jonzon with whom he will play in Sunday's final round.</p>
<p>Jonzon, who has yet to win a European event, shot 68 for 200, birdying the 18th to retain the advantage he held over the field at the halfway mark.</p>
<p>Broadhurst, Olazabal's team mate in the 1991 Ryder Cup team, hit 67 but Australians Wayne Riley and Peter O'Malley both struggled after poor starts.</p>
<p>Riley was joined in a share of fourth place on 205 by Mark Davis and Van Phillips, both of England.</p>
<p>Olazabal was still cautious despite his brilliant form.</p>
<p>&quot;I was testing myself in Dubai and I am still testing myself here,&quot; the Spaniard said.</p>
<p>&quot;So far things are going my way but I was lucky because I pulled four shots towards trees and each time found a good lie from where I could reach the green. I am not fully sharp yet but I admit things are going much better than I could have hoped to expect.&quot;</p>
<p>Jonzon said: &quot;It was a good day's work and I felt good. This is a new experience for me and everyone knows that Olazabal is a great competitor under pressure. I will just try to stay ahead of him.&quot;</p>
</text>
<copyright>(c) Reuters Limited 1997</copyright>
<metadata>
<codes class="bip:countries:1.0">
  <code code="PORL">
    <editdetail attribution="Reuters BIP Coding Group" action="confirmed" date="1997-03-15"/>
  </code>
</codes>
<codes class="bip:topics:1.0">
  <code code="GCAT">
    <editdetail attribution="Reuters BIP Coding Group" action="confirmed" date="1997-03-15"/>
  </code>
  <code code="GSPO">
    <editdetail attribution="Reuters BIP Coding Group" action="confirmed" date="1997-03-15"/>
  </code>
</codes>
<dc element="dc.date.created" value="1997-03-15"/>
<dc element="dc.publisher" value="Reuters Holdings Plc"/>
<dc element="dc.date.published" value="1997-03-15"/>
<dc element="dc.source" value="Reuters"/>
<dc element="dc.creator.location" value="AROEIRA, Portugal"/>
<dc element="dc.creator.location.country.name" value="PORTUGAL"/>
<dc element="dc.source" value="Reuters"/>
</metadata>
</newsitem>
