<?xml version="1.0" encoding="iso-8859-1" ?>
<newsitem itemid="444899" id="root" date="1997-03-15" xml:lang="en">
<title>GERMANY: SOCCER-HAESSLER TO STAY AT KARLSRUHE FOR NEXT THREE SEASONS.</title>
<headline>SOCCER-HAESSLER TO STAY AT KARLSRUHE FOR NEXT THREE SEASONS.</headline>
<dateline>KARLSRUHE, Germany 1997-03-15</dateline>
<text>
<p>German international Thomas Haessler ended months of speculation about his future on Saturday when he announced he would be staying at German first division side Karlsruhe for the next three seasons.</p>
<p>The diminutive midfielder, who is recovering from a broken leg, has been linked with Bayer Leverkusen and his former club Cologne in the past few months.</p>
<p>Karlsruhe's board were so concerned about the talk that they told Haessler earlier this week to make up his mind by Monday whether he was staying or going.</p>
<p>Haessler, capped 83 times for his country, hopes to sign a contract this week which will keep him at the club until the end of the 1999/2000 season.</p>
<p>&quot;This is a very important signal for the team,&quot; Karlsruhe general manager Klaus Fuchs said. &quot;We are delighted that he has decided to stay. There was speculation that the whole team would fall apart.&quot;</p>
<p>Despite their success in Europe in recent seasons Karlsruhe are not one of Germany's more glamorous clubs. They would have suffered by losing Haessler, especially as South African-born striker Sean Dundee is also wanted by several top clubs.</p>
<p>The 30-year-old Haessler, who enjoyed a successful time in Italy with Juventus and Roma before returning to Germany in 1994, recently underwent an operation on his broken left leg and is not expected to be fit for another four weeks.</p>
</text>
<copyright>(c) Reuters Limited 1997</copyright>
<metadata>
<codes class="bip:countries:1.0">
  <code code="GFR">
    <editdetail attribution="Reuters BIP Coding Group" action="confirmed" date="1997-03-15"/>
  </code>
</codes>
<codes class="bip:topics:1.0">
  <code code="GCAT">
    <editdetail attribution="Reuters BIP Coding Group" action="confirmed" date="1997-03-15"/>
  </code>
  <code code="GSPO">
    <editdetail attribution="Reuters BIP Coding Group" action="confirmed" date="1997-03-15"/>
  </code>
</codes>
<dc element="dc.date.created" value="1997-03-15"/>
<dc element="dc.publisher" value="Reuters Holdings Plc"/>
<dc element="dc.date.published" value="1997-03-15"/>
<dc element="dc.source" value="Reuters"/>
<dc element="dc.creator.location" value="KARLSRUHE, Germany"/>
<dc element="dc.creator.location.country.name" value="GERMANY"/>
<dc element="dc.source" value="Reuters"/>
</metadata>
</newsitem>
