<?xml version="1.0" encoding="iso-8859-1" ?>
<newsitem itemid="444886" id="root" date="1997-03-15" xml:lang="en">
<title>GERMANY: SOCCER-HIGH-SCORING STUTTGART HIT ANOTHER FOUR PAST DORTMUND.</title>
<headline>SOCCER-HIGH-SCORING STUTTGART HIT ANOTHER FOUR PAST DORTMUND.</headline>
<byline>Adrian Warner</byline>
<dateline>BONN 1997-03-15</dateline>
<text>
<p>VfB Stuttgart intensified the race for the German league championship when they ended a remarkable week by blasting four goals past leaders Borussia Dortmund on Saturday.</p>
<p>A 44th-minute penalty from Bulgarian Krasimir Balakov and goals from Dutchman Frank Verlaat, Brazilian striker Giovane Elber and Croat Zvonimir Soldo helped Stuttgart to a 4-1 win which set up a tight situation at the top of the Bundesliga.</p>
<p>Just two points now separate the leading four -- Dortmund, Bayern Munich, Stuttgart and Bayer Leverkusen. After scoring an astonishing total of 13 goals in three games in the last eight days, Stuttgart are firmly back in the race.</p>
<p>Reigning champions Dortmund, who went ahead in Stuttgart with an eighth-minute goal from Germany defender Stefan Reuter, stayed on top of the table but Bayern drew level on points after a 3-0 victory over Schalke in Munich's Olympic stadium.</p>
<p>Stuttgart are now just two points behind in third place, ahead of Bayer Leverkusen on goal difference. Leverkusen won 1-0 at home against promoted Arminia Bielefeld.</p>
<p>Stuttgart played the most entertaining football in the Bundesliga in the first half of the season. They seem to have hit form again in the last week with high-scoring wins over Hamburg, Cologne and Dortmund.</p>
<p>VfB put on a brilliant show in front of a full house of 53,000 in the Gottlieb-Daimler stadium.</p>
<p>After Reuter put the visitors ahead, Stuttgart refused to panic and took the game by storm in an exciting period at the end of the first half.</p>
<p>The home side equalised in the 44th minute when Dortmund's German international defender Juergen Kohler was judged to have brought down Elber in the area. Balakov struck the ball from the spot perfectly into the left-hand corner.</p>
<p>The reigning champions were clearly angered by the decision and seemed to lose control. Seconds before halftime Verlaat fired in a spectacular left-foot shot from some 20 metres out to put Stuttgart 2-1 in front.</p>
<p>Elber looked more and more dangerous as the game went on. In the 82nd minute he beat Dortmund's offside trap with a well-timed run from his own half, raced away from the defence and struck the ball with composure inside the left-hand post.</p>
<p>Dortmund were destroyed psychologically and two minutes later Soldo finished off the match with another spectacular long-range shot into the roof of the net.</p>
<p>&quot;We put them under pressure in the second half but it was not enough. It was never a penalty,&quot; said Dortmund coach Ottmar Hitzfeld, who must now lift his team before their European Cup quarter-final second leg at France's Auxerre on Wednesday.</p>
<p>After two defeats in the last week Bayern were happy just to have picked up some points at home against Schalke after goals from Thomas Helmer, Christian Nerlinger and Juergen Klinsmann in the 13th, 89th and 90th minutes.</p>
<p>Schalke have just a few days to bounce back before they travel to Spain to meet Valencia in the UEFA Cup quarter-finals on Tuesday.</p>
<p>Leverkusen, who just managed to avoid relegation last season, needed a goal four minutes from the end from Dutch striker Erik Meijer to secure their victory over Bielefeld, who finished with nine men after two late dismissals.</p>
</text>
<copyright>(c) Reuters Limited 1997</copyright>
<metadata>
<codes class="bip:countries:1.0">
  <code code="GFR">
    <editdetail attribution="Reuters BIP Coding Group" action="confirmed" date="1997-03-15"/>
  </code>
</codes>
<codes class="bip:topics:1.0">
  <code code="GCAT">
    <editdetail attribution="Reuters BIP Coding Group" action="confirmed" date="1997-03-15"/>
  </code>
  <code code="GSPO">
    <editdetail attribution="Reuters BIP Coding Group" action="confirmed" date="1997-03-15"/>
  </code>
</codes>
<dc element="dc.date.created" value="1997-03-15"/>
<dc element="dc.publisher" value="Reuters Holdings Plc"/>
<dc element="dc.date.published" value="1997-03-15"/>
<dc element="dc.source" value="Reuters"/>
<dc element="dc.creator.location" value="BONN"/>
<dc element="dc.creator.location.country.name" value="GERMANY"/>
<dc element="dc.source" value="Reuters"/>
</metadata>
</newsitem>
