<?xml version="1.0" encoding="iso-8859-1" ?>
<newsitem itemid="444866" id="root" date="1997-03-15" xml:lang="en">
<title>USA: ALPINE SKIING-NATION CUP STANDINGS.</title>
<headline>ALPINE SKIING-NATION CUP STANDINGS.</headline>
<dateline>VAIL, Colorado 1997-03-15</dateline>
<text>
<p>Nation Cup standings</p>
<p>after races at the World Cup Finals on Saturday:</p>
<p>Men's Nation Cup</p>
<p>  1. Austria				   8,430</p>
<p>  2. Italy				     3,567</p>
<p>  3. Norway				    3,385</p>
<p>  4. Switzerland			     3,296</p>
<p>  5. France				    2,627</p>
<p>  6. Slovenia				    821</p>
<p>Women's Nation Cup</p>
<p>  1. Germany				   4,196</p>
<p>  2. Austria				   3,268</p>
<p>  3. Italy				     3,154</p>
<p>  4. Switzerland			     2,457</p>
<p>  5. Sweden				    2,412</p>
<p>  6. France				    2,246</p>
</text>
<copyright>(c) Reuters Limited 1997</copyright>
<metadata>
<codes class="bip:countries:1.0">
  <code code="USA">
    <editdetail attribution="Reuters BIP Coding Group" action="confirmed" date="1997-03-15"/>
  </code>
</codes>
<codes class="bip:topics:1.0">
  <code code="GCAT">
    <editdetail attribution="Reuters BIP Coding Group" action="confirmed" date="1997-03-15"/>
  </code>
  <code code="GSPO">
    <editdetail attribution="Reuters BIP Coding Group" action="confirmed" date="1997-03-15"/>
  </code>
</codes>
<dc element="dc.date.created" value="1997-03-15"/>
<dc element="dc.publisher" value="Reuters Holdings Plc"/>
<dc element="dc.date.published" value="1997-03-15"/>
<dc element="dc.source" value="Reuters"/>
<dc element="dc.creator.location" value="VAIL, Colorado"/>
<dc element="dc.creator.location.country.name" value="USA"/>
<dc element="dc.source" value="Reuters"/>
</metadata>
</newsitem>
