<?xml version="1.0" encoding="iso-8859-1" ?>
<newsitem itemid="444889" id="root" date="1997-03-15" xml:lang="en">
<title>UK: BADMINTON-CHINA IN NEAR CLEAN SWEEP.</title>
<headline>BADMINTON-CHINA IN NEAR CLEAN SWEEP.</headline>
<byline>Dave Thompson</byline>
<dateline>BIRMINGHAM, England 1997-03-15</dateline>
<text>
<p>Tears shed on the rostrum in Atlanta were forgotten on Saturday as Dong Jiong, Olympic silver medallist, won the All England badminton men's singles final, brushing aside Chinese compatriot Sun Jun 15-9 15-5.</p>
<p>In the women's final, world champion Ye Zhaoying, also of China, layed another ghost to rest.</p>
<p>She overwhelmed compatriot Gong Zhichao 11-1 11-3 and helped erase memories of 12 months ago when she suffered a crushing 11-1 11-1 humiliation at the hands of now retired Bang Soo-hyun of South Korea.</p>
<p>China went on to take two of the other three titles on offer to record their best ever performance in the 87 years of the tournament.</p>
<p>Both men's finalists turned up for a news conference after their match but when an official, acting as an interpreter, realised a Malaysian television crew was present the Chinese left.</p>
<p>The reason given was that the players had to change out of their kit but it appeared their exit was due to political sensitivities. The players did not return.</p>
<p>Dong, probably the most explosive player on the men's circuit, had gained revenge late on Friday on Poul-Erik Hoyer-Larsen, who took the Olympic gold last summer.</p>
<p>He overcame the tall Dane in straight games, a perfect prelude for Saturday's win over Sun Jun, who claimed his final place with an excellent win over world champion Heryanto Arbi of Indonesia.</p>
<p>Truth to tell, however, the men's final was a lacklustre affair.</p>
<p>Dong was largely in control and the only time Sun, a former world junior champion, got within striking distance, he ruined his chance with errors near the net.</p>
<p>It was 23-year-old Dong's first major success and on current form the world championship in Glasgow in May looks well within his grasp.</p>
<p>The women's final produced an even duller display than the men's an hour earlier.</p>
<p>Gong, seeded two and at the age of 19 seen as the next big Chinese star, was a shadow of the player who had done so well earlier in the week.</p>
<p>She managed to save four match points at the end but it was all too little too late.</p>
<p>Later she struggled to explain the loss of form. &quot;It's hard to say,&quot; she told reporters.</p>
<p>Ye, back to her best after a poor 1996, said: &quot;This makes up for last year&quot;.</p>
<p>Twice runner-up here before winning on Saturday, she looked in good shape to retain her world crown in just over two months time.</p>
<p>It was China virtually all the way on Saturday, sounding a clear warning to the other power-houses of the sport, Indonesia, South Korea and Denmark.</p>
<p>Having monopolised both singles finals for the first time in the tournament's history, China also won the women's doubles and mixed doubles titles.</p>
<p>Top seeds Ge Fei and Gu Jun beat Eliza and Resiana Zelin of Indonesia 15-6 15-9, then Ge teamed up with Liu Yong to overcome top seeds Trikus Heryanto and Minarti Timur of Indonesia 15-10 15-2.</p>
<p>The only title not to go to the Chinese was the men's doubles. South Koreans Ha Tae-kwon and Kang Kyung-jin beat Denmark's Jon Holst-Christensen and Michael Sogaard 15-11 17-16 in by far the best match of the afternoon.</p>
</text>
<copyright>(c) Reuters Limited 1997</copyright>
<metadata>
<codes class="bip:countries:1.0">
  <code code="CHINA">
    <editdetail attribution="Reuters BIP Coding Group" action="confirmed" date="1997-03-15"/>
  </code>
  <code code="UK">
    <editdetail attribution="Reuters BIP Coding Group" action="confirmed" date="1997-03-15"/>
  </code>
</codes>
<codes class="bip:topics:1.0">
  <code code="GCAT">
    <editdetail attribution="Reuters BIP Coding Group" action="confirmed" date="1997-03-15"/>
  </code>
  <code code="GSPO">
    <editdetail attribution="Reuters BIP Coding Group" action="confirmed" date="1997-03-15"/>
  </code>
</codes>
<dc element="dc.date.created" value="1997-03-15"/>
<dc element="dc.publisher" value="Reuters Holdings Plc"/>
<dc element="dc.date.published" value="1997-03-15"/>
<dc element="dc.source" value="Reuters"/>
<dc element="dc.creator.location" value="BIRMINGHAM, England"/>
<dc element="dc.creator.location.country.name" value="UK"/>
<dc element="dc.source" value="Reuters"/>
</metadata>
</newsitem>
