<?xml version="1.0" encoding="iso-8859-1" ?>
<newsitem itemid="444874" id="root" date="1997-03-15" xml:lang="en">
<title>USA: ALPINE SKIING-WOMEN'S STANDINGS AFTER FINALS GIANT SLALOM.</title>
<headline>ALPINE SKIING-WOMEN'S STANDINGS AFTER FINALS GIANT SLALOM.</headline>
<dateline>VAIL, Colorado 1997-03-15</dateline>
<text>
<p>World Cup women's</p>
<p>standings after the giant slalom race on Saturday at the World</p>
<p>Cup Finals:</p>
<p>Final giant slalom standings</p>
<p>  1. Deborah Compagnoni (Italy)		    560 points</p>
<p>  2. Katja Seizinger (Germany)		     420</p>
<p>  3. Anita Wachter (Austria)			 378</p>
<p>  4. Karin Roten (Switzerland)		     258</p>
<p>  5.=Pernilla Wiberg (Sweden)			229</p>
<p>  5.=Sabina Panzanini (Italy)			229</p>
<p>  7. Martina Ertl (Germany)			  207</p>
<p>  8. Urska Hrovat (Slovaenia)			191</p>
<p>  9. Hilde Gerg (Germany)			    174</p>
<p> 10. Ana Galindo Santolaria (Spain)		168</p>
<p> 11.=Heidi Zurbriggen (Switzerland)		164</p>
<p> 11.=Sophie Lefranc (France)			 164</p>
<p> 13. Sonja Nef (Switzerland)			 148</p>
<p> 14. Andrine Flemmen (Norway)			139</p>
<p> 15. Leila Piccard (France)			  119</p>
<p> 16. Isolde Kostner (Italy)			  113</p>
<p> 17. Yiva Nowen (Sweden)			     103</p>
<p> 18. Speia Pretnar (Slovenia)			 96</p>
<p> 19. Stefanie Schuster (Austria)		    86</p>
<p> 20. Erika Hansson (Sweden)			   73</p>
<p>Overall standings</p>
<p>  1. Wiberg					    1,815 points</p>
<p>  2. Seizinger					 1,284</p>
<p>  3. Gerg						1,100</p>
<p>  4. Compagnoni					  827</p>
<p>  5. Kostner					     783</p>
<p>  6. Zurbriggen					  767</p>
<p>  7. Wachter					     694</p>
<p>  8. Renate Goetschl (Austria)		     647</p>
<p>  9. Warwara Zelenskaja (Russia)		   604</p>
<p> 10. Ertl						  562</p>
<p> 11. Masnada					     432</p>
<p> 12. Hrovat						428</p>
<p> 13. Montillet					   399</p>
<p> 14. Claudia Riegler (New Zealand)		 389</p>
<p> 15. Katharina Gutensohn (Germany)		 382</p>
<p> 16. Schuster					    377</p>
<p> 17. Alexandra Meissnitzer (Austria)	     358</p>
<p> 18. Roten						 347</p>
<p> 19. Patricia Chauvet (France)		     311</p>
<p> 20. Elfi Eder (Austria)			     306</p>
</text>
<copyright>(c) Reuters Limited 1997</copyright>
<metadata>
<codes class="bip:countries:1.0">
  <code code="ITALY">
    <editdetail attribution="Reuters BIP Coding Group" action="confirmed" date="1997-03-15"/>
  </code>
  <code code="USA">
    <editdetail attribution="Reuters BIP Coding Group" action="confirmed" date="1997-03-15"/>
  </code>
</codes>
<codes class="bip:topics:1.0">
  <code code="GCAT">
    <editdetail attribution="Reuters BIP Coding Group" action="confirmed" date="1997-03-15"/>
  </code>
  <code code="GSPO">
    <editdetail attribution="Reuters BIP Coding Group" action="confirmed" date="1997-03-15"/>
  </code>
</codes>
<dc element="dc.date.created" value="1997-03-15"/>
<dc element="dc.publisher" value="Reuters Holdings Plc"/>
<dc element="dc.date.published" value="1997-03-15"/>
<dc element="dc.source" value="Reuters"/>
<dc element="dc.creator.location" value="VAIL, Colorado"/>
<dc element="dc.creator.location.country.name" value="USA"/>
<dc element="dc.source" value="Reuters"/>
</metadata>
</newsitem>
