<?xml version="1.0" encoding="iso-8859-1" ?>
<newsitem itemid="444892" id="root" date="1997-03-15" xml:lang="en">
<title>USA: ALPINE SKIING-SEIZINGER FASTEST IN FIRST LEG OF GIANT SLALOM.</title>
<headline>ALPINE SKIING-SEIZINGER FASTEST IN FIRST LEG OF GIANT SLALOM.</headline>
<dateline>VAIL, Colorado 1997-03-15</dateline>
<text>
<p>Germany's Katja Seizinger, striving for another silver finish in the season standings, posted the fastest time in the first leg of the women's giant slalom at the World Cup Finals on Saturday.</p>
<p>Seizinger, who has already clinched second in the overall and in downhill and Super-G, carved her way through 48 gates on Vail Mountain in one minute, 5.81 seconds, 0.17 of a second faster than giant slalom champion Deborah Compagnoni of Italy.</p>
<p>Third fastest down the course, which has a vertical drop of 341 meters, was France's Sophie Lefranc in 1:06.44 followed by Austrian Anita Wachter in 1:06.51 and Spain's Ana Galindo Santolaria another .06 of a second back.</p>
<p>Overall champion Pernilla Wiberg of Sweden was sixth fastest with a first-leg time of 1:06.59, 0.78 of a second off the pace.</p>
<p>The 30-year-old Wachter entered the season's last giant slalom in second place behind Compagnoni with 349 points, only nine points ahead of Seizinger, winner of the first giant slalom of the season at Solden.</p>
</text>
<copyright>(c) Reuters Limited 1997</copyright>
<metadata>
<codes class="bip:countries:1.0">
  <code code="USA">
    <editdetail attribution="Reuters BIP Coding Group" action="confirmed" date="1997-03-15"/>
  </code>
</codes>
<codes class="bip:topics:1.0">
  <code code="GCAT">
    <editdetail attribution="Reuters BIP Coding Group" action="confirmed" date="1997-03-15"/>
  </code>
  <code code="GSPO">
    <editdetail attribution="Reuters BIP Coding Group" action="confirmed" date="1997-03-15"/>
  </code>
</codes>
<dc element="dc.date.created" value="1997-03-15"/>
<dc element="dc.publisher" value="Reuters Holdings Plc"/>
<dc element="dc.date.published" value="1997-03-15"/>
<dc element="dc.source" value="Reuters"/>
<dc element="dc.creator.location" value="VAIL, Colorado"/>
<dc element="dc.creator.location.country.name" value="USA"/>
<dc element="dc.source" value="Reuters"/>
</metadata>
</newsitem>
