<?xml version="1.0" encoding="iso-8859-1" ?>
<newsitem itemid="444888" id="root" date="1997-03-15" xml:lang="en">
<title>FRANCE: CYCLING-BAFFI RELISHES RARE MOMENT OF GLORY.</title>
<headline>CYCLING-BAFFI RELISHES RARE MOMENT OF GLORY.</headline>
<dateline>ANTIBES, France 1996-03-16</dateline>
<text>
<p>Italian veteran Adriano Baffi relished a rare moment of glory on Saturday when he clinched the 160-km seventh stage of the Paris-Nice race eight years after his first victory in the French cycling classic.</p>
<p>Baffi emerged from a massive sprint launched by world champion Johan Museeuw to offer his team US Postal their first win of the season so far.</p>
<p>Belgium's Museeuw came in second and unheralded Italian Gian-Matteo Fagnini third.</p>
<p>On the eve of the last stage, a 19.9-km individual time-trial from Antibes to Nice, French overall leader Laurent Jalabert spent an easy day sheltered by the pack and came in 13th.</p>
<p>Switzerland's Laurent Dufaux, who tried everything to narrow the gap with Jalabert, now trails 48 second behind the Frenchman, who is on the brink of his third title in a row.</p>
<p>World number one Jalabert, who won the opening time-trial in Paris last week, is favourite for Sunday's race against the clock on the seaside road leading to Nice.</p>
<p>On Saturday, Dufaux's Festina team mates made several attempts to win their first stage of the race.</p>
<p>Australian Neil Stephens was the first in action when he broke away in the 20th kilometre for a 120-km solitarary run before being caught by the pack.</p>
<p>Baffi, 33, proved he was still a strong sprinter by beating Museeuw on the finish line.</p>
</text>
<copyright>(c) Reuters Limited 1997</copyright>
<metadata>
<codes class="bip:countries:1.0">
  <code code="FRA">
    <editdetail attribution="Reuters BIP Coding Group" action="confirmed" date="1997-03-15"/>
  </code>
</codes>
<codes class="bip:topics:1.0">
  <code code="GCAT">
    <editdetail attribution="Reuters BIP Coding Group" action="confirmed" date="1997-03-15"/>
  </code>
  <code code="GSPO">
    <editdetail attribution="Reuters BIP Coding Group" action="confirmed" date="1997-03-15"/>
  </code>
</codes>
<dc element="dc.date.created" value="1996-03-16"/>
<dc element="dc.publisher" value="Reuters Holdings Plc"/>
<dc element="dc.date.published" value="1997-03-15"/>
<dc element="dc.source" value="Reuters"/>
<dc element="dc.creator.location" value="ANTIBES, France"/>
<dc element="dc.creator.location.country.name" value="FRANCE"/>
<dc element="dc.source" value="Reuters"/>
</metadata>
</newsitem>
