<?xml version="1.0" encoding="iso-8859-1" ?>
<newsitem itemid="444896" id="root" date="1997-03-15" xml:lang="en">
<title>USA: ALPINE SKIING-ALPHAND ON START LIST, BUT UNLIKELY TO RACE GS.</title>
<headline>ALPINE SKIING-ALPHAND ON START LIST, BUT UNLIKELY TO RACE GS.</headline>
<byline>Larry Fine</byline>
<dateline>VAIL, Colorado 1997-03-15</dateline>
<text>
<p>French speed racer Luc Alphand, who had been resigned to playing a waiting game in the chase for the World Cup overall crown, was a surprise entry on the start list for Saturday's giant slalom.</p>
<p>Alphand, who has not raced a technical event in six years, leads all-rounder Andre Kjetil Aamodt of Norway by 106 points in the overall standings with two races to go.</p>
<p>After Thursday's Super-G, the last speed event, Alphand had said &quot;the ball is in Aamodt's court now.&quot; Aamodt ranks second in the giant slalom standings behind Swiss champion Michael Von Greuenigen.</p>
<p>On Friday, when word surfaced that his coach was considering entering him in the giant slalom as a psychological ploy against Aamodt, the 31-year-old Frenchman reacted angrily.</p>
<p>&quot;I haven't made a zig-zag for six years and I don't want to be a clown,&quot; Alphand said before heading to Denver to watch an ice hockey game Friday night between the Colorado Avalanche and the Pittsburgh Penguins.</p>
<p>Alphand, of course, may not actually race but he has the option despite being outside the top 25 racers that qualified for the World Cup Finals based on points. Skiers with 400 overall points or more are eligible to enter any of the finals.</p>
</text>
<copyright>(c) Reuters Limited 1997</copyright>
<metadata>
<codes class="bip:countries:1.0">
  <code code="FRA">
    <editdetail attribution="Reuters BIP Coding Group" action="confirmed" date="1997-03-15"/>
  </code>
  <code code="USA">
    <editdetail attribution="Reuters BIP Coding Group" action="confirmed" date="1997-03-15"/>
  </code>
</codes>
<codes class="bip:topics:1.0">
  <code code="GCAT">
    <editdetail attribution="Reuters BIP Coding Group" action="confirmed" date="1997-03-15"/>
  </code>
  <code code="GSPO">
    <editdetail attribution="Reuters BIP Coding Group" action="confirmed" date="1997-03-15"/>
  </code>
</codes>
<dc element="dc.date.created" value="1997-03-15"/>
<dc element="dc.publisher" value="Reuters Holdings Plc"/>
<dc element="dc.date.published" value="1997-03-15"/>
<dc element="dc.source" value="Reuters"/>
<dc element="dc.creator.location" value="VAIL, Colorado"/>
<dc element="dc.creator.location.country.name" value="USA"/>
<dc element="dc.source" value="Reuters"/>
</metadata>
</newsitem>
