<?xml version="1.0" encoding="iso-8859-1" ?>
<newsitem itemid="444891" id="root" date="1997-03-15" xml:lang="en">
<title>FRANCE: CYCLING-PARIS-NICE SEVENTH STAGE LEADING PLACINGS.</title>
<headline>CYCLING-PARIS-NICE SEVENTH STAGE LEADING PLACINGS.</headline>
<dateline>ANTIBES, France 1997-03-15</dateline>
<text>
<p>Leading placings in the</p>
<p>160-km seventh stage of the Paris-Nice race from</p>
<p>Saint-Andre-des-Alpes on Saturday.</p>
<p>1. Adrina Baffi (Italy) US Postal  three hours 35 minutes 49</p>
<p>seconds</p>
<p>2. Johan Museeuw (Belgium) Mapei</p>
<p>3. Gian-Matteo Fagnini (Italy) Saeco</p>
<p>4. Andrei Tchmil (Ukraine) Lotto</p>
<p>5. Christophe Moreau (France) Festina</p>
<p>6. Pascal Chanteur (France) Casino</p>
<p>7. Christophe Mengin (France) Francaise des Jeux</p>
<p>8. Scott Sunderland (Australia) GAN</p>
<p>9. Fabrice Gougot (France) Casino</p>
<p>10. Francisco Benitez (Spain) Kelme</p>
<p>11. Mikel Zarrabeitia (Spain) Banesto</p>
<p>12. Carlo Bomans (Belgium) Mapei</p>
<p>13. Laurent Jalabert (France) Once</p>
<p>14. Mx Sciandri (Britain) Francaise des Jeux</p>
<p>15. Stephane Heulot (France) Francaise des Jeux</p>
<p>16. Armand de Las Cuevas (France) Banesto</p>
<p>17. Benoait Salmon (France) Lotto</p>
<p>18. Didier Rous (France) Festina</p>
<p>19. Richard Virenque (France) Festina</p>
<p>20. Pascal Lino (France) Bigmat		     all same time</p>
<p>Leading overall standings</p>
<p> 1. Jalabert				    26:18:56</p>
<p> 2. Dufaux						48 seconds behind</p>
<p> 3. Santiago Blanco (Spain) Banesto	   1:06</p>
<p> 4. Zarrabeitia				     1:34</p>
<p> 5. Chanteur					  2:01</p>
<p> 6. Rous						2:17</p>
<p> 7. Moreau					    2:24</p>
<p> 8. Museeuw					   2:25</p>
<p> 9. Heulot					    2:27</p>
<p>10. Viacheslav Ekimov (Russia) US Postal    2:29</p>
<p>11. Salmon					    2:31</p>
<p>12. Lino						2:32</p>
<p>13. De Las Cuevas				   2:38</p>
<p>14. Virenque					  2:39</p>
<p>15. Gougot					    2:48</p>
<p>16. Benitez					   same time</p>
<p>17. Ermanno Brignoli (Italy) Batik	    5:06</p>
<p>18. Sunderland					8:50</p>
<p>19. Gilles Bouvard (France) Festina	   9:32</p>
<p>20. Axel Merckx (Belgium) Polti		 9:50</p>
</text>
<copyright>(c) Reuters Limited 1997</copyright>
<metadata>
<codes class="bip:countries:1.0">
  <code code="FRA">
    <editdetail attribution="Reuters BIP Coding Group" action="confirmed" date="1997-03-15"/>
  </code>
</codes>
<codes class="bip:topics:1.0">
  <code code="GCAT">
    <editdetail attribution="Reuters BIP Coding Group" action="confirmed" date="1997-03-15"/>
  </code>
  <code code="GSPO">
    <editdetail attribution="Reuters BIP Coding Group" action="confirmed" date="1997-03-15"/>
  </code>
</codes>
<dc element="dc.date.created" value="1997-03-15"/>
<dc element="dc.publisher" value="Reuters Holdings Plc"/>
<dc element="dc.date.published" value="1997-03-15"/>
<dc element="dc.source" value="Reuters"/>
<dc element="dc.creator.location" value="ANTIBES, France"/>
<dc element="dc.creator.location.country.name" value="FRANCE"/>
<dc element="dc.source" value="Reuters"/>
</metadata>
</newsitem>
