<?xml version="1.0" encoding="iso-8859-1" ?>
<newsitem itemid="444867" id="root" date="1997-03-15" xml:lang="en">
<title>USA: GOLF-LEADING SCORES AT HONDA CLASSIC AFTER SECOND ROUND.</title>
<headline>GOLF-LEADING SCORES AT HONDA CLASSIC AFTER SECOND ROUND.</headline>
<dateline>CORAL SPRINGS, Florida 1997-03-15</dateline>
<text>
<p>Leading scores</p>
<p>from the $1.5 million Honda Classic after the second round at</p>
<p>the 7,030-yard, par-72 TPC at Heron Bay on Thursday (players</p>
<p>U.S. unless stated):</p>
<p>133 Paul Stankowski 67 66</p>
<p>134 Michael Bradley 69 65, John Huston 69 65</p>
<p>135 Lee Janzen 67 68, Greg Kraft 68 67, Doug Martin 69 66</p>
<p>136 Robert Gamez 70 66, Payne Stewart 68 68, Stuart Appleby</p>
<p>(Australia) 68 68, Colin Montgomerie (Britain) 68 68</p>
<p>137 Mike Brisky 71 66, Ian Woosnam (Britain) 70 67, Tommy</p>
<p>Armour 73 64</p>
<p>138 Guy Boros 69 69, John Maginnes 71 67, Craig Parry</p>
<p>(Australia) 74 64, Hideki Kase (Japan) 72 66, Jim Carter 72</p>
<p>66, Bruce Lietzke 69 69, Andrew Magee 70 68, P.H. Horgan 69 69</p>
<p>Add non-U.S. scores</p>
<p>140 Bernhard Langer (Germany) 70 70, Jesper Parnevik (Sweden)</p>
<p>71 69</p>
<p>141 Ernie Els (South Africa) 72 69, Vijay Singh (Fiji) 72 69,</p>
<p>Rafael Alarcon (Mexico) 69 72</p>
<p>142 Naomichi &quot;Joe&quot; Ozaki (Japan) 70 72</p>
<p>143 Wayne Grady (Australia) 73 70, David Frost (South Africa)</p>
<p>73 70</p>
<p>148 Sandy Lyle (Britain) 75 73, Gabriel Hjerstedt (Sweden) 74</p>
<p>74</p>
<p>Withdrew-Bradley Hughes (Australia) 81-WD</p>
</text>
<copyright>(c) Reuters Limited 1997</copyright>
<metadata>
<codes class="bip:countries:1.0">
  <code code="USA">
    <editdetail attribution="Reuters BIP Coding Group" action="confirmed" date="1997-03-15"/>
  </code>
</codes>
<codes class="bip:topics:1.0">
  <code code="GCAT">
    <editdetail attribution="Reuters BIP Coding Group" action="confirmed" date="1997-03-15"/>
  </code>
  <code code="GSPO">
    <editdetail attribution="Reuters BIP Coding Group" action="confirmed" date="1997-03-15"/>
  </code>
</codes>
<dc element="dc.date.created" value="1997-03-15"/>
<dc element="dc.publisher" value="Reuters Holdings Plc"/>
<dc element="dc.date.published" value="1997-03-15"/>
<dc element="dc.source" value="Reuters"/>
<dc element="dc.creator.location" value="CORAL SPRINGS, Florida"/>
<dc element="dc.creator.location.country.name" value="USA"/>
<dc element="dc.source" value="Reuters"/>
</metadata>
</newsitem>
