<?xml version="1.0" encoding="iso-8859-1" ?>
<newsitem itemid="444878" id="root" date="1997-03-15" xml:lang="en">
<title>USA: ALPINE SKIING-RESULTS OF WOMEN'S GIANT SLALOM.</title>
<headline>ALPINE SKIING-RESULTS OF WOMEN'S GIANT SLALOM.</headline>
<dateline>VAIL, Colorado 1997-03-15</dateline>
<text>
<p>Official results of</p>
<p>the women's giant slalom at the World Cup Finals on Saturday:</p>
<p>1. Deborah Compagnoni (Italy) two minutes, 11:45 seconds</p>
<p>(1:05.98/1:05.47)</p>
<p>  2. Katja Seizinger (Germany)	 2:11.83 (1:05.81/1:05.02)</p>
<p>  3. Karin Roten (Switzerland)	 2:12.07 (1:06.74/1:05.33)</p>
<p>  4. Isolde Kostner (Italy)	    2:12.51 (1:07.25/1:05.26)</p>
<p>  5. Pernilla Wiberg (Sweden)	  2:12.55 (1:06.59/1:05.96)</p>
<p>  6. Sophie Lefranc (France	    2:12.71 (1:06.44/1:06.27)</p>
<p>  7. Ana Galindo Santolaria (Spain)  2:12.98 (1:06.57/1:06.41)</p>
<p>  8. Martina Ertl (Germany)	    2:13.06 (1:07.44/1:05.62)</p>
<p>  9. Anita Wachter (Austria)	   2:13.13 (1:06.51/1:06.62)</p>
<p> 10. Hilde Gerg (Germany)		2:13.19 (1:07.22/1:05.97)</p>
<p> 11. Andrine Flemmen (Norway)	  2:13.23 (1:06.72/1:05.51)</p>
<p> 12. Speia Pretnar (Slovenia)	  2:13.29 (1:07.48/1:05.81)</p>
<p> 13. Stefanie Schuster (Austria)     2:13.33 (1:07.07/1:06.26)</p>
<p> 14. Heidi Zurbriggen (Switzerland)  2:13.62 (1:07.59/1:06.03)</p>
<p> 15. Leila Piccard (France)	    2:13.86 (1:07.64/1:06.22)</p>
<p> 16. Karen Putzer (Italy)		2:13.91 (1:08.05/1:05.86)</p>
<p> 17. Sonja Nef (Switzerland)	   2:14.29 (1:07.74/1:06.55)</p>
<p> 18. Renate Goetschl (Austria)	 2:14.80 (1:08.41/1:06.39)</p>
<p> 19. Yiva Nowen (Sweden)		 2:15.09 (1:08.73/1:06.36)</p>
<p> 20. Florence Masnada (France)	 2:15.52 (1:08.56/1:05.96)</p>
<p> 21. Erika Hansson (Sweden)	    2:16.14 (1:09.16/1:06.98)</p>
<p>Did not finish first run:</p>
<p>Birgit Heeb (Liechtenstein)</p>
<p>Did not finish second run</p>
<p>Alexandra Meissnitzer (Austria)</p>
</text>
<copyright>(c) Reuters Limited 1997</copyright>
<metadata>
<codes class="bip:countries:1.0">
  <code code="ITALY">
    <editdetail attribution="Reuters BIP Coding Group" action="confirmed" date="1997-03-15"/>
  </code>
  <code code="USA">
    <editdetail attribution="Reuters BIP Coding Group" action="confirmed" date="1997-03-15"/>
  </code>
</codes>
<codes class="bip:topics:1.0">
  <code code="GCAT">
    <editdetail attribution="Reuters BIP Coding Group" action="confirmed" date="1997-03-15"/>
  </code>
  <code code="GSPO">
    <editdetail attribution="Reuters BIP Coding Group" action="confirmed" date="1997-03-15"/>
  </code>
</codes>
<dc element="dc.date.created" value="1997-03-15"/>
<dc element="dc.publisher" value="Reuters Holdings Plc"/>
<dc element="dc.date.published" value="1997-03-15"/>
<dc element="dc.source" value="Reuters"/>
<dc element="dc.creator.location" value="VAIL, Colorado"/>
<dc element="dc.creator.location.country.name" value="USA"/>
<dc element="dc.source" value="Reuters"/>
</metadata>
</newsitem>
