<?xml version="1.0" encoding="iso-8859-1" ?>
<newsitem itemid="444897" id="root" date="1997-03-15" xml:lang="en">
<title>UK: BADMINTON-DONG PUTS OLYMPIC TEARS BEHIND HIM.</title>
<headline>BADMINTON-DONG PUTS OLYMPIC TEARS BEHIND HIM.</headline>
<byline>Dave Thompson</byline>
<dateline>BIRMINGHAM, England 1997-03-15</dateline>
<text>
<p>Tears shed in Atlanta were forgotten on Saturday as Dong Jiong, Olympic silver medallist, won the All England badminton men's singles final, brushing aside Chinese compatriot Sun Jun 15-9 15-5.</p>
<p>Dong, probably the most dynamic player on the men's circuit, had gained revenge late on Friday on Poul-Erik Hoyer-Larsen, who took Olympic gold last summer.</p>
<p>He overcame the tall Dane in straight games, a perfect prelude for Saturday's win over Sun Jun, who had claimed his place in the final with an excellent win over world champion Heryanto Arbi of Indonesia.</p>
<p>Truth to tell, however, the final was a lacklustre affair.</p>
<p>Dong was largely in control and the only time Sun, a former world junior champion, got within striking distance, he ruined his chance with errors at the net.</p>
<p>It was 23-year-old Dong's first major success and on current form the world championship in Glasgow in May looks well within his grasp.</p>
<p>Saturday looked like being a memorable day for the Chinese. Top seeds Ge Fei and Gu Jun retained their women's doubles title with a 15-6 15-9 victory over second seeded Eliza and Resiana Zelin of Indonesia.</p>
<p>Later, in the women's singles final, world champion Ye Zhaoying was due to meet Chinese compatriot Gong Zhichao and the mixed doubles could also fall the Chinese way, courtesy of Ge and Liu Yong, the joint fifth seeds.</p>
</text>
<copyright>(c) Reuters Limited 1997</copyright>
<metadata>
<codes class="bip:countries:1.0">
  <code code="CHINA">
    <editdetail attribution="Reuters BIP Coding Group" action="confirmed" date="1997-03-15"/>
  </code>
  <code code="UK">
    <editdetail attribution="Reuters BIP Coding Group" action="confirmed" date="1997-03-15"/>
  </code>
</codes>
<codes class="bip:topics:1.0">
  <code code="GCAT">
    <editdetail attribution="Reuters BIP Coding Group" action="confirmed" date="1997-03-15"/>
  </code>
  <code code="GSPO">
    <editdetail attribution="Reuters BIP Coding Group" action="confirmed" date="1997-03-15"/>
  </code>
</codes>
<dc element="dc.date.created" value="1997-03-15"/>
<dc element="dc.publisher" value="Reuters Holdings Plc"/>
<dc element="dc.date.published" value="1997-03-15"/>
<dc element="dc.source" value="Reuters"/>
<dc element="dc.creator.location" value="BIRMINGHAM, England"/>
<dc element="dc.creator.location.country.name" value="UK"/>
<dc element="dc.source" value="Reuters"/>
</metadata>
</newsitem>
