<?xml version="1.0" encoding="iso-8859-1" ?>
<newsitem itemid="444879" id="root" date="1997-03-15" xml:lang="en">
<title>USA: ALPINE SKIING-COMPAGNONI WINS GIANT SLALOM, SEIZINGER SECOND.</title>
<headline>ALPINE SKIING-COMPAGNONI WINS GIANT SLALOM, SEIZINGER SECOND.</headline>
<byline>Larry Fine</byline>
<dateline>VAIL, Colorado 1997-03-15</dateline>
<text>
<p>Italy's Deborah Compagnoni underlined her giant slalom dominance by winning the World Cup Finals race on Saturday to end her season with four victories in a row.</p>
<p>Compagnoni, second to Katja Seizinger of Germany after the first run, was brilliant on the top of the second run as she powered her way through the 48-gate course for a combined time of two minutes, 11.45 seconds.</p>
<p>Seizinger took second place in 2:11.83, a result that lifted her past Austrian Anita Wachter into second place in the season giant slalom standings behind Compagnoni.</p>
<p>Wachter, who held a nine-point edge over Seizinger in the standings entering the race, finished ninth in 2:13.13.</p>
<p>Third place went to Swiss Karin Roten in 2:12.07, 0.44 of a second ahead of Italian speed specialist Isolde Kostner. It was the first visit to the World Cup podium this season for Roten, who took giant slalom silver at the world championships.</p>
<p>Overall champion Pernilla Wiberg of Sweden finished fifth ahead of France's Sophie Lefranc.</p>
<p>&quot;I really wanted to win the last race of the season,&quot; said Compagnoni, who also triumphed with two gold medals at the world championships at Sestriere.</p>
<p>Noting Kostner's surprisingly strong result, Compagnoni added:.&quot;It was a big day for Italy.&quot;</p>
<p>The result provided another layer of silver to Seizinger's season. Seizinger, last season's overall champion, had already captured second place in the overall and in the downhill and Super-G disciplines.</p>
</text>
<copyright>(c) Reuters Limited 1997</copyright>
<metadata>
<codes class="bip:countries:1.0">
  <code code="USA">
    <editdetail attribution="Reuters BIP Coding Group" action="confirmed" date="1997-03-15"/>
  </code>
</codes>
<codes class="bip:topics:1.0">
  <code code="GCAT">
    <editdetail attribution="Reuters BIP Coding Group" action="confirmed" date="1997-03-15"/>
  </code>
  <code code="GSPO">
    <editdetail attribution="Reuters BIP Coding Group" action="confirmed" date="1997-03-15"/>
  </code>
</codes>
<dc element="dc.date.created" value="1997-03-15"/>
<dc element="dc.publisher" value="Reuters Holdings Plc"/>
<dc element="dc.date.published" value="1997-03-15"/>
<dc element="dc.source" value="Reuters"/>
<dc element="dc.creator.location" value="VAIL, Colorado"/>
<dc element="dc.creator.location.country.name" value="USA"/>
<dc element="dc.source" value="Reuters"/>
</metadata>
</newsitem>
