<?xml version="1.0" encoding="iso-8859-1" ?>
<newsitem itemid="444955" id="root" date="1997-03-15" xml:lang="en">
<title>NEW ZEALAND: RUGBY UNION-AUCKLAND MAINTAIN RECORD AGAINST WAIKATO.</title>
<headline>RUGBY UNION-AUCKLAND MAINTAIN RECORD AGAINST WAIKATO.</headline>
<dateline>AUCKLAND 1997-03-15</dateline>
<text>
<p>Auckland maintained their unbeaten run in the rugby Super 12 competition when they beat Waikato 26-16 under lights at the new Albany stadium on Saturday.</p>
<p>Auckland led 11-6 at halftime with the help of a controversial penalty try, awarded in the last 10 minutes of the half, after Waikato had weathered five five-metre scrums.</p>
<p>Second-half tries to Zinzan Brooke from a five-metre scrum, converted by Carlos Spencer, and winger Joeli Vidiri sealed the fate of the match.</p>
<p>Waikato were unlucky on several occasions when they got within metres of the Auckland line but were stopped by some solid defence.</p>
<p>The Blues were lucky not to concede a penalty try when halfback Ofisa Tonu'u joined a ruck from an illegal position, preventing what certainly would have been a Waikato try.</p>
<p>Auckland now have two wins and a draw from three games while this was Waikato's first loss in three matches.</p>
</text>
<copyright>(c) Reuters Limited 1997</copyright>
<metadata>
<codes class="bip:countries:1.0">
  <code code="NZ">
    <editdetail attribution="Reuters BIP Coding Group" action="confirmed" date="1997-03-15"/>
  </code>
</codes>
<codes class="bip:topics:1.0">
  <code code="GCAT">
    <editdetail attribution="Reuters BIP Coding Group" action="confirmed" date="1997-03-15"/>
  </code>
  <code code="GSPO">
    <editdetail attribution="Reuters BIP Coding Group" action="confirmed" date="1997-03-15"/>
  </code>
</codes>
<dc element="dc.date.created" value="1997-03-15"/>
<dc element="dc.publisher" value="Reuters Holdings Plc"/>
<dc element="dc.date.published" value="1997-03-15"/>
<dc element="dc.source" value="Reuters"/>
<dc element="dc.creator.location" value="AUCKLAND"/>
<dc element="dc.creator.location.country.name" value="NEW ZEALAND"/>
<dc element="dc.source" value="Reuters"/>
</metadata>
</newsitem>
