<?xml version="1.0" encoding="iso-8859-1" ?>
<newsitem itemid="444930" id="root" date="1997-03-15" xml:lang="en">
<title>SOUTH AFRICA: CRICKET-SPECTACULAR AUSTRALIAN COLLAPASE PUTS SAFRICA IN CHARGE.</title>
<headline>CRICKET-SPECTACULAR AUSTRALIAN COLLAPASE PUTS SAFRICA IN CHARGE.</headline>
<dateline>PORT ELIZABETH, South Africa 1997-03-15</dateline>
<text>
<p>Australia collapsed spectacularly, losing five wickets for 22 runs and took tea on 103 for eight wickets on the second day of the second test in Port Elizabeth on Saturday.</p>
<p>The disaster began when Steve Waugh sent Matthew Elliott back after initially responding to a call for a sharp single. Hansie Cronje quickly recovered from a slight fumble and Elliott was run out for a marathon 23 from 120 deliveries.</p>
<p>Waugh (8) then edged all rounder Brian McMillan to 'keeper Dave Richardson who took a spectacular one handed diving catch in front of slip.</p>
<p>Panic seemed to set in as Michael Bevan glanced McMillan down the leg side only to see Richardson's gloves once again waiting to accept the offering. Bevan posted the sixth duck of the match so far.</p>
<p>Ian Healy (5) then made a rotten mess of a hook shot to lob a simple catch to square leg and Greg Blewett (13), having followed the shotless example set by Elliott, finally lost his off stump to a snorting off cutter from Allan Donald after batting fo 81 minutes.</p>
<p>Resuming at 10 for one in the morning, Australia lost captain Mark Taylor in the third over of the morning to a thin edge off Shaun Pollock which Richardson caught diving to his left.</p>
<p>Taylor, who added just one run to his overnight seven, extended his miserable run of form to 17 consecutive test innings without a half century.</p>
<p>But the wicket was a bitter-sweet success for South Africa as Pollock limped off the field with a strained left hamstring after bowling just two overs and will not be able to bowl again in the test.</p>
<p>Mark Waugh briefly flattered to deceive in a 36 ball innings of 20 that included three typically elegant boundaries. But he became the third wicket to fall when a Hansie Cronje inswinger trapped him lbw with the total on 48.</p>
<p>Shane Warne offered belated resistance with an unbeaten 15 at tea but with only Jason Gillespie (nought not out) and Glenn McGrath left, the current deficit of 106 looks unlikely to be dented by much.</p>
<p>South Africa were bowled out for 209 in their first innings.</p>
</text>
<copyright>(c) Reuters Limited 1997</copyright>
<metadata>
<codes class="bip:countries:1.0">
  <code code="AUSTR">
    <editdetail attribution="Reuters BIP Coding Group" action="confirmed" date="1997-03-15"/>
  </code>
  <code code="SAFR">
    <editdetail attribution="Reuters BIP Coding Group" action="confirmed" date="1997-03-15"/>
  </code>
</codes>
<codes class="bip:topics:1.0">
  <code code="GCAT">
    <editdetail attribution="Reuters BIP Coding Group" action="confirmed" date="1997-03-15"/>
  </code>
  <code code="GSPO">
    <editdetail attribution="Reuters BIP Coding Group" action="confirmed" date="1997-03-15"/>
  </code>
</codes>
<dc element="dc.date.created" value="1997-03-15"/>
<dc element="dc.publisher" value="Reuters Holdings Plc"/>
<dc element="dc.date.published" value="1997-03-15"/>
<dc element="dc.source" value="Reuters"/>
<dc element="dc.creator.location" value="PORT ELIZABETH, South Africa"/>
<dc element="dc.creator.location.country.name" value="SOUTH AFRICA"/>
<dc element="dc.source" value="Reuters"/>
</metadata>
</newsitem>
