<?xml version="1.0" encoding="iso-8859-1" ?>
<newsitem itemid="444914" id="root" date="1997-03-15" xml:lang="en">
<title>UK: SOCCER-SCOTTISH LEAGUE STANDINGS.</title>
<headline>SOCCER-SCOTTISH LEAGUE STANDINGS.</headline>
<dateline>GLASGOW 1997-03-15</dateline>
<text>
<p>Scottish league soccer</p>
<p>standings after Saturday's matches:</p>
<p>				   Pl  W  D  L  F A   Pts</p>
<p>Premier division</p>
<p>  1.Rangers		    29 21  5  3 71 26   68</p>
<p>  2.Celtic		     29 20  3  6 66 27   63</p>
<p>  3.Dundee United	    30 15  8  7 42 25   53</p>
<p>  4.Hearts		     30 12  8 10 41 39   44</p>
<p>  5.Aberdeen		   30  9 11 10 41 47   38</p>
<p>  6.Dunfermline		30 11  5 14 43 54   38</p>
<p>  7.Kilmarnock		 30  9  3 18 35 55   30</p>
<p>  8.Motherwell		 30  7  8 15 34 51   29</p>
<p>  9.Hibernian		  30  7  8 15 29 48   29</p>
<p> 10.Raith			30  6  5 19 26 56   23</p>
<p>Division one</p>
<p>  1.St Johnstone	     29 18  7  4 59 19   61</p>
<p>  2.Airdrieonians	    29 12 13  4 46 28   49</p>
<p>  3.Dundee		     29 13 10  6 39 25   49</p>
<p>  4.St Mirren		  29 14  7  8 43 35   49</p>
<p>  5.Partick		    29 10 11  8 44 35   41</p>
<p>  6.Falkirk		    29 11  8 10 28 29   41</p>
<p>  7.Greenock Morton	  29  9  7 13 32 34   34</p>
<p>  8.Stirling		   29  8  8 13 40 51   32</p>
<p>  9.Clydebank		  29  7  6 16 27 43   27</p>
<p> 10.East Fife		  29  1  7 21 20 79   10</p>
<p>Division two</p>
<p>  1.Ayr			  29 20  5  4 51 27   65</p>
<p>  2.Hamilton		   28 17  5  6 60 24   56</p>
<p>  3.Livingston		 28 14  9  5 46 31   51</p>
<p>  4.Clyde			29 12  8  9 37 33   44</p>
<p>  5.Stenhousemuir	    29 11  7 11 43 32   40</p>
<p>  6.Brechin		    29  8 10 11 33 41   34</p>
<p>  7.Queen of the South     29  9  7 13 44 53   34</p>
<p>  8.Stranraer		  29  7  7 15 23 42   28</p>
<p>  9.Dumbarton		  29  6  7 16 36 57   25</p>
<p> 10.Berwick		    29  3  9 17 29 62   18</p>
<p>Division three</p>
<p>  1.Inverness		  29 20  6  3 59 27   66</p>
<p>  2.Ross County		29 15  5  9 47 36   50</p>
<p>  3.Forfar		     29 13  9  7 58 42   48</p>
<p>  4.Albion		     29 12  8  9 41 35   44</p>
<p>  5.Alloa			29 12  6 11 40 42   42</p>
<p>  6.Montrose		   29 12  4 13 41 49   40</p>
<p>  7.Cowdenbeath		29  8  6 15 30 43   30</p>
<p>  8.Queen's Park	     29  7  8 14 39 45   29</p>
<p>  9.Arbroath		   29  5 11 13 26 41   26</p>
<p> 10.East Stirling	    29  6  7 16 29 50   25</p>
</text>
<copyright>(c) Reuters Limited 1997</copyright>
<metadata>
<codes class="bip:countries:1.0">
  <code code="UK">
    <editdetail attribution="Reuters BIP Coding Group" action="confirmed" date="1997-03-15"/>
  </code>
</codes>
<codes class="bip:topics:1.0">
  <code code="GCAT">
    <editdetail attribution="Reuters BIP Coding Group" action="confirmed" date="1997-03-15"/>
  </code>
  <code code="GSPO">
    <editdetail attribution="Reuters BIP Coding Group" action="confirmed" date="1997-03-15"/>
  </code>
</codes>
<dc element="dc.date.created" value="1997-03-15"/>
<dc element="dc.publisher" value="Reuters Holdings Plc"/>
<dc element="dc.date.published" value="1997-03-15"/>
<dc element="dc.source" value="Reuters"/>
<dc element="dc.creator.location" value="GLASGOW"/>
<dc element="dc.creator.location.country.name" value="UK"/>
<dc element="dc.source" value="Reuters"/>
</metadata>
</newsitem>
