<?xml version="1.0" encoding="iso-8859-1" ?>
<newsitem itemid="444936" id="root" date="1997-03-15" xml:lang="en">
<title>POLAND: SOCCER-POLISH FIRST DIVISION RESULTS.</title>
<headline>SOCCER-POLISH FIRST DIVISION RESULTS.</headline>
<dateline>WARSAW 1997-03-15</dateline>
<text>
<p>Results of Polish first</p>
<p>division soccer matches on Saturday:</p>
<p> Rakow Czestochowa   0   Gornik Zabrze     0</p>
<p> Amica Wronki	  2   LKS Lodz	    2</p>
<p> Wisla Krakow	  1   Ruch Chorzow	1</p>
<p> Legia Warszawa	2   Zaglebie Lubin    1</p>
<p> GKS Katowice	  2   Stomil Olsztyn    1</p>
<p> Widzew Lodz	   1   GKS Belchatow     0</p>
</text>
<copyright>(c) Reuters Limited 1997</copyright>
<metadata>
<codes class="bip:countries:1.0">
  <code code="POL">
    <editdetail attribution="Reuters BIP Coding Group" action="confirmed" date="1997-03-15"/>
  </code>
</codes>
<codes class="bip:topics:1.0">
  <code code="GCAT">
    <editdetail attribution="Reuters BIP Coding Group" action="confirmed" date="1997-03-15"/>
  </code>
  <code code="GSPO">
    <editdetail attribution="Reuters BIP Coding Group" action="confirmed" date="1997-03-15"/>
  </code>
</codes>
<dc element="dc.date.created" value="1997-03-15"/>
<dc element="dc.publisher" value="Reuters Holdings Plc"/>
<dc element="dc.date.published" value="1997-03-15"/>
<dc element="dc.source" value="Reuters"/>
<dc element="dc.creator.location" value="WARSAW"/>
<dc element="dc.creator.location.country.name" value="POLAND"/>
<dc element="dc.source" value="Reuters"/>
</metadata>
</newsitem>
