<?xml version="1.0" encoding="iso-8859-1" ?>
<newsitem itemid="444975" id="root" date="1997-03-15" xml:lang="en">
<title>AUSTRIA: SOCCER-AUSTRIAN LEAGUE CHAMPIONSHIP RESULTS.</title>
<headline>SOCCER-AUSTRIAN LEAGUE CHAMPIONSHIP RESULTS.</headline>
<dateline>VIENNA 1997-03-15</dateline>
<text>
<p>Results of Austrian league</p>
<p>matches on Saturday:</p>
<p> Rapid Vienna	0     Linzer ASK	   0</p>
<p> Ried		  0     SV Salzburg	  0</p>
<p> FC Linz	     0     FC Tirol Innsbruck 1</p>
<p> SCN Admira/Wacker 3     Austria Vienna     2</p>
<p> Sturm Graz	  0     Casino Graz	  0</p>
<p> Standings		    P   W   D   L   F   A  Pts</p>
<p> 1. Rapid Vienna	    22  12   8   2  45  18   44</p>
<p> 2. SV Salzburg	     22  12   8   2  30   9   44</p>
<p> 3. FC Tirol Innsbruck    22  10   6   6  33  24   36</p>
<p> 4. Linzer ASK		22   7  10   5  23  21   31</p>
<p> 5. Sturm Graz		22   6   9   7  25  22   27</p>
<p> 6. Austria Vienna	  22   8   3  11  25  38   27</p>
<p> 7. Casino Graz	     22   5   9   8  22  29   24</p>
<p> 8. FC Linz		   22   5   6  11  14  25   21</p>
<p> 9. SCN Admira/Wacker     22   5   6  11  22  37   21</p>
<p> 10.Ried			22   6   3  13  25  41   21</p>
</text>
<copyright>(c) Reuters Limited 1997</copyright>
<metadata>
<codes class="bip:countries:1.0">
  <code code="AUST">
    <editdetail attribution="Reuters BIP Coding Group" action="confirmed" date="1997-03-15"/>
  </code>
</codes>
<codes class="bip:topics:1.0">
  <code code="GCAT">
    <editdetail attribution="Reuters BIP Coding Group" action="confirmed" date="1997-03-15"/>
  </code>
  <code code="GSPO">
    <editdetail attribution="Reuters BIP Coding Group" action="confirmed" date="1997-03-15"/>
  </code>
</codes>
<dc element="dc.date.created" value="1997-03-15"/>
<dc element="dc.publisher" value="Reuters Holdings Plc"/>
<dc element="dc.date.published" value="1997-03-15"/>
<dc element="dc.source" value="Reuters"/>
<dc element="dc.creator.location" value="VIENNA"/>
<dc element="dc.creator.location.country.name" value="AUSTRIA"/>
<dc element="dc.source" value="Reuters"/>
</metadata>
</newsitem>
