<?xml version="1.0" encoding="iso-8859-1" ?>
<newsitem itemid="444912" id="root" date="1997-03-15" xml:lang="en">
<title>UK: SOCCER-LEAGUE OF WALES RESULTS/STANDINGS.</title>
<headline>SOCCER-LEAGUE OF WALES RESULTS/STANDINGS.</headline>
<dateline>CARDIFF 1997-03-15</dateline>
<text>
<p>Results of League of Wales</p>
<p>soccer matches on Saturday:</p>
<p> Briton Ferry	0	 Rhyl		    3    </p>
<p> Caernarfon Town   2	 Aberystwyth	   2  </p>
<p> Caersws	     2	 Holywell		1  </p>
<p> Cemaes Bay	  0	 Newtown		 1  </p>
<p> Connah's Quay     3	 Welshpool	     0  </p>
<p> Conwy		 2	 Ton Pentre	    0  </p>
<p> Ebbw Vale	   3	 Cwmbran		 0</p>
<p> Llansantffraid    1	 Bangor City	   0   </p>
<p> Porthmadog	  0	 Carmarthen Town     0</p>
<p>    Standings		 P  W   D  L  F   A   PTS     </p>
<p>  1. Barry Town	     28 23  5  0  93  20  74</p>
<p>  2. Caernarfon Town	30 19  6  5  64  47  63</p>
<p>  3. Conwy		    33 18  8  7  58  29  62</p>
<p>  4. Inter Cable-Tel	29 18  5  6  59  23  59</p>
<p>  5. Ebbw Vale		30 18  5  7  66  31  59</p>
<p>  6. Newtown		  30 18  4  8  57  31  58</p>
<p>  7. Cwmbran		  30 16  5  9  51  44  53</p>
<p>  8. Llansantffraid	 29 14  9  6  53  41  51</p>
<p>  9. Porthmadog	     31 14  7 10  48  41  49</p>
<p> 10. Connah's Quay	  33 14  7 12  52  52  49</p>
<p> 11. Bangor City	    31 14  5 12  53  39  47</p>
<p> 12. Carmarthen Town	34  9  7 18  36  71  34</p>
<p> 13. Cemaes Bay	     31  8  9 14  46  58  33</p>
<p> 14. Ton Pentre	     30 10  1 19  42  58  31</p>
<p> 15. Flint Town	     28  8  5 15  36  52  29</p>
<p> 16. Welshpool		29  7  6 16  36  61  27</p>
<p> 17. Rhyl		     30  7  5 18  36  54  26</p>
<p> 18. Caersws		  29  7  5 17  36  65  26</p>
<p> 19. Aberystwyth	    29  6  6 17  44  64  24</p>
<p> 20. Holywell		 28  4  7 17  32  59  19</p>
<p> 21. Briton Ferry	   30  5  1 24  30  88  16</p>
</text>
<copyright>(c) Reuters Limited 1997</copyright>
<metadata>
<codes class="bip:countries:1.0">
  <code code="UK">
    <editdetail attribution="Reuters BIP Coding Group" action="confirmed" date="1997-03-15"/>
  </code>
</codes>
<codes class="bip:topics:1.0">
  <code code="GCAT">
    <editdetail attribution="Reuters BIP Coding Group" action="confirmed" date="1997-03-15"/>
  </code>
  <code code="GSPO">
    <editdetail attribution="Reuters BIP Coding Group" action="confirmed" date="1997-03-15"/>
  </code>
</codes>
<dc element="dc.date.created" value="1997-03-15"/>
<dc element="dc.publisher" value="Reuters Holdings Plc"/>
<dc element="dc.date.published" value="1997-03-15"/>
<dc element="dc.source" value="Reuters"/>
<dc element="dc.creator.location" value="CARDIFF"/>
<dc element="dc.creator.location.country.name" value="UK"/>
<dc element="dc.source" value="Reuters"/>
</metadata>
</newsitem>
