<?xml version="1.0" encoding="iso-8859-1" ?>
<newsitem itemid="444980" id="root" date="1997-03-15" xml:lang="en">
<title>SPAIN: SOCCER-SUMMARIES IN THE SPANISH LEAGUE CHAMPIONSHIP.</title>
<headline>SOCCER-SUMMARIES IN THE SPANISH LEAGUE CHAMPIONSHIP.</headline>
<dateline>MADRID 1997-03-15</dateline>
<text>
<p>Summaries in the Spanish league</p>
<p>championship on Saturday:</p>
<p>Atletico Madrid  1 - Caminero 51</p>
<p> Valencia	   4 - Ortega 8, Eskurza 26, Jose</p>
<p>			    Ignacio 35, Leandro  90</p>
<p>    HT: 0-3	     Att: 40,000</p>
</text>
<copyright>(c) Reuters Limited 1997</copyright>
<metadata>
<codes class="bip:countries:1.0">
  <code code="SPAIN">
    <editdetail attribution="Reuters BIP Coding Group" action="confirmed" date="1997-03-15"/>
  </code>
</codes>
<codes class="bip:topics:1.0">
  <code code="GCAT">
    <editdetail attribution="Reuters BIP Coding Group" action="confirmed" date="1997-03-15"/>
  </code>
  <code code="GSPO">
    <editdetail attribution="Reuters BIP Coding Group" action="confirmed" date="1997-03-15"/>
  </code>
</codes>
<dc element="dc.date.created" value="1997-03-15"/>
<dc element="dc.publisher" value="Reuters Holdings Plc"/>
<dc element="dc.date.published" value="1997-03-15"/>
<dc element="dc.source" value="Reuters"/>
<dc element="dc.creator.location" value="MADRID"/>
<dc element="dc.creator.location.country.name" value="SPAIN"/>
<dc element="dc.source" value="Reuters"/>
</metadata>
</newsitem>
