<?xml version="1.0" encoding="iso-8859-1" ?>
<newsitem itemid="444985" id="root" date="1997-03-15" xml:lang="en">
<title>GERMANY: SOCCER-LEADING SCORERS IN GERMAN FIRST DIVISION.</title>
<headline>SOCCER-LEADING SCORERS IN GERMAN FIRST DIVISION.</headline>
<dateline>BONN 1997-03-15</dateline>
<text>
<p>Leading goalscorers in the German</p>
<p>first division after Saturday's games:</p>
<p>16 - Bernhard Winkler (1860 Munich), Fredi Bobic (VfB</p>
<p>Stuttgart)</p>
<p>14 - Sean Dundee (Karlsruhe), Giovane Elber (VfB Stuttgart)</p>
<p>12 - Andreas Herzog (Werder Bremen), Paulo Sergio (Bayer</p>
<p>Leverkusen), Jonathan Akpoborie (Hansa Rostock)</p>
<p>11 - Ulf Kirsten (Bayer Leverkusen), Martin Max (Schalke)</p>
<p>10 - Toni Polster (Cologne), Juergen Klinsmann (Bayern Munich)</p>
</text>
<copyright>(c) Reuters Limited 1997</copyright>
<metadata>
<codes class="bip:countries:1.0">
  <code code="GFR">
    <editdetail attribution="Reuters BIP Coding Group" action="confirmed" date="1997-03-15"/>
  </code>
</codes>
<codes class="bip:topics:1.0">
  <code code="GCAT">
    <editdetail attribution="Reuters BIP Coding Group" action="confirmed" date="1997-03-15"/>
  </code>
  <code code="GSPO">
    <editdetail attribution="Reuters BIP Coding Group" action="confirmed" date="1997-03-15"/>
  </code>
</codes>
<dc element="dc.date.created" value="1997-03-15"/>
<dc element="dc.publisher" value="Reuters Holdings Plc"/>
<dc element="dc.date.published" value="1997-03-15"/>
<dc element="dc.source" value="Reuters"/>
<dc element="dc.creator.location" value="BONN"/>
<dc element="dc.creator.location.country.name" value="GERMANY"/>
<dc element="dc.source" value="Reuters"/>
</metadata>
</newsitem>
