<?xml version="1.0" encoding="iso-8859-1" ?>
<newsitem itemid="444971" id="root" date="1997-03-15" xml:lang="en">
<title>PORTUGAL: SOCCER-PORTUGUESE FIRST DIVISION SUMMARY.</title>
<headline>SOCCER-PORTUGUESE FIRST DIVISION SUMMARY.</headline>
<dateline>LISBON 1997-03-15</dateline>
<text>
<p>Summary of Saturday's Portuguese first division match:</p>
<p> Porto    1 - Jose Barroso 70</p>
<p> Sporting 2 - Roberto Beto 29, Pedro Barbosa 53</p>
<p>HT: 1-0 Att: 35,000</p>
</text>
<copyright>(c) Reuters Limited 1997</copyright>
<metadata>
<codes class="bip:countries:1.0">
  <code code="PORL">
    <editdetail attribution="Reuters BIP Coding Group" action="confirmed" date="1997-03-15"/>
  </code>
</codes>
<codes class="bip:topics:1.0">
  <code code="GCAT">
    <editdetail attribution="Reuters BIP Coding Group" action="confirmed" date="1997-03-15"/>
  </code>
  <code code="GSPO">
    <editdetail attribution="Reuters BIP Coding Group" action="confirmed" date="1997-03-15"/>
  </code>
</codes>
<dc element="dc.date.created" value="1997-03-15"/>
<dc element="dc.publisher" value="Reuters Holdings Plc"/>
<dc element="dc.date.published" value="1997-03-15"/>
<dc element="dc.source" value="Reuters"/>
<dc element="dc.creator.location" value="LISBON"/>
<dc element="dc.creator.location.country.name" value="PORTUGAL"/>
<dc element="dc.source" value="Reuters"/>
</metadata>
</newsitem>
