<?xml version="1.0" encoding="iso-8859-1" ?>
<newsitem itemid="444973" id="root" date="1997-03-15" xml:lang="en">
<title>NETHERLANDS: SOCCER-FEYENOORD WIN 5-0, PSV MATCH MAKES HISTORY.</title>
<headline>SOCCER-FEYENOORD WIN 5-0, PSV MATCH MAKES HISTORY.</headline>
<dateline>AMSTERDAM 1997-03-15</dateline>
<text>
<p>A Gaston Taument hat-trick helped Feyenoord to a 5-0 victory over lowly RKC Waalwijk on Saturday in the Dutch league, their biggest home win of the season.</p>
<p>But the Rotterdammers stayed second behind PSV Eindhoven who beat Fortuna Sittard 1-0 through a Wim Jonk penalty in a match which made Dutch soccer history.</p>
<p>It was the first in which a player was shown the red card before he had set foot on the pitch.</p>
<p>Fortuna midfielder Mark van Bommel was dismissed while he was warming up on the touchline for insulting a linesman in response to the penalty decision.</p>
<p>PSV's victory means they lead the Dutch first division with 58 points from 25 matches with Feyenoord trailing by three points.</p>
<p>The Eindhoven side, missing several key players due to injury and suspension, worked hard but failed to create clear chances until Jonk put them ahead from the spot in the 55th minute.</p>
<p>In contrast, Feyenoord were unstoppable. Taument opened the scoring after eight minutes, scored his side's third in the 63rd and completed his hat-trick with the last goal in the 77th.</p>
<p>Defender Henk Fraser and Argentine Tati Montoya, who came to Feyenoord during the winter break, scored the other two goals.</p>
<p>The defeat meant RKC dropped back to the bottom of the table with 19 points, one point less than NEC Nijmegen, who drew 0-0 against Groningen.</p>
</text>
<copyright>(c) Reuters Limited 1997</copyright>
<metadata>
<codes class="bip:countries:1.0">
  <code code="NETH">
    <editdetail attribution="Reuters BIP Coding Group" action="confirmed" date="1997-03-15"/>
  </code>
</codes>
<codes class="bip:topics:1.0">
  <code code="GCAT">
    <editdetail attribution="Reuters BIP Coding Group" action="confirmed" date="1997-03-15"/>
  </code>
  <code code="GSPO">
    <editdetail attribution="Reuters BIP Coding Group" action="confirmed" date="1997-03-15"/>
  </code>
</codes>
<dc element="dc.date.created" value="1997-03-15"/>
<dc element="dc.publisher" value="Reuters Holdings Plc"/>
<dc element="dc.date.published" value="1997-03-15"/>
<dc element="dc.source" value="Reuters"/>
<dc element="dc.creator.location" value="AMSTERDAM"/>
<dc element="dc.creator.location.country.name" value="NETHERLANDS"/>
<dc element="dc.source" value="Reuters"/>
</metadata>
</newsitem>
