<?xml version="1.0" encoding="iso-8859-1" ?>
<newsitem itemid="444911" id="root" date="1997-03-15" xml:lang="en">
<title>UK: SOCCER-SCOTTISH LEAGUE SUMMARIES.</title>
<headline>SOCCER-SCOTTISH LEAGUE SUMMARIES.</headline>
<dateline>GLASGOW 1997-03-15</dateline>
<text>
<p>Summaries of Scottish premier</p>
<p>division matches played on Saturday:</p>
<p> Aberdeen	    1 - Windass 35 pen</p>
<p> Dundee United     1 - Olafsson 69</p>
<p>HT: 1-0.  Att: 13,645</p>
<p>- - - -</p>
<p> Hearts		1 - McCann 82</p>
<p> Hibernian	   0</p>
<p>HT: 0-0.  Att: 15,136</p>
<p>- - - -</p>
<p> Kilmarnock	  1 - Wright 77</p>
<p> Motherwell	  0</p>
<p>HT: 0-0.  Att: 7,612</p>
<p>- - - -</p>
<p> Raith		 0</p>
<p> Dunfermline	 1 - Smith 29</p>
<p>HT: 0-1.  Att: 5,882</p>
</text>
<copyright>(c) Reuters Limited 1997</copyright>
<metadata>
<codes class="bip:countries:1.0">
  <code code="UK">
    <editdetail attribution="Reuters BIP Coding Group" action="confirmed" date="1997-03-15"/>
  </code>
</codes>
<codes class="bip:topics:1.0">
  <code code="GCAT">
    <editdetail attribution="Reuters BIP Coding Group" action="confirmed" date="1997-03-15"/>
  </code>
  <code code="GSPO">
    <editdetail attribution="Reuters BIP Coding Group" action="confirmed" date="1997-03-15"/>
  </code>
</codes>
<dc element="dc.date.created" value="1997-03-15"/>
<dc element="dc.publisher" value="Reuters Holdings Plc"/>
<dc element="dc.date.published" value="1997-03-15"/>
<dc element="dc.source" value="Reuters"/>
<dc element="dc.creator.location" value="GLASGOW"/>
<dc element="dc.creator.location.country.name" value="UK"/>
<dc element="dc.source" value="Reuters"/>
</metadata>
</newsitem>
