<?xml version="1.0" encoding="iso-8859-1" ?>
<newsitem itemid="444920" id="root" date="1997-03-15" xml:lang="en">
<title>UK: RUGBY UNION-ENGLAND ENJOY RECORD AWAY WIN OVER WELSH.</title>
<headline>RUGBY UNION-ENGLAND ENJOY RECORD AWAY WIN OVER WELSH.</headline>
<dateline>CARDIFF 1997-03-15</dateline>
<text>
<p>England gained the consolation of a Five Nations Triple Crown on Saturday with a record 34-13 away win over Wales in the last rugby union international to be played at Cardiff Arms Park.</p>
<p>The English, aware that France had already put the title out of their reach with a 47-20 victory over Scotland in Paris, reacted with four second-half tries to eclipse their previous best Cardiff result of 25-6 in 1991.</p>
<p>Tim Stimpson, Tony Underwood, Richard Hill and captain Phil de Glanville ensured England equalled their highest total against Wales to set up a perfect farewell for ex-skipper Will Carling, almost certainly playing his final test, and Rob Andrew, who made a late appearance as a replacement.</p>
<p>It was a less happy day for Jonathan Davies, definitely making his last appearance for Wales. He kicked two penalties and a conversion for the injury-hit Welsh in a muted farewell to the Arms Park, set to be redeveloped for the 1999 Rugby World Cup.</p>
</text>
<copyright>(c) Reuters Limited 1997</copyright>
<metadata>
<codes class="bip:countries:1.0">
  <code code="FRA">
    <editdetail attribution="Reuters BIP Coding Group" action="confirmed" date="1997-03-15"/>
  </code>
  <code code="IRE">
    <editdetail attribution="Reuters BIP Coding Group" action="confirmed" date="1997-03-15"/>
  </code>
  <code code="UK">
    <editdetail attribution="Reuters BIP Coding Group" action="confirmed" date="1997-03-15"/>
  </code>
</codes>
<codes class="bip:topics:1.0">
  <code code="GCAT">
    <editdetail attribution="Reuters BIP Coding Group" action="confirmed" date="1997-03-15"/>
  </code>
  <code code="GSPO">
    <editdetail attribution="Reuters BIP Coding Group" action="confirmed" date="1997-03-15"/>
  </code>
</codes>
<dc element="dc.date.created" value="1997-03-15"/>
<dc element="dc.publisher" value="Reuters Holdings Plc"/>
<dc element="dc.date.published" value="1997-03-15"/>
<dc element="dc.source" value="Reuters"/>
<dc element="dc.creator.location" value="CARDIFF"/>
<dc element="dc.creator.location.country.name" value="UK"/>
<dc element="dc.source" value="Reuters"/>
</metadata>
</newsitem>
