<?xml version="1.0" encoding="iso-8859-1" ?>
<newsitem itemid="444926" id="root" date="1997-03-15" xml:lang="en">
<title>SOUTH AFRICA: CRICKET-SOUTH AFRICA TAKE CONTROL OF SECOND TEST.</title>
<headline>CRICKET-SOUTH AFRICA TAKE CONTROL OF SECOND TEST.</headline>
<byline>Neil Manthorp</byline>
<dateline>PORT ELIZABETH, South Africa 1997-03-15</dateline>
<text>
<p>A spectacular Australian collapse and positive South African batting put the hosts in complete control on the second day of the second test in Port Elizabeth on Saturday.</p>
<p>With three days remaining, South Africa have a lead of 184 with all ten wickets remaining after dismissing Australia for a meagre 108 -- for a first innings lead of 101 -- and then reaching 83 without loss by the close in their second innings.</p>
<p>Resuming at 10 for one in the morning, Australia lost captain Mark Taylor in the third over of the morning for eight to carry his miserable run of form to 17 consecutive test innings without a half century.</p>
<p>But the wicket was a bitter-sweet success for South Africa as the successful bowler, Shaun Pollock, then had to limp off with a strained left hamstring after bowling just two overs. He will not be able to bowl again in the test.</p>
<p>Mark Waugh briefly flattered to deceive in a 36 ball innings of 20 that included three typically elegant boundaries. but he became the third wicket to fall when a Hansie Cronje in-swinger trapped him leg before wicket with the total on 48.</p>
<p>Just 49 runs were scored in the morning session as Australia's suspicion of a well grassed but far from impossible wicket led them into a shotless, defensive bunker.</p>
<p>After lunching at 59 for three, the afternoon disaster began when Steve Waugh sent batting partner Matthew Elliott back after initially responding to a call for a sharp single.</p>
<p>Hansie Cronje quickly recovered from a slight fumble and Elliott was run out for a marathon 23 from 120 deliveries in nearly three hours.</p>
<p>Steve Waugh, who said before the test that &quot;Australia just can't lose...&quot; then edged all rounder Brian McMillan to keeper Dave Richardson who took a spectacular one handed diving catch in front of slip. Waugh made eight.</p>
<p>Panic seemed to set in as Michael Bevan glanced McMillan down the leg side only to see Richardson's gloves once again waiting to accept the offering. Bevan posted the sixth duck of the match.</p>
<p>Ian Healy (5) then made a mess of a hook shot and lobbed a simple catch to square leg and Greg Blewett (13) lost his off stump to an off-cutter from Allan Donald after batting for 81 minutes.</p>
<p>Shane Warne contributed a brace of lusty boundaries in his 18 but Australia were beyond rescue.</p>
<p>When South Africa batted a second time they adopted an approach in complete contrast to the Australians. Gary Kirsten and Adam Bacher attacked at the slightest opportunity, driving, hooking and cutting wherever possible.</p>
<p>By the close of play Kirsten was unbeaten on 41 with Bacher on 38. To compound a miserable day for Australia, Steve Waugh limped off the field half way through his fifth over with a groin strain.</p>
</text>
<copyright>(c) Reuters Limited 1997</copyright>
<metadata>
<codes class="bip:countries:1.0">
  <code code="AUSTR">
    <editdetail attribution="Reuters BIP Coding Group" action="confirmed" date="1997-03-15"/>
  </code>
  <code code="SAFR">
    <editdetail attribution="Reuters BIP Coding Group" action="confirmed" date="1997-03-15"/>
  </code>
</codes>
<codes class="bip:topics:1.0">
  <code code="GCAT">
    <editdetail attribution="Reuters BIP Coding Group" action="confirmed" date="1997-03-15"/>
  </code>
  <code code="GSPO">
    <editdetail attribution="Reuters BIP Coding Group" action="confirmed" date="1997-03-15"/>
  </code>
</codes>
<dc element="dc.date.created" value="1997-03-15"/>
<dc element="dc.publisher" value="Reuters Holdings Plc"/>
<dc element="dc.date.published" value="1997-03-15"/>
<dc element="dc.source" value="Reuters"/>
<dc element="dc.creator.location" value="PORT ELIZABETH, South Africa"/>
<dc element="dc.creator.location.country.name" value="SOUTH AFRICA"/>
<dc element="dc.source" value="Reuters"/>
</metadata>
</newsitem>
