<?xml version="1.0" encoding="iso-8859-1" ?>
<newsitem itemid="444953" id="root" date="1997-03-15" xml:lang="en">
<title>TRINIDAD AND TOBAGO: CRICKET-WEST INDIES V INDIA SCOREBOARD.</title>
<headline>CRICKET-WEST INDIES V INDIA SCOREBOARD.</headline>
<dateline>PORT OF SPAIN 1997-03-13</dateline>
<text>
<p>Scoreboard at the close</p>
<p>of play on the first day of the second test match between West</p>
<p>Indies and India at the Queen's Park oval on Friday.</p>
<p>West Indies first innings</p>
<p> S.Campbell c Prasad b Kumble	     8</p>
<p> S.Williams c Dravid b Kumble	    18</p>
<p> S.Chanderpaul c Mongia b Prasad	 42</p>
<p> B.Lara c Azharuddin b Joshi	     14</p>
<p> C.Hooper c Azharuddin b Kumble	  40</p>
<p> R.Holder not out			    71</p>
<p> J.Murray c &amp; b Kumble		     11</p>
<p> C.Ambrose c Dravid b Kumble	     16</p>
<p> F.Rose not out				13</p>
<p> Extras (lb5, nb1)			    6</p>
<p> Total (for seven wickets)		239</p>
<p>Bowling: Prasad 20-7-47-1, Kuruvilla 17-9-29-0, Kumble</p>
<p>34-7- 95-5, Joshi 18-2-63-1.</p>
</text>
<copyright>(c) Reuters Limited 1997</copyright>
<metadata>
<codes class="bip:countries:1.0">
  <code code="INDIA">
    <editdetail attribution="Reuters BIP Coding Group" action="confirmed" date="1997-03-15"/>
  </code>
  <code code="TRTO">
    <editdetail attribution="Reuters BIP Coding Group" action="confirmed" date="1997-03-15"/>
  </code>
</codes>
<codes class="bip:topics:1.0">
  <code code="GCAT">
    <editdetail attribution="Reuters BIP Coding Group" action="confirmed" date="1997-03-15"/>
  </code>
  <code code="GSPO">
    <editdetail attribution="Reuters BIP Coding Group" action="confirmed" date="1997-03-15"/>
  </code>
</codes>
<dc element="dc.date.created" value="1997-03-13"/>
<dc element="dc.publisher" value="Reuters Holdings Plc"/>
<dc element="dc.date.published" value="1997-03-15"/>
<dc element="dc.source" value="Reuters"/>
<dc element="dc.creator.location" value="PORT OF SPAIN"/>
<dc element="dc.creator.location.country.name" value="TRINIDAD AND TOBAGO"/>
<dc element="dc.source" value="Reuters"/>
</metadata>
</newsitem>
