<?xml version="1.0" encoding="iso-8859-1" ?>
<newsitem itemid="444962" id="root" date="1997-03-15" xml:lang="en">
<title>ISRAEL: SOCCER-ISRAELI FIRST DIVISION RESULTS/STANDINGS.</title>
<headline>SOCCER-ISRAELI FIRST DIVISION RESULTS/STANDINGS.</headline>
<dateline>JERUSALEM 1997-03-15</dateline>
<text>
<p>Results of Israeli first</p>
<p>division soccer matches played over the weekend:</p>
<p> Zafririm Holon	   1    Ironi Rishon Lezion    1</p>
<p> Hapoel Jerusalem	 1    Hapoel Beit She'an     1</p>
<p> Hapoel Tel Aviv	  0    Maccabi Petah Tikva    0</p>
<p> Hapoel Kfar Sava	 0    Hapoel Haifa	     0</p>
<p> Maccabi Haifa	    0    Hapoel Beersheba	 1</p>
<p> Hapoel Petah Tikva     v   Maccabi Herzliya	 postponed</p>
<p> Hapoel Taibe	     1    Maccabi Tel Aviv	 5</p>
<p> Bnei Yehuda		1    Betar Jerusalem	  3</p>
<p>    Standings		 P     W    D    L   F   A	PTS</p>
<p>  1. Betar Jerusalem	22   17    4    1   46  12     55</p>
<p>  2. Hapoel Beersheba     22   15    2    5   35  18     47</p>
<p>  3. Hapoel Petah Tikva   21   13    6    2   38  20     45</p>
<p>  4. Maccabi Tel  Aviv    22   12    5    5   40  22     41</p>
<p>  5. Maccabi Petah Tikva  22   11    5    6   28  19     38</p>
<p>  6. Hapoel Kfar Sava     22    8    6    8   23  23     30</p>
<p>  7. Bnei Yehuda	    22    8    6    8   22  26     30</p>
<p>  8. Hapoel Haifa	   22    8    5    9   25  24     29</p>
<p>  9. Hapoel Jerusalem     22    8    4   10   23  31     28</p>
<p> 10. Maccabi Haifa	  22    6    8    8   24  25     26</p>
<p> 11. Hapoel Beit She'an   22    7    5   10   19  22     26</p>
<p> 12. Maccabi Herzliya     21    7    2   12   12  19     23</p>
<p> 13. Ironi Rishon Lezion  22    5    6   11   21  36     21</p>
<p> 14. Zafririm Holon	 22    3    9   10   14  31     18</p>
<p> 15. Hapoel Tel Aviv	22    3    8   11   11  21     17</p>
<p> 16. Hapoel Taibe	   22    3    1   18   13  45     10</p>
</text>
<copyright>(c) Reuters Limited 1997</copyright>
<metadata>
<codes class="bip:countries:1.0">
  <code code="ISRAEL">
    <editdetail attribution="Reuters BIP Coding Group" action="confirmed" date="1997-03-15"/>
  </code>
</codes>
<codes class="bip:topics:1.0">
  <code code="GCAT">
    <editdetail attribution="Reuters BIP Coding Group" action="confirmed" date="1997-03-15"/>
  </code>
  <code code="GSPO">
    <editdetail attribution="Reuters BIP Coding Group" action="confirmed" date="1997-03-15"/>
  </code>
</codes>
<dc element="dc.date.created" value="1997-03-15"/>
<dc element="dc.publisher" value="Reuters Holdings Plc"/>
<dc element="dc.date.published" value="1997-03-15"/>
<dc element="dc.source" value="Reuters"/>
<dc element="dc.creator.location" value="JERUSALEM"/>
<dc element="dc.creator.location.country.name" value="ISRAEL"/>
<dc element="dc.source" value="Reuters"/>
</metadata>
</newsitem>
