<?xml version="1.0" encoding="iso-8859-1" ?>
<newsitem itemid="444981" id="root" date="1997-03-15" xml:lang="en">
<title>FRANCE: RUGBY UNION-CHALMERS TAKEN TO HOSPITAL WITH CONCUSSION.</title>
<headline>RUGBY UNION-CHALMERS TAKEN TO HOSPITAL WITH CONCUSSION.</headline>
<dateline>PARIS 1997-03-15</dateline>
<text>
<p>Scotland fly-half Craig Chalmers, knocked unconscious by a tackle in Saturday's Five Nations' championship 47-20 defeat to France, was taken to hospital with concussion.</p>
<p>Chalmers, who left the pitch on a stretcher in the 51st minute of the match at Parc des Princes, recovered consciousness after 10 minutes but was kept in hospital for further checks.</p>
<p>Chalmers was tackled by French centre Christophe Lamaison, who said he had not committed an offence.</p>
<p>&quot;We must look at the video but it looked fair,&quot; said Scotland coach Richie Dixon.</p>
</text>
<copyright>(c) Reuters Limited 1997</copyright>
<metadata>
<codes class="bip:countries:1.0">
  <code code="FRA">
    <editdetail attribution="Reuters BIP Coding Group" action="confirmed" date="1997-03-15"/>
  </code>
  <code code="IRE">
    <editdetail attribution="Reuters BIP Coding Group" action="confirmed" date="1997-03-15"/>
  </code>
  <code code="UK">
    <editdetail attribution="Reuters BIP Coding Group" action="confirmed" date="1997-03-15"/>
  </code>
</codes>
<codes class="bip:topics:1.0">
  <code code="GCAT">
    <editdetail attribution="Reuters BIP Coding Group" action="confirmed" date="1997-03-15"/>
  </code>
  <code code="GSPO">
    <editdetail attribution="Reuters BIP Coding Group" action="confirmed" date="1997-03-15"/>
  </code>
</codes>
<dc element="dc.date.created" value="1997-03-15"/>
<dc element="dc.publisher" value="Reuters Holdings Plc"/>
<dc element="dc.date.published" value="1997-03-15"/>
<dc element="dc.source" value="Reuters"/>
<dc element="dc.creator.location" value="PARIS"/>
<dc element="dc.creator.location.country.name" value="FRANCE"/>
<dc element="dc.source" value="Reuters"/>
</metadata>
</newsitem>
