<?xml version="1.0" encoding="iso-8859-1" ?>
<newsitem itemid="444942" id="root" date="1997-03-15" xml:lang="en">
<title>TRINIDAD AND TOBAGO: CRICKET-SIDHU AND DRAVID FRUSTRATE WEST INDIES.</title>
<headline>CRICKET-SIDHU AND DRAVID FRUSTRATE WEST INDIES.</headline>
<dateline>PORT OF SPAIN, Trinidad 1997-03-15</dateline>
<text>
<p>Navjot Sidhu and Rahul Dravid frustrated West Indies with a half-century second wicket partnership on the second day of the second test on Saturday.</p>
<p>Replying to West Indies' first innings 296, India were 77 for one at tea after losing a wicket in the first over of their innings. Sidhu was unbeaten on 51 while Dravid had scored 21.</p>
<p>Earlier Barbadian Roland Holder fell short of a maiden test century by nine runs as West Indies, resuming at 239 for seven, lost their last three wickets for just seven runs.</p>
<p>Holder was bowled leg stump by left-arm spinner Sunil Joshi after a 239-ball innings lasting 293 minutes with seven fours.</p>
<p>Leg-spinner Anil Kumble was the most successful of the Indian bowlers with five for 104 off 38 overs.</p>
<p>Curtly Ambrose struck with the second ball of the Indian innings, trapping Vangipurappu Laxman lbw for a duck when the batsman played back to a full delivery.</p>
</text>
<copyright>(c) Reuters Limited 1997</copyright>
<metadata>
<codes class="bip:countries:1.0">
  <code code="INDIA">
    <editdetail attribution="Reuters BIP Coding Group" action="confirmed" date="1997-03-15"/>
  </code>
  <code code="TRTO">
    <editdetail attribution="Reuters BIP Coding Group" action="confirmed" date="1997-03-15"/>
  </code>
</codes>
<codes class="bip:topics:1.0">
  <code code="GCAT">
    <editdetail attribution="Reuters BIP Coding Group" action="confirmed" date="1997-03-15"/>
  </code>
  <code code="GSPO">
    <editdetail attribution="Reuters BIP Coding Group" action="confirmed" date="1997-03-15"/>
  </code>
</codes>
<dc element="dc.date.created" value="1997-03-15"/>
<dc element="dc.publisher" value="Reuters Holdings Plc"/>
<dc element="dc.date.published" value="1997-03-15"/>
<dc element="dc.source" value="Reuters"/>
<dc element="dc.creator.location" value="PORT OF SPAIN, Trinidad"/>
<dc element="dc.creator.location.country.name" value="TRINIDAD AND TOBAGO"/>
<dc element="dc.source" value="Reuters"/>
</metadata>
</newsitem>
