<?xml version="1.0" encoding="iso-8859-1" ?>
<newsitem itemid="444950" id="root" date="1997-03-15" xml:lang="en">
<title>NEW ZEALAND: CRICKET-SRI LANKA 144 FOR SIX AT TEA.</title>
<headline>CRICKET-SRI LANKA 144 FOR SIX AT TEA.</headline>
<dateline>HAMILTON, New Zealand 1997-03-15</dateline>
<text>
<p>Sri Lanka, chasing New Zealand's first innings total of 222, were 144 for six wickets at tea on the second day of the second test on Saturday.</p>
<p>Scores:</p>
<p>New Zealand 222 (B. Pocock 85, M. Muralitharan 3-43, N. Zoysa 3-47)</p>
<p>Sri Lanka 144 for six (R. Mahanama 45, H. Davis 3-46)</p>
</text>
<copyright>(c) Reuters Limited 1997</copyright>
<metadata>
<codes class="bip:countries:1.0">
  <code code="NZ">
    <editdetail attribution="Reuters BIP Coding Group" action="confirmed" date="1997-03-15"/>
  </code>
  <code code="SRILAN">
    <editdetail attribution="Reuters BIP Coding Group" action="confirmed" date="1997-03-15"/>
  </code>
</codes>
<codes class="bip:topics:1.0">
  <code code="GCAT">
    <editdetail attribution="Reuters BIP Coding Group" action="confirmed" date="1997-03-15"/>
  </code>
  <code code="GSPO">
    <editdetail attribution="Reuters BIP Coding Group" action="confirmed" date="1997-03-15"/>
  </code>
</codes>
<dc element="dc.date.created" value="1997-03-15"/>
<dc element="dc.publisher" value="Reuters Holdings Plc"/>
<dc element="dc.date.published" value="1997-03-15"/>
<dc element="dc.source" value="Reuters"/>
<dc element="dc.creator.location" value="HAMILTON, New Zealand"/>
<dc element="dc.creator.location.country.name" value="NEW ZEALAND"/>
<dc element="dc.source" value="Reuters"/>
</metadata>
</newsitem>
