<?xml version="1.0" encoding="iso-8859-1" ?>
<newsitem itemid="444907" id="root" date="1997-03-15" xml:lang="en">
<title>UK: RUGBY UNION-FRANCE FLOURISH IN THE SPRINGTIME.</title>
<headline>RUGBY UNION-FRANCE FLOURISH IN THE SPRINGTIME.</headline>
<byline>John Mehaffey</byline>
<dateline>LONDON 1997-03-15</dateline>
<text>
<p>France flourished in the Parisian springtime on Saturday by romping to their first grand slam on home soil in the final match at Parc des Princes.</p>
<p>Two tries in each half and another immaculate display of place kicking from centre Christophe Lamaison gave the French a comfortable 47-20 victory over Scotland.</p>
<p>In Cardiff, England confirmed their current supremacy among the four home nations by beating Wales 34-13 for their fifth Triple Crown in seven seasons.</p>
<p>It was also the final rugby union international to be staged at Cardiff Arms Park.</p>
<p>France, cruelly afflicted by injuries to key players throughout the season, were efficient when it mattered and expansive in the final 10 minutes once victory was confirmed.</p>
<p>They led 26-13 at halftime through tries to captain Abdel Benazzi and Laurent Leflamand, the latter resulting from a sweeping move sparked by full-back Jean-Luc Sadourny.</p>
<p>&quot;It was catch-up rugby from the start,&quot; Scotland coach Richie Dixon conceded. &quot;The players surrendered from the kick-off and there was very little they could do.&quot;</p>
<p>Prop Franck Tournaire put the issue beyond doubt with a try after the interval and, as the French crowd chorused La Marseillaise, their heroes turned on the style.</p>
<p>Throwing the ball around with abandon despite being pinned on their own line, the ball rippled through the backline for flanker Oliver Magne to touch down eight minutes from time.</p>
<p>Each of the French substitutes was given a run and the side lingered on the pitch long after the final whistle.</p>
<p>&quot;It was such a great feeling, I just wanted to stay there,&quot; said Lamaison, who kicked 24 points in all.</p>
<p>From next year France, who clinched their four previous grand slams on foreign soil, will play at the new Stade de France under construction in the Paris suburb of St Denis.</p>
<p>England, despite playing most of the first half in Welsh territory, led by just three points at halftime.</p>
<p>They then cut loose in a 23-minute burst with four tries, two of them inspired by the guile of centre Jeremy Guscott, one of nine replacements to take the field.</p>
<p>The Arms Park, field of dreams for generations of Welsh schoolboys, will be flattened at the end of the season and redeveloped for the 1999 Rugby World Cup.</p>
<p>Fittingly the final points came from two players representing the future and past of Welsh rugby.</p>
<p>Scrum-half Rob Howley capped a wonderful game by weaving through some indifferent defence to score. Thirty-four-year old fly-half Jonathan Davies, playing his last match for Wales, converted.</p>
</text>
<copyright>(c) Reuters Limited 1997</copyright>
<metadata>
<codes class="bip:countries:1.0">
  <code code="FRA">
    <editdetail attribution="Reuters BIP Coding Group" action="confirmed" date="1997-03-15"/>
  </code>
  <code code="IRE">
    <editdetail attribution="Reuters BIP Coding Group" action="confirmed" date="1997-03-15"/>
  </code>
  <code code="UK">
    <editdetail attribution="Reuters BIP Coding Group" action="confirmed" date="1997-03-15"/>
  </code>
</codes>
<codes class="bip:topics:1.0">
  <code code="GCAT">
    <editdetail attribution="Reuters BIP Coding Group" action="confirmed" date="1997-03-15"/>
  </code>
  <code code="GSPO">
    <editdetail attribution="Reuters BIP Coding Group" action="confirmed" date="1997-03-15"/>
  </code>
</codes>
<dc element="dc.date.created" value="1997-03-15"/>
<dc element="dc.publisher" value="Reuters Holdings Plc"/>
<dc element="dc.date.published" value="1997-03-15"/>
<dc element="dc.source" value="Reuters"/>
<dc element="dc.creator.location" value="LONDON"/>
<dc element="dc.creator.location.country.name" value="UK"/>
<dc element="dc.source" value="Reuters"/>
</metadata>
</newsitem>
