<?xml version="1.0" encoding="iso-8859-1" ?>
<newsitem itemid="444978" id="root" date="1997-03-15" xml:lang="en">
<title>NETHERLANDS: SOCCER-DUTCH FIRST DIVISION SUMMARIES.</title>
<headline>SOCCER-DUTCH FIRST DIVISION SUMMARIES.</headline>
<dateline>AMSTERDAM 1997-03-14</dateline>
<text>
<p>Summary of Dutch first</p>
<p>division soccer match played on Friday:</p>
<p> NAC Breda		    0</p>
<p> Willem II Tilburg	  1 - Kolkka 62</p>
<p>    HT: 0-0	Att: 13,629</p>
<p> PSV Eindhoven		1 - Jonk pen 55</p>
<p> Fortuna Sittard	    0</p>
<p>    HT: 0-0	Att: 24,000</p>
<p> NEC Nijmegen		 0</p>
<p> Groningen		    0</p>
<p>    HT: 0-0	Att: 3,000</p>
<p> Feyenoord		    5 - Taument 8, 63, 77, Fraser 43,</p>
<p>					Montoya 76</p>
<p> RKC Waalwijk		 0</p>
<p>    HT: 2-0	Att: 20,000</p>
<p>Played on Friday:</p>
<p> Ajax Amsterdam	     3 - Babangida 27, Overmars 35, Ronald</p>
<p>					De Boer 86</p>
<p> Roda JC Kerkrade	   1 - Plet 4</p>
<p>    HT: 2-1.   Att: 47,000</p>
</text>
<copyright>(c) Reuters Limited 1997</copyright>
<metadata>
<codes class="bip:countries:1.0">
  <code code="NETH">
    <editdetail attribution="Reuters BIP Coding Group" action="confirmed" date="1997-03-15"/>
  </code>
</codes>
<codes class="bip:topics:1.0">
  <code code="GCAT">
    <editdetail attribution="Reuters BIP Coding Group" action="confirmed" date="1997-03-15"/>
  </code>
  <code code="GSPO">
    <editdetail attribution="Reuters BIP Coding Group" action="confirmed" date="1997-03-15"/>
  </code>
</codes>
<dc element="dc.date.created" value="1997-03-14"/>
<dc element="dc.publisher" value="Reuters Holdings Plc"/>
<dc element="dc.date.published" value="1997-03-15"/>
<dc element="dc.source" value="Reuters"/>
<dc element="dc.creator.location" value="AMSTERDAM"/>
<dc element="dc.creator.location.country.name" value="NETHERLANDS"/>
<dc element="dc.source" value="Reuters"/>
</metadata>
</newsitem>
