<?xml version="1.0" encoding="iso-8859-1" ?>
<newsitem itemid="444964" id="root" date="1997-03-15" xml:lang="en">
<title>USA: NHL ICE HOCKEY-STANDINGS AFTER THURSDAY'S GAMES.</title>
<headline>NHL ICE HOCKEY-STANDINGS AFTER THURSDAY'S GAMES.</headline>
<dateline>NEW YORK 1997-03-15</dateline>
<text>
<p>Standings of National Hockey</p>
<p>League teams after games played on Friday (tabulate under won,</p>
<p>lost, tied, goals for, goals against, points):</p>
<p>		 EASTERN CONFERENCE</p>
<p>		 NORTHEAST DIVISION</p>
<p>		    W   L   T   GF   GA   PTS</p>
<p> BUFFALO	 35  21  11  195  167   81</p>
<p> PITTSBURGH    32  29   7  236  227   71</p>
<p> HARTFORD	27  31  10  189  210   64</p>
<p> MONTREAL	25  32  13  213  243   63</p>
<p> OTTAWA	  22  33  13  187  201   57</p>
<p> BOSTON	  23  37   9  200  247   55</p>
<p>		 ATLANTIC DIVISION</p>
<p>		    W   L   T   GF   GA   PTS</p>
<p> PHILADELPHIA  39  20  10  231  177   88</p>
<p> NEW JERSEY    37  19  12  194  155   86</p>
<p> FLORIDA	 31  23  15  185  164   77</p>
<p> NY RANGERS    33  28   9  226  196   75</p>
<p> TAMPA BAY     27  33   7  184  209   61</p>
<p> WASHINGTON    27  34   7  172  191   61</p>
<p> NY ISLANDERS  24  34  10  186  198   58</p>
<p>		 WESTERN CONFERENCE</p>
<p>		 CENTRAL DIVISION</p>
<p>		    W   L   T   GF   GA   PTS</p>
<p> DALLAS	  40  23   6  209  169   86</p>
<p> DETROIT	 32  20  15  212  157   79</p>
<p> PHOENIX	 32  33   5  201  211   69</p>
<p> ST LOUIS	30  31   9  207  215   69</p>
<p> CHICAGO	 27  31  12  181  176   66</p>
<p> TORONTO	 25  38   5  198  234   55</p>
<p>		 PACIFIC DIVISION</p>
<p>		    W   L   T   GF   GA   PTS</p>
<p> X- COLORADO   42  18   9  236  169   93</p>
<p> EDMONTON	31  32   7  217  213   69</p>
<p> ANAHEIM	 29  30  10  201  199   68</p>
<p> CALGARY	 29  34   7  184  198   65</p>
<p> VANCOUVER     28  37   4  213  238   60</p>
<p> LOS ANGELES   25  36   9  186  228   59</p>
<p> SAN JOSE	23  38   7  173  224   53</p>
<p>X -- CLINCHED PLAYOFF BERTH</p>
<p>SATURDAY, MARCH 15 SCHEDULE</p>
<p>NY ISLANDERS AT BOSTON	  </p>
<p>WASHINGTON AT NEW JERSEY	</p>
<p>BUFFALO AT PHILADELPHIA	 </p>
<p>EDMONTON AT HARTFORD	    </p>
<p>VANCOUVER AT TAMPA BAY	  </p>
<p>TORONTO AT FLORIDA		</p>
<p>OTTAWA AT MONTREAL		</p>
<p>CALGARY AT LOS ANGELES	 </p>
<p>DETROIT AT SAN JOSE</p>
</text>
<copyright>(c) Reuters Limited 1997</copyright>
<metadata>
<codes class="bip:countries:1.0">
  <code code="CANA">
    <editdetail attribution="Reuters BIP Coding Group" action="confirmed" date="1997-03-15"/>
  </code>
  <code code="USA">
    <editdetail attribution="Reuters BIP Coding Group" action="confirmed" date="1997-03-15"/>
  </code>
</codes>
<codes class="bip:topics:1.0">
  <code code="GCAT">
    <editdetail attribution="Reuters BIP Coding Group" action="confirmed" date="1997-03-15"/>
  </code>
  <code code="GSPO">
    <editdetail attribution="Reuters BIP Coding Group" action="confirmed" date="1997-03-15"/>
  </code>
</codes>
<dc element="dc.date.created" value="1997-03-15"/>
<dc element="dc.publisher" value="Reuters Holdings Plc"/>
<dc element="dc.date.published" value="1997-03-15"/>
<dc element="dc.source" value="Reuters"/>
<dc element="dc.creator.location" value="NEW YORK"/>
<dc element="dc.creator.location.country.name" value="USA"/>
<dc element="dc.source" value="Reuters"/>
</metadata>
</newsitem>
