<?xml version="1.0" encoding="iso-8859-1" ?>
<newsitem itemid="444948" id="root" date="1997-03-15" xml:lang="en">
<title>NEW ZEALAND: CRICKET-SRI LANKA FIRST INNINGS SCOREBOARD VS NZ.</title>
<headline>CRICKET-SRI LANKA FIRST INNINGS SCOREBOARD VS NZ.</headline>
<dateline>HAMILTON, New Zealand 1997-03-15</dateline>
<text>
<p>Scoreboard at the</p>
<p>end of the Sri Lankan innings during the last session on the</p>
<p>second day of the second cricket test against New Zealand on</p>
<p>Saturday.</p>
<p>New Zealand</p>
<p>First innings 222</p>
<p>Sri Lanka</p>
<p>First innings</p>
<p>  S.Jayasuriya c Astle b Davis		 20</p>
<p>  R.Mahanama lbw b Vettori		     45</p>
<p>  H.Tillekaratne c Young b Doull		2</p>
<p>  A.de Silva c Parore b Vettori		 1</p>
<p>  A.Ranatunga lbw b Davis			 4</p>
<p>  R.Kaluwitharana c Parore b Davis	   11</p>
<p>  K.Dharmasena c Fleming b Davis	     27</p>
<p>  C.Vaas c Pocock b Vettori		    28</p>
<p>  N.Zoysa c Doull b Vettori		    14</p>
<p>  S.de Silva not out				0</p>
<p>  M.Muralitharan c Parore b Davis	     5</p>
<p>   Extras  (w-1, nb-3, lb-9)		   13</p>
<p>    Total					   170</p>
<p>Fall of wickets:1-39, 2-57, 3-58, 4-76, 5-87, 6-93, 7-144,</p>
<p>8-154, 9-165, 10-170</p>
<p>Bowling: S. Doull 13-4-19-1 (nb-2), H.Davis 20.2-3-63-5</p>
<p>(w-1, nb-1), N.Astle 3-1-8-0, D. Vettori 25-8-46-4, D. Patel</p>
<p>8-2-25-0.</p>
<p>New Zealand second innings</p>
<p> B.Young not out			    22</p>
<p> B.Pocock c Mahanama b Zoysa	     7</p>
<p> M.Horne not out			    14</p>
<p>   Extras (b-4, lb-3, w-3)		10</p>
<p>    Total (for one wicket)		53</p>
<p>Fall of wicket: 1-14 (Pocock).</p>
<p>To bat: S. Fleming, N. Astle, C. Cairns, A. Parore, D.</p>
<p>Patel, D. Vettori, S. Doull, H. Davis.</p>
<p>Bowling: C.Vaas 5-2-13-0, N.Zoysa 6-2-12-1 (w-3), K.</p>
<p>Dharmasena 5-2-10-0, S. de Silva 2-0-6-0, M. Muralitharan</p>
<p>2-0-5-0.</p>
</text>
<copyright>(c) Reuters Limited 1997</copyright>
<metadata>
<codes class="bip:countries:1.0">
  <code code="NZ">
    <editdetail attribution="Reuters BIP Coding Group" action="confirmed" date="1997-03-15"/>
  </code>
  <code code="SRILAN">
    <editdetail attribution="Reuters BIP Coding Group" action="confirmed" date="1997-03-15"/>
  </code>
</codes>
<codes class="bip:topics:1.0">
  <code code="GCAT">
    <editdetail attribution="Reuters BIP Coding Group" action="confirmed" date="1997-03-15"/>
  </code>
  <code code="GSPO">
    <editdetail attribution="Reuters BIP Coding Group" action="confirmed" date="1997-03-15"/>
  </code>
</codes>
<dc element="dc.date.created" value="1997-03-15"/>
<dc element="dc.publisher" value="Reuters Holdings Plc"/>
<dc element="dc.date.published" value="1997-03-15"/>
<dc element="dc.source" value="Reuters"/>
<dc element="dc.creator.location" value="HAMILTON, New Zealand"/>
<dc element="dc.creator.location.country.name" value="NEW ZEALAND"/>
<dc element="dc.source" value="Reuters"/>
</metadata>
</newsitem>
