<?xml version="1.0" encoding="iso-8859-1" ?>
<newsitem itemid="444958" id="root" date="1997-03-15" xml:lang="en">
<title>AUSTRALIA: CRICKET-SHEFFIELD SHIELD SCORES.</title>
<headline>CRICKET-SHEFFIELD SHIELD SCORES.</headline>
<dateline>SYDNEY 1997-03-15</dateline>
<text>
<p>Close of play scores on the third day of four-day Sheffield Shield cricket matches on Saturday.</p>
<p>In Sydney: Tasmania 463-7 declared (Jamie Cox 143) and 135 for no wicket (Jamie Cox 72 not out); New South Wales 449 (Phil Emery 100 not out, Michael Slater 87)</p>
<p>In Brisbane: Queensland 277 and 218 (Matthew Mott 60, Stuart Law 50); South Australia 160 (Jamie Siddons 82; Michael Kasprowicz 5-64) and 193 for nine (Martin Faull 64)</p>
<p>In Melbourne: Victoria 205 (Shawn Craig 90) and 108 for four; Western Australia 458 for nine declared (Mike Hussey 138, Ryan Campbell 113, Murray Goodwin 90)</p>
</text>
<copyright>(c) Reuters Limited 1997</copyright>
<metadata>
<codes class="bip:countries:1.0">
  <code code="AUSTR">
    <editdetail attribution="Reuters BIP Coding Group" action="confirmed" date="1997-03-15"/>
  </code>
</codes>
<codes class="bip:topics:1.0">
  <code code="GCAT">
    <editdetail attribution="Reuters BIP Coding Group" action="confirmed" date="1997-03-15"/>
  </code>
  <code code="GSPO">
    <editdetail attribution="Reuters BIP Coding Group" action="confirmed" date="1997-03-15"/>
  </code>
</codes>
<dc element="dc.date.created" value="1997-03-15"/>
<dc element="dc.publisher" value="Reuters Holdings Plc"/>
<dc element="dc.date.published" value="1997-03-15"/>
<dc element="dc.source" value="Reuters"/>
<dc element="dc.creator.location" value="SYDNEY"/>
<dc element="dc.creator.location.country.name" value="AUSTRALIA"/>
<dc element="dc.source" value="Reuters"/>
</metadata>
</newsitem>
