<?xml version="1.0" encoding="iso-8859-1" ?>
<newsitem itemid="444901" id="root" date="1997-03-15" xml:lang="en">
<title>USA: TENNIS-MUSTER AND CHANG SET FOR SEMIFINAL SHOWDOWN.</title>
<headline>TENNIS-MUSTER AND CHANG SET FOR SEMIFINAL SHOWDOWN.</headline>
<dateline>INDIAN WELLS, California 1997-03-14</dateline>
<text>
<p>Second seed Thomas Muster of Austria, unafraid of Mark Philippoussis's supersonic serve, picked apart the Australian's game Friday to earn a semifinal showdown with Michael Chang at the Champions Cup.</p>
<p>Muster's 6-3 7-6 (10-8) quarter-final win gave him his third semifinal in four tournaments played this year and another chance to show his muscle over Chang, the defending champion and third seed.</p>
<p>Muster has an impressive 5-1 career edge over the American, including a victory at the Champions Cup in 1995.</p>
<p>&quot;I'm excited for tomorrow,&quot; Chang said. &quot;Thomas is always a tough competitor. I'm going to be pumped up to play him. I'm looking to even things up a bit, to be honest.&quot;</p>
<p>The third-ranked Chang needed only 73-minutes to move into the semifinals with a 6-3 6-2 win over 30th-ranked Cedric Pioline of France.</p>
<p>The other semifinal will be contested by two unlikely and unseeded players -- 35th-ranked Jonas Bjorkman of Sweden and 43rd-ranked Bohdan Ulihrach of the Czech Republic.</p>
<p>The serve-and-volleying Bjorkman dismissed 14th seed Alberto Berasategui of Spain 6-2 6-3 in the quarter-finals. Ulihrach, who knocked out top seed Pete Sampras in the second round, beat 50th-ranked Byron Black of Zimbabwe 6-4 6-2 in the quarter-finals.</p>
<p>The consummate clay court artisan, Muster's talents on hardcourt are often ignored. But he has won two hardcourt tournaments, the most recent a few weeks ago in Dubai.</p>
<p>&quot;People say that he's obviously one of the best clay courters,&quot; Philippoussis said. &quot;But, gee, looks like he plays pretty good on hardcourt as well.&quot;</p>
<p>Philippoussis is nicknamed &quot;Scud&quot; in deference to his missile-like serve.</p>
<p>But take away the serve and the Australian is vulnerable -- especially to a player like Muster, who has way too much confidence to run for cover.</p>
<p>&quot;Philippoussis is what I expected, mostly big serves,&quot; said Muster, who has beaten the Australian both times they have played.</p>
<p>&quot;Big servers mostly don't have a great baseline game. My baseline game is like his serve. It was a question, does he get more serves in or do I make more unforced errors?&quot;</p>
<p>In the 79-minute match, Muster never presented Philippoussis with a break point opportunity. While Philppoussis made 31 unforced errors, Muster had only seven the whole day, and just one in the entire second set.</p>
</text>
<copyright>(c) Reuters Limited 1997</copyright>
<metadata>
<codes class="bip:countries:1.0">
  <code code="USA">
    <editdetail attribution="Reuters BIP Coding Group" action="confirmed" date="1997-03-15"/>
  </code>
</codes>
<codes class="bip:topics:1.0">
  <code code="GCAT">
    <editdetail attribution="Reuters BIP Coding Group" action="confirmed" date="1997-03-15"/>
  </code>
  <code code="GSPO">
    <editdetail attribution="Reuters BIP Coding Group" action="confirmed" date="1997-03-15"/>
  </code>
</codes>
<dc element="dc.date.created" value="1997-03-14"/>
<dc element="dc.publisher" value="Reuters Holdings Plc"/>
<dc element="dc.date.published" value="1997-03-15"/>
<dc element="dc.source" value="Reuters"/>
<dc element="dc.creator.location" value="INDIAN WELLS, California"/>
<dc element="dc.creator.location.country.name" value="USA"/>
<dc element="dc.source" value="Reuters"/>
</metadata>
</newsitem>
