<?xml version="1.0" encoding="iso-8859-1" ?>
<newsitem itemid="444976" id="root" date="1997-03-15" xml:lang="en">
<title>SPAIN: SOCCER-RESULTS/STANDINGS IN THE SPANISH LEAGUE.</title>
<headline>SOCCER-RESULTS/STANDINGS IN THE SPANISH LEAGUE.</headline>
<dateline>MADRID 1997-03-15</dateline>
<text>
<p>Results in the Spanish league</p>
<p>championship on Saturday:</p>
<p> Atletico Madrid  1    Valencia	    4</p>
<p> Espanyol	   0    Deportivo Coruna  1</p>
<p>Played Friday:</p>
<p> Tenerife	   3    Athletic Bilbao   3</p>
<p>Playing Sunday:</p>
<p> Sevilla	     vs   Sporting Gijon</p>
<p> Logrones	    vs   Barcelona</p>
<p> Compostela	  vs   Valladolid</p>
<p> Zaragoza	    vs   Extremadura</p>
<p> Racing Santander  vs   Celta Vigo</p>
<p> Oviedo		vs   Hercules</p>
<p> Rayo Vallecano    vs   Real Betis</p>
<p>Playing Monday:</p>
<p> Real Sociedad     vs   Real Madrid</p>
<p>Standings:</p>
<p>				P     W    D    L  F   A   Pts</p>
<p> 1.Real Madrid	   28    19    8    1  61  23   65</p>
<p> 2.Barcelona	     28    17    5    6  70  37   56</p>
<p> 3.Real Betis	    28    16    8    4  60  32   56</p>
<p> 4.Deportivo Coruna    29    15   11    3  44  20   56</p>
<p> 5.Atletico Madrid     28    14    7    7  54  38   49</p>
<p> 6.Real Sociedad	 28    13    6    9  35  30   45</p>
<p> 7.Tenerife		28    12    7    9  50  31   43</p>
<p> 8.Athletic Bilbao     29    10   13    6  51  41   43</p>
<p> 9.Valencia		29    12    6   11  44  38   42</p>
<p> 10.Valladolid	   28    11    7   10  35  32   40</p>
<p> 11.Racing Santander   28     9   11    8  32  30   38</p>
<p> 12.Celta Vigo	   28     8   10   10  33  36   34</p>
<p> 13.Sporting Gijon     28     8    8   12  30  43   32</p>
<p> 14.Oviedo		 28     8    8   12  34  43   32</p>
<p> 15.Compostela	   28     8    7   13  28  49   31</p>
<p> 16.Rayo Vallecano     28     8    6   14  28  39   30</p>
<p> 17.Zaragoza	     28     6   11   11  35  46   29</p>
<p> 18.Extremadura	  28     7    8   13  22  40   29</p>
<p> 19.Logrones	     28     8    4   16  24  55   28</p>
<p> 20.Espanyol	     29     7    6   16  31  45   27</p>
<p> 21.Hercules	     28     6    4   18  24  53   22</p>
<p> 22.Sevilla		28     6    3   19  25  49   21</p>
<p>Note:Two teams qualify for the European Cup, four qualify</p>
<p>for the UEFA Cup, four are automatically relegated and one more</p>
<p>must face a relegation play-off with the third-placed team from</p>
<p>the second division.</p>
</text>
<copyright>(c) Reuters Limited 1997</copyright>
<metadata>
<codes class="bip:countries:1.0">
  <code code="SPAIN">
    <editdetail attribution="Reuters BIP Coding Group" action="confirmed" date="1997-03-15"/>
  </code>
</codes>
<codes class="bip:topics:1.0">
  <code code="GCAT">
    <editdetail attribution="Reuters BIP Coding Group" action="confirmed" date="1997-03-15"/>
  </code>
  <code code="GSPO">
    <editdetail attribution="Reuters BIP Coding Group" action="confirmed" date="1997-03-15"/>
  </code>
</codes>
<dc element="dc.date.created" value="1997-03-15"/>
<dc element="dc.publisher" value="Reuters Holdings Plc"/>
<dc element="dc.date.published" value="1997-03-15"/>
<dc element="dc.source" value="Reuters"/>
<dc element="dc.creator.location" value="MADRID"/>
<dc element="dc.creator.location.country.name" value="SPAIN"/>
<dc element="dc.source" value="Reuters"/>
</metadata>
</newsitem>
