<?xml version="1.0" encoding="iso-8859-1" ?>
<newsitem itemid="444994" id="root" date="1997-03-15" xml:lang="en">
<title>POLAND: POLISH C.BANK SEES NO FAST RATE CUT - PAPER.</title>
<headline>POLISH C.BANK SEES NO FAST RATE CUT - PAPER.</headline>
<dateline>WARSAW 1997-03-15</dateline>
<text>
<p>Poland's central bank is reluctant to cut nominal interest rates despite a significantly lower trade deficit expected for February, the bank's deputy head told daily Rzeczpospolita in its Saturday edition.</p>
<p>&quot;That doesn't mean, of course, that it's not necessary to worry about a negative foreign trade balance. From there comes our reluctance to lower nominal interest rates,&quot; Rzeczpospolita quoted Witold Kozinski as saying.</p>
<p>Over the last three months the National Bank of Poland (NBP), the central bank, has increased market interest rates and obligatory reserves to cool fast growing domestic demand, which it says could further widen the country's trade deficit.</p>
<p>On Friday the NBP announced that Poland's merchandise trade balance had reached $1.476 billion in January compared to $958 million in December and $661 million in January 1996.</p>
<p>January 1997's current account deficit was at $899 compared to $368 million in December and $139 million in January 1996.</p>
<p>Kozinski told the paper that the numbers were also not a signal for a radical change in exchange rate policy.</p>
<p>-- Warsaw Newsroom +48 22 653 9700</p>
</text>
<copyright>(c) Reuters Limited 1997</copyright>
<metadata>
<codes class="bip:countries:1.0">
  <code code="POL">
    <editdetail attribution="Reuters BIP Coding Group" action="confirmed" date="1997-03-15"/>
  </code>
</codes>
<codes class="bip:topics:1.0">
  <code code="E51">
    <editdetail attribution="Reuters BIP Coding Group" action="confirmed" date="1997-03-15"/>
  </code>
  <code code="E512">
    <editdetail attribution="Reuters BIP Coding Group" action="confirmed" date="1997-03-15"/>
  </code>
  <code code="ECAT">
    <editdetail attribution="Reuters BIP Coding Group" action="confirmed" date="1997-03-15"/>
  </code>
</codes>
<dc element="dc.date.created" value="1997-03-15"/>
<dc element="dc.publisher" value="Reuters Holdings Plc"/>
<dc element="dc.date.published" value="1997-03-15"/>
<dc element="dc.source" value="Reuters"/>
<dc element="dc.creator.location" value="WARSAW"/>
<dc element="dc.creator.location.country.name" value="POLAND"/>
<dc element="dc.source" value="Reuters"/>
</metadata>
</newsitem>
