<?xml version="1.0" encoding="iso-8859-1" ?>
<newsitem itemid="444909" id="root" date="1997-03-15" xml:lang="en">
<title>UK: SOCCER-LEADING SCORERS IN ENGLISH PREMIER LEAGUE.</title>
<headline>SOCCER-LEADING SCORERS IN ENGLISH PREMIER LEAGUE.</headline>
<dateline>LONDON 1997-03-15</dateline>
<text>
<p>Leading scorers in the English</p>
<p>premier league after Saturday's matches:</p>
<p>20 - Alan Shearer (Newcastle)</p>
<p>18 - Ian Wright (Arsenal)</p>
<p>16 - Robbie Fowler (Liverpool)</p>
<p>14 - Dwight York (Aston Villa)</p>
<p>13 - Les Ferdinand (Newcastle), Fabrizio Ravanelli</p>
<p>(Middlesbrough)</p>
<p>12 - Ole Gunnar Solskjaer (Manchester United)</p>
<p>11 - Efan Ekoku (Wimbledon)</p>
<p>10 - Stan Collymore (Liverpool), Dennis Bergkamp</p>
<p>(Arsenal), Kevin Gallacher (Blackburn), Chris</p>
<p>Sutton (Blackburn)</p>
</text>
<copyright>(c) Reuters Limited 1997</copyright>
<metadata>
<codes class="bip:countries:1.0">
  <code code="UK">
    <editdetail attribution="Reuters BIP Coding Group" action="confirmed" date="1997-03-15"/>
  </code>
</codes>
<codes class="bip:topics:1.0">
  <code code="GCAT">
    <editdetail attribution="Reuters BIP Coding Group" action="confirmed" date="1997-03-15"/>
  </code>
  <code code="GSPO">
    <editdetail attribution="Reuters BIP Coding Group" action="confirmed" date="1997-03-15"/>
  </code>
</codes>
<dc element="dc.date.created" value="1997-03-15"/>
<dc element="dc.publisher" value="Reuters Holdings Plc"/>
<dc element="dc.date.published" value="1997-03-15"/>
<dc element="dc.source" value="Reuters"/>
<dc element="dc.creator.location" value="LONDON"/>
<dc element="dc.creator.location.country.name" value="UK"/>
<dc element="dc.source" value="Reuters"/>
</metadata>
</newsitem>
