<?xml version="1.0" encoding="iso-8859-1" ?>
<newsitem itemid="444957" id="root" date="1997-03-15" xml:lang="en">
<title>AUSTRALIA: CRICKET-QUEENSLAND PUSH FOR SHIELD FINAL BERTH.</title>
<headline>CRICKET-QUEENSLAND PUSH FOR SHIELD FINAL BERTH.</headline>
<dateline>SYDNEY 1997-03-15</dateline>
<text>
<p>Queensland improved their claim for a place in the Sheffield Shield final by moving to the verge of victory against South Australia on Saturday.</p>
<p>The Queenslanders reduced their opponents to 193 for nine in their second innings at close of play on the third day at the Gabba and need to claim one more wicket to secure a vital win.</p>
<p>The visitors face the daunting task of needing to add a further 143 runs for the last wicket to deny Queensland.</p>
<p>But depending on results elsewhere, a victory in Brisbane may not be enough to earn Queensland a trip to Perth to face Shield leaders Western Australia in the five-day final next week.</p>
<p>Tasmania will secure second place on the table behind Western Australia and a final berth at Queensland's expense if they beat New South Wales at the Sydney Cricket Ground on Sunday.</p>
<p>At close of play on day three, Tasmania were 135 for no wicket, a lead of 149 runs, with one day remaining and all their second innings wickets in hand.</p>
<p>New South Wales earlier compiled a total of 449 in reply to the visitors' first innings 463 for seven declared.</p>
<p>Veteran New South Wales wicketkeeper Phil Emery scored 100 not out, his maiden first-class century in his 100th first-class game.</p>
<p>In Melbourne, Western Australia proved their readiness for the final by taking a firm grip of their match against Victoria.</p>
<p>At close of play on day three, Victoria were 108 for four in their second innings, still needing 145 runs to avoid an innings defeat.</p>
</text>
<copyright>(c) Reuters Limited 1997</copyright>
<metadata>
<codes class="bip:countries:1.0">
  <code code="AUSTR">
    <editdetail attribution="Reuters BIP Coding Group" action="confirmed" date="1997-03-15"/>
  </code>
</codes>
<codes class="bip:topics:1.0">
  <code code="GCAT">
    <editdetail attribution="Reuters BIP Coding Group" action="confirmed" date="1997-03-15"/>
  </code>
  <code code="GSPO">
    <editdetail attribution="Reuters BIP Coding Group" action="confirmed" date="1997-03-15"/>
  </code>
</codes>
<dc element="dc.date.created" value="1997-03-15"/>
<dc element="dc.publisher" value="Reuters Holdings Plc"/>
<dc element="dc.date.published" value="1997-03-15"/>
<dc element="dc.source" value="Reuters"/>
<dc element="dc.creator.location" value="SYDNEY"/>
<dc element="dc.creator.location.country.name" value="AUSTRALIA"/>
<dc element="dc.source" value="Reuters"/>
</metadata>
</newsitem>
