<?xml version="1.0" encoding="iso-8859-1" ?>
<newsitem itemid="444952" id="root" date="1997-03-15" xml:lang="en">
<title>TRINIDAD AND TOBAGO: CRICKET-KUMBLE RETURNS TO FORM AS W.INDIES STRUGGLE.</title>
<headline>CRICKET-KUMBLE RETURNS TO FORM AS W.INDIES STRUGGLE.</headline>
<dateline>PORT OF SPAIN 1997-03-14</dateline>
<text>
<p>Indian leg-spinner Anil Kumble took five wickets as the West Indies struggled on the first day of the second test match at the Queen's Park Oval on Friday.</p>
<p>At the close of a rain-interrupted day, the West Indies had advanced to 239 for seven, an unbeaten 71 from Roland Holder getting them out of deep trouble after they had been reduced to 61 for three at the lunch interval.</p>
<p>Kumble also took five wickets in an innings in the first test and his performance signalled that he has returned to form after a disappointing tour to South Africa at the start of this year.</p>
<p>He claimed the wickets of openers Sherwin Campbell (8), and Stuart Williams (18) before later dispatching Carl Hooper (40), Junior Murray (11) and Curtly Ambrose (11) to the pavillion. Kumble finished with figures of five for 95.</p>
<p>Fellow leg-spinner Sunil Joshi, meanwhile, claimed the prized wicket of Brian Lara, who edged to a diving Mohammed Azharuddin at first slip while attempting to drive a ball from Joshi.</p>
<p>Lara never looked comfortable, facing 51 balls for his 14 runs in 65 minutes during the morning session.</p>
<p>The West Indies won the toss but only decided to bat five minutes before the start and may well have regretted the decision.</p>
<p>Holder, the only real bright spot for the home team, rescued the day with some crisp strokes and was involved in half century partnerships with Hooper and Ambrose.</p>
<p>At the close, Franklyn Rose was with Holder at the crease on thirteen.</p>
</text>
<copyright>(c) Reuters Limited 1997</copyright>
<metadata>
<codes class="bip:countries:1.0">
  <code code="INDIA">
    <editdetail attribution="Reuters BIP Coding Group" action="confirmed" date="1997-03-15"/>
  </code>
  <code code="TRTO">
    <editdetail attribution="Reuters BIP Coding Group" action="confirmed" date="1997-03-15"/>
  </code>
</codes>
<codes class="bip:topics:1.0">
  <code code="GCAT">
    <editdetail attribution="Reuters BIP Coding Group" action="confirmed" date="1997-03-15"/>
  </code>
  <code code="GSPO">
    <editdetail attribution="Reuters BIP Coding Group" action="confirmed" date="1997-03-15"/>
  </code>
</codes>
<dc element="dc.date.created" value="1997-03-14"/>
<dc element="dc.publisher" value="Reuters Holdings Plc"/>
<dc element="dc.date.published" value="1997-03-15"/>
<dc element="dc.source" value="Reuters"/>
<dc element="dc.creator.location" value="PORT OF SPAIN"/>
<dc element="dc.creator.location.country.name" value="TRINIDAD AND TOBAGO"/>
<dc element="dc.source" value="Reuters"/>
</metadata>
</newsitem>
