<?xml version="1.0" encoding="iso-8859-1" ?>
<newsitem itemid="444937" id="root" date="1997-03-15" xml:lang="en">
<title>RUSSIA: BIATHLON-RESULTS OF NOVOSIBIRSK WORLD CUP EVENT.</title>
<headline>BIATHLON-RESULTS OF NOVOSIBIRSK WORLD CUP EVENT.</headline>
<dateline>MOSCOW 1997-03-15</dateline>
<text>
<p>Leading results in the biathlon</p>
<p>World Cup event in Novosibirsk, Russia on Saturday:</p>
<p>Men's 10km</p>
<p> 1. Ludwig Groedler (Austria)	27 minutes 59.9 seconds</p>
<p>(no missed shots)</p>
<p> 2. Ricco Gross (Germany)	    28:41.8 (1)</p>
<p> 3. Sergei Tarasov (Russia)	  28:42.4 (1)</p>
<p> 4. Raphael Poire (France)	   29:12.4 (1)</p>
<p> 5. Pieralberto Carrara (Italy)    29:16.9 (2)</p>
<p>World Cup standings: </p>
<p> 1. Sven Fischer (Germany)	   312 points</p>
<p> 2. Ole-Einar Bjorndallen (Norway) 303</p>
<p> 3  Viktor Maygurov (Russia)	 285</p>
<p> 4. Ricco Gross (Germany)	    259</p>
<p> 5. Pavel Muslimov (Russia)	  245</p>
<p>Women's 7,5 km</p>
<p> 1. Petra Behle (Germany)	    26 minutes 30.3 seconds</p>
<p>(no missed shots)</p>
<p> 2. Andrea Grasic (Slovenia)	 26:46.0 (2)</p>
<p> 3. Svetlana Paramygina (Belarus)  26:46.8 (0)</p>
<p> 4. Uschi Disl (Germany)	     26:55.5 (2)</p>
<p> 5. Petra Greiner (Germany)	  27:07.4 (3)</p>
<p>World Cup standings:</p>
<p> 1. Magdalena Forsberg (Sweden)    319 points</p>
<p> 2. Uschi Disl (Germany)	     318</p>
<p> 3. Petra Greiner (Germany)	  283</p>
<p> 4. Petra Behle (Germany)	    238</p>
</text>
<copyright>(c) Reuters Limited 1997</copyright>
<metadata>
<codes class="bip:countries:1.0">
  <code code="RUSS">
    <editdetail attribution="Reuters BIP Coding Group" action="confirmed" date="1997-03-15"/>
  </code>
</codes>
<codes class="bip:topics:1.0">
  <code code="GCAT">
    <editdetail attribution="Reuters BIP Coding Group" action="confirmed" date="1997-03-15"/>
  </code>
  <code code="GSPO">
    <editdetail attribution="Reuters BIP Coding Group" action="confirmed" date="1997-03-15"/>
  </code>
</codes>
<dc element="dc.date.created" value="1997-03-15"/>
<dc element="dc.publisher" value="Reuters Holdings Plc"/>
<dc element="dc.date.published" value="1997-03-15"/>
<dc element="dc.source" value="Reuters"/>
<dc element="dc.creator.location" value="MOSCOW"/>
<dc element="dc.creator.location.country.name" value="RUSSIA"/>
<dc element="dc.source" value="Reuters"/>
</metadata>
</newsitem>
