<?xml version="1.0" encoding="iso-8859-1" ?>
<newsitem itemid="444989" id="root" date="1997-03-15" xml:lang="en">
<title>GERMANY: SOCCER-GERMAN FIRST DIVISION RESULTS.</title>
<headline>SOCCER-GERMAN FIRST DIVISION RESULTS.</headline>
<dateline>BONN 1997-03-15</dateline>
<text>
<p>Results of soccer matches played</p>
<p>in the German first division on Saturday:</p>
<p> VfB Stuttgart		   4 Borussia Dortmund    1</p>
<p> Bayern Munich		   3 Schalke		  0</p>
<p> Bayer Leverkusen		1 Arminia Bielefeld    0</p>
<p> Freiburg			  2 1860 Munich	    2</p>
<p> Hansa Rostock		   3 Fortuna Duesseldorf  1</p>
<p> Borussia Moenchengladbach   2 Cologne		  1</p>
<p>Played on Friday </p>
<p> Duisburg			  2  Karlsruhe	     2</p>
<p> St Pauli			  2  Hamburg		 2</p>
<p>Playing on Sunday</p>
<p> Bochum			  v  Werder Bremen</p>
</text>
<copyright>(c) Reuters Limited 1997</copyright>
<metadata>
<codes class="bip:countries:1.0">
  <code code="GFR">
    <editdetail attribution="Reuters BIP Coding Group" action="confirmed" date="1997-03-15"/>
  </code>
</codes>
<codes class="bip:topics:1.0">
  <code code="GCAT">
    <editdetail attribution="Reuters BIP Coding Group" action="confirmed" date="1997-03-15"/>
  </code>
  <code code="GSPO">
    <editdetail attribution="Reuters BIP Coding Group" action="confirmed" date="1997-03-15"/>
  </code>
</codes>
<dc element="dc.date.created" value="1997-03-15"/>
<dc element="dc.publisher" value="Reuters Holdings Plc"/>
<dc element="dc.date.published" value="1997-03-15"/>
<dc element="dc.source" value="Reuters"/>
<dc element="dc.creator.location" value="BONN"/>
<dc element="dc.creator.location.country.name" value="GERMANY"/>
<dc element="dc.source" value="Reuters"/>
</metadata>
</newsitem>
