<?xml version="1.0" encoding="iso-8859-1" ?>
<newsitem itemid="444946" id="root" date="1997-03-15" xml:lang="en">
<title>NEW ZEALAND: CRICKET-TEST TURNS IN NZ'S FAVOUR VS SRI LANKA.</title>
<headline>CRICKET-TEST TURNS IN NZ'S FAVOUR VS SRI LANKA.</headline>
<dateline>HAMILTON, New Zealand 1997-03-15</dateline>
<text>
<p>A test-best performance by reformed fast bowler Heath Davis fired New Zealand into a strong position at the close of the second day of the second cricket test against Sri Lanka on Saturday.</p>
<p>The Wellington paceman collected five for 63 in just his fourth test to help roll the tourists for 170 and earn his side a first innings advantage of 52 runs on a rapidly wearing pitch.</p>
<p>New Zealand then extended their lead to 105 at the close when they were 53 for one in their second innings, with Bryan Young unbeaten on 22 and Matt Horne on 10.</p>
<p>They lost opening batsman Blair Pocock for seven in the sixth over when he edged a ball from left arm seamer Nuwan Zoysa to Roshan Mahanama at second slip.</p>
<p>Young was fortunate to survive  --  he was dropped on six at slip by Mahanama from the first delivery bowled by offspinner Kumar Dharmasena.</p>
<p>New Zealand won the first test in Dunedin earlier this week by an innings and 36 runs, and need only to draw this game to secure their first series victory in more than four years.</p>
<p>But a drawn result looks out of the question with 21 wickets having already fallen in six sessions.</p>
<p>The career of Davis, once rated by former New Zealand batsman and English county player Roger Twose as the fastest white bowler in the world, had been plagued by a lack of control.</p>
<p>He played one test in England in 1994 and was then ignored by the New Zealand selectors until the third test against the Englishmen in Christchurch last month.</p>
<p>Davis, who now bowls within himself and subsequently adheres to a tighter line, and teenaged left arm spinner Daniel Vettori caused the damage for New Zealand.</p>
<p>Vettori, just 18 and appearing in a test for just the fourth time, chipped in with four for 46 from 25 accurate overs on a surface causing problems and which is unlikely to see the match go the full distance of five days.</p>
<p>He relished playing on his home ground to display good control and flight in the air and again underline the the big role he may play in the resurgence of the New Zealand team.</p>
<p>Opener Mahanama topscored for the tourists with a diligent 45 while lower order batsmen Chaminda Vaas, with 28, and Kumar Dharmasena, with 27, put their heads down to grind out a seventh wicket stand of 53 in two hours.</p>
<p>Aravinda de Silva's dismal series continued when he made just one to lift his run aggregate from his last three innings to four before Vettori captured his first wicket of the innings this morning.</p>
</text>
<copyright>(c) Reuters Limited 1997</copyright>
<metadata>
<codes class="bip:countries:1.0">
  <code code="NZ">
    <editdetail attribution="Reuters BIP Coding Group" action="confirmed" date="1997-03-15"/>
  </code>
  <code code="SRILAN">
    <editdetail attribution="Reuters BIP Coding Group" action="confirmed" date="1997-03-15"/>
  </code>
</codes>
<codes class="bip:topics:1.0">
  <code code="GCAT">
    <editdetail attribution="Reuters BIP Coding Group" action="confirmed" date="1997-03-15"/>
  </code>
  <code code="GSPO">
    <editdetail attribution="Reuters BIP Coding Group" action="confirmed" date="1997-03-15"/>
  </code>
</codes>
<dc element="dc.date.created" value="1997-03-15"/>
<dc element="dc.publisher" value="Reuters Holdings Plc"/>
<dc element="dc.date.published" value="1997-03-15"/>
<dc element="dc.source" value="Reuters"/>
<dc element="dc.creator.location" value="HAMILTON, New Zealand"/>
<dc element="dc.creator.location.country.name" value="NEW ZEALAND"/>
<dc element="dc.source" value="Reuters"/>
</metadata>
</newsitem>
