<?xml version="1.0" encoding="iso-8859-1" ?>
<newsitem itemid="444904" id="root" date="1997-03-15" xml:lang="en">
<title>UK: SOCCER-LE SAUX'S RECOVERY HAND IN HAND WITH BLACKBURN'S.</title>
<headline>SOCCER-LE SAUX'S RECOVERY HAND IN HAND WITH BLACKBURN'S.</headline>
<byline>Mitch Phillips</byline>
<dateline>LONDON 1997-03-15</dateline>
<text>
<p>Kevin Gallacher scored a hat-trick on Saturday to steer Blackburn to a 3-1 win over Wimbledon and the heady heights of 12th place in the English premier league.</p>
<p>It may not seem too impressive at first glance but when it is considered that the Lancashire side, champions in 1995 and seventh last season, were anchored in the relegation zone until January, it represents an impressive recovery.</p>
<p>Now seven points clear of the 18th place that spells division one football next season, Blackburn can begin to relax after a tumultuous season.</p>
<p>Manager Ray Harford resigned in October with the club firmly rooted at the foot of the table, without a league win to their name and dumped out of the League Cup by second division Stockport.</p>
<p>Tony Parkes took over as caretaker manager and the club signed up Swede Sven-Goran Eriksson, currently in charge of Italy's Sampdoria, to take over at the end of the season.</p>
<p>But after weeks of unsettling speculation, Eriksson decided to stay in Italy and instead Blackburn announced that Internazionale boss Roy Hodgson would be the new manager.</p>
<p>Meanwhile, as all the discussions were going on behind the scenes, Parkes and his players were gradually hauling themselves out of trouble.</p>
<p>It all began with a 3-0 victory over Liverpool in November, followed by a run of 10 games with only one defeat.</p>
<p>The recovery coincided exactly with the return of England full back Graeme Le Saux who had been out of action for 14 months after sustaining an awful injury.</p>
<p>Le Saux broke his fibula, dislocated his ankle and ruptured tendons in a freak accident in a league match when his studs caught in the turf.</p>
<p>He fought his way back to fitness and his performances not only helped stabilise Blackburn but earned him a recall to the England side for February's match against Italy.</p>
<p>And after Saturday's win, the Channel Islander was in buoyant mood.</p>
<p>&quot;Today was a really good performance,&quot; he said. &quot;We've done well since Tony took over and now we've got something to build on.</p>
<p>&quot;We've had six wins and five draws in the last 12 and a couple more victories will secure us a mid-table position.&quot;</p>
<p>It must have been difficult for 28-year-old Le Saux to have to watch from the sidelines as his team mates struggled so badly early in the season, but he says the dark period should not be forgotten.</p>
<p>&quot;After the success we had previously it's important to learn from this season - it's not been good,&quot; he said.</p>
<p>Barring a major collapse, Blackburn should stay safely in the top flight and start afresh next season.</p>
<p>Le Saux, who joined Blackburn from Chelsea when Kenny Dalglish was in charge, is looking forward to it and has high hopes for Hodgson.</p>
<p>&quot;I don't know him but he's obviously got great quality,&quot; he said of the Englishman who has guided Inter to the top three in serie A. &quot;The clubs he's been with, and especially what he did with Switzerland, speaks for itself and it'll be very exciting.</p>
<p>But whether Le Saux will be around to see the excitement at close hand looks increasingly unlikely.</p>
<p>He reportedly had talks with Arsenal manager Arsene Wenger this week with a view to returning south.</p>
<p>He dismissed the story as &quot;paper talk&quot; on Saturday but it looks ever more likely that the next season at Ewood Park will be played without the man who has done so much to save this one.</p>
</text>
<copyright>(c) Reuters Limited 1997</copyright>
<metadata>
<codes class="bip:countries:1.0">
  <code code="UK">
    <editdetail attribution="Reuters BIP Coding Group" action="confirmed" date="1997-03-15"/>
  </code>
</codes>
<codes class="bip:topics:1.0">
  <code code="GCAT">
    <editdetail attribution="Reuters BIP Coding Group" action="confirmed" date="1997-03-15"/>
  </code>
  <code code="GSPO">
    <editdetail attribution="Reuters BIP Coding Group" action="confirmed" date="1997-03-15"/>
  </code>
</codes>
<dc element="dc.date.created" value="1997-03-15"/>
<dc element="dc.publisher" value="Reuters Holdings Plc"/>
<dc element="dc.date.published" value="1997-03-15"/>
<dc element="dc.source" value="Reuters"/>
<dc element="dc.creator.location" value="LONDON"/>
<dc element="dc.creator.location.country.name" value="UK"/>
<dc element="dc.source" value="Reuters"/>
</metadata>
</newsitem>
