<?xml version="1.0" encoding="iso-8859-1" ?>
<newsitem itemid="444984" id="root" date="1997-03-15" xml:lang="en">
<title>DENMARK: TENNIS-COPENHAGEN OPEN RESULTS.</title>
<headline>TENNIS-COPENHAGEN OPEN RESULTS.</headline>
<dateline>COPENHAGEN 1997-03-15</dateline>
<text>
<p>Men's singles semi-final</p>
<p>results in the $203,000 Copenhagen Open ATP tournament on</p>
<p>Saturday (prefix number denotes seeding):</p>
<p>2-Martin Damm (Czech Republic) beat 6-Karol Kucera (Slovakia)</p>
<p>6-4 3-6 6-3</p>
<p>5-Thomas Johansson (Sweden) beat Lars Burgsmueller (Germany)</p>
<p>6-2 6-4</p>
</text>
<copyright>(c) Reuters Limited 1997</copyright>
<metadata>
<codes class="bip:countries:1.0">
  <code code="CZREP">
    <editdetail attribution="Reuters BIP Coding Group" action="confirmed" date="1997-03-15"/>
  </code>
  <code code="DEN">
    <editdetail attribution="Reuters BIP Coding Group" action="confirmed" date="1997-03-15"/>
  </code>
  <code code="GFR">
    <editdetail attribution="Reuters BIP Coding Group" action="confirmed" date="1997-03-15"/>
  </code>
  <code code="SLVAK">
    <editdetail attribution="Reuters BIP Coding Group" action="confirmed" date="1997-03-15"/>
  </code>
  <code code="SWED">
    <editdetail attribution="Reuters BIP Coding Group" action="confirmed" date="1997-03-15"/>
  </code>
</codes>
<codes class="bip:topics:1.0">
  <code code="GCAT">
    <editdetail attribution="Reuters BIP Coding Group" action="confirmed" date="1997-03-15"/>
  </code>
  <code code="GSPO">
    <editdetail attribution="Reuters BIP Coding Group" action="confirmed" date="1997-03-15"/>
  </code>
</codes>
<dc element="dc.date.created" value="1997-03-15"/>
<dc element="dc.publisher" value="Reuters Holdings Plc"/>
<dc element="dc.date.published" value="1997-03-15"/>
<dc element="dc.source" value="Reuters"/>
<dc element="dc.creator.location" value="COPENHAGEN"/>
<dc element="dc.creator.location.country.name" value="DENMARK"/>
<dc element="dc.source" value="Reuters"/>
</metadata>
</newsitem>
