<?xml version="1.0" encoding="iso-8859-1" ?>
<newsitem itemid="444972" id="root" date="1997-03-15" xml:lang="en">
<title>PORTUGAL: SOCCER-PORTUGUESE FIRST DIVISION RESULT/STANDINGS.</title>
<headline>SOCCER-PORTUGUESE FIRST DIVISION RESULT/STANDINGS.</headline>
<dateline>LISBON 1997-03-15</dateline>
<text>
<p>Result of an Portuguese first division soccer match on Saturday:</p>
<p>Porto 1 Sporting 2</p>
<p>Playing Sunday:</p>
<p>Belenenses v Setubal</p>
<p>Gil Vicente v Uniao Leiria</p>
<p>Braga v Chaves</p>
<p>Benfica v Salgueiros</p>
<p>Guimaraes v Estrela Amadora</p>
<p>Maritimo v Espinho</p>
<p>Rio Ave v Farense</p>
<p>Leca v Boavista</p>
<p>    Standings	 Pl    W    D    L     F    A    Pts</p>
<p> 1. Porto	     23   18    3    2    54   16    57</p>
<p> 2. Sporting	  23   15    5    3    36   12    50</p>
<p> 3. Benfica	   22   13    4    5    37   15    43</p>
<p> 4. Braga	     22   10    7    5    29   31    37</p>
<p> 5. Guimaraes	 22   10    5    7    35   27    35</p>
<p> 6. Estrela Amadora 22    8    8    6    26   22    32</p>
<p> 7. Chaves	    22    8    6    8    28   34    30</p>
<p> 8. Salgueiros	22    7    8    7    27   31    29</p>
<p> 9. Espinho	   22    8    4   10    21   30    28</p>
<p> 10.Setubal	   22    7    7    8    25   29    28</p>
<p> 11.Belenenses	22    7    7    8    28   35    28</p>
<p> 12.Farense	   22    6    8    8    19   22    26</p>
<p> 13.Boavista	  22    5   11    6    29   27    26</p>
<p> 14.Maritimo	  22    6    6   10    25   34    24</p>
<p> 15.Leca		22    6    6   10    24   28    24</p>
<p> 16.Rio Ave	   22    4    5   13    22   34    17</p>
<p> 17.Uniao Leiria    22    4    4   14    16   35    16</p>
<p> 18.Gil Vicente     22    2    6   14    19   38    12</p>
</text>
<copyright>(c) Reuters Limited 1997</copyright>
<metadata>
<codes class="bip:countries:1.0">
  <code code="PORL">
    <editdetail attribution="Reuters BIP Coding Group" action="confirmed" date="1997-03-15"/>
  </code>
</codes>
<codes class="bip:topics:1.0">
  <code code="GCAT">
    <editdetail attribution="Reuters BIP Coding Group" action="confirmed" date="1997-03-15"/>
  </code>
  <code code="GSPO">
    <editdetail attribution="Reuters BIP Coding Group" action="confirmed" date="1997-03-15"/>
  </code>
</codes>
<dc element="dc.date.created" value="1997-03-15"/>
<dc element="dc.publisher" value="Reuters Holdings Plc"/>
<dc element="dc.date.published" value="1997-03-15"/>
<dc element="dc.source" value="Reuters"/>
<dc element="dc.creator.location" value="LISBON"/>
<dc element="dc.creator.location.country.name" value="PORTUGAL"/>
<dc element="dc.source" value="Reuters"/>
</metadata>
</newsitem>
