<?xml version="1.0" encoding="iso-8859-1" ?>
<newsitem itemid="444982" id="root" date="1997-03-15" xml:lang="en">
<title>PORTUGAL: GOLF-PORTUGUESE OPEN LEADING THIRD ROUND SCORES.</title>
<headline>GOLF-PORTUGUESE OPEN LEADING THIRD ROUND SCORES.</headline>
<dateline>LISBON 1997-03-15</dateline>
<text>
<p>Leading third round scores in the</p>
<p>Portuguese Open golf tournament at Aroeira on Saturday (British</p>
<p>unless stated):</p>
<p>200 Michael Jonzon (Sweden) 67 65 68</p>
<p>202 Jose Maria Olazabal (Spain) 70 67 65, Paul Broadhurst 68 67</p>
<p>67</p>
<p>205 Mark Davis 69 69 67, Van Phillips 67 68 70, Wayne Riley</p>
<p>(Australia)</p>
<p>68 66 71</p>
<p>206 Robert Lee 71 68 67, Raymond Russell 69 69 68, Mark James</p>
<p>70 66 70,</p>
<p>Silvio Grappasonni (Italy) 71 65 70, Peter O'Malley</p>
<p>(Australia) 65 69 72</p>
<p>207 Ignacio Garrido (Spain) 69 71 67, Diego Borrego (Spain) 69</p>
<p>70 68</p>
<p>208 Katsuyoshi Tomori (Japan) 72 70 66, Richard Boxall 70 71</p>
<p>67, Eduardo Romero</p>
<p>(Argentina) 72 69 67, Mathew Goggin (Australia) 71 69 68,</p>
<p>Miguel Angel</p>
<p>Martin (Spain) 70 70 68, Alex Cejka (Germany) 69 70 69,</p>
<p>Paul Affleck 69 69 70</p>
<p>209 Stephen Allan (Australia) 69 73 67, Gary Evans 72 69 68,</p>
<p>Darren Clarke 70 71 68,</p>
<p>Jose Rivero (Spain) 71 69 69, Antonio Sobrinho (Portugal)</p>
<p>67 73 69, Jose</p>
<p>Coceres (Argentina) 71 69 69</p>
<p>210 Jon Robson 72 70 68, Mark Mouland 72 69 69, Peter Mitchell</p>
<p>70 70 70,</p>
<p>Andrew Sandywell 70 70 70, Paolo Quirici (Switzerland) 70</p>
<p>69 71, Adam Hunter</p>
<p>71 68 71, John Wade (Australia) 68 70 72</p>
<p>211 Massimo Florioli (Italy) 73 70 68, Mike McLean 71 71 69,</p>
<p>Jean Van de Velde</p>
<p>(France) 73  69 69, Jose MariaCanizares (Spain) 69 73 69,</p>
<p>Paul Curry 70 71 70,</p>
<p>Daniel Chopra (Sweden) 72 68 71, Max Anglert (Sweden) 66 74</p>
<p>71, Pedro Linhart</p>
<p>(Spain) 68 71 72</p>
</text>
<copyright>(c) Reuters Limited 1997</copyright>
<metadata>
<codes class="bip:countries:1.0">
  <code code="PORL">
    <editdetail attribution="Reuters BIP Coding Group" action="confirmed" date="1997-03-15"/>
  </code>
</codes>
<codes class="bip:topics:1.0">
  <code code="GCAT">
    <editdetail attribution="Reuters BIP Coding Group" action="confirmed" date="1997-03-15"/>
  </code>
  <code code="GSPO">
    <editdetail attribution="Reuters BIP Coding Group" action="confirmed" date="1997-03-15"/>
  </code>
</codes>
<dc element="dc.date.created" value="1997-03-15"/>
<dc element="dc.publisher" value="Reuters Holdings Plc"/>
<dc element="dc.date.published" value="1997-03-15"/>
<dc element="dc.source" value="Reuters"/>
<dc element="dc.creator.location" value="LISBON"/>
<dc element="dc.creator.location.country.name" value="PORTUGAL"/>
<dc element="dc.source" value="Reuters"/>
</metadata>
</newsitem>
