<?xml version="1.0" encoding="iso-8859-1" ?>
<newsitem itemid="444925" id="root" date="1997-03-15" xml:lang="en">
<title>SOUTH AFRICA: CRICKET-WOOLMER SURPRISED BY WAUGH BOAST.</title>
<headline>CRICKET-WOOLMER SURPRISED BY WAUGH BOAST.</headline>
<dateline>PORT ELIZABETH, South Africa 1997-03-15</dateline>
<text>
<p>South Africa coach Bob Woolmer on Saturday expressed surprise at Steve Waugh's pre-match boast that Australia could not lose the current second test.</p>
<p>Speaking after the second day's play during which South Africa dismissed Australia for 108 and then reached 83 without loss to build a lead of 184, Woolmer told reporters:</p>
<p>&quot;I'm rather surprised that Steve said that. It's not the kind of thing that most cricketers would ever say because this game has a habit of biting you back.&quot;</p>
<p>Waugh, buoyed by his side's emphatic victory in the first test, said before the match: &quot;Australia just can't lose. I know it's a big statement but, the way we are playing at the moment, we can't lose. South Africa can't win, it's as simple as that.&quot;</p>
<p>South African captain Hansie Cronje, responding to Waugh's comments on Thursday, the day before the test, said: &quot;They (Australia) are obviously very confident. Hopefully that extends to over-confidence.&quot;</p>
</text>
<copyright>(c) Reuters Limited 1997</copyright>
<metadata>
<codes class="bip:countries:1.0">
  <code code="AUSTR">
    <editdetail attribution="Reuters BIP Coding Group" action="confirmed" date="1997-03-15"/>
  </code>
  <code code="SAFR">
    <editdetail attribution="Reuters BIP Coding Group" action="confirmed" date="1997-03-15"/>
  </code>
</codes>
<codes class="bip:topics:1.0">
  <code code="GCAT">
    <editdetail attribution="Reuters BIP Coding Group" action="confirmed" date="1997-03-15"/>
  </code>
  <code code="GSPO">
    <editdetail attribution="Reuters BIP Coding Group" action="confirmed" date="1997-03-15"/>
  </code>
</codes>
<dc element="dc.date.created" value="1997-03-15"/>
<dc element="dc.publisher" value="Reuters Holdings Plc"/>
<dc element="dc.date.published" value="1997-03-15"/>
<dc element="dc.source" value="Reuters"/>
<dc element="dc.creator.location" value="PORT ELIZABETH, South Africa"/>
<dc element="dc.creator.location.country.name" value="SOUTH AFRICA"/>
<dc element="dc.source" value="Reuters"/>
</metadata>
</newsitem>
