<?xml version="1.0" encoding="iso-8859-1" ?>
<newsitem itemid="444995" id="root" date="1997-03-15" xml:lang="en">
<title>ROMANIA: ROMANIA BANCOREX HAS NEW CHIEF, POLICE HEAR EX-BOSS.</title>
<headline>ROMANIA BANCOREX HAS NEW CHIEF, POLICE HEAR EX-BOSS.</headline>
<dateline>BUCHAREST 1997-03-14</dateline>
<text>
<p>Florin Ionescu was named on Friday as chairman of the leading state-run Bancorex SA commercial bank to replace Razvan Temesan, reportedly in police custody, a central bank official said on Friday.</p>
<p>National Bank spokesman Adrian Vasilescu told Reuters Ionescu was appointed after a Bancorex shareholder's meeting decided to sack Temesan and his deputy Alexandru Ghiba.</p>
<p>Late on Friday, the state television said Temesan had been taken in police custody for 24 hours after a five-hour meeting with police officers &quot;who asked him to show some documents.&quot;</p>
<p>&quot;Razvan Temesan has been invited and heard at the Penal investigations department. A committee was created to investigate claims related to Razvan Temesan,&quot; an Interior Ministry statement said without elaborating.</p>
<p>The General Prosecutor's office issued an order forbidding Temesan to leave Bucharest for the next 30 days pending investigations.</p>
<p>The state television also showed Temesan being taken under guard to the Bucharest's police penal investigation department.</p>
<p>It was not immediately clear whether there were any charges brought against Temesan as neither police officials nor prosecutors were available for comment.</p>
<p>Vasilescu said he was not aware of the police action.</p>
<p>Under the law prosecutors have to decide within 24 hours whether to issue an arrest warrant against Temesan or free him.</p>
<p>Bancorex would not be affected by the management shake-up, Vasilescu said, adding that Ghiba had been replaced by Maria Constantinescu.</p>
<p>&quot;Ionescu and Constantinescu are good professionals. The bank is solid and on the right track,&quot; Vasilescu said, adding that he ruled out any &quot;possible run on the bank.&quot;</p>
<p>He declined to comment on Temesan's removal, saying it was &quot;an internal affair&quot; of Bancorex's shareholders.</p>
<p>Temesan was appointed Bancorex chairman in 1994.</p>
<p>Banca Romana de Comert Exterior Bancorex SA, specialised in foreign trade financing, handles the bulk of foreign exchange trading on the local market.</p>
<p>The latest data show the bank has share capital of 93.2 billion lei, with the State Ownership Fund holding 63 percent and private ownership funds some 27 percent. The rest goes to corporations and individuals.</p>
<p>Last year, Banking rating service Thomson BankWatch awarded Bancorex a LC-1 short-term local currency debt rating, implying a very high likelihood of interest and principle for the bank.</p>
<p>This month, Moody's Investors Service assigned Bancorex's long-term deposits a B1 rating and a not-prime for the short-term ones.</p>
<p>-- Bucharest Newsroom, 40-1 3120264</p>
</text>
<copyright>(c) Reuters Limited 1997</copyright>
<metadata>
<codes class="bip:countries:1.0">
  <code code="ROM">
    <editdetail attribution="Reuters BIP Coding Group" action="confirmed" date="1997-03-15"/>
  </code>
</codes>
<codes class="bip:industries:1.0">
  <code code="I81501">
    <editdetail attribution="Reuters BIP Coding Group" action="confirmed" date="1997-03-15"/>
  </code>
  <code code="I8150110">
    <editdetail attribution="Reuters BIP Coding Group" action="confirmed" date="1997-03-15"/>
  </code>
</codes>
<codes class="bip:topics:1.0">
  <code code="C12">
    <editdetail attribution="Reuters BIP Coding Group" action="confirmed" date="1997-03-15"/>
  </code>
  <code code="C41">
    <editdetail attribution="Reuters BIP Coding Group" action="confirmed" date="1997-03-15"/>
  </code>
  <code code="C411">
    <editdetail attribution="Reuters BIP Coding Group" action="confirmed" date="1997-03-15"/>
  </code>
  <code code="CCAT">
    <editdetail attribution="Reuters BIP Coding Group" action="confirmed" date="1997-03-15"/>
  </code>
  <code code="GCAT">
    <editdetail attribution="Reuters BIP Coding Group" action="confirmed" date="1997-03-15"/>
  </code>
  <code code="GCRIM">
    <editdetail attribution="Reuters BIP Coding Group" action="confirmed" date="1997-03-15"/>
  </code>
</codes>
<dc element="dc.date.created" value="1997-03-14"/>
<dc element="dc.publisher" value="Reuters Holdings Plc"/>
<dc element="dc.date.published" value="1997-03-15"/>
<dc element="dc.source" value="Reuters"/>
<dc element="dc.creator.location" value="BUCHAREST"/>
<dc element="dc.creator.location.country.name" value="ROMANIA"/>
<dc element="dc.source" value="Reuters"/>
</metadata>
</newsitem>
