<?xml version="1.0" encoding="iso-8859-1" ?>
<newsitem itemid="444961" id="root" date="1997-03-15" xml:lang="en">
<title>TAIWAN: CHINESE OLYMPIC CHAMPIONS VISIT TAIWAN.</title>
<headline>CHINESE OLYMPIC CHAMPIONS VISIT TAIWAN.</headline>
<dateline>TAIPEI 1997-03-15</dateline>
<text>
<p>A group of Atlanta Olympic gold medallists from China arrived in Taiwan on Saturday to promote sports exchanges between the two political rivals.</p>
<p>The visit was originally scheduled for February 20 but was postponed because of the death of China's paramount leader Deng Xiaoping.</p>
<p>The Chinese delegation, which includes women's 5,000 metres gold medallist Wang Junxia and women's diving gold medallist Fu Mingxia, was invited by Taiwan's education ministry.</p>
<p>They will visit Taiwan's colleges and training centres and meet athletes and coaches on the island over the next week.</p>
<p>Although Taiwan and China have been political rivals since they split after a civil war ended in 1949, cultural and economic ties have flourished with an unofficial thaw that began in the 1980s.</p>
<p>The two sides competed in the same Olympics for the first time at the 1984 Los Angeles Games.</p>
</text>
<copyright>(c) Reuters Limited 1997</copyright>
<metadata>
<codes class="bip:countries:1.0">
  <code code="CHINA">
    <editdetail attribution="Reuters BIP Coding Group" action="confirmed" date="1997-03-15"/>
  </code>
  <code code="TAIWAN">
    <editdetail attribution="Reuters BIP Coding Group" action="confirmed" date="1997-03-15"/>
  </code>
  <code code="USA">
    <editdetail attribution="Reuters BIP Coding Group" action="confirmed" date="1997-03-15"/>
  </code>
</codes>
<codes class="bip:topics:1.0">
  <code code="GCAT">
    <editdetail attribution="Reuters BIP Coding Group" action="confirmed" date="1997-03-15"/>
  </code>
  <code code="GSPO">
    <editdetail attribution="Reuters BIP Coding Group" action="confirmed" date="1997-03-15"/>
  </code>
</codes>
<dc element="dc.date.created" value="1997-03-15"/>
<dc element="dc.publisher" value="Reuters Holdings Plc"/>
<dc element="dc.date.published" value="1997-03-15"/>
<dc element="dc.source" value="Reuters"/>
<dc element="dc.creator.location" value="TAIPEI"/>
<dc element="dc.creator.location.country.name" value="TAIWAN"/>
<dc element="dc.source" value="Reuters"/>
</metadata>
</newsitem>
