<?xml version="1.0" encoding="iso-8859-1" ?>
<newsitem itemid="444965" id="root" date="1997-03-15" xml:lang="en">
<title>USA: NHL ICE HOCKEY-FRIDAY'S RESULTS.</title>
<headline>NHL ICE HOCKEY-FRIDAY'S RESULTS.</headline>
<dateline>NEW YORK 1997-03-15</dateline>
<text>
<p>Results of National Hockey</p>
<p>League games on Friday (home team in CAPS):</p>
<p> NY Rangers	4  OTTAWA	    3 (OT)</p>
<p> DALLAS	    4  Chicago	   4 (OT)</p>
<p> COLORADO	  6  Pittsburgh	3</p>
<p> ANAHEIM	   4  St Louis	  4 (OT)</p>
<p> Phoenix	   4  SAN JOSE	  1</p>
</text>
<copyright>(c) Reuters Limited 1997</copyright>
<metadata>
<codes class="bip:countries:1.0">
  <code code="CANA">
    <editdetail attribution="Reuters BIP Coding Group" action="confirmed" date="1997-03-15"/>
  </code>
  <code code="USA">
    <editdetail attribution="Reuters BIP Coding Group" action="confirmed" date="1997-03-15"/>
  </code>
</codes>
<codes class="bip:topics:1.0">
  <code code="GCAT">
    <editdetail attribution="Reuters BIP Coding Group" action="confirmed" date="1997-03-15"/>
  </code>
  <code code="GSPO">
    <editdetail attribution="Reuters BIP Coding Group" action="confirmed" date="1997-03-15"/>
  </code>
</codes>
<dc element="dc.date.created" value="1997-03-15"/>
<dc element="dc.publisher" value="Reuters Holdings Plc"/>
<dc element="dc.date.published" value="1997-03-15"/>
<dc element="dc.source" value="Reuters"/>
<dc element="dc.creator.location" value="NEW YORK"/>
<dc element="dc.creator.location.country.name" value="USA"/>
<dc element="dc.source" value="Reuters"/>
</metadata>
</newsitem>
