<?xml version="1.0" encoding="iso-8859-1" ?>
<newsitem itemid="444990" id="root" date="1997-03-15" xml:lang="en">
<title>ITALY: SOCCER-JUVENTUS REGAIN EIGHT POINT LEAD IN ITALY.</title>
<headline>SOCCER-JUVENTUS REGAIN EIGHT POINT LEAD IN ITALY.</headline>
<dateline>ROME 1997-03-15</dateline>
<text>
<p>Striker Christian Vieri scored twice on Saturday as European Cup holders Juventus beat Roma 3-0 and restored their eight point league lead in Italy.</p>
<p>Vieri, thrust into the front line of a below-strength Juventus, scored in the 28th and 44th minutes to dismiss any notion that the absence of injured striker Alessandro del Piero and suspended Croat Alen Boksic had weakened the team.</p>
<p>Nicola Amoruso scored the third in the 85th.</p>
<p>Juventus, whose match was brought forward from the usual Sunday slot to allow more time to prepare for Wednesday's European Cup quarter-final second leg against Norway's Rosenborg, have 48 points after 24 matches.</p>
<p>But second-placed Parma, more realistically chasing a place in the European Cup as runners-up, can cut the gap to five points if they beat third placed Inter later.</p>
<p>That match was brought forward due to Inter's UEFA Cup commitments against Anderlecht of Belgium.</p>
<p>Parma have 40 points and Inter, who drew 0-0 with Juventus at the San Siro last weekend, are on 38.</p>
<p>Struggling AC Milan, in 12th place before Saturday's match, overcame Cup Winners' Cup hopefuls Fiorentina 2-0 to leapfrog them, Napoli and Lazio and move up to ninth place.</p>
<p>French international midfielder Marcel Desailly headed in the first in the 61st minute from close range. Second half substitute Demetrio Albertini scored the second with an 89th minute penalty after George Weah was felled.</p>
</text>
<copyright>(c) Reuters Limited 1997</copyright>
<metadata>
<codes class="bip:countries:1.0">
  <code code="ITALY">
    <editdetail attribution="Reuters BIP Coding Group" action="confirmed" date="1997-03-15"/>
  </code>
</codes>
<codes class="bip:topics:1.0">
  <code code="GCAT">
    <editdetail attribution="Reuters BIP Coding Group" action="confirmed" date="1997-03-15"/>
  </code>
  <code code="GSPO">
    <editdetail attribution="Reuters BIP Coding Group" action="confirmed" date="1997-03-15"/>
  </code>
</codes>
<dc element="dc.date.created" value="1997-03-15"/>
<dc element="dc.publisher" value="Reuters Holdings Plc"/>
<dc element="dc.date.published" value="1997-03-15"/>
<dc element="dc.source" value="Reuters"/>
<dc element="dc.creator.location" value="ROME"/>
<dc element="dc.creator.location.country.name" value="ITALY"/>
<dc element="dc.source" value="Reuters"/>
</metadata>
</newsitem>
