<?xml version="1.0" encoding="iso-8859-1" ?>
<newsitem itemid="444941" id="root" date="1997-03-15" xml:lang="en">
<title>TRINIDAD AND TOBAGO: CRICKET-INDIA 171-1 AT CLOSE V W.INDIES.</title>
<headline>CRICKET-INDIA 171-1 AT CLOSE V W.INDIES.</headline>
<dateline>PORT OF SPAIN 1997-03-15</dateline>
<text>
<p>India were 171-1 in reply to West Indies' first innings total of 296 all out at the close on the second day of the second test match on Saturday.</p>
</text>
<copyright>(c) Reuters Limited 1997</copyright>
<metadata>
<codes class="bip:countries:1.0">
  <code code="INDIA">
    <editdetail attribution="Reuters BIP Coding Group" action="confirmed" date="1997-03-15"/>
  </code>
  <code code="TRTO">
    <editdetail attribution="Reuters BIP Coding Group" action="confirmed" date="1997-03-15"/>
  </code>
</codes>
<codes class="bip:topics:1.0">
  <code code="GCAT">
    <editdetail attribution="Reuters BIP Coding Group" action="confirmed" date="1997-03-15"/>
  </code>
  <code code="GSPO">
    <editdetail attribution="Reuters BIP Coding Group" action="confirmed" date="1997-03-15"/>
  </code>
</codes>
<dc element="dc.date.created" value="1997-03-15"/>
<dc element="dc.publisher" value="Reuters Holdings Plc"/>
<dc element="dc.date.published" value="1997-03-15"/>
<dc element="dc.source" value="Reuters"/>
<dc element="dc.creator.location" value="PORT OF SPAIN"/>
<dc element="dc.creator.location.country.name" value="TRINIDAD AND TOBAGO"/>
<dc element="dc.source" value="Reuters"/>
</metadata>
</newsitem>
