<?xml version="1.0" encoding="iso-8859-1" ?>
<newsitem itemid="445056" id="root" date="1997-03-15" xml:lang="en">
<title>BELARUS: Thousands protest against Lukashenko in Belarus.</title>
<headline>Thousands protest against Lukashenko in Belarus.</headline>
<byline>Larisa Sayenko</byline>
<dateline>MINSK 1997-03-15</dateline>
<text>
<p>About 10,000 people defied a ban on marches in Belarus to protest against hardline President Alexander Lukashenko and mark Constitution Day on Saturday.</p>
<p>&quot;Long live Belarus!&quot; they shouted, showing their opposition to plans for a union with Russia which President Boris Yeltsin said on Friday could lead to a merger one day.</p>
<p>A resolution passed at the rally called for new elections to the parliament formed after Lukashenko won a controversial constitutional referendum on expanding his powers last November.</p>
<p>It also called for opposition forces to consider trying to push through early presidential elections.</p>
<p>&quot;Fascism! Lukashism!&quot; protesters chanted after police blocked them from proceeding down the central avenue of the capital Minsk, where Lukashenko's residence is situated.</p>
<p>Instead police with riot gear and truncheons funnelled the crowds down side-streets. Marching had been officially banned.</p>
<p>On Friday, police used truncheons to break up a rally of up to 2,000 young activists and arrested about 100 people, including two Americans, two Germans and several journalists.</p>
<p>But on Saturday protesters made their way to an area near the Palace of Sports where opposition politicians denounced Lukashenko's amended version of the former Soviet republic's constitution. The original was written four years ago.</p>
<p>The Popular Front, the most active opposition group whose 53-year-old leader was arrested in a late-night police raid on Thursday, said seven protesters were arrested.</p>
<p>The referendum, widely discredited since Lukashenko ignored the constitutional court, parliament and the constitution itself to push it through, gave him wide authority over all branches of power and allowed him to recommence his five-year term.</p>
<p>This will give him a total of 7-1/2 years at the helm of the state on Russia's western border whose identity is intimately tied up with Moscow after centuries of Russian and Soviet rule.</p>
<p>Lukashenko praised his new constitution as a &quot;guarantor of domestic political stability&quot; in an address in official newspapers. &quot;The updated constitution created a foundation for fulfilling the individual's rights and freedom,&quot; it said.</p>
<p>Saturday's rally was led by Semyon Sharetsky, speaker of the old parliament who led attempts to stop the November polls.</p>
<p>&quot;Under cover of the so-called referendum, a coup d'etat has taken place in Belarus. Its organiser, spiritual leader and manager was Alexander Lukashenko, who brutally violated the old constitution,&quot; Sharetsky told the crowds.</p>
<p>Youngsters ripped up official Belarussian flags which had been put up for the holiday. Lukashenko revived the Soviet-era flag in place of the red-and-white one adopted on independence.</p>
<p>Earlier this month the president banned the display of post-independence symbols as part of a crackdown on opposition forces who have promised him a &quot;political spring&quot;.</p>
<p>Lukashenko is backed by most of the 10 million Belarussians but is opposed by a loose union of liberals, nationalists, intellectuals and students mostly concentrated in Minsk.</p>
<p>Some 60 deputies who refused to join the new parliament met on Friday night to call on the outside world not to recognise Lukashenko's new constitution and to mark Constitution Day.</p>
<p>They were joined by the German ambassador, Italian charge d'affaires and British and Russian embassy officials.</p>
<p>The United States said on Friday it had downgraded its relationship with Belarus because of what it called a &quot;serious turn for the worse&quot; in the human rights situation.</p>
</text>
<copyright>(c) Reuters Limited 1997</copyright>
<metadata>
<codes class="bip:countries:1.0">
  <code code="BYELRS">
    <editdetail attribution="Reuters BIP Coding Group" action="confirmed" date="1997-03-15"/>
  </code>
</codes>
<codes class="bip:topics:1.0">
  <code code="GCAT">
    <editdetail attribution="Reuters BIP Coding Group" action="confirmed" date="1997-03-15"/>
  </code>
  <code code="GPOL">
    <editdetail attribution="Reuters BIP Coding Group" action="confirmed" date="1997-03-15"/>
  </code>
  <code code="GVIO">
    <editdetail attribution="Reuters BIP Coding Group" action="confirmed" date="1997-03-15"/>
  </code>
</codes>
<dc element="dc.date.created" value="1997-03-15"/>
<dc element="dc.publisher" value="Reuters Holdings Plc"/>
<dc element="dc.date.published" value="1997-03-15"/>
<dc element="dc.source" value="Reuters"/>
<dc element="dc.creator.location" value="MINSK"/>
<dc element="dc.creator.location.country.name" value="BELARUS"/>
<dc element="dc.source" value="Reuters"/>
</metadata>
</newsitem>
