<?xml version="1.0" encoding="iso-8859-1" ?>
<newsitem itemid="445086" id="root" date="1997-03-15" xml:lang="en">
<title>AZERBAIJAN: Azeri, Japanese firms in Caspian exploration deal.</title>
<headline>Azeri, Japanese firms in Caspian exploration deal.</headline>
<byline>Lawrence Sheets</byline>
<dateline>BAKU 1997-03-15</dateline>
<text>
<p>A group of Japanese firms led by Japan National Oil Corporation (JNOC) signed an agreement on Saturday with Azerbaijan's state oil company SOCAR to explore three offshore Caspian Sea fields.</p>
<p>The Japanese group includes Mitsubishi Oil, IMPEX, and JAPEX. JNOC, acting as a facilitator, will insure risks undertaken by the other three companies in the project.</p>
<p>The memorandum of understanding allows the firms to carry out further exploration on Yanan-Tava, Atashgah and Mugandeniz fields in the south Caspian Sea.</p>
<p>The agreement paves the way for a formal production-sharing deal with SOCAR expected to be signed later this year.</p>
<p>The fields, covering an area of about 500 square kilometres, begin 30 to 40 kilometres offshore. Water depths are 100 to 120 meters.</p>
<p>SOCAR officials said that no information was available on estimated reserves or the eventual size of investment in the project.</p>
<p>&quot;It is simply too early to say anything about the likely reserves or how much money will need to be invested without more sophisticated exploratory work,&quot; said SOCAR Vice President for Geology and Geophysics, Khoshbakht Yusif-zade.</p>
<p>But another SOCAR official who did not want to be named described the three fields as &quot;some of our most promising.&quot;</p>
<p>Azerbaijan has already signed five contracts with Western oil firms worth more than $15 billion to help develop its massive offshore reserves.</p>
<p>In addition to the Japanese project SOCAR is also in negotiations with American oil giant Exxon to develop three deep-water fields in the South Caspian.</p>
<p>Senior SOCAR officials estimate overall Azeri reserves at about two billion tonnes of crude in addition to seven trillion cubic meters of natural gas.</p>
<p>The biggest contract Azerbaijan has signed to date, worth over $8 billion, is with a 13-member international energy consortium led by British Petroleum and Den norse stats oljeselskap (Statoil).</p>
<p>The Consortium, The Azerbaijan International Operating Company (AIOC), must soon announce where it plans to build a new, large pipeline to help carry the bulk of exports from the project, expected to peak after 2005, to Western markets.</p>
<p>Georgia and Russia have been competing for the route but Azeri officials now say the decision has already been made to build the pipeline from Baku to a port on the Georgian Black Sea coast.</p>
<p>Turkey, concerned about tanker traffic through the Bosphorous Straits, says it wants to see the route extended to its Mediterranean coast.</p>
</text>
<copyright>(c) Reuters Limited 1997</copyright>
<metadata>
<codes class="bip:countries:1.0">
  <code code="AZERB">
    <editdetail attribution="Reuters BIP Coding Group" action="confirmed" date="1997-03-15"/>
  </code>
  <code code="JAP">
    <editdetail attribution="Reuters BIP Coding Group" action="confirmed" date="1997-03-15"/>
  </code>
</codes>
<codes class="bip:industries:1.0">
  <code code="I13000">
    <editdetail attribution="Reuters BIP Coding Group" action="confirmed" date="1997-03-15"/>
  </code>
  <code code="I1300003">
    <editdetail attribution="Reuters BIP Coding Group" action="confirmed" date="1997-03-15"/>
  </code>
  <code code="I14000">
    <editdetail attribution="Reuters BIP Coding Group" action="confirmed" date="1997-03-15"/>
  </code>
</codes>
<codes class="bip:topics:1.0">
  <code code="C24">
    <editdetail attribution="Reuters BIP Coding Group" action="confirmed" date="1997-03-15"/>
  </code>
  <code code="C33">
    <editdetail attribution="Reuters BIP Coding Group" action="confirmed" date="1997-03-15"/>
  </code>
  <code code="CCAT">
    <editdetail attribution="Reuters BIP Coding Group" action="confirmed" date="1997-03-15"/>
  </code>
</codes>
<dc element="dc.date.created" value="1997-03-15"/>
<dc element="dc.publisher" value="Reuters Holdings Plc"/>
<dc element="dc.date.published" value="1997-03-15"/>
<dc element="dc.source" value="Reuters"/>
<dc element="dc.creator.location" value="BAKU"/>
<dc element="dc.creator.location.country.name" value="AZERBAIJAN"/>
<dc element="dc.source" value="Reuters"/>
</metadata>
</newsitem>
