<?xml version="1.0" encoding="iso-8859-1" ?>
<newsitem itemid="445019" id="root" date="1997-03-15" xml:lang="en">
<title>NIGERIA: Voting ends peacefully in test-case Nigerian poll.</title>
<headline>Voting ends peacefully in test-case Nigerian poll.</headline>
<byline>James Jukwey</byline>
<dateline>LAGOS 1997-03-15</dateline>
<text>
<p>Nigerians voted peacefully on Saturday in local elections seen as a test of the military government's plan to relinquish power to civilians next year.</p>
<p>The elections commissioner lauded voter turnout and the government spokesmen said this showed support for military ruler General Sani Abacha's controversial democracy programme.</p>
<p>Information Minister Walter Ofonagoro said the vote was &quot;an endorsement&quot; of Abacha's civil-rule programme, dismissed by opponents as a sham. The army aborted a similar move four years ago when it scrapped a presidential poll as a winner emerged.</p>
<p>&quot;The turnout of the people has been very impressive and encouraging,&quot; elections chief Sumner Dagogo-Jack told reporters.</p>
<p>Vote counting started at polling stations across the country after polls closed at 4 p.m. (1500 GMT). There was no immediate report of any serious incident from any of Nigeria's 36 states.</p>
<p>An indication of how the five registered parties performed should emerge by Sunday but full results will take a couple of days, officials said.</p>
<p>Dago-Jack gave no turnout figures but witnesses said polling was generally lighter in the commercial capital Lagos and outlying provinces, the bastion of opposition to the military.</p>
<p>&quot;The whole transition plan is patchy,&quot; insisted leading pro-democracy campaigner Ayo Obe on Saturday. &quot;Voters don't even know people they are voting for nor do they know the parties.&quot;</p>
<p>The poll to elect chairmen and councillors to more than 770 town halls is the first multi-party ballot since 1993.</p>
<p>The military abruptly scrapped the June 1993 presidential poll as Moshood Abiola, a business tycoon coasted to victory.</p>
<p>Abacha seized power in the confusion that ensued, but Nigeria plunged further into crisis after Abiola was detained in June 1994 for proclaiming himself president.</p>
<p>The army has ruled Nigeria for most of the time since independence from Britain in 1960. There has been widespread skepticism about the military's promise to step down in 1998.</p>
<p>Speculation is rife that Abacha will not hand over power to a civilian president, unless he is the civilian. Abacha insists the army will keep its promise to return to barracks, but has so far avoided addressing the burning issue of his own future.</p>
<p>Pro-democracy groups did not urge a boycott but nor did they show any enthusiasm for the ballot.</p>
<p>Voting started off on time but slowly in Lagos, with only trickles of voters noticeable at most polling stations. Officials said this was because there were many more polling stations this time than in last year's non-party elections.</p>
<p>Polling in the capital Abuja started on schedule but rowdy scenes erupted at some polling stations where voters complained their names were missing from voter lists or that numbers on their cards did not match those on the register.</p>
<p>Residents reported heavy turnout in Bauchi state in northern Nigeria, where support for the transition programme is strong. Abacha, like most of Nigeria's rulers, is from the north.</p>
<p>No established international or Western monitoring groups was invited to observe the elections although a 38-member U.S. team of mostly African Americans arrived this week.</p>
<p>The government has been shunned by Western powers since the 1995 hanging of writer Ken Saro Wiwa and eight other minority activists after a special court convicted them of murder.</p>
<p>The National Electoral Commission of Nigeria (NECON) released final figures showing nearly 56 million voters had been registered for the poll from a population of about 100 million.</p>
</text>
<copyright>(c) Reuters Limited 1997</copyright>
<metadata>
<codes class="bip:countries:1.0">
  <code code="NIGEA">
    <editdetail attribution="Reuters BIP Coding Group" action="confirmed" date="1997-03-15"/>
  </code>
</codes>
<codes class="bip:topics:1.0">
  <code code="GCAT">
    <editdetail attribution="Reuters BIP Coding Group" action="confirmed" date="1997-03-15"/>
  </code>
  <code code="GPOL">
    <editdetail attribution="Reuters BIP Coding Group" action="confirmed" date="1997-03-15"/>
  </code>
  <code code="GVOTE">
    <editdetail attribution="Reuters BIP Coding Group" action="confirmed" date="1997-03-15"/>
  </code>
</codes>
<dc element="dc.date.created" value="1997-03-15"/>
<dc element="dc.publisher" value="Reuters Holdings Plc"/>
<dc element="dc.date.published" value="1997-03-15"/>
<dc element="dc.source" value="Reuters"/>
<dc element="dc.creator.location" value="LAGOS"/>
<dc element="dc.creator.location.country.name" value="NIGERIA"/>
<dc element="dc.source" value="Reuters"/>
</metadata>
</newsitem>
