<?xml version="1.0" encoding="iso-8859-1" ?>
<newsitem itemid="445083" id="root" date="1997-03-15" xml:lang="en">
<title>POLAND: Poland's Belka sees pension bills ready in April.</title>
<headline>Poland's Belka sees pension bills ready in April.</headline>
<dateline>WARSAW 1997-03-15</dateline>
<text>
<p>Poland's cabinet will probably send parliament in April the majority of bills necessary for the reform of the country's ailing state pension system, Finance Minister Marek Belka told the daily Parkiet in its Saturday edition.</p>
<p>&quot;Currently we're at the home stretch....That doesn't mean it was possible to reach unanimity on all points (on pension reform) but I believe that in April the majority of bills will reach parliament,&quot; he was quoted as saying.</p>
<p>The labour ministry has promised to complete four bills triggering the pension reform by the end of March but many observers say the bills, even if approved by the government, could get stuck in parliament during this election year.</p>
<p>Poland's current bureaucratic and inefficient communist-era system is seen posing a serious threat to public finances as the number of pensioners is set to rise from the current nine million to 11 million in 2010.</p>
<p>Belka, who became finance minister last month when his predecessor stepped down to avoid the pre-election political fray, has said he would pay special attention to the overhaul of the social security system.</p>
<p>-- Warsaw Newsroom +48 22 653 9700</p>
</text>
<copyright>(c) Reuters Limited 1997</copyright>
<metadata>
<codes class="bip:countries:1.0">
  <code code="POL">
    <editdetail attribution="Reuters BIP Coding Group" action="confirmed" date="1997-03-15"/>
  </code>
</codes>
<codes class="bip:topics:1.0">
  <code code="GCAT">
    <editdetail attribution="Reuters BIP Coding Group" action="confirmed" date="1997-03-15"/>
  </code>
  <code code="GPOL">
    <editdetail attribution="Reuters BIP Coding Group" action="confirmed" date="1997-03-15"/>
  </code>
  <code code="GWELF">
    <editdetail attribution="Reuters BIP Coding Group" action="confirmed" date="1997-03-15"/>
  </code>
</codes>
<dc element="dc.date.created" value="1997-03-15"/>
<dc element="dc.publisher" value="Reuters Holdings Plc"/>
<dc element="dc.date.published" value="1997-03-15"/>
<dc element="dc.source" value="Reuters"/>
<dc element="dc.creator.location" value="WARSAW"/>
<dc element="dc.creator.location.country.name" value="POLAND"/>
<dc element="dc.source" value="Reuters"/>
</metadata>
</newsitem>
