<?xml version="1.0" encoding="iso-8859-1" ?>
<newsitem itemid="445094" id="root" date="1997-03-15" xml:lang="en">
<title>RUSSIA: Russia seeks compromise -- at home and abroad.</title>
<headline>Russia seeks compromise -- at home and abroad.</headline>
<byline>Alastair Macdonald</byline>
<dateline>MOSCOW 1997-03-15</dateline>
<text>
<p>Russian Foreign Minister Yevgeny Primakov, whose job looks secure despite Boris Yeltsin's looming government reshuffle, flies to Washington on Saturday to prepare the president's Helsinki summit with Bill Clinton.</p>
<p>The Kremlin said on Friday, more than a week after Yeltsin ordered sweeping government changes to tackle a deepening social crisis, that details of the reshuffle would finally be announced before Yeltsin heads for Finland on Wednesday.</p>
<p>Primakov will be seeking to lay the ground for a deal with the U.S. president that could lead to a compromise on NATO's expansion plans. Yeltsin said on Friday the March 19-20 summit would be his toughest ever but that compromise was possible.</p>
<p>There may also be compromise -- this time between Russia's reformers and Yeltsin's more conservative allies -- when the president unveils his new government team after meeting Prime Minister Viktor Chernomyrdin on Monday or Tuesday.</p>
<p>The foreign ministry has said Primakov has proposals to make in the row with NATO over its plans to offer membership to Moscow's former communist allies in eastern and central Europe.</p>
<p>Primakov, who meets Secretary of State Madeleine Albright on Saturday, Defence Secretary William Cohen on Sunday and Clinton on Monday, also expects serious discussion on arms control.</p>
<p>Helsinki will be a chance for Yeltsin, 66, to show he has recovered after eight months of heart trouble and pneumonia. He even got the chance to turn the tables and send get well wishes to Clinton, who had an operation on his injured knee on Friday.</p>
<p>The Kremlin leader says he is determined to take Russia's international and domestic problems in hand.</p>
<p>But the time taken to form the new government since he handed a leading role a week ago to his liberal chief-of-staff Anatoly Chubais has fuelled speculation that cutting out dead wood and creating a streamlined pro-reform team is proving hard.</p>
<p>Indications from Yeltsin that the upper ranks of the cabinet may be fuller than expected was also seen by some analysts as a sign he may be slow to alienate faithful supporters for the sake of the new approach Chubais is believed to be seeking.</p>
<p>Yeltsin said on Friday there would, in addition to Chubais as sole first deputy premier, be seven deputy premiers. There are three first deputies and nine deputies in the present team.</p>
<p>Chernomyrdin was ordered by Yeltsin to get rid of much of the government he formed only in August. Kremlin sources say Chubais, who is hated by the communists for privatising Russian industry, wants a free hand to push through more market reforms.</p>
<p>But there are more conservative voices around Yeltsin, too, notably among Russia's big industrialists who see Chernomyrdin, a former gas industry chief, as a guarantor of their interests.</p>
<p>Chubais, 41, is said to want to reduce the influence of ministries whose close relationships with the industries they regulate is a hangover from the days of Soviet central planning.</p>
<p>Yeltsin has shown time and again his propensity to play his various groups of supporters off against each other, so the eventual cabinet line-up may well represent a balance of forces.</p>
<p>Despite the time taken to announce the new government, there is an urgency in the situation. A week after returning from Helsinki, Yeltsin will face a nationwide strike on March 27.</p>
<p>Former Kremlin security chief General Alexander Lebed warned on Friday that discontent over unpaid wages and pensions could boil over into Albanian-style anarchy. Lebed is demanding new elections, which opinion polls suggest he could well win.</p>
<p>Fortunately for Yeltsin, however, his recovery makes an early vote less likely, although the communists too renewed demands on Friday for him to step down on health grounds.</p>
<p>A poll by the VTsIOM research institute showed that eight months into his second term, 20 percent of Russians approved of Yeltsin's record and 79 percent disapproved. Ominously, Chubais was even more unpopular, with an 85-percent disapproval rating.</p>
</text>
<copyright>(c) Reuters Limited 1997</copyright>
<metadata>
<codes class="bip:countries:1.0">
  <code code="FIN">
    <editdetail attribution="Reuters BIP Coding Group" action="confirmed" date="1997-03-15"/>
  </code>
  <code code="NATO">
    <editdetail attribution="Reuters BIP Coding Group" action="confirmed" date="1997-03-15"/>
  </code>
  <code code="RUSS">
    <editdetail attribution="Reuters BIP Coding Group" action="confirmed" date="1997-03-15"/>
  </code>
  <code code="USA">
    <editdetail attribution="Reuters BIP Coding Group" action="confirmed" date="1997-03-15"/>
  </code>
</codes>
<codes class="bip:topics:1.0">
  <code code="GCAT">
    <editdetail attribution="Reuters BIP Coding Group" action="confirmed" date="1997-03-15"/>
  </code>
  <code code="GDIP">
    <editdetail attribution="Reuters BIP Coding Group" action="confirmed" date="1997-03-15"/>
  </code>
</codes>
<dc element="dc.date.created" value="1997-03-15"/>
<dc element="dc.publisher" value="Reuters Holdings Plc"/>
<dc element="dc.date.published" value="1997-03-15"/>
<dc element="dc.source" value="Reuters"/>
<dc element="dc.creator.location" value="MOSCOW"/>
<dc element="dc.creator.location.country.name" value="RUSSIA"/>
<dc element="dc.source" value="Reuters"/>
</metadata>
</newsitem>
