<?xml version="1.0" encoding="iso-8859-1" ?>
<newsitem itemid="445025" id="root" date="1997-03-15" xml:lang="en">
<title>NIGERIA: Nigerians vote peacefully in test-case election.</title>
<headline>Nigerians vote peacefully in test-case election.</headline>
<byline>James Jukwey</byline>
<dateline>LAGOS 1997-03-15</dateline>
<text>
<p>Nigerians voted peacefully on Saturday in local elections seen as a test of the military's commitment to return the populous African nation to democracy.</p>
<p>Authorities ordered all transport off the roads for the polling period from 8 a.m. (0700 GMT) to 4 p.m (1500 GMT) to ensure people went to polling stations, which are supposed to be within walking distance for all voters.</p>
<p>Shops and businesses closed across the country. In a district of the largest city Lagos, soldiers horse-whipped and frog-marched a group of people found trading, witnesses said.</p>
<p>Police in full riot gear patrolled or stood in personnel carriers at strategic positions but away from polling centres.</p>
<p>There were no immediate reports of serious incidents in Lagos or the outlying southwestern region, the bastion of opposition to military rule and the army's civil rule programme.</p>
<p>&quot;People are voting peacefully here. No one has caused any trouble,&quot; said a spokesman for the police command in Abeokuta, the hometown of jailed presidential claimant Moshood Abiola.</p>
<p>The last time Nigerians voted to end the army's long stranglehold on power ended in fiasco. The military abruptly scrapped the June 1993 presidential poll as Abiola, a wealthy businessman was coasting to victory.</p>
<p>Abacha seized power in the confusion that ensued, but Nigeria plunged further into crisis after Abiola was detained in June 1994 for proclaiming himself president.</p>
<p>The army has ruled Nigeria for most of the time since independence from Britain in 1960. There has been widespread skepticism about the military's promise to step down in 1998.</p>
<p>Speculation is rife that Abacha will not hand over power to a civilian president, unless he is the civilian. Abacha insists the army will keep its promise to return to barracks, but has so far avoided addressing the burning issue of his own future.</p>
<p>Pro-democracy groups, who denounce the military's democracy programme as a sham, urged people to ignore local elections held as a test run exactly a year ago on non-party basis.</p>
<p>This time they have not urged a boycott but neither have they shown any enthusiasm for the ballot.</p>
<p>The poll to elect chairmen and councillors to more than 770 town halls is the first multi-party ballot since 1993.</p>
<p>Voting started off on time but slowly in Lagos, with only a trickle of voters noticeable at most polling stations. Officials said this was because there were many more polling stations this time than in last year's non-party elections.</p>
<p>Enthusiasm was markedly higher in poorer neighbourhoods.</p>
<p>Polling in the capital Abuja started on schedule but rowdy scenes erupted at some polling stations where voters complained their names were missing from voter lists or that numbers on their cards did not match those on the register.</p>
<p>&quot;I was registered here as voter number two but now my name is not on the list. I must vote,&quot; said voter John Dare at the NYSC polling station in the capital's Area 2.</p>
<p>Residents reported heavy turnout in Bauchi state in northern Nigeria, where support for the transition programme is strong. Abacha, like most of Nigeria's rulers, is from the north.</p>
<p>No established international or Western monitoring groups were invited to observe the elections although a 38-member U.S. team of mostly African Americans arrived this week.</p>
<p>The government has been shunned by Western powers since the 1995 hanging of writer Ken Saro Wiwa and eight other minority activists after a special court convicted them of murder.</p>
<p>The National Electoral Commission of Nigeria (NECON) released final figures showing nearly 56 million voters had been registered for the poll from a population of about 100 million.</p>
</text>
<copyright>(c) Reuters Limited 1997</copyright>
<metadata>
<codes class="bip:countries:1.0">
  <code code="NIGEA">
    <editdetail attribution="Reuters BIP Coding Group" action="confirmed" date="1997-03-15"/>
  </code>
</codes>
<codes class="bip:topics:1.0">
  <code code="GCAT">
    <editdetail attribution="Reuters BIP Coding Group" action="confirmed" date="1997-03-15"/>
  </code>
  <code code="GPOL">
    <editdetail attribution="Reuters BIP Coding Group" action="confirmed" date="1997-03-15"/>
  </code>
  <code code="GVOTE">
    <editdetail attribution="Reuters BIP Coding Group" action="confirmed" date="1997-03-15"/>
  </code>
</codes>
<dc element="dc.date.created" value="1997-03-15"/>
<dc element="dc.publisher" value="Reuters Holdings Plc"/>
<dc element="dc.date.published" value="1997-03-15"/>
<dc element="dc.source" value="Reuters"/>
<dc element="dc.creator.location" value="LAGOS"/>
<dc element="dc.creator.location.country.name" value="NIGERIA"/>
<dc element="dc.source" value="Reuters"/>
</metadata>
</newsitem>
