<?xml version="1.0" encoding="iso-8859-1" ?>
<newsitem itemid="445015" id="root" date="1997-03-15" xml:lang="en">
<title>BAHAMAS: GOVERNMENT LIST.</title>
<headline>GOVERNMENT LIST.</headline>
<text>
<p>BAHAMAS GOVERNMENT LIST (970315)</p>
<p>**********************************************************</p>
<p>* 15 Mar 97 - The ruling Free National Movement scored a *</p>
<p>*		 landslide victory in the Mar 14 general    *</p>
<p>*		 election, winning at least 33 of the 40    *</p>
<p>*		 seats in parliament.			     *</p>
<p>**********************************************************</p>
<p>				   - - - - - -</p>
<p>  Governor-General............Orville TURNQUEST</p>
<p>				   - - - - - -</p>
<p>FREE NATIONAL MOVEMENT (FNM) GOVERNMENT:</p>
<p>(Reshuffled 9 Jan 95)</p>
<p>  Prime Minister.............Hubert A. INGRAHAM</p>
<p>  Deputy Prime Minister.........Frank A. WATSON</p>
<p>(Also Minister of Tourism)</p>
<p>				   - - - - - -</p>
<p>MINISTERS:</p>
<p>  Agriculture &amp; Fisheries......Pierre V. DUPUCH</p>
<p>  Attorney General........Theodore B. SYMONETTE</p>
<p>  Education........Ivy L. DUMONT</p>
<p>  Finance &amp; Planning...........William C. ALLEN</p>
<p>  Foreign Affairs.............Janet G. BOSTWICK</p>
<p>  Health &amp; Environment...............Theresa M. MOXEY-INGRAHAM</p>
<p>  Public Safety &amp; Immigration...............Cornelius A. SMITH</p>
<p>  Public Works...............Arlington G BUTLER</p>
<p>  Social Development...........Maurice E. MOORE</p>
<p>  Tourism.............See Deputy Prime Minister</p>
<p>  Transport..Tennyson R.G. WELLS</p>
<p>  Youth &amp; Culture.......Algernon S. P. B. ALLEN</p>
<p>(Also Leader of the House of Assembly)</p>
<p>				   - - - - - -</p>
<p>  Leader of the House of Assembly...........See Youth Minister</p>
<p>				   - - - - - -</p>
<p>  Central Bank Governor..........James H. SMITH</p>
<p>				   - - - - - -</p>
<p>	 NOTE: Any comments/queries on the content of this</p>
<p>		 government list, please contact the Reuter</p>
<p>		 Editorial Reference Unit, London, on (171) 542</p>
<p>		 7968.</p>
<p>				 (End Government List)</p>
</text>
<copyright>(c) Reuters Limited 1997</copyright>
<metadata>
<codes class="bip:countries:1.0">
  <code code="BAH">
    <editdetail attribution="Reuters BIP Coding Group" action="confirmed" date="1997-03-15"/>
  </code>
</codes>
<codes class="bip:topics:1.0">
  <code code="GCAT">
    <editdetail attribution="Reuters BIP Coding Group" action="confirmed" date="1997-03-15"/>
  </code>
  <code code="GPOL">
    <editdetail attribution="Reuters BIP Coding Group" action="confirmed" date="1997-03-15"/>
  </code>
</codes>
<dc element="dc.publisher" value="Reuters Holdings Plc"/>
<dc element="dc.date.published" value="1997-03-15"/>
<dc element="dc.source" value="Reuters"/>
<dc element="dc.creator.location.country.name" value="BAHAMAS"/>
<dc element="dc.source" value="Reuters"/>
</metadata>
</newsitem>
