<?xml version="1.0" encoding="iso-8859-1" ?>
<newsitem itemid="445071" id="root" date="1997-03-15" xml:lang="en">
<title>RUSSIA: Yeltsin tells govt to act on army, coal crises.</title>
<headline>Yeltsin tells govt to act on army, coal crises.</headline>
<dateline>MOSCOW 1997-03-15</dateline>
<text>
<p>President Boris Yeltsin ordered the Russian government on Saturday to take immediate steps to remedy financial crises in the army and the coal industry.</p>
<p>The Kremlin press service said in a statement that Yeltsin was replying to warnings about the state of the armed forces from Defence Minister Igor Rodionov and cash problems in the coal industry from the head of the state mines group Rosugol.</p>
<p>The government is in something close to limbo ahead of a planned major shake-up to be announced on Monday or Tuesday.</p>
<p>&quot;The worsening situation in the financing of food supplies to the Russian armed forces and other troops is impermissible,&quot; Yeltsin told the government. &quot;Take steps urgently.&quot;</p>
<p>He recently accused Rodionov of &quot;whingeing&quot; for his repeated warnings about the poor state of the army.</p>
<p>Echoing comments by the defence minister, a former colonel in the strategic missile command warned on Saturday in the popular daily Komsomolskaya Pravda that Russia's nuclear missile systems were no longer reliable.</p>
<p>&quot;We could launch an accidental nuclear strike on the United States in seconds,&quot; Robert Bykov wrote in the article, which was presented in a sensational manner with an artist's impression of the New York skyline under an atomic mushroom cloud.</p>
<p>Yeltsin also gave the government two weeks to determine the coal industry's budget for 1997 and settle the state's debts to the sector run up in January and February. He emphasised that the social welfare of miners should have priority.</p>
<p>In less than two weeks, Russia's main trade unions plan to stage a national strike. The miners, many of whom are among millions of workers left unpaid for months, have played a prominent role in recent industrial action.</p>
<p>On the same theme, Yeltsin told the government it had failed to implement his orders from last June to improve funding for the Hermitage art museum in St. Petersburg, one of the world's leading galleries with a priceless collection of treasures.</p>
<p>&quot;I ask you to normalise this situation, which has deteriorated, in the promptest manner,&quot; Yeltsin said.</p>
<p>Back to active politics after eight months of illness, Yeltsin blasted the government in a state of the nation address 10 days ago and demanded sweeping changes to avert a deepening social and economic crisis.</p>
</text>
<copyright>(c) Reuters Limited 1997</copyright>
<metadata>
<codes class="bip:countries:1.0">
  <code code="RUSS">
    <editdetail attribution="Reuters BIP Coding Group" action="confirmed" date="1997-03-15"/>
  </code>
</codes>
<codes class="bip:industries:1.0">
  <code code="I11000">
    <editdetail attribution="Reuters BIP Coding Group" action="confirmed" date="1997-03-15"/>
  </code>
</codes>
<codes class="bip:topics:1.0">
  <code code="C42">
    <editdetail attribution="Reuters BIP Coding Group" action="confirmed" date="1997-03-15"/>
  </code>
  <code code="CCAT">
    <editdetail attribution="Reuters BIP Coding Group" action="confirmed" date="1997-03-15"/>
  </code>
  <code code="E12">
    <editdetail attribution="Reuters BIP Coding Group" action="confirmed" date="1997-03-15"/>
  </code>
  <code code="E41">
    <editdetail attribution="Reuters BIP Coding Group" action="confirmed" date="1997-03-15"/>
  </code>
  <code code="ECAT">
    <editdetail attribution="Reuters BIP Coding Group" action="confirmed" date="1997-03-15"/>
  </code>
  <code code="GCAT">
    <editdetail attribution="Reuters BIP Coding Group" action="confirmed" date="1997-03-15"/>
  </code>
  <code code="GDEF">
    <editdetail attribution="Reuters BIP Coding Group" action="confirmed" date="1997-03-15"/>
  </code>
  <code code="GJOB">
    <editdetail attribution="Reuters BIP Coding Group" action="confirmed" date="1997-03-15"/>
  </code>
  <code code="GPOL">
    <editdetail attribution="Reuters BIP Coding Group" action="confirmed" date="1997-03-15"/>
  </code>
</codes>
<dc element="dc.date.created" value="1997-03-15"/>
<dc element="dc.publisher" value="Reuters Holdings Plc"/>
<dc element="dc.date.published" value="1997-03-15"/>
<dc element="dc.source" value="Reuters"/>
<dc element="dc.creator.location" value="MOSCOW"/>
<dc element="dc.creator.location.country.name" value="RUSSIA"/>
<dc element="dc.source" value="Reuters"/>
</metadata>
</newsitem>
