<?xml version="1.0" encoding="iso-8859-1" ?>
<newsitem itemid="445012" id="root" date="1997-03-15" xml:lang="en">
<title>UK: Britain to veto EU beef labelling - paper.</title>
<headline>Britain to veto EU beef labelling - paper.</headline>
<dateline>LONDON 1997-03-15</dateline>
<text>
<p>Britain will block a European Union proposal to label all beef with its country of origin, fearing a conspiracy to undermine British beef sales, the Financial Times said on Saturday.</p>
<p>The paper said the government fears that continental European consumers would not buy beef labelled as British even after the worldwide ban on exports is lifted.</p>
<p>The newspaper said that when farm ministers meet on Monday, British Agriculture Minister Douglas Hogg intends to oppose EU Commission plans to label all beef in the EU with information about where the animal was born, reared and slaughtered.</p>
<p>It added that British opposition will scupper the plans, which require backing from all 15 EU ministers., and that Britain expects support from Ireland, Denmark and Italy.</p>
<p>&quot;We think the motive for supporting the proposal is protectionist. The signal being sent is that meat from country A is OK, just don't buy the British stuff,&quot; the newspaper quoted an unnamed British official as saying.</p>
<p>It said Britain favours a voluntary regime, while the Commission argues that a compulsory system is vital to regain consumer confidence following the Mad Cow crisis.</p>
<p>There was no immediate comment available from British officials on the Financial Times report.</p>
</text>
<copyright>(c) Reuters Limited 1997</copyright>
<metadata>
<codes class="bip:countries:1.0">
  <code code="EEC">
    <editdetail attribution="Reuters BIP Coding Group" action="confirmed" date="1997-03-15"/>
  </code>
  <code code="UK">
    <editdetail attribution="Reuters BIP Coding Group" action="confirmed" date="1997-03-15"/>
  </code>
</codes>
<codes class="bip:industries:1.0">
  <code code="I01001">
    <editdetail attribution="Reuters BIP Coding Group" action="confirmed" date="1997-03-15"/>
  </code>
  <code code="I0100105">
    <editdetail attribution="Reuters BIP Coding Group" action="confirmed" date="1997-03-15"/>
  </code>
  <code code="I41220">
    <editdetail attribution="Reuters BIP Coding Group" action="confirmed" date="1997-03-15"/>
  </code>
</codes>
<codes class="bip:topics:1.0">
  <code code="C13">
    <editdetail attribution="Reuters BIP Coding Group" action="confirmed" date="1997-03-15"/>
  </code>
  <code code="C21">
    <editdetail attribution="Reuters BIP Coding Group" action="confirmed" date="1997-03-15"/>
  </code>
  <code code="CCAT">
    <editdetail attribution="Reuters BIP Coding Group" action="confirmed" date="1997-03-15"/>
  </code>
  <code code="G15">
    <editdetail attribution="Reuters BIP Coding Group" action="confirmed" date="1997-03-15"/>
  </code>
  <code code="G153">
    <editdetail attribution="Reuters BIP Coding Group" action="confirmed" date="1997-03-15"/>
  </code>
  <code code="GCAT">
    <editdetail attribution="Reuters BIP Coding Group" action="confirmed" date="1997-03-15"/>
  </code>
</codes>
<dc element="dc.date.created" value="1997-03-15"/>
<dc element="dc.publisher" value="Reuters Holdings Plc"/>
<dc element="dc.date.published" value="1997-03-15"/>
<dc element="dc.source" value="Reuters"/>
<dc element="dc.creator.location" value="LONDON"/>
<dc element="dc.creator.location.country.name" value="UK"/>
<dc element="dc.source" value="Reuters"/>
</metadata>
</newsitem>
