<?xml version="1.0" encoding="iso-8859-1" ?>
<newsitem itemid="445014" id="root" date="1997-03-15" xml:lang="en">
<title>UK: New food scare hits Britain.</title>
<headline>New food scare hits Britain.</headline>
<dateline>LONDON 1997-03-14</dateline>
<text>
<p>The British government advised parents on Friday to wash and peel fruit after tests revealed contaminated peaches and apples containing up to four times the recommended level of pesticides.</p>
<p>The fruit problem follows scares over the safety of pre-prepared meats and public concern over Mad Cow disease. Polls show widespread distrust of the government following the fatal food scares, and the fracas over fruit will do little to enhance its image with consumers.</p>
<p>The government was quick to insist there was no cause for concern.</p>
<p>&quot;Levels of residues in the majority of fruit and vegetables fall well below maximum residue levels. However, a small number of apples and peaches, including imports, had higher residue levels than desirable,&quot; it said in a statement.</p>
<p>It said Britain would press for worldwide action to improve the monitoring of pesticides.</p>
<p>Recent food scares have centred on meat, even though the government insists British beef is safe to eat.</p>
<p>But with fear of Mad Cow disease still widespread, it has also admitted that slaughterhouses have broken rules in the past and is currently facing criticism about hygiene in abattoirs.</p>
<p>Poor hygiene can lead to food poisoning, such as the E coli outbreak that killed 18 people in Scotland this year and last.</p>
</text>
<copyright>(c) Reuters Limited 1997</copyright>
<metadata>
<codes class="bip:countries:1.0">
  <code code="UK">
    <editdetail attribution="Reuters BIP Coding Group" action="confirmed" date="1997-03-15"/>
  </code>
</codes>
<codes class="bip:industries:1.0">
  <code code="I01002">
    <editdetail attribution="Reuters BIP Coding Group" action="confirmed" date="1997-03-15"/>
  </code>
  <code code="I0100206">
    <editdetail attribution="Reuters BIP Coding Group" action="confirmed" date="1997-03-15"/>
  </code>
</codes>
<codes class="bip:topics:1.0">
  <code code="C13">
    <editdetail attribution="Reuters BIP Coding Group" action="confirmed" date="1997-03-15"/>
  </code>
  <code code="C24">
    <editdetail attribution="Reuters BIP Coding Group" action="confirmed" date="1997-03-15"/>
  </code>
  <code code="CCAT">
    <editdetail attribution="Reuters BIP Coding Group" action="confirmed" date="1997-03-15"/>
  </code>
  <code code="GCAT">
    <editdetail attribution="Reuters BIP Coding Group" action="confirmed" date="1997-03-15"/>
  </code>
  <code code="GHEA">
    <editdetail attribution="Reuters BIP Coding Group" action="confirmed" date="1997-03-15"/>
  </code>
</codes>
<dc element="dc.date.created" value="1997-03-14"/>
<dc element="dc.publisher" value="Reuters Holdings Plc"/>
<dc element="dc.date.published" value="1997-03-15"/>
<dc element="dc.source" value="Reuters"/>
<dc element="dc.creator.location" value="LONDON"/>
<dc element="dc.creator.location.country.name" value="UK"/>
<dc element="dc.source" value="Reuters"/>
</metadata>
</newsitem>
