<?xml version="1.0" encoding="iso-8859-1" ?>
<newsitem itemid="445022" id="root" date="1997-03-15" xml:lang="en">
<title>ZAIRE: Zaire rebels say advancing into Kisangani city.</title>
<headline>Zaire rebels say advancing into Kisangani city.</headline>
<dateline>GOMA, Zaire 1997-03-15</dateline>
<text>
<p>Zaire rebels battling for the country's third largest city of Kisangani said on Saturday their forces were advancing into the city itself after capturing the international airport.</p>
<p>&quot;The international airport has been taken and fighting is continuing in town,&quot; Raphael Ngenda told reporters at rebel headquarters in the eastern town of Goma.</p>
<p>The fall of Kisangani would be the biggest setback for the government since the rebels took up arms in October, vowing to topple veteran President Mobutu Sese Seko. They already hold towns and a large swathe of territory in the east.</p>
<p>In the Zambian capital Lusaka, military sources said Zairean soldiers had abandoned the town of Pweto in mineral-rich Shaba province which shares a lake border with northern Zambia.</p>
<p>&quot;Our forces have detected the Zairean army fleeing Pweto and our intelligence so far confirms that all government troops have fled the town without a fight,&quot; a senior military official told Reuters in Nairobi by telephone from Lusaka.</p>
<p>If confirmed, the flight of the Zaireans from Pweto puts the rebels within 400 km (250 miles) reach of Lubumbashi, the capital of Shaba. A regional military source earlier told Reuters that the rebels were advancing on Pweto.</p>
<p>The rebels' Voice of the People broadcast from Goma also said the Zairean army (FAZ) was fleeing the city. Zairean rebels have seized control of around one-fifth of the country since the start of their campaign last October.</p>
</text>
<copyright>(c) Reuters Limited 1997</copyright>
<metadata>
<codes class="bip:countries:1.0">
  <code code="ZAIRE">
    <editdetail attribution="Reuters BIP Coding Group" action="confirmed" date="1997-03-15"/>
  </code>
</codes>
<codes class="bip:topics:1.0">
  <code code="GCAT">
    <editdetail attribution="Reuters BIP Coding Group" action="confirmed" date="1997-03-15"/>
  </code>
  <code code="GVIO">
    <editdetail attribution="Reuters BIP Coding Group" action="confirmed" date="1997-03-15"/>
  </code>
</codes>
<dc element="dc.date.created" value="1997-03-15"/>
<dc element="dc.publisher" value="Reuters Holdings Plc"/>
<dc element="dc.date.published" value="1997-03-15"/>
<dc element="dc.source" value="Reuters"/>
<dc element="dc.creator.location" value="GOMA, Zaire"/>
<dc element="dc.creator.location.country.name" value="ZAIRE"/>
<dc element="dc.source" value="Reuters"/>
</metadata>
</newsitem>
