<?xml version="1.0" encoding="iso-8859-1" ?>
<newsitem itemid="445024" id="root" date="1997-03-15" xml:lang="en">
<title>COMOROS: Comoros fighting kills four, wounds 20.</title>
<headline>Comoros fighting kills four, wounds 20.</headline>
<dateline>MORONI 1997-03-15</dateline>
<text>
<p>Four people were killed and at least 20 wounded on the Comoros island of Anjouan on Saturday in fighting between troops and secessionists in rebellion against the archipelego's authorities.</p>
<p>The Federation of Red Cross and Red Crescent Societies said gunfire resounded on Friday night and Saturday morning through Mutsamudu, regional capital of Anjouan and the Indian Ocean Comoros islands' only deep sea port.</p>
<p>Authorities imposed a curfew of 5 p.m. local time (1300 GMT) and banned gatherings of more than two people on Anjouan, while two senior officials including the island's prefect were sacked for their refusal to implement orders from Moroni.</p>
<p>Anjouan island, about 130 km (80 miles) southeast of the main island of Grande Comore, is poorer than Grande Comore with fewer employment opportunities for its 190,000 population.</p>
<p>A total of 50 people were arrested by security forces in a crackdown against the secessionists who stormed the airport on Friday, the third day of a general strike which has paralysed the island.</p>
<p>&quot;Allah is the only one who will punish these wild soldiers who are ready to show their courage in front of unarmed civilians,&quot; said a woman contacted by telephone in Anjouan.</p>
<p>&quot;The soldiers are behaving like an occupying army,&quot; said another woman.</p>
<p>Military reinforcements continue to arrive on Anjouan by air from the capital after being blocked at the airport on Thursday night by secessionists.</p>
<p>Anjouan residents started a general strike on Wednesday, setting up roadblocks, burning tyres and rejecting talks with the government.</p>
<p>The Comoro islands, which have had 17 coups and attempted coups since independence from France in 1975, have this year been swept by a series of strikes by civil servants demanding salary arrears.</p>
</text>
<copyright>(c) Reuters Limited 1997</copyright>
<metadata>
<codes class="bip:countries:1.0">
  <code code="COMOR">
    <editdetail attribution="Reuters BIP Coding Group" action="confirmed" date="1997-03-15"/>
  </code>
</codes>
<codes class="bip:topics:1.0">
  <code code="GCAT">
    <editdetail attribution="Reuters BIP Coding Group" action="confirmed" date="1997-03-15"/>
  </code>
  <code code="GVIO">
    <editdetail attribution="Reuters BIP Coding Group" action="confirmed" date="1997-03-15"/>
  </code>
</codes>
<dc element="dc.date.created" value="1997-03-15"/>
<dc element="dc.publisher" value="Reuters Holdings Plc"/>
<dc element="dc.date.published" value="1997-03-15"/>
<dc element="dc.source" value="Reuters"/>
<dc element="dc.creator.location" value="MORONI"/>
<dc element="dc.creator.location.country.name" value="COMOROS"/>
<dc element="dc.source" value="Reuters"/>
</metadata>
</newsitem>
