<?xml version="1.0" encoding="iso-8859-1" ?>
<newsitem itemid="445066" id="root" date="1997-03-15" xml:lang="en">
<title>RUSSIA: Lebed's new Russian party ejects anti-Semite.</title>
<headline>Lebed's new Russian party ejects anti-Semite.</headline>
<dateline>MOSCOW 1997-03-15</dateline>
<text>
<p>General Alexander Lebed faced an awkward moment on Saturday when a supporter of his new Russian political party serenaded him with an anti-Semitic verse in front of massed television cameras.</p>
<p>The tough-talking ex-paratrooper looked on stony-faced, then had the man bodily ejected from the party's inauguration ceremony after a word in his ear from world chess champion Garry Kasparov, who is a prominent Lebed supporter and half-Jewish.</p>
<p>The offender, dressed in combat fatigues, was identified by Russian media as Georgy Getman, chairman of an association for army officers known as Shit (The Shield).</p>
<p>Taking his turn signing a book of support for Lebed's new Russian Popular Republican Party, he recited a patriotic verse which concluded with a disparaging reference to Jews.</p>
<p>After a word from Kasparov, sitting at Lebed's right hand, the former Kremlin security chief quoted 19th century author Nikolai Gogol, saying Russia suffered from &quot;a lot of idiots&quot;.</p>
<p>The man was then bundled from the room by aides.</p>
<p>Lebed, who hails from Cossack stock in southern Russia, where there is a long tradition of anti-Semitism, has had to deny in the past that he has anti-Jewish prejudices.</p>
<p>U.S. President Bill Clinton demanded an explanation from the Kremlin last year after Lebed, during his time on President Boris Yeltsin's staff, was quoted as saying Russia had three official religions -- Orthodox Christianity, Islam and Buddhism.</p>
<p>The country is estimated to have the world's third largest Jewish population after the United States and Israel.</p>
</text>
<copyright>(c) Reuters Limited 1997</copyright>
<metadata>
<codes class="bip:countries:1.0">
  <code code="RUSS">
    <editdetail attribution="Reuters BIP Coding Group" action="confirmed" date="1997-03-15"/>
  </code>
</codes>
<codes class="bip:topics:1.0">
  <code code="GCAT">
    <editdetail attribution="Reuters BIP Coding Group" action="confirmed" date="1997-03-15"/>
  </code>
  <code code="GPOL">
    <editdetail attribution="Reuters BIP Coding Group" action="confirmed" date="1997-03-15"/>
  </code>
  <code code="GREL">
    <editdetail attribution="Reuters BIP Coding Group" action="confirmed" date="1997-03-15"/>
  </code>
</codes>
<dc element="dc.date.created" value="1997-03-15"/>
<dc element="dc.publisher" value="Reuters Holdings Plc"/>
<dc element="dc.date.published" value="1997-03-15"/>
<dc element="dc.source" value="Reuters"/>
<dc element="dc.creator.location" value="MOSCOW"/>
<dc element="dc.creator.location.country.name" value="RUSSIA"/>
<dc element="dc.source" value="Reuters"/>
</metadata>
</newsitem>
