<?xml version="1.0" encoding="iso-8859-1" ?>
<newsitem itemid="445004" id="root" date="1997-03-15" xml:lang="en">
<title>UK: UK Labour extends poll lead over Conservatives.</title>
<headline>UK Labour extends poll lead over Conservatives.</headline>
<dateline>LONDON 1997-03-15</dateline>
<text>
<p>Britain's opposition Labour Party has extended its lead over the ruling Conservatives by seven points, according to an NOP opinion poll published on Sunday.</p>
<p>The NOP poll for the Sunday Times put Labour on 52 percent, a three point increase over last month, Conservatives down four on 27 percent and Liberal Democrats unchanged on 13 percent.</p>
<p>However 25 percent said they had not definitely made up their minds which way they would vote.</p>
<p>Some 54 percent of those questioned said they believed Labour was ahead because Britons felt it was time for a change of government.</p>
<p>The other main reasons for the Labour lead were, according to the poll, that the Conservatives were doing badly (30 percent) and that Labour had the better policies (10 percent).</p>
<p>The NOP survey was carried out on March 13 -- after the Conservatives unveiled key proposals for the reform of pensions, social services and health care for the elderly.</p>
</text>
<copyright>(c) Reuters Limited 1997</copyright>
<metadata>
<codes class="bip:countries:1.0">
  <code code="UK">
    <editdetail attribution="Reuters BIP Coding Group" action="confirmed" date="1997-03-15"/>
  </code>
</codes>
<codes class="bip:topics:1.0">
  <code code="GCAT">
    <editdetail attribution="Reuters BIP Coding Group" action="confirmed" date="1997-03-15"/>
  </code>
  <code code="GPOL">
    <editdetail attribution="Reuters BIP Coding Group" action="confirmed" date="1997-03-15"/>
  </code>
</codes>
<dc element="dc.date.created" value="1997-03-15"/>
<dc element="dc.publisher" value="Reuters Holdings Plc"/>
<dc element="dc.date.published" value="1997-03-15"/>
<dc element="dc.source" value="Reuters"/>
<dc element="dc.creator.location" value="LONDON"/>
<dc element="dc.creator.location.country.name" value="UK"/>
<dc element="dc.source" value="Reuters"/>
</metadata>
</newsitem>
