<?xml version="1.0" encoding="iso-8859-1" ?>
<newsitem itemid="445072" id="root" date="1997-03-15" xml:lang="en">
<title>BOSNIA: Croatian leader takes election to Bosnian Croats.</title>
<headline>Croatian leader takes election to Bosnian Croats.</headline>
<dateline>MOSTAR, Bosnia 1997-03-15</dateline>
<text>
<p>Croatian President Franjo Tudjman took his country's election campaign into Croat-held Bosnia on Saturday, visiting an enclave of loyal supporters to boost his struggling party.</p>
<p>In a one-day trip to postwar Bosnia's Herzegovina region controlled by Croat separatists backed by Tudjman, he praised local inhabitants for their support of Croatia's independence war in 1991 and their toughness in war and peace.</p>
<p>&quot;You Bosnian Croats in many ways set examples for all Croatians,&quot; he said in a speech after ceremonially opening an aluminium plant in the city of Mostar, which is divided between Croats and Moslems aligned with Bosnia's central government.</p>
<p>Tudjman has reached back to wartime Croatian patriotic themes in a bid to shore up his HDZ party's campaign for April 13 municipal elections to be held across Croatia.</p>
<p>The HDZ's popular appeal has seriously declined in the past two years due to authoritarian behaviour and reputed corruption. Centrist opposition party coalitions could defeat the HDZ in a number of major towns next month, polls show.</p>
<p>Tudjman did not mention an incident in which European Union officials walked out of the factory inauguration ceremony over insults in a speech by plant director Mijo Brajkovic, the rightist former mayor of west Mostar.</p>
<p>Brajkovic blasted the EU, especially postwar Mostar's ex-transitional administrator Hans Koschnick, for the factory's decay because it did not provide reconstruction funds.</p>
<p>Tudjman tried to look energetic but his voice cracked often and he appeared wizened from illness, diagnosed by American physicians last November as apparently terminal stomach cancer.</p>
<p>Diplomats said then that Tudjman, 74, did not have long to live. But an international group of doctors who later treated and examined him at home declared he had recovered enough to exercise his duties for the forseeable future.</p>
<p>Bosnian Croats wield significant influence in Tudjman's government and helped finance his climb to power in 1990. Many have Croatian citizenship and can vote in Croatian elections.</p>
<p>But they are resented by many Croatians for their favoured position and ultra-nationalist, anti-European tendencies.</p>
<p>Later in the day, Tudjman moved on to the nearby Roman Catholic shrine town of Medjugorje near the Croatian border where he was welcomed by ecstatic Croat crowds.</p>
<p>In a speech in front of the central church there, he again dwelled on the past of Croatia's bloody fight for statehood.</p>
<p>&quot;Susak and many people from (Croat) Herzegovina and Bosnia were by our side in defending Croatia,&quot; he said, inviting them to vote for &quot;people who knew how to create what we have now&quot;.</p>
<p>&quot;Herzegovina is one of the pillars of Croatdom as a whole,&quot; he said in a remark resembling others which have prompted Bosnian Moslem leaders to accuse Croatia of trampling on Bosnia's territorial sovereignty.</p>
<p>Under Western pressure, Croatian police last month arrested two top Bosnian Croat mobsters who orchestrated evictions of Moslems from their homes in Croat-controlled West Mostar.</p>
<p>Diplomats saw the crackdown then as a bid by Tudjman to jettison Mostar hardliners damaging the HDZ's image. His move was unpopular among Bosnian Croats.</p>
<p>His visit on Saturday might have been partly intended to win back their favour.</p>
</text>
<copyright>(c) Reuters Limited 1997</copyright>
<metadata>
<codes class="bip:countries:1.0">
  <code code="BSHZG">
    <editdetail attribution="Reuters BIP Coding Group" action="confirmed" date="1997-03-15"/>
  </code>
  <code code="CRTIA">
    <editdetail attribution="Reuters BIP Coding Group" action="confirmed" date="1997-03-15"/>
  </code>
</codes>
<codes class="bip:topics:1.0">
  <code code="GCAT">
    <editdetail attribution="Reuters BIP Coding Group" action="confirmed" date="1997-03-15"/>
  </code>
  <code code="GPOL">
    <editdetail attribution="Reuters BIP Coding Group" action="confirmed" date="1997-03-15"/>
  </code>
  <code code="GVOTE">
    <editdetail attribution="Reuters BIP Coding Group" action="confirmed" date="1997-03-15"/>
  </code>
</codes>
<dc element="dc.date.created" value="1997-03-15"/>
<dc element="dc.publisher" value="Reuters Holdings Plc"/>
<dc element="dc.date.published" value="1997-03-15"/>
<dc element="dc.source" value="Reuters"/>
<dc element="dc.creator.location" value="MOSTAR, Bosnia"/>
<dc element="dc.creator.location.country.name" value="BOSNIA"/>
<dc element="dc.source" value="Reuters"/>
</metadata>
</newsitem>
