<?xml version="1.0" encoding="iso-8859-1" ?>
<newsitem itemid="445088" id="root" date="1997-03-15" xml:lang="en">
<title>RUSSIA: Russia's ambassador to Albania prepares to leave.</title>
<headline>Russia's ambassador to Albania prepares to leave.</headline>
<dateline>MOSCOW 1997-03-15</dateline>
<text>
<p>Moscow's ambassador to Albania was among 25 Russians preparing to evacuate from Tirana on Saturday, Itar-Tass news agency said.</p>
<p>It said the group, led by ambassador Igor Saprykin, had left for the U.S. embassy to join others hoping to be flown out in an American evacuation efffort.</p>
<p>United States military helicopters resumed their operation evacuating American citizens from the Albanian capital at dawn on Saturday. It had been suspended on Friday after two Marine Cobra helicopters came under ground fire.</p>
<p>A U.S. military spokesman said 89 people had been brought out of a total of 200 due to be evacuated during the day.</p>
<p>The Russian Foreign Ministry said on Thursday it was evacuating 14 diplomatic family members from Albania because of the unrest and had drawn up plans to repatriate all Russians there if the situation worsened.</p>
<p>Ministry spokesman Gennady Tarasov said there were nearly 300 Russians living in Albania.</p>
<p>On Saturday President Boris Yeltsin ordered the ministry to draw up a timetable for the evacuation of the diplomats and other Russians wishing to leave in coordination with the foreign intelligence services and emergencies ministry.</p>
<p>Albania, Europe's poorest nation, slid towards anarchy this week as rebels looted arms depots across the country and an anti-government uprising sparked by the collapse of pyramid savings schemes gathered pace.</p>
</text>
<copyright>(c) Reuters Limited 1997</copyright>
<metadata>
<codes class="bip:countries:1.0">
  <code code="ALB">
    <editdetail attribution="Reuters BIP Coding Group" action="confirmed" date="1997-03-15"/>
  </code>
  <code code="RUSS">
    <editdetail attribution="Reuters BIP Coding Group" action="confirmed" date="1997-03-15"/>
  </code>
  <code code="USA">
    <editdetail attribution="Reuters BIP Coding Group" action="confirmed" date="1997-03-15"/>
  </code>
</codes>
<codes class="bip:topics:1.0">
  <code code="GCAT">
    <editdetail attribution="Reuters BIP Coding Group" action="confirmed" date="1997-03-15"/>
  </code>
  <code code="GDIP">
    <editdetail attribution="Reuters BIP Coding Group" action="confirmed" date="1997-03-15"/>
  </code>
  <code code="GVIO">
    <editdetail attribution="Reuters BIP Coding Group" action="confirmed" date="1997-03-15"/>
  </code>
</codes>
<dc element="dc.date.created" value="1997-03-15"/>
<dc element="dc.publisher" value="Reuters Holdings Plc"/>
<dc element="dc.date.published" value="1997-03-15"/>
<dc element="dc.source" value="Reuters"/>
<dc element="dc.creator.location" value="MOSCOW"/>
<dc element="dc.creator.location.country.name" value="RUSSIA"/>
<dc element="dc.source" value="Reuters"/>
</metadata>
</newsitem>
