<?xml version="1.0" encoding="iso-8859-1" ?>
<newsitem itemid="445089" id="root" date="1997-03-15" xml:lang="en">
<title>BELARUS: Thousands attend Belarus rally despite ban.</title>
<headline>Thousands attend Belarus rally despite ban.</headline>
<dateline>MINSK 1997-03-15</dateline>
<text>
<p>Thousands of people defied a ban on marches in Belarus on Saturday to protest against hardline President Alexander Lukashenko and to mark Constitution Day.</p>
<p>&quot;Long live Belarus!&quot; they shouted, showing their opposition to plans for a union with neighbouring Russia which President Boris Yeltsin said on Friday could lead to a merger one day.</p>
<p>A Reuters correspondent on the scene said about 7,000 protesters had gathered by 11.30 (0930 GMT).</p>
<p>They proceeded along the pavements of the main street to a rally due to be held about two km (a mile and a half) away.</p>
<p>Authorities have given permission for the rally but specifically banned proceeding through the capital of the former Soviet republic on Russia's western border.</p>
<p>Opposition officials had vowed to go ahead with the march despite strong-arm tactics used by police on Friday to stop a similar rally taking place on Friday.</p>
<p>Police beat protesters and made about 50 arrests -- including two Germans and two Americans -- at that meeting, attended mostly by young activists.</p>
<p>Saturday's rally was led by one of the country's most respected opposition figures, Semyon Sharetsky, speaker of the former parliament disbanded after Lukashenko won a controversial referendum in November.</p>
<p>Sharetsky was accompanied at the head of the march by other members of the alternative parliament who refused to join Lukashenko's new assembly.</p>
<p>The legitimacy of the November referendum, which Lukashenko won by a landslide and used to rewrite the country's first constitution, was widely questioned by Western officials.</p>
<p>There was no sign of the red-and-white post-independence symbols banned by Lukashenko this month as part of moves to crack down on the opposition.</p>
<p>A loose union of nationalists, intellectuals and students concentrated mostly in Minsk have been promising Lukashenko a &quot;political spring&quot;.</p>
<p>Perhaps fearing scuffles near Lukashenko's residence, authorities announced renovations would be carried out on the stretch of the main street near the building. Public transport was stopped from passing that section of the street.</p>
</text>
<copyright>(c) Reuters Limited 1997</copyright>
<metadata>
<codes class="bip:countries:1.0">
  <code code="BYELRS">
    <editdetail attribution="Reuters BIP Coding Group" action="confirmed" date="1997-03-15"/>
  </code>
</codes>
<codes class="bip:topics:1.0">
  <code code="GCAT">
    <editdetail attribution="Reuters BIP Coding Group" action="confirmed" date="1997-03-15"/>
  </code>
  <code code="GPOL">
    <editdetail attribution="Reuters BIP Coding Group" action="confirmed" date="1997-03-15"/>
  </code>
  <code code="GVIO">
    <editdetail attribution="Reuters BIP Coding Group" action="confirmed" date="1997-03-15"/>
  </code>
</codes>
<dc element="dc.date.created" value="1997-03-15"/>
<dc element="dc.publisher" value="Reuters Holdings Plc"/>
<dc element="dc.date.published" value="1997-03-15"/>
<dc element="dc.source" value="Reuters"/>
<dc element="dc.creator.location" value="MINSK"/>
<dc element="dc.creator.location.country.name" value="BELARUS"/>
<dc element="dc.source" value="Reuters"/>
</metadata>
</newsitem>
