<?xml version="1.0" encoding="iso-8859-1" ?>
<newsitem itemid="445068" id="root" date="1997-03-15" xml:lang="en">
<title>ALBANIA: Albanian rebels still insist Berisha resigns.</title>
<headline>Albanian rebels still insist Berisha resigns.</headline>
<byline>Vassilis Triandafyllou</byline>
<dateline>GJIROKASTER, Albania 1997-03-15</dateline>
<text>
<p>Rebels holding key southern Albanian towns repeated on Saturday that President Sali Berisha must quit if order is to be restored to the country.</p>
<p>Agim Gozhita, a former army general who heads the rebel council in this key southern stronghold, said he had delivered that message to European officials and Prime Minister Bashkim Fino when they met on an Italian warship on Friday.</p>
<p>He told Reuters Television: &quot;We accept the government of Fino. We made it clear, we want Berisha's resignation and we will give in our weapons when he does.&quot;</p>
<p>Gozhita said that those who had joined in the popular uprising over the past two weeks, whether in the north or south of the tiny Balkan country, all felt the same.</p>
<p>He stressed the motive for the rebellion was the loss of millions of dollars by thousands of Albanians when a string of fraudulent investment schemes collapsed in January and the deep suspicion that the then-ruling right-wing Democrats profited.</p>
<p>&quot;We have told Fino that the government is to give the people back their money and suspend the accounts of the party members of Berisha's Democratic Party,&quot; he said.</p>
<p>Berisha's Democrats won general elections last year, widely viewed as deeply flawed. Berisha was elected to a new five-year term by parliament early this month.</p>
<p>He named Fino, an opposition Socialist, prime minister last week in a desperate bid to regain control of his country, which has been swept by anarchy for the past two weeks.</p>
<p>Asked if foreign troops were required to sort out the chaos in Albania, he said: &quot;We recognise there is a problem but we hope Fino will work it out without the help of foreign troops.&quot;</p>
<p>Thousands of self-styled rebels are now heavily armed in the south, having looted army arsenals throughout the region. Armed gangs, operating as outlaws, are also roaming the region.</p>
<p>In Gjirokaster on Friday, gunmen rammed a captured tank into the state savings bank and hauled a safe through the streets.</p>
<p>In the nearby port of Sarande, gunmen blew a hole in another bank on Saturday and made off with the safe and an undisclosed amount of cash.</p>
<p>Albanian refugees have begun to flee across the Adriatic Sea to Italy but so far there has been no mass movement towards the long Greek border with Albania, as there was in 1991.</p>
<p>The Greek border has been the scene of desperate families trying to cross and often being separated because some members had legal visas and others did not.</p>
<p>Vassilis Ioannis, who had a visa, was stopped from crossing on Friday with his wife and two children because they did not have legal documents.</p>
<p>Ioannis said tearfully the family did not know where to go, they did not want to turn back for fear they could be killed on the road by armed outlaw gangs.</p>
<p>&quot;Where can we go with the children? What can we do, go back so they can kill us?&quot; he asked. &quot;I have no money. What about the children? What will we do with them?&quot;</p>
<p>His wife threw herself on the car of a Greek border guard, pleading for understanding but was hauled away.</p>
<p>Greek security has been heightened along the border after rebels took over both main Albanian border posts and rampaged along the frontier.</p>
<p>Greece, with some 350,000 Albanians residing in the country -- mostly illegal workers -- has accepted Albanians with legal visas but is keeping out illegal immigrants.</p>
<p>Three Greek navy ships evacuated several hundred foreigners -- including Chinese, Jordanians and Egyptians -- from the Albanian port of Durres on Saturday to the island of Corfu.</p>
</text>
<copyright>(c) Reuters Limited 1997</copyright>
<metadata>
<codes class="bip:countries:1.0">
  <code code="ALB">
    <editdetail attribution="Reuters BIP Coding Group" action="confirmed" date="1997-03-15"/>
  </code>
</codes>
<codes class="bip:topics:1.0">
  <code code="GCAT">
    <editdetail attribution="Reuters BIP Coding Group" action="confirmed" date="1997-03-15"/>
  </code>
  <code code="GPOL">
    <editdetail attribution="Reuters BIP Coding Group" action="confirmed" date="1997-03-15"/>
  </code>
  <code code="GVIO">
    <editdetail attribution="Reuters BIP Coding Group" action="confirmed" date="1997-03-15"/>
  </code>
</codes>
<dc element="dc.date.created" value="1997-03-15"/>
<dc element="dc.publisher" value="Reuters Holdings Plc"/>
<dc element="dc.date.published" value="1997-03-15"/>
<dc element="dc.source" value="Reuters"/>
<dc element="dc.creator.location" value="GJIROKASTER, Albania"/>
<dc element="dc.creator.location.country.name" value="ALBANIA"/>
<dc element="dc.source" value="Reuters"/>
</metadata>
</newsitem>
