<?xml version="1.0" encoding="iso-8859-1" ?>
<newsitem itemid="445051" id="root" date="1997-03-15" xml:lang="en">
<title>ZAIRE: Fighting reported closing in on east Zaire city.</title>
<headline>Fighting reported closing in on east Zaire city.</headline>
<dateline>KINSHASA 1997-03-15</dateline>
<text>
<p>U.N. relief agencies and foreign embassies were seeking ways to evacuate expatriates from Kisangani on Saturday as reports of mortar fire outside the eastern city reached the Zairean capital.</p>
<p>&quot;There has been fighting going on for five hours,&quot; a senior U.N. official in Kinshasa said late on Friday.</p>
<p>&quot;We are looking for ways to evacuate our personnel and the French authorities are also searching for ways to help,&quot; the official said.</p>
<p>Aid workers in Kinshasa who were in contact with the city said the fighting began with mortar fire near the international airport on the outskirts of the town, where Zairean troops and allied foreign mercenaries are concentrated.</p>
<p>Diplomats reported shooting inside Kisangani itself, but it was unclear whether Zairean soldiers were fighting among themselves, looting or clashing with Tutsi-led rebels.</p>
<p>A defence ministry spokesman said the reports that the city was under rebel attack were false, but conceded that there may have been some shooting there.</p>
<p>The battle for Kisangani, the nerve centre of Zairean military operations in the east of the vast central African country, has become pivotal with both rebels and government forces concentrating troops there.</p>
<p>The fall of Kisangani, which the rebels claim is imminent though government forces deny this, would be the biggest setback to date for the government of ailing President Mobutu Sese Seko in a five-month rebel campaign.</p>
<p>Rebels who have already taken over a vaste swathe of territory in the east of Zaire have slowly surrounded the city since the beginning of the year.</p>
<p>Rebel leader Laurent Kabila gave Zairean generals until Thursday to lay down their weapons or face an all-out offensive on the strategic port which is situated at the head of the navigable section of the vast Zaire river.</p>
</text>
<copyright>(c) Reuters Limited 1997</copyright>
<metadata>
<codes class="bip:countries:1.0">
  <code code="UN">
    <editdetail attribution="Reuters BIP Coding Group" action="confirmed" date="1997-03-15"/>
  </code>
  <code code="ZAIRE">
    <editdetail attribution="Reuters BIP Coding Group" action="confirmed" date="1997-03-15"/>
  </code>
</codes>
<codes class="bip:topics:1.0">
  <code code="GCAT">
    <editdetail attribution="Reuters BIP Coding Group" action="confirmed" date="1997-03-15"/>
  </code>
  <code code="GVIO">
    <editdetail attribution="Reuters BIP Coding Group" action="confirmed" date="1997-03-15"/>
  </code>
</codes>
<dc element="dc.date.created" value="1997-03-15"/>
<dc element="dc.publisher" value="Reuters Holdings Plc"/>
<dc element="dc.date.published" value="1997-03-15"/>
<dc element="dc.source" value="Reuters"/>
<dc element="dc.creator.location" value="KINSHASA"/>
<dc element="dc.creator.location.country.name" value="ZAIRE"/>
<dc element="dc.source" value="Reuters"/>
</metadata>
</newsitem>
