<?xml version="1.0" encoding="iso-8859-1" ?>
<newsitem itemid="445005" id="root" date="1997-03-15" xml:lang="en">
<title>UK: Confidence seen ebbing among British Conservatives.</title>
<headline>Confidence seen ebbing among British Conservatives.</headline>
<byline>Gerrard Raven</byline>
<dateline>BATH, England 1997-03-15</dateline>
<text>
<p>Self-confidence, a vital ingredient for political success, seems to be seeping away among Britain's Conservatives as they gear up for a general election that must be held before the end of May.</p>
<p>Under the surface, many in the ruling party have for months been gloomily contemplating being out of power for the first time since 1979 as public opinion polls have consistently repeated their baleful message of a huge Labour party lead.</p>
<p>But this week, a succession of Conservative members of parliament and right-wing commentators have started to talk openly of defeat at the election Prime Minister John Major is widely expected to call for May 1.</p>
<p>&quot;It's no longer if. It's when...It's Labour will this and Labour will that and never mind the formality of an election,&quot; Boris Johnson, a political columnist who will fight a Welsh seat for the Conservatives, wrote in the Daily Telegraph newspaper.</p>
<p>&quot;Oh, come on, let's just say it. The Tories are heading for defeat,&quot; said former Conservative MP Matthew Parris in the Times.</p>
<p>The party faithful were furious on Friday when the Conservatives' pre-election rally in Bath, a spa city in western England, was cast deeper into gloom by two MPs who openly discussed what should happen following a defeat.</p>
<p>Edwina Currie, a former junior health minister, said Major should step down immediately as party leader to allow a successor to be chosen, while John Biffen, another former minister, said he should stay on as the defeat could be so severe that some would-be leaders lost their parliamentary seats.</p>
<p>Constituency officers who attended the Bath rally loudly applauded when party chairman Brian Mawhinney said in his speech: &quot;To every Conservative, one message -- if you don't have something to say that will help us win, don't say anything at all.&quot;</p>
<p>Bath was an odd choice of venue for the pre-election rally.</p>
<p>The beautiful Georgian city was the scene of the party's biggest election upset in 1992 when party chairman Chris Patten, now governor of Hong Kong, lost his seat to the minority Liberal Democrats.</p>
<p>Despite this, some Conservatives who gathered here were still hoping against hope that something would happen in the next 6-1/2 weeks to revive party fortunes.</p>
<p>&quot;We were eight (percentage) points behind in the polls with just a few days to go at the last election,&quot; said one. &quot;And we won by eight points. It's happened before, it can happen again.&quot;</p>
<p>But privately others are gloomy at polls showing a Labour lead of up to 25 points and following a convincing Labour victory in a previously safe Conservative seat in a parliamentary by-election in northwestern England last month.</p>
<p>&quot;It's ridiculous,&quot; said the chairman of one constituency association. &quot;The economy's booming, people have money in their pockets, but they've got it in their heads that it's time for a change of government.&quot;</p>
<p>Major tried to stop the rot with a speech outlining plans for a welfare revolution in Britain.</p>
<p>But his task is made more difficult by rival factions behind the scenes who are addressing their minds to the battle to replace him following an election defeat.</p>
<p>Even so, Major seems the Conservatives last great hope. The battle-hardened victor of the 1992 election faces Tony Blair, who, although he has transformed Labour by jettisoning socialist policies, was not even an MP when it was last in power.</p>
<p>&quot;In the last analysis, perhaps people will say 'Better the devil you know', the man who has done it before,&quot; said the association chairman. &quot;Maybe that's our best hope.&quot;</p>
<p>That is what lies behind Major's choice of the election slogan which he unveiled at Bath: &quot;You can only be sure with the Conservatives.&quot;</p>
</text>
<copyright>(c) Reuters Limited 1997</copyright>
<metadata>
<codes class="bip:countries:1.0">
  <code code="UK">
    <editdetail attribution="Reuters BIP Coding Group" action="confirmed" date="1997-03-15"/>
  </code>
</codes>
<codes class="bip:topics:1.0">
  <code code="GCAT">
    <editdetail attribution="Reuters BIP Coding Group" action="confirmed" date="1997-03-15"/>
  </code>
  <code code="GPOL">
    <editdetail attribution="Reuters BIP Coding Group" action="confirmed" date="1997-03-15"/>
  </code>
  <code code="GVOTE">
    <editdetail attribution="Reuters BIP Coding Group" action="confirmed" date="1997-03-15"/>
  </code>
</codes>
<dc element="dc.date.created" value="1997-03-15"/>
<dc element="dc.publisher" value="Reuters Holdings Plc"/>
<dc element="dc.date.published" value="1997-03-15"/>
<dc element="dc.source" value="Reuters"/>
<dc element="dc.creator.location" value="BATH, England"/>
<dc element="dc.creator.location.country.name" value="UK"/>
<dc element="dc.source" value="Reuters"/>
</metadata>
</newsitem>
