<?xml version="1.0" encoding="iso-8859-1" ?>
<newsitem itemid="445079" id="root" date="1997-03-15" xml:lang="en">
<title>BOSNIA: Foreign officials walk out of Mostar ceremony.</title>
<headline>Foreign officials walk out of Mostar ceremony.</headline>
<dateline>SARAJEVO 1997-03-15</dateline>
<text>
<p>Foreign officials walked out of a ceremony in the Croat part of Bosnia on Saturday because a Croat official made derogatory remarks about the European Union (EU) and its former administrator in Mostar, western officials said.</p>
<p>Sir Martin Garrod, an international representative in the divided town of Mostar, led the departure in front of Croatian President Franjo Tudjman.</p>
<p>The incident occurred at the opening of an aluminium factory near Mostar.</p>
<p>Eyewitnesses said that Croat official criticised the European Union and its former chief in Mostar Hans Koschnick for not supporting the aluminium factory financially.</p>
<p>He also made reference to a  missile attack which Koschnick survived in his Mostar hotel room in 1995.</p>
<p>&quot;He said something in the line that Koschnik deserved what he got,&quot; a western official who attended the ceremony said.</p>
<p>Other western officials followed Garrod's example. The Mostar representative of the Organisation for Security and Cooperation in Europe (OSCE) Ed Joseph said: &quot;I felt compelled to show solidarity.&quot;</p>
</text>
<copyright>(c) Reuters Limited 1997</copyright>
<metadata>
<codes class="bip:countries:1.0">
  <code code="BSHZG">
    <editdetail attribution="Reuters BIP Coding Group" action="confirmed" date="1997-03-15"/>
  </code>
  <code code="CRTIA">
    <editdetail attribution="Reuters BIP Coding Group" action="confirmed" date="1997-03-15"/>
  </code>
  <code code="EEC">
    <editdetail attribution="Reuters BIP Coding Group" action="confirmed" date="1997-03-15"/>
  </code>
</codes>
<codes class="bip:topics:1.0">
  <code code="G15">
    <editdetail attribution="Reuters BIP Coding Group" action="confirmed" date="1997-03-15"/>
  </code>
  <code code="G158">
    <editdetail attribution="Reuters BIP Coding Group" action="confirmed" date="1997-03-15"/>
  </code>
  <code code="GCAT">
    <editdetail attribution="Reuters BIP Coding Group" action="confirmed" date="1997-03-15"/>
  </code>
  <code code="GDIP">
    <editdetail attribution="Reuters BIP Coding Group" action="confirmed" date="1997-03-15"/>
  </code>
</codes>
<dc element="dc.date.created" value="1997-03-15"/>
<dc element="dc.publisher" value="Reuters Holdings Plc"/>
<dc element="dc.date.published" value="1997-03-15"/>
<dc element="dc.source" value="Reuters"/>
<dc element="dc.creator.location" value="SARAJEVO"/>
<dc element="dc.creator.location.country.name" value="BOSNIA"/>
<dc element="dc.source" value="Reuters"/>
</metadata>
</newsitem>
