<?xml version="1.0" encoding="iso-8859-1" ?>
<newsitem itemid="445092" id="root" date="1997-03-15" xml:lang="en">
<title>ALBANIA: U.S. evacuation resumes in Albania.</title>
<headline>U.S. evacuation resumes in Albania.</headline>
<dateline>TIRANA 1997-03-15</dateline>
<text>
<p>United States military helicopters resumed their evacuation of American citizens from the Albanian capital Tirana on Saturday, a U.S. military spokesman said.</p>
<p>The spokesman told Reuters that the operation, which was suspended on Friday after two Marine Cobra helicopters came under ground fire, restarted at dawn on Saturday and 89 people had been brought out.  </p>
<p>The United States has so far evacuated about 500 people from Tirana, which in recent days has been the scene of growing lawlessness with people looting rifles from arms depots and loosing off bursts of gunfire into the air.</p>
<p>The U.S. spokesman said it was hoped to bring out 200 people from Tirana on Saturday. &quot;Everything seems to have gone smoothly,&quot; he said of the latest phase of the operation.</p>
<p>On Friday, two U.S. helicopters were fired on from the ground, while an Italian helicopter was also hit. German troops mounting a helicopter rescue exchanged fire with gunmen on the ground, wounding one Albanian.</p>
<p>Tirana was quieter on Saturday morning, with the level of gunfire greatly reduced. Authorities facing a nationwide slide into anarchy have sought to restore order by parading armoured vehicles on the streets and raising police pay.</p>
</text>
<copyright>(c) Reuters Limited 1997</copyright>
<metadata>
<codes class="bip:countries:1.0">
  <code code="ALB">
    <editdetail attribution="Reuters BIP Coding Group" action="confirmed" date="1997-03-15"/>
  </code>
  <code code="USA">
    <editdetail attribution="Reuters BIP Coding Group" action="confirmed" date="1997-03-15"/>
  </code>
</codes>
<codes class="bip:topics:1.0">
  <code code="GCAT">
    <editdetail attribution="Reuters BIP Coding Group" action="confirmed" date="1997-03-15"/>
  </code>
  <code code="GDIP">
    <editdetail attribution="Reuters BIP Coding Group" action="confirmed" date="1997-03-15"/>
  </code>
  <code code="GVIO">
    <editdetail attribution="Reuters BIP Coding Group" action="confirmed" date="1997-03-15"/>
  </code>
</codes>
<dc element="dc.date.created" value="1997-03-15"/>
<dc element="dc.publisher" value="Reuters Holdings Plc"/>
<dc element="dc.date.published" value="1997-03-15"/>
<dc element="dc.source" value="Reuters"/>
<dc element="dc.creator.location" value="TIRANA"/>
<dc element="dc.creator.location.country.name" value="ALBANIA"/>
<dc element="dc.source" value="Reuters"/>
</metadata>
</newsitem>
