<?xml version="1.0" encoding="iso-8859-1" ?>
<newsitem itemid="445049" id="root" date="1997-03-15" xml:lang="en">
<title>NIGERIA: Polls open in test-case Nigerian election.</title>
<headline>Polls open in test-case Nigerian election.</headline>
<dateline>LAGOS 1997-03-15</dateline>
<text>
<p>The streets of Nigeria's main cities were deserted on Saturday as polls opened in local elections seen as a test of the military's commitment to return the vast Afrian nation to democracy.</p>
<p>Authorities ordered all public and private transport to stay off the road for the polling period from 8 a.m. (0700 GMT) to 4 p.m (1500 GMT).</p>
<p>Voting started on time but slowly in Nigeria's commercial capital Lagos, which has been at the forefront of opposition to military rule since the army aborted an earlier democracy programme nearly four years ago.</p>
<p>&quot;I am here to vote because I want democracy to come back so the economy will be better,&quot; said Benjamin Otobo, the first voter in the queue at St Peter's Church polling station in the commercial district of Lagos.</p>
<p>The poll to elect chairmen and councillors to more than 770 town halls is the first multi-party ballot since General Sani Abacha seized power in November 1993. Voting is by secret ballot with all five registered political parties fielding candidates.</p>
<p>The last time Nigerians voted to end the army's long stranglehold on power ended in fiasco. The military abruptly scrapped the June 1993 presidential poll as a winner emerged.</p>
<p>Abacha seized power in the confusion that ensued, but Nigeria plunged further into crisis after he jailed the presumed winner of the election, southern businessman Moshood Abiola.</p>
<p>Police mobilised in Lagos after authorities warned they would deal ruthlessly with anyone causing trouble at polling centres. There were no immediate reports of any incidents in Lagos or elsewhere.</p>
<p>Residents of the inland capital Abuja said polling started there on schedule.</p>
</text>
<copyright>(c) Reuters Limited 1997</copyright>
<metadata>
<codes class="bip:countries:1.0">
  <code code="NIGEA">
    <editdetail attribution="Reuters BIP Coding Group" action="confirmed" date="1997-03-15"/>
  </code>
</codes>
<codes class="bip:topics:1.0">
  <code code="GCAT">
    <editdetail attribution="Reuters BIP Coding Group" action="confirmed" date="1997-03-15"/>
  </code>
  <code code="GPOL">
    <editdetail attribution="Reuters BIP Coding Group" action="confirmed" date="1997-03-15"/>
  </code>
  <code code="GVOTE">
    <editdetail attribution="Reuters BIP Coding Group" action="confirmed" date="1997-03-15"/>
  </code>
</codes>
<dc element="dc.date.created" value="1997-03-15"/>
<dc element="dc.publisher" value="Reuters Holdings Plc"/>
<dc element="dc.date.published" value="1997-03-15"/>
<dc element="dc.source" value="Reuters"/>
<dc element="dc.creator.location" value="LAGOS"/>
<dc element="dc.creator.location.country.name" value="NIGERIA"/>
<dc element="dc.source" value="Reuters"/>
</metadata>
</newsitem>
