<?xml version="1.0" encoding="iso-8859-1" ?>
<newsitem itemid="445043" id="root" date="1997-03-15" xml:lang="en">
<title>COMOROS: Four dead, 20 wounded in Comoros fighting.</title>
<headline>Four dead, 20 wounded in Comoros fighting.</headline>
<dateline>MORONI 1997-03-15</dateline>
<text>
<p>Four people were killed and at least 20 wounded on the Comoros island of Anjouan on Saturday in fighting between troops and secessionists in rebellion against the archipelego's authorities.</p>
<p>The Federation of Red Cross and Red Crescent Societies said gunfire resounded on Friday night and Saturday morning through Mutsamudu, regional capital of Anjouan and the Indian Ocean Comoros islands' only deep sea port.</p>
</text>
<copyright>(c) Reuters Limited 1997</copyright>
<metadata>
<codes class="bip:countries:1.0">
  <code code="COMOR">
    <editdetail attribution="Reuters BIP Coding Group" action="confirmed" date="1997-03-15"/>
  </code>
</codes>
<codes class="bip:topics:1.0">
  <code code="GCAT">
    <editdetail attribution="Reuters BIP Coding Group" action="confirmed" date="1997-03-15"/>
  </code>
  <code code="GVIO">
    <editdetail attribution="Reuters BIP Coding Group" action="confirmed" date="1997-03-15"/>
  </code>
</codes>
<dc element="dc.date.created" value="1997-03-15"/>
<dc element="dc.publisher" value="Reuters Holdings Plc"/>
<dc element="dc.date.published" value="1997-03-15"/>
<dc element="dc.source" value="Reuters"/>
<dc element="dc.creator.location" value="MORONI"/>
<dc element="dc.creator.location.country.name" value="COMOROS"/>
<dc element="dc.source" value="Reuters"/>
</metadata>
</newsitem>
