<?xml version="1.0" encoding="iso-8859-1" ?>
<newsitem itemid="445018" id="root" date="1997-03-15" xml:lang="en">
<title>ZAIRE: Zaire rebels capture key city of Kisangani.</title>
<headline>Zaire rebels capture key city of Kisangani.</headline>
<byline>Matthew Tostevin</byline>
<dateline>GOMA, Zaire 1997-03-15</dateline>
<text>
<p>Rebels captured Zaire's third largest city of Kisangani on Saturday, dealing a severe blow to the government of President Mobutu Seke Seko.</p>
<p>&quot;The military commander at the front said the town was liberated at 1445 (1245 GMT). He said the enemy had crossed the river and we are looking for boats so that we can pursue them,&quot; rebel leader Laurent Kabila told a news conference in the eastern town of Goma.</p>
<p>Kisangani residents contacted from Kinshasa confirmed the fall of the city, the army's headquarters for operations in the war zone. They said Zaire soldiers fled late on Friday and early on Saturday.</p>
<p>&quot;They left this morning and last night after looting what they could in the short space of time that they had,&quot; one resident told Reuters.</p>
<p>Another resident said small groups of rebels had gathered in the city centre and that residents were coming out to welcome them.</p>
<p>Before announcing the fall of the city, Kabila had talks with United Nations envoy Mohammed Sahnoun in Goma. Sahnoun is trying to mediate an end to the fighting.</p>
<p>The fall of Kisangani is the biggest setback for the government since the rebels took up arms in October, vowing to topple absent and ailing Mobuto. They now hold up to a fifth of the sprawling nation.</p>
<p>Diplomats said resistance apparently crumbled after soldiers of Zaire's notoriously undisciplined army went on a looting spree in the city and then fled across the Zaire River.</p>
<p>&quot;What happened looks distinctly like a betrayal,&quot; a senior government official said, commenting on fighting between Serb mercenaries and soldiers at the international airport on the outskirts of Kisangani late on Friday.</p>
<p>&quot;The international airport has been taken and fighting is continuing in town,&quot; rebel spokesman Raphael Ngenda said in Goma earlier in the day.</p>
<p>France sent a plane with an escort of 30 paratroops from its base in neighbouring Central African Republic to Kisangani and successfully airlifted out 15 foreign nationals. Aid sources said it used a second smaller airport, almost in town.</p>
<p>Prime Minister Alain Juppe ruled out any unlateral military intervention by France, which has been lobbying unsuccessfully for a multi-national force to be sent to help aid get to refugees. Critics say its aim is to prop up Mobutu.</p>
<p>&quot;We do not intend to launch again a solely French operation, and, after all, we do not have all the means to carry it out either,&quot; Juppe told a French television network.</p>
<p>Some diplomats said the much-heralded battle for Kisangani, a major port on the Zaire River, began after soldiers switched sides and clashed with mercenaries at the airport.</p>
<p>&quot;There were clashes on the road from the airport when the mercenaries were trying to flee,&quot; one senior diplomat said. It was unclear how many of the 300 mercenaries escaped.</p>
<p>The rebels accuse Zaire of denying them citizenship and preparing to expel them to Rwanda, their ancestral home.</p>
<p>Zaire accuses neighbouring Rwanda, Uganda and Burundi of invading in support of the rebels. All three deny the charge.</p>
<p>The government has accepted a U.N. ceasefire plan. The rebels have resisted diplomatic pressure for a ceasefire.</p>
<p>Mobutu has been out of the country for most of the time since August when he had prostate cancer surgery in Europe.</p>
</text>
<copyright>(c) Reuters Limited 1997</copyright>
<metadata>
<codes class="bip:countries:1.0">
  <code code="ZAIRE">
    <editdetail attribution="Reuters BIP Coding Group" action="confirmed" date="1997-03-15"/>
  </code>
</codes>
<codes class="bip:topics:1.0">
  <code code="GCAT">
    <editdetail attribution="Reuters BIP Coding Group" action="confirmed" date="1997-03-15"/>
  </code>
  <code code="GVIO">
    <editdetail attribution="Reuters BIP Coding Group" action="confirmed" date="1997-03-15"/>
  </code>
</codes>
<dc element="dc.date.created" value="1997-03-15"/>
<dc element="dc.publisher" value="Reuters Holdings Plc"/>
<dc element="dc.date.published" value="1997-03-15"/>
<dc element="dc.source" value="Reuters"/>
<dc element="dc.creator.location" value="GOMA, Zaire"/>
<dc element="dc.creator.location.country.name" value="ZAIRE"/>
<dc element="dc.source" value="Reuters"/>
</metadata>
</newsitem>
