<?xml version="1.0" encoding="iso-8859-1" ?>
<newsitem itemid="445073" id="root" date="1997-03-15" xml:lang="en">
<title>UKRAINE: Ukraine's Kuchma declares 1996 income of $7,300.</title>
<headline>Ukraine's Kuchma declares 1996 income of $7,300.</headline>
<dateline>KIEV 1997-03-15</dateline>
<text>
<p>President Leonid Kuchma, who is trying to clear up taxation chaos in Ukraine, has declared a 1996 income equivalent to just over $600 a month, Interfax-Ukraine news agency said on Saturday.</p>
<p>Kuchma sent a declaration to tax authorities saying he earned 13,355 hryvnias ($7,300 at current exchange rates) last year.</p>
<p>He also declared a dacha, or country home, worth $8,000 near his eastern industrial hometown of Dnipropetrovsk.</p>
<p>The average salary in Ukraine is about $80 to 90 per month.</p>
<p>&quot;He (Kuchma) had no other income except that connected to carrying out his main duties. He has no incomes linked to business activities or from abroad,&quot; the agency said.</p>
<p>Kuchma has been pressing parliament for several months to pass new tax laws and improve collection to pave the way for a multi-billion dollar International Monetary Fund loan.</p>
<p>Many Ukrainians try to avoid paying taxes or attempt to hide at least part of their income and experts estimate that about 40 percent of the economy is underground.</p>
</text>
<copyright>(c) Reuters Limited 1997</copyright>
<metadata>
<codes class="bip:countries:1.0">
  <code code="UKRN">
    <editdetail attribution="Reuters BIP Coding Group" action="confirmed" date="1997-03-15"/>
  </code>
</codes>
<codes class="bip:topics:1.0">
  <code code="E21">
    <editdetail attribution="Reuters BIP Coding Group" action="confirmed" date="1997-03-15"/>
  </code>
  <code code="E211">
    <editdetail attribution="Reuters BIP Coding Group" action="confirmed" date="1997-03-15"/>
  </code>
  <code code="ECAT">
    <editdetail attribution="Reuters BIP Coding Group" action="confirmed" date="1997-03-15"/>
  </code>
  <code code="GCAT">
    <editdetail attribution="Reuters BIP Coding Group" action="confirmed" date="1997-03-15"/>
  </code>
  <code code="GPOL">
    <editdetail attribution="Reuters BIP Coding Group" action="confirmed" date="1997-03-15"/>
  </code>
</codes>
<dc element="dc.date.created" value="1997-03-15"/>
<dc element="dc.publisher" value="Reuters Holdings Plc"/>
<dc element="dc.date.published" value="1997-03-15"/>
<dc element="dc.source" value="Reuters"/>
<dc element="dc.creator.location" value="KIEV"/>
<dc element="dc.creator.location.country.name" value="UKRAINE"/>
<dc element="dc.source" value="Reuters"/>
</metadata>
</newsitem>
