<?xml version="1.0" encoding="iso-8859-1" ?>
<newsitem itemid="445001" id="root" date="1997-03-15" xml:lang="en">
<title>UK: European veg oils close little changed from midday.</title>
<headline>European veg oils close little changed from midday.</headline>
<dateline>LONDON 1997-03-14</dateline>
<text>
<p>European vegetable oil prices closed little changed from midday on Friday despite the surge in Chicago futures.</p>
<p>Chicago futures surged on rumours that Brazil may impose an export tax on soybeans.</p>
<p>However, Europe traders said they found this very hard to swallow.</p>
<p>&quot;I really can't see the Brazilian's handing the soybean market to the Americans on a plate,&quot; said one.</p>
<p>&quot;I can only think they want to price themselves out of the market otherwise they would not react to a daft rumour like this,&quot; said another trader.</p>
<p>Brazilian crushers and the Agricultural Ministry both played down the rumour, saying the tax was unlikely and would be rejected by the ministry.</p>
<p>Palm oil was steady but quiet ahead of the release on Saturday of the Malaysian Palm Oil Registration and Licensing Authority's (PORLA) stocks, output and export date for end-February. In his last report before the PORLA figures, issued on Friday, Malaysian private forecast Ivan Wong projected local palm oil output at 509,000 tonnes, 11.8 percent down from January and against earlier forecasts of falls of 21 and 13 percent. Wong put stocks at 675,000 tonnes at end-February, against 696,272 at end-January.</p>
<p>Soft oils close with soy oil 0.50 guilders up after Mar traded at 102.50 and Apr at 103.75 guilders.</p>
<p>Rape oil sellers were one to 1.25 guilders higher after Apr traded at 104.50 and May/Jul and Aug/Oct at 105 guilders a 100 kilos fob ex-mill.</p>
<p>Crude palm oil finished unchanged to $2.50 up while products were $2.50 to to $5 down.</p>
<p>Coconut oil closed $2.50 lower after Mar/Apr traded at $737.50 and $735, Apr/May at $730 and May/Jun at $725 a tonne cif in inter-dealer trading.</p>
<p>Palmkerenel oil closed unchanged to $5 up after Feb/Mar traded at $740 and $735 a tonne cif.</p>
<p>--Jim Ballantyne, London Newsroom, +44 171 542 8062</p>
</text>
<copyright>(c) Reuters Limited 1997</copyright>
<metadata>
<codes class="bip:countries:1.0">
  <code code="BRAZ">
    <editdetail attribution="Reuters BIP Coding Group" action="confirmed" date="1997-03-15"/>
  </code>
  <code code="UK">
    <editdetail attribution="Reuters BIP Coding Group" action="confirmed" date="1997-03-15"/>
  </code>
</codes>
<codes class="bip:topics:1.0">
  <code code="M14">
    <editdetail attribution="Reuters BIP Coding Group" action="confirmed" date="1997-03-15"/>
  </code>
  <code code="M141">
    <editdetail attribution="Reuters BIP Coding Group" action="confirmed" date="1997-03-15"/>
  </code>
  <code code="MCAT">
    <editdetail attribution="Reuters BIP Coding Group" action="confirmed" date="1997-03-15"/>
  </code>
</codes>
<dc element="dc.date.created" value="1997-03-14"/>
<dc element="dc.publisher" value="Reuters Holdings Plc"/>
<dc element="dc.date.published" value="1997-03-15"/>
<dc element="dc.source" value="Reuters"/>
<dc element="dc.creator.location" value="LONDON"/>
<dc element="dc.creator.location.country.name" value="UK"/>
<dc element="dc.source" value="Reuters"/>
</metadata>
</newsitem>
