<?xml version="1.0" encoding="iso-8859-1" ?>
<newsitem itemid="445008" id="root" date="1997-03-15" xml:lang="en">
<title>UK: British priest advocates theft from supermarkets.</title>
<headline>British priest advocates theft from supermarkets.</headline>
<dateline>LONDON 1997-03-15</dateline>
<text>
<p>A Church of England priest sparked a row on Saturday by saying he approved of shoplifting from supermarkets.</p>
<p>The Reverend John Papworth told parishioners at a meeting to discuss crime that large supermarkets were destroying community life and that it was therefore justified to steal from them.</p>
<p>&quot;I don't regard it as stealing. I regard it as a badly needed reallocation of economic resources,&quot; Papworth said.</p>
<p>Britain's supermarket chains had put small grocers out of business, created unemployment and encouraged greed and consumerism with their advertising campaigns, he argued.</p>
<p>His remarks were immediately denounced by the Church of England.</p>
<p>&quot;He clearly does not speak for the Church of England and indeed his comments have already been disowned by his bishop and his vicar,&quot; a Church of England spokesman told BBC radio.</p>
<p>Home Secretary (interior minister) Michael Howard joined the condemnation, calling Papworth's comments &quot;disgraceful.&quot;</p>
<p>But Papworth, a 75-year-old part-time priest in the wealthy north London district of St John's Wood, was unrepentant.</p>
<p>&quot;When you talk about stealing you can only steal from a person, you can only have a moral relationship with a person, you don't have a moral relationship with things -- that is a power relationship,&quot; he told the BBC.</p>
<p>&quot;Jesus said love your neighbour; he didn't say love Marks and Spencers,&quot; said Papworth, referring to one of Britain's biggest chain store groups.</p>
<p>It is not the first time the priest has run into controversy. He was imprisoned, along with philosopher Bertrand Russell, in the 1960s for his part in a campaign against nuclear weapons and was also jailed in the U.S. for taking part in a march for black rights.</p>
</text>
<copyright>(c) Reuters Limited 1997</copyright>
<metadata>
<codes class="bip:countries:1.0">
  <code code="UK">
    <editdetail attribution="Reuters BIP Coding Group" action="confirmed" date="1997-03-15"/>
  </code>
</codes>
<codes class="bip:topics:1.0">
  <code code="GCAT">
    <editdetail attribution="Reuters BIP Coding Group" action="confirmed" date="1997-03-15"/>
  </code>
  <code code="GCRIM">
    <editdetail attribution="Reuters BIP Coding Group" action="confirmed" date="1997-03-15"/>
  </code>
  <code code="GODD">
    <editdetail attribution="Reuters BIP Coding Group" action="confirmed" date="1997-03-15"/>
  </code>
  <code code="GREL">
    <editdetail attribution="Reuters BIP Coding Group" action="confirmed" date="1997-03-15"/>
  </code>
</codes>
<dc element="dc.date.created" value="1997-03-15"/>
<dc element="dc.publisher" value="Reuters Holdings Plc"/>
<dc element="dc.date.published" value="1997-03-15"/>
<dc element="dc.source" value="Reuters"/>
<dc element="dc.creator.location" value="LONDON"/>
<dc element="dc.creator.location.country.name" value="UK"/>
<dc element="dc.source" value="Reuters"/>
</metadata>
</newsitem>
