<?xml version="1.0" encoding="iso-8859-1" ?>
<newsitem itemid="445002" id="root" date="1997-03-15" xml:lang="en">
<title>UK: Reuters historical calendar - March 22.</title>
<headline>Reuters historical calendar - March 22.</headline>
<dateline>LONDON 1997-03-15</dateline>
<text>
<p>Following are some of the major events to have occurred on March 22 in history.</p>
<p>1459 - Maximilian I, German king and Holy Roman Emperor, born.</p>
<p>1599 - Sir Anthony Van Dyke born. After Rubens he was probably the most prominent Flemish artist of the Baroque period.</p>
<p>1687 - Jean-Baptiste-Lully, French composer, died. He gallicized his name from Giovanni Battista Lulli when he became a French citizen.</p>
<p>1832 - Johann Wolfgang von Goethe, German poet and author of &quot;Faust&quot;, died. &quot;Faust&quot; was begun in 1775, but the first part was not published until 1808, and the second in 1832.</p>
<p>1842 - Carl August Nicolas Rosa, German violinist and composer, born. In 1873 he founded the Carl Rosa Opera Company.</p>
<p>1888 - The first meeting took place at Anderton's Hotel, Fleet Street, aimed at setting up the English Football League.</p>
<p>1895 - Auguste and Louis Lumiere gave the first demonstration of motion pictures using celluloid film in Paris.</p>
<p>1896 - Thomas Hughes, English reformer, jurist and author of &quot;Tom Brown's School Days&quot;, died.</p>
<p>1910 - Nicholas Monsarrat, English novelist, author of &quot;The Cruel Sea&quot;, born.</p>
<p>1915 - The Russians captured the Austrian fortress of Przemysl, Poland.</p>
<p>1917 - The U.S. became the first country to recognise the provisional government of Russia, following the collapse of the monarchy.</p>
<p>1919 - The first international airline service was instituted between Paris and Brussels on a weekly schedule.</p>
<p>1923 - French actor and mime, Marcel Marceau, was born. Best known for his white-faced character &quot;Bip&quot;, based on Pip, a character from Charles Dickens' &quot;Great Expectations&quot;.</p>
<p>1930 - Stephen Joseph Sondheim, U.S. composer and lyricist, born. He musical credits include &quot;West Side Story&quot;, &quot;Gypsy&quot;, &quot;A Little Night Music&quot;, &quot;Sweeney Todd&quot; and &quot;Follies&quot;.</p>
<p>1935 - The first High Definition Television service was officially inaugurated by the director-general of German broadcasting in Berlin.</p>
<p>1945 - The Arab League was formed in Cairo by Egypt, Iraq, Jordan, Lebanon, and Syria.</p>
<p>1946 - Britain recognised the independence of the protectorate of Transjordan.</p>
<p>1948 - Andrew Lloyd Webber, composer, born. His musicals include &quot;Jesus Christ Superstar&quot;, &quot;Evita&quot;, &quot;Cats&quot; and &quot;Phantom of the Opera&quot;.</p>
<p>1979 - Sir Richard Sykes, Britain's Ambassador to the Netherlands, was shot dead by Irish terrorists in the Hague.</p>
<p>1983 - Chaim Herzog, Labour's candidate, was elected president of Israel.</p>
<p>1984 - The Israeli government was defeated in a parliamentary vote, forcing it into early general elections.</p>
<p>1994 - South Africa's Ciskei black homeland collapsed as Brigadier Oupa Gqozo resigned after hundreds of police rebelled.</p>
<p>1996 - Gunmen massacred 11 people in a political attack in South Africa's Zulu heartland, hours after President Nelson Mandela visited the province.</p>
</text>
<copyright>(c) Reuters Limited 1997</copyright>
<metadata>
<codes class="bip:countries:1.0">
  <code code="UK">
    <editdetail attribution="Reuters BIP Coding Group" action="confirmed" date="1997-03-15"/>
  </code>
</codes>
<codes class="bip:topics:1.0">
  <code code="GCAT">
    <editdetail attribution="Reuters BIP Coding Group" action="confirmed" date="1997-03-15"/>
  </code>
</codes>
<dc element="dc.date.created" value="1997-03-15"/>
<dc element="dc.publisher" value="Reuters Holdings Plc"/>
<dc element="dc.date.published" value="1997-03-15"/>
<dc element="dc.source" value="Reuters"/>
<dc element="dc.creator.location" value="LONDON"/>
<dc element="dc.creator.location.country.name" value="UK"/>
<dc element="dc.source" value="Reuters"/>
</metadata>
</newsitem>
