<?xml version="1.0" encoding="iso-8859-1" ?>
<newsitem itemid="445077" id="root" date="1997-03-15" xml:lang="en">
<title>BOSNIA: Germans get heroes' welcome after Albania mission.</title>
<headline>Germans get heroes' welcome after Albania mission.</headline>
<dateline>SARAJEVO 1997-03-15</dateline>
<text>
<p>German pilots and troops who rescued 120 foreigners from Albania received a heroes' welcome when they returned to their Sarajevo base on Saturday.</p>
<p>Hundreds of German soldiers serving in the NATO-led Stabilisation Force (SFOR) in Bosnia cheered when the six evacuation helicopters landed at their Rajlovac base.</p>
<p>The Germans came under fire from a group of Albanians during the operation on Friday and fired in anger for the first time since World War Two.</p>
<p>The returning helicopters circled over the Rajlovac base in western Sarajevo to cheers from soldiers who climbed on top of buildings and containers to get a better look.</p>
<p>&quot;This is a great success story for German army. The whole camp is out,&quot; said Captain Alexander Reinhards.</p>
<p>Evacuation commander Colonel Henning Glawatz, swamped by well-wishers, said: &quot;It was exciting, of course. I am just happy that all of my 91 soldiers are back and no evacuees were wounded.&quot;</p>
<p>The pilot commanding the helicopter, which took a hit from the ground, said he did not even notice it until they landed. &quot;It did not go through the armour,&quot; Lieutenant Colonel Ingolf Masemann said.</p>
</text>
<copyright>(c) Reuters Limited 1997</copyright>
<metadata>
<codes class="bip:countries:1.0">
  <code code="ALB">
    <editdetail attribution="Reuters BIP Coding Group" action="confirmed" date="1997-03-15"/>
  </code>
  <code code="BSHZG">
    <editdetail attribution="Reuters BIP Coding Group" action="confirmed" date="1997-03-15"/>
  </code>
  <code code="GFR">
    <editdetail attribution="Reuters BIP Coding Group" action="confirmed" date="1997-03-15"/>
  </code>
  <code code="NATO">
    <editdetail attribution="Reuters BIP Coding Group" action="confirmed" date="1997-03-15"/>
  </code>
</codes>
<codes class="bip:topics:1.0">
  <code code="GCAT">
    <editdetail attribution="Reuters BIP Coding Group" action="confirmed" date="1997-03-15"/>
  </code>
  <code code="GDEF">
    <editdetail attribution="Reuters BIP Coding Group" action="confirmed" date="1997-03-15"/>
  </code>
  <code code="GVIO">
    <editdetail attribution="Reuters BIP Coding Group" action="confirmed" date="1997-03-15"/>
  </code>
</codes>
<dc element="dc.date.created" value="1997-03-15"/>
<dc element="dc.publisher" value="Reuters Holdings Plc"/>
<dc element="dc.date.published" value="1997-03-15"/>
<dc element="dc.source" value="Reuters"/>
<dc element="dc.creator.location" value="SARAJEVO"/>
<dc element="dc.creator.location.country.name" value="BOSNIA"/>
<dc element="dc.source" value="Reuters"/>
</metadata>
</newsitem>
