<?xml version="1.0" encoding="iso-8859-1" ?>
<newsitem itemid="445045" id="root" date="1997-03-15" xml:lang="en">
<title>ZAIRE: Key events in Zaire's rebel war.</title>
<headline>Key events in Zaire's rebel war.</headline>
<dateline>KINSHASA 1997-03-15</dateline>
<text>
<p>Here is a chronology of the conflict in Zaire, where rebels were reported on Saturday to have seized the airport of the country's third city, Kisangani:</p>
<p>1996</p>
<p>Oct 7: Deputy governor of Zaire's South Kivu province tells 300,000-strong Banyamulenge community -- ethnic Tutsis settled in the region for generations -- to leave Zaire within a week or &quot;be hunted down as rebels&quot;. Warning sparks a revolt.</p>
<p>Oct 24: Rebels seize their first major town, Uvira on northern shore of Lake Tanganyika.</p>
<p>Oct 30: Rebels capture Bukavu, capital of South Kivu province. Bukavu's Roman Catholic archbishop is among the dead.</p>
<p>Nov 1: Rebels and Rwandan soldiers capture Goma, main town in east; about 500 people killed in battles.</p>
<p>Nov 2: International aid workers flee Goma, leaving 1.1 million refugees in east Zaire without U.N. support or aid.</p>
<p>Nov 5: Eight African countries hold summit in Kenya; call for neutral military force to go to Zaire to help refugees.</p>
<p>Nov 9: Security Council asks United Nations to lay groundwork for a multinational force to help refugees.</p>
<p>Nov 14: Rebels bombard Mugunga, the biggest refugee camp, with rockets, mortars and heavy artillery for six hours.</p>
<p>Nov 15: Frightened Rwandan Hutu refugees surge out of Mugunga and other camps, head for home. Up to 700,000 return to Rwanda, rest flee west with armed Hutus blamed for 1994 genocide of minority Tutsis there.</p>
<p>Nov 24: Zaire marks 31 years of President Mobutu Sese Seko's rule; Mobutu is in Europe where he had been since cancer surgery in Switzerland in August.</p>
<p>Nov 28: Canadian commander of proposed U.N. force meets rebels, tours region; U.N.-backed military intervention idea fizzles out after exodus of refugees.</p>
<p>Dec 16: South African President Nelson Mandela and eight other African leaders meet in Kenya to discuss Central Africa crisis; Zaire shuns talks.</p>
<p>Dec 17: Mobutu flies home to a rousing reception; appoints new armed forces chief and reshuffles government to launch counter-offensive. He returns to France three weeks later.</p>
<p>Dec 25: Rebels say they took northeastern town of Bunia.</p>
<p>1997</p>
<p>Jan 20: Government launches much-touted counter-offensive.</p>
<p>Jan 30: Rebels advance on several fronts, including mineral-rich Shaba Province; frustrate army counter-offensive.</p>
<p>Feb 5: Rebel leader Laurent Kabila gives Mobutu until Feb 21 to relinquish power or face all-out rebel offensive.</p>
<p>Feb 7: Mobutu returns to Zaire from Europe; U.N. refugee chief Sadako Ogata visits Zaire.</p>
<p>Feb 15: New U.N. and OAU special envoy for Central Africa Mohamed Sahnoun visits Zaire.</p>
<p>Feb 17: Zaire launches air strikes, bombing rebel-held towns of Bukavu, Shabunda and Walikale.</p>
<p>Feb 19: Mandela says South Africa tries to broker Zaire peace talks. Efforts fizzle out.</p>
<p>Feb 21: Mobutu leaves Zaire for France.</p>
<p>Feb 28: OAU foreign ministers urge Zaire ceasefire; call March 26 OAU summit in Togo on Central Africa crisis.</p>
<p>March 1: Aid workers leave Zaire's third city of Kisangani, citing insecurity and inability to work; rebels capture Lubutu to the south and abandoned refugee camp of Tingi Tingi.</p>
<p>March 3: Rebels capture Kindu; Zaire's main human rights group speaks of persistent reports of rebels massacring Hutus in east; rebels give army until March 13 to lay down weapons.</p>
<p>March 5: Zaire agrees to U.N. ceasefire plan; expels 11 U.N. aid workers.</p>
<p>March 7: U.N. Security Council calls on rebels to accept ceasefire plan; expresses concern at Hutu massacre reports.</p>
<p>March 8: Rebels say U.N. plan basis for talks; truce later.</p>
<p>March 13: Rebel deadline for Zairean soldiers to give up weapons passes with both sides preparing for showdown over eastern garrison city of Kisangani.</p>
<p>March 15: Rebels seize airport at Kisangani, diplomats and relief workers say.</p>
</text>
<copyright>(c) Reuters Limited 1997</copyright>
<metadata>
<codes class="bip:countries:1.0">
  <code code="ZAIRE">
    <editdetail attribution="Reuters BIP Coding Group" action="confirmed" date="1997-03-15"/>
  </code>
</codes>
<codes class="bip:topics:1.0">
  <code code="GCAT">
    <editdetail attribution="Reuters BIP Coding Group" action="confirmed" date="1997-03-15"/>
  </code>
  <code code="GVIO">
    <editdetail attribution="Reuters BIP Coding Group" action="confirmed" date="1997-03-15"/>
  </code>
</codes>
<dc element="dc.date.created" value="1997-03-15"/>
<dc element="dc.publisher" value="Reuters Holdings Plc"/>
<dc element="dc.date.published" value="1997-03-15"/>
<dc element="dc.source" value="Reuters"/>
<dc element="dc.creator.location" value="KINSHASA"/>
<dc element="dc.creator.location.country.name" value="ZAIRE"/>
<dc element="dc.source" value="Reuters"/>
</metadata>
</newsitem>
