<?xml version="1.0" encoding="iso-8859-1" ?>
<newsitem itemid="445058" id="root" date="1997-03-15" xml:lang="en">
<title>BELARUS: Americans, Germans freed after arrest in Belarus.</title>
<headline>Americans, Germans freed after arrest in Belarus.</headline>
<byline>Larisa Sayenko</byline>
<dateline>MINSK 1997-03-15</dateline>
<text>
<p>Four foreigners, two Americans and two Germans, were briefly detained during a protest in Belarus against President Alexander Lukashenko, state television said on Saturday.</p>
<p>A journalist arrested with three of the four foreigners on Friday said they had been released after several hours.</p>
<p>&quot;Several people were arrested, including two American and two German citizens, for active participation in the protest,&quot; the television news said, quoting the interior ministry.</p>
<p>Russia's Interfax news agency said the four were language students and named them as James Traynor and Karen Dorothy from the United States and Fabian Frenzel and Tim Kochler of Germany (Eds: all spellings approximated from Russian alphabet).</p>
<p>No confirmation of their identities was available.</p>
<p>The journalist, Roman Yakovlevsky, said one of the Americans worked for an international centre on cultural affairs in Minsk and the Germans were working for a student newspaper.</p>
<p>&quot;We were held for a few hours. They took our fingerprints, filmed us and let us go,&quot; Yakovlevsky said.</p>
<p>They were released after representatives of the U.S. and German embassies visited the regional police headquarters, Interfax said. Embassy officials were not available for comment.</p>
<p>Reuters correspondents saw about 50 people being bundled into lorries and police vehicles at Friday's protest.</p>
<p>The demonstrators had intended to proceed through the city, a move banned by the authorities.</p>
<p>Some protesters were beaten and looked dazed but there was no sign of bloodshed as police moved in to break up a gathering of up to 2,000 mostly young people.</p>
<p>Other journalists who had been detained at the rally also said they were held for a few hours and then released.</p>
<p>Lukashenko, facing growing unrest among opposition forces, has ordered restrictions on political meetings and banned his opponents from using post-independence national symbols, which he has scrapped in favour of old Soviet ones.</p>
<p>The United States said on Friday it had downgraded its relationship with Belarus because of what it called a &quot;serious turn for the worse&quot; in the human rights situation.</p>
<p>Washington is concerned at plans for closer ties between Russia and Belarus which Russian President Boris Yeltsin said on Friday could even extend to a full merger one day.</p>
</text>
<copyright>(c) Reuters Limited 1997</copyright>
<metadata>
<codes class="bip:countries:1.0">
  <code code="BYELRS">
    <editdetail attribution="Reuters BIP Coding Group" action="confirmed" date="1997-03-15"/>
  </code>
  <code code="GFR">
    <editdetail attribution="Reuters BIP Coding Group" action="confirmed" date="1997-03-15"/>
  </code>
  <code code="RUSS">
    <editdetail attribution="Reuters BIP Coding Group" action="confirmed" date="1997-03-15"/>
  </code>
  <code code="USA">
    <editdetail attribution="Reuters BIP Coding Group" action="confirmed" date="1997-03-15"/>
  </code>
</codes>
<codes class="bip:topics:1.0">
  <code code="GCAT">
    <editdetail attribution="Reuters BIP Coding Group" action="confirmed" date="1997-03-15"/>
  </code>
  <code code="GVIO">
    <editdetail attribution="Reuters BIP Coding Group" action="confirmed" date="1997-03-15"/>
  </code>
</codes>
<dc element="dc.date.created" value="1997-03-15"/>
<dc element="dc.publisher" value="Reuters Holdings Plc"/>
<dc element="dc.date.published" value="1997-03-15"/>
<dc element="dc.source" value="Reuters"/>
<dc element="dc.creator.location" value="MINSK"/>
<dc element="dc.creator.location.country.name" value="BELARUS"/>
<dc element="dc.source" value="Reuters"/>
</metadata>
</newsitem>
