<?xml version="1.0" encoding="iso-8859-1" ?>
<newsitem itemid="445026" id="root" date="1997-03-15" xml:lang="en">
<title>SIERRA LEONE: Sierra Leone rebels say they have sacked leader.</title>
<headline>Sierra Leone rebels say they have sacked leader.</headline>
<byline>Nicholas Phythian</byline>
<dateline>ABIDJAN 1997-03-15</dateline>
<text>
<p>A senior member of Sierra Leone's rebel Revolutionary United Front (RUF) said on Saturday that the high command had sacked its leader Foday Sankoh for blocking a deal to end almost six years of civil war.</p>
<p>Captain Philip Palmer, military representative on the RUF's external delegation, told Reuters that the decision was unanimous and was taken on Friday night after intensive radio contacts with rebel commanders and others in Sierra Leone.</p>
<p>Palmer, a founder member of the RUF, confirmed a report from the Nigeriaian ambassador in Sierra Leone that Sankoh was effectively under house arrest in Nigeria's commercial capital Lagos.</p>
<p>&quot;With a view to promoting the spirit of healing and reconciliation and a rapid return to normalcy in Sierra Leone, the RUF High Command declares with immediate effect, the leadership role of corporal Foday Sankoh terminated,&quot; Palmer, 39, said in a written statement dated Saturday.</p>
<p>&quot;For now we are trying to restructure the leadership to fill the vacuum,&quot; he told Reuters by telephone from the Ivorian town of Danane, near the border with Guinea and Liberia.</p>
<p>Sierra Leone, rich in diamonds and other minerals, is one of the world's poorest nations.</p>
<p>Sankoh, who took up arms in 1991, signed a peace deal with President Ahmad Tejan Kabbah in Ivory Coast on November 30. Implementation has dragged, suggesting that the deal was unravelling. Each side accuses the other of truce violations.</p>
<p>Palmer's statement, delivered to Reuter's office in Ivory Coast, denounced what it called Sankoh's &quot;unyielding determination to thwart the peace process and prolong the suffering of the people of Sierra Leone&quot;.</p>
<p>The statement said that Sankoh, who had spent most of the past year in Ivory Coast, persistently refused to meet U.N. officials and members of a peace commission who travelled to Abidjan to discuss the implementation process with him.</p>
<p>It also accused him of refusing to nominate members to joint monitoring and demobilising committees.</p>
<p>Officials in Ivory Coast say Sankoh went to Nigeria on a private visit without informing his Ivorian hosts. Nigerian officials say he arrived there on March 2.</p>
<p>Nigeria's ambassador to Freetown, Alhaji Mohamed Abubakar, told Reuters on Wednesday that Sankoh was detained and questioned at Lagos airport after turning up there on a private visit with a pistol and ammunition. &quot;He was taken to Lagos where is is now under house arrest,&quot; the ambassador said.</p>
<p>Tejan Kabbah took office a year ago after multi-party elections ended four years of army rule.</p>
<p>His government ordered the army and its Kamajor traditional hunter allies on March 6 to flush out what it called rebel raiders, accusing RUF fighters of killing civilians and ambushing vehicles.</p>
<p>At the time, Deputy Defence Minister Samuel Hinga Norman accused Sankoh of trying to wreck the peace deal.</p>
<p>Nigeria, the regional power in West Africa, has a battalion of troops in Sierra Leone. They helped to protect installations in the capital Freetown during the war.</p>
<p>The two countries, both former British colonies, signed a new military training cooperation agreement on March 7.</p>
<p>The war has killed more than 10,000 people.</p>
</text>
<copyright>(c) Reuters Limited 1997</copyright>
<metadata>
<codes class="bip:countries:1.0">
  <code code="SILEN">
    <editdetail attribution="Reuters BIP Coding Group" action="confirmed" date="1997-03-15"/>
  </code>
</codes>
<codes class="bip:topics:1.0">
  <code code="GCAT">
    <editdetail attribution="Reuters BIP Coding Group" action="confirmed" date="1997-03-15"/>
  </code>
  <code code="GPOL">
    <editdetail attribution="Reuters BIP Coding Group" action="confirmed" date="1997-03-15"/>
  </code>
  <code code="GVIO">
    <editdetail attribution="Reuters BIP Coding Group" action="confirmed" date="1997-03-15"/>
  </code>
</codes>
<dc element="dc.date.created" value="1997-03-15"/>
<dc element="dc.publisher" value="Reuters Holdings Plc"/>
<dc element="dc.date.published" value="1997-03-15"/>
<dc element="dc.source" value="Reuters"/>
<dc element="dc.creator.location" value="ABIDJAN"/>
<dc element="dc.creator.location.country.name" value="SIERRA LEONE"/>
<dc element="dc.source" value="Reuters"/>
</metadata>
</newsitem>
