<?xml version="1.0" encoding="iso-8859-1" ?>
<newsitem itemid="445070" id="root" date="1997-03-15" xml:lang="en">
<title>RUSSIA: Chernomyrdin says new reform govt nearly ready.</title>
<headline>Chernomyrdin says new reform govt nearly ready.</headline>
<dateline>MOSCOW 1997-03-15</dateline>
<text>
<p>Russian Prime Minister Viktor Chernomyrdin said on Saturday that a major overhaul of his government, bringing in new faces and taking a radical new approach to economic form, was nearly ready.</p>
<p>&quot;We are finishing our work on the structure,&quot; Chernomyrdin told ORT Television in an interview. He added that changes had been in progress since December. Reforms would be unpopular but had to be pushed through by a decisive, united team, he said.  </p>
<p>Chernomyrdin, who was charged with shaking up the government by President Boris Yeltsin a week ago, said he had realised last November that the economy was &quot;going nowhere&quot;.</p>
<p>Now the whole structure of the administration would change in order to push ahead with economic reforms under the guidance of Anatoly Chubais, who was appointed Chernomyrdin's first deputy by Yeltsin.</p>
<p>Some ministries covering industrial sectors which had now been largely privatised would be sharply cut back or scrapped, Chernomyrdin said.</p>
<p>&quot;There will be unpopular decisions, but we have to do it,&quot; he added. &quot;We cannot drag out the process of reform, we cannot drag out people's suffering.&quot;</p>
<p>Chernomyrdin gave no indication when the changes would be announced but noted that the process of choosing personnel had not been easy.</p>
<p>The Kremlin says the new government should be unveiled on Monday or Tuesday.</p>
</text>
<copyright>(c) Reuters Limited 1997</copyright>
<metadata>
<codes class="bip:countries:1.0">
  <code code="RUSS">
    <editdetail attribution="Reuters BIP Coding Group" action="confirmed" date="1997-03-15"/>
  </code>
</codes>
<codes class="bip:topics:1.0">
  <code code="E12">
    <editdetail attribution="Reuters BIP Coding Group" action="confirmed" date="1997-03-15"/>
  </code>
  <code code="ECAT">
    <editdetail attribution="Reuters BIP Coding Group" action="confirmed" date="1997-03-15"/>
  </code>
  <code code="GCAT">
    <editdetail attribution="Reuters BIP Coding Group" action="confirmed" date="1997-03-15"/>
  </code>
  <code code="GPOL">
    <editdetail attribution="Reuters BIP Coding Group" action="confirmed" date="1997-03-15"/>
  </code>
</codes>
<dc element="dc.date.created" value="1997-03-15"/>
<dc element="dc.publisher" value="Reuters Holdings Plc"/>
<dc element="dc.date.published" value="1997-03-15"/>
<dc element="dc.source" value="Reuters"/>
<dc element="dc.creator.location" value="MOSCOW"/>
<dc element="dc.creator.location.country.name" value="RUSSIA"/>
<dc element="dc.source" value="Reuters"/>
</metadata>
</newsitem>
