<?xml version="1.0" encoding="iso-8859-1" ?>
<newsitem itemid="445007" id="root" date="1997-03-15" xml:lang="en">
<title>UK: Bosnia peacebroker urges military action in Albania.</title>
<headline>Bosnia peacebroker urges military action in Albania.</headline>
<dateline>LONDON 1997-03-15</dateline>
<text>
<p>Carl Bildt, the international community's top civilian official in Bosnia, on Saturday called for Western military intervention to help end the chaos sweeping Albania.</p>
<p>In a statement issued to Reuters in London, Bildt said failure to act would make current discussions on a common European Union foreign and security policy look &quot;pathetic&quot;.</p>
<p>&quot;A limited military operation in Albania seems essential in order to demonstrate the resolve of Europe in dealing with instability and security threats, as well as to facilitate the provision of humanitarian aid which will be necessary and to facilitate the elections which must come,&quot; he said.</p>
<p>&quot;It will also send a signal to other parts of the region that Europe will deal more decisively with potential threats to stability than was the case at the beginning of the Yugoslav crisis.</p>
<p>&quot;Close cooperation with the United States will of course be vital. We must not fail again.&quot;</p>
<p>Bildt said it was imperative the EU pursue strong policies in the Balkans, calling it the area of Europe where instability was most dangerous.</p>
<p>&quot;There is a pattern of instability in Europe south of Slovenia and north of Greece which can no longer be overlooked. The dangers to (the ethnic-Albanian province of Serbia) Kosovo and Macedonia should not be underestimated,&quot; he added.</p>
</text>
<copyright>(c) Reuters Limited 1997</copyright>
<metadata>
<codes class="bip:countries:1.0">
  <code code="ALB">
    <editdetail attribution="Reuters BIP Coding Group" action="confirmed" date="1997-03-15"/>
  </code>
  <code code="BSHZG">
    <editdetail attribution="Reuters BIP Coding Group" action="confirmed" date="1997-03-15"/>
  </code>
  <code code="EEC">
    <editdetail attribution="Reuters BIP Coding Group" action="confirmed" date="1997-03-15"/>
  </code>
  <code code="UK">
    <editdetail attribution="Reuters BIP Coding Group" action="confirmed" date="1997-03-15"/>
  </code>
</codes>
<codes class="bip:topics:1.0">
  <code code="G15">
    <editdetail attribution="Reuters BIP Coding Group" action="confirmed" date="1997-03-15"/>
  </code>
  <code code="G158">
    <editdetail attribution="Reuters BIP Coding Group" action="confirmed" date="1997-03-15"/>
  </code>
  <code code="GCAT">
    <editdetail attribution="Reuters BIP Coding Group" action="confirmed" date="1997-03-15"/>
  </code>
  <code code="GDIP">
    <editdetail attribution="Reuters BIP Coding Group" action="confirmed" date="1997-03-15"/>
  </code>
  <code code="GVIO">
    <editdetail attribution="Reuters BIP Coding Group" action="confirmed" date="1997-03-15"/>
  </code>
</codes>
<dc element="dc.date.created" value="1997-03-15"/>
<dc element="dc.publisher" value="Reuters Holdings Plc"/>
<dc element="dc.date.published" value="1997-03-15"/>
<dc element="dc.source" value="Reuters"/>
<dc element="dc.creator.location" value="LONDON"/>
<dc element="dc.creator.location.country.name" value="UK"/>
<dc element="dc.source" value="Reuters"/>
</metadata>
</newsitem>
