<?xml version="1.0" encoding="iso-8859-1" ?>
<newsitem itemid="445035" id="root" date="1997-03-15" xml:lang="en">
<title>UGANDA: Uganda-Sudan peace talks hit deadlock.</title>
<headline>Uganda-Sudan peace talks hit deadlock.</headline>
<dateline>KAMPALA 1997-03-15</dateline>
<text>
<p>Iranian-sponsored peace talks between Uganda and Sudan hit a deadlock on Saturday when the two African countries failed to agree on a joint statement.</p>
<p>&quot;The talks have failed but they have not completely failed. There is still room for negotiations,&quot; said Eriya Kategaya, Uganda's foreign minister and deputy prime minister.</p>
<p>He said Sudan refused to include in the statement a clause about Ugandan schoolchildren allegedly abducted in February by the rebel Lord's Resistance Army (LRA) and held at a camp at Arnu in southern Sudan.</p>
<p>&quot;Our main concern was the violation of human rights especially the abduction of the 26 girls from the St Mary's College Aboke who are being held in Arnu,&quot; Kategaya added.</p>
<p>Doubts about the success of the talks now in their ninth round surfaced at their outset on Friday after Sudan sent only its first undersecretary in the Ministry of Foreign Affairs to the Kampala talks.</p>
<p>There was no comment from the Sudanese representative.</p>
<p>Relations between the two countries are strained over accusations that Sudan is helping the rebel LRA in northern Uganda and that Uganda is supporting the rebel Sudan People's Liberation Army (SPLA) in southern Sudan.</p>
<p>Uganda denied on Monday accusations by Khartoum that it had attacked two southern Sudanese border towns in support of the SPLA rebels fighting the Sudanese government.</p>
<p>Kampala accused Sudanese government warplanes of bombing northern Uganda in February but Khartoum denied doing so.</p>
<p>Uganda asked Iran to mediate last year when President Akbar Hashemi Rafsanjani visited Kampala.</p>
<p>Iran mediated an agreement between the two countries last September under which Uganda and Sudan agreed to resume diplomatic relations severed in April 1995 after an incident in which Sudanese diplomats refused to surrender a cache of weapons to Ugandan soldiers.</p>
</text>
<copyright>(c) Reuters Limited 1997</copyright>
<metadata>
<codes class="bip:countries:1.0">
  <code code="IRAN">
    <editdetail attribution="Reuters BIP Coding Group" action="confirmed" date="1997-03-15"/>
  </code>
  <code code="SUDAN">
    <editdetail attribution="Reuters BIP Coding Group" action="confirmed" date="1997-03-15"/>
  </code>
  <code code="UGANDA">
    <editdetail attribution="Reuters BIP Coding Group" action="confirmed" date="1997-03-15"/>
  </code>
</codes>
<codes class="bip:topics:1.0">
  <code code="GCAT">
    <editdetail attribution="Reuters BIP Coding Group" action="confirmed" date="1997-03-15"/>
  </code>
  <code code="GDIP">
    <editdetail attribution="Reuters BIP Coding Group" action="confirmed" date="1997-03-15"/>
  </code>
</codes>
<dc element="dc.date.created" value="1997-03-15"/>
<dc element="dc.publisher" value="Reuters Holdings Plc"/>
<dc element="dc.date.published" value="1997-03-15"/>
<dc element="dc.source" value="Reuters"/>
<dc element="dc.creator.location" value="KAMPALA"/>
<dc element="dc.creator.location.country.name" value="UGANDA"/>
<dc element="dc.source" value="Reuters"/>
</metadata>
</newsitem>
