<?xml version="1.0" encoding="iso-8859-1" ?>
<newsitem itemid="445021" id="root" date="1997-03-15" xml:lang="en">
<title>ZAIRE: Rebels overrun Kisangani airport, soldiers loot.</title>
<headline>Rebels overrun Kisangani airport, soldiers loot.</headline>
<byline>William Wallis</byline>
<dateline>KINSHASA 1997-03-15</dateline>
<text>
<p>A battle raged for Zaire's strategic third largest city of Kisangani on Saturday after rebels overran the international airport where soldiers turned on mercenary allies, diplomats and government officials said.</p>
<p>Elsewhere in the city, soldiers of Zaire's notoriously undisciplined army looted and fled, diplomats and aid workers said. A rebel spokesman in the east said rebel forces were advancing into the city, Zaire's army headquarters in the war zone.</p>
<p>Embassies in Kinshasa advised Western nationals there to stay home for fear of a similar outbreak of looting in the capital, a traditional hotbed of opposition to absent and ailing President Mobutu Sese Seko.</p>
<p>&quot;The international airport has already been taken and looting has spread across the city,&quot; a senior U.N. official in contact with Kisangani said early on Saturday.</p>
<p>&quot;The international airport has been taken and fighting is continuing in town,&quot; Raphael Ngenda, a rebel spokesman in the eastern town of Goma, told reporters.</p>
<p>&quot;I cannot tell if the airport has fallen or not but I have been told there is fierce fighting taking place there,&quot; a Zairean defence ministry spokesman said.</p>
<p>The fall of Kisangani would be the biggest setback for the government since the rebels took up arms in October, vowing to topple Mobutu. They hold a swath of territory in the east.</p>
<p>France sent in a plane with an escort of 30 paratroops from its base in neighbouring Central African Republic and successfully airlifted out 15 foreign nationals. Aid sources said they used a smaller airport, almost in town.</p>
<p>But Prime Minister Alain Juppe ruled out any unilateral military intervention by France, which has been lobbying unsuccessfully for a multi-national force to be sent to help aid get to refugees. Critics say its aim is to prop up Mobutu.</p>
<p>&quot;We do not intend to launch again a solely French operation, and, after all, we do not have all the means to carry it out either,&quot; Juppe told a French television network.</p>
<p>Diplomats said the much-heralded battle for Kisangani began with a clash between the soldiers who switched sides and Serb mercenaries guarding the airport.</p>
<p>&quot;What happened looks distinctly like a betrayal,&quot; a senior government official told Reuters.</p>
<p>The government deployed soldiers, mercenaries and hardline Rwandan Hutu allies at Kisangani, a major port on the Zaire River that flows west to Kinshasa -- 1,500 km (900 miles) away.</p>
<p>A regional military source said that two main rebel columns merged to attack the international airport.</p>
<p>&quot;The mercenaries fled the airport but nobody knows where they have gone. Some of the senior military seem to have gone across the river,&quot; a senior Western diplomat said on Saturday.</p>
<p>The regional source said frightened civilians from Kisangani's 500,000-strong population were massing near the Zaire river, hoping to board barges.</p>
<p>The Tutsi-led rebels took up arms in October accusing the Zairean authorities of denying them citizenship and preparing to expel them to Rwanda, their ancestral home.</p>
<p>Zaire accuses neighbouring Rwanda, Uganda and Burundi of invading in support of the rebels. All three deny the charge.</p>
<p>The government has accepted a U.N. ceasefire plan. The rebels have resisted diplomatic pressure for a ceasefire.</p>
<p>Mobutu has been out of the country for most of the time since August when he had prostate cancer surgery in Europe.</p>
</text>
<copyright>(c) Reuters Limited 1997</copyright>
<metadata>
<codes class="bip:countries:1.0">
  <code code="ZAIRE">
    <editdetail attribution="Reuters BIP Coding Group" action="confirmed" date="1997-03-15"/>
  </code>
</codes>
<codes class="bip:topics:1.0">
  <code code="GCAT">
    <editdetail attribution="Reuters BIP Coding Group" action="confirmed" date="1997-03-15"/>
  </code>
  <code code="GVIO">
    <editdetail attribution="Reuters BIP Coding Group" action="confirmed" date="1997-03-15"/>
  </code>
</codes>
<dc element="dc.date.created" value="1997-03-15"/>
<dc element="dc.publisher" value="Reuters Holdings Plc"/>
<dc element="dc.date.published" value="1997-03-15"/>
<dc element="dc.source" value="Reuters"/>
<dc element="dc.creator.location" value="KINSHASA"/>
<dc element="dc.creator.location.country.name" value="ZAIRE"/>
<dc element="dc.source" value="Reuters"/>
</metadata>
</newsitem>
