<?xml version="1.0" encoding="iso-8859-1" ?>
<newsitem itemid="445080" id="root" date="1997-03-15" xml:lang="en">
<title>POLAND: Warsaw bourse says ready for trade in warrants.</title>
<headline>Warsaw bourse says ready for trade in warrants.</headline>
<dateline>WARSAW 1997-03-15</dateline>
<text>
<p>The Warsaw Stock Exchange is prepared to trade in warrants, bourse president Wieslaw Rozlucki told daily Parkiet in its Saturday edition.</p>
<p>&quot;The best sort of education for and dissemination of that type of instrument is its trade on the exchange....For three years we've been waiting for issuers. I hope that soon warrants will appear on the bourse,&quot; Parkiet quoted Rozlucki as saying.</p>
<p>Poland's Bank Rozwoju Exportu SA (BRE) said earlier in the week that last Thursday it would issue 350 American call warrants for 100 NFI units each to individual investors.</p>
<p>Parkiet said half of them had already been sold.</p>
<p>The bourse has said it seeks to list futures on its blue-chip WIG 20 index as early as this year's third quarter and to introduce share options in the second half of next year.</p>
<p>BRE has also issued call warrants for shares in industrial and trading conglomerate Elektrim and steel trader Stalexport.</p>
<p>-- Warsaw Newsroom +48 22 653 9700</p>
</text>
<copyright>(c) Reuters Limited 1997</copyright>
<metadata>
<codes class="bip:countries:1.0">
  <code code="POL">
    <editdetail attribution="Reuters BIP Coding Group" action="confirmed" date="1997-03-15"/>
  </code>
</codes>
<codes class="bip:topics:1.0">
  <code code="M11">
    <editdetail attribution="Reuters BIP Coding Group" action="confirmed" date="1997-03-15"/>
  </code>
  <code code="MCAT">
    <editdetail attribution="Reuters BIP Coding Group" action="confirmed" date="1997-03-15"/>
  </code>
</codes>
<dc element="dc.date.created" value="1997-03-15"/>
<dc element="dc.publisher" value="Reuters Holdings Plc"/>
<dc element="dc.date.published" value="1997-03-15"/>
<dc element="dc.source" value="Reuters"/>
<dc element="dc.creator.location" value="WARSAW"/>
<dc element="dc.creator.location.country.name" value="POLAND"/>
<dc element="dc.source" value="Reuters"/>
</metadata>
</newsitem>
