<?xml version="1.0" encoding="iso-8859-1" ?>
<newsitem itemid="445069" id="root" date="1997-03-15" xml:lang="en">
<title>ALBANIA: U.S. airlifts 331 more evacuees from Albania.</title>
<headline>U.S. airlifts 331 more evacuees from Albania.</headline>
<dateline>TIRANA 1997-03-15</dateline>
<text>
<p>U.S. military helicopters airlifted 331 Americans and other foreigners from Albania's capital Tirana on Saturday before darkness forced a halt to the day's operations, a Marine officer said.</p>
<p>The operation, suspended on Friday after two Marine Cobra helicopters were fired on, restarted at dawn with a steady trickle of evacuees boarding Chinook, Sea Stallion and Huey helicopters at the U.S. diplomatic compound.</p>
<p>&quot;We are taking them out just as fast as we can. This operation will carry on until the ambassador tells us to wrap it up,&quot; Marine Colonel Emerson Gardner, commander of the rescue force, told reporters in the compound.</p>
<p>Saturday's evacuees, taken to Brindisi in southeast Italy, took the total number of Americans and 31 other nationalities flown out by the Marines to more than 700.</p>
<p>&quot;We don't continue the operations at night because there's too much gunfire,&quot; one Marine officer said.</p>
<p>Those evacuated on Saturday included Bulgarian embassy staff, more than 20 Russians including eight embassy staff, Jordanians, Greeks, Dutch and several Albanians with U.S. visas.</p>
<p>The American operation began on Thursday after Albania's anarchy spread to Tirana, with gunfire in the streets and widespread looting of armouries and food stores.</p>
<p>On Friday, two U.S. helicopters were fired on, while an Italian helicopter was also hit. German troops mounting a helicopter rescue exchanged fire with gunmen on the ground, wounding one Albanian.</p>
<p>Military rescues by Italian, American, German and French forces have brought close to 2,000 people out of Albania.</p>
<p>Tirana was quieter on Saturday, with the level of gunfire greatly reduced. Authorities facing a nationwide slide into anarchy have sought to restore order by parading armoured vehicles on the streets and raising police pay.</p>
</text>
<copyright>(c) Reuters Limited 1997</copyright>
<metadata>
<codes class="bip:countries:1.0">
  <code code="ALB">
    <editdetail attribution="Reuters BIP Coding Group" action="confirmed" date="1997-03-15"/>
  </code>
  <code code="USA">
    <editdetail attribution="Reuters BIP Coding Group" action="confirmed" date="1997-03-15"/>
  </code>
</codes>
<codes class="bip:topics:1.0">
  <code code="GCAT">
    <editdetail attribution="Reuters BIP Coding Group" action="confirmed" date="1997-03-15"/>
  </code>
  <code code="GDIP">
    <editdetail attribution="Reuters BIP Coding Group" action="confirmed" date="1997-03-15"/>
  </code>
  <code code="GVIO">
    <editdetail attribution="Reuters BIP Coding Group" action="confirmed" date="1997-03-15"/>
  </code>
</codes>
<dc element="dc.date.created" value="1997-03-15"/>
<dc element="dc.publisher" value="Reuters Holdings Plc"/>
<dc element="dc.date.published" value="1997-03-15"/>
<dc element="dc.source" value="Reuters"/>
<dc element="dc.creator.location" value="TIRANA"/>
<dc element="dc.creator.location.country.name" value="ALBANIA"/>
<dc element="dc.source" value="Reuters"/>
</metadata>
</newsitem>
