<?xml version="1.0" encoding="iso-8859-1" ?>
<newsitem itemid="445082" id="root" date="1997-03-15" xml:lang="en">
<title>RUSSIA: Russian court jails man who traded human flesh.</title>
<headline>Russian court jails man who traded human flesh.</headline>
<dateline>MOSCOW 1997-03-15</dateline>
<text>
<p>A Russian court sentenced a murderer who traded pieces of his victim's flesh as ordinary meat to eight years in prison on Saturday, Itar-Tass news agency said.</p>
<p>The man, Anatoly Dolbyshev, from the town of Berezniki in the Urals region of Perm, was found guilty of stabbing to death a friend of his mother's in a fight.</p>
<p>Dolbyshev, who had several previous convictions, then cut up his victim's body and sold pieces of the human flesh to unsuspecting local townsfolk in exchange for vodka.</p>
<p>Police were called when one buyer found a strip of human skin in the meat, the agency said.</p>
<p>The court found Dolbyshev guilty of murder, &quot;swindling and appropriation of property through deceit&quot;, Tass said, adding that the Russian Criminal Code did not contain a more appropriate article.</p>
</text>
<copyright>(c) Reuters Limited 1997</copyright>
<metadata>
<codes class="bip:countries:1.0">
  <code code="RUSS">
    <editdetail attribution="Reuters BIP Coding Group" action="confirmed" date="1997-03-15"/>
  </code>
</codes>
<codes class="bip:topics:1.0">
  <code code="GCAT">
    <editdetail attribution="Reuters BIP Coding Group" action="confirmed" date="1997-03-15"/>
  </code>
  <code code="GCRIM">
    <editdetail attribution="Reuters BIP Coding Group" action="confirmed" date="1997-03-15"/>
  </code>
  <code code="GODD">
    <editdetail attribution="Reuters BIP Coding Group" action="confirmed" date="1997-03-15"/>
  </code>
</codes>
<dc element="dc.date.created" value="1997-03-15"/>
<dc element="dc.publisher" value="Reuters Holdings Plc"/>
<dc element="dc.date.published" value="1997-03-15"/>
<dc element="dc.source" value="Reuters"/>
<dc element="dc.creator.location" value="MOSCOW"/>
<dc element="dc.creator.location.country.name" value="RUSSIA"/>
<dc element="dc.source" value="Reuters"/>
</metadata>
</newsitem>
