<?xml version="1.0" encoding="iso-8859-1" ?>
<newsitem itemid="445041" id="root" date="1997-03-15" xml:lang="en">
<title>SUDAN: Sudan says &quot;obsessed&quot; U.S. behind recent clashes.</title>
<headline>Sudan says &quot;obsessed&quot; U.S. behind recent clashes.</headline>
<dateline>KHARTOUM 1997-03-15</dateline>
<text>
<p>A Sudanese minister was quoted as saying the United States was behind recent fighting in the south as it was &quot;obsessed&quot; with partitioning Sudan.</p>
<p>Mostafa Othman Ismail, minister of state at the foreign ministry, was quoted in the private newspaper Akhbar al-Youm on Saturday as saying that a rebel offensive in the east in January was a ruse to distract the Sudanese army from the southern offensive, which Khartoum has blamed on Ugandan troops.</p>
<p>&quot;The U.S. administration is obsessed with dismembering Sudan and besieging the Islamic government using local and regional forces,&quot; Ismail said.</p>
<p>&quot;This plan to dismember Sudan is a clear one and is fully supported by international circles led by the United States and Britain, using regional powers led by Uganda,&quot; he added.</p>
<p>Sudan has said hostile neighbours Eritrea, Ethiopia and Uganda have been fighting alongside rebels first in the east and more recently in the south.</p>
<p>All three countries deny any involvement in the fighting. The rebels, under the command of the Sudan People's Liberation Army (SPLA), say they are fighting the government of Lieutenant-General Omar Hassan al-Bashir singlehanded.</p>
<p>For the past 13 years the SPLA has been fighting for greater autonomy for the mostly Christian and animist south.</p>
<p>The rebels say they have captured the southern town of Yei this week and the Sudanese government says the weaponry they are using is evidence of foreign interference. It says some of the weapons are American-made.</p>
<p>Ismail said that if the rebels did seize the town, it was &quot;part of an Eritrean, Ethiopian, Ugandan and American plot targeting Arab security and not the (Sudanese) government&quot;.</p>
<p>Washington has put Sudan on its list of &quot;terrorist&quot; states.</p>
</text>
<copyright>(c) Reuters Limited 1997</copyright>
<metadata>
<codes class="bip:countries:1.0">
  <code code="SUDAN">
    <editdetail attribution="Reuters BIP Coding Group" action="confirmed" date="1997-03-15"/>
  </code>
  <code code="UGANDA">
    <editdetail attribution="Reuters BIP Coding Group" action="confirmed" date="1997-03-15"/>
  </code>
  <code code="USA">
    <editdetail attribution="Reuters BIP Coding Group" action="confirmed" date="1997-03-15"/>
  </code>
</codes>
<codes class="bip:topics:1.0">
  <code code="GCAT">
    <editdetail attribution="Reuters BIP Coding Group" action="confirmed" date="1997-03-15"/>
  </code>
  <code code="GDIP">
    <editdetail attribution="Reuters BIP Coding Group" action="confirmed" date="1997-03-15"/>
  </code>
</codes>
<dc element="dc.date.created" value="1997-03-15"/>
<dc element="dc.publisher" value="Reuters Holdings Plc"/>
<dc element="dc.date.published" value="1997-03-15"/>
<dc element="dc.source" value="Reuters"/>
<dc element="dc.creator.location" value="KHARTOUM"/>
<dc element="dc.creator.location.country.name" value="SUDAN"/>
<dc element="dc.source" value="Reuters"/>
</metadata>
</newsitem>
