<?xml version="1.0" encoding="iso-8859-1" ?>
<newsitem itemid="445029" id="root" date="1997-03-15" xml:lang="en">
<title>ZAIRE: Zaire rebels overrun Kisangani airport.</title>
<headline>Zaire rebels overrun Kisangani airport.</headline>
<dateline>KINSHASA 1997-03-15</dateline>
<text>
<p>Rebels overran the international airport in Zaire's third city of Kisangani after hours of heavy fighting and retreating Zairean soldiers began looting the city, diplomats and aid workers said on Saturday.</p>
<p>&quot;The international airport has already been taken and looting has spread across the city,&quot; a senior U.N. official said in Zaire's capital Kinshasa. The fighting began on Friday evening.</p>
<p>A Defence Ministry spokesman in Kinshasa was unable to give details but confirmed there had been shooting. &quot;The situation is very tense and there is movement in every direction,&quot; the spokesman told Reuters.</p>
<p>Kisangani, a provincial capital and port dominating the Zaire River which flows west to Kinshasa, is the nerve centre of army operations in the east. The government had concentrated soldiers, Serb mercenaries and Rwandan Hutu allies there.</p>
<p>Aid workers in Kinshasa who were in contact with Kisangani overnight said the fighting started with heavy mortar fire on the northeast outskirts on Friday evening.</p>
<p>Government troops and allied mercenaries had concentrated around the international airport, where military hardware including combat helicopters was based.</p>
<p>&quot;The mercenaries fled the airport but nobody knows where they have gone. Some of the senior military seem to have gone across the river,&quot; senior Western diplomat said on Saturday.</p>
<p>Diplomats, aid workers and Western security sources reported shooting in Kisangani itself overnight although it was unclear whether the ill-disciplined Zairean forces were fighting among themselves, looting or resisting the rebels.</p>
<p>Relief agencies and embassies were looking at ways to evacuate foreign nationals from the city, diplomats and aid sources said.</p>
<p>The Tutsi-led rebels took up arms in October vowing to topple veteran President Mobutu Sese Seko. Mobutu has been out of the country for most of the time since August when he had prostate cancer surgery in Europe.</p>
<p>Zaire accuses neighbouring Rwanda, Uganda and Burundi of invading in support of the rebels. All three deny the charge.</p>
</text>
<copyright>(c) Reuters Limited 1997</copyright>
<metadata>
<codes class="bip:countries:1.0">
  <code code="UN">
    <editdetail attribution="Reuters BIP Coding Group" action="confirmed" date="1997-03-15"/>
  </code>
  <code code="ZAIRE">
    <editdetail attribution="Reuters BIP Coding Group" action="confirmed" date="1997-03-15"/>
  </code>
</codes>
<codes class="bip:topics:1.0">
  <code code="GCAT">
    <editdetail attribution="Reuters BIP Coding Group" action="confirmed" date="1997-03-15"/>
  </code>
  <code code="GVIO">
    <editdetail attribution="Reuters BIP Coding Group" action="confirmed" date="1997-03-15"/>
  </code>
</codes>
<dc element="dc.date.created" value="1997-03-15"/>
<dc element="dc.publisher" value="Reuters Holdings Plc"/>
<dc element="dc.date.published" value="1997-03-15"/>
<dc element="dc.source" value="Reuters"/>
<dc element="dc.creator.location" value="KINSHASA"/>
<dc element="dc.creator.location.country.name" value="ZAIRE"/>
<dc element="dc.source" value="Reuters"/>
</metadata>
</newsitem>
