<?xml version="1.0" encoding="iso-8859-1" ?>
<newsitem itemid="445046" id="root" date="1997-03-15" xml:lang="en">
<title>SUDAN: Sudan says lost contact with troops in Yei.</title>
<headline>Sudan says lost contact with troops in Yei.</headline>
<dateline>KHARTOUM 1997-03-15</dateline>
<text>
<p>The Sudanese army said on Saturday it had lost contact with its units in the southern town of Yei despite repelling four rebel attacks on the town.</p>
<p>The rebel Sudan People's Liberation Army (SPLA) said it captured Yei on Wednesday but on Friday a cabinet minister in Khartoum said the town was still in government hands.</p>
<p>On Saturday the government spokesman, Culture and Information Minister Tayeb Ibrahim Mohamed Khair, said: &quot;Our forces had been in constant contact with the command but in the past hours there has been no communication for some time.&quot;</p>
<p>The minister, in a statement to the official news agency SUNA, said government troops had earlier driven back the four attacks on the town, 1,270 km (790 miles) south of Khartoum.</p>
<p>The Sudanese government says Ugandan troops have been fighting alongside the rebels and Brigadier Khair said on Saturday that their military hardware was proof of foreign help.</p>
<p>&quot;They have amassed large quantities of advanced weapons, heavy artillery and tanks in a way that shows the scale of the military assistance Uganda and its rebel agents have received for carrying out the attack on Sudan,&quot; he said.</p>
</text>
<copyright>(c) Reuters Limited 1997</copyright>
<metadata>
<codes class="bip:countries:1.0">
  <code code="SUDAN">
    <editdetail attribution="Reuters BIP Coding Group" action="confirmed" date="1997-03-15"/>
  </code>
</codes>
<codes class="bip:topics:1.0">
  <code code="GCAT">
    <editdetail attribution="Reuters BIP Coding Group" action="confirmed" date="1997-03-15"/>
  </code>
  <code code="GVIO">
    <editdetail attribution="Reuters BIP Coding Group" action="confirmed" date="1997-03-15"/>
  </code>
</codes>
<dc element="dc.date.created" value="1997-03-15"/>
<dc element="dc.publisher" value="Reuters Holdings Plc"/>
<dc element="dc.date.published" value="1997-03-15"/>
<dc element="dc.source" value="Reuters"/>
<dc element="dc.creator.location" value="KHARTOUM"/>
<dc element="dc.creator.location.country.name" value="SUDAN"/>
<dc element="dc.source" value="Reuters"/>
</metadata>
</newsitem>
