<?xml version="1.0" encoding="iso-8859-1" ?>
<newsitem itemid="445099" id="root" date="1997-03-15" xml:lang="en">
<title>MEXICO: Police, peasants clash in Mexico, three dead.</title>
<headline>Police, peasants clash in Mexico, three dead.</headline>
<dateline>SAN CRISTOBAL DE LAS CASAS, Mexico 1997-03-15</dateline>
<text>
<p>At least three people died in a clash between police and peasants in the southern state of Chiapas on Friday, newspapers reported on Saturday.</p>
<p>Another six people were wounded and 27 people were being held by police in the community of San Pedro Nixtalocum, the state government said in a statement.</p>
<p>The clashes took place between police and local members of the opposition Party of the Democratic Revolution, who support the Zapatista Army for National Liberation, reports said.</p>
<p>Police were called in after three members of the ruling Revolutionary Institutional Party disappeared.</p>
<p>Other clashes earlier in the week left others dead.</p>
<p>The violence marks a return to the tension that has afflicted the state since the Zapatista rebels rose up in arms in January 1, 1994. Since then, peace talks have sputtered.</p>
</text>
<copyright>(c) Reuters Limited 1997</copyright>
<metadata>
<codes class="bip:countries:1.0">
  <code code="MEX">
    <editdetail attribution="Reuters BIP Coding Group" action="confirmed" date="1997-03-15"/>
  </code>
</codes>
<codes class="bip:topics:1.0">
  <code code="GCAT">
    <editdetail attribution="Reuters BIP Coding Group" action="confirmed" date="1997-03-15"/>
  </code>
  <code code="GVIO">
    <editdetail attribution="Reuters BIP Coding Group" action="confirmed" date="1997-03-15"/>
  </code>
</codes>
<dc element="dc.date.created" value="1997-03-15"/>
<dc element="dc.publisher" value="Reuters Holdings Plc"/>
<dc element="dc.date.published" value="1997-03-15"/>
<dc element="dc.source" value="Reuters"/>
<dc element="dc.creator.location" value="SAN CRISTOBAL DE LAS CASAS, Mexico"/>
<dc element="dc.creator.location.country.name" value="MEXICO"/>
<dc element="dc.source" value="Reuters"/>
</metadata>
</newsitem>
