<?xml version="1.0" encoding="iso-8859-1" ?>
<newsitem itemid="445031" id="root" date="1997-03-15" xml:lang="en">
<title>ZAIRE: Zaire's Mobutu hit by fall of Kinangani.</title>
<headline>Zaire's Mobutu hit by fall of Kinangani.</headline>
<byline>William Wallis</byline>
<dateline>KINSHASA 1996-03-16</dateline>
<text>
<p>Rebels captured Zaire's third city of Kisangani in the biggest setback to ailing President Mobutu Sese Seko and his government in five months of civil war.</p>
<p>Residents said by telephone that rebels swept almost unopposed into the city centre on Saturday after soldiers looted what they could and fled across the Zaire River.</p>
<p>Rebel leader Laurent Kabila told a news conference at his headquarters in the eastern city of Goma that his forces did not plan to stop there.</p>
<p>&quot;We are still advancing, we must liberate the whole country,&quot; he said, ruling out a ceasefire before peace negotiations.</p>
<p>The Tutsi-led rebels now control about one fifth of the sprawling Central African nation which Mobutu, who has rarely visited his country since undergoing prostate cancer surgery last August, has ruled since a 1965 coup.</p>
<p>The rebels, who are also advancing in the key southern mining province of Shaba, took up arms in October accusing the authorities of denying them citizenship.</p>
<p>Kabila earlier had talks with U.N. envoy Mohammed Shanoun, whose ceasefire plan the government has accepted.</p>
<p>Residents in Kisangani, previously the nerve centre of government military operations in the war zone, said small groups of rebels had gathered in the city centre and some people went out to welcome them.</p>
<p>&quot;(Zairean soldiers) left this morning and last night after looting what they could in the short space of time that they had,&quot; one resident told Reuters by telephone.</p>
<p>France earlier sent a plane and 30 paratroops from a  base in the Central African Republic to Kisangani and successfully airlifted out 15 foreign nationals.</p>
<p>Diplomats and a government official said some Zairean soldiers apparently switched sides, turning on their Serb mercenary allies at the international airport outside Kisangain.</p>
<p>&quot;What happened looks distinctly like a betrayal,&quot; said a senior government official.</p>
<p>The diplomats spoke of heavy material damage at the airport. &quot;There were clashes on the road from the airport when the mercenaries were trying to flee,&quot; one diplomat said.</p>
<p>Kabila said some of the 300 mercenaries and soldiers of Mobutu's Special Presidential Division had set up a new headquarters in Mbuji-Mayi, capital of the diamond mining province of Kasai.</p>
<p>The capital of Kinshasa remained calm but opposition militants in the poor district of Matonge were jubilant at news of a fresh rebel success.</p>
<p>&quot;Since yesterday, we have been hearing that Kisangani is falling and here we are waiting for Kabila with our arms open,&quot; said Jose Wasunde, 34. &quot;His army is an army of liberation.&quot;</p>
</text>
<copyright>(c) Reuters Limited 1997</copyright>
<metadata>
<codes class="bip:countries:1.0">
  <code code="ZAIRE">
    <editdetail attribution="Reuters BIP Coding Group" action="confirmed" date="1997-03-15"/>
  </code>
</codes>
<codes class="bip:topics:1.0">
  <code code="GCAT">
    <editdetail attribution="Reuters BIP Coding Group" action="confirmed" date="1997-03-15"/>
  </code>
  <code code="GVIO">
    <editdetail attribution="Reuters BIP Coding Group" action="confirmed" date="1997-03-15"/>
  </code>
</codes>
<dc element="dc.date.created" value="1996-03-16"/>
<dc element="dc.publisher" value="Reuters Holdings Plc"/>
<dc element="dc.date.published" value="1997-03-15"/>
<dc element="dc.source" value="Reuters"/>
<dc element="dc.creator.location" value="KINSHASA"/>
<dc element="dc.creator.location.country.name" value="ZAIRE"/>
<dc element="dc.source" value="Reuters"/>
</metadata>
</newsitem>
