<?xml version="1.0" encoding="iso-8859-1" ?>
<newsitem itemid="445040" id="root" date="1997-03-15" xml:lang="en">
<title>NIGERIA: PRESS DIGEST - Nigeria - March 15.</title>
<headline>PRESS DIGEST - Nigeria - March 15.</headline>
<dateline>LAGOS 1997-03-15</dateline>
<text>
<p>These are significant stories in the Nigerian press on Saturday. Reuters has not verified these stories and does not vouch for their accuracy.</p>
<p>THE GUARDIAN</p>
<p>- Local government elections, which are a landmark in Nigeria's fresh bid for democracy, take place nationwide on Saturday. Police set for the polls.</p>
<p>- A political movement, the Democratic Alternative, denies being involved in any plan to disrupt the polls as alleged by Special Duties Minister Wada Nas last week.</p>
<p>- African human rights team ends visit to Nigeria, describing its mission to the country as a success.</p>
<p>- Bankers, reacting to Wednesday's 5.88 percent devaluation of the naira, decry the depreciation of the nation's currency saying this may have eroded the gains of the economy.</p>
<p>THISDAY</p>
<p>- Lack of preparedness, last minute disqualifications of candidates, confusion and uncertainty in some parts of Nigeria may put in question the credibility of Saturday's local council elections.</p>
<p>- Nigerian Society of Engineers, reacting to the sacking of chief executive of Nigeria Airways this week, says changes there are not helpful and calls instead for an agenda from government for the national carrier's revitalisation.</p>
<p>($1=85 naira)</p>
<p>-- Lagos newsroom +234 1 2630317</p>
</text>
<copyright>(c) Reuters Limited 1997</copyright>
<metadata>
<codes class="bip:countries:1.0">
  <code code="NIGEA">
    <editdetail attribution="Reuters BIP Coding Group" action="confirmed" date="1997-03-15"/>
  </code>
</codes>
<codes class="bip:topics:1.0">
  <code code="GCAT">
    <editdetail attribution="Reuters BIP Coding Group" action="confirmed" date="1997-03-15"/>
  </code>
</codes>
<dc element="dc.date.created" value="1997-03-15"/>
<dc element="dc.publisher" value="Reuters Holdings Plc"/>
<dc element="dc.date.published" value="1997-03-15"/>
<dc element="dc.source" value="Reuters"/>
<dc element="dc.creator.location" value="LAGOS"/>
<dc element="dc.creator.location.country.name" value="NIGERIA"/>
<dc element="dc.source" value="Reuters"/>
</metadata>
</newsitem>
