<?xml version="1.0" encoding="iso-8859-1" ?>
<newsitem itemid="445039" id="root" date="1997-03-15" xml:lang="en">
<title>ZAIRE: Zaire rebels say moving into Kisangani city.</title>
<headline>Zaire rebels say moving into Kisangani city.</headline>
<dateline>GOMA, Zaire 1997-03-15</dateline>
<text>
<p>Zaire rebels battling for the country's third largest city of Kisangani said on Saturday their forces were advancing into the city itself after overrunning the international airport.</p>
<p>&quot;The international airport has been taken and fighting is continuing in town,&quot; Raphael Ngenda told reporters at rebel headquarters in the eastern town of Goma.</p>
</text>
<copyright>(c) Reuters Limited 1997</copyright>
<metadata>
<codes class="bip:countries:1.0">
  <code code="ZAIRE">
    <editdetail attribution="Reuters BIP Coding Group" action="confirmed" date="1997-03-15"/>
  </code>
</codes>
<codes class="bip:topics:1.0">
  <code code="GCAT">
    <editdetail attribution="Reuters BIP Coding Group" action="confirmed" date="1997-03-15"/>
  </code>
  <code code="GVIO">
    <editdetail attribution="Reuters BIP Coding Group" action="confirmed" date="1997-03-15"/>
  </code>
</codes>
<dc element="dc.date.created" value="1997-03-15"/>
<dc element="dc.publisher" value="Reuters Holdings Plc"/>
<dc element="dc.date.published" value="1997-03-15"/>
<dc element="dc.source" value="Reuters"/>
<dc element="dc.creator.location" value="GOMA, Zaire"/>
<dc element="dc.creator.location.country.name" value="ZAIRE"/>
<dc element="dc.source" value="Reuters"/>
</metadata>
</newsitem>
