<?xml version="1.0" encoding="iso-8859-1" ?>
<newsitem itemid="445030" id="root" date="1997-03-15" xml:lang="en">
<title>KENYA: Zaire rebels attack Kisangani, airport threatened.</title>
<headline>Zaire rebels attack Kisangani, airport threatened.</headline>
<byline>Buchizya Mseteka</byline>
<dateline>NAIROBI 1997-03-15</dateline>
<text>
<p>Zairean rebels have overrun main government defences on the eastern side of Kisangani in heavy fighting and the international airport is within firing range, a regional military source said on Saturday.</p>
<p>The source, who closely monitors the war between Laurent Kabila's Alliance of Democratic Forces for the Liberation of Congo-Zaire (ADFL) and Zaire's ragged army, said Zairean troops were looting as they fled the country's third largest city.</p>
<p>He said frightened civilians from Kisangani's 500,000-strong population were massing near the Zaire river hoping to board barges.</p>
<p>The main government defences on the east of Kisangani were taken in heavy pre-dawn fighting after the ADFL's two main frontline columns converged, he added.</p>
<p>&quot;The rebels have overrun and captured the main government defence positions on the eastern side of Kisangani. Two main rebel columns have now merged outside the city and the airport is within firing range,&quot; the source said.</p>
<p>&quot;The soldiers are looting Kisangani as they flee. Many are leaving by boats. There is confusion among the citizens,&quot; the source added.</p>
<p>The source said it appeared the rebels were ready to storm Kisangani airport, nerve centre of the government's proclaimed counter-offensive and main base for Serb mercenaries and Rwandan Hutu soldiers.</p>
<p>&quot;They should have no problem taking the airport. We have detected movements that suggest they are readying to storm the airport,&quot; he added.</p>
<p>The source spoke after U.N. relief agencies and foreign embassies in Kinshasa said they were seeking ways to evacuate expatriates from Kisangani after reports of mortar fire outside the city.</p>
<p>&quot;There has been fighting going on for five hours,&quot; a senior U.N. official in Kinshasa said late on Friday.</p>
<p>&quot;We are looking for ways to evacuate our personnel and the French authorities are also searching for ways to help,&quot; the official said.</p>
<p>Aid workers in Kinshasa who were in contact with the city said the fighting began with mortar fire near the international airport on the outskirts of the town, where Zairean troops and their foreign mercenaries are concentrated.</p>
<p>Diplomats reported shooting inside Kisangani itself, but it was unclear if Zairean soldiers were fighting among themselves, looting or clashing with rebels.</p>
<p>A defence ministry spokesman in Kinshasa said reports the city was under rebel attack were false but conceded there may have been some shooting.</p>
<p>The battle for Kisangani, centre of Zairean military operations in the east of the vast central African country, has become pivotal with both rebels and government forces concentrating troops.</p>
<p>The fall of Kisangani, which the rebels claim is imminent though government forces deny this, would be the biggest setback for the government of ailing President Mobutu Sese Seko in a five-month rebel campaign. Rebels have already taken a vast area in the east of Zaire.</p>
<p>Kabila had given Zairean generals until Thursday to lay down weapons or face an all-out offensive on the strategic port at the head of the navigable section of the vast Zaire river.</p>
</text>
<copyright>(c) Reuters Limited 1997</copyright>
<metadata>
<codes class="bip:countries:1.0">
  <code code="KENYA">
    <editdetail attribution="Reuters BIP Coding Group" action="confirmed" date="1997-03-15"/>
  </code>
  <code code="ZAIRE">
    <editdetail attribution="Reuters BIP Coding Group" action="confirmed" date="1997-03-15"/>
  </code>
</codes>
<codes class="bip:topics:1.0">
  <code code="GCAT">
    <editdetail attribution="Reuters BIP Coding Group" action="confirmed" date="1997-03-15"/>
  </code>
  <code code="GVIO">
    <editdetail attribution="Reuters BIP Coding Group" action="confirmed" date="1997-03-15"/>
  </code>
</codes>
<dc element="dc.date.created" value="1997-03-15"/>
<dc element="dc.publisher" value="Reuters Holdings Plc"/>
<dc element="dc.date.published" value="1997-03-15"/>
<dc element="dc.source" value="Reuters"/>
<dc element="dc.creator.location" value="NAIROBI"/>
<dc element="dc.creator.location.country.name" value="KENYA"/>
<dc element="dc.source" value="Reuters"/>
</metadata>
</newsitem>
