<?xml version="1.0" encoding="iso-8859-1" ?>
<newsitem itemid="445057" id="root" date="1997-03-15" xml:lang="en">
<title>ALBANIA: Albanian leader under pressure as exodus grows.</title>
<headline>Albanian leader under pressure as exodus grows.</headline>
<byline>Giles Elgood</byline>
<dateline>TIRANA 1997-03-15</dateline>
<text>
<p>U.S. military helicopters airlifted Americans and other foreigners from Tirana on Saturday while hundreds of Albanians fled to Italy in a makeshift flotilla of rusty merchant ships and fishing boats and European governments agonised over whether they should intervene.</p>
<p>Although Tirana was calmer after a show of force by police, thousands of Albanians broke through police lines in the port of Durres in a desperate attempt to board a Greek frigate that had come to evacuate foreign diplomats.</p>
<p>After weeks of anarchy following the collapse of shady investment schemes in which thousands of Albanians lost their savings, President Sali Berisha came under international pressure to quit, a key demand of rebels in the south.</p>
<p>Italy, Albania's biggest economic partner and a leading player in international efforts to halt the country's slide into chaos, signalled that Berisha was no longer a key player and his fate was in the hands of Prime Minister Bashkim Fino.</p>
<p>Italian Foreign Minister Lamberto Dini told the newspaper La Repubblica that Fino had to decide whether Berisha's presence was &quot;an obstacle to pacifying the country or not, whether his continuation in the role can be accepted at least to prepare elections or not&quot;.</p>
<p>In the Dutch town of Apeldoorn, where EU foreign ministers were discussing the crisis, Danish Foreign Minister Niels Helveg Petersen said openly that Berisha should resign.</p>
<p>&quot;I'm sure that if President Berisha were to step down that would in some ways improve the situation in Albania,&quot; said Petersen, whose country holds the chairmanship of the 54-member Organisation for Security and Cooperation in Europe (OSCE).</p>
<p>Italy said it would give temporary sanctuary to fleeing Albanians but intended to repatriate them once the armed anarchy in their country had subsided.</p>
<p>A senior government official, Nicola Sinisi, announced the policy after a two-hour meeting of police and immigration chiefs held in response to a recent influx of some 1,600 Albanians in a convoy of creaking boats.</p>
<p>Italian Interior Minister Giorgio Napolitano said the country should brace for a mass influx of refugees.</p>
<p>An Albanian military helicopter landed in southern Italy with 33 refugees on board, including five children.</p>
<p>The exodus has raised fears in Italy of a repeat of the tide of 40,000 Albanians who flooded into southeast ports and sparked serious rioting in 1991 after Stalinist rule crumbled in Europe's poorest state.</p>
<p>In Durres, where diplomats and foreign nationals have been evacuated over the past few days, police fired in the air to try and hold back a crowd of 5,000 Albanians desperate to board a Greek warship.</p>
<p>But after running two km (one mile) through the port, they reached the keyside just in time to see the ship steaming away.</p>
<p>The U.S. evacuation, suspended on Friday after two Marine Cobra helicopters were fired on, restarted at dawn on Saturday and by midday more than 120 people had been brought out.</p>
<p>Tirana was quieter on Saturday, with the level of gunfire greatly reduced. Authorities facing a nationwide slide into anarchy have sought to restore order by parading armoured vehicles on the streets and raising police pay.</p>
<p>Justice Minister Spartak Ngjela said the government had set up special, highly paid, police units to disarm gunmen who have brought the country to anarchy.</p>
<p>The move is clearly aimed at tackling the lawlessness ripping the country apart after civilians looted barracks as the army disintegrated and nervous police melted away.</p>
<p>At one of Tirana's main police stations, about 200 men were waiting outside to join the new units. Uniformed police were on the streets again after having disappeared several days ago.</p>
<p>Albanian state television showed pictures of what it said were weapons surrendered in Tirana. But in the south, rebel leaders said they would not hand in their guns until Berisha resigned.</p>
<p>The United States has so far evacuated more than 600 people from Tirana, which in recent days has been the scene of growing lawlessness with people looting rifles from arms depots and loosing off bursts of gunfire into the air.</p>
<p>In Vienna, OSCE ambassadors agreed to give broad support to sending foreign troops to Albania.</p>
<p>The 54-nation group backed a proposal by its mediator in Albania, Franz Vranitzky, to ask foreign governments to send forces, but no state gave a commitment to do so.</p>
<p>In Apeldoorn, EU foreign ministers were divided on Saturday on whether to back calls for military intervention.</p>
<p>Sweden's Lena Hjelm-Wallen was blunt about the EU's predicament. &quot;Frankly, we don't know what to do,&quot; she told reporters.</p>
</text>
<copyright>(c) Reuters Limited 1997</copyright>
<metadata>
<codes class="bip:countries:1.0">
  <code code="ALB">
    <editdetail attribution="Reuters BIP Coding Group" action="confirmed" date="1997-03-15"/>
  </code>
  <code code="ITALY">
    <editdetail attribution="Reuters BIP Coding Group" action="confirmed" date="1997-03-15"/>
  </code>
  <code code="USA">
    <editdetail attribution="Reuters BIP Coding Group" action="confirmed" date="1997-03-15"/>
  </code>
</codes>
<codes class="bip:topics:1.0">
  <code code="GCAT">
    <editdetail attribution="Reuters BIP Coding Group" action="confirmed" date="1997-03-15"/>
  </code>
  <code code="GVIO">
    <editdetail attribution="Reuters BIP Coding Group" action="confirmed" date="1997-03-15"/>
  </code>
</codes>
<dc element="dc.date.created" value="1997-03-15"/>
<dc element="dc.publisher" value="Reuters Holdings Plc"/>
<dc element="dc.date.published" value="1997-03-15"/>
<dc element="dc.source" value="Reuters"/>
<dc element="dc.creator.location" value="TIRANA"/>
<dc element="dc.creator.location.country.name" value="ALBANIA"/>
<dc element="dc.source" value="Reuters"/>
</metadata>
</newsitem>
