<?xml version="1.0" encoding="iso-8859-1" ?>
<newsitem itemid="445177" id="root" date="1997-03-15" xml:lang="en">
<title>QATAR: Pakistani expats raise $1 bln for debt fund.</title>
<headline>Pakistani expats raise $1 bln for debt fund.</headline>
<dateline>DOHA 1997-03-15</dateline>
<text>
<p>Pakistanis living abroad have contributed more than $1 billion in response to Prime Minister Nawaz Sharif's appeal last month to pay off the country's foreign debt, a Pakistani leader said on Saturday.</p>
<p>&quot;Overseas Pakistanis have so far deposited more than $1 billion and more is coming daily,&quot; Ijaz ul-Haq, a member of Pakistan's national assembly said in an address to the Pakistani community in Qatar.</p>
<p>&quot;The scheme has also generated a tremendous response within the country and the people have deposited more than one billion rupee with the banks,&quot; he said.</p>
<p>Ijaz ul-Haq, a former banker and son of the late president Mohammad Zia-ul-Haq, is heading a four-man delegation on a Gulf tour to seek Pakistani expatriate's support to the scheme.</p>
<p>The team has already visited Oman, Bahrain, the United Arab Emirates and Kuwait.</p>
<p>&quot;The country has run up more than $34 billion in foreign debt, of which $10 billion has to be repaid soon,&quot; Ijaz ul-Haq said.</p>
<p>Sharif launched his plan under the slogan &quot;Qarz Utaro Mulk Sanwaro&quot; (Pay off debt, set country right) tapping his countrymen's patriotism to help pay off more $30 billion in foreign debt.</p>
<p>Sadiq Hassan, general manager of Pakistan's United Bank Ltd branch in Doha, said he had collected 2.2 million riyals ($603,000) in the past three weeks towards the prime minister's debt payment scheme.</p>
<p>&quot;More remittances are coming in daily and we hope to collect upto five million riyals ($1.37 million) by the end of April,&quot; he said.</p>
<p>($1=3.63 riyals)</p>
</text>
<copyright>(c) Reuters Limited 1997</copyright>
<metadata>
<codes class="bip:countries:1.0">
  <code code="PAKIS">
    <editdetail attribution="Reuters BIP Coding Group" action="confirmed" date="1997-03-15"/>
  </code>
  <code code="QATAR">
    <editdetail attribution="Reuters BIP Coding Group" action="confirmed" date="1997-03-15"/>
  </code>
</codes>
<codes class="bip:topics:1.0">
  <code code="E21">
    <editdetail attribution="Reuters BIP Coding Group" action="confirmed" date="1997-03-15"/>
  </code>
  <code code="E212">
    <editdetail attribution="Reuters BIP Coding Group" action="confirmed" date="1997-03-15"/>
  </code>
  <code code="E51">
    <editdetail attribution="Reuters BIP Coding Group" action="confirmed" date="1997-03-15"/>
  </code>
  <code code="ECAT">
    <editdetail attribution="Reuters BIP Coding Group" action="confirmed" date="1997-03-15"/>
  </code>
</codes>
<dc element="dc.date.created" value="1997-03-15"/>
<dc element="dc.publisher" value="Reuters Holdings Plc"/>
<dc element="dc.date.published" value="1997-03-15"/>
<dc element="dc.source" value="Reuters"/>
<dc element="dc.creator.location" value="DOHA"/>
<dc element="dc.creator.location.country.name" value="QATAR"/>
<dc element="dc.source" value="Reuters"/>
</metadata>
</newsitem>
