<?xml version="1.0" encoding="iso-8859-1" ?>
<newsitem itemid="445150" id="root" date="1997-03-15" xml:lang="en">
<title>VIETNAM: Vietnam mulls cut in working week.</title>
<headline>Vietnam mulls cut in working week.</headline>
<dateline>HANOI 1997-03-15</dateline>
<text>
<p>Vietnam is studying a proposal to cut the working week to five and a half days from six to give labourers more leisure time, improve productivity and create badly needed jobs, a government official said on Saturday.</p>
<p>Hoang Van Hung, vice-director of the Labour Protection Department, said a shorter week could be implemented on a trial basis before changes are made to the 1994 Labour Code, which stipulates a 48-hour, six-day week.</p>
<p>&quot;It's too early and extremely optimistic to say that from May 1 we can have Saturday afternoons off,&quot; he said, referring to a report that the study would be completed by that date.</p>
<p>Proponents of the shorter working week argue that it could help chip away at unemployment.</p>
<p>The official daily Vietnam News said that the national jobless rate among people of working age is currently 5.65 percent and 5.55 percent in urban areas.</p>
</text>
<copyright>(c) Reuters Limited 1997</copyright>
<metadata>
<codes class="bip:countries:1.0">
  <code code="VIETN">
    <editdetail attribution="Reuters BIP Coding Group" action="confirmed" date="1997-03-15"/>
  </code>
</codes>
<codes class="bip:topics:1.0">
  <code code="C42">
    <editdetail attribution="Reuters BIP Coding Group" action="confirmed" date="1997-03-15"/>
  </code>
  <code code="CCAT">
    <editdetail attribution="Reuters BIP Coding Group" action="confirmed" date="1997-03-15"/>
  </code>
  <code code="E41">
    <editdetail attribution="Reuters BIP Coding Group" action="confirmed" date="1997-03-15"/>
  </code>
  <code code="ECAT">
    <editdetail attribution="Reuters BIP Coding Group" action="confirmed" date="1997-03-15"/>
  </code>
  <code code="GCAT">
    <editdetail attribution="Reuters BIP Coding Group" action="confirmed" date="1997-03-15"/>
  </code>
  <code code="GJOB">
    <editdetail attribution="Reuters BIP Coding Group" action="confirmed" date="1997-03-15"/>
  </code>
</codes>
<dc element="dc.date.created" value="1997-03-15"/>
<dc element="dc.publisher" value="Reuters Holdings Plc"/>
<dc element="dc.date.published" value="1997-03-15"/>
<dc element="dc.source" value="Reuters"/>
<dc element="dc.creator.location" value="HANOI"/>
<dc element="dc.creator.location.country.name" value="VIETNAM"/>
<dc element="dc.source" value="Reuters"/>
</metadata>
</newsitem>
