<?xml version="1.0" encoding="iso-8859-1" ?>
<newsitem itemid="445185" id="root" date="1997-03-15" xml:lang="en">
<title>SYRIA: Radicals urge Palestinians to fight Israel.</title>
<headline>Radicals urge Palestinians to fight Israel.</headline>
<dateline>DAMASCUS 1997-03-15</dateline>
<text>
<p>A radical Palestinian alliance on Saturday called on Palestinians in the occupied territories to escalate their attacks against Israel to block the building of a new Jewish settlement in Arab East Jerusalem.</p>
<p>&quot;Resist Israel's plans to build the Jerusalem settlement, fight the occupation forces and the Zionist settlers,&quot; the alliance said in a statement addressed to Palestinians in the West Bank and Gaza Strip.</p>
<p>The alliance, grouping eight Moslem fundamentalist and secular groups including the militant Islamic Jihad and Hamas, opposes Israel's 1993 peace deal with the Palestinians.</p>
<p>Alliance groups have claimed several attacks against Israeli targets since 1993 in which scores of Israelis were killed or wounded.</p>
<p>&quot;Let the world hear your voice and your determination to continue the fight against Israel until the liberation of Palestine,&quot; the statement said.</p>
<p>&quot;You are not alone in this conflict. You have the support of the Arab and Islamic forces, you have the backing of the Islamic Resistance in south Lebanon,&quot; the statement said.</p>
<p>It condemned the United States for vetoing a draft resolution by the U.N. Security Council that urged Israel to stop the building of 6,500 homes in East Jerusalem.</p>
<p>The statement came as Palestinian President Yasser Arafat opened an international meeting aimed at defusing the crisis in Middle East peacemaking over Israel's settlement plans.</p>
<p>Ignoring Israeli objections, representatives of the United States, the European Union, Japan and Arab countries attended the conference in Palestinian-ruled Gaza City.</p>
<p>Israel vowed on Friday to break the ground for the Jewish settlement in Arab East Jerusalem next week, ignoring world pleas to ditch the project which could bring a Palestinian backlash.</p>
<p>The U.N. General Assembly, by a vote of 130 to two, with two abstentions, called on Israel on Thursday to abandon the planned settlement.</p>
<p>The United States and Israel cast the only negative votes on the resolution, similar to the one vetoed by the United States in the Security Council on March 7.</p>
</text>
<copyright>(c) Reuters Limited 1997</copyright>
<metadata>
<codes class="bip:countries:1.0">
  <code code="ISRAEL">
    <editdetail attribution="Reuters BIP Coding Group" action="confirmed" date="1997-03-15"/>
  </code>
  <code code="SYRIA">
    <editdetail attribution="Reuters BIP Coding Group" action="confirmed" date="1997-03-15"/>
  </code>
</codes>
<codes class="bip:topics:1.0">
  <code code="GCAT">
    <editdetail attribution="Reuters BIP Coding Group" action="confirmed" date="1997-03-15"/>
  </code>
  <code code="GPOL">
    <editdetail attribution="Reuters BIP Coding Group" action="confirmed" date="1997-03-15"/>
  </code>
  <code code="GVIO">
    <editdetail attribution="Reuters BIP Coding Group" action="confirmed" date="1997-03-15"/>
  </code>
</codes>
<dc element="dc.date.created" value="1997-03-15"/>
<dc element="dc.publisher" value="Reuters Holdings Plc"/>
<dc element="dc.date.published" value="1997-03-15"/>
<dc element="dc.source" value="Reuters"/>
<dc element="dc.creator.location" value="DAMASCUS"/>
<dc element="dc.creator.location.country.name" value="SYRIA"/>
<dc element="dc.source" value="Reuters"/>
</metadata>
</newsitem>
