<?xml version="1.0" encoding="iso-8859-1" ?>
<newsitem itemid="445106" id="root" date="1997-03-15" xml:lang="en">
<title>PERU: Rebel attack sparks Peru store fire, two hurt.</title>
<headline>Rebel attack sparks Peru store fire, two hurt.</headline>
<dateline>LIMA 1997-03-15</dateline>
<text>
<p>Suspected Marxist rebels burst into a textile store in Lima on Saturday, setting off grenades and sparking a large fire that injured at least two firefighters, police said.</p>
<p>&quot;It's a terrorist attack. They used hand grenades,&quot; police bomb squad officer Carlos Samaniego told Reuters.  </p>
<p>Peruvian anti-terrorist police confirmed the attack in Lima's working class La Victoria district was carried out by rebels of the Tupac Amaru Revolutionary Movement (MRTA).</p>
<p>About 20 MRTA members are holding 72 hostages at the Japanese ambassador's home in Lima in a siege which has lasted 88 days.</p>
</text>
<copyright>(c) Reuters Limited 1997</copyright>
<metadata>
<codes class="bip:countries:1.0">
  <code code="PERU">
    <editdetail attribution="Reuters BIP Coding Group" action="confirmed" date="1997-03-15"/>
  </code>
</codes>
<codes class="bip:topics:1.0">
  <code code="GCAT">
    <editdetail attribution="Reuters BIP Coding Group" action="confirmed" date="1997-03-15"/>
  </code>
  <code code="GVIO">
    <editdetail attribution="Reuters BIP Coding Group" action="confirmed" date="1997-03-15"/>
  </code>
</codes>
<dc element="dc.date.created" value="1997-03-15"/>
<dc element="dc.publisher" value="Reuters Holdings Plc"/>
<dc element="dc.date.published" value="1997-03-15"/>
<dc element="dc.source" value="Reuters"/>
<dc element="dc.creator.location" value="LIMA"/>
<dc element="dc.creator.location.country.name" value="PERU"/>
<dc element="dc.source" value="Reuters"/>
</metadata>
</newsitem>
