<?xml version="1.0" encoding="iso-8859-1" ?>
<newsitem itemid="445123" id="root" date="1997-03-15" xml:lang="en">
<title>USA: American, pilots to talk through weekend.</title>
<headline>American, pilots to talk through weekend.</headline>
<dateline>NEW YORK 1997-03-14</dateline>
<text>
<p>Contract talks between American Airlines and its pilots are expected to continue through the weekend, the two sides said on Friday.</p>
<p>Representatives of American, a unit of AMR Corp, and Allied Pilots Association met on Friday to resume talks for the first time in four weeks.</p>
<p>The union said it had no indication whether any progress had been made in the session.</p>
<p>&quot;Talks are expected to continue throughout the weekend at the discretion of Robert Harris,&quot; a union spokesman said.  </p>
<p>Harris is the head of the Presidential Emergency Board (PEB), formed by the White House on February 15, shortly after pilots went on strike to resolve a contract dispute with the second-largest U.S. airline.</p>
<p>Clinton's decision to convene the board forced the American's 9,300 pilots to return to work for 60 days. During the first 30 days, the board was to gather information from both sides and make proposals for a contract settlement.</p>
<p>After any proposals from the board, the pilots have 30 days to decide whether to accept a settlement.  </p>
<p>If the pilots reject the recommendations, they are free to strike. Congress, however, can pass legislation to force the pilots to return to work and accept the board's proposal or force them into binding arbitration with the airline.</p>
<p>APA President James Sovich earlier in the week said the union and American would try to reach an agreement before the the board submitted its report to President Clinton on March 17.</p>
<p>The talks could extend into next week if the board opts to delay submitting its report to the president, the union said.</p>
</text>
<copyright>(c) Reuters Limited 1997</copyright>
<metadata>
<codes class="bip:countries:1.0">
  <code code="USA">
    <editdetail attribution="Reuters BIP Coding Group" action="confirmed" date="1997-03-15"/>
  </code>
</codes>
<codes class="bip:industries:1.0">
  <code code="I75000">
    <editdetail attribution="Reuters BIP Coding Group" action="confirmed" date="1997-03-15"/>
  </code>
</codes>
<codes class="bip:topics:1.0">
  <code code="C42">
    <editdetail attribution="Reuters BIP Coding Group" action="confirmed" date="1997-03-15"/>
  </code>
  <code code="CCAT">
    <editdetail attribution="Reuters BIP Coding Group" action="confirmed" date="1997-03-15"/>
  </code>
  <code code="E41">
    <editdetail attribution="Reuters BIP Coding Group" action="confirmed" date="1997-03-15"/>
  </code>
  <code code="ECAT">
    <editdetail attribution="Reuters BIP Coding Group" action="confirmed" date="1997-03-15"/>
  </code>
  <code code="GCAT">
    <editdetail attribution="Reuters BIP Coding Group" action="confirmed" date="1997-03-15"/>
  </code>
  <code code="GJOB">
    <editdetail attribution="Reuters BIP Coding Group" action="confirmed" date="1997-03-15"/>
  </code>
</codes>
<dc element="dc.date.created" value="1997-03-14"/>
<dc element="dc.publisher" value="Reuters Holdings Plc"/>
<dc element="dc.date.published" value="1997-03-15"/>
<dc element="dc.source" value="Reuters"/>
<dc element="dc.creator.location" value="NEW YORK"/>
<dc element="dc.creator.location.country.name" value="USA"/>
<dc element="dc.source" value="Reuters"/>
</metadata>
</newsitem>
