<?xml version="1.0" encoding="iso-8859-1" ?>
<newsitem itemid="445149" id="root" date="1997-03-15" xml:lang="en">
<title>SOUTH KOREA: S.Korea Dainong Group ups Midopa stake. [CORRECTED 11:02 GMT 16/3]</title>
<headline>S.Korea Dainong Group ups Midopa stake. [CORRECTED 11:02 GMT 16/3]</headline>
<dateline>SEOUL 1997-03-15</dateline>
<text>
<p>The Dainong Group's stake in Midopa Department Store Co will rise to 45.5 percent (corrects from 55.17 percent) as it has agreed to buy an additional 12.6 percent (corrects from 22.3 percent) stake in Midopa from other shareholders, statements filed with the Korea Stock Exchange said on Saturday.  </p>
<p>Midopa, the nation's major retailer chain, has been the target of a hostile takeover bid by Shindongbang Corp. Market analysts said Dainong's purchase would likely put an end to Shindongbang's takeover effort.</p>
<p>In the statement to the stock exchange, Sungwon Corp (corrects from Sungwon Group) said it had decided to sell its entire 2.97 percent (corrects from 12.63 percent) stake in Midopa to the Dainong Group.</p>
<p>Separately, Daehan Investment Banking Corp also said in a statement it would sell its entire 9.67 percent stake in Midopa to the Dainong Group at 42,000 won per share.  </p>
<p>The purchase price is far above Midopa stock's closing price of 23,400 won per share on Saturday.</p>
<p>Shindongbang, along with Dongbang Peregrine Securities and Korea Industrial Co, has accumulated a combined 15.64 percent of Midopa's share capital in the open market.</p>
<p>Meanwhile, Shindongbang said on Saturday in a statement it had considered offering tenders to buy Midopa shares but decided not to do so.</p>
<p>&quot;According to consulations, both parties will maintain a friendly, developmental and cooperative relationship,&quot; Shindongbang said in the statement.</p>
<p>A Korea Industrial statement also said it had decided not to offer tenders to buy Midopa and Dainong Co shares, while it has considered doing so.</p>
<p>-- Seoul newsroom (822) 727-5646</p>
</text>
<copyright>(c) Reuters Limited 1997</copyright>
<metadata>
<codes class="bip:countries:1.0">
  <code code="SKOREA">
    <editdetail attribution="Reuters BIP Coding Group" action="confirmed" date="1997-03-15"/>
  </code>
</codes>
<codes class="bip:industries:1.0">
  <code code="I41000">
    <editdetail attribution="Reuters BIP Coding Group" action="confirmed" date="1997-03-15"/>
  </code>
  <code code="I50000">
    <editdetail attribution="Reuters BIP Coding Group" action="confirmed" date="1997-03-15"/>
  </code>
  <code code="I65600">
    <editdetail attribution="Reuters BIP Coding Group" action="confirmed" date="1997-03-15"/>
  </code>
  <code code="I6560002">
    <editdetail attribution="Reuters BIP Coding Group" action="confirmed" date="1997-03-15"/>
  </code>
  <code code="I81501">
    <editdetail attribution="Reuters BIP Coding Group" action="confirmed" date="1997-03-15"/>
  </code>
  <code code="I83100">
    <editdetail attribution="Reuters BIP Coding Group" action="confirmed" date="1997-03-15"/>
  </code>
</codes>
<codes class="bip:topics:1.0">
  <code code="C18">
    <editdetail attribution="Reuters BIP Coding Group" action="confirmed" date="1997-03-15"/>
  </code>
  <code code="C181">
    <editdetail attribution="Reuters BIP Coding Group" action="confirmed" date="1997-03-15"/>
  </code>
  <code code="CCAT">
    <editdetail attribution="Reuters BIP Coding Group" action="confirmed" date="1997-03-15"/>
  </code>
</codes>
<dc element="dc.date.created" value="1997-03-15"/>
<dc element="dc.publisher" value="Reuters Holdings Plc"/>
<dc element="dc.date.published" value="1997-03-15"/>
<dc element="dc.source" value="Reuters"/>
<dc element="dc.creator.location" value="SEOUL"/>
<dc element="dc.creator.location.country.name" value="SOUTH KOREA"/>
<dc element="dc.source" value="Reuters"/>
</metadata>
</newsitem>
