<?xml version="1.0" encoding="iso-8859-1" ?>
<newsitem itemid="445176" id="root" date="1997-03-15" xml:lang="en">
<title>QATAR: Qatar's Rasgas set to start drilling.</title>
<headline>Qatar's Rasgas set to start drilling.</headline>
<dateline>DOHA 1997-03-15</dateline>
<text>
<p>Qatar's Ras Laffan LNG company (Rasgas) will start drilling the first two North Field wells in its five million tonnes a year project by the end of March, a company official said on Saturday.</p>
<p>&quot;We will  start drilling the first two wells by the end of this month, eight more by the end of next year and five others in the third quarter of 1999,&quot; Neil Kelly, the company's managing director, told reporters.</p>
<p>David Wright, Rasgas logistics superintendent, said two rigs would be brought in from Sharjah in the United Arab Emirates later this month to launch the operations.</p>
<p>Rasgas, is one of the oil and gas-rich state's three multi-billion-dollar gas projects to tap its North Field reserves -- the world's largest single concentration of gas.</p>
<p>Rasgas, which is designed eventually to produce 10 million tonnes a year, is 66.5 percent owned by the state's Qatar General Petroleum Corporation (QGPC), 26.5 percent by U.S. Mobil Corp, four percent by Nissho Iwai and three percent by Itochu Corp.</p>
<p>Rasgas has signed a sale-and-purchase agreement with Seoul's Korea Gas Corporation (KGC) to supply 4.8 million tonnes a year of LNG for 25 years from mid 1999.</p>
</text>
<copyright>(c) Reuters Limited 1997</copyright>
<metadata>
<codes class="bip:countries:1.0">
  <code code="QATAR">
    <editdetail attribution="Reuters BIP Coding Group" action="confirmed" date="1997-03-15"/>
  </code>
</codes>
<codes class="bip:industries:1.0">
  <code code="I13000">
    <editdetail attribution="Reuters BIP Coding Group" action="confirmed" date="1997-03-15"/>
  </code>
  <code code="I1300003">
    <editdetail attribution="Reuters BIP Coding Group" action="confirmed" date="1997-03-15"/>
  </code>
  <code code="I63000">
    <editdetail attribution="Reuters BIP Coding Group" action="confirmed" date="1997-03-15"/>
  </code>
</codes>
<codes class="bip:topics:1.0">
  <code code="C11">
    <editdetail attribution="Reuters BIP Coding Group" action="confirmed" date="1997-03-15"/>
  </code>
  <code code="C24">
    <editdetail attribution="Reuters BIP Coding Group" action="confirmed" date="1997-03-15"/>
  </code>
  <code code="CCAT">
    <editdetail attribution="Reuters BIP Coding Group" action="confirmed" date="1997-03-15"/>
  </code>
</codes>
<dc element="dc.date.created" value="1997-03-15"/>
<dc element="dc.publisher" value="Reuters Holdings Plc"/>
<dc element="dc.date.published" value="1997-03-15"/>
<dc element="dc.source" value="Reuters"/>
<dc element="dc.creator.location" value="DOHA"/>
<dc element="dc.creator.location.country.name" value="QATAR"/>
<dc element="dc.source" value="Reuters"/>
</metadata>
</newsitem>
