<?xml version="1.0" encoding="iso-8859-1" ?>
<newsitem itemid="445174" id="root" date="1997-03-15" xml:lang="en">
<title>EGYPT: Islamic Group denies responsibility for massacre.</title>
<headline>Islamic Group denies responsibility for massacre.</headline>
<dateline>CAIRO 1997-03-15</dateline>
<text>
<p>Egypt's main Islamist militant group said on Saturday it had nothing to do with an attack on Thursday in which gunmen killed 13 people near the southern town of Naga Hammadi.</p>
<p>The al-Gama'a al-Islamiya (Islamic Group) said in a faxed statement that a branch of the Egyptian security forces may have organised the attack to discredit the Islamists.</p>
<p>Police have said they suspect the Gama'a and have named three Gama'a members they say are suspects.</p>
<p>Police also suspect the Gama'a carried out an attack in which gunmen killed eight young Coptic Christians last month in a youth meeting in the southern town of Abu Qurqas.</p>
<p>But the Gama'a statement said: &quot;Just as the Gama'a denied responsibility for the incidents of the Copts, it also denies responsibility for the Naga Hammadi incident.&quot;</p>
<p>&quot;The Gama'a has affirmed in the past that its operations adhere to the rules of sharia (Islamic law), even with non- Moslems, and that its conflict is with the Egyptian regime, represented in its leaders and supporters,&quot; it added.</p>
<p>&quot;Just as our previous statements did not rule out the Egyptian security apparatus being involved in the incident of the Copts, based on the information available to us we now affirm that there are suspicious quarters, foreign and local, behind the planning of these incidents,&quot; it said.</p>
<p>&quot;It's no secret to anyone that there are bitter conflicts between trends inside the Egyptian political establishment... Perhaps the same quarters have aspirations to tarnish the image of Islamists in Egypt, as they have in Algeria,&quot; it added.</p>
<p>More than 1,000 people have been killed in political violence since the militants took up arms in 1992 to topple the government of President Hosni Mubarak.</p>
</text>
<copyright>(c) Reuters Limited 1997</copyright>
<metadata>
<codes class="bip:countries:1.0">
  <code code="EGYPT">
    <editdetail attribution="Reuters BIP Coding Group" action="confirmed" date="1997-03-15"/>
  </code>
</codes>
<codes class="bip:topics:1.0">
  <code code="GCAT">
    <editdetail attribution="Reuters BIP Coding Group" action="confirmed" date="1997-03-15"/>
  </code>
  <code code="GVIO">
    <editdetail attribution="Reuters BIP Coding Group" action="confirmed" date="1997-03-15"/>
  </code>
</codes>
<dc element="dc.date.created" value="1997-03-15"/>
<dc element="dc.publisher" value="Reuters Holdings Plc"/>
<dc element="dc.date.published" value="1997-03-15"/>
<dc element="dc.source" value="Reuters"/>
<dc element="dc.creator.location" value="CAIRO"/>
<dc element="dc.creator.location.country.name" value="EGYPT"/>
<dc element="dc.source" value="Reuters"/>
</metadata>
</newsitem>
