<?xml version="1.0" encoding="iso-8859-1" ?>
<newsitem itemid="445115" id="root" date="1997-03-15" xml:lang="en">
<title>AUSTRALIA: U.S. plane makes emergency landing in Australia.</title>
<headline>U.S. plane makes emergency landing in Australia.</headline>
<dateline>MELBOURNE 1996-03-16</dateline>
<text>
<p>A U.S. airforce plane with 19 people aboard made an emergency landing in Australia on Saturday night after fire broke out in one of its engines, police said.</p>
<p>The Boeing 707, used as an in-flight refueller, touched down in the northern city of Brisbane without incident after the pilot shut down the stricken engine.</p>
<p>The plane was on its way from Brisbane to Honolulu when the crew were alerted to a fire alarm in one of its four engines and turned back. The fire was extinguished before landing.</p>
<p>The aircraft was in Australia to take part in joint U.S.-Australian war games, Tandem Thrust, north of Brisbane.</p>
</text>
<copyright>(c) Reuters Limited 1997</copyright>
<metadata>
<codes class="bip:countries:1.0">
  <code code="AUSTR">
    <editdetail attribution="Reuters BIP Coding Group" action="confirmed" date="1997-03-15"/>
  </code>
  <code code="USA">
    <editdetail attribution="Reuters BIP Coding Group" action="confirmed" date="1997-03-15"/>
  </code>
</codes>
<codes class="bip:topics:1.0">
  <code code="GCAT">
    <editdetail attribution="Reuters BIP Coding Group" action="confirmed" date="1997-03-15"/>
  </code>
  <code code="GDEF">
    <editdetail attribution="Reuters BIP Coding Group" action="confirmed" date="1997-03-15"/>
  </code>
  <code code="GDIS">
    <editdetail attribution="Reuters BIP Coding Group" action="confirmed" date="1997-03-15"/>
  </code>
</codes>
<dc element="dc.date.created" value="1996-03-16"/>
<dc element="dc.publisher" value="Reuters Holdings Plc"/>
<dc element="dc.date.published" value="1997-03-15"/>
<dc element="dc.source" value="Reuters"/>
<dc element="dc.creator.location" value="MELBOURNE"/>
<dc element="dc.creator.location.country.name" value="AUSTRALIA"/>
<dc element="dc.source" value="Reuters"/>
</metadata>
</newsitem>
