<?xml version="1.0" encoding="iso-8859-1" ?>
<newsitem itemid="445152" id="root" date="1997-03-15" xml:lang="en">
<title>MALAYSIA: Malaysia Bank Negara probes Pacific Bank shr deals.</title>
<headline>Malaysia Bank Negara probes Pacific Bank shr deals.</headline>
<dateline>KUALA LUMPUR 1997-03-15</dateline>
<text>
<p>Malaysia's central bank is looking into dealings in the shares of Pacific Bank Bhd, Deputy Prime Minister Anwar Ibrahim said.</p>
<p>Anwar, who is also Finance Minister, confirmed late on Friday that an investigation was being carried out when asked to comment on a report in the Asian Wall Street Journal.</p>
<p>The regional business newspaper said on Friday the probe was related to unusually heavy trading of Pacific Bank's shares several days before the anouncement last May of a merger plan between the bank and Singapore's Oversea-Chinese Banking Corp Ltd (OCBC).</p>
<p>&quot;Bank Negara is looking at it and will deal with it,&quot; Anwar was quoted by local newspapers as telling reporters after a dinner function.</p>
<p>The proposed Pacific-OCBC merger plan was dropped in January.</p>
<p>Officials at Bank Negara and Pacific Bank were not available for comment.</p>
</text>
<copyright>(c) Reuters Limited 1997</copyright>
<metadata>
<codes class="bip:countries:1.0">
  <code code="MALAY">
    <editdetail attribution="Reuters BIP Coding Group" action="confirmed" date="1997-03-15"/>
  </code>
</codes>
<codes class="bip:industries:1.0">
  <code code="I81402">
    <editdetail attribution="Reuters BIP Coding Group" action="confirmed" date="1997-03-15"/>
  </code>
</codes>
<codes class="bip:topics:1.0">
  <code code="C13">
    <editdetail attribution="Reuters BIP Coding Group" action="confirmed" date="1997-03-15"/>
  </code>
  <code code="C15">
    <editdetail attribution="Reuters BIP Coding Group" action="confirmed" date="1997-03-15"/>
  </code>
  <code code="C152">
    <editdetail attribution="Reuters BIP Coding Group" action="confirmed" date="1997-03-15"/>
  </code>
  <code code="C18">
    <editdetail attribution="Reuters BIP Coding Group" action="confirmed" date="1997-03-15"/>
  </code>
  <code code="C181">
    <editdetail attribution="Reuters BIP Coding Group" action="confirmed" date="1997-03-15"/>
  </code>
  <code code="CCAT">
    <editdetail attribution="Reuters BIP Coding Group" action="confirmed" date="1997-03-15"/>
  </code>
</codes>
<dc element="dc.date.created" value="1997-03-15"/>
<dc element="dc.publisher" value="Reuters Holdings Plc"/>
<dc element="dc.date.published" value="1997-03-15"/>
<dc element="dc.source" value="Reuters"/>
<dc element="dc.creator.location" value="KUALA LUMPUR"/>
<dc element="dc.creator.location.country.name" value="MALAYSIA"/>
<dc element="dc.source" value="Reuters"/>
</metadata>
</newsitem>
