<?xml version="1.0" encoding="iso-8859-1" ?>
<newsitem itemid="445147" id="root" date="1997-03-15" xml:lang="en">
<title>MALAYSIA: Malaysia cuts wheat flour price from Sunday.</title>
<headline>Malaysia cuts wheat flour price from Sunday.</headline>
<dateline>KUALA LUMPUR 1997-03-15</dateline>
<text>
<p>Malaysia plans to lower the price of wheat flour to 1.0 ringgit a kg from 1.10 ringgit from March 16, Domestic Trade and Consumer Affairs Minister Abu Hassan Omar said on Saturday.</p>
<p>This was in response to an increase in the world production of the commodity, he told a news conference.</p>
<p>Last June, Malaysia raised the wheat flour price to 1.10 ringgit a kg from 80 cents due to higher global grain prices at the time.</p>
<p>Abu Hassan said higher flour production, especially by major producers like Australia, Argentina, Canada and the United States, had caused the monthly average price to go down to $200 per tonne from $249.98.</p>
<p>He said the situation was expected to continue for a year until February 1998.</p>
<p>&quot;After the period, the government will review again the price based on development in the world market,&quot; he said.</p>
<p>Abu Hassan added that the government would ensure adequate supply of the commodity in the country.</p>
</text>
<copyright>(c) Reuters Limited 1997</copyright>
<metadata>
<codes class="bip:countries:1.0">
  <code code="MALAY">
    <editdetail attribution="Reuters BIP Coding Group" action="confirmed" date="1997-03-15"/>
  </code>
</codes>
<codes class="bip:topics:1.0">
  <code code="M14">
    <editdetail attribution="Reuters BIP Coding Group" action="confirmed" date="1997-03-15"/>
  </code>
  <code code="M141">
    <editdetail attribution="Reuters BIP Coding Group" action="confirmed" date="1997-03-15"/>
  </code>
  <code code="MCAT">
    <editdetail attribution="Reuters BIP Coding Group" action="confirmed" date="1997-03-15"/>
  </code>
</codes>
<dc element="dc.date.created" value="1997-03-15"/>
<dc element="dc.publisher" value="Reuters Holdings Plc"/>
<dc element="dc.date.published" value="1997-03-15"/>
<dc element="dc.source" value="Reuters"/>
<dc element="dc.creator.location" value="KUALA LUMPUR"/>
<dc element="dc.creator.location.country.name" value="MALAYSIA"/>
<dc element="dc.source" value="Reuters"/>
</metadata>
</newsitem>
