<?xml version="1.0" encoding="iso-8859-1" ?>
<newsitem itemid="445184" id="root" date="1997-03-15" xml:lang="en">
<title>EGYPT: Privatising Egyptian utilities must wait - official.</title>
<headline>Privatising Egyptian utilities must wait - official.</headline>
<dateline>CAIRO 1997-03-15</dateline>
<text>
<p>Privatising Egyptian utilities such as water, gas and electricity will have to wait until the utilities can charge consumers market prices, said a senior official in the ministry responsible for privatisation.</p>
<p>Official sources said in January that the government planned to invite the private sector into water and sewerage projects some time in February but nothing has come of the plan.</p>
<p>The government also wants the private sector to finance power generation schemes but these would sell electricity to the national grid, not directly to consumers.</p>
<p>The official, Public Enterprise Ministry undersecretary Mukhtar Khattab, said: &quot;Privatising public utilities will take place at a later stage of the reforms because the producers... still sell many of their products to the public at uneconomic prices. The process of liberalising the prices is still continuing and hasn't come to an end yet.&quot; He was quoted in the government newspaper al-Ahram on Saturday.</p>
<p>Utility prices have hardly changed since a series of sharp increases in the early 1990s and the official gave no indication when the next round would come.</p>
<p>If the state privatised the utilities now, the buyers would charge &quot;economical&quot; prices and this would have the socially undesirable effect of hitting the poor, he added.</p>
<p>The official also identified overstaffing at public-sector companies as an obstacle to privatisation, despite relatively few problems with staffing at companies privatised so far.</p>
<p>He said overstaffing levels stood at around 18 percent in the public-enterprise sector, which now employs 908,000 people.</p>
<p>Potential investors in the companies might estimate the overstaffing level at between 35 to 40 percent, he added.</p>
<p>The public-enterprise sector includes more than 300 state companies slated for eventual privatisation. It does not include utilities, public transport, banking and many other sectors.</p>
<p>Khattab said the state had spent 200 million pounds ($59 million) on 11,000 public-sector workers who opted for early retirement to pave the way for privatisation.</p>
<p>The total cost of the early retirement scheme could eventually reach 11 billion pounds, he added.</p>
<p>Employment in the state companies fell from 1,083,000 in June 1990 to 908,000 in June 1996, mainly though natural attrition, he said. He did not say how this figure was affected by privatised companies moving out of the public sector.</p>
<p>$1 = 3.395 pounds</p>
<p>-- Jonathan Wright +20 2 578 3290/1</p>
</text>
<copyright>(c) Reuters Limited 1997</copyright>
<metadata>
<codes class="bip:countries:1.0">
  <code code="EGYPT">
    <editdetail attribution="Reuters BIP Coding Group" action="confirmed" date="1997-03-15"/>
  </code>
</codes>
<codes class="bip:industries:1.0">
  <code code="I16100">
    <editdetail attribution="Reuters BIP Coding Group" action="confirmed" date="1997-03-15"/>
  </code>
  <code code="I16200">
    <editdetail attribution="Reuters BIP Coding Group" action="confirmed" date="1997-03-15"/>
  </code>
  <code code="I17000">
    <editdetail attribution="Reuters BIP Coding Group" action="confirmed" date="1997-03-15"/>
  </code>
</codes>
<codes class="bip:topics:1.0">
  <code code="C18">
    <editdetail attribution="Reuters BIP Coding Group" action="confirmed" date="1997-03-15"/>
  </code>
  <code code="C183">
    <editdetail attribution="Reuters BIP Coding Group" action="confirmed" date="1997-03-15"/>
  </code>
  <code code="CCAT">
    <editdetail attribution="Reuters BIP Coding Group" action="confirmed" date="1997-03-15"/>
  </code>
  <code code="E12">
    <editdetail attribution="Reuters BIP Coding Group" action="confirmed" date="1997-03-15"/>
  </code>
  <code code="ECAT">
    <editdetail attribution="Reuters BIP Coding Group" action="confirmed" date="1997-03-15"/>
  </code>
</codes>
<dc element="dc.date.created" value="1997-03-15"/>
<dc element="dc.publisher" value="Reuters Holdings Plc"/>
<dc element="dc.date.published" value="1997-03-15"/>
<dc element="dc.source" value="Reuters"/>
<dc element="dc.creator.location" value="CAIRO"/>
<dc element="dc.creator.location.country.name" value="EGYPT"/>
<dc element="dc.source" value="Reuters"/>
</metadata>
</newsitem>
