<?xml version="1.0" encoding="iso-8859-1" ?>
<newsitem itemid="445132" id="root" date="1997-03-15" xml:lang="en">
<title>HONG KONG: Shui On group unit suspended from HK tender bids.</title>
<headline>Shui On group unit suspended from HK tender bids.</headline>
<dateline>HONG KONG 1997-03-15</dateline>
<text>
<p>Shui On Building Contractors Ltd has been suspended from bidding on tenders for three months after being held responsible for water contamination at two Hong Kong housing estates, a government spokeswoman said on Saturday.</p>
<p>The government earlier issued a statement saying a contractor had been suspended from bidding but did not name the company.</p>
<p>The spokeswoman confirmed it was Shui On Contractors, a unit of the Shui On group and one of the largest builders of public housing in Hong Kong.</p>
<p>The company could not be reached for comment.</p>
<p>&quot;To the contractor, this represents a loss of tendering opportunities for seven sizeable projects involving an estimated tender sum of over HK$4 billion,&quot; the statement quoted a Housing Authority spokesman was saying.</p>
<p>The decision to suspend the contractor followed a Housing Department investigation which found Shui On responsible for contaminating water at two public housing estates in Ma On Shan in the New Territories earlier this month, the statement said.</p>
<p>More than 1,000 households were affected, it added.</p>
<p>Local newspapers reported that a faulty connection of pipes at the two housing estates caused flushing water from Tolo Harbour to be piped into residents' homes instead of fresh water.</p>
<p>Some mothers had prepared bottles for their babies using the salt water, the South China Morning Post said.</p>
<p>The contractor had promised to pay the March water bills of the affected residents and to settle bills for the repair of damaged appliances, it said.</p>
<p>Shui On Construction and Materials Ltd was incorporated in Bermuda in January to become the holding company for the group's construction and building materials activities and was listed on the Hong Kong stock exchange in February.</p>
<p>-- Hong Kong newsroom (852) 2843 6352</p>
</text>
<copyright>(c) Reuters Limited 1997</copyright>
<metadata>
<codes class="bip:countries:1.0">
  <code code="HKONG">
    <editdetail attribution="Reuters BIP Coding Group" action="confirmed" date="1997-03-15"/>
  </code>
</codes>
<codes class="bip:industries:1.0">
  <code code="I50200">
    <editdetail attribution="Reuters BIP Coding Group" action="confirmed" date="1997-03-15"/>
  </code>
</codes>
<codes class="bip:topics:1.0">
  <code code="C13">
    <editdetail attribution="Reuters BIP Coding Group" action="confirmed" date="1997-03-15"/>
  </code>
  <code code="C33">
    <editdetail attribution="Reuters BIP Coding Group" action="confirmed" date="1997-03-15"/>
  </code>
  <code code="CCAT">
    <editdetail attribution="Reuters BIP Coding Group" action="confirmed" date="1997-03-15"/>
  </code>
</codes>
<dc element="dc.date.created" value="1997-03-15"/>
<dc element="dc.publisher" value="Reuters Holdings Plc"/>
<dc element="dc.date.published" value="1997-03-15"/>
<dc element="dc.source" value="Reuters"/>
<dc element="dc.creator.location" value="HONG KONG"/>
<dc element="dc.creator.location.country.name" value="HONG KONG"/>
<dc element="dc.source" value="Reuters"/>
</metadata>
</newsitem>
