<?xml version="1.0" encoding="iso-8859-1" ?>
<newsitem itemid="445172" id="root" date="1997-03-15" xml:lang="en">
<title>DUBAI: Gulf security a regional responsibility - Velayati.</title>
<headline>Gulf security a regional responsibility - Velayati.</headline>
<dateline>DUBAI 1996-03-16</dateline>
<text>
<p>Iran's Foreign Minister Ali Akbar Velayati said on Sunday that security in the oil-rich Gulf region is the responsibility of Gulf states.</p>
<p>&quot;We have always said that the security of this region should be in the hands of its own people,&quot; Velayati told a news conference in the Saudi capital Riyadh.</p>
<p>&quot;Prince Sultan (Saudi Arabia's defence minister) had voiced the same demand lately,&quot; Velayti added.</p>
<p>Riyadh and Tehran are at odds over the presence of U.S. and other Western forces in the Gulf. Iran is critical of the Western presence, including about 5,000 U.S. forces in Saudi Arabia, which it says contributes to regional tension.</p>
<p>Asked  about an unannounced non-aggression accord among Gulf states, he said:&quot; I am not aware where such an accord or treaty had been prepared. This did not happen at the foreign ministry.&quot;</p>
<p>&quot;Let me assure you that there is concurrence among us as to arrangements for stability and arriving at security measures in the region,&quot; he said.</p>
<p>Saudi Arabia and its Gulf Arab allies have accused non-Arab Iran of interfering in their internal affairs, which Iran denies, and voice concern over Iran's arms build-up.</p>
<p>Relations between radical Shi'ite Iran and Sunni-ruled Saudi Arabia are bracing for a period of heightened tension over the annual haj pilgrimage to the holy cities of Mecca and Medina. This year's haj falls in mid-April.</p>
<p>Iran insists that its pilgrims hold political rallies to denounce Israel and the United Staes during haj. Saudi Arabia insists that haj, one of the five pillars of Islam should not be politicised.</p>
<p>Iranian media have called Velayati's visit highly significant and said it was likely to help ease tension in the strategic Gulf region.</p>
<p>Velayati, who arrived in Riyadh on Saturday on his first visit to the kingdom since 1993, held talks with his Saudi counterpart Prince Saud al-Faisal and extended an invitation to the Saudi monarch King Fahd to attend an Islamic summit in Tehran in December.</p>
<p>Diplomatic sources said Velayati flew to Medina and is expected to return to Riyadh later in the day for talks with the Saudi Crown Prince Abdullah.</p>
</text>
<copyright>(c) Reuters Limited 1997</copyright>
<metadata>
<codes class="bip:countries:1.0">
  <code code="DUBAI">
    <editdetail attribution="Reuters BIP Coding Group" action="confirmed" date="1997-03-15"/>
  </code>
  <code code="GULFST">
    <editdetail attribution="Reuters BIP Coding Group" action="confirmed" date="1997-03-15"/>
  </code>
  <code code="IRAN">
    <editdetail attribution="Reuters BIP Coding Group" action="confirmed" date="1997-03-15"/>
  </code>
  <code code="SAARAB">
    <editdetail attribution="Reuters BIP Coding Group" action="confirmed" date="1997-03-15"/>
  </code>
</codes>
<codes class="bip:topics:1.0">
  <code code="GCAT">
    <editdetail attribution="Reuters BIP Coding Group" action="confirmed" date="1997-03-15"/>
  </code>
  <code code="GDEF">
    <editdetail attribution="Reuters BIP Coding Group" action="confirmed" date="1997-03-15"/>
  </code>
  <code code="GDIP">
    <editdetail attribution="Reuters BIP Coding Group" action="confirmed" date="1997-03-15"/>
  </code>
</codes>
<dc element="dc.date.created" value="1996-03-16"/>
<dc element="dc.publisher" value="Reuters Holdings Plc"/>
<dc element="dc.date.published" value="1997-03-15"/>
<dc element="dc.source" value="Reuters"/>
<dc element="dc.creator.location" value="DUBAI"/>
<dc element="dc.creator.location.country.name" value="DUBAI"/>
<dc element="dc.source" value="Reuters"/>
</metadata>
</newsitem>
