<?xml version="1.0" encoding="iso-8859-1" ?>
<newsitem itemid="445186" id="root" date="1997-03-15" xml:lang="en">
<title>DUBAI: Saudi shares lower in subdued trading.</title>
<headline>Saudi shares lower in subdued trading.</headline>
<dateline>DUBAI 1997-03-15</dateline>
<text>
<p>Shares on the Saudi stock market ended the week to Thursday lower in slow trading dominated by service sector shares, figures from the Riyadh-based Bakheet Financial Advisors (BFA) showed on Saturday.</p>
<p>The index ended the week 0.79 percent lower at 161.83 points from 163.12 points a week earlier.</p>
<p>Of the 58 companies traded, 22 rose, 30 fell and six were unchanged.</p>
<p>Services sector stocks accounted for 51 percent of volume which BFA put at about 5.2 million shares worth 831 million riyals ($222 million).</p>
<p>Saudi Industrial Export was the major gainer in the week adding 5.8 percent to 109 riyals from 103 riyals last week. Saudi Hotels gained 5.3 percent to 138 riylas from 131 a week earlier.</p>
<p>SCECO-Central lost 18 percent to 91 riyals from 111 the previous week and Yamama Cement ended 11.3 percent lower at 361 riyals from 407 last week.</p>
<p>($1=3.75 riyals)</p>
</text>
<copyright>(c) Reuters Limited 1997</copyright>
<metadata>
<codes class="bip:countries:1.0">
  <code code="SAARAB">
    <editdetail attribution="Reuters BIP Coding Group" action="confirmed" date="1997-03-15"/>
  </code>
</codes>
<codes class="bip:topics:1.0">
  <code code="M11">
    <editdetail attribution="Reuters BIP Coding Group" action="confirmed" date="1997-03-15"/>
  </code>
  <code code="MCAT">
    <editdetail attribution="Reuters BIP Coding Group" action="confirmed" date="1997-03-15"/>
  </code>
</codes>
<dc element="dc.date.created" value="1997-03-15"/>
<dc element="dc.publisher" value="Reuters Holdings Plc"/>
<dc element="dc.date.published" value="1997-03-15"/>
<dc element="dc.source" value="Reuters"/>
<dc element="dc.creator.location" value="DUBAI"/>
<dc element="dc.creator.location.country.name" value="DUBAI"/>
<dc element="dc.source" value="Reuters"/>
</metadata>
</newsitem>
