<?xml version="1.0" encoding="iso-8859-1" ?>
<newsitem itemid="445153" id="root" date="1997-03-15" xml:lang="en">
<title>TAIWAN: Taiwan dollar ends barely changed in modest trade.</title>
<headline>Taiwan dollar ends barely changed in modest trade.</headline>
<dateline>TAIPEI 1997-03-15</dateline>
<text>
<p>The Taiwan dollar finished little changed in moderate Saturday trade marked by last-minute U.S. dollar buying, but dealers expected the local currency to rise gradually next week.</p>
<p>The local unit ended at T$27.510, back from an intra-day high of T$27.503, against Friday's T$27.511 close.</p>
<p>Turnover through dealers was a modest US$63 million in the shortened Saturday session.</p>
<p>The Taiwan dollar was firmer against its American counterpart through most of Saturday's session, reflecting strong demand for liquidity for the red-hot stock market.  </p>
<p>&quot;With the stock market sizzling, demand for the Taiwan dollar will remain strong,&quot; said one dealer at a foreign bank.</p>
<p>Continued inflows of foreign equity funds for investment in the local stock market also would strengthen the Taiwan dollar rate, dealers said.</p>
<p>Dealers said they expected trading in a range of T$27.49-53 for next week.</p>
<p>-- Alice Hung (2-5080815)</p>
</text>
<copyright>(c) Reuters Limited 1997</copyright>
<metadata>
<codes class="bip:countries:1.0">
  <code code="TAIWAN">
    <editdetail attribution="Reuters BIP Coding Group" action="confirmed" date="1997-03-15"/>
  </code>
</codes>
<codes class="bip:topics:1.0">
  <code code="M13">
    <editdetail attribution="Reuters BIP Coding Group" action="confirmed" date="1997-03-15"/>
  </code>
  <code code="M132">
    <editdetail attribution="Reuters BIP Coding Group" action="confirmed" date="1997-03-15"/>
  </code>
  <code code="MCAT">
    <editdetail attribution="Reuters BIP Coding Group" action="confirmed" date="1997-03-15"/>
  </code>
</codes>
<dc element="dc.date.created" value="1997-03-15"/>
<dc element="dc.publisher" value="Reuters Holdings Plc"/>
<dc element="dc.date.published" value="1997-03-15"/>
<dc element="dc.source" value="Reuters"/>
<dc element="dc.creator.location" value="TAIPEI"/>
<dc element="dc.creator.location.country.name" value="TAIWAN"/>
<dc element="dc.source" value="Reuters"/>
</metadata>
</newsitem>
