<?xml version="1.0" encoding="iso-8859-1" ?>
<newsitem itemid="445118" id="root" date="1997-03-15" xml:lang="en">
<title>USA: Apple to cut 4,100 jobs, products in restructuring.</title>
<headline>Apple to cut 4,100 jobs, products in restructuring.</headline>
<byline>Kourosh Karimkhany</byline>
<dateline>CUPERTINO, Calif. 1997-03-14</dateline>
<text>
<p>Apple Computer Inc. said Friday it will cut 4,100 jobs, or nearly a third of its work force, and discontinue its consumer computer line in a bid to slash costs and return to profits.</p>
<p>The restructuring, the second in a year, will cost Apple a total of $250 million in charges to earnings for the next three quarters, the company said.</p>
<p>Meanwhile, Apple expects revenue for its fiscal second quarter, ending March, to plunge 22 percent to about $1.6 billion because of weak Macintosh sales.</p>
<p>Apple said it plans to drop its Macintosh Performa PCs, the models geared toward home users, to concentrate on its more profitable Power Macintosh line.</p>
<p>&quot;It's very painful to have to lay off people who have worked so hard during the past year in trying to bring Apple back to health,&quot; Chairman Gilbert Amelio said. But Apple needs to cut $500 million in annual costs just to break even this year, he said.</p>
<p>Apple was bold to cut so many jobs and to discontinue one of its key brands, analysts said. But the company still does not have a clear plan to get sales going again.</p>
<p>&quot;The company is on the aggressive side on reducing costs,&quot; said Walter Winnitzki, an analyst at PaineWebber Inc. in New York. &quot;But the issue for me is, can Apple reignite its sales momentum?&quot;</p>
<p>Hampering Apple's efforts to reignite sales, the company also said it will not ship a long-awaited revamped operating system  -- the software that controls the basic functions of its PCs -- until at least June 1998, about six months later than the company had previously said.</p>
<p>Investors and Apple customers have been counting on the new operating system, code-named &quot;Rhapsody,&quot; to give Apple's computers a clear technological lead over PCs using technology from Intel Corp. and Microsoft Corp.</p>
<p>The uncertainty surrounding the Cupertino, Calif.-based computer maker will keep customers away from the Mac isle at computer stores, analysts said.</p>
<p>The job cuts include 2,700 full-time employees and 1,400 contract workers. Apple plans to give employees 60-day notices later this month. Before the layoffs, Apple employed about 13,400 including contract workers.</p>
<p>In the fiscal second quarter ending March 31, Apple will take a $155 million charge against earnings to cover the cost of the layoffs. The company also plans to take another $322.5 million charge for the December acquisition of Next Software Inc.</p>
<p>Fred Anderson, Apple's finance chief, declined to say what the company's total loss in the second quarter will be, but analysts said their preliminary estimates are close to $1 billion.</p>
<p>With the cost cuts, Apple could return to profit by the fiscal fourth quarter ending September, Anderson said.</p>
<p>Apple, which invented the first user-friendly computer, has suffered in recent years from missed opportunities, management turmoil and failed products.</p>
<p>Amelio, who took over in early 1996, has been refocusing Apple's effort on its healthiest businesses. As part of the restructuring, Apple will drop development of software based on the so-called OpenDoc technology and computer servers based on International Business Machines Corp.'s AIX standard. Apple also will stop development of its video-conferencing products.</p>
<p>The company will keep its Newton handheld computer for now, Apple said. The Newton was expected to be discontinued or sold to another company as part of Friday's restructuring.</p>
<p>Amelio has been under increasing pressure from shareholders and loyal customers to come up with new products to get sales going again.</p>
<p>On Friday, he dismissed calls for him to step down.</p>
<p>&quot;Why would I step aside when we are at the cusp of turning this around?&quot; he told reporters.</p>
</text>
<copyright>(c) Reuters Limited 1997</copyright>
<metadata>
<codes class="bip:countries:1.0">
  <code code="USA">
    <editdetail attribution="Reuters BIP Coding Group" action="confirmed" date="1997-03-15"/>
  </code>
</codes>
<codes class="bip:industries:1.0">
  <code code="I33020">
    <editdetail attribution="Reuters BIP Coding Group" action="confirmed" date="1997-03-15"/>
  </code>
  <code code="I3302003">
    <editdetail attribution="Reuters BIP Coding Group" action="confirmed" date="1997-03-15"/>
  </code>
</codes>
<codes class="bip:topics:1.0">
  <code code="C11">
    <editdetail attribution="Reuters BIP Coding Group" action="confirmed" date="1997-03-15"/>
  </code>
  <code code="C15">
    <editdetail attribution="Reuters BIP Coding Group" action="confirmed" date="1997-03-15"/>
  </code>
  <code code="C151">
    <editdetail attribution="Reuters BIP Coding Group" action="confirmed" date="1997-03-15"/>
  </code>
  <code code="C42">
    <editdetail attribution="Reuters BIP Coding Group" action="confirmed" date="1997-03-15"/>
  </code>
  <code code="CCAT">
    <editdetail attribution="Reuters BIP Coding Group" action="confirmed" date="1997-03-15"/>
  </code>
  <code code="E41">
    <editdetail attribution="Reuters BIP Coding Group" action="confirmed" date="1997-03-15"/>
  </code>
  <code code="ECAT">
    <editdetail attribution="Reuters BIP Coding Group" action="confirmed" date="1997-03-15"/>
  </code>
  <code code="GCAT">
    <editdetail attribution="Reuters BIP Coding Group" action="confirmed" date="1997-03-15"/>
  </code>
  <code code="GJOB">
    <editdetail attribution="Reuters BIP Coding Group" action="confirmed" date="1997-03-15"/>
  </code>
</codes>
<dc element="dc.date.created" value="1997-03-14"/>
<dc element="dc.publisher" value="Reuters Holdings Plc"/>
<dc element="dc.date.published" value="1997-03-15"/>
<dc element="dc.source" value="Reuters"/>
<dc element="dc.creator.location" value="CUPERTINO, Calif."/>
<dc element="dc.creator.location.country.name" value="USA"/>
<dc element="dc.source" value="Reuters"/>
</metadata>
</newsitem>
