<?xml version="1.0" encoding="iso-8859-1" ?>
<newsitem itemid="445173" id="root" date="1997-03-15" xml:lang="en">
<title>DUBAI: Velayati invites Saudi King to Tehran summit.</title>
<headline>Velayati invites Saudi King to Tehran summit.</headline>
<dateline>DUBAI 1996-03-16</dateline>
<text>
<p>Iran's Foreign Minister Ali Akbar Velayati said on Sunday he had delivered an invitation to Saudi Arabia's King Fahd to attend an Islamic summit in Tehran.</p>
<p>Velayati, who arrived in Riyadh on Saturday on his first visit to the kingdom since 1993, was speaking at a news conference after meeting the Saudi monarch in the Saudi capital Riyadh.</p>
<p>&quot;I have extended the invitation to the king and delivered a message from the Iranian president,&quot; Velayati said.</p>
<p>&quot;King Fahd welcomed the invitation and said he would participate as much as it would be possible for him.&quot;</p>
<p>Velayati, on a tour of 10 countries since Sunday, is extending invitations to Moslem heads of states and governments from President Akbar Hashemi Rafsanjani for a summit of the Moslem world's largest body.</p>
<p>The 51-nation Organisation of the Islamic Conference (OIC), which is based in the Saudi commercial capital Jeddah, is due to hold its four-yearly summit in Tehran in December.</p>
<p>Gulf-based diplomats and analysts consider it highly unlikely that King Fahd would go to Tehran.</p>
<p>But they said the invitation presented the Saudi royal family with a diplomatic dilemma.</p>
<p>The kingdom is home to two of Islam's most sacred shrines in the closed cities of Mecca and Medina. King Fahd styles himself Custodian of the Two Holy Shrines, emphasising his guardianship of the Moslem world's most revered places.</p>
<p>The king, or at the very least his half-brother Crown Prince Abdullah who often deputises for him, would be expected to attend the Moslem world's most important gathering, analysts said.</p>
<p>But the Saudis are less than pleased that Iran is about to take over the leadership of the OIC for the next four years.</p>
<p>&quot;Even if there are not many heads of state in Tehran it would still be called a summit and the Iranians would still become chairman. This prospect is dreaded by the Saudis and their friends in the Gulf,&quot; a diplomatic source in the Iranian capital said earlier this week.</p>
</text>
<copyright>(c) Reuters Limited 1997</copyright>
<metadata>
<codes class="bip:countries:1.0">
  <code code="IRAN">
    <editdetail attribution="Reuters BIP Coding Group" action="confirmed" date="1997-03-15"/>
  </code>
  <code code="SAARAB">
    <editdetail attribution="Reuters BIP Coding Group" action="confirmed" date="1997-03-15"/>
  </code>
</codes>
<codes class="bip:topics:1.0">
  <code code="GCAT">
    <editdetail attribution="Reuters BIP Coding Group" action="confirmed" date="1997-03-15"/>
  </code>
  <code code="GDIP">
    <editdetail attribution="Reuters BIP Coding Group" action="confirmed" date="1997-03-15"/>
  </code>
</codes>
<dc element="dc.date.created" value="1996-03-16"/>
<dc element="dc.publisher" value="Reuters Holdings Plc"/>
<dc element="dc.date.published" value="1997-03-15"/>
<dc element="dc.source" value="Reuters"/>
<dc element="dc.creator.location" value="DUBAI"/>
<dc element="dc.creator.location.country.name" value="DUBAI"/>
<dc element="dc.source" value="Reuters"/>
</metadata>
</newsitem>
