<?xml version="1.0" encoding="iso-8859-1" ?>
<newsitem itemid="445104" id="root" date="1997-03-15" xml:lang="en">
<title>MEXICO: Mexico stocks end up in late pre-weekend spurt.</title>
<headline>Mexico stocks end up in late pre-weekend spurt.</headline>
<dateline>MEXICO CITY</dateline>
<text>
<p>Mexican stocks rose Friday in a slow, cautious session.</p>
<p>The leading IPC share index ended up 30.32 points, or 0.81 percent, at 3,775.71. Trading volume was dull at 66.5 million shares.</p>
<p>&quot;They wanted to end the week on positive turf, so they took advantage of the lack of sellers,&quot; a floor trader said.</p>
<p>Analysts said the investors were awaiting several developments on the economic and political fronts.</p>
<p>&quot;There are several factors on the international front that are keeping the market on hold. The most important is the Federal Open Market Committee meeting on March 25, and then there is the U.S. Senate vote next week,&quot; a Mexico City equity analyst said, who requested anonymity.</p>
<p>The Federal Reserve's policy-making FOMC will decide whether to raise U.S. interest rates, while the U.S. Senate is expected to vote on a bill to decertify Mexico as a drug-war ally, perhaps next week.</p>
<p>&quot;Then there are municipal elections this weekend in the state of Morelos this weekend. We believe everything is calm, but it does cause some concern among investors,&quot; the analyst added.</p>
<p>On the broad market, a total of 104 stocks changed hands of which 44 ended up while 34 declined.</p>
<p>Traders said gains by airline holding company Cintra and soft-drinks bottler Emvasa helped the overall market.</p>
<p>Cintra ended up 50 centavos (six cents) at 6.90 pesos (87 cents) while Emvasa gained 30 centavos (four cents) to 4.30 pesos (54 cents).</p>
<p>Situr, tourist arm of the Sidek group, was another prominent gainer, up two centavos (less than one cent) to 28 centavos (four cents) on speculative buying, traders said.</p>
<p>Debt-ridden holding company Sidek headed the prominent decliners' list, off six centavos (one cent) to 44 centavos (six cents).</p>
<p>The market fell 1.79 percent on the week and traders expected share prices to see-saw over the coming days.</p>
<p>&quot;Public holidays will make people swifty acquire or dump positions at the start of next week,&quot; another dealer added.</p>
</text>
<copyright>(c) Reuters Limited 1997</copyright>
<metadata>
<codes class="bip:countries:1.0">
  <code code="MEX">
    <editdetail attribution="Reuters BIP Coding Group" action="confirmed" date="1997-03-15"/>
  </code>
</codes>
<codes class="bip:topics:1.0">
  <code code="M11">
    <editdetail attribution="Reuters BIP Coding Group" action="confirmed" date="1997-03-15"/>
  </code>
  <code code="MCAT">
    <editdetail attribution="Reuters BIP Coding Group" action="confirmed" date="1997-03-15"/>
  </code>
</codes>
<dc element="dc.publisher" value="Reuters Holdings Plc"/>
<dc element="dc.date.published" value="1997-03-15"/>
<dc element="dc.source" value="Reuters"/>
<dc element="dc.creator.location" value="MEXICO CITY"/>
<dc element="dc.creator.location.country.name" value="MEXICO"/>
<dc element="dc.source" value="Reuters"/>
</metadata>
</newsitem>
