<?xml version="1.0" encoding="iso-8859-1" ?>
<newsitem itemid="445133" id="root" date="1997-03-15" xml:lang="en">
<title>PHILIPPINES: Manila eyed as transit point for defector - official.</title>
<headline>Manila eyed as transit point for defector - official.</headline>
<dateline>MANILA 1997-03-15</dateline>
<text>
<p>The Philippines has been asked to serve as a transit point for a senior North Korean defector in Beijing if he is allowed to leave for South Korea, Philippine Foreign Secretary Domingo Siazon said on Saturday.</p>
<p>Siazon told reporters the request was made by both South Korea and China and he strongly indicated the Philippines was prepared to agree to the request.</p>
<p>&quot;There are talks going on based on the request of the Republic of Korea and also China to find a way of having this gentleman go to his destination without going through a straight route, and we have been asked,&quot; Siazon said.</p>
<p>&quot;Our view is if the three countries concerned are informed and we are being asked to find a solution, then in order to make our contribution to resolving this problem - because we are all in Asia - we don't wish this particular problem to evolve into a more serious politicial difficulty among the three parties, so we would in that context be prepared to make our contribution.&quot;</p>
<p>Siazon spoke to reporters before he left for an official visit to Japan.</p>
<p>Hwang Jang-yop, a North Korean ideologue and top aide to supreme leader Kim Jong-il, has been stranded at the South Korean consular compound in Beijing since February 12. He is the most senior official to defect from North Korea and talks have been taking place between the two Koreas and China on his fate.</p>
</text>
<copyright>(c) Reuters Limited 1997</copyright>
<metadata>
<codes class="bip:countries:1.0">
  <code code="CHINA">
    <editdetail attribution="Reuters BIP Coding Group" action="confirmed" date="1997-03-15"/>
  </code>
  <code code="NKOREA">
    <editdetail attribution="Reuters BIP Coding Group" action="confirmed" date="1997-03-15"/>
  </code>
  <code code="PHLNS">
    <editdetail attribution="Reuters BIP Coding Group" action="confirmed" date="1997-03-15"/>
  </code>
  <code code="SKOREA">
    <editdetail attribution="Reuters BIP Coding Group" action="confirmed" date="1997-03-15"/>
  </code>
</codes>
<codes class="bip:topics:1.0">
  <code code="GCAT">
    <editdetail attribution="Reuters BIP Coding Group" action="confirmed" date="1997-03-15"/>
  </code>
  <code code="GDIP">
    <editdetail attribution="Reuters BIP Coding Group" action="confirmed" date="1997-03-15"/>
  </code>
</codes>
<dc element="dc.date.created" value="1997-03-15"/>
<dc element="dc.publisher" value="Reuters Holdings Plc"/>
<dc element="dc.date.published" value="1997-03-15"/>
<dc element="dc.source" value="Reuters"/>
<dc element="dc.creator.location" value="MANILA"/>
<dc element="dc.creator.location.country.name" value="PHILIPPINES"/>
<dc element="dc.source" value="Reuters"/>
</metadata>
</newsitem>
