<?xml version="1.0" encoding="iso-8859-1" ?>
<newsitem itemid="445194" id="root" date="1997-03-15" xml:lang="en">
<title>BAHRAIN: Bahraini court continues trial of coup suspects.</title>
<headline>Bahraini court continues trial of coup suspects.</headline>
<dateline>MANAMA 1997-03-15</dateline>
<text>
<p>Bahrain's State Security Court on Saturday continued the trial of 81 people accused of involvement in an alleged Iranian-backed plot to topple Bahrain's government, lawyers said.</p>
<p>The trial of the suspects -- 59 in court and the rest tried in absentia -- began in the Gulf Arab state on March 1. The trial was halted on Thursday and Friday for the Moslem weekend.</p>
<p>Lawyers said some verdicts could be passed in  the next week and some suspects could face the death penalty.</p>
<p>The defendants are accused of joining the military wing of the Bahraini Hizbollah (Party of God), creating an organisation aimed at toppling the government, possessing weapons without permission and contacting a foreign country.</p>
<p>Political parties are banned in Bahrain. Bahrain in June accused Shi'ite Moslem Iran of backing an attempt to overthrow the government. Iran denied the allegation.</p>
<p>Members of the island's majority Shi'ite Moslem community seeking political and economic reform by the Sunni rulers have waged a campaign of bombings, arson, sabotage and riots since December 1994. At least 28 people have been killed and hundreds arrested.</p>
</text>
<copyright>(c) Reuters Limited 1997</copyright>
<metadata>
<codes class="bip:countries:1.0">
  <code code="BAHRN">
    <editdetail attribution="Reuters BIP Coding Group" action="confirmed" date="1997-03-15"/>
  </code>
  <code code="IRAN">
    <editdetail attribution="Reuters BIP Coding Group" action="confirmed" date="1997-03-15"/>
  </code>
</codes>
<codes class="bip:topics:1.0">
  <code code="GCAT">
    <editdetail attribution="Reuters BIP Coding Group" action="confirmed" date="1997-03-15"/>
  </code>
  <code code="GCRIM">
    <editdetail attribution="Reuters BIP Coding Group" action="confirmed" date="1997-03-15"/>
  </code>
  <code code="GVIO">
    <editdetail attribution="Reuters BIP Coding Group" action="confirmed" date="1997-03-15"/>
  </code>
</codes>
<dc element="dc.date.created" value="1997-03-15"/>
<dc element="dc.publisher" value="Reuters Holdings Plc"/>
<dc element="dc.date.published" value="1997-03-15"/>
<dc element="dc.source" value="Reuters"/>
<dc element="dc.creator.location" value="MANAMA"/>
<dc element="dc.creator.location.country.name" value="BAHRAIN"/>
<dc element="dc.source" value="Reuters"/>
</metadata>
</newsitem>
