<?xml version="1.0" encoding="iso-8859-1" ?>
<newsitem itemid="445171" id="root" date="1997-03-15" xml:lang="en">
<title>ABU DHABI: UAE arms show denies participation to Israel.</title>
<headline>UAE arms show denies participation to Israel.</headline>
<dateline>ABU DHABI 1997-03-15</dateline>
<text>
<p>The Middle East's biggest arms show, which starts in Abu Dhabi on Sunday, turned down Israeli applications to participate, an exhibition official said on Saturday.</p>
<p>Brigadier Sultan al-Suweidi, organising committee chairman of the International Defence Exhibition and Conference (IDEX), told reporters several Israeli companies had applied for stands to present their wares during the five-day exhibition.</p>
<p>&quot;We do not have any kind of connections with Israel and so we rejected their applications,&quot; he said.</p>
<p>Suweidi said organisers had also turned down Iranian applications for stands but had invited Tehran to send a delegation to the opening ceremony.</p>
<p>&quot;Iran applied too late so we couldn't accept the application,&quot; he said.</p>
<p>He said he did not know if Iran would send a military or civilian delegation to the ceremony, how many people would attend, or if they would stay for the exhibition.</p>
<p>For years Iran and the United Arab Emirates have been locked in a dispute over three Gulf islands claimed by both states. The islands of Abu Musa, the Greater and Lesser Tunbs lie close to major shipping lanes in the Gulf.</p>
<p>Suweidi said the UAE would announce several deals at the show but did not give any details.</p>
<p>Some 700 international companies will participate in IDEX, which is sponsored by the UAE's armed forces.</p>
<p>Companies include big players such as France's Dassault Aviation and Lockheed Martin Corp of the United States, but smaller firms from countries like Egypt, Turkey and Bulgaria will also participate.</p>
</text>
<copyright>(c) Reuters Limited 1997</copyright>
<metadata>
<codes class="bip:countries:1.0">
  <code code="ABDBI">
    <editdetail attribution="Reuters BIP Coding Group" action="confirmed" date="1997-03-15"/>
  </code>
  <code code="ISRAEL">
    <editdetail attribution="Reuters BIP Coding Group" action="confirmed" date="1997-03-15"/>
  </code>
  <code code="UAE">
    <editdetail attribution="Reuters BIP Coding Group" action="confirmed" date="1997-03-15"/>
  </code>
</codes>
<codes class="bip:topics:1.0">
  <code code="GCAT">
    <editdetail attribution="Reuters BIP Coding Group" action="confirmed" date="1997-03-15"/>
  </code>
  <code code="GDEF">
    <editdetail attribution="Reuters BIP Coding Group" action="confirmed" date="1997-03-15"/>
  </code>
  <code code="GDIP">
    <editdetail attribution="Reuters BIP Coding Group" action="confirmed" date="1997-03-15"/>
  </code>
</codes>
<dc element="dc.date.created" value="1997-03-15"/>
<dc element="dc.publisher" value="Reuters Holdings Plc"/>
<dc element="dc.date.published" value="1997-03-15"/>
<dc element="dc.source" value="Reuters"/>
<dc element="dc.creator.location" value="ABU DHABI"/>
<dc element="dc.creator.location.country.name" value="ABU DHABI"/>
<dc element="dc.source" value="Reuters"/>
</metadata>
</newsitem>
