<?xml version="1.0" encoding="iso-8859-1" ?>
<newsitem itemid="445166" id="root" date="1997-03-15" xml:lang="en">
<title>CHINA: China sets April interest rate subsidy at 0.17 pct.</title>
<headline>China sets April interest rate subsidy at 0.17 pct.</headline>
<dateline>BEIJING 1997-03-15</dateline>
<text>
<p>China's central bank, the People's Bank of China, set the interest rate subsidy for April at 0.17 percent, the Financial News said on Saturday.  </p>
<p>The rate is down from the March subsidy of 0.94 percent.</p>
<p>The subsidy is paid on bank deposits of three years or more.</p>
<p>The subsidy, paid on fixed deposits as they fall due, is given on top of normal interest rates to attract long-term deposits during a period of high inflation.</p>
<p>But China stopped paying the subsidy on new deposits as of last April because inflation has been easing.</p>
<p>The subsidy was introduced in March 1994 and hit a record of 13.24 percent in December 1995.</p>
</text>
<copyright>(c) Reuters Limited 1997</copyright>
<metadata>
<codes class="bip:countries:1.0">
  <code code="CHINA">
    <editdetail attribution="Reuters BIP Coding Group" action="confirmed" date="1997-03-15"/>
  </code>
</codes>
<codes class="bip:topics:1.0">
  <code code="E12">
    <editdetail attribution="Reuters BIP Coding Group" action="confirmed" date="1997-03-15"/>
  </code>
  <code code="ECAT">
    <editdetail attribution="Reuters BIP Coding Group" action="confirmed" date="1997-03-15"/>
  </code>
</codes>
<dc element="dc.date.created" value="1997-03-15"/>
<dc element="dc.publisher" value="Reuters Holdings Plc"/>
<dc element="dc.date.published" value="1997-03-15"/>
<dc element="dc.source" value="Reuters"/>
<dc element="dc.creator.location" value="BEIJING"/>
<dc element="dc.creator.location.country.name" value="CHINA"/>
<dc element="dc.source" value="Reuters"/>
</metadata>
</newsitem>
