<?xml version="1.0" encoding="iso-8859-1" ?>
<newsitem itemid="445145" id="root" date="1997-03-15" xml:lang="en">
<title>TAIWAN: Taiwan, Czech Republic form plane-making venture.</title>
<headline>Taiwan, Czech Republic form plane-making venture.</headline>
<dateline>TAIPEI 1997-03-15</dateline>
<text>
<p>Taiwan and the Czech Republic signed a plane-making deal on Saturday, with Taipei saying the deal paved the way for new cooperation between the diplomatically isolated island and eastern Europe.</p>
<p>The agreement to jointly manufacture the AE-270, a small commercial passenger aircraft, was signed by Taiwan's state-run Aerospace Industrial Development Corp and Aero Vodochody of the Czech Republic, state television showed.</p>
<p>&quot;We will begin by making small aeroplanes. After we accomplish making small planes, we can move on to make larger ones,&quot; Economics Minister Wang Chih-kang, whose ministry oversees the state firm's operations, told a signing ceremony.</p>
<p>&quot;This is the first such cooperation accord we have signed with eastern Europe,&quot; Wang said. &quot;It sets a good foundation for development of our aerospace industry as well as future cooperations with other eastern European nations.&quot;</p>
<p>Taiwan and the Czech Republic planned to make some 850 AE-270 10-seat airplanes, state television said.</p>
<p>The venture's value was not disclosed, but local media have reported both sides would jointly invest more than US$60 million in the deal, with each holding 50 percent.</p>
<p>Aerospace Industrial Development would assemble the turboprop planes in Taiwan for sales in the Asia-Pacific region, while Aero Vodochody would assemble them in the Czech Republic for sales in eastern Europe.</p>
<p>The ministry's Committee for Aviation and Space Industry Development has said it was considering deals to jointly make passenger aircraft with Czech firms Aero Vodochody and LET G.S.</p>
<p>The Taiwan company declined to mention whether it was still talking with LET.</p>
<p>Aerospace Industrial Development, long a non-commercial military plane manufacturing centre, was converted into a state-run company in July 1996.</p>
</text>
<copyright>(c) Reuters Limited 1997</copyright>
<metadata>
<codes class="bip:countries:1.0">
  <code code="CZREP">
    <editdetail attribution="Reuters BIP Coding Group" action="confirmed" date="1997-03-15"/>
  </code>
  <code code="TAIWAN">
    <editdetail attribution="Reuters BIP Coding Group" action="confirmed" date="1997-03-15"/>
  </code>
</codes>
<codes class="bip:industries:1.0">
  <code code="I36400">
    <editdetail attribution="Reuters BIP Coding Group" action="confirmed" date="1997-03-15"/>
  </code>
</codes>
<codes class="bip:topics:1.0">
  <code code="C11">
    <editdetail attribution="Reuters BIP Coding Group" action="confirmed" date="1997-03-15"/>
  </code>
  <code code="C33">
    <editdetail attribution="Reuters BIP Coding Group" action="confirmed" date="1997-03-15"/>
  </code>
  <code code="CCAT">
    <editdetail attribution="Reuters BIP Coding Group" action="confirmed" date="1997-03-15"/>
  </code>
</codes>
<dc element="dc.date.created" value="1997-03-15"/>
<dc element="dc.publisher" value="Reuters Holdings Plc"/>
<dc element="dc.date.published" value="1997-03-15"/>
<dc element="dc.source" value="Reuters"/>
<dc element="dc.creator.location" value="TAIPEI"/>
<dc element="dc.creator.location.country.name" value="TAIWAN"/>
<dc element="dc.source" value="Reuters"/>
</metadata>
</newsitem>
