<?xml version="1.0" encoding="iso-8859-1" ?>
<newsitem itemid="445163" id="root" date="1997-03-15" xml:lang="en">
<title>SOUTH KOREA: Sammi Steel sees net profit this year.</title>
<headline>Sammi Steel sees net profit this year.</headline>
<dateline>SEOUL 1997-03-15</dateline>
<text>
<p>South Korea's largest stainless steel plate maker Sammi Steel Co sees its net account turning to profit this year from a huge loss in 1996, a company spokesman said on Saturday.</p>
<p>&quot;We expect to post a 7.9 billion won profit this year by cutting back our debts,&quot; Hwang Chul-gyu told Reuters.</p>
<p>Last year, the company ran a net loss of 119.98 billion won, sharply up from a 39.45 billion won loss in 1995.  </p>
<p>Hwang said the company's deal with Pohang Iron and Steel Co (POSCO) to sell most of its specialty iron rod production operations would help it repay snowballing debts.</p>
<p>Sammi is due to receive 719.4 billion won from POSCO under the deal, and Sammi plans to spend about 700 billion won of the total in repaying debts, Hwang said by telephone.</p>
<p>&quot;The debt repayments will lead to a significant drop in our financial expenses this year,&quot; said Hwang.</p>
<p>The company's liabilities totalled 1.45 trillion won at the end of 1996, up from 1.31 trillion the year before.  </p>
<p>Sammi's financial expenses incurred in connection with debts stood at 180 billion won in 1996 and Hwang predicted the figures would fall to as low as 40 billion won in 1997.</p>
<p>He also said its recent acquisition of quality assurance from Germany's TUV-Rhein Land on stainless steel plates would also help the company boost exports to the European Union.</p>
<p>Last year, Sammi's exports totalled 235.1 billion won, about a third of its total sales of 860.09 billion won.</p>
<p>Value of the company's exports to the European Union was not immediately available.</p>
<p>-- Seoul newsroom (822) 727-5646</p>
</text>
<copyright>(c) Reuters Limited 1997</copyright>
<metadata>
<codes class="bip:countries:1.0">
  <code code="SKOREA">
    <editdetail attribution="Reuters BIP Coding Group" action="confirmed" date="1997-03-15"/>
  </code>
</codes>
<codes class="bip:industries:1.0">
  <code code="I22100">
    <editdetail attribution="Reuters BIP Coding Group" action="confirmed" date="1997-03-15"/>
  </code>
</codes>
<codes class="bip:topics:1.0">
  <code code="C15">
    <editdetail attribution="Reuters BIP Coding Group" action="confirmed" date="1997-03-15"/>
  </code>
  <code code="C151">
    <editdetail attribution="Reuters BIP Coding Group" action="confirmed" date="1997-03-15"/>
  </code>
  <code code="C1511">
    <editdetail attribution="Reuters BIP Coding Group" action="confirmed" date="1997-03-15"/>
  </code>
  <code code="C152">
    <editdetail attribution="Reuters BIP Coding Group" action="confirmed" date="1997-03-15"/>
  </code>
  <code code="CCAT">
    <editdetail attribution="Reuters BIP Coding Group" action="confirmed" date="1997-03-15"/>
  </code>
</codes>
<dc element="dc.date.created" value="1997-03-15"/>
<dc element="dc.publisher" value="Reuters Holdings Plc"/>
<dc element="dc.date.published" value="1997-03-15"/>
<dc element="dc.source" value="Reuters"/>
<dc element="dc.creator.location" value="SEOUL"/>
<dc element="dc.creator.location.country.name" value="SOUTH KOREA"/>
<dc element="dc.source" value="Reuters"/>
</metadata>
</newsitem>
