<?xml version="1.0" encoding="iso-8859-1" ?>
<newsitem itemid="445125" id="root" date="1997-03-15" xml:lang="en">
<title>USA: Intervisual Books Inc Q4 full results.</title>
<headline>Intervisual Books Inc Q4 full results.</headline>
<dateline>SANTA MONICA, Calif. 1997-03-14</dateline>
<text>
<p>INTERVISUAL BOOKS INC.</p>
<p>			     STATEMENTS OF OPERATIONS</p>
<p>		    Quarter Ended Dec. 31    Year Ended Dec. 31</p>
<p>			   1996	 1995	  1996	  1995</p>
<p> Net sales     $ 4,368,742$ 5,882,203  16,766,292$ 19,494,405</p>
<p> Cost of sales   3,406,833  4,294,281  12,984,796  14,897,013</p>
<p> Gross profit	961,909  1,587,922   3,781,496   4,597,392</p>
<p>Selling, general and</p>
<p>administrative</p>
<p>  expenses	 1,666,664  1,027,473   4,853,875   4,069,555</p>
<p>Other income (expense)</p>
<p>			   2,229   (52,932)	 2,510     100,705</p>
<p>Interest income (net)</p>
<p>			  38,567     31,883     109,627     127,837</p>
<p>Income (loss)</p>
<p>  before income  (663,959)    539,400   (960,242)     756,379</p>
<p>Taxes on income</p>
<p>  (benefit)	(315,264)    203,661   (416,000)     320,500</p>
<p>Net income (loss)</p>
<p>		     (348,695)    335,739   (544,242)     435,879</p>
<p>Earnings (loss)</p>
<p>  per share	   (0.07)	 0.07	(0.11)	  0.09</p>
<p>Weighted average</p>
<p>number of shares</p>
<p>and equivalents</p>
<p>  outstand	 4,782,798  5,072,084   4,782,798   5,009,872</p>
<p>				  BALANCE SHEET HIGHLIGHTS</p>
<p>						  Dec. 31	   Dec. 31</p>
<p>						     1996	     1995</p>
<p>Cash and short-term</p>
<p>    investments			 $  2,690,604 $    2,843,032</p>
<p> Total current assets		    9,006,693     10,682,008</p>
<p> Total assets			     12,142,275     14,051,513</p>
<p> Total current liabilities	     4,924,512	6,027,621</p>
<p> Total liabilities			 5,079,352	6,493,400</p>
<p> Stockholders' equity		    7,062,923	7,558,113</p>
<p>-- New York Newsdesk 212 859-1610</p>
</text>
<copyright>(c) Reuters Limited 1997</copyright>
<metadata>
<codes class="bip:countries:1.0">
  <code code="USA">
    <editdetail attribution="Reuters BIP Coding Group" action="confirmed" date="1997-03-15"/>
  </code>
</codes>
<codes class="bip:industries:1.0">
  <code code="I47530">
    <editdetail attribution="Reuters BIP Coding Group" action="confirmed" date="1997-03-15"/>
  </code>
</codes>
<codes class="bip:topics:1.0">
  <code code="C15">
    <editdetail attribution="Reuters BIP Coding Group" action="confirmed" date="1997-03-15"/>
  </code>
  <code code="C151">
    <editdetail attribution="Reuters BIP Coding Group" action="confirmed" date="1997-03-15"/>
  </code>
  <code code="C1511">
    <editdetail attribution="Reuters BIP Coding Group" action="confirmed" date="1997-03-15"/>
  </code>
  <code code="CCAT">
    <editdetail attribution="Reuters BIP Coding Group" action="confirmed" date="1997-03-15"/>
  </code>
</codes>
<dc element="dc.date.created" value="1997-03-14"/>
<dc element="dc.publisher" value="Reuters Holdings Plc"/>
<dc element="dc.date.published" value="1997-03-15"/>
<dc element="dc.source" value="Reuters"/>
<dc element="dc.creator.location" value="SANTA MONICA, Calif."/>
<dc element="dc.creator.location.country.name" value="USA"/>
<dc element="dc.source" value="Reuters"/>
</metadata>
</newsitem>
