<?xml version="1.0" encoding="iso-8859-1" ?>
<newsitem itemid="445116" id="root" date="1997-03-15" xml:lang="en">
<title>AUSTRALIA: Anti-racism protest turns ugly in Australia.</title>
<headline>Anti-racism protest turns ugly in Australia.</headline>
<dateline>MELBOURNE 1997-03-15</dateline>
<text>
<p>An anti-racism protest in Australia turned ugly on Saturday when demonstrators tried to break through a police barricade and storm a bookshop run by a right-wing political group.</p>
<p>Police on horseback were called in to keep the 500 protesters at bay, after some tried to breach the barricade set up in front of the shop in suburban Melbourne, police said.</p>
<p>Protesters threw glass bottles, sticks and eggs at the shop run by National Action, accusing the group of being a neo-Nazi organisation trying to foment racial hatred in an economically depressed area of the city.</p>
<p>&quot;They are trying to build on the despair and anger of high unemployment,&quot; protester Marcus Banks told reporters.</p>
<p>Police arrested four protesters, charging two young men with assaulting police and a third with unlawful assault. The other man was arrested on an outstanding warrant for another offence.</p>
<p>Police were well prepared for the protest, deploying over 80 officers, including about a dozen on horseback, in case of trouble.</p>
<p>The protest included representatives of Jewish, trade union and homosexual groups and some demonstrators wore face masks.</p>
<p>They marched on the shop after rallying in a nearby park to object to the what they called racist, anti-migration and homophobic messages promoted by National Action. The protest broke up in the early evening. Police reported no injuries.</p>
<p>National Action spokesman Michael Brander defended the group against the charges of racism but said his organisation did not share the protesters' views.</p>
<p>&quot;We don't want an Asian future, no,&quot; he told reporters at the front door of the shop.</p>
<p>&quot;We certainly don't want a homosexual future, as they want, and we don't want an internationalist future, and we don't want the government to continue to use left-wing scum to try and silence freedom of speech.&quot;</p>
<p>The roudy demonstration comes as opinion polls show an anti-immigration backlash led by maverick politician Pauline Hanson is widely supported. Hanson wants a freeze on immigration, arguing Australia risks being &quot;swamped&quot; by Asians.</p>
</text>
<copyright>(c) Reuters Limited 1997</copyright>
<metadata>
<codes class="bip:countries:1.0">
  <code code="AUSTR">
    <editdetail attribution="Reuters BIP Coding Group" action="confirmed" date="1997-03-15"/>
  </code>
</codes>
<codes class="bip:topics:1.0">
  <code code="GCAT">
    <editdetail attribution="Reuters BIP Coding Group" action="confirmed" date="1997-03-15"/>
  </code>
  <code code="GVIO">
    <editdetail attribution="Reuters BIP Coding Group" action="confirmed" date="1997-03-15"/>
  </code>
</codes>
<dc element="dc.date.created" value="1997-03-15"/>
<dc element="dc.publisher" value="Reuters Holdings Plc"/>
<dc element="dc.date.published" value="1997-03-15"/>
<dc element="dc.source" value="Reuters"/>
<dc element="dc.creator.location" value="MELBOURNE"/>
<dc element="dc.creator.location.country.name" value="AUSTRALIA"/>
<dc element="dc.source" value="Reuters"/>
</metadata>
</newsitem>
