<?xml version="1.0" encoding="iso-8859-1" ?>
<newsitem itemid="445139" id="root" date="1997-03-15" xml:lang="en">
<title>TAIWAN: Taiwan holds county by-election after Nov shooting.</title>
<headline>Taiwan holds county by-election after Nov shooting.</headline>
<dateline>TAIPEI 1997-03-15</dateline>
<text>
<p>People in a northern Taiwan county cast their ballots on Saturday, four months after the county's magistrate and seven others were shot dead in one of the island's most sensational crimes in recent memory.</p>
<p>The Taoyuan County by-election was hotly contested by candidates from the ruling Nationalist Party, the pro-independence Democratic Progressive Party and the fledgling New Party.</p>
<p>The final result was expected around 8.00 p.m. (1200 GMT).</p>
<p>In November, two gunmen burst into magistrate Liu Pang-yu's home, bound the hands of Liu and eight others and systematically shot each in the head at close range.</p>
<p>Five died at the scene. Liu, 54, a member of the ruling Nationalist Party, and two others died at hospital.</p>
<p>The gangland-style execution remains unsolved.</p>
<p>The public has expressed fears over the social chaos that has accompanied Taiwan's decade-old democratic renaissance, and concerns over some politicians' close ties to organised crime.</p>
<p>The new magistrate will only serve until the end of this year, when Taiwan will hold elections for all cities and counties on the island.</p>
</text>
<copyright>(c) Reuters Limited 1997</copyright>
<metadata>
<codes class="bip:countries:1.0">
  <code code="TAIWAN">
    <editdetail attribution="Reuters BIP Coding Group" action="confirmed" date="1997-03-15"/>
  </code>
</codes>
<codes class="bip:topics:1.0">
  <code code="GCAT">
    <editdetail attribution="Reuters BIP Coding Group" action="confirmed" date="1997-03-15"/>
  </code>
  <code code="GPOL">
    <editdetail attribution="Reuters BIP Coding Group" action="confirmed" date="1997-03-15"/>
  </code>
  <code code="GVOTE">
    <editdetail attribution="Reuters BIP Coding Group" action="confirmed" date="1997-03-15"/>
  </code>
</codes>
<dc element="dc.date.created" value="1997-03-15"/>
<dc element="dc.publisher" value="Reuters Holdings Plc"/>
<dc element="dc.date.published" value="1997-03-15"/>
<dc element="dc.source" value="Reuters"/>
<dc element="dc.creator.location" value="TAIPEI"/>
<dc element="dc.creator.location.country.name" value="TAIWAN"/>
<dc element="dc.source" value="Reuters"/>
</metadata>
</newsitem>
