<?xml version="1.0" encoding="iso-8859-1" ?>
<newsitem itemid="445120" id="root" date="1997-03-15" xml:lang="en">
<title>USA: Texas woman recreates Amelia Earhart's 1937 flight.</title>
<headline>Texas woman recreates Amelia Earhart's 1937 flight.</headline>
<byline>Adrian Croft</byline>
<dateline>SAN FRANCISCO 1997-03-15</dateline>
<text>
<p>Sixty years after legendary aviator Amelia Earhart mysteriously disappeared while flying around the world, a Texas woman plans to recreate and complete Earhart's journey in a 1930s-vintage plane.</p>
<p>Linda Finch, a 46-year-old San Antonio businesswoman, is due to take off from Oakland, California on Monday at the start of a 30,000-mile (48,000-km), 2-1/2 month trip that follows a route similar to Earhart's 1937 flight.</p>
<p>The journey, called &quot;World Flight 1997&quot;, will span five continents and include more than 30 stops in 20 countries.</p>
<p>Finch will fly a carefully restored 1935 Lockheed Electra 10E -- the same make and model as Earhart's aircraft and one of only two left in the world. The two-engined plane has a maximum speed of about 200 miles an hour (320 kph).</p>
<p>Finch said Earhart believed that people did not have to live within limits set for them by society. &quot;We want to communicate the same message and we want to remind people of Amelia and what a hero she was,&quot; Finch told Reuters in a break from her hectic schedule of preparing for the flight.</p>
<p>This year is the centenary of the birth of Earhart, who became a household name in her time with her daring aviation feats, including becoming the first woman to fly solo across the Atlantic Ocean in 1932 and many other record flights.</p>
<p>Finch will be taking off exactly 60 years after Earhart. The legendary aviator took off in Oakland on March 17, 1937 on the first leg of her attempt to fly around the world. But that was called off when the plane was damaged during takeoff from Honolulu at the start of the second leg.</p>
<p>On May 20, 1937, Earhart left Oakland again, this time flying eastward. She and navigator Fred Noonan were nearing the end of the trip when they disappeared on July 2, 1937, on the leg from Lae, New Guinea, to Howland Island in the Pacific Ocean. No trace of her plane was found despite a long search. What happened to her is a mystery that historians and biographers have puzzled over ever since.</p>
<p>Finch is not the first to replicate Earhart's round-the-world flight but she is the first to use the same make and model aircraft. Several different navigators will fly with her on different legs of the journey.</p>
<p>Finch said she was very excited about the trip and had no fears about it. &quot;All my life when I have a problem, I break it down into little pieces. Today I have to do this and that's what I pay attention to. So I don't worry,&quot; she said.</p>
<p>&quot;The flying is going to be the fun part,&quot; she said. Finch, a divorcee with two grown children and an adopted 2-year-old child, owns several nursing homes and retirement communities.</p>
<p>For Finch, who has more than 20 years' experience in restoring and flying historic aircraft, Monday's takeoff is the culmination of a project that began in 1990 when she went looking for an Electra 10E. Only two existed and their owners did not want to sell. Eventually, in 1994, one owner did agree to sell, but the plane was in boxes, some parts were rusted and other parts were missing, Finch said.</p>
<p>A team worked to carefully restore the 1935 plane to replicate Earhart's Electra. It is powered by Pratt &amp; Whitney Wasp engines, the same type used by Earhart.</p>
<p>The $4.5 million &quot;World Flight&quot; project has a strong educational element. Sponsors Pratt &amp; Whitney, a subsidiary of United Technologies Corp., have distributed a free multimedia educational program to schools throughout the United States. It is designed to teach students about Earhart and to use the journey to spur their interest in science, mathematics, languages and geography.</p>
<p>Countries Finch plans to touch down in include Venezuela, Brazil, Senegal, Spain, Tunisia, Greece, Egypt, United Arab Emirates, Pakistan, India, Thailand, Indonesia, Australia and New Guinea. Finch will drop a wreath over Howland Island, the destination Earhart never reached.</p>
<p>Students and others interested can follow Finch's progress on the Internet (http://www.worldflight.org), where they can read Finch's pilot log messages and send her electronic mail.</p>
</text>
<copyright>(c) Reuters Limited 1997</copyright>
<metadata>
<codes class="bip:countries:1.0">
  <code code="USA">
    <editdetail attribution="Reuters BIP Coding Group" action="confirmed" date="1997-03-15"/>
  </code>
</codes>
<codes class="bip:industries:1.0">
  <code code="I36400">
    <editdetail attribution="Reuters BIP Coding Group" action="confirmed" date="1997-03-15"/>
  </code>
</codes>
<codes class="bip:topics:1.0">
  <code code="C32">
    <editdetail attribution="Reuters BIP Coding Group" action="confirmed" date="1997-03-15"/>
  </code>
  <code code="CCAT">
    <editdetail attribution="Reuters BIP Coding Group" action="confirmed" date="1997-03-15"/>
  </code>
  <code code="GCAT">
    <editdetail attribution="Reuters BIP Coding Group" action="confirmed" date="1997-03-15"/>
  </code>
</codes>
<dc element="dc.date.created" value="1997-03-15"/>
<dc element="dc.publisher" value="Reuters Holdings Plc"/>
<dc element="dc.date.published" value="1997-03-15"/>
<dc element="dc.source" value="Reuters"/>
<dc element="dc.creator.location" value="SAN FRANCISCO"/>
<dc element="dc.creator.location.country.name" value="USA"/>
<dc element="dc.source" value="Reuters"/>
</metadata>
</newsitem>
