<?xml version="1.0" encoding="iso-8859-1" ?>
<newsitem itemid="445161" id="root" date="1997-03-15" xml:lang="en">
<title>INDONESIA: Indonesia starts sending pilgrims to Saudi Arabia.</title>
<headline>Indonesia starts sending pilgrims to Saudi Arabia.</headline>
<dateline>JAKARTA 1997-03-15</dateline>
<text>
<p>Indonesia, home to the world's largest Moslem population, started a major airlift on Saturday to send 200,000 pilgrims to Saudi Arabia for the annual haj, airline and airport officials said.</p>
<p>&quot;We have started sending the pilgrims to Saudi Arabia. One flight from Jakarta Halim Perdana Kusuma airport has taken off,&quot; an airport official told Reuters.</p>
<p>An official from the state airline PT Garuda Indonesia, which transported the pilgrims, said there would be a total of 474 flights originating from six cities in Indonesia to send the people to Saudi Arabia.</p>
<p>He said the airlifts would continue until April 10 and the pilgrims would start to fly back to Indonesia on April 22.</p>
<p>The official said Garuda would use 24 wide-bodied aircraft to transport the pilgrims to Saudi Arabia.</p>
<p>Devout Moslems make the Haj, or pilgrimage to the holy Saudi city of Mecca, at least once in their lifetime.</p>
<p>Around 85 percent of Indonesia's more than 200 million people are Moslem.</p>
<p>At least 580 of Indonesia's 195,000 pilgrims died during last year's haj, most of them because of illness.</p>
</text>
<copyright>(c) Reuters Limited 1997</copyright>
<metadata>
<codes class="bip:countries:1.0">
  <code code="INDON">
    <editdetail attribution="Reuters BIP Coding Group" action="confirmed" date="1997-03-15"/>
  </code>
  <code code="SAARAB">
    <editdetail attribution="Reuters BIP Coding Group" action="confirmed" date="1997-03-15"/>
  </code>
</codes>
<codes class="bip:topics:1.0">
  <code code="GCAT">
    <editdetail attribution="Reuters BIP Coding Group" action="confirmed" date="1997-03-15"/>
  </code>
  <code code="GDIP">
    <editdetail attribution="Reuters BIP Coding Group" action="confirmed" date="1997-03-15"/>
  </code>
  <code code="GREL">
    <editdetail attribution="Reuters BIP Coding Group" action="confirmed" date="1997-03-15"/>
  </code>
</codes>
<dc element="dc.date.created" value="1997-03-15"/>
<dc element="dc.publisher" value="Reuters Holdings Plc"/>
<dc element="dc.date.published" value="1997-03-15"/>
<dc element="dc.source" value="Reuters"/>
<dc element="dc.creator.location" value="JAKARTA"/>
<dc element="dc.creator.location.country.name" value="INDONESIA"/>
<dc element="dc.source" value="Reuters"/>
</metadata>
</newsitem>
