<?xml version="1.0" encoding="iso-8859-1" ?>
<newsitem itemid="445142" id="root" date="1997-03-15" xml:lang="en">
<title>TAIWAN: Taiwan January offshore banking unit assets rise.</title>
<headline>Taiwan January offshore banking unit assets rise.</headline>
<dateline>TAIPEI 1997-03-15</dateline>
<text>
<p>The combined assets of Taiwan's 66 offshore banking units (OBU) grew 13.3 percent to hit a new high of US$36.675 billion at the end of January from a year earlier, the central bank said on Saturday.</p>
<p>About 77 percent of the assets, held by 36 local banks and 30 foreign banks, came from Asia, and the rest were from Europe and America, the bank said in a statement.</p>
<p>It added that the bank had recently approved three more OBU applications for foreign banks and one more for a local bank.</p>
<p>In January, Taiwan's OBUs reported a monthly foreign exchange turnover of US$4.817 billion, the statement said.</p>
<p>Of the derivatives operated by the OBUs, margin trading accounted for US$179 million, options took US$157 million, interest rate swaps took US$98 million, and financial futures accounted for US$82 million.</p>
<p>The government has planned to expand the OBU business as part of its scheme to become a regional financial centre. This expansion, although its size is currently unspecified, would herald some tax burden for OBUs, officials have said.</p>
<p>-- Taipei newsroom (2-5080815)</p>
</text>
<copyright>(c) Reuters Limited 1997</copyright>
<metadata>
<codes class="bip:countries:1.0">
  <code code="TAIWAN">
    <editdetail attribution="Reuters BIP Coding Group" action="confirmed" date="1997-03-15"/>
  </code>
</codes>
<codes class="bip:industries:1.0">
  <code code="I81402">
    <editdetail attribution="Reuters BIP Coding Group" action="confirmed" date="1997-03-15"/>
  </code>
</codes>
<codes class="bip:topics:1.0">
  <code code="C15">
    <editdetail attribution="Reuters BIP Coding Group" action="confirmed" date="1997-03-15"/>
  </code>
  <code code="C151">
    <editdetail attribution="Reuters BIP Coding Group" action="confirmed" date="1997-03-15"/>
  </code>
  <code code="CCAT">
    <editdetail attribution="Reuters BIP Coding Group" action="confirmed" date="1997-03-15"/>
  </code>
</codes>
<dc element="dc.date.created" value="1997-03-15"/>
<dc element="dc.publisher" value="Reuters Holdings Plc"/>
<dc element="dc.date.published" value="1997-03-15"/>
<dc element="dc.source" value="Reuters"/>
<dc element="dc.creator.location" value="TAIPEI"/>
<dc element="dc.creator.location.country.name" value="TAIWAN"/>
<dc element="dc.source" value="Reuters"/>
</metadata>
</newsitem>
