<?xml version="1.0" encoding="iso-8859-1" ?>
<newsitem itemid="445154" id="root" date="1997-03-15" xml:lang="en">
<title>MALAYSIA: Malaysia's end-Feb palm oil stocks 722,993 tonnes.</title>
<headline>Malaysia's end-Feb palm oil stocks 722,993 tonnes.</headline>
<dateline>KUALA LUMPUR 1997-03-15</dateline>
<text>
<p>Malaysia's palm oil stocks rose 3.81 percent to 722,993 tonnes at end-February from 696,487 at end-January and compared with 727,257 at end-Februry 1996, the Palm Oil Registration and Licensing Authority (PORLA) said on Saturday.  </p>
<p>Stocks of crude palm oil were 400,864 tonnes, against 356,279 at end-January and 406,782 a year earlier. Processed palm oil stocks totalled 322,129 tonnes compared with 340,208 and 320,475 respectively, PORLA said.</p>
<p>Stocks of crude palm kernel oil were 40,077 tonnes at end-February against 47,421 at end-January and 31,723 at end-February 1996. Processed palm kernel oil stocks were 59,699 tonnes compared with 49,768 and 44,207 respectively.</p>
<p>-- Kuala Lumpur newsroom (603-230-8911)</p>
</text>
<copyright>(c) Reuters Limited 1997</copyright>
<metadata>
<codes class="bip:countries:1.0">
  <code code="MALAY">
    <editdetail attribution="Reuters BIP Coding Group" action="confirmed" date="1997-03-15"/>
  </code>
</codes>
<codes class="bip:industries:1.0">
  <code code="I41100">
    <editdetail attribution="Reuters BIP Coding Group" action="confirmed" date="1997-03-15"/>
  </code>
</codes>
<codes class="bip:topics:1.0">
  <code code="C21">
    <editdetail attribution="Reuters BIP Coding Group" action="confirmed" date="1997-03-15"/>
  </code>
  <code code="CCAT">
    <editdetail attribution="Reuters BIP Coding Group" action="confirmed" date="1997-03-15"/>
  </code>
  <code code="M14">
    <editdetail attribution="Reuters BIP Coding Group" action="confirmed" date="1997-03-15"/>
  </code>
  <code code="M141">
    <editdetail attribution="Reuters BIP Coding Group" action="confirmed" date="1997-03-15"/>
  </code>
  <code code="MCAT">
    <editdetail attribution="Reuters BIP Coding Group" action="confirmed" date="1997-03-15"/>
  </code>
</codes>
<dc element="dc.date.created" value="1997-03-15"/>
<dc element="dc.publisher" value="Reuters Holdings Plc"/>
<dc element="dc.date.published" value="1997-03-15"/>
<dc element="dc.source" value="Reuters"/>
<dc element="dc.creator.location" value="KUALA LUMPUR"/>
<dc element="dc.creator.location.country.name" value="MALAYSIA"/>
<dc element="dc.source" value="Reuters"/>
</metadata>
</newsitem>
