<?xml version="1.0" encoding="iso-8859-1" ?>
<newsitem itemid="445168" id="root" date="1997-03-15" xml:lang="en">
<title>ISRAEL: Arafat in world appeal to scrap Israel settlement.</title>
<headline>Arafat in world appeal to scrap Israel settlement.</headline>
<byline>Sami Aboudi</byline>
<dateline>GAZA 1997-03-15</dateline>
<text>
<p>Palestinian President Yasser Arafat said on Saturday a meeting of Middle East peace sponsors had helped protect regional peacemaking threatened by Israeli settlement plans for Jerusalem.</p>
<p>But the PLO chairman gave few details of how the three-hour-long conference, which Israel dismissed as a stunt to grab world attention, had achieved this.</p>
<p>Arafat summoned diplomats from the United States, the European Union, Russia, Japan and Arab countries after Israel forged ahead with plans to begin building a settlement between Arab East Jerusalem and Bethlehem next week.</p>
<p>The housing at Jabal Abu Ghneim, or Har Homa in Hebrew, completes the ring of concrete that Israel has erected around Jerusalem since capturing the city's eastern half in the 1967 Six-Day War.</p>
<p>Asked how Palestinians would react when Israel sent in the bulldozers Arafat said: &quot;I don't know. Ask the Palestinian masses.&quot;</p>
<p>Israeli Internal Security Minister Avigdor Kahalani said Israel was ready for any possible explosion. &quot;The battle for Jerusalem is not just any battle,&quot; Kahalani told Army radio. &quot;If they (Palestinians) try to escalate the situation, the State of Israel has the tools to respond.&quot;</p>
<p>Western officials have been working to prevent the political crisis spilling onto the streets in a repetition of last September's protests against Israeli moves in East Jerusalem. Sixty-one Palestinians and 15 Israeli soldiers were killed in gunbattles then.</p>
<p>&quot;What we are facing today from settlements in holy Jerusalem and in the rest of the Palestinian territories is a plan to destroy the peace process,&quot; Arafat said in Arabic.</p>
<p>Arafat said the conference had &quot;helped to protect the peace process&quot; but he did not elaborate.</p>
<p>Israeli Foreign Minister David Levy blasted the conference as an attempt to avoid direct talks.</p>
<p>&quot;I hope that this attempt to flee from negotiations and to drag in international actors in place of the good process we started will stop,&quot; Levy told Israel Channel One television.</p>
<p>U.S. Consul General Edward Abington said he would relay Arafat's concerns to Washington but stressed that the Gaza forum was not a substitute for direct Israeli-PLO talks.</p>
<p>&quot;The United States considers the primary vehicle for solving problems in the Middle East to be direct negotiations. We do not see this as a new mechanism,&quot; Abington told reporters.</p>
<p>He said he had suggested that Israel and the PLO press ahead with talks to implement their Oslo self-rule deal within the framework of a U.S.-brokered accord on Hebron in January.</p>
<p>U.S. representation at the meeting over Israeli objections reflected Washington's disapproval of the settlement plan.</p>
<p>&quot;I call upon the Israeli government to retract its settlement decisions and give the peace process the opportunity it deserves,&quot; Arafat said.</p>
<p>But Cabinet Secretary Danny Naveh reaffirmed Israel's determination to break ground on the pine-covered hill.</p>
<p>&quot;The prime minister made clear that work on Har Homa will begin next week,&quot; Naveh told Israel television. &quot;If we bow to threats we will be unable to build in our capital in Jerusalem.&quot;</p>
<p>Israel views all of Jerusalem as its &quot;eternal&quot; capital. The PLO wants the Arab east as the capital of a future state.</p>
<p>Naveh accused Arafat of trying &quot;to create an atmosphere of crisis that may bring imminent violence.&quot;</p>
<p>The killing of seven Israeli schoolgirls by a lone Jordanian soldier on Thursday diverted much of the criticism Israel has faced over the plan. Some Israeli ministers said Arab warnings of crisis and violence were a factor in Thursday's shooting.</p>
<p>Jordan's King Hussein, who expressed shame and shock at the attack, was due in Israel on Sunday to deliver condolences to the bereaved Israeli families.</p>
</text>
<copyright>(c) Reuters Limited 1997</copyright>
<metadata>
<codes class="bip:countries:1.0">
  <code code="ISRAEL">
    <editdetail attribution="Reuters BIP Coding Group" action="confirmed" date="1997-03-15"/>
  </code>
</codes>
<codes class="bip:topics:1.0">
  <code code="GCAT">
    <editdetail attribution="Reuters BIP Coding Group" action="confirmed" date="1997-03-15"/>
  </code>
  <code code="GDIP">
    <editdetail attribution="Reuters BIP Coding Group" action="confirmed" date="1997-03-15"/>
  </code>
  <code code="GPOL">
    <editdetail attribution="Reuters BIP Coding Group" action="confirmed" date="1997-03-15"/>
  </code>
</codes>
<dc element="dc.date.created" value="1997-03-15"/>
<dc element="dc.publisher" value="Reuters Holdings Plc"/>
<dc element="dc.date.published" value="1997-03-15"/>
<dc element="dc.source" value="Reuters"/>
<dc element="dc.creator.location" value="GAZA"/>
<dc element="dc.creator.location.country.name" value="ISRAEL"/>
<dc element="dc.source" value="Reuters"/>
</metadata>
</newsitem>
