<?xml version="1.0" encoding="iso-8859-1" ?>
<newsitem itemid="445160" id="root" date="1997-03-15" xml:lang="en">
<title>TAIWAN: Taiwan stocks notch 6-yr high as electronics soar.</title>
<headline>Taiwan stocks notch 6-yr high as electronics soar.</headline>
<dateline>TAIPEI 1997-03-15</dateline>
<text>
<p>Taiwan share prices edged up slightly to yet another six-year high on Saturday, spurred by strong buying interest in fundamentals-backed electronic shares, Taiwan's brokers said.</p>
<p>The weighted index closed a scant 15.74 points or 0.19 percent higher at 8,291.31, largely on the strength of a 2.55 percent surge in the electronics sector.</p>
<p>Saturday's close surpassed the 8,275.57 finish on March 14 to marked the index's highest close since it reached 8,569.55 on May 15, 1990. Turnover was hectic at T$137.9 billion in the abbreviated two-hour weekend session.  </p>
<p>&quot;Electronics were the stars of the day,&quot; said George Hou, a fund manager for Jardine Fleming.</p>
<p>&quot;Buying interest came from both institutional and individual investors who believe electronics companies will show strong performance during the second quarter,&quot; Hou said.</p>
<p>Semiconductor issue United Micro, gained T$1.6 or 3.27 percent to T$50.5 in active trade. Computer giant Acer Inc rose by T$3 or 4.48 percent to T$70.</p>
<p>But shipping shares -- which had risen recently on growing hopes of imminent direct sailings between Taiwan and China to end a ban dating to 1949 -- ended lower on profit-taking.  </p>
<p>Yang Ming Marine, widely tipped to be a China shipping pioneer, lost 80 cents or 1.96 percent to T$40.1.</p>
<p>Brokers saw more room for further gains next week, but noted the index would soon approach its resistance of 8,450 points.</p>
<p>&quot;Sentiment will be cautious next week,&quot; said Hou of Jardine Fleming.</p>
<p>Political tensions arisng from a controversial March 22-27 visit by Tibet's exiled spiritual leader, the Dalai Lama, were likely to drive investors to the sidelines, brokers said.</p>
<p>&quot;People are worried about the impact of the Dalai Lama's visit. No one can predict mainland China's reaction,&quot; Hou said.</p>
</text>
<copyright>(c) Reuters Limited 1997</copyright>
<metadata>
<codes class="bip:countries:1.0">
  <code code="TAIWAN">
    <editdetail attribution="Reuters BIP Coding Group" action="confirmed" date="1997-03-15"/>
  </code>
</codes>
<codes class="bip:topics:1.0">
  <code code="M11">
    <editdetail attribution="Reuters BIP Coding Group" action="confirmed" date="1997-03-15"/>
  </code>
  <code code="MCAT">
    <editdetail attribution="Reuters BIP Coding Group" action="confirmed" date="1997-03-15"/>
  </code>
</codes>
<dc element="dc.date.created" value="1997-03-15"/>
<dc element="dc.publisher" value="Reuters Holdings Plc"/>
<dc element="dc.date.published" value="1997-03-15"/>
<dc element="dc.source" value="Reuters"/>
<dc element="dc.creator.location" value="TAIPEI"/>
<dc element="dc.creator.location.country.name" value="TAIWAN"/>
<dc element="dc.source" value="Reuters"/>
</metadata>
</newsitem>
