<?xml version="1.0" encoding="iso-8859-1" ?>
<newsitem itemid="445144" id="root" date="1997-03-15" xml:lang="en">
<title>HONG KONG: WEEK AHEAD - U.S. seen dictating Asian stock moves.</title>
<headline>WEEK AHEAD - U.S. seen dictating Asian stock moves.</headline>
<dateline>HONG KONG 1997-03-15</dateline>
<text>
<p>Concerns about a U.S. interest rate rise will rule Asian stock markets in the coming week, following sharp moves by the Dow Industrials on economic data last week, traders said.</p>
<p>New York stocks jumped 57 points to 6,935.46 on Friday after sliding 160 points to 6,878.89 on Thursday. A subdued U.S. wholesale price report on Friday helped to settle inflationary fears roused by a stronger than expected retail sales figure for February on Thursday.</p>
<p>Asian stocks responded nervously, with Hong Kong shedding 180.56 points or 1.4 percent to end at 12,736.53 on Friday. Dealers said some markets can expect to gain on the back of Friday's U.S. recovery, but others will continue to suffer from a general outflow of institutional money from Asia.</p>
<p>&quot;There's been net outflows of cash from Asia, and that money seems to be going to more attractive markets,&quot; said one head trader. &quot;Taiwan's the only place with an earnings story but it's a local market.&quot;</p>
<p>Beneficiaries from the Asian outflow continue to be Latin America and Eastern Europe, he said.</p>
<p>- - - -</p>
<p>TOKYO - Japanese stocks are likely to see limited upside this coming week, with the market remaining wary of an uncertain economic outlook for the start of a new financial year in April.</p>
<p>Market participants are also waiting to see if there will be any government measures to boost real estate liquidity, which would help prop up Japan's sluggish economy.</p>
<p>On Friday, the Nikkei 225 average finished at 17,923.64, down 275.1 points, or 1.51 percent, from its closing on March 7.</p>
<p>&quot;We are anxious to see if the market can head up after the SQ,&quot; said Kenji Karikomi, a deputy general manager at Daiwa Securities Co Ltd.</p>
<p>Brokers said they would pay close attention to government policies to support the real estate market.</p>
<p>&quot;Positive and negative aspects of the outlook for government policies have been mixed so far, but worries are slightly stronger now,&quot; said Akihiro Naemura, a strategist at Okasan Securities Co Ltd.</p>
<p>&quot;Until some policies are unveiled, bank and construction shares cannot perk up,&quot; said a second-tier brokerage analyst.</p>
<p>- - - -</p>
<p>HONG KONG - Gains for Hong Kong stocks may be capped in the coming week with many investors on the sidelines awaiting corporate earnings results, analysts and brokers said.</p>
<p>&quot;Sentiment will continue to be cautious in the coming week, although we could see a rebound at the beginning of the week,&quot; said Edward Chan, head of research at Amsteel Securities.</p>
<p>The Hang Seng Index plunged more than 280 points on Friday before recovering to end 180 points lower at 12,736.53. Turnover was a frothy HK$12.52 billion. Over the week, the index lost a total of 600.82 points, or 4.50 pct. Turnover averaged HK$12.23 billion a day.</p>
<p>&quot;Interest rate worries are a bit overdone, but many investors may stay on the sidelines until the end of the month,&quot; added Chan.</p>
<p>- - - -</p>
<p>TAIPEI - Taiwan share prices were expected to inch cautiously higher next week after reaching a fresh six-year high on Saturday, brokers said.</p>
<p>Taiwan's index soared to 8,291.31, up 108.87 points or 1.33 percent against last Saturday's close of 8,182.44.</p>
<p>Strong buying in electronics shares was behind the rally, but brokers warned the index was quickly approaching resistance at 8,450 points.</p>
<p>&quot;Sentiment will be cautious next week,&quot; said George Hou, a fund manager at Jardine Fleming.</p>
<p>A hotly-contested county by-election and the upcoming visit by Tibet's exiled spiritual leader, the Dalai Lama, could weigh on sentiment in the coming week, brokers said.</p>
<p>The Dalai Lama's planned six-day visit to Taiwan beginning on March 22 is likely to draw angry protests from Beijing, which maintains that Taiwan's leaders and the exiled Tibetan god-king seek Taiwan's and Tibet's independence from China.</p>
<p>&quot;People will step back a bit next week in the wake of the two uncertain factors, but the market should find strong support at the 8,000-point level,&quot; said Eric Liu, analyst for National Securities.</p>
<p>- - - -</p>
<p>BANGKOK - The Stock Exchange of Thailand (SET) index is expected to retreat slightly next week on worries about the future success of Thailand's first batch of zero-coupon bonds, aimed at helping out the country's beleaguered property sector.</p>
<p>&quot;Some investors are starting to ask questions whether the scheme would function smoothly when it starts operating. These investors are likely to sell next week,&quot; said Kasem Prunratanamala, analyst at James Capel Asia.</p>
<p>The first tranche of the 100 billion baht zero-coupon bonds is expected in April.</p>
<p>Brokers said Thai investors, already under pressure from high domestic rates, would also be cautious ahead of the March 25 meeting of the U.S. Federal Open Market Committee.</p>
<p>&quot;Investors are a bit worried that the U.S. Fed would raise its interest rates because any increase would affect the rates in Thailand,&quot; said Kasem.</p>
<p>The SET index rose 0.5 percent in the week to 694.91 points on Friday from a week ago.</p>
<p>- - - -</p>
<p>JAKARTA - Jakarta share prices are expected to be mixed next week but trading would be relatively slow amid concerns of a possible U.S. interest rate hike, brokers said.</p>
<p>Possible further bargain-hunting in banking stocks and the expected announcement of 1996 corporate results could boost the overall market sentiment, they said.</p>
<p>On Friday, the Jakarta Composite Index closed 3.15 points lower at 666.84 points on Friday, against the previous week's close of 683.81 points.</p>
<p>- - - -</p>
<p>KUALA LUMPUR - Malaysian shares are likely to extend their consolidation into next week although bargain hunting in selected stocks may limit losses, dealers said.</p>
<p>&quot;It will be a bit volatile next week with direction of the Dow still very much uncertain,&quot; said one institutional dealer with a local firm. He said fears of a U.S. interest rate hike would continue to limit participation from funds.</p>
<p>Dealers said with institutions likely to keep to the sidelines, the market would continue to focus on retail interest in small-capitalised second board stocks.</p>
<p>For the week, the benchmark Composite Index of 100 large-capitalised stocks closed down 8.74 points to 1,242.47 against 1,251.21 the previous week.</p>
<p>- - - -</p>
<p>MANILA - Wall Street's interest rate jitters will dictate the direction of Manila shares next week, traders said.</p>
<p>&quot;We will essentially be a slave to the performance of the Dow which would in turn depend on how big the fear is of an interest rate hike in the U.S.,&quot; said Felix Barrientos, dealer at ING Baring Securities (Phils) Inc.</p>
<p>Traders said if the Dow dips further, it may be a signal that foreign funds are moving back to the region. Otherwise, trading will still centre on second and thirdliners.</p>
<p>The main index closed at 3,234.79 points on Friday, 51.66 points, or 1.57 percent lower than the previous week's 3,286.45.</p>
<p>- - - -</p>
<p>SINGAPORE - Singapore shares were likely to slip further over the coming week with blue chip companies expected to continue disappointing the market with lacklustre results, dealers said.</p>
<p>&quot;In the short term, there's not a lot of good news to lift the market,&quot; said a dealer with a local firm.</p>
<p>First quarter domestic export figures due next week were unlikely to show the hoped-for economic recovery to be in full swing, brokers said.</p>
<p>The benchmark Straits Times Industrial index ended at 2,135.46 Friday -- a new low for 1997 -- down 42.81 points over last week's close.</p>
<p>- - - -</p>
<p>SEOUL - Seoul shares could see a brief technical rebound next week, but the mid-term outlook for the market remained poor, brokers said.</p>
<p>&quot;The economic environment is full of bad news, making it hard for the KOSPI to maintain any uptrend,&quot; said Kevin Choi, a fund manager at Seoul Investment Trust Co.</p>
<p>Poor fundamentals include high interest rates, a faltering won, fears of tightening liquidity and a slowing economy.</p>
<p>The Seoul index closed at 641.83 on Saturday, 33.24 points or 4.9 percent weaker than last Saturday's close of 675.07.</p>
<p>- - - -</p>
<p>SYDNEY - Australian shares were seen nervous in the near-term with attention now firmly focused on Wall Street.</p>
<p>The All Ordinaries index closed down 1.2 percent on Friday at 2,423.2, and down 0.6 percent over the week. All eyes were on U.S. markets as traders waited to see if U.S. interest rate fears would abate.</p>
<p>&quot;If sentiment does remain negative in the short term, then you may see a bit of an overreaction on the downside before the market stabilises,&quot; said Derek Bond, director at brokerage Burrell and Co.</p>
<p>- - - -</p>
<p>WELLINGTON - New Zealand shares tumbled on heavy volume on Friday as Wall Street's sharp fall unsettled an already fragile market.</p>
<p>John Rattray of brokers Ord Minnett said international investors were currently net sellers of New Zealand equities and the outlook was poor.</p>
<p>&quot;I think this market is going through a very awkward stage,&quot; he said.</p>
<p>The NZSE-40 capital index closed 24.39 points or 1.08 percent lower on the day at 2,226.60, its lowest finish since October 10. The index has fallen 62.26 points or 2.72 percent in the past week.</p>
<p>- - - -</p>
<p>BOMBAY - Indian shares are expected to recover next week but buyers will be watching a crucial budget debate in parliament, traders said.</p>
<p>&quot;The market's overbought positions are pretty much squared up,&quot; said Ramesh Damani, a member-broker of the Bombay Stock Exchange (BSE). &quot;The bull run should now resume.&quot;</p>
<p>The minority coalition government faces a tough task piloting a pro-business 1997/98 (April-March) budget presented to parliament on February 28, traders said.</p>
<p>The BSE index lost 130.73 points, or 3.4 percent, to 3,745.31 this week after rallying 16 percent since the budget.</p>
<p>- - - -</p>
<p>DHAKA - Dhaka stocks suffered heavily before bouncing back in response to a central bank move to offer credit to investors in the capital market and analysts said the market may attract fresh investments.</p>
<p>&quot;We expect fresh commitments from Sunday as the ICB (state-owned institutional brokerage) has raised credit to small investors. The central bank has also asked commercial banks to double bank loans to the investors,&quot; said one broker.</p>
<p>The market experienced some recovery on Tuesday and Wednesday and the trend may continue next week. The DSE benchmark index lost 82.88 points to close at 1,523.67 in the week to Thursday.</p>
<p>--  Hong Kong Newsroom (852) 2843 6441</p>
</text>
<copyright>(c) Reuters Limited 1997</copyright>
<metadata>
<codes class="bip:countries:1.0">
  <code code="AUSTR">
    <editdetail attribution="Reuters BIP Coding Group" action="confirmed" date="1997-03-15"/>
  </code>
  <code code="BANDH">
    <editdetail attribution="Reuters BIP Coding Group" action="confirmed" date="1997-03-15"/>
  </code>
  <code code="HKONG">
    <editdetail attribution="Reuters BIP Coding Group" action="confirmed" date="1997-03-15"/>
  </code>
  <code code="INDIA">
    <editdetail attribution="Reuters BIP Coding Group" action="confirmed" date="1997-03-15"/>
  </code>
  <code code="INDON">
    <editdetail attribution="Reuters BIP Coding Group" action="confirmed" date="1997-03-15"/>
  </code>
  <code code="JAP">
    <editdetail attribution="Reuters BIP Coding Group" action="confirmed" date="1997-03-15"/>
  </code>
  <code code="MALAY">
    <editdetail attribution="Reuters BIP Coding Group" action="confirmed" date="1997-03-15"/>
  </code>
  <code code="NZ">
    <editdetail attribution="Reuters BIP Coding Group" action="confirmed" date="1997-03-15"/>
  </code>
  <code code="PHLNS">
    <editdetail attribution="Reuters BIP Coding Group" action="confirmed" date="1997-03-15"/>
  </code>
  <code code="SINGP">
    <editdetail attribution="Reuters BIP Coding Group" action="confirmed" date="1997-03-15"/>
  </code>
  <code code="SKOREA">
    <editdetail attribution="Reuters BIP Coding Group" action="confirmed" date="1997-03-15"/>
  </code>
  <code code="TAIWAN">
    <editdetail attribution="Reuters BIP Coding Group" action="confirmed" date="1997-03-15"/>
  </code>
  <code code="THAIL">
    <editdetail attribution="Reuters BIP Coding Group" action="confirmed" date="1997-03-15"/>
  </code>
</codes>
<codes class="bip:topics:1.0">
  <code code="M11">
    <editdetail attribution="Reuters BIP Coding Group" action="confirmed" date="1997-03-15"/>
  </code>
  <code code="MCAT">
    <editdetail attribution="Reuters BIP Coding Group" action="confirmed" date="1997-03-15"/>
  </code>
</codes>
<dc element="dc.date.created" value="1997-03-15"/>
<dc element="dc.publisher" value="Reuters Holdings Plc"/>
<dc element="dc.date.published" value="1997-03-15"/>
<dc element="dc.source" value="Reuters"/>
<dc element="dc.creator.location" value="HONG KONG"/>
<dc element="dc.creator.location.country.name" value="HONG KONG"/>
<dc element="dc.source" value="Reuters"/>
</metadata>
</newsitem>
