<?xml version="1.0" encoding="iso-8859-1" ?>
<newsitem itemid="445109" id="root" date="1997-03-15" xml:lang="en">
<title>BAHAMAS: Bahamas incumbent grateful for huge victory.</title>
<headline>Bahamas incumbent grateful for huge victory.</headline>
<byline>Athena Damianos</byline>
<dateline>NASSAU, Bahamas 1997-03-15</dateline>
<text>
<p>Supporters of the Bahamas' ruling party danced in the streets on Saturday to celebrate their overwhelming election victory, as the party's leader and his principle opponent traded jibes about campaign spending.</p>
<p>Prime Minister Hubert Ingraham's Free National Movement (FNM) took 34 out of 40 seats in the archipelago nation's parliament, according to results released on Friday night by state election officials, trouncing the Progressive Liberal Party (PLP), led by former prime minister and Bahamian independence leader Sir Lynden Pindling.</p>
<p>But even as he stood in the midst of thousands of gleeful supporters during an overnight victory celebration, Ingraham expressed disappointment with charges by his rival that the FNM's huge victory was the result of massive campaign spending.</p>
<p>&quot;I was disappointed that he could not be gracious in defeat. It hurts me and pains me that someone who has been in office for as long as he has cannot accept that the population of the Bahamas can say no to him,&quot; he told reporters.</p>
<p>Ingraham, a 49-year-old lawyer, was a former protege of Pindling. He quit the PLP in 1984 after opposing corruption.</p>
<p>Pindling, 67, led the Bahamas to majority rule in 1967 and independence from Britain in 1973, and his policies helped to create a large black middle class. But his reputation was badly tarnished by corruption allegations and he suffers from prostate cancer. He was one of the few FNM candidates who retained his seat in Friday's vote.</p>
<p>Pindling had told the press after learning of the PLP defeat on Friday night that he would have to consult with other members of his party about what he termed &quot;a massive amount of (FNM) money in circulation&quot; on the islands of Abaco, Eleuthra, Cat Island and Exuma.</p>
<p>Ingraham denied the charge and said that, on the contrary, his campaign had cut back its spending during the last days of the campaign because he feared the FNM would capture all 40 seats in parliament, a development he said would be risky for the nation's democracy.</p>
<p>The Bahamas, home to about 254,000 people, is a chain of islands in the Atlantic Ocean east of Florida and the Caribbean. About 130,000 Bahamians are registered to vote, and it was estimated that turnout on Friday had been at about the 90 percent typical in the nation's elections.</p>
<p>The PLP's overwhelming defeat raised immediate questions about Pindling's status as the party's leader. Pindling acknowledged that the party would have to rebuild.</p>
<p>Asked if he had a preference for a successor, he said, &quot;Let's take one step at a time. And it wouldn't be a question of preference, it would be a question of choice by others.&quot;</p>
<p>The FNM had campaigned on its record since 1992, saying its government had opened markets, improved the islands' infrastructure, revitalized tourism and created 14,000 new jobs.</p>
<p>Ingraham said fighting poverty, bad housing and crime should be priority items during the FNM's second term in office. He was expected to name his new cabinet on Wednesday.</p>
</text>
<copyright>(c) Reuters Limited 1997</copyright>
<metadata>
<codes class="bip:countries:1.0">
  <code code="BAH">
    <editdetail attribution="Reuters BIP Coding Group" action="confirmed" date="1997-03-15"/>
  </code>
</codes>
<codes class="bip:topics:1.0">
  <code code="GCAT">
    <editdetail attribution="Reuters BIP Coding Group" action="confirmed" date="1997-03-15"/>
  </code>
  <code code="GPOL">
    <editdetail attribution="Reuters BIP Coding Group" action="confirmed" date="1997-03-15"/>
  </code>
  <code code="GVOTE">
    <editdetail attribution="Reuters BIP Coding Group" action="confirmed" date="1997-03-15"/>
  </code>
</codes>
<dc element="dc.date.created" value="1997-03-15"/>
<dc element="dc.publisher" value="Reuters Holdings Plc"/>
<dc element="dc.date.published" value="1997-03-15"/>
<dc element="dc.source" value="Reuters"/>
<dc element="dc.creator.location" value="NASSAU, Bahamas"/>
<dc element="dc.creator.location.country.name" value="BAHAMAS"/>
<dc element="dc.source" value="Reuters"/>
</metadata>
</newsitem>
