<?xml version="1.0" encoding="iso-8859-1" ?>
<newsitem itemid="445146" id="root" date="1997-03-15" xml:lang="en">
<title>MALAYSIA: Malaysia Smelting says deposits found.</title>
<headline>Malaysia Smelting says deposits found.</headline>
<dateline>KUALA LUMPUR 1997-03-15</dateline>
<text>
<p>Malaysia Smelting Corp Bhd said a preliminary draft feasibility report had confirmed the existence of polymetallic deposits at the Mount Pleasant mine in Canada.</p>
<p>The mine is owned by Adex Mining Corp, with which Malaysia Smelting signed an investment agreement in April 1996.</p>
<p>Malaysia Smelting said in a statement that Adex was currently reviewing various recommendations made by independent mining consultant, Kvaerner Metals Davy Ltd, to further assess the bankability of the proposed mine development, including evaluation of toll smelting versus on-site indium production.</p>
<p>The final Kvaerner Metals report was expected to be delivered by mid-April, it said.</p>
<p>Under the investment agreement, Malaysia Smelting was to subscribe for 8.7 million shares in Adex, of which 3.7 million ringgit from the proceeds would be used to fund the Mount Pleasant feasibility study.</p>
<p>On completion and acceptance of the study, Malaysia Smelting had the option to further subscribe up to 113.04 million shares amounting to 48 million ringgit which would give it 51 percent control of Adex.</p>
<p>-- Kuala Lumpur newsroom (603-230 8911)</p>
</text>
<copyright>(c) Reuters Limited 1997</copyright>
<metadata>
<codes class="bip:countries:1.0">
  <code code="CANA">
    <editdetail attribution="Reuters BIP Coding Group" action="confirmed" date="1997-03-15"/>
  </code>
  <code code="MALAY">
    <editdetail attribution="Reuters BIP Coding Group" action="confirmed" date="1997-03-15"/>
  </code>
</codes>
<codes class="bip:industries:1.0">
  <code code="I21000">
    <editdetail attribution="Reuters BIP Coding Group" action="confirmed" date="1997-03-15"/>
  </code>
  <code code="I22471">
    <editdetail attribution="Reuters BIP Coding Group" action="confirmed" date="1997-03-15"/>
  </code>
</codes>
<codes class="bip:topics:1.0">
  <code code="C24">
    <editdetail attribution="Reuters BIP Coding Group" action="confirmed" date="1997-03-15"/>
  </code>
  <code code="CCAT">
    <editdetail attribution="Reuters BIP Coding Group" action="confirmed" date="1997-03-15"/>
  </code>
</codes>
<dc element="dc.date.created" value="1997-03-15"/>
<dc element="dc.publisher" value="Reuters Holdings Plc"/>
<dc element="dc.date.published" value="1997-03-15"/>
<dc element="dc.source" value="Reuters"/>
<dc element="dc.creator.location" value="KUALA LUMPUR"/>
<dc element="dc.creator.location.country.name" value="MALAYSIA"/>
<dc element="dc.source" value="Reuters"/>
</metadata>
</newsitem>
