<?xml version="1.0" encoding="iso-8859-1" ?>
<newsitem itemid="445175" id="root" date="1997-03-15" xml:lang="en">
<title>JORDAN: Jordan parliament ends session ahead of elections.</title>
<headline>Jordan parliament ends session ahead of elections.</headline>
<dateline>AMMAN 1997-03-15</dateline>
<text>
<p>Jordan's parliament will convene its last session on Wednesday ahead of multi-party national elections due next November, officials said on Saturday.</p>
<p>They said King Hussein issued a royal decree on Saturday ending parliament's current ordinary session on March 19.</p>
<p>This year's elections will be the third since King Hussein set in motion a democratisation process in 1989 after nearly 40 years of absolute rule.</p>
</text>
<copyright>(c) Reuters Limited 1997</copyright>
<metadata>
<codes class="bip:countries:1.0">
  <code code="JORDAN">
    <editdetail attribution="Reuters BIP Coding Group" action="confirmed" date="1997-03-15"/>
  </code>
</codes>
<codes class="bip:topics:1.0">
  <code code="GCAT">
    <editdetail attribution="Reuters BIP Coding Group" action="confirmed" date="1997-03-15"/>
  </code>
  <code code="GPOL">
    <editdetail attribution="Reuters BIP Coding Group" action="confirmed" date="1997-03-15"/>
  </code>
  <code code="GVOTE">
    <editdetail attribution="Reuters BIP Coding Group" action="confirmed" date="1997-03-15"/>
  </code>
</codes>
<dc element="dc.date.created" value="1997-03-15"/>
<dc element="dc.publisher" value="Reuters Holdings Plc"/>
<dc element="dc.date.published" value="1997-03-15"/>
<dc element="dc.source" value="Reuters"/>
<dc element="dc.creator.location" value="AMMAN"/>
<dc element="dc.creator.location.country.name" value="JORDAN"/>
<dc element="dc.source" value="Reuters"/>
</metadata>
</newsitem>
