<?xml version="1.0" encoding="iso-8859-1" ?>
<newsitem itemid="445135" id="root" date="1997-03-15" xml:lang="en">
<title>SINGAPORE: UOB to start asset management in Malaysia.</title>
<headline>UOB to start asset management in Malaysia.</headline>
<dateline>SINGAPORE 1997-03-15</dateline>
<text>
<p>The United Overseas Bank Group said on Saturday it will start joint venture fund management operations in Malaysia on Monday.</p>
<p>It said in a statement that UOB-OSK Asset Management Sdn Bhd was a venture between UOB Asset Management Ltd (UOBAM) and O.S.K. Holdings Bhd, a Kuala Lumpur-listed stockbroking house.</p>
<p>UOBAM holds a 70 percent stake in the venture, while O.S.K Holdings has 30 percent equity.</p>
<p>UOB-OSK will apply to be among the ten joint-venture foreign fund companies to be licenced by the Malaysian Securities Commission to manage domestic unit trust funds, it said.</p>
<p>--Singapore newsroom (65 8703080)</p>
</text>
<copyright>(c) Reuters Limited 1997</copyright>
<metadata>
<codes class="bip:countries:1.0">
  <code code="MALAY">
    <editdetail attribution="Reuters BIP Coding Group" action="confirmed" date="1997-03-15"/>
  </code>
  <code code="SINGP">
    <editdetail attribution="Reuters BIP Coding Group" action="confirmed" date="1997-03-15"/>
  </code>
</codes>
<codes class="bip:industries:1.0">
  <code code="I81402">
    <editdetail attribution="Reuters BIP Coding Group" action="confirmed" date="1997-03-15"/>
  </code>
  <code code="I83100">
    <editdetail attribution="Reuters BIP Coding Group" action="confirmed" date="1997-03-15"/>
  </code>
</codes>
<codes class="bip:topics:1.0">
  <code code="C11">
    <editdetail attribution="Reuters BIP Coding Group" action="confirmed" date="1997-03-15"/>
  </code>
  <code code="CCAT">
    <editdetail attribution="Reuters BIP Coding Group" action="confirmed" date="1997-03-15"/>
  </code>
</codes>
<dc element="dc.date.created" value="1997-03-15"/>
<dc element="dc.publisher" value="Reuters Holdings Plc"/>
<dc element="dc.date.published" value="1997-03-15"/>
<dc element="dc.source" value="Reuters"/>
<dc element="dc.creator.location" value="SINGAPORE"/>
<dc element="dc.creator.location.country.name" value="SINGAPORE"/>
<dc element="dc.source" value="Reuters"/>
</metadata>
</newsitem>
