<?xml version="1.0" encoding="iso-8859-1" ?>
<newsitem itemid="445143" id="root" date="1997-03-15" xml:lang="en">
<title>JAPAN: Plutonium may have leaked from Japan nuclear plant.</title>
<headline>Plutonium may have leaked from Japan nuclear plant.</headline>
<dateline>TOKYO 1997-03-15</dateline>
<text>
<p>Radioactive particles collected after an explosion at Japan's nuclear reprocessing plant indicate that plutonium may have been released into the air, officials at the plant said on Saturday.</p>
<p>However, the level of radioactive particles found was below the limit set for areas outside the plant and did not pose any risk to the environment or to living beings, they said.</p>
<p>The state-run Power Reactor and Nuclear Fuel Development Corporation (PNC) said high levels of alpha nuclide, or radioactive particles, were collected after Tuesday's explosion from filters attached to the plant ventilators.</p>
<p>Alpha nuclide is typically found in plutonium.</p>
<p>Minute amounts of plutonium in air and food enter the human body without causing major health problems, but when taken in large doses, the deadly poison can cause cancer and other serious illnesses, scientists say.</p>
<p>The explosion at the facility in Tokaimura, 160 km (100 miles) northeast of Tokyo, was caused by a fire that was not properly extinguished 10 hours earlier. The explosion allowed radiation to escape, exposing 37 workers to minor levels.</p>
<p>The PNC said late on Friday that the levels of alpha nuclide immediately after the explosion were ten times the normal level, higher than originally calculated.</p>
<p>However officials still saw no risk to living beings, and a a PNC spokesman stressed the new figures did not mean that plutonium was released into the air.</p>
<p>&quot;Alpha nuclide is found typically in plutonium, but that does not mean plutonium was actually released in the air with that explosion,&quot; the spokesman told Reuters.</p>
<p>PNC said it will conduct experiments to determine if the particles were from plutonium from their facility or other elements such as polonium or uranium.</p>
<p>Test results were expected sometime early next week, the spokesman said.</p>
<p>The Tokaimura plant is Japan's only nuclear reprocessing facility, extracting plutonium from spent nuclear fuel. In 1994, plant operators sought international help when plutonium sludge collected inside the plant's reprocessing system.</p>
<p>The plant reprocesses about 12 percent of spent nuclear fuel from Japan's 50 running commercial nuclear power plants, with the rest reprocessed at French plants.</p>
</text>
<copyright>(c) Reuters Limited 1997</copyright>
<metadata>
<codes class="bip:countries:1.0">
  <code code="JAP">
    <editdetail attribution="Reuters BIP Coding Group" action="confirmed" date="1997-03-15"/>
  </code>
</codes>
<codes class="bip:industries:1.0">
  <code code="I15000">
    <editdetail attribution="Reuters BIP Coding Group" action="confirmed" date="1997-03-15"/>
  </code>
</codes>
<codes class="bip:topics:1.0">
  <code code="C24">
    <editdetail attribution="Reuters BIP Coding Group" action="confirmed" date="1997-03-15"/>
  </code>
  <code code="CCAT">
    <editdetail attribution="Reuters BIP Coding Group" action="confirmed" date="1997-03-15"/>
  </code>
  <code code="GCAT">
    <editdetail attribution="Reuters BIP Coding Group" action="confirmed" date="1997-03-15"/>
  </code>
  <code code="GDIS">
    <editdetail attribution="Reuters BIP Coding Group" action="confirmed" date="1997-03-15"/>
  </code>
  <code code="GENV">
    <editdetail attribution="Reuters BIP Coding Group" action="confirmed" date="1997-03-15"/>
  </code>
</codes>
<dc element="dc.date.created" value="1997-03-15"/>
<dc element="dc.publisher" value="Reuters Holdings Plc"/>
<dc element="dc.date.published" value="1997-03-15"/>
<dc element="dc.source" value="Reuters"/>
<dc element="dc.creator.location" value="TOKYO"/>
<dc element="dc.creator.location.country.name" value="JAPAN"/>
<dc element="dc.source" value="Reuters"/>
</metadata>
</newsitem>
