<?xml version="1.0" encoding="iso-8859-1" ?>
<newsitem itemid="445114" id="root" date="1997-03-15" xml:lang="en">
<title>PERU: Peru's net int'l reserves fall to $8.909 billion.</title>
<headline>Peru's net int'l reserves fall to $8.909 billion.</headline>
<dateline>LIMA 1997-03-14</dateline>
<text>
<p>Peru's Central Reserve Bank said Friday its net international reserves fell $190 million to $8.909 billion on March 12 from $9.099 billion the previous week.</p>
<p>&quot;The drop was mainly due to the withdrawal of public sector deposits for the close of the Brady Plan,&quot; the bank said in its weekly report.</p>
<p>Peru closed its Brady plan debt restructuring accord with commercial creditors last week. The government financed the deal with a loan package from multilateral creditors and state funds.</p>
<p>The central bank also said its foreign exchange position, or total liquidity minus short and long-term debt obligations, was $1.753 billion on March 12.</p>
<p>Peru's reserves ended 1996 at $8.540 billion. The government estimates the country's international reserves will rise above $10 billion by mid-1998.</p>
<p>((-- Saul Hudson, Lima newsroom, 511 221-2134))</p>
</text>
<copyright>(c) Reuters Limited 1997</copyright>
<metadata>
<codes class="bip:countries:1.0">
  <code code="PERU">
    <editdetail attribution="Reuters BIP Coding Group" action="confirmed" date="1997-03-15"/>
  </code>
</codes>
<codes class="bip:topics:1.0">
  <code code="E51">
    <editdetail attribution="Reuters BIP Coding Group" action="confirmed" date="1997-03-15"/>
  </code>
  <code code="E513">
    <editdetail attribution="Reuters BIP Coding Group" action="confirmed" date="1997-03-15"/>
  </code>
  <code code="ECAT">
    <editdetail attribution="Reuters BIP Coding Group" action="confirmed" date="1997-03-15"/>
  </code>
</codes>
<dc element="dc.date.created" value="1997-03-14"/>
<dc element="dc.publisher" value="Reuters Holdings Plc"/>
<dc element="dc.date.published" value="1997-03-15"/>
<dc element="dc.source" value="Reuters"/>
<dc element="dc.creator.location" value="LIMA"/>
<dc element="dc.creator.location.country.name" value="PERU"/>
<dc element="dc.source" value="Reuters"/>
</metadata>
</newsitem>
