<?xml version="1.0" encoding="iso-8859-1" ?>
<newsitem itemid="445138" id="root" date="1997-03-15" xml:lang="en">
<title>HONG KONG: Wheelock says 70 pct of duplexes sold.</title>
<headline>Wheelock says 70 pct of duplexes sold.</headline>
<dateline>HONG KONG 1997-03-15</dateline>
<text>
<p>Wheelock and Co Ltd's property arm Wheelock Properties Ltd said 70 percent of 58 luxury duplex houses on offer at its Forest Hill development in Tai Po in the New Territories were sold on Saturday.</p>
<p>All 22 duplexes originally on offer were sold in the morning while 18 of an additional batch of 36 units found buyers, the company said in a statement.</p>
<p>It said the duplexes ranged in size from 1,842 to 3,135 square feet but did not say how much they had sold for. The company could not be reached for comment.</p>
<p>When it launched the sales on February 26, it said the duplexes were priced at HK$11.45 million and up.</p>
<p>The company also said a 1,600-square-foot simplex apartment at Forest Hill had sold for HK$10,000 per square foot.</p>
<p>-- Hong Kong Newsroom (852) 2843 6590</p>
</text>
<copyright>(c) Reuters Limited 1997</copyright>
<metadata>
<codes class="bip:countries:1.0">
  <code code="HKONG">
    <editdetail attribution="Reuters BIP Coding Group" action="confirmed" date="1997-03-15"/>
  </code>
</codes>
<codes class="bip:industries:1.0">
  <code code="I83960">
    <editdetail attribution="Reuters BIP Coding Group" action="confirmed" date="1997-03-15"/>
  </code>
  <code code="I85000">
    <editdetail attribution="Reuters BIP Coding Group" action="confirmed" date="1997-03-15"/>
  </code>
  <code code="I8500031">
    <editdetail attribution="Reuters BIP Coding Group" action="confirmed" date="1997-03-15"/>
  </code>
</codes>
<codes class="bip:topics:1.0">
  <code code="C31">
    <editdetail attribution="Reuters BIP Coding Group" action="confirmed" date="1997-03-15"/>
  </code>
  <code code="CCAT">
    <editdetail attribution="Reuters BIP Coding Group" action="confirmed" date="1997-03-15"/>
  </code>
</codes>
<dc element="dc.date.created" value="1997-03-15"/>
<dc element="dc.publisher" value="Reuters Holdings Plc"/>
<dc element="dc.date.published" value="1997-03-15"/>
<dc element="dc.source" value="Reuters"/>
<dc element="dc.creator.location" value="HONG KONG"/>
<dc element="dc.creator.location.country.name" value="HONG KONG"/>
<dc element="dc.source" value="Reuters"/>
</metadata>
</newsitem>
