<?xml version="1.0" encoding="iso-8859-1" ?>
<newsitem itemid="445121" id="root" date="1997-03-15" xml:lang="en">
<title>USA: States file suits against Vacation Break.</title>
<headline>States file suits against Vacation Break.</headline>
<dateline>FORT LAUDERDALE, Fla. 1997-03-14</dateline>
<text>
<p>Vacation Break USA Inc said Friday attorneys general in certain states had filed lawsuits against the company, alleging deceptive marketing practices of vacation packages.</p>
<p>The actions seek damages from the company and changes in the company's marketing practices, the company said.</p>
<p>Vacation Break was not immediately available to say which states had filed the actions.</p>
<p>Vacation Break said it had always attempted to comply with all federal and state laws and regulations concerning the sales of vacation packages. The company also said it had been negotiating with a number of states to resolve any disputes.</p>
<p>&quot;However, in the event that settlement efforts are unsuccessful, we are prepared to vigorously defend our business practices,&quot; president Kevin Sheehan said in a statement.</p>
<p>None of the complaints allege Vacation Break has violated any federal statutes nor regulations, the company said.</p>
</text>
<copyright>(c) Reuters Limited 1997</copyright>
<metadata>
<codes class="bip:countries:1.0">
  <code code="USA">
    <editdetail attribution="Reuters BIP Coding Group" action="confirmed" date="1997-03-15"/>
  </code>
</codes>
<codes class="bip:industries:1.0">
  <code code="I83954">
    <editdetail attribution="Reuters BIP Coding Group" action="confirmed" date="1997-03-15"/>
  </code>
  <code code="I8395449">
    <editdetail attribution="Reuters BIP Coding Group" action="confirmed" date="1997-03-15"/>
  </code>
</codes>
<codes class="bip:topics:1.0">
  <code code="C12">
    <editdetail attribution="Reuters BIP Coding Group" action="confirmed" date="1997-03-15"/>
  </code>
  <code code="C31">
    <editdetail attribution="Reuters BIP Coding Group" action="confirmed" date="1997-03-15"/>
  </code>
  <code code="CCAT">
    <editdetail attribution="Reuters BIP Coding Group" action="confirmed" date="1997-03-15"/>
  </code>
  <code code="GCAT">
    <editdetail attribution="Reuters BIP Coding Group" action="confirmed" date="1997-03-15"/>
  </code>
</codes>
<dc element="dc.date.created" value="1997-03-14"/>
<dc element="dc.publisher" value="Reuters Holdings Plc"/>
<dc element="dc.date.published" value="1997-03-15"/>
<dc element="dc.source" value="Reuters"/>
<dc element="dc.creator.location" value="FORT LAUDERDALE, Fla."/>
<dc element="dc.creator.location.country.name" value="USA"/>
<dc element="dc.source" value="Reuters"/>
</metadata>
</newsitem>
