<?xml version="1.0" encoding="iso-8859-1" ?>
<newsitem itemid="445122" id="root" date="1997-03-15" xml:lang="en">
<title>USA: American Air labor talks to continue.</title>
<headline>American Air labor talks to continue.</headline>
<dateline>NEW YORK 1997-03-14</dateline>
<text>
<p>Talks between American Airlines and its pilots are expected to continue throughout the weekend, both sides said Friday after resuming contract talks for the first time in four weeks.</p>
<p>A spokesman for the Allied Pilots Association said &quot;talks are expected to continue throughout the weekend at the discretion of Robert Harris.&quot;</p>
<p>Harris is the head of the Presidential Emergency Board (PEB) that the White House created on Feb. 15 shortly after the pilots went on strike to resolve the contract dispute between the nation's second largest airline and its 9,300 pilots. American is a unit of AMR Corp.</p>
<p>Harris is to submit the board's report to President Clinton on March 17.</p>
<p>APA president James Sovich said earlier in the week that the union and American would try to reach an agreement before the PEB submits its report to Clinton.</p>
<p>The talks could go into next week if the PEB opts to delay submitting its report to Clinton, the union said.</p>
</text>
<copyright>(c) Reuters Limited 1997</copyright>
<metadata>
<codes class="bip:countries:1.0">
  <code code="USA">
    <editdetail attribution="Reuters BIP Coding Group" action="confirmed" date="1997-03-15"/>
  </code>
</codes>
<codes class="bip:industries:1.0">
  <code code="I75000">
    <editdetail attribution="Reuters BIP Coding Group" action="confirmed" date="1997-03-15"/>
  </code>
</codes>
<codes class="bip:topics:1.0">
  <code code="C42">
    <editdetail attribution="Reuters BIP Coding Group" action="confirmed" date="1997-03-15"/>
  </code>
  <code code="CCAT">
    <editdetail attribution="Reuters BIP Coding Group" action="confirmed" date="1997-03-15"/>
  </code>
  <code code="E41">
    <editdetail attribution="Reuters BIP Coding Group" action="confirmed" date="1997-03-15"/>
  </code>
  <code code="ECAT">
    <editdetail attribution="Reuters BIP Coding Group" action="confirmed" date="1997-03-15"/>
  </code>
  <code code="GCAT">
    <editdetail attribution="Reuters BIP Coding Group" action="confirmed" date="1997-03-15"/>
  </code>
  <code code="GJOB">
    <editdetail attribution="Reuters BIP Coding Group" action="confirmed" date="1997-03-15"/>
  </code>
</codes>
<dc element="dc.date.created" value="1997-03-14"/>
<dc element="dc.publisher" value="Reuters Holdings Plc"/>
<dc element="dc.date.published" value="1997-03-15"/>
<dc element="dc.source" value="Reuters"/>
<dc element="dc.creator.location" value="NEW YORK"/>
<dc element="dc.creator.location.country.name" value="USA"/>
<dc element="dc.source" value="Reuters"/>
</metadata>
</newsitem>
