<?xml version="1.0" encoding="iso-8859-1" ?>
<newsitem itemid="445193" id="root" date="1997-03-15" xml:lang="en">
<title>MOROCCO: PRESS DIGEST - Morocco - March 15.</title>
<headline>PRESS DIGEST - Morocco - March 15.</headline>
<dateline>RABAT 1997-03-15</dateline>
<text>
<p>These are the leading stories in the Moroccan press on Saturday. Reuters has not verified these stories and does not vouch for their accuracy.</p>
<p>LE MATIN DU SAHARA</p>
<p>- King Hassan and Egyptian President Hosni Mubarak hold private talks on Middle East and Jerusalem issues.</p>
<p>- Morocco's opposition CDT trade union opens its third congress in Casablanca.</p>
<p>AL-MAGHRIB</p>
<p>- Egyptian president arrived in Rabat on Friday for talks with King Hassan II on bilateral and international issues.</p>
<p>- Morocco expresses reserves and refuses modification of initial U.N. peace plan on Western Sahara dispute.</p>
<p>AL-MITAQ AL-WATANI</p>
<p>- Morocco denounces before United Nations the biased position of non-government organisations towards Western Sahara issue.</p>
<p>LIBERATION</p>
<p>- France expels plane with illegal Moroccan immigrants.</p>
<p>- Morocco's fuel stations to go on 24-hour strike next week.</p>
</text>
<copyright>(c) Reuters Limited 1997</copyright>
<metadata>
<codes class="bip:countries:1.0">
  <code code="MOROC">
    <editdetail attribution="Reuters BIP Coding Group" action="confirmed" date="1997-03-15"/>
  </code>
</codes>
<codes class="bip:topics:1.0">
  <code code="GCAT">
    <editdetail attribution="Reuters BIP Coding Group" action="confirmed" date="1997-03-15"/>
  </code>
</codes>
<dc element="dc.date.created" value="1997-03-15"/>
<dc element="dc.publisher" value="Reuters Holdings Plc"/>
<dc element="dc.date.published" value="1997-03-15"/>
<dc element="dc.source" value="Reuters"/>
<dc element="dc.creator.location" value="RABAT"/>
<dc element="dc.creator.location.country.name" value="MOROCCO"/>
<dc element="dc.source" value="Reuters"/>
</metadata>
</newsitem>
