<?xml version="1.0" encoding="iso-8859-1" ?>
<newsitem itemid="445129" id="root" date="1997-03-15" xml:lang="en">
<title>PHILIPPINES: Manila says ready to be transit point for defector.</title>
<headline>Manila says ready to be transit point for defector.</headline>
<dateline>MANILA 1997-03-15</dateline>
<text>
<p>The Philippines said on Saturday it had been asked to serve as a transit point for a North Korean defector in Beijing if he was allowed to go to South Korea, and it was prepared to agree to the request.</p>
<p>Foreign Secretary Domingo Siazon said the request for the Philippines to accept Hwang Jang-yop, a North Korean ideologue and top aide to supreme leader Kim Jong-il, in transit was made by South Korea and China.</p>
<p>&quot;There are talks going on based on the request of the Republic of Korea and also China to find a way of having this gentleman go to his destination without going through a straight route, and we have been asked,&quot; Siazon said.</p>
<p>&quot;Our view is if the three countries concerned are informed and we are being asked to find a solution, then in order to make our contribution to resolving this problem -- because we are all in Asia -- we don't wish this particular problem to evolve into a more serious politicial difficulty among the three parties, so we would in that context be prepared to make our contribution.&quot;</p>
<p>Siazon, speaking to reporters before he left for an official visit to Japan, stressed it was not &quot;categorically sure&quot; the Philippines would be a transit point for any transfer of Hwang, adding other routes might be under study.</p>
<p>&quot;Whether that gentleman will pass here or not we do not really know. Maybe there are some other routes being considered,&quot; he said.</p>
<p>&quot;This is a very sensitive case.&quot;</p>
<p>He said he thought the Philippines was considered a possible stop-off point because &quot;we are a neutral country.&quot;</p>
<p>&quot;I suppose only for a short duration,&quot; he said when asked how long Hwang would stay on Philippine soil if he was allowed to go to South Korea and the Philippines was chosen as transit point.</p>
<p>&quot;What is important here apparently is the symbolic notion that he touched ground here or he touched another country's ground before proceeding so that the routing is not directly done,&quot; Siazon added.</p>
<p>He said if the transit was made in the Philippines, it would not be carried out by the Department of Foreign Affairs but by &quot;the military people.&quot; He did not elaborate.</p>
<p>Asked if Hwang might transit through Subic Bay, a former U.S. naval facility north of Manila and now a freeport with an international airport of its own, Siazon said: &quot;I don't really know. The Philippines is composed of 7,107 islands. I'm not involved in the details of any plans of this nature.&quot;</p>
<p>Hwang has been stranded at the South Korean consular compound in Beijing since February 12. He is the most senior official to defect from North Korea and talks have been taking place between the two Koreas and China on his fate.</p>
<p>Chinese premier Li Peng said on Friday that China wanted a swift end to the crisis.</p>
<p>Hwang has said he wants to go to South Korea and foreign diplomats said that he would likely be allowed to leave for a third country first and then travel to Seoul.</p>
</text>
<copyright>(c) Reuters Limited 1997</copyright>
<metadata>
<codes class="bip:countries:1.0">
  <code code="CHINA">
    <editdetail attribution="Reuters BIP Coding Group" action="confirmed" date="1997-03-15"/>
  </code>
  <code code="NKOREA">
    <editdetail attribution="Reuters BIP Coding Group" action="confirmed" date="1997-03-15"/>
  </code>
  <code code="PHLNS">
    <editdetail attribution="Reuters BIP Coding Group" action="confirmed" date="1997-03-15"/>
  </code>
  <code code="SKOREA">
    <editdetail attribution="Reuters BIP Coding Group" action="confirmed" date="1997-03-15"/>
  </code>
</codes>
<codes class="bip:topics:1.0">
  <code code="GCAT">
    <editdetail attribution="Reuters BIP Coding Group" action="confirmed" date="1997-03-15"/>
  </code>
  <code code="GDIP">
    <editdetail attribution="Reuters BIP Coding Group" action="confirmed" date="1997-03-15"/>
  </code>
</codes>
<dc element="dc.date.created" value="1997-03-15"/>
<dc element="dc.publisher" value="Reuters Holdings Plc"/>
<dc element="dc.date.published" value="1997-03-15"/>
<dc element="dc.source" value="Reuters"/>
<dc element="dc.creator.location" value="MANILA"/>
<dc element="dc.creator.location.country.name" value="PHILIPPINES"/>
<dc element="dc.source" value="Reuters"/>
</metadata>
</newsitem>
