<?xml version="1.0" encoding="iso-8859-1" ?>
<newsitem itemid="445141" id="root" date="1997-03-15" xml:lang="en">
<title>PHILIPPINES: N.Korean defector may leave China via Manila-radio.</title>
<headline>N.Korean defector may leave China via Manila-radio.</headline>
<dateline>MANILA 1997-03-15</dateline>
<text>
<p>A senior North Korean defector who sought refuge in Beijing more than a month ago may go to South Korea via the Philippines when and if he is allowed to leave China, a Philippine radio station reported on Saturday.</p>
<p>Private radio station DZMM quoted Foreign Affairs Minister Domingo Siazon as saying talks currently going on among China and North and South Korea had included the possibility that Manila could be a &quot;jumping board&quot; for defector Hwang Jang-yop on his way to South Korea.</p>
<p>The report said the Philippines was being considered because it was a &quot;neutral&quot; country.</p>
<p>Officials of the foreign affairs department and the South Korean embassy could not be reached for comment.</p>
<p>Hwang, a North Korean ideologue and top aide to supreme leader Kim Jong-il, is the most senior official to defect from North Korea.</p>
<p>Negotiations have been taking place between the three countries on the fate of the defector, who has been stranded at the South Korean consular compound in Beijing since February 12.</p>
<p>Chinese premier Li Peng said on Friday that China wanted a swift end to the crisis.</p>
<p>Hwang has said he wants to go to South Korea and foreign diplomats said that he would likely be allowed to leave for a third country first and then travel to Seoul.</p>
<p>The defection on Chinese territory has deeply embarrassed Beijing, forcing it to chose between its old communist ally of North Korea and its new capitalist friend in the South.</p>
<p>China and North Korea fought side by side in the 1950-53 Korean War but Beijing has drawn closer to South Korea as it pushes ahead with rapid development under market-style economic reforms.</p>
</text>
<copyright>(c) Reuters Limited 1997</copyright>
<metadata>
<codes class="bip:countries:1.0">
  <code code="CHINA">
    <editdetail attribution="Reuters BIP Coding Group" action="confirmed" date="1997-03-15"/>
  </code>
  <code code="NKOREA">
    <editdetail attribution="Reuters BIP Coding Group" action="confirmed" date="1997-03-15"/>
  </code>
  <code code="PHLNS">
    <editdetail attribution="Reuters BIP Coding Group" action="confirmed" date="1997-03-15"/>
  </code>
  <code code="SKOREA">
    <editdetail attribution="Reuters BIP Coding Group" action="confirmed" date="1997-03-15"/>
  </code>
</codes>
<codes class="bip:topics:1.0">
  <code code="GCAT">
    <editdetail attribution="Reuters BIP Coding Group" action="confirmed" date="1997-03-15"/>
  </code>
  <code code="GDIP">
    <editdetail attribution="Reuters BIP Coding Group" action="confirmed" date="1997-03-15"/>
  </code>
</codes>
<dc element="dc.date.created" value="1997-03-15"/>
<dc element="dc.publisher" value="Reuters Holdings Plc"/>
<dc element="dc.date.published" value="1997-03-15"/>
<dc element="dc.source" value="Reuters"/>
<dc element="dc.creator.location" value="MANILA"/>
<dc element="dc.creator.location.country.name" value="PHILIPPINES"/>
<dc element="dc.source" value="Reuters"/>
</metadata>
</newsitem>
