<?xml version="1.0" encoding="iso-8859-1" ?>
<newsitem itemid="445196" id="root" date="1997-03-15" xml:lang="en">
<title>EGYPT: PRESS DIGEST - Egypt - March 15.</title>
<headline>PRESS DIGEST - Egypt - March 15.</headline>
<dateline>CAIRO 1997-03-15</dateline>
<text>
<p>These are the leading stories in the Egyptian press on Saturday. Reuters has not verified these stories and does not vouch for their accuracy.</p>
<p>AL-AHRAM</p>
<p>- President Mubarak and King Hassan agree to hold a meeting of the Jerusalem Committee as soon as possible.</p>
<p>- Mubarak says Israel must stop all settlement plans in Arab East Jerusalem.</p>
<p>- Prime Minister Kamal Ganzouri to hold two important meetings today. The first meeting will discuss new investments and include 15 ministers, the central bank governor and the head of the Capital Market Authority. The second meeting will deal with cooperation ties with China.</p>
<p>AL-AKHBAR</p>
<p>- Ganzouri to meet with 15 ministers and review the economy in an important meeting today. He is due to leave for China in April.</p>
<p>AL-GOMHURIA</p>
<p>- Cabinet Affairs Minister Talaat Hammad clarifies certain aspects of the rent law approved by parliament on Thursday, says that it includes a clause which allows the tenant to pass on lease to their heirs until death if they practice the same business.</p>
<p>- Three terrorists killed 14 citizens and injured 6 in Nag Hammadi.</p>
<p>-- Cairo newsroom + 202 578 3290/1</p>
</text>
<copyright>(c) Reuters Limited 1997</copyright>
<metadata>
<codes class="bip:countries:1.0">
  <code code="EGYPT">
    <editdetail attribution="Reuters BIP Coding Group" action="confirmed" date="1997-03-15"/>
  </code>
</codes>
<codes class="bip:topics:1.0">
  <code code="GCAT">
    <editdetail attribution="Reuters BIP Coding Group" action="confirmed" date="1997-03-15"/>
  </code>
</codes>
<dc element="dc.date.created" value="1997-03-15"/>
<dc element="dc.publisher" value="Reuters Holdings Plc"/>
<dc element="dc.date.published" value="1997-03-15"/>
<dc element="dc.source" value="Reuters"/>
<dc element="dc.creator.location" value="CAIRO"/>
<dc element="dc.creator.location.country.name" value="EGYPT"/>
<dc element="dc.source" value="Reuters"/>
</metadata>
</newsitem>
