<?xml version="1.0" encoding="iso-8859-1" ?>
<newsitem itemid="445111" id="root" date="1997-03-15" xml:lang="en">
<title>PERU: Peru's Fujimori heads to Bolivia for crisis talks.</title>
<headline>Peru's Fujimori heads to Bolivia for crisis talks.</headline>
<byline>Saul Hudson</byline>
<dateline>LIMA 1997-03-15</dateline>
<text>
<p>Peru's President Alberto Fujimori was due to head on Saturday for Bolivia to meet President Gonzalo Sanchez Lozada whose ambassador in Lima -- one of 72 hostages held by Marxist rebels -- is reportedly showing signs of emotional breakdown.</p>
<p>Fujimori, who has been to Bolivia once before during the 88-day hostage crisis, will fly to the neighbouring Andean country at about 5 p.m. (2200 GMT) for a three-day visit, Government Palace officials in Lima said.</p>
<p>Earlier this week, Bolivia's ambassador Jorge Gumucio quarreled with a Tupac Amaru Revolutionary Movement (MRTA) rebel inside the besieged Japanese ambassador's residence, a police source said.</p>
<p>In the most serious episode of its kind known to have happened during the siege, the MRTA rebel threatened Gumucio with a gun before other hostages intervened to calm the ambassador, the source said.</p>
<p>Peruvian media said Gumucio suffered an attack of hysteria but La Paz officials said the ambassador reacted calmly when provoked by the rebel's &quot;offensive&quot; statements about Bolivia.</p>
<p>There have been frequent appeals on health grounds for the release of Gumucio, who is diabetic and has a history of heart and blood pressure problems.</p>
<p>But the rebels have held on to the only hostage from a country other than Peru and Japan in the hope of exchanging him for MRTA members jailed in Bolivia.</p>
<p>The rebels' main demand is the release of about 400 jailed comrades. Fujimori has publicly refused to consider this demand, but speculation has increased recently that the government is privateley considering making some minor releases.</p>
<p>Following Wednesday's round of face-to-face negotiations aimed at ending the siege peacefully, both sides are in a period of &quot;reflection ... to analyse alternatives that make a solution viable&quot;, according to the talks' guarantors.</p>
<p>The guarantors -- Archbishop Juan Luis Cipriani for the Vatican, Canadian Ambassador Anthony Vincent and the top local Red Cross official Michel Minnig -- have given no sign that negotiations are progressing substantially. No date is set for the next negotiating round.</p>
<p>The three-man comission has spent the last few days scrambling between separate meetings with the government and rebels in a bid to find ways of advancing the negotiations.</p>
<p>Rebels occupying the residence released most hostages in the first weeks of the siege. But they have held onto those they consider the best bargaining chips, including Fujimori's brother Pedro, two cabinet ministers, the Japanese ambassador and a long list of Japanese businessmen.</p>
</text>
<copyright>(c) Reuters Limited 1997</copyright>
<metadata>
<codes class="bip:countries:1.0">
  <code code="BOL">
    <editdetail attribution="Reuters BIP Coding Group" action="confirmed" date="1997-03-15"/>
  </code>
  <code code="PERU">
    <editdetail attribution="Reuters BIP Coding Group" action="confirmed" date="1997-03-15"/>
  </code>
</codes>
<codes class="bip:topics:1.0">
  <code code="GCAT">
    <editdetail attribution="Reuters BIP Coding Group" action="confirmed" date="1997-03-15"/>
  </code>
  <code code="GDIP">
    <editdetail attribution="Reuters BIP Coding Group" action="confirmed" date="1997-03-15"/>
  </code>
  <code code="GVIO">
    <editdetail attribution="Reuters BIP Coding Group" action="confirmed" date="1997-03-15"/>
  </code>
</codes>
<dc element="dc.date.created" value="1997-03-15"/>
<dc element="dc.publisher" value="Reuters Holdings Plc"/>
<dc element="dc.date.published" value="1997-03-15"/>
<dc element="dc.source" value="Reuters"/>
<dc element="dc.creator.location" value="LIMA"/>
<dc element="dc.creator.location.country.name" value="PERU"/>
<dc element="dc.source" value="Reuters"/>
</metadata>
</newsitem>
