<?xml version="1.0" encoding="iso-8859-1" ?>
<newsitem itemid="445263" id="root" date="1997-03-15" xml:lang="en">
<title>FRANCE: Zeroual's allies give pitch for June 5 poll.</title>
<headline>Zeroual's allies give pitch for June 5 poll.</headline>
<dateline>PARIS 1997-03-15</dateline>
<text>
<p>The newly created Algerian National Democratic Rally (RND), a party grouping President Liamine Zeroual's core political supporters, said on Saturday it would contest every seat in the June 5 parliamentary polls.</p>
<p>&quot;The RND aspires to score well in order to be well-represented in the future legislative body and the party is fully convinced of the policy it has set out,&quot; said the group's leader, Abdelkader Bensalah..</p>
<p>Bensalah, quoted by the official Algerian news agency APS as speaking at a news conference in Algiers, said the National Democratic Rally was born to &quot;restore hope to the Algerians and to fill a political vacuum&quot;.</p>
<p>Bensalah, who is the president of the government-appointed Transitional National Council, criticised the widespread belief that his group is the &quot;party of the current power&quot;.</p>
<p>&quot;Our movement is a party like the others. It was set up out of conviction, according to the party law, to bring about political change and help pulling the country out of the crisis.&quot;</p>
<p>Algeria has been without a parliament since January 1992 when army-backed authorities cancelled a general election in which Islamists had taken a commanding lead. About 60,000 people have died in the five years of violence between government forces and Moslem guerrillas.</p>
<p>The RND is one of about 60 parties that will compete for seats in the parliamentary elections.</p>
<p>Opposition party leaders fear the RND may get a majority in the polls thanks to its ties with the current government.</p>
<p>&quot;The president had several times repeated that he is the president of all Algerians and his party is all Algeria,&quot; said Bensalah.</p>
<p>Algerians will be voting for a 380-seat National Assembly, which with a 144-seat National Council will form the country's parliament.</p>
<p>Two thirds of the National Council will be designated by elected local authorities while the other third will be picked by the president.</p>
</text>
<copyright>(c) Reuters Limited 1997</copyright>
<metadata>
<codes class="bip:countries:1.0">
  <code code="ALG">
    <editdetail attribution="Reuters BIP Coding Group" action="confirmed" date="1997-03-15"/>
  </code>
</codes>
<codes class="bip:topics:1.0">
  <code code="GCAT">
    <editdetail attribution="Reuters BIP Coding Group" action="confirmed" date="1997-03-15"/>
  </code>
  <code code="GPOL">
    <editdetail attribution="Reuters BIP Coding Group" action="confirmed" date="1997-03-15"/>
  </code>
  <code code="GVOTE">
    <editdetail attribution="Reuters BIP Coding Group" action="confirmed" date="1997-03-15"/>
  </code>
</codes>
<dc element="dc.date.created" value="1997-03-15"/>
<dc element="dc.publisher" value="Reuters Holdings Plc"/>
<dc element="dc.date.published" value="1997-03-15"/>
<dc element="dc.source" value="Reuters"/>
<dc element="dc.creator.location" value="PARIS"/>
<dc element="dc.creator.location.country.name" value="FRANCE"/>
<dc element="dc.source" value="Reuters"/>
</metadata>
</newsitem>
