<?xml version="1.0" encoding="iso-8859-1" ?>
<newsitem itemid="445200" id="root" date="1997-03-15" xml:lang="en">
<title>USA: Albright, Primakov silent after summit talks.</title>
<headline>Albright, Primakov silent after summit talks.</headline>
<byline>Carol Giacomo</byline>
<dateline>WASHINGTON 1997-03-15</dateline>
<text>
<p>Russian Foreign Minister Yevgeny Primakov and Secretary of State Madeleine Albright held about two hours of talks on Saturday aimed at making progress on key issues ahead of next week's Helsinki summit.</p>
<p>Clamping an unusually tight lid of secrecy on the proceedings, U.S. and Russian officials refused any comment about the meetings both before and after the talks.</p>
<p>U.S. officials made sure Primakov left the State Department before reporters were told the meeting had ended.</p>
<p>The discussions were about half as long as planned, in part because Primakov made an unscheduled trip to the Russian Embassy immediately upon arrival in Washington from Moscow.</p>
<p>Primakov is to meet Defence Secretary William Cohen on Sunday and then hold talks with President Bill Clinton at the White House on Monday.</p>
<p>The two sides are aiming to narrow the gaps on NATO enlargement and on arms control, specifically Russia's failure to ratify the START II strategic arms reduction treaty and U.S. plans to deploy defences against ballistic missiles.</p>
<p>The Americans believe the Russians want the Helsinki summit next Wednesday and Thursday to be a success but were autious about predicting a favourable outcome.</p>
<p>It will be the first summit in nearly one year between Clinton and Yeltsin, who until recently was in failing health with heart problems and pneumonia. Some experts say it is one of the most important summits of the post-Cold War era.</p>
<p>Yeltsin and his government have been oppposed to NATO's plans to issue invitations at a July summit in Madrid for former communist states to join the alliance as its first post-Cold War members.</p>
<p>The Russian foreign ministry said Primakov had proposals to make in the row with NATO over its plans to offer membership to Moscow's former communist allies in eastern and central Europe.</p>
<p>Since January Moscow has been negotiating with NATO on a proposed charter defining Russia's ties with the alliance into the 21st century. Officials say Russia's aim is to squeeze as many concessions from Washington and NATO as possible before acceding to inevitable alliance expansion.</p>
<p>The Primakov-Albright talks occur against a background of another NATO concession.</p>
<p>In a move clearly aimed at meeting Russian concerns ahead of next week U.S.-Russia summit in Helsinki, the alliance on Friday renewed its intention not to station any permanent new troops in Europe for the foreseeable future.</p>
<p>In a brief statement, issued after a meeting of NATO's 16 ambassadors on Friday, the alliance said it could currently carry out its mission of defending the West by other means.</p>
<p>&quot;This statement, which reiterates existing alliance policy, should clarify any misconceptions about NATO's plans,&quot; said State Department spokesman Nicholas Burns said.</p>
<p>The statement adds to a package of &quot;sweeteners&quot; being assembled to overcome Russia's objections to NATO's near-certain enlargement into Poland, Hungary and the Czech Republic later this year and strike a charter with Moscow.</p>
<p>NATO's goal is to complete the charter before the Madrid summit, setting the stage for the alliance to expand while simultaneously building a broad new relationship with Moscow.</p>
<p>In the runup to Helsinki much focus has been on whether Yeltsin will signal officially at Helsinki his intent to sign a charter by the Madrid meeting.</p>
<p>The charter is seen as a crucial mechanism tying Russia to European security decisions into the next century and calming Moscow's fears about an enlarged NATO someday turning hostile.</p>
<p>But the arms control issues are a critical subtext because they affect Russia's perception of its security.</p>
<p>U.S. officials have said expert-level discussions in Moscow last week produced no movement either on the START II strategic arms reduction treaty and proposed follow-on START III reductions or on ballistic missile defences.</p>
</text>
<copyright>(c) Reuters Limited 1997</copyright>
<metadata>
<codes class="bip:countries:1.0">
  <code code="RUSS">
    <editdetail attribution="Reuters BIP Coding Group" action="confirmed" date="1997-03-15"/>
  </code>
  <code code="USA">
    <editdetail attribution="Reuters BIP Coding Group" action="confirmed" date="1997-03-15"/>
  </code>
</codes>
<codes class="bip:topics:1.0">
  <code code="GCAT">
    <editdetail attribution="Reuters BIP Coding Group" action="confirmed" date="1997-03-15"/>
  </code>
  <code code="GDIP">
    <editdetail attribution="Reuters BIP Coding Group" action="confirmed" date="1997-03-15"/>
  </code>
</codes>
<dc element="dc.date.created" value="1997-03-15"/>
<dc element="dc.publisher" value="Reuters Holdings Plc"/>
<dc element="dc.date.published" value="1997-03-15"/>
<dc element="dc.source" value="Reuters"/>
<dc element="dc.creator.location" value="WASHINGTON"/>
<dc element="dc.creator.location.country.name" value="USA"/>
<dc element="dc.source" value="Reuters"/>
</metadata>
</newsitem>
