<?xml version="1.0" encoding="iso-8859-1" ?>
<newsitem itemid="445253" id="root" date="1997-03-15" xml:lang="en">
<title>FRANCE: Lacroix's chaos perks up fashion week.</title>
<headline>Lacroix's chaos perks up fashion week.</headline>
<byline>Lee Yanowitch</byline>
<dateline>PARIS 1996-03-16</dateline>
<text>
<p>Christian Lacroix snapped the fashion crowd out of its torpor at the weekend with an outrageous riot of colour and a chaotic patchwork of genres that defied all the preset rules of establishment fashion.</p>
<p>From a quilted harlequin coat matched with a fuschia and chartreuse dress of patchwork crochet to a lame jacket with foamy Mongolian lamb collar, blue lace mini and lime stockings, the outfits on Lacroix's Autumn Winter catwalk on Saturday seemed thrown together haphazardly from a thousand different inspirations.</p>
<p>He paired the blue suede trousers of a flower child with the damask jacket of a 18th century duchess or put the whalebone stays of a hoop skirt in the leg o'mutton sleeves of a black satin tunic, worn on a skirt encrusted with lace and pearls.</p>
<p>But his wacky collage of colours, fabrics and styles was as deliberately constructed as the orchid embroidered on a salmon taffeta evening dress or the lace-trimmed cuffs of a blue tweed jacket.</p>
<p>&quot;It was very spirited,&quot; said Joan Kaner of Neiman Marcus department stores. &quot;It was Lacroix at his zaniest and wittiest. The pieces were beautiful and he put them together in an amusing way. But we'll put them together differently for our customers.&quot;</p>
<p>Jean-Paul Gaultier brought streetwear to the catwalk late on Friday, showing high-topped sneakers left untied, hooded jersey sweaters and baggy, over-sized trousers in shimmering fabrics, pinstripes or mohair tartan for evening.</p>
<p>For rappers with well-stocked wallets there was a gold lame evening tunic over jogging pants and tennis shoes or a velvet gown slit open over knee socks and thick-soled combat boots.</p>
<p>Funky and fresh for evening were the &quot;shroud of Turin&quot; print coats or the electric yellow plaids on fringed velvet dresses.</p>
<p>At Vivienne Westwood, Jerry Hall emerged in a sequined stripper's bra and garters while supermodels pranced along the stage of a kitsch Paris nightclub with frizzed Mary Stuart hairdoes, garters and heaving breasts bulging from bustiers.</p>
<p>But what was left for the British designer's showroom once you took away the chastity belt underwear, a camel-hair suit with its skirt sliced well above the privates or an S&amp;M series of draped latex cocktail dresses with heavy chain collars and leather paraphernalia with zippers in strategic places?</p>
<p>Perhaps the tailored tartan suits worn with pom-pom argyle socks, which were accompanied on the catwalk by a half-naked bagpipe player, or Victorian-style grey flannel suits with padded derrieres.</p>
<p>Ten years after Claude Montana put power-dressing on fashion's cutting edge, it's back in style.</p>
<p>His beautifully-executed and restrained collection was about perfection: from the razor-edged pleats of gabardine trousers to the kimono sleeves of his tailored jackets, not a thread was out of place.</p>
<p>While his power-shoulders popped on other catwalks, Montana softened his angular cut and ice maidens of the 1980s.</p>
<p>Sweeping coats dominated the runaway in cashmere, alpaca and wool-silk mixes. In mauve, ice blue, dove grey or chestnut, there were military duffles or sumptuous and dramatic versions with gently sloping hems.</p>
<p>Long wool Amazon skirts and smart jackets were reminiscent of 19th century rifing costumes, while evening wear had a special brand of romance in irridescent ruby taffeta and transparent veining on black velvet bodices.</p>
<p>&quot;Beautiful,&quot; said Nicole Fischelis of Saks Fifth Avenue. &quot;It's his time again.&quot;</p>
</text>
<copyright>(c) Reuters Limited 1997</copyright>
<metadata>
<codes class="bip:countries:1.0">
  <code code="FRA">
    <editdetail attribution="Reuters BIP Coding Group" action="confirmed" date="1997-03-15"/>
  </code>
</codes>
<codes class="bip:topics:1.0">
  <code code="GCAT">
    <editdetail attribution="Reuters BIP Coding Group" action="confirmed" date="1997-03-15"/>
  </code>
  <code code="GFAS">
    <editdetail attribution="Reuters BIP Coding Group" action="confirmed" date="1997-03-15"/>
  </code>
</codes>
<dc element="dc.date.created" value="1996-03-16"/>
<dc element="dc.publisher" value="Reuters Holdings Plc"/>
<dc element="dc.date.published" value="1997-03-15"/>
<dc element="dc.source" value="Reuters"/>
<dc element="dc.creator.location" value="PARIS"/>
<dc element="dc.creator.location.country.name" value="FRANCE"/>
<dc element="dc.source" value="Reuters"/>
</metadata>
</newsitem>
