<?xml version="1.0" encoding="iso-8859-1" ?>
<newsitem itemid="445211" id="root" date="1997-03-15" xml:lang="en">
<title>USA: Two acquitted in death of Philadelphia jogger.</title>
<headline>Two acquitted in death of Philadelphia jogger.</headline>
<dateline>PHILADELPHIA 1997-03-14</dateline>
<text>
<p>Two men, who claimed police coerced them into signing confessions to a murder they did not commit, were acquitted on Friday on charges of raping and murdering a 26-year-old woman jogger.</p>
<p>After contentious deliberations over two days, a jury found Richard Wise, 20, and Herbert Haak, 26, innocent of all charges, despite alleged confessions by the two men.</p>
<p>In a 3 1/2 week trial, prosecutors charged that Haak and Wise killed the 26-year-old woman, paralegal Kimberly Ernest, as she jogged by while they were breaking into a parked car.</p>
<p>Prosecutors said Ernest died from manual strangulation and accused the pair of leaving her battered body in a stairwell on Nov. 2, 1995. The defence argued that there was no physical evidence linking the two men to the crime and that semen found in the victim did not match the DNA of either defendant.</p>
<p>The two men were arrested when Haak called police to implicate Wise, with whom he shared living quarters.</p>
<p>Haak's signed statement said he accompanied Wise, who hit Ernest with a crowbar and then sexually assaulted her. Wise in his statement admitted assaulting the woman but denied killing her.</p>
<p>But defence lawyers claimed police investigators -- under heavy pressure to solve a high-profile case -- coerced the statements from the two suspects.</p>
<p>Haak testified he was beaten and ordered to sign blank papers but later acknowledged he was unsure of what he was signing. He said he lied in implicating Wise.</p>
<p>Wise's lawyer also said his client was tricked into signing what he thought was a general statement about his background.</p>
</text>
<copyright>(c) Reuters Limited 1997</copyright>
<metadata>
<codes class="bip:countries:1.0">
  <code code="USA">
    <editdetail attribution="Reuters BIP Coding Group" action="confirmed" date="1997-03-15"/>
  </code>
</codes>
<codes class="bip:topics:1.0">
  <code code="GCAT">
    <editdetail attribution="Reuters BIP Coding Group" action="confirmed" date="1997-03-15"/>
  </code>
  <code code="GCRIM">
    <editdetail attribution="Reuters BIP Coding Group" action="confirmed" date="1997-03-15"/>
  </code>
</codes>
<dc element="dc.date.created" value="1997-03-14"/>
<dc element="dc.publisher" value="Reuters Holdings Plc"/>
<dc element="dc.date.published" value="1997-03-15"/>
<dc element="dc.source" value="Reuters"/>
<dc element="dc.creator.location" value="PHILADELPHIA"/>
<dc element="dc.creator.location.country.name" value="USA"/>
<dc element="dc.source" value="Reuters"/>
</metadata>
</newsitem>
