<?xml version="1.0" encoding="iso-8859-1" ?>
<newsitem itemid="445249" id="root" date="1997-03-15" xml:lang="en">
<title>AUSTRIA: OSCE body backs call for foreign force in Albania.</title>
<headline>OSCE body backs call for foreign force in Albania.</headline>
<byline>Elizabeth Fullerton</byline>
<dateline>VIENNA 1997-03-15</dateline>
<text>
<p>Ambassadors of Europe's top security body agreed on Saturday to give broad support to sending foreign troops to Albania to halt anarchy in the Balkan state.</p>
<p>The 54-nation Organisation for Security and Cooperation in Europe (OSCE) backed a proposal by the OSCE's mediator in Albania Franz Vranitzky to ask foreign governments to send forces, but no individual state gave an explicit commitment to do so.</p>
<p>&quot;If the international community does not accept this task today, it will have to handle it tomorrow but the task will be bigger...and the bill will be more expensive,&quot; said ambassador Lars Vissing of Denmark, which holds the current chairmanship of the OSCE.</p>
<p>Vranitzky held talks aboard an Italian frigate in the Adriatic on Friday with leaders of the Albanian government and rebel forces from towns in the south.</p>
<p>The former Austrian chancellor said he was told by the government that it could no longer control the spreading armed rebellion and wanted outside intervention to help restore order.</p>
<p>&quot;There is no alternative (to foreign intervention) as far as I can see,&quot; Vranitzky said on Friday.</p>
<p>Vissing told reporters that ambassadors at Saturday's emergency session expressed broad agreement on three elements of Vranitzky's report:</p>
<p>- the need to restore order with a stabilisation force</p>
<p>- the need for international financial support</p>
<p>- the deployment of OSCE missions to help rebuild democratic institutions and prepare for early elections.</p>
<p>Danish Foreign Minister Niels Helveg Petersen told European Union foreign ministers at a meeting in the Dutch town of Apeldoorn on Saturday that he believed Albanian President Sali Berisha should step down to help end the current crisis.</p>
<p>The rebels accuse Berisha of corruption and of failing to put a stop to bogus pyramid schemes, in which many citizens poured their life savings. Their collapse ignited widespread unrest which has in the past two weeks deteriorated into chaos and anarchy.</p>
<p>Albanian ambassador to the OSCE Zef Mazi told reporters after the emergency session that the organisation had an important role to play in ending the mayhem in Albania, but stressed it had no say in whether or not Berisha should resign.</p>
<p>He said he was encouraged by the amount of support shown by the OSCE for some form of foreign intervention in Albania.</p>
<p>&quot;There was a lot of political readiness, sympathy and solidarity expressed in the meeting this morning,&quot; Mazi said.</p>
<p>Vissing said he would hold meetings over the next few days with any potential contributors to Vranitzky's proposals and work closely with the EU and the Council of Europe to reach a speedy decision.</p>
<p>&quot;We're working on this as fast as possible. It is a matter of extreme urgency,&quot; he said.</p>
<p>According to Vranitzky's report, Berisha, all political parties and rebel committees share the same goal: the restoration of order and democracy and the holding of fresh elections.</p>
<p>But one sticking point was likely to be Berisha's tenure of power. Rebel committees insist Berisha should go before there is any chance of a return to peace.</p>
</text>
<copyright>(c) Reuters Limited 1997</copyright>
<metadata>
<codes class="bip:countries:1.0">
  <code code="ALB">
    <editdetail attribution="Reuters BIP Coding Group" action="confirmed" date="1997-03-15"/>
  </code>
  <code code="AUST">
    <editdetail attribution="Reuters BIP Coding Group" action="confirmed" date="1997-03-15"/>
  </code>
</codes>
<codes class="bip:topics:1.0">
  <code code="GCAT">
    <editdetail attribution="Reuters BIP Coding Group" action="confirmed" date="1997-03-15"/>
  </code>
  <code code="GDIP">
    <editdetail attribution="Reuters BIP Coding Group" action="confirmed" date="1997-03-15"/>
  </code>
  <code code="GVIO">
    <editdetail attribution="Reuters BIP Coding Group" action="confirmed" date="1997-03-15"/>
  </code>
</codes>
<dc element="dc.date.created" value="1997-03-15"/>
<dc element="dc.publisher" value="Reuters Holdings Plc"/>
<dc element="dc.date.published" value="1997-03-15"/>
<dc element="dc.source" value="Reuters"/>
<dc element="dc.creator.location" value="VIENNA"/>
<dc element="dc.creator.location.country.name" value="AUSTRIA"/>
<dc element="dc.source" value="Reuters"/>
</metadata>
</newsitem>
