<?xml version="1.0" encoding="iso-8859-1" ?>
<newsitem itemid="445218" id="root" date="1997-03-15" xml:lang="en">
<title>USA: U.S. jury deliberates fate of Ruiz Massieu money.</title>
<headline>U.S. jury deliberates fate of Ruiz Massieu money.</headline>
<byline>Jeff Franks</byline>
<dateline>HOUSTON 1997-03-15</dateline>
<text>
<p>A U.S. jury on Saturday began deliberations to determine whether former Mexican deputy attorney general Mario Ruiz Massieu took millions of dollars in bribes from drug-traffickers and stashed the money in a Texas bank.</p>
<p>The case went to the five-man, three-woman jury after a week of testimony that focused on high-level drug corruption in Mexico and perhaps laid the groundwork for similar cases in the future.</p>
<p>If the jury rules that Ruiz Massieu got the money from drug-traffickers, the U.S. government will keep, pending appeal, $9 million it seized two years ago from his account in Texas Commerce Bank.</p>
<p>Prosecutors charged that Ruiz Massieu took bribes from Mexican drug lords in exchange for protection while he was in the Mexican Attorney General's office and supposedly a top drug-fighter in 1993 and 1994.</p>
<p>Witnesses included former police bodyguard Raul Macias, who said he put two suitcases full of drug cash in Ruiz Massieu's car in an August 1994 rendezvous outside the Attorney General's headquarters in downtown Mexico City.</p>
<p>Ruiz Massieu testified that the $9 million was part of his family's fortune, stashed in the United States for safekeeping from instability in Mexico. He said the fortune came partly from lavish government bonuses paid to high-ranking officials out of a secret budget controlled by the President of Mexico.</p>
<p>During the trial, U.S. prosecutors charged that drug corruption in Mexico, particularly among law enforcement officials, was rampant. &quot;The Mexican federal judicial police, people in the PGR (Mexican Attorney General's office), deputy attorney generals or that level at least, are involved, or have been involved (in drug-trafficking),&quot; prosecutor Jesse Rodriguez said in closing arguments on Friday.</p>
<p>One government witness, a now-jailed member of a drug cartel in northern Mexico, testified that the cartel paid bribes &quot;all the way to the top in Mexico City,&quot; while another, a former Mexican police officer, said government planes were used to ferry drug bribes to officials in the Mexican capital.</p>
<p>A government win over Ruiz Massieu may be the harbinger of a new front for the U.S. war on drugs, namely the federal courts. A top U.S. drug agent told Reuters before the trial that &quot;there will be a lot more of these kinds of trials coming up. You're going to see some interesting indictments this year.&quot;</p>
</text>
<copyright>(c) Reuters Limited 1997</copyright>
<metadata>
<codes class="bip:countries:1.0">
  <code code="MEX">
    <editdetail attribution="Reuters BIP Coding Group" action="confirmed" date="1997-03-15"/>
  </code>
  <code code="USA">
    <editdetail attribution="Reuters BIP Coding Group" action="confirmed" date="1997-03-15"/>
  </code>
</codes>
<codes class="bip:topics:1.0">
  <code code="GCAT">
    <editdetail attribution="Reuters BIP Coding Group" action="confirmed" date="1997-03-15"/>
  </code>
  <code code="GCRIM">
    <editdetail attribution="Reuters BIP Coding Group" action="confirmed" date="1997-03-15"/>
  </code>
</codes>
<dc element="dc.date.created" value="1997-03-15"/>
<dc element="dc.publisher" value="Reuters Holdings Plc"/>
<dc element="dc.date.published" value="1997-03-15"/>
<dc element="dc.source" value="Reuters"/>
<dc element="dc.creator.location" value="HOUSTON"/>
<dc element="dc.creator.location.country.name" value="USA"/>
<dc element="dc.source" value="Reuters"/>
</metadata>
</newsitem>
