<?xml version="1.0" encoding="iso-8859-1" ?>
<newsitem itemid="445286" id="root" date="1997-03-15" xml:lang="en">
<title>SWEDEN: Nordbanken/S-E-Banken merger talks seen - banker.</title>
<headline>Nordbanken/S-E-Banken merger talks seen - banker.</headline>
<dateline>STOCKHOLM 1997-03-15</dateline>
<text>
<p>The chairman of Swedish bank Swedbank expects rival banks Nordbanken and S-E-Banken to resume merger discussions shortly, financial daily Dagens Industri reported on Saturday.</p>
<p>&quot;The Swedish banking sector, for the next 10-15 years, will take the form of Handelsbanken and Stadshypotek, Swedbank and Foreningsbanken, and Nordbanken and S-E-Banken,&quot; the paper quoted Swedbank Chairman Goran Collert as telling the Swedish Chamber of Commerce in London.</p>
<p>&quot;I think the two latter banks very soon will take up new discussions about a merger,&quot; he said.</p>
<p>Nordbanken and S-E-Banken announced earlier this year that merger talks ended without result.</p>
<p>But analysts expect them to resume, as pressure on the banks increases with the planned merger of Swedbank and Foreningsbanken and Handelsbanken's takeover of Stadshypotek.</p>
<p>Collert did not expect Swedish banks to be bought by foreign rivals.</p>
<p>&quot;Banking will always be locally based. Cross-border mergers are way too difficult,&quot; the paper quoted him as saying.</p>
<p>-- Birgitta Forsberg, Stockholm newsroom 46-8-700 1017</p>
</text>
<copyright>(c) Reuters Limited 1997</copyright>
<metadata>
<codes class="bip:countries:1.0">
  <code code="SWED">
    <editdetail attribution="Reuters BIP Coding Group" action="confirmed" date="1997-03-15"/>
  </code>
</codes>
<codes class="bip:industries:1.0">
  <code code="I81402">
    <editdetail attribution="Reuters BIP Coding Group" action="confirmed" date="1997-03-15"/>
  </code>
  <code code="I81403">
    <editdetail attribution="Reuters BIP Coding Group" action="confirmed" date="1997-03-15"/>
  </code>
  <code code="I81501">
    <editdetail attribution="Reuters BIP Coding Group" action="confirmed" date="1997-03-15"/>
  </code>
  <code code="I8150103">
    <editdetail attribution="Reuters BIP Coding Group" action="confirmed" date="1997-03-15"/>
  </code>
</codes>
<codes class="bip:topics:1.0">
  <code code="C18">
    <editdetail attribution="Reuters BIP Coding Group" action="confirmed" date="1997-03-15"/>
  </code>
  <code code="C181">
    <editdetail attribution="Reuters BIP Coding Group" action="confirmed" date="1997-03-15"/>
  </code>
  <code code="CCAT">
    <editdetail attribution="Reuters BIP Coding Group" action="confirmed" date="1997-03-15"/>
  </code>
</codes>
<dc element="dc.date.created" value="1997-03-15"/>
<dc element="dc.publisher" value="Reuters Holdings Plc"/>
<dc element="dc.date.published" value="1997-03-15"/>
<dc element="dc.source" value="Reuters"/>
<dc element="dc.creator.location" value="STOCKHOLM"/>
<dc element="dc.creator.location.country.name" value="SWEDEN"/>
<dc element="dc.source" value="Reuters"/>
</metadata>
</newsitem>
