<?xml version="1.0" encoding="iso-8859-1" ?>
<newsitem itemid="445232" id="root" date="1997-03-15" xml:lang="en">
<title>USA: US West Coast crudes rise with WTI, tight discount.</title>
<headline>US West Coast crudes rise with WTI, tight discount.</headline>
<dateline>LOS ANGELES 1997-03-14</dateline>
<text>
<p>U.S. West Coast crudes rose Friday with firmer West Texas Intermediate (WTI) values and tightening discounts for heavy grades, players said.</p>
<p>No light crudes traded Friday and players doubted cargoes would move next week with  many traders attending an annual refinery conference in Texas.</p>
<p>Alaska North Slope (ANS) crude, a western benchmark, traded at -$0.91 cents under April WTI Thursday. The cargo, confirmed by both sides, lowered the discount 11 cents from Wednesday.</p>
<p>ANS crude ranged $20.29/20.49 a barrel, up 65 cents.  </p>
<p>Two shipments of San Joaquin Valley heavy (SJV) grade sold for 20 cents under postings late this week, one Thursday and one Friday, a seller confirmed.</p>
<p>&quot;I think (heavies) will strengthen in the next week or so,&quot; a seller said.</p>
<p>The shipments contain several thousand barrels per day for April delivery, according to trader sources. The minus 20-cent price raises the discount market from a 45-cent level seen last month.</p>
<p>Outright prices for Kern River, a representative heavy grade, rose 13 cents to $14.38/14.48 a barrel, because of the tighter discount and increase in Texaco's posted prices.</p>
<p>Line 63 stood unchanged at postings plus $0.95 - $1.05.</p>
<p>((David Brinkerhoff, Los Angeles bureau 213 380 2014))</p>
</text>
<copyright>(c) Reuters Limited 1997</copyright>
<metadata>
<codes class="bip:countries:1.0">
  <code code="USA">
    <editdetail attribution="Reuters BIP Coding Group" action="confirmed" date="1997-03-15"/>
  </code>
</codes>
<codes class="bip:topics:1.0">
  <code code="M14">
    <editdetail attribution="Reuters BIP Coding Group" action="confirmed" date="1997-03-15"/>
  </code>
  <code code="M143">
    <editdetail attribution="Reuters BIP Coding Group" action="confirmed" date="1997-03-15"/>
  </code>
  <code code="MCAT">
    <editdetail attribution="Reuters BIP Coding Group" action="confirmed" date="1997-03-15"/>
  </code>
</codes>
<dc element="dc.date.created" value="1997-03-14"/>
<dc element="dc.publisher" value="Reuters Holdings Plc"/>
<dc element="dc.date.published" value="1997-03-15"/>
<dc element="dc.source" value="Reuters"/>
<dc element="dc.creator.location" value="LOS ANGELES"/>
<dc element="dc.creator.location.country.name" value="USA"/>
<dc element="dc.source" value="Reuters"/>
</metadata>
</newsitem>
