<?xml version="1.0" encoding="iso-8859-1" ?>
<newsitem itemid="445295" id="root" date="1997-03-15" xml:lang="en">
<title>SWITZERLAND: Swiss needs gold reserves, but not loads - SNB chief.</title>
<headline>Swiss needs gold reserves, but not loads - SNB chief.</headline>
<dateline>ZURICH 1997-03-15</dateline>
<text>
<p>Switzerland needs gold reserves but not as much as it has at present, Swiss National Bank Chairman Hans Meyer was quoted as saying on Saturday.</p>
<p>&quot;We need substantial gold reserves, but not an enormous amount. This would be implausible,&quot; the Blick tabloid quoted him as saying in a story about how Meyer had come up with the idea of using gold reserves to fund a planned humanitarian foundation.</p>
<p>The plan calls for revaluing the 2,600 tonnes of Swiss gold reserves at 60 percent of market prices and transferring seven billion Swiss francs in gold to the foundation, which would sell it over a period of some 10 years to raise money.</p>
<p>It would invest the proceeds in interest-bearing assets and distribute the income to victims of poverty, catastrophes, human rights abuses and the Holocaust.</p>
<p>The plan, which drove gold prices lower when announced this month, still needs legislative approval and the backing of Swiss voters in a referendum. Officials have said gold sales could not begin before 1999 at the earliest.</p>
<p>-- Zurich newsroom +41 1 631 7340</p>
</text>
<copyright>(c) Reuters Limited 1997</copyright>
<metadata>
<codes class="bip:countries:1.0">
  <code code="SWITZ">
    <editdetail attribution="Reuters BIP Coding Group" action="confirmed" date="1997-03-15"/>
  </code>
</codes>
<codes class="bip:topics:1.0">
  <code code="E12">
    <editdetail attribution="Reuters BIP Coding Group" action="confirmed" date="1997-03-15"/>
  </code>
  <code code="E51">
    <editdetail attribution="Reuters BIP Coding Group" action="confirmed" date="1997-03-15"/>
  </code>
  <code code="E513">
    <editdetail attribution="Reuters BIP Coding Group" action="confirmed" date="1997-03-15"/>
  </code>
  <code code="ECAT">
    <editdetail attribution="Reuters BIP Coding Group" action="confirmed" date="1997-03-15"/>
  </code>
</codes>
<dc element="dc.date.created" value="1997-03-15"/>
<dc element="dc.publisher" value="Reuters Holdings Plc"/>
<dc element="dc.date.published" value="1997-03-15"/>
<dc element="dc.source" value="Reuters"/>
<dc element="dc.creator.location" value="ZURICH"/>
<dc element="dc.creator.location.country.name" value="SWITZERLAND"/>
<dc element="dc.source" value="Reuters"/>
</metadata>
</newsitem>
