<?xml version="1.0" encoding="iso-8859-1" ?>
<newsitem itemid="445223" id="root" date="1997-03-15" xml:lang="en">
<title>USA: Clinton recovering &quot;very well&quot; from surgery.</title>
<headline>Clinton recovering &quot;very well&quot; from surgery.</headline>
<byline>Laurence McQuillan</byline>
<dateline>WASHINGTON 1997-03-15</dateline>
<text>
<p>President Bill Clinton was described as doing &quot;very well&quot; on Saturday as he recovered from surgery to repair a torn tendon and began limited therapy with the aid of the surgeon who operated on him.</p>
<p>Clinton, recovering at Bethesda National Naval Medical Centre in suburban Maryland, ate breakfast and was in an upbeat mood, according to those in contact with him.</p>
<p>&quot;He's doing very well ... He's in excellent spirits,&quot; said Dr. David Adkinson, the surgeon who performed the operation on Friday and examined his patient on Saturday.</p>
<p>Adkinson said Clinton rested comfortably overnight and was &quot;focused&quot; on recovering. The physican, based at the naval facility, said Clinton began an early and limited therapy programme -- typical for all patients who have undergone such a procedure.</p>
<p>Adkinson said he slowly moved the president's right knee up and down several times -- a process that will be repeated several times daily during the early stages of Clinton's recovery.</p>
<p>Dr. Daniel Sewell, who assisted in the operation and also visited with Clinton on Saturday, also offered a positive assessment. &quot;He's doing great. We're very happy.&quot;</p>
<p>Vice President Al Gore, who substituted for Clinton in delivering the president's weekly radio address to the nation, said at the start of the address that &quot;the president's doing great.&quot;</p>
<p>&quot;He's resting comfortable and he'll be back on his feet, both of them, very soon,&quot; said Gore.</p>
<p>Clinton caught his heel on a step at the Florida estate of Australian golfer Greg Norman early on Friday, tearing the quadriceps tendon connecting the kneecap to the upper thigh in his right leg.</p>
<p>The knee-buckling tumble will put Clinton on crutches for about eight weeks and the president's doctors said it was likely to be six months before he could return to his regular running and golf.</p>
<p>White House officials, however, remained upbeat that Clinton would be able to go ahead with plans to meet in Helsinki on Wednesday with Russian President Boris Yeltsin.</p>
<p>The accident has forced the postponement of a planned White House visit by Jordan's King Hussein that had been set for Tuesday.</p>
<p>A senior State Department official said another possible diplomatic casualty of the president's accident could be a scheduled Monday meeting with Russian Foreign Minister Yevgeny Primakov.</p>
<p>The surgery also led to a delay in a two-week trip to Africa planned by first lady Hillary Rodham Clinton. She delayed her planned Saturday departure until Sunday to ensure that her husband was alright, aides said.</p>
</text>
<copyright>(c) Reuters Limited 1997</copyright>
<metadata>
<codes class="bip:countries:1.0">
  <code code="USA">
    <editdetail attribution="Reuters BIP Coding Group" action="confirmed" date="1997-03-15"/>
  </code>
</codes>
<codes class="bip:topics:1.0">
  <code code="GCAT">
    <editdetail attribution="Reuters BIP Coding Group" action="confirmed" date="1997-03-15"/>
  </code>
  <code code="GPOL">
    <editdetail attribution="Reuters BIP Coding Group" action="confirmed" date="1997-03-15"/>
  </code>
</codes>
<dc element="dc.date.created" value="1997-03-15"/>
<dc element="dc.publisher" value="Reuters Holdings Plc"/>
<dc element="dc.date.published" value="1997-03-15"/>
<dc element="dc.source" value="Reuters"/>
<dc element="dc.creator.location" value="WASHINGTON"/>
<dc element="dc.creator.location.country.name" value="USA"/>
<dc element="dc.source" value="Reuters"/>
</metadata>
</newsitem>
