<?xml version="1.0" encoding="iso-8859-1" ?>
<newsitem itemid="445265" id="root" date="1997-03-15" xml:lang="en">
<title>NETHERLANDS: Kinkel rules out sending German troops to Albania.</title>
<headline>Kinkel rules out sending German troops to Albania.</headline>
<dateline>APELDOORN, Netherlands 1997-03-15</dateline>
<text>
<p>German Foreign Minister Klaus Kinkel on Saturday dimissed any notion of his country sending troops to Albania, warning against hasty, ill-thought-out intervention.</p>
<p>&quot;German soldiers will not go into Albania,&quot; Kinkel told reporters, using the strongest language yet to underline Bonn's position.</p>
<p>&quot;We can't get involved in another adventure,&quot; he said.</p>
<p>Kinkel was speaking on the margins of a European Union foreign ministers meeting at which divisions had emerged among the European countries over possible intervention in Albania.</p>
<p>The EU was ready to offer humanitarian assistance, he said, but the Albanians had to put down their weapons and clear entry into their ports.</p>
<p>Drawing a parallel with the West's efforts in former Yugoslavia, Kinkel said no one should rush in to Albania without being clear what they needed to do.</p>
<p>&quot;If there is one consequence you can draw from Yugoslavia, it is that you cannot send one soldier or one policeman without a crystal-clear mandate,&quot; he said.</p>
<p>He also dismissed criticism that the international community was again sitting helpless while a country burned.</p>
<p>&quot;Something happens in Albania and two or three days later it is said 'why isn't it solved yet?,&quot; he said.</p>
<p>Kinkel refused to join the growing chorus calling for Albanian President Sali Berisha to step down.</p>
<p>&quot;If there is to be a political solution, the president will have to consider when and how he can contribute to a solution,&quot; he said.</p>
</text>
<copyright>(c) Reuters Limited 1997</copyright>
<metadata>
<codes class="bip:countries:1.0">
  <code code="ALB">
    <editdetail attribution="Reuters BIP Coding Group" action="confirmed" date="1997-03-15"/>
  </code>
  <code code="GFR">
    <editdetail attribution="Reuters BIP Coding Group" action="confirmed" date="1997-03-15"/>
  </code>
  <code code="NETH">
    <editdetail attribution="Reuters BIP Coding Group" action="confirmed" date="1997-03-15"/>
  </code>
</codes>
<codes class="bip:topics:1.0">
  <code code="GCAT">
    <editdetail attribution="Reuters BIP Coding Group" action="confirmed" date="1997-03-15"/>
  </code>
  <code code="GDIP">
    <editdetail attribution="Reuters BIP Coding Group" action="confirmed" date="1997-03-15"/>
  </code>
</codes>
<dc element="dc.date.created" value="1997-03-15"/>
<dc element="dc.publisher" value="Reuters Holdings Plc"/>
<dc element="dc.date.published" value="1997-03-15"/>
<dc element="dc.source" value="Reuters"/>
<dc element="dc.creator.location" value="APELDOORN, Netherlands"/>
<dc element="dc.creator.location.country.name" value="NETHERLANDS"/>
<dc element="dc.source" value="Reuters"/>
</metadata>
</newsitem>
