<?xml version="1.0" encoding="iso-8859-1" ?>
<newsitem itemid="445260" id="root" date="1997-03-15" xml:lang="en">
<title>SPAIN: Spain says ETA suspect was not tortured.</title>
<headline>Spain says ETA suspect was not tortured.</headline>
<byline>Merissa Marr</byline>
<dateline>MADRID 1997-03-15</dateline>
<text>
<p>Spain's government said on Saturday a forensic report provided proof that a suspected ETA killer had not been tortured during interrogation by the police.</p>
<p>The suspect, Fernando Elejalde, was taken semi-conscious to hospital from police cells on Thursday, two days after being captured by police.</p>
<p>&quot;As we hoped, we have received with great satisfaction a first report completed by the forensic doctor that effectively excuses the police of any kind of maltreatment,&quot; said Foreign Minister Abel Matutes.</p>
<p>&quot;It appears that this man's injuries were sustained during his arrest,&quot; he told local radio.</p>
<p>But defence lawyers, who were allowed to see their client for the first time, said Elejalde maintained he had suffered his injuries in police custody.</p>
<p>&quot;None of the injuries to his body or lower back are a result of the arrest,&quot; lawyer Ainhoa Baigliot told Europa Press Television.</p>
<p>The hospital in the Basque city of San Sebastian said Elejalde had four crushed vertebrae in his lower back, internal bleeding from a ruptured kidney, a perforated eardrum and bruises covering his face and body.</p>
<p>Police arrested Elejalde, 29, after an extended gun battle with police as he ran from the scene of the killing of prison psychologist Javier Garcia Elosegui in San Sebastian. Another attacker, a woman, escaped.</p>
<p>The Foreign Ministry said Elejalde was injured when he was hit by a car as he ran from police and fought with them when they arrested him.</p>
<p>A Supreme Court judge ruled that Elejalde should be held without bail on charges including the murder of Elosegui, local media reported.</p>
<p>But, after a further two-hour bedside interrogation, the judge lifted a solitary confinement order on Elejalde and his brother and lawyers visited him under police watch.</p>
<p>The lawyers said he claimed he had been arrested peacefully. &quot;He told us that the blows that he received started when he arrived at the police station,&quot; Baigliot said.</p>
<p>He said Elejalde, who was taken to an emergency clinic two hours after his arrest on Tuesday, reported that police continued to beat him on Wednesday and Thursday.</p>
<p>But newspapers said forensic doctor Carmen Baigorri, who examined Elejalde during his detention, reported that the wounds treated on Thursday were the same as those noted two hours after his arrest.</p>
<p>The daily El Pais said Baigorri was convinced there were no signs of torture or maltreatment.</p>
<p>Interior Minister Jaime Mayor Oreja is due to report to parliament on Monday on Elejalde's arrest.</p>
<p>Earlier this week, he had to explain in parliament what happened to an ETA suspect who was found hanged in his prison cell with his feet and hands tied, facts that were not immediately released by the government.</p>
<p>About 800 people have been killed in ETA's 29-year guerrilla war for an independent Basque state.</p>
</text>
<copyright>(c) Reuters Limited 1997</copyright>
<metadata>
<codes class="bip:countries:1.0">
  <code code="SPAIN">
    <editdetail attribution="Reuters BIP Coding Group" action="confirmed" date="1997-03-15"/>
  </code>
</codes>
<codes class="bip:topics:1.0">
  <code code="GCAT">
    <editdetail attribution="Reuters BIP Coding Group" action="confirmed" date="1997-03-15"/>
  </code>
  <code code="GCRIM">
    <editdetail attribution="Reuters BIP Coding Group" action="confirmed" date="1997-03-15"/>
  </code>
  <code code="GVIO">
    <editdetail attribution="Reuters BIP Coding Group" action="confirmed" date="1997-03-15"/>
  </code>
</codes>
<dc element="dc.date.created" value="1997-03-15"/>
<dc element="dc.publisher" value="Reuters Holdings Plc"/>
<dc element="dc.date.published" value="1997-03-15"/>
<dc element="dc.source" value="Reuters"/>
<dc element="dc.creator.location" value="MADRID"/>
<dc element="dc.creator.location.country.name" value="SPAIN"/>
<dc element="dc.source" value="Reuters"/>
</metadata>
</newsitem>
