<?xml version="1.0" encoding="iso-8859-1" ?>
<newsitem itemid="445209" id="root" date="1997-03-15" xml:lang="en">
<title>USA: Clinton knee surgery successful, will go to Helsinki.</title>
<headline>Clinton knee surgery successful, will go to Helsinki.</headline>
<byline>Arshad Mohammed</byline>
<dateline>BETHESDA, Md. 1997-03-14</dateline>
<text>
<p>Surgeons successfully repaired a torn tendon in President Bill Clinton's right knee on Friday after he injured it in Florida and said he will be able to attend a U.S.-Russia summit in Europe next week.</p>
<p>Clinton spoke by telephone to a news conference about 90 minutes after the two-hour, four-minute surgery was completed, saying he felt &quot;great&quot; and would meet Russian President Boris Yeltsin in Helsinki, Finland next week as scheduled.</p>
<p>&quot;I'm enjoying this press conference,&quot; Clinton told reporters from his suite at the National Naval Medical Centre in the Washington suburb, prompting a wave of laughter.</p>
<p>&quot;I want you guys to quit giving my doctor a hard time about letting me go to Helsinki,&quot; he added. &quot;We're all going to Helsinki. We have to go to Helsinki.&quot;</p>
<p>Clinton appeared to be in good spirits during his brief remarks and aides said he had been relatively relaxed all day, joking and bantering with his doctors and consulting with them on the country music that was played during his surgery.</p>
<p>&quot;I feel great and don't worry about it,&quot; Clinton told the news conference. &quot;I'll just spend a little time here and get home and go back to work.&quot;</p>
<p>Surgeons told reporters there were no complications during the surgery that reattached a right-knee tendon Clinton tore when he stumbled on a stair early Friday morning in Florida.</p>
<p>&quot;We're very happy with our repair,&quot; said Dr. David Adkison, the surgeon who carried out the operation, which began at 2:39 p.m. EST (1939 GMT) and ended at 4:43 p.m. EST (2043 GMT).</p>
<p>Adkison saw no reason why Clinton should not go to Helsinki to see Yeltsin. &quot;He can travel,&quot; the surgeon said. &quot;Flying on Air Force One, I understand, is not like flying on a commercial airline.&quot;</p>
<p>Clinton caught his heel on a step at the Florida estate of Australian golfer Greg Norman early on Friday, tearing the quadriceps tendon connecting the kneecap to the upper thigh in his right leg.</p>
<p>The knee-buckling tumble -- &quot;he heard a very loud pop,&quot; one aide said -- will put Clinton on crutches for about eight weeks and the president's doctors said it is likely to take him six months before he can return to his regular running and golf.</p>
<p>In the interim, he will have to undergo months of physical rehabilitation on the leg. Adkison said it was reasonable to expect the president to regain full mobility in the knee.</p>
<p>Clinton, 50, was wheeled to his hospital room after the surgery, where wife Hillary and daughter Chelsea awaited him, for a stay of at least one night.</p>
<p>Adkison would not say exactly how long the president would remain in the hospital, but said that a 48-hour stay was typical. Doctors said he would then be equipped with a knee brace rather than a cast.</p>
<p>&quot;He was very talkative and cheerful during the procedure&quot; and alert most of the time, although he apparently dozed off now and then, McCurry said. At one point he asked for a book to pass the time but the doctors turned him down.</p>
<p>He chose tapes by country singers Lyle Lovett and Jimmy Buffett to accompany the surgery over an operating room speaker system, the White House said.</p>
<p>Clinton had a &quot;regional&quot; anaesthetic that numbed him from the mid-section down so that he was never rendered unconscious, the spokesman said. Constitutional procedures for shifting authority temporarily to Vice President Al Gore were therefore not necessary.</p>
<p>Doctors had to drill holes in the kneecap and in the tendon and run sutures through the holes to reattach the tendon, which controls the ability to straighten the leg.</p>
<p>&quot;This is not a terribly severe injury and not a terribly complicated operation to perform,&quot; Dr. David Wade, chief of the naval hospital's clinical staff, said as surgery began.</p>
<p>Clinton's wife Hillary planned to go ahead with a two-week tour of six African nations, but was delaying her departure by one day, until Sunday, to see her husband through the start of his recovery.</p>
<p>McCurry said the incident was also one factor in the postponement of the planned White House visit of Jordan's King Hussein planned for Tuesday. The visit had been in doubt anyway due to the killing of seven Israeli schoolgirls by a Jordanian soldier near the Israel-Jordan border.</p>
<p>A senior State Department official said another possible diplomatic casualty of the presidential mishap could be a scheduled Monday meeting with Russian Foreign Minister Yevgeny Primakov, which might have to be scrapped.</p>
<p>Primakov arrives in Washington over the weekend for talks to prepare the Helsinki summit.</p>
</text>
<copyright>(c) Reuters Limited 1997</copyright>
<metadata>
<codes class="bip:countries:1.0">
  <code code="FIN">
    <editdetail attribution="Reuters BIP Coding Group" action="confirmed" date="1997-03-15"/>
  </code>
  <code code="RUSS">
    <editdetail attribution="Reuters BIP Coding Group" action="confirmed" date="1997-03-15"/>
  </code>
  <code code="USA">
    <editdetail attribution="Reuters BIP Coding Group" action="confirmed" date="1997-03-15"/>
  </code>
</codes>
<codes class="bip:topics:1.0">
  <code code="GCAT">
    <editdetail attribution="Reuters BIP Coding Group" action="confirmed" date="1997-03-15"/>
  </code>
  <code code="GDIP">
    <editdetail attribution="Reuters BIP Coding Group" action="confirmed" date="1997-03-15"/>
  </code>
  <code code="GPOL">
    <editdetail attribution="Reuters BIP Coding Group" action="confirmed" date="1997-03-15"/>
  </code>
  <code code="GPRO">
    <editdetail attribution="Reuters BIP Coding Group" action="confirmed" date="1997-03-15"/>
  </code>
</codes>
<dc element="dc.date.created" value="1997-03-14"/>
<dc element="dc.publisher" value="Reuters Holdings Plc"/>
<dc element="dc.date.published" value="1997-03-15"/>
<dc element="dc.source" value="Reuters"/>
<dc element="dc.creator.location" value="BETHESDA, Md."/>
<dc element="dc.creator.location.country.name" value="USA"/>
<dc element="dc.source" value="Reuters"/>
</metadata>
</newsitem>
