<?xml version="1.0" encoding="iso-8859-1" ?>
<newsitem itemid="445243" id="root" date="1997-03-15" xml:lang="en">
<title>NETHERLANDS: Berisha report sends EU to dinner.</title>
<headline>Berisha report sends EU to dinner.</headline>
<dateline>APELDOORN, Netherlands 1997-03-15</dateline>
<text>
<p>A report that Albania's President Sali Berisha had resigned -- later denied from Tirana -- prompted European Union foreign ministers to halt their discussion of the crisis and go to dinner instead.</p>
<p>Ministers from the 15-nation bloc were planning to work late into the evening to forge a difficult joint position on Albania.</p>
<p>One diplomat said they were about to tell their spouses -- who accompany them on such jaunts -- to enjoy the evening in the Dutch countryside without them.</p>
<p>Then Greek Foreign Minister Theodoros Pangalos said a Greek television station was reporting that Albania's chief Sali Berisha had stepped down.</p>
<p>All discussion ended. Dutch Foreign Minister Hans van Mierlo told reporters the ministers had put off their work because without Berisha everything in Albania would be different.</p>
<p>&quot;If the stumbling block is no longer there, there is a fair chance of this violence being dissipated,&quot; he said.</p>
<p>The only problem was that the &quot;stumbling block&quot; was apparently not going anywhere.</p>
<p>A statement from his office in Tirana said that Berisha had no intention of resigning his post.</p>
<p>The confusion, however, had already done its work. The ministers were off to dinner, pledging to return to the subject of Albania on Sunday.</p>
</text>
<copyright>(c) Reuters Limited 1997</copyright>
<metadata>
<codes class="bip:countries:1.0">
  <code code="ALB">
    <editdetail attribution="Reuters BIP Coding Group" action="confirmed" date="1997-03-15"/>
  </code>
  <code code="EEC">
    <editdetail attribution="Reuters BIP Coding Group" action="confirmed" date="1997-03-15"/>
  </code>
  <code code="NETH">
    <editdetail attribution="Reuters BIP Coding Group" action="confirmed" date="1997-03-15"/>
  </code>
</codes>
<codes class="bip:topics:1.0">
  <code code="G15">
    <editdetail attribution="Reuters BIP Coding Group" action="confirmed" date="1997-03-15"/>
  </code>
  <code code="G158">
    <editdetail attribution="Reuters BIP Coding Group" action="confirmed" date="1997-03-15"/>
  </code>
  <code code="GCAT">
    <editdetail attribution="Reuters BIP Coding Group" action="confirmed" date="1997-03-15"/>
  </code>
  <code code="GDIP">
    <editdetail attribution="Reuters BIP Coding Group" action="confirmed" date="1997-03-15"/>
  </code>
  <code code="GVIO">
    <editdetail attribution="Reuters BIP Coding Group" action="confirmed" date="1997-03-15"/>
  </code>
</codes>
<dc element="dc.date.created" value="1997-03-15"/>
<dc element="dc.publisher" value="Reuters Holdings Plc"/>
<dc element="dc.date.published" value="1997-03-15"/>
<dc element="dc.source" value="Reuters"/>
<dc element="dc.creator.location" value="APELDOORN, Netherlands"/>
<dc element="dc.creator.location.country.name" value="NETHERLANDS"/>
<dc element="dc.source" value="Reuters"/>
</metadata>
</newsitem>
