<?xml version="1.0" encoding="iso-8859-1" ?>
<newsitem itemid="445208" id="root" date="1997-03-15" xml:lang="en">
<title>USA: U.S. clears Agouron's AIDS drug, stock soars.</title>
<headline>U.S. clears Agouron's AIDS drug, stock soars.</headline>
<dateline>NEW YORK</dateline>
<text>
<p>Agouron Pharmaceuticals Inc. said Friday the government has approved its HIV drug sooner than expected, prompting a sharp rise in its stock.</p>
<p>The stock rose as high as $96.25 before ending $4.75 higher at $80.50 on Nasdaq. It has been volatile since December as investors speculated when the Food and Drug Administration would approve the drug, called Viracept.</p>
<p>Approval was given under an accelerated process to market the drug simultaneously in formulations for adults and children. Agouron said it will be widely available at pharmacies throughout the United States next week.</p>
<p>The wholesale price of Viracept will be $15.48 a day or $5,650 for a 365-day supply at the recommended dose of 750 mg three times daily.</p>
<p>Viracept, which was developed by Agouron in collaboration with the pharmaceutical division of Japan Tobacco Inc., is a retroviral therapy for HIV, the virus that causes AIDS.</p>
<p>Agouron has established a patient assistance programme to help people in need pay for Viracept. It said it will provide the drug without charge to those patients whose need is greatest and who are least able to pay for the drug.</p>
<p>In addition, Agouron will provide Viracept without charge to any child in the United States who is not covered by public or private health insurance, the company said.</p>
<p>&quot;It's extremely positive on the initial launch,&quot; said Jay Silverman, an analyst at Robertson, Stephens. &quot;I do think they have a very competitive product, an experienced sales force, and a nice lead time over the next, nearest meaningful competitor,&quot; Vertex Pharmaceuticals Inc., with Glaxo Wellcome Plc.</p>
<p>&quot;It's extremely significant,&quot; agreed Robert LeBoyer, an analyst at Brown Brothers Harriman. &quot;It's the product that been driving (the stock) since the $30 level.&quot;</p>
<p>Silverman said he expected the new drug to generate $30 million in revenues by the end of the year ending in June, and $165 million for fiscal 1998. He recommended buying the stock.</p>
<p>LeBoyer estimated that Viracept will generate revenues of $16 million for the fourth quarter and $150 million for fiscal 1998.</p>
<p>LeBoyer said he expects Agouron to lose $3 a share for 1997, and earn 30 cents a share for 1998. He has kept the long-term outperform rating.</p>
<p>Agouron reported a net loss of $12.6 million, or 93 cents a share, on revenues of $15.1 million in the second quarter ended Dec. 31.</p>
<p>LeBoyer said he expects Agouron's stock to hit $110 in 12 months.</p>
</text>
<copyright>(c) Reuters Limited 1997</copyright>
<metadata>
<codes class="bip:countries:1.0">
  <code code="USA">
    <editdetail attribution="Reuters BIP Coding Group" action="confirmed" date="1997-03-15"/>
  </code>
</codes>
<codes class="bip:industries:1.0">
  <code code="I25700">
    <editdetail attribution="Reuters BIP Coding Group" action="confirmed" date="1997-03-15"/>
  </code>
</codes>
<codes class="bip:topics:1.0">
  <code code="C13">
    <editdetail attribution="Reuters BIP Coding Group" action="confirmed" date="1997-03-15"/>
  </code>
  <code code="C15">
    <editdetail attribution="Reuters BIP Coding Group" action="confirmed" date="1997-03-15"/>
  </code>
  <code code="C152">
    <editdetail attribution="Reuters BIP Coding Group" action="confirmed" date="1997-03-15"/>
  </code>
  <code code="C22">
    <editdetail attribution="Reuters BIP Coding Group" action="confirmed" date="1997-03-15"/>
  </code>
  <code code="CCAT">
    <editdetail attribution="Reuters BIP Coding Group" action="confirmed" date="1997-03-15"/>
  </code>
</codes>
<dc element="dc.publisher" value="Reuters Holdings Plc"/>
<dc element="dc.date.published" value="1997-03-15"/>
<dc element="dc.source" value="Reuters"/>
<dc element="dc.creator.location" value="NEW YORK"/>
<dc element="dc.creator.location.country.name" value="USA"/>
<dc element="dc.source" value="Reuters"/>
</metadata>
</newsitem>
