<?xml version="1.0" encoding="iso-8859-1" ?>
<newsitem itemid="445264" id="root" date="1997-03-15" xml:lang="en">
<title>ITALY: Italy defends conduct of Albania evacuation.</title>
<headline>Italy defends conduct of Albania evacuation.</headline>
<dateline>ROME 1997-03-15</dateline>
<text>
<p>Italy on Saturday defended the conduct of its military evacuation of foreigners from Albania after furious complaints from rescued Britons that Italian troops had left them for hours at the mercy of an armed mob.</p>
<p>Defence Minister Beniamino Andreatta told parliament that the air and sea rescue, which brought out a total of 1,200 foreigners and Albanians in various missions, had been carried out in exemplary fashion by the forces involved.</p>
<p>He said the ministry was investigating allegations from some of the Britons that Italian soldiers had shot dead at least one Albanian in a gun battle on Thursday night at the port of Durres.</p>
<p>&quot;We are ascertaining the facts but we do not have direct knowledge of episodes of that kind. There was shooting in the port that night but not in the area controlled by our men,&quot; Andreatta said.</p>
<p>The Britons said the Italians, including troops from the crack San Marco Battalion, retreated out to sea after the shoot-out and did not return until after dawn to pick them up, leaving them in terror.</p>
<p>Sixty-four Britons were among more than 850 people, half of them Albanians, evacuated to southeast Italy on Friday on the amphibious assault ship San Giusto after being rescued by helicopter from Tirana or by landing craft at Durres.</p>
<p>Andreatta said several foreign governments had thanked Italy for the way it brought their citizens to safety.</p>
<p>&quot;The evacuation operations of civilians were conducted with exemplary professionalism by our military forces but certainly they weren't there for a day out,&quot; Andreatta said.</p>
<p>&quot;Our men...were exposed to fire several times,&quot; Andreatta said, adding that they had &quot;always kept strong nerves and the ability to assess the situation they found themselves in.&quot;</p>
<p>Britain on Friday expressed &quot;delight&quot; at the success of the Durres evacuation. Foreign Secretary Malcolm Rifkind said on Saturday he was &quot;naturally concerned&quot; about the reported incident but noted that the evacuees had got out safely.</p>
<p>&quot;There were large numbers of people milling around on the beach, including many Albanians, some of whom were violent, some of whom were themselves trying to flee,&quot; Rifkind told BBC radio in an interview.</p>
<p>&quot;So it clearly was a difficult operation, but I'm sure the Italian authorities will want to examine whether there were any lessons to be learned from the way in which it was done for the future,&quot; he said.</p>
</text>
<copyright>(c) Reuters Limited 1997</copyright>
<metadata>
<codes class="bip:countries:1.0">
  <code code="ALB">
    <editdetail attribution="Reuters BIP Coding Group" action="confirmed" date="1997-03-15"/>
  </code>
  <code code="ITALY">
    <editdetail attribution="Reuters BIP Coding Group" action="confirmed" date="1997-03-15"/>
  </code>
  <code code="UK">
    <editdetail attribution="Reuters BIP Coding Group" action="confirmed" date="1997-03-15"/>
  </code>
</codes>
<codes class="bip:topics:1.0">
  <code code="GCAT">
    <editdetail attribution="Reuters BIP Coding Group" action="confirmed" date="1997-03-15"/>
  </code>
  <code code="GDEF">
    <editdetail attribution="Reuters BIP Coding Group" action="confirmed" date="1997-03-15"/>
  </code>
  <code code="GDIP">
    <editdetail attribution="Reuters BIP Coding Group" action="confirmed" date="1997-03-15"/>
  </code>
  <code code="GVIO">
    <editdetail attribution="Reuters BIP Coding Group" action="confirmed" date="1997-03-15"/>
  </code>
</codes>
<dc element="dc.date.created" value="1997-03-15"/>
<dc element="dc.publisher" value="Reuters Holdings Plc"/>
<dc element="dc.date.published" value="1997-03-15"/>
<dc element="dc.source" value="Reuters"/>
<dc element="dc.creator.location" value="ROME"/>
<dc element="dc.creator.location.country.name" value="ITALY"/>
<dc element="dc.source" value="Reuters"/>
</metadata>
</newsitem>
