<?xml version="1.0" encoding="iso-8859-1" ?>
<newsitem itemid="445241" id="root" date="1997-03-15" xml:lang="en">
<title>USA: Swiss foreign minister visits Holocaust Museum.</title>
<headline>Swiss foreign minister visits Holocaust Museum.</headline>
<dateline>WASHINGTON 1997-03-14</dateline>
<text>
<p>Switzerland's foreign minister toured the U.S. Holocaust Memorial Museum on Friday, calling the trip an important reminder of the necessity to delve into his country's possible involvement in the atrocities committed during the Second World War.</p>
<p>Flavio Cotti said he was emotionally struck by the visit, although it was not the first time he had toured the museum located near the National Mall.</p>
<p>&quot;I am as moved as the first time,&quot; Cotti told a French television station.</p>
<p>Cotti, wearing a dark suit, visited the registry of Holocaust survivors, the multi-media learning center and the Hall of Remembrance, where he lit a candle near an eternal flame that continually burns as a tribute to those who lost their lives in the Holocaust.</p>
<p>He said the tour of the museum served as a reminder of the importance of his government's investigation into the actions taken by the Swiss during the Second World War.</p>
<p>Switzerland has faced international criticism that it profited from the war by acting as bankers and money-launderers for Nazi Germany, which traded gold it looted in conquered nations for Swiss francs to buy war supplies.</p>
<p>An historian's commission established by the government has been charged to report on Swiss dealings with the Nazis during the war. Switzerland's three largest banks set up a fund to benefit Holocaust victims, receiving contributions from other Swiss businesses and the Swiss National Bank.</p>
<p>Cotti is completing a three-day trip to the United States. He met with Secretary of State Madeleine Albright and other U.S. officials earlier on Friday.</p>
<p>On Thursday, he met with Edgar Bronfman, the president of the World Jewish Congress, the group that led the effort to expose Swizterland's economic links to Germany. The two men said they had moved from confrontation to cooperation and Bronfman praised Swiss efforts to re-examine its past.</p>
</text>
<copyright>(c) Reuters Limited 1997</copyright>
<metadata>
<codes class="bip:countries:1.0">
  <code code="GFR">
    <editdetail attribution="Reuters BIP Coding Group" action="confirmed" date="1997-03-15"/>
  </code>
  <code code="SWITZ">
    <editdetail attribution="Reuters BIP Coding Group" action="confirmed" date="1997-03-15"/>
  </code>
  <code code="USA">
    <editdetail attribution="Reuters BIP Coding Group" action="confirmed" date="1997-03-15"/>
  </code>
</codes>
<codes class="bip:topics:1.0">
  <code code="GCAT">
    <editdetail attribution="Reuters BIP Coding Group" action="confirmed" date="1997-03-15"/>
  </code>
  <code code="GDIP">
    <editdetail attribution="Reuters BIP Coding Group" action="confirmed" date="1997-03-15"/>
  </code>
  <code code="GENT">
    <editdetail attribution="Reuters BIP Coding Group" action="confirmed" date="1997-03-15"/>
  </code>
</codes>
<dc element="dc.date.created" value="1997-03-14"/>
<dc element="dc.publisher" value="Reuters Holdings Plc"/>
<dc element="dc.date.published" value="1997-03-15"/>
<dc element="dc.source" value="Reuters"/>
<dc element="dc.creator.location" value="WASHINGTON"/>
<dc element="dc.creator.location.country.name" value="USA"/>
<dc element="dc.source" value="Reuters"/>
</metadata>
</newsitem>
