<?xml version="1.0" encoding="iso-8859-1" ?>
<newsitem itemid="445287" id="root" date="1997-03-15" xml:lang="en">
<title>GERMANY: Germany sees risk of higher budget deficit - report.</title>
<headline>Germany sees risk of higher budget deficit - report.</headline>
<dateline>FRANKFURT 1997-03-15</dateline>
<text>
<p>Germany's Der Spiegel weekly magazine said on Saturday Bonn sees a risk of the country's 1997 budget deficit posting a surprising climb beyond levels allowed for joining European economic and monetary union (EMU).</p>
<p>Internal calculations at the Chancellor's office show the budget deficit climbing as high as 4.15 percent of gross domestic product in 1997, Der Spiegel said in a release ahead of publication on Monday.</p>
<p>A German government spokesman denied the article, saying the Chancellor's office had not made such calculations, but the report could still unnerve financial markets when trade opens on Monday morning.</p>
<p>The figure is well beyond the three percent level mandated by the Maastricht Treaty for joining monetary union and is also above the government's official target of 2.9 percent. The German deficit stood at 3.8 percent last year.</p>
<p>The report could be the latest blow to confidence in Germany's ability to qualify for monetary union. Such a high deficit would mean that even under a liberal interpretation of the Maastricht Treaty Germany would not make the first wave of currency union planned for 1999.</p>
<p>Several Bundesbank council members and leading German economists have expressed scepticism that the country will be able to get its financial house in order in time.</p>
<p>EMU is scheduled to start on January 1, 1999, but the decision as to who can join will be made in the first part of 1998 on the basis of 1997 data.</p>
<p>But far from predicting a postponement or a collapse of EMU, Der Spiegel said Finance Minister Theo Waigel would slash the deficit with changes in budget accounting.</p>
<p>The magazine said Waigel expects to be able to cut the apparent size of the budget deficit by calculating in a 10 billion surplus in pension contributions, eight billion marks from nursing care insurance and 1.75 billion marks in Bundesbank profits.</p>
<p>Government building projects, meanwhile, could be financed privately, allowing the government to delay actual spending beyond this year.</p>
<p>Several members of the Bundesbank council have spoken out against using &quot;accounting tricks&quot; to qualify for monetary union, saying they would threaten confidence in the future European currency, the euro.</p>
<p>--Scott Miller, Frankfurt Newsroom + 49 69 756525</p>
</text>
<copyright>(c) Reuters Limited 1997</copyright>
<metadata>
<codes class="bip:countries:1.0">
  <code code="EEC">
    <editdetail attribution="Reuters BIP Coding Group" action="confirmed" date="1997-03-15"/>
  </code>
  <code code="GFR">
    <editdetail attribution="Reuters BIP Coding Group" action="confirmed" date="1997-03-15"/>
  </code>
</codes>
<codes class="bip:topics:1.0">
  <code code="E12">
    <editdetail attribution="Reuters BIP Coding Group" action="confirmed" date="1997-03-15"/>
  </code>
  <code code="E21">
    <editdetail attribution="Reuters BIP Coding Group" action="confirmed" date="1997-03-15"/>
  </code>
  <code code="E211">
    <editdetail attribution="Reuters BIP Coding Group" action="confirmed" date="1997-03-15"/>
  </code>
  <code code="ECAT">
    <editdetail attribution="Reuters BIP Coding Group" action="confirmed" date="1997-03-15"/>
  </code>
  <code code="G15">
    <editdetail attribution="Reuters BIP Coding Group" action="confirmed" date="1997-03-15"/>
  </code>
  <code code="G154">
    <editdetail attribution="Reuters BIP Coding Group" action="confirmed" date="1997-03-15"/>
  </code>
  <code code="GCAT">
    <editdetail attribution="Reuters BIP Coding Group" action="confirmed" date="1997-03-15"/>
  </code>
</codes>
<dc element="dc.date.created" value="1997-03-15"/>
<dc element="dc.publisher" value="Reuters Holdings Plc"/>
<dc element="dc.date.published" value="1997-03-15"/>
<dc element="dc.source" value="Reuters"/>
<dc element="dc.creator.location" value="FRANKFURT"/>
<dc element="dc.creator.location.country.name" value="GERMANY"/>
<dc element="dc.source" value="Reuters"/>
</metadata>
</newsitem>
