<?xml version="1.0" encoding="iso-8859-1" ?>
<newsitem itemid="445291" id="root" date="1997-03-15" xml:lang="en">
<title>SWITZERLAND: 3M aims to boost oper profit 15 pct - Agostini.</title>
<headline>3M aims to boost oper profit 15 pct - Agostini.</headline>
<dateline>ZURICH 1997-03-15</dateline>
<text>
<p>Minnesota Mining &amp; Manufacturing Co (3M) chief financial officer Giulio Agostini said in a Swiss newspaper interview the company aims to boost operating profit by 15 percent over three years.</p>
<p>Asked by Finanz und Wirtschaft how 3M intended to meet analysts' expectations that 1997 earnings per share would rise 50 cents or nearly 15 percent to $4.13, Agostini said: &quot;In light of the higher dollar, earnings per share of $4.13 is a gain of more like 60 cents.</p>
<p>&quot;But we are well prepared for the future. Our goal in the next three years is to raise sales by 10 percent and operating revenue by 12 to 13 percent a year. Operating profit should rise more than 15 percent,&quot; he said in the interview published on Saturday.</p>
<p>He said 3M would generate around $800 million this year under its &quot;pacing plus&quot; programmes of coming up with innovative new products with big sales potential.</p>
<p>&quot;We generated around $400 million with this in 1996. This year it will be $800 million. When these programmes -- there are 30 now -- mature, we have the potential for around $6 billion,&quot; he was quoted as saying.</p>
<p>Asked if this was enough for 60-cent EPS growth, he said: &quot;No, 3M must also become more customer-oriented and expand internationally.&quot;</p>
<p>Agostini said 3M was buying back shares &quot;almost daily. This is a continuing process.&quot; He said the company was authorised to buy back 10 million shares this year, of which around 3.5 million would go to staff who exercise share options.</p>
<p>Asked if the company planned more spin-offs after divesting Imation, he said: &quot;For the moment the answer is clearly no.&quot;</p>
<p>-- Zurich newsroom +41 1 631 7340</p>
</text>
<copyright>(c) Reuters Limited 1997</copyright>
<metadata>
<codes class="bip:countries:1.0">
  <code code="SWITZ">
    <editdetail attribution="Reuters BIP Coding Group" action="confirmed" date="1997-03-15"/>
  </code>
</codes>
<codes class="bip:industries:1.0">
  <code code="I83960">
    <editdetail attribution="Reuters BIP Coding Group" action="confirmed" date="1997-03-15"/>
  </code>
</codes>
<codes class="bip:topics:1.0">
  <code code="C11">
    <editdetail attribution="Reuters BIP Coding Group" action="confirmed" date="1997-03-15"/>
  </code>
  <code code="C15">
    <editdetail attribution="Reuters BIP Coding Group" action="confirmed" date="1997-03-15"/>
  </code>
  <code code="C152">
    <editdetail attribution="Reuters BIP Coding Group" action="confirmed" date="1997-03-15"/>
  </code>
  <code code="CCAT">
    <editdetail attribution="Reuters BIP Coding Group" action="confirmed" date="1997-03-15"/>
  </code>
</codes>
<dc element="dc.date.created" value="1997-03-15"/>
<dc element="dc.publisher" value="Reuters Holdings Plc"/>
<dc element="dc.date.published" value="1997-03-15"/>
<dc element="dc.source" value="Reuters"/>
<dc element="dc.creator.location" value="ZURICH"/>
<dc element="dc.creator.location.country.name" value="SWITZERLAND"/>
<dc element="dc.source" value="Reuters"/>
</metadata>
</newsitem>
