<?xml version="1.0" encoding="iso-8859-1" ?>
<newsitem itemid="445275" id="root" date="1997-03-15" xml:lang="en">
<title>GERMANY: EU backs east German shipyard subsidies - report.</title>
<headline>EU backs east German shipyard subsidies - report.</headline>
<dateline>MUNICH, Germany 1997-03-15</dateline>
<text>
<p>The European Commission will give its backing to German government plans to provide a massive subsidy to east German shipyards, Focus magazine said on Saturday.</p>
<p>Focus said that the commission would recommend to the council of ministers early next week that a subsidy of 1.04 billion marks be provided to the shipyards.</p>
<p>In exchange for the EU's approval, Germany must promise to limit capacity at the shipyards until the end of 2000.</p>
<p>The German economics ministry was not immediately available for comment.</p>
<p>The magazine said that MTW-Schiffswerft Wismar will get 450 million marks of support and that Volkswerft Stralsund will receive 590 million marks.</p>
<p>--Frankfurt Newsroom + 49 69 756525</p>
</text>
<copyright>(c) Reuters Limited 1997</copyright>
<metadata>
<codes class="bip:countries:1.0">
  <code code="EEC">
    <editdetail attribution="Reuters BIP Coding Group" action="confirmed" date="1997-03-15"/>
  </code>
  <code code="GFR">
    <editdetail attribution="Reuters BIP Coding Group" action="confirmed" date="1997-03-15"/>
  </code>
</codes>
<codes class="bip:industries:1.0">
  <code code="I36101">
    <editdetail attribution="Reuters BIP Coding Group" action="confirmed" date="1997-03-15"/>
  </code>
</codes>
<codes class="bip:topics:1.0">
  <code code="C13">
    <editdetail attribution="Reuters BIP Coding Group" action="confirmed" date="1997-03-15"/>
  </code>
  <code code="C17">
    <editdetail attribution="Reuters BIP Coding Group" action="confirmed" date="1997-03-15"/>
  </code>
  <code code="CCAT">
    <editdetail attribution="Reuters BIP Coding Group" action="confirmed" date="1997-03-15"/>
  </code>
  <code code="G15">
    <editdetail attribution="Reuters BIP Coding Group" action="confirmed" date="1997-03-15"/>
  </code>
  <code code="G152">
    <editdetail attribution="Reuters BIP Coding Group" action="confirmed" date="1997-03-15"/>
  </code>
  <code code="GCAT">
    <editdetail attribution="Reuters BIP Coding Group" action="confirmed" date="1997-03-15"/>
  </code>
</codes>
<dc element="dc.date.created" value="1997-03-15"/>
<dc element="dc.publisher" value="Reuters Holdings Plc"/>
<dc element="dc.date.published" value="1997-03-15"/>
<dc element="dc.source" value="Reuters"/>
<dc element="dc.creator.location" value="MUNICH, Germany"/>
<dc element="dc.creator.location.country.name" value="GERMANY"/>
<dc element="dc.source" value="Reuters"/>
</metadata>
</newsitem>
