<?xml version="1.0" encoding="iso-8859-1" ?>
<newsitem itemid="445284" id="root" date="1997-03-15" xml:lang="en">
<title>FRANCE: Juppe calls for EU role in Albanian elections.</title>
<headline>Juppe calls for EU role in Albanian elections.</headline>
<dateline>PARIS 1997-03-15</dateline>
<text>
<p>French Prime Minister Alain Juppe called on Saturday on the European Union to play a role in organising presidential and general elections in Albania.</p>
<p>&quot;Should we send an expeditionary corps? I think we should first try to play a political role,&quot; Juppe told Canal-Plus television.</p>
<p>&quot;Europe must support...a political project for national reconciliation. We should help place what Albanian political forces remain around a negotiating table so that real presidential and general elections are organised and the Albanians can express themselves,&quot; he said.</p>
<p>Juppe also said humanitarian action and economic aid were needed.</p>
<p>He spoke as European Union foreign ministers, including France's Herve de Charette, met in the Netherlands to search for a response to the Albanian crisis.</p>
<p>The Europeans were divided on on whether to back calls for military intervention.</p>
</text>
<copyright>(c) Reuters Limited 1997</copyright>
<metadata>
<codes class="bip:countries:1.0">
  <code code="ALB">
    <editdetail attribution="Reuters BIP Coding Group" action="confirmed" date="1997-03-15"/>
  </code>
  <code code="EEC">
    <editdetail attribution="Reuters BIP Coding Group" action="confirmed" date="1997-03-15"/>
  </code>
  <code code="FRA">
    <editdetail attribution="Reuters BIP Coding Group" action="confirmed" date="1997-03-15"/>
  </code>
</codes>
<codes class="bip:topics:1.0">
  <code code="G15">
    <editdetail attribution="Reuters BIP Coding Group" action="confirmed" date="1997-03-15"/>
  </code>
  <code code="G158">
    <editdetail attribution="Reuters BIP Coding Group" action="confirmed" date="1997-03-15"/>
  </code>
  <code code="GCAT">
    <editdetail attribution="Reuters BIP Coding Group" action="confirmed" date="1997-03-15"/>
  </code>
  <code code="GDIP">
    <editdetail attribution="Reuters BIP Coding Group" action="confirmed" date="1997-03-15"/>
  </code>
  <code code="GPOL">
    <editdetail attribution="Reuters BIP Coding Group" action="confirmed" date="1997-03-15"/>
  </code>
  <code code="GVOTE">
    <editdetail attribution="Reuters BIP Coding Group" action="confirmed" date="1997-03-15"/>
  </code>
</codes>
<dc element="dc.date.created" value="1997-03-15"/>
<dc element="dc.publisher" value="Reuters Holdings Plc"/>
<dc element="dc.date.published" value="1997-03-15"/>
<dc element="dc.source" value="Reuters"/>
<dc element="dc.creator.location" value="PARIS"/>
<dc element="dc.creator.location.country.name" value="FRANCE"/>
<dc element="dc.source" value="Reuters"/>
</metadata>
</newsitem>
