<?xml version="1.0" encoding="iso-8859-1" ?>
<newsitem itemid="445294" id="root" date="1997-03-15" xml:lang="en">
<title>FRANCE: Frenchmen released by India return home.</title>
<headline>Frenchmen released by India return home.</headline>
<dateline>PARIS 1997-03-15</dateline>
<text>
<p>Three Frenchmen and a Malagasy national released by India after 15 months in custody on suspicion of spying returned to Paris on Saturday, the French Foreign Ministry said.</p>
<p>The fate of two other French crewmembers of the catamaran &quot;Galathee&quot; will be decided by a court in Kerala on April 2.</p>
<p>Frenchmen Thierry Proust, Herve Blanchet, Pierre-Hugues Lejeune and Vincent Matthew of Madagascar were greeted on their arrival by officials and by former deputy foreign minister Jean-Francois Deniau who pleaded their case earlier in India.</p>
<p>India released the four earlier this week but two Frenchmen remain behind.</p>
<p>Archeologist Francois Clavel and the catamaran's captain Philippe Elle were indicted for spying for allegedly carrying out illegal underwater surveys that could aid an enemy in anti-submarine warfare.</p>
<p>An Indian businessman and a former Indian politician were also charged.</p>
<p>The crew members were arrested in December 1995 by harbour police for allegedly carrying out an unauthorised survey of the seabed near the southern port of Cochin, site of a major Indian naval base.</p>
<p>Elle has told Reuters that the survey was meant to determine if the harbour was suitable for aquaculture and could serve as a base for pleasure sailing.</p>
<p>The &quot;Galathee&quot; crew was also interested in studying a 16th-century ship wreck, he said.</p>
</text>
<copyright>(c) Reuters Limited 1997</copyright>
<metadata>
<codes class="bip:countries:1.0">
  <code code="FRA">
    <editdetail attribution="Reuters BIP Coding Group" action="confirmed" date="1997-03-15"/>
  </code>
  <code code="INDIA">
    <editdetail attribution="Reuters BIP Coding Group" action="confirmed" date="1997-03-15"/>
  </code>
  <code code="MALAG">
    <editdetail attribution="Reuters BIP Coding Group" action="confirmed" date="1997-03-15"/>
  </code>
</codes>
<codes class="bip:topics:1.0">
  <code code="GCAT">
    <editdetail attribution="Reuters BIP Coding Group" action="confirmed" date="1997-03-15"/>
  </code>
  <code code="GDEF">
    <editdetail attribution="Reuters BIP Coding Group" action="confirmed" date="1997-03-15"/>
  </code>
  <code code="GDIP">
    <editdetail attribution="Reuters BIP Coding Group" action="confirmed" date="1997-03-15"/>
  </code>
</codes>
<dc element="dc.date.created" value="1997-03-15"/>
<dc element="dc.publisher" value="Reuters Holdings Plc"/>
<dc element="dc.date.published" value="1997-03-15"/>
<dc element="dc.source" value="Reuters"/>
<dc element="dc.creator.location" value="PARIS"/>
<dc element="dc.creator.location.country.name" value="FRANCE"/>
<dc element="dc.source" value="Reuters"/>
</metadata>
</newsitem>
