<?xml version="1.0" encoding="iso-8859-1" ?>
<newsitem itemid="445273" id="root" date="1997-03-15" xml:lang="en">
<title>SPAIN: BCH to focus on lower costs and greater efficiency.</title>
<headline>BCH to focus on lower costs and greater efficiency.</headline>
<dateline>MADRID 1997-03-15</dateline>
<text>
<p>Banco Central Hispanoamericano (BCH) chairman Jose Maria Amusategui said on Saturday the bank would focus on reducing costs and promoting greater efficiency in its operations to secure higher profits.</p>
<p>&quot;A reduction in costs and increases in productivity are the cornerstones of our strategy,&quot; he told a shareholders meeting.</p>
<p>Managing Director Angel Corcostegui said more streamlined costs, together with a greater availability of resources due to a reduction in debts, would boost profits by an estimated 25 percent this year.</p>
<p>&quot;In the current and coming financial years, we will progressively consolidate the recovery initiated in 1996, with firm and gradual increases in profits and dividends,&quot; he said.</p>
<p>Corcostegui said the parent company would save some 10 billion pesetas in 1997.</p>
<p>In addition, BCH has reduced its workforce by some 10,000 since 1991 and has shut 1,000 offices. In 1996, operating costs represented 2.37 percent of total assets compared with 2.44 percent in 1995.</p>
<p>&quot;We are capable of generating growing profits through the development of our core banking activities, based on a healthy balance,&quot; the chairman said.</p>
<p>Amasutegui underlined the bank's &quot;industrial vocation&quot;, with stakes in groups such as Endesa and Cepsa, and said it would remain committed to an international strategy.</p>
<p>&quot;We will consolidate our important presence in Latin America,&quot; he said, announcing that the bank's &quot;next operation would be in Colombia&quot;. He gave no further details.</p>
<p>Last October, BCH said it had reached an agreement in principle with Banco de Colombia to buy a &quot;significant&quot; stake in the Colombian bank. A final agreement has not yet been announced.</p>
<p>BCH reported a 169 percent increase in net attributable profit to 33.5 billion pesetas in 1996.</p>
<p>-- Madrid newsroom + 34 1 585 2161</p>
</text>
<copyright>(c) Reuters Limited 1997</copyright>
<metadata>
<codes class="bip:countries:1.0">
  <code code="SPAIN">
    <editdetail attribution="Reuters BIP Coding Group" action="confirmed" date="1997-03-15"/>
  </code>
</codes>
<codes class="bip:industries:1.0">
  <code code="I81402">
    <editdetail attribution="Reuters BIP Coding Group" action="confirmed" date="1997-03-15"/>
  </code>
</codes>
<codes class="bip:topics:1.0">
  <code code="C11">
    <editdetail attribution="Reuters BIP Coding Group" action="confirmed" date="1997-03-15"/>
  </code>
  <code code="CCAT">
    <editdetail attribution="Reuters BIP Coding Group" action="confirmed" date="1997-03-15"/>
  </code>
</codes>
<dc element="dc.date.created" value="1997-03-15"/>
<dc element="dc.publisher" value="Reuters Holdings Plc"/>
<dc element="dc.date.published" value="1997-03-15"/>
<dc element="dc.source" value="Reuters"/>
<dc element="dc.creator.location" value="MADRID"/>
<dc element="dc.creator.location.country.name" value="SPAIN"/>
<dc element="dc.source" value="Reuters"/>
</metadata>
</newsitem>
