<?xml version="1.0" encoding="iso-8859-1" ?>
<newsitem itemid="445276" id="root" date="1997-03-15" xml:lang="en">
<title>BELGIUM: Belgian bishops support major Brussels jobs march.</title>
<headline>Belgian bishops support major Brussels jobs march.</headline>
<byline>Jeremy Lovell</byline>
<dateline>BRUSSELS 1997-03-15</dateline>
<text>
<p>Belgian bishops have come out in support of the 100,000 trades unionists and politicians who will pour into Brussels on Sunday to protest against Europe's high unemployment and governments' inability to cut it.</p>
<p>&quot;The bishops of Belgium hope the march for jobs will make people think and react creatively at different levels,&quot; said a statement published in La Libre Belgique newspaper on Saturday.</p>
<p>&quot;People who want to work must not be abandoned to their sad fate. There is a lack of adequate rules to make the economy more humane,&quot; the bishops added.</p>
<p>Police said 23 special trains and 500 coaches had already been booked in Belgium alone for the March for Jobs.</p>
<p>Unions said they also expected thousands to come from France, with other delegations due from Spain, Portugal, Germany, Luxembourg, the Netherlands, Italy, Greece, Austria, Hungary, Slovenia and the Czech Republic.</p>
<p>As the march, due to start at 1400 (1300 GMT), moves from Brussels North Station past the bourse to South Station it will be under the watchful eyes of 600 policemen and gendarmes who are hoping for calm but are preparing for the worst.</p>
<p>&quot;There will be some discreet checks on people arriving for the demonstration before they get to Brussels just to make sure there are no troublemakers,&quot; a police spokesman said on Friday.</p>
<p>Medical teams will be on standby.</p>
<p>Unemployment in the 15-nation European Union is stuck at 10.8 percent of the workforce, with most governments apparently unable to tackle the festering social sore as they focus on cutting costs to prepare for the bloc's single currency in 1999.</p>
<p>Belgium has been shaken since the announcement in January of the closure of steelmaker Forges de Clabecq with the threatened loss of 1,800 jobs, and last month's decision by French carmaker Renault to shut its Belgian plant with the loss of 3,100 jobs.</p>
<p>The employment issue took on international proportions and a diplomatic dimension when Renault suddenly announced at the end of February it would close its plant at Vilvoorde near Brussels.</p>
<p>Prime Minister Jean-Luc Dehaene, who lives in Vilvoorde, condemned the decision, and the Belgian Federal and Flemish regional governments said they would take Renault to court.</p>
<p>Renault, under fire from all sides, made matters worse by refusing to reverse its decision and declaring it would also shed more than 2,700 jobs in France this year.</p>
<p>French Socialist Party chief Lionel Jospin will lead a delegation from national party headquarters and Communist party leader Robert Hue will take charge of his own group.</p>
<p>Louis Viannet, communist-led CGT union chief, and Marc Blondel, head of the non-partisan FO, will also attend.</p>
<p>But the issue is far wider than the bankruptcy of one company or the strategic decisions of another.</p>
<p>The unions want consultations with employers on issues such as working hours, and for governments to cut the indirect tax costs of employment -- both of which were key elements in the EU's 1993 White Paper, Growth, Competitiveness and Employment.</p>
<p>At the European level they want tax policies that encourage jobs rather than capital, a coherent social policy, moves to encourage economic growth instead of budget belt tightening.</p>
<p>But European governments have tied their own hands.</p>
<p>With the decision day on who will be in the vanguard of nations joining the single currency now less than a year away, countries are slashing their expenditure -- and with it their public services -- and raising taxes in a bid to join the club.</p>
<p>Pundits say that such are the stakes that a failure to go ahead with the single currency, or even a delay, could prove fatal to the European Union itself.</p>
</text>
<copyright>(c) Reuters Limited 1997</copyright>
<metadata>
<codes class="bip:countries:1.0">
  <code code="BELG">
    <editdetail attribution="Reuters BIP Coding Group" action="confirmed" date="1997-03-15"/>
  </code>
</codes>
<codes class="bip:topics:1.0">
  <code code="E41">
    <editdetail attribution="Reuters BIP Coding Group" action="confirmed" date="1997-03-15"/>
  </code>
  <code code="E411">
    <editdetail attribution="Reuters BIP Coding Group" action="confirmed" date="1997-03-15"/>
  </code>
  <code code="ECAT">
    <editdetail attribution="Reuters BIP Coding Group" action="confirmed" date="1997-03-15"/>
  </code>
  <code code="GCAT">
    <editdetail attribution="Reuters BIP Coding Group" action="confirmed" date="1997-03-15"/>
  </code>
  <code code="GPOL">
    <editdetail attribution="Reuters BIP Coding Group" action="confirmed" date="1997-03-15"/>
  </code>
  <code code="GREL">
    <editdetail attribution="Reuters BIP Coding Group" action="confirmed" date="1997-03-15"/>
  </code>
</codes>
<dc element="dc.date.created" value="1997-03-15"/>
<dc element="dc.publisher" value="Reuters Holdings Plc"/>
<dc element="dc.date.published" value="1997-03-15"/>
<dc element="dc.source" value="Reuters"/>
<dc element="dc.creator.location" value="BRUSSELS"/>
<dc element="dc.creator.location.country.name" value="BELGIUM"/>
<dc element="dc.source" value="Reuters"/>
</metadata>
</newsitem>
