<?xml version="1.0" encoding="iso-8859-1" ?>
<newsitem itemid="445214" id="root" date="1997-03-15" xml:lang="en">
<title>USA: Swallows return to Capistrano a few days early.</title>
<headline>Swallows return to Capistrano a few days early.</headline>
<byline>Dan Whitcomb</byline>
<dateline>SAN JUAN CAPISTRANO, Calif. 1997-03-15</dateline>
<text>
<p>Following an annual spring rite more than two centuries old, swallows returned to the San Juan Capistrano Mission on Saturday, greeted by the ringing of bells.</p>
<p>But the little birds also were greeted by the grumbling of traditionalists, who were upset that the old Spanish mission was celebrating four days early in an effort to lure more tourist dollars.</p>
<p>The swallows have returned every March 19 -- St. Joseph's Day -- in the 214-year history of the mission, their impeccable timing a cause for both celebration and wonder.</p>
<p>Last year, mission officials decided to start holding the annual celebration on a weekend in the hope that weekend festivities would bring in more visitors -- angering many in the area.</p>
<p>Caynel Wald, director of the mission's visitors' centre, on Saturday shrugged off what she said was a still-simmering controversy.</p>
<p>&quot;The traditional day was the 19th, but is that the day the swallows always returned? No,&quot; she said. &quot;They return whenever they feel like it. It has more to do with climate and food supply than anything else.&quot;</p>
<p>Wald said it took the birds almost two months to make the trip north to Capistrano from their winter quarters in Goya, Argentina, and the exact moment of arrival was unpredictable.</p>
<p>&quot;They come in mid-March, truthfully, and we celebrate their return,&quot; she said. &quot;After all, that's a mean feat for a bunch of little birds.&quot;</p>
<p>Wald, who was dressed for the day as a Spanish senora from the 1820's, said the swallows had been returning to Capistrano since even before the mission was founded in 1776.</p>
<p>&quot;They used to nest in the cliffs down along the ocean,&quot; she said, but probably found the eaves of the mission buildings a little more comfortable.</p>
<p>&quot;In fact, every spring we get calls from homeowners saying 'I have your darn swallows and I do not want them',&quot; Wald added.</p>
<p>Plenty of the birds were in sight during Saturday's daylong celebration, including one building a nest not far from where vendors sold souvenirs and a stage where performers sang the 1939 hit &quot;When the Swallows Come Back to Capistrano.&quot;</p>
<p>The birds' return has been celebrated since 1910, when Father St. John O'Sullivan was posted at the mission.</p>
<p>Father O'Sullivan became fascinated with the swallows' migratory cycle and viewed their return as inspiring renewal and a rejuvenation of the human spirit. He eventually wrote a book on the phenomenon, called &quot;Capistrano Nights.&quot;</p>
</text>
<copyright>(c) Reuters Limited 1997</copyright>
<metadata>
<codes class="bip:countries:1.0">
  <code code="USA">
    <editdetail attribution="Reuters BIP Coding Group" action="confirmed" date="1997-03-15"/>
  </code>
</codes>
<codes class="bip:topics:1.0">
  <code code="GCAT">
    <editdetail attribution="Reuters BIP Coding Group" action="confirmed" date="1997-03-15"/>
  </code>
  <code code="GODD">
    <editdetail attribution="Reuters BIP Coding Group" action="confirmed" date="1997-03-15"/>
  </code>
</codes>
<dc element="dc.date.created" value="1997-03-15"/>
<dc element="dc.publisher" value="Reuters Holdings Plc"/>
<dc element="dc.date.published" value="1997-03-15"/>
<dc element="dc.source" value="Reuters"/>
<dc element="dc.creator.location" value="SAN JUAN CAPISTRANO, Calif."/>
<dc element="dc.creator.location.country.name" value="USA"/>
<dc element="dc.source" value="Reuters"/>
</metadata>
</newsitem>
