<?xml version="1.0" encoding="iso-8859-1" ?>
<newsitem itemid="445255" id="root" date="1997-03-15" xml:lang="en">
<title>NETHERLANDS: EU urges free movement of aid in Zaire.</title>
<headline>EU urges free movement of aid in Zaire.</headline>
<dateline>APELDOORN, Netherlands 1997-03-15</dateline>
<text>
<p>The European Union on Saturday urged the warring factions in Zaire to allow the free movement of humanitarian aid to thousands of refugees.</p>
<p>&quot;It is with great concern that the European Union has learned about the rapidly deteriorating situation in Kisangani,&quot; Dutch Foreign Minister Hans van Mierlo told a news conference during a two-day informal gathering of the bloc's 15 foreign ministers in the central Netherlands.</p>
<p>&quot;Once more this means that large groups of refugees have to move further without any assistance of any kind being able to reach them.</p>
<p>&quot;This means further suffering for the Zairean population,&quot; van Mierlo said.</p>
<p>&quot;The EU calls on all parties to the conflict in eastern Zaire to respect the lives of both refugees and Zaireans.&quot;</p>
<p>&quot;As the largest provider of humanitarian aid (to Zaire), the EU urges all the parties involved to safeguard the humanitarian corridors...in order to enable the delivery of the humanitarian assistance that is so urgently needed,&quot; van Mierlo said.</p>
<p>Rebels in the African nation earlier captured Zaire's third largest city of Kisangani, dealing a severe blow to President Mobutu Seke Seko's government.</p>
</text>
<copyright>(c) Reuters Limited 1997</copyright>
<metadata>
<codes class="bip:countries:1.0">
  <code code="EEC">
    <editdetail attribution="Reuters BIP Coding Group" action="confirmed" date="1997-03-15"/>
  </code>
  <code code="NETH">
    <editdetail attribution="Reuters BIP Coding Group" action="confirmed" date="1997-03-15"/>
  </code>
  <code code="ZAIRE">
    <editdetail attribution="Reuters BIP Coding Group" action="confirmed" date="1997-03-15"/>
  </code>
</codes>
<codes class="bip:topics:1.0">
  <code code="G15">
    <editdetail attribution="Reuters BIP Coding Group" action="confirmed" date="1997-03-15"/>
  </code>
  <code code="G158">
    <editdetail attribution="Reuters BIP Coding Group" action="confirmed" date="1997-03-15"/>
  </code>
  <code code="GCAT">
    <editdetail attribution="Reuters BIP Coding Group" action="confirmed" date="1997-03-15"/>
  </code>
  <code code="GVIO">
    <editdetail attribution="Reuters BIP Coding Group" action="confirmed" date="1997-03-15"/>
  </code>
</codes>
<dc element="dc.date.created" value="1997-03-15"/>
<dc element="dc.publisher" value="Reuters Holdings Plc"/>
<dc element="dc.date.published" value="1997-03-15"/>
<dc element="dc.source" value="Reuters"/>
<dc element="dc.creator.location" value="APELDOORN, Netherlands"/>
<dc element="dc.creator.location.country.name" value="NETHERLANDS"/>
<dc element="dc.source" value="Reuters"/>
</metadata>
</newsitem>
