<?xml version="1.0" encoding="iso-8859-1" ?>
<newsitem itemid="445230" id="root" date="1997-03-15" xml:lang="en">
<title>USA: Poll shows drop in support for Gore as president.</title>
<headline>Poll shows drop in support for Gore as president.</headline>
<dateline>WASHINGTON 1997-03-14</dateline>
<text>
<p>Nearly half of the respondents in a new poll released Friday said they did not believe Vice President Al Gore would make a good president if he were elected in 2000.</p>
<p>The Time Magazine/CNN poll said when participants were asked to choose exclusively from Democratic contenders who might run for president in the next election, 41 percent said they would vote for Gore.</p>
<p>However, when asked if they felt Al Gore would make a good president to succeed Clinton, 49 percent said they did not think he would. A similar poll in October showed 39 percent felt Gore would not make a good president.</p>
<p>Running a distant second to Gore in the Democratic field was the Rev. Jesse Jackson, who got 15 percent of the vote, and former Sen. Bill Bradley came in third with eight percent.</p>
<p>Gore faced a storm of ethics questions and a possible dip in popularity this month after reports he had solicited campaign funds by telephone from his White House office.</p>
<p>According to the poll, which surveyed 1,018 adult Americans by phone, 60 percent thought Gore's phone calls from the White House seeking contributions were inappropriate, while 44 percent said his actions were unethical.</p>
<p>The poll reported a 3.1 percent margin of error.</p>
</text>
<copyright>(c) Reuters Limited 1997</copyright>
<metadata>
<codes class="bip:countries:1.0">
  <code code="USA">
    <editdetail attribution="Reuters BIP Coding Group" action="confirmed" date="1997-03-15"/>
  </code>
</codes>
<codes class="bip:topics:1.0">
  <code code="GCAT">
    <editdetail attribution="Reuters BIP Coding Group" action="confirmed" date="1997-03-15"/>
  </code>
  <code code="GPOL">
    <editdetail attribution="Reuters BIP Coding Group" action="confirmed" date="1997-03-15"/>
  </code>
  <code code="GVOTE">
    <editdetail attribution="Reuters BIP Coding Group" action="confirmed" date="1997-03-15"/>
  </code>
</codes>
<dc element="dc.date.created" value="1997-03-14"/>
<dc element="dc.publisher" value="Reuters Holdings Plc"/>
<dc element="dc.date.published" value="1997-03-15"/>
<dc element="dc.source" value="Reuters"/>
<dc element="dc.creator.location" value="WASHINGTON"/>
<dc element="dc.creator.location.country.name" value="USA"/>
<dc element="dc.source" value="Reuters"/>
</metadata>
</newsitem>
