<?xml version="1.0" encoding="iso-8859-1" ?>
<newsitem itemid="445293" id="root" date="1997-03-15" xml:lang="en">
<title>FRANCE: Juppe says no French unilateral move in Zaire.</title>
<headline>Juppe says no French unilateral move in Zaire.</headline>
<dateline>PARIS 1997-03-15</dateline>
<text>
<p>Prime Minister Alain Juppe ruled out on Saturday a unilateral French military intervention in Zaire where rebels are increasingly threatening the government, which is allied to Paris.</p>
<p>&quot;We do not intend to launch again a solely French operation and, after all, we do not have all the means to carry it out either,&quot; he told Canal-Plus television. France has been pressing in recent days for a multinational peace force to be sent to Zaire.  </p>
<p>Juppe said France still hoped for the creation of such a force whose aim would be to establish security areas where humanitarian aid could be distributed. &quot;France cannot do everything by itself, be it in Zaire or in Albania,&quot; said Juppe.</p>
<p>He said Paris backed United Nations efforts to bring about a cease-fire and the departure of foreign troops from Zaire.</p>
<p>France has long propped up Zairean president Mobutu Sese Seko. Its most notable intervention was in 1977 when it sent hundreds of foreign legion paratroopers to retake Kolwezi, capital of mineral-rich Shaba province, which had been invaded by Cuban-trained rebels.</p>
<p>The United States, now squabbling with Paris over policy towards Zaire, then supplied the aircraft which airlifted the legionnaires from Corsica to Zaire for a dramatic jump over Kolwezi where rebels were starting to kill foreign civilians.</p>
</text>
<copyright>(c) Reuters Limited 1997</copyright>
<metadata>
<codes class="bip:countries:1.0">
  <code code="FRA">
    <editdetail attribution="Reuters BIP Coding Group" action="confirmed" date="1997-03-15"/>
  </code>
  <code code="ZAIRE">
    <editdetail attribution="Reuters BIP Coding Group" action="confirmed" date="1997-03-15"/>
  </code>
</codes>
<codes class="bip:topics:1.0">
  <code code="GCAT">
    <editdetail attribution="Reuters BIP Coding Group" action="confirmed" date="1997-03-15"/>
  </code>
  <code code="GDIP">
    <editdetail attribution="Reuters BIP Coding Group" action="confirmed" date="1997-03-15"/>
  </code>
  <code code="GVIO">
    <editdetail attribution="Reuters BIP Coding Group" action="confirmed" date="1997-03-15"/>
  </code>
</codes>
<dc element="dc.date.created" value="1997-03-15"/>
<dc element="dc.publisher" value="Reuters Holdings Plc"/>
<dc element="dc.date.published" value="1997-03-15"/>
<dc element="dc.source" value="Reuters"/>
<dc element="dc.creator.location" value="PARIS"/>
<dc element="dc.creator.location.country.name" value="FRANCE"/>
<dc element="dc.source" value="Reuters"/>
</metadata>
</newsitem>
