<?xml version="1.0" encoding="iso-8859-1" ?>
<newsitem itemid="445281" id="root" date="1997-03-15" xml:lang="en">
<title>ITALY: Italy distances itself from Albania's Berisha.</title>
<headline>Italy distances itself from Albania's Berisha.</headline>
<byline>Paul Holmes</byline>
<dateline>ROME 1997-03-15</dateline>
<text>
<p>Italy signalled on Saturday that it no longer saw Albanian President Sali Berisha as a key player in his crisis-hit country's affairs and said his fate was in the hands of the Balkan state's new premier.</p>
<p>&quot;It's up to Prime Minister (Bashkim) Fino to assess what Berisha's role might now be,&quot; Foreign Minister Lamberto Dini told the newspaper La Repubblica.</p>
<p>He said Fino had to decide whether Berisha's presence was &quot;an obstacle to pacifying the country or not, whether his continuation in the role can be accepted at least to prepare elections or not&quot;.</p>
<p>The comments marked a clear distancing from Berisha by Italy, Albania's biggest economic partner and a leading force in diplomatic efforts to halt the country's descent into chaos.</p>
<p>Rome had been regarded as the right-wing president's closest contact in the European Union until armed rebellion and anarchy spread through the impoverished state this month. He sent his son and daughter to safety in Italy on Thursday.</p>
<p>In the Dutch town of Apeldoorn, where EU foreign ministers were discussing the crisis, Danish Foreign Minister Niels Helveg Petersen said openly that Berisha should resign.</p>
<p>&quot;I'm sure that if President Berisha were to step down that would in some ways improve the situation in Albania,&quot; said Petersen, whose country holds the chairmanship of the 54-member Organisation for Security and Cooperation in Europe (OSCE).</p>
<p>Dini noted that leaders from rebel towns in Albania's south had told OSCE mediator Franz Vranitzky during talks on an Italian warship on Friday that while they supported Fino's national unity government they wanted Berisha to go.</p>
<p>&quot;The (rebel) committees said that they will hand in their weapons only after Berisha has resigned,&quot; he said.</p>
<p>Berisha, whose Democratic Party won a landslide in elections last year which international observers said were deeply flawed, has given no indication that he intends to quit.</p>
<p>His re-election to a second five-year term by parliament went ahead on March 3 as armed unrest sparked by the collapse of shady pyramid savings schemes engulfed the south.</p>
<p>He initially refused to form a new coalition government in response to the uprising but bowed to international pressure last weekend by agreeing to a deal with opposition parties.</p>
<p>Fino, of the main opposition Socialists, heads a government of national reconciliation which is meant to lead the country to internationally supervised early elections by June.</p>
<p>Italy had pressed hard for an all-party government to be set up. &quot;Fino is now our primary interlocutor,&quot; one diplomat said.</p>
<p>Dini defended past contacts with Berisha, saying he was &quot;and for the moment remains the constituted authority&quot; in Albania.</p>
<p>But he was critical of Berisha's late agreement to a unity government.</p>
<p>&quot;My great regret is that the formation of the new government happened so late,&quot; Dini said. &quot;The dramatic developments of these past few days could have been avoided.&quot;</p>
</text>
<copyright>(c) Reuters Limited 1997</copyright>
<metadata>
<codes class="bip:countries:1.0">
  <code code="ALB">
    <editdetail attribution="Reuters BIP Coding Group" action="confirmed" date="1997-03-15"/>
  </code>
  <code code="ITALY">
    <editdetail attribution="Reuters BIP Coding Group" action="confirmed" date="1997-03-15"/>
  </code>
</codes>
<codes class="bip:topics:1.0">
  <code code="GCAT">
    <editdetail attribution="Reuters BIP Coding Group" action="confirmed" date="1997-03-15"/>
  </code>
  <code code="GDIP">
    <editdetail attribution="Reuters BIP Coding Group" action="confirmed" date="1997-03-15"/>
  </code>
</codes>
<dc element="dc.date.created" value="1997-03-15"/>
<dc element="dc.publisher" value="Reuters Holdings Plc"/>
<dc element="dc.date.published" value="1997-03-15"/>
<dc element="dc.source" value="Reuters"/>
<dc element="dc.creator.location" value="ROME"/>
<dc element="dc.creator.location.country.name" value="ITALY"/>
<dc element="dc.source" value="Reuters"/>
</metadata>
</newsitem>
