<?xml version="1.0" encoding="iso-8859-1" ?>
<newsitem itemid="445221" id="root" date="1997-03-15" xml:lang="en">
<title>USA: Gore fills in for Clinton in weekly radio address.</title>
<headline>Gore fills in for Clinton in weekly radio address.</headline>
<dateline>WASHINGTON 1997-03-15</dateline>
<text>
<p>Vice President Al Gore served as President Clinton's substitute Saturday in delivering a radio address that called for $5 billion in federal aid to public schools in need of repair.</p>
<p>&quot;The president's doing great,&quot; Gore said, referring to Clinton's operation on Friday to repair a torn tendon. &quot;He's resting comfortably and he'll be back on his feet, both of them, very soon.&quot;</p>
<p>Promoting the need to provide quality education across the nation, Gore warned that &quot;in an age of tight budgets, we should be spending public funds on teachers and children.&quot;</p>
<p>He lamented that &quot;many or our schoolhouses are now at an all-time low -- rundown, overcrowded, and stuck with ancient technology or no technology at all.&quot;</p>
<p>He called for support for Clinton's call for $5 billion in federal aid to help the financially strapped school system -- a proposal that was formally submitted to Congress on Friday.</p>
<p>&quot;We simply cannot ask our teachers to build up children in buildings that are literally falling down,&quot; Gore said.</p>
</text>
<copyright>(c) Reuters Limited 1997</copyright>
<metadata>
<codes class="bip:countries:1.0">
  <code code="USA">
    <editdetail attribution="Reuters BIP Coding Group" action="confirmed" date="1997-03-15"/>
  </code>
</codes>
<codes class="bip:topics:1.0">
  <code code="GCAT">
    <editdetail attribution="Reuters BIP Coding Group" action="confirmed" date="1997-03-15"/>
  </code>
  <code code="GPOL">
    <editdetail attribution="Reuters BIP Coding Group" action="confirmed" date="1997-03-15"/>
  </code>
</codes>
<dc element="dc.date.created" value="1997-03-15"/>
<dc element="dc.publisher" value="Reuters Holdings Plc"/>
<dc element="dc.date.published" value="1997-03-15"/>
<dc element="dc.source" value="Reuters"/>
<dc element="dc.creator.location" value="WASHINGTON"/>
<dc element="dc.creator.location.country.name" value="USA"/>
<dc element="dc.source" value="Reuters"/>
</metadata>
</newsitem>
