<?xml version="1.0" encoding="iso-8859-1" ?>
<newsitem itemid="445220" id="root" date="1997-03-15" xml:lang="en">
<title>USA: FBI agent faces suspension over Jewell probe - paper.</title>
<headline>FBI agent faces suspension over Jewell probe - paper.</headline>
<dateline>ATLANTA 1997-03-15</dateline>
<text>
<p>An FBI agent who questioned Richard Jewell about the Olympic park bombing could be suspended for allegedly violating the former suspect's constitutional rights, a newspaper reported on Saturday.</p>
<p>David Tubbs, special agent in charge of the FBI's Kansas City office, faces a 15-day suspension without pay over a July 30 interview that attorneys for Jewell branded as a ruse to get their client to incriminate himself and forfeit his rights to legal counsel, according to the Atlanta Journal-Constitution.</p>
<p>Quoting unnamed FBI sources, the newspaper said Tubbs was notified of the proposed disciplinary action late on Friday and was given 30 days to respond. No other agents involved in the Jewell interview were notified of pending disciplinary action.</p>
<p>FBI officials in Atlanta were not immediately available for comment.</p>
<p>Jewell, who worked as a security guard at Centennial Olympic Park, spent three months as the only named suspect in the July 27 bombing, which left two people dead and more than 100 wounded at a crowded outdoor concert held midway through the Summer Games.</p>
<p>The 34-year-old former police officer was posted near the sound and light tower where the bomb had been placed. He spotted the military-style backpack that contained the 40-pound (18 kilogram) device and helped clear concert-goers from the area before it detonated. Three days later, he became a suspect.</p>
<p>Jewell was never charged with any crime. The Justice Department publicly exonerated him of suspicion last October, after he had spent what he described as &quot;88 days of hell&quot; being hounded by the FBI and the news media.</p>
<p>Hours before he was named a suspect by the Atlanta Journal on July 30, FBI agents called him to their office on the pretext of making a training video. The encounter soon became an interrogation about the bombing, his attorneys maintain.</p>
<p>&quot;The FBI is sworn to uphold the law, and they ought to take it much more seriously when agents intentionally violate the law,&quot; said Jewell's defence counsel, Jack Martin, who criticised the prospect of a short suspension for Tubbs.</p>
<p>&quot;It sounds like the type of penalty you'd give an agent for misusing a government car rather than intentionally violating the Constitution they're sworn to uphold.&quot;</p>
<p>Jewell's four-member legal team, which has wrung lucrative out-of-court settlements from General Electric Co.'s NBC and Time Warner Inc.'s CNN, has also threatened to bring lawsuits against individual members of the federal government found guilty of violating the rights of their client.</p>
</text>
<copyright>(c) Reuters Limited 1997</copyright>
<metadata>
<codes class="bip:countries:1.0">
  <code code="USA">
    <editdetail attribution="Reuters BIP Coding Group" action="confirmed" date="1997-03-15"/>
  </code>
</codes>
<codes class="bip:topics:1.0">
  <code code="GCAT">
    <editdetail attribution="Reuters BIP Coding Group" action="confirmed" date="1997-03-15"/>
  </code>
  <code code="GCRIM">
    <editdetail attribution="Reuters BIP Coding Group" action="confirmed" date="1997-03-15"/>
  </code>
</codes>
<dc element="dc.date.created" value="1997-03-15"/>
<dc element="dc.publisher" value="Reuters Holdings Plc"/>
<dc element="dc.date.published" value="1997-03-15"/>
<dc element="dc.source" value="Reuters"/>
<dc element="dc.creator.location" value="ATLANTA"/>
<dc element="dc.creator.location.country.name" value="USA"/>
<dc element="dc.source" value="Reuters"/>
</metadata>
</newsitem>
