<?xml version="1.0" encoding="iso-8859-1" ?>
<newsitem itemid="445298" id="root" date="1997-03-15" xml:lang="en">
<title>SWITZERLAND: Bank Leu boosts 1996 net profit.</title>
<headline>Bank Leu boosts 1996 net profit.</headline>
<dateline>ZURICH 1997-03-15</dateline>
<text>
<p>Calendar 1996</p>
<p> (million Swiss francs)		  1996	 1995</p>
<p> Net profit				  72.8  vs   56.1</p>
<p> Paid-out dividends			74.0  vs   48.0</p>
<p> Total assets			    14,862  vs 12,985</p>
<p> Employees				  1,074  vs  1,292</p>
<p> Return on equity (pct)		    11  vs	8</p>
<p>NOTE - Bank Leu is part of Credit Suisse Group's private banking division</p>
<p>-- Zurich newsroom +41 1 631 7340</p>
</text>
<copyright>(c) Reuters Limited 1997</copyright>
<metadata>
<codes class="bip:countries:1.0">
  <code code="SWITZ">
    <editdetail attribution="Reuters BIP Coding Group" action="confirmed" date="1997-03-15"/>
  </code>
</codes>
<codes class="bip:industries:1.0">
  <code code="I81402">
    <editdetail attribution="Reuters BIP Coding Group" action="confirmed" date="1997-03-15"/>
  </code>
</codes>
<codes class="bip:topics:1.0">
  <code code="C15">
    <editdetail attribution="Reuters BIP Coding Group" action="confirmed" date="1997-03-15"/>
  </code>
  <code code="C151">
    <editdetail attribution="Reuters BIP Coding Group" action="confirmed" date="1997-03-15"/>
  </code>
  <code code="C1511">
    <editdetail attribution="Reuters BIP Coding Group" action="confirmed" date="1997-03-15"/>
  </code>
  <code code="CCAT">
    <editdetail attribution="Reuters BIP Coding Group" action="confirmed" date="1997-03-15"/>
  </code>
</codes>
<dc element="dc.date.created" value="1997-03-15"/>
<dc element="dc.publisher" value="Reuters Holdings Plc"/>
<dc element="dc.date.published" value="1997-03-15"/>
<dc element="dc.source" value="Reuters"/>
<dc element="dc.creator.location" value="ZURICH"/>
<dc element="dc.creator.location.country.name" value="SWITZERLAND"/>
<dc element="dc.source" value="Reuters"/>
</metadata>
</newsitem>
