<?xml version="1.0" encoding="iso-8859-1" ?>
<newsitem itemid="445277" id="root" date="1997-03-15" xml:lang="en">
<title>GERMANY: Poll shows most Germans against EMU - paper.</title>
<headline>Poll shows most Germans against EMU - paper.</headline>
<dateline>BONN 1997-03-15</dateline>
<text>
<p>A majority of Germans are against the planned European economic and monetary union (EMU) championed by German Chancellor Helmut Kohl, an opinion poll showed on Saturday.</p>
<p>The Infratest Burke financial research institute said only 37 percent of Germans accepted the planned currency union, while 57 percent were against it, the Welt am Sonntag newspaper reported in a release ahead of publication on Sunday.</p>
<p>The poll showed seven out of every 10 citizens thought EMU, due to start in 1999, would happen, although only 40 percent thought Germany would fulfill the conditions laid out in the Maastricht treaty necessary to qualify to take part.</p>
<p>Of those against EMU, most were worried that the planned currency, the euro, would be weaker or less stable than the deutschemark, while others feared that Germany would end up carrying the financial burden of EMU.</p>
<p>The newspaper said 700 citizens with a monthly income of at least 5,000 marks from the states of the former West Germany had taken part in the poll, conducted at the end of last year.</p>
</text>
<copyright>(c) Reuters Limited 1997</copyright>
<metadata>
<codes class="bip:countries:1.0">
  <code code="EEC">
    <editdetail attribution="Reuters BIP Coding Group" action="confirmed" date="1997-03-15"/>
  </code>
  <code code="GFR">
    <editdetail attribution="Reuters BIP Coding Group" action="confirmed" date="1997-03-15"/>
  </code>
</codes>
<codes class="bip:topics:1.0">
  <code code="E12">
    <editdetail attribution="Reuters BIP Coding Group" action="confirmed" date="1997-03-15"/>
  </code>
  <code code="ECAT">
    <editdetail attribution="Reuters BIP Coding Group" action="confirmed" date="1997-03-15"/>
  </code>
  <code code="G15">
    <editdetail attribution="Reuters BIP Coding Group" action="confirmed" date="1997-03-15"/>
  </code>
  <code code="G154">
    <editdetail attribution="Reuters BIP Coding Group" action="confirmed" date="1997-03-15"/>
  </code>
  <code code="GCAT">
    <editdetail attribution="Reuters BIP Coding Group" action="confirmed" date="1997-03-15"/>
  </code>
  <code code="GPOL">
    <editdetail attribution="Reuters BIP Coding Group" action="confirmed" date="1997-03-15"/>
  </code>
</codes>
<dc element="dc.date.created" value="1997-03-15"/>
<dc element="dc.publisher" value="Reuters Holdings Plc"/>
<dc element="dc.date.published" value="1997-03-15"/>
<dc element="dc.source" value="Reuters"/>
<dc element="dc.creator.location" value="BONN"/>
<dc element="dc.creator.location.country.name" value="GERMANY"/>
<dc element="dc.source" value="Reuters"/>
</metadata>
</newsitem>
