<?xml version="1.0" encoding="iso-8859-1" ?>
<newsitem itemid="445231" id="root" date="1997-03-15" xml:lang="en">
<title>USA: FCC grants first 'Internet in the sky' license.</title>
<headline>FCC grants first 'Internet in the sky' license.</headline>
<dateline>WASHINGTON 1997-03-14</dateline>
<text>
<p>The U.S. Federal Communications Commission Friday licensed a company backed by technology billionaires Bill Gates and Craig McCaw to offer telephone and Internet services over the airwaves.</p>
<p>The license authorises Seattle-based Teledesic to build, launch and operate a satellite system to carry broad-band telecommunications such as Internet, videoconferencing and interactive multimedia, the FCC said.</p>
<p>&quot;Teledesic proposes an innovative satellite constellation that will comprise an 'Internet in the sky,'&quot; the FCC said in a statement.</p>
<p>It was the first such license the FCC has granted.</p>
<p>Teledesic is backed by Gates, the chairman of Microsoft Corp, and McCaw, the founder and former chairman of McCaw Cellular, which is now a subsidiary of AT&amp;T.</p>
<p>&quot;We are very pleased that the FCC has put this faith in us to deliver on a global opportunity to bring high-quality broadband communications capability to the citizens of the world,&quot; Teledesic chairman McCaw said in a separate statement.</p>
<p>Initial service will begin in 2002, McCaw said.</p>
</text>
<copyright>(c) Reuters Limited 1997</copyright>
<metadata>
<codes class="bip:countries:1.0">
  <code code="USA">
    <editdetail attribution="Reuters BIP Coding Group" action="confirmed" date="1997-03-15"/>
  </code>
</codes>
<codes class="bip:industries:1.0">
  <code code="I33020">
    <editdetail attribution="Reuters BIP Coding Group" action="confirmed" date="1997-03-15"/>
  </code>
  <code code="I3302020">
    <editdetail attribution="Reuters BIP Coding Group" action="confirmed" date="1997-03-15"/>
  </code>
  <code code="I79020">
    <editdetail attribution="Reuters BIP Coding Group" action="confirmed" date="1997-03-15"/>
  </code>
</codes>
<codes class="bip:topics:1.0">
  <code code="C13">
    <editdetail attribution="Reuters BIP Coding Group" action="confirmed" date="1997-03-15"/>
  </code>
  <code code="C22">
    <editdetail attribution="Reuters BIP Coding Group" action="confirmed" date="1997-03-15"/>
  </code>
  <code code="CCAT">
    <editdetail attribution="Reuters BIP Coding Group" action="confirmed" date="1997-03-15"/>
  </code>
</codes>
<dc element="dc.date.created" value="1997-03-14"/>
<dc element="dc.publisher" value="Reuters Holdings Plc"/>
<dc element="dc.date.published" value="1997-03-15"/>
<dc element="dc.source" value="Reuters"/>
<dc element="dc.creator.location" value="WASHINGTON"/>
<dc element="dc.creator.location.country.name" value="USA"/>
<dc element="dc.source" value="Reuters"/>
</metadata>
</newsitem>
