<?xml version="1.0" encoding="iso-8859-1" ?>
<newsitem itemid="445290" id="root" date="1997-03-15" xml:lang="en">
<title>NETHERLANDS: EU ministers meet amid Albania crisis.</title>
<headline>EU ministers meet amid Albania crisis.</headline>
<byline>Jeremy Gaunt</byline>
<dateline>APELDOORN, Netherlands 1997-03-15</dateline>
<text>
<p>The crisis in Albania looked set to capture the agenda on Saturday at an informal meeting of European Union foreign ministers in the central Dutch countryside.</p>
<p>Ministers from across the 15-nation bloc, gathering for what is supposed to be a relaxed chat about foreign policy, were expected to discuss the situation and Tirana's call for help from the West.</p>
<p>OSCE mediator Franz Vranitzky said on Friday that there was no alternative to foreign intervention to halt Albania's descent into chaos.</p>
<p>Dutch Foreign Minister Hans van Mierlo, hosting the Apeldoorn meeting, said the EU was not ruling anything out and that his colleagues would be considering a number of options.</p>
<p>But EU officials said there was no sign that any country in the bloc had the appetite to become involved militarily.</p>
<p>&quot;Does the West want to go into Albania? Who are we going to help?&quot; one EU diplomat said ahead of the meeting.</p>
<p>Officials said the EU ministers were likely to throw their support behind the mediation efforts of the Organisation for Security and Cooperation in Europe (OSCE), whose current president, Denmark, is an EU member.</p>
<p>&quot;The common aspect of what has been said in the EU, NATO and at the United Nations is that the OSCE should have the lead role,&quot; the diplomat said.</p>
<p>There were also growing signs among some in the EU that Albania would be best served if President Sali Berisha quit.</p>
<p>Despite the evident need for ministers to discuss Albania, officials said van Mierlo was hoping the issue would not hijack the two-day meeting at which he wanted to focus on some long-term EU dilemmas.</p>
<p>The ministers were expected to discuss EU plans for bringing in countries from the former communist bloc and the relationship with NATO enlargement plans.</p>
<p>Although no formal decisions were to be taken, the ministers were expected to discuss whether enlargement talks should begin with 10 former communist applicants at once, or whether the bloc should differentiate between those countries who were clearly ready and those who were not.</p>
<p>Poland, Hungary, the Czech Republic, Slovakia, Slovenia, Lithuania, Estonia, Bulgaria, Romania and Latvia have all been promised eventual EU membership.</p>
<p>The concern in some EU capitals is that the EU and NATO should not find themselves in a position where they have effectively rejected any of the countries by focusing on the favourites for membership -- Warsaw, Prague and Budapest.</p>
<p>On Sunday, the ministers were due to turn their attention to relations with Turkey, recently snubbed by Christian Democrat leaders from the EU.</p>
</text>
<copyright>(c) Reuters Limited 1997</copyright>
<metadata>
<codes class="bip:countries:1.0">
  <code code="ALB">
    <editdetail attribution="Reuters BIP Coding Group" action="confirmed" date="1997-03-15"/>
  </code>
  <code code="EEC">
    <editdetail attribution="Reuters BIP Coding Group" action="confirmed" date="1997-03-15"/>
  </code>
  <code code="NETH">
    <editdetail attribution="Reuters BIP Coding Group" action="confirmed" date="1997-03-15"/>
  </code>
</codes>
<codes class="bip:topics:1.0">
  <code code="G15">
    <editdetail attribution="Reuters BIP Coding Group" action="confirmed" date="1997-03-15"/>
  </code>
  <code code="G158">
    <editdetail attribution="Reuters BIP Coding Group" action="confirmed" date="1997-03-15"/>
  </code>
  <code code="GCAT">
    <editdetail attribution="Reuters BIP Coding Group" action="confirmed" date="1997-03-15"/>
  </code>
  <code code="GVIO">
    <editdetail attribution="Reuters BIP Coding Group" action="confirmed" date="1997-03-15"/>
  </code>
</codes>
<dc element="dc.date.created" value="1997-03-15"/>
<dc element="dc.publisher" value="Reuters Holdings Plc"/>
<dc element="dc.date.published" value="1997-03-15"/>
<dc element="dc.source" value="Reuters"/>
<dc element="dc.creator.location" value="APELDOORN, Netherlands"/>
<dc element="dc.creator.location.country.name" value="NETHERLANDS"/>
<dc element="dc.source" value="Reuters"/>
</metadata>
</newsitem>
