<?xml version="1.0" encoding="iso-8859-1" ?>
<newsitem itemid="445226" id="root" date="1997-03-15" xml:lang="en">
<title>USA: Legendary director Fred Zinnemann dies at 89.</title>
<headline>Legendary director Fred Zinnemann dies at 89.</headline>
<dateline>LOS ANGELES 1997-03-15</dateline>
<text>
<p>Academy Award-winning director Fred Zinnemann, whose classic films included &quot;High Noon,&quot; &quot;From Here to Eternity&quot; and &quot;A Man for All Seasons,&quot; died on Friday at 89, the Los Angeles Times said on Saturday.</p>
<p>The newspaper said that Zinnemann's death in London, where he had lived for more than 30 years, was disclosed by his son, Tim, a producer in Los Angeles. The precise cause of death was not given.</p>
<p>The director earned Oscars for directing the feature film &quot;From Here to Eternity&quot; in 1953, and two more Oscars for directing and producing &quot;A Man for All Seasons&quot; in 1966.</p>
<p>Five of his films -- &quot;The Search,&quot; &quot;High Noon,&quot; &quot;From Here to Eternity,&quot; &quot;A Man for All Seasons&quot; and &quot;Julia&quot; -- collected a total of 25 Academy Awards.</p>
<p>During his 40-year career Zinnemann made about 20 films and worked with such top stars as Gary Cooper and Audrey Hepburn. He introduced Marlon Brando to filmgoers in &quot;The Men&quot; in 1950.</p>
<p>He also directed the musical &quot;Oklahoma,&quot; the &quot;The Nun's Story&quot; and the classic thriller &quot;The Day of the Jackal.&quot;</p>
<p>Known as a master craftsman, Zinnemann was able to rally colleagues to match his high professional standards and to make serious films that were box office successes, the Los Angeles Times said.</p>
<p>He largely stopped making films after &quot;Five Days One Summer&quot; with Sean Connery in 1982 partly because of age and health problems and partly because he was dispirited by the venemous reviews the film received.</p>
<p>That Hollywood did respect his output was evident in his number of Oscars and a special award from the Academy of Motion Picure Arts and Sciences when he dedicated his personal library to the organisation.</p>
<p>Born in Vienna, Zinnemann started out to become a violinist but abandoned a career in music when he decided he had no talent. He next studied law, earning a degree at the University of Vienna.</p>
<p>But he was impressed by film while a student and in 1927 went to Paris as one of the first students of the Ecole Tehnique de Cinema, where he started by learning optics, photochemistry, development and printing, and worked as an assistant camerman.</p>
<p>He first tackled Hollywood in 1929 as an extra in &quot;All Quiet on the Western Front.&quot; He worked his way up from film cutter to an assistant to directors Berthold Viertol, Robert Flaherty and Busby Berkeley.</p>
</text>
<copyright>(c) Reuters Limited 1997</copyright>
<metadata>
<codes class="bip:countries:1.0">
  <code code="UK">
    <editdetail attribution="Reuters BIP Coding Group" action="confirmed" date="1997-03-15"/>
  </code>
  <code code="USA">
    <editdetail attribution="Reuters BIP Coding Group" action="confirmed" date="1997-03-15"/>
  </code>
</codes>
<codes class="bip:topics:1.0">
  <code code="GCAT">
    <editdetail attribution="Reuters BIP Coding Group" action="confirmed" date="1997-03-15"/>
  </code>
  <code code="GENT">
    <editdetail attribution="Reuters BIP Coding Group" action="confirmed" date="1997-03-15"/>
  </code>
  <code code="GOBIT">
    <editdetail attribution="Reuters BIP Coding Group" action="confirmed" date="1997-03-15"/>
  </code>
  <code code="GPRO">
    <editdetail attribution="Reuters BIP Coding Group" action="confirmed" date="1997-03-15"/>
  </code>
</codes>
<dc element="dc.date.created" value="1997-03-15"/>
<dc element="dc.publisher" value="Reuters Holdings Plc"/>
<dc element="dc.date.published" value="1997-03-15"/>
<dc element="dc.source" value="Reuters"/>
<dc element="dc.creator.location" value="LOS ANGELES"/>
<dc element="dc.creator.location.country.name" value="USA"/>
<dc element="dc.source" value="Reuters"/>
</metadata>
</newsitem>
