<?xml version="1.0" encoding="iso-8859-1" ?>
<newsitem itemid="445204" id="root" date="1997-03-15" xml:lang="en">
<title>USA: California's Yosemite Valley reopens after floods.</title>
<headline>California's Yosemite Valley reopens after floods.</headline>
<dateline>SAN FRANCISCO 1997-03-14</dateline>
<text>
<p>The most visited area of California's Yosemite National Park reopened on Friday, more than two months after violent winter storms and floods forced its closure.</p>
<p>Flooding in early January washed away roads and damaged cabins and campsites in the Yosemite Valley area, where most park lodges and campgrounds are located.</p>
<p>While large portions of the huge park were reopened in the weeks that followed the floods, Yosemite Valley was closed until now as crews cleaned up debris. It was the longest closure in the park's 106-year history, officials said.</p>
<p>&quot;A lot of people have worked hard to make this day possible,&quot; Yosemite National Park Superintendent B.J. Griffin said at Friday's reopening ceremony. &quot;We're excited to welcome visitors back this afternoon.&quot;</p>
<p>Despite the cleanup, debris was strewn along the Merced river and crews were still stabilizing roads and buildings in the valley. Fewer campsites were open and some hiking trails were literally washed away.</p>
<p>&quot;We've stabilized things. We've patched things up,&quot; said Al Nash, a Yosemite spokesman. &quot;But two or three years of construction to recover is ahead. It's going to take a long time to settle things down.&quot;</p>
<p>The cost of storm and flood repairs at the national park has been estimated at $178 million, but park officials said the cost could climb once the snow has melted and crews were able to get into areas inaccessible during the cold months.</p>
<p>But some environmentalists said the floods would return the park to a more natural state and help to reduce human encroachment.</p>
<p>&quot;It was a big cloud with a beautiful silver lining,&quot; said Barbara Boyle, an official with the Sierra Club environmental group.</p>
<p>The 760,000-acre (307,000-hectare) park, 150 miles (240 km) southeast of San Francisco, is visited by over four million hikers, climbers and sightseers each year, drawn by its towering mountains, high waterfalls and scenic wilderness.</p>
</text>
<copyright>(c) Reuters Limited 1997</copyright>
<metadata>
<codes class="bip:countries:1.0">
  <code code="USA">
    <editdetail attribution="Reuters BIP Coding Group" action="confirmed" date="1997-03-15"/>
  </code>
</codes>
<codes class="bip:topics:1.0">
  <code code="GCAT">
    <editdetail attribution="Reuters BIP Coding Group" action="confirmed" date="1997-03-15"/>
  </code>
  <code code="GENV">
    <editdetail attribution="Reuters BIP Coding Group" action="confirmed" date="1997-03-15"/>
  </code>
</codes>
<dc element="dc.date.created" value="1997-03-14"/>
<dc element="dc.publisher" value="Reuters Holdings Plc"/>
<dc element="dc.date.published" value="1997-03-15"/>
<dc element="dc.source" value="Reuters"/>
<dc element="dc.creator.location" value="SAN FRANCISCO"/>
<dc element="dc.creator.location.country.name" value="USA"/>
<dc element="dc.source" value="Reuters"/>
</metadata>
</newsitem>
