<?xml version="1.0" encoding="iso-8859-1" ?>
<newsitem itemid="445257" id="root" date="1997-03-15" xml:lang="en">
<title>NETHERLANDS: EU agrees to send mission to Albania.</title>
<headline>EU agrees to send mission to Albania.</headline>
<dateline>APELDOORN, Netherlands 1997-03-15</dateline>
<text>
<p>The European Union agreed on Saturday to send a mission to Albania immediately to offer help in reconstruction and to consider providing a small police force to the shattered country, Italian Foreign Minister Lamberto Dini said.</p>
<p>&quot;The European Union will send immediately a mission to Tirana,&quot; Dini told reporters.  </p>
<p>Dini said the EU wanted Albania to know it wished to make a &quot;strong contribution&quot; to the reconstruction of the country.</p>
<p>He said the police force would be sent if the EU received a mandate from the United Nations.</p>
<p>He emphasised that the police force was not the same as military intervention, over which EU ministers meeting in the Dutch town of Apeldoorn had disagreed.</p>
<p>Spanish Foreign Minister Abel Matutes said earlier that the ministers had been sharply divided over whether to support military intervention, with Britain, Germany and Sweden being vehemently against the idea.</p>
</text>
<copyright>(c) Reuters Limited 1997</copyright>
<metadata>
<codes class="bip:countries:1.0">
  <code code="ALB">
    <editdetail attribution="Reuters BIP Coding Group" action="confirmed" date="1997-03-15"/>
  </code>
  <code code="EEC">
    <editdetail attribution="Reuters BIP Coding Group" action="confirmed" date="1997-03-15"/>
  </code>
  <code code="NETH">
    <editdetail attribution="Reuters BIP Coding Group" action="confirmed" date="1997-03-15"/>
  </code>
</codes>
<codes class="bip:topics:1.0">
  <code code="G15">
    <editdetail attribution="Reuters BIP Coding Group" action="confirmed" date="1997-03-15"/>
  </code>
  <code code="G158">
    <editdetail attribution="Reuters BIP Coding Group" action="confirmed" date="1997-03-15"/>
  </code>
  <code code="GCAT">
    <editdetail attribution="Reuters BIP Coding Group" action="confirmed" date="1997-03-15"/>
  </code>
  <code code="GVIO">
    <editdetail attribution="Reuters BIP Coding Group" action="confirmed" date="1997-03-15"/>
  </code>
</codes>
<dc element="dc.date.created" value="1997-03-15"/>
<dc element="dc.publisher" value="Reuters Holdings Plc"/>
<dc element="dc.date.published" value="1997-03-15"/>
<dc element="dc.source" value="Reuters"/>
<dc element="dc.creator.location" value="APELDOORN, Netherlands"/>
<dc element="dc.creator.location.country.name" value="NETHERLANDS"/>
<dc element="dc.source" value="Reuters"/>
</metadata>
</newsitem>
