<?xml version="1.0" encoding="iso-8859-1" ?>
<newsitem itemid="445242" id="root" date="1997-03-15" xml:lang="en">
<title>NETHERLANDS: EU  mulls enlargement forum to appease outsiders.</title>
<headline>EU  mulls enlargement forum to appease outsiders.</headline>
<byline>Janet McEvoy</byline>
<dateline>APELDOORN, Netherlands 1997-03-15</dateline>
<text>
<p>The European Union, afraid of leaving some countries out in the cold in the bloc's next enlargement, floated the idea on Saturday of an ante-room to keep hopeful countries on track for eventual entry.</p>
<p>Foreign ministers, meeting for an informal chat in the Dutch town of Apeldoorn, asked France and the Dutch EU presidency to come up with more precise plans for Paris' idea of a standing conference on EU enlargement.</p>
<p>&quot;It's something that would be in place to keep the dialogue going with those who would not immediately qualify for enlargement,&quot; one EU diplomat said.</p>
<p>Dutch Foreign Minister Hans van Mierlo said the conference would not amount to a waiting room for frustrated EU hopefuls.</p>
<p>&quot;It will be a genuine conference,&quot; he told a  news conference.</p>
<p>The idea arose during discussion of one of the EU's biggest long-term foreign policy dilemmas -- whether to open talks with all or just the adequately prepared from a list of 10 eastern countries pinning their hopes on membership of the rich western club.</p>
<p>Poland, the Czech Republic, Hungary, Slovakia, Bulgaria, Romania, Slovenia, Estonia, Latvia and Lithuania have all been promised eventual EU membership, but only a handful are seen as up to scratch at present.</p>
<p>The concern is that countries struggling to distance themselves from their Soviet past are the ones most likely to be left out of NATO and the EU and could end up alientated.</p>
<p>EU diplomats said the conference -- which at the end of the discussion remained a loose concept -- could also offer solace to Turkey, a NATO ally bitterly resentful of being left out of the EU plans while former enemies are being taken on board.</p>
<p>Ankara's EU application has been rejected by the EU on human rights grounds and the EU is under pressure to take a clear stand towards the strategically placed country after a strong snub by centre-rightist EU leaders recently.</p>
<p>&quot;It's important that we have a way of handling Turkey's interests in the EU in a way that's fair, that's objective,&quot; British Foreign Secretary Malcolm Rifkind told a news conference.</p>
<p>He said Turkey should be reassured that it was being treated on an equal footing with other countries who might not be deemed to meet up to EU standards.    &quot;We have to be able to</p>
<p>demonstrate to Turkey that she's not being treated to a different set of rules to everyone else,&quot; he said.</p>
<p>Meanwhile the EU members remained divided on Saturday about the approach to enlarging the EU eastwards.</p>
<p>While countries like Britain said there was no point in opening entry negotiations with all the candidates, only to let some drop later, countries like Sweden and Denmark are anxious to bring all on track immediately.</p>
<p>EU expansion talks are scheduled to start six months after the end of the EU's ongoing intergovernmental review of its workings, designed to prepare the bloc for the day it has more than 25 members.</p>
<p>Those talks are scheduled to wrap up at the EU's Amsterdam summit in June.</p>
</text>
<copyright>(c) Reuters Limited 1997</copyright>
<metadata>
<codes class="bip:countries:1.0">
  <code code="EEC">
    <editdetail attribution="Reuters BIP Coding Group" action="confirmed" date="1997-03-15"/>
  </code>
  <code code="NETH">
    <editdetail attribution="Reuters BIP Coding Group" action="confirmed" date="1997-03-15"/>
  </code>
</codes>
<codes class="bip:topics:1.0">
  <code code="G15">
    <editdetail attribution="Reuters BIP Coding Group" action="confirmed" date="1997-03-15"/>
  </code>
  <code code="G158">
    <editdetail attribution="Reuters BIP Coding Group" action="confirmed" date="1997-03-15"/>
  </code>
  <code code="GCAT">
    <editdetail attribution="Reuters BIP Coding Group" action="confirmed" date="1997-03-15"/>
  </code>
  <code code="GDIP">
    <editdetail attribution="Reuters BIP Coding Group" action="confirmed" date="1997-03-15"/>
  </code>
</codes>
<dc element="dc.date.created" value="1997-03-15"/>
<dc element="dc.publisher" value="Reuters Holdings Plc"/>
<dc element="dc.date.published" value="1997-03-15"/>
<dc element="dc.source" value="Reuters"/>
<dc element="dc.creator.location" value="APELDOORN, Netherlands"/>
<dc element="dc.creator.location.country.name" value="NETHERLANDS"/>
<dc element="dc.source" value="Reuters"/>
</metadata>
</newsitem>
