<?xml version="1.0" encoding="iso-8859-1" ?>
<newsitem itemid="445256" id="root" date="1997-03-15" xml:lang="en">
<title>NETHERLANDS: Van Mierlo says EU hearing reports Berisha quit.</title>
<headline>Van Mierlo says EU hearing reports Berisha quit.</headline>
<dateline>APELDOORN, Netherlands 1997-03-15</dateline>
<text>
<p>Dutch Foreign Minister Hans van Mierlo said on Saturday that the European Union had received reports that Albanian President Sali Berisha had resigned.</p>
<p>&quot;Towards the end of our talks we heard reports that Berisha had resigned,&quot; van Mierlo told reporters.  </p>
<p>&quot;If true it would have a significant impact on the situation...and it would have an impact on the violence in Albania,&quot; van Mierlo said.</p>
<p>Van Mierlo was speaking after EU foreign ministers had decided to send a mission to Albania. He indicated that that plan would not be held up pending news on Berisha.</p>
<p>Earlier, Danish Foreign Minister Niels Helveg Petersen, whose country chairs the Organisation for Security and Cooperation in Europe, effectively called for Berisha to step down.</p>
</text>
<copyright>(c) Reuters Limited 1997</copyright>
<metadata>
<codes class="bip:countries:1.0">
  <code code="ALB">
    <editdetail attribution="Reuters BIP Coding Group" action="confirmed" date="1997-03-15"/>
  </code>
  <code code="EEC">
    <editdetail attribution="Reuters BIP Coding Group" action="confirmed" date="1997-03-15"/>
  </code>
  <code code="NETH">
    <editdetail attribution="Reuters BIP Coding Group" action="confirmed" date="1997-03-15"/>
  </code>
</codes>
<codes class="bip:topics:1.0">
  <code code="G15">
    <editdetail attribution="Reuters BIP Coding Group" action="confirmed" date="1997-03-15"/>
  </code>
  <code code="G158">
    <editdetail attribution="Reuters BIP Coding Group" action="confirmed" date="1997-03-15"/>
  </code>
  <code code="GCAT">
    <editdetail attribution="Reuters BIP Coding Group" action="confirmed" date="1997-03-15"/>
  </code>
  <code code="GVIO">
    <editdetail attribution="Reuters BIP Coding Group" action="confirmed" date="1997-03-15"/>
  </code>
</codes>
<dc element="dc.date.created" value="1997-03-15"/>
<dc element="dc.publisher" value="Reuters Holdings Plc"/>
<dc element="dc.date.published" value="1997-03-15"/>
<dc element="dc.source" value="Reuters"/>
<dc element="dc.creator.location" value="APELDOORN, Netherlands"/>
<dc element="dc.creator.location.country.name" value="NETHERLANDS"/>
<dc element="dc.source" value="Reuters"/>
</metadata>
</newsitem>
