<?xml version="1.0" encoding="iso-8859-1" ?>
<newsitem itemid="445247" id="root" date="1997-03-15" xml:lang="en">
<title>NETHERLANDS: EU opts for caution on Albania crisis.</title>
<headline>EU opts for caution on Albania crisis.</headline>
<byline>Ian Geoghegan</byline>
<dateline>APELDOORN, Netherlands 1997-03-15</dateline>
<text>
<p>The European Union on Saturday offered a muted response to Albania's plunge into anarchy, opting for caution rather than action.</p>
<p>The bloc's 15 members, still stung by criticism for indecision over the Yugoslav conflict the last time violence flared on their eastern doorstep, were split on what to do to help calm tensions in Europe's poorest country.</p>
<p>The divisions emerged as EU foreign ministers met for informal talks in Apeldoorn in the eastern Netherlands.</p>
<p>One camp, driven by France and Italy, favoured putting together an international force of several thousand troops to try and restore law and order in Albania.</p>
<p>Others questioned the point of sending soldiers into a country where disparate rag-tag gangs have looted military depots and where the price of a Kalashnikov rifle has more than halved in less than a week.</p>
<p>&quot;There is no way any military commander in any serious western country would envisage sending two to three thousand troops into Albania to try and restore law and order under the current circumstances,&quot; one British diplomat said.</p>
<p>Germany, too, was sceptical about sending in peacekeepers.</p>
<p>&quot;You have to ask whether you can really intervene whenever anarchy erupts,&quot; Foreign Minister Klaus Kinkel told Germany's SAT1TV channel.</p>
<p>Danish Foreign Minister Niels Helveg Petersen, however, earlier said his country, the current OSCE president, favoured a combined multinational force.</p>
<p>OSCE mediator Franz Vranitzky, returned from Friday's talks with Albanian leaders to say that there was no alternative to foreign intervention to halt Albania's descent into chaos.</p>
<p>His call was echoed by Carl Bildt, the international community's Bosnia representative, who said in a statement on Saturady that Europe's failure to act would make current discussion on joint foreign and security policy look &quot;pathetic&quot;.</p>
<p>In Paris, French Prime Minister Alain Juppe urged a greater political role for the EU in organising presidential and general elections in Albania.</p>
<p>&quot;Europe must support...a political project for national reconciliation. We should help place what Albanian political forces remain around a negotiating table so that real... elections are organised and the Albanians can express themselves,&quot; he said.</p>
<p>There were also conflicting EU signals on the status of Albania's President Sali Berisha, with several calls for him to quit as a first step towards calming tensions in Albania.</p>
<p>&quot;I'm sure that if President Berisha was to step down that would in some ways improve the situation in Albania,&quot; Helveg Petersen said.</p>
<p>Italian Foreign Minister Lamberto Dini said in a newspaper interview that he no longer saw Berisha as a key player and said his fate was in the hands of the Balkan state's new premier.</p>
<p>&quot;It's up to Prime Minister (Bashkim) Fino to assess what Berisha's role might now be,&quot; he told La Repubblica.</p>
<p>However, British Foreign Secretary Malcolm Rifkind opposed any political manoeuvring to oust Berisha.</p>
<p>&quot;It is not for the West or for the international community to take sides as between Mr Berisha and anyone else, that is for the Albanians ultimately to decide,&quot; he said.</p>
<p>Ministers attending the Apeldoorn meeting were also discussing plans to admit former communist states and were due on Sunday to turn their attention to prickly relations with Turkey, recently snubbed by EU Christian Democrat leaders.</p>
</text>
<copyright>(c) Reuters Limited 1997</copyright>
<metadata>
<codes class="bip:countries:1.0">
  <code code="ALB">
    <editdetail attribution="Reuters BIP Coding Group" action="confirmed" date="1997-03-15"/>
  </code>
  <code code="EEC">
    <editdetail attribution="Reuters BIP Coding Group" action="confirmed" date="1997-03-15"/>
  </code>
  <code code="NETH">
    <editdetail attribution="Reuters BIP Coding Group" action="confirmed" date="1997-03-15"/>
  </code>
</codes>
<codes class="bip:topics:1.0">
  <code code="G15">
    <editdetail attribution="Reuters BIP Coding Group" action="confirmed" date="1997-03-15"/>
  </code>
  <code code="G158">
    <editdetail attribution="Reuters BIP Coding Group" action="confirmed" date="1997-03-15"/>
  </code>
  <code code="GCAT">
    <editdetail attribution="Reuters BIP Coding Group" action="confirmed" date="1997-03-15"/>
  </code>
  <code code="GDIP">
    <editdetail attribution="Reuters BIP Coding Group" action="confirmed" date="1997-03-15"/>
  </code>
  <code code="GVIO">
    <editdetail attribution="Reuters BIP Coding Group" action="confirmed" date="1997-03-15"/>
  </code>
</codes>
<dc element="dc.date.created" value="1997-03-15"/>
<dc element="dc.publisher" value="Reuters Holdings Plc"/>
<dc element="dc.date.published" value="1997-03-15"/>
<dc element="dc.source" value="Reuters"/>
<dc element="dc.creator.location" value="APELDOORN, Netherlands"/>
<dc element="dc.creator.location.country.name" value="NETHERLANDS"/>
<dc element="dc.source" value="Reuters"/>
</metadata>
</newsitem>
