<?xml version="1.0" encoding="iso-8859-1" ?>
<newsitem itemid="445229" id="root" date="1997-03-15" xml:lang="en">
<title>USA: Barney's summary judgment over leases denied.</title>
<headline>Barney's summary judgment over leases denied.</headline>
<dateline>NEW YORK 1997-03-14</dateline>
<text>
<p>U.S. Bankruptcy Court Judge James Garrity denied Barney's Inc's motion for summary judgment about real estate agreements between Isetan of America and the U.S. retailer, Isetan and Barney's said.</p>
<p>The companies are disputing whether Isetan is the landlord of the properties where Barney's has its stores in mid-town Manhattan, Beverly Hills and Chicago.</p>
<p>Isetan claims that it is the landlord of the properties, while Barney's contends that the real estate agreement is not a lease but an equity arrangement.</p>
<p>The Bankruptcy Court will make its decision about the real estate agreements after a trial, the companies said in separate statements.</p>
<p>Isetan said in a statement that it is &quot;gratified&quot; by the judge's ruling and that it will show the court in a trial that Barney's owes Isetan rent for their use.</p>
<p>Barney's said it is confident that the court will find that the agreements are not leases.</p>
<p>The final verdict about the real estate could have a bearing upon where Japan's Isetan stands in Barney's Inc's bankruptcy.</p>
<p>If Isetan is a landlord, it would be able to make claims as a creditor against Barney's for rent owed to it. If the court finds that it is not a landlord, the properties could be considered a part of Barney's equity, placing Isetan at a disadvantage in the Chapter 11 reorganization.</p>
<p>Creditors and vendors get first claim to the assets of a bankrupt company over equity holders.</p>
</text>
<copyright>(c) Reuters Limited 1997</copyright>
<metadata>
<codes class="bip:countries:1.0">
  <code code="USA">
    <editdetail attribution="Reuters BIP Coding Group" action="confirmed" date="1997-03-15"/>
  </code>
</codes>
<codes class="bip:industries:1.0">
  <code code="I64500">
    <editdetail attribution="Reuters BIP Coding Group" action="confirmed" date="1997-03-15"/>
  </code>
  <code code="I65600">
    <editdetail attribution="Reuters BIP Coding Group" action="confirmed" date="1997-03-15"/>
  </code>
  <code code="I6560002">
    <editdetail attribution="Reuters BIP Coding Group" action="confirmed" date="1997-03-15"/>
  </code>
</codes>
<codes class="bip:topics:1.0">
  <code code="C12">
    <editdetail attribution="Reuters BIP Coding Group" action="confirmed" date="1997-03-15"/>
  </code>
  <code code="CCAT">
    <editdetail attribution="Reuters BIP Coding Group" action="confirmed" date="1997-03-15"/>
  </code>
  <code code="GCAT">
    <editdetail attribution="Reuters BIP Coding Group" action="confirmed" date="1997-03-15"/>
  </code>
</codes>
<dc element="dc.date.created" value="1997-03-14"/>
<dc element="dc.publisher" value="Reuters Holdings Plc"/>
<dc element="dc.date.published" value="1997-03-15"/>
<dc element="dc.source" value="Reuters"/>
<dc element="dc.creator.location" value="NEW YORK"/>
<dc element="dc.creator.location.country.name" value="USA"/>
<dc element="dc.source" value="Reuters"/>
</metadata>
</newsitem>
