<?xml version="1.0" encoding="iso-8859-1" ?>
<newsitem itemid="445279" id="root" date="1997-03-15" xml:lang="en">
<title>ITALY: Italy will give temporary sanctuary to Albanians.</title>
<headline>Italy will give temporary sanctuary to Albanians.</headline>
<dateline>BRINDISI, Italy 1997-03-15</dateline>
<text>
<p>Italy said on Saturday that it would give temporary sanctuary to Albanians fleeing to its shores but intended to repatriate them once the armed anarchy in their country had subsided.</p>
<p>A senior government official, Nicola Sinisi, announced the policy after a two-hour meeting of police and immigration chiefs held in response to a recent influx of some 1,600 Albanians in a flotilla of creaking boats.  </p>
<p>Sinisi, a junior interior minister, said refugees would not be considered for political asylum because the crisis in Albania was a &quot;degeneration of public order&quot; rather than a war. However, he confirmed they could stay in Italy temporarily.</p>
<p>&quot;At this stage we have the duty for humanitarian reasons to keep people who are not able to live in their country. However, we have the duty to do this only for a limited period of time.</p>
<p>&quot;At the end of this period, they will be repatriated. First on a voluntary basis and later through other means,&quot; Sinisi told reporters in the southeast Italian port of Brindisi.</p>
<p>He said boats that had arrived from Albania, many of them naval vessels, would be impounded so they could not be used for further crossings. He also said Italy was not facing a mass exodus of Albanians. &quot;There is no crisis situation,&quot; he said.</p>
</text>
<copyright>(c) Reuters Limited 1997</copyright>
<metadata>
<codes class="bip:countries:1.0">
  <code code="ALB">
    <editdetail attribution="Reuters BIP Coding Group" action="confirmed" date="1997-03-15"/>
  </code>
  <code code="ITALY">
    <editdetail attribution="Reuters BIP Coding Group" action="confirmed" date="1997-03-15"/>
  </code>
</codes>
<codes class="bip:topics:1.0">
  <code code="GCAT">
    <editdetail attribution="Reuters BIP Coding Group" action="confirmed" date="1997-03-15"/>
  </code>
  <code code="GDIP">
    <editdetail attribution="Reuters BIP Coding Group" action="confirmed" date="1997-03-15"/>
  </code>
</codes>
<dc element="dc.date.created" value="1997-03-15"/>
<dc element="dc.publisher" value="Reuters Holdings Plc"/>
<dc element="dc.date.published" value="1997-03-15"/>
<dc element="dc.source" value="Reuters"/>
<dc element="dc.creator.location" value="BRINDISI, Italy"/>
<dc element="dc.creator.location.country.name" value="ITALY"/>
<dc element="dc.source" value="Reuters"/>
</metadata>
</newsitem>
