<?xml version="1.0" encoding="iso-8859-1" ?>
<newsitem itemid="445213" id="root" date="1997-03-15" xml:lang="en">
<title>USA: FBI cuts number identified in Olympic bomb picture.</title>
<headline>FBI cuts number identified in Olympic bomb picture.</headline>
<byline>David Morgan</byline>
<dateline>ATLANTA 1997-03-15</dateline>
<text>
<p>The FBI Saturday retracted an initial claim it had identified seven of nine people wanted for questioning in the investigation into last summer's Olympic park bombing.</p>
<p>Three of the seven, including one wearing a Green Bay Packers' &quot;cheesehead&quot; booster hat, were pictured near a sound and light tower in Centennial Olympic Park, where the bomb exploded early July 27, 1996, during a crowded outdoor concert.</p>
<p>But the FBI said the three people who came forward to identify themselves as being in the picture were not in the park at the time it was taken.</p>
<p>&quot;That's not the right group of people,&quot; FBI spokesman Jay Spadafore said.</p>
<p>&quot;One of the individuals is convinced he was in the photograph, and still is convinced. But we know when it was taken and they just weren't in the park at the right time.&quot;</p>
<p>FBI officials initially were elated to think they had identified seven of the nine within 12 hours of a news conference at which they released five images, including photographs, videotape still frames and a composite drawing.</p>
<p>The new information reduced the number of those identified from seven to four.</p>
<p>Federal officials stressed the people pictured were not suspects but simply wanted for questioning in case they had information that could lead investigators to the bomber.</p>
<p>All nine had been seen in the vicinity of a sound and light tower Centennial Olympic Park between 12:15 and 12:45 a.m., when the FBI said the bomb was set in place.</p>
<p>The device was concealed in a military-style backpack and left beneath a green wooden bench at the base of the tower. It exploded at 1:20 a.m., leaving two people dead and injuring Investigators also were still trying to pin down the identities of two lone men.</p>
<p>One blurry figure in an enhanced photograph, described as a man with short dark hair, was pictured standing at the base of the tower with a backpack hanging from his shoulders.</p>
<p>The second man, shown in a composite drawing with a goatee, was seen by several people sitting on the bench sometime after 12:30 a.m. He was described as being in his 20s, standing nearly 6 feet tall and weighing between 140 and 170 pounds.</p>
</text>
<copyright>(c) Reuters Limited 1997</copyright>
<metadata>
<codes class="bip:countries:1.0">
  <code code="USA">
    <editdetail attribution="Reuters BIP Coding Group" action="confirmed" date="1997-03-15"/>
  </code>
</codes>
<codes class="bip:topics:1.0">
  <code code="GCAT">
    <editdetail attribution="Reuters BIP Coding Group" action="confirmed" date="1997-03-15"/>
  </code>
  <code code="GCRIM">
    <editdetail attribution="Reuters BIP Coding Group" action="confirmed" date="1997-03-15"/>
  </code>
</codes>
<dc element="dc.date.created" value="1997-03-15"/>
<dc element="dc.publisher" value="Reuters Holdings Plc"/>
<dc element="dc.date.published" value="1997-03-15"/>
<dc element="dc.source" value="Reuters"/>
<dc element="dc.creator.location" value="ATLANTA"/>
<dc element="dc.creator.location.country.name" value="USA"/>
<dc element="dc.source" value="Reuters"/>
</metadata>
</newsitem>
