<?xml version="1.0" encoding="iso-8859-1" ?>
<newsitem itemid="445268" id="root" date="1997-03-15" xml:lang="en">
<title>REPUBLIC OF IRELAND: Three Spanish trawlers arrested off Ireland.</title>
<headline>Three Spanish trawlers arrested off Ireland.</headline>
<dateline>DUBLIN 1997-03-15</dateline>
<text>
<p>Three British-registered Spanish trawlers were arrested off the coast of Ireland on Saturday, an Irish naval spokesman said.</p>
<p>They were detained west of the southern port of Bantry &quot;for alleged logbook offences&quot;, the spokesman said.</p>
<p>It was the latest in a series of incidents involving Spanish trawlers off the Irish coast.</p>
<p>A week ago an Irish fishing captain was killed when his vessel and a British-registered Spanish trawler collided off Ireland's southern tip.</p>
<p>On Friday an Irish naval ship was called out after the skipper of a trawler in a fleet from Cornwall, south-west England, claimed that he had been rammed by a Spanish trawler, Irish naval sources said.</p>
</text>
<copyright>(c) Reuters Limited 1997</copyright>
<metadata>
<codes class="bip:countries:1.0">
  <code code="IRE">
    <editdetail attribution="Reuters BIP Coding Group" action="confirmed" date="1997-03-15"/>
  </code>
  <code code="SPAIN">
    <editdetail attribution="Reuters BIP Coding Group" action="confirmed" date="1997-03-15"/>
  </code>
</codes>
<codes class="bip:industries:1.0">
  <code code="I03000">
    <editdetail attribution="Reuters BIP Coding Group" action="confirmed" date="1997-03-15"/>
  </code>
</codes>
<codes class="bip:topics:1.0">
  <code code="C12">
    <editdetail attribution="Reuters BIP Coding Group" action="confirmed" date="1997-03-15"/>
  </code>
  <code code="C24">
    <editdetail attribution="Reuters BIP Coding Group" action="confirmed" date="1997-03-15"/>
  </code>
  <code code="CCAT">
    <editdetail attribution="Reuters BIP Coding Group" action="confirmed" date="1997-03-15"/>
  </code>
  <code code="GCAT">
    <editdetail attribution="Reuters BIP Coding Group" action="confirmed" date="1997-03-15"/>
  </code>
  <code code="GCRIM">
    <editdetail attribution="Reuters BIP Coding Group" action="confirmed" date="1997-03-15"/>
  </code>
</codes>
<dc element="dc.date.created" value="1997-03-15"/>
<dc element="dc.publisher" value="Reuters Holdings Plc"/>
<dc element="dc.date.published" value="1997-03-15"/>
<dc element="dc.source" value="Reuters"/>
<dc element="dc.creator.location" value="DUBLIN"/>
<dc element="dc.creator.location.country.name" value="REPUBLIC OF IRELAND"/>
<dc element="dc.source" value="Reuters"/>
</metadata>
</newsitem>
