<?xml version="1.0" encoding="iso-8859-1" ?>
<newsitem itemid="445212" id="root" date="1997-03-15" xml:lang="en">
<title>USA: CSCE cocoa ends lower, early rally sputters out.</title>
<headline>CSCE cocoa ends lower, early rally sputters out.</headline>
<dateline>NEW YORK 1997-03-14</dateline>
<text>
<p>CSCE cocoa futures wiped away gains in late trading to end moderately lower on Friday, pressured by local and trade selling, floor sources said.</p>
<p>Scattered follow-through buying on the heels of Thursday's rally to seven-month highs pushed prices up some $16 a tonne early Friday, but trade selling emerged at the highs and buying interest subsided, they said.</p>
<p>Traders said steady selling of the May/March 1998 and May/May 1998 switches also kept the market under pressure.</p>
<p>Most-active May futures settled $14 a tonne lower, at $1,440, after ranging from $1,470 to $1,435. July finished down $10, to $1,464, while the rest slipped $8 to $16.</p>
<p>Despite today's losses, May cocoa gained $115 -- or nearly nine percent -- on the week. Some traders said technically the market may need to correct further before it continues to press higher.</p>
<p>&quot;It may need another week of consolidation,&quot; said Allendale Commodities analyst Jim Cordier. &quot;They are trying to turn the worst bear into a bull.&quot;</p>
<p>Cordier said May could dip as low as $1,400, and then start to work higher.</p>
<p>Technically, dealers said May was likely to face near-term support at Friday's low of $1,435, followed by $1,400 and a chart gap between $1,403 and $1,395. Resistance near $1,470-$1,477.</p>
<p>Traders await the CFTC Commitment of Traders report due late Friday, which they said is likely to show a small increase in speculative long positions.</p>
<p>&quot;The funds have been adding longs, but the data reflects just through Tuesday,&quot; one trader noted.</p>
<p>An estimated 11,278 lots changed hands on the day, down from Thursday's official total of 18,286 lots. ((--Patricia Avidan, New York Commodity Desk +1 212 859 1640))</p>
</text>
<copyright>(c) Reuters Limited 1997</copyright>
<metadata>
<codes class="bip:countries:1.0">
  <code code="USA">
    <editdetail attribution="Reuters BIP Coding Group" action="confirmed" date="1997-03-15"/>
  </code>
</codes>
<codes class="bip:topics:1.0">
  <code code="M14">
    <editdetail attribution="Reuters BIP Coding Group" action="confirmed" date="1997-03-15"/>
  </code>
  <code code="M141">
    <editdetail attribution="Reuters BIP Coding Group" action="confirmed" date="1997-03-15"/>
  </code>
  <code code="MCAT">
    <editdetail attribution="Reuters BIP Coding Group" action="confirmed" date="1997-03-15"/>
  </code>
</codes>
<dc element="dc.date.created" value="1997-03-14"/>
<dc element="dc.publisher" value="Reuters Holdings Plc"/>
<dc element="dc.date.published" value="1997-03-15"/>
<dc element="dc.source" value="Reuters"/>
<dc element="dc.creator.location" value="NEW YORK"/>
<dc element="dc.creator.location.country.name" value="USA"/>
<dc element="dc.source" value="Reuters"/>
</metadata>
</newsitem>
