<?xml version="1.0" encoding="iso-8859-1" ?>
<newsitem itemid="445227" id="root" date="1997-03-15" xml:lang="en">
<title>USA: U.S. DAP prices underpinned by Indian demand.</title>
<headline>U.S. DAP prices underpinned by Indian demand.</headline>
<dateline>CHICAGO 1997-03-14</dateline>
<text>
<p>Prices for U.S. ammonia and diammonium phosphate (DAP) were unchanged Friday in quiet dealings, dealers said.</p>
<p>DAP prices were underpinned by large purchases by India and Turkey this week, cash sources said.</p>
<p>Application of fertilizer in the Midwest remained slow because of very wet conditions there, dealers said.</p>
<p>			  Dlrs/short ton	 Chg from Wednesday</p>
<p>DAP central Fla	  174-176		     unc</p>
<p>DAP central La Gulf    185-187		     unc</p>
<p>Ammonia/La Gulf		197		     unc</p>
<p>(Chicago newsdesk 312-408-8720)</p>
</text>
<copyright>(c) Reuters Limited 1997</copyright>
<metadata>
<codes class="bip:countries:1.0">
  <code code="USA">
    <editdetail attribution="Reuters BIP Coding Group" action="confirmed" date="1997-03-15"/>
  </code>
</codes>
<codes class="bip:topics:1.0">
  <code code="M14">
    <editdetail attribution="Reuters BIP Coding Group" action="confirmed" date="1997-03-15"/>
  </code>
  <code code="M141">
    <editdetail attribution="Reuters BIP Coding Group" action="confirmed" date="1997-03-15"/>
  </code>
  <code code="MCAT">
    <editdetail attribution="Reuters BIP Coding Group" action="confirmed" date="1997-03-15"/>
  </code>
</codes>
<dc element="dc.date.created" value="1997-03-14"/>
<dc element="dc.publisher" value="Reuters Holdings Plc"/>
<dc element="dc.date.published" value="1997-03-15"/>
<dc element="dc.source" value="Reuters"/>
<dc element="dc.creator.location" value="CHICAGO"/>
<dc element="dc.creator.location.country.name" value="USA"/>
<dc element="dc.source" value="Reuters"/>
</metadata>
</newsitem>
