<?xml version="1.0" encoding="iso-8859-1" ?>
<newsitem itemid="445246" id="root" date="1997-03-15" xml:lang="en">
<title>ITALY: Italy says Albanian PM must decide Berisha's fate.</title>
<headline>Italy says Albanian PM must decide Berisha's fate.</headline>
<byline>Paul Holmes</byline>
<dateline>ROME 1997-03-15</dateline>
<text>
<p>Italy distanced itself on Saturday from embattled Albanian President Sali Berisha and said his fate was in the hands of Bashkim Fino, the new prime minister of the crisis-hit Balkan state.</p>
<p>Foreign Minister Lamberto Dini was quoted in a press interview as saying it was up to Fino, a member of the main opposition Socialists and head of a new unity government, &quot;to assess what Berisha's role might now be&quot;.</p>
<p>Fino had to decide whether Berisha's presence was &quot;an obstacle to pacifying the country or not, whether his continuation in the role can be accepted at least to prepare elections or not,&quot; Dini told La Repubblica newspaper.</p>
<p>His remarks signalled that Italy, Albania's biggest economic partner and at the forefront of diplomatic efforts to resolve Albania's anarchy, no longer saw the rightist president as a key player in the country, diplomats said.</p>
<p>Defence Minister Beniamino Andreatta said Italy was taking a &quot;highly neutral&quot; line on whether Berisha should resign and noted that his departure could heighten tension in Albania's north, where support for him is strongest.</p>
<p>But a leading leftist Italian politician, Achille Occhetto, said the Albanian leader should follow what he interpreted as Dini's &quot;advice&quot; to quit.</p>
<p>&quot;Dini's affirmation...is in itself diplomatically very important, it is almost a word of advice,&quot; Occhetto, chairman of the lower house foreign affairs commission, said.</p>
<p>&quot;I believe the Albanian president could cooperate, could make a further effort by submitting his resignation and asking in return that the insurgents immediately surrender their arms.&quot;</p>
<p>The rebels, who control several southern towns, accuse Berisha of failing to control bogus pyramid schemes, in which many citizens poured their savings. Their collapse ignited unrest which has degenerated into armed insurrection.</p>
<p>Rome had been regarded as Berisha's closest contact in the European Union until this month's violence and lawlessness. He sent his son and daughter to safety in Italy on Thursday.</p>
<p>In the Dutch town of Apeldoorn, where EU foreign ministers were discussing the crisis, Danish Foreign Minister Niels Helveg Petersen said openly that Berisha should quit.</p>
<p>&quot;I'm sure that if President Berisha were to step down that would in some ways improve the situation in Albania,&quot; said Petersen, whose country holds the chairmanship of the 54-member Organisation for Security and Cooperation in Europe (OSCE).</p>
<p>A report for the OSCE by crisis mediator Franz Vranitzky said Berisha, all political parties and rebel committees share the same goal: the restoration of order and democracy and the holding of fresh elections.</p>
<p>But Dini said rebel representatives had told Vranitzky during talks on an Italian warship on Friday that while they supported Fino's government they wanted Berisha to go.</p>
<p>&quot;The (rebel) committees said that they will hand in their weapons only after Berisha has resigned,&quot; he said.</p>
<p>Berisha, whose Democratic Party won a landslide in elections last year which international observers said were deeply flawed, has given no indication that he intends to resign.</p>
<p>His re-election to a second five-year term by parliament went ahead on March 3 as armed unrest sparked by the collapse of shady pyramid savings schemes engulfed the south.</p>
<p>He initially refused to form a new coalition government in response to the uprising but bowed to international pressure last weekend by agreeing to a deal with opposition parties.</p>
<p>Fino's government is meant to lead the country to internationally supervised early elections by June.</p>
</text>
<copyright>(c) Reuters Limited 1997</copyright>
<metadata>
<codes class="bip:countries:1.0">
  <code code="ALB">
    <editdetail attribution="Reuters BIP Coding Group" action="confirmed" date="1997-03-15"/>
  </code>
  <code code="ITALY">
    <editdetail attribution="Reuters BIP Coding Group" action="confirmed" date="1997-03-15"/>
  </code>
</codes>
<codes class="bip:topics:1.0">
  <code code="GCAT">
    <editdetail attribution="Reuters BIP Coding Group" action="confirmed" date="1997-03-15"/>
  </code>
  <code code="GDIP">
    <editdetail attribution="Reuters BIP Coding Group" action="confirmed" date="1997-03-15"/>
  </code>
</codes>
<dc element="dc.date.created" value="1997-03-15"/>
<dc element="dc.publisher" value="Reuters Holdings Plc"/>
<dc element="dc.date.published" value="1997-03-15"/>
<dc element="dc.source" value="Reuters"/>
<dc element="dc.creator.location" value="ROME"/>
<dc element="dc.creator.location.country.name" value="ITALY"/>
<dc element="dc.source" value="Reuters"/>
</metadata>
</newsitem>
