<?xml version="1.0" encoding="iso-8859-1" ?>
<newsitem itemid="445271" id="root" date="1997-03-15" xml:lang="en">
<title>GREECE: Greek ship blast kills two.</title>
<headline>Greek ship blast kills two.</headline>
<dateline>ATHENS 1997-03-15</dateline>
<text>
<p>A gas explosion ripped through a Greek ship in the Perama shipyard area west of Athens, killing two people and seriously injuring a number of others, police said.</p>
<p>They said the blast, which blew out windows in shops nearby, was caused by an accident during repair work on the ferry &quot;Evyenia&quot;.</p>
</text>
<copyright>(c) Reuters Limited 1997</copyright>
<metadata>
<codes class="bip:countries:1.0">
  <code code="GREECE">
    <editdetail attribution="Reuters BIP Coding Group" action="confirmed" date="1997-03-15"/>
  </code>
</codes>
<codes class="bip:topics:1.0">
  <code code="GCAT">
    <editdetail attribution="Reuters BIP Coding Group" action="confirmed" date="1997-03-15"/>
  </code>
  <code code="GDIS">
    <editdetail attribution="Reuters BIP Coding Group" action="confirmed" date="1997-03-15"/>
  </code>
</codes>
<dc element="dc.date.created" value="1997-03-15"/>
<dc element="dc.publisher" value="Reuters Holdings Plc"/>
<dc element="dc.date.published" value="1997-03-15"/>
<dc element="dc.source" value="Reuters"/>
<dc element="dc.creator.location" value="ATHENS"/>
<dc element="dc.creator.location.country.name" value="GREECE"/>
<dc element="dc.source" value="Reuters"/>
</metadata>
</newsitem>
