<?xml version="1.0" encoding="iso-8859-1" ?>
<newsitem itemid="445216" id="root" date="1997-03-15" xml:lang="en">
<title>USA: U.S. utilities may burn plutonium from bombs - paper.</title>
<headline>U.S. utilities may burn plutonium from bombs - paper.</headline>
<dateline>CHICAGO 1997-03-15</dateline>
<text>
<p>Two U.S. utilities may join with European nuclear plants in a project to burn plutonium harvested from surplus nuclear weapons in their nuclear generating plants, a newspaper reported on Saturday.</p>
<p>Northern Illinois' Unicom Corp. and North Carolina's Duke Power Co., which have the most nuclear plants among U.S. utilities, would join with the European facilities to form Project PEACE (Plutonium Excess Arms Converted to Electricity), the Chicago Sun-Times reported.</p>
<p>The newspaper, citing a report in the authoritative trade journal Energy Daily, called the plan the ultimate in &quot;beating swords into ploughshares.&quot;</p>
<p>A proposed test burn of plutonium would take place as early as 1999 as part of a two-pronged approach to deal with about 50 tonnes of highly radioactive plutonium taken from thousands of dismantled nuclear weapons. The surplus weapons would come from the U.S. and former Soviet Union stockpiles.</p>
<p>The other disposal plan calls for weapons-grade plutonium to be encased with radioactive waste in glass logs and buried, the Sun-Times' report said.</p>
<p>Some European reactors already use a fuel made from a combination of weapons-grade plutonium and uranium, but a U.S. plant to produce the mixture was years away, the report said.</p>
<p>The report also raised safety issues that could affect the plan, such as the possibility of transporting plutonium over long distances, making it vulnerable to a hijacking, and the question of disposing of the fuel that remains highly radioactive even after it is spent. It also questioned whether government subsidies provided to the utilities would provide an unfair competitive advantage to controversial nuclear power over other sources of electricity generation.</p>
<p>In addition, three of the six nuclear power plants operated by Unicom's Commonwealth Edison unit were on the Nuclear Regulatory Commission's &quot;watch list&quot; for various operating and maintenance shortcomings.</p>
<p>Commonwealth Edison could not be reached for comment.</p>
</text>
<copyright>(c) Reuters Limited 1997</copyright>
<metadata>
<codes class="bip:countries:1.0">
  <code code="USA">
    <editdetail attribution="Reuters BIP Coding Group" action="confirmed" date="1997-03-15"/>
  </code>
</codes>
<codes class="bip:industries:1.0">
  <code code="I16100">
    <editdetail attribution="Reuters BIP Coding Group" action="confirmed" date="1997-03-15"/>
  </code>
  <code code="I1610109">
    <editdetail attribution="Reuters BIP Coding Group" action="confirmed" date="1997-03-15"/>
  </code>
</codes>
<codes class="bip:topics:1.0">
  <code code="C21">
    <editdetail attribution="Reuters BIP Coding Group" action="confirmed" date="1997-03-15"/>
  </code>
  <code code="C24">
    <editdetail attribution="Reuters BIP Coding Group" action="confirmed" date="1997-03-15"/>
  </code>
  <code code="CCAT">
    <editdetail attribution="Reuters BIP Coding Group" action="confirmed" date="1997-03-15"/>
  </code>
  <code code="GCAT">
    <editdetail attribution="Reuters BIP Coding Group" action="confirmed" date="1997-03-15"/>
  </code>
  <code code="GDEF">
    <editdetail attribution="Reuters BIP Coding Group" action="confirmed" date="1997-03-15"/>
  </code>
</codes>
<dc element="dc.date.created" value="1997-03-15"/>
<dc element="dc.publisher" value="Reuters Holdings Plc"/>
<dc element="dc.date.published" value="1997-03-15"/>
<dc element="dc.source" value="Reuters"/>
<dc element="dc.creator.location" value="CHICAGO"/>
<dc element="dc.creator.location.country.name" value="USA"/>
<dc element="dc.source" value="Reuters"/>
</metadata>
</newsitem>
