<?xml version="1.0" encoding="iso-8859-1" ?>
<newsitem itemid="445289" id="root" date="1997-03-15" xml:lang="en">
<title>NETHERLANDS: Denmark says Albania's Berisha should stand down.</title>
<headline>Denmark says Albania's Berisha should stand down.</headline>
<dateline>APELDOORN, Netherlands 1997-03-15</dateline>
<text>
<p>Danish Foreign Minister Niels Helveg Petersen said on Saturday Albanian President Sali Berisha should stand down to help end the crisis which has erupted in the Balkan country.</p>
<p>&quot;I'm sure that if President Berisha were to step down that would in some ways improve the situation in Albania,&quot; he told reporters at the start of an informal meeting of EU foreign ministers in the Dutch country town of Apeldoorn.</p>
<p>Petersen, whose country currently holds the rotating chairmanship of the 54-member Organisation for Security and Cooperation in Europe (OSCE), said he personally backed the sending of a foreign intervention force to Albania, but he forecast disagreements at the EU meeting over how to respond to the crisis.</p>
<p>&quot;I'm in favour of the international community sending in some kind of force, with a manadate to be defined,&quot; he said, but added that he expected &quot;solid disagreement&quot; among the 15 EU countries on options for responding to the crisis.</p>
<p>The crisis in Albania and the country's call for help looked set to capture the agenda on Saturday at the EU meeting.</p>
<p>OSCE mediator Franz Vranitzky, a former Austrian chancellor who is reporting to Petersen, said on Friday that there was no alternative to foreign intervention to halt Albania's descent into chaos.</p>
<p>Officials said the EU ministers were likely to throw their support behind the mediation efforts of the OSCE.</p>
</text>
<copyright>(c) Reuters Limited 1997</copyright>
<metadata>
<codes class="bip:countries:1.0">
  <code code="ALB">
    <editdetail attribution="Reuters BIP Coding Group" action="confirmed" date="1997-03-15"/>
  </code>
  <code code="DEN">
    <editdetail attribution="Reuters BIP Coding Group" action="confirmed" date="1997-03-15"/>
  </code>
  <code code="EEC">
    <editdetail attribution="Reuters BIP Coding Group" action="confirmed" date="1997-03-15"/>
  </code>
  <code code="NETH">
    <editdetail attribution="Reuters BIP Coding Group" action="confirmed" date="1997-03-15"/>
  </code>
</codes>
<codes class="bip:topics:1.0">
  <code code="G15">
    <editdetail attribution="Reuters BIP Coding Group" action="confirmed" date="1997-03-15"/>
  </code>
  <code code="G158">
    <editdetail attribution="Reuters BIP Coding Group" action="confirmed" date="1997-03-15"/>
  </code>
  <code code="GCAT">
    <editdetail attribution="Reuters BIP Coding Group" action="confirmed" date="1997-03-15"/>
  </code>
  <code code="GDIP">
    <editdetail attribution="Reuters BIP Coding Group" action="confirmed" date="1997-03-15"/>
  </code>
</codes>
<dc element="dc.date.created" value="1997-03-15"/>
<dc element="dc.publisher" value="Reuters Holdings Plc"/>
<dc element="dc.date.published" value="1997-03-15"/>
<dc element="dc.source" value="Reuters"/>
<dc element="dc.creator.location" value="APELDOORN, Netherlands"/>
<dc element="dc.creator.location.country.name" value="NETHERLANDS"/>
<dc element="dc.source" value="Reuters"/>
</metadata>
</newsitem>
