<?xml version="1.0" encoding="iso-8859-1" ?>
<newsitem itemid="445266" id="root" date="1997-03-15" xml:lang="en">
<title>SWEDEN: Report shows bow visor cause of Estonia ferry - agency.</title>
<headline>Report shows bow visor cause of Estonia ferry - agency.</headline>
<dateline>STOCKHOLM 1997-03-15</dateline>
<text>
<p>The much-delayed official report into the sinking of the Estonia car ferry in 1994 will conclude that human error was not the main cause, the Estonian chairman of a three-nation commission into the accident was quoted on Saturday as saying.</p>
<p>Uno Laur told the Swedish news agency TT in an interview that the massive report into the accident, in which 852 people perished, would confirm a preliminary report's findings that poor design of the ferry's bow visor was at fault.</p>
<p>The visor, which lifts up and down to allow cars on and off, was ripped off the ship during a storm in the Baltic Sea as the ferry sailed from Tallinn to Stockholm.</p>
<p>Water flooded onto the ship's cavernous car deck, destabilising the vessel and sending it to the seabed. Only around 100 people survived the disaster. 500 of the dead were Swedes.</p>
<p>Laur said the mainly Estonian crew did not make any serious mistakes but were a few minutes slow in sounding emergency alarms.</p>
<p>The official report has been delayed several times and the commission -- made up of Estonian, Swedish and Finnish maritime officials -- has been riven by disputes.</p>
<p>The construction of the bow visor was deficient, the locks which attached it to the ship were too small and had not been repaired or changed since the ship left the shipyard in 1980, Laur said.</p>
<p>Laur said the report would also question why classification society Bureau Veritas did not report that Estonia's sister ship Diana II in 1993 had a serious incident with its ramp.</p>
<p>Laur was quoted as saying: &quot;It is not our business to criticise, we should only give the facts.&quot;</p>
<p>He said the crew may have been slow in sending a Mayday signal. &quot;But we still do not know what happened on the bridge,&quot; he said.</p>
<p>Although Estonian ship captain Arvo Andresen did not handle the Mayday signal and the contact with nearby ships, the commission has found that he was on the bridge at seven minutes past one a.m., about 40 minutes before Estonia sank, Laur said.</p>
<p>&quot;My personal view is that something very serious happened to the captain, an accident of some kind - he might have fallen on the bridge,&quot; Laur said.</p>
</text>
<copyright>(c) Reuters Limited 1997</copyright>
<metadata>
<codes class="bip:countries:1.0">
  <code code="ESTNIA">
    <editdetail attribution="Reuters BIP Coding Group" action="confirmed" date="1997-03-15"/>
  </code>
  <code code="SWED">
    <editdetail attribution="Reuters BIP Coding Group" action="confirmed" date="1997-03-15"/>
  </code>
</codes>
<codes class="bip:topics:1.0">
  <code code="GCAT">
    <editdetail attribution="Reuters BIP Coding Group" action="confirmed" date="1997-03-15"/>
  </code>
  <code code="GDIS">
    <editdetail attribution="Reuters BIP Coding Group" action="confirmed" date="1997-03-15"/>
  </code>
</codes>
<dc element="dc.date.created" value="1997-03-15"/>
<dc element="dc.publisher" value="Reuters Holdings Plc"/>
<dc element="dc.date.published" value="1997-03-15"/>
<dc element="dc.source" value="Reuters"/>
<dc element="dc.creator.location" value="STOCKHOLM"/>
<dc element="dc.creator.location.country.name" value="SWEDEN"/>
<dc element="dc.source" value="Reuters"/>
</metadata>
</newsitem>
