<?xml version="1.0" encoding="iso-8859-1" ?>
<newsitem itemid="445278" id="root" date="1997-03-15" xml:lang="en">
<title>GERMANY: Waigel says anxious to reach tax reform deal.</title>
<headline>Waigel says anxious to reach tax reform deal.</headline>
<dateline>FRANKFURT 1997-03-15</dateline>
<text>
<p>German Finance Minister Theo Waigel said he was anxious to resume talks on tax reforms with the opposition Social Democrats (SPD) and that the foundation of a compromise could be reached within weeks.</p>
<p>&quot;I am ready at any time to start negotiating on the basis of the bill that I have proposed,&quot; Waigel told the Bild newspaper's Saturday edition.</p>
<p>&quot;If the SPD is serious, we could have the cornerstone of an agreement within 14 days,&quot; he said. &quot;That would be a positive signal for the labour market.&quot;</p>
<p>Waigel on Friday unveiled his legislative proposals for corporate and income tax cuts of 30 billion marks to create new jobs by stimulating the German economy.</p>
<p>The SPD who want tax cuts to help ordinary workers, opposed Waigel's plan which they see as most benefitting the rich, and no date was set for the resumption of the talks.</p>
<p>Talks between the government and SPD broke up a week ago after the SPD quiet negotiations in sympathy with coal miners protesting government plans to cut coal subsidies.</p>
<p>--Frankfurt Newsroom + 49 69 756525</p>
</text>
<copyright>(c) Reuters Limited 1997</copyright>
<metadata>
<codes class="bip:countries:1.0">
  <code code="GFR">
    <editdetail attribution="Reuters BIP Coding Group" action="confirmed" date="1997-03-15"/>
  </code>
</codes>
<codes class="bip:topics:1.0">
  <code code="E21">
    <editdetail attribution="Reuters BIP Coding Group" action="confirmed" date="1997-03-15"/>
  </code>
  <code code="E211">
    <editdetail attribution="Reuters BIP Coding Group" action="confirmed" date="1997-03-15"/>
  </code>
  <code code="ECAT">
    <editdetail attribution="Reuters BIP Coding Group" action="confirmed" date="1997-03-15"/>
  </code>
  <code code="GCAT">
    <editdetail attribution="Reuters BIP Coding Group" action="confirmed" date="1997-03-15"/>
  </code>
  <code code="GPOL">
    <editdetail attribution="Reuters BIP Coding Group" action="confirmed" date="1997-03-15"/>
  </code>
</codes>
<dc element="dc.date.created" value="1997-03-15"/>
<dc element="dc.publisher" value="Reuters Holdings Plc"/>
<dc element="dc.date.published" value="1997-03-15"/>
<dc element="dc.source" value="Reuters"/>
<dc element="dc.creator.location" value="FRANKFURT"/>
<dc element="dc.creator.location.country.name" value="GERMANY"/>
<dc element="dc.source" value="Reuters"/>
</metadata>
</newsitem>
