<?xml version="1.0" encoding="iso-8859-1" ?>
<newsitem itemid="445280" id="root" date="1997-03-15" xml:lang="en">
<title>ITALY: Italy's Prodi sees March CPI below 2.4 percent.</title>
<headline>Italy's Prodi sees March CPI below 2.4 percent.</headline>
<dateline>ROME 1997-03-15</dateline>
<text>
<p>Prime Minister Romano Prodi said on Saturday that Italian consumer price inflation would fall to below 2.4 percent year-on-year in March despite an increase in the price of cars, the news agency ANSA reported.</p>
<p>It said Prodi made the forecast at a meeting of businessmen and trades unionists in the northern city of Brescia. Inflation rose 2.4 percent year-on-year in February and preliminary March figures from 11 sample cities are due on March 20 and 21.  </p>
<p>&quot;In the month of March we will be below that figure even though there has been a rise in the list prices of cars,&quot; Prodi told the meeting, organised by employers' group Confindustria.</p>
<p>Several automobile companies raised prices this month. FIAT,  the domestic market leader, added 1.6 percent to its list prices from March 3.</p>
<p>Italian inflation has fallen steadily over the past year and stood at 4.5 percent year-on-year in March 1996. Prodi's government has set a 1997 average inflation target of 2.5 percent.</p>
<p>The national statistics institute Istat is scheduled to release official CPI data for March on April 7.</p>
<p>--Rome newsroom +39 6 678 2505</p>
</text>
<copyright>(c) Reuters Limited 1997</copyright>
<metadata>
<codes class="bip:countries:1.0">
  <code code="ITALY">
    <editdetail attribution="Reuters BIP Coding Group" action="confirmed" date="1997-03-15"/>
  </code>
</codes>
<codes class="bip:topics:1.0">
  <code code="E13">
    <editdetail attribution="Reuters BIP Coding Group" action="confirmed" date="1997-03-15"/>
  </code>
  <code code="E131">
    <editdetail attribution="Reuters BIP Coding Group" action="confirmed" date="1997-03-15"/>
  </code>
  <code code="ECAT">
    <editdetail attribution="Reuters BIP Coding Group" action="confirmed" date="1997-03-15"/>
  </code>
</codes>
<dc element="dc.date.created" value="1997-03-15"/>
<dc element="dc.publisher" value="Reuters Holdings Plc"/>
<dc element="dc.date.published" value="1997-03-15"/>
<dc element="dc.source" value="Reuters"/>
<dc element="dc.creator.location" value="ROME"/>
<dc element="dc.creator.location.country.name" value="ITALY"/>
<dc element="dc.source" value="Reuters"/>
</metadata>
</newsitem>
