<?xml version="1.0" encoding="iso-8859-1" ?>
<newsitem itemid="445311" id="root" date="1997-03-15" xml:lang="en">
<title>INDIA: INDIA GOVERNMENT SECURITIES - March 15.</title>
<headline>INDIA GOVERNMENT SECURITIES - March 15.</headline>
<text>
<p>Government	Indicative    Coupon	  Yield to   Year</p>
<p> Securities	Market Price  Dates		Mat     to</p>
<p>			(Range)			  Apprx pct  Mat.</p>
<p>  13.25% 1997     101.30/35  Jan  14/Jun 14    --.--    0.33</p>
<p>  13.50% 1997     101.35/40  Mar   1/Sep  1    --.--    0.46</p>
<p>  13.50% 1998     103.07/15  Apr  18/Oct 18    --.--    1.09</p>
<p>  13.62% 1998     102.65/70  Jan  31/Jul 31    --.--    1.38</p>
<p>  13.65% 1998     102.42/50  Feb  18/Aug 18    --.--    1.43</p>
<p>  00.00% 1999	79.80/87  -------------     --.--    1.85</p>
<p>  12.00% 1999	99.90/95  Apr   7/Oct  7    --.--    2.06</p>
<p>  13.70% 1999     102.80/90  Jun   6/Dec  6    --.--    2.23</p>
<p>  13.65% 1999     102.20/30  Aug   7/Feb  7    --.--    1.90</p>
<p>  13.40% 1999     101.98/05  Dec  24/Jun 24    --.--    2.78</p>
<p>  00.00% 2000(III) 65.12/18  -------------     --.--    3.33</p>
<p>  13.85% 2000     102.48/58  Jun  27/Dec 27    --.--    3.79</p>
<p>  11.75% 2001	94.85/95</p>
<p>  13.85% 2001     103.45/65</p>
<p>  12.50% 2004	96.50/60  Mar  23/Sep 23    --.--    7.03</p>
<p>  14.00% 2006     103.55/65  Sep  25/Mar 25    --.--    9.03</p>
<p>  13.65% 2007     100.35/45  Feb  21/Aug 21    --.--    9.94</p>
<p>* Note: These rates are based on a consensus of rates being</p>
<p>offered by leading banks, corporates. # To contribute to this daily composite rate, please telephone</p>
<p>Money Desk on (022) 265-9000.</p>
<p>Mat - Maturity</p>
</text>
<copyright>(c) Reuters Limited 1997</copyright>
<metadata>
<codes class="bip:countries:1.0">
  <code code="INDIA">
    <editdetail attribution="Reuters BIP Coding Group" action="confirmed" date="1997-03-15"/>
  </code>
</codes>
<codes class="bip:topics:1.0">
  <code code="M12">
    <editdetail attribution="Reuters BIP Coding Group" action="confirmed" date="1997-03-15"/>
  </code>
  <code code="M13">
    <editdetail attribution="Reuters BIP Coding Group" action="confirmed" date="1997-03-15"/>
  </code>
  <code code="M131">
    <editdetail attribution="Reuters BIP Coding Group" action="confirmed" date="1997-03-15"/>
  </code>
  <code code="MCAT">
    <editdetail attribution="Reuters BIP Coding Group" action="confirmed" date="1997-03-15"/>
  </code>
</codes>
<dc element="dc.publisher" value="Reuters Holdings Plc"/>
<dc element="dc.date.published" value="1997-03-15"/>
<dc element="dc.source" value="Reuters"/>
<dc element="dc.creator.location.country.name" value="INDIA"/>
<dc element="dc.source" value="Reuters"/>
</metadata>
</newsitem>
