<?xml version="1.0" encoding="iso-8859-1" ?>
<newsitem itemid="445330" id="root" date="1997-03-15" xml:lang="en">
<title>INDIA: India repos auction cut-off rate steady at 5.0 pct.</title>
<headline>India repos auction cut-off rate steady at 5.0 pct.</headline>
<dateline>BOMBAY 1997-03-15</dateline>
<text>
<p>The Reserve Bank of India (RBI) said on Saturday it maintained the cut-off rate at 5.0 percent at its four-day auction of government of India securities.</p>
<p>The RBI said it received nine bids for 18.3 billion rupees of which it accepted six for 16.05 billion.</p>
<p>The weighted-average cut-off rate was 5.0 percent, it said.</p>
<p>-- Bombay newsroom +91-22-265 9000</p>
</text>
<copyright>(c) Reuters Limited 1997</copyright>
<metadata>
<codes class="bip:countries:1.0">
  <code code="INDIA">
    <editdetail attribution="Reuters BIP Coding Group" action="confirmed" date="1997-03-15"/>
  </code>
</codes>
<codes class="bip:topics:1.0">
  <code code="M13">
    <editdetail attribution="Reuters BIP Coding Group" action="confirmed" date="1997-03-15"/>
  </code>
  <code code="M131">
    <editdetail attribution="Reuters BIP Coding Group" action="confirmed" date="1997-03-15"/>
  </code>
  <code code="MCAT">
    <editdetail attribution="Reuters BIP Coding Group" action="confirmed" date="1997-03-15"/>
  </code>
</codes>
<dc element="dc.date.created" value="1997-03-15"/>
<dc element="dc.publisher" value="Reuters Holdings Plc"/>
<dc element="dc.date.published" value="1997-03-15"/>
<dc element="dc.source" value="Reuters"/>
<dc element="dc.creator.location" value="BOMBAY"/>
<dc element="dc.creator.location.country.name" value="INDIA"/>
<dc element="dc.source" value="Reuters"/>
</metadata>
</newsitem>
